dataset,model,num_layers,hidden_dim,lr,split,best_step,train_metric_name,train_metric,train_acc,train_loss,train_roc_auc,train_f1_macro,train_f1_weighted,train_prec_macro,train_rec_macro,val_metric_name,val_metric,val_acc,val_loss,val_roc_auc,val_f1_macro,val_f1_weighted,val_prec_macro,val_rec_macro,test_metric_name,test_metric,test_acc,test_loss,test_roc_auc,test_f1_macro,test_f1_weighted,test_prec_macro,test_rec_macro
roman-empire,ResNet,1,512,3e-05,0,700,acc,0.7416821122169495,0.7416821122169495,0.7430654764175415,,0.6535701760458397,0.7273821054727989,0.6920494339410399,0.6702014937325642,acc,0.6529567241668701,0.6529567241668701,1.1663715839385986,,0.5412605191872362,0.6323074699948339,0.5506654516322483,0.5674620188335031,acc,0.6553123593330383,0.6553123593330383,1.1396825313568115,,0.5363944336811115,0.6333507484254821,0.531462293646596,0.5686732767311435
roman-empire,ResNet,1,512,3e-05,1,610,acc,0.7253552079200745,0.7253552079200745,0.7910003066062927,,0.6188096780639376,0.7050567163833721,0.6951960539558871,0.6201061115753141,acc,0.6647837162017822,0.6647837162017822,1.1027799844741821,,0.5398721640091669,0.6392477861155942,0.5622602008197718,0.5560689203033532,acc,0.6643134355545044,0.6643134355545044,1.0978538990020752,,0.5353320500900866,0.636682492977313,0.5432822757864617,0.551342277665754
roman-empire,ResNet,1,512,3e-05,2,630,acc,0.7351513504981995,0.7351513504981995,0.7673411965370178,,0.6356098114399142,0.7170997667173866,0.7002712929825434,0.635895906327867,acc,0.6527802348136902,0.6527802348136902,1.1495468616485596,,0.5288886144702487,0.627725081255646,0.5421675292248548,0.5410519168686956,acc,0.6547828912734985,0.6547828912734985,1.1098967790603638,,0.5267688684867733,0.6294709686901754,0.54397420640801,0.5373194166257188
roman-empire,ResNet,1,512,3e-05,3,600,acc,0.7283558249473572,0.7283558249473572,0.7928149104118347,,0.6238185649538686,0.7076197028755259,0.6999259920297528,0.6226126975694257,acc,0.654898464679718,0.654898464679718,1.1167458295822144,,0.5299420718125916,0.6287659632334829,0.550457872036382,0.5380118831290198,acc,0.6625485420227051,0.6625485420227051,1.08870530128479,,0.5411864217341192,0.6376693240143476,0.5864292846570374,0.5480588573381395
roman-empire,ResNet,1,512,3e-05,4,750,acc,0.7559791803359985,0.7559791803359985,0.6945110559463501,,0.6691792276698062,0.7425611820014557,0.7185200302325239,0.6644561531578391,acc,0.6559576392173767,0.6559576392173767,1.154157042503357,,0.5388998260773267,0.6353647125910337,0.5548566245587829,0.5494307559445869,acc,0.6509000658988953,0.6509000658988953,1.1726833581924438,,0.5408747134170075,0.6307628997518427,0.5502970492566743,0.5533787867921093
roman-empire,ResNet,1,512,3e-05,5,660,acc,0.7323272824287415,0.7323272824287415,0.7692436575889587,,0.6410446616164561,0.7146639171384983,0.704086372602089,0.6388654164273045,acc,0.6582524180412292,0.6582524180412292,1.1174050569534302,,0.5307270621212696,0.6336424177780093,0.5494572488563849,0.5419553072991143,acc,0.665372371673584,0.665372371673584,1.0710252523422241,,0.5471981481326003,0.6431642374252543,0.5599418932317155,0.5591347351781578
roman-empire,ResNet,1,512,3e-05,6,610,acc,0.7323272824287415,0.7323272824287415,0.7759941816329956,,0.6324446908995183,0.7137897647289642,0.7024295651499661,0.6333328996938785,acc,0.6559576392173767,0.6559576392173767,1.1103333234786987,,0.5262772492825255,0.6327471646311976,0.5379069134099823,0.5387727588050096,acc,0.6590186953544617,0.6590186953544617,1.1276676654815674,,0.5342594540600148,0.6351103332728993,0.5471773938944863,0.5482828612116311
roman-empire,ResNet,1,512,3e-05,7,540,acc,0.7222663760185242,0.7222663760185242,0.8262420296669006,,0.6099012537814069,0.6978560559949308,0.6931034530602153,0.6106858224327449,acc,0.6513680219650269,0.6513680219650269,1.109851360321045,,0.5174899328250124,0.6221714098646836,0.542444870699321,0.5279622675659671,acc,0.6618425250053406,0.6618425250053406,1.1153788566589355,,0.5294812218976783,0.6314445249746798,0.5578607601171091,0.5390847005102412
roman-empire,ResNet,1,512,3e-05,8,370,acc,0.695084273815155,0.695084273815155,0.9174010753631592,,0.5671545412117305,0.6677074002639584,0.6326552322393202,0.5710142470651314,acc,0.6559576392173767,0.6559576392173767,1.103552222251892,,0.5143444108867028,0.6228543097076075,0.5441816011038839,0.5274582977219917,acc,0.6583127379417419,0.6583127379417419,1.0891469717025757,,0.5234640556655502,0.6279176638755176,0.5460645017548994,0.5370932596395154
roman-empire,ResNet,1,512,3e-05,9,700,acc,0.7461830377578735,0.7461830377578735,0.727266788482666,,0.6569161088979227,0.730726727671366,0.7003498665922591,0.6614433512001824,acc,0.6559576392173767,0.6559576392173767,1.1592340469360352,,0.5376858956792897,0.6330579433010357,0.5565044854003706,0.5510415632152839,acc,0.6438404321670532,0.6438404321670532,1.168331503868103,,0.5227766962697752,0.6206917373862311,0.5277837515518828,0.5409868802332776
roman-empire,ResNet,2,512,3e-05,0,440,acc,0.7127349972724915,0.7127349972724915,0.8428925275802612,,0.6034303864659148,0.6912827667904211,0.6657941822633778,0.6286436128538998,acc,0.654898464679718,0.654898464679718,1.1236436367034912,,0.5283616465226006,0.6277620022707829,0.5456461489729688,0.5608435933471511,acc,0.6546064019203186,0.6546064019203186,1.103302240371704,,0.528354143265109,0.6276672498912551,0.5324915567305908,0.5644203626428178
roman-empire,ResNet,2,512,3e-05,1,440,acc,0.7122937440872192,0.7122937440872192,0.8441916108131409,,0.5950621218721267,0.6894063287434968,0.6924788493534288,0.6018116634971474,acc,0.6614298224449158,0.6614298224449158,1.0923975706100464,,0.5331265012087921,0.6346299390621355,0.5531848093371123,0.5524243257436326,acc,0.6634309887886047,0.6634309887886047,1.0798206329345703,,0.5326618986034011,0.6349885035782966,0.5429506216919212,0.5494705678915266
roman-empire,ResNet,2,512,3e-05,2,360,acc,0.7035566568374634,0.7035566568374634,0.8779560327529907,,0.5869080267218344,0.6791984491593277,0.6263124769528289,0.5978330059727204,acc,0.6552515029907227,0.6552515029907227,1.121988296508789,,0.5243833352262642,0.6256675668636053,0.5478103972337465,0.5410570617506092,acc,0.6574302911758423,0.6574302911758423,1.0926069021224976,,0.5237187469150558,0.6279682180584987,0.5418945797929436,0.5400028657873759
roman-empire,ResNet,2,512,3e-05,3,650,acc,0.7535080909729004,0.7535080909729004,0.7076585292816162,,0.6649006332137163,0.7400560943346711,0.7217483448410119,0.6627008218774186,acc,0.6538393497467041,0.6538393497467041,1.173711895942688,,0.5376415738184994,0.6328660764764948,0.5502308705494718,0.5489538136973048,acc,0.6609600782394409,0.6609600782394409,1.1292144060134888,,0.5470902292261146,0.6406207803866963,0.5636961713973946,0.5604711574702609
roman-empire,ResNet,2,512,3e-05,4,480,acc,0.7248257398605347,0.7248257398605347,0.801040768623352,,0.6155248617665285,0.7054700978397784,0.6748385993837317,0.6184473790661841,acc,0.6554280519485474,0.6554280519485474,1.1138275861740112,,0.5327269107746828,0.6311867678514745,0.5554557691183333,0.5462366313511574,acc,0.653723955154419,0.653723955154419,1.1383113861083984,,0.5343366289165317,0.6296849411342437,0.548020013087651,0.5497489215412389
roman-empire,ResNet,2,512,3e-05,5,560,acc,0.7264142632484436,0.7264142632484436,0.7831690907478333,,0.6316078648180157,0.7063369217869621,0.6988320378072732,0.6324168950029214,acc,0.6580758690834045,0.6580758690834045,1.1176222562789917,,0.5340141035017475,0.6312219524526463,0.5674784000965115,0.5471022543900317,acc,0.6609600782394409,0.6609600782394409,1.0797010660171509,,0.5432800732126807,0.6351999571860165,0.569125032131613,0.5596927862155376
roman-empire,ResNet,2,512,3e-05,6,480,acc,0.721207320690155,0.721207320690155,0.8103926777839661,,0.6123528335332602,0.7006145184301793,0.697233999645989,0.617623961810379,acc,0.6573697924613953,0.6573697924613953,1.0953370332717896,,0.5316055958880108,0.6340019663215167,0.5512504445925427,0.545355251184943,acc,0.6560183167457581,0.6560183167457581,1.1151052713394165,,0.5346892462863121,0.6317554094540625,0.5518893113430929,0.5492659600196521
roman-empire,ResNet,2,512,3e-05,7,490,acc,0.7288853526115417,0.7288853526115417,0.8021595478057861,,0.6236102219756675,0.7066949338441252,0.6786484600522312,0.6287754266254508,acc,0.6526036858558655,0.6526036858558655,1.1218130588531494,,0.5246511143402495,0.6258963015282714,0.5448835802694846,0.5369000206731064,acc,0.6614895462989807,0.6614895462989807,1.1292990446090698,,0.5312901899498137,0.6337200895294396,0.5528672857508252,0.5439493585084959
roman-empire,ResNet,2,512,3e-05,8,270,acc,0.6889065504074097,0.6889065504074097,0.9580159187316895,,0.559482634589598,0.6591205742819082,0.6101932752229131,0.569114544611375,acc,0.6531332731246948,0.6531332731246948,1.1162935495376587,,0.5099755581471079,0.6176536484441837,0.5253685304479009,0.528854923195049,acc,0.6602541208267212,0.6602541208267212,1.1069972515106201,,0.5221741731692413,0.6268467097821958,0.5425645988336217,0.5403276924483662
roman-empire,ResNet,2,512,3e-05,9,460,acc,0.71811842918396,0.71811842918396,0.8236331939697266,,0.6136922032090442,0.6942614947283914,0.6767813884534125,0.6238246583198911,acc,0.6563106775283813,0.6563106775283813,1.122693657875061,,0.5310727963083816,0.626588157971608,0.5537730411082292,0.5482977636556052,acc,0.6510765552520752,0.6510765552520752,1.143061637878418,,0.5204738771328064,0.6201510644260694,0.5350426312134897,0.5431973732540272
roman-empire,ResNet,3,512,3e-05,0,440,acc,0.7170594334602356,0.7170594334602356,0.8213343024253845,,0.6172542198974315,0.6985929803088381,0.6752208632051138,0.642733375852353,acc,0.655781090259552,0.655781090259552,1.1201967000961304,,0.5363634337489711,0.6312848526210084,0.5403288435180231,0.5695571222455591,acc,0.656194806098938,0.656194806098938,1.1033148765563965,,0.5357779525154399,0.6324707072301105,0.5470309194665697,0.571769787105803
roman-empire,ResNet,3,512,3e-05,1,450,acc,0.7137940526008606,0.7137940526008606,0.8237419724464417,,0.598150687369656,0.6893529547340973,0.6918674753503893,0.6088757532918672,acc,0.6610767841339111,0.6610767841339111,1.0901840925216675,,0.5318519668226783,0.6327876490861926,0.5518787183141909,0.5533223485213573,acc,0.6644899249076843,0.6644899249076843,1.0823063850402832,,0.536984136406186,0.6355756545735805,0.596659058340388,0.5564296254411949
roman-empire,ResNet,3,512,3e-05,2,380,acc,0.7119407057762146,0.7119407057762146,0.8491672277450562,,0.5983965072311622,0.6912163947768355,0.6323236417094434,0.6098581689872439,acc,0.6531332731246948,0.6531332731246948,1.1314860582351685,,0.5268249061977853,0.6281842777172715,0.542854956066345,0.5439037053020429,acc,0.6576067805290222,0.6576067805290222,1.0901110172271729,,0.527226486650519,0.6321180980826708,0.5415471807421831,0.5434126049561502
roman-empire,ResNet,3,512,3e-05,3,500,acc,0.7293266654014587,0.7293266654014587,0.7871037125587463,,0.6284247568723651,0.7112215352791204,0.6850424878904329,0.6346967615635464,acc,0.654898464679718,0.654898464679718,1.1232160329818726,,0.5314446679952444,0.6308065124148499,0.5410730617676942,0.5484379768622734,acc,0.6625485420227051,0.6625485420227051,1.0926626920700073,,0.5416393181734805,0.639575155223693,0.5705615358395231,0.5568997294108986
roman-empire,ResNet,3,512,3e-05,4,580,acc,0.7427411675453186,0.7427411675453186,0.7328061461448669,,0.6495347284433918,0.7279712877492175,0.6952386318186389,0.6510488037703174,acc,0.6586054563522339,0.6586054563522339,1.1291440725326538,,0.541971580789088,0.6369051291180348,0.5602566901456223,0.5550871608456431,acc,0.6570773124694824,0.6570773124694824,1.1516371965408325,,0.5477108537966442,0.6360231211964976,0.5608591266652401,0.5616339444610711
roman-empire,ResNet,3,512,3e-05,5,310,acc,0.6856411695480347,0.6856411695480347,0.9248918294906616,,0.570396093147484,0.656437093261461,0.661591801526741,0.5940348707219254,acc,0.6527802348136902,0.6527802348136902,1.096462368965149,,0.5232753924146681,0.620061885499197,0.5587573341034328,0.5567211485722745,acc,0.6524885296821594,0.6524885296821594,1.0602411031723022,,0.5234628957143355,0.6202410958856851,0.533344740039702,0.5582354204018655
roman-empire,ResNet,3,512,3e-05,6,410,acc,0.7090283632278442,0.7090283632278442,0.8464999794960022,,0.5850848125280759,0.6830912765089329,0.6677154825762642,0.599716408127182,acc,0.6564871668815613,0.6564871668815613,1.0798168182373047,,0.5218714128027303,0.627967448921561,0.5343592279852465,0.5432958017162314,acc,0.6530179977416992,0.6530179977416992,1.1017427444458008,,0.5219519341437978,0.6243381936072784,0.5400381567504522,0.5430729970428847
roman-empire,ResNet,3,512,3e-05,7,440,acc,0.7242962121963501,0.7242962121963501,0.8223510384559631,,0.6128818243604313,0.700545551487486,0.7111874030869942,0.620577178622898,acc,0.6503089070320129,0.6503089070320129,1.1126554012298584,,0.5179339090359867,0.6205915502175813,0.5349943029321733,0.5349126832089557,acc,0.6616660356521606,0.6616660356521606,1.1123043298721313,,0.5302428317342517,0.6317842213054836,0.5516020912460956,0.5455507079998201
roman-empire,ResNet,3,512,3e-05,8,440,acc,0.7174124121665955,0.7174124121665955,0.8276565670967102,,0.6027653694193775,0.6955951815250068,0.6330004529412819,0.6170355980084137,acc,0.6564871668815613,0.6564871668815613,1.119265079498291,,0.5184471434055391,0.6284075701589076,0.5315145440699703,0.5410171488225759,acc,0.662725031375885,0.662725031375885,1.103405237197876,,0.5342155582310619,0.6379985971897072,0.5359241704283614,0.5574825542368236
roman-empire,ResNet,3,512,3e-05,9,470,acc,0.726326048374176,0.726326048374176,0.8009161949157715,,0.625632408441313,0.7072756606273326,0.6793305986025723,0.6333909747712088,acc,0.6619594097137451,0.6619594097137451,1.1096551418304443,,0.5348699829889523,0.6367365671774926,0.551036141166531,0.5510851982646188,acc,0.6528415083885193,0.6528415083885193,1.1274148225784302,,0.5306526552852497,0.6272490474922899,0.5440993440384899,0.549775306497411
roman-empire,ResNet,4,512,3e-05,0,370,acc,0.7077045440673828,0.7077045440673828,0.8624178767204285,,0.5966378383545512,0.686332537729363,0.6182337719077642,0.62424942815195,acc,0.6547219753265381,0.6547219753265381,1.1052582263946533,,0.5345068693606333,0.630011496313144,0.5474497111423612,0.5661386596502251,acc,0.6572538018226624,0.6572538018226624,1.0911177396774292,,0.5327442162175288,0.6312176516247561,0.5284431054095189,0.5696256851893531
roman-empire,ResNet,4,512,3e-05,1,400,acc,0.7070867419242859,0.7070867419242859,0.8391135931015015,,0.5924672955892413,0.6830756147795118,0.6650064786358266,0.6013552414819715,acc,0.6596645712852478,0.6596645712852478,1.0730928182601929,,0.5351868599208166,0.6322315563790485,0.5775418769892178,0.5549195936560763,acc,0.6639604568481445,0.6639604568481445,1.0590027570724487,,0.5395863419480136,0.6370261335786771,0.5766947724575622,0.5560980087631687
roman-empire,ResNet,4,512,3e-05,2,390,acc,0.7144117951393127,0.7144117951393127,0.8376592993736267,,0.6099109754358417,0.695210713720851,0.6852359568526115,0.6208472828375308,acc,0.6529567241668701,0.6529567241668701,1.1236273050308228,,0.5327224595489799,0.6298708112154656,0.5469779380350233,0.5482831755204693,acc,0.6569007635116577,0.6569007635116577,1.085200309753418,,0.5312084638475126,0.6330032247192802,0.5403905705395132,0.5481387624893784
roman-empire,ResNet,4,512,3e-05,3,300,acc,0.6901420950889587,0.6901420950889587,0.9210032224655151,,0.5511924765118437,0.6562633484338113,0.591359157902796,0.5674120045461696,acc,0.6541923880577087,0.6541923880577087,1.0944631099700928,,0.517273849144789,0.6183689294413777,0.5531936559170838,0.5334740036416218,acc,0.6579597592353821,0.6579597592353821,1.0837960243225098,,0.5188538883643152,0.6245387943854159,0.5448412937641504,0.5371112893492986
roman-empire,ResNet,4,512,3e-05,4,500,acc,0.7319742441177368,0.7319742441177368,0.7679729461669922,,0.6314232994065114,0.7153623470651694,0.6870260233195075,0.633641204227001,acc,0.6556046009063721,0.6556046009063721,1.108184814453125,,0.5364398608329081,0.6327521569696718,0.5527909726430895,0.5511939276825664,acc,0.6577832698822021,0.6577832698822021,1.1280241012573242,,0.5443066066290005,0.6365737201202002,0.5584630420637634,0.5591612109165254
roman-empire,ResNet,4,512,3e-05,5,360,acc,0.6958785653114319,0.6958785653114319,0.877954363822937,,0.5807496653789264,0.668469543021914,0.6768682335423635,0.5862742352539363,acc,0.6580758690834045,0.6580758690834045,1.0843654870986938,,0.5232447803814891,0.6246641973425482,0.5438181538457967,0.540173620654998,acc,0.6609600782394409,0.6609600782394409,1.0478395223617554,,0.5316932251457009,0.628954799481199,0.5564367650781578,0.547658971747941
roman-empire,ResNet,4,512,3e-05,6,430,acc,0.7149413228034973,0.7149413228034973,0.8181887865066528,,0.6015074232531261,0.6938388691902404,0.668653115951178,0.6170518542302881,acc,0.6563106775283813,0.6563106775283813,1.0745280981063843,,0.5262399047226191,0.6323884377078428,0.5322953060317965,0.5473988971332004,acc,0.6554888486862183,0.6554888486862183,1.1029894351959229,,0.527711989335481,0.6302087188704847,0.5375719131277537,0.5516611981241901
roman-empire,ResNet,4,512,3e-05,7,490,acc,0.7323272824287415,0.7323272824287415,0.7851303815841675,,0.6229355758173857,0.7116408956499575,0.6506785317536646,0.6374972895302852,acc,0.6513680219650269,0.6513680219650269,1.1080451011657715,,0.5184067292552016,0.6254031686070464,0.5281947848638964,0.5401534557445351,acc,0.6565477848052979,0.6565477848052979,1.1150225400924683,,0.5264540016211678,0.6308470061550882,0.5378567291546541,0.5465022162674468
roman-empire,ResNet,4,512,3e-05,8,340,acc,0.7024093270301819,0.7024093270301819,0.8852149844169617,,0.58143265916832,0.6779129177761486,0.6199533385067714,0.5962353579365819,acc,0.65754634141922,0.65754634141922,1.0995348691940308,,0.5227849738937921,0.6295708102483303,0.5398509361402379,0.5421006457634105,acc,0.6590186953544617,0.6590186953544617,1.0948582887649536,,0.5279588528027903,0.6324918364093691,0.536564884558554,0.5508716970241817
roman-empire,ResNet,4,512,3e-05,9,370,acc,0.7061159610748291,0.7061159610748291,0.8560802936553955,,0.5870165433795355,0.6790835104103384,0.6634589710294492,0.5992328694749184,acc,0.6586054563522339,0.6586054563522339,1.0967592000961304,,0.5262298548041282,0.6265061946579552,0.5587350955653814,0.5444986434577372,acc,0.6524885296821594,0.6524885296821594,1.1109246015548706,,0.5159727911425367,0.6179091890455017,0.5387087293144907,0.5401201565936302
roman-empire,ResNet,5,512,3e-05,0,340,acc,0.6998499631881714,0.6998499631881714,0.8766965270042419,,0.5798092259058792,0.6760382152059388,0.66973920288567,0.6132347478337584,acc,0.6508384943008423,0.6508384943008423,1.098734736442566,,0.5241445321648147,0.6237694685171095,0.5376511653795986,0.5598700901967875,acc,0.6595481634140015,0.6595481634140015,1.082204818725586,,0.5327154539809099,0.6326933149654067,0.5284940924709427,0.5718900975895288
roman-empire,ResNet,5,512,3e-05,1,430,acc,0.713441014289856,0.713441014289856,0.8227989673614502,,0.6003444720639622,0.6917925617463995,0.6694797308108617,0.6121278664339442,acc,0.6603707075119019,0.6603707075119019,1.0806158781051636,,0.5364071494216001,0.6340485237433668,0.5512676922297989,0.5580346370809482,acc,0.6637839674949646,0.6637839674949646,1.0696183443069458,,0.5394187503505724,0.6382049582344683,0.5461786867680011,0.5590889282595539
roman-empire,ResNet,5,512,3e-05,2,350,acc,0.7040861248970032,0.7040861248970032,0.8653264045715332,,0.5934531059447818,0.683673944982247,0.6137440568400055,0.6071006509865406,acc,0.6538393497467041,0.6538393497467041,1.1193619966506958,,0.5294511709340463,0.6295962927588653,0.5418011029015612,0.5486808331274794,acc,0.656194806098938,0.656194806098938,1.0845948457717896,,0.5326678082942283,0.632273607144744,0.5462219256907219,0.5494280152224866
roman-empire,ResNet,5,512,3e-05,3,480,acc,0.7257965207099915,0.7257965207099915,0.7913944125175476,,0.617743484844677,0.7073681600971574,0.6656627044988599,0.6271589591374309,acc,0.655781090259552,0.655781090259552,1.1046905517578125,,0.5348048456378907,0.6319701911998438,0.5431758467059394,0.5524010569154848,acc,0.6613130569458008,0.6613130569458008,1.0843409299850464,,0.5429603504128485,0.6387437161638817,0.5644942314317296,0.5608992617147689
roman-empire,ResNet,5,512,3e-05,4,460,acc,0.7252669930458069,0.7252669930458069,0.7921093106269836,,0.6154616796444978,0.7063986698648904,0.6788912317583202,0.6205198386008762,acc,0.6593115329742432,0.6593115329742432,1.0906431674957275,,0.5376217536285846,0.6348833425880035,0.5497034258808705,0.5523715846572688,acc,0.6567242741584778,0.6567242741584778,1.10995614528656,,0.5417236350321832,0.634924354520771,0.5653604156550422,0.555785821342021
roman-empire,ResNet,5,512,3e-05,5,490,acc,0.7253552079200745,0.7253552079200745,0.7750126123428345,,0.6335150203882791,0.7072121156081631,0.6962752555061597,0.6333609051895864,acc,0.6586054563522339,0.6586054563522339,1.103514313697815,,0.535571918841716,0.6331699277117623,0.560739659725233,0.5479586253975468,acc,0.6623720526695251,0.6623720526695251,1.0568379163742065,,0.5466787042537783,0.63811150170996,0.5582045767307513,0.5625779904443404
roman-empire,ResNet,5,512,3e-05,6,570,acc,0.7432706952095032,0.7432706952095032,0.7227957844734192,,0.6492080331542472,0.72771916880092,0.6996970707923651,0.6576668292550786,acc,0.6541923880577087,0.6541923880577087,1.1078121662139893,,0.5346379679897343,0.6346093249757707,0.5430482622661316,0.551968206477494,acc,0.6523120403289795,0.6523120403289795,1.135154366493225,,0.5333027795339259,0.6307478423573689,0.5404691499533643,0.552527970002846
roman-empire,ResNet,5,512,3e-05,7,420,acc,0.7203248143196106,0.7203248143196106,0.8264567852020264,,0.606141577904397,0.6976728487982641,0.6349067188433425,0.6237817163506163,acc,0.6511915326118469,0.6511915326118469,1.1017975807189941,,0.5191319545186884,0.6248673128939768,0.5311372176938494,0.5431832566863729,acc,0.6574302911758423,0.6574302911758423,1.1015260219573975,,0.5264050969648175,0.6301206171234017,0.5389656955693526,0.5488515422914246
roman-empire,ResNet,5,512,3e-05,8,440,acc,0.7195305228233337,0.7195305228233337,0.8161807060241699,,0.6071358583355413,0.6987625217963427,0.6317512681677917,0.6239044273904196,acc,0.6520740985870361,0.6520740985870361,1.1140186786651611,,0.5179112214404182,0.6261793606886329,0.5283049817623499,0.5413417079433863,acc,0.6625485420227051,0.6625485420227051,1.091962456703186,,0.5378360470350223,0.6397441302284551,0.5402282874832962,0.5635830549115932
roman-empire,ResNet,5,512,3e-05,9,390,acc,0.712028980255127,0.712028980255127,0.835263729095459,,0.5974196293853318,0.6866179103795687,0.6637028626270792,0.6102167150575423,acc,0.6568402051925659,0.6568402051925659,1.0955369472503662,,0.5254109244110348,0.6254678925813099,0.5540933660075507,0.5443396624433866,acc,0.6521355509757996,0.6521355509757996,1.1073232889175415,,0.521278455648729,0.6192002192019374,0.545732795746593,0.5446919231117126
roman-empire,GCN,1,512,3e-05,0,1040,acc,0.9263083934783936,0.9263083934783936,0.23738326132297516,,0.9126336431711235,0.9251194750396968,0.9258402147814446,0.9034887381250916,acc,0.7429832220077515,0.7429832220077515,0.94513338804245,,0.6756449174152401,0.7361681059113961,0.6986895561347866,0.6689969679605656,acc,0.7310271859169006,0.7310271859169006,0.9568535685539246,,0.6563456858022367,0.725578321663927,0.6685383132460754,0.656112732725773
roman-empire,GCN,1,512,3e-05,1,1030,acc,0.9151884317398071,0.9151884317398071,0.2557711601257324,,0.8988149512619081,0.9135759834127601,0.9174018807871166,0.8878418929775429,acc,0.7413945198059082,0.7413945198059082,0.9047760367393494,,0.6690598111607936,0.7346110353658987,0.6906523115597798,0.6614329450026806,acc,0.735262930393219,0.735262930393219,0.9676926732063293,,0.6681169048105775,0.7289291701255428,0.688593536376517,0.6631783024076745
roman-empire,GCN,1,512,3e-05,2,1030,acc,0.9328391551971436,0.9328391551971436,0.22120296955108643,,0.9191314265876236,0.9321391193220332,0.9277598044140901,0.9133297529630298,acc,0.7392762303352356,0.7392762303352356,0.9493754506111145,,0.6770862253099861,0.7343718900884694,0.6924095339719845,0.6709674245548314,acc,0.7403811812400818,0.7403811812400818,0.9167608022689819,,0.681060645932369,0.7367104891417277,0.6959000175724116,0.67477657668067
roman-empire,GCN,1,512,3e-05,3,1200,acc,0.9472244381904602,0.9472244381904602,0.1744934767484665,,0.9400863735969422,0.9464234310469962,0.9516117543961885,0.931648549850941,acc,0.7406884431838989,0.7406884431838989,0.9731696248054504,,0.6744632913247673,0.7337549834627816,0.697728082979456,0.6638717651684254,acc,0.7423226237297058,0.7423226237297058,0.9607242941856384,,0.6702755998024595,0.7350615222283325,0.6895310169127216,0.6634475521230497
roman-empire,GCN,1,512,3e-05,4,1100,acc,0.9376930594444275,0.9376930594444275,0.19547705352306366,,0.9272216073341519,0.936961893621055,0.9416542644919489,0.9163474495690858,acc,0.7442188858985901,0.7442188858985901,0.9341018795967102,,0.6755791920264352,0.73770726560066,0.6929501294113716,0.6680468902601484,acc,0.718849241733551,0.718849241733551,1.0372933149337769,,0.6471062171036097,0.7112877010995929,0.660137034554485,0.6442643895810396
roman-empire,GCN,1,512,3e-05,5,1220,acc,0.9509310722351074,0.9509310722351074,0.16493333876132965,,0.9440600568013183,0.9504946585492084,0.9539352596050968,0.936471040545798,acc,0.7346866726875305,0.7346866726875305,1.0011547803878784,,0.6631261783054928,0.7297672168648279,0.6810097915397909,0.6553296503234072,acc,0.7412636280059814,0.7412636280059814,0.9473797082901001,,0.6630520649608043,0.7350507796086546,0.6893361104133839,0.6527085349948721
roman-empire,GCN,1,512,3e-05,6,1190,acc,0.9506663084030151,0.9506663084030151,0.1654525101184845,,0.9448229784708742,0.9501784807947502,0.9540941503021476,0.9379537659288919,acc,0.7330979704856873,0.7330979704856873,1.009217381477356,,0.6734587145151685,0.7291488108768374,0.690295463982254,0.666082948865463,acc,0.7299681901931763,0.7299681901931763,1.004194974899292,,0.6603657831460231,0.7257911971431169,0.675524803347058,0.6546961196436273
roman-empire,GCN,1,512,3e-05,7,990,acc,0.9123643040657043,0.9123643040657043,0.2753162980079651,,0.8948973330428319,0.9107014566975354,0.9150597965898167,0.8822804431727849,acc,0.7428066730499268,0.7428066730499268,0.9207969307899475,,0.67476506574996,0.7374831406966638,0.6928791003014968,0.6653425073123108,acc,0.7442640066146851,0.7442640066146851,0.9271366596221924,,0.685438795718587,0.7378661697106939,0.71698256018262,0.6704361088906291
roman-empire,GCN,1,512,3e-05,8,1010,acc,0.9245433211326599,0.9245433211326599,0.23866397142410278,,0.9054574567084676,0.9229912458427743,0.9248916389405559,0.8950989575762635,acc,0.7309796810150146,0.7309796810150146,0.9495856761932373,,0.6672349899584914,0.72688249782248,0.6942757294159995,0.6576717735240994,acc,0.7319096326828003,0.7319096326828003,0.9673489928245544,,0.659256307509359,0.7266466440517355,0.6807920770620952,0.6552233953943177
roman-empire,GCN,1,512,3e-05,9,900,acc,0.8975377678871155,0.8975377678871155,0.3141214847564697,,0.8793777968647232,0.8955014344997284,0.8966794350640215,0.8677507549932402,acc,0.7375110387802124,0.7375110387802124,0.9060695767402649,,0.6657345339483803,0.7291422993410043,0.6873613778745088,0.6569218763409668,acc,0.7271443605422974,0.7271443605422974,0.9356217384338379,,0.6495888538232797,0.7191784437687865,0.6656767081949408,0.6481044575267801
roman-empire,GCN,2,512,3e-05,0,660,acc,0.9166005253791809,0.9166005253791809,0.26622530817985535,,0.8980098051283646,0.9158725060224902,0.9043007537374103,0.8949623110289647,acc,0.7272726893424988,0.7272726893424988,0.8973221778869629,,0.6640748511054135,0.723346813097083,0.676559729900124,0.6615117701904032,acc,0.7232615351676941,0.7232615351676941,0.9312793016433716,,0.6508375200314719,0.7197647038533659,0.6615246150442888,0.6517238735092521
roman-empire,GCN,2,512,3e-05,1,800,acc,0.9466066956520081,0.9466066956520081,0.18310825526714325,,0.9367186135242245,0.946048537826492,0.941004865077433,0.9343084231160633,acc,0.7343336343765259,0.7343336343765259,0.9389258623123169,,0.6659301924725813,0.727368847683919,0.672654049510994,0.6703553961333877,acc,0.7232615351676941,0.7232615351676941,0.9816536903381348,,0.6465849416432126,0.7149961154841414,0.6614568833452759,0.6493656315259222
roman-empire,GCN,2,512,3e-05,2,630,acc,0.8999205827713013,0.8999205827713013,0.3106372356414795,,0.8753173721946558,0.8985613769874612,0.882716301391281,0.8732420948349311,acc,0.7216240167617798,0.7216240167617798,0.9172880053520203,,0.656325065176701,0.7147872721599825,0.6751289583888281,0.6560538089139359,acc,0.7199081778526306,0.7199081778526306,0.9013513922691345,,0.6555781576991289,0.7133482433151,0.6739087657001138,0.6543833047232052
roman-empire,GCN,2,512,3e-05,3,800,acc,0.9523431658744812,0.9523431658744812,0.17156189680099487,,0.9431490555329111,0.9520218970001562,0.9444162086217107,0.943526369988699,acc,0.7316857576370239,0.7316857576370239,0.9314292669296265,,0.67259339427014,0.7274231193901373,0.6894257159397619,0.6677257563848773,acc,0.7336745262145996,0.7336745262145996,0.942995548248291,,0.6728634819249811,0.7273424117439623,0.6799902030027681,0.6731212549160261
roman-empire,GCN,2,512,3e-05,4,940,acc,0.974318265914917,0.974318265914917,0.10474840551614761,,0.9687892309177177,0.9742858987996473,0.9647351463212613,0.9735377432959336,acc,0.728861391544342,0.728861391544342,1.0207737684249878,,0.6718401000708434,0.7262110576170363,0.668118379936404,0.6847859090206798,acc,0.7204377055168152,0.7204377055168152,1.0532684326171875,,0.6534938019732883,0.716646002962196,0.6541732633206734,0.6642695977769124
roman-empire,GCN,2,512,3e-05,5,720,acc,0.9240137934684753,0.9240137934684753,0.24307794868946075,,0.9104014913144787,0.9234998664437427,0.9126884132364119,0.9099829721180286,acc,0.7255074977874756,0.7255074977874756,0.9310746192932129,,0.6562735509344679,0.7218570159660991,0.6597381853428821,0.6614376179429163,acc,0.7299681901931763,0.7299681901931763,0.8990281820297241,,0.6626994972663655,0.7253995496291425,0.678692238790783,0.6628964635476636
roman-empire,GCN,2,512,3e-05,6,750,acc,0.9334568977355957,0.9334568977355957,0.2172425389289856,,0.918567869154931,0.932746552316894,0.9193123389107676,0.9210334162991897,acc,0.7269196510314941,0.7269196510314941,0.9687389731407166,,0.6650517463718528,0.7202699084412408,0.6729392056614689,0.6707271773373258,acc,0.7250264286994934,0.7250264286994934,0.9315656423568726,,0.665137247866803,0.7191879323556634,0.6742659079793474,0.6679073436065368
roman-empire,GCN,2,512,3e-05,7,920,acc,0.9676110148429871,0.9676110148429871,0.12424974143505096,,0.9607479784043744,0.9673815717561546,0.9606557422435367,0.9618385023855759,acc,0.7263901233673096,0.7263901233673096,1.0355215072631836,,0.6556791974580423,0.7193125226542836,0.6636775415785188,0.6594856663862142,acc,0.7292622327804565,0.7292622327804565,1.000512719154358,,0.6655724463613906,0.7220328382230234,0.671772807050599,0.6698462773693238
roman-empire,GCN,2,512,3e-05,8,840,acc,0.9532256722450256,0.9532256722450256,0.16469499468803406,,0.9427556174623094,0.952669371678925,0.9469857049802649,0.9406199342669392,acc,0.724271833896637,0.724271833896637,0.9617764353752136,,0.6609921513908297,0.7187702846693196,0.6782276357923394,0.6568387529269004,acc,0.7273208498954773,0.7273208498954773,0.9582366347312927,,0.6603614332618888,0.7216036219544248,0.6724706013283634,0.6598945145273736
roman-empire,GCN,2,512,3e-05,9,670,acc,0.9134233593940735,0.9134233593940735,0.2685544490814209,,0.8959836280479541,0.9123904781590524,0.900978912423126,0.8944223073219004,acc,0.7286849021911621,0.7286849021911621,0.9255526065826416,,0.6669864236798095,0.7214196867359773,0.679040760245134,0.6694148411130804,acc,0.7186727523803711,0.7186727523803711,0.9374590516090393,,0.6459858717787135,0.7121126259494669,0.6595917300538112,0.6510156601450068
roman-empire,GCN,3,512,3e-05,0,3330,acc,1.0,1.0,0.0005958788096904755,,1.0,1.0,1.0,1.0,acc,0.7401588559150696,0.7401588559150696,1.618087887763977,,0.6868109774881475,0.7389122102546402,0.6879200043802527,0.6879187873362285,acc,0.720790684223175,0.720790684223175,1.7010875940322876,,0.6583680043156038,0.7197648182732423,0.6623684905886227,0.6569903164442377
roman-empire,GCN,3,512,3e-05,1,660,acc,0.9495190382003784,0.9495190382003784,0.17786242067813873,,0.9397716933590886,0.9494492169750741,0.9391855869136335,0.941320507187839,acc,0.7360988259315491,0.7360988259315491,0.9021419882774353,,0.6735772022535635,0.7335137750816565,0.6765717789016544,0.6770469533839614,acc,0.7283797860145569,0.7283797860145569,0.9257826209068298,,0.6596303750120799,0.725594569907276,0.6661534565973786,0.6608559358275622
roman-empire,GCN,3,512,3e-05,2,770,acc,0.9667284488677979,0.9667284488677979,0.1214212104678154,,0.9571004398368907,0.9667440237749199,0.9527269749613738,0.9622796963757023,acc,0.7274492383003235,0.7274492383003235,0.999426543712616,,0.6709065330269615,0.7262897320713313,0.6741411784643618,0.6769233727097727,acc,0.7211436629295349,0.7211436629295349,0.9588768482208252,,0.6639299010703792,0.7204461659466047,0.6651166465995193,0.6683655538606402
roman-empire,GCN,3,512,3e-05,3,610,acc,0.9310740828514099,0.9310740828514099,0.22797618806362152,,0.9127548704715635,0.9307002307752297,0.9103375446877896,0.9169927677836637,acc,0.7343336343765259,0.7343336343765259,0.8744551539421082,,0.6703201230009576,0.732307978893655,0.6774550582133582,0.6720328078778885,acc,0.728203296661377,0.728203296661377,0.9012809991836548,,0.6680415681857085,0.7247040280997239,0.6700761707835522,0.6729673275713409
roman-empire,GCN,3,512,3e-05,4,650,acc,0.9474009275436401,0.9474009275436401,0.1807371973991394,,0.9360140466073263,0.947369878863247,0.9361259236398625,0.9374101664268204,acc,0.7300970554351807,0.7300970554351807,0.9018278121948242,,0.6789935012196942,0.7312278060531501,0.6801365370862501,0.685538631031613,acc,0.7167313694953918,0.7167313694953918,0.9562270641326904,,0.6504946236300233,0.7168908180209345,0.6533540524917012,0.6566785026949865
roman-empire,GCN,3,512,3e-05,5,640,acc,0.9444003105163574,0.9444003105163574,0.19179022312164307,,0.9317226348941909,0.9444098547246084,0.9279078046794997,0.9362939963410081,acc,0.728861391544342,0.728861391544342,0.9183908104896545,,0.6615865741427657,0.7283032536146729,0.6560582280821693,0.6738232845779972,acc,0.7283797860145569,0.7283797860145569,0.8859962224960327,,0.6635819862830223,0.7271151712126425,0.6630375478561719,0.6722372149264676
roman-empire,GCN,3,512,3e-05,6,3410,acc,1.0,1.0,0.0006368726608343422,,1.0,1.0,1.0,1.0,acc,0.7320387959480286,0.7320387959480286,1.7154542207717896,,0.6805706518021513,0.7300991483042051,0.6818672472154428,0.6820828559180063,acc,0.735262930393219,0.735262930393219,1.604598045349121,,0.685398722435671,0.7352329407876531,0.6838793049996871,0.6897721887140617
roman-empire,GCN,3,512,3e-05,7,2510,acc,0.9999117851257324,0.9999117851257324,0.001785893109627068,,0.999952346437208,0.9999117441431218,0.9999553770638108,0.9999493568317634,acc,0.7357457876205444,0.7357457876205444,1.526755928993225,,0.6768350365007869,0.7334839322388255,0.6784885679410737,0.6782187038422385,acc,0.728026807308197,0.728026807308197,1.5445019006729126,,0.66612734319798,0.7267006416943004,0.672399912514076,0.6642712338865376
roman-empire,GCN,3,512,3e-05,8,740,acc,0.9674344658851624,0.9674344658851624,0.1292663812637329,,0.9603008843986801,0.967295662032817,0.9600701818599132,0.9612666620694112,acc,0.7184466123580933,0.7184466123580933,0.9787092804908752,,0.6612779511436828,0.717346417695221,0.6676973557785866,0.6644071859214071,acc,0.7248499393463135,0.7248499393463135,0.977837860584259,,0.6656900678802405,0.7235802469023679,0.6697867482823882,0.6693730876913093
roman-empire,GCN,3,512,3e-05,9,650,acc,0.9443120956420898,0.9443120956420898,0.18832769989967346,,0.931392023856234,0.9441423378977586,0.9302171848920653,0.9334981067864986,acc,0.7279788255691528,0.7279788255691528,0.910598874092102,,0.6759610468037744,0.7253362567250018,0.6858137715923996,0.6750015382662542,acc,0.7135545015335083,0.7135545015335083,0.9508854150772095,,0.6480884992069544,0.712476074665547,0.6505166512230872,0.6510753470070946
roman-empire,GCN,4,512,3e-05,0,4350,acc,1.0,1.0,9.529630915494636e-05,,1.0,1.0,1.0,1.0,acc,0.7489849925041199,0.7489849925041199,1.7225866317749023,,0.6966179618280467,0.7483482363963696,0.6969752357923256,0.6981781674327778,acc,0.7313801646232605,0.7313801646232605,1.8339251279830933,,0.6754225240281935,0.731253301580093,0.6760890092105252,0.6781321032666363
roman-empire,GCN,4,512,3e-05,1,540,acc,0.9175713062286377,0.9175713062286377,0.2653009593486786,,0.8986360932814288,0.9178200034762021,0.8926640959233407,0.9066909212606239,acc,0.7366284132003784,0.7366284132003784,0.8693810105323792,,0.6736149320429466,0.7363467857837181,0.66909194256104,0.6866684759021519,acc,0.7308506965637207,0.7308506965637207,0.8822498321533203,,0.6687803725839974,0.7308461680643182,0.6743761587269135,0.6730900134453577
roman-empire,GCN,4,512,3e-05,2,610,acc,0.9498720765113831,0.9498720765113831,0.17518489062786102,,0.9349572966623985,0.9499006325799189,0.9275254982952453,0.9435771381170291,acc,0.7221535444259644,0.7221535444259644,0.9640776515007019,,0.6629250109529096,0.7212269963433607,0.6594725639766292,0.6716596935637121,acc,0.716201901435852,0.716201901435852,0.9245495796203613,,0.6556991443609499,0.715383048520356,0.6480349147031754,0.6670985044243928
roman-empire,GCN,4,512,3e-05,3,2770,acc,1.0,1.0,0.0008066182490438223,,1.0,1.0,1.0,1.0,acc,0.7449249625205994,0.7449249625205994,1.5387803316116333,,0.6887252217765616,0.7423226569246849,0.6868372556451733,0.6931201635054226,acc,0.7446169853210449,0.7446169853210449,1.5097687244415283,,0.6996320601254252,0.7430814592100702,0.6998160515568481,0.7013991935468938
roman-empire,GCN,4,512,3e-05,4,3140,acc,0.9999117851257324,0.9999117851257324,0.0006407288019545376,,0.9999001043347826,0.9999117024498798,0.9999556265530707,0.999844816883923,acc,0.7431597113609314,0.7431597113609314,1.5650733709335327,,0.6940726011325091,0.7420654362632835,0.6926208427457984,0.6981105678818396,acc,0.7379103302955627,0.7379103302955627,1.6600630283355713,,0.6797453803181421,0.7365176916499974,0.6782140290556503,0.6846512958447522
roman-empire,GCN,4,512,3e-05,5,570,acc,0.9364575147628784,0.9364575147628784,0.21343247592449188,,0.9209495162414171,0.9366825586992167,0.9186748899389807,0.9242789929044345,acc,0.7258605360984802,0.7258605360984802,0.9214783310890198,,0.6563166197902633,0.7254788110089061,0.6557176404285021,0.6671483979480106,acc,0.7160254120826721,0.7160254120826721,0.9103277325630188,,0.6492550676397683,0.7159241375523355,0.6528182365286338,0.6561958558621832
roman-empire,GCN,4,512,3e-05,6,580,acc,0.9371635317802429,0.9371635317802429,0.20730158686637878,,0.9208692396437448,0.9370030498957438,0.9149015701489771,0.9287143220806315,acc,0.7219770550727844,0.7219770550727844,0.9532476663589478,,0.6601503625115105,0.7194991187954167,0.655097518587359,0.67020760347663,acc,0.7186727523803711,0.7186727523803711,0.9107133150100708,,0.6664469144688421,0.7177563958596648,0.6624660757457917,0.6773425004623604
roman-empire,GCN,4,512,3e-05,7,610,acc,0.946783185005188,0.946783185005188,0.18466494977474213,,0.9335506405047597,0.9467297322424651,0.9290177500719845,0.9391294384121812,acc,0.7212709188461304,0.7212709188461304,0.9532540440559387,,0.6560110641887168,0.7187971048409975,0.6564961348922561,0.6602593506701938,acc,0.716201901435852,0.716201901435852,0.9640703201293945,,0.6533860543770111,0.7147169949347761,0.6545697470422279,0.660135689041257
roman-empire,GCN,4,512,3e-05,8,650,acc,0.9599329233169556,0.9599329233169556,0.15451152622699738,,0.9503556778465325,0.9599263679609799,0.9466653830196304,0.9546920129605773,acc,0.7210944294929504,0.7210944294929504,0.952296257019043,,0.6667614055174443,0.7206269670759039,0.6683485816835237,0.6725515793980158,acc,0.7214966416358948,0.7214966416358948,0.9564898014068604,,0.6634924746918234,0.721913835033519,0.6603860195916675,0.6727306641208055
roman-empire,GCN,4,512,3e-05,9,1660,acc,0.9992057681083679,0.9992057681083679,0.006319759413599968,,0.999093002341033,0.9992053621930792,0.9990888792458554,0.9990990519401876,acc,0.7383936047554016,0.7383936047554016,1.3100732564926147,,0.6886976627326584,0.7371564442705378,0.6960204274844144,0.6853418055818881,acc,0.7278503179550171,0.7278503179550171,1.3847317695617676,,0.6712610279487554,0.72713182023208,0.6748029267775378,0.6717006792935508
roman-empire,GCN,5,512,3e-05,0,4290,acc,1.0,1.0,5.9905985835939646e-05,,1.0,1.0,1.0,1.0,acc,0.753574550151825,0.753574550151825,1.741224765777588,,0.6982343893072904,0.7516270512192741,0.6968097013209249,0.7030470519336467,acc,0.7359688878059387,0.7359688878059387,1.8237501382827759,,0.6761306187796848,0.7352855832767542,0.6743403288744556,0.680788218729018
roman-empire,GCN,5,512,3e-05,1,480,acc,0.9113935232162476,0.9113935232162476,0.28695258498191833,,0.8927273791148992,0.9114064152220984,0.8857221264823745,0.9011057142281798,acc,0.7256839871406555,0.7256839871406555,0.892669141292572,,0.6595314748976528,0.7235349887411646,0.6560029296595442,0.6699889711816462,acc,0.7222025990486145,0.7222025990486145,0.9030948877334595,,0.6532643286107295,0.7200692124748798,0.653503286786961,0.6593018423534605
roman-empire,GCN,5,512,3e-05,2,2120,acc,0.9997352361679077,0.9997352361679077,0.0022091518621891737,,0.9997569509001897,0.9997350216013479,0.9998758504545996,0.9996389905996094,acc,0.7394527792930603,0.7394527792930603,1.4947024583816528,,0.6828461932676985,0.7370733098817599,0.6887224220272491,0.6835042797273679,acc,0.7290857434272766,0.7290857434272766,1.4393242597579956,,0.6725933494430429,0.7282294032831039,0.6726548006171057,0.6766275097043448
roman-empire,GCN,5,512,3e-05,3,660,acc,0.9619627594947815,0.9619627594947815,0.1368037611246109,,0.9527668357747979,0.9620390509743723,0.9491917472032981,0.9570354715898668,acc,0.7221535444259644,0.7221535444259644,0.9785183072090149,,0.656637354201091,0.7225542882336109,0.6643639829373756,0.6575763063912557,acc,0.7153194546699524,0.7153194546699524,0.998234212398529,,0.6590729905930766,0.7166072866480524,0.6660863851281195,0.6582095688258714
roman-empire,GCN,5,512,3e-05,4,610,acc,0.9560497999191284,0.9560497999191284,0.15322449803352356,,0.9460837346565926,0.9562884991005727,0.9409083333503201,0.9522250412487971,acc,0.7240952849388123,0.7240952849388123,0.9412679076194763,,0.6717917131783868,0.72712069580951,0.6674402916079522,0.6807605264853585,acc,0.7089657187461853,0.7089657187461853,0.9997774958610535,,0.6420549592801938,0.7112350000365025,0.6408431278064238,0.6517810245750402
roman-empire,GCN,5,512,3e-05,5,4880,acc,1.0,1.0,3.0100622097961605e-05,,1.0,1.0,1.0,1.0,acc,0.7523388862609863,0.7523388862609863,1.7365587949752808,,0.693056245993462,0.7502779318373557,0.6935452958585852,0.6958364272823611,acc,0.7396752238273621,0.7396752238273621,1.7628345489501953,,0.6767634745312463,0.7373449726656772,0.6781303319652843,0.6785555669825797
roman-empire,GCN,5,512,3e-05,6,500,acc,0.9184538125991821,0.9184538125991821,0.2577518820762634,,0.8984447658915824,0.9184605016159785,0.8912337722448834,0.908211553790729,acc,0.7196822166442871,0.7196822166442871,0.938045859336853,,0.6514014950765987,0.7173242493779518,0.646092670482434,0.6621854335476332,acc,0.718849241733551,0.718849241733551,0.8937339186668396,,0.6610430956081436,0.7184278253057118,0.6563629719091362,0.672710917616897
roman-empire,GCN,5,512,3e-05,7,4780,acc,1.0,1.0,3.4019307349808514e-05,,1.0,1.0,1.0,1.0,acc,0.7500441074371338,0.7500441074371338,1.8216221332550049,,0.6893453824977113,0.7472763629318256,0.6923165628364245,0.6886992739402988,acc,0.7426756024360657,0.7426756024360657,1.838330626487732,,0.6844831808775221,0.7413699408242866,0.6896700490384169,0.6818780322497375
roman-empire,GCN,5,512,3e-05,8,670,acc,0.9682287573814392,0.9682287573814392,0.12612992525100708,,0.9613384394358874,0.9683070347829635,0.9585183569188046,0.9646407686748795,acc,0.7152692079544067,0.7152692079544067,1.0464951992034912,,0.6644344005551087,0.7188752068094452,0.6702685609828201,0.6688221189198441,acc,0.6992587447166443,0.6992587447166443,1.054755449295044,,0.6381134700627861,0.7025146890118317,0.6427373199380253,0.6434965177032076
roman-empire,GCN,5,512,3e-05,9,540,acc,0.9181008338928223,0.9181008338928223,0.2619498670101166,,0.8988550667048916,0.9179176837224895,0.8909255266209262,0.9098068258731392,acc,0.7177404761314392,0.7177404761314392,0.920380175113678,,0.6605175863056102,0.7147866306858801,0.6635791805646154,0.6660688793874597,acc,0.7075538039207458,0.7075538039207458,0.9518314599990845,,0.6414211636639843,0.7054813217223453,0.6351436644837423,0.6552988796863403
roman-empire,SAGE,1,512,3e-05,0,1020,acc,0.9910864233970642,0.9910864233970642,0.03714754059910774,,0.9891665438928201,0.9910744498206965,0.9916123051367551,0.9869670971692144,acc,0.7869372963905334,0.7869372963905334,0.9763724207878113,,0.7242799646241002,0.780996165794852,0.7360293417780528,0.7184749936531919,acc,0.7793858051300049,0.7793858051300049,0.9746456742286682,,0.709952031867915,0.7746918283546033,0.7213530623514088,0.704350810731524
roman-empire,SAGE,1,512,3e-05,1,1930,acc,0.9999117851257324,0.9999117851257324,0.0009829332120716572,,0.9998972066108291,0.9999117050957871,0.9999494029548673,0.9998452491488704,acc,0.7947043180465698,0.7947043180465698,1.2371680736541748,,0.7340759450265923,0.7898659914683565,0.7451746761898904,0.728275248949106,acc,0.7860924601554871,0.7860924601554871,1.3207736015319824,,0.7252768628109243,0.7813263672844419,0.7359491243451018,0.7188725145323631
roman-empire,SAGE,1,512,3e-05,2,1280,acc,0.9977054595947266,0.9977054595947266,0.012757283635437489,,0.996308089724598,0.9977040663561181,0.9972411323393973,0.9954024856360433,acc,0.7811120748519897,0.7811120748519897,1.1400176286697388,,0.708324298820576,0.774216628387613,0.7278062421228572,0.6976185629730467,acc,0.7827391028404236,0.7827391028404236,1.0727192163467407,,0.7189633449440429,0.7772892619531885,0.7368982928133976,0.708514482414559
roman-empire,SAGE,1,512,3e-05,3,2470,acc,0.9996470212936401,0.9996470212936401,0.0010502201039344072,,0.9996003878954676,0.9996466348807276,0.999710620827607,0.9994910886398942,acc,0.7927625775337219,0.7927625775337219,1.4290070533752441,,0.7300093533289491,0.7884992989601561,0.7390571479298517,0.723265653929536,acc,0.7875043749809265,0.7875043749809265,1.3824632167816162,,0.7317154970484602,0.7833786177257073,0.7383492065627242,0.7276534171185768
roman-empire,SAGE,1,512,3e-05,4,800,acc,0.9669932126998901,0.9669932126998901,0.1061381995677948,,0.9583266111005891,0.9668315688051297,0.9653991954597844,0.9533211972062495,acc,0.790997326374054,0.790997326374054,0.8237600922584534,,0.7296485142314748,0.7860962985224647,0.7432164216198528,0.7219621773065951,acc,0.7702082395553589,0.7702082395553589,0.8820473551750183,,0.6989419018863111,0.7636736317774074,0.7056691704373879,0.6981793746383084
roman-empire,SAGE,1,512,3e-05,5,930,acc,0.9820845723152161,0.9820845723152161,0.06325248628854752,,0.9800562590722114,0.9820176897962779,0.9827990609370831,0.977741323353323,acc,0.7849955558776855,0.7849955558776855,0.9250131249427795,,0.7160683914682966,0.7796974213143385,0.7291246418420216,0.7102610757108172,acc,0.798093855381012,0.798093855381012,0.8432670831680298,,0.7298555599925799,0.7932570774097375,0.7421943711836214,0.7240179551403122
roman-empire,SAGE,1,512,3e-05,6,3110,acc,0.9996470212936401,0.9996470212936401,0.0006848353077657521,,0.9996046332259932,0.9996468187761467,0.999704902225357,0.99950479961467,acc,0.7851721048355103,0.7851721048355103,1.5479295253753662,,0.7304016212268151,0.7827305943321251,0.7399616081069235,0.7233347524627116,acc,0.7869749069213867,0.7869749069213867,1.529667615890503,,0.7279655474599236,0.7837435092058063,0.731467738757619,0.7263566947890356
roman-empire,SAGE,1,512,3e-05,7,1190,acc,0.9963816404342651,0.9963816404342651,0.017030633985996246,,0.9955158937038932,0.9963767952771204,0.9966411913119059,0.9944308124845629,acc,0.7872903347015381,0.7872903347015381,1.0694193840026855,,0.7225230532204273,0.7820455514745869,0.7398117184158282,0.7123167716643758,acc,0.7882103323936462,0.7882103323936462,1.0812534093856812,,0.7253065023515769,0.7819887719311385,0.7438292130183809,0.7142641819114321
roman-empire,SAGE,1,512,3e-05,8,1190,acc,0.9969111680984497,0.9969111680984497,0.017790306359529495,,0.9962896949605814,0.9969079437176807,0.9974293291783718,0.9951928473846655,acc,0.781818151473999,0.781818151473999,1.053040623664856,,0.7200991734658834,0.776408331679593,0.7358926952745768,0.7105282986147263,acc,0.788739800453186,0.788739800453186,1.0437828302383423,,0.7259610432071768,0.784678885813878,0.7401029982046908,0.7175009287074103
roman-empire,SAGE,1,512,3e-05,9,840,acc,0.9716706871986389,0.9716706871986389,0.09602349996566772,,0.9641018496456231,0.9715410691070087,0.9688283952146111,0.9606741591138585,acc,0.7853485941886902,0.7853485941886902,0.868241548538208,,0.71732017811345,0.7795466966070279,0.7277661004063448,0.7116990238961951,acc,0.7732086181640625,0.7732086181640625,0.8620014190673828,,0.7078844752315081,0.7678344045008839,0.7153596345239919,0.7047729754962968
roman-empire,SAGE,2,512,3e-05,0,2170,acc,0.9997352361679077,0.9997352361679077,0.00032756992732174695,,0.9997005348313321,0.9997353710099638,0.9996458035627804,0.9997554992704897,acc,0.8315975069999695,0.8315975069999695,1.19893479347229,,0.7917155799939141,0.8283718557357835,0.7951997976155659,0.7913114839790157,acc,0.8289798498153687,0.8289798498153687,1.2096010446548462,,0.7776148418298532,0.8274995727095911,0.7753077297751921,0.7820622838012017
roman-empire,SAGE,2,512,3e-05,1,2750,acc,1.0,1.0,5.821273225592449e-05,,1.0,1.0,1.0,1.0,acc,0.8416593074798584,0.8416593074798584,1.1751163005828857,,0.7968685598053562,0.8388182787652129,0.7975412106061169,0.7979935086693012,acc,0.8337451219558716,0.8337451219558716,1.2052693367004395,,0.787219394695059,0.8304368280202284,0.7946444436827462,0.7835295785658005
roman-empire,SAGE,2,512,3e-05,2,2190,acc,0.9999117851257324,0.9999117851257324,0.00013376891729421914,,0.9998999615404922,0.9999117025632986,0.9999553411932833,0.999844816883923,acc,0.8287731409072876,0.8287731409072876,1.2698256969451904,,0.7805545080272174,0.826032205855249,0.7827002634410325,0.7819180046956156,acc,0.8296858072280884,0.8296858072280884,1.156484842300415,,0.7874887972277647,0.8273920167703304,0.7987468792850447,0.7798091095452705
roman-empire,SAGE,2,512,3e-05,3,3130,acc,0.9999117851257324,0.9999117851257324,0.00016492765280418098,,0.9999001962267948,0.9999117027211915,0.9999553770638108,0.9998452491488704,acc,0.8398940563201904,0.8398940563201904,1.246562123298645,,0.7933059401536768,0.8386140182668651,0.7970961452215178,0.7913388391389584,acc,0.8333921432495117,0.8333921432495117,1.2588616609573364,,0.7964838452241425,0.8313475287045614,0.8007030397226328,0.7941603983088195
roman-empire,SAGE,2,512,3e-05,4,2400,acc,0.9998235106468201,0.9998235106468201,0.0002916951198130846,,0.9998001580772063,0.999823493072103,0.9998001580772063,0.9998001580772063,acc,0.8375992774963379,0.8375992774963379,1.1988694667816162,,0.7977164943187076,0.834689570993087,0.8027828697388415,0.7967279080826042,acc,0.8213907480239868,0.8213907480239868,1.279317021369934,,0.7761862377929378,0.8176838375941609,0.7740630897727044,0.7829378035814377
roman-empire,SAGE,2,512,3e-05,5,2260,acc,0.9999117851257324,0.9999117851257324,0.0005728191463276744,,0.9998999794901763,0.9999117025490416,0.9999553770638108,0.999844816883923,acc,0.828420102596283,0.828420102596283,1.1975607872009277,,0.7882665112344773,0.8260783879991646,0.7990322860098745,0.7822833940644444,acc,0.8390398621559143,0.8390398621559143,1.0917032957077026,,0.7891372406158065,0.8368897742177785,0.7991372193155196,0.7834189340823579
roman-empire,SAGE,2,512,3e-05,6,2420,acc,1.0,1.0,0.00018673161685001105,,1.0,1.0,1.0,1.0,acc,0.8312444686889648,0.8312444686889648,1.1950911283493042,,0.7881338937583079,0.8289013748698526,0.7927470992548612,0.7853731468972739,acc,0.8323332071304321,0.8323332071304321,1.2011631727218628,,0.7851425767978555,0.829654072643811,0.7870339953450962,0.7850317301130455
roman-empire,SAGE,2,512,3e-05,7,2180,acc,0.9999117851257324,0.9999117851257324,0.0004759349103551358,,0.9998999794901763,0.9999117025490416,0.9999553770638108,0.999844816883923,acc,0.8257722854614258,0.8257722854614258,1.1971989870071411,,0.7798493302580668,0.8224093404923425,0.7875647626101026,0.7761136765715186,acc,0.8314507603645325,0.8314507603645325,1.225951075553894,,0.786455189441584,0.827788910298452,0.7946229678362096,0.7811703364083662
roman-empire,SAGE,2,512,3e-05,8,2730,acc,0.9999117851257324,0.9999117851257324,0.00025757247931323946,,0.9999001782771109,0.9999117027354484,0.9999553411932833,0.9998452491488704,acc,0.8291261792182922,0.8291261792182922,1.2529361248016357,,0.7802027944177631,0.8250797509862502,0.7885855345235282,0.7766703375602617,acc,0.8286268711090088,0.8286268711090088,1.2449595928192139,,0.7808411976672724,0.8257322538997989,0.7877150468532933,0.7762344561478715
roman-empire,SAGE,2,512,3e-05,9,2250,acc,0.9996470212936401,0.9996470212936401,0.0005910573527216911,,0.9995964930501869,0.9996465650164331,0.9997041021511532,0.9994897918450525,acc,0.8367166519165039,0.8367166519165039,1.1720995903015137,,0.7925854798546311,0.8340554103974015,0.7966634582653842,0.7910840959455028,acc,0.8226261734962463,0.8226261734962463,1.2134422063827515,,0.7775850457336861,0.8203409793675858,0.7765393683407328,0.7800554580547839
roman-empire,SAGE,3,512,3e-05,0,2530,acc,0.9999117851257324,0.9999117851257324,0.0002164022153010592,,0.9998999794901763,0.9999117025490416,0.9999553770638108,0.999844816883923,acc,0.8488967418670654,0.8488967418670654,1.149926781654358,,0.8136668480141276,0.8459701360461259,0.8102276687874237,0.8202133041872387,acc,0.8430991768836975,0.8430991768836975,1.1544584035873413,,0.7996009343757469,0.8417118329381679,0.7935249636833369,0.8077837442817642
roman-empire,SAGE,3,512,3e-05,1,2840,acc,1.0,1.0,2.0997873434680514e-05,,1.0,1.0,1.0,1.0,acc,0.8612532615661621,0.8612532615661621,1.0690943002700806,,0.821570044680716,0.8593196300598986,0.8239420448282238,0.8206542404735246,acc,0.8531591892242432,0.8531591892242432,1.117429256439209,,0.8144562546566032,0.850863752667373,0.8256664959162513,0.8076514373939919
roman-empire,SAGE,3,512,3e-05,2,2060,acc,0.9999117851257324,0.9999117851257324,0.00013142387615516782,,0.9998999615404922,0.9999117025632986,0.9999553411932833,0.999844816883923,acc,0.8451897501945496,0.8451897501945496,1.1252610683441162,,0.8025520549721468,0.8434808464093331,0.8021938464131388,0.8054320546284225,acc,0.8436286449432373,0.8436286449432373,1.064799427986145,,0.8049574985394536,0.841995776393117,0.8081042911598648,0.8035273022948233
roman-empire,SAGE,3,512,3e-05,3,2300,acc,0.9998235106468201,0.9998235106468201,0.00029279073351062834,,0.9998001939477338,0.9998233174403638,0.9999108257535225,0.9996904982977407,acc,0.8536628484725952,0.8536628484725952,1.1041229963302612,,0.8135105155106968,0.8510440680658892,0.81422519384425,0.8146385894069256,acc,0.8522767424583435,0.8522767424583435,1.0872009992599487,,0.8186659618752912,0.8495368258335391,0.8209442197432765,0.817907049955029
roman-empire,SAGE,3,512,3e-05,4,3450,acc,0.9999117851257324,0.9999117851257324,0.0002145393518730998,,0.9998999794901763,0.9999117025490416,0.9999553770638108,0.999844816883923,acc,0.8536628484725952,0.8536628484725952,1.1888830661773682,,0.8198543068256237,0.8507638733631224,0.8237630653288492,0.8192911165829355,acc,0.8459230065345764,0.8459230065345764,1.2171010971069336,,0.8078026322545012,0.8428790537190154,0.8061927044892817,0.8139200098166871
roman-empire,SAGE,3,512,3e-05,5,2350,acc,0.9999117851257324,0.9999117851257324,0.0003182040818501264,,0.9998999794901763,0.9999117025490416,0.9999553770638108,0.999844816883923,acc,0.8515445590019226,0.8515445590019226,1.124485731124878,,0.8138586335934135,0.849186076512161,0.8155283991532617,0.813822601902074,acc,0.8549240827560425,0.8549240827560425,1.0273466110229492,,0.8126139850389184,0.853474505663301,0.8151357577065569,0.8111955842902482
roman-empire,SAGE,3,512,3e-05,6,3760,acc,1.0,1.0,5.738791969633894e-06,,1.0,1.0,1.0,1.0,acc,0.8522506356239319,0.8522506356239319,1.2519831657409668,,0.8192289539208372,0.8510234875592851,0.8171083059849793,0.82351830771103,acc,0.8540416359901428,0.8540416359901428,1.2185221910476685,,0.8142607942357097,0.852315335660905,0.8125713784753614,0.817402257295349
roman-empire,SAGE,3,512,3e-05,7,3610,acc,1.0,1.0,1.2716860510408878e-05,,1.0,1.0,1.0,1.0,acc,0.8538393378257751,0.8538393378257751,1.2247458696365356,,0.8139977737402818,0.851267488859056,0.8167281889879403,0.8133915369164915,acc,0.84909987449646,0.84909987449646,1.2581969499588013,,0.8089996658858959,0.8461378059458289,0.8119650365446329,0.8081081627253757
roman-empire,SAGE,3,512,3e-05,8,2670,acc,0.9999117851257324,0.9999117851257324,0.00020551761554088444,,0.9999001782771109,0.9999117027354484,0.9999553411932833,0.9998452491488704,acc,0.8460723757743835,0.8460723757743835,1.1216422319412231,,0.8067980924658622,0.8437904080113365,0.8128595201496764,0.8036854327066139,acc,0.8446875810623169,0.8446875810623169,1.1399662494659424,,0.806107012180514,0.8431015295428549,0.8121551398378991,0.8028857030469702
roman-empire,SAGE,3,512,3e-05,9,1750,acc,0.9995587468147278,0.9995587468147278,0.0007536452612839639,,0.9994968719499772,0.9995584442050072,0.9995488497360808,0.9994451330383358,acc,0.8492497801780701,0.8492497801780701,1.0451098680496216,,0.8093028743782453,0.8464261995773337,0.8092195580269017,0.81269249273181,acc,0.8388633728027344,0.8388633728027344,1.0702846050262451,,0.7925106467820288,0.8357448844803349,0.7881660625400881,0.8001693059195392
roman-empire,SAGE,4,512,3e-05,0,2550,acc,0.9999117851257324,0.9999117851257324,0.0002148899802705273,,0.9998999794901763,0.9999117025490416,0.9999553770638108,0.999844816883923,acc,0.8605471849441528,0.8605471849441528,1.0642889738082886,,0.8249313594275371,0.8579545117092383,0.8234502733639396,0.8296389808288547,acc,0.8522767424583435,0.8522767424583435,1.0888744592666626,,0.8078691541439101,0.8505460876911332,0.805774771586525,0.8120935328461264
roman-empire,SAGE,4,512,3e-05,1,1670,acc,0.9999117851257324,0.9999117851257324,0.00014849142462480813,,0.9998973990591014,0.9999117877867898,0.9998456790123456,0.9999493568317634,acc,0.8639011383056641,0.8639011383056641,0.9363681077957153,,0.8223263750125006,0.8622498262856745,0.8209796762796466,0.8256049317559948,acc,0.8545711040496826,0.8545711040496826,0.9751620888710022,,0.8141707253071915,0.8519595872357953,0.8196414056306808,0.8114610580283339
roman-empire,SAGE,4,512,3e-05,2,1840,acc,0.9999117851257324,0.9999117851257324,0.00013130468141753227,,0.9998999615404922,0.9999117025632986,0.9999553411932833,0.999844816883923,acc,0.8547219634056091,0.8547219634056091,1.0686904191970825,,0.8168874172698384,0.8527667409104376,0.8165607742254506,0.8192548193534737,acc,0.8522767424583435,0.8522767424583435,0.9928081631660461,,0.816088680802799,0.8508559470244821,0.8163936453552156,0.8172548432174759
roman-empire,SAGE,4,512,3e-05,3,3250,acc,1.0,1.0,2.0386019969009794e-05,,1.0,1.0,1.0,1.0,acc,0.8691967725753784,0.8691967725753784,1.1350789070129395,,0.8314102127090639,0.8668051484748351,0.8344460693031078,0.8302559014958518,acc,0.8637486696243286,0.8637486696243286,1.089218258857727,,0.832065788258119,0.8609972237221355,0.8357916384218959,0.8306404512854101
roman-empire,SAGE,4,512,3e-05,4,1730,acc,0.9998235106468201,0.9998235106468201,0.0004654792428482324,,0.9997997592611342,0.999823316749837,0.9999108257535225,0.9996896337678459,acc,0.8548984527587891,0.8548984527587891,0.9914194941520691,,0.8179170929228876,0.8515463893574816,0.8222114741250663,0.8161139169894888,acc,0.851570725440979,0.851570725440979,1.010284662246704,,0.8141638898781551,0.8480093277072654,0.8097599684976251,0.8243101517909424
roman-empire,SAGE,4,512,3e-05,5,3310,acc,1.0,1.0,1.4666310562461149e-05,,1.0,1.0,1.0,1.0,acc,0.8656663298606873,0.8656663298606873,1.0941591262817383,,0.831167084569778,0.8638496014718505,0.8315961607719196,0.8323945348634028,acc,0.8709847927093506,0.8709847927093506,0.9900764226913452,,0.8304518316241132,0.8692048047128335,0.8330422809573208,0.8292537580386999
roman-empire,SAGE,4,512,3e-05,6,3340,acc,1.0,1.0,9.540008250041865e-06,,1.0,1.0,1.0,1.0,acc,0.8656663298606873,0.8656663298606873,1.118485450744629,,0.8343310244756919,0.8643871582227545,0.8370558515043944,0.8329039035623836,acc,0.8619837164878845,0.8619837164878845,1.1126024723052979,,0.8256545754113758,0.8609967871865248,0.826787464152616,0.8252975936234007
roman-empire,SAGE,4,512,3e-05,7,3940,acc,1.0,1.0,7.517630365327932e-06,,1.0,1.0,1.0,1.0,acc,0.8621358871459961,0.8621358871459961,1.1741513013839722,,0.8259735693762775,0.8594656449738824,0.8325848122777597,0.822223916717943,acc,0.8593363761901855,0.8593363761901855,1.2076671123504639,,0.8220887480471799,0.8568244084601195,0.8256374680183171,0.8202213270250501
roman-empire,SAGE,4,512,3e-05,8,3950,acc,1.0,1.0,1.0056118298962247e-05,,1.0,1.0,1.0,1.0,acc,0.8600176572799683,0.8600176572799683,1.130350112915039,,0.8216178521377072,0.8575952761602914,0.8246806581308551,0.8214326168648486,acc,0.8641016483306885,0.8641016483306885,1.149877667427063,,0.8277026230200103,0.8626905484705558,0.8305188494223861,0.8274274904438552
roman-empire,SAGE,4,512,3e-05,9,4050,acc,1.0,1.0,5.478063030750491e-06,,1.0,1.0,1.0,1.0,acc,0.8619593977928162,0.8619593977928162,1.1631669998168945,,0.823952282515134,0.8591447860545447,0.8249474759824,0.8262740062762676,acc,0.856159508228302,0.856159508228302,1.1825494766235352,,0.8191248598653541,0.8542947043641604,0.813598270690253,0.8270891689935034
roman-empire,SAGE,5,512,3e-05,0,3350,acc,1.0,1.0,0.00013503004447557032,,1.0,1.0,1.0,1.0,acc,0.8699029088020325,0.8699029088020325,1.0596318244934082,,0.8367956610191151,0.8672054365414756,0.8372760081983007,0.8394292310620841,acc,0.8609247803688049,0.8609247803688049,1.0808218717575073,,0.8224474859338788,0.8597072272728029,0.8178008223879064,0.8288948940111326
roman-empire,SAGE,5,512,3e-05,1,2000,acc,1.0,1.0,9.846205648500472e-05,,1.0,1.0,1.0,1.0,acc,0.8714916110038757,0.8714916110038757,0.9061582684516907,,0.8325867432356221,0.8699897734580112,0.8294529795473986,0.8375003486671501,acc,0.8667489886283875,0.8667489886283875,0.9378421902656555,,0.8324992459812065,0.8649117084830293,0.8374494681008939,0.8302557267616734
roman-empire,SAGE,5,512,3e-05,2,4200,acc,1.0,1.0,5.378009518608451e-06,,1.0,1.0,1.0,1.0,acc,0.8688437342643738,0.8688437342643738,1.1259210109710693,,0.8347078025379692,0.8677166226691416,0.8333417360702706,0.8366827817943172,acc,0.8715142607688904,0.8715142607688904,1.0346498489379883,,0.8424794013737409,0.8706792731629832,0.8471799596212276,0.8394719864485356
roman-empire,SAGE,5,512,3e-05,3,2890,acc,0.9999117851257324,0.9999117851257324,0.0001371813559671864,,0.9999001962267948,0.9999117027211915,0.9999553770638108,0.9998452491488704,acc,0.8699029088020325,0.8699029088020325,1.033921480178833,,0.8338422625993103,0.8679635525747634,0.8343255556088792,0.8349502411521486,acc,0.8669254779815674,0.8669254779815674,1.0106850862503052,,0.8344979205228112,0.8652636954628187,0.8342760880510367,0.8356601696111997
roman-empire,SAGE,5,512,3e-05,4,3660,acc,1.0,1.0,3.754507633857429e-05,,1.0,1.0,1.0,1.0,acc,0.8695498704910278,0.8695498704910278,1.0824912786483765,,0.8429587366691342,0.8675379379868432,0.8428334691682634,0.8459426776922926,acc,0.8660430312156677,0.8660430312156677,1.0853691101074219,,0.8316920071857861,0.8637338864451657,0.8248182233494316,0.8434237153789668
roman-empire,SAGE,5,512,3e-05,5,4100,acc,1.0,1.0,5.797633548354497e-06,,1.0,1.0,1.0,1.0,acc,0.8720211386680603,0.8720211386680603,1.0649309158325195,,0.8388331472732964,0.8699521338782011,0.8430347988331778,0.8376125937668636,acc,0.8789269328117371,0.8789269328117371,0.9779149889945984,,0.8417745974225394,0.8774079161356735,0.8430969321085139,0.842350901725392
roman-empire,SAGE,5,512,3e-05,6,2240,acc,1.0,1.0,7.347229984588921e-05,,1.0,1.0,1.0,1.0,acc,0.8605471849441528,0.8605471849441528,1.0039726495742798,,0.8258751739822512,0.8594128923006142,0.821911281063222,0.8315149130410338,acc,0.8639251589775085,0.8639251589775085,0.994514524936676,,0.8266346231910693,0.8629917041770829,0.8245505778150393,0.8303117697154901
roman-empire,SAGE,5,512,3e-05,7,3200,acc,1.0,1.0,1.8407503375783563e-05,,1.0,1.0,1.0,1.0,acc,0.870432436466217,0.870432436466217,1.0561469793319702,,0.8370378496213166,0.8687254813382661,0.8381414119725905,0.8375524517105714,acc,0.8649840950965881,0.8649840950965881,1.0873384475708008,,0.8277019201229142,0.863219213315183,0.8278806411305629,0.8297285781035695
roman-empire,SAGE,5,512,3e-05,8,3990,acc,1.0,1.0,1.286867609451292e-05,,1.0,1.0,1.0,1.0,acc,0.8711385726928711,0.8711385726928711,1.0420206785202026,,0.8371484393638488,0.869015804516109,0.8440695745156631,0.8344365607097625,acc,0.8709847927093506,0.8709847927093506,1.093770146369934,,0.8361668504757207,0.8694770852278692,0.8409262098717923,0.8349761888626409
roman-empire,SAGE,5,512,3e-05,9,3050,acc,0.9999117851257324,0.9999117851257324,0.00013962850789539516,,0.9998999794901763,0.9999117025490416,0.9999553770638108,0.999844816883923,acc,0.8691967725753784,0.8691967725753784,1.0687329769134521,,0.8335670674561358,0.8668008167277775,0.8329721528112991,0.8363577931300046,acc,0.8593363761901855,0.8593363761901855,1.069665789604187,,0.8214600900178675,0.8568529240191147,0.8200734711269634,0.8256015181706156
roman-empire,GAT,1,512,3e-05,0,1360,acc,0.9398111701011658,0.9398111701011658,0.17555783689022064,,0.9369189511957428,0.939362848348224,0.947326476565509,0.9314392491599706,acc,0.7412179708480835,0.7412179708480835,1.0287399291992188,,0.6836264249203855,0.7382967823623403,0.708533575253995,0.6757163418375772,acc,0.728203296661377,0.728203296661377,1.082075834274292,,0.6660248864791743,0.7240605077900583,0.6922123440270203,0.6599609336093045
roman-empire,GAT,1,512,3e-05,1,1160,acc,0.9203953742980957,0.9203953742980957,0.23457233607769012,,0.9125184845069878,0.9202724363536763,0.9313348596274523,0.9009853420923208,acc,0.7415710091590881,0.7415710091590881,0.9452240467071533,,0.6851821286186706,0.7399352056465218,0.7212444770153517,0.6720601130867694,acc,0.7407341599464417,0.7407341599464417,0.9726653695106506,,0.6802454010329253,0.7387777223938642,0.7109435889824387,0.6668549049186043
roman-empire,GAT,1,512,3e-05,2,1960,acc,0.9910864233970642,0.9910864233970642,0.033186912536621094,,0.991925541319662,0.9910550361159746,0.9929040843313106,0.9912459323372667,acc,0.7507501840591431,0.7507501840591431,1.201391339302063,,0.6935595848927892,0.748066386461428,0.7254169279411485,0.6820816693612415,acc,0.7402046918869019,0.7402046918869019,1.1917434930801392,,0.6853344934020882,0.7383232779209505,0.7092142960683907,0.6795705470120632
roman-empire,GAT,1,512,3e-05,3,1070,acc,0.9066278338432312,0.9066278338432312,0.27226269245147705,,0.8910361226228429,0.9051893464852591,0.9148371033207727,0.8790173550454887,acc,0.7459840774536133,0.7459840774536133,0.9385423064231873,,0.6965488511775134,0.7432288959884351,0.740015947261367,0.677101512193919,acc,0.7386162877082825,0.7386162877082825,0.9457501173019409,,0.6806445610556959,0.7359484270877307,0.7154670441623431,0.6668703468589265
roman-empire,GAT,1,512,3e-05,4,1630,acc,0.9706116318702698,0.9706116318702698,0.0928911566734314,,0.9700622431498895,0.9704279922288077,0.9728540614792425,0.9689336136837711,acc,0.7445719242095947,0.7445719242095947,1.0990864038467407,,0.6936172847426263,0.7441651819251671,0.7145043045423718,0.6909727157314508,acc,0.7304976582527161,0.7304976582527161,1.1627098321914673,,0.6682427375948505,0.7291488421490266,0.6855534137278569,0.6675220813788169
roman-empire,GAT,1,512,3e-05,5,1370,acc,0.9575501084327698,0.9575501084327698,0.13354867696762085,,0.9512745403464327,0.9575218841530545,0.9586438291844822,0.9474214754140521,acc,0.7567519545555115,0.7567519545555115,0.9896339774131775,,0.692776008174537,0.7539917579265277,0.7253635113745384,0.6839322657791977,acc,0.7497352361679077,0.7497352361679077,0.958570659160614,,0.6791623492400571,0.7462678547959998,0.7151211847396335,0.6676542703759379
roman-empire,GAT,1,512,3e-05,6,1940,acc,0.9943518042564392,0.9943518042564392,0.02756441943347454,,0.9947239982410958,0.9943419965285876,0.9958635425997938,0.9936748444754068,acc,0.738923192024231,0.738923192024231,1.22111976146698,,0.6834663312846563,0.7385827579921269,0.7121363450761711,0.6720485438440981,acc,0.7384397983551025,0.7384397983551025,1.2078536748886108,,0.6766191364984819,0.7368024778139751,0.710462624681147,0.6631139717775385
roman-empire,GAT,1,512,3e-05,7,1560,acc,0.9729944467544556,0.9729944467544556,0.08790210634469986,,0.9719306845707995,0.9728253377166682,0.9776988976386805,0.9680378470391334,acc,0.7442188858985901,0.7442188858985901,1.1175442934036255,,0.6831849195461205,0.7418737058141321,0.7177879987148631,0.6716830820114823,acc,0.7416166663169861,0.7416166663169861,1.1372184753417969,,0.6894720135872282,0.7405981172078622,0.7240306182084167,0.6790458351667028
roman-empire,GAT,1,512,3e-05,8,1190,acc,0.9329273700714111,0.9329273700714111,0.1990998536348343,,0.9262208181964924,0.9325479855365837,0.9418486304011638,0.9158934104791645,acc,0.7472197413444519,0.7472197413444519,0.9631789326667786,,0.6944132213046325,0.7433097375838783,0.7258483234019723,0.6839993838625774,acc,0.7456759214401245,0.7456759214401245,0.9535297155380249,,0.6861219629547558,0.7438722301387779,0.716899834205875,0.6754355571336692
roman-empire,GAT,1,512,3e-05,9,1530,acc,0.9622275233268738,0.9622275233268738,0.11350554972887039,,0.9609035619426702,0.9619370571319739,0.9680446614974721,0.9562149338568455,acc,0.7463371157646179,0.7463371157646179,1.0232325792312622,,0.6929618403422659,0.7443890503422513,0.7283960221030858,0.6769393470693743,acc,0.7432050704956055,0.7432050704956055,1.0487991571426392,,0.6867749995634277,0.7386962667785485,0.7159343336804626,0.674841989420072
roman-empire,GAT,2,512,3e-05,0,1990,acc,0.9982349276542664,0.9982349276542664,0.009868640452623367,,0.9982733115424427,0.9982368014050832,0.9981094287400667,0.9984457106547254,acc,0.7971756458282471,0.7971756458282471,0.9941948652267456,,0.7553103339371985,0.7968953717518893,0.7518033816080086,0.7645406009121283,acc,0.783798098564148,0.783798098564148,1.0305041074752808,,0.7306110309203457,0.7828736961934183,0.7276229128519456,0.7420276496620428
roman-empire,GAT,2,512,3e-05,1,1330,acc,0.9904686212539673,0.9904686212539673,0.03964106738567352,,0.9905420411876048,0.9904941080682382,0.9902529634398696,0.9910144079353415,acc,0.8012356162071228,0.8012356162071228,0.7896848320960999,,0.7608086134863757,0.8008503310621,0.7649450947733454,0.7664671306339224,acc,0.7989763021469116,0.7989763021469116,0.8072630167007446,,0.7484285073893092,0.7972898846821201,0.7535255033704967,0.7534566736066927
roman-empire,GAT,2,512,3e-05,2,2810,acc,0.9998235106468201,0.9998235106468201,0.002145513892173767,,0.9998149585465007,0.9998234926777398,0.9998156101627342,0.9998146582889498,acc,0.7948808073997498,0.7948808073997498,1.1469712257385254,,0.7489539950139008,0.7942563340864648,0.7459796572695332,0.7585089441301853,acc,0.7968584299087524,0.7968584299087524,1.0742099285125732,,0.7590290466073797,0.7963294363557925,0.754075511870083,0.7698524870192004
roman-empire,GAT,2,512,3e-05,3,1610,acc,0.9924984574317932,0.9924984574317932,0.02866722270846367,,0.9920371183283615,0.9925084329098104,0.9905092809937278,0.9937406503015946,acc,0.7943512797355652,0.7943512797355652,0.9181356430053711,,0.7487997934831827,0.7925757961136488,0.7621603879828442,0.7501317080427642,acc,0.7827391028404236,0.7827391028404236,0.9397860169410706,,0.7413477111379236,0.782120705339454,0.7502129398216713,0.7456282218428961
roman-empire,GAT,2,512,3e-05,4,4010,acc,0.9999117851257324,0.9999117851257324,0.0006257606437429786,,0.9998999794901763,0.9999117025490416,0.9999553770638108,0.999844816883923,acc,0.8035304546356201,0.8035304546356201,1.2440763711929321,,0.754244558263203,0.8016956945235059,0.7470722907761845,0.7684511881711762,acc,0.7929756045341492,0.7929756045341492,1.3214848041534424,,0.7397299039343221,0.7909870593792718,0.7299847192694444,0.7565203760002608
roman-empire,GAT,2,512,3e-05,5,2520,acc,0.9992939829826355,0.9992939829826355,0.0039512221701443195,,0.9992553542888724,0.9992940618294285,0.9991818968739804,0.9993323633141126,acc,0.7864077687263489,0.7864077687263489,1.1537067890167236,,0.729966344350266,0.7831044051134969,0.7262425307581934,0.7437791195803297,acc,0.7845040559768677,0.7845040559768677,1.0821866989135742,,0.723788388066859,0.7815633169153847,0.7266482467868991,0.7298450426814792
roman-empire,GAT,2,512,3e-05,6,3300,acc,0.9998235106468201,0.9998235106468201,0.0010208861203864217,,0.9997663647880438,0.9998233417988717,0.9998156101627342,0.9997179921037789,acc,0.7947043180465698,0.7947043180465698,1.207331657409668,,0.7555258517155585,0.7937782314067113,0.7494517068717077,0.7661432395495197,acc,0.8062124848365784,0.8062124848365784,1.1290676593780518,,0.768908321545556,0.8058258813366046,0.7631758812028864,0.7782830629193324
roman-empire,GAT,2,512,3e-05,7,2750,acc,0.9997352361679077,0.9997352361679077,0.0020303274504840374,,0.9995891152995906,0.9997348233002418,0.9996463820858617,0.9995344506517692,acc,0.7906442880630493,0.7906442880630493,1.1593180894851685,,0.7432665471999247,0.7884170883401936,0.7441915207173121,0.7487603392423148,acc,0.7843275666236877,0.7843275666236877,1.143391489982605,,0.7348061440049173,0.7820439406667573,0.7362514905658721,0.7393925547325304
roman-empire,GAT,2,512,3e-05,8,1180,acc,0.9777601361274719,0.9777601361274719,0.07327449321746826,,0.975143762277918,0.9779219401685065,0.9716707177279145,0.9796410390830815,acc,0.7876434326171875,0.7876434326171875,0.8162192106246948,,0.750010628624464,0.7858964739537111,0.7507536277805916,0.7596401010432228,acc,0.7876808643341064,0.7876808643341064,0.8235237002372742,,0.7405456580382718,0.7867714500430446,0.7383707003824941,0.7532456615420529
roman-empire,GAT,2,512,3e-05,9,1990,acc,0.9981467127799988,0.9981467127799988,0.010179783217608929,,0.9983997951955066,0.9981490577592512,0.9980031251748898,0.998806151278171,acc,0.7941747307777405,0.7941747307777405,0.9961302876472473,,0.7456883625524118,0.7923391906582047,0.74359403642927,0.7585437765071017,acc,0.7913872003555298,0.7913872003555298,1.0137746334075928,,0.7441900563408893,0.7881002395001836,0.7404906194543671,0.7586804409898823
roman-empire,GAT,3,512,3e-05,0,3940,acc,1.0,1.0,0.00030663132201880217,,1.0,1.0,1.0,1.0,acc,0.8111209273338318,0.8111209273338318,1.1834672689437866,,0.7672880616690549,0.8092634605533592,0.7632127535488078,0.7760279145330431,acc,0.8049770593643188,0.8049770593643188,1.188557744026184,,0.7544241412942108,0.802821945828379,0.7518362285350397,0.7619442207719221
roman-empire,GAT,3,512,3e-05,1,4010,acc,1.0,1.0,0.0001775968266883865,,1.0,1.0,1.0,1.0,acc,0.8263018131256104,0.8263018131256104,1.082980990409851,,0.7735008730156646,0.823970156766606,0.77482708747383,0.776557921439511,acc,0.8190963268280029,0.8190963268280029,1.1079397201538086,,0.7741277933677181,0.8157700060614833,0.7804398865335131,0.7717178739008573
roman-empire,GAT,3,512,3e-05,2,1820,acc,0.9990292191505432,0.9990292191505432,0.006710586603730917,,0.9987497194937789,0.999029074250442,0.9987634507364933,0.9987399449923404,acc,0.8067078590393066,0.8067078590393066,0.9150895476341248,,0.7643467875819216,0.8044298068567812,0.7665019033020977,0.7664095357850053,acc,0.8093892931938171,0.8093892931938171,0.8359496593475342,,0.7660210534795762,0.8070877629495885,0.7640773867954256,0.7709376886459164
roman-empire,GAT,3,512,3e-05,3,2620,acc,0.9999117851257324,0.9999117851257324,0.0013824162306264043,,0.9999072490002513,0.9999117847205125,0.99985935302391,0.9999553411932833,acc,0.8247131109237671,0.8247131109237671,0.9581063389778137,,0.7789807396563948,0.822451847363174,0.7823069632558677,0.7797678895290258,acc,0.8236851096153259,0.8236851096153259,0.9318866729736328,,0.7835707770504216,0.8231236672734401,0.7873370113912408,0.7829327870856457
roman-empire,GAT,3,512,3e-05,4,3760,acc,1.0,1.0,0.0003457865386735648,,1.0,1.0,1.0,1.0,acc,0.8227713704109192,0.8227713704109192,1.0770440101623535,,0.7766479795299669,0.8210540763825901,0.7677623391030455,0.7888187915098195,acc,0.8192728161811829,0.8192728161811829,1.1151204109191895,,0.7700624260757838,0.8175639648790318,0.7666829737852505,0.7774994008591554
roman-empire,GAT,3,512,3e-05,5,4950,acc,1.0,1.0,5.664132550009526e-05,,1.0,1.0,1.0,1.0,acc,0.8203000426292419,0.8203000426292419,1.198018193244934,,0.7735802728915444,0.8171672351484919,0.7737985077401146,0.7768303125541708,acc,0.816448986530304,0.816448986530304,1.1284884214401245,,0.7680923860053053,0.814659674681709,0.7732388636894807,0.7684713579991591
roman-empire,GAT,3,512,3e-05,6,3530,acc,1.0,1.0,0.00030661115306429565,,1.0,1.0,1.0,1.0,acc,0.8217122554779053,0.8217122554779053,1.0605781078338623,,0.7803327258978248,0.8196026315834904,0.7768441409384966,0.7863847780340337,acc,0.8289798498153687,0.8289798498153687,0.9957298040390015,,0.789424703359787,0.8269340737988582,0.7863613839488678,0.7948176441177561
roman-empire,GAT,3,512,3e-05,7,4870,acc,1.0,1.0,6.498498987639323e-05,,1.0,1.0,1.0,1.0,acc,0.8174757361412048,0.8174757361412048,1.1876033544540405,,0.7679611006327389,0.8151305626161094,0.7659505091013887,0.7738780892860178,acc,0.8220967054367065,0.8220967054367065,1.1802842617034912,,0.772873112837438,0.8193697907621555,0.7728202318537284,0.7786686651063037
roman-empire,GAT,3,512,3e-05,8,2490,acc,0.9996470212936401,0.9996470212936401,0.002390884095802903,,0.9994846342996774,0.9996472817189515,0.9993382474102417,0.9996339661930994,acc,0.805648684501648,0.805648684501648,0.9944082498550415,,0.763666868299079,0.802418573780474,0.760551779685588,0.7726015488864912,acc,0.8040945529937744,0.8040945529937744,1.0081133842468262,,0.7542698982065448,0.8015014756037325,0.7510581793621831,0.7641663330224843
roman-empire,GAT,3,512,3e-05,9,4790,acc,1.0,1.0,6.567741365870461e-05,,1.0,1.0,1.0,1.0,acc,0.8367166519165039,0.8367166519165039,1.0969188213348389,,0.7932835338924119,0.8342154678374882,0.7939610923103744,0.7970827771648809,acc,0.8270384669303894,0.8270384669303894,1.1298657655715942,,0.7819094668854818,0.8241177392202139,0.7821343911277352,0.7875670933377656
roman-empire,GAT,4,512,3e-05,0,3840,acc,1.0,1.0,0.0002565965405665338,,1.0,1.0,1.0,1.0,acc,0.8164165616035461,0.8164165616035461,1.1273385286331177,,0.777315937150607,0.8152774946120679,0.7773108145372004,0.7806748438307682,acc,0.8100953102111816,0.8100953102111816,1.1458466053009033,,0.766746006669488,0.8086061405273872,0.7650521417215628,0.7712561582656353
roman-empire,GAT,4,512,3e-05,1,3510,acc,1.0,1.0,0.0003382032155059278,,1.0,1.0,1.0,1.0,acc,0.8282435536384583,0.8282435536384583,0.9642112851142883,,0.7807599340430704,0.827211129784704,0.7857183135576827,0.7803877624918218,acc,0.8222731947898865,0.8222731947898865,1.0250447988510132,,0.7778084413871762,0.8207050661954137,0.7840095447742105,0.7750511123526325
roman-empire,GAT,4,512,3e-05,2,4890,acc,1.0,1.0,5.072569183539599e-05,,1.0,1.0,1.0,1.0,acc,0.8225948810577393,0.8225948810577393,1.2099641561508179,,0.7824567459145532,0.8210179973269642,0.7836833181466433,0.7846918702225159,acc,0.8303917646408081,0.8303917646408081,1.0992789268493652,,0.7942534624881099,0.8296178149798155,0.7906918408751555,0.8003908871132667
roman-empire,GAT,4,512,3e-05,3,4570,acc,1.0,1.0,6.747099541826174e-05,,1.0,1.0,1.0,1.0,acc,0.8324801325798035,0.8324801325798035,1.0912916660308838,,0.7906917351945654,0.8303113929442554,0.7941642213590678,0.7902009755965317,acc,0.8263325095176697,0.8263325095176697,1.076698660850525,,0.7842960381684365,0.8244425347553778,0.78605627582202,0.7852423287692968
roman-empire,GAT,4,512,3e-05,4,3700,acc,1.0,1.0,0.0003152975405100733,,1.0,1.0,1.0,1.0,acc,0.826654851436615,0.826654851436615,1.0213687419891357,,0.7847645234637675,0.8247452061950346,0.7781035636516432,0.794199842411677,acc,0.8245675563812256,0.8245675563812256,1.063302993774414,,0.7793992307897296,0.8224752020916632,0.7774258276757733,0.7865992418651717
roman-empire,GAT,4,512,3e-05,5,4360,acc,1.0,1.0,0.00010728278721217066,,1.0,1.0,1.0,1.0,acc,0.8220652937889099,0.8220652937889099,1.0998260974884033,,0.7732070700646572,0.8202208475549838,0.7709670159830185,0.7784386238166903,acc,0.8205082416534424,0.8205082416534424,1.0192413330078125,,0.7690528017849424,0.8189088141020651,0.7730040343349294,0.7704346316696551
roman-empire,GAT,4,512,3e-05,6,4490,acc,1.0,1.0,6.980277976254001e-05,,1.0,1.0,1.0,1.0,acc,0.8252426981925964,0.8252426981925964,1.1271525621414185,,0.7833286800197478,0.8240607272725368,0.7774781248830283,0.7912003087272154,acc,0.8358629941940308,0.8358629941940308,1.0538852214813232,,0.7982211155319616,0.8345862087990236,0.7960585368794382,0.8032276788873293
roman-empire,GAT,4,512,3e-05,7,4090,acc,1.0,1.0,0.00010160471720155329,,1.0,1.0,1.0,1.0,acc,0.8252426981925964,0.8252426981925964,1.0939545631408691,,0.7815468221738745,0.8234322625584771,0.7802051245926301,0.7872630959675088,acc,0.8263325095176697,0.8263325095176697,1.1094435453414917,,0.7804762110073687,0.8239972195270985,0.7798618599431432,0.7844967825583545
roman-empire,GAT,4,512,3e-05,8,4920,acc,1.0,1.0,5.777040496468544e-05,,1.0,1.0,1.0,1.0,acc,0.8270079493522644,0.8270079493522644,1.121167540550232,,0.7871259387563552,0.8254491947392983,0.7871768639267192,0.7910726677356846,acc,0.823508620262146,0.823508620262146,1.1412012577056885,,0.7790373694789092,0.8221346244890378,0.779386359180528,0.7821984428798888
roman-empire,GAT,4,512,3e-05,9,2870,acc,1.0,1.0,0.0007851604023016989,,1.0,1.0,1.0,1.0,acc,0.8277140259742737,0.8277140259742737,0.9938002228736877,,0.7854124718525094,0.8255349840030338,0.7847097752511396,0.7888915324524023,acc,0.8182138800621033,0.8182138800621033,1.0043829679489136,,0.7733876674401451,0.8157843255372556,0.7712105412676145,0.7799146447014504
roman-empire,GAT,5,512,3e-05,0,3320,acc,0.9999117851257324,0.9999117851257324,0.00046255768393166363,,0.9998901756571201,0.9999117627670865,0.9998698933125163,0.9999106823865667,acc,0.8194174766540527,0.8194174766540527,1.0759446620941162,,0.7837299171307194,0.8193988798713389,0.7791113605482567,0.7910854671136045,acc,0.8078008890151978,0.8078008890151978,1.1115299463272095,,0.7601600051914461,0.8063082078986257,0.7535413644341244,0.7707216213882745
roman-empire,GAT,5,512,3e-05,1,3340,acc,1.0,1.0,0.0003201219078619033,,1.0,1.0,1.0,1.0,acc,0.8333627581596375,0.8333627581596375,0.9511593580245972,,0.7874138815764998,0.8324539335680257,0.7886650224436881,0.7891526463159011,acc,0.8316272497177124,0.8316272497177124,0.9648811221122742,,0.7880462010919149,0.8296663524686648,0.7931641612577147,0.7856233648801049
roman-empire,GAT,5,512,3e-05,2,3180,acc,1.0,1.0,0.00047136953799054027,,1.0,1.0,1.0,1.0,acc,0.8160635232925415,0.8160635232925415,1.1056779623031616,,0.7732059491415232,0.8149869196572307,0.7721630567027645,0.7774055739710283,acc,0.8180373907089233,0.8180373907089233,1.024965763092041,,0.7761454615163015,0.8173735257340515,0.7723837861773121,0.7829769018629125
roman-empire,GAT,5,512,3e-05,3,4830,acc,1.0,1.0,3.767209273064509e-05,,1.0,1.0,1.0,1.0,acc,0.8416593074798584,0.8416593074798584,1.0766040086746216,,0.80274231240871,0.8400398321229667,0.8039391982249495,0.8052495851908109,acc,0.8370984792709351,0.8370984792709351,1.0355162620544434,,0.7967888069996418,0.8360186124935535,0.7962980429985625,0.8003212180328556
roman-empire,GAT,5,512,3e-05,4,4330,acc,1.0,1.0,9.466621122555807e-05,,1.0,1.0,1.0,1.0,acc,0.8397175669670105,0.8397175669670105,1.017425775527954,,0.7960417217516691,0.8377967984276633,0.7899062756758032,0.8064454474107815,acc,0.8282738924026489,0.8282738924026489,1.0810627937316895,,0.7818040557857248,0.8268524266464229,0.7764470586097995,0.794002453891038
roman-empire,GAT,5,512,3e-05,5,4960,acc,1.0,1.0,4.736488335765898e-05,,1.0,1.0,1.0,1.0,acc,0.8280670642852783,0.8280670642852783,1.1390759944915771,,0.7801963220435367,0.8263185310236408,0.7776224998248628,0.7859974383966284,acc,0.8236851096153259,0.8236851096153259,1.0862597227096558,,0.7744700414307343,0.8217732433123971,0.7790890906170596,0.7751454035397392
roman-empire,GAT,5,512,3e-05,6,4610,acc,1.0,1.0,5.694663923350163e-05,,1.0,1.0,1.0,1.0,acc,0.8317740559577942,0.8317740559577942,1.126863956451416,,0.794613866844691,0.8311660469161672,0.7882446505075664,0.8028431771055513,acc,0.8425697088241577,0.8425697088241577,1.023730993270874,,0.8014038421605345,0.8410832475035996,0.8019109892329209,0.8045632321733522
roman-empire,GAT,5,512,3e-05,7,1160,acc,0.9932927489280701,0.9932927489280701,0.03197326511144638,,0.9911831110380694,0.9932926339053482,0.9894156366816831,0.9930755121986939,acc,0.8068843483924866,0.8068843483924866,0.7744207978248596,,0.7555519953182431,0.8044967638667013,0.7535204587442859,0.7656214606051965,acc,0.8055065274238586,0.8055065274238586,0.7864246368408203,,0.7531525827161976,0.8033214030556342,0.752437137985947,0.7625815934375922
roman-empire,GAT,5,512,3e-05,8,3000,acc,1.0,1.0,0.0005003424594178796,,1.0,1.0,1.0,1.0,acc,0.8233009576797485,0.8233009576797485,0.9943684339523315,,0.7834391638151246,0.8219141218299904,0.7831380262449104,0.788064070437961,acc,0.8243910670280457,0.8243910670280457,1.0124859809875488,,0.7769191956807332,0.8228399286712239,0.7738834473746774,0.7843104659599036
roman-empire,GAT,5,512,3e-05,9,3580,acc,1.0,1.0,0.00023104580759536475,,1.0,1.0,1.0,1.0,acc,0.83565753698349,0.83565753698349,0.9877191781997681,,0.7961710347027673,0.8343081678520847,0.796633007496425,0.7992889578763696,acc,0.8302152752876282,0.8302152752876282,1.0370948314666748,,0.7855724415587233,0.8283555476860364,0.7806396460060793,0.793681870667928
roman-empire,GAT-sep,1,512,3e-05,0,970,acc,0.9959403872489929,0.9959403872489929,0.02024286426603794,,0.9938833536742521,0.9959418331404586,0.9949114125494553,0.9929518118500995,acc,0.805472195148468,0.805472195148468,0.8397282361984253,,0.7561501035961243,0.8016284906507367,0.7660302877746972,0.7529555418984112,acc,0.7927991151809692,0.7927991151809692,0.8527436256408691,,0.7347365378934606,0.7902430220649748,0.7408925786264048,0.7339219567870048
roman-empire,GAT-sep,1,512,3e-05,1,730,acc,0.9731709957122803,0.9731709957122803,0.09514211118221283,,0.9637633328414508,0.9730752692275814,0.9670258058403258,0.9615344546939144,acc,0.8135921955108643,0.8135921955108643,0.6866593956947327,,0.7623755810123847,0.8106665085355774,0.7790257208495084,0.7562198611453286,acc,0.8040945529937744,0.8040945529937744,0.7258530259132385,,0.7485811711999325,0.8005602630937411,0.7641407371183039,0.7407256833545701
roman-empire,GAT-sep,1,512,3e-05,2,730,acc,0.974318265914917,0.974318265914917,0.091592937707901,,0.9667613730793173,0.9741897709563249,0.971674395968782,0.9634708043369203,acc,0.7996469140052795,0.7996469140052795,0.7624435424804688,,0.7410068768348478,0.7947737682461539,0.7566930869371334,0.7342426662829794,acc,0.8023296594619751,0.8023296594619751,0.7237025499343872,,0.7458084801505281,0.7975477179635878,0.7648503310658714,0.7374345323317057
roman-empire,GAT-sep,1,512,3e-05,3,890,acc,0.9932927489280701,0.9932927489280701,0.03695819899439812,,0.9906824835463431,0.9932836594557648,0.9926674196073724,0.9888619347771301,acc,0.8058252334594727,0.8058252334594727,0.8037698268890381,,0.743813097565735,0.8028211793806784,0.7593552076627632,0.733464259611285,acc,0.7996823191642761,0.7996823191642761,0.7875809669494629,,0.7442107745900821,0.7972743889756987,0.7571834556194912,0.7361828211232473
roman-empire,GAT-sep,1,512,3e-05,4,1050,acc,0.9984996914863586,0.9984996914863586,0.01325385645031929,,0.9975963622865667,0.9984977247787912,0.9979917436901871,0.9972276624043117,acc,0.8091791272163391,0.8091791272163391,0.8357536792755127,,0.7563580695920484,0.8062580245406497,0.766178755406772,0.7514071728190411,acc,0.7947405576705933,0.7947405576705933,0.8882424235343933,,0.7380561116949748,0.7902331945087846,0.7450429862301713,0.7369529123100621
roman-empire,GAT-sep,1,512,3e-05,5,940,acc,0.9957638382911682,0.9957638382911682,0.023665063083171844,,0.9954220523914142,0.9957615922986423,0.995898597056761,0.9949693519880172,acc,0.8007060885429382,0.8007060885429382,0.8257318735122681,,0.7453553702662681,0.7963629303733311,0.7609837350910424,0.7377664606764437,acc,0.8109777569770813,0.8109777569770813,0.777816116809845,,0.7518306856514259,0.8063183326265908,0.772659100235783,0.7389590500720883
roman-empire,GAT-sep,1,512,3e-05,6,740,acc,0.9737004637718201,0.9737004637718201,0.09174142777919769,,0.9656389896935883,0.9736286961163728,0.9710145624064919,0.9615297560830461,acc,0.7971756458282471,0.7971756458282471,0.759859561920166,,0.7507554070214246,0.7951494924387922,0.7643099652798852,0.7433891594042925,acc,0.7965054512023926,0.7965054512023926,0.7603969573974609,,0.7415725189793192,0.7927194148129538,0.7569485962052352,0.7342891627982766
roman-empire,GAT-sep,1,512,3e-05,7,770,acc,0.9810255169868469,0.9810255169868469,0.07240630686283112,,0.9755233366071239,0.9809548760074618,0.9788145321833096,0.9728307016858374,acc,0.8033539056777954,0.8033539056777954,0.7649592757225037,,0.7474961814295448,0.7987256708860822,0.7691098793104556,0.736878579436038,acc,0.800035297870636,0.800035297870636,0.7856677770614624,,0.7452413511652011,0.7957393164756205,0.7579663490313172,0.7378060161595401
roman-empire,GAT-sep,1,512,3e-05,8,740,acc,0.9731709957122803,0.9731709957122803,0.0952315405011177,,0.9643941181268075,0.9729790904671802,0.9723756237842864,0.9583443561521682,acc,0.804589569568634,0.804589569568634,0.7246553301811218,,0.7487939474868646,0.7993998947885332,0.7695553848773639,0.7395054632463055,acc,0.8014472126960754,0.8014472126960754,0.7413907647132874,,0.7431025092863189,0.7971286317514178,0.7620578534043547,0.7348428732061842
roman-empire,GAT-sep,1,512,3e-05,9,870,acc,0.9926750063896179,0.9926750063896179,0.03581450879573822,,0.9906034428666864,0.9926734599405489,0.9915751991410604,0.989759436578946,acc,0.806354820728302,0.806354820728302,0.7928215265274048,,0.7475652204570111,0.8023774647462405,0.7629749895367822,0.7382465836329305,acc,0.8010942339897156,0.8010942339897156,0.790489673614502,,0.7453847337127383,0.7971797356066167,0.7565427720832935,0.7395933425182425
roman-empire,GAT-sep,2,512,3e-05,0,1670,acc,0.9999117851257324,0.9999117851257324,0.00024136471620295197,,0.9999001782771109,0.9999117903366547,0.9998452491488704,0.9999553411932833,acc,0.8587819933891296,0.8587819933891296,0.8927963376045227,,0.8273944588461605,0.8573498369725057,0.8239054421892996,0.8376296447159375,acc,0.8487468957901001,0.8487468957901001,0.9437056183815002,,0.810945492805166,0.8472507134270403,0.8087303650930905,0.8181101775251312
roman-empire,GAT-sep,2,512,3e-05,1,2100,acc,1.0,1.0,2.9172237191232853e-05,,1.0,1.0,1.0,1.0,acc,0.8676080703735352,0.8676080703735352,0.88893061876297,,0.834421830086222,0.8663254530167085,0.8365899007191256,0.8376059564572382,acc,0.8584539294242859,0.8584539294242859,0.9084018468856812,,0.8248564293793306,0.8568118096649546,0.8288596234204121,0.823351902681996
roman-empire,GAT-sep,2,512,3e-05,2,1460,acc,1.0,1.0,0.00027189034153707325,,1.0,1.0,1.0,1.0,acc,0.8497793078422546,0.8497793078422546,0.8970000743865967,,0.8123766602557108,0.8486604047026819,0.8150678500194192,0.8154340503002863,acc,0.851570725440979,0.851570725440979,0.8369635939598083,,0.8177157693900953,0.8504255113058288,0.8171402192738974,0.8240776295943539
roman-empire,GAT-sep,2,512,3e-05,3,2000,acc,1.0,1.0,6.9509755121544e-05,,1.0,1.0,1.0,1.0,acc,0.8681376576423645,0.8681376576423645,0.8933525085449219,,0.8327865336081315,0.8664438448061352,0.8389719561875723,0.8308918114723043,acc,0.8589833974838257,0.8589833974838257,0.8797392249107361,,0.8264926890171743,0.8570541837992911,0.830701115680671,0.8263842927963482
roman-empire,GAT-sep,2,512,3e-05,4,3270,acc,1.0,1.0,7.509073839173652e-06,,1.0,1.0,1.0,1.0,acc,0.8619593977928162,0.8619593977928162,1.01484215259552,,0.8342445285437571,0.8595053735224388,0.838798083861987,0.83565593404556,acc,0.8570419549942017,0.8570419549942017,1.0566065311431885,,0.8218741092137548,0.8544677611174881,0.8183107734659495,0.8316967810183901
roman-empire,GAT-sep,2,512,3e-05,5,2580,acc,1.0,1.0,1.8306000129086897e-05,,1.0,1.0,1.0,1.0,acc,0.8570167422294617,0.8570167422294617,1.005549669265747,,0.8222840590137276,0.8549356165771413,0.8282690141461916,0.8232780555615323,acc,0.858100950717926,0.858100950717926,0.9175270795822144,,0.8201974588408406,0.8561115413467013,0.8286175158364371,0.8177655653778078
roman-empire,GAT-sep,2,512,3e-05,6,4270,acc,1.0,1.0,2.3220009097713046e-06,,1.0,1.0,1.0,1.0,acc,0.8531332612037659,0.8531332612037659,1.173991084098816,,0.8262737763699854,0.8517555860215312,0.82915122401651,0.8272694457429866,acc,0.8595128655433655,0.8595128655433655,1.0984076261520386,,0.8289068142029978,0.8582829838295948,0.8327801977473384,0.8302907875773342
roman-empire,GAT-sep,2,512,3e-05,7,3670,acc,1.0,1.0,4.37779135609162e-06,,1.0,1.0,1.0,1.0,acc,0.8554280400276184,0.8554280400276184,1.1142274141311646,,0.8193730680217306,0.8527076008958682,0.8255502504685637,0.8197541377713597,acc,0.8519237041473389,0.8519237041473389,1.1552269458770752,,0.8105049086927903,0.8493551372348787,0.8154933972636828,0.8116537349260786
roman-empire,GAT-sep,2,512,3e-05,8,2430,acc,1.0,1.0,9.012972441269085e-05,,1.0,1.0,1.0,1.0,acc,0.8591350317001343,0.8591350317001343,0.9389470219612122,,0.8289746177928863,0.8571542036560162,0.8350842118560445,0.8278988527956779,acc,0.8563359975814819,0.8563359975814819,0.9959922432899475,,0.8210780436218035,0.8547950634169977,0.8248926061924821,0.8238170936459016
roman-empire,GAT-sep,2,512,3e-05,9,1980,acc,0.9999117851257324,0.9999117851257324,0.0001882053620647639,,0.9998999794901763,0.9999117025490416,0.9999553770638108,0.999844816883923,acc,0.858428955078125,0.858428955078125,0.9124210476875305,,0.8267733536945963,0.8565250415823981,0.8304798620648165,0.8289970116983811,acc,0.8538651466369629,0.8538651466369629,0.9155720472335815,,0.8174497506529137,0.8517357920360372,0.8195919647726095,0.8202181132791753
roman-empire,GAT-sep,3,512,3e-05,0,1710,acc,1.0,1.0,0.00019134703325107694,,1.0,1.0,1.0,1.0,acc,0.8820829391479492,0.8820829391479492,0.7843166589736938,,0.8582344881541629,0.8804984191866687,0.8547200970095781,0.8662283004027453,acc,0.8731026649475098,0.8731026649475098,0.7879149317741394,,0.84106897874304,0.8720525250815115,0.8360637758879407,0.8494804585043381
roman-empire,GAT-sep,3,512,3e-05,1,2000,acc,1.0,1.0,3.1839386792853475e-05,,1.0,1.0,1.0,1.0,acc,0.887731671333313,0.887731671333313,0.7509267330169678,,0.8584393777253396,0.886739012534921,0.8549409471265547,0.8652034315893202,acc,0.8810448050498962,0.8810448050498962,0.7624166011810303,,0.8524522787645039,0.8796534544972255,0.8523990097540894,0.8552801263039616
roman-empire,GAT-sep,3,512,3e-05,2,3750,acc,1.0,1.0,4.275615992810344e-06,,1.0,1.0,1.0,1.0,acc,0.873962938785553,0.873962938785553,1.0092344284057617,,0.8433584338171709,0.8725493493107076,0.8458701951188156,0.8433641545731313,acc,0.8799858689308167,0.8799858689308167,0.9176167845726013,,0.8508670527347465,0.8787495866379254,0.8534728727933559,0.8516087316204243
roman-empire,GAT-sep,3,512,3e-05,3,2510,acc,1.0,1.0,1.7980672055273317e-05,,1.0,1.0,1.0,1.0,acc,0.8850838541984558,0.8850838541984558,0.841698944568634,,0.8549533168483436,0.8842425450338415,0.8590113356249323,0.8538865060779194,acc,0.8768090009689331,0.8768090009689331,0.825201690196991,,0.8472132866855402,0.875895727347212,0.8466612002669809,0.8511914462603412
roman-empire,GAT-sep,3,512,3e-05,4,2380,acc,1.0,1.0,2.2418164007831365e-05,,1.0,1.0,1.0,1.0,acc,0.8813768625259399,0.8813768625259399,0.8490233421325684,,0.8565888914198365,0.8798880696646632,0.8592606556798529,0.8569580763149003,acc,0.8773384690284729,0.8773384690284729,0.8418064117431641,,0.8508233094558236,0.8755798092497286,0.8469401835855042,0.8580415463878944
roman-empire,GAT-sep,3,512,3e-05,5,2390,acc,1.0,1.0,2.5202793040079996e-05,,1.0,1.0,1.0,1.0,acc,0.8750220537185669,0.8750220537185669,0.880630612373352,,0.8421755721105494,0.8728688746902079,0.8446314911630913,0.8445623510607109,acc,0.8836921453475952,0.8836921453475952,0.7634602189064026,,0.8532610231902074,0.8827127559434194,0.8585139244898348,0.8508593075346226
roman-empire,GAT-sep,3,512,3e-05,6,1760,acc,1.0,1.0,8.939552208175883e-05,,1.0,1.0,1.0,1.0,acc,0.8714916110038757,0.8714916110038757,0.8324506878852844,,0.8430359595914367,0.8703748965821378,0.8418221700920451,0.8484683254271349,acc,0.8741616606712341,0.8741616606712341,0.8078460693359375,,0.8443776003553389,0.8731024216417997,0.8424745993748134,0.8501536550483779
roman-empire,GAT-sep,3,512,3e-05,7,3370,acc,1.0,1.0,6.053080142010003e-06,,1.0,1.0,1.0,1.0,acc,0.8774933815002441,0.8774933815002441,0.9706214070320129,,0.8449632454617946,0.8750334561262046,0.8488422365813233,0.8459989717590491,acc,0.874514639377594,0.874514639377594,0.9967358708381653,,0.8444750024686348,0.8731215545487743,0.847085476711468,0.8457165230756464
roman-empire,GAT-sep,3,512,3e-05,8,2280,acc,1.0,1.0,3.6853070923825726e-05,,1.0,1.0,1.0,1.0,acc,0.8801411986351013,0.8801411986351013,0.8170697689056396,,0.849048292043875,0.8780810093511555,0.8538514599626265,0.8496624101795875,acc,0.8702788352966309,0.8702788352966309,0.8992639183998108,,0.838696453785181,0.8697198277799391,0.839958600047332,0.8425717192189318
roman-empire,GAT-sep,3,512,3e-05,9,1880,acc,1.0,1.0,6.0568101616809145e-05,,1.0,1.0,1.0,1.0,acc,0.873962938785553,0.873962938785553,0.8199324011802673,,0.8453355796611173,0.8721839008005102,0.8449060336166068,0.8499039022411856,acc,0.8713377714157104,0.8713377714157104,0.8345040082931519,,0.8384921162612553,0.8692123809922182,0.8334967043853401,0.8481306173698235
roman-empire,GAT-sep,4,512,3e-05,0,2730,acc,1.0,1.0,2.711405795707833e-05,,1.0,1.0,1.0,1.0,acc,0.8884377479553223,0.8884377479553223,0.8071165084838867,,0.8651793337144498,0.8867283587683165,0.8626620790879983,0.871488994763914,acc,0.8845746517181396,0.8845746517181396,0.816325843334198,,0.8530422303654239,0.8834732447068776,0.8485800600269626,0.860022031416168
roman-empire,GAT-sep,4,512,3e-05,1,2100,acc,1.0,1.0,3.049016413569916e-05,,1.0,1.0,1.0,1.0,acc,0.8992056250572205,0.8992056250572205,0.68791663646698,,0.8753935351012567,0.8986069306559006,0.8751911419466581,0.8774031072663457,acc,0.8944581747055054,0.8944581747055054,0.7049493789672852,,0.8685120539154243,0.8936775727849191,0.8674823729730252,0.8708119058359222
roman-empire,GAT-sep,4,512,3e-05,2,2590,acc,1.0,1.0,1.6541929653612897e-05,,1.0,1.0,1.0,1.0,acc,0.8840246796607971,0.8840246796607971,0.8383622765541077,,0.8556813816020868,0.882567173204792,0.8568621459064782,0.8569639628227571,acc,0.8875749707221985,0.8875749707221985,0.7719368934631348,,0.8595853763035176,0.886742097375511,0.8609604050716384,0.8603339473819687
roman-empire,GAT-sep,4,512,3e-05,3,1900,acc,1.0,1.0,7.297949196072295e-05,,1.0,1.0,1.0,1.0,acc,0.8912621140480042,0.8912621140480042,0.7343935966491699,,0.8636404578023533,0.8905521476323071,0.8661306862198199,0.8641597321265183,acc,0.8858100771903992,0.8858100771903992,0.7044529914855957,,0.8608372547166983,0.8850585955744323,0.8591494118713081,0.865135236867953
roman-empire,GAT-sep,4,512,3e-05,4,1480,acc,0.9999117851257324,0.9999117851257324,0.00028985802782699466,,0.9998999794901763,0.9999117025490416,0.9999553770638108,0.999844816883923,acc,0.8891438245773315,0.8891438245773315,0.7076671719551086,,0.8690193929371278,0.887958467643239,0.8671849600003094,0.8741733378761731,acc,0.8836921453475952,0.8836921453475952,0.7112353444099426,,0.8561622221137318,0.8820525771224516,0.8516078099051864,0.8638221184466803
roman-empire,GAT-sep,4,512,3e-05,5,2360,acc,1.0,1.0,4.403038110467605e-05,,1.0,1.0,1.0,1.0,acc,0.888614296913147,0.888614296913147,0.7857279777526855,,0.862879672178936,0.8868729785105333,0.8655160034208081,0.864240401505445,acc,0.8951641321182251,0.8951641321182251,0.6972981095314026,,0.8680988609664304,0.8942451033018592,0.8705805523610336,0.8680856599657369
roman-empire,GAT-sep,4,512,3e-05,6,1790,acc,1.0,1.0,9.125328506343067e-05,,1.0,1.0,1.0,1.0,acc,0.8847307562828064,0.8847307562828064,0.7610775828361511,,0.8597666804574087,0.8838772821027859,0.8566718814329218,0.8657116866223105,acc,0.886339545249939,0.886339545249939,0.7233901619911194,,0.8580931184034762,0.8850333183387479,0.8580923154283611,0.8624335296718328
roman-empire,GAT-sep,4,512,3e-05,7,3790,acc,1.0,1.0,6.497986760223284e-06,,1.0,1.0,1.0,1.0,acc,0.8833186030387878,0.8833186030387878,0.9203557968139648,,0.8533078127615084,0.8821347171701441,0.853123764508134,0.857137354391543,acc,0.8799858689308167,0.8799858689308167,0.9226526021957397,,0.8540683385506118,0.8792620639892342,0.8512425327580712,0.859747276498952
roman-empire,GAT-sep,4,512,3e-05,8,3180,acc,1.0,1.0,8.710356269148178e-06,,1.0,1.0,1.0,1.0,acc,0.8891438245773315,0.8891438245773315,0.845061182975769,,0.8622982921169338,0.8876078778156923,0.865990338097109,0.8636110505534212,acc,0.8858100771903992,0.8858100771903992,0.8624319434165955,,0.8597659073301585,0.8849973815445052,0.8604342065061603,0.8626694758031229
roman-empire,GAT-sep,4,512,3e-05,9,1840,acc,1.0,1.0,7.41353869671002e-05,,1.0,1.0,1.0,1.0,acc,0.8861429691314697,0.8861429691314697,0.7307050824165344,,0.8610080937997044,0.88469330256308,0.8557444687633503,0.868742702729315,acc,0.8822802305221558,0.8822802305221558,0.7432151436805725,,0.8522171125905171,0.88065948302668,0.8440948141339217,0.8638245839119282
roman-empire,GAT-sep,5,512,3e-05,0,3150,acc,1.0,1.0,2.7259477064944804e-05,,1.0,1.0,1.0,1.0,acc,0.8963812589645386,0.8963812589645386,0.7995484471321106,,0.875169449425302,0.8950147283895866,0.8701246089359356,0.8823879547154223,acc,0.8893399238586426,0.8893399238586426,0.7974333167076111,,0.8573305941358336,0.8882171842734289,0.8520001091444189,0.8653780997692346
roman-empire,GAT-sep,5,512,3e-05,1,2470,acc,1.0,1.0,2.3851571313571185e-05,,1.0,1.0,1.0,1.0,acc,0.8999117016792297,0.8999117016792297,0.7012713551521301,,0.8727273017156739,0.8991097019854011,0.8718949539384434,0.8757421016235072,acc,0.8985174298286438,0.8985174298286438,0.6868953704833984,,0.8742650634242761,0.8980198116574702,0.876395781268811,0.8731179737037239
roman-empire,GAT-sep,5,512,3e-05,2,3830,acc,1.0,1.0,7.0456412686326075e-06,,1.0,1.0,1.0,1.0,acc,0.8894968628883362,0.8894968628883362,0.8771301507949829,,0.863328200664834,0.8886576387769488,0.8619711362342264,0.8663330623255081,acc,0.8935756683349609,0.8935756683349609,0.8109947443008423,,0.867162297938494,0.8925910900583218,0.8655508260510805,0.8715227650500557
roman-empire,GAT-sep,5,512,3e-05,3,2220,acc,1.0,1.0,3.423339512664825e-05,,1.0,1.0,1.0,1.0,acc,0.8981465101242065,0.8981465101242065,0.7178025841712952,,0.8706158210469903,0.8974105009894112,0.8720035020831021,0.8723594392142275,acc,0.8967525362968445,0.8967525362968445,0.6728857755661011,,0.8747249317131337,0.8961783286188729,0.8723679365014578,0.8790478987394339
roman-empire,GAT-sep,5,512,3e-05,4,2350,acc,1.0,1.0,3.081897011725232e-05,,1.0,1.0,1.0,1.0,acc,0.89496910572052,0.89496910572052,0.7586445808410645,,0.8764573919075853,0.8935221009972211,0.873462598513203,0.8818779928083724,acc,0.8949876427650452,0.8949876427650452,0.7374594807624817,,0.8699384145946415,0.8935595720706576,0.8623654077501077,0.8799475305757204
roman-empire,GAT-sep,5,512,3e-05,5,2410,acc,1.0,1.0,2.956700154754799e-05,,1.0,1.0,1.0,1.0,acc,0.8924977779388428,0.8924977779388428,0.7380406260490417,,0.8677895840345972,0.8910891937881794,0.8694337319544938,0.8688376007367729,acc,0.8997529149055481,0.8997529149055481,0.6814836263656616,,0.8732464995542513,0.8990990661361308,0.8778931377404713,0.8715450111097196
roman-empire,GAT-sep,5,512,3e-05,6,1790,acc,1.0,1.0,6.892350211273879e-05,,1.0,1.0,1.0,1.0,acc,0.8872020840644836,0.8872020840644836,0.743367075920105,,0.8668012580352458,0.887145253125504,0.8643291669785019,0.8736894648079416,acc,0.8962230682373047,0.8962230682373047,0.6779017448425293,,0.873004697435964,0.8957932126297964,0.8706142820480172,0.8783010371159861
roman-empire,GAT-sep,5,512,3e-05,7,1680,acc,0.9999117851257324,0.9999117851257324,0.00022689210891257972,,0.9998999794901763,0.9999117025490416,0.9999553770638108,0.999844816883923,acc,0.8866725564002991,0.8866725564002991,0.7369298934936523,,0.8581003941420657,0.8850928548696542,0.8594590783935855,0.8612784846392586,acc,0.8822802305221558,0.8822802305221558,0.7525668740272522,,0.8534347598047944,0.8813959095416801,0.8521655008628698,0.8593601045087287
roman-empire,GAT-sep,5,512,3e-05,8,1910,acc,1.0,1.0,0.00011134942906210199,,1.0,1.0,1.0,1.0,acc,0.8880847096443176,0.8880847096443176,0.7253005504608154,,0.8634504670878052,0.8867320268117601,0.8672400300260832,0.8635629921749428,acc,0.8792799115180969,0.8792799115180969,0.7603264451026917,,0.8510480032661292,0.8792060462932036,0.852109307108216,0.8529503094528503
roman-empire,GAT-sep,5,512,3e-05,9,1280,acc,0.9998235106468201,0.9998235106468201,0.0006681244121864438,,0.9998001580772063,0.999823493072103,0.9998001580772063,0.9998001580772063,acc,0.8917917013168335,0.8917917013168335,0.6375734210014343,,0.8696493804314578,0.8905072424763287,0.8675225696381473,0.8754284673452261,acc,0.8856335878372192,0.8856335878372192,0.6408926248550415,,0.8609573256058094,0.8848338187253362,0.8526180136059863,0.8723556801145183
roman-empire,GT,1,512,3e-05,0,620,acc,0.9475774765014648,0.9475774765014648,0.16884107887744904,,0.9292919781857422,0.9469400618223359,0.9346431596752058,0.9265334532863024,acc,0.7994704246520996,0.7994704246520996,0.7663599848747253,,0.7458508742394039,0.794020097050667,0.753646484227633,0.7436635842291461,acc,0.7871513962745667,0.7871513962745667,0.7957627773284912,,0.7306249044560517,0.7831249857680138,0.7368718424931593,0.7284686296962629
roman-empire,GT,1,512,3e-05,1,680,acc,0.9608154892921448,0.9608154892921448,0.13359691202640533,,0.9471842836307063,0.9605281081550471,0.9493074847011354,0.9465618114864179,acc,0.8051191568374634,0.8051191568374634,0.7618672847747803,,0.74568084670039,0.800591277077001,0.7527702045907428,0.7454193281689858,acc,0.7996823191642761,0.7996823191642761,0.7760071158409119,,0.7432851387028229,0.794958653455804,0.7495015194486498,0.7425232778150157
roman-empire,GT,1,512,3e-05,2,580,acc,0.9367222785949707,0.9367222785949707,0.19858884811401367,,0.9167805877405922,0.9358930152902546,0.9204147013427549,0.9158253354215478,acc,0.7894086241722107,0.7894086241722107,0.7710394263267517,,0.7315114867642193,0.7838187953388527,0.7390465243710537,0.7294454611552994,acc,0.7903282642364502,0.7903282642364502,0.7460622191429138,,0.7319401199813438,0.7844097357067826,0.7421264968858078,0.7285434763898405
roman-empire,GT,1,512,3e-05,3,760,acc,0.9707881212234497,0.9707881212234497,0.1004176214337349,,0.9609802952489572,0.9706648512961762,0.9627410428701657,0.9599253988351977,acc,0.7971756458282471,0.7971756458282471,0.8258458971977234,,0.7349181814363482,0.7930785508147327,0.741540928219776,0.7330881745059867,acc,0.7913872003555298,0.7913872003555298,0.8072767853736877,,0.7337094851776017,0.7867673814598203,0.740860520001211,0.731119584423991
roman-empire,GT,1,512,3e-05,4,690,acc,0.9613450169563293,0.9613450169563293,0.12945282459259033,,0.947544418067418,0.9610807349751558,0.9506447324959636,0.9458006747518808,acc,0.7984112501144409,0.7984112501144409,0.7818801403045654,,0.7435348835024523,0.7938673783852699,0.7499448771872402,0.7428671780105163,acc,0.7809742093086243,0.7809742093086243,0.8256105780601501,,0.721918100665495,0.7761556705046313,0.7243175859028133,0.7245883219778614
roman-empire,GT,1,512,3e-05,5,660,acc,0.9504898190498352,0.9504898190498352,0.15828518569469452,,0.9348030982042381,0.9499681196045163,0.9402776442736328,0.9318646233936124,acc,0.796469509601593,0.796469509601593,0.751596987247467,,0.7377245830040678,0.7924845442870035,0.7430134628221631,0.7364944371020095,acc,0.7995058298110962,0.7995058298110962,0.7152122259140015,,0.7362447138721145,0.7943352014404462,0.7443961361623731,0.7337405910738993
roman-empire,GT,1,512,3e-05,6,690,acc,0.9597564339637756,0.9597564339637756,0.13022536039352417,,0.9446815023420552,0.9594291635422081,0.9486190432449781,0.9432131635086611,acc,0.7906442880630493,0.7906442880630493,0.8153292536735535,,0.7361755622030576,0.7873330874291832,0.741674688469351,0.7345445763149817,acc,0.7896223068237305,0.7896223068237305,0.8253248333930969,,0.732584706625215,0.7852009733535074,0.7401933912092614,0.7294499692444859
roman-empire,GT,1,512,3e-05,7,650,acc,0.956579327583313,0.956579327583313,0.14594252407550812,,0.9394309152108593,0.9561123471953256,0.9433263482853351,0.93742800409696,acc,0.7924095392227173,0.7924095392227173,0.7910069227218628,,0.7353883670459845,0.7874835076739013,0.7480026399950384,0.730179256286773,acc,0.7882103323936462,0.7882103323936462,0.8074476718902588,,0.7309563937211669,0.7829096159122704,0.7415279121374247,0.7259977518171965
roman-empire,GT,1,512,3e-05,8,610,acc,0.9406936764717102,0.9406936764717102,0.1850440353155136,,0.916041622616025,0.9399337045061644,0.9227973439455922,0.9129926516625031,acc,0.789055585861206,0.789055585861206,0.763305127620697,,0.7264719449615699,0.7837416732364686,0.7339290386266899,0.7258270014996161,acc,0.7926226258277893,0.7926226258277893,0.7629608511924744,,0.7252908295980345,0.787168783391457,0.7321632691310569,0.7262804812939596
roman-empire,GT,1,512,3e-05,9,600,acc,0.9357514977455139,0.9357514977455139,0.2025764286518097,,0.9172264382086309,0.9346440243802407,0.9199573436878593,0.9168968653713324,acc,0.7911738753318787,0.7911738753318787,0.7501580715179443,,0.7280020430808709,0.7848653227858332,0.7342098653650565,0.7284791490105128,acc,0.7855629920959473,0.7855629920959473,0.7579055428504944,,0.7246782159691721,0.7803324825341134,0.7277094611289503,0.7274724769106222
roman-empire,GT,2,512,3e-05,0,3030,acc,1.0,1.0,6.646020483458415e-05,,1.0,1.0,1.0,1.0,acc,0.8453662395477295,0.8453662395477295,1.1278965473175049,,0.810752681520084,0.8420848704906029,0.8145453120244601,0.811601867180542,acc,0.8314507603645325,0.8314507603645325,1.2074695825576782,,0.7927521567696941,0.8283789705890691,0.7941001269307878,0.7949571166298505
roman-empire,GT,2,512,3e-05,1,1140,acc,1.0,1.0,0.00139049522113055,,1.0,1.0,1.0,1.0,acc,0.8538393378257751,0.8538393378257751,0.7995811104774475,,0.8170105805384689,0.8512962156072044,0.8181817090834316,0.8198621851355914,acc,0.8464524745941162,0.8464524745941162,0.8175839781761169,,0.8118522205861051,0.8447317101887731,0.8209504845884321,0.8060846746453765
roman-empire,GT,2,512,3e-05,2,2040,acc,1.0,1.0,8.300962508656085e-05,,1.0,1.0,1.0,1.0,acc,0.8437775373458862,0.8437775373458862,1.0508140325546265,,0.8048913052056872,0.8406743170068146,0.8073661562121293,0.8048810848358147,acc,0.8413342237472534,0.8413342237472534,1.0180174112319946,,0.8041337657947264,0.8390235886869005,0.8069788629431521,0.8034505641537497
roman-empire,GT,2,512,3e-05,3,3800,acc,1.0,1.0,1.0111736628459767e-05,,1.0,1.0,1.0,1.0,acc,0.8513680100440979,0.8513680100440979,1.1861158609390259,,0.8134429151599954,0.8486358253903213,0.8203263122727075,0.8086772031373723,acc,0.8513942360877991,0.8513942360877991,1.114957571029663,,0.8190480463009151,0.8492818246058649,0.8232389671202341,0.8170443252536357
roman-empire,GT,2,512,3e-05,4,2020,acc,1.0,1.0,0.00019816684653051198,,1.0,1.0,1.0,1.0,acc,0.8467784523963928,0.8467784523963928,0.9701680541038513,,0.8161715636428117,0.8442506937142146,0.8151610905604321,0.8201796848164972,acc,0.8459230065345764,0.8459230065345764,1.0143632888793945,,0.8112395285693572,0.8434729167416841,0.808650198555413,0.8170924164398405
roman-empire,GT,2,512,3e-05,5,2340,acc,0.9998235106468201,0.9998235106468201,0.00029283209005370736,,0.9997997592611342,0.999823316749837,0.9999108257535225,0.9996896337678459,acc,0.8439540863037109,0.8439540863037109,1.043105959892273,,0.8090563589163635,0.8411821756157211,0.8128603644696129,0.8084057990375718,acc,0.8499823212623596,0.8499823212623596,0.9571084380149841,,0.8091880226066005,0.8473856341100826,0.8144933597787258,0.8069883605419714
roman-empire,GT,2,512,3e-05,6,1450,acc,0.9997352361679077,0.9997352361679077,0.0008569537894800305,,0.9996975451937057,0.9997350750807716,0.9997495251038302,0.9996458035627804,acc,0.8351279497146606,0.8351279497146606,0.9690459966659546,,0.8051815741064613,0.833657482236206,0.8054472819743128,0.8067776405025049,acc,0.8388633728027344,0.8388633728027344,0.9250829815864563,,0.8067526123107144,0.8370549727537511,0.8117237082344541,0.8039945291803957
roman-empire,GT,2,512,3e-05,7,2150,acc,1.0,1.0,0.00012133764539612457,,1.0,1.0,1.0,1.0,acc,0.842012345790863,0.842012345790863,1.072554349899292,,0.8070738752947304,0.8397350480366956,0.8074732542967887,0.809877254090189,acc,0.8438051342964172,0.8438051342964172,1.0895299911499023,,0.8063447184841133,0.8414796307354795,0.8080816856696036,0.807140652517132
roman-empire,GT,2,512,3e-05,8,720,acc,0.9938222765922546,0.9938222765922546,0.028158200904726982,,0.9918788608862464,0.9938151360606658,0.9910513776641139,0.99276137436249,acc,0.8377757668495178,0.8377757668495178,0.6755883097648621,,0.7999776738593405,0.835746241526401,0.8005386549307482,0.8024919123825286,acc,0.8291563391685486,0.8291563391685486,0.7147565484046936,,0.7898067319927633,0.8272603060645102,0.7897178534075223,0.7936114482288333
roman-empire,GT,2,512,3e-05,9,1430,acc,0.9996470212936401,0.9996470212936401,0.001086405129171908,,0.9995973085743342,0.9996469530186325,0.9995943419877532,0.9996003161544126,acc,0.8427184224128723,0.8427184224128723,0.9193360209465027,,0.804055664778843,0.8392339245337317,0.8036479324453006,0.8087460018230386,acc,0.8335686326026917,0.8335686326026917,0.9594943523406982,,0.7935633554143032,0.8297107118464527,0.7950922808841147,0.795597321294723
roman-empire,GT,3,512,3e-05,0,1240,acc,0.9999117851257324,0.9999117851257324,0.0007122984970919788,,0.9999001782771109,0.9999117903366547,0.9998452491488704,0.9999553411932833,acc,0.8582524061203003,0.8582524061203003,0.7759591341018677,,0.8242111166172893,0.8555008794293454,0.8252995863078585,0.8269424061431461,acc,0.8526297211647034,0.8526297211647034,0.839309811592102,,0.8131724797363354,0.8501327316507765,0.8112819779851437,0.8177591245233542
roman-empire,GT,3,512,3e-05,1,2170,acc,1.0,1.0,4.632384661817923e-05,,1.0,1.0,1.0,1.0,acc,0.8767872452735901,0.8767872452735901,0.8151829242706299,,0.8439266155274725,0.8752216607097273,0.8443878993909006,0.8452600028400505,acc,0.8722202181816101,0.8722202181816101,0.8687264323234558,,0.8448999889480961,0.8703846514607045,0.849064916824378,0.8430205628322444
roman-empire,GT,3,512,3e-05,2,1650,acc,1.0,1.0,0.00023961828264873475,,1.0,1.0,1.0,1.0,acc,0.8610767722129822,0.8610767722129822,0.8778327107429504,,0.8277152898364714,0.858782013975037,0.8284421139491069,0.8287177906543949,acc,0.8651605844497681,0.8651605844497681,0.8213093876838684,,0.8304828428287865,0.8626483747848331,0.8341354626042905,0.8295198393545422
roman-empire,GT,3,512,3e-05,3,3250,acc,1.0,1.0,1.4406796253751963e-05,,1.0,1.0,1.0,1.0,acc,0.8716681003570557,0.8716681003570557,0.9791198372840881,,0.8381146287738089,0.8697145681912981,0.8452611425398535,0.8329673589629115,acc,0.8702788352966309,0.8702788352966309,0.9563892483711243,,0.8425098703141315,0.8682739743488268,0.848648230136972,0.8385165129789156
roman-empire,GT,3,512,3e-05,4,1530,acc,0.9999117851257324,0.9999117851257324,0.00035290568484924734,,0.9998999794901763,0.9999117025490416,0.9999553770638108,0.999844816883923,acc,0.8614298105239868,0.8614298105239868,0.8186209797859192,,0.8358448782436942,0.8595160880341606,0.8363582421810054,0.8376146528306877,acc,0.8565124869346619,0.8565124869346619,0.850864827632904,,0.8233312445158316,0.8539609890858124,0.8183527310995974,0.8309110847581435
roman-empire,GT,3,512,3e-05,5,3030,acc,1.0,1.0,4.240254929754883e-05,,1.0,1.0,1.0,1.0,acc,0.8683142066001892,0.8683142066001892,0.933306872844696,,0.8367982556173212,0.8657527852396729,0.8397711782226237,0.8363562177473676,acc,0.8718672394752502,0.8718672394752502,0.8780149817466736,,0.8355851125878825,0.870021339241772,0.8414080378584453,0.8327047888673479
roman-empire,GT,3,512,3e-05,6,1980,acc,1.0,1.0,9.868300548987463e-05,,1.0,1.0,1.0,1.0,acc,0.8607237339019775,0.8607237339019775,0.8989077806472778,,0.8304753160127003,0.8593578633915948,0.8293070347637796,0.8333426779921411,acc,0.867807924747467,0.867807924747467,0.8641972541809082,,0.8382219057500241,0.8662934969048907,0.8389529143981543,0.8392906206212104
roman-empire,GT,3,512,3e-05,7,1890,acc,1.0,1.0,9.949966624844819e-05,,1.0,1.0,1.0,1.0,acc,0.8610767722129822,0.8610767722129822,0.9326441884040833,,0.8283772225808859,0.8592881001025197,0.8307953024453218,0.8295417866110024,acc,0.8579244613647461,0.8579244613647461,0.9417404532432556,,0.8218750266432848,0.8560844180270252,0.8242528386946454,0.8224993874778022
roman-empire,GT,3,512,3e-05,8,2370,acc,1.0,1.0,3.817146716755815e-05,,1.0,1.0,1.0,1.0,acc,0.8679611682891846,0.8679611682891846,0.8913329243659973,,0.8393833084397577,0.8661806750073032,0.8434318997933777,0.8370902072514668,acc,0.8603953123092651,0.8603953123092651,0.9381007552146912,,0.82682297048398,0.8585263509475866,0.8283999579862135,0.8282604393788391
roman-empire,GT,3,512,3e-05,9,3240,acc,1.0,1.0,1.2632433026738e-05,,1.0,1.0,1.0,1.0,acc,0.8653132915496826,0.8653132915496826,0.9600434303283691,,0.8317701766435549,0.8632127473756324,0.8330391179945973,0.8334401902950019,acc,0.8635721802711487,0.8635721802711487,0.9965140223503113,,0.8303395744684081,0.8614698203620514,0.8300236937563985,0.8327803782883987
roman-empire,GT,4,512,3e-05,0,3060,acc,1.0,1.0,1.8658847693586722e-05,,1.0,1.0,1.0,1.0,acc,0.8729037642478943,0.8729037642478943,0.8787854909896851,,0.8407695636587573,0.8708999516775303,0.8382191338728195,0.8459008950133883,acc,0.8686904311180115,0.8686904311180115,0.9152275323867798,,0.8352835797835889,0.8670062950743754,0.8319676530229096,0.8402879749601995
roman-empire,GT,4,512,3e-05,1,2640,acc,1.0,1.0,2.6577827156870626e-05,,1.0,1.0,1.0,1.0,acc,0.8834951519966125,0.8834951519966125,0.8371849656105042,,0.8533694006195818,0.8818972858497167,0.8537786057877836,0.854411725047244,acc,0.8755735754966736,0.8755735754966736,0.8459126353263855,,0.8460283823043979,0.8736184016743691,0.8550996785668445,0.8395725697458996
roman-empire,GT,4,512,3e-05,2,2430,acc,1.0,1.0,3.745100548258051e-05,,1.0,1.0,1.0,1.0,acc,0.8746690154075623,0.8746690154075623,0.8851144313812256,,0.8443664951157769,0.8726499315279684,0.8466692423875078,0.8436216781083719,acc,0.8757500648498535,0.8757500648498535,0.8115477561950684,,0.8463473167921297,0.874186009486118,0.8464860371860927,0.8479534077175354
roman-empire,GT,4,512,3e-05,3,2590,acc,1.0,1.0,2.5539477064739913e-05,,1.0,1.0,1.0,1.0,acc,0.8843777179718018,0.8843777179718018,0.8542506694793701,,0.8504153096795385,0.8827051826324794,0.8561414685035917,0.8469717620673076,acc,0.881750762462616,0.881750762462616,0.8050702214241028,,0.8532531305097066,0.8803600740573702,0.853974670124501,0.8542927118128523
roman-empire,GT,4,512,3e-05,4,2880,acc,1.0,1.0,1.876320857263636e-05,,1.0,1.0,1.0,1.0,acc,0.8817299008369446,0.8817299008369446,0.8605836033821106,,0.8596876868602285,0.8801517180662721,0.8614990081247061,0.859357988467776,acc,0.8783974051475525,0.8783974051475525,0.848429262638092,,0.8508806462605534,0.8763481300718977,0.8481892038937464,0.8556925243200797
roman-empire,GT,4,512,3e-05,5,3110,acc,1.0,1.0,1.5956682545947842e-05,,1.0,1.0,1.0,1.0,acc,0.8760811686515808,0.8760811686515808,0.8796634674072266,,0.8467546037486962,0.8742050827522079,0.8479412957074458,0.8474533128232641,acc,0.8808683156967163,0.8808683156967163,0.7975042462348938,,0.8459613343474337,0.8792472108868253,0.8511912819894172,0.8432654830648748
roman-empire,GT,4,512,3e-05,6,2860,acc,1.0,1.0,2.1359994207159616e-05,,1.0,1.0,1.0,1.0,acc,0.8753750920295715,0.8753750920295715,0.9059749841690063,,0.8494178110399496,0.874229881137335,0.8481696674075841,0.8521648051953113,acc,0.8780444264411926,0.8780444264411926,0.8587355017662048,,0.8503656139373424,0.8769072189955448,0.8512928141238646,0.8510807605585209
roman-empire,GT,4,512,3e-05,7,1710,acc,1.0,1.0,0.0001704109163256362,,1.0,1.0,1.0,1.0,acc,0.8706089854240417,0.8706089854240417,0.8309983015060425,,0.8397686549863287,0.8688726386128354,0.8408986535469656,0.8406150610229075,acc,0.8660430312156677,0.8660430312156677,0.8510568737983704,,0.8329846493507255,0.8643341091882718,0.8354450662896507,0.8329334479237517
roman-empire,GT,4,512,3e-05,8,2400,acc,1.0,1.0,3.143891444779001e-05,,1.0,1.0,1.0,1.0,acc,0.8748455047607422,0.8748455047607422,0.830122709274292,,0.8466676496032157,0.8729208013467077,0.8499188811380606,0.845643634117861,acc,0.8672784566879272,0.8672784566879272,0.8817487955093384,,0.8356167376610917,0.8658687258583637,0.8325111394583113,0.8408419685686126
roman-empire,GT,4,512,3e-05,9,2680,acc,1.0,1.0,2.5922647182596847e-05,,1.0,1.0,1.0,1.0,acc,0.8792585730552673,0.8792585730552673,0.8406568169593811,,0.8512666268629172,0.8769959714437071,0.8561743065752344,0.8492938645298563,acc,0.874514639377594,0.874514639377594,0.8688548803329468,,0.8417385341948598,0.8719718321934168,0.8423506297452026,0.8438675798350312
roman-empire,GT,5,512,3e-05,0,4000,acc,1.0,1.0,8.79700110090198e-06,,1.0,1.0,1.0,1.0,acc,0.8827890157699585,0.8827890157699585,0.8746339678764343,,0.855533599814382,0.8805585277412076,0.8548992813471404,0.8588477893599701,acc,0.8775149583816528,0.8775149583816528,0.9102488160133362,,0.8427820285145013,0.8759740976050971,0.8400191026972624,0.8471923314518462
roman-empire,GT,5,512,3e-05,1,2150,acc,1.0,1.0,6.007217598380521e-05,,1.0,1.0,1.0,1.0,acc,0.8902029991149902,0.8902029991149902,0.7386099100112915,,0.8612490388034515,0.8889207290230021,0.8570577149309678,0.8672161178598913,acc,0.8865160346031189,0.8865160346031189,0.7458816766738892,,0.8607253626317211,0.8849973182848625,0.8644949656709987,0.8589094528100606
roman-empire,GT,5,512,3e-05,2,2060,acc,1.0,1.0,5.67800561839249e-05,,1.0,1.0,1.0,1.0,acc,0.8781994581222534,0.8781994581222534,0.8389875292778015,,0.849689738917039,0.8764517704038325,0.8515244895401195,0.8490634296970214,acc,0.8780444264411926,0.8780444264411926,0.7570663094520569,,0.8470397554018324,0.8762451318456365,0.8485288242352572,0.8475424459509556
roman-empire,GT,5,512,3e-05,3,2550,acc,1.0,1.0,3.0500881621264853e-05,,1.0,1.0,1.0,1.0,acc,0.8914386630058289,0.8914386630058289,0.7773207426071167,,0.8610374101640063,0.8901338894847076,0.8653817608182068,0.8582191262188847,acc,0.8858100771903992,0.8858100771903992,0.7776315808296204,,0.8600646274606016,0.8847946510453967,0.8612564643188314,0.8599643757956543
roman-empire,GT,5,512,3e-05,4,2130,acc,1.0,1.0,5.648562000715174e-05,,1.0,1.0,1.0,1.0,acc,0.8827890157699585,0.8827890157699585,0.8003602027893066,,0.8600452081889782,0.8809445896836182,0.8634158327532211,0.8595760946858141,acc,0.8822802305221558,0.8822802305221558,0.7761999368667603,,0.8558687881574025,0.8801488135138591,0.8528568082517878,0.8627998268421719
roman-empire,GT,5,512,3e-05,5,3010,acc,1.0,1.0,1.773025724105537e-05,,1.0,1.0,1.0,1.0,acc,0.8813768625259399,0.8813768625259399,0.8332153558731079,,0.8549309182304978,0.8793642982276573,0.8581785486953921,0.8531052279515146,acc,0.8932226896286011,0.8932226896286011,0.7384544610977173,,0.860889883303763,0.8917258391632966,0.8654146755346667,0.858285015510208
roman-empire,GT,5,512,3e-05,6,2670,acc,1.0,1.0,2.4993194529088214e-05,,1.0,1.0,1.0,1.0,acc,0.885966420173645,0.885966420173645,0.8366947174072266,,0.8618147748080485,0.8848784560553177,0.8609644716310796,0.8639696190363613,acc,0.8859865665435791,0.8859865665435791,0.8202723264694214,,0.8590967400997936,0.8844448120715941,0.862629689064099,0.8576475741505232
roman-empire,GT,5,512,3e-05,7,3000,acc,1.0,1.0,1.95354859897634e-05,,1.0,1.0,1.0,1.0,acc,0.8781994581222534,0.8781994581222534,0.9019143581390381,,0.845873578920356,0.8767625494462892,0.8455911754854916,0.8483878983395887,acc,0.8757500648498535,0.8757500648498535,0.9039136171340942,,0.8450635568616005,0.8746794982702176,0.8451495382730887,0.8467676387896902
roman-empire,GT,5,512,3e-05,8,1480,acc,1.0,1.0,0.0002385169209446758,,1.0,1.0,1.0,1.0,acc,0.8812003135681152,0.8812003135681152,0.6853736042976379,,0.8529409285272185,0.8791688439253669,0.8535819756997421,0.8545233915550718,acc,0.8762795329093933,0.8762795329093933,0.7438070178031921,,0.8464917692247858,0.874922000170116,0.8449814157496052,0.8498687721741055
roman-empire,GT,5,512,3e-05,9,3200,acc,1.0,1.0,1.4071159966988489e-05,,1.0,1.0,1.0,1.0,acc,0.8894968628883362,0.8894968628883362,0.8132055997848511,,0.8634421952782154,0.887660453580186,0.8695913851281474,0.8593271882834019,acc,0.8835156559944153,0.8835156559944153,0.8312812447547913,,0.855893056841988,0.8817925628876548,0.8566134815846357,0.8565414924083924
roman-empire,GT-sep,1,512,3e-05,0,870,acc,0.9864090085029602,0.9864090085029602,0.056318994611501694,,0.9805691701917847,0.9863787503084948,0.982186612824508,0.9793083788710377,acc,0.797352135181427,0.797352135181427,0.8895062208175659,,0.7410283421512887,0.7925334269424895,0.7462153488380927,0.7396712884155734,acc,0.7818566560745239,0.7818566560745239,0.9413113594055176,,0.7205919430172469,0.7776220331512156,0.7228953719017074,0.7227035845594052
roman-empire,GT-sep,1,512,3e-05,1,510,acc,0.912540853023529,0.912540853023529,0.27414190769195557,,0.8844217341769768,0.9108453098113807,0.8934885325347177,0.8807680135319058,acc,0.8026478290557861,0.8026478290557861,0.679796040058136,,0.7441918988794574,0.796700604918416,0.7594692463481921,0.7409624227670896,acc,0.7950935363769531,0.7950935363769531,0.710512638092041,,0.7348765870481888,0.7885133054483253,0.7473458753101071,0.7330965760887871
roman-empire,GT-sep,1,512,3e-05,2,860,acc,0.9834083914756775,0.9834083914756775,0.06341257691383362,,0.9757118034568436,0.9833946392888303,0.9764236390986957,0.9754263479337825,acc,0.7876434326171875,0.7876434326171875,0.9086233973503113,,0.7302549026439279,0.7830706699895736,0.7341649661529062,0.7291237253025739,acc,0.7882103323936462,0.7882103323936462,0.8797996640205383,,0.7283255097623906,0.783595304472096,0.7349176787079325,0.7251383535894171
roman-empire,GT-sep,1,512,3e-05,3,820,acc,0.9799664616584778,0.9799664616584778,0.07495921850204468,,0.9730969881461431,0.9799158789895297,0.9744164995466923,0.9721866950394917,acc,0.7931156158447266,0.7931156158447266,0.8570032119750977,,0.7277959017355499,0.7894238722228983,0.733963941014578,0.7237422802372506,acc,0.7919166684150696,0.7919166684150696,0.8534895777702332,,0.7397121675361705,0.7878622775428046,0.7470923662669596,0.7370906313122627
roman-empire,GT-sep,1,512,3e-05,4,880,acc,0.9860559701919556,0.9860559701919556,0.05829370394349098,,0.9784549502144811,0.9860282982106781,0.9802960134385343,0.9769465990493065,acc,0.7959399819374084,0.7959399819374084,0.8957133889198303,,0.7439165851576259,0.792216957751938,0.749464910842503,0.7425050505984427,acc,0.786268949508667,0.786268949508667,0.9300805330276489,,0.7285960554057813,0.7818243372380426,0.7286943186713283,0.7322097341137864
roman-empire,GT-sep,1,512,3e-05,5,660,acc,0.9482834935188293,0.9482834935188293,0.16825930774211884,,0.9316186758909486,0.9476769153169247,0.9346831614613925,0.9305378633362688,acc,0.7969990968704224,0.7969990968704224,0.7541926503181458,,0.7408405738118964,0.7927610403043387,0.7461302305957255,0.7388717953200401,acc,0.8037415742874146,0.8037415742874146,0.7100628018379211,,0.7365286539877609,0.7987123438569966,0.7446400578486542,0.7333556029469692
roman-empire,GT-sep,1,512,3e-05,6,730,acc,0.9638161063194275,0.9638161063194275,0.11719352006912231,,0.9486471890458547,0.9635776180952724,0.9512447059868266,0.9477115941028287,acc,0.7879964709281921,0.7879964709281921,0.8410566449165344,,0.7345058359451789,0.7842588265260281,0.7408221019220534,0.7319857151535889,acc,0.7875043749809265,0.7875043749809265,0.8542378544807434,,0.7301971872557983,0.7825168236627236,0.738851075327239,0.7262867598524712
roman-empire,GT-sep,1,512,3e-05,7,780,acc,0.9728179574012756,0.9728179574012756,0.09530065953731537,,0.9618906515916661,0.9726850191509184,0.963928654093798,0.9607296891493066,acc,0.797352135181427,0.797352135181427,0.847601592540741,,0.7401987961258338,0.7937447982306701,0.7474130305857012,0.7376732096043996,acc,0.7913872003555298,0.7913872003555298,0.8574129343032837,,0.7344337588907301,0.7863442205189076,0.745492289808621,0.7290744027604097
roman-empire,GT-sep,1,512,3e-05,8,710,acc,0.9578148722648621,0.9578148722648621,0.13787679374217987,,0.94148967199859,0.9574380094794227,0.9462084252484018,0.9393133633042612,acc,0.7929390668869019,0.7929390668869019,0.7897801399230957,,0.737183205210229,0.7878687865569011,0.7453131698907033,0.7355047291013563,acc,0.7931520938873291,0.7931520938873291,0.795624852180481,,0.7278745818282916,0.7877959250883061,0.7367446580112397,0.7274197056637717
roman-empire,GT-sep,1,512,3e-05,9,750,acc,0.965934157371521,0.965934157371521,0.11698875576257706,,0.9529863333128871,0.9656929613943221,0.9562626332934018,0.9508168192774057,acc,0.789055585861206,0.789055585861206,0.8350679874420166,,0.7194978680352744,0.7825420266566171,0.7282336256039869,0.7176273474644411,acc,0.7882103323936462,0.7882103323936462,0.8280948400497437,,0.7237827667724999,0.7822709623315226,0.7285631310461769,0.7246065921297301
roman-empire,GT-sep,2,512,3e-05,0,1340,acc,0.9998235106468201,0.9998235106468201,0.0010833266424015164,,0.9998005544139102,0.9998236679031057,0.9996913580246913,0.9999106823865667,acc,0.8409532308578491,0.8409532308578491,0.9037798047065735,,0.8062043006131082,0.8379862012443975,0.8059825781287197,0.8121245275571706,acc,0.8291563391685486,0.8291563391685486,0.9765788912773132,,0.7901996306331411,0.8271609272867897,0.7888911755584632,0.7950541617502452
roman-empire,GT-sep,2,512,3e-05,1,1360,acc,1.0,1.0,0.0005826359847560525,,1.0,1.0,1.0,1.0,acc,0.8513680100440979,0.8513680100440979,0.8894608616828918,,0.8154242315744114,0.8494824470256344,0.8194270845863244,0.8145842055041586,acc,0.8413342237472534,0.8413342237472534,0.9239779114723206,,0.8036083421571191,0.8390860823984456,0.8103521410558867,0.7997188885624579
roman-empire,GT-sep,2,512,3e-05,2,2720,acc,1.0,1.0,3.4297132515348494e-05,,1.0,1.0,1.0,1.0,acc,0.842012345790863,0.842012345790863,1.1530921459197998,,0.8030404986825161,0.8387434371300891,0.8089385621470814,0.8004816922866761,acc,0.8393928408622742,0.8393928408622742,1.1151032447814941,,0.8015110907164259,0.8362222021378235,0.8045309536010453,0.8015767476333635
roman-empire,GT-sep,2,512,3e-05,3,1590,acc,0.9997352361679077,0.9997352361679077,0.0006573059363290668,,0.9995243688615112,0.9997352606832861,0.9994986579750038,0.9995514622903351,acc,0.8474845290184021,0.8474845290184021,0.9781606793403625,,0.8111808333763909,0.8457363534507022,0.8128046050026712,0.811124822585063,acc,0.8423932194709778,0.8423932194709778,0.9651092886924744,,0.8052992376242499,0.8400474141827995,0.8071250776516903,0.8053937290838363
roman-empire,GT-sep,2,512,3e-05,4,2140,acc,1.0,1.0,0.00011902974802069366,,1.0,1.0,1.0,1.0,acc,0.8483671545982361,0.8483671545982361,1.053496241569519,,0.8197549660476895,0.8459915241262252,0.8219955108770611,0.8210869513544377,acc,0.8385103940963745,0.8385103940963745,1.0737359523773193,,0.8033512444477287,0.8353315116772625,0.7966697947123689,0.8137989939291206
roman-empire,GT-sep,2,512,3e-05,5,1750,acc,0.9999117851257324,0.9999117851257324,0.0005199476727284491,,0.9998971835282499,0.999911787957982,0.9998452491488704,0.9999493568317634,acc,0.8402470946311951,0.8402470946311951,0.9924986362457275,,0.8019073502887964,0.8376071545457793,0.8021768672584091,0.8041964596615948,acc,0.8438051342964172,0.8438051342964172,0.937728226184845,,0.801549510114608,0.840820795353946,0.8078291264796459,0.8004443956129342
roman-empire,GT-sep,2,512,3e-05,6,1170,acc,0.9997352361679077,0.9997352361679077,0.0017830891301855445,,0.9997077672691432,0.9997352011681468,0.9997561809669807,0.9996595504657996,acc,0.8307148814201355,0.8307148814201355,0.9434956312179565,,0.7972051214413209,0.8293136879543946,0.7974346075630065,0.798768303588217,acc,0.8376279473304749,0.8376279473304749,0.932466447353363,,0.799290664161791,0.8359884529307284,0.8023895238913301,0.7983643879145759
roman-empire,GT-sep,2,512,3e-05,7,3720,acc,1.0,1.0,9.92339937511133e-06,,1.0,1.0,1.0,1.0,acc,0.8384819030761719,0.8384819030761719,1.2632527351379395,,0.8056449084426425,0.8359963562474916,0.8089978402401806,0.8051523624391846,acc,0.8328626751899719,0.8328626751899719,1.2861201763153076,,0.7915749402520382,0.82959241141233,0.7947772339285843,0.7914190712286486
roman-empire,GT-sep,2,512,3e-05,8,1700,acc,0.9999117851257324,0.9999117851257324,0.00040607305709272623,,0.9999001782771109,0.9999117027354484,0.9999553411932833,0.9998452491488704,acc,0.8388349413871765,0.8388349413871765,0.9945268630981445,,0.8020561705380761,0.8357279699240667,0.8045590807408699,0.802432397590066,acc,0.8312742710113525,0.8312742710113525,1.0108356475830078,,0.7881270567708688,0.8284309551539596,0.7851877885159139,0.795076402538712
roman-empire,GT-sep,2,512,3e-05,9,1820,acc,0.9999117851257324,0.9999117851257324,0.00035308278165757656,,0.9998999794901763,0.9999117025490416,0.9999553770638108,0.999844816883923,acc,0.842012345790863,0.842012345790863,1.0025651454925537,,0.8030291179690914,0.8389441990283244,0.804932657009881,0.8042693834713313,acc,0.8344510793685913,0.8344510793685913,1.029840111732483,,0.7965323970131889,0.8312053048653045,0.7994404473888981,0.7964202287390074
roman-empire,GT-sep,3,512,3e-05,0,2080,acc,0.9999117851257324,0.9999117851257324,0.0001511534210294485,,0.9999001782771109,0.9999117903366547,0.9998452491488704,0.9999553411932833,acc,0.8524271845817566,0.8524271845817566,0.9890317916870117,,0.8199393322167644,0.8496974791664089,0.8187680590299987,0.8245705683171187,acc,0.8468054533004761,0.8468054533004761,1.0109302997589111,,0.8070648601707914,0.8443685752826995,0.8075876443042406,0.8089126870692784
roman-empire,GT-sep,3,512,3e-05,1,2390,acc,1.0,1.0,3.881473821820691e-05,,1.0,1.0,1.0,1.0,acc,0.8699029088020325,0.8699029088020325,0.9171283841133118,,0.8389350354643831,0.867747029864869,0.8387137394472388,0.8412554000538128,acc,0.8605718016624451,0.8605718016624451,0.9661695957183838,,0.8292444059749087,0.8583013364052161,0.8322900184671542,0.8281724074442057
roman-empire,GT-sep,3,512,3e-05,2,2160,acc,1.0,1.0,5.9765072364825755e-05,,1.0,1.0,1.0,1.0,acc,0.858428955078125,0.858428955078125,0.9833717346191406,,0.822171036479825,0.8561683857781079,0.8263546067772318,0.820474679911722,acc,0.8549240827560425,0.8549240827560425,0.9417381882667542,,0.8193410926881974,0.8521952352161669,0.8250054552408533,0.8168103466984775
roman-empire,GT-sep,3,512,3e-05,3,3790,acc,1.0,1.0,1.0185504834225867e-05,,1.0,1.0,1.0,1.0,acc,0.865842878818512,0.865842878818512,1.0727159976959229,,0.8287407920443268,0.8643131487237913,0.8326240933942191,0.8272376558729803,acc,0.8614542484283447,0.8614542484283447,1.0677188634872437,,0.8294710565527851,0.8596455276024687,0.8324268810078458,0.8284937058048081
roman-empire,GT-sep,3,512,3e-05,4,580,acc,0.9878210425376892,0.9878210425376892,0.04964136332273483,,0.9838739752885064,0.9877923308743412,0.9823730209422634,0.9855667527166181,acc,0.8518975973129272,0.8518975973129272,0.6041689515113831,,0.8215361093767966,0.84987737426867,0.8233326154068309,0.8237841123065953,acc,0.8360394835472107,0.8360394835472107,0.6441256403923035,,0.7979295378716723,0.8334469452120906,0.7917920839212658,0.8078489504119035
roman-empire,GT-sep,3,512,3e-05,5,1710,acc,0.9999117851257324,0.9999117851257324,0.00040053739212453365,,0.9998999794901763,0.9999117025490416,0.9999553770638108,0.999844816883923,acc,0.8556045889854431,0.8556045889854431,0.9087912440299988,,0.8215774989378225,0.8529107686350081,0.8253540459482512,0.8211326605115185,acc,0.8619837164878845,0.8619837164878845,0.8268961310386658,,0.8187139651560444,0.8595622486990552,0.8217921746955059,0.8193914243191388
roman-empire,GT-sep,3,512,3e-05,6,660,acc,0.9957638382911682,0.9957638382911682,0.02360531874001026,,0.993878530364637,0.9957622841910396,0.9933568030111375,0.9944428466346518,acc,0.8444836735725403,0.8444836735725403,0.6656025052070618,,0.8141702862972654,0.843377264817188,0.8134637704130149,0.8166974734478398,acc,0.8446875810623169,0.8446875810623169,0.6470987200737,,0.8122124942300917,0.8430068138800876,0.8145287963545478,0.8127602300091918
roman-empire,GT-sep,3,512,3e-05,7,1520,acc,0.9999117851257324,0.9999117851257324,0.0005880462122149765,,0.9998999794901763,0.9999117025490416,0.9999553770638108,0.999844816883923,acc,0.8508384823799133,0.8508384823799133,0.9033350348472595,,0.819044375333625,0.8490366678719533,0.8214294147415162,0.8191414663361697,acc,0.8478644490242004,0.8478644490242004,0.9297274947166443,,0.808811683228943,0.8458091927092881,0.8100132613523721,0.8095035451440471
roman-empire,GT-sep,3,512,3e-05,8,3190,acc,1.0,1.0,1.4760689737158827e-05,,1.0,1.0,1.0,1.0,acc,0.8580758571624756,0.8580758571624756,1.0211191177368164,,0.8266333229374522,0.8557280452931997,0.8276838685154515,0.8280955961667685,acc,0.8505117893218994,0.8505117893218994,1.050906777381897,,0.8130707719346019,0.8481086508385635,0.8145451487958036,0.8153278224400544
roman-empire,GT-sep,3,512,3e-05,9,1560,acc,0.9998235106468201,0.9998235106468201,0.0004982136888429523,,0.9998001580772063,0.999823493072103,0.9998001580772063,0.9998001580772063,acc,0.8571932911872864,0.8571932911872864,0.8713393807411194,,0.8234934723537805,0.8543110811351455,0.8278385212226215,0.8223736558155695,acc,0.8510412573814392,0.8510412573814392,0.8914705514907837,,0.8113986085599684,0.8477127907708487,0.8121099538042449,0.8134239335014446
roman-empire,GT-sep,4,512,3e-05,0,3130,acc,1.0,1.0,1.5837074897717685e-05,,1.0,1.0,1.0,1.0,acc,0.8672550320625305,0.8672550320625305,0.9832519292831421,,0.8377198828963812,0.8647925622420111,0.8386365367921953,0.8391158669169535,acc,0.8598658442497253,0.8598658442497253,1.013146996498108,,0.8239055185454808,0.8580108383432554,0.8235715993674282,0.8260999606386217
roman-empire,GT-sep,4,512,3e-05,1,2400,acc,1.0,1.0,3.5637185646919534e-05,,1.0,1.0,1.0,1.0,acc,0.8767872452735901,0.8767872452735901,0.887092649936676,,0.8476655875126325,0.875416331750832,0.8466667307663115,0.8503598076541439,acc,0.874514639377594,0.874514639377594,0.8542016744613647,,0.8446328010554734,0.872532694334908,0.8500327298202921,0.841603604213404
roman-empire,GT-sep,4,512,3e-05,2,2640,acc,1.0,1.0,2.720932025113143e-05,,1.0,1.0,1.0,1.0,acc,0.8702559471130371,0.8702559471130371,0.9592589139938354,,0.8411935326971153,0.8682813107662115,0.8464317737573092,0.8377137745078584,acc,0.8681609630584717,0.8681609630584717,0.9094641804695129,,0.8348827921736025,0.8663066213816467,0.8371500293031477,0.8344868972215949
roman-empire,GT-sep,4,512,3e-05,3,2630,acc,1.0,1.0,4.196480949758552e-05,,1.0,1.0,1.0,1.0,acc,0.8736098408699036,0.8736098408699036,0.9228384494781494,,0.8405284288144242,0.8722791433165346,0.8433272645032726,0.8395781932238322,acc,0.8711612820625305,0.8711612820625305,0.8851914405822754,,0.8408968320413132,0.8691688306847631,0.8418460025163974,0.8420820091418297
roman-empire,GT-sep,4,512,3e-05,4,2020,acc,1.0,1.0,7.041916251182556e-05,,1.0,1.0,1.0,1.0,acc,0.8661959171295166,0.8661959171295166,0.8798187971115112,,0.8422344056442654,0.8645311218578942,0.839841077116731,0.8471770175078475,acc,0.860748291015625,0.860748291015625,0.9265905618667603,,0.8283440923614126,0.8585573193893862,0.8210659078176192,0.8386900920439705
roman-empire,GT-sep,4,512,3e-05,5,1860,acc,0.9999117851257324,0.9999117851257324,0.00020406664407346398,,0.9998999794901763,0.9999117025490416,0.9999553770638108,0.999844816883923,acc,0.8654898405075073,0.8654898405075073,0.8534098863601685,,0.8316707236454507,0.8633669675337343,0.8332941871173105,0.8321908549995862,acc,0.8685139417648315,0.8685139417648315,0.805004358291626,,0.8322971519815558,0.8665153400636544,0.8374256827323329,0.8301129613894722
roman-empire,GT-sep,4,512,3e-05,6,2700,acc,1.0,1.0,2.7081212465418503e-05,,1.0,1.0,1.0,1.0,acc,0.8663724660873413,0.8663724660873413,0.9548037052154541,,0.8387357459958004,0.8652024798155471,0.8379372251586413,0.841383236950404,acc,0.8658665418624878,0.8658665418624878,0.9423571228981018,,0.831897551013431,0.8640146609933658,0.8318347037883994,0.8337980273550583
roman-empire,GT-sep,4,512,3e-05,7,3750,acc,1.0,1.0,9.55130144575378e-06,,1.0,1.0,1.0,1.0,acc,0.8695498704910278,0.8695498704910278,1.0240068435668945,,0.8388194284050405,0.8675856471801656,0.8388917386789835,0.8415377911951052,acc,0.8616307377815247,0.8616307377815247,1.0772095918655396,,0.8258985470962776,0.8592546868714483,0.8278703080795475,0.8272785469052075
roman-empire,GT-sep,4,512,3e-05,8,1860,acc,1.0,1.0,7.814208947820589e-05,,1.0,1.0,1.0,1.0,acc,0.8669019937515259,0.8669019937515259,0.82861328125,,0.8363285824523019,0.8653267654789699,0.8388887171281427,0.8357586093978754,acc,0.8552770614624023,0.8552770614624023,0.8992619514465332,,0.8200526884077405,0.854034611845085,0.8183341688354338,0.823729750615518
roman-empire,GT-sep,4,512,3e-05,9,2080,acc,1.0,1.0,0.00013686451711691916,,1.0,1.0,1.0,1.0,acc,0.8716681003570557,0.8716681003570557,0.8865456581115723,,0.8395258459203332,0.8690156061097637,0.8406818022756775,0.8412523773263101,acc,0.8642781376838684,0.8642781376838684,0.8964011073112488,,0.8308568884034631,0.8615489613904892,0.8300741821665788,0.8342435197611889
roman-empire,GT-sep,5,512,3e-05,0,3350,acc,1.0,1.0,1.4917046428308822e-05,,1.0,1.0,1.0,1.0,acc,0.8751985430717468,0.8751985430717468,0.8866835832595825,,0.8488300992890242,0.8728062995197478,0.8505756117144092,0.8498925660863969,acc,0.8738086819648743,0.8738086819648743,0.9323078989982605,,0.8402490135129421,0.8723112870084054,0.8413544829210067,0.8403228962653002
roman-empire,GT-sep,5,512,3e-05,1,2050,acc,1.0,1.0,5.676643559127115e-05,,1.0,1.0,1.0,1.0,acc,0.8845542669296265,0.8845542669296265,0.7935159802436829,,0.8555521046880159,0.8828664943296727,0.8586986155347104,0.8541994489321608,acc,0.8785739541053772,0.8785739541053772,0.7825691103935242,,0.8479548716175191,0.8767276261078456,0.8568235806162764,0.8426922184177994
roman-empire,GT-sep,5,512,3e-05,2,2260,acc,1.0,1.0,4.849383549299091e-05,,1.0,1.0,1.0,1.0,acc,0.8753750920295715,0.8753750920295715,0.893156886100769,,0.8471808848103493,0.8735452947290215,0.8486711792944672,0.8469347568529787,acc,0.8768090009689331,0.8768090009689331,0.8323429822921753,,0.8467843192716182,0.8751904934696437,0.8489793315053419,0.8464606315401668
roman-empire,GT-sep,5,512,3e-05,3,2970,acc,1.0,1.0,2.124601451214403e-05,,1.0,1.0,1.0,1.0,acc,0.8787290453910828,0.8787290453910828,0.8999520540237427,,0.8441103435151547,0.8769347282712543,0.8490615549492443,0.8412732761791628,acc,0.8755735754966736,0.8755735754966736,0.8810085654258728,,0.8449373057740766,0.8739964028807414,0.8459720583743475,0.8461509518509738
roman-empire,GT-sep,5,512,3e-05,4,3060,acc,1.0,1.0,1.973048347281292e-05,,1.0,1.0,1.0,1.0,acc,0.880494236946106,0.880494236946106,0.8953790664672852,,0.859156170575227,0.8791759279977229,0.8592685610380367,0.860878645542146,acc,0.8782209157943726,0.8782209157943726,0.8959345817565918,,0.8509110582848501,0.8768482949698639,0.8456380594743889,0.8574876328214085
roman-empire,GT-sep,5,512,3e-05,5,1720,acc,0.9999117851257324,0.9999117851257324,0.0002500046684872359,,0.9998999794901763,0.9999117025490416,0.9999553770638108,0.999844816883923,acc,0.8743159770965576,0.8743159770965576,0.7931591272354126,,0.8438488247099172,0.8727363118002398,0.8459313859483105,0.8430537271268359,acc,0.8819272518157959,0.8819272518157959,0.7285842895507812,,0.8466760948224785,0.879969739094891,0.8573066427448973,0.8402977835504655
roman-empire,GT-sep,5,512,3e-05,6,2030,acc,1.0,1.0,0.00011648090730886906,,1.0,1.0,1.0,1.0,acc,0.8695498704910278,0.8695498704910278,0.865395188331604,,0.8415586299978408,0.8685376098409011,0.842101435067452,0.8426201978351221,acc,0.8757500648498535,0.8757500648498535,0.8644276857376099,,0.8471547024109441,0.8742856993615599,0.8484159889561179,0.8474469349468428
roman-empire,GT-sep,5,512,3e-05,7,2540,acc,1.0,1.0,3.1363295420305803e-05,,1.0,1.0,1.0,1.0,acc,0.8759046792984009,0.8759046792984009,0.9071770310401917,,0.8469173881956965,0.8738189539768975,0.8508640150174369,0.8454183537746611,acc,0.8644546270370483,0.8644546270370483,0.9619963765144348,,0.8334745567118769,0.8629820798661563,0.8329438881441182,0.8357538989583179
roman-empire,GT-sep,5,512,3e-05,8,1880,acc,1.0,1.0,8.125202293740585e-05,,1.0,1.0,1.0,1.0,acc,0.8764342069625854,0.8764342069625854,0.773886501789093,,0.8478357366348219,0.8742916249343664,0.8484947274123285,0.8491483035874138,acc,0.8693963885307312,0.8693963885307312,0.8041926622390747,,0.8379099796538587,0.867270715805868,0.8378162293519217,0.8398652114308393
roman-empire,GT-sep,5,512,3e-05,9,3520,acc,1.0,1.0,1.127096311392961e-05,,1.0,1.0,1.0,1.0,acc,0.8815533518791199,0.8815533518791199,0.9104846715927124,,0.8563627655634496,0.8795775150940873,0.8581973677680866,0.8561811691894334,acc,0.8715142607688904,0.8715142607688904,0.9692056179046631,,0.8419153120637876,0.8688788672495612,0.8450010946878369,0.8412753686396008
roman-empire,TAG,1,512,3e-05,0,1390,acc,0.9997352361679077,0.9997352361679077,0.002190833445638418,,0.9997077672691432,0.9997353759991496,0.999646984577762,0.999769678438456,acc,0.8229479193687439,0.8229479193687439,0.9123740792274475,,0.78389529696845,0.820455005523184,0.7930606806808809,0.7783186993094153,acc,0.8049770593643188,0.8049770593643188,0.9609732627868652,,0.7513316156246046,0.8028753256614487,0.7540898000973151,0.7502278005113633
roman-empire,TAG,1,512,3e-05,1,830,acc,0.9903804063796997,0.9903804063796997,0.04622642695903778,,0.9888014759577641,0.9903635574417611,0.9911222153376342,0.986626481381998,acc,0.8233009576797485,0.8233009576797485,0.6929711103439331,,0.7753318019149433,0.8204697798135271,0.7827336780888782,0.7713073875584692,acc,0.8190963268280029,0.8190963268280029,0.7076718211174011,,0.7744294044972518,0.8162319721252705,0.7887985424479571,0.7660215953594838
roman-empire,TAG,1,512,3e-05,2,2170,acc,1.0,1.0,0.00033384026028215885,,1.0,1.0,1.0,1.0,acc,0.8164165616035461,0.8164165616035461,1.11060631275177,,0.7684087580067147,0.8129355228367707,0.777612244805028,0.7623270721053079,acc,0.8134486079216003,0.8134486079216003,1.0712435245513916,,0.7675037781277917,0.8100261135953771,0.7767172132103071,0.7606451362987401
roman-empire,TAG,1,512,3e-05,3,1760,acc,0.9997352361679077,0.9997352361679077,0.001147021888755262,,0.9997005886803844,0.999735108163574,0.9997555710115447,0.9996458394910239,acc,0.8167695999145508,0.8167695999145508,1.0173325538635254,,0.7698794733337794,0.8140374931018955,0.7807075547919311,0.7620635009190351,acc,0.8157430291175842,0.8157430291175842,0.9747948050498962,,0.7730566322545256,0.8129136997092082,0.7832032039762061,0.7661789415517568
roman-empire,TAG,1,512,3e-05,4,1930,acc,0.9999117851257324,0.9999117851257324,0.0006515420973300934,,0.9998999794901763,0.9999117025490416,0.9999553770638108,0.999844816883923,acc,0.8289496898651123,0.8289496898651123,0.9814833402633667,,0.7883371890413199,0.8263915536864161,0.7958905591586705,0.78326280174857,acc,0.8120366930961609,0.8120366930961609,1.041893720626831,,0.7660297348395162,0.8087751221155186,0.774593857855552,0.7623414916151033
roman-empire,TAG,1,512,3e-05,5,1990,acc,0.9997352361679077,0.9997352361679077,0.0008824281976558268,,0.9996993383755152,0.9997348420389166,0.9998663458968191,0.9995344506517692,acc,0.8160635232925415,0.8160635232925415,1.024041771888733,,0.7685747536010213,0.8129164779189783,0.7827156850943698,0.7592126788480072,acc,0.8261560201644897,0.8261560201644897,0.9579142332077026,,0.7713622797555035,0.8231768709424225,0.7850727888436106,0.7631210654404255
roman-empire,TAG,1,512,3e-05,6,1400,acc,0.9994704723358154,0.9994704723358154,0.003398437751457095,,0.9992698642034321,0.999470278890691,0.9993677658401303,0.9991738518934028,acc,0.8181818127632141,0.8181818127632141,0.9044305682182312,,0.7775408323943473,0.816695528624054,0.7895356770812483,0.7688981683695074,acc,0.8190963268280029,0.8190963268280029,0.8932438492774963,,0.7721916765467469,0.8167326839194643,0.7830836407591542,0.7644037962329443
roman-empire,TAG,1,512,3e-05,7,810,acc,0.9896743893623352,0.9896743893623352,0.04819420725107193,,0.9876646196603708,0.9896589575411536,0.9913175928187401,0.9842677434271623,acc,0.8118270039558411,0.8118270039558411,0.7403768301010132,,0.7663503854259126,0.8107321193692981,0.7858434339975688,0.7535140097217286,acc,0.8122131824493408,0.8122131824493408,0.7402060031890869,,0.7662622876526952,0.8094935033734948,0.788634898465204,0.7509728043665946
roman-empire,TAG,1,512,3e-05,8,2420,acc,0.9999117851257324,0.9999117851257324,0.00027500782744027674,,0.9998972066108291,0.9999117050957871,0.9999494029548673,0.9998452491488704,acc,0.8118270039558411,0.8118270039558411,1.0769885778427124,,0.7629160476533899,0.8095460837230385,0.7723872089699806,0.7563747437775288,acc,0.8171549439430237,0.8171549439430237,1.0986086130142212,,0.7704999511725251,0.8152280382034222,0.7804440729109033,0.7645073804730157
roman-empire,TAG,1,512,3e-05,9,1750,acc,0.9997352361679077,0.9997352361679077,0.0012065627379342914,,0.9996969309120938,0.9997350745643223,0.9997491263454741,0.9996449749611295,acc,0.8206531405448914,0.8206531405448914,0.9669201374053955,,0.7781521409760115,0.8181149130619318,0.7886823477997503,0.771121572161382,acc,0.8086833357810974,0.8086833357810974,0.9716746807098389,,0.7573926874971703,0.8052991066773987,0.7645839166006639,0.7544214034469436
roman-empire,TAG,2,512,3e-05,0,1750,acc,1.0,1.0,0.00019212432380300015,,1.0,1.0,1.0,1.0,acc,0.8453662395477295,0.8453662395477295,0.9611502289772034,,0.8112545827733838,0.8428396652714799,0.8128434644409014,0.8122576645304964,acc,0.8376279473304749,0.8376279473304749,0.9903356432914734,,0.7947990620352425,0.8358301311349937,0.7954223495942532,0.7955101766295088
roman-empire,TAG,2,512,3e-05,1,3920,acc,1.0,1.0,4.7018734221637715e-06,,1.0,1.0,1.0,1.0,acc,0.8614298105239868,0.8614298105239868,1.1095020771026611,,0.8225121274747527,0.8585057283198448,0.822226955808198,0.8254032448650057,acc,0.8588069081306458,0.8588069081306458,1.1052428483963013,,0.8284532752900632,0.8559232123002792,0.8354875217874937,0.8243732951579035
roman-empire,TAG,2,512,3e-05,2,1490,acc,1.0,1.0,0.00024279570789076388,,1.0,1.0,1.0,1.0,acc,0.8453662395477295,0.8453662395477295,0.9429775476455688,,0.8081984318667297,0.844154414135326,0.8130105258021703,0.8061583934275939,acc,0.8430991768836975,0.8430991768836975,0.9061689972877502,,0.8067631633639231,0.8421213600063545,0.8120837416672236,0.8038185693579731
roman-empire,TAG,2,512,3e-05,3,3830,acc,1.0,1.0,5.717796739190817e-06,,1.0,1.0,1.0,1.0,acc,0.8538393378257751,0.8538393378257751,1.1358979940414429,,0.8173384551034428,0.8505512192741691,0.8241306906595103,0.8130819494528321,acc,0.8471584916114807,0.8471584916114807,1.153617262840271,,0.8113932083325067,0.8429974830546839,0.8167238932122761,0.8094876249434536
roman-empire,TAG,2,512,3e-05,4,3200,acc,1.0,1.0,9.426647920918185e-06,,1.0,1.0,1.0,1.0,acc,0.8587819933891296,0.8587819933891296,1.0670764446258545,,0.8307038816275992,0.8565562711118703,0.8391724208171534,0.8255163380341488,acc,0.8503352999687195,0.8503352999687195,1.1433312892913818,,0.8191289183955378,0.8474396045399399,0.8221013547907041,0.8198896911347395
roman-empire,TAG,2,512,3e-05,5,2140,acc,1.0,1.0,6.426661275327206e-05,,1.0,1.0,1.0,1.0,acc,0.8462488651275635,0.8462488651275635,1.0119715929031372,,0.8079751237879503,0.8439945818804213,0.8151483560947497,0.8035619877209036,acc,0.8568654656410217,0.8568654656410217,0.9341225624084473,,0.8188844932702054,0.8549693013973565,0.825939226268429,0.8158606037693035
roman-empire,TAG,2,512,3e-05,6,2180,acc,1.0,1.0,5.36176776222419e-05,,1.0,1.0,1.0,1.0,acc,0.8481906056404114,0.8481906056404114,1.0430737733840942,,0.8197378467068563,0.8468662557275913,0.8217934278947683,0.8194277647963334,acc,0.8483939170837402,0.8483939170837402,1.0082592964172363,,0.8156054428537195,0.8465315738691245,0.8135813850868931,0.8188389276879979
roman-empire,TAG,2,512,3e-05,7,2710,acc,1.0,1.0,1.5826919479877688e-05,,1.0,1.0,1.0,1.0,acc,0.8448367118835449,0.8448367118835449,1.0936354398727417,,0.8114843940616434,0.8435736266774403,0.8167152754720346,0.8081593044187222,acc,0.8487468957901001,0.8487468957901001,1.0863159894943237,,0.8130374061469071,0.8470452675678821,0.8166753969209625,0.8110848120992935
roman-empire,TAG,2,512,3e-05,8,3780,acc,1.0,1.0,5.079540642327629e-06,,1.0,1.0,1.0,1.0,acc,0.8469549417495728,0.8469549417495728,1.1694189310073853,,0.8087060496540595,0.8445976726180099,0.8136324105997012,0.8096089530114287,acc,0.844511091709137,0.844511091709137,1.2197853326797485,,0.8048415331717393,0.8432174903207194,0.8035128859600853,0.809263378698295
roman-empire,TAG,2,512,3e-05,9,4140,acc,1.0,1.0,3.625882527558133e-06,,1.0,1.0,1.0,1.0,acc,0.8561341166496277,0.8561341166496277,1.1622258424758911,,0.8181617850444874,0.8527943198717002,0.8260246557801116,0.8155429000390919,acc,0.8496293425559998,0.8496293425559998,1.1621557474136353,,0.806130981712237,0.8467777324489799,0.8076462675923973,0.809511648189636
roman-empire,TAG,3,512,3e-05,0,2910,acc,1.0,1.0,4.658696707338095e-05,,1.0,1.0,1.0,1.0,acc,0.8656663298606873,0.8656663298606873,0.9768384099006653,,0.8404144262580444,0.8634771538627509,0.842606589069873,0.8404268579530878,acc,0.8595128655433655,0.8595128655433655,1.0080822706222534,,0.8268757414958503,0.8582453932408718,0.8266436638035942,0.8280793184050482
roman-empire,TAG,3,512,3e-05,1,2380,acc,1.0,1.0,1.9826091374852695e-05,,1.0,1.0,1.0,1.0,acc,0.8686672449111938,0.8686672449111938,0.9212855100631714,,0.830540202847595,0.8671844234484266,0.8312438821887612,0.8309964582696349,acc,0.8715142607688904,0.8715142607688904,0.8911590576171875,,0.8380489880187425,0.8700127737754585,0.8432973407281846,0.834929937136226
roman-empire,TAG,3,512,3e-05,2,3500,acc,1.0,1.0,5.747420345869614e-06,,1.0,1.0,1.0,1.0,acc,0.8663724660873413,0.8663724660873413,1.07271146774292,,0.8316776340869408,0.8639941113087677,0.8372760329700024,0.8281471349039702,acc,0.8708083033561707,0.8708083033561707,0.9741790890693665,,0.8378007940617012,0.8688115392670128,0.844514832476139,0.8329452870468734
roman-empire,TAG,3,512,3e-05,3,3880,acc,1.0,1.0,4.440541943040444e-06,,1.0,1.0,1.0,1.0,acc,0.8748455047607422,0.8748455047607422,1.0221201181411743,,0.8407086252777138,0.8728068524480379,0.8459555317479128,0.8389991224089827,acc,0.8701023459434509,0.8701023459434509,1.0518896579742432,,0.8433208303637776,0.8680217421085149,0.8485486826496504,0.8415869029829158
roman-empire,TAG,3,512,3e-05,4,3460,acc,1.0,1.0,7.359385563177057e-06,,1.0,1.0,1.0,1.0,acc,0.8718446493148804,0.8718446493148804,0.9786442518234253,,0.840450574495327,0.8700076965820598,0.8375261299481624,0.8460510930499558,acc,0.8609247803688049,0.8609247803688049,1.0802682638168335,,0.829560635277071,0.8580313258769295,0.8258869398411577,0.8367564985799105
roman-empire,TAG,3,512,3e-05,5,2020,acc,1.0,1.0,3.386342723388225e-05,,1.0,1.0,1.0,1.0,acc,0.8635480999946594,0.8635480999946594,0.9518247246742249,,0.8304529540382837,0.8622013579236134,0.8394280698733616,0.8234430546278413,acc,0.87239670753479,0.87239670753479,0.8443607687950134,,0.8372033805178245,0.8709031253828254,0.843695197736932,0.8329517518620794
roman-empire,TAG,3,512,3e-05,6,2970,acc,1.0,1.0,1.0073081284645014e-05,,1.0,1.0,1.0,1.0,acc,0.8660193681716919,0.8660193681716919,1.0179587602615356,,0.8385616557450345,0.864769087783498,0.8343234919997682,0.8436480248624698,acc,0.8660430312156677,0.8660430312156677,0.9962565302848816,,0.8342293590048483,0.864819259186159,0.8298723362147237,0.8401547785893413
roman-empire,TAG,3,512,3e-05,7,2650,acc,1.0,1.0,1.208287267218111e-05,,1.0,1.0,1.0,1.0,acc,0.8594880700111389,0.8594880700111389,0.9924570322036743,,0.8280152970026768,0.8584640602263499,0.8304585413436733,0.8278223138230162,acc,0.8611012697219849,0.8611012697219849,1.038448691368103,,0.8277411635785356,0.8601520988854563,0.8300486141240375,0.8286223596816088
roman-empire,TAG,3,512,3e-05,8,3100,acc,1.0,1.0,9.812931239139289e-06,,1.0,1.0,1.0,1.0,acc,0.8600176572799683,0.8600176572799683,1.0236769914627075,,0.8246371534341451,0.858130490829232,0.8240263070327033,0.8295470955274881,acc,0.858100950717926,0.858100950717926,1.085289716720581,,0.8234309608818867,0.8560056104184892,0.8263627618688096,0.8259139870557916
roman-empire,TAG,3,512,3e-05,9,4010,acc,1.0,1.0,4.435255959833739e-06,,1.0,1.0,1.0,1.0,acc,0.873962938785553,0.873962938785553,1.0182770490646362,,0.8399799225183767,0.8716604056117101,0.8402231324927354,0.8414150534498509,acc,0.8671019673347473,0.8671019673347473,1.034238338470459,,0.8308230525663112,0.8659340267494058,0.8254119169261899,0.837413135050025
roman-empire,TAG,4,512,3e-05,0,2860,acc,1.0,1.0,1.4045578609511722e-05,,1.0,1.0,1.0,1.0,acc,0.8727272748947144,0.8727272748947144,0.9507692456245422,,0.8456826938808094,0.8715077446160423,0.8467977226108402,0.8459464795743729,acc,0.867807924747467,0.867807924747467,0.9856829047203064,,0.8340765676053428,0.867055212183522,0.8305600926019802,0.8390225493338392
roman-empire,TAG,4,512,3e-05,1,1590,acc,1.0,1.0,6.006153125781566e-05,,1.0,1.0,1.0,1.0,acc,0.8766107559204102,0.8766107559204102,0.7963644862174988,,0.8415230355343694,0.8746307684732518,0.8412936568367734,0.8443497416017619,acc,0.8736321926116943,0.8736321926116943,0.7875837683677673,,0.844278405442454,0.8717113109297494,0.848209912954331,0.8430531381073552
roman-empire,TAG,4,512,3e-05,2,2660,acc,1.0,1.0,2.1392315829871222e-05,,1.0,1.0,1.0,1.0,acc,0.8690202832221985,0.8690202832221985,0.978959321975708,,0.8378176489254773,0.8680761006068856,0.8394058638254384,0.8371494394703628,acc,0.8708083033561707,0.8708083033561707,0.9321509599685669,,0.8413260648075757,0.8702303039159752,0.8449431511664524,0.8390778974159521
roman-empire,TAG,4,512,3e-05,3,3870,acc,1.0,1.0,6.246194971026853e-06,,1.0,1.0,1.0,1.0,acc,0.8780229091644287,0.8780229091644287,0.9677790403366089,,0.8479566336925195,0.876383674102318,0.8489615802530284,0.8482595163460739,acc,0.8761030435562134,0.8761030435562134,0.9758087992668152,,0.845220675590038,0.8742774657102748,0.8458813316073869,0.8469954821066358
roman-empire,TAG,4,512,3e-05,4,1740,acc,1.0,1.0,8.365268149645999e-05,,1.0,1.0,1.0,1.0,acc,0.8751985430717468,0.8751985430717468,0.8267138600349426,,0.8483469718764324,0.8734241404892009,0.848000844928984,0.8508781594639356,acc,0.8671019673347473,0.8671019673347473,0.8902022838592529,,0.8355655266598685,0.8651068865753344,0.831232043470826,0.8428390259647811
roman-empire,TAG,4,512,3e-05,5,2590,acc,1.0,1.0,1.5783114577061497e-05,,1.0,1.0,1.0,1.0,acc,0.8702559471130371,0.8702559471130371,0.9532722234725952,,0.841262099847258,0.8690931782047678,0.8482524688823617,0.835430088993873,acc,0.8803388476371765,0.8803388476371765,0.8528597354888916,,0.8468482573931098,0.8795780191592277,0.8489193507215188,0.845944855539585
roman-empire,TAG,4,512,3e-05,6,3610,acc,1.0,1.0,6.743834546796279e-06,,1.0,1.0,1.0,1.0,acc,0.8706089854240417,0.8706089854240417,1.0201494693756104,,0.8425042715855571,0.8690167732832604,0.8413643522713024,0.8445731191645023,acc,0.8709847927093506,0.8709847927093506,0.9835583567619324,,0.8373303473002529,0.8692822154988249,0.8346216571574998,0.8410975474770812
roman-empire,TAG,4,512,3e-05,7,4930,acc,1.0,1.0,2.9384241315710824e-06,,1.0,1.0,1.0,1.0,acc,0.8723742365837097,0.8723742365837097,1.0500500202178955,,0.8426652796018761,0.871191195752584,0.8460418956790321,0.8401332269794002,acc,0.8738086819648743,0.8738086819648743,1.090527057647705,,0.8430087505580054,0.8728610248600264,0.8444243638586068,0.843319616498897
roman-empire,TAG,4,512,3e-05,8,4710,acc,1.0,1.0,3.9037054193613585e-06,,1.0,1.0,1.0,1.0,acc,0.8683142066001892,0.8683142066001892,1.0843676328659058,,0.8372028343570557,0.8673333529207472,0.836416998971745,0.8395006571352284,acc,0.8693963885307312,0.8693963885307312,1.0935876369476318,,0.8383400222836261,0.8684353213009471,0.8359833581609705,0.8417176845158468
roman-empire,TAG,4,512,3e-05,9,4100,acc,1.0,1.0,5.622006483463338e-06,,1.0,1.0,1.0,1.0,acc,0.8799646496772766,0.8799646496772766,0.9461942315101624,,0.8466470269513445,0.8778358964688812,0.8471057688601318,0.849358776492025,acc,0.8755735754966736,0.8755735754966736,1.0028440952301025,,0.8418353767745497,0.8741137274403199,0.8377773241367448,0.8479951380925299
roman-empire,TAG,5,512,3e-05,0,3560,acc,1.0,1.0,8.768230145506095e-06,,1.0,1.0,1.0,1.0,acc,0.8792585730552673,0.8792585730552673,0.9551773071289062,,0.8545053298547954,0.878049192398782,0.8538418597418226,0.8568109281743994,acc,0.8709847927093506,0.8709847927093506,0.9779579043388367,,0.8374470661500268,0.870105104065258,0.836314513465094,0.8400415445725956
roman-empire,TAG,5,512,3e-05,1,1920,acc,1.0,1.0,3.829596971627325e-05,,1.0,1.0,1.0,1.0,acc,0.8746690154075623,0.8746690154075623,0.8457192182540894,,0.8412358909866554,0.8729519459108732,0.8377230556630896,0.8469598314270688,acc,0.8798093795776367,0.8798093795776367,0.7919623851776123,,0.8479030485559256,0.8784227245204167,0.8469535132200778,0.8503413651652463
roman-empire,TAG,5,512,3e-05,2,2530,acc,1.0,1.0,2.1786625438835472e-05,,1.0,1.0,1.0,1.0,acc,0.870432436466217,0.870432436466217,0.9574536085128784,,0.8389416931812848,0.869175771621306,0.8377724489619041,0.8409956615329561,acc,0.8732791543006897,0.8732791543006897,0.9270680546760559,,0.8402029887418169,0.8723355899350405,0.8455168848583929,0.8369155764321676
roman-empire,TAG,5,512,3e-05,3,2460,acc,1.0,1.0,2.0045996279804967e-05,,1.0,1.0,1.0,1.0,acc,0.8808472752571106,0.8808472752571106,0.8885109424591064,,0.8515731715584632,0.8793093455237091,0.8508208702326754,0.8538008930844182,acc,0.8709847927093506,0.8709847927093506,0.920185387134552,,0.8443034812276915,0.8694358418409217,0.8441137168509353,0.8459018162494585
roman-empire,TAG,5,512,3e-05,4,3120,acc,1.0,1.0,9.229828719981015e-06,,1.0,1.0,1.0,1.0,acc,0.8838481903076172,0.8838481903076172,0.910122811794281,,0.857776951147025,0.881869516329122,0.8618832662977609,0.8560138239738397,acc,0.8743381500244141,0.8743381500244141,0.986986517906189,,0.8505221795564903,0.8723567776815306,0.8488484672027121,0.8537834010135756
roman-empire,TAG,5,512,3e-05,5,2450,acc,1.0,1.0,1.9357135897735134e-05,,1.0,1.0,1.0,1.0,acc,0.8748455047607422,0.8748455047607422,0.8990803956985474,,0.8415763797202208,0.8731418409224807,0.8452749473141998,0.8392609592442581,acc,0.8854570984840393,0.8854570984840393,0.7987881302833557,,0.8535128479828957,0.8844726666464674,0.8576441435338921,0.8509681638482356
roman-empire,TAG,5,512,3e-05,6,2480,acc,1.0,1.0,1.833614078350365e-05,,1.0,1.0,1.0,1.0,acc,0.8746690154075623,0.8746690154075623,0.9307585954666138,,0.8491164178029125,0.8738689554030388,0.847868934733429,0.8507511828903035,acc,0.8778679370880127,0.8778679370880127,0.8642048835754395,,0.846209817196823,0.8764264925180966,0.8442482649234822,0.849210571281791
roman-empire,TAG,5,512,3e-05,7,4400,acc,1.0,1.0,5.827102086186642e-06,,1.0,1.0,1.0,1.0,acc,0.8729037642478943,0.8729037642478943,1.0335099697113037,,0.8384558465113696,0.8712445606482045,0.8414482915336748,0.8369700081089382,acc,0.8761030435562134,0.8761030435562134,1.0370346307754517,,0.8488670483226851,0.875024230316762,0.8519837656893374,0.8472227445663658
roman-empire,TAG,5,512,3e-05,8,2500,acc,1.0,1.0,1.963540489668958e-05,,1.0,1.0,1.0,1.0,acc,0.8691967725753784,0.8691967725753784,0.9369295835494995,,0.8397844921783434,0.8675554211240276,0.8434619144115201,0.8389202876834798,acc,0.8639251589775085,0.8639251589775085,0.9765275716781616,,0.8313074012021809,0.8623992871024091,0.8318454898015593,0.833392916188915
roman-empire,TAG,5,512,3e-05,9,2020,acc,1.0,1.0,3.262389873270877e-05,,1.0,1.0,1.0,1.0,acc,0.8771403431892395,0.8771403431892395,0.85931396484375,,0.8458192776928013,0.8748697587155426,0.8464306286052563,0.8478321440203884,acc,0.8718672394752502,0.8718672394752502,0.8653836250305176,,0.8366661967259755,0.870041830786498,0.8342276335389276,0.8411207423771191
