dataset,model,num_layers,hidden_dim,lr,split,num_model_seeds,best_steps,individual_val_metrics,individual_val_accs,train_metric_name,train_metric,train_acc,train_loss,train_roc_auc,train_f1_macro,train_f1_weighted,train_prec_macro,train_rec_macro,val_metric_name,val_metric,val_acc,val_loss,val_roc_auc,val_f1_macro,val_f1_weighted,val_prec_macro,val_rec_macro,test_metric_name,test_metric,test_acc,test_loss,test_roc_auc,test_f1_macro,test_f1_weighted,test_prec_macro,test_rec_macro
roman-empire,ResNet,1,512,3e-05,0,4,"[700, 550, 600, 700]","[0.653, 0.6533, 0.656, 0.6602]","[0.653, 0.6533, 0.656, 0.6602]",acc,0.734268844127655,0.734268844127655,0.760316014289856,,0.6384695539045908,0.7164870143275225,0.7004922378826879,0.6527036573454512,acc,0.6518976092338562,0.6518976092338562,1.1209348440170288,,0.5355551467715223,0.6279106209836539,0.5500360743713696,0.5608512399126906,acc,0.6577832698822021,0.6577832698822021,1.1038563251495361,,0.5357065462551567,0.6317701732363417,0.5365543887141538,0.5669809823959411
roman-empire,ResNet,2,512,3e-05,0,4,"[440, 380, 570, 490]","[0.6549, 0.6584, 0.6574, 0.6547]","[0.6549, 0.6584, 0.6574, 0.6547]",acc,0.7227959036827087,0.7227959036827087,0.8011213541030884,,0.6196015309736608,0.7031749140686928,0.6921069923916418,0.6400691626206341,acc,0.6578993797302246,0.6578993797302246,1.1073168516159058,,0.5345515689142485,0.6321282693650728,0.5580489437005943,0.5644488254586242,acc,0.6583127379417419,0.6583127379417419,1.0908679962158203,,0.5346662526647836,0.6320957875502652,0.5352162398276962,0.5683134871367879
roman-empire,ResNet,3,512,3e-05,0,4,"[440, 350, 520, 430]","[0.6558, 0.6568, 0.6602, 0.6586]","[0.6558, 0.6568, 0.6602, 0.6586]",acc,0.7205013036727905,0.7205013036727905,0.8063424825668335,,0.6192066464058059,0.7016920262353382,0.6871924515021883,0.6406030346382344,acc,0.65754634141922,0.65754634141922,1.0954135656356812,,0.5359819668410274,0.6322466259905833,0.5600192719061579,0.5667083699137003,acc,0.6570773124694824,0.6570773124694824,1.078409194946289,,0.5346255990780296,0.6311950762479079,0.5344283004761153,0.5697241353910335
roman-empire,ResNet,4,512,3e-05,0,4,"[370, 420, 440, 370]","[0.6547, 0.6572, 0.6577, 0.6575]","[0.6547, 0.6572, 0.6577, 0.6575]",acc,0.7130879759788513,0.7130879759788513,0.8232226967811584,,0.6072590483732276,0.6906015306908744,0.6793489410791496,0.6331756926354806,acc,0.654898464679718,0.654898464679718,1.0839895009994507,,0.5313662407980787,0.6265147792503267,0.5501902532679007,0.5635218672572564,acc,0.6539004445075989,0.6539004445075989,1.071666955947876,,0.5306910752191817,0.6253717972515095,0.5297632054752345,0.5667928540912126
roman-empire,ResNet,5,512,3e-05,0,4,"[340, 350, 580, 430]","[0.6508, 0.6556, 0.653, 0.6556]","[0.6508, 0.6556, 0.653, 0.6556]",acc,0.7183831930160522,0.7183831930160522,0.7944238185882568,,0.6188523866290507,0.6980317748007522,0.6791699981686355,0.6431629375145025,acc,0.6570167541503906,0.6570167541503906,1.0830250978469849,,0.5366498900946922,0.6303750503850423,0.5576756334418405,0.5678569363691806,acc,0.6554888486862183,0.6554888486862183,1.0704387426376343,,0.5342691034262271,0.6281691080875436,0.530732215109992,0.5703759525206549
roman-empire,ResNet,1,512,3e-05,1,4,"[710, 690, 590, 660]","[0.6653, 0.6632, 0.6634, 0.6641]","[0.6653, 0.6632, 0.6634, 0.6641]",acc,0.7376224398612976,0.7376224398612976,0.7479689717292786,,0.6357757570118865,0.7192942703911622,0.723725560548675,0.6344492809774493,acc,0.6670785546302795,0.6670785546302795,1.1082024574279785,,0.5418292131427658,0.6407325919698498,0.560639384037931,0.5573288041941309,acc,0.6673137545585632,0.6673137545585632,1.0958172082901,,0.5409606150142722,0.6405023346064779,0.548089799062669,0.5552137631887227
roman-empire,ResNet,2,512,3e-05,1,4,"[590, 470, 350, 440]","[0.6616, 0.6614, 0.6627, 0.6665]","[0.6616, 0.6614, 0.6627, 0.6665]",acc,0.7191774845123291,0.7191774845123291,0.812106728553772,,0.6059158014561136,0.6952975209216059,0.7111685068571671,0.6098748882273985,acc,0.6605471968650818,0.6605471968650818,1.079891562461853,,0.5353982401271422,0.6319115552178961,0.5629773969364663,0.5530949857146189,acc,0.6667842864990234,0.6667842864990234,1.0700206756591797,,0.5382572253485532,0.6369597293412761,0.5505958542762779,0.5548546719948851
roman-empire,ResNet,3,512,3e-05,1,4,"[420, 340, 690, 370]","[0.6634, 0.66, 0.6613, 0.6621]","[0.6634, 0.66, 0.6613, 0.6621]",acc,0.7243844270706177,0.7243844270706177,0.7890812158584595,,0.6123053174320028,0.701198567912718,0.7115938207612742,0.6197826508139701,acc,0.6623124480247498,0.6623124480247498,1.0777696371078491,,0.5333299455130429,0.6335460307361919,0.5555622557566008,0.5556081643880718,acc,0.6669607758522034,0.6669607758522034,1.0673041343688965,,0.5382178874516067,0.6374762489672313,0.5445537232443379,0.5584026412305059
roman-empire,ResNet,4,512,3e-05,1,4,"[490, 520, 420, 400]","[0.6618, 0.6593, 0.6605, 0.6674]","[0.6618, 0.6593, 0.6605, 0.6674]",acc,0.7247374653816223,0.7247374653816223,0.7879388332366943,,0.6136612765682168,0.7025465272409105,0.7063632257568045,0.6210806194421543,acc,0.6614298224449158,0.6614298224449158,1.0712823867797852,,0.5334783097272626,0.6330621216254827,0.552859261944675,0.5550314181044179,acc,0.665195882320404,0.665195882320404,1.0663402080535889,,0.5387823453807282,0.636948909231447,0.5467461233652239,0.557042980868647
roman-empire,ResNet,5,512,3e-05,1,4,"[610, 540, 350, 480]","[0.6625, 0.6595, 0.6584, 0.6625]","[0.6625, 0.6595, 0.6584, 0.6625]",acc,0.7340923547744751,0.7340923547744751,0.7506011128425598,,0.6338833532859284,0.7149580934310863,0.7138287406334142,0.6407802881668395,acc,0.6603707075119019,0.6603707075119019,1.0820574760437012,,0.5366667168523616,0.6343509192771866,0.5505685083885505,0.5581582366034358,acc,0.6659018397331238,0.6659018397331238,1.0726666450500488,,0.5467937970496718,0.6405108145273843,0.5543559474562316,0.5645878846114036
roman-empire,ResNet,1,512,3e-05,2,4,"[470, 540, 580, 440]","[0.6528, 0.6517, 0.6508, 0.6514]","[0.6528, 0.6517, 0.6508, 0.6514]",acc,0.7234136462211609,0.7234136462211609,0.8134101033210754,,0.6157951470857355,0.7022376437148282,0.6774739565104515,0.6162948163546333,acc,0.6547219753265381,0.6547219753265381,1.125457525253296,,0.5243824884966998,0.6269291933449314,0.5492344444816877,0.5359234460727418,acc,0.6549593806266785,0.6549593806266785,1.082354187965393,,0.5228273461689958,0.6271730438448073,0.5417548933966461,0.534470904974021
roman-empire,ResNet,2,512,3e-05,2,4,"[470, 510, 400, 420]","[0.6553, 0.6535, 0.65, 0.6563]","[0.6553, 0.6535, 0.65, 0.6563]",acc,0.7242079377174377,0.7242079377174377,0.8087043166160583,,0.6162105730201467,0.7038899652012659,0.7028286598183412,0.6213778352837331,acc,0.6570167541503906,0.6570167541503906,1.1250249147415161,,0.5331064640409638,0.631453834694586,0.5556511496836535,0.5457553399573597,acc,0.6616660356521606,0.6616660356521606,1.0828450918197632,,0.5315579152295818,0.635221592099155,0.5492004625407111,0.5449999781814742
roman-empire,ResNet,3,512,3e-05,2,4,"[430, 390, 430, 440]","[0.6583, 0.6545, 0.6512, 0.6514]","[0.6583, 0.6545, 0.6512, 0.6514]",acc,0.7223545908927917,0.7223545908927917,0.8123563528060913,,0.611432829701203,0.7015423034814272,0.6989263769042735,0.6191692796269597,acc,0.6561341285705566,0.6561341285705566,1.1129652261734009,,0.5334189977178492,0.6302877308126109,0.5545245107512501,0.5480961098622835,acc,0.6600776314735413,0.6600776314735413,1.0753105878829956,,0.5301220489173347,0.633990373387889,0.5448204040251342,0.5454076668033979
roman-empire,ResNet,4,512,3e-05,2,4,"[340, 570, 390, 340]","[0.6535, 0.6498, 0.65, 0.6533]","[0.6535, 0.6498, 0.65, 0.6533]",acc,0.725884735584259,0.725884735584259,0.7998495101928711,,0.6166011002901512,0.7060521574424352,0.6482816602440261,0.6251299419339561,acc,0.6543689370155334,0.6543689370155334,1.1084535121917725,,0.5317637929814837,0.6288584574766264,0.548636330124565,0.5480103034788654,acc,0.6597246527671814,0.6597246527671814,1.074869990348816,,0.5305950377059774,0.6342934786627427,0.5448071033904823,0.5458063998585557
roman-empire,ResNet,5,512,3e-05,2,4,"[360, 250, 320, 340]","[0.6521, 0.6526, 0.6487, 0.6538]","[0.6521, 0.6526, 0.6487, 0.6538]",acc,0.7019680738449097,0.7019680738449097,0.870523989200592,,0.5857568581325139,0.675664350920757,0.6257550579195538,0.5976220011903667,acc,0.6531332731246948,0.6531332731246948,1.1005388498306274,,0.5241859180942336,0.6220575528061506,0.5509571084108037,0.541503749876886,acc,0.6609600782394409,0.6609600782394409,1.070099949836731,,0.5305129810997955,0.6307366379635957,0.5542465617308773,0.5464559769195474
roman-empire,ResNet,1,512,3e-05,3,4,"[1040, 610, 650, 700]","[0.6542, 0.6533, 0.6521, 0.6535]","[0.6542, 0.6533, 0.6521, 0.6535]",acc,0.7623334527015686,0.7623334527015686,0.6740988492965698,,0.6766785587909474,0.7491701749813389,0.7492881456872943,0.6674898319999435,acc,0.6529567241668701,0.6529567241668701,1.1338330507278442,,0.5315363920658407,0.62997540533869,0.5461047998301887,0.5396041192425585,acc,0.6667842864990234,0.6667842864990234,1.1012510061264038,,0.5479973157534821,0.6451746106786735,0.5705863841401073,0.5559187838416031
roman-empire,ResNet,2,512,3e-05,3,4,"[460, 480, 290, 460]","[0.6574, 0.6551, 0.6535, 0.654]","[0.6574, 0.6551, 0.6535, 0.654]",acc,0.7137940526008606,0.7137940526008606,0.8441213965415955,,0.595328929196217,0.6881983053355927,0.6797604475817705,0.5992874778465147,acc,0.6531332731246948,0.6531332731246948,1.0858629941940308,,0.5221773702506199,0.6219711144025397,0.5450317414371697,0.5347508515001836,acc,0.6644899249076843,0.6644899249076843,1.0768717527389526,,0.5351787456759216,0.6359701987932862,0.5578878848872721,0.5470556926543345
roman-empire,ResNet,3,512,3e-05,3,4,"[450, 450, 610, 550]","[0.654, 0.6547, 0.6531, 0.6531]","[0.654, 0.6547, 0.6531, 0.6531]",acc,0.7323272824287415,0.7323272824287415,0.7651777267456055,,0.6254608618367373,0.71294230500959,0.7015376344221519,0.6315574732797512,acc,0.6533097624778748,0.6533097624778748,1.0984575748443604,,0.5277186552291506,0.627993919534589,0.5393964386073349,0.5432494575101011,acc,0.6655488610267639,0.6655488610267639,1.080409049987793,,0.5409718424115657,0.6415985413380435,0.5526586928114771,0.5558357379676989
roman-empire,ResNet,4,512,3e-05,3,4,"[540, 420, 560, 410]","[0.6538, 0.654, 0.6565, 0.6537]","[0.6538, 0.654, 0.6565, 0.6537]",acc,0.7303856611251831,0.7303856611251831,0.7733532190322876,,0.6231577942498094,0.7118320097081615,0.688532811192947,0.630707403598329,acc,0.6568402051925659,0.6568402051925659,1.0888395309448242,,0.5356633758698008,0.6323478276622144,0.5509574719526787,0.5497511894550323,acc,0.6660783290863037,0.6660783290863037,1.0689820051193237,,0.5426348463837766,0.6430107914284542,0.5514537035048118,0.5588718119281075
roman-empire,ResNet,5,512,3e-05,3,4,"[430, 440, 340, 440]","[0.6498, 0.6563, 0.657, 0.657]","[0.6498, 0.6563, 0.657, 0.657]",acc,0.7150295972824097,0.7150295972824097,0.8242483139038086,,0.5924862559050588,0.6911389184189669,0.6827510073073791,0.6024620919661907,acc,0.655781090259552,0.655781090259552,1.0719839334487915,,0.528587537549663,0.6271797691706714,0.5601397800637495,0.5420402984648669,acc,0.665195882320404,0.665195882320404,1.0600147247314453,,0.5363600577653965,0.6379556924284874,0.5677508989436078,0.5510750387002501
roman-empire,ResNet,1,512,3e-05,4,4,"[620, 680, 580, 840]","[0.6558, 0.6544, 0.6515, 0.656]","[0.6558, 0.6544, 0.6515, 0.656]",acc,0.7464478015899658,0.7464478015899658,0.7253178358078003,,0.653445599016224,0.7316169367413986,0.7052906635667104,0.6653966045761511,acc,0.6527802348136902,0.6527802348136902,1.1216472387313843,,0.5347334884966559,0.6301639369414026,0.536798500587878,0.563822308401657,acc,0.6540769338607788,0.6540769338607788,1.1327242851257324,,0.5431636347519297,0.6322314246144295,0.5446832540874539,0.5711396975444214
roman-empire,ResNet,2,512,3e-05,4,4,"[590, 430, 380, 360]","[0.6575, 0.6553, 0.6595, 0.6591]","[0.6575, 0.6553, 0.6595, 0.6591]",acc,0.7237666845321655,0.7237666845321655,0.8112346529960632,,0.606447489315965,0.701811050634776,0.7004013951632142,0.611181334077858,acc,0.6577228307723999,0.6577228307723999,1.0963331460952759,,0.5304178884401906,0.6303223074927251,0.5449454101774839,0.5458537081130247,acc,0.6604306101799011,0.6604306101799011,1.107662320137024,,0.5387758573261212,0.634756734226512,0.5661320402943585,0.5523570915914963
roman-empire,ResNet,3,512,3e-05,4,4,"[610, 420, 520, 320]","[0.6572, 0.6575, 0.6584, 0.6554]","[0.6572, 0.6575, 0.6584, 0.6554]",acc,0.7298561930656433,0.7298561930656433,0.7789931297302246,,0.6214397203460638,0.7107022059164326,0.7100967221031568,0.6252744418182696,acc,0.6571933031082153,0.6571933031082153,1.0905914306640625,,0.5320483035816574,0.6315666877150616,0.5452543496045535,0.5482926429080818,acc,0.6602541208267212,0.6602541208267212,1.1013662815093994,,0.5435892968820961,0.6367154639573497,0.5672553173388698,0.5571251139004912
roman-empire,ResNet,4,512,3e-05,4,4,"[370, 380, 350, 300]","[0.6565, 0.6545, 0.6565, 0.6545]","[0.6565, 0.6545, 0.6565, 0.6545]",acc,0.710175633430481,0.710175633430481,0.855226457118988,,0.5916626383085082,0.688481976969211,0.6223343772364972,0.6145828995384659,acc,0.6561341285705566,0.6561341285705566,1.0802793502807617,,0.5321052417875328,0.6294473586608194,0.533750019354856,0.5666100121662058,acc,0.6565477848052979,0.6565477848052979,1.0890663862228394,,0.5354750791432781,0.6311340494928775,0.5509676215798874,0.5664095969579633
roman-empire,ResNet,5,512,3e-05,4,4,"[490, 530, 340, 350]","[0.6537, 0.6498, 0.6575, 0.6537]","[0.6537, 0.6498, 0.6575, 0.6537]",acc,0.7257965207099915,0.7257965207099915,0.7956624627113342,,0.6225434408231997,0.7084721305238921,0.6816725808744808,0.6434755069539699,acc,0.6554280519485474,0.6554280519485474,1.0779889822006226,,0.5409453398908288,0.6330918627291579,0.5429780905381002,0.5736513352456455,acc,0.660607099533081,0.660607099533081,1.0918067693710327,,0.5492410178095987,0.6395796813853882,0.5609100849758907,0.5784596027966386
roman-empire,ResNet,1,512,3e-05,5,4,"[760, 410, 470, 560]","[0.6602, 0.6531, 0.6533, 0.6577]","[0.6602, 0.6531, 0.6533, 0.6577]",acc,0.71811842918396,0.71811842918396,0.8043570518493652,,0.6124493713168635,0.6921425252031106,0.7094334355185478,0.6088519017241336,acc,0.655781090259552,0.655781090259552,1.0884813070297241,,0.5203078888168851,0.6219324256064291,0.5535752268620944,0.5328677966736123,acc,0.6676667928695679,0.6676667928695679,1.0502568483352661,,0.5374721207835729,0.6361091574833064,0.5641946686858513,0.5503906636054746
roman-empire,ResNet,2,512,3e-05,5,4,"[480, 290, 450, 420]","[0.6583, 0.6531, 0.6575, 0.6528]","[0.6583, 0.6531, 0.6575, 0.6528]",acc,0.7038214206695557,0.7038214206695557,0.859746515750885,,0.5904964818580231,0.6753351976613506,0.7023374128713082,0.5915029938749445,acc,0.6586054563522339,0.6586054563522339,1.0779110193252563,,0.5222288981445028,0.6245836506483677,0.5447470219821008,0.5367719029603377,acc,0.6659018397331238,0.6659018397331238,1.043799638748169,,0.5325503042684953,0.6323257866014433,0.5614454537437804,0.5472779542869637
roman-empire,ResNet,3,512,3e-05,5,4,"[400, 420, 450, 310]","[0.6542, 0.6551, 0.6508, 0.6554]","[0.6542, 0.6551, 0.6508, 0.6554]",acc,0.7046156525611877,0.7046156525611877,0.8529345393180847,,0.6028434772802498,0.6812042095312895,0.6332569169340007,0.6239607084710913,acc,0.6545454263687134,0.6545454263687134,1.0772616863250732,,0.5289151929947845,0.6253007159124684,0.5345338217907549,0.5607950897642817,acc,0.6613130569458008,0.6613130569458008,1.0391937494277954,,0.5389055777679389,0.6324913258164628,0.5492583779927899,0.5719334236561413
roman-empire,ResNet,4,512,3e-05,5,4,"[320, 460, 410, 430]","[0.6547, 0.6558, 0.657, 0.6507]","[0.6547, 0.6558, 0.657, 0.6507]",acc,0.7057629823684692,0.7057629823684692,0.8437834978103638,,0.6028362123335022,0.6837602283977833,0.685873873400462,0.6243632941548605,acc,0.6568402051925659,0.6568402051925659,1.0746526718139648,,0.5348138881969926,0.6299021772271594,0.5403760715188826,0.5661114910259227,acc,0.6620190143585205,0.6620190143585205,1.0371595621109009,,0.5392571147582123,0.6347515309067541,0.5448445310465898,0.5737072314374331
roman-empire,ResNet,5,512,3e-05,5,4,"[310, 430, 350, 500]","[0.6572, 0.6544, 0.6535, 0.6519]","[0.6572, 0.6544, 0.6535, 0.6519]",acc,0.7094696164131165,0.7094696164131165,0.8367211222648621,,0.6032523772358966,0.6848667990350542,0.6971238324058049,0.6081262270094722,acc,0.6543689370155334,0.6543689370155334,1.0723302364349365,,0.5253340751767623,0.6244282511722674,0.5416535572690391,0.5408725005059414,acc,0.6660783290863037,0.6660783290863037,1.0335043668746948,,0.5402079785339913,0.6360255653298302,0.5602336801916213,0.5580297993100582
roman-empire,ResNet,1,512,3e-05,6,4,"[590, 350, 620, 690]","[0.6533, 0.6526, 0.6535, 0.6575]","[0.6533, 0.6526, 0.6535, 0.6575]",acc,0.7303856611251831,0.7303856611251831,0.7834286689758301,,0.6264326688086033,0.7084504800886915,0.7187145659410835,0.6237964970823566,acc,0.655781090259552,0.655781090259552,1.0897138118743896,,0.526872620284942,0.6298821189563657,0.5539487307422302,0.5375387689096978,acc,0.6576067805290222,0.6576067805290222,1.1022120714187622,,0.5312303601677794,0.6310670266358795,0.5547178762607294,0.5414849090475751
roman-empire,ResNet,2,512,3e-05,6,4,"[570, 340, 420, 490]","[0.6602, 0.6521, 0.656, 0.6538]","[0.6602, 0.6521, 0.656, 0.6538]",acc,0.7208542823791504,0.7208542823791504,0.8187405467033386,,0.610124052623595,0.697659509935035,0.6981448523075786,0.6152153495042322,acc,0.655781090259552,0.655781090259552,1.0838098526000977,,0.5244167424797976,0.6292747169587772,0.5463256852944269,0.5384754550905091,acc,0.6574302911758423,0.6574302911758423,1.0993794202804565,,0.5309985678563142,0.6307880381334765,0.5493913134243514,0.545803395550612
roman-empire,ResNet,3,512,3e-05,6,4,"[450, 310, 400, 420]","[0.6549, 0.6538, 0.6498, 0.6508]","[0.6549, 0.6538, 0.6498, 0.6508]",acc,0.7088518142700195,0.7088518142700195,0.84360271692276,,0.5897804393287429,0.6821028231867945,0.7077689230046997,0.6065802094360095,acc,0.6545454263687134,0.6545454263687134,1.0745850801467896,,0.5229271372544155,0.6263140364137398,0.5424857222739283,0.5443175442328426,acc,0.6533709764480591,0.6533709764480591,1.0951182842254639,,0.5282292069768793,0.6245951611854926,0.5525376395936497,0.5501998709669862
roman-empire,ResNet,4,512,3e-05,6,4,"[430, 300, 380, 520]","[0.6545, 0.6533, 0.6528, 0.6568]","[0.6545, 0.6533, 0.6528, 0.6568]",acc,0.7133527398109436,0.7133527398109436,0.8244317770004272,,0.5933434776903816,0.6870464492564786,0.6964185373971798,0.6115952998607261,acc,0.6534863114356995,0.6534863114356995,1.065463662147522,,0.5201585234931035,0.6258506358451866,0.5281968437146086,0.5426821237044096,acc,0.6523120403289795,0.6523120403289795,1.083944320678711,,0.5264749695708242,0.6233589975659317,0.5474703020538468,0.5498098980244222
roman-empire,ResNet,5,512,3e-05,6,4,"[550, 270, 530, 440]","[0.6538, 0.6473, 0.6515, 0.654]","[0.6538, 0.6473, 0.6515, 0.654]",acc,0.7257965207099915,0.7257965207099915,0.7801467180252075,,0.6205556679856856,0.7042473694722053,0.7047590211151147,0.6346682737998529,acc,0.654898464679718,0.654898464679718,1.06862211227417,,0.5298363906828596,0.6306768560619336,0.5473001520427805,0.5508902426469526,acc,0.6546064019203186,0.6546064019203186,1.0896384716033936,,0.5332715178190848,0.6289247592008461,0.5454246262728634,0.5561177101421264
roman-empire,ResNet,1,512,3e-05,7,4,"[610, 610, 610, 670]","[0.6567, 0.6533, 0.6554, 0.6586]","[0.6567, 0.6533, 0.6554, 0.6586]",acc,0.7385932803153992,0.7385932803153992,0.7666941285133362,,0.6353475045737161,0.7173186009629506,0.7038032135381223,0.6339691114137419,acc,0.6587820053100586,0.6587820053100586,1.1051682233810425,,0.5268853646869583,0.6307526979244386,0.5492925515557121,0.5383132573878404,acc,0.6621955037117004,0.6621955037117004,1.115973711013794,,0.5339454160136184,0.6333784152822635,0.5681071657761662,0.5439717521422408
roman-empire,ResNet,2,512,3e-05,7,4,"[510, 570, 400, 470]","[0.6533, 0.6556, 0.6542, 0.6508]","[0.6533, 0.6556, 0.6542, 0.6508]",acc,0.733033299446106,0.733033299446106,0.7898316383361816,,0.6271437829652755,0.7106480152006096,0.7254150001366612,0.6303653044334674,acc,0.6584289073944092,0.6584289073944092,1.1024279594421387,,0.523222262194636,0.6292039457712303,0.544854256971386,0.5375368173268262,acc,0.6646664142608643,0.6646664142608643,1.1104334592819214,,0.536236524873626,0.6347888781079277,0.5674679970403985,0.5484287084485452
roman-empire,ResNet,3,512,3e-05,7,4,"[530, 500, 470, 480]","[0.6551, 0.6544, 0.6581, 0.6528]","[0.6551, 0.6544, 0.6581, 0.6528]",acc,0.7362104058265686,0.7362104058265686,0.7720025777816772,,0.6294676202945336,0.7143293607184706,0.7224986101036515,0.6373763401900426,acc,0.6577228307723999,0.6577228307723999,1.0986933708190918,,0.524552410799092,0.6293101763380278,0.5439517220993294,0.5415615456443172,acc,0.6629015207290649,0.6629015207290649,1.1086359024047852,,0.5365313031516284,0.6344164913382633,0.5595864272437963,0.5508196117092284
roman-empire,ResNet,4,512,3e-05,7,4,"[520, 470, 530, 410]","[0.6553, 0.6579, 0.6556, 0.6538]","[0.6553, 0.6579, 0.6556, 0.6538]",acc,0.7370929718017578,0.7370929718017578,0.7665298581123352,,0.6318151080986418,0.7162003910934593,0.7211304357096271,0.6406823671218034,acc,0.6570167541503906,0.6570167541503906,1.0911599397659302,,0.5252068611108667,0.6301591011911726,0.5423207085025062,0.5421291271251243,acc,0.6641369462013245,0.6641369462013245,1.1037577390670776,,0.538251315808548,0.6369729411615863,0.5603276209421535,0.5532643757244954
roman-empire,ResNet,5,512,3e-05,7,4,"[400, 430, 290, 430]","[0.653, 0.6558, 0.6533, 0.6501]","[0.653, 0.6558, 0.6533, 0.6501]",acc,0.7202365398406982,0.7202365398406982,0.8322668671607971,,0.6032264520331272,0.6940049076944019,0.7103023791267997,0.6141386708663843,acc,0.6554280519485474,0.6554280519485474,1.073593258857727,,0.5218349824611471,0.625924261835769,0.5486404875637112,0.5388851029000703,acc,0.6630780100822449,0.6630780100822449,1.0830379724502563,,0.5301212579209515,0.6315402946730532,0.5604204364136495,0.5469772600405547
roman-empire,ResNet,1,512,3e-05,8,4,"[760, 480, 420, 390]","[0.6549, 0.6533, 0.6528, 0.6565]","[0.6549, 0.6533, 0.6528, 0.6565]",acc,0.7223545908927917,0.7223545908927917,0.8156090974807739,,0.6103517736829762,0.7008669473207081,0.6567958116789566,0.6102380819712471,acc,0.6545454263687134,0.6545454263687134,1.0938783884048462,,0.5197785043740342,0.6245758268715097,0.5382098447381307,0.5346583076619748,acc,0.6641369462013245,0.6641369462013245,1.0749359130859375,,0.5375142507055342,0.6384128598897597,0.5528835711607616,0.550609314415494
roman-empire,ResNet,2,512,3e-05,8,4,"[460, 570, 580, 450]","[0.6549, 0.6494, 0.6526, 0.6526]","[0.6549, 0.6494, 0.6526, 0.6526]",acc,0.7319742441177368,0.7319742441177368,0.7785048484802246,,0.62242047420892,0.711879127610978,0.6783709299233244,0.6333686786176378,acc,0.6554280519485474,0.6554280519485474,1.1146414279937744,,0.5291590310736904,0.6298151209904786,0.5454469478997092,0.5468567051036012,acc,0.6657253503799438,0.6657253503799438,1.091029405593872,,0.5416376132125926,0.64128029546017,0.5613064015854687,0.5617039034212217
roman-empire,ResNet,3,512,3e-05,8,4,"[520, 350, 490, 430]","[0.6567, 0.653, 0.6523, 0.651]","[0.6567, 0.653, 0.6523, 0.651]",acc,0.7219133377075195,0.7219133377075195,0.810533344745636,,0.608880258332201,0.7012064891748281,0.6393055388408398,0.6233331183875196,acc,0.6552515029907227,0.6552515029907227,1.0987755060195923,,0.5237302767392779,0.628514142405269,0.5384741571188771,0.5451051361045011,acc,0.6621955037117004,0.6621955037117004,1.075836181640625,,0.5340015857302545,0.6371527313461641,0.5390312617969742,0.5586158755685122
roman-empire,ResNet,4,512,3e-05,8,4,"[310, 560, 300, 460]","[0.6528, 0.6523, 0.6545, 0.6519]","[0.6528, 0.6523, 0.6545, 0.6519]",acc,0.71794193983078,0.71794193983078,0.8221219778060913,,0.6013806614226977,0.6956433681711947,0.6363303051398802,0.616624017811736,acc,0.6559576392173767,0.6559576392173767,1.0898921489715576,,0.5245689152393896,0.6287506274598944,0.5407368889514533,0.5460135570877916,acc,0.6660783290863037,0.6660783290863037,1.0695655345916748,,0.537011515362827,0.6406989248136842,0.5470252791115742,0.5606601647776542
roman-empire,ResNet,5,512,3e-05,8,4,"[330, 360, 490, 450]","[0.6561, 0.6526, 0.6523, 0.6519]","[0.6561, 0.6526, 0.6523, 0.6519]",acc,0.7168828845024109,0.7168828845024109,0.8245828747749329,,0.6033127809600466,0.6965666067004657,0.6308500778820333,0.620048336352808,acc,0.6552515029907227,0.6552515029907227,1.087465763092041,,0.5236867189266641,0.6296281680377666,0.5375794406723362,0.5468640801641862,acc,0.6634309887886047,0.6634309887886047,1.0685678720474243,,0.536532971132127,0.6404059634637702,0.5402641299818002,0.5621009221273318
roman-empire,ResNet,1,512,3e-05,9,4,"[440, 710, 420, 300]","[0.6567, 0.6577, 0.6533, 0.6554]","[0.6567, 0.6577, 0.6533, 0.6554]",acc,0.7156473398208618,0.7156473398208618,0.8267075419425964,,0.6000473833734588,0.6906891483928547,0.6883433148246325,0.5976583801240329,acc,0.6587820053100586,0.6587820053100586,1.094223976135254,,0.5255095860977985,0.6281923218508745,0.5633577757343704,0.5339600450834443,acc,0.6507235765457153,0.6507235765457153,1.1160178184509277,,0.5131496295274289,0.6183112542435111,0.5434365187360254,0.5289287510435481
roman-empire,ResNet,2,512,3e-05,9,4,"[320, 390, 520, 290]","[0.6586, 0.6556, 0.6577, 0.6545]","[0.6586, 0.6556, 0.6577, 0.6545]",acc,0.7084105610847473,0.7084105610847473,0.8463276028633118,,0.5862429580564072,0.6796320887899767,0.6667351863522621,0.5959338798231733,acc,0.6517210602760315,0.6517210602760315,1.0944836139678955,,0.5142340418030293,0.6175288494129532,0.5464265329920504,0.5326160656408352,acc,0.6496646404266357,0.6496646404266357,1.1112748384475708,,0.507525411610475,0.6138121064870964,0.5342619302259327,0.5324165949657076
roman-empire,ResNet,3,512,3e-05,9,4,"[460, 350, 400, 330]","[0.6498, 0.6568, 0.6537, 0.6528]","[0.6498, 0.6568, 0.6537, 0.6528]",acc,0.7107934355735779,0.7107934355735779,0.8385434150695801,,0.5906604559235089,0.6829763001316268,0.6647444312115156,0.6025842328887505,acc,0.6517210602760315,0.6517210602760315,1.0914899110794067,,0.5178419732348141,0.6193538580894219,0.5464230899966149,0.5361051564728222,acc,0.656194806098938,0.656194806098938,1.1069180965423584,,0.5191549065063183,0.621679111835316,0.5525239252957503,0.5447387144486144
roman-empire,ResNet,4,512,3e-05,9,4,"[420, 200, 410, 410]","[0.6542, 0.6496, 0.653, 0.651]","[0.6542, 0.6496, 0.653, 0.651]",acc,0.7092048525810242,0.7092048525810242,0.840491771697998,,0.5862023518727849,0.6802299793959062,0.6630858394405059,0.5983346675778463,acc,0.6513680219650269,0.6513680219650269,1.0789273977279663,,0.514596243356919,0.6169523003996992,0.5420414585914883,0.5349408853551969,acc,0.6540769338607788,0.6540769338607788,1.0923699140548706,,0.5125406847676142,0.6183097248803335,0.5461462610465685,0.5388710955887115
roman-empire,ResNet,5,512,3e-05,9,4,"[390, 300, 380, 390]","[0.6517, 0.6512, 0.6547, 0.653]","[0.6517, 0.6512, 0.6547, 0.653]",acc,0.7108816504478455,0.7108816504478455,0.8386768102645874,,0.5947326583576937,0.6844567950946921,0.6548667339640348,0.6051617303632758,acc,0.6529567241668701,0.6529567241668701,1.0795371532440186,,0.5204638138337623,0.6208391309407904,0.5452919994970963,0.5377205672815109,acc,0.6563712954521179,0.6563712954521179,1.0944716930389404,,0.5238181620451563,0.6237544975066927,0.5515666937001001,0.5463194184437448
roman-empire,GCN,1,512,3e-05,0,4,"[1040, 1010, 980, 970]","[0.743, 0.74, 0.7426, 0.7428]","[0.743, 0.74, 0.7426, 0.7428]",acc,0.922336995601654,0.922336995601654,0.2436964511871338,,0.9092104056559385,0.9211386905605866,0.9230364988717332,0.8996111544423288,acc,0.7479258179664612,0.7479258179664612,0.8892305493354797,,0.6836387658125559,0.7409479006581957,0.7056813157887472,0.6752943733459652,acc,0.7403811812400818,0.7403811812400818,0.9064632058143616,,0.6667668513335694,0.7353497942409571,0.6771069483779251,0.6662735259949248
roman-empire,GCN,2,512,3e-05,0,4,"[660, 860, 980, 990]","[0.7273, 0.7278, 0.7296, 0.7315]","[0.7273, 0.7278, 0.7296, 0.7315]",acc,0.9722001552581787,0.9722001552581787,0.11448823660612106,,0.9669479100948148,0.9720678635505751,0.9674618460262645,0.9668865995341783,acc,0.7394527792930603,0.7394527792930603,0.9099597334861755,,0.6778938047518744,0.7346713515039178,0.6858809413918441,0.6776116493472113,acc,0.730674147605896,0.730674147605896,0.9386152029037476,,0.6662691988180575,0.727467688996664,0.6731458456123116,0.6686056705160123
roman-empire,GCN,3,512,3e-05,0,4,"[3330, 660, 770, 780]","[0.7402, 0.7255, 0.728, 0.7305]","[0.7402, 0.7255, 0.728, 0.7305]",acc,0.9979701638221741,0.9979701638221741,0.023194221779704094,,0.9975278331847525,0.9979694507027325,0.9974404183876158,0.9976195024299462,acc,0.7451015114784241,0.7451015114784241,0.990008533000946,,0.6893382795410274,0.7441250084499538,0.6916378618662063,0.690389540299815,acc,0.7336745262145996,0.7336745262145996,1.0332175493240356,,0.6727699966383887,0.7334575208377757,0.6737390227780672,0.6761690038398203
roman-empire,GCN,4,512,3e-05,0,4,"[4350, 2730, 3410, 2530]","[0.749, 0.7393, 0.7455, 0.7402]","[0.749, 0.7393, 0.7455, 0.7402]",acc,1.0,1.0,0.0002642294857650995,,1.0,1.0,1.0,1.0,acc,0.753398060798645,0.753398060798645,1.4498687982559204,,0.6989971837889173,0.7524908582361198,0.69630630064341,0.7049268714369155,acc,0.7370278835296631,0.7370278835296631,1.5301555395126343,,0.6809959557559674,0.7370285834522783,0.6821752910340443,0.6827292204773389
roman-empire,GCN,5,512,3e-05,0,4,"[4290, 4990, 4090, 4800]","[0.7536, 0.7492, 0.7504, 0.7499]","[0.7536, 0.7492, 0.7504, 0.7499]",acc,1.0,1.0,2.848020267265383e-05,,1.0,1.0,1.0,1.0,acc,0.7586936950683594,0.7586936950683594,1.6012228727340698,,0.7037318703063165,0.756225279984098,0.7027747507769634,0.7078487847844491,acc,0.7500882148742676,0.7500882148742676,1.6603658199310303,,0.6945228731140984,0.7484832312722859,0.6942556854583479,0.6970189490026112
roman-empire,GCN,1,512,3e-05,1,4,"[1030, 1120, 1130, 1150]","[0.7456, 0.7481, 0.7409, 0.7437]","[0.7456, 0.7481, 0.7409, 0.7437]",acc,0.9391051530838013,0.9391051530838013,0.196615532040596,,0.9269884811796941,0.9382801795153869,0.9420562319362374,0.9171368857797861,acc,0.7489849925041199,0.7489849925041199,0.8716572523117065,,0.6764678369497408,0.7420537076665522,0.6908612381341094,0.6734410198052785,acc,0.7435580492019653,0.7435580492019653,0.9407480359077454,,0.6740370517432255,0.7371693869561622,0.6909835384398647,0.6715438354353683
roman-empire,GCN,2,512,3e-05,1,4,"[660, 730, 740, 730]","[0.7301, 0.7335, 0.7338, 0.7357]","[0.7301, 0.7335, 0.7338, 0.7357]",acc,0.936987042427063,0.936987042427063,0.20619706809520721,,0.9249342748695588,0.936425884491604,0.9275618644362541,0.9242944746831482,acc,0.7417475581169128,0.7417475581169128,0.8540909886360168,,0.6801770637951725,0.7351465111898106,0.6829930601508231,0.6874763246539464,acc,0.7386162877082825,0.7386162877082825,0.8877455592155457,,0.6704894360417962,0.7311533808915155,0.6800202965547977,0.6738055707245372
roman-empire,GCN,3,512,3e-05,1,4,"[660, 640, 660, 620]","[0.7402, 0.7414, 0.7357, 0.7433]","[0.7402, 0.7414, 0.7357, 0.7433]",acc,0.9545494914054871,0.9545494914054871,0.16965319216251373,,0.9457369238145513,0.9544774742468622,0.9453544739710255,0.9468140909445606,acc,0.7495145201683044,0.7495145201683044,0.8108451962471008,,0.6867784505490865,0.7470851509271862,0.6878746055999271,0.6910336291850406,acc,0.7481468319892883,0.7481468319892883,0.8317273855209351,,0.687423218077541,0.7453131294865902,0.6923370124109337,0.6901320201609342
roman-empire,GCN,4,512,3e-05,1,4,"[590, 540, 500, 710]","[0.74, 0.7375, 0.7389, 0.7387]","[0.74, 0.7375, 0.7389, 0.7387]",acc,0.9488130211830139,0.9488130211830139,0.18499845266342163,,0.9375196068479913,0.9487919623355621,0.9337657914741962,0.9421013199903298,acc,0.7505736947059631,0.7505736947059631,0.8233563899993896,,0.6883277813001305,0.7486305674209701,0.6853625954342548,0.7001195367052176,acc,0.7380868196487427,0.7380868196487427,0.8447222709655762,,0.6745222747536359,0.7354986197318116,0.676700834667009,0.680968478107074
roman-empire,GCN,5,512,3e-05,1,4,"[530, 460, 530, 500]","[0.7252, 0.7239, 0.7193, 0.7289]","[0.7252, 0.7239, 0.7193, 0.7289]",acc,0.929044246673584,0.929044246673584,0.23771512508392334,,0.9135695405520868,0.9291713313169425,0.9066898441935712,0.9222674017496814,acc,0.7396292686462402,0.7396292686462402,0.8486232161521912,,0.6781177847646485,0.7382781613491068,0.6733059166437171,0.6912570740708652,acc,0.7313801646232605,0.7313801646232605,0.8607047200202942,,0.6638788159850127,0.7296929138589446,0.6633225485666564,0.673633763287445
roman-empire,GCN,1,512,3e-05,2,4,"[1100, 930, 860, 980]","[0.738, 0.7373, 0.7333, 0.7379]","[0.738, 0.7373, 0.7333, 0.7379]",acc,0.9134233593940735,0.9134233593940735,0.26137176156044006,,0.8965338911533627,0.9120015629017874,0.9097920702022816,0.8879236017246563,acc,0.7413945198059082,0.7413945198059082,0.8952243328094482,,0.6724032284367166,0.7337901350908469,0.6930161005765302,0.6648289331389272,acc,0.7454994320869446,0.7454994320869446,0.8751943111419678,,0.6869991444531345,0.7398571144525615,0.7057230871931126,0.6785455855095308
roman-empire,GCN,2,512,3e-05,2,4,"[740, 760, 670, 760]","[0.7266, 0.7211, 0.7264, 0.7241]","[0.7266, 0.7211, 0.7264, 0.7241]",acc,0.9441356062889099,0.9441356062889099,0.19123747944831848,,0.9309394515472467,0.9436112313914884,0.9327886319374122,0.93082845059943,acc,0.7313327193260193,0.7313327193260193,0.8989783525466919,,0.6671729603457976,0.7238254050224296,0.6820104512831546,0.6686774522438108,acc,0.7363219261169434,0.7363219261169434,0.8779952526092529,,0.6750715151012625,0.7293781114631961,0.6859179025726991,0.6749485462659092
roman-empire,GCN,3,512,3e-05,2,4,"[660, 3680, 4780, 680]","[0.7278, 0.7391, 0.7465, 0.7294]","[0.7278, 0.7391, 0.7465, 0.7294]",acc,0.9999117851257324,0.9999117851257324,0.002545952098444104,,0.9999003033220308,0.9999117904359754,0.9998452491488704,0.9999555910826893,acc,0.7541041374206543,0.7541041374206543,1.1666902303695679,,0.702334327556276,0.7512002979533019,0.7104630059698458,0.700336367546511,acc,0.7484998106956482,0.7484998106956482,1.144319772720337,,0.6949849154490907,0.7462997165913824,0.7012794597322692,0.6940112128044298
roman-empire,GCN,4,512,3e-05,2,4,"[790, 3920, 3260, 810]","[0.7237, 0.7488, 0.7442, 0.7264]","[0.7237, 0.7488, 0.7442, 0.7264]",acc,0.9999117851257324,0.9999117851257324,0.0024055824615061283,,0.999957102672191,0.9999117403653339,0.9999648827082456,0.9999493568317634,acc,0.7558693289756775,0.7558693289756775,1.2061768770217896,,0.7013380495226866,0.7534796944806427,0.706382499205826,0.7020957639928515,acc,0.751676619052887,0.751676619052887,1.1610338687896729,,0.7008787417707985,0.7507146164291465,0.7010658217680386,0.7040473580690038
roman-empire,GCN,5,512,3e-05,2,4,"[4340, 4320, 4000, 4820]","[0.7522, 0.7587, 0.7474, 0.7444]","[0.7522, 0.7587, 0.7474, 0.7444]",acc,0.9999117851257324,0.9999117851257324,0.00012083910405635834,,0.9999001043347826,0.9999117024498798,0.9999556265530707,0.999844816883923,acc,0.760811984539032,0.760811984539032,1.6244299411773682,,0.7114962576325038,0.758725180255675,0.719535248717833,0.7079941373945386,acc,0.7622660994529724,0.7622660994529724,1.5473841428756714,,0.7114662193855075,0.7607322907293931,0.7161456207932015,0.7110405963285708
roman-empire,GCN,1,512,3e-05,3,4,"[1030, 1020, 1050, 1050]","[0.7357, 0.74, 0.7393, 0.7416]","[0.7357, 0.74, 0.7393, 0.7416]",acc,0.9277204275131226,0.9277204275131226,0.2302931845188141,,0.912932859181502,0.9264258121622504,0.9303559921265534,0.9012452073810794,acc,0.7433362603187561,0.7433362603187561,0.9024146795272827,,0.6759322944486804,0.7361697512055368,0.7061578615210311,0.6630249400873665,acc,0.7470878958702087,0.7470878958702087,0.8922634720802307,,0.6796148656447172,0.7394193743074968,0.7026685345164151,0.6726956627303602
roman-empire,GCN,2,512,3e-05,3,4,"[750, 830, 780, 970]","[0.7207, 0.7365, 0.7285, 0.7239]","[0.7207, 0.7365, 0.7285, 0.7239]",acc,0.9652281403541565,0.9652281403541565,0.13530518114566803,,0.9578354794636179,0.9650812189959422,0.9575040257273211,0.958854739661617,acc,0.7332744598388672,0.7332744598388672,0.9182620644569397,,0.6751774675171331,0.7281594777956343,0.6839098556464457,0.6763607793787096,acc,0.7380868196487427,0.7380868196487427,0.9093537926673889,,0.6856747863270579,0.7336672889569751,0.6916607202230975,0.6866409159945617
roman-empire,GCN,3,512,3e-05,3,4,"[700, 590, 2600, 590]","[0.7301, 0.7282, 0.7366, 0.7335]","[0.7301, 0.7282, 0.7366, 0.7335]",acc,0.9926750063896179,0.9926750063896179,0.044921450316905975,,0.9913621280897602,0.9926698068806188,0.9908709268875548,0.9918965947698766,acc,0.7507501840591431,0.7507501840591431,0.9004577398300171,,0.6945755162881004,0.7472708738090557,0.7031060078063843,0.6931913821623755,acc,0.7506176829338074,0.7506176829338074,0.9008671641349792,,0.6977442115283493,0.7471311088997843,0.6991586885862097,0.7003501306742865
roman-empire,GCN,4,512,3e-05,3,4,"[2050, 680, 4320, 2850]","[0.7396, 0.7289, 0.7522, 0.7483]","[0.7396, 0.7289, 0.7522, 0.7483]",acc,1.0,1.0,0.0012565725483000278,,1.0,1.0,1.0,1.0,acc,0.7578111290931702,0.7578111290931702,1.2680943012237549,,0.7065674588906701,0.7550310433034122,0.7125227421837625,0.7046704690031722,acc,0.753618061542511,0.753618061542511,1.25217866897583,,0.7079622008874669,0.7520619324892642,0.7118609915156445,0.7070322987185789
roman-empire,GCN,5,512,3e-05,3,4,"[1510, 5000, 4130, 620]","[0.7301, 0.755, 0.7522, 0.7218]","[0.7301, 0.755, 0.7522, 0.7218]",acc,1.0,1.0,0.0007280047866515815,,1.0,1.0,1.0,1.0,acc,0.7578111290931702,0.7578111290931702,1.2918753623962402,,0.7017736471798847,0.7550659876920179,0.7122002706354196,0.6963306297212589,acc,0.7605012059211731,0.7605012059211731,1.27657151222229,,0.7186236396119117,0.7593819760590989,0.7208838999808306,0.7177358697722815
roman-empire,GCN,1,512,3e-05,4,4,"[1140, 1240, 1170, 1180]","[0.7444, 0.7472, 0.7423, 0.7389]","[0.7444, 0.7472, 0.7423, 0.7389]",acc,0.951901912689209,0.951901912689209,0.16129951179027557,,0.9447345962376955,0.951396782438296,0.95658139321424,0.9358176099211428,acc,0.7491614818572998,0.7491614818572998,0.9091155529022217,,0.6802815845869155,0.743375408079757,0.6917347588718954,0.6752055172699599,acc,0.7262619137763977,0.7262619137763977,1.0009453296661377,,0.6523032891777976,0.7181854627775409,0.6585298512262046,0.6563527088456093
roman-empire,GCN,2,512,3e-05,4,4,"[860, 760, 930, 890]","[0.7264, 0.7267, 0.7239, 0.7223]","[0.7264, 0.7267, 0.7239, 0.7223]",acc,0.9665519595146179,0.9665519595146179,0.12327179312705994,,0.9590290069977802,0.9663673025139095,0.9600241014804622,0.9589725321885358,acc,0.7336274981498718,0.7336274981498718,0.9135913848876953,,0.6727029881884835,0.7292014947710715,0.68030884101085,0.6752962990772512,acc,0.7320861220359802,0.7320861220359802,0.9320107698440552,,0.6641012312091175,0.7258167505353286,0.6743300975266211,0.6696731905280304
roman-empire,GCN,3,512,3e-05,4,4,"[710, 590, 600, 4010]","[0.7303, 0.7326, 0.732, 0.7451]","[0.7303, 0.7326, 0.732, 0.7451]",acc,0.9965581297874451,0.9965581297874451,0.025373458862304688,,0.9955644073724671,0.9965590087315397,0.9952454047378365,0.9958962613183261,acc,0.7560458779335022,0.7560458779335022,0.9309322237968445,,0.7036385690968676,0.7531441497048214,0.70298057933684,0.7095694587083972,acc,0.7423226237297058,0.7423226237297058,0.9766067266464233,,0.6775536629650364,0.739150335230563,0.681915906407814,0.682211670737726
roman-empire,GCN,4,512,3e-05,4,4,"[640, 590, 550, 580]","[0.729, 0.7241, 0.7236, 0.7264]","[0.729, 0.7241, 0.7236, 0.7264]",acc,0.9482834935188293,0.9482834935188293,0.18041278421878815,,0.9351513659517079,0.94827854342818,0.9321568201329469,0.9391843473860391,acc,0.737157940864563,0.737157940864563,0.85427325963974,,0.6822345330559602,0.7375201742305391,0.68110174697907,0.6926754047249657,acc,0.7252029180526733,0.7252029180526733,0.8922419548034668,,0.6578001358385379,0.724782345608042,0.6588518571586628,0.6684456403802478
roman-empire,GCN,5,512,3e-05,4,4,"[480, 600, 460, 800]","[0.7165, 0.7222, 0.7147, 0.7234]","[0.7165, 0.7222, 0.7147, 0.7234]",acc,0.9551672339439392,0.9551672339439392,0.1644379049539566,,0.9447505527202232,0.9552053270490011,0.9423417592365667,0.9479710033814985,acc,0.7339805364608765,0.7339805364608765,0.8564854860305786,,0.6781122759054208,0.7341784155009319,0.6768327055460222,0.686144939184323,acc,0.7267913818359375,0.7267913818359375,0.8925715088844299,,0.655717129206319,0.7258251359979462,0.657488201732876,0.6651029223972313
roman-empire,GCN,1,512,3e-05,5,4,"[1020, 1400, 1200, 1060]","[0.7354, 0.7352, 0.7329, 0.7423]","[0.7354, 0.7352, 0.7329, 0.7423]",acc,0.950048565864563,0.950048565864563,0.16782434284687042,,0.9422357609872795,0.9493677239253498,0.9519807904432042,0.9358201464771747,acc,0.7424536347389221,0.7424536347389221,0.938751757144928,,0.6680608617257087,0.7358342428136355,0.6858649978031349,0.6634321034268257,acc,0.7543240189552307,0.7543240189552307,0.890394926071167,,0.6787882238246424,0.7479062690219326,0.7027815905968169,0.6705618291791053
roman-empire,GCN,2,512,3e-05,5,4,"[700, 880, 810, 650]","[0.726, 0.7285, 0.7326, 0.7294]","[0.726, 0.7285, 0.7326, 0.7294]",acc,0.9488130211830139,0.9488130211830139,0.17724719643592834,,0.9390003661882089,0.9484698531923922,0.9409506193904872,0.9383028666887451,acc,0.7398058176040649,0.7398058176040649,0.8854987025260925,,0.6759231190248315,0.7353970906662368,0.6869546707867219,0.6778425777893673,acc,0.7380868196487427,0.7380868196487427,0.854402482509613,,0.6678049682389327,0.7323095919527484,0.6861232933115509,0.6671264555906751
roman-empire,GCN,3,512,3e-05,5,4,"[680, 630, 810, 630]","[0.7365, 0.7366, 0.7306, 0.7308]","[0.7365, 0.7366, 0.7306, 0.7308]",acc,0.9599329233169556,0.9599329233169556,0.14700090885162354,,0.9515705323655443,0.9598814590157067,0.9502493013943718,0.9534257038146912,acc,0.7433362603187561,0.7433362603187561,0.8585282564163208,,0.6846307615969762,0.7416364413800456,0.6846872888686508,0.6922433449283749,acc,0.7402046918869019,0.7402046918869019,0.832146406173706,,0.673631881090515,0.738622477136431,0.6810581339973908,0.6773302978087306
roman-empire,GCN,4,512,3e-05,5,4,"[830, 4610, 550, 520]","[0.7276, 0.7532, 0.7313, 0.7271]","[0.7276, 0.7532, 0.7313, 0.7271]",acc,0.9989410042762756,0.9989410042762756,0.015267821960151196,,0.9989124945910499,0.9989412793569209,0.9987220868341873,0.9991073755663036,acc,0.7583406567573547,0.7583406567573547,0.9627333283424377,,0.6951389057496381,0.755845102884162,0.6936491318491649,0.7011527457394333,acc,0.753618061542511,0.753618061542511,0.9394460320472717,,0.6923332470045129,0.7512175880587477,0.6954277610761774,0.6953286144133763
roman-empire,GCN,5,512,3e-05,5,4,"[4870, 860, 690, 2390]","[0.7532, 0.7216, 0.725, 0.7455]","[0.7532, 0.7216, 0.725, 0.7455]",acc,1.0,1.0,0.002251485362648964,,1.0,1.0,1.0,1.0,acc,0.7500441074371338,0.7500441074371338,1.1512532234191895,,0.692765860900268,0.749865403966443,0.6922880088482839,0.6980097184127083,acc,0.7484998106956482,0.7484998106956482,1.1445173025131226,,0.6872766769494193,0.7472768093950052,0.6898771412687157,0.6893383530253263
roman-empire,GCN,1,512,3e-05,6,4,"[990, 1260, 1350, 1040]","[0.7289, 0.7297, 0.732, 0.7387]","[0.7289, 0.7297, 0.732, 0.7387]",acc,0.9513723850250244,0.9513723850250244,0.1594412624835968,,0.9441881688634459,0.9506636595019482,0.9544916123290415,0.9373668566820571,acc,0.7403354048728943,0.7403354048728943,0.9483801126480103,,0.6788989933200795,0.7345753807300666,0.6976301651843877,0.6718625234867973,acc,0.7386162877082825,0.7386162877082825,0.9400705099105835,,0.6742048365960092,0.7319434703046692,0.6929986562997982,0.6678934637697843
roman-empire,GCN,2,512,3e-05,6,4,"[780, 720, 830, 710]","[0.723, 0.7167, 0.7269, 0.728]","[0.723, 0.7167, 0.7269, 0.728]",acc,0.9476656913757324,0.9476656913757324,0.18155282735824585,,0.9375511914613993,0.9471004912734083,0.9382284349956053,0.938224748917707,acc,0.7357457876205444,0.7357457876205444,0.9197512269020081,,0.6769391444772013,0.7288872029269794,0.6839824676120854,0.6815735840787586,acc,0.7331450581550598,0.7331450581550598,0.8749170303344727,,0.6714017833872168,0.727643723995988,0.6771552213511802,0.6743549435062665
roman-empire,GCN,3,512,3e-05,6,4,"[820, 650, 990, 770]","[0.723, 0.723, 0.728, 0.7287]","[0.723, 0.723, 0.728, 0.7287]",acc,0.9799664616584778,0.9799664616584778,0.08639552444219589,,0.9750136448738308,0.9799587089775491,0.9710997181572788,0.979367468546791,acc,0.7399823069572449,0.7399823069572449,0.9445028305053711,,0.6833038907891931,0.7376937023723563,0.6807179179238289,0.6907743829075281,acc,0.7432050704956055,0.7432050704956055,0.8801725506782532,,0.691117158357458,0.742451349369938,0.687730184818581,0.6985078786628378
roman-empire,GCN,4,512,3e-05,6,4,"[4320, 620, 2540, 580]","[0.7417, 0.7232, 0.7391, 0.7195]","[0.7417, 0.7232, 0.7391, 0.7195]",acc,1.0,1.0,0.003778167301788926,,1.0,1.0,1.0,1.0,acc,0.7521623969078064,0.7521623969078064,1.1383734941482544,,0.6951468545909223,0.7497852497821881,0.6927772372363699,0.700073373457697,acc,0.75608891248703,0.75608891248703,1.0470759868621826,,0.703859915999019,0.7544525483008044,0.7010842086939775,0.708379914083939
roman-empire,GCN,5,512,3e-05,6,4,"[4700, 2920, 480, 4910]","[0.747, 0.7391, 0.7149, 0.7469]","[0.747, 0.7391, 0.7149, 0.7469]",acc,1.0,1.0,0.0002788742131087929,,1.0,1.0,1.0,1.0,acc,0.7565754652023315,0.7565754652023315,1.3524863719940186,,0.7018940233293579,0.7540359721637514,0.6969697005710892,0.7094985746906398,acc,0.7619131207466125,0.7619131207466125,1.2541483640670776,,0.7118781932722354,0.7600726475915048,0.7097452414752285,0.715949713399652
roman-empire,GCN,1,512,3e-05,7,4,"[990, 1040, 1180, 960]","[0.7458, 0.7407, 0.7384, 0.7407]","[0.7458, 0.7407, 0.7384, 0.7407]",acc,0.9264848828315735,0.9264848828315735,0.23110701143741608,,0.9116537489960214,0.9250319339765963,0.9258068971401531,0.9033650283753745,acc,0.7479258179664612,0.7479258179664612,0.9076080322265625,,0.6832268225728656,0.7420299484634326,0.7013484396641129,0.6786860401829922,acc,0.7460289001464844,0.7460289001464844,0.915798544883728,,0.685474475198132,0.7378409854284549,0.7106768682708252,0.676181740630693
roman-empire,GCN,2,512,3e-05,7,4,"[810, 880, 800, 730]","[0.7282, 0.7315, 0.728, 0.7262]","[0.7282, 0.7315, 0.728, 0.7262]",acc,0.9552555084228516,0.9552555084228516,0.15808406472206116,,0.946112196759225,0.9548526035805409,0.9469681942559904,0.9471071530045503,acc,0.7417475581169128,0.7417475581169128,0.9280831217765808,,0.6740933200191576,0.734459892530356,0.6864220027929959,0.6755102201531457,acc,0.7387927770614624,0.7387927770614624,0.9087237119674683,,0.6746285186117476,0.7318527564131769,0.6910854047860352,0.6730065716113586
roman-empire,GCN,3,512,3e-05,7,4,"[660, 630, 750, 720]","[0.7333, 0.7345, 0.7315, 0.7259]","[0.7333, 0.7345, 0.7315, 0.7259]",acc,0.9638161063194275,0.9638161063194275,0.13462677597999573,,0.9537742592134814,0.9637223243459669,0.9505665419315785,0.9578614385890697,acc,0.7373344898223877,0.7373344898223877,0.8850477337837219,,0.6781674609478601,0.7354743260503173,0.6760746861781517,0.6848610182220453,acc,0.7421461343765259,0.7421461343765259,0.8827403783798218,,0.6842387167112436,0.7399355238841872,0.6862524502240767,0.6897742409676659
roman-empire,GCN,4,512,3e-05,7,4,"[3970, 650, 590, 740]","[0.7462, 0.7287, 0.7308, 0.72]","[0.7462, 0.7287, 0.7308, 0.72]",acc,0.9986762404441833,0.9986762404441833,0.01650826260447502,,0.9980823129615914,0.9986779603136459,0.997496506981732,0.9986791823620956,acc,0.7514563202857971,0.7514563202857971,0.9995447397232056,,0.6896395173879082,0.7494430282116289,0.6864820086054686,0.6963767584413717,acc,0.7504411935806274,0.7504411935806274,0.9893954992294312,,0.6926120748120486,0.7490643248712877,0.694207859118045,0.695677245852234
roman-empire,GCN,5,512,3e-05,7,4,"[690, 560, 4210, 3320]","[0.7183, 0.7253, 0.75, 0.7486]","[0.7183, 0.7253, 0.75, 0.7486]",acc,1.0,1.0,0.002130619017407298,,1.0,1.0,1.0,1.0,acc,0.7602823972702026,0.7602823972702026,1.1703602075576782,,0.7066488512156921,0.7578695362570235,0.7042635343384117,0.7118382405833678,acc,0.7509706616401672,0.7509706616401672,1.1566851139068604,,0.6925926549245082,0.7487296759885869,0.6953263711463109,0.6940077833635252
roman-empire,GCN,1,512,3e-05,8,4,"[1100, 890, 1040, 940]","[0.7343, 0.7373, 0.7329, 0.7352]","[0.7343, 0.7373, 0.7329, 0.7352]",acc,0.9232195019721985,0.9232195019721985,0.24416008591651917,,0.9039227020936126,0.9217594713688653,0.9244748335532945,0.8920995391954105,acc,0.7413945198059082,0.7413945198059082,0.890041708946228,,0.6790494439678068,0.7353954435023354,0.6969435206533501,0.6724647233634685,acc,0.7394987344741821,0.7394987344741821,0.8952141404151917,,0.6712162111059488,0.7331295502991868,0.6890760337163663,0.6671963889741036
roman-empire,GCN,2,512,3e-05,8,4,"[670, 570, 750, 600]","[0.7283, 0.7239, 0.7267, 0.7241]","[0.7283, 0.7239, 0.7267, 0.7241]",acc,0.9176595211029053,0.9176595211029053,0.2622916102409363,,0.8976272408966803,0.9163671361716137,0.9060559154847633,0.8939079444963645,acc,0.7348631620407104,0.7348631620407104,0.8603470921516418,,0.6758165352112107,0.7297913547442416,0.6942310189014199,0.6713392686242972,acc,0.7357923984527588,0.7357923984527588,0.8595693111419678,,0.6701466409968568,0.7304307662139246,0.6903093839030887,0.6650121833744775
roman-empire,GCN,3,512,3e-05,8,4,"[680, 510, 530, 600]","[0.7262, 0.7183, 0.7225, 0.7246]","[0.7262, 0.7183, 0.7225, 0.7246]",acc,0.9332804083824158,0.9332804083824158,0.23228059709072113,,0.9152283664814177,0.9328210286027323,0.9164072326178854,0.9162703609557048,acc,0.7341570854187012,0.7341570854187012,0.8442413210868835,,0.6733649770519281,0.7307683989568493,0.679285488019601,0.676862935243927,acc,0.730674147605896,0.730674147605896,0.8534925580024719,,0.668705793792597,0.7285801447066044,0.6743483930958758,0.6699352482483789
roman-empire,GCN,4,512,3e-05,8,4,"[550, 820, 540, 630]","[0.719, 0.7225, 0.7183, 0.7177]","[0.719, 0.7225, 0.7183, 0.7177]",acc,0.9632865786552429,0.9632865786552429,0.14344586431980133,,0.9546587381613192,0.9632523291214621,0.9514471108093829,0.9584596577204676,acc,0.731509268283844,0.731509268283844,0.8774424195289612,,0.6729139649068868,0.7303109241877493,0.6722349536953021,0.6810077619883791,acc,0.7299681901931763,0.7299681901931763,0.8913342356681824,,0.671649926610934,0.729076584413703,0.6708287376583684,0.6796065703637822
roman-empire,GCN,5,512,3e-05,8,4,"[460, 2470, 4090, 3750]","[0.7188, 0.7345, 0.7387, 0.7442]","[0.7188, 0.7345, 0.7387, 0.7442]",acc,1.0,1.0,0.0005779194179922342,,1.0,1.0,1.0,1.0,acc,0.7495145201683044,0.7495145201683044,1.2617332935333252,,0.6939562229058234,0.7478264755577485,0.6934958975465635,0.6986863678936285,acc,0.7545005083084106,0.7545005083084106,1.2852253913879395,,0.6995183510502644,0.75236735422755,0.701953793521285,0.7002860254735551
roman-empire,GCN,1,512,3e-05,9,4,"[1020, 1030, 1030, 910]","[0.7345, 0.7349, 0.7354, 0.7342]","[0.7345, 0.7349, 0.7354, 0.7342]",acc,0.9174830317497253,0.9174830317497253,0.2559530436992645,,0.9038837745023943,0.915975000445107,0.918534683953119,0.8942848012050261,acc,0.7428066730499268,0.7428066730499268,0.8881797790527344,,0.6762651458686154,0.7351563809095288,0.6950657048184887,0.6684752303921047,acc,0.7426756024360657,0.7426756024360657,0.9092616438865662,,0.6720699581543852,0.7354475805898392,0.6855505600860223,0.6714270831597102
roman-empire,GCN,2,512,3e-05,9,4,"[620, 750, 810, 820]","[0.7269, 0.7239, 0.7276, 0.7211]","[0.7269, 0.7239, 0.7276, 0.7211]",acc,0.9430765509605408,0.9430765509605408,0.18790939450263977,,0.9316151579569593,0.9424797875582207,0.9356373814290289,0.92978485914298,acc,0.7316857576370239,0.7316857576370239,0.8951180577278137,,0.670059379430274,0.7240405995348923,0.6838093357579208,0.6703005132130637,acc,0.7285562753677368,0.7285562753677368,0.9053084850311279,,0.6588543879741172,0.7203396852194913,0.6773690697342377,0.6604864578766426
roman-empire,GCN,3,512,3e-05,9,4,"[770, 570, 600, 760]","[0.7333, 0.726, 0.7305, 0.7306]","[0.7333, 0.726, 0.7305, 0.7306]",acc,0.9593151807785034,0.9593151807785034,0.1511157602071762,,0.9490643499139126,0.9590937662735882,0.9497696183982531,0.9491784924428095,acc,0.7417475581169128,0.7417475581169128,0.8531455993652344,,0.684379666413043,0.7377089934879992,0.6973948960158132,0.6800419034099132,acc,0.7312036752700806,0.7312036752700806,0.876518726348877,,0.6667929551474902,0.7287977368269078,0.6751174215033339,0.6663799494261947
roman-empire,GCN,4,512,3e-05,9,4,"[4800, 5000, 4400, 2380]","[0.7472, 0.7493, 0.7497, 0.7398]","[0.7472, 0.7493, 0.7497, 0.7398]",acc,1.0,1.0,5.9676058299373835e-05,,1.0,1.0,1.0,1.0,acc,0.7569285035133362,0.7569285035133362,1.5322474241256714,,0.7081364751998419,0.7540404022336938,0.7154219427328643,0.7041316702104634,acc,0.7511471509933472,0.7511471509933472,1.6026004552841187,,0.6977845325306905,0.7484393384488932,0.700080363065892,0.6991501944407124
roman-empire,GCN,5,512,3e-05,9,4,"[4310, 5000, 3410, 620]","[0.75, 0.7502, 0.7437, 0.7197]","[0.75, 0.7502, 0.7437, 0.7197]",acc,1.0,1.0,0.0002120475546689704,,1.0,1.0,1.0,1.0,acc,0.7597528696060181,0.7597528696060181,1.324414610862732,,0.7053655180478493,0.7568475217744431,0.7096866271102428,0.7041366735629528,acc,0.7571478486061096,0.7571478486061096,1.3455698490142822,,0.7013800243997261,0.754793895791223,0.7010255874676207,0.7055660555920866
roman-empire,SAGE,1,512,3e-05,0,4,"[1020, 890, 950, 1070]","[0.7869, 0.7921, 0.7924, 0.7931]","[0.7869, 0.7921, 0.7924, 0.7931]",acc,0.9886153340339661,0.9886153340339661,0.04333881288766861,,0.9860864884085486,0.9885858976758324,0.9896982569584414,0.9828800699664472,acc,0.7948808073997498,0.7948808073997498,0.8869225382804871,,0.7345822605364093,0.7886391814915032,0.7511545585680639,0.7260037183077215,acc,0.783621609210968,0.783621609210968,0.9066005945205688,,0.7143307951817096,0.7782281418473733,0.7244460378546029,0.7100756023174086
roman-empire,SAGE,2,512,3e-05,0,4,"[2170, 2060, 2130, 2380]","[0.8316, 0.8353, 0.8314, 0.8309]","[0.8316, 0.8353, 0.8314, 0.8309]",acc,0.9998235106468201,0.9998235106468201,0.0002946841705124825,,0.9998005544139102,0.9998236679031057,0.9996913580246913,0.9999106823865667,acc,0.8391879796981812,0.8391879796981812,1.0546622276306152,,0.8008939581909426,0.8362891461096306,0.8034147037621995,0.8016800567426735,acc,0.8314507603645325,0.8314507603645325,1.0892157554626465,,0.7820033332086145,0.8291487502683567,0.7798408909471387,0.7864994220183428
roman-empire,SAGE,3,512,3e-05,0,4,"[2530, 2750, 2180, 2250]","[0.8489, 0.8535, 0.8457, 0.8496]","[0.8489, 0.8535, 0.8457, 0.8496]",acc,0.9999117851257324,0.9999117851257324,0.00021541591559071094,,0.9998999794901763,0.9999117025490416,0.9999553770638108,0.999844816883923,acc,0.8561341166496277,0.8561341166496277,0.9899963736534119,,0.8221065474882542,0.8536007252923766,0.8202689407024086,0.8261150795313073,acc,0.8522767424583435,0.8522767424583435,1.0083407163619995,,0.8096253400991631,0.8503293459004779,0.8066307867887077,0.8140647864696571
roman-empire,SAGE,4,512,3e-05,0,4,"[2550, 3350, 2910, 4680]","[0.8605, 0.8616, 0.8611, 0.8673]","[0.8605, 0.8616, 0.8611, 0.8673]",acc,1.0,1.0,7.041319622658193e-05,,1.0,1.0,1.0,1.0,acc,0.8699029088020325,0.8699029088020325,0.9757490158081055,,0.8387837966609406,0.8675760046521903,0.8378151723689734,0.8416417335744696,acc,0.8630427122116089,0.8630427122116089,1.011938452720642,,0.8218788761970737,0.860948702869633,0.8187204853783123,0.8268423510339208
roman-empire,SAGE,5,512,3e-05,0,4,"[3350, 4910, 2570, 2590]","[0.8699, 0.8727, 0.866, 0.8711]","[0.8699, 0.8727, 0.866, 0.8711]",acc,1.0,1.0,8.868880831869319e-05,,1.0,1.0,1.0,1.0,acc,0.8762577176094055,0.8762577176094055,0.9135825634002686,,0.8448317810186523,0.8739229333766756,0.8445926228425513,0.8471333841986266,acc,0.8701023459434509,0.8701023459434509,0.9544289708137512,,0.8351005049232909,0.8682419851428869,0.8306439103837403,0.8417425758964145
roman-empire,SAGE,1,512,3e-05,1,4,"[1260, 840, 1100, 690]","[0.7951, 0.7938, 0.7917, 0.7933]","[0.7951, 0.7938, 0.7917, 0.7933]",acc,0.988791823387146,0.988791823387146,0.04281742125749588,,0.9858102654256238,0.9887585755419818,0.9888760204533666,0.9831913474673232,acc,0.798234760761261,0.798234760761261,0.8374821543693542,,0.7380862740906424,0.793866150354119,0.7507463311550252,0.7312009596243674,acc,0.7915636897087097,0.7915636897087097,0.8864371180534363,,0.7309377256274638,0.7863761498208424,0.7434690475517268,0.7241694903264209
roman-empire,SAGE,2,512,3e-05,1,4,"[2180, 3920, 3050, 3570]","[0.841, 0.8461, 0.841, 0.8388]","[0.841, 0.8461, 0.841, 0.8388]",acc,1.0,1.0,1.7534503058413975e-05,,1.0,1.0,1.0,1.0,acc,0.8487201929092407,0.8487201929092407,1.0838196277618408,,0.804979645842023,0.8459686714972522,0.8087032793635955,0.8048806866387975,acc,0.8434521555900574,0.8434521555900574,1.1252391338348389,,0.8007496399301078,0.840105295274127,0.810480583867794,0.7954393147760418
roman-empire,SAGE,3,512,3e-05,1,4,"[3050, 2520, 4670, 2340]","[0.8618, 0.8637, 0.8667, 0.8609]","[0.8618, 0.8637, 0.8667, 0.8609]",acc,1.0,1.0,8.101906132651493e-06,,1.0,1.0,1.0,1.0,acc,0.8695498704910278,0.8695498704910278,0.9451499581336975,,0.8280766254176228,0.8671878353605919,0.8261982035243065,0.832167332048594,acc,0.8637486696243286,0.8637486696243286,0.9781031608581543,,0.8268270410023223,0.8613716399717691,0.830972257734225,0.8243000667564065
roman-empire,SAGE,4,512,3e-05,1,4,"[2180, 2590, 4560, 1520]","[0.8715, 0.8718, 0.8747, 0.8678]","[0.8715, 0.8718, 0.8747, 0.8678]",acc,1.0,1.0,1.852680361480452e-05,,1.0,1.0,1.0,1.0,acc,0.8773168325424194,0.8773168325424194,0.8491268754005432,,0.8396939290325282,0.8754535685855722,0.837190363496646,0.8438276491602652,acc,0.8716907501220703,0.8716907501220703,0.8811414241790771,,0.8376069509205111,0.8694166947310987,0.8419987326180811,0.8351362671149578
roman-empire,SAGE,5,512,3e-05,1,4,"[1940, 1750, 2790, 3560]","[0.8685, 0.8743, 0.874, 0.8801]","[0.8685, 0.8743, 0.874, 0.8801]",acc,1.0,1.0,2.6142073693335988e-05,,1.0,1.0,1.0,1.0,acc,0.8799646496772766,0.8799646496772766,0.8345738649368286,,0.8446291257328382,0.8785847800255665,0.8391471175164595,0.8515272445118225,acc,0.8780444264411926,0.8780444264411926,0.8430558443069458,,0.8462990692530072,0.8762645232393899,0.8480604575006221,0.8458989063474177
roman-empire,SAGE,1,512,3e-05,2,4,"[1640, 1460, 1120, 890]","[0.7866, 0.7831, 0.7815, 0.7808]","[0.7866, 0.7831, 0.7815, 0.7808]",acc,0.9986762404441833,0.9986762404441833,0.010156524367630482,,0.9984094867927562,0.998675644799449,0.998823082578165,0.9980042008238841,acc,0.7885259985923767,0.7885259985923767,1.0536034107208252,,0.7233952243522485,0.7819951918450849,0.7366033706800447,0.7162641774855804,acc,0.7910342216491699,0.7910342216491699,0.9943974614143372,,0.7310371805469402,0.7847583699296033,0.7492266114665737,0.7211793878354764
roman-empire,SAGE,2,512,3e-05,2,4,"[2230, 2180, 3540, 2660]","[0.827, 0.8274, 0.8304, 0.8323]","[0.827, 0.8274, 0.8304, 0.8323]",acc,1.0,1.0,7.277674012584612e-05,,1.0,1.0,1.0,1.0,acc,0.833892285823822,0.833892285823822,1.163982629776001,,0.7914462177608225,0.8311972923156541,0.7945299126144209,0.7920334870261475,acc,0.8388633728027344,0.8388633728027344,1.0894066095352173,,0.7968983901560187,0.8355603306604313,0.8060079633346866,0.7911754681293098
roman-empire,SAGE,3,512,3e-05,2,4,"[2000, 1530, 3360, 4100]","[0.8406, 0.8404, 0.8445, 0.8505]","[0.8406, 0.8404, 0.8445, 0.8505]",acc,1.0,1.0,1.590620740898885e-05,,1.0,1.0,1.0,1.0,acc,0.8480141162872314,0.8480141162872314,1.049576759338379,,0.8083998097758011,0.8457949069322808,0.8087505566307337,0.8104623270719253,acc,0.8538651466369629,0.8538651466369629,0.979587733745575,,0.8168302874292231,0.8515275183031581,0.8198674760371177,0.8158255821004357
roman-empire,SAGE,4,512,3e-05,2,4,"[3260, 1350, 3140, 3470]","[0.857, 0.848, 0.8514, 0.8618]","[0.857, 0.848, 0.8514, 0.8618]",acc,1.0,1.0,1.4129243936622515e-05,,1.0,1.0,1.0,1.0,acc,0.8610767722129822,0.8610767722129822,1.0062466859817505,,0.8258331046067177,0.8595871776878483,0.8248725299087591,0.8283019037175963,acc,0.8618072271347046,0.8618072271347046,0.9418091177940369,,0.8296563396491294,0.8599372517018005,0.8311269571947688,0.8299159689424845
roman-empire,SAGE,5,512,3e-05,2,4,"[4100, 3470, 2720, 2420]","[0.8655, 0.8653, 0.865, 0.8634]","[0.8655, 0.8653, 0.865, 0.8634]",acc,1.0,1.0,9.757294719747733e-06,,1.0,1.0,1.0,1.0,acc,0.8690202832221985,0.8690202832221985,0.9811094999313354,,0.8349067869591436,0.8667790732847882,0.8339137772903018,0.837183578870897,acc,0.8731026649475098,0.8731026649475098,0.9180229306221008,,0.8404518697351411,0.8712465575318855,0.842651853519521,0.8396229501235135
roman-empire,SAGE,1,512,3e-05,3,4,"[1420, 720, 3070, 1560]","[0.7898, 0.7832, 0.7942, 0.7875]","[0.7898, 0.7832, 0.7942, 0.7875]",acc,0.9992939829826355,0.9992939829826355,0.004273271653801203,,0.9989378665118848,0.9992937982849506,0.9991932693473985,0.9986856787083345,acc,0.7984112501144409,0.7984112501144409,1.0736446380615234,,0.7366568128781015,0.7943820459635362,0.7482295124282735,0.728115391276828,acc,0.7903282642364502,0.7903282642364502,1.0611872673034668,,0.7311822495909481,0.7855637877727736,0.7406954440479362,0.7256285207041399
roman-empire,SAGE,2,512,3e-05,3,4,"[4270, 2760, 1330, 1630]","[0.8401, 0.836, 0.8298, 0.8323]","[0.8401, 0.836, 0.8298, 0.8323]",acc,0.9999117851257324,0.9999117851257324,0.00019542525114957243,,0.9999001962267948,0.9999117027211915,0.9999553770638108,0.9998452491488704,acc,0.842894971370697,0.842894971370697,1.0566351413726807,,0.7998468600913434,0.8412049134308898,0.8038957093568533,0.7979043662299916,acc,0.8395693302154541,0.8395693302154541,1.04863440990448,,0.7997086943862378,0.8370819675721198,0.8038802545995154,0.7976252905749743
roman-empire,SAGE,3,512,3e-05,3,4,"[1880, 2860, 4640, 1730]","[0.8462, 0.8503, 0.8581, 0.8494]","[0.8462, 0.8503, 0.8581, 0.8494]",acc,1.0,1.0,7.807337533449754e-05,,1.0,1.0,1.0,1.0,acc,0.857546329498291,0.857546329498291,1.0063761472702026,,0.8188027400984491,0.855853957422909,0.8211967386590727,0.8178233940880499,acc,0.8584539294242859,0.8584539294242859,0.9747644662857056,,0.822831738196379,0.8565763416545911,0.8235240584713682,0.8231734890486234
roman-empire,SAGE,4,512,3e-05,3,4,"[2510, 3480, 4740, 3830]","[0.86, 0.8634, 0.8673, 0.8701]","[0.86, 0.8634, 0.8673, 0.8701]",acc,1.0,1.0,1.0528673556109425e-05,,1.0,1.0,1.0,1.0,acc,0.8699029088020325,0.8699029088020325,1.0001088380813599,,0.8341731905919745,0.8683919601576442,0.8325311246076574,0.8373104946385488,acc,0.8688669204711914,0.8688669204711914,0.9674485325813293,,0.8358138464060239,0.8671157451303191,0.836107688027303,0.8369093598496914
roman-empire,SAGE,5,512,3e-05,3,4,"[4560, 4830, 2970, 2670]","[0.8736, 0.8757, 0.8703, 0.8727]","[0.8736, 0.8757, 0.8703, 0.8727]",acc,1.0,1.0,8.597702617407776e-06,,1.0,1.0,1.0,1.0,acc,0.8801411986351013,0.8801411986351013,0.9540366530418396,,0.8466543742302971,0.8787614238619319,0.844952986434439,0.8499645914177979,acc,0.8768090009689331,0.8768090009689331,0.9207449555397034,,0.84590090835954,0.8752926251661177,0.8448930575820869,0.8483325983515694
roman-empire,SAGE,1,512,3e-05,4,4,"[1100, 980, 910, 720]","[0.7935, 0.7892, 0.7922, 0.7903]","[0.7935, 0.7892, 0.7922, 0.7903]",acc,0.9834083914756775,0.9834083914756775,0.05785329267382622,,0.9785771553971708,0.9833671659297727,0.981768282624302,0.9761262084816033,acc,0.7931156158447266,0.7931156158447266,0.8394727110862732,,0.7333126223143612,0.7876480072901323,0.7467158669521484,0.7264877965487196,acc,0.779209315776825,0.779209315776825,0.8845444321632385,,0.7138013148130782,0.7719651296891993,0.7214553891994974,0.713544746608235
roman-empire,SAGE,2,512,3e-05,4,4,"[2170, 2070, 3030, 1710]","[0.8362, 0.8381, 0.8357, 0.8342]","[0.8362, 0.8381, 0.8357, 0.8342]",acc,0.9999117851257324,0.9999117851257324,0.000329795730067417,,0.9998999794901763,0.9999117025490416,0.9999553770638108,0.999844816883923,acc,0.8427184224128723,0.8427184224128723,1.0697466135025024,,0.8066081482623101,0.8398642416297256,0.8134645296643384,0.8027146532189247,acc,0.8298622965812683,0.8298622965812683,1.0818452835083008,,0.7850776560179058,0.826235588487536,0.7854148497881651,0.7887255564887208
roman-empire,SAGE,3,512,3e-05,4,4,"[2180, 3360, 2850, 3210]","[0.8537, 0.8517, 0.8545, 0.8535]","[0.8537, 0.8517, 0.8545, 0.8535]",acc,0.9999117851257324,0.9999117851257324,0.0001531771122245118,,0.9998999794901763,0.9999117025490416,0.9999553770638108,0.999844816883923,acc,0.8589584827423096,0.8589584827423096,1.01897132396698,,0.8270003183280435,0.8563956694793868,0.8306380234433186,0.8266083726849637,acc,0.8551005721092224,0.8551005721092224,1.0183571577072144,,0.8167941859922272,0.8518151279491175,0.8156818946294097,0.8223248226953448
roman-empire,SAGE,4,512,3e-05,4,4,"[3200, 3050, 2920, 1280]","[0.8641, 0.8598, 0.8616, 0.8542]","[0.8641, 0.8598, 0.8616, 0.8542]",acc,0.9999117851257324,0.9999117851257324,0.00017343841318506747,,0.9998999794901763,0.9999117025490416,0.9999553770638108,0.999844816883923,acc,0.8669019937515259,0.8669019937515259,0.941046416759491,,0.837627752439496,0.8648545682485957,0.8393256053736851,0.8386455740390232,acc,0.8632192015647888,0.8632192015647888,0.9505478739738464,,0.8295901601847273,0.8607256467866439,0.8247739432595212,0.8376253535464175
roman-empire,SAGE,5,512,3e-05,4,4,"[4030, 2620, 2580, 2850]","[0.874, 0.8664, 0.8651, 0.8669]","[0.874, 0.8664, 0.8651, 0.8669]",acc,0.9999117851257324,0.9999117851257324,0.00010751515219453722,,0.9998999794901763,0.9999117025490416,0.9999553770638108,0.999844816883923,acc,0.8723742365837097,0.8723742365837097,0.9177679419517517,,0.8450782726575486,0.8701846561194484,0.8466124441205953,0.8452224405771059,acc,0.8739851713180542,0.8739851713180542,0.9065322875976562,,0.8437982658213888,0.871711105930516,0.8384504340052237,0.8518133915833703
roman-empire,SAGE,1,512,3e-05,5,4,"[1570, 870, 1020, 1560]","[0.7868, 0.7839, 0.7912, 0.7882]","[0.7868, 0.7839, 0.7912, 0.7882]",acc,0.996734619140625,0.996734619140625,0.01566174253821373,,0.99633966793013,0.9967312765130395,0.9973065709073468,0.9954029711727994,acc,0.7913503646850586,0.7913503646850586,0.9714837074279785,,0.7272498021867281,0.7860681039596905,0.745097726488716,0.7172991486166801,acc,0.8092128038406372,0.8092128038406372,0.9004292488098145,,0.7469772757039215,0.8041634157862168,0.7601150706211617,0.7398377365278045
roman-empire,SAGE,2,512,3e-05,5,4,"[1270, 1610, 3730, 2150]","[0.8238, 0.8304, 0.833, 0.8311]","[0.8238, 0.8304, 0.833, 0.8311]",acc,0.9999117851257324,0.9999117851257324,0.00037164008244872093,,0.9998999794901763,0.9999117025490416,0.9999553770638108,0.999844816883923,acc,0.836540162563324,0.836540162563324,1.021633267402649,,0.7937438172848634,0.8337272484231922,0.8011512497604177,0.7902071149210115,acc,0.8508647680282593,0.8508647680282593,0.9219823479652405,,0.8045283595119485,0.8482933133680922,0.8145289798361184,0.7982607267863296
roman-empire,SAGE,3,512,3e-05,5,4,"[2250, 2050, 1750, 1760]","[0.8452, 0.8515, 0.8464, 0.8494]","[0.8452, 0.8515, 0.8464, 0.8494]",acc,0.9999117851257324,0.9999117851257324,0.00046708915033377707,,0.9998999794901763,0.9999117025490416,0.9999553770638108,0.999844816883923,acc,0.8547219634056091,0.8547219634056091,0.936271071434021,,0.8173143007375737,0.8519443487881375,0.822519844981323,0.8153401271848844,acc,0.8674549460411072,0.8674549460411072,0.8459194302558899,,0.8274357389676078,0.8656511092297745,0.8375361407448207,0.8206414594707877
roman-empire,SAGE,4,512,3e-05,5,4,"[3120, 1910, 3030, 3190]","[0.8613, 0.862, 0.8593, 0.8623]","[0.8613, 0.862, 0.8593, 0.8623]",acc,1.0,1.0,5.645069177262485e-05,,1.0,1.0,1.0,1.0,acc,0.8669019937515259,0.8669019937515259,0.9394038319587708,,0.8327057252527464,0.8644944690050106,0.8369885558774375,0.8308260719243113,acc,0.8778679370880127,0.8778679370880127,0.8540061712265015,,0.8385579957913991,0.8757320605832961,0.8444259726928955,0.8355705284208358
roman-empire,SAGE,5,512,3e-05,5,4,"[2070, 2910, 4420, 2720]","[0.8632, 0.8681, 0.8754, 0.8681]","[0.8632, 0.8681, 0.8754, 0.8681]",acc,1.0,1.0,2.3809101548977196e-05,,1.0,1.0,1.0,1.0,acc,0.8718446493148804,0.8718446493148804,0.906233012676239,,0.8379780345489714,0.8692437137273142,0.8420074732926703,0.8374608868536242,acc,0.8851041197776794,0.8851041197776794,0.8204309344291687,,0.8492448370420451,0.8834355127845491,0.8550449755169288,0.8456435862216254
roman-empire,SAGE,1,512,3e-05,6,4,"[700, 960, 1510, 1780]","[0.7861, 0.7887, 0.7843, 0.7894]","[0.7861, 0.7887, 0.7843, 0.7894]",acc,0.997175931930542,0.997175931930542,0.01570327952504158,,0.9968178910774598,0.9971744630605446,0.9971387626515386,0.996516319782175,acc,0.7924095392227173,0.7924095392227173,0.9634706377983093,,0.7351795475969003,0.7882108727148959,0.7510825693102019,0.7249089260459102,acc,0.8005647659301758,0.8005647659301758,0.9447605609893799,,0.7388795538362006,0.7960379187436061,0.7501853057045881,0.7318677180517557
roman-empire,SAGE,2,512,3e-05,6,4,"[2470, 3380, 1410, 2010]","[0.8284, 0.8327, 0.8298, 0.8332]","[0.8284, 0.8327, 0.8298, 0.8332]",acc,1.0,1.0,0.00019262691785115749,,1.0,1.0,1.0,1.0,acc,0.8372462391853333,0.8372462391853333,1.0664674043655396,,0.796956680249333,0.8352754866301018,0.8010128129456953,0.7951383988510092,acc,0.8365690112113953,0.8365690112113953,1.0759990215301514,,0.7908249167118745,0.8342144336835011,0.7929938028204924,0.7907936914720017
roman-empire,SAGE,3,512,3e-05,6,4,"[2240, 4570, 2830, 3530]","[0.8519, 0.8558, 0.8531, 0.8523]","[0.8519, 0.8558, 0.8531, 0.8523]",acc,1.0,1.0,1.0787832252390217e-05,,1.0,1.0,1.0,1.0,acc,0.8578993678092957,0.8578993678092957,1.0451632738113403,,0.8228436344997571,0.8562100744642317,0.8224120886559421,0.824623784141811,acc,0.8609247803688049,0.8609247803688049,1.0409998893737793,,0.8228063656215604,0.8591675990248568,0.8218356897244594,0.8251527237921518
roman-empire,SAGE,4,512,3e-05,6,4,"[4150, 2080, 2430, 3790]","[0.866, 0.8561, 0.8609, 0.8639]","[0.866, 0.8561, 0.8609, 0.8639]",acc,1.0,1.0,1.2298916772124358e-05,,1.0,1.0,1.0,1.0,acc,0.8686672449111938,0.8686672449111938,0.9779460430145264,,0.8354830829552397,0.867203317415112,0.8335465483861362,0.8392247261531113,acc,0.8693963885307312,0.8693963885307312,0.9544733166694641,,0.834899566872423,0.8680108363929495,0.8333057642226969,0.8379324856243895
roman-empire,SAGE,5,512,3e-05,6,4,"[2510, 2510, 2610, 2440]","[0.8664, 0.8637, 0.8688, 0.865]","[0.8664, 0.8637, 0.8688, 0.865]",acc,1.0,1.0,4.515539694693871e-05,,1.0,1.0,1.0,1.0,acc,0.8729037642478943,0.8729037642478943,0.9213063716888428,,0.8415947581951642,0.8714883744668419,0.8377082504305178,0.8473351368802651,acc,0.87239670753479,0.87239670753479,0.8923709392547607,,0.8379688721035733,0.8713196866894585,0.8342043813178095,0.8430844964994337
roman-empire,SAGE,1,512,3e-05,7,4,"[890, 1450, 1360, 2300]","[0.7864, 0.7889, 0.7883, 0.7861]","[0.7864, 0.7889, 0.7883, 0.7861]",acc,0.9986762404441833,0.9986762404441833,0.0068187653087079525,,0.9982413292104493,0.9986739970477131,0.9990551011901483,0.9974401725456187,acc,0.7911738753318787,0.7911738753318787,1.0556836128234863,,0.7255640551405929,0.7856126806671845,0.7466157717264137,0.7132527968777731,acc,0.7938580513000488,0.7938580513000488,1.0624475479125977,,0.7375714475714873,0.7883629737015364,0.7538511024018646,0.7268268211302186
roman-empire,SAGE,2,512,3e-05,7,4,"[2870, 3440, 2060, 2800]","[0.8293, 0.833, 0.8275, 0.8323]","[0.8293, 0.833, 0.8275, 0.8323]",acc,0.9999117851257324,0.9999117851257324,0.00017149708583019674,,0.9998999794901763,0.9999117025490416,0.9999553770638108,0.999844816883923,acc,0.8344218730926514,0.8344218730926514,1.1450811624526978,,0.7888152572840899,0.831443301169408,0.8009180202326172,0.7799779585501335,acc,0.8413342237472534,0.8413342237472534,1.1263275146484375,,0.798979412596621,0.8381288277027158,0.8040128250136152,0.7956530042340084
roman-empire,SAGE,3,512,3e-05,7,4,"[2210, 1010, 3550, 2590]","[0.8429, 0.8369, 0.8503, 0.8443]","[0.8429, 0.8369, 0.8503, 0.8443]",acc,0.9999117851257324,0.9999117851257324,0.0001344733318546787,,0.9998999794901763,0.9999117025490416,0.9999553770638108,0.999844816883923,acc,0.8492497801780701,0.8492497801780701,0.9868266582489014,,0.8106135641454723,0.8465182606838457,0.8158533163554268,0.8086737680203613,acc,0.8551005721092224,0.8551005721092224,0.970442533493042,,0.8170365143628556,0.8528855912495922,0.8189596860710067,0.8171811459024768
roman-empire,SAGE,4,512,3e-05,7,4,"[1990, 2570, 2900, 2850]","[0.8551, 0.8556, 0.8597, 0.856]","[0.8551, 0.8556, 0.8597, 0.856]",acc,0.9999117851257324,0.9999117851257324,0.00010583800758467987,,0.9998999794901763,0.9999117025490416,0.9999553770638108,0.999844816883923,acc,0.8593115210533142,0.8593115210533142,0.9593335390090942,,0.8222581103498439,0.8566801629467505,0.8269994174120994,0.8202204022056007,acc,0.8651605844497681,0.8651605844497681,0.9654640555381775,,0.8274064585024057,0.8629154310206306,0.8280949210589479,0.8284963261858176
roman-empire,SAGE,5,512,3e-05,7,4,"[4140, 4150, 3840, 2290]","[0.8655, 0.8681, 0.868, 0.8634]","[0.8655, 0.8681, 0.868, 0.8634]",acc,1.0,1.0,7.802308573445771e-06,,1.0,1.0,1.0,1.0,acc,0.8718446493148804,0.8718446493148804,0.9698919057846069,,0.8364971613638804,0.869791967863208,0.8392385987737718,0.8365118332086126,acc,0.8746911287307739,0.8746911287307739,0.959479570388794,,0.8405652916363832,0.8733184197058269,0.8406099515601997,0.8426312218388794
roman-empire,SAGE,1,512,3e-05,8,4,"[750, 740, 870, 1600]","[0.7811, 0.7841, 0.7809, 0.7829]","[0.7811, 0.7841, 0.7809, 0.7829]",acc,0.9891448616981506,0.9891448616981506,0.04424765333533287,,0.9869794610673203,0.9890973906510193,0.9903178037363745,0.9839575648538376,acc,0.7865842580795288,0.7865842580795288,0.8529529571533203,,0.7260074525668845,0.7806997921852724,0.7398585458509653,0.7178958164854401,acc,0.7956230044364929,0.7956230044364929,0.8559543490409851,,0.7337610939797637,0.7909456397316634,0.7484665616967746,0.7257817830030898
roman-empire,SAGE,2,512,3e-05,8,4,"[1260, 840, 3780, 1140]","[0.8275, 0.8224, 0.8362, 0.821]","[0.8275, 0.8224, 0.8362, 0.821]",acc,0.9999117851257324,0.9999117851257324,0.0006260412628762424,,0.9999001782771109,0.9999117027354484,0.9999553411932833,0.9998452491488704,acc,0.834774911403656,0.834774911403656,0.8962025046348572,,0.7892892501312029,0.8310027063327151,0.7951916386627352,0.7868840728522383,acc,0.839922308921814,0.839922308921814,0.9119199514389038,,0.7967511697550315,0.8381271322962571,0.7996991984571105,0.7960653984891343
roman-empire,SAGE,3,512,3e-05,8,4,"[4510, 2260, 2160, 3680]","[0.8554, 0.8459, 0.8515, 0.8514]","[0.8554, 0.8459, 0.8515, 0.8514]",acc,1.0,1.0,3.48256689903792e-05,,1.0,1.0,1.0,1.0,acc,0.8596645593643188,0.8596645593643188,0.9768853187561035,,0.8233729716183669,0.8573976979706678,0.826685255917759,0.8220762793778045,acc,0.8543946146965027,0.8543946146965027,1.0207374095916748,,0.8178273088891137,0.8530853921823859,0.821955054069788,0.8156333895704971
roman-empire,SAGE,4,512,3e-05,8,4,"[3630, 2610, 4240, 3200]","[0.8628, 0.8542, 0.8625, 0.8623]","[0.8628, 0.8542, 0.8625, 0.8623]",acc,1.0,1.0,1.895276000141166e-05,,1.0,1.0,1.0,1.0,acc,0.8688437342643738,0.8688437342643738,0.9312118887901306,,0.8313583724438828,0.8666471164792993,0.832453679530569,0.8327052051000855,acc,0.8683374524116516,0.8683374524116516,0.9929441213607788,,0.8351395304075424,0.8672362154565558,0.8351538824476239,0.8363929999500191
roman-empire,SAGE,5,512,3e-05,8,4,"[4170, 3450, 2180, 3640]","[0.8704, 0.8669, 0.8674, 0.8662]","[0.8704, 0.8669, 0.8674, 0.8662]",acc,1.0,1.0,2.3478904040530324e-05,,1.0,1.0,1.0,1.0,acc,0.8755516409873962,0.8755516409873962,0.8906081318855286,,0.839918267490193,0.8730618980068799,0.8417062458235451,0.8418956694656738,acc,0.8755735754966736,0.8755735754966736,0.9338346123695374,,0.8443019744217326,0.8743732047459901,0.8445473221293559,0.8455297533276961
roman-empire,SAGE,1,512,3e-05,9,4,"[1250, 1050, 950, 960]","[0.7853, 0.788, 0.7891, 0.7861]","[0.7853, 0.788, 0.7891, 0.7861]",acc,0.9918807148933411,0.9918807148933411,0.03114120475947857,,0.9893061573083953,0.9918710453266164,0.9911663846437152,0.9876547449918053,acc,0.7915269136428833,0.7915269136428833,0.9299885034561157,,0.7229065401395867,0.7852371008730757,0.7361715491826549,0.7156692132087173,acc,0.783621609210968,0.783621609210968,0.9228001832962036,,0.7228936700221443,0.7773751639193518,0.7355502683251904,0.7159098499969629
roman-empire,SAGE,2,512,3e-05,9,4,"[2120, 1970, 2520, 2760]","[0.8348, 0.8316, 0.8337, 0.8309]","[0.8348, 0.8316, 0.8337, 0.8309]",acc,0.9999117851257324,0.9999117851257324,0.0004223021969664842,,0.9998999794901763,0.9999117025490416,0.9999553770638108,0.999844816883923,acc,0.8374227285385132,0.8374227285385132,1.0885577201843262,,0.7896097371985444,0.8334622859312885,0.7947556370548827,0.7881740530953901,acc,0.8325096964836121,0.8325096964836121,1.1036127805709839,,0.7893740600188255,0.8293321321019124,0.7894035929875112,0.7919966662843106
roman-empire,SAGE,3,512,3e-05,9,4,"[3460, 3470, 2500, 4880]","[0.8545, 0.8505, 0.8501, 0.8521]","[0.8545, 0.8505, 0.8501, 0.8521]",acc,1.0,1.0,1.003979650704423e-05,,1.0,1.0,1.0,1.0,acc,0.8594880700111389,0.8594880700111389,1.0543845891952515,,0.8188690720960196,0.8560157032416176,0.822884749121138,0.817895118011493,acc,0.8545711040496826,0.8545711040496826,1.0638153553009033,,0.8181861289410883,0.8519910767936594,0.8173348500830024,0.8217281755039424
roman-empire,SAGE,4,512,3e-05,9,4,"[4120, 3460, 3620, 2700]","[0.8628, 0.8613, 0.8621, 0.8567]","[0.8628, 0.8613, 0.8621, 0.8567]",acc,1.0,1.0,8.49151001602877e-06,,1.0,1.0,1.0,1.0,acc,0.8656663298606873,0.8656663298606873,0.9940756559371948,,0.8261934430146939,0.8625615993092198,0.8266067388892826,0.8285188978960539,acc,0.8609247803688049,0.8609247803688049,1.0199706554412842,,0.8229400803070221,0.8588107136173119,0.8196076698146836,0.8277313810987604
roman-empire,SAGE,5,512,3e-05,9,4,"[2990, 3240, 2600, 4330]","[0.8653, 0.8655, 0.866, 0.8738]","[0.8653, 0.8655, 0.866, 0.8738]",acc,1.0,1.0,1.2537011571112089e-05,,1.0,1.0,1.0,1.0,acc,0.8727272748947144,0.8727272748947144,0.9357378482818604,,0.8350664422239616,0.8697451843075733,0.834392941200052,0.8380952490503147,acc,0.8667489886283875,0.8667489886283875,0.9484880566596985,,0.8305372614649755,0.8648114249060941,0.8263587315031562,0.8369861913122238
roman-empire,GAT,1,512,3e-05,0,4,"[1460, 1640, 2260, 1720]","[0.7412, 0.7511, 0.7564, 0.7539]","[0.7412, 0.7511, 0.7564, 0.7539]",acc,0.9909099340438843,0.9909099340438843,0.038832053542137146,,0.9910903377301857,0.9909056883729679,0.9921296163293964,0.990249192316391,acc,0.7643424272537231,0.7643424272537231,0.9867179989814758,,0.7093754378775685,0.7613350952064427,0.7337542401449727,0.6991805892686691,acc,0.7507941722869873,0.7507941722869873,1.0264289379119873,,0.6885949441503156,0.7475762482793155,0.7110316640194109,0.6823549082720759
roman-empire,GAT,2,512,3e-05,0,4,"[2990, 1850, 3140, 1890]","[0.7995, 0.8095, 0.8069, 0.7905]","[0.7995, 0.8095, 0.8069, 0.7905]",acc,0.9996470212936401,0.9996470212936401,0.002354141790419817,,0.9996235805851854,0.9996472155992784,0.9995273395442735,0.9997203597666595,acc,0.8158870339393616,0.8158870339393616,0.9009687304496765,,0.7774471594127491,0.8144742123717144,0.77516991653786,0.7845867115486757,acc,0.8039180636405945,0.8039180636405945,0.9472590088844299,,0.7549093123196867,0.8017815007782708,0.7556212507634187,0.7621311228002278
roman-empire,GAT,3,512,3e-05,0,4,"[3940, 3560, 4870, 2160]","[0.8111, 0.8182, 0.8175, 0.8115]","[0.8111, 0.8182, 0.8175, 0.8115]",acc,1.0,1.0,0.0003022321907337755,,1.0,1.0,1.0,1.0,acc,0.8254192471504211,0.8254192471504211,0.9630160927772522,,0.7824979623066,0.8234073499995733,0.7829331990737732,0.7862626062762004,acc,0.8231556415557861,0.8231556415557861,0.9836018085479736,,0.7712115436867948,0.8196282936239117,0.7704357086382125,0.7769688172688557
roman-empire,GAT,4,512,3e-05,0,4,"[3840, 3010, 4690, 4520]","[0.8162, 0.8252, 0.835, 0.832]","[0.8162, 0.8252, 0.835, 0.832]",acc,1.0,1.0,0.00011470359459053725,,1.0,1.0,1.0,1.0,acc,0.8386583924293518,0.8386583924293518,0.9413079619407654,,0.8010498894902286,0.8367974708257425,0.8010420697471932,0.8049281635806713,acc,0.8328626751899719,0.8328626751899719,0.9845108985900879,,0.7894767715929747,0.8307299257440457,0.7901878198647067,0.7921701246744651
roman-empire,GAT,5,512,3e-05,0,4,"[3320, 2780, 4210, 4340]","[0.8192, 0.8295, 0.8265, 0.8369]","[0.8192, 0.8295, 0.8265, 0.8369]",acc,1.0,1.0,0.00015662724035792053,,1.0,1.0,1.0,1.0,acc,0.8400706052780151,0.8400706052780151,0.934931218624115,,0.8021759506919092,0.8387870108417534,0.7983109983774193,0.8088687392122031,acc,0.8333921432495117,0.8333921432495117,0.9475751519203186,,0.7935024792830466,0.8311911239257339,0.791833180362529,0.7987850790984821
roman-empire,GAT,1,512,3e-05,1,4,"[1510, 1640, 1580, 1600]","[0.7396, 0.752, 0.7546, 0.7396]","[0.7396, 0.752, 0.7546, 0.7396]",acc,0.9830553531646729,0.9830553531646729,0.06663379818201065,,0.9818871908033713,0.9829942083432814,0.9847756545309044,0.9799648206017155,acc,0.7646954655647278,0.7646954655647278,0.9096700549125671,,0.708760942661115,0.7626412087842368,0.7412337255945416,0.6999879132515164,acc,0.7659724354743958,0.7659724354743958,0.9594566226005554,,0.70921735858335,0.7648646972153414,0.736940986580152,0.6971437108137949
roman-empire,GAT,2,512,3e-05,1,4,"[1650, 1530, 2090, 2850]","[0.7758, 0.7906, 0.7905, 0.7968]","[0.7758, 0.7906, 0.7905, 0.7968]",acc,0.9995587468147278,0.9995587468147278,0.005966212600469589,,0.9996659978040972,0.9995591434016106,0.9995339910587239,0.9997992795135561,acc,0.8086495995521545,0.8086495995521545,0.8565260767936707,,0.7616254099370194,0.8075455230225143,0.7670484801753756,0.7687041878149329,acc,0.8092128038406372,0.8092128038406372,0.8829315900802612,,0.7600516812077588,0.8069586445630911,0.7677582439542563,0.7626993873674471
roman-empire,GAT,3,512,3e-05,1,4,"[2890, 1620, 2260, 2720]","[0.8092, 0.8166, 0.8229, 0.8191]","[0.8092, 0.8166, 0.8229, 0.8191]",acc,0.9999117851257324,0.9999117851257324,0.0017572176875546575,,0.9998901756571201,0.9999117627670865,0.9998698933125163,0.9999106823865667,acc,0.8337157964706421,0.8337157964706421,0.7932159304618835,,0.7845172603274021,0.8321679014272181,0.7868211263592306,0.7883279923792901,acc,0.8265089988708496,0.8265089988708496,0.8373072147369385,,0.7776943781241248,0.8239340725897061,0.7819488412221128,0.7776807232658391
roman-empire,GAT,4,512,3e-05,1,4,"[2520, 3680, 2330, 4290]","[0.8219, 0.8327, 0.8228, 0.8385]","[0.8219, 0.8327, 0.8228, 0.8385]",acc,1.0,1.0,0.0003274925402365625,,1.0,1.0,1.0,1.0,acc,0.8425419330596924,0.8425419330596924,0.8519021272659302,,0.7951474580581009,0.8409128820526668,0.7969399264179146,0.798006587973976,acc,0.8411577343940735,0.8411577343940735,0.8653695583343506,,0.7981604663803032,0.8388799432890731,0.803925101284572,0.7956145824516736
roman-empire,GAT,5,512,3e-05,1,4,"[4650, 3390, 2380, 4280]","[0.8385, 0.8332, 0.8259, 0.8353]","[0.8385, 0.8332, 0.8259, 0.8353]",acc,1.0,1.0,0.00013748604396823794,,1.0,1.0,1.0,1.0,acc,0.8458958268165588,0.8458958268165588,0.8683408498764038,,0.8041214843418922,0.8446947276996756,0.8078389089505522,0.8054146638539598,acc,0.8415107131004333,0.8415107131004333,0.9136982560157776,,0.7999856504613265,0.8396087561658968,0.8090315882658345,0.7944277342257355
roman-empire,GAT,1,512,3e-05,2,4,"[1800, 1440, 1600, 1880]","[0.749, 0.7546, 0.7481, 0.7393]","[0.749, 0.7546, 0.7481, 0.7393]",acc,0.9912629127502441,0.9912629127502441,0.04106971248984337,,0.9913418205265094,0.9912379244834986,0.9923422939635862,0.9905533273022389,acc,0.7613415718078613,0.7613415718078613,0.9832645654678345,,0.7068663389232634,0.7571914163903325,0.7410145153020948,0.6922559287732789,acc,0.758206844329834,0.758206844329834,0.9590673446655273,,0.708302802885322,0.7565125630732029,0.7387806755659029,0.6960005178696681
roman-empire,GAT,2,512,3e-05,2,4,"[2710, 4660, 3120, 3320]","[0.7834, 0.7995, 0.7915, 0.7929]","[0.7834, 0.7995, 0.7915, 0.7929]",acc,1.0,1.0,0.0004316822742111981,,1.0,1.0,1.0,1.0,acc,0.8072373867034912,0.8072373867034912,1.100160002708435,,0.7683692414072586,0.8055688652488325,0.7680025300581527,0.7739598841897259,acc,0.8132721185684204,0.8132721185684204,1.0387650728225708,,0.7736981229547992,0.811932147973883,0.7689182266779688,0.7829687477944423
roman-empire,GAT,3,512,3e-05,2,4,"[1880, 2970, 3170, 4030]","[0.8016, 0.8196, 0.8201, 0.8113]","[0.8016, 0.8196, 0.8201, 0.8113]",acc,1.0,1.0,0.0005112539511173964,,1.0,1.0,1.0,1.0,acc,0.8234774470329285,0.8234774470329285,0.9487772583961487,,0.7812302672770162,0.8210492327031464,0.7826185336448699,0.7835316534027501,acc,0.8335686326026917,0.8335686326026917,0.855108380317688,,0.7945225355011519,0.8315753323034043,0.7953212698719839,0.7966691441846221
roman-empire,GAT,4,512,3e-05,2,4,"[4990, 4510, 4880, 4860]","[0.8173, 0.8191, 0.827, 0.8261]","[0.8173, 0.8191, 0.827, 0.8261]",acc,1.0,1.0,2.8530430427053943e-05,,1.0,1.0,1.0,1.0,acc,0.833892285823822,0.833892285823822,1.0922315120697021,,0.7937957081174405,0.8319076184549504,0.7936225986493795,0.7977076452573411,acc,0.8363925218582153,0.8363925218582153,0.9724000692367554,,0.7971440598888703,0.8350199220035316,0.7957354663915359,0.801397527408015
roman-empire,GAT,5,512,3e-05,2,4,"[4230, 3880, 4900, 1640]","[0.821, 0.8231, 0.8238, 0.8108]","[0.821, 0.8231, 0.8238, 0.8108]",acc,1.0,1.0,0.00013352345558814704,,1.0,1.0,1.0,1.0,acc,0.8337157964706421,0.8337157964706421,0.990319550037384,,0.7959440901757922,0.8325553167237449,0.7980041502964199,0.7972698526806049,acc,0.8363925218582153,0.8363925218582153,0.8785397410392761,,0.797206930043279,0.8351547711257901,0.7950842644023439,0.8019018774642932
roman-empire,GAT,1,512,3e-05,3,4,"[1360, 1440, 1740, 1650]","[0.7442, 0.7477, 0.749, 0.758]","[0.7442, 0.7477, 0.749, 0.758]",acc,0.9837613701820374,0.9837613701820374,0.06272617727518082,,0.982478250465486,0.9837287594939917,0.9837653622791094,0.981944527883987,acc,0.7691085338592529,0.7691085338592529,0.9330714344978333,,0.7188907898765733,0.7667558059796973,0.7497289805815001,0.7075378371204648,acc,0.7635015845298767,0.7635015845298767,0.9349045157432556,,0.7100336477984636,0.7626380174662709,0.737481545048079,0.6995445819398355
roman-empire,GAT,2,512,3e-05,3,4,"[1700, 1390, 3850, 1410]","[0.7869, 0.7972, 0.797, 0.7922]","[0.7869, 0.7972, 0.797, 0.7922]",acc,0.9992057681083679,0.9992057681083679,0.00628511281684041,,0.9991084361343047,0.9992057899370518,0.9990566232506498,0.9991672218647845,acc,0.8102383017539978,0.8102383017539978,0.859173595905304,,0.7659666750791728,0.8091284936358956,0.7714717746856856,0.7700492279841711,acc,0.7989763021469116,0.7989763021469116,0.865186870098114,,0.7558554588258253,0.7982373391261652,0.7625612083789604,0.7582065520773873
roman-empire,GAT,3,512,3e-05,3,4,"[3440, 2210, 2670, 2440]","[0.824, 0.8221, 0.824, 0.8212]","[0.824, 0.8221, 0.824, 0.8212]",acc,1.0,1.0,0.0008336906903423369,,1.0,1.0,1.0,1.0,acc,0.8353044986724854,0.8353044986724854,0.8486111760139465,,0.7905423798647596,0.8328836695769549,0.7930241289611547,0.7919567441808295,acc,0.8339216113090515,0.8339216113090515,0.8166404962539673,,0.7905288272488715,0.8315858132130993,0.7906788796337755,0.7937392714530993
roman-empire,GAT,4,512,3e-05,3,4,"[3620, 3850, 1820, 2790]","[0.827, 0.8358, 0.8258, 0.8251]","[0.827, 0.8358, 0.8258, 0.8251]",acc,1.0,1.0,0.0004285729955881834,,1.0,1.0,1.0,1.0,acc,0.8425419330596924,0.8425419330596924,0.8402795195579529,,0.7996262948374248,0.8406711833399082,0.8019024228705067,0.8009639358488527,acc,0.8409812450408936,0.8409812450408936,0.8128650188446045,,0.799850193149425,0.8397993277502802,0.7984225080164566,0.8035915073504191
roman-empire,GAT,5,512,3e-05,3,4,"[3760, 4570, 2420, 4890]","[0.8339, 0.8406, 0.8254, 0.8335]","[0.8339, 0.8406, 0.8254, 0.8335]",acc,1.0,1.0,8.493000495946035e-05,,1.0,1.0,1.0,1.0,acc,0.8487201929092407,0.8487201929092407,0.9043871164321899,,0.8061452688980011,0.847131689528104,0.8087515594621881,0.8063190321992019,acc,0.8432756662368774,0.8432756662368774,0.865308940410614,,0.802429062444573,0.8421770032145262,0.8008734780982422,0.806479636407265
roman-empire,GAT,1,512,3e-05,4,4,"[1500, 2050, 1350, 1440]","[0.7465, 0.7439, 0.749, 0.7492]","[0.7465, 0.7439, 0.749, 0.7492]",acc,0.9849969148635864,0.9849969148635864,0.05554258078336716,,0.983811620501322,0.9849457323404642,0.9863825510252338,0.981937119417743,acc,0.7627537250518799,0.7627537250518799,0.9512559175491333,,0.7132152714388529,0.7615154303777106,0.7389281707770904,0.7062641295525824,acc,0.7497352361679077,0.7497352361679077,1.023738145828247,,0.6923017674496621,0.7466916082671436,0.7148018750805434,0.6873899053960324
roman-empire,GAT,2,512,3e-05,4,4,"[3660, 1260, 2490, 2090]","[0.794, 0.7869, 0.7924, 0.7792]","[0.794, 0.7869, 0.7924, 0.7792]",acc,0.9997352361679077,0.9997352361679077,0.003624769626185298,,0.9997489514900413,0.9997352521887165,0.9997333500399195,0.9997650185733762,acc,0.8021182417869568,0.8021182417869568,0.9236186146736145,,0.7609289781694812,0.7999952710482705,0.760231380547612,0.7684030215866768,acc,0.7957994937896729,0.7957994937896729,0.996046245098114,,0.7480787171163678,0.7939276231153589,0.7473894191224117,0.7586949252716351
roman-empire,GAT,3,512,3e-05,4,4,"[2790, 2150, 1380, 3200]","[0.8147, 0.8143, 0.8111, 0.8154]","[0.8147, 0.8143, 0.8111, 0.8154]",acc,1.0,1.0,0.001816447009332478,,1.0,1.0,1.0,1.0,acc,0.8264783620834351,0.8264783620834351,0.8038715124130249,,0.7831491810124682,0.8236764529713532,0.7811614189601614,0.7889488767234455,acc,0.8277444243431091,0.8277444243431091,0.8494364023208618,,0.7778496762593607,0.8250384648183278,0.7776691958034627,0.7838738343592684
roman-empire,GAT,4,512,3e-05,4,4,"[4540, 3010, 4610, 4300]","[0.8327, 0.8298, 0.8261, 0.8281]","[0.8327, 0.8298, 0.8261, 0.8281]",acc,1.0,1.0,9.813807992031798e-05,,1.0,1.0,1.0,1.0,acc,0.8402470946311951,0.8402470946311951,0.8989859223365784,,0.8000048334506161,0.8385660599569916,0.7967802757345579,0.8060692793951957,acc,0.8367455005645752,0.8367455005645752,0.9729175567626953,,0.7946104269948951,0.8345061138377484,0.7918783917103476,0.8025202863901941
roman-empire,GAT,5,512,3e-05,4,4,"[4720, 2390, 3180, 3760]","[0.8297, 0.8224, 0.8272, 0.8312]","[0.8297, 0.8224, 0.8272, 0.8312]",acc,1.0,1.0,0.00021793736959807575,,1.0,1.0,1.0,1.0,acc,0.8400706052780151,0.8400706052780151,0.8736663460731506,,0.7984029356705318,0.8385916423607028,0.7964766079603262,0.8028513200344298,acc,0.8355100154876709,0.8355100154876709,0.9370424747467041,,0.7899977908011708,0.8332474845992246,0.7879040328633473,0.7981104112117876
roman-empire,GAT,1,512,3e-05,5,4,"[1370, 1550, 1260, 1550]","[0.7379, 0.7546, 0.7483, 0.7395]","[0.7379, 0.7546, 0.7483, 0.7395]",acc,0.9730827212333679,0.9730827212333679,0.09065444022417068,,0.9713702010701277,0.9730119407750392,0.9761344364700258,0.9682067867170591,acc,0.7627537250518799,0.7627537250518799,0.9298225045204163,,0.7024598475921771,0.7594574386026689,0.7419235147159582,0.686605998419897,acc,0.7550299763679504,0.7550299763679504,0.9040387868881226,,0.6864947270758629,0.7498894801890756,0.7266602490952621,0.6709186167153127
roman-empire,GAT,2,512,3e-05,5,4,"[1640, 3630, 1970, 3400]","[0.7912, 0.7915, 0.7875, 0.7945]","[0.7912, 0.7915, 0.7875, 0.7945]",acc,0.9998235106468201,0.9998235106468201,0.0022105250973254442,,0.9998074065320743,0.9998234871424015,0.9998150493863248,0.9998001580772063,acc,0.8044130206108093,0.8044130206108093,0.940913200378418,,0.7539188002060757,0.8024433897355063,0.7531495098255345,0.7611442992672028,acc,0.8153900504112244,0.8153900504112244,0.8939136266708374,,0.7622237214325048,0.8137780782206594,0.7657375214441072,0.7663944025380793
roman-empire,GAT,3,512,3e-05,5,4,"[2360, 2920, 2160, 3420]","[0.8191, 0.8189, 0.8201, 0.8166]","[0.8191, 0.8189, 0.8201, 0.8166]",acc,0.9999117851257324,0.9999117851257324,0.0007820510654710233,,0.9998999794901763,0.9999117025490416,0.9999553770638108,0.999844816883923,acc,0.8307148814201355,0.8307148814201355,0.8346500992774963,,0.7815379686274819,0.8276068549286644,0.7800682076869003,0.7865405092017705,acc,0.8333921432495117,0.8333921432495117,0.7970147728919983,,0.7853570057013697,0.830864150248815,0.7887562851438447,0.7874610558844082
roman-empire,GAT,4,512,3e-05,5,4,"[3240, 2090, 2790, 3620]","[0.8244, 0.8169, 0.8281, 0.8189]","[0.8244, 0.8169, 0.8281, 0.8189]",acc,1.0,1.0,0.0005355884786695242,,1.0,1.0,1.0,1.0,acc,0.8321270942687988,0.8321270942687988,0.8617437481880188,,0.787353517321727,0.8296289115033959,0.7846279873038585,0.7932787314262905,acc,0.8348040580749512,0.8348040580749512,0.8248538970947266,,0.7834988824707619,0.8330789067631965,0.7880124393057202,0.7837288159606746
roman-empire,GAT,5,512,3e-05,5,4,"[4660, 2360, 4390, 4340]","[0.8267, 0.8229, 0.8341, 0.8215]","[0.8267, 0.8229, 0.8341, 0.8215]",acc,1.0,1.0,8.98690996109508e-05,,1.0,1.0,1.0,1.0,acc,0.8344218730926514,0.8344218730926514,0.9318535923957825,,0.7895351424680082,0.8325277120809967,0.7885894968610255,0.79325506491479,acc,0.8390398621559143,0.8390398621559143,0.8695056438446045,,0.7934820722698819,0.8378784769033366,0.8000683156076629,0.7907460407968728
roman-empire,GAT,1,512,3e-05,6,4,"[2500, 1170, 1080, 1360]","[0.7407, 0.7342, 0.7356, 0.7516]","[0.7407, 0.7342, 0.7356, 0.7516]",acc,0.9815550446510315,0.9815550446510315,0.06989577412605286,,0.9800375257862279,0.9814708205888298,0.9845025791070999,0.9764347550338619,acc,0.7601059079170227,0.7601059079170227,0.9426006078720093,,0.7123753712831902,0.7583889875506945,0.7450837646675899,0.6976744833717725,acc,0.7642075419425964,0.7642075419425964,0.9250304698944092,,0.7118714644212422,0.7622744589877266,0.7414435257876666,0.6997360248448589
roman-empire,GAT,2,512,3e-05,6,4,"[1220, 2160, 3160, 2350]","[0.7882, 0.8019, 0.797, 0.7839]","[0.7882, 0.8019, 0.797, 0.7839]",acc,0.9998235106468201,0.9998235106468201,0.0034353225491940975,,0.9998044376325035,0.9998234898020194,0.9998087559787775,0.9998005544139102,acc,0.8081200122833252,0.8081200122833252,0.8767890930175781,,0.7665771371509126,0.8069079382809369,0.7618483180148137,0.7762052680274252,acc,0.8145075440406799,0.8145075440406799,0.8496429920196533,,0.7730304641968122,0.8132458415483417,0.7705616311989378,0.780384378057131
roman-empire,GAT,3,512,3e-05,6,4,"[3740, 1790, 4370, 2670]","[0.8138, 0.8099, 0.8168, 0.8039]","[0.8138, 0.8099, 0.8168, 0.8039]",acc,1.0,1.0,0.0003949679376091808,,1.0,1.0,1.0,1.0,acc,0.8264783620834351,0.8264783620834351,0.9189099073410034,,0.7845158318333081,0.8242419835814133,0.7812283197496952,0.7903157772671885,acc,0.8340981006622314,0.8340981006622314,0.8644375801086426,,0.7924810204714936,0.8322880359503859,0.7908193817551159,0.7973702597113792
roman-empire,GAT,4,512,3e-05,6,4,"[3830, 4560, 1780, 4990]","[0.8263, 0.8254, 0.8056, 0.818]","[0.8263, 0.8254, 0.8056, 0.818]",acc,1.0,1.0,0.00012193071597721428,,1.0,1.0,1.0,1.0,acc,0.8301853537559509,0.8301853537559509,0.936830997467041,,0.7881565949978189,0.828303411896703,0.7852203317839862,0.7931359749213116,acc,0.8439816236495972,0.8439816236495972,0.8639411926269531,,0.8049298228594409,0.8423728397877396,0.8032043156682093,0.8102597389769772
roman-empire,GAT,5,512,3e-05,6,4,"[3090, 4050, 2970, 4260]","[0.8251, 0.8353, 0.8148, 0.8295]","[0.8251, 0.8353, 0.8148, 0.8295]",acc,1.0,1.0,0.00011780512431869283,,1.0,1.0,1.0,1.0,acc,0.8368932008743286,0.8368932008743286,0.9367119669914246,,0.7983575350980585,0.8353947313528439,0.7932202545995805,0.8059459731587384,acc,0.8469820022583008,0.8469820022583008,0.8524244427680969,,0.8081682024177819,0.8456096334767628,0.8047153858057566,0.8136788806157746
roman-empire,GAT,1,512,3e-05,7,4,"[1270, 1450, 2310, 1630]","[0.74, 0.7472, 0.7391, 0.7509]","[0.74, 0.7472, 0.7391, 0.7509]",acc,0.982261061668396,0.982261061668396,0.06595435738563538,,0.982316658602503,0.9822179533691294,0.985525390158711,0.9797968093150254,acc,0.7604589462280273,0.7604589462280273,0.9588664770126343,,0.705028847796849,0.7578236040566567,0.7349311827383306,0.6905641128095934,acc,0.7576773762702942,0.7576773762702942,0.9894510507583618,,0.7081193453519872,0.7551713031154256,0.7462124069110739,0.6914811330845737
roman-empire,GAT,2,512,3e-05,7,4,"[3160, 2490, 1890, 1100]","[0.8014, 0.7954, 0.7956, 0.7878]","[0.8014, 0.7954, 0.7956, 0.7878]",acc,0.9997352361679077,0.9997352361679077,0.004217825829982758,,0.9997678044432692,0.9997352372318246,0.9997709513560176,0.9997650407854519,acc,0.812709629535675,0.812709629535675,0.8803423047065735,,0.7681150773544058,0.8100335884092481,0.7703135625752067,0.7730004048160839,acc,0.8106247782707214,0.8106247782707214,0.8834798336029053,,0.7690504195337913,0.8082485496575375,0.7697434578545113,0.7741549937087545
roman-empire,GAT,3,512,3e-05,7,4,"[3860, 1840, 1980, 1490]","[0.8205, 0.8097, 0.8074, 0.8053]","[0.8205, 0.8097, 0.8074, 0.8053]",acc,0.9997352361679077,0.9997352361679077,0.002162365708500147,,0.9995891152995906,0.9997348233002418,0.9996463820858617,0.9995344506517692,acc,0.8243600726127625,0.8243600726127625,0.8202559351921082,,0.7811939311124276,0.8215902020887885,0.7822749454646715,0.7846824777645771,acc,0.830568253993988,0.830568253993988,0.8165500164031982,,0.7844376972775445,0.8276932266035741,0.7845085781787439,0.7905223823143902
roman-empire,GAT,4,512,3e-05,7,4,"[3620, 4960, 4890, 4910]","[0.8198, 0.8323, 0.8267, 0.833]","[0.8198, 0.8323, 0.8267, 0.833]",acc,1.0,1.0,3.280265809735283e-05,,1.0,1.0,1.0,1.0,acc,0.8353044986724854,0.8353044986724854,1.0064891576766968,,0.7926027035292945,0.8332193759773615,0.7913983661799766,0.7979164681577177,acc,0.8404517769813538,0.8404517769813538,1.0044677257537842,,0.8014256896361789,0.8386964682918434,0.8021908159381476,0.8041675546675165
roman-empire,GAT,5,512,3e-05,7,4,"[3310, 1960, 3230, 4490]","[0.8212, 0.8258, 0.8217, 0.8282]","[0.8212, 0.8258, 0.8217, 0.8282]",acc,1.0,1.0,0.00022637132497038692,,1.0,1.0,1.0,1.0,acc,0.833009660243988,0.833009660243988,0.9182249307632446,,0.7894015719956821,0.8311697587661888,0.7849665639407215,0.7970023871210157,acc,0.8365690112113953,0.8365690112113953,0.908310055732727,,0.7929192291667075,0.8343565499397296,0.7929322898095301,0.796582974557659
roman-empire,GAT,1,512,3e-05,8,4,"[1230, 1820, 1270, 1870]","[0.7453, 0.7566, 0.7322, 0.726]","[0.7453, 0.7566, 0.7322, 0.726]",acc,0.9835848808288574,0.9835848808288574,0.0607498474419117,,0.9819904698768727,0.9835543336298238,0.9845628833413824,0.9801690871402483,acc,0.7585172057151794,0.7585172057151794,0.9607003927230835,,0.7050705144430074,0.7541964917675504,0.7379820793041185,0.6953586029803829,acc,0.7597952485084534,0.7597952485084534,0.9499016404151917,,0.7030252143172314,0.757894439204603,0.7366310168847671,0.6927467326062495
roman-empire,GAT,2,512,3e-05,8,4,"[2120, 1720, 1580, 4960]","[0.7966, 0.7894, 0.7853, 0.7919]","[0.7966, 0.7894, 0.7853, 0.7919]",acc,0.9995587468147278,0.9995587468147278,0.0025957718025892973,,0.9992183041718187,0.9995590872127166,0.9990846015472769,0.9993596039946703,acc,0.8051191568374634,0.8051191568374634,0.9241626262664795,,0.7675469677324224,0.80344131720173,0.766408808756696,0.7756628181689997,acc,0.8122131824493408,0.8122131824493408,0.902513325214386,,0.7677878471624479,0.8109911566718121,0.765342753352637,0.7771380452329827
roman-empire,GAT,3,512,3e-05,8,4,"[3940, 3960, 3210, 4880]","[0.8182, 0.8152, 0.8154, 0.8238]","[0.8182, 0.8152, 0.8154, 0.8238]",acc,1.0,1.0,0.00012075979611836374,,1.0,1.0,1.0,1.0,acc,0.8308914303779602,0.8308914303779602,0.9546153545379639,,0.7919255045972776,0.8283522007075069,0.792335556139212,0.7947940435126828,acc,0.8360394835472107,0.8360394835472107,0.9480119943618774,,0.794652262277218,0.8338858522885074,0.7937939442008227,0.7991947433070072
roman-empire,GAT,4,512,3e-05,8,4,"[3890, 2720, 3020, 3510]","[0.8247, 0.8237, 0.8154, 0.8222]","[0.8247, 0.8237, 0.8154, 0.8222]",acc,1.0,1.0,0.00028223934350535274,,1.0,1.0,1.0,1.0,acc,0.8319505453109741,0.8319505453109741,0.8920890092849731,,0.795728141568699,0.8297457690166339,0.7940240058847121,0.8009472739421881,acc,0.8413342237472534,0.8413342237472534,0.8916168808937073,,0.8017699400370346,0.8397649935862931,0.799867520442,0.8075723941089753
roman-empire,GAT,5,512,3e-05,8,4,"[3760, 3240, 1750, 2690]","[0.8245, 0.8261, 0.8192, 0.8247]","[0.8245, 0.8261, 0.8192, 0.8247]",acc,0.9999117851257324,0.9999117851257324,0.0006080319290049374,,0.9997930165294182,0.9999117878520074,0.9997416020671834,0.9998452491488704,acc,0.8349514603614807,0.8349514603614807,0.8416764736175537,,0.7967221920886809,0.8330971830871644,0.7963948207020045,0.8017645546536478,acc,0.8342745900154114,0.8342745900154114,0.8526186943054199,,0.791121594577992,0.8326282628355338,0.7928654889413629,0.7946343990096891
roman-empire,GAT,1,512,3e-05,9,4,"[1520, 1610, 1910, 1510]","[0.74, 0.7557, 0.7485, 0.7582]","[0.74, 0.7557, 0.7485, 0.7582]",acc,0.9905568957328796,0.9905568957328796,0.043744102120399475,,0.9893572196451098,0.9905237588987484,0.9912127877728998,0.9877813744117174,acc,0.7632833123207092,0.7632833123207092,0.9419438242912292,,0.7049495193196286,0.7609896432807143,0.736674197163984,0.6912121280345485,acc,0.7705612182617188,0.7705612182617188,0.9443432688713074,,0.7060510595855043,0.7652414801119284,0.7354044338498513,0.6960795231415311
roman-empire,GAT,2,512,3e-05,9,4,"[2120, 3250, 2120, 2200]","[0.794, 0.7838, 0.7922, 0.7891]","[0.794, 0.7838, 0.7922, 0.7891]",acc,0.9997352361679077,0.9997352361679077,0.00264616496860981,,0.9997369220066711,0.9997352188492876,0.9997184228025576,0.9997554992704897,acc,0.8030008673667908,0.8030008673667908,0.9265738725662231,,0.7586447091935326,0.8012590035678199,0.7589877832883538,0.7658844273286586,acc,0.8079773783683777,0.8079773783683777,0.9236522316932678,,0.7584141257160164,0.8055446175866826,0.7570532864434254,0.7689117998901804
roman-empire,GAT,3,512,3e-05,9,4,"[1670, 2020, 3880, 2960]","[0.8141, 0.8085, 0.8173, 0.8203]","[0.8141, 0.8085, 0.8173, 0.8203]",acc,0.9999117851257324,0.9999117851257324,0.0010800566524267197,,0.9998999794901763,0.9999117025490416,0.9999553770638108,0.999844816883923,acc,0.8317740559577942,0.8317740559577942,0.845234751701355,,0.7929999360490105,0.8293639531663833,0.7944897926314797,0.7972063921548757,acc,0.8258029818534851,0.8258029818534851,0.8530163764953613,,0.7820801833659662,0.8228633356959045,0.7846768551181429,0.785672635283729
roman-empire,GAT,4,512,3e-05,9,4,"[2700, 2420, 1960, 3900]","[0.8173, 0.8237, 0.8222, 0.8254]","[0.8173, 0.8237, 0.8222, 0.8254]",acc,1.0,1.0,0.0007932828739285469,,1.0,1.0,1.0,1.0,acc,0.8358340263366699,0.8358340263366699,0.8490077257156372,,0.7976132045236078,0.8341628055608882,0.7979640683020345,0.8001652772507575,acc,0.8335686326026917,0.8335686326026917,0.8581923246383667,,0.7893634042857846,0.830769094229915,0.7896352464809806,0.7945431447539375
roman-empire,GAT,5,512,3e-05,9,4,"[4570, 4350, 4490, 3900]","[0.8307, 0.8309, 0.8364, 0.8316]","[0.8307, 0.8309, 0.8364, 0.8316]",acc,1.0,1.0,4.4285225158091635e-05,,1.0,1.0,1.0,1.0,acc,0.8423653841018677,0.8423653841018677,0.9773618578910828,,0.8068036799965602,0.8404827402543971,0.8047175701169057,0.8115291297876097,acc,0.837274968624115,0.837274968624115,0.9870704412460327,,0.7945365850301962,0.8346510210773056,0.7918913267553043,0.8013300352412567
roman-empire,GAT-sep,1,512,3e-05,0,4,"[970, 1340, 1780, 1850]","[0.8055, 0.8071, 0.8062, 0.8069]","[0.8055, 0.8071, 0.8062, 0.8069]",acc,0.9998235106468201,0.9998235106468201,0.0014209151268005371,,0.9998005544139102,0.9998236679031057,0.9996913580246913,0.9999106823865667,acc,0.813768744468689,0.813768744468689,0.9112980365753174,,0.7642208159304824,0.8089332130743971,0.7745789348020519,0.7601401772400591,acc,0.8069184422492981,0.8069184422492981,0.9348312616348267,,0.7500198283713106,0.803546490347296,0.7560652725734495,0.748779842935854
roman-empire,GAT-sep,2,512,3e-05,0,4,"[1670, 1280, 1840, 1510]","[0.8588, 0.8538, 0.8523, 0.8623]","[0.8588, 0.8538, 0.8523, 0.8623]",acc,0.9999117851257324,0.9999117851257324,0.0002264002978336066,,0.9999001782771109,0.9999117903366547,0.9998452491488704,0.9999553411932833,acc,0.8635480999946594,0.8635480999946594,0.75937819480896,,0.8339711681257919,0.8611480704382173,0.8361600808529714,0.8388383335176697,acc,0.8595128655433655,0.8595128655433655,0.8023959398269653,,0.8244191730568695,0.8579674294509791,0.8208025863423776,0.8330172360468443
roman-empire,GAT-sep,3,512,3e-05,0,4,"[1710, 3390, 3430, 3130]","[0.8819, 0.8812, 0.8761, 0.8826]","[0.8819, 0.8812, 0.8761, 0.8826]",acc,1.0,1.0,1.0856024346139748e-05,,1.0,1.0,1.0,1.0,acc,0.888614296913147,0.888614296913147,0.7743797302246094,,0.8644984504638822,0.886819282454463,0.8637677073691395,0.8695325724588039,acc,0.8813977837562561,0.8813977837562561,0.8071436285972595,,0.8488910727452661,0.8799917289341819,0.8439026873402098,0.8576161952382102
roman-empire,GAT-sep,4,512,3e-05,0,4,"[2740, 3900, 2070, 1290]","[0.8886, 0.8955, 0.8872, 0.8904]","[0.8886, 0.8955, 0.8872, 0.8904]",acc,1.0,1.0,2.5903320420184173e-05,,1.0,1.0,1.0,1.0,acc,0.8974403738975525,0.8974403738975525,0.6732286810874939,,0.8754408475930808,0.8959232625720169,0.8740599726719034,0.8798663004093348,acc,0.8921637535095215,0.8921637535095215,0.6991842985153198,,0.8614790460652784,0.8908341684811001,0.8574897558023142,0.8680964133142144
roman-empire,GAT-sep,5,512,3e-05,0,4,"[3150, 4130, 1610, 2620]","[0.8967, 0.899, 0.892, 0.8976]","[0.8967, 0.899, 0.892, 0.8976]",acc,1.0,1.0,1.521300964668626e-05,,1.0,1.0,1.0,1.0,acc,0.9016769528388977,0.9016769528388977,0.6790322661399841,,0.8824484060885279,0.9002981254880407,0.8780160851381014,0.8893003636121501,acc,0.8986939191818237,0.8986939191818237,0.6930299401283264,,0.8707154900368477,0.8973574024767339,0.8675930625381003,0.8763548449275026
roman-empire,GAT-sep,1,512,3e-05,1,4,"[1030, 950, 1160, 950]","[0.8095, 0.8097, 0.8051, 0.8094]","[0.8095, 0.8097, 0.8051, 0.8094]",acc,0.9986762404441833,0.9986762404441833,0.010810697451233864,,0.9983336459187195,0.9986761883396761,0.9985713143489002,0.9981030967222408,acc,0.8139452338218689,0.8139452338218689,0.7606086134910583,,0.7623338773293179,0.8106502303269263,0.7739429605802729,0.758713866244297,acc,0.8152135014533997,0.8152135014533997,0.7849264740943909,,0.76500316260139,0.8114033378547353,0.7785091356541839,0.758466279579132
roman-empire,GAT-sep,2,512,3e-05,1,4,"[1530, 1540, 1720, 2780]","[0.8611, 0.865, 0.8616, 0.8715]","[0.8611, 0.865, 0.8616, 0.8715]",acc,1.0,1.0,4.130793604417704e-05,,1.0,1.0,1.0,1.0,acc,0.8744924664497375,0.8744924664497375,0.7632737755775452,,0.8413814312389637,0.8734310871667358,0.8423414035858401,0.8463967653086715,acc,0.8642781376838684,0.8642781376838684,0.7532676458358765,,0.8336289134378124,0.8625327886648776,0.8389169700333128,0.8328506436112819
roman-empire,GAT-sep,3,512,3e-05,1,4,"[3750, 3820, 2130, 2250]","[0.8888, 0.8904, 0.8831, 0.8826]","[0.8888, 0.8904, 0.8831, 0.8826]",acc,1.0,1.0,7.211655884020729e-06,,1.0,1.0,1.0,1.0,acc,0.8962047696113586,0.8962047696113586,0.7415567636489868,,0.8686057269608269,0.8947985473201038,0.8698266793458302,0.8706902389822906,acc,0.8898693919181824,0.8898693919181824,0.7271407246589661,,0.863855747358754,0.88860823199002,0.8675311375271129,0.86323788103403
roman-empire,GAT-sep,4,512,3e-05,1,4,"[3470, 2540, 2090, 2280]","[0.8983, 0.8959, 0.8937, 0.8959]","[0.8983, 0.8959, 0.8937, 0.8959]",acc,1.0,1.0,1.296662048844155e-05,,1.0,1.0,1.0,1.0,acc,0.9000882506370544,0.9000882506370544,0.6717000007629395,,0.8741337744219468,0.8989894875528531,0.872442812809955,0.8784929292864695,acc,0.8988704085350037,0.8988704085350037,0.6507203578948975,,0.8767672176738698,0.8980741961759787,0.8780251804127417,0.8769051077617417
roman-empire,GAT-sep,5,512,3e-05,1,4,"[2200, 4160, 1330, 2030]","[0.9022, 0.9059, 0.8966, 0.901]","[0.9022, 0.9059, 0.8966, 0.901]",acc,1.0,1.0,2.37061467487365e-05,,1.0,1.0,1.0,1.0,acc,0.9048543572425842,0.9048543572425842,0.6207614541053772,,0.8803695958232568,0.903968687287239,0.8759171455824897,0.8868216432516406,acc,0.9032827019691467,0.9032827019691467,0.6007248759269714,,0.8816053544623558,0.9025901666770161,0.8828574153762339,0.88190961113446
roman-empire,GAT-sep,1,512,3e-05,2,4,"[840, 780, 740, 990]","[0.8005, 0.8025, 0.7959, 0.7961]","[0.8005, 0.8025, 0.7959, 0.7961]",acc,0.9904686212539673,0.9904686212539673,0.03870929405093193,,0.986631106177598,0.9904686896484192,0.9886452374259913,0.9848839885709696,acc,0.8058252334594727,0.8058252334594727,0.7540574073791504,,0.7490757189145342,0.8008856998618976,0.7659201834312582,0.7406477548965614,acc,0.8100953102111816,0.8100953102111816,0.7162586450576782,,0.7601731072175179,0.8064220670230847,0.7814571404125349,0.7495681549035266
roman-empire,GAT-sep,2,512,3e-05,2,4,"[1400, 1640, 2250, 1050]","[0.8471, 0.8505, 0.8519, 0.8494]","[0.8471, 0.8505, 0.8519, 0.8494]",acc,1.0,1.0,0.00013013019633945078,,1.0,1.0,1.0,1.0,acc,0.8580758571624756,0.8580758571624756,0.7931892275810242,,0.8255253224903567,0.8568014283405043,0.828385959173237,0.8265708055488001,acc,0.8644546270370483,0.8644546270370483,0.7437213063240051,,0.8319423677166866,0.8632734950042472,0.8327533719692248,0.8358886535596125
roman-empire,GAT-sep,3,512,3e-05,2,4,"[1690, 2900, 3270, 4090]","[0.8711, 0.8713, 0.8768, 0.8784]","[0.8711, 0.8713, 0.8768, 0.8784]",acc,1.0,1.0,8.247599907917902e-06,,1.0,1.0,1.0,1.0,acc,0.8824359774589539,0.8824359774589539,0.8176302909851074,,0.8549173526677394,0.8807044129766709,0.8548241772558091,0.8573889847048086,acc,0.8872219920158386,0.8872219920158386,0.7574177980422974,,0.8603312818508018,0.8859476835859051,0.8608301830100614,0.8631543867835034
roman-empire,GAT-sep,4,512,3e-05,2,4,"[3860, 2260, 3410, 2680]","[0.8854, 0.8828, 0.8867, 0.8842]","[0.8854, 0.8828, 0.8867, 0.8842]",acc,1.0,1.0,8.988195986603387e-06,,1.0,1.0,1.0,1.0,acc,0.8894968628883362,0.8894968628883362,0.7722551822662354,,0.8603075292318716,0.8880694859263023,0.8599637642046507,0.8623445299154511,acc,0.8985174298286438,0.8985174298286438,0.6968804597854614,,0.8744337752885718,0.89771290684668,0.8738061226948513,0.8777155482761095
roman-empire,GAT-sep,5,512,3e-05,2,4,"[2960, 2730, 2080, 2850]","[0.8856, 0.8906, 0.89, 0.8876]","[0.8856, 0.8906, 0.89, 0.8876]",acc,1.0,1.0,1.5669260392314754e-05,,1.0,1.0,1.0,1.0,acc,0.8939099311828613,0.8939099311828613,0.7291550636291504,,0.867298450766968,0.8930315915038844,0.8651396285789851,0.8707972516826762,acc,0.9002823829650879,0.9002823829650879,0.6500926613807678,,0.8773706999737424,0.899774216421175,0.8746104641449834,0.8823223613215093
roman-empire,GAT-sep,1,512,3e-05,3,4,"[2140, 1000, 1560, 1040]","[0.8046, 0.8086, 0.8058, 0.8026]","[0.8046, 0.8086, 0.8058, 0.8026]",acc,0.9996470212936401,0.9996470212936401,0.002140509895980358,,0.9996011806843074,0.9996469861442061,0.9996011806843074,0.9996011806843074,acc,0.8125330805778503,0.8125330805778503,0.909099280834198,,0.7539238337358697,0.8084208909541105,0.7648168384419259,0.746931925542953,acc,0.811860203742981,0.811860203742981,0.8947551250457764,,0.7574721861603732,0.8082438421123647,0.767878300871436,0.7522120856476214
roman-empire,GAT-sep,2,512,3e-05,3,4,"[1870, 1340, 2500, 1490]","[0.8547, 0.862, 0.8613, 0.8565]","[0.8547, 0.862, 0.8613, 0.8565]",acc,1.0,1.0,0.00011043708946090192,,1.0,1.0,1.0,1.0,acc,0.8653132915496826,0.8653132915496826,0.7933530211448669,,0.8271330777629913,0.8642334688669371,0.8331300335959447,0.8257679048403355,acc,0.8669254779815674,0.8669254779815674,0.7673345804214478,,0.8357904042371702,0.8655811648750202,0.8388091149338417,0.8365419652176876
roman-empire,GAT-sep,3,512,3e-05,3,4,"[2360, 2700, 1820, 3140]","[0.8821, 0.8837, 0.8807, 0.8856]","[0.8821, 0.8837, 0.8807, 0.8856]",acc,1.0,1.0,1.4702058251714334e-05,,1.0,1.0,1.0,1.0,acc,0.8907325267791748,0.8907325267791748,0.7459073066711426,,0.8594365966598563,0.8896116198060717,0.8598619478918083,0.8621781008044198,acc,0.8866925239562988,0.8866925239562988,0.721464216709137,,0.8624146153539256,0.8857769664309181,0.8628517673131847,0.8641809260157797
roman-empire,GAT-sep,4,512,3e-05,3,4,"[3500, 4160, 3130, 1010]","[0.8902, 0.8973, 0.8964, 0.8861]","[0.8902, 0.8973, 0.8964, 0.8861]",acc,1.0,1.0,1.3381299140746705e-05,,1.0,1.0,1.0,1.0,acc,0.8992056250572205,0.8992056250572205,0.6828009486198425,,0.8703016394662508,0.8983741877857213,0.8698708027659916,0.8733500915130608,acc,0.9018707871437073,0.9018707871437073,0.6567851901054382,,0.8792042580820261,0.9011323868972217,0.8799462314259665,0.8799189167693275
roman-empire,GAT-sep,5,512,3e-05,3,4,"[2820, 1660, 2710, 3170]","[0.8989, 0.889, 0.9001, 0.8983]","[0.8989, 0.889, 0.9001, 0.8983]",acc,1.0,1.0,1.6802281606942415e-05,,1.0,1.0,1.0,1.0,acc,0.9034421443939209,0.9034421443939209,0.6592113375663757,,0.8762241810404634,0.9024664848566631,0.8783350767584293,0.8767560149333864,acc,0.9045181274414062,0.9045181274414062,0.6347898840904236,,0.883378825972258,0.903825688450288,0.883895128495922,0.8843050161136392
roman-empire,GAT-sep,1,512,3e-05,4,4,"[750, 800, 1510, 770]","[0.8053, 0.8039, 0.8037, 0.8034]","[0.8053, 0.8039, 0.8037, 0.8034]",acc,0.9962933659553528,0.9962933659553528,0.02065414749085903,,0.9944890915285508,0.9962851580013423,0.9963598212967236,0.9927048835436741,acc,0.8150044083595276,0.8150044083595276,0.7347119450569153,,0.7623178603741793,0.8108586377833032,0.7824592140934897,0.7523266181921331,acc,0.8019766807556152,0.8019766807556152,0.774334192276001,,0.7419618922834756,0.795772047047796,0.755515332256874,0.7386162610766672
roman-empire,GAT-sep,2,512,3e-05,4,4,"[3260, 3410, 1540, 1930]","[0.8572, 0.857, 0.8586, 0.857]","[0.8572, 0.857, 0.8586, 0.857]",acc,1.0,1.0,1.96981036424404e-05,,1.0,1.0,1.0,1.0,acc,0.865842878818512,0.865842878818512,0.8700045347213745,,0.8433758584366937,0.8637398505525256,0.8469255642254491,0.8447897514143337,acc,0.8623366951942444,0.8623366951942444,0.8923839926719666,,0.8288169018874376,0.8596706863555041,0.8267808766467918,0.8369648657210794
roman-empire,GAT-sep,3,512,3e-05,4,4,"[1520, 2710, 2640, 2880]","[0.8766, 0.8752, 0.877, 0.878]","[0.8766, 0.8752, 0.877, 0.878]",acc,1.0,1.0,2.0438947103684768e-05,,1.0,1.0,1.0,1.0,acc,0.8845542669296265,0.8845542669296265,0.7574917078018188,,0.8620891789249062,0.8828806098411996,0.8628626416744712,0.8650196651184293,acc,0.8836921453475952,0.8836921453475952,0.7555023431777954,,0.8572685343804981,0.8819626866918079,0.8514033560772379,0.8665625807577872
roman-empire,GAT-sep,4,512,3e-05,4,4,"[1150, 2260, 1560, 4710]","[0.8816, 0.886, 0.8847, 0.8904]","[0.8816, 0.886, 0.8847, 0.8904]",acc,1.0,1.0,3.298989759059623e-05,,1.0,1.0,1.0,1.0,acc,0.8928508162498474,0.8928508162498474,0.6909327507019043,,0.8720836991894771,0.8913230437132886,0.8726554492938026,0.874350450480724,acc,0.8942816257476807,0.8942816257476807,0.6512380242347717,,0.8692926457910618,0.8928345835502021,0.8645209313724597,0.8771435267403396
roman-empire,GAT-sep,5,512,3e-05,4,4,"[1860, 4670, 2870, 3190]","[0.8916, 0.8999, 0.8932, 0.893]","[0.8916, 0.8999, 0.8932, 0.893]",acc,1.0,1.0,9.370203770231456e-06,,1.0,1.0,1.0,1.0,acc,0.9018534421920776,0.9018534421920776,0.7130653262138367,,0.8846359073867051,0.9004739365371335,0.8853578448207725,0.8858799428106783,acc,0.9015178084373474,0.9015178084373474,0.6682245135307312,,0.8776699814820548,0.9002319977570027,0.8722046817575633,0.8854633523147486
roman-empire,GAT-sep,1,512,3e-05,5,4,"[960, 670, 790, 1040]","[0.8032, 0.8064, 0.8028, 0.8069]","[0.8032, 0.8064, 0.8028, 0.8069]",acc,0.9930279850959778,0.9930279850959778,0.03621013090014458,,0.9917492647080797,0.9930188704068349,0.9932040382653268,0.9903900316826894,acc,0.8107678294181824,0.8107678294181824,0.7187721729278564,,0.7514363985512397,0.8064235338704275,0.7640328665207194,0.7460952786938869,acc,0.8247440457344055,0.8247440457344055,0.671025276184082,,0.760958034943139,0.8200354044844275,0.7814309439164531,0.7507200468973751
roman-empire,GAT-sep,2,512,3e-05,5,4,"[1120, 1320, 2200, 3070]","[0.8503, 0.8507, 0.853, 0.8533]","[0.8503, 0.8507, 0.853, 0.8533]",acc,1.0,1.0,8.843633258948103e-05,,1.0,1.0,1.0,1.0,acc,0.8594880700111389,0.8594880700111389,0.8077528476715088,,0.8245501481016329,0.8571560867782466,0.830307365154298,0.8249056835045938,acc,0.8718672394752502,0.8718672394752502,0.7149858474731445,,0.8363339844540874,0.8703674493745602,0.8468645328506379,0.831715173196862
roman-empire,GAT-sep,3,512,3e-05,5,4,"[1760, 2700, 1910, 3430]","[0.8763, 0.8775, 0.8768, 0.8784]","[0.8763, 0.8775, 0.8768, 0.8784]",acc,1.0,1.0,1.6893574866116978e-05,,1.0,1.0,1.0,1.0,acc,0.8831420540809631,0.8831420540809631,0.7505548000335693,,0.854339083975161,0.8814219513519489,0.8551692994225439,0.85772951842485,acc,0.8956936001777649,0.8956936001777649,0.6612714529037476,,0.8668765890824189,0.8944911293489218,0.8731408334079851,0.8637497917929016
roman-empire,GAT-sep,4,512,3e-05,5,4,"[1940, 2540, 2330, 2210]","[0.8893, 0.8837, 0.8914, 0.8854]","[0.8893, 0.8837, 0.8914, 0.8854]",acc,1.0,1.0,2.173320717702154e-05,,1.0,1.0,1.0,1.0,acc,0.8937334418296814,0.8937334418296814,0.6839054226875305,,0.8666612737623319,0.8918022853011922,0.869154776396351,0.8689521173912014,acc,0.902576744556427,0.902576744556427,0.6071457862854004,,0.873885444314068,0.9013901390637202,0.8816932283226051,0.8699300092997628
roman-empire,GAT-sep,5,512,3e-05,5,4,"[1600, 3080, 4540, 1760]","[0.8911, 0.8971, 0.9022, 0.8941]","[0.8911, 0.8971, 0.9022, 0.8941]",acc,1.0,1.0,1.6183050320250914e-05,,1.0,1.0,1.0,1.0,acc,0.8999117016792297,0.8999117016792297,0.6683843731880188,,0.8752973028570916,0.8981596142600318,0.8770687274495171,0.8772224096890726,acc,0.9105188846588135,0.9105188846588135,0.5908017754554749,,0.8858642315002593,0.9097667268280705,0.8885968059482781,0.8850252909635064
roman-empire,GAT-sep,1,512,3e-05,6,4,"[1390, 950, 710, 870]","[0.8039, 0.8019, 0.7993, 0.8007]","[0.8039, 0.8019, 0.7993, 0.8007]",acc,0.9973524212837219,0.9973524212837219,0.016480518504977226,,0.9959988450590607,0.9973501462198731,0.9965908081750887,0.9954557207559167,acc,0.8081200122833252,0.8081200122833252,0.7877179980278015,,0.7600953149344719,0.8051263626023543,0.7767026000053814,0.7515214105163261,acc,0.8115072250366211,0.8115072250366211,0.7748242020606995,,0.7600290851248297,0.8082951003439812,0.7743697501490718,0.7527668854214882
roman-empire,GAT-sep,2,512,3e-05,6,4,"[3360, 2910, 1800, 2380]","[0.8523, 0.8517, 0.8503, 0.8523]","[0.8523, 0.8517, 0.8503, 0.8523]",acc,1.0,1.0,1.2318824701651465e-05,,1.0,1.0,1.0,1.0,acc,0.8600176572799683,0.8600176572799683,0.9234954118728638,,0.8342752048025708,0.85888806704358,0.8358279610372333,0.8381117353900177,acc,0.8625131845474243,0.8625131845474243,0.892274796962738,,0.8313288240653045,0.8617539344898248,0.8327721891145567,0.8348236813949732
roman-empire,GAT-sep,3,512,3e-05,6,4,"[2580, 2070, 2660, 3480]","[0.8713, 0.8694, 0.8761, 0.8741]","[0.8713, 0.8694, 0.8761, 0.8741]",acc,1.0,1.0,1.0390217539679725e-05,,1.0,1.0,1.0,1.0,acc,0.8806707859039307,0.8806707859039307,0.8204373121261597,,0.8565366681027818,0.8803175113535304,0.8542632452903548,0.8625455194882915,acc,0.8856335878372192,0.8856335878372192,0.7755793333053589,,0.8597457684642063,0.8849252336428427,0.8576910508377753,0.8655179390875435
roman-empire,GAT-sep,4,512,3e-05,6,4,"[2470, 3580, 3260, 3250]","[0.8838, 0.8851, 0.883, 0.8814]","[0.8838, 0.8851, 0.883, 0.8814]",acc,1.0,1.0,7.870454282965511e-06,,1.0,1.0,1.0,1.0,acc,0.8912621140480042,0.8912621140480042,0.7720310091972351,,0.8680172407314166,0.8911462075457475,0.864549193122073,0.8741455264853459,acc,0.8981644511222839,0.8981644511222839,0.7353671789169312,,0.8770955957107749,0.8976876034204332,0.8759464923462233,0.8807353294023981
roman-empire,GAT-sep,5,512,3e-05,6,4,"[2210, 4460, 3230, 2270]","[0.889, 0.8943, 0.893, 0.889]","[0.889, 0.8943, 0.893, 0.889]",acc,1.0,1.0,1.1627647836576216e-05,,1.0,1.0,1.0,1.0,acc,0.8970873355865479,0.8970873355865479,0.7082610130310059,,0.874421912679951,0.8968816080099775,0.8699518906405537,0.8817378849639982,acc,0.9034591913223267,0.9034591913223267,0.6810315251350403,,0.8837659349502711,0.9029417278585071,0.8820359364305457,0.8881355171910699
roman-empire,GAT-sep,1,512,3e-05,7,4,"[830, 1540, 850, 640]","[0.7981, 0.8023, 0.8026, 0.8011]","[0.7981, 0.8023, 0.8026, 0.8011]",acc,0.9962933659553528,0.9962933659553528,0.019910715520381927,,0.9954102031012313,0.9962897389442783,0.9964424687870768,0.9944290258674199,acc,0.8098852634429932,0.8098852634429932,0.7738015651702881,,0.7591800767568291,0.8052445237379038,0.7795196687399695,0.7484311806778146,acc,0.8090363144874573,0.8090363144874573,0.7927224636077881,,0.7573097359789772,0.8043997250313876,0.7730552958731707,0.7480304449782205
roman-empire,GAT-sep,2,512,3e-05,7,4,"[1450, 2440, 2110, 4370]","[0.848, 0.8517, 0.8482, 0.8514]","[0.848, 0.8517, 0.8482, 0.8514]",acc,1.0,1.0,1.6935468011070043e-05,,1.0,1.0,1.0,1.0,acc,0.8573697805404663,0.8573697805404663,0.9379699230194092,,0.8240381115021898,0.8550196842900059,0.8319698100665379,0.8231328547650106,acc,0.8589833974838257,0.8589833974838257,0.9326529502868652,,0.8233104139978303,0.8565545570635088,0.8276578264994723,0.8249977896830306
roman-empire,GAT-sep,3,512,3e-05,7,4,"[2760, 1850, 2560, 3600]","[0.8688, 0.8687, 0.8722, 0.8726]","[0.8688, 0.8687, 0.8722, 0.8726]",acc,1.0,1.0,1.1002570317941718e-05,,1.0,1.0,1.0,1.0,acc,0.8757281303405762,0.8757281303405762,0.8358888030052185,,0.8453293154399101,0.8739177204696492,0.8494712156501982,0.8468174876635817,acc,0.8792799115180969,0.8792799115180969,0.8269524574279785,,0.8483336222403388,0.8776029701221344,0.8500796554442531,0.8513122412942127
roman-empire,GAT-sep,4,512,3e-05,7,4,"[3130, 2430, 2170, 3190]","[0.8773, 0.884, 0.8824, 0.8826]","[0.8773, 0.884, 0.8824, 0.8826]",acc,1.0,1.0,1.160032843472436e-05,,1.0,1.0,1.0,1.0,acc,0.8866725564002991,0.8866725564002991,0.7583571672439575,,0.8568912292464499,0.8850080934515745,0.858015182961459,0.8595986179532779,acc,0.8872219920158386,0.8872219920158386,0.7604336738586426,,0.8598640151882682,0.8860454949015998,0.8618055561087847,0.8617788104593355
roman-empire,GAT-sep,5,512,3e-05,7,4,"[4500, 2280, 3120, 4670]","[0.889, 0.8853, 0.8902, 0.889]","[0.889, 0.8853, 0.8902, 0.889]",acc,1.0,1.0,6.2581279962614644e-06,,1.0,1.0,1.0,1.0,acc,0.8947925567626953,0.8947925567626953,0.7559623122215271,,0.8657582874125276,0.8933357828065313,0.8676751176743523,0.8668944165315382,acc,0.8949876427650452,0.8949876427650452,0.7556595206260681,,0.8712736879420522,0.8942215955694823,0.8701896433472366,0.8753695511269503
roman-empire,GAT-sep,1,512,3e-05,8,4,"[670, 840, 750, 800]","[0.8076, 0.8021, 0.8025, 0.8042]","[0.8076, 0.8021, 0.8025, 0.8042]",acc,0.9825258255004883,0.9825258255004883,0.06854735314846039,,0.9782731289539637,0.9824750031842576,0.9816878556422183,0.9754839882117188,acc,0.8109443783760071,0.8109443783760071,0.6753815412521362,,0.7554825144372412,0.8064680879836376,0.7664507861246884,0.7519345917600051,acc,0.8088598251342773,0.8088598251342773,0.6991567611694336,,0.7523413213534729,0.8045014296237633,0.767269460692322,0.7473414745389029
roman-empire,GAT-sep,2,512,3e-05,8,4,"[2050, 2330, 1750, 1200]","[0.8577, 0.8542, 0.8563, 0.8487]","[0.8577, 0.8542, 0.8563, 0.8487]",acc,1.0,1.0,0.00011126728350063786,,1.0,1.0,1.0,1.0,acc,0.8631950616836548,0.8631950616836548,0.7776296734809875,,0.8322467128762994,0.8611899625383154,0.8402661123996733,0.8319020980541338,acc,0.8584539294242859,0.8584539294242859,0.8200380206108093,,0.8247986003072605,0.8578555040096001,0.8272586337450839,0.8285361861260134
roman-empire,GAT-sep,3,512,3e-05,8,4,"[1720, 2920, 2690, 3090]","[0.8738, 0.8756, 0.8777, 0.8784]","[0.8738, 0.8756, 0.8777, 0.8784]",acc,1.0,1.0,1.2415147466526832e-05,,1.0,1.0,1.0,1.0,acc,0.8847307562828064,0.8847307562828064,0.7499498128890991,,0.8578344811945023,0.8831273958577162,0.8633415996895129,0.8566733338815974,acc,0.8845746517181396,0.8845746517181396,0.7579006552696228,,0.8542358948673023,0.8839204826530089,0.8549410882994469,0.8565394555492817
roman-empire,GAT-sep,4,512,3e-05,8,4,"[1770, 2110, 2150, 2060]","[0.8844, 0.8858, 0.8858, 0.8844]","[0.8844, 0.8858, 0.8858, 0.8844]",acc,1.0,1.0,3.814549563685432e-05,,1.0,1.0,1.0,1.0,acc,0.8946160674095154,0.8946160674095154,0.6507510542869568,,0.8709206530841644,0.8933378660975536,0.8747278948555999,0.8706745815376684,acc,0.8896929025650024,0.8896929025650024,0.6703600287437439,,0.8609221787104082,0.8889704025052816,0.8602252440272918,0.8639902395201994
roman-empire,GAT-sep,5,512,3e-05,8,4,"[1940, 2380, 1950, 2550]","[0.8967, 0.8886, 0.8921, 0.896]","[0.8967, 0.8886, 0.8921, 0.896]",acc,1.0,1.0,3.112007470917888e-05,,1.0,1.0,1.0,1.0,acc,0.8974403738975525,0.8974403738975525,0.6308457851409912,,0.8722852950282739,0.8962255001123911,0.8741083500906286,0.8731668359005736,acc,0.8963995575904846,0.8963995575904846,0.650722324848175,,0.86970514779911,0.8957584389553112,0.8690409810369759,0.8725142829692385
roman-empire,GAT-sep,1,512,3e-05,9,4,"[770, 1140, 680, 760]","[0.8014, 0.8007, 0.8009, 0.8041]","[0.8014, 0.8007, 0.8009, 0.8041]",acc,0.990645170211792,0.990645170211792,0.04165663570165634,,0.987916391054434,0.9906403770541478,0.989470604694445,0.9865992617741186,acc,0.8088260889053345,0.8088260889053345,0.723747968673706,,0.7505473255376565,0.8042988674178355,0.766715074581477,0.7420114463236366,acc,0.8069184422492981,0.8069184422492981,0.7225908637046814,,0.7483992152646072,0.801977259713356,0.7627941026469708,0.74218728502184
roman-empire,GAT-sep,2,512,3e-05,9,4,"[1440, 1180, 2910, 2230]","[0.8508, 0.853, 0.8588, 0.8584]","[0.8508, 0.853, 0.8588, 0.8584]",acc,1.0,1.0,8.265564247267321e-05,,1.0,1.0,1.0,1.0,acc,0.8646072149276733,0.8646072149276733,0.7941221594810486,,0.8299078095784835,0.8622692821946436,0.8324413105647577,0.8320428950045691,acc,0.8646311163902283,0.8646311163902283,0.8071368336677551,,0.8295600072969206,0.862570358323059,0.8289514460048603,0.8348239717802524
roman-empire,GAT-sep,3,512,3e-05,9,4,"[2370, 2130, 3430, 3620]","[0.8768, 0.8796, 0.8789, 0.8817]","[0.8768, 0.8796, 0.8789, 0.8817]",acc,1.0,1.0,7.452472800650867e-06,,1.0,1.0,1.0,1.0,acc,0.8866725564002991,0.8866725564002991,0.7631432414054871,,0.857565115141105,0.8847557707661265,0.8572722704252304,0.8617630081343718,acc,0.8842216730117798,0.8842216730117798,0.7834926843643188,,0.8584079310040355,0.8826738219881028,0.855963231933667,0.8637178586500401
roman-empire,GAT-sep,4,512,3e-05,9,4,"[3610, 3330, 2150, 4730]","[0.8897, 0.89, 0.8916, 0.8886]","[0.8897, 0.89, 0.8916, 0.8886]",acc,1.0,1.0,5.8763689594343305e-06,,1.0,1.0,1.0,1.0,acc,0.8977934718132019,0.8977934718132019,0.7192144989967346,,0.8731109172929323,0.8961698381867302,0.8731822732694698,0.8763871421893251,acc,0.8914577960968018,0.8914577960968018,0.7511110901832581,,0.8633239301127705,0.8900237677493872,0.8602884529049848,0.868953238191102
roman-empire,GAT-sep,5,512,3e-05,9,4,"[2820, 2650, 2640, 4500]","[0.8966, 0.8978, 0.8978, 0.8989]","[0.8966, 0.8978, 0.8978, 0.8989]",acc,1.0,1.0,8.321914719999768e-06,,1.0,1.0,1.0,1.0,acc,0.9055604338645935,0.9055604338645935,0.6567777991294861,,0.8830954278942563,0.904052021609709,0.8826198728958816,0.8855980977545734,acc,0.9004588723182678,0.9004588723182678,0.6995366811752319,,0.8748469146504755,0.8992030104629108,0.8709580430372341,0.8806665494226368
roman-empire,GT,1,512,3e-05,0,4,"[620, 520, 580, 640]","[0.7995, 0.7984, 0.7981, 0.7966]","[0.7995, 0.7984, 0.7981, 0.7966]",acc,0.9448416233062744,0.9448416233062744,0.17943575978279114,,0.9266723617855419,0.9441167522667473,0.9317005256839033,0.9250976441888904,acc,0.8017652034759521,0.8017652034759521,0.7073580622673035,,0.7496232860408667,0.7956892695550677,0.7587819098377777,0.7479216260919026,acc,0.7924461364746094,0.7924461364746094,0.740297794342041,,0.7335463429957344,0.7874963762386021,0.7397314003405763,0.7328262986909246
roman-empire,GT,2,512,3e-05,0,4,"[3030, 2130, 2650, 1670]","[0.8454, 0.8445, 0.8413, 0.8452]","[0.8454, 0.8445, 0.8413, 0.8452]",acc,1.0,1.0,6.207694241311401e-05,,1.0,1.0,1.0,1.0,acc,0.8510149717330933,0.8510149717330933,0.9046602845191956,,0.8183855662852711,0.8480334567570854,0.8197304644422846,0.8204236915146318,acc,0.8432756662368774,0.8432756662368774,0.961516261100769,,0.8079908906162548,0.8405732854968659,0.809098472907285,0.809489081292011
roman-empire,GT,3,512,3e-05,0,4,"[1240, 2480, 900, 2790]","[0.8583, 0.8664, 0.8584, 0.8655]","[0.8583, 0.8664, 0.8584, 0.8655]",acc,1.0,1.0,0.00013588012370746583,,1.0,1.0,1.0,1.0,acc,0.8690202832221985,0.8690202832221985,0.7216686606407166,,0.8388807027726299,0.8664005943733509,0.8388492618480122,0.8433865022705498,acc,0.8623366951942444,0.8623366951942444,0.7864457368850708,,0.8254171972787872,0.8598395512338145,0.8236627199397201,0.8297283692915797
roman-empire,GT,4,512,3e-05,0,4,"[3060, 2920, 1670, 2690]","[0.8729, 0.8796, 0.8727, 0.8812]","[0.8729, 0.8796, 0.8727, 0.8812]",acc,1.0,1.0,2.3026730559649877e-05,,1.0,1.0,1.0,1.0,acc,0.8850838541984558,0.8850838541984558,0.7245521545410156,,0.8577657995167746,0.8830362693187196,0.8561730286951715,0.8626062047980052,acc,0.8766325116157532,0.8766325116157532,0.7825806736946106,,0.8438964065197347,0.8746619839076191,0.8407656125687182,0.8493123416421111
roman-empire,GT,5,512,3e-05,0,4,"[4000, 1470, 3740, 2540]","[0.8828, 0.8831, 0.886, 0.8884]","[0.8828, 0.8831, 0.886, 0.8884]",acc,1.0,1.0,1.684898597886786e-05,,1.0,1.0,1.0,1.0,acc,0.8914386630058289,0.8914386630058289,0.6860328316688538,,0.8670407759707398,0.8897166431808099,0.8672421825752099,0.8687903706746964,acc,0.8859865665435791,0.8859865665435791,0.7361582517623901,,0.8526851133299806,0.8838989857530026,0.8506947158414188,0.8570619692291602
roman-empire,GT,1,512,3e-05,1,4,"[680, 610, 610, 570]","[0.8039, 0.8018, 0.8021, 0.8048]","[0.8039, 0.8018, 0.8021, 0.8048]",acc,0.9458124041557312,0.9458124041557312,0.1712748259305954,,0.9264866817145163,0.9450106963030049,0.9323274703458577,0.9243081797642354,acc,0.8088260889053345,0.8088260889053345,0.6850974559783936,,0.7528377597166166,0.803777987264118,0.7633247595887441,0.7518661249973677,acc,0.8010942339897156,0.8010942339897156,0.7118512988090515,,0.7454724102515833,0.7956084073583314,0.7517275027661579,0.7456337049676882
roman-empire,GT,2,512,3e-05,1,4,"[1660, 1760, 1210, 1880]","[0.8507, 0.8528, 0.8545, 0.8523]","[0.8507, 0.8528, 0.8545, 0.8523]",acc,1.0,1.0,0.00015665541286580265,,1.0,1.0,1.0,1.0,acc,0.8605471849441528,0.8605471849441528,0.7965779900550842,,0.8254782099347393,0.8580162655196656,0.8272210544792136,0.8278440984280345,acc,0.8549240827560425,0.8549240827560425,0.817754328250885,,0.8202054671200497,0.8520772729563737,0.8237870904036632,0.8201665804238041
roman-empire,GT,3,512,3e-05,1,4,"[2410, 1830, 1010, 1970]","[0.8717, 0.8708, 0.8685, 0.8706]","[0.8717, 0.8708, 0.8685, 0.8706]",acc,1.0,1.0,0.00010529216524446383,,1.0,1.0,1.0,1.0,acc,0.8783759474754333,0.8783759474754333,0.7167778611183167,,0.84831744380651,0.8765350469391147,0.8488324520197601,0.8498227297027541,acc,0.8743381500244141,0.8743381500244141,0.7231207489967346,,0.845807691411648,0.8720822589500314,0.85092285266389,0.8436330365006187
roman-empire,GT,4,512,3e-05,1,4,"[1850, 3810, 2080, 1910]","[0.8817, 0.8893, 0.8842, 0.8798]","[0.8817, 0.8893, 0.8842, 0.8798]",acc,1.0,1.0,2.7395595679990947e-05,,1.0,1.0,1.0,1.0,acc,0.8882612586021423,0.8882612586021423,0.7093561887741089,,0.8597922376855891,0.8869432983406551,0.8594897551108187,0.8613460282953151,acc,0.8865160346031189,0.8865160346031189,0.697782576084137,,0.858262741966591,0.884802433515717,0.8616610612960699,0.8569277731614222
roman-empire,GT,5,512,3e-05,1,4,"[2860, 4560, 2370, 2370]","[0.8893, 0.8934, 0.8897, 0.8888]","[0.8893, 0.8934, 0.8897, 0.8888]",acc,1.0,1.0,1.3338037206267472e-05,,1.0,1.0,1.0,1.0,acc,0.8960282206535339,0.8960282206535339,0.7122732996940613,,0.8704878679750863,0.8945246643083435,0.8710033277452314,0.871710559557677,acc,0.8944581747055054,0.8944581747055054,0.7074039578437805,,0.8688502485235838,0.8927272893217403,0.8751614884106672,0.8650833145589693
roman-empire,GT,1,512,3e-05,2,4,"[560, 710, 620, 730]","[0.7875, 0.7905, 0.7924, 0.7887]","[0.7875, 0.7905, 0.7924, 0.7887]",acc,0.9551672339439392,0.9551672339439392,0.14248499274253845,,0.9395589589722237,0.9548120210520128,0.9436334797999155,0.937884841645868,acc,0.7968225479125977,0.7968225479125977,0.7640967965126038,,0.7402350362031377,0.7909382279139808,0.7501569662382427,0.7360430228262803,acc,0.8018001914024353,0.8018001914024353,0.7280161380767822,,0.7449971065702418,0.7958634368576547,0.7594852379375241,0.7409454117770684
roman-empire,GT,2,512,3e-05,2,4,"[2410, 2150, 2200, 1680]","[0.8461, 0.845, 0.8454, 0.8411]","[0.8461, 0.845, 0.8454, 0.8411]",acc,1.0,1.0,7.737905980320647e-05,,1.0,1.0,1.0,1.0,acc,0.8543689250946045,0.8543689250946045,0.9401769638061523,,0.8188888163414628,0.8516269421704245,0.8234667570633205,0.8166708007577489,acc,0.8529826998710632,0.8529826998710632,0.8925562500953674,,0.8189321990942268,0.8500374343989888,0.8230991805417889,0.817622869610704
roman-empire,GT,3,512,3e-05,2,4,"[2910, 3030, 1520, 1530]","[0.8662, 0.868, 0.8643, 0.8604]","[0.8662, 0.868, 0.8643, 0.8604]",acc,1.0,1.0,5.038339804741554e-05,,1.0,1.0,1.0,1.0,acc,0.8723742365837097,0.8723742365837097,0.8196266889572144,,0.840912348997397,0.8703473669479408,0.8426645368495636,0.8404311085639037,acc,0.8748676180839539,0.8748676180839539,0.7746793031692505,,0.8458375563195548,0.87258052779621,0.8507894323955689,0.8431743157303057
roman-empire,GT,4,512,3e-05,2,4,"[1320, 1650, 1770, 1950]","[0.8704, 0.8766, 0.875, 0.8727]","[0.8704, 0.8766, 0.875, 0.8727]",acc,1.0,1.0,0.00012146933295298368,,1.0,1.0,1.0,1.0,acc,0.8781994581222534,0.8781994581222534,0.7160651683807373,,0.847811358307695,0.8762416003468653,0.848200286122252,0.8486353250144794,acc,0.8849276304244995,0.8849276304244995,0.6695188879966736,,0.8587822933217305,0.8832897941367361,0.8624411824886852,0.8566633377996725
roman-empire,GT,5,512,3e-05,2,4,"[2010, 1320, 4210, 2410]","[0.8791, 0.8777, 0.883, 0.8814]","[0.8791, 0.8777, 0.883, 0.8814]",acc,1.0,1.0,2.86374179268023e-05,,1.0,1.0,1.0,1.0,acc,0.8879081606864929,0.8879081606864929,0.7366586923599243,,0.8628276826766317,0.8861869669738887,0.8648671408755456,0.861877613778748,acc,0.8914577960968018,0.8914577960968018,0.6845311522483826,,0.8676681799901922,0.8900351632462818,0.8707889598482234,0.8663606879832783
roman-empire,GT,1,512,3e-05,3,4,"[740, 690, 630, 1290]","[0.7914, 0.7942, 0.7938, 0.7905]","[0.7914, 0.7942, 0.7938, 0.7905]",acc,0.9864972233772278,0.9864972233772278,0.054830845445394516,,0.9816812687019658,0.9864592514188041,0.98306098105257,0.9805628279452898,acc,0.8001765012741089,0.8001765012741089,0.8088322281837463,,0.735818946250086,0.7956402145780486,0.7433689298284094,0.732963349575665,acc,0.7927991151809692,0.7927991151809692,0.7950401306152344,,0.736375898284715,0.7876497028079185,0.7442306211285445,0.7352077548840662
roman-empire,GT,2,512,3e-05,3,4,"[1850, 1450, 1810, 3710]","[0.8471, 0.8492, 0.8535, 0.8514]","[0.8471, 0.8492, 0.8535, 0.8514]",acc,1.0,1.0,0.00010276031389366835,,1.0,1.0,1.0,1.0,acc,0.8571932911872864,0.8571932911872864,0.9032267928123474,,0.821526249467075,0.854707562094472,0.8245782208078007,0.8215742998729563,acc,0.8575714826583862,0.8575714826583862,0.8788378834724426,,0.8253568054060094,0.8553440989269327,0.8284499779058114,0.8251945665883602
roman-empire,GT,3,512,3e-05,3,4,"[3020, 3260, 3150, 4380]","[0.8729, 0.8757, 0.8727, 0.8713]","[0.8729, 0.8757, 0.8727, 0.8713]",acc,1.0,1.0,7.974890650075395e-06,,1.0,1.0,1.0,1.0,acc,0.8797881603240967,0.8797881603240967,0.8459777235984802,,0.8460892522038944,0.8779424326845303,0.8504981226840092,0.8441178815185224,acc,0.8755735754966736,0.8755735754966736,0.8350552916526794,,0.8456062028151314,0.8735030576116429,0.8500375233874229,0.8436830655916866
roman-empire,GT,4,512,3e-05,3,4,"[2650, 2690, 3520, 1620]","[0.8846, 0.8835, 0.8819, 0.8812]","[0.8846, 0.8835, 0.8819, 0.8812]",acc,1.0,1.0,2.41313646256458e-05,,1.0,1.0,1.0,1.0,acc,0.8910855650901794,0.8910855650901794,0.7303529977798462,,0.8605187163824012,0.8893423476544192,0.8642016649969166,0.8592305712295722,acc,0.8866925239562988,0.8866925239562988,0.7178691029548645,,0.8619906047675095,0.8852290261053645,0.8641632927330902,0.8615414325518445
roman-empire,GT,5,512,3e-05,3,4,"[1720, 1420, 2700, 3050]","[0.8893, 0.8867, 0.8886, 0.887]","[0.8893, 0.8867, 0.8886, 0.887]",acc,1.0,1.0,4.0984621591633186e-05,,1.0,1.0,1.0,1.0,acc,0.894086480140686,0.894086480140686,0.6849818825721741,,0.8639843458346828,0.8927727881890017,0.8657428903228241,0.8642028362695036,acc,0.8900458812713623,0.8900458812713623,0.67051762342453,,0.8642318168363952,0.8886023541404809,0.866563265509297,0.8640501560145865
roman-empire,GT,1,512,3e-05,4,4,"[710, 620, 1070, 580]","[0.7959, 0.7956, 0.7979, 0.7947]","[0.7959, 0.7956, 0.7979, 0.7947]",acc,0.9768776297569275,0.9768776297569275,0.08320265263319016,,0.9690722094910694,0.9768186152706507,0.9702091624456985,0.968810567218235,acc,0.8024712800979614,0.8024712800979614,0.7572734355926514,,0.7472766825605847,0.7975521451019184,0.7566766087650078,0.7447288223992042,acc,0.7949170470237732,0.7949170470237732,0.7980881929397583,,0.735135062219463,0.7890487945142441,0.7382190102279297,0.7388346784977086
roman-empire,GT,2,512,3e-05,4,4,"[1350, 2200, 2510, 1540]","[0.8496, 0.851, 0.8447, 0.8387]","[0.8496, 0.851, 0.8447, 0.8387]",acc,1.0,1.0,0.0002343727828701958,,1.0,1.0,1.0,1.0,acc,0.8550750017166138,0.8550750017166138,0.8628880381584167,,0.8264893291399481,0.8531133113568213,0.826426123468609,0.8294939615824759,acc,0.84892338514328,0.84892338514328,0.8853496313095093,,0.8159196899099983,0.8463956855406556,0.8119973747727381,0.8226306430032565
roman-empire,GT,3,512,3e-05,4,4,"[1930, 2430, 2050, 2230]","[0.8655, 0.8727, 0.8669, 0.8669]","[0.8655, 0.8727, 0.8669, 0.8669]",acc,1.0,1.0,7.63875141274184e-05,,1.0,1.0,1.0,1.0,acc,0.8734333515167236,0.8734333515167236,0.8046177625656128,,0.8474141996113896,0.8714518043725036,0.8470386171455009,0.8508437253082343,acc,0.8746911287307739,0.8746911287307739,0.7768020629882812,,0.8453473999626996,0.8721853329009351,0.8424953566026903,0.8509167943267821
roman-empire,GT,4,512,3e-05,4,4,"[1760, 2370, 2960, 2260]","[0.8764, 0.8773, 0.8771, 0.8816]","[0.8764, 0.8773, 0.8771, 0.8816]",acc,1.0,1.0,3.418271808186546e-05,,1.0,1.0,1.0,1.0,acc,0.8819064497947693,0.8819064497947693,0.7562742233276367,,0.8601101422805986,0.8801766421988805,0.8626106490677462,0.8602405627461962,acc,0.8868690133094788,0.8868690133094788,0.7280420660972595,,0.8604275954754533,0.8849802375353333,0.8582812079778721,0.8642726927364676
roman-empire,GT,5,512,3e-05,4,4,"[3270, 2640, 2530, 2260]","[0.8842, 0.8872, 0.8803, 0.8833]","[0.8842, 0.8872, 0.8803, 0.8833]",acc,1.0,1.0,1.8470100258127786e-05,,1.0,1.0,1.0,1.0,acc,0.8879081606864929,0.8879081606864929,0.7643298506736755,,0.8701286849660477,0.8861261123144437,0.8706785010337902,0.8714198513382632,acc,0.8941051363945007,0.8941051363945007,0.7276357412338257,,0.8697599705277671,0.8921687191291323,0.8678773842042404,0.8739462648257574
roman-empire,GT,1,512,3e-05,5,4,"[880, 790, 770, 640]","[0.7954, 0.7928, 0.7956, 0.7947]","[0.7954, 0.7928, 0.7956, 0.7947]",acc,0.9768776297569275,0.9768776297569275,0.08565732091665268,,0.9704058501332238,0.9767373989745386,0.971362202915383,0.9701411852676696,acc,0.8003530502319336,0.8003530502319336,0.7683973908424377,,0.7427302650191415,0.796447220108455,0.7477810723117072,0.741925610025573,acc,0.8108012676239014,0.8108012676239014,0.7091588973999023,,0.7463350603713588,0.8059159226715392,0.7535284616464891,0.7440765526825118
roman-empire,GT,2,512,3e-05,5,4,"[1520, 2350, 1900, 2360]","[0.8397, 0.8404, 0.8464, 0.8452]","[0.8397, 0.8404, 0.8464, 0.8452]",acc,1.0,1.0,0.00025233658379875124,,1.0,1.0,1.0,1.0,acc,0.8488967418670654,0.8488967418670654,0.8872382044792175,,0.8089606710694128,0.8459779389336252,0.8110991671126354,0.8099330400078041,acc,0.8593363761901855,0.8593363761901855,0.8052618503570557,,0.8221495972273243,0.8566338472918987,0.8282526456702194,0.8197305777029008
roman-empire,GT,3,512,3e-05,5,4,"[3300, 1700, 880, 2540]","[0.8662, 0.8643, 0.8581, 0.8634]","[0.8662, 0.8643, 0.8581, 0.8634]",acc,1.0,1.0,9.369830513605848e-05,,1.0,1.0,1.0,1.0,acc,0.8690202832221985,0.8690202832221985,0.7506364583969116,,0.8391132666942344,0.8667490667888066,0.8410283409093176,0.839739900505885,acc,0.8805153369903564,0.8805153369903564,0.6813793182373047,,0.8475358356886868,0.8784442834493691,0.8528197888915483,0.844880956825676
roman-empire,GT,4,512,3e-05,5,4,"[2530, 4080, 1450, 2880]","[0.875, 0.8805, 0.8729, 0.8757]","[0.875, 0.8805, 0.8729, 0.8757]",acc,1.0,1.0,2.067513378278818e-05,,1.0,1.0,1.0,1.0,acc,0.8829655647277832,0.8829655647277832,0.7396537065505981,,0.8558811738818434,0.8809538175608552,0.8594342436597883,0.8541895841169332,acc,0.8914577960968018,0.8914577960968018,0.6727994680404663,,0.8609460923696984,0.8897747864175977,0.8667426461641928,0.857970210893362
roman-empire,GT,5,512,3e-05,5,4,"[3250, 2460, 2990, 3180]","[0.884, 0.883, 0.8861, 0.8837]","[0.884, 0.883, 0.8861, 0.8837]",acc,1.0,1.0,1.3420599316305015e-05,,1.0,1.0,1.0,1.0,acc,0.888614296913147,0.888614296913147,0.7258561253547668,,0.8633683390965908,0.8867395316606194,0.8642216025079106,0.8644419843508081,acc,0.8956936001777649,0.8956936001777649,0.6513212323188782,,0.866527592983814,0.8940774171426747,0.8745711308969387,0.8618723329372648
roman-empire,GT,1,512,3e-05,6,4,"[780, 960, 880, 780]","[0.7914, 0.7942, 0.7875, 0.7873]","[0.7914, 0.7942, 0.7875, 0.7873]",acc,0.9897626042366028,0.9897626042366028,0.04667232930660248,,0.9856391184685955,0.9897595998969947,0.9863512840607702,0.9852909370212015,acc,0.7957634329795837,0.7957634329795837,0.8441562056541443,,0.7462160343709452,0.7924338393534988,0.753014702906005,0.7435188473412832,acc,0.7943875789642334,0.7943875789642334,0.8449006676673889,,0.7413364320670908,0.791034916272244,0.7483245035378462,0.7378798560639732
roman-empire,GT,2,512,3e-05,6,4,"[1620, 1450, 1000, 1750]","[0.8355, 0.8392, 0.8413, 0.8357]","[0.8355, 0.8392, 0.8413, 0.8357]",acc,0.9999117851257324,0.9999117851257324,0.0006085006752982736,,0.9999003758293852,0.9999117901511825,0.9998456790123456,0.9999553052650398,acc,0.8427184224128723,0.8427184224128723,0.8476545214653015,,0.8113183560541106,0.8413338923010231,0.8094656656879801,0.8156736804275981,acc,0.8487468957901001,0.8487468957901001,0.8120129108428955,,0.8170750422213194,0.8471642833687295,0.8201269004316535,0.8161725796805513
roman-empire,GT,3,512,3e-05,6,4,"[2840, 2220, 2690, 4580]","[0.8609, 0.8618, 0.8607, 0.8667]","[0.8609, 0.8618, 0.8607, 0.8667]",acc,1.0,1.0,1.3056474926997907e-05,,1.0,1.0,1.0,1.0,acc,0.8690202832221985,0.8690202832221985,0.866503894329071,,0.8421949951701614,0.8677377874206896,0.8439123488257181,0.8427100513010946,acc,0.8734557032585144,0.8734557032585144,0.8406553864479065,,0.8454805757362995,0.8718910569780708,0.8474485685757573,0.8459936879049808
roman-empire,GT,4,512,3e-05,6,4,"[2910, 2560, 3060, 2730]","[0.8789, 0.8734, 0.874, 0.8761]","[0.8789, 0.8734, 0.874, 0.8761]",acc,1.0,1.0,1.509003050159663e-05,,1.0,1.0,1.0,1.0,acc,0.8815533518791199,0.8815533518791199,0.794370174407959,,0.8569031839496045,0.8803950807703702,0.8592344164774489,0.8569848266517012,acc,0.8843981623649597,0.8843981623649597,0.7729981541633606,,0.8591340340368337,0.883064459139439,0.8584118854868974,0.862102322559296
roman-empire,GT,5,512,3e-05,6,4,"[2780, 2930, 2490, 1800]","[0.8851, 0.8858, 0.8861, 0.88]","[0.8851, 0.8858, 0.8861, 0.88]",acc,1.0,1.0,2.4738155843806453e-05,,1.0,1.0,1.0,1.0,acc,0.8889673352241516,0.8889673352241516,0.7241563200950623,,0.8636638412872377,0.8878885133554102,0.8630526342389124,0.866342174314932,acc,0.893399178981781,0.893399178981781,0.7007600665092468,,0.8672558908555579,0.8921519149099946,0.8666907411528857,0.8701930964598227
roman-empire,GT,1,512,3e-05,7,4,"[790, 780, 850, 1020]","[0.7944, 0.7914, 0.7919, 0.7908]","[0.7944, 0.7914, 0.7919, 0.7908]",acc,0.9901156425476074,0.9901156425476074,0.04494909942150116,,0.9857285764937905,0.9901060568200551,0.9862642166969979,0.9854128017019954,acc,0.7999999523162842,0.7999999523162842,0.8288908004760742,,0.7456223300223006,0.795620546317128,0.751624575436592,0.7433622211761455,acc,0.7993292808532715,0.7993292808532715,0.8534802198410034,,0.7424869201407681,0.7940548637064392,0.7527548788792175,0.736858760800819
roman-empire,GT,2,512,3e-05,7,4,"[2870, 1950, 2030, 2420]","[0.8395, 0.8436, 0.8388, 0.8411]","[0.8395, 0.8436, 0.8388, 0.8411]",acc,1.0,1.0,5.3305131586967036e-05,,1.0,1.0,1.0,1.0,acc,0.8504854440689087,0.8504854440689087,0.9920242428779602,,0.8184996916600881,0.8480082414857925,0.8226004143956875,0.8179477179781116,acc,0.8519237041473389,0.8519237041473389,0.9741199016571045,,0.8158210391280956,0.8495660435041655,0.8196296079390084,0.815626812873212
roman-empire,GT,3,512,3e-05,7,4,"[1490, 2600, 2400, 1660]","[0.857, 0.8583, 0.863, 0.8544]","[0.857, 0.8583, 0.863, 0.8544]",acc,1.0,1.0,5.928482278250158e-05,,1.0,1.0,1.0,1.0,acc,0.864077627658844,0.864077627658844,0.837130069732666,,0.834721133264397,0.8616650177678119,0.839654930111392,0.8329546494079121,acc,0.8658665418624878,0.8658665418624878,0.8378374576568604,,0.8318701219775998,0.8639137281462876,0.8361226176509343,0.8312921715064931
roman-empire,GT,4,512,3e-05,7,4,"[3210, 1490, 1400, 1290]","[0.8743, 0.8678, 0.8673, 0.8658]","[0.8743, 0.8678, 0.8673, 0.8658]",acc,1.0,1.0,9.310988389188424e-05,,1.0,1.0,1.0,1.0,acc,0.8746690154075623,0.8746690154075623,0.7570424675941467,,0.8451375067653208,0.8727515977167969,0.8475814906928892,0.844738637852151,acc,0.877161979675293,0.877161979675293,0.7514084577560425,,0.8478133613911543,0.8754020170118995,0.8515884797501946,0.8472160524220684
roman-empire,GT,5,512,3e-05,7,4,"[1260, 2380, 2670, 3490]","[0.8761, 0.8768, 0.8794, 0.8756]","[0.8761, 0.8768, 0.8794, 0.8756]",acc,1.0,1.0,2.945446249214001e-05,,1.0,1.0,1.0,1.0,acc,0.8812003135681152,0.8812003135681152,0.7603810429573059,,0.8529714745243937,0.8793783699856725,0.8541595448686855,0.854210993087511,acc,0.8813977837562561,0.8813977837562561,0.7611363530158997,,0.8508902508296983,0.8799392131416297,0.8501856096712014,0.8534621425119444
roman-empire,GT,1,512,3e-05,8,4,"[710, 570, 920, 670]","[0.7966, 0.7988, 0.7945, 0.7988]","[0.7966, 0.7988, 0.7945, 0.7988]",acc,0.9699056148529053,0.9699056148529053,0.10213611274957657,,0.958204014013234,0.9696958607091186,0.9611622229769617,0.9566832063781978,acc,0.8030008673667908,0.8030008673667908,0.734067976474762,,0.7475454198833753,0.7988307681309526,0.7522425430954466,0.7469612498887978,acc,0.8019766807556152,0.8019766807556152,0.7453578114509583,,0.7453572904545284,0.7971528460919667,0.758084904068697,0.7417903279991607
roman-empire,GT,2,512,3e-05,8,4,"[2070, 2330, 1240, 2480]","[0.8482, 0.8517, 0.8432, 0.845]","[0.8482, 0.8517, 0.8432, 0.845]",acc,1.0,1.0,0.00014281443145591766,,1.0,1.0,1.0,1.0,acc,0.8552515506744385,0.8552515506744385,0.8189513683319092,,0.8236369212253611,0.8526289770357898,0.8283184726812391,0.8225778293503798,acc,0.8519237041473389,0.8519237041473389,0.8726451396942139,,0.814168289677165,0.8497814076424651,0.8162063028100509,0.8158893351769116
roman-empire,GT,3,512,3e-05,8,4,"[2240, 3560, 2500, 2070]","[0.8671, 0.865, 0.8671, 0.8688]","[0.8671, 0.865, 0.8671, 0.8688]",acc,1.0,1.0,2.1174209905439056e-05,,1.0,1.0,1.0,1.0,acc,0.8748455047607422,0.8748455047607422,0.768220841884613,,0.8437202178975146,0.8726711288194224,0.8479954079104853,0.8425442094805736,acc,0.8695728778839111,0.8695728778839111,0.8198544383049011,,0.8379815325164507,0.8677555687065848,0.8401457384883826,0.8389589699733692
roman-empire,GT,4,512,3e-05,8,4,"[1560, 4930, 1530, 2430]","[0.8819, 0.8867, 0.8722, 0.877]","[0.8819, 0.8867, 0.8722, 0.877]",acc,1.0,1.0,2.8428106816136278e-05,,1.0,1.0,1.0,1.0,acc,0.8879081606864929,0.8879081606864929,0.6953745484352112,,0.8603427413696658,0.8858924019197877,0.8624068891340492,0.8611404396352839,acc,0.8826332092285156,0.8826332092285156,0.736307680606842,,0.8513676756260873,0.8811185099716917,0.8526758812629662,0.8522572242584007
roman-empire,GT,5,512,3e-05,8,4,"[3180, 1550, 2180, 2320]","[0.8879, 0.8831, 0.8849, 0.8851]","[0.8879, 0.8831, 0.8849, 0.8851]",acc,1.0,1.0,3.09738825308159e-05,,1.0,1.0,1.0,1.0,acc,0.8919681906700134,0.8919681906700134,0.6474384665489197,,0.8647341442993495,0.8902437968102417,0.869222505644806,0.8626112301122808,acc,0.8877514600753784,0.8877514600753784,0.6954296827316284,,0.8589071175317675,0.8865375928065535,0.8601360472122047,0.8594556945993386
roman-empire,GT,1,512,3e-05,9,4,"[640, 750, 670, 770]","[0.7944, 0.7929, 0.7919, 0.7968]","[0.7944, 0.7929, 0.7919, 0.7968]",acc,0.9700821042060852,0.9700821042060852,0.10386575013399124,,0.9608787776839561,0.969893844261289,0.9619015485334965,0.960633512940967,acc,0.7996469140052795,0.7996469140052795,0.7529067397117615,,0.7376549680056236,0.793800659965586,0.7460546306346926,0.7355435262131795,acc,0.7961524724960327,0.7961524724960327,0.756400465965271,,0.7382025400993175,0.790978129391174,0.7431228757803866,0.7381499050918238
roman-empire,GT,2,512,3e-05,9,4,"[1910, 2250, 1210, 2340]","[0.8443, 0.8411, 0.8462, 0.8462]","[0.8443, 0.8411, 0.8462, 0.8462]",acc,1.0,1.0,0.0002019415405811742,,1.0,1.0,1.0,1.0,acc,0.8538393378257751,0.8538393378257751,0.8568057417869568,,0.8211592338695339,0.8510570727691604,0.8228823577702538,0.8224128277687451,acc,0.8482174277305603,0.8482174277305603,0.8805518746376038,,0.8133748928379455,0.8451954107505005,0.816796305657114,0.8122657040162293
roman-empire,GT,3,512,3e-05,9,4,"[2550, 2170, 2220, 3300]","[0.8628, 0.8614, 0.8685, 0.8685]","[0.8628, 0.8614, 0.8685, 0.8685]",acc,1.0,1.0,2.298935032740701e-05,,1.0,1.0,1.0,1.0,acc,0.872197687625885,0.872197687625885,0.8147680759429932,,0.8402902983527907,0.8696911122807841,0.842564856002221,0.8412597123264108,acc,0.8681609630584717,0.8681609630584717,0.8463873863220215,,0.8377781402355097,0.865828436011167,0.8384112348294962,0.8395471874466055
roman-empire,GT,4,512,3e-05,9,4,"[2320, 1950, 3830, 4070]","[0.8752, 0.8743, 0.8796, 0.8808]","[0.8752, 0.8743, 0.8796, 0.8808]",acc,1.0,1.0,1.3672917702933773e-05,,1.0,1.0,1.0,1.0,acc,0.8854368925094604,0.8854368925094604,0.7579866051673889,,0.8560493195620336,0.8833255812830805,0.8552215471566432,0.8592772698453375,acc,0.8821037411689758,0.8821037411689758,0.7898362278938293,,0.8529270068811438,0.8796412283557079,0.8539118057136712,0.8542678339626993
roman-empire,GT,5,512,3e-05,9,4,"[2030, 3110, 1880, 1770]","[0.8846, 0.8867, 0.8821, 0.8876]","[0.8846, 0.8867, 0.8821, 0.8876]",acc,1.0,1.0,3.774238211917691e-05,,1.0,1.0,1.0,1.0,acc,0.8910855650901794,0.8910855650901794,0.6830165386199951,,0.8654038888988593,0.8894664019769429,0.8670059954896482,0.8652374868511956,acc,0.8866925239562988,0.8866925239562988,0.708148181438446,,0.8584503646760206,0.8851836153512291,0.8579823387978541,0.8601443716778528
roman-empire,GT-sep,1,512,3e-05,0,4,"[870, 780, 760, 740]","[0.7974, 0.7975, 0.7963, 0.7977]","[0.7974, 0.7975, 0.7963, 0.7977]",acc,0.979436993598938,0.979436993598938,0.07737642526626587,,0.9718036573234899,0.9793467769121913,0.9734356386172229,0.9707259475328429,acc,0.8060017228126526,0.8060017228126526,0.7786756157875061,,0.7538879876111618,0.8008874832774147,0.7621698701312716,0.7513418576034512,acc,0.7952700257301331,0.7952700257301331,0.8111672401428223,,0.7408032244293222,0.791506607218612,0.7442751802067632,0.7405973964531891
roman-empire,GT-sep,2,512,3e-05,0,4,"[1340, 1810, 2170, 1620]","[0.841, 0.8397, 0.8441, 0.8432]","[0.841, 0.8397, 0.8441, 0.8432]",acc,1.0,1.0,0.0002242477348772809,,1.0,1.0,1.0,1.0,acc,0.8487201929092407,0.8487201929092407,0.8649795055389404,,0.8142492862340733,0.8455812631814946,0.8161212435610382,0.8171749549705782,acc,0.8409812450408936,0.8409812450408936,0.9390110373497009,,0.805607501582355,0.8383688857056277,0.8047869481291138,0.8094240560335524
roman-empire,GT-sep,3,512,3e-05,0,4,"[2080, 2570, 2130, 3150]","[0.8524, 0.8593, 0.8581, 0.8575]","[0.8524, 0.8593, 0.8581, 0.8575]",acc,1.0,1.0,3.082885450567119e-05,,1.0,1.0,1.0,1.0,acc,0.8644306659698486,0.8644306659698486,0.8566224575042725,,0.8333094999263181,0.8618289662720608,0.8336558135603113,0.8371281951895674,acc,0.8593363761901855,0.8593363761901855,0.9184187054634094,,0.8260239258942177,0.8571172815204338,0.8244858217932544,0.830025949628253
roman-empire,GT-sep,4,512,3e-05,0,4,"[3130, 3290, 1860, 2540]","[0.8673, 0.871, 0.8657, 0.8692]","[0.8673, 0.871, 0.8657, 0.8692]",acc,1.0,1.0,1.9225877622375265e-05,,1.0,1.0,1.0,1.0,acc,0.8720211386680603,0.8720211386680603,0.7976062297821045,,0.8449936820825709,0.8698150281906412,0.8439589517183865,0.8484657317167144,acc,0.87257319688797,0.87257319688797,0.8536428213119507,,0.8398282636923917,0.8708881337739428,0.8381334468076171,0.8430142483423181
roman-empire,GT-sep,5,512,3e-05,0,4,"[3350, 1970, 1610, 1890]","[0.8752, 0.8757, 0.8754, 0.8706]","[0.8752, 0.8757, 0.8754, 0.8706]",acc,1.0,1.0,4.674586307373829e-05,,1.0,1.0,1.0,1.0,acc,0.8781994581222534,0.8781994581222534,0.7254213690757751,,0.8531277263227335,0.8760998294088355,0.851581749850699,0.8575515787979247,acc,0.8773384690284729,0.8773384690284729,0.7718480229377747,,0.8459067163930045,0.8754783890795196,0.8423778574006986,0.8513910507618951
roman-empire,GT-sep,1,512,3e-05,1,4,"[640, 640, 500, 720]","[0.8004, 0.8035, 0.8048, 0.7993]","[0.8004, 0.8035, 0.8048, 0.7993]",acc,0.9468714594841003,0.9468714594841003,0.16972510516643524,,0.9272781405646078,0.9460144549659033,0.9341690066920783,0.9242760851345009,acc,0.804589569568634,0.804589569568634,0.6975517272949219,,0.7436615493092309,0.79870880926155,0.7558194024561451,0.7436852574510922,acc,0.8044475317001343,0.8044475317001343,0.713562548160553,,0.7461643528990805,0.7983693420319815,0.7561898263104625,0.7446268005491249
roman-empire,GT-sep,2,512,3e-05,1,4,"[1030, 2090, 1130, 2090]","[0.8487, 0.8461, 0.8432, 0.847]","[0.8487, 0.8461, 0.8432, 0.847]",acc,1.0,1.0,0.00030312006128951907,,1.0,1.0,1.0,1.0,acc,0.8531332612037659,0.8531332612037659,0.8229921460151672,,0.8166985406005135,0.8501510632116107,0.8184500566149371,0.8207023810241612,acc,0.8501588106155396,0.8501588106155396,0.8355932831764221,,0.8118280436987866,0.8468104528693368,0.8178873695850819,0.8096064129781156
roman-empire,GT-sep,3,512,3e-05,1,4,"[1530, 2440, 2530, 1350]","[0.8685, 0.8688, 0.8655, 0.8632]","[0.8685, 0.8688, 0.8655, 0.8632]",acc,1.0,1.0,6.692339957226068e-05,,1.0,1.0,1.0,1.0,acc,0.8748455047607422,0.8748455047607422,0.7766135334968567,,0.8456450800886187,0.8728999311677752,0.8460634107034603,0.8479704254369183,acc,0.8676314353942871,0.8676314353942871,0.7866945266723633,,0.8361648112758213,0.8647137193033244,0.8424489502290231,0.8349550649045522
roman-empire,GT-sep,4,512,3e-05,1,4,"[1710, 2170, 1740, 2820]","[0.8745, 0.8757, 0.8759, 0.8748]","[0.8745, 0.8757, 0.8759, 0.8748]",acc,1.0,1.0,4.257186810718849e-05,,1.0,1.0,1.0,1.0,acc,0.8833186030387878,0.8833186030387878,0.7467154860496521,,0.8544898901212008,0.8814135920243708,0.8556970186474254,0.855869890917318,acc,0.8792799115180969,0.8792799115180969,0.749213457107544,,0.8518524715429082,0.8770055816161059,0.8572917136835136,0.8491107308879661
roman-empire,GT-sep,5,512,3e-05,1,4,"[2450, 3680, 1820, 2010]","[0.8819, 0.8847, 0.881, 0.8833]","[0.8819, 0.8847, 0.881, 0.8833]",acc,1.0,1.0,2.5275458028772846e-05,,1.0,1.0,1.0,1.0,acc,0.8891438245773315,0.8891438245773315,0.7458149790763855,,0.8648341648973266,0.887543660921412,0.8655277035832801,0.8659463621135881,acc,0.8879279494285583,0.8879279494285583,0.73171067237854,,0.8614523738903427,0.8858128117657794,0.8670013821181116,0.8585000796605784
roman-empire,GT-sep,1,512,3e-05,2,4,"[590, 550, 780, 590]","[0.7892, 0.7866, 0.7883, 0.7871]","[0.7892, 0.7866, 0.7883, 0.7871]",acc,0.946783185005188,0.946783185005188,0.16899271309375763,,0.926018163409841,0.9461727263855803,0.9304929485829138,0.9241874833819375,acc,0.7931156158447266,0.7931156158447266,0.746103823184967,,0.7321237273204207,0.7865352952854959,0.744146908974664,0.7276154989138699,acc,0.8005647659301758,0.8005647659301758,0.7153462171554565,,0.7397467524694528,0.794176044690934,0.7530145918029366,0.736313616270148
roman-empire,GT-sep,2,512,3e-05,2,4,"[1380, 1560, 2250, 1950]","[0.838, 0.8367, 0.8424, 0.8394]","[0.838, 0.8367, 0.8424, 0.8394]",acc,1.0,1.0,0.0002274859434692189,,1.0,1.0,1.0,1.0,acc,0.8481906056404114,0.8481906056404114,0.9178699851036072,,0.8118407627229335,0.8454893931576491,0.8155974527866316,0.8102781971644054,acc,0.8452170491218567,0.8452170491218567,0.9166709184646606,,0.807674977346163,0.8421961144535239,0.8093527106299068,0.808959067216443
roman-empire,GT-sep,3,512,3e-05,2,4,"[3060, 2520, 1340, 1700]","[0.8627, 0.8628, 0.8508, 0.8554]","[0.8627, 0.8628, 0.8508, 0.8554]",acc,1.0,1.0,6.06718567723874e-05,,1.0,1.0,1.0,1.0,acc,0.8651368021965027,0.8651368021965027,0.8545880913734436,,0.8271444508887049,0.8626072136530138,0.8294141803465105,0.826912239760466,acc,0.867807924747467,0.867807924747467,0.8270672559738159,,0.8366042364159311,0.8656467297961248,0.8405223781818237,0.8349403255667445
roman-empire,GT-sep,4,512,3e-05,2,4,"[3820, 1220, 2230, 1850]","[0.8699, 0.8609, 0.8683, 0.8621]","[0.8699, 0.8609, 0.8683, 0.8621]",acc,1.0,1.0,4.8482059355592355e-05,,1.0,1.0,1.0,1.0,acc,0.871315062046051,0.871315062046051,0.8189233541488647,,0.8376537237087516,0.8690597523924807,0.8393711750257241,0.8377081034861835,acc,0.8762795329093933,0.8762795329093933,0.7684556841850281,,0.8453010975185383,0.8740273322076735,0.8492554351656022,0.8438514487627486
roman-empire,GT-sep,5,512,3e-05,2,4,"[2470, 2690, 2050, 3390]","[0.874, 0.878, 0.8704, 0.8766]","[0.874, 0.878, 0.8704, 0.8766]",acc,1.0,1.0,2.136376133421436e-05,,1.0,1.0,1.0,1.0,acc,0.8836716413497925,0.8836716413497925,0.8072705268859863,,0.854148626887069,0.881770856127221,0.8557917769654453,0.8537359518293439,acc,0.8858100771903992,0.8858100771903992,0.7540972828865051,,0.8585904389661023,0.8839857342895217,0.8620638271583181,0.8570977372989278
roman-empire,GT-sep,1,512,3e-05,3,4,"[600, 650, 650, 750]","[0.794, 0.7963, 0.7924, 0.7926]","[0.794, 0.7963, 0.7924, 0.7926]",acc,0.9511076211929321,0.9511076211929321,0.15582069754600525,,0.9351773740540433,0.9506456119922913,0.9406079196156772,0.9322937761801475,acc,0.798234760761261,0.798234760761261,0.7288830876350403,,0.7311106167584763,0.7925965048674853,0.7433170363728185,0.7275914066689401,acc,0.7968584299087524,0.7968584299087524,0.7124626636505127,,0.7386518303731356,0.791451731638141,0.746507088208722,0.738700469431627
roman-empire,GT-sep,2,512,3e-05,3,4,"[1030, 2980, 2410, 1110]","[0.8402, 0.8505, 0.8484, 0.8454]","[0.8402, 0.8505, 0.8484, 0.8454]",acc,1.0,1.0,0.00036430469481274486,,1.0,1.0,1.0,1.0,acc,0.8541923761367798,0.8541923761367798,0.8694066405296326,,0.815754008931822,0.8521564392079832,0.8195062410967273,0.8141992153724351,acc,0.8508647680282593,0.8508647680282593,0.8757472634315491,,0.8134385813089964,0.8484438130340899,0.8150769069030646,0.8140667633168408
roman-empire,GT-sep,3,512,3e-05,3,4,"[3010, 2830, 1670, 2010]","[0.8667, 0.8688, 0.8613, 0.8621]","[0.8667, 0.8688, 0.8613, 0.8621]",acc,1.0,1.0,9.225273242918774e-05,,1.0,1.0,1.0,1.0,acc,0.8695498704910278,0.8695498704910278,0.8404563069343567,,0.8319508642114678,0.8676368423040796,0.8341544766054277,0.8325168036864622,acc,0.8681609630584717,0.8681609630584717,0.8316242098808289,,0.8379971088500728,0.86592073214957,0.8405467519487841,0.837449866699585
roman-empire,GT-sep,4,512,3e-05,3,4,"[2830, 3610, 2750, 5000]","[0.8733, 0.8775, 0.8764, 0.8791]","[0.8733, 0.8775, 0.8764, 0.8791]",acc,1.0,1.0,8.627599527244456e-06,,1.0,1.0,1.0,1.0,acc,0.8840246796607971,0.8840246796607971,0.8387305736541748,,0.8486777866100608,0.8821958825325315,0.8514849876759522,0.8481299257866587,acc,0.8824567198753357,0.8824567198753357,0.8261908292770386,,0.8561647275366513,0.8806607411828825,0.8595952050601918,0.8546492729845953
roman-empire,GT-sep,5,512,3e-05,3,4,"[2880, 1280, 2430, 1050]","[0.8849, 0.8833, 0.8844, 0.8775]","[0.8849, 0.8833, 0.8844, 0.8775]",acc,1.0,1.0,9.548805974191055e-05,,1.0,1.0,1.0,1.0,acc,0.8891438245773315,0.8891438245773315,0.6784335970878601,,0.8582843880703864,0.8877560511601774,0.8595900954167415,0.858852606015686,acc,0.881574273109436,0.881574273109436,0.701529324054718,,0.8533494705487724,0.8798719673075842,0.8559335829345376,0.8525546002500819
roman-empire,GT-sep,1,512,3e-05,4,4,"[730, 820, 920, 650]","[0.7974, 0.7956, 0.7977, 0.7944]","[0.7974, 0.7956, 0.7977, 0.7944]",acc,0.9804077744483948,0.9804077744483948,0.07562978565692902,,0.9726075482446408,0.9803589788502217,0.9745994090472839,0.9714692423263583,acc,0.8031773567199707,0.8031773567199707,0.7768388986587524,,0.748051542641308,0.7979506070691427,0.75402813916739,0.7474322195795352,acc,0.7915636897087097,0.7915636897087097,0.8180705308914185,,0.731737087788295,0.7855065589201126,0.7337769675747408,0.7359366699802832
roman-empire,GT-sep,2,512,3e-05,4,4,"[850, 1490, 2670, 1830]","[0.8455, 0.8468, 0.8452, 0.8399]","[0.8455, 0.8468, 0.8452, 0.8399]",acc,0.9999117851257324,0.9999117851257324,0.00037113064900040627,,0.9999001782771109,0.9999117903366547,0.9998452491488704,0.9999553411932833,acc,0.8538393378257751,0.8538393378257751,0.8460021018981934,,0.8238843049292294,0.8515180757361921,0.8267066602625979,0.8237039926735552,acc,0.8452170491218567,0.8452170491218567,0.8868198394775391,,0.8060324030394465,0.8419922898200493,0.8036909630165877,0.8122121280668539
roman-empire,GT-sep,3,512,3e-05,4,4,"[2290, 2030, 2750, 1220]","[0.8621, 0.8575, 0.8613, 0.8542]","[0.8621, 0.8575, 0.8613, 0.8542]",acc,1.0,1.0,0.00012831763888243586,,1.0,1.0,1.0,1.0,acc,0.8699029088020325,0.8699029088020325,0.8429304957389832,,0.8447740196103106,0.8677347384794712,0.8485515504784925,0.8438250595028526,acc,0.8616307377815247,0.8616307377815247,0.8433413505554199,,0.8287147854509457,0.8588331081483073,0.8260165295770905,0.83428134919766
roman-empire,GT-sep,4,512,3e-05,4,4,"[3410, 3290, 1080, 2250]","[0.8745, 0.871, 0.8628, 0.8662]","[0.8745, 0.871, 0.8628, 0.8662]",acc,1.0,1.0,3.274280970799737e-05,,1.0,1.0,1.0,1.0,acc,0.8759046792984009,0.8759046792984009,0.825702965259552,,0.8534948450911022,0.874044351523658,0.8570763486523352,0.8528180418356496,acc,0.8752205967903137,0.8752205967903137,0.8153042793273926,,0.8464066258174798,0.8731735294317061,0.8431615162360724,0.8519419757209332
roman-empire,GT-sep,5,512,3e-05,4,4,"[2990, 3450, 1760, 3210]","[0.8817, 0.8787, 0.8748, 0.8773]","[0.8817, 0.8787, 0.8748, 0.8773]",acc,1.0,1.0,1.7052123439498246e-05,,1.0,1.0,1.0,1.0,acc,0.8838481903076172,0.8838481903076172,0.822252631187439,,0.8606491866272339,0.8819027597250594,0.8647249409766045,0.8591959060034399,acc,0.8836921453475952,0.8836921453475952,0.7929650545120239,,0.8562011126285927,0.8813825543338317,0.8553771241662028,0.8593342330999792
roman-empire,GT-sep,1,512,3e-05,5,4,"[690, 670, 890, 850]","[0.7928, 0.7956, 0.7965, 0.7963]","[0.7928, 0.7956, 0.7965, 0.7963]",acc,0.9777601361274719,0.9777601361274719,0.08576643466949463,,0.9706020121159096,0.9776704641313216,0.9723987509760872,0.9694603221493584,acc,0.8012356162071228,0.8012356162071228,0.7610262036323547,,0.7421857668455373,0.796385675498577,0.7486897940486608,0.7417396327531747,acc,0.8129191398620605,0.8129191398620605,0.7057245969772339,,0.7494881069889108,0.8084751331401387,0.7550487561618296,0.7481890012385963
roman-empire,GT-sep,2,512,3e-05,5,4,"[1680, 2200, 1780, 1360]","[0.8411, 0.8417, 0.8395, 0.8415]","[0.8411, 0.8417, 0.8395, 0.8415]",acc,0.9999117851257324,0.9999117851257324,0.0005946196033619344,,0.9998999794901763,0.9999117025490416,0.9999553770638108,0.999844816883923,acc,0.8466019034385681,0.8466019034385681,0.8578693270683289,,0.8066564072640183,0.8434499287529892,0.8096169619960588,0.80632979614294,acc,0.8572184443473816,0.8572184443473816,0.8102396726608276,,0.8167243257568529,0.8543890931819502,0.8228338785499782,0.8146249359841521
roman-empire,GT-sep,3,512,3e-05,5,4,"[1810, 2680, 2120, 1340]","[0.8558, 0.8658, 0.8598, 0.8549]","[0.8558, 0.8658, 0.8598, 0.8549]",acc,1.0,1.0,0.00012626293755602092,,1.0,1.0,1.0,1.0,acc,0.8663724660873413,0.8663724660873413,0.7900564074516296,,0.8347733881782111,0.8639029810776386,0.839104974378628,0.8329693686031614,acc,0.8776914477348328,0.8776914477348328,0.7396036386489868,,0.842145405319626,0.8754815151075552,0.8517494570675983,0.836672885610968
roman-empire,GT-sep,4,512,3e-05,5,4,"[3210, 2540, 3080, 2100]","[0.8692, 0.8692, 0.8697, 0.8662]","[0.8692, 0.8692, 0.8697, 0.8662]",acc,1.0,1.0,2.051502997346688e-05,,1.0,1.0,1.0,1.0,acc,0.8783759474754333,0.8783759474754333,0.8071762323379517,,0.8481028699187515,0.8760912896258141,0.8492692020740974,0.8503968120944019,acc,0.8813977837562561,0.8813977837562561,0.7527689933776855,,0.848283806602406,0.8791038399878273,0.8547483433814552,0.8451053746198479
roman-empire,GT-sep,5,512,3e-05,5,4,"[3070, 1880, 1790, 1620]","[0.8789, 0.8768, 0.8734, 0.8738]","[0.8789, 0.8768, 0.8734, 0.8738]",acc,1.0,1.0,5.3766802011523396e-05,,1.0,1.0,1.0,1.0,acc,0.8829655647277832,0.8829655647277832,0.7236992716789246,,0.8550323712532287,0.8812218205779444,0.8571554033164995,0.8546708398813668,acc,0.8873984813690186,0.8873984813690186,0.6736785769462585,,0.8535868876895312,0.8854837350079808,0.8620451413240677,0.8486657119979951
roman-empire,GT-sep,1,512,3e-05,6,4,"[800, 830, 1060, 1160]","[0.7956, 0.7914, 0.7933, 0.7875]","[0.7956, 0.7914, 0.7933, 0.7875]",acc,0.9962933659553528,0.9962933659553528,0.025070279836654663,,0.9942804652561947,0.9962934233394475,0.9948120275303423,0.9938200207165016,acc,0.7992938756942749,0.7992938756942749,0.8933121562004089,,0.7502006973040289,0.7962777378887591,0.7551905033498671,0.7487966376063928,acc,0.7977408766746521,0.7977408766746521,0.9029371738433838,,0.7452530983406428,0.7944853598963527,0.7516278387588421,0.7415479554813104
roman-empire,GT-sep,2,512,3e-05,6,4,"[3030, 1310, 1030, 1250]","[0.8364, 0.8342, 0.833, 0.8348]","[0.8364, 0.8342, 0.833, 0.8348]",acc,0.9999117851257324,0.9999117851257324,0.0004385060747154057,,0.9999003758293852,0.9999117901511825,0.9998456790123456,0.9999553052650398,acc,0.8418357968330383,0.8418357968330383,0.8978437781333923,,0.8099407736886983,0.8402527738152789,0.809144957989003,0.8127569035873488,acc,0.8452170491218567,0.8452170491218567,0.8633210062980652,,0.8107628282591071,0.84373233905105,0.8145807009895353,0.809524854128307
roman-empire,GT-sep,3,512,3e-05,6,4,"[3210, 3180, 2660, 1810]","[0.8538, 0.8561, 0.8514, 0.8537]","[0.8538, 0.8561, 0.8514, 0.8537]",acc,1.0,1.0,2.1536970962188207e-05,,1.0,1.0,1.0,1.0,acc,0.8601941466331482,0.8601941466331482,0.9226633310317993,,0.8333228235205159,0.8587758578984408,0.8355728822476576,0.833196243767588,acc,0.8651605844497681,0.8651605844497681,0.8944237232208252,,0.8330435006771889,0.8639524640112726,0.8347126157880194,0.8336930047623462
roman-empire,GT-sep,4,512,3e-05,6,4,"[1830, 2800, 2960, 3700]","[0.866, 0.8669, 0.8643, 0.8717]","[0.866, 0.8669, 0.8643, 0.8717]",acc,1.0,1.0,1.814090683183167e-05,,1.0,1.0,1.0,1.0,acc,0.8725507259368896,0.8725507259368896,0.8486139178276062,,0.8463196861464681,0.8711199078420949,0.8466929889707298,0.848160387314518,acc,0.8752205967903137,0.8752205967903137,0.8449128866195679,,0.8446231872936747,0.8738018095935115,0.8467661371023645,0.8446490541726289
roman-empire,GT-sep,5,512,3e-05,6,4,"[3820, 2250, 1800, 2310]","[0.8743, 0.8743, 0.8729, 0.8748]","[0.8743, 0.8743, 0.8729, 0.8748]",acc,1.0,1.0,2.573796700744424e-05,,1.0,1.0,1.0,1.0,acc,0.8810238242149353,0.8810238242149353,0.7940320372581482,,0.8562932550466296,0.8796717080394203,0.8581881656506626,0.8564957298735635,acc,0.8810448050498962,0.8810448050498962,0.7662762999534607,,0.8523986155198636,0.8799497214378912,0.8535508468719895,0.8528220940765698
roman-empire,GT-sep,1,512,3e-05,7,4,"[670, 880, 870, 980]","[0.7896, 0.7914, 0.7915, 0.7901]","[0.7896, 0.7914, 0.7915, 0.7901]",acc,0.9875562787055969,0.9875562787055969,0.05398004129528999,,0.9822367852015633,0.987544870232967,0.9836317474153417,0.9811829849980435,acc,0.797352135181427,0.797352135181427,0.8231618404388428,,0.7429624827298841,0.7927123453175348,0.7534102472243623,0.7380368192726341,acc,0.7986233234405518,0.7986233234405518,0.8402833342552185,,0.7450184406325998,0.7939475598131789,0.755454153829852,0.7389237804688759
roman-empire,GT-sep,2,512,3e-05,7,4,"[2260, 3090, 2700, 2130]","[0.8328, 0.8402, 0.8374, 0.8332]","[0.8328, 0.8402, 0.8374, 0.8332]",acc,1.0,1.0,4.999087832402438e-05,,1.0,1.0,1.0,1.0,acc,0.8458958268165588,0.8458958268165588,1.0541894435882568,,0.8103775564231527,0.8429152530068202,0.8146785135469771,0.8095031127418472,acc,0.8499823212623596,0.8499823212623596,1.0242841243743896,,0.8157601637553935,0.8470619000756051,0.8190991208952624,0.8158773703539377
roman-empire,GT-sep,3,512,3e-05,7,4,"[2400, 1260, 2880, 3150]","[0.8526, 0.8462, 0.8551, 0.8547]","[0.8526, 0.8462, 0.8551, 0.8547]",acc,1.0,1.0,3.6242618079995736e-05,,1.0,1.0,1.0,1.0,acc,0.8580758571624756,0.8580758571624756,0.9357486367225647,,0.8240528896171545,0.855848060018428,0.8264368820346977,0.8246527588529835,acc,0.8632192015647888,0.8632192015647888,0.9031387567520142,,0.8299004543097681,0.8612917555655747,0.8332671858075709,0.8301266790691098
roman-empire,GT-sep,4,512,3e-05,7,4,"[1370, 1850, 3420, 1880]","[0.8623, 0.8584, 0.8646, 0.8614]","[0.8623, 0.8584, 0.8646, 0.8614]",acc,1.0,1.0,6.089420639909804e-05,,1.0,1.0,1.0,1.0,acc,0.8714916110038757,0.8714916110038757,0.8470849394798279,,0.8419867747797016,0.8696973858804005,0.8450849054541992,0.8411031682894814,acc,0.8683374524116516,0.8683374524116516,0.8516765236854553,,0.8368266063981848,0.8661992824259088,0.8372327543699808,0.8396986066098013
roman-empire,GT-sep,5,512,3e-05,7,4,"[2350, 3540, 2790, 2690]","[0.8704, 0.8704, 0.8697, 0.8694]","[0.8704, 0.8704, 0.8697, 0.8694]",acc,1.0,1.0,1.541136225569062e-05,,1.0,1.0,1.0,1.0,acc,0.8753750920295715,0.8753750920295715,0.8638512492179871,,0.8476191011168392,0.8739544651266223,0.8512789263168296,0.8457751030971836,acc,0.8780444264411926,0.8780444264411926,0.8553037047386169,,0.8492304298661008,0.8760917607478189,0.8510030549113999,0.8497234030944598
roman-empire,GT-sep,1,512,3e-05,8,4,"[650, 680, 730, 720]","[0.7959, 0.7968, 0.7945, 0.7982]","[0.7959, 0.7968, 0.7945, 0.7982]",acc,0.9599329233169556,0.9599329233169556,0.12987740337848663,,0.9447241904069609,0.959575388712012,0.9492070088654516,0.9425390489935445,acc,0.804589569568634,0.804589569568634,0.729458749294281,,0.7528644257066813,0.8002942761909472,0.7601739551608739,0.7510445474040258,acc,0.7959759831428528,0.7959759831428528,0.7390448451042175,,0.7312608827550213,0.7904333946046586,0.7417043088883075,0.729298569040277
roman-empire,GT-sep,2,512,3e-05,8,4,"[1220, 1560, 1370, 1320]","[0.842, 0.8461, 0.8424, 0.8397]","[0.842, 0.8461, 0.8424, 0.8397]",acc,0.9999117851257324,0.9999117851257324,0.0006041888846084476,,0.9999001782771109,0.9999117027354484,0.9999553411932833,0.9998452491488704,acc,0.8492497801780701,0.8492497801780701,0.7944799661636353,,0.8156358234262614,0.8467365036182625,0.8198722882880767,0.8145752464256306,acc,0.844511091709137,0.844511091709137,0.8212143182754517,,0.8072351408190189,0.8421916909309715,0.8087744432622028,0.8097866082195466
roman-empire,GT-sep,3,512,3e-05,8,4,"[2290, 2600, 960, 2660]","[0.8611, 0.8584, 0.8579, 0.8574]","[0.8611, 0.8584, 0.8579, 0.8574]",acc,1.0,1.0,6.303379632299766e-05,,1.0,1.0,1.0,1.0,acc,0.8660193681716919,0.8660193681716919,0.7862765789031982,,0.8363618421994761,0.8636510427391564,0.8411475960827043,0.8345875203236818,acc,0.8619837164878845,0.8619837164878845,0.8181695938110352,,0.8245526749170442,0.8598964914172442,0.825154178194144,0.828052097788391
roman-empire,GT-sep,4,512,3e-05,8,4,"[2860, 2320, 1860, 3200]","[0.8678, 0.8688, 0.8692, 0.8706]","[0.8678, 0.8688, 0.8692, 0.8706]",acc,1.0,1.0,2.3188084014691412e-05,,1.0,1.0,1.0,1.0,acc,0.8744924664497375,0.8744924664497375,0.7777497172355652,,0.8455803711140802,0.8723598649111038,0.847236166462388,0.8461435712423574,acc,0.8690434098243713,0.8690434098243713,0.8232887387275696,,0.8354155468517503,0.8675944803134421,0.8337427363905043,0.8393340730340589
roman-empire,GT-sep,5,512,3e-05,8,4,"[1940, 1890, 4040, 3190]","[0.8763, 0.8757, 0.8789, 0.8798]","[0.8763, 0.8757, 0.8789, 0.8798]",acc,1.0,1.0,1.9259632608736865e-05,,1.0,1.0,1.0,1.0,acc,0.8820829391479492,0.8820829391479492,0.7465692162513733,,0.8532331504935938,0.8802595898614279,0.85465933411053,0.8543476173867465,acc,0.8778679370880127,0.8778679370880127,0.7977425456047058,,0.8458357256701938,0.8766663760374089,0.8446954943169511,0.8483672404770963
roman-empire,GT-sep,1,512,3e-05,9,4,"[680, 870, 930, 590]","[0.7954, 0.7933, 0.7954, 0.7942]","[0.7954, 0.7933, 0.7954, 0.7942]",acc,0.9789074659347534,0.9789074659347534,0.07683872431516647,,0.9703616813679952,0.978825531214315,0.9717673210351665,0.969525485408892,acc,0.8019417524337769,0.8019417524337769,0.7739909291267395,,0.7395172606709634,0.7968077188692768,0.7440686118911275,0.7392608166839371,acc,0.7950935363769531,0.7950935363769531,0.7775707244873047,,0.735579517862773,0.7894414422793178,0.7398303712324505,0.7361973706338525
roman-empire,GT-sep,2,512,3e-05,9,4,"[2640, 1870, 1090, 1630]","[0.8401, 0.8425, 0.8372, 0.8427]","[0.8401, 0.8425, 0.8372, 0.8427]",acc,0.9998235106468201,0.9998235106468201,0.00040554016595706344,,0.9998005544139102,0.9998236679031057,0.9996913580246913,0.9999106823865667,acc,0.8501323461532593,0.8501323461532593,0.8822133541107178,,0.8159082563255016,0.8473568046941693,0.8171465797578097,0.8176097622938109,acc,0.8452170491218567,0.8452170491218567,0.8897104263305664,,0.8122860383713797,0.8419469518110341,0.8150864870970901,0.811790117693831
roman-empire,GT-sep,3,512,3e-05,9,4,"[2210, 2660, 2540, 1470]","[0.8554, 0.8553, 0.8614, 0.8568]","[0.8554, 0.8553, 0.8614, 0.8568]",acc,1.0,1.0,6.442266021622345e-05,,1.0,1.0,1.0,1.0,acc,0.8635480999946594,0.8635480999946594,0.8434739112854004,,0.8322908219705604,0.8611313469982812,0.8331026067352209,0.8339559597714561,acc,0.8644546270370483,0.8644546270370483,0.868855357170105,,0.8322745641352931,0.86146477465318,0.8363288007337875,0.8311728893866768
roman-empire,GT-sep,4,512,3e-05,9,4,"[2910, 2480, 2100, 2940]","[0.8687, 0.8703, 0.8662, 0.8733]","[0.8687, 0.8703, 0.8662, 0.8733]",acc,1.0,1.0,2.1846324671059847e-05,,1.0,1.0,1.0,1.0,acc,0.8737863898277283,0.8737863898277283,0.8094122409820557,,0.8421559233656029,0.8711612988386938,0.845014270083694,0.8422530275203395,acc,0.8755735754966736,0.8755735754966736,0.8374754786491394,,0.8436748623620184,0.8733125460070095,0.8455276517250613,0.8436069648471878
roman-empire,GT-sep,5,512,3e-05,9,4,"[1610, 3940, 2540, 2590]","[0.8703, 0.875, 0.8773, 0.8823]","[0.8703, 0.875, 0.8773, 0.8823]",acc,1.0,1.0,2.4146746000042185e-05,,1.0,1.0,1.0,1.0,acc,0.8854368925094604,0.8854368925094604,0.7696918845176697,,0.8547838347058726,0.8832508861839778,0.85726270172565,0.854555546935843,acc,0.8801623582839966,0.8801623582839966,0.7968384623527527,,0.8484441139672866,0.8779137460761539,0.8516553991718663,0.8470126456624554
roman-empire,TAG,1,512,3e-05,0,4,"[1390, 820, 800, 2050]","[0.8229, 0.8217, 0.8215, 0.8268]","[0.8229, 0.8217, 0.8215, 0.8268]",acc,0.9992057681083679,0.9992057681083679,0.006364799104630947,,0.9991556805535987,0.9992058580722224,0.9991127551742003,0.9992010677549135,acc,0.8303618431091309,0.8303618431091309,0.7515493035316467,,0.78995293825486,0.8273487530882768,0.799631212779824,0.7844942383274803,acc,0.8138015866279602,0.8138015866279602,0.794392466545105,,0.7626959186484402,0.8107963623385581,0.7684789033425513,0.7597038109517107
roman-empire,TAG,2,512,3e-05,0,4,"[1750, 2560, 4600, 2470]","[0.8454, 0.8521, 0.8583, 0.8574]","[0.8454, 0.8521, 0.8583, 0.8574]",acc,1.0,1.0,2.662767110450659e-05,,1.0,1.0,1.0,1.0,acc,0.8617828488349915,0.8617828488349915,0.900568425655365,,0.8332803626579274,0.8597468389190428,0.8340161690859875,0.8342785206543537,acc,0.851570725440979,0.851570725440979,0.970676064491272,,0.8112430783963673,0.8494208783562538,0.8102463111694936,0.8138740684884073
roman-empire,TAG,3,512,3e-05,0,4,"[2910, 2240, 930, 2080]","[0.8657, 0.8604, 0.8643, 0.869]","[0.8657, 0.8604, 0.8643, 0.869]",acc,1.0,1.0,5.8609814004739746e-05,,1.0,1.0,1.0,1.0,acc,0.8683142066001892,0.8683142066001892,0.7774468660354614,,0.8408639605917224,0.8663302074633297,0.8408096684349511,0.8428633998416442,acc,0.8658665418624878,0.8658665418624878,0.8207524418830872,,0.8322563875015973,0.8645316507122967,0.8325885460579636,0.8329750088905543
roman-empire,TAG,4,512,3e-05,0,4,"[2860, 1850, 3100, 2790]","[0.8727, 0.8701, 0.8717, 0.8782]","[0.8727, 0.8701, 0.8717, 0.8782]",acc,1.0,1.0,1.4634752915299032e-05,,1.0,1.0,1.0,1.0,acc,0.879611611366272,0.879611611366272,0.8135581016540527,,0.8556851278923041,0.8780249425782459,0.857407641074091,0.8560112634912478,acc,0.8752205967903137,0.8752205967903137,0.8425958156585693,,0.8397156020400861,0.874027338890054,0.8379051646992894,0.8425679620455746
roman-empire,TAG,5,512,3e-05,0,4,"[3560, 3780, 3040, 1960]","[0.8793, 0.8768, 0.8782, 0.8743]","[0.8793, 0.8768, 0.8782, 0.8743]",acc,1.0,1.0,1.0290467798768077e-05,,1.0,1.0,1.0,1.0,acc,0.8824359774589539,0.8824359774589539,0.792531430721283,,0.858940894305626,0.8809261867846837,0.8617083804410943,0.857827079508726,acc,0.8775149583816528,0.8775149583816528,0.8302038311958313,,0.8437082709994299,0.8763221391718033,0.8422278090515334,0.8461252753457262
roman-empire,TAG,1,512,3e-05,1,4,"[1200, 1070, 1180, 860]","[0.8279, 0.8263, 0.8249, 0.8281]","[0.8279, 0.8263, 0.8249, 0.8281]",acc,0.9989410042762756,0.9989410042762756,0.009683707728981972,,0.998451449004262,0.9989405139213192,0.9989287538985718,0.9979821899855863,acc,0.8314209580421448,0.8314209580421448,0.7221881151199341,,0.7883405636984518,0.8283354569981373,0.7975279238629734,0.782952525291143,acc,0.828097403049469,0.828097403049469,0.7402146458625793,,0.7813920206846645,0.8248259984870618,0.7940601741641955,0.7727852364564716
roman-empire,TAG,2,512,3e-05,1,4,"[2170, 4990, 2480, 1800]","[0.853, 0.8658, 0.8572, 0.8572]","[0.853, 0.8658, 0.8572, 0.8572]",acc,1.0,1.0,1.1591269867494702e-05,,1.0,1.0,1.0,1.0,acc,0.8676080703735352,0.8676080703735352,0.8911436200141907,,0.834442701165665,0.865445990411352,0.8373813685116797,0.8333583092467126,acc,0.865337073802948,0.865337073802948,0.9090040326118469,,0.8343905106739566,0.8630552060422335,0.8434101787830254,0.8277800535983487
roman-empire,TAG,3,512,3e-05,1,4,"[2910, 3610, 2760, 1840]","[0.8777, 0.8745, 0.8764, 0.8699]","[0.8777, 0.8745, 0.8764, 0.8699]",acc,1.0,1.0,9.496901839156635e-06,,1.0,1.0,1.0,1.0,acc,0.8817299008369446,0.8817299008369446,0.8065412640571594,,0.8500346143266557,0.8801180160808835,0.8488117739074591,0.8529008046899592,acc,0.8808683156967163,0.8808683156967163,0.8098887205123901,,0.8528775287374684,0.879026035227438,0.8584670032568895,0.8496146585992767
roman-empire,TAG,4,512,3e-05,1,4,"[1460, 3310, 1870, 3450]","[0.8727, 0.8826, 0.8764, 0.88]","[0.8727, 0.8826, 0.8764, 0.88]",acc,1.0,1.0,1.495678134233458e-05,,1.0,1.0,1.0,1.0,acc,0.8854368925094604,0.8854368925094604,0.7627607583999634,,0.8526979812918052,0.8836987636444913,0.8527310457344016,0.8546272759448974,acc,0.8870455026626587,0.8870455026626587,0.7598784565925598,,0.859716839112222,0.8856780092383183,0.8662709706923531,0.8551999734511827
roman-empire,TAG,5,512,3e-05,1,4,"[3070, 4600, 2610, 3600]","[0.8821, 0.89, 0.8837, 0.8872]","[0.8821, 0.89, 0.8837, 0.8872]",acc,1.0,1.0,6.831929113104707e-06,,1.0,1.0,1.0,1.0,acc,0.8926742672920227,0.8926742672920227,0.7956461310386658,,0.8640532408995154,0.891087599828727,0.8640739184824064,0.8654680081022431,acc,0.8932226896286011,0.8932226896286011,0.7658670544624329,,0.8666082946072226,0.8918925498289508,0.8693407838805361,0.8654595425879755
roman-empire,TAG,1,512,3e-05,2,4,"[1110, 2260, 2030, 1210]","[0.8164, 0.821, 0.8155, 0.8122]","[0.8164, 0.821, 0.8155, 0.8122]",acc,1.0,1.0,0.001044558477587998,,1.0,1.0,1.0,1.0,acc,0.8208296298980713,0.8208296298980713,0.9142970442771912,,0.774145207300694,0.817329884139482,0.7869788524042592,0.7659435375208554,acc,0.8187433481216431,0.8187433481216431,0.8950911164283752,,0.7712588427027652,0.8152075943512515,0.7848827609245862,0.7613144195874814
roman-empire,TAG,2,512,3e-05,2,4,"[1990, 3510, 1730, 3200]","[0.844, 0.8505, 0.8431, 0.8459]","[0.844, 0.8505, 0.8431, 0.8459]",acc,1.0,1.0,1.7218229913851246e-05,,1.0,1.0,1.0,1.0,acc,0.8517210483551025,0.8517210483551025,0.9685685634613037,,0.8170974854993542,0.8497656380826923,0.8211804847175651,0.8150384918317427,acc,0.8554535508155823,0.8554535508155823,0.9111658334732056,,0.8213762415398198,0.8531820974070227,0.8273217450788019,0.817792819539147
roman-empire,TAG,3,512,3e-05,2,4,"[2360, 1500, 2060, 2250]","[0.86, 0.8583, 0.8611, 0.8575]","[0.86, 0.8583, 0.8611, 0.8575]",acc,1.0,1.0,3.788767207879573e-05,,1.0,1.0,1.0,1.0,acc,0.8656663298606873,0.8656663298606873,0.8467210531234741,,0.8329571678635943,0.8637974187516839,0.8352305395904979,0.8323078640300907,acc,0.8690434098243713,0.8690434098243713,0.8053727746009827,,0.8364068109795377,0.8675761696214714,0.8394893107248352,0.835079574861139
roman-empire,TAG,4,512,3e-05,2,4,"[4990, 3240, 1780, 4070]","[0.8688, 0.8718, 0.8625, 0.8664]","[0.8688, 0.8718, 0.8625, 0.8664]",acc,1.0,1.0,6.665149157925043e-06,,1.0,1.0,1.0,1.0,acc,0.8737863898277283,0.8737863898277283,0.8875315189361572,,0.8421150185932297,0.8719897239823394,0.8435482322936445,0.8416407059018383,acc,0.8824567198753357,0.8824567198753357,0.827335774898529,,0.8506580640718576,0.8809543970409976,0.8527889186360311,0.849574877368114
roman-empire,TAG,5,512,3e-05,2,4,"[3400, 1900, 4800, 2630]","[0.8703, 0.8718, 0.8748, 0.8701]","[0.8703, 0.8718, 0.8748, 0.8701]",acc,1.0,1.0,9.16377393878065e-06,,1.0,1.0,1.0,1.0,acc,0.8776698708534241,0.8776698708534241,0.8462222814559937,,0.847829638949838,0.8761418316603278,0.847938666437271,0.8486841164269612,acc,0.8859865665435791,0.8859865665435791,0.8114677667617798,,0.8566907298793258,0.8846512626639965,0.8586463554024452,0.855841477490123
roman-empire,TAG,1,512,3e-05,3,4,"[2440, 1390, 1420, 2270]","[0.8221, 0.8214, 0.8224, 0.8187]","[0.8221, 0.8214, 0.8224, 0.8187]",acc,0.9998235106468201,0.9998235106468201,0.0009127401281148195,,0.9998005903421537,0.999823493072103,0.9998005903421537,0.9998005903421537,acc,0.8270079493522644,0.8270079493522644,0.92852383852005,,0.7796822092769754,0.824466360081721,0.7923019645007514,0.7706964893925596,acc,0.8222731947898865,0.8222731947898865,0.8904927372932434,,0.7833975186889988,0.8196290433612838,0.7938814333018474,0.7756729234434351
roman-empire,TAG,2,512,3e-05,3,4,"[2770, 1030, 1830, 2620]","[0.8507, 0.8489, 0.8545, 0.8485]","[0.8507, 0.8489, 0.8545, 0.8485]",acc,1.0,1.0,8.657565922476351e-05,,1.0,1.0,1.0,1.0,acc,0.8610767722129822,0.8610767722129822,0.8634747266769409,,0.8272371230603346,0.8595668821205087,0.8323356923826191,0.8239911917393488,acc,0.8540416359901428,0.8540416359901428,0.8575121164321899,,0.8235068941076267,0.8516979349609168,0.8260721287702315,0.8228637415003356
roman-empire,TAG,3,512,3e-05,3,4,"[3040, 2640, 3190, 2600]","[0.8683, 0.8727, 0.8704, 0.8657]","[0.8683, 0.8727, 0.8704, 0.8657]",acc,1.0,1.0,9.085017154575326e-06,,1.0,1.0,1.0,1.0,acc,0.8781994581222534,0.8781994581222534,0.8727220296859741,,0.8470668837375741,0.876667488687136,0.8499035419113112,0.8454618468726178,acc,0.8695728778839111,0.8695728778839111,0.8722056746482849,,0.8417044525951486,0.8671622535677903,0.8422451722396102,0.8430334949534966
roman-empire,TAG,4,512,3e-05,3,4,"[4330, 3640, 3780, 1820]","[0.8828, 0.883, 0.8771, 0.8706]","[0.8828, 0.883, 0.8771, 0.8706]",acc,1.0,1.0,6.859065251774155e-06,,1.0,1.0,1.0,1.0,acc,0.8847307562828064,0.8847307562828064,0.8542612195014954,,0.8554435889412445,0.8834006245561139,0.8554394067784249,0.8564761062639028,acc,0.8775149583816528,0.8775149583816528,0.849245011806488,,0.8492083382136572,0.8756882710076471,0.8504185957103021,0.849703222602983
roman-empire,TAG,5,512,3e-05,3,4,"[2750, 2940, 3560, 3980]","[0.8761, 0.88, 0.8816, 0.8838]","[0.8761, 0.88, 0.8816, 0.8838]",acc,1.0,1.0,7.699151865381282e-06,,1.0,1.0,1.0,1.0,acc,0.8863194584846497,0.8863194584846497,0.8301092982292175,,0.8554349738236858,0.8851239951105917,0.8554582320577377,0.8564984332005379,acc,0.876985490322113,0.876985490322113,0.8302363753318787,,0.848436340015687,0.8753322904822648,0.8488804594535116,0.8497566642303354
roman-empire,TAG,1,512,3e-05,4,4,"[1740, 1330, 1070, 3800]","[0.8258, 0.8207, 0.8203, 0.8281]","[0.8258, 0.8207, 0.8203, 0.8281]",acc,0.9999117851257324,0.9999117851257324,0.0008070104522630572,,0.9998999794901763,0.9999117025490416,0.9999553770638108,0.999844816883923,acc,0.8312444686889648,0.8312444686889648,0.8810903429985046,,0.7916876872497234,0.828733371062752,0.8058237390165471,0.781802974263346,acc,0.8198022842407227,0.8198022842407227,0.9317214488983154,,0.7733943800510162,0.8166900110903332,0.7824760007578857,0.7692306543663098
roman-empire,TAG,2,512,3e-05,4,4,"[2330, 2930, 2110, 2570]","[0.853, 0.8556, 0.8521, 0.8514]","[0.853, 0.8556, 0.8521, 0.8514]",acc,1.0,1.0,4.1954208427341655e-05,,1.0,1.0,1.0,1.0,acc,0.8582524061203003,0.8582524061203003,0.916126549243927,,0.8293865475968475,0.8561293948448823,0.8370125307428293,0.8250244449124211,acc,0.8579244613647461,0.8579244613647461,0.9570109844207764,,0.8288838981949804,0.8553481446891935,0.8360060799071167,0.8262355865086375
roman-empire,TAG,3,512,3e-05,4,4,"[4580, 2680, 4590, 3330]","[0.8687, 0.8671, 0.8731, 0.8711]","[0.8687, 0.8671, 0.8731, 0.8711]",acc,1.0,1.0,4.090001311851665e-06,,1.0,1.0,1.0,1.0,acc,0.8760811686515808,0.8760811686515808,0.8905961513519287,,0.850998627631512,0.8741886717898973,0.8536112410046803,0.8503587073929444,acc,0.874514639377594,0.874514639377594,0.9246522188186646,,0.84751019692213,0.8725086250834747,0.8489632176373187,0.848746336904341
roman-empire,TAG,4,512,3e-05,4,4,"[3610, 2040, 3280, 1280]","[0.872, 0.8759, 0.8754, 0.8669]","[0.872, 0.8759, 0.8754, 0.8669]",acc,1.0,1.0,1.7302472770097665e-05,,1.0,1.0,1.0,1.0,acc,0.8780229091644287,0.8780229091644287,0.7802851796150208,,0.8522710570830698,0.8764084477296336,0.8542711792686201,0.8518122860140324,acc,0.8755735754966736,0.8755735754966736,0.8297268748283386,,0.8502684821145764,0.87368367354762,0.849257166397484,0.8534704526487895
roman-empire,TAG,5,512,3e-05,4,4,"[2770, 3220, 4220, 2260]","[0.8786, 0.8808, 0.8771, 0.8726]","[0.8786, 0.8808, 0.8771, 0.8726]",acc,1.0,1.0,9.693484571471345e-06,,1.0,1.0,1.0,1.0,acc,0.8854368925094604,0.8854368925094604,0.8013696074485779,,0.8603081789737839,0.8841111948667992,0.8621281665584649,0.8596698638496978,acc,0.8801623582839966,0.8801623582839966,0.8474459052085876,,0.8536376609658108,0.8785248795568197,0.8508001124545664,0.8582625805755542
roman-empire,TAG,1,512,3e-05,5,4,"[1650, 1090, 1520, 1580]","[0.8208, 0.8189, 0.8162, 0.818]","[0.8208, 0.8189, 0.8162, 0.818]",acc,0.9993822574615479,0.9993822574615479,0.002903442131355405,,0.9991280422638762,0.9993819200543621,0.9992025439220017,0.9990553580104271,acc,0.826654851436615,0.826654851436615,0.8315067887306213,,0.7815520885625983,0.8239551921000794,0.7965083244738769,0.7712320999172136,acc,0.8374514579772949,0.8374514579772949,0.7593885064125061,,0.7888709252985996,0.8353635727389176,0.8017351738604617,0.7807045673740823
roman-empire,TAG,2,512,3e-05,5,4,"[2470, 3760, 3740, 1260]","[0.8519, 0.8549, 0.8498, 0.8447]","[0.8519, 0.8549, 0.8498, 0.8447]",acc,1.0,1.0,1.6678826796123758e-05,,1.0,1.0,1.0,1.0,acc,0.8564871549606323,0.8564871549606323,0.9286249876022339,,0.8204600796317667,0.8542975656611995,0.8271324734103442,0.8160623220266816,acc,0.8667489886283875,0.8667489886283875,0.8109226822853088,,0.8289270826395853,0.8651909521609245,0.8351398642837468,0.8250357199570826
roman-empire,TAG,3,512,3e-05,5,4,"[1130, 2080, 4030, 2490]","[0.8597, 0.863, 0.8703, 0.8616]","[0.8597, 0.863, 0.8703, 0.8616]",acc,1.0,1.0,1.8329412341699935e-05,,1.0,1.0,1.0,1.0,acc,0.8690202832221985,0.8690202832221985,0.8221365213394165,,0.8355342455774047,0.8669939652531705,0.839627270850599,0.8330753809693333,acc,0.8831626772880554,0.8831626772880554,0.6949034333229065,,0.8471647563224518,0.8816517572172117,0.8518610388222441,0.8445636238656511
roman-empire,TAG,4,512,3e-05,5,4,"[2340, 3480, 3100, 4070]","[0.8704, 0.8733, 0.877, 0.8733]","[0.8704, 0.8733, 0.877, 0.8733]",acc,1.0,1.0,6.779462637496181e-06,,1.0,1.0,1.0,1.0,acc,0.879435122013092,0.879435122013092,0.8559044599533081,,0.8473883091948844,0.8777054909158283,0.8533762794316817,0.8429048276152481,acc,0.8941051363945007,0.8941051363945007,0.7148357629776001,,0.8620233272123746,0.8931265101227785,0.8654961176235769,0.8599743808628668
roman-empire,TAG,5,512,3e-05,5,4,"[2150, 2520, 2000, 4650]","[0.8726, 0.8738, 0.875, 0.8791]","[0.8726, 0.8738, 0.875, 0.8791]",acc,1.0,1.0,1.2183888429717626e-05,,1.0,1.0,1.0,1.0,acc,0.8822594881057739,0.8822594881057739,0.8005795478820801,,0.8531862814769898,0.880935822370464,0.8571688886500183,0.8503275179574412,acc,0.8937521576881409,0.8937521576881409,0.6910766363143921,,0.8598699219057016,0.8926774717616471,0.8631517937917946,0.8585666751249565
roman-empire,TAG,1,512,3e-05,6,4,"[1760, 1330, 2420, 3500]","[0.8162, 0.8173, 0.8161, 0.8177]","[0.8162, 0.8173, 0.8161, 0.8177]",acc,1.0,1.0,0.0003512664989102632,,1.0,1.0,1.0,1.0,acc,0.8240070343017578,0.8240070343017578,0.9642209410667419,,0.782726228320054,0.8218240952093733,0.7929397483251432,0.7756840771878158,acc,0.8279209136962891,0.8279209136962891,0.9492141604423523,,0.7830760153405242,0.825486010333207,0.7896896487559562,0.7784030751326484
roman-empire,TAG,2,512,3e-05,6,4,"[2960, 2400, 1690, 2450]","[0.8535, 0.8505, 0.8514, 0.8487]","[0.8535, 0.8505, 0.8514, 0.8487]",acc,1.0,1.0,2.3884547772468068e-05,,1.0,1.0,1.0,1.0,acc,0.8547219634056091,0.8547219634056091,0.9309898614883423,,0.8215247488353207,0.8529611391694675,0.8231207677175189,0.821574555019555,acc,0.8596893548965454,0.8596893548965454,0.8860856890678406,,0.8247071141160633,0.8579766702914182,0.8275726478402682,0.8241564610667866
roman-empire,TAG,3,512,3e-05,6,4,"[1670, 3800, 2660, 3780]","[0.868, 0.8632, 0.8671, 0.8662]","[0.868, 0.8632, 0.8671, 0.8662]",acc,1.0,1.0,8.953566975833382e-06,,1.0,1.0,1.0,1.0,acc,0.8714916110038757,0.8714916110038757,0.8810021877288818,,0.8417704544636256,0.8704052019788637,0.8417495081641084,0.8429350956671072,acc,0.8780444264411926,0.8780444264411926,0.8362554311752319,,0.8460701269809617,0.8765946969393836,0.8452940456024455,0.8478322354254144
roman-empire,TAG,4,512,3e-05,6,4,"[2510, 3400, 1770, 1900]","[0.8726, 0.8687, 0.8722, 0.866]","[0.8726, 0.8687, 0.8722, 0.866]",acc,1.0,1.0,1.6806025087134913e-05,,1.0,1.0,1.0,1.0,acc,0.8755516409873962,0.8755516409873962,0.8305540680885315,,0.8478324060866115,0.8746259641511689,0.845286583936188,0.8514267365952854,acc,0.8801623582839966,0.8801623582839966,0.7795640826225281,,0.850428480256054,0.8791554462115561,0.8483273890604212,0.8532816720845422
roman-empire,TAG,5,512,3e-05,6,4,"[3760, 1750, 4160, 3810]","[0.8821, 0.8683, 0.88, 0.8766]","[0.8821, 0.8683, 0.88, 0.8766]",acc,1.0,1.0,7.413627372443443e-06,,1.0,1.0,1.0,1.0,acc,0.8842012286186218,0.8842012286186218,0.8367160558700562,,0.8574814401552459,0.8830865936799012,0.8569110990384936,0.8591249545195049,acc,0.8852806091308594,0.8852806091308594,0.8026705384254456,,0.8537325519734438,0.8840522415991349,0.852469195199263,0.8558385144001643
roman-empire,TAG,1,512,3e-05,7,4,"[1130, 1800, 1270, 1500]","[0.8143, 0.8127, 0.8143, 0.8111]","[0.8143, 0.8127, 0.8143, 0.8111]",acc,0.9995587468147278,0.9995587468147278,0.00249881693162024,,0.9995037059054199,0.999558273112477,0.9996597287042239,0.9993487878969418,acc,0.8164165616035461,0.8164165616035461,0.8696905970573425,,0.7691063283431928,0.8142237962872048,0.7840450490475216,0.7587871758766961,acc,0.8217437267303467,0.8217437267303467,0.8627740740776062,,0.7796920958509522,0.8187256530391502,0.7939685413581987,0.7692644121451884
roman-empire,TAG,2,512,3e-05,7,4,"[1370, 3280, 1950, 1300]","[0.8406, 0.8475, 0.8427, 0.8415]","[0.8406, 0.8475, 0.8427, 0.8415]",acc,1.0,1.0,5.830031295772642e-05,,1.0,1.0,1.0,1.0,acc,0.8483671545982361,0.8483671545982361,0.8859893679618835,,0.8128528857293816,0.8465490030187235,0.8206728914164254,0.8073364014785614,acc,0.8563359975814819,0.8563359975814819,0.8920552730560303,,0.822929288359663,0.8546291100895098,0.8249948416173264,0.821970089845417
roman-empire,TAG,3,512,3e-05,7,4,"[1890, 2240, 1770, 1720]","[0.8609, 0.8597, 0.8605, 0.8568]","[0.8609, 0.8597, 0.8605, 0.8568]",acc,1.0,1.0,2.9546798032242805e-05,,1.0,1.0,1.0,1.0,acc,0.8644306659698486,0.8644306659698486,0.829469621181488,,0.8323472215254637,0.8627339212320762,0.8343421812002481,0.8319646320922995,acc,0.8646311163902283,0.8646311163902283,0.8521058559417725,,0.830739781835748,0.8636739221432422,0.8303674112987038,0.8323948413347184
roman-empire,TAG,4,512,3e-05,7,4,"[4880, 2990, 1780, 3520]","[0.8733, 0.8665, 0.8618, 0.8697]","[0.8733, 0.8665, 0.8618, 0.8697]",acc,1.0,1.0,7.802974323567469e-06,,1.0,1.0,1.0,1.0,acc,0.8743159770965576,0.8743159770965576,0.8743746876716614,,0.8444280172991336,0.873220439934878,0.8485963560885401,0.8413286558671366,acc,0.8776914477348328,0.8776914477348328,0.8812606930732727,,0.8453301492279492,0.8765337147181699,0.8478065505984568,0.8448344947039033
roman-empire,TAG,5,512,3e-05,7,4,"[2250, 2060, 2770, 3380]","[0.8674, 0.8646, 0.8692, 0.8706]","[0.8674, 0.8646, 0.8692, 0.8706]",acc,1.0,1.0,1.3993620996188838e-05,,1.0,1.0,1.0,1.0,acc,0.8714916110038757,0.8714916110038757,0.8399867415428162,,0.8394735544193583,0.8700816454030028,0.8399974819701098,0.8401221521842631,acc,0.8746911287307739,0.8746911287307739,0.8652182817459106,,0.8432312315899456,0.8738238358189908,0.8425510651517616,0.8454988641792086
roman-empire,TAG,1,512,3e-05,8,4,"[1150, 1350, 3030, 1370]","[0.8129, 0.8141, 0.8164, 0.8138]","[0.8129, 0.8141, 0.8164, 0.8138]",acc,0.9998235106468201,0.9998235106468201,0.0012406868627294898,,0.9997971684540262,0.9998232844002982,0.9999047441481507,0.9996904982977407,acc,0.8213592171669006,0.8213592171669006,0.8471353650093079,,0.7765797461647888,0.8183296324867037,0.7893851119938677,0.7694837803375526,acc,0.8219202160835266,0.8219202160835266,0.8532835245132446,,0.7733574728882547,0.8200151310700684,0.7835185561176312,0.7669641346436236
roman-empire,TAG,2,512,3e-05,8,4,"[4320, 2290, 2310, 2560]","[0.8551, 0.8533, 0.8466, 0.8492]","[0.8551, 0.8533, 0.8466, 0.8492]",acc,1.0,1.0,1.3822302207699977e-05,,1.0,1.0,1.0,1.0,acc,0.8605471849441528,0.8605471849441528,0.9037428498268127,,0.8271728888420534,0.858396726335623,0.8354080008278273,0.8221504526560217,acc,0.8573949337005615,0.8573949337005615,0.9712550640106201,,0.826104823688226,0.8557684634305122,0.829346408264158,0.8250624628424928
roman-empire,TAG,3,512,3e-05,8,4,"[1840, 3550, 2620, 2450]","[0.86, 0.8655, 0.862, 0.8639]","[0.86, 0.8655, 0.862, 0.8639]",acc,1.0,1.0,1.1967748832830694e-05,,1.0,1.0,1.0,1.0,acc,0.8691967725753784,0.8691967725753784,0.8336485028266907,,0.8429016337530443,0.867655994580751,0.8494323024626874,0.8395743046983449,acc,0.8672784566879272,0.8672784566879272,0.8859420418739319,,0.8336765821867365,0.8656093037256269,0.8344360795175672,0.835368394721471
roman-empire,TAG,4,512,3e-05,8,4,"[2290, 3340, 1210, 4790]","[0.8694, 0.8718, 0.8627, 0.8743]","[0.8694, 0.8718, 0.8627, 0.8743]",acc,1.0,1.0,1.2704957043752074e-05,,1.0,1.0,1.0,1.0,acc,0.8778464198112488,0.8778464198112488,0.8185663819313049,,0.8481452311383397,0.8761153839353226,0.8506731421809409,0.8484199834744994,acc,0.8782209157943726,0.8782209157943726,0.8521862626075745,,0.8484807617732012,0.8767501778745279,0.8489322717563283,0.8498633999450609
roman-empire,TAG,5,512,3e-05,8,4,"[3230, 1980, 1930, 2710]","[0.8727, 0.8715, 0.8694, 0.8708]","[0.8727, 0.8715, 0.8694, 0.8708]",acc,1.0,1.0,1.6414251149399206e-05,,1.0,1.0,1.0,1.0,acc,0.8790820837020874,0.8790820837020874,0.7886009216308594,,0.8515276312475281,0.878021159765293,0.8538545485510013,0.850944266085115,acc,0.8783974051475525,0.8783974051475525,0.8445510268211365,,0.8492006480080196,0.8772012689205279,0.8477499751161669,0.8524390519355708
roman-empire,TAG,1,512,3e-05,9,4,"[3210, 1500, 1340, 1080]","[0.8226, 0.8207, 0.8169, 0.8205]","[0.8226, 0.8207, 0.8169, 0.8205]",acc,0.9996470212936401,0.9996470212936401,0.0013426145305857062,,0.9994207094314516,0.9996468421755054,0.9994471939783244,0.9993958469093107,acc,0.8268314003944397,0.8268314003944397,0.8713386058807373,,0.779673760663704,0.8238480510675501,0.7928997764949272,0.7710359160951089,acc,0.8217437267303467,0.8217437267303467,0.8485353589057922,,0.776134692801244,0.8191043043954078,0.7805393522829592,0.7748644981025652
roman-empire,TAG,2,512,3e-05,9,4,"[4850, 1610, 1480, 950]","[0.8588, 0.8496, 0.8531, 0.853]","[0.8588, 0.8496, 0.8531, 0.853]",acc,1.0,1.0,7.87358294473961e-05,,1.0,1.0,1.0,1.0,acc,0.8610767722129822,0.8610767722129822,0.8226763606071472,,0.8241669035081929,0.8583229476006538,0.8294516463734535,0.8215861328145445,acc,0.8556300401687622,0.8556300401687622,0.8232542276382446,,0.8228599031026266,0.8540562943136031,0.8222169296183373,0.8249037230752141
roman-empire,TAG,3,512,3e-05,9,4,"[2740, 2610, 2050, 2100]","[0.872, 0.8687, 0.871, 0.8697]","[0.872, 0.8687, 0.871, 0.8697]",acc,1.0,1.0,1.557724863232579e-05,,1.0,1.0,1.0,1.0,acc,0.879611611366272,0.879611611366272,0.804344654083252,,0.848296058535787,0.8770974672403513,0.8503652837709976,0.8481322412556285,acc,0.8746911287307739,0.8746911287307739,0.8154380321502686,,0.8391022274701638,0.8730691193356568,0.8362535088205937,0.8435815336999858
roman-empire,TAG,4,512,3e-05,9,4,"[2870, 4330, 3750, 4310]","[0.8816, 0.8798, 0.877, 0.8814]","[0.8816, 0.8798, 0.877, 0.8814]",acc,1.0,1.0,4.691261892730836e-06,,1.0,1.0,1.0,1.0,acc,0.8880847096443176,0.8880847096443176,0.8101822137832642,,0.856162797069983,0.8859954271084994,0.8588158423659968,0.8554245776159972,acc,0.8843981623649597,0.8843981623649597,0.8486350774765015,,0.852508377538959,0.8830527009797482,0.8516267715925836,0.8547837217903956
roman-empire,TAG,5,512,3e-05,9,4,"[2470, 1990, 3080, 2950]","[0.8798, 0.8787, 0.8821, 0.8798]","[0.8798, 0.8787, 0.8821, 0.8798]",acc,1.0,1.0,1.3661919183505233e-05,,1.0,1.0,1.0,1.0,acc,0.8875551223754883,0.8875551223754883,0.7549261450767517,,0.8579966601240739,0.8854746510796373,0.8600323650574166,0.8580684865695868,acc,0.8828096985816956,0.8828096985816956,0.7750851511955261,,0.8498738663331226,0.8812891412908451,0.8469126962700907,0.8542805765578432
