dataset,model,num_layers,hidden_dim,lr,split,best_step,train_metric_name,train_metric,train_acc,train_loss,train_roc_auc,train_f1_macro,train_f1_weighted,train_prec_macro,train_rec_macro,val_metric_name,val_metric,val_acc,val_loss,val_roc_auc,val_f1_macro,val_f1_weighted,val_prec_macro,val_rec_macro,test_metric_name,test_metric,test_acc,test_loss,test_roc_auc,test_f1_macro,test_f1_weighted,test_prec_macro,test_rec_macro
roman-empire,ResNet,1,512,3e-05,0,860,acc,0.7093813419342041,0.7093813419342041,0.866587221622467,,0.6030789688443551,0.6842506659341372,0.6636455171394618,0.6209567434384444,acc,0.6571933031082153,0.6571933031082153,1.1090402603149414,,0.5278741434451034,0.6274114039392795,0.54672266065053,0.555678852978628,acc,0.6526650190353394,0.6526650190353394,1.1043611764907837,,0.5197120612394163,0.6217488477706712,0.5265434530112857,0.5530191602593804
roman-empire,ResNet,2,512,3e-05,0,940,acc,0.721825122833252,0.721825122833252,0.8221432566642761,,0.6259968881913959,0.6995772483945022,0.6847306962826862,0.6501737165985945,acc,0.65754634141922,0.65754634141922,1.111136555671692,,0.5282480688411411,0.627955566905409,0.5431231039583486,0.5640303994498775,acc,0.6567242741584778,0.6567242741584778,1.103129267692566,,0.524292887220727,0.6267388257261969,0.5232929160964965,0.5643523172436313
roman-empire,ResNet,3,512,3e-05,0,800,acc,0.7063807249069214,0.7063807249069214,0.8598843812942505,,0.5953966879403043,0.678002496187815,0.6986341735747535,0.6183514965696623,acc,0.6589584946632385,0.6589584946632385,1.0888925790786743,,0.5268934770680456,0.625983894180821,0.5550830384040977,0.5582639820001699,acc,0.658136248588562,0.658136248588562,1.0850406885147095,,0.5225107003781269,0.6239452977699823,0.5337337686990484,0.5596489299320734
roman-empire,ResNet,4,512,3e-05,0,740,acc,0.7002912759780884,0.7002912759780884,0.8705984354019165,,0.5865042282824532,0.6698907968751785,0.6931671592123103,0.6111148286212901,acc,0.6571933031082153,0.6571933031082153,1.0846400260925293,,0.5211481007533121,0.6213095549657438,0.5487763561313824,0.5552588802688033,acc,0.6521355509757996,0.6521355509757996,1.074509620666504,,0.5186848091839446,0.6174474717716105,0.5288769515753684,0.5555509697298479
roman-empire,ResNet,5,512,3e-05,0,1090,acc,0.7322390079498291,0.7322390079498291,0.7665437459945679,,0.646810035290668,0.7132499528294154,0.6999858192406844,0.6708595439453992,acc,0.6586054563522339,0.6586054563522339,1.0999315977096558,,0.5368291024141525,0.6322272777777543,0.5479620334221854,0.5712116753583024,acc,0.6586657166481018,0.6586657166481018,1.08746337890625,,0.5388645983659445,0.6327360221836091,0.5367493723715747,0.5765804016867986
roman-empire,ResNet,1,512,3e-05,1,1810,acc,0.788103461265564,0.788103461265564,0.5992144346237183,,0.7272269704872679,0.7810635885138337,0.7555700690440644,0.7383654273771906,acc,0.6610767841339111,0.6610767841339111,1.2169479131698608,,0.5492595149217137,0.6394215286798405,0.5530175034082295,0.5817908585062262,acc,0.6604306101799011,0.6604306101799011,1.1967072486877441,,0.5456862449188736,0.6390052658080884,0.5427401957785221,0.5750169482927909
roman-empire,ResNet,2,512,3e-05,1,1180,acc,0.7480363845825195,0.7480363845825195,0.7254875302314758,,0.6645735253618522,0.7325778929675324,0.7188719424696003,0.6850876619527535,acc,0.6582524180412292,0.6582524180412292,1.1417789459228516,,0.5411865913215335,0.6333737561913533,0.5423494876193967,0.5789516265875339,acc,0.6616660356521606,0.6616660356521606,1.1223825216293335,,0.5446463078583262,0.6364864418671785,0.5405462032058322,0.5784132298159324
roman-empire,ResNet,3,512,3e-05,1,1090,acc,0.7317977547645569,0.7317977547645569,0.7644205689430237,,0.6428081599426371,0.7129254274050487,0.6981706065416695,0.6701501153602603,acc,0.6594880819320679,0.6594880819320679,1.1245884895324707,,0.5396000949346283,0.6339444925992049,0.5555587268057134,0.5806460155736318,acc,0.660607099533081,0.660607099533081,1.0970836877822876,,0.5379457904616838,0.6326849204591758,0.5331007929664144,0.5779528106398213
roman-empire,ResNet,4,512,3e-05,1,730,acc,0.7017033100128174,0.7017033100128174,0.8694430589675903,,0.5880849875540819,0.6737068173076163,0.6733078952945478,0.620338800668478,acc,0.6584289073944092,0.6584289073944092,1.0900182723999023,,0.5274855026153957,0.6266090011796511,0.5437816299502533,0.5690913749547775,acc,0.660783588886261,0.660783588886261,1.0671330690383911,,0.5264667048271299,0.6269357993126254,0.5284141876426023,0.5675591944202262
roman-empire,ResNet,5,512,3e-05,1,750,acc,0.7040861248970032,0.7040861248970032,0.8660033941268921,,0.5975266653248058,0.6782537663081837,0.6781152851190806,0.6260321522307986,acc,0.656663715839386,0.656663715839386,1.0916270017623901,,0.5320052449589014,0.6272470274168354,0.5421760470375847,0.5719079094995176,acc,0.6591951847076416,0.6591951847076416,1.0672050714492798,,0.5361446023917656,0.6290263854474826,0.5397716100232883,0.5710861169505701
roman-empire,ResNet,1,512,3e-05,2,850,acc,0.7142353057861328,0.7142353057861328,0.8462849855422974,,0.6118008887450572,0.6950324572109554,0.6453015291730712,0.6306563415583222,acc,0.6589584946632385,0.6589584946632385,1.1222251653671265,,0.5319034000842123,0.6327520169058498,0.5392978425947708,0.5590408175249614,acc,0.6593716740608215,0.6593716740608215,1.0966980457305908,,0.5326641907913956,0.6333518015803269,0.5522096390010318,0.5592194371636711
roman-empire,ResNet,2,512,3e-05,2,710,acc,0.7028505802154541,0.7028505802154541,0.8769172430038452,,0.597612133518465,0.6789684683969878,0.6286298323723414,0.6231621052296573,acc,0.6559576392173767,0.6559576392173767,1.1265583038330078,,0.528414229967034,0.6259835483154129,0.5429629046763179,0.5601637422572969,acc,0.6554888486862183,0.6554888486862183,1.10029935836792,,0.5301400174897963,0.6264413692551145,0.5481182026622843,0.5601762657116599
roman-empire,ResNet,3,512,3e-05,2,700,acc,0.7030271291732788,0.7030271291732788,0.8683747053146362,,0.601021760307614,0.6810997252004112,0.6252098309240235,0.6298703628165282,acc,0.6577228307723999,0.6577228307723999,1.1115975379943848,,0.5341214469077074,0.6289626565687901,0.5447170470285341,0.5669857312264082,acc,0.6567242741584778,0.6567242741584778,1.08704674243927,,0.5340589622267593,0.6294286258984064,0.5468684896392606,0.5649382504203826
roman-empire,ResNet,4,512,3e-05,2,880,acc,0.7173241972923279,0.7173241972923279,0.8120568990707397,,0.6202450926621323,0.6986927284238588,0.6894032405788376,0.6511890991602488,acc,0.6573697924613953,0.6573697924613953,1.1113154888153076,,0.5397693422766987,0.633407314666488,0.5433943501442068,0.5727368990929392,acc,0.6533709764480591,0.6533709764480591,1.0819274187088013,,0.534868417790446,0.6291628336757387,0.5389642809325317,0.5683981303216501
roman-empire,ResNet,5,512,3e-05,2,780,acc,0.7023210525512695,0.7023210525512695,0.8505998253822327,,0.5950815784266985,0.6766505131636567,0.6268433758072359,0.6243342866781132,acc,0.6564871668815613,0.6564871668815613,1.1004756689071655,,0.5312223423167347,0.6248932677048628,0.5428744269679534,0.5644817579441609,acc,0.6590186953544617,0.6590186953544617,1.0742157697677612,,0.5328248814852585,0.6286829614058425,0.5532412938357365,0.5641413809769861
roman-empire,ResNet,1,512,3e-05,3,990,acc,0.7205895781517029,0.7205895781517029,0.825164794921875,,0.6147228518967008,0.7008183395767573,0.6867263608849122,0.6330302953850654,acc,0.6559576392173767,0.6559576392173767,1.1042877435684204,,0.5340705826866102,0.6313293565539354,0.5419792056440906,0.5609906446077395,acc,0.6586657166481018,0.6586657166481018,1.09572434425354,,0.5335536944239522,0.6346577929877883,0.5464245137838794,0.5619455217508075
roman-empire,ResNet,2,512,3e-05,3,970,acc,0.7242962121963501,0.7242962121963501,0.8075713515281677,,0.6214554683642268,0.7042467185656862,0.6906892043008519,0.6448734533641581,acc,0.6577228307723999,0.6577228307723999,1.098556637763977,,0.5341674476461731,0.6318988552550665,0.5367241081336924,0.5661494279668428,acc,0.6673137545585632,0.6673137545585632,1.0885329246520996,,0.5419665647891102,0.6414199578741778,0.5428715368938551,0.574852108857944
roman-empire,ResNet,3,512,3e-05,3,770,acc,0.7014385461807251,0.7014385461807251,0.8697942495346069,,0.5861204517164897,0.6731164665727289,0.6254947066094133,0.6120051186887306,acc,0.6533097624778748,0.6533097624778748,1.0824471712112427,,0.5214521949648551,0.6201936644301768,0.536321731167129,0.5538302302938642,acc,0.6544299125671387,0.6544299125671387,1.0852235555648804,,0.5200941241582409,0.6218155315337701,0.5304729207150406,0.5535296880846866
roman-empire,ResNet,4,512,3e-05,3,990,acc,0.7194422483444214,0.7194422483444214,0.7922679781913757,,0.6206407292382352,0.6978072266097999,0.6877534038517381,0.642046484656368,acc,0.6556046009063721,0.6556046009063721,1.078620433807373,,0.5324726434927162,0.6278209648431482,0.5428292910642896,0.5630490960947168,acc,0.6618425250053406,0.6618425250053406,1.0690909624099731,,0.5397596256906518,0.634496265338535,0.5580462593808941,0.5692288810579966
roman-empire,ResNet,5,512,3e-05,3,980,acc,0.7187362313270569,0.7187362313270569,0.7948070764541626,,0.6137702347336789,0.695679403016467,0.6974731434395823,0.6358035943820564,acc,0.6552515029907227,0.6552515029907227,1.0711610317230225,,0.5279805891256161,0.6262414185603662,0.5344583143590459,0.5602602916179945,acc,0.6657253503799438,0.6657253503799438,1.0634894371032715,,0.5389116299467428,0.6370148743658599,0.544647237913368,0.5707383226705489
roman-empire,ResNet,1,512,3e-05,4,850,acc,0.719971776008606,0.719971776008606,0.8536827564239502,,0.6108374392980238,0.7006579538783382,0.6468913333114633,0.6251449279094652,acc,0.6563106775283813,0.6563106775283813,1.1178020238876343,,0.5305396826537252,0.6303125675661315,0.5383839076730172,0.5591050851719375,acc,0.6544299125671387,0.6544299125671387,1.125706434249878,,0.5343039124178497,0.6293801906696244,0.5462722411447554,0.5617879119150292
roman-empire,ResNet,2,512,3e-05,4,560,acc,0.6968493461608887,0.6968493461608887,0.9356122612953186,,0.5730396850647523,0.666626543392932,0.6349754626532821,0.5939723398992801,acc,0.654898464679718,0.654898464679718,1.1420272588729858,,0.5172586564733225,0.6185469433234653,0.5418442785756907,0.5510178245017854,acc,0.6567242741584778,0.6567242741584778,1.1415328979492188,,0.524042596270952,0.623186267628002,0.5608377921279952,0.5548485010410588
roman-empire,ResNet,3,512,3e-05,4,680,acc,0.7085870504379272,0.7085870504379272,0.8805692195892334,,0.6022053112699925,0.683798179066178,0.6933285609866681,0.6233835805892503,acc,0.6547219753265381,0.6547219753265381,1.1189393997192383,,0.5283396901422999,0.6241796578607229,0.5388984993894349,0.5624232101455413,acc,0.6554888486862183,0.6554888486862183,1.1217625141143799,,0.5338893960493132,0.6257668701313208,0.5455373491513136,0.5663988547933303
roman-empire,ResNet,4,512,3e-05,4,600,acc,0.6968493461608887,0.6968493461608887,0.9157888889312744,,0.5795838025797155,0.6662991547687754,0.6391410057681794,0.6028930138036906,acc,0.6563106775283813,0.6563106775283813,1.1214134693145752,,0.5196604561942193,0.6189870666361525,0.5416525488174001,0.5571199129926229,acc,0.6524885296821594,0.6524885296821594,1.1233465671539307,,0.5203929307344849,0.6178998618436119,0.5502852907859165,0.5552979181922484
roman-empire,ResNet,5,512,3e-05,4,870,acc,0.7172359228134155,0.7172359228134155,0.8270992040634155,,0.6132716901398931,0.6950892440801745,0.6971259638793759,0.6370209136925741,acc,0.6568402051925659,0.6568402051925659,1.1050868034362793,,0.5330945149287598,0.6278542125593707,0.5404773630336019,0.5694430480683491,acc,0.6544299125671387,0.6544299125671387,1.1065692901611328,,0.5360988449421745,0.6277013391159484,0.5430271219445798,0.569801370395398
roman-empire,ResNet,1,512,3e-05,5,1190,acc,0.7335628271102905,0.7335628271102905,0.7770522832870483,,0.650916020847211,0.7152019865834971,0.7152025100479158,0.6637128411116963,acc,0.6578993797302246,0.6578993797302246,1.1202431917190552,,0.5393054669701315,0.6298964921236941,0.549282400315753,0.5665083140154089,acc,0.6637839674949646,0.6637839674949646,1.0796253681182861,,0.5468302974931354,0.6376142487080761,0.5590632902999504,0.5756520373308737
roman-empire,ResNet,2,512,3e-05,5,920,acc,0.7150295972824097,0.7150295972824097,0.8393756151199341,,0.6183568370221038,0.6905997845036215,0.6897100560537529,0.6389402272397007,acc,0.6637246012687683,0.6637246012687683,1.1093618869781494,,0.5399772168990081,0.6333100728886741,0.6126848321043205,0.5696879216227574,acc,0.6641369462013245,0.6641369462013245,1.0648705959320068,,0.5453781472823238,0.6343100646013929,0.5615256682058947,0.5781851951724117
roman-empire,ResNet,3,512,3e-05,5,1100,acc,0.7296796441078186,0.7296796441078186,0.7837523818016052,,0.6462287566014896,0.7120327408404442,0.699464983255642,0.6628731126929567,acc,0.664077639579773,0.664077639579773,1.1082841157913208,,0.5440373910235765,0.6363291793866979,0.5697550247461307,0.5737420604586907,acc,0.6637839674949646,0.6637839674949646,1.0637933015823364,,0.5495048423684471,0.6379149878108715,0.5685134948024062,0.5842184015840094
roman-empire,ResNet,4,512,3e-05,5,1140,acc,0.7312682271003723,0.7312682271003723,0.7648351788520813,,0.6433768456658201,0.7120610245526144,0.7122810127488511,0.663998505464508,acc,0.664077639579773,0.664077639579773,1.1025722026824951,,0.5440696585498257,0.6367189359771825,0.5699756926447237,0.5753289985230224,acc,0.6669607758522034,0.6669607758522034,1.0548458099365234,,0.5504636061982254,0.6412228622057242,0.5593251980869062,0.5854497943110757
roman-empire,ResNet,5,512,3e-05,5,810,acc,0.7017033100128174,0.7017033100128174,0.8577061891555786,,0.591285998396615,0.6741795699555891,0.6807332038224883,0.6206926229008007,acc,0.6644306778907776,0.6644306778907776,1.0866215229034424,,0.5345137551128564,0.6316825253656958,0.6090340609901542,0.5701689410478665,acc,0.6674902439117432,0.6674902439117432,1.0441433191299438,,0.5398893947220078,0.6348248290768745,0.5538847653625854,0.5810489204270434
roman-empire,ResNet,1,512,3e-05,6,1150,acc,0.7381519675254822,0.7381519675254822,0.7766830325126648,,0.6347767030179521,0.7174582746349933,0.7231047473144754,0.6371971421101859,acc,0.6609002351760864,0.6609002351760864,1.1246758699417114,,0.5317314677105631,0.6336571794880173,0.5477126397593072,0.5487264786671537,acc,0.6544299125671387,0.6544299125671387,1.1384308338165283,,0.5259613673457617,0.6258370096796433,0.5470983590589213,0.5430165298858817
roman-empire,ResNet,2,512,3e-05,6,1010,acc,0.7294148802757263,0.7294148802757263,0.78453528881073,,0.6357611091205908,0.7094757869953011,0.70540335269314,0.6613581838534098,acc,0.6578993797302246,0.6578993797302246,1.1101514101028442,,0.539852631693403,0.632826845196263,0.5450058488139609,0.5734039218633091,acc,0.6528415083885193,0.6528415083885193,1.1290509700775146,,0.5344440801335268,0.6253144671588069,0.5397857473049888,0.571430289489417
roman-empire,ResNet,3,512,3e-05,6,680,acc,0.6964080929756165,0.6964080929756165,0.8936721682548523,,0.5752999044429976,0.6658134567434313,0.6733609660187317,0.6065319505335752,acc,0.6586054563522339,0.6586054563522339,1.0789610147476196,,0.5239091418199495,0.6259363052165712,0.5395547618935201,0.5587422951081705,acc,0.6503705978393555,0.6503705978393555,1.1007671356201172,,0.5219007810117788,0.6166700383190991,0.5370121539718133,0.5568582987309708
roman-empire,ResNet,4,512,3e-05,6,1020,acc,0.7284440994262695,0.7284440994262695,0.7803933024406433,,0.6358728304770499,0.7087341888320937,0.7019985148266904,0.6652946411260536,acc,0.6563106775283813,0.6563106775283813,1.0919212102890015,,0.5380394029812045,0.6313821731967968,0.5346980523681573,0.5750976707989566,acc,0.6540769338607788,0.6540769338607788,1.1060162782669067,,0.5379212779561727,0.627955905396988,0.5410718559740348,0.5766544711057673
roman-empire,ResNet,5,512,3e-05,6,1130,acc,0.7364751696586609,0.7364751696586609,0.7499744892120361,,0.6421839502829179,0.7141326337446778,0.7167144189192302,0.6530026837614058,acc,0.6591350436210632,0.6591350436210632,1.0913677215576172,,0.5312529175159398,0.6313974386121848,0.5494423733518305,0.5531393969049113,acc,0.6539004445075989,0.6539004445075989,1.11231529712677,,0.5294293780795032,0.6253408732968682,0.5440178458736804,0.5519708397201364
roman-empire,ResNet,1,512,3e-05,7,1000,acc,0.7239431738853455,0.7239431738853455,0.8325173258781433,,0.6142233053131315,0.6989421251661477,0.7116710860846935,0.6204638917232995,acc,0.6582524180412292,0.6582524180412292,1.1042286157608032,,0.524427261006399,0.6276049814342768,0.548649636961971,0.5389333548403665,acc,0.662725031375885,0.662725031375885,1.1124221086502075,,0.5280543653722746,0.63062343371787,0.5794089254702589,0.5417675157339779
roman-empire,ResNet,2,512,3e-05,7,1180,acc,0.7372694611549377,0.7372694611549377,0.7659263610839844,,0.641372845871938,0.7180632738960396,0.7164030458238836,0.667912224108131,acc,0.6571933031082153,0.6571933031082153,1.1218808889389038,,0.5344324333411995,0.6307144627051506,0.5401312084725333,0.57237743989378,acc,0.6657253503799438,0.6657253503799438,1.131905436515808,,0.5416476600473769,0.6378791114457822,0.5451455589846304,0.5776345404020399
roman-empire,ResNet,3,512,3e-05,7,1050,acc,0.7317977547645569,0.7317977547645569,0.7649163603782654,,0.6354654282531946,0.7102622830051727,0.710600416761656,0.6636153604542624,acc,0.6550750136375427,0.6550750136375427,1.0998855829238892,,0.5320721636095022,0.6275877316773447,0.5355084745026294,0.5724129348065475,acc,0.660783588886261,0.660783588886261,1.114879846572876,,0.5344810994430264,0.6299478346363208,0.5413441691360443,0.5722623189809326
roman-empire,ResNet,4,512,3e-05,7,1050,acc,0.7281793355941772,0.7281793355941772,0.7720856666564941,,0.630857832009009,0.7063112958440959,0.7064314117047226,0.6608080110338687,acc,0.6547219753265381,0.6547219753265381,1.0853525400161743,,0.5354791508315428,0.6291879958569124,0.5381734350322097,0.5743499633379568,acc,0.6602541208267212,0.6602541208267212,1.0950311422348022,,0.537535610393819,0.6307915316385819,0.5418691338567256,0.5741476613644897
roman-empire,ResNet,5,512,3e-05,7,960,acc,0.7188245058059692,0.7188245058059692,0.7972213625907898,,0.6154582440781361,0.6949146209915459,0.6979701725343928,0.6462755825268219,acc,0.6547219753265381,0.6547219753265381,1.0800107717514038,,0.5305436887332453,0.6269001782941283,0.5403620195311208,0.5703251972324437,acc,0.6643134355545044,0.6643134355545044,1.0886160135269165,,0.5377862444281719,0.6334581579812943,0.5446042222279457,0.5754772722381748
roman-empire,ResNet,1,512,3e-05,8,1040,acc,0.7237666845321655,0.7237666845321655,0.8129303455352783,,0.6245150758714764,0.7038452136690448,0.6975706117174927,0.647854328534888,acc,0.6580758690834045,0.6580758690834045,1.1185227632522583,,0.5292245486084473,0.6280900537276237,0.5336876906951186,0.5614875527572163,acc,0.6621955037117004,0.6621955037117004,1.1074103116989136,,0.539874486719225,0.6362543474186436,0.5390387416318947,0.5739477824761957
roman-empire,ResNet,2,512,3e-05,8,1140,acc,0.739564061164856,0.739564061164856,0.7507274746894836,,0.6497503201628767,0.7226116346147623,0.7046472464673854,0.6768623524894279,acc,0.655781090259552,0.655781090259552,1.1370295286178589,,0.5301366213331993,0.6280610015852103,0.5457822664985913,0.5672155532187468,acc,0.6621955037117004,0.6621955037117004,1.1147303581237793,,0.5454339953668498,0.6375523993431602,0.5506637835208088,0.5847110946543876
roman-empire,ResNet,3,512,3e-05,8,990,acc,0.7205013036727905,0.7205013036727905,0.8108197450637817,,0.6223247339502339,0.6993774398417612,0.6805513028256959,0.6542858014294989,acc,0.6582524180412292,0.6582524180412292,1.1063027381896973,,0.5325486195480595,0.630164415913387,0.5888417559382062,0.5698652797046359,acc,0.6616660356521606,0.6616660356521606,1.0834959745407104,,0.5437070995535198,0.6369805401918637,0.5665532216365998,0.5835847113004854
roman-empire,ResNet,4,512,3e-05,8,760,acc,0.7040861248970032,0.7040861248970032,0.8622190356254578,,0.5953451217262875,0.6780985618202998,0.6212993403773475,0.6287470220973835,acc,0.6520740985870361,0.6520740985870361,1.0967329740524292,,0.5204230977254016,0.619892160642771,0.5272602364984218,0.5607050961505855,acc,0.6590186953544617,0.6590186953544617,1.0798048973083496,,0.5310175090800695,0.6290518040901165,0.5308743900245939,0.5725257789150675
roman-empire,ResNet,5,512,3e-05,8,1110,acc,0.7276498079299927,0.7276498079299927,0.7712031602859497,,0.6296241892522303,0.7070027617320536,0.7015795854362771,0.6640200478618133,acc,0.6593115329742432,0.6593115329742432,1.108644962310791,,0.5362617541977867,0.6316466690557152,0.5387518201794039,0.5727888321348281,acc,0.6613130569458008,0.6613130569458008,1.083581566810608,,0.5389313570038067,0.6359232993024035,0.5342973496327827,0.5812460334559515
roman-empire,ResNet,1,512,3e-05,9,760,acc,0.7038214206695557,0.7038214206695557,0.8771263360977173,,0.588160828755525,0.6736596183374344,0.680020704783013,0.5898318647821147,acc,0.6571933031082153,0.6571933031082153,1.0999423265457153,,0.5196247039433907,0.6215682686825829,0.5544504700197669,0.533183484914127,acc,0.6560183167457581,0.6560183167457581,1.1169049739837646,,0.5151702264708826,0.6199617307081745,0.5447612626742218,0.5341055307475342
roman-empire,ResNet,2,512,3e-05,9,610,acc,0.6948195099830627,0.6948195099830627,0.9077936410903931,,0.5679632191114204,0.6587489828968593,0.6458147688357148,0.5769332036698656,acc,0.6603707075119019,0.6603707075119019,1.1005159616470337,,0.5206581639453376,0.6195586627321944,0.5816039911233295,0.5354189069875195,acc,0.6539004445075989,0.6539004445075989,1.1214441061019897,,0.5051693262834076,0.6099266588659638,0.5396688978203763,0.5302712120564055
roman-empire,ResNet,3,512,3e-05,9,840,acc,0.714676558971405,0.714676558971405,0.8356322050094604,,0.6025448885027904,0.6860132275128703,0.6858485149301294,0.6114458328801715,acc,0.6637246012687683,0.6637246012687683,1.0865838527679443,,0.5304248072303201,0.6288029533799132,0.5702592245532592,0.548394571686198,acc,0.6556653380393982,0.6556653380393982,1.1071603298187256,,0.5173975286715357,0.6188633987280174,0.5476730960235856,0.5418852636107564
roman-empire,ResNet,4,512,3e-05,9,870,acc,0.71794193983078,0.71794193983078,0.8235037326812744,,0.6125422774987332,0.6918521014090826,0.6865146008601742,0.6228341107590594,acc,0.6593115329742432,0.6593115329742432,1.0797145366668701,,0.5292824088903321,0.6266738835209407,0.5610179619930679,0.5481153118541573,acc,0.6558418273925781,0.6558418273925781,1.1000088453292847,,0.5228444851396123,0.6217073759681077,0.5465682859693403,0.5467668827498696
roman-empire,ResNet,5,512,3e-05,9,780,acc,0.7041743993759155,0.7041743993759155,0.8494671583175659,,0.5953600454288231,0.6766041164468624,0.6665971918747836,0.6225251887563246,acc,0.6616063117980957,0.6616063117980957,1.0741578340530396,,0.5350010538778207,0.6268190522169763,0.5655448241813065,0.5707109512720584,acc,0.658136248588562,0.658136248588562,1.0954780578613281,,0.5256523935235811,0.6222829880775209,0.5494975294831619,0.5644599873123191
roman-empire,GCN,1,512,3e-05,0,1660,acc,0.9123643040657043,0.9123643040657043,0.2650957703590393,,0.9007845595818852,0.9109813233920563,0.9115087206332952,0.8952960352209005,acc,0.7546337246894836,0.7546337246894836,0.8630742430686951,,0.6981944341246679,0.748962650509549,0.7188389990351536,0.6917114235413442,acc,0.7402046918869019,0.7402046918869019,0.898430585861206,,0.672708591334001,0.7361573017988204,0.6859599730114883,0.6744600210214784
roman-empire,GCN,2,512,3e-05,0,1350,acc,0.9297502636909485,0.9297502636909485,0.20588770508766174,,0.9227502094057329,0.9298115883153667,0.920912592581079,0.9278869752459072,acc,0.7325683832168579,0.7325683832168579,0.9834299087524414,,0.672487171669247,0.7270082114607944,0.6763450218463372,0.6825225273875699,acc,0.7239674925804138,0.7239674925804138,1.0339207649230957,,0.6529176096169316,0.7189700782681313,0.6519118383260247,0.6665985090126266
roman-empire,GCN,3,512,3e-05,0,1870,acc,0.9911746978759766,0.9911746978759766,0.03490954637527466,,0.9911602892557584,0.9911637288344175,0.9897609349087276,0.9926435921545649,acc,0.752691924571991,0.752691924571991,1.0816500186920166,,0.6958282992570781,0.7497635394792912,0.6994290664130981,0.7020814511847006,acc,0.741793155670166,0.741793155670166,1.1243436336517334,,0.6813542543375887,0.7388971015570871,0.6823438753495058,0.6897721552640538
roman-empire,GCN,4,512,3e-05,0,4780,acc,1.0,1.0,0.00031515659065917134,,1.0,1.0,1.0,1.0,acc,0.7782877087593079,0.7782877087593079,1.505834937095642,,0.7310392477314045,0.7770269116240698,0.7370310160644702,0.7302371595879202,acc,0.7643840312957764,0.7643840312957764,1.5857008695602417,,0.716763464797111,0.762114977655281,0.7178036267674295,0.71765540010546
roman-empire,GCN,5,512,3e-05,0,4330,acc,1.0,1.0,0.00018188000831287354,,1.0,1.0,1.0,1.0,acc,0.781818151473999,0.781818151473999,1.4331629276275635,,0.7375691549570912,0.7806058937172944,0.7441200948893583,0.7354366488957385,acc,0.7728555798530579,0.7728555798530579,1.4746730327606201,,0.722911016837527,0.7717800361148031,0.7258894274710398,0.7215637607638962
roman-empire,GCN,1,512,3e-05,1,1900,acc,0.9358397722244263,0.9358397722244263,0.19689098000526428,,0.9312067058436446,0.9349347803315318,0.9323695480296601,0.932861442071298,acc,0.7558693289756775,0.7558693289756775,0.8719723224639893,,0.6934989584589734,0.7504302457797613,0.6982693266651298,0.6956008462006485,acc,0.7552064657211304,0.7552064657211304,0.9317492246627808,,0.6943703097793804,0.749902128205835,0.704422368263995,0.692299319251426
roman-empire,GCN,2,512,3e-05,1,1200,acc,0.9252493381500244,0.9252493381500244,0.22055333852767944,,0.9185708644979501,0.9248563494816344,0.9141588999546619,0.9253634952835935,acc,0.7209178805351257,0.7209178805351257,0.9731393456459045,,0.6573064504951693,0.7150430149738113,0.6580312540799427,0.6717834130994096,acc,0.7252029180526733,0.7252029180526733,0.997789204120636,,0.6629616026854275,0.7193984022076395,0.6643491719558815,0.6776145078364393
roman-empire,GCN,3,512,3e-05,1,960,acc,0.9412232041358948,0.9412232041358948,0.18589548766613007,,0.9309260694048859,0.9409400021832193,0.9283958335809656,0.9350287280815627,acc,0.7558693289756775,0.7558693289756775,0.8213680982589722,,0.6910924185652223,0.752806093162831,0.6913882331187757,0.7022190045832242,acc,0.7539710402488708,0.7539710402488708,0.8290039300918579,,0.6901690967836824,0.7503766981660596,0.6936569519989928,0.6970108338562073
roman-empire,GCN,4,512,3e-05,1,2680,acc,0.9992939829826355,0.9992939829826355,0.003600749420002103,,0.9993003346505256,0.9992942220798783,0.9991231402122391,0.9994791325621422,acc,0.7719328999519348,0.7719328999519348,1.2067809104919434,,0.7163617466162222,0.7699892745395713,0.7189265420868436,0.7185571004034509,acc,0.7717966437339783,0.7717966437339783,1.2011395692825317,,0.7147674232304004,0.7678649816226618,0.7223259438569939,0.7118275630915601
roman-empire,GCN,5,512,3e-05,1,1870,acc,0.9984996914863586,0.9984996914863586,0.00910474918782711,,0.9982775532115864,0.9985006923174642,0.9977933824994873,0.9987689175604653,acc,0.7687554955482483,0.7687554955482483,1.1042084693908691,,0.7119975731810905,0.7670607417801016,0.7128408962013248,0.7146510482666415,acc,0.7689728140830994,0.7689728140830994,1.1067088842391968,,0.7101096773058155,0.7648627735543695,0.7192594591679473,0.7064525887570977
roman-empire,GCN,1,512,3e-05,2,1810,acc,0.9298385381698608,0.9298385381698608,0.21219034492969513,,0.9226709616017205,0.929032680203751,0.9274662466774934,0.9197426914201792,acc,0.7549867630004883,0.7549867630004883,0.8912767171859741,,0.6958312277971817,0.7485371536663964,0.7112584585779006,0.69060892386045,acc,0.7474408745765686,0.7474408745765686,0.873477578163147,,0.6899337270760226,0.7424680678278514,0.7030827806847395,0.682876566359415
roman-empire,GCN,2,512,3e-05,2,1080,acc,0.8990380764007568,0.8990380764007568,0.2991904020309448,,0.8840909766818431,0.8987973395834776,0.8807970360374173,0.8930690340594869,acc,0.7205648422241211,0.7205648422241211,0.9765917062759399,,0.6586031861515147,0.7140529775847051,0.6649283016914955,0.6777311203868094,acc,0.7186727523803711,0.7186727523803711,0.9625247120857239,,0.6579907269132015,0.7137484383980819,0.661720736330365,0.6726000892208697
roman-empire,GCN,3,512,3e-05,2,1660,acc,0.9874680042266846,0.9874680042266846,0.04618299379944801,,0.9856420934064529,0.9874690133036567,0.9834673195285123,0.9879678590734949,acc,0.7496910691261292,0.7496910691261292,1.06814706325531,,0.6936813621964079,0.7465603095570784,0.6982579602556959,0.6987411079530795,acc,0.7474408745765686,0.7474408745765686,1.0162014961242676,,0.6886928605060816,0.7454113539570514,0.6938589252206855,0.6930373095166824
roman-empire,GCN,4,512,3e-05,2,1880,acc,0.997175931930542,0.997175931930542,0.014414560981094837,,0.9965534326618017,0.9971749030141576,0.9961561316571768,0.996976815851035,acc,0.7675198316574097,0.7675198316574097,1.1495347023010254,,0.7159664277183828,0.7638328100587768,0.7212049500916898,0.7182933140865726,acc,0.7629721164703369,0.7629721164703369,1.069889783859253,,0.7112509012196125,0.761315733435349,0.7115152525730336,0.7142562110313241
roman-empire,GCN,5,512,3e-05,2,4980,acc,1.0,1.0,0.0001394037826685235,,1.0,1.0,1.0,1.0,acc,0.7793468236923218,0.7793468236923218,1.5607303380966187,,0.7301069197983416,0.7758634759155073,0.7355225618470463,0.7296021157067368,acc,0.7797387838363647,0.7797387838363647,1.4709552526474,,0.7322169590376029,0.7770006323266246,0.7338541308535629,0.7334528026698137
roman-empire,GCN,1,512,3e-05,3,1900,acc,0.9370753169059753,0.9370753169059753,0.197051003575325,,0.9295949404104396,0.9361851258527455,0.9325955963494965,0.9291382303459415,acc,0.7512797713279724,0.7512797713279724,0.9114425778388977,,0.6894469713323645,0.7452326750938691,0.7004551523627245,0.6864168402499932,acc,0.751500129699707,0.751500129699707,0.9032676815986633,,0.6893531371268653,0.7459187530098745,0.7011723164305139,0.6870309918075608
roman-empire,GCN,2,512,3e-05,3,1190,acc,0.9150119423866272,0.9150119423866272,0.24944867193698883,,0.9015907882900134,0.9150414098333839,0.8907747208617938,0.9174117153498439,acc,0.7276257276535034,0.7276257276535034,0.9707038998603821,,0.6663384621171077,0.7254795517365253,0.6644950374691946,0.6827956340793704,acc,0.7366749048233032,0.7366749048233032,0.9482829570770264,,0.6874504384951137,0.734660413035954,0.6798181295506756,0.707819706231237
roman-empire,GCN,3,512,3e-05,3,1340,acc,0.9701703786849976,0.9701703786849976,0.098748117685318,,0.9657789455732113,0.9701779590780675,0.9598582537797922,0.9729100107183325,acc,0.752691924571991,0.752691924571991,0.9654435515403748,,0.6936356015386919,0.7511064654996328,0.7031680458808641,0.696988764918006,acc,0.7522061467170715,0.7522061467170715,0.9516445398330688,,0.6983688217158102,0.7503319874211445,0.705226443379726,0.7025993115405735
roman-empire,GCN,4,512,3e-05,3,2870,acc,0.9997352361679077,0.9997352361679077,0.002798021538183093,,0.9997417760871292,0.9997352624449085,0.9997132622977646,0.9997706408653985,acc,0.7666372060775757,0.7666372060775757,1.353225588798523,,0.7167020757427118,0.7643404510794919,0.7212643047360947,0.7184956254809304,acc,0.7717966437339783,0.7717966437339783,1.2841264009475708,,0.7226521603302339,0.7703625883448864,0.7256170162889518,0.7234340353190207
roman-empire,GCN,5,512,3e-05,3,2470,acc,0.9995587468147278,0.9995587468147278,0.0025133679155260324,,0.9996539342128672,0.9995587511732664,0.9996438422982473,0.9996652233782211,acc,0.7726389765739441,0.7726389765739441,1.2735480070114136,,0.7208136136620704,0.7708958073604828,0.727883572671641,0.7182770656221888,acc,0.7728555798530579,0.7728555798530579,1.2207154035568237,,0.7266244452752608,0.771444648834841,0.7327622774517512,0.7241612007211828
roman-empire,GCN,1,512,3e-05,4,3210,acc,0.9908216595649719,0.9908216595649719,0.03877241164445877,,0.9906494009306702,0.9908021411653198,0.9891499809224007,0.9922676918460821,acc,0.7468667030334473,0.7468667030334473,1.1297578811645508,,0.6939167532428553,0.7434224243990554,0.6923296072830978,0.6994655573033778,acc,0.7250264286994934,0.7250264286994934,1.2134850025177002,,0.6641858129455759,0.7199254464096015,0.6628653367946824,0.6717609825958359
roman-empire,GCN,2,512,3e-05,4,1430,acc,0.9335451722145081,0.9335451722145081,0.19089685380458832,,0.922288261772243,0.9330778629160038,0.9172092220774053,0.9323732402779726,acc,0.7265666127204895,0.7265666127204895,1.013431191444397,,0.6676114617147185,0.7197750891195891,0.6680185616025808,0.6874805616679898,acc,0.7128485441207886,0.7128485441207886,1.0705024003982544,,0.643993250393569,0.7046672371932287,0.6454620692540233,0.6681270664062507
roman-empire,GCN,3,512,3e-05,4,1230,acc,0.9573736190795898,0.9573736190795898,0.1335902214050293,,0.9470216559141043,0.9572148889936546,0.9443910484039062,0.9521580311285108,acc,0.7488084435462952,0.7488084435462952,0.88455730676651,,0.6890711168951178,0.7454801361116707,0.6989550000944016,0.6956828205291372,acc,0.7357923984527588,0.7357923984527588,0.942449688911438,,0.6691531186521616,0.7323220276024871,0.6790090214177926,0.6771711276617709
roman-empire,GCN,4,512,3e-05,4,1630,acc,0.9937340021133423,0.9937340021133423,0.031000379472970963,,0.9924043048749037,0.9937378559957468,0.9902734960097589,0.9946340502758875,acc,0.775463342666626,0.775463342666626,0.9302907586097717,,0.7239273247637759,0.7727508090484181,0.7267242485893337,0.7266126159296851,acc,0.7592657804489136,0.7592657804489136,0.9936443567276001,,0.7000667164571532,0.7554080771321937,0.6984312170454882,0.7102849247478089
roman-empire,GCN,5,512,3e-05,4,4580,acc,1.0,1.0,0.00030339090153574944,,1.0,1.0,1.0,1.0,acc,0.7902912497520447,0.7902912497520447,1.319619059562683,,0.7433637451719404,0.7868802686531803,0.7474837521596667,0.7421668087918127,acc,0.7820331454277039,0.7820331454277039,1.414746880531311,,0.7259911140832002,0.7774761698360683,0.7291406253703415,0.7273423175994979
roman-empire,GCN,1,512,3e-05,5,2220,acc,0.9507545828819275,0.9507545828819275,0.15273705124855042,,0.94954171511933,0.9500475611289296,0.9499092371184007,0.9508494384181723,acc,0.7473962903022766,0.7473962903022766,0.9822792410850525,,0.6914291105356297,0.742963884901414,0.7001164283411555,0.688763578509606,acc,0.7500882148742676,0.7500882148742676,0.9003188610076904,,0.6860105794997756,0.7440306536512297,0.6991795615630203,0.6810549512963973
roman-empire,GCN,2,512,3e-05,5,1130,acc,0.901332676410675,0.901332676410675,0.28598228096961975,,0.8895907766594857,0.9005454687403988,0.8861182531257656,0.8995210490751285,acc,0.722506582736969,0.722506582736969,0.9816930890083313,,0.6571047886104197,0.7158771257394125,0.6632225568765198,0.6722478536292872,acc,0.728203296661377,0.728203296661377,0.9302368760108948,,0.6657692843727318,0.721338404650559,0.680509517633857,0.678530468053069
roman-empire,GCN,3,512,3e-05,5,1140,acc,0.9509310722351074,0.9509310722351074,0.1538436859846115,,0.9434318676966973,0.9509471122561602,0.94293427581853,0.9454263878643983,acc,0.7493380308151245,0.7493380308151245,0.8808555603027344,,0.6902625030822443,0.7480967510046612,0.698967813770461,0.6946077766389173,acc,0.7458524107933044,0.7458524107933044,0.8546571135520935,,0.6856171230715112,0.7439035121285061,0.7000844118841683,0.6874918197095632
roman-empire,GCN,4,512,3e-05,5,4700,acc,1.0,1.0,0.00027932864031754434,,1.0,1.0,1.0,1.0,acc,0.7812886238098145,0.7812886238098145,1.4685454368591309,,0.7285922521433,0.7794721204992645,0.7321370296943837,0.7283659466554195,acc,0.7822096347808838,0.7822096347808838,1.375580906867981,,0.7310425692355516,0.7801742446317718,0.7377124421339569,0.7282139105712946
roman-empire,GCN,5,512,3e-05,5,4200,acc,1.0,1.0,0.00018235859170090407,,1.0,1.0,1.0,1.0,acc,0.7793468236923218,0.7793468236923218,1.4461123943328857,,0.728850997686791,0.7778004016173498,0.7312603426070481,0.7302515257632385,acc,0.7823861241340637,0.7823861241340637,1.3499668836593628,,0.7326341428288481,0.781131582909154,0.739425064684737,0.7295704257710816
roman-empire,GCN,1,512,3e-05,6,2250,acc,0.9610802531242371,0.9610802531242371,0.12698911130428314,,0.9612320799198785,0.960607531570679,0.9625544200091043,0.9611062263685507,acc,0.751632809638977,0.751632809638977,0.9629742503166199,,0.6996012783517589,0.7473038791507933,0.7102947369357662,0.6952045292130636,acc,0.7453229427337646,0.7453229427337646,0.9796012043952942,,0.6887148676787787,0.7409201036077071,0.6991400440606881,0.6847892708842737
roman-empire,GCN,2,512,3e-05,6,1180,acc,0.92436683177948,0.92436683177948,0.2236148715019226,,0.9132186225403606,0.9237760847314126,0.9100636791867414,0.920064694634449,acc,0.7228596210479736,0.7228596210479736,1.0094420909881592,,0.6623623103829943,0.7154928833946045,0.6659540668002798,0.6774156989056134,acc,0.7267913818359375,0.7267913818359375,0.9861831665039062,,0.6632105012511116,0.7193428403482333,0.6645749183814789,0.6782896648852854
roman-empire,GCN,3,512,3e-05,6,1250,acc,0.9648751616477966,0.9648751616477966,0.11559736728668213,,0.9603211676165427,0.9648036509125711,0.9562643122955676,0.9652770303489159,acc,0.7292144298553467,0.7292144298553467,0.9861266016960144,,0.6742399287997556,0.7277849881608593,0.6764693807913927,0.679177894208817,acc,0.7393222451210022,0.7393222451210022,0.9277308583259583,,0.6834236004820406,0.7381822724985282,0.6882028809633531,0.6872146132659669
roman-empire,GCN,4,512,3e-05,6,3780,acc,1.0,1.0,0.0008750600973144174,,1.0,1.0,1.0,1.0,acc,0.7618710994720459,0.7618710994720459,1.5183383226394653,,0.7096330846488027,0.7577490098045572,0.7087445026544568,0.7145699383952828,acc,0.7679138779640198,0.7679138779640198,1.4326496124267578,,0.7171526900700664,0.7649582969954885,0.7160668627247058,0.7224565364306125
roman-empire,GCN,5,512,3e-05,6,980,acc,0.9641691446304321,0.9641691446304321,0.12440319359302521,,0.9592992637674771,0.9643026699050428,0.9570406487839338,0.9621807854525808,acc,0.7505736947059631,0.7505736947059631,0.8834941387176514,,0.6966452503076335,0.7505112533493868,0.7033853255243431,0.6958974356198848,acc,0.7504411935806274,0.7504411935806274,0.8471266031265259,,0.6958589524599996,0.7509156021853809,0.69965738918543,0.6973190732749212
roman-empire,GCN,1,512,3e-05,7,1950,acc,0.9366340637207031,0.9366340637207031,0.1944756656885147,,0.9315579591886487,0.9358445414457182,0.9337520814405426,0.9318340761014068,acc,0.7572815418243408,0.7572815418243408,0.886572539806366,,0.6974868384716767,0.7538880918948124,0.7069140735289717,0.6951925659217946,acc,0.7622660994529724,0.7622660994529724,0.8819005489349365,,0.7076550666342176,0.7575616677614943,0.7178134010577605,0.7048923035713405
roman-empire,GCN,2,512,3e-05,7,1030,acc,0.8977142572402954,0.8977142572402954,0.30145445466041565,,0.8791196490706897,0.8972767337050909,0.8711808087254685,0.8933148511847868,acc,0.7262135744094849,0.7262135744094849,0.9577597379684448,,0.6626827541738992,0.7221559823695892,0.6614016979316316,0.680604309929183,acc,0.7289092540740967,0.7289092540740967,0.915326714515686,,0.6684764431968817,0.7235193040221058,0.6683237000769524,0.6867495687537432
roman-empire,GCN,3,512,3e-05,7,1700,acc,0.9885270595550537,0.9885270595550537,0.04136672988533974,,0.9876931616410469,0.988512097136613,0.9852986245022238,0.990274139741914,acc,0.7549867630004883,0.7549867630004883,1.0709257125854492,,0.6995247423627662,0.7528717256912542,0.6994482056686797,0.7055146899873501,acc,0.7615601420402527,0.7615601420402527,1.0269756317138672,,0.7064984508250947,0.7592969359398476,0.7075266117328618,0.7113180290310482
roman-empire,GCN,4,512,3e-05,7,1490,acc,0.9939987659454346,0.9939987659454346,0.0319620743393898,,0.9928988644625846,0.9940000153427244,0.9911880711297338,0.9946509615198946,acc,0.7678728699684143,0.7678728699684143,0.9638370871543884,,0.7164508843226808,0.766395786080601,0.7153449016133995,0.7195488403025432,acc,0.7747970223426819,0.7747970223426819,0.9331676959991455,,0.718919794199921,0.7731525949312372,0.7202603919307565,0.7199704157455362
roman-empire,GCN,5,512,3e-05,7,4910,acc,1.0,1.0,5.766076719737612e-05,,1.0,1.0,1.0,1.0,acc,0.7821711897850037,0.7821711897850037,1.58186936378479,,0.7312837176974217,0.779739727603347,0.7311413778791708,0.7333837861219038,acc,0.7859159708023071,0.7859159708023071,1.505157709121704,,0.7325666787488907,0.7834494734200602,0.7364400476465288,0.7308566044802817
roman-empire,GCN,1,512,3e-05,8,1520,acc,0.9019504189491272,0.9019504189491272,0.30855318903923035,,0.8847588192153908,0.9002721546676297,0.8977816451799896,0.8776618120734141,acc,0.7449249625205994,0.7449249625205994,0.8661891222000122,,0.6909172001250015,0.7399256428699912,0.703620783860591,0.6874916382677783,acc,0.7451464533805847,0.7451464533805847,0.8698698878288269,,0.6836971913737471,0.7398590678970183,0.6963292878082945,0.6810031086256583
roman-empire,GCN,2,512,3e-05,8,1060,acc,0.8857117891311646,0.8857117891311646,0.33094707131385803,,0.8621594561541774,0.8848119384021937,0.8614597997077352,0.8722419862086749,acc,0.7163283228874207,0.7163283228874207,0.9435595870018005,,0.6504500954683589,0.7097524139597335,0.6549289303449775,0.6686963247687806,acc,0.7153194546699524,0.7153194546699524,0.9649971723556519,,0.6452717654291457,0.7083621901968086,0.6477470463717651,0.6666072265173464
roman-empire,GCN,3,512,3e-05,8,1640,acc,0.9856147170066833,0.9856147170066833,0.05407895892858505,,0.9848017247407648,0.9856154015348727,0.9828513658611477,0.9869556004840473,acc,0.7509267330169678,0.7509267330169678,1.006494164466858,,0.6948413130519457,0.7503069854330765,0.6995082290342104,0.6997647356968115,acc,0.7384397983551025,0.7384397983551025,1.047516942024231,,0.6801398370233751,0.7374882573342039,0.6860291951680584,0.6888898323860659
roman-empire,GCN,4,512,3e-05,8,2760,acc,0.9994704723358154,0.9994704723358154,0.004276818595826626,,0.9994801682883553,0.9994705870138709,0.9994848149759478,0.9994765427747608,acc,0.7620476484298706,0.7620476484298706,1.1968491077423096,,0.7053429328534307,0.7592918429631575,0.7133796449204898,0.7047093820210307,acc,0.7633250951766968,0.7633250951766968,1.257061243057251,,0.7072742219709105,0.7611958087211087,0.7126623147595654,0.7098453989942201
roman-empire,GCN,5,512,3e-05,8,4760,acc,1.0,1.0,8.133066876325756e-05,,1.0,1.0,1.0,1.0,acc,0.7805824875831604,0.7805824875831604,1.4251933097839355,,0.7309363027580976,0.7776416502853655,0.7375896255540595,0.7291272707086098,acc,0.7786798477172852,0.7786798477172852,1.4810731410980225,,0.725274238324173,0.775980768962442,0.7309165049523724,0.724439388949925
roman-empire,GCN,1,512,3e-05,9,3340,acc,0.9917042255401611,0.9917042255401611,0.03509606793522835,,0.991470193137737,0.991682931676884,0.9903986396466986,0.9926345628308284,acc,0.7482789158821106,0.7482789158821106,1.138687252998352,,0.6951821108818756,0.743585196233417,0.7028094748724563,0.6947405829175434,acc,0.7387927770614624,0.7387927770614624,1.1664583683013916,,0.6774420399793593,0.7340336591135503,0.681377274921283,0.6810713681153907
roman-empire,GCN,2,512,3e-05,9,1290,acc,0.9218074679374695,0.9218074679374695,0.23252154886722565,,0.9095638519908871,0.9215286836370097,0.907917982915044,0.9162370338641767,acc,0.7131509184837341,0.7131509184837341,1.0252407789230347,,0.6483727118361566,0.7053710706696988,0.660822834411189,0.6630183914782704,acc,0.7181432843208313,0.7181432843208313,1.027063250541687,,0.6527340481707895,0.7106872197287084,0.6631608689868784,0.6710769513867298
roman-empire,GCN,3,512,3e-05,9,1250,acc,0.963110089302063,0.963110089302063,0.11892826855182648,,0.9577471538741764,0.9629144441071208,0.9575556072507906,0.9588304007476671,acc,0.7544571757316589,0.7544571757316589,0.8874832987785339,,0.6958038536048551,0.7492061929256,0.7132525365412692,0.6939434095833306,acc,0.7469114065170288,0.7469114065170288,0.9018273949623108,,0.6873092329935877,0.7426887234249534,0.697415546744104,0.6903325389294032
roman-empire,GCN,4,512,3e-05,9,4020,acc,1.0,1.0,0.0006076347781345248,,1.0,1.0,1.0,1.0,acc,0.7724624872207642,0.7724624872207642,1.3978191614151,,0.716963781563397,0.7682334574272892,0.7275653647101887,0.712552212083404,acc,0.7677373290061951,0.7677373290061951,1.3991307020187378,,0.7137669192666757,0.764460312581897,0.7179177502618226,0.7152919668109033
roman-empire,GCN,5,512,3e-05,9,4480,acc,1.0,1.0,0.00010766526247607544,,1.0,1.0,1.0,1.0,acc,0.7791703343391418,0.7791703343391418,1.459152102470398,,0.7287009673987919,0.7753599367610317,0.7439338694123758,0.7206679617830969,acc,0.7799152731895447,0.7799152731895447,1.470719337463379,,0.7289076320728038,0.7766732786945645,0.7316609732872441,0.7303911925245248
roman-empire,SAGE,1,512,3e-05,0,1350,acc,0.9719353914260864,0.9719353914260864,0.0909118503332138,,0.9680769112554493,0.9716942086873502,0.971482476685775,0.9658897791546212,acc,0.7915269136428833,0.7915269136428833,0.8946220874786377,,0.724718924381685,0.7839926444263827,0.7373349006833034,0.7195912241432674,acc,0.7795622944831848,0.7795622944831848,0.9148752689361572,,0.7034823783042404,0.772194064142136,0.7140821812584689,0.7009328095188085
roman-empire,SAGE,2,512,3e-05,0,2130,acc,0.9998235106468201,0.9998235106468201,0.0011818846687674522,,0.9998005544139102,0.9998236679031057,0.9996913580246913,0.9999106823865667,acc,0.8480141162872314,0.8480141162872314,0.9078356623649597,,0.8103719521432974,0.8457994237951847,0.8123461745933063,0.8108458290078969,acc,0.8378044366836548,0.8378044366836548,0.9268792271614075,,0.7904130643672527,0.8362141869800966,0.789330091340291,0.7927503132583386
roman-empire,SAGE,3,512,3e-05,0,4960,acc,0.9999117851257324,0.9999117851257324,0.00013392898836173117,,0.9999001782771109,0.9999117903366547,0.9998452491488704,0.9999553411932833,acc,0.8882612586021423,0.8882612586021423,0.912274181842804,,0.862970115016333,0.8867393801424561,0.8604700981262643,0.8668192949030802,acc,0.886339545249939,0.886339545249939,0.9483403563499451,,0.8540551781201154,0.8851871720302859,0.8493147569336047,0.8604426102222131
roman-empire,SAGE,4,512,3e-05,0,3820,acc,0.9999117851257324,0.9999117851257324,0.0001885809178929776,,0.9999001782771109,0.9999117903366547,0.9998452491488704,0.9999553411932833,acc,0.894262969493866,0.894262969493866,0.7933809161186218,,0.8695695739817881,0.8928854544165009,0.8663995925830422,0.8746676190051998,acc,0.8919872641563416,0.8919872641563416,0.8315874934196472,,0.8620061810319511,0.8911425634545547,0.8580639808368596,0.8673439623078855
roman-empire,SAGE,5,512,3e-05,0,4740,acc,0.9999117851257324,0.9999117851257324,8.520295523339882e-05,,0.9999001782771109,0.9999117903366547,0.9998452491488704,0.9999553411932833,acc,0.9013239145278931,0.9013239145278931,0.8044165372848511,,0.8782630497923375,0.9005051644204978,0.8743785684529843,0.883523613872754,acc,0.899929404258728,0.899929404258728,0.867792010307312,,0.8712076931032472,0.8993203548960295,0.8666757402729744,0.8765454243742621
roman-empire,SAGE,1,512,3e-05,1,2010,acc,0.9946165680885315,0.9946165680885315,0.019815340638160706,,0.9947191839912697,0.9946048716042916,0.9955569005090581,0.9939665366098668,acc,0.7999999523162842,0.7999999523162842,1.0335396528244019,,0.741909811873174,0.7944849825073224,0.7524980236823738,0.7376899824717471,acc,0.7929756045341492,0.7929756045341492,1.0990267992019653,,0.731657232417479,0.7867145447991266,0.7438093336216623,0.726072893092303
roman-empire,SAGE,2,512,3e-05,1,4690,acc,1.0,1.0,1.719689680612646e-05,,1.0,1.0,1.0,1.0,acc,0.866725504398346,0.866725504398346,1.1320315599441528,,0.8288933079538041,0.8639944320780698,0.8305726743435187,0.829954009625323,acc,0.858277440071106,0.858277440071106,1.1347408294677734,,0.8173948514851282,0.8555932249613151,0.8230466714142968,0.8150023963437492
roman-empire,SAGE,3,512,3e-05,1,4160,acc,1.0,1.0,1.23725012599607e-05,,1.0,1.0,1.0,1.0,acc,0.8894968628883362,0.8894968628883362,0.8671948909759521,,0.8572201202985716,0.8879452933289236,0.8539545678140956,0.8620034953762507,acc,0.8930462002754211,0.8930462002754211,0.8427867293357849,,0.8667565363224888,0.8915255929765326,0.8713790719446732,0.8642809550895127
roman-empire,SAGE,4,512,3e-05,1,3860,acc,1.0,1.0,4.4504384277388453e-05,,1.0,1.0,1.0,1.0,acc,0.8965578079223633,0.8965578079223633,0.8028773069381714,,0.8673509223955538,0.8949571024180503,0.8638805743457018,0.8732994982862693,acc,0.897987961769104,0.897987961769104,0.7688036561012268,,0.869364925992331,0.8965910805072959,0.8691532740554262,0.8707300364279963
roman-empire,SAGE,5,512,3e-05,1,4570,acc,1.0,1.0,1.4379669437403209e-06,,1.0,1.0,1.0,1.0,acc,0.8993821740150452,0.8993821740150452,0.8345595598220825,,0.8699886593978683,0.8979626892853295,0.8691044858552635,0.8725347764856091,acc,0.9094598889350891,0.9094598889350891,0.760233461856842,,0.8834640396043885,0.9084815464987919,0.887361539381199,0.8810318165635171
roman-empire,SAGE,1,512,3e-05,2,3420,acc,0.9999117851257324,0.9999117851257324,0.0006759271491318941,,0.9998999615404922,0.9999117025632986,0.9999553411932833,0.999844816883923,acc,0.7895851731300354,0.7895851731300354,1.4767913818359375,,0.7268802971086948,0.782805647350186,0.7390003282089607,0.7228721349281171,acc,0.7982703447341919,0.7982703447341919,1.3578253984451294,,0.7409087768847731,0.7916783781011151,0.7544393892075208,0.7348870058308976
roman-empire,SAGE,2,512,3e-05,2,4790,acc,1.0,1.0,7.226767138490686e-06,,1.0,1.0,1.0,1.0,acc,0.8531332612037659,0.8531332612037659,1.3004276752471924,,0.8144767257354855,0.8505979094249114,0.8178756619995298,0.814432607417912,acc,0.8524532318115234,0.8524532318115234,1.1762956380844116,,0.8106965360870493,0.8494328978457704,0.8140330502865007,0.8096343659662257
roman-empire,SAGE,3,512,3e-05,2,4830,acc,1.0,1.0,1.2505895483627683e-06,,1.0,1.0,1.0,1.0,acc,0.8852603435516357,0.8852603435516357,0.9708548188209534,,0.8565422242338854,0.8840239971158131,0.8564025065430685,0.8573935384894608,acc,0.8840451836585999,0.8840451836585999,0.887284517288208,,0.8523795610207066,0.8827983753310064,0.855187970130383,0.8507441240728962
roman-empire,SAGE,4,512,3e-05,2,4860,acc,1.0,1.0,1.2554585282487096e-06,,1.0,1.0,1.0,1.0,acc,0.8914386630058289,0.8914386630058289,0.9151049256324768,,0.8646439228171376,0.8901259653588327,0.8656696907493797,0.8644577071998332,acc,0.8971055150032043,0.8971055150032043,0.8211175799369812,,0.8692688340675707,0.8960538029409042,0.8743232281351275,0.8650356500601148
roman-empire,SAGE,5,512,3e-05,2,4420,acc,1.0,1.0,1.7651410644248244e-06,,1.0,1.0,1.0,1.0,acc,0.89496910572052,0.89496910572052,0.8952800035476685,,0.8701403886565467,0.8934921631493666,0.8691054645010081,0.8719297318627258,acc,0.897987961769104,0.897987961769104,0.7842432260513306,,0.8741853822040756,0.8969508965467688,0.8757889838823059,0.8736210022474015
roman-empire,SAGE,1,512,3e-05,3,4250,acc,0.9996470212936401,0.9996470212936401,0.0010218933457508683,,0.9996011806843074,0.9996469861442061,0.9996011806843074,0.9996011806843074,acc,0.7987643480300903,0.7987643480300903,1.5314027070999146,,0.7333840790777724,0.7948264381616463,0.7419388742053503,0.7303096662041104,acc,0.797917366027832,0.797917366027832,1.4855494499206543,,0.7426279483277263,0.7933550600693342,0.7492792099122496,0.7404982950123613
roman-empire,SAGE,2,512,3e-05,3,3700,acc,0.9999117851257324,0.9999117851257324,0.0002621914027258754,,0.9999001962267948,0.9999117027211915,0.9999553770638108,0.9998452491488704,acc,0.8538393378257751,0.8538393378257751,1.1723612546920776,,0.8101202336825,0.8526364544541657,0.8119240807874228,0.8120406373037743,acc,0.851570725440979,0.851570725440979,1.1451891660690308,,0.8111621395166823,0.849796476642966,0.8105982817311516,0.8142558821952428
roman-empire,SAGE,3,512,3e-05,3,1720,acc,0.9995587468147278,0.9995587468147278,0.002060341415926814,,0.9995581151707612,0.9995587266431267,0.9995657272346866,0.9995505375160708,acc,0.8762577176094055,0.8762577176094055,0.7369928359985352,,0.8445952665196468,0.875760812036133,0.8412411444421699,0.8499898965030126,acc,0.8731026649475098,0.8731026649475098,0.7185660600662231,,0.8419817541932864,0.8726525338879335,0.8372426117336543,0.8480420354456679
roman-empire,SAGE,4,512,3e-05,3,4900,acc,1.0,1.0,1.2423262205629726e-06,,1.0,1.0,1.0,1.0,acc,0.8997352123260498,0.8997352123260498,0.8725342154502869,,0.8712985993067704,0.8991100373327018,0.8681495133489415,0.8757717919893753,acc,0.897987961769104,0.897987961769104,0.8428077101707458,,0.8712507276230658,0.8973697881150403,0.8688714151682703,0.8744376962550249
roman-empire,SAGE,5,512,3e-05,3,3510,acc,1.0,1.0,3.022706187039148e-05,,1.0,1.0,1.0,1.0,acc,0.9016769528388977,0.9016769528388977,0.7986306548118591,,0.8752181477682462,0.900939191786802,0.8730185192175502,0.8790416774877453,acc,0.897987961769104,0.897987961769104,0.7823836803436279,,0.8748026418823764,0.897226602041094,0.8724579982885955,0.8781552648338545
roman-empire,SAGE,1,512,3e-05,4,4140,acc,0.9997352361679077,0.9997352361679077,0.0006860280991531909,,0.9996993383755152,0.9997348420389166,0.9998663458968191,0.9995344506517692,acc,0.8019417524337769,0.8019417524337769,1.4651744365692139,,0.7471382033947365,0.7960332818963847,0.7623325522570042,0.7397474784020701,acc,0.7846805453300476,0.7846805453300476,1.5373698472976685,,0.7223019909758368,0.7783636242493965,0.7278457832599117,0.7232337709840565
roman-empire,SAGE,2,512,3e-05,4,4810,acc,0.9999117851257324,0.9999117851257324,0.00022899625764694065,,0.9998999794901763,0.9999117025490416,0.9999553770638108,0.999844816883923,acc,0.8531332612037659,0.8531332612037659,1.231114387512207,,0.8184428828567429,0.8501114721055604,0.8280836845671073,0.8138594096449723,acc,0.8457465171813965,0.8457465171813965,1.2601293325424194,,0.8042400269302072,0.8427002422908383,0.8071845318416976,0.8056160599003203
roman-empire,SAGE,3,512,3e-05,4,3830,acc,0.9999117851257324,0.9999117851257324,0.00022251525660976768,,0.9998999794901763,0.9999117025490416,0.9999553770638108,0.999844816883923,acc,0.8861429691314697,0.8861429691314697,0.894127368927002,,0.8581124962235778,0.8837070740725593,0.8605062225527497,0.8593503373629905,acc,0.8796328902244568,0.8796328902244568,0.8909327387809753,,0.8490979236882081,0.8770843760368513,0.8443443347347802,0.8568435380304006
roman-empire,SAGE,4,512,3e-05,4,4840,acc,0.9999117851257324,0.9999117851257324,9.923992183757946e-05,,0.9998999794901763,0.9999117025490416,0.9999553770638108,0.999844816883923,acc,0.8979699611663818,0.8979699611663818,0.8713316321372986,,0.8755748219443522,0.8962506245881728,0.8750254786695062,0.8782704385936415,acc,0.8967525362968445,0.8967525362968445,0.8535776138305664,,0.8725814195724183,0.895150277477933,0.8675416872596116,0.8794579871382591
roman-empire,SAGE,5,512,3e-05,4,4990,acc,1.0,1.0,3.579258554964326e-05,,1.0,1.0,1.0,1.0,acc,0.9029126167297363,0.9029126167297363,0.8518097996711731,,0.8835082621102622,0.9015602759241661,0.882989493215002,0.8852111107209943,acc,0.9011648297309875,0.9011648297309875,0.8217629790306091,,0.8803762924372428,0.8998118835916449,0.8759127453311353,0.8859079544128006
roman-empire,SAGE,1,512,3e-05,5,2880,acc,0.9991174936294556,0.9991174936294556,0.0040793525986373425,,0.9990687924475767,0.9991149475631665,0.9994479206162882,0.9986980424209059,acc,0.7881729602813721,0.7881729602813721,1.2883275747299194,,0.7289113439134937,0.7820693446131178,0.739378648214427,0.7238719838559606,acc,0.8018001914024353,0.8018001914024353,1.171093463897705,,0.736310479024458,0.7946617676249375,0.7525145279803113,0.7281965023219956
roman-empire,SAGE,2,512,3e-05,5,4550,acc,0.9999117851257324,0.9999117851257324,0.0002102056023431942,,0.9998999794901763,0.9999117025490416,0.9999553770638108,0.999844816883923,acc,0.8497793078422546,0.8497793078422546,1.221286416053772,,0.8131843371432323,0.8476108721364852,0.8214080565685945,0.8072519269024463,acc,0.8646311163902283,0.8646311163902283,1.0391632318496704,,0.8252001154277449,0.8629682976218269,0.8319526507395373,0.8208382630615846
roman-empire,SAGE,3,512,3e-05,5,2530,acc,0.9997352361679077,0.9997352361679077,0.0007631931221112609,,0.99969755803937,0.9997354041172036,0.9996458394910239,0.9997495149089697,acc,0.8767872452735901,0.8767872452735901,0.810223400592804,,0.8466727440400552,0.8753481609929246,0.8457952713707793,0.8486180284430607,acc,0.8875749707221985,0.8875749707221985,0.7260111570358276,,0.8544306497325259,0.886584015335554,0.8575223281593567,0.8524347744796221
roman-empire,SAGE,4,512,3e-05,5,4400,acc,1.0,1.0,2.731124141064356e-06,,1.0,1.0,1.0,1.0,acc,0.8954986333847046,0.8954986333847046,0.9034149646759033,,0.8649865172838735,0.893784115871945,0.8677266756044517,0.8638586086345091,acc,0.9015178084373474,0.9015178084373474,0.7970120310783386,,0.8732778529966742,0.900728742072765,0.8766194600670885,0.8712581200213452
roman-empire,SAGE,5,512,3e-05,5,3760,acc,1.0,1.0,7.490526968467748e-06,,1.0,1.0,1.0,1.0,acc,0.8960282206535339,0.8960282206535339,0.86124587059021,,0.8703015941063739,0.8944273983417953,0.8724804710748704,0.8697397792599518,acc,0.9085774421691895,0.9085774421691895,0.7272776961326599,,0.8846091299657052,0.9075919457074827,0.8864803581209011,0.8840044184367054
roman-empire,SAGE,1,512,3e-05,6,2190,acc,0.9959403872489929,0.9959403872489929,0.014504083432257175,,0.9957751572832844,0.9959422932339284,0.9953689912574897,0.9962692430199372,acc,0.7904677391052246,0.7904677391052246,1.1499407291412354,,0.7305114950837762,0.7851068782711222,0.7492886721251876,0.7223256383933878,acc,0.7910342216491699,0.7910342216491699,1.1544822454452515,,0.7297572673704601,0.7858519490097962,0.7433417613403667,0.7229936331928136
roman-empire,SAGE,2,512,3e-05,6,4270,acc,1.0,1.0,6.833019142504781e-05,,1.0,1.0,1.0,1.0,acc,0.8480141162872314,0.8480141162872314,1.2275768518447876,,0.8089295287882127,0.8459963863193847,0.8080632345629075,0.8117363351967826,acc,0.8524532318115234,0.8524532318115234,1.2093786001205444,,0.8140283224035323,0.8504253858266609,0.8150350144277513,0.8152327490544109
roman-empire,SAGE,3,512,3e-05,6,4160,acc,1.0,1.0,1.7528962416690774e-05,,1.0,1.0,1.0,1.0,acc,0.879611611366272,0.879611611366272,0.9652734398841858,,0.8490329243771072,0.8785209718353971,0.8447970013716044,0.8546501562812505,acc,0.8813977837562561,0.8813977837562561,0.9266577363014221,,0.8521178572126786,0.8801379728905964,0.8491674227819019,0.857351108011794
roman-empire,SAGE,4,512,3e-05,6,3280,acc,1.0,1.0,5.78896033402998e-05,,1.0,1.0,1.0,1.0,acc,0.8873786330223083,0.8873786330223083,0.856017529964447,,0.8608521263059745,0.8867420508207561,0.8575999988675079,0.8661383239026826,acc,0.8877514600753784,0.8877514600753784,0.8209008574485779,,0.858938622583915,0.8862532726235299,0.8590801182934734,0.8608572212764869
roman-empire,SAGE,5,512,3e-05,6,3360,acc,1.0,1.0,1.8531693058321252e-05,,1.0,1.0,1.0,1.0,acc,0.8928508162498474,0.8928508162498474,0.8505598902702332,,0.8660763807326524,0.892393107541378,0.8637297728500937,0.8700255202884235,acc,0.8958700895309448,0.8958700895309448,0.8094792366027832,,0.8697215814958345,0.8950842026427503,0.8672889084368622,0.8736845277157285
roman-empire,SAGE,1,512,3e-05,7,2760,acc,0.9994704723358154,0.9994704723358154,0.0035487040877342224,,0.9994030850221909,0.9994697155581467,0.999518392647518,0.9992899499222587,acc,0.7947043180465698,0.7947043180465698,1.2668161392211914,,0.7336781858305397,0.7897071134721118,0.7557979813763063,0.7215198388213778,acc,0.7963289618492126,0.7963289618492126,1.2758946418762207,,0.7340334527025526,0.7895053132596813,0.7513903343393085,0.7243508635752371
roman-empire,SAGE,2,512,3e-05,7,5000,acc,0.9999117851257324,0.9999117851257324,9.940408199327067e-05,,0.9998999794901763,0.9999117025490416,0.9999553770638108,0.999844816883923,acc,0.8529567122459412,0.8529567122459412,1.2068908214569092,,0.8135855011313302,0.850601977697774,0.8214676218327952,0.8098625686369513,acc,0.8540416359901428,0.8540416359901428,1.2306309938430786,,0.8174959938919,0.8518929655504014,0.822474349839209,0.815709852364802
roman-empire,SAGE,3,512,3e-05,7,3950,acc,0.9999117851257324,0.9999117851257324,0.00012389195035211742,,0.9998999794901763,0.9999117025490416,0.9999553770638108,0.999844816883923,acc,0.8813768625259399,0.8813768625259399,0.9301875829696655,,0.8500312713084154,0.8797136792282275,0.8532553917856385,0.8490399989598928,acc,0.8831626772880554,0.8831626772880554,0.9211340546607971,,0.8512818216097704,0.8816431726885264,0.8490023626055994,0.8552324387071301
roman-empire,SAGE,4,512,3e-05,7,4920,acc,1.0,1.0,7.097106390574481e-06,,1.0,1.0,1.0,1.0,acc,0.8951455950737,0.8951455950737,0.9187319874763489,,0.8674474030076218,0.8937997438607034,0.8694073674326388,0.866897255908349,acc,0.8960465788841248,0.8960465788841248,0.8911967277526855,,0.8685934569331962,0.8949111271026203,0.8689173857568815,0.8704444672171037
roman-empire,SAGE,5,512,3e-05,7,5000,acc,1.0,1.0,1.277163050872332e-06,,1.0,1.0,1.0,1.0,acc,0.8953221440315247,0.8953221440315247,0.885755717754364,,0.8664148872242118,0.8944208000345036,0.8651367065567046,0.8691258249029223,acc,0.8971055150032043,0.8971055150032043,0.8702076077461243,,0.8689019308746709,0.8962456028509902,0.8676914352787319,0.8712615349114816
roman-empire,SAGE,1,512,3e-05,8,2950,acc,0.9996470212936401,0.9996470212936401,0.002706220606341958,,0.9996955021524292,0.9996467812191204,0.9998338363470423,0.9995581557830988,acc,0.7927625775337219,0.7927625775337219,1.2623388767242432,,0.729175160562621,0.7858383827380574,0.7399271149108375,0.7246759929985999,acc,0.7936815619468689,0.7936815619468689,1.248505711555481,,0.733995447464967,0.7885817014677593,0.7466622813086229,0.7288236189309872
roman-empire,SAGE,2,512,3e-05,8,3670,acc,0.9998235106468201,0.9998235106468201,0.00028671580366790295,,0.9997975776363943,0.9998234906934305,0.9998005903421537,0.9997946059806337,acc,0.8497793078422546,0.8497793078422546,1.059302568435669,,0.8118657382121318,0.8474496711951793,0.8169085433637289,0.8091191775143094,acc,0.8473349809646606,0.8473349809646606,1.0998315811157227,,0.8058478382098893,0.8459749043222379,0.8085521623657619,0.8062004551497182
roman-empire,SAGE,3,512,3e-05,8,4350,acc,1.0,1.0,8.447499567409977e-05,,1.0,1.0,1.0,1.0,acc,0.8870255947113037,0.8870255947113037,0.8618680238723755,,0.8543683798568908,0.8853397303668482,0.8565128825727917,0.8541026909784959,acc,0.8826332092285156,0.8826332092285156,0.9150177836418152,,0.8481219137038098,0.8812771625882169,0.8458112635136391,0.8522326826944208
roman-empire,SAGE,4,512,3e-05,8,4630,acc,1.0,1.0,4.925349458062556e-06,,1.0,1.0,1.0,1.0,acc,0.8979699611663818,0.8979699611663818,0.796118974685669,,0.8727783211690148,0.89700279286274,0.8755362528993702,0.8713794576261817,acc,0.8923402428627014,0.8923402428627014,0.8346219062805176,,0.8640471858440455,0.8914348038518786,0.8633065608094278,0.8662872485974276
roman-empire,SAGE,5,512,3e-05,8,4960,acc,1.0,1.0,2.3958396013767924e-06,,1.0,1.0,1.0,1.0,acc,0.9025595784187317,0.9025595784187317,0.7883363962173462,,0.8797693358295732,0.9016176587217861,0.8823196095877412,0.8782567300222641,acc,0.9002823829650879,0.9002823829650879,0.8243759274482727,,0.8744205878814765,0.8994925186481371,0.8734932332810058,0.8762392684628593
roman-empire,SAGE,1,512,3e-05,9,3520,acc,0.9994704723358154,0.9994704723358154,0.0017216993728652596,,0.9994040850364312,0.9994701579536949,0.9994081309035037,0.9994004742316192,acc,0.7950573563575745,0.7950573563575745,1.3880455493927002,,0.7294711229487638,0.788099951453464,0.7423842288343354,0.7244342740328323,acc,0.7920931577682495,0.7920931577682495,1.3501921892166138,,0.731379242176001,0.785851887644567,0.7390581914317033,0.729533995549874
roman-empire,SAGE,2,512,3e-05,9,4640,acc,0.9999117851257324,0.9999117851257324,0.0001922835799632594,,0.9998999794901763,0.9999117025490416,0.9999553770638108,0.999844816883923,acc,0.8556045889854431,0.8556045889854431,1.2128219604492188,,0.8131597462109416,0.8527269362519282,0.8181460479952141,0.8123790906384664,acc,0.84892338514328,0.84892338514328,1.190213918685913,,0.8059898511664136,0.846523310224736,0.808689693157325,0.8081254132126392
roman-empire,SAGE,3,512,3e-05,9,3670,acc,0.9999117851257324,0.9999117851257324,0.00014181753795128316,,0.9998999794901763,0.9999117025490416,0.9999553770638108,0.999844816883923,acc,0.8819064497947693,0.8819064497947693,0.8897817134857178,,0.8494759734697571,0.8795526224596664,0.8516934504865585,0.8499916314666989,acc,0.8748676180839539,0.8748676180839539,0.8727161884307861,,0.841114309807927,0.8735724837600343,0.8374568818221322,0.8467874499148922
roman-empire,SAGE,4,512,3e-05,9,4950,acc,1.0,1.0,1.7802756246965146e-06,,1.0,1.0,1.0,1.0,acc,0.8979699611663818,0.8979699611663818,0.8605043888092041,,0.8723961785722084,0.8964517684170757,0.8750264023226955,0.8712257145673324,acc,0.8956936001777649,0.8956936001777649,0.8564004898071289,,0.8673398135361148,0.894518660000236,0.8660585649265693,0.8693770596177631
roman-empire,SAGE,5,512,3e-05,9,3180,acc,1.0,1.0,6.789820326957852e-05,,1.0,1.0,1.0,1.0,acc,0.8972638845443726,0.8972638845443726,0.7724120020866394,,0.8711382733775004,0.8957494036516398,0.8720395513460666,0.8715164269654774,acc,0.8923402428627014,0.8923402428627014,0.7840174436569214,,0.8628443813319532,0.8914606041944328,0.8578728404447675,0.8687262156131007
roman-empire,GAT,1,512,3e-05,0,4630,acc,0.9866737723350525,0.9866737723350525,0.04207444190979004,,0.9871629733569445,0.9866852441313284,0.9857032278412271,0.9892381466469554,acc,0.7609885334968567,0.7609885334968567,1.1045782566070557,,0.7066833876655049,0.7593293121892197,0.7298309497161791,0.7051959893381224,acc,0.7423226237297058,0.7423226237297058,1.201115369796753,,0.6826914099930049,0.7407287150492878,0.7084380729337165,0.6835504398683465
roman-empire,GAT,2,512,3e-05,0,3180,acc,0.9856147170066833,0.9856147170066833,0.04100079834461212,,0.9830489131475149,0.9857082764162131,0.9786181219925797,0.9879687704800533,acc,0.7931156158447266,0.7931156158447266,0.9517043828964233,,0.7413768786014042,0.7917353593884946,0.7459066106059916,0.7584300089691083,acc,0.7772678732872009,0.7772678732872009,1.0140563249588013,,0.7206165614203459,0.7756776650552402,0.7210999227863301,0.7421636572552699
roman-empire,GAT,3,512,3e-05,0,4700,acc,0.9998235106468201,0.9998235106468201,0.0019073279108852148,,0.9998938422580811,0.9998234721122276,0.9999202597720563,0.9998675371623149,acc,0.8229479193687439,0.8229479193687439,1.02756929397583,,0.7768177081855774,0.8203836389285085,0.7824477179356272,0.7790209915093353,acc,0.8180373907089233,0.8180373907089233,1.0593763589859009,,0.7703974625519023,0.8148936352174236,0.7717102662897726,0.7754721722574759
roman-empire,GAT,4,512,3e-05,0,3660,acc,0.9997352361679077,0.9997352361679077,0.0020556231029331684,,0.9997582140236422,0.9997351960836958,0.9998636886179805,0.9996531697675759,acc,0.828420102596283,0.828420102596283,0.9413345456123352,,0.7822113280640892,0.8266355608334743,0.7879642681320389,0.7842921075224685,acc,0.8247440457344055,0.8247440457344055,0.954670250415802,,0.7796768701622219,0.822722855793096,0.7825355448306887,0.7834910645887279
roman-empire,GAT,5,512,3e-05,0,3590,acc,0.9998235106468201,0.9998235106468201,0.001552951755002141,,0.9996750803285646,0.9998236151135943,0.9995226710902941,0.9998288627171181,acc,0.8298322558403015,0.8298322558403015,0.9519206881523132,,0.7868871208223843,0.8281035908628076,0.7901257119389764,0.7905421770646822,acc,0.8266854882240295,0.8266854882240295,0.9690123200416565,,0.7835457269234516,0.8253079543928388,0.7843727481205636,0.7876900473379145
roman-empire,GAT,1,512,3e-05,1,2530,acc,0.9459006190299988,0.9459006190299988,0.15709561109542847,,0.9425079288876577,0.9459729793566153,0.9430503074897199,0.9473294160592423,acc,0.7486319541931152,0.7486319541931152,0.9522075057029724,,0.6907311710502424,0.7473609590493454,0.7229255962558648,0.6971403205905878,acc,0.7484998106956482,0.7484998106956482,0.9791946411132812,,0.6873598778508894,0.7468255741668313,0.7165968459332205,0.6882811595835858
roman-empire,GAT,2,512,3e-05,1,3210,acc,0.990645170211792,0.990645170211792,0.026689739897847176,,0.9904842131171022,0.9906744267899631,0.9880272524283242,0.9931164044877002,acc,0.7943512797355652,0.7943512797355652,0.9903202056884766,,0.7426315393776707,0.7931597801337766,0.7447861679796116,0.7552604114330984,acc,0.7915636897087097,0.7915636897087097,0.9990149140357971,,0.7356698768560358,0.789238076328699,0.7423457695017194,0.7465636541762286
roman-empire,GAT,3,512,3e-05,1,3380,acc,0.9992939829826355,0.9992939829826355,0.0045354338362813,,0.9992205128873652,0.9992941869535148,0.9991652628844313,0.9992771294616128,acc,0.8303618431091309,0.8303618431091309,0.8475339412689209,,0.7798949323268983,0.8274014086466791,0.7858001623552137,0.782749909309089,acc,0.8259795308113098,0.8259795308113098,0.8566024899482727,,0.7756135528541559,0.8223396524450225,0.7825237023378036,0.7763501096739787
roman-empire,GAT,4,512,3e-05,1,3260,acc,0.9995587468147278,0.9995587468147278,0.0024532449897378683,,0.9992047577167261,0.9995589899552602,0.9988838308745671,0.9995291449152597,acc,0.8285966515541077,0.8285966515541077,0.9112637639045715,,0.7749712318805732,0.8250724833908725,0.7810873412754646,0.778884882882634,acc,0.8272149562835693,0.8272149562835693,0.9087758660316467,,0.7793039559056821,0.8238164639683067,0.7879235609683072,0.7780064344098974
roman-empire,GAT,5,512,3e-05,1,3960,acc,0.9999117851257324,0.9999117851257324,0.0007501827785745263,,0.9999415449579669,0.9999117650463151,0.9999183006535949,0.9999648604961698,acc,0.8358340263366699,0.8358340263366699,0.9923096299171448,,0.7902616603340163,0.8334974361502318,0.79675546360176,0.7932178164689874,acc,0.8254500031471252,0.8254500031471252,1.0246182680130005,,0.7795799596291357,0.822585949500488,0.7906871609165022,0.7755909389180361
roman-empire,GAT,1,512,3e-05,2,3650,acc,0.9815550446510315,0.9815550446510315,0.06073552370071411,,0.9825252928680368,0.9814647745607225,0.9820215193933195,0.9840505903039856,acc,0.7539275884628296,0.7539275884628296,1.115907073020935,,0.6944464821499812,0.7501752230355131,0.7238498882122577,0.6929660207013246,acc,0.7474408745765686,0.7474408745765686,1.0716819763183594,,0.6981174979427666,0.7457269911262718,0.7269576193757499,0.6967659182175104
roman-empire,GAT,2,512,3e-05,2,2530,acc,0.9780248999595642,0.9780248999595642,0.06609612703323364,,0.9767467777255487,0.97821631138255,0.9726798587840167,0.9816685671606279,acc,0.7881729602813721,0.7881729602813721,0.9691008925437927,,0.7420744790837331,0.7853504186381108,0.7477022826752763,0.7573247710785144,acc,0.7793858051300049,0.7793858051300049,0.91695237159729,,0.7359020047538497,0.7771943990192316,0.7407109238845175,0.7472706469021416
roman-empire,GAT,3,512,3e-05,2,4190,acc,0.9994704723358154,0.9994704723358154,0.002894539386034012,,0.9993534365655518,0.9994707012426638,0.9992263514491341,0.9994826733336052,acc,0.8118270039558411,0.8118270039558411,1.0807996988296509,,0.7649558871656265,0.8078522444995401,0.7737051621793563,0.7646965846105315,acc,0.8113307356834412,0.8113307356834412,0.9781272411346436,,0.7675001060148068,0.8081714865783491,0.7750310559639144,0.765176477341796
roman-empire,GAT,4,512,3e-05,2,3950,acc,0.9999117851257324,0.9999117851257324,0.0008970531052909791,,0.9999125140316958,0.9999117805100369,0.9998698933125163,0.9999553052650398,acc,0.8227713704109192,0.8227713704109192,1.0876526832580566,,0.7778604372503234,0.8193473984858776,0.7840517207207724,0.7788228794912407,acc,0.8261560201644897,0.8261560201644897,0.9482340812683105,,0.7840584971663254,0.8236035434450528,0.7867964605040312,0.7874291187123572
roman-empire,GAT,5,512,3e-05,2,3310,acc,1.0,1.0,0.001383318449370563,,1.0,1.0,1.0,1.0,acc,0.8187113404273987,0.8187113404273987,1.0409191846847534,,0.7771627684889036,0.8161250120705139,0.7841816693021659,0.7770354194152561,acc,0.8229791522026062,0.8229791522026062,0.9185760617256165,,0.7797434814280265,0.8212506226837556,0.7845104405357554,0.7801031623026674
roman-empire,GAT,1,512,3e-05,3,2850,acc,0.9504016041755676,0.9504016041755676,0.14266687631607056,,0.9481149887553271,0.950102061932486,0.9491222994623776,0.9521291821569995,acc,0.7489849925041199,0.7489849925041199,1.0185083150863647,,0.6976739454198088,0.7483855511734784,0.7326579131511236,0.6928434953050513,acc,0.7539710402488708,0.7539710402488708,1.0290547609329224,,0.7036970814369219,0.7545536974091076,0.7317624712462996,0.703186506486093
roman-empire,GAT,2,512,3e-05,3,3200,acc,0.9905568957328796,0.9905568957328796,0.029216617345809937,,0.9898331037928639,0.99059957851729,0.9861334639632088,0.993766260778344,acc,0.7927625775337219,0.7927625775337219,1.0424619913101196,,0.7465324666903302,0.7919841175263231,0.7528435574682031,0.7604668197984314,acc,0.7857394814491272,0.7857394814491272,1.0204675197601318,,0.7412861899662532,0.7854459548817497,0.74143004265296,0.7578728243744127
roman-empire,GAT,3,512,3e-05,3,2940,acc,0.9984996914863586,0.9984996914863586,0.0074805524200201035,,0.9980249394873008,0.9985003636855675,0.997245837179778,0.9988130020133246,acc,0.8263018131256104,0.8263018131256104,0.8473418951034546,,0.7841187331931444,0.8247116256183931,0.789995562256042,0.7867539755288983,acc,0.8242145776748657,0.8242145776748657,0.8352222442626953,,0.783359797170777,0.8226630036122851,0.7852985088482801,0.7855006593720382
roman-empire,GAT,4,512,3e-05,3,3290,acc,0.9994704723358154,0.9994704723358154,0.0024640948977321386,,0.9994927657725658,0.9994705305742624,0.9994461737040456,0.9995401354458383,acc,0.8337157964706421,0.8337157964706421,0.9133589863777161,,0.792400554432215,0.8320389396828168,0.797629969055571,0.7928265142760302,acc,0.8261560201644897,0.8261560201644897,0.8844632506370544,,0.785062978720965,0.8250093012593647,0.7849329856186852,0.7881316555342971
roman-empire,GAT,5,512,3e-05,3,4030,acc,0.9999117851257324,0.9999117851257324,0.0005908135208301246,,0.9999523515701032,0.9999117488963901,0.9999494029548673,0.9999553411932833,acc,0.8323035836219788,0.8323035836219788,1.0379834175109863,,0.7907980057018639,0.8304576706459758,0.7943596334108753,0.793010069279727,acc,0.8300387859344482,0.8300387859344482,1.026566743850708,,0.7861859168424875,0.8287062906804962,0.7831762817961312,0.793297601906573
roman-empire,GAT,1,512,3e-05,4,3050,acc,0.9562262892723083,0.9562262892723083,0.130498006939888,,0.9550068704687151,0.9558660800250931,0.9554402242102099,0.9586241778319091,acc,0.7327449321746826,0.7327449321746826,1.0865566730499268,,0.6787040444750372,0.7301929305772004,0.7095902682551964,0.6896987847994357,acc,0.716378390789032,0.716378390789032,1.1648532152175903,,0.6544325985365297,0.7134191889399332,0.6808137313669451,0.665660992099337
roman-empire,GAT,2,512,3e-05,4,4220,acc,0.996734619140625,0.996734619140625,0.013433238491415977,,0.9958670444559393,0.9967398041397928,0.9942361419226512,0.997543019779454,acc,0.7917034029960632,0.7917034029960632,1.0512627363204956,,0.7432117608632954,0.7896825361462233,0.7389226686422801,0.7621228814977022,acc,0.7804447412490845,0.7804447412490845,1.1168752908706665,,0.7290437282295333,0.7779768795584177,0.7220620264212048,0.7511581971015883
roman-empire,GAT,3,512,3e-05,4,4640,acc,0.9996470212936401,0.9996470212936401,0.002949322108179331,,0.9994454167022803,0.9996469964472647,0.999344449718712,0.9995484792088454,acc,0.8277140259742737,0.8277140259742737,0.9316340684890747,,0.7814787521432845,0.8243715998007248,0.7835914182032436,0.7861014406361121,acc,0.8194493055343628,0.8194493055343628,1.013039469718933,,0.7704341578146253,0.8153027231210247,0.7768260319384434,0.7746881003298839
roman-empire,GAT,4,512,3e-05,4,5000,acc,0.9998235106468201,0.9998235106468201,0.000892262498382479,,0.999829974707127,0.9998234336882014,0.9999047800186782,0.9997554992704897,acc,0.83565753698349,0.83565753698349,0.9489532113075256,,0.7953426355519675,0.8328100908477107,0.797182172582959,0.7979685943436932,acc,0.8319802284240723,0.8319802284240723,1.026277780532837,,0.7843580683981979,0.82828372404195,0.788911945803961,0.7901896955423441
roman-empire,GAT,5,512,3e-05,4,4190,acc,0.9994704723358154,0.9994704723358154,0.0017777613829821348,,0.9994407464357697,0.9994706911506887,0.9993149763260205,0.9995682610895505,acc,0.8351279497146606,0.8351279497146606,0.9179989099502563,,0.7932773142726828,0.8338679099138185,0.7911634308062231,0.7987913821936667,acc,0.8273914456367493,0.8273914456367493,1.0100696086883545,,0.7793946356013786,0.8242488461184837,0.7806322537275983,0.7870209450085804
roman-empire,GAT,1,512,3e-05,5,4780,acc,0.9895861148834229,0.9895861148834229,0.032990921288728714,,0.9909533826963197,0.9895913357075684,0.9910458193624242,0.9912953601745964,acc,0.7597528696060181,0.7597528696060181,1.1609108448028564,,0.7102094065005908,0.757999068056737,0.7340234637629259,0.7091190876219989,acc,0.7612071633338928,0.7612071633338928,1.084810495376587,,0.7006493776443242,0.757478677245049,0.7315079472282713,0.6955096801558116
roman-empire,GAT,2,512,3e-05,5,2220,acc,0.9713176488876343,0.9713176488876343,0.0825330913066864,,0.9651347619170006,0.9715060671164336,0.9583009283878899,0.9736601717254187,acc,0.783583402633667,0.783583402633667,0.8829664587974548,,0.7266845502061555,0.7820688438870336,0.7276224339966496,0.7481232099882487,acc,0.79085773229599,0.79085773229599,0.8307995796203613,,0.7285276983532268,0.7876608371632545,0.7388897037472243,0.7430369540280982
roman-empire,GAT,3,512,3e-05,5,3450,acc,0.9993822574615479,0.9993822574615479,0.004937909543514252,,0.999320591908347,0.9993821905528517,0.9992106981363942,0.9994328341359408,acc,0.821006178855896,0.821006178855896,0.8988997340202332,,0.7740062359087294,0.8173198932582858,0.7757108676405808,0.7819713345423577,acc,0.8192728161811829,0.8192728161811829,0.8608475923538208,,0.7689890754301072,0.8160531914960243,0.7752160715451574,0.7726726303316362
roman-empire,GAT,4,512,3e-05,5,3340,acc,0.9994704723358154,0.9994704723358154,0.003022579476237297,,0.9990945866059313,0.9994703137595562,0.9988382552073437,0.9993558154249023,acc,0.8264783620834351,0.8264783620834351,0.9123837947845459,,0.7745121528907928,0.823108211220629,0.7754616115110129,0.781295672259639,acc,0.8226261734962463,0.8226261734962463,0.8642714023590088,,0.7726705233222709,0.8203480397269911,0.7807006687735641,0.7733825016946492
roman-empire,GAT,5,512,3e-05,5,3770,acc,0.9999117851257324,0.9999117851257324,0.0009578493190929294,,0.9998035062716232,0.9999118671214088,0.9996527777777777,0.9999553411932833,acc,0.8294792175292969,0.8294792175292969,0.9702939391136169,,0.781717061555645,0.8266199749363288,0.7807966674047481,0.789352505445317,acc,0.8303917646408081,0.8303917646408081,0.9354246854782104,,0.7822973215217037,0.828065749402323,0.7863792384188166,0.7840255555680827
roman-empire,GAT,1,512,3e-05,6,4990,acc,0.9919689297676086,0.9919689297676086,0.027278004214167595,,0.9925262181558069,0.9919717920063271,0.9921720737981801,0.9931544006098272,acc,0.7465136647224426,0.7465136647224426,1.1898607015609741,,0.6950083701589054,0.7452721205064712,0.7234378764493311,0.6928199682558434,acc,0.7474408745765686,0.7474408745765686,1.208691954612732,,0.6894802778034731,0.7477113610051502,0.7151123145411071,0.6885373599222637
roman-empire,GAT,2,512,3e-05,6,2400,acc,0.9706998467445374,0.9706998467445374,0.0820053443312645,,0.9659610782508697,0.9708697466472189,0.9602829607303741,0.973210420071567,acc,0.7784642577171326,0.7784642577171326,0.9321985244750977,,0.727691948310832,0.7746977225017133,0.7306918530536056,0.7458918123645485,acc,0.7845040559768677,0.7845040559768677,0.9054791331291199,,0.729560833891605,0.7818967851458349,0.729183417192505,0.7488958218251213
roman-empire,GAT,3,512,3e-05,6,4170,acc,0.9997352361679077,0.9997352361679077,0.002307204995304346,,0.9998198422695818,0.9997352724485141,0.9998484848484848,0.9997916659261428,acc,0.813768744468689,0.813768744468689,1.0535749197006226,,0.767763797650027,0.8099493247222884,0.7682939526035272,0.7731478850343819,acc,0.8212142586708069,0.8212142586708069,1.0083223581314087,,0.7745586429802018,0.818088613645172,0.7754554081156688,0.7819953018306982
roman-empire,GAT,4,512,3e-05,6,3950,acc,0.9996470212936401,0.9996470212936401,0.0014010668965056539,,0.9996244579853683,0.9996469486680497,0.9996719110415628,0.999577730796351,acc,0.8199470043182373,0.8199470043182373,1.0621014833450317,,0.7726965975943466,0.8159460780211014,0.7760925155129145,0.7756284295735385,acc,0.8187433481216431,0.8187433481216431,1.0255898237228394,,0.7701142619467073,0.8159188799077063,0.7731141174340695,0.7747633160786216
roman-empire,GAT,5,512,3e-05,6,4270,acc,0.9999117851257324,0.9999117851257324,0.0004482479998841882,,0.9999523335915264,0.9999117488821101,0.9999494029548673,0.9999553052650398,acc,0.8195939660072327,0.8195939660072327,1.1574420928955078,,0.7729328287565429,0.8162604298450066,0.773793868607548,0.7772072945337526,acc,0.8261560201644897,0.8261560201644897,1.0748251676559448,,0.7818260899194086,0.8233782887893308,0.7815063309662823,0.7892519967941383
roman-empire,GAT,1,512,3e-05,7,4920,acc,0.9921454787254333,0.9921454787254333,0.027016976848244667,,0.9927315827380538,0.9921240783021662,0.9936168327176669,0.9921609248335622,acc,0.7669902443885803,0.7669902443885803,1.104231834411621,,0.712344466550024,0.7649960876810682,0.7444864713025571,0.7088283065138125,acc,0.7643840312957764,0.7643840312957764,1.1191133260726929,,0.7103521738096167,0.762540812608162,0.7449738195812985,0.7052640392624316
roman-empire,GAT,2,512,3e-05,7,3760,acc,0.9935575127601624,0.9935575127601624,0.020039211958646774,,0.9914248762659583,0.9935753183920027,0.9883922482758778,0.9946567876711381,acc,0.7943512797355652,0.7943512797355652,1.0780391693115234,,0.7407879369467213,0.7913221219636157,0.7451064788328646,0.7558088820019282,acc,0.793505072593689,0.793505072593689,1.0626299381256104,,0.74138481849876,0.7902110905448942,0.7403967249288756,0.7615490670947858
roman-empire,GAT,3,512,3e-05,7,3330,acc,0.9992939829826355,0.9992939829826355,0.005327233113348484,,0.999225245694388,0.9992932565660958,0.9992861518491628,0.9991687133731519,acc,0.8217122554779053,0.8217122554779053,0.9017965793609619,,0.7755915019349089,0.8187753341806386,0.7819352926582819,0.7765342446885013,acc,0.8275679349899292,0.8275679349899292,0.880377471446991,,0.783210553234079,0.8242252176587765,0.7867691139006009,0.7881741579673194
roman-empire,GAT,4,512,3e-05,7,3750,acc,0.9997352361679077,0.9997352361679077,0.0015718586510047317,,0.9995197342344313,0.9997353904662376,0.9994349996626863,0.9996078140983976,acc,0.8277140259742737,0.8277140259742737,0.9727976322174072,,0.7838878490135124,0.8240850068018356,0.789018200247145,0.7871155391852258,acc,0.8335686326026917,0.8335686326026917,0.9363154172897339,,0.7926340435738422,0.8305072835747562,0.7992824064258615,0.7956645800889657
roman-empire,GAT,5,512,3e-05,7,3280,acc,0.9997352361679077,0.9997352361679077,0.001997657585889101,,0.9996963129250251,0.9997347735983441,0.9998602287083899,0.9995344506517692,acc,0.8300088047981262,0.8300088047981262,0.9450286030769348,,0.7834263319109556,0.8272199541367131,0.7837148406099689,0.7905557103700614,acc,0.837274968624115,0.837274968624115,0.9177018404006958,,0.7935100178966853,0.835221497181481,0.7940473136629244,0.8026504190173095
roman-empire,GAT,1,512,3e-05,8,2440,acc,0.9329273700714111,0.9329273700714111,0.1952054798603058,,0.930401310926061,0.9323492064119202,0.9367045641839845,0.9307221418779812,acc,0.7431597113609314,0.7431597113609314,0.95853590965271,,0.6891471764210267,0.7400588289836433,0.7179926843832694,0.6904805913879264,acc,0.7529121041297913,0.7529121041297913,0.9543156027793884,,0.7022481517711046,0.7510085489928074,0.7339222632402804,0.6994478636013246
roman-empire,GAT,2,512,3e-05,8,2490,acc,0.9782013893127441,0.9782013893127441,0.06446351110935211,,0.976270981919867,0.9782729196095185,0.9690612338592752,0.9843022543194798,acc,0.790820837020874,0.790820837020874,0.8530592322349548,,0.748609358379931,0.789883919536185,0.7426951448837485,0.7651736743571697,acc,0.7905047535896301,0.7905047535896301,0.8733832240104675,,0.7424733685926966,0.78974738895275,0.7404141615631854,0.7582642162861242
roman-empire,GAT,3,512,3e-05,8,3240,acc,0.9993822574615479,0.9993822574615479,0.006340535823255777,,0.9992051518639733,0.9993823305562644,0.9990884901388064,0.9993251348131506,acc,0.8229479193687439,0.8229479193687439,0.8393579721450806,,0.7864662460660845,0.8208201814005802,0.7878962528424993,0.7898276015500449,acc,0.8185668587684631,0.8185668587684631,0.8872953057289124,,0.7765542522917532,0.8164365875177099,0.7825480002767448,0.7767574584042352
roman-empire,GAT,4,512,3e-05,8,3350,acc,0.9994704723358154,0.9994704723358154,0.0030902461148798466,,0.9992306009503695,0.9994719322887714,0.998848335616617,0.9996226552018584,acc,0.8255957365036011,0.8255957365036011,0.866716742515564,,0.7866771939131783,0.824139959484697,0.7875618484734312,0.7920653250089837,acc,0.8261560201644897,0.8261560201644897,0.9048755764961243,,0.7835254479074031,0.825567852951055,0.7878937814736575,0.7840650477636417
roman-empire,GAT,5,512,3e-05,8,3740,acc,0.9995587468147278,0.9995587468147278,0.00134573457762599,,0.9994570721479867,0.9995590576211159,0.9992641260698034,0.9996527677317337,acc,0.8305383920669556,0.8305383920669556,0.9435611367225647,,0.7896119639714981,0.8279326411404686,0.7950637443414771,0.7923804916103299,acc,0.8238615989685059,0.8238615989685059,0.9806249141693115,,0.7779011179793394,0.8212860602011189,0.7818174189331217,0.7792290168328353
roman-empire,GAT,1,512,3e-05,9,4980,acc,0.9902921319007874,0.9902921319007874,0.030290672555565834,,0.9919911762928196,0.9902309667100195,0.991487442894325,0.9928487758801354,acc,0.753574550151825,0.753574550151825,1.1678991317749023,,0.7016809607111826,0.7516084604502824,0.72766354227297,0.6990205398606815,acc,0.7587363123893738,0.7587363123893738,1.149837613105774,,0.7029208531319059,0.7550723953413522,0.7200924837498306,0.7084257209956016
roman-empire,GAT,2,512,3e-05,9,2790,acc,0.982261061668396,0.982261061668396,0.05369463190436363,,0.9788158692382558,0.9823613713873687,0.9736007867663522,0.9849006283335073,acc,0.7807590365409851,0.7807590365409851,0.9906995296478271,,0.7343197858108909,0.7781043112898531,0.7414984676049496,0.7495479421997249,acc,0.7797387838363647,0.7797387838363647,0.9979827404022217,,0.7210719882016549,0.7750767373456777,0.7231010459278533,0.7422059976332304
roman-empire,GAT,3,512,3e-05,9,4020,acc,0.9995587468147278,0.9995587468147278,0.0034535634331405163,,0.9992489967984746,0.9995588473827486,0.9990561276745341,0.9994470507325737,acc,0.8185348510742188,0.8185348510742188,0.9720075726509094,,0.7734673887854111,0.8144244549899194,0.7793236728162719,0.7762574774912041,acc,0.8171549439430237,0.8171549439430237,0.9762868285179138,,0.7664536022238505,0.8129268182264686,0.7705420845357218,0.7720219007789484
roman-empire,GAT,4,512,3e-05,9,4900,acc,1.0,1.0,0.0006356301018968225,,1.0,1.0,1.0,1.0,acc,0.8305383920669556,0.8305383920669556,1.0326002836227417,,0.788639121427405,0.8271185950155769,0.7949220782749866,0.79083820853914,acc,0.8243910670280457,0.8243910670280457,1.041050672531128,,0.7788449805879994,0.8201803736040136,0.7816327253809437,0.7842720672901985
roman-empire,GAT,5,512,3e-05,9,3850,acc,0.9999117851257324,0.9999117851257324,0.001124687260016799,,0.9998295598885135,0.9999118168777097,0.9997416020671834,0.9999181803305515,acc,0.8280670642852783,0.8280670642852783,1.0005340576171875,,0.7877789763266784,0.8257345973497815,0.7957716470009718,0.7861090109932987,acc,0.8247440457344055,0.8247440457344055,0.9887642860412598,,0.7781850510256786,0.8212347368630422,0.7803035298774428,0.783469871844729
roman-empire,GAT-sep,1,512,3e-05,0,3110,acc,0.9998235106468201,0.9998235106468201,0.0007547747809439898,,0.9998005544139102,0.9998236679031057,0.9996913580246913,0.9999106823865667,acc,0.8158870339393616,0.8158870339393616,1.1266134977340698,,0.7665102819643907,0.8109730902097391,0.7771183988018497,0.7651139426767873,acc,0.8023296594619751,0.8023296594619751,1.192475438117981,,0.7468204583707877,0.7981508502217785,0.7566337921801339,0.7466755142442819
roman-empire,GAT-sep,2,512,3e-05,0,3100,acc,0.9998235106468201,0.9998235106468201,0.00028387492056936026,,0.9998005544139102,0.9998236679031057,0.9996913580246913,0.9999106823865667,acc,0.8732568025588989,0.8732568025588989,0.7959285378456116,,0.8423534240660213,0.8721109452652177,0.8405632672465569,0.850995598787623,acc,0.8686904311180115,0.8686904311180115,0.8647424578666687,,0.8348890498738524,0.8672995609388781,0.8332107637225181,0.8416919055458764
roman-empire,GAT-sep,3,512,3e-05,0,4980,acc,1.0,1.0,3.383776402188232e-06,,1.0,1.0,1.0,1.0,acc,0.9050308465957642,0.9050308465957642,0.7631747126579285,,0.8853408412882587,0.9041057118082545,0.8834950814387605,0.8892177672345221,acc,0.8986939191818237,0.8986939191818237,0.7880284786224365,,0.873882464760729,0.8976820246904081,0.8701976339776881,0.879554595968454
roman-empire,GAT-sep,4,512,3e-05,0,4040,acc,1.0,1.0,7.830090908100829e-06,,1.0,1.0,1.0,1.0,acc,0.9124448299407959,0.9124448299407959,0.6612265110015869,,0.8945050536507362,0.9113467607728392,0.8931093945229743,0.897396841551352,acc,0.9085774421691895,0.9085774421691895,0.6966429352760315,,0.8820448044812864,0.9075490910035634,0.8780103473071125,0.8875426901228722
roman-empire,GAT-sep,5,512,3e-05,0,1950,acc,0.9998235106468201,0.9998235106468201,0.00042658252641558647,,0.9998005544139102,0.9998236679031057,0.9996913580246913,0.9999106823865667,acc,0.9103265404701233,0.9103265404701233,0.5489526987075806,,0.8905660961181694,0.9094783592940753,0.8851873940910014,0.8974002544886357,acc,0.9016942977905273,0.9016942977905273,0.5750305652618408,,0.8759204296380125,0.9007606944008812,0.8716592074061786,0.8825558068291897
roman-empire,GAT-sep,1,512,3e-05,1,2120,acc,0.9991174936294556,0.9991174936294556,0.004615447949618101,,0.9992447466775235,0.9991172017776946,0.9993323506177849,0.9991606469470001,acc,0.8171226382255554,0.8171226382255554,0.9367257356643677,,0.7675339457297896,0.8130044519916428,0.7808108749939736,0.7653154354966614,acc,0.8143310546875,0.8143310546875,0.9679008722305298,,0.7647095178320993,0.8096403725732098,0.7798048798196907,0.7584913089024794
roman-empire,GAT-sep,2,512,3e-05,1,3190,acc,1.0,1.0,2.3915801648399793e-05,,1.0,1.0,1.0,1.0,acc,0.8831420540809631,0.8831420540809631,0.7558116912841797,,0.8548854344380867,0.8820659617183313,0.8579009151497412,0.8559020003267093,acc,0.8792799115180969,0.8792799115180969,0.7580019235610962,,0.8491501110027849,0.8781027915073183,0.8551619568167568,0.8468279376403782
roman-empire,GAT-sep,3,512,3e-05,1,4940,acc,1.0,1.0,6.417691906790424e-07,,1.0,1.0,1.0,1.0,acc,0.9073256850242615,0.9073256850242615,0.733914315700531,,0.8874326203292277,0.9063994080736736,0.8856717172776548,0.8907134965161558,acc,0.9031062126159668,0.9031062126159668,0.7023601531982422,,0.8797962693486735,0.902279908284742,0.8836022831566367,0.877322318141117
roman-empire,GAT-sep,4,512,3e-05,1,3460,acc,1.0,1.0,2.9773154892609455e-06,,1.0,1.0,1.0,1.0,acc,0.9103265404701233,0.9103265404701233,0.6577774882316589,,0.8900623664491586,0.9094945097068445,0.8885577298253513,0.8934955086211835,acc,0.9126367568969727,0.9126367568969727,0.623832106590271,,0.8871832624016668,0.9117044552083668,0.8885916239988751,0.8874030658471386
roman-empire,GAT-sep,5,512,3e-05,1,2750,acc,1.0,1.0,1.1310937225061934e-05,,1.0,1.0,1.0,1.0,acc,0.9140335321426392,0.9140335321426392,0.5769076347351074,,0.8939513983596529,0.9134313322402674,0.8910831191387606,0.8982569025832063,acc,0.9131662249565125,0.9131662249565125,0.5604823231697083,,0.892230877544285,0.9126421912676614,0.8953899174912703,0.8901740264083252
roman-empire,GAT-sep,1,512,3e-05,2,2540,acc,0.9999117851257324,0.9999117851257324,0.001087451702915132,,0.9998999615404922,0.9999117025632986,0.9999553411932833,0.999844816883923,acc,0.8042365312576294,0.8042365312576294,1.1436442136764526,,0.7531568749589828,0.7986676337138681,0.768380956647663,0.7487429526695999,acc,0.8079773783683777,0.8079773783683777,1.0500520467758179,,0.7569990861171777,0.8031334158755227,0.7731101404437801,0.7518522156916089
roman-empire,GAT-sep,2,512,3e-05,2,3700,acc,1.0,1.0,2.0335019144113176e-05,,1.0,1.0,1.0,1.0,acc,0.8727272748947144,0.8727272748947144,0.9136590361595154,,0.843185231683883,0.8709980180698009,0.8460021820019256,0.8436114377689312,acc,0.8734557032585144,0.8734557032585144,0.8254972696304321,,0.8428815056003893,0.8720302459993445,0.8465224849204677,0.8434171546568394
roman-empire,GAT-sep,3,512,3e-05,2,4820,acc,1.0,1.0,6.560624683515925e-07,,1.0,1.0,1.0,1.0,acc,0.8986760377883911,0.8986760377883911,0.8408942818641663,,0.8752162449870614,0.8971865038040993,0.877795205900393,0.8739955104534097,acc,0.9059301018714905,0.9059301018714905,0.7390426993370056,,0.8821149753361177,0.9050076668008015,0.8812198857460869,0.8849661401449044
roman-empire,GAT-sep,4,512,3e-05,2,3570,acc,1.0,1.0,4.475639798329212e-06,,1.0,1.0,1.0,1.0,acc,0.902383029460907,0.902383029460907,0.7489644885063171,,0.8786757752794632,0.9014010371991578,0.8790609645657361,0.8795456295335523,acc,0.9061065912246704,0.9061065912246704,0.6118740439414978,,0.882203481807501,0.9051539455313952,0.8825231391223534,0.8838351456309635
roman-empire,GAT-sep,5,512,3e-05,2,3910,acc,1.0,1.0,2.193477030232316e-06,,1.0,1.0,1.0,1.0,acc,0.9083847999572754,0.9083847999572754,0.7250211834907532,,0.8903649165027105,0.9078792746129154,0.8897922381000891,0.8915927118588203,acc,0.9105188846588135,0.9105188846588135,0.6245507001876831,,0.8893050318581108,0.9099161701915197,0.8865266039461212,0.8938621459182785
roman-empire,GAT-sep,1,512,3e-05,3,4460,acc,0.9996470212936401,0.9996470212936401,0.0008835657499730587,,0.9996011806843074,0.9996469861442061,0.9996011806843074,0.9996011806843074,acc,0.8144748210906982,0.8144748210906982,1.3136605024337769,,0.7583420911010714,0.811263288875905,0.769343413159142,0.7545810350145654,acc,0.8136250972747803,0.8136250972747803,1.3050429821014404,,0.765229693393983,0.8107077132248085,0.7729930649723072,0.7637985190367337
roman-empire,GAT-sep,2,512,3e-05,3,3850,acc,1.0,1.0,6.0356058384059e-05,,1.0,1.0,1.0,1.0,acc,0.8817299008369446,0.8817299008369446,0.8558739423751831,,0.8471898590320864,0.8808403975598575,0.8502904745071834,0.8482812076885592,acc,0.8764560222625732,0.8764560222625732,0.8523639440536499,,0.8451685254360922,0.8754161982913815,0.8458258491658854,0.8479660528738139
roman-empire,GAT-sep,3,512,3e-05,3,3580,acc,1.0,1.0,2.419222073513083e-05,,1.0,1.0,1.0,1.0,acc,0.9046778082847595,0.9046778082847595,0.7062246799468994,,0.8804694891523764,0.9040865542642067,0.8843912899137981,0.8794459894609744,acc,0.8981644511222839,0.8981644511222839,0.710090696811676,,0.873676541166056,0.8974537827002728,0.8750958481754051,0.874897225361027
roman-empire,GAT-sep,4,512,3e-05,3,4800,acc,1.0,1.0,6.901366305100964e-07,,1.0,1.0,1.0,1.0,acc,0.9156222343444824,0.9156222343444824,0.7012366652488708,,0.8957897980043796,0.9152617488518502,0.895778423192595,0.8970143906453539,acc,0.9105188846588135,0.9105188846588135,0.7282066941261292,,0.8878857394733759,0.9098965835201688,0.8873134113752054,0.8895301227477588
roman-empire,GAT-sep,5,512,3e-05,3,2940,acc,1.0,1.0,1.8951670426758938e-05,,1.0,1.0,1.0,1.0,acc,0.9115622043609619,0.9115622043609619,0.6002891063690186,,0.8884256970858837,0.9116426907328544,0.8863635371287861,0.8918738922685121,acc,0.9106953740119934,0.9106953740119934,0.6224133968353271,,0.8884297424635555,0.9103481499768569,0.8877246015428961,0.8900343072394423
roman-empire,GAT-sep,1,512,3e-05,4,2910,acc,0.9997352361679077,0.9997352361679077,0.0009385201265104115,,0.9996993383755152,0.9997348420389166,0.9998663458968191,0.9995344506517692,acc,0.8139452338218689,0.8139452338218689,1.1290385723114014,,0.7635220892807674,0.8095126136198586,0.7776165474157735,0.7597004772477854,acc,0.7984468340873718,0.7984468340873718,1.197981595993042,,0.7422157582461832,0.7922891670310004,0.7543310216805492,0.743139943862621
roman-empire,GAT-sep,2,512,3e-05,4,4850,acc,1.0,1.0,3.4256314393132925e-05,,1.0,1.0,1.0,1.0,acc,0.880317747592926,0.880317747592926,0.9743176698684692,,0.8545013867599699,0.8788256541596235,0.855476136446387,0.8588355633952204,acc,0.869925856590271,0.869925856590271,0.9892085194587708,,0.838740032515647,0.8676766730678477,0.8370913919433972,0.8459378992330758
roman-empire,GAT-sep,3,512,3e-05,4,2580,acc,0.9999117851257324,0.9999117851257324,0.000330738170305267,,0.9998999794901763,0.9999117025490416,0.9999553770638108,0.999844816883923,acc,0.8999117016792297,0.8999117016792297,0.6553967595100403,,0.8812611154036435,0.8985721008096114,0.8819172243548788,0.882794839705968,acc,0.8963995575904846,0.8963995575904846,0.653145432472229,,0.873500151814209,0.8948854206414032,0.8690102513659738,0.8802947447243015
roman-empire,GAT-sep,4,512,3e-05,4,3260,acc,0.9999117851257324,0.9999117851257324,0.00011846362031064928,,0.9998999794901763,0.9999117025490416,0.9999553770638108,0.999844816883923,acc,0.9112091660499573,0.9112091660499573,0.6544507741928101,,0.8955977635792028,0.9101042635628851,0.8952140997720893,0.8971026098525895,acc,0.9099893569946289,0.9099893569946289,0.6287132501602173,,0.891894041437272,0.9086729544054197,0.8918871598601338,0.893304582736227
roman-empire,GAT-sep,5,512,3e-05,4,3840,acc,1.0,1.0,8.598090971645433e-06,,1.0,1.0,1.0,1.0,acc,0.9159752726554871,0.9159752726554871,0.6724948287010193,,0.9004831905703704,0.9151033580706269,0.9008315125131988,0.9010431038638943,acc,0.914401650428772,0.914401650428772,0.6251387596130371,,0.8975275913398553,0.9133736782538037,0.8954745500674073,0.9006662088807423
roman-empire,GAT-sep,1,512,3e-05,5,2030,acc,0.998587965965271,0.998587965965271,0.007094474975019693,,0.9986871920690601,0.9985860723766058,0.9989366283736434,0.9984425953645092,acc,0.805472195148468,0.805472195148468,0.9945765733718872,,0.7555693972152224,0.8005827806996973,0.7679903237296656,0.7541481303719781,acc,0.8183903694152832,0.8183903694152832,0.8823398947715759,,0.7671161109657597,0.8138711372013531,0.7821703546238832,0.7627314603611436
roman-empire,GAT-sep,2,512,3e-05,5,4780,acc,1.0,1.0,5.482027518155519e-06,,1.0,1.0,1.0,1.0,acc,0.8781994581222534,0.8781994581222534,0.9285248517990112,,0.8521218672858637,0.8775989059256163,0.8549344645896177,0.8521537600285595,acc,0.8851041197776794,0.8851041197776794,0.8032417297363281,,0.8543040106993267,0.8839961776832054,0.8633443025083641,0.8487922017249376
roman-empire,GAT-sep,3,512,3e-05,5,3470,acc,1.0,1.0,1.5981435353751294e-05,,1.0,1.0,1.0,1.0,acc,0.9007943272590637,0.9007943272590637,0.703570544719696,,0.8802596220945754,0.8995372879787606,0.8798234989008124,0.8827736098189372,acc,0.9084009528160095,0.9084009528160095,0.6283065676689148,,0.8859182385944157,0.9077313918860795,0.8893797556588107,0.8839695080383898
roman-empire,GAT-sep,4,512,3e-05,5,3160,acc,1.0,1.0,1.2685147339652758e-05,,1.0,1.0,1.0,1.0,acc,0.9075021743774414,0.9075021743774414,0.6639843583106995,,0.8869161114309003,0.9065270000246484,0.8867705438428208,0.8884475975762897,acc,0.9114013314247131,0.9114013314247131,0.59201979637146,,0.8875433613566754,0.9108077458487195,0.8873413471725544,0.8885260411057359
roman-empire,GAT-sep,5,512,3e-05,5,4800,acc,1.0,1.0,4.6964510147518013e-07,,1.0,1.0,1.0,1.0,acc,0.9143865704536438,0.9143865704536438,0.7049554586410522,,0.8975996676017353,0.9136467058798406,0.8983131900103669,0.8977262524782227,acc,0.9182844758033752,0.9182844758033752,0.6376164555549622,,0.8986294003287179,0.9177270145156297,0.8982266365379475,0.9000532684903191
roman-empire,GAT-sep,1,512,3e-05,6,1780,acc,0.9962051510810852,0.9962051510810852,0.013497687876224518,,0.996246000384337,0.9962104078299007,0.9960830568925156,0.9964797434781434,acc,0.8070608973503113,0.8070608973503113,0.9479662179946899,,0.7606962160408091,0.8032223264044829,0.7791519950549253,0.7560841272106296,acc,0.8058595061302185,0.8058595061302185,0.9547929763793945,,0.7530631377049903,0.8021791837091699,0.768042068363732,0.7493215615122935
roman-empire,GAT-sep,2,512,3e-05,6,4520,acc,1.0,1.0,4.5727297219855245e-06,,1.0,1.0,1.0,1.0,acc,0.8679611682891846,0.8679611682891846,1.0062941312789917,,0.8419367837152207,0.8673191904495677,0.8400683518141789,0.8468117133733025,acc,0.8686904311180115,0.8686904311180115,1.0254757404327393,,0.8359412677651049,0.8678029354079917,0.8366534365850904,0.8401899973719864
roman-empire,GAT-sep,3,512,3e-05,6,4290,acc,1.0,1.0,2.4187929739127867e-06,,1.0,1.0,1.0,1.0,acc,0.8958516716957092,0.8958516716957092,0.8028022050857544,,0.8771607731814874,0.8953380525606108,0.8744195466499792,0.881370542116551,acc,0.8995763659477234,0.8995763659477234,0.7769182920455933,,0.8773600792136182,0.8990231721397975,0.8759772163751028,0.8803379341216423
roman-empire,GAT-sep,4,512,3e-05,6,3740,acc,1.0,1.0,3.0554429031326436e-06,,1.0,1.0,1.0,1.0,acc,0.9062665104866028,0.9062665104866028,0.7155501246452332,,0.8887708361472646,0.9059047131098567,0.8852557503181367,0.8937876814920325,acc,0.9064595699310303,0.9064595699310303,0.69682776927948,,0.8857587187231755,0.9058556376752744,0.8838921030509942,0.8898007064023636
roman-empire,GAT-sep,5,512,3e-05,6,4920,acc,1.0,1.0,3.9122875250541256e-07,,1.0,1.0,1.0,1.0,acc,0.9089143872261047,0.9089143872261047,0.7358593344688416,,0.8913530812037173,0.908637175159395,0.887579145674755,0.8962954117786486,acc,0.9122837781906128,0.9122837781906128,0.6984453201293945,,0.8943783884904121,0.9117563221095412,0.8934652598246944,0.896343055795504
roman-empire,GAT-sep,1,512,3e-05,7,1540,acc,0.9923219680786133,0.9923219680786133,0.026671210303902626,,0.9913938387621264,0.9923187832234492,0.9916924913700047,0.9913222588066901,acc,0.8100617527961731,0.8100617527961731,0.8608328700065613,,0.7560398442885139,0.8048112822063266,0.7756788610642943,0.7503840576134165,acc,0.8090363144874573,0.8090363144874573,0.8709652423858643,,0.7536368527304343,0.804058866924603,0.7698012781910046,0.748423417969224
roman-empire,GAT-sep,2,512,3e-05,7,4670,acc,1.0,1.0,1.2396173588058446e-05,,1.0,1.0,1.0,1.0,acc,0.8729037642478943,0.8729037642478943,0.9532934427261353,,0.8398257116149248,0.8713582903385492,0.8452216032958773,0.8398470957078931,acc,0.8720437288284302,0.8720437288284302,0.9554471969604492,,0.8397118916528924,0.8705826476003545,0.8424136558111393,0.8423893901387428
roman-empire,GAT-sep,3,512,3e-05,7,3970,acc,1.0,1.0,1.137726485467283e-05,,1.0,1.0,1.0,1.0,acc,0.89496910572052,0.89496910572052,0.7631716132164001,,0.8698428581362516,0.8938311732812436,0.8717664058460184,0.8702220535368329,acc,0.8981644511222839,0.8981644511222839,0.7597475051879883,,0.8756015619569962,0.8972499171146382,0.8758125497608144,0.8783453367921451
roman-empire,GAT-sep,4,512,3e-05,7,4400,acc,1.0,1.0,1.3033959476160817e-06,,1.0,1.0,1.0,1.0,acc,0.9071491360664368,0.9071491360664368,0.7082246541976929,,0.8877500899719344,0.9066667711204534,0.8867930349714395,0.8906786840943524,acc,0.9068125486373901,0.9068125486373901,0.7230815291404724,,0.8854274145648294,0.9062649845906205,0.8848469927574416,0.8879515781286105
roman-empire,GAT-sep,5,512,3e-05,7,2610,acc,1.0,1.0,8.15103339846246e-05,,1.0,1.0,1.0,1.0,acc,0.9064430594444275,0.9064430594444275,0.622046172618866,,0.8862786247546633,0.9059004157243127,0.8844076944189758,0.8898451872390134,acc,0.9066360592842102,0.9066360592842102,0.6177062392234802,,0.8813020115568527,0.9058664433267941,0.8796679541016325,0.8851115519754872
roman-empire,GAT-sep,1,512,3e-05,8,2500,acc,0.9998235106468201,0.9998235106468201,0.0018450530478730798,,0.9997971684540262,0.9998232844002982,0.9999047441481507,0.9996904982977407,acc,0.8051191568374634,0.8051191568374634,1.0492318868637085,,0.7506610800185419,0.7996619076896034,0.7612153156606979,0.7500068850114698,acc,0.8088598251342773,0.8088598251342773,1.067489504814148,,0.7571545777345291,0.8045856637261293,0.771952007835252,0.7549529040651312
roman-empire,GAT-sep,2,512,3e-05,8,4280,acc,1.0,1.0,1.421829620085191e-05,,1.0,1.0,1.0,1.0,acc,0.8792585730552673,0.8792585730552673,0.8295547366142273,,0.849514534325465,0.8781174933200776,0.8498835967761343,0.8532211014546728,acc,0.8741616606712341,0.8741616606712341,0.8834778070449829,,0.8424954955939294,0.8734772097478661,0.8435726769333965,0.8457040729005766
roman-empire,GAT-sep,3,512,3e-05,8,3550,acc,1.0,1.0,1.3883155588700902e-05,,1.0,1.0,1.0,1.0,acc,0.903265655040741,0.903265655040741,0.6418802738189697,,0.8788183135857488,0.9024732053438447,0.8787399354573312,0.881382561876942,acc,0.8992233872413635,0.8992233872413635,0.6810103058815002,,0.8721220631725627,0.898639976422672,0.8682608344992601,0.8774264756762062
roman-empire,GAT-sep,4,512,3e-05,8,3230,acc,1.0,1.0,1.774713928170968e-05,,1.0,1.0,1.0,1.0,acc,0.909620463848114,0.909620463848114,0.5761293768882751,,0.8895178132152536,0.9088719893773219,0.8895072720301046,0.8910718281897646,acc,0.9094598889350891,0.9094598889350891,0.6196761131286621,,0.8879406170440882,0.9088726571951558,0.88652843131739,0.8905685201335447
roman-empire,GAT-sep,5,512,3e-05,8,3630,acc,1.0,1.0,7.19287572792382e-06,,1.0,1.0,1.0,1.0,acc,0.9145630598068237,0.9145630598068237,0.6040859222412109,,0.8951930449496568,0.9139387402628458,0.8969288382732974,0.8948127580551648,acc,0.9092833995819092,0.9092833995819092,0.638190746307373,,0.8883061863650615,0.9087128212513379,0.8863695596431515,0.8913512672031276
roman-empire,GAT-sep,1,512,3e-05,9,3560,acc,0.9994704723358154,0.9994704723358154,0.0015278926584869623,,0.9994040850364312,0.9994701579536949,0.9994081309035037,0.9994004742316192,acc,0.8082965612411499,0.8082965612411499,1.2178932428359985,,0.7529574931582217,0.802546978607939,0.7672778801646917,0.7483478391344831,acc,0.8056830167770386,0.8056830167770386,1.188004970550537,,0.7478665963440944,0.7997879576814569,0.7622592750326437,0.7444967687464925
roman-empire,GAT-sep,2,512,3e-05,9,4060,acc,1.0,1.0,2.255641265946906e-05,,1.0,1.0,1.0,1.0,acc,0.879611611366272,0.879611611366272,0.8786842823028564,,0.8488588401599104,0.8778404284880095,0.854584451591309,0.8480920321011736,acc,0.8738086819648743,0.8738086819648743,0.8707939982414246,,0.8380892948554667,0.8716767001103833,0.8384304077700219,0.8427404475504764
roman-empire,GAT-sep,3,512,3e-05,9,4870,acc,1.0,1.0,7.931286631901457e-07,,1.0,1.0,1.0,1.0,acc,0.9073256850242615,0.9073256850242615,0.7368910312652588,,0.8847757800909801,0.905885040619526,0.8903488296666736,0.8818728387941681,acc,0.9027532339096069,0.9027532339096069,0.7171400785446167,,0.8762011661917413,0.9015317908404756,0.8735452496427543,0.8803921237738117
roman-empire,GAT-sep,4,512,3e-05,9,4150,acc,1.0,1.0,1.6281768466797075e-06,,1.0,1.0,1.0,1.0,acc,0.9122682809829712,0.9122682809829712,0.6567040085792542,,0.8925856270443686,0.9112237248654598,0.8937548757736755,0.8925478018608471,acc,0.9068125486373901,0.9068125486373901,0.6578993797302246,,0.8827930466388463,0.9059513337380204,0.8799974446721481,0.8867357458818417
roman-empire,GAT-sep,5,512,3e-05,9,4720,acc,1.0,1.0,5.422928666121152e-07,,1.0,1.0,1.0,1.0,acc,0.9184466004371643,0.9184466004371643,0.6521019339561462,,0.9026443543844018,0.9175835676148547,0.9051361970778823,0.9008902648604747,acc,0.9151076078414917,0.9151076078414917,0.6398236155509949,,0.8958288366021188,0.9143775062316891,0.8926013614410508,0.9001480850473274
roman-empire,GT,1,512,3e-05,0,3010,acc,0.9998235106468201,0.9998235106468201,0.000827973650302738,,0.9998005544139102,0.9998236679031057,0.9996913580246913,0.9999106823865667,acc,0.8107678294181824,0.8107678294181824,1.1111499071121216,,0.761584715127962,0.8054483698522724,0.7681435238636556,0.760389109144618,acc,0.7949170470237732,0.7949170470237732,1.1647437810897827,,0.7377780758205991,0.7911919373578785,0.7409726893999913,0.7388461109730406
roman-empire,GT,2,512,3e-05,0,3630,acc,1.0,1.0,5.99371014686767e-05,,1.0,1.0,1.0,1.0,acc,0.8670785427093506,0.8670785427093506,0.8693212270736694,,0.8376297705734278,0.8646265890457145,0.8356799533209947,0.8453538607676836,acc,0.8589833974838257,0.8589833974838257,0.9384756088256836,,0.8233188471313133,0.8564521599010729,0.8213644852247931,0.8300647803724605
roman-empire,GT,3,512,3e-05,0,3490,acc,1.0,1.0,4.6445278712781146e-05,,1.0,1.0,1.0,1.0,acc,0.894262969493866,0.894262969493866,0.729645848274231,,0.8699375014657901,0.8923437448779945,0.8671840756570048,0.8762941783755995,acc,0.8835156559944153,0.8835156559944153,0.782863438129425,,0.85352188321848,0.8816647707509689,0.84956283262379,0.8613042978176851
roman-empire,GT,4,512,3e-05,0,3100,acc,1.0,1.0,5.128356133354828e-05,,1.0,1.0,1.0,1.0,acc,0.8969108462333679,0.8969108462333679,0.6920405626296997,,0.8731828050298431,0.895300068709937,0.8684202055662489,0.8804108494045318,acc,0.8963995575904846,0.8963995575904846,0.6902537941932678,,0.8666241015734862,0.894717459692949,0.8618173543736156,0.8743614527037722
roman-empire,GT,5,512,3e-05,0,3000,acc,1.0,1.0,2.3668033463764004e-05,,1.0,1.0,1.0,1.0,acc,0.9027360677719116,0.9027360677719116,0.6644207835197449,,0.8820330431633873,0.9012613569623302,0.8790716468297355,0.8872336492396484,acc,0.9015178084373474,0.9015178084373474,0.6560210585594177,,0.8747935773931069,0.9000883648881541,0.8716007594401038,0.8801048451139118
roman-empire,GT,1,512,3e-05,1,3310,acc,0.9998235106468201,0.9998235106468201,0.00038510115700773895,,0.9998272505544927,0.999823466971702,0.999860182585286,0.9997946059806337,acc,0.8132391571998596,0.8132391571998596,1.1422412395477295,,0.7591846906226429,0.8088755672521636,0.7666371440985041,0.7585997276389681,acc,0.802682638168335,0.802682638168335,1.2131977081298828,,0.7398564251693992,0.7969712743494645,0.7480600277702703,0.737484488645805
roman-empire,GT,2,512,3e-05,1,2060,acc,1.0,1.0,0.00047366818762384355,,1.0,1.0,1.0,1.0,acc,0.8646072149276733,0.8646072149276733,0.735284686088562,,0.830558942577122,0.8623488310722105,0.8307788736413858,0.8346548394574294,acc,0.8588069081306458,0.8588069081306458,0.7487897276878357,,0.8232903848499628,0.8557365621078452,0.8276136927151118,0.8236500603607348
roman-empire,GT,3,512,3e-05,1,4020,acc,1.0,1.0,2.2499264105135808e-06,,1.0,1.0,1.0,1.0,acc,0.8930273652076721,0.8930273652076721,0.7801440358161926,,0.8660882519923567,0.8913175693989865,0.8650618571959908,0.8698918528045579,acc,0.8896929025650024,0.8896929025650024,0.7697528004646301,,0.8622604889949522,0.887558646225592,0.867833757313228,0.8608642131109564
roman-empire,GT,4,512,3e-05,1,3520,acc,1.0,1.0,2.7141732061863877e-06,,1.0,1.0,1.0,1.0,acc,0.9022064805030823,0.9022064805030823,0.7341510653495789,,0.8773221999867136,0.9008356462084912,0.8769482108831811,0.8798779881838703,acc,0.8978114724159241,0.8978114724159241,0.6825810074806213,,0.8739882414656047,0.8961426973246314,0.8786260672955641,0.8719832675685026
roman-empire,GT,5,512,3e-05,1,4910,acc,1.0,1.0,2.6254966201122443e-07,,1.0,1.0,1.0,1.0,acc,0.9064430594444275,0.9064430594444275,0.7551713585853577,,0.879927513650344,0.9054112188617243,0.879040005391894,0.8824259654612774,acc,0.9050476551055908,0.9050476551055908,0.7441259622573853,,0.8814021987976309,0.9036360875717142,0.8885795288522033,0.8771176035079873
roman-empire,GT,1,512,3e-05,2,1240,acc,0.9779366850852966,0.9779366850852966,0.07348000258207321,,0.971178007413214,0.9778738379757638,0.9719679909496297,0.9712913938855304,acc,0.7955869436264038,0.7955869436264038,0.8293399810791016,,0.7372476419466719,0.789521408346469,0.7454572815916193,0.7348939403839884,acc,0.8016237020492554,0.8016237020492554,0.770370602607727,,0.7389270175364413,0.7943903210825968,0.7541551260057026,0.7326709415300277
roman-empire,GT,2,512,3e-05,2,2440,acc,0.9999117851257324,0.9999117851257324,0.0002910582406911999,,0.9998999615404922,0.9999117025632986,0.9999553411932833,0.999844816883923,acc,0.8607237339019775,0.8607237339019775,0.8444244861602783,,0.8291980094549175,0.8580295553478768,0.8308787660095684,0.8298947191255781,acc,0.8586304187774658,0.8586304187774658,0.7837069034576416,,0.820310108107986,0.8556840341157944,0.821134886715257,0.8238224740871639
roman-empire,GT,3,512,3e-05,2,4790,acc,1.0,1.0,1.0705695103752078e-06,,1.0,1.0,1.0,1.0,acc,0.8861429691314697,0.8861429691314697,0.9020388126373291,,0.8618489845852311,0.8840916386068253,0.8639564687030378,0.8612634775785765,acc,0.8911048173904419,0.8911048173904419,0.7966611981391907,,0.8671172165595651,0.8893434504900364,0.8687848807215668,0.8676900484731129
roman-empire,GT,4,512,3e-05,2,3200,acc,1.0,1.0,9.083189979719464e-06,,1.0,1.0,1.0,1.0,acc,0.8944395184516907,0.8944395184516907,0.7620459198951721,,0.8709499759075239,0.8929040527391354,0.8682437449140064,0.8753646847444195,acc,0.9016942977905273,0.9016942977905273,0.6638782620429993,,0.8768095580621718,0.9001822715496552,0.8780860047901877,0.8774767910100139
roman-empire,GT,5,512,3e-05,2,3600,acc,1.0,1.0,2.456455376886879e-06,,1.0,1.0,1.0,1.0,acc,0.9004412889480591,0.9004412889480591,0.7589523196220398,,0.8757135584239628,0.8989990704810996,0.8761946530878092,0.8764444677540688,acc,0.9011648297309875,0.9011648297309875,0.6707937121391296,,0.8773315727649788,0.9000030933699564,0.8773548761730579,0.8787155426196903
roman-empire,GT,1,512,3e-05,3,1600,acc,0.9954108595848083,0.9954108595848083,0.020746653899550438,,0.9949937942474774,0.9954040539434491,0.995126657127708,0.9948851977120589,acc,0.8033539056777954,0.8033539056777954,0.8523803949356079,,0.7412161374634181,0.7986485486872871,0.7488694810897899,0.7391170961811054,acc,0.8030356168746948,0.8030356168746948,0.8542163968086243,,0.7467409016677714,0.798468886235225,0.7552655759590288,0.7439353719955811
roman-empire,GT,2,512,3e-05,3,2090,acc,0.9997352361679077,0.9997352361679077,0.0008309321710839868,,0.9997005886803844,0.999735108163574,0.9997555710115447,0.9996458394910239,acc,0.8676080703735352,0.8676080703735352,0.7322409749031067,,0.8317576562920718,0.8655229011399823,0.8332101066435744,0.8339957604770726,acc,0.8605718016624451,0.8605718016624451,0.7580055594444275,,0.8275624904850635,0.8582895878922047,0.8287838359129744,0.829508331894711
roman-empire,GT,3,512,3e-05,3,3330,acc,1.0,1.0,2.845352719305083e-05,,1.0,1.0,1.0,1.0,acc,0.888614296913147,0.888614296913147,0.7486742734909058,,0.8573950278034279,0.8873234596099954,0.858849402992695,0.858790641845282,acc,0.8866925239562988,0.8866925239562988,0.7394571304321289,,0.8589602059312841,0.8849133521365727,0.8592437629955001,0.8627043568292673
roman-empire,GT,4,512,3e-05,3,3000,acc,1.0,1.0,1.901422547234688e-05,,1.0,1.0,1.0,1.0,acc,0.8960282206535339,0.8960282206535339,0.7103617787361145,,0.8692203368811487,0.8949689451075786,0.8712307062253216,0.8696787091539172,acc,0.8974584937095642,0.8974584937095642,0.7116773128509521,,0.874311802230764,0.8959269339832632,0.8748010467227016,0.876757626858941
roman-empire,GT,5,512,3e-05,3,3300,acc,1.0,1.0,4.226612418278819e-06,,1.0,1.0,1.0,1.0,acc,0.9043247699737549,0.9043247699737549,0.7008653283119202,,0.8800137739948625,0.9031887054109772,0.8833577983335302,0.879416427900483,acc,0.9009883403778076,0.9009883403778076,0.7041305899620056,,0.8770053374879629,0.8993710623953282,0.8789633438741379,0.8777595915155862
roman-empire,GT,1,512,3e-05,4,1800,acc,0.9972641468048096,0.9972641468048096,0.01336722169071436,,0.9972373512114636,0.9972629771394543,0.9972492774258284,0.9972541405867853,acc,0.8079435229301453,0.8079435229301453,0.9054515957832336,,0.7530426765895614,0.8025758841352448,0.765573483714011,0.7479174497783935,acc,0.7917401790618896,0.7917401790618896,0.958611249923706,,0.7369123828596473,0.7849140141723654,0.7412912821947649,0.7397819892139004
roman-empire,GT,2,512,3e-05,4,2920,acc,0.9998235106468201,0.9998235106468201,0.00031292776111513376,,0.9997997592611342,0.999823316749837,0.9999108257535225,0.9996896337678459,acc,0.8626654744148254,0.8626654744148254,0.8862305283546448,,0.8327420482083897,0.8600078231229068,0.8357232395095601,0.8347030271904349,acc,0.8512177467346191,0.8512177467346191,0.8952051401138306,,0.8125574515590614,0.8477715534736868,0.8098801507889649,0.8219835270021221
roman-empire,GT,3,512,3e-05,4,4700,acc,1.0,1.0,7.615352842549328e-06,,1.0,1.0,1.0,1.0,acc,0.8926742672920227,0.8926742672920227,0.8332746624946594,,0.872967876368793,0.8903077967241467,0.8731372681383837,0.8755433549319581,acc,0.8914577960968018,0.8914577960968018,0.8208193182945251,,0.8651380706264686,0.889046553073772,0.863122272072112,0.8707342427543411
roman-empire,GT,4,512,3e-05,4,2970,acc,1.0,1.0,0.0001137459694291465,,1.0,1.0,1.0,1.0,acc,0.8988525867462158,0.8988525867462158,0.6894369125366211,,0.8806018602049709,0.8968059417209628,0.8807382286961318,0.8831616970370214,acc,0.8986939191818237,0.8986939191818237,0.6728838086128235,,0.8755679041467102,0.8967719427635443,0.8707716816206978,0.8835049377857924
roman-empire,GT,5,512,3e-05,4,4660,acc,1.0,1.0,1.1968046464971849e-06,,1.0,1.0,1.0,1.0,acc,0.9094439148902893,0.9094439148902893,0.7411667108535767,,0.8935389255000916,0.9078111454801204,0.8941314759386252,0.8953688117268153,acc,0.9048711061477661,0.9048711061477661,0.7252689003944397,,0.8843068653213965,0.9032670544912166,0.881908685754282,0.8893085581108525
roman-empire,GT,1,512,3e-05,5,2130,acc,0.9990292191505432,0.9990292191505432,0.005474975798279047,,0.9989928547086055,0.9990290539254885,0.998968401053592,0.9990176466259469,acc,0.8040599822998047,0.8040599822998047,0.9729273915290833,,0.7502404688405153,0.7990118230479859,0.7609249767267897,0.745643305126287,acc,0.8122131824493408,0.8122131824493408,0.9175990223884583,,0.756093542365925,0.8069851273305729,0.7668921040239852,0.7509844585497729
roman-empire,GT,2,512,3e-05,5,4760,acc,1.0,1.0,5.237569894234184e-06,,1.0,1.0,1.0,1.0,acc,0.8580758571624756,0.8580758571624756,1.0076361894607544,,0.8263123578774169,0.8554346463074695,0.8319628463226109,0.8253062174966852,acc,0.8662195205688477,0.8662195205688477,0.9402745962142944,,0.8316743113560776,0.863524270666173,0.8364585843377107,0.8311759411336018
roman-empire,GT,3,512,3e-05,5,4200,acc,1.0,1.0,3.7724892081314465e-06,,1.0,1.0,1.0,1.0,acc,0.886849045753479,0.886849045753479,0.8247721791267395,,0.8634894237899541,0.8846634604659468,0.8655341394278325,0.8641067430631598,acc,0.8944581747055054,0.8944581747055054,0.7562457323074341,,0.8665743008479586,0.892747318477751,0.871395248853363,0.8646983160572019
roman-empire,GT,4,512,3e-05,5,4930,acc,1.0,1.0,4.675746083648846e-07,,1.0,1.0,1.0,1.0,acc,0.8944395184516907,0.8944395184516907,0.8489725589752197,,0.8746586360789618,0.892859866652826,0.8762920341240643,0.8748438662408788,acc,0.8981644511222839,0.8981644511222839,0.7400670051574707,,0.870266079496721,0.8964644364543852,0.8750234411189235,0.8686219029119308
roman-empire,GT,5,512,3e-05,5,3940,acc,1.0,1.0,1.1359213658579392e-06,,1.0,1.0,1.0,1.0,acc,0.9016769528388977,0.9016769528388977,0.7626590132713318,,0.8814109332783917,0.9004037132742628,0.8816370360419653,0.8830267577852693,acc,0.9057536125183105,0.9057536125183105,0.6729168891906738,,0.8815061923752342,0.9043151266285929,0.88638070215249,0.8793808483940633
roman-empire,GT,1,512,3e-05,6,2020,acc,0.9992057681083679,0.9992057681083679,0.005609128158539534,,0.9991841891959756,0.9992054501954167,0.9992484439601669,0.9991216968671358,acc,0.8033539056777954,0.8033539056777954,0.9945465326309204,,0.753005572147207,0.7990606580162581,0.7636267705523571,0.7471783109658429,acc,0.7957994937896729,0.7957994937896729,1.0294547080993652,,0.7387693213393335,0.7909954194211393,0.7500583721443129,0.7325471136644837
roman-empire,GT,2,512,3e-05,6,4140,acc,1.0,1.0,1.4535175978380721e-05,,1.0,1.0,1.0,1.0,acc,0.8586054444313049,0.8586054444313049,1.0022037029266357,,0.8321345153432583,0.8568818531660054,0.832803383022104,0.8340152122247226,acc,0.8586304187774658,0.8586304187774658,1.0137988328933716,,0.8279582054807378,0.8563000438967362,0.8310361527062008,0.8289279572316784
roman-empire,GT,3,512,3e-05,6,2330,acc,0.9999117851257324,0.9999117851257324,0.00031374386162497103,,0.9998972066108291,0.9999117050957871,0.9999494029548673,0.9998452491488704,acc,0.880317747592926,0.880317747592926,0.7262446880340576,,0.8564983330564837,0.8787515809799833,0.8577131108584525,0.8575991061627598,acc,0.8764560222625732,0.8764560222625732,0.7107377648353577,,0.8474131769734927,0.8743541176026529,0.8488068135833454,0.8495833357082969
roman-empire,GT,4,512,3e-05,6,2990,acc,1.0,1.0,1.2988843081984669e-05,,1.0,1.0,1.0,1.0,acc,0.887731671333313,0.887731671333313,0.7469589710235596,,0.8655867159025243,0.8864874822012019,0.8651929667230313,0.8677844111768419,acc,0.893399178981781,0.893399178981781,0.7224105000495911,,0.8672653740275069,0.8920909389416456,0.8664111960815247,0.8701286220907473
roman-empire,GT,5,512,3e-05,6,4490,acc,1.0,1.0,5.389888428908307e-07,,1.0,1.0,1.0,1.0,acc,0.8970873355865479,0.8970873355865479,0.8033082485198975,,0.8762454791889381,0.8961447718532188,0.8734306377062966,0.8806373914084253,acc,0.8997529149055481,0.8997529149055481,0.7644675374031067,,0.8777698858749192,0.898673606971533,0.8787706849295439,0.8780124786095653
roman-empire,GT,1,512,3e-05,7,2770,acc,0.9992939829826355,0.9992939829826355,0.001964055933058262,,0.9992372710162205,0.9992932847512873,0.9993844324363051,0.9990923184443916,acc,0.8067078590393066,0.8067078590393066,1.0613670349121094,,0.7512534737838327,0.8027189402058507,0.7637713064789604,0.7455656217081884,acc,0.800035297870636,0.800035297870636,1.1116437911987305,,0.739564737044143,0.795066101213701,0.7466214779488436,0.7365692545219003
roman-empire,GT,2,512,3e-05,7,3140,acc,0.9999117851257324,0.9999117851257324,0.00030526131740771234,,0.9998999794901763,0.9999117025490416,0.9999553770638108,0.999844816883923,acc,0.8603706955909729,0.8603706955909729,0.8779976963996887,,0.8259631314983966,0.8575724433527931,0.8319905433367559,0.8246833737884406,acc,0.8639251589775085,0.8639251589775085,0.8683165907859802,,0.8307229312922733,0.861698406482228,0.8322035937104277,0.832438902239048
roman-empire,GT,3,512,3e-05,7,2030,acc,0.9997352361679077,0.9997352361679077,0.0006890692748129368,,0.9996993383755152,0.9997348420389166,0.9998663458968191,0.9995344506517692,acc,0.8833186030387878,0.8833186030387878,0.6636282801628113,,0.8552566086029303,0.8813222916130422,0.8576844049514801,0.855606180936269,acc,0.8787504434585571,0.8787504434585571,0.6581878066062927,,0.8481799117272912,0.8768380277052992,0.8504084985763731,0.8492093460696187
roman-empire,GT,4,512,3e-05,7,3010,acc,1.0,1.0,8.110961789498106e-05,,1.0,1.0,1.0,1.0,acc,0.8962047696113586,0.8962047696113586,0.7112143635749817,,0.8715820416980467,0.8945753935810288,0.8741881691628595,0.8712938490286668,acc,0.8958700895309448,0.8958700895309448,0.6825269460678101,,0.8692976824975913,0.8945754208114566,0.8692106592856772,0.8716115048192516
roman-empire,GT,5,512,3e-05,7,3980,acc,1.0,1.0,1.429500343874679e-06,,1.0,1.0,1.0,1.0,acc,0.8946160674095154,0.8946160674095154,0.7928412556648254,,0.8706265032715887,0.8933866210643967,0.8745724426846069,0.8685831911370144,acc,0.899929404258728,0.899929404258728,0.7658078074455261,,0.8765744810753191,0.8989019953504354,0.8787964858141971,0.8759846294551914
roman-empire,GT,1,512,3e-05,8,3020,acc,0.9998235106468201,0.9998235106468201,0.0007018512114882469,,0.9997975776363943,0.9998234906934305,0.9998005903421537,0.9997946059806337,acc,0.8102383017539978,0.8102383017539978,1.1041908264160156,,0.7571660539217114,0.8049865397716384,0.76375718110517,0.754961480962294,acc,0.8046240210533142,0.8046240210533142,1.1282604932785034,,0.7463251326960992,0.7997952830997105,0.7563875688440221,0.7441307739674236
roman-empire,GT,2,512,3e-05,8,2870,acc,1.0,1.0,0.00011700664617819712,,1.0,1.0,1.0,1.0,acc,0.8616063594818115,0.8616063594818115,0.7761146426200867,,0.8345259419107607,0.859156089282892,0.8350731253294628,0.8381752171071828,acc,0.8660430312156677,0.8660430312156677,0.8051024675369263,,0.8357241222759497,0.8642995752729058,0.8349098157245907,0.8406457216971762
roman-empire,GT,3,512,3e-05,8,4190,acc,1.0,1.0,4.295915914553916e-06,,1.0,1.0,1.0,1.0,acc,0.8910855650901794,0.8910855650901794,0.7677790522575378,,0.8655656805092511,0.889351520119092,0.866435611263562,0.8678556471018118,acc,0.8865160346031189,0.8865160346031189,0.7655693292617798,,0.8597067722619125,0.8850555429396585,0.8598629738599867,0.8616026398743598
roman-empire,GT,4,512,3e-05,8,2260,acc,1.0,1.0,0.00012287894787732512,,1.0,1.0,1.0,1.0,acc,0.89496910572052,0.89496910572052,0.5947801470756531,,0.8727632120760439,0.8938151367842236,0.8742263800819307,0.8727613806837844,acc,0.8962230682373047,0.8962230682373047,0.5837501287460327,,0.8728725834194988,0.8953649613362177,0.8720671801236397,0.8748983019966868
roman-empire,GT,5,512,3e-05,8,3980,acc,1.0,1.0,1.438752633475815e-06,,1.0,1.0,1.0,1.0,acc,0.9062665104866028,0.9062665104866028,0.6846188306808472,,0.8833968297390203,0.9049571800350267,0.8819084398784468,0.8868290416794299,acc,0.9043416380882263,0.9043416380882263,0.6949725151062012,,0.8830473980385678,0.9034787128651617,0.8846835203802097,0.8827089581005776
roman-empire,GT,1,512,3e-05,9,2180,acc,0.9992057681083679,0.9992057681083679,0.004330014809966087,,0.9988288893014722,0.9992054966908825,0.9987979120869093,0.9988633539220593,acc,0.8052956461906433,0.8052956461906433,1.010606050491333,,0.7502851298653658,0.7994310979755951,0.7613470197800236,0.7458462353885907,acc,0.7959759831428528,0.7959759831428528,0.9945114254951477,,0.7343742690867319,0.7900715794514168,0.7380406484367161,0.7357072389991358
roman-empire,GT,2,512,3e-05,9,2970,acc,0.9999117851257324,0.9999117851257324,0.00026539317332208157,,0.9998999794901763,0.9999117025490416,0.9999553770638108,0.999844816883923,acc,0.8661959171295166,0.8661959171295166,0.8680862188339233,,0.8373995994470209,0.8633478732909721,0.8410358117320959,0.839259160889608,acc,0.858277440071106,0.858277440071106,0.8557355403900146,,0.8207614071769024,0.8551009822115221,0.8202708585417148,0.8252781803115515
roman-empire,GT,3,512,3e-05,9,4960,acc,1.0,1.0,9.644513738749083e-07,,1.0,1.0,1.0,1.0,acc,0.8930273652076721,0.8930273652076721,0.825330913066864,,0.8698123892159306,0.8905799967068911,0.8740583441054114,0.8693806228301432,acc,0.890751838684082,0.890751838684082,0.7907376289367676,,0.8621172381874972,0.8884754961609738,0.8600099271318482,0.8665755602062403
roman-empire,GT,4,512,3e-05,9,3080,acc,1.0,1.0,7.521508814534172e-05,,1.0,1.0,1.0,1.0,acc,0.9002647399902344,0.9002647399902344,0.6855391263961792,,0.8790126323753528,0.8985058102002874,0.8827649994156201,0.8787729299765655,acc,0.8974584937095642,0.8974584937095642,0.6631765365600586,,0.8707179541760903,0.8957392670165625,0.8675117464752438,0.8758010648273562
roman-empire,GT,5,512,3e-05,9,2710,acc,1.0,1.0,4.1452658479101956e-05,,1.0,1.0,1.0,1.0,acc,0.9066195487976074,0.9066195487976074,0.6250322461128235,,0.8842709689100151,0.904978687504711,0.8858868558581957,0.8848962172565783,acc,0.9059301018714905,0.9059301018714905,0.6146863102912903,,0.8828836838527852,0.9047642241054762,0.8799433248491677,0.8869724307956809
roman-empire,GT-sep,1,512,3e-05,0,2990,acc,0.9998235106468201,0.9998235106468201,0.000714499328751117,,0.9998005544139102,0.9998236679031057,0.9996913580246913,0.9999106823865667,acc,0.8104147911071777,0.8104147911071777,1.1437609195709229,,0.7603273433891774,0.804768744373415,0.7699462379317896,0.7574406122165968,acc,0.7905047535896301,0.7905047535896301,1.194411277770996,,0.7263482326418353,0.7848836312167533,0.731548290104522,0.7270526234222544
roman-empire,GT-sep,2,512,3e-05,0,3560,acc,1.0,1.0,2.8051097615389153e-05,,1.0,1.0,1.0,1.0,acc,0.8607237339019775,0.8607237339019775,0.9304966926574707,,0.8303451104623809,0.8575697827081789,0.8310562288107012,0.8354265127515899,acc,0.8551005721092224,0.8551005721092224,1.00819730758667,,0.816266766409295,0.8516662421382235,0.8158930298274112,0.8214065358441691
roman-empire,GT-sep,3,512,3e-05,0,3400,acc,1.0,1.0,1.2357367268123198e-05,,1.0,1.0,1.0,1.0,acc,0.8872020840644836,0.8872020840644836,0.7825574278831482,,0.8622422971643904,0.884918812816823,0.858480790230484,0.8695634799777936,acc,0.8768090009689331,0.8768090009689331,0.8431813716888428,,0.8425637678270808,0.8743587822323602,0.8387522312593574,0.8496720225657628
roman-empire,GT-sep,4,512,3e-05,0,4900,acc,1.0,1.0,6.855514129711082e-07,,1.0,1.0,1.0,1.0,acc,0.8977934718132019,0.8977934718132019,0.8046878576278687,,0.8771952024742187,0.896158427432606,0.8744266398378219,0.8825083995677112,acc,0.8902223706245422,0.8902223706245422,0.8504188656806946,,0.8589899433017112,0.8882791875580585,0.8547913618105984,0.866102982078301
roman-empire,GT-sep,5,512,3e-05,0,4000,acc,1.0,1.0,1.4956660834286595e-06,,1.0,1.0,1.0,1.0,acc,0.9009708762168884,0.9009708762168884,0.749904215335846,,0.877695943967736,0.8992948468826831,0.8745155953771964,0.8831626412440509,acc,0.8983409404754639,0.8983409404754639,0.7688046097755432,,0.8682062791573908,0.8966989898528002,0.8651946414442429,0.8729567816352705
roman-empire,GT-sep,1,512,3e-05,1,1390,acc,0.9881740808486938,0.9881740808486938,0.0427292138338089,,0.9862095460220528,0.9881114673326782,0.9866844001899057,0.9860332524211649,acc,0.8121800422668457,0.8121800422668457,0.7849864363670349,,0.7584299110246762,0.807075863381145,0.7672201301355392,0.757064344845308,acc,0.8033885955810547,0.8033885955810547,0.8226451277732849,,0.745597476216078,0.7967189819603195,0.7531356025529716,0.74474966339884
roman-empire,GT-sep,2,512,3e-05,1,3270,acc,1.0,1.0,1.0777860552479979e-05,,1.0,1.0,1.0,1.0,acc,0.8684906959533691,0.8684906959533691,0.9072213172912598,,0.8330361277602745,0.8654942046855248,0.8373761725616597,0.8335497029539409,acc,0.8572184443473816,0.8572184443473816,0.9177983999252319,,0.8234974091011283,0.8536610516237337,0.8307367364868325,0.8216418073627577
roman-empire,GT-sep,3,512,3e-05,1,4570,acc,1.0,1.0,7.871460070418834e-07,,1.0,1.0,1.0,1.0,acc,0.8926742672920227,0.8926742672920227,0.8498491644859314,,0.8614627422190531,0.8906714977760494,0.8629311559046202,0.8631989022455996,acc,0.8859865665435791,0.8859865665435791,0.8077031970024109,,0.8569094657289673,0.8836693755783566,0.8613278352915839,0.8560091622955235
roman-empire,GT-sep,4,512,3e-05,1,3490,acc,1.0,1.0,1.9924489151890157e-06,,1.0,1.0,1.0,1.0,acc,0.8970873355865479,0.8970873355865479,0.7661747932434082,,0.8728922263937533,0.8951696719173833,0.8741870984371558,0.8744197613162031,acc,0.8969290256500244,0.8969290256500244,0.7345601916313171,,0.8713819607840255,0.895072650281314,0.8752344200292603,0.869861039845206
roman-empire,GT-sep,5,512,3e-05,1,3340,acc,1.0,1.0,2.267430318170227e-06,,1.0,1.0,1.0,1.0,acc,0.9030891060829163,0.9030891060829163,0.7320963144302368,,0.8772176072735113,0.9018036592991736,0.8762550026833473,0.8803582847815588,acc,0.8981644511222839,0.8981644511222839,0.7146183848381042,,0.8733475257926464,0.8965082549813961,0.8788789909057373,0.871227682327494
roman-empire,GT-sep,1,512,3e-05,2,4290,acc,0.9999117851257324,0.9999117851257324,0.00022406324569601566,,0.9998999615404922,0.9999117025632986,0.9999553411932833,0.999844816883923,acc,0.8008825778961182,0.8008825778961182,1.424736499786377,,0.7440512559243628,0.7947176074724553,0.7517214947453474,0.7426093142801844,acc,0.8051535487174988,0.8051535487174988,1.347851037979126,,0.744551793936663,0.7982403327476598,0.7601606179857505,0.737940463489377
roman-empire,GT-sep,2,512,3e-05,2,4460,acc,1.0,1.0,1.1900809113285504e-05,,1.0,1.0,1.0,1.0,acc,0.857546329498291,0.857546329498291,1.087397575378418,,0.825449901257357,0.8546500297901738,0.8289318258761664,0.8249823011611925,acc,0.8614542484283447,0.8614542484283447,1.0013030767440796,,0.826215295240234,0.8583759791182997,0.8292679289647329,0.8261892104725548
roman-empire,GT-sep,3,512,3e-05,2,3300,acc,1.0,1.0,2.5070487026823685e-05,,1.0,1.0,1.0,1.0,acc,0.8810238242149353,0.8810238242149353,0.8910273313522339,,0.8522764532415862,0.8783364072100662,0.853887231501335,0.8533812965188242,acc,0.8872219920158386,0.8872219920158386,0.7422879934310913,,0.8577091989189458,0.8846010402402135,0.8615402475560198,0.8575479004387196
roman-empire,GT-sep,4,512,3e-05,2,2190,acc,0.9999117851257324,0.9999117851257324,0.00015590517432428896,,0.9998999615404922,0.9999117025632986,0.9999553411932833,0.999844816883923,acc,0.8894968628883362,0.8894968628883362,0.7238556146621704,,0.8647288229444049,0.8873294682911209,0.8655266570338933,0.8659777586173152,acc,0.8965760469436646,0.8965760469436646,0.639788806438446,,0.8686004565637488,0.8947700578360754,0.8729284760833462,0.867145366432682
roman-empire,GT-sep,5,512,3e-05,2,4120,acc,1.0,1.0,8.513546845279052e-07,,1.0,1.0,1.0,1.0,acc,0.8962047696113586,0.8962047696113586,0.8545554280281067,,0.8729112057097601,0.8945415053565903,0.8741424508057274,0.8730172379711084,acc,0.9016942977905273,0.9016942977905273,0.7358516454696655,,0.8755108819239967,0.9002306359208282,0.876952898895027,0.8763763594001234
roman-empire,GT-sep,1,512,3e-05,3,2820,acc,0.9996470212936401,0.9996470212936401,0.0015063009923323989,,0.9996011806843074,0.9996469861442061,0.9996011806843074,0.9996011806843074,acc,0.8088260889053345,0.8088260889053345,1.1275049448013306,,0.7482744834243358,0.8039315225731701,0.756546237527411,0.7452903549399313,acc,0.8042710423469543,0.8042710423469543,1.1204112768173218,,0.7445988881020816,0.7989389880816365,0.7543121271466404,0.7426315977713044
roman-empire,GT-sep,2,512,3e-05,3,1500,acc,0.9993822574615479,0.9993822574615479,0.003154054284095764,,0.9992854309970954,0.9993822348664376,0.9991230321043201,0.9994492511795977,acc,0.8605471849441528,0.8605471849441528,0.7007258534431458,,0.8218468382930599,0.8583532818151967,0.8244867796228681,0.8220540323184369,acc,0.8566889762878418,0.8566889762878418,0.7131039500236511,,0.8208348451061647,0.8540770654707841,0.8240837658670568,0.8209540892653637
roman-empire,GT-sep,3,512,3e-05,3,2860,acc,1.0,1.0,6.687562563456595e-05,,1.0,1.0,1.0,1.0,acc,0.8843777179718018,0.8843777179718018,0.7619434595108032,,0.8535576089550783,0.8831104438395615,0.8557058776130896,0.8539650433226482,acc,0.8821037411689758,0.8821037411689758,0.7483397126197815,,0.8514931752815152,0.8802510043429546,0.8501917842265603,0.8562921156049964
roman-empire,GT-sep,4,512,3e-05,3,2990,acc,1.0,1.0,1.7924961866810918e-05,,1.0,1.0,1.0,1.0,acc,0.8939099311828613,0.8939099311828613,0.7566891312599182,,0.8632979730259546,0.8926347491419344,0.8637836899567776,0.865159980169035,acc,0.8946346640586853,0.8946346640586853,0.7220280766487122,,0.8672604949433755,0.8928626103805422,0.8695480036579888,0.8679302458821456
roman-empire,GT-sep,5,512,3e-05,3,2430,acc,1.0,1.0,2.8579517675098032e-05,,1.0,1.0,1.0,1.0,acc,0.9004412889480591,0.9004412889480591,0.6764920949935913,,0.8756349494120915,0.8994041334259285,0.8777608175099633,0.8757264386069851,acc,0.8948111534118652,0.8948111534118652,0.6850703358650208,,0.8669737430768826,0.8929600124942798,0.8682961459138521,0.8683193805489985
roman-empire,GT-sep,1,512,3e-05,4,2090,acc,0.9992057681083679,0.9992057681083679,0.003910526167601347,,0.999119505159377,0.9992045646666143,0.9996274588994152,0.9986181234235443,acc,0.8118270039558411,0.8118270039558411,0.9999507665634155,,0.7570049552357915,0.805576630114959,0.7678548972556224,0.7539954633863977,acc,0.7906812429428101,0.7906812429428101,1.0473889112472534,,0.7324714481559301,0.7829680949840587,0.7347347786918932,0.7383546403091737
roman-empire,GT-sep,2,512,3e-05,4,3450,acc,0.9999117851257324,0.9999117851257324,0.000162186348461546,,0.9998999794901763,0.9999117025490416,0.9999553770638108,0.999844816883923,acc,0.8617828488349915,0.8617828488349915,1.0088756084442139,,0.8321035963912312,0.8588342481237085,0.8371309648679249,0.8318732397916331,acc,0.8510412573814392,0.8510412573814392,1.018589735031128,,0.8172900117539308,0.8474643931842416,0.8183275575340365,0.8218595250524316
roman-empire,GT-sep,3,512,3e-05,4,3400,acc,1.0,1.0,6.768025195924565e-05,,1.0,1.0,1.0,1.0,acc,0.8810238242149353,0.8810238242149353,0.8345789313316345,,0.8549782046518026,0.8781843217169732,0.8573895556271656,0.8567944652101332,acc,0.8762795329093933,0.8762795329093933,0.8383936285972595,,0.8461598405646666,0.8732366774386302,0.8415834941380859,0.8547278646073079
roman-empire,GT-sep,4,512,3e-05,4,3610,acc,1.0,1.0,3.8933434552745894e-05,,1.0,1.0,1.0,1.0,acc,0.8960282206535339,0.8960282206535339,0.7772160172462463,,0.8753227683697512,0.8934834497858355,0.8760870350706909,0.87844894392464,acc,0.8923402428627014,0.8923402428627014,0.7534887194633484,,0.8664436926733765,0.8898119558479747,0.8637629021480896,0.8728882390772437
roman-empire,GT-sep,5,512,3e-05,4,3730,acc,1.0,1.0,3.612419050114113e-06,,1.0,1.0,1.0,1.0,acc,0.9000882506370544,0.9000882506370544,0.7620174884796143,,0.8812447559263227,0.898081440266918,0.8820878014892763,0.8820570471705147,acc,0.9004588723182678,0.9004588723182678,0.7378664612770081,,0.8780561377318284,0.8985858930813292,0.8752628731882209,0.8831236467155322
roman-empire,GT-sep,1,512,3e-05,5,1950,acc,0.9980584383010864,0.9980584383010864,0.007071383763104677,,0.9982032294231514,0.9980580473889465,0.9981308995295239,0.9982811525792914,acc,0.8021182417869568,0.8021182417869568,0.9462233781814575,,0.7467242584065639,0.7962598955497586,0.754162177776497,0.7450945863200675,acc,0.8067419528961182,0.8067419528961182,0.9024569988250732,,0.7451927515546478,0.8008653806582973,0.7525145187954576,0.7424086845546349
roman-empire,GT-sep,2,512,3e-05,5,2200,acc,0.9995587468147278,0.9995587468147278,0.0009215343161486089,,0.9994928515073356,0.9995579379105461,0.9996531575929999,0.9993346087289754,acc,0.8504854440689087,0.8504854440689087,0.8539210557937622,,0.8158906612147074,0.84737379110781,0.8205366183981541,0.8149280707862611,acc,0.8602188229560852,0.8602188229560852,0.7929828763008118,,0.8201547749944886,0.8575566339476093,0.8238619173326636,0.8198866193469962
roman-empire,GT-sep,3,512,3e-05,5,4260,acc,1.0,1.0,1.5883127844062983e-06,,1.0,1.0,1.0,1.0,acc,0.8806707859039307,0.8806707859039307,0.8920180201530457,,0.8579433936858811,0.8786234994760687,0.8608996045154549,0.8575477515609496,acc,0.886339545249939,0.886339545249939,0.8172200918197632,,0.8549130376845997,0.8842870982088878,0.8599848376532815,0.8524980651269565
roman-empire,GT-sep,4,512,3e-05,5,2920,acc,1.0,1.0,1.0385405403212644e-05,,1.0,1.0,1.0,1.0,acc,0.885966420173645,0.885966420173645,0.7747970819473267,,0.8611568089308747,0.8841928383417139,0.8640672786759273,0.8604152569153662,acc,0.890928328037262,0.890928328037262,0.6965698003768921,,0.862645028222321,0.8893528779467165,0.8666764165373431,0.8609038019277515
roman-empire,GT-sep,5,512,3e-05,5,4200,acc,1.0,1.0,6.405319936675369e-07,,1.0,1.0,1.0,1.0,acc,0.8969108462333679,0.8969108462333679,0.8540787100791931,,0.8742527532523017,0.895134793505168,0.8778979646486886,0.8719627994718954,acc,0.8983409404754639,0.8983409404754639,0.7559320330619812,,0.8692304186331972,0.8963218311856055,0.8760923280383919,0.8656831934660363
roman-empire,GT-sep,1,512,3e-05,6,1670,acc,0.9969111680984497,0.9969111680984497,0.014428100548684597,,0.9963977070408825,0.9969092969206775,0.996102723890409,0.9967401241696139,acc,0.7992938756942749,0.7992938756942749,0.9595592021942139,,0.7481507530755551,0.7942699952904887,0.7578270286025474,0.7443848108523571,acc,0.7972114086151123,0.7972114086151123,0.9626408815383911,,0.7436038532735313,0.7923303271975772,0.7520370111853413,0.7397775760313245
roman-empire,GT-sep,2,512,3e-05,6,3950,acc,1.0,1.0,1.8398295651422814e-05,,1.0,1.0,1.0,1.0,acc,0.8517210483551025,0.8517210483551025,1.0505518913269043,,0.8245936089079966,0.8496716318159973,0.8249694611434556,0.8261996035950357,acc,0.8531591892242432,0.8531591892242432,1.0750797986984253,,0.8196139997326746,0.850494600982399,0.8231750068831116,0.8197381274862542
roman-empire,GT-sep,3,512,3e-05,6,2720,acc,1.0,1.0,6.087769361329265e-05,,1.0,1.0,1.0,1.0,acc,0.8773168325424194,0.8773168325424194,0.8099047541618347,,0.8524912031830204,0.8755883576143081,0.8516742750900058,0.8554009390278208,acc,0.8755735754966736,0.8755735754966736,0.7888767719268799,,0.8441912102970281,0.873476594709324,0.8486549033260714,0.8426326566020319
roman-empire,GT-sep,4,512,3e-05,6,2940,acc,1.0,1.0,2.3214677639771253e-05,,1.0,1.0,1.0,1.0,acc,0.8891438245773315,0.8891438245773315,0.7877951264381409,,0.867126732177168,0.8876013344989473,0.8690616083844055,0.866979387165657,acc,0.8868690133094788,0.8868690133094788,0.7666462659835815,,0.8588390469834759,0.8849295807860798,0.8632162712902862,0.8574541127808655
roman-empire,GT-sep,5,512,3e-05,6,1840,acc,1.0,1.0,0.00019371177768334746,,1.0,1.0,1.0,1.0,acc,0.8891438245773315,0.8891438245773315,0.6656664609909058,,0.8672082007102659,0.8878163010687603,0.867236773138399,0.8685987091551397,acc,0.8881044387817383,0.8881044387817383,0.6568277478218079,,0.858132111984914,0.8867233944861831,0.8586745376449676,0.8599561777004763
roman-empire,GT-sep,1,512,3e-05,7,2430,acc,0.9992057681083679,0.9992057681083679,0.002482472686097026,,0.9991364450089382,0.9992046811927817,0.9993782870164315,0.9988984608831178,acc,0.8068843483924866,0.8068843483924866,1.057645320892334,,0.7497237052311745,0.8017674479138531,0.760890539495285,0.7453491312548945,acc,0.7986233234405518,0.7986233234405518,1.109265685081482,,0.7402408277538314,0.7932639123367096,0.7478041840499716,0.736945187148072
roman-empire,GT-sep,2,512,3e-05,7,3680,acc,0.9999117851257324,0.9999117851257324,0.00020279035379644483,,0.9998999794901763,0.9999117025490416,0.9999553770638108,0.999844816883923,acc,0.857722818851471,0.857722818851471,0.9754968881607056,,0.8248208776542002,0.8542873226621225,0.8316379125055846,0.8220645244893424,acc,0.8595128655433655,0.8595128655433655,0.9915469288825989,,0.8252273761884872,0.8567106302576134,0.8282577565876696,0.8263465638812869
roman-empire,GT-sep,3,512,3e-05,7,3000,acc,0.9999117851257324,0.9999117851257324,0.00016384932678192854,,0.9998999794901763,0.9999117025490416,0.9999553770638108,0.999844816883923,acc,0.8781994581222534,0.8781994581222534,0.8136450052261353,,0.8496662870893772,0.8762606604142623,0.8550593248101475,0.846699145249008,acc,0.8805153369903564,0.8805153369903564,0.7853192090988159,,0.8505754893649264,0.8787567044442743,0.8534863459199649,0.8506025317679914
roman-empire,GT-sep,4,512,3e-05,7,3940,acc,1.0,1.0,3.5568948533182265e-06,,1.0,1.0,1.0,1.0,acc,0.8939099311828613,0.8939099311828613,0.8215402960777283,,0.8701109921723176,0.8924219514096402,0.8746669116004145,0.8679328698737145,acc,0.8903988599777222,0.8903988599777222,0.8133458495140076,,0.8637929580615269,0.8887588261341786,0.8687099231204579,0.8615284352383173
roman-empire,GT-sep,5,512,3e-05,7,4140,acc,1.0,1.0,1.0417007842988824e-06,,1.0,1.0,1.0,1.0,acc,0.89496910572052,0.89496910572052,0.8395735621452332,,0.8685686961270913,0.8928545947408318,0.8741346786237612,0.8657721276883407,acc,0.8983409404754639,0.8983409404754639,0.7844618558883667,,0.8752295062704942,0.8967268152897256,0.8804113493399197,0.8723587630778664
roman-empire,GT-sep,1,512,3e-05,8,1410,acc,0.9877327680587769,0.9877327680587769,0.04448370635509491,,0.9846048246292148,0.9876734026445199,0.985674117178323,0.9839008165959294,acc,0.8022947907447815,0.8022947907447815,0.8096566200256348,,0.7435438109216983,0.7951531832069925,0.7533156076300541,0.7407077838278254,acc,0.8032121062278748,0.8032121062278748,0.8040538430213928,,0.7403131905832804,0.7972768560485992,0.750868243888299,0.7391583229729938
roman-empire,GT-sep,2,512,3e-05,8,4750,acc,1.0,1.0,2.0538952867354965e-06,,1.0,1.0,1.0,1.0,acc,0.8582524061203003,0.8582524061203003,0.9918429255485535,,0.8299176071430006,0.8550019627021443,0.8317796030802965,0.832142368919654,acc,0.8547475934028625,0.8547475934028625,1.0484058856964111,,0.8190540090239805,0.8519883524606425,0.8205791208362156,0.8219129936499455
roman-empire,GT-sep,3,512,3e-05,8,3080,acc,1.0,1.0,4.7367255319841206e-05,,1.0,1.0,1.0,1.0,acc,0.886849045753479,0.886849045753479,0.6980292797088623,,0.8609517245941788,0.8850769634591162,0.8599784287535761,0.865188205881933,acc,0.8847511410713196,0.8847511410713196,0.7197155356407166,,0.8558939653864855,0.8830122036839273,0.854310299791477,0.8602015885701215
roman-empire,GT-sep,4,512,3e-05,8,4690,acc,1.0,1.0,5.405715342021722e-07,,1.0,1.0,1.0,1.0,acc,0.8974403738975525,0.8974403738975525,0.7620704174041748,,0.8731094006661665,0.8960025801068844,0.8746873335364598,0.8738707338786845,acc,0.8951641321182251,0.8951641321182251,0.7897850871086121,,0.8693933844833606,0.8933833809326885,0.8722302104085294,0.8696629498687617
roman-empire,GT-sep,5,512,3e-05,8,4970,acc,1.0,1.0,2.6003488073911285e-07,,1.0,1.0,1.0,1.0,acc,0.9020299911499023,0.9020299911499023,0.7816300392150879,,0.8801039955817868,0.9006389249790905,0.8820425931700062,0.8798916187310601,acc,0.9039886593818665,0.9039886593818665,0.7579317688941956,,0.8801096870784328,0.9028066014061296,0.8831384020728847,0.8793751583536045
roman-empire,GT-sep,1,512,3e-05,9,1540,acc,0.9931162595748901,0.9931162595748901,0.025258975103497505,,0.9917697978469039,0.9930928882636129,0.9921412220394097,0.9914878338428008,acc,0.8001765012741089,0.8001765012741089,0.8770487904548645,,0.7416299220041055,0.7941480001192707,0.7513679475149946,0.739135497155579,acc,0.793328583240509,0.793328583240509,0.8674697875976562,,0.727163934652431,0.7858126050307835,0.7332699393153764,0.7288222331069742
roman-empire,GT-sep,2,512,3e-05,9,4910,acc,1.0,1.0,2.881469754356658e-06,,1.0,1.0,1.0,1.0,acc,0.8654898405075073,0.8654898405075073,1.049038290977478,,0.8325242318876842,0.8618909570272142,0.8398324795509035,0.8323095741700004,acc,0.8565124869346619,0.8565124869346619,1.0516092777252197,,0.8192220510249991,0.8532206111037566,0.8183547101634572,0.8239196207256259
roman-empire,GT-sep,3,512,3e-05,9,3860,acc,1.0,1.0,3.377790199010633e-05,,1.0,1.0,1.0,1.0,acc,0.8866725564002991,0.8866725564002991,0.8272653222084045,,0.8629859695257055,0.8844847667126728,0.8661308465259991,0.8647770289351886,acc,0.8849276304244995,0.8849276304244995,0.7979122400283813,,0.8540051745218773,0.8823210331828628,0.8513321503119432,0.860340575899255
roman-empire,GT-sep,4,512,3e-05,9,4520,acc,1.0,1.0,7.712657748015772e-07,,1.0,1.0,1.0,1.0,acc,0.8981465101242065,0.8981465101242065,0.8054963946342468,,0.8762562738180564,0.8960781075325035,0.8815843976875483,0.8740248790956316,acc,0.895340621471405,0.895340621471405,0.7784979939460754,,0.8695438332413541,0.893126167004562,0.8683269411357637,0.8735541939564355
roman-empire,GT-sep,5,512,3e-05,9,3010,acc,1.0,1.0,2.909031718445476e-05,,1.0,1.0,1.0,1.0,acc,0.8992056250572205,0.8992056250572205,0.7080538868904114,,0.8774634947832204,0.8979470086126808,0.8800086209772503,0.8767915491583449,acc,0.9002823829650879,0.9002823829650879,0.6686808466911316,,0.8747859963668294,0.8985832774187745,0.8729167940602706,0.878432375686245
roman-empire,TAG,1,512,3e-05,0,1450,acc,0.9942635297775269,0.9942635297775269,0.022432444617152214,,0.9942759848458351,0.9942615884884752,0.9944708338432977,0.9941557915662654,acc,0.8247131109237671,0.8247131109237671,0.771055281162262,,0.7849092425190434,0.8229297780769986,0.7928855154931977,0.7825432004913702,acc,0.8040945529937744,0.8040945529937744,0.8266202807426453,,0.7521687962760408,0.8029463166997173,0.759399883873692,0.7511760225837296
roman-empire,TAG,2,512,3e-05,0,2800,acc,0.9998235106468201,0.9998235106468201,0.00033424407592974603,,0.9998005544139102,0.9998236679031057,0.9996913580246913,0.9999106823865667,acc,0.856663703918457,0.856663703918457,0.939781665802002,,0.8207580577660007,0.8544248235422117,0.8221191112309935,0.823218166582437,acc,0.8528062105178833,0.8528062105178833,0.9657487869262695,,0.8088946506435335,0.850896668316015,0.8075133745225438,0.812934093813483
roman-empire,TAG,3,512,3e-05,0,3930,acc,1.0,1.0,1.8622426068759523e-05,,1.0,1.0,1.0,1.0,acc,0.8900264501571655,0.8900264501571655,0.8324028849601746,,0.8645140307968978,0.8885048572697583,0.8632462718657635,0.8671016444514695,acc,0.8831626772880554,0.8831626772880554,0.8596405982971191,,0.8526557469570483,0.8821042357420038,0.8476662961563372,0.8585675162178169
roman-empire,TAG,4,512,3e-05,0,4730,acc,1.0,1.0,1.2480628356570378e-05,,1.0,1.0,1.0,1.0,acc,0.8972638845443726,0.8972638845443726,0.8422176837921143,,0.8756425721878229,0.8961121432169902,0.8743464568122937,0.8779339071974973,acc,0.8903988599777222,0.8903988599777222,0.8642707467079163,,0.8597190081381606,0.8896109527232623,0.8562410132330381,0.8642676710889811
roman-empire,TAG,5,512,3e-05,0,5000,acc,1.0,1.0,5.029326075600693e-07,,1.0,1.0,1.0,1.0,acc,0.9018534421920776,0.9018534421920776,0.8322076201438904,,0.883243256516527,0.9008936081717281,0.8876157924236712,0.8800026325975279,acc,0.893399178981781,0.893399178981781,0.8468308448791504,,0.8663074748453059,0.8925150527092907,0.8684969300605053,0.8648415289713494
roman-empire,TAG,1,512,3e-05,1,2740,acc,0.9999117851257324,0.9999117851257324,0.0005986685864627361,,0.9998972066108291,0.9999117050957871,0.9999494029548673,0.9998452491488704,acc,0.8298322558403015,0.8298322558403015,0.9954875707626343,,0.7842365102212985,0.8270387086355906,0.7911401042145273,0.7828694986628549,acc,0.8250970244407654,0.8250970244407654,1.010024905204773,,0.7810087887805276,0.8229738816910649,0.7955952774726334,0.7726106204678092
roman-empire,TAG,2,512,3e-05,1,4890,acc,1.0,1.0,2.4122547984006815e-05,,1.0,1.0,1.0,1.0,acc,0.8716681003570557,0.8716681003570557,1.0330784320831299,,0.8323710692885025,0.8685943127481195,0.8352550828615785,0.8367743256485065,acc,0.8692198991775513,0.8692198991775513,1.0500438213348389,,0.8333136520977316,0.8664729285378947,0.8384480489291775,0.8328123371087606
roman-empire,TAG,3,512,3e-05,1,2330,acc,1.0,1.0,0.00010212195047643036,,1.0,1.0,1.0,1.0,acc,0.8831420540809631,0.8831420540809631,0.7490725517272949,,0.8509158294115656,0.8813652486991458,0.8454441027980472,0.860211210267543,acc,0.8843981623649597,0.8843981623649597,0.7221950888633728,,0.8532735724692446,0.8823200706707397,0.8530298923702485,0.8560409841440593
roman-empire,TAG,4,512,3e-05,1,4290,acc,1.0,1.0,1.0247351838188479e-06,,1.0,1.0,1.0,1.0,acc,0.8939099311828613,0.8939099311828613,0.8344275951385498,,0.8661538272391391,0.8924622107840856,0.8647261790471309,0.8695311137966137,acc,0.8963995575904846,0.8963995575904846,0.7738260626792908,,0.8696709986752185,0.8951197452277734,0.8733927441258875,0.8673209786550786
roman-empire,TAG,5,512,3e-05,1,4550,acc,1.0,1.0,8.346632967004552e-07,,1.0,1.0,1.0,1.0,acc,0.8947925567626953,0.8947925567626953,0.8414378762245178,,0.8653605174282579,0.8934652506872874,0.8623959500842376,0.8698098616329712,acc,0.9009883403778076,0.9009883403778076,0.7539179921150208,,0.8746608551364932,0.8996623400441858,0.8799094636702449,0.8708028276513093
roman-empire,TAG,1,512,3e-05,2,4120,acc,1.0,1.0,7.088228448992595e-05,,1.0,1.0,1.0,1.0,acc,0.8227713704109192,0.8227713704109192,1.2515805959701538,,0.7744201448635235,0.8197341398774117,0.7861772337314958,0.768415735634958,acc,0.8199787735939026,0.8199787735939026,1.1678615808486938,,0.7748787156964577,0.8169518208541244,0.785672889780745,0.768340387961129
roman-empire,TAG,2,512,3e-05,2,2680,acc,1.0,1.0,0.00020150162163190544,,1.0,1.0,1.0,1.0,acc,0.8541923761367798,0.8541923761367798,0.9908464550971985,,0.8163856015604196,0.8522128458466287,0.8186428582183618,0.8172040056260621,acc,0.8593363761901855,0.8593363761901855,0.9072816967964172,,0.8257371075117904,0.8576591484904397,0.8262210516356849,0.8272567343713049
roman-empire,TAG,3,512,3e-05,2,3550,acc,1.0,1.0,1.0548586942604743e-05,,1.0,1.0,1.0,1.0,acc,0.8820829391479492,0.8820829391479492,0.8744431138038635,,0.8530649303691784,0.8808562258740135,0.8536883568922496,0.8539541266225747,acc,0.8842216730117798,0.8842216730117798,0.8044655323028564,,0.8527719858641272,0.8829971599336579,0.8530152171441066,0.8533760278300417
roman-empire,TAG,4,512,3e-05,2,3350,acc,1.0,1.0,5.636803052766481e-06,,1.0,1.0,1.0,1.0,acc,0.8870255947113037,0.8870255947113037,0.8100525736808777,,0.8576152806852684,0.8861828582506169,0.859299584674533,0.8573055623808791,acc,0.8942816257476807,0.8942816257476807,0.7464842796325684,,0.8722395719852326,0.8932089435759394,0.8754879880965842,0.8695214693190801
roman-empire,TAG,5,512,3e-05,2,4440,acc,1.0,1.0,8.139028864206921e-07,,1.0,1.0,1.0,1.0,acc,0.8947925567626953,0.8947925567626953,0.8523610830307007,,0.8680484902969307,0.8944397874290723,0.868231383975872,0.8684654992404301,acc,0.897987961769104,0.897987961769104,0.7821089029312134,,0.875518035040408,0.897468618544731,0.8784574755777332,0.8730138468065484
roman-empire,TAG,1,512,3e-05,3,3280,acc,0.9998235106468201,0.9998235106468201,0.0006208146223798394,,0.9998005903421537,0.999823493072103,0.9998005903421537,0.9998005903421537,acc,0.8261253237724304,0.8261253237724304,1.0959393978118896,,0.7828910002915426,0.8246673479178456,0.7916038995418848,0.7778273594814648,acc,0.8213907480239868,0.8213907480239868,1.0660654306411743,,0.7825163668818926,0.8199948455324078,0.7913260012637632,0.7777307959487438
roman-empire,TAG,2,512,3e-05,3,2110,acc,0.9997352361679077,0.9997352361679077,0.0008798256749287248,,0.9997017704935113,0.9997356306121519,0.9995395948434622,0.99986602357985,acc,0.8587819933891296,0.8587819933891296,0.8981617093086243,,0.818877450978862,0.8577353815768504,0.815188835069073,0.8263463298237298,acc,0.8558065295219421,0.8558065295219421,0.8718411922454834,,0.8212022367879143,0.8546318865684869,0.8204046852494451,0.8243051437157369
roman-empire,TAG,3,512,3e-05,3,4770,acc,1.0,1.0,1.1828973583760671e-05,,1.0,1.0,1.0,1.0,acc,0.8902029991149902,0.8902029991149902,0.9247729778289795,,0.857213388061974,0.8887921119784121,0.8542707657950145,0.8618930737991517,acc,0.8796328902244568,0.8796328902244568,0.9534267783164978,,0.8499926618855973,0.8779121194377693,0.851585164266178,0.8509305261058625
roman-empire,TAG,4,512,3e-05,3,3140,acc,1.0,1.0,8.106735549517907e-06,,1.0,1.0,1.0,1.0,acc,0.894086480140686,0.894086480140686,0.8244865536689758,,0.8627334332284762,0.892762727091852,0.8599655465414177,0.8667350933005096,acc,0.8838686943054199,0.8838686943054199,0.8464220762252808,,0.853825753785423,0.8821470061392439,0.8548952761394671,0.8549866836722801
roman-empire,TAG,5,512,3e-05,3,4790,acc,1.0,1.0,3.280491398527374e-07,,1.0,1.0,1.0,1.0,acc,0.9036186933517456,0.9036186933517456,0.8438371419906616,,0.8763610899683331,0.9028732476827185,0.8766184037985452,0.8774300814494236,acc,0.895340621471405,0.895340621471405,0.8721811175346375,,0.868663150219012,0.8940559117670165,0.8679800185102633,0.8706181518176062
roman-empire,TAG,1,512,3e-05,4,3360,acc,0.9999117851257324,0.9999117851257324,0.00044665750465355814,,0.9998999794901763,0.9999117025490416,0.9999553770638108,0.999844816883923,acc,0.8293027281761169,0.8293027281761169,1.0758960247039795,,0.7856861725261968,0.826774127443626,0.7946067794023031,0.7813140193589705,acc,0.8183903694152832,0.8183903694152832,1.136327862739563,,0.7724151963430919,0.8154989015088424,0.7791325094289552,0.771395895370752
roman-empire,TAG,2,512,3e-05,4,4870,acc,1.0,1.0,8.753364818403497e-05,,1.0,1.0,1.0,1.0,acc,0.8711385726928711,0.8711385726928711,1.0751171112060547,,0.8401504943460932,0.8689324221492344,0.8438139975812908,0.8397982052590742,acc,0.8611012697219849,0.8611012697219849,1.1389961242675781,,0.8279127568912525,0.8576885349613886,0.828405794798792,0.8334716568249615
roman-empire,TAG,3,512,3e-05,4,4100,acc,1.0,1.0,1.6075240637292154e-05,,1.0,1.0,1.0,1.0,acc,0.8905560374259949,0.8905560374259949,0.8631309866905212,,0.867407390402341,0.8887866377292547,0.8677054265490968,0.8695118775002869,acc,0.8813977837562561,0.8813977837562561,0.9143683314323425,,0.8572244534465108,0.8790070190848369,0.8527458336303266,0.8648935791129341
roman-empire,TAG,4,512,3e-05,4,4900,acc,1.0,1.0,6.582257583431783e-07,,1.0,1.0,1.0,1.0,acc,0.8983229994773865,0.8983229994773865,0.8237335681915283,,0.8777717153396404,0.8970057556347792,0.8785140542289747,0.8780952582122714,acc,0.8969290256500244,0.8969290256500244,0.8732216358184814,,0.8739069578516795,0.8953636808284867,0.8707348189729649,0.8787970743562469
roman-empire,TAG,5,512,3e-05,4,4760,acc,1.0,1.0,1.0628592690409278e-06,,1.0,1.0,1.0,1.0,acc,0.9045013189315796,0.9045013189315796,0.8004578351974487,,0.8880840031048703,0.9028866931180496,0.8918499230567174,0.886464817703957,acc,0.8972820043563843,0.8972820043563843,0.8378351926803589,,0.8765365986466314,0.8956666012268668,0.8737998328539908,0.8808190962014889
roman-empire,TAG,1,512,3e-05,5,3960,acc,0.9999117851257324,0.9999117851257324,0.00048214462003670633,,0.9998999794901763,0.9999117025490416,0.9999553770638108,0.999844816883923,acc,0.8255957365036011,0.8255957365036011,1.1779710054397583,,0.7844778305571876,0.8226350153696859,0.7972553961877362,0.7767300502109871,acc,0.835333526134491,0.835333526134491,1.0370312929153442,,0.7835606409817982,0.8327342235686526,0.7986735776221512,0.7764749350119549
roman-empire,TAG,2,512,3e-05,5,4710,acc,1.0,1.0,1.297084236284718e-05,,1.0,1.0,1.0,1.0,acc,0.8596645593643188,0.8596645593643188,1.1572034358978271,,0.8249691220881562,0.8580678255815257,0.8261759339816145,0.8268094017174737,acc,0.8755735754966736,0.8755735754966736,0.9822017550468445,,0.8387996233021728,0.8743310455590272,0.8446884474181523,0.8375527262377271
roman-empire,TAG,3,512,3e-05,5,3720,acc,1.0,1.0,5.164301910554059e-06,,1.0,1.0,1.0,1.0,acc,0.8789055347442627,0.8789055347442627,0.8905656337738037,,0.8510334785436164,0.877561221768295,0.8539816931984058,0.8491654515324792,acc,0.8962230682373047,0.8962230682373047,0.7426888942718506,,0.8687289924664922,0.8954637645424968,0.8701584083536958,0.8686817286556566
roman-empire,TAG,4,512,3e-05,5,3680,acc,1.0,1.0,4.125939085497521e-06,,1.0,1.0,1.0,1.0,acc,0.8909090757369995,0.8909090757369995,0.8223223686218262,,0.8641657815946246,0.8898263374381699,0.8664931377081285,0.8625821927083515,acc,0.9029297232627869,0.9029297232627869,0.6932502388954163,,0.8755720919194399,0.9024107336691318,0.8813486324364599,0.8717602749475732
roman-empire,TAG,5,512,3e-05,5,3800,acc,1.0,1.0,1.555576204737008e-06,,1.0,1.0,1.0,1.0,acc,0.8923212289810181,0.8923212289810181,0.8353186249732971,,0.868345762696754,0.8912999818188588,0.8737826349767814,0.8642027401661191,acc,0.9016942977905273,0.9016942977905273,0.7149244546890259,,0.8730721281439817,0.9011148276676545,0.8772884100179759,0.8705793180564816
roman-empire,TAG,1,512,3e-05,6,4480,acc,1.0,1.0,9.697618224890903e-05,,1.0,1.0,1.0,1.0,acc,0.8245366215705872,0.8245366215705872,1.2424923181533813,,0.7884874119287808,0.8231517346537187,0.7940905663317467,0.7873777545823001,acc,0.8222731947898865,0.8222731947898865,1.2271125316619873,,0.7787954516616525,0.8206716444361624,0.7850143055007517,0.7761468072997041
roman-empire,TAG,2,512,3e-05,6,3690,acc,1.0,1.0,5.54622893105261e-05,,1.0,1.0,1.0,1.0,acc,0.8646072149276733,0.8646072149276733,1.0662058591842651,,0.8290083364362105,0.8624942050301644,0.8289749606606506,0.8308839336067997,acc,0.8612777590751648,0.8612777590751648,1.0217914581298828,,0.8259135634113695,0.8594434418531036,0.8234859689743163,0.8299523014482824
roman-empire,TAG,3,512,3e-05,6,4660,acc,1.0,1.0,2.2894332687428687e-06,,1.0,1.0,1.0,1.0,acc,0.8808472752571106,0.8808472752571106,0.9205306768417358,,0.8530781285962342,0.8799347252814883,0.8490367146600536,0.8581742370446299,acc,0.8856335878372192,0.8856335878372192,0.9018757343292236,,0.8575935329883303,0.8845269215539805,0.8553684110731553,0.8613988696848978
roman-empire,TAG,4,512,3e-05,6,4020,acc,1.0,1.0,2.0662121187342564e-06,,1.0,1.0,1.0,1.0,acc,0.8893203735351562,0.8893203735351562,0.8848802447319031,,0.8638813527514789,0.888547154864916,0.8596335146980651,0.869707107644479,acc,0.8889868855476379,0.8889868855476379,0.8349412679672241,,0.8622106142548973,0.8877756684102549,0.8612446892309117,0.8647742011063028
roman-empire,TAG,5,512,3e-05,6,4680,acc,1.0,1.0,1.0868561730603687e-06,,1.0,1.0,1.0,1.0,acc,0.8926742672920227,0.8926742672920227,0.8989114761352539,,0.8677866454555859,0.8916088269438935,0.8661563362474692,0.8704571950792059,acc,0.8939286470413208,0.8939286470413208,0.8474064469337463,,0.8665012513252771,0.8928410141025215,0.866005077897672,0.8680959038507438
roman-empire,TAG,1,512,3e-05,7,3900,acc,0.9999117851257324,0.9999117851257324,0.0003443571913521737,,0.9998999794901763,0.9999117025490416,0.9999553770638108,0.999844816883923,acc,0.8225948810577393,0.8225948810577393,1.1708312034606934,,0.7754188093844164,0.8207536001941159,0.7889533990229698,0.7686610311284411,acc,0.8319802284240723,0.8319802284240723,1.1111177206039429,,0.7901427270465486,0.8292158278679779,0.8010041425270016,0.7841255947465423
roman-empire,TAG,2,512,3e-05,7,4140,acc,1.0,1.0,4.135550989303738e-05,,1.0,1.0,1.0,1.0,acc,0.8580758571624756,0.8580758571624756,1.1022547483444214,,0.8243802530582075,0.8564159757558564,0.8288326648501236,0.8225010545069736,acc,0.8669254779815674,0.8669254779815674,1.050862431526184,,0.8319889244236783,0.8651390288483426,0.83423218294672,0.8325339558538725
roman-empire,TAG,3,512,3e-05,7,4940,acc,1.0,1.0,1.5535681541223312e-06,,1.0,1.0,1.0,1.0,acc,0.8854368925094604,0.8854368925094604,0.918722927570343,,0.8549358391009716,0.8840926227679984,0.8562829043071499,0.8547990359258982,acc,0.8895164132118225,0.8895164132118225,0.9064925312995911,,0.8606628554084411,0.888199757350125,0.861830770722134,0.8606817111815166
roman-empire,TAG,4,512,3e-05,7,4740,acc,1.0,1.0,1.2638532780329115e-06,,1.0,1.0,1.0,1.0,acc,0.8893203735351562,0.8893203735351562,0.8851971626281738,,0.8616401084399616,0.8881679564737714,0.8623982507010282,0.8617754980774184,acc,0.8923402428627014,0.8923402428627014,0.8796717524528503,,0.8639140393469913,0.890969137573967,0.8660968953458816,0.8631319246297368
roman-empire,TAG,5,512,3e-05,7,3990,acc,1.0,1.0,1.6082107094916864e-06,,1.0,1.0,1.0,1.0,acc,0.8939099311828613,0.8939099311828613,0.8153396844863892,,0.8671368430922682,0.8933401869498804,0.8668180966205431,0.868277010170202,acc,0.8937521576881409,0.8937521576881409,0.8610758185386658,,0.8666275259938852,0.8934545620728499,0.8656469747553608,0.8684926402931052
roman-empire,TAG,1,512,3e-05,8,2920,acc,0.9998235106468201,0.9998235106468201,0.0007551762973889709,,0.9997971684540262,0.9998232844002982,0.9999047441481507,0.9996904982977407,acc,0.818358302116394,0.818358302116394,1.0006641149520874,,0.7758902305186013,0.8155778423663294,0.7850176079528037,0.7722987842427035,acc,0.821037769317627,0.821037769317627,1.0024560689926147,,0.7742350053019919,0.8189461734509912,0.783487733578165,0.7701797597937003
roman-empire,TAG,2,512,3e-05,8,4320,acc,1.0,1.0,9.353474888484925e-05,,1.0,1.0,1.0,1.0,acc,0.8635480999946594,0.8635480999946594,1.040784239768982,,0.8277915141395397,0.8607602601346236,0.8308276842524064,0.8312146710700417,acc,0.8588069081306458,0.8588069081306458,1.0857043266296387,,0.8237815685348931,0.8568772223828496,0.8227827175801425,0.8297571752125371
roman-empire,TAG,3,512,3e-05,8,3030,acc,1.0,1.0,5.643911208608188e-05,,1.0,1.0,1.0,1.0,acc,0.8852603435516357,0.8852603435516357,0.7786892056465149,,0.859722199843359,0.8840327235601217,0.8601182284805177,0.8620683577227679,acc,0.8794564008712769,0.8794564008712769,0.8400297164916992,,0.8497425066830782,0.8782968286190299,0.8466718981067215,0.854526022863425
roman-empire,TAG,4,512,3e-05,8,5000,acc,1.0,1.0,8.795274197836989e-07,,1.0,1.0,1.0,1.0,acc,0.893203854560852,0.893203854560852,0.8248115181922913,,0.8696211023623108,0.8916798913939696,0.8739410761378061,0.8680546140989782,acc,0.8962230682373047,0.8962230682373047,0.8617467880249023,,0.8698725452090615,0.8953037464088871,0.8680701147375461,0.8728607282497923
roman-empire,TAG,5,512,3e-05,8,3530,acc,1.0,1.0,3.9797264435037505e-06,,1.0,1.0,1.0,1.0,acc,0.8921447396278381,0.8921447396278381,0.7771362066268921,,0.865829954621596,0.8908094399201482,0.8677232210670714,0.8659275448391942,acc,0.8925167322158813,0.8925167322158813,0.832068145275116,,0.8654839116031819,0.8917926940589392,0.863147742562786,0.8688587336429352
roman-empire,TAG,1,512,3e-05,9,4140,acc,0.9998235106468201,0.9998235106468201,0.0003501683531794697,,0.9997967517171106,0.9998232836955144,0.9999047800186782,0.9996896337678459,acc,0.8278905153274536,0.8278905153274536,1.2243213653564453,,0.7815584612361355,0.8246574537276953,0.7960728941558224,0.7741984212222963,acc,0.8201552629470825,0.8201552629470825,1.1820329427719116,,0.7755080015547745,0.817202760774583,0.7833953998571144,0.7725418264792755
roman-empire,TAG,2,512,3e-05,9,3440,acc,1.0,1.0,0.00019217458611819893,,1.0,1.0,1.0,1.0,acc,0.8624889254570007,0.8624889254570007,1.0002532005310059,,0.8239766968528356,0.8584994232511689,0.8334859116082975,0.8229441696483871,acc,0.8577479720115662,0.8577479720115662,1.022751808166504,,0.818011736097575,0.854955652197115,0.8187901680006786,0.8229573017831078
roman-empire,TAG,3,512,3e-05,9,4940,acc,1.0,1.0,1.6871097159310011e-06,,1.0,1.0,1.0,1.0,acc,0.8889673352241516,0.8889673352241516,0.8767275810241699,,0.858483613820289,0.8863990751132548,0.8672942004626818,0.8540922319242616,acc,0.8854570984840393,0.8854570984840393,0.8881563544273376,,0.8535410672014501,0.8838140442104024,0.8515472480671602,0.8570668866882512
roman-empire,TAG,4,512,3e-05,9,3430,acc,1.0,1.0,6.5311905927956104e-06,,1.0,1.0,1.0,1.0,acc,0.8962047696113586,0.8962047696113586,0.7795675992965698,,0.8706112150268845,0.893932204501192,0.8797929635615511,0.8658088094310111,acc,0.8939286470413208,0.8939286470413208,0.7612868547439575,,0.8653414398746337,0.8925386373154756,0.8657818228711681,0.866906369308304
roman-empire,TAG,5,512,3e-05,9,4900,acc,1.0,1.0,5.463649586090469e-07,,1.0,1.0,1.0,1.0,acc,0.8992056250572205,0.8992056250572205,0.8308095335960388,,0.8753861495298805,0.8975297555413229,0.880567472354365,0.8725298102017689,acc,0.8974584937095642,0.8974584937095642,0.8117321729660034,,0.8691510035100483,0.8962055695744576,0.8693284432425208,0.8705742247932665
