Loading data...

============================================================
Training amazon-ratings GAT-sep 4L h=256 lr=3e-05 split=5
============================================================
Training for 5000 steps
Step    1 | loss 1.8207 | val_acc=0.1450 val_loss=1.6688 val_f1_macro=0.1059 val_f1_weighted=0.1052 val_prec_macro=0.2088 val_rec_macro=0.2087 val_metric_name=acc val_metric=0.1450
Step   50 | loss 1.4210 | val_acc=0.3751 val_loss=1.3992 val_f1_macro=0.1529 val_f1_weighted=0.2577 val_prec_macro=0.1499 val_rec_macro=0.2133 val_metric_name=acc val_metric=0.3751
Step  100 | loss 1.3929 | val_acc=0.3970 val_loss=1.3777 val_f1_macro=0.1890 val_f1_weighted=0.3046 val_prec_macro=0.2118 val_rec_macro=0.2394 val_metric_name=acc val_metric=0.3970
Step  150 | loss 1.3588 | val_acc=0.4129 val_loss=1.3642 val_f1_macro=0.2155 val_f1_weighted=0.3362 val_prec_macro=0.2382 val_rec_macro=0.2593 val_metric_name=acc val_metric=0.4129
Step  200 | loss 1.3345 | val_acc=0.4235 val_loss=1.3568 val_f1_macro=0.2400 val_f1_weighted=0.3616 val_prec_macro=0.3799 val_rec_macro=0.2753 val_metric_name=acc val_metric=0.4235
Step  250 | loss 1.3152 | val_acc=0.4253 val_loss=1.3556 val_f1_macro=0.2533 val_f1_weighted=0.3706 val_prec_macro=0.4061 val_rec_macro=0.2828 val_metric_name=acc val_metric=0.4253
Step  300 | loss 1.2904 | val_acc=0.4259 val_loss=1.3537 val_f1_macro=0.2653 val_f1_weighted=0.3769 val_prec_macro=0.3659 val_rec_macro=0.2888 val_metric_name=acc val_metric=0.4259
Step  350 | loss 1.2656 | val_acc=0.4362 val_loss=1.3460 val_f1_macro=0.2942 val_f1_weighted=0.4004 val_prec_macro=0.3855 val_rec_macro=0.3051 val_metric_name=acc val_metric=0.4362
Step  400 | loss 1.2459 | val_acc=0.4423 val_loss=1.3518 val_f1_macro=0.3109 val_f1_weighted=0.4104 val_prec_macro=0.4058 val_rec_macro=0.3172 val_metric_name=acc val_metric=0.4423
Step  450 | loss 1.2197 | val_acc=0.4506 val_loss=1.3517 val_f1_macro=0.3223 val_f1_weighted=0.4201 val_prec_macro=0.4094 val_rec_macro=0.3259 val_metric_name=acc val_metric=0.4506
Step  500 | loss 1.1977 | val_acc=0.4620 val_loss=1.3518 val_f1_macro=0.3411 val_f1_weighted=0.4374 val_prec_macro=0.4211 val_rec_macro=0.3383 val_metric_name=acc val_metric=0.4620
Step  550 | loss 1.1680 | val_acc=0.4648 val_loss=1.3583 val_f1_macro=0.3467 val_f1_weighted=0.4403 val_prec_macro=0.4221 val_rec_macro=0.3451 val_metric_name=acc val_metric=0.4648
Step  600 | loss 1.1432 | val_acc=0.4715 val_loss=1.3615 val_f1_macro=0.3655 val_f1_weighted=0.4514 val_prec_macro=0.4339 val_rec_macro=0.3591 val_metric_name=acc val_metric=0.4715
Step  650 | loss 1.1121 | val_acc=0.4761 val_loss=1.3692 val_f1_macro=0.3709 val_f1_weighted=0.4566 val_prec_macro=0.4352 val_rec_macro=0.3621 val_metric_name=acc val_metric=0.4761
Step  700 | loss 1.0758 | val_acc=0.4771 val_loss=1.3801 val_f1_macro=0.3790 val_f1_weighted=0.4579 val_prec_macro=0.4416 val_rec_macro=0.3697 val_metric_name=acc val_metric=0.4771
Step  750 | loss 1.0460 | val_acc=0.4795 val_loss=1.3996 val_f1_macro=0.3860 val_f1_weighted=0.4624 val_prec_macro=0.4422 val_rec_macro=0.3760 val_metric_name=acc val_metric=0.4795
Step  800 | loss 1.0140 | val_acc=0.4885 val_loss=1.4090 val_f1_macro=0.3976 val_f1_weighted=0.4723 val_prec_macro=0.4521 val_rec_macro=0.3855 val_metric_name=acc val_metric=0.4885
Step  850 | loss 0.9864 | val_acc=0.4935 val_loss=1.4269 val_f1_macro=0.4086 val_f1_weighted=0.4791 val_prec_macro=0.4535 val_rec_macro=0.3985 val_metric_name=acc val_metric=0.4935
Step  900 | loss 0.9640 | val_acc=0.4939 val_loss=1.4457 val_f1_macro=0.4153 val_f1_weighted=0.4822 val_prec_macro=0.4506 val_rec_macro=0.4044 val_metric_name=acc val_metric=0.4939
Step  950 | loss 0.9276 | val_acc=0.4955 val_loss=1.4629 val_f1_macro=0.4151 val_f1_weighted=0.4847 val_prec_macro=0.4495 val_rec_macro=0.4047 val_metric_name=acc val_metric=0.4955
Step 1000 | loss 0.9064 | val_acc=0.5016 val_loss=1.4818 val_f1_macro=0.4257 val_f1_weighted=0.4916 val_prec_macro=0.4592 val_rec_macro=0.4141 val_metric_name=acc val_metric=0.5016
Step 1050 | loss 0.8741 | val_acc=0.5033 val_loss=1.5034 val_f1_macro=0.4267 val_f1_weighted=0.4939 val_prec_macro=0.4581 val_rec_macro=0.4159 val_metric_name=acc val_metric=0.5033
Step 1100 | loss 0.8447 | val_acc=0.5084 val_loss=1.5207 val_f1_macro=0.4352 val_f1_weighted=0.5002 val_prec_macro=0.4619 val_rec_macro=0.4252 val_metric_name=acc val_metric=0.5084
Step 1150 | loss 0.8170 | val_acc=0.5133 val_loss=1.5486 val_f1_macro=0.4455 val_f1_weighted=0.5064 val_prec_macro=0.4702 val_rec_macro=0.4345 val_metric_name=acc val_metric=0.5133
Step 1200 | loss 0.7848 | val_acc=0.5135 val_loss=1.5823 val_f1_macro=0.4444 val_f1_weighted=0.5070 val_prec_macro=0.4647 val_rec_macro=0.4355 val_metric_name=acc val_metric=0.5135
Step 1250 | loss 0.7634 | val_acc=0.5141 val_loss=1.6062 val_f1_macro=0.4435 val_f1_weighted=0.5066 val_prec_macro=0.4668 val_rec_macro=0.4340 val_metric_name=acc val_metric=0.5141
Step 1300 | loss 0.7259 | val_acc=0.5169 val_loss=1.6389 val_f1_macro=0.4479 val_f1_weighted=0.5109 val_prec_macro=0.4660 val_rec_macro=0.4394 val_metric_name=acc val_metric=0.5169
Step 1350 | loss 0.7091 | val_acc=0.5208 val_loss=1.6690 val_f1_macro=0.4520 val_f1_weighted=0.5143 val_prec_macro=0.4725 val_rec_macro=0.4433 val_metric_name=acc val_metric=0.5208
Step 1400 | loss 0.6791 | val_acc=0.5192 val_loss=1.7041 val_f1_macro=0.4494 val_f1_weighted=0.5134 val_prec_macro=0.4662 val_rec_macro=0.4415 val_metric_name=acc val_metric=0.5192
Step 1450 | loss 0.6570 | val_acc=0.5229 val_loss=1.7320 val_f1_macro=0.4542 val_f1_weighted=0.5175 val_prec_macro=0.4700 val_rec_macro=0.4464 val_metric_name=acc val_metric=0.5229
Step 1500 | loss 0.6246 | val_acc=0.5213 val_loss=1.7693 val_f1_macro=0.4522 val_f1_weighted=0.5155 val_prec_macro=0.4682 val_rec_macro=0.4441 val_metric_name=acc val_metric=0.5213
Step 1550 | loss 0.6000 | val_acc=0.5216 val_loss=1.8104 val_f1_macro=0.4532 val_f1_weighted=0.5175 val_prec_macro=0.4639 val_rec_macro=0.4473 val_metric_name=acc val_metric=0.5216
Step 1600 | loss 0.5868 | val_acc=0.5283 val_loss=1.8388 val_f1_macro=0.4587 val_f1_weighted=0.5233 val_prec_macro=0.4720 val_rec_macro=0.4521 val_metric_name=acc val_metric=0.5283
Step 1650 | loss 0.5709 | val_acc=0.5293 val_loss=1.8790 val_f1_macro=0.4623 val_f1_weighted=0.5249 val_prec_macro=0.4747 val_rec_macro=0.4558 val_metric_name=acc val_metric=0.5293
Step 1700 | loss 0.5450 | val_acc=0.5332 val_loss=1.9230 val_f1_macro=0.4652 val_f1_weighted=0.5290 val_prec_macro=0.4770 val_rec_macro=0.4587 val_metric_name=acc val_metric=0.5332
Step 1750 | loss 0.5184 | val_acc=0.5306 val_loss=1.9619 val_f1_macro=0.4641 val_f1_weighted=0.5272 val_prec_macro=0.4733 val_rec_macro=0.4590 val_metric_name=acc val_metric=0.5306
Step 1800 | loss 0.4970 | val_acc=0.5332 val_loss=1.9928 val_f1_macro=0.4666 val_f1_weighted=0.5292 val_prec_macro=0.4782 val_rec_macro=0.4603 val_metric_name=acc val_metric=0.5332
Step 1850 | loss 0.4780 | val_acc=0.5341 val_loss=2.0347 val_f1_macro=0.4676 val_f1_weighted=0.5303 val_prec_macro=0.4782 val_rec_macro=0.4618 val_metric_name=acc val_metric=0.5341
Step 1900 | loss 0.4602 | val_acc=0.5321 val_loss=2.0704 val_f1_macro=0.4657 val_f1_weighted=0.5289 val_prec_macro=0.4745 val_rec_macro=0.4606 val_metric_name=acc val_metric=0.5321
Step 1950 | loss 0.4519 | val_acc=0.5314 val_loss=2.0980 val_f1_macro=0.4666 val_f1_weighted=0.5282 val_prec_macro=0.4741 val_rec_macro=0.4634 val_metric_name=acc val_metric=0.5314
Step 2000 | loss 0.4307 | val_acc=0.5324 val_loss=2.1410 val_f1_macro=0.4665 val_f1_weighted=0.5295 val_prec_macro=0.4727 val_rec_macro=0.4636 val_metric_name=acc val_metric=0.5324
Step 2050 | loss 0.4170 | val_acc=0.5358 val_loss=2.1729 val_f1_macro=0.4721 val_f1_weighted=0.5326 val_prec_macro=0.4803 val_rec_macro=0.4678 val_metric_name=acc val_metric=0.5358
Step 2100 | loss 0.4027 | val_acc=0.5352 val_loss=2.2065 val_f1_macro=0.4703 val_f1_weighted=0.5323 val_prec_macro=0.4765 val_rec_macro=0.4674 val_metric_name=acc val_metric=0.5352
Step 2150 | loss 0.3834 | val_acc=0.5372 val_loss=2.2484 val_f1_macro=0.4718 val_f1_weighted=0.5341 val_prec_macro=0.4792 val_rec_macro=0.4676 val_metric_name=acc val_metric=0.5372
Step 2200 | loss 0.3681 | val_acc=0.5355 val_loss=2.2797 val_f1_macro=0.4717 val_f1_weighted=0.5328 val_prec_macro=0.4784 val_rec_macro=0.4683 val_metric_name=acc val_metric=0.5355
Step 2250 | loss 0.3541 | val_acc=0.5391 val_loss=2.3218 val_f1_macro=0.4758 val_f1_weighted=0.5356 val_prec_macro=0.4859 val_rec_macro=0.4704 val_metric_name=acc val_metric=0.5391
Step 2300 | loss 0.3461 | val_acc=0.5372 val_loss=2.3447 val_f1_macro=0.4750 val_f1_weighted=0.5346 val_prec_macro=0.4813 val_rec_macro=0.4714 val_metric_name=acc val_metric=0.5372
Step 2350 | loss 0.3441 | val_acc=0.5363 val_loss=2.3913 val_f1_macro=0.4754 val_f1_weighted=0.5342 val_prec_macro=0.4816 val_rec_macro=0.4717 val_metric_name=acc val_metric=0.5363
Step 2400 | loss 0.3225 | val_acc=0.5363 val_loss=2.4115 val_f1_macro=0.4766 val_f1_weighted=0.5337 val_prec_macro=0.4839 val_rec_macro=0.4730 val_metric_name=acc val_metric=0.5363
Step 2450 | loss 0.3134 | val_acc=0.5396 val_loss=2.4563 val_f1_macro=0.4806 val_f1_weighted=0.5369 val_prec_macro=0.4889 val_rec_macro=0.4759 val_metric_name=acc val_metric=0.5396
Step 2500 | loss 0.3112 | val_acc=0.5399 val_loss=2.4803 val_f1_macro=0.4791 val_f1_weighted=0.5371 val_prec_macro=0.4876 val_rec_macro=0.4740 val_metric_name=acc val_metric=0.5399
Step 2550 | loss 0.2934 | val_acc=0.5407 val_loss=2.5067 val_f1_macro=0.4799 val_f1_weighted=0.5379 val_prec_macro=0.4883 val_rec_macro=0.4752 val_metric_name=acc val_metric=0.5407
Step 2600 | loss 0.2866 | val_acc=0.5367 val_loss=2.5269 val_f1_macro=0.4780 val_f1_weighted=0.5341 val_prec_macro=0.4857 val_rec_macro=0.4729 val_metric_name=acc val_metric=0.5367
Step 2650 | loss 0.2807 | val_acc=0.5403 val_loss=2.5520 val_f1_macro=0.4801 val_f1_weighted=0.5378 val_prec_macro=0.4869 val_rec_macro=0.4759 val_metric_name=acc val_metric=0.5403
Step 2700 | loss 0.2722 | val_acc=0.5378 val_loss=2.5756 val_f1_macro=0.4794 val_f1_weighted=0.5354 val_prec_macro=0.4865 val_rec_macro=0.4749 val_metric_name=acc val_metric=0.5378
Step 2750 | loss 0.2617 | val_acc=0.5399 val_loss=2.6095 val_f1_macro=0.4810 val_f1_weighted=0.5375 val_prec_macro=0.4881 val_rec_macro=0.4767 val_metric_name=acc val_metric=0.5399
Step 2800 | loss 0.2560 | val_acc=0.5381 val_loss=2.6345 val_f1_macro=0.4794 val_f1_weighted=0.5360 val_prec_macro=0.4859 val_rec_macro=0.4755 val_metric_name=acc val_metric=0.5381
Step 2850 | loss 0.2469 | val_acc=0.5372 val_loss=2.6636 val_f1_macro=0.4779 val_f1_weighted=0.5349 val_prec_macro=0.4846 val_rec_macro=0.4736 val_metric_name=acc val_metric=0.5372
Step 2900 | loss 0.2360 | val_acc=0.5406 val_loss=2.6862 val_f1_macro=0.4811 val_f1_weighted=0.5381 val_prec_macro=0.4886 val_rec_macro=0.4764 val_metric_name=acc val_metric=0.5406
Step 2950 | loss 0.2293 | val_acc=0.5406 val_loss=2.6987 val_f1_macro=0.4811 val_f1_weighted=0.5382 val_prec_macro=0.4892 val_rec_macro=0.4764 val_metric_name=acc val_metric=0.5406
Step 3000 | loss 0.2269 | val_acc=0.5419 val_loss=2.7418 val_f1_macro=0.4827 val_f1_weighted=0.5394 val_prec_macro=0.4911 val_rec_macro=0.4778 val_metric_name=acc val_metric=0.5419
Step 3050 | loss 0.2205 | val_acc=0.5409 val_loss=2.7691 val_f1_macro=0.4816 val_f1_weighted=0.5387 val_prec_macro=0.4893 val_rec_macro=0.4771 val_metric_name=acc val_metric=0.5409
Step 3100 | loss 0.2110 | val_acc=0.5396 val_loss=2.8052 val_f1_macro=0.4801 val_f1_weighted=0.5375 val_prec_macro=0.4866 val_rec_macro=0.4759 val_metric_name=acc val_metric=0.5396
Step 3150 | loss 0.2097 | val_acc=0.5406 val_loss=2.8208 val_f1_macro=0.4812 val_f1_weighted=0.5381 val_prec_macro=0.4900 val_rec_macro=0.4760 val_metric_name=acc val_metric=0.5406
Step 3200 | loss 0.2148 | val_acc=0.5412 val_loss=2.8353 val_f1_macro=0.4823 val_f1_weighted=0.5388 val_prec_macro=0.4905 val_rec_macro=0.4775 val_metric_name=acc val_metric=0.5412
Early stopping at step 3246

--- Final (best ckpt @ step 2930) ---
  train_acc=0.9931 train_loss=0.0290 train_f1_macro=0.9928 train_f1_weighted=0.9931 train_prec_macro=0.9921 train_rec_macro=0.9935 train_metric_name=acc train_metric=0.9931
  val_acc=0.5432 val_loss=2.6950 val_f1_macro=0.4821 val_f1_weighted=0.5406 val_prec_macro=0.4895 val_rec_macro=0.4774 val_metric_name=acc val_metric=0.5432
  test_acc=0.5502 test_loss=2.6991 test_f1_macro=0.4946 test_f1_weighted=0.5487 test_prec_macro=0.5007 test_rec_macro=0.4897 test_metric_name=acc test_metric=0.5502
  test_acc=0.5502

============================================================
Training amazon-ratings GAT-sep 4L h=256 lr=6e-05 split=5
============================================================
Training for 5000 steps
Step    1 | loss 1.8207 | val_acc=0.3064 val_loss=1.5270 val_f1_macro=0.1776 val_f1_weighted=0.2606 val_prec_macro=0.2038 val_rec_macro=0.2073 val_metric_name=acc val_metric=0.3064
Step   50 | loss 1.4004 | val_acc=0.3864 val_loss=1.3844 val_f1_macro=0.1774 val_f1_weighted=0.2895 val_prec_macro=0.1560 val_rec_macro=0.2288 val_metric_name=acc val_metric=0.3864
Step  100 | loss 1.3499 | val_acc=0.4179 val_loss=1.3599 val_f1_macro=0.2232 val_f1_weighted=0.3452 val_prec_macro=0.2434 val_rec_macro=0.2661 val_metric_name=acc val_metric=0.4179
Step  150 | loss 1.3111 | val_acc=0.4256 val_loss=1.3503 val_f1_macro=0.2559 val_f1_weighted=0.3722 val_prec_macro=0.4202 val_rec_macro=0.2836 val_metric_name=acc val_metric=0.4256
Step  200 | loss 1.2719 | val_acc=0.4272 val_loss=1.3598 val_f1_macro=0.2752 val_f1_weighted=0.3796 val_prec_macro=0.3798 val_rec_macro=0.2960 val_metric_name=acc val_metric=0.4272
Step  250 | loss 1.2327 | val_acc=0.4457 val_loss=1.3480 val_f1_macro=0.3194 val_f1_weighted=0.4170 val_prec_macro=0.4080 val_rec_macro=0.3230 val_metric_name=acc val_metric=0.4457
Step  300 | loss 1.1850 | val_acc=0.4602 val_loss=1.3480 val_f1_macro=0.3411 val_f1_weighted=0.4356 val_prec_macro=0.4178 val_rec_macro=0.3393 val_metric_name=acc val_metric=0.4602
Step  350 | loss 1.1344 | val_acc=0.4733 val_loss=1.3583 val_f1_macro=0.3667 val_f1_weighted=0.4529 val_prec_macro=0.4362 val_rec_macro=0.3593 val_metric_name=acc val_metric=0.4733
Step  400 | loss 1.0871 | val_acc=0.4782 val_loss=1.3708 val_f1_macro=0.3811 val_f1_weighted=0.4614 val_prec_macro=0.4383 val_rec_macro=0.3702 val_metric_name=acc val_metric=0.4782
Step  450 | loss 1.0346 | val_acc=0.4873 val_loss=1.3927 val_f1_macro=0.3962 val_f1_weighted=0.4712 val_prec_macro=0.4499 val_rec_macro=0.3862 val_metric_name=acc val_metric=0.4873
Step  500 | loss 0.9857 | val_acc=0.4955 val_loss=1.4218 val_f1_macro=0.4097 val_f1_weighted=0.4819 val_prec_macro=0.4585 val_rec_macro=0.3967 val_metric_name=acc val_metric=0.4955
Step  550 | loss 0.9270 | val_acc=0.4984 val_loss=1.4552 val_f1_macro=0.4180 val_f1_weighted=0.4863 val_prec_macro=0.4575 val_rec_macro=0.4076 val_metric_name=acc val_metric=0.4984
Step  600 | loss 0.8733 | val_acc=0.5040 val_loss=1.4844 val_f1_macro=0.4322 val_f1_weighted=0.4961 val_prec_macro=0.4570 val_rec_macro=0.4232 val_metric_name=acc val_metric=0.5040
Step  650 | loss 0.8189 | val_acc=0.5099 val_loss=1.5361 val_f1_macro=0.4379 val_f1_weighted=0.5015 val_prec_macro=0.4655 val_rec_macro=0.4277 val_metric_name=acc val_metric=0.5099
Step  700 | loss 0.7641 | val_acc=0.5180 val_loss=1.5790 val_f1_macro=0.4477 val_f1_weighted=0.5105 val_prec_macro=0.4734 val_rec_macro=0.4371 val_metric_name=acc val_metric=0.5180
Step  750 | loss 0.7041 | val_acc=0.5203 val_loss=1.6424 val_f1_macro=0.4507 val_f1_weighted=0.5140 val_prec_macro=0.4738 val_rec_macro=0.4411 val_metric_name=acc val_metric=0.5203
Step  800 | loss 0.6599 | val_acc=0.5254 val_loss=1.6969 val_f1_macro=0.4562 val_f1_weighted=0.5199 val_prec_macro=0.4731 val_rec_macro=0.4481 val_metric_name=acc val_metric=0.5254
Step  850 | loss 0.6151 | val_acc=0.5207 val_loss=1.7762 val_f1_macro=0.4541 val_f1_weighted=0.5164 val_prec_macro=0.4659 val_rec_macro=0.4483 val_metric_name=acc val_metric=0.5207
Step  900 | loss 0.5823 | val_acc=0.5292 val_loss=1.8534 val_f1_macro=0.4616 val_f1_weighted=0.5243 val_prec_macro=0.4746 val_rec_macro=0.4559 val_metric_name=acc val_metric=0.5292
Step  950 | loss 0.5309 | val_acc=0.5301 val_loss=1.9133 val_f1_macro=0.4649 val_f1_weighted=0.5265 val_prec_macro=0.4774 val_rec_macro=0.4587 val_metric_name=acc val_metric=0.5301
Step 1000 | loss 0.5058 | val_acc=0.5316 val_loss=1.9578 val_f1_macro=0.4673 val_f1_weighted=0.5280 val_prec_macro=0.4789 val_rec_macro=0.4605 val_metric_name=acc val_metric=0.5316
Step 1050 | loss 0.4613 | val_acc=0.5349 val_loss=2.0621 val_f1_macro=0.4694 val_f1_weighted=0.5310 val_prec_macro=0.4806 val_rec_macro=0.4641 val_metric_name=acc val_metric=0.5349
Step 1100 | loss 0.4355 | val_acc=0.5334 val_loss=2.1193 val_f1_macro=0.4714 val_f1_weighted=0.5305 val_prec_macro=0.4788 val_rec_macro=0.4680 val_metric_name=acc val_metric=0.5334
Step 1150 | loss 0.4072 | val_acc=0.5386 val_loss=2.1733 val_f1_macro=0.4768 val_f1_weighted=0.5359 val_prec_macro=0.4852 val_rec_macro=0.4718 val_metric_name=acc val_metric=0.5386
Step 1200 | loss 0.3814 | val_acc=0.5383 val_loss=2.2553 val_f1_macro=0.4762 val_f1_weighted=0.5356 val_prec_macro=0.4827 val_rec_macro=0.4732 val_metric_name=acc val_metric=0.5383
Step 1250 | loss 0.3601 | val_acc=0.5373 val_loss=2.3171 val_f1_macro=0.4757 val_f1_weighted=0.5348 val_prec_macro=0.4816 val_rec_macro=0.4728 val_metric_name=acc val_metric=0.5373
Step 1300 | loss 0.3238 | val_acc=0.5388 val_loss=2.3638 val_f1_macro=0.4786 val_f1_weighted=0.5361 val_prec_macro=0.4875 val_rec_macro=0.4735 val_metric_name=acc val_metric=0.5388
Step 1350 | loss 0.3198 | val_acc=0.5390 val_loss=2.4210 val_f1_macro=0.4798 val_f1_weighted=0.5363 val_prec_macro=0.4869 val_rec_macro=0.4758 val_metric_name=acc val_metric=0.5390
Step 1400 | loss 0.2995 | val_acc=0.5403 val_loss=2.4614 val_f1_macro=0.4807 val_f1_weighted=0.5382 val_prec_macro=0.4868 val_rec_macro=0.4773 val_metric_name=acc val_metric=0.5403
Step 1450 | loss 0.2859 | val_acc=0.5388 val_loss=2.5167 val_f1_macro=0.4791 val_f1_weighted=0.5360 val_prec_macro=0.4884 val_rec_macro=0.4737 val_metric_name=acc val_metric=0.5388
Step 1500 | loss 0.2518 | val_acc=0.5424 val_loss=2.5726 val_f1_macro=0.4820 val_f1_weighted=0.5391 val_prec_macro=0.4921 val_rec_macro=0.4760 val_metric_name=acc val_metric=0.5424
Step 1550 | loss 0.2445 | val_acc=0.5424 val_loss=2.6253 val_f1_macro=0.4858 val_f1_weighted=0.5408 val_prec_macro=0.4928 val_rec_macro=0.4811 val_metric_name=acc val_metric=0.5424
Step 1600 | loss 0.2333 | val_acc=0.5432 val_loss=2.6656 val_f1_macro=0.4851 val_f1_weighted=0.5411 val_prec_macro=0.4913 val_rec_macro=0.4810 val_metric_name=acc val_metric=0.5432
Step 1650 | loss 0.2238 | val_acc=0.5427 val_loss=2.7102 val_f1_macro=0.4847 val_f1_weighted=0.5402 val_prec_macro=0.4923 val_rec_macro=0.4799 val_metric_name=acc val_metric=0.5427
Step 1700 | loss 0.2100 | val_acc=0.5432 val_loss=2.7622 val_f1_macro=0.4855 val_f1_weighted=0.5409 val_prec_macro=0.4936 val_rec_macro=0.4803 val_metric_name=acc val_metric=0.5432
Step 1750 | loss 0.2024 | val_acc=0.5447 val_loss=2.8074 val_f1_macro=0.4872 val_f1_weighted=0.5427 val_prec_macro=0.4943 val_rec_macro=0.4829 val_metric_name=acc val_metric=0.5447
Step 1800 | loss 0.1871 | val_acc=0.5434 val_loss=2.8451 val_f1_macro=0.4876 val_f1_weighted=0.5410 val_prec_macro=0.4958 val_rec_macro=0.4827 val_metric_name=acc val_metric=0.5434
Step 1850 | loss 0.1785 | val_acc=0.5478 val_loss=2.8771 val_f1_macro=0.4923 val_f1_weighted=0.5457 val_prec_macro=0.5006 val_rec_macro=0.4864 val_metric_name=acc val_metric=0.5478
Step 1900 | loss 0.1684 | val_acc=0.5417 val_loss=2.9187 val_f1_macro=0.4853 val_f1_weighted=0.5401 val_prec_macro=0.4914 val_rec_macro=0.4810 val_metric_name=acc val_metric=0.5417
Step 1950 | loss 0.1744 | val_acc=0.5447 val_loss=2.9511 val_f1_macro=0.4858 val_f1_weighted=0.5428 val_prec_macro=0.4915 val_rec_macro=0.4821 val_metric_name=acc val_metric=0.5447
Step 2000 | loss 0.1610 | val_acc=0.5416 val_loss=2.9823 val_f1_macro=0.4851 val_f1_weighted=0.5397 val_prec_macro=0.4917 val_rec_macro=0.4804 val_metric_name=acc val_metric=0.5416
Early stopping at step 2040

--- Final (best ckpt @ step 1740) ---
  train_acc=0.9950 train_loss=0.0192 train_f1_macro=0.9952 train_f1_weighted=0.9950 train_prec_macro=0.9952 train_rec_macro=0.9953 train_metric_name=acc train_metric=0.9950
  val_acc=0.5486 val_loss=2.7903 val_f1_macro=0.4915 val_f1_weighted=0.5460 val_prec_macro=0.5013 val_rec_macro=0.4854 val_metric_name=acc val_metric=0.5486
  test_acc=0.5494 test_loss=2.7843 test_f1_macro=0.4972 test_f1_weighted=0.5478 test_prec_macro=0.5048 test_rec_macro=0.4914 test_metric_name=acc test_metric=0.5494
  test_acc=0.5494

============================================================
Training amazon-ratings GAT-sep 4L h=256 lr=0.0001 split=5
============================================================
Training for 5000 steps
Step    1 | loss 1.8207 | val_acc=0.3608 val_loss=1.4426 val_f1_macro=0.1413 val_f1_weighted=0.2411 val_prec_macro=0.1548 val_rec_macro=0.2033 val_metric_name=acc val_metric=0.3608
Step   50 | loss 1.3779 | val_acc=0.4031 val_loss=1.3670 val_f1_macro=0.1954 val_f1_weighted=0.3126 val_prec_macro=0.2191 val_rec_macro=0.2458 val_metric_name=acc val_metric=0.4031
Step  100 | loss 1.3165 | val_acc=0.4241 val_loss=1.3486 val_f1_macro=0.2473 val_f1_weighted=0.3688 val_prec_macro=0.3108 val_rec_macro=0.2794 val_metric_name=acc val_metric=0.4241
Step  150 | loss 1.2597 | val_acc=0.4312 val_loss=1.3580 val_f1_macro=0.2876 val_f1_weighted=0.3877 val_prec_macro=0.3868 val_rec_macro=0.3045 val_metric_name=acc val_metric=0.4312
Step  200 | loss 1.1932 | val_acc=0.4599 val_loss=1.3495 val_f1_macro=0.3368 val_f1_weighted=0.4306 val_prec_macro=0.4251 val_rec_macro=0.3373 val_metric_name=acc val_metric=0.4599
Step  250 | loss 1.1230 | val_acc=0.4715 val_loss=1.3593 val_f1_macro=0.3669 val_f1_weighted=0.4522 val_prec_macro=0.4398 val_rec_macro=0.3585 val_metric_name=acc val_metric=0.4715
Step  300 | loss 1.0420 | val_acc=0.4893 val_loss=1.3830 val_f1_macro=0.3992 val_f1_weighted=0.4737 val_prec_macro=0.4538 val_rec_macro=0.3869 val_metric_name=acc val_metric=0.4893
Step  350 | loss 0.9646 | val_acc=0.4989 val_loss=1.4237 val_f1_macro=0.4162 val_f1_weighted=0.4870 val_prec_macro=0.4574 val_rec_macro=0.4053 val_metric_name=acc val_metric=0.4989
Step  400 | loss 0.8857 | val_acc=0.5053 val_loss=1.4881 val_f1_macro=0.4277 val_f1_weighted=0.4947 val_prec_macro=0.4644 val_rec_macro=0.4149 val_metric_name=acc val_metric=0.5053
Step  450 | loss 0.8056 | val_acc=0.5145 val_loss=1.5475 val_f1_macro=0.4403 val_f1_weighted=0.5070 val_prec_macro=0.4639 val_rec_macro=0.4318 val_metric_name=acc val_metric=0.5145
Step  500 | loss 0.7290 | val_acc=0.5182 val_loss=1.6302 val_f1_macro=0.4516 val_f1_weighted=0.5131 val_prec_macro=0.4693 val_rec_macro=0.4423 val_metric_name=acc val_metric=0.5182
Step  550 | loss 0.6501 | val_acc=0.5221 val_loss=1.7226 val_f1_macro=0.4561 val_f1_weighted=0.5174 val_prec_macro=0.4715 val_rec_macro=0.4490 val_metric_name=acc val_metric=0.5221
Step  600 | loss 0.5816 | val_acc=0.5278 val_loss=1.8335 val_f1_macro=0.4646 val_f1_weighted=0.5237 val_prec_macro=0.4807 val_rec_macro=0.4550 val_metric_name=acc val_metric=0.5278
Step  650 | loss 0.5194 | val_acc=0.5342 val_loss=1.9393 val_f1_macro=0.4731 val_f1_weighted=0.5299 val_prec_macro=0.4877 val_rec_macro=0.4647 val_metric_name=acc val_metric=0.5342
Step  700 | loss 0.4671 | val_acc=0.5344 val_loss=2.0581 val_f1_macro=0.4699 val_f1_weighted=0.5303 val_prec_macro=0.4831 val_rec_macro=0.4626 val_metric_name=acc val_metric=0.5344
Step  750 | loss 0.4062 | val_acc=0.5365 val_loss=2.1621 val_f1_macro=0.4768 val_f1_weighted=0.5335 val_prec_macro=0.4892 val_rec_macro=0.4694 val_metric_name=acc val_metric=0.5365
Step  800 | loss 0.3662 | val_acc=0.5368 val_loss=2.2547 val_f1_macro=0.4765 val_f1_weighted=0.5338 val_prec_macro=0.4872 val_rec_macro=0.4696 val_metric_name=acc val_metric=0.5368
Step  850 | loss 0.3372 | val_acc=0.5360 val_loss=2.3655 val_f1_macro=0.4774 val_f1_weighted=0.5337 val_prec_macro=0.4842 val_rec_macro=0.4736 val_metric_name=acc val_metric=0.5360
Step  900 | loss 0.3042 | val_acc=0.5375 val_loss=2.4452 val_f1_macro=0.4794 val_f1_weighted=0.5347 val_prec_macro=0.4884 val_rec_macro=0.4743 val_metric_name=acc val_metric=0.5375
Step  950 | loss 0.2743 | val_acc=0.5375 val_loss=2.5343 val_f1_macro=0.4804 val_f1_weighted=0.5349 val_prec_macro=0.4904 val_rec_macro=0.4745 val_metric_name=acc val_metric=0.5375
Step 1000 | loss 0.2521 | val_acc=0.5344 val_loss=2.6027 val_f1_macro=0.4784 val_f1_weighted=0.5318 val_prec_macro=0.4874 val_rec_macro=0.4725 val_metric_name=acc val_metric=0.5344
Step 1050 | loss 0.2290 | val_acc=0.5417 val_loss=2.6924 val_f1_macro=0.4846 val_f1_weighted=0.5392 val_prec_macro=0.4934 val_rec_macro=0.4792 val_metric_name=acc val_metric=0.5417
Step 1100 | loss 0.2134 | val_acc=0.5388 val_loss=2.7354 val_f1_macro=0.4802 val_f1_weighted=0.5367 val_prec_macro=0.4862 val_rec_macro=0.4769 val_metric_name=acc val_metric=0.5388
Step 1150 | loss 0.1978 | val_acc=0.5440 val_loss=2.8001 val_f1_macro=0.4897 val_f1_weighted=0.5417 val_prec_macro=0.5003 val_rec_macro=0.4828 val_metric_name=acc val_metric=0.5440
Step 1200 | loss 0.1888 | val_acc=0.5435 val_loss=2.8634 val_f1_macro=0.4849 val_f1_weighted=0.5407 val_prec_macro=0.4947 val_rec_macro=0.4791 val_metric_name=acc val_metric=0.5435
Step 1250 | loss 0.1766 | val_acc=0.5412 val_loss=2.9139 val_f1_macro=0.4838 val_f1_weighted=0.5393 val_prec_macro=0.4902 val_rec_macro=0.4798 val_metric_name=acc val_metric=0.5412
Step 1300 | loss 0.1544 | val_acc=0.5422 val_loss=2.9715 val_f1_macro=0.4852 val_f1_weighted=0.5398 val_prec_macro=0.4936 val_rec_macro=0.4797 val_metric_name=acc val_metric=0.5422
Step 1350 | loss 0.1552 | val_acc=0.5419 val_loss=3.0101 val_f1_macro=0.4870 val_f1_weighted=0.5390 val_prec_macro=0.4978 val_rec_macro=0.4806 val_metric_name=acc val_metric=0.5419
Step 1400 | loss 0.1414 | val_acc=0.5401 val_loss=3.0334 val_f1_macro=0.4846 val_f1_weighted=0.5379 val_prec_macro=0.4941 val_rec_macro=0.4782 val_metric_name=acc val_metric=0.5401
Step 1450 | loss 0.1388 | val_acc=0.5416 val_loss=3.0819 val_f1_macro=0.4854 val_f1_weighted=0.5390 val_prec_macro=0.4948 val_rec_macro=0.4792 val_metric_name=acc val_metric=0.5416
Step 1500 | loss 0.1219 | val_acc=0.5443 val_loss=3.1487 val_f1_macro=0.4865 val_f1_weighted=0.5413 val_prec_macro=0.4980 val_rec_macro=0.4791 val_metric_name=acc val_metric=0.5443
Step 1550 | loss 0.1148 | val_acc=0.5417 val_loss=3.1845 val_f1_macro=0.4853 val_f1_weighted=0.5397 val_prec_macro=0.4941 val_rec_macro=0.4794 val_metric_name=acc val_metric=0.5417
Step 1600 | loss 0.1074 | val_acc=0.5411 val_loss=3.2001 val_f1_macro=0.4837 val_f1_weighted=0.5386 val_prec_macro=0.4922 val_rec_macro=0.4782 val_metric_name=acc val_metric=0.5411
Step 1650 | loss 0.1108 | val_acc=0.5406 val_loss=3.2180 val_f1_macro=0.4822 val_f1_weighted=0.5377 val_prec_macro=0.4921 val_rec_macro=0.4759 val_metric_name=acc val_metric=0.5406
Step 1700 | loss 0.1076 | val_acc=0.5421 val_loss=3.2822 val_f1_macro=0.4853 val_f1_weighted=0.5397 val_prec_macro=0.4958 val_rec_macro=0.4782 val_metric_name=acc val_metric=0.5421
Step 1750 | loss 0.1014 | val_acc=0.5432 val_loss=3.3146 val_f1_macro=0.4862 val_f1_weighted=0.5405 val_prec_macro=0.4976 val_rec_macro=0.4787 val_metric_name=acc val_metric=0.5432
Step 1800 | loss 0.0962 | val_acc=0.5421 val_loss=3.3453 val_f1_macro=0.4853 val_f1_weighted=0.5392 val_prec_macro=0.4969 val_rec_macro=0.4781 val_metric_name=acc val_metric=0.5421
Step 1850 | loss 0.0880 | val_acc=0.5439 val_loss=3.3769 val_f1_macro=0.4866 val_f1_weighted=0.5415 val_prec_macro=0.4953 val_rec_macro=0.4805 val_metric_name=acc val_metric=0.5439
Step 1900 | loss 0.0848 | val_acc=0.5427 val_loss=3.4154 val_f1_macro=0.4853 val_f1_weighted=0.5402 val_prec_macro=0.4951 val_rec_macro=0.4786 val_metric_name=acc val_metric=0.5427
Step 1950 | loss 0.0872 | val_acc=0.5471 val_loss=3.4311 val_f1_macro=0.4862 val_f1_weighted=0.5444 val_prec_macro=0.4951 val_rec_macro=0.4802 val_metric_name=acc val_metric=0.5471
Step 2000 | loss 0.0804 | val_acc=0.5425 val_loss=3.4513 val_f1_macro=0.4865 val_f1_weighted=0.5402 val_prec_macro=0.4976 val_rec_macro=0.4789 val_metric_name=acc val_metric=0.5425
Step 2050 | loss 0.0775 | val_acc=0.5422 val_loss=3.4638 val_f1_macro=0.4854 val_f1_weighted=0.5394 val_prec_macro=0.4976 val_rec_macro=0.4769 val_metric_name=acc val_metric=0.5422
Step 2100 | loss 0.0758 | val_acc=0.5422 val_loss=3.4810 val_f1_macro=0.4867 val_f1_weighted=0.5390 val_prec_macro=0.5017 val_rec_macro=0.4770 val_metric_name=acc val_metric=0.5422
Step 2150 | loss 0.0750 | val_acc=0.5432 val_loss=3.5102 val_f1_macro=0.4876 val_f1_weighted=0.5402 val_prec_macro=0.5019 val_rec_macro=0.4785 val_metric_name=acc val_metric=0.5432
Step 2200 | loss 0.0668 | val_acc=0.5406 val_loss=3.5672 val_f1_macro=0.4833 val_f1_weighted=0.5382 val_prec_macro=0.4923 val_rec_macro=0.4772 val_metric_name=acc val_metric=0.5406
Step 2250 | loss 0.0633 | val_acc=0.5416 val_loss=3.5848 val_f1_macro=0.4854 val_f1_weighted=0.5387 val_prec_macro=0.4974 val_rec_macro=0.4777 val_metric_name=acc val_metric=0.5416
Early stopping at step 2250

--- Final (best ckpt @ step 1950) ---
  train_acc=0.9993 train_loss=0.0026 train_f1_macro=0.9993 train_f1_weighted=0.9993 train_prec_macro=0.9990 train_rec_macro=0.9995 train_metric_name=acc train_metric=0.9993
  val_acc=0.5471 val_loss=3.4311 val_f1_macro=0.4862 val_f1_weighted=0.5444 val_prec_macro=0.4951 val_rec_macro=0.4802 val_metric_name=acc val_metric=0.5471
  test_acc=0.5425 test_loss=3.4087 test_f1_macro=0.4906 test_f1_weighted=0.5412 test_prec_macro=0.4956 test_rec_macro=0.4868 test_metric_name=acc test_metric=0.5425
  test_acc=0.5425

============================================================
Training amazon-ratings GAT-sep 4L h=256 lr=1e-05 split=5
============================================================
Training for 5000 steps
Step    1 | loss 1.8207 | val_acc=0.0990 val_loss=1.8032 val_f1_macro=0.0674 val_f1_weighted=0.0487 val_prec_macro=0.2868 val_rec_macro=0.2004 val_metric_name=acc val_metric=0.0990
Step   50 | loss 1.4482 | val_acc=0.3681 val_loss=1.4445 val_f1_macro=0.1238 val_f1_weighted=0.2191 val_prec_macro=0.1523 val_rec_macro=0.2027 val_metric_name=acc val_metric=0.3681
Step  100 | loss 1.4344 | val_acc=0.3753 val_loss=1.4130 val_f1_macro=0.1463 val_f1_weighted=0.2492 val_prec_macro=0.1529 val_rec_macro=0.2113 val_metric_name=acc val_metric=0.3753
Step  150 | loss 1.4209 | val_acc=0.3779 val_loss=1.4014 val_f1_macro=0.1600 val_f1_weighted=0.2670 val_prec_macro=0.1514 val_rec_macro=0.2170 val_metric_name=acc val_metric=0.3779
Step  200 | loss 1.4079 | val_acc=0.3871 val_loss=1.3906 val_f1_macro=0.1761 val_f1_weighted=0.2880 val_prec_macro=0.1571 val_rec_macro=0.2280 val_metric_name=acc val_metric=0.3871
Step  250 | loss 1.3960 | val_acc=0.3947 val_loss=1.3819 val_f1_macro=0.1872 val_f1_weighted=0.3020 val_prec_macro=0.2156 val_rec_macro=0.2374 val_metric_name=acc val_metric=0.3947
Step  300 | loss 1.3788 | val_acc=0.4057 val_loss=1.3767 val_f1_macro=0.2019 val_f1_weighted=0.3201 val_prec_macro=0.2357 val_rec_macro=0.2502 val_metric_name=acc val_metric=0.4057
Step  350 | loss 1.3651 | val_acc=0.4121 val_loss=1.3749 val_f1_macro=0.2120 val_f1_weighted=0.3322 val_prec_macro=0.2393 val_rec_macro=0.2587 val_metric_name=acc val_metric=0.4121
Step  400 | loss 1.3574 | val_acc=0.4160 val_loss=1.3703 val_f1_macro=0.2197 val_f1_weighted=0.3413 val_prec_macro=0.2401 val_rec_macro=0.2640 val_metric_name=acc val_metric=0.4160
Step  450 | loss 1.3479 | val_acc=0.4171 val_loss=1.3690 val_f1_macro=0.2264 val_f1_weighted=0.3468 val_prec_macro=0.4428 val_rec_macro=0.2685 val_metric_name=acc val_metric=0.4171
Step  500 | loss 1.3403 | val_acc=0.4183 val_loss=1.3657 val_f1_macro=0.2330 val_f1_weighted=0.3531 val_prec_macro=0.3672 val_rec_macro=0.2715 val_metric_name=acc val_metric=0.4183
Step  550 | loss 1.3292 | val_acc=0.4205 val_loss=1.3639 val_f1_macro=0.2403 val_f1_weighted=0.3606 val_prec_macro=0.3390 val_rec_macro=0.2758 val_metric_name=acc val_metric=0.4205
Step  600 | loss 1.3256 | val_acc=0.4232 val_loss=1.3626 val_f1_macro=0.2454 val_f1_weighted=0.3640 val_prec_macro=0.4195 val_rec_macro=0.2794 val_metric_name=acc val_metric=0.4232
Step  650 | loss 1.3134 | val_acc=0.4236 val_loss=1.3611 val_f1_macro=0.2529 val_f1_weighted=0.3681 val_prec_macro=0.3916 val_rec_macro=0.2832 val_metric_name=acc val_metric=0.4236
Step  700 | loss 1.3041 | val_acc=0.4264 val_loss=1.3601 val_f1_macro=0.2569 val_f1_weighted=0.3721 val_prec_macro=0.3746 val_rec_macro=0.2854 val_metric_name=acc val_metric=0.4264
Step  750 | loss 1.2978 | val_acc=0.4256 val_loss=1.3567 val_f1_macro=0.2629 val_f1_weighted=0.3758 val_prec_macro=0.3609 val_rec_macro=0.2876 val_metric_name=acc val_metric=0.4256
Step  800 | loss 1.2839 | val_acc=0.4264 val_loss=1.3617 val_f1_macro=0.2691 val_f1_weighted=0.3784 val_prec_macro=0.3700 val_rec_macro=0.2920 val_metric_name=acc val_metric=0.4264
Step  850 | loss 1.2810 | val_acc=0.4264 val_loss=1.3625 val_f1_macro=0.2711 val_f1_weighted=0.3787 val_prec_macro=0.3785 val_rec_macro=0.2930 val_metric_name=acc val_metric=0.4264
Step  900 | loss 1.2765 | val_acc=0.4285 val_loss=1.3571 val_f1_macro=0.2794 val_f1_weighted=0.3858 val_prec_macro=0.3761 val_rec_macro=0.2974 val_metric_name=acc val_metric=0.4285
Step  950 | loss 1.2658 | val_acc=0.4339 val_loss=1.3570 val_f1_macro=0.2894 val_f1_weighted=0.3936 val_prec_macro=0.3894 val_rec_macro=0.3040 val_metric_name=acc val_metric=0.4339
Step 1000 | loss 1.2499 | val_acc=0.4372 val_loss=1.3556 val_f1_macro=0.2975 val_f1_weighted=0.4000 val_prec_macro=0.3933 val_rec_macro=0.3094 val_metric_name=acc val_metric=0.4372
Step 1050 | loss 1.2485 | val_acc=0.4392 val_loss=1.3602 val_f1_macro=0.3012 val_f1_weighted=0.4008 val_prec_macro=0.4003 val_rec_macro=0.3128 val_metric_name=acc val_metric=0.4392
Step 1100 | loss 1.2370 | val_acc=0.4437 val_loss=1.3540 val_f1_macro=0.3144 val_f1_weighted=0.4120 val_prec_macro=0.4110 val_rec_macro=0.3198 val_metric_name=acc val_metric=0.4437
Step 1150 | loss 1.2250 | val_acc=0.4444 val_loss=1.3572 val_f1_macro=0.3175 val_f1_weighted=0.4132 val_prec_macro=0.4138 val_rec_macro=0.3224 val_metric_name=acc val_metric=0.4444
Step 1200 | loss 1.2183 | val_acc=0.4511 val_loss=1.3574 val_f1_macro=0.3236 val_f1_weighted=0.4204 val_prec_macro=0.4110 val_rec_macro=0.3275 val_metric_name=acc val_metric=0.4511
Step 1250 | loss 1.2094 | val_acc=0.4529 val_loss=1.3632 val_f1_macro=0.3248 val_f1_weighted=0.4218 val_prec_macro=0.4121 val_rec_macro=0.3291 val_metric_name=acc val_metric=0.4529
Step 1300 | loss 1.1955 | val_acc=0.4537 val_loss=1.3633 val_f1_macro=0.3284 val_f1_weighted=0.4245 val_prec_macro=0.4114 val_rec_macro=0.3318 val_metric_name=acc val_metric=0.4537
Step 1350 | loss 1.1923 | val_acc=0.4583 val_loss=1.3612 val_f1_macro=0.3333 val_f1_weighted=0.4300 val_prec_macro=0.4134 val_rec_macro=0.3354 val_metric_name=acc val_metric=0.4583
Step 1400 | loss 1.1798 | val_acc=0.4584 val_loss=1.3700 val_f1_macro=0.3348 val_f1_weighted=0.4301 val_prec_macro=0.4114 val_rec_macro=0.3373 val_metric_name=acc val_metric=0.4584
Step 1450 | loss 1.1667 | val_acc=0.4617 val_loss=1.3663 val_f1_macro=0.3438 val_f1_weighted=0.4373 val_prec_macro=0.4187 val_rec_macro=0.3416 val_metric_name=acc val_metric=0.4617
Step 1500 | loss 1.1589 | val_acc=0.4624 val_loss=1.3678 val_f1_macro=0.3482 val_f1_weighted=0.4389 val_prec_macro=0.4115 val_rec_macro=0.3463 val_metric_name=acc val_metric=0.4624
Step 1550 | loss 1.1467 | val_acc=0.4686 val_loss=1.3675 val_f1_macro=0.3555 val_f1_weighted=0.4454 val_prec_macro=0.4243 val_rec_macro=0.3516 val_metric_name=acc val_metric=0.4686
Step 1600 | loss 1.1385 | val_acc=0.4697 val_loss=1.3693 val_f1_macro=0.3577 val_f1_weighted=0.4473 val_prec_macro=0.4243 val_rec_macro=0.3536 val_metric_name=acc val_metric=0.4697
Step 1650 | loss 1.1375 | val_acc=0.4708 val_loss=1.3695 val_f1_macro=0.3632 val_f1_weighted=0.4496 val_prec_macro=0.4255 val_rec_macro=0.3572 val_metric_name=acc val_metric=0.4708
Step 1700 | loss 1.1226 | val_acc=0.4692 val_loss=1.3755 val_f1_macro=0.3640 val_f1_weighted=0.4483 val_prec_macro=0.4285 val_rec_macro=0.3578 val_metric_name=acc val_metric=0.4692
Step 1750 | loss 1.1112 | val_acc=0.4695 val_loss=1.3758 val_f1_macro=0.3705 val_f1_weighted=0.4508 val_prec_macro=0.4254 val_rec_macro=0.3633 val_metric_name=acc val_metric=0.4695
Step 1800 | loss 1.1012 | val_acc=0.4728 val_loss=1.3769 val_f1_macro=0.3738 val_f1_weighted=0.4540 val_prec_macro=0.4296 val_rec_macro=0.3655 val_metric_name=acc val_metric=0.4728
Step 1850 | loss 1.0838 | val_acc=0.4764 val_loss=1.3809 val_f1_macro=0.3765 val_f1_weighted=0.4583 val_prec_macro=0.4347 val_rec_macro=0.3675 val_metric_name=acc val_metric=0.4764
Step 1900 | loss 1.0813 | val_acc=0.4769 val_loss=1.3853 val_f1_macro=0.3801 val_f1_weighted=0.4591 val_prec_macro=0.4332 val_rec_macro=0.3708 val_metric_name=acc val_metric=0.4769
Step 1950 | loss 1.0716 | val_acc=0.4797 val_loss=1.3901 val_f1_macro=0.3839 val_f1_weighted=0.4621 val_prec_macro=0.4353 val_rec_macro=0.3753 val_metric_name=acc val_metric=0.4797
Step 2000 | loss 1.0484 | val_acc=0.4849 val_loss=1.3953 val_f1_macro=0.3862 val_f1_weighted=0.4667 val_prec_macro=0.4430 val_rec_macro=0.3759 val_metric_name=acc val_metric=0.4849
Step 2050 | loss 1.0483 | val_acc=0.4831 val_loss=1.4019 val_f1_macro=0.3886 val_f1_weighted=0.4670 val_prec_macro=0.4380 val_rec_macro=0.3786 val_metric_name=acc val_metric=0.4831
Step 2100 | loss 1.0407 | val_acc=0.4852 val_loss=1.4017 val_f1_macro=0.3938 val_f1_weighted=0.4703 val_prec_macro=0.4373 val_rec_macro=0.3836 val_metric_name=acc val_metric=0.4852
Step 2150 | loss 1.0218 | val_acc=0.4854 val_loss=1.4112 val_f1_macro=0.3942 val_f1_weighted=0.4704 val_prec_macro=0.4397 val_rec_macro=0.3836 val_metric_name=acc val_metric=0.4854
Step 2200 | loss 1.0167 | val_acc=0.4918 val_loss=1.4143 val_f1_macro=0.4032 val_f1_weighted=0.4780 val_prec_macro=0.4455 val_rec_macro=0.3927 val_metric_name=acc val_metric=0.4918
Step 2250 | loss 1.0062 | val_acc=0.4916 val_loss=1.4199 val_f1_macro=0.4037 val_f1_weighted=0.4774 val_prec_macro=0.4427 val_rec_macro=0.3940 val_metric_name=acc val_metric=0.4916
Step 2300 | loss 0.9903 | val_acc=0.4909 val_loss=1.4251 val_f1_macro=0.4048 val_f1_weighted=0.4771 val_prec_macro=0.4438 val_rec_macro=0.3944 val_metric_name=acc val_metric=0.4909
Step 2350 | loss 0.9818 | val_acc=0.4942 val_loss=1.4298 val_f1_macro=0.4083 val_f1_weighted=0.4815 val_prec_macro=0.4458 val_rec_macro=0.3973 val_metric_name=acc val_metric=0.4942
Step 2400 | loss 0.9728 | val_acc=0.4944 val_loss=1.4381 val_f1_macro=0.4104 val_f1_weighted=0.4822 val_prec_macro=0.4465 val_rec_macro=0.3999 val_metric_name=acc val_metric=0.4944
Step 2450 | loss 0.9657 | val_acc=0.4937 val_loss=1.4426 val_f1_macro=0.4115 val_f1_weighted=0.4818 val_prec_macro=0.4465 val_rec_macro=0.4011 val_metric_name=acc val_metric=0.4937
Step 2500 | loss 0.9480 | val_acc=0.4945 val_loss=1.4496 val_f1_macro=0.4120 val_f1_weighted=0.4835 val_prec_macro=0.4449 val_rec_macro=0.4015 val_metric_name=acc val_metric=0.4945
Step 2550 | loss 0.9421 | val_acc=0.4947 val_loss=1.4586 val_f1_macro=0.4159 val_f1_weighted=0.4834 val_prec_macro=0.4483 val_rec_macro=0.4065 val_metric_name=acc val_metric=0.4947
Step 2600 | loss 0.9412 | val_acc=0.4953 val_loss=1.4638 val_f1_macro=0.4171 val_f1_weighted=0.4847 val_prec_macro=0.4475 val_rec_macro=0.4066 val_metric_name=acc val_metric=0.4953
Step 2650 | loss 0.9275 | val_acc=0.4953 val_loss=1.4714 val_f1_macro=0.4215 val_f1_weighted=0.4857 val_prec_macro=0.4512 val_rec_macro=0.4109 val_metric_name=acc val_metric=0.4953
Step 2700 | loss 0.9103 | val_acc=0.4967 val_loss=1.4764 val_f1_macro=0.4233 val_f1_weighted=0.4871 val_prec_macro=0.4518 val_rec_macro=0.4126 val_metric_name=acc val_metric=0.4967
Step 2750 | loss 0.9048 | val_acc=0.4968 val_loss=1.4842 val_f1_macro=0.4217 val_f1_weighted=0.4875 val_prec_macro=0.4500 val_rec_macro=0.4112 val_metric_name=acc val_metric=0.4968
Step 2800 | loss 0.8958 | val_acc=0.4976 val_loss=1.4900 val_f1_macro=0.4239 val_f1_weighted=0.4887 val_prec_macro=0.4503 val_rec_macro=0.4141 val_metric_name=acc val_metric=0.4976
Step 2850 | loss 0.8862 | val_acc=0.5011 val_loss=1.4971 val_f1_macro=0.4262 val_f1_weighted=0.4921 val_prec_macro=0.4524 val_rec_macro=0.4162 val_metric_name=acc val_metric=0.5011
Step 2900 | loss 0.8809 | val_acc=0.5016 val_loss=1.5086 val_f1_macro=0.4279 val_f1_weighted=0.4931 val_prec_macro=0.4529 val_rec_macro=0.4181 val_metric_name=acc val_metric=0.5016
Step 2950 | loss 0.8653 | val_acc=0.5029 val_loss=1.5140 val_f1_macro=0.4298 val_f1_weighted=0.4946 val_prec_macro=0.4540 val_rec_macro=0.4206 val_metric_name=acc val_metric=0.5029
Step 3000 | loss 0.8522 | val_acc=0.5040 val_loss=1.5252 val_f1_macro=0.4301 val_f1_weighted=0.4957 val_prec_macro=0.4537 val_rec_macro=0.4215 val_metric_name=acc val_metric=0.5040
Step 3050 | loss 0.8479 | val_acc=0.5035 val_loss=1.5359 val_f1_macro=0.4292 val_f1_weighted=0.4957 val_prec_macro=0.4514 val_rec_macro=0.4200 val_metric_name=acc val_metric=0.5035
Step 3100 | loss 0.8341 | val_acc=0.5038 val_loss=1.5421 val_f1_macro=0.4333 val_f1_weighted=0.4967 val_prec_macro=0.4543 val_rec_macro=0.4242 val_metric_name=acc val_metric=0.5038
Step 3150 | loss 0.8250 | val_acc=0.5040 val_loss=1.5520 val_f1_macro=0.4312 val_f1_weighted=0.4965 val_prec_macro=0.4509 val_rec_macro=0.4232 val_metric_name=acc val_metric=0.5040
Step 3200 | loss 0.8232 | val_acc=0.5074 val_loss=1.5634 val_f1_macro=0.4366 val_f1_weighted=0.5003 val_prec_macro=0.4553 val_rec_macro=0.4292 val_metric_name=acc val_metric=0.5074
Step 3250 | loss 0.8126 | val_acc=0.5074 val_loss=1.5702 val_f1_macro=0.4362 val_f1_weighted=0.5002 val_prec_macro=0.4557 val_rec_macro=0.4278 val_metric_name=acc val_metric=0.5074
Step 3300 | loss 0.7955 | val_acc=0.5102 val_loss=1.5810 val_f1_macro=0.4410 val_f1_weighted=0.5029 val_prec_macro=0.4621 val_rec_macro=0.4323 val_metric_name=acc val_metric=0.5102
Step 3350 | loss 0.7919 | val_acc=0.5107 val_loss=1.5871 val_f1_macro=0.4410 val_f1_weighted=0.5045 val_prec_macro=0.4561 val_rec_macro=0.4349 val_metric_name=acc val_metric=0.5107
Step 3400 | loss 0.7803 | val_acc=0.5120 val_loss=1.6011 val_f1_macro=0.4423 val_f1_weighted=0.5055 val_prec_macro=0.4603 val_rec_macro=0.4345 val_metric_name=acc val_metric=0.5120
Step 3450 | loss 0.7675 | val_acc=0.5125 val_loss=1.6094 val_f1_macro=0.4425 val_f1_weighted=0.5056 val_prec_macro=0.4606 val_rec_macro=0.4349 val_metric_name=acc val_metric=0.5125
Step 3500 | loss 0.7551 | val_acc=0.5153 val_loss=1.6209 val_f1_macro=0.4469 val_f1_weighted=0.5094 val_prec_macro=0.4633 val_rec_macro=0.4392 val_metric_name=acc val_metric=0.5153
Step 3550 | loss 0.7474 | val_acc=0.5146 val_loss=1.6350 val_f1_macro=0.4452 val_f1_weighted=0.5090 val_prec_macro=0.4596 val_rec_macro=0.4389 val_metric_name=acc val_metric=0.5146
Step 3600 | loss 0.7451 | val_acc=0.5166 val_loss=1.6411 val_f1_macro=0.4478 val_f1_weighted=0.5109 val_prec_macro=0.4617 val_rec_macro=0.4415 val_metric_name=acc val_metric=0.5166
Step 3650 | loss 0.7322 | val_acc=0.5187 val_loss=1.6512 val_f1_macro=0.4490 val_f1_weighted=0.5128 val_prec_macro=0.4634 val_rec_macro=0.4425 val_metric_name=acc val_metric=0.5187
Step 3700 | loss 0.7128 | val_acc=0.5172 val_loss=1.6660 val_f1_macro=0.4483 val_f1_weighted=0.5117 val_prec_macro=0.4613 val_rec_macro=0.4431 val_metric_name=acc val_metric=0.5172
Step 3750 | loss 0.7158 | val_acc=0.5194 val_loss=1.6698 val_f1_macro=0.4507 val_f1_weighted=0.5140 val_prec_macro=0.4641 val_rec_macro=0.4445 val_metric_name=acc val_metric=0.5194
Step 3800 | loss 0.7133 | val_acc=0.5215 val_loss=1.6816 val_f1_macro=0.4532 val_f1_weighted=0.5159 val_prec_macro=0.4681 val_rec_macro=0.4466 val_metric_name=acc val_metric=0.5215
Step 3850 | loss 0.7046 | val_acc=0.5182 val_loss=1.6959 val_f1_macro=0.4507 val_f1_weighted=0.5132 val_prec_macro=0.4629 val_rec_macro=0.4449 val_metric_name=acc val_metric=0.5182
Step 3900 | loss 0.6943 | val_acc=0.5208 val_loss=1.7054 val_f1_macro=0.4539 val_f1_weighted=0.5159 val_prec_macro=0.4665 val_rec_macro=0.4476 val_metric_name=acc val_metric=0.5208
Step 3950 | loss 0.6875 | val_acc=0.5194 val_loss=1.7230 val_f1_macro=0.4520 val_f1_weighted=0.5148 val_prec_macro=0.4626 val_rec_macro=0.4472 val_metric_name=acc val_metric=0.5194
Step 4000 | loss 0.6781 | val_acc=0.5195 val_loss=1.7304 val_f1_macro=0.4544 val_f1_weighted=0.5151 val_prec_macro=0.4645 val_rec_macro=0.4499 val_metric_name=acc val_metric=0.5195
Step 4050 | loss 0.6721 | val_acc=0.5228 val_loss=1.7415 val_f1_macro=0.4577 val_f1_weighted=0.5179 val_prec_macro=0.4710 val_rec_macro=0.4511 val_metric_name=acc val_metric=0.5228
Step 4100 | loss 0.6605 | val_acc=0.5211 val_loss=1.7549 val_f1_macro=0.4560 val_f1_weighted=0.5168 val_prec_macro=0.4667 val_rec_macro=0.4511 val_metric_name=acc val_metric=0.5211
Step 4150 | loss 0.6544 | val_acc=0.5233 val_loss=1.7645 val_f1_macro=0.4562 val_f1_weighted=0.5185 val_prec_macro=0.4677 val_rec_macro=0.4512 val_metric_name=acc val_metric=0.5233
Step 4200 | loss 0.6409 | val_acc=0.5231 val_loss=1.7761 val_f1_macro=0.4568 val_f1_weighted=0.5184 val_prec_macro=0.4685 val_rec_macro=0.4515 val_metric_name=acc val_metric=0.5231
Step 4250 | loss 0.6219 | val_acc=0.5223 val_loss=1.7890 val_f1_macro=0.4566 val_f1_weighted=0.5181 val_prec_macro=0.4664 val_rec_macro=0.4523 val_metric_name=acc val_metric=0.5223
Step 4300 | loss 0.6250 | val_acc=0.5262 val_loss=1.7988 val_f1_macro=0.4608 val_f1_weighted=0.5214 val_prec_macro=0.4737 val_rec_macro=0.4545 val_metric_name=acc val_metric=0.5262
Step 4350 | loss 0.6210 | val_acc=0.5223 val_loss=1.8137 val_f1_macro=0.4564 val_f1_weighted=0.5180 val_prec_macro=0.4678 val_rec_macro=0.4508 val_metric_name=acc val_metric=0.5223
Step 4400 | loss 0.6098 | val_acc=0.5231 val_loss=1.8307 val_f1_macro=0.4587 val_f1_weighted=0.5191 val_prec_macro=0.4680 val_rec_macro=0.4547 val_metric_name=acc val_metric=0.5231
Step 4450 | loss 0.6060 | val_acc=0.5233 val_loss=1.8353 val_f1_macro=0.4586 val_f1_weighted=0.5197 val_prec_macro=0.4674 val_rec_macro=0.4543 val_metric_name=acc val_metric=0.5233
Step 4500 | loss 0.5987 | val_acc=0.5264 val_loss=1.8494 val_f1_macro=0.4614 val_f1_weighted=0.5225 val_prec_macro=0.4714 val_rec_macro=0.4564 val_metric_name=acc val_metric=0.5264
Step 4550 | loss 0.5906 | val_acc=0.5259 val_loss=1.8605 val_f1_macro=0.4615 val_f1_weighted=0.5220 val_prec_macro=0.4713 val_rec_macro=0.4569 val_metric_name=acc val_metric=0.5259
Step 4600 | loss 0.5696 | val_acc=0.5269 val_loss=1.8779 val_f1_macro=0.4618 val_f1_weighted=0.5225 val_prec_macro=0.4733 val_rec_macro=0.4560 val_metric_name=acc val_metric=0.5269
Step 4650 | loss 0.5787 | val_acc=0.5264 val_loss=1.8887 val_f1_macro=0.4611 val_f1_weighted=0.5222 val_prec_macro=0.4709 val_rec_macro=0.4564 val_metric_name=acc val_metric=0.5264
Step 4700 | loss 0.5801 | val_acc=0.5269 val_loss=1.8921 val_f1_macro=0.4606 val_f1_weighted=0.5230 val_prec_macro=0.4695 val_rec_macro=0.4564 val_metric_name=acc val_metric=0.5269
Step 4750 | loss 0.5656 | val_acc=0.5283 val_loss=1.9130 val_f1_macro=0.4640 val_f1_weighted=0.5247 val_prec_macro=0.4724 val_rec_macro=0.4601 val_metric_name=acc val_metric=0.5283
Step 4800 | loss 0.5519 | val_acc=0.5298 val_loss=1.9280 val_f1_macro=0.4648 val_f1_weighted=0.5262 val_prec_macro=0.4731 val_rec_macro=0.4606 val_metric_name=acc val_metric=0.5298
Step 4850 | loss 0.5436 | val_acc=0.5293 val_loss=1.9367 val_f1_macro=0.4648 val_f1_weighted=0.5256 val_prec_macro=0.4734 val_rec_macro=0.4607 val_metric_name=acc val_metric=0.5293
Step 4900 | loss 0.5456 | val_acc=0.5278 val_loss=1.9499 val_f1_macro=0.4636 val_f1_weighted=0.5246 val_prec_macro=0.4697 val_rec_macro=0.4614 val_metric_name=acc val_metric=0.5278
Step 4950 | loss 0.5319 | val_acc=0.5296 val_loss=1.9581 val_f1_macro=0.4634 val_f1_weighted=0.5256 val_prec_macro=0.4724 val_rec_macro=0.4597 val_metric_name=acc val_metric=0.5296
Step 5000 | loss 0.5270 | val_acc=0.5305 val_loss=1.9717 val_f1_macro=0.4651 val_f1_weighted=0.5267 val_prec_macro=0.4733 val_rec_macro=0.4617 val_metric_name=acc val_metric=0.5305

--- Final (best ckpt @ step 4810) ---
  train_acc=0.9042 train_loss=0.2603 train_f1_macro=0.9030 train_f1_weighted=0.9044 train_prec_macro=0.9032 train_rec_macro=0.9046 train_metric_name=acc train_metric=0.9042
  val_acc=0.5308 val_loss=1.9163 val_f1_macro=0.4656 val_f1_weighted=0.5269 val_prec_macro=0.4750 val_rec_macro=0.4611 val_metric_name=acc val_metric=0.5308
  test_acc=0.5336 test_loss=1.9192 test_f1_macro=0.4752 test_f1_weighted=0.5305 test_prec_macro=0.4841 test_rec_macro=0.4692 test_metric_name=acc test_metric=0.5336
  test_acc=0.5336

============================================================
Training amazon-ratings GAT-sep 4L h=384 lr=3e-05 split=5
============================================================
Training for 5000 steps
Step    1 | loss 1.7323 | val_acc=0.3080 val_loss=1.5061 val_f1_macro=0.1687 val_f1_weighted=0.2652 val_prec_macro=0.1674 val_rec_macro=0.1912 val_metric_name=acc val_metric=0.3080
Step   50 | loss 1.4056 | val_acc=0.3900 val_loss=1.3878 val_f1_macro=0.1700 val_f1_weighted=0.2811 val_prec_macro=0.1623 val_rec_macro=0.2257 val_metric_name=acc val_metric=0.3900
Step  100 | loss 1.3622 | val_acc=0.4135 val_loss=1.3594 val_f1_macro=0.2149 val_f1_weighted=0.3348 val_prec_macro=0.2937 val_rec_macro=0.2573 val_metric_name=acc val_metric=0.4135
Step  150 | loss 1.3250 | val_acc=0.4189 val_loss=1.3639 val_f1_macro=0.2530 val_f1_weighted=0.3644 val_prec_macro=0.3203 val_rec_macro=0.2815 val_metric_name=acc val_metric=0.4189
Step  200 | loss 1.2920 | val_acc=0.4201 val_loss=1.3577 val_f1_macro=0.2796 val_f1_weighted=0.3823 val_prec_macro=0.3610 val_rec_macro=0.2969 val_metric_name=acc val_metric=0.4201
Step  250 | loss 1.2557 | val_acc=0.4297 val_loss=1.3638 val_f1_macro=0.2972 val_f1_weighted=0.3943 val_prec_macro=0.3854 val_rec_macro=0.3104 val_metric_name=acc val_metric=0.4297
Step  300 | loss 1.2197 | val_acc=0.4475 val_loss=1.3652 val_f1_macro=0.3273 val_f1_weighted=0.4188 val_prec_macro=0.4232 val_rec_macro=0.3318 val_metric_name=acc val_metric=0.4475
Step  350 | loss 1.1816 | val_acc=0.4540 val_loss=1.3652 val_f1_macro=0.3397 val_f1_weighted=0.4307 val_prec_macro=0.4182 val_rec_macro=0.3406 val_metric_name=acc val_metric=0.4540
Step  400 | loss 1.1380 | val_acc=0.4624 val_loss=1.3850 val_f1_macro=0.3553 val_f1_weighted=0.4387 val_prec_macro=0.4353 val_rec_macro=0.3521 val_metric_name=acc val_metric=0.4624
Step  450 | loss 1.0972 | val_acc=0.4782 val_loss=1.3829 val_f1_macro=0.3789 val_f1_weighted=0.4590 val_prec_macro=0.4504 val_rec_macro=0.3694 val_metric_name=acc val_metric=0.4782
Step  500 | loss 1.0549 | val_acc=0.4797 val_loss=1.3977 val_f1_macro=0.3853 val_f1_weighted=0.4625 val_prec_macro=0.4486 val_rec_macro=0.3735 val_metric_name=acc val_metric=0.4797
Step  550 | loss 1.0104 | val_acc=0.4890 val_loss=1.4210 val_f1_macro=0.4034 val_f1_weighted=0.4735 val_prec_macro=0.4648 val_rec_macro=0.3896 val_metric_name=acc val_metric=0.4890
Step  600 | loss 0.9678 | val_acc=0.4950 val_loss=1.4309 val_f1_macro=0.4170 val_f1_weighted=0.4843 val_prec_macro=0.4586 val_rec_macro=0.4024 val_metric_name=acc val_metric=0.4950
Step  650 | loss 0.9206 | val_acc=0.4975 val_loss=1.4753 val_f1_macro=0.4217 val_f1_weighted=0.4865 val_prec_macro=0.4625 val_rec_macro=0.4086 val_metric_name=acc val_metric=0.4975
Step  700 | loss 0.8908 | val_acc=0.5016 val_loss=1.4957 val_f1_macro=0.4308 val_f1_weighted=0.4939 val_prec_macro=0.4594 val_rec_macro=0.4183 val_metric_name=acc val_metric=0.5016
Step  750 | loss 0.8426 | val_acc=0.5097 val_loss=1.5337 val_f1_macro=0.4430 val_f1_weighted=0.5019 val_prec_macro=0.4721 val_rec_macro=0.4302 val_metric_name=acc val_metric=0.5097
Step  800 | loss 0.7891 | val_acc=0.5141 val_loss=1.5701 val_f1_macro=0.4483 val_f1_weighted=0.5069 val_prec_macro=0.4760 val_rec_macro=0.4354 val_metric_name=acc val_metric=0.5141
Step  850 | loss 0.7524 | val_acc=0.5148 val_loss=1.6263 val_f1_macro=0.4491 val_f1_weighted=0.5092 val_prec_macro=0.4668 val_rec_macro=0.4406 val_metric_name=acc val_metric=0.5148
Step  900 | loss 0.7063 | val_acc=0.5215 val_loss=1.6811 val_f1_macro=0.4568 val_f1_weighted=0.5156 val_prec_macro=0.4771 val_rec_macro=0.4466 val_metric_name=acc val_metric=0.5215
Step  950 | loss 0.6592 | val_acc=0.5254 val_loss=1.7515 val_f1_macro=0.4590 val_f1_weighted=0.5196 val_prec_macro=0.4768 val_rec_macro=0.4496 val_metric_name=acc val_metric=0.5254
Step 1000 | loss 0.6186 | val_acc=0.5251 val_loss=1.8101 val_f1_macro=0.4609 val_f1_weighted=0.5203 val_prec_macro=0.4751 val_rec_macro=0.4538 val_metric_name=acc val_metric=0.5251
Step 1050 | loss 0.5801 | val_acc=0.5249 val_loss=1.8727 val_f1_macro=0.4614 val_f1_weighted=0.5210 val_prec_macro=0.4734 val_rec_macro=0.4544 val_metric_name=acc val_metric=0.5249
Step 1100 | loss 0.5359 | val_acc=0.5282 val_loss=1.9478 val_f1_macro=0.4635 val_f1_weighted=0.5239 val_prec_macro=0.4770 val_rec_macro=0.4555 val_metric_name=acc val_metric=0.5282
Step 1150 | loss 0.5060 | val_acc=0.5282 val_loss=2.0240 val_f1_macro=0.4650 val_f1_weighted=0.5241 val_prec_macro=0.4771 val_rec_macro=0.4581 val_metric_name=acc val_metric=0.5282
Step 1200 | loss 0.4640 | val_acc=0.5331 val_loss=2.0954 val_f1_macro=0.4692 val_f1_weighted=0.5298 val_prec_macro=0.4797 val_rec_macro=0.4626 val_metric_name=acc val_metric=0.5331
Step 1250 | loss 0.4377 | val_acc=0.5280 val_loss=2.1960 val_f1_macro=0.4656 val_f1_weighted=0.5246 val_prec_macro=0.4756 val_rec_macro=0.4602 val_metric_name=acc val_metric=0.5280
Step 1300 | loss 0.4030 | val_acc=0.5309 val_loss=2.2572 val_f1_macro=0.4689 val_f1_weighted=0.5283 val_prec_macro=0.4764 val_rec_macro=0.4641 val_metric_name=acc val_metric=0.5309
Step 1350 | loss 0.3726 | val_acc=0.5323 val_loss=2.3077 val_f1_macro=0.4715 val_f1_weighted=0.5293 val_prec_macro=0.4810 val_rec_macro=0.4652 val_metric_name=acc val_metric=0.5323
Step 1400 | loss 0.3569 | val_acc=0.5365 val_loss=2.4001 val_f1_macro=0.4760 val_f1_weighted=0.5338 val_prec_macro=0.4840 val_rec_macro=0.4708 val_metric_name=acc val_metric=0.5365
Step 1450 | loss 0.3334 | val_acc=0.5354 val_loss=2.4707 val_f1_macro=0.4747 val_f1_weighted=0.5326 val_prec_macro=0.4829 val_rec_macro=0.4699 val_metric_name=acc val_metric=0.5354
Step 1500 | loss 0.3151 | val_acc=0.5321 val_loss=2.5159 val_f1_macro=0.4724 val_f1_weighted=0.5296 val_prec_macro=0.4803 val_rec_macro=0.4671 val_metric_name=acc val_metric=0.5321
Step 1550 | loss 0.2956 | val_acc=0.5336 val_loss=2.5957 val_f1_macro=0.4742 val_f1_weighted=0.5310 val_prec_macro=0.4824 val_rec_macro=0.4694 val_metric_name=acc val_metric=0.5336
Step 1600 | loss 0.2791 | val_acc=0.5352 val_loss=2.6461 val_f1_macro=0.4768 val_f1_weighted=0.5329 val_prec_macro=0.4840 val_rec_macro=0.4724 val_metric_name=acc val_metric=0.5352
Step 1650 | loss 0.2536 | val_acc=0.5345 val_loss=2.7232 val_f1_macro=0.4767 val_f1_weighted=0.5325 val_prec_macro=0.4829 val_rec_macro=0.4726 val_metric_name=acc val_metric=0.5345
Step 1700 | loss 0.2406 | val_acc=0.5350 val_loss=2.7850 val_f1_macro=0.4767 val_f1_weighted=0.5330 val_prec_macro=0.4829 val_rec_macro=0.4727 val_metric_name=acc val_metric=0.5350
Step 1750 | loss 0.2285 | val_acc=0.5385 val_loss=2.8424 val_f1_macro=0.4799 val_f1_weighted=0.5365 val_prec_macro=0.4860 val_rec_macro=0.4758 val_metric_name=acc val_metric=0.5385
Step 1800 | loss 0.2162 | val_acc=0.5367 val_loss=2.8899 val_f1_macro=0.4758 val_f1_weighted=0.5344 val_prec_macro=0.4838 val_rec_macro=0.4706 val_metric_name=acc val_metric=0.5367
Step 1850 | loss 0.2019 | val_acc=0.5355 val_loss=2.9447 val_f1_macro=0.4754 val_f1_weighted=0.5331 val_prec_macro=0.4842 val_rec_macro=0.4695 val_metric_name=acc val_metric=0.5355
Step 1900 | loss 0.1890 | val_acc=0.5376 val_loss=2.9724 val_f1_macro=0.4793 val_f1_weighted=0.5353 val_prec_macro=0.4880 val_rec_macro=0.4733 val_metric_name=acc val_metric=0.5376
Step 1950 | loss 0.1837 | val_acc=0.5372 val_loss=3.0401 val_f1_macro=0.4772 val_f1_weighted=0.5346 val_prec_macro=0.4865 val_rec_macro=0.4711 val_metric_name=acc val_metric=0.5372
Step 2000 | loss 0.1763 | val_acc=0.5360 val_loss=3.0747 val_f1_macro=0.4760 val_f1_weighted=0.5335 val_prec_macro=0.4846 val_rec_macro=0.4702 val_metric_name=acc val_metric=0.5360
Step 2050 | loss 0.1621 | val_acc=0.5368 val_loss=3.1239 val_f1_macro=0.4769 val_f1_weighted=0.5343 val_prec_macro=0.4858 val_rec_macro=0.4708 val_metric_name=acc val_metric=0.5368
Step 2100 | loss 0.1518 | val_acc=0.5354 val_loss=3.1684 val_f1_macro=0.4772 val_f1_weighted=0.5332 val_prec_macro=0.4848 val_rec_macro=0.4718 val_metric_name=acc val_metric=0.5354
Step 2150 | loss 0.1496 | val_acc=0.5358 val_loss=3.2002 val_f1_macro=0.4785 val_f1_weighted=0.5337 val_prec_macro=0.4861 val_rec_macro=0.4730 val_metric_name=acc val_metric=0.5358
Step 2200 | loss 0.1398 | val_acc=0.5385 val_loss=3.2471 val_f1_macro=0.4790 val_f1_weighted=0.5358 val_prec_macro=0.4888 val_rec_macro=0.4725 val_metric_name=acc val_metric=0.5385
Step 2250 | loss 0.1263 | val_acc=0.5370 val_loss=3.2940 val_f1_macro=0.4789 val_f1_weighted=0.5344 val_prec_macro=0.4891 val_rec_macro=0.4719 val_metric_name=acc val_metric=0.5370
Step 2300 | loss 0.1353 | val_acc=0.5365 val_loss=3.3308 val_f1_macro=0.4787 val_f1_weighted=0.5342 val_prec_macro=0.4880 val_rec_macro=0.4722 val_metric_name=acc val_metric=0.5365
Step 2350 | loss 0.1233 | val_acc=0.5368 val_loss=3.3597 val_f1_macro=0.4795 val_f1_weighted=0.5341 val_prec_macro=0.4895 val_rec_macro=0.4729 val_metric_name=acc val_metric=0.5368
Step 2400 | loss 0.1112 | val_acc=0.5383 val_loss=3.4080 val_f1_macro=0.4815 val_f1_weighted=0.5357 val_prec_macro=0.4921 val_rec_macro=0.4743 val_metric_name=acc val_metric=0.5383
Step 2450 | loss 0.1071 | val_acc=0.5375 val_loss=3.4306 val_f1_macro=0.4786 val_f1_weighted=0.5347 val_prec_macro=0.4891 val_rec_macro=0.4713 val_metric_name=acc val_metric=0.5375
Step 2500 | loss 0.1104 | val_acc=0.5373 val_loss=3.4566 val_f1_macro=0.4796 val_f1_weighted=0.5346 val_prec_macro=0.4908 val_rec_macro=0.4721 val_metric_name=acc val_metric=0.5373
Step 2550 | loss 0.1076 | val_acc=0.5365 val_loss=3.5114 val_f1_macro=0.4778 val_f1_weighted=0.5339 val_prec_macro=0.4872 val_rec_macro=0.4716 val_metric_name=acc val_metric=0.5365
Step 2600 | loss 0.1018 | val_acc=0.5394 val_loss=3.5261 val_f1_macro=0.4810 val_f1_weighted=0.5367 val_prec_macro=0.4922 val_rec_macro=0.4735 val_metric_name=acc val_metric=0.5394
Step 2650 | loss 0.0946 | val_acc=0.5360 val_loss=3.5548 val_f1_macro=0.4778 val_f1_weighted=0.5335 val_prec_macro=0.4870 val_rec_macro=0.4713 val_metric_name=acc val_metric=0.5360
Step 2700 | loss 0.0939 | val_acc=0.5409 val_loss=3.5787 val_f1_macro=0.4835 val_f1_weighted=0.5381 val_prec_macro=0.4949 val_rec_macro=0.4756 val_metric_name=acc val_metric=0.5409
Step 2750 | loss 0.0859 | val_acc=0.5407 val_loss=3.6076 val_f1_macro=0.4832 val_f1_weighted=0.5380 val_prec_macro=0.4934 val_rec_macro=0.4765 val_metric_name=acc val_metric=0.5407
Step 2800 | loss 0.0900 | val_acc=0.5390 val_loss=3.6322 val_f1_macro=0.4820 val_f1_weighted=0.5366 val_prec_macro=0.4908 val_rec_macro=0.4759 val_metric_name=acc val_metric=0.5390
Step 2850 | loss 0.0784 | val_acc=0.5391 val_loss=3.6536 val_f1_macro=0.4829 val_f1_weighted=0.5365 val_prec_macro=0.4937 val_rec_macro=0.4754 val_metric_name=acc val_metric=0.5391
Step 2900 | loss 0.0805 | val_acc=0.5417 val_loss=3.6751 val_f1_macro=0.4838 val_f1_weighted=0.5391 val_prec_macro=0.4940 val_rec_macro=0.4770 val_metric_name=acc val_metric=0.5417
Step 2950 | loss 0.0767 | val_acc=0.5393 val_loss=3.7135 val_f1_macro=0.4819 val_f1_weighted=0.5370 val_prec_macro=0.4901 val_rec_macro=0.4762 val_metric_name=acc val_metric=0.5393
Step 3000 | loss 0.0764 | val_acc=0.5406 val_loss=3.7349 val_f1_macro=0.4832 val_f1_weighted=0.5381 val_prec_macro=0.4930 val_rec_macro=0.4763 val_metric_name=acc val_metric=0.5406
Step 3050 | loss 0.0788 | val_acc=0.5407 val_loss=3.7593 val_f1_macro=0.4849 val_f1_weighted=0.5385 val_prec_macro=0.4933 val_rec_macro=0.4791 val_metric_name=acc val_metric=0.5407
Step 3100 | loss 0.0708 | val_acc=0.5422 val_loss=3.8023 val_f1_macro=0.4841 val_f1_weighted=0.5398 val_prec_macro=0.4931 val_rec_macro=0.4780 val_metric_name=acc val_metric=0.5422
Step 3150 | loss 0.0691 | val_acc=0.5412 val_loss=3.7962 val_f1_macro=0.4841 val_f1_weighted=0.5386 val_prec_macro=0.4936 val_rec_macro=0.4776 val_metric_name=acc val_metric=0.5412
Step 3200 | loss 0.0676 | val_acc=0.5401 val_loss=3.8237 val_f1_macro=0.4843 val_f1_weighted=0.5376 val_prec_macro=0.4948 val_rec_macro=0.4774 val_metric_name=acc val_metric=0.5401
Step 3250 | loss 0.0640 | val_acc=0.5411 val_loss=3.8680 val_f1_macro=0.4846 val_f1_weighted=0.5383 val_prec_macro=0.4963 val_rec_macro=0.4769 val_metric_name=acc val_metric=0.5411
Step 3300 | loss 0.0641 | val_acc=0.5401 val_loss=3.8780 val_f1_macro=0.4850 val_f1_weighted=0.5374 val_prec_macro=0.4971 val_rec_macro=0.4769 val_metric_name=acc val_metric=0.5401
Step 3350 | loss 0.0598 | val_acc=0.5412 val_loss=3.9019 val_f1_macro=0.4849 val_f1_weighted=0.5386 val_prec_macro=0.4949 val_rec_macro=0.4780 val_metric_name=acc val_metric=0.5412
Step 3400 | loss 0.0618 | val_acc=0.5427 val_loss=3.9115 val_f1_macro=0.4843 val_f1_weighted=0.5401 val_prec_macro=0.4935 val_rec_macro=0.4779 val_metric_name=acc val_metric=0.5427
Early stopping at step 3410

--- Final (best ckpt @ step 3110) ---
  train_acc=0.9989 train_loss=0.0034 train_f1_macro=0.9989 train_f1_weighted=0.9989 train_prec_macro=0.9987 train_rec_macro=0.9992 train_metric_name=acc train_metric=0.9989
  val_acc=0.5437 val_loss=3.7807 val_f1_macro=0.4862 val_f1_weighted=0.5414 val_prec_macro=0.4948 val_rec_macro=0.4801 val_metric_name=acc val_metric=0.5437
  test_acc=0.5399 test_loss=3.7388 test_f1_macro=0.4882 test_f1_weighted=0.5380 test_prec_macro=0.4961 test_rec_macro=0.4822 test_metric_name=acc test_metric=0.5399
  test_acc=0.5399

============================================================
Training amazon-ratings GAT-sep 4L h=384 lr=6e-05 split=5
============================================================
Training for 5000 steps
Step    1 | loss 1.7323 | val_acc=0.3544 val_loss=1.4376 val_f1_macro=0.1312 val_f1_weighted=0.2271 val_prec_macro=0.1621 val_rec_macro=0.1975 val_metric_name=acc val_metric=0.3544
Step   50 | loss 1.3760 | val_acc=0.4027 val_loss=1.3622 val_f1_macro=0.1934 val_f1_weighted=0.3106 val_prec_macro=0.2173 val_rec_macro=0.2435 val_metric_name=acc val_metric=0.4027
Step  100 | loss 1.3172 | val_acc=0.4248 val_loss=1.3500 val_f1_macro=0.2637 val_f1_weighted=0.3736 val_prec_macro=0.3268 val_rec_macro=0.2877 val_metric_name=acc val_metric=0.4248
Step  150 | loss 1.2606 | val_acc=0.4259 val_loss=1.3636 val_f1_macro=0.2897 val_f1_weighted=0.3881 val_prec_macro=0.3799 val_rec_macro=0.3057 val_metric_name=acc val_metric=0.4259
Step  200 | loss 1.1948 | val_acc=0.4535 val_loss=1.3603 val_f1_macro=0.3390 val_f1_weighted=0.4315 val_prec_macro=0.4089 val_rec_macro=0.3394 val_metric_name=acc val_metric=0.4535
Step  250 | loss 1.1218 | val_acc=0.4761 val_loss=1.3708 val_f1_macro=0.3660 val_f1_weighted=0.4549 val_prec_macro=0.4505 val_rec_macro=0.3591 val_metric_name=acc val_metric=0.4761
Step  300 | loss 1.0477 | val_acc=0.4761 val_loss=1.4009 val_f1_macro=0.3878 val_f1_weighted=0.4605 val_prec_macro=0.4459 val_rec_macro=0.3784 val_metric_name=acc val_metric=0.4761
Step  350 | loss 0.9738 | val_acc=0.4947 val_loss=1.4297 val_f1_macro=0.4161 val_f1_weighted=0.4839 val_prec_macro=0.4548 val_rec_macro=0.4029 val_metric_name=acc val_metric=0.4947
Step  400 | loss 0.9000 | val_acc=0.5033 val_loss=1.4907 val_f1_macro=0.4311 val_f1_weighted=0.4935 val_prec_macro=0.4717 val_rec_macro=0.4165 val_metric_name=acc val_metric=0.5033
Step  450 | loss 0.8185 | val_acc=0.5097 val_loss=1.5523 val_f1_macro=0.4460 val_f1_weighted=0.5022 val_prec_macro=0.4752 val_rec_macro=0.4336 val_metric_name=acc val_metric=0.5097
Step  500 | loss 0.7297 | val_acc=0.5146 val_loss=1.6378 val_f1_macro=0.4494 val_f1_weighted=0.5094 val_prec_macro=0.4673 val_rec_macro=0.4386 val_metric_name=acc val_metric=0.5146
Step  550 | loss 0.6515 | val_acc=0.5213 val_loss=1.7608 val_f1_macro=0.4556 val_f1_weighted=0.5150 val_prec_macro=0.4742 val_rec_macro=0.4473 val_metric_name=acc val_metric=0.5213
Step  600 | loss 0.5820 | val_acc=0.5239 val_loss=1.8891 val_f1_macro=0.4608 val_f1_weighted=0.5192 val_prec_macro=0.4758 val_rec_macro=0.4520 val_metric_name=acc val_metric=0.5239
Step  650 | loss 0.4972 | val_acc=0.5298 val_loss=2.0159 val_f1_macro=0.4654 val_f1_weighted=0.5261 val_prec_macro=0.4767 val_rec_macro=0.4587 val_metric_name=acc val_metric=0.5298
Step  700 | loss 0.4538 | val_acc=0.5305 val_loss=2.1728 val_f1_macro=0.4694 val_f1_weighted=0.5282 val_prec_macro=0.4757 val_rec_macro=0.4658 val_metric_name=acc val_metric=0.5305
Step  750 | loss 0.3921 | val_acc=0.5296 val_loss=2.2964 val_f1_macro=0.4681 val_f1_weighted=0.5273 val_prec_macro=0.4755 val_rec_macro=0.4625 val_metric_name=acc val_metric=0.5296
Step  800 | loss 0.3396 | val_acc=0.5269 val_loss=2.4176 val_f1_macro=0.4653 val_f1_weighted=0.5243 val_prec_macro=0.4729 val_rec_macro=0.4603 val_metric_name=acc val_metric=0.5269
Step  850 | loss 0.3051 | val_acc=0.5292 val_loss=2.5446 val_f1_macro=0.4689 val_f1_weighted=0.5266 val_prec_macro=0.4758 val_rec_macro=0.4644 val_metric_name=acc val_metric=0.5292
Step  900 | loss 0.2688 | val_acc=0.5314 val_loss=2.6668 val_f1_macro=0.4710 val_f1_weighted=0.5288 val_prec_macro=0.4797 val_rec_macro=0.4653 val_metric_name=acc val_metric=0.5314
Step  950 | loss 0.2414 | val_acc=0.5296 val_loss=2.7830 val_f1_macro=0.4718 val_f1_weighted=0.5276 val_prec_macro=0.4787 val_rec_macro=0.4664 val_metric_name=acc val_metric=0.5296
Step 1000 | loss 0.2170 | val_acc=0.5321 val_loss=2.8680 val_f1_macro=0.4732 val_f1_weighted=0.5297 val_prec_macro=0.4816 val_rec_macro=0.4678 val_metric_name=acc val_metric=0.5321
Step 1050 | loss 0.1924 | val_acc=0.5336 val_loss=2.9676 val_f1_macro=0.4742 val_f1_weighted=0.5315 val_prec_macro=0.4805 val_rec_macro=0.4699 val_metric_name=acc val_metric=0.5336
Step 1100 | loss 0.1742 | val_acc=0.5365 val_loss=3.0459 val_f1_macro=0.4772 val_f1_weighted=0.5341 val_prec_macro=0.4858 val_rec_macro=0.4712 val_metric_name=acc val_metric=0.5365
Step 1150 | loss 0.1621 | val_acc=0.5354 val_loss=3.1306 val_f1_macro=0.4767 val_f1_weighted=0.5330 val_prec_macro=0.4844 val_rec_macro=0.4713 val_metric_name=acc val_metric=0.5354
Step 1200 | loss 0.1449 | val_acc=0.5358 val_loss=3.1915 val_f1_macro=0.4760 val_f1_weighted=0.5333 val_prec_macro=0.4853 val_rec_macro=0.4695 val_metric_name=acc val_metric=0.5358
Step 1250 | loss 0.1369 | val_acc=0.5363 val_loss=3.2904 val_f1_macro=0.4761 val_f1_weighted=0.5338 val_prec_macro=0.4847 val_rec_macro=0.4705 val_metric_name=acc val_metric=0.5363
Step 1300 | loss 0.1229 | val_acc=0.5363 val_loss=3.3369 val_f1_macro=0.4770 val_f1_weighted=0.5335 val_prec_macro=0.4864 val_rec_macro=0.4705 val_metric_name=acc val_metric=0.5363
Step 1350 | loss 0.1078 | val_acc=0.5375 val_loss=3.3912 val_f1_macro=0.4780 val_f1_weighted=0.5355 val_prec_macro=0.4850 val_rec_macro=0.4731 val_metric_name=acc val_metric=0.5375
Step 1400 | loss 0.1119 | val_acc=0.5355 val_loss=3.4505 val_f1_macro=0.4760 val_f1_weighted=0.5327 val_prec_macro=0.4856 val_rec_macro=0.4697 val_metric_name=acc val_metric=0.5355
Step 1450 | loss 0.0944 | val_acc=0.5368 val_loss=3.4993 val_f1_macro=0.4794 val_f1_weighted=0.5345 val_prec_macro=0.4875 val_rec_macro=0.4737 val_metric_name=acc val_metric=0.5368
Step 1500 | loss 0.0929 | val_acc=0.5370 val_loss=3.5558 val_f1_macro=0.4789 val_f1_weighted=0.5347 val_prec_macro=0.4872 val_rec_macro=0.4735 val_metric_name=acc val_metric=0.5370
Step 1550 | loss 0.0866 | val_acc=0.5357 val_loss=3.6101 val_f1_macro=0.4773 val_f1_weighted=0.5333 val_prec_macro=0.4864 val_rec_macro=0.4711 val_metric_name=acc val_metric=0.5357
Step 1600 | loss 0.0801 | val_acc=0.5391 val_loss=3.6560 val_f1_macro=0.4810 val_f1_weighted=0.5366 val_prec_macro=0.4902 val_rec_macro=0.4750 val_metric_name=acc val_metric=0.5391
Step 1650 | loss 0.0741 | val_acc=0.5383 val_loss=3.6663 val_f1_macro=0.4802 val_f1_weighted=0.5359 val_prec_macro=0.4895 val_rec_macro=0.4735 val_metric_name=acc val_metric=0.5383
Step 1700 | loss 0.0693 | val_acc=0.5390 val_loss=3.7209 val_f1_macro=0.4799 val_f1_weighted=0.5364 val_prec_macro=0.4885 val_rec_macro=0.4741 val_metric_name=acc val_metric=0.5390
Step 1750 | loss 0.0727 | val_acc=0.5416 val_loss=3.7529 val_f1_macro=0.4823 val_f1_weighted=0.5392 val_prec_macro=0.4909 val_rec_macro=0.4761 val_metric_name=acc val_metric=0.5416
Step 1800 | loss 0.0660 | val_acc=0.5414 val_loss=3.8139 val_f1_macro=0.4805 val_f1_weighted=0.5387 val_prec_macro=0.4910 val_rec_macro=0.4735 val_metric_name=acc val_metric=0.5414
Step 1850 | loss 0.0551 | val_acc=0.5391 val_loss=3.8230 val_f1_macro=0.4785 val_f1_weighted=0.5365 val_prec_macro=0.4885 val_rec_macro=0.4717 val_metric_name=acc val_metric=0.5391
Step 1900 | loss 0.0582 | val_acc=0.5424 val_loss=3.8280 val_f1_macro=0.4857 val_f1_weighted=0.5401 val_prec_macro=0.4947 val_rec_macro=0.4792 val_metric_name=acc val_metric=0.5424
Step 1950 | loss 0.0574 | val_acc=0.5442 val_loss=3.9083 val_f1_macro=0.4840 val_f1_weighted=0.5410 val_prec_macro=0.4955 val_rec_macro=0.4766 val_metric_name=acc val_metric=0.5442
Step 2000 | loss 0.0545 | val_acc=0.5416 val_loss=3.9265 val_f1_macro=0.4833 val_f1_weighted=0.5392 val_prec_macro=0.4927 val_rec_macro=0.4768 val_metric_name=acc val_metric=0.5416
Step 2050 | loss 0.0519 | val_acc=0.5398 val_loss=3.9390 val_f1_macro=0.4813 val_f1_weighted=0.5376 val_prec_macro=0.4891 val_rec_macro=0.4758 val_metric_name=acc val_metric=0.5398
Step 2100 | loss 0.0471 | val_acc=0.5393 val_loss=3.9437 val_f1_macro=0.4810 val_f1_weighted=0.5368 val_prec_macro=0.4911 val_rec_macro=0.4741 val_metric_name=acc val_metric=0.5393
Step 2150 | loss 0.0442 | val_acc=0.5417 val_loss=4.0039 val_f1_macro=0.4830 val_f1_weighted=0.5391 val_prec_macro=0.4933 val_rec_macro=0.4760 val_metric_name=acc val_metric=0.5417
Step 2200 | loss 0.0426 | val_acc=0.5396 val_loss=4.0392 val_f1_macro=0.4798 val_f1_weighted=0.5366 val_prec_macro=0.4913 val_rec_macro=0.4724 val_metric_name=acc val_metric=0.5396
Step 2250 | loss 0.0371 | val_acc=0.5416 val_loss=4.0592 val_f1_macro=0.4843 val_f1_weighted=0.5388 val_prec_macro=0.4964 val_rec_macro=0.4762 val_metric_name=acc val_metric=0.5416
Step 2300 | loss 0.0407 | val_acc=0.5390 val_loss=4.0942 val_f1_macro=0.4811 val_f1_weighted=0.5362 val_prec_macro=0.4922 val_rec_macro=0.4737 val_metric_name=acc val_metric=0.5390
Step 2350 | loss 0.0391 | val_acc=0.5394 val_loss=4.1061 val_f1_macro=0.4804 val_f1_weighted=0.5369 val_prec_macro=0.4899 val_rec_macro=0.4739 val_metric_name=acc val_metric=0.5394
Step 2400 | loss 0.0369 | val_acc=0.5393 val_loss=4.1429 val_f1_macro=0.4802 val_f1_weighted=0.5367 val_prec_macro=0.4907 val_rec_macro=0.4734 val_metric_name=acc val_metric=0.5393
Step 2450 | loss 0.0336 | val_acc=0.5421 val_loss=4.1809 val_f1_macro=0.4812 val_f1_weighted=0.5392 val_prec_macro=0.4915 val_rec_macro=0.4747 val_metric_name=acc val_metric=0.5421
Step 2500 | loss 0.0362 | val_acc=0.5417 val_loss=4.1885 val_f1_macro=0.4826 val_f1_weighted=0.5388 val_prec_macro=0.4953 val_rec_macro=0.4741 val_metric_name=acc val_metric=0.5417
Step 2550 | loss 0.0339 | val_acc=0.5391 val_loss=4.2104 val_f1_macro=0.4810 val_f1_weighted=0.5364 val_prec_macro=0.4927 val_rec_macro=0.4734 val_metric_name=acc val_metric=0.5391
Step 2600 | loss 0.0353 | val_acc=0.5380 val_loss=4.2458 val_f1_macro=0.4786 val_f1_weighted=0.5351 val_prec_macro=0.4913 val_rec_macro=0.4703 val_metric_name=acc val_metric=0.5380
Step 2650 | loss 0.0326 | val_acc=0.5391 val_loss=4.2665 val_f1_macro=0.4814 val_f1_weighted=0.5368 val_prec_macro=0.4907 val_rec_macro=0.4748 val_metric_name=acc val_metric=0.5391
Early stopping at step 2669

--- Final (best ckpt @ step 1830) ---
  train_acc=0.9992 train_loss=0.0026 train_f1_macro=0.9992 train_f1_weighted=0.9992 train_prec_macro=0.9990 train_rec_macro=0.9995 train_metric_name=acc train_metric=0.9992
  val_acc=0.5442 val_loss=3.7983 val_f1_macro=0.4842 val_f1_weighted=0.5409 val_prec_macro=0.4976 val_rec_macro=0.4754 val_metric_name=acc val_metric=0.5442
  test_acc=0.5412 test_loss=3.7717 test_f1_macro=0.4891 test_f1_weighted=0.5384 test_prec_macro=0.5007 test_rec_macro=0.4809 test_metric_name=acc test_metric=0.5412
  test_acc=0.5412

============================================================
Training amazon-ratings GAT-sep 4L h=384 lr=0.0001 split=5
============================================================
Training for 5000 steps
Step    1 | loss 1.7323 | val_acc=0.3681 val_loss=1.4851 val_f1_macro=0.1113 val_f1_weighted=0.2028 val_prec_macro=0.2010 val_rec_macro=0.2006 val_metric_name=acc val_metric=0.3681
Step   50 | loss 1.3521 | val_acc=0.4122 val_loss=1.3558 val_f1_macro=0.2191 val_f1_weighted=0.3357 val_prec_macro=0.3093 val_rec_macro=0.2582 val_metric_name=acc val_metric=0.4122
Step  100 | loss 1.2796 | val_acc=0.4227 val_loss=1.3486 val_f1_macro=0.2791 val_f1_weighted=0.3845 val_prec_macro=0.3319 val_rec_macro=0.2985 val_metric_name=acc val_metric=0.4227
Step  150 | loss 1.1941 | val_acc=0.4530 val_loss=1.3626 val_f1_macro=0.3328 val_f1_weighted=0.4219 val_prec_macro=0.4257 val_rec_macro=0.3348 val_metric_name=acc val_metric=0.4530
Step  200 | loss 1.0879 | val_acc=0.4744 val_loss=1.3848 val_f1_macro=0.3725 val_f1_weighted=0.4539 val_prec_macro=0.4441 val_rec_macro=0.3631 val_metric_name=acc val_metric=0.4744
Step  250 | loss 0.9747 | val_acc=0.4927 val_loss=1.4251 val_f1_macro=0.4133 val_f1_weighted=0.4806 val_prec_macro=0.4569 val_rec_macro=0.4007 val_metric_name=acc val_metric=0.4927
Step  300 | loss 0.8519 | val_acc=0.5063 val_loss=1.5314 val_f1_macro=0.4300 val_f1_weighted=0.4945 val_prec_macro=0.4820 val_rec_macro=0.4125 val_metric_name=acc val_metric=0.5063
Step  350 | loss 0.7322 | val_acc=0.5163 val_loss=1.6518 val_f1_macro=0.4502 val_f1_weighted=0.5106 val_prec_macro=0.4742 val_rec_macro=0.4366 val_metric_name=acc val_metric=0.5163
Step  400 | loss 0.6187 | val_acc=0.5216 val_loss=1.8424 val_f1_macro=0.4531 val_f1_weighted=0.5160 val_prec_macro=0.4745 val_rec_macro=0.4413 val_metric_name=acc val_metric=0.5216
Step  450 | loss 0.5103 | val_acc=0.5246 val_loss=2.0514 val_f1_macro=0.4612 val_f1_weighted=0.5208 val_prec_macro=0.4719 val_rec_macro=0.4555 val_metric_name=acc val_metric=0.5246
Step  500 | loss 0.4138 | val_acc=0.5287 val_loss=2.2369 val_f1_macro=0.4696 val_f1_weighted=0.5262 val_prec_macro=0.4783 val_rec_macro=0.4636 val_metric_name=acc val_metric=0.5287
Step  550 | loss 0.3332 | val_acc=0.5309 val_loss=2.4668 val_f1_macro=0.4702 val_f1_weighted=0.5282 val_prec_macro=0.4776 val_rec_macro=0.4662 val_metric_name=acc val_metric=0.5309
Step  600 | loss 0.2801 | val_acc=0.5341 val_loss=2.6573 val_f1_macro=0.4742 val_f1_weighted=0.5299 val_prec_macro=0.4894 val_rec_macro=0.4647 val_metric_name=acc val_metric=0.5341
Step  650 | loss 0.2235 | val_acc=0.5368 val_loss=2.8299 val_f1_macro=0.4791 val_f1_weighted=0.5338 val_prec_macro=0.4905 val_rec_macro=0.4714 val_metric_name=acc val_metric=0.5368
Step  700 | loss 0.1949 | val_acc=0.5383 val_loss=2.9899 val_f1_macro=0.4782 val_f1_weighted=0.5360 val_prec_macro=0.4857 val_rec_macro=0.4734 val_metric_name=acc val_metric=0.5383
Step  750 | loss 0.1614 | val_acc=0.5372 val_loss=3.1134 val_f1_macro=0.4796 val_f1_weighted=0.5352 val_prec_macro=0.4871 val_rec_macro=0.4745 val_metric_name=acc val_metric=0.5372
Step  800 | loss 0.1411 | val_acc=0.5355 val_loss=3.2014 val_f1_macro=0.4777 val_f1_weighted=0.5332 val_prec_macro=0.4867 val_rec_macro=0.4715 val_metric_name=acc val_metric=0.5355
Step  850 | loss 0.1241 | val_acc=0.5409 val_loss=3.2629 val_f1_macro=0.4811 val_f1_weighted=0.5378 val_prec_macro=0.4927 val_rec_macro=0.4729 val_metric_name=acc val_metric=0.5409
Step  900 | loss 0.1111 | val_acc=0.5406 val_loss=3.3777 val_f1_macro=0.4816 val_f1_weighted=0.5373 val_prec_macro=0.4947 val_rec_macro=0.4731 val_metric_name=acc val_metric=0.5406
Step  950 | loss 0.1017 | val_acc=0.5403 val_loss=3.4264 val_f1_macro=0.4825 val_f1_weighted=0.5375 val_prec_macro=0.4940 val_rec_macro=0.4744 val_metric_name=acc val_metric=0.5403
Step 1000 | loss 0.0948 | val_acc=0.5396 val_loss=3.5291 val_f1_macro=0.4797 val_f1_weighted=0.5366 val_prec_macro=0.4927 val_rec_macro=0.4713 val_metric_name=acc val_metric=0.5396
Step 1050 | loss 0.0815 | val_acc=0.5391 val_loss=3.5858 val_f1_macro=0.4793 val_f1_weighted=0.5363 val_prec_macro=0.4899 val_rec_macro=0.4724 val_metric_name=acc val_metric=0.5391
Step 1100 | loss 0.0738 | val_acc=0.5391 val_loss=3.6264 val_f1_macro=0.4790 val_f1_weighted=0.5360 val_prec_macro=0.4915 val_rec_macro=0.4708 val_metric_name=acc val_metric=0.5391
Step 1150 | loss 0.0669 | val_acc=0.5411 val_loss=3.7112 val_f1_macro=0.4799 val_f1_weighted=0.5386 val_prec_macro=0.4886 val_rec_macro=0.4738 val_metric_name=acc val_metric=0.5411
Step 1200 | loss 0.0595 | val_acc=0.5432 val_loss=3.7225 val_f1_macro=0.4808 val_f1_weighted=0.5400 val_prec_macro=0.4939 val_rec_macro=0.4721 val_metric_name=acc val_metric=0.5432
Step 1250 | loss 0.0580 | val_acc=0.5421 val_loss=3.8316 val_f1_macro=0.4827 val_f1_weighted=0.5394 val_prec_macro=0.4929 val_rec_macro=0.4762 val_metric_name=acc val_metric=0.5421
Step 1300 | loss 0.0540 | val_acc=0.5429 val_loss=3.8398 val_f1_macro=0.4846 val_f1_weighted=0.5396 val_prec_macro=0.4982 val_rec_macro=0.4755 val_metric_name=acc val_metric=0.5429
Step 1350 | loss 0.0489 | val_acc=0.5417 val_loss=3.8876 val_f1_macro=0.4850 val_f1_weighted=0.5388 val_prec_macro=0.4986 val_rec_macro=0.4762 val_metric_name=acc val_metric=0.5417
Step 1400 | loss 0.0501 | val_acc=0.5419 val_loss=3.9196 val_f1_macro=0.4818 val_f1_weighted=0.5386 val_prec_macro=0.4942 val_rec_macro=0.4737 val_metric_name=acc val_metric=0.5419
Step 1450 | loss 0.0417 | val_acc=0.5432 val_loss=3.9630 val_f1_macro=0.4849 val_f1_weighted=0.5404 val_prec_macro=0.4951 val_rec_macro=0.4778 val_metric_name=acc val_metric=0.5432
Step 1500 | loss 0.0409 | val_acc=0.5463 val_loss=4.0075 val_f1_macro=0.4856 val_f1_weighted=0.5430 val_prec_macro=0.4984 val_rec_macro=0.4776 val_metric_name=acc val_metric=0.5463
Step 1550 | loss 0.0395 | val_acc=0.5424 val_loss=4.0671 val_f1_macro=0.4820 val_f1_weighted=0.5397 val_prec_macro=0.4921 val_rec_macro=0.4752 val_metric_name=acc val_metric=0.5424
Early stopping at step 1560

--- Final (best ckpt @ step 1260) ---
  train_acc=0.9991 train_loss=0.0024 train_f1_macro=0.9991 train_f1_weighted=0.9991 train_prec_macro=0.9988 train_rec_macro=0.9994 train_metric_name=acc train_metric=0.9991
  val_acc=0.5466 val_loss=3.8216 val_f1_macro=0.4872 val_f1_weighted=0.5436 val_prec_macro=0.4986 val_rec_macro=0.4794 val_metric_name=acc val_metric=0.5466
  test_acc=0.5443 test_loss=3.7633 test_f1_macro=0.4916 test_f1_weighted=0.5418 test_prec_macro=0.5005 test_rec_macro=0.4852 test_metric_name=acc test_metric=0.5443
  test_acc=0.5443

============================================================
Training amazon-ratings GAT-sep 4L h=384 lr=1e-05 split=5
============================================================
Training for 5000 steps
Step    1 | loss 1.7323 | val_acc=0.1076 val_loss=1.6714 val_f1_macro=0.0822 val_f1_weighted=0.0977 val_prec_macro=0.1777 val_rec_macro=0.1872 val_metric_name=acc val_metric=0.1076
Step   50 | loss 1.4383 | val_acc=0.3699 val_loss=1.4172 val_f1_macro=0.1155 val_f1_weighted=0.2085 val_prec_macro=0.3574 val_rec_macro=0.2022 val_metric_name=acc val_metric=0.3699
Step  100 | loss 1.4206 | val_acc=0.3833 val_loss=1.3947 val_f1_macro=0.1561 val_f1_weighted=0.2625 val_prec_macro=0.1645 val_rec_macro=0.2176 val_metric_name=acc val_metric=0.3833
Step  150 | loss 1.3981 | val_acc=0.3977 val_loss=1.3771 val_f1_macro=0.1833 val_f1_weighted=0.2983 val_prec_macro=0.1645 val_rec_macro=0.2353 val_metric_name=acc val_metric=0.3977
Step  200 | loss 1.3738 | val_acc=0.4081 val_loss=1.3683 val_f1_macro=0.1997 val_f1_weighted=0.3186 val_prec_macro=0.2138 val_rec_macro=0.2491 val_metric_name=acc val_metric=0.4081
Step  250 | loss 1.3537 | val_acc=0.4168 val_loss=1.3674 val_f1_macro=0.2199 val_f1_weighted=0.3394 val_prec_macro=0.3142 val_rec_macro=0.2636 val_metric_name=acc val_metric=0.4168
Step  300 | loss 1.3409 | val_acc=0.4202 val_loss=1.3654 val_f1_macro=0.2382 val_f1_weighted=0.3550 val_prec_macro=0.3241 val_rec_macro=0.2734 val_metric_name=acc val_metric=0.4202
Step  350 | loss 1.3341 | val_acc=0.4215 val_loss=1.3632 val_f1_macro=0.2540 val_f1_weighted=0.3659 val_prec_macro=0.3290 val_rec_macro=0.2817 val_metric_name=acc val_metric=0.4215
Step  400 | loss 1.3154 | val_acc=0.4194 val_loss=1.3647 val_f1_macro=0.2619 val_f1_weighted=0.3699 val_prec_macro=0.3915 val_rec_macro=0.2862 val_metric_name=acc val_metric=0.4194
Step  450 | loss 1.3034 | val_acc=0.4228 val_loss=1.3633 val_f1_macro=0.2726 val_f1_weighted=0.3797 val_prec_macro=0.3647 val_rec_macro=0.2936 val_metric_name=acc val_metric=0.4228
Step  500 | loss 1.2878 | val_acc=0.4220 val_loss=1.3630 val_f1_macro=0.2793 val_f1_weighted=0.3828 val_prec_macro=0.3626 val_rec_macro=0.2975 val_metric_name=acc val_metric=0.4220
Step  550 | loss 1.2743 | val_acc=0.4243 val_loss=1.3630 val_f1_macro=0.2871 val_f1_weighted=0.3885 val_prec_macro=0.3686 val_rec_macro=0.3026 val_metric_name=acc val_metric=0.4243
Step  600 | loss 1.2587 | val_acc=0.4287 val_loss=1.3661 val_f1_macro=0.2979 val_f1_weighted=0.3946 val_prec_macro=0.3987 val_rec_macro=0.3095 val_metric_name=acc val_metric=0.4287
Step  650 | loss 1.2462 | val_acc=0.4387 val_loss=1.3601 val_f1_macro=0.3120 val_f1_weighted=0.4080 val_prec_macro=0.4159 val_rec_macro=0.3199 val_metric_name=acc val_metric=0.4387
Step  700 | loss 1.2413 | val_acc=0.4434 val_loss=1.3635 val_f1_macro=0.3202 val_f1_weighted=0.4146 val_prec_macro=0.4295 val_rec_macro=0.3261 val_metric_name=acc val_metric=0.4434
Step  750 | loss 1.2234 | val_acc=0.4485 val_loss=1.3650 val_f1_macro=0.3286 val_f1_weighted=0.4224 val_prec_macro=0.4179 val_rec_macro=0.3328 val_metric_name=acc val_metric=0.4485
Step  800 | loss 1.2048 | val_acc=0.4511 val_loss=1.3704 val_f1_macro=0.3349 val_f1_weighted=0.4264 val_prec_macro=0.4192 val_rec_macro=0.3374 val_metric_name=acc val_metric=0.4511
Step  850 | loss 1.1924 | val_acc=0.4583 val_loss=1.3631 val_f1_macro=0.3410 val_f1_weighted=0.4345 val_prec_macro=0.4220 val_rec_macro=0.3415 val_metric_name=acc val_metric=0.4583
Step  900 | loss 1.1747 | val_acc=0.4619 val_loss=1.3695 val_f1_macro=0.3435 val_f1_weighted=0.4362 val_prec_macro=0.4241 val_rec_macro=0.3437 val_metric_name=acc val_metric=0.4619
Step  950 | loss 1.1555 | val_acc=0.4635 val_loss=1.3706 val_f1_macro=0.3506 val_f1_weighted=0.4393 val_prec_macro=0.4312 val_rec_macro=0.3487 val_metric_name=acc val_metric=0.4635
Step 1000 | loss 1.1419 | val_acc=0.4697 val_loss=1.3695 val_f1_macro=0.3660 val_f1_weighted=0.4489 val_prec_macro=0.4411 val_rec_macro=0.3600 val_metric_name=acc val_metric=0.4697
Step 1050 | loss 1.1242 | val_acc=0.4726 val_loss=1.3798 val_f1_macro=0.3660 val_f1_weighted=0.4505 val_prec_macro=0.4445 val_rec_macro=0.3598 val_metric_name=acc val_metric=0.4726
Step 1100 | loss 1.1113 | val_acc=0.4741 val_loss=1.3846 val_f1_macro=0.3673 val_f1_weighted=0.4529 val_prec_macro=0.4386 val_rec_macro=0.3608 val_metric_name=acc val_metric=0.4741
Step 1150 | loss 1.0965 | val_acc=0.4757 val_loss=1.3937 val_f1_macro=0.3761 val_f1_weighted=0.4548 val_prec_macro=0.4471 val_rec_macro=0.3675 val_metric_name=acc val_metric=0.4757
Step 1200 | loss 1.0706 | val_acc=0.4746 val_loss=1.3906 val_f1_macro=0.3808 val_f1_weighted=0.4568 val_prec_macro=0.4412 val_rec_macro=0.3715 val_metric_name=acc val_metric=0.4746
Step 1250 | loss 1.0640 | val_acc=0.4764 val_loss=1.4037 val_f1_macro=0.3828 val_f1_weighted=0.4583 val_prec_macro=0.4406 val_rec_macro=0.3732 val_metric_name=acc val_metric=0.4764
Step 1300 | loss 1.0507 | val_acc=0.4810 val_loss=1.4005 val_f1_macro=0.3920 val_f1_weighted=0.4656 val_prec_macro=0.4478 val_rec_macro=0.3804 val_metric_name=acc val_metric=0.4810
Step 1350 | loss 1.0284 | val_acc=0.4862 val_loss=1.4134 val_f1_macro=0.3962 val_f1_weighted=0.4710 val_prec_macro=0.4527 val_rec_macro=0.3816 val_metric_name=acc val_metric=0.4862
Step 1400 | loss 1.0192 | val_acc=0.4851 val_loss=1.4226 val_f1_macro=0.3995 val_f1_weighted=0.4689 val_prec_macro=0.4528 val_rec_macro=0.3865 val_metric_name=acc val_metric=0.4851
Step 1450 | loss 0.9913 | val_acc=0.4883 val_loss=1.4291 val_f1_macro=0.4062 val_f1_weighted=0.4739 val_prec_macro=0.4586 val_rec_macro=0.3922 val_metric_name=acc val_metric=0.4883
Step 1500 | loss 0.9831 | val_acc=0.4940 val_loss=1.4373 val_f1_macro=0.4142 val_f1_weighted=0.4808 val_prec_macro=0.4622 val_rec_macro=0.3993 val_metric_name=acc val_metric=0.4940
Step 1550 | loss 0.9643 | val_acc=0.4950 val_loss=1.4480 val_f1_macro=0.4165 val_f1_weighted=0.4820 val_prec_macro=0.4665 val_rec_macro=0.4021 val_metric_name=acc val_metric=0.4950
Step 1600 | loss 0.9580 | val_acc=0.4971 val_loss=1.4515 val_f1_macro=0.4193 val_f1_weighted=0.4850 val_prec_macro=0.4658 val_rec_macro=0.4046 val_metric_name=acc val_metric=0.4971
Step 1650 | loss 0.9269 | val_acc=0.4965 val_loss=1.4627 val_f1_macro=0.4194 val_f1_weighted=0.4856 val_prec_macro=0.4597 val_rec_macro=0.4050 val_metric_name=acc val_metric=0.4965
Step 1700 | loss 0.9179 | val_acc=0.4980 val_loss=1.4637 val_f1_macro=0.4273 val_f1_weighted=0.4886 val_prec_macro=0.4621 val_rec_macro=0.4142 val_metric_name=acc val_metric=0.4980
Step 1750 | loss 0.9041 | val_acc=0.4996 val_loss=1.4851 val_f1_macro=0.4275 val_f1_weighted=0.4895 val_prec_macro=0.4625 val_rec_macro=0.4144 val_metric_name=acc val_metric=0.4996
Step 1800 | loss 0.8854 | val_acc=0.5024 val_loss=1.4940 val_f1_macro=0.4324 val_f1_weighted=0.4940 val_prec_macro=0.4621 val_rec_macro=0.4205 val_metric_name=acc val_metric=0.5024
Step 1850 | loss 0.8728 | val_acc=0.5055 val_loss=1.5056 val_f1_macro=0.4331 val_f1_weighted=0.4960 val_prec_macro=0.4678 val_rec_macro=0.4198 val_metric_name=acc val_metric=0.5055
Step 1900 | loss 0.8601 | val_acc=0.5065 val_loss=1.5173 val_f1_macro=0.4401 val_f1_weighted=0.4991 val_prec_macro=0.4694 val_rec_macro=0.4266 val_metric_name=acc val_metric=0.5065
Step 1950 | loss 0.8372 | val_acc=0.5115 val_loss=1.5369 val_f1_macro=0.4432 val_f1_weighted=0.5037 val_prec_macro=0.4720 val_rec_macro=0.4309 val_metric_name=acc val_metric=0.5115
Step 2000 | loss 0.8313 | val_acc=0.5123 val_loss=1.5481 val_f1_macro=0.4454 val_f1_weighted=0.5050 val_prec_macro=0.4740 val_rec_macro=0.4325 val_metric_name=acc val_metric=0.5123
Step 2050 | loss 0.8098 | val_acc=0.5118 val_loss=1.5670 val_f1_macro=0.4436 val_f1_weighted=0.5045 val_prec_macro=0.4672 val_rec_macro=0.4333 val_metric_name=acc val_metric=0.5118
Step 2100 | loss 0.7963 | val_acc=0.5133 val_loss=1.5832 val_f1_macro=0.4457 val_f1_weighted=0.5061 val_prec_macro=0.4700 val_rec_macro=0.4346 val_metric_name=acc val_metric=0.5133
Step 2150 | loss 0.7745 | val_acc=0.5128 val_loss=1.5978 val_f1_macro=0.4450 val_f1_weighted=0.5065 val_prec_macro=0.4658 val_rec_macro=0.4347 val_metric_name=acc val_metric=0.5128
Step 2200 | loss 0.7608 | val_acc=0.5120 val_loss=1.6109 val_f1_macro=0.4450 val_f1_weighted=0.5058 val_prec_macro=0.4657 val_rec_macro=0.4353 val_metric_name=acc val_metric=0.5120
Step 2250 | loss 0.7436 | val_acc=0.5161 val_loss=1.6372 val_f1_macro=0.4508 val_f1_weighted=0.5099 val_prec_macro=0.4717 val_rec_macro=0.4406 val_metric_name=acc val_metric=0.5161
Step 2300 | loss 0.7253 | val_acc=0.5184 val_loss=1.6593 val_f1_macro=0.4532 val_f1_weighted=0.5126 val_prec_macro=0.4727 val_rec_macro=0.4440 val_metric_name=acc val_metric=0.5184
Step 2350 | loss 0.7129 | val_acc=0.5203 val_loss=1.6862 val_f1_macro=0.4535 val_f1_weighted=0.5144 val_prec_macro=0.4727 val_rec_macro=0.4444 val_metric_name=acc val_metric=0.5203
Step 2400 | loss 0.6919 | val_acc=0.5220 val_loss=1.7054 val_f1_macro=0.4545 val_f1_weighted=0.5156 val_prec_macro=0.4756 val_rec_macro=0.4445 val_metric_name=acc val_metric=0.5220
Step 2450 | loss 0.6819 | val_acc=0.5213 val_loss=1.7246 val_f1_macro=0.4559 val_f1_weighted=0.5159 val_prec_macro=0.4740 val_rec_macro=0.4464 val_metric_name=acc val_metric=0.5213
Step 2500 | loss 0.6622 | val_acc=0.5211 val_loss=1.7373 val_f1_macro=0.4562 val_f1_weighted=0.5158 val_prec_macro=0.4727 val_rec_macro=0.4480 val_metric_name=acc val_metric=0.5211
Step 2550 | loss 0.6458 | val_acc=0.5233 val_loss=1.7689 val_f1_macro=0.4581 val_f1_weighted=0.5180 val_prec_macro=0.4749 val_rec_macro=0.4498 val_metric_name=acc val_metric=0.5233
Step 2600 | loss 0.6377 | val_acc=0.5254 val_loss=1.7942 val_f1_macro=0.4582 val_f1_weighted=0.5197 val_prec_macro=0.4763 val_rec_macro=0.4491 val_metric_name=acc val_metric=0.5254
Step 2650 | loss 0.6239 | val_acc=0.5225 val_loss=1.8157 val_f1_macro=0.4553 val_f1_weighted=0.5173 val_prec_macro=0.4704 val_rec_macro=0.4473 val_metric_name=acc val_metric=0.5225
Step 2700 | loss 0.6143 | val_acc=0.5239 val_loss=1.8364 val_f1_macro=0.4573 val_f1_weighted=0.5191 val_prec_macro=0.4712 val_rec_macro=0.4501 val_metric_name=acc val_metric=0.5239
Step 2750 | loss 0.5878 | val_acc=0.5254 val_loss=1.8588 val_f1_macro=0.4605 val_f1_weighted=0.5203 val_prec_macro=0.4772 val_rec_macro=0.4519 val_metric_name=acc val_metric=0.5254
Step 2800 | loss 0.5810 | val_acc=0.5262 val_loss=1.8761 val_f1_macro=0.4611 val_f1_weighted=0.5217 val_prec_macro=0.4752 val_rec_macro=0.4532 val_metric_name=acc val_metric=0.5262
Step 2850 | loss 0.5705 | val_acc=0.5285 val_loss=1.9100 val_f1_macro=0.4636 val_f1_weighted=0.5238 val_prec_macro=0.4780 val_rec_macro=0.4557 val_metric_name=acc val_metric=0.5285
Step 2900 | loss 0.5599 | val_acc=0.5277 val_loss=1.9331 val_f1_macro=0.4621 val_f1_weighted=0.5229 val_prec_macro=0.4768 val_rec_macro=0.4544 val_metric_name=acc val_metric=0.5277
Step 2950 | loss 0.5405 | val_acc=0.5278 val_loss=1.9579 val_f1_macro=0.4634 val_f1_weighted=0.5237 val_prec_macro=0.4767 val_rec_macro=0.4559 val_metric_name=acc val_metric=0.5278
Step 3000 | loss 0.5298 | val_acc=0.5264 val_loss=1.9848 val_f1_macro=0.4627 val_f1_weighted=0.5221 val_prec_macro=0.4756 val_rec_macro=0.4554 val_metric_name=acc val_metric=0.5264
Step 3050 | loss 0.5166 | val_acc=0.5275 val_loss=2.0123 val_f1_macro=0.4626 val_f1_weighted=0.5234 val_prec_macro=0.4744 val_rec_macro=0.4565 val_metric_name=acc val_metric=0.5275
Step 3100 | loss 0.5005 | val_acc=0.5288 val_loss=2.0392 val_f1_macro=0.4635 val_f1_weighted=0.5251 val_prec_macro=0.4741 val_rec_macro=0.4582 val_metric_name=acc val_metric=0.5288
Step 3150 | loss 0.4926 | val_acc=0.5313 val_loss=2.0580 val_f1_macro=0.4673 val_f1_weighted=0.5272 val_prec_macro=0.4793 val_rec_macro=0.4604 val_metric_name=acc val_metric=0.5313
Step 3200 | loss 0.4846 | val_acc=0.5301 val_loss=2.0851 val_f1_macro=0.4658 val_f1_weighted=0.5265 val_prec_macro=0.4764 val_rec_macro=0.4601 val_metric_name=acc val_metric=0.5301
Step 3250 | loss 0.4782 | val_acc=0.5329 val_loss=2.1176 val_f1_macro=0.4690 val_f1_weighted=0.5286 val_prec_macro=0.4830 val_rec_macro=0.4608 val_metric_name=acc val_metric=0.5329
Step 3300 | loss 0.4706 | val_acc=0.5303 val_loss=2.1435 val_f1_macro=0.4651 val_f1_weighted=0.5267 val_prec_macro=0.4750 val_rec_macro=0.4596 val_metric_name=acc val_metric=0.5303
Step 3350 | loss 0.4549 | val_acc=0.5309 val_loss=2.1606 val_f1_macro=0.4657 val_f1_weighted=0.5270 val_prec_macro=0.4763 val_rec_macro=0.4596 val_metric_name=acc val_metric=0.5309
Step 3400 | loss 0.4346 | val_acc=0.5318 val_loss=2.1909 val_f1_macro=0.4678 val_f1_weighted=0.5280 val_prec_macro=0.4794 val_rec_macro=0.4607 val_metric_name=acc val_metric=0.5318
Step 3450 | loss 0.4370 | val_acc=0.5323 val_loss=2.2113 val_f1_macro=0.4681 val_f1_weighted=0.5288 val_prec_macro=0.4783 val_rec_macro=0.4622 val_metric_name=acc val_metric=0.5323
Step 3500 | loss 0.4215 | val_acc=0.5337 val_loss=2.2388 val_f1_macro=0.4714 val_f1_weighted=0.5303 val_prec_macro=0.4821 val_rec_macro=0.4646 val_metric_name=acc val_metric=0.5337
Step 3550 | loss 0.3980 | val_acc=0.5332 val_loss=2.2671 val_f1_macro=0.4715 val_f1_weighted=0.5303 val_prec_macro=0.4804 val_rec_macro=0.4663 val_metric_name=acc val_metric=0.5332
Step 3600 | loss 0.4023 | val_acc=0.5349 val_loss=2.2804 val_f1_macro=0.4721 val_f1_weighted=0.5315 val_prec_macro=0.4822 val_rec_macro=0.4660 val_metric_name=acc val_metric=0.5349
Step 3650 | loss 0.3898 | val_acc=0.5345 val_loss=2.3062 val_f1_macro=0.4726 val_f1_weighted=0.5312 val_prec_macro=0.4829 val_rec_macro=0.4665 val_metric_name=acc val_metric=0.5345
Step 3700 | loss 0.3823 | val_acc=0.5323 val_loss=2.3358 val_f1_macro=0.4708 val_f1_weighted=0.5295 val_prec_macro=0.4787 val_rec_macro=0.4661 val_metric_name=acc val_metric=0.5323
Step 3750 | loss 0.3694 | val_acc=0.5324 val_loss=2.3514 val_f1_macro=0.4719 val_f1_weighted=0.5296 val_prec_macro=0.4805 val_rec_macro=0.4666 val_metric_name=acc val_metric=0.5324
Early stopping at step 3770

--- Final (best ckpt @ step 3470) ---
  train_acc=0.9502 train_loss=0.1452 train_f1_macro=0.9499 train_f1_weighted=0.9502 train_prec_macro=0.9460 train_rec_macro=0.9546 train_metric_name=acc train_metric=0.9502
  val_acc=0.5354 val_loss=2.2240 val_f1_macro=0.4707 val_f1_weighted=0.5316 val_prec_macro=0.4826 val_rec_macro=0.4637 val_metric_name=acc val_metric=0.5354
  test_acc=0.5287 test_loss=2.1898 test_f1_macro=0.4730 test_f1_weighted=0.5259 test_prec_macro=0.4822 test_rec_macro=0.4673 test_metric_name=acc test_metric=0.5287
  test_acc=0.5287

============================================================
Training amazon-ratings GAT-sep 4L h=512 lr=3e-05 split=5
============================================================
Training for 5000 steps
Step    1 | loss 1.7130 | val_acc=0.3683 val_loss=1.4842 val_f1_macro=0.1108 val_f1_weighted=0.2022 val_prec_macro=0.1441 val_rec_macro=0.2006 val_metric_name=acc val_metric=0.3683
Step   50 | loss 1.3998 | val_acc=0.3840 val_loss=1.3839 val_f1_macro=0.1553 val_f1_weighted=0.2614 val_prec_macro=0.2659 val_rec_macro=0.2176 val_metric_name=acc val_metric=0.3840
Step  100 | loss 1.3475 | val_acc=0.4155 val_loss=1.3638 val_f1_macro=0.2137 val_f1_weighted=0.3344 val_prec_macro=0.4330 val_rec_macro=0.2584 val_metric_name=acc val_metric=0.4155
Step  150 | loss 1.3060 | val_acc=0.4338 val_loss=1.3613 val_f1_macro=0.2655 val_f1_weighted=0.3799 val_prec_macro=0.4256 val_rec_macro=0.2901 val_metric_name=acc val_metric=0.4338
Step  200 | loss 1.2613 | val_acc=0.4452 val_loss=1.3677 val_f1_macro=0.3000 val_f1_weighted=0.4068 val_prec_macro=0.4073 val_rec_macro=0.3107 val_metric_name=acc val_metric=0.4452
Step  250 | loss 1.2124 | val_acc=0.4558 val_loss=1.3879 val_f1_macro=0.3255 val_f1_weighted=0.4202 val_prec_macro=0.4314 val_rec_macro=0.3282 val_metric_name=acc val_metric=0.4558
Step  300 | loss 1.1648 | val_acc=0.4646 val_loss=1.3909 val_f1_macro=0.3447 val_f1_weighted=0.4358 val_prec_macro=0.4195 val_rec_macro=0.3421 val_metric_name=acc val_metric=0.4646
Step  350 | loss 1.1148 | val_acc=0.4687 val_loss=1.4022 val_f1_macro=0.3648 val_f1_weighted=0.4493 val_prec_macro=0.4072 val_rec_macro=0.3584 val_metric_name=acc val_metric=0.4687
Step  400 | loss 1.0721 | val_acc=0.4795 val_loss=1.4355 val_f1_macro=0.3815 val_f1_weighted=0.4594 val_prec_macro=0.4309 val_rec_macro=0.3725 val_metric_name=acc val_metric=0.4795
Step  450 | loss 1.0193 | val_acc=0.4893 val_loss=1.4409 val_f1_macro=0.4012 val_f1_weighted=0.4758 val_prec_macro=0.4377 val_rec_macro=0.3899 val_metric_name=acc val_metric=0.4893
Step  500 | loss 0.9702 | val_acc=0.4963 val_loss=1.4815 val_f1_macro=0.4185 val_f1_weighted=0.4838 val_prec_macro=0.4553 val_rec_macro=0.4064 val_metric_name=acc val_metric=0.4963
Step  550 | loss 0.9197 | val_acc=0.5006 val_loss=1.5103 val_f1_macro=0.4268 val_f1_weighted=0.4916 val_prec_macro=0.4527 val_rec_macro=0.4162 val_metric_name=acc val_metric=0.5006
Step  600 | loss 0.8594 | val_acc=0.5047 val_loss=1.5473 val_f1_macro=0.4355 val_f1_weighted=0.4973 val_prec_macro=0.4619 val_rec_macro=0.4230 val_metric_name=acc val_metric=0.5047
Step  650 | loss 0.7988 | val_acc=0.5092 val_loss=1.6217 val_f1_macro=0.4398 val_f1_weighted=0.5023 val_prec_macro=0.4605 val_rec_macro=0.4321 val_metric_name=acc val_metric=0.5092
Step  700 | loss 0.7603 | val_acc=0.5148 val_loss=1.6810 val_f1_macro=0.4463 val_f1_weighted=0.5081 val_prec_macro=0.4728 val_rec_macro=0.4335 val_metric_name=acc val_metric=0.5148
Step  750 | loss 0.6881 | val_acc=0.5176 val_loss=1.7560 val_f1_macro=0.4528 val_f1_weighted=0.5121 val_prec_macro=0.4711 val_rec_macro=0.4435 val_metric_name=acc val_metric=0.5176
Step  800 | loss 0.6298 | val_acc=0.5244 val_loss=1.8432 val_f1_macro=0.4622 val_f1_weighted=0.5204 val_prec_macro=0.4760 val_rec_macro=0.4549 val_metric_name=acc val_metric=0.5244
Step  850 | loss 0.5815 | val_acc=0.5269 val_loss=1.9500 val_f1_macro=0.4663 val_f1_weighted=0.5231 val_prec_macro=0.4811 val_rec_macro=0.4577 val_metric_name=acc val_metric=0.5269
Step  900 | loss 0.5240 | val_acc=0.5233 val_loss=2.0464 val_f1_macro=0.4653 val_f1_weighted=0.5204 val_prec_macro=0.4768 val_rec_macro=0.4578 val_metric_name=acc val_metric=0.5233
Step  950 | loss 0.4834 | val_acc=0.5238 val_loss=2.1742 val_f1_macro=0.4658 val_f1_weighted=0.5215 val_prec_macro=0.4734 val_rec_macro=0.4617 val_metric_name=acc val_metric=0.5238
Step 1000 | loss 0.4265 | val_acc=0.5264 val_loss=2.2860 val_f1_macro=0.4681 val_f1_weighted=0.5240 val_prec_macro=0.4764 val_rec_macro=0.4632 val_metric_name=acc val_metric=0.5264
Step 1050 | loss 0.3921 | val_acc=0.5303 val_loss=2.3797 val_f1_macro=0.4716 val_f1_weighted=0.5283 val_prec_macro=0.4773 val_rec_macro=0.4689 val_metric_name=acc val_metric=0.5303
Step 1100 | loss 0.3484 | val_acc=0.5313 val_loss=2.5124 val_f1_macro=0.4718 val_f1_weighted=0.5291 val_prec_macro=0.4796 val_rec_macro=0.4673 val_metric_name=acc val_metric=0.5313
Step 1150 | loss 0.3126 | val_acc=0.5331 val_loss=2.6114 val_f1_macro=0.4734 val_f1_weighted=0.5308 val_prec_macro=0.4808 val_rec_macro=0.4692 val_metric_name=acc val_metric=0.5331
Step 1200 | loss 0.2833 | val_acc=0.5323 val_loss=2.7288 val_f1_macro=0.4745 val_f1_weighted=0.5306 val_prec_macro=0.4796 val_rec_macro=0.4719 val_metric_name=acc val_metric=0.5323
Step 1250 | loss 0.2581 | val_acc=0.5323 val_loss=2.8088 val_f1_macro=0.4741 val_f1_weighted=0.5303 val_prec_macro=0.4814 val_rec_macro=0.4694 val_metric_name=acc val_metric=0.5323
Step 1300 | loss 0.2374 | val_acc=0.5337 val_loss=2.9004 val_f1_macro=0.4738 val_f1_weighted=0.5316 val_prec_macro=0.4817 val_rec_macro=0.4692 val_metric_name=acc val_metric=0.5337
Step 1350 | loss 0.2094 | val_acc=0.5358 val_loss=3.0231 val_f1_macro=0.4743 val_f1_weighted=0.5337 val_prec_macro=0.4812 val_rec_macro=0.4710 val_metric_name=acc val_metric=0.5358
Step 1400 | loss 0.1991 | val_acc=0.5380 val_loss=3.0880 val_f1_macro=0.4797 val_f1_weighted=0.5359 val_prec_macro=0.4871 val_rec_macro=0.4749 val_metric_name=acc val_metric=0.5380
Step 1450 | loss 0.1794 | val_acc=0.5367 val_loss=3.1724 val_f1_macro=0.4775 val_f1_weighted=0.5348 val_prec_macro=0.4839 val_rec_macro=0.4736 val_metric_name=acc val_metric=0.5367
Step 1500 | loss 0.1559 | val_acc=0.5360 val_loss=3.2286 val_f1_macro=0.4767 val_f1_weighted=0.5338 val_prec_macro=0.4845 val_rec_macro=0.4719 val_metric_name=acc val_metric=0.5360
Step 1550 | loss 0.1505 | val_acc=0.5342 val_loss=3.3265 val_f1_macro=0.4743 val_f1_weighted=0.5319 val_prec_macro=0.4819 val_rec_macro=0.4698 val_metric_name=acc val_metric=0.5342
Step 1600 | loss 0.1400 | val_acc=0.5349 val_loss=3.3715 val_f1_macro=0.4766 val_f1_weighted=0.5325 val_prec_macro=0.4855 val_rec_macro=0.4709 val_metric_name=acc val_metric=0.5349
Step 1650 | loss 0.1253 | val_acc=0.5373 val_loss=3.4477 val_f1_macro=0.4776 val_f1_weighted=0.5349 val_prec_macro=0.4863 val_rec_macro=0.4723 val_metric_name=acc val_metric=0.5373
Step 1700 | loss 0.1229 | val_acc=0.5372 val_loss=3.5156 val_f1_macro=0.4763 val_f1_weighted=0.5348 val_prec_macro=0.4846 val_rec_macro=0.4708 val_metric_name=acc val_metric=0.5372
Step 1750 | loss 0.1088 | val_acc=0.5357 val_loss=3.5826 val_f1_macro=0.4776 val_f1_weighted=0.5337 val_prec_macro=0.4851 val_rec_macro=0.4726 val_metric_name=acc val_metric=0.5357
Step 1800 | loss 0.1064 | val_acc=0.5337 val_loss=3.6497 val_f1_macro=0.4762 val_f1_weighted=0.5318 val_prec_macro=0.4835 val_rec_macro=0.4714 val_metric_name=acc val_metric=0.5337
Step 1850 | loss 0.0956 | val_acc=0.5381 val_loss=3.7099 val_f1_macro=0.4811 val_f1_weighted=0.5359 val_prec_macro=0.4886 val_rec_macro=0.4772 val_metric_name=acc val_metric=0.5381
Step 1900 | loss 0.1012 | val_acc=0.5388 val_loss=3.7204 val_f1_macro=0.4798 val_f1_weighted=0.5367 val_prec_macro=0.4875 val_rec_macro=0.4748 val_metric_name=acc val_metric=0.5388
Step 1950 | loss 0.0890 | val_acc=0.5383 val_loss=3.7626 val_f1_macro=0.4798 val_f1_weighted=0.5363 val_prec_macro=0.4874 val_rec_macro=0.4747 val_metric_name=acc val_metric=0.5383
Step 2000 | loss 0.0842 | val_acc=0.5383 val_loss=3.8396 val_f1_macro=0.4792 val_f1_weighted=0.5362 val_prec_macro=0.4870 val_rec_macro=0.4744 val_metric_name=acc val_metric=0.5383
Step 2050 | loss 0.0745 | val_acc=0.5381 val_loss=3.8649 val_f1_macro=0.4795 val_f1_weighted=0.5362 val_prec_macro=0.4858 val_rec_macro=0.4757 val_metric_name=acc val_metric=0.5381
Step 2100 | loss 0.0745 | val_acc=0.5398 val_loss=3.9188 val_f1_macro=0.4802 val_f1_weighted=0.5375 val_prec_macro=0.4883 val_rec_macro=0.4754 val_metric_name=acc val_metric=0.5398
Step 2150 | loss 0.0742 | val_acc=0.5399 val_loss=3.9440 val_f1_macro=0.4811 val_f1_weighted=0.5375 val_prec_macro=0.4905 val_rec_macro=0.4749 val_metric_name=acc val_metric=0.5399
Step 2200 | loss 0.0682 | val_acc=0.5403 val_loss=4.0120 val_f1_macro=0.4817 val_f1_weighted=0.5384 val_prec_macro=0.4889 val_rec_macro=0.4767 val_metric_name=acc val_metric=0.5403
Step 2250 | loss 0.0667 | val_acc=0.5419 val_loss=4.0223 val_f1_macro=0.4836 val_f1_weighted=0.5400 val_prec_macro=0.4907 val_rec_macro=0.4790 val_metric_name=acc val_metric=0.5419
Step 2300 | loss 0.0648 | val_acc=0.5430 val_loss=4.0612 val_f1_macro=0.4855 val_f1_weighted=0.5409 val_prec_macro=0.4942 val_rec_macro=0.4798 val_metric_name=acc val_metric=0.5430
Step 2350 | loss 0.0568 | val_acc=0.5394 val_loss=4.0907 val_f1_macro=0.4815 val_f1_weighted=0.5373 val_prec_macro=0.4901 val_rec_macro=0.4757 val_metric_name=acc val_metric=0.5394
Step 2400 | loss 0.0542 | val_acc=0.5411 val_loss=4.1070 val_f1_macro=0.4832 val_f1_weighted=0.5388 val_prec_macro=0.4923 val_rec_macro=0.4771 val_metric_name=acc val_metric=0.5411
Step 2450 | loss 0.0551 | val_acc=0.5403 val_loss=4.1414 val_f1_macro=0.4806 val_f1_weighted=0.5377 val_prec_macro=0.4907 val_rec_macro=0.4742 val_metric_name=acc val_metric=0.5403
Step 2500 | loss 0.0507 | val_acc=0.5422 val_loss=4.2082 val_f1_macro=0.4847 val_f1_weighted=0.5397 val_prec_macro=0.4955 val_rec_macro=0.4777 val_metric_name=acc val_metric=0.5422
Step 2550 | loss 0.0492 | val_acc=0.5394 val_loss=4.2034 val_f1_macro=0.4820 val_f1_weighted=0.5370 val_prec_macro=0.4926 val_rec_macro=0.4748 val_metric_name=acc val_metric=0.5394
Step 2600 | loss 0.0457 | val_acc=0.5406 val_loss=4.2612 val_f1_macro=0.4832 val_f1_weighted=0.5383 val_prec_macro=0.4925 val_rec_macro=0.4769 val_metric_name=acc val_metric=0.5406
Step 2650 | loss 0.0450 | val_acc=0.5422 val_loss=4.2579 val_f1_macro=0.4826 val_f1_weighted=0.5396 val_prec_macro=0.4929 val_rec_macro=0.4758 val_metric_name=acc val_metric=0.5422
Step 2700 | loss 0.0476 | val_acc=0.5432 val_loss=4.2928 val_f1_macro=0.4837 val_f1_weighted=0.5406 val_prec_macro=0.4943 val_rec_macro=0.4765 val_metric_name=acc val_metric=0.5432
Step 2750 | loss 0.0391 | val_acc=0.5401 val_loss=4.3486 val_f1_macro=0.4832 val_f1_weighted=0.5378 val_prec_macro=0.4928 val_rec_macro=0.4769 val_metric_name=acc val_metric=0.5401
Step 2800 | loss 0.0410 | val_acc=0.5434 val_loss=4.3547 val_f1_macro=0.4848 val_f1_weighted=0.5413 val_prec_macro=0.4931 val_rec_macro=0.4790 val_metric_name=acc val_metric=0.5434
Step 2850 | loss 0.0383 | val_acc=0.5412 val_loss=4.3874 val_f1_macro=0.4839 val_f1_weighted=0.5392 val_prec_macro=0.4920 val_rec_macro=0.4783 val_metric_name=acc val_metric=0.5412
Early stopping at step 2876

--- Final (best ckpt @ step 2480) ---
  train_acc=0.9993 train_loss=0.0021 train_f1_macro=0.9994 train_f1_weighted=0.9993 train_prec_macro=0.9992 train_rec_macro=0.9996 train_metric_name=acc train_metric=0.9993
  val_acc=0.5442 val_loss=4.1968 val_f1_macro=0.4876 val_f1_weighted=0.5418 val_prec_macro=0.4981 val_rec_macro=0.4804 val_metric_name=acc val_metric=0.5442
  test_acc=0.5404 test_loss=4.1176 test_f1_macro=0.4892 test_f1_weighted=0.5385 test_prec_macro=0.4985 test_rec_macro=0.4829 test_metric_name=acc test_metric=0.5404
  test_acc=0.5404

============================================================
Training amazon-ratings GAT-sep 4L h=512 lr=6e-05 split=5
============================================================
Training for 5000 steps
Step    1 | loss 1.7130 | val_acc=0.3680 val_loss=1.8589 val_f1_macro=0.1076 val_f1_weighted=0.1979 val_prec_macro=0.0736 val_rec_macro=0.2000 val_metric_name=acc val_metric=0.3680
Step   50 | loss 1.3770 | val_acc=0.4009 val_loss=1.3695 val_f1_macro=0.1905 val_f1_weighted=0.3068 val_prec_macro=0.2342 val_rec_macro=0.2374 val_metric_name=acc val_metric=0.4009
Step  100 | loss 1.3075 | val_acc=0.4308 val_loss=1.3565 val_f1_macro=0.2529 val_f1_weighted=0.3712 val_prec_macro=0.3491 val_rec_macro=0.2821 val_metric_name=acc val_metric=0.4308
Step  150 | loss 1.2409 | val_acc=0.4486 val_loss=1.3569 val_f1_macro=0.3158 val_f1_weighted=0.4181 val_prec_macro=0.4138 val_rec_macro=0.3199 val_metric_name=acc val_metric=0.4486
Step  200 | loss 1.1702 | val_acc=0.4619 val_loss=1.3868 val_f1_macro=0.3433 val_f1_weighted=0.4319 val_prec_macro=0.4206 val_rec_macro=0.3410 val_metric_name=acc val_metric=0.4619
Step  250 | loss 1.0923 | val_acc=0.4751 val_loss=1.4164 val_f1_macro=0.3650 val_f1_weighted=0.4505 val_prec_macro=0.4314 val_rec_macro=0.3553 val_metric_name=acc val_metric=0.4751
Step  300 | loss 1.0025 | val_acc=0.4931 val_loss=1.4650 val_f1_macro=0.3980 val_f1_weighted=0.4735 val_prec_macro=0.4598 val_rec_macro=0.3837 val_metric_name=acc val_metric=0.4931
Step  350 | loss 0.9157 | val_acc=0.4996 val_loss=1.5006 val_f1_macro=0.4249 val_f1_weighted=0.4908 val_prec_macro=0.4514 val_rec_macro=0.4143 val_metric_name=acc val_metric=0.4996
Step  400 | loss 0.8164 | val_acc=0.5086 val_loss=1.5801 val_f1_macro=0.4405 val_f1_weighted=0.5009 val_prec_macro=0.4716 val_rec_macro=0.4275 val_metric_name=acc val_metric=0.5086
Step  450 | loss 0.7171 | val_acc=0.5180 val_loss=1.7161 val_f1_macro=0.4503 val_f1_weighted=0.5125 val_prec_macro=0.4661 val_rec_macro=0.4442 val_metric_name=acc val_metric=0.5180
Step  500 | loss 0.6260 | val_acc=0.5202 val_loss=1.8681 val_f1_macro=0.4550 val_f1_weighted=0.5151 val_prec_macro=0.4697 val_rec_macro=0.4482 val_metric_name=acc val_metric=0.5202
Step  550 | loss 0.5295 | val_acc=0.5280 val_loss=2.0647 val_f1_macro=0.4645 val_f1_weighted=0.5244 val_prec_macro=0.4744 val_rec_macro=0.4599 val_metric_name=acc val_metric=0.5280
Step  600 | loss 0.4358 | val_acc=0.5274 val_loss=2.2219 val_f1_macro=0.4663 val_f1_weighted=0.5248 val_prec_macro=0.4758 val_rec_macro=0.4607 val_metric_name=acc val_metric=0.5274
Step  650 | loss 0.3618 | val_acc=0.5365 val_loss=2.4516 val_f1_macro=0.4762 val_f1_weighted=0.5344 val_prec_macro=0.4855 val_rec_macro=0.4711 val_metric_name=acc val_metric=0.5365
Step  700 | loss 0.3134 | val_acc=0.5358 val_loss=2.6125 val_f1_macro=0.4766 val_f1_weighted=0.5326 val_prec_macro=0.4909 val_rec_macro=0.4679 val_metric_name=acc val_metric=0.5358
Step  750 | loss 0.2520 | val_acc=0.5365 val_loss=2.7924 val_f1_macro=0.4779 val_f1_weighted=0.5337 val_prec_macro=0.4887 val_rec_macro=0.4715 val_metric_name=acc val_metric=0.5365
Step  800 | loss 0.2167 | val_acc=0.5313 val_loss=2.9668 val_f1_macro=0.4734 val_f1_weighted=0.5299 val_prec_macro=0.4777 val_rec_macro=0.4703 val_metric_name=acc val_metric=0.5313
Step  850 | loss 0.1839 | val_acc=0.5360 val_loss=3.0911 val_f1_macro=0.4772 val_f1_weighted=0.5335 val_prec_macro=0.4871 val_rec_macro=0.4709 val_metric_name=acc val_metric=0.5360
Step  900 | loss 0.1535 | val_acc=0.5393 val_loss=3.2475 val_f1_macro=0.4812 val_f1_weighted=0.5372 val_prec_macro=0.4904 val_rec_macro=0.4751 val_metric_name=acc val_metric=0.5393
Step  950 | loss 0.1366 | val_acc=0.5399 val_loss=3.3627 val_f1_macro=0.4821 val_f1_weighted=0.5378 val_prec_macro=0.4906 val_rec_macro=0.4763 val_metric_name=acc val_metric=0.5399
Step 1000 | loss 0.1255 | val_acc=0.5385 val_loss=3.4647 val_f1_macro=0.4825 val_f1_weighted=0.5363 val_prec_macro=0.4910 val_rec_macro=0.4769 val_metric_name=acc val_metric=0.5385
Step 1050 | loss 0.1119 | val_acc=0.5409 val_loss=3.5424 val_f1_macro=0.4843 val_f1_weighted=0.5383 val_prec_macro=0.4954 val_rec_macro=0.4772 val_metric_name=acc val_metric=0.5409
Step 1100 | loss 0.0889 | val_acc=0.5403 val_loss=3.6399 val_f1_macro=0.4837 val_f1_weighted=0.5375 val_prec_macro=0.4960 val_rec_macro=0.4763 val_metric_name=acc val_metric=0.5403
Step 1150 | loss 0.0842 | val_acc=0.5412 val_loss=3.7241 val_f1_macro=0.4824 val_f1_weighted=0.5382 val_prec_macro=0.4945 val_rec_macro=0.4749 val_metric_name=acc val_metric=0.5412
Step 1200 | loss 0.0718 | val_acc=0.5380 val_loss=3.7743 val_f1_macro=0.4806 val_f1_weighted=0.5355 val_prec_macro=0.4905 val_rec_macro=0.4741 val_metric_name=acc val_metric=0.5380
Step 1250 | loss 0.0697 | val_acc=0.5407 val_loss=3.8309 val_f1_macro=0.4823 val_f1_weighted=0.5385 val_prec_macro=0.4919 val_rec_macro=0.4755 val_metric_name=acc val_metric=0.5407
Step 1300 | loss 0.0645 | val_acc=0.5385 val_loss=3.8838 val_f1_macro=0.4812 val_f1_weighted=0.5364 val_prec_macro=0.4894 val_rec_macro=0.4752 val_metric_name=acc val_metric=0.5385
Step 1350 | loss 0.0564 | val_acc=0.5404 val_loss=3.9588 val_f1_macro=0.4829 val_f1_weighted=0.5380 val_prec_macro=0.4922 val_rec_macro=0.4767 val_metric_name=acc val_metric=0.5404
Step 1400 | loss 0.0568 | val_acc=0.5403 val_loss=3.9929 val_f1_macro=0.4811 val_f1_weighted=0.5378 val_prec_macro=0.4905 val_rec_macro=0.4753 val_metric_name=acc val_metric=0.5403
Step 1450 | loss 0.0494 | val_acc=0.5425 val_loss=4.0647 val_f1_macro=0.4853 val_f1_weighted=0.5404 val_prec_macro=0.4940 val_rec_macro=0.4795 val_metric_name=acc val_metric=0.5425
Step 1500 | loss 0.0453 | val_acc=0.5432 val_loss=4.0793 val_f1_macro=0.4843 val_f1_weighted=0.5405 val_prec_macro=0.4948 val_rec_macro=0.4774 val_metric_name=acc val_metric=0.5432
Step 1550 | loss 0.0408 | val_acc=0.5427 val_loss=4.1538 val_f1_macro=0.4837 val_f1_weighted=0.5399 val_prec_macro=0.4952 val_rec_macro=0.4760 val_metric_name=acc val_metric=0.5427
Step 1600 | loss 0.0430 | val_acc=0.5422 val_loss=4.2081 val_f1_macro=0.4843 val_f1_weighted=0.5396 val_prec_macro=0.4969 val_rec_macro=0.4761 val_metric_name=acc val_metric=0.5422
Step 1650 | loss 0.0384 | val_acc=0.5443 val_loss=4.2569 val_f1_macro=0.4874 val_f1_weighted=0.5419 val_prec_macro=0.4986 val_rec_macro=0.4796 val_metric_name=acc val_metric=0.5443
Step 1700 | loss 0.0389 | val_acc=0.5434 val_loss=4.3092 val_f1_macro=0.4841 val_f1_weighted=0.5408 val_prec_macro=0.4943 val_rec_macro=0.4773 val_metric_name=acc val_metric=0.5434
Step 1750 | loss 0.0331 | val_acc=0.5414 val_loss=4.3091 val_f1_macro=0.4842 val_f1_weighted=0.5391 val_prec_macro=0.4943 val_rec_macro=0.4776 val_metric_name=acc val_metric=0.5414
Step 1800 | loss 0.0317 | val_acc=0.5437 val_loss=4.3455 val_f1_macro=0.4893 val_f1_weighted=0.5410 val_prec_macro=0.5038 val_rec_macro=0.4796 val_metric_name=acc val_metric=0.5437
Step 1850 | loss 0.0273 | val_acc=0.5421 val_loss=4.3643 val_f1_macro=0.4829 val_f1_weighted=0.5394 val_prec_macro=0.4928 val_rec_macro=0.4763 val_metric_name=acc val_metric=0.5421
Step 1900 | loss 0.0341 | val_acc=0.5447 val_loss=4.4008 val_f1_macro=0.4862 val_f1_weighted=0.5423 val_prec_macro=0.4972 val_rec_macro=0.4793 val_metric_name=acc val_metric=0.5447
Step 1950 | loss 0.0266 | val_acc=0.5442 val_loss=4.4114 val_f1_macro=0.4846 val_f1_weighted=0.5418 val_prec_macro=0.4953 val_rec_macro=0.4773 val_metric_name=acc val_metric=0.5442
Step 2000 | loss 0.0265 | val_acc=0.5447 val_loss=4.4567 val_f1_macro=0.4870 val_f1_weighted=0.5419 val_prec_macro=0.4999 val_rec_macro=0.4787 val_metric_name=acc val_metric=0.5447
Step 2050 | loss 0.0221 | val_acc=0.5470 val_loss=4.4959 val_f1_macro=0.4876 val_f1_weighted=0.5441 val_prec_macro=0.4988 val_rec_macro=0.4804 val_metric_name=acc val_metric=0.5470
Step 2100 | loss 0.0250 | val_acc=0.5463 val_loss=4.5072 val_f1_macro=0.4869 val_f1_weighted=0.5433 val_prec_macro=0.4994 val_rec_macro=0.4789 val_metric_name=acc val_metric=0.5463
Step 2150 | loss 0.0217 | val_acc=0.5471 val_loss=4.5238 val_f1_macro=0.4907 val_f1_weighted=0.5445 val_prec_macro=0.5049 val_rec_macro=0.4813 val_metric_name=acc val_metric=0.5471
Step 2200 | loss 0.0231 | val_acc=0.5470 val_loss=4.5994 val_f1_macro=0.4886 val_f1_weighted=0.5444 val_prec_macro=0.4990 val_rec_macro=0.4816 val_metric_name=acc val_metric=0.5470
Step 2250 | loss 0.0219 | val_acc=0.5437 val_loss=4.5890 val_f1_macro=0.4853 val_f1_weighted=0.5412 val_prec_macro=0.4962 val_rec_macro=0.4780 val_metric_name=acc val_metric=0.5437
Step 2300 | loss 0.0197 | val_acc=0.5476 val_loss=4.6241 val_f1_macro=0.4889 val_f1_weighted=0.5448 val_prec_macro=0.5012 val_rec_macro=0.4805 val_metric_name=acc val_metric=0.5476
Step 2350 | loss 0.0197 | val_acc=0.5434 val_loss=4.6684 val_f1_macro=0.4869 val_f1_weighted=0.5410 val_prec_macro=0.4994 val_rec_macro=0.4789 val_metric_name=acc val_metric=0.5434
Step 2400 | loss 0.0173 | val_acc=0.5440 val_loss=4.6504 val_f1_macro=0.4884 val_f1_weighted=0.5415 val_prec_macro=0.5015 val_rec_macro=0.4794 val_metric_name=acc val_metric=0.5440
Step 2450 | loss 0.0185 | val_acc=0.5465 val_loss=4.6815 val_f1_macro=0.4915 val_f1_weighted=0.5435 val_prec_macro=0.5068 val_rec_macro=0.4814 val_metric_name=acc val_metric=0.5465
Early stopping at step 2496

--- Final (best ckpt @ step 2140) ---
  train_acc=0.9997 train_loss=0.0007 train_f1_macro=0.9998 train_f1_weighted=0.9997 train_prec_macro=0.9998 train_rec_macro=0.9998 train_metric_name=acc train_metric=0.9997
  val_acc=0.5488 val_loss=4.5301 val_f1_macro=0.4908 val_f1_weighted=0.5460 val_prec_macro=0.5023 val_rec_macro=0.4831 val_metric_name=acc val_metric=0.5488
  test_acc=0.5390 test_loss=4.4917 test_f1_macro=0.4866 test_f1_weighted=0.5368 test_prec_macro=0.4964 test_rec_macro=0.4796 test_metric_name=acc test_metric=0.5390
  test_acc=0.5390

============================================================
Training amazon-ratings GAT-sep 4L h=512 lr=0.0001 split=5
============================================================
Training for 5000 steps
Step    1 | loss 1.7130 | val_acc=0.3680 val_loss=2.5252 val_f1_macro=0.1076 val_f1_weighted=0.1979 val_prec_macro=0.0736 val_rec_macro=0.2000 val_metric_name=acc val_metric=0.3680
Step   50 | loss 1.3818 | val_acc=0.3862 val_loss=1.3754 val_f1_macro=0.1671 val_f1_weighted=0.2763 val_prec_macro=0.2190 val_rec_macro=0.2220 val_metric_name=acc val_metric=0.3862
Step  100 | loss 1.3010 | val_acc=0.4287 val_loss=1.3496 val_f1_macro=0.2543 val_f1_weighted=0.3685 val_prec_macro=0.3906 val_rec_macro=0.2819 val_metric_name=acc val_metric=0.4287
Step  150 | loss 1.2150 | val_acc=0.4501 val_loss=1.3551 val_f1_macro=0.3217 val_f1_weighted=0.4165 val_prec_macro=0.4118 val_rec_macro=0.3250 val_metric_name=acc val_metric=0.4501
Step  200 | loss 1.1167 | val_acc=0.4673 val_loss=1.3850 val_f1_macro=0.3684 val_f1_weighted=0.4484 val_prec_macro=0.4210 val_rec_macro=0.3608 val_metric_name=acc val_metric=0.4673
Step  250 | loss 0.9960 | val_acc=0.4880 val_loss=1.4760 val_f1_macro=0.3932 val_f1_weighted=0.4680 val_prec_macro=0.4575 val_rec_macro=0.3794 val_metric_name=acc val_metric=0.4880
Step  300 | loss 0.8513 | val_acc=0.5063 val_loss=1.5599 val_f1_macro=0.4350 val_f1_weighted=0.4965 val_prec_macro=0.4723 val_rec_macro=0.4192 val_metric_name=acc val_metric=0.5063
Step  350 | loss 0.7089 | val_acc=0.5211 val_loss=1.7213 val_f1_macro=0.4559 val_f1_weighted=0.5146 val_prec_macro=0.4796 val_rec_macro=0.4442 val_metric_name=acc val_metric=0.5211
Step  400 | loss 0.5572 | val_acc=0.5265 val_loss=1.9716 val_f1_macro=0.4605 val_f1_weighted=0.5215 val_prec_macro=0.4837 val_rec_macro=0.4492 val_metric_name=acc val_metric=0.5265
Step  450 | loss 0.4349 | val_acc=0.5303 val_loss=2.2759 val_f1_macro=0.4670 val_f1_weighted=0.5267 val_prec_macro=0.4793 val_rec_macro=0.4607 val_metric_name=acc val_metric=0.5303
Step  500 | loss 0.3357 | val_acc=0.5337 val_loss=2.5338 val_f1_macro=0.4712 val_f1_weighted=0.5303 val_prec_macro=0.4838 val_rec_macro=0.4637 val_metric_name=acc val_metric=0.5337
Step  550 | loss 0.2535 | val_acc=0.5376 val_loss=2.8013 val_f1_macro=0.4796 val_f1_weighted=0.5348 val_prec_macro=0.4939 val_rec_macro=0.4704 val_metric_name=acc val_metric=0.5376
Step  600 | loss 0.1926 | val_acc=0.5381 val_loss=2.9890 val_f1_macro=0.4785 val_f1_weighted=0.5346 val_prec_macro=0.4946 val_rec_macro=0.4681 val_metric_name=acc val_metric=0.5381
Step  650 | loss 0.1557 | val_acc=0.5391 val_loss=3.2126 val_f1_macro=0.4800 val_f1_weighted=0.5364 val_prec_macro=0.4930 val_rec_macro=0.4711 val_metric_name=acc val_metric=0.5391
Step  700 | loss 0.1312 | val_acc=0.5404 val_loss=3.3803 val_f1_macro=0.4812 val_f1_weighted=0.5372 val_prec_macro=0.4955 val_rec_macro=0.4720 val_metric_name=acc val_metric=0.5404
Step  750 | loss 0.1022 | val_acc=0.5411 val_loss=3.4878 val_f1_macro=0.4807 val_f1_weighted=0.5378 val_prec_macro=0.4949 val_rec_macro=0.4711 val_metric_name=acc val_metric=0.5411
Step  800 | loss 0.0890 | val_acc=0.5399 val_loss=3.5780 val_f1_macro=0.4819 val_f1_weighted=0.5372 val_prec_macro=0.4945 val_rec_macro=0.4725 val_metric_name=acc val_metric=0.5399
Step  850 | loss 0.0736 | val_acc=0.5416 val_loss=3.7145 val_f1_macro=0.4832 val_f1_weighted=0.5390 val_prec_macro=0.4940 val_rec_macro=0.4753 val_metric_name=acc val_metric=0.5416
Step  900 | loss 0.0628 | val_acc=0.5452 val_loss=3.7474 val_f1_macro=0.4842 val_f1_weighted=0.5412 val_prec_macro=0.5020 val_rec_macro=0.4724 val_metric_name=acc val_metric=0.5452
Step  950 | loss 0.0532 | val_acc=0.5411 val_loss=3.8620 val_f1_macro=0.4825 val_f1_weighted=0.5380 val_prec_macro=0.4983 val_rec_macro=0.4723 val_metric_name=acc val_metric=0.5411
Step 1000 | loss 0.0554 | val_acc=0.5417 val_loss=3.9396 val_f1_macro=0.4840 val_f1_weighted=0.5388 val_prec_macro=0.4966 val_rec_macro=0.4753 val_metric_name=acc val_metric=0.5417
Step 1050 | loss 0.0486 | val_acc=0.5435 val_loss=3.9685 val_f1_macro=0.4842 val_f1_weighted=0.5406 val_prec_macro=0.4965 val_rec_macro=0.4760 val_metric_name=acc val_metric=0.5435
Step 1100 | loss 0.0347 | val_acc=0.5435 val_loss=4.0462 val_f1_macro=0.4841 val_f1_weighted=0.5409 val_prec_macro=0.4948 val_rec_macro=0.4765 val_metric_name=acc val_metric=0.5435
Step 1150 | loss 0.0362 | val_acc=0.5437 val_loss=4.0981 val_f1_macro=0.4845 val_f1_weighted=0.5408 val_prec_macro=0.4987 val_rec_macro=0.4754 val_metric_name=acc val_metric=0.5437
Step 1200 | loss 0.0356 | val_acc=0.5435 val_loss=4.1196 val_f1_macro=0.4843 val_f1_weighted=0.5401 val_prec_macro=0.4997 val_rec_macro=0.4745 val_metric_name=acc val_metric=0.5435
Step 1250 | loss 0.0344 | val_acc=0.5442 val_loss=4.1611 val_f1_macro=0.4867 val_f1_weighted=0.5413 val_prec_macro=0.5006 val_rec_macro=0.4769 val_metric_name=acc val_metric=0.5442
Step 1300 | loss 0.0283 | val_acc=0.5448 val_loss=4.1610 val_f1_macro=0.4857 val_f1_weighted=0.5416 val_prec_macro=0.5009 val_rec_macro=0.4753 val_metric_name=acc val_metric=0.5448
Step 1350 | loss 0.0270 | val_acc=0.5445 val_loss=4.2327 val_f1_macro=0.4867 val_f1_weighted=0.5418 val_prec_macro=0.4984 val_rec_macro=0.4783 val_metric_name=acc val_metric=0.5445
Step 1400 | loss 0.0249 | val_acc=0.5419 val_loss=4.2751 val_f1_macro=0.4867 val_f1_weighted=0.5390 val_prec_macro=0.5030 val_rec_macro=0.4759 val_metric_name=acc val_metric=0.5419
Step 1450 | loss 0.0239 | val_acc=0.5450 val_loss=4.3260 val_f1_macro=0.4852 val_f1_weighted=0.5411 val_prec_macro=0.5019 val_rec_macro=0.4741 val_metric_name=acc val_metric=0.5450
Step 1500 | loss 0.0236 | val_acc=0.5474 val_loss=4.3117 val_f1_macro=0.4899 val_f1_weighted=0.5438 val_prec_macro=0.5085 val_rec_macro=0.4777 val_metric_name=acc val_metric=0.5474
Step 1550 | loss 0.0224 | val_acc=0.5445 val_loss=4.3540 val_f1_macro=0.4854 val_f1_weighted=0.5412 val_prec_macro=0.5005 val_rec_macro=0.4749 val_metric_name=acc val_metric=0.5445
Step 1600 | loss 0.0222 | val_acc=0.5416 val_loss=4.3797 val_f1_macro=0.4820 val_f1_weighted=0.5383 val_prec_macro=0.4977 val_rec_macro=0.4716 val_metric_name=acc val_metric=0.5416
Step 1650 | loss 0.0170 | val_acc=0.5417 val_loss=4.4082 val_f1_macro=0.4824 val_f1_weighted=0.5384 val_prec_macro=0.4981 val_rec_macro=0.4721 val_metric_name=acc val_metric=0.5417
Step 1700 | loss 0.0194 | val_acc=0.5448 val_loss=4.3931 val_f1_macro=0.4834 val_f1_weighted=0.5412 val_prec_macro=0.5018 val_rec_macro=0.4715 val_metric_name=acc val_metric=0.5448
Step 1750 | loss 0.0163 | val_acc=0.5434 val_loss=4.4648 val_f1_macro=0.4861 val_f1_weighted=0.5410 val_prec_macro=0.4979 val_rec_macro=0.4777 val_metric_name=acc val_metric=0.5434
Step 1800 | loss 0.0146 | val_acc=0.5430 val_loss=4.5074 val_f1_macro=0.4860 val_f1_weighted=0.5399 val_prec_macro=0.5025 val_rec_macro=0.4751 val_metric_name=acc val_metric=0.5430
Step 1850 | loss 0.0140 | val_acc=0.5432 val_loss=4.4925 val_f1_macro=0.4846 val_f1_weighted=0.5400 val_prec_macro=0.5003 val_rec_macro=0.4740 val_metric_name=acc val_metric=0.5432
Step 1900 | loss 0.0162 | val_acc=0.5460 val_loss=4.4976 val_f1_macro=0.4870 val_f1_weighted=0.5430 val_prec_macro=0.5003 val_rec_macro=0.4779 val_metric_name=acc val_metric=0.5460
Step 1950 | loss 0.0131 | val_acc=0.5447 val_loss=4.5013 val_f1_macro=0.4899 val_f1_weighted=0.5414 val_prec_macro=0.5103 val_rec_macro=0.4767 val_metric_name=acc val_metric=0.5447
Step 2000 | loss 0.0117 | val_acc=0.5435 val_loss=4.6043 val_f1_macro=0.4840 val_f1_weighted=0.5400 val_prec_macro=0.5030 val_rec_macro=0.4722 val_metric_name=acc val_metric=0.5435
Step 2050 | loss 0.0117 | val_acc=0.5468 val_loss=4.5984 val_f1_macro=0.4878 val_f1_weighted=0.5436 val_prec_macro=0.5026 val_rec_macro=0.4777 val_metric_name=acc val_metric=0.5468
Step 2100 | loss 0.0118 | val_acc=0.5471 val_loss=4.6135 val_f1_macro=0.4878 val_f1_weighted=0.5439 val_prec_macro=0.5052 val_rec_macro=0.4763 val_metric_name=acc val_metric=0.5471
Step 2150 | loss 0.0114 | val_acc=0.5489 val_loss=4.5904 val_f1_macro=0.4908 val_f1_weighted=0.5456 val_prec_macro=0.5066 val_rec_macro=0.4796 val_metric_name=acc val_metric=0.5489
Step 2200 | loss 0.0133 | val_acc=0.5442 val_loss=4.6649 val_f1_macro=0.4849 val_f1_weighted=0.5408 val_prec_macro=0.5017 val_rec_macro=0.4739 val_metric_name=acc val_metric=0.5442
Step 2250 | loss 0.0124 | val_acc=0.5465 val_loss=4.6821 val_f1_macro=0.4868 val_f1_weighted=0.5431 val_prec_macro=0.5030 val_rec_macro=0.4759 val_metric_name=acc val_metric=0.5465
Step 2300 | loss 0.0093 | val_acc=0.5478 val_loss=4.6426 val_f1_macro=0.4893 val_f1_weighted=0.5443 val_prec_macro=0.5099 val_rec_macro=0.4762 val_metric_name=acc val_metric=0.5478
Step 2350 | loss 0.0117 | val_acc=0.5403 val_loss=4.7176 val_f1_macro=0.4846 val_f1_weighted=0.5375 val_prec_macro=0.5003 val_rec_macro=0.4742 val_metric_name=acc val_metric=0.5403
Step 2400 | loss 0.0081 | val_acc=0.5455 val_loss=4.7044 val_f1_macro=0.4884 val_f1_weighted=0.5419 val_prec_macro=0.5099 val_rec_macro=0.4751 val_metric_name=acc val_metric=0.5455
Step 2450 | loss 0.0097 | val_acc=0.5474 val_loss=4.7352 val_f1_macro=0.4871 val_f1_weighted=0.5440 val_prec_macro=0.5044 val_rec_macro=0.4758 val_metric_name=acc val_metric=0.5474
Step 2500 | loss 0.0096 | val_acc=0.5474 val_loss=4.7873 val_f1_macro=0.4886 val_f1_weighted=0.5442 val_prec_macro=0.5058 val_rec_macro=0.4774 val_metric_name=acc val_metric=0.5474
Early stopping at step 2543

--- Final (best ckpt @ step 2240) ---
  train_acc=0.9997 train_loss=0.0005 train_f1_macro=0.9998 train_f1_weighted=0.9997 train_prec_macro=0.9998 train_rec_macro=0.9998 train_metric_name=acc train_metric=0.9997
  val_acc=0.5504 val_loss=4.6722 val_f1_macro=0.4893 val_f1_weighted=0.5467 val_prec_macro=0.5063 val_rec_macro=0.4782 val_metric_name=acc val_metric=0.5504
  test_acc=0.5504 test_loss=4.5546 test_f1_macro=0.5004 test_f1_weighted=0.5473 test_prec_macro=0.5183 test_rec_macro=0.4885 test_metric_name=acc test_metric=0.5504
  test_acc=0.5504

============================================================
Training amazon-ratings GAT-sep 4L h=512 lr=1e-05 split=5
============================================================
Training for 5000 steps
Step    1 | loss 1.7130 | val_acc=0.3137 val_loss=1.5172 val_f1_macro=0.1633 val_f1_weighted=0.2491 val_prec_macro=0.2195 val_rec_macro=0.2101 val_metric_name=acc val_metric=0.3137
Step   50 | loss 1.4330 | val_acc=0.3722 val_loss=1.4239 val_f1_macro=0.1241 val_f1_weighted=0.2200 val_prec_macro=0.2569 val_rec_macro=0.2048 val_metric_name=acc val_metric=0.3722
Step  100 | loss 1.4085 | val_acc=0.3822 val_loss=1.3982 val_f1_macro=0.1495 val_f1_weighted=0.2539 val_prec_macro=0.2670 val_rec_macro=0.2152 val_metric_name=acc val_metric=0.3822
Step  150 | loss 1.3828 | val_acc=0.3974 val_loss=1.3759 val_f1_macro=0.1833 val_f1_weighted=0.2979 val_prec_macro=0.2230 val_rec_macro=0.2338 val_metric_name=acc val_metric=0.3974
Step  200 | loss 1.3606 | val_acc=0.4135 val_loss=1.3684 val_f1_macro=0.2083 val_f1_weighted=0.3293 val_prec_macro=0.2334 val_rec_macro=0.2530 val_metric_name=acc val_metric=0.4135
Step  250 | loss 1.3369 | val_acc=0.4230 val_loss=1.3665 val_f1_macro=0.2280 val_f1_weighted=0.3503 val_prec_macro=0.3305 val_rec_macro=0.2678 val_metric_name=acc val_metric=0.4230
Step  300 | loss 1.3179 | val_acc=0.4261 val_loss=1.3623 val_f1_macro=0.2444 val_f1_weighted=0.3646 val_prec_macro=0.3274 val_rec_macro=0.2759 val_metric_name=acc val_metric=0.4261
Step  350 | loss 1.2960 | val_acc=0.4333 val_loss=1.3665 val_f1_macro=0.2694 val_f1_weighted=0.3827 val_prec_macro=0.4128 val_rec_macro=0.2917 val_metric_name=acc val_metric=0.4333
Step  400 | loss 1.2852 | val_acc=0.4405 val_loss=1.3705 val_f1_macro=0.2853 val_f1_weighted=0.3940 val_prec_macro=0.4221 val_rec_macro=0.3026 val_metric_name=acc val_metric=0.4405
Step  450 | loss 1.2680 | val_acc=0.4429 val_loss=1.3729 val_f1_macro=0.2996 val_f1_weighted=0.4041 val_prec_macro=0.4045 val_rec_macro=0.3105 val_metric_name=acc val_metric=0.4429
Step  500 | loss 1.2429 | val_acc=0.4457 val_loss=1.3812 val_f1_macro=0.3149 val_f1_weighted=0.4105 val_prec_macro=0.4149 val_rec_macro=0.3223 val_metric_name=acc val_metric=0.4457
Step  550 | loss 1.2210 | val_acc=0.4534 val_loss=1.3798 val_f1_macro=0.3325 val_f1_weighted=0.4245 val_prec_macro=0.4139 val_rec_macro=0.3337 val_metric_name=acc val_metric=0.4534
Step  600 | loss 1.2075 | val_acc=0.4558 val_loss=1.3826 val_f1_macro=0.3368 val_f1_weighted=0.4277 val_prec_macro=0.4095 val_rec_macro=0.3374 val_metric_name=acc val_metric=0.4558
Step  650 | loss 1.1870 | val_acc=0.4606 val_loss=1.3888 val_f1_macro=0.3501 val_f1_weighted=0.4355 val_prec_macro=0.4121 val_rec_macro=0.3477 val_metric_name=acc val_metric=0.4606
Step  700 | loss 1.1700 | val_acc=0.4648 val_loss=1.4068 val_f1_macro=0.3481 val_f1_weighted=0.4375 val_prec_macro=0.4163 val_rec_macro=0.3452 val_metric_name=acc val_metric=0.4648
Step  750 | loss 1.1443 | val_acc=0.4632 val_loss=1.4051 val_f1_macro=0.3547 val_f1_weighted=0.4401 val_prec_macro=0.4020 val_rec_macro=0.3518 val_metric_name=acc val_metric=0.4632
Step  800 | loss 1.1275 | val_acc=0.4681 val_loss=1.4158 val_f1_macro=0.3605 val_f1_weighted=0.4442 val_prec_macro=0.4100 val_rec_macro=0.3574 val_metric_name=acc val_metric=0.4681
Step  850 | loss 1.1093 | val_acc=0.4728 val_loss=1.4190 val_f1_macro=0.3672 val_f1_weighted=0.4523 val_prec_macro=0.4150 val_rec_macro=0.3607 val_metric_name=acc val_metric=0.4728
Step  900 | loss 1.0904 | val_acc=0.4753 val_loss=1.4328 val_f1_macro=0.3787 val_f1_weighted=0.4568 val_prec_macro=0.4207 val_rec_macro=0.3713 val_metric_name=acc val_metric=0.4753
Step  950 | loss 1.0737 | val_acc=0.4798 val_loss=1.4480 val_f1_macro=0.3819 val_f1_weighted=0.4606 val_prec_macro=0.4241 val_rec_macro=0.3746 val_metric_name=acc val_metric=0.4798
Step 1000 | loss 1.0460 | val_acc=0.4818 val_loss=1.4526 val_f1_macro=0.3890 val_f1_weighted=0.4644 val_prec_macro=0.4288 val_rec_macro=0.3809 val_metric_name=acc val_metric=0.4818
Step 1050 | loss 1.0303 | val_acc=0.4852 val_loss=1.4581 val_f1_macro=0.3954 val_f1_weighted=0.4696 val_prec_macro=0.4310 val_rec_macro=0.3871 val_metric_name=acc val_metric=0.4852
Step 1100 | loss 1.0043 | val_acc=0.4901 val_loss=1.4660 val_f1_macro=0.4076 val_f1_weighted=0.4776 val_prec_macro=0.4415 val_rec_macro=0.3968 val_metric_name=acc val_metric=0.4901
Step 1150 | loss 0.9907 | val_acc=0.4903 val_loss=1.4800 val_f1_macro=0.4095 val_f1_weighted=0.4785 val_prec_macro=0.4396 val_rec_macro=0.3993 val_metric_name=acc val_metric=0.4903
Step 1200 | loss 0.9675 | val_acc=0.4955 val_loss=1.4918 val_f1_macro=0.4158 val_f1_weighted=0.4835 val_prec_macro=0.4490 val_rec_macro=0.4053 val_metric_name=acc val_metric=0.4955
Step 1250 | loss 0.9488 | val_acc=0.4975 val_loss=1.5041 val_f1_macro=0.4221 val_f1_weighted=0.4869 val_prec_macro=0.4520 val_rec_macro=0.4116 val_metric_name=acc val_metric=0.4975
Step 1300 | loss 0.9260 | val_acc=0.4980 val_loss=1.5154 val_f1_macro=0.4221 val_f1_weighted=0.4875 val_prec_macro=0.4536 val_rec_macro=0.4108 val_metric_name=acc val_metric=0.4980
Step 1350 | loss 0.9113 | val_acc=0.5001 val_loss=1.5340 val_f1_macro=0.4281 val_f1_weighted=0.4916 val_prec_macro=0.4514 val_rec_macro=0.4194 val_metric_name=acc val_metric=0.5001
Step 1400 | loss 0.8877 | val_acc=0.4993 val_loss=1.5450 val_f1_macro=0.4310 val_f1_weighted=0.4916 val_prec_macro=0.4524 val_rec_macro=0.4218 val_metric_name=acc val_metric=0.4993
Step 1450 | loss 0.8654 | val_acc=0.5014 val_loss=1.5634 val_f1_macro=0.4321 val_f1_weighted=0.4944 val_prec_macro=0.4515 val_rec_macro=0.4241 val_metric_name=acc val_metric=0.5014
Step 1500 | loss 0.8487 | val_acc=0.5035 val_loss=1.5841 val_f1_macro=0.4345 val_f1_weighted=0.4954 val_prec_macro=0.4576 val_rec_macro=0.4265 val_metric_name=acc val_metric=0.5035
Step 1550 | loss 0.8301 | val_acc=0.5027 val_loss=1.5999 val_f1_macro=0.4386 val_f1_weighted=0.4972 val_prec_macro=0.4544 val_rec_macro=0.4315 val_metric_name=acc val_metric=0.5027
Step 1600 | loss 0.8031 | val_acc=0.5073 val_loss=1.6273 val_f1_macro=0.4408 val_f1_weighted=0.5004 val_prec_macro=0.4595 val_rec_macro=0.4339 val_metric_name=acc val_metric=0.5073
Step 1650 | loss 0.7837 | val_acc=0.5138 val_loss=1.6436 val_f1_macro=0.4458 val_f1_weighted=0.5076 val_prec_macro=0.4637 val_rec_macro=0.4387 val_metric_name=acc val_metric=0.5138
Step 1700 | loss 0.7703 | val_acc=0.5164 val_loss=1.6708 val_f1_macro=0.4500 val_f1_weighted=0.5110 val_prec_macro=0.4667 val_rec_macro=0.4417 val_metric_name=acc val_metric=0.5164
Step 1750 | loss 0.7394 | val_acc=0.5128 val_loss=1.6934 val_f1_macro=0.4467 val_f1_weighted=0.5074 val_prec_macro=0.4628 val_rec_macro=0.4396 val_metric_name=acc val_metric=0.5128
Step 1800 | loss 0.7239 | val_acc=0.5161 val_loss=1.7310 val_f1_macro=0.4528 val_f1_weighted=0.5115 val_prec_macro=0.4667 val_rec_macro=0.4462 val_metric_name=acc val_metric=0.5161
Step 1850 | loss 0.6960 | val_acc=0.5163 val_loss=1.7661 val_f1_macro=0.4561 val_f1_weighted=0.5113 val_prec_macro=0.4729 val_rec_macro=0.4485 val_metric_name=acc val_metric=0.5163
Step 1900 | loss 0.6781 | val_acc=0.5205 val_loss=1.7853 val_f1_macro=0.4586 val_f1_weighted=0.5158 val_prec_macro=0.4740 val_rec_macro=0.4510 val_metric_name=acc val_metric=0.5205
Step 1950 | loss 0.6518 | val_acc=0.5234 val_loss=1.8231 val_f1_macro=0.4648 val_f1_weighted=0.5194 val_prec_macro=0.4790 val_rec_macro=0.4572 val_metric_name=acc val_metric=0.5234
Step 2000 | loss 0.6290 | val_acc=0.5229 val_loss=1.8497 val_f1_macro=0.4627 val_f1_weighted=0.5191 val_prec_macro=0.4755 val_rec_macro=0.4566 val_metric_name=acc val_metric=0.5229
Step 2050 | loss 0.6116 | val_acc=0.5252 val_loss=1.8836 val_f1_macro=0.4665 val_f1_weighted=0.5214 val_prec_macro=0.4808 val_rec_macro=0.4581 val_metric_name=acc val_metric=0.5252
Step 2100 | loss 0.5911 | val_acc=0.5244 val_loss=1.9339 val_f1_macro=0.4648 val_f1_weighted=0.5207 val_prec_macro=0.4771 val_rec_macro=0.4588 val_metric_name=acc val_metric=0.5244
Step 2150 | loss 0.5765 | val_acc=0.5274 val_loss=1.9671 val_f1_macro=0.4678 val_f1_weighted=0.5239 val_prec_macro=0.4796 val_rec_macro=0.4617 val_metric_name=acc val_metric=0.5274
Step 2200 | loss 0.5617 | val_acc=0.5229 val_loss=2.0060 val_f1_macro=0.4644 val_f1_weighted=0.5203 val_prec_macro=0.4717 val_rec_macro=0.4611 val_metric_name=acc val_metric=0.5229
Step 2250 | loss 0.5418 | val_acc=0.5274 val_loss=2.0444 val_f1_macro=0.4699 val_f1_weighted=0.5250 val_prec_macro=0.4771 val_rec_macro=0.4669 val_metric_name=acc val_metric=0.5274
Step 2300 | loss 0.5185 | val_acc=0.5296 val_loss=2.0670 val_f1_macro=0.4705 val_f1_weighted=0.5271 val_prec_macro=0.4790 val_rec_macro=0.4660 val_metric_name=acc val_metric=0.5296
Step 2350 | loss 0.5005 | val_acc=0.5280 val_loss=2.1202 val_f1_macro=0.4687 val_f1_weighted=0.5248 val_prec_macro=0.4789 val_rec_macro=0.4632 val_metric_name=acc val_metric=0.5280
Step 2400 | loss 0.4745 | val_acc=0.5301 val_loss=2.1515 val_f1_macro=0.4707 val_f1_weighted=0.5272 val_prec_macro=0.4805 val_rec_macro=0.4655 val_metric_name=acc val_metric=0.5301
Step 2450 | loss 0.4622 | val_acc=0.5300 val_loss=2.1920 val_f1_macro=0.4742 val_f1_weighted=0.5279 val_prec_macro=0.4828 val_rec_macro=0.4695 val_metric_name=acc val_metric=0.5300
Step 2500 | loss 0.4525 | val_acc=0.5309 val_loss=2.2385 val_f1_macro=0.4731 val_f1_weighted=0.5284 val_prec_macro=0.4824 val_rec_macro=0.4687 val_metric_name=acc val_metric=0.5309
Step 2550 | loss 0.4366 | val_acc=0.5303 val_loss=2.2751 val_f1_macro=0.4725 val_f1_weighted=0.5284 val_prec_macro=0.4795 val_rec_macro=0.4691 val_metric_name=acc val_metric=0.5303
Step 2600 | loss 0.4230 | val_acc=0.5295 val_loss=2.3329 val_f1_macro=0.4719 val_f1_weighted=0.5276 val_prec_macro=0.4771 val_rec_macro=0.4695 val_metric_name=acc val_metric=0.5295
Step 2650 | loss 0.3989 | val_acc=0.5341 val_loss=2.3490 val_f1_macro=0.4779 val_f1_weighted=0.5317 val_prec_macro=0.4865 val_rec_macro=0.4732 val_metric_name=acc val_metric=0.5341
Step 2700 | loss 0.3891 | val_acc=0.5290 val_loss=2.4054 val_f1_macro=0.4721 val_f1_weighted=0.5273 val_prec_macro=0.4773 val_rec_macro=0.4698 val_metric_name=acc val_metric=0.5290
Step 2750 | loss 0.3686 | val_acc=0.5306 val_loss=2.4513 val_f1_macro=0.4747 val_f1_weighted=0.5286 val_prec_macro=0.4812 val_rec_macro=0.4710 val_metric_name=acc val_metric=0.5306
Step 2800 | loss 0.3612 | val_acc=0.5334 val_loss=2.4654 val_f1_macro=0.4764 val_f1_weighted=0.5310 val_prec_macro=0.4855 val_rec_macro=0.4713 val_metric_name=acc val_metric=0.5334
Step 2850 | loss 0.3468 | val_acc=0.5313 val_loss=2.5206 val_f1_macro=0.4753 val_f1_weighted=0.5295 val_prec_macro=0.4811 val_rec_macro=0.4725 val_metric_name=acc val_metric=0.5313
Step 2900 | loss 0.3392 | val_acc=0.5344 val_loss=2.5462 val_f1_macro=0.4765 val_f1_weighted=0.5323 val_prec_macro=0.4845 val_rec_macro=0.4726 val_metric_name=acc val_metric=0.5344
Step 2950 | loss 0.3252 | val_acc=0.5355 val_loss=2.5991 val_f1_macro=0.4789 val_f1_weighted=0.5335 val_prec_macro=0.4864 val_rec_macro=0.4748 val_metric_name=acc val_metric=0.5355
Step 3000 | loss 0.3108 | val_acc=0.5324 val_loss=2.6421 val_f1_macro=0.4768 val_f1_weighted=0.5307 val_prec_macro=0.4830 val_rec_macro=0.4738 val_metric_name=acc val_metric=0.5324
Step 3050 | loss 0.3022 | val_acc=0.5334 val_loss=2.6671 val_f1_macro=0.4763 val_f1_weighted=0.5316 val_prec_macro=0.4834 val_rec_macro=0.4725 val_metric_name=acc val_metric=0.5334
Step 3100 | loss 0.3008 | val_acc=0.5358 val_loss=2.7025 val_f1_macro=0.4800 val_f1_weighted=0.5338 val_prec_macro=0.4885 val_rec_macro=0.4748 val_metric_name=acc val_metric=0.5358
Step 3150 | loss 0.2867 | val_acc=0.5360 val_loss=2.7618 val_f1_macro=0.4804 val_f1_weighted=0.5342 val_prec_macro=0.4875 val_rec_macro=0.4760 val_metric_name=acc val_metric=0.5360
Step 3200 | loss 0.2753 | val_acc=0.5362 val_loss=2.7791 val_f1_macro=0.4797 val_f1_weighted=0.5344 val_prec_macro=0.4868 val_rec_macro=0.4755 val_metric_name=acc val_metric=0.5362
Step 3250 | loss 0.2583 | val_acc=0.5358 val_loss=2.8247 val_f1_macro=0.4790 val_f1_weighted=0.5339 val_prec_macro=0.4860 val_rec_macro=0.4753 val_metric_name=acc val_metric=0.5358
Step 3300 | loss 0.2582 | val_acc=0.5383 val_loss=2.8632 val_f1_macro=0.4805 val_f1_weighted=0.5363 val_prec_macro=0.4883 val_rec_macro=0.4759 val_metric_name=acc val_metric=0.5383
Step 3350 | loss 0.2391 | val_acc=0.5367 val_loss=2.8926 val_f1_macro=0.4800 val_f1_weighted=0.5347 val_prec_macro=0.4879 val_rec_macro=0.4756 val_metric_name=acc val_metric=0.5367
Step 3400 | loss 0.2360 | val_acc=0.5367 val_loss=2.9139 val_f1_macro=0.4796 val_f1_weighted=0.5346 val_prec_macro=0.4880 val_rec_macro=0.4746 val_metric_name=acc val_metric=0.5367
Step 3450 | loss 0.2222 | val_acc=0.5358 val_loss=2.9697 val_f1_macro=0.4782 val_f1_weighted=0.5340 val_prec_macro=0.4850 val_rec_macro=0.4747 val_metric_name=acc val_metric=0.5358
Step 3500 | loss 0.2189 | val_acc=0.5381 val_loss=2.9943 val_f1_macro=0.4804 val_f1_weighted=0.5360 val_prec_macro=0.4885 val_rec_macro=0.4753 val_metric_name=acc val_metric=0.5381
Step 3550 | loss 0.2117 | val_acc=0.5357 val_loss=3.0258 val_f1_macro=0.4790 val_f1_weighted=0.5338 val_prec_macro=0.4860 val_rec_macro=0.4751 val_metric_name=acc val_metric=0.5357
Step 3600 | loss 0.2159 | val_acc=0.5381 val_loss=3.0654 val_f1_macro=0.4816 val_f1_weighted=0.5361 val_prec_macro=0.4899 val_rec_macro=0.4766 val_metric_name=acc val_metric=0.5381
Step 3650 | loss 0.2041 | val_acc=0.5385 val_loss=3.0992 val_f1_macro=0.4810 val_f1_weighted=0.5366 val_prec_macro=0.4882 val_rec_macro=0.4765 val_metric_name=acc val_metric=0.5385
Step 3700 | loss 0.1944 | val_acc=0.5352 val_loss=3.1315 val_f1_macro=0.4783 val_f1_weighted=0.5337 val_prec_macro=0.4840 val_rec_macro=0.4748 val_metric_name=acc val_metric=0.5352
Step 3750 | loss 0.1872 | val_acc=0.5372 val_loss=3.1685 val_f1_macro=0.4803 val_f1_weighted=0.5354 val_prec_macro=0.4872 val_rec_macro=0.4761 val_metric_name=acc val_metric=0.5372
Step 3800 | loss 0.1861 | val_acc=0.5383 val_loss=3.1850 val_f1_macro=0.4804 val_f1_weighted=0.5362 val_prec_macro=0.4893 val_rec_macro=0.4748 val_metric_name=acc val_metric=0.5383
Step 3850 | loss 0.1875 | val_acc=0.5373 val_loss=3.2175 val_f1_macro=0.4792 val_f1_weighted=0.5354 val_prec_macro=0.4866 val_rec_macro=0.4746 val_metric_name=acc val_metric=0.5373
Step 3900 | loss 0.1789 | val_acc=0.5393 val_loss=3.2501 val_f1_macro=0.4811 val_f1_weighted=0.5373 val_prec_macro=0.4894 val_rec_macro=0.4759 val_metric_name=acc val_metric=0.5393
Step 3950 | loss 0.1763 | val_acc=0.5370 val_loss=3.2867 val_f1_macro=0.4787 val_f1_weighted=0.5353 val_prec_macro=0.4851 val_rec_macro=0.4748 val_metric_name=acc val_metric=0.5370
Step 4000 | loss 0.1764 | val_acc=0.5381 val_loss=3.3084 val_f1_macro=0.4797 val_f1_weighted=0.5363 val_prec_macro=0.4869 val_rec_macro=0.4752 val_metric_name=acc val_metric=0.5381
Step 4050 | loss 0.1617 | val_acc=0.5372 val_loss=3.3305 val_f1_macro=0.4803 val_f1_weighted=0.5352 val_prec_macro=0.4876 val_rec_macro=0.4758 val_metric_name=acc val_metric=0.5372
Step 4100 | loss 0.1577 | val_acc=0.5388 val_loss=3.3572 val_f1_macro=0.4819 val_f1_weighted=0.5366 val_prec_macro=0.4918 val_rec_macro=0.4757 val_metric_name=acc val_metric=0.5388
Step 4150 | loss 0.1512 | val_acc=0.5386 val_loss=3.4015 val_f1_macro=0.4809 val_f1_weighted=0.5368 val_prec_macro=0.4885 val_rec_macro=0.4765 val_metric_name=acc val_metric=0.5386
Step 4200 | loss 0.1502 | val_acc=0.5404 val_loss=3.4211 val_f1_macro=0.4835 val_f1_weighted=0.5383 val_prec_macro=0.4922 val_rec_macro=0.4779 val_metric_name=acc val_metric=0.5404
Step 4250 | loss 0.1434 | val_acc=0.5381 val_loss=3.4446 val_f1_macro=0.4814 val_f1_weighted=0.5363 val_prec_macro=0.4892 val_rec_macro=0.4767 val_metric_name=acc val_metric=0.5381
Step 4300 | loss 0.1422 | val_acc=0.5391 val_loss=3.4664 val_f1_macro=0.4820 val_f1_weighted=0.5372 val_prec_macro=0.4896 val_rec_macro=0.4775 val_metric_name=acc val_metric=0.5391
Step 4350 | loss 0.1353 | val_acc=0.5375 val_loss=3.4830 val_f1_macro=0.4803 val_f1_weighted=0.5355 val_prec_macro=0.4888 val_rec_macro=0.4749 val_metric_name=acc val_metric=0.5375
Step 4400 | loss 0.1350 | val_acc=0.5394 val_loss=3.5144 val_f1_macro=0.4816 val_f1_weighted=0.5374 val_prec_macro=0.4905 val_rec_macro=0.4759 val_metric_name=acc val_metric=0.5394
Step 4450 | loss 0.1278 | val_acc=0.5391 val_loss=3.5542 val_f1_macro=0.4816 val_f1_weighted=0.5373 val_prec_macro=0.4888 val_rec_macro=0.4772 val_metric_name=acc val_metric=0.5391
Step 4500 | loss 0.1232 | val_acc=0.5390 val_loss=3.5730 val_f1_macro=0.4807 val_f1_weighted=0.5368 val_prec_macro=0.4891 val_rec_macro=0.4756 val_metric_name=acc val_metric=0.5390
Step 4550 | loss 0.1267 | val_acc=0.5378 val_loss=3.5921 val_f1_macro=0.4807 val_f1_weighted=0.5358 val_prec_macro=0.4895 val_rec_macro=0.4755 val_metric_name=acc val_metric=0.5378
Step 4600 | loss 0.1153 | val_acc=0.5401 val_loss=3.6053 val_f1_macro=0.4831 val_f1_weighted=0.5378 val_prec_macro=0.4927 val_rec_macro=0.4773 val_metric_name=acc val_metric=0.5401
Step 4650 | loss 0.1231 | val_acc=0.5388 val_loss=3.6309 val_f1_macro=0.4830 val_f1_weighted=0.5367 val_prec_macro=0.4933 val_rec_macro=0.4762 val_metric_name=acc val_metric=0.5388
Step 4700 | loss 0.1122 | val_acc=0.5406 val_loss=3.6572 val_f1_macro=0.4827 val_f1_weighted=0.5386 val_prec_macro=0.4911 val_rec_macro=0.4775 val_metric_name=acc val_metric=0.5406
Step 4750 | loss 0.1130 | val_acc=0.5417 val_loss=3.6734 val_f1_macro=0.4826 val_f1_weighted=0.5395 val_prec_macro=0.4916 val_rec_macro=0.4767 val_metric_name=acc val_metric=0.5417
Step 4800 | loss 0.1113 | val_acc=0.5421 val_loss=3.6772 val_f1_macro=0.4837 val_f1_weighted=0.5396 val_prec_macro=0.4937 val_rec_macro=0.4770 val_metric_name=acc val_metric=0.5421
Step 4850 | loss 0.1086 | val_acc=0.5419 val_loss=3.7114 val_f1_macro=0.4851 val_f1_weighted=0.5397 val_prec_macro=0.4952 val_rec_macro=0.4786 val_metric_name=acc val_metric=0.5419
Step 4900 | loss 0.1062 | val_acc=0.5393 val_loss=3.7390 val_f1_macro=0.4824 val_f1_weighted=0.5372 val_prec_macro=0.4919 val_rec_macro=0.4761 val_metric_name=acc val_metric=0.5393
Step 4950 | loss 0.1045 | val_acc=0.5401 val_loss=3.7518 val_f1_macro=0.4812 val_f1_weighted=0.5380 val_prec_macro=0.4896 val_rec_macro=0.4759 val_metric_name=acc val_metric=0.5401
Step 5000 | loss 0.0971 | val_acc=0.5401 val_loss=3.7659 val_f1_macro=0.4833 val_f1_weighted=0.5380 val_prec_macro=0.4927 val_rec_macro=0.4773 val_metric_name=acc val_metric=0.5401

--- Final (best ckpt @ step 4740) ---
  train_acc=0.9973 train_loss=0.0082 train_f1_macro=0.9972 train_f1_weighted=0.9973 train_prec_macro=0.9966 train_rec_macro=0.9977 train_metric_name=acc train_metric=0.9973
  val_acc=0.5425 val_loss=3.6728 val_f1_macro=0.4851 val_f1_weighted=0.5402 val_prec_macro=0.4951 val_rec_macro=0.4790 val_metric_name=acc val_metric=0.5425
  test_acc=0.5425 test_loss=3.6141 test_f1_macro=0.4911 test_f1_weighted=0.5404 test_prec_macro=0.5004 test_rec_macro=0.4854 test_metric_name=acc test_metric=0.5425
  test_acc=0.5425
  >> num_layers=4 hidden_dim=256 lr=3e-05 best_step=2930 val_acc=0.5432 test_acc=0.5502
     val_acc=0.5432 val_f1_macro=0.4821 val_f1_weighted=0.5406 val_loss=2.6950 val_metric=0.5432 val_metric_name=acc val_prec_macro=0.4895 val_rec_macro=0.4774
     test_acc=0.5502 test_f1_macro=0.4946 test_f1_weighted=0.5487 test_loss=2.6991 test_metric=0.5502 test_metric_name=acc test_prec_macro=0.5007 test_rec_macro=0.4897
  >> num_layers=4 hidden_dim=256 lr=6e-05 best_step=1740 val_acc=0.5486 test_acc=0.5494
     val_acc=0.5486 val_f1_macro=0.4915 val_f1_weighted=0.5460 val_loss=2.7903 val_metric=0.5486 val_metric_name=acc val_prec_macro=0.5013 val_rec_macro=0.4854
     test_acc=0.5494 test_f1_macro=0.4972 test_f1_weighted=0.5478 test_loss=2.7843 test_metric=0.5494 test_metric_name=acc test_prec_macro=0.5048 test_rec_macro=0.4914
  >> num_layers=4 hidden_dim=256 lr=0.0001 best_step=1950 val_acc=0.5471 test_acc=0.5425
     val_acc=0.5471 val_f1_macro=0.4862 val_f1_weighted=0.5444 val_loss=3.4311 val_metric=0.5471 val_metric_name=acc val_prec_macro=0.4951 val_rec_macro=0.4802
     test_acc=0.5425 test_f1_macro=0.4906 test_f1_weighted=0.5412 test_loss=3.4087 test_metric=0.5425 test_metric_name=acc test_prec_macro=0.4956 test_rec_macro=0.4868
  >> num_layers=4 hidden_dim=256 lr=1e-05 best_step=4810 val_acc=0.5308 test_acc=0.5336
     val_acc=0.5308 val_f1_macro=0.4656 val_f1_weighted=0.5269 val_loss=1.9163 val_metric=0.5308 val_metric_name=acc val_prec_macro=0.4750 val_rec_macro=0.4611
     test_acc=0.5336 test_f1_macro=0.4752 test_f1_weighted=0.5305 test_loss=1.9192 test_metric=0.5336 test_metric_name=acc test_prec_macro=0.4841 test_rec_macro=0.4692
  >> num_layers=4 hidden_dim=384 lr=3e-05 best_step=3110 val_acc=0.5437 test_acc=0.5399
     val_acc=0.5437 val_f1_macro=0.4862 val_f1_weighted=0.5414 val_loss=3.7807 val_metric=0.5437 val_metric_name=acc val_prec_macro=0.4948 val_rec_macro=0.4801
     test_acc=0.5399 test_f1_macro=0.4882 test_f1_weighted=0.5380 test_loss=3.7388 test_metric=0.5399 test_metric_name=acc test_prec_macro=0.4961 test_rec_macro=0.4822
  >> num_layers=4 hidden_dim=384 lr=6e-05 best_step=1830 val_acc=0.5442 test_acc=0.5412
     val_acc=0.5442 val_f1_macro=0.4842 val_f1_weighted=0.5409 val_loss=3.7983 val_metric=0.5442 val_metric_name=acc val_prec_macro=0.4976 val_rec_macro=0.4754
     test_acc=0.5412 test_f1_macro=0.4891 test_f1_weighted=0.5384 test_loss=3.7717 test_metric=0.5412 test_metric_name=acc test_prec_macro=0.5007 test_rec_macro=0.4809
  >> num_layers=4 hidden_dim=384 lr=0.0001 best_step=1260 val_acc=0.5466 test_acc=0.5443
     val_acc=0.5466 val_f1_macro=0.4872 val_f1_weighted=0.5436 val_loss=3.8216 val_metric=0.5466 val_metric_name=acc val_prec_macro=0.4986 val_rec_macro=0.4794
     test_acc=0.5443 test_f1_macro=0.4916 test_f1_weighted=0.5418 test_loss=3.7633 test_metric=0.5443 test_metric_name=acc test_prec_macro=0.5005 test_rec_macro=0.4852
  >> num_layers=4 hidden_dim=384 lr=1e-05 best_step=3470 val_acc=0.5354 test_acc=0.5287
     val_acc=0.5354 val_f1_macro=0.4707 val_f1_weighted=0.5316 val_loss=2.2240 val_metric=0.5354 val_metric_name=acc val_prec_macro=0.4826 val_rec_macro=0.4637
     test_acc=0.5287 test_f1_macro=0.4730 test_f1_weighted=0.5259 test_loss=2.1898 test_metric=0.5287 test_metric_name=acc test_prec_macro=0.4822 test_rec_macro=0.4673
  >> num_layers=4 hidden_dim=512 lr=3e-05 best_step=2480 val_acc=0.5442 test_acc=0.5404
     val_acc=0.5442 val_f1_macro=0.4876 val_f1_weighted=0.5418 val_loss=4.1968 val_metric=0.5442 val_metric_name=acc val_prec_macro=0.4981 val_rec_macro=0.4804
     test_acc=0.5404 test_f1_macro=0.4892 test_f1_weighted=0.5385 test_loss=4.1176 test_metric=0.5404 test_metric_name=acc test_prec_macro=0.4985 test_rec_macro=0.4829
  >> num_layers=4 hidden_dim=512 lr=6e-05 best_step=2140 val_acc=0.5488 test_acc=0.5390
     val_acc=0.5488 val_f1_macro=0.4908 val_f1_weighted=0.5460 val_loss=4.5301 val_metric=0.5488 val_metric_name=acc val_prec_macro=0.5023 val_rec_macro=0.4831
     test_acc=0.5390 test_f1_macro=0.4866 test_f1_weighted=0.5368 test_loss=4.4917 test_metric=0.5390 test_metric_name=acc test_prec_macro=0.4964 test_rec_macro=0.4796
  >> num_layers=4 hidden_dim=512 lr=0.0001 best_step=2240 val_acc=0.5504 test_acc=0.5504
     val_acc=0.5504 val_f1_macro=0.4893 val_f1_weighted=0.5467 val_loss=4.6722 val_metric=0.5504 val_metric_name=acc val_prec_macro=0.5063 val_rec_macro=0.4782
     test_acc=0.5504 test_f1_macro=0.5004 test_f1_weighted=0.5473 test_loss=4.5546 test_metric=0.5504 test_metric_name=acc test_prec_macro=0.5183 test_rec_macro=0.4885
  >> num_layers=4 hidden_dim=512 lr=1e-05 best_step=4740 val_acc=0.5425 test_acc=0.5425
     val_acc=0.5425 val_f1_macro=0.4851 val_f1_weighted=0.5402 val_loss=3.6728 val_metric=0.5425 val_metric_name=acc val_prec_macro=0.4951 val_rec_macro=0.4790
     test_acc=0.5425 test_f1_macro=0.4911 test_f1_weighted=0.5404 test_loss=3.6141 test_metric=0.5425 test_metric_name=acc test_prec_macro=0.5004 test_rec_macro=0.4854
  >> selected best (by val): num_layers=4 hidden_dim=512 lr=0.0001 val_acc=0.5504 test_acc=0.5504
     val_acc=0.5504 val_f1_macro=0.4893 val_f1_weighted=0.5467 val_loss=4.6722 val_metric=0.5504 val_metric_name=acc val_prec_macro=0.5063 val_rec_macro=0.4782
     test_acc=0.5504 test_f1_macro=0.5004 test_f1_weighted=0.5473 test_loss=4.5546 test_metric=0.5504 test_metric_name=acc test_prec_macro=0.5183 test_rec_macro=0.4885

Done. Results saved to /home/avshmelev/diploma_yandex_graphs/results_grid/amazon_ratings/base.csv, checkpoints in /home/avshmelev/diploma_yandex_graphs/all_checkpoints/amazon_ratings/base/
Skipping: "Done." found in /home/avshmelev/diploma_yandex_graphs/results_grid/amazon_ratings/logs_base/GAT-sep_4L_split5.log
Skipping: "Done." found in /home/avshmelev/diploma_yandex_graphs/results_grid/amazon_ratings/logs_base/GAT-sep_4L_split5.log
