Loading data...

============================================================
Training amazon-ratings GAT-sep 5L h=256 lr=3e-05 split=8
============================================================
Training for 5000 steps
Step    1 | loss 1.7886 | val_acc=0.2603 val_loss=1.6137 val_f1_macro=0.1291 val_f1_weighted=0.1616 val_prec_macro=0.2242 val_rec_macro=0.2021 val_metric_name=acc val_metric=0.2603
Step   50 | loss 1.4215 | val_acc=0.3714 val_loss=1.3968 val_f1_macro=0.1279 val_f1_weighted=0.2247 val_prec_macro=0.3561 val_rec_macro=0.2052 val_metric_name=acc val_metric=0.3714
Step  100 | loss 1.3795 | val_acc=0.4021 val_loss=1.3645 val_f1_macro=0.1960 val_f1_weighted=0.3131 val_prec_macro=0.2344 val_rec_macro=0.2428 val_metric_name=acc val_metric=0.4021
Step  150 | loss 1.3474 | val_acc=0.4199 val_loss=1.3468 val_f1_macro=0.2273 val_f1_weighted=0.3508 val_prec_macro=0.2420 val_rec_macro=0.2657 val_metric_name=acc val_metric=0.4199
Step  200 | loss 1.3254 | val_acc=0.4241 val_loss=1.3376 val_f1_macro=0.2512 val_f1_weighted=0.3738 val_prec_macro=0.3254 val_rec_macro=0.2805 val_metric_name=acc val_metric=0.4241
Step  250 | loss 1.3017 | val_acc=0.4307 val_loss=1.3320 val_f1_macro=0.2750 val_f1_weighted=0.3930 val_prec_macro=0.3480 val_rec_macro=0.2938 val_metric_name=acc val_metric=0.4307
Step  300 | loss 1.2711 | val_acc=0.4356 val_loss=1.3348 val_f1_macro=0.2946 val_f1_weighted=0.4018 val_prec_macro=0.3926 val_rec_macro=0.3076 val_metric_name=acc val_metric=0.4356
Step  350 | loss 1.2576 | val_acc=0.4416 val_loss=1.3376 val_f1_macro=0.3170 val_f1_weighted=0.4138 val_prec_macro=0.4104 val_rec_macro=0.3206 val_metric_name=acc val_metric=0.4416
Step  400 | loss 1.2301 | val_acc=0.4503 val_loss=1.3429 val_f1_macro=0.3305 val_f1_weighted=0.4242 val_prec_macro=0.4007 val_rec_macro=0.3323 val_metric_name=acc val_metric=0.4503
Step  450 | loss 1.2034 | val_acc=0.4535 val_loss=1.3550 val_f1_macro=0.3392 val_f1_weighted=0.4277 val_prec_macro=0.4101 val_rec_macro=0.3378 val_metric_name=acc val_metric=0.4535
Step  500 | loss 1.1755 | val_acc=0.4561 val_loss=1.3506 val_f1_macro=0.3583 val_f1_weighted=0.4382 val_prec_macro=0.4084 val_rec_macro=0.3524 val_metric_name=acc val_metric=0.4561
Step  550 | loss 1.1440 | val_acc=0.4607 val_loss=1.3579 val_f1_macro=0.3661 val_f1_weighted=0.4424 val_prec_macro=0.4203 val_rec_macro=0.3586 val_metric_name=acc val_metric=0.4607
Step  600 | loss 1.1227 | val_acc=0.4612 val_loss=1.3703 val_f1_macro=0.3682 val_f1_weighted=0.4423 val_prec_macro=0.4133 val_rec_macro=0.3620 val_metric_name=acc val_metric=0.4612
Step  650 | loss 1.0974 | val_acc=0.4677 val_loss=1.3781 val_f1_macro=0.3830 val_f1_weighted=0.4534 val_prec_macro=0.4206 val_rec_macro=0.3745 val_metric_name=acc val_metric=0.4677
Step  700 | loss 1.0682 | val_acc=0.4720 val_loss=1.3854 val_f1_macro=0.3920 val_f1_weighted=0.4591 val_prec_macro=0.4293 val_rec_macro=0.3825 val_metric_name=acc val_metric=0.4720
Step  750 | loss 1.0428 | val_acc=0.4771 val_loss=1.3995 val_f1_macro=0.3996 val_f1_weighted=0.4640 val_prec_macro=0.4412 val_rec_macro=0.3890 val_metric_name=acc val_metric=0.4771
Step  800 | loss 1.0144 | val_acc=0.4808 val_loss=1.4186 val_f1_macro=0.4054 val_f1_weighted=0.4686 val_prec_macro=0.4399 val_rec_macro=0.3959 val_metric_name=acc val_metric=0.4808
Step  850 | loss 0.9876 | val_acc=0.4831 val_loss=1.4251 val_f1_macro=0.4099 val_f1_weighted=0.4729 val_prec_macro=0.4429 val_rec_macro=0.3997 val_metric_name=acc val_metric=0.4831
Step  900 | loss 0.9604 | val_acc=0.4893 val_loss=1.4445 val_f1_macro=0.4209 val_f1_weighted=0.4806 val_prec_macro=0.4468 val_rec_macro=0.4110 val_metric_name=acc val_metric=0.4893
Step  950 | loss 0.9274 | val_acc=0.4942 val_loss=1.4809 val_f1_macro=0.4267 val_f1_weighted=0.4848 val_prec_macro=0.4489 val_rec_macro=0.4190 val_metric_name=acc val_metric=0.4942
Step 1000 | loss 0.9062 | val_acc=0.4976 val_loss=1.4849 val_f1_macro=0.4331 val_f1_weighted=0.4898 val_prec_macro=0.4536 val_rec_macro=0.4250 val_metric_name=acc val_metric=0.4976
Step 1050 | loss 0.8822 | val_acc=0.4976 val_loss=1.5097 val_f1_macro=0.4356 val_f1_weighted=0.4907 val_prec_macro=0.4578 val_rec_macro=0.4252 val_metric_name=acc val_metric=0.4976
Step 1100 | loss 0.8564 | val_acc=0.5016 val_loss=1.5341 val_f1_macro=0.4372 val_f1_weighted=0.4946 val_prec_macro=0.4569 val_rec_macro=0.4279 val_metric_name=acc val_metric=0.5016
Step 1150 | loss 0.8288 | val_acc=0.5002 val_loss=1.5649 val_f1_macro=0.4369 val_f1_weighted=0.4938 val_prec_macro=0.4511 val_rec_macro=0.4312 val_metric_name=acc val_metric=0.5002
Step 1200 | loss 0.8019 | val_acc=0.5096 val_loss=1.5825 val_f1_macro=0.4480 val_f1_weighted=0.5040 val_prec_macro=0.4610 val_rec_macro=0.4417 val_metric_name=acc val_metric=0.5096
Step 1250 | loss 0.7714 | val_acc=0.5076 val_loss=1.6061 val_f1_macro=0.4456 val_f1_weighted=0.5020 val_prec_macro=0.4610 val_rec_macro=0.4372 val_metric_name=acc val_metric=0.5076
Step 1300 | loss 0.7412 | val_acc=0.5066 val_loss=1.6428 val_f1_macro=0.4467 val_f1_weighted=0.5019 val_prec_macro=0.4561 val_rec_macro=0.4423 val_metric_name=acc val_metric=0.5066
Step 1350 | loss 0.7267 | val_acc=0.5076 val_loss=1.6711 val_f1_macro=0.4463 val_f1_weighted=0.5031 val_prec_macro=0.4553 val_rec_macro=0.4423 val_metric_name=acc val_metric=0.5076
Step 1400 | loss 0.7051 | val_acc=0.5099 val_loss=1.6995 val_f1_macro=0.4502 val_f1_weighted=0.5055 val_prec_macro=0.4590 val_rec_macro=0.4461 val_metric_name=acc val_metric=0.5099
Step 1450 | loss 0.6804 | val_acc=0.5118 val_loss=1.7283 val_f1_macro=0.4518 val_f1_weighted=0.5085 val_prec_macro=0.4583 val_rec_macro=0.4486 val_metric_name=acc val_metric=0.5118
Step 1500 | loss 0.6494 | val_acc=0.5125 val_loss=1.7625 val_f1_macro=0.4535 val_f1_weighted=0.5099 val_prec_macro=0.4572 val_rec_macro=0.4525 val_metric_name=acc val_metric=0.5125
Step 1550 | loss 0.6319 | val_acc=0.5128 val_loss=1.7955 val_f1_macro=0.4539 val_f1_weighted=0.5107 val_prec_macro=0.4561 val_rec_macro=0.4540 val_metric_name=acc val_metric=0.5128
Step 1600 | loss 0.6088 | val_acc=0.5163 val_loss=1.8190 val_f1_macro=0.4556 val_f1_weighted=0.5137 val_prec_macro=0.4591 val_rec_macro=0.4546 val_metric_name=acc val_metric=0.5163
Step 1650 | loss 0.5894 | val_acc=0.5177 val_loss=1.8632 val_f1_macro=0.4549 val_f1_weighted=0.5151 val_prec_macro=0.4582 val_rec_macro=0.4547 val_metric_name=acc val_metric=0.5177
Step 1700 | loss 0.5788 | val_acc=0.5182 val_loss=1.8959 val_f1_macro=0.4575 val_f1_weighted=0.5165 val_prec_macro=0.4584 val_rec_macro=0.4594 val_metric_name=acc val_metric=0.5182
Step 1750 | loss 0.5442 | val_acc=0.5220 val_loss=1.9303 val_f1_macro=0.4631 val_f1_weighted=0.5205 val_prec_macro=0.4639 val_rec_macro=0.4639 val_metric_name=acc val_metric=0.5220
Step 1800 | loss 0.5257 | val_acc=0.5205 val_loss=1.9691 val_f1_macro=0.4620 val_f1_weighted=0.5184 val_prec_macro=0.4644 val_rec_macro=0.4618 val_metric_name=acc val_metric=0.5205
Step 1850 | loss 0.5108 | val_acc=0.5203 val_loss=2.0041 val_f1_macro=0.4632 val_f1_weighted=0.5187 val_prec_macro=0.4646 val_rec_macro=0.4635 val_metric_name=acc val_metric=0.5203
Step 1900 | loss 0.4796 | val_acc=0.5244 val_loss=2.0328 val_f1_macro=0.4677 val_f1_weighted=0.5223 val_prec_macro=0.4718 val_rec_macro=0.4659 val_metric_name=acc val_metric=0.5244
Step 1950 | loss 0.4739 | val_acc=0.5233 val_loss=2.0672 val_f1_macro=0.4658 val_f1_weighted=0.5213 val_prec_macro=0.4688 val_rec_macro=0.4645 val_metric_name=acc val_metric=0.5233
Step 2000 | loss 0.4582 | val_acc=0.5256 val_loss=2.1058 val_f1_macro=0.4679 val_f1_weighted=0.5243 val_prec_macro=0.4689 val_rec_macro=0.4677 val_metric_name=acc val_metric=0.5256
Step 2050 | loss 0.4361 | val_acc=0.5260 val_loss=2.1315 val_f1_macro=0.4689 val_f1_weighted=0.5251 val_prec_macro=0.4692 val_rec_macro=0.4699 val_metric_name=acc val_metric=0.5260
Step 2100 | loss 0.4250 | val_acc=0.5264 val_loss=2.1751 val_f1_macro=0.4701 val_f1_weighted=0.5253 val_prec_macro=0.4701 val_rec_macro=0.4712 val_metric_name=acc val_metric=0.5264
Step 2150 | loss 0.4150 | val_acc=0.5295 val_loss=2.2051 val_f1_macro=0.4721 val_f1_weighted=0.5276 val_prec_macro=0.4750 val_rec_macro=0.4709 val_metric_name=acc val_metric=0.5295
Step 2200 | loss 0.3921 | val_acc=0.5270 val_loss=2.2327 val_f1_macro=0.4708 val_f1_weighted=0.5259 val_prec_macro=0.4719 val_rec_macro=0.4708 val_metric_name=acc val_metric=0.5270
Step 2250 | loss 0.3858 | val_acc=0.5298 val_loss=2.2679 val_f1_macro=0.4726 val_f1_weighted=0.5285 val_prec_macro=0.4739 val_rec_macro=0.4733 val_metric_name=acc val_metric=0.5298
Step 2300 | loss 0.3797 | val_acc=0.5300 val_loss=2.2871 val_f1_macro=0.4751 val_f1_weighted=0.5291 val_prec_macro=0.4758 val_rec_macro=0.4753 val_metric_name=acc val_metric=0.5300
Step 2350 | loss 0.3635 | val_acc=0.5293 val_loss=2.3230 val_f1_macro=0.4753 val_f1_weighted=0.5282 val_prec_macro=0.4768 val_rec_macro=0.4749 val_metric_name=acc val_metric=0.5293
Step 2400 | loss 0.3532 | val_acc=0.5308 val_loss=2.3508 val_f1_macro=0.4761 val_f1_weighted=0.5293 val_prec_macro=0.4789 val_rec_macro=0.4741 val_metric_name=acc val_metric=0.5308
Step 2450 | loss 0.3332 | val_acc=0.5318 val_loss=2.3860 val_f1_macro=0.4775 val_f1_weighted=0.5303 val_prec_macro=0.4800 val_rec_macro=0.4758 val_metric_name=acc val_metric=0.5318
Step 2500 | loss 0.3186 | val_acc=0.5331 val_loss=2.3940 val_f1_macro=0.4781 val_f1_weighted=0.5320 val_prec_macro=0.4799 val_rec_macro=0.4768 val_metric_name=acc val_metric=0.5331
Step 2550 | loss 0.3169 | val_acc=0.5326 val_loss=2.4486 val_f1_macro=0.4765 val_f1_weighted=0.5314 val_prec_macro=0.4776 val_rec_macro=0.4768 val_metric_name=acc val_metric=0.5326
Step 2600 | loss 0.2996 | val_acc=0.5352 val_loss=2.4634 val_f1_macro=0.4813 val_f1_weighted=0.5340 val_prec_macro=0.4829 val_rec_macro=0.4805 val_metric_name=acc val_metric=0.5352
Step 2650 | loss 0.2994 | val_acc=0.5334 val_loss=2.4815 val_f1_macro=0.4799 val_f1_weighted=0.5320 val_prec_macro=0.4820 val_rec_macro=0.4787 val_metric_name=acc val_metric=0.5334
Step 2700 | loss 0.2889 | val_acc=0.5375 val_loss=2.5121 val_f1_macro=0.4839 val_f1_weighted=0.5364 val_prec_macro=0.4859 val_rec_macro=0.4825 val_metric_name=acc val_metric=0.5375
Step 2750 | loss 0.2805 | val_acc=0.5344 val_loss=2.5412 val_f1_macro=0.4801 val_f1_weighted=0.5340 val_prec_macro=0.4795 val_rec_macro=0.4815 val_metric_name=acc val_metric=0.5344
Step 2800 | loss 0.2643 | val_acc=0.5362 val_loss=2.5653 val_f1_macro=0.4827 val_f1_weighted=0.5353 val_prec_macro=0.4836 val_rec_macro=0.4823 val_metric_name=acc val_metric=0.5362
Step 2850 | loss 0.2695 | val_acc=0.5358 val_loss=2.5983 val_f1_macro=0.4815 val_f1_weighted=0.5346 val_prec_macro=0.4840 val_rec_macro=0.4797 val_metric_name=acc val_metric=0.5358
Step 2900 | loss 0.2509 | val_acc=0.5365 val_loss=2.6179 val_f1_macro=0.4841 val_f1_weighted=0.5355 val_prec_macro=0.4868 val_rec_macro=0.4819 val_metric_name=acc val_metric=0.5365
Step 2950 | loss 0.2436 | val_acc=0.5376 val_loss=2.6383 val_f1_macro=0.4831 val_f1_weighted=0.5367 val_prec_macro=0.4849 val_rec_macro=0.4819 val_metric_name=acc val_metric=0.5376
Step 3000 | loss 0.2458 | val_acc=0.5383 val_loss=2.6726 val_f1_macro=0.4835 val_f1_weighted=0.5371 val_prec_macro=0.4859 val_rec_macro=0.4818 val_metric_name=acc val_metric=0.5383
Step 3050 | loss 0.2319 | val_acc=0.5381 val_loss=2.6891 val_f1_macro=0.4855 val_f1_weighted=0.5366 val_prec_macro=0.4895 val_rec_macro=0.4823 val_metric_name=acc val_metric=0.5381
Step 3100 | loss 0.2234 | val_acc=0.5390 val_loss=2.7233 val_f1_macro=0.4845 val_f1_weighted=0.5375 val_prec_macro=0.4879 val_rec_macro=0.4821 val_metric_name=acc val_metric=0.5390
Step 3150 | loss 0.2141 | val_acc=0.5388 val_loss=2.7351 val_f1_macro=0.4839 val_f1_weighted=0.5373 val_prec_macro=0.4881 val_rec_macro=0.4806 val_metric_name=acc val_metric=0.5388
Step 3200 | loss 0.2190 | val_acc=0.5375 val_loss=2.7602 val_f1_macro=0.4810 val_f1_weighted=0.5359 val_prec_macro=0.4838 val_rec_macro=0.4795 val_metric_name=acc val_metric=0.5375
Step 3250 | loss 0.2159 | val_acc=0.5385 val_loss=2.7889 val_f1_macro=0.4828 val_f1_weighted=0.5368 val_prec_macro=0.4871 val_rec_macro=0.4798 val_metric_name=acc val_metric=0.5385
Step 3300 | loss 0.2030 | val_acc=0.5381 val_loss=2.7960 val_f1_macro=0.4830 val_f1_weighted=0.5366 val_prec_macro=0.4872 val_rec_macro=0.4795 val_metric_name=acc val_metric=0.5381
Step 3350 | loss 0.1958 | val_acc=0.5385 val_loss=2.8189 val_f1_macro=0.4818 val_f1_weighted=0.5372 val_prec_macro=0.4846 val_rec_macro=0.4799 val_metric_name=acc val_metric=0.5385
Step 3400 | loss 0.1938 | val_acc=0.5396 val_loss=2.8575 val_f1_macro=0.4856 val_f1_weighted=0.5381 val_prec_macro=0.4900 val_rec_macro=0.4820 val_metric_name=acc val_metric=0.5396
Step 3450 | loss 0.1950 | val_acc=0.5393 val_loss=2.8663 val_f1_macro=0.4866 val_f1_weighted=0.5377 val_prec_macro=0.4915 val_rec_macro=0.4825 val_metric_name=acc val_metric=0.5393
Step 3500 | loss 0.1838 | val_acc=0.5412 val_loss=2.8871 val_f1_macro=0.4865 val_f1_weighted=0.5395 val_prec_macro=0.4909 val_rec_macro=0.4831 val_metric_name=acc val_metric=0.5412
Step 3550 | loss 0.1820 | val_acc=0.5424 val_loss=2.9081 val_f1_macro=0.4866 val_f1_weighted=0.5408 val_prec_macro=0.4900 val_rec_macro=0.4840 val_metric_name=acc val_metric=0.5424
Step 3600 | loss 0.1766 | val_acc=0.5437 val_loss=2.9313 val_f1_macro=0.4880 val_f1_weighted=0.5419 val_prec_macro=0.4921 val_rec_macro=0.4851 val_metric_name=acc val_metric=0.5437
Step 3650 | loss 0.1746 | val_acc=0.5404 val_loss=2.9439 val_f1_macro=0.4860 val_f1_weighted=0.5389 val_prec_macro=0.4905 val_rec_macro=0.4822 val_metric_name=acc val_metric=0.5404
Step 3700 | loss 0.1637 | val_acc=0.5432 val_loss=2.9581 val_f1_macro=0.4872 val_f1_weighted=0.5413 val_prec_macro=0.4940 val_rec_macro=0.4818 val_metric_name=acc val_metric=0.5432
Step 3750 | loss 0.1742 | val_acc=0.5430 val_loss=2.9730 val_f1_macro=0.4878 val_f1_weighted=0.5417 val_prec_macro=0.4914 val_rec_macro=0.4849 val_metric_name=acc val_metric=0.5430
Step 3800 | loss 0.1576 | val_acc=0.5421 val_loss=3.0040 val_f1_macro=0.4870 val_f1_weighted=0.5406 val_prec_macro=0.4907 val_rec_macro=0.4838 val_metric_name=acc val_metric=0.5421
Step 3850 | loss 0.1578 | val_acc=0.5421 val_loss=3.0029 val_f1_macro=0.4885 val_f1_weighted=0.5405 val_prec_macro=0.4935 val_rec_macro=0.4844 val_metric_name=acc val_metric=0.5421
Step 3900 | loss 0.1515 | val_acc=0.5456 val_loss=3.0267 val_f1_macro=0.4910 val_f1_weighted=0.5440 val_prec_macro=0.4962 val_rec_macro=0.4866 val_metric_name=acc val_metric=0.5456
Step 3950 | loss 0.1543 | val_acc=0.5445 val_loss=3.0618 val_f1_macro=0.4904 val_f1_weighted=0.5426 val_prec_macro=0.4959 val_rec_macro=0.4861 val_metric_name=acc val_metric=0.5445
Step 4000 | loss 0.1538 | val_acc=0.5425 val_loss=3.0697 val_f1_macro=0.4882 val_f1_weighted=0.5411 val_prec_macro=0.4924 val_rec_macro=0.4847 val_metric_name=acc val_metric=0.5425
Step 4050 | loss 0.1486 | val_acc=0.5429 val_loss=3.0944 val_f1_macro=0.4909 val_f1_weighted=0.5412 val_prec_macro=0.4972 val_rec_macro=0.4856 val_metric_name=acc val_metric=0.5429
Step 4100 | loss 0.1438 | val_acc=0.5425 val_loss=3.1260 val_f1_macro=0.4890 val_f1_weighted=0.5410 val_prec_macro=0.4934 val_rec_macro=0.4854 val_metric_name=acc val_metric=0.5425
Step 4150 | loss 0.1360 | val_acc=0.5409 val_loss=3.1257 val_f1_macro=0.4856 val_f1_weighted=0.5395 val_prec_macro=0.4887 val_rec_macro=0.4832 val_metric_name=acc val_metric=0.5409
Step 4200 | loss 0.1308 | val_acc=0.5435 val_loss=3.1540 val_f1_macro=0.4894 val_f1_weighted=0.5418 val_prec_macro=0.4950 val_rec_macro=0.4847 val_metric_name=acc val_metric=0.5435
Step 4250 | loss 0.1222 | val_acc=0.5432 val_loss=3.1666 val_f1_macro=0.4901 val_f1_weighted=0.5417 val_prec_macro=0.4944 val_rec_macro=0.4864 val_metric_name=acc val_metric=0.5432
Step 4300 | loss 0.1286 | val_acc=0.5440 val_loss=3.1745 val_f1_macro=0.4901 val_f1_weighted=0.5429 val_prec_macro=0.4935 val_rec_macro=0.4870 val_metric_name=acc val_metric=0.5440
Step 4350 | loss 0.1232 | val_acc=0.5435 val_loss=3.1961 val_f1_macro=0.4904 val_f1_weighted=0.5420 val_prec_macro=0.4954 val_rec_macro=0.4863 val_metric_name=acc val_metric=0.5435
Step 4400 | loss 0.1228 | val_acc=0.5427 val_loss=3.2027 val_f1_macro=0.4890 val_f1_weighted=0.5414 val_prec_macro=0.4930 val_rec_macro=0.4856 val_metric_name=acc val_metric=0.5427
Step 4450 | loss 0.1278 | val_acc=0.5456 val_loss=3.2086 val_f1_macro=0.4909 val_f1_weighted=0.5439 val_prec_macro=0.4965 val_rec_macro=0.4861 val_metric_name=acc val_metric=0.5456
Step 4500 | loss 0.1227 | val_acc=0.5421 val_loss=3.2210 val_f1_macro=0.4873 val_f1_weighted=0.5408 val_prec_macro=0.4906 val_rec_macro=0.4845 val_metric_name=acc val_metric=0.5421
Step 4550 | loss 0.1188 | val_acc=0.5406 val_loss=3.2608 val_f1_macro=0.4857 val_f1_weighted=0.5391 val_prec_macro=0.4904 val_rec_macro=0.4817 val_metric_name=acc val_metric=0.5406
Step 4600 | loss 0.1156 | val_acc=0.5422 val_loss=3.2585 val_f1_macro=0.4888 val_f1_weighted=0.5407 val_prec_macro=0.4928 val_rec_macro=0.4856 val_metric_name=acc val_metric=0.5422
Step 4650 | loss 0.1141 | val_acc=0.5414 val_loss=3.2633 val_f1_macro=0.4879 val_f1_weighted=0.5398 val_prec_macro=0.4929 val_rec_macro=0.4837 val_metric_name=acc val_metric=0.5414
Step 4700 | loss 0.1062 | val_acc=0.5458 val_loss=3.2927 val_f1_macro=0.4912 val_f1_weighted=0.5441 val_prec_macro=0.4967 val_rec_macro=0.4867 val_metric_name=acc val_metric=0.5458
Step 4750 | loss 0.1071 | val_acc=0.5453 val_loss=3.3063 val_f1_macro=0.4903 val_f1_weighted=0.5439 val_prec_macro=0.4938 val_rec_macro=0.4874 val_metric_name=acc val_metric=0.5453
Step 4800 | loss 0.1051 | val_acc=0.5448 val_loss=3.3053 val_f1_macro=0.4904 val_f1_weighted=0.5430 val_prec_macro=0.4970 val_rec_macro=0.4848 val_metric_name=acc val_metric=0.5448
Step 4850 | loss 0.1030 | val_acc=0.5443 val_loss=3.3323 val_f1_macro=0.4902 val_f1_weighted=0.5431 val_prec_macro=0.4935 val_rec_macro=0.4874 val_metric_name=acc val_metric=0.5443
Step 4900 | loss 0.0984 | val_acc=0.5452 val_loss=3.3478 val_f1_macro=0.4900 val_f1_weighted=0.5437 val_prec_macro=0.4945 val_rec_macro=0.4863 val_metric_name=acc val_metric=0.5452
Step 4950 | loss 0.0994 | val_acc=0.5470 val_loss=3.3590 val_f1_macro=0.4926 val_f1_weighted=0.5450 val_prec_macro=0.4991 val_rec_macro=0.4873 val_metric_name=acc val_metric=0.5470
Step 5000 | loss 0.0990 | val_acc=0.5447 val_loss=3.3738 val_f1_macro=0.4902 val_f1_weighted=0.5432 val_prec_macro=0.4954 val_rec_macro=0.4858 val_metric_name=acc val_metric=0.5447

--- Final (best ckpt @ step 4950) ---
  train_acc=0.9986 train_loss=0.0050 train_f1_macro=0.9986 train_f1_weighted=0.9986 train_prec_macro=0.9982 train_rec_macro=0.9989 train_metric_name=acc train_metric=0.9986
  val_acc=0.5470 val_loss=3.3590 val_f1_macro=0.4926 val_f1_weighted=0.5450 val_prec_macro=0.4991 val_rec_macro=0.4873 val_metric_name=acc val_metric=0.5470
  test_acc=0.5365 test_loss=3.4056 test_f1_macro=0.4779 test_f1_weighted=0.5349 test_prec_macro=0.4822 test_rec_macro=0.4744 test_metric_name=acc test_metric=0.5365
  test_acc=0.5365

============================================================
Training amazon-ratings GAT-sep 5L h=256 lr=6e-05 split=8
============================================================
Training for 5000 steps
Step    1 | loss 1.7886 | val_acc=0.3235 val_loss=1.4715 val_f1_macro=0.1813 val_f1_weighted=0.2808 val_prec_macro=0.3790 val_rec_macro=0.2049 val_metric_name=acc val_metric=0.3235
Step   50 | loss 1.3954 | val_acc=0.3892 val_loss=1.3753 val_f1_macro=0.1760 val_f1_weighted=0.2877 val_prec_macro=0.2817 val_rec_macro=0.2279 val_metric_name=acc val_metric=0.3892
Step  100 | loss 1.3375 | val_acc=0.4227 val_loss=1.3453 val_f1_macro=0.2344 val_f1_weighted=0.3574 val_prec_macro=0.3769 val_rec_macro=0.2719 val_metric_name=acc val_metric=0.4227
Step  150 | loss 1.2967 | val_acc=0.4281 val_loss=1.3347 val_f1_macro=0.2717 val_f1_weighted=0.3880 val_prec_macro=0.3417 val_rec_macro=0.2926 val_metric_name=acc val_metric=0.4281
Step  200 | loss 1.2578 | val_acc=0.4416 val_loss=1.3372 val_f1_macro=0.3199 val_f1_weighted=0.4151 val_prec_macro=0.4118 val_rec_macro=0.3244 val_metric_name=acc val_metric=0.4416
Step  250 | loss 1.2132 | val_acc=0.4535 val_loss=1.3468 val_f1_macro=0.3418 val_f1_weighted=0.4305 val_prec_macro=0.4066 val_rec_macro=0.3391 val_metric_name=acc val_metric=0.4535
Step  300 | loss 1.1582 | val_acc=0.4599 val_loss=1.3504 val_f1_macro=0.3608 val_f1_weighted=0.4432 val_prec_macro=0.4092 val_rec_macro=0.3560 val_metric_name=acc val_metric=0.4599
Step  350 | loss 1.1222 | val_acc=0.4661 val_loss=1.3630 val_f1_macro=0.3816 val_f1_weighted=0.4523 val_prec_macro=0.4178 val_rec_macro=0.3731 val_metric_name=acc val_metric=0.4661
Step  400 | loss 1.0635 | val_acc=0.4746 val_loss=1.3829 val_f1_macro=0.3918 val_f1_weighted=0.4604 val_prec_macro=0.4358 val_rec_macro=0.3813 val_metric_name=acc val_metric=0.4746
Step  450 | loss 1.0208 | val_acc=0.4816 val_loss=1.4243 val_f1_macro=0.4050 val_f1_weighted=0.4679 val_prec_macro=0.4402 val_rec_macro=0.3964 val_metric_name=acc val_metric=0.4816
Step  500 | loss 0.9732 | val_acc=0.4870 val_loss=1.4439 val_f1_macro=0.4150 val_f1_weighted=0.4763 val_prec_macro=0.4460 val_rec_macro=0.4050 val_metric_name=acc val_metric=0.4870
Step  550 | loss 0.9231 | val_acc=0.4960 val_loss=1.4802 val_f1_macro=0.4320 val_f1_weighted=0.4875 val_prec_macro=0.4589 val_rec_macro=0.4203 val_metric_name=acc val_metric=0.4960
Step  600 | loss 0.8689 | val_acc=0.4984 val_loss=1.5228 val_f1_macro=0.4328 val_f1_weighted=0.4905 val_prec_macro=0.4544 val_rec_macro=0.4251 val_metric_name=acc val_metric=0.4984
Step  650 | loss 0.8225 | val_acc=0.5017 val_loss=1.5600 val_f1_macro=0.4416 val_f1_weighted=0.4957 val_prec_macro=0.4606 val_rec_macro=0.4333 val_metric_name=acc val_metric=0.5017
Step  700 | loss 0.7742 | val_acc=0.5058 val_loss=1.6191 val_f1_macro=0.4481 val_f1_weighted=0.5008 val_prec_macro=0.4616 val_rec_macro=0.4413 val_metric_name=acc val_metric=0.5058
Step  750 | loss 0.7315 | val_acc=0.5115 val_loss=1.6615 val_f1_macro=0.4538 val_f1_weighted=0.5067 val_prec_macro=0.4679 val_rec_macro=0.4456 val_metric_name=acc val_metric=0.5115
Step  800 | loss 0.6845 | val_acc=0.5128 val_loss=1.7145 val_f1_macro=0.4541 val_f1_weighted=0.5096 val_prec_macro=0.4603 val_rec_macro=0.4513 val_metric_name=acc val_metric=0.5128
Step  850 | loss 0.6373 | val_acc=0.5130 val_loss=1.7822 val_f1_macro=0.4543 val_f1_weighted=0.5099 val_prec_macro=0.4610 val_rec_macro=0.4506 val_metric_name=acc val_metric=0.5130
Step  900 | loss 0.5912 | val_acc=0.5146 val_loss=1.8517 val_f1_macro=0.4548 val_f1_weighted=0.5122 val_prec_macro=0.4576 val_rec_macro=0.4553 val_metric_name=acc val_metric=0.5146
Step  950 | loss 0.5486 | val_acc=0.5205 val_loss=1.9028 val_f1_macro=0.4594 val_f1_weighted=0.5178 val_prec_macro=0.4640 val_rec_macro=0.4578 val_metric_name=acc val_metric=0.5205
Step 1000 | loss 0.5224 | val_acc=0.5233 val_loss=1.9673 val_f1_macro=0.4649 val_f1_weighted=0.5215 val_prec_macro=0.4671 val_rec_macro=0.4639 val_metric_name=acc val_metric=0.5233
Step 1050 | loss 0.4800 | val_acc=0.5272 val_loss=2.0414 val_f1_macro=0.4672 val_f1_weighted=0.5243 val_prec_macro=0.4739 val_rec_macro=0.4627 val_metric_name=acc val_metric=0.5272
Step 1100 | loss 0.4475 | val_acc=0.5283 val_loss=2.1097 val_f1_macro=0.4725 val_f1_weighted=0.5271 val_prec_macro=0.4739 val_rec_macro=0.4721 val_metric_name=acc val_metric=0.5283
Step 1150 | loss 0.4181 | val_acc=0.5288 val_loss=2.1593 val_f1_macro=0.4722 val_f1_weighted=0.5270 val_prec_macro=0.4759 val_rec_macro=0.4701 val_metric_name=acc val_metric=0.5288
Step 1200 | loss 0.3918 | val_acc=0.5321 val_loss=2.2227 val_f1_macro=0.4747 val_f1_weighted=0.5303 val_prec_macro=0.4782 val_rec_macro=0.4729 val_metric_name=acc val_metric=0.5321
Step 1250 | loss 0.3683 | val_acc=0.5326 val_loss=2.2834 val_f1_macro=0.4763 val_f1_weighted=0.5309 val_prec_macro=0.4805 val_rec_macro=0.4733 val_metric_name=acc val_metric=0.5326
Step 1300 | loss 0.3435 | val_acc=0.5339 val_loss=2.3481 val_f1_macro=0.4782 val_f1_weighted=0.5327 val_prec_macro=0.4795 val_rec_macro=0.4777 val_metric_name=acc val_metric=0.5339
Step 1350 | loss 0.3294 | val_acc=0.5309 val_loss=2.3808 val_f1_macro=0.4753 val_f1_weighted=0.5297 val_prec_macro=0.4784 val_rec_macro=0.4731 val_metric_name=acc val_metric=0.5309
Step 1400 | loss 0.3075 | val_acc=0.5318 val_loss=2.4335 val_f1_macro=0.4744 val_f1_weighted=0.5299 val_prec_macro=0.4798 val_rec_macro=0.4702 val_metric_name=acc val_metric=0.5318
Step 1450 | loss 0.2870 | val_acc=0.5370 val_loss=2.4784 val_f1_macro=0.4815 val_f1_weighted=0.5351 val_prec_macro=0.4876 val_rec_macro=0.4766 val_metric_name=acc val_metric=0.5370
Step 1500 | loss 0.2710 | val_acc=0.5344 val_loss=2.5520 val_f1_macro=0.4783 val_f1_weighted=0.5330 val_prec_macro=0.4808 val_rec_macro=0.4766 val_metric_name=acc val_metric=0.5344
Step 1550 | loss 0.2608 | val_acc=0.5321 val_loss=2.6034 val_f1_macro=0.4779 val_f1_weighted=0.5310 val_prec_macro=0.4797 val_rec_macro=0.4767 val_metric_name=acc val_metric=0.5321
Step 1600 | loss 0.2363 | val_acc=0.5360 val_loss=2.6237 val_f1_macro=0.4817 val_f1_weighted=0.5345 val_prec_macro=0.4855 val_rec_macro=0.4788 val_metric_name=acc val_metric=0.5360
Step 1650 | loss 0.2370 | val_acc=0.5375 val_loss=2.6795 val_f1_macro=0.4841 val_f1_weighted=0.5365 val_prec_macro=0.4852 val_rec_macro=0.4836 val_metric_name=acc val_metric=0.5375
Step 1700 | loss 0.2245 | val_acc=0.5373 val_loss=2.7177 val_f1_macro=0.4813 val_f1_weighted=0.5358 val_prec_macro=0.4840 val_rec_macro=0.4797 val_metric_name=acc val_metric=0.5373
Step 1750 | loss 0.2039 | val_acc=0.5349 val_loss=2.7624 val_f1_macro=0.4837 val_f1_weighted=0.5340 val_prec_macro=0.4846 val_rec_macro=0.4835 val_metric_name=acc val_metric=0.5349
Step 1800 | loss 0.1979 | val_acc=0.5381 val_loss=2.7993 val_f1_macro=0.4856 val_f1_weighted=0.5365 val_prec_macro=0.4893 val_rec_macro=0.4830 val_metric_name=acc val_metric=0.5381
Step 1850 | loss 0.1874 | val_acc=0.5396 val_loss=2.8331 val_f1_macro=0.4887 val_f1_weighted=0.5381 val_prec_macro=0.4926 val_rec_macro=0.4859 val_metric_name=acc val_metric=0.5396
Step 1900 | loss 0.1802 | val_acc=0.5381 val_loss=2.8656 val_f1_macro=0.4844 val_f1_weighted=0.5362 val_prec_macro=0.4893 val_rec_macro=0.4807 val_metric_name=acc val_metric=0.5381
Step 1950 | loss 0.1772 | val_acc=0.5393 val_loss=2.8907 val_f1_macro=0.4866 val_f1_weighted=0.5378 val_prec_macro=0.4903 val_rec_macro=0.4838 val_metric_name=acc val_metric=0.5393
Step 2000 | loss 0.1605 | val_acc=0.5388 val_loss=2.9240 val_f1_macro=0.4860 val_f1_weighted=0.5376 val_prec_macro=0.4885 val_rec_macro=0.4841 val_metric_name=acc val_metric=0.5388
Step 2050 | loss 0.1549 | val_acc=0.5401 val_loss=2.9808 val_f1_macro=0.4866 val_f1_weighted=0.5385 val_prec_macro=0.4904 val_rec_macro=0.4839 val_metric_name=acc val_metric=0.5401
Step 2100 | loss 0.1461 | val_acc=0.5398 val_loss=3.0167 val_f1_macro=0.4850 val_f1_weighted=0.5384 val_prec_macro=0.4890 val_rec_macro=0.4817 val_metric_name=acc val_metric=0.5398
Step 2150 | loss 0.1488 | val_acc=0.5419 val_loss=3.0301 val_f1_macro=0.4886 val_f1_weighted=0.5400 val_prec_macro=0.4948 val_rec_macro=0.4836 val_metric_name=acc val_metric=0.5419
Step 2200 | loss 0.1369 | val_acc=0.5422 val_loss=3.0682 val_f1_macro=0.4874 val_f1_weighted=0.5407 val_prec_macro=0.4920 val_rec_macro=0.4835 val_metric_name=acc val_metric=0.5422
Step 2250 | loss 0.1302 | val_acc=0.5411 val_loss=3.0939 val_f1_macro=0.4885 val_f1_weighted=0.5393 val_prec_macro=0.4936 val_rec_macro=0.4844 val_metric_name=acc val_metric=0.5411
Step 2300 | loss 0.1363 | val_acc=0.5404 val_loss=3.1219 val_f1_macro=0.4886 val_f1_weighted=0.5399 val_prec_macro=0.4902 val_rec_macro=0.4871 val_metric_name=acc val_metric=0.5404
Step 2350 | loss 0.1229 | val_acc=0.5396 val_loss=3.1540 val_f1_macro=0.4840 val_f1_weighted=0.5379 val_prec_macro=0.4899 val_rec_macro=0.4790 val_metric_name=acc val_metric=0.5396
Step 2400 | loss 0.1177 | val_acc=0.5398 val_loss=3.1650 val_f1_macro=0.4873 val_f1_weighted=0.5381 val_prec_macro=0.4927 val_rec_macro=0.4829 val_metric_name=acc val_metric=0.5398
Step 2450 | loss 0.1135 | val_acc=0.5419 val_loss=3.2039 val_f1_macro=0.4867 val_f1_weighted=0.5402 val_prec_macro=0.4922 val_rec_macro=0.4821 val_metric_name=acc val_metric=0.5419
Step 2500 | loss 0.1110 | val_acc=0.5421 val_loss=3.1930 val_f1_macro=0.4879 val_f1_weighted=0.5404 val_prec_macro=0.4939 val_rec_macro=0.4830 val_metric_name=acc val_metric=0.5421
Step 2550 | loss 0.1075 | val_acc=0.5398 val_loss=3.2165 val_f1_macro=0.4859 val_f1_weighted=0.5384 val_prec_macro=0.4891 val_rec_macro=0.4834 val_metric_name=acc val_metric=0.5398
Step 2600 | loss 0.0976 | val_acc=0.5419 val_loss=3.2613 val_f1_macro=0.4873 val_f1_weighted=0.5402 val_prec_macro=0.4940 val_rec_macro=0.4816 val_metric_name=acc val_metric=0.5419
Step 2650 | loss 0.1064 | val_acc=0.5434 val_loss=3.2556 val_f1_macro=0.4896 val_f1_weighted=0.5415 val_prec_macro=0.4971 val_rec_macro=0.4836 val_metric_name=acc val_metric=0.5434
Step 2700 | loss 0.0986 | val_acc=0.5403 val_loss=3.3070 val_f1_macro=0.4871 val_f1_weighted=0.5387 val_prec_macro=0.4932 val_rec_macro=0.4819 val_metric_name=acc val_metric=0.5403
Step 2750 | loss 0.0976 | val_acc=0.5417 val_loss=3.3263 val_f1_macro=0.4888 val_f1_weighted=0.5405 val_prec_macro=0.4936 val_rec_macro=0.4846 val_metric_name=acc val_metric=0.5417
Step 2800 | loss 0.0915 | val_acc=0.5452 val_loss=3.3191 val_f1_macro=0.4920 val_f1_weighted=0.5434 val_prec_macro=0.4993 val_rec_macro=0.4859 val_metric_name=acc val_metric=0.5452
Step 2850 | loss 0.0949 | val_acc=0.5437 val_loss=3.3726 val_f1_macro=0.4904 val_f1_weighted=0.5419 val_prec_macro=0.4970 val_rec_macro=0.4849 val_metric_name=acc val_metric=0.5437
Step 2900 | loss 0.0862 | val_acc=0.5455 val_loss=3.3965 val_f1_macro=0.4906 val_f1_weighted=0.5436 val_prec_macro=0.4983 val_rec_macro=0.4843 val_metric_name=acc val_metric=0.5455
Step 2950 | loss 0.0843 | val_acc=0.5411 val_loss=3.4166 val_f1_macro=0.4861 val_f1_weighted=0.5399 val_prec_macro=0.4895 val_rec_macro=0.4833 val_metric_name=acc val_metric=0.5411
Step 3000 | loss 0.0826 | val_acc=0.5442 val_loss=3.4337 val_f1_macro=0.4893 val_f1_weighted=0.5425 val_prec_macro=0.4948 val_rec_macro=0.4848 val_metric_name=acc val_metric=0.5442
Step 3050 | loss 0.0792 | val_acc=0.5448 val_loss=3.4303 val_f1_macro=0.4905 val_f1_weighted=0.5429 val_prec_macro=0.4981 val_rec_macro=0.4842 val_metric_name=acc val_metric=0.5448
Step 3100 | loss 0.0783 | val_acc=0.5442 val_loss=3.4496 val_f1_macro=0.4886 val_f1_weighted=0.5426 val_prec_macro=0.4954 val_rec_macro=0.4830 val_metric_name=acc val_metric=0.5442
Step 3150 | loss 0.0677 | val_acc=0.5468 val_loss=3.4758 val_f1_macro=0.4907 val_f1_weighted=0.5448 val_prec_macro=0.4981 val_rec_macro=0.4847 val_metric_name=acc val_metric=0.5468
Step 3200 | loss 0.0765 | val_acc=0.5465 val_loss=3.5018 val_f1_macro=0.4917 val_f1_weighted=0.5447 val_prec_macro=0.4985 val_rec_macro=0.4861 val_metric_name=acc val_metric=0.5465
Step 3250 | loss 0.0704 | val_acc=0.5455 val_loss=3.5147 val_f1_macro=0.4912 val_f1_weighted=0.5431 val_prec_macro=0.5012 val_rec_macro=0.4832 val_metric_name=acc val_metric=0.5455
Step 3300 | loss 0.0742 | val_acc=0.5470 val_loss=3.5192 val_f1_macro=0.4933 val_f1_weighted=0.5452 val_prec_macro=0.5007 val_rec_macro=0.4870 val_metric_name=acc val_metric=0.5470
Step 3350 | loss 0.0661 | val_acc=0.5473 val_loss=3.5543 val_f1_macro=0.4906 val_f1_weighted=0.5455 val_prec_macro=0.4972 val_rec_macro=0.4852 val_metric_name=acc val_metric=0.5473
Step 3400 | loss 0.0683 | val_acc=0.5458 val_loss=3.5867 val_f1_macro=0.4908 val_f1_weighted=0.5438 val_prec_macro=0.5006 val_rec_macro=0.4831 val_metric_name=acc val_metric=0.5458
Step 3450 | loss 0.0674 | val_acc=0.5456 val_loss=3.5901 val_f1_macro=0.4930 val_f1_weighted=0.5434 val_prec_macro=0.5063 val_rec_macro=0.4831 val_metric_name=acc val_metric=0.5456
Step 3500 | loss 0.0614 | val_acc=0.5470 val_loss=3.6226 val_f1_macro=0.4930 val_f1_weighted=0.5452 val_prec_macro=0.4990 val_rec_macro=0.4881 val_metric_name=acc val_metric=0.5470
Step 3550 | loss 0.0654 | val_acc=0.5465 val_loss=3.6395 val_f1_macro=0.4891 val_f1_weighted=0.5445 val_prec_macro=0.4951 val_rec_macro=0.4842 val_metric_name=acc val_metric=0.5465
Step 3600 | loss 0.0621 | val_acc=0.5474 val_loss=3.6440 val_f1_macro=0.4915 val_f1_weighted=0.5454 val_prec_macro=0.4990 val_rec_macro=0.4855 val_metric_name=acc val_metric=0.5474
Step 3650 | loss 0.0653 | val_acc=0.5474 val_loss=3.6618 val_f1_macro=0.4932 val_f1_weighted=0.5458 val_prec_macro=0.5003 val_rec_macro=0.4872 val_metric_name=acc val_metric=0.5474
Step 3700 | loss 0.0617 | val_acc=0.5474 val_loss=3.6730 val_f1_macro=0.4944 val_f1_weighted=0.5458 val_prec_macro=0.5008 val_rec_macro=0.4892 val_metric_name=acc val_metric=0.5474
Step 3750 | loss 0.0585 | val_acc=0.5460 val_loss=3.6736 val_f1_macro=0.4915 val_f1_weighted=0.5441 val_prec_macro=0.4992 val_rec_macro=0.4851 val_metric_name=acc val_metric=0.5460
Step 3800 | loss 0.0540 | val_acc=0.5448 val_loss=3.7003 val_f1_macro=0.4914 val_f1_weighted=0.5428 val_prec_macro=0.5005 val_rec_macro=0.4841 val_metric_name=acc val_metric=0.5448
Step 3850 | loss 0.0567 | val_acc=0.5450 val_loss=3.7143 val_f1_macro=0.4923 val_f1_weighted=0.5430 val_prec_macro=0.5011 val_rec_macro=0.4851 val_metric_name=acc val_metric=0.5450
Step 3900 | loss 0.0525 | val_acc=0.5484 val_loss=3.7190 val_f1_macro=0.4931 val_f1_weighted=0.5460 val_prec_macro=0.5040 val_rec_macro=0.4846 val_metric_name=acc val_metric=0.5484
Step 3950 | loss 0.0580 | val_acc=0.5474 val_loss=3.7499 val_f1_macro=0.4934 val_f1_weighted=0.5449 val_prec_macro=0.5040 val_rec_macro=0.4852 val_metric_name=acc val_metric=0.5474
Step 4000 | loss 0.0600 | val_acc=0.5453 val_loss=3.7520 val_f1_macro=0.4938 val_f1_weighted=0.5438 val_prec_macro=0.5003 val_rec_macro=0.4883 val_metric_name=acc val_metric=0.5453
Early stopping at step 4003

--- Final (best ckpt @ step 3380) ---
  train_acc=0.9993 train_loss=0.0023 train_f1_macro=0.9995 train_f1_weighted=0.9993 train_prec_macro=0.9994 train_rec_macro=0.9995 train_metric_name=acc train_metric=0.9993
  val_acc=0.5489 val_loss=3.5866 val_f1_macro=0.4932 val_f1_weighted=0.5473 val_prec_macro=0.5002 val_rec_macro=0.4875 val_metric_name=acc val_metric=0.5489
  test_acc=0.5391 test_loss=3.6266 test_f1_macro=0.4843 test_f1_weighted=0.5374 test_prec_macro=0.4899 test_rec_macro=0.4795 test_metric_name=acc test_metric=0.5391
  test_acc=0.5391

============================================================
Training amazon-ratings GAT-sep 5L h=256 lr=0.0001 split=8
============================================================
Training for 5000 steps
Step    1 | loss 1.7886 | val_acc=0.3663 val_loss=1.4684 val_f1_macro=0.1215 val_f1_weighted=0.2152 val_prec_macro=0.1906 val_rec_macro=0.2016 val_metric_name=acc val_metric=0.3663
Step   50 | loss 1.3715 | val_acc=0.4052 val_loss=1.3573 val_f1_macro=0.2014 val_f1_weighted=0.3196 val_prec_macro=0.2372 val_rec_macro=0.2470 val_metric_name=acc val_metric=0.4052
Step  100 | loss 1.3040 | val_acc=0.4246 val_loss=1.3388 val_f1_macro=0.2619 val_f1_weighted=0.3795 val_prec_macro=0.3176 val_rec_macro=0.2878 val_metric_name=acc val_metric=0.4246
Step  150 | loss 1.2407 | val_acc=0.4403 val_loss=1.3470 val_f1_macro=0.3163 val_f1_weighted=0.4097 val_prec_macro=0.4059 val_rec_macro=0.3215 val_metric_name=acc val_metric=0.4403
Step  200 | loss 1.1828 | val_acc=0.4547 val_loss=1.3480 val_f1_macro=0.3583 val_f1_weighted=0.4375 val_prec_macro=0.4142 val_rec_macro=0.3528 val_metric_name=acc val_metric=0.4547
Step  250 | loss 1.1114 | val_acc=0.4640 val_loss=1.3656 val_f1_macro=0.3740 val_f1_weighted=0.4477 val_prec_macro=0.4211 val_rec_macro=0.3669 val_metric_name=acc val_metric=0.4640
Step  300 | loss 1.0260 | val_acc=0.4805 val_loss=1.4141 val_f1_macro=0.4008 val_f1_weighted=0.4676 val_prec_macro=0.4479 val_rec_macro=0.3877 val_metric_name=acc val_metric=0.4805
Step  350 | loss 0.9576 | val_acc=0.4880 val_loss=1.4560 val_f1_macro=0.4179 val_f1_weighted=0.4796 val_prec_macro=0.4431 val_rec_macro=0.4082 val_metric_name=acc val_metric=0.4880
Step  400 | loss 0.8641 | val_acc=0.4939 val_loss=1.5164 val_f1_macro=0.4311 val_f1_weighted=0.4872 val_prec_macro=0.4509 val_rec_macro=0.4230 val_metric_name=acc val_metric=0.4939
Step  450 | loss 0.7969 | val_acc=0.5030 val_loss=1.5977 val_f1_macro=0.4400 val_f1_weighted=0.4963 val_prec_macro=0.4625 val_rec_macro=0.4307 val_metric_name=acc val_metric=0.5030
Step  500 | loss 0.7347 | val_acc=0.5060 val_loss=1.6557 val_f1_macro=0.4478 val_f1_weighted=0.5021 val_prec_macro=0.4573 val_rec_macro=0.4429 val_metric_name=acc val_metric=0.5060
Step  550 | loss 0.6490 | val_acc=0.5117 val_loss=1.7727 val_f1_macro=0.4529 val_f1_weighted=0.5084 val_prec_macro=0.4583 val_rec_macro=0.4518 val_metric_name=acc val_metric=0.5117
Step  600 | loss 0.5781 | val_acc=0.5177 val_loss=1.8560 val_f1_macro=0.4575 val_f1_weighted=0.5140 val_prec_macro=0.4661 val_rec_macro=0.4535 val_metric_name=acc val_metric=0.5177
Step  650 | loss 0.5305 | val_acc=0.5243 val_loss=1.9588 val_f1_macro=0.4653 val_f1_weighted=0.5216 val_prec_macro=0.4726 val_rec_macro=0.4605 val_metric_name=acc val_metric=0.5243
Step  700 | loss 0.4815 | val_acc=0.5292 val_loss=2.0570 val_f1_macro=0.4752 val_f1_weighted=0.5277 val_prec_macro=0.4788 val_rec_macro=0.4727 val_metric_name=acc val_metric=0.5292
Step  750 | loss 0.4320 | val_acc=0.5290 val_loss=2.1539 val_f1_macro=0.4763 val_f1_weighted=0.5277 val_prec_macro=0.4787 val_rec_macro=0.4750 val_metric_name=acc val_metric=0.5290
Step  800 | loss 0.3936 | val_acc=0.5318 val_loss=2.2534 val_f1_macro=0.4752 val_f1_weighted=0.5299 val_prec_macro=0.4803 val_rec_macro=0.4719 val_metric_name=acc val_metric=0.5318
Step  850 | loss 0.3440 | val_acc=0.5316 val_loss=2.3317 val_f1_macro=0.4767 val_f1_weighted=0.5306 val_prec_macro=0.4786 val_rec_macro=0.4751 val_metric_name=acc val_metric=0.5316
Step  900 | loss 0.3116 | val_acc=0.5319 val_loss=2.4340 val_f1_macro=0.4761 val_f1_weighted=0.5311 val_prec_macro=0.4768 val_rec_macro=0.4766 val_metric_name=acc val_metric=0.5319
Step  950 | loss 0.2751 | val_acc=0.5385 val_loss=2.4750 val_f1_macro=0.4822 val_f1_weighted=0.5370 val_prec_macro=0.4851 val_rec_macro=0.4801 val_metric_name=acc val_metric=0.5385
Step 1000 | loss 0.2673 | val_acc=0.5368 val_loss=2.5624 val_f1_macro=0.4803 val_f1_weighted=0.5355 val_prec_macro=0.4826 val_rec_macro=0.4787 val_metric_name=acc val_metric=0.5368
Step 1050 | loss 0.2330 | val_acc=0.5349 val_loss=2.6487 val_f1_macro=0.4781 val_f1_weighted=0.5331 val_prec_macro=0.4836 val_rec_macro=0.4735 val_metric_name=acc val_metric=0.5349
Step 1100 | loss 0.2156 | val_acc=0.5363 val_loss=2.7026 val_f1_macro=0.4816 val_f1_weighted=0.5356 val_prec_macro=0.4820 val_rec_macro=0.4818 val_metric_name=acc val_metric=0.5363
Step 1150 | loss 0.1994 | val_acc=0.5388 val_loss=2.7680 val_f1_macro=0.4830 val_f1_weighted=0.5376 val_prec_macro=0.4857 val_rec_macro=0.4810 val_metric_name=acc val_metric=0.5388
Step 1200 | loss 0.1914 | val_acc=0.5411 val_loss=2.8180 val_f1_macro=0.4872 val_f1_weighted=0.5393 val_prec_macro=0.4926 val_rec_macro=0.4828 val_metric_name=acc val_metric=0.5411
Step 1250 | loss 0.1714 | val_acc=0.5416 val_loss=2.8722 val_f1_macro=0.4869 val_f1_weighted=0.5398 val_prec_macro=0.4913 val_rec_macro=0.4834 val_metric_name=acc val_metric=0.5416
Step 1300 | loss 0.1606 | val_acc=0.5376 val_loss=2.9360 val_f1_macro=0.4838 val_f1_weighted=0.5366 val_prec_macro=0.4865 val_rec_macro=0.4816 val_metric_name=acc val_metric=0.5376
Step 1350 | loss 0.1513 | val_acc=0.5401 val_loss=2.9533 val_f1_macro=0.4847 val_f1_weighted=0.5387 val_prec_macro=0.4887 val_rec_macro=0.4814 val_metric_name=acc val_metric=0.5401
Step 1400 | loss 0.1381 | val_acc=0.5401 val_loss=2.9781 val_f1_macro=0.4830 val_f1_weighted=0.5377 val_prec_macro=0.4915 val_rec_macro=0.4763 val_metric_name=acc val_metric=0.5401
Step 1450 | loss 0.1314 | val_acc=0.5414 val_loss=3.0148 val_f1_macro=0.4855 val_f1_weighted=0.5395 val_prec_macro=0.4916 val_rec_macro=0.4807 val_metric_name=acc val_metric=0.5414
Step 1500 | loss 0.1269 | val_acc=0.5419 val_loss=3.0925 val_f1_macro=0.4860 val_f1_weighted=0.5401 val_prec_macro=0.4908 val_rec_macro=0.4822 val_metric_name=acc val_metric=0.5419
Step 1550 | loss 0.1289 | val_acc=0.5376 val_loss=3.1460 val_f1_macro=0.4830 val_f1_weighted=0.5369 val_prec_macro=0.4844 val_rec_macro=0.4819 val_metric_name=acc val_metric=0.5376
Step 1600 | loss 0.1118 | val_acc=0.5434 val_loss=3.1497 val_f1_macro=0.4868 val_f1_weighted=0.5415 val_prec_macro=0.4921 val_rec_macro=0.4827 val_metric_name=acc val_metric=0.5434
Step 1650 | loss 0.1087 | val_acc=0.5399 val_loss=3.1965 val_f1_macro=0.4836 val_f1_weighted=0.5384 val_prec_macro=0.4870 val_rec_macro=0.4810 val_metric_name=acc val_metric=0.5399
Step 1700 | loss 0.1121 | val_acc=0.5404 val_loss=3.2471 val_f1_macro=0.4856 val_f1_weighted=0.5391 val_prec_macro=0.4875 val_rec_macro=0.4846 val_metric_name=acc val_metric=0.5404
Step 1750 | loss 0.0974 | val_acc=0.5393 val_loss=3.2740 val_f1_macro=0.4820 val_f1_weighted=0.5376 val_prec_macro=0.4857 val_rec_macro=0.4792 val_metric_name=acc val_metric=0.5393
Step 1800 | loss 0.0911 | val_acc=0.5421 val_loss=3.2998 val_f1_macro=0.4849 val_f1_weighted=0.5404 val_prec_macro=0.4887 val_rec_macro=0.4818 val_metric_name=acc val_metric=0.5421
Step 1850 | loss 0.0896 | val_acc=0.5407 val_loss=3.3363 val_f1_macro=0.4848 val_f1_weighted=0.5393 val_prec_macro=0.4882 val_rec_macro=0.4821 val_metric_name=acc val_metric=0.5407
Step 1900 | loss 0.0884 | val_acc=0.5412 val_loss=3.3298 val_f1_macro=0.4852 val_f1_weighted=0.5395 val_prec_macro=0.4903 val_rec_macro=0.4810 val_metric_name=acc val_metric=0.5412
Step 1950 | loss 0.0800 | val_acc=0.5404 val_loss=3.3699 val_f1_macro=0.4846 val_f1_weighted=0.5386 val_prec_macro=0.4907 val_rec_macro=0.4796 val_metric_name=acc val_metric=0.5404
Step 2000 | loss 0.0761 | val_acc=0.5435 val_loss=3.3892 val_f1_macro=0.4876 val_f1_weighted=0.5418 val_prec_macro=0.4930 val_rec_macro=0.4835 val_metric_name=acc val_metric=0.5435
Step 2050 | loss 0.0731 | val_acc=0.5427 val_loss=3.4373 val_f1_macro=0.4861 val_f1_weighted=0.5409 val_prec_macro=0.4911 val_rec_macro=0.4820 val_metric_name=acc val_metric=0.5427
Step 2100 | loss 0.0695 | val_acc=0.5417 val_loss=3.4717 val_f1_macro=0.4850 val_f1_weighted=0.5404 val_prec_macro=0.4902 val_rec_macro=0.4808 val_metric_name=acc val_metric=0.5417
Step 2150 | loss 0.0704 | val_acc=0.5417 val_loss=3.4898 val_f1_macro=0.4853 val_f1_weighted=0.5400 val_prec_macro=0.4902 val_rec_macro=0.4814 val_metric_name=acc val_metric=0.5417
Early stopping at step 2180

--- Final (best ckpt @ step 1880) ---
  train_acc=0.9985 train_loss=0.0040 train_f1_macro=0.9977 train_f1_weighted=0.9985 train_prec_macro=0.9966 train_rec_macro=0.9988 train_metric_name=acc train_metric=0.9985
  val_acc=0.5455 val_loss=3.3576 val_f1_macro=0.4878 val_f1_weighted=0.5441 val_prec_macro=0.4915 val_rec_macro=0.4849 val_metric_name=acc val_metric=0.5455
  test_acc=0.5414 test_loss=3.3984 test_f1_macro=0.4852 test_f1_weighted=0.5398 test_prec_macro=0.4897 test_rec_macro=0.4817 test_metric_name=acc test_metric=0.5414
  test_acc=0.5414

============================================================
Training amazon-ratings GAT-sep 5L h=256 lr=1e-05 split=8
============================================================
Training for 5000 steps
Step    1 | loss 1.7886 | val_acc=0.2368 val_loss=1.7653 val_f1_macro=0.1144 val_f1_weighted=0.1288 val_prec_macro=0.2921 val_rec_macro=0.2084 val_metric_name=acc val_metric=0.2368
Step   50 | loss 1.4576 | val_acc=0.3681 val_loss=1.4551 val_f1_macro=0.1145 val_f1_weighted=0.2069 val_prec_macro=0.1859 val_rec_macro=0.2012 val_metric_name=acc val_metric=0.3681
Step  100 | loss 1.4296 | val_acc=0.3704 val_loss=1.4151 val_f1_macro=0.1208 val_f1_weighted=0.2153 val_prec_macro=0.3587 val_rec_macro=0.2034 val_metric_name=acc val_metric=0.3704
Step  150 | loss 1.4135 | val_acc=0.3773 val_loss=1.3942 val_f1_macro=0.1463 val_f1_weighted=0.2490 val_prec_macro=0.3602 val_rec_macro=0.2122 val_metric_name=acc val_metric=0.3773
Step  200 | loss 1.4014 | val_acc=0.3925 val_loss=1.3772 val_f1_macro=0.1789 val_f1_weighted=0.2918 val_prec_macro=0.2644 val_rec_macro=0.2305 val_metric_name=acc val_metric=0.3925
Step  250 | loss 1.3828 | val_acc=0.4024 val_loss=1.3643 val_f1_macro=0.1953 val_f1_weighted=0.3125 val_prec_macro=0.2399 val_rec_macro=0.2427 val_metric_name=acc val_metric=0.4024
Step  300 | loss 1.3631 | val_acc=0.4104 val_loss=1.3560 val_f1_macro=0.2086 val_f1_weighted=0.3287 val_prec_macro=0.2420 val_rec_macro=0.2522 val_metric_name=acc val_metric=0.4104
Step  350 | loss 1.3609 | val_acc=0.4160 val_loss=1.3500 val_f1_macro=0.2189 val_f1_weighted=0.3410 val_prec_macro=0.2372 val_rec_macro=0.2604 val_metric_name=acc val_metric=0.4160
Step  400 | loss 1.3458 | val_acc=0.4197 val_loss=1.3478 val_f1_macro=0.2303 val_f1_weighted=0.3533 val_prec_macro=0.2439 val_rec_macro=0.2685 val_metric_name=acc val_metric=0.4197
Step  450 | loss 1.3371 | val_acc=0.4235 val_loss=1.3417 val_f1_macro=0.2400 val_f1_weighted=0.3633 val_prec_macro=0.3624 val_rec_macro=0.2738 val_metric_name=acc val_metric=0.4235
Step  500 | loss 1.3268 | val_acc=0.4258 val_loss=1.3395 val_f1_macro=0.2483 val_f1_weighted=0.3723 val_prec_macro=0.3443 val_rec_macro=0.2789 val_metric_name=acc val_metric=0.4258
Step  550 | loss 1.3155 | val_acc=0.4285 val_loss=1.3352 val_f1_macro=0.2600 val_f1_weighted=0.3819 val_prec_macro=0.3266 val_rec_macro=0.2855 val_metric_name=acc val_metric=0.4285
Step  600 | loss 1.3106 | val_acc=0.4256 val_loss=1.3354 val_f1_macro=0.2610 val_f1_weighted=0.3799 val_prec_macro=0.3249 val_rec_macro=0.2869 val_metric_name=acc val_metric=0.4256
Step  650 | loss 1.3027 | val_acc=0.4248 val_loss=1.3360 val_f1_macro=0.2729 val_f1_weighted=0.3837 val_prec_macro=0.3991 val_rec_macro=0.2931 val_metric_name=acc val_metric=0.4248
Step  700 | loss 1.2928 | val_acc=0.4299 val_loss=1.3331 val_f1_macro=0.2861 val_f1_weighted=0.3928 val_prec_macro=0.4123 val_rec_macro=0.3009 val_metric_name=acc val_metric=0.4299
Step  750 | loss 1.2821 | val_acc=0.4339 val_loss=1.3357 val_f1_macro=0.2946 val_f1_weighted=0.3984 val_prec_macro=0.4085 val_rec_macro=0.3068 val_metric_name=acc val_metric=0.4339
Step  800 | loss 1.2722 | val_acc=0.4375 val_loss=1.3359 val_f1_macro=0.3038 val_f1_weighted=0.4051 val_prec_macro=0.4029 val_rec_macro=0.3132 val_metric_name=acc val_metric=0.4375
Step  850 | loss 1.2627 | val_acc=0.4416 val_loss=1.3371 val_f1_macro=0.3136 val_f1_weighted=0.4114 val_prec_macro=0.4128 val_rec_macro=0.3194 val_metric_name=acc val_metric=0.4416
Step  900 | loss 1.2523 | val_acc=0.4423 val_loss=1.3382 val_f1_macro=0.3200 val_f1_weighted=0.4146 val_prec_macro=0.4095 val_rec_macro=0.3233 val_metric_name=acc val_metric=0.4423
Step  950 | loss 1.2449 | val_acc=0.4436 val_loss=1.3390 val_f1_macro=0.3242 val_f1_weighted=0.4160 val_prec_macro=0.4087 val_rec_macro=0.3273 val_metric_name=acc val_metric=0.4436
Step 1000 | loss 1.2366 | val_acc=0.4475 val_loss=1.3423 val_f1_macro=0.3285 val_f1_weighted=0.4202 val_prec_macro=0.4154 val_rec_macro=0.3300 val_metric_name=acc val_metric=0.4475
Step 1050 | loss 1.2274 | val_acc=0.4491 val_loss=1.3423 val_f1_macro=0.3318 val_f1_weighted=0.4235 val_prec_macro=0.4041 val_rec_macro=0.3324 val_metric_name=acc val_metric=0.4491
Step 1100 | loss 1.2176 | val_acc=0.4514 val_loss=1.3473 val_f1_macro=0.3323 val_f1_weighted=0.4247 val_prec_macro=0.4128 val_rec_macro=0.3331 val_metric_name=acc val_metric=0.4514
Step 1150 | loss 1.2019 | val_acc=0.4542 val_loss=1.3521 val_f1_macro=0.3416 val_f1_weighted=0.4296 val_prec_macro=0.4114 val_rec_macro=0.3405 val_metric_name=acc val_metric=0.4542
Step 1200 | loss 1.1948 | val_acc=0.4545 val_loss=1.3459 val_f1_macro=0.3438 val_f1_weighted=0.4324 val_prec_macro=0.4100 val_rec_macro=0.3408 val_metric_name=acc val_metric=0.4545
Step 1250 | loss 1.1835 | val_acc=0.4581 val_loss=1.3501 val_f1_macro=0.3518 val_f1_weighted=0.4369 val_prec_macro=0.4155 val_rec_macro=0.3472 val_metric_name=acc val_metric=0.4581
Step 1300 | loss 1.1739 | val_acc=0.4599 val_loss=1.3515 val_f1_macro=0.3547 val_f1_weighted=0.4390 val_prec_macro=0.4157 val_rec_macro=0.3508 val_metric_name=acc val_metric=0.4599
Step 1350 | loss 1.1654 | val_acc=0.4588 val_loss=1.3609 val_f1_macro=0.3569 val_f1_weighted=0.4383 val_prec_macro=0.4144 val_rec_macro=0.3525 val_metric_name=acc val_metric=0.4588
Step 1400 | loss 1.1513 | val_acc=0.4624 val_loss=1.3592 val_f1_macro=0.3659 val_f1_weighted=0.4433 val_prec_macro=0.4235 val_rec_macro=0.3585 val_metric_name=acc val_metric=0.4624
Step 1450 | loss 1.1493 | val_acc=0.4593 val_loss=1.3589 val_f1_macro=0.3702 val_f1_weighted=0.4435 val_prec_macro=0.4158 val_rec_macro=0.3621 val_metric_name=acc val_metric=0.4593
Step 1500 | loss 1.1376 | val_acc=0.4602 val_loss=1.3662 val_f1_macro=0.3752 val_f1_weighted=0.4449 val_prec_macro=0.4219 val_rec_macro=0.3669 val_metric_name=acc val_metric=0.4602
Step 1550 | loss 1.1272 | val_acc=0.4599 val_loss=1.3685 val_f1_macro=0.3726 val_f1_weighted=0.4437 val_prec_macro=0.4200 val_rec_macro=0.3652 val_metric_name=acc val_metric=0.4599
Step 1600 | loss 1.1132 | val_acc=0.4643 val_loss=1.3703 val_f1_macro=0.3807 val_f1_weighted=0.4503 val_prec_macro=0.4201 val_rec_macro=0.3726 val_metric_name=acc val_metric=0.4643
Step 1650 | loss 1.1031 | val_acc=0.4666 val_loss=1.3745 val_f1_macro=0.3826 val_f1_weighted=0.4509 val_prec_macro=0.4281 val_rec_macro=0.3745 val_metric_name=acc val_metric=0.4666
Step 1700 | loss 1.0988 | val_acc=0.4673 val_loss=1.3754 val_f1_macro=0.3826 val_f1_weighted=0.4527 val_prec_macro=0.4234 val_rec_macro=0.3751 val_metric_name=acc val_metric=0.4673
Step 1750 | loss 1.0838 | val_acc=0.4687 val_loss=1.3794 val_f1_macro=0.3871 val_f1_weighted=0.4543 val_prec_macro=0.4281 val_rec_macro=0.3788 val_metric_name=acc val_metric=0.4687
Step 1800 | loss 1.0732 | val_acc=0.4715 val_loss=1.3829 val_f1_macro=0.3926 val_f1_weighted=0.4582 val_prec_macro=0.4319 val_rec_macro=0.3834 val_metric_name=acc val_metric=0.4715
Step 1850 | loss 1.0733 | val_acc=0.4710 val_loss=1.3921 val_f1_macro=0.3936 val_f1_weighted=0.4578 val_prec_macro=0.4291 val_rec_macro=0.3849 val_metric_name=acc val_metric=0.4710
Step 1900 | loss 1.0600 | val_acc=0.4708 val_loss=1.3941 val_f1_macro=0.3944 val_f1_weighted=0.4576 val_prec_macro=0.4308 val_rec_macro=0.3862 val_metric_name=acc val_metric=0.4708
Step 1950 | loss 1.0426 | val_acc=0.4728 val_loss=1.3970 val_f1_macro=0.3975 val_f1_weighted=0.4601 val_prec_macro=0.4328 val_rec_macro=0.3889 val_metric_name=acc val_metric=0.4728
Step 2000 | loss 1.0453 | val_acc=0.4762 val_loss=1.3983 val_f1_macro=0.4051 val_f1_weighted=0.4649 val_prec_macro=0.4381 val_rec_macro=0.3958 val_metric_name=acc val_metric=0.4762
Step 2050 | loss 1.0212 | val_acc=0.4769 val_loss=1.4072 val_f1_macro=0.4057 val_f1_weighted=0.4654 val_prec_macro=0.4373 val_rec_macro=0.3975 val_metric_name=acc val_metric=0.4769
Step 2100 | loss 1.0229 | val_acc=0.4789 val_loss=1.4156 val_f1_macro=0.4074 val_f1_weighted=0.4674 val_prec_macro=0.4384 val_rec_macro=0.3992 val_metric_name=acc val_metric=0.4789
Step 2150 | loss 1.0061 | val_acc=0.4849 val_loss=1.4180 val_f1_macro=0.4122 val_f1_weighted=0.4736 val_prec_macro=0.4456 val_rec_macro=0.4029 val_metric_name=acc val_metric=0.4849
Step 2200 | loss 0.9978 | val_acc=0.4802 val_loss=1.4227 val_f1_macro=0.4106 val_f1_weighted=0.4703 val_prec_macro=0.4392 val_rec_macro=0.4017 val_metric_name=acc val_metric=0.4802
Step 2250 | loss 0.9912 | val_acc=0.4836 val_loss=1.4307 val_f1_macro=0.4102 val_f1_weighted=0.4726 val_prec_macro=0.4409 val_rec_macro=0.4009 val_metric_name=acc val_metric=0.4836
Step 2300 | loss 0.9819 | val_acc=0.4844 val_loss=1.4354 val_f1_macro=0.4118 val_f1_weighted=0.4743 val_prec_macro=0.4378 val_rec_macro=0.4043 val_metric_name=acc val_metric=0.4844
Step 2350 | loss 0.9668 | val_acc=0.4854 val_loss=1.4392 val_f1_macro=0.4165 val_f1_weighted=0.4769 val_prec_macro=0.4379 val_rec_macro=0.4088 val_metric_name=acc val_metric=0.4854
Step 2400 | loss 0.9590 | val_acc=0.4867 val_loss=1.4552 val_f1_macro=0.4187 val_f1_weighted=0.4775 val_prec_macro=0.4414 val_rec_macro=0.4115 val_metric_name=acc val_metric=0.4867
Step 2450 | loss 0.9479 | val_acc=0.4890 val_loss=1.4625 val_f1_macro=0.4206 val_f1_weighted=0.4801 val_prec_macro=0.4422 val_rec_macro=0.4128 val_metric_name=acc val_metric=0.4890
Step 2500 | loss 0.9397 | val_acc=0.4924 val_loss=1.4643 val_f1_macro=0.4229 val_f1_weighted=0.4832 val_prec_macro=0.4454 val_rec_macro=0.4152 val_metric_name=acc val_metric=0.4924
Step 2550 | loss 0.9317 | val_acc=0.4924 val_loss=1.4761 val_f1_macro=0.4247 val_f1_weighted=0.4834 val_prec_macro=0.4453 val_rec_macro=0.4177 val_metric_name=acc val_metric=0.4924
Step 2600 | loss 0.9268 | val_acc=0.4945 val_loss=1.4877 val_f1_macro=0.4299 val_f1_weighted=0.4863 val_prec_macro=0.4474 val_rec_macro=0.4240 val_metric_name=acc val_metric=0.4945
Step 2650 | loss 0.9138 | val_acc=0.4968 val_loss=1.4878 val_f1_macro=0.4299 val_f1_weighted=0.4883 val_prec_macro=0.4489 val_rec_macro=0.4233 val_metric_name=acc val_metric=0.4968
Step 2700 | loss 0.9052 | val_acc=0.4953 val_loss=1.4903 val_f1_macro=0.4291 val_f1_weighted=0.4869 val_prec_macro=0.4499 val_rec_macro=0.4214 val_metric_name=acc val_metric=0.4953
Step 2750 | loss 0.8956 | val_acc=0.4968 val_loss=1.4997 val_f1_macro=0.4337 val_f1_weighted=0.4891 val_prec_macro=0.4505 val_rec_macro=0.4275 val_metric_name=acc val_metric=0.4968
Step 2800 | loss 0.8833 | val_acc=0.4984 val_loss=1.5091 val_f1_macro=0.4335 val_f1_weighted=0.4913 val_prec_macro=0.4491 val_rec_macro=0.4270 val_metric_name=acc val_metric=0.4984
Step 2850 | loss 0.8793 | val_acc=0.4994 val_loss=1.5143 val_f1_macro=0.4346 val_f1_weighted=0.4922 val_prec_macro=0.4512 val_rec_macro=0.4274 val_metric_name=acc val_metric=0.4994
Step 2900 | loss 0.8671 | val_acc=0.5014 val_loss=1.5277 val_f1_macro=0.4350 val_f1_weighted=0.4941 val_prec_macro=0.4500 val_rec_macro=0.4295 val_metric_name=acc val_metric=0.5014
Step 2950 | loss 0.8602 | val_acc=0.5019 val_loss=1.5321 val_f1_macro=0.4394 val_f1_weighted=0.4958 val_prec_macro=0.4530 val_rec_macro=0.4335 val_metric_name=acc val_metric=0.5019
Step 3000 | loss 0.8552 | val_acc=0.5040 val_loss=1.5443 val_f1_macro=0.4405 val_f1_weighted=0.4971 val_prec_macro=0.4573 val_rec_macro=0.4331 val_metric_name=acc val_metric=0.5040
Step 3050 | loss 0.8385 | val_acc=0.5017 val_loss=1.5609 val_f1_macro=0.4367 val_f1_weighted=0.4951 val_prec_macro=0.4499 val_rec_macro=0.4323 val_metric_name=acc val_metric=0.5017
Step 3100 | loss 0.8255 | val_acc=0.5027 val_loss=1.5651 val_f1_macro=0.4392 val_f1_weighted=0.4965 val_prec_macro=0.4515 val_rec_macro=0.4346 val_metric_name=acc val_metric=0.5027
Step 3150 | loss 0.8191 | val_acc=0.5040 val_loss=1.5665 val_f1_macro=0.4428 val_f1_weighted=0.4980 val_prec_macro=0.4558 val_rec_macro=0.4370 val_metric_name=acc val_metric=0.5040
Step 3200 | loss 0.8168 | val_acc=0.5071 val_loss=1.5780 val_f1_macro=0.4443 val_f1_weighted=0.5009 val_prec_macro=0.4571 val_rec_macro=0.4390 val_metric_name=acc val_metric=0.5071
Step 3250 | loss 0.8053 | val_acc=0.5048 val_loss=1.5903 val_f1_macro=0.4437 val_f1_weighted=0.4993 val_prec_macro=0.4547 val_rec_macro=0.4391 val_metric_name=acc val_metric=0.5048
Step 3300 | loss 0.7880 | val_acc=0.5060 val_loss=1.6057 val_f1_macro=0.4456 val_f1_weighted=0.5009 val_prec_macro=0.4553 val_rec_macro=0.4418 val_metric_name=acc val_metric=0.5060
Step 3350 | loss 0.7754 | val_acc=0.5060 val_loss=1.6110 val_f1_macro=0.4448 val_f1_weighted=0.5003 val_prec_macro=0.4576 val_rec_macro=0.4389 val_metric_name=acc val_metric=0.5060
Step 3400 | loss 0.7715 | val_acc=0.5061 val_loss=1.6261 val_f1_macro=0.4468 val_f1_weighted=0.5012 val_prec_macro=0.4560 val_rec_macro=0.4434 val_metric_name=acc val_metric=0.5061
Step 3450 | loss 0.7704 | val_acc=0.5066 val_loss=1.6333 val_f1_macro=0.4463 val_f1_weighted=0.5017 val_prec_macro=0.4561 val_rec_macro=0.4421 val_metric_name=acc val_metric=0.5066
Step 3500 | loss 0.7687 | val_acc=0.5068 val_loss=1.6396 val_f1_macro=0.4458 val_f1_weighted=0.5019 val_prec_macro=0.4554 val_rec_macro=0.4419 val_metric_name=acc val_metric=0.5068
Step 3550 | loss 0.7553 | val_acc=0.5079 val_loss=1.6557 val_f1_macro=0.4489 val_f1_weighted=0.5032 val_prec_macro=0.4574 val_rec_macro=0.4462 val_metric_name=acc val_metric=0.5079
Step 3600 | loss 0.7389 | val_acc=0.5081 val_loss=1.6630 val_f1_macro=0.4478 val_f1_weighted=0.5033 val_prec_macro=0.4570 val_rec_macro=0.4442 val_metric_name=acc val_metric=0.5081
Step 3650 | loss 0.7372 | val_acc=0.5082 val_loss=1.6772 val_f1_macro=0.4486 val_f1_weighted=0.5041 val_prec_macro=0.4557 val_rec_macro=0.4460 val_metric_name=acc val_metric=0.5082
Step 3700 | loss 0.7202 | val_acc=0.5094 val_loss=1.6808 val_f1_macro=0.4501 val_f1_weighted=0.5053 val_prec_macro=0.4573 val_rec_macro=0.4474 val_metric_name=acc val_metric=0.5094
Step 3750 | loss 0.7246 | val_acc=0.5099 val_loss=1.6858 val_f1_macro=0.4511 val_f1_weighted=0.5059 val_prec_macro=0.4586 val_rec_macro=0.4475 val_metric_name=acc val_metric=0.5099
Step 3800 | loss 0.7114 | val_acc=0.5112 val_loss=1.7014 val_f1_macro=0.4523 val_f1_weighted=0.5068 val_prec_macro=0.4609 val_rec_macro=0.4485 val_metric_name=acc val_metric=0.5112
Step 3850 | loss 0.6989 | val_acc=0.5115 val_loss=1.7104 val_f1_macro=0.4539 val_f1_weighted=0.5077 val_prec_macro=0.4612 val_rec_macro=0.4510 val_metric_name=acc val_metric=0.5115
Step 3900 | loss 0.6984 | val_acc=0.5133 val_loss=1.7256 val_f1_macro=0.4549 val_f1_weighted=0.5099 val_prec_macro=0.4616 val_rec_macro=0.4524 val_metric_name=acc val_metric=0.5133
Step 3950 | loss 0.6919 | val_acc=0.5117 val_loss=1.7383 val_f1_macro=0.4524 val_f1_weighted=0.5076 val_prec_macro=0.4604 val_rec_macro=0.4495 val_metric_name=acc val_metric=0.5117
Step 4000 | loss 0.6816 | val_acc=0.5128 val_loss=1.7442 val_f1_macro=0.4537 val_f1_weighted=0.5093 val_prec_macro=0.4589 val_rec_macro=0.4527 val_metric_name=acc val_metric=0.5128
Step 4050 | loss 0.6730 | val_acc=0.5153 val_loss=1.7593 val_f1_macro=0.4561 val_f1_weighted=0.5117 val_prec_macro=0.4619 val_rec_macro=0.4552 val_metric_name=acc val_metric=0.5153
Step 4100 | loss 0.6612 | val_acc=0.5143 val_loss=1.7731 val_f1_macro=0.4556 val_f1_weighted=0.5112 val_prec_macro=0.4609 val_rec_macro=0.4541 val_metric_name=acc val_metric=0.5143
Step 4150 | loss 0.6580 | val_acc=0.5174 val_loss=1.7757 val_f1_macro=0.4592 val_f1_weighted=0.5144 val_prec_macro=0.4635 val_rec_macro=0.4585 val_metric_name=acc val_metric=0.5174
Step 4200 | loss 0.6479 | val_acc=0.5161 val_loss=1.7931 val_f1_macro=0.4581 val_f1_weighted=0.5130 val_prec_macro=0.4634 val_rec_macro=0.4566 val_metric_name=acc val_metric=0.5161
Step 4250 | loss 0.6306 | val_acc=0.5158 val_loss=1.8060 val_f1_macro=0.4590 val_f1_weighted=0.5133 val_prec_macro=0.4625 val_rec_macro=0.4585 val_metric_name=acc val_metric=0.5158
Step 4300 | loss 0.6373 | val_acc=0.5164 val_loss=1.8166 val_f1_macro=0.4598 val_f1_weighted=0.5140 val_prec_macro=0.4628 val_rec_macro=0.4596 val_metric_name=acc val_metric=0.5164
Step 4350 | loss 0.6176 | val_acc=0.5179 val_loss=1.8259 val_f1_macro=0.4599 val_f1_weighted=0.5149 val_prec_macro=0.4654 val_rec_macro=0.4582 val_metric_name=acc val_metric=0.5179
Step 4400 | loss 0.6143 | val_acc=0.5185 val_loss=1.8403 val_f1_macro=0.4601 val_f1_weighted=0.5162 val_prec_macro=0.4625 val_rec_macro=0.4610 val_metric_name=acc val_metric=0.5185
Step 4450 | loss 0.6113 | val_acc=0.5194 val_loss=1.8545 val_f1_macro=0.4596 val_f1_weighted=0.5165 val_prec_macro=0.4635 val_rec_macro=0.4592 val_metric_name=acc val_metric=0.5194
Step 4500 | loss 0.6075 | val_acc=0.5187 val_loss=1.8582 val_f1_macro=0.4599 val_f1_weighted=0.5165 val_prec_macro=0.4619 val_rec_macro=0.4610 val_metric_name=acc val_metric=0.5187
Step 4550 | loss 0.5951 | val_acc=0.5185 val_loss=1.8694 val_f1_macro=0.4598 val_f1_weighted=0.5162 val_prec_macro=0.4625 val_rec_macro=0.4598 val_metric_name=acc val_metric=0.5185
Step 4600 | loss 0.5854 | val_acc=0.5189 val_loss=1.8843 val_f1_macro=0.4603 val_f1_weighted=0.5164 val_prec_macro=0.4636 val_rec_macro=0.4601 val_metric_name=acc val_metric=0.5189
Step 4650 | loss 0.5795 | val_acc=0.5177 val_loss=1.8928 val_f1_macro=0.4599 val_f1_weighted=0.5156 val_prec_macro=0.4620 val_rec_macro=0.4603 val_metric_name=acc val_metric=0.5177
Step 4700 | loss 0.5643 | val_acc=0.5184 val_loss=1.9077 val_f1_macro=0.4598 val_f1_weighted=0.5162 val_prec_macro=0.4626 val_rec_macro=0.4594 val_metric_name=acc val_metric=0.5184
Step 4750 | loss 0.5613 | val_acc=0.5182 val_loss=1.9174 val_f1_macro=0.4596 val_f1_weighted=0.5162 val_prec_macro=0.4615 val_rec_macro=0.4604 val_metric_name=acc val_metric=0.5182
Step 4800 | loss 0.5652 | val_acc=0.5174 val_loss=1.9315 val_f1_macro=0.4583 val_f1_weighted=0.5151 val_prec_macro=0.4609 val_rec_macro=0.4582 val_metric_name=acc val_metric=0.5174
Step 4850 | loss 0.5501 | val_acc=0.5195 val_loss=1.9375 val_f1_macro=0.4613 val_f1_weighted=0.5174 val_prec_macro=0.4642 val_rec_macro=0.4603 val_metric_name=acc val_metric=0.5195
Step 4900 | loss 0.5477 | val_acc=0.5203 val_loss=1.9594 val_f1_macro=0.4618 val_f1_weighted=0.5182 val_prec_macro=0.4645 val_rec_macro=0.4618 val_metric_name=acc val_metric=0.5203
Step 4950 | loss 0.5409 | val_acc=0.5211 val_loss=1.9671 val_f1_macro=0.4629 val_f1_weighted=0.5188 val_prec_macro=0.4661 val_rec_macro=0.4622 val_metric_name=acc val_metric=0.5211
Step 5000 | loss 0.5311 | val_acc=0.5211 val_loss=1.9768 val_f1_macro=0.4625 val_f1_weighted=0.5190 val_prec_macro=0.4653 val_rec_macro=0.4622 val_metric_name=acc val_metric=0.5211

--- Final (best ckpt @ step 4930) ---
  train_acc=0.9020 train_loss=0.2668 train_f1_macro=0.8973 train_f1_weighted=0.9021 train_prec_macro=0.8909 train_rec_macro=0.9058 train_metric_name=acc train_metric=0.9020
  val_acc=0.5225 val_loss=1.9652 val_f1_macro=0.4639 val_f1_weighted=0.5201 val_prec_macro=0.4679 val_rec_macro=0.4623 val_metric_name=acc val_metric=0.5225
  test_acc=0.5151 test_loss=1.9498 test_f1_macro=0.4546 test_f1_weighted=0.5133 test_prec_macro=0.4559 test_rec_macro=0.4564 test_metric_name=acc test_metric=0.5151
  test_acc=0.5151

============================================================
Training amazon-ratings GAT-sep 5L h=384 lr=3e-05 split=8
============================================================
Training for 5000 steps
Step    1 | loss 1.7669 | val_acc=0.3678 val_loss=1.4841 val_f1_macro=0.1109 val_f1_weighted=0.2022 val_prec_macro=0.2352 val_rec_macro=0.2005 val_metric_name=acc val_metric=0.3678
Step   50 | loss 1.4084 | val_acc=0.3916 val_loss=1.3877 val_f1_macro=0.1754 val_f1_weighted=0.2878 val_prec_macro=0.3600 val_rec_macro=0.2289 val_metric_name=acc val_metric=0.3916
Step  100 | loss 1.3553 | val_acc=0.4152 val_loss=1.3528 val_f1_macro=0.2278 val_f1_weighted=0.3510 val_prec_macro=0.2385 val_rec_macro=0.2604 val_metric_name=acc val_metric=0.4152
Step  150 | loss 1.3173 | val_acc=0.4264 val_loss=1.3450 val_f1_macro=0.2605 val_f1_weighted=0.3755 val_prec_macro=0.3944 val_rec_macro=0.2850 val_metric_name=acc val_metric=0.4264
Step  200 | loss 1.2811 | val_acc=0.4330 val_loss=1.3480 val_f1_macro=0.2943 val_f1_weighted=0.3974 val_prec_macro=0.3969 val_rec_macro=0.3057 val_metric_name=acc val_metric=0.4330
Step  250 | loss 1.2423 | val_acc=0.4450 val_loss=1.3494 val_f1_macro=0.3343 val_f1_weighted=0.4258 val_prec_macro=0.3993 val_rec_macro=0.3331 val_metric_name=acc val_metric=0.4450
Step  300 | loss 1.2083 | val_acc=0.4472 val_loss=1.3612 val_f1_macro=0.3426 val_f1_weighted=0.4285 val_prec_macro=0.3786 val_rec_macro=0.3419 val_metric_name=acc val_metric=0.4472
Step  350 | loss 1.1677 | val_acc=0.4519 val_loss=1.3803 val_f1_macro=0.3590 val_f1_weighted=0.4357 val_prec_macro=0.3919 val_rec_macro=0.3555 val_metric_name=acc val_metric=0.4519
Step  400 | loss 1.1260 | val_acc=0.4601 val_loss=1.4126 val_f1_macro=0.3731 val_f1_weighted=0.4461 val_prec_macro=0.3999 val_rec_macro=0.3693 val_metric_name=acc val_metric=0.4601
Step  450 | loss 1.0966 | val_acc=0.4702 val_loss=1.4242 val_f1_macro=0.3772 val_f1_weighted=0.4538 val_prec_macro=0.4123 val_rec_macro=0.3709 val_metric_name=acc val_metric=0.4702
Step  500 | loss 1.0528 | val_acc=0.4789 val_loss=1.4551 val_f1_macro=0.3924 val_f1_weighted=0.4614 val_prec_macro=0.4304 val_rec_macro=0.3860 val_metric_name=acc val_metric=0.4789
Step  550 | loss 1.0178 | val_acc=0.4831 val_loss=1.4726 val_f1_macro=0.4106 val_f1_weighted=0.4715 val_prec_macro=0.4387 val_rec_macro=0.4022 val_metric_name=acc val_metric=0.4831
Step  600 | loss 0.9793 | val_acc=0.4849 val_loss=1.5076 val_f1_macro=0.4168 val_f1_weighted=0.4738 val_prec_macro=0.4407 val_rec_macro=0.4118 val_metric_name=acc val_metric=0.4849
Step  650 | loss 0.9375 | val_acc=0.4888 val_loss=1.5424 val_f1_macro=0.4193 val_f1_weighted=0.4794 val_prec_macro=0.4420 val_rec_macro=0.4111 val_metric_name=acc val_metric=0.4888
Step  700 | loss 0.8962 | val_acc=0.4949 val_loss=1.5540 val_f1_macro=0.4256 val_f1_weighted=0.4854 val_prec_macro=0.4481 val_rec_macro=0.4180 val_metric_name=acc val_metric=0.4949
Step  750 | loss 0.8595 | val_acc=0.4984 val_loss=1.6054 val_f1_macro=0.4296 val_f1_weighted=0.4895 val_prec_macro=0.4519 val_rec_macro=0.4225 val_metric_name=acc val_metric=0.4984
Step  800 | loss 0.8184 | val_acc=0.5094 val_loss=1.6401 val_f1_macro=0.4436 val_f1_weighted=0.5017 val_prec_macro=0.4645 val_rec_macro=0.4349 val_metric_name=acc val_metric=0.5094
Step  850 | loss 0.7764 | val_acc=0.5058 val_loss=1.6929 val_f1_macro=0.4420 val_f1_weighted=0.4989 val_prec_macro=0.4593 val_rec_macro=0.4353 val_metric_name=acc val_metric=0.5058
Step  900 | loss 0.7347 | val_acc=0.5128 val_loss=1.7378 val_f1_macro=0.4465 val_f1_weighted=0.5068 val_prec_macro=0.4619 val_rec_macro=0.4394 val_metric_name=acc val_metric=0.5128
Step  950 | loss 0.6902 | val_acc=0.5149 val_loss=1.7957 val_f1_macro=0.4535 val_f1_weighted=0.5102 val_prec_macro=0.4654 val_rec_macro=0.4490 val_metric_name=acc val_metric=0.5149
Step 1000 | loss 0.6467 | val_acc=0.5135 val_loss=1.8575 val_f1_macro=0.4532 val_f1_weighted=0.5101 val_prec_macro=0.4597 val_rec_macro=0.4511 val_metric_name=acc val_metric=0.5135
Step 1050 | loss 0.6198 | val_acc=0.5184 val_loss=1.9289 val_f1_macro=0.4599 val_f1_weighted=0.5156 val_prec_macro=0.4661 val_rec_macro=0.4582 val_metric_name=acc val_metric=0.5184
Step 1100 | loss 0.5694 | val_acc=0.5177 val_loss=2.0059 val_f1_macro=0.4614 val_f1_weighted=0.5157 val_prec_macro=0.4648 val_rec_macro=0.4632 val_metric_name=acc val_metric=0.5177
Step 1150 | loss 0.5428 | val_acc=0.5236 val_loss=2.0500 val_f1_macro=0.4684 val_f1_weighted=0.5209 val_prec_macro=0.4755 val_rec_macro=0.4660 val_metric_name=acc val_metric=0.5236
Step 1200 | loss 0.5055 | val_acc=0.5262 val_loss=2.1166 val_f1_macro=0.4718 val_f1_weighted=0.5242 val_prec_macro=0.4777 val_rec_macro=0.4691 val_metric_name=acc val_metric=0.5262
Step 1250 | loss 0.4724 | val_acc=0.5318 val_loss=2.1929 val_f1_macro=0.4747 val_f1_weighted=0.5294 val_prec_macro=0.4804 val_rec_macro=0.4735 val_metric_name=acc val_metric=0.5318
Step 1300 | loss 0.4362 | val_acc=0.5324 val_loss=2.2574 val_f1_macro=0.4758 val_f1_weighted=0.5302 val_prec_macro=0.4810 val_rec_macro=0.4743 val_metric_name=acc val_metric=0.5324
Step 1350 | loss 0.4112 | val_acc=0.5319 val_loss=2.3344 val_f1_macro=0.4745 val_f1_weighted=0.5301 val_prec_macro=0.4783 val_rec_macro=0.4732 val_metric_name=acc val_metric=0.5319
Step 1400 | loss 0.3869 | val_acc=0.5337 val_loss=2.4114 val_f1_macro=0.4769 val_f1_weighted=0.5319 val_prec_macro=0.4797 val_rec_macro=0.4766 val_metric_name=acc val_metric=0.5337
Step 1450 | loss 0.3662 | val_acc=0.5329 val_loss=2.4720 val_f1_macro=0.4767 val_f1_weighted=0.5313 val_prec_macro=0.4796 val_rec_macro=0.4772 val_metric_name=acc val_metric=0.5329
Step 1500 | loss 0.3406 | val_acc=0.5354 val_loss=2.5250 val_f1_macro=0.4804 val_f1_weighted=0.5338 val_prec_macro=0.4832 val_rec_macro=0.4800 val_metric_name=acc val_metric=0.5354
Step 1550 | loss 0.3129 | val_acc=0.5367 val_loss=2.6037 val_f1_macro=0.4797 val_f1_weighted=0.5350 val_prec_macro=0.4839 val_rec_macro=0.4784 val_metric_name=acc val_metric=0.5367
Step 1600 | loss 0.3008 | val_acc=0.5345 val_loss=2.6588 val_f1_macro=0.4787 val_f1_weighted=0.5333 val_prec_macro=0.4809 val_rec_macro=0.4788 val_metric_name=acc val_metric=0.5345
Step 1650 | loss 0.2807 | val_acc=0.5367 val_loss=2.6974 val_f1_macro=0.4830 val_f1_weighted=0.5355 val_prec_macro=0.4853 val_rec_macro=0.4817 val_metric_name=acc val_metric=0.5367
Step 1700 | loss 0.2676 | val_acc=0.5385 val_loss=2.7886 val_f1_macro=0.4833 val_f1_weighted=0.5374 val_prec_macro=0.4847 val_rec_macro=0.4833 val_metric_name=acc val_metric=0.5385
Step 1750 | loss 0.2465 | val_acc=0.5360 val_loss=2.8558 val_f1_macro=0.4789 val_f1_weighted=0.5349 val_prec_macro=0.4802 val_rec_macro=0.4797 val_metric_name=acc val_metric=0.5360
Step 1800 | loss 0.2349 | val_acc=0.5362 val_loss=2.8908 val_f1_macro=0.4799 val_f1_weighted=0.5354 val_prec_macro=0.4803 val_rec_macro=0.4817 val_metric_name=acc val_metric=0.5362
Step 1850 | loss 0.2180 | val_acc=0.5365 val_loss=2.9368 val_f1_macro=0.4805 val_f1_weighted=0.5357 val_prec_macro=0.4808 val_rec_macro=0.4820 val_metric_name=acc val_metric=0.5365
Step 1900 | loss 0.1992 | val_acc=0.5414 val_loss=3.0030 val_f1_macro=0.4859 val_f1_weighted=0.5402 val_prec_macro=0.4875 val_rec_macro=0.4860 val_metric_name=acc val_metric=0.5414
Step 1950 | loss 0.1954 | val_acc=0.5375 val_loss=3.0210 val_f1_macro=0.4809 val_f1_weighted=0.5365 val_prec_macro=0.4823 val_rec_macro=0.4807 val_metric_name=acc val_metric=0.5375
Step 2000 | loss 0.1833 | val_acc=0.5385 val_loss=3.0765 val_f1_macro=0.4815 val_f1_weighted=0.5376 val_prec_macro=0.4825 val_rec_macro=0.4817 val_metric_name=acc val_metric=0.5385
Step 2050 | loss 0.1781 | val_acc=0.5390 val_loss=3.1065 val_f1_macro=0.4826 val_f1_weighted=0.5376 val_prec_macro=0.4845 val_rec_macro=0.4821 val_metric_name=acc val_metric=0.5390
Step 2100 | loss 0.1664 | val_acc=0.5368 val_loss=3.1597 val_f1_macro=0.4802 val_f1_weighted=0.5355 val_prec_macro=0.4820 val_rec_macro=0.4798 val_metric_name=acc val_metric=0.5368
Step 2150 | loss 0.1570 | val_acc=0.5381 val_loss=3.2194 val_f1_macro=0.4805 val_f1_weighted=0.5373 val_prec_macro=0.4808 val_rec_macro=0.4815 val_metric_name=acc val_metric=0.5381
Step 2200 | loss 0.1538 | val_acc=0.5358 val_loss=3.2379 val_f1_macro=0.4787 val_f1_weighted=0.5348 val_prec_macro=0.4796 val_rec_macro=0.4789 val_metric_name=acc val_metric=0.5358
Early stopping at step 2202

--- Final (best ckpt @ step 1900) ---
  train_acc=0.9915 train_loss=0.0280 train_f1_macro=0.9894 train_f1_weighted=0.9915 train_prec_macro=0.9865 train_rec_macro=0.9925 train_metric_name=acc train_metric=0.9915
  val_acc=0.5414 val_loss=3.0030 val_f1_macro=0.4859 val_f1_weighted=0.5402 val_prec_macro=0.4875 val_rec_macro=0.4860 val_metric_name=acc val_metric=0.5414
  test_acc=0.5314 test_loss=3.0242 test_f1_macro=0.4727 test_f1_weighted=0.5298 test_prec_macro=0.4746 test_rec_macro=0.4725 test_metric_name=acc test_metric=0.5314
  test_acc=0.5314

============================================================
Training amazon-ratings GAT-sep 5L h=384 lr=6e-05 split=8
============================================================
Training for 5000 steps
Step    1 | loss 1.7669 | val_acc=0.3678 val_loss=1.4896 val_f1_macro=0.1098 val_f1_weighted=0.2007 val_prec_macro=0.3553 val_rec_macro=0.2004 val_metric_name=acc val_metric=0.3678
Step   50 | loss 1.3810 | val_acc=0.4023 val_loss=1.3696 val_f1_macro=0.1958 val_f1_weighted=0.3131 val_prec_macro=0.2471 val_rec_macro=0.2420 val_metric_name=acc val_metric=0.4023
Step  100 | loss 1.3119 | val_acc=0.4253 val_loss=1.3426 val_f1_macro=0.2622 val_f1_weighted=0.3773 val_prec_macro=0.3826 val_rec_macro=0.2862 val_metric_name=acc val_metric=0.4253
Step  150 | loss 1.2533 | val_acc=0.4441 val_loss=1.3442 val_f1_macro=0.3243 val_f1_weighted=0.4176 val_prec_macro=0.4075 val_rec_macro=0.3269 val_metric_name=acc val_metric=0.4441
Step  200 | loss 1.1971 | val_acc=0.4529 val_loss=1.3651 val_f1_macro=0.3381 val_f1_weighted=0.4270 val_prec_macro=0.3938 val_rec_macro=0.3364 val_metric_name=acc val_metric=0.4529
Step  250 | loss 1.1351 | val_acc=0.4540 val_loss=1.3931 val_f1_macro=0.3678 val_f1_weighted=0.4428 val_prec_macro=0.3904 val_rec_macro=0.3622 val_metric_name=acc val_metric=0.4540
Step  300 | loss 1.0690 | val_acc=0.4759 val_loss=1.4376 val_f1_macro=0.3926 val_f1_weighted=0.4640 val_prec_macro=0.4195 val_rec_macro=0.3839 val_metric_name=acc val_metric=0.4759
Step  350 | loss 0.9987 | val_acc=0.4790 val_loss=1.4817 val_f1_macro=0.4066 val_f1_weighted=0.4679 val_prec_macro=0.4297 val_rec_macro=0.4011 val_metric_name=acc val_metric=0.4790
Step  400 | loss 0.9340 | val_acc=0.4903 val_loss=1.5281 val_f1_macro=0.4222 val_f1_weighted=0.4813 val_prec_macro=0.4463 val_rec_macro=0.4127 val_metric_name=acc val_metric=0.4903
Step  450 | loss 0.8671 | val_acc=0.4981 val_loss=1.5559 val_f1_macro=0.4336 val_f1_weighted=0.4911 val_prec_macro=0.4554 val_rec_macro=0.4237 val_metric_name=acc val_metric=0.4981
Step  500 | loss 0.7898 | val_acc=0.5071 val_loss=1.6635 val_f1_macro=0.4447 val_f1_weighted=0.5009 val_prec_macro=0.4576 val_rec_macro=0.4410 val_metric_name=acc val_metric=0.5071
Step  550 | loss 0.7089 | val_acc=0.5128 val_loss=1.7415 val_f1_macro=0.4478 val_f1_weighted=0.5071 val_prec_macro=0.4618 val_rec_macro=0.4429 val_metric_name=acc val_metric=0.5128
Step  600 | loss 0.6339 | val_acc=0.5151 val_loss=1.8756 val_f1_macro=0.4532 val_f1_weighted=0.5117 val_prec_macro=0.4609 val_rec_macro=0.4532 val_metric_name=acc val_metric=0.5151
Step  650 | loss 0.5779 | val_acc=0.5213 val_loss=1.9670 val_f1_macro=0.4615 val_f1_weighted=0.5178 val_prec_macro=0.4709 val_rec_macro=0.4573 val_metric_name=acc val_metric=0.5213
Step  700 | loss 0.5043 | val_acc=0.5256 val_loss=2.0829 val_f1_macro=0.4682 val_f1_weighted=0.5224 val_prec_macro=0.4776 val_rec_macro=0.4635 val_metric_name=acc val_metric=0.5256
Step  750 | loss 0.4559 | val_acc=0.5300 val_loss=2.2384 val_f1_macro=0.4730 val_f1_weighted=0.5276 val_prec_macro=0.4786 val_rec_macro=0.4711 val_metric_name=acc val_metric=0.5300
Step  800 | loss 0.3989 | val_acc=0.5332 val_loss=2.3577 val_f1_macro=0.4759 val_f1_weighted=0.5307 val_prec_macro=0.4824 val_rec_macro=0.4726 val_metric_name=acc val_metric=0.5332
Step  850 | loss 0.3533 | val_acc=0.5344 val_loss=2.4419 val_f1_macro=0.4786 val_f1_weighted=0.5325 val_prec_macro=0.4834 val_rec_macro=0.4760 val_metric_name=acc val_metric=0.5344
Step  900 | loss 0.3213 | val_acc=0.5358 val_loss=2.5476 val_f1_macro=0.4775 val_f1_weighted=0.5334 val_prec_macro=0.4839 val_rec_macro=0.4734 val_metric_name=acc val_metric=0.5358
Step  950 | loss 0.2707 | val_acc=0.5368 val_loss=2.6778 val_f1_macro=0.4799 val_f1_weighted=0.5358 val_prec_macro=0.4819 val_rec_macro=0.4800 val_metric_name=acc val_metric=0.5368
Step 1000 | loss 0.2386 | val_acc=0.5368 val_loss=2.7859 val_f1_macro=0.4809 val_f1_weighted=0.5358 val_prec_macro=0.4821 val_rec_macro=0.4815 val_metric_name=acc val_metric=0.5368
Step 1050 | loss 0.2202 | val_acc=0.5385 val_loss=2.8791 val_f1_macro=0.4830 val_f1_weighted=0.5375 val_prec_macro=0.4843 val_rec_macro=0.4827 val_metric_name=acc val_metric=0.5385
Step 1100 | loss 0.1969 | val_acc=0.5388 val_loss=2.9784 val_f1_macro=0.4840 val_f1_weighted=0.5377 val_prec_macro=0.4858 val_rec_macro=0.4840 val_metric_name=acc val_metric=0.5388
Step 1150 | loss 0.1786 | val_acc=0.5419 val_loss=3.0176 val_f1_macro=0.4864 val_f1_weighted=0.5404 val_prec_macro=0.4905 val_rec_macro=0.4837 val_metric_name=acc val_metric=0.5419
Step 1200 | loss 0.1617 | val_acc=0.5437 val_loss=3.1133 val_f1_macro=0.4863 val_f1_weighted=0.5416 val_prec_macro=0.4935 val_rec_macro=0.4811 val_metric_name=acc val_metric=0.5437
Step 1250 | loss 0.1613 | val_acc=0.5425 val_loss=3.1702 val_f1_macro=0.4860 val_f1_weighted=0.5406 val_prec_macro=0.4917 val_rec_macro=0.4827 val_metric_name=acc val_metric=0.5425
Step 1300 | loss 0.1335 | val_acc=0.5432 val_loss=3.2394 val_f1_macro=0.4882 val_f1_weighted=0.5416 val_prec_macro=0.4929 val_rec_macro=0.4854 val_metric_name=acc val_metric=0.5432
Step 1350 | loss 0.1229 | val_acc=0.5447 val_loss=3.3213 val_f1_macro=0.4888 val_f1_weighted=0.5434 val_prec_macro=0.4919 val_rec_macro=0.4869 val_metric_name=acc val_metric=0.5447
Step 1400 | loss 0.1125 | val_acc=0.5424 val_loss=3.3777 val_f1_macro=0.4848 val_f1_weighted=0.5412 val_prec_macro=0.4870 val_rec_macro=0.4841 val_metric_name=acc val_metric=0.5424
Step 1450 | loss 0.1082 | val_acc=0.5399 val_loss=3.4283 val_f1_macro=0.4825 val_f1_weighted=0.5384 val_prec_macro=0.4858 val_rec_macro=0.4811 val_metric_name=acc val_metric=0.5399
Step 1500 | loss 0.1000 | val_acc=0.5453 val_loss=3.4786 val_f1_macro=0.4896 val_f1_weighted=0.5441 val_prec_macro=0.4922 val_rec_macro=0.4880 val_metric_name=acc val_metric=0.5453
Step 1550 | loss 0.0905 | val_acc=0.5465 val_loss=3.5395 val_f1_macro=0.4889 val_f1_weighted=0.5447 val_prec_macro=0.4934 val_rec_macro=0.4867 val_metric_name=acc val_metric=0.5465
Step 1600 | loss 0.0867 | val_acc=0.5447 val_loss=3.5542 val_f1_macro=0.4868 val_f1_weighted=0.5433 val_prec_macro=0.4892 val_rec_macro=0.4859 val_metric_name=acc val_metric=0.5447
Step 1650 | loss 0.0824 | val_acc=0.5445 val_loss=3.6055 val_f1_macro=0.4856 val_f1_weighted=0.5433 val_prec_macro=0.4879 val_rec_macro=0.4843 val_metric_name=acc val_metric=0.5445
Step 1700 | loss 0.0789 | val_acc=0.5422 val_loss=3.6452 val_f1_macro=0.4840 val_f1_weighted=0.5407 val_prec_macro=0.4876 val_rec_macro=0.4814 val_metric_name=acc val_metric=0.5422
Step 1750 | loss 0.0708 | val_acc=0.5419 val_loss=3.7167 val_f1_macro=0.4860 val_f1_weighted=0.5415 val_prec_macro=0.4856 val_rec_macro=0.4874 val_metric_name=acc val_metric=0.5419
Step 1800 | loss 0.0680 | val_acc=0.5419 val_loss=3.7219 val_f1_macro=0.4858 val_f1_weighted=0.5409 val_prec_macro=0.4875 val_rec_macro=0.4850 val_metric_name=acc val_metric=0.5419
Step 1850 | loss 0.0630 | val_acc=0.5440 val_loss=3.7502 val_f1_macro=0.4882 val_f1_weighted=0.5426 val_prec_macro=0.4916 val_rec_macro=0.4864 val_metric_name=acc val_metric=0.5440
Step 1900 | loss 0.0588 | val_acc=0.5474 val_loss=3.8119 val_f1_macro=0.4879 val_f1_weighted=0.5452 val_prec_macro=0.4948 val_rec_macro=0.4831 val_metric_name=acc val_metric=0.5474
Step 1950 | loss 0.0585 | val_acc=0.5484 val_loss=3.8257 val_f1_macro=0.4901 val_f1_weighted=0.5466 val_prec_macro=0.4953 val_rec_macro=0.4864 val_metric_name=acc val_metric=0.5484
Step 2000 | loss 0.0530 | val_acc=0.5452 val_loss=3.8555 val_f1_macro=0.4840 val_f1_weighted=0.5433 val_prec_macro=0.4891 val_rec_macro=0.4805 val_metric_name=acc val_metric=0.5452
Step 2050 | loss 0.0525 | val_acc=0.5421 val_loss=3.8811 val_f1_macro=0.4822 val_f1_weighted=0.5405 val_prec_macro=0.4862 val_rec_macro=0.4790 val_metric_name=acc val_metric=0.5421
Step 2100 | loss 0.0508 | val_acc=0.5450 val_loss=3.9280 val_f1_macro=0.4850 val_f1_weighted=0.5432 val_prec_macro=0.4890 val_rec_macro=0.4827 val_metric_name=acc val_metric=0.5450
Step 2150 | loss 0.0425 | val_acc=0.5421 val_loss=3.9660 val_f1_macro=0.4824 val_f1_weighted=0.5405 val_prec_macro=0.4864 val_rec_macro=0.4795 val_metric_name=acc val_metric=0.5421
Step 2200 | loss 0.0481 | val_acc=0.5419 val_loss=3.9852 val_f1_macro=0.4819 val_f1_weighted=0.5401 val_prec_macro=0.4875 val_rec_macro=0.4774 val_metric_name=acc val_metric=0.5419
Step 2250 | loss 0.0471 | val_acc=0.5455 val_loss=3.9940 val_f1_macro=0.4855 val_f1_weighted=0.5434 val_prec_macro=0.4913 val_rec_macro=0.4812 val_metric_name=acc val_metric=0.5455
Step 2300 | loss 0.0399 | val_acc=0.5429 val_loss=4.0423 val_f1_macro=0.4829 val_f1_weighted=0.5409 val_prec_macro=0.4893 val_rec_macro=0.4779 val_metric_name=acc val_metric=0.5429
Early stopping at step 2310

--- Final (best ckpt @ step 2010) ---
  train_acc=0.9991 train_loss=0.0023 train_f1_macro=0.9988 train_f1_weighted=0.9991 train_prec_macro=0.9984 train_rec_macro=0.9992 train_metric_name=acc train_metric=0.9991
  val_acc=0.5486 val_loss=3.8708 val_f1_macro=0.4902 val_f1_weighted=0.5469 val_prec_macro=0.4949 val_rec_macro=0.4868 val_metric_name=acc val_metric=0.5486
  test_acc=0.5367 test_loss=3.8986 test_f1_macro=0.4811 test_f1_weighted=0.5346 test_prec_macro=0.4868 test_rec_macro=0.4771 test_metric_name=acc test_metric=0.5367
  test_acc=0.5367

============================================================
Training amazon-ratings GAT-sep 5L h=384 lr=0.0001 split=8
============================================================
Training for 5000 steps
Step    1 | loss 1.7669 | val_acc=0.3673 val_loss=1.5949 val_f1_macro=0.1084 val_f1_weighted=0.1988 val_prec_macro=0.1268 val_rec_macro=0.1999 val_metric_name=acc val_metric=0.3673
Step   50 | loss 1.3698 | val_acc=0.4075 val_loss=1.3607 val_f1_macro=0.2054 val_f1_weighted=0.3248 val_prec_macro=0.2348 val_rec_macro=0.2482 val_metric_name=acc val_metric=0.4075
Step  100 | loss 1.2893 | val_acc=0.4317 val_loss=1.3353 val_f1_macro=0.2824 val_f1_weighted=0.3960 val_prec_macro=0.3724 val_rec_macro=0.2985 val_metric_name=acc val_metric=0.4317
Step  150 | loss 1.2080 | val_acc=0.4490 val_loss=1.3636 val_f1_macro=0.3324 val_f1_weighted=0.4220 val_prec_macro=0.3803 val_rec_macro=0.3360 val_metric_name=acc val_metric=0.4490
Step  200 | loss 1.1248 | val_acc=0.4648 val_loss=1.3841 val_f1_macro=0.3690 val_f1_weighted=0.4469 val_prec_macro=0.4059 val_rec_macro=0.3616 val_metric_name=acc val_metric=0.4648
Step  250 | loss 1.0289 | val_acc=0.4769 val_loss=1.4551 val_f1_macro=0.4007 val_f1_weighted=0.4667 val_prec_macro=0.4221 val_rec_macro=0.3923 val_metric_name=acc val_metric=0.4769
Step  300 | loss 0.9177 | val_acc=0.4909 val_loss=1.5325 val_f1_macro=0.4252 val_f1_weighted=0.4814 val_prec_macro=0.4476 val_rec_macro=0.4192 val_metric_name=acc val_metric=0.4909
Step  350 | loss 0.7982 | val_acc=0.4989 val_loss=1.6286 val_f1_macro=0.4410 val_f1_weighted=0.4934 val_prec_macro=0.4538 val_rec_macro=0.4376 val_metric_name=acc val_metric=0.4989
Step  400 | loss 0.6907 | val_acc=0.5158 val_loss=1.7775 val_f1_macro=0.4534 val_f1_weighted=0.5106 val_prec_macro=0.4683 val_rec_macro=0.4456 val_metric_name=acc val_metric=0.5158
Step  450 | loss 0.5862 | val_acc=0.5262 val_loss=1.9231 val_f1_macro=0.4675 val_f1_weighted=0.5223 val_prec_macro=0.4810 val_rec_macro=0.4607 val_metric_name=acc val_metric=0.5262
Step  500 | loss 0.4878 | val_acc=0.5323 val_loss=2.1125 val_f1_macro=0.4774 val_f1_weighted=0.5295 val_prec_macro=0.4845 val_rec_macro=0.4750 val_metric_name=acc val_metric=0.5323
Step  550 | loss 0.3966 | val_acc=0.5354 val_loss=2.3346 val_f1_macro=0.4788 val_f1_weighted=0.5332 val_prec_macro=0.4833 val_rec_macro=0.4781 val_metric_name=acc val_metric=0.5354
Step  600 | loss 0.3245 | val_acc=0.5380 val_loss=2.5031 val_f1_macro=0.4802 val_f1_weighted=0.5355 val_prec_macro=0.4848 val_rec_macro=0.4790 val_metric_name=acc val_metric=0.5380
Step  650 | loss 0.2816 | val_acc=0.5416 val_loss=2.6322 val_f1_macro=0.4806 val_f1_weighted=0.5384 val_prec_macro=0.4899 val_rec_macro=0.4755 val_metric_name=acc val_metric=0.5416
Step  700 | loss 0.2249 | val_acc=0.5430 val_loss=2.7989 val_f1_macro=0.4852 val_f1_weighted=0.5408 val_prec_macro=0.4912 val_rec_macro=0.4824 val_metric_name=acc val_metric=0.5430
Step  750 | loss 0.1920 | val_acc=0.5401 val_loss=2.9564 val_f1_macro=0.4810 val_f1_weighted=0.5377 val_prec_macro=0.4879 val_rec_macro=0.4765 val_metric_name=acc val_metric=0.5401
Step  800 | loss 0.1711 | val_acc=0.5427 val_loss=3.0242 val_f1_macro=0.4840 val_f1_weighted=0.5396 val_prec_macro=0.4936 val_rec_macro=0.4780 val_metric_name=acc val_metric=0.5427
Step  850 | loss 0.1485 | val_acc=0.5401 val_loss=3.1184 val_f1_macro=0.4842 val_f1_weighted=0.5381 val_prec_macro=0.4903 val_rec_macro=0.4801 val_metric_name=acc val_metric=0.5401
Step  900 | loss 0.1338 | val_acc=0.5427 val_loss=3.2081 val_f1_macro=0.4820 val_f1_weighted=0.5398 val_prec_macro=0.4906 val_rec_macro=0.4766 val_metric_name=acc val_metric=0.5427
Step  950 | loss 0.1030 | val_acc=0.5416 val_loss=3.2928 val_f1_macro=0.4826 val_f1_weighted=0.5394 val_prec_macro=0.4890 val_rec_macro=0.4789 val_metric_name=acc val_metric=0.5416
Step 1000 | loss 0.0977 | val_acc=0.5414 val_loss=3.3897 val_f1_macro=0.4838 val_f1_weighted=0.5396 val_prec_macro=0.4892 val_rec_macro=0.4798 val_metric_name=acc val_metric=0.5414
Step 1050 | loss 0.0895 | val_acc=0.5407 val_loss=3.4613 val_f1_macro=0.4817 val_f1_weighted=0.5390 val_prec_macro=0.4858 val_rec_macro=0.4789 val_metric_name=acc val_metric=0.5407
Step 1100 | loss 0.0773 | val_acc=0.5434 val_loss=3.5097 val_f1_macro=0.4825 val_f1_weighted=0.5404 val_prec_macro=0.4912 val_rec_macro=0.4768 val_metric_name=acc val_metric=0.5434
Step 1150 | loss 0.0733 | val_acc=0.5417 val_loss=3.5437 val_f1_macro=0.4816 val_f1_weighted=0.5397 val_prec_macro=0.4870 val_rec_macro=0.4781 val_metric_name=acc val_metric=0.5417
Step 1200 | loss 0.0684 | val_acc=0.5399 val_loss=3.6195 val_f1_macro=0.4802 val_f1_weighted=0.5379 val_prec_macro=0.4882 val_rec_macro=0.4742 val_metric_name=acc val_metric=0.5399
Step 1250 | loss 0.0663 | val_acc=0.5448 val_loss=3.6363 val_f1_macro=0.4865 val_f1_weighted=0.5427 val_prec_macro=0.4926 val_rec_macro=0.4826 val_metric_name=acc val_metric=0.5448
Step 1300 | loss 0.0559 | val_acc=0.5450 val_loss=3.6727 val_f1_macro=0.4849 val_f1_weighted=0.5425 val_prec_macro=0.4933 val_rec_macro=0.4793 val_metric_name=acc val_metric=0.5450
Step 1350 | loss 0.0521 | val_acc=0.5407 val_loss=3.7218 val_f1_macro=0.4795 val_f1_weighted=0.5390 val_prec_macro=0.4852 val_rec_macro=0.4755 val_metric_name=acc val_metric=0.5407
Step 1400 | loss 0.0461 | val_acc=0.5460 val_loss=3.7691 val_f1_macro=0.4845 val_f1_weighted=0.5443 val_prec_macro=0.4894 val_rec_macro=0.4812 val_metric_name=acc val_metric=0.5460
Step 1450 | loss 0.0445 | val_acc=0.5466 val_loss=3.8037 val_f1_macro=0.4873 val_f1_weighted=0.5442 val_prec_macro=0.4957 val_rec_macro=0.4822 val_metric_name=acc val_metric=0.5466
Step 1500 | loss 0.0462 | val_acc=0.5437 val_loss=3.8104 val_f1_macro=0.4847 val_f1_weighted=0.5412 val_prec_macro=0.4927 val_rec_macro=0.4794 val_metric_name=acc val_metric=0.5437
Step 1550 | loss 0.0391 | val_acc=0.5434 val_loss=3.8400 val_f1_macro=0.4814 val_f1_weighted=0.5405 val_prec_macro=0.4906 val_rec_macro=0.4757 val_metric_name=acc val_metric=0.5434
Step 1600 | loss 0.0335 | val_acc=0.5429 val_loss=3.8726 val_f1_macro=0.4817 val_f1_weighted=0.5410 val_prec_macro=0.4868 val_rec_macro=0.4788 val_metric_name=acc val_metric=0.5429
Step 1650 | loss 0.0387 | val_acc=0.5466 val_loss=3.9292 val_f1_macro=0.4847 val_f1_weighted=0.5442 val_prec_macro=0.4926 val_rec_macro=0.4792 val_metric_name=acc val_metric=0.5466
Step 1700 | loss 0.0368 | val_acc=0.5439 val_loss=3.9192 val_f1_macro=0.4821 val_f1_weighted=0.5416 val_prec_macro=0.4894 val_rec_macro=0.4766 val_metric_name=acc val_metric=0.5439
Step 1750 | loss 0.0314 | val_acc=0.5396 val_loss=4.0038 val_f1_macro=0.4782 val_f1_weighted=0.5383 val_prec_macro=0.4815 val_rec_macro=0.4763 val_metric_name=acc val_metric=0.5396
Step 1800 | loss 0.0322 | val_acc=0.5406 val_loss=4.0404 val_f1_macro=0.4787 val_f1_weighted=0.5389 val_prec_macro=0.4823 val_rec_macro=0.4765 val_metric_name=acc val_metric=0.5406
Step 1850 | loss 0.0274 | val_acc=0.5442 val_loss=4.0694 val_f1_macro=0.4837 val_f1_weighted=0.5423 val_prec_macro=0.4895 val_rec_macro=0.4798 val_metric_name=acc val_metric=0.5442
Step 1900 | loss 0.0313 | val_acc=0.5452 val_loss=4.0558 val_f1_macro=0.4841 val_f1_weighted=0.5425 val_prec_macro=0.4939 val_rec_macro=0.4774 val_metric_name=acc val_metric=0.5452
Step 1950 | loss 0.0275 | val_acc=0.5403 val_loss=4.1093 val_f1_macro=0.4795 val_f1_weighted=0.5384 val_prec_macro=0.4854 val_rec_macro=0.4754 val_metric_name=acc val_metric=0.5403
Step 2000 | loss 0.0254 | val_acc=0.5435 val_loss=4.1333 val_f1_macro=0.4820 val_f1_weighted=0.5413 val_prec_macro=0.4888 val_rec_macro=0.4770 val_metric_name=acc val_metric=0.5435
Step 2050 | loss 0.0238 | val_acc=0.5421 val_loss=4.1224 val_f1_macro=0.4817 val_f1_weighted=0.5400 val_prec_macro=0.4886 val_rec_macro=0.4772 val_metric_name=acc val_metric=0.5421
Step 2100 | loss 0.0263 | val_acc=0.5456 val_loss=4.1463 val_f1_macro=0.4862 val_f1_weighted=0.5433 val_prec_macro=0.4953 val_rec_macro=0.4801 val_metric_name=acc val_metric=0.5456
Step 2150 | loss 0.0194 | val_acc=0.5422 val_loss=4.1932 val_f1_macro=0.4805 val_f1_weighted=0.5401 val_prec_macro=0.4871 val_rec_macro=0.4754 val_metric_name=acc val_metric=0.5422
Step 2200 | loss 0.0199 | val_acc=0.5427 val_loss=4.1799 val_f1_macro=0.4808 val_f1_weighted=0.5403 val_prec_macro=0.4890 val_rec_macro=0.4749 val_metric_name=acc val_metric=0.5427
Step 2250 | loss 0.0212 | val_acc=0.5460 val_loss=4.2175 val_f1_macro=0.4848 val_f1_weighted=0.5431 val_prec_macro=0.4943 val_rec_macro=0.4777 val_metric_name=acc val_metric=0.5460
Step 2300 | loss 0.0181 | val_acc=0.5455 val_loss=4.2348 val_f1_macro=0.4828 val_f1_weighted=0.5427 val_prec_macro=0.4932 val_rec_macro=0.4756 val_metric_name=acc val_metric=0.5455
Step 2350 | loss 0.0197 | val_acc=0.5474 val_loss=4.2452 val_f1_macro=0.4855 val_f1_weighted=0.5448 val_prec_macro=0.4942 val_rec_macro=0.4792 val_metric_name=acc val_metric=0.5474
Step 2400 | loss 0.0189 | val_acc=0.5456 val_loss=4.2737 val_f1_macro=0.4803 val_f1_weighted=0.5425 val_prec_macro=0.4892 val_rec_macro=0.4747 val_metric_name=acc val_metric=0.5456
Step 2450 | loss 0.0198 | val_acc=0.5456 val_loss=4.3177 val_f1_macro=0.4840 val_f1_weighted=0.5437 val_prec_macro=0.4901 val_rec_macro=0.4795 val_metric_name=acc val_metric=0.5456
Step 2500 | loss 0.0151 | val_acc=0.5455 val_loss=4.3085 val_f1_macro=0.4830 val_f1_weighted=0.5429 val_prec_macro=0.4917 val_rec_macro=0.4772 val_metric_name=acc val_metric=0.5455
Step 2550 | loss 0.0175 | val_acc=0.5466 val_loss=4.3345 val_f1_macro=0.4861 val_f1_weighted=0.5446 val_prec_macro=0.4930 val_rec_macro=0.4821 val_metric_name=acc val_metric=0.5466
Step 2600 | loss 0.0155 | val_acc=0.5440 val_loss=4.3562 val_f1_macro=0.4806 val_f1_weighted=0.5420 val_prec_macro=0.4861 val_rec_macro=0.4781 val_metric_name=acc val_metric=0.5440
Step 2650 | loss 0.0133 | val_acc=0.5443 val_loss=4.3542 val_f1_macro=0.4834 val_f1_weighted=0.5425 val_prec_macro=0.4895 val_rec_macro=0.4786 val_metric_name=acc val_metric=0.5443
Step 2700 | loss 0.0156 | val_acc=0.5461 val_loss=4.3484 val_f1_macro=0.4850 val_f1_weighted=0.5434 val_prec_macro=0.4956 val_rec_macro=0.4772 val_metric_name=acc val_metric=0.5461
Step 2750 | loss 0.0129 | val_acc=0.5494 val_loss=4.3972 val_f1_macro=0.4875 val_f1_weighted=0.5468 val_prec_macro=0.4976 val_rec_macro=0.4824 val_metric_name=acc val_metric=0.5494
Step 2800 | loss 0.0144 | val_acc=0.5489 val_loss=4.3908 val_f1_macro=0.4854 val_f1_weighted=0.5461 val_prec_macro=0.4945 val_rec_macro=0.4797 val_metric_name=acc val_metric=0.5489
Step 2850 | loss 0.0114 | val_acc=0.5478 val_loss=4.4124 val_f1_macro=0.4862 val_f1_weighted=0.5452 val_prec_macro=0.4946 val_rec_macro=0.4802 val_metric_name=acc val_metric=0.5478
Early stopping at step 2880

--- Final (best ckpt @ step 2580) ---
  train_acc=0.9999 train_loss=0.0004 train_f1_macro=0.9999 train_f1_weighted=0.9999 train_prec_macro=1.0000 train_rec_macro=0.9999 train_metric_name=acc train_metric=0.9999
  val_acc=0.5510 val_loss=4.2986 val_f1_macro=0.4906 val_f1_weighted=0.5479 val_prec_macro=0.5022 val_rec_macro=0.4831 val_metric_name=acc val_metric=0.5510
  test_acc=0.5465 test_loss=4.3330 test_f1_macro=0.4921 test_f1_weighted=0.5430 test_prec_macro=0.5060 test_rec_macro=0.4828 test_metric_name=acc test_metric=0.5465
  test_acc=0.5465

============================================================
Training amazon-ratings GAT-sep 5L h=384 lr=1e-05 split=8
============================================================
Training for 5000 steps
Step    1 | loss 1.7669 | val_acc=0.2871 val_loss=1.6149 val_f1_macro=0.1253 val_f1_weighted=0.1913 val_prec_macro=0.1897 val_rec_macro=0.1994 val_metric_name=acc val_metric=0.2871
Step   50 | loss 1.4416 | val_acc=0.3691 val_loss=1.4188 val_f1_macro=0.1297 val_f1_weighted=0.2268 val_prec_macro=0.3464 val_rec_macro=0.2045 val_metric_name=acc val_metric=0.3691
Step  100 | loss 1.4163 | val_acc=0.3872 val_loss=1.3985 val_f1_macro=0.1673 val_f1_weighted=0.2773 val_prec_macro=0.3590 val_rec_macro=0.2235 val_metric_name=acc val_metric=0.3872
Step  150 | loss 1.3944 | val_acc=0.3959 val_loss=1.3774 val_f1_macro=0.1878 val_f1_weighted=0.3028 val_prec_macro=0.2593 val_rec_macro=0.2363 val_metric_name=acc val_metric=0.3959
Step  200 | loss 1.3705 | val_acc=0.4124 val_loss=1.3616 val_f1_macro=0.2150 val_f1_weighted=0.3364 val_prec_macro=0.2354 val_rec_macro=0.2543 val_metric_name=acc val_metric=0.4124
Step  250 | loss 1.3486 | val_acc=0.4170 val_loss=1.3538 val_f1_macro=0.2283 val_f1_weighted=0.3513 val_prec_macro=0.2346 val_rec_macro=0.2645 val_metric_name=acc val_metric=0.4170
Step  300 | loss 1.3346 | val_acc=0.4214 val_loss=1.3478 val_f1_macro=0.2474 val_f1_weighted=0.3684 val_prec_macro=0.4100 val_rec_macro=0.2747 val_metric_name=acc val_metric=0.4214
Step  350 | loss 1.3227 | val_acc=0.4256 val_loss=1.3449 val_f1_macro=0.2661 val_f1_weighted=0.3802 val_prec_macro=0.4116 val_rec_macro=0.2863 val_metric_name=acc val_metric=0.4256
Step  400 | loss 1.3007 | val_acc=0.4261 val_loss=1.3463 val_f1_macro=0.2741 val_f1_weighted=0.3847 val_prec_macro=0.3741 val_rec_macro=0.2929 val_metric_name=acc val_metric=0.4261
Step  450 | loss 1.2956 | val_acc=0.4274 val_loss=1.3488 val_f1_macro=0.2859 val_f1_weighted=0.3903 val_prec_macro=0.3829 val_rec_macro=0.3005 val_metric_name=acc val_metric=0.4274
Step  500 | loss 1.2750 | val_acc=0.4364 val_loss=1.3433 val_f1_macro=0.3033 val_f1_weighted=0.4044 val_prec_macro=0.4061 val_rec_macro=0.3114 val_metric_name=acc val_metric=0.4364
Step  550 | loss 1.2632 | val_acc=0.4403 val_loss=1.3498 val_f1_macro=0.3163 val_f1_weighted=0.4132 val_prec_macro=0.4059 val_rec_macro=0.3219 val_metric_name=acc val_metric=0.4403
Step  600 | loss 1.2545 | val_acc=0.4462 val_loss=1.3518 val_f1_macro=0.3285 val_f1_weighted=0.4239 val_prec_macro=0.3945 val_rec_macro=0.3307 val_metric_name=acc val_metric=0.4462
Step  650 | loss 1.2375 | val_acc=0.4496 val_loss=1.3573 val_f1_macro=0.3362 val_f1_weighted=0.4263 val_prec_macro=0.3956 val_rec_macro=0.3378 val_metric_name=acc val_metric=0.4496
Step  700 | loss 1.2244 | val_acc=0.4477 val_loss=1.3590 val_f1_macro=0.3405 val_f1_weighted=0.4273 val_prec_macro=0.3831 val_rec_macro=0.3406 val_metric_name=acc val_metric=0.4477
Step  750 | loss 1.2093 | val_acc=0.4529 val_loss=1.3674 val_f1_macro=0.3450 val_f1_weighted=0.4315 val_prec_macro=0.3928 val_rec_macro=0.3447 val_metric_name=acc val_metric=0.4529
Step  800 | loss 1.1931 | val_acc=0.4526 val_loss=1.3762 val_f1_macro=0.3522 val_f1_weighted=0.4337 val_prec_macro=0.3908 val_rec_macro=0.3505 val_metric_name=acc val_metric=0.4526
Step  850 | loss 1.1774 | val_acc=0.4550 val_loss=1.3846 val_f1_macro=0.3551 val_f1_weighted=0.4370 val_prec_macro=0.3936 val_rec_macro=0.3523 val_metric_name=acc val_metric=0.4550
Step  900 | loss 1.1676 | val_acc=0.4601 val_loss=1.3922 val_f1_macro=0.3579 val_f1_weighted=0.4404 val_prec_macro=0.4046 val_rec_macro=0.3540 val_metric_name=acc val_metric=0.4601
Step  950 | loss 1.1497 | val_acc=0.4615 val_loss=1.3945 val_f1_macro=0.3662 val_f1_weighted=0.4451 val_prec_macro=0.4066 val_rec_macro=0.3590 val_metric_name=acc val_metric=0.4615
Step 1000 | loss 1.1390 | val_acc=0.4663 val_loss=1.4011 val_f1_macro=0.3739 val_f1_weighted=0.4511 val_prec_macro=0.4099 val_rec_macro=0.3675 val_metric_name=acc val_metric=0.4663
Step 1050 | loss 1.1238 | val_acc=0.4679 val_loss=1.4099 val_f1_macro=0.3763 val_f1_weighted=0.4526 val_prec_macro=0.4097 val_rec_macro=0.3699 val_metric_name=acc val_metric=0.4679
Step 1100 | loss 1.1045 | val_acc=0.4697 val_loss=1.4213 val_f1_macro=0.3772 val_f1_weighted=0.4538 val_prec_macro=0.4123 val_rec_macro=0.3700 val_metric_name=acc val_metric=0.4697
Step 1150 | loss 1.0971 | val_acc=0.4705 val_loss=1.4300 val_f1_macro=0.3797 val_f1_weighted=0.4553 val_prec_macro=0.4148 val_rec_macro=0.3723 val_metric_name=acc val_metric=0.4705
Step 1200 | loss 1.0783 | val_acc=0.4744 val_loss=1.4425 val_f1_macro=0.3856 val_f1_weighted=0.4602 val_prec_macro=0.4164 val_rec_macro=0.3789 val_metric_name=acc val_metric=0.4744
Step 1250 | loss 1.0648 | val_acc=0.4764 val_loss=1.4459 val_f1_macro=0.3900 val_f1_weighted=0.4615 val_prec_macro=0.4221 val_rec_macro=0.3826 val_metric_name=acc val_metric=0.4764
Step 1300 | loss 1.0541 | val_acc=0.4779 val_loss=1.4487 val_f1_macro=0.3936 val_f1_weighted=0.4635 val_prec_macro=0.4263 val_rec_macro=0.3857 val_metric_name=acc val_metric=0.4779
Step 1350 | loss 1.0333 | val_acc=0.4829 val_loss=1.4626 val_f1_macro=0.4033 val_f1_weighted=0.4703 val_prec_macro=0.4334 val_rec_macro=0.3943 val_metric_name=acc val_metric=0.4829
Step 1400 | loss 1.0262 | val_acc=0.4888 val_loss=1.4711 val_f1_macro=0.4109 val_f1_weighted=0.4771 val_prec_macro=0.4416 val_rec_macro=0.4009 val_metric_name=acc val_metric=0.4888
Step 1450 | loss 1.0035 | val_acc=0.4872 val_loss=1.4845 val_f1_macro=0.4115 val_f1_weighted=0.4758 val_prec_macro=0.4398 val_rec_macro=0.4028 val_metric_name=acc val_metric=0.4872
Step 1500 | loss 0.9948 | val_acc=0.4895 val_loss=1.4950 val_f1_macro=0.4166 val_f1_weighted=0.4786 val_prec_macro=0.4445 val_rec_macro=0.4077 val_metric_name=acc val_metric=0.4895
Step 1550 | loss 0.9739 | val_acc=0.4886 val_loss=1.5102 val_f1_macro=0.4142 val_f1_weighted=0.4774 val_prec_macro=0.4423 val_rec_macro=0.4053 val_metric_name=acc val_metric=0.4886
Step 1600 | loss 0.9718 | val_acc=0.4918 val_loss=1.5139 val_f1_macro=0.4228 val_f1_weighted=0.4824 val_prec_macro=0.4492 val_rec_macro=0.4132 val_metric_name=acc val_metric=0.4918
Step 1650 | loss 0.9496 | val_acc=0.4952 val_loss=1.5293 val_f1_macro=0.4262 val_f1_weighted=0.4851 val_prec_macro=0.4540 val_rec_macro=0.4158 val_metric_name=acc val_metric=0.4952
Step 1700 | loss 0.9360 | val_acc=0.4929 val_loss=1.5403 val_f1_macro=0.4250 val_f1_weighted=0.4841 val_prec_macro=0.4466 val_rec_macro=0.4170 val_metric_name=acc val_metric=0.4929
Step 1750 | loss 0.9234 | val_acc=0.4919 val_loss=1.5526 val_f1_macro=0.4247 val_f1_weighted=0.4837 val_prec_macro=0.4435 val_rec_macro=0.4174 val_metric_name=acc val_metric=0.4919
Step 1800 | loss 0.9037 | val_acc=0.4952 val_loss=1.5597 val_f1_macro=0.4283 val_f1_weighted=0.4873 val_prec_macro=0.4475 val_rec_macro=0.4209 val_metric_name=acc val_metric=0.4952
Step 1850 | loss 0.8929 | val_acc=0.4971 val_loss=1.5680 val_f1_macro=0.4302 val_f1_weighted=0.4892 val_prec_macro=0.4484 val_rec_macro=0.4230 val_metric_name=acc val_metric=0.4971
Step 1900 | loss 0.8721 | val_acc=0.5002 val_loss=1.5905 val_f1_macro=0.4356 val_f1_weighted=0.4935 val_prec_macro=0.4531 val_rec_macro=0.4276 val_metric_name=acc val_metric=0.5002
Step 1950 | loss 0.8666 | val_acc=0.4999 val_loss=1.6029 val_f1_macro=0.4360 val_f1_weighted=0.4923 val_prec_macro=0.4545 val_rec_macro=0.4287 val_metric_name=acc val_metric=0.4999
Step 2000 | loss 0.8455 | val_acc=0.5022 val_loss=1.6173 val_f1_macro=0.4382 val_f1_weighted=0.4954 val_prec_macro=0.4540 val_rec_macro=0.4319 val_metric_name=acc val_metric=0.5022
Step 2050 | loss 0.8397 | val_acc=0.5055 val_loss=1.6338 val_f1_macro=0.4419 val_f1_weighted=0.4991 val_prec_macro=0.4576 val_rec_macro=0.4346 val_metric_name=acc val_metric=0.5055
Step 2100 | loss 0.8192 | val_acc=0.5029 val_loss=1.6500 val_f1_macro=0.4390 val_f1_weighted=0.4973 val_prec_macro=0.4502 val_rec_macro=0.4341 val_metric_name=acc val_metric=0.5029
Step 2150 | loss 0.8034 | val_acc=0.5066 val_loss=1.6637 val_f1_macro=0.4422 val_f1_weighted=0.5014 val_prec_macro=0.4558 val_rec_macro=0.4350 val_metric_name=acc val_metric=0.5066
Step 2200 | loss 0.7860 | val_acc=0.5066 val_loss=1.6863 val_f1_macro=0.4430 val_f1_weighted=0.5012 val_prec_macro=0.4553 val_rec_macro=0.4371 val_metric_name=acc val_metric=0.5066
Step 2250 | loss 0.7698 | val_acc=0.5060 val_loss=1.7054 val_f1_macro=0.4437 val_f1_weighted=0.5011 val_prec_macro=0.4552 val_rec_macro=0.4377 val_metric_name=acc val_metric=0.5060
Step 2300 | loss 0.7613 | val_acc=0.5060 val_loss=1.7280 val_f1_macro=0.4417 val_f1_weighted=0.5012 val_prec_macro=0.4512 val_rec_macro=0.4383 val_metric_name=acc val_metric=0.5060
Step 2350 | loss 0.7421 | val_acc=0.5082 val_loss=1.7470 val_f1_macro=0.4444 val_f1_weighted=0.5031 val_prec_macro=0.4565 val_rec_macro=0.4386 val_metric_name=acc val_metric=0.5082
Step 2400 | loss 0.7344 | val_acc=0.5061 val_loss=1.7661 val_f1_macro=0.4438 val_f1_weighted=0.5017 val_prec_macro=0.4535 val_rec_macro=0.4393 val_metric_name=acc val_metric=0.5061
Step 2450 | loss 0.7139 | val_acc=0.5069 val_loss=1.7845 val_f1_macro=0.4447 val_f1_weighted=0.5034 val_prec_macro=0.4520 val_rec_macro=0.4406 val_metric_name=acc val_metric=0.5069
Step 2500 | loss 0.7027 | val_acc=0.5074 val_loss=1.8053 val_f1_macro=0.4451 val_f1_weighted=0.5036 val_prec_macro=0.4525 val_rec_macro=0.4420 val_metric_name=acc val_metric=0.5074
Step 2550 | loss 0.6835 | val_acc=0.5096 val_loss=1.8231 val_f1_macro=0.4467 val_f1_weighted=0.5057 val_prec_macro=0.4547 val_rec_macro=0.4430 val_metric_name=acc val_metric=0.5096
Step 2600 | loss 0.6729 | val_acc=0.5109 val_loss=1.8486 val_f1_macro=0.4481 val_f1_weighted=0.5073 val_prec_macro=0.4555 val_rec_macro=0.4447 val_metric_name=acc val_metric=0.5109
Step 2650 | loss 0.6587 | val_acc=0.5091 val_loss=1.8710 val_f1_macro=0.4488 val_f1_weighted=0.5061 val_prec_macro=0.4545 val_rec_macro=0.4464 val_metric_name=acc val_metric=0.5091
Step 2700 | loss 0.6450 | val_acc=0.5135 val_loss=1.8921 val_f1_macro=0.4524 val_f1_weighted=0.5101 val_prec_macro=0.4592 val_rec_macro=0.4497 val_metric_name=acc val_metric=0.5135
Step 2750 | loss 0.6283 | val_acc=0.5138 val_loss=1.9145 val_f1_macro=0.4541 val_f1_weighted=0.5107 val_prec_macro=0.4606 val_rec_macro=0.4518 val_metric_name=acc val_metric=0.5138
Step 2800 | loss 0.6149 | val_acc=0.5146 val_loss=1.9318 val_f1_macro=0.4532 val_f1_weighted=0.5114 val_prec_macro=0.4596 val_rec_macro=0.4511 val_metric_name=acc val_metric=0.5146
Step 2850 | loss 0.6041 | val_acc=0.5156 val_loss=1.9663 val_f1_macro=0.4566 val_f1_weighted=0.5132 val_prec_macro=0.4608 val_rec_macro=0.4560 val_metric_name=acc val_metric=0.5156
Step 2900 | loss 0.5871 | val_acc=0.5172 val_loss=1.9868 val_f1_macro=0.4583 val_f1_weighted=0.5147 val_prec_macro=0.4630 val_rec_macro=0.4565 val_metric_name=acc val_metric=0.5172
Step 2950 | loss 0.5735 | val_acc=0.5158 val_loss=2.0042 val_f1_macro=0.4567 val_f1_weighted=0.5134 val_prec_macro=0.4619 val_rec_macro=0.4547 val_metric_name=acc val_metric=0.5158
Step 3000 | loss 0.5614 | val_acc=0.5182 val_loss=2.0424 val_f1_macro=0.4610 val_f1_weighted=0.5162 val_prec_macro=0.4652 val_rec_macro=0.4597 val_metric_name=acc val_metric=0.5182
Step 3050 | loss 0.5599 | val_acc=0.5179 val_loss=2.0568 val_f1_macro=0.4591 val_f1_weighted=0.5157 val_prec_macro=0.4636 val_rec_macro=0.4580 val_metric_name=acc val_metric=0.5179
Step 3100 | loss 0.5395 | val_acc=0.5210 val_loss=2.0792 val_f1_macro=0.4618 val_f1_weighted=0.5189 val_prec_macro=0.4664 val_rec_macro=0.4599 val_metric_name=acc val_metric=0.5210
Step 3150 | loss 0.5316 | val_acc=0.5231 val_loss=2.1141 val_f1_macro=0.4653 val_f1_weighted=0.5214 val_prec_macro=0.4684 val_rec_macro=0.4655 val_metric_name=acc val_metric=0.5231
Step 3200 | loss 0.5087 | val_acc=0.5229 val_loss=2.1301 val_f1_macro=0.4654 val_f1_weighted=0.5214 val_prec_macro=0.4681 val_rec_macro=0.4650 val_metric_name=acc val_metric=0.5229
Step 3250 | loss 0.4980 | val_acc=0.5243 val_loss=2.1617 val_f1_macro=0.4660 val_f1_weighted=0.5226 val_prec_macro=0.4684 val_rec_macro=0.4659 val_metric_name=acc val_metric=0.5243
Step 3300 | loss 0.4920 | val_acc=0.5244 val_loss=2.1769 val_f1_macro=0.4649 val_f1_weighted=0.5231 val_prec_macro=0.4664 val_rec_macro=0.4654 val_metric_name=acc val_metric=0.5244
Step 3350 | loss 0.4887 | val_acc=0.5293 val_loss=2.2146 val_f1_macro=0.4719 val_f1_weighted=0.5273 val_prec_macro=0.4759 val_rec_macro=0.4706 val_metric_name=acc val_metric=0.5293
Step 3400 | loss 0.4647 | val_acc=0.5274 val_loss=2.2272 val_f1_macro=0.4694 val_f1_weighted=0.5255 val_prec_macro=0.4729 val_rec_macro=0.4687 val_metric_name=acc val_metric=0.5274
Step 3450 | loss 0.4570 | val_acc=0.5298 val_loss=2.2561 val_f1_macro=0.4725 val_f1_weighted=0.5285 val_prec_macro=0.4749 val_rec_macro=0.4722 val_metric_name=acc val_metric=0.5298
Step 3500 | loss 0.4502 | val_acc=0.5298 val_loss=2.2713 val_f1_macro=0.4719 val_f1_weighted=0.5282 val_prec_macro=0.4751 val_rec_macro=0.4713 val_metric_name=acc val_metric=0.5298
Step 3550 | loss 0.4416 | val_acc=0.5300 val_loss=2.3060 val_f1_macro=0.4727 val_f1_weighted=0.5285 val_prec_macro=0.4751 val_rec_macro=0.4727 val_metric_name=acc val_metric=0.5300
Step 3600 | loss 0.4309 | val_acc=0.5308 val_loss=2.3318 val_f1_macro=0.4746 val_f1_weighted=0.5301 val_prec_macro=0.4748 val_rec_macro=0.4764 val_metric_name=acc val_metric=0.5308
Step 3650 | loss 0.4234 | val_acc=0.5327 val_loss=2.3575 val_f1_macro=0.4762 val_f1_weighted=0.5316 val_prec_macro=0.4781 val_rec_macro=0.4763 val_metric_name=acc val_metric=0.5327
Step 3700 | loss 0.4167 | val_acc=0.5329 val_loss=2.3850 val_f1_macro=0.4771 val_f1_weighted=0.5319 val_prec_macro=0.4785 val_rec_macro=0.4778 val_metric_name=acc val_metric=0.5329
Step 3750 | loss 0.4051 | val_acc=0.5295 val_loss=2.4011 val_f1_macro=0.4719 val_f1_weighted=0.5286 val_prec_macro=0.4732 val_rec_macro=0.4725 val_metric_name=acc val_metric=0.5295
Step 3800 | loss 0.3867 | val_acc=0.5331 val_loss=2.4200 val_f1_macro=0.4765 val_f1_weighted=0.5319 val_prec_macro=0.4788 val_rec_macro=0.4760 val_metric_name=acc val_metric=0.5331
Step 3850 | loss 0.3785 | val_acc=0.5326 val_loss=2.4444 val_f1_macro=0.4767 val_f1_weighted=0.5312 val_prec_macro=0.4793 val_rec_macro=0.4764 val_metric_name=acc val_metric=0.5326
Step 3900 | loss 0.3756 | val_acc=0.5318 val_loss=2.4649 val_f1_macro=0.4770 val_f1_weighted=0.5306 val_prec_macro=0.4791 val_rec_macro=0.4762 val_metric_name=acc val_metric=0.5318
Step 3950 | loss 0.3625 | val_acc=0.5321 val_loss=2.4932 val_f1_macro=0.4753 val_f1_weighted=0.5310 val_prec_macro=0.4769 val_rec_macro=0.4754 val_metric_name=acc val_metric=0.5321
Step 4000 | loss 0.3468 | val_acc=0.5329 val_loss=2.5092 val_f1_macro=0.4778 val_f1_weighted=0.5319 val_prec_macro=0.4798 val_rec_macro=0.4775 val_metric_name=acc val_metric=0.5329
Step 4050 | loss 0.3511 | val_acc=0.5308 val_loss=2.5366 val_f1_macro=0.4758 val_f1_weighted=0.5298 val_prec_macro=0.4773 val_rec_macro=0.4757 val_metric_name=acc val_metric=0.5308
Step 4100 | loss 0.3357 | val_acc=0.5332 val_loss=2.5737 val_f1_macro=0.4767 val_f1_weighted=0.5321 val_prec_macro=0.4785 val_rec_macro=0.4765 val_metric_name=acc val_metric=0.5332
Step 4150 | loss 0.3297 | val_acc=0.5331 val_loss=2.5843 val_f1_macro=0.4781 val_f1_weighted=0.5321 val_prec_macro=0.4796 val_rec_macro=0.4778 val_metric_name=acc val_metric=0.5331
Step 4200 | loss 0.3258 | val_acc=0.5336 val_loss=2.6182 val_f1_macro=0.4791 val_f1_weighted=0.5328 val_prec_macro=0.4802 val_rec_macro=0.4794 val_metric_name=acc val_metric=0.5336
Step 4250 | loss 0.3183 | val_acc=0.5327 val_loss=2.6387 val_f1_macro=0.4773 val_f1_weighted=0.5320 val_prec_macro=0.4781 val_rec_macro=0.4780 val_metric_name=acc val_metric=0.5327
Step 4300 | loss 0.3135 | val_acc=0.5344 val_loss=2.6546 val_f1_macro=0.4787 val_f1_weighted=0.5335 val_prec_macro=0.4801 val_rec_macro=0.4788 val_metric_name=acc val_metric=0.5344
Step 4350 | loss 0.3018 | val_acc=0.5342 val_loss=2.6741 val_f1_macro=0.4774 val_f1_weighted=0.5332 val_prec_macro=0.4794 val_rec_macro=0.4772 val_metric_name=acc val_metric=0.5342
Step 4400 | loss 0.3012 | val_acc=0.5352 val_loss=2.6949 val_f1_macro=0.4796 val_f1_weighted=0.5340 val_prec_macro=0.4821 val_rec_macro=0.4787 val_metric_name=acc val_metric=0.5352
Step 4450 | loss 0.2896 | val_acc=0.5360 val_loss=2.7207 val_f1_macro=0.4806 val_f1_weighted=0.5349 val_prec_macro=0.4826 val_rec_macro=0.4804 val_metric_name=acc val_metric=0.5360
Step 4500 | loss 0.2835 | val_acc=0.5337 val_loss=2.7386 val_f1_macro=0.4796 val_f1_weighted=0.5331 val_prec_macro=0.4802 val_rec_macro=0.4805 val_metric_name=acc val_metric=0.5337
Step 4550 | loss 0.2821 | val_acc=0.5347 val_loss=2.7622 val_f1_macro=0.4781 val_f1_weighted=0.5337 val_prec_macro=0.4795 val_rec_macro=0.4785 val_metric_name=acc val_metric=0.5347
Step 4600 | loss 0.2768 | val_acc=0.5334 val_loss=2.7774 val_f1_macro=0.4784 val_f1_weighted=0.5323 val_prec_macro=0.4805 val_rec_macro=0.4780 val_metric_name=acc val_metric=0.5334
Step 4650 | loss 0.2748 | val_acc=0.5332 val_loss=2.8027 val_f1_macro=0.4787 val_f1_weighted=0.5326 val_prec_macro=0.4787 val_rec_macro=0.4800 val_metric_name=acc val_metric=0.5332
Step 4700 | loss 0.2606 | val_acc=0.5370 val_loss=2.8282 val_f1_macro=0.4825 val_f1_weighted=0.5360 val_prec_macro=0.4841 val_rec_macro=0.4823 val_metric_name=acc val_metric=0.5370
Step 4750 | loss 0.2496 | val_acc=0.5349 val_loss=2.8338 val_f1_macro=0.4807 val_f1_weighted=0.5340 val_prec_macro=0.4821 val_rec_macro=0.4808 val_metric_name=acc val_metric=0.5349
Step 4800 | loss 0.2473 | val_acc=0.5358 val_loss=2.8477 val_f1_macro=0.4824 val_f1_weighted=0.5349 val_prec_macro=0.4844 val_rec_macro=0.4818 val_metric_name=acc val_metric=0.5358
Step 4850 | loss 0.2452 | val_acc=0.5370 val_loss=2.8670 val_f1_macro=0.4830 val_f1_weighted=0.5359 val_prec_macro=0.4851 val_rec_macro=0.4825 val_metric_name=acc val_metric=0.5370
Step 4900 | loss 0.2360 | val_acc=0.5355 val_loss=2.9012 val_f1_macro=0.4811 val_f1_weighted=0.5344 val_prec_macro=0.4831 val_rec_macro=0.4803 val_metric_name=acc val_metric=0.5355
Step 4950 | loss 0.2383 | val_acc=0.5362 val_loss=2.9205 val_f1_macro=0.4832 val_f1_weighted=0.5355 val_prec_macro=0.4840 val_rec_macro=0.4832 val_metric_name=acc val_metric=0.5362
Step 5000 | loss 0.2234 | val_acc=0.5363 val_loss=2.9426 val_f1_macro=0.4806 val_f1_weighted=0.5355 val_prec_macro=0.4814 val_rec_macro=0.4811 val_metric_name=acc val_metric=0.5363

--- Final (best ckpt @ step 4940) ---
  train_acc=0.9891 train_loss=0.0401 train_f1_macro=0.9862 train_f1_weighted=0.9892 train_prec_macro=0.9818 train_rec_macro=0.9909 train_metric_name=acc train_metric=0.9891
  val_acc=0.5381 val_loss=2.9237 val_f1_macro=0.4832 val_f1_weighted=0.5372 val_prec_macro=0.4844 val_rec_macro=0.4836 val_metric_name=acc val_metric=0.5381
  test_acc=0.5292 test_loss=2.9448 test_f1_macro=0.4703 test_f1_weighted=0.5279 test_prec_macro=0.4713 test_rec_macro=0.4712 test_metric_name=acc test_metric=0.5292
  test_acc=0.5292

============================================================
Training amazon-ratings GAT-sep 5L h=512 lr=3e-05 split=8
============================================================
Training for 5000 steps
Step    1 | loss 1.7308 | val_acc=0.3647 val_loss=1.4595 val_f1_macro=0.1163 val_f1_weighted=0.2088 val_prec_macro=0.1737 val_rec_macro=0.1998 val_metric_name=acc val_metric=0.3647
Step   50 | loss 1.3983 | val_acc=0.3947 val_loss=1.3798 val_f1_macro=0.1817 val_f1_weighted=0.2957 val_prec_macro=0.2299 val_rec_macro=0.2334 val_metric_name=acc val_metric=0.3947
Step  100 | loss 1.3448 | val_acc=0.4214 val_loss=1.3505 val_f1_macro=0.2251 val_f1_weighted=0.3477 val_prec_macro=0.3456 val_rec_macro=0.2654 val_metric_name=acc val_metric=0.4214
Step  150 | loss 1.3010 | val_acc=0.4232 val_loss=1.3589 val_f1_macro=0.2585 val_f1_weighted=0.3709 val_prec_macro=0.3351 val_rec_macro=0.2868 val_metric_name=acc val_metric=0.4232
Step  200 | loss 1.2559 | val_acc=0.4364 val_loss=1.3675 val_f1_macro=0.2948 val_f1_weighted=0.3959 val_prec_macro=0.3995 val_rec_macro=0.3075 val_metric_name=acc val_metric=0.4364
Step  250 | loss 1.2024 | val_acc=0.4495 val_loss=1.3942 val_f1_macro=0.3267 val_f1_weighted=0.4142 val_prec_macro=0.4280 val_rec_macro=0.3300 val_metric_name=acc val_metric=0.4495
Step  300 | loss 1.1598 | val_acc=0.4650 val_loss=1.4110 val_f1_macro=0.3524 val_f1_weighted=0.4343 val_prec_macro=0.4487 val_rec_macro=0.3500 val_metric_name=acc val_metric=0.4650
Step  350 | loss 1.1124 | val_acc=0.4713 val_loss=1.4210 val_f1_macro=0.3763 val_f1_weighted=0.4499 val_prec_macro=0.4348 val_rec_macro=0.3690 val_metric_name=acc val_metric=0.4713
Step  400 | loss 1.0687 | val_acc=0.4782 val_loss=1.4387 val_f1_macro=0.3872 val_f1_weighted=0.4591 val_prec_macro=0.4394 val_rec_macro=0.3800 val_metric_name=acc val_metric=0.4782
Step  450 | loss 1.0204 | val_acc=0.4855 val_loss=1.4869 val_f1_macro=0.3957 val_f1_weighted=0.4646 val_prec_macro=0.4525 val_rec_macro=0.3860 val_metric_name=acc val_metric=0.4855
Step  500 | loss 0.9726 | val_acc=0.4911 val_loss=1.5006 val_f1_macro=0.4107 val_f1_weighted=0.4768 val_prec_macro=0.4526 val_rec_macro=0.3986 val_metric_name=acc val_metric=0.4911
Step  550 | loss 0.9220 | val_acc=0.4950 val_loss=1.5223 val_f1_macro=0.4228 val_f1_weighted=0.4825 val_prec_macro=0.4622 val_rec_macro=0.4113 val_metric_name=acc val_metric=0.4950
Step  600 | loss 0.8725 | val_acc=0.5012 val_loss=1.5855 val_f1_macro=0.4313 val_f1_weighted=0.4896 val_prec_macro=0.4641 val_rec_macro=0.4212 val_metric_name=acc val_metric=0.5012
Step  650 | loss 0.8285 | val_acc=0.5001 val_loss=1.6416 val_f1_macro=0.4330 val_f1_weighted=0.4910 val_prec_macro=0.4586 val_rec_macro=0.4220 val_metric_name=acc val_metric=0.5001
Step  700 | loss 0.7629 | val_acc=0.5087 val_loss=1.7100 val_f1_macro=0.4486 val_f1_weighted=0.5003 val_prec_macro=0.4732 val_rec_macro=0.4406 val_metric_name=acc val_metric=0.5087
Step  750 | loss 0.7108 | val_acc=0.5125 val_loss=1.7598 val_f1_macro=0.4549 val_f1_weighted=0.5070 val_prec_macro=0.4718 val_rec_macro=0.4469 val_metric_name=acc val_metric=0.5125
Step  800 | loss 0.6639 | val_acc=0.5127 val_loss=1.8521 val_f1_macro=0.4516 val_f1_weighted=0.5072 val_prec_macro=0.4645 val_rec_macro=0.4463 val_metric_name=acc val_metric=0.5127
Step  850 | loss 0.6077 | val_acc=0.5169 val_loss=1.9399 val_f1_macro=0.4569 val_f1_weighted=0.5124 val_prec_macro=0.4657 val_rec_macro=0.4545 val_metric_name=acc val_metric=0.5169
Step  900 | loss 0.5525 | val_acc=0.5197 val_loss=2.0445 val_f1_macro=0.4584 val_f1_weighted=0.5153 val_prec_macro=0.4661 val_rec_macro=0.4583 val_metric_name=acc val_metric=0.5197
Step  950 | loss 0.4956 | val_acc=0.5298 val_loss=2.1420 val_f1_macro=0.4727 val_f1_weighted=0.5260 val_prec_macro=0.4814 val_rec_macro=0.4701 val_metric_name=acc val_metric=0.5298
Step 1000 | loss 0.4518 | val_acc=0.5272 val_loss=2.2320 val_f1_macro=0.4669 val_f1_weighted=0.5241 val_prec_macro=0.4722 val_rec_macro=0.4664 val_metric_name=acc val_metric=0.5272
Step 1050 | loss 0.4156 | val_acc=0.5344 val_loss=2.3346 val_f1_macro=0.4769 val_f1_weighted=0.5309 val_prec_macro=0.4857 val_rec_macro=0.4722 val_metric_name=acc val_metric=0.5344
Step 1100 | loss 0.3706 | val_acc=0.5342 val_loss=2.4292 val_f1_macro=0.4799 val_f1_weighted=0.5315 val_prec_macro=0.4878 val_rec_macro=0.4752 val_metric_name=acc val_metric=0.5342
Step 1150 | loss 0.3347 | val_acc=0.5368 val_loss=2.5294 val_f1_macro=0.4799 val_f1_weighted=0.5342 val_prec_macro=0.4858 val_rec_macro=0.4775 val_metric_name=acc val_metric=0.5368
Step 1200 | loss 0.3161 | val_acc=0.5367 val_loss=2.6303 val_f1_macro=0.4820 val_f1_weighted=0.5341 val_prec_macro=0.4889 val_rec_macro=0.4779 val_metric_name=acc val_metric=0.5367
Step 1250 | loss 0.2717 | val_acc=0.5394 val_loss=2.7285 val_f1_macro=0.4839 val_f1_weighted=0.5369 val_prec_macro=0.4911 val_rec_macro=0.4794 val_metric_name=acc val_metric=0.5394
Step 1300 | loss 0.2519 | val_acc=0.5404 val_loss=2.8214 val_f1_macro=0.4853 val_f1_weighted=0.5381 val_prec_macro=0.4914 val_rec_macro=0.4818 val_metric_name=acc val_metric=0.5404
Step 1350 | loss 0.2378 | val_acc=0.5416 val_loss=2.8888 val_f1_macro=0.4855 val_f1_weighted=0.5391 val_prec_macro=0.4918 val_rec_macro=0.4816 val_metric_name=acc val_metric=0.5416
Step 1400 | loss 0.2165 | val_acc=0.5411 val_loss=2.9834 val_f1_macro=0.4848 val_f1_weighted=0.5384 val_prec_macro=0.4927 val_rec_macro=0.4800 val_metric_name=acc val_metric=0.5411
Step 1450 | loss 0.1980 | val_acc=0.5407 val_loss=3.0570 val_f1_macro=0.4846 val_f1_weighted=0.5384 val_prec_macro=0.4911 val_rec_macro=0.4804 val_metric_name=acc val_metric=0.5407
Step 1500 | loss 0.1829 | val_acc=0.5430 val_loss=3.1094 val_f1_macro=0.4868 val_f1_weighted=0.5398 val_prec_macro=0.4980 val_rec_macro=0.4794 val_metric_name=acc val_metric=0.5430
Step 1550 | loss 0.1692 | val_acc=0.5414 val_loss=3.1865 val_f1_macro=0.4836 val_f1_weighted=0.5390 val_prec_macro=0.4906 val_rec_macro=0.4792 val_metric_name=acc val_metric=0.5414
Step 1600 | loss 0.1511 | val_acc=0.5445 val_loss=3.2683 val_f1_macro=0.4885 val_f1_weighted=0.5423 val_prec_macro=0.4953 val_rec_macro=0.4835 val_metric_name=acc val_metric=0.5445
Step 1650 | loss 0.1376 | val_acc=0.5443 val_loss=3.3172 val_f1_macro=0.4871 val_f1_weighted=0.5420 val_prec_macro=0.4949 val_rec_macro=0.4814 val_metric_name=acc val_metric=0.5443
Step 1700 | loss 0.1367 | val_acc=0.5461 val_loss=3.4017 val_f1_macro=0.4879 val_f1_weighted=0.5434 val_prec_macro=0.4964 val_rec_macro=0.4823 val_metric_name=acc val_metric=0.5461
Step 1750 | loss 0.1157 | val_acc=0.5425 val_loss=3.4346 val_f1_macro=0.4862 val_f1_weighted=0.5401 val_prec_macro=0.4946 val_rec_macro=0.4804 val_metric_name=acc val_metric=0.5425
Step 1800 | loss 0.1156 | val_acc=0.5461 val_loss=3.4888 val_f1_macro=0.4891 val_f1_weighted=0.5437 val_prec_macro=0.4965 val_rec_macro=0.4839 val_metric_name=acc val_metric=0.5461
Step 1850 | loss 0.1042 | val_acc=0.5466 val_loss=3.5252 val_f1_macro=0.4895 val_f1_weighted=0.5442 val_prec_macro=0.4968 val_rec_macro=0.4844 val_metric_name=acc val_metric=0.5466
Step 1900 | loss 0.0972 | val_acc=0.5442 val_loss=3.6132 val_f1_macro=0.4873 val_f1_weighted=0.5417 val_prec_macro=0.4954 val_rec_macro=0.4815 val_metric_name=acc val_metric=0.5442
Step 1950 | loss 0.0905 | val_acc=0.5445 val_loss=3.6422 val_f1_macro=0.4881 val_f1_weighted=0.5418 val_prec_macro=0.4972 val_rec_macro=0.4816 val_metric_name=acc val_metric=0.5445
Step 2000 | loss 0.0851 | val_acc=0.5448 val_loss=3.6870 val_f1_macro=0.4888 val_f1_weighted=0.5426 val_prec_macro=0.4966 val_rec_macro=0.4828 val_metric_name=acc val_metric=0.5448
Step 2050 | loss 0.0827 | val_acc=0.5450 val_loss=3.7185 val_f1_macro=0.4896 val_f1_weighted=0.5426 val_prec_macro=0.4991 val_rec_macro=0.4825 val_metric_name=acc val_metric=0.5450
Step 2100 | loss 0.0743 | val_acc=0.5470 val_loss=3.7801 val_f1_macro=0.4899 val_f1_weighted=0.5447 val_prec_macro=0.4974 val_rec_macro=0.4847 val_metric_name=acc val_metric=0.5470
Step 2150 | loss 0.0730 | val_acc=0.5492 val_loss=3.8019 val_f1_macro=0.4932 val_f1_weighted=0.5465 val_prec_macro=0.5033 val_rec_macro=0.4861 val_metric_name=acc val_metric=0.5492
Step 2200 | loss 0.0706 | val_acc=0.5483 val_loss=3.8424 val_f1_macro=0.4910 val_f1_weighted=0.5458 val_prec_macro=0.4995 val_rec_macro=0.4852 val_metric_name=acc val_metric=0.5483
Step 2250 | loss 0.0690 | val_acc=0.5458 val_loss=3.8586 val_f1_macro=0.4892 val_f1_weighted=0.5433 val_prec_macro=0.4982 val_rec_macro=0.4830 val_metric_name=acc val_metric=0.5458
Step 2300 | loss 0.0707 | val_acc=0.5478 val_loss=3.8961 val_f1_macro=0.4913 val_f1_weighted=0.5451 val_prec_macro=0.5016 val_rec_macro=0.4840 val_metric_name=acc val_metric=0.5478
Step 2350 | loss 0.0607 | val_acc=0.5474 val_loss=3.9531 val_f1_macro=0.4913 val_f1_weighted=0.5450 val_prec_macro=0.4990 val_rec_macro=0.4857 val_metric_name=acc val_metric=0.5474
Step 2400 | loss 0.0550 | val_acc=0.5494 val_loss=3.9645 val_f1_macro=0.4924 val_f1_weighted=0.5471 val_prec_macro=0.4996 val_rec_macro=0.4872 val_metric_name=acc val_metric=0.5494
Step 2450 | loss 0.0519 | val_acc=0.5491 val_loss=3.9986 val_f1_macro=0.4929 val_f1_weighted=0.5465 val_prec_macro=0.5021 val_rec_macro=0.4866 val_metric_name=acc val_metric=0.5491
Step 2500 | loss 0.0540 | val_acc=0.5486 val_loss=4.0289 val_f1_macro=0.4914 val_f1_weighted=0.5464 val_prec_macro=0.4985 val_rec_macro=0.4863 val_metric_name=acc val_metric=0.5486
Step 2550 | loss 0.0515 | val_acc=0.5488 val_loss=4.0733 val_f1_macro=0.4923 val_f1_weighted=0.5467 val_prec_macro=0.5000 val_rec_macro=0.4865 val_metric_name=acc val_metric=0.5488
Step 2600 | loss 0.0422 | val_acc=0.5502 val_loss=4.0516 val_f1_macro=0.4941 val_f1_weighted=0.5474 val_prec_macro=0.5047 val_rec_macro=0.4867 val_metric_name=acc val_metric=0.5502
Step 2650 | loss 0.0401 | val_acc=0.5466 val_loss=4.1095 val_f1_macro=0.4914 val_f1_weighted=0.5447 val_prec_macro=0.4987 val_rec_macro=0.4858 val_metric_name=acc val_metric=0.5466
Step 2700 | loss 0.0412 | val_acc=0.5476 val_loss=4.1164 val_f1_macro=0.4898 val_f1_weighted=0.5452 val_prec_macro=0.4976 val_rec_macro=0.4843 val_metric_name=acc val_metric=0.5476
Step 2750 | loss 0.0411 | val_acc=0.5474 val_loss=4.1660 val_f1_macro=0.4915 val_f1_weighted=0.5451 val_prec_macro=0.4999 val_rec_macro=0.4851 val_metric_name=acc val_metric=0.5474
Step 2800 | loss 0.0399 | val_acc=0.5486 val_loss=4.1689 val_f1_macro=0.4932 val_f1_weighted=0.5462 val_prec_macro=0.5023 val_rec_macro=0.4867 val_metric_name=acc val_metric=0.5486
Step 2850 | loss 0.0380 | val_acc=0.5522 val_loss=4.1919 val_f1_macro=0.4956 val_f1_weighted=0.5495 val_prec_macro=0.5052 val_rec_macro=0.4889 val_metric_name=acc val_metric=0.5522
Step 2900 | loss 0.0377 | val_acc=0.5474 val_loss=4.2327 val_f1_macro=0.4916 val_f1_weighted=0.5451 val_prec_macro=0.5012 val_rec_macro=0.4844 val_metric_name=acc val_metric=0.5474
Step 2950 | loss 0.0360 | val_acc=0.5470 val_loss=4.2436 val_f1_macro=0.4924 val_f1_weighted=0.5446 val_prec_macro=0.5024 val_rec_macro=0.4850 val_metric_name=acc val_metric=0.5470
Step 3000 | loss 0.0316 | val_acc=0.5507 val_loss=4.3201 val_f1_macro=0.4939 val_f1_weighted=0.5484 val_prec_macro=0.5021 val_rec_macro=0.4879 val_metric_name=acc val_metric=0.5507
Step 3050 | loss 0.0318 | val_acc=0.5527 val_loss=4.3135 val_f1_macro=0.4983 val_f1_weighted=0.5498 val_prec_macro=0.5099 val_rec_macro=0.4899 val_metric_name=acc val_metric=0.5527
Step 3100 | loss 0.0334 | val_acc=0.5538 val_loss=4.3187 val_f1_macro=0.4975 val_f1_weighted=0.5512 val_prec_macro=0.5072 val_rec_macro=0.4905 val_metric_name=acc val_metric=0.5538
Step 3150 | loss 0.0309 | val_acc=0.5494 val_loss=4.3547 val_f1_macro=0.4936 val_f1_weighted=0.5471 val_prec_macro=0.5018 val_rec_macro=0.4871 val_metric_name=acc val_metric=0.5494
Step 3200 | loss 0.0272 | val_acc=0.5505 val_loss=4.3683 val_f1_macro=0.4941 val_f1_weighted=0.5483 val_prec_macro=0.5020 val_rec_macro=0.4888 val_metric_name=acc val_metric=0.5505
Step 3250 | loss 0.0293 | val_acc=0.5478 val_loss=4.3683 val_f1_macro=0.4938 val_f1_weighted=0.5453 val_prec_macro=0.5047 val_rec_macro=0.4859 val_metric_name=acc val_metric=0.5478
Step 3300 | loss 0.0263 | val_acc=0.5502 val_loss=4.4022 val_f1_macro=0.4931 val_f1_weighted=0.5477 val_prec_macro=0.5026 val_rec_macro=0.4865 val_metric_name=acc val_metric=0.5502
Step 3350 | loss 0.0295 | val_acc=0.5478 val_loss=4.4269 val_f1_macro=0.4943 val_f1_weighted=0.5455 val_prec_macro=0.5044 val_rec_macro=0.4869 val_metric_name=acc val_metric=0.5478
Step 3400 | loss 0.0295 | val_acc=0.5496 val_loss=4.4649 val_f1_macro=0.4950 val_f1_weighted=0.5470 val_prec_macro=0.5057 val_rec_macro=0.4873 val_metric_name=acc val_metric=0.5496
Early stopping at step 3400

--- Final (best ckpt @ step 3100) ---
  train_acc=0.9993 train_loss=0.0014 train_f1_macro=0.9992 train_f1_weighted=0.9993 train_prec_macro=0.9989 train_rec_macro=0.9996 train_metric_name=acc train_metric=0.9993
  val_acc=0.5538 val_loss=4.3187 val_f1_macro=0.4975 val_f1_weighted=0.5512 val_prec_macro=0.5072 val_rec_macro=0.4905 val_metric_name=acc val_metric=0.5538
  test_acc=0.5378 test_loss=4.4145 test_f1_macro=0.4819 test_f1_weighted=0.5355 test_prec_macro=0.4899 test_rec_macro=0.4766 test_metric_name=acc test_metric=0.5378
  test_acc=0.5378

============================================================
Training amazon-ratings GAT-sep 5L h=512 lr=6e-05 split=8
============================================================
Training for 5000 steps
Step    1 | loss 1.7308 | val_acc=0.3678 val_loss=1.9385 val_f1_macro=0.1076 val_f1_weighted=0.1978 val_prec_macro=0.0736 val_rec_macro=0.2000 val_metric_name=acc val_metric=0.3678
Step   50 | loss 1.3699 | val_acc=0.4101 val_loss=1.3638 val_f1_macro=0.2033 val_f1_weighted=0.3224 val_prec_macro=0.2415 val_rec_macro=0.2528 val_metric_name=acc val_metric=0.4101
Step  100 | loss 1.3043 | val_acc=0.4259 val_loss=1.3378 val_f1_macro=0.2631 val_f1_weighted=0.3787 val_prec_macro=0.3221 val_rec_macro=0.2845 val_metric_name=acc val_metric=0.4259
Step  150 | loss 1.2445 | val_acc=0.4449 val_loss=1.3473 val_f1_macro=0.3176 val_f1_weighted=0.4162 val_prec_macro=0.3940 val_rec_macro=0.3201 val_metric_name=acc val_metric=0.4449
Step  200 | loss 1.1609 | val_acc=0.4627 val_loss=1.3972 val_f1_macro=0.3528 val_f1_weighted=0.4351 val_prec_macro=0.4373 val_rec_macro=0.3493 val_metric_name=acc val_metric=0.4627
Step  250 | loss 1.0847 | val_acc=0.4740 val_loss=1.4326 val_f1_macro=0.3769 val_f1_weighted=0.4510 val_prec_macro=0.4422 val_rec_macro=0.3708 val_metric_name=acc val_metric=0.4740
Step  300 | loss 0.9999 | val_acc=0.4860 val_loss=1.4726 val_f1_macro=0.3952 val_f1_weighted=0.4674 val_prec_macro=0.4509 val_rec_macro=0.3877 val_metric_name=acc val_metric=0.4860
Step  350 | loss 0.9239 | val_acc=0.4962 val_loss=1.5307 val_f1_macro=0.4248 val_f1_weighted=0.4845 val_prec_macro=0.4612 val_rec_macro=0.4126 val_metric_name=acc val_metric=0.4962
Step  400 | loss 0.8355 | val_acc=0.5050 val_loss=1.6055 val_f1_macro=0.4432 val_f1_weighted=0.4974 val_prec_macro=0.4664 val_rec_macro=0.4342 val_metric_name=acc val_metric=0.5050
Step  450 | loss 0.7429 | val_acc=0.5105 val_loss=1.7096 val_f1_macro=0.4480 val_f1_weighted=0.5029 val_prec_macro=0.4683 val_rec_macro=0.4396 val_metric_name=acc val_metric=0.5105
Step  500 | loss 0.6447 | val_acc=0.5176 val_loss=1.8602 val_f1_macro=0.4557 val_f1_weighted=0.5117 val_prec_macro=0.4686 val_rec_macro=0.4507 val_metric_name=acc val_metric=0.5176
Step  550 | loss 0.5565 | val_acc=0.5192 val_loss=2.0190 val_f1_macro=0.4575 val_f1_weighted=0.5147 val_prec_macro=0.4688 val_rec_macro=0.4534 val_metric_name=acc val_metric=0.5192
Step  600 | loss 0.4654 | val_acc=0.5221 val_loss=2.1986 val_f1_macro=0.4626 val_f1_weighted=0.5182 val_prec_macro=0.4732 val_rec_macro=0.4582 val_metric_name=acc val_metric=0.5221
Step  650 | loss 0.4031 | val_acc=0.5339 val_loss=2.3956 val_f1_macro=0.4751 val_f1_weighted=0.5299 val_prec_macro=0.4864 val_rec_macro=0.4686 val_metric_name=acc val_metric=0.5339
Step  700 | loss 0.3286 | val_acc=0.5362 val_loss=2.5456 val_f1_macro=0.4790 val_f1_weighted=0.5321 val_prec_macro=0.4954 val_rec_macro=0.4704 val_metric_name=acc val_metric=0.5362
Step  750 | loss 0.2835 | val_acc=0.5367 val_loss=2.7101 val_f1_macro=0.4766 val_f1_weighted=0.5339 val_prec_macro=0.4856 val_rec_macro=0.4718 val_metric_name=acc val_metric=0.5367
Step  800 | loss 0.2333 | val_acc=0.5363 val_loss=2.9056 val_f1_macro=0.4802 val_f1_weighted=0.5341 val_prec_macro=0.4853 val_rec_macro=0.4777 val_metric_name=acc val_metric=0.5363
Step  850 | loss 0.2067 | val_acc=0.5383 val_loss=3.0484 val_f1_macro=0.4830 val_f1_weighted=0.5369 val_prec_macro=0.4869 val_rec_macro=0.4805 val_metric_name=acc val_metric=0.5383
Step  900 | loss 0.1647 | val_acc=0.5407 val_loss=3.1359 val_f1_macro=0.4818 val_f1_weighted=0.5377 val_prec_macro=0.4925 val_rec_macro=0.4748 val_metric_name=acc val_metric=0.5407
Step  950 | loss 0.1489 | val_acc=0.5421 val_loss=3.2686 val_f1_macro=0.4828 val_f1_weighted=0.5390 val_prec_macro=0.4914 val_rec_macro=0.4768 val_metric_name=acc val_metric=0.5421
Step 1000 | loss 0.1227 | val_acc=0.5417 val_loss=3.3755 val_f1_macro=0.4829 val_f1_weighted=0.5395 val_prec_macro=0.4893 val_rec_macro=0.4783 val_metric_name=acc val_metric=0.5417
Step 1050 | loss 0.1133 | val_acc=0.5453 val_loss=3.4657 val_f1_macro=0.4877 val_f1_weighted=0.5433 val_prec_macro=0.4944 val_rec_macro=0.4830 val_metric_name=acc val_metric=0.5453
Step 1100 | loss 0.0952 | val_acc=0.5466 val_loss=3.5190 val_f1_macro=0.4896 val_f1_weighted=0.5439 val_prec_macro=0.4994 val_rec_macro=0.4829 val_metric_name=acc val_metric=0.5466
Step 1150 | loss 0.0872 | val_acc=0.5494 val_loss=3.6009 val_f1_macro=0.4904 val_f1_weighted=0.5463 val_prec_macro=0.5023 val_rec_macro=0.4828 val_metric_name=acc val_metric=0.5494
Step 1200 | loss 0.0835 | val_acc=0.5484 val_loss=3.6771 val_f1_macro=0.4912 val_f1_weighted=0.5459 val_prec_macro=0.5001 val_rec_macro=0.4856 val_metric_name=acc val_metric=0.5484
Step 1250 | loss 0.0681 | val_acc=0.5476 val_loss=3.7351 val_f1_macro=0.4908 val_f1_weighted=0.5455 val_prec_macro=0.4976 val_rec_macro=0.4859 val_metric_name=acc val_metric=0.5476
Step 1300 | loss 0.0692 | val_acc=0.5474 val_loss=3.7920 val_f1_macro=0.4892 val_f1_weighted=0.5448 val_prec_macro=0.4989 val_rec_macro=0.4828 val_metric_name=acc val_metric=0.5474
Step 1350 | loss 0.0599 | val_acc=0.5468 val_loss=3.8440 val_f1_macro=0.4905 val_f1_weighted=0.5447 val_prec_macro=0.4980 val_rec_macro=0.4851 val_metric_name=acc val_metric=0.5468
Step 1400 | loss 0.0584 | val_acc=0.5453 val_loss=3.8998 val_f1_macro=0.4875 val_f1_weighted=0.5427 val_prec_macro=0.4970 val_rec_macro=0.4809 val_metric_name=acc val_metric=0.5453
Step 1450 | loss 0.0552 | val_acc=0.5452 val_loss=3.9435 val_f1_macro=0.4883 val_f1_weighted=0.5432 val_prec_macro=0.4956 val_rec_macro=0.4829 val_metric_name=acc val_metric=0.5452
Step 1500 | loss 0.0521 | val_acc=0.5494 val_loss=3.9932 val_f1_macro=0.4936 val_f1_weighted=0.5470 val_prec_macro=0.5026 val_rec_macro=0.4872 val_metric_name=acc val_metric=0.5494
Step 1550 | loss 0.0479 | val_acc=0.5460 val_loss=4.0199 val_f1_macro=0.4887 val_f1_weighted=0.5433 val_prec_macro=0.4986 val_rec_macro=0.4818 val_metric_name=acc val_metric=0.5460
Step 1600 | loss 0.0440 | val_acc=0.5466 val_loss=4.0489 val_f1_macro=0.4900 val_f1_weighted=0.5441 val_prec_macro=0.5002 val_rec_macro=0.4835 val_metric_name=acc val_metric=0.5466
Step 1650 | loss 0.0366 | val_acc=0.5476 val_loss=4.0821 val_f1_macro=0.4914 val_f1_weighted=0.5451 val_prec_macro=0.5020 val_rec_macro=0.4838 val_metric_name=acc val_metric=0.5476
Step 1700 | loss 0.0402 | val_acc=0.5442 val_loss=4.1439 val_f1_macro=0.4893 val_f1_weighted=0.5420 val_prec_macro=0.4982 val_rec_macro=0.4834 val_metric_name=acc val_metric=0.5442
Step 1750 | loss 0.0347 | val_acc=0.5450 val_loss=4.1560 val_f1_macro=0.4892 val_f1_weighted=0.5424 val_prec_macro=0.5005 val_rec_macro=0.4816 val_metric_name=acc val_metric=0.5450
Step 1800 | loss 0.0343 | val_acc=0.5492 val_loss=4.1986 val_f1_macro=0.4923 val_f1_weighted=0.5469 val_prec_macro=0.5012 val_rec_macro=0.4861 val_metric_name=acc val_metric=0.5492
Step 1850 | loss 0.0339 | val_acc=0.5486 val_loss=4.1947 val_f1_macro=0.4930 val_f1_weighted=0.5463 val_prec_macro=0.5023 val_rec_macro=0.4864 val_metric_name=acc val_metric=0.5486
Step 1900 | loss 0.0307 | val_acc=0.5470 val_loss=4.2850 val_f1_macro=0.4922 val_f1_weighted=0.5446 val_prec_macro=0.5017 val_rec_macro=0.4855 val_metric_name=acc val_metric=0.5470
Step 1950 | loss 0.0263 | val_acc=0.5461 val_loss=4.3150 val_f1_macro=0.4915 val_f1_weighted=0.5434 val_prec_macro=0.5023 val_rec_macro=0.4837 val_metric_name=acc val_metric=0.5461
Step 2000 | loss 0.0250 | val_acc=0.5489 val_loss=4.3215 val_f1_macro=0.4931 val_f1_weighted=0.5469 val_prec_macro=0.5013 val_rec_macro=0.4869 val_metric_name=acc val_metric=0.5489
Step 2050 | loss 0.0256 | val_acc=0.5474 val_loss=4.3328 val_f1_macro=0.4921 val_f1_weighted=0.5451 val_prec_macro=0.5028 val_rec_macro=0.4844 val_metric_name=acc val_metric=0.5474
Step 2100 | loss 0.0231 | val_acc=0.5504 val_loss=4.3549 val_f1_macro=0.4954 val_f1_weighted=0.5480 val_prec_macro=0.5053 val_rec_macro=0.4880 val_metric_name=acc val_metric=0.5504
Step 2150 | loss 0.0220 | val_acc=0.5499 val_loss=4.4141 val_f1_macro=0.4941 val_f1_weighted=0.5473 val_prec_macro=0.5061 val_rec_macro=0.4868 val_metric_name=acc val_metric=0.5499
Step 2200 | loss 0.0230 | val_acc=0.5468 val_loss=4.4024 val_f1_macro=0.4901 val_f1_weighted=0.5443 val_prec_macro=0.5005 val_rec_macro=0.4826 val_metric_name=acc val_metric=0.5468
Step 2250 | loss 0.0196 | val_acc=0.5507 val_loss=4.3953 val_f1_macro=0.4931 val_f1_weighted=0.5480 val_prec_macro=0.5043 val_rec_macro=0.4854 val_metric_name=acc val_metric=0.5507
Step 2300 | loss 0.0237 | val_acc=0.5471 val_loss=4.4409 val_f1_macro=0.4925 val_f1_weighted=0.5449 val_prec_macro=0.5023 val_rec_macro=0.4853 val_metric_name=acc val_metric=0.5471
Step 2350 | loss 0.0197 | val_acc=0.5488 val_loss=4.4954 val_f1_macro=0.4937 val_f1_weighted=0.5467 val_prec_macro=0.5024 val_rec_macro=0.4876 val_metric_name=acc val_metric=0.5488
Step 2400 | loss 0.0175 | val_acc=0.5522 val_loss=4.4760 val_f1_macro=0.4976 val_f1_weighted=0.5498 val_prec_macro=0.5078 val_rec_macro=0.4903 val_metric_name=acc val_metric=0.5522
Step 2450 | loss 0.0151 | val_acc=0.5479 val_loss=4.4944 val_f1_macro=0.4932 val_f1_weighted=0.5456 val_prec_macro=0.5037 val_rec_macro=0.4855 val_metric_name=acc val_metric=0.5479
Step 2500 | loss 0.0176 | val_acc=0.5478 val_loss=4.5247 val_f1_macro=0.4919 val_f1_weighted=0.5458 val_prec_macro=0.4989 val_rec_macro=0.4865 val_metric_name=acc val_metric=0.5478
Step 2550 | loss 0.0174 | val_acc=0.5496 val_loss=4.5819 val_f1_macro=0.4934 val_f1_weighted=0.5473 val_prec_macro=0.5030 val_rec_macro=0.4864 val_metric_name=acc val_metric=0.5496
Step 2600 | loss 0.0143 | val_acc=0.5491 val_loss=4.5607 val_f1_macro=0.4943 val_f1_weighted=0.5465 val_prec_macro=0.5060 val_rec_macro=0.4864 val_metric_name=acc val_metric=0.5491
Step 2650 | loss 0.0122 | val_acc=0.5522 val_loss=4.5945 val_f1_macro=0.4957 val_f1_weighted=0.5501 val_prec_macro=0.5050 val_rec_macro=0.4888 val_metric_name=acc val_metric=0.5522
Step 2700 | loss 0.0138 | val_acc=0.5499 val_loss=4.6104 val_f1_macro=0.4945 val_f1_weighted=0.5478 val_prec_macro=0.5027 val_rec_macro=0.4887 val_metric_name=acc val_metric=0.5499
Step 2750 | loss 0.0153 | val_acc=0.5509 val_loss=4.6572 val_f1_macro=0.4960 val_f1_weighted=0.5485 val_prec_macro=0.5060 val_rec_macro=0.4889 val_metric_name=acc val_metric=0.5509
Step 2800 | loss 0.0137 | val_acc=0.5507 val_loss=4.6082 val_f1_macro=0.4964 val_f1_weighted=0.5481 val_prec_macro=0.5092 val_rec_macro=0.4874 val_metric_name=acc val_metric=0.5507
Step 2850 | loss 0.0127 | val_acc=0.5499 val_loss=4.6556 val_f1_macro=0.4925 val_f1_weighted=0.5472 val_prec_macro=0.5029 val_rec_macro=0.4858 val_metric_name=acc val_metric=0.5499
Step 2900 | loss 0.0146 | val_acc=0.5497 val_loss=4.6992 val_f1_macro=0.4955 val_f1_weighted=0.5473 val_prec_macro=0.5070 val_rec_macro=0.4871 val_metric_name=acc val_metric=0.5497
Step 2950 | loss 0.0092 | val_acc=0.5494 val_loss=4.7401 val_f1_macro=0.4922 val_f1_weighted=0.5475 val_prec_macro=0.4996 val_rec_macro=0.4869 val_metric_name=acc val_metric=0.5494
Step 3000 | loss 0.0091 | val_acc=0.5543 val_loss=4.7527 val_f1_macro=0.4983 val_f1_weighted=0.5516 val_prec_macro=0.5106 val_rec_macro=0.4893 val_metric_name=acc val_metric=0.5543
Step 3050 | loss 0.0127 | val_acc=0.5505 val_loss=4.7505 val_f1_macro=0.4945 val_f1_weighted=0.5478 val_prec_macro=0.5081 val_rec_macro=0.4848 val_metric_name=acc val_metric=0.5505
Step 3100 | loss 0.0111 | val_acc=0.5520 val_loss=4.7367 val_f1_macro=0.4941 val_f1_weighted=0.5490 val_prec_macro=0.5065 val_rec_macro=0.4852 val_metric_name=acc val_metric=0.5520
Step 3150 | loss 0.0092 | val_acc=0.5504 val_loss=4.8089 val_f1_macro=0.4944 val_f1_weighted=0.5480 val_prec_macro=0.5048 val_rec_macro=0.4864 val_metric_name=acc val_metric=0.5504
Step 3200 | loss 0.0075 | val_acc=0.5520 val_loss=4.7736 val_f1_macro=0.4954 val_f1_weighted=0.5494 val_prec_macro=0.5074 val_rec_macro=0.4871 val_metric_name=acc val_metric=0.5520
Step 3250 | loss 0.0087 | val_acc=0.5491 val_loss=4.8089 val_f1_macro=0.4956 val_f1_weighted=0.5468 val_prec_macro=0.5064 val_rec_macro=0.4874 val_metric_name=acc val_metric=0.5491
Step 3300 | loss 0.0087 | val_acc=0.5489 val_loss=4.8092 val_f1_macro=0.4933 val_f1_weighted=0.5462 val_prec_macro=0.5051 val_rec_macro=0.4852 val_metric_name=acc val_metric=0.5489
Early stopping at step 3300

--- Final (best ckpt @ step 3000) ---
  train_acc=0.9998 train_loss=0.0003 train_f1_macro=0.9999 train_f1_weighted=0.9998 train_prec_macro=0.9999 train_rec_macro=0.9999 train_metric_name=acc train_metric=0.9998
  val_acc=0.5543 val_loss=4.7527 val_f1_macro=0.4983 val_f1_weighted=0.5516 val_prec_macro=0.5106 val_rec_macro=0.4893 val_metric_name=acc val_metric=0.5543
  test_acc=0.5373 test_loss=4.8239 test_f1_macro=0.4826 test_f1_weighted=0.5347 test_prec_macro=0.4918 test_rec_macro=0.4759 test_metric_name=acc test_metric=0.5373
  test_acc=0.5373

============================================================
Training amazon-ratings GAT-sep 5L h=512 lr=0.0001 split=8
============================================================
Training for 5000 steps
Step    1 | loss 1.7308 | val_acc=0.3678 val_loss=2.7797 val_f1_macro=0.1076 val_f1_weighted=0.1978 val_prec_macro=0.0736 val_rec_macro=0.2000 val_metric_name=acc val_metric=0.3678
Step   50 | loss 1.3681 | val_acc=0.4024 val_loss=1.3584 val_f1_macro=0.2090 val_f1_weighted=0.3272 val_prec_macro=0.2226 val_rec_macro=0.2501 val_metric_name=acc val_metric=0.4024
Step  100 | loss 1.2968 | val_acc=0.4230 val_loss=1.3484 val_f1_macro=0.2573 val_f1_weighted=0.3702 val_prec_macro=0.3146 val_rec_macro=0.2855 val_metric_name=acc val_metric=0.4230
Step  150 | loss 1.2216 | val_acc=0.4418 val_loss=1.3598 val_f1_macro=0.3205 val_f1_weighted=0.4078 val_prec_macro=0.4079 val_rec_macro=0.3253 val_metric_name=acc val_metric=0.4418
Step  200 | loss 1.1096 | val_acc=0.4650 val_loss=1.4026 val_f1_macro=0.3639 val_f1_weighted=0.4424 val_prec_macro=0.4283 val_rec_macro=0.3588 val_metric_name=acc val_metric=0.4650
Step  250 | loss 0.9996 | val_acc=0.4847 val_loss=1.4724 val_f1_macro=0.4057 val_f1_weighted=0.4660 val_prec_macro=0.4601 val_rec_macro=0.3966 val_metric_name=acc val_metric=0.4847
Step  300 | loss 0.8692 | val_acc=0.5001 val_loss=1.5663 val_f1_macro=0.4317 val_f1_weighted=0.4875 val_prec_macro=0.4664 val_rec_macro=0.4216 val_metric_name=acc val_metric=0.5001
Step  350 | loss 0.7418 | val_acc=0.5189 val_loss=1.7277 val_f1_macro=0.4533 val_f1_weighted=0.5111 val_prec_macro=0.4748 val_rec_macro=0.4449 val_metric_name=acc val_metric=0.5189
Step  400 | loss 0.5956 | val_acc=0.5187 val_loss=1.9440 val_f1_macro=0.4587 val_f1_weighted=0.5146 val_prec_macro=0.4673 val_rec_macro=0.4569 val_metric_name=acc val_metric=0.5187
Step  450 | loss 0.4702 | val_acc=0.5260 val_loss=2.1744 val_f1_macro=0.4646 val_f1_weighted=0.5215 val_prec_macro=0.4760 val_rec_macro=0.4608 val_metric_name=acc val_metric=0.5260
Step  500 | loss 0.3620 | val_acc=0.5355 val_loss=2.4221 val_f1_macro=0.4748 val_f1_weighted=0.5319 val_prec_macro=0.4851 val_rec_macro=0.4690 val_metric_name=acc val_metric=0.5355
Step  550 | loss 0.2826 | val_acc=0.5404 val_loss=2.6894 val_f1_macro=0.4798 val_f1_weighted=0.5374 val_prec_macro=0.4878 val_rec_macro=0.4764 val_metric_name=acc val_metric=0.5404
Step  600 | loss 0.2128 | val_acc=0.5391 val_loss=2.9262 val_f1_macro=0.4829 val_f1_weighted=0.5367 val_prec_macro=0.4919 val_rec_macro=0.4780 val_metric_name=acc val_metric=0.5391
Step  650 | loss 0.1728 | val_acc=0.5470 val_loss=3.1021 val_f1_macro=0.4871 val_f1_weighted=0.5439 val_prec_macro=0.4990 val_rec_macro=0.4801 val_metric_name=acc val_metric=0.5470
Step  700 | loss 0.1364 | val_acc=0.5452 val_loss=3.2701 val_f1_macro=0.4887 val_f1_weighted=0.5429 val_prec_macro=0.4981 val_rec_macro=0.4829 val_metric_name=acc val_metric=0.5452
Step  750 | loss 0.1148 | val_acc=0.5440 val_loss=3.3600 val_f1_macro=0.4875 val_f1_weighted=0.5412 val_prec_macro=0.4989 val_rec_macro=0.4800 val_metric_name=acc val_metric=0.5440
Step  800 | loss 0.0962 | val_acc=0.5439 val_loss=3.4891 val_f1_macro=0.4881 val_f1_weighted=0.5411 val_prec_macro=0.4986 val_rec_macro=0.4812 val_metric_name=acc val_metric=0.5439
Step  850 | loss 0.0811 | val_acc=0.5489 val_loss=3.5982 val_f1_macro=0.4921 val_f1_weighted=0.5465 val_prec_macro=0.5037 val_rec_macro=0.4842 val_metric_name=acc val_metric=0.5489
Step  900 | loss 0.0693 | val_acc=0.5486 val_loss=3.6579 val_f1_macro=0.4924 val_f1_weighted=0.5462 val_prec_macro=0.5042 val_rec_macro=0.4845 val_metric_name=acc val_metric=0.5486
Step  950 | loss 0.0659 | val_acc=0.5514 val_loss=3.6959 val_f1_macro=0.4943 val_f1_weighted=0.5479 val_prec_macro=0.5092 val_rec_macro=0.4844 val_metric_name=acc val_metric=0.5514
Step 1000 | loss 0.0563 | val_acc=0.5479 val_loss=3.8086 val_f1_macro=0.4892 val_f1_weighted=0.5451 val_prec_macro=0.4999 val_rec_macro=0.4820 val_metric_name=acc val_metric=0.5479
Step 1050 | loss 0.0535 | val_acc=0.5468 val_loss=3.8492 val_f1_macro=0.4909 val_f1_weighted=0.5440 val_prec_macro=0.5032 val_rec_macro=0.4824 val_metric_name=acc val_metric=0.5468
Step 1100 | loss 0.0404 | val_acc=0.5478 val_loss=3.9193 val_f1_macro=0.4921 val_f1_weighted=0.5454 val_prec_macro=0.5017 val_rec_macro=0.4855 val_metric_name=acc val_metric=0.5478
Step 1150 | loss 0.0420 | val_acc=0.5488 val_loss=3.9300 val_f1_macro=0.4935 val_f1_weighted=0.5459 val_prec_macro=0.5077 val_rec_macro=0.4845 val_metric_name=acc val_metric=0.5488
Step 1200 | loss 0.0396 | val_acc=0.5460 val_loss=3.9996 val_f1_macro=0.4884 val_f1_weighted=0.5433 val_prec_macro=0.5010 val_rec_macro=0.4806 val_metric_name=acc val_metric=0.5460
Step 1250 | loss 0.0323 | val_acc=0.5465 val_loss=4.0179 val_f1_macro=0.4899 val_f1_weighted=0.5435 val_prec_macro=0.5027 val_rec_macro=0.4814 val_metric_name=acc val_metric=0.5465
Early stopping at step 1250

--- Final (best ckpt @ step 950) ---
  train_acc=0.9994 train_loss=0.0029 train_f1_macro=0.9994 train_f1_weighted=0.9994 train_prec_macro=0.9993 train_rec_macro=0.9995 train_metric_name=acc train_metric=0.9994
  val_acc=0.5514 val_loss=3.6959 val_f1_macro=0.4943 val_f1_weighted=0.5479 val_prec_macro=0.5092 val_rec_macro=0.4844 val_metric_name=acc val_metric=0.5514
  test_acc=0.5399 test_loss=3.7334 test_f1_macro=0.4853 test_f1_weighted=0.5366 test_prec_macro=0.4977 test_rec_macro=0.4766 test_metric_name=acc test_metric=0.5399
  test_acc=0.5399

============================================================
Training amazon-ratings GAT-sep 5L h=512 lr=1e-05 split=8
============================================================
Training for 5000 steps
Step    1 | loss 1.7308 | val_acc=0.2664 val_loss=1.5272 val_f1_macro=0.1446 val_f1_weighted=0.1951 val_prec_macro=0.2229 val_rec_macro=0.2009 val_metric_name=acc val_metric=0.2664
Step   50 | loss 1.4375 | val_acc=0.3706 val_loss=1.4181 val_f1_macro=0.1351 val_f1_weighted=0.2340 val_prec_macro=0.2134 val_rec_macro=0.2063 val_metric_name=acc val_metric=0.3706
Step  100 | loss 1.4070 | val_acc=0.3902 val_loss=1.3914 val_f1_macro=0.1759 val_f1_weighted=0.2880 val_prec_macro=0.2286 val_rec_macro=0.2286 val_metric_name=acc val_metric=0.3902
Step  150 | loss 1.3755 | val_acc=0.4121 val_loss=1.3721 val_f1_macro=0.2014 val_f1_weighted=0.3210 val_prec_macro=0.2555 val_rec_macro=0.2523 val_metric_name=acc val_metric=0.4121
Step  200 | loss 1.3520 | val_acc=0.4196 val_loss=1.3635 val_f1_macro=0.2173 val_f1_weighted=0.3394 val_prec_macro=0.2484 val_rec_macro=0.2641 val_metric_name=acc val_metric=0.4196
Step  250 | loss 1.3254 | val_acc=0.4225 val_loss=1.3609 val_f1_macro=0.2318 val_f1_weighted=0.3533 val_prec_macro=0.3388 val_rec_macro=0.2730 val_metric_name=acc val_metric=0.4225
Step  300 | loss 1.3100 | val_acc=0.4268 val_loss=1.3567 val_f1_macro=0.2492 val_f1_weighted=0.3658 val_prec_macro=0.3353 val_rec_macro=0.2820 val_metric_name=acc val_metric=0.4268
Step  350 | loss 1.2932 | val_acc=0.4253 val_loss=1.3602 val_f1_macro=0.2681 val_f1_weighted=0.3757 val_prec_macro=0.3907 val_rec_macro=0.2905 val_metric_name=acc val_metric=0.4253
Step  400 | loss 1.2746 | val_acc=0.4362 val_loss=1.3572 val_f1_macro=0.2904 val_f1_weighted=0.3953 val_prec_macro=0.3988 val_rec_macro=0.3044 val_metric_name=acc val_metric=0.4362
Step  450 | loss 1.2551 | val_acc=0.4388 val_loss=1.3669 val_f1_macro=0.3017 val_f1_weighted=0.3996 val_prec_macro=0.4120 val_rec_macro=0.3115 val_metric_name=acc val_metric=0.4388
Step  500 | loss 1.2352 | val_acc=0.4413 val_loss=1.3827 val_f1_macro=0.3138 val_f1_weighted=0.4043 val_prec_macro=0.4136 val_rec_macro=0.3207 val_metric_name=acc val_metric=0.4413
Step  550 | loss 1.2148 | val_acc=0.4450 val_loss=1.3970 val_f1_macro=0.3237 val_f1_weighted=0.4100 val_prec_macro=0.4142 val_rec_macro=0.3288 val_metric_name=acc val_metric=0.4450
Step  600 | loss 1.2008 | val_acc=0.4535 val_loss=1.4046 val_f1_macro=0.3394 val_f1_weighted=0.4220 val_prec_macro=0.4273 val_rec_macro=0.3400 val_metric_name=acc val_metric=0.4535
Step  650 | loss 1.1779 | val_acc=0.4624 val_loss=1.4024 val_f1_macro=0.3517 val_f1_weighted=0.4347 val_prec_macro=0.4378 val_rec_macro=0.3478 val_metric_name=acc val_metric=0.4624
Step  700 | loss 1.1536 | val_acc=0.4642 val_loss=1.4203 val_f1_macro=0.3537 val_f1_weighted=0.4347 val_prec_macro=0.4372 val_rec_macro=0.3508 val_metric_name=acc val_metric=0.4642
Step  750 | loss 1.1320 | val_acc=0.4663 val_loss=1.4268 val_f1_macro=0.3589 val_f1_weighted=0.4382 val_prec_macro=0.4444 val_rec_macro=0.3553 val_metric_name=acc val_metric=0.4663
Step  800 | loss 1.1140 | val_acc=0.4744 val_loss=1.4193 val_f1_macro=0.3790 val_f1_weighted=0.4534 val_prec_macro=0.4388 val_rec_macro=0.3713 val_metric_name=acc val_metric=0.4744
Step  850 | loss 1.0906 | val_acc=0.4754 val_loss=1.4383 val_f1_macro=0.3773 val_f1_weighted=0.4502 val_prec_macro=0.4480 val_rec_macro=0.3716 val_metric_name=acc val_metric=0.4754
Step  900 | loss 1.0828 | val_acc=0.4792 val_loss=1.4470 val_f1_macro=0.3811 val_f1_weighted=0.4563 val_prec_macro=0.4452 val_rec_macro=0.3728 val_metric_name=acc val_metric=0.4792
Step  950 | loss 1.0560 | val_acc=0.4782 val_loss=1.4486 val_f1_macro=0.3878 val_f1_weighted=0.4581 val_prec_macro=0.4402 val_rec_macro=0.3789 val_metric_name=acc val_metric=0.4782
Step 1000 | loss 1.0320 | val_acc=0.4833 val_loss=1.4676 val_f1_macro=0.3919 val_f1_weighted=0.4634 val_prec_macro=0.4457 val_rec_macro=0.3820 val_metric_name=acc val_metric=0.4833
Step 1050 | loss 1.0252 | val_acc=0.4864 val_loss=1.4736 val_f1_macro=0.3960 val_f1_weighted=0.4683 val_prec_macro=0.4497 val_rec_macro=0.3853 val_metric_name=acc val_metric=0.4864
Step 1100 | loss 1.0073 | val_acc=0.4885 val_loss=1.4850 val_f1_macro=0.4095 val_f1_weighted=0.4740 val_prec_macro=0.4486 val_rec_macro=0.3996 val_metric_name=acc val_metric=0.4885
Step 1150 | loss 0.9816 | val_acc=0.4918 val_loss=1.5004 val_f1_macro=0.4164 val_f1_weighted=0.4776 val_prec_macro=0.4550 val_rec_macro=0.4062 val_metric_name=acc val_metric=0.4918
Step 1200 | loss 0.9726 | val_acc=0.4913 val_loss=1.5019 val_f1_macro=0.4163 val_f1_weighted=0.4784 val_prec_macro=0.4539 val_rec_macro=0.4048 val_metric_name=acc val_metric=0.4913
Step 1250 | loss 0.9432 | val_acc=0.4949 val_loss=1.5142 val_f1_macro=0.4223 val_f1_weighted=0.4833 val_prec_macro=0.4568 val_rec_macro=0.4104 val_metric_name=acc val_metric=0.4949
Step 1300 | loss 0.9319 | val_acc=0.4983 val_loss=1.5286 val_f1_macro=0.4251 val_f1_weighted=0.4866 val_prec_macro=0.4627 val_rec_macro=0.4123 val_metric_name=acc val_metric=0.4983
Step 1350 | loss 0.9153 | val_acc=0.4965 val_loss=1.5522 val_f1_macro=0.4272 val_f1_weighted=0.4853 val_prec_macro=0.4590 val_rec_macro=0.4166 val_metric_name=acc val_metric=0.4965
Step 1400 | loss 0.8940 | val_acc=0.4976 val_loss=1.5691 val_f1_macro=0.4282 val_f1_weighted=0.4871 val_prec_macro=0.4577 val_rec_macro=0.4177 val_metric_name=acc val_metric=0.4976
Step 1450 | loss 0.8806 | val_acc=0.4980 val_loss=1.5860 val_f1_macro=0.4352 val_f1_weighted=0.4890 val_prec_macro=0.4591 val_rec_macro=0.4258 val_metric_name=acc val_metric=0.4980
Step 1500 | loss 0.8534 | val_acc=0.5033 val_loss=1.6061 val_f1_macro=0.4386 val_f1_weighted=0.4933 val_prec_macro=0.4668 val_rec_macro=0.4280 val_metric_name=acc val_metric=0.5033
Step 1550 | loss 0.8334 | val_acc=0.5022 val_loss=1.6305 val_f1_macro=0.4385 val_f1_weighted=0.4933 val_prec_macro=0.4629 val_rec_macro=0.4292 val_metric_name=acc val_metric=0.5022
Step 1600 | loss 0.8110 | val_acc=0.5045 val_loss=1.6498 val_f1_macro=0.4442 val_f1_weighted=0.4966 val_prec_macro=0.4668 val_rec_macro=0.4345 val_metric_name=acc val_metric=0.5045
Step 1650 | loss 0.7952 | val_acc=0.5053 val_loss=1.6684 val_f1_macro=0.4460 val_f1_weighted=0.4985 val_prec_macro=0.4655 val_rec_macro=0.4366 val_metric_name=acc val_metric=0.5053
Step 1700 | loss 0.7746 | val_acc=0.5076 val_loss=1.7044 val_f1_macro=0.4477 val_f1_weighted=0.4997 val_prec_macro=0.4687 val_rec_macro=0.4391 val_metric_name=acc val_metric=0.5076
Step 1750 | loss 0.7444 | val_acc=0.5114 val_loss=1.7230 val_f1_macro=0.4523 val_f1_weighted=0.5051 val_prec_macro=0.4702 val_rec_macro=0.4442 val_metric_name=acc val_metric=0.5114
Step 1800 | loss 0.7260 | val_acc=0.5117 val_loss=1.7474 val_f1_macro=0.4527 val_f1_weighted=0.5056 val_prec_macro=0.4695 val_rec_macro=0.4449 val_metric_name=acc val_metric=0.5117
Step 1850 | loss 0.7042 | val_acc=0.5136 val_loss=1.7721 val_f1_macro=0.4545 val_f1_weighted=0.5078 val_prec_macro=0.4703 val_rec_macro=0.4475 val_metric_name=acc val_metric=0.5136
Step 1900 | loss 0.7003 | val_acc=0.5141 val_loss=1.8126 val_f1_macro=0.4553 val_f1_weighted=0.5080 val_prec_macro=0.4717 val_rec_macro=0.4490 val_metric_name=acc val_metric=0.5141
Step 1950 | loss 0.6699 | val_acc=0.5128 val_loss=1.8291 val_f1_macro=0.4549 val_f1_weighted=0.5077 val_prec_macro=0.4679 val_rec_macro=0.4487 val_metric_name=acc val_metric=0.5128
Step 2000 | loss 0.6435 | val_acc=0.5135 val_loss=1.8637 val_f1_macro=0.4557 val_f1_weighted=0.5091 val_prec_macro=0.4660 val_rec_macro=0.4509 val_metric_name=acc val_metric=0.5135
Step 2050 | loss 0.6294 | val_acc=0.5166 val_loss=1.9030 val_f1_macro=0.4587 val_f1_weighted=0.5120 val_prec_macro=0.4702 val_rec_macro=0.4538 val_metric_name=acc val_metric=0.5166
Step 2100 | loss 0.6030 | val_acc=0.5190 val_loss=1.9464 val_f1_macro=0.4609 val_f1_weighted=0.5139 val_prec_macro=0.4751 val_rec_macro=0.4539 val_metric_name=acc val_metric=0.5190
Step 2150 | loss 0.5974 | val_acc=0.5223 val_loss=1.9743 val_f1_macro=0.4656 val_f1_weighted=0.5180 val_prec_macro=0.4759 val_rec_macro=0.4617 val_metric_name=acc val_metric=0.5223
Step 2200 | loss 0.5808 | val_acc=0.5200 val_loss=2.0012 val_f1_macro=0.4637 val_f1_weighted=0.5162 val_prec_macro=0.4713 val_rec_macro=0.4617 val_metric_name=acc val_metric=0.5200
Step 2250 | loss 0.5534 | val_acc=0.5238 val_loss=2.0335 val_f1_macro=0.4683 val_f1_weighted=0.5195 val_prec_macro=0.4797 val_rec_macro=0.4635 val_metric_name=acc val_metric=0.5238
Step 2300 | loss 0.5326 | val_acc=0.5249 val_loss=2.0667 val_f1_macro=0.4673 val_f1_weighted=0.5216 val_prec_macro=0.4738 val_rec_macro=0.4656 val_metric_name=acc val_metric=0.5249
Step 2350 | loss 0.5186 | val_acc=0.5290 val_loss=2.1093 val_f1_macro=0.4688 val_f1_weighted=0.5250 val_prec_macro=0.4777 val_rec_macro=0.4659 val_metric_name=acc val_metric=0.5290
Step 2400 | loss 0.4924 | val_acc=0.5305 val_loss=2.1560 val_f1_macro=0.4732 val_f1_weighted=0.5268 val_prec_macro=0.4812 val_rec_macro=0.4703 val_metric_name=acc val_metric=0.5305
Step 2450 | loss 0.4894 | val_acc=0.5313 val_loss=2.1886 val_f1_macro=0.4717 val_f1_weighted=0.5268 val_prec_macro=0.4830 val_rec_macro=0.4669 val_metric_name=acc val_metric=0.5313
Step 2500 | loss 0.4718 | val_acc=0.5345 val_loss=2.2185 val_f1_macro=0.4768 val_f1_weighted=0.5311 val_prec_macro=0.4853 val_rec_macro=0.4728 val_metric_name=acc val_metric=0.5345
Step 2550 | loss 0.4590 | val_acc=0.5341 val_loss=2.2554 val_f1_macro=0.4771 val_f1_weighted=0.5309 val_prec_macro=0.4850 val_rec_macro=0.4730 val_metric_name=acc val_metric=0.5341
Step 2600 | loss 0.4315 | val_acc=0.5370 val_loss=2.2929 val_f1_macro=0.4793 val_f1_weighted=0.5332 val_prec_macro=0.4900 val_rec_macro=0.4744 val_metric_name=acc val_metric=0.5370
Step 2650 | loss 0.4126 | val_acc=0.5345 val_loss=2.3402 val_f1_macro=0.4789 val_f1_weighted=0.5318 val_prec_macro=0.4859 val_rec_macro=0.4758 val_metric_name=acc val_metric=0.5345
Step 2700 | loss 0.3991 | val_acc=0.5354 val_loss=2.3731 val_f1_macro=0.4797 val_f1_weighted=0.5321 val_prec_macro=0.4881 val_rec_macro=0.4757 val_metric_name=acc val_metric=0.5354
Step 2750 | loss 0.3851 | val_acc=0.5352 val_loss=2.4072 val_f1_macro=0.4794 val_f1_weighted=0.5322 val_prec_macro=0.4868 val_rec_macro=0.4753 val_metric_name=acc val_metric=0.5352
Step 2800 | loss 0.3765 | val_acc=0.5367 val_loss=2.4397 val_f1_macro=0.4810 val_f1_weighted=0.5336 val_prec_macro=0.4887 val_rec_macro=0.4769 val_metric_name=acc val_metric=0.5367
Step 2850 | loss 0.3603 | val_acc=0.5344 val_loss=2.4843 val_f1_macro=0.4785 val_f1_weighted=0.5318 val_prec_macro=0.4849 val_rec_macro=0.4748 val_metric_name=acc val_metric=0.5344
Early stopping at step 2890

--- Final (best ckpt @ step 2590) ---
  train_acc=0.9395 train_loss=0.1664 train_f1_macro=0.9357 train_f1_weighted=0.9396 train_prec_macro=0.9338 train_rec_macro=0.9389 train_metric_name=acc train_metric=0.9395
  val_acc=0.5381 val_loss=2.2864 val_f1_macro=0.4804 val_f1_weighted=0.5344 val_prec_macro=0.4906 val_rec_macro=0.4753 val_metric_name=acc val_metric=0.5381
  test_acc=0.5277 test_loss=2.2874 test_f1_macro=0.4685 test_f1_weighted=0.5251 test_prec_macro=0.4740 test_rec_macro=0.4661 test_metric_name=acc test_metric=0.5277
  test_acc=0.5277
  >> num_layers=5 hidden_dim=256 lr=3e-05 best_step=4950 val_acc=0.5470 test_acc=0.5365
     val_acc=0.5470 val_f1_macro=0.4926 val_f1_weighted=0.5450 val_loss=3.3590 val_metric=0.5470 val_metric_name=acc val_prec_macro=0.4991 val_rec_macro=0.4873
     test_acc=0.5365 test_f1_macro=0.4779 test_f1_weighted=0.5349 test_loss=3.4056 test_metric=0.5365 test_metric_name=acc test_prec_macro=0.4822 test_rec_macro=0.4744
  >> num_layers=5 hidden_dim=256 lr=6e-05 best_step=3380 val_acc=0.5489 test_acc=0.5391
     val_acc=0.5489 val_f1_macro=0.4932 val_f1_weighted=0.5473 val_loss=3.5866 val_metric=0.5489 val_metric_name=acc val_prec_macro=0.5002 val_rec_macro=0.4875
     test_acc=0.5391 test_f1_macro=0.4843 test_f1_weighted=0.5374 test_loss=3.6266 test_metric=0.5391 test_metric_name=acc test_prec_macro=0.4899 test_rec_macro=0.4795
  >> num_layers=5 hidden_dim=256 lr=0.0001 best_step=1880 val_acc=0.5455 test_acc=0.5414
     val_acc=0.5455 val_f1_macro=0.4878 val_f1_weighted=0.5441 val_loss=3.3576 val_metric=0.5455 val_metric_name=acc val_prec_macro=0.4915 val_rec_macro=0.4849
     test_acc=0.5414 test_f1_macro=0.4852 test_f1_weighted=0.5398 test_loss=3.3984 test_metric=0.5414 test_metric_name=acc test_prec_macro=0.4897 test_rec_macro=0.4817
  >> num_layers=5 hidden_dim=256 lr=1e-05 best_step=4930 val_acc=0.5225 test_acc=0.5151
     val_acc=0.5225 val_f1_macro=0.4639 val_f1_weighted=0.5201 val_loss=1.9652 val_metric=0.5225 val_metric_name=acc val_prec_macro=0.4679 val_rec_macro=0.4623
     test_acc=0.5151 test_f1_macro=0.4546 test_f1_weighted=0.5133 test_loss=1.9498 test_metric=0.5151 test_metric_name=acc test_prec_macro=0.4559 test_rec_macro=0.4564
  >> num_layers=5 hidden_dim=384 lr=3e-05 best_step=1900 val_acc=0.5414 test_acc=0.5314
     val_acc=0.5414 val_f1_macro=0.4859 val_f1_weighted=0.5402 val_loss=3.0030 val_metric=0.5414 val_metric_name=acc val_prec_macro=0.4875 val_rec_macro=0.4860
     test_acc=0.5314 test_f1_macro=0.4727 test_f1_weighted=0.5298 test_loss=3.0242 test_metric=0.5314 test_metric_name=acc test_prec_macro=0.4746 test_rec_macro=0.4725
  >> num_layers=5 hidden_dim=384 lr=6e-05 best_step=2010 val_acc=0.5486 test_acc=0.5367
     val_acc=0.5486 val_f1_macro=0.4902 val_f1_weighted=0.5469 val_loss=3.8708 val_metric=0.5486 val_metric_name=acc val_prec_macro=0.4949 val_rec_macro=0.4868
     test_acc=0.5367 test_f1_macro=0.4811 test_f1_weighted=0.5346 test_loss=3.8986 test_metric=0.5367 test_metric_name=acc test_prec_macro=0.4868 test_rec_macro=0.4771
  >> num_layers=5 hidden_dim=384 lr=0.0001 best_step=2580 val_acc=0.5510 test_acc=0.5465
     val_acc=0.5510 val_f1_macro=0.4906 val_f1_weighted=0.5479 val_loss=4.2986 val_metric=0.5510 val_metric_name=acc val_prec_macro=0.5022 val_rec_macro=0.4831
     test_acc=0.5465 test_f1_macro=0.4921 test_f1_weighted=0.5430 test_loss=4.3330 test_metric=0.5465 test_metric_name=acc test_prec_macro=0.5060 test_rec_macro=0.4828
  >> num_layers=5 hidden_dim=384 lr=1e-05 best_step=4940 val_acc=0.5381 test_acc=0.5292
     val_acc=0.5381 val_f1_macro=0.4832 val_f1_weighted=0.5372 val_loss=2.9237 val_metric=0.5381 val_metric_name=acc val_prec_macro=0.4844 val_rec_macro=0.4836
     test_acc=0.5292 test_f1_macro=0.4703 test_f1_weighted=0.5279 test_loss=2.9448 test_metric=0.5292 test_metric_name=acc test_prec_macro=0.4713 test_rec_macro=0.4712
  >> num_layers=5 hidden_dim=512 lr=3e-05 best_step=3100 val_acc=0.5538 test_acc=0.5378
     val_acc=0.5538 val_f1_macro=0.4975 val_f1_weighted=0.5512 val_loss=4.3187 val_metric=0.5538 val_metric_name=acc val_prec_macro=0.5072 val_rec_macro=0.4905
     test_acc=0.5378 test_f1_macro=0.4819 test_f1_weighted=0.5355 test_loss=4.4145 test_metric=0.5378 test_metric_name=acc test_prec_macro=0.4899 test_rec_macro=0.4766
  >> num_layers=5 hidden_dim=512 lr=6e-05 best_step=3000 val_acc=0.5543 test_acc=0.5373
     val_acc=0.5543 val_f1_macro=0.4983 val_f1_weighted=0.5516 val_loss=4.7527 val_metric=0.5543 val_metric_name=acc val_prec_macro=0.5106 val_rec_macro=0.4893
     test_acc=0.5373 test_f1_macro=0.4826 test_f1_weighted=0.5347 test_loss=4.8239 test_metric=0.5373 test_metric_name=acc test_prec_macro=0.4918 test_rec_macro=0.4759
  >> num_layers=5 hidden_dim=512 lr=0.0001 best_step=950 val_acc=0.5514 test_acc=0.5399
     val_acc=0.5514 val_f1_macro=0.4943 val_f1_weighted=0.5479 val_loss=3.6959 val_metric=0.5514 val_metric_name=acc val_prec_macro=0.5092 val_rec_macro=0.4844
     test_acc=0.5399 test_f1_macro=0.4853 test_f1_weighted=0.5366 test_loss=3.7334 test_metric=0.5399 test_metric_name=acc test_prec_macro=0.4977 test_rec_macro=0.4766
  >> num_layers=5 hidden_dim=512 lr=1e-05 best_step=2590 val_acc=0.5381 test_acc=0.5277
     val_acc=0.5381 val_f1_macro=0.4804 val_f1_weighted=0.5344 val_loss=2.2864 val_metric=0.5381 val_metric_name=acc val_prec_macro=0.4906 val_rec_macro=0.4753
     test_acc=0.5277 test_f1_macro=0.4685 test_f1_weighted=0.5251 test_loss=2.2874 test_metric=0.5277 test_metric_name=acc test_prec_macro=0.4740 test_rec_macro=0.4661
  >> selected best (by val): num_layers=5 hidden_dim=512 lr=6e-05 val_acc=0.5543 test_acc=0.5373
     val_acc=0.5543 val_f1_macro=0.4983 val_f1_weighted=0.5516 val_loss=4.7527 val_metric=0.5543 val_metric_name=acc val_prec_macro=0.5106 val_rec_macro=0.4893
     test_acc=0.5373 test_f1_macro=0.4826 test_f1_weighted=0.5347 test_loss=4.8239 test_metric=0.5373 test_metric_name=acc test_prec_macro=0.4918 test_rec_macro=0.4759

Done. Results saved to /home/avshmelev/diploma_yandex_graphs/results_grid/amazon_ratings/base.csv, checkpoints in /home/avshmelev/diploma_yandex_graphs/all_checkpoints/amazon_ratings/base/
