Loading data...

============================================================
Training amazon-ratings GAT 5L h=256 lr=3e-05 split=4
============================================================
Training for 5000 steps
Step    1 | loss 1.8839 | val_acc=0.1037 val_loss=1.7021 val_f1_macro=0.0922 val_f1_weighted=0.0978 val_prec_macro=0.1422 val_rec_macro=0.2077 val_metric_name=acc val_metric=0.1037
Step   50 | loss 1.4281 | val_acc=0.3711 val_loss=1.3952 val_f1_macro=0.1298 val_f1_weighted=0.2274 val_prec_macro=0.1456 val_rec_macro=0.2054 val_metric_name=acc val_metric=0.3711
Step  100 | loss 1.4003 | val_acc=0.3998 val_loss=1.3717 val_f1_macro=0.1917 val_f1_weighted=0.3081 val_prec_macro=0.2505 val_rec_macro=0.2392 val_metric_name=acc val_metric=0.3998
Step  150 | loss 1.3635 | val_acc=0.4204 val_loss=1.3434 val_f1_macro=0.2285 val_f1_weighted=0.3531 val_prec_macro=0.2362 val_rec_macro=0.2643 val_metric_name=acc val_metric=0.4204
Step  200 | loss 1.3453 | val_acc=0.4238 val_loss=1.3269 val_f1_macro=0.2407 val_f1_weighted=0.3669 val_prec_macro=0.2384 val_rec_macro=0.2719 val_metric_name=acc val_metric=0.4238
Step  250 | loss 1.3247 | val_acc=0.4266 val_loss=1.3152 val_f1_macro=0.2526 val_f1_weighted=0.3781 val_prec_macro=0.3012 val_rec_macro=0.2794 val_metric_name=acc val_metric=0.4266
Step  300 | loss 1.3038 | val_acc=0.4310 val_loss=1.3068 val_f1_macro=0.2725 val_f1_weighted=0.3921 val_prec_macro=0.3197 val_rec_macro=0.2922 val_metric_name=acc val_metric=0.4310
Step  350 | loss 1.2822 | val_acc=0.4362 val_loss=1.2991 val_f1_macro=0.3004 val_f1_weighted=0.4050 val_prec_macro=0.4271 val_rec_macro=0.3091 val_metric_name=acc val_metric=0.4362
Step  400 | loss 1.2624 | val_acc=0.4452 val_loss=1.3002 val_f1_macro=0.3157 val_f1_weighted=0.4157 val_prec_macro=0.4074 val_rec_macro=0.3201 val_metric_name=acc val_metric=0.4452
Step  450 | loss 1.2416 | val_acc=0.4459 val_loss=1.3009 val_f1_macro=0.3254 val_f1_weighted=0.4172 val_prec_macro=0.4081 val_rec_macro=0.3266 val_metric_name=acc val_metric=0.4459
Step  500 | loss 1.2235 | val_acc=0.4467 val_loss=1.2988 val_f1_macro=0.3356 val_f1_weighted=0.4231 val_prec_macro=0.3946 val_rec_macro=0.3331 val_metric_name=acc val_metric=0.4467
Step  550 | loss 1.2054 | val_acc=0.4534 val_loss=1.3019 val_f1_macro=0.3446 val_f1_weighted=0.4298 val_prec_macro=0.4013 val_rec_macro=0.3417 val_metric_name=acc val_metric=0.4534
Step  600 | loss 1.1864 | val_acc=0.4609 val_loss=1.3118 val_f1_macro=0.3504 val_f1_weighted=0.4371 val_prec_macro=0.4011 val_rec_macro=0.3459 val_metric_name=acc val_metric=0.4609
Step  650 | loss 1.1709 | val_acc=0.4615 val_loss=1.3137 val_f1_macro=0.3568 val_f1_weighted=0.4404 val_prec_macro=0.4053 val_rec_macro=0.3513 val_metric_name=acc val_metric=0.4615
Step  700 | loss 1.1489 | val_acc=0.4640 val_loss=1.3158 val_f1_macro=0.3599 val_f1_weighted=0.4419 val_prec_macro=0.4061 val_rec_macro=0.3565 val_metric_name=acc val_metric=0.4640
Step  750 | loss 1.1355 | val_acc=0.4728 val_loss=1.3211 val_f1_macro=0.3728 val_f1_weighted=0.4533 val_prec_macro=0.4261 val_rec_macro=0.3645 val_metric_name=acc val_metric=0.4728
Step  800 | loss 1.1225 | val_acc=0.4720 val_loss=1.3204 val_f1_macro=0.3727 val_f1_weighted=0.4535 val_prec_macro=0.4100 val_rec_macro=0.3657 val_metric_name=acc val_metric=0.4720
Step  850 | loss 1.1094 | val_acc=0.4718 val_loss=1.3339 val_f1_macro=0.3751 val_f1_weighted=0.4538 val_prec_macro=0.4126 val_rec_macro=0.3688 val_metric_name=acc val_metric=0.4718
Step  900 | loss 1.0955 | val_acc=0.4694 val_loss=1.3400 val_f1_macro=0.3773 val_f1_weighted=0.4520 val_prec_macro=0.4180 val_rec_macro=0.3702 val_metric_name=acc val_metric=0.4694
Step  950 | loss 1.0815 | val_acc=0.4718 val_loss=1.3461 val_f1_macro=0.3813 val_f1_weighted=0.4554 val_prec_macro=0.4174 val_rec_macro=0.3736 val_metric_name=acc val_metric=0.4718
Step 1000 | loss 1.0623 | val_acc=0.4767 val_loss=1.3581 val_f1_macro=0.3862 val_f1_weighted=0.4617 val_prec_macro=0.4178 val_rec_macro=0.3782 val_metric_name=acc val_metric=0.4767
Step 1050 | loss 1.0474 | val_acc=0.4764 val_loss=1.3588 val_f1_macro=0.3887 val_f1_weighted=0.4615 val_prec_macro=0.4209 val_rec_macro=0.3801 val_metric_name=acc val_metric=0.4764
Step 1100 | loss 1.0342 | val_acc=0.4710 val_loss=1.3735 val_f1_macro=0.3873 val_f1_weighted=0.4584 val_prec_macro=0.4124 val_rec_macro=0.3798 val_metric_name=acc val_metric=0.4710
Step 1150 | loss 1.0243 | val_acc=0.4736 val_loss=1.3831 val_f1_macro=0.3904 val_f1_weighted=0.4614 val_prec_macro=0.4180 val_rec_macro=0.3814 val_metric_name=acc val_metric=0.4736
Step 1200 | loss 1.0136 | val_acc=0.4736 val_loss=1.3896 val_f1_macro=0.3906 val_f1_weighted=0.4625 val_prec_macro=0.4126 val_rec_macro=0.3833 val_metric_name=acc val_metric=0.4736
Step 1250 | loss 0.9999 | val_acc=0.4695 val_loss=1.4010 val_f1_macro=0.3897 val_f1_weighted=0.4589 val_prec_macro=0.4138 val_rec_macro=0.3821 val_metric_name=acc val_metric=0.4695
Step 1300 | loss 0.9818 | val_acc=0.4736 val_loss=1.4188 val_f1_macro=0.3945 val_f1_weighted=0.4628 val_prec_macro=0.4159 val_rec_macro=0.3878 val_metric_name=acc val_metric=0.4736
Step 1350 | loss 0.9735 | val_acc=0.4772 val_loss=1.4291 val_f1_macro=0.4002 val_f1_weighted=0.4674 val_prec_macro=0.4172 val_rec_macro=0.3942 val_metric_name=acc val_metric=0.4772
Step 1400 | loss 0.9620 | val_acc=0.4738 val_loss=1.4373 val_f1_macro=0.3962 val_f1_weighted=0.4642 val_prec_macro=0.4128 val_rec_macro=0.3909 val_metric_name=acc val_metric=0.4738
Step 1450 | loss 0.9471 | val_acc=0.4754 val_loss=1.4511 val_f1_macro=0.4010 val_f1_weighted=0.4665 val_prec_macro=0.4173 val_rec_macro=0.3954 val_metric_name=acc val_metric=0.4754
Step 1500 | loss 0.9421 | val_acc=0.4733 val_loss=1.4642 val_f1_macro=0.4020 val_f1_weighted=0.4656 val_prec_macro=0.4147 val_rec_macro=0.3973 val_metric_name=acc val_metric=0.4733
Step 1550 | loss 0.9245 | val_acc=0.4787 val_loss=1.4683 val_f1_macro=0.4037 val_f1_weighted=0.4700 val_prec_macro=0.4211 val_rec_macro=0.3967 val_metric_name=acc val_metric=0.4787
Step 1600 | loss 0.9263 | val_acc=0.4803 val_loss=1.4797 val_f1_macro=0.4097 val_f1_weighted=0.4725 val_prec_macro=0.4228 val_rec_macro=0.4051 val_metric_name=acc val_metric=0.4803
Step 1650 | loss 0.9144 | val_acc=0.4798 val_loss=1.4945 val_f1_macro=0.4070 val_f1_weighted=0.4721 val_prec_macro=0.4197 val_rec_macro=0.4027 val_metric_name=acc val_metric=0.4798
Step 1700 | loss 0.9033 | val_acc=0.4828 val_loss=1.5071 val_f1_macro=0.4097 val_f1_weighted=0.4755 val_prec_macro=0.4215 val_rec_macro=0.4057 val_metric_name=acc val_metric=0.4828
Step 1750 | loss 0.8874 | val_acc=0.4808 val_loss=1.5206 val_f1_macro=0.4083 val_f1_weighted=0.4733 val_prec_macro=0.4207 val_rec_macro=0.4045 val_metric_name=acc val_metric=0.4808
Step 1800 | loss 0.8875 | val_acc=0.4815 val_loss=1.5285 val_f1_macro=0.4111 val_f1_weighted=0.4743 val_prec_macro=0.4200 val_rec_macro=0.4086 val_metric_name=acc val_metric=0.4815
Step 1850 | loss 0.8781 | val_acc=0.4828 val_loss=1.5294 val_f1_macro=0.4125 val_f1_weighted=0.4762 val_prec_macro=0.4242 val_rec_macro=0.4075 val_metric_name=acc val_metric=0.4828
Step 1900 | loss 0.8757 | val_acc=0.4820 val_loss=1.5628 val_f1_macro=0.4101 val_f1_weighted=0.4752 val_prec_macro=0.4206 val_rec_macro=0.4072 val_metric_name=acc val_metric=0.4820
Step 1950 | loss 0.8623 | val_acc=0.4829 val_loss=1.5637 val_f1_macro=0.4155 val_f1_weighted=0.4773 val_prec_macro=0.4224 val_rec_macro=0.4135 val_metric_name=acc val_metric=0.4829
Step 2000 | loss 0.8495 | val_acc=0.4831 val_loss=1.5805 val_f1_macro=0.4150 val_f1_weighted=0.4776 val_prec_macro=0.4223 val_rec_macro=0.4122 val_metric_name=acc val_metric=0.4831
Step 2050 | loss 0.8497 | val_acc=0.4842 val_loss=1.5861 val_f1_macro=0.4156 val_f1_weighted=0.4783 val_prec_macro=0.4246 val_rec_macro=0.4121 val_metric_name=acc val_metric=0.4842
Step 2100 | loss 0.8336 | val_acc=0.4841 val_loss=1.6052 val_f1_macro=0.4188 val_f1_weighted=0.4783 val_prec_macro=0.4269 val_rec_macro=0.4161 val_metric_name=acc val_metric=0.4841
Step 2150 | loss 0.8305 | val_acc=0.4846 val_loss=1.6111 val_f1_macro=0.4148 val_f1_weighted=0.4783 val_prec_macro=0.4234 val_rec_macro=0.4118 val_metric_name=acc val_metric=0.4846
Step 2200 | loss 0.8242 | val_acc=0.4859 val_loss=1.6320 val_f1_macro=0.4193 val_f1_weighted=0.4796 val_prec_macro=0.4276 val_rec_macro=0.4170 val_metric_name=acc val_metric=0.4859
Step 2250 | loss 0.8158 | val_acc=0.4877 val_loss=1.6339 val_f1_macro=0.4200 val_f1_weighted=0.4817 val_prec_macro=0.4282 val_rec_macro=0.4174 val_metric_name=acc val_metric=0.4877
Step 2300 | loss 0.8044 | val_acc=0.4857 val_loss=1.6551 val_f1_macro=0.4165 val_f1_weighted=0.4796 val_prec_macro=0.4249 val_rec_macro=0.4137 val_metric_name=acc val_metric=0.4857
Step 2350 | loss 0.7979 | val_acc=0.4873 val_loss=1.6692 val_f1_macro=0.4223 val_f1_weighted=0.4825 val_prec_macro=0.4293 val_rec_macro=0.4200 val_metric_name=acc val_metric=0.4873
Step 2400 | loss 0.8034 | val_acc=0.4854 val_loss=1.6788 val_f1_macro=0.4189 val_f1_weighted=0.4807 val_prec_macro=0.4236 val_rec_macro=0.4187 val_metric_name=acc val_metric=0.4854
Step 2450 | loss 0.7925 | val_acc=0.4878 val_loss=1.6881 val_f1_macro=0.4219 val_f1_weighted=0.4824 val_prec_macro=0.4280 val_rec_macro=0.4204 val_metric_name=acc val_metric=0.4878
Step 2500 | loss 0.7785 | val_acc=0.4890 val_loss=1.6984 val_f1_macro=0.4250 val_f1_weighted=0.4835 val_prec_macro=0.4314 val_rec_macro=0.4241 val_metric_name=acc val_metric=0.4890
Step 2550 | loss 0.7717 | val_acc=0.4896 val_loss=1.7142 val_f1_macro=0.4215 val_f1_weighted=0.4838 val_prec_macro=0.4301 val_rec_macro=0.4181 val_metric_name=acc val_metric=0.4896
Step 2600 | loss 0.7660 | val_acc=0.4945 val_loss=1.7338 val_f1_macro=0.4261 val_f1_weighted=0.4888 val_prec_macro=0.4331 val_rec_macro=0.4242 val_metric_name=acc val_metric=0.4945
Step 2650 | loss 0.7573 | val_acc=0.4929 val_loss=1.7320 val_f1_macro=0.4245 val_f1_weighted=0.4876 val_prec_macro=0.4308 val_rec_macro=0.4224 val_metric_name=acc val_metric=0.4929
Step 2700 | loss 0.7459 | val_acc=0.4944 val_loss=1.7524 val_f1_macro=0.4244 val_f1_weighted=0.4897 val_prec_macro=0.4295 val_rec_macro=0.4235 val_metric_name=acc val_metric=0.4944
Step 2750 | loss 0.7547 | val_acc=0.4950 val_loss=1.7575 val_f1_macro=0.4278 val_f1_weighted=0.4903 val_prec_macro=0.4331 val_rec_macro=0.4269 val_metric_name=acc val_metric=0.4950
Step 2800 | loss 0.7386 | val_acc=0.4983 val_loss=1.7816 val_f1_macro=0.4282 val_f1_weighted=0.4935 val_prec_macro=0.4342 val_rec_macro=0.4263 val_metric_name=acc val_metric=0.4983
Step 2850 | loss 0.7405 | val_acc=0.4994 val_loss=1.7797 val_f1_macro=0.4325 val_f1_weighted=0.4948 val_prec_macro=0.4387 val_rec_macro=0.4309 val_metric_name=acc val_metric=0.4994
Step 2900 | loss 0.7308 | val_acc=0.4957 val_loss=1.7987 val_f1_macro=0.4252 val_f1_weighted=0.4904 val_prec_macro=0.4317 val_rec_macro=0.4232 val_metric_name=acc val_metric=0.4957
Step 2950 | loss 0.7256 | val_acc=0.4998 val_loss=1.8083 val_f1_macro=0.4316 val_f1_weighted=0.4955 val_prec_macro=0.4368 val_rec_macro=0.4297 val_metric_name=acc val_metric=0.4998
Step 3000 | loss 0.7216 | val_acc=0.4999 val_loss=1.8250 val_f1_macro=0.4330 val_f1_weighted=0.4958 val_prec_macro=0.4381 val_rec_macro=0.4311 val_metric_name=acc val_metric=0.4999
Step 3050 | loss 0.7058 | val_acc=0.4984 val_loss=1.8468 val_f1_macro=0.4307 val_f1_weighted=0.4937 val_prec_macro=0.4360 val_rec_macro=0.4303 val_metric_name=acc val_metric=0.4984
Step 3100 | loss 0.7048 | val_acc=0.4994 val_loss=1.8459 val_f1_macro=0.4323 val_f1_weighted=0.4955 val_prec_macro=0.4362 val_rec_macro=0.4316 val_metric_name=acc val_metric=0.4994
Step 3150 | loss 0.7008 | val_acc=0.4983 val_loss=1.8638 val_f1_macro=0.4318 val_f1_weighted=0.4940 val_prec_macro=0.4357 val_rec_macro=0.4322 val_metric_name=acc val_metric=0.4983
Step 3200 | loss 0.6868 | val_acc=0.5001 val_loss=1.8751 val_f1_macro=0.4329 val_f1_weighted=0.4962 val_prec_macro=0.4369 val_rec_macro=0.4323 val_metric_name=acc val_metric=0.5001
Step 3250 | loss 0.6898 | val_acc=0.5002 val_loss=1.9045 val_f1_macro=0.4361 val_f1_weighted=0.4966 val_prec_macro=0.4393 val_rec_macro=0.4362 val_metric_name=acc val_metric=0.5002
Step 3300 | loss 0.6742 | val_acc=0.5048 val_loss=1.9206 val_f1_macro=0.4373 val_f1_weighted=0.5002 val_prec_macro=0.4421 val_rec_macro=0.4366 val_metric_name=acc val_metric=0.5048
Step 3350 | loss 0.6767 | val_acc=0.5025 val_loss=1.9242 val_f1_macro=0.4370 val_f1_weighted=0.4991 val_prec_macro=0.4403 val_rec_macro=0.4363 val_metric_name=acc val_metric=0.5025
Step 3400 | loss 0.6633 | val_acc=0.5006 val_loss=1.9413 val_f1_macro=0.4352 val_f1_weighted=0.4972 val_prec_macro=0.4375 val_rec_macro=0.4366 val_metric_name=acc val_metric=0.5006
Step 3450 | loss 0.6545 | val_acc=0.5066 val_loss=1.9473 val_f1_macro=0.4393 val_f1_weighted=0.5025 val_prec_macro=0.4433 val_rec_macro=0.4397 val_metric_name=acc val_metric=0.5066
Step 3500 | loss 0.6571 | val_acc=0.5043 val_loss=1.9740 val_f1_macro=0.4379 val_f1_weighted=0.5009 val_prec_macro=0.4404 val_rec_macro=0.4395 val_metric_name=acc val_metric=0.5043
Step 3550 | loss 0.6510 | val_acc=0.5066 val_loss=1.9749 val_f1_macro=0.4388 val_f1_weighted=0.5030 val_prec_macro=0.4419 val_rec_macro=0.4396 val_metric_name=acc val_metric=0.5066
Step 3600 | loss 0.6419 | val_acc=0.5063 val_loss=1.9964 val_f1_macro=0.4397 val_f1_weighted=0.5028 val_prec_macro=0.4426 val_rec_macro=0.4401 val_metric_name=acc val_metric=0.5063
Step 3650 | loss 0.6409 | val_acc=0.5042 val_loss=2.0051 val_f1_macro=0.4392 val_f1_weighted=0.5005 val_prec_macro=0.4427 val_rec_macro=0.4393 val_metric_name=acc val_metric=0.5042
Step 3700 | loss 0.6390 | val_acc=0.5061 val_loss=2.0019 val_f1_macro=0.4409 val_f1_weighted=0.5027 val_prec_macro=0.4448 val_rec_macro=0.4403 val_metric_name=acc val_metric=0.5061
Step 3750 | loss 0.6269 | val_acc=0.5063 val_loss=2.0220 val_f1_macro=0.4422 val_f1_weighted=0.5029 val_prec_macro=0.4461 val_rec_macro=0.4418 val_metric_name=acc val_metric=0.5063
Step 3800 | loss 0.6180 | val_acc=0.5061 val_loss=2.0395 val_f1_macro=0.4422 val_f1_weighted=0.5025 val_prec_macro=0.4470 val_rec_macro=0.4403 val_metric_name=acc val_metric=0.5061
Step 3850 | loss 0.6088 | val_acc=0.5087 val_loss=2.0597 val_f1_macro=0.4460 val_f1_weighted=0.5054 val_prec_macro=0.4491 val_rec_macro=0.4461 val_metric_name=acc val_metric=0.5087
Step 3900 | loss 0.6142 | val_acc=0.5084 val_loss=2.0603 val_f1_macro=0.4455 val_f1_weighted=0.5055 val_prec_macro=0.4485 val_rec_macro=0.4457 val_metric_name=acc val_metric=0.5084
Step 3950 | loss 0.6055 | val_acc=0.5071 val_loss=2.0728 val_f1_macro=0.4444 val_f1_weighted=0.5041 val_prec_macro=0.4469 val_rec_macro=0.4448 val_metric_name=acc val_metric=0.5071
Step 4000 | loss 0.5972 | val_acc=0.5102 val_loss=2.0913 val_f1_macro=0.4484 val_f1_weighted=0.5074 val_prec_macro=0.4507 val_rec_macro=0.4489 val_metric_name=acc val_metric=0.5102
Step 4050 | loss 0.5982 | val_acc=0.5082 val_loss=2.1004 val_f1_macro=0.4476 val_f1_weighted=0.5055 val_prec_macro=0.4497 val_rec_macro=0.4481 val_metric_name=acc val_metric=0.5082
Step 4100 | loss 0.5866 | val_acc=0.5109 val_loss=2.1164 val_f1_macro=0.4498 val_f1_weighted=0.5080 val_prec_macro=0.4523 val_rec_macro=0.4505 val_metric_name=acc val_metric=0.5109
Step 4150 | loss 0.5868 | val_acc=0.5094 val_loss=2.1275 val_f1_macro=0.4484 val_f1_weighted=0.5067 val_prec_macro=0.4511 val_rec_macro=0.4483 val_metric_name=acc val_metric=0.5094
Step 4200 | loss 0.5772 | val_acc=0.5104 val_loss=2.1361 val_f1_macro=0.4507 val_f1_weighted=0.5077 val_prec_macro=0.4533 val_rec_macro=0.4504 val_metric_name=acc val_metric=0.5104
Step 4250 | loss 0.5748 | val_acc=0.5084 val_loss=2.1609 val_f1_macro=0.4470 val_f1_weighted=0.5058 val_prec_macro=0.4505 val_rec_macro=0.4454 val_metric_name=acc val_metric=0.5084
Step 4300 | loss 0.5727 | val_acc=0.5115 val_loss=2.1674 val_f1_macro=0.4499 val_f1_weighted=0.5090 val_prec_macro=0.4521 val_rec_macro=0.4501 val_metric_name=acc val_metric=0.5115
Step 4350 | loss 0.5649 | val_acc=0.5127 val_loss=2.1909 val_f1_macro=0.4528 val_f1_weighted=0.5101 val_prec_macro=0.4552 val_rec_macro=0.4528 val_metric_name=acc val_metric=0.5127
Step 4400 | loss 0.5605 | val_acc=0.5110 val_loss=2.1964 val_f1_macro=0.4504 val_f1_weighted=0.5086 val_prec_macro=0.4529 val_rec_macro=0.4501 val_metric_name=acc val_metric=0.5110
Step 4450 | loss 0.5526 | val_acc=0.5107 val_loss=2.2044 val_f1_macro=0.4504 val_f1_weighted=0.5080 val_prec_macro=0.4538 val_rec_macro=0.4493 val_metric_name=acc val_metric=0.5107
Step 4500 | loss 0.5548 | val_acc=0.5097 val_loss=2.2326 val_f1_macro=0.4489 val_f1_weighted=0.5074 val_prec_macro=0.4504 val_rec_macro=0.4499 val_metric_name=acc val_metric=0.5097
Step 4550 | loss 0.5437 | val_acc=0.5105 val_loss=2.2316 val_f1_macro=0.4500 val_f1_weighted=0.5082 val_prec_macro=0.4525 val_rec_macro=0.4494 val_metric_name=acc val_metric=0.5105
Step 4600 | loss 0.5483 | val_acc=0.5081 val_loss=2.2526 val_f1_macro=0.4491 val_f1_weighted=0.5061 val_prec_macro=0.4504 val_rec_macro=0.4495 val_metric_name=acc val_metric=0.5081
Step 4650 | loss 0.5425 | val_acc=0.5100 val_loss=2.2653 val_f1_macro=0.4506 val_f1_weighted=0.5082 val_prec_macro=0.4515 val_rec_macro=0.4513 val_metric_name=acc val_metric=0.5100
Early stopping at step 4653

--- Final (best ckpt @ step 4340) ---
  train_acc=0.8304 train_loss=0.4028 train_f1_macro=0.8161 train_f1_weighted=0.8301 train_prec_macro=0.8228 train_rec_macro=0.8122 train_metric_name=acc train_metric=0.8304
  val_acc=0.5138 val_loss=2.1799 val_f1_macro=0.4545 val_f1_weighted=0.5108 val_prec_macro=0.4582 val_rec_macro=0.4536 val_metric_name=acc val_metric=0.5138
  test_acc=0.5097 test_loss=2.2257 test_f1_macro=0.4409 test_f1_weighted=0.5076 test_prec_macro=0.4438 test_rec_macro=0.4405 test_metric_name=acc test_metric=0.5097
  test_acc=0.5097

============================================================
Training amazon-ratings GAT 5L h=256 lr=6e-05 split=4
============================================================
Training for 5000 steps
Step    1 | loss 1.8839 | val_acc=0.2974 val_loss=1.5183 val_f1_macro=0.1824 val_f1_weighted=0.2644 val_prec_macro=0.1961 val_rec_macro=0.2101 val_metric_name=acc val_metric=0.2974
Step   50 | loss 1.4119 | val_acc=0.3809 val_loss=1.3884 val_f1_macro=0.1589 val_f1_weighted=0.2660 val_prec_macro=0.1551 val_rec_macro=0.2178 val_metric_name=acc val_metric=0.3809
Step  100 | loss 1.3640 | val_acc=0.4199 val_loss=1.3416 val_f1_macro=0.2288 val_f1_weighted=0.3534 val_prec_macro=0.2356 val_rec_macro=0.2640 val_metric_name=acc val_metric=0.4199
Step  150 | loss 1.3244 | val_acc=0.4259 val_loss=1.3196 val_f1_macro=0.2482 val_f1_weighted=0.3728 val_prec_macro=0.3206 val_rec_macro=0.2778 val_metric_name=acc val_metric=0.4259
Step  200 | loss 1.2925 | val_acc=0.4359 val_loss=1.3019 val_f1_macro=0.2870 val_f1_weighted=0.4060 val_prec_macro=0.3937 val_rec_macro=0.3013 val_metric_name=acc val_metric=0.4359
Step  250 | loss 1.2540 | val_acc=0.4434 val_loss=1.2999 val_f1_macro=0.3077 val_f1_weighted=0.4132 val_prec_macro=0.4095 val_rec_macro=0.3141 val_metric_name=acc val_metric=0.4434
Step  300 | loss 1.2203 | val_acc=0.4485 val_loss=1.2986 val_f1_macro=0.3298 val_f1_weighted=0.4230 val_prec_macro=0.4008 val_rec_macro=0.3305 val_metric_name=acc val_metric=0.4485
Step  350 | loss 1.1910 | val_acc=0.4560 val_loss=1.3030 val_f1_macro=0.3525 val_f1_weighted=0.4335 val_prec_macro=0.3994 val_rec_macro=0.3488 val_metric_name=acc val_metric=0.4560
Step  400 | loss 1.1638 | val_acc=0.4643 val_loss=1.3133 val_f1_macro=0.3611 val_f1_weighted=0.4427 val_prec_macro=0.4050 val_rec_macro=0.3562 val_metric_name=acc val_metric=0.4643
Step  450 | loss 1.1312 | val_acc=0.4728 val_loss=1.3234 val_f1_macro=0.3798 val_f1_weighted=0.4550 val_prec_macro=0.4280 val_rec_macro=0.3692 val_metric_name=acc val_metric=0.4728
Step  500 | loss 1.1052 | val_acc=0.4700 val_loss=1.3223 val_f1_macro=0.3781 val_f1_weighted=0.4537 val_prec_macro=0.4155 val_rec_macro=0.3708 val_metric_name=acc val_metric=0.4700
Step  550 | loss 1.0788 | val_acc=0.4695 val_loss=1.3481 val_f1_macro=0.3818 val_f1_weighted=0.4548 val_prec_macro=0.4108 val_rec_macro=0.3753 val_metric_name=acc val_metric=0.4695
Step  600 | loss 1.0483 | val_acc=0.4772 val_loss=1.3527 val_f1_macro=0.3906 val_f1_weighted=0.4611 val_prec_macro=0.4189 val_rec_macro=0.3863 val_metric_name=acc val_metric=0.4772
Step  650 | loss 1.0245 | val_acc=0.4720 val_loss=1.3805 val_f1_macro=0.3918 val_f1_weighted=0.4600 val_prec_macro=0.4169 val_rec_macro=0.3843 val_metric_name=acc val_metric=0.4720
Step  700 | loss 1.0028 | val_acc=0.4726 val_loss=1.3989 val_f1_macro=0.3970 val_f1_weighted=0.4615 val_prec_macro=0.4134 val_rec_macro=0.3940 val_metric_name=acc val_metric=0.4726
Step  750 | loss 0.9818 | val_acc=0.4782 val_loss=1.4153 val_f1_macro=0.3997 val_f1_weighted=0.4684 val_prec_macro=0.4184 val_rec_macro=0.3927 val_metric_name=acc val_metric=0.4782
Step  800 | loss 0.9601 | val_acc=0.4764 val_loss=1.4240 val_f1_macro=0.4024 val_f1_weighted=0.4683 val_prec_macro=0.4138 val_rec_macro=0.3987 val_metric_name=acc val_metric=0.4764
Step  850 | loss 0.9386 | val_acc=0.4797 val_loss=1.4537 val_f1_macro=0.4063 val_f1_weighted=0.4717 val_prec_macro=0.4209 val_rec_macro=0.4004 val_metric_name=acc val_metric=0.4797
Step  900 | loss 0.9261 | val_acc=0.4798 val_loss=1.4748 val_f1_macro=0.4082 val_f1_weighted=0.4718 val_prec_macro=0.4212 val_rec_macro=0.4032 val_metric_name=acc val_metric=0.4798
Step  950 | loss 0.9086 | val_acc=0.4806 val_loss=1.4950 val_f1_macro=0.4052 val_f1_weighted=0.4721 val_prec_macro=0.4216 val_rec_macro=0.3986 val_metric_name=acc val_metric=0.4806
Step 1000 | loss 0.8884 | val_acc=0.4802 val_loss=1.5229 val_f1_macro=0.4111 val_f1_weighted=0.4744 val_prec_macro=0.4185 val_rec_macro=0.4095 val_metric_name=acc val_metric=0.4802
Step 1050 | loss 0.8660 | val_acc=0.4800 val_loss=1.5483 val_f1_macro=0.4104 val_f1_weighted=0.4749 val_prec_macro=0.4164 val_rec_macro=0.4091 val_metric_name=acc val_metric=0.4800
Step 1100 | loss 0.8545 | val_acc=0.4816 val_loss=1.5690 val_f1_macro=0.4083 val_f1_weighted=0.4754 val_prec_macro=0.4154 val_rec_macro=0.4069 val_metric_name=acc val_metric=0.4816
Step 1150 | loss 0.8391 | val_acc=0.4829 val_loss=1.5880 val_f1_macro=0.4172 val_f1_weighted=0.4779 val_prec_macro=0.4238 val_rec_macro=0.4146 val_metric_name=acc val_metric=0.4829
Step 1200 | loss 0.8243 | val_acc=0.4854 val_loss=1.5978 val_f1_macro=0.4182 val_f1_weighted=0.4802 val_prec_macro=0.4253 val_rec_macro=0.4151 val_metric_name=acc val_metric=0.4854
Step 1250 | loss 0.8157 | val_acc=0.4828 val_loss=1.6322 val_f1_macro=0.4164 val_f1_weighted=0.4789 val_prec_macro=0.4204 val_rec_macro=0.4154 val_metric_name=acc val_metric=0.4828
Step 1300 | loss 0.7915 | val_acc=0.4826 val_loss=1.6638 val_f1_macro=0.4150 val_f1_weighted=0.4771 val_prec_macro=0.4207 val_rec_macro=0.4139 val_metric_name=acc val_metric=0.4826
Step 1350 | loss 0.7844 | val_acc=0.4886 val_loss=1.6851 val_f1_macro=0.4218 val_f1_weighted=0.4846 val_prec_macro=0.4253 val_rec_macro=0.4218 val_metric_name=acc val_metric=0.4886
Step 1400 | loss 0.7738 | val_acc=0.4880 val_loss=1.7111 val_f1_macro=0.4220 val_f1_weighted=0.4834 val_prec_macro=0.4270 val_rec_macro=0.4216 val_metric_name=acc val_metric=0.4880
Step 1450 | loss 0.7558 | val_acc=0.4947 val_loss=1.7248 val_f1_macro=0.4300 val_f1_weighted=0.4914 val_prec_macro=0.4335 val_rec_macro=0.4284 val_metric_name=acc val_metric=0.4947
Step 1500 | loss 0.7405 | val_acc=0.4957 val_loss=1.7537 val_f1_macro=0.4303 val_f1_weighted=0.4921 val_prec_macro=0.4340 val_rec_macro=0.4296 val_metric_name=acc val_metric=0.4957
Step 1550 | loss 0.7321 | val_acc=0.4963 val_loss=1.7849 val_f1_macro=0.4297 val_f1_weighted=0.4923 val_prec_macro=0.4353 val_rec_macro=0.4276 val_metric_name=acc val_metric=0.4963
Step 1600 | loss 0.7203 | val_acc=0.4962 val_loss=1.7976 val_f1_macro=0.4294 val_f1_weighted=0.4929 val_prec_macro=0.4316 val_rec_macro=0.4302 val_metric_name=acc val_metric=0.4962
Step 1650 | loss 0.7123 | val_acc=0.4994 val_loss=1.8177 val_f1_macro=0.4349 val_f1_weighted=0.4958 val_prec_macro=0.4392 val_rec_macro=0.4335 val_metric_name=acc val_metric=0.4994
Step 1700 | loss 0.6971 | val_acc=0.4981 val_loss=1.8590 val_f1_macro=0.4336 val_f1_weighted=0.4948 val_prec_macro=0.4363 val_rec_macro=0.4344 val_metric_name=acc val_metric=0.4981
Step 1750 | loss 0.6759 | val_acc=0.5007 val_loss=1.8944 val_f1_macro=0.4343 val_f1_weighted=0.4970 val_prec_macro=0.4409 val_rec_macro=0.4307 val_metric_name=acc val_metric=0.5007
Step 1800 | loss 0.6758 | val_acc=0.5002 val_loss=1.9053 val_f1_macro=0.4381 val_f1_weighted=0.4971 val_prec_macro=0.4416 val_rec_macro=0.4369 val_metric_name=acc val_metric=0.5002
Step 1850 | loss 0.6575 | val_acc=0.5025 val_loss=1.9332 val_f1_macro=0.4372 val_f1_weighted=0.4996 val_prec_macro=0.4407 val_rec_macro=0.4359 val_metric_name=acc val_metric=0.5025
Step 1900 | loss 0.6566 | val_acc=0.5040 val_loss=1.9664 val_f1_macro=0.4419 val_f1_weighted=0.5012 val_prec_macro=0.4445 val_rec_macro=0.4415 val_metric_name=acc val_metric=0.5040
Step 1950 | loss 0.6382 | val_acc=0.5017 val_loss=1.9918 val_f1_macro=0.4375 val_f1_weighted=0.4992 val_prec_macro=0.4400 val_rec_macro=0.4369 val_metric_name=acc val_metric=0.5017
Step 2000 | loss 0.6176 | val_acc=0.5014 val_loss=2.0219 val_f1_macro=0.4366 val_f1_weighted=0.4991 val_prec_macro=0.4382 val_rec_macro=0.4378 val_metric_name=acc val_metric=0.5014
Step 2050 | loss 0.6257 | val_acc=0.5017 val_loss=2.0328 val_f1_macro=0.4377 val_f1_weighted=0.4996 val_prec_macro=0.4397 val_rec_macro=0.4372 val_metric_name=acc val_metric=0.5017
Step 2100 | loss 0.6138 | val_acc=0.5065 val_loss=2.0623 val_f1_macro=0.4444 val_f1_weighted=0.5043 val_prec_macro=0.4455 val_rec_macro=0.4456 val_metric_name=acc val_metric=0.5065
Step 2150 | loss 0.5977 | val_acc=0.5061 val_loss=2.1013 val_f1_macro=0.4456 val_f1_weighted=0.5037 val_prec_macro=0.4487 val_rec_macro=0.4444 val_metric_name=acc val_metric=0.5061
Step 2200 | loss 0.5941 | val_acc=0.5071 val_loss=2.1140 val_f1_macro=0.4438 val_f1_weighted=0.5046 val_prec_macro=0.4471 val_rec_macro=0.4423 val_metric_name=acc val_metric=0.5071
Step 2250 | loss 0.5747 | val_acc=0.5084 val_loss=2.1324 val_f1_macro=0.4477 val_f1_weighted=0.5056 val_prec_macro=0.4525 val_rec_macro=0.4449 val_metric_name=acc val_metric=0.5084
Step 2300 | loss 0.5552 | val_acc=0.5078 val_loss=2.1662 val_f1_macro=0.4440 val_f1_weighted=0.5052 val_prec_macro=0.4472 val_rec_macro=0.4425 val_metric_name=acc val_metric=0.5078
Step 2350 | loss 0.5611 | val_acc=0.5063 val_loss=2.1896 val_f1_macro=0.4497 val_f1_weighted=0.5048 val_prec_macro=0.4507 val_rec_macro=0.4498 val_metric_name=acc val_metric=0.5063
Step 2400 | loss 0.5532 | val_acc=0.5112 val_loss=2.2075 val_f1_macro=0.4534 val_f1_weighted=0.5094 val_prec_macro=0.4564 val_rec_macro=0.4516 val_metric_name=acc val_metric=0.5112
Step 2450 | loss 0.5439 | val_acc=0.5060 val_loss=2.2505 val_f1_macro=0.4476 val_f1_weighted=0.5038 val_prec_macro=0.4510 val_rec_macro=0.4458 val_metric_name=acc val_metric=0.5060
Step 2500 | loss 0.5321 | val_acc=0.5087 val_loss=2.2475 val_f1_macro=0.4507 val_f1_weighted=0.5068 val_prec_macro=0.4531 val_rec_macro=0.4494 val_metric_name=acc val_metric=0.5087
Step 2550 | loss 0.5219 | val_acc=0.5096 val_loss=2.2947 val_f1_macro=0.4529 val_f1_weighted=0.5072 val_prec_macro=0.4570 val_rec_macro=0.4504 val_metric_name=acc val_metric=0.5096
Step 2600 | loss 0.5158 | val_acc=0.5109 val_loss=2.3171 val_f1_macro=0.4534 val_f1_weighted=0.5085 val_prec_macro=0.4585 val_rec_macro=0.4498 val_metric_name=acc val_metric=0.5109
Step 2650 | loss 0.5067 | val_acc=0.5081 val_loss=2.3303 val_f1_macro=0.4522 val_f1_weighted=0.5065 val_prec_macro=0.4558 val_rec_macro=0.4493 val_metric_name=acc val_metric=0.5081
Step 2700 | loss 0.4933 | val_acc=0.5094 val_loss=2.3650 val_f1_macro=0.4505 val_f1_weighted=0.5076 val_prec_macro=0.4538 val_rec_macro=0.4484 val_metric_name=acc val_metric=0.5094
Step 2750 | loss 0.5022 | val_acc=0.5105 val_loss=2.3846 val_f1_macro=0.4571 val_f1_weighted=0.5090 val_prec_macro=0.4592 val_rec_macro=0.4563 val_metric_name=acc val_metric=0.5105
Step 2800 | loss 0.4892 | val_acc=0.5143 val_loss=2.4127 val_f1_macro=0.4558 val_f1_weighted=0.5123 val_prec_macro=0.4599 val_rec_macro=0.4527 val_metric_name=acc val_metric=0.5143
Step 2850 | loss 0.4880 | val_acc=0.5114 val_loss=2.4246 val_f1_macro=0.4548 val_f1_weighted=0.5097 val_prec_macro=0.4576 val_rec_macro=0.4531 val_metric_name=acc val_metric=0.5114
Step 2900 | loss 0.4775 | val_acc=0.5140 val_loss=2.4544 val_f1_macro=0.4595 val_f1_weighted=0.5121 val_prec_macro=0.4617 val_rec_macro=0.4587 val_metric_name=acc val_metric=0.5140
Step 2950 | loss 0.4630 | val_acc=0.5146 val_loss=2.4777 val_f1_macro=0.4608 val_f1_weighted=0.5133 val_prec_macro=0.4626 val_rec_macro=0.4595 val_metric_name=acc val_metric=0.5146
Step 3000 | loss 0.4673 | val_acc=0.5136 val_loss=2.5016 val_f1_macro=0.4598 val_f1_weighted=0.5119 val_prec_macro=0.4630 val_rec_macro=0.4576 val_metric_name=acc val_metric=0.5136
Step 3050 | loss 0.4536 | val_acc=0.5145 val_loss=2.5411 val_f1_macro=0.4610 val_f1_weighted=0.5130 val_prec_macro=0.4632 val_rec_macro=0.4597 val_metric_name=acc val_metric=0.5145
Step 3100 | loss 0.4411 | val_acc=0.5107 val_loss=2.5461 val_f1_macro=0.4542 val_f1_weighted=0.5101 val_prec_macro=0.4552 val_rec_macro=0.4536 val_metric_name=acc val_metric=0.5107
Step 3150 | loss 0.4407 | val_acc=0.5130 val_loss=2.5701 val_f1_macro=0.4566 val_f1_weighted=0.5115 val_prec_macro=0.4587 val_rec_macro=0.4554 val_metric_name=acc val_metric=0.5130
Step 3200 | loss 0.4364 | val_acc=0.5135 val_loss=2.5615 val_f1_macro=0.4610 val_f1_weighted=0.5124 val_prec_macro=0.4637 val_rec_macro=0.4589 val_metric_name=acc val_metric=0.5135
Early stopping at step 3230

--- Final (best ckpt @ step 2930) ---
  train_acc=0.8832 train_loss=0.2928 train_f1_macro=0.8745 train_f1_weighted=0.8832 train_prec_macro=0.8774 train_rec_macro=0.8723 train_metric_name=acc train_metric=0.8832
  val_acc=0.5172 val_loss=2.4436 val_f1_macro=0.4635 val_f1_weighted=0.5157 val_prec_macro=0.4671 val_rec_macro=0.4607 val_metric_name=acc val_metric=0.5172
  test_acc=0.5123 test_loss=2.4675 test_f1_macro=0.4507 test_f1_weighted=0.5107 test_prec_macro=0.4547 test_rec_macro=0.4477 test_metric_name=acc test_metric=0.5123
  test_acc=0.5123

============================================================
Training amazon-ratings GAT 5L h=256 lr=0.0001 split=4
============================================================
Training for 5000 steps
Step    1 | loss 1.8839 | val_acc=0.3591 val_loss=1.4496 val_f1_macro=0.1370 val_f1_weighted=0.2302 val_prec_macro=0.1939 val_rec_macro=0.2035 val_metric_name=acc val_metric=0.3591
Step   50 | loss 1.3962 | val_acc=0.3946 val_loss=1.3724 val_f1_macro=0.1840 val_f1_weighted=0.2986 val_prec_macro=0.2044 val_rec_macro=0.2352 val_metric_name=acc val_metric=0.3946
Step  100 | loss 1.3385 | val_acc=0.4233 val_loss=1.3249 val_f1_macro=0.2427 val_f1_weighted=0.3690 val_prec_macro=0.2392 val_rec_macro=0.2719 val_metric_name=acc val_metric=0.4233
Step  150 | loss 1.2845 | val_acc=0.4385 val_loss=1.3042 val_f1_macro=0.2850 val_f1_weighted=0.4048 val_prec_macro=0.3646 val_rec_macro=0.3021 val_metric_name=acc val_metric=0.4385
Step  200 | loss 1.2371 | val_acc=0.4501 val_loss=1.2988 val_f1_macro=0.3225 val_f1_weighted=0.4212 val_prec_macro=0.4208 val_rec_macro=0.3231 val_metric_name=acc val_metric=0.4501
Step  250 | loss 1.1852 | val_acc=0.4617 val_loss=1.3034 val_f1_macro=0.3533 val_f1_weighted=0.4383 val_prec_macro=0.4203 val_rec_macro=0.3485 val_metric_name=acc val_metric=0.4617
Step  300 | loss 1.1433 | val_acc=0.4637 val_loss=1.3159 val_f1_macro=0.3682 val_f1_weighted=0.4455 val_prec_macro=0.4038 val_rec_macro=0.3635 val_metric_name=acc val_metric=0.4637
Step  350 | loss 1.1033 | val_acc=0.4748 val_loss=1.3207 val_f1_macro=0.3907 val_f1_weighted=0.4591 val_prec_macro=0.4227 val_rec_macro=0.3842 val_metric_name=acc val_metric=0.4748
Step  400 | loss 1.0638 | val_acc=0.4743 val_loss=1.3476 val_f1_macro=0.3888 val_f1_weighted=0.4598 val_prec_macro=0.4225 val_rec_macro=0.3790 val_metric_name=acc val_metric=0.4743
Step  450 | loss 1.0256 | val_acc=0.4720 val_loss=1.3692 val_f1_macro=0.3906 val_f1_weighted=0.4605 val_prec_macro=0.4154 val_rec_macro=0.3822 val_metric_name=acc val_metric=0.4720
Step  500 | loss 0.9909 | val_acc=0.4746 val_loss=1.3858 val_f1_macro=0.4009 val_f1_weighted=0.4657 val_prec_macro=0.4187 val_rec_macro=0.3940 val_metric_name=acc val_metric=0.4746
Step  550 | loss 0.9552 | val_acc=0.4793 val_loss=1.4321 val_f1_macro=0.4110 val_f1_weighted=0.4712 val_prec_macro=0.4260 val_rec_macro=0.4044 val_metric_name=acc val_metric=0.4793
Step  600 | loss 0.9180 | val_acc=0.4789 val_loss=1.4600 val_f1_macro=0.4116 val_f1_weighted=0.4721 val_prec_macro=0.4198 val_rec_macro=0.4101 val_metric_name=acc val_metric=0.4789
Step  650 | loss 0.8957 | val_acc=0.4834 val_loss=1.4968 val_f1_macro=0.4131 val_f1_weighted=0.4769 val_prec_macro=0.4253 val_rec_macro=0.4073 val_metric_name=acc val_metric=0.4834
Step  700 | loss 0.8710 | val_acc=0.4877 val_loss=1.5201 val_f1_macro=0.4175 val_f1_weighted=0.4804 val_prec_macro=0.4283 val_rec_macro=0.4149 val_metric_name=acc val_metric=0.4877
Step  750 | loss 0.8490 | val_acc=0.4826 val_loss=1.5647 val_f1_macro=0.4170 val_f1_weighted=0.4782 val_prec_macro=0.4210 val_rec_macro=0.4164 val_metric_name=acc val_metric=0.4826
Step  800 | loss 0.8196 | val_acc=0.4860 val_loss=1.5840 val_f1_macro=0.4210 val_f1_weighted=0.4815 val_prec_macro=0.4241 val_rec_macro=0.4220 val_metric_name=acc val_metric=0.4860
Step  850 | loss 0.7977 | val_acc=0.4883 val_loss=1.6255 val_f1_macro=0.4207 val_f1_weighted=0.4848 val_prec_macro=0.4239 val_rec_macro=0.4197 val_metric_name=acc val_metric=0.4883
Step  900 | loss 0.7824 | val_acc=0.4921 val_loss=1.6613 val_f1_macro=0.4290 val_f1_weighted=0.4881 val_prec_macro=0.4336 val_rec_macro=0.4275 val_metric_name=acc val_metric=0.4921
Step  950 | loss 0.7628 | val_acc=0.4989 val_loss=1.6866 val_f1_macro=0.4305 val_f1_weighted=0.4931 val_prec_macro=0.4391 val_rec_macro=0.4273 val_metric_name=acc val_metric=0.4989
Step 1000 | loss 0.7358 | val_acc=0.4962 val_loss=1.7469 val_f1_macro=0.4348 val_f1_weighted=0.4936 val_prec_macro=0.4360 val_rec_macro=0.4356 val_metric_name=acc val_metric=0.4962
Step 1050 | loss 0.7125 | val_acc=0.4996 val_loss=1.7876 val_f1_macro=0.4358 val_f1_weighted=0.4968 val_prec_macro=0.4384 val_rec_macro=0.4349 val_metric_name=acc val_metric=0.4996
Step 1100 | loss 0.6965 | val_acc=0.5068 val_loss=1.8234 val_f1_macro=0.4444 val_f1_weighted=0.5034 val_prec_macro=0.4492 val_rec_macro=0.4432 val_metric_name=acc val_metric=0.5068
Step 1150 | loss 0.6785 | val_acc=0.5069 val_loss=1.8561 val_f1_macro=0.4441 val_f1_weighted=0.5039 val_prec_macro=0.4484 val_rec_macro=0.4419 val_metric_name=acc val_metric=0.5069
Step 1200 | loss 0.6565 | val_acc=0.5094 val_loss=1.8840 val_f1_macro=0.4463 val_f1_weighted=0.5063 val_prec_macro=0.4514 val_rec_macro=0.4432 val_metric_name=acc val_metric=0.5094
Step 1250 | loss 0.6411 | val_acc=0.5092 val_loss=1.9500 val_f1_macro=0.4451 val_f1_weighted=0.5064 val_prec_macro=0.4490 val_rec_macro=0.4434 val_metric_name=acc val_metric=0.5092
Step 1300 | loss 0.6153 | val_acc=0.5110 val_loss=1.9886 val_f1_macro=0.4462 val_f1_weighted=0.5079 val_prec_macro=0.4525 val_rec_macro=0.4427 val_metric_name=acc val_metric=0.5110
Step 1350 | loss 0.5968 | val_acc=0.5092 val_loss=2.0320 val_f1_macro=0.4463 val_f1_weighted=0.5069 val_prec_macro=0.4494 val_rec_macro=0.4453 val_metric_name=acc val_metric=0.5092
Step 1400 | loss 0.5837 | val_acc=0.5079 val_loss=2.0552 val_f1_macro=0.4455 val_f1_weighted=0.5065 val_prec_macro=0.4474 val_rec_macro=0.4448 val_metric_name=acc val_metric=0.5079
Step 1450 | loss 0.5721 | val_acc=0.5084 val_loss=2.1210 val_f1_macro=0.4448 val_f1_weighted=0.5065 val_prec_macro=0.4480 val_rec_macro=0.4428 val_metric_name=acc val_metric=0.5084
Step 1500 | loss 0.5546 | val_acc=0.5086 val_loss=2.1454 val_f1_macro=0.4452 val_f1_weighted=0.5065 val_prec_macro=0.4474 val_rec_macro=0.4445 val_metric_name=acc val_metric=0.5086
Step 1550 | loss 0.5485 | val_acc=0.5102 val_loss=2.1940 val_f1_macro=0.4480 val_f1_weighted=0.5086 val_prec_macro=0.4504 val_rec_macro=0.4473 val_metric_name=acc val_metric=0.5102
Step 1600 | loss 0.5271 | val_acc=0.5105 val_loss=2.2280 val_f1_macro=0.4511 val_f1_weighted=0.5085 val_prec_macro=0.4549 val_rec_macro=0.4484 val_metric_name=acc val_metric=0.5105
Step 1650 | loss 0.5203 | val_acc=0.5102 val_loss=2.2646 val_f1_macro=0.4485 val_f1_weighted=0.5081 val_prec_macro=0.4552 val_rec_macro=0.4441 val_metric_name=acc val_metric=0.5102
Step 1700 | loss 0.4978 | val_acc=0.5118 val_loss=2.3329 val_f1_macro=0.4518 val_f1_weighted=0.5103 val_prec_macro=0.4543 val_rec_macro=0.4505 val_metric_name=acc val_metric=0.5118
Step 1750 | loss 0.4831 | val_acc=0.5118 val_loss=2.3479 val_f1_macro=0.4485 val_f1_weighted=0.5094 val_prec_macro=0.4555 val_rec_macro=0.4437 val_metric_name=acc val_metric=0.5118
Step 1800 | loss 0.4855 | val_acc=0.5115 val_loss=2.4211 val_f1_macro=0.4517 val_f1_weighted=0.5096 val_prec_macro=0.4561 val_rec_macro=0.4487 val_metric_name=acc val_metric=0.5115
Step 1850 | loss 0.4593 | val_acc=0.5125 val_loss=2.4284 val_f1_macro=0.4507 val_f1_weighted=0.5112 val_prec_macro=0.4551 val_rec_macro=0.4477 val_metric_name=acc val_metric=0.5125
Step 1900 | loss 0.4592 | val_acc=0.5097 val_loss=2.4871 val_f1_macro=0.4531 val_f1_weighted=0.5081 val_prec_macro=0.4576 val_rec_macro=0.4498 val_metric_name=acc val_metric=0.5097
Step 1950 | loss 0.4476 | val_acc=0.5082 val_loss=2.5441 val_f1_macro=0.4525 val_f1_weighted=0.5072 val_prec_macro=0.4547 val_rec_macro=0.4509 val_metric_name=acc val_metric=0.5082
Step 2000 | loss 0.4353 | val_acc=0.5128 val_loss=2.5532 val_f1_macro=0.4561 val_f1_weighted=0.5111 val_prec_macro=0.4599 val_rec_macro=0.4533 val_metric_name=acc val_metric=0.5128
Step 2050 | loss 0.4330 | val_acc=0.5118 val_loss=2.5668 val_f1_macro=0.4523 val_f1_weighted=0.5100 val_prec_macro=0.4590 val_rec_macro=0.4474 val_metric_name=acc val_metric=0.5118
Step 2100 | loss 0.4286 | val_acc=0.5133 val_loss=2.5973 val_f1_macro=0.4564 val_f1_weighted=0.5117 val_prec_macro=0.4629 val_rec_macro=0.4513 val_metric_name=acc val_metric=0.5133
Step 2150 | loss 0.4099 | val_acc=0.5097 val_loss=2.6475 val_f1_macro=0.4549 val_f1_weighted=0.5078 val_prec_macro=0.4614 val_rec_macro=0.4501 val_metric_name=acc val_metric=0.5097
Step 2200 | loss 0.4010 | val_acc=0.5145 val_loss=2.6708 val_f1_macro=0.4563 val_f1_weighted=0.5126 val_prec_macro=0.4633 val_rec_macro=0.4511 val_metric_name=acc val_metric=0.5145
Step 2250 | loss 0.3904 | val_acc=0.5143 val_loss=2.7105 val_f1_macro=0.4575 val_f1_weighted=0.5124 val_prec_macro=0.4652 val_rec_macro=0.4521 val_metric_name=acc val_metric=0.5143
Step 2300 | loss 0.3725 | val_acc=0.5148 val_loss=2.7726 val_f1_macro=0.4591 val_f1_weighted=0.5132 val_prec_macro=0.4646 val_rec_macro=0.4548 val_metric_name=acc val_metric=0.5148
Early stopping at step 2320

--- Final (best ckpt @ step 2020) ---
  train_acc=0.8987 train_loss=0.2544 train_f1_macro=0.8885 train_f1_weighted=0.8986 train_prec_macro=0.8912 train_rec_macro=0.8861 train_metric_name=acc train_metric=0.8987
  val_acc=0.5174 val_loss=2.5626 val_f1_macro=0.4611 val_f1_weighted=0.5159 val_prec_macro=0.4680 val_rec_macro=0.4559 val_metric_name=acc val_metric=0.5174
  test_acc=0.5112 test_loss=2.6120 test_f1_macro=0.4503 test_f1_weighted=0.5097 test_prec_macro=0.4563 test_rec_macro=0.4459 test_metric_name=acc test_metric=0.5112
  test_acc=0.5112

============================================================
Training amazon-ratings GAT 5L h=256 lr=1e-05 split=4
============================================================
Training for 5000 steps
Step    1 | loss 1.8839 | val_acc=0.0475 val_loss=1.9004 val_f1_macro=0.0246 val_f1_weighted=0.0139 val_prec_macro=0.0957 val_rec_macro=0.1989 val_metric_name=acc val_metric=0.0475
Step   50 | loss 1.4499 | val_acc=0.3706 val_loss=1.4216 val_f1_macro=0.1257 val_f1_weighted=0.2212 val_prec_macro=0.2184 val_rec_macro=0.2044 val_metric_name=acc val_metric=0.3706
Step  100 | loss 1.4375 | val_acc=0.3714 val_loss=1.4023 val_f1_macro=0.1361 val_f1_weighted=0.2353 val_prec_macro=0.2115 val_rec_macro=0.2069 val_metric_name=acc val_metric=0.3714
Step  150 | loss 1.4157 | val_acc=0.3823 val_loss=1.3908 val_f1_macro=0.1637 val_f1_weighted=0.2719 val_prec_macro=0.2365 val_rec_macro=0.2197 val_metric_name=acc val_metric=0.3823
Step  200 | loss 1.4057 | val_acc=0.3943 val_loss=1.3783 val_f1_macro=0.1859 val_f1_weighted=0.3003 val_prec_macro=0.2483 val_rec_macro=0.2334 val_metric_name=acc val_metric=0.3943
Step  250 | loss 1.3957 | val_acc=0.4078 val_loss=1.3643 val_f1_macro=0.2062 val_f1_weighted=0.3259 val_prec_macro=0.2454 val_rec_macro=0.2486 val_metric_name=acc val_metric=0.4078
Step  300 | loss 1.3825 | val_acc=0.4165 val_loss=1.3521 val_f1_macro=0.2206 val_f1_weighted=0.3436 val_prec_macro=0.2412 val_rec_macro=0.2580 val_metric_name=acc val_metric=0.4165
Step  350 | loss 1.3685 | val_acc=0.4205 val_loss=1.3441 val_f1_macro=0.2269 val_f1_weighted=0.3513 val_prec_macro=0.2384 val_rec_macro=0.2637 val_metric_name=acc val_metric=0.4205
Step  400 | loss 1.3598 | val_acc=0.4227 val_loss=1.3363 val_f1_macro=0.2325 val_f1_weighted=0.3578 val_prec_macro=0.2375 val_rec_macro=0.2676 val_metric_name=acc val_metric=0.4227
Step  450 | loss 1.3505 | val_acc=0.4232 val_loss=1.3304 val_f1_macro=0.2369 val_f1_weighted=0.3620 val_prec_macro=0.4381 val_rec_macro=0.2703 val_metric_name=acc val_metric=0.4232
Step  500 | loss 1.3435 | val_acc=0.4219 val_loss=1.3258 val_f1_macro=0.2398 val_f1_weighted=0.3633 val_prec_macro=0.3507 val_rec_macro=0.2715 val_metric_name=acc val_metric=0.4219
Step  550 | loss 1.3364 | val_acc=0.4245 val_loss=1.3208 val_f1_macro=0.2478 val_f1_weighted=0.3714 val_prec_macro=0.3182 val_rec_macro=0.2769 val_metric_name=acc val_metric=0.4245
Step  600 | loss 1.3287 | val_acc=0.4261 val_loss=1.3158 val_f1_macro=0.2519 val_f1_weighted=0.3764 val_prec_macro=0.2991 val_rec_macro=0.2786 val_metric_name=acc val_metric=0.4261
Step  650 | loss 1.3193 | val_acc=0.4266 val_loss=1.3131 val_f1_macro=0.2560 val_f1_weighted=0.3781 val_prec_macro=0.2977 val_rec_macro=0.2822 val_metric_name=acc val_metric=0.4266
Step  700 | loss 1.3084 | val_acc=0.4305 val_loss=1.3071 val_f1_macro=0.2714 val_f1_weighted=0.3897 val_prec_macro=0.3914 val_rec_macro=0.2904 val_metric_name=acc val_metric=0.4305
Step  750 | loss 1.2994 | val_acc=0.4295 val_loss=1.3038 val_f1_macro=0.2731 val_f1_weighted=0.3905 val_prec_macro=0.3851 val_rec_macro=0.2918 val_metric_name=acc val_metric=0.4295
Step  800 | loss 1.2950 | val_acc=0.4352 val_loss=1.2990 val_f1_macro=0.2926 val_f1_weighted=0.4018 val_prec_macro=0.4745 val_rec_macro=0.3035 val_metric_name=acc val_metric=0.4352
Step  850 | loss 1.2855 | val_acc=0.4387 val_loss=1.2977 val_f1_macro=0.3033 val_f1_weighted=0.4077 val_prec_macro=0.4306 val_rec_macro=0.3107 val_metric_name=acc val_metric=0.4387
Step  900 | loss 1.2805 | val_acc=0.4382 val_loss=1.2988 val_f1_macro=0.3049 val_f1_weighted=0.4078 val_prec_macro=0.4110 val_rec_macro=0.3122 val_metric_name=acc val_metric=0.4382
Step  950 | loss 1.2722 | val_acc=0.4424 val_loss=1.2951 val_f1_macro=0.3118 val_f1_weighted=0.4138 val_prec_macro=0.4126 val_rec_macro=0.3168 val_metric_name=acc val_metric=0.4424
Step 1000 | loss 1.2663 | val_acc=0.4441 val_loss=1.2981 val_f1_macro=0.3167 val_f1_weighted=0.4161 val_prec_macro=0.4102 val_rec_macro=0.3207 val_metric_name=acc val_metric=0.4441
Step 1050 | loss 1.2547 | val_acc=0.4470 val_loss=1.2961 val_f1_macro=0.3184 val_f1_weighted=0.4162 val_prec_macro=0.4169 val_rec_macro=0.3208 val_metric_name=acc val_metric=0.4470
Step 1100 | loss 1.2432 | val_acc=0.4477 val_loss=1.2957 val_f1_macro=0.3268 val_f1_weighted=0.4206 val_prec_macro=0.3941 val_rec_macro=0.3297 val_metric_name=acc val_metric=0.4477
Step 1150 | loss 1.2431 | val_acc=0.4470 val_loss=1.2960 val_f1_macro=0.3291 val_f1_weighted=0.4217 val_prec_macro=0.3933 val_rec_macro=0.3288 val_metric_name=acc val_metric=0.4470
Step 1200 | loss 1.2329 | val_acc=0.4478 val_loss=1.2989 val_f1_macro=0.3254 val_f1_weighted=0.4188 val_prec_macro=0.3912 val_rec_macro=0.3273 val_metric_name=acc val_metric=0.4478
Step 1250 | loss 1.2254 | val_acc=0.4481 val_loss=1.2994 val_f1_macro=0.3313 val_f1_weighted=0.4215 val_prec_macro=0.3971 val_rec_macro=0.3305 val_metric_name=acc val_metric=0.4481
Step 1300 | loss 1.2170 | val_acc=0.4524 val_loss=1.3040 val_f1_macro=0.3363 val_f1_weighted=0.4255 val_prec_macro=0.4045 val_rec_macro=0.3364 val_metric_name=acc val_metric=0.4524
Step 1350 | loss 1.2108 | val_acc=0.4545 val_loss=1.2993 val_f1_macro=0.3431 val_f1_weighted=0.4295 val_prec_macro=0.4024 val_rec_macro=0.3409 val_metric_name=acc val_metric=0.4545
Step 1400 | loss 1.2006 | val_acc=0.4550 val_loss=1.3012 val_f1_macro=0.3432 val_f1_weighted=0.4297 val_prec_macro=0.4019 val_rec_macro=0.3413 val_metric_name=acc val_metric=0.4550
Step 1450 | loss 1.1956 | val_acc=0.4550 val_loss=1.3031 val_f1_macro=0.3435 val_f1_weighted=0.4306 val_prec_macro=0.4028 val_rec_macro=0.3406 val_metric_name=acc val_metric=0.4550
Step 1500 | loss 1.1874 | val_acc=0.4599 val_loss=1.3048 val_f1_macro=0.3484 val_f1_weighted=0.4351 val_prec_macro=0.4028 val_rec_macro=0.3453 val_metric_name=acc val_metric=0.4599
Step 1550 | loss 1.1782 | val_acc=0.4597 val_loss=1.3080 val_f1_macro=0.3490 val_f1_weighted=0.4360 val_prec_macro=0.4020 val_rec_macro=0.3443 val_metric_name=acc val_metric=0.4597
Step 1600 | loss 1.1773 | val_acc=0.4624 val_loss=1.3079 val_f1_macro=0.3546 val_f1_weighted=0.4388 val_prec_macro=0.4059 val_rec_macro=0.3503 val_metric_name=acc val_metric=0.4624
Step 1650 | loss 1.1673 | val_acc=0.4656 val_loss=1.3116 val_f1_macro=0.3580 val_f1_weighted=0.4424 val_prec_macro=0.4153 val_rec_macro=0.3526 val_metric_name=acc val_metric=0.4656
Step 1700 | loss 1.1702 | val_acc=0.4638 val_loss=1.3157 val_f1_macro=0.3591 val_f1_weighted=0.4423 val_prec_macro=0.4114 val_rec_macro=0.3525 val_metric_name=acc val_metric=0.4638
Step 1750 | loss 1.1560 | val_acc=0.4661 val_loss=1.3190 val_f1_macro=0.3591 val_f1_weighted=0.4419 val_prec_macro=0.4153 val_rec_macro=0.3535 val_metric_name=acc val_metric=0.4661
Step 1800 | loss 1.1447 | val_acc=0.4653 val_loss=1.3157 val_f1_macro=0.3583 val_f1_weighted=0.4430 val_prec_macro=0.4057 val_rec_macro=0.3528 val_metric_name=acc val_metric=0.4653
Step 1850 | loss 1.1399 | val_acc=0.4669 val_loss=1.3212 val_f1_macro=0.3615 val_f1_weighted=0.4451 val_prec_macro=0.4151 val_rec_macro=0.3548 val_metric_name=acc val_metric=0.4669
Step 1900 | loss 1.1418 | val_acc=0.4673 val_loss=1.3249 val_f1_macro=0.3641 val_f1_weighted=0.4453 val_prec_macro=0.4180 val_rec_macro=0.3567 val_metric_name=acc val_metric=0.4673
Step 1950 | loss 1.1306 | val_acc=0.4642 val_loss=1.3264 val_f1_macro=0.3616 val_f1_weighted=0.4446 val_prec_macro=0.4107 val_rec_macro=0.3548 val_metric_name=acc val_metric=0.4642
Step 2000 | loss 1.1264 | val_acc=0.4684 val_loss=1.3235 val_f1_macro=0.3657 val_f1_weighted=0.4483 val_prec_macro=0.4099 val_rec_macro=0.3591 val_metric_name=acc val_metric=0.4684
Step 2050 | loss 1.1176 | val_acc=0.4694 val_loss=1.3308 val_f1_macro=0.3706 val_f1_weighted=0.4506 val_prec_macro=0.4112 val_rec_macro=0.3632 val_metric_name=acc val_metric=0.4694
Step 2100 | loss 1.1165 | val_acc=0.4702 val_loss=1.3300 val_f1_macro=0.3670 val_f1_weighted=0.4502 val_prec_macro=0.4098 val_rec_macro=0.3607 val_metric_name=acc val_metric=0.4702
Step 2150 | loss 1.1058 | val_acc=0.4722 val_loss=1.3362 val_f1_macro=0.3727 val_f1_weighted=0.4534 val_prec_macro=0.4168 val_rec_macro=0.3658 val_metric_name=acc val_metric=0.4722
Step 2200 | loss 1.1024 | val_acc=0.4738 val_loss=1.3378 val_f1_macro=0.3742 val_f1_weighted=0.4543 val_prec_macro=0.4146 val_rec_macro=0.3689 val_metric_name=acc val_metric=0.4738
Step 2250 | loss 1.0973 | val_acc=0.4730 val_loss=1.3389 val_f1_macro=0.3751 val_f1_weighted=0.4548 val_prec_macro=0.4174 val_rec_macro=0.3677 val_metric_name=acc val_metric=0.4730
Step 2300 | loss 1.0917 | val_acc=0.4726 val_loss=1.3447 val_f1_macro=0.3761 val_f1_weighted=0.4545 val_prec_macro=0.4206 val_rec_macro=0.3676 val_metric_name=acc val_metric=0.4726
Step 2350 | loss 1.0847 | val_acc=0.4744 val_loss=1.3444 val_f1_macro=0.3795 val_f1_weighted=0.4575 val_prec_macro=0.4213 val_rec_macro=0.3703 val_metric_name=acc val_metric=0.4744
Step 2400 | loss 1.0858 | val_acc=0.4728 val_loss=1.3507 val_f1_macro=0.3809 val_f1_weighted=0.4565 val_prec_macro=0.4212 val_rec_macro=0.3721 val_metric_name=acc val_metric=0.4728
Step 2450 | loss 1.0791 | val_acc=0.4725 val_loss=1.3519 val_f1_macro=0.3807 val_f1_weighted=0.4567 val_prec_macro=0.4205 val_rec_macro=0.3714 val_metric_name=acc val_metric=0.4725
Step 2500 | loss 1.0661 | val_acc=0.4720 val_loss=1.3545 val_f1_macro=0.3815 val_f1_weighted=0.4556 val_prec_macro=0.4217 val_rec_macro=0.3733 val_metric_name=acc val_metric=0.4720
Step 2550 | loss 1.0608 | val_acc=0.4712 val_loss=1.3597 val_f1_macro=0.3838 val_f1_weighted=0.4560 val_prec_macro=0.4214 val_rec_macro=0.3746 val_metric_name=acc val_metric=0.4712
Step 2600 | loss 1.0556 | val_acc=0.4740 val_loss=1.3632 val_f1_macro=0.3852 val_f1_weighted=0.4576 val_prec_macro=0.4221 val_rec_macro=0.3770 val_metric_name=acc val_metric=0.4740
Step 2650 | loss 1.0565 | val_acc=0.4749 val_loss=1.3638 val_f1_macro=0.3876 val_f1_weighted=0.4597 val_prec_macro=0.4224 val_rec_macro=0.3792 val_metric_name=acc val_metric=0.4749
Step 2700 | loss 1.0425 | val_acc=0.4715 val_loss=1.3700 val_f1_macro=0.3850 val_f1_weighted=0.4574 val_prec_macro=0.4161 val_rec_macro=0.3767 val_metric_name=acc val_metric=0.4715
Step 2750 | loss 1.0449 | val_acc=0.4725 val_loss=1.3684 val_f1_macro=0.3864 val_f1_weighted=0.4586 val_prec_macro=0.4147 val_rec_macro=0.3792 val_metric_name=acc val_metric=0.4725
Step 2800 | loss 1.0349 | val_acc=0.4728 val_loss=1.3789 val_f1_macro=0.3867 val_f1_weighted=0.4589 val_prec_macro=0.4145 val_rec_macro=0.3795 val_metric_name=acc val_metric=0.4728
Step 2850 | loss 1.0299 | val_acc=0.4723 val_loss=1.3794 val_f1_macro=0.3867 val_f1_weighted=0.4588 val_prec_macro=0.4145 val_rec_macro=0.3788 val_metric_name=acc val_metric=0.4723
Step 2900 | loss 1.0282 | val_acc=0.4717 val_loss=1.3833 val_f1_macro=0.3873 val_f1_weighted=0.4586 val_prec_macro=0.4126 val_rec_macro=0.3806 val_metric_name=acc val_metric=0.4717
Step 2950 | loss 1.0264 | val_acc=0.4741 val_loss=1.3894 val_f1_macro=0.3896 val_f1_weighted=0.4617 val_prec_macro=0.4147 val_rec_macro=0.3818 val_metric_name=acc val_metric=0.4741
Step 3000 | loss 1.0209 | val_acc=0.4713 val_loss=1.3895 val_f1_macro=0.3866 val_f1_weighted=0.4588 val_prec_macro=0.4120 val_rec_macro=0.3791 val_metric_name=acc val_metric=0.4713
Step 3050 | loss 1.0148 | val_acc=0.4728 val_loss=1.3953 val_f1_macro=0.3902 val_f1_weighted=0.4606 val_prec_macro=0.4137 val_rec_macro=0.3839 val_metric_name=acc val_metric=0.4728
Step 3100 | loss 1.0076 | val_acc=0.4731 val_loss=1.4003 val_f1_macro=0.3903 val_f1_weighted=0.4611 val_prec_macro=0.4147 val_rec_macro=0.3832 val_metric_name=acc val_metric=0.4731
Step 3150 | loss 1.0110 | val_acc=0.4722 val_loss=1.4040 val_f1_macro=0.3906 val_f1_weighted=0.4608 val_prec_macro=0.4130 val_rec_macro=0.3838 val_metric_name=acc val_metric=0.4722
Step 3200 | loss 1.0044 | val_acc=0.4748 val_loss=1.4035 val_f1_macro=0.3938 val_f1_weighted=0.4640 val_prec_macro=0.4148 val_rec_macro=0.3865 val_metric_name=acc val_metric=0.4748
Step 3250 | loss 0.9957 | val_acc=0.4723 val_loss=1.4088 val_f1_macro=0.3941 val_f1_weighted=0.4618 val_prec_macro=0.4148 val_rec_macro=0.3871 val_metric_name=acc val_metric=0.4723
Step 3300 | loss 0.9937 | val_acc=0.4746 val_loss=1.4136 val_f1_macro=0.3935 val_f1_weighted=0.4635 val_prec_macro=0.4129 val_rec_macro=0.3877 val_metric_name=acc val_metric=0.4746
Step 3350 | loss 0.9939 | val_acc=0.4767 val_loss=1.4199 val_f1_macro=0.3977 val_f1_weighted=0.4670 val_prec_macro=0.4167 val_rec_macro=0.3908 val_metric_name=acc val_metric=0.4767
Step 3400 | loss 0.9852 | val_acc=0.4730 val_loss=1.4240 val_f1_macro=0.3951 val_f1_weighted=0.4627 val_prec_macro=0.4136 val_rec_macro=0.3894 val_metric_name=acc val_metric=0.4730
Step 3450 | loss 0.9820 | val_acc=0.4741 val_loss=1.4272 val_f1_macro=0.3973 val_f1_weighted=0.4644 val_prec_macro=0.4167 val_rec_macro=0.3907 val_metric_name=acc val_metric=0.4741
Step 3500 | loss 0.9759 | val_acc=0.4767 val_loss=1.4301 val_f1_macro=0.4013 val_f1_weighted=0.4676 val_prec_macro=0.4177 val_rec_macro=0.3957 val_metric_name=acc val_metric=0.4767
Step 3550 | loss 0.9688 | val_acc=0.4736 val_loss=1.4371 val_f1_macro=0.3993 val_f1_weighted=0.4643 val_prec_macro=0.4167 val_rec_macro=0.3931 val_metric_name=acc val_metric=0.4736
Step 3600 | loss 0.9687 | val_acc=0.4746 val_loss=1.4402 val_f1_macro=0.3994 val_f1_weighted=0.4648 val_prec_macro=0.4179 val_rec_macro=0.3930 val_metric_name=acc val_metric=0.4746
Step 3650 | loss 0.9672 | val_acc=0.4762 val_loss=1.4441 val_f1_macro=0.4019 val_f1_weighted=0.4670 val_prec_macro=0.4179 val_rec_macro=0.3965 val_metric_name=acc val_metric=0.4762
Step 3700 | loss 0.9552 | val_acc=0.4762 val_loss=1.4456 val_f1_macro=0.4010 val_f1_weighted=0.4662 val_prec_macro=0.4187 val_rec_macro=0.3953 val_metric_name=acc val_metric=0.4762
Step 3750 | loss 0.9512 | val_acc=0.4754 val_loss=1.4453 val_f1_macro=0.4015 val_f1_weighted=0.4662 val_prec_macro=0.4192 val_rec_macro=0.3950 val_metric_name=acc val_metric=0.4754
Step 3800 | loss 0.9477 | val_acc=0.4766 val_loss=1.4536 val_f1_macro=0.4038 val_f1_weighted=0.4678 val_prec_macro=0.4216 val_rec_macro=0.3968 val_metric_name=acc val_metric=0.4766
Step 3850 | loss 0.9431 | val_acc=0.4759 val_loss=1.4591 val_f1_macro=0.4019 val_f1_weighted=0.4668 val_prec_macro=0.4172 val_rec_macro=0.3971 val_metric_name=acc val_metric=0.4759
Step 3900 | loss 0.9454 | val_acc=0.4793 val_loss=1.4570 val_f1_macro=0.4046 val_f1_weighted=0.4699 val_prec_macro=0.4235 val_rec_macro=0.3978 val_metric_name=acc val_metric=0.4793
Step 3950 | loss 0.9407 | val_acc=0.4753 val_loss=1.4614 val_f1_macro=0.4029 val_f1_weighted=0.4672 val_prec_macro=0.4154 val_rec_macro=0.3992 val_metric_name=acc val_metric=0.4753
Step 4000 | loss 0.9373 | val_acc=0.4761 val_loss=1.4661 val_f1_macro=0.4028 val_f1_weighted=0.4675 val_prec_macro=0.4178 val_rec_macro=0.3973 val_metric_name=acc val_metric=0.4761
Step 4050 | loss 0.9327 | val_acc=0.4790 val_loss=1.4696 val_f1_macro=0.4032 val_f1_weighted=0.4699 val_prec_macro=0.4184 val_rec_macro=0.3978 val_metric_name=acc val_metric=0.4790
Step 4100 | loss 0.9318 | val_acc=0.4774 val_loss=1.4741 val_f1_macro=0.4044 val_f1_weighted=0.4692 val_prec_macro=0.4184 val_rec_macro=0.3997 val_metric_name=acc val_metric=0.4774
Step 4150 | loss 0.9219 | val_acc=0.4777 val_loss=1.4755 val_f1_macro=0.4048 val_f1_weighted=0.4691 val_prec_macro=0.4207 val_rec_macro=0.3987 val_metric_name=acc val_metric=0.4777
Early stopping at step 4199

--- Final (best ckpt @ step 3870) ---
  train_acc=0.6274 train_loss=0.8500 train_f1_macro=0.5745 train_f1_weighted=0.6223 train_prec_macro=0.5997 train_rec_macro=0.5617 train_metric_name=acc train_metric=0.6274
  val_acc=0.4798 val_loss=1.4592 val_f1_macro=0.4051 val_f1_weighted=0.4707 val_prec_macro=0.4220 val_rec_macro=0.3991 val_metric_name=acc val_metric=0.4798
  test_acc=0.4777 test_loss=1.5005 test_f1_macro=0.3956 test_f1_weighted=0.4700 test_prec_macro=0.4072 test_rec_macro=0.3921 test_metric_name=acc test_metric=0.4777
  test_acc=0.4777

============================================================
Training amazon-ratings GAT 5L h=384 lr=3e-05 split=4
============================================================
Training for 5000 steps
Step    1 | loss 1.6925 | val_acc=0.3408 val_loss=1.4442 val_f1_macro=0.1554 val_f1_weighted=0.2564 val_prec_macro=0.1784 val_rec_macro=0.2017 val_metric_name=acc val_metric=0.3408
Step   50 | loss 1.4085 | val_acc=0.3861 val_loss=1.3828 val_f1_macro=0.1611 val_f1_weighted=0.2692 val_prec_macro=0.1631 val_rec_macro=0.2206 val_metric_name=acc val_metric=0.3861
Step  100 | loss 1.3606 | val_acc=0.4058 val_loss=1.3456 val_f1_macro=0.2037 val_f1_weighted=0.3227 val_prec_macro=0.2376 val_rec_macro=0.2435 val_metric_name=acc val_metric=0.4058
Step  150 | loss 1.3290 | val_acc=0.4207 val_loss=1.3255 val_f1_macro=0.2403 val_f1_weighted=0.3666 val_prec_macro=0.2436 val_rec_macro=0.2653 val_metric_name=acc val_metric=0.4207
Step  200 | loss 1.2906 | val_acc=0.4349 val_loss=1.3088 val_f1_macro=0.2797 val_f1_weighted=0.3981 val_prec_macro=0.4226 val_rec_macro=0.2899 val_metric_name=acc val_metric=0.4349
Step  250 | loss 1.2652 | val_acc=0.4439 val_loss=1.2960 val_f1_macro=0.3184 val_f1_weighted=0.4158 val_prec_macro=0.4251 val_rec_macro=0.3158 val_metric_name=acc val_metric=0.4439
Step  300 | loss 1.2304 | val_acc=0.4454 val_loss=1.2924 val_f1_macro=0.3345 val_f1_weighted=0.4249 val_prec_macro=0.3981 val_rec_macro=0.3269 val_metric_name=acc val_metric=0.4454
Step  350 | loss 1.2023 | val_acc=0.4527 val_loss=1.2890 val_f1_macro=0.3520 val_f1_weighted=0.4335 val_prec_macro=0.4150 val_rec_macro=0.3416 val_metric_name=acc val_metric=0.4527
Step  400 | loss 1.1718 | val_acc=0.4544 val_loss=1.2992 val_f1_macro=0.3640 val_f1_weighted=0.4396 val_prec_macro=0.4011 val_rec_macro=0.3559 val_metric_name=acc val_metric=0.4544
Step  450 | loss 1.1459 | val_acc=0.4637 val_loss=1.3060 val_f1_macro=0.3740 val_f1_weighted=0.4489 val_prec_macro=0.4135 val_rec_macro=0.3636 val_metric_name=acc val_metric=0.4637
Step  500 | loss 1.1186 | val_acc=0.4545 val_loss=1.3276 val_f1_macro=0.3766 val_f1_weighted=0.4464 val_prec_macro=0.3988 val_rec_macro=0.3668 val_metric_name=acc val_metric=0.4545
Step  550 | loss 1.0892 | val_acc=0.4602 val_loss=1.3393 val_f1_macro=0.3839 val_f1_weighted=0.4521 val_prec_macro=0.4005 val_rec_macro=0.3761 val_metric_name=acc val_metric=0.4602
Step  600 | loss 1.0651 | val_acc=0.4684 val_loss=1.3554 val_f1_macro=0.3940 val_f1_weighted=0.4587 val_prec_macro=0.4137 val_rec_macro=0.3872 val_metric_name=acc val_metric=0.4684
Step  650 | loss 1.0469 | val_acc=0.4664 val_loss=1.3628 val_f1_macro=0.3997 val_f1_weighted=0.4604 val_prec_macro=0.4130 val_rec_macro=0.3921 val_metric_name=acc val_metric=0.4664
Step  700 | loss 1.0243 | val_acc=0.4677 val_loss=1.3882 val_f1_macro=0.3968 val_f1_weighted=0.4609 val_prec_macro=0.4102 val_rec_macro=0.3896 val_metric_name=acc val_metric=0.4677
Step  750 | loss 1.0108 | val_acc=0.4686 val_loss=1.4071 val_f1_macro=0.3999 val_f1_weighted=0.4627 val_prec_macro=0.4104 val_rec_macro=0.3948 val_metric_name=acc val_metric=0.4686
Step  800 | loss 0.9882 | val_acc=0.4640 val_loss=1.4194 val_f1_macro=0.4006 val_f1_weighted=0.4601 val_prec_macro=0.4045 val_rec_macro=0.3999 val_metric_name=acc val_metric=0.4640
Step  850 | loss 0.9743 | val_acc=0.4681 val_loss=1.4324 val_f1_macro=0.4019 val_f1_weighted=0.4628 val_prec_macro=0.4117 val_rec_macro=0.3970 val_metric_name=acc val_metric=0.4681
Step  900 | loss 0.9612 | val_acc=0.4730 val_loss=1.4517 val_f1_macro=0.4102 val_f1_weighted=0.4684 val_prec_macro=0.4160 val_rec_macro=0.4073 val_metric_name=acc val_metric=0.4730
Step  950 | loss 0.9447 | val_acc=0.4717 val_loss=1.4621 val_f1_macro=0.4092 val_f1_weighted=0.4662 val_prec_macro=0.4177 val_rec_macro=0.4048 val_metric_name=acc val_metric=0.4717
Step 1000 | loss 0.9294 | val_acc=0.4676 val_loss=1.4938 val_f1_macro=0.4023 val_f1_weighted=0.4640 val_prec_macro=0.4049 val_rec_macro=0.4020 val_metric_name=acc val_metric=0.4676
Step 1050 | loss 0.9105 | val_acc=0.4746 val_loss=1.5122 val_f1_macro=0.4113 val_f1_weighted=0.4707 val_prec_macro=0.4134 val_rec_macro=0.4125 val_metric_name=acc val_metric=0.4746
Step 1100 | loss 0.9032 | val_acc=0.4738 val_loss=1.5323 val_f1_macro=0.4134 val_f1_weighted=0.4699 val_prec_macro=0.4188 val_rec_macro=0.4108 val_metric_name=acc val_metric=0.4738
Step 1150 | loss 0.8862 | val_acc=0.4726 val_loss=1.5488 val_f1_macro=0.4063 val_f1_weighted=0.4687 val_prec_macro=0.4094 val_rec_macro=0.4070 val_metric_name=acc val_metric=0.4726
Step 1200 | loss 0.8706 | val_acc=0.4746 val_loss=1.5749 val_f1_macro=0.4132 val_f1_weighted=0.4717 val_prec_macro=0.4137 val_rec_macro=0.4152 val_metric_name=acc val_metric=0.4746
Step 1250 | loss 0.8606 | val_acc=0.4726 val_loss=1.5928 val_f1_macro=0.4119 val_f1_weighted=0.4703 val_prec_macro=0.4104 val_rec_macro=0.4163 val_metric_name=acc val_metric=0.4726
Step 1300 | loss 0.8489 | val_acc=0.4793 val_loss=1.6132 val_f1_macro=0.4144 val_f1_weighted=0.4758 val_prec_macro=0.4159 val_rec_macro=0.4155 val_metric_name=acc val_metric=0.4793
Step 1350 | loss 0.8343 | val_acc=0.4777 val_loss=1.6323 val_f1_macro=0.4153 val_f1_weighted=0.4744 val_prec_macro=0.4161 val_rec_macro=0.4173 val_metric_name=acc val_metric=0.4777
Step 1400 | loss 0.8210 | val_acc=0.4792 val_loss=1.6534 val_f1_macro=0.4139 val_f1_weighted=0.4761 val_prec_macro=0.4154 val_rec_macro=0.4151 val_metric_name=acc val_metric=0.4792
Step 1450 | loss 0.8062 | val_acc=0.4821 val_loss=1.6790 val_f1_macro=0.4196 val_f1_weighted=0.4795 val_prec_macro=0.4190 val_rec_macro=0.4234 val_metric_name=acc val_metric=0.4821
Step 1500 | loss 0.7961 | val_acc=0.4842 val_loss=1.7050 val_f1_macro=0.4231 val_f1_weighted=0.4827 val_prec_macro=0.4221 val_rec_macro=0.4259 val_metric_name=acc val_metric=0.4842
Step 1550 | loss 0.7884 | val_acc=0.4839 val_loss=1.7261 val_f1_macro=0.4206 val_f1_weighted=0.4799 val_prec_macro=0.4230 val_rec_macro=0.4223 val_metric_name=acc val_metric=0.4839
Step 1600 | loss 0.7772 | val_acc=0.4914 val_loss=1.7404 val_f1_macro=0.4296 val_f1_weighted=0.4884 val_prec_macro=0.4323 val_rec_macro=0.4290 val_metric_name=acc val_metric=0.4914
Step 1650 | loss 0.7662 | val_acc=0.4916 val_loss=1.7723 val_f1_macro=0.4280 val_f1_weighted=0.4881 val_prec_macro=0.4300 val_rec_macro=0.4292 val_metric_name=acc val_metric=0.4916
Step 1700 | loss 0.7555 | val_acc=0.4932 val_loss=1.7931 val_f1_macro=0.4309 val_f1_weighted=0.4907 val_prec_macro=0.4310 val_rec_macro=0.4338 val_metric_name=acc val_metric=0.4932
Step 1750 | loss 0.7486 | val_acc=0.4958 val_loss=1.8146 val_f1_macro=0.4322 val_f1_weighted=0.4925 val_prec_macro=0.4339 val_rec_macro=0.4336 val_metric_name=acc val_metric=0.4958
Step 1800 | loss 0.7335 | val_acc=0.4963 val_loss=1.8322 val_f1_macro=0.4330 val_f1_weighted=0.4930 val_prec_macro=0.4340 val_rec_macro=0.4361 val_metric_name=acc val_metric=0.4963
Step 1850 | loss 0.7240 | val_acc=0.4957 val_loss=1.8747 val_f1_macro=0.4332 val_f1_weighted=0.4934 val_prec_macro=0.4331 val_rec_macro=0.4372 val_metric_name=acc val_metric=0.4957
Step 1900 | loss 0.7135 | val_acc=0.4953 val_loss=1.8838 val_f1_macro=0.4324 val_f1_weighted=0.4925 val_prec_macro=0.4345 val_rec_macro=0.4340 val_metric_name=acc val_metric=0.4953
Step 1950 | loss 0.7053 | val_acc=0.5004 val_loss=1.9020 val_f1_macro=0.4358 val_f1_weighted=0.4974 val_prec_macro=0.4383 val_rec_macro=0.4363 val_metric_name=acc val_metric=0.5004
Step 2000 | loss 0.6966 | val_acc=0.5002 val_loss=1.9243 val_f1_macro=0.4349 val_f1_weighted=0.4973 val_prec_macro=0.4373 val_rec_macro=0.4354 val_metric_name=acc val_metric=0.5002
Step 2050 | loss 0.6803 | val_acc=0.5002 val_loss=1.9514 val_f1_macro=0.4397 val_f1_weighted=0.4980 val_prec_macro=0.4400 val_rec_macro=0.4418 val_metric_name=acc val_metric=0.5002
Step 2100 | loss 0.6729 | val_acc=0.5014 val_loss=1.9812 val_f1_macro=0.4402 val_f1_weighted=0.4991 val_prec_macro=0.4402 val_rec_macro=0.4428 val_metric_name=acc val_metric=0.5014
Step 2150 | loss 0.6634 | val_acc=0.5050 val_loss=1.9952 val_f1_macro=0.4452 val_f1_weighted=0.5021 val_prec_macro=0.4471 val_rec_macro=0.4454 val_metric_name=acc val_metric=0.5050
Step 2200 | loss 0.6488 | val_acc=0.5030 val_loss=2.0341 val_f1_macro=0.4421 val_f1_weighted=0.5003 val_prec_macro=0.4428 val_rec_macro=0.4450 val_metric_name=acc val_metric=0.5030
Step 2250 | loss 0.6421 | val_acc=0.5030 val_loss=2.0557 val_f1_macro=0.4417 val_f1_weighted=0.5004 val_prec_macro=0.4427 val_rec_macro=0.4435 val_metric_name=acc val_metric=0.5030
Step 2300 | loss 0.6407 | val_acc=0.5032 val_loss=2.0771 val_f1_macro=0.4409 val_f1_weighted=0.5004 val_prec_macro=0.4423 val_rec_macro=0.4435 val_metric_name=acc val_metric=0.5032
Step 2350 | loss 0.6266 | val_acc=0.5024 val_loss=2.0892 val_f1_macro=0.4404 val_f1_weighted=0.5001 val_prec_macro=0.4416 val_rec_macro=0.4414 val_metric_name=acc val_metric=0.5024
Step 2400 | loss 0.6169 | val_acc=0.5017 val_loss=2.1218 val_f1_macro=0.4397 val_f1_weighted=0.5001 val_prec_macro=0.4397 val_rec_macro=0.4414 val_metric_name=acc val_metric=0.5017
Step 2450 | loss 0.6116 | val_acc=0.5050 val_loss=2.1473 val_f1_macro=0.4439 val_f1_weighted=0.5026 val_prec_macro=0.4452 val_rec_macro=0.4449 val_metric_name=acc val_metric=0.5050
Early stopping at step 2493

--- Final (best ckpt @ step 2160) ---
  train_acc=0.7760 train_loss=0.5172 train_f1_macro=0.7592 train_f1_weighted=0.7756 train_prec_macro=0.7585 train_rec_macro=0.7655 train_metric_name=acc train_metric=0.7760
  val_acc=0.5076 val_loss=1.9949 val_f1_macro=0.4457 val_f1_weighted=0.5050 val_prec_macro=0.4466 val_rec_macro=0.4476 val_metric_name=acc val_metric=0.5076
  test_acc=0.4983 test_loss=2.0391 test_f1_macro=0.4296 test_f1_weighted=0.4962 test_prec_macro=0.4314 test_rec_macro=0.4298 test_metric_name=acc test_metric=0.4983
  test_acc=0.4983

============================================================
Training amazon-ratings GAT 5L h=384 lr=6e-05 split=4
============================================================
Training for 5000 steps
Step    1 | loss 1.6925 | val_acc=0.3699 val_loss=1.4310 val_f1_macro=0.1145 val_f1_weighted=0.2071 val_prec_macro=0.2254 val_rec_macro=0.2021 val_metric_name=acc val_metric=0.3699
Step   50 | loss 1.3835 | val_acc=0.3988 val_loss=1.3660 val_f1_macro=0.1814 val_f1_weighted=0.2957 val_prec_macro=0.2377 val_rec_macro=0.2334 val_metric_name=acc val_metric=0.3988
Step  100 | loss 1.3276 | val_acc=0.4184 val_loss=1.3263 val_f1_macro=0.2372 val_f1_weighted=0.3627 val_prec_macro=0.2424 val_rec_macro=0.2628 val_metric_name=acc val_metric=0.4184
Step  150 | loss 1.2787 | val_acc=0.4432 val_loss=1.3082 val_f1_macro=0.2839 val_f1_weighted=0.4037 val_prec_macro=0.4371 val_rec_macro=0.2953 val_metric_name=acc val_metric=0.4432
Step  200 | loss 1.2243 | val_acc=0.4490 val_loss=1.2928 val_f1_macro=0.3315 val_f1_weighted=0.4255 val_prec_macro=0.4096 val_rec_macro=0.3261 val_metric_name=acc val_metric=0.4490
Step  250 | loss 1.1821 | val_acc=0.4615 val_loss=1.2967 val_f1_macro=0.3514 val_f1_weighted=0.4369 val_prec_macro=0.4242 val_rec_macro=0.3434 val_metric_name=acc val_metric=0.4615
Step  300 | loss 1.1379 | val_acc=0.4673 val_loss=1.3183 val_f1_macro=0.3739 val_f1_weighted=0.4478 val_prec_macro=0.4122 val_rec_macro=0.3670 val_metric_name=acc val_metric=0.4673
Step  350 | loss 1.0918 | val_acc=0.4712 val_loss=1.3387 val_f1_macro=0.3814 val_f1_weighted=0.4546 val_prec_macro=0.4274 val_rec_macro=0.3695 val_metric_name=acc val_metric=0.4712
Step  400 | loss 1.0524 | val_acc=0.4671 val_loss=1.3616 val_f1_macro=0.3958 val_f1_weighted=0.4571 val_prec_macro=0.4101 val_rec_macro=0.3925 val_metric_name=acc val_metric=0.4671
Step  450 | loss 1.0199 | val_acc=0.4671 val_loss=1.3949 val_f1_macro=0.3977 val_f1_weighted=0.4576 val_prec_macro=0.4087 val_rec_macro=0.3955 val_metric_name=acc val_metric=0.4671
Step  500 | loss 0.9857 | val_acc=0.4619 val_loss=1.4371 val_f1_macro=0.3997 val_f1_weighted=0.4590 val_prec_macro=0.3989 val_rec_macro=0.4028 val_metric_name=acc val_metric=0.4619
Step  550 | loss 0.9489 | val_acc=0.4664 val_loss=1.4675 val_f1_macro=0.4045 val_f1_weighted=0.4636 val_prec_macro=0.4027 val_rec_macro=0.4105 val_metric_name=acc val_metric=0.4664
Step  600 | loss 0.9204 | val_acc=0.4700 val_loss=1.4944 val_f1_macro=0.4085 val_f1_weighted=0.4668 val_prec_macro=0.4104 val_rec_macro=0.4085 val_metric_name=acc val_metric=0.4700
Step  650 | loss 0.8989 | val_acc=0.4668 val_loss=1.5210 val_f1_macro=0.4045 val_f1_weighted=0.4637 val_prec_macro=0.4053 val_rec_macro=0.4073 val_metric_name=acc val_metric=0.4668
Step  700 | loss 0.8673 | val_acc=0.4723 val_loss=1.5661 val_f1_macro=0.4085 val_f1_weighted=0.4694 val_prec_macro=0.4083 val_rec_macro=0.4121 val_metric_name=acc val_metric=0.4723
Step  750 | loss 0.8506 | val_acc=0.4767 val_loss=1.5942 val_f1_macro=0.4148 val_f1_weighted=0.4731 val_prec_macro=0.4175 val_rec_macro=0.4144 val_metric_name=acc val_metric=0.4767
Step  800 | loss 0.8305 | val_acc=0.4787 val_loss=1.6305 val_f1_macro=0.4173 val_f1_weighted=0.4764 val_prec_macro=0.4153 val_rec_macro=0.4227 val_metric_name=acc val_metric=0.4787
Step  850 | loss 0.8055 | val_acc=0.4816 val_loss=1.6919 val_f1_macro=0.4165 val_f1_weighted=0.4778 val_prec_macro=0.4187 val_rec_macro=0.4179 val_metric_name=acc val_metric=0.4816
Step  900 | loss 0.7924 | val_acc=0.4854 val_loss=1.7334 val_f1_macro=0.4237 val_f1_weighted=0.4823 val_prec_macro=0.4244 val_rec_macro=0.4258 val_metric_name=acc val_metric=0.4854
Step  950 | loss 0.7636 | val_acc=0.4929 val_loss=1.7613 val_f1_macro=0.4273 val_f1_weighted=0.4891 val_prec_macro=0.4329 val_rec_macro=0.4242 val_metric_name=acc val_metric=0.4929
Step 1000 | loss 0.7421 | val_acc=0.4939 val_loss=1.8098 val_f1_macro=0.4317 val_f1_weighted=0.4911 val_prec_macro=0.4322 val_rec_macro=0.4342 val_metric_name=acc val_metric=0.4939
Step 1050 | loss 0.7251 | val_acc=0.4967 val_loss=1.8617 val_f1_macro=0.4347 val_f1_weighted=0.4943 val_prec_macro=0.4351 val_rec_macro=0.4367 val_metric_name=acc val_metric=0.4967
Step 1100 | loss 0.7067 | val_acc=0.5027 val_loss=1.9079 val_f1_macro=0.4406 val_f1_weighted=0.4995 val_prec_macro=0.4427 val_rec_macro=0.4419 val_metric_name=acc val_metric=0.5027
Step 1150 | loss 0.6837 | val_acc=0.5022 val_loss=1.9456 val_f1_macro=0.4398 val_f1_weighted=0.4995 val_prec_macro=0.4416 val_rec_macro=0.4404 val_metric_name=acc val_metric=0.5022
Step 1200 | loss 0.6604 | val_acc=0.5029 val_loss=1.9964 val_f1_macro=0.4408 val_f1_weighted=0.5003 val_prec_macro=0.4415 val_rec_macro=0.4439 val_metric_name=acc val_metric=0.5029
Step 1250 | loss 0.6421 | val_acc=0.5032 val_loss=2.0293 val_f1_macro=0.4424 val_f1_weighted=0.5003 val_prec_macro=0.4433 val_rec_macro=0.4446 val_metric_name=acc val_metric=0.5032
Step 1300 | loss 0.6278 | val_acc=0.5061 val_loss=2.0702 val_f1_macro=0.4462 val_f1_weighted=0.5047 val_prec_macro=0.4445 val_rec_macro=0.4509 val_metric_name=acc val_metric=0.5061
Step 1350 | loss 0.6102 | val_acc=0.5092 val_loss=2.1250 val_f1_macro=0.4446 val_f1_weighted=0.5075 val_prec_macro=0.4449 val_rec_macro=0.4470 val_metric_name=acc val_metric=0.5092
Step 1400 | loss 0.5899 | val_acc=0.5089 val_loss=2.1499 val_f1_macro=0.4455 val_f1_weighted=0.5063 val_prec_macro=0.4475 val_rec_macro=0.4464 val_metric_name=acc val_metric=0.5089
Step 1450 | loss 0.5693 | val_acc=0.5060 val_loss=2.2236 val_f1_macro=0.4451 val_f1_weighted=0.5047 val_prec_macro=0.4438 val_rec_macro=0.4480 val_metric_name=acc val_metric=0.5060
Step 1500 | loss 0.5529 | val_acc=0.5118 val_loss=2.2768 val_f1_macro=0.4475 val_f1_weighted=0.5093 val_prec_macro=0.4496 val_rec_macro=0.4485 val_metric_name=acc val_metric=0.5118
Step 1550 | loss 0.5452 | val_acc=0.5048 val_loss=2.3077 val_f1_macro=0.4444 val_f1_weighted=0.5036 val_prec_macro=0.4424 val_rec_macro=0.4498 val_metric_name=acc val_metric=0.5048
Step 1600 | loss 0.5212 | val_acc=0.5081 val_loss=2.3368 val_f1_macro=0.4465 val_f1_weighted=0.5062 val_prec_macro=0.4479 val_rec_macro=0.4466 val_metric_name=acc val_metric=0.5081
Step 1650 | loss 0.5114 | val_acc=0.5097 val_loss=2.4124 val_f1_macro=0.4484 val_f1_weighted=0.5080 val_prec_macro=0.4487 val_rec_macro=0.4500 val_metric_name=acc val_metric=0.5097
Step 1700 | loss 0.4952 | val_acc=0.5105 val_loss=2.4352 val_f1_macro=0.4478 val_f1_weighted=0.5089 val_prec_macro=0.4475 val_rec_macro=0.4503 val_metric_name=acc val_metric=0.5105
Step 1750 | loss 0.4865 | val_acc=0.5089 val_loss=2.4999 val_f1_macro=0.4499 val_f1_weighted=0.5074 val_prec_macro=0.4499 val_rec_macro=0.4519 val_metric_name=acc val_metric=0.5089
Step 1800 | loss 0.4696 | val_acc=0.5136 val_loss=2.5264 val_f1_macro=0.4512 val_f1_weighted=0.5119 val_prec_macro=0.4525 val_rec_macro=0.4510 val_metric_name=acc val_metric=0.5136
Early stopping at step 1840

--- Final (best ckpt @ step 1540) ---
  train_acc=0.8379 train_loss=0.3837 train_f1_macro=0.8244 train_f1_weighted=0.8379 train_prec_macro=0.8230 train_rec_macro=0.8291 train_metric_name=acc train_metric=0.8379
  val_acc=0.5158 val_loss=2.2864 val_f1_macro=0.4530 val_f1_weighted=0.5133 val_prec_macro=0.4547 val_rec_macro=0.4540 val_metric_name=acc val_metric=0.5158
  test_acc=0.5048 test_loss=2.3246 test_f1_macro=0.4375 test_f1_weighted=0.5031 test_prec_macro=0.4398 test_rec_macro=0.4368 test_metric_name=acc test_metric=0.5048
  test_acc=0.5048

============================================================
Training amazon-ratings GAT 5L h=384 lr=0.0001 split=4
============================================================
Training for 5000 steps
Step    1 | loss 1.6925 | val_acc=0.3678 val_loss=1.5402 val_f1_macro=0.1076 val_f1_weighted=0.1978 val_prec_macro=0.0736 val_rec_macro=0.2000 val_metric_name=acc val_metric=0.3678
Step   50 | loss 1.3707 | val_acc=0.4044 val_loss=1.3517 val_f1_macro=0.1947 val_f1_weighted=0.3123 val_prec_macro=0.2206 val_rec_macro=0.2413 val_metric_name=acc val_metric=0.4044
Step  100 | loss 1.3074 | val_acc=0.4243 val_loss=1.3146 val_f1_macro=0.2485 val_f1_weighted=0.3751 val_prec_macro=0.2776 val_rec_macro=0.2701 val_metric_name=acc val_metric=0.4243
Step  150 | loss 1.2509 | val_acc=0.4555 val_loss=1.2964 val_f1_macro=0.3139 val_f1_weighted=0.4186 val_prec_macro=0.4167 val_rec_macro=0.3174 val_metric_name=acc val_metric=0.4555
Step  200 | loss 1.1777 | val_acc=0.4599 val_loss=1.2961 val_f1_macro=0.3464 val_f1_weighted=0.4359 val_prec_macro=0.4198 val_rec_macro=0.3361 val_metric_name=acc val_metric=0.4599
Step  250 | loss 1.1214 | val_acc=0.4679 val_loss=1.3211 val_f1_macro=0.3779 val_f1_weighted=0.4535 val_prec_macro=0.4273 val_rec_macro=0.3649 val_metric_name=acc val_metric=0.4679
Step  300 | loss 1.0705 | val_acc=0.4744 val_loss=1.3484 val_f1_macro=0.3809 val_f1_weighted=0.4578 val_prec_macro=0.4266 val_rec_macro=0.3683 val_metric_name=acc val_metric=0.4744
Step  350 | loss 1.0088 | val_acc=0.4746 val_loss=1.3847 val_f1_macro=0.3970 val_f1_weighted=0.4629 val_prec_macro=0.4196 val_rec_macro=0.3896 val_metric_name=acc val_metric=0.4746
Step  400 | loss 0.9600 | val_acc=0.4746 val_loss=1.4260 val_f1_macro=0.4059 val_f1_weighted=0.4673 val_prec_macro=0.4170 val_rec_macro=0.4012 val_metric_name=acc val_metric=0.4746
Step  450 | loss 0.9200 | val_acc=0.4720 val_loss=1.4915 val_f1_macro=0.4065 val_f1_weighted=0.4668 val_prec_macro=0.4092 val_rec_macro=0.4087 val_metric_name=acc val_metric=0.4720
Step  500 | loss 0.8763 | val_acc=0.4682 val_loss=1.5466 val_f1_macro=0.4073 val_f1_weighted=0.4664 val_prec_macro=0.4059 val_rec_macro=0.4110 val_metric_name=acc val_metric=0.4682
Step  550 | loss 0.8324 | val_acc=0.4780 val_loss=1.5989 val_f1_macro=0.4180 val_f1_weighted=0.4753 val_prec_macro=0.4181 val_rec_macro=0.4206 val_metric_name=acc val_metric=0.4780
Step  600 | loss 0.8013 | val_acc=0.4803 val_loss=1.6611 val_f1_macro=0.4183 val_f1_weighted=0.4778 val_prec_macro=0.4183 val_rec_macro=0.4217 val_metric_name=acc val_metric=0.4803
Step  650 | loss 0.7715 | val_acc=0.4870 val_loss=1.7228 val_f1_macro=0.4245 val_f1_weighted=0.4841 val_prec_macro=0.4256 val_rec_macro=0.4272 val_metric_name=acc val_metric=0.4870
Step  700 | loss 0.7284 | val_acc=0.4945 val_loss=1.7932 val_f1_macro=0.4343 val_f1_weighted=0.4929 val_prec_macro=0.4340 val_rec_macro=0.4369 val_metric_name=acc val_metric=0.4945
Step  750 | loss 0.7089 | val_acc=0.5002 val_loss=1.8582 val_f1_macro=0.4401 val_f1_weighted=0.4969 val_prec_macro=0.4437 val_rec_macro=0.4387 val_metric_name=acc val_metric=0.5002
Step  800 | loss 0.6747 | val_acc=0.5012 val_loss=1.9187 val_f1_macro=0.4419 val_f1_weighted=0.4993 val_prec_macro=0.4426 val_rec_macro=0.4435 val_metric_name=acc val_metric=0.5012
Step  850 | loss 0.6473 | val_acc=0.5066 val_loss=2.0130 val_f1_macro=0.4470 val_f1_weighted=0.5032 val_prec_macro=0.4499 val_rec_macro=0.4473 val_metric_name=acc val_metric=0.5066
Step  900 | loss 0.6219 | val_acc=0.5030 val_loss=2.1021 val_f1_macro=0.4444 val_f1_weighted=0.5016 val_prec_macro=0.4455 val_rec_macro=0.4440 val_metric_name=acc val_metric=0.5030
Step  950 | loss 0.5832 | val_acc=0.5114 val_loss=2.1696 val_f1_macro=0.4531 val_f1_weighted=0.5092 val_prec_macro=0.4580 val_rec_macro=0.4492 val_metric_name=acc val_metric=0.5114
Step 1000 | loss 0.5606 | val_acc=0.5053 val_loss=2.2244 val_f1_macro=0.4454 val_f1_weighted=0.5032 val_prec_macro=0.4470 val_rec_macro=0.4455 val_metric_name=acc val_metric=0.5053
Step 1050 | loss 0.5353 | val_acc=0.5107 val_loss=2.2631 val_f1_macro=0.4537 val_f1_weighted=0.5082 val_prec_macro=0.4572 val_rec_macro=0.4516 val_metric_name=acc val_metric=0.5107
Step 1100 | loss 0.5073 | val_acc=0.5094 val_loss=2.3618 val_f1_macro=0.4489 val_f1_weighted=0.5073 val_prec_macro=0.4519 val_rec_macro=0.4470 val_metric_name=acc val_metric=0.5094
Step 1150 | loss 0.4867 | val_acc=0.5060 val_loss=2.4316 val_f1_macro=0.4481 val_f1_weighted=0.5041 val_prec_macro=0.4499 val_rec_macro=0.4474 val_metric_name=acc val_metric=0.5060
Step 1200 | loss 0.4600 | val_acc=0.5086 val_loss=2.5308 val_f1_macro=0.4497 val_f1_weighted=0.5068 val_prec_macro=0.4508 val_rec_macro=0.4496 val_metric_name=acc val_metric=0.5086
Step 1250 | loss 0.4419 | val_acc=0.5110 val_loss=2.5817 val_f1_macro=0.4539 val_f1_weighted=0.5096 val_prec_macro=0.4546 val_rec_macro=0.4540 val_metric_name=acc val_metric=0.5110
Step 1300 | loss 0.4216 | val_acc=0.5094 val_loss=2.6465 val_f1_macro=0.4535 val_f1_weighted=0.5086 val_prec_macro=0.4530 val_rec_macro=0.4547 val_metric_name=acc val_metric=0.5094
Step 1350 | loss 0.4157 | val_acc=0.5104 val_loss=2.7284 val_f1_macro=0.4557 val_f1_weighted=0.5098 val_prec_macro=0.4547 val_rec_macro=0.4570 val_metric_name=acc val_metric=0.5104
Step 1400 | loss 0.3930 | val_acc=0.5122 val_loss=2.7774 val_f1_macro=0.4571 val_f1_weighted=0.5109 val_prec_macro=0.4586 val_rec_macro=0.4561 val_metric_name=acc val_metric=0.5122
Step 1450 | loss 0.3746 | val_acc=0.5107 val_loss=2.7978 val_f1_macro=0.4573 val_f1_weighted=0.5100 val_prec_macro=0.4577 val_rec_macro=0.4572 val_metric_name=acc val_metric=0.5107
Step 1500 | loss 0.3577 | val_acc=0.5140 val_loss=2.8848 val_f1_macro=0.4610 val_f1_weighted=0.5129 val_prec_macro=0.4613 val_rec_macro=0.4613 val_metric_name=acc val_metric=0.5140
Step 1550 | loss 0.3449 | val_acc=0.5149 val_loss=2.9383 val_f1_macro=0.4611 val_f1_weighted=0.5143 val_prec_macro=0.4614 val_rec_macro=0.4611 val_metric_name=acc val_metric=0.5149
Step 1600 | loss 0.3391 | val_acc=0.5131 val_loss=3.0091 val_f1_macro=0.4635 val_f1_weighted=0.5125 val_prec_macro=0.4640 val_rec_macro=0.4633 val_metric_name=acc val_metric=0.5131
Step 1650 | loss 0.3214 | val_acc=0.5117 val_loss=3.0491 val_f1_macro=0.4617 val_f1_weighted=0.5109 val_prec_macro=0.4624 val_rec_macro=0.4612 val_metric_name=acc val_metric=0.5117
Step 1700 | loss 0.3111 | val_acc=0.5138 val_loss=3.1325 val_f1_macro=0.4617 val_f1_weighted=0.5132 val_prec_macro=0.4613 val_rec_macro=0.4624 val_metric_name=acc val_metric=0.5138
Step 1750 | loss 0.3004 | val_acc=0.5123 val_loss=3.1681 val_f1_macro=0.4627 val_f1_weighted=0.5119 val_prec_macro=0.4629 val_rec_macro=0.4628 val_metric_name=acc val_metric=0.5123
Step 1800 | loss 0.2868 | val_acc=0.5166 val_loss=3.2206 val_f1_macro=0.4656 val_f1_weighted=0.5154 val_prec_macro=0.4687 val_rec_macro=0.4630 val_metric_name=acc val_metric=0.5166
Step 1850 | loss 0.2768 | val_acc=0.5159 val_loss=3.2782 val_f1_macro=0.4637 val_f1_weighted=0.5153 val_prec_macro=0.4642 val_rec_macro=0.4633 val_metric_name=acc val_metric=0.5159
Step 1900 | loss 0.2724 | val_acc=0.5161 val_loss=3.3120 val_f1_macro=0.4634 val_f1_weighted=0.5146 val_prec_macro=0.4672 val_rec_macro=0.4600 val_metric_name=acc val_metric=0.5161
Step 1950 | loss 0.2633 | val_acc=0.5143 val_loss=3.3424 val_f1_macro=0.4629 val_f1_weighted=0.5138 val_prec_macro=0.4636 val_rec_macro=0.4622 val_metric_name=acc val_metric=0.5143
Step 2000 | loss 0.2588 | val_acc=0.5145 val_loss=3.3881 val_f1_macro=0.4641 val_f1_weighted=0.5132 val_prec_macro=0.4667 val_rec_macro=0.4619 val_metric_name=acc val_metric=0.5145
Early stopping at step 2010

--- Final (best ckpt @ step 1710) ---
  train_acc=0.9373 train_loss=0.1636 train_f1_macro=0.9318 train_f1_weighted=0.9373 train_prec_macro=0.9301 train_rec_macro=0.9343 train_metric_name=acc train_metric=0.9373
  val_acc=0.5197 val_loss=3.1207 val_f1_macro=0.4668 val_f1_weighted=0.5183 val_prec_macro=0.4687 val_rec_macro=0.4654 val_metric_name=acc val_metric=0.5197
  test_acc=0.5153 test_loss=3.1437 test_f1_macro=0.4499 test_f1_weighted=0.5138 test_prec_macro=0.4533 test_rec_macro=0.4473 test_metric_name=acc test_metric=0.5153
  test_acc=0.5153

============================================================
Training amazon-ratings GAT 5L h=384 lr=1e-05 split=4
============================================================
Training for 5000 steps
Step    1 | loss 1.6925 | val_acc=0.2621 val_loss=1.5501 val_f1_macro=0.1287 val_f1_weighted=0.1834 val_prec_macro=0.1929 val_rec_macro=0.1899 val_metric_name=acc val_metric=0.2621
Step   50 | loss 1.4381 | val_acc=0.3738 val_loss=1.4076 val_f1_macro=0.1252 val_f1_weighted=0.2216 val_prec_macro=0.1651 val_rec_macro=0.2059 val_metric_name=acc val_metric=0.3738
Step  100 | loss 1.4104 | val_acc=0.3841 val_loss=1.3898 val_f1_macro=0.1535 val_f1_weighted=0.2593 val_prec_macro=0.1638 val_rec_macro=0.2173 val_metric_name=acc val_metric=0.3841
Step  150 | loss 1.3911 | val_acc=0.3926 val_loss=1.3687 val_f1_macro=0.1725 val_f1_weighted=0.2838 val_prec_macro=0.2325 val_rec_macro=0.2269 val_metric_name=acc val_metric=0.3926
Step  200 | loss 1.3699 | val_acc=0.4021 val_loss=1.3506 val_f1_macro=0.1985 val_f1_weighted=0.3160 val_prec_macro=0.2371 val_rec_macro=0.2400 val_metric_name=acc val_metric=0.4021
Step  250 | loss 1.3536 | val_acc=0.4034 val_loss=1.3423 val_f1_macro=0.2117 val_f1_weighted=0.3310 val_prec_macro=0.2374 val_rec_macro=0.2440 val_metric_name=acc val_metric=0.4034
Step  300 | loss 1.3386 | val_acc=0.4132 val_loss=1.3308 val_f1_macro=0.2302 val_f1_weighted=0.3538 val_prec_macro=0.2413 val_rec_macro=0.2568 val_metric_name=acc val_metric=0.4132
Step  350 | loss 1.3285 | val_acc=0.4160 val_loss=1.3241 val_f1_macro=0.2443 val_f1_weighted=0.3689 val_prec_macro=0.2768 val_rec_macro=0.2644 val_metric_name=acc val_metric=0.4160
Step  400 | loss 1.3077 | val_acc=0.4236 val_loss=1.3160 val_f1_macro=0.2588 val_f1_weighted=0.3815 val_prec_macro=0.3256 val_rec_macro=0.2745 val_metric_name=acc val_metric=0.4236
Step  450 | loss 1.2990 | val_acc=0.4339 val_loss=1.3098 val_f1_macro=0.2847 val_f1_weighted=0.3985 val_prec_macro=0.4379 val_rec_macro=0.2921 val_metric_name=acc val_metric=0.4339
Step  500 | loss 1.2853 | val_acc=0.4377 val_loss=1.3041 val_f1_macro=0.3039 val_f1_weighted=0.4080 val_prec_macro=0.4386 val_rec_macro=0.3048 val_metric_name=acc val_metric=0.4377
Step  550 | loss 1.2630 | val_acc=0.4382 val_loss=1.3008 val_f1_macro=0.3178 val_f1_weighted=0.4148 val_prec_macro=0.4169 val_rec_macro=0.3145 val_metric_name=acc val_metric=0.4382
Step  600 | loss 1.2516 | val_acc=0.4416 val_loss=1.2964 val_f1_macro=0.3178 val_f1_weighted=0.4150 val_prec_macro=0.4130 val_rec_macro=0.3150 val_metric_name=acc val_metric=0.4416
Step  650 | loss 1.2446 | val_acc=0.4446 val_loss=1.2948 val_f1_macro=0.3315 val_f1_weighted=0.4235 val_prec_macro=0.3953 val_rec_macro=0.3261 val_metric_name=acc val_metric=0.4446
Step  700 | loss 1.2261 | val_acc=0.4495 val_loss=1.2929 val_f1_macro=0.3422 val_f1_weighted=0.4285 val_prec_macro=0.4041 val_rec_macro=0.3354 val_metric_name=acc val_metric=0.4495
Step  750 | loss 1.2194 | val_acc=0.4514 val_loss=1.2918 val_f1_macro=0.3440 val_f1_weighted=0.4317 val_prec_macro=0.3959 val_rec_macro=0.3363 val_metric_name=acc val_metric=0.4514
Step  800 | loss 1.2031 | val_acc=0.4470 val_loss=1.2964 val_f1_macro=0.3524 val_f1_weighted=0.4321 val_prec_macro=0.3972 val_rec_macro=0.3433 val_metric_name=acc val_metric=0.4470
Step  850 | loss 1.1970 | val_acc=0.4527 val_loss=1.2935 val_f1_macro=0.3605 val_f1_weighted=0.4393 val_prec_macro=0.3985 val_rec_macro=0.3513 val_metric_name=acc val_metric=0.4527
Step  900 | loss 1.1808 | val_acc=0.4544 val_loss=1.2996 val_f1_macro=0.3623 val_f1_weighted=0.4410 val_prec_macro=0.3952 val_rec_macro=0.3546 val_metric_name=acc val_metric=0.4544
Step  950 | loss 1.1686 | val_acc=0.4571 val_loss=1.3035 val_f1_macro=0.3696 val_f1_weighted=0.4440 val_prec_macro=0.4016 val_rec_macro=0.3620 val_metric_name=acc val_metric=0.4571
Step 1000 | loss 1.1595 | val_acc=0.4570 val_loss=1.3044 val_f1_macro=0.3686 val_f1_weighted=0.4447 val_prec_macro=0.3982 val_rec_macro=0.3608 val_metric_name=acc val_metric=0.4570
Step 1050 | loss 1.1440 | val_acc=0.4620 val_loss=1.3101 val_f1_macro=0.3738 val_f1_weighted=0.4502 val_prec_macro=0.4070 val_rec_macro=0.3657 val_metric_name=acc val_metric=0.4620
Step 1100 | loss 1.1403 | val_acc=0.4615 val_loss=1.3131 val_f1_macro=0.3706 val_f1_weighted=0.4474 val_prec_macro=0.4048 val_rec_macro=0.3610 val_metric_name=acc val_metric=0.4615
Step 1150 | loss 1.1275 | val_acc=0.4609 val_loss=1.3160 val_f1_macro=0.3771 val_f1_weighted=0.4498 val_prec_macro=0.4020 val_rec_macro=0.3692 val_metric_name=acc val_metric=0.4609
Step 1200 | loss 1.1131 | val_acc=0.4619 val_loss=1.3274 val_f1_macro=0.3810 val_f1_weighted=0.4525 val_prec_macro=0.4030 val_rec_macro=0.3723 val_metric_name=acc val_metric=0.4619
Step 1250 | loss 1.1062 | val_acc=0.4625 val_loss=1.3281 val_f1_macro=0.3843 val_f1_weighted=0.4531 val_prec_macro=0.4097 val_rec_macro=0.3754 val_metric_name=acc val_metric=0.4625
Step 1300 | loss 1.1002 | val_acc=0.4681 val_loss=1.3305 val_f1_macro=0.3893 val_f1_weighted=0.4587 val_prec_macro=0.4105 val_rec_macro=0.3807 val_metric_name=acc val_metric=0.4681
Step 1350 | loss 1.0880 | val_acc=0.4677 val_loss=1.3399 val_f1_macro=0.3901 val_f1_weighted=0.4591 val_prec_macro=0.4077 val_rec_macro=0.3824 val_metric_name=acc val_metric=0.4677
Step 1400 | loss 1.0826 | val_acc=0.4669 val_loss=1.3464 val_f1_macro=0.3922 val_f1_weighted=0.4588 val_prec_macro=0.4065 val_rec_macro=0.3855 val_metric_name=acc val_metric=0.4669
Step 1450 | loss 1.0658 | val_acc=0.4658 val_loss=1.3509 val_f1_macro=0.3932 val_f1_weighted=0.4582 val_prec_macro=0.4077 val_rec_macro=0.3866 val_metric_name=acc val_metric=0.4658
Step 1500 | loss 1.0615 | val_acc=0.4630 val_loss=1.3625 val_f1_macro=0.3937 val_f1_weighted=0.4561 val_prec_macro=0.4064 val_rec_macro=0.3880 val_metric_name=acc val_metric=0.4630
Step 1550 | loss 1.0593 | val_acc=0.4674 val_loss=1.3635 val_f1_macro=0.3929 val_f1_weighted=0.4588 val_prec_macro=0.4066 val_rec_macro=0.3874 val_metric_name=acc val_metric=0.4674
Step 1600 | loss 1.0464 | val_acc=0.4632 val_loss=1.3753 val_f1_macro=0.3928 val_f1_weighted=0.4567 val_prec_macro=0.4054 val_rec_macro=0.3866 val_metric_name=acc val_metric=0.4632
Step 1650 | loss 1.0420 | val_acc=0.4633 val_loss=1.3805 val_f1_macro=0.3932 val_f1_weighted=0.4573 val_prec_macro=0.4050 val_rec_macro=0.3873 val_metric_name=acc val_metric=0.4633
Step 1700 | loss 1.0353 | val_acc=0.4617 val_loss=1.3823 val_f1_macro=0.3910 val_f1_weighted=0.4561 val_prec_macro=0.4008 val_rec_macro=0.3853 val_metric_name=acc val_metric=0.4617
Step 1750 | loss 1.0297 | val_acc=0.4632 val_loss=1.3948 val_f1_macro=0.3953 val_f1_weighted=0.4579 val_prec_macro=0.4032 val_rec_macro=0.3916 val_metric_name=acc val_metric=0.4632
Step 1800 | loss 1.0242 | val_acc=0.4614 val_loss=1.3981 val_f1_macro=0.3943 val_f1_weighted=0.4555 val_prec_macro=0.4016 val_rec_macro=0.3909 val_metric_name=acc val_metric=0.4614
Step 1850 | loss 1.0133 | val_acc=0.4637 val_loss=1.4067 val_f1_macro=0.3950 val_f1_weighted=0.4572 val_prec_macro=0.4032 val_rec_macro=0.3922 val_metric_name=acc val_metric=0.4637
Early stopping at step 1860

--- Final (best ckpt @ step 1560) ---
  train_acc=0.5895 train_loss=0.9650 train_f1_macro=0.5265 train_f1_weighted=0.5832 train_prec_macro=0.5530 train_rec_macro=0.5136 train_metric_name=acc train_metric=0.5895
  val_acc=0.4705 val_loss=1.3610 val_f1_macro=0.3942 val_f1_weighted=0.4609 val_prec_macro=0.4135 val_rec_macro=0.3869 val_metric_name=acc val_metric=0.4705
  test_acc=0.4684 test_loss=1.3730 test_f1_macro=0.3876 test_f1_weighted=0.4601 test_prec_macro=0.4012 test_rec_macro=0.3836 test_metric_name=acc test_metric=0.4684
  test_acc=0.4684

============================================================
Training amazon-ratings GAT 5L h=512 lr=3e-05 split=4
============================================================
Training for 5000 steps
Step    1 | loss 1.8094 | val_acc=0.3663 val_loss=1.4456 val_f1_macro=0.1398 val_f1_weighted=0.2393 val_prec_macro=0.2875 val_rec_macro=0.2056 val_metric_name=acc val_metric=0.3663
Step   50 | loss 1.3950 | val_acc=0.3898 val_loss=1.3712 val_f1_macro=0.1710 val_f1_weighted=0.2818 val_prec_macro=0.2159 val_rec_macro=0.2256 val_metric_name=acc val_metric=0.3898
Step  100 | loss 1.3495 | val_acc=0.4065 val_loss=1.3405 val_f1_macro=0.2132 val_f1_weighted=0.3334 val_prec_macro=0.2377 val_rec_macro=0.2467 val_metric_name=acc val_metric=0.4065
Step  150 | loss 1.3124 | val_acc=0.4230 val_loss=1.3223 val_f1_macro=0.2627 val_f1_weighted=0.3802 val_prec_macro=0.4176 val_rec_macro=0.2754 val_metric_name=acc val_metric=0.4230
Step  200 | loss 1.2653 | val_acc=0.4421 val_loss=1.3182 val_f1_macro=0.2924 val_f1_weighted=0.4033 val_prec_macro=0.4175 val_rec_macro=0.2970 val_metric_name=acc val_metric=0.4421
Step  250 | loss 1.2248 | val_acc=0.4504 val_loss=1.3136 val_f1_macro=0.3177 val_f1_weighted=0.4153 val_prec_macro=0.4189 val_rec_macro=0.3146 val_metric_name=acc val_metric=0.4504
Step  300 | loss 1.1857 | val_acc=0.4635 val_loss=1.3044 val_f1_macro=0.3576 val_f1_weighted=0.4373 val_prec_macro=0.4333 val_rec_macro=0.3464 val_metric_name=acc val_metric=0.4635
Step  350 | loss 1.1543 | val_acc=0.4653 val_loss=1.3093 val_f1_macro=0.3687 val_f1_weighted=0.4483 val_prec_macro=0.4194 val_rec_macro=0.3569 val_metric_name=acc val_metric=0.4653
Step  400 | loss 1.1204 | val_acc=0.4704 val_loss=1.3247 val_f1_macro=0.3737 val_f1_weighted=0.4517 val_prec_macro=0.4318 val_rec_macro=0.3610 val_metric_name=acc val_metric=0.4704
Step  450 | loss 1.0869 | val_acc=0.4720 val_loss=1.3405 val_f1_macro=0.3865 val_f1_weighted=0.4579 val_prec_macro=0.4248 val_rec_macro=0.3737 val_metric_name=acc val_metric=0.4720
Step  500 | loss 1.0572 | val_acc=0.4735 val_loss=1.3543 val_f1_macro=0.3977 val_f1_weighted=0.4636 val_prec_macro=0.4196 val_rec_macro=0.3891 val_metric_name=acc val_metric=0.4735
Step  550 | loss 1.0361 | val_acc=0.4723 val_loss=1.3839 val_f1_macro=0.3992 val_f1_weighted=0.4636 val_prec_macro=0.4179 val_rec_macro=0.3912 val_metric_name=acc val_metric=0.4723
Step  600 | loss 1.0179 | val_acc=0.4751 val_loss=1.3959 val_f1_macro=0.4030 val_f1_weighted=0.4667 val_prec_macro=0.4259 val_rec_macro=0.3927 val_metric_name=acc val_metric=0.4751
Step  650 | loss 0.9924 | val_acc=0.4731 val_loss=1.4088 val_f1_macro=0.4036 val_f1_weighted=0.4661 val_prec_macro=0.4212 val_rec_macro=0.3951 val_metric_name=acc val_metric=0.4731
Step  700 | loss 0.9684 | val_acc=0.4730 val_loss=1.4341 val_f1_macro=0.4014 val_f1_weighted=0.4663 val_prec_macro=0.4156 val_rec_macro=0.3935 val_metric_name=acc val_metric=0.4730
Step  750 | loss 0.9539 | val_acc=0.4754 val_loss=1.4406 val_f1_macro=0.4027 val_f1_weighted=0.4688 val_prec_macro=0.4179 val_rec_macro=0.3940 val_metric_name=acc val_metric=0.4754
Step  800 | loss 0.9338 | val_acc=0.4738 val_loss=1.4751 val_f1_macro=0.4026 val_f1_weighted=0.4690 val_prec_macro=0.4109 val_rec_macro=0.3979 val_metric_name=acc val_metric=0.4738
Step  850 | loss 0.9114 | val_acc=0.4735 val_loss=1.4974 val_f1_macro=0.4073 val_f1_weighted=0.4702 val_prec_macro=0.4139 val_rec_macro=0.4029 val_metric_name=acc val_metric=0.4735
Step  900 | loss 0.9034 | val_acc=0.4759 val_loss=1.5105 val_f1_macro=0.4088 val_f1_weighted=0.4723 val_prec_macro=0.4132 val_rec_macro=0.4062 val_metric_name=acc val_metric=0.4759
Step  950 | loss 0.8759 | val_acc=0.4754 val_loss=1.5561 val_f1_macro=0.4109 val_f1_weighted=0.4729 val_prec_macro=0.4114 val_rec_macro=0.4125 val_metric_name=acc val_metric=0.4754
Step 1000 | loss 0.8635 | val_acc=0.4798 val_loss=1.5490 val_f1_macro=0.4149 val_f1_weighted=0.4768 val_prec_macro=0.4204 val_rec_macro=0.4114 val_metric_name=acc val_metric=0.4798
Step 1050 | loss 0.8515 | val_acc=0.4869 val_loss=1.5737 val_f1_macro=0.4198 val_f1_weighted=0.4826 val_prec_macro=0.4258 val_rec_macro=0.4165 val_metric_name=acc val_metric=0.4869
Step 1100 | loss 0.8349 | val_acc=0.4895 val_loss=1.6064 val_f1_macro=0.4208 val_f1_weighted=0.4857 val_prec_macro=0.4267 val_rec_macro=0.4171 val_metric_name=acc val_metric=0.4895
Step 1150 | loss 0.8182 | val_acc=0.4859 val_loss=1.6407 val_f1_macro=0.4186 val_f1_weighted=0.4825 val_prec_macro=0.4244 val_rec_macro=0.4150 val_metric_name=acc val_metric=0.4859
Step 1200 | loss 0.8074 | val_acc=0.4918 val_loss=1.6599 val_f1_macro=0.4241 val_f1_weighted=0.4881 val_prec_macro=0.4298 val_rec_macro=0.4208 val_metric_name=acc val_metric=0.4918
Step 1250 | loss 0.7896 | val_acc=0.4950 val_loss=1.6879 val_f1_macro=0.4258 val_f1_weighted=0.4913 val_prec_macro=0.4331 val_rec_macro=0.4211 val_metric_name=acc val_metric=0.4950
Step 1300 | loss 0.7766 | val_acc=0.4934 val_loss=1.7231 val_f1_macro=0.4227 val_f1_weighted=0.4890 val_prec_macro=0.4304 val_rec_macro=0.4179 val_metric_name=acc val_metric=0.4934
Step 1350 | loss 0.7651 | val_acc=0.4980 val_loss=1.7363 val_f1_macro=0.4305 val_f1_weighted=0.4936 val_prec_macro=0.4386 val_rec_macro=0.4255 val_metric_name=acc val_metric=0.4980
Step 1400 | loss 0.7468 | val_acc=0.4967 val_loss=1.7696 val_f1_macro=0.4331 val_f1_weighted=0.4927 val_prec_macro=0.4397 val_rec_macro=0.4288 val_metric_name=acc val_metric=0.4967
Step 1450 | loss 0.7402 | val_acc=0.4960 val_loss=1.7923 val_f1_macro=0.4340 val_f1_weighted=0.4928 val_prec_macro=0.4406 val_rec_macro=0.4291 val_metric_name=acc val_metric=0.4960
Step 1500 | loss 0.7243 | val_acc=0.4976 val_loss=1.8300 val_f1_macro=0.4343 val_f1_weighted=0.4951 val_prec_macro=0.4373 val_rec_macro=0.4323 val_metric_name=acc val_metric=0.4976
Step 1550 | loss 0.7030 | val_acc=0.5047 val_loss=1.8489 val_f1_macro=0.4402 val_f1_weighted=0.5015 val_prec_macro=0.4459 val_rec_macro=0.4363 val_metric_name=acc val_metric=0.5047
Step 1600 | loss 0.6895 | val_acc=0.5020 val_loss=1.8763 val_f1_macro=0.4421 val_f1_weighted=0.4994 val_prec_macro=0.4470 val_rec_macro=0.4386 val_metric_name=acc val_metric=0.5020
Step 1650 | loss 0.6767 | val_acc=0.5033 val_loss=1.9085 val_f1_macro=0.4394 val_f1_weighted=0.5006 val_prec_macro=0.4448 val_rec_macro=0.4356 val_metric_name=acc val_metric=0.5033
Step 1700 | loss 0.6598 | val_acc=0.5053 val_loss=1.9485 val_f1_macro=0.4435 val_f1_weighted=0.5031 val_prec_macro=0.4461 val_rec_macro=0.4420 val_metric_name=acc val_metric=0.5053
Step 1750 | loss 0.6458 | val_acc=0.5045 val_loss=1.9561 val_f1_macro=0.4457 val_f1_weighted=0.5021 val_prec_macro=0.4502 val_rec_macro=0.4423 val_metric_name=acc val_metric=0.5045
Step 1800 | loss 0.6364 | val_acc=0.5029 val_loss=1.9983 val_f1_macro=0.4413 val_f1_weighted=0.5011 val_prec_macro=0.4431 val_rec_macro=0.4405 val_metric_name=acc val_metric=0.5029
Step 1850 | loss 0.6199 | val_acc=0.5055 val_loss=2.0365 val_f1_macro=0.4455 val_f1_weighted=0.5032 val_prec_macro=0.4494 val_rec_macro=0.4429 val_metric_name=acc val_metric=0.5055
Step 1900 | loss 0.6014 | val_acc=0.5051 val_loss=2.0669 val_f1_macro=0.4415 val_f1_weighted=0.5028 val_prec_macro=0.4452 val_rec_macro=0.4393 val_metric_name=acc val_metric=0.5051
Step 1950 | loss 0.5904 | val_acc=0.5096 val_loss=2.1061 val_f1_macro=0.4484 val_f1_weighted=0.5073 val_prec_macro=0.4533 val_rec_macro=0.4447 val_metric_name=acc val_metric=0.5096
Step 2000 | loss 0.5824 | val_acc=0.5058 val_loss=2.1373 val_f1_macro=0.4464 val_f1_weighted=0.5044 val_prec_macro=0.4492 val_rec_macro=0.4442 val_metric_name=acc val_metric=0.5058
Step 2050 | loss 0.5722 | val_acc=0.5096 val_loss=2.1551 val_f1_macro=0.4511 val_f1_weighted=0.5077 val_prec_macro=0.4567 val_rec_macro=0.4466 val_metric_name=acc val_metric=0.5096
Step 2100 | loss 0.5589 | val_acc=0.5104 val_loss=2.2014 val_f1_macro=0.4506 val_f1_weighted=0.5084 val_prec_macro=0.4537 val_rec_macro=0.4483 val_metric_name=acc val_metric=0.5104
Step 2150 | loss 0.5477 | val_acc=0.5102 val_loss=2.2406 val_f1_macro=0.4510 val_f1_weighted=0.5083 val_prec_macro=0.4550 val_rec_macro=0.4478 val_metric_name=acc val_metric=0.5102
Step 2200 | loss 0.5299 | val_acc=0.5115 val_loss=2.3015 val_f1_macro=0.4511 val_f1_weighted=0.5098 val_prec_macro=0.4534 val_rec_macro=0.4494 val_metric_name=acc val_metric=0.5115
Step 2250 | loss 0.5226 | val_acc=0.5104 val_loss=2.3136 val_f1_macro=0.4492 val_f1_weighted=0.5083 val_prec_macro=0.4525 val_rec_macro=0.4468 val_metric_name=acc val_metric=0.5104
Step 2300 | loss 0.5210 | val_acc=0.5122 val_loss=2.3450 val_f1_macro=0.4536 val_f1_weighted=0.5107 val_prec_macro=0.4566 val_rec_macro=0.4511 val_metric_name=acc val_metric=0.5122
Step 2350 | loss 0.5062 | val_acc=0.5136 val_loss=2.3781 val_f1_macro=0.4558 val_f1_weighted=0.5121 val_prec_macro=0.4584 val_rec_macro=0.4536 val_metric_name=acc val_metric=0.5136
Step 2400 | loss 0.4888 | val_acc=0.5084 val_loss=2.4156 val_f1_macro=0.4528 val_f1_weighted=0.5078 val_prec_macro=0.4538 val_rec_macro=0.4519 val_metric_name=acc val_metric=0.5084
Step 2450 | loss 0.4789 | val_acc=0.5148 val_loss=2.4439 val_f1_macro=0.4567 val_f1_weighted=0.5130 val_prec_macro=0.4609 val_rec_macro=0.4532 val_metric_name=acc val_metric=0.5148
Step 2500 | loss 0.4701 | val_acc=0.5099 val_loss=2.4898 val_f1_macro=0.4528 val_f1_weighted=0.5087 val_prec_macro=0.4554 val_rec_macro=0.4505 val_metric_name=acc val_metric=0.5099
Step 2550 | loss 0.4624 | val_acc=0.5153 val_loss=2.5221 val_f1_macro=0.4586 val_f1_weighted=0.5137 val_prec_macro=0.4630 val_rec_macro=0.4552 val_metric_name=acc val_metric=0.5153
Step 2600 | loss 0.4533 | val_acc=0.5068 val_loss=2.5378 val_f1_macro=0.4525 val_f1_weighted=0.5060 val_prec_macro=0.4543 val_rec_macro=0.4509 val_metric_name=acc val_metric=0.5068
Step 2650 | loss 0.4400 | val_acc=0.5107 val_loss=2.5940 val_f1_macro=0.4558 val_f1_weighted=0.5096 val_prec_macro=0.4587 val_rec_macro=0.4534 val_metric_name=acc val_metric=0.5107
Step 2700 | loss 0.4347 | val_acc=0.5143 val_loss=2.6150 val_f1_macro=0.4605 val_f1_weighted=0.5129 val_prec_macro=0.4650 val_rec_macro=0.4570 val_metric_name=acc val_metric=0.5143
Step 2750 | loss 0.4296 | val_acc=0.5110 val_loss=2.6646 val_f1_macro=0.4570 val_f1_weighted=0.5102 val_prec_macro=0.4583 val_rec_macro=0.4560 val_metric_name=acc val_metric=0.5110
Step 2800 | loss 0.4180 | val_acc=0.5099 val_loss=2.6912 val_f1_macro=0.4550 val_f1_weighted=0.5092 val_prec_macro=0.4574 val_rec_macro=0.4531 val_metric_name=acc val_metric=0.5099
Step 2850 | loss 0.4114 | val_acc=0.5128 val_loss=2.6906 val_f1_macro=0.4602 val_f1_weighted=0.5116 val_prec_macro=0.4643 val_rec_macro=0.4570 val_metric_name=acc val_metric=0.5128
Step 2900 | loss 0.4020 | val_acc=0.5141 val_loss=2.7644 val_f1_macro=0.4573 val_f1_weighted=0.5128 val_prec_macro=0.4606 val_rec_macro=0.4546 val_metric_name=acc val_metric=0.5141
Step 2950 | loss 0.3952 | val_acc=0.5130 val_loss=2.7800 val_f1_macro=0.4560 val_f1_weighted=0.5115 val_prec_macro=0.4604 val_rec_macro=0.4526 val_metric_name=acc val_metric=0.5130
Step 3000 | loss 0.3867 | val_acc=0.5120 val_loss=2.8015 val_f1_macro=0.4568 val_f1_weighted=0.5110 val_prec_macro=0.4596 val_rec_macro=0.4544 val_metric_name=acc val_metric=0.5120
Step 3050 | loss 0.3782 | val_acc=0.5117 val_loss=2.8708 val_f1_macro=0.4582 val_f1_weighted=0.5109 val_prec_macro=0.4623 val_rec_macro=0.4547 val_metric_name=acc val_metric=0.5117
Step 3100 | loss 0.3697 | val_acc=0.5138 val_loss=2.9082 val_f1_macro=0.4587 val_f1_weighted=0.5125 val_prec_macro=0.4624 val_rec_macro=0.4556 val_metric_name=acc val_metric=0.5138
Step 3150 | loss 0.3678 | val_acc=0.5128 val_loss=2.9232 val_f1_macro=0.4572 val_f1_weighted=0.5115 val_prec_macro=0.4627 val_rec_macro=0.4527 val_metric_name=acc val_metric=0.5128
Step 3200 | loss 0.3627 | val_acc=0.5122 val_loss=3.0042 val_f1_macro=0.4599 val_f1_weighted=0.5114 val_prec_macro=0.4623 val_rec_macro=0.4581 val_metric_name=acc val_metric=0.5122
Step 3250 | loss 0.3577 | val_acc=0.5166 val_loss=2.9914 val_f1_macro=0.4615 val_f1_weighted=0.5151 val_prec_macro=0.4678 val_rec_macro=0.4568 val_metric_name=acc val_metric=0.5166
Step 3300 | loss 0.3502 | val_acc=0.5146 val_loss=3.0048 val_f1_macro=0.4588 val_f1_weighted=0.5133 val_prec_macro=0.4634 val_rec_macro=0.4551 val_metric_name=acc val_metric=0.5146
Step 3350 | loss 0.3404 | val_acc=0.5172 val_loss=3.0541 val_f1_macro=0.4636 val_f1_weighted=0.5161 val_prec_macro=0.4691 val_rec_macro=0.4591 val_metric_name=acc val_metric=0.5172
Step 3400 | loss 0.3333 | val_acc=0.5128 val_loss=3.1100 val_f1_macro=0.4570 val_f1_weighted=0.5120 val_prec_macro=0.4603 val_rec_macro=0.4543 val_metric_name=acc val_metric=0.5128
Step 3450 | loss 0.3262 | val_acc=0.5184 val_loss=3.1500 val_f1_macro=0.4640 val_f1_weighted=0.5171 val_prec_macro=0.4693 val_rec_macro=0.4597 val_metric_name=acc val_metric=0.5184
Step 3500 | loss 0.3274 | val_acc=0.5156 val_loss=3.1527 val_f1_macro=0.4620 val_f1_weighted=0.5146 val_prec_macro=0.4653 val_rec_macro=0.4592 val_metric_name=acc val_metric=0.5156
Step 3550 | loss 0.3233 | val_acc=0.5148 val_loss=3.1838 val_f1_macro=0.4619 val_f1_weighted=0.5137 val_prec_macro=0.4660 val_rec_macro=0.4585 val_metric_name=acc val_metric=0.5148
Step 3600 | loss 0.3136 | val_acc=0.5149 val_loss=3.1832 val_f1_macro=0.4625 val_f1_weighted=0.5136 val_prec_macro=0.4684 val_rec_macro=0.4579 val_metric_name=acc val_metric=0.5149
Step 3650 | loss 0.3116 | val_acc=0.5125 val_loss=3.2543 val_f1_macro=0.4613 val_f1_weighted=0.5119 val_prec_macro=0.4640 val_rec_macro=0.4590 val_metric_name=acc val_metric=0.5125
Step 3700 | loss 0.3073 | val_acc=0.5143 val_loss=3.2710 val_f1_macro=0.4621 val_f1_weighted=0.5137 val_prec_macro=0.4665 val_rec_macro=0.4585 val_metric_name=acc val_metric=0.5143
Step 3750 | loss 0.2964 | val_acc=0.5174 val_loss=3.2617 val_f1_macro=0.4647 val_f1_weighted=0.5161 val_prec_macro=0.4705 val_rec_macro=0.4600 val_metric_name=acc val_metric=0.5174
Step 3800 | loss 0.2979 | val_acc=0.5159 val_loss=3.3292 val_f1_macro=0.4664 val_f1_weighted=0.5153 val_prec_macro=0.4706 val_rec_macro=0.4629 val_metric_name=acc val_metric=0.5159
Step 3850 | loss 0.2901 | val_acc=0.5169 val_loss=3.3596 val_f1_macro=0.4685 val_f1_weighted=0.5158 val_prec_macro=0.4744 val_rec_macro=0.4637 val_metric_name=acc val_metric=0.5169
Step 3900 | loss 0.2901 | val_acc=0.5135 val_loss=3.3858 val_f1_macro=0.4622 val_f1_weighted=0.5123 val_prec_macro=0.4687 val_rec_macro=0.4571 val_metric_name=acc val_metric=0.5135
Step 3950 | loss 0.2762 | val_acc=0.5145 val_loss=3.4092 val_f1_macro=0.4632 val_f1_weighted=0.5136 val_prec_macro=0.4663 val_rec_macro=0.4605 val_metric_name=acc val_metric=0.5145
Step 4000 | loss 0.2805 | val_acc=0.5169 val_loss=3.4410 val_f1_macro=0.4687 val_f1_weighted=0.5159 val_prec_macro=0.4771 val_rec_macro=0.4623 val_metric_name=acc val_metric=0.5169
Step 4050 | loss 0.2770 | val_acc=0.5171 val_loss=3.4631 val_f1_macro=0.4672 val_f1_weighted=0.5160 val_prec_macro=0.4731 val_rec_macro=0.4623 val_metric_name=acc val_metric=0.5171
Step 4100 | loss 0.2684 | val_acc=0.5141 val_loss=3.4782 val_f1_macro=0.4633 val_f1_weighted=0.5130 val_prec_macro=0.4697 val_rec_macro=0.4579 val_metric_name=acc val_metric=0.5141
Step 4150 | loss 0.2697 | val_acc=0.5171 val_loss=3.5084 val_f1_macro=0.4679 val_f1_weighted=0.5160 val_prec_macro=0.4724 val_rec_macro=0.4640 val_metric_name=acc val_metric=0.5171
Step 4200 | loss 0.2581 | val_acc=0.5195 val_loss=3.5468 val_f1_macro=0.4689 val_f1_weighted=0.5186 val_prec_macro=0.4738 val_rec_macro=0.4649 val_metric_name=acc val_metric=0.5195
Step 4250 | loss 0.2675 | val_acc=0.5171 val_loss=3.6045 val_f1_macro=0.4680 val_f1_weighted=0.5166 val_prec_macro=0.4714 val_rec_macro=0.4650 val_metric_name=acc val_metric=0.5171
Step 4300 | loss 0.2503 | val_acc=0.5163 val_loss=3.5876 val_f1_macro=0.4661 val_f1_weighted=0.5153 val_prec_macro=0.4730 val_rec_macro=0.4607 val_metric_name=acc val_metric=0.5163
Step 4350 | loss 0.2483 | val_acc=0.5174 val_loss=3.6130 val_f1_macro=0.4664 val_f1_weighted=0.5162 val_prec_macro=0.4734 val_rec_macro=0.4608 val_metric_name=acc val_metric=0.5174
Step 4400 | loss 0.2480 | val_acc=0.5176 val_loss=3.6523 val_f1_macro=0.4648 val_f1_weighted=0.5163 val_prec_macro=0.4710 val_rec_macro=0.4596 val_metric_name=acc val_metric=0.5176
Step 4450 | loss 0.2465 | val_acc=0.5210 val_loss=3.6972 val_f1_macro=0.4703 val_f1_weighted=0.5198 val_prec_macro=0.4764 val_rec_macro=0.4653 val_metric_name=acc val_metric=0.5210
Step 4500 | loss 0.2464 | val_acc=0.5190 val_loss=3.7458 val_f1_macro=0.4692 val_f1_weighted=0.5181 val_prec_macro=0.4737 val_rec_macro=0.4652 val_metric_name=acc val_metric=0.5190
Step 4550 | loss 0.2366 | val_acc=0.5141 val_loss=3.7247 val_f1_macro=0.4648 val_f1_weighted=0.5134 val_prec_macro=0.4709 val_rec_macro=0.4598 val_metric_name=acc val_metric=0.5141
Step 4600 | loss 0.2333 | val_acc=0.5189 val_loss=3.7635 val_f1_macro=0.4673 val_f1_weighted=0.5178 val_prec_macro=0.4729 val_rec_macro=0.4626 val_metric_name=acc val_metric=0.5189
Step 4650 | loss 0.2287 | val_acc=0.5208 val_loss=3.7646 val_f1_macro=0.4694 val_f1_weighted=0.5197 val_prec_macro=0.4746 val_rec_macro=0.4649 val_metric_name=acc val_metric=0.5208
Step 4700 | loss 0.2248 | val_acc=0.5182 val_loss=3.8116 val_f1_macro=0.4692 val_f1_weighted=0.5173 val_prec_macro=0.4760 val_rec_macro=0.4638 val_metric_name=acc val_metric=0.5182
Step 4750 | loss 0.2238 | val_acc=0.5205 val_loss=3.7982 val_f1_macro=0.4676 val_f1_weighted=0.5196 val_prec_macro=0.4726 val_rec_macro=0.4633 val_metric_name=acc val_metric=0.5205
Step 4800 | loss 0.2265 | val_acc=0.5189 val_loss=3.8350 val_f1_macro=0.4676 val_f1_weighted=0.5177 val_prec_macro=0.4737 val_rec_macro=0.4624 val_metric_name=acc val_metric=0.5189
Step 4850 | loss 0.2162 | val_acc=0.5177 val_loss=3.8672 val_f1_macro=0.4685 val_f1_weighted=0.5169 val_prec_macro=0.4743 val_rec_macro=0.4636 val_metric_name=acc val_metric=0.5177
Step 4900 | loss 0.2104 | val_acc=0.5154 val_loss=3.8990 val_f1_macro=0.4667 val_f1_weighted=0.5146 val_prec_macro=0.4717 val_rec_macro=0.4624 val_metric_name=acc val_metric=0.5154
Step 4950 | loss 0.2176 | val_acc=0.5176 val_loss=3.8764 val_f1_macro=0.4681 val_f1_weighted=0.5168 val_prec_macro=0.4735 val_rec_macro=0.4635 val_metric_name=acc val_metric=0.5176
Step 5000 | loss 0.2123 | val_acc=0.5216 val_loss=3.9627 val_f1_macro=0.4734 val_f1_weighted=0.5209 val_prec_macro=0.4791 val_rec_macro=0.4687 val_metric_name=acc val_metric=0.5216

--- Final (best ckpt @ step 4690) ---
  train_acc=0.9465 train_loss=0.1311 train_f1_macro=0.9414 train_f1_weighted=0.9465 train_prec_macro=0.9417 train_rec_macro=0.9410 train_metric_name=acc train_metric=0.9465
  val_acc=0.5218 val_loss=3.7835 val_f1_macro=0.4702 val_f1_weighted=0.5207 val_prec_macro=0.4764 val_rec_macro=0.4651 val_metric_name=acc val_metric=0.5218
  test_acc=0.5146 test_loss=3.7796 test_f1_macro=0.4518 test_f1_weighted=0.5136 test_prec_macro=0.4563 test_rec_macro=0.4481 test_metric_name=acc test_metric=0.5146
  test_acc=0.5146

============================================================
Training amazon-ratings GAT 5L h=512 lr=6e-05 split=4
============================================================
Training for 5000 steps
Step    1 | loss 1.8094 | val_acc=0.3678 val_loss=1.5366 val_f1_macro=0.1076 val_f1_weighted=0.1978 val_prec_macro=0.0736 val_rec_macro=0.2000 val_metric_name=acc val_metric=0.3678
Step   50 | loss 1.3714 | val_acc=0.4019 val_loss=1.3556 val_f1_macro=0.2026 val_f1_weighted=0.3206 val_prec_macro=0.2347 val_rec_macro=0.2404 val_metric_name=acc val_metric=0.4019
Step  100 | loss 1.3160 | val_acc=0.4205 val_loss=1.3241 val_f1_macro=0.2494 val_f1_weighted=0.3697 val_prec_macro=0.3865 val_rec_macro=0.2684 val_metric_name=acc val_metric=0.4205
Step  150 | loss 1.2667 | val_acc=0.4450 val_loss=1.3091 val_f1_macro=0.3048 val_f1_weighted=0.4117 val_prec_macro=0.4063 val_rec_macro=0.3054 val_metric_name=acc val_metric=0.4450
Step  200 | loss 1.1944 | val_acc=0.4632 val_loss=1.2997 val_f1_macro=0.3554 val_f1_weighted=0.4361 val_prec_macro=0.4260 val_rec_macro=0.3462 val_metric_name=acc val_metric=0.4632
Step  250 | loss 1.1406 | val_acc=0.4674 val_loss=1.3178 val_f1_macro=0.3616 val_f1_weighted=0.4415 val_prec_macro=0.4258 val_rec_macro=0.3535 val_metric_name=acc val_metric=0.4674
Step  300 | loss 1.0827 | val_acc=0.4733 val_loss=1.3339 val_f1_macro=0.3849 val_f1_weighted=0.4598 val_prec_macro=0.4492 val_rec_macro=0.3684 val_metric_name=acc val_metric=0.4733
Step  350 | loss 1.0414 | val_acc=0.4733 val_loss=1.3668 val_f1_macro=0.3924 val_f1_weighted=0.4605 val_prec_macro=0.4239 val_rec_macro=0.3805 val_metric_name=acc val_metric=0.4733
Step  400 | loss 1.0027 | val_acc=0.4723 val_loss=1.4103 val_f1_macro=0.4037 val_f1_weighted=0.4668 val_prec_macro=0.4164 val_rec_macro=0.3967 val_metric_name=acc val_metric=0.4723
Step  450 | loss 0.9637 | val_acc=0.4777 val_loss=1.4428 val_f1_macro=0.4034 val_f1_weighted=0.4700 val_prec_macro=0.4186 val_rec_macro=0.3967 val_metric_name=acc val_metric=0.4777
Step  500 | loss 0.9260 | val_acc=0.4772 val_loss=1.4832 val_f1_macro=0.4098 val_f1_weighted=0.4723 val_prec_macro=0.4171 val_rec_macro=0.4078 val_metric_name=acc val_metric=0.4772
Step  550 | loss 0.8976 | val_acc=0.4806 val_loss=1.5171 val_f1_macro=0.4126 val_f1_weighted=0.4749 val_prec_macro=0.4218 val_rec_macro=0.4089 val_metric_name=acc val_metric=0.4806
Step  600 | loss 0.8746 | val_acc=0.4775 val_loss=1.5581 val_f1_macro=0.4107 val_f1_weighted=0.4735 val_prec_macro=0.4158 val_rec_macro=0.4085 val_metric_name=acc val_metric=0.4775
Step  650 | loss 0.8401 | val_acc=0.4826 val_loss=1.5778 val_f1_macro=0.4152 val_f1_weighted=0.4792 val_prec_macro=0.4219 val_rec_macro=0.4114 val_metric_name=acc val_metric=0.4826
Step  700 | loss 0.8064 | val_acc=0.4870 val_loss=1.6441 val_f1_macro=0.4202 val_f1_weighted=0.4847 val_prec_macro=0.4229 val_rec_macro=0.4184 val_metric_name=acc val_metric=0.4870
Step  750 | loss 0.7873 | val_acc=0.4891 val_loss=1.6637 val_f1_macro=0.4231 val_f1_weighted=0.4850 val_prec_macro=0.4332 val_rec_macro=0.4164 val_metric_name=acc val_metric=0.4891
Step  800 | loss 0.7606 | val_acc=0.4947 val_loss=1.7107 val_f1_macro=0.4271 val_f1_weighted=0.4911 val_prec_macro=0.4345 val_rec_macro=0.4224 val_metric_name=acc val_metric=0.4947
Step  850 | loss 0.7287 | val_acc=0.4958 val_loss=1.7744 val_f1_macro=0.4294 val_f1_weighted=0.4926 val_prec_macro=0.4385 val_rec_macro=0.4228 val_metric_name=acc val_metric=0.4958
Step  900 | loss 0.7103 | val_acc=0.5032 val_loss=1.8073 val_f1_macro=0.4414 val_f1_weighted=0.5005 val_prec_macro=0.4455 val_rec_macro=0.4386 val_metric_name=acc val_metric=0.5032
Step  950 | loss 0.6730 | val_acc=0.4976 val_loss=1.8808 val_f1_macro=0.4392 val_f1_weighted=0.4960 val_prec_macro=0.4424 val_rec_macro=0.4370 val_metric_name=acc val_metric=0.4976
Step 1000 | loss 0.6521 | val_acc=0.5033 val_loss=1.9203 val_f1_macro=0.4439 val_f1_weighted=0.5017 val_prec_macro=0.4478 val_rec_macro=0.4408 val_metric_name=acc val_metric=0.5033
Step 1050 | loss 0.6301 | val_acc=0.5053 val_loss=1.9750 val_f1_macro=0.4420 val_f1_weighted=0.5028 val_prec_macro=0.4473 val_rec_macro=0.4383 val_metric_name=acc val_metric=0.5053
Step 1100 | loss 0.6039 | val_acc=0.5037 val_loss=2.0544 val_f1_macro=0.4431 val_f1_weighted=0.5017 val_prec_macro=0.4487 val_rec_macro=0.4387 val_metric_name=acc val_metric=0.5037
Step 1150 | loss 0.5771 | val_acc=0.5066 val_loss=2.1005 val_f1_macro=0.4438 val_f1_weighted=0.5037 val_prec_macro=0.4525 val_rec_macro=0.4372 val_metric_name=acc val_metric=0.5066
Step 1200 | loss 0.5609 | val_acc=0.5082 val_loss=2.1859 val_f1_macro=0.4497 val_f1_weighted=0.5064 val_prec_macro=0.4527 val_rec_macro=0.4478 val_metric_name=acc val_metric=0.5082
Step 1250 | loss 0.5356 | val_acc=0.5120 val_loss=2.2295 val_f1_macro=0.4519 val_f1_weighted=0.5093 val_prec_macro=0.4615 val_rec_macro=0.4453 val_metric_name=acc val_metric=0.5120
Step 1300 | loss 0.5095 | val_acc=0.5115 val_loss=2.3118 val_f1_macro=0.4522 val_f1_weighted=0.5091 val_prec_macro=0.4593 val_rec_macro=0.4468 val_metric_name=acc val_metric=0.5115
Step 1350 | loss 0.4896 | val_acc=0.5118 val_loss=2.3476 val_f1_macro=0.4497 val_f1_weighted=0.5090 val_prec_macro=0.4587 val_rec_macro=0.4431 val_metric_name=acc val_metric=0.5118
Step 1400 | loss 0.4756 | val_acc=0.5110 val_loss=2.4394 val_f1_macro=0.4544 val_f1_weighted=0.5094 val_prec_macro=0.4606 val_rec_macro=0.4496 val_metric_name=acc val_metric=0.5110
Step 1450 | loss 0.4632 | val_acc=0.5100 val_loss=2.4568 val_f1_macro=0.4529 val_f1_weighted=0.5087 val_prec_macro=0.4573 val_rec_macro=0.4493 val_metric_name=acc val_metric=0.5100
Step 1500 | loss 0.4387 | val_acc=0.5110 val_loss=2.5829 val_f1_macro=0.4535 val_f1_weighted=0.5098 val_prec_macro=0.4558 val_rec_macro=0.4519 val_metric_name=acc val_metric=0.5110
Step 1550 | loss 0.4247 | val_acc=0.5167 val_loss=2.6028 val_f1_macro=0.4603 val_f1_weighted=0.5150 val_prec_macro=0.4652 val_rec_macro=0.4563 val_metric_name=acc val_metric=0.5167
Step 1600 | loss 0.4025 | val_acc=0.5169 val_loss=2.6784 val_f1_macro=0.4592 val_f1_weighted=0.5152 val_prec_macro=0.4659 val_rec_macro=0.4544 val_metric_name=acc val_metric=0.5169
Step 1650 | loss 0.3910 | val_acc=0.5159 val_loss=2.7299 val_f1_macro=0.4599 val_f1_weighted=0.5145 val_prec_macro=0.4636 val_rec_macro=0.4571 val_metric_name=acc val_metric=0.5159
Step 1700 | loss 0.3826 | val_acc=0.5166 val_loss=2.7723 val_f1_macro=0.4595 val_f1_weighted=0.5150 val_prec_macro=0.4641 val_rec_macro=0.4558 val_metric_name=acc val_metric=0.5166
Step 1750 | loss 0.3641 | val_acc=0.5138 val_loss=2.8251 val_f1_macro=0.4587 val_f1_weighted=0.5127 val_prec_macro=0.4621 val_rec_macro=0.4562 val_metric_name=acc val_metric=0.5138
Step 1800 | loss 0.3576 | val_acc=0.5135 val_loss=2.9104 val_f1_macro=0.4569 val_f1_weighted=0.5120 val_prec_macro=0.4617 val_rec_macro=0.4531 val_metric_name=acc val_metric=0.5135
Step 1850 | loss 0.3431 | val_acc=0.5180 val_loss=2.9745 val_f1_macro=0.4645 val_f1_weighted=0.5169 val_prec_macro=0.4674 val_rec_macro=0.4622 val_metric_name=acc val_metric=0.5180
Step 1900 | loss 0.3316 | val_acc=0.5151 val_loss=3.0402 val_f1_macro=0.4611 val_f1_weighted=0.5139 val_prec_macro=0.4646 val_rec_macro=0.4584 val_metric_name=acc val_metric=0.5151
Step 1950 | loss 0.3212 | val_acc=0.5109 val_loss=3.0615 val_f1_macro=0.4527 val_f1_weighted=0.5100 val_prec_macro=0.4539 val_rec_macro=0.4520 val_metric_name=acc val_metric=0.5109
Step 2000 | loss 0.3054 | val_acc=0.5194 val_loss=3.1672 val_f1_macro=0.4625 val_f1_weighted=0.5183 val_prec_macro=0.4656 val_rec_macro=0.4604 val_metric_name=acc val_metric=0.5194
Step 2050 | loss 0.3000 | val_acc=0.5130 val_loss=3.1983 val_f1_macro=0.4576 val_f1_weighted=0.5116 val_prec_macro=0.4612 val_rec_macro=0.4548 val_metric_name=acc val_metric=0.5130
Step 2100 | loss 0.2955 | val_acc=0.5149 val_loss=3.2382 val_f1_macro=0.4600 val_f1_weighted=0.5134 val_prec_macro=0.4647 val_rec_macro=0.4562 val_metric_name=acc val_metric=0.5149
Step 2150 | loss 0.2830 | val_acc=0.5154 val_loss=3.3331 val_f1_macro=0.4616 val_f1_weighted=0.5145 val_prec_macro=0.4657 val_rec_macro=0.4583 val_metric_name=acc val_metric=0.5154
Step 2200 | loss 0.2710 | val_acc=0.5189 val_loss=3.4111 val_f1_macro=0.4667 val_f1_weighted=0.5180 val_prec_macro=0.4711 val_rec_macro=0.4635 val_metric_name=acc val_metric=0.5189
Step 2250 | loss 0.2671 | val_acc=0.5146 val_loss=3.4122 val_f1_macro=0.4617 val_f1_weighted=0.5138 val_prec_macro=0.4643 val_rec_macro=0.4598 val_metric_name=acc val_metric=0.5146
Step 2300 | loss 0.2600 | val_acc=0.5172 val_loss=3.4113 val_f1_macro=0.4652 val_f1_weighted=0.5157 val_prec_macro=0.4700 val_rec_macro=0.4621 val_metric_name=acc val_metric=0.5172
Step 2350 | loss 0.2550 | val_acc=0.5159 val_loss=3.5079 val_f1_macro=0.4635 val_f1_weighted=0.5149 val_prec_macro=0.4679 val_rec_macro=0.4602 val_metric_name=acc val_metric=0.5159
Step 2400 | loss 0.2481 | val_acc=0.5187 val_loss=3.5519 val_f1_macro=0.4680 val_f1_weighted=0.5182 val_prec_macro=0.4721 val_rec_macro=0.4652 val_metric_name=acc val_metric=0.5187
Step 2450 | loss 0.2418 | val_acc=0.5194 val_loss=3.5934 val_f1_macro=0.4664 val_f1_weighted=0.5185 val_prec_macro=0.4717 val_rec_macro=0.4628 val_metric_name=acc val_metric=0.5194
Step 2500 | loss 0.2290 | val_acc=0.5189 val_loss=3.6298 val_f1_macro=0.4640 val_f1_weighted=0.5178 val_prec_macro=0.4670 val_rec_macro=0.4616 val_metric_name=acc val_metric=0.5189
Step 2550 | loss 0.2272 | val_acc=0.5163 val_loss=3.6972 val_f1_macro=0.4630 val_f1_weighted=0.5152 val_prec_macro=0.4681 val_rec_macro=0.4592 val_metric_name=acc val_metric=0.5163
Step 2600 | loss 0.2205 | val_acc=0.5211 val_loss=3.6993 val_f1_macro=0.4660 val_f1_weighted=0.5199 val_prec_macro=0.4709 val_rec_macro=0.4620 val_metric_name=acc val_metric=0.5211
Step 2650 | loss 0.2125 | val_acc=0.5159 val_loss=3.7098 val_f1_macro=0.4623 val_f1_weighted=0.5148 val_prec_macro=0.4683 val_rec_macro=0.4576 val_metric_name=acc val_metric=0.5159
Step 2700 | loss 0.2147 | val_acc=0.5189 val_loss=3.7933 val_f1_macro=0.4613 val_f1_weighted=0.5180 val_prec_macro=0.4655 val_rec_macro=0.4580 val_metric_name=acc val_metric=0.5189
Step 2750 | loss 0.2129 | val_acc=0.5211 val_loss=3.8702 val_f1_macro=0.4673 val_f1_weighted=0.5203 val_prec_macro=0.4715 val_rec_macro=0.4640 val_metric_name=acc val_metric=0.5211
Step 2800 | loss 0.2037 | val_acc=0.5163 val_loss=3.8502 val_f1_macro=0.4641 val_f1_weighted=0.5154 val_prec_macro=0.4695 val_rec_macro=0.4602 val_metric_name=acc val_metric=0.5163
Early stopping at step 2839

--- Final (best ckpt @ step 2480) ---
  train_acc=0.9503 train_loss=0.1247 train_f1_macro=0.9440 train_f1_weighted=0.9503 train_prec_macro=0.9432 train_rec_macro=0.9450 train_metric_name=acc train_metric=0.9503
  val_acc=0.5218 val_loss=3.6448 val_f1_macro=0.4673 val_f1_weighted=0.5208 val_prec_macro=0.4718 val_rec_macro=0.4641 val_metric_name=acc val_metric=0.5218
  test_acc=0.5105 test_loss=3.6491 test_f1_macro=0.4496 test_f1_weighted=0.5097 test_prec_macro=0.4537 test_rec_macro=0.4466 test_metric_name=acc test_metric=0.5105
  test_acc=0.5105

============================================================
Training amazon-ratings GAT 5L h=512 lr=0.0001 split=4
============================================================
Training for 5000 steps
Step    1 | loss 1.8094 | val_acc=0.3678 val_loss=1.9065 val_f1_macro=0.1076 val_f1_weighted=0.1978 val_prec_macro=0.0736 val_rec_macro=0.2000 val_metric_name=acc val_metric=0.3678
Step   50 | loss 1.3791 | val_acc=0.4019 val_loss=1.3609 val_f1_macro=0.2001 val_f1_weighted=0.3180 val_prec_macro=0.2270 val_rec_macro=0.2416 val_metric_name=acc val_metric=0.4019
Step  100 | loss 1.3135 | val_acc=0.4222 val_loss=1.3184 val_f1_macro=0.2553 val_f1_weighted=0.3760 val_prec_macro=0.5271 val_rec_macro=0.2739 val_metric_name=acc val_metric=0.4222
Step  150 | loss 1.2490 | val_acc=0.4418 val_loss=1.3106 val_f1_macro=0.2879 val_f1_weighted=0.3937 val_prec_macro=0.3917 val_rec_macro=0.2974 val_metric_name=acc val_metric=0.4418
Step  200 | loss 1.1675 | val_acc=0.4581 val_loss=1.3109 val_f1_macro=0.3651 val_f1_weighted=0.4379 val_prec_macro=0.4094 val_rec_macro=0.3550 val_metric_name=acc val_metric=0.4581
Step  250 | loss 1.0903 | val_acc=0.4687 val_loss=1.3395 val_f1_macro=0.3738 val_f1_weighted=0.4454 val_prec_macro=0.4240 val_rec_macro=0.3666 val_metric_name=acc val_metric=0.4687
Step  300 | loss 1.0266 | val_acc=0.4715 val_loss=1.3777 val_f1_macro=0.4004 val_f1_weighted=0.4634 val_prec_macro=0.4242 val_rec_macro=0.3899 val_metric_name=acc val_metric=0.4715
Step  350 | loss 0.9724 | val_acc=0.4718 val_loss=1.4189 val_f1_macro=0.4023 val_f1_weighted=0.4643 val_prec_macro=0.4244 val_rec_macro=0.3940 val_metric_name=acc val_metric=0.4718
Step  400 | loss 0.9215 | val_acc=0.4803 val_loss=1.4698 val_f1_macro=0.4098 val_f1_weighted=0.4751 val_prec_macro=0.4210 val_rec_macro=0.4029 val_metric_name=acc val_metric=0.4803
Step  450 | loss 0.8708 | val_acc=0.4846 val_loss=1.5555 val_f1_macro=0.4164 val_f1_weighted=0.4794 val_prec_macro=0.4242 val_rec_macro=0.4124 val_metric_name=acc val_metric=0.4846
Step  500 | loss 0.8164 | val_acc=0.4890 val_loss=1.6171 val_f1_macro=0.4214 val_f1_weighted=0.4860 val_prec_macro=0.4253 val_rec_macro=0.4198 val_metric_name=acc val_metric=0.4890
Step  550 | loss 0.7737 | val_acc=0.4934 val_loss=1.6679 val_f1_macro=0.4298 val_f1_weighted=0.4905 val_prec_macro=0.4347 val_rec_macro=0.4264 val_metric_name=acc val_metric=0.4934
Step  600 | loss 0.7377 | val_acc=0.4981 val_loss=1.7569 val_f1_macro=0.4301 val_f1_weighted=0.4946 val_prec_macro=0.4351 val_rec_macro=0.4273 val_metric_name=acc val_metric=0.4981
Step  650 | loss 0.6894 | val_acc=0.4998 val_loss=1.8070 val_f1_macro=0.4367 val_f1_weighted=0.4976 val_prec_macro=0.4401 val_rec_macro=0.4347 val_metric_name=acc val_metric=0.4998
Step  700 | loss 0.6445 | val_acc=0.5024 val_loss=1.9265 val_f1_macro=0.4414 val_f1_weighted=0.5003 val_prec_macro=0.4440 val_rec_macro=0.4402 val_metric_name=acc val_metric=0.5024
Step  750 | loss 0.6113 | val_acc=0.5068 val_loss=2.0117 val_f1_macro=0.4433 val_f1_weighted=0.5041 val_prec_macro=0.4518 val_rec_macro=0.4373 val_metric_name=acc val_metric=0.5068
Step  800 | loss 0.5748 | val_acc=0.5058 val_loss=2.1318 val_f1_macro=0.4432 val_f1_weighted=0.5037 val_prec_macro=0.4479 val_rec_macro=0.4395 val_metric_name=acc val_metric=0.5058
Step  850 | loss 0.5347 | val_acc=0.5066 val_loss=2.2121 val_f1_macro=0.4456 val_f1_weighted=0.5047 val_prec_macro=0.4505 val_rec_macro=0.4417 val_metric_name=acc val_metric=0.5066
Step  900 | loss 0.5045 | val_acc=0.5089 val_loss=2.3081 val_f1_macro=0.4481 val_f1_weighted=0.5067 val_prec_macro=0.4535 val_rec_macro=0.4442 val_metric_name=acc val_metric=0.5089
Step  950 | loss 0.4680 | val_acc=0.5136 val_loss=2.4123 val_f1_macro=0.4516 val_f1_weighted=0.5122 val_prec_macro=0.4549 val_rec_macro=0.4493 val_metric_name=acc val_metric=0.5136
Step 1000 | loss 0.4340 | val_acc=0.5161 val_loss=2.5218 val_f1_macro=0.4571 val_f1_weighted=0.5143 val_prec_macro=0.4649 val_rec_macro=0.4515 val_metric_name=acc val_metric=0.5161
Step 1050 | loss 0.4208 | val_acc=0.5130 val_loss=2.6253 val_f1_macro=0.4579 val_f1_weighted=0.5118 val_prec_macro=0.4606 val_rec_macro=0.4556 val_metric_name=acc val_metric=0.5130
Step 1100 | loss 0.3895 | val_acc=0.5112 val_loss=2.7142 val_f1_macro=0.4570 val_f1_weighted=0.5104 val_prec_macro=0.4602 val_rec_macro=0.4543 val_metric_name=acc val_metric=0.5112
Step 1150 | loss 0.3684 | val_acc=0.5115 val_loss=2.7885 val_f1_macro=0.4554 val_f1_weighted=0.5102 val_prec_macro=0.4577 val_rec_macro=0.4538 val_metric_name=acc val_metric=0.5115
Step 1200 | loss 0.3440 | val_acc=0.5120 val_loss=2.8704 val_f1_macro=0.4547 val_f1_weighted=0.5110 val_prec_macro=0.4572 val_rec_macro=0.4526 val_metric_name=acc val_metric=0.5120
Step 1250 | loss 0.3258 | val_acc=0.5123 val_loss=2.9818 val_f1_macro=0.4552 val_f1_weighted=0.5107 val_prec_macro=0.4609 val_rec_macro=0.4511 val_metric_name=acc val_metric=0.5123
Step 1300 | loss 0.3033 | val_acc=0.5135 val_loss=3.0235 val_f1_macro=0.4587 val_f1_weighted=0.5119 val_prec_macro=0.4637 val_rec_macro=0.4550 val_metric_name=acc val_metric=0.5135
Step 1350 | loss 0.2927 | val_acc=0.5135 val_loss=3.0991 val_f1_macro=0.4593 val_f1_weighted=0.5119 val_prec_macro=0.4673 val_rec_macro=0.4532 val_metric_name=acc val_metric=0.5135
Step 1400 | loss 0.2766 | val_acc=0.5145 val_loss=3.2156 val_f1_macro=0.4584 val_f1_weighted=0.5132 val_prec_macro=0.4629 val_rec_macro=0.4546 val_metric_name=acc val_metric=0.5145
Early stopping at step 1420

--- Final (best ckpt @ step 1120) ---
  train_acc=0.9091 train_loss=0.2286 train_f1_macro=0.9013 train_f1_weighted=0.9091 train_prec_macro=0.9048 train_rec_macro=0.8984 train_metric_name=acc train_metric=0.9091
  val_acc=0.5179 val_loss=2.7331 val_f1_macro=0.4643 val_f1_weighted=0.5162 val_prec_macro=0.4716 val_rec_macro=0.4589 val_metric_name=acc val_metric=0.5179
  test_acc=0.5087 test_loss=2.7552 test_f1_macro=0.4487 test_f1_weighted=0.5070 test_prec_macro=0.4555 test_rec_macro=0.4436 test_metric_name=acc test_metric=0.5087
  test_acc=0.5087

============================================================
Training amazon-ratings GAT 5L h=512 lr=1e-05 split=4
============================================================
Training for 5000 steps
Step    1 | loss 1.8094 | val_acc=0.2365 val_loss=1.6247 val_f1_macro=0.1086 val_f1_weighted=0.1232 val_prec_macro=0.1749 val_rec_macro=0.2012 val_metric_name=acc val_metric=0.2365
Step   50 | loss 1.4264 | val_acc=0.3789 val_loss=1.4029 val_f1_macro=0.1440 val_f1_weighted=0.2466 val_prec_macro=0.1976 val_rec_macro=0.2124 val_metric_name=acc val_metric=0.3789
Step  100 | loss 1.4001 | val_acc=0.3874 val_loss=1.3796 val_f1_macro=0.1643 val_f1_weighted=0.2731 val_prec_macro=0.2184 val_rec_macro=0.2219 val_metric_name=acc val_metric=0.3874
Step  150 | loss 1.3712 | val_acc=0.3970 val_loss=1.3588 val_f1_macro=0.1917 val_f1_weighted=0.3069 val_prec_macro=0.2376 val_rec_macro=0.2343 val_metric_name=acc val_metric=0.3970
Step  200 | loss 1.3515 | val_acc=0.4055 val_loss=1.3435 val_f1_macro=0.2122 val_f1_weighted=0.3322 val_prec_macro=0.2365 val_rec_macro=0.2456 val_metric_name=acc val_metric=0.4055
Step  250 | loss 1.3297 | val_acc=0.4152 val_loss=1.3366 val_f1_macro=0.2316 val_f1_weighted=0.3541 val_prec_macro=0.5091 val_rec_macro=0.2576 val_metric_name=acc val_metric=0.4152
Step  300 | loss 1.3131 | val_acc=0.4284 val_loss=1.3267 val_f1_macro=0.2575 val_f1_weighted=0.3771 val_prec_macro=0.4510 val_rec_macro=0.2751 val_metric_name=acc val_metric=0.4284
Step  350 | loss 1.2986 | val_acc=0.4348 val_loss=1.3217 val_f1_macro=0.2720 val_f1_weighted=0.3874 val_prec_macro=0.4233 val_rec_macro=0.2847 val_metric_name=acc val_metric=0.4348
Step  400 | loss 1.2797 | val_acc=0.4441 val_loss=1.3202 val_f1_macro=0.2954 val_f1_weighted=0.4055 val_prec_macro=0.4303 val_rec_macro=0.2989 val_metric_name=acc val_metric=0.4441
Step  450 | loss 1.2566 | val_acc=0.4428 val_loss=1.3171 val_f1_macro=0.3008 val_f1_weighted=0.4078 val_prec_macro=0.4058 val_rec_macro=0.3020 val_metric_name=acc val_metric=0.4428
Step  500 | loss 1.2347 | val_acc=0.4460 val_loss=1.3105 val_f1_macro=0.3185 val_f1_weighted=0.4174 val_prec_macro=0.4088 val_rec_macro=0.3141 val_metric_name=acc val_metric=0.4460
Step  550 | loss 1.2212 | val_acc=0.4498 val_loss=1.3049 val_f1_macro=0.3282 val_f1_weighted=0.4214 val_prec_macro=0.4159 val_rec_macro=0.3217 val_metric_name=acc val_metric=0.4498
Step  600 | loss 1.2097 | val_acc=0.4552 val_loss=1.3126 val_f1_macro=0.3368 val_f1_weighted=0.4300 val_prec_macro=0.4307 val_rec_macro=0.3287 val_metric_name=acc val_metric=0.4552
Step  650 | loss 1.1875 | val_acc=0.4594 val_loss=1.3068 val_f1_macro=0.3538 val_f1_weighted=0.4377 val_prec_macro=0.4295 val_rec_macro=0.3417 val_metric_name=acc val_metric=0.4594
Step  700 | loss 1.1731 | val_acc=0.4601 val_loss=1.3144 val_f1_macro=0.3603 val_f1_weighted=0.4397 val_prec_macro=0.4321 val_rec_macro=0.3458 val_metric_name=acc val_metric=0.4601
Step  750 | loss 1.1575 | val_acc=0.4643 val_loss=1.3159 val_f1_macro=0.3695 val_f1_weighted=0.4461 val_prec_macro=0.4330 val_rec_macro=0.3545 val_metric_name=acc val_metric=0.4643
Step  800 | loss 1.1415 | val_acc=0.4673 val_loss=1.3165 val_f1_macro=0.3725 val_f1_weighted=0.4511 val_prec_macro=0.4345 val_rec_macro=0.3582 val_metric_name=acc val_metric=0.4673
Step  850 | loss 1.1294 | val_acc=0.4689 val_loss=1.3212 val_f1_macro=0.3780 val_f1_weighted=0.4533 val_prec_macro=0.4277 val_rec_macro=0.3644 val_metric_name=acc val_metric=0.4689
Step  900 | loss 1.1209 | val_acc=0.4720 val_loss=1.3216 val_f1_macro=0.3867 val_f1_weighted=0.4581 val_prec_macro=0.4235 val_rec_macro=0.3745 val_metric_name=acc val_metric=0.4720
Step  950 | loss 1.1005 | val_acc=0.4718 val_loss=1.3345 val_f1_macro=0.3894 val_f1_weighted=0.4601 val_prec_macro=0.4250 val_rec_macro=0.3764 val_metric_name=acc val_metric=0.4718
Step 1000 | loss 1.0877 | val_acc=0.4702 val_loss=1.3403 val_f1_macro=0.3931 val_f1_weighted=0.4596 val_prec_macro=0.4246 val_rec_macro=0.3804 val_metric_name=acc val_metric=0.4702
Step 1050 | loss 1.0822 | val_acc=0.4759 val_loss=1.3439 val_f1_macro=0.3922 val_f1_weighted=0.4633 val_prec_macro=0.4289 val_rec_macro=0.3789 val_metric_name=acc val_metric=0.4759
Step 1100 | loss 1.0698 | val_acc=0.4713 val_loss=1.3537 val_f1_macro=0.3972 val_f1_weighted=0.4616 val_prec_macro=0.4277 val_rec_macro=0.3841 val_metric_name=acc val_metric=0.4713
Step 1150 | loss 1.0554 | val_acc=0.4708 val_loss=1.3522 val_f1_macro=0.3949 val_f1_weighted=0.4614 val_prec_macro=0.4230 val_rec_macro=0.3833 val_metric_name=acc val_metric=0.4708
Step 1200 | loss 1.0472 | val_acc=0.4761 val_loss=1.3589 val_f1_macro=0.3944 val_f1_weighted=0.4653 val_prec_macro=0.4218 val_rec_macro=0.3831 val_metric_name=acc val_metric=0.4761
Step 1250 | loss 1.0369 | val_acc=0.4754 val_loss=1.3741 val_f1_macro=0.3977 val_f1_weighted=0.4651 val_prec_macro=0.4236 val_rec_macro=0.3864 val_metric_name=acc val_metric=0.4754
Step 1300 | loss 1.0335 | val_acc=0.4761 val_loss=1.3810 val_f1_macro=0.3994 val_f1_weighted=0.4660 val_prec_macro=0.4222 val_rec_macro=0.3897 val_metric_name=acc val_metric=0.4761
Step 1350 | loss 1.0231 | val_acc=0.4753 val_loss=1.3837 val_f1_macro=0.3966 val_f1_weighted=0.4645 val_prec_macro=0.4235 val_rec_macro=0.3859 val_metric_name=acc val_metric=0.4753
Step 1400 | loss 1.0094 | val_acc=0.4720 val_loss=1.3941 val_f1_macro=0.3965 val_f1_weighted=0.4628 val_prec_macro=0.4147 val_rec_macro=0.3885 val_metric_name=acc val_metric=0.4720
Step 1450 | loss 1.0027 | val_acc=0.4717 val_loss=1.4005 val_f1_macro=0.4019 val_f1_weighted=0.4637 val_prec_macro=0.4172 val_rec_macro=0.3940 val_metric_name=acc val_metric=0.4717
Step 1500 | loss 0.9975 | val_acc=0.4762 val_loss=1.4097 val_f1_macro=0.4005 val_f1_weighted=0.4670 val_prec_macro=0.4197 val_rec_macro=0.3919 val_metric_name=acc val_metric=0.4762
Step 1550 | loss 0.9869 | val_acc=0.4708 val_loss=1.4240 val_f1_macro=0.4001 val_f1_weighted=0.4635 val_prec_macro=0.4150 val_rec_macro=0.3921 val_metric_name=acc val_metric=0.4708
Early stopping at step 1570

--- Final (best ckpt @ step 1270) ---
  train_acc=0.5961 train_loss=0.9376 train_f1_macro=0.5325 train_f1_weighted=0.5892 train_prec_macro=0.5729 train_rec_macro=0.5112 train_metric_name=acc train_metric=0.5961
  val_acc=0.4793 val_loss=1.3715 val_f1_macro=0.4057 val_f1_weighted=0.4700 val_prec_macro=0.4331 val_rec_macro=0.3929 val_metric_name=acc val_metric=0.4793
  test_acc=0.4741 test_loss=1.4078 test_f1_macro=0.3905 test_f1_weighted=0.4659 test_prec_macro=0.4099 test_rec_macro=0.3815 test_metric_name=acc test_metric=0.4741
  test_acc=0.4741
  >> num_layers=5 hidden_dim=256 lr=3e-05 best_step=4340 val_acc=0.5138 test_acc=0.5097
     val_acc=0.5138 val_f1_macro=0.4545 val_f1_weighted=0.5108 val_loss=2.1799 val_metric=0.5138 val_metric_name=acc val_prec_macro=0.4582 val_rec_macro=0.4536
     test_acc=0.5097 test_f1_macro=0.4409 test_f1_weighted=0.5076 test_loss=2.2257 test_metric=0.5097 test_metric_name=acc test_prec_macro=0.4438 test_rec_macro=0.4405
  >> num_layers=5 hidden_dim=256 lr=6e-05 best_step=2930 val_acc=0.5172 test_acc=0.5123
     val_acc=0.5172 val_f1_macro=0.4635 val_f1_weighted=0.5157 val_loss=2.4436 val_metric=0.5172 val_metric_name=acc val_prec_macro=0.4671 val_rec_macro=0.4607
     test_acc=0.5123 test_f1_macro=0.4507 test_f1_weighted=0.5107 test_loss=2.4675 test_metric=0.5123 test_metric_name=acc test_prec_macro=0.4547 test_rec_macro=0.4477
  >> num_layers=5 hidden_dim=256 lr=0.0001 best_step=2020 val_acc=0.5174 test_acc=0.5112
     val_acc=0.5174 val_f1_macro=0.4611 val_f1_weighted=0.5159 val_loss=2.5626 val_metric=0.5174 val_metric_name=acc val_prec_macro=0.4680 val_rec_macro=0.4559
     test_acc=0.5112 test_f1_macro=0.4503 test_f1_weighted=0.5097 test_loss=2.6120 test_metric=0.5112 test_metric_name=acc test_prec_macro=0.4563 test_rec_macro=0.4459
  >> num_layers=5 hidden_dim=256 lr=1e-05 best_step=3870 val_acc=0.4798 test_acc=0.4777
     val_acc=0.4798 val_f1_macro=0.4051 val_f1_weighted=0.4707 val_loss=1.4592 val_metric=0.4798 val_metric_name=acc val_prec_macro=0.4220 val_rec_macro=0.3991
     test_acc=0.4777 test_f1_macro=0.3956 test_f1_weighted=0.4700 test_loss=1.5005 test_metric=0.4777 test_metric_name=acc test_prec_macro=0.4072 test_rec_macro=0.3921
  >> num_layers=5 hidden_dim=384 lr=3e-05 best_step=2160 val_acc=0.5076 test_acc=0.4983
     val_acc=0.5076 val_f1_macro=0.4457 val_f1_weighted=0.5050 val_loss=1.9949 val_metric=0.5076 val_metric_name=acc val_prec_macro=0.4466 val_rec_macro=0.4476
     test_acc=0.4983 test_f1_macro=0.4296 test_f1_weighted=0.4962 test_loss=2.0391 test_metric=0.4983 test_metric_name=acc test_prec_macro=0.4314 test_rec_macro=0.4298
  >> num_layers=5 hidden_dim=384 lr=6e-05 best_step=1540 val_acc=0.5158 test_acc=0.5048
     val_acc=0.5158 val_f1_macro=0.4530 val_f1_weighted=0.5133 val_loss=2.2864 val_metric=0.5158 val_metric_name=acc val_prec_macro=0.4547 val_rec_macro=0.4540
     test_acc=0.5048 test_f1_macro=0.4375 test_f1_weighted=0.5031 test_loss=2.3246 test_metric=0.5048 test_metric_name=acc test_prec_macro=0.4398 test_rec_macro=0.4368
  >> num_layers=5 hidden_dim=384 lr=0.0001 best_step=1710 val_acc=0.5197 test_acc=0.5153
     val_acc=0.5197 val_f1_macro=0.4668 val_f1_weighted=0.5183 val_loss=3.1207 val_metric=0.5197 val_metric_name=acc val_prec_macro=0.4687 val_rec_macro=0.4654
     test_acc=0.5153 test_f1_macro=0.4499 test_f1_weighted=0.5138 test_loss=3.1437 test_metric=0.5153 test_metric_name=acc test_prec_macro=0.4533 test_rec_macro=0.4473
  >> num_layers=5 hidden_dim=384 lr=1e-05 best_step=1560 val_acc=0.4705 test_acc=0.4684
     val_acc=0.4705 val_f1_macro=0.3942 val_f1_weighted=0.4609 val_loss=1.3610 val_metric=0.4705 val_metric_name=acc val_prec_macro=0.4135 val_rec_macro=0.3869
     test_acc=0.4684 test_f1_macro=0.3876 test_f1_weighted=0.4601 test_loss=1.3730 test_metric=0.4684 test_metric_name=acc test_prec_macro=0.4012 test_rec_macro=0.3836
  >> num_layers=5 hidden_dim=512 lr=3e-05 best_step=4690 val_acc=0.5218 test_acc=0.5146
     val_acc=0.5218 val_f1_macro=0.4702 val_f1_weighted=0.5207 val_loss=3.7835 val_metric=0.5218 val_metric_name=acc val_prec_macro=0.4764 val_rec_macro=0.4651
     test_acc=0.5146 test_f1_macro=0.4518 test_f1_weighted=0.5136 test_loss=3.7796 test_metric=0.5146 test_metric_name=acc test_prec_macro=0.4563 test_rec_macro=0.4481
  >> num_layers=5 hidden_dim=512 lr=6e-05 best_step=2480 val_acc=0.5218 test_acc=0.5105
     val_acc=0.5218 val_f1_macro=0.4673 val_f1_weighted=0.5208 val_loss=3.6448 val_metric=0.5218 val_metric_name=acc val_prec_macro=0.4718 val_rec_macro=0.4641
     test_acc=0.5105 test_f1_macro=0.4496 test_f1_weighted=0.5097 test_loss=3.6491 test_metric=0.5105 test_metric_name=acc test_prec_macro=0.4537 test_rec_macro=0.4466
  >> num_layers=5 hidden_dim=512 lr=0.0001 best_step=1120 val_acc=0.5179 test_acc=0.5087
     val_acc=0.5179 val_f1_macro=0.4643 val_f1_weighted=0.5162 val_loss=2.7331 val_metric=0.5179 val_metric_name=acc val_prec_macro=0.4716 val_rec_macro=0.4589
     test_acc=0.5087 test_f1_macro=0.4487 test_f1_weighted=0.5070 test_loss=2.7552 test_metric=0.5087 test_metric_name=acc test_prec_macro=0.4555 test_rec_macro=0.4436
  >> num_layers=5 hidden_dim=512 lr=1e-05 best_step=1270 val_acc=0.4793 test_acc=0.4741
     val_acc=0.4793 val_f1_macro=0.4057 val_f1_weighted=0.4700 val_loss=1.3715 val_metric=0.4793 val_metric_name=acc val_prec_macro=0.4331 val_rec_macro=0.3929
     test_acc=0.4741 test_f1_macro=0.3905 test_f1_weighted=0.4659 test_loss=1.4078 test_metric=0.4741 test_metric_name=acc test_prec_macro=0.4099 test_rec_macro=0.3815
  >> selected best (by val): num_layers=5 hidden_dim=512 lr=3e-05 val_acc=0.5218 test_acc=0.5146
     val_acc=0.5218 val_f1_macro=0.4702 val_f1_weighted=0.5207 val_loss=3.7835 val_metric=0.5218 val_metric_name=acc val_prec_macro=0.4764 val_rec_macro=0.4651
     test_acc=0.5146 test_f1_macro=0.4518 test_f1_weighted=0.5136 test_loss=3.7796 test_metric=0.5146 test_metric_name=acc test_prec_macro=0.4563 test_rec_macro=0.4481

Done. Results saved to /home/avshmelev/diploma_yandex_graphs/results_grid/amazon_ratings/base.csv, checkpoints in /home/avshmelev/diploma_yandex_graphs/all_checkpoints/amazon_ratings/base/
