Loading data...

============================================================
Training amazon-ratings GAT 3L h=256 lr=3e-05 split=5
============================================================
Training for 5000 steps
Step    1 | loss 1.9019 | val_acc=0.0923 val_loss=1.7826 val_f1_macro=0.0396 val_f1_weighted=0.0227 val_prec_macro=0.1474 val_rec_macro=0.2014 val_metric_name=acc val_metric=0.0923
Step   50 | loss 1.4300 | val_acc=0.3712 val_loss=1.4073 val_f1_macro=0.1298 val_f1_weighted=0.2274 val_prec_macro=0.1486 val_rec_macro=0.2054 val_metric_name=acc val_metric=0.3712
Step  100 | loss 1.4060 | val_acc=0.3867 val_loss=1.3812 val_f1_macro=0.1713 val_f1_weighted=0.2821 val_prec_macro=0.3585 val_rec_macro=0.2251 val_metric_name=acc val_metric=0.3867
Step  150 | loss 1.3709 | val_acc=0.4088 val_loss=1.3561 val_f1_macro=0.2045 val_f1_weighted=0.3240 val_prec_macro=0.2551 val_rec_macro=0.2476 val_metric_name=acc val_metric=0.4088
Step  200 | loss 1.3384 | val_acc=0.4236 val_loss=1.3437 val_f1_macro=0.2379 val_f1_weighted=0.3580 val_prec_macro=0.3185 val_rec_macro=0.2689 val_metric_name=acc val_metric=0.4236
Step  250 | loss 1.3184 | val_acc=0.4279 val_loss=1.3381 val_f1_macro=0.2586 val_f1_weighted=0.3742 val_prec_macro=0.3919 val_rec_macro=0.2810 val_metric_name=acc val_metric=0.4279
Step  300 | loss 1.3055 | val_acc=0.4320 val_loss=1.3317 val_f1_macro=0.2785 val_f1_weighted=0.3892 val_prec_macro=0.3818 val_rec_macro=0.2926 val_metric_name=acc val_metric=0.4320
Step  350 | loss 1.2801 | val_acc=0.4362 val_loss=1.3263 val_f1_macro=0.2897 val_f1_weighted=0.4007 val_prec_macro=0.3616 val_rec_macro=0.3000 val_metric_name=acc val_metric=0.4362
Step  400 | loss 1.2688 | val_acc=0.4416 val_loss=1.3261 val_f1_macro=0.3025 val_f1_weighted=0.4095 val_prec_macro=0.3870 val_rec_macro=0.3079 val_metric_name=acc val_metric=0.4416
Step  450 | loss 1.2425 | val_acc=0.4465 val_loss=1.3219 val_f1_macro=0.3168 val_f1_weighted=0.4174 val_prec_macro=0.4097 val_rec_macro=0.3180 val_metric_name=acc val_metric=0.4465
Step  500 | loss 1.2291 | val_acc=0.4529 val_loss=1.3266 val_f1_macro=0.3228 val_f1_weighted=0.4243 val_prec_macro=0.4081 val_rec_macro=0.3247 val_metric_name=acc val_metric=0.4529
Step  550 | loss 1.2039 | val_acc=0.4579 val_loss=1.3247 val_f1_macro=0.3292 val_f1_weighted=0.4298 val_prec_macro=0.4029 val_rec_macro=0.3281 val_metric_name=acc val_metric=0.4579
Step  600 | loss 1.1906 | val_acc=0.4597 val_loss=1.3235 val_f1_macro=0.3363 val_f1_weighted=0.4348 val_prec_macro=0.4004 val_rec_macro=0.3339 val_metric_name=acc val_metric=0.4597
Step  650 | loss 1.1677 | val_acc=0.4622 val_loss=1.3270 val_f1_macro=0.3436 val_f1_weighted=0.4397 val_prec_macro=0.3959 val_rec_macro=0.3391 val_metric_name=acc val_metric=0.4622
Step  700 | loss 1.1549 | val_acc=0.4637 val_loss=1.3271 val_f1_macro=0.3503 val_f1_weighted=0.4412 val_prec_macro=0.3984 val_rec_macro=0.3444 val_metric_name=acc val_metric=0.4637
Step  750 | loss 1.1346 | val_acc=0.4659 val_loss=1.3348 val_f1_macro=0.3565 val_f1_weighted=0.4471 val_prec_macro=0.3969 val_rec_macro=0.3501 val_metric_name=acc val_metric=0.4659
Step  800 | loss 1.1214 | val_acc=0.4666 val_loss=1.3399 val_f1_macro=0.3608 val_f1_weighted=0.4493 val_prec_macro=0.3893 val_rec_macro=0.3568 val_metric_name=acc val_metric=0.4666
Step  850 | loss 1.1041 | val_acc=0.4731 val_loss=1.3477 val_f1_macro=0.3672 val_f1_weighted=0.4549 val_prec_macro=0.3999 val_rec_macro=0.3622 val_metric_name=acc val_metric=0.4731
Step  900 | loss 1.0846 | val_acc=0.4705 val_loss=1.3521 val_f1_macro=0.3668 val_f1_weighted=0.4547 val_prec_macro=0.3909 val_rec_macro=0.3628 val_metric_name=acc val_metric=0.4705
Step  950 | loss 1.0679 | val_acc=0.4736 val_loss=1.3605 val_f1_macro=0.3747 val_f1_weighted=0.4603 val_prec_macro=0.3953 val_rec_macro=0.3697 val_metric_name=acc val_metric=0.4736
Step 1000 | loss 1.0495 | val_acc=0.4725 val_loss=1.3741 val_f1_macro=0.3828 val_f1_weighted=0.4601 val_prec_macro=0.4019 val_rec_macro=0.3785 val_metric_name=acc val_metric=0.4725
Step 1050 | loss 1.0371 | val_acc=0.4748 val_loss=1.3756 val_f1_macro=0.3812 val_f1_weighted=0.4626 val_prec_macro=0.4003 val_rec_macro=0.3765 val_metric_name=acc val_metric=0.4748
Step 1100 | loss 1.0235 | val_acc=0.4761 val_loss=1.3936 val_f1_macro=0.3832 val_f1_weighted=0.4632 val_prec_macro=0.4030 val_rec_macro=0.3792 val_metric_name=acc val_metric=0.4761
Step 1150 | loss 1.0027 | val_acc=0.4797 val_loss=1.3950 val_f1_macro=0.3877 val_f1_weighted=0.4675 val_prec_macro=0.4071 val_rec_macro=0.3830 val_metric_name=acc val_metric=0.4797
Step 1200 | loss 0.9967 | val_acc=0.4751 val_loss=1.4104 val_f1_macro=0.3933 val_f1_weighted=0.4662 val_prec_macro=0.4054 val_rec_macro=0.3909 val_metric_name=acc val_metric=0.4751
Step 1250 | loss 0.9829 | val_acc=0.4777 val_loss=1.4190 val_f1_macro=0.3971 val_f1_weighted=0.4692 val_prec_macro=0.4082 val_rec_macro=0.3950 val_metric_name=acc val_metric=0.4777
Step 1300 | loss 0.9701 | val_acc=0.4813 val_loss=1.4284 val_f1_macro=0.4011 val_f1_weighted=0.4720 val_prec_macro=0.4142 val_rec_macro=0.3990 val_metric_name=acc val_metric=0.4813
Step 1350 | loss 0.9550 | val_acc=0.4808 val_loss=1.4335 val_f1_macro=0.3990 val_f1_weighted=0.4720 val_prec_macro=0.4109 val_rec_macro=0.3966 val_metric_name=acc val_metric=0.4808
Step 1400 | loss 0.9424 | val_acc=0.4824 val_loss=1.4522 val_f1_macro=0.4055 val_f1_weighted=0.4750 val_prec_macro=0.4144 val_rec_macro=0.4049 val_metric_name=acc val_metric=0.4824
Step 1450 | loss 0.9275 | val_acc=0.4855 val_loss=1.4657 val_f1_macro=0.4098 val_f1_weighted=0.4784 val_prec_macro=0.4194 val_rec_macro=0.4084 val_metric_name=acc val_metric=0.4855
Step 1500 | loss 0.9186 | val_acc=0.4849 val_loss=1.4730 val_f1_macro=0.4094 val_f1_weighted=0.4788 val_prec_macro=0.4174 val_rec_macro=0.4076 val_metric_name=acc val_metric=0.4849
Step 1550 | loss 0.9102 | val_acc=0.4857 val_loss=1.4823 val_f1_macro=0.4116 val_f1_weighted=0.4799 val_prec_macro=0.4186 val_rec_macro=0.4108 val_metric_name=acc val_metric=0.4857
Step 1600 | loss 0.9000 | val_acc=0.4898 val_loss=1.4870 val_f1_macro=0.4143 val_f1_weighted=0.4828 val_prec_macro=0.4225 val_rec_macro=0.4132 val_metric_name=acc val_metric=0.4898
Step 1650 | loss 0.8883 | val_acc=0.4891 val_loss=1.5039 val_f1_macro=0.4157 val_f1_weighted=0.4834 val_prec_macro=0.4215 val_rec_macro=0.4156 val_metric_name=acc val_metric=0.4891
Step 1700 | loss 0.8784 | val_acc=0.4888 val_loss=1.5187 val_f1_macro=0.4146 val_f1_weighted=0.4823 val_prec_macro=0.4224 val_rec_macro=0.4138 val_metric_name=acc val_metric=0.4888
Step 1750 | loss 0.8726 | val_acc=0.4886 val_loss=1.5330 val_f1_macro=0.4174 val_f1_weighted=0.4823 val_prec_macro=0.4248 val_rec_macro=0.4171 val_metric_name=acc val_metric=0.4886
Step 1800 | loss 0.8583 | val_acc=0.4888 val_loss=1.5386 val_f1_macro=0.4202 val_f1_weighted=0.4838 val_prec_macro=0.4241 val_rec_macro=0.4218 val_metric_name=acc val_metric=0.4888
Step 1850 | loss 0.8501 | val_acc=0.4944 val_loss=1.5556 val_f1_macro=0.4261 val_f1_weighted=0.4893 val_prec_macro=0.4312 val_rec_macro=0.4272 val_metric_name=acc val_metric=0.4944
Step 1900 | loss 0.8401 | val_acc=0.4890 val_loss=1.5628 val_f1_macro=0.4212 val_f1_weighted=0.4836 val_prec_macro=0.4257 val_rec_macro=0.4235 val_metric_name=acc val_metric=0.4890
Step 1950 | loss 0.8385 | val_acc=0.4900 val_loss=1.5767 val_f1_macro=0.4226 val_f1_weighted=0.4856 val_prec_macro=0.4260 val_rec_macro=0.4247 val_metric_name=acc val_metric=0.4900
Step 2000 | loss 0.8280 | val_acc=0.4914 val_loss=1.5918 val_f1_macro=0.4260 val_f1_weighted=0.4870 val_prec_macro=0.4303 val_rec_macro=0.4268 val_metric_name=acc val_metric=0.4914
Step 2050 | loss 0.8183 | val_acc=0.4934 val_loss=1.6070 val_f1_macro=0.4244 val_f1_weighted=0.4893 val_prec_macro=0.4278 val_rec_macro=0.4258 val_metric_name=acc val_metric=0.4934
Step 2100 | loss 0.8075 | val_acc=0.4932 val_loss=1.6100 val_f1_macro=0.4257 val_f1_weighted=0.4888 val_prec_macro=0.4295 val_rec_macro=0.4277 val_metric_name=acc val_metric=0.4932
Step 2150 | loss 0.8048 | val_acc=0.4949 val_loss=1.6205 val_f1_macro=0.4257 val_f1_weighted=0.4906 val_prec_macro=0.4304 val_rec_macro=0.4254 val_metric_name=acc val_metric=0.4949
Step 2200 | loss 0.7912 | val_acc=0.4957 val_loss=1.6308 val_f1_macro=0.4292 val_f1_weighted=0.4920 val_prec_macro=0.4322 val_rec_macro=0.4314 val_metric_name=acc val_metric=0.4957
Step 2250 | loss 0.7873 | val_acc=0.4949 val_loss=1.6477 val_f1_macro=0.4285 val_f1_weighted=0.4910 val_prec_macro=0.4325 val_rec_macro=0.4293 val_metric_name=acc val_metric=0.4949
Step 2300 | loss 0.7819 | val_acc=0.4939 val_loss=1.6576 val_f1_macro=0.4285 val_f1_weighted=0.4908 val_prec_macro=0.4307 val_rec_macro=0.4302 val_metric_name=acc val_metric=0.4939
Step 2350 | loss 0.7696 | val_acc=0.4940 val_loss=1.6624 val_f1_macro=0.4291 val_f1_weighted=0.4902 val_prec_macro=0.4327 val_rec_macro=0.4309 val_metric_name=acc val_metric=0.4940
Step 2400 | loss 0.7701 | val_acc=0.4940 val_loss=1.6887 val_f1_macro=0.4291 val_f1_weighted=0.4910 val_prec_macro=0.4310 val_rec_macro=0.4317 val_metric_name=acc val_metric=0.4940
Step 2450 | loss 0.7607 | val_acc=0.4942 val_loss=1.7001 val_f1_macro=0.4294 val_f1_weighted=0.4909 val_prec_macro=0.4316 val_rec_macro=0.4320 val_metric_name=acc val_metric=0.4942
Step 2500 | loss 0.7521 | val_acc=0.4976 val_loss=1.7080 val_f1_macro=0.4323 val_f1_weighted=0.4944 val_prec_macro=0.4351 val_rec_macro=0.4338 val_metric_name=acc val_metric=0.4976
Step 2550 | loss 0.7511 | val_acc=0.4967 val_loss=1.7289 val_f1_macro=0.4312 val_f1_weighted=0.4940 val_prec_macro=0.4327 val_rec_macro=0.4342 val_metric_name=acc val_metric=0.4967
Step 2600 | loss 0.7405 | val_acc=0.4988 val_loss=1.7325 val_f1_macro=0.4344 val_f1_weighted=0.4956 val_prec_macro=0.4371 val_rec_macro=0.4364 val_metric_name=acc val_metric=0.4988
Step 2650 | loss 0.7290 | val_acc=0.4970 val_loss=1.7504 val_f1_macro=0.4298 val_f1_weighted=0.4941 val_prec_macro=0.4318 val_rec_macro=0.4327 val_metric_name=acc val_metric=0.4970
Step 2700 | loss 0.7237 | val_acc=0.4999 val_loss=1.7635 val_f1_macro=0.4335 val_f1_weighted=0.4968 val_prec_macro=0.4364 val_rec_macro=0.4350 val_metric_name=acc val_metric=0.4999
Step 2750 | loss 0.7270 | val_acc=0.5027 val_loss=1.7759 val_f1_macro=0.4350 val_f1_weighted=0.4997 val_prec_macro=0.4373 val_rec_macro=0.4370 val_metric_name=acc val_metric=0.5027
Step 2800 | loss 0.7113 | val_acc=0.5019 val_loss=1.7882 val_f1_macro=0.4380 val_f1_weighted=0.4998 val_prec_macro=0.4389 val_rec_macro=0.4404 val_metric_name=acc val_metric=0.5019
Step 2850 | loss 0.7098 | val_acc=0.5001 val_loss=1.7877 val_f1_macro=0.4380 val_f1_weighted=0.4980 val_prec_macro=0.4386 val_rec_macro=0.4410 val_metric_name=acc val_metric=0.5001
Step 2900 | loss 0.7038 | val_acc=0.5001 val_loss=1.8058 val_f1_macro=0.4364 val_f1_weighted=0.4979 val_prec_macro=0.4373 val_rec_macro=0.4394 val_metric_name=acc val_metric=0.5001
Step 2950 | loss 0.6881 | val_acc=0.5014 val_loss=1.8188 val_f1_macro=0.4382 val_f1_weighted=0.4990 val_prec_macro=0.4397 val_rec_macro=0.4400 val_metric_name=acc val_metric=0.5014
Step 3000 | loss 0.6945 | val_acc=0.5006 val_loss=1.8355 val_f1_macro=0.4357 val_f1_weighted=0.4986 val_prec_macro=0.4362 val_rec_macro=0.4390 val_metric_name=acc val_metric=0.5006
Step 3050 | loss 0.6875 | val_acc=0.5014 val_loss=1.8373 val_f1_macro=0.4372 val_f1_weighted=0.4996 val_prec_macro=0.4378 val_rec_macro=0.4403 val_metric_name=acc val_metric=0.5014
Step 3100 | loss 0.6771 | val_acc=0.5038 val_loss=1.8450 val_f1_macro=0.4396 val_f1_weighted=0.5015 val_prec_macro=0.4409 val_rec_macro=0.4420 val_metric_name=acc val_metric=0.5038
Step 3150 | loss 0.6734 | val_acc=0.5030 val_loss=1.8760 val_f1_macro=0.4395 val_f1_weighted=0.5007 val_prec_macro=0.4405 val_rec_macro=0.4433 val_metric_name=acc val_metric=0.5030
Step 3200 | loss 0.6717 | val_acc=0.5055 val_loss=1.8834 val_f1_macro=0.4432 val_f1_weighted=0.5038 val_prec_macro=0.4434 val_rec_macro=0.4466 val_metric_name=acc val_metric=0.5055
Step 3250 | loss 0.6655 | val_acc=0.5068 val_loss=1.8809 val_f1_macro=0.4439 val_f1_weighted=0.5047 val_prec_macro=0.4457 val_rec_macro=0.4467 val_metric_name=acc val_metric=0.5068
Step 3300 | loss 0.6621 | val_acc=0.5050 val_loss=1.9082 val_f1_macro=0.4438 val_f1_weighted=0.5035 val_prec_macro=0.4438 val_rec_macro=0.4476 val_metric_name=acc val_metric=0.5050
Step 3350 | loss 0.6547 | val_acc=0.5078 val_loss=1.9089 val_f1_macro=0.4453 val_f1_weighted=0.5055 val_prec_macro=0.4466 val_rec_macro=0.4476 val_metric_name=acc val_metric=0.5078
Step 3400 | loss 0.6475 | val_acc=0.5082 val_loss=1.9246 val_f1_macro=0.4454 val_f1_weighted=0.5064 val_prec_macro=0.4466 val_rec_macro=0.4474 val_metric_name=acc val_metric=0.5082
Step 3450 | loss 0.6465 | val_acc=0.5096 val_loss=1.9367 val_f1_macro=0.4472 val_f1_weighted=0.5080 val_prec_macro=0.4471 val_rec_macro=0.4502 val_metric_name=acc val_metric=0.5096
Step 3500 | loss 0.6394 | val_acc=0.5073 val_loss=1.9574 val_f1_macro=0.4452 val_f1_weighted=0.5062 val_prec_macro=0.4441 val_rec_macro=0.4489 val_metric_name=acc val_metric=0.5073
Step 3550 | loss 0.6296 | val_acc=0.5086 val_loss=1.9670 val_f1_macro=0.4470 val_f1_weighted=0.5071 val_prec_macro=0.4464 val_rec_macro=0.4507 val_metric_name=acc val_metric=0.5086
Step 3600 | loss 0.6312 | val_acc=0.5115 val_loss=1.9622 val_f1_macro=0.4500 val_f1_weighted=0.5100 val_prec_macro=0.4505 val_rec_macro=0.4520 val_metric_name=acc val_metric=0.5115
Step 3650 | loss 0.6172 | val_acc=0.5102 val_loss=1.9792 val_f1_macro=0.4490 val_f1_weighted=0.5091 val_prec_macro=0.4484 val_rec_macro=0.4523 val_metric_name=acc val_metric=0.5102
Step 3700 | loss 0.6103 | val_acc=0.5087 val_loss=1.9965 val_f1_macro=0.4453 val_f1_weighted=0.5069 val_prec_macro=0.4460 val_rec_macro=0.4485 val_metric_name=acc val_metric=0.5087
Step 3750 | loss 0.6177 | val_acc=0.5089 val_loss=2.0062 val_f1_macro=0.4452 val_f1_weighted=0.5079 val_prec_macro=0.4437 val_rec_macro=0.4498 val_metric_name=acc val_metric=0.5089
Step 3800 | loss 0.6109 | val_acc=0.5087 val_loss=2.0321 val_f1_macro=0.4478 val_f1_weighted=0.5071 val_prec_macro=0.4478 val_rec_macro=0.4508 val_metric_name=acc val_metric=0.5087
Step 3850 | loss 0.6038 | val_acc=0.5094 val_loss=2.0388 val_f1_macro=0.4475 val_f1_weighted=0.5083 val_prec_macro=0.4468 val_rec_macro=0.4512 val_metric_name=acc val_metric=0.5094
Step 3900 | loss 0.6052 | val_acc=0.5117 val_loss=2.0407 val_f1_macro=0.4494 val_f1_weighted=0.5107 val_prec_macro=0.4480 val_rec_macro=0.4538 val_metric_name=acc val_metric=0.5117
Step 3950 | loss 0.5927 | val_acc=0.5092 val_loss=2.0579 val_f1_macro=0.4464 val_f1_weighted=0.5078 val_prec_macro=0.4464 val_rec_macro=0.4496 val_metric_name=acc val_metric=0.5092
Step 4000 | loss 0.5897 | val_acc=0.5122 val_loss=2.0671 val_f1_macro=0.4481 val_f1_weighted=0.5107 val_prec_macro=0.4481 val_rec_macro=0.4506 val_metric_name=acc val_metric=0.5122
Step 4050 | loss 0.5813 | val_acc=0.5145 val_loss=2.0851 val_f1_macro=0.4517 val_f1_weighted=0.5134 val_prec_macro=0.4503 val_rec_macro=0.4563 val_metric_name=acc val_metric=0.5145
Step 4100 | loss 0.5795 | val_acc=0.5149 val_loss=2.0841 val_f1_macro=0.4522 val_f1_weighted=0.5136 val_prec_macro=0.4519 val_rec_macro=0.4552 val_metric_name=acc val_metric=0.5149
Step 4150 | loss 0.5729 | val_acc=0.5127 val_loss=2.0994 val_f1_macro=0.4510 val_f1_weighted=0.5114 val_prec_macro=0.4500 val_rec_macro=0.4551 val_metric_name=acc val_metric=0.5127
Step 4200 | loss 0.5688 | val_acc=0.5128 val_loss=2.1220 val_f1_macro=0.4496 val_f1_weighted=0.5118 val_prec_macro=0.4485 val_rec_macro=0.4540 val_metric_name=acc val_metric=0.5128
Step 4250 | loss 0.5713 | val_acc=0.5131 val_loss=2.1155 val_f1_macro=0.4495 val_f1_weighted=0.5117 val_prec_macro=0.4490 val_rec_macro=0.4527 val_metric_name=acc val_metric=0.5131
Step 4300 | loss 0.5576 | val_acc=0.5117 val_loss=2.1389 val_f1_macro=0.4495 val_f1_weighted=0.5100 val_prec_macro=0.4489 val_rec_macro=0.4534 val_metric_name=acc val_metric=0.5117
Step 4350 | loss 0.5603 | val_acc=0.5138 val_loss=2.1571 val_f1_macro=0.4523 val_f1_weighted=0.5124 val_prec_macro=0.4520 val_rec_macro=0.4565 val_metric_name=acc val_metric=0.5138
Early stopping at step 4360

--- Final (best ckpt @ step 4060) ---
  train_acc=0.8306 train_loss=0.4062 train_f1_macro=0.8143 train_f1_weighted=0.8307 train_prec_macro=0.8115 train_rec_macro=0.8201 train_metric_name=acc train_metric=0.8306
  val_acc=0.5163 val_loss=2.0780 val_f1_macro=0.4533 val_f1_weighted=0.5142 val_prec_macro=0.4546 val_rec_macro=0.4550 val_metric_name=acc val_metric=0.5163
  test_acc=0.5135 test_loss=2.0414 test_f1_macro=0.4519 test_f1_weighted=0.5113 test_prec_macro=0.4535 test_rec_macro=0.4524 test_metric_name=acc test_metric=0.5135
  test_acc=0.5135

============================================================
Training amazon-ratings GAT 3L h=256 lr=6e-05 split=5
============================================================
Training for 5000 steps
Step    1 | loss 1.9019 | val_acc=0.1244 val_loss=1.6358 val_f1_macro=0.0833 val_f1_weighted=0.0936 val_prec_macro=0.1936 val_rec_macro=0.2031 val_metric_name=acc val_metric=0.1244
Step   50 | loss 1.4134 | val_acc=0.3840 val_loss=1.3894 val_f1_macro=0.1597 val_f1_weighted=0.2673 val_prec_macro=0.1596 val_rec_macro=0.2192 val_metric_name=acc val_metric=0.3840
Step  100 | loss 1.3651 | val_acc=0.4094 val_loss=1.3533 val_f1_macro=0.2099 val_f1_weighted=0.3299 val_prec_macro=0.2481 val_rec_macro=0.2506 val_metric_name=acc val_metric=0.4094
Step  150 | loss 1.3253 | val_acc=0.4266 val_loss=1.3363 val_f1_macro=0.2556 val_f1_weighted=0.3715 val_prec_macro=0.5155 val_rec_macro=0.2786 val_metric_name=acc val_metric=0.4266
Step  200 | loss 1.2833 | val_acc=0.4325 val_loss=1.3306 val_f1_macro=0.2836 val_f1_weighted=0.3940 val_prec_macro=0.3664 val_rec_macro=0.2962 val_metric_name=acc val_metric=0.4325
Step  250 | loss 1.2490 | val_acc=0.4449 val_loss=1.3260 val_f1_macro=0.3077 val_f1_weighted=0.4116 val_prec_macro=0.3980 val_rec_macro=0.3114 val_metric_name=acc val_metric=0.4449
Step  300 | loss 1.2211 | val_acc=0.4522 val_loss=1.3226 val_f1_macro=0.3347 val_f1_weighted=0.4291 val_prec_macro=0.4097 val_rec_macro=0.3327 val_metric_name=acc val_metric=0.4522
Step  350 | loss 1.1793 | val_acc=0.4588 val_loss=1.3255 val_f1_macro=0.3376 val_f1_weighted=0.4342 val_prec_macro=0.3944 val_rec_macro=0.3365 val_metric_name=acc val_metric=0.4588
Step  400 | loss 1.1527 | val_acc=0.4633 val_loss=1.3309 val_f1_macro=0.3531 val_f1_weighted=0.4421 val_prec_macro=0.3965 val_rec_macro=0.3461 val_metric_name=acc val_metric=0.4633
Step  450 | loss 1.1182 | val_acc=0.4676 val_loss=1.3362 val_f1_macro=0.3593 val_f1_weighted=0.4487 val_prec_macro=0.3952 val_rec_macro=0.3552 val_metric_name=acc val_metric=0.4676
Step  500 | loss 1.0885 | val_acc=0.4722 val_loss=1.3471 val_f1_macro=0.3650 val_f1_weighted=0.4548 val_prec_macro=0.3962 val_rec_macro=0.3597 val_metric_name=acc val_metric=0.4722
Step  550 | loss 1.0503 | val_acc=0.4728 val_loss=1.3715 val_f1_macro=0.3795 val_f1_weighted=0.4582 val_prec_macro=0.4023 val_rec_macro=0.3754 val_metric_name=acc val_metric=0.4728
Step  600 | loss 1.0278 | val_acc=0.4748 val_loss=1.3877 val_f1_macro=0.3861 val_f1_weighted=0.4631 val_prec_macro=0.4029 val_rec_macro=0.3826 val_metric_name=acc val_metric=0.4748
Step  650 | loss 0.9987 | val_acc=0.4751 val_loss=1.4155 val_f1_macro=0.3929 val_f1_weighted=0.4667 val_prec_macro=0.4019 val_rec_macro=0.3928 val_metric_name=acc val_metric=0.4751
Step  700 | loss 0.9757 | val_acc=0.4831 val_loss=1.4169 val_f1_macro=0.4023 val_f1_weighted=0.4747 val_prec_macro=0.4131 val_rec_macro=0.3993 val_metric_name=acc val_metric=0.4831
Step  750 | loss 0.9479 | val_acc=0.4831 val_loss=1.4403 val_f1_macro=0.4048 val_f1_weighted=0.4763 val_prec_macro=0.4139 val_rec_macro=0.4020 val_metric_name=acc val_metric=0.4831
Step  800 | loss 0.9292 | val_acc=0.4875 val_loss=1.4603 val_f1_macro=0.4117 val_f1_weighted=0.4810 val_prec_macro=0.4194 val_rec_macro=0.4098 val_metric_name=acc val_metric=0.4875
Step  850 | loss 0.9111 | val_acc=0.4906 val_loss=1.4866 val_f1_macro=0.4165 val_f1_weighted=0.4839 val_prec_macro=0.4244 val_rec_macro=0.4159 val_metric_name=acc val_metric=0.4906
Step  900 | loss 0.8867 | val_acc=0.4904 val_loss=1.5133 val_f1_macro=0.4160 val_f1_weighted=0.4846 val_prec_macro=0.4229 val_rec_macro=0.4157 val_metric_name=acc val_metric=0.4904
Step  950 | loss 0.8637 | val_acc=0.4932 val_loss=1.5371 val_f1_macro=0.4244 val_f1_weighted=0.4879 val_prec_macro=0.4284 val_rec_macro=0.4268 val_metric_name=acc val_metric=0.4932
Step 1000 | loss 0.8524 | val_acc=0.4940 val_loss=1.5507 val_f1_macro=0.4250 val_f1_weighted=0.4903 val_prec_macro=0.4273 val_rec_macro=0.4275 val_metric_name=acc val_metric=0.4940
Step 1050 | loss 0.8325 | val_acc=0.4929 val_loss=1.5749 val_f1_macro=0.4251 val_f1_weighted=0.4894 val_prec_macro=0.4276 val_rec_macro=0.4265 val_metric_name=acc val_metric=0.4929
Step 1100 | loss 0.8166 | val_acc=0.4968 val_loss=1.5976 val_f1_macro=0.4289 val_f1_weighted=0.4921 val_prec_macro=0.4340 val_rec_macro=0.4291 val_metric_name=acc val_metric=0.4968
Step 1150 | loss 0.8011 | val_acc=0.4983 val_loss=1.6157 val_f1_macro=0.4301 val_f1_weighted=0.4939 val_prec_macro=0.4346 val_rec_macro=0.4296 val_metric_name=acc val_metric=0.4983
Step 1200 | loss 0.7906 | val_acc=0.4963 val_loss=1.6460 val_f1_macro=0.4330 val_f1_weighted=0.4933 val_prec_macro=0.4345 val_rec_macro=0.4352 val_metric_name=acc val_metric=0.4963
Step 1250 | loss 0.7806 | val_acc=0.5017 val_loss=1.6609 val_f1_macro=0.4342 val_f1_weighted=0.4980 val_prec_macro=0.4378 val_rec_macro=0.4355 val_metric_name=acc val_metric=0.5017
Step 1300 | loss 0.7598 | val_acc=0.5033 val_loss=1.6940 val_f1_macro=0.4356 val_f1_weighted=0.5001 val_prec_macro=0.4388 val_rec_macro=0.4374 val_metric_name=acc val_metric=0.5033
Step 1350 | loss 0.7455 | val_acc=0.5033 val_loss=1.7302 val_f1_macro=0.4383 val_f1_weighted=0.4998 val_prec_macro=0.4415 val_rec_macro=0.4392 val_metric_name=acc val_metric=0.5033
Step 1400 | loss 0.7306 | val_acc=0.4999 val_loss=1.7334 val_f1_macro=0.4366 val_f1_weighted=0.4981 val_prec_macro=0.4367 val_rec_macro=0.4393 val_metric_name=acc val_metric=0.4999
Step 1450 | loss 0.7188 | val_acc=0.5045 val_loss=1.7710 val_f1_macro=0.4405 val_f1_weighted=0.5015 val_prec_macro=0.4435 val_rec_macro=0.4418 val_metric_name=acc val_metric=0.5045
Step 1500 | loss 0.7065 | val_acc=0.5032 val_loss=1.7813 val_f1_macro=0.4421 val_f1_weighted=0.5010 val_prec_macro=0.4429 val_rec_macro=0.4447 val_metric_name=acc val_metric=0.5032
Step 1550 | loss 0.6934 | val_acc=0.5040 val_loss=1.8131 val_f1_macro=0.4416 val_f1_weighted=0.5022 val_prec_macro=0.4411 val_rec_macro=0.4457 val_metric_name=acc val_metric=0.5040
Step 1600 | loss 0.6867 | val_acc=0.5038 val_loss=1.8182 val_f1_macro=0.4420 val_f1_weighted=0.5015 val_prec_macro=0.4431 val_rec_macro=0.4450 val_metric_name=acc val_metric=0.5038
Step 1650 | loss 0.6715 | val_acc=0.5035 val_loss=1.8545 val_f1_macro=0.4420 val_f1_weighted=0.5026 val_prec_macro=0.4403 val_rec_macro=0.4479 val_metric_name=acc val_metric=0.5035
Step 1700 | loss 0.6663 | val_acc=0.5078 val_loss=1.8678 val_f1_macro=0.4470 val_f1_weighted=0.5060 val_prec_macro=0.4475 val_rec_macro=0.4491 val_metric_name=acc val_metric=0.5078
Step 1750 | loss 0.6552 | val_acc=0.5063 val_loss=1.8981 val_f1_macro=0.4433 val_f1_weighted=0.5045 val_prec_macro=0.4440 val_rec_macro=0.4466 val_metric_name=acc val_metric=0.5063
Step 1800 | loss 0.6414 | val_acc=0.5078 val_loss=1.9301 val_f1_macro=0.4453 val_f1_weighted=0.5064 val_prec_macro=0.4451 val_rec_macro=0.4499 val_metric_name=acc val_metric=0.5078
Step 1850 | loss 0.6307 | val_acc=0.5104 val_loss=1.9348 val_f1_macro=0.4494 val_f1_weighted=0.5088 val_prec_macro=0.4489 val_rec_macro=0.4541 val_metric_name=acc val_metric=0.5104
Step 1900 | loss 0.6250 | val_acc=0.5117 val_loss=1.9591 val_f1_macro=0.4505 val_f1_weighted=0.5104 val_prec_macro=0.4493 val_rec_macro=0.4554 val_metric_name=acc val_metric=0.5117
Step 1950 | loss 0.6188 | val_acc=0.5066 val_loss=2.0128 val_f1_macro=0.4464 val_f1_weighted=0.5061 val_prec_macro=0.4438 val_rec_macro=0.4532 val_metric_name=acc val_metric=0.5066
Step 2000 | loss 0.6052 | val_acc=0.5102 val_loss=2.0178 val_f1_macro=0.4492 val_f1_weighted=0.5096 val_prec_macro=0.4472 val_rec_macro=0.4552 val_metric_name=acc val_metric=0.5102
Step 2050 | loss 0.5940 | val_acc=0.5112 val_loss=2.0560 val_f1_macro=0.4489 val_f1_weighted=0.5100 val_prec_macro=0.4475 val_rec_macro=0.4533 val_metric_name=acc val_metric=0.5112
Step 2100 | loss 0.5840 | val_acc=0.5105 val_loss=2.0521 val_f1_macro=0.4499 val_f1_weighted=0.5091 val_prec_macro=0.4494 val_rec_macro=0.4538 val_metric_name=acc val_metric=0.5105
Step 2150 | loss 0.5811 | val_acc=0.5130 val_loss=2.0865 val_f1_macro=0.4528 val_f1_weighted=0.5115 val_prec_macro=0.4524 val_rec_macro=0.4558 val_metric_name=acc val_metric=0.5130
Step 2200 | loss 0.5646 | val_acc=0.5092 val_loss=2.1105 val_f1_macro=0.4504 val_f1_weighted=0.5085 val_prec_macro=0.4482 val_rec_macro=0.4572 val_metric_name=acc val_metric=0.5092
Step 2250 | loss 0.5597 | val_acc=0.5102 val_loss=2.1349 val_f1_macro=0.4496 val_f1_weighted=0.5089 val_prec_macro=0.4489 val_rec_macro=0.4529 val_metric_name=acc val_metric=0.5102
Step 2300 | loss 0.5589 | val_acc=0.5114 val_loss=2.1455 val_f1_macro=0.4493 val_f1_weighted=0.5111 val_prec_macro=0.4477 val_rec_macro=0.4534 val_metric_name=acc val_metric=0.5114
Step 2350 | loss 0.5384 | val_acc=0.5071 val_loss=2.1726 val_f1_macro=0.4459 val_f1_weighted=0.5062 val_prec_macro=0.4441 val_rec_macro=0.4506 val_metric_name=acc val_metric=0.5071
Step 2400 | loss 0.5409 | val_acc=0.5123 val_loss=2.2044 val_f1_macro=0.4514 val_f1_weighted=0.5110 val_prec_macro=0.4508 val_rec_macro=0.4556 val_metric_name=acc val_metric=0.5123
Early stopping at step 2448

--- Final (best ckpt @ step 2140) ---
  train_acc=0.8351 train_loss=0.3962 train_f1_macro=0.8193 train_f1_weighted=0.8353 train_prec_macro=0.8160 train_rec_macro=0.8265 train_metric_name=acc train_metric=0.8351
  val_acc=0.5146 val_loss=2.0850 val_f1_macro=0.4538 val_f1_weighted=0.5129 val_prec_macro=0.4537 val_rec_macro=0.4570 val_metric_name=acc val_metric=0.5146
  test_acc=0.5161 test_loss=2.0493 test_f1_macro=0.4554 test_f1_weighted=0.5142 test_prec_macro=0.4570 test_rec_macro=0.4566 test_metric_name=acc test_metric=0.5161
  test_acc=0.5161

============================================================
Training amazon-ratings GAT 3L h=256 lr=0.0001 split=5
============================================================
Training for 5000 steps
Step    1 | loss 1.9019 | val_acc=0.3384 val_loss=1.5099 val_f1_macro=0.1463 val_f1_weighted=0.2385 val_prec_macro=0.1948 val_rec_macro=0.1945 val_metric_name=acc val_metric=0.3384
Step   50 | loss 1.3974 | val_acc=0.3908 val_loss=1.3807 val_f1_macro=0.1758 val_f1_weighted=0.2883 val_prec_macro=0.1601 val_rec_macro=0.2290 val_metric_name=acc val_metric=0.3908
Step  100 | loss 1.3325 | val_acc=0.4256 val_loss=1.3384 val_f1_macro=0.2424 val_f1_weighted=0.3631 val_prec_macro=0.2994 val_rec_macro=0.2721 val_metric_name=acc val_metric=0.4256
Step  150 | loss 1.2833 | val_acc=0.4315 val_loss=1.3276 val_f1_macro=0.2869 val_f1_weighted=0.3950 val_prec_macro=0.3525 val_rec_macro=0.2997 val_metric_name=acc val_metric=0.4315
Step  200 | loss 1.2301 | val_acc=0.4517 val_loss=1.3292 val_f1_macro=0.3213 val_f1_weighted=0.4218 val_prec_macro=0.4068 val_rec_macro=0.3222 val_metric_name=acc val_metric=0.4517
Step  250 | loss 1.1770 | val_acc=0.4597 val_loss=1.3313 val_f1_macro=0.3491 val_f1_weighted=0.4377 val_prec_macro=0.4050 val_rec_macro=0.3436 val_metric_name=acc val_metric=0.4597
Step  300 | loss 1.1284 | val_acc=0.4610 val_loss=1.3392 val_f1_macro=0.3574 val_f1_weighted=0.4446 val_prec_macro=0.3871 val_rec_macro=0.3518 val_metric_name=acc val_metric=0.4610
Step  350 | loss 1.0791 | val_acc=0.4692 val_loss=1.3576 val_f1_macro=0.3651 val_f1_weighted=0.4512 val_prec_macro=0.3931 val_rec_macro=0.3603 val_metric_name=acc val_metric=0.4692
Step  400 | loss 1.0321 | val_acc=0.4759 val_loss=1.3821 val_f1_macro=0.3858 val_f1_weighted=0.4630 val_prec_macro=0.4078 val_rec_macro=0.3799 val_metric_name=acc val_metric=0.4759
Step  450 | loss 0.9953 | val_acc=0.4780 val_loss=1.4004 val_f1_macro=0.3958 val_f1_weighted=0.4674 val_prec_macro=0.4121 val_rec_macro=0.3911 val_metric_name=acc val_metric=0.4780
Step  500 | loss 0.9523 | val_acc=0.4810 val_loss=1.4295 val_f1_macro=0.4038 val_f1_weighted=0.4731 val_prec_macro=0.4144 val_rec_macro=0.4011 val_metric_name=acc val_metric=0.4810
Step  550 | loss 0.9117 | val_acc=0.4859 val_loss=1.4774 val_f1_macro=0.4120 val_f1_weighted=0.4779 val_prec_macro=0.4233 val_rec_macro=0.4100 val_metric_name=acc val_metric=0.4859
Step  600 | loss 0.8817 | val_acc=0.4908 val_loss=1.5018 val_f1_macro=0.4197 val_f1_weighted=0.4852 val_prec_macro=0.4267 val_rec_macro=0.4188 val_metric_name=acc val_metric=0.4908
Step  650 | loss 0.8596 | val_acc=0.4932 val_loss=1.5430 val_f1_macro=0.4265 val_f1_weighted=0.4879 val_prec_macro=0.4316 val_rec_macro=0.4279 val_metric_name=acc val_metric=0.4932
Step  700 | loss 0.8304 | val_acc=0.4960 val_loss=1.5665 val_f1_macro=0.4311 val_f1_weighted=0.4922 val_prec_macro=0.4339 val_rec_macro=0.4325 val_metric_name=acc val_metric=0.4960
Step  750 | loss 0.8034 | val_acc=0.5001 val_loss=1.6047 val_f1_macro=0.4336 val_f1_weighted=0.4969 val_prec_macro=0.4369 val_rec_macro=0.4341 val_metric_name=acc val_metric=0.5001
Step  800 | loss 0.7748 | val_acc=0.4976 val_loss=1.6485 val_f1_macro=0.4282 val_f1_weighted=0.4939 val_prec_macro=0.4315 val_rec_macro=0.4294 val_metric_name=acc val_metric=0.4976
Step  850 | loss 0.7598 | val_acc=0.5042 val_loss=1.6657 val_f1_macro=0.4388 val_f1_weighted=0.5008 val_prec_macro=0.4420 val_rec_macro=0.4398 val_metric_name=acc val_metric=0.5042
Step  900 | loss 0.7327 | val_acc=0.5040 val_loss=1.7198 val_f1_macro=0.4390 val_f1_weighted=0.5016 val_prec_macro=0.4405 val_rec_macro=0.4409 val_metric_name=acc val_metric=0.5040
Step  950 | loss 0.7064 | val_acc=0.5047 val_loss=1.7458 val_f1_macro=0.4386 val_f1_weighted=0.5010 val_prec_macro=0.4421 val_rec_macro=0.4414 val_metric_name=acc val_metric=0.5047
Step 1000 | loss 0.6937 | val_acc=0.5074 val_loss=1.7709 val_f1_macro=0.4462 val_f1_weighted=0.5058 val_prec_macro=0.4459 val_rec_macro=0.4506 val_metric_name=acc val_metric=0.5074
Step 1050 | loss 0.6744 | val_acc=0.5087 val_loss=1.8071 val_f1_macro=0.4463 val_f1_weighted=0.5075 val_prec_macro=0.4458 val_rec_macro=0.4490 val_metric_name=acc val_metric=0.5087
Step 1100 | loss 0.6545 | val_acc=0.5118 val_loss=1.8446 val_f1_macro=0.4472 val_f1_weighted=0.5085 val_prec_macro=0.4515 val_rec_macro=0.4474 val_metric_name=acc val_metric=0.5118
Step 1150 | loss 0.6441 | val_acc=0.5087 val_loss=1.8799 val_f1_macro=0.4449 val_f1_weighted=0.5070 val_prec_macro=0.4459 val_rec_macro=0.4465 val_metric_name=acc val_metric=0.5087
Step 1200 | loss 0.6291 | val_acc=0.5107 val_loss=1.9154 val_f1_macro=0.4486 val_f1_weighted=0.5091 val_prec_macro=0.4496 val_rec_macro=0.4502 val_metric_name=acc val_metric=0.5107
Step 1250 | loss 0.6135 | val_acc=0.5104 val_loss=1.9553 val_f1_macro=0.4474 val_f1_weighted=0.5090 val_prec_macro=0.4472 val_rec_macro=0.4508 val_metric_name=acc val_metric=0.5104
Step 1300 | loss 0.5874 | val_acc=0.5104 val_loss=2.0124 val_f1_macro=0.4467 val_f1_weighted=0.5087 val_prec_macro=0.4471 val_rec_macro=0.4499 val_metric_name=acc val_metric=0.5104
Step 1350 | loss 0.5790 | val_acc=0.5128 val_loss=2.0398 val_f1_macro=0.4489 val_f1_weighted=0.5112 val_prec_macro=0.4500 val_rec_macro=0.4502 val_metric_name=acc val_metric=0.5128
Step 1400 | loss 0.5652 | val_acc=0.5115 val_loss=2.0775 val_f1_macro=0.4498 val_f1_weighted=0.5109 val_prec_macro=0.4485 val_rec_macro=0.4530 val_metric_name=acc val_metric=0.5115
Step 1450 | loss 0.5484 | val_acc=0.5123 val_loss=2.1302 val_f1_macro=0.4515 val_f1_weighted=0.5111 val_prec_macro=0.4514 val_rec_macro=0.4543 val_metric_name=acc val_metric=0.5123
Step 1500 | loss 0.5377 | val_acc=0.5159 val_loss=2.1537 val_f1_macro=0.4544 val_f1_weighted=0.5150 val_prec_macro=0.4533 val_rec_macro=0.4582 val_metric_name=acc val_metric=0.5159
Step 1550 | loss 0.5203 | val_acc=0.5153 val_loss=2.1632 val_f1_macro=0.4548 val_f1_weighted=0.5142 val_prec_macro=0.4551 val_rec_macro=0.4563 val_metric_name=acc val_metric=0.5153
Step 1600 | loss 0.5125 | val_acc=0.5153 val_loss=2.1769 val_f1_macro=0.4544 val_f1_weighted=0.5135 val_prec_macro=0.4563 val_rec_macro=0.4551 val_metric_name=acc val_metric=0.5153
Step 1650 | loss 0.5014 | val_acc=0.5145 val_loss=2.2501 val_f1_macro=0.4551 val_f1_weighted=0.5139 val_prec_macro=0.4538 val_rec_macro=0.4588 val_metric_name=acc val_metric=0.5145
Step 1700 | loss 0.4966 | val_acc=0.5143 val_loss=2.2772 val_f1_macro=0.4538 val_f1_weighted=0.5134 val_prec_macro=0.4534 val_rec_macro=0.4557 val_metric_name=acc val_metric=0.5143
Step 1750 | loss 0.4855 | val_acc=0.5174 val_loss=2.3317 val_f1_macro=0.4572 val_f1_weighted=0.5164 val_prec_macro=0.4572 val_rec_macro=0.4593 val_metric_name=acc val_metric=0.5174
Step 1800 | loss 0.4635 | val_acc=0.5164 val_loss=2.3351 val_f1_macro=0.4565 val_f1_weighted=0.5150 val_prec_macro=0.4569 val_rec_macro=0.4582 val_metric_name=acc val_metric=0.5164
Step 1850 | loss 0.4623 | val_acc=0.5154 val_loss=2.3790 val_f1_macro=0.4555 val_f1_weighted=0.5144 val_prec_macro=0.4551 val_rec_macro=0.4588 val_metric_name=acc val_metric=0.5154
Step 1900 | loss 0.4629 | val_acc=0.5163 val_loss=2.4230 val_f1_macro=0.4558 val_f1_weighted=0.5156 val_prec_macro=0.4548 val_rec_macro=0.4584 val_metric_name=acc val_metric=0.5163
Step 1950 | loss 0.4487 | val_acc=0.5148 val_loss=2.4606 val_f1_macro=0.4550 val_f1_weighted=0.5137 val_prec_macro=0.4549 val_rec_macro=0.4577 val_metric_name=acc val_metric=0.5148
Step 2000 | loss 0.4382 | val_acc=0.5141 val_loss=2.4860 val_f1_macro=0.4556 val_f1_weighted=0.5133 val_prec_macro=0.4548 val_rec_macro=0.4587 val_metric_name=acc val_metric=0.5141
Step 2050 | loss 0.4262 | val_acc=0.5153 val_loss=2.5098 val_f1_macro=0.4564 val_f1_weighted=0.5144 val_prec_macro=0.4559 val_rec_macro=0.4588 val_metric_name=acc val_metric=0.5153
Step 2100 | loss 0.4152 | val_acc=0.5148 val_loss=2.5506 val_f1_macro=0.4545 val_f1_weighted=0.5141 val_prec_macro=0.4534 val_rec_macro=0.4575 val_metric_name=acc val_metric=0.5148
Step 2150 | loss 0.4149 | val_acc=0.5100 val_loss=2.5860 val_f1_macro=0.4519 val_f1_weighted=0.5099 val_prec_macro=0.4497 val_rec_macro=0.4560 val_metric_name=acc val_metric=0.5100
Step 2200 | loss 0.4087 | val_acc=0.5177 val_loss=2.5980 val_f1_macro=0.4583 val_f1_weighted=0.5169 val_prec_macro=0.4580 val_rec_macro=0.4602 val_metric_name=acc val_metric=0.5177
Step 2250 | loss 0.3882 | val_acc=0.5145 val_loss=2.5807 val_f1_macro=0.4554 val_f1_weighted=0.5137 val_prec_macro=0.4553 val_rec_macro=0.4565 val_metric_name=acc val_metric=0.5145
Step 2300 | loss 0.3950 | val_acc=0.5153 val_loss=2.6165 val_f1_macro=0.4550 val_f1_weighted=0.5147 val_prec_macro=0.4545 val_rec_macro=0.4570 val_metric_name=acc val_metric=0.5153
Step 2350 | loss 0.3832 | val_acc=0.5149 val_loss=2.6538 val_f1_macro=0.4548 val_f1_weighted=0.5142 val_prec_macro=0.4541 val_rec_macro=0.4569 val_metric_name=acc val_metric=0.5149
Step 2400 | loss 0.3819 | val_acc=0.5161 val_loss=2.6878 val_f1_macro=0.4559 val_f1_weighted=0.5158 val_prec_macro=0.4542 val_rec_macro=0.4594 val_metric_name=acc val_metric=0.5161
Step 2450 | loss 0.3713 | val_acc=0.5148 val_loss=2.7079 val_f1_macro=0.4547 val_f1_weighted=0.5144 val_prec_macro=0.4533 val_rec_macro=0.4575 val_metric_name=acc val_metric=0.5148
Step 2500 | loss 0.3629 | val_acc=0.5158 val_loss=2.7322 val_f1_macro=0.4560 val_f1_weighted=0.5153 val_prec_macro=0.4550 val_rec_macro=0.4581 val_metric_name=acc val_metric=0.5158
Step 2550 | loss 0.3567 | val_acc=0.5161 val_loss=2.7855 val_f1_macro=0.4576 val_f1_weighted=0.5159 val_prec_macro=0.4559 val_rec_macro=0.4604 val_metric_name=acc val_metric=0.5161
Step 2600 | loss 0.3497 | val_acc=0.5146 val_loss=2.7777 val_f1_macro=0.4545 val_f1_weighted=0.5142 val_prec_macro=0.4536 val_rec_macro=0.4564 val_metric_name=acc val_metric=0.5146
Step 2650 | loss 0.3387 | val_acc=0.5163 val_loss=2.8380 val_f1_macro=0.4553 val_f1_weighted=0.5154 val_prec_macro=0.4550 val_rec_macro=0.4572 val_metric_name=acc val_metric=0.5163
Step 2700 | loss 0.3393 | val_acc=0.5148 val_loss=2.8521 val_f1_macro=0.4568 val_f1_weighted=0.5145 val_prec_macro=0.4553 val_rec_macro=0.4592 val_metric_name=acc val_metric=0.5148
Step 2750 | loss 0.3425 | val_acc=0.5189 val_loss=2.8403 val_f1_macro=0.4580 val_f1_weighted=0.5181 val_prec_macro=0.4577 val_rec_macro=0.4593 val_metric_name=acc val_metric=0.5189
Step 2800 | loss 0.3312 | val_acc=0.5192 val_loss=2.8708 val_f1_macro=0.4586 val_f1_weighted=0.5191 val_prec_macro=0.4567 val_rec_macro=0.4615 val_metric_name=acc val_metric=0.5192
Step 2850 | loss 0.3277 | val_acc=0.5172 val_loss=2.9134 val_f1_macro=0.4574 val_f1_weighted=0.5169 val_prec_macro=0.4561 val_rec_macro=0.4597 val_metric_name=acc val_metric=0.5172
Step 2900 | loss 0.3305 | val_acc=0.5146 val_loss=2.9069 val_f1_macro=0.4542 val_f1_weighted=0.5143 val_prec_macro=0.4528 val_rec_macro=0.4569 val_metric_name=acc val_metric=0.5146
Step 2950 | loss 0.3095 | val_acc=0.5184 val_loss=2.9144 val_f1_macro=0.4579 val_f1_weighted=0.5180 val_prec_macro=0.4568 val_rec_macro=0.4596 val_metric_name=acc val_metric=0.5184
Step 3000 | loss 0.3143 | val_acc=0.5177 val_loss=2.9334 val_f1_macro=0.4584 val_f1_weighted=0.5174 val_prec_macro=0.4572 val_rec_macro=0.4604 val_metric_name=acc val_metric=0.5177
Step 3050 | loss 0.3057 | val_acc=0.5184 val_loss=2.9846 val_f1_macro=0.4565 val_f1_weighted=0.5177 val_prec_macro=0.4561 val_rec_macro=0.4582 val_metric_name=acc val_metric=0.5184
Step 3100 | loss 0.3074 | val_acc=0.5190 val_loss=3.0018 val_f1_macro=0.4591 val_f1_weighted=0.5190 val_prec_macro=0.4575 val_rec_macro=0.4614 val_metric_name=acc val_metric=0.5190
Step 3150 | loss 0.2910 | val_acc=0.5205 val_loss=3.0323 val_f1_macro=0.4593 val_f1_weighted=0.5202 val_prec_macro=0.4576 val_rec_macro=0.4621 val_metric_name=acc val_metric=0.5205
Step 3200 | loss 0.2942 | val_acc=0.5194 val_loss=3.0194 val_f1_macro=0.4592 val_f1_weighted=0.5194 val_prec_macro=0.4571 val_rec_macro=0.4624 val_metric_name=acc val_metric=0.5194
Step 3250 | loss 0.2833 | val_acc=0.5190 val_loss=3.0558 val_f1_macro=0.4597 val_f1_weighted=0.5192 val_prec_macro=0.4571 val_rec_macro=0.4633 val_metric_name=acc val_metric=0.5190
Step 3300 | loss 0.2940 | val_acc=0.5218 val_loss=3.1034 val_f1_macro=0.4601 val_f1_weighted=0.5216 val_prec_macro=0.4593 val_rec_macro=0.4617 val_metric_name=acc val_metric=0.5218
Step 3350 | loss 0.2845 | val_acc=0.5221 val_loss=3.1072 val_f1_macro=0.4617 val_f1_weighted=0.5221 val_prec_macro=0.4601 val_rec_macro=0.4642 val_metric_name=acc val_metric=0.5221
Step 3400 | loss 0.2804 | val_acc=0.5225 val_loss=3.1073 val_f1_macro=0.4610 val_f1_weighted=0.5224 val_prec_macro=0.4593 val_rec_macro=0.4636 val_metric_name=acc val_metric=0.5225
Step 3450 | loss 0.2750 | val_acc=0.5211 val_loss=3.1323 val_f1_macro=0.4616 val_f1_weighted=0.5211 val_prec_macro=0.4605 val_rec_macro=0.4630 val_metric_name=acc val_metric=0.5211
Step 3500 | loss 0.2757 | val_acc=0.5229 val_loss=3.1234 val_f1_macro=0.4637 val_f1_weighted=0.5229 val_prec_macro=0.4620 val_rec_macro=0.4660 val_metric_name=acc val_metric=0.5229
Step 3550 | loss 0.2700 | val_acc=0.5198 val_loss=3.1327 val_f1_macro=0.4597 val_f1_weighted=0.5199 val_prec_macro=0.4583 val_rec_macro=0.4613 val_metric_name=acc val_metric=0.5198
Step 3600 | loss 0.2630 | val_acc=0.5195 val_loss=3.1693 val_f1_macro=0.4598 val_f1_weighted=0.5195 val_prec_macro=0.4586 val_rec_macro=0.4614 val_metric_name=acc val_metric=0.5195
Step 3650 | loss 0.2635 | val_acc=0.5226 val_loss=3.1959 val_f1_macro=0.4630 val_f1_weighted=0.5227 val_prec_macro=0.4614 val_rec_macro=0.4652 val_metric_name=acc val_metric=0.5226
Step 3700 | loss 0.2579 | val_acc=0.5244 val_loss=3.1846 val_f1_macro=0.4648 val_f1_weighted=0.5242 val_prec_macro=0.4641 val_rec_macro=0.4659 val_metric_name=acc val_metric=0.5244
Step 3750 | loss 0.2568 | val_acc=0.5218 val_loss=3.2448 val_f1_macro=0.4626 val_f1_weighted=0.5213 val_prec_macro=0.4628 val_rec_macro=0.4629 val_metric_name=acc val_metric=0.5218
Step 3800 | loss 0.2665 | val_acc=0.5226 val_loss=3.2274 val_f1_macro=0.4640 val_f1_weighted=0.5225 val_prec_macro=0.4626 val_rec_macro=0.4660 val_metric_name=acc val_metric=0.5226
Step 3850 | loss 0.2548 | val_acc=0.5264 val_loss=3.3071 val_f1_macro=0.4657 val_f1_weighted=0.5261 val_prec_macro=0.4649 val_rec_macro=0.4669 val_metric_name=acc val_metric=0.5264
Step 3900 | loss 0.2495 | val_acc=0.5243 val_loss=3.2543 val_f1_macro=0.4635 val_f1_weighted=0.5241 val_prec_macro=0.4623 val_rec_macro=0.4652 val_metric_name=acc val_metric=0.5243
Step 3950 | loss 0.2530 | val_acc=0.5265 val_loss=3.2939 val_f1_macro=0.4673 val_f1_weighted=0.5264 val_prec_macro=0.4665 val_rec_macro=0.4686 val_metric_name=acc val_metric=0.5265
Step 4000 | loss 0.2485 | val_acc=0.5234 val_loss=3.2932 val_f1_macro=0.4637 val_f1_weighted=0.5233 val_prec_macro=0.4625 val_rec_macro=0.4656 val_metric_name=acc val_metric=0.5234
Step 4050 | loss 0.2373 | val_acc=0.5234 val_loss=3.2844 val_f1_macro=0.4624 val_f1_weighted=0.5234 val_prec_macro=0.4611 val_rec_macro=0.4641 val_metric_name=acc val_metric=0.5234
Step 4100 | loss 0.2439 | val_acc=0.5241 val_loss=3.3160 val_f1_macro=0.4652 val_f1_weighted=0.5236 val_prec_macro=0.4655 val_rec_macro=0.4654 val_metric_name=acc val_metric=0.5241
Step 4150 | loss 0.2377 | val_acc=0.5247 val_loss=3.3638 val_f1_macro=0.4647 val_f1_weighted=0.5250 val_prec_macro=0.4626 val_rec_macro=0.4672 val_metric_name=acc val_metric=0.5247
Step 4200 | loss 0.2475 | val_acc=0.5241 val_loss=3.3247 val_f1_macro=0.4628 val_f1_weighted=0.5240 val_prec_macro=0.4614 val_rec_macro=0.4650 val_metric_name=acc val_metric=0.5241
Step 4250 | loss 0.2371 | val_acc=0.5239 val_loss=3.3928 val_f1_macro=0.4634 val_f1_weighted=0.5240 val_prec_macro=0.4618 val_rec_macro=0.4655 val_metric_name=acc val_metric=0.5239
Step 4300 | loss 0.2311 | val_acc=0.5262 val_loss=3.4274 val_f1_macro=0.4661 val_f1_weighted=0.5260 val_prec_macro=0.4652 val_rec_macro=0.4674 val_metric_name=acc val_metric=0.5262
Step 4350 | loss 0.2267 | val_acc=0.5257 val_loss=3.3836 val_f1_macro=0.4673 val_f1_weighted=0.5256 val_prec_macro=0.4662 val_rec_macro=0.4691 val_metric_name=acc val_metric=0.5257
Step 4400 | loss 0.2251 | val_acc=0.5264 val_loss=3.4078 val_f1_macro=0.4689 val_f1_weighted=0.5262 val_prec_macro=0.4682 val_rec_macro=0.4700 val_metric_name=acc val_metric=0.5264
Step 4450 | loss 0.2246 | val_acc=0.5257 val_loss=3.4484 val_f1_macro=0.4666 val_f1_weighted=0.5258 val_prec_macro=0.4648 val_rec_macro=0.4691 val_metric_name=acc val_metric=0.5257
Step 4500 | loss 0.2247 | val_acc=0.5223 val_loss=3.4488 val_f1_macro=0.4641 val_f1_weighted=0.5222 val_prec_macro=0.4630 val_rec_macro=0.4654 val_metric_name=acc val_metric=0.5223
Step 4550 | loss 0.2206 | val_acc=0.5274 val_loss=3.4653 val_f1_macro=0.4680 val_f1_weighted=0.5272 val_prec_macro=0.4672 val_rec_macro=0.4692 val_metric_name=acc val_metric=0.5274
Step 4600 | loss 0.2201 | val_acc=0.5247 val_loss=3.4629 val_f1_macro=0.4645 val_f1_weighted=0.5247 val_prec_macro=0.4640 val_rec_macro=0.4650 val_metric_name=acc val_metric=0.5247
Step 4650 | loss 0.2191 | val_acc=0.5269 val_loss=3.4919 val_f1_macro=0.4689 val_f1_weighted=0.5269 val_prec_macro=0.4669 val_rec_macro=0.4715 val_metric_name=acc val_metric=0.5269
Step 4700 | loss 0.2219 | val_acc=0.5259 val_loss=3.4895 val_f1_macro=0.4664 val_f1_weighted=0.5260 val_prec_macro=0.4648 val_rec_macro=0.4685 val_metric_name=acc val_metric=0.5259
Step 4750 | loss 0.2152 | val_acc=0.5244 val_loss=3.5164 val_f1_macro=0.4633 val_f1_weighted=0.5244 val_prec_macro=0.4620 val_rec_macro=0.4652 val_metric_name=acc val_metric=0.5244
Step 4800 | loss 0.2185 | val_acc=0.5254 val_loss=3.5520 val_f1_macro=0.4650 val_f1_weighted=0.5253 val_prec_macro=0.4643 val_rec_macro=0.4659 val_metric_name=acc val_metric=0.5254
Step 4850 | loss 0.2149 | val_acc=0.5236 val_loss=3.5259 val_f1_macro=0.4631 val_f1_weighted=0.5238 val_prec_macro=0.4615 val_rec_macro=0.4650 val_metric_name=acc val_metric=0.5236
Step 4900 | loss 0.2021 | val_acc=0.5243 val_loss=3.5334 val_f1_macro=0.4666 val_f1_weighted=0.5242 val_prec_macro=0.4653 val_rec_macro=0.4683 val_metric_name=acc val_metric=0.5243
Step 4950 | loss 0.2052 | val_acc=0.5241 val_loss=3.5221 val_f1_macro=0.4644 val_f1_weighted=0.5238 val_prec_macro=0.4640 val_rec_macro=0.4651 val_metric_name=acc val_metric=0.5241
Step 5000 | loss 0.2067 | val_acc=0.5257 val_loss=3.5569 val_f1_macro=0.4672 val_f1_weighted=0.5253 val_prec_macro=0.4669 val_rec_macro=0.4679 val_metric_name=acc val_metric=0.5257

--- Final (best ckpt @ step 4580) ---
  train_acc=0.9762 train_loss=0.0724 train_f1_macro=0.9710 train_f1_weighted=0.9762 train_prec_macro=0.9672 train_rec_macro=0.9751 train_metric_name=acc train_metric=0.9762
  val_acc=0.5280 val_loss=3.4574 val_f1_macro=0.4693 val_f1_weighted=0.5282 val_prec_macro=0.4675 val_rec_macro=0.4715 val_metric_name=acc val_metric=0.5280
  test_acc=0.5290 test_loss=3.3456 test_f1_macro=0.4750 test_f1_weighted=0.5289 test_prec_macro=0.4742 test_rec_macro=0.4765 test_metric_name=acc test_metric=0.5290
  test_acc=0.5290

============================================================
Training amazon-ratings GAT 3L h=256 lr=1e-05 split=5
============================================================
Training for 5000 steps
Step    1 | loss 1.9019 | val_acc=0.0892 val_loss=1.9052 val_f1_macro=0.0335 val_f1_weighted=0.0155 val_prec_macro=0.0531 val_rec_macro=0.1997 val_metric_name=acc val_metric=0.0892
Step   50 | loss 1.4541 | val_acc=0.3668 val_loss=1.4385 val_f1_macro=0.1112 val_f1_weighted=0.2022 val_prec_macro=0.1637 val_rec_macro=0.2000 val_metric_name=acc val_metric=0.3668
Step  100 | loss 1.4404 | val_acc=0.3698 val_loss=1.4159 val_f1_macro=0.1231 val_f1_weighted=0.2183 val_prec_macro=0.2302 val_rec_macro=0.2034 val_metric_name=acc val_metric=0.3698
Step  150 | loss 1.4253 | val_acc=0.3742 val_loss=1.4035 val_f1_macro=0.1410 val_f1_weighted=0.2422 val_prec_macro=0.2849 val_rec_macro=0.2094 val_metric_name=acc val_metric=0.3742
Step  200 | loss 1.4136 | val_acc=0.3815 val_loss=1.3923 val_f1_macro=0.1578 val_f1_weighted=0.2645 val_prec_macro=0.3576 val_rec_macro=0.2175 val_metric_name=acc val_metric=0.3815
Step  250 | loss 1.3966 | val_acc=0.3892 val_loss=1.3808 val_f1_macro=0.1725 val_f1_weighted=0.2838 val_prec_macro=0.3612 val_rec_macro=0.2264 val_metric_name=acc val_metric=0.3892
Step  300 | loss 1.3903 | val_acc=0.3982 val_loss=1.3692 val_f1_macro=0.1854 val_f1_weighted=0.3006 val_prec_macro=0.2481 val_rec_macro=0.2359 val_metric_name=acc val_metric=0.3982
Step  350 | loss 1.3753 | val_acc=0.4055 val_loss=1.3600 val_f1_macro=0.2006 val_f1_weighted=0.3189 val_prec_macro=0.2600 val_rec_macro=0.2451 val_metric_name=acc val_metric=0.4055
Step  400 | loss 1.3656 | val_acc=0.4140 val_loss=1.3532 val_f1_macro=0.2145 val_f1_weighted=0.3350 val_prec_macro=0.4547 val_rec_macro=0.2544 val_metric_name=acc val_metric=0.4140
Step  450 | loss 1.3532 | val_acc=0.4189 val_loss=1.3490 val_f1_macro=0.2231 val_f1_weighted=0.3449 val_prec_macro=0.2908 val_rec_macro=0.2610 val_metric_name=acc val_metric=0.4189
Step  500 | loss 1.3449 | val_acc=0.4232 val_loss=1.3453 val_f1_macro=0.2367 val_f1_weighted=0.3571 val_prec_macro=0.3113 val_rec_macro=0.2681 val_metric_name=acc val_metric=0.4232
Step  550 | loss 1.3346 | val_acc=0.4250 val_loss=1.3422 val_f1_macro=0.2429 val_f1_weighted=0.3624 val_prec_macro=0.5092 val_rec_macro=0.2723 val_metric_name=acc val_metric=0.4250
Step  600 | loss 1.3278 | val_acc=0.4261 val_loss=1.3399 val_f1_macro=0.2516 val_f1_weighted=0.3704 val_prec_macro=0.4033 val_rec_macro=0.2766 val_metric_name=acc val_metric=0.4261
Step  650 | loss 1.3151 | val_acc=0.4310 val_loss=1.3368 val_f1_macro=0.2659 val_f1_weighted=0.3819 val_prec_macro=0.3540 val_rec_macro=0.2855 val_metric_name=acc val_metric=0.4310
Step  700 | loss 1.3150 | val_acc=0.4303 val_loss=1.3347 val_f1_macro=0.2722 val_f1_weighted=0.3845 val_prec_macro=0.3799 val_rec_macro=0.2885 val_metric_name=acc val_metric=0.4303
Step  750 | loss 1.3067 | val_acc=0.4312 val_loss=1.3315 val_f1_macro=0.2788 val_f1_weighted=0.3907 val_prec_macro=0.3723 val_rec_macro=0.2922 val_metric_name=acc val_metric=0.4312
Step  800 | loss 1.3063 | val_acc=0.4323 val_loss=1.3295 val_f1_macro=0.2795 val_f1_weighted=0.3925 val_prec_macro=0.3604 val_rec_macro=0.2924 val_metric_name=acc val_metric=0.4323
Step  850 | loss 1.2926 | val_acc=0.4351 val_loss=1.3292 val_f1_macro=0.2860 val_f1_weighted=0.3980 val_prec_macro=0.3695 val_rec_macro=0.2976 val_metric_name=acc val_metric=0.4351
Step  900 | loss 1.2855 | val_acc=0.4367 val_loss=1.3271 val_f1_macro=0.2895 val_f1_weighted=0.4006 val_prec_macro=0.3727 val_rec_macro=0.2997 val_metric_name=acc val_metric=0.4367
Step  950 | loss 1.2776 | val_acc=0.4382 val_loss=1.3259 val_f1_macro=0.2928 val_f1_weighted=0.4042 val_prec_macro=0.3671 val_rec_macro=0.3022 val_metric_name=acc val_metric=0.4382
Step 1000 | loss 1.2690 | val_acc=0.4413 val_loss=1.3255 val_f1_macro=0.2994 val_f1_weighted=0.4093 val_prec_macro=0.3785 val_rec_macro=0.3062 val_metric_name=acc val_metric=0.4413
Step 1050 | loss 1.2572 | val_acc=0.4436 val_loss=1.3249 val_f1_macro=0.3094 val_f1_weighted=0.4133 val_prec_macro=0.3982 val_rec_macro=0.3125 val_metric_name=acc val_metric=0.4436
Step 1100 | loss 1.2604 | val_acc=0.4431 val_loss=1.3248 val_f1_macro=0.3113 val_f1_weighted=0.4132 val_prec_macro=0.4048 val_rec_macro=0.3136 val_metric_name=acc val_metric=0.4431
Step 1150 | loss 1.2480 | val_acc=0.4442 val_loss=1.3238 val_f1_macro=0.3106 val_f1_weighted=0.4132 val_prec_macro=0.4010 val_rec_macro=0.3137 val_metric_name=acc val_metric=0.4442
Step 1200 | loss 1.2440 | val_acc=0.4450 val_loss=1.3235 val_f1_macro=0.3157 val_f1_weighted=0.4153 val_prec_macro=0.4067 val_rec_macro=0.3172 val_metric_name=acc val_metric=0.4450
Step 1250 | loss 1.2346 | val_acc=0.4514 val_loss=1.3214 val_f1_macro=0.3206 val_f1_weighted=0.4228 val_prec_macro=0.4074 val_rec_macro=0.3214 val_metric_name=acc val_metric=0.4514
Step 1300 | loss 1.2288 | val_acc=0.4524 val_loss=1.3229 val_f1_macro=0.3224 val_f1_weighted=0.4236 val_prec_macro=0.4108 val_rec_macro=0.3224 val_metric_name=acc val_metric=0.4524
Step 1350 | loss 1.2208 | val_acc=0.4542 val_loss=1.3218 val_f1_macro=0.3279 val_f1_weighted=0.4281 val_prec_macro=0.4085 val_rec_macro=0.3265 val_metric_name=acc val_metric=0.4542
Step 1400 | loss 1.2141 | val_acc=0.4557 val_loss=1.3244 val_f1_macro=0.3312 val_f1_weighted=0.4296 val_prec_macro=0.4129 val_rec_macro=0.3281 val_metric_name=acc val_metric=0.4557
Step 1450 | loss 1.2033 | val_acc=0.4568 val_loss=1.3239 val_f1_macro=0.3329 val_f1_weighted=0.4311 val_prec_macro=0.4145 val_rec_macro=0.3297 val_metric_name=acc val_metric=0.4568
Step 1500 | loss 1.1998 | val_acc=0.4593 val_loss=1.3246 val_f1_macro=0.3378 val_f1_weighted=0.4349 val_prec_macro=0.4012 val_rec_macro=0.3340 val_metric_name=acc val_metric=0.4593
Step 1550 | loss 1.1922 | val_acc=0.4579 val_loss=1.3263 val_f1_macro=0.3356 val_f1_weighted=0.4328 val_prec_macro=0.3963 val_rec_macro=0.3326 val_metric_name=acc val_metric=0.4579
Step 1600 | loss 1.1800 | val_acc=0.4602 val_loss=1.3277 val_f1_macro=0.3382 val_f1_weighted=0.4352 val_prec_macro=0.3989 val_rec_macro=0.3351 val_metric_name=acc val_metric=0.4602
Step 1650 | loss 1.1807 | val_acc=0.4607 val_loss=1.3277 val_f1_macro=0.3424 val_f1_weighted=0.4374 val_prec_macro=0.4015 val_rec_macro=0.3370 val_metric_name=acc val_metric=0.4607
Step 1700 | loss 1.1686 | val_acc=0.4627 val_loss=1.3272 val_f1_macro=0.3438 val_f1_weighted=0.4392 val_prec_macro=0.4004 val_rec_macro=0.3392 val_metric_name=acc val_metric=0.4627
Step 1750 | loss 1.1679 | val_acc=0.4628 val_loss=1.3274 val_f1_macro=0.3461 val_f1_weighted=0.4398 val_prec_macro=0.4012 val_rec_macro=0.3413 val_metric_name=acc val_metric=0.4628
Step 1800 | loss 1.1627 | val_acc=0.4656 val_loss=1.3307 val_f1_macro=0.3503 val_f1_weighted=0.4432 val_prec_macro=0.4040 val_rec_macro=0.3444 val_metric_name=acc val_metric=0.4656
Step 1850 | loss 1.1564 | val_acc=0.4656 val_loss=1.3325 val_f1_macro=0.3543 val_f1_weighted=0.4442 val_prec_macro=0.4013 val_rec_macro=0.3483 val_metric_name=acc val_metric=0.4656
Step 1900 | loss 1.1457 | val_acc=0.4722 val_loss=1.3308 val_f1_macro=0.3584 val_f1_weighted=0.4501 val_prec_macro=0.4080 val_rec_macro=0.3531 val_metric_name=acc val_metric=0.4722
Step 1950 | loss 1.1391 | val_acc=0.4704 val_loss=1.3346 val_f1_macro=0.3592 val_f1_weighted=0.4498 val_prec_macro=0.4058 val_rec_macro=0.3529 val_metric_name=acc val_metric=0.4704
Step 2000 | loss 1.1324 | val_acc=0.4725 val_loss=1.3357 val_f1_macro=0.3637 val_f1_weighted=0.4527 val_prec_macro=0.4087 val_rec_macro=0.3567 val_metric_name=acc val_metric=0.4725
Step 2050 | loss 1.1262 | val_acc=0.4731 val_loss=1.3364 val_f1_macro=0.3640 val_f1_weighted=0.4531 val_prec_macro=0.4103 val_rec_macro=0.3567 val_metric_name=acc val_metric=0.4731
Step 2100 | loss 1.1168 | val_acc=0.4725 val_loss=1.3386 val_f1_macro=0.3618 val_f1_weighted=0.4519 val_prec_macro=0.4036 val_rec_macro=0.3563 val_metric_name=acc val_metric=0.4725
Step 2150 | loss 1.1118 | val_acc=0.4723 val_loss=1.3407 val_f1_macro=0.3668 val_f1_weighted=0.4544 val_prec_macro=0.4046 val_rec_macro=0.3599 val_metric_name=acc val_metric=0.4723
Step 2200 | loss 1.1120 | val_acc=0.4738 val_loss=1.3419 val_f1_macro=0.3688 val_f1_weighted=0.4565 val_prec_macro=0.4055 val_rec_macro=0.3616 val_metric_name=acc val_metric=0.4738
Step 2250 | loss 1.0995 | val_acc=0.4736 val_loss=1.3486 val_f1_macro=0.3695 val_f1_weighted=0.4563 val_prec_macro=0.4046 val_rec_macro=0.3627 val_metric_name=acc val_metric=0.4736
Step 2300 | loss 1.0934 | val_acc=0.4730 val_loss=1.3487 val_f1_macro=0.3687 val_f1_weighted=0.4559 val_prec_macro=0.4008 val_rec_macro=0.3626 val_metric_name=acc val_metric=0.4730
Step 2350 | loss 1.0851 | val_acc=0.4753 val_loss=1.3510 val_f1_macro=0.3711 val_f1_weighted=0.4582 val_prec_macro=0.4036 val_rec_macro=0.3648 val_metric_name=acc val_metric=0.4753
Step 2400 | loss 1.0861 | val_acc=0.4736 val_loss=1.3568 val_f1_macro=0.3723 val_f1_weighted=0.4575 val_prec_macro=0.4008 val_rec_macro=0.3667 val_metric_name=acc val_metric=0.4736
Step 2450 | loss 1.0784 | val_acc=0.4756 val_loss=1.3558 val_f1_macro=0.3743 val_f1_weighted=0.4599 val_prec_macro=0.4024 val_rec_macro=0.3686 val_metric_name=acc val_metric=0.4756
Step 2500 | loss 1.0663 | val_acc=0.4746 val_loss=1.3608 val_f1_macro=0.3746 val_f1_weighted=0.4595 val_prec_macro=0.4014 val_rec_macro=0.3690 val_metric_name=acc val_metric=0.4746
Early stopping at step 2520

--- Final (best ckpt @ step 2220) ---
  train_acc=0.5656 train_loss=1.0320 train_f1_macro=0.4836 train_f1_weighted=0.5517 train_prec_macro=0.5462 train_rec_macro=0.4641 train_metric_name=acc train_metric=0.5656
  val_acc=0.4779 val_loss=1.3467 val_f1_macro=0.3702 val_f1_weighted=0.4585 val_prec_macro=0.4103 val_rec_macro=0.3642 val_metric_name=acc val_metric=0.4779
  test_acc=0.4795 test_loss=1.3183 test_f1_macro=0.3807 test_f1_weighted=0.4616 test_prec_macro=0.4251 test_rec_macro=0.3720 test_metric_name=acc test_metric=0.4795
  test_acc=0.4795

============================================================
Training amazon-ratings GAT 3L h=384 lr=3e-05 split=5
============================================================
Training for 5000 steps
Step    1 | loss 1.9305 | val_acc=0.2497 val_loss=1.7260 val_f1_macro=0.1509 val_f1_weighted=0.1770 val_prec_macro=0.1165 val_rec_macro=0.2144 val_metric_name=acc val_metric=0.2497
Step   50 | loss 1.4185 | val_acc=0.3838 val_loss=1.3856 val_f1_macro=0.1562 val_f1_weighted=0.2627 val_prec_macro=0.1631 val_rec_macro=0.2179 val_metric_name=acc val_metric=0.3838
Step  100 | loss 1.3722 | val_acc=0.4045 val_loss=1.3567 val_f1_macro=0.2002 val_f1_weighted=0.3183 val_prec_macro=0.2537 val_rec_macro=0.2443 val_metric_name=acc val_metric=0.4045
Step  150 | loss 1.3342 | val_acc=0.4204 val_loss=1.3437 val_f1_macro=0.2411 val_f1_weighted=0.3624 val_prec_macro=0.2846 val_rec_macro=0.2698 val_metric_name=acc val_metric=0.4204
Step  200 | loss 1.3094 | val_acc=0.4352 val_loss=1.3353 val_f1_macro=0.2751 val_f1_weighted=0.3943 val_prec_macro=0.3555 val_rec_macro=0.2934 val_metric_name=acc val_metric=0.4352
Step  250 | loss 1.2780 | val_acc=0.4444 val_loss=1.3287 val_f1_macro=0.3036 val_f1_weighted=0.4161 val_prec_macro=0.3850 val_rec_macro=0.3125 val_metric_name=acc val_metric=0.4444
Step  300 | loss 1.2460 | val_acc=0.4483 val_loss=1.3352 val_f1_macro=0.3162 val_f1_weighted=0.4204 val_prec_macro=0.3991 val_rec_macro=0.3218 val_metric_name=acc val_metric=0.4483
Step  350 | loss 1.2111 | val_acc=0.4521 val_loss=1.3370 val_f1_macro=0.3276 val_f1_weighted=0.4306 val_prec_macro=0.3865 val_rec_macro=0.3293 val_metric_name=acc val_metric=0.4521
Step  400 | loss 1.1783 | val_acc=0.4529 val_loss=1.3313 val_f1_macro=0.3354 val_f1_weighted=0.4341 val_prec_macro=0.3883 val_rec_macro=0.3323 val_metric_name=acc val_metric=0.4529
Step  450 | loss 1.1562 | val_acc=0.4566 val_loss=1.3514 val_f1_macro=0.3424 val_f1_weighted=0.4396 val_prec_macro=0.3890 val_rec_macro=0.3392 val_metric_name=acc val_metric=0.4566
Step  500 | loss 1.1310 | val_acc=0.4668 val_loss=1.3563 val_f1_macro=0.3627 val_f1_weighted=0.4527 val_prec_macro=0.4083 val_rec_macro=0.3544 val_metric_name=acc val_metric=0.4668
Step  550 | loss 1.0992 | val_acc=0.4628 val_loss=1.3604 val_f1_macro=0.3718 val_f1_weighted=0.4526 val_prec_macro=0.3985 val_rec_macro=0.3644 val_metric_name=acc val_metric=0.4628
Step  600 | loss 1.0777 | val_acc=0.4679 val_loss=1.3747 val_f1_macro=0.3729 val_f1_weighted=0.4564 val_prec_macro=0.4049 val_rec_macro=0.3639 val_metric_name=acc val_metric=0.4679
Step  650 | loss 1.0649 | val_acc=0.4702 val_loss=1.3854 val_f1_macro=0.3778 val_f1_weighted=0.4598 val_prec_macro=0.4050 val_rec_macro=0.3697 val_metric_name=acc val_metric=0.4702
Step  700 | loss 1.0386 | val_acc=0.4730 val_loss=1.3948 val_f1_macro=0.3842 val_f1_weighted=0.4636 val_prec_macro=0.4086 val_rec_macro=0.3752 val_metric_name=acc val_metric=0.4730
Step  750 | loss 1.0148 | val_acc=0.4784 val_loss=1.4162 val_f1_macro=0.3900 val_f1_weighted=0.4677 val_prec_macro=0.4101 val_rec_macro=0.3836 val_metric_name=acc val_metric=0.4784
Step  800 | loss 0.9911 | val_acc=0.4790 val_loss=1.4276 val_f1_macro=0.3939 val_f1_weighted=0.4700 val_prec_macro=0.4173 val_rec_macro=0.3854 val_metric_name=acc val_metric=0.4790
Step  850 | loss 0.9780 | val_acc=0.4772 val_loss=1.4521 val_f1_macro=0.3980 val_f1_weighted=0.4712 val_prec_macro=0.4081 val_rec_macro=0.3939 val_metric_name=acc val_metric=0.4772
Step  900 | loss 0.9594 | val_acc=0.4802 val_loss=1.4616 val_f1_macro=0.4007 val_f1_weighted=0.4733 val_prec_macro=0.4149 val_rec_macro=0.3940 val_metric_name=acc val_metric=0.4802
Step  950 | loss 0.9416 | val_acc=0.4808 val_loss=1.4862 val_f1_macro=0.4032 val_f1_weighted=0.4749 val_prec_macro=0.4143 val_rec_macro=0.3984 val_metric_name=acc val_metric=0.4808
Step 1000 | loss 0.9325 | val_acc=0.4828 val_loss=1.5023 val_f1_macro=0.4086 val_f1_weighted=0.4767 val_prec_macro=0.4192 val_rec_macro=0.4045 val_metric_name=acc val_metric=0.4828
Step 1050 | loss 0.9092 | val_acc=0.4824 val_loss=1.5216 val_f1_macro=0.4112 val_f1_weighted=0.4772 val_prec_macro=0.4222 val_rec_macro=0.4066 val_metric_name=acc val_metric=0.4824
Step 1100 | loss 0.8921 | val_acc=0.4846 val_loss=1.5346 val_f1_macro=0.4101 val_f1_weighted=0.4800 val_prec_macro=0.4195 val_rec_macro=0.4046 val_metric_name=acc val_metric=0.4846
Step 1150 | loss 0.8848 | val_acc=0.4816 val_loss=1.5560 val_f1_macro=0.4074 val_f1_weighted=0.4772 val_prec_macro=0.4170 val_rec_macro=0.4021 val_metric_name=acc val_metric=0.4816
Step 1200 | loss 0.8660 | val_acc=0.4870 val_loss=1.5776 val_f1_macro=0.4119 val_f1_weighted=0.4821 val_prec_macro=0.4206 val_rec_macro=0.4076 val_metric_name=acc val_metric=0.4870
Step 1250 | loss 0.8578 | val_acc=0.4929 val_loss=1.5963 val_f1_macro=0.4171 val_f1_weighted=0.4881 val_prec_macro=0.4267 val_rec_macro=0.4119 val_metric_name=acc val_metric=0.4929
Step 1300 | loss 0.8351 | val_acc=0.4913 val_loss=1.6145 val_f1_macro=0.4211 val_f1_weighted=0.4878 val_prec_macro=0.4281 val_rec_macro=0.4175 val_metric_name=acc val_metric=0.4913
Step 1350 | loss 0.8230 | val_acc=0.4935 val_loss=1.6374 val_f1_macro=0.4227 val_f1_weighted=0.4900 val_prec_macro=0.4284 val_rec_macro=0.4202 val_metric_name=acc val_metric=0.4935
Step 1400 | loss 0.8071 | val_acc=0.4963 val_loss=1.6503 val_f1_macro=0.4248 val_f1_weighted=0.4927 val_prec_macro=0.4324 val_rec_macro=0.4207 val_metric_name=acc val_metric=0.4963
Step 1450 | loss 0.8031 | val_acc=0.4886 val_loss=1.6765 val_f1_macro=0.4209 val_f1_weighted=0.4862 val_prec_macro=0.4247 val_rec_macro=0.4197 val_metric_name=acc val_metric=0.4886
Step 1500 | loss 0.7886 | val_acc=0.4914 val_loss=1.6957 val_f1_macro=0.4229 val_f1_weighted=0.4900 val_prec_macro=0.4240 val_rec_macro=0.4231 val_metric_name=acc val_metric=0.4914
Step 1550 | loss 0.7752 | val_acc=0.4922 val_loss=1.7136 val_f1_macro=0.4279 val_f1_weighted=0.4904 val_prec_macro=0.4304 val_rec_macro=0.4271 val_metric_name=acc val_metric=0.4922
Step 1600 | loss 0.7653 | val_acc=0.4927 val_loss=1.7422 val_f1_macro=0.4246 val_f1_weighted=0.4907 val_prec_macro=0.4274 val_rec_macro=0.4233 val_metric_name=acc val_metric=0.4927
Step 1650 | loss 0.7554 | val_acc=0.4944 val_loss=1.7557 val_f1_macro=0.4312 val_f1_weighted=0.4927 val_prec_macro=0.4329 val_rec_macro=0.4310 val_metric_name=acc val_metric=0.4944
Step 1700 | loss 0.7355 | val_acc=0.4949 val_loss=1.7850 val_f1_macro=0.4305 val_f1_weighted=0.4935 val_prec_macro=0.4309 val_rec_macro=0.4313 val_metric_name=acc val_metric=0.4949
Step 1750 | loss 0.7298 | val_acc=0.4965 val_loss=1.7992 val_f1_macro=0.4290 val_f1_weighted=0.4945 val_prec_macro=0.4315 val_rec_macro=0.4285 val_metric_name=acc val_metric=0.4965
Step 1800 | loss 0.7199 | val_acc=0.4996 val_loss=1.8081 val_f1_macro=0.4344 val_f1_weighted=0.4975 val_prec_macro=0.4384 val_rec_macro=0.4321 val_metric_name=acc val_metric=0.4996
Step 1850 | loss 0.7051 | val_acc=0.4975 val_loss=1.8384 val_f1_macro=0.4317 val_f1_weighted=0.4959 val_prec_macro=0.4328 val_rec_macro=0.4322 val_metric_name=acc val_metric=0.4975
Step 1900 | loss 0.7004 | val_acc=0.5040 val_loss=1.8627 val_f1_macro=0.4354 val_f1_weighted=0.5023 val_prec_macro=0.4370 val_rec_macro=0.4352 val_metric_name=acc val_metric=0.5040
Step 1950 | loss 0.6876 | val_acc=0.4991 val_loss=1.8751 val_f1_macro=0.4346 val_f1_weighted=0.4979 val_prec_macro=0.4353 val_rec_macro=0.4351 val_metric_name=acc val_metric=0.4991
Step 2000 | loss 0.6763 | val_acc=0.4989 val_loss=1.9056 val_f1_macro=0.4319 val_f1_weighted=0.4972 val_prec_macro=0.4339 val_rec_macro=0.4319 val_metric_name=acc val_metric=0.4989
Step 2050 | loss 0.6648 | val_acc=0.5024 val_loss=1.9257 val_f1_macro=0.4353 val_f1_weighted=0.5006 val_prec_macro=0.4372 val_rec_macro=0.4344 val_metric_name=acc val_metric=0.5024
Step 2100 | loss 0.6585 | val_acc=0.4991 val_loss=1.9436 val_f1_macro=0.4365 val_f1_weighted=0.4980 val_prec_macro=0.4368 val_rec_macro=0.4373 val_metric_name=acc val_metric=0.4991
Step 2150 | loss 0.6477 | val_acc=0.5011 val_loss=1.9709 val_f1_macro=0.4369 val_f1_weighted=0.4996 val_prec_macro=0.4375 val_rec_macro=0.4382 val_metric_name=acc val_metric=0.5011
Step 2200 | loss 0.6437 | val_acc=0.5033 val_loss=1.9900 val_f1_macro=0.4394 val_f1_weighted=0.5020 val_prec_macro=0.4396 val_rec_macro=0.4405 val_metric_name=acc val_metric=0.5033
Step 2250 | loss 0.6243 | val_acc=0.5051 val_loss=2.0132 val_f1_macro=0.4387 val_f1_weighted=0.5037 val_prec_macro=0.4398 val_rec_macro=0.4389 val_metric_name=acc val_metric=0.5051
Step 2300 | loss 0.6183 | val_acc=0.5060 val_loss=2.0424 val_f1_macro=0.4410 val_f1_weighted=0.5045 val_prec_macro=0.4424 val_rec_macro=0.4408 val_metric_name=acc val_metric=0.5060
Step 2350 | loss 0.6128 | val_acc=0.5047 val_loss=2.0822 val_f1_macro=0.4402 val_f1_weighted=0.5036 val_prec_macro=0.4400 val_rec_macro=0.4416 val_metric_name=acc val_metric=0.5047
Step 2400 | loss 0.5970 | val_acc=0.5066 val_loss=2.0854 val_f1_macro=0.4421 val_f1_weighted=0.5051 val_prec_macro=0.4431 val_rec_macro=0.4424 val_metric_name=acc val_metric=0.5066
Step 2450 | loss 0.5935 | val_acc=0.5094 val_loss=2.1013 val_f1_macro=0.4478 val_f1_weighted=0.5086 val_prec_macro=0.4484 val_rec_macro=0.4478 val_metric_name=acc val_metric=0.5094
Step 2500 | loss 0.5849 | val_acc=0.5058 val_loss=2.1332 val_f1_macro=0.4452 val_f1_weighted=0.5051 val_prec_macro=0.4448 val_rec_macro=0.4465 val_metric_name=acc val_metric=0.5058
Step 2550 | loss 0.5816 | val_acc=0.5104 val_loss=2.1656 val_f1_macro=0.4456 val_f1_weighted=0.5091 val_prec_macro=0.4469 val_rec_macro=0.4452 val_metric_name=acc val_metric=0.5104
Step 2600 | loss 0.5704 | val_acc=0.5115 val_loss=2.1818 val_f1_macro=0.4510 val_f1_weighted=0.5106 val_prec_macro=0.4519 val_rec_macro=0.4509 val_metric_name=acc val_metric=0.5115
Step 2650 | loss 0.5566 | val_acc=0.5109 val_loss=2.2110 val_f1_macro=0.4516 val_f1_weighted=0.5099 val_prec_macro=0.4526 val_rec_macro=0.4518 val_metric_name=acc val_metric=0.5109
Step 2700 | loss 0.5493 | val_acc=0.5089 val_loss=2.2419 val_f1_macro=0.4470 val_f1_weighted=0.5080 val_prec_macro=0.4466 val_rec_macro=0.4483 val_metric_name=acc val_metric=0.5089
Step 2750 | loss 0.5406 | val_acc=0.5114 val_loss=2.2559 val_f1_macro=0.4498 val_f1_weighted=0.5100 val_prec_macro=0.4511 val_rec_macro=0.4494 val_metric_name=acc val_metric=0.5114
Step 2800 | loss 0.5352 | val_acc=0.5109 val_loss=2.2552 val_f1_macro=0.4507 val_f1_weighted=0.5096 val_prec_macro=0.4530 val_rec_macro=0.4496 val_metric_name=acc val_metric=0.5109
Step 2850 | loss 0.5272 | val_acc=0.5135 val_loss=2.2910 val_f1_macro=0.4538 val_f1_weighted=0.5125 val_prec_macro=0.4551 val_rec_macro=0.4533 val_metric_name=acc val_metric=0.5135
Step 2900 | loss 0.5179 | val_acc=0.5149 val_loss=2.3266 val_f1_macro=0.4557 val_f1_weighted=0.5136 val_prec_macro=0.4575 val_rec_macro=0.4548 val_metric_name=acc val_metric=0.5149
Step 2950 | loss 0.5222 | val_acc=0.5104 val_loss=2.3449 val_f1_macro=0.4510 val_f1_weighted=0.5091 val_prec_macro=0.4535 val_rec_macro=0.4491 val_metric_name=acc val_metric=0.5104
Step 3000 | loss 0.5047 | val_acc=0.5114 val_loss=2.3771 val_f1_macro=0.4525 val_f1_weighted=0.5101 val_prec_macro=0.4539 val_rec_macro=0.4523 val_metric_name=acc val_metric=0.5114
Step 3050 | loss 0.5045 | val_acc=0.5130 val_loss=2.3786 val_f1_macro=0.4504 val_f1_weighted=0.5116 val_prec_macro=0.4523 val_rec_macro=0.4495 val_metric_name=acc val_metric=0.5130
Step 3100 | loss 0.4874 | val_acc=0.5125 val_loss=2.3964 val_f1_macro=0.4534 val_f1_weighted=0.5112 val_prec_macro=0.4552 val_rec_macro=0.4526 val_metric_name=acc val_metric=0.5125
Step 3150 | loss 0.4905 | val_acc=0.5114 val_loss=2.4323 val_f1_macro=0.4507 val_f1_weighted=0.5103 val_prec_macro=0.4520 val_rec_macro=0.4506 val_metric_name=acc val_metric=0.5114
Step 3200 | loss 0.4798 | val_acc=0.5105 val_loss=2.4492 val_f1_macro=0.4517 val_f1_weighted=0.5098 val_prec_macro=0.4522 val_rec_macro=0.4518 val_metric_name=acc val_metric=0.5105
Step 3250 | loss 0.4763 | val_acc=0.5145 val_loss=2.4821 val_f1_macro=0.4541 val_f1_weighted=0.5133 val_prec_macro=0.4557 val_rec_macro=0.4532 val_metric_name=acc val_metric=0.5145
Step 3300 | loss 0.4685 | val_acc=0.5143 val_loss=2.5057 val_f1_macro=0.4553 val_f1_weighted=0.5130 val_prec_macro=0.4576 val_rec_macro=0.4539 val_metric_name=acc val_metric=0.5143
Step 3350 | loss 0.4478 | val_acc=0.5133 val_loss=2.5208 val_f1_macro=0.4535 val_f1_weighted=0.5124 val_prec_macro=0.4541 val_rec_macro=0.4536 val_metric_name=acc val_metric=0.5133
Step 3400 | loss 0.4533 | val_acc=0.5151 val_loss=2.5487 val_f1_macro=0.4551 val_f1_weighted=0.5141 val_prec_macro=0.4557 val_rec_macro=0.4553 val_metric_name=acc val_metric=0.5151
Step 3450 | loss 0.4503 | val_acc=0.5161 val_loss=2.5698 val_f1_macro=0.4554 val_f1_weighted=0.5154 val_prec_macro=0.4547 val_rec_macro=0.4572 val_metric_name=acc val_metric=0.5161
Step 3500 | loss 0.4417 | val_acc=0.5146 val_loss=2.5869 val_f1_macro=0.4534 val_f1_weighted=0.5136 val_prec_macro=0.4542 val_rec_macro=0.4532 val_metric_name=acc val_metric=0.5146
Step 3550 | loss 0.4437 | val_acc=0.5131 val_loss=2.6168 val_f1_macro=0.4547 val_f1_weighted=0.5123 val_prec_macro=0.4546 val_rec_macro=0.4556 val_metric_name=acc val_metric=0.5131
Step 3600 | loss 0.4294 | val_acc=0.5120 val_loss=2.6282 val_f1_macro=0.4513 val_f1_weighted=0.5107 val_prec_macro=0.4516 val_rec_macro=0.4521 val_metric_name=acc val_metric=0.5120
Step 3650 | loss 0.4294 | val_acc=0.5158 val_loss=2.6393 val_f1_macro=0.4566 val_f1_weighted=0.5146 val_prec_macro=0.4585 val_rec_macro=0.4554 val_metric_name=acc val_metric=0.5158
Step 3700 | loss 0.4229 | val_acc=0.5143 val_loss=2.6848 val_f1_macro=0.4544 val_f1_weighted=0.5136 val_prec_macro=0.4540 val_rec_macro=0.4553 val_metric_name=acc val_metric=0.5143
Step 3750 | loss 0.4155 | val_acc=0.5171 val_loss=2.6893 val_f1_macro=0.4580 val_f1_weighted=0.5161 val_prec_macro=0.4588 val_rec_macro=0.4578 val_metric_name=acc val_metric=0.5171
Step 3800 | loss 0.4096 | val_acc=0.5164 val_loss=2.6966 val_f1_macro=0.4585 val_f1_weighted=0.5154 val_prec_macro=0.4588 val_rec_macro=0.4589 val_metric_name=acc val_metric=0.5164
Step 3850 | loss 0.4071 | val_acc=0.5161 val_loss=2.7277 val_f1_macro=0.4583 val_f1_weighted=0.5147 val_prec_macro=0.4609 val_rec_macro=0.4566 val_metric_name=acc val_metric=0.5161
Step 3900 | loss 0.3958 | val_acc=0.5180 val_loss=2.7669 val_f1_macro=0.4600 val_f1_weighted=0.5171 val_prec_macro=0.4604 val_rec_macro=0.4602 val_metric_name=acc val_metric=0.5180
Step 3950 | loss 0.3968 | val_acc=0.5185 val_loss=2.7813 val_f1_macro=0.4600 val_f1_weighted=0.5176 val_prec_macro=0.4614 val_rec_macro=0.4593 val_metric_name=acc val_metric=0.5185
Step 4000 | loss 0.3914 | val_acc=0.5176 val_loss=2.8180 val_f1_macro=0.4603 val_f1_weighted=0.5169 val_prec_macro=0.4597 val_rec_macro=0.4616 val_metric_name=acc val_metric=0.5176
Step 4050 | loss 0.3925 | val_acc=0.5176 val_loss=2.8362 val_f1_macro=0.4607 val_f1_weighted=0.5169 val_prec_macro=0.4606 val_rec_macro=0.4611 val_metric_name=acc val_metric=0.5176
Step 4100 | loss 0.3757 | val_acc=0.5156 val_loss=2.8218 val_f1_macro=0.4579 val_f1_weighted=0.5149 val_prec_macro=0.4581 val_rec_macro=0.4582 val_metric_name=acc val_metric=0.5156
Step 4150 | loss 0.3830 | val_acc=0.5195 val_loss=2.8473 val_f1_macro=0.4649 val_f1_weighted=0.5186 val_prec_macro=0.4663 val_rec_macro=0.4644 val_metric_name=acc val_metric=0.5195
Step 4200 | loss 0.3641 | val_acc=0.5159 val_loss=2.8644 val_f1_macro=0.4598 val_f1_weighted=0.5152 val_prec_macro=0.4601 val_rec_macro=0.4600 val_metric_name=acc val_metric=0.5159
Step 4250 | loss 0.3721 | val_acc=0.5149 val_loss=2.8980 val_f1_macro=0.4572 val_f1_weighted=0.5141 val_prec_macro=0.4573 val_rec_macro=0.4578 val_metric_name=acc val_metric=0.5149
Step 4300 | loss 0.3620 | val_acc=0.5174 val_loss=2.9123 val_f1_macro=0.4626 val_f1_weighted=0.5165 val_prec_macro=0.4625 val_rec_macro=0.4635 val_metric_name=acc val_metric=0.5174
Step 4350 | loss 0.3596 | val_acc=0.5167 val_loss=2.9357 val_f1_macro=0.4609 val_f1_weighted=0.5160 val_prec_macro=0.4607 val_rec_macro=0.4619 val_metric_name=acc val_metric=0.5167
Step 4400 | loss 0.3515 | val_acc=0.5182 val_loss=2.9578 val_f1_macro=0.4611 val_f1_weighted=0.5173 val_prec_macro=0.4627 val_rec_macro=0.4602 val_metric_name=acc val_metric=0.5182
Step 4450 | loss 0.3483 | val_acc=0.5176 val_loss=2.9774 val_f1_macro=0.4629 val_f1_weighted=0.5164 val_prec_macro=0.4649 val_rec_macro=0.4615 val_metric_name=acc val_metric=0.5176
Step 4500 | loss 0.3454 | val_acc=0.5169 val_loss=2.9919 val_f1_macro=0.4629 val_f1_weighted=0.5158 val_prec_macro=0.4648 val_rec_macro=0.4618 val_metric_name=acc val_metric=0.5169
Step 4550 | loss 0.3410 | val_acc=0.5171 val_loss=3.0060 val_f1_macro=0.4618 val_f1_weighted=0.5164 val_prec_macro=0.4634 val_rec_macro=0.4609 val_metric_name=acc val_metric=0.5171
Step 4600 | loss 0.3404 | val_acc=0.5171 val_loss=3.0306 val_f1_macro=0.4628 val_f1_weighted=0.5162 val_prec_macro=0.4632 val_rec_macro=0.4632 val_metric_name=acc val_metric=0.5171
Step 4650 | loss 0.3312 | val_acc=0.5187 val_loss=3.0434 val_f1_macro=0.4644 val_f1_weighted=0.5178 val_prec_macro=0.4659 val_rec_macro=0.4634 val_metric_name=acc val_metric=0.5187
Step 4700 | loss 0.3296 | val_acc=0.5179 val_loss=3.0767 val_f1_macro=0.4636 val_f1_weighted=0.5171 val_prec_macro=0.4650 val_rec_macro=0.4629 val_metric_name=acc val_metric=0.5179
Step 4750 | loss 0.3308 | val_acc=0.5171 val_loss=3.0972 val_f1_macro=0.4624 val_f1_weighted=0.5161 val_prec_macro=0.4633 val_rec_macro=0.4623 val_metric_name=acc val_metric=0.5171
Step 4800 | loss 0.3309 | val_acc=0.5167 val_loss=3.1080 val_f1_macro=0.4630 val_f1_weighted=0.5160 val_prec_macro=0.4637 val_rec_macro=0.4631 val_metric_name=acc val_metric=0.5167
Step 4850 | loss 0.3194 | val_acc=0.5185 val_loss=3.1120 val_f1_macro=0.4643 val_f1_weighted=0.5174 val_prec_macro=0.4656 val_rec_macro=0.4637 val_metric_name=acc val_metric=0.5185
Step 4900 | loss 0.3177 | val_acc=0.5169 val_loss=3.1329 val_f1_macro=0.4634 val_f1_weighted=0.5163 val_prec_macro=0.4641 val_rec_macro=0.4632 val_metric_name=acc val_metric=0.5169
Step 4950 | loss 0.3093 | val_acc=0.5151 val_loss=3.1730 val_f1_macro=0.4618 val_f1_weighted=0.5142 val_prec_macro=0.4631 val_rec_macro=0.4611 val_metric_name=acc val_metric=0.5151
Step 5000 | loss 0.3137 | val_acc=0.5185 val_loss=3.1800 val_f1_macro=0.4643 val_f1_weighted=0.5174 val_prec_macro=0.4657 val_rec_macro=0.4637 val_metric_name=acc val_metric=0.5185

--- Final (best ckpt @ step 4150) ---
  train_acc=0.9198 train_loss=0.2040 train_f1_macro=0.9119 train_f1_weighted=0.9199 train_prec_macro=0.9090 train_rec_macro=0.9151 train_metric_name=acc train_metric=0.9198
  val_acc=0.5195 val_loss=2.8473 val_f1_macro=0.4649 val_f1_weighted=0.5186 val_prec_macro=0.4663 val_rec_macro=0.4644 val_metric_name=acc val_metric=0.5195
  test_acc=0.5153 test_loss=2.7965 test_f1_macro=0.4634 test_f1_weighted=0.5143 test_prec_macro=0.4658 test_rec_macro=0.4614 test_metric_name=acc test_metric=0.5153
  test_acc=0.5153

============================================================
Training amazon-ratings GAT 3L h=384 lr=6e-05 split=5
============================================================
Training for 5000 steps
Step    1 | loss 1.9305 | val_acc=0.2772 val_loss=1.5473 val_f1_macro=0.1412 val_f1_weighted=0.1779 val_prec_macro=0.1948 val_rec_macro=0.2156 val_metric_name=acc val_metric=0.2772
Step   50 | loss 1.3965 | val_acc=0.3951 val_loss=1.3714 val_f1_macro=0.1776 val_f1_weighted=0.2909 val_prec_macro=0.1664 val_rec_macro=0.2310 val_metric_name=acc val_metric=0.3951
Step  100 | loss 1.3323 | val_acc=0.4210 val_loss=1.3419 val_f1_macro=0.2408 val_f1_weighted=0.3613 val_prec_macro=0.2897 val_rec_macro=0.2701 val_metric_name=acc val_metric=0.4210
Step  150 | loss 1.2794 | val_acc=0.4405 val_loss=1.3300 val_f1_macro=0.2930 val_f1_weighted=0.4076 val_prec_macro=0.3826 val_rec_macro=0.3028 val_metric_name=acc val_metric=0.4405
Step  200 | loss 1.2334 | val_acc=0.4535 val_loss=1.3280 val_f1_macro=0.3171 val_f1_weighted=0.4277 val_prec_macro=0.3955 val_rec_macro=0.3200 val_metric_name=acc val_metric=0.4535
Step  250 | loss 1.1855 | val_acc=0.4529 val_loss=1.3389 val_f1_macro=0.3396 val_f1_weighted=0.4350 val_prec_macro=0.3832 val_rec_macro=0.3373 val_metric_name=acc val_metric=0.4529
Step  300 | loss 1.1334 | val_acc=0.4614 val_loss=1.3684 val_f1_macro=0.3539 val_f1_weighted=0.4436 val_prec_macro=0.3950 val_rec_macro=0.3524 val_metric_name=acc val_metric=0.4614
Step  350 | loss 1.0965 | val_acc=0.4664 val_loss=1.3746 val_f1_macro=0.3732 val_f1_weighted=0.4534 val_prec_macro=0.4039 val_rec_macro=0.3671 val_metric_name=acc val_metric=0.4664
Step  400 | loss 1.0464 | val_acc=0.4726 val_loss=1.3864 val_f1_macro=0.3803 val_f1_weighted=0.4611 val_prec_macro=0.4073 val_rec_macro=0.3727 val_metric_name=acc val_metric=0.4726
Step  450 | loss 1.0188 | val_acc=0.4741 val_loss=1.4141 val_f1_macro=0.3855 val_f1_weighted=0.4644 val_prec_macro=0.4090 val_rec_macro=0.3779 val_metric_name=acc val_metric=0.4741
Step  500 | loss 0.9875 | val_acc=0.4713 val_loss=1.4525 val_f1_macro=0.3907 val_f1_weighted=0.4650 val_prec_macro=0.4024 val_rec_macro=0.3863 val_metric_name=acc val_metric=0.4713
Step  550 | loss 0.9456 | val_acc=0.4808 val_loss=1.4785 val_f1_macro=0.4045 val_f1_weighted=0.4758 val_prec_macro=0.4124 val_rec_macro=0.4008 val_metric_name=acc val_metric=0.4808
Step  600 | loss 0.9230 | val_acc=0.4842 val_loss=1.5023 val_f1_macro=0.4081 val_f1_weighted=0.4786 val_prec_macro=0.4186 val_rec_macro=0.4030 val_metric_name=acc val_metric=0.4842
Step  650 | loss 0.8969 | val_acc=0.4842 val_loss=1.5374 val_f1_macro=0.4114 val_f1_weighted=0.4804 val_prec_macro=0.4187 val_rec_macro=0.4087 val_metric_name=acc val_metric=0.4842
Step  700 | loss 0.8669 | val_acc=0.4891 val_loss=1.5671 val_f1_macro=0.4178 val_f1_weighted=0.4850 val_prec_macro=0.4239 val_rec_macro=0.4154 val_metric_name=acc val_metric=0.4891
Step  750 | loss 0.8377 | val_acc=0.4898 val_loss=1.6115 val_f1_macro=0.4182 val_f1_weighted=0.4858 val_prec_macro=0.4234 val_rec_macro=0.4167 val_metric_name=acc val_metric=0.4898
Step  800 | loss 0.8072 | val_acc=0.4927 val_loss=1.6391 val_f1_macro=0.4236 val_f1_weighted=0.4894 val_prec_macro=0.4318 val_rec_macro=0.4194 val_metric_name=acc val_metric=0.4927
Step  850 | loss 0.7996 | val_acc=0.4891 val_loss=1.6799 val_f1_macro=0.4210 val_f1_weighted=0.4870 val_prec_macro=0.4221 val_rec_macro=0.4218 val_metric_name=acc val_metric=0.4891
Step  900 | loss 0.7625 | val_acc=0.4952 val_loss=1.7096 val_f1_macro=0.4265 val_f1_weighted=0.4920 val_prec_macro=0.4310 val_rec_macro=0.4243 val_metric_name=acc val_metric=0.4952
Step  950 | loss 0.7506 | val_acc=0.4914 val_loss=1.7563 val_f1_macro=0.4225 val_f1_weighted=0.4896 val_prec_macro=0.4243 val_rec_macro=0.4220 val_metric_name=acc val_metric=0.4914
Step 1000 | loss 0.7278 | val_acc=0.4921 val_loss=1.7894 val_f1_macro=0.4239 val_f1_weighted=0.4904 val_prec_macro=0.4246 val_rec_macro=0.4253 val_metric_name=acc val_metric=0.4921
Step 1050 | loss 0.7043 | val_acc=0.4988 val_loss=1.8283 val_f1_macro=0.4328 val_f1_weighted=0.4970 val_prec_macro=0.4343 val_rec_macro=0.4332 val_metric_name=acc val_metric=0.4988
Step 1100 | loss 0.6828 | val_acc=0.5001 val_loss=1.8699 val_f1_macro=0.4341 val_f1_weighted=0.4984 val_prec_macro=0.4363 val_rec_macro=0.4332 val_metric_name=acc val_metric=0.5001
Step 1150 | loss 0.6687 | val_acc=0.4965 val_loss=1.9099 val_f1_macro=0.4312 val_f1_weighted=0.4947 val_prec_macro=0.4325 val_rec_macro=0.4317 val_metric_name=acc val_metric=0.4965
Step 1200 | loss 0.6475 | val_acc=0.5025 val_loss=1.9482 val_f1_macro=0.4379 val_f1_weighted=0.5008 val_prec_macro=0.4393 val_rec_macro=0.4387 val_metric_name=acc val_metric=0.5025
Step 1250 | loss 0.6294 | val_acc=0.5038 val_loss=1.9987 val_f1_macro=0.4382 val_f1_weighted=0.5018 val_prec_macro=0.4404 val_rec_macro=0.4380 val_metric_name=acc val_metric=0.5038
Step 1300 | loss 0.6075 | val_acc=0.5014 val_loss=2.0467 val_f1_macro=0.4395 val_f1_weighted=0.5004 val_prec_macro=0.4389 val_rec_macro=0.4421 val_metric_name=acc val_metric=0.5014
Step 1350 | loss 0.5878 | val_acc=0.5027 val_loss=2.0835 val_f1_macro=0.4413 val_f1_weighted=0.5011 val_prec_macro=0.4414 val_rec_macro=0.4438 val_metric_name=acc val_metric=0.5027
Step 1400 | loss 0.5724 | val_acc=0.5012 val_loss=2.1329 val_f1_macro=0.4399 val_f1_weighted=0.5003 val_prec_macro=0.4399 val_rec_macro=0.4410 val_metric_name=acc val_metric=0.5012
Step 1450 | loss 0.5634 | val_acc=0.5022 val_loss=2.1702 val_f1_macro=0.4402 val_f1_weighted=0.5012 val_prec_macro=0.4404 val_rec_macro=0.4419 val_metric_name=acc val_metric=0.5022
Step 1500 | loss 0.5414 | val_acc=0.5065 val_loss=2.2105 val_f1_macro=0.4469 val_f1_weighted=0.5057 val_prec_macro=0.4458 val_rec_macro=0.4492 val_metric_name=acc val_metric=0.5065
Step 1550 | loss 0.5288 | val_acc=0.5055 val_loss=2.2753 val_f1_macro=0.4458 val_f1_weighted=0.5045 val_prec_macro=0.4457 val_rec_macro=0.4473 val_metric_name=acc val_metric=0.5055
Step 1600 | loss 0.5158 | val_acc=0.5051 val_loss=2.3048 val_f1_macro=0.4456 val_f1_weighted=0.5050 val_prec_macro=0.4439 val_rec_macro=0.4484 val_metric_name=acc val_metric=0.5051
Step 1650 | loss 0.4945 | val_acc=0.5047 val_loss=2.3511 val_f1_macro=0.4435 val_f1_weighted=0.5040 val_prec_macro=0.4425 val_rec_macro=0.4460 val_metric_name=acc val_metric=0.5047
Step 1700 | loss 0.4834 | val_acc=0.5035 val_loss=2.4009 val_f1_macro=0.4440 val_f1_weighted=0.5035 val_prec_macro=0.4420 val_rec_macro=0.4470 val_metric_name=acc val_metric=0.5035
Step 1750 | loss 0.4772 | val_acc=0.5065 val_loss=2.4327 val_f1_macro=0.4472 val_f1_weighted=0.5058 val_prec_macro=0.4465 val_rec_macro=0.4489 val_metric_name=acc val_metric=0.5065
Step 1800 | loss 0.4651 | val_acc=0.5097 val_loss=2.4605 val_f1_macro=0.4525 val_f1_weighted=0.5089 val_prec_macro=0.4535 val_rec_macro=0.4522 val_metric_name=acc val_metric=0.5097
Step 1850 | loss 0.4531 | val_acc=0.5073 val_loss=2.5161 val_f1_macro=0.4471 val_f1_weighted=0.5061 val_prec_macro=0.4481 val_rec_macro=0.4473 val_metric_name=acc val_metric=0.5073
Step 1900 | loss 0.4400 | val_acc=0.5061 val_loss=2.5447 val_f1_macro=0.4480 val_f1_weighted=0.5061 val_prec_macro=0.4463 val_rec_macro=0.4505 val_metric_name=acc val_metric=0.5061
Step 1950 | loss 0.4220 | val_acc=0.5110 val_loss=2.5798 val_f1_macro=0.4521 val_f1_weighted=0.5104 val_prec_macro=0.4525 val_rec_macro=0.4524 val_metric_name=acc val_metric=0.5110
Step 2000 | loss 0.4140 | val_acc=0.5100 val_loss=2.6392 val_f1_macro=0.4543 val_f1_weighted=0.5094 val_prec_macro=0.4540 val_rec_macro=0.4558 val_metric_name=acc val_metric=0.5100
Step 2050 | loss 0.4039 | val_acc=0.5097 val_loss=2.6859 val_f1_macro=0.4494 val_f1_weighted=0.5090 val_prec_macro=0.4502 val_rec_macro=0.4491 val_metric_name=acc val_metric=0.5097
Step 2100 | loss 0.3961 | val_acc=0.5092 val_loss=2.7396 val_f1_macro=0.4535 val_f1_weighted=0.5089 val_prec_macro=0.4534 val_rec_macro=0.4542 val_metric_name=acc val_metric=0.5092
Step 2150 | loss 0.3878 | val_acc=0.5107 val_loss=2.7751 val_f1_macro=0.4536 val_f1_weighted=0.5103 val_prec_macro=0.4528 val_rec_macro=0.4553 val_metric_name=acc val_metric=0.5107
Step 2200 | loss 0.3800 | val_acc=0.5109 val_loss=2.8064 val_f1_macro=0.4530 val_f1_weighted=0.5100 val_prec_macro=0.4533 val_rec_macro=0.4540 val_metric_name=acc val_metric=0.5109
Step 2250 | loss 0.3684 | val_acc=0.5117 val_loss=2.8215 val_f1_macro=0.4530 val_f1_weighted=0.5110 val_prec_macro=0.4539 val_rec_macro=0.4527 val_metric_name=acc val_metric=0.5117
Step 2300 | loss 0.3604 | val_acc=0.5105 val_loss=2.8799 val_f1_macro=0.4542 val_f1_weighted=0.5094 val_prec_macro=0.4561 val_rec_macro=0.4535 val_metric_name=acc val_metric=0.5105
Step 2350 | loss 0.3523 | val_acc=0.5122 val_loss=2.9539 val_f1_macro=0.4549 val_f1_weighted=0.5118 val_prec_macro=0.4541 val_rec_macro=0.4563 val_metric_name=acc val_metric=0.5122
Step 2400 | loss 0.3421 | val_acc=0.5112 val_loss=2.9561 val_f1_macro=0.4553 val_f1_weighted=0.5107 val_prec_macro=0.4542 val_rec_macro=0.4572 val_metric_name=acc val_metric=0.5112
Step 2450 | loss 0.3306 | val_acc=0.5110 val_loss=2.9859 val_f1_macro=0.4552 val_f1_weighted=0.5107 val_prec_macro=0.4551 val_rec_macro=0.4558 val_metric_name=acc val_metric=0.5110
Step 2500 | loss 0.3279 | val_acc=0.5092 val_loss=3.0000 val_f1_macro=0.4543 val_f1_weighted=0.5085 val_prec_macro=0.4547 val_rec_macro=0.4546 val_metric_name=acc val_metric=0.5092
Step 2550 | loss 0.3193 | val_acc=0.5128 val_loss=3.0704 val_f1_macro=0.4556 val_f1_weighted=0.5120 val_prec_macro=0.4565 val_rec_macro=0.4555 val_metric_name=acc val_metric=0.5128
Step 2600 | loss 0.3176 | val_acc=0.5092 val_loss=3.0762 val_f1_macro=0.4523 val_f1_weighted=0.5083 val_prec_macro=0.4548 val_rec_macro=0.4508 val_metric_name=acc val_metric=0.5092
Step 2650 | loss 0.3051 | val_acc=0.5146 val_loss=3.1451 val_f1_macro=0.4593 val_f1_weighted=0.5140 val_prec_macro=0.4595 val_rec_macro=0.4598 val_metric_name=acc val_metric=0.5146
Step 2700 | loss 0.2958 | val_acc=0.5135 val_loss=3.1767 val_f1_macro=0.4571 val_f1_weighted=0.5128 val_prec_macro=0.4568 val_rec_macro=0.4584 val_metric_name=acc val_metric=0.5135
Step 2750 | loss 0.2873 | val_acc=0.5154 val_loss=3.2151 val_f1_macro=0.4576 val_f1_weighted=0.5143 val_prec_macro=0.4588 val_rec_macro=0.4576 val_metric_name=acc val_metric=0.5154
Step 2800 | loss 0.2903 | val_acc=0.5136 val_loss=3.2236 val_f1_macro=0.4579 val_f1_weighted=0.5130 val_prec_macro=0.4587 val_rec_macro=0.4576 val_metric_name=acc val_metric=0.5136
Step 2850 | loss 0.2839 | val_acc=0.5122 val_loss=3.2602 val_f1_macro=0.4563 val_f1_weighted=0.5113 val_prec_macro=0.4579 val_rec_macro=0.4556 val_metric_name=acc val_metric=0.5122
Step 2900 | loss 0.2696 | val_acc=0.5123 val_loss=3.2822 val_f1_macro=0.4554 val_f1_weighted=0.5117 val_prec_macro=0.4563 val_rec_macro=0.4551 val_metric_name=acc val_metric=0.5123
Step 2950 | loss 0.2705 | val_acc=0.5143 val_loss=3.3135 val_f1_macro=0.4593 val_f1_weighted=0.5134 val_prec_macro=0.4610 val_rec_macro=0.4586 val_metric_name=acc val_metric=0.5143
Step 3000 | loss 0.2626 | val_acc=0.5127 val_loss=3.3373 val_f1_macro=0.4578 val_f1_weighted=0.5118 val_prec_macro=0.4599 val_rec_macro=0.4565 val_metric_name=acc val_metric=0.5127
Step 3050 | loss 0.2580 | val_acc=0.5146 val_loss=3.3683 val_f1_macro=0.4585 val_f1_weighted=0.5137 val_prec_macro=0.4606 val_rec_macro=0.4571 val_metric_name=acc val_metric=0.5146
Step 3100 | loss 0.2544 | val_acc=0.5145 val_loss=3.3994 val_f1_macro=0.4590 val_f1_weighted=0.5136 val_prec_macro=0.4622 val_rec_macro=0.4567 val_metric_name=acc val_metric=0.5145
Step 3150 | loss 0.2513 | val_acc=0.5146 val_loss=3.4223 val_f1_macro=0.4601 val_f1_weighted=0.5140 val_prec_macro=0.4614 val_rec_macro=0.4598 val_metric_name=acc val_metric=0.5146
Step 3200 | loss 0.2475 | val_acc=0.5118 val_loss=3.4832 val_f1_macro=0.4581 val_f1_weighted=0.5112 val_prec_macro=0.4607 val_rec_macro=0.4566 val_metric_name=acc val_metric=0.5118
Step 3250 | loss 0.2421 | val_acc=0.5158 val_loss=3.5172 val_f1_macro=0.4600 val_f1_weighted=0.5149 val_prec_macro=0.4619 val_rec_macro=0.4590 val_metric_name=acc val_metric=0.5158
Step 3300 | loss 0.2311 | val_acc=0.5133 val_loss=3.5097 val_f1_macro=0.4581 val_f1_weighted=0.5126 val_prec_macro=0.4599 val_rec_macro=0.4571 val_metric_name=acc val_metric=0.5133
Step 3350 | loss 0.2190 | val_acc=0.5133 val_loss=3.5497 val_f1_macro=0.4591 val_f1_weighted=0.5127 val_prec_macro=0.4605 val_rec_macro=0.4584 val_metric_name=acc val_metric=0.5133
Step 3400 | loss 0.2286 | val_acc=0.5163 val_loss=3.6142 val_f1_macro=0.4606 val_f1_weighted=0.5154 val_prec_macro=0.4624 val_rec_macro=0.4596 val_metric_name=acc val_metric=0.5163
Step 3450 | loss 0.2306 | val_acc=0.5145 val_loss=3.6163 val_f1_macro=0.4596 val_f1_weighted=0.5136 val_prec_macro=0.4611 val_rec_macro=0.4589 val_metric_name=acc val_metric=0.5145
Step 3500 | loss 0.2221 | val_acc=0.5164 val_loss=3.6444 val_f1_macro=0.4612 val_f1_weighted=0.5154 val_prec_macro=0.4636 val_rec_macro=0.4596 val_metric_name=acc val_metric=0.5164
Step 3550 | loss 0.2217 | val_acc=0.5133 val_loss=3.6513 val_f1_macro=0.4567 val_f1_weighted=0.5127 val_prec_macro=0.4570 val_rec_macro=0.4570 val_metric_name=acc val_metric=0.5133
Step 3600 | loss 0.2124 | val_acc=0.5136 val_loss=3.6718 val_f1_macro=0.4572 val_f1_weighted=0.5129 val_prec_macro=0.4583 val_rec_macro=0.4568 val_metric_name=acc val_metric=0.5136
Step 3650 | loss 0.2079 | val_acc=0.5163 val_loss=3.7285 val_f1_macro=0.4605 val_f1_weighted=0.5154 val_prec_macro=0.4620 val_rec_macro=0.4599 val_metric_name=acc val_metric=0.5163
Step 3700 | loss 0.2051 | val_acc=0.5153 val_loss=3.7654 val_f1_macro=0.4598 val_f1_weighted=0.5147 val_prec_macro=0.4604 val_rec_macro=0.4596 val_metric_name=acc val_metric=0.5153
Step 3750 | loss 0.2052 | val_acc=0.5169 val_loss=3.7856 val_f1_macro=0.4606 val_f1_weighted=0.5164 val_prec_macro=0.4611 val_rec_macro=0.4608 val_metric_name=acc val_metric=0.5169
Step 3800 | loss 0.2050 | val_acc=0.5127 val_loss=3.7851 val_f1_macro=0.4580 val_f1_weighted=0.5119 val_prec_macro=0.4598 val_rec_macro=0.4568 val_metric_name=acc val_metric=0.5127
Step 3850 | loss 0.1980 | val_acc=0.5146 val_loss=3.7729 val_f1_macro=0.4588 val_f1_weighted=0.5133 val_prec_macro=0.4619 val_rec_macro=0.4567 val_metric_name=acc val_metric=0.5146
Step 3900 | loss 0.1923 | val_acc=0.5140 val_loss=3.7877 val_f1_macro=0.4578 val_f1_weighted=0.5131 val_prec_macro=0.4597 val_rec_macro=0.4566 val_metric_name=acc val_metric=0.5140
Step 3950 | loss 0.1939 | val_acc=0.5179 val_loss=3.8560 val_f1_macro=0.4620 val_f1_weighted=0.5169 val_prec_macro=0.4646 val_rec_macro=0.4602 val_metric_name=acc val_metric=0.5179
Step 4000 | loss 0.1929 | val_acc=0.5171 val_loss=3.9215 val_f1_macro=0.4612 val_f1_weighted=0.5163 val_prec_macro=0.4626 val_rec_macro=0.4605 val_metric_name=acc val_metric=0.5171
Step 4050 | loss 0.1847 | val_acc=0.5158 val_loss=3.9192 val_f1_macro=0.4592 val_f1_weighted=0.5150 val_prec_macro=0.4609 val_rec_macro=0.4582 val_metric_name=acc val_metric=0.5158
Early stopping at step 4070

--- Final (best ckpt @ step 3770) ---
  train_acc=0.9748 train_loss=0.0727 train_f1_macro=0.9690 train_f1_weighted=0.9748 train_prec_macro=0.9692 train_rec_macro=0.9688 train_metric_name=acc train_metric=0.9748
  val_acc=0.5194 val_loss=3.7753 val_f1_macro=0.4619 val_f1_weighted=0.5181 val_prec_macro=0.4651 val_rec_macro=0.4598 val_metric_name=acc val_metric=0.5194
  test_acc=0.5231 test_loss=3.7044 test_f1_macro=0.4695 test_f1_weighted=0.5219 test_prec_macro=0.4735 test_rec_macro=0.4661 test_metric_name=acc test_metric=0.5231
  test_acc=0.5231

============================================================
Training amazon-ratings GAT 3L h=384 lr=0.0001 split=5
============================================================
Training for 5000 steps
Step    1 | loss 1.9305 | val_acc=0.3000 val_loss=1.4306 val_f1_macro=0.1661 val_f1_weighted=0.2494 val_prec_macro=0.1815 val_rec_macro=0.2054 val_metric_name=acc val_metric=0.3000
Step   50 | loss 1.3769 | val_acc=0.4021 val_loss=1.3575 val_f1_macro=0.1934 val_f1_weighted=0.3103 val_prec_macro=0.2438 val_rec_macro=0.2418 val_metric_name=acc val_metric=0.4021
Step  100 | loss 1.3044 | val_acc=0.4290 val_loss=1.3347 val_f1_macro=0.2743 val_f1_weighted=0.3938 val_prec_macro=0.3358 val_rec_macro=0.2880 val_metric_name=acc val_metric=0.4290
Step  150 | loss 1.2319 | val_acc=0.4504 val_loss=1.3274 val_f1_macro=0.3194 val_f1_weighted=0.4258 val_prec_macro=0.4028 val_rec_macro=0.3249 val_metric_name=acc val_metric=0.4504
Step  200 | loss 1.1637 | val_acc=0.4630 val_loss=1.3382 val_f1_macro=0.3395 val_f1_weighted=0.4399 val_prec_macro=0.4107 val_rec_macro=0.3363 val_metric_name=acc val_metric=0.4630
Step  250 | loss 1.1020 | val_acc=0.4651 val_loss=1.3729 val_f1_macro=0.3678 val_f1_weighted=0.4516 val_prec_macro=0.4006 val_rec_macro=0.3611 val_metric_name=acc val_metric=0.4651
Step  300 | loss 1.0371 | val_acc=0.4722 val_loss=1.4050 val_f1_macro=0.3813 val_f1_weighted=0.4594 val_prec_macro=0.4081 val_rec_macro=0.3737 val_metric_name=acc val_metric=0.4722
Step  350 | loss 0.9909 | val_acc=0.4720 val_loss=1.4442 val_f1_macro=0.3929 val_f1_weighted=0.4644 val_prec_macro=0.4023 val_rec_macro=0.3910 val_metric_name=acc val_metric=0.4720
Step  400 | loss 0.9270 | val_acc=0.4823 val_loss=1.4761 val_f1_macro=0.4022 val_f1_weighted=0.4756 val_prec_macro=0.4174 val_rec_macro=0.3955 val_metric_name=acc val_metric=0.4823
Step  450 | loss 0.8918 | val_acc=0.4859 val_loss=1.5306 val_f1_macro=0.4122 val_f1_weighted=0.4810 val_prec_macro=0.4216 val_rec_macro=0.4085 val_metric_name=acc val_metric=0.4859
Step  500 | loss 0.8511 | val_acc=0.4869 val_loss=1.5881 val_f1_macro=0.4145 val_f1_weighted=0.4832 val_prec_macro=0.4185 val_rec_macro=0.4144 val_metric_name=acc val_metric=0.4869
Step  550 | loss 0.8013 | val_acc=0.4904 val_loss=1.6551 val_f1_macro=0.4222 val_f1_weighted=0.4889 val_prec_macro=0.4236 val_rec_macro=0.4218 val_metric_name=acc val_metric=0.4904
Step  600 | loss 0.7759 | val_acc=0.4911 val_loss=1.7034 val_f1_macro=0.4197 val_f1_weighted=0.4883 val_prec_macro=0.4227 val_rec_macro=0.4189 val_metric_name=acc val_metric=0.4911
Step  650 | loss 0.7393 | val_acc=0.4919 val_loss=1.7677 val_f1_macro=0.4257 val_f1_weighted=0.4903 val_prec_macro=0.4273 val_rec_macro=0.4265 val_metric_name=acc val_metric=0.4919
Step  700 | loss 0.6977 | val_acc=0.4947 val_loss=1.8303 val_f1_macro=0.4296 val_f1_weighted=0.4937 val_prec_macro=0.4296 val_rec_macro=0.4311 val_metric_name=acc val_metric=0.4947
Step  750 | loss 0.6667 | val_acc=0.4975 val_loss=1.8973 val_f1_macro=0.4312 val_f1_weighted=0.4962 val_prec_macro=0.4311 val_rec_macro=0.4336 val_metric_name=acc val_metric=0.4975
Step  800 | loss 0.6318 | val_acc=0.5011 val_loss=1.9517 val_f1_macro=0.4372 val_f1_weighted=0.5001 val_prec_macro=0.4381 val_rec_macro=0.4380 val_metric_name=acc val_metric=0.5011
Step  850 | loss 0.6220 | val_acc=0.5020 val_loss=2.0284 val_f1_macro=0.4368 val_f1_weighted=0.5012 val_prec_macro=0.4359 val_rec_macro=0.4389 val_metric_name=acc val_metric=0.5020
Step  900 | loss 0.5799 | val_acc=0.5051 val_loss=2.1020 val_f1_macro=0.4403 val_f1_weighted=0.5040 val_prec_macro=0.4403 val_rec_macro=0.4416 val_metric_name=acc val_metric=0.5051
Step  950 | loss 0.5575 | val_acc=0.5040 val_loss=2.1990 val_f1_macro=0.4390 val_f1_weighted=0.5042 val_prec_macro=0.4368 val_rec_macro=0.4421 val_metric_name=acc val_metric=0.5040
Step 1000 | loss 0.5321 | val_acc=0.5065 val_loss=2.2424 val_f1_macro=0.4425 val_f1_weighted=0.5054 val_prec_macro=0.4433 val_rec_macro=0.4428 val_metric_name=acc val_metric=0.5065
Step 1050 | loss 0.5032 | val_acc=0.5074 val_loss=2.3084 val_f1_macro=0.4453 val_f1_weighted=0.5066 val_prec_macro=0.4461 val_rec_macro=0.4456 val_metric_name=acc val_metric=0.5074
Step 1100 | loss 0.4854 | val_acc=0.5078 val_loss=2.3496 val_f1_macro=0.4429 val_f1_weighted=0.5059 val_prec_macro=0.4464 val_rec_macro=0.4407 val_metric_name=acc val_metric=0.5078
Step 1150 | loss 0.4620 | val_acc=0.5082 val_loss=2.4584 val_f1_macro=0.4457 val_f1_weighted=0.5074 val_prec_macro=0.4453 val_rec_macro=0.4470 val_metric_name=acc val_metric=0.5082
Step 1200 | loss 0.4476 | val_acc=0.5074 val_loss=2.5280 val_f1_macro=0.4458 val_f1_weighted=0.5071 val_prec_macro=0.4452 val_rec_macro=0.4473 val_metric_name=acc val_metric=0.5074
Step 1250 | loss 0.4227 | val_acc=0.5122 val_loss=2.5944 val_f1_macro=0.4500 val_f1_weighted=0.5117 val_prec_macro=0.4492 val_rec_macro=0.4519 val_metric_name=acc val_metric=0.5122
Step 1300 | loss 0.4074 | val_acc=0.5068 val_loss=2.6678 val_f1_macro=0.4457 val_f1_weighted=0.5062 val_prec_macro=0.4457 val_rec_macro=0.4464 val_metric_name=acc val_metric=0.5068
Step 1350 | loss 0.3853 | val_acc=0.5102 val_loss=2.7091 val_f1_macro=0.4490 val_f1_weighted=0.5093 val_prec_macro=0.4491 val_rec_macro=0.4498 val_metric_name=acc val_metric=0.5102
Step 1400 | loss 0.3772 | val_acc=0.5120 val_loss=2.7438 val_f1_macro=0.4519 val_f1_weighted=0.5111 val_prec_macro=0.4532 val_rec_macro=0.4511 val_metric_name=acc val_metric=0.5120
Step 1450 | loss 0.3648 | val_acc=0.5112 val_loss=2.8129 val_f1_macro=0.4527 val_f1_weighted=0.5106 val_prec_macro=0.4531 val_rec_macro=0.4526 val_metric_name=acc val_metric=0.5112
Step 1500 | loss 0.3477 | val_acc=0.5107 val_loss=2.8967 val_f1_macro=0.4509 val_f1_weighted=0.5103 val_prec_macro=0.4507 val_rec_macro=0.4513 val_metric_name=acc val_metric=0.5107
Step 1550 | loss 0.3395 | val_acc=0.5114 val_loss=2.9591 val_f1_macro=0.4516 val_f1_weighted=0.5111 val_prec_macro=0.4510 val_rec_macro=0.4524 val_metric_name=acc val_metric=0.5114
Step 1600 | loss 0.3247 | val_acc=0.5112 val_loss=3.0297 val_f1_macro=0.4538 val_f1_weighted=0.5110 val_prec_macro=0.4530 val_rec_macro=0.4549 val_metric_name=acc val_metric=0.5112
Step 1650 | loss 0.3105 | val_acc=0.5123 val_loss=3.0442 val_f1_macro=0.4532 val_f1_weighted=0.5116 val_prec_macro=0.4533 val_rec_macro=0.4538 val_metric_name=acc val_metric=0.5123
Step 1700 | loss 0.2995 | val_acc=0.5153 val_loss=3.1219 val_f1_macro=0.4570 val_f1_weighted=0.5151 val_prec_macro=0.4559 val_rec_macro=0.4586 val_metric_name=acc val_metric=0.5153
Step 1750 | loss 0.2896 | val_acc=0.5118 val_loss=3.1542 val_f1_macro=0.4519 val_f1_weighted=0.5115 val_prec_macro=0.4521 val_rec_macro=0.4519 val_metric_name=acc val_metric=0.5118
Step 1800 | loss 0.2817 | val_acc=0.5148 val_loss=3.1938 val_f1_macro=0.4566 val_f1_weighted=0.5142 val_prec_macro=0.4584 val_rec_macro=0.4553 val_metric_name=acc val_metric=0.5148
Step 1850 | loss 0.2773 | val_acc=0.5148 val_loss=3.2622 val_f1_macro=0.4595 val_f1_weighted=0.5145 val_prec_macro=0.4588 val_rec_macro=0.4605 val_metric_name=acc val_metric=0.5148
Step 1900 | loss 0.2632 | val_acc=0.5146 val_loss=3.3139 val_f1_macro=0.4557 val_f1_weighted=0.5143 val_prec_macro=0.4555 val_rec_macro=0.4561 val_metric_name=acc val_metric=0.5146
Step 1950 | loss 0.2509 | val_acc=0.5156 val_loss=3.3360 val_f1_macro=0.4586 val_f1_weighted=0.5153 val_prec_macro=0.4588 val_rec_macro=0.4587 val_metric_name=acc val_metric=0.5156
Step 2000 | loss 0.2486 | val_acc=0.5143 val_loss=3.3958 val_f1_macro=0.4569 val_f1_weighted=0.5140 val_prec_macro=0.4573 val_rec_macro=0.4567 val_metric_name=acc val_metric=0.5143
Step 2050 | loss 0.2429 | val_acc=0.5187 val_loss=3.4397 val_f1_macro=0.4610 val_f1_weighted=0.5178 val_prec_macro=0.4631 val_rec_macro=0.4593 val_metric_name=acc val_metric=0.5187
Step 2100 | loss 0.2412 | val_acc=0.5169 val_loss=3.4475 val_f1_macro=0.4575 val_f1_weighted=0.5163 val_prec_macro=0.4591 val_rec_macro=0.4561 val_metric_name=acc val_metric=0.5169
Step 2150 | loss 0.2255 | val_acc=0.5159 val_loss=3.4857 val_f1_macro=0.4595 val_f1_weighted=0.5153 val_prec_macro=0.4612 val_rec_macro=0.4581 val_metric_name=acc val_metric=0.5159
Step 2200 | loss 0.2236 | val_acc=0.5187 val_loss=3.5962 val_f1_macro=0.4602 val_f1_weighted=0.5177 val_prec_macro=0.4627 val_rec_macro=0.4582 val_metric_name=acc val_metric=0.5187
Step 2250 | loss 0.2169 | val_acc=0.5203 val_loss=3.5383 val_f1_macro=0.4607 val_f1_weighted=0.5194 val_prec_macro=0.4635 val_rec_macro=0.4583 val_metric_name=acc val_metric=0.5203
Step 2300 | loss 0.2063 | val_acc=0.5215 val_loss=3.6266 val_f1_macro=0.4627 val_f1_weighted=0.5205 val_prec_macro=0.4650 val_rec_macro=0.4609 val_metric_name=acc val_metric=0.5215
Step 2350 | loss 0.2050 | val_acc=0.5207 val_loss=3.7046 val_f1_macro=0.4626 val_f1_weighted=0.5201 val_prec_macro=0.4634 val_rec_macro=0.4622 val_metric_name=acc val_metric=0.5207
Step 2400 | loss 0.1978 | val_acc=0.5154 val_loss=3.7052 val_f1_macro=0.4582 val_f1_weighted=0.5147 val_prec_macro=0.4603 val_rec_macro=0.4566 val_metric_name=acc val_metric=0.5154
Step 2450 | loss 0.1929 | val_acc=0.5207 val_loss=3.8136 val_f1_macro=0.4616 val_f1_weighted=0.5199 val_prec_macro=0.4632 val_rec_macro=0.4603 val_metric_name=acc val_metric=0.5207
Step 2500 | loss 0.1874 | val_acc=0.5194 val_loss=3.7833 val_f1_macro=0.4608 val_f1_weighted=0.5187 val_prec_macro=0.4619 val_rec_macro=0.4599 val_metric_name=acc val_metric=0.5194
Step 2550 | loss 0.1904 | val_acc=0.5177 val_loss=3.8138 val_f1_macro=0.4589 val_f1_weighted=0.5172 val_prec_macro=0.4594 val_rec_macro=0.4585 val_metric_name=acc val_metric=0.5177
Step 2600 | loss 0.1885 | val_acc=0.5202 val_loss=3.8466 val_f1_macro=0.4604 val_f1_weighted=0.5195 val_prec_macro=0.4612 val_rec_macro=0.4599 val_metric_name=acc val_metric=0.5202
Step 2650 | loss 0.1822 | val_acc=0.5207 val_loss=3.9163 val_f1_macro=0.4618 val_f1_weighted=0.5199 val_prec_macro=0.4637 val_rec_macro=0.4601 val_metric_name=acc val_metric=0.5207
Step 2700 | loss 0.1716 | val_acc=0.5187 val_loss=3.9362 val_f1_macro=0.4602 val_f1_weighted=0.5181 val_prec_macro=0.4618 val_rec_macro=0.4591 val_metric_name=acc val_metric=0.5187
Step 2750 | loss 0.1753 | val_acc=0.5197 val_loss=3.9940 val_f1_macro=0.4624 val_f1_weighted=0.5192 val_prec_macro=0.4634 val_rec_macro=0.4615 val_metric_name=acc val_metric=0.5197
Step 2800 | loss 0.1745 | val_acc=0.5220 val_loss=3.9531 val_f1_macro=0.4649 val_f1_weighted=0.5209 val_prec_macro=0.4676 val_rec_macro=0.4627 val_metric_name=acc val_metric=0.5220
Step 2850 | loss 0.1645 | val_acc=0.5194 val_loss=4.0009 val_f1_macro=0.4641 val_f1_weighted=0.5190 val_prec_macro=0.4651 val_rec_macro=0.4635 val_metric_name=acc val_metric=0.5194
Step 2900 | loss 0.1549 | val_acc=0.5194 val_loss=4.0635 val_f1_macro=0.4602 val_f1_weighted=0.5188 val_prec_macro=0.4613 val_rec_macro=0.4594 val_metric_name=acc val_metric=0.5194
Step 2950 | loss 0.1522 | val_acc=0.5198 val_loss=4.0812 val_f1_macro=0.4637 val_f1_weighted=0.5191 val_prec_macro=0.4654 val_rec_macro=0.4624 val_metric_name=acc val_metric=0.5198
Step 3000 | loss 0.1510 | val_acc=0.5203 val_loss=4.0994 val_f1_macro=0.4641 val_f1_weighted=0.5195 val_prec_macro=0.4664 val_rec_macro=0.4623 val_metric_name=acc val_metric=0.5203
Step 3050 | loss 0.1534 | val_acc=0.5244 val_loss=4.1552 val_f1_macro=0.4667 val_f1_weighted=0.5232 val_prec_macro=0.4695 val_rec_macro=0.4644 val_metric_name=acc val_metric=0.5244
Step 3100 | loss 0.1397 | val_acc=0.5177 val_loss=4.1769 val_f1_macro=0.4607 val_f1_weighted=0.5172 val_prec_macro=0.4619 val_rec_macro=0.4596 val_metric_name=acc val_metric=0.5177
Step 3150 | loss 0.1449 | val_acc=0.5195 val_loss=4.2076 val_f1_macro=0.4618 val_f1_weighted=0.5189 val_prec_macro=0.4631 val_rec_macro=0.4608 val_metric_name=acc val_metric=0.5195
Step 3200 | loss 0.1454 | val_acc=0.5194 val_loss=4.2417 val_f1_macro=0.4628 val_f1_weighted=0.5184 val_prec_macro=0.4647 val_rec_macro=0.4611 val_metric_name=acc val_metric=0.5194
Step 3250 | loss 0.1411 | val_acc=0.5200 val_loss=4.1854 val_f1_macro=0.4636 val_f1_weighted=0.5192 val_prec_macro=0.4649 val_rec_macro=0.4625 val_metric_name=acc val_metric=0.5200
Step 3300 | loss 0.1337 | val_acc=0.5192 val_loss=4.2499 val_f1_macro=0.4628 val_f1_weighted=0.5184 val_prec_macro=0.4645 val_rec_macro=0.4613 val_metric_name=acc val_metric=0.5192
Early stopping at step 3320

--- Final (best ckpt @ step 3020) ---
  train_acc=0.9858 train_loss=0.0426 train_f1_macro=0.9818 train_f1_weighted=0.9858 train_prec_macro=0.9798 train_rec_macro=0.9839 train_metric_name=acc train_metric=0.9858
  val_acc=0.5247 val_loss=4.0786 val_f1_macro=0.4682 val_f1_weighted=0.5238 val_prec_macro=0.4704 val_rec_macro=0.4665 val_metric_name=acc val_metric=0.5247
  test_acc=0.5200 test_loss=4.0178 test_f1_macro=0.4710 test_f1_weighted=0.5187 test_prec_macro=0.4754 test_rec_macro=0.4677 test_metric_name=acc test_metric=0.5200
  test_acc=0.5200

============================================================
Training amazon-ratings GAT 3L h=384 lr=1e-05 split=5
============================================================
Training for 5000 steps
Step    1 | loss 1.9305 | val_acc=0.0954 val_loss=1.8935 val_f1_macro=0.0818 val_f1_weighted=0.0847 val_prec_macro=0.1023 val_rec_macro=0.1874 val_metric_name=acc val_metric=0.0954
Step   50 | loss 1.4447 | val_acc=0.3706 val_loss=1.4203 val_f1_macro=0.1173 val_f1_weighted=0.2107 val_prec_macro=0.3763 val_rec_macro=0.2029 val_metric_name=acc val_metric=0.3706
Step  100 | loss 1.4196 | val_acc=0.3825 val_loss=1.3952 val_f1_macro=0.1508 val_f1_weighted=0.2556 val_prec_macro=0.3644 val_rec_macro=0.2157 val_metric_name=acc val_metric=0.3825
Step  150 | loss 1.4022 | val_acc=0.3933 val_loss=1.3793 val_f1_macro=0.1730 val_f1_weighted=0.2849 val_prec_macro=0.3406 val_rec_macro=0.2278 val_metric_name=acc val_metric=0.3933
Step  200 | loss 1.3916 | val_acc=0.4001 val_loss=1.3642 val_f1_macro=0.1895 val_f1_weighted=0.3055 val_prec_macro=0.2546 val_rec_macro=0.2379 val_metric_name=acc val_metric=0.4001
Step  250 | loss 1.3715 | val_acc=0.4075 val_loss=1.3552 val_f1_macro=0.2103 val_f1_weighted=0.3301 val_prec_macro=0.2376 val_rec_macro=0.2503 val_metric_name=acc val_metric=0.4075
Step  300 | loss 1.3557 | val_acc=0.4184 val_loss=1.3492 val_f1_macro=0.2351 val_f1_weighted=0.3571 val_prec_macro=0.2954 val_rec_macro=0.2654 val_metric_name=acc val_metric=0.4184
Step  350 | loss 1.3337 | val_acc=0.4241 val_loss=1.3449 val_f1_macro=0.2498 val_f1_weighted=0.3727 val_prec_macro=0.2979 val_rec_macro=0.2752 val_metric_name=acc val_metric=0.4241
Step  400 | loss 1.3223 | val_acc=0.4240 val_loss=1.3416 val_f1_macro=0.2562 val_f1_weighted=0.3791 val_prec_macro=0.2883 val_rec_macro=0.2789 val_metric_name=acc val_metric=0.4240
Step  450 | loss 1.3092 | val_acc=0.4326 val_loss=1.3387 val_f1_macro=0.2745 val_f1_weighted=0.3939 val_prec_macro=0.3519 val_rec_macro=0.2917 val_metric_name=acc val_metric=0.4326
Step  500 | loss 1.3042 | val_acc=0.4366 val_loss=1.3346 val_f1_macro=0.2848 val_f1_weighted=0.4021 val_prec_macro=0.3632 val_rec_macro=0.2989 val_metric_name=acc val_metric=0.4366
Step  550 | loss 1.2825 | val_acc=0.4415 val_loss=1.3340 val_f1_macro=0.2925 val_f1_weighted=0.4091 val_prec_macro=0.3620 val_rec_macro=0.3049 val_metric_name=acc val_metric=0.4415
Step  600 | loss 1.2684 | val_acc=0.4459 val_loss=1.3343 val_f1_macro=0.2999 val_f1_weighted=0.4149 val_prec_macro=0.3751 val_rec_macro=0.3104 val_metric_name=acc val_metric=0.4459
Step  650 | loss 1.2641 | val_acc=0.4460 val_loss=1.3317 val_f1_macro=0.3069 val_f1_weighted=0.4189 val_prec_macro=0.3788 val_rec_macro=0.3149 val_metric_name=acc val_metric=0.4460
Step  700 | loss 1.2546 | val_acc=0.4475 val_loss=1.3322 val_f1_macro=0.3160 val_f1_weighted=0.4217 val_prec_macro=0.3918 val_rec_macro=0.3190 val_metric_name=acc val_metric=0.4475
Step  750 | loss 1.2330 | val_acc=0.4473 val_loss=1.3334 val_f1_macro=0.3185 val_f1_weighted=0.4236 val_prec_macro=0.3943 val_rec_macro=0.3207 val_metric_name=acc val_metric=0.4473
Step  800 | loss 1.2299 | val_acc=0.4477 val_loss=1.3344 val_f1_macro=0.3193 val_f1_weighted=0.4247 val_prec_macro=0.3953 val_rec_macro=0.3211 val_metric_name=acc val_metric=0.4477
Step  850 | loss 1.2180 | val_acc=0.4514 val_loss=1.3352 val_f1_macro=0.3283 val_f1_weighted=0.4297 val_prec_macro=0.3993 val_rec_macro=0.3277 val_metric_name=acc val_metric=0.4514
Step  900 | loss 1.2080 | val_acc=0.4563 val_loss=1.3379 val_f1_macro=0.3312 val_f1_weighted=0.4353 val_prec_macro=0.3933 val_rec_macro=0.3309 val_metric_name=acc val_metric=0.4563
Step  950 | loss 1.1941 | val_acc=0.4535 val_loss=1.3387 val_f1_macro=0.3298 val_f1_weighted=0.4326 val_prec_macro=0.3900 val_rec_macro=0.3298 val_metric_name=acc val_metric=0.4535
Step 1000 | loss 1.1926 | val_acc=0.4571 val_loss=1.3421 val_f1_macro=0.3352 val_f1_weighted=0.4376 val_prec_macro=0.3889 val_rec_macro=0.3336 val_metric_name=acc val_metric=0.4571
Step 1050 | loss 1.1753 | val_acc=0.4529 val_loss=1.3417 val_f1_macro=0.3364 val_f1_weighted=0.4355 val_prec_macro=0.3794 val_rec_macro=0.3358 val_metric_name=acc val_metric=0.4529
Step 1100 | loss 1.1571 | val_acc=0.4586 val_loss=1.3471 val_f1_macro=0.3403 val_f1_weighted=0.4413 val_prec_macro=0.3843 val_rec_macro=0.3367 val_metric_name=acc val_metric=0.4586
Step 1150 | loss 1.1522 | val_acc=0.4586 val_loss=1.3469 val_f1_macro=0.3421 val_f1_weighted=0.4421 val_prec_macro=0.3822 val_rec_macro=0.3395 val_metric_name=acc val_metric=0.4586
Step 1200 | loss 1.1432 | val_acc=0.4604 val_loss=1.3495 val_f1_macro=0.3503 val_f1_weighted=0.4442 val_prec_macro=0.3917 val_rec_macro=0.3448 val_metric_name=acc val_metric=0.4604
Step 1250 | loss 1.1345 | val_acc=0.4625 val_loss=1.3525 val_f1_macro=0.3558 val_f1_weighted=0.4472 val_prec_macro=0.4012 val_rec_macro=0.3493 val_metric_name=acc val_metric=0.4625
Step 1300 | loss 1.1207 | val_acc=0.4624 val_loss=1.3560 val_f1_macro=0.3563 val_f1_weighted=0.4474 val_prec_macro=0.4023 val_rec_macro=0.3500 val_metric_name=acc val_metric=0.4624
Step 1350 | loss 1.1173 | val_acc=0.4650 val_loss=1.3589 val_f1_macro=0.3698 val_f1_weighted=0.4519 val_prec_macro=0.4088 val_rec_macro=0.3607 val_metric_name=acc val_metric=0.4650
Step 1400 | loss 1.1033 | val_acc=0.4625 val_loss=1.3661 val_f1_macro=0.3637 val_f1_weighted=0.4498 val_prec_macro=0.3997 val_rec_macro=0.3560 val_metric_name=acc val_metric=0.4625
Step 1450 | loss 1.1017 | val_acc=0.4653 val_loss=1.3618 val_f1_macro=0.3661 val_f1_weighted=0.4529 val_prec_macro=0.4030 val_rec_macro=0.3580 val_metric_name=acc val_metric=0.4653
Step 1500 | loss 1.0873 | val_acc=0.4663 val_loss=1.3718 val_f1_macro=0.3704 val_f1_weighted=0.4547 val_prec_macro=0.4008 val_rec_macro=0.3620 val_metric_name=acc val_metric=0.4663
Step 1550 | loss 1.0807 | val_acc=0.4656 val_loss=1.3762 val_f1_macro=0.3760 val_f1_weighted=0.4554 val_prec_macro=0.4041 val_rec_macro=0.3672 val_metric_name=acc val_metric=0.4656
Step 1600 | loss 1.0673 | val_acc=0.4676 val_loss=1.3849 val_f1_macro=0.3781 val_f1_weighted=0.4570 val_prec_macro=0.4067 val_rec_macro=0.3693 val_metric_name=acc val_metric=0.4676
Step 1650 | loss 1.0619 | val_acc=0.4697 val_loss=1.3852 val_f1_macro=0.3806 val_f1_weighted=0.4593 val_prec_macro=0.4074 val_rec_macro=0.3721 val_metric_name=acc val_metric=0.4697
Step 1700 | loss 1.0502 | val_acc=0.4689 val_loss=1.3872 val_f1_macro=0.3787 val_f1_weighted=0.4589 val_prec_macro=0.4034 val_rec_macro=0.3707 val_metric_name=acc val_metric=0.4689
Step 1750 | loss 1.0464 | val_acc=0.4687 val_loss=1.3966 val_f1_macro=0.3809 val_f1_weighted=0.4588 val_prec_macro=0.4038 val_rec_macro=0.3731 val_metric_name=acc val_metric=0.4687
Step 1800 | loss 1.0329 | val_acc=0.4704 val_loss=1.3985 val_f1_macro=0.3842 val_f1_weighted=0.4615 val_prec_macro=0.4063 val_rec_macro=0.3761 val_metric_name=acc val_metric=0.4704
Step 1850 | loss 1.0240 | val_acc=0.4708 val_loss=1.4104 val_f1_macro=0.3859 val_f1_weighted=0.4619 val_prec_macro=0.4073 val_rec_macro=0.3782 val_metric_name=acc val_metric=0.4708
Step 1900 | loss 1.0231 | val_acc=0.4762 val_loss=1.4088 val_f1_macro=0.3907 val_f1_weighted=0.4667 val_prec_macro=0.4127 val_rec_macro=0.3821 val_metric_name=acc val_metric=0.4762
Step 1950 | loss 1.0189 | val_acc=0.4718 val_loss=1.4184 val_f1_macro=0.3867 val_f1_weighted=0.4632 val_prec_macro=0.4067 val_rec_macro=0.3796 val_metric_name=acc val_metric=0.4718
Step 2000 | loss 1.0076 | val_acc=0.4718 val_loss=1.4272 val_f1_macro=0.3881 val_f1_weighted=0.4642 val_prec_macro=0.4064 val_rec_macro=0.3808 val_metric_name=acc val_metric=0.4718
Step 2050 | loss 0.9929 | val_acc=0.4746 val_loss=1.4266 val_f1_macro=0.3911 val_f1_weighted=0.4663 val_prec_macro=0.4092 val_rec_macro=0.3837 val_metric_name=acc val_metric=0.4746
Step 2100 | loss 0.9901 | val_acc=0.4736 val_loss=1.4357 val_f1_macro=0.3938 val_f1_weighted=0.4668 val_prec_macro=0.4081 val_rec_macro=0.3875 val_metric_name=acc val_metric=0.4736
Step 2150 | loss 0.9787 | val_acc=0.4762 val_loss=1.4399 val_f1_macro=0.3982 val_f1_weighted=0.4693 val_prec_macro=0.4133 val_rec_macro=0.3912 val_metric_name=acc val_metric=0.4762
Step 2200 | loss 0.9779 | val_acc=0.4790 val_loss=1.4435 val_f1_macro=0.3987 val_f1_weighted=0.4712 val_prec_macro=0.4158 val_rec_macro=0.3911 val_metric_name=acc val_metric=0.4790
Step 2250 | loss 0.9721 | val_acc=0.4762 val_loss=1.4524 val_f1_macro=0.3986 val_f1_weighted=0.4697 val_prec_macro=0.4122 val_rec_macro=0.3926 val_metric_name=acc val_metric=0.4762
Step 2300 | loss 0.9647 | val_acc=0.4815 val_loss=1.4537 val_f1_macro=0.4034 val_f1_weighted=0.4743 val_prec_macro=0.4181 val_rec_macro=0.3967 val_metric_name=acc val_metric=0.4815
Step 2350 | loss 0.9579 | val_acc=0.4771 val_loss=1.4656 val_f1_macro=0.4023 val_f1_weighted=0.4711 val_prec_macro=0.4150 val_rec_macro=0.3962 val_metric_name=acc val_metric=0.4771
Step 2400 | loss 0.9481 | val_acc=0.4795 val_loss=1.4691 val_f1_macro=0.4028 val_f1_weighted=0.4731 val_prec_macro=0.4167 val_rec_macro=0.3963 val_metric_name=acc val_metric=0.4795
Step 2450 | loss 0.9440 | val_acc=0.4782 val_loss=1.4769 val_f1_macro=0.4025 val_f1_weighted=0.4726 val_prec_macro=0.4137 val_rec_macro=0.3971 val_metric_name=acc val_metric=0.4782
Step 2500 | loss 0.9364 | val_acc=0.4820 val_loss=1.4878 val_f1_macro=0.4082 val_f1_weighted=0.4766 val_prec_macro=0.4186 val_rec_macro=0.4036 val_metric_name=acc val_metric=0.4820
Step 2550 | loss 0.9328 | val_acc=0.4831 val_loss=1.4853 val_f1_macro=0.4076 val_f1_weighted=0.4771 val_prec_macro=0.4206 val_rec_macro=0.4010 val_metric_name=acc val_metric=0.4831
Step 2600 | loss 0.9283 | val_acc=0.4813 val_loss=1.4992 val_f1_macro=0.4062 val_f1_weighted=0.4752 val_prec_macro=0.4192 val_rec_macro=0.3999 val_metric_name=acc val_metric=0.4813
Step 2650 | loss 0.9185 | val_acc=0.4859 val_loss=1.5082 val_f1_macro=0.4129 val_f1_weighted=0.4801 val_prec_macro=0.4244 val_rec_macro=0.4073 val_metric_name=acc val_metric=0.4859
Step 2700 | loss 0.9184 | val_acc=0.4823 val_loss=1.5123 val_f1_macro=0.4108 val_f1_weighted=0.4771 val_prec_macro=0.4203 val_rec_macro=0.4062 val_metric_name=acc val_metric=0.4823
Step 2750 | loss 0.9106 | val_acc=0.4829 val_loss=1.5186 val_f1_macro=0.4105 val_f1_weighted=0.4778 val_prec_macro=0.4191 val_rec_macro=0.4064 val_metric_name=acc val_metric=0.4829
Step 2800 | loss 0.9005 | val_acc=0.4831 val_loss=1.5247 val_f1_macro=0.4106 val_f1_weighted=0.4780 val_prec_macro=0.4204 val_rec_macro=0.4059 val_metric_name=acc val_metric=0.4831
Step 2850 | loss 0.9002 | val_acc=0.4834 val_loss=1.5296 val_f1_macro=0.4113 val_f1_weighted=0.4779 val_prec_macro=0.4231 val_rec_macro=0.4053 val_metric_name=acc val_metric=0.4834
Step 2900 | loss 0.8841 | val_acc=0.4831 val_loss=1.5362 val_f1_macro=0.4109 val_f1_weighted=0.4782 val_prec_macro=0.4194 val_rec_macro=0.4067 val_metric_name=acc val_metric=0.4831
Step 2950 | loss 0.8928 | val_acc=0.4849 val_loss=1.5416 val_f1_macro=0.4124 val_f1_weighted=0.4802 val_prec_macro=0.4220 val_rec_macro=0.4074 val_metric_name=acc val_metric=0.4849
Step 3000 | loss 0.8801 | val_acc=0.4841 val_loss=1.5501 val_f1_macro=0.4123 val_f1_weighted=0.4792 val_prec_macro=0.4210 val_rec_macro=0.4079 val_metric_name=acc val_metric=0.4841
Step 3050 | loss 0.8772 | val_acc=0.4846 val_loss=1.5611 val_f1_macro=0.4111 val_f1_weighted=0.4796 val_prec_macro=0.4199 val_rec_macro=0.4069 val_metric_name=acc val_metric=0.4846
Step 3100 | loss 0.8747 | val_acc=0.4864 val_loss=1.5676 val_f1_macro=0.4137 val_f1_weighted=0.4818 val_prec_macro=0.4217 val_rec_macro=0.4093 val_metric_name=acc val_metric=0.4864
Step 3150 | loss 0.8715 | val_acc=0.4860 val_loss=1.5763 val_f1_macro=0.4133 val_f1_weighted=0.4818 val_prec_macro=0.4205 val_rec_macro=0.4098 val_metric_name=acc val_metric=0.4860
Step 3200 | loss 0.8598 | val_acc=0.4880 val_loss=1.5805 val_f1_macro=0.4168 val_f1_weighted=0.4840 val_prec_macro=0.4233 val_rec_macro=0.4137 val_metric_name=acc val_metric=0.4880
Step 3250 | loss 0.8534 | val_acc=0.4898 val_loss=1.5918 val_f1_macro=0.4179 val_f1_weighted=0.4856 val_prec_macro=0.4248 val_rec_macro=0.4147 val_metric_name=acc val_metric=0.4898
Step 3300 | loss 0.8524 | val_acc=0.4890 val_loss=1.6002 val_f1_macro=0.4182 val_f1_weighted=0.4852 val_prec_macro=0.4241 val_rec_macro=0.4154 val_metric_name=acc val_metric=0.4890
Step 3350 | loss 0.8445 | val_acc=0.4909 val_loss=1.6065 val_f1_macro=0.4207 val_f1_weighted=0.4869 val_prec_macro=0.4278 val_rec_macro=0.4173 val_metric_name=acc val_metric=0.4909
Step 3400 | loss 0.8406 | val_acc=0.4908 val_loss=1.6079 val_f1_macro=0.4210 val_f1_weighted=0.4869 val_prec_macro=0.4270 val_rec_macro=0.4180 val_metric_name=acc val_metric=0.4908
Step 3450 | loss 0.8365 | val_acc=0.4931 val_loss=1.6172 val_f1_macro=0.4241 val_f1_weighted=0.4894 val_prec_macro=0.4297 val_rec_macro=0.4214 val_metric_name=acc val_metric=0.4931
Step 3500 | loss 0.8370 | val_acc=0.4898 val_loss=1.6277 val_f1_macro=0.4210 val_f1_weighted=0.4864 val_prec_macro=0.4266 val_rec_macro=0.4182 val_metric_name=acc val_metric=0.4898
Step 3550 | loss 0.8306 | val_acc=0.4929 val_loss=1.6320 val_f1_macro=0.4257 val_f1_weighted=0.4895 val_prec_macro=0.4313 val_rec_macro=0.4233 val_metric_name=acc val_metric=0.4929
Step 3600 | loss 0.8281 | val_acc=0.4929 val_loss=1.6384 val_f1_macro=0.4245 val_f1_weighted=0.4894 val_prec_macro=0.4301 val_rec_macro=0.4219 val_metric_name=acc val_metric=0.4929
Step 3650 | loss 0.8222 | val_acc=0.4913 val_loss=1.6460 val_f1_macro=0.4215 val_f1_weighted=0.4880 val_prec_macro=0.4276 val_rec_macro=0.4183 val_metric_name=acc val_metric=0.4913
Step 3700 | loss 0.8192 | val_acc=0.4904 val_loss=1.6539 val_f1_macro=0.4211 val_f1_weighted=0.4874 val_prec_macro=0.4256 val_rec_macro=0.4190 val_metric_name=acc val_metric=0.4904
Step 3750 | loss 0.8098 | val_acc=0.4913 val_loss=1.6603 val_f1_macro=0.4220 val_f1_weighted=0.4885 val_prec_macro=0.4258 val_rec_macro=0.4202 val_metric_name=acc val_metric=0.4913
Step 3800 | loss 0.8060 | val_acc=0.4937 val_loss=1.6696 val_f1_macro=0.4263 val_f1_weighted=0.4913 val_prec_macro=0.4288 val_rec_macro=0.4256 val_metric_name=acc val_metric=0.4937
Step 3850 | loss 0.7985 | val_acc=0.4929 val_loss=1.6776 val_f1_macro=0.4230 val_f1_weighted=0.4895 val_prec_macro=0.4287 val_rec_macro=0.4201 val_metric_name=acc val_metric=0.4929
Step 3900 | loss 0.7968 | val_acc=0.4929 val_loss=1.6783 val_f1_macro=0.4244 val_f1_weighted=0.4904 val_prec_macro=0.4278 val_rec_macro=0.4229 val_metric_name=acc val_metric=0.4929
Step 3950 | loss 0.7942 | val_acc=0.4903 val_loss=1.6989 val_f1_macro=0.4225 val_f1_weighted=0.4877 val_prec_macro=0.4265 val_rec_macro=0.4205 val_metric_name=acc val_metric=0.4903
Step 4000 | loss 0.7887 | val_acc=0.4904 val_loss=1.7041 val_f1_macro=0.4230 val_f1_weighted=0.4880 val_prec_macro=0.4262 val_rec_macro=0.4217 val_metric_name=acc val_metric=0.4904
Step 4050 | loss 0.7875 | val_acc=0.4940 val_loss=1.7069 val_f1_macro=0.4268 val_f1_weighted=0.4915 val_prec_macro=0.4312 val_rec_macro=0.4244 val_metric_name=acc val_metric=0.4940
Early stopping at step 4094

--- Final (best ckpt @ step 3790) ---
  train_acc=0.7074 train_loss=0.6692 train_f1_macro=0.6776 train_f1_weighted=0.7067 train_prec_macro=0.6852 train_rec_macro=0.6725 train_metric_name=acc train_metric=0.7074
  val_acc=0.4950 val_loss=1.6648 val_f1_macro=0.4268 val_f1_weighted=0.4918 val_prec_macro=0.4322 val_rec_macro=0.4241 val_metric_name=acc val_metric=0.4950
  test_acc=0.4859 test_loss=1.6246 test_f1_macro=0.4209 test_f1_weighted=0.4831 test_prec_macro=0.4263 test_rec_macro=0.4172 test_metric_name=acc test_metric=0.4859
  test_acc=0.4859

============================================================
Training amazon-ratings GAT 3L h=512 lr=3e-05 split=5
============================================================
Training for 5000 steps
Step    1 | loss 1.7720 | val_acc=0.3146 val_loss=1.4934 val_f1_macro=0.1495 val_f1_weighted=0.2445 val_prec_macro=0.1619 val_rec_macro=0.1917 val_metric_name=acc val_metric=0.3146
Step   50 | loss 1.4077 | val_acc=0.3898 val_loss=1.3824 val_f1_macro=0.1812 val_f1_weighted=0.2944 val_prec_macro=0.2777 val_rec_macro=0.2316 val_metric_name=acc val_metric=0.3898
Step  100 | loss 1.3587 | val_acc=0.4111 val_loss=1.3546 val_f1_macro=0.2104 val_f1_weighted=0.3305 val_prec_macro=0.2479 val_rec_macro=0.2548 val_metric_name=acc val_metric=0.4111
Step  150 | loss 1.3180 | val_acc=0.4241 val_loss=1.3380 val_f1_macro=0.2479 val_f1_weighted=0.3658 val_prec_macro=0.3545 val_rec_macro=0.2752 val_metric_name=acc val_metric=0.4241
Step  200 | loss 1.2815 | val_acc=0.4387 val_loss=1.3354 val_f1_macro=0.2874 val_f1_weighted=0.3994 val_prec_macro=0.3898 val_rec_macro=0.3015 val_metric_name=acc val_metric=0.4387
Step  250 | loss 1.2400 | val_acc=0.4509 val_loss=1.3335 val_f1_macro=0.3189 val_f1_weighted=0.4201 val_prec_macro=0.4049 val_rec_macro=0.3226 val_metric_name=acc val_metric=0.4509
Step  300 | loss 1.2011 | val_acc=0.4594 val_loss=1.3295 val_f1_macro=0.3403 val_f1_weighted=0.4363 val_prec_macro=0.4057 val_rec_macro=0.3364 val_metric_name=acc val_metric=0.4594
Step  350 | loss 1.1649 | val_acc=0.4588 val_loss=1.3356 val_f1_macro=0.3544 val_f1_weighted=0.4431 val_prec_macro=0.3961 val_rec_macro=0.3480 val_metric_name=acc val_metric=0.4588
Step  400 | loss 1.1324 | val_acc=0.4673 val_loss=1.3494 val_f1_macro=0.3705 val_f1_weighted=0.4526 val_prec_macro=0.4054 val_rec_macro=0.3621 val_metric_name=acc val_metric=0.4673
Step  450 | loss 1.0963 | val_acc=0.4673 val_loss=1.3576 val_f1_macro=0.3766 val_f1_weighted=0.4538 val_prec_macro=0.4099 val_rec_macro=0.3682 val_metric_name=acc val_metric=0.4673
Step  500 | loss 1.0714 | val_acc=0.4702 val_loss=1.3772 val_f1_macro=0.3802 val_f1_weighted=0.4580 val_prec_macro=0.4060 val_rec_macro=0.3728 val_metric_name=acc val_metric=0.4702
Step  550 | loss 1.0448 | val_acc=0.4764 val_loss=1.3882 val_f1_macro=0.3831 val_f1_weighted=0.4633 val_prec_macro=0.4124 val_rec_macro=0.3739 val_metric_name=acc val_metric=0.4764
Step  600 | loss 1.0180 | val_acc=0.4795 val_loss=1.4168 val_f1_macro=0.3994 val_f1_weighted=0.4703 val_prec_macro=0.4170 val_rec_macro=0.3927 val_metric_name=acc val_metric=0.4795
Step  650 | loss 0.9923 | val_acc=0.4851 val_loss=1.4338 val_f1_macro=0.4088 val_f1_weighted=0.4770 val_prec_macro=0.4275 val_rec_macro=0.4008 val_metric_name=acc val_metric=0.4851
Step  700 | loss 0.9678 | val_acc=0.4859 val_loss=1.4657 val_f1_macro=0.4124 val_f1_weighted=0.4783 val_prec_macro=0.4288 val_rec_macro=0.4049 val_metric_name=acc val_metric=0.4859
Step  750 | loss 0.9364 | val_acc=0.4865 val_loss=1.4856 val_f1_macro=0.4140 val_f1_weighted=0.4795 val_prec_macro=0.4306 val_rec_macro=0.4082 val_metric_name=acc val_metric=0.4865
Step  800 | loss 0.9263 | val_acc=0.4859 val_loss=1.5122 val_f1_macro=0.4153 val_f1_weighted=0.4802 val_prec_macro=0.4289 val_rec_macro=0.4088 val_metric_name=acc val_metric=0.4859
Step  850 | loss 0.9027 | val_acc=0.4922 val_loss=1.5275 val_f1_macro=0.4214 val_f1_weighted=0.4863 val_prec_macro=0.4345 val_rec_macro=0.4151 val_metric_name=acc val_metric=0.4922
Step  900 | loss 0.8802 | val_acc=0.4913 val_loss=1.5555 val_f1_macro=0.4245 val_f1_weighted=0.4866 val_prec_macro=0.4345 val_rec_macro=0.4192 val_metric_name=acc val_metric=0.4913
Step  950 | loss 0.8580 | val_acc=0.4929 val_loss=1.5815 val_f1_macro=0.4226 val_f1_weighted=0.4889 val_prec_macro=0.4326 val_rec_macro=0.4165 val_metric_name=acc val_metric=0.4929
Step 1000 | loss 0.8456 | val_acc=0.4937 val_loss=1.6034 val_f1_macro=0.4300 val_f1_weighted=0.4893 val_prec_macro=0.4380 val_rec_macro=0.4256 val_metric_name=acc val_metric=0.4937
Step 1050 | loss 0.8197 | val_acc=0.4950 val_loss=1.6312 val_f1_macro=0.4302 val_f1_weighted=0.4920 val_prec_macro=0.4364 val_rec_macro=0.4263 val_metric_name=acc val_metric=0.4950
Step 1100 | loss 0.8056 | val_acc=0.4940 val_loss=1.6638 val_f1_macro=0.4266 val_f1_weighted=0.4901 val_prec_macro=0.4356 val_rec_macro=0.4206 val_metric_name=acc val_metric=0.4940
Step 1150 | loss 0.7871 | val_acc=0.4952 val_loss=1.6906 val_f1_macro=0.4277 val_f1_weighted=0.4915 val_prec_macro=0.4326 val_rec_macro=0.4256 val_metric_name=acc val_metric=0.4952
Step 1200 | loss 0.7660 | val_acc=0.5068 val_loss=1.7151 val_f1_macro=0.4398 val_f1_weighted=0.5031 val_prec_macro=0.4471 val_rec_macro=0.4350 val_metric_name=acc val_metric=0.5068
Step 1250 | loss 0.7522 | val_acc=0.5019 val_loss=1.7548 val_f1_macro=0.4398 val_f1_weighted=0.4991 val_prec_macro=0.4439 val_rec_macro=0.4384 val_metric_name=acc val_metric=0.5019
Step 1300 | loss 0.7364 | val_acc=0.5006 val_loss=1.7770 val_f1_macro=0.4362 val_f1_weighted=0.4979 val_prec_macro=0.4407 val_rec_macro=0.4336 val_metric_name=acc val_metric=0.5006
Step 1350 | loss 0.7230 | val_acc=0.5020 val_loss=1.8024 val_f1_macro=0.4411 val_f1_weighted=0.4994 val_prec_macro=0.4447 val_rec_macro=0.4408 val_metric_name=acc val_metric=0.5020
Step 1400 | loss 0.7055 | val_acc=0.5033 val_loss=1.8478 val_f1_macro=0.4433 val_f1_weighted=0.5010 val_prec_macro=0.4479 val_rec_macro=0.4406 val_metric_name=acc val_metric=0.5033
Step 1450 | loss 0.6860 | val_acc=0.5040 val_loss=1.8652 val_f1_macro=0.4414 val_f1_weighted=0.5018 val_prec_macro=0.4445 val_rec_macro=0.4395 val_metric_name=acc val_metric=0.5040
Step 1500 | loss 0.6772 | val_acc=0.5053 val_loss=1.9037 val_f1_macro=0.4465 val_f1_weighted=0.5033 val_prec_macro=0.4501 val_rec_macro=0.4444 val_metric_name=acc val_metric=0.5053
Step 1550 | loss 0.6581 | val_acc=0.5068 val_loss=1.9424 val_f1_macro=0.4487 val_f1_weighted=0.5046 val_prec_macro=0.4524 val_rec_macro=0.4468 val_metric_name=acc val_metric=0.5068
Step 1600 | loss 0.6462 | val_acc=0.5020 val_loss=1.9759 val_f1_macro=0.4429 val_f1_weighted=0.5000 val_prec_macro=0.4457 val_rec_macro=0.4421 val_metric_name=acc val_metric=0.5020
Step 1650 | loss 0.6319 | val_acc=0.5019 val_loss=1.9907 val_f1_macro=0.4414 val_f1_weighted=0.5000 val_prec_macro=0.4425 val_rec_macro=0.4418 val_metric_name=acc val_metric=0.5019
Step 1700 | loss 0.6197 | val_acc=0.5061 val_loss=2.0110 val_f1_macro=0.4470 val_f1_weighted=0.5040 val_prec_macro=0.4520 val_rec_macro=0.4435 val_metric_name=acc val_metric=0.5061
Step 1750 | loss 0.6093 | val_acc=0.5038 val_loss=2.0450 val_f1_macro=0.4449 val_f1_weighted=0.5020 val_prec_macro=0.4473 val_rec_macro=0.4441 val_metric_name=acc val_metric=0.5038
Step 1800 | loss 0.5976 | val_acc=0.5058 val_loss=2.0848 val_f1_macro=0.4460 val_f1_weighted=0.5045 val_prec_macro=0.4464 val_rec_macro=0.4470 val_metric_name=acc val_metric=0.5058
Step 1850 | loss 0.5809 | val_acc=0.5063 val_loss=2.1300 val_f1_macro=0.4469 val_f1_weighted=0.5044 val_prec_macro=0.4493 val_rec_macro=0.4461 val_metric_name=acc val_metric=0.5063
Step 1900 | loss 0.5663 | val_acc=0.5092 val_loss=2.1486 val_f1_macro=0.4518 val_f1_weighted=0.5078 val_prec_macro=0.4531 val_rec_macro=0.4516 val_metric_name=acc val_metric=0.5092
Step 1950 | loss 0.5582 | val_acc=0.5089 val_loss=2.1818 val_f1_macro=0.4474 val_f1_weighted=0.5076 val_prec_macro=0.4479 val_rec_macro=0.4479 val_metric_name=acc val_metric=0.5089
Step 2000 | loss 0.5449 | val_acc=0.5074 val_loss=2.2283 val_f1_macro=0.4490 val_f1_weighted=0.5057 val_prec_macro=0.4517 val_rec_macro=0.4477 val_metric_name=acc val_metric=0.5074
Step 2050 | loss 0.5382 | val_acc=0.5071 val_loss=2.2452 val_f1_macro=0.4473 val_f1_weighted=0.5052 val_prec_macro=0.4510 val_rec_macro=0.4451 val_metric_name=acc val_metric=0.5071
Step 2100 | loss 0.5170 | val_acc=0.5066 val_loss=2.2755 val_f1_macro=0.4495 val_f1_weighted=0.5050 val_prec_macro=0.4511 val_rec_macro=0.4490 val_metric_name=acc val_metric=0.5066
Step 2150 | loss 0.5146 | val_acc=0.5082 val_loss=2.3018 val_f1_macro=0.4506 val_f1_weighted=0.5065 val_prec_macro=0.4526 val_rec_macro=0.4497 val_metric_name=acc val_metric=0.5082
Step 2200 | loss 0.4968 | val_acc=0.5099 val_loss=2.3492 val_f1_macro=0.4527 val_f1_weighted=0.5088 val_prec_macro=0.4529 val_rec_macro=0.4536 val_metric_name=acc val_metric=0.5099
Step 2250 | loss 0.4935 | val_acc=0.5086 val_loss=2.4076 val_f1_macro=0.4515 val_f1_weighted=0.5074 val_prec_macro=0.4531 val_rec_macro=0.4509 val_metric_name=acc val_metric=0.5086
Step 2300 | loss 0.4848 | val_acc=0.5104 val_loss=2.4204 val_f1_macro=0.4515 val_f1_weighted=0.5093 val_prec_macro=0.4521 val_rec_macro=0.4519 val_metric_name=acc val_metric=0.5104
Step 2350 | loss 0.4767 | val_acc=0.5148 val_loss=2.4623 val_f1_macro=0.4556 val_f1_weighted=0.5132 val_prec_macro=0.4582 val_rec_macro=0.4540 val_metric_name=acc val_metric=0.5148
Step 2400 | loss 0.4656 | val_acc=0.5135 val_loss=2.4862 val_f1_macro=0.4573 val_f1_weighted=0.5120 val_prec_macro=0.4586 val_rec_macro=0.4575 val_metric_name=acc val_metric=0.5135
Step 2450 | loss 0.4529 | val_acc=0.5164 val_loss=2.5235 val_f1_macro=0.4584 val_f1_weighted=0.5150 val_prec_macro=0.4598 val_rec_macro=0.4583 val_metric_name=acc val_metric=0.5164
Step 2500 | loss 0.4377 | val_acc=0.5158 val_loss=2.5670 val_f1_macro=0.4602 val_f1_weighted=0.5143 val_prec_macro=0.4620 val_rec_macro=0.4594 val_metric_name=acc val_metric=0.5158
Step 2550 | loss 0.4417 | val_acc=0.5143 val_loss=2.5806 val_f1_macro=0.4582 val_f1_weighted=0.5133 val_prec_macro=0.4595 val_rec_macro=0.4578 val_metric_name=acc val_metric=0.5143
Step 2600 | loss 0.4137 | val_acc=0.5146 val_loss=2.6129 val_f1_macro=0.4578 val_f1_weighted=0.5136 val_prec_macro=0.4590 val_rec_macro=0.4575 val_metric_name=acc val_metric=0.5146
Step 2650 | loss 0.4186 | val_acc=0.5153 val_loss=2.6692 val_f1_macro=0.4594 val_f1_weighted=0.5140 val_prec_macro=0.4603 val_rec_macro=0.4599 val_metric_name=acc val_metric=0.5153
Step 2700 | loss 0.4119 | val_acc=0.5167 val_loss=2.6860 val_f1_macro=0.4602 val_f1_weighted=0.5157 val_prec_macro=0.4611 val_rec_macro=0.4600 val_metric_name=acc val_metric=0.5167
Step 2750 | loss 0.4023 | val_acc=0.5164 val_loss=2.7235 val_f1_macro=0.4604 val_f1_weighted=0.5156 val_prec_macro=0.4607 val_rec_macro=0.4610 val_metric_name=acc val_metric=0.5164
Step 2800 | loss 0.3971 | val_acc=0.5166 val_loss=2.7469 val_f1_macro=0.4609 val_f1_weighted=0.5154 val_prec_macro=0.4613 val_rec_macro=0.4617 val_metric_name=acc val_metric=0.5166
Step 2850 | loss 0.3816 | val_acc=0.5177 val_loss=2.7836 val_f1_macro=0.4630 val_f1_weighted=0.5166 val_prec_macro=0.4641 val_rec_macro=0.4630 val_metric_name=acc val_metric=0.5177
Step 2900 | loss 0.3852 | val_acc=0.5171 val_loss=2.8307 val_f1_macro=0.4624 val_f1_weighted=0.5161 val_prec_macro=0.4635 val_rec_macro=0.4621 val_metric_name=acc val_metric=0.5171
Step 2950 | loss 0.3715 | val_acc=0.5167 val_loss=2.8433 val_f1_macro=0.4608 val_f1_weighted=0.5156 val_prec_macro=0.4621 val_rec_macro=0.4604 val_metric_name=acc val_metric=0.5167
Step 3000 | loss 0.3640 | val_acc=0.5177 val_loss=2.8633 val_f1_macro=0.4631 val_f1_weighted=0.5166 val_prec_macro=0.4651 val_rec_macro=0.4622 val_metric_name=acc val_metric=0.5177
Step 3050 | loss 0.3479 | val_acc=0.5195 val_loss=2.9276 val_f1_macro=0.4647 val_f1_weighted=0.5182 val_prec_macro=0.4672 val_rec_macro=0.4634 val_metric_name=acc val_metric=0.5195
Step 3100 | loss 0.3528 | val_acc=0.5179 val_loss=2.9237 val_f1_macro=0.4651 val_f1_weighted=0.5167 val_prec_macro=0.4676 val_rec_macro=0.4637 val_metric_name=acc val_metric=0.5179
Step 3150 | loss 0.3379 | val_acc=0.5151 val_loss=2.9546 val_f1_macro=0.4606 val_f1_weighted=0.5142 val_prec_macro=0.4613 val_rec_macro=0.4609 val_metric_name=acc val_metric=0.5151
Step 3200 | loss 0.3363 | val_acc=0.5189 val_loss=3.0004 val_f1_macro=0.4638 val_f1_weighted=0.5175 val_prec_macro=0.4662 val_rec_macro=0.4625 val_metric_name=acc val_metric=0.5189
Step 3250 | loss 0.3311 | val_acc=0.5159 val_loss=3.0531 val_f1_macro=0.4609 val_f1_weighted=0.5150 val_prec_macro=0.4621 val_rec_macro=0.4606 val_metric_name=acc val_metric=0.5159
Early stopping at step 3260

--- Final (best ckpt @ step 2960) ---
  train_acc=0.9228 train_loss=0.1945 train_f1_macro=0.9117 train_f1_weighted=0.9229 train_prec_macro=0.9077 train_rec_macro=0.9163 train_metric_name=acc train_metric=0.9228
  val_acc=0.5208 val_loss=2.8820 val_f1_macro=0.4656 val_f1_weighted=0.5196 val_prec_macro=0.4676 val_rec_macro=0.4646 val_metric_name=acc val_metric=0.5208
  test_acc=0.5166 test_loss=2.8265 test_f1_macro=0.4635 test_f1_weighted=0.5158 test_prec_macro=0.4648 test_rec_macro=0.4625 test_metric_name=acc test_metric=0.5166
  test_acc=0.5166

============================================================
Training amazon-ratings GAT 3L h=512 lr=6e-05 split=5
============================================================
Training for 5000 steps
Step    1 | loss 1.7720 | val_acc=0.3696 val_loss=1.4832 val_f1_macro=0.1124 val_f1_weighted=0.2043 val_prec_macro=0.3478 val_rec_macro=0.2016 val_metric_name=acc val_metric=0.3696
Step   50 | loss 1.3837 | val_acc=0.4042 val_loss=1.3680 val_f1_macro=0.1961 val_f1_weighted=0.3137 val_prec_macro=0.2290 val_rec_macro=0.2462 val_metric_name=acc val_metric=0.4042
Step  100 | loss 1.3179 | val_acc=0.4251 val_loss=1.3398 val_f1_macro=0.2484 val_f1_weighted=0.3682 val_prec_macro=0.3449 val_rec_macro=0.2775 val_metric_name=acc val_metric=0.4251
Step  150 | loss 1.2569 | val_acc=0.4467 val_loss=1.3273 val_f1_macro=0.3140 val_f1_weighted=0.4163 val_prec_macro=0.4050 val_rec_macro=0.3192 val_metric_name=acc val_metric=0.4467
Step  200 | loss 1.1997 | val_acc=0.4570 val_loss=1.3237 val_f1_macro=0.3382 val_f1_weighted=0.4351 val_prec_macro=0.3853 val_rec_macro=0.3362 val_metric_name=acc val_metric=0.4570
Step  250 | loss 1.1406 | val_acc=0.4697 val_loss=1.3442 val_f1_macro=0.3635 val_f1_weighted=0.4469 val_prec_macro=0.4177 val_rec_macro=0.3551 val_metric_name=acc val_metric=0.4697
Step  300 | loss 1.0821 | val_acc=0.4705 val_loss=1.3632 val_f1_macro=0.3862 val_f1_weighted=0.4606 val_prec_macro=0.4073 val_rec_macro=0.3793 val_metric_name=acc val_metric=0.4705
Step  350 | loss 1.0391 | val_acc=0.4705 val_loss=1.3971 val_f1_macro=0.3883 val_f1_weighted=0.4619 val_prec_macro=0.4104 val_rec_macro=0.3794 val_metric_name=acc val_metric=0.4705
Step  400 | loss 0.9952 | val_acc=0.4802 val_loss=1.4297 val_f1_macro=0.4013 val_f1_weighted=0.4712 val_prec_macro=0.4220 val_rec_macro=0.3934 val_metric_name=acc val_metric=0.4802
Step  450 | loss 0.9490 | val_acc=0.4870 val_loss=1.4733 val_f1_macro=0.4111 val_f1_weighted=0.4790 val_prec_macro=0.4283 val_rec_macro=0.4046 val_metric_name=acc val_metric=0.4870
Step  500 | loss 0.9178 | val_acc=0.4864 val_loss=1.5053 val_f1_macro=0.4163 val_f1_weighted=0.4799 val_prec_macro=0.4319 val_rec_macro=0.4089 val_metric_name=acc val_metric=0.4864
Step  550 | loss 0.8775 | val_acc=0.4929 val_loss=1.5439 val_f1_macro=0.4222 val_f1_weighted=0.4871 val_prec_macro=0.4360 val_rec_macro=0.4141 val_metric_name=acc val_metric=0.4929
Step  600 | loss 0.8404 | val_acc=0.4965 val_loss=1.6041 val_f1_macro=0.4283 val_f1_weighted=0.4924 val_prec_macro=0.4334 val_rec_macro=0.4267 val_metric_name=acc val_metric=0.4965
Step  650 | loss 0.8098 | val_acc=0.4993 val_loss=1.6393 val_f1_macro=0.4301 val_f1_weighted=0.4950 val_prec_macro=0.4403 val_rec_macro=0.4239 val_metric_name=acc val_metric=0.4993
Step  700 | loss 0.7704 | val_acc=0.5032 val_loss=1.7041 val_f1_macro=0.4390 val_f1_weighted=0.5001 val_prec_macro=0.4438 val_rec_macro=0.4365 val_metric_name=acc val_metric=0.5032
Step  750 | loss 0.7389 | val_acc=0.4989 val_loss=1.7457 val_f1_macro=0.4367 val_f1_weighted=0.4966 val_prec_macro=0.4413 val_rec_macro=0.4344 val_metric_name=acc val_metric=0.4989
Step  800 | loss 0.7184 | val_acc=0.5014 val_loss=1.8037 val_f1_macro=0.4369 val_f1_weighted=0.4992 val_prec_macro=0.4402 val_rec_macro=0.4363 val_metric_name=acc val_metric=0.5014
Step  850 | loss 0.6909 | val_acc=0.5055 val_loss=1.8492 val_f1_macro=0.4436 val_f1_weighted=0.5032 val_prec_macro=0.4479 val_rec_macro=0.4413 val_metric_name=acc val_metric=0.5055
Step  900 | loss 0.6512 | val_acc=0.5073 val_loss=1.9333 val_f1_macro=0.4436 val_f1_weighted=0.5054 val_prec_macro=0.4455 val_rec_macro=0.4430 val_metric_name=acc val_metric=0.5073
Step  950 | loss 0.6305 | val_acc=0.5040 val_loss=1.9795 val_f1_macro=0.4440 val_f1_weighted=0.5026 val_prec_macro=0.4462 val_rec_macro=0.4426 val_metric_name=acc val_metric=0.5040
Step 1000 | loss 0.6066 | val_acc=0.5040 val_loss=2.0155 val_f1_macro=0.4426 val_f1_weighted=0.5024 val_prec_macro=0.4455 val_rec_macro=0.4412 val_metric_name=acc val_metric=0.5040
Step 1050 | loss 0.5735 | val_acc=0.5102 val_loss=2.0819 val_f1_macro=0.4490 val_f1_weighted=0.5090 val_prec_macro=0.4492 val_rec_macro=0.4500 val_metric_name=acc val_metric=0.5102
Step 1100 | loss 0.5574 | val_acc=0.5148 val_loss=2.1661 val_f1_macro=0.4541 val_f1_weighted=0.5131 val_prec_macro=0.4563 val_rec_macro=0.4534 val_metric_name=acc val_metric=0.5148
Step 1150 | loss 0.5326 | val_acc=0.5112 val_loss=2.1910 val_f1_macro=0.4478 val_f1_weighted=0.5102 val_prec_macro=0.4482 val_rec_macro=0.4484 val_metric_name=acc val_metric=0.5112
Step 1200 | loss 0.5122 | val_acc=0.5138 val_loss=2.2689 val_f1_macro=0.4534 val_f1_weighted=0.5122 val_prec_macro=0.4554 val_rec_macro=0.4530 val_metric_name=acc val_metric=0.5138
Step 1250 | loss 0.4924 | val_acc=0.5110 val_loss=2.3102 val_f1_macro=0.4496 val_f1_weighted=0.5102 val_prec_macro=0.4499 val_rec_macro=0.4506 val_metric_name=acc val_metric=0.5110
Step 1300 | loss 0.4763 | val_acc=0.5172 val_loss=2.3730 val_f1_macro=0.4582 val_f1_weighted=0.5163 val_prec_macro=0.4589 val_rec_macro=0.4585 val_metric_name=acc val_metric=0.5172
Step 1350 | loss 0.4514 | val_acc=0.5114 val_loss=2.4477 val_f1_macro=0.4540 val_f1_weighted=0.5111 val_prec_macro=0.4532 val_rec_macro=0.4557 val_metric_name=acc val_metric=0.5114
Step 1400 | loss 0.4336 | val_acc=0.5171 val_loss=2.5488 val_f1_macro=0.4586 val_f1_weighted=0.5164 val_prec_macro=0.4590 val_rec_macro=0.4593 val_metric_name=acc val_metric=0.5171
Step 1450 | loss 0.4195 | val_acc=0.5156 val_loss=2.5902 val_f1_macro=0.4546 val_f1_weighted=0.5144 val_prec_macro=0.4565 val_rec_macro=0.4540 val_metric_name=acc val_metric=0.5156
Step 1500 | loss 0.4021 | val_acc=0.5151 val_loss=2.6310 val_f1_macro=0.4568 val_f1_weighted=0.5146 val_prec_macro=0.4567 val_rec_macro=0.4581 val_metric_name=acc val_metric=0.5151
Step 1550 | loss 0.3845 | val_acc=0.5205 val_loss=2.6921 val_f1_macro=0.4617 val_f1_weighted=0.5199 val_prec_macro=0.4618 val_rec_macro=0.4623 val_metric_name=acc val_metric=0.5205
Step 1600 | loss 0.3773 | val_acc=0.5159 val_loss=2.7729 val_f1_macro=0.4575 val_f1_weighted=0.5150 val_prec_macro=0.4584 val_rec_macro=0.4577 val_metric_name=acc val_metric=0.5159
Step 1650 | loss 0.3624 | val_acc=0.5169 val_loss=2.8169 val_f1_macro=0.4611 val_f1_weighted=0.5166 val_prec_macro=0.4608 val_rec_macro=0.4621 val_metric_name=acc val_metric=0.5169
Step 1700 | loss 0.3479 | val_acc=0.5185 val_loss=2.8688 val_f1_macro=0.4605 val_f1_weighted=0.5175 val_prec_macro=0.4628 val_rec_macro=0.4589 val_metric_name=acc val_metric=0.5185
Step 1750 | loss 0.3386 | val_acc=0.5200 val_loss=2.9499 val_f1_macro=0.4631 val_f1_weighted=0.5192 val_prec_macro=0.4637 val_rec_macro=0.4638 val_metric_name=acc val_metric=0.5200
Step 1800 | loss 0.3270 | val_acc=0.5190 val_loss=2.9973 val_f1_macro=0.4629 val_f1_weighted=0.5186 val_prec_macro=0.4623 val_rec_macro=0.4644 val_metric_name=acc val_metric=0.5190
Step 1850 | loss 0.3164 | val_acc=0.5200 val_loss=3.0235 val_f1_macro=0.4632 val_f1_weighted=0.5196 val_prec_macro=0.4635 val_rec_macro=0.4639 val_metric_name=acc val_metric=0.5200
Step 1900 | loss 0.3052 | val_acc=0.5225 val_loss=3.0812 val_f1_macro=0.4661 val_f1_weighted=0.5215 val_prec_macro=0.4672 val_rec_macro=0.4660 val_metric_name=acc val_metric=0.5225
Step 1950 | loss 0.2874 | val_acc=0.5167 val_loss=3.1144 val_f1_macro=0.4591 val_f1_weighted=0.5164 val_prec_macro=0.4592 val_rec_macro=0.4600 val_metric_name=acc val_metric=0.5167
Step 2000 | loss 0.2767 | val_acc=0.5218 val_loss=3.2118 val_f1_macro=0.4676 val_f1_weighted=0.5209 val_prec_macro=0.4687 val_rec_macro=0.4676 val_metric_name=acc val_metric=0.5218
Step 2050 | loss 0.2715 | val_acc=0.5198 val_loss=3.2320 val_f1_macro=0.4623 val_f1_weighted=0.5189 val_prec_macro=0.4633 val_rec_macro=0.4623 val_metric_name=acc val_metric=0.5198
Step 2100 | loss 0.2562 | val_acc=0.5238 val_loss=3.2695 val_f1_macro=0.4669 val_f1_weighted=0.5225 val_prec_macro=0.4683 val_rec_macro=0.4667 val_metric_name=acc val_metric=0.5238
Step 2150 | loss 0.2583 | val_acc=0.5233 val_loss=3.3422 val_f1_macro=0.4648 val_f1_weighted=0.5226 val_prec_macro=0.4646 val_rec_macro=0.4661 val_metric_name=acc val_metric=0.5233
Step 2200 | loss 0.2480 | val_acc=0.5231 val_loss=3.3923 val_f1_macro=0.4669 val_f1_weighted=0.5221 val_prec_macro=0.4678 val_rec_macro=0.4672 val_metric_name=acc val_metric=0.5231
Step 2250 | loss 0.2416 | val_acc=0.5203 val_loss=3.3987 val_f1_macro=0.4652 val_f1_weighted=0.5195 val_prec_macro=0.4659 val_rec_macro=0.4657 val_metric_name=acc val_metric=0.5203
Step 2300 | loss 0.2346 | val_acc=0.5220 val_loss=3.4849 val_f1_macro=0.4659 val_f1_weighted=0.5210 val_prec_macro=0.4665 val_rec_macro=0.4662 val_metric_name=acc val_metric=0.5220
Step 2350 | loss 0.2326 | val_acc=0.5231 val_loss=3.5123 val_f1_macro=0.4690 val_f1_weighted=0.5223 val_prec_macro=0.4695 val_rec_macro=0.4693 val_metric_name=acc val_metric=0.5231
Step 2400 | loss 0.2178 | val_acc=0.5229 val_loss=3.5437 val_f1_macro=0.4692 val_f1_weighted=0.5221 val_prec_macro=0.4699 val_rec_macro=0.4696 val_metric_name=acc val_metric=0.5229
Step 2450 | loss 0.2095 | val_acc=0.5205 val_loss=3.6042 val_f1_macro=0.4656 val_f1_weighted=0.5197 val_prec_macro=0.4653 val_rec_macro=0.4669 val_metric_name=acc val_metric=0.5205
Step 2500 | loss 0.2085 | val_acc=0.5223 val_loss=3.6414 val_f1_macro=0.4671 val_f1_weighted=0.5212 val_prec_macro=0.4675 val_rec_macro=0.4677 val_metric_name=acc val_metric=0.5223
Step 2550 | loss 0.2097 | val_acc=0.5236 val_loss=3.6859 val_f1_macro=0.4679 val_f1_weighted=0.5228 val_prec_macro=0.4684 val_rec_macro=0.4684 val_metric_name=acc val_metric=0.5236
Step 2600 | loss 0.1880 | val_acc=0.5215 val_loss=3.7216 val_f1_macro=0.4653 val_f1_weighted=0.5206 val_prec_macro=0.4658 val_rec_macro=0.4655 val_metric_name=acc val_metric=0.5215
Step 2650 | loss 0.1890 | val_acc=0.5195 val_loss=3.7936 val_f1_macro=0.4658 val_f1_weighted=0.5185 val_prec_macro=0.4672 val_rec_macro=0.4653 val_metric_name=acc val_metric=0.5195
Early stopping at step 2697

--- Final (best ckpt @ step 2330) ---
  train_acc=0.9668 train_loss=0.0904 train_f1_macro=0.9592 train_f1_weighted=0.9668 train_prec_macro=0.9547 train_rec_macro=0.9641 train_metric_name=acc train_metric=0.9668
  val_acc=0.5254 val_loss=3.4870 val_f1_macro=0.4692 val_f1_weighted=0.5245 val_prec_macro=0.4694 val_rec_macro=0.4700 val_metric_name=acc val_metric=0.5254
  test_acc=0.5236 test_loss=3.4187 test_f1_macro=0.4679 test_f1_weighted=0.5226 test_prec_macro=0.4695 test_rec_macro=0.4666 test_metric_name=acc test_metric=0.5236
  test_acc=0.5236

============================================================
Training amazon-ratings GAT 3L h=512 lr=0.0001 split=5
============================================================
Training for 5000 steps
Step    1 | loss 1.7720 | val_acc=0.3680 val_loss=1.7470 val_f1_macro=0.1076 val_f1_weighted=0.1979 val_prec_macro=0.0736 val_rec_macro=0.2000 val_metric_name=acc val_metric=0.3680
Step   50 | loss 1.3813 | val_acc=0.4023 val_loss=1.3672 val_f1_macro=0.1938 val_f1_weighted=0.3107 val_prec_macro=0.2474 val_rec_macro=0.2437 val_metric_name=acc val_metric=0.4023
Step  100 | loss 1.3036 | val_acc=0.4259 val_loss=1.3367 val_f1_macro=0.2541 val_f1_weighted=0.3717 val_prec_macro=0.3605 val_rec_macro=0.2818 val_metric_name=acc val_metric=0.4259
Step  150 | loss 1.2245 | val_acc=0.4481 val_loss=1.3200 val_f1_macro=0.3243 val_f1_weighted=0.4228 val_prec_macro=0.3928 val_rec_macro=0.3237 val_metric_name=acc val_metric=0.4481
Step  200 | loss 1.1503 | val_acc=0.4622 val_loss=1.3350 val_f1_macro=0.3617 val_f1_weighted=0.4437 val_prec_macro=0.4011 val_rec_macro=0.3571 val_metric_name=acc val_metric=0.4622
Step  250 | loss 1.0744 | val_acc=0.4717 val_loss=1.3828 val_f1_macro=0.3714 val_f1_weighted=0.4530 val_prec_macro=0.4086 val_rec_macro=0.3648 val_metric_name=acc val_metric=0.4717
Step  300 | loss 1.0022 | val_acc=0.4815 val_loss=1.4151 val_f1_macro=0.4027 val_f1_weighted=0.4723 val_prec_macro=0.4247 val_rec_macro=0.3935 val_metric_name=acc val_metric=0.4815
Step  350 | loss 0.9424 | val_acc=0.4851 val_loss=1.4587 val_f1_macro=0.4123 val_f1_weighted=0.4787 val_prec_macro=0.4365 val_rec_macro=0.4014 val_metric_name=acc val_metric=0.4851
Step  400 | loss 0.8812 | val_acc=0.4932 val_loss=1.5258 val_f1_macro=0.4242 val_f1_weighted=0.4866 val_prec_macro=0.4396 val_rec_macro=0.4178 val_metric_name=acc val_metric=0.4932
Step  450 | loss 0.8262 | val_acc=0.4931 val_loss=1.6039 val_f1_macro=0.4261 val_f1_weighted=0.4878 val_prec_macro=0.4368 val_rec_macro=0.4228 val_metric_name=acc val_metric=0.4931
Step  500 | loss 0.7783 | val_acc=0.4976 val_loss=1.6769 val_f1_macro=0.4336 val_f1_weighted=0.4942 val_prec_macro=0.4376 val_rec_macro=0.4331 val_metric_name=acc val_metric=0.4976
Step  550 | loss 0.7290 | val_acc=0.5001 val_loss=1.7745 val_f1_macro=0.4338 val_f1_weighted=0.4971 val_prec_macro=0.4361 val_rec_macro=0.4343 val_metric_name=acc val_metric=0.5001
Step  600 | loss 0.6730 | val_acc=0.5038 val_loss=1.8509 val_f1_macro=0.4419 val_f1_weighted=0.5019 val_prec_macro=0.4419 val_rec_macro=0.4443 val_metric_name=acc val_metric=0.5038
Step  650 | loss 0.6401 | val_acc=0.5094 val_loss=1.9236 val_f1_macro=0.4479 val_f1_weighted=0.5069 val_prec_macro=0.4513 val_rec_macro=0.4470 val_metric_name=acc val_metric=0.5094
Step  700 | loss 0.5838 | val_acc=0.5042 val_loss=2.0270 val_f1_macro=0.4442 val_f1_weighted=0.5023 val_prec_macro=0.4459 val_rec_macro=0.4450 val_metric_name=acc val_metric=0.5042
Step  750 | loss 0.5529 | val_acc=0.5073 val_loss=2.1084 val_f1_macro=0.4454 val_f1_weighted=0.5055 val_prec_macro=0.4489 val_rec_macro=0.4444 val_metric_name=acc val_metric=0.5073
Step  800 | loss 0.5209 | val_acc=0.5094 val_loss=2.2007 val_f1_macro=0.4487 val_f1_weighted=0.5075 val_prec_macro=0.4512 val_rec_macro=0.4478 val_metric_name=acc val_metric=0.5094
Step  850 | loss 0.4916 | val_acc=0.5153 val_loss=2.3004 val_f1_macro=0.4536 val_f1_weighted=0.5137 val_prec_macro=0.4568 val_rec_macro=0.4522 val_metric_name=acc val_metric=0.5153
Step  900 | loss 0.4469 | val_acc=0.5130 val_loss=2.4055 val_f1_macro=0.4504 val_f1_weighted=0.5116 val_prec_macro=0.4513 val_rec_macro=0.4513 val_metric_name=acc val_metric=0.5130
Step  950 | loss 0.4250 | val_acc=0.5123 val_loss=2.5515 val_f1_macro=0.4535 val_f1_weighted=0.5116 val_prec_macro=0.4540 val_rec_macro=0.4540 val_metric_name=acc val_metric=0.5123
Step 1000 | loss 0.4045 | val_acc=0.5141 val_loss=2.5797 val_f1_macro=0.4555 val_f1_weighted=0.5130 val_prec_macro=0.4576 val_rec_macro=0.4550 val_metric_name=acc val_metric=0.5141
Step 1050 | loss 0.3748 | val_acc=0.5190 val_loss=2.6903 val_f1_macro=0.4619 val_f1_weighted=0.5180 val_prec_macro=0.4631 val_rec_macro=0.4621 val_metric_name=acc val_metric=0.5190
Step 1100 | loss 0.3559 | val_acc=0.5210 val_loss=2.7811 val_f1_macro=0.4634 val_f1_weighted=0.5195 val_prec_macro=0.4676 val_rec_macro=0.4605 val_metric_name=acc val_metric=0.5210
Step 1150 | loss 0.3291 | val_acc=0.5205 val_loss=2.8333 val_f1_macro=0.4636 val_f1_weighted=0.5191 val_prec_macro=0.4681 val_rec_macro=0.4610 val_metric_name=acc val_metric=0.5205
Step 1200 | loss 0.3107 | val_acc=0.5195 val_loss=2.9474 val_f1_macro=0.4622 val_f1_weighted=0.5186 val_prec_macro=0.4640 val_rec_macro=0.4615 val_metric_name=acc val_metric=0.5195
Step 1250 | loss 0.2895 | val_acc=0.5184 val_loss=3.0087 val_f1_macro=0.4614 val_f1_weighted=0.5175 val_prec_macro=0.4624 val_rec_macro=0.4614 val_metric_name=acc val_metric=0.5184
Step 1300 | loss 0.2819 | val_acc=0.5171 val_loss=3.0921 val_f1_macro=0.4616 val_f1_weighted=0.5161 val_prec_macro=0.4642 val_rec_macro=0.4604 val_metric_name=acc val_metric=0.5171
Step 1350 | loss 0.2682 | val_acc=0.5185 val_loss=3.1305 val_f1_macro=0.4633 val_f1_weighted=0.5180 val_prec_macro=0.4634 val_rec_macro=0.4639 val_metric_name=acc val_metric=0.5185
Step 1400 | loss 0.2487 | val_acc=0.5207 val_loss=3.2382 val_f1_macro=0.4669 val_f1_weighted=0.5196 val_prec_macro=0.4701 val_rec_macro=0.4648 val_metric_name=acc val_metric=0.5207
Step 1450 | loss 0.2390 | val_acc=0.5231 val_loss=3.3040 val_f1_macro=0.4655 val_f1_weighted=0.5220 val_prec_macro=0.4685 val_rec_macro=0.4638 val_metric_name=acc val_metric=0.5231
Step 1500 | loss 0.2287 | val_acc=0.5207 val_loss=3.3560 val_f1_macro=0.4634 val_f1_weighted=0.5198 val_prec_macro=0.4649 val_rec_macro=0.4626 val_metric_name=acc val_metric=0.5207
Step 1550 | loss 0.2183 | val_acc=0.5239 val_loss=3.4125 val_f1_macro=0.4680 val_f1_weighted=0.5230 val_prec_macro=0.4698 val_rec_macro=0.4671 val_metric_name=acc val_metric=0.5239
Step 1600 | loss 0.2165 | val_acc=0.5216 val_loss=3.5233 val_f1_macro=0.4658 val_f1_weighted=0.5212 val_prec_macro=0.4672 val_rec_macro=0.4659 val_metric_name=acc val_metric=0.5216
Step 1650 | loss 0.1983 | val_acc=0.5220 val_loss=3.5856 val_f1_macro=0.4663 val_f1_weighted=0.5215 val_prec_macro=0.4661 val_rec_macro=0.4672 val_metric_name=acc val_metric=0.5220
Step 1700 | loss 0.1898 | val_acc=0.5221 val_loss=3.6004 val_f1_macro=0.4648 val_f1_weighted=0.5212 val_prec_macro=0.4658 val_rec_macro=0.4643 val_metric_name=acc val_metric=0.5221
Early stopping at step 1710

--- Final (best ckpt @ step 1410) ---
  train_acc=0.9669 train_loss=0.0935 train_f1_macro=0.9619 train_f1_weighted=0.9669 train_prec_macro=0.9627 train_rec_macro=0.9611 train_metric_name=acc train_metric=0.9669
  val_acc=0.5256 val_loss=3.2440 val_f1_macro=0.4704 val_f1_weighted=0.5239 val_prec_macro=0.4759 val_rec_macro=0.4667 val_metric_name=acc val_metric=0.5256
  test_acc=0.5239 test_loss=3.2033 test_f1_macro=0.4725 test_f1_weighted=0.5222 test_prec_macro=0.4805 test_rec_macro=0.4662 test_metric_name=acc test_metric=0.5239
  test_acc=0.5239

============================================================
Training amazon-ratings GAT 3L h=512 lr=1e-05 split=5
============================================================
Training for 5000 steps
Step    1 | loss 1.7720 | val_acc=0.2187 val_loss=1.6729 val_f1_macro=0.1108 val_f1_weighted=0.1343 val_prec_macro=0.2406 val_rec_macro=0.1887 val_metric_name=acc val_metric=0.2187
Step   50 | loss 1.4382 | val_acc=0.3778 val_loss=1.4054 val_f1_macro=0.1588 val_f1_weighted=0.2655 val_prec_macro=0.2311 val_rec_macro=0.2163 val_metric_name=acc val_metric=0.3778
Step  100 | loss 1.4109 | val_acc=0.3874 val_loss=1.3872 val_f1_macro=0.1774 val_f1_weighted=0.2894 val_prec_macro=0.2770 val_rec_macro=0.2284 val_metric_name=acc val_metric=0.3874
Step  150 | loss 1.3902 | val_acc=0.4021 val_loss=1.3700 val_f1_macro=0.1942 val_f1_weighted=0.3113 val_prec_macro=0.2314 val_rec_macro=0.2433 val_metric_name=acc val_metric=0.4021
Step  200 | loss 1.3635 | val_acc=0.4098 val_loss=1.3588 val_f1_macro=0.2076 val_f1_weighted=0.3274 val_prec_macro=0.2416 val_rec_macro=0.2529 val_metric_name=acc val_metric=0.4098
Step  250 | loss 1.3490 | val_acc=0.4163 val_loss=1.3498 val_f1_macro=0.2210 val_f1_weighted=0.3416 val_prec_macro=0.3200 val_rec_macro=0.2605 val_metric_name=acc val_metric=0.4163
Step  300 | loss 1.3305 | val_acc=0.4219 val_loss=1.3457 val_f1_macro=0.2382 val_f1_weighted=0.3551 val_prec_macro=0.3686 val_rec_macro=0.2706 val_metric_name=acc val_metric=0.4219
Step  350 | loss 1.3187 | val_acc=0.4276 val_loss=1.3453 val_f1_macro=0.2566 val_f1_weighted=0.3733 val_prec_macro=0.3615 val_rec_macro=0.2825 val_metric_name=acc val_metric=0.4276
Step  400 | loss 1.2955 | val_acc=0.4320 val_loss=1.3380 val_f1_macro=0.2736 val_f1_weighted=0.3866 val_prec_macro=0.3803 val_rec_macro=0.2905 val_metric_name=acc val_metric=0.4320
Step  450 | loss 1.2758 | val_acc=0.4405 val_loss=1.3340 val_f1_macro=0.2936 val_f1_weighted=0.4046 val_prec_macro=0.3874 val_rec_macro=0.3040 val_metric_name=acc val_metric=0.4405
Step  500 | loss 1.2672 | val_acc=0.4496 val_loss=1.3294 val_f1_macro=0.3116 val_f1_weighted=0.4182 val_prec_macro=0.4061 val_rec_macro=0.3161 val_metric_name=acc val_metric=0.4496
Step  550 | loss 1.2506 | val_acc=0.4508 val_loss=1.3280 val_f1_macro=0.3192 val_f1_weighted=0.4228 val_prec_macro=0.4007 val_rec_macro=0.3201 val_metric_name=acc val_metric=0.4508
Step  600 | loss 1.2330 | val_acc=0.4517 val_loss=1.3294 val_f1_macro=0.3245 val_f1_weighted=0.4261 val_prec_macro=0.3961 val_rec_macro=0.3252 val_metric_name=acc val_metric=0.4517
Step  650 | loss 1.2216 | val_acc=0.4602 val_loss=1.3335 val_f1_macro=0.3359 val_f1_weighted=0.4343 val_prec_macro=0.4035 val_rec_macro=0.3351 val_metric_name=acc val_metric=0.4602
Step  700 | loss 1.1997 | val_acc=0.4571 val_loss=1.3334 val_f1_macro=0.3414 val_f1_weighted=0.4357 val_prec_macro=0.3991 val_rec_macro=0.3362 val_metric_name=acc val_metric=0.4571
Step  750 | loss 1.1845 | val_acc=0.4596 val_loss=1.3310 val_f1_macro=0.3490 val_f1_weighted=0.4400 val_prec_macro=0.3951 val_rec_macro=0.3439 val_metric_name=acc val_metric=0.4596
Step  800 | loss 1.1738 | val_acc=0.4620 val_loss=1.3378 val_f1_macro=0.3522 val_f1_weighted=0.4422 val_prec_macro=0.4017 val_rec_macro=0.3470 val_metric_name=acc val_metric=0.4620
Step  850 | loss 1.1605 | val_acc=0.4615 val_loss=1.3411 val_f1_macro=0.3559 val_f1_weighted=0.4434 val_prec_macro=0.4028 val_rec_macro=0.3499 val_metric_name=acc val_metric=0.4615
Step  900 | loss 1.1509 | val_acc=0.4615 val_loss=1.3400 val_f1_macro=0.3654 val_f1_weighted=0.4454 val_prec_macro=0.4085 val_rec_macro=0.3570 val_metric_name=acc val_metric=0.4615
Step  950 | loss 1.1358 | val_acc=0.4614 val_loss=1.3467 val_f1_macro=0.3718 val_f1_weighted=0.4468 val_prec_macro=0.4079 val_rec_macro=0.3638 val_metric_name=acc val_metric=0.4614
Step 1000 | loss 1.1237 | val_acc=0.4661 val_loss=1.3506 val_f1_macro=0.3791 val_f1_weighted=0.4510 val_prec_macro=0.4136 val_rec_macro=0.3699 val_metric_name=acc val_metric=0.4661
Step 1050 | loss 1.1114 | val_acc=0.4712 val_loss=1.3556 val_f1_macro=0.3838 val_f1_weighted=0.4588 val_prec_macro=0.4181 val_rec_macro=0.3736 val_metric_name=acc val_metric=0.4712
Step 1100 | loss 1.1001 | val_acc=0.4728 val_loss=1.3606 val_f1_macro=0.3867 val_f1_weighted=0.4603 val_prec_macro=0.4180 val_rec_macro=0.3763 val_metric_name=acc val_metric=0.4728
Step 1150 | loss 1.0880 | val_acc=0.4722 val_loss=1.3660 val_f1_macro=0.3825 val_f1_weighted=0.4593 val_prec_macro=0.4109 val_rec_macro=0.3740 val_metric_name=acc val_metric=0.4722
Step 1200 | loss 1.0684 | val_acc=0.4722 val_loss=1.3734 val_f1_macro=0.3830 val_f1_weighted=0.4595 val_prec_macro=0.4121 val_rec_macro=0.3744 val_metric_name=acc val_metric=0.4722
Step 1250 | loss 1.0627 | val_acc=0.4704 val_loss=1.3823 val_f1_macro=0.3890 val_f1_weighted=0.4591 val_prec_macro=0.4098 val_rec_macro=0.3826 val_metric_name=acc val_metric=0.4704
Step 1300 | loss 1.0559 | val_acc=0.4746 val_loss=1.3858 val_f1_macro=0.3931 val_f1_weighted=0.4641 val_prec_macro=0.4133 val_rec_macro=0.3857 val_metric_name=acc val_metric=0.4746
Step 1350 | loss 1.0400 | val_acc=0.4713 val_loss=1.3942 val_f1_macro=0.3896 val_f1_weighted=0.4617 val_prec_macro=0.4099 val_rec_macro=0.3817 val_metric_name=acc val_metric=0.4713
Step 1400 | loss 1.0282 | val_acc=0.4741 val_loss=1.4066 val_f1_macro=0.3958 val_f1_weighted=0.4649 val_prec_macro=0.4161 val_rec_macro=0.3875 val_metric_name=acc val_metric=0.4741
Step 1450 | loss 1.0212 | val_acc=0.4767 val_loss=1.4107 val_f1_macro=0.4004 val_f1_weighted=0.4674 val_prec_macro=0.4200 val_rec_macro=0.3925 val_metric_name=acc val_metric=0.4767
Step 1500 | loss 1.0065 | val_acc=0.4771 val_loss=1.4233 val_f1_macro=0.4045 val_f1_weighted=0.4693 val_prec_macro=0.4202 val_rec_macro=0.3979 val_metric_name=acc val_metric=0.4771
Step 1550 | loss 1.0040 | val_acc=0.4777 val_loss=1.4246 val_f1_macro=0.4039 val_f1_weighted=0.4700 val_prec_macro=0.4208 val_rec_macro=0.3962 val_metric_name=acc val_metric=0.4777
Step 1600 | loss 0.9931 | val_acc=0.4806 val_loss=1.4293 val_f1_macro=0.4077 val_f1_weighted=0.4727 val_prec_macro=0.4242 val_rec_macro=0.4007 val_metric_name=acc val_metric=0.4806
Step 1650 | loss 0.9803 | val_acc=0.4829 val_loss=1.4425 val_f1_macro=0.4093 val_f1_weighted=0.4760 val_prec_macro=0.4220 val_rec_macro=0.4033 val_metric_name=acc val_metric=0.4829
Step 1700 | loss 0.9734 | val_acc=0.4859 val_loss=1.4509 val_f1_macro=0.4137 val_f1_weighted=0.4792 val_prec_macro=0.4281 val_rec_macro=0.4065 val_metric_name=acc val_metric=0.4859
Step 1750 | loss 0.9655 | val_acc=0.4891 val_loss=1.4640 val_f1_macro=0.4172 val_f1_weighted=0.4827 val_prec_macro=0.4317 val_rec_macro=0.4101 val_metric_name=acc val_metric=0.4891
Step 1800 | loss 0.9604 | val_acc=0.4886 val_loss=1.4674 val_f1_macro=0.4180 val_f1_weighted=0.4822 val_prec_macro=0.4322 val_rec_macro=0.4114 val_metric_name=acc val_metric=0.4886
Step 1850 | loss 0.9485 | val_acc=0.4882 val_loss=1.4768 val_f1_macro=0.4150 val_f1_weighted=0.4817 val_prec_macro=0.4277 val_rec_macro=0.4088 val_metric_name=acc val_metric=0.4882
Step 1900 | loss 0.9341 | val_acc=0.4862 val_loss=1.4898 val_f1_macro=0.4172 val_f1_weighted=0.4807 val_prec_macro=0.4265 val_rec_macro=0.4132 val_metric_name=acc val_metric=0.4862
Step 1950 | loss 0.9317 | val_acc=0.4903 val_loss=1.4982 val_f1_macro=0.4205 val_f1_weighted=0.4847 val_prec_macro=0.4310 val_rec_macro=0.4151 val_metric_name=acc val_metric=0.4903
Step 2000 | loss 0.9276 | val_acc=0.4926 val_loss=1.5023 val_f1_macro=0.4198 val_f1_weighted=0.4852 val_prec_macro=0.4347 val_rec_macro=0.4130 val_metric_name=acc val_metric=0.4926
Step 2050 | loss 0.9203 | val_acc=0.4970 val_loss=1.5109 val_f1_macro=0.4266 val_f1_weighted=0.4910 val_prec_macro=0.4398 val_rec_macro=0.4193 val_metric_name=acc val_metric=0.4970
Step 2100 | loss 0.9059 | val_acc=0.4937 val_loss=1.5188 val_f1_macro=0.4234 val_f1_weighted=0.4885 val_prec_macro=0.4347 val_rec_macro=0.4171 val_metric_name=acc val_metric=0.4937
Step 2150 | loss 0.9017 | val_acc=0.4942 val_loss=1.5348 val_f1_macro=0.4242 val_f1_weighted=0.4885 val_prec_macro=0.4349 val_rec_macro=0.4186 val_metric_name=acc val_metric=0.4942
Step 2200 | loss 0.8920 | val_acc=0.4957 val_loss=1.5379 val_f1_macro=0.4265 val_f1_weighted=0.4902 val_prec_macro=0.4383 val_rec_macro=0.4198 val_metric_name=acc val_metric=0.4957
Step 2250 | loss 0.8820 | val_acc=0.4922 val_loss=1.5555 val_f1_macro=0.4237 val_f1_weighted=0.4874 val_prec_macro=0.4338 val_rec_macro=0.4184 val_metric_name=acc val_metric=0.4922
Step 2300 | loss 0.8819 | val_acc=0.4945 val_loss=1.5670 val_f1_macro=0.4257 val_f1_weighted=0.4898 val_prec_macro=0.4335 val_rec_macro=0.4219 val_metric_name=acc val_metric=0.4945
Step 2350 | loss 0.8753 | val_acc=0.4937 val_loss=1.5794 val_f1_macro=0.4239 val_f1_weighted=0.4894 val_prec_macro=0.4313 val_rec_macro=0.4204 val_metric_name=acc val_metric=0.4937
Step 2400 | loss 0.8640 | val_acc=0.4926 val_loss=1.5877 val_f1_macro=0.4253 val_f1_weighted=0.4884 val_prec_macro=0.4320 val_rec_macro=0.4219 val_metric_name=acc val_metric=0.4926
Step 2450 | loss 0.8604 | val_acc=0.4949 val_loss=1.5927 val_f1_macro=0.4274 val_f1_weighted=0.4902 val_prec_macro=0.4358 val_rec_macro=0.4230 val_metric_name=acc val_metric=0.4949
Step 2500 | loss 0.8513 | val_acc=0.4950 val_loss=1.6105 val_f1_macro=0.4267 val_f1_weighted=0.4904 val_prec_macro=0.4356 val_rec_macro=0.4215 val_metric_name=acc val_metric=0.4950
Step 2550 | loss 0.8416 | val_acc=0.4983 val_loss=1.6191 val_f1_macro=0.4313 val_f1_weighted=0.4942 val_prec_macro=0.4387 val_rec_macro=0.4270 val_metric_name=acc val_metric=0.4983
Step 2600 | loss 0.8333 | val_acc=0.4991 val_loss=1.6251 val_f1_macro=0.4307 val_f1_weighted=0.4947 val_prec_macro=0.4385 val_rec_macro=0.4263 val_metric_name=acc val_metric=0.4991
Step 2650 | loss 0.8289 | val_acc=0.4942 val_loss=1.6436 val_f1_macro=0.4302 val_f1_weighted=0.4907 val_prec_macro=0.4342 val_rec_macro=0.4288 val_metric_name=acc val_metric=0.4942
Step 2700 | loss 0.8242 | val_acc=0.4975 val_loss=1.6520 val_f1_macro=0.4345 val_f1_weighted=0.4942 val_prec_macro=0.4414 val_rec_macro=0.4296 val_metric_name=acc val_metric=0.4975
Step 2750 | loss 0.8200 | val_acc=0.5011 val_loss=1.6625 val_f1_macro=0.4385 val_f1_weighted=0.4974 val_prec_macro=0.4449 val_rec_macro=0.4351 val_metric_name=acc val_metric=0.5011
Step 2800 | loss 0.8153 | val_acc=0.5017 val_loss=1.6690 val_f1_macro=0.4359 val_f1_weighted=0.4974 val_prec_macro=0.4423 val_rec_macro=0.4331 val_metric_name=acc val_metric=0.5017
Step 2850 | loss 0.8073 | val_acc=0.4993 val_loss=1.6871 val_f1_macro=0.4345 val_f1_weighted=0.4950 val_prec_macro=0.4400 val_rec_macro=0.4325 val_metric_name=acc val_metric=0.4993
Step 2900 | loss 0.8051 | val_acc=0.5019 val_loss=1.6949 val_f1_macro=0.4388 val_f1_weighted=0.4990 val_prec_macro=0.4433 val_rec_macro=0.4365 val_metric_name=acc val_metric=0.5019
Step 2950 | loss 0.7965 | val_acc=0.5014 val_loss=1.7030 val_f1_macro=0.4355 val_f1_weighted=0.4979 val_prec_macro=0.4400 val_rec_macro=0.4337 val_metric_name=acc val_metric=0.5014
Step 3000 | loss 0.7815 | val_acc=0.5024 val_loss=1.7118 val_f1_macro=0.4410 val_f1_weighted=0.4990 val_prec_macro=0.4461 val_rec_macro=0.4386 val_metric_name=acc val_metric=0.5024
Step 3050 | loss 0.7826 | val_acc=0.5033 val_loss=1.7286 val_f1_macro=0.4410 val_f1_weighted=0.5000 val_prec_macro=0.4456 val_rec_macro=0.4390 val_metric_name=acc val_metric=0.5033
Step 3100 | loss 0.7733 | val_acc=0.5020 val_loss=1.7387 val_f1_macro=0.4397 val_f1_weighted=0.4986 val_prec_macro=0.4442 val_rec_macro=0.4378 val_metric_name=acc val_metric=0.5020
Step 3150 | loss 0.7633 | val_acc=0.5006 val_loss=1.7422 val_f1_macro=0.4386 val_f1_weighted=0.4970 val_prec_macro=0.4435 val_rec_macro=0.4364 val_metric_name=acc val_metric=0.5006
Step 3200 | loss 0.7636 | val_acc=0.5042 val_loss=1.7613 val_f1_macro=0.4404 val_f1_weighted=0.5012 val_prec_macro=0.4443 val_rec_macro=0.4387 val_metric_name=acc val_metric=0.5042
Step 3250 | loss 0.7534 | val_acc=0.5014 val_loss=1.7733 val_f1_macro=0.4388 val_f1_weighted=0.4985 val_prec_macro=0.4427 val_rec_macro=0.4370 val_metric_name=acc val_metric=0.5014
Step 3300 | loss 0.7491 | val_acc=0.5029 val_loss=1.7805 val_f1_macro=0.4409 val_f1_weighted=0.4998 val_prec_macro=0.4455 val_rec_macro=0.4384 val_metric_name=acc val_metric=0.5029
Step 3350 | loss 0.7380 | val_acc=0.5038 val_loss=1.7910 val_f1_macro=0.4394 val_f1_weighted=0.5010 val_prec_macro=0.4429 val_rec_macro=0.4378 val_metric_name=acc val_metric=0.5038
Step 3400 | loss 0.7308 | val_acc=0.5042 val_loss=1.7989 val_f1_macro=0.4406 val_f1_weighted=0.5017 val_prec_macro=0.4433 val_rec_macro=0.4396 val_metric_name=acc val_metric=0.5042
Step 3450 | loss 0.7287 | val_acc=0.5006 val_loss=1.8213 val_f1_macro=0.4408 val_f1_weighted=0.4983 val_prec_macro=0.4431 val_rec_macro=0.4400 val_metric_name=acc val_metric=0.5006
Step 3500 | loss 0.7262 | val_acc=0.5027 val_loss=1.8285 val_f1_macro=0.4431 val_f1_weighted=0.5008 val_prec_macro=0.4442 val_rec_macro=0.4432 val_metric_name=acc val_metric=0.5027
Step 3550 | loss 0.7172 | val_acc=0.5047 val_loss=1.8444 val_f1_macro=0.4441 val_f1_weighted=0.5019 val_prec_macro=0.4479 val_rec_macro=0.4424 val_metric_name=acc val_metric=0.5047
Step 3600 | loss 0.7158 | val_acc=0.5022 val_loss=1.8579 val_f1_macro=0.4411 val_f1_weighted=0.5002 val_prec_macro=0.4431 val_rec_macro=0.4403 val_metric_name=acc val_metric=0.5022
Step 3650 | loss 0.7123 | val_acc=0.5051 val_loss=1.8489 val_f1_macro=0.4473 val_f1_weighted=0.5026 val_prec_macro=0.4508 val_rec_macro=0.4455 val_metric_name=acc val_metric=0.5051
Step 3700 | loss 0.7019 | val_acc=0.5058 val_loss=1.8736 val_f1_macro=0.4462 val_f1_weighted=0.5032 val_prec_macro=0.4491 val_rec_macro=0.4453 val_metric_name=acc val_metric=0.5058
Step 3750 | loss 0.6981 | val_acc=0.5040 val_loss=1.8761 val_f1_macro=0.4449 val_f1_weighted=0.5017 val_prec_macro=0.4478 val_rec_macro=0.4434 val_metric_name=acc val_metric=0.5040
Step 3800 | loss 0.6982 | val_acc=0.5012 val_loss=1.8915 val_f1_macro=0.4438 val_f1_weighted=0.4994 val_prec_macro=0.4450 val_rec_macro=0.4441 val_metric_name=acc val_metric=0.5012
Step 3850 | loss 0.6890 | val_acc=0.5022 val_loss=1.9035 val_f1_macro=0.4435 val_f1_weighted=0.5002 val_prec_macro=0.4453 val_rec_macro=0.4429 val_metric_name=acc val_metric=0.5022
Step 3900 | loss 0.6778 | val_acc=0.5048 val_loss=1.9189 val_f1_macro=0.4458 val_f1_weighted=0.5029 val_prec_macro=0.4480 val_rec_macro=0.4448 val_metric_name=acc val_metric=0.5048
Step 3950 | loss 0.6829 | val_acc=0.5055 val_loss=1.9249 val_f1_macro=0.4475 val_f1_weighted=0.5028 val_prec_macro=0.4516 val_rec_macro=0.4454 val_metric_name=acc val_metric=0.5055
Step 4000 | loss 0.6746 | val_acc=0.5047 val_loss=1.9373 val_f1_macro=0.4457 val_f1_weighted=0.5023 val_prec_macro=0.4485 val_rec_macro=0.4447 val_metric_name=acc val_metric=0.5047
Step 4050 | loss 0.6700 | val_acc=0.5033 val_loss=1.9474 val_f1_macro=0.4452 val_f1_weighted=0.5016 val_prec_macro=0.4477 val_rec_macro=0.4439 val_metric_name=acc val_metric=0.5033
Step 4100 | loss 0.6628 | val_acc=0.5066 val_loss=1.9643 val_f1_macro=0.4474 val_f1_weighted=0.5043 val_prec_macro=0.4516 val_rec_macro=0.4448 val_metric_name=acc val_metric=0.5066
Step 4150 | loss 0.6550 | val_acc=0.5050 val_loss=1.9755 val_f1_macro=0.4451 val_f1_weighted=0.5025 val_prec_macro=0.4479 val_rec_macro=0.4441 val_metric_name=acc val_metric=0.5050
Step 4200 | loss 0.6486 | val_acc=0.5069 val_loss=1.9817 val_f1_macro=0.4489 val_f1_weighted=0.5048 val_prec_macro=0.4516 val_rec_macro=0.4481 val_metric_name=acc val_metric=0.5069
Step 4250 | loss 0.6497 | val_acc=0.5071 val_loss=1.9892 val_f1_macro=0.4487 val_f1_weighted=0.5053 val_prec_macro=0.4504 val_rec_macro=0.4482 val_metric_name=acc val_metric=0.5071
Step 4300 | loss 0.6427 | val_acc=0.5030 val_loss=2.0088 val_f1_macro=0.4477 val_f1_weighted=0.5013 val_prec_macro=0.4502 val_rec_macro=0.4466 val_metric_name=acc val_metric=0.5030
Step 4350 | loss 0.6414 | val_acc=0.5065 val_loss=2.0174 val_f1_macro=0.4494 val_f1_weighted=0.5043 val_prec_macro=0.4526 val_rec_macro=0.4480 val_metric_name=acc val_metric=0.5065
Step 4400 | loss 0.6287 | val_acc=0.5066 val_loss=2.0325 val_f1_macro=0.4487 val_f1_weighted=0.5046 val_prec_macro=0.4508 val_rec_macro=0.4482 val_metric_name=acc val_metric=0.5066
Step 4450 | loss 0.6331 | val_acc=0.5069 val_loss=2.0487 val_f1_macro=0.4494 val_f1_weighted=0.5050 val_prec_macro=0.4510 val_rec_macro=0.4492 val_metric_name=acc val_metric=0.5069
Step 4500 | loss 0.6182 | val_acc=0.5073 val_loss=2.0531 val_f1_macro=0.4514 val_f1_weighted=0.5055 val_prec_macro=0.4534 val_rec_macro=0.4510 val_metric_name=acc val_metric=0.5073
Step 4550 | loss 0.6165 | val_acc=0.5065 val_loss=2.0707 val_f1_macro=0.4497 val_f1_weighted=0.5048 val_prec_macro=0.4507 val_rec_macro=0.4501 val_metric_name=acc val_metric=0.5065
Step 4600 | loss 0.6169 | val_acc=0.5047 val_loss=2.0641 val_f1_macro=0.4481 val_f1_weighted=0.5030 val_prec_macro=0.4499 val_rec_macro=0.4475 val_metric_name=acc val_metric=0.5047
Step 4650 | loss 0.6127 | val_acc=0.5068 val_loss=2.0897 val_f1_macro=0.4497 val_f1_weighted=0.5053 val_prec_macro=0.4503 val_rec_macro=0.4506 val_metric_name=acc val_metric=0.5068
Step 4700 | loss 0.6078 | val_acc=0.5043 val_loss=2.1020 val_f1_macro=0.4479 val_f1_weighted=0.5024 val_prec_macro=0.4507 val_rec_macro=0.4467 val_metric_name=acc val_metric=0.5043
Step 4750 | loss 0.5992 | val_acc=0.5069 val_loss=2.1161 val_f1_macro=0.4493 val_f1_weighted=0.5052 val_prec_macro=0.4514 val_rec_macro=0.4490 val_metric_name=acc val_metric=0.5069
Step 4800 | loss 0.5953 | val_acc=0.5073 val_loss=2.1264 val_f1_macro=0.4485 val_f1_weighted=0.5056 val_prec_macro=0.4496 val_rec_macro=0.4491 val_metric_name=acc val_metric=0.5073
Step 4850 | loss 0.5993 | val_acc=0.5061 val_loss=2.1310 val_f1_macro=0.4475 val_f1_weighted=0.5042 val_prec_macro=0.4505 val_rec_macro=0.4462 val_metric_name=acc val_metric=0.5061
Step 4900 | loss 0.5900 | val_acc=0.5051 val_loss=2.1392 val_f1_macro=0.4468 val_f1_weighted=0.5034 val_prec_macro=0.4481 val_rec_macro=0.4471 val_metric_name=acc val_metric=0.5051
Step 4950 | loss 0.5798 | val_acc=0.5073 val_loss=2.1550 val_f1_macro=0.4490 val_f1_weighted=0.5053 val_prec_macro=0.4508 val_rec_macro=0.4491 val_metric_name=acc val_metric=0.5073
Step 5000 | loss 0.5761 | val_acc=0.5068 val_loss=2.1681 val_f1_macro=0.4503 val_f1_weighted=0.5049 val_prec_macro=0.4532 val_rec_macro=0.4488 val_metric_name=acc val_metric=0.5068

--- Final (best ckpt @ step 4640) ---
  train_acc=0.8148 train_loss=0.4305 train_f1_macro=0.7990 train_f1_weighted=0.8147 train_prec_macro=0.7987 train_rec_macro=0.8004 train_metric_name=acc train_metric=0.8148
  val_acc=0.5092 val_loss=2.0869 val_f1_macro=0.4521 val_f1_weighted=0.5072 val_prec_macro=0.4546 val_rec_macro=0.4512 val_metric_name=acc val_metric=0.5092
  test_acc=0.5063 test_loss=2.0411 test_f1_macro=0.4510 test_f1_weighted=0.5047 test_prec_macro=0.4539 test_rec_macro=0.4488 test_metric_name=acc test_metric=0.5063
  test_acc=0.5063
  >> num_layers=3 hidden_dim=256 lr=3e-05 best_step=4060 val_acc=0.5163 test_acc=0.5135
     val_acc=0.5163 val_f1_macro=0.4533 val_f1_weighted=0.5142 val_loss=2.0780 val_metric=0.5163 val_metric_name=acc val_prec_macro=0.4546 val_rec_macro=0.4550
     test_acc=0.5135 test_f1_macro=0.4519 test_f1_weighted=0.5113 test_loss=2.0414 test_metric=0.5135 test_metric_name=acc test_prec_macro=0.4535 test_rec_macro=0.4524
  >> num_layers=3 hidden_dim=256 lr=6e-05 best_step=2140 val_acc=0.5146 test_acc=0.5161
     val_acc=0.5146 val_f1_macro=0.4538 val_f1_weighted=0.5129 val_loss=2.0850 val_metric=0.5146 val_metric_name=acc val_prec_macro=0.4537 val_rec_macro=0.4570
     test_acc=0.5161 test_f1_macro=0.4554 test_f1_weighted=0.5142 test_loss=2.0493 test_metric=0.5161 test_metric_name=acc test_prec_macro=0.4570 test_rec_macro=0.4566
  >> num_layers=3 hidden_dim=256 lr=0.0001 best_step=4580 val_acc=0.5280 test_acc=0.5290
     val_acc=0.5280 val_f1_macro=0.4693 val_f1_weighted=0.5282 val_loss=3.4574 val_metric=0.5280 val_metric_name=acc val_prec_macro=0.4675 val_rec_macro=0.4715
     test_acc=0.5290 test_f1_macro=0.4750 test_f1_weighted=0.5289 test_loss=3.3456 test_metric=0.5290 test_metric_name=acc test_prec_macro=0.4742 test_rec_macro=0.4765
  >> num_layers=3 hidden_dim=256 lr=1e-05 best_step=2220 val_acc=0.4779 test_acc=0.4795
     val_acc=0.4779 val_f1_macro=0.3702 val_f1_weighted=0.4585 val_loss=1.3467 val_metric=0.4779 val_metric_name=acc val_prec_macro=0.4103 val_rec_macro=0.3642
     test_acc=0.4795 test_f1_macro=0.3807 test_f1_weighted=0.4616 test_loss=1.3183 test_metric=0.4795 test_metric_name=acc test_prec_macro=0.4251 test_rec_macro=0.3720
  >> num_layers=3 hidden_dim=384 lr=3e-05 best_step=4150 val_acc=0.5195 test_acc=0.5153
     val_acc=0.5195 val_f1_macro=0.4649 val_f1_weighted=0.5186 val_loss=2.8473 val_metric=0.5195 val_metric_name=acc val_prec_macro=0.4663 val_rec_macro=0.4644
     test_acc=0.5153 test_f1_macro=0.4634 test_f1_weighted=0.5143 test_loss=2.7965 test_metric=0.5153 test_metric_name=acc test_prec_macro=0.4658 test_rec_macro=0.4614
  >> num_layers=3 hidden_dim=384 lr=6e-05 best_step=3770 val_acc=0.5194 test_acc=0.5231
     val_acc=0.5194 val_f1_macro=0.4619 val_f1_weighted=0.5181 val_loss=3.7753 val_metric=0.5194 val_metric_name=acc val_prec_macro=0.4651 val_rec_macro=0.4598
     test_acc=0.5231 test_f1_macro=0.4695 test_f1_weighted=0.5219 test_loss=3.7044 test_metric=0.5231 test_metric_name=acc test_prec_macro=0.4735 test_rec_macro=0.4661
  >> num_layers=3 hidden_dim=384 lr=0.0001 best_step=3020 val_acc=0.5247 test_acc=0.5200
     val_acc=0.5247 val_f1_macro=0.4682 val_f1_weighted=0.5238 val_loss=4.0786 val_metric=0.5247 val_metric_name=acc val_prec_macro=0.4704 val_rec_macro=0.4665
     test_acc=0.5200 test_f1_macro=0.4710 test_f1_weighted=0.5187 test_loss=4.0178 test_metric=0.5200 test_metric_name=acc test_prec_macro=0.4754 test_rec_macro=0.4677
  >> num_layers=3 hidden_dim=384 lr=1e-05 best_step=3790 val_acc=0.4950 test_acc=0.4859
     val_acc=0.4950 val_f1_macro=0.4268 val_f1_weighted=0.4918 val_loss=1.6648 val_metric=0.4950 val_metric_name=acc val_prec_macro=0.4322 val_rec_macro=0.4241
     test_acc=0.4859 test_f1_macro=0.4209 test_f1_weighted=0.4831 test_loss=1.6246 test_metric=0.4859 test_metric_name=acc test_prec_macro=0.4263 test_rec_macro=0.4172
  >> num_layers=3 hidden_dim=512 lr=3e-05 best_step=2960 val_acc=0.5208 test_acc=0.5166
     val_acc=0.5208 val_f1_macro=0.4656 val_f1_weighted=0.5196 val_loss=2.8820 val_metric=0.5208 val_metric_name=acc val_prec_macro=0.4676 val_rec_macro=0.4646
     test_acc=0.5166 test_f1_macro=0.4635 test_f1_weighted=0.5158 test_loss=2.8265 test_metric=0.5166 test_metric_name=acc test_prec_macro=0.4648 test_rec_macro=0.4625
  >> num_layers=3 hidden_dim=512 lr=6e-05 best_step=2330 val_acc=0.5254 test_acc=0.5236
     val_acc=0.5254 val_f1_macro=0.4692 val_f1_weighted=0.5245 val_loss=3.4870 val_metric=0.5254 val_metric_name=acc val_prec_macro=0.4694 val_rec_macro=0.4700
     test_acc=0.5236 test_f1_macro=0.4679 test_f1_weighted=0.5226 test_loss=3.4187 test_metric=0.5236 test_metric_name=acc test_prec_macro=0.4695 test_rec_macro=0.4666
  >> num_layers=3 hidden_dim=512 lr=0.0001 best_step=1410 val_acc=0.5256 test_acc=0.5239
     val_acc=0.5256 val_f1_macro=0.4704 val_f1_weighted=0.5239 val_loss=3.2440 val_metric=0.5256 val_metric_name=acc val_prec_macro=0.4759 val_rec_macro=0.4667
     test_acc=0.5239 test_f1_macro=0.4725 test_f1_weighted=0.5222 test_loss=3.2033 test_metric=0.5239 test_metric_name=acc test_prec_macro=0.4805 test_rec_macro=0.4662
  >> num_layers=3 hidden_dim=512 lr=1e-05 best_step=4640 val_acc=0.5092 test_acc=0.5063
     val_acc=0.5092 val_f1_macro=0.4521 val_f1_weighted=0.5072 val_loss=2.0869 val_metric=0.5092 val_metric_name=acc val_prec_macro=0.4546 val_rec_macro=0.4512
     test_acc=0.5063 test_f1_macro=0.4510 test_f1_weighted=0.5047 test_loss=2.0411 test_metric=0.5063 test_metric_name=acc test_prec_macro=0.4539 test_rec_macro=0.4488
  >> selected best (by val): num_layers=3 hidden_dim=256 lr=0.0001 val_acc=0.5280 test_acc=0.5290
     val_acc=0.5280 val_f1_macro=0.4693 val_f1_weighted=0.5282 val_loss=3.4574 val_metric=0.5280 val_metric_name=acc val_prec_macro=0.4675 val_rec_macro=0.4715
     test_acc=0.5290 test_f1_macro=0.4750 test_f1_weighted=0.5289 test_loss=3.3456 test_metric=0.5290 test_metric_name=acc test_prec_macro=0.4742 test_rec_macro=0.4765

Done. Results saved to /home/avshmelev/diploma_yandex_graphs/results_grid/amazon_ratings/base.csv, checkpoints in /home/avshmelev/diploma_yandex_graphs/all_checkpoints/amazon_ratings/base/
Skipping: "Done." found in /home/avshmelev/diploma_yandex_graphs/results_grid/amazon_ratings/logs_base/GAT_3L_split5.log
Skipping: "Done." found in /home/avshmelev/diploma_yandex_graphs/results_grid/amazon_ratings/logs_base/GAT_3L_split5.log
