Loading data...

============================================================
Training amazon-ratings GAT 1L h=256 lr=3e-05 split=4
============================================================
Training for 5000 steps
Step    1 | loss 1.9353 | val_acc=0.1632 val_loss=1.9181 val_f1_macro=0.0910 val_f1_weighted=0.1030 val_prec_macro=0.0993 val_rec_macro=0.2081 val_metric_name=acc val_metric=0.1632
Step   50 | loss 1.4365 | val_acc=0.3694 val_loss=1.4220 val_f1_macro=0.1234 val_f1_weighted=0.2189 val_prec_macro=0.1458 val_rec_macro=0.2034 val_metric_name=acc val_metric=0.3694
Step  100 | loss 1.4186 | val_acc=0.3827 val_loss=1.3980 val_f1_macro=0.1568 val_f1_weighted=0.2634 val_prec_macro=0.1592 val_rec_macro=0.2177 val_metric_name=acc val_metric=0.3827
Step  150 | loss 1.4000 | val_acc=0.3920 val_loss=1.3826 val_f1_macro=0.1738 val_f1_weighted=0.2857 val_prec_macro=0.2090 val_rec_macro=0.2279 val_metric_name=acc val_metric=0.3920
Step  200 | loss 1.3827 | val_acc=0.4006 val_loss=1.3693 val_f1_macro=0.1859 val_f1_weighted=0.3017 val_prec_macro=0.2003 val_rec_macro=0.2368 val_metric_name=acc val_metric=0.4006
Step  250 | loss 1.3739 | val_acc=0.4099 val_loss=1.3596 val_f1_macro=0.2005 val_f1_weighted=0.3200 val_prec_macro=0.2317 val_rec_macro=0.2468 val_metric_name=acc val_metric=0.4099
Step  300 | loss 1.3567 | val_acc=0.4117 val_loss=1.3520 val_f1_macro=0.2088 val_f1_weighted=0.3292 val_prec_macro=0.4350 val_rec_macro=0.2509 val_metric_name=acc val_metric=0.4117
Step  350 | loss 1.3491 | val_acc=0.4171 val_loss=1.3461 val_f1_macro=0.2181 val_f1_weighted=0.3394 val_prec_macro=0.3687 val_rec_macro=0.2569 val_metric_name=acc val_metric=0.4171
Step  400 | loss 1.3341 | val_acc=0.4189 val_loss=1.3405 val_f1_macro=0.2249 val_f1_weighted=0.3463 val_prec_macro=0.3709 val_rec_macro=0.2601 val_metric_name=acc val_metric=0.4189
Step  450 | loss 1.3230 | val_acc=0.4236 val_loss=1.3367 val_f1_macro=0.2328 val_f1_weighted=0.3561 val_prec_macro=0.3498 val_rec_macro=0.2657 val_metric_name=acc val_metric=0.4236
Step  500 | loss 1.3125 | val_acc=0.4256 val_loss=1.3331 val_f1_macro=0.2398 val_f1_weighted=0.3624 val_prec_macro=0.4095 val_rec_macro=0.2689 val_metric_name=acc val_metric=0.4256
Step  550 | loss 1.3005 | val_acc=0.4276 val_loss=1.3310 val_f1_macro=0.2496 val_f1_weighted=0.3694 val_prec_macro=0.4349 val_rec_macro=0.2746 val_metric_name=acc val_metric=0.4276
Step  600 | loss 1.2906 | val_acc=0.4321 val_loss=1.3285 val_f1_macro=0.2629 val_f1_weighted=0.3799 val_prec_macro=0.4585 val_rec_macro=0.2819 val_metric_name=acc val_metric=0.4321
Step  650 | loss 1.2757 | val_acc=0.4361 val_loss=1.3264 val_f1_macro=0.2723 val_f1_weighted=0.3861 val_prec_macro=0.4670 val_rec_macro=0.2875 val_metric_name=acc val_metric=0.4361
Step  700 | loss 1.2643 | val_acc=0.4397 val_loss=1.3277 val_f1_macro=0.2857 val_f1_weighted=0.3938 val_prec_macro=0.5117 val_rec_macro=0.2957 val_metric_name=acc val_metric=0.4397
Step  750 | loss 1.2514 | val_acc=0.4413 val_loss=1.3250 val_f1_macro=0.2945 val_f1_weighted=0.3996 val_prec_macro=0.4794 val_rec_macro=0.3006 val_metric_name=acc val_metric=0.4413
Step  800 | loss 1.2341 | val_acc=0.4457 val_loss=1.3265 val_f1_macro=0.3033 val_f1_weighted=0.4053 val_prec_macro=0.4987 val_rec_macro=0.3072 val_metric_name=acc val_metric=0.4457
Step  850 | loss 1.2156 | val_acc=0.4490 val_loss=1.3266 val_f1_macro=0.3112 val_f1_weighted=0.4109 val_prec_macro=0.4906 val_rec_macro=0.3120 val_metric_name=acc val_metric=0.4490
Step  900 | loss 1.2010 | val_acc=0.4516 val_loss=1.3277 val_f1_macro=0.3226 val_f1_weighted=0.4167 val_prec_macro=0.4856 val_rec_macro=0.3193 val_metric_name=acc val_metric=0.4516
Step  950 | loss 1.1844 | val_acc=0.4534 val_loss=1.3273 val_f1_macro=0.3270 val_f1_weighted=0.4206 val_prec_macro=0.4774 val_rec_macro=0.3218 val_metric_name=acc val_metric=0.4534
Step 1000 | loss 1.1675 | val_acc=0.4539 val_loss=1.3307 val_f1_macro=0.3321 val_f1_weighted=0.4235 val_prec_macro=0.4727 val_rec_macro=0.3253 val_metric_name=acc val_metric=0.4539
Step 1050 | loss 1.1523 | val_acc=0.4563 val_loss=1.3372 val_f1_macro=0.3343 val_f1_weighted=0.4264 val_prec_macro=0.4725 val_rec_macro=0.3276 val_metric_name=acc val_metric=0.4563
Step 1100 | loss 1.1252 | val_acc=0.4555 val_loss=1.3384 val_f1_macro=0.3414 val_f1_weighted=0.4284 val_prec_macro=0.4660 val_rec_macro=0.3312 val_metric_name=acc val_metric=0.4555
Step 1150 | loss 1.1086 | val_acc=0.4601 val_loss=1.3451 val_f1_macro=0.3479 val_f1_weighted=0.4334 val_prec_macro=0.4734 val_rec_macro=0.3369 val_metric_name=acc val_metric=0.4601
Step 1200 | loss 1.0908 | val_acc=0.4617 val_loss=1.3526 val_f1_macro=0.3512 val_f1_weighted=0.4353 val_prec_macro=0.4785 val_rec_macro=0.3395 val_metric_name=acc val_metric=0.4617
Step 1250 | loss 1.0699 | val_acc=0.4661 val_loss=1.3590 val_f1_macro=0.3577 val_f1_weighted=0.4410 val_prec_macro=0.4838 val_rec_macro=0.3439 val_metric_name=acc val_metric=0.4661
Step 1300 | loss 1.0496 | val_acc=0.4673 val_loss=1.3652 val_f1_macro=0.3655 val_f1_weighted=0.4439 val_prec_macro=0.4880 val_rec_macro=0.3493 val_metric_name=acc val_metric=0.4673
Step 1350 | loss 1.0295 | val_acc=0.4713 val_loss=1.3704 val_f1_macro=0.3719 val_f1_weighted=0.4501 val_prec_macro=0.4879 val_rec_macro=0.3550 val_metric_name=acc val_metric=0.4713
Step 1400 | loss 1.0017 | val_acc=0.4767 val_loss=1.3778 val_f1_macro=0.3774 val_f1_weighted=0.4556 val_prec_macro=0.4872 val_rec_macro=0.3601 val_metric_name=acc val_metric=0.4767
Step 1450 | loss 0.9870 | val_acc=0.4759 val_loss=1.3906 val_f1_macro=0.3796 val_f1_weighted=0.4554 val_prec_macro=0.4902 val_rec_macro=0.3613 val_metric_name=acc val_metric=0.4759
Step 1500 | loss 0.9713 | val_acc=0.4769 val_loss=1.3964 val_f1_macro=0.3836 val_f1_weighted=0.4585 val_prec_macro=0.4850 val_rec_macro=0.3650 val_metric_name=acc val_metric=0.4769
Step 1550 | loss 0.9472 | val_acc=0.4797 val_loss=1.4103 val_f1_macro=0.3909 val_f1_weighted=0.4609 val_prec_macro=0.4962 val_rec_macro=0.3702 val_metric_name=acc val_metric=0.4797
Step 1600 | loss 0.9334 | val_acc=0.4793 val_loss=1.4222 val_f1_macro=0.3902 val_f1_weighted=0.4610 val_prec_macro=0.4936 val_rec_macro=0.3697 val_metric_name=acc val_metric=0.4793
Step 1650 | loss 0.9206 | val_acc=0.4806 val_loss=1.4379 val_f1_macro=0.3943 val_f1_weighted=0.4637 val_prec_macro=0.4959 val_rec_macro=0.3730 val_metric_name=acc val_metric=0.4806
Step 1700 | loss 0.8987 | val_acc=0.4836 val_loss=1.4454 val_f1_macro=0.4000 val_f1_weighted=0.4675 val_prec_macro=0.4969 val_rec_macro=0.3779 val_metric_name=acc val_metric=0.4836
Step 1750 | loss 0.8825 | val_acc=0.4847 val_loss=1.4593 val_f1_macro=0.4021 val_f1_weighted=0.4691 val_prec_macro=0.4912 val_rec_macro=0.3803 val_metric_name=acc val_metric=0.4847
Step 1800 | loss 0.8752 | val_acc=0.4878 val_loss=1.4779 val_f1_macro=0.4063 val_f1_weighted=0.4726 val_prec_macro=0.4957 val_rec_macro=0.3837 val_metric_name=acc val_metric=0.4878
Step 1850 | loss 0.8563 | val_acc=0.4886 val_loss=1.4910 val_f1_macro=0.4080 val_f1_weighted=0.4734 val_prec_macro=0.4938 val_rec_macro=0.3856 val_metric_name=acc val_metric=0.4886
Step 1900 | loss 0.8393 | val_acc=0.4906 val_loss=1.4994 val_f1_macro=0.4130 val_f1_weighted=0.4766 val_prec_macro=0.4970 val_rec_macro=0.3898 val_metric_name=acc val_metric=0.4906
Step 1950 | loss 0.8238 | val_acc=0.4935 val_loss=1.5125 val_f1_macro=0.4162 val_f1_weighted=0.4800 val_prec_macro=0.4989 val_rec_macro=0.3929 val_metric_name=acc val_metric=0.4935
Step 2000 | loss 0.8127 | val_acc=0.4980 val_loss=1.5288 val_f1_macro=0.4204 val_f1_weighted=0.4843 val_prec_macro=0.4991 val_rec_macro=0.3974 val_metric_name=acc val_metric=0.4980
Step 2050 | loss 0.7960 | val_acc=0.4965 val_loss=1.5412 val_f1_macro=0.4216 val_f1_weighted=0.4839 val_prec_macro=0.5005 val_rec_macro=0.3981 val_metric_name=acc val_metric=0.4965
Step 2100 | loss 0.7890 | val_acc=0.4993 val_loss=1.5524 val_f1_macro=0.4265 val_f1_weighted=0.4874 val_prec_macro=0.4994 val_rec_macro=0.4033 val_metric_name=acc val_metric=0.4993
Step 2150 | loss 0.7673 | val_acc=0.5024 val_loss=1.5711 val_f1_macro=0.4327 val_f1_weighted=0.4904 val_prec_macro=0.5071 val_rec_macro=0.4085 val_metric_name=acc val_metric=0.5024
Step 2200 | loss 0.7563 | val_acc=0.5047 val_loss=1.5856 val_f1_macro=0.4314 val_f1_weighted=0.4924 val_prec_macro=0.5067 val_rec_macro=0.4077 val_metric_name=acc val_metric=0.5047
Step 2250 | loss 0.7485 | val_acc=0.5032 val_loss=1.5989 val_f1_macro=0.4325 val_f1_weighted=0.4917 val_prec_macro=0.5026 val_rec_macro=0.4091 val_metric_name=acc val_metric=0.5032
Step 2300 | loss 0.7340 | val_acc=0.5033 val_loss=1.6092 val_f1_macro=0.4322 val_f1_weighted=0.4919 val_prec_macro=0.5032 val_rec_macro=0.4088 val_metric_name=acc val_metric=0.5033
Step 2350 | loss 0.7292 | val_acc=0.5050 val_loss=1.6236 val_f1_macro=0.4358 val_f1_weighted=0.4942 val_prec_macro=0.5022 val_rec_macro=0.4127 val_metric_name=acc val_metric=0.5050
Step 2400 | loss 0.7106 | val_acc=0.5055 val_loss=1.6394 val_f1_macro=0.4348 val_f1_weighted=0.4943 val_prec_macro=0.4947 val_rec_macro=0.4129 val_metric_name=acc val_metric=0.5055
Step 2450 | loss 0.7070 | val_acc=0.5066 val_loss=1.6536 val_f1_macro=0.4365 val_f1_weighted=0.4959 val_prec_macro=0.4937 val_rec_macro=0.4152 val_metric_name=acc val_metric=0.5066
Step 2500 | loss 0.6933 | val_acc=0.5051 val_loss=1.6679 val_f1_macro=0.4362 val_f1_weighted=0.4950 val_prec_macro=0.4899 val_rec_macro=0.4151 val_metric_name=acc val_metric=0.5051
Step 2550 | loss 0.6903 | val_acc=0.5071 val_loss=1.6877 val_f1_macro=0.4361 val_f1_weighted=0.4963 val_prec_macro=0.4934 val_rec_macro=0.4147 val_metric_name=acc val_metric=0.5071
Step 2600 | loss 0.6717 | val_acc=0.5040 val_loss=1.6976 val_f1_macro=0.4354 val_f1_weighted=0.4936 val_prec_macro=0.4896 val_rec_macro=0.4144 val_metric_name=acc val_metric=0.5040
Step 2650 | loss 0.6660 | val_acc=0.5061 val_loss=1.7141 val_f1_macro=0.4371 val_f1_weighted=0.4958 val_prec_macro=0.4908 val_rec_macro=0.4164 val_metric_name=acc val_metric=0.5061
Step 2700 | loss 0.6580 | val_acc=0.5099 val_loss=1.7251 val_f1_macro=0.4406 val_f1_weighted=0.4996 val_prec_macro=0.4929 val_rec_macro=0.4199 val_metric_name=acc val_metric=0.5099
Step 2750 | loss 0.6542 | val_acc=0.5061 val_loss=1.7360 val_f1_macro=0.4394 val_f1_weighted=0.4966 val_prec_macro=0.4885 val_rec_macro=0.4190 val_metric_name=acc val_metric=0.5061
Step 2800 | loss 0.6445 | val_acc=0.5066 val_loss=1.7515 val_f1_macro=0.4404 val_f1_weighted=0.4973 val_prec_macro=0.4887 val_rec_macro=0.4202 val_metric_name=acc val_metric=0.5066
Step 2850 | loss 0.6360 | val_acc=0.5084 val_loss=1.7660 val_f1_macro=0.4432 val_f1_weighted=0.4993 val_prec_macro=0.4938 val_rec_macro=0.4225 val_metric_name=acc val_metric=0.5084
Step 2900 | loss 0.6422 | val_acc=0.5069 val_loss=1.7786 val_f1_macro=0.4427 val_f1_weighted=0.4979 val_prec_macro=0.4913 val_rec_macro=0.4225 val_metric_name=acc val_metric=0.5069
Step 2950 | loss 0.6112 | val_acc=0.5079 val_loss=1.7860 val_f1_macro=0.4441 val_f1_weighted=0.4989 val_prec_macro=0.4928 val_rec_macro=0.4234 val_metric_name=acc val_metric=0.5079
Step 3000 | loss 0.6125 | val_acc=0.5074 val_loss=1.7961 val_f1_macro=0.4423 val_f1_weighted=0.4987 val_prec_macro=0.4858 val_rec_macro=0.4230 val_metric_name=acc val_metric=0.5074
Early stopping at step 3010

--- Final (best ckpt @ step 2710) ---
  train_acc=0.8551 train_loss=0.3739 train_f1_macro=0.8399 train_f1_weighted=0.8540 train_prec_macro=0.8898 train_rec_macro=0.8063 train_metric_name=acc train_metric=0.8551
  val_acc=0.5110 val_loss=1.7260 val_f1_macro=0.4426 val_f1_weighted=0.5009 val_prec_macro=0.4964 val_rec_macro=0.4212 val_metric_name=acc val_metric=0.5110
  test_acc=0.5110 test_loss=1.7388 test_f1_macro=0.4297 test_f1_weighted=0.5001 test_prec_macro=0.4829 test_rec_macro=0.4108 test_metric_name=acc test_metric=0.5110
  test_acc=0.5110

============================================================
Training amazon-ratings GAT 1L h=256 lr=6e-05 split=4
============================================================
Training for 5000 steps
Step    1 | loss 1.9353 | val_acc=0.2120 val_loss=1.8365 val_f1_macro=0.0975 val_f1_weighted=0.1132 val_prec_macro=0.1062 val_rec_macro=0.2054 val_metric_name=acc val_metric=0.2120
Step   50 | loss 1.4212 | val_acc=0.3778 val_loss=1.4006 val_f1_macro=0.1460 val_f1_weighted=0.2491 val_prec_macro=0.1563 val_rec_macro=0.2124 val_metric_name=acc val_metric=0.3778
Step  100 | loss 1.3929 | val_acc=0.3970 val_loss=1.3750 val_f1_macro=0.1811 val_f1_weighted=0.2955 val_prec_macro=0.1860 val_rec_macro=0.2335 val_metric_name=acc val_metric=0.3970
Step  150 | loss 1.3637 | val_acc=0.4116 val_loss=1.3563 val_f1_macro=0.2032 val_f1_weighted=0.3234 val_prec_macro=0.2350 val_rec_macro=0.2484 val_metric_name=acc val_metric=0.4116
Step  200 | loss 1.3427 | val_acc=0.4155 val_loss=1.3454 val_f1_macro=0.2172 val_f1_weighted=0.3381 val_prec_macro=0.3672 val_rec_macro=0.2552 val_metric_name=acc val_metric=0.4155
Step  250 | loss 1.3278 | val_acc=0.4235 val_loss=1.3369 val_f1_macro=0.2333 val_f1_weighted=0.3567 val_prec_macro=0.3733 val_rec_macro=0.2656 val_metric_name=acc val_metric=0.4235
Step  300 | loss 1.3001 | val_acc=0.4266 val_loss=1.3309 val_f1_macro=0.2455 val_f1_weighted=0.3679 val_prec_macro=0.4096 val_rec_macro=0.2721 val_metric_name=acc val_metric=0.4266
Step  350 | loss 1.2812 | val_acc=0.4380 val_loss=1.3320 val_f1_macro=0.2711 val_f1_weighted=0.3864 val_prec_macro=0.4584 val_rec_macro=0.2886 val_metric_name=acc val_metric=0.4380
Step  400 | loss 1.2561 | val_acc=0.4398 val_loss=1.3249 val_f1_macro=0.2887 val_f1_weighted=0.3968 val_prec_macro=0.5022 val_rec_macro=0.2976 val_metric_name=acc val_metric=0.4398
Step  450 | loss 1.2283 | val_acc=0.4455 val_loss=1.3272 val_f1_macro=0.3068 val_f1_weighted=0.4071 val_prec_macro=0.4989 val_rec_macro=0.3083 val_metric_name=acc val_metric=0.4455
Step  500 | loss 1.1946 | val_acc=0.4509 val_loss=1.3310 val_f1_macro=0.3210 val_f1_weighted=0.4168 val_prec_macro=0.4794 val_rec_macro=0.3177 val_metric_name=acc val_metric=0.4509
Step  550 | loss 1.1557 | val_acc=0.4547 val_loss=1.3346 val_f1_macro=0.3336 val_f1_weighted=0.4242 val_prec_macro=0.4794 val_rec_macro=0.3267 val_metric_name=acc val_metric=0.4547
Step  600 | loss 1.1256 | val_acc=0.4584 val_loss=1.3439 val_f1_macro=0.3448 val_f1_weighted=0.4317 val_prec_macro=0.4747 val_rec_macro=0.3344 val_metric_name=acc val_metric=0.4584
Step  650 | loss 1.0826 | val_acc=0.4607 val_loss=1.3501 val_f1_macro=0.3538 val_f1_weighted=0.4362 val_prec_macro=0.4760 val_rec_macro=0.3404 val_metric_name=acc val_metric=0.4607
Step  700 | loss 1.0514 | val_acc=0.4700 val_loss=1.3659 val_f1_macro=0.3714 val_f1_weighted=0.4475 val_prec_macro=0.4842 val_rec_macro=0.3552 val_metric_name=acc val_metric=0.4700
Step  750 | loss 1.0147 | val_acc=0.4694 val_loss=1.3805 val_f1_macro=0.3727 val_f1_weighted=0.4486 val_prec_macro=0.4868 val_rec_macro=0.3549 val_metric_name=acc val_metric=0.4694
Step  800 | loss 0.9771 | val_acc=0.4736 val_loss=1.3953 val_f1_macro=0.3788 val_f1_weighted=0.4536 val_prec_macro=0.4847 val_rec_macro=0.3601 val_metric_name=acc val_metric=0.4736
Step  850 | loss 0.9427 | val_acc=0.4782 val_loss=1.4167 val_f1_macro=0.3941 val_f1_weighted=0.4621 val_prec_macro=0.4880 val_rec_macro=0.3728 val_metric_name=acc val_metric=0.4782
Step  900 | loss 0.9089 | val_acc=0.4816 val_loss=1.4437 val_f1_macro=0.3983 val_f1_weighted=0.4658 val_prec_macro=0.4874 val_rec_macro=0.3770 val_metric_name=acc val_metric=0.4816
Step  950 | loss 0.8805 | val_acc=0.4909 val_loss=1.4701 val_f1_macro=0.4090 val_f1_weighted=0.4758 val_prec_macro=0.4965 val_rec_macro=0.3865 val_metric_name=acc val_metric=0.4909
Step 1000 | loss 0.8557 | val_acc=0.4937 val_loss=1.4960 val_f1_macro=0.4150 val_f1_weighted=0.4794 val_prec_macro=0.4990 val_rec_macro=0.3919 val_metric_name=acc val_metric=0.4937
Step 1050 | loss 0.8240 | val_acc=0.4993 val_loss=1.5243 val_f1_macro=0.4203 val_f1_weighted=0.4853 val_prec_macro=0.5039 val_rec_macro=0.3969 val_metric_name=acc val_metric=0.4993
Step 1100 | loss 0.7951 | val_acc=0.5004 val_loss=1.5546 val_f1_macro=0.4231 val_f1_weighted=0.4875 val_prec_macro=0.4961 val_rec_macro=0.4008 val_metric_name=acc val_metric=0.5004
Step 1150 | loss 0.7787 | val_acc=0.5032 val_loss=1.5780 val_f1_macro=0.4301 val_f1_weighted=0.4911 val_prec_macro=0.5037 val_rec_macro=0.4063 val_metric_name=acc val_metric=0.5032
Step 1200 | loss 0.7517 | val_acc=0.5032 val_loss=1.6055 val_f1_macro=0.4312 val_f1_weighted=0.4919 val_prec_macro=0.4968 val_rec_macro=0.4087 val_metric_name=acc val_metric=0.5032
Step 1250 | loss 0.7313 | val_acc=0.5053 val_loss=1.6324 val_f1_macro=0.4335 val_f1_weighted=0.4943 val_prec_macro=0.4993 val_rec_macro=0.4107 val_metric_name=acc val_metric=0.5053
Step 1300 | loss 0.7063 | val_acc=0.5091 val_loss=1.6651 val_f1_macro=0.4431 val_f1_weighted=0.4989 val_prec_macro=0.5090 val_rec_macro=0.4191 val_metric_name=acc val_metric=0.5091
Step 1350 | loss 0.6866 | val_acc=0.5078 val_loss=1.6943 val_f1_macro=0.4428 val_f1_weighted=0.4983 val_prec_macro=0.5042 val_rec_macro=0.4194 val_metric_name=acc val_metric=0.5078
Step 1400 | loss 0.6689 | val_acc=0.5053 val_loss=1.7122 val_f1_macro=0.4420 val_f1_weighted=0.4965 val_prec_macro=0.4940 val_rec_macro=0.4205 val_metric_name=acc val_metric=0.5053
Step 1450 | loss 0.6407 | val_acc=0.5048 val_loss=1.7399 val_f1_macro=0.4423 val_f1_weighted=0.4959 val_prec_macro=0.4976 val_rec_macro=0.4203 val_metric_name=acc val_metric=0.5048
Step 1500 | loss 0.6330 | val_acc=0.5051 val_loss=1.7707 val_f1_macro=0.4430 val_f1_weighted=0.4966 val_prec_macro=0.4964 val_rec_macro=0.4210 val_metric_name=acc val_metric=0.5051
Step 1550 | loss 0.6128 | val_acc=0.5065 val_loss=1.7858 val_f1_macro=0.4412 val_f1_weighted=0.4974 val_prec_macro=0.4926 val_rec_macro=0.4204 val_metric_name=acc val_metric=0.5065
Step 1600 | loss 0.6077 | val_acc=0.5066 val_loss=1.8184 val_f1_macro=0.4416 val_f1_weighted=0.4975 val_prec_macro=0.4893 val_rec_macro=0.4216 val_metric_name=acc val_metric=0.5066
Step 1650 | loss 0.5892 | val_acc=0.5087 val_loss=1.8433 val_f1_macro=0.4487 val_f1_weighted=0.5008 val_prec_macro=0.4930 val_rec_macro=0.4282 val_metric_name=acc val_metric=0.5087
Step 1700 | loss 0.5740 | val_acc=0.5074 val_loss=1.8659 val_f1_macro=0.4509 val_f1_weighted=0.5003 val_prec_macro=0.4933 val_rec_macro=0.4306 val_metric_name=acc val_metric=0.5074
Step 1750 | loss 0.5583 | val_acc=0.5092 val_loss=1.8890 val_f1_macro=0.4477 val_f1_weighted=0.5012 val_prec_macro=0.4949 val_rec_macro=0.4274 val_metric_name=acc val_metric=0.5092
Step 1800 | loss 0.5559 | val_acc=0.5097 val_loss=1.9082 val_f1_macro=0.4493 val_f1_weighted=0.5017 val_prec_macro=0.4957 val_rec_macro=0.4288 val_metric_name=acc val_metric=0.5097
Step 1850 | loss 0.5441 | val_acc=0.5076 val_loss=1.9287 val_f1_macro=0.4478 val_f1_weighted=0.5001 val_prec_macro=0.4884 val_rec_macro=0.4289 val_metric_name=acc val_metric=0.5076
Step 1900 | loss 0.5308 | val_acc=0.5078 val_loss=1.9446 val_f1_macro=0.4452 val_f1_weighted=0.5002 val_prec_macro=0.4850 val_rec_macro=0.4268 val_metric_name=acc val_metric=0.5078
Step 1950 | loss 0.5258 | val_acc=0.5118 val_loss=1.9683 val_f1_macro=0.4497 val_f1_weighted=0.5039 val_prec_macro=0.4913 val_rec_macro=0.4307 val_metric_name=acc val_metric=0.5118
Step 2000 | loss 0.5217 | val_acc=0.5097 val_loss=1.9879 val_f1_macro=0.4514 val_f1_weighted=0.5026 val_prec_macro=0.4903 val_rec_macro=0.4330 val_metric_name=acc val_metric=0.5097
Step 2050 | loss 0.5028 | val_acc=0.5104 val_loss=2.0047 val_f1_macro=0.4511 val_f1_weighted=0.5034 val_prec_macro=0.4893 val_rec_macro=0.4327 val_metric_name=acc val_metric=0.5104
Step 2100 | loss 0.4983 | val_acc=0.5127 val_loss=2.0286 val_f1_macro=0.4536 val_f1_weighted=0.5056 val_prec_macro=0.4915 val_rec_macro=0.4353 val_metric_name=acc val_metric=0.5127
Step 2150 | loss 0.4790 | val_acc=0.5128 val_loss=2.0488 val_f1_macro=0.4543 val_f1_weighted=0.5063 val_prec_macro=0.4843 val_rec_macro=0.4387 val_metric_name=acc val_metric=0.5128
Step 2200 | loss 0.4775 | val_acc=0.5112 val_loss=2.0572 val_f1_macro=0.4514 val_f1_weighted=0.5048 val_prec_macro=0.4805 val_rec_macro=0.4358 val_metric_name=acc val_metric=0.5112
Step 2250 | loss 0.4693 | val_acc=0.5131 val_loss=2.0818 val_f1_macro=0.4550 val_f1_weighted=0.5068 val_prec_macro=0.4854 val_rec_macro=0.4391 val_metric_name=acc val_metric=0.5131
Step 2300 | loss 0.4610 | val_acc=0.5120 val_loss=2.0904 val_f1_macro=0.4537 val_f1_weighted=0.5062 val_prec_macro=0.4834 val_rec_macro=0.4379 val_metric_name=acc val_metric=0.5120
Step 2350 | loss 0.4638 | val_acc=0.5120 val_loss=2.1130 val_f1_macro=0.4518 val_f1_weighted=0.5061 val_prec_macro=0.4794 val_rec_macro=0.4371 val_metric_name=acc val_metric=0.5120
Step 2400 | loss 0.4471 | val_acc=0.5128 val_loss=2.1238 val_f1_macro=0.4553 val_f1_weighted=0.5071 val_prec_macro=0.4826 val_rec_macro=0.4405 val_metric_name=acc val_metric=0.5128
Step 2450 | loss 0.4414 | val_acc=0.5114 val_loss=2.1357 val_f1_macro=0.4547 val_f1_weighted=0.5061 val_prec_macro=0.4809 val_rec_macro=0.4402 val_metric_name=acc val_metric=0.5114
Step 2500 | loss 0.4371 | val_acc=0.5133 val_loss=2.1650 val_f1_macro=0.4557 val_f1_weighted=0.5086 val_prec_macro=0.4788 val_rec_macro=0.4424 val_metric_name=acc val_metric=0.5133
Step 2550 | loss 0.4364 | val_acc=0.5127 val_loss=2.1677 val_f1_macro=0.4559 val_f1_weighted=0.5072 val_prec_macro=0.4835 val_rec_macro=0.4407 val_metric_name=acc val_metric=0.5127
Step 2600 | loss 0.4237 | val_acc=0.5148 val_loss=2.1832 val_f1_macro=0.4575 val_f1_weighted=0.5095 val_prec_macro=0.4842 val_rec_macro=0.4430 val_metric_name=acc val_metric=0.5148
Step 2650 | loss 0.4236 | val_acc=0.5145 val_loss=2.1959 val_f1_macro=0.4578 val_f1_weighted=0.5095 val_prec_macro=0.4820 val_rec_macro=0.4439 val_metric_name=acc val_metric=0.5145
Step 2700 | loss 0.4195 | val_acc=0.5120 val_loss=2.2130 val_f1_macro=0.4550 val_f1_weighted=0.5068 val_prec_macro=0.4800 val_rec_macro=0.4409 val_metric_name=acc val_metric=0.5120
Step 2750 | loss 0.4121 | val_acc=0.5107 val_loss=2.2173 val_f1_macro=0.4542 val_f1_weighted=0.5057 val_prec_macro=0.4788 val_rec_macro=0.4402 val_metric_name=acc val_metric=0.5107
Step 2800 | loss 0.4077 | val_acc=0.5097 val_loss=2.2375 val_f1_macro=0.4540 val_f1_weighted=0.5050 val_prec_macro=0.4780 val_rec_macro=0.4403 val_metric_name=acc val_metric=0.5097
Step 2850 | loss 0.4056 | val_acc=0.5146 val_loss=2.2542 val_f1_macro=0.4580 val_f1_weighted=0.5097 val_prec_macro=0.4820 val_rec_macro=0.4443 val_metric_name=acc val_metric=0.5146
Early stopping at step 2896

--- Final (best ckpt @ step 2470) ---
  train_acc=0.9548 train_loss=0.1436 train_f1_macro=0.9524 train_f1_weighted=0.9548 train_prec_macro=0.9640 train_rec_macro=0.9423 train_metric_name=acc train_metric=0.9548
  val_acc=0.5161 val_loss=2.1397 val_f1_macro=0.4581 val_f1_weighted=0.5103 val_prec_macro=0.4871 val_rec_macro=0.4422 val_metric_name=acc val_metric=0.5161
  test_acc=0.5244 test_loss=2.1313 test_f1_macro=0.4526 test_f1_weighted=0.5181 test_prec_macro=0.4819 test_rec_macro=0.4376 test_metric_name=acc test_metric=0.5244
  test_acc=0.5244

============================================================
Training amazon-ratings GAT 1L h=256 lr=0.0001 split=4
============================================================
Training for 5000 steps
Step    1 | loss 1.9353 | val_acc=0.2492 val_loss=1.7396 val_f1_macro=0.0980 val_f1_weighted=0.1184 val_prec_macro=0.1347 val_rec_macro=0.1994 val_metric_name=acc val_metric=0.2492
Step   50 | loss 1.4089 | val_acc=0.3885 val_loss=1.3862 val_f1_macro=0.1702 val_f1_weighted=0.2811 val_prec_macro=0.1604 val_rec_macro=0.2254 val_metric_name=acc val_metric=0.3885
Step  100 | loss 1.3688 | val_acc=0.4121 val_loss=1.3587 val_f1_macro=0.2019 val_f1_weighted=0.3221 val_prec_macro=0.2268 val_rec_macro=0.2486 val_metric_name=acc val_metric=0.4121
Step  150 | loss 1.3323 | val_acc=0.4192 val_loss=1.3417 val_f1_macro=0.2261 val_f1_weighted=0.3476 val_prec_macro=0.3888 val_rec_macro=0.2607 val_metric_name=acc val_metric=0.4192
Step  200 | loss 1.3013 | val_acc=0.4285 val_loss=1.3332 val_f1_macro=0.2466 val_f1_weighted=0.3694 val_prec_macro=0.4193 val_rec_macro=0.2731 val_metric_name=acc val_metric=0.4285
Step  250 | loss 1.2677 | val_acc=0.4410 val_loss=1.3272 val_f1_macro=0.2825 val_f1_weighted=0.3954 val_prec_macro=0.4674 val_rec_macro=0.2946 val_metric_name=acc val_metric=0.4410
Step  300 | loss 1.2169 | val_acc=0.4449 val_loss=1.3268 val_f1_macro=0.3095 val_f1_weighted=0.4086 val_prec_macro=0.5076 val_rec_macro=0.3105 val_metric_name=acc val_metric=0.4449
Step  350 | loss 1.1703 | val_acc=0.4511 val_loss=1.3364 val_f1_macro=0.3294 val_f1_weighted=0.4190 val_prec_macro=0.4844 val_rec_macro=0.3230 val_metric_name=acc val_metric=0.4511
Step  400 | loss 1.1170 | val_acc=0.4583 val_loss=1.3437 val_f1_macro=0.3464 val_f1_weighted=0.4334 val_prec_macro=0.4780 val_rec_macro=0.3355 val_metric_name=acc val_metric=0.4583
Step  450 | loss 1.0533 | val_acc=0.4651 val_loss=1.3687 val_f1_macro=0.3629 val_f1_weighted=0.4419 val_prec_macro=0.4874 val_rec_macro=0.3467 val_metric_name=acc val_metric=0.4651
Step  500 | loss 0.9970 | val_acc=0.4740 val_loss=1.3882 val_f1_macro=0.3773 val_f1_weighted=0.4538 val_prec_macro=0.4841 val_rec_macro=0.3595 val_metric_name=acc val_metric=0.4740
Step  550 | loss 0.9385 | val_acc=0.4826 val_loss=1.4198 val_f1_macro=0.3927 val_f1_weighted=0.4652 val_prec_macro=0.4920 val_rec_macro=0.3726 val_metric_name=acc val_metric=0.4826
Step  600 | loss 0.8968 | val_acc=0.4904 val_loss=1.4602 val_f1_macro=0.4078 val_f1_weighted=0.4752 val_prec_macro=0.4993 val_rec_macro=0.3859 val_metric_name=acc val_metric=0.4904
Step  650 | loss 0.8409 | val_acc=0.4944 val_loss=1.4993 val_f1_macro=0.4137 val_f1_weighted=0.4803 val_prec_macro=0.4977 val_rec_macro=0.3912 val_metric_name=acc val_metric=0.4944
Step  700 | loss 0.8050 | val_acc=0.4980 val_loss=1.5410 val_f1_macro=0.4213 val_f1_weighted=0.4846 val_prec_macro=0.5014 val_rec_macro=0.3986 val_metric_name=acc val_metric=0.4980
Step  750 | loss 0.7577 | val_acc=0.5012 val_loss=1.5884 val_f1_macro=0.4279 val_f1_weighted=0.4890 val_prec_macro=0.5034 val_rec_macro=0.4043 val_metric_name=acc val_metric=0.5012
Step  800 | loss 0.7211 | val_acc=0.5061 val_loss=1.6312 val_f1_macro=0.4373 val_f1_weighted=0.4956 val_prec_macro=0.5011 val_rec_macro=0.4144 val_metric_name=acc val_metric=0.5061
Step  850 | loss 0.6948 | val_acc=0.5053 val_loss=1.6770 val_f1_macro=0.4414 val_f1_weighted=0.4963 val_prec_macro=0.5042 val_rec_macro=0.4184 val_metric_name=acc val_metric=0.5053
Step  900 | loss 0.6672 | val_acc=0.5051 val_loss=1.7167 val_f1_macro=0.4397 val_f1_weighted=0.4958 val_prec_macro=0.4999 val_rec_macro=0.4173 val_metric_name=acc val_metric=0.5051
Step  950 | loss 0.6436 | val_acc=0.5089 val_loss=1.7684 val_f1_macro=0.4483 val_f1_weighted=0.4999 val_prec_macro=0.5059 val_rec_macro=0.4253 val_metric_name=acc val_metric=0.5089
Step 1000 | loss 0.6208 | val_acc=0.5084 val_loss=1.7956 val_f1_macro=0.4502 val_f1_weighted=0.5009 val_prec_macro=0.5045 val_rec_macro=0.4284 val_metric_name=acc val_metric=0.5084
Step 1050 | loss 0.5945 | val_acc=0.5068 val_loss=1.8381 val_f1_macro=0.4482 val_f1_weighted=0.4983 val_prec_macro=0.5035 val_rec_macro=0.4255 val_metric_name=acc val_metric=0.5068
Step 1100 | loss 0.5745 | val_acc=0.5118 val_loss=1.8841 val_f1_macro=0.4557 val_f1_weighted=0.5043 val_prec_macro=0.4973 val_rec_macro=0.4357 val_metric_name=acc val_metric=0.5118
Step 1150 | loss 0.5577 | val_acc=0.5086 val_loss=1.9183 val_f1_macro=0.4516 val_f1_weighted=0.5008 val_prec_macro=0.4973 val_rec_macro=0.4307 val_metric_name=acc val_metric=0.5086
Step 1200 | loss 0.5381 | val_acc=0.5117 val_loss=1.9566 val_f1_macro=0.4572 val_f1_weighted=0.5045 val_prec_macro=0.5028 val_rec_macro=0.4361 val_metric_name=acc val_metric=0.5117
Step 1250 | loss 0.5253 | val_acc=0.5099 val_loss=1.9759 val_f1_macro=0.4532 val_f1_weighted=0.5021 val_prec_macro=0.4970 val_rec_macro=0.4331 val_metric_name=acc val_metric=0.5099
Step 1300 | loss 0.5125 | val_acc=0.5122 val_loss=2.0021 val_f1_macro=0.4573 val_f1_weighted=0.5055 val_prec_macro=0.4935 val_rec_macro=0.4388 val_metric_name=acc val_metric=0.5122
Step 1350 | loss 0.4942 | val_acc=0.5104 val_loss=2.0355 val_f1_macro=0.4578 val_f1_weighted=0.5042 val_prec_macro=0.4937 val_rec_macro=0.4391 val_metric_name=acc val_metric=0.5104
Step 1400 | loss 0.4815 | val_acc=0.5104 val_loss=2.0605 val_f1_macro=0.4592 val_f1_weighted=0.5043 val_prec_macro=0.4937 val_rec_macro=0.4409 val_metric_name=acc val_metric=0.5104
Step 1450 | loss 0.4623 | val_acc=0.5099 val_loss=2.0873 val_f1_macro=0.4585 val_f1_weighted=0.5043 val_prec_macro=0.4930 val_rec_macro=0.4405 val_metric_name=acc val_metric=0.5099
Step 1500 | loss 0.4584 | val_acc=0.5118 val_loss=2.1142 val_f1_macro=0.4590 val_f1_weighted=0.5061 val_prec_macro=0.4929 val_rec_macro=0.4412 val_metric_name=acc val_metric=0.5118
Step 1550 | loss 0.4481 | val_acc=0.5099 val_loss=2.1279 val_f1_macro=0.4573 val_f1_weighted=0.5040 val_prec_macro=0.4875 val_rec_macro=0.4408 val_metric_name=acc val_metric=0.5099
Step 1600 | loss 0.4445 | val_acc=0.5128 val_loss=2.1564 val_f1_macro=0.4624 val_f1_weighted=0.5068 val_prec_macro=0.4966 val_rec_macro=0.4444 val_metric_name=acc val_metric=0.5128
Step 1650 | loss 0.4205 | val_acc=0.5102 val_loss=2.1942 val_f1_macro=0.4579 val_f1_weighted=0.5053 val_prec_macro=0.4848 val_rec_macro=0.4424 val_metric_name=acc val_metric=0.5102
Step 1700 | loss 0.4173 | val_acc=0.5125 val_loss=2.2071 val_f1_macro=0.4599 val_f1_weighted=0.5074 val_prec_macro=0.4882 val_rec_macro=0.4441 val_metric_name=acc val_metric=0.5125
Step 1750 | loss 0.4112 | val_acc=0.5167 val_loss=2.2283 val_f1_macro=0.4670 val_f1_weighted=0.5118 val_prec_macro=0.4995 val_rec_macro=0.4494 val_metric_name=acc val_metric=0.5167
Step 1800 | loss 0.4071 | val_acc=0.5153 val_loss=2.2301 val_f1_macro=0.4640 val_f1_weighted=0.5101 val_prec_macro=0.4928 val_rec_macro=0.4477 val_metric_name=acc val_metric=0.5153
Step 1850 | loss 0.4005 | val_acc=0.5146 val_loss=2.2517 val_f1_macro=0.4613 val_f1_weighted=0.5096 val_prec_macro=0.4915 val_rec_macro=0.4449 val_metric_name=acc val_metric=0.5146
Step 1900 | loss 0.3909 | val_acc=0.5127 val_loss=2.2855 val_f1_macro=0.4614 val_f1_weighted=0.5078 val_prec_macro=0.4914 val_rec_macro=0.4444 val_metric_name=acc val_metric=0.5127
Step 1950 | loss 0.3816 | val_acc=0.5148 val_loss=2.3059 val_f1_macro=0.4634 val_f1_weighted=0.5095 val_prec_macro=0.4941 val_rec_macro=0.4471 val_metric_name=acc val_metric=0.5148
Step 2000 | loss 0.3774 | val_acc=0.5145 val_loss=2.3289 val_f1_macro=0.4649 val_f1_weighted=0.5101 val_prec_macro=0.4940 val_rec_macro=0.4483 val_metric_name=acc val_metric=0.5145
Step 2050 | loss 0.3694 | val_acc=0.5145 val_loss=2.3358 val_f1_macro=0.4623 val_f1_weighted=0.5096 val_prec_macro=0.4917 val_rec_macro=0.4458 val_metric_name=acc val_metric=0.5145
Step 2100 | loss 0.3613 | val_acc=0.5159 val_loss=2.3611 val_f1_macro=0.4654 val_f1_weighted=0.5113 val_prec_macro=0.4946 val_rec_macro=0.4490 val_metric_name=acc val_metric=0.5159
Step 2150 | loss 0.3527 | val_acc=0.5164 val_loss=2.3651 val_f1_macro=0.4656 val_f1_weighted=0.5118 val_prec_macro=0.4926 val_rec_macro=0.4502 val_metric_name=acc val_metric=0.5164
Step 2200 | loss 0.3526 | val_acc=0.5149 val_loss=2.3775 val_f1_macro=0.4632 val_f1_weighted=0.5105 val_prec_macro=0.4895 val_rec_macro=0.4478 val_metric_name=acc val_metric=0.5149
Step 2250 | loss 0.3483 | val_acc=0.5163 val_loss=2.3993 val_f1_macro=0.4677 val_f1_weighted=0.5122 val_prec_macro=0.4918 val_rec_macro=0.4531 val_metric_name=acc val_metric=0.5163
Step 2300 | loss 0.3415 | val_acc=0.5145 val_loss=2.4235 val_f1_macro=0.4622 val_f1_weighted=0.5104 val_prec_macro=0.4853 val_rec_macro=0.4481 val_metric_name=acc val_metric=0.5145
Step 2350 | loss 0.3363 | val_acc=0.5159 val_loss=2.4553 val_f1_macro=0.4621 val_f1_weighted=0.5117 val_prec_macro=0.4851 val_rec_macro=0.4485 val_metric_name=acc val_metric=0.5159
Step 2400 | loss 0.3299 | val_acc=0.5164 val_loss=2.4524 val_f1_macro=0.4660 val_f1_weighted=0.5125 val_prec_macro=0.4882 val_rec_macro=0.4525 val_metric_name=acc val_metric=0.5164
Step 2450 | loss 0.3256 | val_acc=0.5149 val_loss=2.4533 val_f1_macro=0.4641 val_f1_weighted=0.5112 val_prec_macro=0.4852 val_rec_macro=0.4510 val_metric_name=acc val_metric=0.5149
Step 2500 | loss 0.3252 | val_acc=0.5154 val_loss=2.4852 val_f1_macro=0.4647 val_f1_weighted=0.5116 val_prec_macro=0.4864 val_rec_macro=0.4516 val_metric_name=acc val_metric=0.5154
Step 2550 | loss 0.3281 | val_acc=0.5149 val_loss=2.4921 val_f1_macro=0.4659 val_f1_weighted=0.5111 val_prec_macro=0.4904 val_rec_macro=0.4509 val_metric_name=acc val_metric=0.5149
Step 2600 | loss 0.3193 | val_acc=0.5161 val_loss=2.5033 val_f1_macro=0.4652 val_f1_weighted=0.5123 val_prec_macro=0.4867 val_rec_macro=0.4518 val_metric_name=acc val_metric=0.5161
Step 2650 | loss 0.3131 | val_acc=0.5163 val_loss=2.5199 val_f1_macro=0.4655 val_f1_weighted=0.5131 val_prec_macro=0.4841 val_rec_macro=0.4535 val_metric_name=acc val_metric=0.5163
Step 2700 | loss 0.3076 | val_acc=0.5156 val_loss=2.5312 val_f1_macro=0.4647 val_f1_weighted=0.5116 val_prec_macro=0.4868 val_rec_macro=0.4513 val_metric_name=acc val_metric=0.5156
Step 2750 | loss 0.3086 | val_acc=0.5148 val_loss=2.5357 val_f1_macro=0.4661 val_f1_weighted=0.5115 val_prec_macro=0.4854 val_rec_macro=0.4535 val_metric_name=acc val_metric=0.5148
Step 2800 | loss 0.3044 | val_acc=0.5135 val_loss=2.5421 val_f1_macro=0.4657 val_f1_weighted=0.5103 val_prec_macro=0.4867 val_rec_macro=0.4526 val_metric_name=acc val_metric=0.5135
Step 2850 | loss 0.3062 | val_acc=0.5163 val_loss=2.5663 val_f1_macro=0.4664 val_f1_weighted=0.5127 val_prec_macro=0.4874 val_rec_macro=0.4532 val_metric_name=acc val_metric=0.5163
Step 2900 | loss 0.3089 | val_acc=0.5153 val_loss=2.5776 val_f1_macro=0.4657 val_f1_weighted=0.5122 val_prec_macro=0.4838 val_rec_macro=0.4539 val_metric_name=acc val_metric=0.5153
Early stopping at step 2931

--- Final (best ckpt @ step 2630) ---
  train_acc=0.9838 train_loss=0.0580 train_f1_macro=0.9833 train_f1_weighted=0.9838 train_prec_macro=0.9864 train_rec_macro=0.9804 train_metric_name=acc train_metric=0.9838
  val_acc=0.5194 val_loss=2.5075 val_f1_macro=0.4690 val_f1_weighted=0.5157 val_prec_macro=0.4908 val_rec_macro=0.4554 val_metric_name=acc val_metric=0.5194
  test_acc=0.5172 test_loss=2.5171 test_f1_macro=0.4488 test_f1_weighted=0.5129 test_prec_macro=0.4662 test_rec_macro=0.4381 test_metric_name=acc test_metric=0.5172
  test_acc=0.5172

============================================================
Training amazon-ratings GAT 1L h=256 lr=1e-05 split=4
============================================================
Training for 5000 steps
Step    1 | loss 1.9353 | val_acc=0.1244 val_loss=1.9767 val_f1_macro=0.0801 val_f1_weighted=0.0879 val_prec_macro=0.1140 val_rec_macro=0.2016 val_metric_name=acc val_metric=0.1244
Step   50 | loss 1.4658 | val_acc=0.3645 val_loss=1.4149 val_f1_macro=0.1273 val_f1_weighted=0.2233 val_prec_macro=0.1760 val_rec_macro=0.2017 val_metric_name=acc val_metric=0.3645
Step  100 | loss 1.4468 | val_acc=0.3686 val_loss=1.4202 val_f1_macro=0.1271 val_f1_weighted=0.2235 val_prec_macro=0.1708 val_rec_macro=0.2037 val_metric_name=acc val_metric=0.3686
Step  150 | loss 1.4361 | val_acc=0.3717 val_loss=1.4139 val_f1_macro=0.1382 val_f1_weighted=0.2383 val_prec_macro=0.1516 val_rec_macro=0.2076 val_metric_name=acc val_metric=0.3717
Step  200 | loss 1.4274 | val_acc=0.3758 val_loss=1.4074 val_f1_macro=0.1460 val_f1_weighted=0.2487 val_prec_macro=0.1550 val_rec_macro=0.2114 val_metric_name=acc val_metric=0.3758
Step  250 | loss 1.4239 | val_acc=0.3812 val_loss=1.4011 val_f1_macro=0.1552 val_f1_weighted=0.2612 val_prec_macro=0.1588 val_rec_macro=0.2166 val_metric_name=acc val_metric=0.3812
Step  300 | loss 1.4122 | val_acc=0.3849 val_loss=1.3953 val_f1_macro=0.1630 val_f1_weighted=0.2715 val_prec_macro=0.1609 val_rec_macro=0.2208 val_metric_name=acc val_metric=0.3849
Step  350 | loss 1.4124 | val_acc=0.3889 val_loss=1.3892 val_f1_macro=0.1692 val_f1_weighted=0.2796 val_prec_macro=0.1996 val_rec_macro=0.2247 val_metric_name=acc val_metric=0.3889
Step  400 | loss 1.4014 | val_acc=0.3915 val_loss=1.3835 val_f1_macro=0.1739 val_f1_weighted=0.2858 val_prec_macro=0.2005 val_rec_macro=0.2278 val_metric_name=acc val_metric=0.3915
Step  450 | loss 1.3941 | val_acc=0.3964 val_loss=1.3782 val_f1_macro=0.1802 val_f1_weighted=0.2942 val_prec_macro=0.1956 val_rec_macro=0.2326 val_metric_name=acc val_metric=0.3964
Step  500 | loss 1.3901 | val_acc=0.3978 val_loss=1.3730 val_f1_macro=0.1826 val_f1_weighted=0.2974 val_prec_macro=0.1855 val_rec_macro=0.2344 val_metric_name=acc val_metric=0.3978
Step  550 | loss 1.3829 | val_acc=0.4018 val_loss=1.3688 val_f1_macro=0.1886 val_f1_weighted=0.3049 val_prec_macro=0.2114 val_rec_macro=0.2385 val_metric_name=acc val_metric=0.4018
Step  600 | loss 1.3766 | val_acc=0.4024 val_loss=1.3647 val_f1_macro=0.1912 val_f1_weighted=0.3080 val_prec_macro=0.2162 val_rec_macro=0.2397 val_metric_name=acc val_metric=0.4024
Step  650 | loss 1.3733 | val_acc=0.4067 val_loss=1.3612 val_f1_macro=0.1967 val_f1_weighted=0.3151 val_prec_macro=0.2248 val_rec_macro=0.2439 val_metric_name=acc val_metric=0.4067
Step  700 | loss 1.3668 | val_acc=0.4096 val_loss=1.3584 val_f1_macro=0.2009 val_f1_weighted=0.3203 val_prec_macro=0.2335 val_rec_macro=0.2466 val_metric_name=acc val_metric=0.4096
Step  750 | loss 1.3675 | val_acc=0.4114 val_loss=1.3557 val_f1_macro=0.2043 val_f1_weighted=0.3247 val_prec_macro=0.2331 val_rec_macro=0.2488 val_metric_name=acc val_metric=0.4114
Step  800 | loss 1.3574 | val_acc=0.4112 val_loss=1.3524 val_f1_macro=0.2072 val_f1_weighted=0.3274 val_prec_macro=0.4310 val_rec_macro=0.2499 val_metric_name=acc val_metric=0.4112
Step  850 | loss 1.3487 | val_acc=0.4119 val_loss=1.3503 val_f1_macro=0.2105 val_f1_weighted=0.3306 val_prec_macro=0.4369 val_rec_macro=0.2511 val_metric_name=acc val_metric=0.4119
Step  900 | loss 1.3490 | val_acc=0.4145 val_loss=1.3486 val_f1_macro=0.2135 val_f1_weighted=0.3346 val_prec_macro=0.3708 val_rec_macro=0.2539 val_metric_name=acc val_metric=0.4145
Step  950 | loss 1.3483 | val_acc=0.4156 val_loss=1.3460 val_f1_macro=0.2163 val_f1_weighted=0.3369 val_prec_macro=0.3688 val_rec_macro=0.2553 val_metric_name=acc val_metric=0.4156
Step 1000 | loss 1.3474 | val_acc=0.4183 val_loss=1.3446 val_f1_macro=0.2204 val_f1_weighted=0.3411 val_prec_macro=0.3691 val_rec_macro=0.2584 val_metric_name=acc val_metric=0.4183
Step 1050 | loss 1.3425 | val_acc=0.4187 val_loss=1.3422 val_f1_macro=0.2231 val_f1_weighted=0.3442 val_prec_macro=0.3700 val_rec_macro=0.2596 val_metric_name=acc val_metric=0.4187
Step 1100 | loss 1.3338 | val_acc=0.4196 val_loss=1.3400 val_f1_macro=0.2252 val_f1_weighted=0.3468 val_prec_macro=0.3704 val_rec_macro=0.2606 val_metric_name=acc val_metric=0.4196
Step 1150 | loss 1.3297 | val_acc=0.4207 val_loss=1.3393 val_f1_macro=0.2274 val_f1_weighted=0.3495 val_prec_macro=0.3717 val_rec_macro=0.2619 val_metric_name=acc val_metric=0.4207
Step 1200 | loss 1.3301 | val_acc=0.4240 val_loss=1.3366 val_f1_macro=0.2331 val_f1_weighted=0.3552 val_prec_macro=0.4502 val_rec_macro=0.2656 val_metric_name=acc val_metric=0.4240
Step 1250 | loss 1.3219 | val_acc=0.4243 val_loss=1.3355 val_f1_macro=0.2347 val_f1_weighted=0.3570 val_prec_macro=0.4175 val_rec_macro=0.2666 val_metric_name=acc val_metric=0.4243
Step 1300 | loss 1.3219 | val_acc=0.4250 val_loss=1.3346 val_f1_macro=0.2365 val_f1_weighted=0.3587 val_prec_macro=0.4247 val_rec_macro=0.2677 val_metric_name=acc val_metric=0.4250
Step 1350 | loss 1.3162 | val_acc=0.4263 val_loss=1.3337 val_f1_macro=0.2388 val_f1_weighted=0.3615 val_prec_macro=0.3924 val_rec_macro=0.2691 val_metric_name=acc val_metric=0.4263
Step 1400 | loss 1.3090 | val_acc=0.4276 val_loss=1.3321 val_f1_macro=0.2442 val_f1_weighted=0.3651 val_prec_macro=0.4430 val_rec_macro=0.2721 val_metric_name=acc val_metric=0.4276
Step 1450 | loss 1.3042 | val_acc=0.4264 val_loss=1.3308 val_f1_macro=0.2442 val_f1_weighted=0.3647 val_prec_macro=0.4292 val_rec_macro=0.2717 val_metric_name=acc val_metric=0.4264
Step 1500 | loss 1.2972 | val_acc=0.4259 val_loss=1.3300 val_f1_macro=0.2471 val_f1_weighted=0.3665 val_prec_macro=0.4144 val_rec_macro=0.2727 val_metric_name=acc val_metric=0.4259
Step 1550 | loss 1.2971 | val_acc=0.4279 val_loss=1.3295 val_f1_macro=0.2536 val_f1_weighted=0.3708 val_prec_macro=0.4443 val_rec_macro=0.2764 val_metric_name=acc val_metric=0.4279
Step 1600 | loss 1.2931 | val_acc=0.4276 val_loss=1.3289 val_f1_macro=0.2561 val_f1_weighted=0.3716 val_prec_macro=0.4556 val_rec_macro=0.2774 val_metric_name=acc val_metric=0.4276
Step 1650 | loss 1.2892 | val_acc=0.4305 val_loss=1.3275 val_f1_macro=0.2625 val_f1_weighted=0.3778 val_prec_macro=0.4619 val_rec_macro=0.2812 val_metric_name=acc val_metric=0.4305
Step 1700 | loss 1.2864 | val_acc=0.4334 val_loss=1.3272 val_f1_macro=0.2676 val_f1_weighted=0.3823 val_prec_macro=0.4717 val_rec_macro=0.2846 val_metric_name=acc val_metric=0.4334
Step 1750 | loss 1.2796 | val_acc=0.4348 val_loss=1.3259 val_f1_macro=0.2712 val_f1_weighted=0.3847 val_prec_macro=0.4818 val_rec_macro=0.2868 val_metric_name=acc val_metric=0.4348
Step 1800 | loss 1.2733 | val_acc=0.4367 val_loss=1.3268 val_f1_macro=0.2757 val_f1_weighted=0.3873 val_prec_macro=0.4996 val_rec_macro=0.2898 val_metric_name=acc val_metric=0.4367
Step 1850 | loss 1.2747 | val_acc=0.4377 val_loss=1.3262 val_f1_macro=0.2799 val_f1_weighted=0.3898 val_prec_macro=0.5075 val_rec_macro=0.2922 val_metric_name=acc val_metric=0.4377
Step 1900 | loss 1.2643 | val_acc=0.4377 val_loss=1.3264 val_f1_macro=0.2828 val_f1_weighted=0.3910 val_prec_macro=0.5097 val_rec_macro=0.2933 val_metric_name=acc val_metric=0.4377
Step 1950 | loss 1.2592 | val_acc=0.4410 val_loss=1.3260 val_f1_macro=0.2863 val_f1_weighted=0.3951 val_prec_macro=0.4891 val_rec_macro=0.2964 val_metric_name=acc val_metric=0.4410
Step 2000 | loss 1.2580 | val_acc=0.4421 val_loss=1.3256 val_f1_macro=0.2896 val_f1_weighted=0.3973 val_prec_macro=0.4913 val_rec_macro=0.2986 val_metric_name=acc val_metric=0.4421
Step 2050 | loss 1.2491 | val_acc=0.4403 val_loss=1.3249 val_f1_macro=0.2915 val_f1_weighted=0.3972 val_prec_macro=0.4857 val_rec_macro=0.2988 val_metric_name=acc val_metric=0.4403
Step 2100 | loss 1.2437 | val_acc=0.4416 val_loss=1.3246 val_f1_macro=0.2949 val_f1_weighted=0.3998 val_prec_macro=0.4801 val_rec_macro=0.3009 val_metric_name=acc val_metric=0.4416
Step 2150 | loss 1.2348 | val_acc=0.4454 val_loss=1.3248 val_f1_macro=0.2971 val_f1_weighted=0.4029 val_prec_macro=0.4785 val_rec_macro=0.3037 val_metric_name=acc val_metric=0.4454
Step 2200 | loss 1.2378 | val_acc=0.4454 val_loss=1.3252 val_f1_macro=0.2987 val_f1_weighted=0.4042 val_prec_macro=0.4794 val_rec_macro=0.3045 val_metric_name=acc val_metric=0.4454
Step 2250 | loss 1.2257 | val_acc=0.4470 val_loss=1.3249 val_f1_macro=0.3059 val_f1_weighted=0.4074 val_prec_macro=0.4948 val_rec_macro=0.3087 val_metric_name=acc val_metric=0.4470
Step 2300 | loss 1.2230 | val_acc=0.4477 val_loss=1.3252 val_f1_macro=0.3088 val_f1_weighted=0.4090 val_prec_macro=0.4965 val_rec_macro=0.3106 val_metric_name=acc val_metric=0.4477
Step 2350 | loss 1.2142 | val_acc=0.4496 val_loss=1.3250 val_f1_macro=0.3122 val_f1_weighted=0.4121 val_prec_macro=0.4868 val_rec_macro=0.3130 val_metric_name=acc val_metric=0.4496
Step 2400 | loss 1.2018 | val_acc=0.4506 val_loss=1.3253 val_f1_macro=0.3149 val_f1_weighted=0.4138 val_prec_macro=0.4887 val_rec_macro=0.3147 val_metric_name=acc val_metric=0.4506
Step 2450 | loss 1.2031 | val_acc=0.4511 val_loss=1.3250 val_f1_macro=0.3196 val_f1_weighted=0.4159 val_prec_macro=0.4850 val_rec_macro=0.3175 val_metric_name=acc val_metric=0.4511
Step 2500 | loss 1.1945 | val_acc=0.4516 val_loss=1.3272 val_f1_macro=0.3230 val_f1_weighted=0.4173 val_prec_macro=0.4852 val_rec_macro=0.3195 val_metric_name=acc val_metric=0.4516
Step 2550 | loss 1.1911 | val_acc=0.4521 val_loss=1.3282 val_f1_macro=0.3246 val_f1_weighted=0.4185 val_prec_macro=0.4799 val_rec_macro=0.3206 val_metric_name=acc val_metric=0.4521
Step 2600 | loss 1.1827 | val_acc=0.4534 val_loss=1.3276 val_f1_macro=0.3279 val_f1_weighted=0.4206 val_prec_macro=0.4761 val_rec_macro=0.3228 val_metric_name=acc val_metric=0.4534
Step 2650 | loss 1.1744 | val_acc=0.4537 val_loss=1.3289 val_f1_macro=0.3301 val_f1_weighted=0.4218 val_prec_macro=0.4745 val_rec_macro=0.3243 val_metric_name=acc val_metric=0.4537
Step 2700 | loss 1.1668 | val_acc=0.4522 val_loss=1.3296 val_f1_macro=0.3292 val_f1_weighted=0.4212 val_prec_macro=0.4705 val_rec_macro=0.3232 val_metric_name=acc val_metric=0.4522
Step 2750 | loss 1.1643 | val_acc=0.4527 val_loss=1.3316 val_f1_macro=0.3299 val_f1_weighted=0.4221 val_prec_macro=0.4668 val_rec_macro=0.3237 val_metric_name=acc val_metric=0.4527
Step 2800 | loss 1.1617 | val_acc=0.4545 val_loss=1.3319 val_f1_macro=0.3327 val_f1_weighted=0.4249 val_prec_macro=0.4713 val_rec_macro=0.3259 val_metric_name=acc val_metric=0.4545
Step 2850 | loss 1.1496 | val_acc=0.4547 val_loss=1.3336 val_f1_macro=0.3360 val_f1_weighted=0.4255 val_prec_macro=0.4732 val_rec_macro=0.3280 val_metric_name=acc val_metric=0.4547
Step 2900 | loss 1.1469 | val_acc=0.4534 val_loss=1.3339 val_f1_macro=0.3360 val_f1_weighted=0.4250 val_prec_macro=0.4652 val_rec_macro=0.3279 val_metric_name=acc val_metric=0.4534
Step 2950 | loss 1.1388 | val_acc=0.4542 val_loss=1.3373 val_f1_macro=0.3367 val_f1_weighted=0.4257 val_prec_macro=0.4646 val_rec_macro=0.3286 val_metric_name=acc val_metric=0.4542
Step 3000 | loss 1.1307 | val_acc=0.4548 val_loss=1.3372 val_f1_macro=0.3383 val_f1_weighted=0.4271 val_prec_macro=0.4630 val_rec_macro=0.3296 val_metric_name=acc val_metric=0.4548
Step 3050 | loss 1.1308 | val_acc=0.4553 val_loss=1.3378 val_f1_macro=0.3399 val_f1_weighted=0.4281 val_prec_macro=0.4627 val_rec_macro=0.3307 val_metric_name=acc val_metric=0.4553
Step 3100 | loss 1.1149 | val_acc=0.4563 val_loss=1.3413 val_f1_macro=0.3431 val_f1_weighted=0.4291 val_prec_macro=0.4669 val_rec_macro=0.3329 val_metric_name=acc val_metric=0.4563
Step 3150 | loss 1.1058 | val_acc=0.4591 val_loss=1.3413 val_f1_macro=0.3477 val_f1_weighted=0.4328 val_prec_macro=0.4742 val_rec_macro=0.3368 val_metric_name=acc val_metric=0.4591
Step 3200 | loss 1.1035 | val_acc=0.4596 val_loss=1.3421 val_f1_macro=0.3489 val_f1_weighted=0.4341 val_prec_macro=0.4733 val_rec_macro=0.3373 val_metric_name=acc val_metric=0.4596
Step 3250 | loss 1.0967 | val_acc=0.4609 val_loss=1.3466 val_f1_macro=0.3512 val_f1_weighted=0.4354 val_prec_macro=0.4796 val_rec_macro=0.3390 val_metric_name=acc val_metric=0.4609
Step 3300 | loss 1.0935 | val_acc=0.4615 val_loss=1.3473 val_f1_macro=0.3524 val_f1_weighted=0.4368 val_prec_macro=0.4793 val_rec_macro=0.3399 val_metric_name=acc val_metric=0.4615
Step 3350 | loss 1.0862 | val_acc=0.4632 val_loss=1.3491 val_f1_macro=0.3529 val_f1_weighted=0.4381 val_prec_macro=0.4773 val_rec_macro=0.3409 val_metric_name=acc val_metric=0.4632
Step 3400 | loss 1.0638 | val_acc=0.4640 val_loss=1.3520 val_f1_macro=0.3563 val_f1_weighted=0.4397 val_prec_macro=0.4780 val_rec_macro=0.3434 val_metric_name=acc val_metric=0.4640
Step 3450 | loss 1.0651 | val_acc=0.4668 val_loss=1.3543 val_f1_macro=0.3589 val_f1_weighted=0.4423 val_prec_macro=0.4795 val_rec_macro=0.3454 val_metric_name=acc val_metric=0.4668
Step 3500 | loss 1.0686 | val_acc=0.4658 val_loss=1.3567 val_f1_macro=0.3578 val_f1_weighted=0.4414 val_prec_macro=0.4747 val_rec_macro=0.3444 val_metric_name=acc val_metric=0.4658
Step 3550 | loss 1.0619 | val_acc=0.4679 val_loss=1.3591 val_f1_macro=0.3625 val_f1_weighted=0.4437 val_prec_macro=0.4815 val_rec_macro=0.3479 val_metric_name=acc val_metric=0.4679
Step 3600 | loss 1.0499 | val_acc=0.4692 val_loss=1.3602 val_f1_macro=0.3650 val_f1_weighted=0.4458 val_prec_macro=0.4803 val_rec_macro=0.3501 val_metric_name=acc val_metric=0.4692
Step 3650 | loss 1.0436 | val_acc=0.4700 val_loss=1.3643 val_f1_macro=0.3667 val_f1_weighted=0.4465 val_prec_macro=0.4880 val_rec_macro=0.3511 val_metric_name=acc val_metric=0.4700
Step 3700 | loss 1.0398 | val_acc=0.4712 val_loss=1.3670 val_f1_macro=0.3677 val_f1_weighted=0.4484 val_prec_macro=0.4835 val_rec_macro=0.3523 val_metric_name=acc val_metric=0.4712
Step 3750 | loss 1.0312 | val_acc=0.4715 val_loss=1.3683 val_f1_macro=0.3699 val_f1_weighted=0.4493 val_prec_macro=0.4883 val_rec_macro=0.3537 val_metric_name=acc val_metric=0.4715
Step 3800 | loss 1.0243 | val_acc=0.4725 val_loss=1.3722 val_f1_macro=0.3703 val_f1_weighted=0.4499 val_prec_macro=0.4869 val_rec_macro=0.3544 val_metric_name=acc val_metric=0.4725
Step 3850 | loss 1.0165 | val_acc=0.4731 val_loss=1.3747 val_f1_macro=0.3734 val_f1_weighted=0.4511 val_prec_macro=0.4887 val_rec_macro=0.3565 val_metric_name=acc val_metric=0.4731
Step 3900 | loss 1.0115 | val_acc=0.4746 val_loss=1.3784 val_f1_macro=0.3756 val_f1_weighted=0.4529 val_prec_macro=0.4890 val_rec_macro=0.3585 val_metric_name=acc val_metric=0.4746
Step 3950 | loss 1.0051 | val_acc=0.4736 val_loss=1.3807 val_f1_macro=0.3755 val_f1_weighted=0.4523 val_prec_macro=0.4887 val_rec_macro=0.3579 val_metric_name=acc val_metric=0.4736
Step 4000 | loss 0.9984 | val_acc=0.4741 val_loss=1.3840 val_f1_macro=0.3792 val_f1_weighted=0.4538 val_prec_macro=0.4895 val_rec_macro=0.3610 val_metric_name=acc val_metric=0.4741
Step 4050 | loss 1.0016 | val_acc=0.4735 val_loss=1.3873 val_f1_macro=0.3775 val_f1_weighted=0.4532 val_prec_macro=0.4851 val_rec_macro=0.3599 val_metric_name=acc val_metric=0.4735
Step 4100 | loss 0.9868 | val_acc=0.4753 val_loss=1.3900 val_f1_macro=0.3804 val_f1_weighted=0.4553 val_prec_macro=0.4894 val_rec_macro=0.3622 val_metric_name=acc val_metric=0.4753
Step 4150 | loss 0.9830 | val_acc=0.4774 val_loss=1.3941 val_f1_macro=0.3841 val_f1_weighted=0.4578 val_prec_macro=0.4900 val_rec_macro=0.3651 val_metric_name=acc val_metric=0.4774
Step 4200 | loss 0.9738 | val_acc=0.4782 val_loss=1.3974 val_f1_macro=0.3872 val_f1_weighted=0.4589 val_prec_macro=0.4927 val_rec_macro=0.3674 val_metric_name=acc val_metric=0.4782
Step 4250 | loss 0.9672 | val_acc=0.4789 val_loss=1.3992 val_f1_macro=0.3886 val_f1_weighted=0.4602 val_prec_macro=0.4956 val_rec_macro=0.3688 val_metric_name=acc val_metric=0.4789
Step 4300 | loss 0.9603 | val_acc=0.4793 val_loss=1.4060 val_f1_macro=0.3898 val_f1_weighted=0.4607 val_prec_macro=0.4973 val_rec_macro=0.3696 val_metric_name=acc val_metric=0.4793
Step 4350 | loss 0.9552 | val_acc=0.4779 val_loss=1.4085 val_f1_macro=0.3878 val_f1_weighted=0.4595 val_prec_macro=0.4921 val_rec_macro=0.3680 val_metric_name=acc val_metric=0.4779
Step 4400 | loss 0.9530 | val_acc=0.4790 val_loss=1.4115 val_f1_macro=0.3891 val_f1_weighted=0.4610 val_prec_macro=0.4901 val_rec_macro=0.3695 val_metric_name=acc val_metric=0.4790
Step 4450 | loss 0.9379 | val_acc=0.4797 val_loss=1.4158 val_f1_macro=0.3891 val_f1_weighted=0.4616 val_prec_macro=0.4868 val_rec_macro=0.3700 val_metric_name=acc val_metric=0.4797
Step 4500 | loss 0.9389 | val_acc=0.4800 val_loss=1.4176 val_f1_macro=0.3890 val_f1_weighted=0.4622 val_prec_macro=0.4818 val_rec_macro=0.3703 val_metric_name=acc val_metric=0.4800
Step 4550 | loss 0.9341 | val_acc=0.4797 val_loss=1.4221 val_f1_macro=0.3913 val_f1_weighted=0.4625 val_prec_macro=0.4842 val_rec_macro=0.3718 val_metric_name=acc val_metric=0.4797
Step 4600 | loss 0.9256 | val_acc=0.4816 val_loss=1.4292 val_f1_macro=0.3917 val_f1_weighted=0.4639 val_prec_macro=0.4885 val_rec_macro=0.3718 val_metric_name=acc val_metric=0.4816
Step 4650 | loss 0.9256 | val_acc=0.4820 val_loss=1.4318 val_f1_macro=0.3942 val_f1_weighted=0.4651 val_prec_macro=0.4872 val_rec_macro=0.3743 val_metric_name=acc val_metric=0.4820
Step 4700 | loss 0.9061 | val_acc=0.4837 val_loss=1.4345 val_f1_macro=0.3981 val_f1_weighted=0.4670 val_prec_macro=0.4907 val_rec_macro=0.3772 val_metric_name=acc val_metric=0.4837
Step 4750 | loss 0.9056 | val_acc=0.4842 val_loss=1.4396 val_f1_macro=0.3984 val_f1_weighted=0.4679 val_prec_macro=0.4914 val_rec_macro=0.3779 val_metric_name=acc val_metric=0.4842
Step 4800 | loss 0.9034 | val_acc=0.4831 val_loss=1.4450 val_f1_macro=0.3977 val_f1_weighted=0.4666 val_prec_macro=0.4878 val_rec_macro=0.3767 val_metric_name=acc val_metric=0.4831
Step 4850 | loss 0.9082 | val_acc=0.4851 val_loss=1.4483 val_f1_macro=0.3991 val_f1_weighted=0.4689 val_prec_macro=0.4900 val_rec_macro=0.3785 val_metric_name=acc val_metric=0.4851
Step 4900 | loss 0.8950 | val_acc=0.4847 val_loss=1.4539 val_f1_macro=0.4005 val_f1_weighted=0.4691 val_prec_macro=0.4916 val_rec_macro=0.3794 val_metric_name=acc val_metric=0.4847
Step 4950 | loss 0.8899 | val_acc=0.4834 val_loss=1.4562 val_f1_macro=0.4001 val_f1_weighted=0.4685 val_prec_macro=0.4829 val_rec_macro=0.3794 val_metric_name=acc val_metric=0.4834
Step 5000 | loss 0.8900 | val_acc=0.4844 val_loss=1.4624 val_f1_macro=0.3994 val_f1_weighted=0.4685 val_prec_macro=0.4869 val_rec_macro=0.3788 val_metric_name=acc val_metric=0.4844

--- Final (best ckpt @ step 4850) ---
  train_acc=0.7133 train_loss=0.7105 train_f1_macro=0.6560 train_f1_weighted=0.7054 train_prec_macro=0.7747 train_rec_macro=0.6108 train_metric_name=acc train_metric=0.7133
  val_acc=0.4851 val_loss=1.4483 val_f1_macro=0.3991 val_f1_weighted=0.4689 val_prec_macro=0.4900 val_rec_macro=0.3785 val_metric_name=acc val_metric=0.4851
  test_acc=0.4996 test_loss=1.4395 test_f1_macro=0.3975 test_f1_weighted=0.4822 test_prec_macro=0.4759 test_rec_macro=0.3819 test_metric_name=acc test_metric=0.4996
  test_acc=0.4996

============================================================
Training amazon-ratings GAT 1L h=384 lr=3e-05 split=4
============================================================
Training for 5000 steps
Step    1 | loss 1.6067 | val_acc=0.3681 val_loss=1.5037 val_f1_macro=0.1121 val_f1_weighted=0.2027 val_prec_macro=0.1710 val_rec_macro=0.2012 val_metric_name=acc val_metric=0.3681
Step   50 | loss 1.4215 | val_acc=0.3825 val_loss=1.3987 val_f1_macro=0.1564 val_f1_weighted=0.2630 val_prec_macro=0.3566 val_rec_macro=0.2176 val_metric_name=acc val_metric=0.3825
Step  100 | loss 1.3920 | val_acc=0.4018 val_loss=1.3749 val_f1_macro=0.1836 val_f1_weighted=0.2992 val_prec_macro=0.2057 val_rec_macro=0.2359 val_metric_name=acc val_metric=0.4018
Step  150 | loss 1.3673 | val_acc=0.4091 val_loss=1.3585 val_f1_macro=0.2045 val_f1_weighted=0.3246 val_prec_macro=0.2338 val_rec_macro=0.2462 val_metric_name=acc val_metric=0.4091
Step  200 | loss 1.3448 | val_acc=0.4174 val_loss=1.3479 val_f1_macro=0.2215 val_f1_weighted=0.3446 val_prec_macro=0.4426 val_rec_macro=0.2569 val_metric_name=acc val_metric=0.4174
Step  250 | loss 1.3246 | val_acc=0.4245 val_loss=1.3432 val_f1_macro=0.2339 val_f1_weighted=0.3581 val_prec_macro=0.4147 val_rec_macro=0.2647 val_metric_name=acc val_metric=0.4245
Step  300 | loss 1.3068 | val_acc=0.4272 val_loss=1.3384 val_f1_macro=0.2453 val_f1_weighted=0.3674 val_prec_macro=0.4240 val_rec_macro=0.2706 val_metric_name=acc val_metric=0.4272
Step  350 | loss 1.2857 | val_acc=0.4349 val_loss=1.3355 val_f1_macro=0.2660 val_f1_weighted=0.3816 val_prec_macro=0.5358 val_rec_macro=0.2828 val_metric_name=acc val_metric=0.4349
Step  400 | loss 1.2596 | val_acc=0.4423 val_loss=1.3336 val_f1_macro=0.2854 val_f1_weighted=0.3966 val_prec_macro=0.5135 val_rec_macro=0.2959 val_metric_name=acc val_metric=0.4423
Step  450 | loss 1.2440 | val_acc=0.4428 val_loss=1.3371 val_f1_macro=0.2913 val_f1_weighted=0.3998 val_prec_macro=0.4956 val_rec_macro=0.2984 val_metric_name=acc val_metric=0.4428
Step  500 | loss 1.2092 | val_acc=0.4540 val_loss=1.3340 val_f1_macro=0.3132 val_f1_weighted=0.4163 val_prec_macro=0.5094 val_rec_macro=0.3137 val_metric_name=acc val_metric=0.4540
Step  550 | loss 1.1881 | val_acc=0.4633 val_loss=1.3394 val_f1_macro=0.3291 val_f1_weighted=0.4280 val_prec_macro=0.5084 val_rec_macro=0.3264 val_metric_name=acc val_metric=0.4633
Step  600 | loss 1.1544 | val_acc=0.4681 val_loss=1.3441 val_f1_macro=0.3400 val_f1_weighted=0.4366 val_prec_macro=0.4968 val_rec_macro=0.3327 val_metric_name=acc val_metric=0.4681
Step  650 | loss 1.1173 | val_acc=0.4749 val_loss=1.3496 val_f1_macro=0.3533 val_f1_weighted=0.4473 val_prec_macro=0.4881 val_rec_macro=0.3439 val_metric_name=acc val_metric=0.4749
Step  700 | loss 1.0847 | val_acc=0.4772 val_loss=1.3577 val_f1_macro=0.3634 val_f1_weighted=0.4522 val_prec_macro=0.4823 val_rec_macro=0.3508 val_metric_name=acc val_metric=0.4772
Step  750 | loss 1.0467 | val_acc=0.4841 val_loss=1.3693 val_f1_macro=0.3726 val_f1_weighted=0.4606 val_prec_macro=0.4886 val_rec_macro=0.3584 val_metric_name=acc val_metric=0.4841
Step  800 | loss 1.0105 | val_acc=0.4877 val_loss=1.3834 val_f1_macro=0.3822 val_f1_weighted=0.4654 val_prec_macro=0.4981 val_rec_macro=0.3657 val_metric_name=acc val_metric=0.4877
Step  850 | loss 0.9808 | val_acc=0.4904 val_loss=1.3999 val_f1_macro=0.3902 val_f1_weighted=0.4699 val_prec_macro=0.5062 val_rec_macro=0.3714 val_metric_name=acc val_metric=0.4904
Step  900 | loss 0.9423 | val_acc=0.4949 val_loss=1.4127 val_f1_macro=0.4004 val_f1_weighted=0.4762 val_prec_macro=0.5114 val_rec_macro=0.3795 val_metric_name=acc val_metric=0.4949
Step  950 | loss 0.9136 | val_acc=0.4958 val_loss=1.4377 val_f1_macro=0.4052 val_f1_weighted=0.4784 val_prec_macro=0.5091 val_rec_macro=0.3836 val_metric_name=acc val_metric=0.4958
Step 1000 | loss 0.8860 | val_acc=0.4976 val_loss=1.4572 val_f1_macro=0.4107 val_f1_weighted=0.4819 val_prec_macro=0.5077 val_rec_macro=0.3888 val_metric_name=acc val_metric=0.4976
Step 1050 | loss 0.8552 | val_acc=0.5007 val_loss=1.4813 val_f1_macro=0.4118 val_f1_weighted=0.4850 val_prec_macro=0.5047 val_rec_macro=0.3911 val_metric_name=acc val_metric=0.5007
Step 1100 | loss 0.8274 | val_acc=0.5004 val_loss=1.5043 val_f1_macro=0.4208 val_f1_weighted=0.4866 val_prec_macro=0.5013 val_rec_macro=0.3983 val_metric_name=acc val_metric=0.5004
Step 1150 | loss 0.8061 | val_acc=0.5042 val_loss=1.5310 val_f1_macro=0.4292 val_f1_weighted=0.4916 val_prec_macro=0.5084 val_rec_macro=0.4054 val_metric_name=acc val_metric=0.5042
Step 1200 | loss 0.7662 | val_acc=0.5081 val_loss=1.5615 val_f1_macro=0.4303 val_f1_weighted=0.4950 val_prec_macro=0.4984 val_rec_macro=0.4087 val_metric_name=acc val_metric=0.5081
Step 1250 | loss 0.7463 | val_acc=0.5076 val_loss=1.5879 val_f1_macro=0.4328 val_f1_weighted=0.4957 val_prec_macro=0.4992 val_rec_macro=0.4110 val_metric_name=acc val_metric=0.5076
Step 1300 | loss 0.7299 | val_acc=0.5084 val_loss=1.6136 val_f1_macro=0.4370 val_f1_weighted=0.4978 val_prec_macro=0.4995 val_rec_macro=0.4151 val_metric_name=acc val_metric=0.5084
Step 1350 | loss 0.7047 | val_acc=0.5089 val_loss=1.6447 val_f1_macro=0.4389 val_f1_weighted=0.4988 val_prec_macro=0.4938 val_rec_macro=0.4180 val_metric_name=acc val_metric=0.5089
Step 1400 | loss 0.6833 | val_acc=0.5110 val_loss=1.6698 val_f1_macro=0.4415 val_f1_weighted=0.5014 val_prec_macro=0.4985 val_rec_macro=0.4204 val_metric_name=acc val_metric=0.5110
Step 1450 | loss 0.6544 | val_acc=0.5131 val_loss=1.6959 val_f1_macro=0.4467 val_f1_weighted=0.5042 val_prec_macro=0.5010 val_rec_macro=0.4251 val_metric_name=acc val_metric=0.5131
Step 1500 | loss 0.6455 | val_acc=0.5148 val_loss=1.7242 val_f1_macro=0.4473 val_f1_weighted=0.5057 val_prec_macro=0.5001 val_rec_macro=0.4259 val_metric_name=acc val_metric=0.5148
Step 1550 | loss 0.6362 | val_acc=0.5135 val_loss=1.7471 val_f1_macro=0.4496 val_f1_weighted=0.5055 val_prec_macro=0.4968 val_rec_macro=0.4291 val_metric_name=acc val_metric=0.5135
Step 1600 | loss 0.6159 | val_acc=0.5146 val_loss=1.7781 val_f1_macro=0.4522 val_f1_weighted=0.5066 val_prec_macro=0.4969 val_rec_macro=0.4322 val_metric_name=acc val_metric=0.5146
Step 1650 | loss 0.5973 | val_acc=0.5171 val_loss=1.8160 val_f1_macro=0.4527 val_f1_weighted=0.5087 val_prec_macro=0.5015 val_rec_macro=0.4315 val_metric_name=acc val_metric=0.5171
Step 1700 | loss 0.5875 | val_acc=0.5153 val_loss=1.8375 val_f1_macro=0.4565 val_f1_weighted=0.5083 val_prec_macro=0.5004 val_rec_macro=0.4360 val_metric_name=acc val_metric=0.5153
Step 1750 | loss 0.5635 | val_acc=0.5189 val_loss=1.8644 val_f1_macro=0.4585 val_f1_weighted=0.5112 val_prec_macro=0.5020 val_rec_macro=0.4385 val_metric_name=acc val_metric=0.5189
Step 1800 | loss 0.5586 | val_acc=0.5184 val_loss=1.8860 val_f1_macro=0.4621 val_f1_weighted=0.5117 val_prec_macro=0.5038 val_rec_macro=0.4421 val_metric_name=acc val_metric=0.5184
Step 1850 | loss 0.5365 | val_acc=0.5176 val_loss=1.9090 val_f1_macro=0.4589 val_f1_weighted=0.5107 val_prec_macro=0.4984 val_rec_macro=0.4396 val_metric_name=acc val_metric=0.5176
Step 1900 | loss 0.5255 | val_acc=0.5185 val_loss=1.9344 val_f1_macro=0.4619 val_f1_weighted=0.5120 val_prec_macro=0.5014 val_rec_macro=0.4427 val_metric_name=acc val_metric=0.5185
Step 1950 | loss 0.5125 | val_acc=0.5172 val_loss=1.9585 val_f1_macro=0.4613 val_f1_weighted=0.5107 val_prec_macro=0.5002 val_rec_macro=0.4419 val_metric_name=acc val_metric=0.5172
Step 2000 | loss 0.5097 | val_acc=0.5200 val_loss=1.9766 val_f1_macro=0.4613 val_f1_weighted=0.5136 val_prec_macro=0.4987 val_rec_macro=0.4424 val_metric_name=acc val_metric=0.5200
Step 2050 | loss 0.4915 | val_acc=0.5203 val_loss=2.0022 val_f1_macro=0.4629 val_f1_weighted=0.5141 val_prec_macro=0.4997 val_rec_macro=0.4442 val_metric_name=acc val_metric=0.5203
Step 2100 | loss 0.4845 | val_acc=0.5226 val_loss=2.0285 val_f1_macro=0.4664 val_f1_weighted=0.5166 val_prec_macro=0.5032 val_rec_macro=0.4477 val_metric_name=acc val_metric=0.5226
Step 2150 | loss 0.4725 | val_acc=0.5218 val_loss=2.0508 val_f1_macro=0.4648 val_f1_weighted=0.5159 val_prec_macro=0.5010 val_rec_macro=0.4462 val_metric_name=acc val_metric=0.5218
Step 2200 | loss 0.4795 | val_acc=0.5211 val_loss=2.0696 val_f1_macro=0.4636 val_f1_weighted=0.5151 val_prec_macro=0.4978 val_rec_macro=0.4457 val_metric_name=acc val_metric=0.5211
Step 2250 | loss 0.4550 | val_acc=0.5202 val_loss=2.0934 val_f1_macro=0.4638 val_f1_weighted=0.5144 val_prec_macro=0.4959 val_rec_macro=0.4463 val_metric_name=acc val_metric=0.5202
Step 2300 | loss 0.4515 | val_acc=0.5244 val_loss=2.1106 val_f1_macro=0.4683 val_f1_weighted=0.5189 val_prec_macro=0.5001 val_rec_macro=0.4509 val_metric_name=acc val_metric=0.5244
Step 2350 | loss 0.4395 | val_acc=0.5221 val_loss=2.1275 val_f1_macro=0.4674 val_f1_weighted=0.5170 val_prec_macro=0.4979 val_rec_macro=0.4504 val_metric_name=acc val_metric=0.5221
Step 2400 | loss 0.4423 | val_acc=0.5221 val_loss=2.1485 val_f1_macro=0.4674 val_f1_weighted=0.5166 val_prec_macro=0.4994 val_rec_macro=0.4499 val_metric_name=acc val_metric=0.5221
Step 2450 | loss 0.4355 | val_acc=0.5233 val_loss=2.1613 val_f1_macro=0.4694 val_f1_weighted=0.5182 val_prec_macro=0.5012 val_rec_macro=0.4518 val_metric_name=acc val_metric=0.5233
Step 2500 | loss 0.4252 | val_acc=0.5221 val_loss=2.1842 val_f1_macro=0.4677 val_f1_weighted=0.5170 val_prec_macro=0.4977 val_rec_macro=0.4510 val_metric_name=acc val_metric=0.5221
Step 2550 | loss 0.4102 | val_acc=0.5238 val_loss=2.2054 val_f1_macro=0.4689 val_f1_weighted=0.5188 val_prec_macro=0.4989 val_rec_macro=0.4521 val_metric_name=acc val_metric=0.5238
Step 2600 | loss 0.4035 | val_acc=0.5241 val_loss=2.2201 val_f1_macro=0.4704 val_f1_weighted=0.5193 val_prec_macro=0.5009 val_rec_macro=0.4534 val_metric_name=acc val_metric=0.5241
Early stopping at step 2611

--- Final (best ckpt @ step 2310) ---
  train_acc=0.9486 train_loss=0.1509 train_f1_macro=0.9490 train_f1_weighted=0.9486 train_prec_macro=0.9590 train_rec_macro=0.9401 train_metric_name=acc train_metric=0.9486
  val_acc=0.5252 val_loss=2.1161 val_f1_macro=0.4688 val_f1_weighted=0.5197 val_prec_macro=0.4994 val_rec_macro=0.4517 val_metric_name=acc val_metric=0.5252
  test_acc=0.5122 test_loss=2.2018 test_f1_macro=0.4368 test_f1_weighted=0.5056 test_prec_macro=0.4643 test_rec_macro=0.4231 test_metric_name=acc test_metric=0.5122
  test_acc=0.5122

============================================================
Training amazon-ratings GAT 1L h=384 lr=6e-05 split=4
============================================================
Training for 5000 steps
Step    1 | loss 1.6067 | val_acc=0.3689 val_loss=1.4610 val_f1_macro=0.1126 val_f1_weighted=0.2045 val_prec_macro=0.2507 val_rec_macro=0.2013 val_metric_name=acc val_metric=0.3689
Step   50 | loss 1.3996 | val_acc=0.3956 val_loss=1.3799 val_f1_macro=0.1761 val_f1_weighted=0.2892 val_prec_macro=0.2100 val_rec_macro=0.2304 val_metric_name=acc val_metric=0.3956
Step  100 | loss 1.3564 | val_acc=0.4163 val_loss=1.3514 val_f1_macro=0.2168 val_f1_weighted=0.3398 val_prec_macro=0.2423 val_rec_macro=0.2542 val_metric_name=acc val_metric=0.4163
Step  150 | loss 1.3212 | val_acc=0.4225 val_loss=1.3440 val_f1_macro=0.2346 val_f1_weighted=0.3574 val_prec_macro=0.3898 val_rec_macro=0.2630 val_metric_name=acc val_metric=0.4225
Step  200 | loss 1.2870 | val_acc=0.4336 val_loss=1.3344 val_f1_macro=0.2689 val_f1_weighted=0.3830 val_prec_macro=0.5494 val_rec_macro=0.2845 val_metric_name=acc val_metric=0.4336
Step  250 | loss 1.2416 | val_acc=0.4452 val_loss=1.3365 val_f1_macro=0.2924 val_f1_weighted=0.4016 val_prec_macro=0.4952 val_rec_macro=0.3002 val_metric_name=acc val_metric=0.4452
Step  300 | loss 1.1934 | val_acc=0.4584 val_loss=1.3390 val_f1_macro=0.3187 val_f1_weighted=0.4204 val_prec_macro=0.5029 val_rec_macro=0.3179 val_metric_name=acc val_metric=0.4584
Step  350 | loss 1.1313 | val_acc=0.4738 val_loss=1.3418 val_f1_macro=0.3514 val_f1_weighted=0.4454 val_prec_macro=0.4880 val_rec_macro=0.3426 val_metric_name=acc val_metric=0.4738
Step  400 | loss 1.0657 | val_acc=0.4815 val_loss=1.3633 val_f1_macro=0.3672 val_f1_weighted=0.4577 val_prec_macro=0.4912 val_rec_macro=0.3550 val_metric_name=acc val_metric=0.4815
Step  450 | loss 1.0075 | val_acc=0.4908 val_loss=1.3869 val_f1_macro=0.3872 val_f1_weighted=0.4687 val_prec_macro=0.5053 val_rec_macro=0.3695 val_metric_name=acc val_metric=0.4908
Step  500 | loss 0.9355 | val_acc=0.4932 val_loss=1.4109 val_f1_macro=0.3971 val_f1_weighted=0.4751 val_prec_macro=0.5053 val_rec_macro=0.3773 val_metric_name=acc val_metric=0.4932
Step  550 | loss 0.8872 | val_acc=0.4983 val_loss=1.4569 val_f1_macro=0.4117 val_f1_weighted=0.4830 val_prec_macro=0.5129 val_rec_macro=0.3892 val_metric_name=acc val_metric=0.4983
Step  600 | loss 0.8330 | val_acc=0.5029 val_loss=1.5066 val_f1_macro=0.4182 val_f1_weighted=0.4881 val_prec_macro=0.5048 val_rec_macro=0.3959 val_metric_name=acc val_metric=0.5029
Step  650 | loss 0.7825 | val_acc=0.5056 val_loss=1.5509 val_f1_macro=0.4256 val_f1_weighted=0.4926 val_prec_macro=0.5018 val_rec_macro=0.4034 val_metric_name=acc val_metric=0.5056
Step  700 | loss 0.7316 | val_acc=0.5114 val_loss=1.6021 val_f1_macro=0.4389 val_f1_weighted=0.5008 val_prec_macro=0.5063 val_rec_macro=0.4166 val_metric_name=acc val_metric=0.5114
Step  750 | loss 0.6850 | val_acc=0.5109 val_loss=1.6592 val_f1_macro=0.4409 val_f1_weighted=0.5010 val_prec_macro=0.5055 val_rec_macro=0.4187 val_metric_name=acc val_metric=0.5109
Step  800 | loss 0.6577 | val_acc=0.5145 val_loss=1.7198 val_f1_macro=0.4455 val_f1_weighted=0.5051 val_prec_macro=0.5001 val_rec_macro=0.4243 val_metric_name=acc val_metric=0.5145
Step  850 | loss 0.6134 | val_acc=0.5145 val_loss=1.7723 val_f1_macro=0.4515 val_f1_weighted=0.5063 val_prec_macro=0.5061 val_rec_macro=0.4291 val_metric_name=acc val_metric=0.5145
Step  900 | loss 0.5830 | val_acc=0.5166 val_loss=1.8344 val_f1_macro=0.4539 val_f1_weighted=0.5085 val_prec_macro=0.5005 val_rec_macro=0.4331 val_metric_name=acc val_metric=0.5166
Step  950 | loss 0.5552 | val_acc=0.5174 val_loss=1.8873 val_f1_macro=0.4601 val_f1_weighted=0.5102 val_prec_macro=0.5064 val_rec_macro=0.4385 val_metric_name=acc val_metric=0.5174
Step 1000 | loss 0.5362 | val_acc=0.5207 val_loss=1.9322 val_f1_macro=0.4606 val_f1_weighted=0.5135 val_prec_macro=0.5022 val_rec_macro=0.4410 val_metric_name=acc val_metric=0.5207
Step 1050 | loss 0.5140 | val_acc=0.5210 val_loss=1.9785 val_f1_macro=0.4596 val_f1_weighted=0.5141 val_prec_macro=0.4983 val_rec_macro=0.4413 val_metric_name=acc val_metric=0.5210
Step 1100 | loss 0.4923 | val_acc=0.5229 val_loss=2.0270 val_f1_macro=0.4649 val_f1_weighted=0.5165 val_prec_macro=0.5014 val_rec_macro=0.4464 val_metric_name=acc val_metric=0.5229
Step 1150 | loss 0.4725 | val_acc=0.5233 val_loss=2.0624 val_f1_macro=0.4644 val_f1_weighted=0.5171 val_prec_macro=0.5007 val_rec_macro=0.4460 val_metric_name=acc val_metric=0.5233
Step 1200 | loss 0.4454 | val_acc=0.5233 val_loss=2.1160 val_f1_macro=0.4659 val_f1_weighted=0.5172 val_prec_macro=0.5014 val_rec_macro=0.4476 val_metric_name=acc val_metric=0.5233
Step 1250 | loss 0.4356 | val_acc=0.5270 val_loss=2.1431 val_f1_macro=0.4681 val_f1_weighted=0.5212 val_prec_macro=0.5028 val_rec_macro=0.4503 val_metric_name=acc val_metric=0.5270
Step 1300 | loss 0.4252 | val_acc=0.5280 val_loss=2.1824 val_f1_macro=0.4681 val_f1_weighted=0.5224 val_prec_macro=0.5032 val_rec_macro=0.4506 val_metric_name=acc val_metric=0.5280
Step 1350 | loss 0.4054 | val_acc=0.5270 val_loss=2.2158 val_f1_macro=0.4712 val_f1_weighted=0.5218 val_prec_macro=0.5041 val_rec_macro=0.4539 val_metric_name=acc val_metric=0.5270
Step 1400 | loss 0.3926 | val_acc=0.5234 val_loss=2.2598 val_f1_macro=0.4662 val_f1_weighted=0.5179 val_prec_macro=0.4981 val_rec_macro=0.4490 val_metric_name=acc val_metric=0.5234
Step 1450 | loss 0.3803 | val_acc=0.5264 val_loss=2.2906 val_f1_macro=0.4702 val_f1_weighted=0.5211 val_prec_macro=0.5034 val_rec_macro=0.4524 val_metric_name=acc val_metric=0.5264
Step 1500 | loss 0.3738 | val_acc=0.5278 val_loss=2.3165 val_f1_macro=0.4717 val_f1_weighted=0.5226 val_prec_macro=0.5046 val_rec_macro=0.4541 val_metric_name=acc val_metric=0.5278
Step 1550 | loss 0.3627 | val_acc=0.5265 val_loss=2.3512 val_f1_macro=0.4711 val_f1_weighted=0.5214 val_prec_macro=0.5056 val_rec_macro=0.4534 val_metric_name=acc val_metric=0.5265
Step 1600 | loss 0.3544 | val_acc=0.5265 val_loss=2.3688 val_f1_macro=0.4704 val_f1_weighted=0.5220 val_prec_macro=0.4992 val_rec_macro=0.4544 val_metric_name=acc val_metric=0.5265
Step 1650 | loss 0.3429 | val_acc=0.5260 val_loss=2.4201 val_f1_macro=0.4690 val_f1_weighted=0.5210 val_prec_macro=0.5006 val_rec_macro=0.4518 val_metric_name=acc val_metric=0.5260
Step 1700 | loss 0.3430 | val_acc=0.5270 val_loss=2.4383 val_f1_macro=0.4709 val_f1_weighted=0.5222 val_prec_macro=0.4998 val_rec_macro=0.4545 val_metric_name=acc val_metric=0.5270
Step 1750 | loss 0.3234 | val_acc=0.5288 val_loss=2.4570 val_f1_macro=0.4728 val_f1_weighted=0.5243 val_prec_macro=0.5041 val_rec_macro=0.4564 val_metric_name=acc val_metric=0.5288
Step 1800 | loss 0.3221 | val_acc=0.5265 val_loss=2.4918 val_f1_macro=0.4698 val_f1_weighted=0.5218 val_prec_macro=0.4994 val_rec_macro=0.4536 val_metric_name=acc val_metric=0.5265
Step 1850 | loss 0.3092 | val_acc=0.5267 val_loss=2.5124 val_f1_macro=0.4716 val_f1_weighted=0.5225 val_prec_macro=0.4977 val_rec_macro=0.4565 val_metric_name=acc val_metric=0.5267
Step 1900 | loss 0.2965 | val_acc=0.5262 val_loss=2.5333 val_f1_macro=0.4715 val_f1_weighted=0.5218 val_prec_macro=0.5012 val_rec_macro=0.4553 val_metric_name=acc val_metric=0.5262
Step 1950 | loss 0.2887 | val_acc=0.5275 val_loss=2.5520 val_f1_macro=0.4725 val_f1_weighted=0.5227 val_prec_macro=0.5022 val_rec_macro=0.4559 val_metric_name=acc val_metric=0.5275
Step 2000 | loss 0.2897 | val_acc=0.5259 val_loss=2.5681 val_f1_macro=0.4680 val_f1_weighted=0.5215 val_prec_macro=0.4966 val_rec_macro=0.4522 val_metric_name=acc val_metric=0.5259
Step 2050 | loss 0.2781 | val_acc=0.5259 val_loss=2.5966 val_f1_macro=0.4717 val_f1_weighted=0.5220 val_prec_macro=0.4959 val_rec_macro=0.4573 val_metric_name=acc val_metric=0.5259
Step 2100 | loss 0.2825 | val_acc=0.5259 val_loss=2.6285 val_f1_macro=0.4719 val_f1_weighted=0.5216 val_prec_macro=0.4988 val_rec_macro=0.4563 val_metric_name=acc val_metric=0.5259
Step 2150 | loss 0.2769 | val_acc=0.5259 val_loss=2.6364 val_f1_macro=0.4707 val_f1_weighted=0.5217 val_prec_macro=0.4993 val_rec_macro=0.4546 val_metric_name=acc val_metric=0.5259
Step 2200 | loss 0.2698 | val_acc=0.5246 val_loss=2.6591 val_f1_macro=0.4682 val_f1_weighted=0.5205 val_prec_macro=0.4933 val_rec_macro=0.4537 val_metric_name=acc val_metric=0.5246
Step 2250 | loss 0.2631 | val_acc=0.5260 val_loss=2.6876 val_f1_macro=0.4698 val_f1_weighted=0.5221 val_prec_macro=0.4959 val_rec_macro=0.4548 val_metric_name=acc val_metric=0.5260
Early stopping at step 2284

--- Final (best ckpt @ step 1590) ---
  train_acc=0.9728 train_loss=0.0876 train_f1_macro=0.9722 train_f1_weighted=0.9728 train_prec_macro=0.9773 train_rec_macro=0.9674 train_metric_name=acc train_metric=0.9728
  val_acc=0.5292 val_loss=2.3707 val_f1_macro=0.4714 val_f1_weighted=0.5242 val_prec_macro=0.5015 val_rec_macro=0.4546 val_metric_name=acc val_metric=0.5292
  test_acc=0.5156 test_loss=2.4687 test_f1_macro=0.4473 test_f1_weighted=0.5105 test_prec_macro=0.4737 test_rec_macro=0.4333 test_metric_name=acc test_metric=0.5156
  test_acc=0.5156

============================================================
Training amazon-ratings GAT 1L h=384 lr=0.0001 split=4
============================================================
Training for 5000 steps
Step    1 | loss 1.6067 | val_acc=0.3688 val_loss=1.4297 val_f1_macro=0.1166 val_f1_weighted=0.2097 val_prec_macro=0.2453 val_rec_macro=0.2019 val_metric_name=acc val_metric=0.3688
Step   50 | loss 1.3789 | val_acc=0.4072 val_loss=1.3668 val_f1_macro=0.1955 val_f1_weighted=0.3140 val_prec_macro=0.2249 val_rec_macro=0.2432 val_metric_name=acc val_metric=0.4072
Step  100 | loss 1.3247 | val_acc=0.4245 val_loss=1.3408 val_f1_macro=0.2381 val_f1_weighted=0.3619 val_prec_macro=0.5996 val_rec_macro=0.2668 val_metric_name=acc val_metric=0.4245
Step  150 | loss 1.2676 | val_acc=0.4364 val_loss=1.3364 val_f1_macro=0.2747 val_f1_weighted=0.3866 val_prec_macro=0.5175 val_rec_macro=0.2874 val_metric_name=acc val_metric=0.4364
Step  200 | loss 1.1975 | val_acc=0.4578 val_loss=1.3417 val_f1_macro=0.3146 val_f1_weighted=0.4193 val_prec_macro=0.4951 val_rec_macro=0.3158 val_metric_name=acc val_metric=0.4578
Step  250 | loss 1.1026 | val_acc=0.4749 val_loss=1.3601 val_f1_macro=0.3564 val_f1_weighted=0.4478 val_prec_macro=0.4943 val_rec_macro=0.3451 val_metric_name=acc val_metric=0.4749
Step  300 | loss 1.0021 | val_acc=0.4882 val_loss=1.3943 val_f1_macro=0.3863 val_f1_weighted=0.4653 val_prec_macro=0.5048 val_rec_macro=0.3673 val_metric_name=acc val_metric=0.4882
Step  350 | loss 0.9063 | val_acc=0.4929 val_loss=1.4360 val_f1_macro=0.3974 val_f1_weighted=0.4757 val_prec_macro=0.4939 val_rec_macro=0.3789 val_metric_name=acc val_metric=0.4929
Step  400 | loss 0.8127 | val_acc=0.5009 val_loss=1.5156 val_f1_macro=0.4136 val_f1_weighted=0.4857 val_prec_macro=0.5063 val_rec_macro=0.3918 val_metric_name=acc val_metric=0.5009
Step  450 | loss 0.7442 | val_acc=0.5094 val_loss=1.6096 val_f1_macro=0.4331 val_f1_weighted=0.4969 val_prec_macro=0.5069 val_rec_macro=0.4101 val_metric_name=acc val_metric=0.5094
Step  500 | loss 0.6727 | val_acc=0.5141 val_loss=1.6851 val_f1_macro=0.4472 val_f1_weighted=0.5049 val_prec_macro=0.5065 val_rec_macro=0.4246 val_metric_name=acc val_metric=0.5141
Step  550 | loss 0.6262 | val_acc=0.5153 val_loss=1.7828 val_f1_macro=0.4532 val_f1_weighted=0.5068 val_prec_macro=0.5098 val_rec_macro=0.4301 val_metric_name=acc val_metric=0.5153
Step  600 | loss 0.5732 | val_acc=0.5166 val_loss=1.8711 val_f1_macro=0.4538 val_f1_weighted=0.5087 val_prec_macro=0.5012 val_rec_macro=0.4331 val_metric_name=acc val_metric=0.5166
Step  650 | loss 0.5324 | val_acc=0.5264 val_loss=1.9309 val_f1_macro=0.4673 val_f1_weighted=0.5190 val_prec_macro=0.5177 val_rec_macro=0.4448 val_metric_name=acc val_metric=0.5264
Step  700 | loss 0.4886 | val_acc=0.5257 val_loss=2.0005 val_f1_macro=0.4684 val_f1_weighted=0.5190 val_prec_macro=0.5102 val_rec_macro=0.4481 val_metric_name=acc val_metric=0.5257
Step  750 | loss 0.4649 | val_acc=0.5260 val_loss=2.0680 val_f1_macro=0.4672 val_f1_weighted=0.5193 val_prec_macro=0.5086 val_rec_macro=0.4476 val_metric_name=acc val_metric=0.5260
Step  800 | loss 0.4499 | val_acc=0.5267 val_loss=2.1468 val_f1_macro=0.4708 val_f1_weighted=0.5203 val_prec_macro=0.5114 val_rec_macro=0.4507 val_metric_name=acc val_metric=0.5267
Step  850 | loss 0.4084 | val_acc=0.5287 val_loss=2.1969 val_f1_macro=0.4730 val_f1_weighted=0.5224 val_prec_macro=0.5147 val_rec_macro=0.4522 val_metric_name=acc val_metric=0.5287
Step  900 | loss 0.3914 | val_acc=0.5288 val_loss=2.2607 val_f1_macro=0.4716 val_f1_weighted=0.5228 val_prec_macro=0.5106 val_rec_macro=0.4520 val_metric_name=acc val_metric=0.5288
Step  950 | loss 0.3704 | val_acc=0.5272 val_loss=2.3117 val_f1_macro=0.4711 val_f1_weighted=0.5220 val_prec_macro=0.5040 val_rec_macro=0.4534 val_metric_name=acc val_metric=0.5272
Step 1000 | loss 0.3585 | val_acc=0.5259 val_loss=2.3459 val_f1_macro=0.4697 val_f1_weighted=0.5204 val_prec_macro=0.5034 val_rec_macro=0.4519 val_metric_name=acc val_metric=0.5259
Step 1050 | loss 0.3428 | val_acc=0.5282 val_loss=2.4075 val_f1_macro=0.4720 val_f1_weighted=0.5231 val_prec_macro=0.5043 val_rec_macro=0.4547 val_metric_name=acc val_metric=0.5282
Step 1100 | loss 0.3357 | val_acc=0.5244 val_loss=2.4448 val_f1_macro=0.4668 val_f1_weighted=0.5195 val_prec_macro=0.4980 val_rec_macro=0.4501 val_metric_name=acc val_metric=0.5244
Step 1150 | loss 0.3198 | val_acc=0.5257 val_loss=2.4880 val_f1_macro=0.4681 val_f1_weighted=0.5209 val_prec_macro=0.4988 val_rec_macro=0.4514 val_metric_name=acc val_metric=0.5257
Step 1200 | loss 0.3016 | val_acc=0.5277 val_loss=2.5374 val_f1_macro=0.4704 val_f1_weighted=0.5228 val_prec_macro=0.4986 val_rec_macro=0.4542 val_metric_name=acc val_metric=0.5277
Step 1250 | loss 0.2980 | val_acc=0.5234 val_loss=2.5566 val_f1_macro=0.4674 val_f1_weighted=0.5190 val_prec_macro=0.4944 val_rec_macro=0.4521 val_metric_name=acc val_metric=0.5234
Step 1300 | loss 0.2894 | val_acc=0.5247 val_loss=2.5907 val_f1_macro=0.4673 val_f1_weighted=0.5206 val_prec_macro=0.4925 val_rec_macro=0.4531 val_metric_name=acc val_metric=0.5247
Early stopping at step 1349

--- Final (best ckpt @ step 840) ---
  train_acc=0.9566 train_loss=0.1301 train_f1_macro=0.9548 train_f1_weighted=0.9565 train_prec_macro=0.9638 train_rec_macro=0.9466 train_metric_name=acc train_metric=0.9566
  val_acc=0.5288 val_loss=2.1970 val_f1_macro=0.4723 val_f1_weighted=0.5230 val_prec_macro=0.5103 val_rec_macro=0.4529 val_metric_name=acc val_metric=0.5288
  test_acc=0.5189 test_loss=2.2819 test_f1_macro=0.4478 test_f1_weighted=0.5129 test_prec_macro=0.4765 test_rec_macro=0.4331 test_metric_name=acc test_metric=0.5189
  test_acc=0.5189

============================================================
Training amazon-ratings GAT 1L h=384 lr=1e-05 split=4
============================================================
Training for 5000 steps
Step    1 | loss 1.6067 | val_acc=0.3668 val_loss=1.5423 val_f1_macro=0.1135 val_f1_weighted=0.2020 val_prec_macro=0.1663 val_rec_macro=0.2014 val_metric_name=acc val_metric=0.3668
Step   50 | loss 1.4468 | val_acc=0.3720 val_loss=1.4204 val_f1_macro=0.1278 val_f1_weighted=0.2247 val_prec_macro=0.2540 val_rec_macro=0.2055 val_metric_name=acc val_metric=0.3720
Step  100 | loss 1.4316 | val_acc=0.3791 val_loss=1.4055 val_f1_macro=0.1481 val_f1_weighted=0.2519 val_prec_macro=0.3571 val_rec_macro=0.2135 val_metric_name=acc val_metric=0.3791
Step  150 | loss 1.4215 | val_acc=0.3845 val_loss=1.3959 val_f1_macro=0.1588 val_f1_weighted=0.2661 val_prec_macro=0.3605 val_rec_macro=0.2192 val_metric_name=acc val_metric=0.3845
Step  200 | loss 1.4057 | val_acc=0.3915 val_loss=1.3863 val_f1_macro=0.1702 val_f1_weighted=0.2813 val_prec_macro=0.2645 val_rec_macro=0.2263 val_metric_name=acc val_metric=0.3915
Step  250 | loss 1.3940 | val_acc=0.4018 val_loss=1.3764 val_f1_macro=0.1835 val_f1_weighted=0.2992 val_prec_macro=0.1978 val_rec_macro=0.2360 val_metric_name=acc val_metric=0.4018
Step  300 | loss 1.3809 | val_acc=0.4047 val_loss=1.3686 val_f1_macro=0.1916 val_f1_weighted=0.3090 val_prec_macro=0.2254 val_rec_macro=0.2404 val_metric_name=acc val_metric=0.4047
Step  350 | loss 1.3746 | val_acc=0.4067 val_loss=1.3624 val_f1_macro=0.1973 val_f1_weighted=0.3159 val_prec_macro=0.2300 val_rec_macro=0.2430 val_metric_name=acc val_metric=0.4067
Step  400 | loss 1.3609 | val_acc=0.4093 val_loss=1.3576 val_f1_macro=0.2045 val_f1_weighted=0.3246 val_prec_macro=0.2372 val_rec_macro=0.2466 val_metric_name=acc val_metric=0.4093
Step  450 | loss 1.3565 | val_acc=0.4125 val_loss=1.3541 val_f1_macro=0.2111 val_f1_weighted=0.3321 val_prec_macro=0.4395 val_rec_macro=0.2505 val_metric_name=acc val_metric=0.4125
Step  500 | loss 1.3467 | val_acc=0.4150 val_loss=1.3504 val_f1_macro=0.2157 val_f1_weighted=0.3377 val_prec_macro=0.4415 val_rec_macro=0.2532 val_metric_name=acc val_metric=0.4150
Step  550 | loss 1.3426 | val_acc=0.4194 val_loss=1.3477 val_f1_macro=0.2235 val_f1_weighted=0.3460 val_prec_macro=0.6429 val_rec_macro=0.2586 val_metric_name=acc val_metric=0.4194
Step  600 | loss 1.3341 | val_acc=0.4192 val_loss=1.3466 val_f1_macro=0.2250 val_f1_weighted=0.3476 val_prec_macro=0.6436 val_rec_macro=0.2586 val_metric_name=acc val_metric=0.4192
Step  650 | loss 1.3264 | val_acc=0.4236 val_loss=1.3452 val_f1_macro=0.2318 val_f1_weighted=0.3552 val_prec_macro=0.4348 val_rec_macro=0.2630 val_metric_name=acc val_metric=0.4236
Step  700 | loss 1.3196 | val_acc=0.4253 val_loss=1.3431 val_f1_macro=0.2361 val_f1_weighted=0.3602 val_prec_macro=0.3848 val_rec_macro=0.2654 val_metric_name=acc val_metric=0.4253
Step  750 | loss 1.3119 | val_acc=0.4248 val_loss=1.3420 val_f1_macro=0.2402 val_f1_weighted=0.3623 val_prec_macro=0.4150 val_rec_macro=0.2672 val_metric_name=acc val_metric=0.4248
Step  800 | loss 1.3014 | val_acc=0.4269 val_loss=1.3400 val_f1_macro=0.2446 val_f1_weighted=0.3666 val_prec_macro=0.4235 val_rec_macro=0.2702 val_metric_name=acc val_metric=0.4269
Step  850 | loss 1.3022 | val_acc=0.4284 val_loss=1.3400 val_f1_macro=0.2507 val_f1_weighted=0.3707 val_prec_macro=0.4613 val_rec_macro=0.2734 val_metric_name=acc val_metric=0.4284
Step  900 | loss 1.2919 | val_acc=0.4289 val_loss=1.3407 val_f1_macro=0.2531 val_f1_weighted=0.3712 val_prec_macro=0.5028 val_rec_macro=0.2748 val_metric_name=acc val_metric=0.4289
Step  950 | loss 1.2848 | val_acc=0.4326 val_loss=1.3391 val_f1_macro=0.2619 val_f1_weighted=0.3783 val_prec_macro=0.5414 val_rec_macro=0.2802 val_metric_name=acc val_metric=0.4326
Step 1000 | loss 1.2773 | val_acc=0.4361 val_loss=1.3366 val_f1_macro=0.2693 val_f1_weighted=0.3850 val_prec_macro=0.5174 val_rec_macro=0.2849 val_metric_name=acc val_metric=0.4361
Step 1050 | loss 1.2695 | val_acc=0.4383 val_loss=1.3384 val_f1_macro=0.2734 val_f1_weighted=0.3870 val_prec_macro=0.5008 val_rec_macro=0.2877 val_metric_name=acc val_metric=0.4383
Step 1100 | loss 1.2608 | val_acc=0.4405 val_loss=1.3351 val_f1_macro=0.2808 val_f1_weighted=0.3926 val_prec_macro=0.5039 val_rec_macro=0.2920 val_metric_name=acc val_metric=0.4405
Step 1150 | loss 1.2582 | val_acc=0.4436 val_loss=1.3366 val_f1_macro=0.2836 val_f1_weighted=0.3968 val_prec_macro=0.4896 val_rec_macro=0.2948 val_metric_name=acc val_metric=0.4436
Step 1200 | loss 1.2485 | val_acc=0.4462 val_loss=1.3371 val_f1_macro=0.2893 val_f1_weighted=0.4010 val_prec_macro=0.4945 val_rec_macro=0.2988 val_metric_name=acc val_metric=0.4462
Step 1250 | loss 1.2345 | val_acc=0.4460 val_loss=1.3379 val_f1_macro=0.2907 val_f1_weighted=0.4012 val_prec_macro=0.4951 val_rec_macro=0.2998 val_metric_name=acc val_metric=0.4460
Step 1300 | loss 1.2248 | val_acc=0.4463 val_loss=1.3372 val_f1_macro=0.2959 val_f1_weighted=0.4041 val_prec_macro=0.4921 val_rec_macro=0.3022 val_metric_name=acc val_metric=0.4463
Step 1350 | loss 1.2189 | val_acc=0.4503 val_loss=1.3374 val_f1_macro=0.3065 val_f1_weighted=0.4094 val_prec_macro=0.5064 val_rec_macro=0.3087 val_metric_name=acc val_metric=0.4503
Step 1400 | loss 1.2103 | val_acc=0.4542 val_loss=1.3371 val_f1_macro=0.3123 val_f1_weighted=0.4157 val_prec_macro=0.5047 val_rec_macro=0.3137 val_metric_name=acc val_metric=0.4542
Step 1450 | loss 1.2036 | val_acc=0.4555 val_loss=1.3368 val_f1_macro=0.3172 val_f1_weighted=0.4182 val_prec_macro=0.5001 val_rec_macro=0.3165 val_metric_name=acc val_metric=0.4555
Step 1500 | loss 1.1866 | val_acc=0.4604 val_loss=1.3380 val_f1_macro=0.3243 val_f1_weighted=0.4247 val_prec_macro=0.5081 val_rec_macro=0.3221 val_metric_name=acc val_metric=0.4604
Step 1550 | loss 1.1782 | val_acc=0.4617 val_loss=1.3388 val_f1_macro=0.3258 val_f1_weighted=0.4267 val_prec_macro=0.4988 val_rec_macro=0.3230 val_metric_name=acc val_metric=0.4617
Step 1600 | loss 1.1687 | val_acc=0.4625 val_loss=1.3409 val_f1_macro=0.3309 val_f1_weighted=0.4285 val_prec_macro=0.5009 val_rec_macro=0.3262 val_metric_name=acc val_metric=0.4625
Step 1650 | loss 1.1560 | val_acc=0.4676 val_loss=1.3410 val_f1_macro=0.3411 val_f1_weighted=0.4364 val_prec_macro=0.4996 val_rec_macro=0.3337 val_metric_name=acc val_metric=0.4676
Step 1700 | loss 1.1450 | val_acc=0.4717 val_loss=1.3444 val_f1_macro=0.3468 val_f1_weighted=0.4408 val_prec_macro=0.5023 val_rec_macro=0.3387 val_metric_name=acc val_metric=0.4717
Step 1750 | loss 1.1348 | val_acc=0.4689 val_loss=1.3443 val_f1_macro=0.3493 val_f1_weighted=0.4405 val_prec_macro=0.4969 val_rec_macro=0.3391 val_metric_name=acc val_metric=0.4689
Step 1800 | loss 1.1168 | val_acc=0.4720 val_loss=1.3486 val_f1_macro=0.3534 val_f1_weighted=0.4437 val_prec_macro=0.4973 val_rec_macro=0.3427 val_metric_name=acc val_metric=0.4720
Step 1850 | loss 1.1138 | val_acc=0.4741 val_loss=1.3490 val_f1_macro=0.3573 val_f1_weighted=0.4474 val_prec_macro=0.4999 val_rec_macro=0.3454 val_metric_name=acc val_metric=0.4741
Step 1900 | loss 1.0940 | val_acc=0.4743 val_loss=1.3554 val_f1_macro=0.3573 val_f1_weighted=0.4472 val_prec_macro=0.4960 val_rec_macro=0.3453 val_metric_name=acc val_metric=0.4743
Step 1950 | loss 1.0881 | val_acc=0.4748 val_loss=1.3579 val_f1_macro=0.3596 val_f1_weighted=0.4483 val_prec_macro=0.4899 val_rec_macro=0.3470 val_metric_name=acc val_metric=0.4748
Step 2000 | loss 1.0790 | val_acc=0.4774 val_loss=1.3597 val_f1_macro=0.3647 val_f1_weighted=0.4523 val_prec_macro=0.4892 val_rec_macro=0.3510 val_metric_name=acc val_metric=0.4774
Step 2050 | loss 1.0640 | val_acc=0.4793 val_loss=1.3653 val_f1_macro=0.3688 val_f1_weighted=0.4545 val_prec_macro=0.4919 val_rec_macro=0.3542 val_metric_name=acc val_metric=0.4793
Step 2100 | loss 1.0534 | val_acc=0.4816 val_loss=1.3662 val_f1_macro=0.3728 val_f1_weighted=0.4580 val_prec_macro=0.4910 val_rec_macro=0.3579 val_metric_name=acc val_metric=0.4816
Step 2150 | loss 1.0380 | val_acc=0.4836 val_loss=1.3685 val_f1_macro=0.3742 val_f1_weighted=0.4604 val_prec_macro=0.4901 val_rec_macro=0.3593 val_metric_name=acc val_metric=0.4836
Step 2200 | loss 1.0302 | val_acc=0.4846 val_loss=1.3777 val_f1_macro=0.3778 val_f1_weighted=0.4618 val_prec_macro=0.4960 val_rec_macro=0.3617 val_metric_name=acc val_metric=0.4846
Step 2250 | loss 1.0125 | val_acc=0.4849 val_loss=1.3796 val_f1_macro=0.3792 val_f1_weighted=0.4625 val_prec_macro=0.4949 val_rec_macro=0.3630 val_metric_name=acc val_metric=0.4849
Step 2300 | loss 1.0144 | val_acc=0.4862 val_loss=1.3848 val_f1_macro=0.3858 val_f1_weighted=0.4646 val_prec_macro=0.5034 val_rec_macro=0.3678 val_metric_name=acc val_metric=0.4862
Step 2350 | loss 0.9890 | val_acc=0.4867 val_loss=1.3879 val_f1_macro=0.3875 val_f1_weighted=0.4660 val_prec_macro=0.5017 val_rec_macro=0.3689 val_metric_name=acc val_metric=0.4867
Step 2400 | loss 0.9867 | val_acc=0.4867 val_loss=1.3947 val_f1_macro=0.3889 val_f1_weighted=0.4664 val_prec_macro=0.4999 val_rec_macro=0.3701 val_metric_name=acc val_metric=0.4867
Step 2450 | loss 0.9707 | val_acc=0.4878 val_loss=1.3998 val_f1_macro=0.3893 val_f1_weighted=0.4677 val_prec_macro=0.5007 val_rec_macro=0.3707 val_metric_name=acc val_metric=0.4878
Step 2500 | loss 0.9705 | val_acc=0.4883 val_loss=1.4066 val_f1_macro=0.3915 val_f1_weighted=0.4688 val_prec_macro=0.5003 val_rec_macro=0.3724 val_metric_name=acc val_metric=0.4883
Step 2550 | loss 0.9512 | val_acc=0.4901 val_loss=1.4121 val_f1_macro=0.3953 val_f1_weighted=0.4712 val_prec_macro=0.5035 val_rec_macro=0.3756 val_metric_name=acc val_metric=0.4901
Step 2600 | loss 0.9432 | val_acc=0.4922 val_loss=1.4165 val_f1_macro=0.3988 val_f1_weighted=0.4739 val_prec_macro=0.5029 val_rec_macro=0.3787 val_metric_name=acc val_metric=0.4922
Step 2650 | loss 0.9322 | val_acc=0.4940 val_loss=1.4216 val_f1_macro=0.4030 val_f1_weighted=0.4767 val_prec_macro=0.5005 val_rec_macro=0.3825 val_metric_name=acc val_metric=0.4940
Step 2700 | loss 0.9198 | val_acc=0.4950 val_loss=1.4291 val_f1_macro=0.4030 val_f1_weighted=0.4781 val_prec_macro=0.5000 val_rec_macro=0.3828 val_metric_name=acc val_metric=0.4950
Step 2750 | loss 0.9153 | val_acc=0.4953 val_loss=1.4348 val_f1_macro=0.4054 val_f1_weighted=0.4784 val_prec_macro=0.5014 val_rec_macro=0.3846 val_metric_name=acc val_metric=0.4953
Step 2800 | loss 0.8985 | val_acc=0.4967 val_loss=1.4435 val_f1_macro=0.4086 val_f1_weighted=0.4801 val_prec_macro=0.5057 val_rec_macro=0.3871 val_metric_name=acc val_metric=0.4967
Step 2850 | loss 0.8829 | val_acc=0.4967 val_loss=1.4474 val_f1_macro=0.4089 val_f1_weighted=0.4806 val_prec_macro=0.5027 val_rec_macro=0.3876 val_metric_name=acc val_metric=0.4967
Step 2900 | loss 0.8890 | val_acc=0.4967 val_loss=1.4572 val_f1_macro=0.4104 val_f1_weighted=0.4806 val_prec_macro=0.5009 val_rec_macro=0.3889 val_metric_name=acc val_metric=0.4967
Step 2950 | loss 0.8754 | val_acc=0.4965 val_loss=1.4620 val_f1_macro=0.4134 val_f1_weighted=0.4818 val_prec_macro=0.5011 val_rec_macro=0.3915 val_metric_name=acc val_metric=0.4965
Step 3000 | loss 0.8639 | val_acc=0.4983 val_loss=1.4710 val_f1_macro=0.4153 val_f1_weighted=0.4834 val_prec_macro=0.5049 val_rec_macro=0.3932 val_metric_name=acc val_metric=0.4983
Step 3050 | loss 0.8571 | val_acc=0.4996 val_loss=1.4802 val_f1_macro=0.4174 val_f1_weighted=0.4850 val_prec_macro=0.5058 val_rec_macro=0.3949 val_metric_name=acc val_metric=0.4996
Step 3100 | loss 0.8492 | val_acc=0.4984 val_loss=1.4872 val_f1_macro=0.4183 val_f1_weighted=0.4844 val_prec_macro=0.5017 val_rec_macro=0.3958 val_metric_name=acc val_metric=0.4984
Step 3150 | loss 0.8316 | val_acc=0.4989 val_loss=1.4922 val_f1_macro=0.4187 val_f1_weighted=0.4854 val_prec_macro=0.4974 val_rec_macro=0.3967 val_metric_name=acc val_metric=0.4989
Step 3200 | loss 0.8286 | val_acc=0.5014 val_loss=1.5013 val_f1_macro=0.4212 val_f1_weighted=0.4876 val_prec_macro=0.4999 val_rec_macro=0.3993 val_metric_name=acc val_metric=0.5014
Step 3250 | loss 0.8133 | val_acc=0.5033 val_loss=1.5098 val_f1_macro=0.4254 val_f1_weighted=0.4896 val_prec_macro=0.5033 val_rec_macro=0.4029 val_metric_name=acc val_metric=0.5033
Step 3300 | loss 0.8144 | val_acc=0.5016 val_loss=1.5186 val_f1_macro=0.4254 val_f1_weighted=0.4884 val_prec_macro=0.5013 val_rec_macro=0.4028 val_metric_name=acc val_metric=0.5016
Step 3350 | loss 0.8000 | val_acc=0.5027 val_loss=1.5294 val_f1_macro=0.4262 val_f1_weighted=0.4898 val_prec_macro=0.4993 val_rec_macro=0.4036 val_metric_name=acc val_metric=0.5027
Step 3400 | loss 0.7951 | val_acc=0.5045 val_loss=1.5366 val_f1_macro=0.4285 val_f1_weighted=0.4917 val_prec_macro=0.4998 val_rec_macro=0.4062 val_metric_name=acc val_metric=0.5045
Step 3450 | loss 0.7924 | val_acc=0.5050 val_loss=1.5464 val_f1_macro=0.4289 val_f1_weighted=0.4921 val_prec_macro=0.4973 val_rec_macro=0.4069 val_metric_name=acc val_metric=0.5050
Step 3500 | loss 0.7735 | val_acc=0.5063 val_loss=1.5532 val_f1_macro=0.4327 val_f1_weighted=0.4942 val_prec_macro=0.5018 val_rec_macro=0.4100 val_metric_name=acc val_metric=0.5063
Step 3550 | loss 0.7696 | val_acc=0.5058 val_loss=1.5627 val_f1_macro=0.4325 val_f1_weighted=0.4937 val_prec_macro=0.5009 val_rec_macro=0.4101 val_metric_name=acc val_metric=0.5058
Step 3600 | loss 0.7580 | val_acc=0.5045 val_loss=1.5706 val_f1_macro=0.4306 val_f1_weighted=0.4927 val_prec_macro=0.4964 val_rec_macro=0.4088 val_metric_name=acc val_metric=0.5045
Step 3650 | loss 0.7629 | val_acc=0.5065 val_loss=1.5780 val_f1_macro=0.4322 val_f1_weighted=0.4948 val_prec_macro=0.4939 val_rec_macro=0.4109 val_metric_name=acc val_metric=0.5065
Step 3700 | loss 0.7482 | val_acc=0.5081 val_loss=1.5882 val_f1_macro=0.4337 val_f1_weighted=0.4965 val_prec_macro=0.4964 val_rec_macro=0.4122 val_metric_name=acc val_metric=0.5081
Step 3750 | loss 0.7416 | val_acc=0.5087 val_loss=1.5974 val_f1_macro=0.4361 val_f1_weighted=0.4972 val_prec_macro=0.5008 val_rec_macro=0.4139 val_metric_name=acc val_metric=0.5087
Step 3800 | loss 0.7339 | val_acc=0.5089 val_loss=1.6021 val_f1_macro=0.4358 val_f1_weighted=0.4978 val_prec_macro=0.4961 val_rec_macro=0.4143 val_metric_name=acc val_metric=0.5089
Step 3850 | loss 0.7363 | val_acc=0.5104 val_loss=1.6114 val_f1_macro=0.4378 val_f1_weighted=0.4995 val_prec_macro=0.4960 val_rec_macro=0.4167 val_metric_name=acc val_metric=0.5104
Step 3900 | loss 0.7192 | val_acc=0.5117 val_loss=1.6188 val_f1_macro=0.4394 val_f1_weighted=0.5013 val_prec_macro=0.4957 val_rec_macro=0.4183 val_metric_name=acc val_metric=0.5117
Step 3950 | loss 0.7197 | val_acc=0.5114 val_loss=1.6316 val_f1_macro=0.4400 val_f1_weighted=0.5009 val_prec_macro=0.4974 val_rec_macro=0.4188 val_metric_name=acc val_metric=0.5114
Step 4000 | loss 0.7082 | val_acc=0.5114 val_loss=1.6380 val_f1_macro=0.4410 val_f1_weighted=0.5011 val_prec_macro=0.5005 val_rec_macro=0.4192 val_metric_name=acc val_metric=0.5114
Step 4050 | loss 0.7117 | val_acc=0.5125 val_loss=1.6493 val_f1_macro=0.4418 val_f1_weighted=0.5019 val_prec_macro=0.4992 val_rec_macro=0.4204 val_metric_name=acc val_metric=0.5125
Step 4100 | loss 0.6982 | val_acc=0.5131 val_loss=1.6542 val_f1_macro=0.4435 val_f1_weighted=0.5035 val_prec_macro=0.4960 val_rec_macro=0.4228 val_metric_name=acc val_metric=0.5131
Step 4150 | loss 0.7017 | val_acc=0.5127 val_loss=1.6639 val_f1_macro=0.4434 val_f1_weighted=0.5030 val_prec_macro=0.4956 val_rec_macro=0.4228 val_metric_name=acc val_metric=0.5127
Step 4200 | loss 0.6872 | val_acc=0.5130 val_loss=1.6749 val_f1_macro=0.4447 val_f1_weighted=0.5035 val_prec_macro=0.4964 val_rec_macro=0.4241 val_metric_name=acc val_metric=0.5130
Step 4250 | loss 0.6763 | val_acc=0.5136 val_loss=1.6829 val_f1_macro=0.4461 val_f1_weighted=0.5045 val_prec_macro=0.4947 val_rec_macro=0.4263 val_metric_name=acc val_metric=0.5136
Step 4300 | loss 0.6770 | val_acc=0.5123 val_loss=1.6904 val_f1_macro=0.4454 val_f1_weighted=0.5033 val_prec_macro=0.4952 val_rec_macro=0.4252 val_metric_name=acc val_metric=0.5123
Step 4350 | loss 0.6731 | val_acc=0.5133 val_loss=1.6965 val_f1_macro=0.4474 val_f1_weighted=0.5046 val_prec_macro=0.4954 val_rec_macro=0.4271 val_metric_name=acc val_metric=0.5133
Step 4400 | loss 0.6536 | val_acc=0.5138 val_loss=1.7087 val_f1_macro=0.4485 val_f1_weighted=0.5050 val_prec_macro=0.4959 val_rec_macro=0.4285 val_metric_name=acc val_metric=0.5138
Step 4450 | loss 0.6473 | val_acc=0.5146 val_loss=1.7173 val_f1_macro=0.4519 val_f1_weighted=0.5061 val_prec_macro=0.5003 val_rec_macro=0.4311 val_metric_name=acc val_metric=0.5146
Step 4500 | loss 0.6434 | val_acc=0.5164 val_loss=1.7253 val_f1_macro=0.4530 val_f1_weighted=0.5077 val_prec_macro=0.5035 val_rec_macro=0.4316 val_metric_name=acc val_metric=0.5164
Step 4550 | loss 0.6383 | val_acc=0.5154 val_loss=1.7338 val_f1_macro=0.4525 val_f1_weighted=0.5070 val_prec_macro=0.5036 val_rec_macro=0.4311 val_metric_name=acc val_metric=0.5154
Step 4600 | loss 0.6391 | val_acc=0.5145 val_loss=1.7410 val_f1_macro=0.4536 val_f1_weighted=0.5068 val_prec_macro=0.4967 val_rec_macro=0.4339 val_metric_name=acc val_metric=0.5145
Step 4650 | loss 0.6310 | val_acc=0.5148 val_loss=1.7486 val_f1_macro=0.4535 val_f1_weighted=0.5070 val_prec_macro=0.4964 val_rec_macro=0.4338 val_metric_name=acc val_metric=0.5148
Step 4700 | loss 0.6269 | val_acc=0.5145 val_loss=1.7647 val_f1_macro=0.4534 val_f1_weighted=0.5063 val_prec_macro=0.4993 val_rec_macro=0.4331 val_metric_name=acc val_metric=0.5145
Step 4750 | loss 0.6230 | val_acc=0.5149 val_loss=1.7661 val_f1_macro=0.4527 val_f1_weighted=0.5070 val_prec_macro=0.4989 val_rec_macro=0.4326 val_metric_name=acc val_metric=0.5149
Step 4800 | loss 0.6129 | val_acc=0.5156 val_loss=1.7734 val_f1_macro=0.4548 val_f1_weighted=0.5081 val_prec_macro=0.4990 val_rec_macro=0.4351 val_metric_name=acc val_metric=0.5156
Step 4850 | loss 0.6158 | val_acc=0.5169 val_loss=1.7806 val_f1_macro=0.4568 val_f1_weighted=0.5095 val_prec_macro=0.5000 val_rec_macro=0.4368 val_metric_name=acc val_metric=0.5169
Step 4900 | loss 0.6084 | val_acc=0.5169 val_loss=1.7911 val_f1_macro=0.4560 val_f1_weighted=0.5094 val_prec_macro=0.4975 val_rec_macro=0.4368 val_metric_name=acc val_metric=0.5169
Step 4950 | loss 0.6068 | val_acc=0.5172 val_loss=1.7972 val_f1_macro=0.4570 val_f1_weighted=0.5099 val_prec_macro=0.4988 val_rec_macro=0.4375 val_metric_name=acc val_metric=0.5172
Step 5000 | loss 0.5939 | val_acc=0.5176 val_loss=1.8056 val_f1_macro=0.4574 val_f1_weighted=0.5103 val_prec_macro=0.4992 val_rec_macro=0.4380 val_metric_name=acc val_metric=0.5176

--- Final (best ckpt @ step 4870) ---
  train_acc=0.8799 train_loss=0.3164 train_f1_macro=0.8717 train_f1_weighted=0.8794 train_prec_macro=0.9034 train_rec_macro=0.8479 train_metric_name=acc train_metric=0.8799
  val_acc=0.5185 val_loss=1.7868 val_f1_macro=0.4592 val_f1_weighted=0.5112 val_prec_macro=0.5005 val_rec_macro=0.4396 val_metric_name=acc val_metric=0.5185
  test_acc=0.5110 test_loss=1.8535 test_f1_macro=0.4324 test_f1_weighted=0.5018 test_prec_macro=0.4716 test_rec_macro=0.4161 test_metric_name=acc test_metric=0.5110
  test_acc=0.5110

============================================================
Training amazon-ratings GAT 1L h=512 lr=3e-05 split=4
============================================================
Training for 5000 steps
Step    1 | loss 1.7693 | val_acc=0.1872 val_loss=1.6022 val_f1_macro=0.1356 val_f1_weighted=0.1651 val_prec_macro=0.1889 val_rec_macro=0.2050 val_metric_name=acc val_metric=0.1872
Step   50 | loss 1.4212 | val_acc=0.3830 val_loss=1.3947 val_f1_macro=0.1647 val_f1_weighted=0.2735 val_prec_macro=0.3542 val_rec_macro=0.2209 val_metric_name=acc val_metric=0.3830
Step  100 | loss 1.3842 | val_acc=0.4031 val_loss=1.3731 val_f1_macro=0.1901 val_f1_weighted=0.3067 val_prec_macro=0.2732 val_rec_macro=0.2390 val_metric_name=acc val_metric=0.4031
Step  150 | loss 1.3553 | val_acc=0.4063 val_loss=1.3590 val_f1_macro=0.2036 val_f1_weighted=0.3227 val_prec_macro=0.2376 val_rec_macro=0.2454 val_metric_name=acc val_metric=0.4063
Step  200 | loss 1.3331 | val_acc=0.4142 val_loss=1.3515 val_f1_macro=0.2239 val_f1_weighted=0.3427 val_prec_macro=0.5415 val_rec_macro=0.2564 val_metric_name=acc val_metric=0.4142
Step  250 | loss 1.3190 | val_acc=0.4210 val_loss=1.3454 val_f1_macro=0.2400 val_f1_weighted=0.3578 val_prec_macro=0.4533 val_rec_macro=0.2663 val_metric_name=acc val_metric=0.4210
Step  300 | loss 1.2938 | val_acc=0.4285 val_loss=1.3423 val_f1_macro=0.2580 val_f1_weighted=0.3737 val_prec_macro=0.4604 val_rec_macro=0.2775 val_metric_name=acc val_metric=0.4285
Step  350 | loss 1.2664 | val_acc=0.4352 val_loss=1.3424 val_f1_macro=0.2714 val_f1_weighted=0.3844 val_prec_macro=0.4898 val_rec_macro=0.2864 val_metric_name=acc val_metric=0.4352
Step  400 | loss 1.2429 | val_acc=0.4436 val_loss=1.3398 val_f1_macro=0.2931 val_f1_weighted=0.3997 val_prec_macro=0.4913 val_rec_macro=0.3001 val_metric_name=acc val_metric=0.4436
Step  450 | loss 1.2214 | val_acc=0.4485 val_loss=1.3431 val_f1_macro=0.3105 val_f1_weighted=0.4094 val_prec_macro=0.4953 val_rec_macro=0.3109 val_metric_name=acc val_metric=0.4485
Step  500 | loss 1.1916 | val_acc=0.4596 val_loss=1.3519 val_f1_macro=0.3235 val_f1_weighted=0.4214 val_prec_macro=0.4871 val_rec_macro=0.3231 val_metric_name=acc val_metric=0.4596
Step  550 | loss 1.1534 | val_acc=0.4597 val_loss=1.3563 val_f1_macro=0.3325 val_f1_weighted=0.4253 val_prec_macro=0.4856 val_rec_macro=0.3272 val_metric_name=acc val_metric=0.4597
Step  600 | loss 1.1099 | val_acc=0.4638 val_loss=1.3578 val_f1_macro=0.3500 val_f1_weighted=0.4348 val_prec_macro=0.4893 val_rec_macro=0.3396 val_metric_name=acc val_metric=0.4638
Step  650 | loss 1.0801 | val_acc=0.4723 val_loss=1.3713 val_f1_macro=0.3652 val_f1_weighted=0.4466 val_prec_macro=0.5074 val_rec_macro=0.3507 val_metric_name=acc val_metric=0.4723
Step  700 | loss 1.0360 | val_acc=0.4759 val_loss=1.3829 val_f1_macro=0.3752 val_f1_weighted=0.4537 val_prec_macro=0.4992 val_rec_macro=0.3595 val_metric_name=acc val_metric=0.4759
Step  750 | loss 0.9940 | val_acc=0.4864 val_loss=1.3994 val_f1_macro=0.3939 val_f1_weighted=0.4662 val_prec_macro=0.5230 val_rec_macro=0.3749 val_metric_name=acc val_metric=0.4864
Step  800 | loss 0.9517 | val_acc=0.4873 val_loss=1.4240 val_f1_macro=0.4044 val_f1_weighted=0.4694 val_prec_macro=0.5308 val_rec_macro=0.3825 val_metric_name=acc val_metric=0.4873
Step  850 | loss 0.9086 | val_acc=0.4908 val_loss=1.4477 val_f1_macro=0.4103 val_f1_weighted=0.4745 val_prec_macro=0.5238 val_rec_macro=0.3882 val_metric_name=acc val_metric=0.4908
Step  900 | loss 0.8693 | val_acc=0.4932 val_loss=1.4786 val_f1_macro=0.4162 val_f1_weighted=0.4774 val_prec_macro=0.5146 val_rec_macro=0.3945 val_metric_name=acc val_metric=0.4932
Step  950 | loss 0.8302 | val_acc=0.4991 val_loss=1.5138 val_f1_macro=0.4234 val_f1_weighted=0.4844 val_prec_macro=0.5235 val_rec_macro=0.4001 val_metric_name=acc val_metric=0.4991
Step 1000 | loss 0.7885 | val_acc=0.5001 val_loss=1.5506 val_f1_macro=0.4292 val_f1_weighted=0.4875 val_prec_macro=0.5174 val_rec_macro=0.4073 val_metric_name=acc val_metric=0.5001
Step 1050 | loss 0.7616 | val_acc=0.5047 val_loss=1.5879 val_f1_macro=0.4345 val_f1_weighted=0.4929 val_prec_macro=0.5130 val_rec_macro=0.4124 val_metric_name=acc val_metric=0.5047
Step 1100 | loss 0.7245 | val_acc=0.5027 val_loss=1.6342 val_f1_macro=0.4379 val_f1_weighted=0.4917 val_prec_macro=0.5215 val_rec_macro=0.4142 val_metric_name=acc val_metric=0.5027
Step 1150 | loss 0.6955 | val_acc=0.5081 val_loss=1.6762 val_f1_macro=0.4434 val_f1_weighted=0.4973 val_prec_macro=0.5184 val_rec_macro=0.4202 val_metric_name=acc val_metric=0.5081
Step 1200 | loss 0.6667 | val_acc=0.5104 val_loss=1.7205 val_f1_macro=0.4454 val_f1_weighted=0.5010 val_prec_macro=0.5194 val_rec_macro=0.4231 val_metric_name=acc val_metric=0.5104
Step 1250 | loss 0.6494 | val_acc=0.5089 val_loss=1.7672 val_f1_macro=0.4459 val_f1_weighted=0.4996 val_prec_macro=0.5124 val_rec_macro=0.4235 val_metric_name=acc val_metric=0.5089
Step 1300 | loss 0.6178 | val_acc=0.5131 val_loss=1.8216 val_f1_macro=0.4503 val_f1_weighted=0.5042 val_prec_macro=0.5146 val_rec_macro=0.4281 val_metric_name=acc val_metric=0.5131
Step 1350 | loss 0.5895 | val_acc=0.5138 val_loss=1.8607 val_f1_macro=0.4547 val_f1_weighted=0.5058 val_prec_macro=0.5169 val_rec_macro=0.4323 val_metric_name=acc val_metric=0.5138
Step 1400 | loss 0.5761 | val_acc=0.5159 val_loss=1.9105 val_f1_macro=0.4563 val_f1_weighted=0.5080 val_prec_macro=0.5163 val_rec_macro=0.4340 val_metric_name=acc val_metric=0.5159
Step 1450 | loss 0.5478 | val_acc=0.5185 val_loss=1.9522 val_f1_macro=0.4577 val_f1_weighted=0.5107 val_prec_macro=0.5120 val_rec_macro=0.4367 val_metric_name=acc val_metric=0.5185
Step 1500 | loss 0.5376 | val_acc=0.5200 val_loss=1.9902 val_f1_macro=0.4622 val_f1_weighted=0.5129 val_prec_macro=0.5141 val_rec_macro=0.4411 val_metric_name=acc val_metric=0.5200
Step 1550 | loss 0.5154 | val_acc=0.5169 val_loss=2.0394 val_f1_macro=0.4574 val_f1_weighted=0.5095 val_prec_macro=0.5148 val_rec_macro=0.4353 val_metric_name=acc val_metric=0.5169
Step 1600 | loss 0.4874 | val_acc=0.5192 val_loss=2.0795 val_f1_macro=0.4602 val_f1_weighted=0.5122 val_prec_macro=0.5133 val_rec_macro=0.4393 val_metric_name=acc val_metric=0.5192
Step 1650 | loss 0.4876 | val_acc=0.5197 val_loss=2.1106 val_f1_macro=0.4604 val_f1_weighted=0.5134 val_prec_macro=0.5077 val_rec_macro=0.4406 val_metric_name=acc val_metric=0.5197
Step 1700 | loss 0.4687 | val_acc=0.5174 val_loss=2.1534 val_f1_macro=0.4607 val_f1_weighted=0.5107 val_prec_macro=0.5109 val_rec_macro=0.4398 val_metric_name=acc val_metric=0.5174
Step 1750 | loss 0.4580 | val_acc=0.5200 val_loss=2.1930 val_f1_macro=0.4629 val_f1_weighted=0.5134 val_prec_macro=0.5084 val_rec_macro=0.4427 val_metric_name=acc val_metric=0.5200
Step 1800 | loss 0.4407 | val_acc=0.5208 val_loss=2.2196 val_f1_macro=0.4649 val_f1_weighted=0.5146 val_prec_macro=0.5109 val_rec_macro=0.4444 val_metric_name=acc val_metric=0.5208
Step 1850 | loss 0.4194 | val_acc=0.5203 val_loss=2.2575 val_f1_macro=0.4630 val_f1_weighted=0.5139 val_prec_macro=0.5110 val_rec_macro=0.4427 val_metric_name=acc val_metric=0.5203
Step 1900 | loss 0.4168 | val_acc=0.5194 val_loss=2.2820 val_f1_macro=0.4631 val_f1_weighted=0.5134 val_prec_macro=0.5055 val_rec_macro=0.4436 val_metric_name=acc val_metric=0.5194
Step 1950 | loss 0.3994 | val_acc=0.5225 val_loss=2.3161 val_f1_macro=0.4660 val_f1_weighted=0.5164 val_prec_macro=0.5078 val_rec_macro=0.4469 val_metric_name=acc val_metric=0.5225
Step 2000 | loss 0.3900 | val_acc=0.5213 val_loss=2.3468 val_f1_macro=0.4654 val_f1_weighted=0.5159 val_prec_macro=0.5069 val_rec_macro=0.4465 val_metric_name=acc val_metric=0.5213
Step 2050 | loss 0.3932 | val_acc=0.5216 val_loss=2.3726 val_f1_macro=0.4689 val_f1_weighted=0.5162 val_prec_macro=0.5095 val_rec_macro=0.4495 val_metric_name=acc val_metric=0.5216
Step 2100 | loss 0.3732 | val_acc=0.5221 val_loss=2.4024 val_f1_macro=0.4680 val_f1_weighted=0.5167 val_prec_macro=0.5062 val_rec_macro=0.4492 val_metric_name=acc val_metric=0.5221
Step 2150 | loss 0.3733 | val_acc=0.5233 val_loss=2.4380 val_f1_macro=0.4690 val_f1_weighted=0.5179 val_prec_macro=0.5085 val_rec_macro=0.4506 val_metric_name=acc val_metric=0.5233
Step 2200 | loss 0.3585 | val_acc=0.5195 val_loss=2.4604 val_f1_macro=0.4664 val_f1_weighted=0.5142 val_prec_macro=0.5057 val_rec_macro=0.4476 val_metric_name=acc val_metric=0.5195
Step 2250 | loss 0.3518 | val_acc=0.5221 val_loss=2.4905 val_f1_macro=0.4687 val_f1_weighted=0.5171 val_prec_macro=0.5031 val_rec_macro=0.4511 val_metric_name=acc val_metric=0.5221
Step 2300 | loss 0.3544 | val_acc=0.5236 val_loss=2.5128 val_f1_macro=0.4697 val_f1_weighted=0.5181 val_prec_macro=0.5065 val_rec_macro=0.4514 val_metric_name=acc val_metric=0.5236
Step 2350 | loss 0.3348 | val_acc=0.5216 val_loss=2.5450 val_f1_macro=0.4679 val_f1_weighted=0.5165 val_prec_macro=0.5027 val_rec_macro=0.4505 val_metric_name=acc val_metric=0.5216
Step 2400 | loss 0.3363 | val_acc=0.5226 val_loss=2.5645 val_f1_macro=0.4689 val_f1_weighted=0.5174 val_prec_macro=0.5051 val_rec_macro=0.4508 val_metric_name=acc val_metric=0.5226
Step 2450 | loss 0.3105 | val_acc=0.5229 val_loss=2.5911 val_f1_macro=0.4688 val_f1_weighted=0.5179 val_prec_macro=0.5045 val_rec_macro=0.4509 val_metric_name=acc val_metric=0.5229
Step 2500 | loss 0.3051 | val_acc=0.5229 val_loss=2.6196 val_f1_macro=0.4690 val_f1_weighted=0.5180 val_prec_macro=0.5025 val_rec_macro=0.4521 val_metric_name=acc val_metric=0.5229
Step 2550 | loss 0.3043 | val_acc=0.5215 val_loss=2.6382 val_f1_macro=0.4672 val_f1_weighted=0.5166 val_prec_macro=0.5019 val_rec_macro=0.4499 val_metric_name=acc val_metric=0.5215
Step 2600 | loss 0.3093 | val_acc=0.5238 val_loss=2.6641 val_f1_macro=0.4711 val_f1_weighted=0.5190 val_prec_macro=0.5039 val_rec_macro=0.4541 val_metric_name=acc val_metric=0.5238
Step 2650 | loss 0.3002 | val_acc=0.5221 val_loss=2.6809 val_f1_macro=0.4673 val_f1_weighted=0.5174 val_prec_macro=0.4981 val_rec_macro=0.4511 val_metric_name=acc val_metric=0.5221
Step 2700 | loss 0.2950 | val_acc=0.5239 val_loss=2.7053 val_f1_macro=0.4685 val_f1_weighted=0.5192 val_prec_macro=0.5001 val_rec_macro=0.4525 val_metric_name=acc val_metric=0.5239
Step 2750 | loss 0.2891 | val_acc=0.5236 val_loss=2.7198 val_f1_macro=0.4695 val_f1_weighted=0.5192 val_prec_macro=0.5000 val_rec_macro=0.4534 val_metric_name=acc val_metric=0.5236
Step 2800 | loss 0.2840 | val_acc=0.5256 val_loss=2.7467 val_f1_macro=0.4717 val_f1_weighted=0.5208 val_prec_macro=0.5030 val_rec_macro=0.4555 val_metric_name=acc val_metric=0.5256
Step 2850 | loss 0.2715 | val_acc=0.5236 val_loss=2.7628 val_f1_macro=0.4696 val_f1_weighted=0.5190 val_prec_macro=0.5031 val_rec_macro=0.4526 val_metric_name=acc val_metric=0.5236
Step 2900 | loss 0.2748 | val_acc=0.5247 val_loss=2.7795 val_f1_macro=0.4728 val_f1_weighted=0.5202 val_prec_macro=0.5059 val_rec_macro=0.4557 val_metric_name=acc val_metric=0.5247
Step 2950 | loss 0.2708 | val_acc=0.5228 val_loss=2.7918 val_f1_macro=0.4703 val_f1_weighted=0.5184 val_prec_macro=0.5046 val_rec_macro=0.4527 val_metric_name=acc val_metric=0.5228
Step 3000 | loss 0.2649 | val_acc=0.5223 val_loss=2.8149 val_f1_macro=0.4692 val_f1_weighted=0.5181 val_prec_macro=0.5003 val_rec_macro=0.4527 val_metric_name=acc val_metric=0.5223
Step 3050 | loss 0.2559 | val_acc=0.5220 val_loss=2.8328 val_f1_macro=0.4693 val_f1_weighted=0.5176 val_prec_macro=0.5011 val_rec_macro=0.4529 val_metric_name=acc val_metric=0.5220
Step 3100 | loss 0.2524 | val_acc=0.5225 val_loss=2.8516 val_f1_macro=0.4689 val_f1_weighted=0.5183 val_prec_macro=0.4990 val_rec_macro=0.4530 val_metric_name=acc val_metric=0.5225
Early stopping at step 3100

--- Final (best ckpt @ step 2800) ---
  train_acc=0.9812 train_loss=0.0580 train_f1_macro=0.9804 train_f1_weighted=0.9812 train_prec_macro=0.9851 train_rec_macro=0.9760 train_metric_name=acc train_metric=0.9812
  val_acc=0.5256 val_loss=2.7467 val_f1_macro=0.4717 val_f1_weighted=0.5208 val_prec_macro=0.5030 val_rec_macro=0.4555 val_metric_name=acc val_metric=0.5256
  test_acc=0.5158 test_loss=2.7454 test_f1_macro=0.4440 test_f1_weighted=0.5106 test_prec_macro=0.4692 test_rec_macro=0.4323 test_metric_name=acc test_metric=0.5158
  test_acc=0.5158

============================================================
Training amazon-ratings GAT 1L h=512 lr=6e-05 split=4
============================================================
Training for 5000 steps
Step    1 | loss 1.7693 | val_acc=0.3297 val_loss=1.4972 val_f1_macro=0.1663 val_f1_weighted=0.2591 val_prec_macro=0.1950 val_rec_macro=0.1989 val_metric_name=acc val_metric=0.3297
Step   50 | loss 1.3985 | val_acc=0.3954 val_loss=1.3804 val_f1_macro=0.1808 val_f1_weighted=0.2947 val_prec_macro=0.3235 val_rec_macro=0.2328 val_metric_name=acc val_metric=0.3954
Step  100 | loss 1.3487 | val_acc=0.4080 val_loss=1.3533 val_f1_macro=0.2093 val_f1_weighted=0.3291 val_prec_macro=0.4356 val_rec_macro=0.2481 val_metric_name=acc val_metric=0.4080
Step  150 | loss 1.3083 | val_acc=0.4212 val_loss=1.3439 val_f1_macro=0.2408 val_f1_weighted=0.3599 val_prec_macro=0.4219 val_rec_macro=0.2661 val_metric_name=acc val_metric=0.4212
Step  200 | loss 1.2674 | val_acc=0.4362 val_loss=1.3417 val_f1_macro=0.2737 val_f1_weighted=0.3858 val_prec_macro=0.4904 val_rec_macro=0.2880 val_metric_name=acc val_metric=0.4362
Step  250 | loss 1.2255 | val_acc=0.4480 val_loss=1.3402 val_f1_macro=0.3060 val_f1_weighted=0.4093 val_prec_macro=0.4575 val_rec_macro=0.3094 val_metric_name=acc val_metric=0.4480
Step  300 | loss 1.1685 | val_acc=0.4558 val_loss=1.3529 val_f1_macro=0.3264 val_f1_weighted=0.4216 val_prec_macro=0.4709 val_rec_macro=0.3235 val_metric_name=acc val_metric=0.4558
Step  350 | loss 1.0925 | val_acc=0.4676 val_loss=1.3629 val_f1_macro=0.3626 val_f1_weighted=0.4432 val_prec_macro=0.5041 val_rec_macro=0.3491 val_metric_name=acc val_metric=0.4676
Step  400 | loss 1.0193 | val_acc=0.4793 val_loss=1.3933 val_f1_macro=0.3840 val_f1_weighted=0.4578 val_prec_macro=0.5152 val_rec_macro=0.3661 val_metric_name=acc val_metric=0.4793
Step  450 | loss 0.9417 | val_acc=0.4898 val_loss=1.4282 val_f1_macro=0.4028 val_f1_weighted=0.4715 val_prec_macro=0.5157 val_rec_macro=0.3826 val_metric_name=acc val_metric=0.4898
Step  500 | loss 0.8656 | val_acc=0.4967 val_loss=1.4888 val_f1_macro=0.4171 val_f1_weighted=0.4802 val_prec_macro=0.5252 val_rec_macro=0.3948 val_metric_name=acc val_metric=0.4967
Step  550 | loss 0.7951 | val_acc=0.5019 val_loss=1.5489 val_f1_macro=0.4279 val_f1_weighted=0.4877 val_prec_macro=0.5297 val_rec_macro=0.4044 val_metric_name=acc val_metric=0.5019
Step  600 | loss 0.7299 | val_acc=0.5033 val_loss=1.6262 val_f1_macro=0.4356 val_f1_weighted=0.4925 val_prec_macro=0.5145 val_rec_macro=0.4141 val_metric_name=acc val_metric=0.5033
Step  650 | loss 0.6752 | val_acc=0.5076 val_loss=1.7089 val_f1_macro=0.4405 val_f1_weighted=0.4975 val_prec_macro=0.5086 val_rec_macro=0.4187 val_metric_name=acc val_metric=0.5076
Step  700 | loss 0.6232 | val_acc=0.5151 val_loss=1.8068 val_f1_macro=0.4499 val_f1_weighted=0.5056 val_prec_macro=0.5186 val_rec_macro=0.4267 val_metric_name=acc val_metric=0.5151
Step  750 | loss 0.5723 | val_acc=0.5140 val_loss=1.9022 val_f1_macro=0.4530 val_f1_weighted=0.5063 val_prec_macro=0.5152 val_rec_macro=0.4315 val_metric_name=acc val_metric=0.5140
Step  800 | loss 0.5315 | val_acc=0.5131 val_loss=1.9806 val_f1_macro=0.4534 val_f1_weighted=0.5058 val_prec_macro=0.5117 val_rec_macro=0.4320 val_metric_name=acc val_metric=0.5131
Step  850 | loss 0.5037 | val_acc=0.5148 val_loss=2.0606 val_f1_macro=0.4537 val_f1_weighted=0.5077 val_prec_macro=0.5067 val_rec_macro=0.4333 val_metric_name=acc val_metric=0.5148
Step  900 | loss 0.4691 | val_acc=0.5163 val_loss=2.1423 val_f1_macro=0.4575 val_f1_weighted=0.5093 val_prec_macro=0.5058 val_rec_macro=0.4375 val_metric_name=acc val_metric=0.5163
Step  950 | loss 0.4452 | val_acc=0.5180 val_loss=2.2148 val_f1_macro=0.4576 val_f1_weighted=0.5110 val_prec_macro=0.5052 val_rec_macro=0.4373 val_metric_name=acc val_metric=0.5180
Step 1000 | loss 0.4229 | val_acc=0.5149 val_loss=2.2815 val_f1_macro=0.4570 val_f1_weighted=0.5090 val_prec_macro=0.4978 val_rec_macro=0.4388 val_metric_name=acc val_metric=0.5149
Step 1050 | loss 0.4053 | val_acc=0.5198 val_loss=2.3432 val_f1_macro=0.4644 val_f1_weighted=0.5144 val_prec_macro=0.5054 val_rec_macro=0.4456 val_metric_name=acc val_metric=0.5198
Step 1100 | loss 0.3783 | val_acc=0.5179 val_loss=2.3916 val_f1_macro=0.4615 val_f1_weighted=0.5121 val_prec_macro=0.5010 val_rec_macro=0.4429 val_metric_name=acc val_metric=0.5179
Step 1150 | loss 0.3667 | val_acc=0.5189 val_loss=2.4519 val_f1_macro=0.4614 val_f1_weighted=0.5122 val_prec_macro=0.5008 val_rec_macro=0.4425 val_metric_name=acc val_metric=0.5189
Step 1200 | loss 0.3507 | val_acc=0.5213 val_loss=2.5056 val_f1_macro=0.4648 val_f1_weighted=0.5156 val_prec_macro=0.4991 val_rec_macro=0.4474 val_metric_name=acc val_metric=0.5213
Step 1250 | loss 0.3333 | val_acc=0.5198 val_loss=2.5584 val_f1_macro=0.4624 val_f1_weighted=0.5141 val_prec_macro=0.4980 val_rec_macro=0.4444 val_metric_name=acc val_metric=0.5198
Step 1300 | loss 0.3192 | val_acc=0.5194 val_loss=2.6036 val_f1_macro=0.4619 val_f1_weighted=0.5135 val_prec_macro=0.4988 val_rec_macro=0.4439 val_metric_name=acc val_metric=0.5194
Step 1350 | loss 0.3135 | val_acc=0.5171 val_loss=2.6502 val_f1_macro=0.4614 val_f1_weighted=0.5118 val_prec_macro=0.4985 val_rec_macro=0.4436 val_metric_name=acc val_metric=0.5171
Step 1400 | loss 0.2997 | val_acc=0.5205 val_loss=2.6930 val_f1_macro=0.4651 val_f1_weighted=0.5150 val_prec_macro=0.4972 val_rec_macro=0.4481 val_metric_name=acc val_metric=0.5205
Step 1450 | loss 0.2861 | val_acc=0.5207 val_loss=2.7247 val_f1_macro=0.4656 val_f1_weighted=0.5157 val_prec_macro=0.4985 val_rec_macro=0.4483 val_metric_name=acc val_metric=0.5207
Step 1500 | loss 0.2844 | val_acc=0.5223 val_loss=2.7602 val_f1_macro=0.4674 val_f1_weighted=0.5176 val_prec_macro=0.4971 val_rec_macro=0.4511 val_metric_name=acc val_metric=0.5223
Step 1550 | loss 0.2731 | val_acc=0.5236 val_loss=2.8040 val_f1_macro=0.4663 val_f1_weighted=0.5185 val_prec_macro=0.4984 val_rec_macro=0.4496 val_metric_name=acc val_metric=0.5236
Step 1600 | loss 0.2515 | val_acc=0.5213 val_loss=2.8368 val_f1_macro=0.4672 val_f1_weighted=0.5168 val_prec_macro=0.4990 val_rec_macro=0.4507 val_metric_name=acc val_metric=0.5213
Step 1650 | loss 0.2586 | val_acc=0.5226 val_loss=2.8684 val_f1_macro=0.4659 val_f1_weighted=0.5182 val_prec_macro=0.4958 val_rec_macro=0.4501 val_metric_name=acc val_metric=0.5226
Step 1700 | loss 0.2445 | val_acc=0.5228 val_loss=2.9019 val_f1_macro=0.4660 val_f1_weighted=0.5178 val_prec_macro=0.4986 val_rec_macro=0.4490 val_metric_name=acc val_metric=0.5228
Step 1750 | loss 0.2443 | val_acc=0.5215 val_loss=2.9448 val_f1_macro=0.4672 val_f1_weighted=0.5172 val_prec_macro=0.4955 val_rec_macro=0.4517 val_metric_name=acc val_metric=0.5215
Step 1800 | loss 0.2298 | val_acc=0.5195 val_loss=2.9609 val_f1_macro=0.4633 val_f1_weighted=0.5149 val_prec_macro=0.4935 val_rec_macro=0.4469 val_metric_name=acc val_metric=0.5195
Step 1850 | loss 0.2184 | val_acc=0.5205 val_loss=2.9938 val_f1_macro=0.4648 val_f1_weighted=0.5156 val_prec_macro=0.4980 val_rec_macro=0.4479 val_metric_name=acc val_metric=0.5205
Step 1900 | loss 0.2283 | val_acc=0.5184 val_loss=3.0078 val_f1_macro=0.4631 val_f1_weighted=0.5138 val_prec_macro=0.4933 val_rec_macro=0.4468 val_metric_name=acc val_metric=0.5184
Step 1950 | loss 0.2147 | val_acc=0.5215 val_loss=3.0388 val_f1_macro=0.4656 val_f1_weighted=0.5170 val_prec_macro=0.4948 val_rec_macro=0.4500 val_metric_name=acc val_metric=0.5215
Step 2000 | loss 0.2073 | val_acc=0.5225 val_loss=3.0610 val_f1_macro=0.4683 val_f1_weighted=0.5183 val_prec_macro=0.4959 val_rec_macro=0.4530 val_metric_name=acc val_metric=0.5225
Early stopping at step 2026

--- Final (best ckpt @ step 1710) ---
  train_acc=0.9852 train_loss=0.0443 train_f1_macro=0.9849 train_f1_weighted=0.9852 train_prec_macro=0.9870 train_rec_macro=0.9829 train_metric_name=acc train_metric=0.9852
  val_acc=0.5249 val_loss=2.9162 val_f1_macro=0.4678 val_f1_weighted=0.5201 val_prec_macro=0.4960 val_rec_macro=0.4523 val_metric_name=acc val_metric=0.5249
  test_acc=0.5151 test_loss=2.9290 test_f1_macro=0.4444 test_f1_weighted=0.5106 test_prec_macro=0.4652 test_rec_macro=0.4341 test_metric_name=acc test_metric=0.5151
  test_acc=0.5151

============================================================
Training amazon-ratings GAT 1L h=512 lr=0.0001 split=4
============================================================
Training for 5000 steps
Step    1 | loss 1.7693 | val_acc=0.3653 val_loss=1.4412 val_f1_macro=0.1163 val_f1_weighted=0.2085 val_prec_macro=0.1945 val_rec_macro=0.2002 val_metric_name=acc val_metric=0.3653
Step   50 | loss 1.3792 | val_acc=0.4116 val_loss=1.3605 val_f1_macro=0.1995 val_f1_weighted=0.3193 val_prec_macro=0.2467 val_rec_macro=0.2472 val_metric_name=acc val_metric=0.4116
Step  100 | loss 1.3167 | val_acc=0.4194 val_loss=1.3430 val_f1_macro=0.2395 val_f1_weighted=0.3576 val_prec_macro=0.4570 val_rec_macro=0.2651 val_metric_name=acc val_metric=0.4194
Step  150 | loss 1.2558 | val_acc=0.4415 val_loss=1.3372 val_f1_macro=0.2891 val_f1_weighted=0.3974 val_prec_macro=0.4826 val_rec_macro=0.2977 val_metric_name=acc val_metric=0.4415
Step  200 | loss 1.1749 | val_acc=0.4557 val_loss=1.3522 val_f1_macro=0.3270 val_f1_weighted=0.4211 val_prec_macro=0.4795 val_rec_macro=0.3231 val_metric_name=acc val_metric=0.4557
Step  250 | loss 1.0812 | val_acc=0.4726 val_loss=1.3761 val_f1_macro=0.3713 val_f1_weighted=0.4484 val_prec_macro=0.4907 val_rec_macro=0.3559 val_metric_name=acc val_metric=0.4726
Step  300 | loss 0.9593 | val_acc=0.4891 val_loss=1.4272 val_f1_macro=0.4005 val_f1_weighted=0.4709 val_prec_macro=0.5133 val_rec_macro=0.3806 val_metric_name=acc val_metric=0.4891
Step  350 | loss 0.8395 | val_acc=0.5012 val_loss=1.5058 val_f1_macro=0.4211 val_f1_weighted=0.4867 val_prec_macro=0.5215 val_rec_macro=0.3998 val_metric_name=acc val_metric=0.5012
Step  400 | loss 0.7317 | val_acc=0.5099 val_loss=1.6248 val_f1_macro=0.4425 val_f1_weighted=0.4979 val_prec_macro=0.5186 val_rec_macro=0.4196 val_metric_name=acc val_metric=0.5099
Step  450 | loss 0.6404 | val_acc=0.5107 val_loss=1.7505 val_f1_macro=0.4450 val_f1_weighted=0.5018 val_prec_macro=0.5195 val_rec_macro=0.4217 val_metric_name=acc val_metric=0.5107
Step  500 | loss 0.5710 | val_acc=0.5145 val_loss=1.9004 val_f1_macro=0.4513 val_f1_weighted=0.5053 val_prec_macro=0.5152 val_rec_macro=0.4288 val_metric_name=acc val_metric=0.5145
Step  550 | loss 0.5131 | val_acc=0.5177 val_loss=2.0221 val_f1_macro=0.4549 val_f1_weighted=0.5097 val_prec_macro=0.5159 val_rec_macro=0.4332 val_metric_name=acc val_metric=0.5177
Step  600 | loss 0.4692 | val_acc=0.5156 val_loss=2.1487 val_f1_macro=0.4547 val_f1_weighted=0.5088 val_prec_macro=0.5037 val_rec_macro=0.4354 val_metric_name=acc val_metric=0.5156
Step  650 | loss 0.4259 | val_acc=0.5200 val_loss=2.2459 val_f1_macro=0.4602 val_f1_weighted=0.5134 val_prec_macro=0.5045 val_rec_macro=0.4410 val_metric_name=acc val_metric=0.5200
Step  700 | loss 0.3978 | val_acc=0.5192 val_loss=2.3606 val_f1_macro=0.4599 val_f1_weighted=0.5121 val_prec_macro=0.5029 val_rec_macro=0.4397 val_metric_name=acc val_metric=0.5192
Step  750 | loss 0.3670 | val_acc=0.5198 val_loss=2.4478 val_f1_macro=0.4608 val_f1_weighted=0.5135 val_prec_macro=0.5015 val_rec_macro=0.4422 val_metric_name=acc val_metric=0.5198
Step  800 | loss 0.3382 | val_acc=0.5194 val_loss=2.5114 val_f1_macro=0.4613 val_f1_weighted=0.5139 val_prec_macro=0.5008 val_rec_macro=0.4426 val_metric_name=acc val_metric=0.5194
Step  850 | loss 0.3295 | val_acc=0.5231 val_loss=2.5962 val_f1_macro=0.4681 val_f1_weighted=0.5182 val_prec_macro=0.5024 val_rec_macro=0.4505 val_metric_name=acc val_metric=0.5231
Step  900 | loss 0.3025 | val_acc=0.5159 val_loss=2.6522 val_f1_macro=0.4610 val_f1_weighted=0.5109 val_prec_macro=0.4974 val_rec_macro=0.4436 val_metric_name=acc val_metric=0.5159
Step  950 | loss 0.2898 | val_acc=0.5169 val_loss=2.7362 val_f1_macro=0.4615 val_f1_weighted=0.5121 val_prec_macro=0.4944 val_rec_macro=0.4446 val_metric_name=acc val_metric=0.5169
Step 1000 | loss 0.2736 | val_acc=0.5171 val_loss=2.7955 val_f1_macro=0.4635 val_f1_weighted=0.5124 val_prec_macro=0.4937 val_rec_macro=0.4475 val_metric_name=acc val_metric=0.5171
Step 1050 | loss 0.2559 | val_acc=0.5167 val_loss=2.8499 val_f1_macro=0.4628 val_f1_weighted=0.5126 val_prec_macro=0.4925 val_rec_macro=0.4475 val_metric_name=acc val_metric=0.5167
Step 1100 | loss 0.2415 | val_acc=0.5164 val_loss=2.8902 val_f1_macro=0.4624 val_f1_weighted=0.5120 val_prec_macro=0.4908 val_rec_macro=0.4470 val_metric_name=acc val_metric=0.5164
Step 1150 | loss 0.2373 | val_acc=0.5190 val_loss=2.9453 val_f1_macro=0.4649 val_f1_weighted=0.5141 val_prec_macro=0.4944 val_rec_macro=0.4486 val_metric_name=acc val_metric=0.5190
Early stopping at step 1151

--- Final (best ckpt @ step 850) ---
  train_acc=0.9740 train_loss=0.0763 train_f1_macro=0.9726 train_f1_weighted=0.9740 train_prec_macro=0.9793 train_rec_macro=0.9665 train_metric_name=acc train_metric=0.9740
  val_acc=0.5231 val_loss=2.5962 val_f1_macro=0.4681 val_f1_weighted=0.5182 val_prec_macro=0.5024 val_rec_macro=0.4505 val_metric_name=acc val_metric=0.5231
  test_acc=0.5177 test_loss=2.6287 test_f1_macro=0.4417 test_f1_weighted=0.5122 test_prec_macro=0.4674 test_rec_macro=0.4302 test_metric_name=acc test_metric=0.5177
  test_acc=0.5177

============================================================
Training amazon-ratings GAT 1L h=512 lr=1e-05 split=4
============================================================
Training for 5000 steps
Step    1 | loss 1.7693 | val_acc=0.1024 val_loss=1.7061 val_f1_macro=0.0771 val_f1_weighted=0.0745 val_prec_macro=0.1759 val_rec_macro=0.1958 val_metric_name=acc val_metric=0.1024
Step   50 | loss 1.4495 | val_acc=0.3755 val_loss=1.4255 val_f1_macro=0.1465 val_f1_weighted=0.2496 val_prec_macro=0.2470 val_rec_macro=0.2115 val_metric_name=acc val_metric=0.3755
Step  100 | loss 1.4249 | val_acc=0.3817 val_loss=1.4042 val_f1_macro=0.1617 val_f1_weighted=0.2697 val_prec_macro=0.2724 val_rec_macro=0.2192 val_metric_name=acc val_metric=0.3817
Step  150 | loss 1.4097 | val_acc=0.3859 val_loss=1.3926 val_f1_macro=0.1680 val_f1_weighted=0.2778 val_prec_macro=0.2917 val_rec_macro=0.2233 val_metric_name=acc val_metric=0.3859
Step  200 | loss 1.3956 | val_acc=0.3951 val_loss=1.3824 val_f1_macro=0.1798 val_f1_weighted=0.2935 val_prec_macro=0.2836 val_rec_macro=0.2320 val_metric_name=acc val_metric=0.3951
Step  250 | loss 1.3923 | val_acc=0.4018 val_loss=1.3744 val_f1_macro=0.1887 val_f1_weighted=0.3048 val_prec_macro=0.2679 val_rec_macro=0.2379 val_metric_name=acc val_metric=0.4018
Step  300 | loss 1.3742 | val_acc=0.4091 val_loss=1.3674 val_f1_macro=0.1987 val_f1_weighted=0.3176 val_prec_macro=0.2625 val_rec_macro=0.2449 val_metric_name=acc val_metric=0.4091
Step  350 | loss 1.3629 | val_acc=0.4058 val_loss=1.3628 val_f1_macro=0.2014 val_f1_weighted=0.3202 val_prec_macro=0.2390 val_rec_macro=0.2445 val_metric_name=acc val_metric=0.4058
Step  400 | loss 1.3543 | val_acc=0.4085 val_loss=1.3593 val_f1_macro=0.2063 val_f1_weighted=0.3262 val_prec_macro=0.2421 val_rec_macro=0.2473 val_metric_name=acc val_metric=0.4085
Step  450 | loss 1.3507 | val_acc=0.4104 val_loss=1.3557 val_f1_macro=0.2143 val_f1_weighted=0.3332 val_prec_macro=0.5758 val_rec_macro=0.2507 val_metric_name=acc val_metric=0.4104
Step  500 | loss 1.3409 | val_acc=0.4135 val_loss=1.3528 val_f1_macro=0.2206 val_f1_weighted=0.3399 val_prec_macro=0.4308 val_rec_macro=0.2547 val_metric_name=acc val_metric=0.4135
Step  550 | loss 1.3305 | val_acc=0.4152 val_loss=1.3504 val_f1_macro=0.2262 val_f1_weighted=0.3456 val_prec_macro=0.4326 val_rec_macro=0.2576 val_metric_name=acc val_metric=0.4152
Step  600 | loss 1.3195 | val_acc=0.4173 val_loss=1.3488 val_f1_macro=0.2314 val_f1_weighted=0.3503 val_prec_macro=0.4420 val_rec_macro=0.2608 val_metric_name=acc val_metric=0.4173
Step  650 | loss 1.3142 | val_acc=0.4194 val_loss=1.3469 val_f1_macro=0.2359 val_f1_weighted=0.3551 val_prec_macro=0.4099 val_rec_macro=0.2639 val_metric_name=acc val_metric=0.4194
Step  700 | loss 1.3093 | val_acc=0.4238 val_loss=1.3456 val_f1_macro=0.2465 val_f1_weighted=0.3627 val_prec_macro=0.4878 val_rec_macro=0.2699 val_metric_name=acc val_metric=0.4238
Step  750 | loss 1.3005 | val_acc=0.4277 val_loss=1.3441 val_f1_macro=0.2562 val_f1_weighted=0.3716 val_prec_macro=0.4709 val_rec_macro=0.2760 val_metric_name=acc val_metric=0.4277
Step  800 | loss 1.2920 | val_acc=0.4295 val_loss=1.3432 val_f1_macro=0.2621 val_f1_weighted=0.3754 val_prec_macro=0.4843 val_rec_macro=0.2801 val_metric_name=acc val_metric=0.4295
Step  850 | loss 1.2802 | val_acc=0.4312 val_loss=1.3429 val_f1_macro=0.2653 val_f1_weighted=0.3780 val_prec_macro=0.4802 val_rec_macro=0.2821 val_metric_name=acc val_metric=0.4312
Step  900 | loss 1.2700 | val_acc=0.4338 val_loss=1.3429 val_f1_macro=0.2695 val_f1_weighted=0.3813 val_prec_macro=0.4973 val_rec_macro=0.2852 val_metric_name=acc val_metric=0.4338
Step  950 | loss 1.2644 | val_acc=0.4377 val_loss=1.3414 val_f1_macro=0.2791 val_f1_weighted=0.3893 val_prec_macro=0.4844 val_rec_macro=0.2916 val_metric_name=acc val_metric=0.4377
Step 1000 | loss 1.2555 | val_acc=0.4401 val_loss=1.3413 val_f1_macro=0.2852 val_f1_weighted=0.3934 val_prec_macro=0.4897 val_rec_macro=0.2953 val_metric_name=acc val_metric=0.4401
Step 1050 | loss 1.2464 | val_acc=0.4416 val_loss=1.3413 val_f1_macro=0.2901 val_f1_weighted=0.3962 val_prec_macro=0.4839 val_rec_macro=0.2992 val_metric_name=acc val_metric=0.4416
Step 1100 | loss 1.2382 | val_acc=0.4423 val_loss=1.3401 val_f1_macro=0.2955 val_f1_weighted=0.3989 val_prec_macro=0.4814 val_rec_macro=0.3019 val_metric_name=acc val_metric=0.4423
Step 1150 | loss 1.2246 | val_acc=0.4457 val_loss=1.3388 val_f1_macro=0.3038 val_f1_weighted=0.4045 val_prec_macro=0.4807 val_rec_macro=0.3070 val_metric_name=acc val_metric=0.4457
Step 1200 | loss 1.2201 | val_acc=0.4475 val_loss=1.3414 val_f1_macro=0.3077 val_f1_weighted=0.4077 val_prec_macro=0.4796 val_rec_macro=0.3098 val_metric_name=acc val_metric=0.4475
Step 1250 | loss 1.2099 | val_acc=0.4511 val_loss=1.3432 val_f1_macro=0.3144 val_f1_weighted=0.4127 val_prec_macro=0.4881 val_rec_macro=0.3142 val_metric_name=acc val_metric=0.4511
Step 1300 | loss 1.1958 | val_acc=0.4565 val_loss=1.3415 val_f1_macro=0.3222 val_f1_weighted=0.4190 val_prec_macro=0.4914 val_rec_macro=0.3208 val_metric_name=acc val_metric=0.4565
Step 1350 | loss 1.1812 | val_acc=0.4566 val_loss=1.3426 val_f1_macro=0.3242 val_f1_weighted=0.4213 val_prec_macro=0.4796 val_rec_macro=0.3221 val_metric_name=acc val_metric=0.4566
Step 1400 | loss 1.1790 | val_acc=0.4570 val_loss=1.3446 val_f1_macro=0.3261 val_f1_weighted=0.4219 val_prec_macro=0.4731 val_rec_macro=0.3233 val_metric_name=acc val_metric=0.4570
Step 1450 | loss 1.1559 | val_acc=0.4601 val_loss=1.3479 val_f1_macro=0.3326 val_f1_weighted=0.4256 val_prec_macro=0.4947 val_rec_macro=0.3276 val_metric_name=acc val_metric=0.4601
Step 1500 | loss 1.1489 | val_acc=0.4607 val_loss=1.3471 val_f1_macro=0.3381 val_f1_weighted=0.4296 val_prec_macro=0.4877 val_rec_macro=0.3317 val_metric_name=acc val_metric=0.4607
Step 1550 | loss 1.1331 | val_acc=0.4619 val_loss=1.3512 val_f1_macro=0.3434 val_f1_weighted=0.4306 val_prec_macro=0.4975 val_rec_macro=0.3347 val_metric_name=acc val_metric=0.4619
Step 1600 | loss 1.1243 | val_acc=0.4635 val_loss=1.3522 val_f1_macro=0.3515 val_f1_weighted=0.4346 val_prec_macro=0.4941 val_rec_macro=0.3402 val_metric_name=acc val_metric=0.4635
Step 1650 | loss 1.1076 | val_acc=0.4663 val_loss=1.3550 val_f1_macro=0.3558 val_f1_weighted=0.4389 val_prec_macro=0.4960 val_rec_macro=0.3435 val_metric_name=acc val_metric=0.4663
Step 1700 | loss 1.0916 | val_acc=0.4691 val_loss=1.3610 val_f1_macro=0.3609 val_f1_weighted=0.4420 val_prec_macro=0.4999 val_rec_macro=0.3476 val_metric_name=acc val_metric=0.4691
Step 1750 | loss 1.0788 | val_acc=0.4726 val_loss=1.3656 val_f1_macro=0.3672 val_f1_weighted=0.4471 val_prec_macro=0.5096 val_rec_macro=0.3529 val_metric_name=acc val_metric=0.4726
Step 1800 | loss 1.0609 | val_acc=0.4731 val_loss=1.3725 val_f1_macro=0.3724 val_f1_weighted=0.4486 val_prec_macro=0.5111 val_rec_macro=0.3561 val_metric_name=acc val_metric=0.4731
Step 1850 | loss 1.0484 | val_acc=0.4761 val_loss=1.3739 val_f1_macro=0.3755 val_f1_weighted=0.4526 val_prec_macro=0.5129 val_rec_macro=0.3591 val_metric_name=acc val_metric=0.4761
Step 1900 | loss 1.0391 | val_acc=0.4771 val_loss=1.3793 val_f1_macro=0.3802 val_f1_weighted=0.4545 val_prec_macro=0.5131 val_rec_macro=0.3628 val_metric_name=acc val_metric=0.4771
Step 1950 | loss 1.0204 | val_acc=0.4798 val_loss=1.3850 val_f1_macro=0.3846 val_f1_weighted=0.4582 val_prec_macro=0.5125 val_rec_macro=0.3667 val_metric_name=acc val_metric=0.4798
Step 2000 | loss 1.0036 | val_acc=0.4836 val_loss=1.3900 val_f1_macro=0.3892 val_f1_weighted=0.4630 val_prec_macro=0.5139 val_rec_macro=0.3711 val_metric_name=acc val_metric=0.4836
Step 2050 | loss 0.9877 | val_acc=0.4852 val_loss=1.3955 val_f1_macro=0.3958 val_f1_weighted=0.4652 val_prec_macro=0.5204 val_rec_macro=0.3756 val_metric_name=acc val_metric=0.4852
Step 2100 | loss 0.9754 | val_acc=0.4846 val_loss=1.4019 val_f1_macro=0.3937 val_f1_weighted=0.4648 val_prec_macro=0.5168 val_rec_macro=0.3744 val_metric_name=acc val_metric=0.4846
Step 2150 | loss 0.9642 | val_acc=0.4891 val_loss=1.4108 val_f1_macro=0.4026 val_f1_weighted=0.4704 val_prec_macro=0.5182 val_rec_macro=0.3823 val_metric_name=acc val_metric=0.4891
Step 2200 | loss 0.9541 | val_acc=0.4904 val_loss=1.4189 val_f1_macro=0.4077 val_f1_weighted=0.4726 val_prec_macro=0.5170 val_rec_macro=0.3859 val_metric_name=acc val_metric=0.4904
Step 2250 | loss 0.9273 | val_acc=0.4909 val_loss=1.4273 val_f1_macro=0.4085 val_f1_weighted=0.4734 val_prec_macro=0.5168 val_rec_macro=0.3871 val_metric_name=acc val_metric=0.4909
Step 2300 | loss 0.9169 | val_acc=0.4939 val_loss=1.4338 val_f1_macro=0.4133 val_f1_weighted=0.4768 val_prec_macro=0.5218 val_rec_macro=0.3908 val_metric_name=acc val_metric=0.4939
Step 2350 | loss 0.9070 | val_acc=0.4931 val_loss=1.4469 val_f1_macro=0.4126 val_f1_weighted=0.4759 val_prec_macro=0.5193 val_rec_macro=0.3909 val_metric_name=acc val_metric=0.4931
Step 2400 | loss 0.8902 | val_acc=0.4960 val_loss=1.4576 val_f1_macro=0.4157 val_f1_weighted=0.4790 val_prec_macro=0.5200 val_rec_macro=0.3937 val_metric_name=acc val_metric=0.4960
Step 2450 | loss 0.8717 | val_acc=0.4957 val_loss=1.4672 val_f1_macro=0.4162 val_f1_weighted=0.4793 val_prec_macro=0.5134 val_rec_macro=0.3946 val_metric_name=acc val_metric=0.4957
Step 2500 | loss 0.8605 | val_acc=0.4971 val_loss=1.4789 val_f1_macro=0.4191 val_f1_weighted=0.4815 val_prec_macro=0.5132 val_rec_macro=0.3976 val_metric_name=acc val_metric=0.4971
Step 2550 | loss 0.8478 | val_acc=0.4994 val_loss=1.4893 val_f1_macro=0.4228 val_f1_weighted=0.4843 val_prec_macro=0.5208 val_rec_macro=0.4003 val_metric_name=acc val_metric=0.4994
Step 2600 | loss 0.8458 | val_acc=0.4984 val_loss=1.5010 val_f1_macro=0.4248 val_f1_weighted=0.4842 val_prec_macro=0.5179 val_rec_macro=0.4019 val_metric_name=acc val_metric=0.4984
Step 2650 | loss 0.8320 | val_acc=0.5002 val_loss=1.5115 val_f1_macro=0.4257 val_f1_weighted=0.4859 val_prec_macro=0.5203 val_rec_macro=0.4026 val_metric_name=acc val_metric=0.5002
Step 2700 | loss 0.8105 | val_acc=0.4998 val_loss=1.5249 val_f1_macro=0.4293 val_f1_weighted=0.4859 val_prec_macro=0.5193 val_rec_macro=0.4059 val_metric_name=acc val_metric=0.4998
Step 2750 | loss 0.8142 | val_acc=0.4986 val_loss=1.5363 val_f1_macro=0.4295 val_f1_weighted=0.4855 val_prec_macro=0.5202 val_rec_macro=0.4060 val_metric_name=acc val_metric=0.4986
Step 2800 | loss 0.7936 | val_acc=0.5001 val_loss=1.5487 val_f1_macro=0.4297 val_f1_weighted=0.4869 val_prec_macro=0.5133 val_rec_macro=0.4071 val_metric_name=acc val_metric=0.5001
Step 2850 | loss 0.7868 | val_acc=0.5009 val_loss=1.5624 val_f1_macro=0.4297 val_f1_weighted=0.4879 val_prec_macro=0.5206 val_rec_macro=0.4067 val_metric_name=acc val_metric=0.5009
Step 2900 | loss 0.7651 | val_acc=0.5019 val_loss=1.5784 val_f1_macro=0.4318 val_f1_weighted=0.4886 val_prec_macro=0.5176 val_rec_macro=0.4091 val_metric_name=acc val_metric=0.5019
Step 2950 | loss 0.7524 | val_acc=0.5032 val_loss=1.5907 val_f1_macro=0.4333 val_f1_weighted=0.4907 val_prec_macro=0.5173 val_rec_macro=0.4103 val_metric_name=acc val_metric=0.5032
Step 3000 | loss 0.7433 | val_acc=0.5038 val_loss=1.6038 val_f1_macro=0.4336 val_f1_weighted=0.4913 val_prec_macro=0.5160 val_rec_macro=0.4111 val_metric_name=acc val_metric=0.5038
Step 3050 | loss 0.7373 | val_acc=0.5055 val_loss=1.6169 val_f1_macro=0.4373 val_f1_weighted=0.4936 val_prec_macro=0.5162 val_rec_macro=0.4146 val_metric_name=acc val_metric=0.5055
Step 3100 | loss 0.7372 | val_acc=0.5063 val_loss=1.6336 val_f1_macro=0.4357 val_f1_weighted=0.4941 val_prec_macro=0.5191 val_rec_macro=0.4128 val_metric_name=acc val_metric=0.5063
Step 3150 | loss 0.7102 | val_acc=0.5079 val_loss=1.6481 val_f1_macro=0.4391 val_f1_weighted=0.4964 val_prec_macro=0.5146 val_rec_macro=0.4166 val_metric_name=acc val_metric=0.5079
Step 3200 | loss 0.7026 | val_acc=0.5082 val_loss=1.6597 val_f1_macro=0.4415 val_f1_weighted=0.4975 val_prec_macro=0.5172 val_rec_macro=0.4187 val_metric_name=acc val_metric=0.5082
Step 3250 | loss 0.7035 | val_acc=0.5100 val_loss=1.6708 val_f1_macro=0.4450 val_f1_weighted=0.4999 val_prec_macro=0.5163 val_rec_macro=0.4225 val_metric_name=acc val_metric=0.5100
Step 3300 | loss 0.7056 | val_acc=0.5091 val_loss=1.6885 val_f1_macro=0.4409 val_f1_weighted=0.4983 val_prec_macro=0.5136 val_rec_macro=0.4189 val_metric_name=acc val_metric=0.5091
Step 3350 | loss 0.6653 | val_acc=0.5114 val_loss=1.7042 val_f1_macro=0.4454 val_f1_weighted=0.5009 val_prec_macro=0.5198 val_rec_macro=0.4227 val_metric_name=acc val_metric=0.5114
Step 3400 | loss 0.6656 | val_acc=0.5115 val_loss=1.7195 val_f1_macro=0.4455 val_f1_weighted=0.5013 val_prec_macro=0.5161 val_rec_macro=0.4231 val_metric_name=acc val_metric=0.5115
Step 3450 | loss 0.6543 | val_acc=0.5122 val_loss=1.7347 val_f1_macro=0.4478 val_f1_weighted=0.5022 val_prec_macro=0.5192 val_rec_macro=0.4250 val_metric_name=acc val_metric=0.5122
Step 3500 | loss 0.6552 | val_acc=0.5128 val_loss=1.7479 val_f1_macro=0.4480 val_f1_weighted=0.5033 val_prec_macro=0.5148 val_rec_macro=0.4261 val_metric_name=acc val_metric=0.5128
Step 3550 | loss 0.6363 | val_acc=0.5127 val_loss=1.7626 val_f1_macro=0.4479 val_f1_weighted=0.5034 val_prec_macro=0.5136 val_rec_macro=0.4261 val_metric_name=acc val_metric=0.5127
Step 3600 | loss 0.6260 | val_acc=0.5159 val_loss=1.7815 val_f1_macro=0.4507 val_f1_weighted=0.5065 val_prec_macro=0.5147 val_rec_macro=0.4292 val_metric_name=acc val_metric=0.5159
Step 3650 | loss 0.6106 | val_acc=0.5123 val_loss=1.7914 val_f1_macro=0.4485 val_f1_weighted=0.5032 val_prec_macro=0.5111 val_rec_macro=0.4270 val_metric_name=acc val_metric=0.5123
Step 3700 | loss 0.6186 | val_acc=0.5118 val_loss=1.8089 val_f1_macro=0.4481 val_f1_weighted=0.5028 val_prec_macro=0.5113 val_rec_macro=0.4264 val_metric_name=acc val_metric=0.5118
Step 3750 | loss 0.5966 | val_acc=0.5131 val_loss=1.8218 val_f1_macro=0.4496 val_f1_weighted=0.5043 val_prec_macro=0.5119 val_rec_macro=0.4282 val_metric_name=acc val_metric=0.5131
Step 3800 | loss 0.6166 | val_acc=0.5136 val_loss=1.8373 val_f1_macro=0.4520 val_f1_weighted=0.5051 val_prec_macro=0.5120 val_rec_macro=0.4304 val_metric_name=acc val_metric=0.5136
Step 3850 | loss 0.5949 | val_acc=0.5149 val_loss=1.8498 val_f1_macro=0.4546 val_f1_weighted=0.5068 val_prec_macro=0.5128 val_rec_macro=0.4331 val_metric_name=acc val_metric=0.5149
Step 3900 | loss 0.5912 | val_acc=0.5158 val_loss=1.8658 val_f1_macro=0.4550 val_f1_weighted=0.5074 val_prec_macro=0.5147 val_rec_macro=0.4333 val_metric_name=acc val_metric=0.5158
Step 3950 | loss 0.5746 | val_acc=0.5189 val_loss=1.8803 val_f1_macro=0.4597 val_f1_weighted=0.5107 val_prec_macro=0.5177 val_rec_macro=0.4378 val_metric_name=acc val_metric=0.5189
Step 4000 | loss 0.5771 | val_acc=0.5189 val_loss=1.8928 val_f1_macro=0.4601 val_f1_weighted=0.5108 val_prec_macro=0.5184 val_rec_macro=0.4381 val_metric_name=acc val_metric=0.5189
Step 4050 | loss 0.5599 | val_acc=0.5192 val_loss=1.9086 val_f1_macro=0.4594 val_f1_weighted=0.5111 val_prec_macro=0.5154 val_rec_macro=0.4381 val_metric_name=acc val_metric=0.5192
Step 4100 | loss 0.5606 | val_acc=0.5195 val_loss=1.9244 val_f1_macro=0.4610 val_f1_weighted=0.5118 val_prec_macro=0.5149 val_rec_macro=0.4398 val_metric_name=acc val_metric=0.5195
Step 4150 | loss 0.5557 | val_acc=0.5184 val_loss=1.9374 val_f1_macro=0.4606 val_f1_weighted=0.5107 val_prec_macro=0.5138 val_rec_macro=0.4395 val_metric_name=acc val_metric=0.5184
Step 4200 | loss 0.5459 | val_acc=0.5189 val_loss=1.9453 val_f1_macro=0.4617 val_f1_weighted=0.5119 val_prec_macro=0.5155 val_rec_macro=0.4406 val_metric_name=acc val_metric=0.5189
Step 4250 | loss 0.5417 | val_acc=0.5179 val_loss=1.9663 val_f1_macro=0.4597 val_f1_weighted=0.5103 val_prec_macro=0.5132 val_rec_macro=0.4386 val_metric_name=acc val_metric=0.5179
Step 4300 | loss 0.5395 | val_acc=0.5192 val_loss=1.9767 val_f1_macro=0.4624 val_f1_weighted=0.5118 val_prec_macro=0.5169 val_rec_macro=0.4409 val_metric_name=acc val_metric=0.5192
Step 4350 | loss 0.5269 | val_acc=0.5205 val_loss=1.9872 val_f1_macro=0.4634 val_f1_weighted=0.5132 val_prec_macro=0.5163 val_rec_macro=0.4420 val_metric_name=acc val_metric=0.5205
Step 4400 | loss 0.5319 | val_acc=0.5195 val_loss=2.0024 val_f1_macro=0.4619 val_f1_weighted=0.5122 val_prec_macro=0.5158 val_rec_macro=0.4405 val_metric_name=acc val_metric=0.5195
Step 4450 | loss 0.5114 | val_acc=0.5198 val_loss=2.0129 val_f1_macro=0.4624 val_f1_weighted=0.5125 val_prec_macro=0.5148 val_rec_macro=0.4413 val_metric_name=acc val_metric=0.5198
Step 4500 | loss 0.5060 | val_acc=0.5202 val_loss=2.0226 val_f1_macro=0.4637 val_f1_weighted=0.5134 val_prec_macro=0.5143 val_rec_macro=0.4428 val_metric_name=acc val_metric=0.5202
Step 4550 | loss 0.5077 | val_acc=0.5190 val_loss=2.0358 val_f1_macro=0.4625 val_f1_weighted=0.5120 val_prec_macro=0.5142 val_rec_macro=0.4413 val_metric_name=acc val_metric=0.5190
Step 4600 | loss 0.5040 | val_acc=0.5207 val_loss=2.0516 val_f1_macro=0.4631 val_f1_weighted=0.5137 val_prec_macro=0.5150 val_rec_macro=0.4420 val_metric_name=acc val_metric=0.5207
Step 4650 | loss 0.5099 | val_acc=0.5195 val_loss=2.0630 val_f1_macro=0.4618 val_f1_weighted=0.5127 val_prec_macro=0.5121 val_rec_macro=0.4413 val_metric_name=acc val_metric=0.5195
Step 4700 | loss 0.4928 | val_acc=0.5198 val_loss=2.0765 val_f1_macro=0.4628 val_f1_weighted=0.5131 val_prec_macro=0.5118 val_rec_macro=0.4422 val_metric_name=acc val_metric=0.5198
Step 4750 | loss 0.4865 | val_acc=0.5210 val_loss=2.0871 val_f1_macro=0.4633 val_f1_weighted=0.5143 val_prec_macro=0.5110 val_rec_macro=0.4431 val_metric_name=acc val_metric=0.5210
Step 4800 | loss 0.4869 | val_acc=0.5203 val_loss=2.0992 val_f1_macro=0.4625 val_f1_weighted=0.5137 val_prec_macro=0.5116 val_rec_macro=0.4419 val_metric_name=acc val_metric=0.5203
Step 4850 | loss 0.4849 | val_acc=0.5226 val_loss=2.1132 val_f1_macro=0.4645 val_f1_weighted=0.5160 val_prec_macro=0.5111 val_rec_macro=0.4445 val_metric_name=acc val_metric=0.5226
Step 4900 | loss 0.4817 | val_acc=0.5198 val_loss=2.1230 val_f1_macro=0.4623 val_f1_weighted=0.5133 val_prec_macro=0.5080 val_rec_macro=0.4428 val_metric_name=acc val_metric=0.5198
Step 4950 | loss 0.4685 | val_acc=0.5203 val_loss=2.1352 val_f1_macro=0.4624 val_f1_weighted=0.5137 val_prec_macro=0.5102 val_rec_macro=0.4423 val_metric_name=acc val_metric=0.5203
Step 5000 | loss 0.4576 | val_acc=0.5208 val_loss=2.1478 val_f1_macro=0.4629 val_f1_weighted=0.5142 val_prec_macro=0.5088 val_rec_macro=0.4433 val_metric_name=acc val_metric=0.5208

--- Final (best ckpt @ step 4850) ---
  train_acc=0.9277 train_loss=0.1890 train_f1_macro=0.9236 train_f1_weighted=0.9276 train_prec_macro=0.9437 train_rec_macro=0.9075 train_metric_name=acc train_metric=0.9277
  val_acc=0.5226 val_loss=2.1132 val_f1_macro=0.4645 val_f1_weighted=0.5160 val_prec_macro=0.5111 val_rec_macro=0.4445 val_metric_name=acc val_metric=0.5226
  test_acc=0.5174 test_loss=2.1074 test_f1_macro=0.4449 test_f1_weighted=0.5099 test_prec_macro=0.4881 test_rec_macro=0.4280 test_metric_name=acc test_metric=0.5174
  test_acc=0.5174
  >> num_layers=1 hidden_dim=256 lr=3e-05 best_step=2710 val_acc=0.5110 test_acc=0.5110
     val_acc=0.5110 val_f1_macro=0.4426 val_f1_weighted=0.5009 val_loss=1.7260 val_metric=0.5110 val_metric_name=acc val_prec_macro=0.4964 val_rec_macro=0.4212
     test_acc=0.5110 test_f1_macro=0.4297 test_f1_weighted=0.5001 test_loss=1.7388 test_metric=0.5110 test_metric_name=acc test_prec_macro=0.4829 test_rec_macro=0.4108
  >> num_layers=1 hidden_dim=256 lr=6e-05 best_step=2470 val_acc=0.5161 test_acc=0.5244
     val_acc=0.5161 val_f1_macro=0.4581 val_f1_weighted=0.5103 val_loss=2.1397 val_metric=0.5161 val_metric_name=acc val_prec_macro=0.4871 val_rec_macro=0.4422
     test_acc=0.5244 test_f1_macro=0.4526 test_f1_weighted=0.5181 test_loss=2.1313 test_metric=0.5244 test_metric_name=acc test_prec_macro=0.4819 test_rec_macro=0.4376
  >> num_layers=1 hidden_dim=256 lr=0.0001 best_step=2630 val_acc=0.5194 test_acc=0.5172
     val_acc=0.5194 val_f1_macro=0.4690 val_f1_weighted=0.5157 val_loss=2.5075 val_metric=0.5194 val_metric_name=acc val_prec_macro=0.4908 val_rec_macro=0.4554
     test_acc=0.5172 test_f1_macro=0.4488 test_f1_weighted=0.5129 test_loss=2.5171 test_metric=0.5172 test_metric_name=acc test_prec_macro=0.4662 test_rec_macro=0.4381
  >> num_layers=1 hidden_dim=256 lr=1e-05 best_step=4850 val_acc=0.4851 test_acc=0.4996
     val_acc=0.4851 val_f1_macro=0.3991 val_f1_weighted=0.4689 val_loss=1.4483 val_metric=0.4851 val_metric_name=acc val_prec_macro=0.4900 val_rec_macro=0.3785
     test_acc=0.4996 test_f1_macro=0.3975 test_f1_weighted=0.4822 test_loss=1.4395 test_metric=0.4996 test_metric_name=acc test_prec_macro=0.4759 test_rec_macro=0.3819
  >> num_layers=1 hidden_dim=384 lr=3e-05 best_step=2310 val_acc=0.5252 test_acc=0.5122
     val_acc=0.5252 val_f1_macro=0.4688 val_f1_weighted=0.5197 val_loss=2.1161 val_metric=0.5252 val_metric_name=acc val_prec_macro=0.4994 val_rec_macro=0.4517
     test_acc=0.5122 test_f1_macro=0.4368 test_f1_weighted=0.5056 test_loss=2.2018 test_metric=0.5122 test_metric_name=acc test_prec_macro=0.4643 test_rec_macro=0.4231
  >> num_layers=1 hidden_dim=384 lr=6e-05 best_step=1590 val_acc=0.5292 test_acc=0.5156
     val_acc=0.5292 val_f1_macro=0.4714 val_f1_weighted=0.5242 val_loss=2.3707 val_metric=0.5292 val_metric_name=acc val_prec_macro=0.5015 val_rec_macro=0.4546
     test_acc=0.5156 test_f1_macro=0.4473 test_f1_weighted=0.5105 test_loss=2.4687 test_metric=0.5156 test_metric_name=acc test_prec_macro=0.4737 test_rec_macro=0.4333
  >> num_layers=1 hidden_dim=384 lr=0.0001 best_step=840 val_acc=0.5288 test_acc=0.5189
     val_acc=0.5288 val_f1_macro=0.4723 val_f1_weighted=0.5230 val_loss=2.1970 val_metric=0.5288 val_metric_name=acc val_prec_macro=0.5103 val_rec_macro=0.4529
     test_acc=0.5189 test_f1_macro=0.4478 test_f1_weighted=0.5129 test_loss=2.2819 test_metric=0.5189 test_metric_name=acc test_prec_macro=0.4765 test_rec_macro=0.4331
  >> num_layers=1 hidden_dim=384 lr=1e-05 best_step=4870 val_acc=0.5185 test_acc=0.5110
     val_acc=0.5185 val_f1_macro=0.4592 val_f1_weighted=0.5112 val_loss=1.7868 val_metric=0.5185 val_metric_name=acc val_prec_macro=0.5005 val_rec_macro=0.4396
     test_acc=0.5110 test_f1_macro=0.4324 test_f1_weighted=0.5018 test_loss=1.8535 test_metric=0.5110 test_metric_name=acc test_prec_macro=0.4716 test_rec_macro=0.4161
  >> num_layers=1 hidden_dim=512 lr=3e-05 best_step=2800 val_acc=0.5256 test_acc=0.5158
     val_acc=0.5256 val_f1_macro=0.4717 val_f1_weighted=0.5208 val_loss=2.7467 val_metric=0.5256 val_metric_name=acc val_prec_macro=0.5030 val_rec_macro=0.4555
     test_acc=0.5158 test_f1_macro=0.4440 test_f1_weighted=0.5106 test_loss=2.7454 test_metric=0.5158 test_metric_name=acc test_prec_macro=0.4692 test_rec_macro=0.4323
  >> num_layers=1 hidden_dim=512 lr=6e-05 best_step=1710 val_acc=0.5249 test_acc=0.5151
     val_acc=0.5249 val_f1_macro=0.4678 val_f1_weighted=0.5201 val_loss=2.9162 val_metric=0.5249 val_metric_name=acc val_prec_macro=0.4960 val_rec_macro=0.4523
     test_acc=0.5151 test_f1_macro=0.4444 test_f1_weighted=0.5106 test_loss=2.9290 test_metric=0.5151 test_metric_name=acc test_prec_macro=0.4652 test_rec_macro=0.4341
  >> num_layers=1 hidden_dim=512 lr=0.0001 best_step=850 val_acc=0.5231 test_acc=0.5177
     val_acc=0.5231 val_f1_macro=0.4681 val_f1_weighted=0.5182 val_loss=2.5962 val_metric=0.5231 val_metric_name=acc val_prec_macro=0.5024 val_rec_macro=0.4505
     test_acc=0.5177 test_f1_macro=0.4417 test_f1_weighted=0.5122 test_loss=2.6287 test_metric=0.5177 test_metric_name=acc test_prec_macro=0.4674 test_rec_macro=0.4302
  >> num_layers=1 hidden_dim=512 lr=1e-05 best_step=4850 val_acc=0.5226 test_acc=0.5174
     val_acc=0.5226 val_f1_macro=0.4645 val_f1_weighted=0.5160 val_loss=2.1132 val_metric=0.5226 val_metric_name=acc val_prec_macro=0.5111 val_rec_macro=0.4445
     test_acc=0.5174 test_f1_macro=0.4449 test_f1_weighted=0.5099 test_loss=2.1074 test_metric=0.5174 test_metric_name=acc test_prec_macro=0.4881 test_rec_macro=0.4280
  >> selected best (by val): num_layers=1 hidden_dim=384 lr=6e-05 val_acc=0.5292 test_acc=0.5156
     val_acc=0.5292 val_f1_macro=0.4714 val_f1_weighted=0.5242 val_loss=2.3707 val_metric=0.5292 val_metric_name=acc val_prec_macro=0.5015 val_rec_macro=0.4546
     test_acc=0.5156 test_f1_macro=0.4473 test_f1_weighted=0.5105 test_loss=2.4687 test_metric=0.5156 test_metric_name=acc test_prec_macro=0.4737 test_rec_macro=0.4333

Done. Results saved to /home/avshmelev/diploma_yandex_graphs/results_grid/amazon_ratings/base.csv, checkpoints in /home/avshmelev/diploma_yandex_graphs/all_checkpoints/amazon_ratings/base/
