Loading data...

============================================================
Training amazon-ratings GAT 4L h=256 lr=3e-05 split=4
============================================================
Training for 5000 steps
Step    1 | loss 1.8152 | val_acc=0.2549 val_loss=1.6281 val_f1_macro=0.1594 val_f1_weighted=0.2153 val_prec_macro=0.1578 val_rec_macro=0.2068 val_metric_name=acc val_metric=0.2549
Step   50 | loss 1.4271 | val_acc=0.3745 val_loss=1.3954 val_f1_macro=0.1369 val_f1_weighted=0.2369 val_prec_macro=0.1552 val_rec_macro=0.2086 val_metric_name=acc val_metric=0.3745
Step  100 | loss 1.3980 | val_acc=0.4018 val_loss=1.3731 val_f1_macro=0.1905 val_f1_weighted=0.3073 val_prec_macro=0.2046 val_rec_macro=0.2405 val_metric_name=acc val_metric=0.4018
Step  150 | loss 1.3678 | val_acc=0.4202 val_loss=1.3479 val_f1_macro=0.2253 val_f1_weighted=0.3496 val_prec_macro=0.2391 val_rec_macro=0.2624 val_metric_name=acc val_metric=0.4202
Step  200 | loss 1.3457 | val_acc=0.4285 val_loss=1.3343 val_f1_macro=0.2395 val_f1_weighted=0.3661 val_prec_macro=0.2396 val_rec_macro=0.2757 val_metric_name=acc val_metric=0.4285
Step  250 | loss 1.3268 | val_acc=0.4261 val_loss=1.3229 val_f1_macro=0.2523 val_f1_weighted=0.3768 val_prec_macro=0.3268 val_rec_macro=0.2826 val_metric_name=acc val_metric=0.4261
Step  300 | loss 1.3046 | val_acc=0.4297 val_loss=1.3188 val_f1_macro=0.2668 val_f1_weighted=0.3850 val_prec_macro=0.4196 val_rec_macro=0.2934 val_metric_name=acc val_metric=0.4297
Step  350 | loss 1.2743 | val_acc=0.4393 val_loss=1.3118 val_f1_macro=0.2955 val_f1_weighted=0.4037 val_prec_macro=0.4527 val_rec_macro=0.3106 val_metric_name=acc val_metric=0.4393
Step  400 | loss 1.2560 | val_acc=0.4450 val_loss=1.3031 val_f1_macro=0.3136 val_f1_weighted=0.4143 val_prec_macro=0.3950 val_rec_macro=0.3216 val_metric_name=acc val_metric=0.4450
Step  450 | loss 1.2331 | val_acc=0.4526 val_loss=1.3036 val_f1_macro=0.3331 val_f1_weighted=0.4233 val_prec_macro=0.4153 val_rec_macro=0.3352 val_metric_name=acc val_metric=0.4526
Step  500 | loss 1.2225 | val_acc=0.4540 val_loss=1.3045 val_f1_macro=0.3388 val_f1_weighted=0.4270 val_prec_macro=0.4219 val_rec_macro=0.3379 val_metric_name=acc val_metric=0.4540
Step  550 | loss 1.1991 | val_acc=0.4612 val_loss=1.3025 val_f1_macro=0.3462 val_f1_weighted=0.4342 val_prec_macro=0.4259 val_rec_macro=0.3440 val_metric_name=acc val_metric=0.4612
Step  600 | loss 1.1791 | val_acc=0.4656 val_loss=1.3048 val_f1_macro=0.3567 val_f1_weighted=0.4423 val_prec_macro=0.4208 val_rec_macro=0.3508 val_metric_name=acc val_metric=0.4656
Step  650 | loss 1.1594 | val_acc=0.4666 val_loss=1.3116 val_f1_macro=0.3568 val_f1_weighted=0.4434 val_prec_macro=0.4111 val_rec_macro=0.3521 val_metric_name=acc val_metric=0.4666
Step  700 | loss 1.1399 | val_acc=0.4658 val_loss=1.3135 val_f1_macro=0.3628 val_f1_weighted=0.4454 val_prec_macro=0.4115 val_rec_macro=0.3561 val_metric_name=acc val_metric=0.4658
Step  750 | loss 1.1268 | val_acc=0.4677 val_loss=1.3227 val_f1_macro=0.3690 val_f1_weighted=0.4482 val_prec_macro=0.4217 val_rec_macro=0.3619 val_metric_name=acc val_metric=0.4677
Step  800 | loss 1.1053 | val_acc=0.4666 val_loss=1.3198 val_f1_macro=0.3742 val_f1_weighted=0.4496 val_prec_macro=0.4147 val_rec_macro=0.3652 val_metric_name=acc val_metric=0.4666
Step  850 | loss 1.0914 | val_acc=0.4699 val_loss=1.3274 val_f1_macro=0.3826 val_f1_weighted=0.4518 val_prec_macro=0.4345 val_rec_macro=0.3719 val_metric_name=acc val_metric=0.4699
Step  900 | loss 1.0721 | val_acc=0.4676 val_loss=1.3397 val_f1_macro=0.3862 val_f1_weighted=0.4548 val_prec_macro=0.4252 val_rec_macro=0.3758 val_metric_name=acc val_metric=0.4676
Step  950 | loss 1.0636 | val_acc=0.4718 val_loss=1.3450 val_f1_macro=0.3855 val_f1_weighted=0.4571 val_prec_macro=0.4267 val_rec_macro=0.3756 val_metric_name=acc val_metric=0.4718
Step 1000 | loss 1.0502 | val_acc=0.4749 val_loss=1.3542 val_f1_macro=0.3922 val_f1_weighted=0.4620 val_prec_macro=0.4270 val_rec_macro=0.3813 val_metric_name=acc val_metric=0.4749
Step 1050 | loss 1.0314 | val_acc=0.4748 val_loss=1.3622 val_f1_macro=0.3958 val_f1_weighted=0.4631 val_prec_macro=0.4356 val_rec_macro=0.3819 val_metric_name=acc val_metric=0.4748
Step 1100 | loss 1.0205 | val_acc=0.4780 val_loss=1.3773 val_f1_macro=0.4003 val_f1_weighted=0.4670 val_prec_macro=0.4265 val_rec_macro=0.3908 val_metric_name=acc val_metric=0.4780
Step 1150 | loss 1.0024 | val_acc=0.4802 val_loss=1.3746 val_f1_macro=0.4047 val_f1_weighted=0.4684 val_prec_macro=0.4365 val_rec_macro=0.3928 val_metric_name=acc val_metric=0.4802
Step 1200 | loss 0.9985 | val_acc=0.4754 val_loss=1.3898 val_f1_macro=0.4052 val_f1_weighted=0.4662 val_prec_macro=0.4300 val_rec_macro=0.3937 val_metric_name=acc val_metric=0.4754
Step 1250 | loss 0.9798 | val_acc=0.4769 val_loss=1.3979 val_f1_macro=0.4076 val_f1_weighted=0.4681 val_prec_macro=0.4334 val_rec_macro=0.3954 val_metric_name=acc val_metric=0.4769
Step 1300 | loss 0.9717 | val_acc=0.4748 val_loss=1.4116 val_f1_macro=0.4090 val_f1_weighted=0.4669 val_prec_macro=0.4293 val_rec_macro=0.3983 val_metric_name=acc val_metric=0.4748
Step 1350 | loss 0.9561 | val_acc=0.4767 val_loss=1.4212 val_f1_macro=0.4106 val_f1_weighted=0.4690 val_prec_macro=0.4295 val_rec_macro=0.4005 val_metric_name=acc val_metric=0.4767
Step 1400 | loss 0.9438 | val_acc=0.4764 val_loss=1.4358 val_f1_macro=0.4101 val_f1_weighted=0.4682 val_prec_macro=0.4265 val_rec_macro=0.4019 val_metric_name=acc val_metric=0.4764
Step 1450 | loss 0.9364 | val_acc=0.4722 val_loss=1.4488 val_f1_macro=0.4084 val_f1_weighted=0.4649 val_prec_macro=0.4255 val_rec_macro=0.3990 val_metric_name=acc val_metric=0.4722
Early stopping at step 1450

--- Final (best ckpt @ step 1150) ---
  train_acc=0.6111 train_loss=0.9075 train_f1_macro=0.5503 train_f1_weighted=0.6039 train_prec_macro=0.5899 train_rec_macro=0.5302 train_metric_name=acc train_metric=0.6111
  val_acc=0.4802 val_loss=1.3746 val_f1_macro=0.4047 val_f1_weighted=0.4684 val_prec_macro=0.4365 val_rec_macro=0.3928 val_metric_name=acc val_metric=0.4802
  test_acc=0.4790 test_loss=1.4031 test_f1_macro=0.3947 test_f1_weighted=0.4690 test_prec_macro=0.4154 test_rec_macro=0.3866 test_metric_name=acc test_metric=0.4790
  test_acc=0.4790

============================================================
Training amazon-ratings GAT 4L h=256 lr=6e-05 split=4
============================================================
Training for 5000 steps
Step    1 | loss 1.8152 | val_acc=0.3498 val_loss=1.5112 val_f1_macro=0.1435 val_f1_weighted=0.2424 val_prec_macro=0.1348 val_rec_macro=0.1993 val_metric_name=acc val_metric=0.3498
Step   50 | loss 1.4096 | val_acc=0.3848 val_loss=1.3857 val_f1_macro=0.1672 val_f1_weighted=0.2769 val_prec_macro=0.1570 val_rec_macro=0.2227 val_metric_name=acc val_metric=0.3848
Step  100 | loss 1.3617 | val_acc=0.4238 val_loss=1.3444 val_f1_macro=0.2311 val_f1_weighted=0.3563 val_prec_macro=0.2395 val_rec_macro=0.2683 val_metric_name=acc val_metric=0.4238
Step  150 | loss 1.3229 | val_acc=0.4284 val_loss=1.3209 val_f1_macro=0.2559 val_f1_weighted=0.3815 val_prec_macro=0.3286 val_rec_macro=0.2845 val_metric_name=acc val_metric=0.4284
Step  200 | loss 1.2889 | val_acc=0.4418 val_loss=1.3028 val_f1_macro=0.2947 val_f1_weighted=0.4080 val_prec_macro=0.4381 val_rec_macro=0.3059 val_metric_name=acc val_metric=0.4418
Step  250 | loss 1.2552 | val_acc=0.4472 val_loss=1.3042 val_f1_macro=0.3188 val_f1_weighted=0.4159 val_prec_macro=0.4031 val_rec_macro=0.3250 val_metric_name=acc val_metric=0.4472
Step  300 | loss 1.2205 | val_acc=0.4553 val_loss=1.2924 val_f1_macro=0.3436 val_f1_weighted=0.4315 val_prec_macro=0.4146 val_rec_macro=0.3397 val_metric_name=acc val_metric=0.4553
Step  350 | loss 1.1815 | val_acc=0.4610 val_loss=1.3070 val_f1_macro=0.3520 val_f1_weighted=0.4360 val_prec_macro=0.4259 val_rec_macro=0.3489 val_metric_name=acc val_metric=0.4610
Step  400 | loss 1.1509 | val_acc=0.4673 val_loss=1.3032 val_f1_macro=0.3655 val_f1_weighted=0.4462 val_prec_macro=0.4165 val_rec_macro=0.3581 val_metric_name=acc val_metric=0.4673
Step  450 | loss 1.1184 | val_acc=0.4681 val_loss=1.3174 val_f1_macro=0.3723 val_f1_weighted=0.4512 val_prec_macro=0.4193 val_rec_macro=0.3637 val_metric_name=acc val_metric=0.4681
Step  500 | loss 1.0973 | val_acc=0.4686 val_loss=1.3235 val_f1_macro=0.3815 val_f1_weighted=0.4537 val_prec_macro=0.4200 val_rec_macro=0.3720 val_metric_name=acc val_metric=0.4686
Step  550 | loss 1.0671 | val_acc=0.4710 val_loss=1.3376 val_f1_macro=0.3897 val_f1_weighted=0.4579 val_prec_macro=0.4240 val_rec_macro=0.3798 val_metric_name=acc val_metric=0.4710
Step  600 | loss 1.0366 | val_acc=0.4715 val_loss=1.3567 val_f1_macro=0.3933 val_f1_weighted=0.4604 val_prec_macro=0.4334 val_rec_macro=0.3798 val_metric_name=acc val_metric=0.4715
Step  650 | loss 1.0102 | val_acc=0.4774 val_loss=1.3664 val_f1_macro=0.4022 val_f1_weighted=0.4671 val_prec_macro=0.4366 val_rec_macro=0.3889 val_metric_name=acc val_metric=0.4774
Step  700 | loss 0.9767 | val_acc=0.4782 val_loss=1.3920 val_f1_macro=0.4079 val_f1_weighted=0.4688 val_prec_macro=0.4309 val_rec_macro=0.3985 val_metric_name=acc val_metric=0.4782
Step  750 | loss 0.9636 | val_acc=0.4771 val_loss=1.4039 val_f1_macro=0.4055 val_f1_weighted=0.4675 val_prec_macro=0.4295 val_rec_macro=0.3947 val_metric_name=acc val_metric=0.4771
Step  800 | loss 0.9422 | val_acc=0.4746 val_loss=1.4310 val_f1_macro=0.4084 val_f1_weighted=0.4685 val_prec_macro=0.4209 val_rec_macro=0.4010 val_metric_name=acc val_metric=0.4746
Step  850 | loss 0.9180 | val_acc=0.4767 val_loss=1.4570 val_f1_macro=0.4094 val_f1_weighted=0.4695 val_prec_macro=0.4246 val_rec_macro=0.4013 val_metric_name=acc val_metric=0.4767
Step  900 | loss 0.9039 | val_acc=0.4803 val_loss=1.4663 val_f1_macro=0.4141 val_f1_weighted=0.4738 val_prec_macro=0.4306 val_rec_macro=0.4054 val_metric_name=acc val_metric=0.4803
Step  950 | loss 0.8846 | val_acc=0.4787 val_loss=1.4948 val_f1_macro=0.4158 val_f1_weighted=0.4725 val_prec_macro=0.4298 val_rec_macro=0.4077 val_metric_name=acc val_metric=0.4787
Step 1000 | loss 0.8677 | val_acc=0.4828 val_loss=1.5161 val_f1_macro=0.4209 val_f1_weighted=0.4783 val_prec_macro=0.4292 val_rec_macro=0.4155 val_metric_name=acc val_metric=0.4828
Step 1050 | loss 0.8496 | val_acc=0.4885 val_loss=1.5462 val_f1_macro=0.4276 val_f1_weighted=0.4823 val_prec_macro=0.4410 val_rec_macro=0.4197 val_metric_name=acc val_metric=0.4885
Step 1100 | loss 0.8358 | val_acc=0.4859 val_loss=1.5746 val_f1_macro=0.4231 val_f1_weighted=0.4826 val_prec_macro=0.4275 val_rec_macro=0.4205 val_metric_name=acc val_metric=0.4859
Step 1150 | loss 0.8218 | val_acc=0.4888 val_loss=1.6030 val_f1_macro=0.4267 val_f1_weighted=0.4844 val_prec_macro=0.4322 val_rec_macro=0.4241 val_metric_name=acc val_metric=0.4888
Step 1200 | loss 0.8065 | val_acc=0.4886 val_loss=1.6163 val_f1_macro=0.4286 val_f1_weighted=0.4851 val_prec_macro=0.4334 val_rec_macro=0.4256 val_metric_name=acc val_metric=0.4886
Step 1250 | loss 0.7951 | val_acc=0.4885 val_loss=1.6620 val_f1_macro=0.4265 val_f1_weighted=0.4851 val_prec_macro=0.4318 val_rec_macro=0.4231 val_metric_name=acc val_metric=0.4885
Step 1300 | loss 0.7857 | val_acc=0.4927 val_loss=1.6701 val_f1_macro=0.4341 val_f1_weighted=0.4900 val_prec_macro=0.4366 val_rec_macro=0.4333 val_metric_name=acc val_metric=0.4927
Step 1350 | loss 0.7673 | val_acc=0.4963 val_loss=1.6877 val_f1_macro=0.4331 val_f1_weighted=0.4947 val_prec_macro=0.4341 val_rec_macro=0.4330 val_metric_name=acc val_metric=0.4963
Step 1400 | loss 0.7522 | val_acc=0.4993 val_loss=1.7136 val_f1_macro=0.4393 val_f1_weighted=0.4967 val_prec_macro=0.4416 val_rec_macro=0.4385 val_metric_name=acc val_metric=0.4993
Step 1450 | loss 0.7423 | val_acc=0.5012 val_loss=1.7465 val_f1_macro=0.4417 val_f1_weighted=0.4984 val_prec_macro=0.4433 val_rec_macro=0.4419 val_metric_name=acc val_metric=0.5012
Step 1500 | loss 0.7308 | val_acc=0.4967 val_loss=1.7668 val_f1_macro=0.4403 val_f1_weighted=0.4955 val_prec_macro=0.4389 val_rec_macro=0.4430 val_metric_name=acc val_metric=0.4967
Step 1550 | loss 0.7189 | val_acc=0.5024 val_loss=1.7785 val_f1_macro=0.4403 val_f1_weighted=0.5003 val_prec_macro=0.4419 val_rec_macro=0.4401 val_metric_name=acc val_metric=0.5024
Step 1600 | loss 0.6993 | val_acc=0.5007 val_loss=1.8148 val_f1_macro=0.4419 val_f1_weighted=0.4990 val_prec_macro=0.4406 val_rec_macro=0.4455 val_metric_name=acc val_metric=0.5007
Step 1650 | loss 0.6962 | val_acc=0.4988 val_loss=1.8377 val_f1_macro=0.4397 val_f1_weighted=0.4975 val_prec_macro=0.4399 val_rec_macro=0.4400 val_metric_name=acc val_metric=0.4988
Step 1700 | loss 0.6768 | val_acc=0.5032 val_loss=1.8594 val_f1_macro=0.4445 val_f1_weighted=0.5018 val_prec_macro=0.4448 val_rec_macro=0.4456 val_metric_name=acc val_metric=0.5032
Step 1750 | loss 0.6662 | val_acc=0.5037 val_loss=1.8768 val_f1_macro=0.4442 val_f1_weighted=0.5022 val_prec_macro=0.4426 val_rec_macro=0.4474 val_metric_name=acc val_metric=0.5037
Step 1800 | loss 0.6527 | val_acc=0.5032 val_loss=1.9131 val_f1_macro=0.4456 val_f1_weighted=0.5022 val_prec_macro=0.4451 val_rec_macro=0.4467 val_metric_name=acc val_metric=0.5032
Step 1850 | loss 0.6441 | val_acc=0.5056 val_loss=1.9279 val_f1_macro=0.4477 val_f1_weighted=0.5047 val_prec_macro=0.4461 val_rec_macro=0.4506 val_metric_name=acc val_metric=0.5056
Step 1900 | loss 0.6357 | val_acc=0.5047 val_loss=1.9557 val_f1_macro=0.4528 val_f1_weighted=0.5041 val_prec_macro=0.4502 val_rec_macro=0.4564 val_metric_name=acc val_metric=0.5047
Step 1950 | loss 0.6231 | val_acc=0.5071 val_loss=1.9718 val_f1_macro=0.4500 val_f1_weighted=0.5064 val_prec_macro=0.4494 val_rec_macro=0.4514 val_metric_name=acc val_metric=0.5071
Step 2000 | loss 0.6086 | val_acc=0.5065 val_loss=2.0143 val_f1_macro=0.4494 val_f1_weighted=0.5066 val_prec_macro=0.4461 val_rec_macro=0.4537 val_metric_name=acc val_metric=0.5065
Step 2050 | loss 0.5985 | val_acc=0.5104 val_loss=2.0324 val_f1_macro=0.4537 val_f1_weighted=0.5095 val_prec_macro=0.4531 val_rec_macro=0.4550 val_metric_name=acc val_metric=0.5104
Step 2100 | loss 0.5877 | val_acc=0.5058 val_loss=2.0546 val_f1_macro=0.4509 val_f1_weighted=0.5052 val_prec_macro=0.4515 val_rec_macro=0.4506 val_metric_name=acc val_metric=0.5058
Step 2150 | loss 0.5829 | val_acc=0.5091 val_loss=2.0627 val_f1_macro=0.4536 val_f1_weighted=0.5084 val_prec_macro=0.4534 val_rec_macro=0.4541 val_metric_name=acc val_metric=0.5091
Step 2200 | loss 0.5718 | val_acc=0.5056 val_loss=2.1022 val_f1_macro=0.4500 val_f1_weighted=0.5053 val_prec_macro=0.4493 val_rec_macro=0.4515 val_metric_name=acc val_metric=0.5056
Step 2250 | loss 0.5574 | val_acc=0.5081 val_loss=2.1162 val_f1_macro=0.4549 val_f1_weighted=0.5072 val_prec_macro=0.4549 val_rec_macro=0.4561 val_metric_name=acc val_metric=0.5081
Step 2300 | loss 0.5544 | val_acc=0.5082 val_loss=2.1536 val_f1_macro=0.4549 val_f1_weighted=0.5080 val_prec_macro=0.4543 val_rec_macro=0.4559 val_metric_name=acc val_metric=0.5082
Early stopping at step 2330

--- Final (best ckpt @ step 2030) ---
  train_acc=0.8251 train_loss=0.4297 train_f1_macro=0.8056 train_f1_weighted=0.8250 train_prec_macro=0.8055 train_rec_macro=0.8066 train_metric_name=acc train_metric=0.8251
  val_acc=0.5120 val_loss=1.9962 val_f1_macro=0.4552 val_f1_weighted=0.5105 val_prec_macro=0.4567 val_rec_macro=0.4547 val_metric_name=acc val_metric=0.5120
  test_acc=0.5136 test_loss=2.0347 test_f1_macro=0.4437 test_f1_weighted=0.5122 test_prec_macro=0.4459 test_rec_macro=0.4423 test_metric_name=acc test_metric=0.5136
  test_acc=0.5136

============================================================
Training amazon-ratings GAT 4L h=256 lr=0.0001 split=4
============================================================
Training for 5000 steps
Step    1 | loss 1.8152 | val_acc=0.3680 val_loss=1.4571 val_f1_macro=0.1127 val_f1_weighted=0.2045 val_prec_macro=0.2491 val_rec_macro=0.2009 val_metric_name=acc val_metric=0.3680
Step   50 | loss 1.3924 | val_acc=0.3998 val_loss=1.3693 val_f1_macro=0.1927 val_f1_weighted=0.3094 val_prec_macro=0.2160 val_rec_macro=0.2412 val_metric_name=acc val_metric=0.3998
Step  100 | loss 1.3329 | val_acc=0.4268 val_loss=1.3281 val_f1_macro=0.2451 val_f1_weighted=0.3710 val_prec_macro=0.3053 val_rec_macro=0.2783 val_metric_name=acc val_metric=0.4268
Step  150 | loss 1.2803 | val_acc=0.4398 val_loss=1.3055 val_f1_macro=0.2920 val_f1_weighted=0.4033 val_prec_macro=0.4308 val_rec_macro=0.3065 val_metric_name=acc val_metric=0.4398
Step  200 | loss 1.2334 | val_acc=0.4514 val_loss=1.2977 val_f1_macro=0.3361 val_f1_weighted=0.4256 val_prec_macro=0.4112 val_rec_macro=0.3360 val_metric_name=acc val_metric=0.4514
Step  250 | loss 1.1820 | val_acc=0.4602 val_loss=1.3098 val_f1_macro=0.3588 val_f1_weighted=0.4376 val_prec_macro=0.4092 val_rec_macro=0.3563 val_metric_name=acc val_metric=0.4602
Step  300 | loss 1.1332 | val_acc=0.4674 val_loss=1.3054 val_f1_macro=0.3697 val_f1_weighted=0.4507 val_prec_macro=0.4157 val_rec_macro=0.3603 val_metric_name=acc val_metric=0.4674
Step  350 | loss 1.0896 | val_acc=0.4749 val_loss=1.3333 val_f1_macro=0.3897 val_f1_weighted=0.4585 val_prec_macro=0.4348 val_rec_macro=0.3827 val_metric_name=acc val_metric=0.4749
Step  400 | loss 1.0469 | val_acc=0.4726 val_loss=1.3388 val_f1_macro=0.3966 val_f1_weighted=0.4620 val_prec_macro=0.4224 val_rec_macro=0.3887 val_metric_name=acc val_metric=0.4726
Step  450 | loss 1.0096 | val_acc=0.4748 val_loss=1.3692 val_f1_macro=0.4048 val_f1_weighted=0.4663 val_prec_macro=0.4337 val_rec_macro=0.3933 val_metric_name=acc val_metric=0.4748
Step  500 | loss 0.9745 | val_acc=0.4816 val_loss=1.3913 val_f1_macro=0.4152 val_f1_weighted=0.4734 val_prec_macro=0.4315 val_rec_macro=0.4086 val_metric_name=acc val_metric=0.4816
Step  550 | loss 0.9400 | val_acc=0.4802 val_loss=1.4201 val_f1_macro=0.4105 val_f1_weighted=0.4727 val_prec_macro=0.4324 val_rec_macro=0.3998 val_metric_name=acc val_metric=0.4802
Step  600 | loss 0.9128 | val_acc=0.4816 val_loss=1.4515 val_f1_macro=0.4162 val_f1_weighted=0.4759 val_prec_macro=0.4285 val_rec_macro=0.4089 val_metric_name=acc val_metric=0.4816
Step  650 | loss 0.8813 | val_acc=0.4851 val_loss=1.4822 val_f1_macro=0.4183 val_f1_weighted=0.4783 val_prec_macro=0.4369 val_rec_macro=0.4075 val_metric_name=acc val_metric=0.4851
Step  700 | loss 0.8416 | val_acc=0.4842 val_loss=1.5332 val_f1_macro=0.4213 val_f1_weighted=0.4803 val_prec_macro=0.4278 val_rec_macro=0.4171 val_metric_name=acc val_metric=0.4842
Step  750 | loss 0.8294 | val_acc=0.4865 val_loss=1.5642 val_f1_macro=0.4231 val_f1_weighted=0.4829 val_prec_macro=0.4307 val_rec_macro=0.4176 val_metric_name=acc val_metric=0.4865
Step  800 | loss 0.8104 | val_acc=0.4911 val_loss=1.6076 val_f1_macro=0.4277 val_f1_weighted=0.4879 val_prec_macro=0.4302 val_rec_macro=0.4268 val_metric_name=acc val_metric=0.4911
Step  850 | loss 0.7808 | val_acc=0.4957 val_loss=1.6457 val_f1_macro=0.4315 val_f1_weighted=0.4911 val_prec_macro=0.4376 val_rec_macro=0.4286 val_metric_name=acc val_metric=0.4957
Step  900 | loss 0.7693 | val_acc=0.4986 val_loss=1.6788 val_f1_macro=0.4383 val_f1_weighted=0.4961 val_prec_macro=0.4409 val_rec_macro=0.4370 val_metric_name=acc val_metric=0.4986
Step  950 | loss 0.7440 | val_acc=0.4993 val_loss=1.7252 val_f1_macro=0.4403 val_f1_weighted=0.4961 val_prec_macro=0.4426 val_rec_macro=0.4404 val_metric_name=acc val_metric=0.4993
Step 1000 | loss 0.7198 | val_acc=0.5016 val_loss=1.7450 val_f1_macro=0.4433 val_f1_weighted=0.4996 val_prec_macro=0.4432 val_rec_macro=0.4451 val_metric_name=acc val_metric=0.5016
Step 1050 | loss 0.7004 | val_acc=0.5033 val_loss=1.7875 val_f1_macro=0.4467 val_f1_weighted=0.5020 val_prec_macro=0.4476 val_rec_macro=0.4463 val_metric_name=acc val_metric=0.5033
Step 1100 | loss 0.6836 | val_acc=0.5022 val_loss=1.8215 val_f1_macro=0.4461 val_f1_weighted=0.5012 val_prec_macro=0.4448 val_rec_macro=0.4485 val_metric_name=acc val_metric=0.5022
Step 1150 | loss 0.6681 | val_acc=0.5055 val_loss=1.8772 val_f1_macro=0.4473 val_f1_weighted=0.5034 val_prec_macro=0.4478 val_rec_macro=0.4485 val_metric_name=acc val_metric=0.5055
Step 1200 | loss 0.6437 | val_acc=0.5025 val_loss=1.9080 val_f1_macro=0.4451 val_f1_weighted=0.5019 val_prec_macro=0.4433 val_rec_macro=0.4479 val_metric_name=acc val_metric=0.5025
Step 1250 | loss 0.6265 | val_acc=0.5037 val_loss=1.9607 val_f1_macro=0.4467 val_f1_weighted=0.5028 val_prec_macro=0.4480 val_rec_macro=0.4462 val_metric_name=acc val_metric=0.5037
Step 1300 | loss 0.6259 | val_acc=0.5089 val_loss=1.9938 val_f1_macro=0.4497 val_f1_weighted=0.5074 val_prec_macro=0.4528 val_rec_macro=0.4473 val_metric_name=acc val_metric=0.5089
Step 1350 | loss 0.5968 | val_acc=0.5060 val_loss=2.0358 val_f1_macro=0.4484 val_f1_weighted=0.5052 val_prec_macro=0.4496 val_rec_macro=0.4479 val_metric_name=acc val_metric=0.5060
Step 1400 | loss 0.5759 | val_acc=0.5087 val_loss=2.0593 val_f1_macro=0.4517 val_f1_weighted=0.5078 val_prec_macro=0.4529 val_rec_macro=0.4511 val_metric_name=acc val_metric=0.5087
Step 1450 | loss 0.5678 | val_acc=0.5102 val_loss=2.1016 val_f1_macro=0.4535 val_f1_weighted=0.5093 val_prec_macro=0.4546 val_rec_macro=0.4529 val_metric_name=acc val_metric=0.5102
Step 1500 | loss 0.5515 | val_acc=0.5060 val_loss=2.1395 val_f1_macro=0.4506 val_f1_weighted=0.5055 val_prec_macro=0.4504 val_rec_macro=0.4510 val_metric_name=acc val_metric=0.5060
Step 1550 | loss 0.5354 | val_acc=0.5068 val_loss=2.1641 val_f1_macro=0.4514 val_f1_weighted=0.5065 val_prec_macro=0.4511 val_rec_macro=0.4520 val_metric_name=acc val_metric=0.5068
Step 1600 | loss 0.5219 | val_acc=0.5089 val_loss=2.2101 val_f1_macro=0.4518 val_f1_weighted=0.5080 val_prec_macro=0.4514 val_rec_macro=0.4528 val_metric_name=acc val_metric=0.5089
Step 1650 | loss 0.5190 | val_acc=0.5104 val_loss=2.2447 val_f1_macro=0.4571 val_f1_weighted=0.5105 val_prec_macro=0.4573 val_rec_macro=0.4574 val_metric_name=acc val_metric=0.5104
Step 1700 | loss 0.4926 | val_acc=0.5102 val_loss=2.2721 val_f1_macro=0.4558 val_f1_weighted=0.5099 val_prec_macro=0.4570 val_rec_macro=0.4550 val_metric_name=acc val_metric=0.5102
Step 1750 | loss 0.4850 | val_acc=0.5128 val_loss=2.3070 val_f1_macro=0.4580 val_f1_weighted=0.5118 val_prec_macro=0.4599 val_rec_macro=0.4565 val_metric_name=acc val_metric=0.5128
Step 1800 | loss 0.4763 | val_acc=0.5120 val_loss=2.3692 val_f1_macro=0.4559 val_f1_weighted=0.5113 val_prec_macro=0.4573 val_rec_macro=0.4552 val_metric_name=acc val_metric=0.5120
Step 1850 | loss 0.4676 | val_acc=0.5086 val_loss=2.3689 val_f1_macro=0.4579 val_f1_weighted=0.5083 val_prec_macro=0.4583 val_rec_macro=0.4578 val_metric_name=acc val_metric=0.5086
Step 1900 | loss 0.4609 | val_acc=0.5143 val_loss=2.3992 val_f1_macro=0.4620 val_f1_weighted=0.5135 val_prec_macro=0.4656 val_rec_macro=0.4589 val_metric_name=acc val_metric=0.5143
Step 1950 | loss 0.4469 | val_acc=0.5114 val_loss=2.4485 val_f1_macro=0.4594 val_f1_weighted=0.5108 val_prec_macro=0.4612 val_rec_macro=0.4582 val_metric_name=acc val_metric=0.5114
Step 2000 | loss 0.4368 | val_acc=0.5118 val_loss=2.5120 val_f1_macro=0.4561 val_f1_weighted=0.5120 val_prec_macro=0.4571 val_rec_macro=0.4555 val_metric_name=acc val_metric=0.5118
Step 2050 | loss 0.4198 | val_acc=0.5161 val_loss=2.5310 val_f1_macro=0.4617 val_f1_weighted=0.5149 val_prec_macro=0.4645 val_rec_macro=0.4594 val_metric_name=acc val_metric=0.5161
Step 2100 | loss 0.4212 | val_acc=0.5141 val_loss=2.5607 val_f1_macro=0.4583 val_f1_weighted=0.5135 val_prec_macro=0.4602 val_rec_macro=0.4568 val_metric_name=acc val_metric=0.5141
Step 2150 | loss 0.4023 | val_acc=0.5154 val_loss=2.5475 val_f1_macro=0.4659 val_f1_weighted=0.5148 val_prec_macro=0.4701 val_rec_macro=0.4627 val_metric_name=acc val_metric=0.5154
Step 2200 | loss 0.3974 | val_acc=0.5153 val_loss=2.6113 val_f1_macro=0.4625 val_f1_weighted=0.5144 val_prec_macro=0.4666 val_rec_macro=0.4592 val_metric_name=acc val_metric=0.5153
Step 2250 | loss 0.3845 | val_acc=0.5138 val_loss=2.6476 val_f1_macro=0.4597 val_f1_weighted=0.5131 val_prec_macro=0.4623 val_rec_macro=0.4575 val_metric_name=acc val_metric=0.5138
Step 2300 | loss 0.3825 | val_acc=0.5156 val_loss=2.6848 val_f1_macro=0.4634 val_f1_weighted=0.5154 val_prec_macro=0.4681 val_rec_macro=0.4599 val_metric_name=acc val_metric=0.5156
Step 2350 | loss 0.3815 | val_acc=0.5135 val_loss=2.6873 val_f1_macro=0.4601 val_f1_weighted=0.5127 val_prec_macro=0.4630 val_rec_macro=0.4576 val_metric_name=acc val_metric=0.5135
Step 2400 | loss 0.3769 | val_acc=0.5138 val_loss=2.7202 val_f1_macro=0.4605 val_f1_weighted=0.5134 val_prec_macro=0.4648 val_rec_macro=0.4571 val_metric_name=acc val_metric=0.5138
Step 2450 | loss 0.3577 | val_acc=0.5190 val_loss=2.7523 val_f1_macro=0.4638 val_f1_weighted=0.5180 val_prec_macro=0.4671 val_rec_macro=0.4610 val_metric_name=acc val_metric=0.5190
Step 2500 | loss 0.3660 | val_acc=0.5179 val_loss=2.7502 val_f1_macro=0.4621 val_f1_weighted=0.5169 val_prec_macro=0.4661 val_rec_macro=0.4585 val_metric_name=acc val_metric=0.5179
Step 2550 | loss 0.3458 | val_acc=0.5179 val_loss=2.8145 val_f1_macro=0.4648 val_f1_weighted=0.5171 val_prec_macro=0.4686 val_rec_macro=0.4619 val_metric_name=acc val_metric=0.5179
Step 2600 | loss 0.3497 | val_acc=0.5176 val_loss=2.8262 val_f1_macro=0.4644 val_f1_weighted=0.5165 val_prec_macro=0.4698 val_rec_macro=0.4602 val_metric_name=acc val_metric=0.5176
Step 2650 | loss 0.3283 | val_acc=0.5166 val_loss=2.8556 val_f1_macro=0.4631 val_f1_weighted=0.5161 val_prec_macro=0.4653 val_rec_macro=0.4612 val_metric_name=acc val_metric=0.5166
Step 2700 | loss 0.3280 | val_acc=0.5208 val_loss=2.8790 val_f1_macro=0.4669 val_f1_weighted=0.5196 val_prec_macro=0.4718 val_rec_macro=0.4628 val_metric_name=acc val_metric=0.5208
Step 2750 | loss 0.3303 | val_acc=0.5198 val_loss=2.9285 val_f1_macro=0.4671 val_f1_weighted=0.5193 val_prec_macro=0.4707 val_rec_macro=0.4641 val_metric_name=acc val_metric=0.5198
Step 2800 | loss 0.3145 | val_acc=0.5163 val_loss=2.9405 val_f1_macro=0.4633 val_f1_weighted=0.5159 val_prec_macro=0.4640 val_rec_macro=0.4630 val_metric_name=acc val_metric=0.5163
Step 2850 | loss 0.3137 | val_acc=0.5226 val_loss=2.9596 val_f1_macro=0.4712 val_f1_weighted=0.5217 val_prec_macro=0.4764 val_rec_macro=0.4669 val_metric_name=acc val_metric=0.5226
Step 2900 | loss 0.3007 | val_acc=0.5202 val_loss=2.9724 val_f1_macro=0.4658 val_f1_weighted=0.5196 val_prec_macro=0.4682 val_rec_macro=0.4638 val_metric_name=acc val_metric=0.5202
Step 2950 | loss 0.3131 | val_acc=0.5234 val_loss=3.0038 val_f1_macro=0.4692 val_f1_weighted=0.5228 val_prec_macro=0.4733 val_rec_macro=0.4658 val_metric_name=acc val_metric=0.5234
Step 3000 | loss 0.3038 | val_acc=0.5216 val_loss=3.0390 val_f1_macro=0.4679 val_f1_weighted=0.5207 val_prec_macro=0.4709 val_rec_macro=0.4654 val_metric_name=acc val_metric=0.5216
Step 3050 | loss 0.3097 | val_acc=0.5218 val_loss=3.0582 val_f1_macro=0.4721 val_f1_weighted=0.5212 val_prec_macro=0.4769 val_rec_macro=0.4680 val_metric_name=acc val_metric=0.5218
Step 3100 | loss 0.2880 | val_acc=0.5190 val_loss=3.0814 val_f1_macro=0.4661 val_f1_weighted=0.5182 val_prec_macro=0.4691 val_rec_macro=0.4635 val_metric_name=acc val_metric=0.5190
Step 3150 | loss 0.2840 | val_acc=0.5223 val_loss=3.1186 val_f1_macro=0.4693 val_f1_weighted=0.5218 val_prec_macro=0.4733 val_rec_macro=0.4659 val_metric_name=acc val_metric=0.5223
Step 3200 | loss 0.2904 | val_acc=0.5208 val_loss=3.1412 val_f1_macro=0.4693 val_f1_weighted=0.5201 val_prec_macro=0.4738 val_rec_macro=0.4658 val_metric_name=acc val_metric=0.5208
Step 3250 | loss 0.2730 | val_acc=0.5202 val_loss=3.1515 val_f1_macro=0.4676 val_f1_weighted=0.5198 val_prec_macro=0.4686 val_rec_macro=0.4668 val_metric_name=acc val_metric=0.5202
Step 3300 | loss 0.2730 | val_acc=0.5241 val_loss=3.1528 val_f1_macro=0.4720 val_f1_weighted=0.5227 val_prec_macro=0.4808 val_rec_macro=0.4654 val_metric_name=acc val_metric=0.5241
Step 3350 | loss 0.2675 | val_acc=0.5205 val_loss=3.1876 val_f1_macro=0.4695 val_f1_weighted=0.5198 val_prec_macro=0.4731 val_rec_macro=0.4667 val_metric_name=acc val_metric=0.5205
Step 3400 | loss 0.2653 | val_acc=0.5216 val_loss=3.2063 val_f1_macro=0.4727 val_f1_weighted=0.5212 val_prec_macro=0.4758 val_rec_macro=0.4703 val_metric_name=acc val_metric=0.5216
Step 3450 | loss 0.2677 | val_acc=0.5225 val_loss=3.2241 val_f1_macro=0.4721 val_f1_weighted=0.5214 val_prec_macro=0.4762 val_rec_macro=0.4690 val_metric_name=acc val_metric=0.5225
Step 3500 | loss 0.2625 | val_acc=0.5194 val_loss=3.2298 val_f1_macro=0.4670 val_f1_weighted=0.5194 val_prec_macro=0.4681 val_rec_macro=0.4662 val_metric_name=acc val_metric=0.5194
Step 3550 | loss 0.2483 | val_acc=0.5216 val_loss=3.2791 val_f1_macro=0.4714 val_f1_weighted=0.5212 val_prec_macro=0.4761 val_rec_macro=0.4675 val_metric_name=acc val_metric=0.5216
Step 3600 | loss 0.2543 | val_acc=0.5241 val_loss=3.3266 val_f1_macro=0.4721 val_f1_weighted=0.5234 val_prec_macro=0.4777 val_rec_macro=0.4676 val_metric_name=acc val_metric=0.5241
Step 3650 | loss 0.2575 | val_acc=0.5210 val_loss=3.2857 val_f1_macro=0.4684 val_f1_weighted=0.5204 val_prec_macro=0.4740 val_rec_macro=0.4641 val_metric_name=acc val_metric=0.5210
Step 3700 | loss 0.2506 | val_acc=0.5229 val_loss=3.3383 val_f1_macro=0.4710 val_f1_weighted=0.5219 val_prec_macro=0.4754 val_rec_macro=0.4672 val_metric_name=acc val_metric=0.5229
Step 3750 | loss 0.2403 | val_acc=0.5225 val_loss=3.2955 val_f1_macro=0.4715 val_f1_weighted=0.5217 val_prec_macro=0.4754 val_rec_macro=0.4681 val_metric_name=acc val_metric=0.5225
Step 3800 | loss 0.2465 | val_acc=0.5205 val_loss=3.4027 val_f1_macro=0.4688 val_f1_weighted=0.5201 val_prec_macro=0.4714 val_rec_macro=0.4666 val_metric_name=acc val_metric=0.5205
Step 3850 | loss 0.2392 | val_acc=0.5226 val_loss=3.4078 val_f1_macro=0.4694 val_f1_weighted=0.5219 val_prec_macro=0.4734 val_rec_macro=0.4663 val_metric_name=acc val_metric=0.5226
Step 3900 | loss 0.2319 | val_acc=0.5213 val_loss=3.4039 val_f1_macro=0.4702 val_f1_weighted=0.5208 val_prec_macro=0.4729 val_rec_macro=0.4679 val_metric_name=acc val_metric=0.5213
Step 3950 | loss 0.2381 | val_acc=0.5221 val_loss=3.4607 val_f1_macro=0.4682 val_f1_weighted=0.5212 val_prec_macro=0.4718 val_rec_macro=0.4652 val_metric_name=acc val_metric=0.5221
Step 4000 | loss 0.2278 | val_acc=0.5221 val_loss=3.4242 val_f1_macro=0.4690 val_f1_weighted=0.5213 val_prec_macro=0.4731 val_rec_macro=0.4654 val_metric_name=acc val_metric=0.5221
Step 4050 | loss 0.2420 | val_acc=0.5225 val_loss=3.4331 val_f1_macro=0.4687 val_f1_weighted=0.5216 val_prec_macro=0.4745 val_rec_macro=0.4639 val_metric_name=acc val_metric=0.5225
Step 4100 | loss 0.2269 | val_acc=0.5249 val_loss=3.4462 val_f1_macro=0.4749 val_f1_weighted=0.5243 val_prec_macro=0.4791 val_rec_macro=0.4714 val_metric_name=acc val_metric=0.5249
Step 4150 | loss 0.2210 | val_acc=0.5239 val_loss=3.4987 val_f1_macro=0.4722 val_f1_weighted=0.5241 val_prec_macro=0.4718 val_rec_macro=0.4729 val_metric_name=acc val_metric=0.5239
Step 4200 | loss 0.2226 | val_acc=0.5238 val_loss=3.4752 val_f1_macro=0.4716 val_f1_weighted=0.5230 val_prec_macro=0.4758 val_rec_macro=0.4682 val_metric_name=acc val_metric=0.5238
Step 4250 | loss 0.2136 | val_acc=0.5220 val_loss=3.5146 val_f1_macro=0.4726 val_f1_weighted=0.5221 val_prec_macro=0.4753 val_rec_macro=0.4707 val_metric_name=acc val_metric=0.5220
Step 4300 | loss 0.2148 | val_acc=0.5221 val_loss=3.5310 val_f1_macro=0.4716 val_f1_weighted=0.5213 val_prec_macro=0.4772 val_rec_macro=0.4669 val_metric_name=acc val_metric=0.5221
Step 4350 | loss 0.2030 | val_acc=0.5223 val_loss=3.5508 val_f1_macro=0.4708 val_f1_weighted=0.5216 val_prec_macro=0.4750 val_rec_macro=0.4673 val_metric_name=acc val_metric=0.5223
Early stopping at step 4398

--- Final (best ckpt @ step 4060) ---
  train_acc=0.9730 train_loss=0.0837 train_f1_macro=0.9699 train_f1_weighted=0.9730 train_prec_macro=0.9685 train_rec_macro=0.9714 train_metric_name=acc train_metric=0.9730
  val_acc=0.5262 val_loss=3.4673 val_f1_macro=0.4738 val_f1_weighted=0.5252 val_prec_macro=0.4789 val_rec_macro=0.4696 val_metric_name=acc val_metric=0.5262
  test_acc=0.5180 test_loss=3.5322 test_f1_macro=0.4546 test_f1_weighted=0.5169 test_prec_macro=0.4590 test_rec_macro=0.4512 test_metric_name=acc test_metric=0.5180
  test_acc=0.5180

============================================================
Training amazon-ratings GAT 4L h=256 lr=1e-05 split=4
============================================================
Training for 5000 steps
Step    1 | loss 1.8152 | val_acc=0.1374 val_loss=1.7522 val_f1_macro=0.0961 val_f1_weighted=0.1015 val_prec_macro=0.1666 val_rec_macro=0.2043 val_metric_name=acc val_metric=0.1374
Step   50 | loss 1.4505 | val_acc=0.3680 val_loss=1.4277 val_f1_macro=0.1130 val_f1_weighted=0.2049 val_prec_macro=0.2269 val_rec_macro=0.2009 val_metric_name=acc val_metric=0.3680
Step  100 | loss 1.4366 | val_acc=0.3704 val_loss=1.4049 val_f1_macro=0.1247 val_f1_weighted=0.2206 val_prec_macro=0.1505 val_rec_macro=0.2041 val_metric_name=acc val_metric=0.3704
Step  150 | loss 1.4202 | val_acc=0.3771 val_loss=1.3941 val_f1_macro=0.1512 val_f1_weighted=0.2556 val_prec_macro=0.1825 val_rec_macro=0.2136 val_metric_name=acc val_metric=0.3771
Step  200 | loss 1.4105 | val_acc=0.3884 val_loss=1.3834 val_f1_macro=0.1728 val_f1_weighted=0.2842 val_prec_macro=0.1768 val_rec_macro=0.2264 val_metric_name=acc val_metric=0.3884
Step  250 | loss 1.4032 | val_acc=0.4034 val_loss=1.3722 val_f1_macro=0.1924 val_f1_weighted=0.3097 val_prec_macro=0.2129 val_rec_macro=0.2420 val_metric_name=acc val_metric=0.4034
Step  300 | loss 1.3878 | val_acc=0.4099 val_loss=1.3625 val_f1_macro=0.2055 val_f1_weighted=0.3255 val_prec_macro=0.2297 val_rec_macro=0.2511 val_metric_name=acc val_metric=0.4099
Step  350 | loss 1.3696 | val_acc=0.4171 val_loss=1.3543 val_f1_macro=0.2181 val_f1_weighted=0.3406 val_prec_macro=0.2355 val_rec_macro=0.2600 val_metric_name=acc val_metric=0.4171
Step  400 | loss 1.3646 | val_acc=0.4241 val_loss=1.3472 val_f1_macro=0.2275 val_f1_weighted=0.3521 val_prec_macro=0.2406 val_rec_macro=0.2679 val_metric_name=acc val_metric=0.4241
Step  450 | loss 1.3520 | val_acc=0.4281 val_loss=1.3407 val_f1_macro=0.2338 val_f1_weighted=0.3598 val_prec_macro=0.2402 val_rec_macro=0.2726 val_metric_name=acc val_metric=0.4281
Step  500 | loss 1.3477 | val_acc=0.4269 val_loss=1.3341 val_f1_macro=0.2386 val_f1_weighted=0.3646 val_prec_macro=0.2403 val_rec_macro=0.2745 val_metric_name=acc val_metric=0.4269
Step  550 | loss 1.3361 | val_acc=0.4264 val_loss=1.3307 val_f1_macro=0.2414 val_f1_weighted=0.3673 val_prec_macro=0.2375 val_rec_macro=0.2771 val_metric_name=acc val_metric=0.4264
Step  600 | loss 1.3345 | val_acc=0.4240 val_loss=1.3269 val_f1_macro=0.2435 val_f1_weighted=0.3673 val_prec_macro=0.3350 val_rec_macro=0.2781 val_metric_name=acc val_metric=0.4240
Step  650 | loss 1.3211 | val_acc=0.4290 val_loss=1.3194 val_f1_macro=0.2561 val_f1_weighted=0.3815 val_prec_macro=0.3187 val_rec_macro=0.2852 val_metric_name=acc val_metric=0.4290
Step  700 | loss 1.3084 | val_acc=0.4290 val_loss=1.3172 val_f1_macro=0.2606 val_f1_weighted=0.3837 val_prec_macro=0.3881 val_rec_macro=0.2884 val_metric_name=acc val_metric=0.4290
Step  750 | loss 1.3038 | val_acc=0.4303 val_loss=1.3180 val_f1_macro=0.2650 val_f1_weighted=0.3859 val_prec_macro=0.4085 val_rec_macro=0.2922 val_metric_name=acc val_metric=0.4303
Step  800 | loss 1.2935 | val_acc=0.4343 val_loss=1.3151 val_f1_macro=0.2763 val_f1_weighted=0.3927 val_prec_macro=0.4373 val_rec_macro=0.2986 val_metric_name=acc val_metric=0.4343
Step  850 | loss 1.2841 | val_acc=0.4369 val_loss=1.3103 val_f1_macro=0.2862 val_f1_weighted=0.3980 val_prec_macro=0.4534 val_rec_macro=0.3039 val_metric_name=acc val_metric=0.4369
Step  900 | loss 1.2828 | val_acc=0.4423 val_loss=1.3058 val_f1_macro=0.2988 val_f1_weighted=0.4076 val_prec_macro=0.4605 val_rec_macro=0.3114 val_metric_name=acc val_metric=0.4423
Step  950 | loss 1.2738 | val_acc=0.4428 val_loss=1.3063 val_f1_macro=0.2984 val_f1_weighted=0.4076 val_prec_macro=0.4409 val_rec_macro=0.3124 val_metric_name=acc val_metric=0.4428
Step 1000 | loss 1.2673 | val_acc=0.4452 val_loss=1.3061 val_f1_macro=0.3071 val_f1_weighted=0.4127 val_prec_macro=0.4103 val_rec_macro=0.3180 val_metric_name=acc val_metric=0.4452
Step 1050 | loss 1.2548 | val_acc=0.4452 val_loss=1.3041 val_f1_macro=0.3136 val_f1_weighted=0.4134 val_prec_macro=0.4093 val_rec_macro=0.3203 val_metric_name=acc val_metric=0.4452
Step 1100 | loss 1.2519 | val_acc=0.4485 val_loss=1.3052 val_f1_macro=0.3146 val_f1_weighted=0.4162 val_prec_macro=0.3953 val_rec_macro=0.3223 val_metric_name=acc val_metric=0.4485
Step 1150 | loss 1.2359 | val_acc=0.4527 val_loss=1.3035 val_f1_macro=0.3264 val_f1_weighted=0.4221 val_prec_macro=0.4129 val_rec_macro=0.3305 val_metric_name=acc val_metric=0.4527
Step 1200 | loss 1.2338 | val_acc=0.4540 val_loss=1.3052 val_f1_macro=0.3273 val_f1_weighted=0.4235 val_prec_macro=0.4164 val_rec_macro=0.3300 val_metric_name=acc val_metric=0.4540
Step 1250 | loss 1.2248 | val_acc=0.4544 val_loss=1.3013 val_f1_macro=0.3320 val_f1_weighted=0.4251 val_prec_macro=0.4145 val_rec_macro=0.3334 val_metric_name=acc val_metric=0.4544
Step 1300 | loss 1.2201 | val_acc=0.4563 val_loss=1.3019 val_f1_macro=0.3340 val_f1_weighted=0.4272 val_prec_macro=0.4158 val_rec_macro=0.3349 val_metric_name=acc val_metric=0.4563
Step 1350 | loss 1.2141 | val_acc=0.4571 val_loss=1.3004 val_f1_macro=0.3397 val_f1_weighted=0.4291 val_prec_macro=0.4219 val_rec_macro=0.3387 val_metric_name=acc val_metric=0.4571
Step 1400 | loss 1.2004 | val_acc=0.4581 val_loss=1.3036 val_f1_macro=0.3417 val_f1_weighted=0.4313 val_prec_macro=0.4217 val_rec_macro=0.3410 val_metric_name=acc val_metric=0.4581
Step 1450 | loss 1.1969 | val_acc=0.4586 val_loss=1.3013 val_f1_macro=0.3401 val_f1_weighted=0.4315 val_prec_macro=0.4232 val_rec_macro=0.3388 val_metric_name=acc val_metric=0.4586
Step 1500 | loss 1.1898 | val_acc=0.4561 val_loss=1.3050 val_f1_macro=0.3439 val_f1_weighted=0.4308 val_prec_macro=0.4191 val_rec_macro=0.3418 val_metric_name=acc val_metric=0.4561
Step 1550 | loss 1.1798 | val_acc=0.4614 val_loss=1.3042 val_f1_macro=0.3481 val_f1_weighted=0.4359 val_prec_macro=0.4157 val_rec_macro=0.3445 val_metric_name=acc val_metric=0.4614
Step 1600 | loss 1.1741 | val_acc=0.4620 val_loss=1.3046 val_f1_macro=0.3482 val_f1_weighted=0.4362 val_prec_macro=0.4201 val_rec_macro=0.3446 val_metric_name=acc val_metric=0.4620
Step 1650 | loss 1.1691 | val_acc=0.4663 val_loss=1.3080 val_f1_macro=0.3557 val_f1_weighted=0.4408 val_prec_macro=0.4232 val_rec_macro=0.3510 val_metric_name=acc val_metric=0.4663
Step 1700 | loss 1.1552 | val_acc=0.4666 val_loss=1.3112 val_f1_macro=0.3575 val_f1_weighted=0.4415 val_prec_macro=0.4241 val_rec_macro=0.3526 val_metric_name=acc val_metric=0.4666
Step 1750 | loss 1.1532 | val_acc=0.4645 val_loss=1.3077 val_f1_macro=0.3582 val_f1_weighted=0.4412 val_prec_macro=0.4189 val_rec_macro=0.3519 val_metric_name=acc val_metric=0.4645
Step 1800 | loss 1.1435 | val_acc=0.4650 val_loss=1.3107 val_f1_macro=0.3570 val_f1_weighted=0.4415 val_prec_macro=0.4163 val_rec_macro=0.3504 val_metric_name=acc val_metric=0.4650
Step 1850 | loss 1.1408 | val_acc=0.4656 val_loss=1.3079 val_f1_macro=0.3627 val_f1_weighted=0.4442 val_prec_macro=0.4223 val_rec_macro=0.3546 val_metric_name=acc val_metric=0.4656
Step 1900 | loss 1.1338 | val_acc=0.4679 val_loss=1.3133 val_f1_macro=0.3655 val_f1_weighted=0.4471 val_prec_macro=0.4164 val_rec_macro=0.3583 val_metric_name=acc val_metric=0.4679
Step 1950 | loss 1.1303 | val_acc=0.4658 val_loss=1.3155 val_f1_macro=0.3668 val_f1_weighted=0.4462 val_prec_macro=0.4174 val_rec_macro=0.3594 val_metric_name=acc val_metric=0.4658
Step 2000 | loss 1.1232 | val_acc=0.4658 val_loss=1.3176 val_f1_macro=0.3677 val_f1_weighted=0.4460 val_prec_macro=0.4162 val_rec_macro=0.3612 val_metric_name=acc val_metric=0.4658
Step 2050 | loss 1.1179 | val_acc=0.4677 val_loss=1.3218 val_f1_macro=0.3712 val_f1_weighted=0.4481 val_prec_macro=0.4179 val_rec_macro=0.3643 val_metric_name=acc val_metric=0.4677
Step 2100 | loss 1.1105 | val_acc=0.4669 val_loss=1.3194 val_f1_macro=0.3677 val_f1_weighted=0.4471 val_prec_macro=0.4230 val_rec_macro=0.3587 val_metric_name=acc val_metric=0.4669
Step 2150 | loss 1.1039 | val_acc=0.4686 val_loss=1.3233 val_f1_macro=0.3801 val_f1_weighted=0.4521 val_prec_macro=0.4268 val_rec_macro=0.3695 val_metric_name=acc val_metric=0.4686
Step 2200 | loss 1.0954 | val_acc=0.4684 val_loss=1.3250 val_f1_macro=0.3791 val_f1_weighted=0.4522 val_prec_macro=0.4269 val_rec_macro=0.3687 val_metric_name=acc val_metric=0.4684
Step 2250 | loss 1.0886 | val_acc=0.4692 val_loss=1.3263 val_f1_macro=0.3809 val_f1_weighted=0.4537 val_prec_macro=0.4294 val_rec_macro=0.3694 val_metric_name=acc val_metric=0.4692
Step 2300 | loss 1.0882 | val_acc=0.4712 val_loss=1.3269 val_f1_macro=0.3854 val_f1_weighted=0.4556 val_prec_macro=0.4331 val_rec_macro=0.3732 val_metric_name=acc val_metric=0.4712
Step 2350 | loss 1.0761 | val_acc=0.4695 val_loss=1.3354 val_f1_macro=0.3843 val_f1_weighted=0.4549 val_prec_macro=0.4276 val_rec_macro=0.3736 val_metric_name=acc val_metric=0.4695
Step 2400 | loss 1.0788 | val_acc=0.4702 val_loss=1.3339 val_f1_macro=0.3835 val_f1_weighted=0.4549 val_prec_macro=0.4273 val_rec_macro=0.3724 val_metric_name=acc val_metric=0.4702
Step 2450 | loss 1.0716 | val_acc=0.4713 val_loss=1.3373 val_f1_macro=0.3861 val_f1_weighted=0.4572 val_prec_macro=0.4293 val_rec_macro=0.3750 val_metric_name=acc val_metric=0.4713
Step 2500 | loss 1.0708 | val_acc=0.4710 val_loss=1.3382 val_f1_macro=0.3846 val_f1_weighted=0.4560 val_prec_macro=0.4300 val_rec_macro=0.3737 val_metric_name=acc val_metric=0.4710
Step 2550 | loss 1.0558 | val_acc=0.4728 val_loss=1.3436 val_f1_macro=0.3875 val_f1_weighted=0.4585 val_prec_macro=0.4273 val_rec_macro=0.3769 val_metric_name=acc val_metric=0.4728
Step 2600 | loss 1.0544 | val_acc=0.4751 val_loss=1.3480 val_f1_macro=0.3905 val_f1_weighted=0.4617 val_prec_macro=0.4304 val_rec_macro=0.3793 val_metric_name=acc val_metric=0.4751
Step 2650 | loss 1.0504 | val_acc=0.4744 val_loss=1.3510 val_f1_macro=0.3932 val_f1_weighted=0.4629 val_prec_macro=0.4270 val_rec_macro=0.3825 val_metric_name=acc val_metric=0.4744
Step 2700 | loss 1.0445 | val_acc=0.4774 val_loss=1.3578 val_f1_macro=0.3947 val_f1_weighted=0.4647 val_prec_macro=0.4321 val_rec_macro=0.3832 val_metric_name=acc val_metric=0.4774
Step 2750 | loss 1.0398 | val_acc=0.4741 val_loss=1.3580 val_f1_macro=0.3929 val_f1_weighted=0.4621 val_prec_macro=0.4246 val_rec_macro=0.3820 val_metric_name=acc val_metric=0.4741
Step 2800 | loss 1.0261 | val_acc=0.4749 val_loss=1.3644 val_f1_macro=0.3959 val_f1_weighted=0.4632 val_prec_macro=0.4259 val_rec_macro=0.3853 val_metric_name=acc val_metric=0.4749
Step 2850 | loss 1.0327 | val_acc=0.4798 val_loss=1.3634 val_f1_macro=0.4010 val_f1_weighted=0.4676 val_prec_macro=0.4355 val_rec_macro=0.3889 val_metric_name=acc val_metric=0.4798
Step 2900 | loss 1.0209 | val_acc=0.4766 val_loss=1.3658 val_f1_macro=0.3962 val_f1_weighted=0.4636 val_prec_macro=0.4305 val_rec_macro=0.3849 val_metric_name=acc val_metric=0.4766
Step 2950 | loss 1.0200 | val_acc=0.4780 val_loss=1.3743 val_f1_macro=0.4046 val_f1_weighted=0.4675 val_prec_macro=0.4321 val_rec_macro=0.3937 val_metric_name=acc val_metric=0.4780
Step 3000 | loss 1.0194 | val_acc=0.4782 val_loss=1.3760 val_f1_macro=0.3996 val_f1_weighted=0.4665 val_prec_macro=0.4312 val_rec_macro=0.3879 val_metric_name=acc val_metric=0.4782
Step 3050 | loss 1.0097 | val_acc=0.4764 val_loss=1.3819 val_f1_macro=0.4018 val_f1_weighted=0.4659 val_prec_macro=0.4306 val_rec_macro=0.3904 val_metric_name=acc val_metric=0.4764
Step 3100 | loss 1.0043 | val_acc=0.4756 val_loss=1.3827 val_f1_macro=0.4001 val_f1_weighted=0.4646 val_prec_macro=0.4299 val_rec_macro=0.3890 val_metric_name=acc val_metric=0.4756
Step 3150 | loss 0.9995 | val_acc=0.4749 val_loss=1.3877 val_f1_macro=0.4008 val_f1_weighted=0.4650 val_prec_macro=0.4252 val_rec_macro=0.3906 val_metric_name=acc val_metric=0.4749
Step 3200 | loss 0.9967 | val_acc=0.4766 val_loss=1.3917 val_f1_macro=0.4014 val_f1_weighted=0.4661 val_prec_macro=0.4272 val_rec_macro=0.3907 val_metric_name=acc val_metric=0.4766
Step 3250 | loss 0.9939 | val_acc=0.4744 val_loss=1.3940 val_f1_macro=0.4035 val_f1_weighted=0.4649 val_prec_macro=0.4267 val_rec_macro=0.3932 val_metric_name=acc val_metric=0.4744
Step 3300 | loss 0.9814 | val_acc=0.4738 val_loss=1.4011 val_f1_macro=0.4001 val_f1_weighted=0.4639 val_prec_macro=0.4210 val_rec_macro=0.3913 val_metric_name=acc val_metric=0.4738
Step 3350 | loss 0.9805 | val_acc=0.4759 val_loss=1.4015 val_f1_macro=0.4031 val_f1_weighted=0.4662 val_prec_macro=0.4251 val_rec_macro=0.3933 val_metric_name=acc val_metric=0.4759
Early stopping at step 3388

--- Final (best ckpt @ step 2850) ---
  train_acc=0.5985 train_loss=0.9349 train_f1_macro=0.5339 train_f1_weighted=0.5900 train_prec_macro=0.5769 train_rec_macro=0.5133 train_metric_name=acc train_metric=0.5985
  val_acc=0.4798 val_loss=1.3634 val_f1_macro=0.4010 val_f1_weighted=0.4676 val_prec_macro=0.4355 val_rec_macro=0.3889 val_metric_name=acc val_metric=0.4798
  test_acc=0.4841 test_loss=1.3850 test_f1_macro=0.3932 test_f1_weighted=0.4723 test_prec_macro=0.4183 test_rec_macro=0.3845 test_metric_name=acc test_metric=0.4841
  test_acc=0.4841

============================================================
Training amazon-ratings GAT 4L h=384 lr=3e-05 split=4
============================================================
Training for 5000 steps
Step    1 | loss 1.8816 | val_acc=0.3317 val_loss=1.5455 val_f1_macro=0.1482 val_f1_weighted=0.2374 val_prec_macro=0.1561 val_rec_macro=0.1999 val_metric_name=acc val_metric=0.3317
Step   50 | loss 1.4221 | val_acc=0.3820 val_loss=1.4031 val_f1_macro=0.1512 val_f1_weighted=0.2563 val_prec_macro=0.1590 val_rec_macro=0.2157 val_metric_name=acc val_metric=0.3820
Step  100 | loss 1.3828 | val_acc=0.4013 val_loss=1.3633 val_f1_macro=0.1827 val_f1_weighted=0.2979 val_prec_macro=0.1912 val_rec_macro=0.2355 val_metric_name=acc val_metric=0.4013
Step  150 | loss 1.3484 | val_acc=0.4184 val_loss=1.3353 val_f1_macro=0.2222 val_f1_weighted=0.3462 val_prec_macro=0.2392 val_rec_macro=0.2575 val_metric_name=acc val_metric=0.4184
Step  200 | loss 1.3142 | val_acc=0.4258 val_loss=1.3214 val_f1_macro=0.2494 val_f1_weighted=0.3757 val_prec_macro=0.2825 val_rec_macro=0.2708 val_metric_name=acc val_metric=0.4258
Step  250 | loss 1.2881 | val_acc=0.4372 val_loss=1.3081 val_f1_macro=0.2765 val_f1_weighted=0.3952 val_prec_macro=0.3723 val_rec_macro=0.2891 val_metric_name=acc val_metric=0.4372
Step  300 | loss 1.2605 | val_acc=0.4463 val_loss=1.3047 val_f1_macro=0.2997 val_f1_weighted=0.4069 val_prec_macro=0.4091 val_rec_macro=0.3043 val_metric_name=acc val_metric=0.4463
Step  350 | loss 1.2350 | val_acc=0.4503 val_loss=1.2968 val_f1_macro=0.3287 val_f1_weighted=0.4227 val_prec_macro=0.4048 val_rec_macro=0.3224 val_metric_name=acc val_metric=0.4503
Step  400 | loss 1.2003 | val_acc=0.4544 val_loss=1.2971 val_f1_macro=0.3410 val_f1_weighted=0.4290 val_prec_macro=0.4155 val_rec_macro=0.3318 val_metric_name=acc val_metric=0.4544
Step  450 | loss 1.1743 | val_acc=0.4615 val_loss=1.3049 val_f1_macro=0.3499 val_f1_weighted=0.4346 val_prec_macro=0.4190 val_rec_macro=0.3413 val_metric_name=acc val_metric=0.4615
Step  500 | loss 1.1579 | val_acc=0.4658 val_loss=1.3072 val_f1_macro=0.3611 val_f1_weighted=0.4403 val_prec_macro=0.4229 val_rec_macro=0.3511 val_metric_name=acc val_metric=0.4658
Step  550 | loss 1.1323 | val_acc=0.4689 val_loss=1.3196 val_f1_macro=0.3678 val_f1_weighted=0.4453 val_prec_macro=0.4271 val_rec_macro=0.3556 val_metric_name=acc val_metric=0.4689
Step  600 | loss 1.1005 | val_acc=0.4725 val_loss=1.3253 val_f1_macro=0.3797 val_f1_weighted=0.4563 val_prec_macro=0.4161 val_rec_macro=0.3703 val_metric_name=acc val_metric=0.4725
Step  650 | loss 1.0794 | val_acc=0.4676 val_loss=1.3340 val_f1_macro=0.3783 val_f1_weighted=0.4491 val_prec_macro=0.4296 val_rec_macro=0.3647 val_metric_name=acc val_metric=0.4676
Step  700 | loss 1.0535 | val_acc=0.4710 val_loss=1.3543 val_f1_macro=0.3867 val_f1_weighted=0.4560 val_prec_macro=0.4319 val_rec_macro=0.3724 val_metric_name=acc val_metric=0.4710
Step  750 | loss 1.0382 | val_acc=0.4741 val_loss=1.3647 val_f1_macro=0.3990 val_f1_weighted=0.4636 val_prec_macro=0.4300 val_rec_macro=0.3859 val_metric_name=acc val_metric=0.4741
Step  800 | loss 1.0151 | val_acc=0.4740 val_loss=1.3776 val_f1_macro=0.3998 val_f1_weighted=0.4645 val_prec_macro=0.4290 val_rec_macro=0.3878 val_metric_name=acc val_metric=0.4740
Step  850 | loss 0.9995 | val_acc=0.4705 val_loss=1.3948 val_f1_macro=0.4013 val_f1_weighted=0.4622 val_prec_macro=0.4205 val_rec_macro=0.3921 val_metric_name=acc val_metric=0.4705
Step  900 | loss 0.9779 | val_acc=0.4731 val_loss=1.4147 val_f1_macro=0.4000 val_f1_weighted=0.4651 val_prec_macro=0.4186 val_rec_macro=0.3918 val_metric_name=acc val_metric=0.4731
Step  950 | loss 0.9676 | val_acc=0.4744 val_loss=1.4333 val_f1_macro=0.4057 val_f1_weighted=0.4678 val_prec_macro=0.4214 val_rec_macro=0.3970 val_metric_name=acc val_metric=0.4744
Step 1000 | loss 0.9437 | val_acc=0.4744 val_loss=1.4435 val_f1_macro=0.4052 val_f1_weighted=0.4674 val_prec_macro=0.4182 val_rec_macro=0.3985 val_metric_name=acc val_metric=0.4744
Step 1050 | loss 0.9254 | val_acc=0.4784 val_loss=1.4632 val_f1_macro=0.4092 val_f1_weighted=0.4717 val_prec_macro=0.4259 val_rec_macro=0.4000 val_metric_name=acc val_metric=0.4784
Step 1100 | loss 0.9130 | val_acc=0.4767 val_loss=1.4841 val_f1_macro=0.4098 val_f1_weighted=0.4699 val_prec_macro=0.4226 val_rec_macro=0.4029 val_metric_name=acc val_metric=0.4767
Step 1150 | loss 0.9051 | val_acc=0.4766 val_loss=1.5020 val_f1_macro=0.4079 val_f1_weighted=0.4700 val_prec_macro=0.4177 val_rec_macro=0.4031 val_metric_name=acc val_metric=0.4766
Step 1200 | loss 0.8892 | val_acc=0.4751 val_loss=1.5215 val_f1_macro=0.4079 val_f1_weighted=0.4697 val_prec_macro=0.4150 val_rec_macro=0.4041 val_metric_name=acc val_metric=0.4751
Step 1250 | loss 0.8738 | val_acc=0.4803 val_loss=1.5505 val_f1_macro=0.4140 val_f1_weighted=0.4753 val_prec_macro=0.4229 val_rec_macro=0.4090 val_metric_name=acc val_metric=0.4803
Step 1300 | loss 0.8611 | val_acc=0.4761 val_loss=1.5678 val_f1_macro=0.4087 val_f1_weighted=0.4713 val_prec_macro=0.4134 val_rec_macro=0.4076 val_metric_name=acc val_metric=0.4761
Step 1350 | loss 0.8475 | val_acc=0.4761 val_loss=1.5838 val_f1_macro=0.4072 val_f1_weighted=0.4704 val_prec_macro=0.4143 val_rec_macro=0.4040 val_metric_name=acc val_metric=0.4761
Step 1400 | loss 0.8367 | val_acc=0.4751 val_loss=1.6128 val_f1_macro=0.4073 val_f1_weighted=0.4700 val_prec_macro=0.4126 val_rec_macro=0.4057 val_metric_name=acc val_metric=0.4751
Step 1450 | loss 0.8249 | val_acc=0.4802 val_loss=1.6289 val_f1_macro=0.4121 val_f1_weighted=0.4757 val_prec_macro=0.4172 val_rec_macro=0.4102 val_metric_name=acc val_metric=0.4802
Step 1500 | loss 0.8068 | val_acc=0.4820 val_loss=1.6644 val_f1_macro=0.4150 val_f1_weighted=0.4787 val_prec_macro=0.4181 val_rec_macro=0.4140 val_metric_name=acc val_metric=0.4820
Step 1550 | loss 0.7993 | val_acc=0.4836 val_loss=1.6695 val_f1_macro=0.4122 val_f1_weighted=0.4791 val_prec_macro=0.4167 val_rec_macro=0.4108 val_metric_name=acc val_metric=0.4836
Step 1600 | loss 0.7888 | val_acc=0.4844 val_loss=1.7004 val_f1_macro=0.4128 val_f1_weighted=0.4794 val_prec_macro=0.4192 val_rec_macro=0.4099 val_metric_name=acc val_metric=0.4844
Step 1650 | loss 0.7726 | val_acc=0.4831 val_loss=1.7166 val_f1_macro=0.4172 val_f1_weighted=0.4804 val_prec_macro=0.4188 val_rec_macro=0.4174 val_metric_name=acc val_metric=0.4831
Step 1700 | loss 0.7691 | val_acc=0.4860 val_loss=1.7493 val_f1_macro=0.4194 val_f1_weighted=0.4830 val_prec_macro=0.4228 val_rec_macro=0.4176 val_metric_name=acc val_metric=0.4860
Step 1750 | loss 0.7479 | val_acc=0.4873 val_loss=1.7684 val_f1_macro=0.4189 val_f1_weighted=0.4853 val_prec_macro=0.4199 val_rec_macro=0.4192 val_metric_name=acc val_metric=0.4873
Step 1800 | loss 0.7339 | val_acc=0.4898 val_loss=1.8028 val_f1_macro=0.4222 val_f1_weighted=0.4867 val_prec_macro=0.4233 val_rec_macro=0.4238 val_metric_name=acc val_metric=0.4898
Step 1850 | loss 0.7300 | val_acc=0.4908 val_loss=1.8046 val_f1_macro=0.4255 val_f1_weighted=0.4877 val_prec_macro=0.4284 val_rec_macro=0.4245 val_metric_name=acc val_metric=0.4908
Step 1900 | loss 0.7260 | val_acc=0.4919 val_loss=1.8455 val_f1_macro=0.4235 val_f1_weighted=0.4885 val_prec_macro=0.4251 val_rec_macro=0.4250 val_metric_name=acc val_metric=0.4919
Step 1950 | loss 0.7111 | val_acc=0.4952 val_loss=1.8499 val_f1_macro=0.4350 val_f1_weighted=0.4925 val_prec_macro=0.4353 val_rec_macro=0.4370 val_metric_name=acc val_metric=0.4952
Step 2000 | loss 0.7021 | val_acc=0.4960 val_loss=1.8840 val_f1_macro=0.4326 val_f1_weighted=0.4928 val_prec_macro=0.4352 val_rec_macro=0.4320 val_metric_name=acc val_metric=0.4960
Step 2050 | loss 0.6898 | val_acc=0.4968 val_loss=1.9005 val_f1_macro=0.4292 val_f1_weighted=0.4933 val_prec_macro=0.4326 val_rec_macro=0.4279 val_metric_name=acc val_metric=0.4968
Step 2100 | loss 0.6832 | val_acc=0.4973 val_loss=1.9318 val_f1_macro=0.4312 val_f1_weighted=0.4944 val_prec_macro=0.4322 val_rec_macro=0.4326 val_metric_name=acc val_metric=0.4973
Step 2150 | loss 0.6691 | val_acc=0.4967 val_loss=1.9569 val_f1_macro=0.4319 val_f1_weighted=0.4939 val_prec_macro=0.4330 val_rec_macro=0.4327 val_metric_name=acc val_metric=0.4967
Step 2200 | loss 0.6674 | val_acc=0.4971 val_loss=1.9846 val_f1_macro=0.4342 val_f1_weighted=0.4941 val_prec_macro=0.4366 val_rec_macro=0.4341 val_metric_name=acc val_metric=0.4971
Step 2250 | loss 0.6486 | val_acc=0.4998 val_loss=2.0053 val_f1_macro=0.4378 val_f1_weighted=0.4977 val_prec_macro=0.4382 val_rec_macro=0.4392 val_metric_name=acc val_metric=0.4998
Step 2300 | loss 0.6416 | val_acc=0.4986 val_loss=2.0322 val_f1_macro=0.4368 val_f1_weighted=0.4964 val_prec_macro=0.4379 val_rec_macro=0.4371 val_metric_name=acc val_metric=0.4986
Step 2350 | loss 0.6314 | val_acc=0.4993 val_loss=2.0705 val_f1_macro=0.4367 val_f1_weighted=0.4971 val_prec_macro=0.4377 val_rec_macro=0.4372 val_metric_name=acc val_metric=0.4993
Step 2400 | loss 0.6272 | val_acc=0.4998 val_loss=2.0952 val_f1_macro=0.4376 val_f1_weighted=0.4979 val_prec_macro=0.4384 val_rec_macro=0.4382 val_metric_name=acc val_metric=0.4998
Step 2450 | loss 0.6218 | val_acc=0.5051 val_loss=2.1064 val_f1_macro=0.4441 val_f1_weighted=0.5026 val_prec_macro=0.4446 val_rec_macro=0.4462 val_metric_name=acc val_metric=0.5051
Step 2500 | loss 0.6112 | val_acc=0.5048 val_loss=2.1327 val_f1_macro=0.4442 val_f1_weighted=0.5027 val_prec_macro=0.4452 val_rec_macro=0.4447 val_metric_name=acc val_metric=0.5048
Step 2550 | loss 0.6007 | val_acc=0.5048 val_loss=2.1661 val_f1_macro=0.4436 val_f1_weighted=0.5029 val_prec_macro=0.4437 val_rec_macro=0.4449 val_metric_name=acc val_metric=0.5048
Step 2600 | loss 0.5913 | val_acc=0.5060 val_loss=2.1754 val_f1_macro=0.4447 val_f1_weighted=0.5033 val_prec_macro=0.4460 val_rec_macro=0.4456 val_metric_name=acc val_metric=0.5060
Step 2650 | loss 0.5866 | val_acc=0.5051 val_loss=2.2035 val_f1_macro=0.4452 val_f1_weighted=0.5025 val_prec_macro=0.4471 val_rec_macro=0.4451 val_metric_name=acc val_metric=0.5051
Step 2700 | loss 0.5758 | val_acc=0.5060 val_loss=2.2484 val_f1_macro=0.4480 val_f1_weighted=0.5039 val_prec_macro=0.4488 val_rec_macro=0.4487 val_metric_name=acc val_metric=0.5060
Step 2750 | loss 0.5576 | val_acc=0.5042 val_loss=2.2576 val_f1_macro=0.4427 val_f1_weighted=0.5024 val_prec_macro=0.4431 val_rec_macro=0.4439 val_metric_name=acc val_metric=0.5042
Step 2800 | loss 0.5613 | val_acc=0.5019 val_loss=2.3118 val_f1_macro=0.4449 val_f1_weighted=0.5005 val_prec_macro=0.4437 val_rec_macro=0.4478 val_metric_name=acc val_metric=0.5019
Step 2850 | loss 0.5463 | val_acc=0.5053 val_loss=2.3066 val_f1_macro=0.4454 val_f1_weighted=0.5038 val_prec_macro=0.4447 val_rec_macro=0.4480 val_metric_name=acc val_metric=0.5053
Step 2900 | loss 0.5432 | val_acc=0.5068 val_loss=2.3466 val_f1_macro=0.4492 val_f1_weighted=0.5050 val_prec_macro=0.4497 val_rec_macro=0.4508 val_metric_name=acc val_metric=0.5068
Step 2950 | loss 0.5399 | val_acc=0.5069 val_loss=2.3551 val_f1_macro=0.4492 val_f1_weighted=0.5057 val_prec_macro=0.4486 val_rec_macro=0.4514 val_metric_name=acc val_metric=0.5069
Step 3000 | loss 0.5259 | val_acc=0.5073 val_loss=2.3832 val_f1_macro=0.4507 val_f1_weighted=0.5060 val_prec_macro=0.4497 val_rec_macro=0.4536 val_metric_name=acc val_metric=0.5073
Step 3050 | loss 0.5172 | val_acc=0.5087 val_loss=2.4119 val_f1_macro=0.4533 val_f1_weighted=0.5077 val_prec_macro=0.4520 val_rec_macro=0.4562 val_metric_name=acc val_metric=0.5087
Step 3100 | loss 0.5125 | val_acc=0.5084 val_loss=2.4400 val_f1_macro=0.4522 val_f1_weighted=0.5070 val_prec_macro=0.4513 val_rec_macro=0.4546 val_metric_name=acc val_metric=0.5084
Step 3150 | loss 0.5032 | val_acc=0.5063 val_loss=2.4416 val_f1_macro=0.4501 val_f1_weighted=0.5053 val_prec_macro=0.4486 val_rec_macro=0.4529 val_metric_name=acc val_metric=0.5063
Step 3200 | loss 0.5023 | val_acc=0.5076 val_loss=2.4915 val_f1_macro=0.4528 val_f1_weighted=0.5067 val_prec_macro=0.4513 val_rec_macro=0.4559 val_metric_name=acc val_metric=0.5076
Step 3250 | loss 0.4915 | val_acc=0.5107 val_loss=2.4996 val_f1_macro=0.4540 val_f1_weighted=0.5090 val_prec_macro=0.4556 val_rec_macro=0.4542 val_metric_name=acc val_metric=0.5107
Step 3300 | loss 0.4902 | val_acc=0.5115 val_loss=2.5342 val_f1_macro=0.4564 val_f1_weighted=0.5102 val_prec_macro=0.4566 val_rec_macro=0.4577 val_metric_name=acc val_metric=0.5115
Step 3350 | loss 0.4748 | val_acc=0.5099 val_loss=2.5594 val_f1_macro=0.4529 val_f1_weighted=0.5091 val_prec_macro=0.4517 val_rec_macro=0.4554 val_metric_name=acc val_metric=0.5099
Step 3400 | loss 0.4680 | val_acc=0.5099 val_loss=2.5795 val_f1_macro=0.4540 val_f1_weighted=0.5092 val_prec_macro=0.4522 val_rec_macro=0.4578 val_metric_name=acc val_metric=0.5099
Step 3450 | loss 0.4710 | val_acc=0.5099 val_loss=2.6176 val_f1_macro=0.4542 val_f1_weighted=0.5091 val_prec_macro=0.4532 val_rec_macro=0.4563 val_metric_name=acc val_metric=0.5099
Step 3500 | loss 0.4624 | val_acc=0.5130 val_loss=2.5915 val_f1_macro=0.4544 val_f1_weighted=0.5117 val_prec_macro=0.4539 val_rec_macro=0.4566 val_metric_name=acc val_metric=0.5130
Step 3550 | loss 0.4567 | val_acc=0.5099 val_loss=2.6232 val_f1_macro=0.4543 val_f1_weighted=0.5094 val_prec_macro=0.4518 val_rec_macro=0.4582 val_metric_name=acc val_metric=0.5099
Early stopping at step 3590

--- Final (best ckpt @ step 3290) ---
  train_acc=0.8683 train_loss=0.3178 train_f1_macro=0.8590 train_f1_weighted=0.8683 train_prec_macro=0.8554 train_rec_macro=0.8647 train_metric_name=acc train_metric=0.8683
  val_acc=0.5141 val_loss=2.5212 val_f1_macro=0.4584 val_f1_weighted=0.5129 val_prec_macro=0.4579 val_rec_macro=0.4606 val_metric_name=acc val_metric=0.5141
  test_acc=0.5007 test_loss=2.5778 test_f1_macro=0.4359 test_f1_weighted=0.5001 test_prec_macro=0.4354 test_rec_macro=0.4373 test_metric_name=acc test_metric=0.5007
  test_acc=0.5007

============================================================
Training amazon-ratings GAT 4L h=384 lr=6e-05 split=4
============================================================
Training for 5000 steps
Step    1 | loss 1.8816 | val_acc=0.3665 val_loss=1.4404 val_f1_macro=0.1129 val_f1_weighted=0.2038 val_prec_macro=0.1209 val_rec_macro=0.2004 val_metric_name=acc val_metric=0.3665
Step   50 | loss 1.4033 | val_acc=0.3905 val_loss=1.3796 val_f1_macro=0.1692 val_f1_weighted=0.2800 val_prec_macro=0.1640 val_rec_macro=0.2255 val_metric_name=acc val_metric=0.3905
Step  100 | loss 1.3453 | val_acc=0.4201 val_loss=1.3356 val_f1_macro=0.2258 val_f1_weighted=0.3506 val_prec_macro=0.2419 val_rec_macro=0.2593 val_metric_name=acc val_metric=0.4201
Step  150 | loss 1.3015 | val_acc=0.4310 val_loss=1.3142 val_f1_macro=0.2582 val_f1_weighted=0.3841 val_prec_macro=0.3113 val_rec_macro=0.2776 val_metric_name=acc val_metric=0.4310
Step  200 | loss 1.2510 | val_acc=0.4467 val_loss=1.3049 val_f1_macro=0.3098 val_f1_weighted=0.4143 val_prec_macro=0.4140 val_rec_macro=0.3090 val_metric_name=acc val_metric=0.4467
Step  250 | loss 1.2089 | val_acc=0.4588 val_loss=1.2983 val_f1_macro=0.3364 val_f1_weighted=0.4317 val_prec_macro=0.4125 val_rec_macro=0.3316 val_metric_name=acc val_metric=0.4588
Step  300 | loss 1.1595 | val_acc=0.4612 val_loss=1.3111 val_f1_macro=0.3512 val_f1_weighted=0.4338 val_prec_macro=0.4232 val_rec_macro=0.3399 val_metric_name=acc val_metric=0.4612
Step  350 | loss 1.1203 | val_acc=0.4668 val_loss=1.3157 val_f1_macro=0.3768 val_f1_weighted=0.4521 val_prec_macro=0.4120 val_rec_macro=0.3665 val_metric_name=acc val_metric=0.4668
Step  400 | loss 1.0740 | val_acc=0.4677 val_loss=1.3457 val_f1_macro=0.3820 val_f1_weighted=0.4538 val_prec_macro=0.4173 val_rec_macro=0.3695 val_metric_name=acc val_metric=0.4677
Step  450 | loss 1.0371 | val_acc=0.4695 val_loss=1.3638 val_f1_macro=0.3862 val_f1_weighted=0.4566 val_prec_macro=0.4281 val_rec_macro=0.3733 val_metric_name=acc val_metric=0.4695
Step  500 | loss 1.0123 | val_acc=0.4728 val_loss=1.3879 val_f1_macro=0.3971 val_f1_weighted=0.4606 val_prec_macro=0.4295 val_rec_macro=0.3850 val_metric_name=acc val_metric=0.4728
Step  550 | loss 0.9764 | val_acc=0.4759 val_loss=1.4133 val_f1_macro=0.4003 val_f1_weighted=0.4642 val_prec_macro=0.4255 val_rec_macro=0.3898 val_metric_name=acc val_metric=0.4759
Step  600 | loss 0.9404 | val_acc=0.4767 val_loss=1.4445 val_f1_macro=0.4107 val_f1_weighted=0.4700 val_prec_macro=0.4260 val_rec_macro=0.4032 val_metric_name=acc val_metric=0.4767
Step  650 | loss 0.9112 | val_acc=0.4787 val_loss=1.4764 val_f1_macro=0.4073 val_f1_weighted=0.4701 val_prec_macro=0.4221 val_rec_macro=0.4004 val_metric_name=acc val_metric=0.4787
Step  700 | loss 0.8868 | val_acc=0.4798 val_loss=1.5172 val_f1_macro=0.4124 val_f1_weighted=0.4740 val_prec_macro=0.4261 val_rec_macro=0.4041 val_metric_name=acc val_metric=0.4798
Step  750 | loss 0.8627 | val_acc=0.4744 val_loss=1.5505 val_f1_macro=0.4103 val_f1_weighted=0.4713 val_prec_macro=0.4134 val_rec_macro=0.4088 val_metric_name=acc val_metric=0.4744
Step  800 | loss 0.8382 | val_acc=0.4757 val_loss=1.5923 val_f1_macro=0.4089 val_f1_weighted=0.4723 val_prec_macro=0.4140 val_rec_macro=0.4070 val_metric_name=acc val_metric=0.4757
Step  850 | loss 0.8155 | val_acc=0.4797 val_loss=1.6283 val_f1_macro=0.4136 val_f1_weighted=0.4779 val_prec_macro=0.4133 val_rec_macro=0.4156 val_metric_name=acc val_metric=0.4797
Step  900 | loss 0.7877 | val_acc=0.4821 val_loss=1.6784 val_f1_macro=0.4186 val_f1_weighted=0.4792 val_prec_macro=0.4208 val_rec_macro=0.4189 val_metric_name=acc val_metric=0.4821
Step  950 | loss 0.7693 | val_acc=0.4872 val_loss=1.7115 val_f1_macro=0.4222 val_f1_weighted=0.4845 val_prec_macro=0.4239 val_rec_macro=0.4221 val_metric_name=acc val_metric=0.4872
Step 1000 | loss 0.7461 | val_acc=0.4898 val_loss=1.7659 val_f1_macro=0.4274 val_f1_weighted=0.4870 val_prec_macro=0.4274 val_rec_macro=0.4299 val_metric_name=acc val_metric=0.4898
Step 1050 | loss 0.7298 | val_acc=0.4927 val_loss=1.8067 val_f1_macro=0.4250 val_f1_weighted=0.4890 val_prec_macro=0.4285 val_rec_macro=0.4239 val_metric_name=acc val_metric=0.4927
Step 1100 | loss 0.7071 | val_acc=0.4949 val_loss=1.8687 val_f1_macro=0.4300 val_f1_weighted=0.4909 val_prec_macro=0.4337 val_rec_macro=0.4291 val_metric_name=acc val_metric=0.4949
Step 1150 | loss 0.6942 | val_acc=0.4942 val_loss=1.9101 val_f1_macro=0.4310 val_f1_weighted=0.4907 val_prec_macro=0.4333 val_rec_macro=0.4316 val_metric_name=acc val_metric=0.4942
Step 1200 | loss 0.6755 | val_acc=0.4965 val_loss=1.9348 val_f1_macro=0.4322 val_f1_weighted=0.4936 val_prec_macro=0.4338 val_rec_macro=0.4326 val_metric_name=acc val_metric=0.4965
Step 1250 | loss 0.6497 | val_acc=0.5012 val_loss=1.9820 val_f1_macro=0.4388 val_f1_weighted=0.4987 val_prec_macro=0.4410 val_rec_macro=0.4384 val_metric_name=acc val_metric=0.5012
Step 1300 | loss 0.6293 | val_acc=0.5004 val_loss=2.0372 val_f1_macro=0.4403 val_f1_weighted=0.4985 val_prec_macro=0.4406 val_rec_macro=0.4420 val_metric_name=acc val_metric=0.5004
Step 1350 | loss 0.6143 | val_acc=0.5020 val_loss=2.0870 val_f1_macro=0.4422 val_f1_weighted=0.5005 val_prec_macro=0.4413 val_rec_macro=0.4454 val_metric_name=acc val_metric=0.5020
Step 1400 | loss 0.5935 | val_acc=0.5073 val_loss=2.1201 val_f1_macro=0.4484 val_f1_weighted=0.5048 val_prec_macro=0.4494 val_rec_macro=0.4498 val_metric_name=acc val_metric=0.5073
Step 1450 | loss 0.5822 | val_acc=0.5029 val_loss=2.1745 val_f1_macro=0.4410 val_f1_weighted=0.5011 val_prec_macro=0.4417 val_rec_macro=0.4425 val_metric_name=acc val_metric=0.5029
Step 1500 | loss 0.5577 | val_acc=0.5035 val_loss=2.2352 val_f1_macro=0.4438 val_f1_weighted=0.5033 val_prec_macro=0.4415 val_rec_macro=0.4479 val_metric_name=acc val_metric=0.5035
Step 1550 | loss 0.5537 | val_acc=0.5071 val_loss=2.2962 val_f1_macro=0.4480 val_f1_weighted=0.5062 val_prec_macro=0.4464 val_rec_macro=0.4517 val_metric_name=acc val_metric=0.5071
Step 1600 | loss 0.5351 | val_acc=0.5056 val_loss=2.3043 val_f1_macro=0.4454 val_f1_weighted=0.5043 val_prec_macro=0.4456 val_rec_macro=0.4472 val_metric_name=acc val_metric=0.5056
Step 1650 | loss 0.5110 | val_acc=0.5061 val_loss=2.3729 val_f1_macro=0.4465 val_f1_weighted=0.5058 val_prec_macro=0.4444 val_rec_macro=0.4499 val_metric_name=acc val_metric=0.5061
Step 1700 | loss 0.5062 | val_acc=0.5050 val_loss=2.3874 val_f1_macro=0.4466 val_f1_weighted=0.5037 val_prec_macro=0.4466 val_rec_macro=0.4480 val_metric_name=acc val_metric=0.5050
Step 1750 | loss 0.4885 | val_acc=0.5099 val_loss=2.4293 val_f1_macro=0.4521 val_f1_weighted=0.5091 val_prec_macro=0.4516 val_rec_macro=0.4536 val_metric_name=acc val_metric=0.5099
Step 1800 | loss 0.4739 | val_acc=0.5094 val_loss=2.4927 val_f1_macro=0.4532 val_f1_weighted=0.5085 val_prec_macro=0.4517 val_rec_macro=0.4565 val_metric_name=acc val_metric=0.5094
Step 1850 | loss 0.4577 | val_acc=0.5104 val_loss=2.5211 val_f1_macro=0.4555 val_f1_weighted=0.5095 val_prec_macro=0.4549 val_rec_macro=0.4572 val_metric_name=acc val_metric=0.5104
Step 1900 | loss 0.4556 | val_acc=0.5104 val_loss=2.5599 val_f1_macro=0.4536 val_f1_weighted=0.5099 val_prec_macro=0.4522 val_rec_macro=0.4565 val_metric_name=acc val_metric=0.5104
Step 1950 | loss 0.4390 | val_acc=0.5099 val_loss=2.6146 val_f1_macro=0.4542 val_f1_weighted=0.5095 val_prec_macro=0.4530 val_rec_macro=0.4562 val_metric_name=acc val_metric=0.5099
Step 2000 | loss 0.4325 | val_acc=0.5118 val_loss=2.6560 val_f1_macro=0.4550 val_f1_weighted=0.5113 val_prec_macro=0.4544 val_rec_macro=0.4563 val_metric_name=acc val_metric=0.5118
Step 2050 | loss 0.4197 | val_acc=0.5105 val_loss=2.7234 val_f1_macro=0.4529 val_f1_weighted=0.5100 val_prec_macro=0.4525 val_rec_macro=0.4537 val_metric_name=acc val_metric=0.5105
Step 2100 | loss 0.4112 | val_acc=0.5151 val_loss=2.7428 val_f1_macro=0.4634 val_f1_weighted=0.5151 val_prec_macro=0.4600 val_rec_macro=0.4681 val_metric_name=acc val_metric=0.5151
Step 2150 | loss 0.3939 | val_acc=0.5130 val_loss=2.7951 val_f1_macro=0.4579 val_f1_weighted=0.5130 val_prec_macro=0.4556 val_rec_macro=0.4606 val_metric_name=acc val_metric=0.5130
Step 2200 | loss 0.3857 | val_acc=0.5136 val_loss=2.8211 val_f1_macro=0.4603 val_f1_weighted=0.5132 val_prec_macro=0.4596 val_rec_macro=0.4617 val_metric_name=acc val_metric=0.5136
Step 2250 | loss 0.3732 | val_acc=0.5104 val_loss=2.8800 val_f1_macro=0.4560 val_f1_weighted=0.5104 val_prec_macro=0.4537 val_rec_macro=0.4589 val_metric_name=acc val_metric=0.5104
Step 2300 | loss 0.3689 | val_acc=0.5117 val_loss=2.9367 val_f1_macro=0.4570 val_f1_weighted=0.5116 val_prec_macro=0.4561 val_rec_macro=0.4585 val_metric_name=acc val_metric=0.5117
Step 2350 | loss 0.3616 | val_acc=0.5140 val_loss=2.9636 val_f1_macro=0.4618 val_f1_weighted=0.5141 val_prec_macro=0.4609 val_rec_macro=0.4633 val_metric_name=acc val_metric=0.5140
Step 2400 | loss 0.3623 | val_acc=0.5153 val_loss=2.9730 val_f1_macro=0.4619 val_f1_weighted=0.5148 val_prec_macro=0.4612 val_rec_macro=0.4628 val_metric_name=acc val_metric=0.5153
Step 2450 | loss 0.3494 | val_acc=0.5166 val_loss=2.9844 val_f1_macro=0.4634 val_f1_weighted=0.5164 val_prec_macro=0.4628 val_rec_macro=0.4646 val_metric_name=acc val_metric=0.5166
Step 2500 | loss 0.3341 | val_acc=0.5176 val_loss=3.0453 val_f1_macro=0.4670 val_f1_weighted=0.5177 val_prec_macro=0.4644 val_rec_macro=0.4702 val_metric_name=acc val_metric=0.5176
Step 2550 | loss 0.3219 | val_acc=0.5163 val_loss=3.0935 val_f1_macro=0.4633 val_f1_weighted=0.5162 val_prec_macro=0.4628 val_rec_macro=0.4642 val_metric_name=acc val_metric=0.5163
Step 2600 | loss 0.3172 | val_acc=0.5176 val_loss=3.0831 val_f1_macro=0.4651 val_f1_weighted=0.5169 val_prec_macro=0.4652 val_rec_macro=0.4654 val_metric_name=acc val_metric=0.5176
Step 2650 | loss 0.3176 | val_acc=0.5143 val_loss=3.1456 val_f1_macro=0.4617 val_f1_weighted=0.5138 val_prec_macro=0.4611 val_rec_macro=0.4627 val_metric_name=acc val_metric=0.5143
Step 2700 | loss 0.3109 | val_acc=0.5203 val_loss=3.1928 val_f1_macro=0.4676 val_f1_weighted=0.5198 val_prec_macro=0.4684 val_rec_macro=0.4670 val_metric_name=acc val_metric=0.5203
Step 2750 | loss 0.2928 | val_acc=0.5185 val_loss=3.2243 val_f1_macro=0.4659 val_f1_weighted=0.5181 val_prec_macro=0.4654 val_rec_macro=0.4669 val_metric_name=acc val_metric=0.5185
Step 2800 | loss 0.2988 | val_acc=0.5141 val_loss=3.2652 val_f1_macro=0.4633 val_f1_weighted=0.5140 val_prec_macro=0.4630 val_rec_macro=0.4642 val_metric_name=acc val_metric=0.5141
Step 2850 | loss 0.2814 | val_acc=0.5182 val_loss=3.3049 val_f1_macro=0.4680 val_f1_weighted=0.5180 val_prec_macro=0.4676 val_rec_macro=0.4688 val_metric_name=acc val_metric=0.5182
Step 2900 | loss 0.2769 | val_acc=0.5177 val_loss=3.3072 val_f1_macro=0.4655 val_f1_weighted=0.5174 val_prec_macro=0.4647 val_rec_macro=0.4668 val_metric_name=acc val_metric=0.5177
Step 2950 | loss 0.2789 | val_acc=0.5154 val_loss=3.3604 val_f1_macro=0.4648 val_f1_weighted=0.5156 val_prec_macro=0.4635 val_rec_macro=0.4666 val_metric_name=acc val_metric=0.5154
Step 3000 | loss 0.2717 | val_acc=0.5190 val_loss=3.3439 val_f1_macro=0.4698 val_f1_weighted=0.5191 val_prec_macro=0.4685 val_rec_macro=0.4716 val_metric_name=acc val_metric=0.5190
Step 3050 | loss 0.2613 | val_acc=0.5198 val_loss=3.4077 val_f1_macro=0.4696 val_f1_weighted=0.5199 val_prec_macro=0.4681 val_rec_macro=0.4714 val_metric_name=acc val_metric=0.5198
Step 3100 | loss 0.2600 | val_acc=0.5198 val_loss=3.4305 val_f1_macro=0.4707 val_f1_weighted=0.5193 val_prec_macro=0.4716 val_rec_macro=0.4701 val_metric_name=acc val_metric=0.5198
Step 3150 | loss 0.2623 | val_acc=0.5200 val_loss=3.4612 val_f1_macro=0.4685 val_f1_weighted=0.5200 val_prec_macro=0.4671 val_rec_macro=0.4702 val_metric_name=acc val_metric=0.5200
Step 3200 | loss 0.2473 | val_acc=0.5190 val_loss=3.5174 val_f1_macro=0.4681 val_f1_weighted=0.5187 val_prec_macro=0.4680 val_rec_macro=0.4686 val_metric_name=acc val_metric=0.5190
Step 3250 | loss 0.2489 | val_acc=0.5174 val_loss=3.5275 val_f1_macro=0.4688 val_f1_weighted=0.5167 val_prec_macro=0.4705 val_rec_macro=0.4677 val_metric_name=acc val_metric=0.5174
Step 3300 | loss 0.2472 | val_acc=0.5189 val_loss=3.5638 val_f1_macro=0.4694 val_f1_weighted=0.5185 val_prec_macro=0.4700 val_rec_macro=0.4690 val_metric_name=acc val_metric=0.5189
Step 3350 | loss 0.2321 | val_acc=0.5225 val_loss=3.5668 val_f1_macro=0.4738 val_f1_weighted=0.5221 val_prec_macro=0.4749 val_rec_macro=0.4731 val_metric_name=acc val_metric=0.5225
Step 3400 | loss 0.2301 | val_acc=0.5161 val_loss=3.6582 val_f1_macro=0.4661 val_f1_weighted=0.5160 val_prec_macro=0.4659 val_rec_macro=0.4668 val_metric_name=acc val_metric=0.5161
Step 3450 | loss 0.2270 | val_acc=0.5176 val_loss=3.6701 val_f1_macro=0.4680 val_f1_weighted=0.5175 val_prec_macro=0.4688 val_rec_macro=0.4676 val_metric_name=acc val_metric=0.5176
Step 3500 | loss 0.2280 | val_acc=0.5180 val_loss=3.6595 val_f1_macro=0.4689 val_f1_weighted=0.5178 val_prec_macro=0.4691 val_rec_macro=0.4689 val_metric_name=acc val_metric=0.5180
Step 3550 | loss 0.2237 | val_acc=0.5185 val_loss=3.6807 val_f1_macro=0.4692 val_f1_weighted=0.5185 val_prec_macro=0.4694 val_rec_macro=0.4691 val_metric_name=acc val_metric=0.5185
Step 3600 | loss 0.2181 | val_acc=0.5156 val_loss=3.7460 val_f1_macro=0.4666 val_f1_weighted=0.5156 val_prec_macro=0.4673 val_rec_macro=0.4662 val_metric_name=acc val_metric=0.5156
Step 3650 | loss 0.2078 | val_acc=0.5187 val_loss=3.7600 val_f1_macro=0.4686 val_f1_weighted=0.5184 val_prec_macro=0.4694 val_rec_macro=0.4681 val_metric_name=acc val_metric=0.5187
Early stopping at step 3656

--- Final (best ckpt @ step 3230) ---
  train_acc=0.9592 train_loss=0.1119 train_f1_macro=0.9549 train_f1_weighted=0.9592 train_prec_macro=0.9494 train_rec_macro=0.9611 train_metric_name=acc train_metric=0.9592
  val_acc=0.5228 val_loss=3.4989 val_f1_macro=0.4715 val_f1_weighted=0.5222 val_prec_macro=0.4713 val_rec_macro=0.4723 val_metric_name=acc val_metric=0.5228
  test_acc=0.5112 test_loss=3.5410 test_f1_macro=0.4477 test_f1_weighted=0.5109 test_prec_macro=0.4484 test_rec_macro=0.4475 test_metric_name=acc test_metric=0.5112
  test_acc=0.5112

============================================================
Training amazon-ratings GAT 4L h=384 lr=0.0001 split=4
============================================================
Training for 5000 steps
Step    1 | loss 1.8816 | val_acc=0.3678 val_loss=1.5047 val_f1_macro=0.1076 val_f1_weighted=0.1978 val_prec_macro=0.0736 val_rec_macro=0.2000 val_metric_name=acc val_metric=0.3678
Step   50 | loss 1.3866 | val_acc=0.4008 val_loss=1.3692 val_f1_macro=0.1824 val_f1_weighted=0.2975 val_prec_macro=0.1695 val_rec_macro=0.2354 val_metric_name=acc val_metric=0.4008
Step  100 | loss 1.3188 | val_acc=0.4264 val_loss=1.3206 val_f1_macro=0.2459 val_f1_weighted=0.3727 val_prec_macro=0.2702 val_rec_macro=0.2731 val_metric_name=acc val_metric=0.4264
Step  150 | loss 1.2618 | val_acc=0.4428 val_loss=1.3108 val_f1_macro=0.2928 val_f1_weighted=0.4005 val_prec_macro=0.4149 val_rec_macro=0.2976 val_metric_name=acc val_metric=0.4428
Step  200 | loss 1.1973 | val_acc=0.4628 val_loss=1.3141 val_f1_macro=0.3325 val_f1_weighted=0.4267 val_prec_macro=0.4398 val_rec_macro=0.3270 val_metric_name=acc val_metric=0.4628
Step  250 | loss 1.1346 | val_acc=0.4673 val_loss=1.3105 val_f1_macro=0.3665 val_f1_weighted=0.4476 val_prec_macro=0.4188 val_rec_macro=0.3572 val_metric_name=acc val_metric=0.4673
Step  300 | loss 1.0740 | val_acc=0.4740 val_loss=1.3559 val_f1_macro=0.3786 val_f1_weighted=0.4526 val_prec_macro=0.4273 val_rec_macro=0.3663 val_metric_name=acc val_metric=0.4740
Step  350 | loss 1.0206 | val_acc=0.4720 val_loss=1.3753 val_f1_macro=0.3944 val_f1_weighted=0.4635 val_prec_macro=0.4195 val_rec_macro=0.3835 val_metric_name=acc val_metric=0.4720
Step  400 | loss 0.9656 | val_acc=0.4700 val_loss=1.4133 val_f1_macro=0.4014 val_f1_weighted=0.4640 val_prec_macro=0.4112 val_rec_macro=0.3957 val_metric_name=acc val_metric=0.4700
Step  450 | loss 0.9193 | val_acc=0.4798 val_loss=1.4644 val_f1_macro=0.4137 val_f1_weighted=0.4733 val_prec_macro=0.4295 val_rec_macro=0.4050 val_metric_name=acc val_metric=0.4798
Step  500 | loss 0.8808 | val_acc=0.4808 val_loss=1.5160 val_f1_macro=0.4149 val_f1_weighted=0.4754 val_prec_macro=0.4247 val_rec_macro=0.4095 val_metric_name=acc val_metric=0.4808
Step  550 | loss 0.8372 | val_acc=0.4828 val_loss=1.5739 val_f1_macro=0.4170 val_f1_weighted=0.4756 val_prec_macro=0.4299 val_rec_macro=0.4105 val_metric_name=acc val_metric=0.4828
Step  600 | loss 0.7931 | val_acc=0.4878 val_loss=1.6359 val_f1_macro=0.4219 val_f1_weighted=0.4837 val_prec_macro=0.4264 val_rec_macro=0.4199 val_metric_name=acc val_metric=0.4878
Step  650 | loss 0.7612 | val_acc=0.4864 val_loss=1.7265 val_f1_macro=0.4219 val_f1_weighted=0.4821 val_prec_macro=0.4262 val_rec_macro=0.4200 val_metric_name=acc val_metric=0.4864
Step  700 | loss 0.7332 | val_acc=0.4895 val_loss=1.7684 val_f1_macro=0.4246 val_f1_weighted=0.4847 val_prec_macro=0.4310 val_rec_macro=0.4212 val_metric_name=acc val_metric=0.4895
Step  750 | loss 0.6969 | val_acc=0.4921 val_loss=1.8588 val_f1_macro=0.4304 val_f1_weighted=0.4906 val_prec_macro=0.4297 val_rec_macro=0.4320 val_metric_name=acc val_metric=0.4921
Step  800 | loss 0.6658 | val_acc=0.4998 val_loss=1.9370 val_f1_macro=0.4346 val_f1_weighted=0.4965 val_prec_macro=0.4389 val_rec_macro=0.4333 val_metric_name=acc val_metric=0.4998
Step  850 | loss 0.6395 | val_acc=0.5011 val_loss=2.0141 val_f1_macro=0.4407 val_f1_weighted=0.4991 val_prec_macro=0.4419 val_rec_macro=0.4408 val_metric_name=acc val_metric=0.5011
Step  900 | loss 0.6057 | val_acc=0.4971 val_loss=2.1033 val_f1_macro=0.4385 val_f1_weighted=0.4954 val_prec_macro=0.4391 val_rec_macro=0.4402 val_metric_name=acc val_metric=0.4971
Step  950 | loss 0.5784 | val_acc=0.5012 val_loss=2.1262 val_f1_macro=0.4412 val_f1_weighted=0.4989 val_prec_macro=0.4425 val_rec_macro=0.4418 val_metric_name=acc val_metric=0.5012
Step 1000 | loss 0.5483 | val_acc=0.5016 val_loss=2.2211 val_f1_macro=0.4425 val_f1_weighted=0.5002 val_prec_macro=0.4418 val_rec_macro=0.4449 val_metric_name=acc val_metric=0.5016
Step 1050 | loss 0.5288 | val_acc=0.5047 val_loss=2.2860 val_f1_macro=0.4459 val_f1_weighted=0.5028 val_prec_macro=0.4476 val_rec_macro=0.4462 val_metric_name=acc val_metric=0.5047
Step 1100 | loss 0.5031 | val_acc=0.5107 val_loss=2.3673 val_f1_macro=0.4551 val_f1_weighted=0.5082 val_prec_macro=0.4578 val_rec_macro=0.4544 val_metric_name=acc val_metric=0.5107
Step 1150 | loss 0.4909 | val_acc=0.5066 val_loss=2.4436 val_f1_macro=0.4515 val_f1_weighted=0.5056 val_prec_macro=0.4510 val_rec_macro=0.4533 val_metric_name=acc val_metric=0.5066
Step 1200 | loss 0.4637 | val_acc=0.5109 val_loss=2.4947 val_f1_macro=0.4564 val_f1_weighted=0.5098 val_prec_macro=0.4558 val_rec_macro=0.4580 val_metric_name=acc val_metric=0.5109
Step 1250 | loss 0.4404 | val_acc=0.5127 val_loss=2.5359 val_f1_macro=0.4588 val_f1_weighted=0.5119 val_prec_macro=0.4595 val_rec_macro=0.4587 val_metric_name=acc val_metric=0.5127
Step 1300 | loss 0.4176 | val_acc=0.5074 val_loss=2.5924 val_f1_macro=0.4549 val_f1_weighted=0.5071 val_prec_macro=0.4539 val_rec_macro=0.4565 val_metric_name=acc val_metric=0.5074
Step 1350 | loss 0.4055 | val_acc=0.5130 val_loss=2.6746 val_f1_macro=0.4618 val_f1_weighted=0.5128 val_prec_macro=0.4603 val_rec_macro=0.4639 val_metric_name=acc val_metric=0.5130
Step 1400 | loss 0.3866 | val_acc=0.5141 val_loss=2.7339 val_f1_macro=0.4620 val_f1_weighted=0.5132 val_prec_macro=0.4634 val_rec_macro=0.4614 val_metric_name=acc val_metric=0.5141
Step 1450 | loss 0.3720 | val_acc=0.5143 val_loss=2.7915 val_f1_macro=0.4605 val_f1_weighted=0.5136 val_prec_macro=0.4616 val_rec_macro=0.4600 val_metric_name=acc val_metric=0.5143
Step 1500 | loss 0.3500 | val_acc=0.5109 val_loss=2.8816 val_f1_macro=0.4592 val_f1_weighted=0.5107 val_prec_macro=0.4590 val_rec_macro=0.4598 val_metric_name=acc val_metric=0.5109
Step 1550 | loss 0.3479 | val_acc=0.5123 val_loss=2.9467 val_f1_macro=0.4641 val_f1_weighted=0.5124 val_prec_macro=0.4633 val_rec_macro=0.4655 val_metric_name=acc val_metric=0.5123
Step 1600 | loss 0.3287 | val_acc=0.5156 val_loss=2.9789 val_f1_macro=0.4646 val_f1_weighted=0.5152 val_prec_macro=0.4653 val_rec_macro=0.4645 val_metric_name=acc val_metric=0.5156
Step 1650 | loss 0.3201 | val_acc=0.5131 val_loss=2.9920 val_f1_macro=0.4610 val_f1_weighted=0.5131 val_prec_macro=0.4592 val_rec_macro=0.4633 val_metric_name=acc val_metric=0.5131
Step 1700 | loss 0.3132 | val_acc=0.5169 val_loss=3.0420 val_f1_macro=0.4672 val_f1_weighted=0.5167 val_prec_macro=0.4684 val_rec_macro=0.4665 val_metric_name=acc val_metric=0.5169
Step 1750 | loss 0.3003 | val_acc=0.5177 val_loss=3.1216 val_f1_macro=0.4671 val_f1_weighted=0.5173 val_prec_macro=0.4683 val_rec_macro=0.4664 val_metric_name=acc val_metric=0.5177
Step 1800 | loss 0.2827 | val_acc=0.5200 val_loss=3.1628 val_f1_macro=0.4677 val_f1_weighted=0.5198 val_prec_macro=0.4673 val_rec_macro=0.4687 val_metric_name=acc val_metric=0.5200
Step 1850 | loss 0.2833 | val_acc=0.5185 val_loss=3.2278 val_f1_macro=0.4689 val_f1_weighted=0.5178 val_prec_macro=0.4717 val_rec_macro=0.4668 val_metric_name=acc val_metric=0.5185
Step 1900 | loss 0.2753 | val_acc=0.5190 val_loss=3.2383 val_f1_macro=0.4689 val_f1_weighted=0.5186 val_prec_macro=0.4698 val_rec_macro=0.4683 val_metric_name=acc val_metric=0.5190
Step 1950 | loss 0.2609 | val_acc=0.5198 val_loss=3.3068 val_f1_macro=0.4691 val_f1_weighted=0.5196 val_prec_macro=0.4705 val_rec_macro=0.4680 val_metric_name=acc val_metric=0.5198
Step 2000 | loss 0.2585 | val_acc=0.5184 val_loss=3.3527 val_f1_macro=0.4674 val_f1_weighted=0.5186 val_prec_macro=0.4673 val_rec_macro=0.4678 val_metric_name=acc val_metric=0.5184
Step 2050 | loss 0.2466 | val_acc=0.5198 val_loss=3.4292 val_f1_macro=0.4681 val_f1_weighted=0.5198 val_prec_macro=0.4674 val_rec_macro=0.4688 val_metric_name=acc val_metric=0.5198
Step 2100 | loss 0.2380 | val_acc=0.5197 val_loss=3.4454 val_f1_macro=0.4679 val_f1_weighted=0.5194 val_prec_macro=0.4682 val_rec_macro=0.4680 val_metric_name=acc val_metric=0.5197
Step 2150 | loss 0.2318 | val_acc=0.5163 val_loss=3.5233 val_f1_macro=0.4658 val_f1_weighted=0.5163 val_prec_macro=0.4666 val_rec_macro=0.4655 val_metric_name=acc val_metric=0.5163
Step 2200 | loss 0.2198 | val_acc=0.5208 val_loss=3.5755 val_f1_macro=0.4706 val_f1_weighted=0.5206 val_prec_macro=0.4732 val_rec_macro=0.4686 val_metric_name=acc val_metric=0.5208
Step 2250 | loss 0.2188 | val_acc=0.5194 val_loss=3.6015 val_f1_macro=0.4669 val_f1_weighted=0.5197 val_prec_macro=0.4667 val_rec_macro=0.4675 val_metric_name=acc val_metric=0.5194
Step 2300 | loss 0.2086 | val_acc=0.5187 val_loss=3.6302 val_f1_macro=0.4663 val_f1_weighted=0.5187 val_prec_macro=0.4667 val_rec_macro=0.4662 val_metric_name=acc val_metric=0.5187
Step 2350 | loss 0.2073 | val_acc=0.5205 val_loss=3.6446 val_f1_macro=0.4670 val_f1_weighted=0.5205 val_prec_macro=0.4688 val_rec_macro=0.4657 val_metric_name=acc val_metric=0.5205
Step 2400 | loss 0.1955 | val_acc=0.5210 val_loss=3.6660 val_f1_macro=0.4730 val_f1_weighted=0.5205 val_prec_macro=0.4757 val_rec_macro=0.4710 val_metric_name=acc val_metric=0.5210
Step 2450 | loss 0.1989 | val_acc=0.5208 val_loss=3.7121 val_f1_macro=0.4694 val_f1_weighted=0.5208 val_prec_macro=0.4692 val_rec_macro=0.4699 val_metric_name=acc val_metric=0.5208
Step 2500 | loss 0.1957 | val_acc=0.5211 val_loss=3.7551 val_f1_macro=0.4704 val_f1_weighted=0.5213 val_prec_macro=0.4704 val_rec_macro=0.4707 val_metric_name=acc val_metric=0.5211
Step 2550 | loss 0.1791 | val_acc=0.5208 val_loss=3.7621 val_f1_macro=0.4727 val_f1_weighted=0.5209 val_prec_macro=0.4747 val_rec_macro=0.4713 val_metric_name=acc val_metric=0.5208
Step 2600 | loss 0.1860 | val_acc=0.5208 val_loss=3.8023 val_f1_macro=0.4691 val_f1_weighted=0.5209 val_prec_macro=0.4706 val_rec_macro=0.4683 val_metric_name=acc val_metric=0.5208
Step 2650 | loss 0.1783 | val_acc=0.5179 val_loss=3.8717 val_f1_macro=0.4647 val_f1_weighted=0.5177 val_prec_macro=0.4648 val_rec_macro=0.4647 val_metric_name=acc val_metric=0.5179
Step 2700 | loss 0.1772 | val_acc=0.5211 val_loss=3.9001 val_f1_macro=0.4708 val_f1_weighted=0.5212 val_prec_macro=0.4720 val_rec_macro=0.4699 val_metric_name=acc val_metric=0.5211
Step 2750 | loss 0.1662 | val_acc=0.5200 val_loss=3.9308 val_f1_macro=0.4712 val_f1_weighted=0.5201 val_prec_macro=0.4714 val_rec_macro=0.4712 val_metric_name=acc val_metric=0.5200
Step 2800 | loss 0.1634 | val_acc=0.5210 val_loss=3.9582 val_f1_macro=0.4701 val_f1_weighted=0.5211 val_prec_macro=0.4713 val_rec_macro=0.4697 val_metric_name=acc val_metric=0.5210
Step 2850 | loss 0.1617 | val_acc=0.5182 val_loss=4.0027 val_f1_macro=0.4669 val_f1_weighted=0.5183 val_prec_macro=0.4688 val_rec_macro=0.4657 val_metric_name=acc val_metric=0.5182
Step 2900 | loss 0.1485 | val_acc=0.5202 val_loss=4.0353 val_f1_macro=0.4700 val_f1_weighted=0.5202 val_prec_macro=0.4700 val_rec_macro=0.4703 val_metric_name=acc val_metric=0.5202
Step 2950 | loss 0.1646 | val_acc=0.5195 val_loss=4.0792 val_f1_macro=0.4707 val_f1_weighted=0.5195 val_prec_macro=0.4732 val_rec_macro=0.4688 val_metric_name=acc val_metric=0.5195
Step 3000 | loss 0.1504 | val_acc=0.5171 val_loss=4.0700 val_f1_macro=0.4690 val_f1_weighted=0.5174 val_prec_macro=0.4696 val_rec_macro=0.4686 val_metric_name=acc val_metric=0.5171
Early stopping at step 3031

--- Final (best ckpt @ step 2520) ---
  train_acc=0.9762 train_loss=0.0673 train_f1_macro=0.9726 train_f1_weighted=0.9762 train_prec_macro=0.9689 train_rec_macro=0.9766 train_metric_name=acc train_metric=0.9762
  val_acc=0.5239 val_loss=3.7863 val_f1_macro=0.4732 val_f1_weighted=0.5235 val_prec_macro=0.4748 val_rec_macro=0.4720 val_metric_name=acc val_metric=0.5239
  test_acc=0.5163 test_loss=3.8916 test_f1_macro=0.4523 test_f1_weighted=0.5154 test_prec_macro=0.4555 test_rec_macro=0.4499 test_metric_name=acc test_metric=0.5163
  test_acc=0.5163

============================================================
Training amazon-ratings GAT 4L h=384 lr=1e-05 split=4
============================================================
Training for 5000 steps
Step    1 | loss 1.8816 | val_acc=0.1338 val_loss=1.7365 val_f1_macro=0.1136 val_f1_weighted=0.1070 val_prec_macro=0.1519 val_rec_macro=0.2081 val_metric_name=acc val_metric=0.1338
Step   50 | loss 1.4452 | val_acc=0.3696 val_loss=1.4281 val_f1_macro=0.1137 val_f1_weighted=0.2061 val_prec_macro=0.1634 val_rec_macro=0.2018 val_metric_name=acc val_metric=0.3696
Step  100 | loss 1.4296 | val_acc=0.3784 val_loss=1.4073 val_f1_macro=0.1416 val_f1_weighted=0.2434 val_prec_macro=0.1599 val_rec_macro=0.2115 val_metric_name=acc val_metric=0.3784
Step  150 | loss 1.4096 | val_acc=0.3867 val_loss=1.3906 val_f1_macro=0.1594 val_f1_weighted=0.2670 val_prec_macro=0.1666 val_rec_macro=0.2202 val_metric_name=acc val_metric=0.3867
Step  200 | loss 1.3893 | val_acc=0.3954 val_loss=1.3721 val_f1_macro=0.1747 val_f1_weighted=0.2873 val_prec_macro=0.1699 val_rec_macro=0.2295 val_metric_name=acc val_metric=0.3954
Step  250 | loss 1.3702 | val_acc=0.4062 val_loss=1.3559 val_f1_macro=0.1954 val_f1_weighted=0.3133 val_prec_macro=0.2446 val_rec_macro=0.2408 val_metric_name=acc val_metric=0.4062
Step  300 | loss 1.3553 | val_acc=0.4094 val_loss=1.3449 val_f1_macro=0.2085 val_f1_weighted=0.3288 val_prec_macro=0.2425 val_rec_macro=0.2466 val_metric_name=acc val_metric=0.4094
Step  350 | loss 1.3503 | val_acc=0.4168 val_loss=1.3346 val_f1_macro=0.2248 val_f1_weighted=0.3483 val_prec_macro=0.2797 val_rec_macro=0.2573 val_metric_name=acc val_metric=0.4168
Step  400 | loss 1.3308 | val_acc=0.4241 val_loss=1.3262 val_f1_macro=0.2388 val_f1_weighted=0.3651 val_prec_macro=0.2656 val_rec_macro=0.2673 val_metric_name=acc val_metric=0.4241
Step  450 | loss 1.3128 | val_acc=0.4240 val_loss=1.3226 val_f1_macro=0.2440 val_f1_weighted=0.3699 val_prec_macro=0.2831 val_rec_macro=0.2683 val_metric_name=acc val_metric=0.4240
Step  500 | loss 1.3117 | val_acc=0.4313 val_loss=1.3142 val_f1_macro=0.2576 val_f1_weighted=0.3837 val_prec_macro=0.2998 val_rec_macro=0.2790 val_metric_name=acc val_metric=0.4313
Step  550 | loss 1.3012 | val_acc=0.4336 val_loss=1.3141 val_f1_macro=0.2635 val_f1_weighted=0.3861 val_prec_macro=0.3269 val_rec_macro=0.2813 val_metric_name=acc val_metric=0.4336
Step  600 | loss 1.2872 | val_acc=0.4403 val_loss=1.3065 val_f1_macro=0.2799 val_f1_weighted=0.3978 val_prec_macro=0.3657 val_rec_macro=0.2933 val_metric_name=acc val_metric=0.4403
Step  650 | loss 1.2723 | val_acc=0.4415 val_loss=1.3037 val_f1_macro=0.3044 val_f1_weighted=0.4062 val_prec_macro=0.4178 val_rec_macro=0.3049 val_metric_name=acc val_metric=0.4415
Step  700 | loss 1.2618 | val_acc=0.4415 val_loss=1.3019 val_f1_macro=0.3071 val_f1_weighted=0.4069 val_prec_macro=0.4076 val_rec_macro=0.3065 val_metric_name=acc val_metric=0.4415
Step  750 | loss 1.2472 | val_acc=0.4459 val_loss=1.3009 val_f1_macro=0.3060 val_f1_weighted=0.4063 val_prec_macro=0.4055 val_rec_macro=0.3074 val_metric_name=acc val_metric=0.4459
Step  800 | loss 1.2407 | val_acc=0.4501 val_loss=1.3002 val_f1_macro=0.3166 val_f1_weighted=0.4126 val_prec_macro=0.4070 val_rec_macro=0.3151 val_metric_name=acc val_metric=0.4501
Step  850 | loss 1.2334 | val_acc=0.4521 val_loss=1.2975 val_f1_macro=0.3293 val_f1_weighted=0.4207 val_prec_macro=0.4116 val_rec_macro=0.3231 val_metric_name=acc val_metric=0.4521
Step  900 | loss 1.2172 | val_acc=0.4544 val_loss=1.2962 val_f1_macro=0.3358 val_f1_weighted=0.4265 val_prec_macro=0.4134 val_rec_macro=0.3279 val_metric_name=acc val_metric=0.4544
Step  950 | loss 1.2090 | val_acc=0.4578 val_loss=1.2988 val_f1_macro=0.3416 val_f1_weighted=0.4293 val_prec_macro=0.4249 val_rec_macro=0.3330 val_metric_name=acc val_metric=0.4578
Step 1000 | loss 1.1954 | val_acc=0.4589 val_loss=1.2968 val_f1_macro=0.3452 val_f1_weighted=0.4317 val_prec_macro=0.4163 val_rec_macro=0.3365 val_metric_name=acc val_metric=0.4589
Step 1050 | loss 1.1838 | val_acc=0.4594 val_loss=1.2976 val_f1_macro=0.3440 val_f1_weighted=0.4320 val_prec_macro=0.4185 val_rec_macro=0.3353 val_metric_name=acc val_metric=0.4594
Step 1100 | loss 1.1794 | val_acc=0.4619 val_loss=1.3010 val_f1_macro=0.3498 val_f1_weighted=0.4350 val_prec_macro=0.4199 val_rec_macro=0.3405 val_metric_name=acc val_metric=0.4619
Step 1150 | loss 1.1651 | val_acc=0.4655 val_loss=1.3035 val_f1_macro=0.3596 val_f1_weighted=0.4411 val_prec_macro=0.4189 val_rec_macro=0.3489 val_metric_name=acc val_metric=0.4655
Step 1200 | loss 1.1577 | val_acc=0.4659 val_loss=1.3017 val_f1_macro=0.3624 val_f1_weighted=0.4434 val_prec_macro=0.4210 val_rec_macro=0.3504 val_metric_name=acc val_metric=0.4659
Step 1250 | loss 1.1433 | val_acc=0.4676 val_loss=1.3049 val_f1_macro=0.3692 val_f1_weighted=0.4475 val_prec_macro=0.4240 val_rec_macro=0.3573 val_metric_name=acc val_metric=0.4676
Step 1300 | loss 1.1376 | val_acc=0.4692 val_loss=1.3117 val_f1_macro=0.3699 val_f1_weighted=0.4481 val_prec_macro=0.4198 val_rec_macro=0.3591 val_metric_name=acc val_metric=0.4692
Step 1350 | loss 1.1290 | val_acc=0.4720 val_loss=1.3134 val_f1_macro=0.3739 val_f1_weighted=0.4506 val_prec_macro=0.4257 val_rec_macro=0.3630 val_metric_name=acc val_metric=0.4720
Step 1400 | loss 1.1219 | val_acc=0.4682 val_loss=1.3166 val_f1_macro=0.3763 val_f1_weighted=0.4509 val_prec_macro=0.4223 val_rec_macro=0.3637 val_metric_name=acc val_metric=0.4682
Step 1450 | loss 1.1070 | val_acc=0.4692 val_loss=1.3227 val_f1_macro=0.3783 val_f1_weighted=0.4528 val_prec_macro=0.4243 val_rec_macro=0.3655 val_metric_name=acc val_metric=0.4692
Step 1500 | loss 1.0953 | val_acc=0.4700 val_loss=1.3284 val_f1_macro=0.3829 val_f1_weighted=0.4544 val_prec_macro=0.4248 val_rec_macro=0.3705 val_metric_name=acc val_metric=0.4700
Step 1550 | loss 1.0922 | val_acc=0.4699 val_loss=1.3291 val_f1_macro=0.3855 val_f1_weighted=0.4550 val_prec_macro=0.4238 val_rec_macro=0.3735 val_metric_name=acc val_metric=0.4699
Step 1600 | loss 1.0791 | val_acc=0.4722 val_loss=1.3366 val_f1_macro=0.3869 val_f1_weighted=0.4563 val_prec_macro=0.4378 val_rec_macro=0.3727 val_metric_name=acc val_metric=0.4722
Step 1650 | loss 1.0662 | val_acc=0.4699 val_loss=1.3374 val_f1_macro=0.3909 val_f1_weighted=0.4588 val_prec_macro=0.4271 val_rec_macro=0.3775 val_metric_name=acc val_metric=0.4699
Step 1700 | loss 1.0694 | val_acc=0.4705 val_loss=1.3504 val_f1_macro=0.3867 val_f1_weighted=0.4566 val_prec_macro=0.4305 val_rec_macro=0.3726 val_metric_name=acc val_metric=0.4705
Step 1750 | loss 1.0513 | val_acc=0.4730 val_loss=1.3542 val_f1_macro=0.3963 val_f1_weighted=0.4617 val_prec_macro=0.4268 val_rec_macro=0.3841 val_metric_name=acc val_metric=0.4730
Step 1800 | loss 1.0442 | val_acc=0.4707 val_loss=1.3645 val_f1_macro=0.3970 val_f1_weighted=0.4605 val_prec_macro=0.4260 val_rec_macro=0.3854 val_metric_name=acc val_metric=0.4707
Step 1850 | loss 1.0379 | val_acc=0.4730 val_loss=1.3674 val_f1_macro=0.3989 val_f1_weighted=0.4622 val_prec_macro=0.4320 val_rec_macro=0.3858 val_metric_name=acc val_metric=0.4730
Step 1900 | loss 1.0346 | val_acc=0.4730 val_loss=1.3696 val_f1_macro=0.3972 val_f1_weighted=0.4623 val_prec_macro=0.4263 val_rec_macro=0.3853 val_metric_name=acc val_metric=0.4730
Step 1950 | loss 1.0207 | val_acc=0.4743 val_loss=1.3764 val_f1_macro=0.3987 val_f1_weighted=0.4640 val_prec_macro=0.4282 val_rec_macro=0.3866 val_metric_name=acc val_metric=0.4743
Step 2000 | loss 1.0154 | val_acc=0.4733 val_loss=1.3767 val_f1_macro=0.4003 val_f1_weighted=0.4630 val_prec_macro=0.4336 val_rec_macro=0.3866 val_metric_name=acc val_metric=0.4733
Step 2050 | loss 1.0098 | val_acc=0.4736 val_loss=1.3843 val_f1_macro=0.3968 val_f1_weighted=0.4629 val_prec_macro=0.4280 val_rec_macro=0.3842 val_metric_name=acc val_metric=0.4736
Step 2100 | loss 1.0054 | val_acc=0.4718 val_loss=1.3926 val_f1_macro=0.3957 val_f1_weighted=0.4633 val_prec_macro=0.4141 val_rec_macro=0.3872 val_metric_name=acc val_metric=0.4718
Step 2150 | loss 0.9946 | val_acc=0.4708 val_loss=1.4034 val_f1_macro=0.3953 val_f1_weighted=0.4617 val_prec_macro=0.4173 val_rec_macro=0.3849 val_metric_name=acc val_metric=0.4708
Step 2200 | loss 0.9981 | val_acc=0.4708 val_loss=1.4067 val_f1_macro=0.3992 val_f1_weighted=0.4628 val_prec_macro=0.4194 val_rec_macro=0.3894 val_metric_name=acc val_metric=0.4708
Step 2250 | loss 0.9800 | val_acc=0.4705 val_loss=1.4152 val_f1_macro=0.3958 val_f1_weighted=0.4619 val_prec_macro=0.4161 val_rec_macro=0.3867 val_metric_name=acc val_metric=0.4705
Early stopping at step 2280

--- Final (best ckpt @ step 1980) ---
  train_acc=0.6044 train_loss=0.9238 train_f1_macro=0.5449 train_f1_weighted=0.5975 train_prec_macro=0.5808 train_rec_macro=0.5260 train_metric_name=acc train_metric=0.6044
  val_acc=0.4761 val_loss=1.3773 val_f1_macro=0.3980 val_f1_weighted=0.4651 val_prec_macro=0.4262 val_rec_macro=0.3867 val_metric_name=acc val_metric=0.4761
  test_acc=0.4740 test_loss=1.3943 test_f1_macro=0.3936 test_f1_weighted=0.4656 test_prec_macro=0.4146 test_rec_macro=0.3847 test_metric_name=acc test_metric=0.4740
  test_acc=0.4740

============================================================
Training amazon-ratings GAT 4L h=512 lr=3e-05 split=4
============================================================
Training for 5000 steps
Step    1 | loss 1.7481 | val_acc=0.3611 val_loss=1.4466 val_f1_macro=0.1209 val_f1_weighted=0.2120 val_prec_macro=0.2230 val_rec_macro=0.1996 val_metric_name=acc val_metric=0.3611
Step   50 | loss 1.3947 | val_acc=0.3947 val_loss=1.3717 val_f1_macro=0.1765 val_f1_weighted=0.2893 val_prec_macro=0.1688 val_rec_macro=0.2302 val_metric_name=acc val_metric=0.3947
Step  100 | loss 1.3476 | val_acc=0.4186 val_loss=1.3412 val_f1_macro=0.2265 val_f1_weighted=0.3505 val_prec_macro=0.2387 val_rec_macro=0.2610 val_metric_name=acc val_metric=0.4186
Step  150 | loss 1.3049 | val_acc=0.4326 val_loss=1.3233 val_f1_macro=0.2670 val_f1_weighted=0.3858 val_prec_macro=0.4256 val_rec_macro=0.2837 val_metric_name=acc val_metric=0.4326
Step  200 | loss 1.2647 | val_acc=0.4421 val_loss=1.3220 val_f1_macro=0.2881 val_f1_weighted=0.3990 val_prec_macro=0.4194 val_rec_macro=0.2935 val_metric_name=acc val_metric=0.4421
Step  250 | loss 1.2216 | val_acc=0.4568 val_loss=1.3154 val_f1_macro=0.3277 val_f1_weighted=0.4207 val_prec_macro=0.4153 val_rec_macro=0.3248 val_metric_name=acc val_metric=0.4568
Step  300 | loss 1.1784 | val_acc=0.4674 val_loss=1.3244 val_f1_macro=0.3496 val_f1_weighted=0.4379 val_prec_macro=0.4325 val_rec_macro=0.3426 val_metric_name=acc val_metric=0.4674
Step  350 | loss 1.1436 | val_acc=0.4664 val_loss=1.3272 val_f1_macro=0.3700 val_f1_weighted=0.4481 val_prec_macro=0.4171 val_rec_macro=0.3579 val_metric_name=acc val_metric=0.4664
Step  400 | loss 1.1066 | val_acc=0.4695 val_loss=1.3411 val_f1_macro=0.3792 val_f1_weighted=0.4532 val_prec_macro=0.4300 val_rec_macro=0.3659 val_metric_name=acc val_metric=0.4695
Step  450 | loss 1.0738 | val_acc=0.4718 val_loss=1.3562 val_f1_macro=0.3911 val_f1_weighted=0.4604 val_prec_macro=0.4265 val_rec_macro=0.3783 val_metric_name=acc val_metric=0.4718
Step  500 | loss 1.0495 | val_acc=0.4726 val_loss=1.3855 val_f1_macro=0.3957 val_f1_weighted=0.4628 val_prec_macro=0.4188 val_rec_macro=0.3865 val_metric_name=acc val_metric=0.4726
Step  550 | loss 1.0206 | val_acc=0.4738 val_loss=1.4042 val_f1_macro=0.3994 val_f1_weighted=0.4643 val_prec_macro=0.4173 val_rec_macro=0.3922 val_metric_name=acc val_metric=0.4738
Step  600 | loss 0.9951 | val_acc=0.4792 val_loss=1.4237 val_f1_macro=0.4047 val_f1_weighted=0.4689 val_prec_macro=0.4304 val_rec_macro=0.3947 val_metric_name=acc val_metric=0.4792
Step  650 | loss 0.9716 | val_acc=0.4769 val_loss=1.4492 val_f1_macro=0.4061 val_f1_weighted=0.4690 val_prec_macro=0.4229 val_rec_macro=0.4006 val_metric_name=acc val_metric=0.4769
Step  700 | loss 0.9450 | val_acc=0.4831 val_loss=1.4771 val_f1_macro=0.4130 val_f1_weighted=0.4759 val_prec_macro=0.4301 val_rec_macro=0.4048 val_metric_name=acc val_metric=0.4831
Step  750 | loss 0.9334 | val_acc=0.4769 val_loss=1.5034 val_f1_macro=0.4066 val_f1_weighted=0.4706 val_prec_macro=0.4190 val_rec_macro=0.4010 val_metric_name=acc val_metric=0.4769
Step  800 | loss 0.9073 | val_acc=0.4815 val_loss=1.5248 val_f1_macro=0.4139 val_f1_weighted=0.4761 val_prec_macro=0.4224 val_rec_macro=0.4102 val_metric_name=acc val_metric=0.4815
Step  850 | loss 0.8938 | val_acc=0.4800 val_loss=1.5388 val_f1_macro=0.4128 val_f1_weighted=0.4755 val_prec_macro=0.4194 val_rec_macro=0.4097 val_metric_name=acc val_metric=0.4800
Step  900 | loss 0.8719 | val_acc=0.4815 val_loss=1.5730 val_f1_macro=0.4160 val_f1_weighted=0.4763 val_prec_macro=0.4219 val_rec_macro=0.4141 val_metric_name=acc val_metric=0.4815
Step  950 | loss 0.8563 | val_acc=0.4877 val_loss=1.5983 val_f1_macro=0.4213 val_f1_weighted=0.4835 val_prec_macro=0.4265 val_rec_macro=0.4191 val_metric_name=acc val_metric=0.4877
Step 1000 | loss 0.8331 | val_acc=0.4862 val_loss=1.6335 val_f1_macro=0.4207 val_f1_weighted=0.4819 val_prec_macro=0.4247 val_rec_macro=0.4199 val_metric_name=acc val_metric=0.4862
Step 1050 | loss 0.8081 | val_acc=0.4893 val_loss=1.6536 val_f1_macro=0.4246 val_f1_weighted=0.4862 val_prec_macro=0.4297 val_rec_macro=0.4213 val_metric_name=acc val_metric=0.4893
Step 1100 | loss 0.8004 | val_acc=0.4864 val_loss=1.6873 val_f1_macro=0.4231 val_f1_weighted=0.4843 val_prec_macro=0.4247 val_rec_macro=0.4230 val_metric_name=acc val_metric=0.4864
Step 1150 | loss 0.7866 | val_acc=0.4944 val_loss=1.7118 val_f1_macro=0.4313 val_f1_weighted=0.4914 val_prec_macro=0.4353 val_rec_macro=0.4292 val_metric_name=acc val_metric=0.4944
Step 1200 | loss 0.7713 | val_acc=0.4919 val_loss=1.7416 val_f1_macro=0.4270 val_f1_weighted=0.4888 val_prec_macro=0.4298 val_rec_macro=0.4265 val_metric_name=acc val_metric=0.4919
Step 1250 | loss 0.7571 | val_acc=0.4924 val_loss=1.7736 val_f1_macro=0.4298 val_f1_weighted=0.4888 val_prec_macro=0.4343 val_rec_macro=0.4277 val_metric_name=acc val_metric=0.4924
Step 1300 | loss 0.7434 | val_acc=0.4932 val_loss=1.8100 val_f1_macro=0.4291 val_f1_weighted=0.4907 val_prec_macro=0.4311 val_rec_macro=0.4284 val_metric_name=acc val_metric=0.4932
Step 1350 | loss 0.7253 | val_acc=0.4921 val_loss=1.8331 val_f1_macro=0.4319 val_f1_weighted=0.4903 val_prec_macro=0.4330 val_rec_macro=0.4319 val_metric_name=acc val_metric=0.4921
Step 1400 | loss 0.7195 | val_acc=0.4996 val_loss=1.8587 val_f1_macro=0.4365 val_f1_weighted=0.4968 val_prec_macro=0.4391 val_rec_macro=0.4360 val_metric_name=acc val_metric=0.4996
Step 1450 | loss 0.6926 | val_acc=0.4983 val_loss=1.8982 val_f1_macro=0.4389 val_f1_weighted=0.4964 val_prec_macro=0.4413 val_rec_macro=0.4374 val_metric_name=acc val_metric=0.4983
Step 1500 | loss 0.6802 | val_acc=0.4980 val_loss=1.9204 val_f1_macro=0.4396 val_f1_weighted=0.4955 val_prec_macro=0.4438 val_rec_macro=0.4366 val_metric_name=acc val_metric=0.4980
Step 1550 | loss 0.6685 | val_acc=0.5012 val_loss=1.9636 val_f1_macro=0.4413 val_f1_weighted=0.4990 val_prec_macro=0.4439 val_rec_macro=0.4399 val_metric_name=acc val_metric=0.5012
Step 1600 | loss 0.6506 | val_acc=0.5014 val_loss=1.9805 val_f1_macro=0.4416 val_f1_weighted=0.4990 val_prec_macro=0.4438 val_rec_macro=0.4408 val_metric_name=acc val_metric=0.5014
Step 1650 | loss 0.6407 | val_acc=0.5022 val_loss=2.0168 val_f1_macro=0.4439 val_f1_weighted=0.5005 val_prec_macro=0.4457 val_rec_macro=0.4430 val_metric_name=acc val_metric=0.5022
Step 1700 | loss 0.6388 | val_acc=0.5022 val_loss=2.0590 val_f1_macro=0.4437 val_f1_weighted=0.5004 val_prec_macro=0.4443 val_rec_macro=0.4443 val_metric_name=acc val_metric=0.5022
Step 1750 | loss 0.6190 | val_acc=0.5012 val_loss=2.0818 val_f1_macro=0.4427 val_f1_weighted=0.4993 val_prec_macro=0.4449 val_rec_macro=0.4414 val_metric_name=acc val_metric=0.5012
Step 1800 | loss 0.6065 | val_acc=0.5060 val_loss=2.1199 val_f1_macro=0.4468 val_f1_weighted=0.5042 val_prec_macro=0.4486 val_rec_macro=0.4460 val_metric_name=acc val_metric=0.5060
Step 1850 | loss 0.5877 | val_acc=0.5048 val_loss=2.1499 val_f1_macro=0.4466 val_f1_weighted=0.5031 val_prec_macro=0.4471 val_rec_macro=0.4475 val_metric_name=acc val_metric=0.5048
Step 1900 | loss 0.5812 | val_acc=0.5058 val_loss=2.1829 val_f1_macro=0.4471 val_f1_weighted=0.5039 val_prec_macro=0.4481 val_rec_macro=0.4475 val_metric_name=acc val_metric=0.5058
Step 1950 | loss 0.5679 | val_acc=0.4999 val_loss=2.2212 val_f1_macro=0.4448 val_f1_weighted=0.4990 val_prec_macro=0.4438 val_rec_macro=0.4466 val_metric_name=acc val_metric=0.4999
Step 2000 | loss 0.5565 | val_acc=0.5033 val_loss=2.2703 val_f1_macro=0.4447 val_f1_weighted=0.5023 val_prec_macro=0.4433 val_rec_macro=0.4474 val_metric_name=acc val_metric=0.5033
Step 2050 | loss 0.5496 | val_acc=0.5066 val_loss=2.2763 val_f1_macro=0.4490 val_f1_weighted=0.5043 val_prec_macro=0.4514 val_rec_macro=0.4479 val_metric_name=acc val_metric=0.5066
Step 2100 | loss 0.5314 | val_acc=0.5055 val_loss=2.3219 val_f1_macro=0.4506 val_f1_weighted=0.5044 val_prec_macro=0.4508 val_rec_macro=0.4508 val_metric_name=acc val_metric=0.5055
Step 2150 | loss 0.5240 | val_acc=0.5058 val_loss=2.3633 val_f1_macro=0.4516 val_f1_weighted=0.5047 val_prec_macro=0.4522 val_rec_macro=0.4514 val_metric_name=acc val_metric=0.5058
Step 2200 | loss 0.5065 | val_acc=0.5058 val_loss=2.3831 val_f1_macro=0.4509 val_f1_weighted=0.5046 val_prec_macro=0.4510 val_rec_macro=0.4516 val_metric_name=acc val_metric=0.5058
Step 2250 | loss 0.5009 | val_acc=0.5096 val_loss=2.4040 val_f1_macro=0.4515 val_f1_weighted=0.5077 val_prec_macro=0.4537 val_rec_macro=0.4501 val_metric_name=acc val_metric=0.5096
Step 2300 | loss 0.4885 | val_acc=0.5081 val_loss=2.4576 val_f1_macro=0.4539 val_f1_weighted=0.5070 val_prec_macro=0.4552 val_rec_macro=0.4530 val_metric_name=acc val_metric=0.5081
Step 2350 | loss 0.4821 | val_acc=0.5104 val_loss=2.4859 val_f1_macro=0.4554 val_f1_weighted=0.5093 val_prec_macro=0.4572 val_rec_macro=0.4539 val_metric_name=acc val_metric=0.5104
Step 2400 | loss 0.4719 | val_acc=0.5094 val_loss=2.5375 val_f1_macro=0.4550 val_f1_weighted=0.5088 val_prec_macro=0.4548 val_rec_macro=0.4555 val_metric_name=acc val_metric=0.5094
Step 2450 | loss 0.4654 | val_acc=0.5096 val_loss=2.5579 val_f1_macro=0.4541 val_f1_weighted=0.5088 val_prec_macro=0.4545 val_rec_macro=0.4539 val_metric_name=acc val_metric=0.5096
Step 2500 | loss 0.4608 | val_acc=0.5107 val_loss=2.6069 val_f1_macro=0.4570 val_f1_weighted=0.5096 val_prec_macro=0.4575 val_rec_macro=0.4569 val_metric_name=acc val_metric=0.5107
Step 2550 | loss 0.4462 | val_acc=0.5133 val_loss=2.6589 val_f1_macro=0.4603 val_f1_weighted=0.5125 val_prec_macro=0.4603 val_rec_macro=0.4608 val_metric_name=acc val_metric=0.5133
Step 2600 | loss 0.4386 | val_acc=0.5138 val_loss=2.6603 val_f1_macro=0.4595 val_f1_weighted=0.5128 val_prec_macro=0.4618 val_rec_macro=0.4576 val_metric_name=acc val_metric=0.5138
Step 2650 | loss 0.4293 | val_acc=0.5118 val_loss=2.6864 val_f1_macro=0.4583 val_f1_weighted=0.5114 val_prec_macro=0.4579 val_rec_macro=0.4589 val_metric_name=acc val_metric=0.5118
Step 2700 | loss 0.4184 | val_acc=0.5146 val_loss=2.7070 val_f1_macro=0.4600 val_f1_weighted=0.5137 val_prec_macro=0.4613 val_rec_macro=0.4590 val_metric_name=acc val_metric=0.5146
Step 2750 | loss 0.4153 | val_acc=0.5133 val_loss=2.7581 val_f1_macro=0.4596 val_f1_weighted=0.5123 val_prec_macro=0.4613 val_rec_macro=0.4581 val_metric_name=acc val_metric=0.5133
Step 2800 | loss 0.3992 | val_acc=0.5154 val_loss=2.7918 val_f1_macro=0.4620 val_f1_weighted=0.5146 val_prec_macro=0.4629 val_rec_macro=0.4614 val_metric_name=acc val_metric=0.5154
Step 2850 | loss 0.4014 | val_acc=0.5133 val_loss=2.8313 val_f1_macro=0.4607 val_f1_weighted=0.5126 val_prec_macro=0.4618 val_rec_macro=0.4598 val_metric_name=acc val_metric=0.5133
Step 2900 | loss 0.3928 | val_acc=0.5164 val_loss=2.8975 val_f1_macro=0.4640 val_f1_weighted=0.5157 val_prec_macro=0.4653 val_rec_macro=0.4628 val_metric_name=acc val_metric=0.5164
Step 2950 | loss 0.3865 | val_acc=0.5172 val_loss=2.8791 val_f1_macro=0.4644 val_f1_weighted=0.5165 val_prec_macro=0.4661 val_rec_macro=0.4628 val_metric_name=acc val_metric=0.5172
Step 3000 | loss 0.3792 | val_acc=0.5164 val_loss=2.8998 val_f1_macro=0.4653 val_f1_weighted=0.5157 val_prec_macro=0.4672 val_rec_macro=0.4636 val_metric_name=acc val_metric=0.5164
Step 3050 | loss 0.3642 | val_acc=0.5174 val_loss=2.9634 val_f1_macro=0.4652 val_f1_weighted=0.5168 val_prec_macro=0.4657 val_rec_macro=0.4648 val_metric_name=acc val_metric=0.5174
Step 3100 | loss 0.3721 | val_acc=0.5194 val_loss=3.0161 val_f1_macro=0.4672 val_f1_weighted=0.5187 val_prec_macro=0.4689 val_rec_macro=0.4658 val_metric_name=acc val_metric=0.5194
Step 3150 | loss 0.3551 | val_acc=0.5154 val_loss=3.0306 val_f1_macro=0.4639 val_f1_weighted=0.5149 val_prec_macro=0.4644 val_rec_macro=0.4635 val_metric_name=acc val_metric=0.5154
Step 3200 | loss 0.3454 | val_acc=0.5169 val_loss=3.0725 val_f1_macro=0.4647 val_f1_weighted=0.5167 val_prec_macro=0.4646 val_rec_macro=0.4647 val_metric_name=acc val_metric=0.5169
Step 3250 | loss 0.3523 | val_acc=0.5177 val_loss=3.0955 val_f1_macro=0.4679 val_f1_weighted=0.5170 val_prec_macro=0.4694 val_rec_macro=0.4665 val_metric_name=acc val_metric=0.5177
Step 3300 | loss 0.3406 | val_acc=0.5180 val_loss=3.1218 val_f1_macro=0.4646 val_f1_weighted=0.5176 val_prec_macro=0.4652 val_rec_macro=0.4640 val_metric_name=acc val_metric=0.5180
Step 3350 | loss 0.3313 | val_acc=0.5205 val_loss=3.1669 val_f1_macro=0.4680 val_f1_weighted=0.5199 val_prec_macro=0.4690 val_rec_macro=0.4671 val_metric_name=acc val_metric=0.5205
Step 3400 | loss 0.3269 | val_acc=0.5187 val_loss=3.1793 val_f1_macro=0.4660 val_f1_weighted=0.5179 val_prec_macro=0.4674 val_rec_macro=0.4648 val_metric_name=acc val_metric=0.5187
Step 3450 | loss 0.3234 | val_acc=0.5202 val_loss=3.1808 val_f1_macro=0.4680 val_f1_weighted=0.5196 val_prec_macro=0.4696 val_rec_macro=0.4666 val_metric_name=acc val_metric=0.5202
Step 3500 | loss 0.3226 | val_acc=0.5185 val_loss=3.2274 val_f1_macro=0.4671 val_f1_weighted=0.5181 val_prec_macro=0.4691 val_rec_macro=0.4653 val_metric_name=acc val_metric=0.5185
Step 3550 | loss 0.3198 | val_acc=0.5200 val_loss=3.2737 val_f1_macro=0.4681 val_f1_weighted=0.5194 val_prec_macro=0.4696 val_rec_macro=0.4667 val_metric_name=acc val_metric=0.5200
Step 3600 | loss 0.3129 | val_acc=0.5216 val_loss=3.2924 val_f1_macro=0.4690 val_f1_weighted=0.5207 val_prec_macro=0.4712 val_rec_macro=0.4671 val_metric_name=acc val_metric=0.5216
Step 3650 | loss 0.3052 | val_acc=0.5205 val_loss=3.3140 val_f1_macro=0.4688 val_f1_weighted=0.5198 val_prec_macro=0.4702 val_rec_macro=0.4676 val_metric_name=acc val_metric=0.5205
Step 3700 | loss 0.2986 | val_acc=0.5221 val_loss=3.3280 val_f1_macro=0.4688 val_f1_weighted=0.5212 val_prec_macro=0.4704 val_rec_macro=0.4674 val_metric_name=acc val_metric=0.5221
Step 3750 | loss 0.3049 | val_acc=0.5207 val_loss=3.3981 val_f1_macro=0.4689 val_f1_weighted=0.5203 val_prec_macro=0.4692 val_rec_macro=0.4685 val_metric_name=acc val_metric=0.5207
Step 3800 | loss 0.2893 | val_acc=0.5207 val_loss=3.3944 val_f1_macro=0.4678 val_f1_weighted=0.5200 val_prec_macro=0.4694 val_rec_macro=0.4664 val_metric_name=acc val_metric=0.5207
Step 3850 | loss 0.2889 | val_acc=0.5195 val_loss=3.4215 val_f1_macro=0.4676 val_f1_weighted=0.5189 val_prec_macro=0.4686 val_rec_macro=0.4666 val_metric_name=acc val_metric=0.5195
Step 3900 | loss 0.2802 | val_acc=0.5200 val_loss=3.4668 val_f1_macro=0.4669 val_f1_weighted=0.5195 val_prec_macro=0.4688 val_rec_macro=0.4652 val_metric_name=acc val_metric=0.5200
Step 3950 | loss 0.2743 | val_acc=0.5198 val_loss=3.5090 val_f1_macro=0.4678 val_f1_weighted=0.5190 val_prec_macro=0.4695 val_rec_macro=0.4662 val_metric_name=acc val_metric=0.5198
Step 4000 | loss 0.2701 | val_acc=0.5208 val_loss=3.5221 val_f1_macro=0.4670 val_f1_weighted=0.5200 val_prec_macro=0.4694 val_rec_macro=0.4649 val_metric_name=acc val_metric=0.5208
Step 4050 | loss 0.2725 | val_acc=0.5220 val_loss=3.5680 val_f1_macro=0.4691 val_f1_weighted=0.5211 val_prec_macro=0.4702 val_rec_macro=0.4682 val_metric_name=acc val_metric=0.5220
Step 4100 | loss 0.2619 | val_acc=0.5194 val_loss=3.5886 val_f1_macro=0.4700 val_f1_weighted=0.5186 val_prec_macro=0.4724 val_rec_macro=0.4679 val_metric_name=acc val_metric=0.5194
Step 4150 | loss 0.2569 | val_acc=0.5177 val_loss=3.5537 val_f1_macro=0.4661 val_f1_weighted=0.5171 val_prec_macro=0.4677 val_rec_macro=0.4647 val_metric_name=acc val_metric=0.5177
Step 4200 | loss 0.2491 | val_acc=0.5180 val_loss=3.6366 val_f1_macro=0.4664 val_f1_weighted=0.5175 val_prec_macro=0.4679 val_rec_macro=0.4651 val_metric_name=acc val_metric=0.5180
Step 4250 | loss 0.2517 | val_acc=0.5203 val_loss=3.6166 val_f1_macro=0.4679 val_f1_weighted=0.5197 val_prec_macro=0.4692 val_rec_macro=0.4667 val_metric_name=acc val_metric=0.5203
Step 4300 | loss 0.2509 | val_acc=0.5185 val_loss=3.6738 val_f1_macro=0.4653 val_f1_weighted=0.5180 val_prec_macro=0.4660 val_rec_macro=0.4648 val_metric_name=acc val_metric=0.5185
Step 4350 | loss 0.2405 | val_acc=0.5202 val_loss=3.7261 val_f1_macro=0.4676 val_f1_weighted=0.5199 val_prec_macro=0.4682 val_rec_macro=0.4670 val_metric_name=acc val_metric=0.5202
Step 4400 | loss 0.2425 | val_acc=0.5216 val_loss=3.7148 val_f1_macro=0.4706 val_f1_weighted=0.5208 val_prec_macro=0.4729 val_rec_macro=0.4685 val_metric_name=acc val_metric=0.5216
Early stopping at step 4412

--- Final (best ckpt @ step 4110) ---
  train_acc=0.9452 train_loss=0.1395 train_f1_macro=0.9397 train_f1_weighted=0.9452 train_prec_macro=0.9399 train_rec_macro=0.9397 train_metric_name=acc train_metric=0.9452
  val_acc=0.5226 val_loss=3.5489 val_f1_macro=0.4703 val_f1_weighted=0.5215 val_prec_macro=0.4729 val_rec_macro=0.4681 val_metric_name=acc val_metric=0.5226
  test_acc=0.5182 test_loss=3.5393 test_f1_macro=0.4592 test_f1_weighted=0.5170 test_prec_macro=0.4627 test_rec_macro=0.4562 test_metric_name=acc test_metric=0.5182
  test_acc=0.5182

============================================================
Training amazon-ratings GAT 4L h=512 lr=6e-05 split=4
============================================================
Training for 5000 steps
Step    1 | loss 1.7481 | val_acc=0.3678 val_loss=1.4517 val_f1_macro=0.1078 val_f1_weighted=0.1981 val_prec_macro=0.1236 val_rec_macro=0.2001 val_metric_name=acc val_metric=0.3678
Step   50 | loss 1.3760 | val_acc=0.4063 val_loss=1.3611 val_f1_macro=0.1986 val_f1_weighted=0.3170 val_prec_macro=0.2340 val_rec_macro=0.2431 val_metric_name=acc val_metric=0.4063
Step  100 | loss 1.3136 | val_acc=0.4295 val_loss=1.3267 val_f1_macro=0.2467 val_f1_weighted=0.3713 val_prec_macro=0.3314 val_rec_macro=0.2756 val_metric_name=acc val_metric=0.4295
Step  150 | loss 1.2475 | val_acc=0.4553 val_loss=1.3205 val_f1_macro=0.3011 val_f1_weighted=0.4093 val_prec_macro=0.4228 val_rec_macro=0.3102 val_metric_name=acc val_metric=0.4553
Step  200 | loss 1.1940 | val_acc=0.4573 val_loss=1.3166 val_f1_macro=0.3353 val_f1_weighted=0.4250 val_prec_macro=0.4316 val_rec_macro=0.3272 val_metric_name=acc val_metric=0.4573
Step  250 | loss 1.1374 | val_acc=0.4723 val_loss=1.3272 val_f1_macro=0.3590 val_f1_weighted=0.4459 val_prec_macro=0.4324 val_rec_macro=0.3496 val_metric_name=acc val_metric=0.4723
Step  300 | loss 1.0753 | val_acc=0.4713 val_loss=1.3603 val_f1_macro=0.3816 val_f1_weighted=0.4537 val_prec_macro=0.4184 val_rec_macro=0.3719 val_metric_name=acc val_metric=0.4713
Step  350 | loss 1.0306 | val_acc=0.4753 val_loss=1.3902 val_f1_macro=0.3960 val_f1_weighted=0.4636 val_prec_macro=0.4228 val_rec_macro=0.3851 val_metric_name=acc val_metric=0.4753
Step  400 | loss 0.9856 | val_acc=0.4731 val_loss=1.4268 val_f1_macro=0.4005 val_f1_weighted=0.4648 val_prec_macro=0.4244 val_rec_macro=0.3894 val_metric_name=acc val_metric=0.4731
Step  450 | loss 0.9437 | val_acc=0.4779 val_loss=1.4651 val_f1_macro=0.4090 val_f1_weighted=0.4700 val_prec_macro=0.4271 val_rec_macro=0.4008 val_metric_name=acc val_metric=0.4779
Step  500 | loss 0.9079 | val_acc=0.4725 val_loss=1.5259 val_f1_macro=0.4055 val_f1_weighted=0.4680 val_prec_macro=0.4088 val_rec_macro=0.4060 val_metric_name=acc val_metric=0.4725
Step  550 | loss 0.8752 | val_acc=0.4811 val_loss=1.5542 val_f1_macro=0.4145 val_f1_weighted=0.4762 val_prec_macro=0.4220 val_rec_macro=0.4111 val_metric_name=acc val_metric=0.4811
Step  600 | loss 0.8433 | val_acc=0.4869 val_loss=1.6135 val_f1_macro=0.4169 val_f1_weighted=0.4805 val_prec_macro=0.4252 val_rec_macro=0.4138 val_metric_name=acc val_metric=0.4869
Step  650 | loss 0.8096 | val_acc=0.4895 val_loss=1.6445 val_f1_macro=0.4256 val_f1_weighted=0.4854 val_prec_macro=0.4304 val_rec_macro=0.4240 val_metric_name=acc val_metric=0.4895
Step  700 | loss 0.7752 | val_acc=0.4976 val_loss=1.6879 val_f1_macro=0.4328 val_f1_weighted=0.4930 val_prec_macro=0.4415 val_rec_macro=0.4284 val_metric_name=acc val_metric=0.4976
Step  750 | loss 0.7533 | val_acc=0.4984 val_loss=1.7736 val_f1_macro=0.4335 val_f1_weighted=0.4948 val_prec_macro=0.4382 val_rec_macro=0.4324 val_metric_name=acc val_metric=0.4984
Step  800 | loss 0.7254 | val_acc=0.4999 val_loss=1.8198 val_f1_macro=0.4385 val_f1_weighted=0.4970 val_prec_macro=0.4406 val_rec_macro=0.4383 val_metric_name=acc val_metric=0.4999
Step  850 | loss 0.7012 | val_acc=0.4993 val_loss=1.8768 val_f1_macro=0.4374 val_f1_weighted=0.4972 val_prec_macro=0.4375 val_rec_macro=0.4391 val_metric_name=acc val_metric=0.4993
Step  900 | loss 0.6667 | val_acc=0.5027 val_loss=1.9159 val_f1_macro=0.4412 val_f1_weighted=0.5002 val_prec_macro=0.4433 val_rec_macro=0.4408 val_metric_name=acc val_metric=0.5027
Step  950 | loss 0.6445 | val_acc=0.5071 val_loss=1.9719 val_f1_macro=0.4473 val_f1_weighted=0.5044 val_prec_macro=0.4518 val_rec_macro=0.4444 val_metric_name=acc val_metric=0.5071
Step 1000 | loss 0.6188 | val_acc=0.5056 val_loss=2.0446 val_f1_macro=0.4479 val_f1_weighted=0.5029 val_prec_macro=0.4513 val_rec_macro=0.4464 val_metric_name=acc val_metric=0.5056
Step 1050 | loss 0.5910 | val_acc=0.5071 val_loss=2.0856 val_f1_macro=0.4492 val_f1_weighted=0.5049 val_prec_macro=0.4536 val_rec_macro=0.4456 val_metric_name=acc val_metric=0.5071
Step 1100 | loss 0.5630 | val_acc=0.5066 val_loss=2.1658 val_f1_macro=0.4525 val_f1_weighted=0.5054 val_prec_macro=0.4535 val_rec_macro=0.4519 val_metric_name=acc val_metric=0.5066
Step 1150 | loss 0.5435 | val_acc=0.5105 val_loss=2.2297 val_f1_macro=0.4539 val_f1_weighted=0.5082 val_prec_macro=0.4620 val_rec_macro=0.4480 val_metric_name=acc val_metric=0.5105
Step 1200 | loss 0.5256 | val_acc=0.5109 val_loss=2.2709 val_f1_macro=0.4568 val_f1_weighted=0.5095 val_prec_macro=0.4615 val_rec_macro=0.4530 val_metric_name=acc val_metric=0.5109
Step 1250 | loss 0.5070 | val_acc=0.5112 val_loss=2.3388 val_f1_macro=0.4569 val_f1_weighted=0.5094 val_prec_macro=0.4612 val_rec_macro=0.4533 val_metric_name=acc val_metric=0.5112
Step 1300 | loss 0.4856 | val_acc=0.5110 val_loss=2.4286 val_f1_macro=0.4594 val_f1_weighted=0.5099 val_prec_macro=0.4618 val_rec_macro=0.4574 val_metric_name=acc val_metric=0.5110
Step 1350 | loss 0.4679 | val_acc=0.5117 val_loss=2.4671 val_f1_macro=0.4574 val_f1_weighted=0.5108 val_prec_macro=0.4587 val_rec_macro=0.4564 val_metric_name=acc val_metric=0.5117
Step 1400 | loss 0.4620 | val_acc=0.5143 val_loss=2.5242 val_f1_macro=0.4601 val_f1_weighted=0.5128 val_prec_macro=0.4643 val_rec_macro=0.4565 val_metric_name=acc val_metric=0.5143
Step 1450 | loss 0.4371 | val_acc=0.5149 val_loss=2.5771 val_f1_macro=0.4644 val_f1_weighted=0.5141 val_prec_macro=0.4691 val_rec_macro=0.4604 val_metric_name=acc val_metric=0.5149
Step 1500 | loss 0.4166 | val_acc=0.5138 val_loss=2.6564 val_f1_macro=0.4615 val_f1_weighted=0.5124 val_prec_macro=0.4671 val_rec_macro=0.4568 val_metric_name=acc val_metric=0.5138
Step 1550 | loss 0.4010 | val_acc=0.5127 val_loss=2.7236 val_f1_macro=0.4607 val_f1_weighted=0.5121 val_prec_macro=0.4633 val_rec_macro=0.4586 val_metric_name=acc val_metric=0.5127
Step 1600 | loss 0.3863 | val_acc=0.5185 val_loss=2.7396 val_f1_macro=0.4639 val_f1_weighted=0.5175 val_prec_macro=0.4675 val_rec_macro=0.4608 val_metric_name=acc val_metric=0.5185
Step 1650 | loss 0.3730 | val_acc=0.5143 val_loss=2.8231 val_f1_macro=0.4616 val_f1_weighted=0.5131 val_prec_macro=0.4660 val_rec_macro=0.4579 val_metric_name=acc val_metric=0.5143
Step 1700 | loss 0.3667 | val_acc=0.5184 val_loss=2.8814 val_f1_macro=0.4666 val_f1_weighted=0.5175 val_prec_macro=0.4712 val_rec_macro=0.4626 val_metric_name=acc val_metric=0.5184
Step 1750 | loss 0.3499 | val_acc=0.5177 val_loss=2.9661 val_f1_macro=0.4644 val_f1_weighted=0.5168 val_prec_macro=0.4668 val_rec_macro=0.4623 val_metric_name=acc val_metric=0.5177
Step 1800 | loss 0.3342 | val_acc=0.5194 val_loss=3.0124 val_f1_macro=0.4676 val_f1_weighted=0.5189 val_prec_macro=0.4698 val_rec_macro=0.4654 val_metric_name=acc val_metric=0.5194
Step 1850 | loss 0.3294 | val_acc=0.5174 val_loss=3.0647 val_f1_macro=0.4653 val_f1_weighted=0.5166 val_prec_macro=0.4695 val_rec_macro=0.4618 val_metric_name=acc val_metric=0.5174
Step 1900 | loss 0.3191 | val_acc=0.5205 val_loss=3.0599 val_f1_macro=0.4660 val_f1_weighted=0.5192 val_prec_macro=0.4706 val_rec_macro=0.4620 val_metric_name=acc val_metric=0.5205
Step 1950 | loss 0.3096 | val_acc=0.5215 val_loss=3.1657 val_f1_macro=0.4685 val_f1_weighted=0.5211 val_prec_macro=0.4704 val_rec_macro=0.4669 val_metric_name=acc val_metric=0.5215
Step 2000 | loss 0.2950 | val_acc=0.5185 val_loss=3.2037 val_f1_macro=0.4661 val_f1_weighted=0.5182 val_prec_macro=0.4672 val_rec_macro=0.4652 val_metric_name=acc val_metric=0.5185
Step 2050 | loss 0.2888 | val_acc=0.5213 val_loss=3.2508 val_f1_macro=0.4698 val_f1_weighted=0.5205 val_prec_macro=0.4733 val_rec_macro=0.4668 val_metric_name=acc val_metric=0.5213
Step 2100 | loss 0.2719 | val_acc=0.5197 val_loss=3.3104 val_f1_macro=0.4648 val_f1_weighted=0.5185 val_prec_macro=0.4689 val_rec_macro=0.4613 val_metric_name=acc val_metric=0.5197
Step 2150 | loss 0.2649 | val_acc=0.5236 val_loss=3.3372 val_f1_macro=0.4702 val_f1_weighted=0.5227 val_prec_macro=0.4732 val_rec_macro=0.4675 val_metric_name=acc val_metric=0.5236
Step 2200 | loss 0.2521 | val_acc=0.5202 val_loss=3.3902 val_f1_macro=0.4673 val_f1_weighted=0.5195 val_prec_macro=0.4711 val_rec_macro=0.4641 val_metric_name=acc val_metric=0.5202
Step 2250 | loss 0.2500 | val_acc=0.5241 val_loss=3.4739 val_f1_macro=0.4705 val_f1_weighted=0.5234 val_prec_macro=0.4749 val_rec_macro=0.4667 val_metric_name=acc val_metric=0.5241
Step 2300 | loss 0.2383 | val_acc=0.5246 val_loss=3.5061 val_f1_macro=0.4703 val_f1_weighted=0.5234 val_prec_macro=0.4754 val_rec_macro=0.4660 val_metric_name=acc val_metric=0.5246
Step 2350 | loss 0.2377 | val_acc=0.5216 val_loss=3.5142 val_f1_macro=0.4685 val_f1_weighted=0.5208 val_prec_macro=0.4723 val_rec_macro=0.4653 val_metric_name=acc val_metric=0.5216
Step 2400 | loss 0.2292 | val_acc=0.5190 val_loss=3.5517 val_f1_macro=0.4666 val_f1_weighted=0.5186 val_prec_macro=0.4695 val_rec_macro=0.4641 val_metric_name=acc val_metric=0.5190
Step 2450 | loss 0.2183 | val_acc=0.5210 val_loss=3.6410 val_f1_macro=0.4672 val_f1_weighted=0.5202 val_prec_macro=0.4709 val_rec_macro=0.4639 val_metric_name=acc val_metric=0.5210
Step 2500 | loss 0.2178 | val_acc=0.5207 val_loss=3.6840 val_f1_macro=0.4686 val_f1_weighted=0.5201 val_prec_macro=0.4704 val_rec_macro=0.4670 val_metric_name=acc val_metric=0.5207
Step 2550 | loss 0.2112 | val_acc=0.5220 val_loss=3.7420 val_f1_macro=0.4695 val_f1_weighted=0.5210 val_prec_macro=0.4716 val_rec_macro=0.4677 val_metric_name=acc val_metric=0.5220
Step 2600 | loss 0.2043 | val_acc=0.5233 val_loss=3.7429 val_f1_macro=0.4708 val_f1_weighted=0.5224 val_prec_macro=0.4757 val_rec_macro=0.4668 val_metric_name=acc val_metric=0.5233
Early stopping at step 2603

--- Final (best ckpt @ step 1970) ---
  train_acc=0.9400 train_loss=0.1560 train_f1_macro=0.9334 train_f1_weighted=0.9400 train_prec_macro=0.9344 train_rec_macro=0.9326 train_metric_name=acc train_metric=0.9400
  val_acc=0.5246 val_loss=3.1704 val_f1_macro=0.4702 val_f1_weighted=0.5240 val_prec_macro=0.4729 val_rec_macro=0.4678 val_metric_name=acc val_metric=0.5246
  test_acc=0.5164 test_loss=3.1879 test_f1_macro=0.4529 test_f1_weighted=0.5154 test_prec_macro=0.4566 test_rec_macro=0.4499 test_metric_name=acc test_metric=0.5164
  test_acc=0.5164

============================================================
Training amazon-ratings GAT 4L h=512 lr=0.0001 split=4
============================================================
Training for 5000 steps
Step    1 | loss 1.7481 | val_acc=0.3678 val_loss=1.5828 val_f1_macro=0.1076 val_f1_weighted=0.1978 val_prec_macro=0.0736 val_rec_macro=0.2000 val_metric_name=acc val_metric=0.3678
Step   50 | loss 1.3739 | val_acc=0.4076 val_loss=1.3571 val_f1_macro=0.1959 val_f1_weighted=0.3143 val_prec_macro=0.2218 val_rec_macro=0.2443 val_metric_name=acc val_metric=0.4076
Step  100 | loss 1.3051 | val_acc=0.4338 val_loss=1.3163 val_f1_macro=0.2625 val_f1_weighted=0.3854 val_prec_macro=0.4197 val_rec_macro=0.2837 val_metric_name=acc val_metric=0.4338
Step  150 | loss 1.2278 | val_acc=0.4622 val_loss=1.2980 val_f1_macro=0.3281 val_f1_weighted=0.4282 val_prec_macro=0.4155 val_rec_macro=0.3293 val_metric_name=acc val_metric=0.4622
Step  200 | loss 1.1572 | val_acc=0.4717 val_loss=1.3128 val_f1_macro=0.3665 val_f1_weighted=0.4484 val_prec_macro=0.4334 val_rec_macro=0.3554 val_metric_name=acc val_metric=0.4717
Step  250 | loss 1.0831 | val_acc=0.4816 val_loss=1.3469 val_f1_macro=0.3978 val_f1_weighted=0.4671 val_prec_macro=0.4363 val_rec_macro=0.3848 val_metric_name=acc val_metric=0.4816
Step  300 | loss 1.0056 | val_acc=0.4808 val_loss=1.4075 val_f1_macro=0.4048 val_f1_weighted=0.4701 val_prec_macro=0.4358 val_rec_macro=0.3925 val_metric_name=acc val_metric=0.4808
Step  350 | loss 0.9494 | val_acc=0.4790 val_loss=1.4592 val_f1_macro=0.4132 val_f1_weighted=0.4720 val_prec_macro=0.4277 val_rec_macro=0.4053 val_metric_name=acc val_metric=0.4790
Step  400 | loss 0.8884 | val_acc=0.4837 val_loss=1.5305 val_f1_macro=0.4172 val_f1_weighted=0.4777 val_prec_macro=0.4275 val_rec_macro=0.4124 val_metric_name=acc val_metric=0.4837
Step  450 | loss 0.8419 | val_acc=0.4886 val_loss=1.5975 val_f1_macro=0.4232 val_f1_weighted=0.4839 val_prec_macro=0.4306 val_rec_macro=0.4197 val_metric_name=acc val_metric=0.4886
Step  500 | loss 0.7882 | val_acc=0.4895 val_loss=1.6890 val_f1_macro=0.4270 val_f1_weighted=0.4862 val_prec_macro=0.4295 val_rec_macro=0.4270 val_metric_name=acc val_metric=0.4895
Step  550 | loss 0.7411 | val_acc=0.4968 val_loss=1.7631 val_f1_macro=0.4299 val_f1_weighted=0.4927 val_prec_macro=0.4359 val_rec_macro=0.4269 val_metric_name=acc val_metric=0.4968
Step  600 | loss 0.6992 | val_acc=0.5043 val_loss=1.8454 val_f1_macro=0.4386 val_f1_weighted=0.5004 val_prec_macro=0.4440 val_rec_macro=0.4358 val_metric_name=acc val_metric=0.5043
Step  650 | loss 0.6510 | val_acc=0.5068 val_loss=1.9344 val_f1_macro=0.4451 val_f1_weighted=0.5038 val_prec_macro=0.4498 val_rec_macro=0.4422 val_metric_name=acc val_metric=0.5068
Step  700 | loss 0.6037 | val_acc=0.5065 val_loss=2.0102 val_f1_macro=0.4486 val_f1_weighted=0.5041 val_prec_macro=0.4530 val_rec_macro=0.4453 val_metric_name=acc val_metric=0.5065
Step  750 | loss 0.5729 | val_acc=0.5089 val_loss=2.1452 val_f1_macro=0.4511 val_f1_weighted=0.5065 val_prec_macro=0.4548 val_rec_macro=0.4488 val_metric_name=acc val_metric=0.5089
Step  800 | loss 0.5375 | val_acc=0.5112 val_loss=2.2038 val_f1_macro=0.4545 val_f1_weighted=0.5088 val_prec_macro=0.4601 val_rec_macro=0.4503 val_metric_name=acc val_metric=0.5112
Step  850 | loss 0.5040 | val_acc=0.5146 val_loss=2.3082 val_f1_macro=0.4561 val_f1_weighted=0.5133 val_prec_macro=0.4578 val_rec_macro=0.4549 val_metric_name=acc val_metric=0.5146
Step  900 | loss 0.4672 | val_acc=0.5161 val_loss=2.4153 val_f1_macro=0.4572 val_f1_weighted=0.5143 val_prec_macro=0.4612 val_rec_macro=0.4538 val_metric_name=acc val_metric=0.5161
Step  950 | loss 0.4410 | val_acc=0.5187 val_loss=2.4727 val_f1_macro=0.4636 val_f1_weighted=0.5171 val_prec_macro=0.4664 val_rec_macro=0.4617 val_metric_name=acc val_metric=0.5187
Step 1000 | loss 0.4125 | val_acc=0.5164 val_loss=2.5709 val_f1_macro=0.4588 val_f1_weighted=0.5143 val_prec_macro=0.4631 val_rec_macro=0.4554 val_metric_name=acc val_metric=0.5164
Step 1050 | loss 0.3877 | val_acc=0.5197 val_loss=2.6886 val_f1_macro=0.4663 val_f1_weighted=0.5186 val_prec_macro=0.4698 val_rec_macro=0.4633 val_metric_name=acc val_metric=0.5197
Step 1100 | loss 0.3605 | val_acc=0.5182 val_loss=2.7787 val_f1_macro=0.4617 val_f1_weighted=0.5172 val_prec_macro=0.4648 val_rec_macro=0.4589 val_metric_name=acc val_metric=0.5182
Step 1150 | loss 0.3343 | val_acc=0.5215 val_loss=2.8580 val_f1_macro=0.4686 val_f1_weighted=0.5196 val_prec_macro=0.4755 val_rec_macro=0.4630 val_metric_name=acc val_metric=0.5215
Step 1200 | loss 0.3197 | val_acc=0.5158 val_loss=2.9641 val_f1_macro=0.4632 val_f1_weighted=0.5153 val_prec_macro=0.4659 val_rec_macro=0.4608 val_metric_name=acc val_metric=0.5158
Step 1250 | loss 0.3056 | val_acc=0.5185 val_loss=3.0071 val_f1_macro=0.4671 val_f1_weighted=0.5176 val_prec_macro=0.4708 val_rec_macro=0.4638 val_metric_name=acc val_metric=0.5185
Step 1300 | loss 0.2918 | val_acc=0.5228 val_loss=3.1277 val_f1_macro=0.4723 val_f1_weighted=0.5221 val_prec_macro=0.4740 val_rec_macro=0.4708 val_metric_name=acc val_metric=0.5228
Step 1350 | loss 0.2715 | val_acc=0.5185 val_loss=3.1819 val_f1_macro=0.4682 val_f1_weighted=0.5177 val_prec_macro=0.4721 val_rec_macro=0.4650 val_metric_name=acc val_metric=0.5185
Step 1400 | loss 0.2660 | val_acc=0.5213 val_loss=3.2632 val_f1_macro=0.4696 val_f1_weighted=0.5206 val_prec_macro=0.4733 val_rec_macro=0.4662 val_metric_name=acc val_metric=0.5213
Step 1450 | loss 0.2451 | val_acc=0.5211 val_loss=3.3309 val_f1_macro=0.4699 val_f1_weighted=0.5202 val_prec_macro=0.4745 val_rec_macro=0.4660 val_metric_name=acc val_metric=0.5211
Step 1500 | loss 0.2336 | val_acc=0.5185 val_loss=3.4080 val_f1_macro=0.4650 val_f1_weighted=0.5176 val_prec_macro=0.4677 val_rec_macro=0.4625 val_metric_name=acc val_metric=0.5185
Step 1550 | loss 0.2262 | val_acc=0.5197 val_loss=3.4801 val_f1_macro=0.4668 val_f1_weighted=0.5192 val_prec_macro=0.4703 val_rec_macro=0.4638 val_metric_name=acc val_metric=0.5197
Step 1600 | loss 0.2217 | val_acc=0.5231 val_loss=3.5113 val_f1_macro=0.4703 val_f1_weighted=0.5222 val_prec_macro=0.4735 val_rec_macro=0.4675 val_metric_name=acc val_metric=0.5231
Step 1650 | loss 0.2046 | val_acc=0.5210 val_loss=3.5830 val_f1_macro=0.4684 val_f1_weighted=0.5203 val_prec_macro=0.4706 val_rec_macro=0.4665 val_metric_name=acc val_metric=0.5210
Step 1700 | loss 0.1992 | val_acc=0.5211 val_loss=3.6517 val_f1_macro=0.4676 val_f1_weighted=0.5202 val_prec_macro=0.4714 val_rec_macro=0.4642 val_metric_name=acc val_metric=0.5211
Step 1750 | loss 0.1937 | val_acc=0.5211 val_loss=3.7457 val_f1_macro=0.4687 val_f1_weighted=0.5205 val_prec_macro=0.4716 val_rec_macro=0.4660 val_metric_name=acc val_metric=0.5211
Step 1800 | loss 0.1810 | val_acc=0.5234 val_loss=3.8203 val_f1_macro=0.4706 val_f1_weighted=0.5225 val_prec_macro=0.4760 val_rec_macro=0.4661 val_metric_name=acc val_metric=0.5234
Step 1850 | loss 0.1720 | val_acc=0.5198 val_loss=3.8239 val_f1_macro=0.4684 val_f1_weighted=0.5194 val_prec_macro=0.4717 val_rec_macro=0.4657 val_metric_name=acc val_metric=0.5198
Step 1900 | loss 0.1708 | val_acc=0.5221 val_loss=3.9062 val_f1_macro=0.4705 val_f1_weighted=0.5210 val_prec_macro=0.4759 val_rec_macro=0.4658 val_metric_name=acc val_metric=0.5221
Step 1950 | loss 0.1652 | val_acc=0.5244 val_loss=3.9711 val_f1_macro=0.4731 val_f1_weighted=0.5237 val_prec_macro=0.4762 val_rec_macro=0.4706 val_metric_name=acc val_metric=0.5244
Step 2000 | loss 0.1567 | val_acc=0.5228 val_loss=4.0093 val_f1_macro=0.4716 val_f1_weighted=0.5221 val_prec_macro=0.4753 val_rec_macro=0.4685 val_metric_name=acc val_metric=0.5228
Step 2050 | loss 0.1482 | val_acc=0.5243 val_loss=4.0628 val_f1_macro=0.4711 val_f1_weighted=0.5236 val_prec_macro=0.4752 val_rec_macro=0.4677 val_metric_name=acc val_metric=0.5243
Step 2100 | loss 0.1444 | val_acc=0.5207 val_loss=4.1043 val_f1_macro=0.4664 val_f1_weighted=0.5200 val_prec_macro=0.4708 val_rec_macro=0.4629 val_metric_name=acc val_metric=0.5207
Step 2150 | loss 0.1421 | val_acc=0.5207 val_loss=4.1013 val_f1_macro=0.4700 val_f1_weighted=0.5202 val_prec_macro=0.4747 val_rec_macro=0.4664 val_metric_name=acc val_metric=0.5207
Step 2200 | loss 0.1355 | val_acc=0.5215 val_loss=4.1714 val_f1_macro=0.4686 val_f1_weighted=0.5208 val_prec_macro=0.4732 val_rec_macro=0.4648 val_metric_name=acc val_metric=0.5215
Step 2250 | loss 0.1372 | val_acc=0.5220 val_loss=4.2987 val_f1_macro=0.4715 val_f1_weighted=0.5216 val_prec_macro=0.4763 val_rec_macro=0.4677 val_metric_name=acc val_metric=0.5220
Step 2300 | loss 0.1210 | val_acc=0.5176 val_loss=4.2522 val_f1_macro=0.4644 val_f1_weighted=0.5168 val_prec_macro=0.4688 val_rec_macro=0.4608 val_metric_name=acc val_metric=0.5176
Step 2350 | loss 0.1205 | val_acc=0.5233 val_loss=4.4156 val_f1_macro=0.4719 val_f1_weighted=0.5225 val_prec_macro=0.4760 val_rec_macro=0.4685 val_metric_name=acc val_metric=0.5233
Step 2400 | loss 0.1197 | val_acc=0.5231 val_loss=4.3727 val_f1_macro=0.4715 val_f1_weighted=0.5224 val_prec_macro=0.4761 val_rec_macro=0.4678 val_metric_name=acc val_metric=0.5231
Step 2450 | loss 0.1166 | val_acc=0.5241 val_loss=4.4535 val_f1_macro=0.4744 val_f1_weighted=0.5233 val_prec_macro=0.4804 val_rec_macro=0.4697 val_metric_name=acc val_metric=0.5241
Step 2500 | loss 0.1138 | val_acc=0.5216 val_loss=4.5131 val_f1_macro=0.4717 val_f1_weighted=0.5210 val_prec_macro=0.4756 val_rec_macro=0.4684 val_metric_name=acc val_metric=0.5216
Step 2550 | loss 0.1157 | val_acc=0.5208 val_loss=4.5641 val_f1_macro=0.4704 val_f1_weighted=0.5201 val_prec_macro=0.4745 val_rec_macro=0.4669 val_metric_name=acc val_metric=0.5208
Step 2600 | loss 0.1038 | val_acc=0.5241 val_loss=4.6437 val_f1_macro=0.4736 val_f1_weighted=0.5234 val_prec_macro=0.4784 val_rec_macro=0.4698 val_metric_name=acc val_metric=0.5241
Step 2650 | loss 0.0977 | val_acc=0.5211 val_loss=4.6483 val_f1_macro=0.4721 val_f1_weighted=0.5208 val_prec_macro=0.4750 val_rec_macro=0.4696 val_metric_name=acc val_metric=0.5211
Step 2700 | loss 0.1004 | val_acc=0.5184 val_loss=4.6471 val_f1_macro=0.4683 val_f1_weighted=0.5180 val_prec_macro=0.4710 val_rec_macro=0.4659 val_metric_name=acc val_metric=0.5184
Step 2750 | loss 0.1004 | val_acc=0.5218 val_loss=4.6903 val_f1_macro=0.4724 val_f1_weighted=0.5218 val_prec_macro=0.4756 val_rec_macro=0.4700 val_metric_name=acc val_metric=0.5218
Step 2800 | loss 0.0895 | val_acc=0.5221 val_loss=4.6686 val_f1_macro=0.4703 val_f1_weighted=0.5219 val_prec_macro=0.4744 val_rec_macro=0.4673 val_metric_name=acc val_metric=0.5221
Step 2850 | loss 0.0956 | val_acc=0.5231 val_loss=4.7270 val_f1_macro=0.4744 val_f1_weighted=0.5223 val_prec_macro=0.4810 val_rec_macro=0.4692 val_metric_name=acc val_metric=0.5231
Step 2900 | loss 0.0885 | val_acc=0.5223 val_loss=4.8520 val_f1_macro=0.4709 val_f1_weighted=0.5217 val_prec_macro=0.4745 val_rec_macro=0.4679 val_metric_name=acc val_metric=0.5223
Step 2950 | loss 0.0879 | val_acc=0.5176 val_loss=4.8371 val_f1_macro=0.4682 val_f1_weighted=0.5171 val_prec_macro=0.4729 val_rec_macro=0.4642 val_metric_name=acc val_metric=0.5176
Step 3000 | loss 0.0813 | val_acc=0.5207 val_loss=4.8715 val_f1_macro=0.4713 val_f1_weighted=0.5204 val_prec_macro=0.4744 val_rec_macro=0.4687 val_metric_name=acc val_metric=0.5207
Early stopping at step 3027

--- Final (best ckpt @ step 1910) ---
  train_acc=0.9779 train_loss=0.0601 train_f1_macro=0.9749 train_f1_weighted=0.9779 train_prec_macro=0.9786 train_rec_macro=0.9713 train_metric_name=acc train_metric=0.9779
  val_acc=0.5249 val_loss=3.8822 val_f1_macro=0.4735 val_f1_weighted=0.5237 val_prec_macro=0.4792 val_rec_macro=0.4687 val_metric_name=acc val_metric=0.5249
  test_acc=0.5167 test_loss=3.9607 test_f1_macro=0.4574 test_f1_weighted=0.5153 test_prec_macro=0.4652 test_rec_macro=0.4517 test_metric_name=acc test_metric=0.5167
  test_acc=0.5167

============================================================
Training amazon-ratings GAT 4L h=512 lr=1e-05 split=4
============================================================
Training for 5000 steps
Step    1 | loss 1.7481 | val_acc=0.2954 val_loss=1.5743 val_f1_macro=0.1614 val_f1_weighted=0.2316 val_prec_macro=0.3399 val_rec_macro=0.2004 val_metric_name=acc val_metric=0.2954
Step   50 | loss 1.4234 | val_acc=0.3823 val_loss=1.3977 val_f1_macro=0.1663 val_f1_weighted=0.2754 val_prec_macro=0.1545 val_rec_macro=0.2214 val_metric_name=acc val_metric=0.3823
Step  100 | loss 1.4047 | val_acc=0.3926 val_loss=1.3799 val_f1_macro=0.1770 val_f1_weighted=0.2896 val_prec_macro=0.1652 val_rec_macro=0.2298 val_metric_name=acc val_metric=0.3926
Step  150 | loss 1.3755 | val_acc=0.4078 val_loss=1.3617 val_f1_macro=0.1987 val_f1_weighted=0.3172 val_prec_macro=0.2491 val_rec_macro=0.2433 val_metric_name=acc val_metric=0.4078
Step  200 | loss 1.3523 | val_acc=0.4135 val_loss=1.3473 val_f1_macro=0.2181 val_f1_weighted=0.3405 val_prec_macro=0.2394 val_rec_macro=0.2524 val_metric_name=acc val_metric=0.4135
Step  250 | loss 1.3349 | val_acc=0.4215 val_loss=1.3364 val_f1_macro=0.2356 val_f1_weighted=0.3596 val_prec_macro=0.3591 val_rec_macro=0.2632 val_metric_name=acc val_metric=0.4215
Step  300 | loss 1.3146 | val_acc=0.4259 val_loss=1.3298 val_f1_macro=0.2555 val_f1_weighted=0.3738 val_prec_macro=0.4674 val_rec_macro=0.2732 val_metric_name=acc val_metric=0.4259
Step  350 | loss 1.2966 | val_acc=0.4328 val_loss=1.3235 val_f1_macro=0.2767 val_f1_weighted=0.3933 val_prec_macro=0.3950 val_rec_macro=0.2871 val_metric_name=acc val_metric=0.4328
Step  400 | loss 1.2791 | val_acc=0.4424 val_loss=1.3157 val_f1_macro=0.2928 val_f1_weighted=0.4059 val_prec_macro=0.4087 val_rec_macro=0.2994 val_metric_name=acc val_metric=0.4424
Step  450 | loss 1.2589 | val_acc=0.4442 val_loss=1.3165 val_f1_macro=0.3059 val_f1_weighted=0.4101 val_prec_macro=0.4161 val_rec_macro=0.3060 val_metric_name=acc val_metric=0.4442
Step  500 | loss 1.2466 | val_acc=0.4545 val_loss=1.3117 val_f1_macro=0.3253 val_f1_weighted=0.4226 val_prec_macro=0.4328 val_rec_macro=0.3208 val_metric_name=acc val_metric=0.4545
Step  550 | loss 1.2239 | val_acc=0.4593 val_loss=1.3141 val_f1_macro=0.3371 val_f1_weighted=0.4282 val_prec_macro=0.4271 val_rec_macro=0.3305 val_metric_name=acc val_metric=0.4593
Step  600 | loss 1.2038 | val_acc=0.4614 val_loss=1.3135 val_f1_macro=0.3440 val_f1_weighted=0.4334 val_prec_macro=0.4258 val_rec_macro=0.3371 val_metric_name=acc val_metric=0.4614
Step  650 | loss 1.1909 | val_acc=0.4651 val_loss=1.3094 val_f1_macro=0.3496 val_f1_weighted=0.4388 val_prec_macro=0.4214 val_rec_macro=0.3429 val_metric_name=acc val_metric=0.4651
Step  700 | loss 1.1719 | val_acc=0.4679 val_loss=1.3194 val_f1_macro=0.3592 val_f1_weighted=0.4442 val_prec_macro=0.4294 val_rec_macro=0.3493 val_metric_name=acc val_metric=0.4679
Step  750 | loss 1.1609 | val_acc=0.4699 val_loss=1.3203 val_f1_macro=0.3658 val_f1_weighted=0.4498 val_prec_macro=0.4193 val_rec_macro=0.3562 val_metric_name=acc val_metric=0.4699
Step  800 | loss 1.1458 | val_acc=0.4715 val_loss=1.3207 val_f1_macro=0.3687 val_f1_weighted=0.4522 val_prec_macro=0.4199 val_rec_macro=0.3592 val_metric_name=acc val_metric=0.4715
Step  850 | loss 1.1343 | val_acc=0.4710 val_loss=1.3273 val_f1_macro=0.3755 val_f1_weighted=0.4548 val_prec_macro=0.4214 val_rec_macro=0.3644 val_metric_name=acc val_metric=0.4710
Step  900 | loss 1.1159 | val_acc=0.4702 val_loss=1.3386 val_f1_macro=0.3828 val_f1_weighted=0.4568 val_prec_macro=0.4270 val_rec_macro=0.3693 val_metric_name=acc val_metric=0.4702
Step  950 | loss 1.1006 | val_acc=0.4715 val_loss=1.3468 val_f1_macro=0.3862 val_f1_weighted=0.4585 val_prec_macro=0.4195 val_rec_macro=0.3760 val_metric_name=acc val_metric=0.4715
Step 1000 | loss 1.0904 | val_acc=0.4731 val_loss=1.3519 val_f1_macro=0.3835 val_f1_weighted=0.4581 val_prec_macro=0.4265 val_rec_macro=0.3707 val_metric_name=acc val_metric=0.4731
Step 1050 | loss 1.0771 | val_acc=0.4704 val_loss=1.3649 val_f1_macro=0.3872 val_f1_weighted=0.4579 val_prec_macro=0.4265 val_rec_macro=0.3743 val_metric_name=acc val_metric=0.4704
Step 1100 | loss 1.0663 | val_acc=0.4699 val_loss=1.3634 val_f1_macro=0.3867 val_f1_weighted=0.4586 val_prec_macro=0.4153 val_rec_macro=0.3763 val_metric_name=acc val_metric=0.4699
Step 1150 | loss 1.0537 | val_acc=0.4738 val_loss=1.3810 val_f1_macro=0.3934 val_f1_weighted=0.4620 val_prec_macro=0.4271 val_rec_macro=0.3814 val_metric_name=acc val_metric=0.4738
Step 1200 | loss 1.0470 | val_acc=0.4741 val_loss=1.3835 val_f1_macro=0.3959 val_f1_weighted=0.4634 val_prec_macro=0.4216 val_rec_macro=0.3859 val_metric_name=acc val_metric=0.4741
Step 1250 | loss 1.0322 | val_acc=0.4757 val_loss=1.3898 val_f1_macro=0.3994 val_f1_weighted=0.4652 val_prec_macro=0.4277 val_rec_macro=0.3880 val_metric_name=acc val_metric=0.4757
Step 1300 | loss 1.0287 | val_acc=0.4746 val_loss=1.3955 val_f1_macro=0.3981 val_f1_weighted=0.4652 val_prec_macro=0.4212 val_rec_macro=0.3877 val_metric_name=acc val_metric=0.4746
Step 1350 | loss 1.0099 | val_acc=0.4769 val_loss=1.4031 val_f1_macro=0.4037 val_f1_weighted=0.4684 val_prec_macro=0.4246 val_rec_macro=0.3942 val_metric_name=acc val_metric=0.4769
Step 1400 | loss 1.0032 | val_acc=0.4793 val_loss=1.4126 val_f1_macro=0.4042 val_f1_weighted=0.4696 val_prec_macro=0.4288 val_rec_macro=0.3939 val_metric_name=acc val_metric=0.4793
Step 1450 | loss 0.9935 | val_acc=0.4767 val_loss=1.4277 val_f1_macro=0.4050 val_f1_weighted=0.4685 val_prec_macro=0.4268 val_rec_macro=0.3952 val_metric_name=acc val_metric=0.4767
Step 1500 | loss 0.9846 | val_acc=0.4803 val_loss=1.4331 val_f1_macro=0.4085 val_f1_weighted=0.4720 val_prec_macro=0.4285 val_rec_macro=0.3993 val_metric_name=acc val_metric=0.4803
Step 1550 | loss 0.9742 | val_acc=0.4779 val_loss=1.4393 val_f1_macro=0.4073 val_f1_weighted=0.4701 val_prec_macro=0.4232 val_rec_macro=0.4007 val_metric_name=acc val_metric=0.4779
Step 1600 | loss 0.9638 | val_acc=0.4754 val_loss=1.4565 val_f1_macro=0.4047 val_f1_weighted=0.4688 val_prec_macro=0.4157 val_rec_macro=0.3998 val_metric_name=acc val_metric=0.4754
Step 1650 | loss 0.9627 | val_acc=0.4789 val_loss=1.4668 val_f1_macro=0.4127 val_f1_weighted=0.4733 val_prec_macro=0.4218 val_rec_macro=0.4082 val_metric_name=acc val_metric=0.4789
Step 1700 | loss 0.9544 | val_acc=0.4789 val_loss=1.4685 val_f1_macro=0.4104 val_f1_weighted=0.4729 val_prec_macro=0.4204 val_rec_macro=0.4064 val_metric_name=acc val_metric=0.4789
Step 1750 | loss 0.9492 | val_acc=0.4774 val_loss=1.4789 val_f1_macro=0.4107 val_f1_weighted=0.4724 val_prec_macro=0.4204 val_rec_macro=0.4053 val_metric_name=acc val_metric=0.4774
Step 1800 | loss 0.9341 | val_acc=0.4761 val_loss=1.4959 val_f1_macro=0.4096 val_f1_weighted=0.4711 val_prec_macro=0.4175 val_rec_macro=0.4067 val_metric_name=acc val_metric=0.4761
Step 1850 | loss 0.9259 | val_acc=0.4795 val_loss=1.5037 val_f1_macro=0.4097 val_f1_weighted=0.4733 val_prec_macro=0.4194 val_rec_macro=0.4060 val_metric_name=acc val_metric=0.4795
Step 1900 | loss 0.9236 | val_acc=0.4821 val_loss=1.5098 val_f1_macro=0.4144 val_f1_weighted=0.4770 val_prec_macro=0.4209 val_rec_macro=0.4125 val_metric_name=acc val_metric=0.4821
Step 1950 | loss 0.9144 | val_acc=0.4782 val_loss=1.5194 val_f1_macro=0.4122 val_f1_weighted=0.4734 val_prec_macro=0.4179 val_rec_macro=0.4104 val_metric_name=acc val_metric=0.4782
Step 2000 | loss 0.9114 | val_acc=0.4821 val_loss=1.5317 val_f1_macro=0.4153 val_f1_weighted=0.4768 val_prec_macro=0.4204 val_rec_macro=0.4152 val_metric_name=acc val_metric=0.4821
Step 2050 | loss 0.9009 | val_acc=0.4777 val_loss=1.5378 val_f1_macro=0.4096 val_f1_weighted=0.4728 val_prec_macro=0.4156 val_rec_macro=0.4078 val_metric_name=acc val_metric=0.4777
Step 2100 | loss 0.8937 | val_acc=0.4797 val_loss=1.5523 val_f1_macro=0.4143 val_f1_weighted=0.4767 val_prec_macro=0.4158 val_rec_macro=0.4157 val_metric_name=acc val_metric=0.4797
Step 2150 | loss 0.8892 | val_acc=0.4795 val_loss=1.5635 val_f1_macro=0.4170 val_f1_weighted=0.4766 val_prec_macro=0.4195 val_rec_macro=0.4162 val_metric_name=acc val_metric=0.4795
Step 2200 | loss 0.8786 | val_acc=0.4795 val_loss=1.5743 val_f1_macro=0.4161 val_f1_weighted=0.4755 val_prec_macro=0.4202 val_rec_macro=0.4158 val_metric_name=acc val_metric=0.4795
Step 2250 | loss 0.8761 | val_acc=0.4857 val_loss=1.5724 val_f1_macro=0.4206 val_f1_weighted=0.4809 val_prec_macro=0.4270 val_rec_macro=0.4179 val_metric_name=acc val_metric=0.4857
Step 2300 | loss 0.8614 | val_acc=0.4823 val_loss=1.5929 val_f1_macro=0.4182 val_f1_weighted=0.4788 val_prec_macro=0.4211 val_rec_macro=0.4183 val_metric_name=acc val_metric=0.4823
Step 2350 | loss 0.8640 | val_acc=0.4821 val_loss=1.5895 val_f1_macro=0.4182 val_f1_weighted=0.4782 val_prec_macro=0.4226 val_rec_macro=0.4166 val_metric_name=acc val_metric=0.4821
Step 2400 | loss 0.8524 | val_acc=0.4824 val_loss=1.6153 val_f1_macro=0.4189 val_f1_weighted=0.4796 val_prec_macro=0.4208 val_rec_macro=0.4189 val_metric_name=acc val_metric=0.4824
Step 2450 | loss 0.8443 | val_acc=0.4869 val_loss=1.6202 val_f1_macro=0.4219 val_f1_weighted=0.4840 val_prec_macro=0.4232 val_rec_macro=0.4233 val_metric_name=acc val_metric=0.4869
Step 2500 | loss 0.8391 | val_acc=0.4869 val_loss=1.6244 val_f1_macro=0.4238 val_f1_weighted=0.4833 val_prec_macro=0.4276 val_rec_macro=0.4227 val_metric_name=acc val_metric=0.4869
Step 2550 | loss 0.8389 | val_acc=0.4855 val_loss=1.6415 val_f1_macro=0.4239 val_f1_weighted=0.4826 val_prec_macro=0.4264 val_rec_macro=0.4236 val_metric_name=acc val_metric=0.4855
Step 2600 | loss 0.8288 | val_acc=0.4844 val_loss=1.6486 val_f1_macro=0.4220 val_f1_weighted=0.4815 val_prec_macro=0.4237 val_rec_macro=0.4227 val_metric_name=acc val_metric=0.4844
Step 2650 | loss 0.8235 | val_acc=0.4865 val_loss=1.6664 val_f1_macro=0.4227 val_f1_weighted=0.4838 val_prec_macro=0.4234 val_rec_macro=0.4250 val_metric_name=acc val_metric=0.4865
Step 2700 | loss 0.8110 | val_acc=0.4869 val_loss=1.6722 val_f1_macro=0.4235 val_f1_weighted=0.4838 val_prec_macro=0.4254 val_rec_macro=0.4238 val_metric_name=acc val_metric=0.4869
Step 2750 | loss 0.8148 | val_acc=0.4875 val_loss=1.6834 val_f1_macro=0.4262 val_f1_weighted=0.4857 val_prec_macro=0.4255 val_rec_macro=0.4290 val_metric_name=acc val_metric=0.4875
Step 2800 | loss 0.8036 | val_acc=0.4900 val_loss=1.6856 val_f1_macro=0.4273 val_f1_weighted=0.4879 val_prec_macro=0.4274 val_rec_macro=0.4288 val_metric_name=acc val_metric=0.4900
Step 2850 | loss 0.8007 | val_acc=0.4916 val_loss=1.7007 val_f1_macro=0.4286 val_f1_weighted=0.4890 val_prec_macro=0.4302 val_rec_macro=0.4292 val_metric_name=acc val_metric=0.4916
Step 2900 | loss 0.7978 | val_acc=0.4937 val_loss=1.7224 val_f1_macro=0.4307 val_f1_weighted=0.4913 val_prec_macro=0.4317 val_rec_macro=0.4315 val_metric_name=acc val_metric=0.4937
Step 2950 | loss 0.7892 | val_acc=0.4901 val_loss=1.7186 val_f1_macro=0.4270 val_f1_weighted=0.4878 val_prec_macro=0.4271 val_rec_macro=0.4293 val_metric_name=acc val_metric=0.4901
Step 3000 | loss 0.7862 | val_acc=0.4888 val_loss=1.7293 val_f1_macro=0.4255 val_f1_weighted=0.4867 val_prec_macro=0.4261 val_rec_macro=0.4267 val_metric_name=acc val_metric=0.4888
Step 3050 | loss 0.7716 | val_acc=0.4921 val_loss=1.7445 val_f1_macro=0.4281 val_f1_weighted=0.4896 val_prec_macro=0.4289 val_rec_macro=0.4293 val_metric_name=acc val_metric=0.4921
Step 3100 | loss 0.7700 | val_acc=0.4913 val_loss=1.7578 val_f1_macro=0.4286 val_f1_weighted=0.4890 val_prec_macro=0.4287 val_rec_macro=0.4306 val_metric_name=acc val_metric=0.4913
Step 3150 | loss 0.7652 | val_acc=0.4916 val_loss=1.7602 val_f1_macro=0.4273 val_f1_weighted=0.4891 val_prec_macro=0.4274 val_rec_macro=0.4303 val_metric_name=acc val_metric=0.4916
Step 3200 | loss 0.7639 | val_acc=0.4918 val_loss=1.7736 val_f1_macro=0.4293 val_f1_weighted=0.4893 val_prec_macro=0.4305 val_rec_macro=0.4298 val_metric_name=acc val_metric=0.4918
Step 3250 | loss 0.7557 | val_acc=0.4931 val_loss=1.7868 val_f1_macro=0.4293 val_f1_weighted=0.4906 val_prec_macro=0.4296 val_rec_macro=0.4315 val_metric_name=acc val_metric=0.4931
Step 3300 | loss 0.7514 | val_acc=0.4924 val_loss=1.7942 val_f1_macro=0.4292 val_f1_weighted=0.4900 val_prec_macro=0.4297 val_rec_macro=0.4313 val_metric_name=acc val_metric=0.4924
Step 3350 | loss 0.7443 | val_acc=0.4932 val_loss=1.8127 val_f1_macro=0.4296 val_f1_weighted=0.4910 val_prec_macro=0.4302 val_rec_macro=0.4306 val_metric_name=acc val_metric=0.4932
Step 3400 | loss 0.7442 | val_acc=0.4926 val_loss=1.8331 val_f1_macro=0.4323 val_f1_weighted=0.4909 val_prec_macro=0.4317 val_rec_macro=0.4346 val_metric_name=acc val_metric=0.4926
Step 3450 | loss 0.7285 | val_acc=0.4949 val_loss=1.8335 val_f1_macro=0.4334 val_f1_weighted=0.4929 val_prec_macro=0.4332 val_rec_macro=0.4357 val_metric_name=acc val_metric=0.4949
Step 3500 | loss 0.7236 | val_acc=0.4935 val_loss=1.8428 val_f1_macro=0.4325 val_f1_weighted=0.4920 val_prec_macro=0.4321 val_rec_macro=0.4344 val_metric_name=acc val_metric=0.4935
Step 3550 | loss 0.7253 | val_acc=0.4942 val_loss=1.8644 val_f1_macro=0.4321 val_f1_weighted=0.4920 val_prec_macro=0.4321 val_rec_macro=0.4342 val_metric_name=acc val_metric=0.4942
Step 3600 | loss 0.7162 | val_acc=0.4913 val_loss=1.8624 val_f1_macro=0.4313 val_f1_weighted=0.4891 val_prec_macro=0.4320 val_rec_macro=0.4320 val_metric_name=acc val_metric=0.4913
Step 3650 | loss 0.7076 | val_acc=0.4950 val_loss=1.8805 val_f1_macro=0.4336 val_f1_weighted=0.4927 val_prec_macro=0.4338 val_rec_macro=0.4359 val_metric_name=acc val_metric=0.4950
Step 3700 | loss 0.7078 | val_acc=0.4940 val_loss=1.8903 val_f1_macro=0.4338 val_f1_weighted=0.4923 val_prec_macro=0.4332 val_rec_macro=0.4363 val_metric_name=acc val_metric=0.4940
Step 3750 | loss 0.7081 | val_acc=0.4947 val_loss=1.8937 val_f1_macro=0.4349 val_f1_weighted=0.4929 val_prec_macro=0.4344 val_rec_macro=0.4373 val_metric_name=acc val_metric=0.4947
Step 3800 | loss 0.6972 | val_acc=0.4942 val_loss=1.9064 val_f1_macro=0.4350 val_f1_weighted=0.4923 val_prec_macro=0.4347 val_rec_macro=0.4374 val_metric_name=acc val_metric=0.4942
Early stopping at step 3818

--- Final (best ckpt @ step 3370) ---
  train_acc=0.7329 train_loss=0.6009 train_f1_macro=0.7126 train_f1_weighted=0.7321 train_prec_macro=0.7189 train_rec_macro=0.7097 train_metric_name=acc train_metric=0.7329
  val_acc=0.4978 val_loss=1.8093 val_f1_macro=0.4349 val_f1_weighted=0.4954 val_prec_macro=0.4363 val_rec_macro=0.4352 val_metric_name=acc val_metric=0.4978
  test_acc=0.4882 test_loss=1.8520 test_f1_macro=0.4221 test_f1_weighted=0.4863 test_prec_macro=0.4235 test_rec_macro=0.4223 test_metric_name=acc test_metric=0.4882
  test_acc=0.4882
  >> num_layers=4 hidden_dim=256 lr=3e-05 best_step=1150 val_acc=0.4802 test_acc=0.4790
     val_acc=0.4802 val_f1_macro=0.4047 val_f1_weighted=0.4684 val_loss=1.3746 val_metric=0.4802 val_metric_name=acc val_prec_macro=0.4365 val_rec_macro=0.3928
     test_acc=0.4790 test_f1_macro=0.3947 test_f1_weighted=0.4690 test_loss=1.4031 test_metric=0.4790 test_metric_name=acc test_prec_macro=0.4154 test_rec_macro=0.3866
  >> num_layers=4 hidden_dim=256 lr=6e-05 best_step=2030 val_acc=0.5120 test_acc=0.5136
     val_acc=0.5120 val_f1_macro=0.4552 val_f1_weighted=0.5105 val_loss=1.9962 val_metric=0.5120 val_metric_name=acc val_prec_macro=0.4567 val_rec_macro=0.4547
     test_acc=0.5136 test_f1_macro=0.4437 test_f1_weighted=0.5122 test_loss=2.0347 test_metric=0.5136 test_metric_name=acc test_prec_macro=0.4459 test_rec_macro=0.4423
  >> num_layers=4 hidden_dim=256 lr=0.0001 best_step=4060 val_acc=0.5262 test_acc=0.5180
     val_acc=0.5262 val_f1_macro=0.4738 val_f1_weighted=0.5252 val_loss=3.4673 val_metric=0.5262 val_metric_name=acc val_prec_macro=0.4789 val_rec_macro=0.4696
     test_acc=0.5180 test_f1_macro=0.4546 test_f1_weighted=0.5169 test_loss=3.5322 test_metric=0.5180 test_metric_name=acc test_prec_macro=0.4590 test_rec_macro=0.4512
  >> num_layers=4 hidden_dim=256 lr=1e-05 best_step=2850 val_acc=0.4798 test_acc=0.4841
     val_acc=0.4798 val_f1_macro=0.4010 val_f1_weighted=0.4676 val_loss=1.3634 val_metric=0.4798 val_metric_name=acc val_prec_macro=0.4355 val_rec_macro=0.3889
     test_acc=0.4841 test_f1_macro=0.3932 test_f1_weighted=0.4723 test_loss=1.3850 test_metric=0.4841 test_metric_name=acc test_prec_macro=0.4183 test_rec_macro=0.3845
  >> num_layers=4 hidden_dim=384 lr=3e-05 best_step=3290 val_acc=0.5141 test_acc=0.5007
     val_acc=0.5141 val_f1_macro=0.4584 val_f1_weighted=0.5129 val_loss=2.5212 val_metric=0.5141 val_metric_name=acc val_prec_macro=0.4579 val_rec_macro=0.4606
     test_acc=0.5007 test_f1_macro=0.4359 test_f1_weighted=0.5001 test_loss=2.5778 test_metric=0.5007 test_metric_name=acc test_prec_macro=0.4354 test_rec_macro=0.4373
  >> num_layers=4 hidden_dim=384 lr=6e-05 best_step=3230 val_acc=0.5228 test_acc=0.5112
     val_acc=0.5228 val_f1_macro=0.4715 val_f1_weighted=0.5222 val_loss=3.4989 val_metric=0.5228 val_metric_name=acc val_prec_macro=0.4713 val_rec_macro=0.4723
     test_acc=0.5112 test_f1_macro=0.4477 test_f1_weighted=0.5109 test_loss=3.5410 test_metric=0.5112 test_metric_name=acc test_prec_macro=0.4484 test_rec_macro=0.4475
  >> num_layers=4 hidden_dim=384 lr=0.0001 best_step=2520 val_acc=0.5239 test_acc=0.5163
     val_acc=0.5239 val_f1_macro=0.4732 val_f1_weighted=0.5235 val_loss=3.7863 val_metric=0.5239 val_metric_name=acc val_prec_macro=0.4748 val_rec_macro=0.4720
     test_acc=0.5163 test_f1_macro=0.4523 test_f1_weighted=0.5154 test_loss=3.8916 test_metric=0.5163 test_metric_name=acc test_prec_macro=0.4555 test_rec_macro=0.4499
  >> num_layers=4 hidden_dim=384 lr=1e-05 best_step=1980 val_acc=0.4761 test_acc=0.4740
     val_acc=0.4761 val_f1_macro=0.3980 val_f1_weighted=0.4651 val_loss=1.3773 val_metric=0.4761 val_metric_name=acc val_prec_macro=0.4262 val_rec_macro=0.3867
     test_acc=0.4740 test_f1_macro=0.3936 test_f1_weighted=0.4656 test_loss=1.3943 test_metric=0.4740 test_metric_name=acc test_prec_macro=0.4146 test_rec_macro=0.3847
  >> num_layers=4 hidden_dim=512 lr=3e-05 best_step=4110 val_acc=0.5226 test_acc=0.5182
     val_acc=0.5226 val_f1_macro=0.4703 val_f1_weighted=0.5215 val_loss=3.5489 val_metric=0.5226 val_metric_name=acc val_prec_macro=0.4729 val_rec_macro=0.4681
     test_acc=0.5182 test_f1_macro=0.4592 test_f1_weighted=0.5170 test_loss=3.5393 test_metric=0.5182 test_metric_name=acc test_prec_macro=0.4627 test_rec_macro=0.4562
  >> num_layers=4 hidden_dim=512 lr=6e-05 best_step=1970 val_acc=0.5246 test_acc=0.5164
     val_acc=0.5246 val_f1_macro=0.4702 val_f1_weighted=0.5240 val_loss=3.1704 val_metric=0.5246 val_metric_name=acc val_prec_macro=0.4729 val_rec_macro=0.4678
     test_acc=0.5164 test_f1_macro=0.4529 test_f1_weighted=0.5154 test_loss=3.1879 test_metric=0.5164 test_metric_name=acc test_prec_macro=0.4566 test_rec_macro=0.4499
  >> num_layers=4 hidden_dim=512 lr=0.0001 best_step=1910 val_acc=0.5249 test_acc=0.5167
     val_acc=0.5249 val_f1_macro=0.4735 val_f1_weighted=0.5237 val_loss=3.8822 val_metric=0.5249 val_metric_name=acc val_prec_macro=0.4792 val_rec_macro=0.4687
     test_acc=0.5167 test_f1_macro=0.4574 test_f1_weighted=0.5153 test_loss=3.9607 test_metric=0.5167 test_metric_name=acc test_prec_macro=0.4652 test_rec_macro=0.4517
  >> num_layers=4 hidden_dim=512 lr=1e-05 best_step=3370 val_acc=0.4978 test_acc=0.4882
     val_acc=0.4978 val_f1_macro=0.4349 val_f1_weighted=0.4954 val_loss=1.8093 val_metric=0.4978 val_metric_name=acc val_prec_macro=0.4363 val_rec_macro=0.4352
     test_acc=0.4882 test_f1_macro=0.4221 test_f1_weighted=0.4863 test_loss=1.8520 test_metric=0.4882 test_metric_name=acc test_prec_macro=0.4235 test_rec_macro=0.4223
  >> selected best (by val): num_layers=4 hidden_dim=256 lr=0.0001 val_acc=0.5262 test_acc=0.5180
     val_acc=0.5262 val_f1_macro=0.4738 val_f1_weighted=0.5252 val_loss=3.4673 val_metric=0.5262 val_metric_name=acc val_prec_macro=0.4789 val_rec_macro=0.4696
     test_acc=0.5180 test_f1_macro=0.4546 test_f1_weighted=0.5169 test_loss=3.5322 test_metric=0.5180 test_metric_name=acc test_prec_macro=0.4590 test_rec_macro=0.4512

Done. Results saved to /home/avshmelev/diploma_yandex_graphs/results_grid/amazon_ratings/base.csv, checkpoints in /home/avshmelev/diploma_yandex_graphs/all_checkpoints/amazon_ratings/base/
