Loading data...

============================================================
Training amazon-ratings GT 2L h=256 lr=3e-05 split=4
============================================================
Training for 5000 steps
Step    1 | loss 1.5529 | val_acc=0.3418 val_loss=1.4457 val_f1_macro=0.1670 val_f1_weighted=0.2682 val_prec_macro=0.1760 val_rec_macro=0.2018 val_metric_name=acc val_metric=0.3418
Step   50 | loss 1.4100 | val_acc=0.3776 val_loss=1.3958 val_f1_macro=0.1533 val_f1_weighted=0.2584 val_prec_macro=0.1536 val_rec_macro=0.2145 val_metric_name=acc val_metric=0.3776
Step  100 | loss 1.3802 | val_acc=0.3975 val_loss=1.3702 val_f1_macro=0.1870 val_f1_weighted=0.3025 val_prec_macro=0.2155 val_rec_macro=0.2373 val_metric_name=acc val_metric=0.3975
Step  150 | loss 1.3572 | val_acc=0.4134 val_loss=1.3526 val_f1_macro=0.2123 val_f1_weighted=0.3336 val_prec_macro=0.4310 val_rec_macro=0.2544 val_metric_name=acc val_metric=0.4134
Step  200 | loss 1.3357 | val_acc=0.4220 val_loss=1.3408 val_f1_macro=0.2327 val_f1_weighted=0.3570 val_prec_macro=0.2999 val_rec_macro=0.2670 val_metric_name=acc val_metric=0.4220
Step  250 | loss 1.3089 | val_acc=0.4268 val_loss=1.3326 val_f1_macro=0.2495 val_f1_weighted=0.3708 val_prec_macro=0.3778 val_rec_macro=0.2779 val_metric_name=acc val_metric=0.4268
Step  300 | loss 1.2910 | val_acc=0.4352 val_loss=1.3255 val_f1_macro=0.2738 val_f1_weighted=0.3889 val_prec_macro=0.4305 val_rec_macro=0.2933 val_metric_name=acc val_metric=0.4352
Step  350 | loss 1.2584 | val_acc=0.4454 val_loss=1.3217 val_f1_macro=0.2965 val_f1_weighted=0.4051 val_prec_macro=0.4517 val_rec_macro=0.3096 val_metric_name=acc val_metric=0.4454
Step  400 | loss 1.2297 | val_acc=0.4578 val_loss=1.3183 val_f1_macro=0.3315 val_f1_weighted=0.4242 val_prec_macro=0.4575 val_rec_macro=0.3331 val_metric_name=acc val_metric=0.4578
Step  450 | loss 1.1955 | val_acc=0.4669 val_loss=1.3151 val_f1_macro=0.3488 val_f1_weighted=0.4376 val_prec_macro=0.4664 val_rec_macro=0.3454 val_metric_name=acc val_metric=0.4669
Step  500 | loss 1.1652 | val_acc=0.4697 val_loss=1.3238 val_f1_macro=0.3539 val_f1_weighted=0.4400 val_prec_macro=0.4513 val_rec_macro=0.3517 val_metric_name=acc val_metric=0.4697
Step  550 | loss 1.1266 | val_acc=0.4772 val_loss=1.3252 val_f1_macro=0.3686 val_f1_weighted=0.4509 val_prec_macro=0.4527 val_rec_macro=0.3632 val_metric_name=acc val_metric=0.4772
Step  600 | loss 1.0984 | val_acc=0.4805 val_loss=1.3209 val_f1_macro=0.3827 val_f1_weighted=0.4594 val_prec_macro=0.4562 val_rec_macro=0.3723 val_metric_name=acc val_metric=0.4805
Step  650 | loss 1.0697 | val_acc=0.4851 val_loss=1.3403 val_f1_macro=0.3905 val_f1_weighted=0.4638 val_prec_macro=0.4636 val_rec_macro=0.3799 val_metric_name=acc val_metric=0.4851
Step  700 | loss 1.0260 | val_acc=0.4921 val_loss=1.3501 val_f1_macro=0.4028 val_f1_weighted=0.4728 val_prec_macro=0.4692 val_rec_macro=0.3908 val_metric_name=acc val_metric=0.4921
Step  750 | loss 0.9966 | val_acc=0.4984 val_loss=1.3587 val_f1_macro=0.4107 val_f1_weighted=0.4806 val_prec_macro=0.4746 val_rec_macro=0.3969 val_metric_name=acc val_metric=0.4984
Step  800 | loss 0.9593 | val_acc=0.4993 val_loss=1.3751 val_f1_macro=0.4170 val_f1_weighted=0.4846 val_prec_macro=0.4734 val_rec_macro=0.4029 val_metric_name=acc val_metric=0.4993
Step  850 | loss 0.9326 | val_acc=0.5011 val_loss=1.3986 val_f1_macro=0.4181 val_f1_weighted=0.4862 val_prec_macro=0.4766 val_rec_macro=0.4027 val_metric_name=acc val_metric=0.5011
Step  900 | loss 0.9051 | val_acc=0.5048 val_loss=1.4143 val_f1_macro=0.4289 val_f1_weighted=0.4923 val_prec_macro=0.4753 val_rec_macro=0.4140 val_metric_name=acc val_metric=0.5048
Step  950 | loss 0.8732 | val_acc=0.5082 val_loss=1.4382 val_f1_macro=0.4355 val_f1_weighted=0.4965 val_prec_macro=0.4796 val_rec_macro=0.4219 val_metric_name=acc val_metric=0.5082
Step 1000 | loss 0.8411 | val_acc=0.5120 val_loss=1.4624 val_f1_macro=0.4403 val_f1_weighted=0.5010 val_prec_macro=0.4799 val_rec_macro=0.4267 val_metric_name=acc val_metric=0.5120
Step 1050 | loss 0.8087 | val_acc=0.5166 val_loss=1.4838 val_f1_macro=0.4461 val_f1_weighted=0.5061 val_prec_macro=0.4837 val_rec_macro=0.4328 val_metric_name=acc val_metric=0.5166
Step 1100 | loss 0.7787 | val_acc=0.5180 val_loss=1.5122 val_f1_macro=0.4491 val_f1_weighted=0.5075 val_prec_macro=0.4887 val_rec_macro=0.4347 val_metric_name=acc val_metric=0.5180
Step 1150 | loss 0.7508 | val_acc=0.5202 val_loss=1.5371 val_f1_macro=0.4560 val_f1_weighted=0.5116 val_prec_macro=0.4852 val_rec_macro=0.4437 val_metric_name=acc val_metric=0.5202
Step 1200 | loss 0.7211 | val_acc=0.5210 val_loss=1.5728 val_f1_macro=0.4591 val_f1_weighted=0.5132 val_prec_macro=0.4867 val_rec_macro=0.4468 val_metric_name=acc val_metric=0.5210
Step 1250 | loss 0.6848 | val_acc=0.5252 val_loss=1.5994 val_f1_macro=0.4622 val_f1_weighted=0.5172 val_prec_macro=0.4904 val_rec_macro=0.4497 val_metric_name=acc val_metric=0.5252
Step 1300 | loss 0.6713 | val_acc=0.5270 val_loss=1.6223 val_f1_macro=0.4651 val_f1_weighted=0.5193 val_prec_macro=0.4928 val_rec_macro=0.4529 val_metric_name=acc val_metric=0.5270
Step 1350 | loss 0.6579 | val_acc=0.5290 val_loss=1.6530 val_f1_macro=0.4714 val_f1_weighted=0.5226 val_prec_macro=0.4949 val_rec_macro=0.4596 val_metric_name=acc val_metric=0.5290
Step 1400 | loss 0.6241 | val_acc=0.5287 val_loss=1.6818 val_f1_macro=0.4720 val_f1_weighted=0.5220 val_prec_macro=0.4972 val_rec_macro=0.4600 val_metric_name=acc val_metric=0.5287
Step 1450 | loss 0.6069 | val_acc=0.5277 val_loss=1.7072 val_f1_macro=0.4729 val_f1_weighted=0.5217 val_prec_macro=0.4959 val_rec_macro=0.4612 val_metric_name=acc val_metric=0.5277
Step 1500 | loss 0.5901 | val_acc=0.5305 val_loss=1.7410 val_f1_macro=0.4769 val_f1_weighted=0.5249 val_prec_macro=0.4946 val_rec_macro=0.4675 val_metric_name=acc val_metric=0.5305
Step 1550 | loss 0.5667 | val_acc=0.5349 val_loss=1.7737 val_f1_macro=0.4789 val_f1_weighted=0.5287 val_prec_macro=0.5003 val_rec_macro=0.4679 val_metric_name=acc val_metric=0.5349
Step 1600 | loss 0.5339 | val_acc=0.5318 val_loss=1.8012 val_f1_macro=0.4780 val_f1_weighted=0.5265 val_prec_macro=0.4962 val_rec_macro=0.4678 val_metric_name=acc val_metric=0.5318
Step 1650 | loss 0.5228 | val_acc=0.5332 val_loss=1.8319 val_f1_macro=0.4787 val_f1_weighted=0.5276 val_prec_macro=0.4989 val_rec_macro=0.4677 val_metric_name=acc val_metric=0.5332
Step 1700 | loss 0.5093 | val_acc=0.5355 val_loss=1.8549 val_f1_macro=0.4811 val_f1_weighted=0.5306 val_prec_macro=0.4975 val_rec_macro=0.4713 val_metric_name=acc val_metric=0.5355
Step 1750 | loss 0.4996 | val_acc=0.5381 val_loss=1.8898 val_f1_macro=0.4855 val_f1_weighted=0.5332 val_prec_macro=0.4996 val_rec_macro=0.4784 val_metric_name=acc val_metric=0.5381
Step 1800 | loss 0.4697 | val_acc=0.5363 val_loss=1.9230 val_f1_macro=0.4846 val_f1_weighted=0.5314 val_prec_macro=0.5017 val_rec_macro=0.4745 val_metric_name=acc val_metric=0.5363
Step 1850 | loss 0.4596 | val_acc=0.5378 val_loss=1.9509 val_f1_macro=0.4835 val_f1_weighted=0.5331 val_prec_macro=0.4988 val_rec_macro=0.4746 val_metric_name=acc val_metric=0.5378
Step 1900 | loss 0.4545 | val_acc=0.5391 val_loss=1.9790 val_f1_macro=0.4841 val_f1_weighted=0.5347 val_prec_macro=0.4972 val_rec_macro=0.4768 val_metric_name=acc val_metric=0.5391
Step 1950 | loss 0.4262 | val_acc=0.5396 val_loss=2.0061 val_f1_macro=0.4855 val_f1_weighted=0.5353 val_prec_macro=0.4983 val_rec_macro=0.4784 val_metric_name=acc val_metric=0.5396
Step 2000 | loss 0.4212 | val_acc=0.5381 val_loss=2.0389 val_f1_macro=0.4854 val_f1_weighted=0.5341 val_prec_macro=0.4963 val_rec_macro=0.4794 val_metric_name=acc val_metric=0.5381
Step 2050 | loss 0.4114 | val_acc=0.5383 val_loss=2.0747 val_f1_macro=0.4840 val_f1_weighted=0.5343 val_prec_macro=0.4953 val_rec_macro=0.4776 val_metric_name=acc val_metric=0.5383
Step 2100 | loss 0.3945 | val_acc=0.5391 val_loss=2.0999 val_f1_macro=0.4843 val_f1_weighted=0.5349 val_prec_macro=0.4975 val_rec_macro=0.4766 val_metric_name=acc val_metric=0.5391
Step 2150 | loss 0.3758 | val_acc=0.5412 val_loss=2.1351 val_f1_macro=0.4868 val_f1_weighted=0.5374 val_prec_macro=0.4977 val_rec_macro=0.4804 val_metric_name=acc val_metric=0.5412
Step 2200 | loss 0.3813 | val_acc=0.5417 val_loss=2.1619 val_f1_macro=0.4862 val_f1_weighted=0.5376 val_prec_macro=0.4969 val_rec_macro=0.4807 val_metric_name=acc val_metric=0.5417
Step 2250 | loss 0.3678 | val_acc=0.5419 val_loss=2.2025 val_f1_macro=0.4888 val_f1_weighted=0.5381 val_prec_macro=0.4992 val_rec_macro=0.4835 val_metric_name=acc val_metric=0.5419
Step 2300 | loss 0.3536 | val_acc=0.5411 val_loss=2.2119 val_f1_macro=0.4874 val_f1_weighted=0.5380 val_prec_macro=0.4955 val_rec_macro=0.4828 val_metric_name=acc val_metric=0.5411
Step 2350 | loss 0.3473 | val_acc=0.5425 val_loss=2.2388 val_f1_macro=0.4874 val_f1_weighted=0.5392 val_prec_macro=0.4952 val_rec_macro=0.4835 val_metric_name=acc val_metric=0.5425
Step 2400 | loss 0.3310 | val_acc=0.5439 val_loss=2.2793 val_f1_macro=0.4903 val_f1_weighted=0.5401 val_prec_macro=0.5013 val_rec_macro=0.4836 val_metric_name=acc val_metric=0.5439
Step 2450 | loss 0.3298 | val_acc=0.5437 val_loss=2.3023 val_f1_macro=0.4916 val_f1_weighted=0.5405 val_prec_macro=0.4998 val_rec_macro=0.4873 val_metric_name=acc val_metric=0.5437
Step 2500 | loss 0.3225 | val_acc=0.5401 val_loss=2.3364 val_f1_macro=0.4867 val_f1_weighted=0.5370 val_prec_macro=0.4938 val_rec_macro=0.4830 val_metric_name=acc val_metric=0.5401
Step 2550 | loss 0.3044 | val_acc=0.5421 val_loss=2.3508 val_f1_macro=0.4895 val_f1_weighted=0.5388 val_prec_macro=0.4975 val_rec_macro=0.4847 val_metric_name=acc val_metric=0.5421
Step 2600 | loss 0.2823 | val_acc=0.5399 val_loss=2.3844 val_f1_macro=0.4866 val_f1_weighted=0.5368 val_prec_macro=0.4935 val_rec_macro=0.4831 val_metric_name=acc val_metric=0.5399
Step 2650 | loss 0.2814 | val_acc=0.5427 val_loss=2.4043 val_f1_macro=0.4896 val_f1_weighted=0.5395 val_prec_macro=0.4984 val_rec_macro=0.4843 val_metric_name=acc val_metric=0.5427
Step 2700 | loss 0.2788 | val_acc=0.5414 val_loss=2.4333 val_f1_macro=0.4880 val_f1_weighted=0.5384 val_prec_macro=0.4958 val_rec_macro=0.4831 val_metric_name=acc val_metric=0.5414
Step 2750 | loss 0.2651 | val_acc=0.5398 val_loss=2.4621 val_f1_macro=0.4875 val_f1_weighted=0.5369 val_prec_macro=0.4947 val_rec_macro=0.4832 val_metric_name=acc val_metric=0.5398
Step 2800 | loss 0.2568 | val_acc=0.5406 val_loss=2.4863 val_f1_macro=0.4887 val_f1_weighted=0.5373 val_prec_macro=0.4978 val_rec_macro=0.4832 val_metric_name=acc val_metric=0.5406
Step 2850 | loss 0.2675 | val_acc=0.5416 val_loss=2.5142 val_f1_macro=0.4890 val_f1_weighted=0.5385 val_prec_macro=0.4977 val_rec_macro=0.4834 val_metric_name=acc val_metric=0.5416
Step 2900 | loss 0.2511 | val_acc=0.5396 val_loss=2.5494 val_f1_macro=0.4871 val_f1_weighted=0.5365 val_prec_macro=0.4940 val_rec_macro=0.4833 val_metric_name=acc val_metric=0.5396
Step 2950 | loss 0.2470 | val_acc=0.5411 val_loss=2.5599 val_f1_macro=0.4895 val_f1_weighted=0.5380 val_prec_macro=0.4971 val_rec_macro=0.4850 val_metric_name=acc val_metric=0.5411
Step 3000 | loss 0.2433 | val_acc=0.5399 val_loss=2.5885 val_f1_macro=0.4901 val_f1_weighted=0.5375 val_prec_macro=0.4965 val_rec_macro=0.4860 val_metric_name=acc val_metric=0.5399
Early stopping at step 3005

--- Final (best ckpt @ step 2400) ---
  train_acc=0.9803 train_loss=0.0662 train_f1_macro=0.9799 train_f1_weighted=0.9803 train_prec_macro=0.9787 train_rec_macro=0.9814 train_metric_name=acc train_metric=0.9803
  val_acc=0.5439 val_loss=2.2793 val_f1_macro=0.4903 val_f1_weighted=0.5401 val_prec_macro=0.5013 val_rec_macro=0.4836 val_metric_name=acc val_metric=0.5439
  test_acc=0.5383 test_loss=2.3147 test_f1_macro=0.4766 test_f1_weighted=0.5351 test_prec_macro=0.4870 test_rec_macro=0.4704 test_metric_name=acc test_metric=0.5383
  test_acc=0.5383

============================================================
Training amazon-ratings GT 2L h=256 lr=6e-05 split=4
============================================================
Training for 5000 steps
Step    1 | loss 1.5529 | val_acc=0.3600 val_loss=1.4390 val_f1_macro=0.1267 val_f1_weighted=0.2219 val_prec_macro=0.1625 val_rec_macro=0.1993 val_metric_name=acc val_metric=0.3600
Step   50 | loss 1.3878 | val_acc=0.3929 val_loss=1.3749 val_f1_macro=0.1808 val_f1_weighted=0.2946 val_prec_macro=0.1938 val_rec_macro=0.2324 val_metric_name=acc val_metric=0.3929
Step  100 | loss 1.3448 | val_acc=0.4161 val_loss=1.3455 val_f1_macro=0.2221 val_f1_weighted=0.3450 val_prec_macro=0.3376 val_rec_macro=0.2590 val_metric_name=acc val_metric=0.4161
Step  150 | loss 1.3092 | val_acc=0.4269 val_loss=1.3283 val_f1_macro=0.2533 val_f1_weighted=0.3747 val_prec_macro=0.3672 val_rec_macro=0.2792 val_metric_name=acc val_metric=0.4269
Step  200 | loss 1.2577 | val_acc=0.4467 val_loss=1.3200 val_f1_macro=0.2930 val_f1_weighted=0.4046 val_prec_macro=0.4353 val_rec_macro=0.3068 val_metric_name=acc val_metric=0.4467
Step  250 | loss 1.1987 | val_acc=0.4651 val_loss=1.3126 val_f1_macro=0.3446 val_f1_weighted=0.4356 val_prec_macro=0.4669 val_rec_macro=0.3406 val_metric_name=acc val_metric=0.4651
Step  300 | loss 1.1490 | val_acc=0.4700 val_loss=1.3241 val_f1_macro=0.3610 val_f1_weighted=0.4430 val_prec_macro=0.4585 val_rec_macro=0.3542 val_metric_name=acc val_metric=0.4700
Step  350 | loss 1.0860 | val_acc=0.4815 val_loss=1.3265 val_f1_macro=0.3864 val_f1_weighted=0.4621 val_prec_macro=0.4557 val_rec_macro=0.3752 val_metric_name=acc val_metric=0.4815
Step  400 | loss 1.0208 | val_acc=0.4875 val_loss=1.3498 val_f1_macro=0.4023 val_f1_weighted=0.4708 val_prec_macro=0.4605 val_rec_macro=0.3898 val_metric_name=acc val_metric=0.4875
Step  450 | loss 0.9545 | val_acc=0.4973 val_loss=1.3798 val_f1_macro=0.4126 val_f1_weighted=0.4818 val_prec_macro=0.4716 val_rec_macro=0.3988 val_metric_name=acc val_metric=0.4973
Step  500 | loss 0.8960 | val_acc=0.5040 val_loss=1.4255 val_f1_macro=0.4238 val_f1_weighted=0.4900 val_prec_macro=0.4766 val_rec_macro=0.4094 val_metric_name=acc val_metric=0.5040
Step  550 | loss 0.8348 | val_acc=0.5096 val_loss=1.4687 val_f1_macro=0.4349 val_f1_weighted=0.4976 val_prec_macro=0.4797 val_rec_macro=0.4215 val_metric_name=acc val_metric=0.5096
Step  600 | loss 0.7876 | val_acc=0.5167 val_loss=1.5057 val_f1_macro=0.4541 val_f1_weighted=0.5082 val_prec_macro=0.4886 val_rec_macro=0.4395 val_metric_name=acc val_metric=0.5167
Step  650 | loss 0.7375 | val_acc=0.5228 val_loss=1.5571 val_f1_macro=0.4607 val_f1_weighted=0.5141 val_prec_macro=0.4968 val_rec_macro=0.4459 val_metric_name=acc val_metric=0.5228
Step  700 | loss 0.6784 | val_acc=0.5241 val_loss=1.6163 val_f1_macro=0.4623 val_f1_weighted=0.5160 val_prec_macro=0.4923 val_rec_macro=0.4485 val_metric_name=acc val_metric=0.5241
Step  750 | loss 0.6415 | val_acc=0.5272 val_loss=1.6682 val_f1_macro=0.4703 val_f1_weighted=0.5208 val_prec_macro=0.4908 val_rec_macro=0.4602 val_metric_name=acc val_metric=0.5272
Step  800 | loss 0.5894 | val_acc=0.5305 val_loss=1.7183 val_f1_macro=0.4769 val_f1_weighted=0.5250 val_prec_macro=0.4993 val_rec_macro=0.4647 val_metric_name=acc val_metric=0.5305
Step  850 | loss 0.5587 | val_acc=0.5337 val_loss=1.7852 val_f1_macro=0.4804 val_f1_weighted=0.5276 val_prec_macro=0.5050 val_rec_macro=0.4669 val_metric_name=acc val_metric=0.5337
Step  900 | loss 0.5300 | val_acc=0.5329 val_loss=1.8328 val_f1_macro=0.4811 val_f1_weighted=0.5276 val_prec_macro=0.5009 val_rec_macro=0.4699 val_metric_name=acc val_metric=0.5329
Step  950 | loss 0.4884 | val_acc=0.5367 val_loss=1.8943 val_f1_macro=0.4846 val_f1_weighted=0.5315 val_prec_macro=0.5056 val_rec_macro=0.4723 val_metric_name=acc val_metric=0.5367
Step 1000 | loss 0.4589 | val_acc=0.5362 val_loss=1.9656 val_f1_macro=0.4840 val_f1_weighted=0.5319 val_prec_macro=0.4989 val_rec_macro=0.4754 val_metric_name=acc val_metric=0.5362
Step 1050 | loss 0.4248 | val_acc=0.5380 val_loss=2.0205 val_f1_macro=0.4865 val_f1_weighted=0.5335 val_prec_macro=0.5016 val_rec_macro=0.4779 val_metric_name=acc val_metric=0.5380
Step 1100 | loss 0.3985 | val_acc=0.5401 val_loss=2.0775 val_f1_macro=0.4900 val_f1_weighted=0.5357 val_prec_macro=0.5069 val_rec_macro=0.4796 val_metric_name=acc val_metric=0.5401
Step 1150 | loss 0.3802 | val_acc=0.5403 val_loss=2.1305 val_f1_macro=0.4887 val_f1_weighted=0.5362 val_prec_macro=0.5023 val_rec_macro=0.4805 val_metric_name=acc val_metric=0.5403
Step 1200 | loss 0.3555 | val_acc=0.5421 val_loss=2.1936 val_f1_macro=0.4892 val_f1_weighted=0.5384 val_prec_macro=0.5009 val_rec_macro=0.4821 val_metric_name=acc val_metric=0.5421
Step 1250 | loss 0.3302 | val_acc=0.5411 val_loss=2.2490 val_f1_macro=0.4909 val_f1_weighted=0.5374 val_prec_macro=0.5032 val_rec_macro=0.4831 val_metric_name=acc val_metric=0.5411
Step 1300 | loss 0.3184 | val_acc=0.5417 val_loss=2.2852 val_f1_macro=0.4882 val_f1_weighted=0.5373 val_prec_macro=0.5037 val_rec_macro=0.4787 val_metric_name=acc val_metric=0.5417
Step 1350 | loss 0.3007 | val_acc=0.5385 val_loss=2.3425 val_f1_macro=0.4871 val_f1_weighted=0.5352 val_prec_macro=0.4963 val_rec_macro=0.4817 val_metric_name=acc val_metric=0.5385
Step 1400 | loss 0.2871 | val_acc=0.5363 val_loss=2.3829 val_f1_macro=0.4869 val_f1_weighted=0.5332 val_prec_macro=0.4959 val_rec_macro=0.4814 val_metric_name=acc val_metric=0.5363
Step 1450 | loss 0.2724 | val_acc=0.5378 val_loss=2.4317 val_f1_macro=0.4888 val_f1_weighted=0.5347 val_prec_macro=0.4968 val_rec_macro=0.4840 val_metric_name=acc val_metric=0.5378
Step 1500 | loss 0.2618 | val_acc=0.5373 val_loss=2.4906 val_f1_macro=0.4878 val_f1_weighted=0.5345 val_prec_macro=0.4943 val_rec_macro=0.4843 val_metric_name=acc val_metric=0.5373
Step 1550 | loss 0.2418 | val_acc=0.5373 val_loss=2.5349 val_f1_macro=0.4872 val_f1_weighted=0.5344 val_prec_macro=0.4942 val_rec_macro=0.4836 val_metric_name=acc val_metric=0.5373
Early stopping at step 1590

--- Final (best ckpt @ step 1290) ---
  train_acc=0.9815 train_loss=0.0633 train_f1_macro=0.9804 train_f1_weighted=0.9816 train_prec_macro=0.9795 train_rec_macro=0.9814 train_metric_name=acc train_metric=0.9815
  val_acc=0.5427 val_loss=2.2868 val_f1_macro=0.4906 val_f1_weighted=0.5393 val_prec_macro=0.5024 val_rec_macro=0.4828 val_metric_name=acc val_metric=0.5427
  test_acc=0.5305 test_loss=2.3273 test_f1_macro=0.4705 test_f1_weighted=0.5279 test_prec_macro=0.4783 test_rec_macro=0.4653 test_metric_name=acc test_metric=0.5305
  test_acc=0.5305

============================================================
Training amazon-ratings GT 2L h=256 lr=0.0001 split=4
============================================================
Training for 5000 steps
Step    1 | loss 1.5529 | val_acc=0.3675 val_loss=1.4715 val_f1_macro=0.1105 val_f1_weighted=0.2017 val_prec_macro=0.1290 val_rec_macro=0.2003 val_metric_name=acc val_metric=0.3675
Step   50 | loss 1.3677 | val_acc=0.4052 val_loss=1.3629 val_f1_macro=0.1987 val_f1_weighted=0.3172 val_prec_macro=0.2345 val_rec_macro=0.2449 val_metric_name=acc val_metric=0.4052
Step  100 | loss 1.3129 | val_acc=0.4245 val_loss=1.3317 val_f1_macro=0.2457 val_f1_weighted=0.3687 val_prec_macro=0.4911 val_rec_macro=0.2740 val_metric_name=acc val_metric=0.4245
Step  150 | loss 1.2493 | val_acc=0.4526 val_loss=1.3157 val_f1_macro=0.3094 val_f1_weighted=0.4152 val_prec_macro=0.4717 val_rec_macro=0.3174 val_metric_name=acc val_metric=0.4526
Step  200 | loss 1.1558 | val_acc=0.4731 val_loss=1.3170 val_f1_macro=0.3557 val_f1_weighted=0.4441 val_prec_macro=0.4621 val_rec_macro=0.3517 val_metric_name=acc val_metric=0.4731
Step  250 | loss 1.0666 | val_acc=0.4862 val_loss=1.3283 val_f1_macro=0.3871 val_f1_weighted=0.4667 val_prec_macro=0.4619 val_rec_macro=0.3747 val_metric_name=acc val_metric=0.4862
Step  300 | loss 0.9779 | val_acc=0.4950 val_loss=1.3761 val_f1_macro=0.4039 val_f1_weighted=0.4772 val_prec_macro=0.4698 val_rec_macro=0.3897 val_metric_name=acc val_metric=0.4950
Step  350 | loss 0.8874 | val_acc=0.5045 val_loss=1.4317 val_f1_macro=0.4289 val_f1_weighted=0.4925 val_prec_macro=0.4717 val_rec_macro=0.4151 val_metric_name=acc val_metric=0.5045
Step  400 | loss 0.7932 | val_acc=0.5107 val_loss=1.5053 val_f1_macro=0.4410 val_f1_weighted=0.5013 val_prec_macro=0.4718 val_rec_macro=0.4302 val_metric_name=acc val_metric=0.5107
Step  450 | loss 0.7100 | val_acc=0.5257 val_loss=1.5844 val_f1_macro=0.4626 val_f1_weighted=0.5178 val_prec_macro=0.4954 val_rec_macro=0.4474 val_metric_name=acc val_metric=0.5257
Step  500 | loss 0.6374 | val_acc=0.5288 val_loss=1.6623 val_f1_macro=0.4702 val_f1_weighted=0.5219 val_prec_macro=0.4987 val_rec_macro=0.4568 val_metric_name=acc val_metric=0.5288
Step  550 | loss 0.5702 | val_acc=0.5321 val_loss=1.7551 val_f1_macro=0.4743 val_f1_weighted=0.5251 val_prec_macro=0.5005 val_rec_macro=0.4614 val_metric_name=acc val_metric=0.5321
Step  600 | loss 0.5162 | val_acc=0.5334 val_loss=1.8408 val_f1_macro=0.4787 val_f1_weighted=0.5283 val_prec_macro=0.4974 val_rec_macro=0.4671 val_metric_name=acc val_metric=0.5334
Step  650 | loss 0.4731 | val_acc=0.5352 val_loss=1.9325 val_f1_macro=0.4832 val_f1_weighted=0.5309 val_prec_macro=0.4986 val_rec_macro=0.4739 val_metric_name=acc val_metric=0.5352
Step  700 | loss 0.4218 | val_acc=0.5390 val_loss=2.0221 val_f1_macro=0.4853 val_f1_weighted=0.5340 val_prec_macro=0.5033 val_rec_macro=0.4748 val_metric_name=acc val_metric=0.5390
Step  750 | loss 0.3906 | val_acc=0.5378 val_loss=2.0972 val_f1_macro=0.4856 val_f1_weighted=0.5340 val_prec_macro=0.4971 val_rec_macro=0.4785 val_metric_name=acc val_metric=0.5378
Step  800 | loss 0.3547 | val_acc=0.5363 val_loss=2.1906 val_f1_macro=0.4860 val_f1_weighted=0.5324 val_prec_macro=0.5009 val_rec_macro=0.4770 val_metric_name=acc val_metric=0.5363
Step  850 | loss 0.3177 | val_acc=0.5409 val_loss=2.2815 val_f1_macro=0.4898 val_f1_weighted=0.5371 val_prec_macro=0.5045 val_rec_macro=0.4802 val_metric_name=acc val_metric=0.5409
Step  900 | loss 0.2974 | val_acc=0.5406 val_loss=2.3491 val_f1_macro=0.4885 val_f1_weighted=0.5369 val_prec_macro=0.5008 val_rec_macro=0.4806 val_metric_name=acc val_metric=0.5406
Step  950 | loss 0.2708 | val_acc=0.5404 val_loss=2.4178 val_f1_macro=0.4902 val_f1_weighted=0.5369 val_prec_macro=0.5019 val_rec_macro=0.4830 val_metric_name=acc val_metric=0.5404
Step 1000 | loss 0.2471 | val_acc=0.5393 val_loss=2.5062 val_f1_macro=0.4898 val_f1_weighted=0.5363 val_prec_macro=0.5000 val_rec_macro=0.4832 val_metric_name=acc val_metric=0.5393
Step 1050 | loss 0.2268 | val_acc=0.5401 val_loss=2.5732 val_f1_macro=0.4899 val_f1_weighted=0.5373 val_prec_macro=0.4986 val_rec_macro=0.4840 val_metric_name=acc val_metric=0.5401
Step 1100 | loss 0.2117 | val_acc=0.5406 val_loss=2.6419 val_f1_macro=0.4908 val_f1_weighted=0.5377 val_prec_macro=0.5001 val_rec_macro=0.4847 val_metric_name=acc val_metric=0.5406
Step 1150 | loss 0.1993 | val_acc=0.5393 val_loss=2.7027 val_f1_macro=0.4891 val_f1_weighted=0.5369 val_prec_macro=0.4953 val_rec_macro=0.4852 val_metric_name=acc val_metric=0.5393
Step 1200 | loss 0.1894 | val_acc=0.5399 val_loss=2.7421 val_f1_macro=0.4885 val_f1_weighted=0.5375 val_prec_macro=0.4963 val_rec_macro=0.4830 val_metric_name=acc val_metric=0.5399
Step 1250 | loss 0.1819 | val_acc=0.5385 val_loss=2.8164 val_f1_macro=0.4862 val_f1_weighted=0.5358 val_prec_macro=0.4941 val_rec_macro=0.4810 val_metric_name=acc val_metric=0.5385
Step 1300 | loss 0.1728 | val_acc=0.5416 val_loss=2.8589 val_f1_macro=0.4895 val_f1_weighted=0.5386 val_prec_macro=0.4988 val_rec_macro=0.4834 val_metric_name=acc val_metric=0.5416
Step 1350 | loss 0.1565 | val_acc=0.5391 val_loss=2.9043 val_f1_macro=0.4885 val_f1_weighted=0.5368 val_prec_macro=0.4942 val_rec_macro=0.4848 val_metric_name=acc val_metric=0.5391
Step 1400 | loss 0.1549 | val_acc=0.5396 val_loss=2.9262 val_f1_macro=0.4876 val_f1_weighted=0.5370 val_prec_macro=0.4951 val_rec_macro=0.4827 val_metric_name=acc val_metric=0.5396
Step 1450 | loss 0.1428 | val_acc=0.5399 val_loss=2.9860 val_f1_macro=0.4873 val_f1_weighted=0.5374 val_prec_macro=0.4945 val_rec_macro=0.4822 val_metric_name=acc val_metric=0.5399
Step 1500 | loss 0.1401 | val_acc=0.5394 val_loss=3.0498 val_f1_macro=0.4900 val_f1_weighted=0.5372 val_prec_macro=0.4959 val_rec_macro=0.4861 val_metric_name=acc val_metric=0.5394
Step 1550 | loss 0.1258 | val_acc=0.5412 val_loss=3.0727 val_f1_macro=0.4891 val_f1_weighted=0.5387 val_prec_macro=0.4960 val_rec_macro=0.4845 val_metric_name=acc val_metric=0.5412
Step 1600 | loss 0.1229 | val_acc=0.5394 val_loss=3.1154 val_f1_macro=0.4885 val_f1_weighted=0.5374 val_prec_macro=0.4953 val_rec_macro=0.4832 val_metric_name=acc val_metric=0.5394
Step 1650 | loss 0.1168 | val_acc=0.5394 val_loss=3.1774 val_f1_macro=0.4877 val_f1_weighted=0.5375 val_prec_macro=0.4926 val_rec_macro=0.4839 val_metric_name=acc val_metric=0.5394
Step 1700 | loss 0.1170 | val_acc=0.5411 val_loss=3.1899 val_f1_macro=0.4918 val_f1_weighted=0.5388 val_prec_macro=0.4977 val_rec_macro=0.4876 val_metric_name=acc val_metric=0.5411
Step 1750 | loss 0.1129 | val_acc=0.5421 val_loss=3.2289 val_f1_macro=0.4892 val_f1_weighted=0.5400 val_prec_macro=0.4937 val_rec_macro=0.4863 val_metric_name=acc val_metric=0.5421
Step 1800 | loss 0.1015 | val_acc=0.5401 val_loss=3.2493 val_f1_macro=0.4887 val_f1_weighted=0.5377 val_prec_macro=0.4956 val_rec_macro=0.4835 val_metric_name=acc val_metric=0.5401
Step 1850 | loss 0.1004 | val_acc=0.5407 val_loss=3.3001 val_f1_macro=0.4884 val_f1_weighted=0.5386 val_prec_macro=0.4942 val_rec_macro=0.4846 val_metric_name=acc val_metric=0.5407
Step 1900 | loss 0.0943 | val_acc=0.5411 val_loss=3.3201 val_f1_macro=0.4886 val_f1_weighted=0.5388 val_prec_macro=0.4955 val_rec_macro=0.4836 val_metric_name=acc val_metric=0.5411
Step 1950 | loss 0.0921 | val_acc=0.5432 val_loss=3.3293 val_f1_macro=0.4908 val_f1_weighted=0.5407 val_prec_macro=0.4994 val_rec_macro=0.4849 val_metric_name=acc val_metric=0.5432
Step 2000 | loss 0.0881 | val_acc=0.5403 val_loss=3.3807 val_f1_macro=0.4879 val_f1_weighted=0.5375 val_prec_macro=0.4960 val_rec_macro=0.4822 val_metric_name=acc val_metric=0.5403
Step 2050 | loss 0.0937 | val_acc=0.5394 val_loss=3.3867 val_f1_macro=0.4881 val_f1_weighted=0.5373 val_prec_macro=0.4930 val_rec_macro=0.4851 val_metric_name=acc val_metric=0.5394
Step 2100 | loss 0.0854 | val_acc=0.5378 val_loss=3.4146 val_f1_macro=0.4853 val_f1_weighted=0.5359 val_prec_macro=0.4903 val_rec_macro=0.4814 val_metric_name=acc val_metric=0.5378
Step 2150 | loss 0.0772 | val_acc=0.5381 val_loss=3.4650 val_f1_macro=0.4865 val_f1_weighted=0.5363 val_prec_macro=0.4914 val_rec_macro=0.4826 val_metric_name=acc val_metric=0.5381
Step 2200 | loss 0.0826 | val_acc=0.5425 val_loss=3.4923 val_f1_macro=0.4911 val_f1_weighted=0.5403 val_prec_macro=0.4975 val_rec_macro=0.4864 val_metric_name=acc val_metric=0.5425
Step 2250 | loss 0.0773 | val_acc=0.5430 val_loss=3.5273 val_f1_macro=0.4913 val_f1_weighted=0.5410 val_prec_macro=0.4961 val_rec_macro=0.4881 val_metric_name=acc val_metric=0.5430
Step 2300 | loss 0.0760 | val_acc=0.5434 val_loss=3.5302 val_f1_macro=0.4915 val_f1_weighted=0.5414 val_prec_macro=0.4970 val_rec_macro=0.4875 val_metric_name=acc val_metric=0.5434
Step 2350 | loss 0.0753 | val_acc=0.5416 val_loss=3.5387 val_f1_macro=0.4882 val_f1_weighted=0.5394 val_prec_macro=0.4935 val_rec_macro=0.4845 val_metric_name=acc val_metric=0.5416
Step 2400 | loss 0.0692 | val_acc=0.5429 val_loss=3.5678 val_f1_macro=0.4908 val_f1_weighted=0.5398 val_prec_macro=0.4993 val_rec_macro=0.4855 val_metric_name=acc val_metric=0.5429
Step 2450 | loss 0.0670 | val_acc=0.5439 val_loss=3.6181 val_f1_macro=0.4901 val_f1_weighted=0.5411 val_prec_macro=0.4985 val_rec_macro=0.4842 val_metric_name=acc val_metric=0.5439
Step 2500 | loss 0.0658 | val_acc=0.5439 val_loss=3.6471 val_f1_macro=0.4929 val_f1_weighted=0.5413 val_prec_macro=0.5005 val_rec_macro=0.4878 val_metric_name=acc val_metric=0.5439
Step 2550 | loss 0.0661 | val_acc=0.5416 val_loss=3.6500 val_f1_macro=0.4910 val_f1_weighted=0.5392 val_prec_macro=0.4983 val_rec_macro=0.4858 val_metric_name=acc val_metric=0.5416
Step 2600 | loss 0.0628 | val_acc=0.5411 val_loss=3.6673 val_f1_macro=0.4874 val_f1_weighted=0.5384 val_prec_macro=0.4945 val_rec_macro=0.4827 val_metric_name=acc val_metric=0.5411
Step 2650 | loss 0.0568 | val_acc=0.5417 val_loss=3.6669 val_f1_macro=0.4921 val_f1_weighted=0.5396 val_prec_macro=0.5002 val_rec_macro=0.4858 val_metric_name=acc val_metric=0.5417
Step 2700 | loss 0.0585 | val_acc=0.5403 val_loss=3.7096 val_f1_macro=0.4876 val_f1_weighted=0.5379 val_prec_macro=0.4942 val_rec_macro=0.4827 val_metric_name=acc val_metric=0.5403
Step 2750 | loss 0.0565 | val_acc=0.5424 val_loss=3.7422 val_f1_macro=0.4928 val_f1_weighted=0.5402 val_prec_macro=0.5007 val_rec_macro=0.4867 val_metric_name=acc val_metric=0.5424
Step 2800 | loss 0.0585 | val_acc=0.5427 val_loss=3.7421 val_f1_macro=0.4898 val_f1_weighted=0.5404 val_prec_macro=0.4983 val_rec_macro=0.4834 val_metric_name=acc val_metric=0.5427
Step 2850 | loss 0.0619 | val_acc=0.5452 val_loss=3.7597 val_f1_macro=0.4930 val_f1_weighted=0.5425 val_prec_macro=0.5022 val_rec_macro=0.4862 val_metric_name=acc val_metric=0.5452
Step 2900 | loss 0.0585 | val_acc=0.5429 val_loss=3.7932 val_f1_macro=0.4894 val_f1_weighted=0.5407 val_prec_macro=0.4960 val_rec_macro=0.4845 val_metric_name=acc val_metric=0.5429
Step 2950 | loss 0.0517 | val_acc=0.5427 val_loss=3.8032 val_f1_macro=0.4901 val_f1_weighted=0.5406 val_prec_macro=0.4969 val_rec_macro=0.4851 val_metric_name=acc val_metric=0.5427
Step 3000 | loss 0.0519 | val_acc=0.5429 val_loss=3.8373 val_f1_macro=0.4886 val_f1_weighted=0.5404 val_prec_macro=0.4959 val_rec_macro=0.4832 val_metric_name=acc val_metric=0.5429
Step 3050 | loss 0.0507 | val_acc=0.5411 val_loss=3.8341 val_f1_macro=0.4888 val_f1_weighted=0.5386 val_prec_macro=0.4967 val_rec_macro=0.4833 val_metric_name=acc val_metric=0.5411
Step 3100 | loss 0.0505 | val_acc=0.5448 val_loss=3.8742 val_f1_macro=0.4917 val_f1_weighted=0.5424 val_prec_macro=0.4994 val_rec_macro=0.4859 val_metric_name=acc val_metric=0.5448
Step 3150 | loss 0.0490 | val_acc=0.5440 val_loss=3.8600 val_f1_macro=0.4937 val_f1_weighted=0.5412 val_prec_macro=0.5051 val_rec_macro=0.4853 val_metric_name=acc val_metric=0.5440
Step 3200 | loss 0.0500 | val_acc=0.5411 val_loss=3.9110 val_f1_macro=0.4877 val_f1_weighted=0.5390 val_prec_macro=0.4944 val_rec_macro=0.4826 val_metric_name=acc val_metric=0.5411
Step 3250 | loss 0.0448 | val_acc=0.5440 val_loss=3.9082 val_f1_macro=0.4906 val_f1_weighted=0.5418 val_prec_macro=0.4980 val_rec_macro=0.4849 val_metric_name=acc val_metric=0.5440
Step 3300 | loss 0.0548 | val_acc=0.5429 val_loss=3.9114 val_f1_macro=0.4906 val_f1_weighted=0.5404 val_prec_macro=0.4998 val_rec_macro=0.4838 val_metric_name=acc val_metric=0.5429
Step 3350 | loss 0.0385 | val_acc=0.5406 val_loss=3.9468 val_f1_macro=0.4875 val_f1_weighted=0.5381 val_prec_macro=0.4947 val_rec_macro=0.4828 val_metric_name=acc val_metric=0.5406
Step 3400 | loss 0.0449 | val_acc=0.5434 val_loss=3.9304 val_f1_macro=0.4926 val_f1_weighted=0.5407 val_prec_macro=0.5023 val_rec_macro=0.4852 val_metric_name=acc val_metric=0.5434
Step 3450 | loss 0.0414 | val_acc=0.5429 val_loss=3.9542 val_f1_macro=0.4904 val_f1_weighted=0.5405 val_prec_macro=0.4982 val_rec_macro=0.4846 val_metric_name=acc val_metric=0.5429
Step 3500 | loss 0.0400 | val_acc=0.5435 val_loss=3.9858 val_f1_macro=0.4913 val_f1_weighted=0.5409 val_prec_macro=0.5012 val_rec_macro=0.4838 val_metric_name=acc val_metric=0.5435
Step 3550 | loss 0.0432 | val_acc=0.5445 val_loss=4.0221 val_f1_macro=0.4915 val_f1_weighted=0.5419 val_prec_macro=0.5009 val_rec_macro=0.4845 val_metric_name=acc val_metric=0.5445
Step 3600 | loss 0.0404 | val_acc=0.5429 val_loss=4.0068 val_f1_macro=0.4886 val_f1_weighted=0.5410 val_prec_macro=0.4931 val_rec_macro=0.4854 val_metric_name=acc val_metric=0.5429
Step 3650 | loss 0.0381 | val_acc=0.5440 val_loss=4.0712 val_f1_macro=0.4910 val_f1_weighted=0.5415 val_prec_macro=0.4980 val_rec_macro=0.4862 val_metric_name=acc val_metric=0.5440
Step 3700 | loss 0.0358 | val_acc=0.5432 val_loss=4.0467 val_f1_macro=0.4918 val_f1_weighted=0.5409 val_prec_macro=0.5010 val_rec_macro=0.4848 val_metric_name=acc val_metric=0.5432
Step 3750 | loss 0.0408 | val_acc=0.5427 val_loss=4.0714 val_f1_macro=0.4876 val_f1_weighted=0.5408 val_prec_macro=0.4933 val_rec_macro=0.4833 val_metric_name=acc val_metric=0.5427
Step 3800 | loss 0.0375 | val_acc=0.5432 val_loss=4.0735 val_f1_macro=0.4914 val_f1_weighted=0.5407 val_prec_macro=0.5002 val_rec_macro=0.4847 val_metric_name=acc val_metric=0.5432
Step 3850 | loss 0.0400 | val_acc=0.5403 val_loss=4.1023 val_f1_macro=0.4889 val_f1_weighted=0.5381 val_prec_macro=0.4959 val_rec_macro=0.4834 val_metric_name=acc val_metric=0.5403
Step 3900 | loss 0.0344 | val_acc=0.5427 val_loss=4.0936 val_f1_macro=0.4909 val_f1_weighted=0.5405 val_prec_macro=0.4983 val_rec_macro=0.4853 val_metric_name=acc val_metric=0.5427
Step 3950 | loss 0.0347 | val_acc=0.5416 val_loss=4.1016 val_f1_macro=0.4904 val_f1_weighted=0.5393 val_prec_macro=0.4992 val_rec_macro=0.4837 val_metric_name=acc val_metric=0.5416
Step 4000 | loss 0.0372 | val_acc=0.5424 val_loss=4.1244 val_f1_macro=0.4908 val_f1_weighted=0.5402 val_prec_macro=0.4977 val_rec_macro=0.4857 val_metric_name=acc val_metric=0.5424
Step 4050 | loss 0.0358 | val_acc=0.5421 val_loss=4.1500 val_f1_macro=0.4902 val_f1_weighted=0.5398 val_prec_macro=0.4977 val_rec_macro=0.4847 val_metric_name=acc val_metric=0.5421
Step 4100 | loss 0.0385 | val_acc=0.5434 val_loss=4.1522 val_f1_macro=0.4940 val_f1_weighted=0.5408 val_prec_macro=0.5061 val_rec_macro=0.4847 val_metric_name=acc val_metric=0.5434
Step 4150 | loss 0.0324 | val_acc=0.5437 val_loss=4.1700 val_f1_macro=0.4909 val_f1_weighted=0.5413 val_prec_macro=0.4978 val_rec_macro=0.4857 val_metric_name=acc val_metric=0.5437
Step 4200 | loss 0.0327 | val_acc=0.5447 val_loss=4.1749 val_f1_macro=0.4934 val_f1_weighted=0.5426 val_prec_macro=0.4998 val_rec_macro=0.4886 val_metric_name=acc val_metric=0.5447
Step 4250 | loss 0.0318 | val_acc=0.5434 val_loss=4.2056 val_f1_macro=0.4909 val_f1_weighted=0.5411 val_prec_macro=0.4970 val_rec_macro=0.4864 val_metric_name=acc val_metric=0.5434
Step 4300 | loss 0.0300 | val_acc=0.5450 val_loss=4.2188 val_f1_macro=0.4925 val_f1_weighted=0.5425 val_prec_macro=0.5009 val_rec_macro=0.4864 val_metric_name=acc val_metric=0.5450
Step 4350 | loss 0.0298 | val_acc=0.5411 val_loss=4.2089 val_f1_macro=0.4911 val_f1_weighted=0.5393 val_prec_macro=0.4980 val_rec_macro=0.4854 val_metric_name=acc val_metric=0.5411
Step 4400 | loss 0.0292 | val_acc=0.5461 val_loss=4.2150 val_f1_macro=0.4933 val_f1_weighted=0.5436 val_prec_macro=0.5016 val_rec_macro=0.4873 val_metric_name=acc val_metric=0.5461
Step 4450 | loss 0.0253 | val_acc=0.5434 val_loss=4.2326 val_f1_macro=0.4912 val_f1_weighted=0.5413 val_prec_macro=0.4970 val_rec_macro=0.4869 val_metric_name=acc val_metric=0.5434
Step 4500 | loss 0.0300 | val_acc=0.5425 val_loss=4.2522 val_f1_macro=0.4904 val_f1_weighted=0.5402 val_prec_macro=0.4987 val_rec_macro=0.4840 val_metric_name=acc val_metric=0.5425
Step 4550 | loss 0.0327 | val_acc=0.5429 val_loss=4.2895 val_f1_macro=0.4898 val_f1_weighted=0.5409 val_prec_macro=0.4962 val_rec_macro=0.4847 val_metric_name=acc val_metric=0.5429
Step 4600 | loss 0.0316 | val_acc=0.5432 val_loss=4.2871 val_f1_macro=0.4898 val_f1_weighted=0.5404 val_prec_macro=0.4993 val_rec_macro=0.4828 val_metric_name=acc val_metric=0.5432
Step 4650 | loss 0.0303 | val_acc=0.5461 val_loss=4.3102 val_f1_macro=0.4933 val_f1_weighted=0.5437 val_prec_macro=0.5012 val_rec_macro=0.4875 val_metric_name=acc val_metric=0.5461
Step 4700 | loss 0.0231 | val_acc=0.5448 val_loss=4.3053 val_f1_macro=0.4927 val_f1_weighted=0.5421 val_prec_macro=0.5016 val_rec_macro=0.4861 val_metric_name=acc val_metric=0.5448
Step 4750 | loss 0.0261 | val_acc=0.5452 val_loss=4.2732 val_f1_macro=0.4915 val_f1_weighted=0.5427 val_prec_macro=0.5012 val_rec_macro=0.4840 val_metric_name=acc val_metric=0.5452
Step 4800 | loss 0.0244 | val_acc=0.5452 val_loss=4.3187 val_f1_macro=0.4955 val_f1_weighted=0.5430 val_prec_macro=0.5052 val_rec_macro=0.4880 val_metric_name=acc val_metric=0.5452
Step 4850 | loss 0.0274 | val_acc=0.5404 val_loss=4.3449 val_f1_macro=0.4876 val_f1_weighted=0.5381 val_prec_macro=0.4953 val_rec_macro=0.4817 val_metric_name=acc val_metric=0.5404
Step 4900 | loss 0.0236 | val_acc=0.5466 val_loss=4.3695 val_f1_macro=0.4924 val_f1_weighted=0.5440 val_prec_macro=0.4998 val_rec_macro=0.4873 val_metric_name=acc val_metric=0.5466
Step 4950 | loss 0.0256 | val_acc=0.5437 val_loss=4.3433 val_f1_macro=0.4919 val_f1_weighted=0.5415 val_prec_macro=0.4976 val_rec_macro=0.4878 val_metric_name=acc val_metric=0.5437
Step 5000 | loss 0.0267 | val_acc=0.5424 val_loss=4.3591 val_f1_macro=0.4893 val_f1_weighted=0.5403 val_prec_macro=0.4966 val_rec_macro=0.4835 val_metric_name=acc val_metric=0.5424

--- Final (best ckpt @ step 4660) ---
  train_acc=1.0000 train_loss=0.0001 train_f1_macro=1.0000 train_f1_weighted=1.0000 train_prec_macro=1.0000 train_rec_macro=1.0000 train_metric_name=acc train_metric=1.0000
  val_acc=0.5471 val_loss=4.2783 val_f1_macro=0.4952 val_f1_weighted=0.5445 val_prec_macro=0.5058 val_rec_macro=0.4874 val_metric_name=acc val_metric=0.5471
  test_acc=0.5425 test_loss=4.3070 test_f1_macro=0.4796 test_f1_weighted=0.5407 test_prec_macro=0.4854 test_rec_macro=0.4753 test_metric_name=acc test_metric=0.5425
  test_acc=0.5425

============================================================
Training amazon-ratings GT 2L h=256 lr=1e-05 split=4
============================================================
Training for 5000 steps
Step    1 | loss 1.5529 | val_acc=0.3100 val_loss=1.4676 val_f1_macro=0.1839 val_f1_weighted=0.2805 val_prec_macro=0.1732 val_rec_macro=0.2003 val_metric_name=acc val_metric=0.3100
Step   50 | loss 1.4370 | val_acc=0.3686 val_loss=1.4187 val_f1_macro=0.1269 val_f1_weighted=0.2232 val_prec_macro=0.1776 val_rec_macro=0.2036 val_metric_name=acc val_metric=0.3686
Step  100 | loss 1.4201 | val_acc=0.3781 val_loss=1.4023 val_f1_macro=0.1466 val_f1_weighted=0.2499 val_prec_macro=0.1573 val_rec_macro=0.2127 val_metric_name=acc val_metric=0.3781
Step  150 | loss 1.4096 | val_acc=0.3797 val_loss=1.3914 val_f1_macro=0.1596 val_f1_weighted=0.2665 val_prec_macro=0.1557 val_rec_macro=0.2175 val_metric_name=acc val_metric=0.3797
Step  200 | loss 1.4001 | val_acc=0.3894 val_loss=1.3812 val_f1_macro=0.1742 val_f1_weighted=0.2859 val_prec_macro=0.2000 val_rec_macro=0.2274 val_metric_name=acc val_metric=0.3894
Step  250 | loss 1.3831 | val_acc=0.3951 val_loss=1.3721 val_f1_macro=0.1839 val_f1_weighted=0.2984 val_prec_macro=0.2069 val_rec_macro=0.2347 val_metric_name=acc val_metric=0.3951
Step  300 | loss 1.3740 | val_acc=0.4026 val_loss=1.3641 val_f1_macro=0.1951 val_f1_weighted=0.3126 val_prec_macro=0.2284 val_rec_macro=0.2424 val_metric_name=acc val_metric=0.4026
Step  350 | loss 1.3614 | val_acc=0.4086 val_loss=1.3577 val_f1_macro=0.2047 val_f1_weighted=0.3241 val_prec_macro=0.4243 val_rec_macro=0.2492 val_metric_name=acc val_metric=0.4086
Step  400 | loss 1.3571 | val_acc=0.4132 val_loss=1.3521 val_f1_macro=0.2132 val_f1_weighted=0.3346 val_prec_macro=0.4284 val_rec_macro=0.2550 val_metric_name=acc val_metric=0.4132
Step  450 | loss 1.3455 | val_acc=0.4165 val_loss=1.3476 val_f1_macro=0.2209 val_f1_weighted=0.3435 val_prec_macro=0.3329 val_rec_macro=0.2601 val_metric_name=acc val_metric=0.4165
Step  500 | loss 1.3341 | val_acc=0.4217 val_loss=1.3433 val_f1_macro=0.2301 val_f1_weighted=0.3544 val_prec_macro=0.2909 val_rec_macro=0.2664 val_metric_name=acc val_metric=0.4217
Step  550 | loss 1.3261 | val_acc=0.4220 val_loss=1.3401 val_f1_macro=0.2359 val_f1_weighted=0.3585 val_prec_macro=0.4845 val_rec_macro=0.2693 val_metric_name=acc val_metric=0.4220
Step  600 | loss 1.3246 | val_acc=0.4220 val_loss=1.3366 val_f1_macro=0.2396 val_f1_weighted=0.3616 val_prec_macro=0.3439 val_rec_macro=0.2717 val_metric_name=acc val_metric=0.4220
Step  650 | loss 1.3162 | val_acc=0.4258 val_loss=1.3336 val_f1_macro=0.2503 val_f1_weighted=0.3696 val_prec_macro=0.3890 val_rec_macro=0.2779 val_metric_name=acc val_metric=0.4258
Step  700 | loss 1.3063 | val_acc=0.4289 val_loss=1.3322 val_f1_macro=0.2583 val_f1_weighted=0.3765 val_prec_macro=0.4042 val_rec_macro=0.2835 val_metric_name=acc val_metric=0.4289
Step  750 | loss 1.2985 | val_acc=0.4302 val_loss=1.3279 val_f1_macro=0.2646 val_f1_weighted=0.3813 val_prec_macro=0.4203 val_rec_macro=0.2871 val_metric_name=acc val_metric=0.4302
Step  800 | loss 1.2868 | val_acc=0.4361 val_loss=1.3281 val_f1_macro=0.2748 val_f1_weighted=0.3896 val_prec_macro=0.4433 val_rec_macro=0.2947 val_metric_name=acc val_metric=0.4361
Step  850 | loss 1.2779 | val_acc=0.4385 val_loss=1.3265 val_f1_macro=0.2808 val_f1_weighted=0.3927 val_prec_macro=0.4515 val_rec_macro=0.2991 val_metric_name=acc val_metric=0.4385
Step  900 | loss 1.2685 | val_acc=0.4446 val_loss=1.3251 val_f1_macro=0.2901 val_f1_weighted=0.4003 val_prec_macro=0.4546 val_rec_macro=0.3059 val_metric_name=acc val_metric=0.4446
Step  950 | loss 1.2576 | val_acc=0.4485 val_loss=1.3238 val_f1_macro=0.3021 val_f1_weighted=0.4074 val_prec_macro=0.4516 val_rec_macro=0.3135 val_metric_name=acc val_metric=0.4485
Step 1000 | loss 1.2484 | val_acc=0.4499 val_loss=1.3214 val_f1_macro=0.3173 val_f1_weighted=0.4124 val_prec_macro=0.4643 val_rec_macro=0.3224 val_metric_name=acc val_metric=0.4499
Step 1050 | loss 1.2395 | val_acc=0.4537 val_loss=1.3196 val_f1_macro=0.3251 val_f1_weighted=0.4183 val_prec_macro=0.4566 val_rec_macro=0.3278 val_metric_name=acc val_metric=0.4537
Step 1100 | loss 1.2278 | val_acc=0.4557 val_loss=1.3209 val_f1_macro=0.3288 val_f1_weighted=0.4207 val_prec_macro=0.4617 val_rec_macro=0.3305 val_metric_name=acc val_metric=0.4557
Step 1150 | loss 1.2132 | val_acc=0.4589 val_loss=1.3170 val_f1_macro=0.3371 val_f1_weighted=0.4274 val_prec_macro=0.4562 val_rec_macro=0.3369 val_metric_name=acc val_metric=0.4589
Step 1200 | loss 1.2066 | val_acc=0.4630 val_loss=1.3147 val_f1_macro=0.3458 val_f1_weighted=0.4339 val_prec_macro=0.4592 val_rec_macro=0.3428 val_metric_name=acc val_metric=0.4630
Step 1250 | loss 1.1873 | val_acc=0.4645 val_loss=1.3175 val_f1_macro=0.3466 val_f1_weighted=0.4351 val_prec_macro=0.4534 val_rec_macro=0.3444 val_metric_name=acc val_metric=0.4645
Step 1300 | loss 1.1824 | val_acc=0.4695 val_loss=1.3192 val_f1_macro=0.3528 val_f1_weighted=0.4401 val_prec_macro=0.4548 val_rec_macro=0.3494 val_metric_name=acc val_metric=0.4695
Step 1350 | loss 1.1754 | val_acc=0.4682 val_loss=1.3180 val_f1_macro=0.3530 val_f1_weighted=0.4394 val_prec_macro=0.4421 val_rec_macro=0.3498 val_metric_name=acc val_metric=0.4682
Step 1400 | loss 1.1521 | val_acc=0.4713 val_loss=1.3208 val_f1_macro=0.3586 val_f1_weighted=0.4426 val_prec_macro=0.4542 val_rec_macro=0.3542 val_metric_name=acc val_metric=0.4713
Step 1450 | loss 1.1456 | val_acc=0.4720 val_loss=1.3223 val_f1_macro=0.3650 val_f1_weighted=0.4455 val_prec_macro=0.4484 val_rec_macro=0.3596 val_metric_name=acc val_metric=0.4720
Step 1500 | loss 1.1389 | val_acc=0.4723 val_loss=1.3206 val_f1_macro=0.3668 val_f1_weighted=0.4469 val_prec_macro=0.4428 val_rec_macro=0.3607 val_metric_name=acc val_metric=0.4723
Step 1550 | loss 1.1267 | val_acc=0.4743 val_loss=1.3251 val_f1_macro=0.3683 val_f1_weighted=0.4484 val_prec_macro=0.4461 val_rec_macro=0.3621 val_metric_name=acc val_metric=0.4743
Step 1600 | loss 1.1070 | val_acc=0.4757 val_loss=1.3265 val_f1_macro=0.3721 val_f1_weighted=0.4512 val_prec_macro=0.4441 val_rec_macro=0.3653 val_metric_name=acc val_metric=0.4757
Step 1650 | loss 1.0992 | val_acc=0.4808 val_loss=1.3274 val_f1_macro=0.3804 val_f1_weighted=0.4577 val_prec_macro=0.4493 val_rec_macro=0.3720 val_metric_name=acc val_metric=0.4808
Step 1700 | loss 1.0844 | val_acc=0.4821 val_loss=1.3299 val_f1_macro=0.3829 val_f1_weighted=0.4600 val_prec_macro=0.4520 val_rec_macro=0.3738 val_metric_name=acc val_metric=0.4821
Step 1750 | loss 1.0768 | val_acc=0.4844 val_loss=1.3333 val_f1_macro=0.3876 val_f1_weighted=0.4638 val_prec_macro=0.4555 val_rec_macro=0.3774 val_metric_name=acc val_metric=0.4844
Step 1800 | loss 1.0581 | val_acc=0.4872 val_loss=1.3340 val_f1_macro=0.3914 val_f1_weighted=0.4675 val_prec_macro=0.4574 val_rec_macro=0.3800 val_metric_name=acc val_metric=0.4872
Step 1850 | loss 1.0521 | val_acc=0.4896 val_loss=1.3393 val_f1_macro=0.3996 val_f1_weighted=0.4706 val_prec_macro=0.4655 val_rec_macro=0.3874 val_metric_name=acc val_metric=0.4896
Step 1900 | loss 1.0380 | val_acc=0.4901 val_loss=1.3442 val_f1_macro=0.4010 val_f1_weighted=0.4713 val_prec_macro=0.4654 val_rec_macro=0.3886 val_metric_name=acc val_metric=0.4901
Step 1950 | loss 1.0300 | val_acc=0.4949 val_loss=1.3493 val_f1_macro=0.4072 val_f1_weighted=0.4765 val_prec_macro=0.4719 val_rec_macro=0.3944 val_metric_name=acc val_metric=0.4949
Step 2000 | loss 1.0198 | val_acc=0.4929 val_loss=1.3492 val_f1_macro=0.4055 val_f1_weighted=0.4752 val_prec_macro=0.4654 val_rec_macro=0.3928 val_metric_name=acc val_metric=0.4929
Step 2050 | loss 1.0064 | val_acc=0.4953 val_loss=1.3600 val_f1_macro=0.4057 val_f1_weighted=0.4766 val_prec_macro=0.4683 val_rec_macro=0.3934 val_metric_name=acc val_metric=0.4953
Step 2100 | loss 0.9944 | val_acc=0.4944 val_loss=1.3628 val_f1_macro=0.4059 val_f1_weighted=0.4769 val_prec_macro=0.4665 val_rec_macro=0.3933 val_metric_name=acc val_metric=0.4944
Step 2150 | loss 0.9843 | val_acc=0.4953 val_loss=1.3672 val_f1_macro=0.4111 val_f1_weighted=0.4788 val_prec_macro=0.4692 val_rec_macro=0.3980 val_metric_name=acc val_metric=0.4953
Step 2200 | loss 0.9744 | val_acc=0.4975 val_loss=1.3740 val_f1_macro=0.4120 val_f1_weighted=0.4808 val_prec_macro=0.4693 val_rec_macro=0.3994 val_metric_name=acc val_metric=0.4975
Step 2250 | loss 0.9666 | val_acc=0.4986 val_loss=1.3809 val_f1_macro=0.4155 val_f1_weighted=0.4826 val_prec_macro=0.4715 val_rec_macro=0.4024 val_metric_name=acc val_metric=0.4986
Step 2300 | loss 0.9539 | val_acc=0.4993 val_loss=1.3855 val_f1_macro=0.4152 val_f1_weighted=0.4838 val_prec_macro=0.4678 val_rec_macro=0.4021 val_metric_name=acc val_metric=0.4993
Step 2350 | loss 0.9445 | val_acc=0.4996 val_loss=1.3903 val_f1_macro=0.4182 val_f1_weighted=0.4850 val_prec_macro=0.4655 val_rec_macro=0.4059 val_metric_name=acc val_metric=0.4996
Step 2400 | loss 0.9328 | val_acc=0.5019 val_loss=1.3982 val_f1_macro=0.4176 val_f1_weighted=0.4870 val_prec_macro=0.4677 val_rec_macro=0.4043 val_metric_name=acc val_metric=0.5019
Step 2450 | loss 0.9206 | val_acc=0.5029 val_loss=1.4034 val_f1_macro=0.4280 val_f1_weighted=0.4898 val_prec_macro=0.4732 val_rec_macro=0.4143 val_metric_name=acc val_metric=0.5029
Step 2500 | loss 0.9078 | val_acc=0.5042 val_loss=1.4107 val_f1_macro=0.4286 val_f1_weighted=0.4905 val_prec_macro=0.4757 val_rec_macro=0.4147 val_metric_name=acc val_metric=0.5042
Step 2550 | loss 0.9027 | val_acc=0.5047 val_loss=1.4172 val_f1_macro=0.4304 val_f1_weighted=0.4919 val_prec_macro=0.4717 val_rec_macro=0.4179 val_metric_name=acc val_metric=0.5047
Step 2600 | loss 0.8747 | val_acc=0.5051 val_loss=1.4236 val_f1_macro=0.4302 val_f1_weighted=0.4922 val_prec_macro=0.4733 val_rec_macro=0.4172 val_metric_name=acc val_metric=0.5051
Step 2650 | loss 0.8756 | val_acc=0.5045 val_loss=1.4294 val_f1_macro=0.4298 val_f1_weighted=0.4921 val_prec_macro=0.4697 val_rec_macro=0.4176 val_metric_name=acc val_metric=0.5045
Step 2700 | loss 0.8648 | val_acc=0.5068 val_loss=1.4357 val_f1_macro=0.4341 val_f1_weighted=0.4950 val_prec_macro=0.4692 val_rec_macro=0.4230 val_metric_name=acc val_metric=0.5068
Step 2750 | loss 0.8593 | val_acc=0.5068 val_loss=1.4448 val_f1_macro=0.4344 val_f1_weighted=0.4954 val_prec_macro=0.4696 val_rec_macro=0.4229 val_metric_name=acc val_metric=0.5068
Step 2800 | loss 0.8435 | val_acc=0.5094 val_loss=1.4550 val_f1_macro=0.4365 val_f1_weighted=0.4983 val_prec_macro=0.4708 val_rec_macro=0.4256 val_metric_name=acc val_metric=0.5094
Step 2850 | loss 0.8418 | val_acc=0.5107 val_loss=1.4601 val_f1_macro=0.4378 val_f1_weighted=0.4993 val_prec_macro=0.4735 val_rec_macro=0.4261 val_metric_name=acc val_metric=0.5107
Step 2900 | loss 0.8271 | val_acc=0.5118 val_loss=1.4672 val_f1_macro=0.4403 val_f1_weighted=0.5011 val_prec_macro=0.4732 val_rec_macro=0.4291 val_metric_name=acc val_metric=0.5118
Step 2950 | loss 0.8183 | val_acc=0.5123 val_loss=1.4774 val_f1_macro=0.4437 val_f1_weighted=0.5017 val_prec_macro=0.4763 val_rec_macro=0.4325 val_metric_name=acc val_metric=0.5123
Step 3000 | loss 0.8081 | val_acc=0.5122 val_loss=1.4808 val_f1_macro=0.4441 val_f1_weighted=0.5021 val_prec_macro=0.4751 val_rec_macro=0.4329 val_metric_name=acc val_metric=0.5122
Step 3050 | loss 0.7992 | val_acc=0.5141 val_loss=1.4937 val_f1_macro=0.4457 val_f1_weighted=0.5038 val_prec_macro=0.4790 val_rec_macro=0.4342 val_metric_name=acc val_metric=0.5141
Step 3100 | loss 0.7832 | val_acc=0.5166 val_loss=1.4980 val_f1_macro=0.4484 val_f1_weighted=0.5063 val_prec_macro=0.4831 val_rec_macro=0.4361 val_metric_name=acc val_metric=0.5166
Step 3150 | loss 0.7818 | val_acc=0.5174 val_loss=1.5087 val_f1_macro=0.4499 val_f1_weighted=0.5073 val_prec_macro=0.4818 val_rec_macro=0.4385 val_metric_name=acc val_metric=0.5174
Step 3200 | loss 0.7630 | val_acc=0.5177 val_loss=1.5168 val_f1_macro=0.4520 val_f1_weighted=0.5086 val_prec_macro=0.4814 val_rec_macro=0.4407 val_metric_name=acc val_metric=0.5177
Step 3250 | loss 0.7643 | val_acc=0.5225 val_loss=1.5226 val_f1_macro=0.4551 val_f1_weighted=0.5130 val_prec_macro=0.4874 val_rec_macro=0.4430 val_metric_name=acc val_metric=0.5225
Step 3300 | loss 0.7560 | val_acc=0.5205 val_loss=1.5320 val_f1_macro=0.4546 val_f1_weighted=0.5115 val_prec_macro=0.4839 val_rec_macro=0.4431 val_metric_name=acc val_metric=0.5205
Step 3350 | loss 0.7412 | val_acc=0.5215 val_loss=1.5451 val_f1_macro=0.4561 val_f1_weighted=0.5116 val_prec_macro=0.4887 val_rec_macro=0.4440 val_metric_name=acc val_metric=0.5215
Step 3400 | loss 0.7463 | val_acc=0.5238 val_loss=1.5519 val_f1_macro=0.4623 val_f1_weighted=0.5153 val_prec_macro=0.4918 val_rec_macro=0.4502 val_metric_name=acc val_metric=0.5238
Step 3450 | loss 0.7246 | val_acc=0.5251 val_loss=1.5589 val_f1_macro=0.4630 val_f1_weighted=0.5168 val_prec_macro=0.4919 val_rec_macro=0.4510 val_metric_name=acc val_metric=0.5251
Step 3500 | loss 0.7189 | val_acc=0.5243 val_loss=1.5678 val_f1_macro=0.4614 val_f1_weighted=0.5162 val_prec_macro=0.4897 val_rec_macro=0.4491 val_metric_name=acc val_metric=0.5243
Step 3550 | loss 0.7101 | val_acc=0.5274 val_loss=1.5782 val_f1_macro=0.4655 val_f1_weighted=0.5194 val_prec_macro=0.4941 val_rec_macro=0.4531 val_metric_name=acc val_metric=0.5274
Step 3600 | loss 0.7079 | val_acc=0.5270 val_loss=1.5861 val_f1_macro=0.4672 val_f1_weighted=0.5194 val_prec_macro=0.4937 val_rec_macro=0.4557 val_metric_name=acc val_metric=0.5270
Step 3650 | loss 0.7026 | val_acc=0.5275 val_loss=1.5971 val_f1_macro=0.4663 val_f1_weighted=0.5199 val_prec_macro=0.4931 val_rec_macro=0.4544 val_metric_name=acc val_metric=0.5275
Step 3700 | loss 0.6945 | val_acc=0.5283 val_loss=1.6064 val_f1_macro=0.4665 val_f1_weighted=0.5202 val_prec_macro=0.4958 val_rec_macro=0.4541 val_metric_name=acc val_metric=0.5283
Step 3750 | loss 0.6867 | val_acc=0.5285 val_loss=1.6171 val_f1_macro=0.4680 val_f1_weighted=0.5209 val_prec_macro=0.4927 val_rec_macro=0.4577 val_metric_name=acc val_metric=0.5285
Step 3800 | loss 0.6737 | val_acc=0.5300 val_loss=1.6219 val_f1_macro=0.4695 val_f1_weighted=0.5225 val_prec_macro=0.4956 val_rec_macro=0.4574 val_metric_name=acc val_metric=0.5300
Step 3850 | loss 0.6674 | val_acc=0.5295 val_loss=1.6329 val_f1_macro=0.4701 val_f1_weighted=0.5223 val_prec_macro=0.4938 val_rec_macro=0.4593 val_metric_name=acc val_metric=0.5295
Step 3900 | loss 0.6626 | val_acc=0.5277 val_loss=1.6443 val_f1_macro=0.4670 val_f1_weighted=0.5207 val_prec_macro=0.4884 val_rec_macro=0.4574 val_metric_name=acc val_metric=0.5277
Step 3950 | loss 0.6490 | val_acc=0.5278 val_loss=1.6539 val_f1_macro=0.4688 val_f1_weighted=0.5210 val_prec_macro=0.4913 val_rec_macro=0.4580 val_metric_name=acc val_metric=0.5278
Step 4000 | loss 0.6516 | val_acc=0.5305 val_loss=1.6637 val_f1_macro=0.4717 val_f1_weighted=0.5233 val_prec_macro=0.4970 val_rec_macro=0.4604 val_metric_name=acc val_metric=0.5305
Step 4050 | loss 0.6415 | val_acc=0.5306 val_loss=1.6750 val_f1_macro=0.4721 val_f1_weighted=0.5239 val_prec_macro=0.4945 val_rec_macro=0.4618 val_metric_name=acc val_metric=0.5306
Step 4100 | loss 0.6345 | val_acc=0.5309 val_loss=1.6795 val_f1_macro=0.4720 val_f1_weighted=0.5244 val_prec_macro=0.4927 val_rec_macro=0.4626 val_metric_name=acc val_metric=0.5309
Step 4150 | loss 0.6298 | val_acc=0.5313 val_loss=1.6912 val_f1_macro=0.4721 val_f1_weighted=0.5244 val_prec_macro=0.4945 val_rec_macro=0.4619 val_metric_name=acc val_metric=0.5313
Step 4200 | loss 0.6254 | val_acc=0.5306 val_loss=1.7014 val_f1_macro=0.4740 val_f1_weighted=0.5243 val_prec_macro=0.4962 val_rec_macro=0.4635 val_metric_name=acc val_metric=0.5306
Step 4250 | loss 0.6166 | val_acc=0.5313 val_loss=1.7080 val_f1_macro=0.4732 val_f1_weighted=0.5248 val_prec_macro=0.4951 val_rec_macro=0.4631 val_metric_name=acc val_metric=0.5313
Step 4300 | loss 0.6068 | val_acc=0.5324 val_loss=1.7129 val_f1_macro=0.4743 val_f1_weighted=0.5260 val_prec_macro=0.4967 val_rec_macro=0.4637 val_metric_name=acc val_metric=0.5324
Step 4350 | loss 0.5971 | val_acc=0.5311 val_loss=1.7298 val_f1_macro=0.4749 val_f1_weighted=0.5251 val_prec_macro=0.4953 val_rec_macro=0.4649 val_metric_name=acc val_metric=0.5311
Step 4400 | loss 0.5879 | val_acc=0.5321 val_loss=1.7451 val_f1_macro=0.4759 val_f1_weighted=0.5259 val_prec_macro=0.4953 val_rec_macro=0.4667 val_metric_name=acc val_metric=0.5321
Step 4450 | loss 0.5816 | val_acc=0.5298 val_loss=1.7437 val_f1_macro=0.4727 val_f1_weighted=0.5235 val_prec_macro=0.4930 val_rec_macro=0.4632 val_metric_name=acc val_metric=0.5298
Step 4500 | loss 0.5776 | val_acc=0.5313 val_loss=1.7559 val_f1_macro=0.4764 val_f1_weighted=0.5252 val_prec_macro=0.4959 val_rec_macro=0.4674 val_metric_name=acc val_metric=0.5313
Step 4550 | loss 0.5790 | val_acc=0.5324 val_loss=1.7710 val_f1_macro=0.4765 val_f1_weighted=0.5263 val_prec_macro=0.4960 val_rec_macro=0.4673 val_metric_name=acc val_metric=0.5324
Step 4600 | loss 0.5641 | val_acc=0.5339 val_loss=1.7775 val_f1_macro=0.4757 val_f1_weighted=0.5275 val_prec_macro=0.4967 val_rec_macro=0.4655 val_metric_name=acc val_metric=0.5339
Step 4650 | loss 0.5615 | val_acc=0.5332 val_loss=1.7871 val_f1_macro=0.4753 val_f1_weighted=0.5270 val_prec_macro=0.4951 val_rec_macro=0.4660 val_metric_name=acc val_metric=0.5332
Step 4700 | loss 0.5535 | val_acc=0.5323 val_loss=1.8039 val_f1_macro=0.4758 val_f1_weighted=0.5263 val_prec_macro=0.4936 val_rec_macro=0.4673 val_metric_name=acc val_metric=0.5323
Step 4750 | loss 0.5549 | val_acc=0.5339 val_loss=1.8098 val_f1_macro=0.4768 val_f1_weighted=0.5280 val_prec_macro=0.4941 val_rec_macro=0.4687 val_metric_name=acc val_metric=0.5339
Step 4800 | loss 0.5449 | val_acc=0.5350 val_loss=1.8171 val_f1_macro=0.4769 val_f1_weighted=0.5288 val_prec_macro=0.4955 val_rec_macro=0.4680 val_metric_name=acc val_metric=0.5350
Step 4850 | loss 0.5433 | val_acc=0.5352 val_loss=1.8295 val_f1_macro=0.4775 val_f1_weighted=0.5291 val_prec_macro=0.4962 val_rec_macro=0.4688 val_metric_name=acc val_metric=0.5352
Step 4900 | loss 0.5449 | val_acc=0.5357 val_loss=1.8373 val_f1_macro=0.4788 val_f1_weighted=0.5297 val_prec_macro=0.4974 val_rec_macro=0.4693 val_metric_name=acc val_metric=0.5357
Step 4950 | loss 0.5285 | val_acc=0.5354 val_loss=1.8487 val_f1_macro=0.4786 val_f1_weighted=0.5293 val_prec_macro=0.4976 val_rec_macro=0.4692 val_metric_name=acc val_metric=0.5354
Step 5000 | loss 0.5306 | val_acc=0.5370 val_loss=1.8581 val_f1_macro=0.4791 val_f1_weighted=0.5311 val_prec_macro=0.4975 val_rec_macro=0.4698 val_metric_name=acc val_metric=0.5370

--- Final (best ckpt @ step 4990) ---
  train_acc=0.9192 train_loss=0.2240 train_f1_macro=0.9192 train_f1_weighted=0.9194 train_prec_macro=0.9238 train_rec_macro=0.9176 train_metric_name=acc train_metric=0.9192
  val_acc=0.5370 val_loss=1.8576 val_f1_macro=0.4791 val_f1_weighted=0.5314 val_prec_macro=0.4947 val_rec_macro=0.4717 val_metric_name=acc val_metric=0.5370
  test_acc=0.5316 test_loss=1.8954 test_f1_macro=0.4645 test_f1_weighted=0.5266 test_prec_macro=0.4783 test_rec_macro=0.4586 test_metric_name=acc test_metric=0.5316
  test_acc=0.5316

============================================================
Training amazon-ratings GT 2L h=384 lr=3e-05 split=4
============================================================
Training for 5000 steps
Step    1 | loss 1.6727 | val_acc=0.2838 val_loss=1.4851 val_f1_macro=0.1366 val_f1_weighted=0.2121 val_prec_macro=0.1536 val_rec_macro=0.1930 val_metric_name=acc val_metric=0.2838
Step   50 | loss 1.4101 | val_acc=0.3797 val_loss=1.3965 val_f1_macro=0.1477 val_f1_weighted=0.2513 val_prec_macro=0.2310 val_rec_macro=0.2137 val_metric_name=acc val_metric=0.3797
Step  100 | loss 1.3764 | val_acc=0.4013 val_loss=1.3687 val_f1_macro=0.1926 val_f1_weighted=0.3093 val_prec_macro=0.2354 val_rec_macro=0.2381 val_metric_name=acc val_metric=0.4013
Step  150 | loss 1.3504 | val_acc=0.4147 val_loss=1.3499 val_f1_macro=0.2192 val_f1_weighted=0.3422 val_prec_macro=0.2372 val_rec_macro=0.2552 val_metric_name=acc val_metric=0.4147
Step  200 | loss 1.3156 | val_acc=0.4197 val_loss=1.3373 val_f1_macro=0.2416 val_f1_weighted=0.3663 val_prec_macro=0.3201 val_rec_macro=0.2685 val_metric_name=acc val_metric=0.4197
Step  250 | loss 1.2871 | val_acc=0.4334 val_loss=1.3312 val_f1_macro=0.2669 val_f1_weighted=0.3901 val_prec_macro=0.4501 val_rec_macro=0.2857 val_metric_name=acc val_metric=0.4334
Step  300 | loss 1.2455 | val_acc=0.4516 val_loss=1.3303 val_f1_macro=0.3053 val_f1_weighted=0.4134 val_prec_macro=0.4937 val_rec_macro=0.3124 val_metric_name=acc val_metric=0.4516
Step  350 | loss 1.2094 | val_acc=0.4553 val_loss=1.3258 val_f1_macro=0.3300 val_f1_weighted=0.4260 val_prec_macro=0.4767 val_rec_macro=0.3267 val_metric_name=acc val_metric=0.4553
Step  400 | loss 1.1671 | val_acc=0.4656 val_loss=1.3286 val_f1_macro=0.3503 val_f1_weighted=0.4393 val_prec_macro=0.4568 val_rec_macro=0.3429 val_metric_name=acc val_metric=0.4656
Step  450 | loss 1.1312 | val_acc=0.4708 val_loss=1.3355 val_f1_macro=0.3639 val_f1_weighted=0.4470 val_prec_macro=0.4514 val_rec_macro=0.3536 val_metric_name=acc val_metric=0.4708
Step  500 | loss 1.0933 | val_acc=0.4762 val_loss=1.3440 val_f1_macro=0.3763 val_f1_weighted=0.4560 val_prec_macro=0.4523 val_rec_macro=0.3635 val_metric_name=acc val_metric=0.4762
Step  550 | loss 1.0469 | val_acc=0.4811 val_loss=1.3604 val_f1_macro=0.3945 val_f1_weighted=0.4646 val_prec_macro=0.4613 val_rec_macro=0.3781 val_metric_name=acc val_metric=0.4811
Step  600 | loss 1.0106 | val_acc=0.4852 val_loss=1.3719 val_f1_macro=0.4063 val_f1_weighted=0.4723 val_prec_macro=0.4526 val_rec_macro=0.3920 val_metric_name=acc val_metric=0.4852
Step  650 | loss 0.9582 | val_acc=0.4922 val_loss=1.4006 val_f1_macro=0.4172 val_f1_weighted=0.4797 val_prec_macro=0.4642 val_rec_macro=0.4008 val_metric_name=acc val_metric=0.4922
Step  700 | loss 0.9087 | val_acc=0.4973 val_loss=1.4302 val_f1_macro=0.4262 val_f1_weighted=0.4861 val_prec_macro=0.4726 val_rec_macro=0.4079 val_metric_name=acc val_metric=0.4973
Step  750 | loss 0.8610 | val_acc=0.5065 val_loss=1.4580 val_f1_macro=0.4395 val_f1_weighted=0.4969 val_prec_macro=0.4783 val_rec_macro=0.4219 val_metric_name=acc val_metric=0.5065
Step  800 | loss 0.8183 | val_acc=0.5122 val_loss=1.4943 val_f1_macro=0.4470 val_f1_weighted=0.5031 val_prec_macro=0.4808 val_rec_macro=0.4316 val_metric_name=acc val_metric=0.5122
Step  850 | loss 0.7761 | val_acc=0.5110 val_loss=1.5292 val_f1_macro=0.4525 val_f1_weighted=0.5049 val_prec_macro=0.4756 val_rec_macro=0.4392 val_metric_name=acc val_metric=0.5110
Step  900 | loss 0.7297 | val_acc=0.5161 val_loss=1.5812 val_f1_macro=0.4565 val_f1_weighted=0.5091 val_prec_macro=0.4807 val_rec_macro=0.4434 val_metric_name=acc val_metric=0.5161
Step  950 | loss 0.6877 | val_acc=0.5189 val_loss=1.6232 val_f1_macro=0.4613 val_f1_weighted=0.5130 val_prec_macro=0.4833 val_rec_macro=0.4488 val_metric_name=acc val_metric=0.5189
Step 1000 | loss 0.6339 | val_acc=0.5220 val_loss=1.6809 val_f1_macro=0.4639 val_f1_weighted=0.5164 val_prec_macro=0.4845 val_rec_macro=0.4515 val_metric_name=acc val_metric=0.5220
Step 1050 | loss 0.5936 | val_acc=0.5223 val_loss=1.7276 val_f1_macro=0.4671 val_f1_weighted=0.5176 val_prec_macro=0.4835 val_rec_macro=0.4566 val_metric_name=acc val_metric=0.5223
Step 1100 | loss 0.5720 | val_acc=0.5264 val_loss=1.7839 val_f1_macro=0.4709 val_f1_weighted=0.5215 val_prec_macro=0.4884 val_rec_macro=0.4596 val_metric_name=acc val_metric=0.5264
Step 1150 | loss 0.5224 | val_acc=0.5278 val_loss=1.8526 val_f1_macro=0.4701 val_f1_weighted=0.5238 val_prec_macro=0.4827 val_rec_macro=0.4617 val_metric_name=acc val_metric=0.5278
Step 1200 | loss 0.4856 | val_acc=0.5296 val_loss=1.9033 val_f1_macro=0.4747 val_f1_weighted=0.5259 val_prec_macro=0.4879 val_rec_macro=0.4654 val_metric_name=acc val_metric=0.5296
Step 1250 | loss 0.4556 | val_acc=0.5295 val_loss=1.9644 val_f1_macro=0.4736 val_f1_weighted=0.5256 val_prec_macro=0.4867 val_rec_macro=0.4649 val_metric_name=acc val_metric=0.5295
Step 1300 | loss 0.4294 | val_acc=0.5323 val_loss=2.0226 val_f1_macro=0.4770 val_f1_weighted=0.5290 val_prec_macro=0.4874 val_rec_macro=0.4700 val_metric_name=acc val_metric=0.5323
Step 1350 | loss 0.3992 | val_acc=0.5357 val_loss=2.0767 val_f1_macro=0.4819 val_f1_weighted=0.5325 val_prec_macro=0.4926 val_rec_macro=0.4743 val_metric_name=acc val_metric=0.5357
Step 1400 | loss 0.3809 | val_acc=0.5350 val_loss=2.1322 val_f1_macro=0.4811 val_f1_weighted=0.5320 val_prec_macro=0.4918 val_rec_macro=0.4731 val_metric_name=acc val_metric=0.5350
Step 1450 | loss 0.3529 | val_acc=0.5386 val_loss=2.1810 val_f1_macro=0.4852 val_f1_weighted=0.5355 val_prec_macro=0.4964 val_rec_macro=0.4769 val_metric_name=acc val_metric=0.5386
Step 1500 | loss 0.3418 | val_acc=0.5399 val_loss=2.2497 val_f1_macro=0.4881 val_f1_weighted=0.5370 val_prec_macro=0.4979 val_rec_macro=0.4810 val_metric_name=acc val_metric=0.5399
Step 1550 | loss 0.3141 | val_acc=0.5372 val_loss=2.2964 val_f1_macro=0.4849 val_f1_weighted=0.5346 val_prec_macro=0.4926 val_rec_macro=0.4794 val_metric_name=acc val_metric=0.5372
Step 1600 | loss 0.2924 | val_acc=0.5409 val_loss=2.3493 val_f1_macro=0.4889 val_f1_weighted=0.5384 val_prec_macro=0.4968 val_rec_macro=0.4831 val_metric_name=acc val_metric=0.5409
Step 1650 | loss 0.2767 | val_acc=0.5401 val_loss=2.3751 val_f1_macro=0.4878 val_f1_weighted=0.5378 val_prec_macro=0.4954 val_rec_macro=0.4820 val_metric_name=acc val_metric=0.5401
Step 1700 | loss 0.2537 | val_acc=0.5424 val_loss=2.4388 val_f1_macro=0.4917 val_f1_weighted=0.5401 val_prec_macro=0.4995 val_rec_macro=0.4855 val_metric_name=acc val_metric=0.5424
Step 1750 | loss 0.2456 | val_acc=0.5435 val_loss=2.4880 val_f1_macro=0.4924 val_f1_weighted=0.5416 val_prec_macro=0.4992 val_rec_macro=0.4867 val_metric_name=acc val_metric=0.5435
Step 1800 | loss 0.2337 | val_acc=0.5439 val_loss=2.5262 val_f1_macro=0.4938 val_f1_weighted=0.5417 val_prec_macro=0.5018 val_rec_macro=0.4875 val_metric_name=acc val_metric=0.5439
Step 1850 | loss 0.2289 | val_acc=0.5455 val_loss=2.5773 val_f1_macro=0.4947 val_f1_weighted=0.5428 val_prec_macro=0.5045 val_rec_macro=0.4872 val_metric_name=acc val_metric=0.5455
Step 1900 | loss 0.2167 | val_acc=0.5442 val_loss=2.6188 val_f1_macro=0.4913 val_f1_weighted=0.5420 val_prec_macro=0.4994 val_rec_macro=0.4849 val_metric_name=acc val_metric=0.5442
Step 1950 | loss 0.2059 | val_acc=0.5461 val_loss=2.6455 val_f1_macro=0.4948 val_f1_weighted=0.5441 val_prec_macro=0.5024 val_rec_macro=0.4888 val_metric_name=acc val_metric=0.5461
Step 2000 | loss 0.2048 | val_acc=0.5445 val_loss=2.7024 val_f1_macro=0.4926 val_f1_weighted=0.5425 val_prec_macro=0.4996 val_rec_macro=0.4869 val_metric_name=acc val_metric=0.5445
Step 2050 | loss 0.1896 | val_acc=0.5453 val_loss=2.7393 val_f1_macro=0.4931 val_f1_weighted=0.5432 val_prec_macro=0.5007 val_rec_macro=0.4869 val_metric_name=acc val_metric=0.5453
Step 2100 | loss 0.1786 | val_acc=0.5491 val_loss=2.7759 val_f1_macro=0.4965 val_f1_weighted=0.5466 val_prec_macro=0.5058 val_rec_macro=0.4894 val_metric_name=acc val_metric=0.5491
Step 2150 | loss 0.1670 | val_acc=0.5470 val_loss=2.8127 val_f1_macro=0.4941 val_f1_weighted=0.5447 val_prec_macro=0.5016 val_rec_macro=0.4883 val_metric_name=acc val_metric=0.5470
Step 2200 | loss 0.1633 | val_acc=0.5468 val_loss=2.8291 val_f1_macro=0.4941 val_f1_weighted=0.5447 val_prec_macro=0.5015 val_rec_macro=0.4883 val_metric_name=acc val_metric=0.5468
Step 2250 | loss 0.1554 | val_acc=0.5479 val_loss=2.8713 val_f1_macro=0.4941 val_f1_weighted=0.5458 val_prec_macro=0.5009 val_rec_macro=0.4886 val_metric_name=acc val_metric=0.5479
Step 2300 | loss 0.1467 | val_acc=0.5463 val_loss=2.8990 val_f1_macro=0.4934 val_f1_weighted=0.5443 val_prec_macro=0.5004 val_rec_macro=0.4877 val_metric_name=acc val_metric=0.5463
Step 2350 | loss 0.1360 | val_acc=0.5496 val_loss=2.9240 val_f1_macro=0.4952 val_f1_weighted=0.5473 val_prec_macro=0.5031 val_rec_macro=0.4888 val_metric_name=acc val_metric=0.5496
Step 2400 | loss 0.1359 | val_acc=0.5512 val_loss=2.9685 val_f1_macro=0.4980 val_f1_weighted=0.5485 val_prec_macro=0.5082 val_rec_macro=0.4904 val_metric_name=acc val_metric=0.5512
Step 2450 | loss 0.1288 | val_acc=0.5497 val_loss=2.9861 val_f1_macro=0.4972 val_f1_weighted=0.5475 val_prec_macro=0.5049 val_rec_macro=0.4912 val_metric_name=acc val_metric=0.5497
Step 2500 | loss 0.1257 | val_acc=0.5488 val_loss=3.0244 val_f1_macro=0.4948 val_f1_weighted=0.5467 val_prec_macro=0.5005 val_rec_macro=0.4905 val_metric_name=acc val_metric=0.5488
Step 2550 | loss 0.1281 | val_acc=0.5466 val_loss=3.0518 val_f1_macro=0.4926 val_f1_weighted=0.5447 val_prec_macro=0.4981 val_rec_macro=0.4883 val_metric_name=acc val_metric=0.5466
Step 2600 | loss 0.1223 | val_acc=0.5491 val_loss=3.0798 val_f1_macro=0.4928 val_f1_weighted=0.5466 val_prec_macro=0.4999 val_rec_macro=0.4874 val_metric_name=acc val_metric=0.5491
Step 2650 | loss 0.1114 | val_acc=0.5504 val_loss=3.0989 val_f1_macro=0.4967 val_f1_weighted=0.5479 val_prec_macro=0.5053 val_rec_macro=0.4901 val_metric_name=acc val_metric=0.5504
Step 2700 | loss 0.1116 | val_acc=0.5502 val_loss=3.1331 val_f1_macro=0.4962 val_f1_weighted=0.5481 val_prec_macro=0.5023 val_rec_macro=0.4917 val_metric_name=acc val_metric=0.5502
Step 2750 | loss 0.1051 | val_acc=0.5483 val_loss=3.1627 val_f1_macro=0.4950 val_f1_weighted=0.5458 val_prec_macro=0.5039 val_rec_macro=0.4881 val_metric_name=acc val_metric=0.5483
Step 2800 | loss 0.0996 | val_acc=0.5484 val_loss=3.1899 val_f1_macro=0.4937 val_f1_weighted=0.5462 val_prec_macro=0.4998 val_rec_macro=0.4890 val_metric_name=acc val_metric=0.5484
Step 2850 | loss 0.0986 | val_acc=0.5492 val_loss=3.2068 val_f1_macro=0.4957 val_f1_weighted=0.5471 val_prec_macro=0.5031 val_rec_macro=0.4898 val_metric_name=acc val_metric=0.5492
Step 2900 | loss 0.0953 | val_acc=0.5497 val_loss=3.2240 val_f1_macro=0.4938 val_f1_weighted=0.5475 val_prec_macro=0.5001 val_rec_macro=0.4888 val_metric_name=acc val_metric=0.5497
Step 2950 | loss 0.0954 | val_acc=0.5512 val_loss=3.2448 val_f1_macro=0.4955 val_f1_weighted=0.5490 val_prec_macro=0.5022 val_rec_macro=0.4903 val_metric_name=acc val_metric=0.5512
Step 3000 | loss 0.0901 | val_acc=0.5474 val_loss=3.2728 val_f1_macro=0.4913 val_f1_weighted=0.5459 val_prec_macro=0.4953 val_rec_macro=0.4879 val_metric_name=acc val_metric=0.5474
Step 3050 | loss 0.0840 | val_acc=0.5486 val_loss=3.3018 val_f1_macro=0.4928 val_f1_weighted=0.5467 val_prec_macro=0.4981 val_rec_macro=0.4886 val_metric_name=acc val_metric=0.5486
Step 3100 | loss 0.0853 | val_acc=0.5474 val_loss=3.3059 val_f1_macro=0.4923 val_f1_weighted=0.5458 val_prec_macro=0.4982 val_rec_macro=0.4873 val_metric_name=acc val_metric=0.5474
Step 3150 | loss 0.0846 | val_acc=0.5478 val_loss=3.3378 val_f1_macro=0.4915 val_f1_weighted=0.5457 val_prec_macro=0.4979 val_rec_macro=0.4863 val_metric_name=acc val_metric=0.5478
Step 3200 | loss 0.0767 | val_acc=0.5507 val_loss=3.3641 val_f1_macro=0.4967 val_f1_weighted=0.5488 val_prec_macro=0.5026 val_rec_macro=0.4920 val_metric_name=acc val_metric=0.5507
Step 3250 | loss 0.0738 | val_acc=0.5499 val_loss=3.3746 val_f1_macro=0.4935 val_f1_weighted=0.5477 val_prec_macro=0.5006 val_rec_macro=0.4878 val_metric_name=acc val_metric=0.5499
Step 3300 | loss 0.0700 | val_acc=0.5491 val_loss=3.4073 val_f1_macro=0.4940 val_f1_weighted=0.5475 val_prec_macro=0.4979 val_rec_macro=0.4908 val_metric_name=acc val_metric=0.5491
Step 3350 | loss 0.0703 | val_acc=0.5496 val_loss=3.4146 val_f1_macro=0.4937 val_f1_weighted=0.5476 val_prec_macro=0.4991 val_rec_macro=0.4893 val_metric_name=acc val_metric=0.5496
Step 3400 | loss 0.0690 | val_acc=0.5474 val_loss=3.4568 val_f1_macro=0.4908 val_f1_weighted=0.5450 val_prec_macro=0.4968 val_rec_macro=0.4865 val_metric_name=acc val_metric=0.5474
Step 3450 | loss 0.0692 | val_acc=0.5492 val_loss=3.4622 val_f1_macro=0.4938 val_f1_weighted=0.5471 val_prec_macro=0.4990 val_rec_macro=0.4898 val_metric_name=acc val_metric=0.5492
Step 3500 | loss 0.0696 | val_acc=0.5520 val_loss=3.4648 val_f1_macro=0.4966 val_f1_weighted=0.5497 val_prec_macro=0.5044 val_rec_macro=0.4904 val_metric_name=acc val_metric=0.5520
Step 3550 | loss 0.0635 | val_acc=0.5488 val_loss=3.4962 val_f1_macro=0.4920 val_f1_weighted=0.5470 val_prec_macro=0.4974 val_rec_macro=0.4875 val_metric_name=acc val_metric=0.5488
Step 3600 | loss 0.0613 | val_acc=0.5497 val_loss=3.5247 val_f1_macro=0.4925 val_f1_weighted=0.5476 val_prec_macro=0.4984 val_rec_macro=0.4878 val_metric_name=acc val_metric=0.5497
Step 3650 | loss 0.0609 | val_acc=0.5492 val_loss=3.5415 val_f1_macro=0.4931 val_f1_weighted=0.5471 val_prec_macro=0.4994 val_rec_macro=0.4881 val_metric_name=acc val_metric=0.5492
Step 3700 | loss 0.0570 | val_acc=0.5491 val_loss=3.5570 val_f1_macro=0.4941 val_f1_weighted=0.5474 val_prec_macro=0.4987 val_rec_macro=0.4904 val_metric_name=acc val_metric=0.5491
Step 3750 | loss 0.0564 | val_acc=0.5494 val_loss=3.5826 val_f1_macro=0.4927 val_f1_weighted=0.5475 val_prec_macro=0.4980 val_rec_macro=0.4885 val_metric_name=acc val_metric=0.5494
Step 3800 | loss 0.0599 | val_acc=0.5481 val_loss=3.5998 val_f1_macro=0.4921 val_f1_weighted=0.5462 val_prec_macro=0.4974 val_rec_macro=0.4878 val_metric_name=acc val_metric=0.5481
Step 3850 | loss 0.0550 | val_acc=0.5491 val_loss=3.6139 val_f1_macro=0.4933 val_f1_weighted=0.5471 val_prec_macro=0.5000 val_rec_macro=0.4877 val_metric_name=acc val_metric=0.5491
Early stopping at step 3874

--- Final (best ckpt @ step 3570) ---
  train_acc=0.9997 train_loss=0.0015 train_f1_macro=0.9992 train_f1_weighted=0.9997 train_prec_macro=0.9988 train_rec_macro=0.9996 train_metric_name=acc train_metric=0.9997
  val_acc=0.5525 val_loss=3.4927 val_f1_macro=0.4947 val_f1_weighted=0.5500 val_prec_macro=0.5028 val_rec_macro=0.4884 val_metric_name=acc val_metric=0.5525
  test_acc=0.5411 test_loss=3.6661 test_f1_macro=0.4721 test_f1_weighted=0.5385 test_prec_macro=0.4800 test_rec_macro=0.4659 test_metric_name=acc test_metric=0.5411
  test_acc=0.5411

============================================================
Training amazon-ratings GT 2L h=384 lr=6e-05 split=4
============================================================
Training for 5000 steps
Step    1 | loss 1.6727 | val_acc=0.3578 val_loss=1.4441 val_f1_macro=0.1168 val_f1_weighted=0.2090 val_prec_macro=0.1415 val_rec_macro=0.1964 val_metric_name=acc val_metric=0.3578
Step   50 | loss 1.3903 | val_acc=0.3926 val_loss=1.3764 val_f1_macro=0.1772 val_f1_weighted=0.2896 val_prec_macro=0.2466 val_rec_macro=0.2287 val_metric_name=acc val_metric=0.3926
Step  100 | loss 1.3371 | val_acc=0.4178 val_loss=1.3460 val_f1_macro=0.2264 val_f1_weighted=0.3503 val_prec_macro=0.4405 val_rec_macro=0.2593 val_metric_name=acc val_metric=0.4178
Step  150 | loss 1.2892 | val_acc=0.4370 val_loss=1.3304 val_f1_macro=0.2710 val_f1_weighted=0.3952 val_prec_macro=0.4453 val_rec_macro=0.2905 val_metric_name=acc val_metric=0.4370
Step  200 | loss 1.2198 | val_acc=0.4542 val_loss=1.3212 val_f1_macro=0.3181 val_f1_weighted=0.4224 val_prec_macro=0.4679 val_rec_macro=0.3201 val_metric_name=acc val_metric=0.4542
Step  250 | loss 1.1544 | val_acc=0.4674 val_loss=1.3268 val_f1_macro=0.3540 val_f1_weighted=0.4426 val_prec_macro=0.4548 val_rec_macro=0.3469 val_metric_name=acc val_metric=0.4674
Step  300 | loss 1.0811 | val_acc=0.4803 val_loss=1.3402 val_f1_macro=0.3827 val_f1_weighted=0.4629 val_prec_macro=0.4572 val_rec_macro=0.3686 val_metric_name=acc val_metric=0.4803
Step  350 | loss 1.0090 | val_acc=0.4864 val_loss=1.3731 val_f1_macro=0.4037 val_f1_weighted=0.4721 val_prec_macro=0.4577 val_rec_macro=0.3871 val_metric_name=acc val_metric=0.4864
Step  400 | loss 0.9182 | val_acc=0.4909 val_loss=1.4137 val_f1_macro=0.4144 val_f1_weighted=0.4797 val_prec_macro=0.4559 val_rec_macro=0.3990 val_metric_name=acc val_metric=0.4909
Step  450 | loss 0.8414 | val_acc=0.5065 val_loss=1.4759 val_f1_macro=0.4404 val_f1_weighted=0.4982 val_prec_macro=0.4740 val_rec_macro=0.4237 val_metric_name=acc val_metric=0.5065
Step  500 | loss 0.7555 | val_acc=0.5133 val_loss=1.5436 val_f1_macro=0.4493 val_f1_weighted=0.5056 val_prec_macro=0.4826 val_rec_macro=0.4324 val_metric_name=acc val_metric=0.5133
Step  550 | loss 0.6710 | val_acc=0.5205 val_loss=1.6324 val_f1_macro=0.4589 val_f1_weighted=0.5147 val_prec_macro=0.4764 val_rec_macro=0.4491 val_metric_name=acc val_metric=0.5205
Step  600 | loss 0.5990 | val_acc=0.5234 val_loss=1.7247 val_f1_macro=0.4663 val_f1_weighted=0.5184 val_prec_macro=0.4847 val_rec_macro=0.4547 val_metric_name=acc val_metric=0.5234
Step  650 | loss 0.5316 | val_acc=0.5301 val_loss=1.8335 val_f1_macro=0.4730 val_f1_weighted=0.5245 val_prec_macro=0.4943 val_rec_macro=0.4602 val_metric_name=acc val_metric=0.5301
Step  700 | loss 0.4564 | val_acc=0.5341 val_loss=1.9457 val_f1_macro=0.4766 val_f1_weighted=0.5291 val_prec_macro=0.4946 val_rec_macro=0.4654 val_metric_name=acc val_metric=0.5341
Step  750 | loss 0.4055 | val_acc=0.5309 val_loss=2.0464 val_f1_macro=0.4762 val_f1_weighted=0.5277 val_prec_macro=0.4878 val_rec_macro=0.4677 val_metric_name=acc val_metric=0.5309
Step  800 | loss 0.3708 | val_acc=0.5337 val_loss=2.1477 val_f1_macro=0.4812 val_f1_weighted=0.5308 val_prec_macro=0.4912 val_rec_macro=0.4742 val_metric_name=acc val_metric=0.5337
Step  850 | loss 0.3249 | val_acc=0.5349 val_loss=2.2504 val_f1_macro=0.4797 val_f1_weighted=0.5327 val_prec_macro=0.4868 val_rec_macro=0.4740 val_metric_name=acc val_metric=0.5349
Step  900 | loss 0.2933 | val_acc=0.5394 val_loss=2.3443 val_f1_macro=0.4880 val_f1_weighted=0.5368 val_prec_macro=0.4966 val_rec_macro=0.4818 val_metric_name=acc val_metric=0.5394
Step  950 | loss 0.2627 | val_acc=0.5409 val_loss=2.4394 val_f1_macro=0.4886 val_f1_weighted=0.5380 val_prec_macro=0.5016 val_rec_macro=0.4791 val_metric_name=acc val_metric=0.5409
Step 1000 | loss 0.2265 | val_acc=0.5401 val_loss=2.5174 val_f1_macro=0.4864 val_f1_weighted=0.5379 val_prec_macro=0.4954 val_rec_macro=0.4794 val_metric_name=acc val_metric=0.5401
Step 1050 | loss 0.2074 | val_acc=0.5399 val_loss=2.5963 val_f1_macro=0.4891 val_f1_weighted=0.5378 val_prec_macro=0.4977 val_rec_macro=0.4823 val_metric_name=acc val_metric=0.5399
Step 1100 | loss 0.1925 | val_acc=0.5411 val_loss=2.6789 val_f1_macro=0.4879 val_f1_weighted=0.5389 val_prec_macro=0.4950 val_rec_macro=0.4825 val_metric_name=acc val_metric=0.5411
Step 1150 | loss 0.1815 | val_acc=0.5434 val_loss=2.7534 val_f1_macro=0.4907 val_f1_weighted=0.5413 val_prec_macro=0.4975 val_rec_macro=0.4853 val_metric_name=acc val_metric=0.5434
Step 1200 | loss 0.1605 | val_acc=0.5439 val_loss=2.8162 val_f1_macro=0.4957 val_f1_weighted=0.5420 val_prec_macro=0.5047 val_rec_macro=0.4884 val_metric_name=acc val_metric=0.5439
Step 1250 | loss 0.1472 | val_acc=0.5465 val_loss=2.8750 val_f1_macro=0.4966 val_f1_weighted=0.5443 val_prec_macro=0.5051 val_rec_macro=0.4898 val_metric_name=acc val_metric=0.5465
Step 1300 | loss 0.1400 | val_acc=0.5430 val_loss=2.9476 val_f1_macro=0.4881 val_f1_weighted=0.5418 val_prec_macro=0.4912 val_rec_macro=0.4854 val_metric_name=acc val_metric=0.5430
Step 1350 | loss 0.1285 | val_acc=0.5473 val_loss=2.9922 val_f1_macro=0.4924 val_f1_weighted=0.5454 val_prec_macro=0.4982 val_rec_macro=0.4883 val_metric_name=acc val_metric=0.5473
Step 1400 | loss 0.1244 | val_acc=0.5452 val_loss=3.0317 val_f1_macro=0.4919 val_f1_weighted=0.5432 val_prec_macro=0.4984 val_rec_macro=0.4865 val_metric_name=acc val_metric=0.5452
Step 1450 | loss 0.1081 | val_acc=0.5483 val_loss=3.0626 val_f1_macro=0.4935 val_f1_weighted=0.5456 val_prec_macro=0.5022 val_rec_macro=0.4870 val_metric_name=acc val_metric=0.5483
Step 1500 | loss 0.1104 | val_acc=0.5468 val_loss=3.1493 val_f1_macro=0.4920 val_f1_weighted=0.5449 val_prec_macro=0.4974 val_rec_macro=0.4878 val_metric_name=acc val_metric=0.5468
Step 1550 | loss 0.0998 | val_acc=0.5491 val_loss=3.1716 val_f1_macro=0.4947 val_f1_weighted=0.5473 val_prec_macro=0.5002 val_rec_macro=0.4901 val_metric_name=acc val_metric=0.5491
Step 1600 | loss 0.0919 | val_acc=0.5481 val_loss=3.2113 val_f1_macro=0.4941 val_f1_weighted=0.5457 val_prec_macro=0.5021 val_rec_macro=0.4877 val_metric_name=acc val_metric=0.5481
Step 1650 | loss 0.0859 | val_acc=0.5481 val_loss=3.2406 val_f1_macro=0.4926 val_f1_weighted=0.5462 val_prec_macro=0.4974 val_rec_macro=0.4890 val_metric_name=acc val_metric=0.5481
Step 1700 | loss 0.0756 | val_acc=0.5484 val_loss=3.2677 val_f1_macro=0.4944 val_f1_weighted=0.5463 val_prec_macro=0.5025 val_rec_macro=0.4878 val_metric_name=acc val_metric=0.5484
Step 1750 | loss 0.0775 | val_acc=0.5515 val_loss=3.3068 val_f1_macro=0.4961 val_f1_weighted=0.5494 val_prec_macro=0.5026 val_rec_macro=0.4908 val_metric_name=acc val_metric=0.5515
Step 1800 | loss 0.0752 | val_acc=0.5504 val_loss=3.3565 val_f1_macro=0.4955 val_f1_weighted=0.5486 val_prec_macro=0.5016 val_rec_macro=0.4904 val_metric_name=acc val_metric=0.5504
Step 1850 | loss 0.0765 | val_acc=0.5519 val_loss=3.3770 val_f1_macro=0.4969 val_f1_weighted=0.5493 val_prec_macro=0.5060 val_rec_macro=0.4897 val_metric_name=acc val_metric=0.5519
Step 1900 | loss 0.0713 | val_acc=0.5484 val_loss=3.4191 val_f1_macro=0.4929 val_f1_weighted=0.5463 val_prec_macro=0.4997 val_rec_macro=0.4874 val_metric_name=acc val_metric=0.5484
Step 1950 | loss 0.0649 | val_acc=0.5496 val_loss=3.4349 val_f1_macro=0.4922 val_f1_weighted=0.5476 val_prec_macro=0.4980 val_rec_macro=0.4874 val_metric_name=acc val_metric=0.5496
Step 2000 | loss 0.0673 | val_acc=0.5502 val_loss=3.4905 val_f1_macro=0.4934 val_f1_weighted=0.5480 val_prec_macro=0.5001 val_rec_macro=0.4880 val_metric_name=acc val_metric=0.5502
Step 2050 | loss 0.0605 | val_acc=0.5504 val_loss=3.5163 val_f1_macro=0.4946 val_f1_weighted=0.5490 val_prec_macro=0.4987 val_rec_macro=0.4912 val_metric_name=acc val_metric=0.5504
Step 2100 | loss 0.0599 | val_acc=0.5517 val_loss=3.5457 val_f1_macro=0.4991 val_f1_weighted=0.5500 val_prec_macro=0.5045 val_rec_macro=0.4946 val_metric_name=acc val_metric=0.5517
Step 2150 | loss 0.0558 | val_acc=0.5501 val_loss=3.5800 val_f1_macro=0.4951 val_f1_weighted=0.5481 val_prec_macro=0.5000 val_rec_macro=0.4914 val_metric_name=acc val_metric=0.5501
Step 2200 | loss 0.0567 | val_acc=0.5523 val_loss=3.5798 val_f1_macro=0.4959 val_f1_weighted=0.5500 val_prec_macro=0.5038 val_rec_macro=0.4898 val_metric_name=acc val_metric=0.5523
Step 2250 | loss 0.0494 | val_acc=0.5504 val_loss=3.6408 val_f1_macro=0.4943 val_f1_weighted=0.5487 val_prec_macro=0.4998 val_rec_macro=0.4898 val_metric_name=acc val_metric=0.5504
Step 2300 | loss 0.0493 | val_acc=0.5523 val_loss=3.6227 val_f1_macro=0.4981 val_f1_weighted=0.5505 val_prec_macro=0.5032 val_rec_macro=0.4942 val_metric_name=acc val_metric=0.5523
Step 2350 | loss 0.0418 | val_acc=0.5530 val_loss=3.6338 val_f1_macro=0.4986 val_f1_weighted=0.5508 val_prec_macro=0.5055 val_rec_macro=0.4931 val_metric_name=acc val_metric=0.5530
Step 2400 | loss 0.0467 | val_acc=0.5553 val_loss=3.6845 val_f1_macro=0.4997 val_f1_weighted=0.5529 val_prec_macro=0.5079 val_rec_macro=0.4934 val_metric_name=acc val_metric=0.5553
Step 2450 | loss 0.0431 | val_acc=0.5533 val_loss=3.6867 val_f1_macro=0.4979 val_f1_weighted=0.5510 val_prec_macro=0.5047 val_rec_macro=0.4930 val_metric_name=acc val_metric=0.5533
Step 2500 | loss 0.0405 | val_acc=0.5533 val_loss=3.7471 val_f1_macro=0.4988 val_f1_weighted=0.5511 val_prec_macro=0.5056 val_rec_macro=0.4934 val_metric_name=acc val_metric=0.5533
Step 2550 | loss 0.0422 | val_acc=0.5509 val_loss=3.7656 val_f1_macro=0.4966 val_f1_weighted=0.5493 val_prec_macro=0.5000 val_rec_macro=0.4946 val_metric_name=acc val_metric=0.5509
Step 2600 | loss 0.0417 | val_acc=0.5522 val_loss=3.7715 val_f1_macro=0.4975 val_f1_weighted=0.5499 val_prec_macro=0.5037 val_rec_macro=0.4928 val_metric_name=acc val_metric=0.5522
Step 2650 | loss 0.0376 | val_acc=0.5507 val_loss=3.8007 val_f1_macro=0.4965 val_f1_weighted=0.5484 val_prec_macro=0.5033 val_rec_macro=0.4914 val_metric_name=acc val_metric=0.5507
Step 2700 | loss 0.0366 | val_acc=0.5530 val_loss=3.8238 val_f1_macro=0.4993 val_f1_weighted=0.5514 val_prec_macro=0.5030 val_rec_macro=0.4967 val_metric_name=acc val_metric=0.5530
Step 2750 | loss 0.0342 | val_acc=0.5538 val_loss=3.8424 val_f1_macro=0.4998 val_f1_weighted=0.5517 val_prec_macro=0.5073 val_rec_macro=0.4936 val_metric_name=acc val_metric=0.5538
Step 2800 | loss 0.0340 | val_acc=0.5556 val_loss=3.8718 val_f1_macro=0.5004 val_f1_weighted=0.5534 val_prec_macro=0.5081 val_rec_macro=0.4941 val_metric_name=acc val_metric=0.5556
Step 2850 | loss 0.0355 | val_acc=0.5551 val_loss=3.8759 val_f1_macro=0.5008 val_f1_weighted=0.5527 val_prec_macro=0.5093 val_rec_macro=0.4941 val_metric_name=acc val_metric=0.5551
Step 2900 | loss 0.0303 | val_acc=0.5525 val_loss=3.9155 val_f1_macro=0.4972 val_f1_weighted=0.5505 val_prec_macro=0.5028 val_rec_macro=0.4927 val_metric_name=acc val_metric=0.5525
Step 2950 | loss 0.0318 | val_acc=0.5554 val_loss=3.9124 val_f1_macro=0.5011 val_f1_weighted=0.5526 val_prec_macro=0.5118 val_rec_macro=0.4928 val_metric_name=acc val_metric=0.5554
Step 3000 | loss 0.0305 | val_acc=0.5515 val_loss=3.9318 val_f1_macro=0.4977 val_f1_weighted=0.5498 val_prec_macro=0.5031 val_rec_macro=0.4934 val_metric_name=acc val_metric=0.5515
Step 3050 | loss 0.0286 | val_acc=0.5523 val_loss=3.9740 val_f1_macro=0.4988 val_f1_weighted=0.5502 val_prec_macro=0.5046 val_rec_macro=0.4944 val_metric_name=acc val_metric=0.5523
Step 3100 | loss 0.0294 | val_acc=0.5509 val_loss=3.9696 val_f1_macro=0.4988 val_f1_weighted=0.5488 val_prec_macro=0.5057 val_rec_macro=0.4933 val_metric_name=acc val_metric=0.5509
Early stopping at step 3139

--- Final (best ckpt @ step 2820) ---
  train_acc=1.0000 train_loss=0.0003 train_f1_macro=1.0000 train_f1_weighted=1.0000 train_prec_macro=1.0000 train_rec_macro=1.0000 train_metric_name=acc train_metric=1.0000
  val_acc=0.5576 val_loss=3.8581 val_f1_macro=0.5043 val_f1_weighted=0.5554 val_prec_macro=0.5124 val_rec_macro=0.4977 val_metric_name=acc val_metric=0.5576
  test_acc=0.5391 test_loss=4.0865 test_f1_macro=0.4692 test_f1_weighted=0.5375 test_prec_macro=0.4739 test_rec_macro=0.4652 test_metric_name=acc test_metric=0.5391
  test_acc=0.5391

============================================================
Training amazon-ratings GT 2L h=384 lr=0.0001 split=4
============================================================
Training for 5000 steps
Step    1 | loss 1.6727 | val_acc=0.3671 val_loss=1.5320 val_f1_macro=0.1079 val_f1_weighted=0.1982 val_prec_macro=0.2935 val_rec_macro=0.1997 val_metric_name=acc val_metric=0.3671
Step   50 | loss 1.3749 | val_acc=0.4011 val_loss=1.3692 val_f1_macro=0.2001 val_f1_weighted=0.3179 val_prec_macro=0.2305 val_rec_macro=0.2405 val_metric_name=acc val_metric=0.4011
Step  100 | loss 1.3033 | val_acc=0.4284 val_loss=1.3333 val_f1_macro=0.2579 val_f1_weighted=0.3850 val_prec_macro=0.3159 val_rec_macro=0.2780 val_metric_name=acc val_metric=0.4284
Step  150 | loss 1.2179 | val_acc=0.4540 val_loss=1.3225 val_f1_macro=0.3195 val_f1_weighted=0.4232 val_prec_macro=0.4773 val_rec_macro=0.3222 val_metric_name=acc val_metric=0.4540
Step  200 | loss 1.1208 | val_acc=0.4761 val_loss=1.3347 val_f1_macro=0.3599 val_f1_weighted=0.4503 val_prec_macro=0.4544 val_rec_macro=0.3507 val_metric_name=acc val_metric=0.4761
Step  250 | loss 1.0147 | val_acc=0.4859 val_loss=1.3614 val_f1_macro=0.4004 val_f1_weighted=0.4733 val_prec_macro=0.4593 val_rec_macro=0.3848 val_metric_name=acc val_metric=0.4859
Step  300 | loss 0.8866 | val_acc=0.5020 val_loss=1.4282 val_f1_macro=0.4285 val_f1_weighted=0.4920 val_prec_macro=0.4779 val_rec_macro=0.4096 val_metric_name=acc val_metric=0.5020
Step  350 | loss 0.7590 | val_acc=0.5120 val_loss=1.5332 val_f1_macro=0.4488 val_f1_weighted=0.5046 val_prec_macro=0.4842 val_rec_macro=0.4309 val_metric_name=acc val_metric=0.5120
Step  400 | loss 0.6264 | val_acc=0.5225 val_loss=1.6795 val_f1_macro=0.4622 val_f1_weighted=0.5162 val_prec_macro=0.4869 val_rec_macro=0.4483 val_metric_name=acc val_metric=0.5225
Step  450 | loss 0.5328 | val_acc=0.5241 val_loss=1.8290 val_f1_macro=0.4664 val_f1_weighted=0.5202 val_prec_macro=0.4780 val_rec_macro=0.4584 val_metric_name=acc val_metric=0.5241
Step  500 | loss 0.4370 | val_acc=0.5288 val_loss=1.9906 val_f1_macro=0.4764 val_f1_weighted=0.5253 val_prec_macro=0.4905 val_rec_macro=0.4664 val_metric_name=acc val_metric=0.5288
Step  550 | loss 0.3620 | val_acc=0.5352 val_loss=2.1632 val_f1_macro=0.4808 val_f1_weighted=0.5317 val_prec_macro=0.4901 val_rec_macro=0.4750 val_metric_name=acc val_metric=0.5352
Step  600 | loss 0.3080 | val_acc=0.5378 val_loss=2.2906 val_f1_macro=0.4863 val_f1_weighted=0.5351 val_prec_macro=0.4970 val_rec_macro=0.4785 val_metric_name=acc val_metric=0.5378
Step  650 | loss 0.2661 | val_acc=0.5383 val_loss=2.4507 val_f1_macro=0.4865 val_f1_weighted=0.5358 val_prec_macro=0.4954 val_rec_macro=0.4797 val_metric_name=acc val_metric=0.5383
Step  700 | loss 0.2126 | val_acc=0.5424 val_loss=2.5850 val_f1_macro=0.4895 val_f1_weighted=0.5398 val_prec_macro=0.4977 val_rec_macro=0.4838 val_metric_name=acc val_metric=0.5424
Step  750 | loss 0.1891 | val_acc=0.5430 val_loss=2.6981 val_f1_macro=0.4901 val_f1_weighted=0.5410 val_prec_macro=0.4973 val_rec_macro=0.4844 val_metric_name=acc val_metric=0.5430
Step  800 | loss 0.1741 | val_acc=0.5401 val_loss=2.8301 val_f1_macro=0.4865 val_f1_weighted=0.5387 val_prec_macro=0.4893 val_rec_macro=0.4844 val_metric_name=acc val_metric=0.5401
Step  850 | loss 0.1463 | val_acc=0.5427 val_loss=2.8648 val_f1_macro=0.4877 val_f1_weighted=0.5408 val_prec_macro=0.4936 val_rec_macro=0.4829 val_metric_name=acc val_metric=0.5427
Step  900 | loss 0.1362 | val_acc=0.5456 val_loss=2.9703 val_f1_macro=0.4920 val_f1_weighted=0.5433 val_prec_macro=0.4986 val_rec_macro=0.4871 val_metric_name=acc val_metric=0.5456
Step  950 | loss 0.1175 | val_acc=0.5463 val_loss=3.0393 val_f1_macro=0.4920 val_f1_weighted=0.5439 val_prec_macro=0.5007 val_rec_macro=0.4852 val_metric_name=acc val_metric=0.5463
Step 1000 | loss 0.1030 | val_acc=0.5439 val_loss=3.1104 val_f1_macro=0.4902 val_f1_weighted=0.5420 val_prec_macro=0.4981 val_rec_macro=0.4838 val_metric_name=acc val_metric=0.5439
Step 1050 | loss 0.0961 | val_acc=0.5456 val_loss=3.1869 val_f1_macro=0.4924 val_f1_weighted=0.5437 val_prec_macro=0.4984 val_rec_macro=0.4877 val_metric_name=acc val_metric=0.5456
Step 1100 | loss 0.0919 | val_acc=0.5448 val_loss=3.2322 val_f1_macro=0.4911 val_f1_weighted=0.5422 val_prec_macro=0.5005 val_rec_macro=0.4839 val_metric_name=acc val_metric=0.5448
Step 1150 | loss 0.0870 | val_acc=0.5434 val_loss=3.3118 val_f1_macro=0.4901 val_f1_weighted=0.5418 val_prec_macro=0.4954 val_rec_macro=0.4857 val_metric_name=acc val_metric=0.5434
Step 1200 | loss 0.0761 | val_acc=0.5461 val_loss=3.3345 val_f1_macro=0.4945 val_f1_weighted=0.5442 val_prec_macro=0.5030 val_rec_macro=0.4875 val_metric_name=acc val_metric=0.5461
Step 1250 | loss 0.0702 | val_acc=0.5434 val_loss=3.3995 val_f1_macro=0.4905 val_f1_weighted=0.5416 val_prec_macro=0.4968 val_rec_macro=0.4852 val_metric_name=acc val_metric=0.5434
Step 1300 | loss 0.0674 | val_acc=0.5434 val_loss=3.4345 val_f1_macro=0.4903 val_f1_weighted=0.5415 val_prec_macro=0.4959 val_rec_macro=0.4857 val_metric_name=acc val_metric=0.5434
Step 1350 | loss 0.0591 | val_acc=0.5456 val_loss=3.4851 val_f1_macro=0.4896 val_f1_weighted=0.5437 val_prec_macro=0.4952 val_rec_macro=0.4852 val_metric_name=acc val_metric=0.5456
Step 1400 | loss 0.0588 | val_acc=0.5434 val_loss=3.5292 val_f1_macro=0.4885 val_f1_weighted=0.5416 val_prec_macro=0.4942 val_rec_macro=0.4837 val_metric_name=acc val_metric=0.5434
Step 1450 | loss 0.0513 | val_acc=0.5483 val_loss=3.5345 val_f1_macro=0.4942 val_f1_weighted=0.5457 val_prec_macro=0.5019 val_rec_macro=0.4886 val_metric_name=acc val_metric=0.5483
Step 1500 | loss 0.0548 | val_acc=0.5489 val_loss=3.5923 val_f1_macro=0.4953 val_f1_weighted=0.5470 val_prec_macro=0.5011 val_rec_macro=0.4905 val_metric_name=acc val_metric=0.5489
Step 1550 | loss 0.0530 | val_acc=0.5456 val_loss=3.6366 val_f1_macro=0.4940 val_f1_weighted=0.5439 val_prec_macro=0.5009 val_rec_macro=0.4885 val_metric_name=acc val_metric=0.5456
Step 1600 | loss 0.0458 | val_acc=0.5476 val_loss=3.6621 val_f1_macro=0.4956 val_f1_weighted=0.5453 val_prec_macro=0.5046 val_rec_macro=0.4884 val_metric_name=acc val_metric=0.5476
Step 1650 | loss 0.0410 | val_acc=0.5486 val_loss=3.7027 val_f1_macro=0.4939 val_f1_weighted=0.5464 val_prec_macro=0.4993 val_rec_macro=0.4899 val_metric_name=acc val_metric=0.5486
Step 1700 | loss 0.0361 | val_acc=0.5476 val_loss=3.7186 val_f1_macro=0.4943 val_f1_weighted=0.5452 val_prec_macro=0.5025 val_rec_macro=0.4879 val_metric_name=acc val_metric=0.5476
Step 1750 | loss 0.0368 | val_acc=0.5471 val_loss=3.7721 val_f1_macro=0.4910 val_f1_weighted=0.5449 val_prec_macro=0.4971 val_rec_macro=0.4862 val_metric_name=acc val_metric=0.5471
Step 1800 | loss 0.0396 | val_acc=0.5486 val_loss=3.7876 val_f1_macro=0.4949 val_f1_weighted=0.5465 val_prec_macro=0.5032 val_rec_macro=0.4882 val_metric_name=acc val_metric=0.5486
Step 1850 | loss 0.0377 | val_acc=0.5489 val_loss=3.7907 val_f1_macro=0.4941 val_f1_weighted=0.5467 val_prec_macro=0.5021 val_rec_macro=0.4876 val_metric_name=acc val_metric=0.5489
Step 1900 | loss 0.0345 | val_acc=0.5497 val_loss=3.8591 val_f1_macro=0.4961 val_f1_weighted=0.5478 val_prec_macro=0.5030 val_rec_macro=0.4904 val_metric_name=acc val_metric=0.5497
Step 1950 | loss 0.0306 | val_acc=0.5465 val_loss=3.8624 val_f1_macro=0.4913 val_f1_weighted=0.5445 val_prec_macro=0.4987 val_rec_macro=0.4851 val_metric_name=acc val_metric=0.5465
Step 2000 | loss 0.0314 | val_acc=0.5520 val_loss=3.8850 val_f1_macro=0.4971 val_f1_weighted=0.5495 val_prec_macro=0.5052 val_rec_macro=0.4908 val_metric_name=acc val_metric=0.5520
Step 2050 | loss 0.0277 | val_acc=0.5512 val_loss=3.9392 val_f1_macro=0.4988 val_f1_weighted=0.5498 val_prec_macro=0.5048 val_rec_macro=0.4939 val_metric_name=acc val_metric=0.5512
Step 2100 | loss 0.0312 | val_acc=0.5491 val_loss=3.9602 val_f1_macro=0.4966 val_f1_weighted=0.5473 val_prec_macro=0.5031 val_rec_macro=0.4912 val_metric_name=acc val_metric=0.5491
Step 2150 | loss 0.0291 | val_acc=0.5499 val_loss=4.0064 val_f1_macro=0.4969 val_f1_weighted=0.5482 val_prec_macro=0.5011 val_rec_macro=0.4939 val_metric_name=acc val_metric=0.5499
Step 2200 | loss 0.0282 | val_acc=0.5507 val_loss=3.9828 val_f1_macro=0.4952 val_f1_weighted=0.5480 val_prec_macro=0.5051 val_rec_macro=0.4877 val_metric_name=acc val_metric=0.5507
Step 2250 | loss 0.0259 | val_acc=0.5514 val_loss=4.0187 val_f1_macro=0.4974 val_f1_weighted=0.5493 val_prec_macro=0.5054 val_rec_macro=0.4911 val_metric_name=acc val_metric=0.5514
Step 2300 | loss 0.0234 | val_acc=0.5528 val_loss=4.0345 val_f1_macro=0.4988 val_f1_weighted=0.5509 val_prec_macro=0.5055 val_rec_macro=0.4933 val_metric_name=acc val_metric=0.5528
Step 2350 | loss 0.0191 | val_acc=0.5530 val_loss=4.0525 val_f1_macro=0.4973 val_f1_weighted=0.5506 val_prec_macro=0.5047 val_rec_macro=0.4919 val_metric_name=acc val_metric=0.5530
Step 2400 | loss 0.0277 | val_acc=0.5499 val_loss=4.0736 val_f1_macro=0.4966 val_f1_weighted=0.5483 val_prec_macro=0.5010 val_rec_macro=0.4933 val_metric_name=acc val_metric=0.5499
Step 2450 | loss 0.0228 | val_acc=0.5520 val_loss=4.0806 val_f1_macro=0.4959 val_f1_weighted=0.5505 val_prec_macro=0.4995 val_rec_macro=0.4932 val_metric_name=acc val_metric=0.5520
Step 2500 | loss 0.0221 | val_acc=0.5533 val_loss=4.0937 val_f1_macro=0.5021 val_f1_weighted=0.5510 val_prec_macro=0.5124 val_rec_macro=0.4940 val_metric_name=acc val_metric=0.5533
Step 2550 | loss 0.0228 | val_acc=0.5496 val_loss=4.1575 val_f1_macro=0.4978 val_f1_weighted=0.5482 val_prec_macro=0.5018 val_rec_macro=0.4944 val_metric_name=acc val_metric=0.5496
Step 2600 | loss 0.0247 | val_acc=0.5533 val_loss=4.1397 val_f1_macro=0.4991 val_f1_weighted=0.5507 val_prec_macro=0.5085 val_rec_macro=0.4917 val_metric_name=acc val_metric=0.5533
Step 2650 | loss 0.0195 | val_acc=0.5510 val_loss=4.1775 val_f1_macro=0.4993 val_f1_weighted=0.5489 val_prec_macro=0.5068 val_rec_macro=0.4933 val_metric_name=acc val_metric=0.5510
Step 2700 | loss 0.0183 | val_acc=0.5509 val_loss=4.2225 val_f1_macro=0.4988 val_f1_weighted=0.5493 val_prec_macro=0.5026 val_rec_macro=0.4960 val_metric_name=acc val_metric=0.5509
Step 2750 | loss 0.0181 | val_acc=0.5486 val_loss=4.2292 val_f1_macro=0.4973 val_f1_weighted=0.5465 val_prec_macro=0.5056 val_rec_macro=0.4905 val_metric_name=acc val_metric=0.5486
Step 2800 | loss 0.0186 | val_acc=0.5527 val_loss=4.2299 val_f1_macro=0.4980 val_f1_weighted=0.5502 val_prec_macro=0.5076 val_rec_macro=0.4905 val_metric_name=acc val_metric=0.5527
Step 2850 | loss 0.0182 | val_acc=0.5532 val_loss=4.2216 val_f1_macro=0.4999 val_f1_weighted=0.5508 val_prec_macro=0.5099 val_rec_macro=0.4921 val_metric_name=acc val_metric=0.5532
Step 2900 | loss 0.0160 | val_acc=0.5505 val_loss=4.2687 val_f1_macro=0.4980 val_f1_weighted=0.5489 val_prec_macro=0.5050 val_rec_macro=0.4923 val_metric_name=acc val_metric=0.5505
Step 2950 | loss 0.0163 | val_acc=0.5545 val_loss=4.2775 val_f1_macro=0.5005 val_f1_weighted=0.5517 val_prec_macro=0.5112 val_rec_macro=0.4923 val_metric_name=acc val_metric=0.5545
Step 3000 | loss 0.0163 | val_acc=0.5527 val_loss=4.3082 val_f1_macro=0.5020 val_f1_weighted=0.5510 val_prec_macro=0.5085 val_rec_macro=0.4967 val_metric_name=acc val_metric=0.5527
Step 3050 | loss 0.0161 | val_acc=0.5509 val_loss=4.3298 val_f1_macro=0.4990 val_f1_weighted=0.5484 val_prec_macro=0.5064 val_rec_macro=0.4936 val_metric_name=acc val_metric=0.5509
Step 3100 | loss 0.0165 | val_acc=0.5501 val_loss=4.3331 val_f1_macro=0.4979 val_f1_weighted=0.5481 val_prec_macro=0.5047 val_rec_macro=0.4925 val_metric_name=acc val_metric=0.5501
Step 3150 | loss 0.0153 | val_acc=0.5505 val_loss=4.3764 val_f1_macro=0.4999 val_f1_weighted=0.5485 val_prec_macro=0.5065 val_rec_macro=0.4947 val_metric_name=acc val_metric=0.5505
Step 3200 | loss 0.0145 | val_acc=0.5497 val_loss=4.3923 val_f1_macro=0.4955 val_f1_weighted=0.5476 val_prec_macro=0.5028 val_rec_macro=0.4896 val_metric_name=acc val_metric=0.5497
Step 3250 | loss 0.0152 | val_acc=0.5509 val_loss=4.3764 val_f1_macro=0.4986 val_f1_weighted=0.5490 val_prec_macro=0.5043 val_rec_macro=0.4940 val_metric_name=acc val_metric=0.5509
Step 3300 | loss 0.0147 | val_acc=0.5501 val_loss=4.4176 val_f1_macro=0.4976 val_f1_weighted=0.5486 val_prec_macro=0.5008 val_rec_macro=0.4955 val_metric_name=acc val_metric=0.5501
Early stopping at step 3305

--- Final (best ckpt @ step 2340) ---
  train_acc=1.0000 train_loss=0.0001 train_f1_macro=1.0000 train_f1_weighted=1.0000 train_prec_macro=1.0000 train_rec_macro=1.0000 train_metric_name=acc train_metric=1.0000
  val_acc=0.5546 val_loss=4.0171 val_f1_macro=0.5010 val_f1_weighted=0.5528 val_prec_macro=0.5075 val_rec_macro=0.4958 val_metric_name=acc val_metric=0.5546
  test_acc=0.5452 test_loss=4.1933 test_f1_macro=0.4765 test_f1_weighted=0.5438 test_prec_macro=0.4817 test_rec_macro=0.4723 test_metric_name=acc test_metric=0.5452
  test_acc=0.5452

============================================================
Training amazon-ratings GT 2L h=384 lr=1e-05 split=4
============================================================
Training for 5000 steps
Step    1 | loss 1.6727 | val_acc=0.2662 val_loss=1.5698 val_f1_macro=0.0867 val_f1_weighted=0.1164 val_prec_macro=0.1220 val_rec_macro=0.1987 val_metric_name=acc val_metric=0.2662
Step   50 | loss 1.4369 | val_acc=0.3714 val_loss=1.4167 val_f1_macro=0.1256 val_f1_weighted=0.2218 val_prec_macro=0.1959 val_rec_macro=0.2048 val_metric_name=acc val_metric=0.3714
Step  100 | loss 1.4183 | val_acc=0.3782 val_loss=1.4013 val_f1_macro=0.1414 val_f1_weighted=0.2430 val_prec_macro=0.2164 val_rec_macro=0.2114 val_metric_name=acc val_metric=0.3782
Step  150 | loss 1.4075 | val_acc=0.3835 val_loss=1.3895 val_f1_macro=0.1567 val_f1_weighted=0.2631 val_prec_macro=0.2254 val_rec_macro=0.2178 val_metric_name=acc val_metric=0.3835
Step  200 | loss 1.3907 | val_acc=0.3965 val_loss=1.3775 val_f1_macro=0.1805 val_f1_weighted=0.2942 val_prec_macro=0.2416 val_rec_macro=0.2314 val_metric_name=acc val_metric=0.3965
Step  250 | loss 1.3769 | val_acc=0.4055 val_loss=1.3671 val_f1_macro=0.1972 val_f1_weighted=0.3154 val_prec_macro=0.2396 val_rec_macro=0.2419 val_metric_name=acc val_metric=0.4055
Step  300 | loss 1.3614 | val_acc=0.4081 val_loss=1.3590 val_f1_macro=0.2060 val_f1_weighted=0.3261 val_prec_macro=0.2320 val_rec_macro=0.2471 val_metric_name=acc val_metric=0.4081
Step  350 | loss 1.3508 | val_acc=0.4143 val_loss=1.3517 val_f1_macro=0.2168 val_f1_weighted=0.3395 val_prec_macro=0.2360 val_rec_macro=0.2542 val_metric_name=acc val_metric=0.4143
Step  400 | loss 1.3366 | val_acc=0.4187 val_loss=1.3465 val_f1_macro=0.2273 val_f1_weighted=0.3514 val_prec_macro=0.4387 val_rec_macro=0.2611 val_metric_name=acc val_metric=0.4187
Step  450 | loss 1.3253 | val_acc=0.4227 val_loss=1.3424 val_f1_macro=0.2346 val_f1_weighted=0.3600 val_prec_macro=0.3415 val_rec_macro=0.2667 val_metric_name=acc val_metric=0.4227
Step  500 | loss 1.3162 | val_acc=0.4236 val_loss=1.3385 val_f1_macro=0.2416 val_f1_weighted=0.3672 val_prec_macro=0.2925 val_rec_macro=0.2705 val_metric_name=acc val_metric=0.4236
Step  550 | loss 1.3006 | val_acc=0.4307 val_loss=1.3365 val_f1_macro=0.2536 val_f1_weighted=0.3791 val_prec_macro=0.3298 val_rec_macro=0.2793 val_metric_name=acc val_metric=0.4307
Step  600 | loss 1.2903 | val_acc=0.4369 val_loss=1.3332 val_f1_macro=0.2639 val_f1_weighted=0.3895 val_prec_macro=0.4364 val_rec_macro=0.2873 val_metric_name=acc val_metric=0.4369
Step  650 | loss 1.2750 | val_acc=0.4419 val_loss=1.3308 val_f1_macro=0.2814 val_f1_weighted=0.3998 val_prec_macro=0.5284 val_rec_macro=0.2969 val_metric_name=acc val_metric=0.4419
Step  700 | loss 1.2667 | val_acc=0.4472 val_loss=1.3269 val_f1_macro=0.2970 val_f1_weighted=0.4094 val_prec_macro=0.5005 val_rec_macro=0.3062 val_metric_name=acc val_metric=0.4472
Step  750 | loss 1.2545 | val_acc=0.4508 val_loss=1.3305 val_f1_macro=0.3031 val_f1_weighted=0.4128 val_prec_macro=0.4884 val_rec_macro=0.3111 val_metric_name=acc val_metric=0.4508
Step  800 | loss 1.2394 | val_acc=0.4522 val_loss=1.3300 val_f1_macro=0.3157 val_f1_weighted=0.4176 val_prec_macro=0.4789 val_rec_macro=0.3186 val_metric_name=acc val_metric=0.4522
Step  850 | loss 1.2235 | val_acc=0.4570 val_loss=1.3270 val_f1_macro=0.3283 val_f1_weighted=0.4260 val_prec_macro=0.4850 val_rec_macro=0.3257 val_metric_name=acc val_metric=0.4570
Step  900 | loss 1.2193 | val_acc=0.4565 val_loss=1.3282 val_f1_macro=0.3308 val_f1_weighted=0.4268 val_prec_macro=0.4649 val_rec_macro=0.3285 val_metric_name=acc val_metric=0.4565
Step  950 | loss 1.2030 | val_acc=0.4581 val_loss=1.3255 val_f1_macro=0.3388 val_f1_weighted=0.4300 val_prec_macro=0.4647 val_rec_macro=0.3340 val_metric_name=acc val_metric=0.4581
Step 1000 | loss 1.1768 | val_acc=0.4632 val_loss=1.3320 val_f1_macro=0.3448 val_f1_weighted=0.4355 val_prec_macro=0.4578 val_rec_macro=0.3399 val_metric_name=acc val_metric=0.4632
Step 1050 | loss 1.1670 | val_acc=0.4656 val_loss=1.3280 val_f1_macro=0.3540 val_f1_weighted=0.4409 val_prec_macro=0.4532 val_rec_macro=0.3453 val_metric_name=acc val_metric=0.4656
Step 1100 | loss 1.1602 | val_acc=0.4668 val_loss=1.3310 val_f1_macro=0.3576 val_f1_weighted=0.4427 val_prec_macro=0.4556 val_rec_macro=0.3479 val_metric_name=acc val_metric=0.4668
Step 1150 | loss 1.1352 | val_acc=0.4702 val_loss=1.3323 val_f1_macro=0.3651 val_f1_weighted=0.4478 val_prec_macro=0.4504 val_rec_macro=0.3543 val_metric_name=acc val_metric=0.4702
Step 1200 | loss 1.1230 | val_acc=0.4707 val_loss=1.3384 val_f1_macro=0.3671 val_f1_weighted=0.4491 val_prec_macro=0.4467 val_rec_macro=0.3566 val_metric_name=acc val_metric=0.4707
Step 1250 | loss 1.1095 | val_acc=0.4733 val_loss=1.3377 val_f1_macro=0.3740 val_f1_weighted=0.4537 val_prec_macro=0.4455 val_rec_macro=0.3626 val_metric_name=acc val_metric=0.4733
Step 1300 | loss 1.0893 | val_acc=0.4748 val_loss=1.3442 val_f1_macro=0.3798 val_f1_weighted=0.4563 val_prec_macro=0.4458 val_rec_macro=0.3670 val_metric_name=acc val_metric=0.4748
Step 1350 | loss 1.0697 | val_acc=0.4756 val_loss=1.3484 val_f1_macro=0.3852 val_f1_weighted=0.4585 val_prec_macro=0.4528 val_rec_macro=0.3701 val_metric_name=acc val_metric=0.4756
Step 1400 | loss 1.0587 | val_acc=0.4793 val_loss=1.3555 val_f1_macro=0.3946 val_f1_weighted=0.4636 val_prec_macro=0.4554 val_rec_macro=0.3785 val_metric_name=acc val_metric=0.4793
Step 1450 | loss 1.0435 | val_acc=0.4831 val_loss=1.3626 val_f1_macro=0.4022 val_f1_weighted=0.4688 val_prec_macro=0.4567 val_rec_macro=0.3862 val_metric_name=acc val_metric=0.4831
Step 1500 | loss 1.0291 | val_acc=0.4857 val_loss=1.3723 val_f1_macro=0.4041 val_f1_weighted=0.4710 val_prec_macro=0.4585 val_rec_macro=0.3884 val_metric_name=acc val_metric=0.4857
Step 1550 | loss 1.0064 | val_acc=0.4883 val_loss=1.3781 val_f1_macro=0.4065 val_f1_weighted=0.4745 val_prec_macro=0.4550 val_rec_macro=0.3911 val_metric_name=acc val_metric=0.4883
Step 1600 | loss 0.9925 | val_acc=0.4869 val_loss=1.3850 val_f1_macro=0.4088 val_f1_weighted=0.4742 val_prec_macro=0.4548 val_rec_macro=0.3932 val_metric_name=acc val_metric=0.4869
Step 1650 | loss 0.9780 | val_acc=0.4898 val_loss=1.3901 val_f1_macro=0.4115 val_f1_weighted=0.4777 val_prec_macro=0.4535 val_rec_macro=0.3964 val_metric_name=acc val_metric=0.4898
Step 1700 | loss 0.9478 | val_acc=0.4896 val_loss=1.4011 val_f1_macro=0.4119 val_f1_weighted=0.4773 val_prec_macro=0.4525 val_rec_macro=0.3978 val_metric_name=acc val_metric=0.4896
Step 1750 | loss 0.9368 | val_acc=0.4934 val_loss=1.4149 val_f1_macro=0.4174 val_f1_weighted=0.4817 val_prec_macro=0.4576 val_rec_macro=0.4024 val_metric_name=acc val_metric=0.4934
Step 1800 | loss 0.9251 | val_acc=0.4929 val_loss=1.4224 val_f1_macro=0.4218 val_f1_weighted=0.4838 val_prec_macro=0.4557 val_rec_macro=0.4070 val_metric_name=acc val_metric=0.4929
Step 1850 | loss 0.9088 | val_acc=0.4965 val_loss=1.4345 val_f1_macro=0.4276 val_f1_weighted=0.4870 val_prec_macro=0.4601 val_rec_macro=0.4133 val_metric_name=acc val_metric=0.4965
Step 1900 | loss 0.8955 | val_acc=0.4973 val_loss=1.4462 val_f1_macro=0.4274 val_f1_weighted=0.4879 val_prec_macro=0.4581 val_rec_macro=0.4136 val_metric_name=acc val_metric=0.4973
Step 1950 | loss 0.8741 | val_acc=0.5014 val_loss=1.4575 val_f1_macro=0.4354 val_f1_weighted=0.4923 val_prec_macro=0.4697 val_rec_macro=0.4199 val_metric_name=acc val_metric=0.5014
Step 2000 | loss 0.8499 | val_acc=0.5035 val_loss=1.4697 val_f1_macro=0.4371 val_f1_weighted=0.4944 val_prec_macro=0.4697 val_rec_macro=0.4226 val_metric_name=acc val_metric=0.5035
Step 2050 | loss 0.8391 | val_acc=0.5084 val_loss=1.4809 val_f1_macro=0.4435 val_f1_weighted=0.5001 val_prec_macro=0.4730 val_rec_macro=0.4288 val_metric_name=acc val_metric=0.5084
Step 2100 | loss 0.8301 | val_acc=0.5102 val_loss=1.4978 val_f1_macro=0.4486 val_f1_weighted=0.5016 val_prec_macro=0.4799 val_rec_macro=0.4335 val_metric_name=acc val_metric=0.5102
Step 2150 | loss 0.8018 | val_acc=0.5100 val_loss=1.5089 val_f1_macro=0.4501 val_f1_weighted=0.5025 val_prec_macro=0.4770 val_rec_macro=0.4361 val_metric_name=acc val_metric=0.5100
Step 2200 | loss 0.7836 | val_acc=0.5128 val_loss=1.5229 val_f1_macro=0.4510 val_f1_weighted=0.5053 val_prec_macro=0.4755 val_rec_macro=0.4384 val_metric_name=acc val_metric=0.5128
Step 2250 | loss 0.7741 | val_acc=0.5146 val_loss=1.5329 val_f1_macro=0.4547 val_f1_weighted=0.5080 val_prec_macro=0.4769 val_rec_macro=0.4423 val_metric_name=acc val_metric=0.5146
Step 2300 | loss 0.7515 | val_acc=0.5158 val_loss=1.5538 val_f1_macro=0.4566 val_f1_weighted=0.5092 val_prec_macro=0.4767 val_rec_macro=0.4456 val_metric_name=acc val_metric=0.5158
Step 2350 | loss 0.7286 | val_acc=0.5180 val_loss=1.5605 val_f1_macro=0.4576 val_f1_weighted=0.5112 val_prec_macro=0.4785 val_rec_macro=0.4461 val_metric_name=acc val_metric=0.5180
Step 2400 | loss 0.7161 | val_acc=0.5159 val_loss=1.5822 val_f1_macro=0.4573 val_f1_weighted=0.5095 val_prec_macro=0.4774 val_rec_macro=0.4460 val_metric_name=acc val_metric=0.5159
Step 2450 | loss 0.7039 | val_acc=0.5161 val_loss=1.5971 val_f1_macro=0.4563 val_f1_weighted=0.5096 val_prec_macro=0.4758 val_rec_macro=0.4454 val_metric_name=acc val_metric=0.5161
Step 2500 | loss 0.6896 | val_acc=0.5159 val_loss=1.6147 val_f1_macro=0.4585 val_f1_weighted=0.5096 val_prec_macro=0.4745 val_rec_macro=0.4497 val_metric_name=acc val_metric=0.5159
Step 2550 | loss 0.6787 | val_acc=0.5180 val_loss=1.6320 val_f1_macro=0.4617 val_f1_weighted=0.5124 val_prec_macro=0.4775 val_rec_macro=0.4526 val_metric_name=acc val_metric=0.5180
Step 2600 | loss 0.6627 | val_acc=0.5197 val_loss=1.6502 val_f1_macro=0.4646 val_f1_weighted=0.5140 val_prec_macro=0.4823 val_rec_macro=0.4542 val_metric_name=acc val_metric=0.5197
Step 2650 | loss 0.6487 | val_acc=0.5197 val_loss=1.6721 val_f1_macro=0.4637 val_f1_weighted=0.5146 val_prec_macro=0.4780 val_rec_macro=0.4549 val_metric_name=acc val_metric=0.5197
Step 2700 | loss 0.6308 | val_acc=0.5195 val_loss=1.6918 val_f1_macro=0.4639 val_f1_weighted=0.5142 val_prec_macro=0.4782 val_rec_macro=0.4559 val_metric_name=acc val_metric=0.5195
Step 2750 | loss 0.6224 | val_acc=0.5223 val_loss=1.7061 val_f1_macro=0.4672 val_f1_weighted=0.5171 val_prec_macro=0.4837 val_rec_macro=0.4571 val_metric_name=acc val_metric=0.5223
Step 2800 | loss 0.6099 | val_acc=0.5215 val_loss=1.7276 val_f1_macro=0.4660 val_f1_weighted=0.5166 val_prec_macro=0.4795 val_rec_macro=0.4579 val_metric_name=acc val_metric=0.5215
Step 2850 | loss 0.5953 | val_acc=0.5203 val_loss=1.7430 val_f1_macro=0.4664 val_f1_weighted=0.5155 val_prec_macro=0.4809 val_rec_macro=0.4574 val_metric_name=acc val_metric=0.5203
Step 2900 | loss 0.5846 | val_acc=0.5216 val_loss=1.7604 val_f1_macro=0.4672 val_f1_weighted=0.5168 val_prec_macro=0.4812 val_rec_macro=0.4587 val_metric_name=acc val_metric=0.5216
Step 2950 | loss 0.5697 | val_acc=0.5256 val_loss=1.7748 val_f1_macro=0.4708 val_f1_weighted=0.5212 val_prec_macro=0.4839 val_rec_macro=0.4625 val_metric_name=acc val_metric=0.5256
Step 3000 | loss 0.5525 | val_acc=0.5239 val_loss=1.8022 val_f1_macro=0.4676 val_f1_weighted=0.5206 val_prec_macro=0.4762 val_rec_macro=0.4617 val_metric_name=acc val_metric=0.5239
Step 3050 | loss 0.5391 | val_acc=0.5278 val_loss=1.8171 val_f1_macro=0.4718 val_f1_weighted=0.5233 val_prec_macro=0.4847 val_rec_macro=0.4636 val_metric_name=acc val_metric=0.5278
Step 3100 | loss 0.5264 | val_acc=0.5274 val_loss=1.8379 val_f1_macro=0.4705 val_f1_weighted=0.5236 val_prec_macro=0.4805 val_rec_macro=0.4638 val_metric_name=acc val_metric=0.5274
Step 3150 | loss 0.5137 | val_acc=0.5296 val_loss=1.8497 val_f1_macro=0.4724 val_f1_weighted=0.5256 val_prec_macro=0.4830 val_rec_macro=0.4656 val_metric_name=acc val_metric=0.5296
Step 3200 | loss 0.5040 | val_acc=0.5295 val_loss=1.8767 val_f1_macro=0.4709 val_f1_weighted=0.5257 val_prec_macro=0.4800 val_rec_macro=0.4651 val_metric_name=acc val_metric=0.5295
Step 3250 | loss 0.4914 | val_acc=0.5296 val_loss=1.8863 val_f1_macro=0.4716 val_f1_weighted=0.5261 val_prec_macro=0.4810 val_rec_macro=0.4653 val_metric_name=acc val_metric=0.5296
Step 3300 | loss 0.4831 | val_acc=0.5309 val_loss=1.9138 val_f1_macro=0.4741 val_f1_weighted=0.5268 val_prec_macro=0.4855 val_rec_macro=0.4668 val_metric_name=acc val_metric=0.5309
Step 3350 | loss 0.4820 | val_acc=0.5327 val_loss=1.9273 val_f1_macro=0.4766 val_f1_weighted=0.5291 val_prec_macro=0.4864 val_rec_macro=0.4699 val_metric_name=acc val_metric=0.5327
Step 3400 | loss 0.4674 | val_acc=0.5332 val_loss=1.9520 val_f1_macro=0.4779 val_f1_weighted=0.5298 val_prec_macro=0.4870 val_rec_macro=0.4718 val_metric_name=acc val_metric=0.5332
Step 3450 | loss 0.4563 | val_acc=0.5336 val_loss=1.9678 val_f1_macro=0.4798 val_f1_weighted=0.5305 val_prec_macro=0.4885 val_rec_macro=0.4735 val_metric_name=acc val_metric=0.5336
Step 3500 | loss 0.4421 | val_acc=0.5337 val_loss=1.9852 val_f1_macro=0.4795 val_f1_weighted=0.5302 val_prec_macro=0.4894 val_rec_macro=0.4729 val_metric_name=acc val_metric=0.5337
Step 3550 | loss 0.4367 | val_acc=0.5329 val_loss=2.0134 val_f1_macro=0.4781 val_f1_weighted=0.5298 val_prec_macro=0.4850 val_rec_macro=0.4736 val_metric_name=acc val_metric=0.5329
Step 3600 | loss 0.4280 | val_acc=0.5334 val_loss=2.0257 val_f1_macro=0.4790 val_f1_weighted=0.5301 val_prec_macro=0.4877 val_rec_macro=0.4729 val_metric_name=acc val_metric=0.5334
Step 3650 | loss 0.4144 | val_acc=0.5347 val_loss=2.0518 val_f1_macro=0.4803 val_f1_weighted=0.5312 val_prec_macro=0.4894 val_rec_macro=0.4742 val_metric_name=acc val_metric=0.5347
Step 3700 | loss 0.4063 | val_acc=0.5362 val_loss=2.0656 val_f1_macro=0.4814 val_f1_weighted=0.5330 val_prec_macro=0.4898 val_rec_macro=0.4756 val_metric_name=acc val_metric=0.5362
Step 3750 | loss 0.4043 | val_acc=0.5363 val_loss=2.0859 val_f1_macro=0.4811 val_f1_weighted=0.5329 val_prec_macro=0.4892 val_rec_macro=0.4758 val_metric_name=acc val_metric=0.5363
Step 3800 | loss 0.3915 | val_acc=0.5358 val_loss=2.1095 val_f1_macro=0.4827 val_f1_weighted=0.5328 val_prec_macro=0.4900 val_rec_macro=0.4776 val_metric_name=acc val_metric=0.5358
Step 3850 | loss 0.3839 | val_acc=0.5344 val_loss=2.1282 val_f1_macro=0.4808 val_f1_weighted=0.5316 val_prec_macro=0.4875 val_rec_macro=0.4763 val_metric_name=acc val_metric=0.5344
Step 3900 | loss 0.3724 | val_acc=0.5370 val_loss=2.1421 val_f1_macro=0.4828 val_f1_weighted=0.5340 val_prec_macro=0.4908 val_rec_macro=0.4771 val_metric_name=acc val_metric=0.5370
Step 3950 | loss 0.3613 | val_acc=0.5372 val_loss=2.1563 val_f1_macro=0.4838 val_f1_weighted=0.5343 val_prec_macro=0.4919 val_rec_macro=0.4779 val_metric_name=acc val_metric=0.5372
Step 4000 | loss 0.3612 | val_acc=0.5365 val_loss=2.1785 val_f1_macro=0.4838 val_f1_weighted=0.5336 val_prec_macro=0.4923 val_rec_macro=0.4775 val_metric_name=acc val_metric=0.5365
Step 4050 | loss 0.3625 | val_acc=0.5375 val_loss=2.1952 val_f1_macro=0.4837 val_f1_weighted=0.5345 val_prec_macro=0.4918 val_rec_macro=0.4780 val_metric_name=acc val_metric=0.5375
Step 4100 | loss 0.3507 | val_acc=0.5367 val_loss=2.2121 val_f1_macro=0.4835 val_f1_weighted=0.5338 val_prec_macro=0.4919 val_rec_macro=0.4773 val_metric_name=acc val_metric=0.5367
Step 4150 | loss 0.3354 | val_acc=0.5383 val_loss=2.2279 val_f1_macro=0.4852 val_f1_weighted=0.5357 val_prec_macro=0.4931 val_rec_macro=0.4793 val_metric_name=acc val_metric=0.5383
Step 4200 | loss 0.3276 | val_acc=0.5403 val_loss=2.2449 val_f1_macro=0.4867 val_f1_weighted=0.5374 val_prec_macro=0.4960 val_rec_macro=0.4799 val_metric_name=acc val_metric=0.5403
Step 4250 | loss 0.3253 | val_acc=0.5394 val_loss=2.2639 val_f1_macro=0.4872 val_f1_weighted=0.5374 val_prec_macro=0.4922 val_rec_macro=0.4834 val_metric_name=acc val_metric=0.5394
Step 4300 | loss 0.3187 | val_acc=0.5375 val_loss=2.2859 val_f1_macro=0.4838 val_f1_weighted=0.5350 val_prec_macro=0.4903 val_rec_macro=0.4791 val_metric_name=acc val_metric=0.5375
Step 4350 | loss 0.3139 | val_acc=0.5383 val_loss=2.3097 val_f1_macro=0.4863 val_f1_weighted=0.5359 val_prec_macro=0.4925 val_rec_macro=0.4817 val_metric_name=acc val_metric=0.5383
Step 4400 | loss 0.3041 | val_acc=0.5406 val_loss=2.3202 val_f1_macro=0.4890 val_f1_weighted=0.5381 val_prec_macro=0.4966 val_rec_macro=0.4832 val_metric_name=acc val_metric=0.5406
Step 4450 | loss 0.2999 | val_acc=0.5407 val_loss=2.3415 val_f1_macro=0.4895 val_f1_weighted=0.5386 val_prec_macro=0.4966 val_rec_macro=0.4838 val_metric_name=acc val_metric=0.5407
Step 4500 | loss 0.3059 | val_acc=0.5398 val_loss=2.3601 val_f1_macro=0.4875 val_f1_weighted=0.5377 val_prec_macro=0.4936 val_rec_macro=0.4829 val_metric_name=acc val_metric=0.5398
Step 4550 | loss 0.2850 | val_acc=0.5412 val_loss=2.3731 val_f1_macro=0.4899 val_f1_weighted=0.5390 val_prec_macro=0.4964 val_rec_macro=0.4851 val_metric_name=acc val_metric=0.5412
Step 4600 | loss 0.2879 | val_acc=0.5414 val_loss=2.3868 val_f1_macro=0.4908 val_f1_weighted=0.5390 val_prec_macro=0.4986 val_rec_macro=0.4848 val_metric_name=acc val_metric=0.5414
Step 4650 | loss 0.2803 | val_acc=0.5422 val_loss=2.4009 val_f1_macro=0.4911 val_f1_weighted=0.5399 val_prec_macro=0.4991 val_rec_macro=0.4850 val_metric_name=acc val_metric=0.5422
Step 4700 | loss 0.2687 | val_acc=0.5417 val_loss=2.4184 val_f1_macro=0.4901 val_f1_weighted=0.5392 val_prec_macro=0.4977 val_rec_macro=0.4845 val_metric_name=acc val_metric=0.5417
Step 4750 | loss 0.2688 | val_acc=0.5407 val_loss=2.4442 val_f1_macro=0.4899 val_f1_weighted=0.5386 val_prec_macro=0.4961 val_rec_macro=0.4851 val_metric_name=acc val_metric=0.5407
Step 4800 | loss 0.2701 | val_acc=0.5419 val_loss=2.4635 val_f1_macro=0.4922 val_f1_weighted=0.5399 val_prec_macro=0.4989 val_rec_macro=0.4869 val_metric_name=acc val_metric=0.5419
Step 4850 | loss 0.2536 | val_acc=0.5445 val_loss=2.4711 val_f1_macro=0.4946 val_f1_weighted=0.5424 val_prec_macro=0.5022 val_rec_macro=0.4886 val_metric_name=acc val_metric=0.5445
Step 4900 | loss 0.2595 | val_acc=0.5427 val_loss=2.4844 val_f1_macro=0.4909 val_f1_weighted=0.5403 val_prec_macro=0.4990 val_rec_macro=0.4847 val_metric_name=acc val_metric=0.5427
Step 4950 | loss 0.2486 | val_acc=0.5435 val_loss=2.5095 val_f1_macro=0.4938 val_f1_weighted=0.5413 val_prec_macro=0.5012 val_rec_macro=0.4880 val_metric_name=acc val_metric=0.5435
Step 5000 | loss 0.2480 | val_acc=0.5443 val_loss=2.5220 val_f1_macro=0.4948 val_f1_weighted=0.5423 val_prec_macro=0.5009 val_rec_macro=0.4900 val_metric_name=acc val_metric=0.5443

--- Final (best ckpt @ step 4990) ---
  train_acc=0.9922 train_loss=0.0298 train_f1_macro=0.9920 train_f1_weighted=0.9922 train_prec_macro=0.9907 train_rec_macro=0.9933 train_metric_name=acc train_metric=0.9922
  val_acc=0.5448 val_loss=2.5190 val_f1_macro=0.4939 val_f1_weighted=0.5423 val_prec_macro=0.5020 val_rec_macro=0.4877 val_metric_name=acc val_metric=0.5448
  test_acc=0.5375 test_loss=2.6243 test_f1_macro=0.4699 test_f1_weighted=0.5352 test_prec_macro=0.4767 test_rec_macro=0.4649 test_metric_name=acc test_metric=0.5375
  test_acc=0.5375

============================================================
Training amazon-ratings GT 2L h=512 lr=3e-05 split=4
============================================================
Training for 5000 steps
Step    1 | loss 1.6852 | val_acc=0.3503 val_loss=1.4872 val_f1_macro=0.1402 val_f1_weighted=0.2378 val_prec_macro=0.2631 val_rec_macro=0.1981 val_metric_name=acc val_metric=0.3503
Step   50 | loss 1.3984 | val_acc=0.3947 val_loss=1.3808 val_f1_macro=0.1794 val_f1_weighted=0.2931 val_prec_macro=0.2530 val_rec_macro=0.2318 val_metric_name=acc val_metric=0.3947
Step  100 | loss 1.3582 | val_acc=0.4117 val_loss=1.3569 val_f1_macro=0.2137 val_f1_weighted=0.3353 val_prec_macro=0.2363 val_rec_macro=0.2534 val_metric_name=acc val_metric=0.4117
Step  150 | loss 1.3250 | val_acc=0.4238 val_loss=1.3437 val_f1_macro=0.2420 val_f1_weighted=0.3663 val_prec_macro=0.3118 val_rec_macro=0.2727 val_metric_name=acc val_metric=0.4238
Step  200 | loss 1.2855 | val_acc=0.4382 val_loss=1.3309 val_f1_macro=0.2731 val_f1_weighted=0.3949 val_prec_macro=0.4535 val_rec_macro=0.2922 val_metric_name=acc val_metric=0.4382
Step  250 | loss 1.2281 | val_acc=0.4570 val_loss=1.3430 val_f1_macro=0.3136 val_f1_weighted=0.4189 val_prec_macro=0.4893 val_rec_macro=0.3216 val_metric_name=acc val_metric=0.4570
Step  300 | loss 1.1821 | val_acc=0.4656 val_loss=1.3402 val_f1_macro=0.3390 val_f1_weighted=0.4337 val_prec_macro=0.4829 val_rec_macro=0.3358 val_metric_name=acc val_metric=0.4656
Step  350 | loss 1.1294 | val_acc=0.4720 val_loss=1.3397 val_f1_macro=0.3642 val_f1_weighted=0.4493 val_prec_macro=0.4512 val_rec_macro=0.3570 val_metric_name=acc val_metric=0.4720
Step  400 | loss 1.0781 | val_acc=0.4810 val_loss=1.3517 val_f1_macro=0.3822 val_f1_weighted=0.4620 val_prec_macro=0.4488 val_rec_macro=0.3697 val_metric_name=acc val_metric=0.4810
Step  450 | loss 1.0186 | val_acc=0.4913 val_loss=1.3911 val_f1_macro=0.4005 val_f1_weighted=0.4714 val_prec_macro=0.4749 val_rec_macro=0.3873 val_metric_name=acc val_metric=0.4913
Step  500 | loss 0.9602 | val_acc=0.4975 val_loss=1.4089 val_f1_macro=0.4200 val_f1_weighted=0.4835 val_prec_macro=0.4723 val_rec_macro=0.4047 val_metric_name=acc val_metric=0.4975
Step  550 | loss 0.9123 | val_acc=0.5019 val_loss=1.4398 val_f1_macro=0.4277 val_f1_weighted=0.4900 val_prec_macro=0.4740 val_rec_macro=0.4123 val_metric_name=acc val_metric=0.5019
Step  600 | loss 0.8304 | val_acc=0.5097 val_loss=1.4896 val_f1_macro=0.4419 val_f1_weighted=0.5007 val_prec_macro=0.4729 val_rec_macro=0.4293 val_metric_name=acc val_metric=0.5097
Step  650 | loss 0.7728 | val_acc=0.5161 val_loss=1.5510 val_f1_macro=0.4499 val_f1_weighted=0.5062 val_prec_macro=0.4904 val_rec_macro=0.4354 val_metric_name=acc val_metric=0.5161
Step  700 | loss 0.7185 | val_acc=0.5198 val_loss=1.6088 val_f1_macro=0.4584 val_f1_weighted=0.5124 val_prec_macro=0.4893 val_rec_macro=0.4447 val_metric_name=acc val_metric=0.5198
Step  750 | loss 0.6541 | val_acc=0.5189 val_loss=1.6773 val_f1_macro=0.4620 val_f1_weighted=0.5136 val_prec_macro=0.4840 val_rec_macro=0.4504 val_metric_name=acc val_metric=0.5189
Step  800 | loss 0.5867 | val_acc=0.5241 val_loss=1.7669 val_f1_macro=0.4668 val_f1_weighted=0.5185 val_prec_macro=0.4903 val_rec_macro=0.4547 val_metric_name=acc val_metric=0.5241
Step  850 | loss 0.5374 | val_acc=0.5259 val_loss=1.8542 val_f1_macro=0.4715 val_f1_weighted=0.5213 val_prec_macro=0.4882 val_rec_macro=0.4623 val_metric_name=acc val_metric=0.5259
Step  900 | loss 0.4945 | val_acc=0.5342 val_loss=1.9527 val_f1_macro=0.4802 val_f1_weighted=0.5291 val_prec_macro=0.5012 val_rec_macro=0.4685 val_metric_name=acc val_metric=0.5342
Step  950 | loss 0.4444 | val_acc=0.5357 val_loss=2.0424 val_f1_macro=0.4823 val_f1_weighted=0.5319 val_prec_macro=0.4999 val_rec_macro=0.4721 val_metric_name=acc val_metric=0.5357
Step 1000 | loss 0.3934 | val_acc=0.5396 val_loss=2.1231 val_f1_macro=0.4860 val_f1_weighted=0.5356 val_prec_macro=0.5028 val_rec_macro=0.4763 val_metric_name=acc val_metric=0.5396
Step 1050 | loss 0.3633 | val_acc=0.5401 val_loss=2.2130 val_f1_macro=0.4912 val_f1_weighted=0.5368 val_prec_macro=0.5025 val_rec_macro=0.4837 val_metric_name=acc val_metric=0.5401
Step 1100 | loss 0.3293 | val_acc=0.5417 val_loss=2.2950 val_f1_macro=0.4917 val_f1_weighted=0.5389 val_prec_macro=0.5047 val_rec_macro=0.4837 val_metric_name=acc val_metric=0.5417
Step 1150 | loss 0.3039 | val_acc=0.5417 val_loss=2.3912 val_f1_macro=0.4917 val_f1_weighted=0.5387 val_prec_macro=0.5029 val_rec_macro=0.4845 val_metric_name=acc val_metric=0.5417
Step 1200 | loss 0.2813 | val_acc=0.5455 val_loss=2.4707 val_f1_macro=0.4951 val_f1_weighted=0.5420 val_prec_macro=0.5105 val_rec_macro=0.4849 val_metric_name=acc val_metric=0.5455
Step 1250 | loss 0.2567 | val_acc=0.5434 val_loss=2.5592 val_f1_macro=0.4915 val_f1_weighted=0.5410 val_prec_macro=0.4968 val_rec_macro=0.4882 val_metric_name=acc val_metric=0.5434
Step 1300 | loss 0.2261 | val_acc=0.5458 val_loss=2.6401 val_f1_macro=0.4930 val_f1_weighted=0.5430 val_prec_macro=0.5016 val_rec_macro=0.4872 val_metric_name=acc val_metric=0.5458
Step 1350 | loss 0.2100 | val_acc=0.5478 val_loss=2.7145 val_f1_macro=0.4955 val_f1_weighted=0.5454 val_prec_macro=0.5040 val_rec_macro=0.4896 val_metric_name=acc val_metric=0.5478
Step 1400 | loss 0.1932 | val_acc=0.5479 val_loss=2.7813 val_f1_macro=0.4958 val_f1_weighted=0.5447 val_prec_macro=0.5101 val_rec_macro=0.4866 val_metric_name=acc val_metric=0.5479
Step 1450 | loss 0.1816 | val_acc=0.5465 val_loss=2.8271 val_f1_macro=0.4940 val_f1_weighted=0.5438 val_prec_macro=0.5032 val_rec_macro=0.4872 val_metric_name=acc val_metric=0.5465
Step 1500 | loss 0.1719 | val_acc=0.5491 val_loss=2.8995 val_f1_macro=0.4982 val_f1_weighted=0.5466 val_prec_macro=0.5093 val_rec_macro=0.4903 val_metric_name=acc val_metric=0.5491
Step 1550 | loss 0.1565 | val_acc=0.5465 val_loss=2.9696 val_f1_macro=0.4952 val_f1_weighted=0.5441 val_prec_macro=0.5020 val_rec_macro=0.4903 val_metric_name=acc val_metric=0.5465
Step 1600 | loss 0.1477 | val_acc=0.5484 val_loss=3.0144 val_f1_macro=0.4960 val_f1_weighted=0.5456 val_prec_macro=0.5051 val_rec_macro=0.4895 val_metric_name=acc val_metric=0.5484
Step 1650 | loss 0.1362 | val_acc=0.5450 val_loss=3.0616 val_f1_macro=0.4947 val_f1_weighted=0.5430 val_prec_macro=0.5030 val_rec_macro=0.4888 val_metric_name=acc val_metric=0.5450
Step 1700 | loss 0.1354 | val_acc=0.5455 val_loss=3.1159 val_f1_macro=0.4936 val_f1_weighted=0.5427 val_prec_macro=0.5028 val_rec_macro=0.4868 val_metric_name=acc val_metric=0.5455
Step 1750 | loss 0.1253 | val_acc=0.5448 val_loss=3.1759 val_f1_macro=0.4940 val_f1_weighted=0.5424 val_prec_macro=0.5033 val_rec_macro=0.4871 val_metric_name=acc val_metric=0.5448
Step 1800 | loss 0.1080 | val_acc=0.5448 val_loss=3.2270 val_f1_macro=0.4943 val_f1_weighted=0.5424 val_prec_macro=0.5024 val_rec_macro=0.4884 val_metric_name=acc val_metric=0.5448
Step 1850 | loss 0.1098 | val_acc=0.5471 val_loss=3.2492 val_f1_macro=0.4959 val_f1_weighted=0.5441 val_prec_macro=0.5093 val_rec_macro=0.4865 val_metric_name=acc val_metric=0.5471
Step 1900 | loss 0.1038 | val_acc=0.5439 val_loss=3.3018 val_f1_macro=0.4922 val_f1_weighted=0.5414 val_prec_macro=0.5009 val_rec_macro=0.4859 val_metric_name=acc val_metric=0.5439
Early stopping at step 1918

--- Final (best ckpt @ step 1500) ---
  train_acc=0.9966 train_loss=0.0135 train_f1_macro=0.9961 train_f1_weighted=0.9966 train_prec_macro=0.9953 train_rec_macro=0.9970 train_metric_name=acc train_metric=0.9966
  val_acc=0.5491 val_loss=2.8995 val_f1_macro=0.4982 val_f1_weighted=0.5466 val_prec_macro=0.5093 val_rec_macro=0.4903 val_metric_name=acc val_metric=0.5491
  test_acc=0.5283 test_loss=2.9886 test_f1_macro=0.4659 test_f1_weighted=0.5258 test_prec_macro=0.4765 test_rec_macro=0.4586 test_metric_name=acc test_metric=0.5283
  test_acc=0.5283

============================================================
Training amazon-ratings GT 2L h=512 lr=6e-05 split=4
============================================================
Training for 5000 steps
Step    1 | loss 1.6852 | val_acc=0.3655 val_loss=1.5132 val_f1_macro=0.1081 val_f1_weighted=0.1982 val_prec_macro=0.0942 val_rec_macro=0.1989 val_metric_name=acc val_metric=0.3655
Step   50 | loss 1.3773 | val_acc=0.4026 val_loss=1.3686 val_f1_macro=0.1935 val_f1_weighted=0.3110 val_prec_macro=0.2231 val_rec_macro=0.2418 val_metric_name=acc val_metric=0.4026
Step  100 | loss 1.3215 | val_acc=0.4212 val_loss=1.3392 val_f1_macro=0.2410 val_f1_weighted=0.3649 val_prec_macro=0.3557 val_rec_macro=0.2698 val_metric_name=acc val_metric=0.4212
Step  150 | loss 1.2488 | val_acc=0.4512 val_loss=1.3228 val_f1_macro=0.3020 val_f1_weighted=0.4168 val_prec_macro=0.4817 val_rec_macro=0.3096 val_metric_name=acc val_metric=0.4512
Step  200 | loss 1.1678 | val_acc=0.4681 val_loss=1.3410 val_f1_macro=0.3486 val_f1_weighted=0.4412 val_prec_macro=0.4887 val_rec_macro=0.3418 val_metric_name=acc val_metric=0.4681
Step  250 | loss 1.0649 | val_acc=0.4829 val_loss=1.3625 val_f1_macro=0.3766 val_f1_weighted=0.4608 val_prec_macro=0.4650 val_rec_macro=0.3658 val_metric_name=acc val_metric=0.4829
Step  300 | loss 0.9804 | val_acc=0.5014 val_loss=1.3926 val_f1_macro=0.4218 val_f1_weighted=0.4867 val_prec_macro=0.4796 val_rec_macro=0.4069 val_metric_name=acc val_metric=0.5014
Step  350 | loss 0.8657 | val_acc=0.5091 val_loss=1.4657 val_f1_macro=0.4339 val_f1_weighted=0.4964 val_prec_macro=0.4809 val_rec_macro=0.4179 val_metric_name=acc val_metric=0.5091
Step  400 | loss 0.7551 | val_acc=0.5120 val_loss=1.5664 val_f1_macro=0.4489 val_f1_weighted=0.5056 val_prec_macro=0.4706 val_rec_macro=0.4391 val_metric_name=acc val_metric=0.5120
Step  450 | loss 0.6453 | val_acc=0.5210 val_loss=1.6997 val_f1_macro=0.4609 val_f1_weighted=0.5148 val_prec_macro=0.4849 val_rec_macro=0.4505 val_metric_name=acc val_metric=0.5210
Step  500 | loss 0.5377 | val_acc=0.5282 val_loss=1.8552 val_f1_macro=0.4747 val_f1_weighted=0.5235 val_prec_macro=0.4910 val_rec_macro=0.4654 val_metric_name=acc val_metric=0.5282
Step  550 | loss 0.4668 | val_acc=0.5339 val_loss=2.0227 val_f1_macro=0.4796 val_f1_weighted=0.5289 val_prec_macro=0.5001 val_rec_macro=0.4671 val_metric_name=acc val_metric=0.5339
Step  600 | loss 0.3758 | val_acc=0.5329 val_loss=2.1801 val_f1_macro=0.4792 val_f1_weighted=0.5292 val_prec_macro=0.4921 val_rec_macro=0.4708 val_metric_name=acc val_metric=0.5329
Step  650 | loss 0.3168 | val_acc=0.5391 val_loss=2.3232 val_f1_macro=0.4895 val_f1_weighted=0.5360 val_prec_macro=0.5027 val_rec_macro=0.4812 val_metric_name=acc val_metric=0.5391
Step  700 | loss 0.2728 | val_acc=0.5465 val_loss=2.4740 val_f1_macro=0.4945 val_f1_weighted=0.5430 val_prec_macro=0.5067 val_rec_macro=0.4862 val_metric_name=acc val_metric=0.5465
Step  750 | loss 0.2341 | val_acc=0.5468 val_loss=2.6053 val_f1_macro=0.4956 val_f1_weighted=0.5437 val_prec_macro=0.5080 val_rec_macro=0.4869 val_metric_name=acc val_metric=0.5468
Step  800 | loss 0.1991 | val_acc=0.5456 val_loss=2.7463 val_f1_macro=0.4953 val_f1_weighted=0.5425 val_prec_macro=0.5069 val_rec_macro=0.4874 val_metric_name=acc val_metric=0.5456
Step  850 | loss 0.1743 | val_acc=0.5445 val_loss=2.8794 val_f1_macro=0.4967 val_f1_weighted=0.5422 val_prec_macro=0.5053 val_rec_macro=0.4905 val_metric_name=acc val_metric=0.5445
Step  900 | loss 0.1564 | val_acc=0.5489 val_loss=2.9757 val_f1_macro=0.4981 val_f1_weighted=0.5455 val_prec_macro=0.5132 val_rec_macro=0.4880 val_metric_name=acc val_metric=0.5489
Step  950 | loss 0.1362 | val_acc=0.5481 val_loss=3.0623 val_f1_macro=0.4989 val_f1_weighted=0.5454 val_prec_macro=0.5121 val_rec_macro=0.4892 val_metric_name=acc val_metric=0.5481
Step 1000 | loss 0.1126 | val_acc=0.5499 val_loss=3.1476 val_f1_macro=0.4985 val_f1_weighted=0.5467 val_prec_macro=0.5126 val_rec_macro=0.4888 val_metric_name=acc val_metric=0.5499
Step 1050 | loss 0.1095 | val_acc=0.5497 val_loss=3.2048 val_f1_macro=0.4992 val_f1_weighted=0.5468 val_prec_macro=0.5130 val_rec_macro=0.4892 val_metric_name=acc val_metric=0.5497
Step 1100 | loss 0.0969 | val_acc=0.5481 val_loss=3.2815 val_f1_macro=0.4971 val_f1_weighted=0.5455 val_prec_macro=0.5078 val_rec_macro=0.4891 val_metric_name=acc val_metric=0.5481
Step 1150 | loss 0.0916 | val_acc=0.5453 val_loss=3.3600 val_f1_macro=0.4947 val_f1_weighted=0.5432 val_prec_macro=0.5030 val_rec_macro=0.4884 val_metric_name=acc val_metric=0.5453
Step 1200 | loss 0.0870 | val_acc=0.5489 val_loss=3.4143 val_f1_macro=0.4977 val_f1_weighted=0.5467 val_prec_macro=0.5052 val_rec_macro=0.4918 val_metric_name=acc val_metric=0.5489
Step 1250 | loss 0.0796 | val_acc=0.5461 val_loss=3.4833 val_f1_macro=0.4945 val_f1_weighted=0.5437 val_prec_macro=0.5026 val_rec_macro=0.4885 val_metric_name=acc val_metric=0.5461
Step 1300 | loss 0.0656 | val_acc=0.5491 val_loss=3.5201 val_f1_macro=0.4994 val_f1_weighted=0.5462 val_prec_macro=0.5129 val_rec_macro=0.4896 val_metric_name=acc val_metric=0.5491
Step 1350 | loss 0.0627 | val_acc=0.5458 val_loss=3.5831 val_f1_macro=0.4946 val_f1_weighted=0.5435 val_prec_macro=0.5036 val_rec_macro=0.4876 val_metric_name=acc val_metric=0.5458
Step 1400 | loss 0.0599 | val_acc=0.5504 val_loss=3.6189 val_f1_macro=0.4984 val_f1_weighted=0.5473 val_prec_macro=0.5135 val_rec_macro=0.4877 val_metric_name=acc val_metric=0.5504
Step 1450 | loss 0.0558 | val_acc=0.5471 val_loss=3.6620 val_f1_macro=0.4967 val_f1_weighted=0.5446 val_prec_macro=0.5066 val_rec_macro=0.4890 val_metric_name=acc val_metric=0.5471
Step 1500 | loss 0.0515 | val_acc=0.5510 val_loss=3.7042 val_f1_macro=0.5014 val_f1_weighted=0.5483 val_prec_macro=0.5123 val_rec_macro=0.4931 val_metric_name=acc val_metric=0.5510
Step 1550 | loss 0.0502 | val_acc=0.5507 val_loss=3.7456 val_f1_macro=0.5004 val_f1_weighted=0.5480 val_prec_macro=0.5108 val_rec_macro=0.4925 val_metric_name=acc val_metric=0.5507
Step 1600 | loss 0.0470 | val_acc=0.5507 val_loss=3.7874 val_f1_macro=0.5011 val_f1_weighted=0.5482 val_prec_macro=0.5122 val_rec_macro=0.4928 val_metric_name=acc val_metric=0.5507
Step 1650 | loss 0.0422 | val_acc=0.5491 val_loss=3.8303 val_f1_macro=0.4978 val_f1_weighted=0.5467 val_prec_macro=0.5060 val_rec_macro=0.4918 val_metric_name=acc val_metric=0.5491
Step 1700 | loss 0.0479 | val_acc=0.5470 val_loss=3.8728 val_f1_macro=0.4967 val_f1_weighted=0.5448 val_prec_macro=0.5060 val_rec_macro=0.4893 val_metric_name=acc val_metric=0.5470
Step 1750 | loss 0.0411 | val_acc=0.5473 val_loss=3.8889 val_f1_macro=0.4968 val_f1_weighted=0.5452 val_prec_macro=0.5049 val_rec_macro=0.4902 val_metric_name=acc val_metric=0.5473
Step 1800 | loss 0.0362 | val_acc=0.5476 val_loss=3.9447 val_f1_macro=0.4968 val_f1_weighted=0.5455 val_prec_macro=0.5042 val_rec_macro=0.4910 val_metric_name=acc val_metric=0.5476
Step 1850 | loss 0.0362 | val_acc=0.5512 val_loss=3.9497 val_f1_macro=0.4999 val_f1_weighted=0.5483 val_prec_macro=0.5137 val_rec_macro=0.4901 val_metric_name=acc val_metric=0.5512
Step 1900 | loss 0.0322 | val_acc=0.5468 val_loss=4.0073 val_f1_macro=0.4959 val_f1_weighted=0.5446 val_prec_macro=0.5024 val_rec_macro=0.4909 val_metric_name=acc val_metric=0.5468
Step 1950 | loss 0.0323 | val_acc=0.5479 val_loss=4.0320 val_f1_macro=0.4974 val_f1_weighted=0.5457 val_prec_macro=0.5068 val_rec_macro=0.4899 val_metric_name=acc val_metric=0.5479
Step 2000 | loss 0.0308 | val_acc=0.5483 val_loss=4.0657 val_f1_macro=0.4963 val_f1_weighted=0.5456 val_prec_macro=0.5071 val_rec_macro=0.4881 val_metric_name=acc val_metric=0.5483
Step 2050 | loss 0.0329 | val_acc=0.5497 val_loss=4.0723 val_f1_macro=0.4986 val_f1_weighted=0.5476 val_prec_macro=0.5057 val_rec_macro=0.4931 val_metric_name=acc val_metric=0.5497
Step 2100 | loss 0.0306 | val_acc=0.5501 val_loss=4.1096 val_f1_macro=0.5002 val_f1_weighted=0.5475 val_prec_macro=0.5131 val_rec_macro=0.4908 val_metric_name=acc val_metric=0.5501
Early stopping at step 2140

--- Final (best ckpt @ step 1840) ---
  train_acc=0.9998 train_loss=0.0006 train_f1_macro=0.9997 train_f1_weighted=0.9998 train_prec_macro=0.9996 train_rec_macro=0.9999 train_metric_name=acc train_metric=0.9998
  val_acc=0.5519 val_loss=3.9302 val_f1_macro=0.4990 val_f1_weighted=0.5491 val_prec_macro=0.5100 val_rec_macro=0.4908 val_metric_name=acc val_metric=0.5519
  test_acc=0.5349 test_loss=4.0676 test_f1_macro=0.4700 test_f1_weighted=0.5322 test_prec_macro=0.4806 test_rec_macro=0.4622 test_metric_name=acc test_metric=0.5349
  test_acc=0.5349

============================================================
Training amazon-ratings GT 2L h=512 lr=0.0001 split=4
============================================================
Training for 5000 steps
Step    1 | loss 1.6852 | val_acc=0.3675 val_loss=1.7194 val_f1_macro=0.1078 val_f1_weighted=0.1980 val_prec_macro=0.1021 val_rec_macro=0.1999 val_metric_name=acc val_metric=0.3675
Step   50 | loss 1.3746 | val_acc=0.4041 val_loss=1.3693 val_f1_macro=0.1920 val_f1_weighted=0.3095 val_prec_macro=0.2277 val_rec_macro=0.2422 val_metric_name=acc val_metric=0.4041
Step  100 | loss 1.3051 | val_acc=0.4272 val_loss=1.3333 val_f1_macro=0.2525 val_f1_weighted=0.3758 val_prec_macro=0.4982 val_rec_macro=0.2770 val_metric_name=acc val_metric=0.4272
Step  150 | loss 1.2004 | val_acc=0.4628 val_loss=1.3212 val_f1_macro=0.3354 val_f1_weighted=0.4351 val_prec_macro=0.4885 val_rec_macro=0.3330 val_metric_name=acc val_metric=0.4628
Step  200 | loss 1.0835 | val_acc=0.4806 val_loss=1.3627 val_f1_macro=0.3735 val_f1_weighted=0.4572 val_prec_macro=0.4956 val_rec_macro=0.3623 val_metric_name=acc val_metric=0.4806
Step  250 | loss 0.9384 | val_acc=0.5004 val_loss=1.4164 val_f1_macro=0.4198 val_f1_weighted=0.4863 val_prec_macro=0.4786 val_rec_macro=0.4073 val_metric_name=acc val_metric=0.5004
Step  300 | loss 0.7905 | val_acc=0.5145 val_loss=1.5217 val_f1_macro=0.4476 val_f1_weighted=0.5049 val_prec_macro=0.4924 val_rec_macro=0.4291 val_metric_name=acc val_metric=0.5145
Step  350 | loss 0.6198 | val_acc=0.5215 val_loss=1.7294 val_f1_macro=0.4638 val_f1_weighted=0.5152 val_prec_macro=0.4915 val_rec_macro=0.4499 val_metric_name=acc val_metric=0.5215
Step  400 | loss 0.4802 | val_acc=0.5238 val_loss=1.9682 val_f1_macro=0.4701 val_f1_weighted=0.5204 val_prec_macro=0.4794 val_rec_macro=0.4643 val_metric_name=acc val_metric=0.5238
Step  450 | loss 0.3737 | val_acc=0.5323 val_loss=2.1842 val_f1_macro=0.4811 val_f1_weighted=0.5283 val_prec_macro=0.4965 val_rec_macro=0.4714 val_metric_name=acc val_metric=0.5323
Step  500 | loss 0.2882 | val_acc=0.5365 val_loss=2.4191 val_f1_macro=0.4863 val_f1_weighted=0.5332 val_prec_macro=0.4999 val_rec_macro=0.4767 val_metric_name=acc val_metric=0.5365
Step  550 | loss 0.2339 | val_acc=0.5437 val_loss=2.5946 val_f1_macro=0.4940 val_f1_weighted=0.5403 val_prec_macro=0.5089 val_rec_macro=0.4832 val_metric_name=acc val_metric=0.5437
Step  600 | loss 0.1791 | val_acc=0.5461 val_loss=2.8070 val_f1_macro=0.4962 val_f1_weighted=0.5428 val_prec_macro=0.5111 val_rec_macro=0.4863 val_metric_name=acc val_metric=0.5461
Step  650 | loss 0.1451 | val_acc=0.5491 val_loss=2.9188 val_f1_macro=0.4986 val_f1_weighted=0.5460 val_prec_macro=0.5164 val_rec_macro=0.4865 val_metric_name=acc val_metric=0.5491
Step  700 | loss 0.1255 | val_acc=0.5465 val_loss=3.0582 val_f1_macro=0.4942 val_f1_weighted=0.5436 val_prec_macro=0.5074 val_rec_macro=0.4855 val_metric_name=acc val_metric=0.5465
Step  750 | loss 0.1085 | val_acc=0.5515 val_loss=3.1656 val_f1_macro=0.5010 val_f1_weighted=0.5488 val_prec_macro=0.5146 val_rec_macro=0.4913 val_metric_name=acc val_metric=0.5515
Step  800 | loss 0.0955 | val_acc=0.5481 val_loss=3.2710 val_f1_macro=0.4981 val_f1_weighted=0.5453 val_prec_macro=0.5123 val_rec_macro=0.4878 val_metric_name=acc val_metric=0.5481
Step  850 | loss 0.0835 | val_acc=0.5476 val_loss=3.3714 val_f1_macro=0.4965 val_f1_weighted=0.5448 val_prec_macro=0.5101 val_rec_macro=0.4864 val_metric_name=acc val_metric=0.5476
Step  900 | loss 0.0783 | val_acc=0.5479 val_loss=3.4415 val_f1_macro=0.4985 val_f1_weighted=0.5452 val_prec_macro=0.5109 val_rec_macro=0.4891 val_metric_name=acc val_metric=0.5479
Step  950 | loss 0.0660 | val_acc=0.5453 val_loss=3.5138 val_f1_macro=0.4917 val_f1_weighted=0.5424 val_prec_macro=0.5052 val_rec_macro=0.4816 val_metric_name=acc val_metric=0.5453
Step 1000 | loss 0.0549 | val_acc=0.5496 val_loss=3.5595 val_f1_macro=0.4976 val_f1_weighted=0.5460 val_prec_macro=0.5154 val_rec_macro=0.4853 val_metric_name=acc val_metric=0.5496
Step 1050 | loss 0.0561 | val_acc=0.5497 val_loss=3.6145 val_f1_macro=0.4981 val_f1_weighted=0.5467 val_prec_macro=0.5114 val_rec_macro=0.4883 val_metric_name=acc val_metric=0.5497
Step 1100 | loss 0.0494 | val_acc=0.5494 val_loss=3.6816 val_f1_macro=0.4954 val_f1_weighted=0.5466 val_prec_macro=0.5060 val_rec_macro=0.4879 val_metric_name=acc val_metric=0.5494
Step 1150 | loss 0.0447 | val_acc=0.5491 val_loss=3.7591 val_f1_macro=0.4982 val_f1_weighted=0.5468 val_prec_macro=0.5067 val_rec_macro=0.4917 val_metric_name=acc val_metric=0.5491
Early stopping at step 1190

--- Final (best ckpt @ step 890) ---
  train_acc=0.9990 train_loss=0.0029 train_f1_macro=0.9985 train_f1_weighted=0.9990 train_prec_macro=0.9981 train_rec_macro=0.9989 train_metric_name=acc train_metric=0.9990
  val_acc=0.5517 val_loss=3.4249 val_f1_macro=0.4963 val_f1_weighted=0.5478 val_prec_macro=0.5122 val_rec_macro=0.4854 val_metric_name=acc val_metric=0.5517
  test_acc=0.5337 test_loss=3.5183 test_f1_macro=0.4640 test_f1_weighted=0.5299 test_prec_macro=0.4776 test_rec_macro=0.4548 test_metric_name=acc test_metric=0.5337
  test_acc=0.5337

============================================================
Training amazon-ratings GT 2L h=512 lr=1e-05 split=4
============================================================
Training for 5000 steps
Step    1 | loss 1.6852 | val_acc=0.2948 val_loss=1.5778 val_f1_macro=0.1557 val_f1_weighted=0.2399 val_prec_macro=0.1825 val_rec_macro=0.1928 val_metric_name=acc val_metric=0.2948
Step   50 | loss 1.4317 | val_acc=0.3771 val_loss=1.4038 val_f1_macro=0.1542 val_f1_weighted=0.2594 val_prec_macro=0.2262 val_rec_macro=0.2145 val_metric_name=acc val_metric=0.3771
Step  100 | loss 1.4050 | val_acc=0.3895 val_loss=1.3884 val_f1_macro=0.1732 val_f1_weighted=0.2847 val_prec_macro=0.2522 val_rec_macro=0.2268 val_metric_name=acc val_metric=0.3895
Step  150 | loss 1.3908 | val_acc=0.3993 val_loss=1.3745 val_f1_macro=0.1890 val_f1_weighted=0.3051 val_prec_macro=0.2332 val_rec_macro=0.2380 val_metric_name=acc val_metric=0.3993
Step  200 | loss 1.3726 | val_acc=0.4088 val_loss=1.3632 val_f1_macro=0.2058 val_f1_weighted=0.3258 val_prec_macro=0.2373 val_rec_macro=0.2494 val_metric_name=acc val_metric=0.4088
Step  250 | loss 1.3529 | val_acc=0.4155 val_loss=1.3544 val_f1_macro=0.2192 val_f1_weighted=0.3412 val_prec_macro=0.4359 val_rec_macro=0.2573 val_metric_name=acc val_metric=0.4155
Step  300 | loss 1.3392 | val_acc=0.4238 val_loss=1.3468 val_f1_macro=0.2335 val_f1_weighted=0.3586 val_prec_macro=0.4439 val_rec_macro=0.2670 val_metric_name=acc val_metric=0.4238
Step  350 | loss 1.3273 | val_acc=0.4238 val_loss=1.3425 val_f1_macro=0.2383 val_f1_weighted=0.3632 val_prec_macro=0.3622 val_rec_macro=0.2705 val_metric_name=acc val_metric=0.4238
Step  400 | loss 1.3109 | val_acc=0.4282 val_loss=1.3389 val_f1_macro=0.2524 val_f1_weighted=0.3744 val_prec_macro=0.5072 val_rec_macro=0.2789 val_metric_name=acc val_metric=0.4282
Step  450 | loss 1.2962 | val_acc=0.4372 val_loss=1.3351 val_f1_macro=0.2667 val_f1_weighted=0.3893 val_prec_macro=0.4784 val_rec_macro=0.2894 val_metric_name=acc val_metric=0.4372
Step  500 | loss 1.2743 | val_acc=0.4421 val_loss=1.3302 val_f1_macro=0.2848 val_f1_weighted=0.4014 val_prec_macro=0.4701 val_rec_macro=0.2996 val_metric_name=acc val_metric=0.4421
Step  550 | loss 1.2625 | val_acc=0.4488 val_loss=1.3296 val_f1_macro=0.2996 val_f1_weighted=0.4118 val_prec_macro=0.4864 val_rec_macro=0.3098 val_metric_name=acc val_metric=0.4488
Step  600 | loss 1.2395 | val_acc=0.4591 val_loss=1.3353 val_f1_macro=0.3138 val_f1_weighted=0.4224 val_prec_macro=0.4752 val_rec_macro=0.3221 val_metric_name=acc val_metric=0.4591
Step  650 | loss 1.2158 | val_acc=0.4601 val_loss=1.3329 val_f1_macro=0.3293 val_f1_weighted=0.4277 val_prec_macro=0.4896 val_rec_macro=0.3305 val_metric_name=acc val_metric=0.4601
Step  700 | loss 1.2015 | val_acc=0.4640 val_loss=1.3367 val_f1_macro=0.3406 val_f1_weighted=0.4339 val_prec_macro=0.4902 val_rec_macro=0.3394 val_metric_name=acc val_metric=0.4640
Step  750 | loss 1.1777 | val_acc=0.4674 val_loss=1.3352 val_f1_macro=0.3497 val_f1_weighted=0.4404 val_prec_macro=0.4744 val_rec_macro=0.3454 val_metric_name=acc val_metric=0.4674
Step  800 | loss 1.1574 | val_acc=0.4700 val_loss=1.3406 val_f1_macro=0.3540 val_f1_weighted=0.4432 val_prec_macro=0.4621 val_rec_macro=0.3490 val_metric_name=acc val_metric=0.4700
Step  850 | loss 1.1350 | val_acc=0.4748 val_loss=1.3422 val_f1_macro=0.3652 val_f1_weighted=0.4510 val_prec_macro=0.4553 val_rec_macro=0.3575 val_metric_name=acc val_metric=0.4748
Step  900 | loss 1.1188 | val_acc=0.4769 val_loss=1.3477 val_f1_macro=0.3704 val_f1_weighted=0.4542 val_prec_macro=0.4581 val_rec_macro=0.3608 val_metric_name=acc val_metric=0.4769
Step  950 | loss 1.0954 | val_acc=0.4777 val_loss=1.3526 val_f1_macro=0.3770 val_f1_weighted=0.4569 val_prec_macro=0.4536 val_rec_macro=0.3663 val_metric_name=acc val_metric=0.4777
Step 1000 | loss 1.0676 | val_acc=0.4798 val_loss=1.3678 val_f1_macro=0.3828 val_f1_weighted=0.4591 val_prec_macro=0.4563 val_rec_macro=0.3719 val_metric_name=acc val_metric=0.4798
Step 1050 | loss 1.0558 | val_acc=0.4844 val_loss=1.3658 val_f1_macro=0.3948 val_f1_weighted=0.4668 val_prec_macro=0.4579 val_rec_macro=0.3817 val_metric_name=acc val_metric=0.4844
Step 1100 | loss 1.0267 | val_acc=0.4895 val_loss=1.3716 val_f1_macro=0.4052 val_f1_weighted=0.4744 val_prec_macro=0.4641 val_rec_macro=0.3910 val_metric_name=acc val_metric=0.4895
Step 1150 | loss 1.0065 | val_acc=0.4909 val_loss=1.3888 val_f1_macro=0.4087 val_f1_weighted=0.4750 val_prec_macro=0.4699 val_rec_macro=0.3942 val_metric_name=acc val_metric=0.4909
Step 1200 | loss 0.9791 | val_acc=0.4955 val_loss=1.3940 val_f1_macro=0.4190 val_f1_weighted=0.4831 val_prec_macro=0.4681 val_rec_macro=0.4037 val_metric_name=acc val_metric=0.4955
Step 1250 | loss 0.9643 | val_acc=0.4971 val_loss=1.4084 val_f1_macro=0.4219 val_f1_weighted=0.4840 val_prec_macro=0.4724 val_rec_macro=0.4067 val_metric_name=acc val_metric=0.4971
Step 1300 | loss 0.9363 | val_acc=0.4991 val_loss=1.4208 val_f1_macro=0.4244 val_f1_weighted=0.4865 val_prec_macro=0.4712 val_rec_macro=0.4102 val_metric_name=acc val_metric=0.4991
Step 1350 | loss 0.9121 | val_acc=0.5019 val_loss=1.4345 val_f1_macro=0.4296 val_f1_weighted=0.4907 val_prec_macro=0.4674 val_rec_macro=0.4165 val_metric_name=acc val_metric=0.5019
Step 1400 | loss 0.8875 | val_acc=0.5037 val_loss=1.4488 val_f1_macro=0.4334 val_f1_weighted=0.4930 val_prec_macro=0.4718 val_rec_macro=0.4201 val_metric_name=acc val_metric=0.5037
Step 1450 | loss 0.8697 | val_acc=0.5068 val_loss=1.4652 val_f1_macro=0.4374 val_f1_weighted=0.4961 val_prec_macro=0.4756 val_rec_macro=0.4231 val_metric_name=acc val_metric=0.5068
Step 1500 | loss 0.8449 | val_acc=0.5087 val_loss=1.4811 val_f1_macro=0.4427 val_f1_weighted=0.5001 val_prec_macro=0.4742 val_rec_macro=0.4302 val_metric_name=acc val_metric=0.5087
Step 1550 | loss 0.8152 | val_acc=0.5115 val_loss=1.5004 val_f1_macro=0.4473 val_f1_weighted=0.5035 val_prec_macro=0.4747 val_rec_macro=0.4352 val_metric_name=acc val_metric=0.5115
Step 1600 | loss 0.7937 | val_acc=0.5138 val_loss=1.5217 val_f1_macro=0.4525 val_f1_weighted=0.5057 val_prec_macro=0.4838 val_rec_macro=0.4391 val_metric_name=acc val_metric=0.5138
Step 1650 | loss 0.7639 | val_acc=0.5096 val_loss=1.5408 val_f1_macro=0.4483 val_f1_weighted=0.5030 val_prec_macro=0.4715 val_rec_macro=0.4366 val_metric_name=acc val_metric=0.5096
Step 1700 | loss 0.7370 | val_acc=0.5153 val_loss=1.5644 val_f1_macro=0.4554 val_f1_weighted=0.5083 val_prec_macro=0.4800 val_rec_macro=0.4445 val_metric_name=acc val_metric=0.5153
Step 1750 | loss 0.7246 | val_acc=0.5177 val_loss=1.5960 val_f1_macro=0.4568 val_f1_weighted=0.5108 val_prec_macro=0.4856 val_rec_macro=0.4435 val_metric_name=acc val_metric=0.5177
Step 1800 | loss 0.7004 | val_acc=0.5208 val_loss=1.6207 val_f1_macro=0.4611 val_f1_weighted=0.5139 val_prec_macro=0.4901 val_rec_macro=0.4479 val_metric_name=acc val_metric=0.5208
Step 1850 | loss 0.6812 | val_acc=0.5198 val_loss=1.6402 val_f1_macro=0.4619 val_f1_weighted=0.5144 val_prec_macro=0.4827 val_rec_macro=0.4511 val_metric_name=acc val_metric=0.5198
Step 1900 | loss 0.6616 | val_acc=0.5220 val_loss=1.6726 val_f1_macro=0.4655 val_f1_weighted=0.5165 val_prec_macro=0.4875 val_rec_macro=0.4545 val_metric_name=acc val_metric=0.5220
Step 1950 | loss 0.6368 | val_acc=0.5233 val_loss=1.7079 val_f1_macro=0.4675 val_f1_weighted=0.5187 val_prec_macro=0.4834 val_rec_macro=0.4592 val_metric_name=acc val_metric=0.5233
Step 2000 | loss 0.6130 | val_acc=0.5265 val_loss=1.7311 val_f1_macro=0.4730 val_f1_weighted=0.5219 val_prec_macro=0.4913 val_rec_macro=0.4628 val_metric_name=acc val_metric=0.5265
Step 2050 | loss 0.5981 | val_acc=0.5252 val_loss=1.7640 val_f1_macro=0.4730 val_f1_weighted=0.5206 val_prec_macro=0.4926 val_rec_macro=0.4626 val_metric_name=acc val_metric=0.5252
Step 2100 | loss 0.5766 | val_acc=0.5274 val_loss=1.7894 val_f1_macro=0.4747 val_f1_weighted=0.5228 val_prec_macro=0.4951 val_rec_macro=0.4635 val_metric_name=acc val_metric=0.5274
Step 2150 | loss 0.5647 | val_acc=0.5285 val_loss=1.8251 val_f1_macro=0.4758 val_f1_weighted=0.5244 val_prec_macro=0.4912 val_rec_macro=0.4672 val_metric_name=acc val_metric=0.5285
Step 2200 | loss 0.5292 | val_acc=0.5313 val_loss=1.8607 val_f1_macro=0.4800 val_f1_weighted=0.5267 val_prec_macro=0.4969 val_rec_macro=0.4709 val_metric_name=acc val_metric=0.5313
Step 2250 | loss 0.5224 | val_acc=0.5331 val_loss=1.8912 val_f1_macro=0.4818 val_f1_weighted=0.5287 val_prec_macro=0.4989 val_rec_macro=0.4723 val_metric_name=acc val_metric=0.5331
Step 2300 | loss 0.4987 | val_acc=0.5326 val_loss=1.9137 val_f1_macro=0.4829 val_f1_weighted=0.5289 val_prec_macro=0.4993 val_rec_macro=0.4733 val_metric_name=acc val_metric=0.5326
Step 2350 | loss 0.4850 | val_acc=0.5323 val_loss=1.9607 val_f1_macro=0.4806 val_f1_weighted=0.5278 val_prec_macro=0.4962 val_rec_macro=0.4720 val_metric_name=acc val_metric=0.5323
Step 2400 | loss 0.4581 | val_acc=0.5309 val_loss=1.9850 val_f1_macro=0.4795 val_f1_weighted=0.5272 val_prec_macro=0.4921 val_rec_macro=0.4728 val_metric_name=acc val_metric=0.5309
Step 2450 | loss 0.4449 | val_acc=0.5316 val_loss=2.0231 val_f1_macro=0.4814 val_f1_weighted=0.5281 val_prec_macro=0.4945 val_rec_macro=0.4737 val_metric_name=acc val_metric=0.5316
Step 2500 | loss 0.4388 | val_acc=0.5339 val_loss=2.0565 val_f1_macro=0.4839 val_f1_weighted=0.5304 val_prec_macro=0.4960 val_rec_macro=0.4767 val_metric_name=acc val_metric=0.5339
Step 2550 | loss 0.4181 | val_acc=0.5349 val_loss=2.0865 val_f1_macro=0.4842 val_f1_weighted=0.5312 val_prec_macro=0.4974 val_rec_macro=0.4763 val_metric_name=acc val_metric=0.5349
Step 2600 | loss 0.4103 | val_acc=0.5344 val_loss=2.1152 val_f1_macro=0.4839 val_f1_weighted=0.5307 val_prec_macro=0.4966 val_rec_macro=0.4764 val_metric_name=acc val_metric=0.5344
Step 2650 | loss 0.3901 | val_acc=0.5378 val_loss=2.1545 val_f1_macro=0.4873 val_f1_weighted=0.5346 val_prec_macro=0.4972 val_rec_macro=0.4813 val_metric_name=acc val_metric=0.5378
Step 2700 | loss 0.3850 | val_acc=0.5403 val_loss=2.1814 val_f1_macro=0.4910 val_f1_weighted=0.5371 val_prec_macro=0.5015 val_rec_macro=0.4844 val_metric_name=acc val_metric=0.5403
Step 2750 | loss 0.3747 | val_acc=0.5398 val_loss=2.2117 val_f1_macro=0.4881 val_f1_weighted=0.5360 val_prec_macro=0.4995 val_rec_macro=0.4816 val_metric_name=acc val_metric=0.5398
Step 2800 | loss 0.3606 | val_acc=0.5419 val_loss=2.2432 val_f1_macro=0.4915 val_f1_weighted=0.5389 val_prec_macro=0.5026 val_rec_macro=0.4842 val_metric_name=acc val_metric=0.5419
Step 2850 | loss 0.3503 | val_acc=0.5414 val_loss=2.2829 val_f1_macro=0.4916 val_f1_weighted=0.5379 val_prec_macro=0.5057 val_rec_macro=0.4829 val_metric_name=acc val_metric=0.5414
Step 2900 | loss 0.3361 | val_acc=0.5424 val_loss=2.3088 val_f1_macro=0.4914 val_f1_weighted=0.5391 val_prec_macro=0.5036 val_rec_macro=0.4837 val_metric_name=acc val_metric=0.5424
Step 2950 | loss 0.3145 | val_acc=0.5403 val_loss=2.3297 val_f1_macro=0.4924 val_f1_weighted=0.5375 val_prec_macro=0.5030 val_rec_macro=0.4856 val_metric_name=acc val_metric=0.5403
Step 3000 | loss 0.3108 | val_acc=0.5416 val_loss=2.3624 val_f1_macro=0.4933 val_f1_weighted=0.5387 val_prec_macro=0.5036 val_rec_macro=0.4865 val_metric_name=acc val_metric=0.5416
Step 3050 | loss 0.3050 | val_acc=0.5435 val_loss=2.3892 val_f1_macro=0.4927 val_f1_weighted=0.5408 val_prec_macro=0.5017 val_rec_macro=0.4869 val_metric_name=acc val_metric=0.5435
Step 3100 | loss 0.2891 | val_acc=0.5414 val_loss=2.4307 val_f1_macro=0.4914 val_f1_weighted=0.5389 val_prec_macro=0.5002 val_rec_macro=0.4852 val_metric_name=acc val_metric=0.5414
Step 3150 | loss 0.2863 | val_acc=0.5416 val_loss=2.4476 val_f1_macro=0.4919 val_f1_weighted=0.5388 val_prec_macro=0.5028 val_rec_macro=0.4845 val_metric_name=acc val_metric=0.5416
Step 3200 | loss 0.2800 | val_acc=0.5432 val_loss=2.4909 val_f1_macro=0.4919 val_f1_weighted=0.5408 val_prec_macro=0.5001 val_rec_macro=0.4861 val_metric_name=acc val_metric=0.5432
Step 3250 | loss 0.2734 | val_acc=0.5458 val_loss=2.5111 val_f1_macro=0.4938 val_f1_weighted=0.5435 val_prec_macro=0.5028 val_rec_macro=0.4877 val_metric_name=acc val_metric=0.5458
Step 3300 | loss 0.2646 | val_acc=0.5442 val_loss=2.5442 val_f1_macro=0.4918 val_f1_weighted=0.5420 val_prec_macro=0.4990 val_rec_macro=0.4867 val_metric_name=acc val_metric=0.5442
Step 3350 | loss 0.2481 | val_acc=0.5445 val_loss=2.5792 val_f1_macro=0.4933 val_f1_weighted=0.5420 val_prec_macro=0.5031 val_rec_macro=0.4868 val_metric_name=acc val_metric=0.5445
Step 3400 | loss 0.2463 | val_acc=0.5461 val_loss=2.5948 val_f1_macro=0.4953 val_f1_weighted=0.5440 val_prec_macro=0.5031 val_rec_macro=0.4897 val_metric_name=acc val_metric=0.5461
Step 3450 | loss 0.2447 | val_acc=0.5463 val_loss=2.6332 val_f1_macro=0.4947 val_f1_weighted=0.5441 val_prec_macro=0.5035 val_rec_macro=0.4887 val_metric_name=acc val_metric=0.5463
Step 3500 | loss 0.2314 | val_acc=0.5448 val_loss=2.6555 val_f1_macro=0.4938 val_f1_weighted=0.5427 val_prec_macro=0.5011 val_rec_macro=0.4889 val_metric_name=acc val_metric=0.5448
Step 3550 | loss 0.2280 | val_acc=0.5455 val_loss=2.6762 val_f1_macro=0.4947 val_f1_weighted=0.5431 val_prec_macro=0.5039 val_rec_macro=0.4886 val_metric_name=acc val_metric=0.5455
Step 3600 | loss 0.2207 | val_acc=0.5461 val_loss=2.7139 val_f1_macro=0.4941 val_f1_weighted=0.5437 val_prec_macro=0.5025 val_rec_macro=0.4882 val_metric_name=acc val_metric=0.5461
Step 3650 | loss 0.2188 | val_acc=0.5470 val_loss=2.7282 val_f1_macro=0.4953 val_f1_weighted=0.5447 val_prec_macro=0.5052 val_rec_macro=0.4885 val_metric_name=acc val_metric=0.5470
Step 3700 | loss 0.2019 | val_acc=0.5447 val_loss=2.7643 val_f1_macro=0.4931 val_f1_weighted=0.5424 val_prec_macro=0.5028 val_rec_macro=0.4863 val_metric_name=acc val_metric=0.5447
Step 3750 | loss 0.2005 | val_acc=0.5453 val_loss=2.7793 val_f1_macro=0.4929 val_f1_weighted=0.5428 val_prec_macro=0.5018 val_rec_macro=0.4866 val_metric_name=acc val_metric=0.5453
Step 3800 | loss 0.1918 | val_acc=0.5471 val_loss=2.8147 val_f1_macro=0.4946 val_f1_weighted=0.5449 val_prec_macro=0.5018 val_rec_macro=0.4897 val_metric_name=acc val_metric=0.5471
Step 3850 | loss 0.1871 | val_acc=0.5458 val_loss=2.8271 val_f1_macro=0.4931 val_f1_weighted=0.5431 val_prec_macro=0.5029 val_rec_macro=0.4864 val_metric_name=acc val_metric=0.5458
Step 3900 | loss 0.1854 | val_acc=0.5476 val_loss=2.8477 val_f1_macro=0.4958 val_f1_weighted=0.5452 val_prec_macro=0.5057 val_rec_macro=0.4888 val_metric_name=acc val_metric=0.5476
Step 3950 | loss 0.1860 | val_acc=0.5473 val_loss=2.8721 val_f1_macro=0.4956 val_f1_weighted=0.5449 val_prec_macro=0.5045 val_rec_macro=0.4896 val_metric_name=acc val_metric=0.5473
Step 4000 | loss 0.1773 | val_acc=0.5470 val_loss=2.8938 val_f1_macro=0.4951 val_f1_weighted=0.5448 val_prec_macro=0.5031 val_rec_macro=0.4894 val_metric_name=acc val_metric=0.5470
Step 4050 | loss 0.1669 | val_acc=0.5483 val_loss=2.9172 val_f1_macro=0.4953 val_f1_weighted=0.5460 val_prec_macro=0.5025 val_rec_macro=0.4904 val_metric_name=acc val_metric=0.5483
Step 4100 | loss 0.1715 | val_acc=0.5450 val_loss=2.9372 val_f1_macro=0.4925 val_f1_weighted=0.5429 val_prec_macro=0.4980 val_rec_macro=0.4888 val_metric_name=acc val_metric=0.5450
Step 4150 | loss 0.1602 | val_acc=0.5473 val_loss=2.9772 val_f1_macro=0.4949 val_f1_weighted=0.5454 val_prec_macro=0.5010 val_rec_macro=0.4910 val_metric_name=acc val_metric=0.5473
Step 4200 | loss 0.1683 | val_acc=0.5476 val_loss=2.9959 val_f1_macro=0.4961 val_f1_weighted=0.5453 val_prec_macro=0.5030 val_rec_macro=0.4913 val_metric_name=acc val_metric=0.5476
Step 4250 | loss 0.1571 | val_acc=0.5466 val_loss=3.0086 val_f1_macro=0.4945 val_f1_weighted=0.5444 val_prec_macro=0.5023 val_rec_macro=0.4889 val_metric_name=acc val_metric=0.5466
Step 4300 | loss 0.1525 | val_acc=0.5481 val_loss=3.0313 val_f1_macro=0.4947 val_f1_weighted=0.5458 val_prec_macro=0.5019 val_rec_macro=0.4894 val_metric_name=acc val_metric=0.5481
Step 4350 | loss 0.1474 | val_acc=0.5465 val_loss=3.0569 val_f1_macro=0.4937 val_f1_weighted=0.5442 val_prec_macro=0.5008 val_rec_macro=0.4887 val_metric_name=acc val_metric=0.5465
Step 4400 | loss 0.1428 | val_acc=0.5481 val_loss=3.0676 val_f1_macro=0.4956 val_f1_weighted=0.5458 val_prec_macro=0.5027 val_rec_macro=0.4907 val_metric_name=acc val_metric=0.5481
Step 4450 | loss 0.1420 | val_acc=0.5476 val_loss=3.0950 val_f1_macro=0.4944 val_f1_weighted=0.5451 val_prec_macro=0.5022 val_rec_macro=0.4888 val_metric_name=acc val_metric=0.5476
Step 4500 | loss 0.1425 | val_acc=0.5479 val_loss=3.1134 val_f1_macro=0.4956 val_f1_weighted=0.5457 val_prec_macro=0.5026 val_rec_macro=0.4907 val_metric_name=acc val_metric=0.5479
Step 4550 | loss 0.1333 | val_acc=0.5491 val_loss=3.1343 val_f1_macro=0.4961 val_f1_weighted=0.5467 val_prec_macro=0.5034 val_rec_macro=0.4909 val_metric_name=acc val_metric=0.5491
Step 4600 | loss 0.1340 | val_acc=0.5496 val_loss=3.1483 val_f1_macro=0.4968 val_f1_weighted=0.5469 val_prec_macro=0.5053 val_rec_macro=0.4908 val_metric_name=acc val_metric=0.5496
Step 4650 | loss 0.1341 | val_acc=0.5494 val_loss=3.1689 val_f1_macro=0.4961 val_f1_weighted=0.5468 val_prec_macro=0.5043 val_rec_macro=0.4904 val_metric_name=acc val_metric=0.5494
Step 4700 | loss 0.1210 | val_acc=0.5509 val_loss=3.1866 val_f1_macro=0.4969 val_f1_weighted=0.5488 val_prec_macro=0.5026 val_rec_macro=0.4930 val_metric_name=acc val_metric=0.5509
Step 4750 | loss 0.1319 | val_acc=0.5491 val_loss=3.2116 val_f1_macro=0.4954 val_f1_weighted=0.5465 val_prec_macro=0.5034 val_rec_macro=0.4898 val_metric_name=acc val_metric=0.5491
Step 4800 | loss 0.1207 | val_acc=0.5496 val_loss=3.2255 val_f1_macro=0.4964 val_f1_weighted=0.5470 val_prec_macro=0.5032 val_rec_macro=0.4918 val_metric_name=acc val_metric=0.5496
Step 4850 | loss 0.1146 | val_acc=0.5484 val_loss=3.2423 val_f1_macro=0.4948 val_f1_weighted=0.5459 val_prec_macro=0.5021 val_rec_macro=0.4897 val_metric_name=acc val_metric=0.5484
Step 4900 | loss 0.1193 | val_acc=0.5501 val_loss=3.2630 val_f1_macro=0.4970 val_f1_weighted=0.5478 val_prec_macro=0.5044 val_rec_macro=0.4916 val_metric_name=acc val_metric=0.5501
Step 4950 | loss 0.1143 | val_acc=0.5488 val_loss=3.2769 val_f1_macro=0.4958 val_f1_weighted=0.5466 val_prec_macro=0.5017 val_rec_macro=0.4917 val_metric_name=acc val_metric=0.5488
Step 5000 | loss 0.1094 | val_acc=0.5497 val_loss=3.3056 val_f1_macro=0.4969 val_f1_weighted=0.5473 val_prec_macro=0.5055 val_rec_macro=0.4908 val_metric_name=acc val_metric=0.5497

--- Final (best ckpt @ step 4700) ---
  train_acc=0.9978 train_loss=0.0075 train_f1_macro=0.9971 train_f1_weighted=0.9978 train_prec_macro=0.9963 train_rec_macro=0.9979 train_metric_name=acc train_metric=0.9978
  val_acc=0.5509 val_loss=3.1866 val_f1_macro=0.4969 val_f1_weighted=0.5488 val_prec_macro=0.5026 val_rec_macro=0.4930 val_metric_name=acc val_metric=0.5509
  test_acc=0.5301 test_loss=3.2747 test_f1_macro=0.4691 test_f1_weighted=0.5281 test_prec_macro=0.4778 test_rec_macro=0.4632 test_metric_name=acc test_metric=0.5301
  test_acc=0.5301
  >> num_layers=2 hidden_dim=256 lr=3e-05 best_step=2400 val_acc=0.5439 test_acc=0.5383
     val_acc=0.5439 val_f1_macro=0.4903 val_f1_weighted=0.5401 val_loss=2.2793 val_metric=0.5439 val_metric_name=acc val_prec_macro=0.5013 val_rec_macro=0.4836
     test_acc=0.5383 test_f1_macro=0.4766 test_f1_weighted=0.5351 test_loss=2.3147 test_metric=0.5383 test_metric_name=acc test_prec_macro=0.4870 test_rec_macro=0.4704
  >> num_layers=2 hidden_dim=256 lr=6e-05 best_step=1290 val_acc=0.5427 test_acc=0.5305
     val_acc=0.5427 val_f1_macro=0.4906 val_f1_weighted=0.5393 val_loss=2.2868 val_metric=0.5427 val_metric_name=acc val_prec_macro=0.5024 val_rec_macro=0.4828
     test_acc=0.5305 test_f1_macro=0.4705 test_f1_weighted=0.5279 test_loss=2.3273 test_metric=0.5305 test_metric_name=acc test_prec_macro=0.4783 test_rec_macro=0.4653
  >> num_layers=2 hidden_dim=256 lr=0.0001 best_step=4660 val_acc=0.5471 test_acc=0.5425
     val_acc=0.5471 val_f1_macro=0.4952 val_f1_weighted=0.5445 val_loss=4.2783 val_metric=0.5471 val_metric_name=acc val_prec_macro=0.5058 val_rec_macro=0.4874
     test_acc=0.5425 test_f1_macro=0.4796 test_f1_weighted=0.5407 test_loss=4.3070 test_metric=0.5425 test_metric_name=acc test_prec_macro=0.4854 test_rec_macro=0.4753
  >> num_layers=2 hidden_dim=256 lr=1e-05 best_step=4990 val_acc=0.5370 test_acc=0.5316
     val_acc=0.5370 val_f1_macro=0.4791 val_f1_weighted=0.5314 val_loss=1.8576 val_metric=0.5370 val_metric_name=acc val_prec_macro=0.4947 val_rec_macro=0.4717
     test_acc=0.5316 test_f1_macro=0.4645 test_f1_weighted=0.5266 test_loss=1.8954 test_metric=0.5316 test_metric_name=acc test_prec_macro=0.4783 test_rec_macro=0.4586
  >> num_layers=2 hidden_dim=384 lr=3e-05 best_step=3570 val_acc=0.5525 test_acc=0.5411
     val_acc=0.5525 val_f1_macro=0.4947 val_f1_weighted=0.5500 val_loss=3.4927 val_metric=0.5525 val_metric_name=acc val_prec_macro=0.5028 val_rec_macro=0.4884
     test_acc=0.5411 test_f1_macro=0.4721 test_f1_weighted=0.5385 test_loss=3.6661 test_metric=0.5411 test_metric_name=acc test_prec_macro=0.4800 test_rec_macro=0.4659
  >> num_layers=2 hidden_dim=384 lr=6e-05 best_step=2820 val_acc=0.5576 test_acc=0.5391
     val_acc=0.5576 val_f1_macro=0.5043 val_f1_weighted=0.5554 val_loss=3.8581 val_metric=0.5576 val_metric_name=acc val_prec_macro=0.5124 val_rec_macro=0.4977
     test_acc=0.5391 test_f1_macro=0.4692 test_f1_weighted=0.5375 test_loss=4.0865 test_metric=0.5391 test_metric_name=acc test_prec_macro=0.4739 test_rec_macro=0.4652
  >> num_layers=2 hidden_dim=384 lr=0.0001 best_step=2340 val_acc=0.5546 test_acc=0.5452
     val_acc=0.5546 val_f1_macro=0.5010 val_f1_weighted=0.5528 val_loss=4.0171 val_metric=0.5546 val_metric_name=acc val_prec_macro=0.5075 val_rec_macro=0.4958
     test_acc=0.5452 test_f1_macro=0.4765 test_f1_weighted=0.5438 test_loss=4.1933 test_metric=0.5452 test_metric_name=acc test_prec_macro=0.4817 test_rec_macro=0.4723
  >> num_layers=2 hidden_dim=384 lr=1e-05 best_step=4990 val_acc=0.5448 test_acc=0.5375
     val_acc=0.5448 val_f1_macro=0.4939 val_f1_weighted=0.5423 val_loss=2.5190 val_metric=0.5448 val_metric_name=acc val_prec_macro=0.5020 val_rec_macro=0.4877
     test_acc=0.5375 test_f1_macro=0.4699 test_f1_weighted=0.5352 test_loss=2.6243 test_metric=0.5375 test_metric_name=acc test_prec_macro=0.4767 test_rec_macro=0.4649
  >> num_layers=2 hidden_dim=512 lr=3e-05 best_step=1500 val_acc=0.5491 test_acc=0.5283
     val_acc=0.5491 val_f1_macro=0.4982 val_f1_weighted=0.5466 val_loss=2.8995 val_metric=0.5491 val_metric_name=acc val_prec_macro=0.5093 val_rec_macro=0.4903
     test_acc=0.5283 test_f1_macro=0.4659 test_f1_weighted=0.5258 test_loss=2.9886 test_metric=0.5283 test_metric_name=acc test_prec_macro=0.4765 test_rec_macro=0.4586
  >> num_layers=2 hidden_dim=512 lr=6e-05 best_step=1840 val_acc=0.5519 test_acc=0.5349
     val_acc=0.5519 val_f1_macro=0.4990 val_f1_weighted=0.5491 val_loss=3.9302 val_metric=0.5519 val_metric_name=acc val_prec_macro=0.5100 val_rec_macro=0.4908
     test_acc=0.5349 test_f1_macro=0.4700 test_f1_weighted=0.5322 test_loss=4.0676 test_metric=0.5349 test_metric_name=acc test_prec_macro=0.4806 test_rec_macro=0.4622
  >> num_layers=2 hidden_dim=512 lr=0.0001 best_step=890 val_acc=0.5517 test_acc=0.5337
     val_acc=0.5517 val_f1_macro=0.4963 val_f1_weighted=0.5478 val_loss=3.4249 val_metric=0.5517 val_metric_name=acc val_prec_macro=0.5122 val_rec_macro=0.4854
     test_acc=0.5337 test_f1_macro=0.4640 test_f1_weighted=0.5299 test_loss=3.5183 test_metric=0.5337 test_metric_name=acc test_prec_macro=0.4776 test_rec_macro=0.4548
  >> num_layers=2 hidden_dim=512 lr=1e-05 best_step=4700 val_acc=0.5509 test_acc=0.5301
     val_acc=0.5509 val_f1_macro=0.4969 val_f1_weighted=0.5488 val_loss=3.1866 val_metric=0.5509 val_metric_name=acc val_prec_macro=0.5026 val_rec_macro=0.4930
     test_acc=0.5301 test_f1_macro=0.4691 test_f1_weighted=0.5281 test_loss=3.2747 test_metric=0.5301 test_metric_name=acc test_prec_macro=0.4778 test_rec_macro=0.4632
  >> selected best (by val): num_layers=2 hidden_dim=384 lr=6e-05 val_acc=0.5576 test_acc=0.5391
     val_acc=0.5576 val_f1_macro=0.5043 val_f1_weighted=0.5554 val_loss=3.8581 val_metric=0.5576 val_metric_name=acc val_prec_macro=0.5124 val_rec_macro=0.4977
     test_acc=0.5391 test_f1_macro=0.4692 test_f1_weighted=0.5375 test_loss=4.0865 test_metric=0.5391 test_metric_name=acc test_prec_macro=0.4739 test_rec_macro=0.4652

Done. Results saved to /home/avshmelev/diploma_yandex_graphs/results_grid/amazon_ratings/base.csv, checkpoints in /home/avshmelev/diploma_yandex_graphs/all_checkpoints/amazon_ratings/base/
Skipping: "Done." found in /home/avshmelev/diploma_yandex_graphs/results_grid/amazon_ratings/logs_base/GT_2L_split4.log
Skipping: "Done." found in /home/avshmelev/diploma_yandex_graphs/results_grid/amazon_ratings/logs_base/GT_2L_split4.log
