Loading data...

============================================================
Training amazon-ratings GT 4L h=256 lr=3e-05 split=6
============================================================
Training for 5000 steps
Step    1 | loss 1.6658 | val_acc=0.3542 val_loss=1.4988 val_f1_macro=0.1387 val_f1_weighted=0.2286 val_prec_macro=0.1800 val_rec_macro=0.2025 val_metric_name=acc val_metric=0.3542
Step   50 | loss 1.4095 | val_acc=0.3789 val_loss=1.3946 val_f1_macro=0.1510 val_f1_weighted=0.2552 val_prec_macro=0.1616 val_rec_macro=0.2142 val_metric_name=acc val_metric=0.3789
Step  100 | loss 1.3818 | val_acc=0.3988 val_loss=1.3700 val_f1_macro=0.1852 val_f1_weighted=0.3006 val_prec_macro=0.2049 val_rec_macro=0.2368 val_metric_name=acc val_metric=0.3988
Step  150 | loss 1.3552 | val_acc=0.4122 val_loss=1.3474 val_f1_macro=0.2124 val_f1_weighted=0.3330 val_prec_macro=0.4306 val_rec_macro=0.2552 val_metric_name=acc val_metric=0.4122
Step  200 | loss 1.3264 | val_acc=0.4248 val_loss=1.3321 val_f1_macro=0.2434 val_f1_weighted=0.3676 val_prec_macro=0.4472 val_rec_macro=0.2736 val_metric_name=acc val_metric=0.4248
Step  250 | loss 1.3049 | val_acc=0.4334 val_loss=1.3243 val_f1_macro=0.2622 val_f1_weighted=0.3867 val_prec_macro=0.3080 val_rec_macro=0.2885 val_metric_name=acc val_metric=0.4334
Step  300 | loss 1.2752 | val_acc=0.4366 val_loss=1.3224 val_f1_macro=0.2839 val_f1_weighted=0.3977 val_prec_macro=0.4217 val_rec_macro=0.3013 val_metric_name=acc val_metric=0.4366
Step  350 | loss 1.2493 | val_acc=0.4462 val_loss=1.3247 val_f1_macro=0.3050 val_f1_weighted=0.4108 val_prec_macro=0.4566 val_rec_macro=0.3154 val_metric_name=acc val_metric=0.4462
Step  400 | loss 1.2212 | val_acc=0.4503 val_loss=1.3194 val_f1_macro=0.3177 val_f1_weighted=0.4183 val_prec_macro=0.4297 val_rec_macro=0.3255 val_metric_name=acc val_metric=0.4503
Step  450 | loss 1.1897 | val_acc=0.4561 val_loss=1.3182 val_f1_macro=0.3331 val_f1_weighted=0.4274 val_prec_macro=0.4410 val_rec_macro=0.3356 val_metric_name=acc val_metric=0.4561
Step  500 | loss 1.1684 | val_acc=0.4620 val_loss=1.3130 val_f1_macro=0.3510 val_f1_weighted=0.4389 val_prec_macro=0.4379 val_rec_macro=0.3485 val_metric_name=acc val_metric=0.4620
Step  550 | loss 1.1379 | val_acc=0.4684 val_loss=1.3172 val_f1_macro=0.3579 val_f1_weighted=0.4441 val_prec_macro=0.4395 val_rec_macro=0.3538 val_metric_name=acc val_metric=0.4684
Step  600 | loss 1.1079 | val_acc=0.4743 val_loss=1.3236 val_f1_macro=0.3671 val_f1_weighted=0.4508 val_prec_macro=0.4521 val_rec_macro=0.3604 val_metric_name=acc val_metric=0.4743
Step  650 | loss 1.0911 | val_acc=0.4766 val_loss=1.3247 val_f1_macro=0.3778 val_f1_weighted=0.4563 val_prec_macro=0.4530 val_rec_macro=0.3684 val_metric_name=acc val_metric=0.4766
Step  700 | loss 1.0598 | val_acc=0.4790 val_loss=1.3362 val_f1_macro=0.3917 val_f1_weighted=0.4616 val_prec_macro=0.4532 val_rec_macro=0.3820 val_metric_name=acc val_metric=0.4790
Step  750 | loss 1.0257 | val_acc=0.4873 val_loss=1.3451 val_f1_macro=0.3966 val_f1_weighted=0.4695 val_prec_macro=0.4607 val_rec_macro=0.3846 val_metric_name=acc val_metric=0.4873
Step  800 | loss 1.0041 | val_acc=0.4898 val_loss=1.3508 val_f1_macro=0.4077 val_f1_weighted=0.4754 val_prec_macro=0.4625 val_rec_macro=0.3950 val_metric_name=acc val_metric=0.4898
Step  850 | loss 0.9823 | val_acc=0.4947 val_loss=1.3639 val_f1_macro=0.4182 val_f1_weighted=0.4823 val_prec_macro=0.4677 val_rec_macro=0.4038 val_metric_name=acc val_metric=0.4947
Step  900 | loss 0.9562 | val_acc=0.4989 val_loss=1.3794 val_f1_macro=0.4234 val_f1_weighted=0.4866 val_prec_macro=0.4765 val_rec_macro=0.4086 val_metric_name=acc val_metric=0.4989
Step  950 | loss 0.9319 | val_acc=0.4996 val_loss=1.3979 val_f1_macro=0.4241 val_f1_weighted=0.4886 val_prec_macro=0.4674 val_rec_macro=0.4103 val_metric_name=acc val_metric=0.4996
Step 1000 | loss 0.9036 | val_acc=0.5024 val_loss=1.4081 val_f1_macro=0.4278 val_f1_weighted=0.4926 val_prec_macro=0.4664 val_rec_macro=0.4142 val_metric_name=acc val_metric=0.5024
Step 1050 | loss 0.8702 | val_acc=0.5038 val_loss=1.4277 val_f1_macro=0.4345 val_f1_weighted=0.4941 val_prec_macro=0.4778 val_rec_macro=0.4205 val_metric_name=acc val_metric=0.5038
Step 1100 | loss 0.8490 | val_acc=0.5058 val_loss=1.4446 val_f1_macro=0.4414 val_f1_weighted=0.4975 val_prec_macro=0.4772 val_rec_macro=0.4288 val_metric_name=acc val_metric=0.5058
Step 1150 | loss 0.8213 | val_acc=0.5060 val_loss=1.4622 val_f1_macro=0.4411 val_f1_weighted=0.4987 val_prec_macro=0.4718 val_rec_macro=0.4277 val_metric_name=acc val_metric=0.5060
Step 1200 | loss 0.8020 | val_acc=0.5063 val_loss=1.4921 val_f1_macro=0.4419 val_f1_weighted=0.4996 val_prec_macro=0.4704 val_rec_macro=0.4304 val_metric_name=acc val_metric=0.5063
Step 1250 | loss 0.7777 | val_acc=0.5100 val_loss=1.5045 val_f1_macro=0.4475 val_f1_weighted=0.5043 val_prec_macro=0.4731 val_rec_macro=0.4352 val_metric_name=acc val_metric=0.5100
Step 1300 | loss 0.7517 | val_acc=0.5117 val_loss=1.5254 val_f1_macro=0.4489 val_f1_weighted=0.5057 val_prec_macro=0.4793 val_rec_macro=0.4352 val_metric_name=acc val_metric=0.5117
Step 1350 | loss 0.7322 | val_acc=0.5161 val_loss=1.5641 val_f1_macro=0.4568 val_f1_weighted=0.5110 val_prec_macro=0.4818 val_rec_macro=0.4449 val_metric_name=acc val_metric=0.5161
Step 1400 | loss 0.7103 | val_acc=0.5205 val_loss=1.5920 val_f1_macro=0.4595 val_f1_weighted=0.5153 val_prec_macro=0.4843 val_rec_macro=0.4477 val_metric_name=acc val_metric=0.5205
Step 1450 | loss 0.6885 | val_acc=0.5187 val_loss=1.6122 val_f1_macro=0.4569 val_f1_weighted=0.5140 val_prec_macro=0.4759 val_rec_macro=0.4470 val_metric_name=acc val_metric=0.5187
Step 1500 | loss 0.6595 | val_acc=0.5172 val_loss=1.6548 val_f1_macro=0.4566 val_f1_weighted=0.5134 val_prec_macro=0.4735 val_rec_macro=0.4478 val_metric_name=acc val_metric=0.5172
Step 1550 | loss 0.6278 | val_acc=0.5172 val_loss=1.6779 val_f1_macro=0.4585 val_f1_weighted=0.5144 val_prec_macro=0.4701 val_rec_macro=0.4517 val_metric_name=acc val_metric=0.5172
Step 1600 | loss 0.6050 | val_acc=0.5216 val_loss=1.7130 val_f1_macro=0.4654 val_f1_weighted=0.5187 val_prec_macro=0.4801 val_rec_macro=0.4570 val_metric_name=acc val_metric=0.5216
Step 1650 | loss 0.5973 | val_acc=0.5243 val_loss=1.7361 val_f1_macro=0.4674 val_f1_weighted=0.5214 val_prec_macro=0.4799 val_rec_macro=0.4597 val_metric_name=acc val_metric=0.5243
Step 1700 | loss 0.5704 | val_acc=0.5257 val_loss=1.7694 val_f1_macro=0.4699 val_f1_weighted=0.5223 val_prec_macro=0.4876 val_rec_macro=0.4596 val_metric_name=acc val_metric=0.5257
Step 1750 | loss 0.5442 | val_acc=0.5257 val_loss=1.8115 val_f1_macro=0.4692 val_f1_weighted=0.5229 val_prec_macro=0.4826 val_rec_macro=0.4611 val_metric_name=acc val_metric=0.5257
Step 1800 | loss 0.5340 | val_acc=0.5278 val_loss=1.8420 val_f1_macro=0.4728 val_f1_weighted=0.5256 val_prec_macro=0.4862 val_rec_macro=0.4646 val_metric_name=acc val_metric=0.5278
Step 1850 | loss 0.5234 | val_acc=0.5278 val_loss=1.8829 val_f1_macro=0.4726 val_f1_weighted=0.5257 val_prec_macro=0.4828 val_rec_macro=0.4661 val_metric_name=acc val_metric=0.5278
Step 1900 | loss 0.4970 | val_acc=0.5298 val_loss=1.9029 val_f1_macro=0.4777 val_f1_weighted=0.5275 val_prec_macro=0.4902 val_rec_macro=0.4691 val_metric_name=acc val_metric=0.5298
Step 1950 | loss 0.4734 | val_acc=0.5272 val_loss=1.9450 val_f1_macro=0.4730 val_f1_weighted=0.5248 val_prec_macro=0.4860 val_rec_macro=0.4651 val_metric_name=acc val_metric=0.5272
Step 2000 | loss 0.4600 | val_acc=0.5296 val_loss=1.9805 val_f1_macro=0.4759 val_f1_weighted=0.5276 val_prec_macro=0.4867 val_rec_macro=0.4683 val_metric_name=acc val_metric=0.5296
Step 2050 | loss 0.4430 | val_acc=0.5278 val_loss=2.0200 val_f1_macro=0.4750 val_f1_weighted=0.5259 val_prec_macro=0.4833 val_rec_macro=0.4689 val_metric_name=acc val_metric=0.5278
Step 2100 | loss 0.4341 | val_acc=0.5306 val_loss=2.0500 val_f1_macro=0.4783 val_f1_weighted=0.5294 val_prec_macro=0.4851 val_rec_macro=0.4735 val_metric_name=acc val_metric=0.5306
Step 2150 | loss 0.4199 | val_acc=0.5296 val_loss=2.0917 val_f1_macro=0.4756 val_f1_weighted=0.5284 val_prec_macro=0.4808 val_rec_macro=0.4719 val_metric_name=acc val_metric=0.5296
Step 2200 | loss 0.3986 | val_acc=0.5326 val_loss=2.1213 val_f1_macro=0.4788 val_f1_weighted=0.5310 val_prec_macro=0.4861 val_rec_macro=0.4734 val_metric_name=acc val_metric=0.5326
Step 2250 | loss 0.3929 | val_acc=0.5331 val_loss=2.1370 val_f1_macro=0.4785 val_f1_weighted=0.5316 val_prec_macro=0.4856 val_rec_macro=0.4733 val_metric_name=acc val_metric=0.5331
Step 2300 | loss 0.3669 | val_acc=0.5352 val_loss=2.1879 val_f1_macro=0.4801 val_f1_weighted=0.5336 val_prec_macro=0.4866 val_rec_macro=0.4755 val_metric_name=acc val_metric=0.5352
Step 2350 | loss 0.3694 | val_acc=0.5349 val_loss=2.2217 val_f1_macro=0.4793 val_f1_weighted=0.5332 val_prec_macro=0.4868 val_rec_macro=0.4737 val_metric_name=acc val_metric=0.5349
Step 2400 | loss 0.3492 | val_acc=0.5327 val_loss=2.2453 val_f1_macro=0.4770 val_f1_weighted=0.5311 val_prec_macro=0.4858 val_rec_macro=0.4705 val_metric_name=acc val_metric=0.5327
Step 2450 | loss 0.3348 | val_acc=0.5339 val_loss=2.2741 val_f1_macro=0.4787 val_f1_weighted=0.5326 val_prec_macro=0.4849 val_rec_macro=0.4743 val_metric_name=acc val_metric=0.5339
Step 2500 | loss 0.3234 | val_acc=0.5352 val_loss=2.3041 val_f1_macro=0.4795 val_f1_weighted=0.5333 val_prec_macro=0.4902 val_rec_macro=0.4717 val_metric_name=acc val_metric=0.5352
Step 2550 | loss 0.3136 | val_acc=0.5336 val_loss=2.3471 val_f1_macro=0.4785 val_f1_weighted=0.5327 val_prec_macro=0.4826 val_rec_macro=0.4755 val_metric_name=acc val_metric=0.5336
Step 2600 | loss 0.3047 | val_acc=0.5363 val_loss=2.3764 val_f1_macro=0.4796 val_f1_weighted=0.5349 val_prec_macro=0.4859 val_rec_macro=0.4748 val_metric_name=acc val_metric=0.5363
Step 2650 | loss 0.2977 | val_acc=0.5376 val_loss=2.4046 val_f1_macro=0.4813 val_f1_weighted=0.5358 val_prec_macro=0.4891 val_rec_macro=0.4754 val_metric_name=acc val_metric=0.5376
Step 2700 | loss 0.2888 | val_acc=0.5365 val_loss=2.4234 val_f1_macro=0.4809 val_f1_weighted=0.5352 val_prec_macro=0.4871 val_rec_macro=0.4763 val_metric_name=acc val_metric=0.5365
Step 2750 | loss 0.2820 | val_acc=0.5342 val_loss=2.4601 val_f1_macro=0.4796 val_f1_weighted=0.5329 val_prec_macro=0.4868 val_rec_macro=0.4744 val_metric_name=acc val_metric=0.5342
Step 2800 | loss 0.2679 | val_acc=0.5352 val_loss=2.4832 val_f1_macro=0.4787 val_f1_weighted=0.5343 val_prec_macro=0.4823 val_rec_macro=0.4760 val_metric_name=acc val_metric=0.5352
Step 2850 | loss 0.2631 | val_acc=0.5363 val_loss=2.5130 val_f1_macro=0.4800 val_f1_weighted=0.5349 val_prec_macro=0.4866 val_rec_macro=0.4748 val_metric_name=acc val_metric=0.5363
Step 2900 | loss 0.2599 | val_acc=0.5362 val_loss=2.5446 val_f1_macro=0.4803 val_f1_weighted=0.5348 val_prec_macro=0.4864 val_rec_macro=0.4759 val_metric_name=acc val_metric=0.5362
Step 2950 | loss 0.2481 | val_acc=0.5362 val_loss=2.5791 val_f1_macro=0.4783 val_f1_weighted=0.5352 val_prec_macro=0.4830 val_rec_macro=0.4749 val_metric_name=acc val_metric=0.5362
Step 3000 | loss 0.2359 | val_acc=0.5360 val_loss=2.5972 val_f1_macro=0.4803 val_f1_weighted=0.5350 val_prec_macro=0.4856 val_rec_macro=0.4763 val_metric_name=acc val_metric=0.5360
Step 3050 | loss 0.2271 | val_acc=0.5367 val_loss=2.6233 val_f1_macro=0.4788 val_f1_weighted=0.5353 val_prec_macro=0.4853 val_rec_macro=0.4738 val_metric_name=acc val_metric=0.5367
Step 3100 | loss 0.2202 | val_acc=0.5352 val_loss=2.6363 val_f1_macro=0.4792 val_f1_weighted=0.5342 val_prec_macro=0.4845 val_rec_macro=0.4752 val_metric_name=acc val_metric=0.5352
Step 3150 | loss 0.2239 | val_acc=0.5401 val_loss=2.6633 val_f1_macro=0.4825 val_f1_weighted=0.5383 val_prec_macro=0.4907 val_rec_macro=0.4762 val_metric_name=acc val_metric=0.5401
Step 3200 | loss 0.2150 | val_acc=0.5399 val_loss=2.6961 val_f1_macro=0.4825 val_f1_weighted=0.5384 val_prec_macro=0.4896 val_rec_macro=0.4771 val_metric_name=acc val_metric=0.5399
Step 3250 | loss 0.2121 | val_acc=0.5404 val_loss=2.7200 val_f1_macro=0.4846 val_f1_weighted=0.5391 val_prec_macro=0.4919 val_rec_macro=0.4792 val_metric_name=acc val_metric=0.5404
Step 3300 | loss 0.2033 | val_acc=0.5401 val_loss=2.7440 val_f1_macro=0.4841 val_f1_weighted=0.5386 val_prec_macro=0.4927 val_rec_macro=0.4777 val_metric_name=acc val_metric=0.5401
Step 3350 | loss 0.1890 | val_acc=0.5403 val_loss=2.7722 val_f1_macro=0.4820 val_f1_weighted=0.5387 val_prec_macro=0.4886 val_rec_macro=0.4770 val_metric_name=acc val_metric=0.5403
Step 3400 | loss 0.1849 | val_acc=0.5388 val_loss=2.7906 val_f1_macro=0.4832 val_f1_weighted=0.5378 val_prec_macro=0.4882 val_rec_macro=0.4795 val_metric_name=acc val_metric=0.5388
Step 3450 | loss 0.1837 | val_acc=0.5416 val_loss=2.8117 val_f1_macro=0.4842 val_f1_weighted=0.5402 val_prec_macro=0.4900 val_rec_macro=0.4798 val_metric_name=acc val_metric=0.5416
Step 3500 | loss 0.1751 | val_acc=0.5419 val_loss=2.8266 val_f1_macro=0.4847 val_f1_weighted=0.5406 val_prec_macro=0.4917 val_rec_macro=0.4792 val_metric_name=acc val_metric=0.5419
Step 3550 | loss 0.1822 | val_acc=0.5386 val_loss=2.8499 val_f1_macro=0.4801 val_f1_weighted=0.5375 val_prec_macro=0.4862 val_rec_macro=0.4757 val_metric_name=acc val_metric=0.5386
Step 3600 | loss 0.1698 | val_acc=0.5383 val_loss=2.8769 val_f1_macro=0.4820 val_f1_weighted=0.5371 val_prec_macro=0.4875 val_rec_macro=0.4777 val_metric_name=acc val_metric=0.5383
Step 3650 | loss 0.1704 | val_acc=0.5394 val_loss=2.8939 val_f1_macro=0.4824 val_f1_weighted=0.5384 val_prec_macro=0.4883 val_rec_macro=0.4779 val_metric_name=acc val_metric=0.5394
Step 3700 | loss 0.1614 | val_acc=0.5368 val_loss=2.9203 val_f1_macro=0.4802 val_f1_weighted=0.5359 val_prec_macro=0.4857 val_rec_macro=0.4761 val_metric_name=acc val_metric=0.5368
Step 3750 | loss 0.1540 | val_acc=0.5394 val_loss=2.9267 val_f1_macro=0.4816 val_f1_weighted=0.5380 val_prec_macro=0.4881 val_rec_macro=0.4767 val_metric_name=acc val_metric=0.5394
Step 3800 | loss 0.1447 | val_acc=0.5406 val_loss=2.9598 val_f1_macro=0.4839 val_f1_weighted=0.5393 val_prec_macro=0.4900 val_rec_macro=0.4793 val_metric_name=acc val_metric=0.5406
Step 3850 | loss 0.1513 | val_acc=0.5386 val_loss=2.9758 val_f1_macro=0.4820 val_f1_weighted=0.5373 val_prec_macro=0.4882 val_rec_macro=0.4769 val_metric_name=acc val_metric=0.5386
Step 3900 | loss 0.1497 | val_acc=0.5409 val_loss=2.9853 val_f1_macro=0.4847 val_f1_weighted=0.5397 val_prec_macro=0.4913 val_rec_macro=0.4798 val_metric_name=acc val_metric=0.5409
Step 3950 | loss 0.1436 | val_acc=0.5416 val_loss=3.0077 val_f1_macro=0.4842 val_f1_weighted=0.5407 val_prec_macro=0.4896 val_rec_macro=0.4802 val_metric_name=acc val_metric=0.5416
Step 4000 | loss 0.1465 | val_acc=0.5416 val_loss=3.0317 val_f1_macro=0.4873 val_f1_weighted=0.5405 val_prec_macro=0.4930 val_rec_macro=0.4828 val_metric_name=acc val_metric=0.5416
Step 4050 | loss 0.1322 | val_acc=0.5407 val_loss=3.0585 val_f1_macro=0.4856 val_f1_weighted=0.5397 val_prec_macro=0.4909 val_rec_macro=0.4816 val_metric_name=acc val_metric=0.5407
Step 4100 | loss 0.1359 | val_acc=0.5396 val_loss=3.0595 val_f1_macro=0.4845 val_f1_weighted=0.5383 val_prec_macro=0.4913 val_rec_macro=0.4792 val_metric_name=acc val_metric=0.5396
Step 4150 | loss 0.1367 | val_acc=0.5416 val_loss=3.0923 val_f1_macro=0.4871 val_f1_weighted=0.5407 val_prec_macro=0.4913 val_rec_macro=0.4838 val_metric_name=acc val_metric=0.5416
Step 4200 | loss 0.1312 | val_acc=0.5425 val_loss=3.0996 val_f1_macro=0.4882 val_f1_weighted=0.5412 val_prec_macro=0.4956 val_rec_macro=0.4825 val_metric_name=acc val_metric=0.5425
Step 4250 | loss 0.1284 | val_acc=0.5401 val_loss=3.1242 val_f1_macro=0.4851 val_f1_weighted=0.5390 val_prec_macro=0.4921 val_rec_macro=0.4800 val_metric_name=acc val_metric=0.5401
Step 4300 | loss 0.1250 | val_acc=0.5390 val_loss=3.1320 val_f1_macro=0.4826 val_f1_weighted=0.5379 val_prec_macro=0.4880 val_rec_macro=0.4782 val_metric_name=acc val_metric=0.5390
Step 4350 | loss 0.1253 | val_acc=0.5394 val_loss=3.1410 val_f1_macro=0.4843 val_f1_weighted=0.5378 val_prec_macro=0.4931 val_rec_macro=0.4778 val_metric_name=acc val_metric=0.5394
Step 4400 | loss 0.1281 | val_acc=0.5407 val_loss=3.1720 val_f1_macro=0.4852 val_f1_weighted=0.5394 val_prec_macro=0.4925 val_rec_macro=0.4797 val_metric_name=acc val_metric=0.5407
Step 4450 | loss 0.1192 | val_acc=0.5394 val_loss=3.1832 val_f1_macro=0.4839 val_f1_weighted=0.5383 val_prec_macro=0.4903 val_rec_macro=0.4790 val_metric_name=acc val_metric=0.5394
Step 4500 | loss 0.1161 | val_acc=0.5407 val_loss=3.1947 val_f1_macro=0.4876 val_f1_weighted=0.5394 val_prec_macro=0.4959 val_rec_macro=0.4815 val_metric_name=acc val_metric=0.5407
Step 4550 | loss 0.1156 | val_acc=0.5386 val_loss=3.2083 val_f1_macro=0.4818 val_f1_weighted=0.5373 val_prec_macro=0.4887 val_rec_macro=0.4767 val_metric_name=acc val_metric=0.5386
Step 4600 | loss 0.1083 | val_acc=0.5414 val_loss=3.2202 val_f1_macro=0.4850 val_f1_weighted=0.5401 val_prec_macro=0.4915 val_rec_macro=0.4799 val_metric_name=acc val_metric=0.5414
Step 4650 | loss 0.1056 | val_acc=0.5393 val_loss=3.2448 val_f1_macro=0.4827 val_f1_weighted=0.5382 val_prec_macro=0.4887 val_rec_macro=0.4780 val_metric_name=acc val_metric=0.5393
Step 4700 | loss 0.1061 | val_acc=0.5396 val_loss=3.2597 val_f1_macro=0.4830 val_f1_weighted=0.5385 val_prec_macro=0.4898 val_rec_macro=0.4781 val_metric_name=acc val_metric=0.5396
Step 4750 | loss 0.1014 | val_acc=0.5373 val_loss=3.2654 val_f1_macro=0.4810 val_f1_weighted=0.5361 val_prec_macro=0.4885 val_rec_macro=0.4755 val_metric_name=acc val_metric=0.5373
Step 4800 | loss 0.0987 | val_acc=0.5419 val_loss=3.2867 val_f1_macro=0.4882 val_f1_weighted=0.5409 val_prec_macro=0.4940 val_rec_macro=0.4835 val_metric_name=acc val_metric=0.5419
Step 4850 | loss 0.1032 | val_acc=0.5394 val_loss=3.2885 val_f1_macro=0.4849 val_f1_weighted=0.5384 val_prec_macro=0.4908 val_rec_macro=0.4801 val_metric_name=acc val_metric=0.5394
Early stopping at step 4888

--- Final (best ckpt @ step 4190) ---
  train_acc=0.9975 train_loss=0.0085 train_f1_macro=0.9970 train_f1_weighted=0.9975 train_prec_macro=0.9962 train_rec_macro=0.9978 train_metric_name=acc train_metric=0.9975
  val_acc=0.5432 val_loss=3.0977 val_f1_macro=0.4886 val_f1_weighted=0.5419 val_prec_macro=0.4948 val_rec_macro=0.4839 val_metric_name=acc val_metric=0.5432
  test_acc=0.5409 test_loss=3.1138 test_f1_macro=0.4905 test_f1_weighted=0.5395 test_prec_macro=0.4952 test_rec_macro=0.4867 test_metric_name=acc test_metric=0.5409
  test_acc=0.5409

============================================================
Training amazon-ratings GT 4L h=256 lr=6e-05 split=6
============================================================
Training for 5000 steps
Step    1 | loss 1.6658 | val_acc=0.3611 val_loss=1.4454 val_f1_macro=0.1222 val_f1_weighted=0.2144 val_prec_macro=0.1782 val_rec_macro=0.1997 val_metric_name=acc val_metric=0.3611
Step   50 | loss 1.3917 | val_acc=0.3941 val_loss=1.3799 val_f1_macro=0.1753 val_f1_weighted=0.2879 val_prec_macro=0.1660 val_rec_macro=0.2295 val_metric_name=acc val_metric=0.3941
Step  100 | loss 1.3439 | val_acc=0.4160 val_loss=1.3429 val_f1_macro=0.2163 val_f1_weighted=0.3379 val_prec_macro=0.4370 val_rec_macro=0.2581 val_metric_name=acc val_metric=0.4160
Step  150 | loss 1.3017 | val_acc=0.4339 val_loss=1.3220 val_f1_macro=0.2625 val_f1_weighted=0.3876 val_prec_macro=0.3159 val_rec_macro=0.2878 val_metric_name=acc val_metric=0.4339
Step  200 | loss 1.2484 | val_acc=0.4387 val_loss=1.3282 val_f1_macro=0.2960 val_f1_weighted=0.4025 val_prec_macro=0.4218 val_rec_macro=0.3119 val_metric_name=acc val_metric=0.4387
Step  250 | loss 1.2036 | val_acc=0.4575 val_loss=1.3138 val_f1_macro=0.3327 val_f1_weighted=0.4301 val_prec_macro=0.4419 val_rec_macro=0.3349 val_metric_name=acc val_metric=0.4575
Step  300 | loss 1.1522 | val_acc=0.4669 val_loss=1.3127 val_f1_macro=0.3542 val_f1_weighted=0.4435 val_prec_macro=0.4398 val_rec_macro=0.3506 val_metric_name=acc val_metric=0.4669
Step  350 | loss 1.1040 | val_acc=0.4674 val_loss=1.3335 val_f1_macro=0.3731 val_f1_weighted=0.4454 val_prec_macro=0.4571 val_rec_macro=0.3681 val_metric_name=acc val_metric=0.4674
Step  400 | loss 1.0562 | val_acc=0.4792 val_loss=1.3373 val_f1_macro=0.3950 val_f1_weighted=0.4647 val_prec_macro=0.4522 val_rec_macro=0.3859 val_metric_name=acc val_metric=0.4792
Step  450 | loss 1.0078 | val_acc=0.4860 val_loss=1.3541 val_f1_macro=0.4053 val_f1_weighted=0.4738 val_prec_macro=0.4484 val_rec_macro=0.3947 val_metric_name=acc val_metric=0.4860
Step  500 | loss 0.9661 | val_acc=0.4926 val_loss=1.3760 val_f1_macro=0.4188 val_f1_weighted=0.4829 val_prec_macro=0.4592 val_rec_macro=0.4078 val_metric_name=acc val_metric=0.4926
Step  550 | loss 0.9186 | val_acc=0.5012 val_loss=1.3938 val_f1_macro=0.4264 val_f1_weighted=0.4911 val_prec_macro=0.4687 val_rec_macro=0.4125 val_metric_name=acc val_metric=0.5012
Step  600 | loss 0.8610 | val_acc=0.5065 val_loss=1.4320 val_f1_macro=0.4365 val_f1_weighted=0.4977 val_prec_macro=0.4709 val_rec_macro=0.4233 val_metric_name=acc val_metric=0.5065
Step  650 | loss 0.8219 | val_acc=0.5123 val_loss=1.4648 val_f1_macro=0.4439 val_f1_weighted=0.5044 val_prec_macro=0.4795 val_rec_macro=0.4297 val_metric_name=acc val_metric=0.5123
Step  700 | loss 0.7630 | val_acc=0.5140 val_loss=1.5183 val_f1_macro=0.4502 val_f1_weighted=0.5076 val_prec_macro=0.4782 val_rec_macro=0.4391 val_metric_name=acc val_metric=0.5140
Step  750 | loss 0.7141 | val_acc=0.5213 val_loss=1.5638 val_f1_macro=0.4609 val_f1_weighted=0.5161 val_prec_macro=0.4924 val_rec_macro=0.4465 val_metric_name=acc val_metric=0.5213
Step  800 | loss 0.6714 | val_acc=0.5225 val_loss=1.6153 val_f1_macro=0.4624 val_f1_weighted=0.5180 val_prec_macro=0.4829 val_rec_macro=0.4510 val_metric_name=acc val_metric=0.5225
Step  850 | loss 0.6365 | val_acc=0.5221 val_loss=1.6831 val_f1_macro=0.4633 val_f1_weighted=0.5183 val_prec_macro=0.4808 val_rec_macro=0.4539 val_metric_name=acc val_metric=0.5221
Step  900 | loss 0.5943 | val_acc=0.5287 val_loss=1.7454 val_f1_macro=0.4725 val_f1_weighted=0.5249 val_prec_macro=0.4931 val_rec_macro=0.4609 val_metric_name=acc val_metric=0.5287
Step  950 | loss 0.5536 | val_acc=0.5274 val_loss=1.8070 val_f1_macro=0.4691 val_f1_weighted=0.5243 val_prec_macro=0.4825 val_rec_macro=0.4611 val_metric_name=acc val_metric=0.5274
Step 1000 | loss 0.5198 | val_acc=0.5308 val_loss=1.8786 val_f1_macro=0.4760 val_f1_weighted=0.5281 val_prec_macro=0.4905 val_rec_macro=0.4674 val_metric_name=acc val_metric=0.5308
Step 1050 | loss 0.4758 | val_acc=0.5272 val_loss=1.9393 val_f1_macro=0.4741 val_f1_weighted=0.5247 val_prec_macro=0.4882 val_rec_macro=0.4662 val_metric_name=acc val_metric=0.5272
Step 1100 | loss 0.4418 | val_acc=0.5311 val_loss=2.0097 val_f1_macro=0.4783 val_f1_weighted=0.5287 val_prec_macro=0.4900 val_rec_macro=0.4723 val_metric_name=acc val_metric=0.5311
Step 1150 | loss 0.4252 | val_acc=0.5285 val_loss=2.0635 val_f1_macro=0.4783 val_f1_weighted=0.5265 val_prec_macro=0.4904 val_rec_macro=0.4695 val_metric_name=acc val_metric=0.5285
Step 1200 | loss 0.3905 | val_acc=0.5332 val_loss=2.1371 val_f1_macro=0.4820 val_f1_weighted=0.5315 val_prec_macro=0.4920 val_rec_macro=0.4757 val_metric_name=acc val_metric=0.5332
Step 1250 | loss 0.3746 | val_acc=0.5331 val_loss=2.1926 val_f1_macro=0.4821 val_f1_weighted=0.5311 val_prec_macro=0.4933 val_rec_macro=0.4745 val_metric_name=acc val_metric=0.5331
Step 1300 | loss 0.3539 | val_acc=0.5321 val_loss=2.2533 val_f1_macro=0.4783 val_f1_weighted=0.5305 val_prec_macro=0.4858 val_rec_macro=0.4728 val_metric_name=acc val_metric=0.5321
Step 1350 | loss 0.3277 | val_acc=0.5345 val_loss=2.3264 val_f1_macro=0.4838 val_f1_weighted=0.5333 val_prec_macro=0.4921 val_rec_macro=0.4782 val_metric_name=acc val_metric=0.5345
Step 1400 | loss 0.3073 | val_acc=0.5357 val_loss=2.3817 val_f1_macro=0.4823 val_f1_weighted=0.5339 val_prec_macro=0.4921 val_rec_macro=0.4753 val_metric_name=acc val_metric=0.5357
Step 1450 | loss 0.2909 | val_acc=0.5334 val_loss=2.4111 val_f1_macro=0.4785 val_f1_weighted=0.5321 val_prec_macro=0.4828 val_rec_macro=0.4754 val_metric_name=acc val_metric=0.5334
Step 1500 | loss 0.2681 | val_acc=0.5337 val_loss=2.4760 val_f1_macro=0.4806 val_f1_weighted=0.5328 val_prec_macro=0.4867 val_rec_macro=0.4757 val_metric_name=acc val_metric=0.5337
Step 1550 | loss 0.2514 | val_acc=0.5357 val_loss=2.5405 val_f1_macro=0.4835 val_f1_weighted=0.5345 val_prec_macro=0.4908 val_rec_macro=0.4778 val_metric_name=acc val_metric=0.5357
Step 1600 | loss 0.2289 | val_acc=0.5373 val_loss=2.5760 val_f1_macro=0.4831 val_f1_weighted=0.5359 val_prec_macro=0.4924 val_rec_macro=0.4766 val_metric_name=acc val_metric=0.5373
Step 1650 | loss 0.2305 | val_acc=0.5378 val_loss=2.6046 val_f1_macro=0.4830 val_f1_weighted=0.5362 val_prec_macro=0.4913 val_rec_macro=0.4768 val_metric_name=acc val_metric=0.5378
Step 1700 | loss 0.2080 | val_acc=0.5372 val_loss=2.6732 val_f1_macro=0.4828 val_f1_weighted=0.5359 val_prec_macro=0.4900 val_rec_macro=0.4774 val_metric_name=acc val_metric=0.5372
Step 1750 | loss 0.1962 | val_acc=0.5388 val_loss=2.7156 val_f1_macro=0.4853 val_f1_weighted=0.5374 val_prec_macro=0.4933 val_rec_macro=0.4797 val_metric_name=acc val_metric=0.5388
Step 1800 | loss 0.1995 | val_acc=0.5334 val_loss=2.7497 val_f1_macro=0.4785 val_f1_weighted=0.5323 val_prec_macro=0.4855 val_rec_macro=0.4735 val_metric_name=acc val_metric=0.5334
Step 1850 | loss 0.1862 | val_acc=0.5380 val_loss=2.8034 val_f1_macro=0.4853 val_f1_weighted=0.5366 val_prec_macro=0.4941 val_rec_macro=0.4789 val_metric_name=acc val_metric=0.5380
Step 1900 | loss 0.1685 | val_acc=0.5401 val_loss=2.8256 val_f1_macro=0.4866 val_f1_weighted=0.5385 val_prec_macro=0.4960 val_rec_macro=0.4798 val_metric_name=acc val_metric=0.5401
Step 1950 | loss 0.1565 | val_acc=0.5390 val_loss=2.8686 val_f1_macro=0.4835 val_f1_weighted=0.5374 val_prec_macro=0.4918 val_rec_macro=0.4774 val_metric_name=acc val_metric=0.5390
Step 2000 | loss 0.1563 | val_acc=0.5412 val_loss=2.8876 val_f1_macro=0.4867 val_f1_weighted=0.5398 val_prec_macro=0.4949 val_rec_macro=0.4806 val_metric_name=acc val_metric=0.5412
Step 2050 | loss 0.1472 | val_acc=0.5403 val_loss=2.9517 val_f1_macro=0.4859 val_f1_weighted=0.5389 val_prec_macro=0.4922 val_rec_macro=0.4808 val_metric_name=acc val_metric=0.5403
Step 2100 | loss 0.1443 | val_acc=0.5430 val_loss=2.9686 val_f1_macro=0.4899 val_f1_weighted=0.5414 val_prec_macro=0.4999 val_rec_macro=0.4824 val_metric_name=acc val_metric=0.5430
Step 2150 | loss 0.1415 | val_acc=0.5421 val_loss=3.0203 val_f1_macro=0.4876 val_f1_weighted=0.5409 val_prec_macro=0.4933 val_rec_macro=0.4831 val_metric_name=acc val_metric=0.5421
Step 2200 | loss 0.1369 | val_acc=0.5417 val_loss=3.0371 val_f1_macro=0.4861 val_f1_weighted=0.5402 val_prec_macro=0.4943 val_rec_macro=0.4802 val_metric_name=acc val_metric=0.5417
Step 2250 | loss 0.1259 | val_acc=0.5453 val_loss=3.0499 val_f1_macro=0.4923 val_f1_weighted=0.5438 val_prec_macro=0.5012 val_rec_macro=0.4855 val_metric_name=acc val_metric=0.5453
Step 2300 | loss 0.1272 | val_acc=0.5424 val_loss=3.1011 val_f1_macro=0.4870 val_f1_weighted=0.5409 val_prec_macro=0.4931 val_rec_macro=0.4823 val_metric_name=acc val_metric=0.5424
Step 2350 | loss 0.1222 | val_acc=0.5440 val_loss=3.1321 val_f1_macro=0.4905 val_f1_weighted=0.5427 val_prec_macro=0.4972 val_rec_macro=0.4850 val_metric_name=acc val_metric=0.5440
Step 2400 | loss 0.1104 | val_acc=0.5439 val_loss=3.1601 val_f1_macro=0.4923 val_f1_weighted=0.5427 val_prec_macro=0.5001 val_rec_macro=0.4864 val_metric_name=acc val_metric=0.5439
Step 2450 | loss 0.1123 | val_acc=0.5440 val_loss=3.1920 val_f1_macro=0.4916 val_f1_weighted=0.5428 val_prec_macro=0.5001 val_rec_macro=0.4853 val_metric_name=acc val_metric=0.5440
Step 2500 | loss 0.1026 | val_acc=0.5447 val_loss=3.2031 val_f1_macro=0.4928 val_f1_weighted=0.5433 val_prec_macro=0.5019 val_rec_macro=0.4860 val_metric_name=acc val_metric=0.5447
Step 2550 | loss 0.0969 | val_acc=0.5450 val_loss=3.2332 val_f1_macro=0.4919 val_f1_weighted=0.5435 val_prec_macro=0.5001 val_rec_macro=0.4855 val_metric_name=acc val_metric=0.5450
Step 2600 | loss 0.0942 | val_acc=0.5458 val_loss=3.2666 val_f1_macro=0.4950 val_f1_weighted=0.5444 val_prec_macro=0.5021 val_rec_macro=0.4893 val_metric_name=acc val_metric=0.5458
Step 2650 | loss 0.0922 | val_acc=0.5479 val_loss=3.2757 val_f1_macro=0.4942 val_f1_weighted=0.5459 val_prec_macro=0.5075 val_rec_macro=0.4848 val_metric_name=acc val_metric=0.5479
Step 2700 | loss 0.0985 | val_acc=0.5460 val_loss=3.2945 val_f1_macro=0.4927 val_f1_weighted=0.5445 val_prec_macro=0.5012 val_rec_macro=0.4863 val_metric_name=acc val_metric=0.5460
Step 2750 | loss 0.0920 | val_acc=0.5460 val_loss=3.3376 val_f1_macro=0.4940 val_f1_weighted=0.5449 val_prec_macro=0.5007 val_rec_macro=0.4886 val_metric_name=acc val_metric=0.5460
Step 2800 | loss 0.0866 | val_acc=0.5430 val_loss=3.3321 val_f1_macro=0.4891 val_f1_weighted=0.5416 val_prec_macro=0.4985 val_rec_macro=0.4820 val_metric_name=acc val_metric=0.5430
Step 2850 | loss 0.0894 | val_acc=0.5448 val_loss=3.3802 val_f1_macro=0.4906 val_f1_weighted=0.5432 val_prec_macro=0.4995 val_rec_macro=0.4837 val_metric_name=acc val_metric=0.5448
Step 2900 | loss 0.0810 | val_acc=0.5430 val_loss=3.4128 val_f1_macro=0.4896 val_f1_weighted=0.5418 val_prec_macro=0.4960 val_rec_macro=0.4846 val_metric_name=acc val_metric=0.5430
Step 2950 | loss 0.0806 | val_acc=0.5434 val_loss=3.4445 val_f1_macro=0.4907 val_f1_weighted=0.5422 val_prec_macro=0.4974 val_rec_macro=0.4853 val_metric_name=acc val_metric=0.5434
Step 3000 | loss 0.0762 | val_acc=0.5456 val_loss=3.4537 val_f1_macro=0.4923 val_f1_weighted=0.5440 val_prec_macro=0.5025 val_rec_macro=0.4845 val_metric_name=acc val_metric=0.5456
Step 3050 | loss 0.0722 | val_acc=0.5455 val_loss=3.4456 val_f1_macro=0.4919 val_f1_weighted=0.5441 val_prec_macro=0.4993 val_rec_macro=0.4859 val_metric_name=acc val_metric=0.5455
Step 3100 | loss 0.0708 | val_acc=0.5486 val_loss=3.4751 val_f1_macro=0.4948 val_f1_weighted=0.5468 val_prec_macro=0.5048 val_rec_macro=0.4873 val_metric_name=acc val_metric=0.5486
Step 3150 | loss 0.0690 | val_acc=0.5461 val_loss=3.4992 val_f1_macro=0.4916 val_f1_weighted=0.5443 val_prec_macro=0.5012 val_rec_macro=0.4841 val_metric_name=acc val_metric=0.5461
Step 3200 | loss 0.0697 | val_acc=0.5470 val_loss=3.5194 val_f1_macro=0.4925 val_f1_weighted=0.5452 val_prec_macro=0.5008 val_rec_macro=0.4859 val_metric_name=acc val_metric=0.5470
Step 3250 | loss 0.0643 | val_acc=0.5447 val_loss=3.5667 val_f1_macro=0.4919 val_f1_weighted=0.5436 val_prec_macro=0.4974 val_rec_macro=0.4873 val_metric_name=acc val_metric=0.5447
Step 3300 | loss 0.0663 | val_acc=0.5458 val_loss=3.5757 val_f1_macro=0.4925 val_f1_weighted=0.5441 val_prec_macro=0.5022 val_rec_macro=0.4852 val_metric_name=acc val_metric=0.5458
Step 3350 | loss 0.0583 | val_acc=0.5470 val_loss=3.5609 val_f1_macro=0.4922 val_f1_weighted=0.5452 val_prec_macro=0.5013 val_rec_macro=0.4853 val_metric_name=acc val_metric=0.5470
Step 3400 | loss 0.0563 | val_acc=0.5466 val_loss=3.5860 val_f1_macro=0.4927 val_f1_weighted=0.5449 val_prec_macro=0.5023 val_rec_macro=0.4853 val_metric_name=acc val_metric=0.5466
Step 3450 | loss 0.0584 | val_acc=0.5458 val_loss=3.6047 val_f1_macro=0.4922 val_f1_weighted=0.5442 val_prec_macro=0.5003 val_rec_macro=0.4855 val_metric_name=acc val_metric=0.5458
Step 3500 | loss 0.0580 | val_acc=0.5473 val_loss=3.6286 val_f1_macro=0.4932 val_f1_weighted=0.5456 val_prec_macro=0.5038 val_rec_macro=0.4851 val_metric_name=acc val_metric=0.5473
Step 3550 | loss 0.0603 | val_acc=0.5461 val_loss=3.6670 val_f1_macro=0.4908 val_f1_weighted=0.5446 val_prec_macro=0.5001 val_rec_macro=0.4840 val_metric_name=acc val_metric=0.5461
Step 3600 | loss 0.0527 | val_acc=0.5460 val_loss=3.6917 val_f1_macro=0.4938 val_f1_weighted=0.5450 val_prec_macro=0.4990 val_rec_macro=0.4894 val_metric_name=acc val_metric=0.5460
Step 3650 | loss 0.0546 | val_acc=0.5463 val_loss=3.6734 val_f1_macro=0.4913 val_f1_weighted=0.5449 val_prec_macro=0.4987 val_rec_macro=0.4852 val_metric_name=acc val_metric=0.5463
Step 3700 | loss 0.0538 | val_acc=0.5434 val_loss=3.7169 val_f1_macro=0.4906 val_f1_weighted=0.5421 val_prec_macro=0.4989 val_rec_macro=0.4840 val_metric_name=acc val_metric=0.5434
Step 3750 | loss 0.0513 | val_acc=0.5479 val_loss=3.7135 val_f1_macro=0.4938 val_f1_weighted=0.5461 val_prec_macro=0.5039 val_rec_macro=0.4861 val_metric_name=acc val_metric=0.5479
Step 3800 | loss 0.0489 | val_acc=0.5453 val_loss=3.7217 val_f1_macro=0.4913 val_f1_weighted=0.5439 val_prec_macro=0.4987 val_rec_macro=0.4854 val_metric_name=acc val_metric=0.5453
Step 3850 | loss 0.0472 | val_acc=0.5465 val_loss=3.7373 val_f1_macro=0.4899 val_f1_weighted=0.5447 val_prec_macro=0.4991 val_rec_macro=0.4825 val_metric_name=acc val_metric=0.5465
Step 3900 | loss 0.0491 | val_acc=0.5491 val_loss=3.7777 val_f1_macro=0.4934 val_f1_weighted=0.5475 val_prec_macro=0.5017 val_rec_macro=0.4869 val_metric_name=acc val_metric=0.5491
Step 3950 | loss 0.0449 | val_acc=0.5422 val_loss=3.7727 val_f1_macro=0.4875 val_f1_weighted=0.5411 val_prec_macro=0.4939 val_rec_macro=0.4821 val_metric_name=acc val_metric=0.5422
Step 4000 | loss 0.0459 | val_acc=0.5478 val_loss=3.7969 val_f1_macro=0.4932 val_f1_weighted=0.5462 val_prec_macro=0.5020 val_rec_macro=0.4863 val_metric_name=acc val_metric=0.5478
Step 4050 | loss 0.0402 | val_acc=0.5470 val_loss=3.8174 val_f1_macro=0.4917 val_f1_weighted=0.5455 val_prec_macro=0.4993 val_rec_macro=0.4857 val_metric_name=acc val_metric=0.5470
Step 4100 | loss 0.0454 | val_acc=0.5488 val_loss=3.8314 val_f1_macro=0.4933 val_f1_weighted=0.5469 val_prec_macro=0.5023 val_rec_macro=0.4861 val_metric_name=acc val_metric=0.5488
Step 4150 | loss 0.0429 | val_acc=0.5470 val_loss=3.8316 val_f1_macro=0.4931 val_f1_weighted=0.5455 val_prec_macro=0.5007 val_rec_macro=0.4870 val_metric_name=acc val_metric=0.5470
Step 4200 | loss 0.0447 | val_acc=0.5491 val_loss=3.8410 val_f1_macro=0.4935 val_f1_weighted=0.5471 val_prec_macro=0.5030 val_rec_macro=0.4863 val_metric_name=acc val_metric=0.5491
Step 4250 | loss 0.0398 | val_acc=0.5474 val_loss=3.8591 val_f1_macro=0.4942 val_f1_weighted=0.5457 val_prec_macro=0.5056 val_rec_macro=0.4859 val_metric_name=acc val_metric=0.5474
Step 4300 | loss 0.0403 | val_acc=0.5507 val_loss=3.8692 val_f1_macro=0.4959 val_f1_weighted=0.5490 val_prec_macro=0.5056 val_rec_macro=0.4884 val_metric_name=acc val_metric=0.5507
Step 4350 | loss 0.0409 | val_acc=0.5484 val_loss=3.8906 val_f1_macro=0.4927 val_f1_weighted=0.5463 val_prec_macro=0.5040 val_rec_macro=0.4841 val_metric_name=acc val_metric=0.5484
Step 4400 | loss 0.0402 | val_acc=0.5470 val_loss=3.9084 val_f1_macro=0.4928 val_f1_weighted=0.5452 val_prec_macro=0.5033 val_rec_macro=0.4850 val_metric_name=acc val_metric=0.5470
Step 4450 | loss 0.0372 | val_acc=0.5501 val_loss=3.9184 val_f1_macro=0.4953 val_f1_weighted=0.5484 val_prec_macro=0.5051 val_rec_macro=0.4876 val_metric_name=acc val_metric=0.5501
Step 4500 | loss 0.0378 | val_acc=0.5494 val_loss=3.9235 val_f1_macro=0.4934 val_f1_weighted=0.5476 val_prec_macro=0.5029 val_rec_macro=0.4862 val_metric_name=acc val_metric=0.5494
Step 4550 | loss 0.0375 | val_acc=0.5505 val_loss=3.9446 val_f1_macro=0.4958 val_f1_weighted=0.5490 val_prec_macro=0.5044 val_rec_macro=0.4892 val_metric_name=acc val_metric=0.5505
Step 4600 | loss 0.0365 | val_acc=0.5483 val_loss=3.9792 val_f1_macro=0.4954 val_f1_weighted=0.5464 val_prec_macro=0.5070 val_rec_macro=0.4868 val_metric_name=acc val_metric=0.5483
Step 4650 | loss 0.0372 | val_acc=0.5448 val_loss=3.9589 val_f1_macro=0.4906 val_f1_weighted=0.5432 val_prec_macro=0.5006 val_rec_macro=0.4828 val_metric_name=acc val_metric=0.5448
Step 4700 | loss 0.0337 | val_acc=0.5499 val_loss=3.9655 val_f1_macro=0.4943 val_f1_weighted=0.5479 val_prec_macro=0.5054 val_rec_macro=0.4859 val_metric_name=acc val_metric=0.5499
Step 4750 | loss 0.0351 | val_acc=0.5461 val_loss=3.9957 val_f1_macro=0.4902 val_f1_weighted=0.5440 val_prec_macro=0.5035 val_rec_macro=0.4808 val_metric_name=acc val_metric=0.5461
Step 4800 | loss 0.0301 | val_acc=0.5481 val_loss=4.0253 val_f1_macro=0.4933 val_f1_weighted=0.5464 val_prec_macro=0.5024 val_rec_macro=0.4865 val_metric_name=acc val_metric=0.5481
Early stopping at step 4840

--- Final (best ckpt @ step 4540) ---
  train_acc=0.9997 train_loss=0.0012 train_f1_macro=0.9995 train_f1_weighted=0.9997 train_prec_macro=0.9991 train_rec_macro=0.9998 train_metric_name=acc train_metric=0.9997
  val_acc=0.5528 val_loss=3.9469 val_f1_macro=0.4946 val_f1_weighted=0.5509 val_prec_macro=0.5034 val_rec_macro=0.4876 val_metric_name=acc val_metric=0.5528
  test_acc=0.5447 test_loss=3.9613 test_f1_macro=0.4950 test_f1_weighted=0.5433 test_prec_macro=0.4997 test_rec_macro=0.4911 test_metric_name=acc test_metric=0.5447
  test_acc=0.5447

============================================================
Training amazon-ratings GT 4L h=256 lr=0.0001 split=6
============================================================
Training for 5000 steps
Step    1 | loss 1.6658 | val_acc=0.3658 val_loss=1.4394 val_f1_macro=0.1139 val_f1_weighted=0.2056 val_prec_macro=0.1598 val_rec_macro=0.2000 val_metric_name=acc val_metric=0.3658
Step   50 | loss 1.3760 | val_acc=0.4014 val_loss=1.3690 val_f1_macro=0.1873 val_f1_weighted=0.3036 val_prec_macro=0.2157 val_rec_macro=0.2391 val_metric_name=acc val_metric=0.4014
Step  100 | loss 1.3120 | val_acc=0.4302 val_loss=1.3267 val_f1_macro=0.2526 val_f1_weighted=0.3782 val_prec_macro=0.3512 val_rec_macro=0.2814 val_metric_name=acc val_metric=0.4302
Step  150 | loss 1.2431 | val_acc=0.4418 val_loss=1.3155 val_f1_macro=0.2992 val_f1_weighted=0.4068 val_prec_macro=0.4281 val_rec_macro=0.3101 val_metric_name=acc val_metric=0.4418
Step  200 | loss 1.1718 | val_acc=0.4579 val_loss=1.3252 val_f1_macro=0.3352 val_f1_weighted=0.4276 val_prec_macro=0.4541 val_rec_macro=0.3384 val_metric_name=acc val_metric=0.4579
Step  250 | loss 1.1053 | val_acc=0.4726 val_loss=1.3168 val_f1_macro=0.3712 val_f1_weighted=0.4537 val_prec_macro=0.4416 val_rec_macro=0.3651 val_metric_name=acc val_metric=0.4726
Step  300 | loss 1.0366 | val_acc=0.4829 val_loss=1.3371 val_f1_macro=0.3939 val_f1_weighted=0.4677 val_prec_macro=0.4482 val_rec_macro=0.3840 val_metric_name=acc val_metric=0.4829
Step  350 | loss 0.9564 | val_acc=0.4937 val_loss=1.3779 val_f1_macro=0.4151 val_f1_weighted=0.4812 val_prec_macro=0.4684 val_rec_macro=0.4052 val_metric_name=acc val_metric=0.4937
Step  400 | loss 0.8868 | val_acc=0.5030 val_loss=1.4183 val_f1_macro=0.4334 val_f1_weighted=0.4957 val_prec_macro=0.4624 val_rec_macro=0.4226 val_metric_name=acc val_metric=0.5030
Step  450 | loss 0.8107 | val_acc=0.5089 val_loss=1.4870 val_f1_macro=0.4440 val_f1_weighted=0.5033 val_prec_macro=0.4657 val_rec_macro=0.4324 val_metric_name=acc val_metric=0.5089
Step  500 | loss 0.7459 | val_acc=0.5177 val_loss=1.5502 val_f1_macro=0.4553 val_f1_weighted=0.5128 val_prec_macro=0.4801 val_rec_macro=0.4425 val_metric_name=acc val_metric=0.5177
Step  550 | loss 0.6736 | val_acc=0.5185 val_loss=1.6297 val_f1_macro=0.4630 val_f1_weighted=0.5146 val_prec_macro=0.4856 val_rec_macro=0.4523 val_metric_name=acc val_metric=0.5185
Step  600 | loss 0.5967 | val_acc=0.5270 val_loss=1.7228 val_f1_macro=0.4714 val_f1_weighted=0.5240 val_prec_macro=0.4870 val_rec_macro=0.4615 val_metric_name=acc val_metric=0.5270
Step  650 | loss 0.5483 | val_acc=0.5285 val_loss=1.8059 val_f1_macro=0.4738 val_f1_weighted=0.5248 val_prec_macro=0.4917 val_rec_macro=0.4637 val_metric_name=acc val_metric=0.5285
Step  700 | loss 0.4871 | val_acc=0.5305 val_loss=1.9058 val_f1_macro=0.4772 val_f1_weighted=0.5285 val_prec_macro=0.4877 val_rec_macro=0.4708 val_metric_name=acc val_metric=0.5305
Step  750 | loss 0.4367 | val_acc=0.5308 val_loss=2.0186 val_f1_macro=0.4796 val_f1_weighted=0.5286 val_prec_macro=0.4941 val_rec_macro=0.4705 val_metric_name=acc val_metric=0.5308
Step  800 | loss 0.3986 | val_acc=0.5288 val_loss=2.1147 val_f1_macro=0.4758 val_f1_weighted=0.5275 val_prec_macro=0.4837 val_rec_macro=0.4702 val_metric_name=acc val_metric=0.5288
Step  850 | loss 0.3685 | val_acc=0.5301 val_loss=2.2094 val_f1_macro=0.4794 val_f1_weighted=0.5293 val_prec_macro=0.4849 val_rec_macro=0.4761 val_metric_name=acc val_metric=0.5301
Step  900 | loss 0.3311 | val_acc=0.5321 val_loss=2.3047 val_f1_macro=0.4751 val_f1_weighted=0.5309 val_prec_macro=0.4798 val_rec_macro=0.4716 val_metric_name=acc val_metric=0.5321
Step  950 | loss 0.2986 | val_acc=0.5349 val_loss=2.3625 val_f1_macro=0.4803 val_f1_weighted=0.5338 val_prec_macro=0.4868 val_rec_macro=0.4753 val_metric_name=acc val_metric=0.5349
Step 1000 | loss 0.2690 | val_acc=0.5368 val_loss=2.4756 val_f1_macro=0.4822 val_f1_weighted=0.5352 val_prec_macro=0.4921 val_rec_macro=0.4749 val_metric_name=acc val_metric=0.5368
Step 1050 | loss 0.2421 | val_acc=0.5360 val_loss=2.5632 val_f1_macro=0.4800 val_f1_weighted=0.5344 val_prec_macro=0.4886 val_rec_macro=0.4744 val_metric_name=acc val_metric=0.5360
Step 1100 | loss 0.2245 | val_acc=0.5354 val_loss=2.6224 val_f1_macro=0.4792 val_f1_weighted=0.5342 val_prec_macro=0.4840 val_rec_macro=0.4761 val_metric_name=acc val_metric=0.5354
Step 1150 | loss 0.2114 | val_acc=0.5373 val_loss=2.6655 val_f1_macro=0.4812 val_f1_weighted=0.5362 val_prec_macro=0.4865 val_rec_macro=0.4766 val_metric_name=acc val_metric=0.5373
Step 1200 | loss 0.1858 | val_acc=0.5352 val_loss=2.7378 val_f1_macro=0.4790 val_f1_weighted=0.5337 val_prec_macro=0.4876 val_rec_macro=0.4730 val_metric_name=acc val_metric=0.5352
Step 1250 | loss 0.1813 | val_acc=0.5381 val_loss=2.8187 val_f1_macro=0.4806 val_f1_weighted=0.5368 val_prec_macro=0.4869 val_rec_macro=0.4756 val_metric_name=acc val_metric=0.5381
Step 1300 | loss 0.1649 | val_acc=0.5375 val_loss=2.8720 val_f1_macro=0.4804 val_f1_weighted=0.5367 val_prec_macro=0.4833 val_rec_macro=0.4782 val_metric_name=acc val_metric=0.5375
Step 1350 | loss 0.1547 | val_acc=0.5398 val_loss=2.9249 val_f1_macro=0.4835 val_f1_weighted=0.5388 val_prec_macro=0.4889 val_rec_macro=0.4794 val_metric_name=acc val_metric=0.5398
Step 1400 | loss 0.1442 | val_acc=0.5399 val_loss=2.9722 val_f1_macro=0.4827 val_f1_weighted=0.5383 val_prec_macro=0.4912 val_rec_macro=0.4765 val_metric_name=acc val_metric=0.5399
Step 1450 | loss 0.1337 | val_acc=0.5404 val_loss=3.0035 val_f1_macro=0.4805 val_f1_weighted=0.5392 val_prec_macro=0.4853 val_rec_macro=0.4767 val_metric_name=acc val_metric=0.5404
Step 1500 | loss 0.1243 | val_acc=0.5390 val_loss=3.0492 val_f1_macro=0.4825 val_f1_weighted=0.5378 val_prec_macro=0.4887 val_rec_macro=0.4776 val_metric_name=acc val_metric=0.5390
Step 1550 | loss 0.1117 | val_acc=0.5376 val_loss=3.0890 val_f1_macro=0.4813 val_f1_weighted=0.5363 val_prec_macro=0.4885 val_rec_macro=0.4755 val_metric_name=acc val_metric=0.5376
Step 1600 | loss 0.1054 | val_acc=0.5398 val_loss=3.1170 val_f1_macro=0.4840 val_f1_weighted=0.5388 val_prec_macro=0.4895 val_rec_macro=0.4795 val_metric_name=acc val_metric=0.5398
Step 1650 | loss 0.1079 | val_acc=0.5396 val_loss=3.1425 val_f1_macro=0.4822 val_f1_weighted=0.5383 val_prec_macro=0.4887 val_rec_macro=0.4769 val_metric_name=acc val_metric=0.5396
Step 1700 | loss 0.0954 | val_acc=0.5398 val_loss=3.2450 val_f1_macro=0.4827 val_f1_weighted=0.5390 val_prec_macro=0.4864 val_rec_macro=0.4797 val_metric_name=acc val_metric=0.5398
Step 1750 | loss 0.0928 | val_acc=0.5425 val_loss=3.2303 val_f1_macro=0.4840 val_f1_weighted=0.5409 val_prec_macro=0.4925 val_rec_macro=0.4775 val_metric_name=acc val_metric=0.5425
Step 1800 | loss 0.0915 | val_acc=0.5399 val_loss=3.2890 val_f1_macro=0.4823 val_f1_weighted=0.5391 val_prec_macro=0.4871 val_rec_macro=0.4783 val_metric_name=acc val_metric=0.5399
Step 1850 | loss 0.0835 | val_acc=0.5354 val_loss=3.3229 val_f1_macro=0.4798 val_f1_weighted=0.5341 val_prec_macro=0.4870 val_rec_macro=0.4741 val_metric_name=acc val_metric=0.5354
Step 1900 | loss 0.0783 | val_acc=0.5390 val_loss=3.3405 val_f1_macro=0.4834 val_f1_weighted=0.5376 val_prec_macro=0.4926 val_rec_macro=0.4767 val_metric_name=acc val_metric=0.5390
Step 1950 | loss 0.0703 | val_acc=0.5390 val_loss=3.3755 val_f1_macro=0.4830 val_f1_weighted=0.5378 val_prec_macro=0.4890 val_rec_macro=0.4779 val_metric_name=acc val_metric=0.5390
Step 2000 | loss 0.0755 | val_acc=0.5406 val_loss=3.3987 val_f1_macro=0.4860 val_f1_weighted=0.5394 val_prec_macro=0.4931 val_rec_macro=0.4801 val_metric_name=acc val_metric=0.5406
Step 2050 | loss 0.0680 | val_acc=0.5406 val_loss=3.4532 val_f1_macro=0.4835 val_f1_weighted=0.5395 val_prec_macro=0.4880 val_rec_macro=0.4796 val_metric_name=acc val_metric=0.5406
Step 2100 | loss 0.0683 | val_acc=0.5419 val_loss=3.4643 val_f1_macro=0.4860 val_f1_weighted=0.5408 val_prec_macro=0.4911 val_rec_macro=0.4817 val_metric_name=acc val_metric=0.5419
Step 2150 | loss 0.0651 | val_acc=0.5419 val_loss=3.5115 val_f1_macro=0.4855 val_f1_weighted=0.5407 val_prec_macro=0.4922 val_rec_macro=0.4802 val_metric_name=acc val_metric=0.5419
Step 2200 | loss 0.0656 | val_acc=0.5425 val_loss=3.5091 val_f1_macro=0.4880 val_f1_weighted=0.5410 val_prec_macro=0.4965 val_rec_macro=0.4811 val_metric_name=acc val_metric=0.5425
Step 2250 | loss 0.0573 | val_acc=0.5422 val_loss=3.5360 val_f1_macro=0.4890 val_f1_weighted=0.5410 val_prec_macro=0.4973 val_rec_macro=0.4824 val_metric_name=acc val_metric=0.5422
Step 2300 | loss 0.0593 | val_acc=0.5407 val_loss=3.5798 val_f1_macro=0.4848 val_f1_weighted=0.5399 val_prec_macro=0.4888 val_rec_macro=0.4815 val_metric_name=acc val_metric=0.5407
Step 2350 | loss 0.0565 | val_acc=0.5419 val_loss=3.5984 val_f1_macro=0.4861 val_f1_weighted=0.5406 val_prec_macro=0.4925 val_rec_macro=0.4808 val_metric_name=acc val_metric=0.5419
Step 2400 | loss 0.0574 | val_acc=0.5432 val_loss=3.6214 val_f1_macro=0.4893 val_f1_weighted=0.5422 val_prec_macro=0.4949 val_rec_macro=0.4848 val_metric_name=acc val_metric=0.5432
Step 2450 | loss 0.0558 | val_acc=0.5424 val_loss=3.6515 val_f1_macro=0.4879 val_f1_weighted=0.5411 val_prec_macro=0.4965 val_rec_macro=0.4815 val_metric_name=acc val_metric=0.5424
Step 2500 | loss 0.0500 | val_acc=0.5404 val_loss=3.6711 val_f1_macro=0.4851 val_f1_weighted=0.5392 val_prec_macro=0.4921 val_rec_macro=0.4796 val_metric_name=acc val_metric=0.5404
Step 2550 | loss 0.0485 | val_acc=0.5463 val_loss=3.6907 val_f1_macro=0.4904 val_f1_weighted=0.5453 val_prec_macro=0.4961 val_rec_macro=0.4857 val_metric_name=acc val_metric=0.5463
Step 2600 | loss 0.0453 | val_acc=0.5443 val_loss=3.7220 val_f1_macro=0.4893 val_f1_weighted=0.5435 val_prec_macro=0.4931 val_rec_macro=0.4860 val_metric_name=acc val_metric=0.5443
Step 2650 | loss 0.0452 | val_acc=0.5432 val_loss=3.6948 val_f1_macro=0.4874 val_f1_weighted=0.5418 val_prec_macro=0.4956 val_rec_macro=0.4807 val_metric_name=acc val_metric=0.5432
Step 2700 | loss 0.0494 | val_acc=0.5430 val_loss=3.7435 val_f1_macro=0.4879 val_f1_weighted=0.5419 val_prec_macro=0.4936 val_rec_macro=0.4832 val_metric_name=acc val_metric=0.5430
Step 2750 | loss 0.0444 | val_acc=0.5390 val_loss=3.7761 val_f1_macro=0.4861 val_f1_weighted=0.5379 val_prec_macro=0.4923 val_rec_macro=0.4811 val_metric_name=acc val_metric=0.5390
Step 2800 | loss 0.0389 | val_acc=0.5434 val_loss=3.7540 val_f1_macro=0.4889 val_f1_weighted=0.5417 val_prec_macro=0.4998 val_rec_macro=0.4805 val_metric_name=acc val_metric=0.5434
Early stopping at step 2845

--- Final (best ckpt @ step 2520) ---
  train_acc=0.9993 train_loss=0.0019 train_f1_macro=0.9988 train_f1_weighted=0.9993 train_prec_macro=0.9984 train_rec_macro=0.9992 train_metric_name=acc train_metric=0.9993
  val_acc=0.5481 val_loss=3.6778 val_f1_macro=0.4912 val_f1_weighted=0.5465 val_prec_macro=0.4989 val_rec_macro=0.4850 val_metric_name=acc val_metric=0.5481
  test_acc=0.5453 test_loss=3.7087 test_f1_macro=0.4929 test_f1_weighted=0.5440 test_prec_macro=0.4973 test_rec_macro=0.4891 test_metric_name=acc test_metric=0.5453
  test_acc=0.5453

============================================================
Training amazon-ratings GT 4L h=256 lr=1e-05 split=6
============================================================
Training for 5000 steps
Step    1 | loss 1.6658 | val_acc=0.3222 val_loss=1.5733 val_f1_macro=0.1529 val_f1_weighted=0.2312 val_prec_macro=0.1898 val_rec_macro=0.2083 val_metric_name=acc val_metric=0.3222
Step   50 | loss 1.4354 | val_acc=0.3725 val_loss=1.4127 val_f1_macro=0.1250 val_f1_weighted=0.2210 val_prec_macro=0.1739 val_rec_macro=0.2052 val_metric_name=acc val_metric=0.3725
Step  100 | loss 1.4183 | val_acc=0.3745 val_loss=1.3981 val_f1_macro=0.1391 val_f1_weighted=0.2396 val_prec_macro=0.1599 val_rec_macro=0.2091 val_metric_name=acc val_metric=0.3745
Step  150 | loss 1.4105 | val_acc=0.3830 val_loss=1.3885 val_f1_macro=0.1581 val_f1_weighted=0.2648 val_prec_macro=0.1642 val_rec_macro=0.2182 val_metric_name=acc val_metric=0.3830
Step  200 | loss 1.3970 | val_acc=0.3946 val_loss=1.3786 val_f1_macro=0.1760 val_f1_weighted=0.2888 val_prec_macro=0.1664 val_rec_macro=0.2300 val_metric_name=acc val_metric=0.3946
Step  250 | loss 1.3848 | val_acc=0.4000 val_loss=1.3686 val_f1_macro=0.1859 val_f1_weighted=0.3015 val_prec_macro=0.2208 val_rec_macro=0.2372 val_metric_name=acc val_metric=0.4000
Step  300 | loss 1.3741 | val_acc=0.4036 val_loss=1.3592 val_f1_macro=0.1949 val_f1_weighted=0.3123 val_prec_macro=0.2084 val_rec_macro=0.2433 val_metric_name=acc val_metric=0.4036
Step  350 | loss 1.3584 | val_acc=0.4106 val_loss=1.3508 val_f1_macro=0.2084 val_f1_weighted=0.3287 val_prec_macro=0.2292 val_rec_macro=0.2524 val_metric_name=acc val_metric=0.4106
Step  400 | loss 1.3480 | val_acc=0.4127 val_loss=1.3437 val_f1_macro=0.2170 val_f1_weighted=0.3380 val_prec_macro=0.4340 val_rec_macro=0.2572 val_metric_name=acc val_metric=0.4127
Step  450 | loss 1.3356 | val_acc=0.4173 val_loss=1.3398 val_f1_macro=0.2285 val_f1_weighted=0.3499 val_prec_macro=0.4401 val_rec_macro=0.2651 val_metric_name=acc val_metric=0.4173
Step  500 | loss 1.3314 | val_acc=0.4210 val_loss=1.3348 val_f1_macro=0.2376 val_f1_weighted=0.3600 val_prec_macro=0.3651 val_rec_macro=0.2711 val_metric_name=acc val_metric=0.4210
Step  550 | loss 1.3205 | val_acc=0.4308 val_loss=1.3310 val_f1_macro=0.2511 val_f1_weighted=0.3766 val_prec_macro=0.3544 val_rec_macro=0.2807 val_metric_name=acc val_metric=0.4308
Step  600 | loss 1.3054 | val_acc=0.4318 val_loss=1.3291 val_f1_macro=0.2555 val_f1_weighted=0.3809 val_prec_macro=0.2933 val_rec_macro=0.2849 val_metric_name=acc val_metric=0.4318
Step  650 | loss 1.3027 | val_acc=0.4354 val_loss=1.3285 val_f1_macro=0.2651 val_f1_weighted=0.3886 val_prec_macro=0.3240 val_rec_macro=0.2916 val_metric_name=acc val_metric=0.4354
Step  700 | loss 1.2956 | val_acc=0.4318 val_loss=1.3328 val_f1_macro=0.2681 val_f1_weighted=0.3863 val_prec_macro=0.3818 val_rec_macro=0.2930 val_metric_name=acc val_metric=0.4318
Step  750 | loss 1.2768 | val_acc=0.4372 val_loss=1.3247 val_f1_macro=0.2805 val_f1_weighted=0.3973 val_prec_macro=0.4048 val_rec_macro=0.2999 val_metric_name=acc val_metric=0.4372
Step  800 | loss 1.2673 | val_acc=0.4354 val_loss=1.3301 val_f1_macro=0.2853 val_f1_weighted=0.3949 val_prec_macro=0.4352 val_rec_macro=0.3026 val_metric_name=acc val_metric=0.4354
Step  850 | loss 1.2639 | val_acc=0.4415 val_loss=1.3310 val_f1_macro=0.2971 val_f1_weighted=0.4031 val_prec_macro=0.4479 val_rec_macro=0.3113 val_metric_name=acc val_metric=0.4415
Step  900 | loss 1.2469 | val_acc=0.4470 val_loss=1.3347 val_f1_macro=0.3055 val_f1_weighted=0.4086 val_prec_macro=0.4606 val_rec_macro=0.3187 val_metric_name=acc val_metric=0.4470
Step  950 | loss 1.2407 | val_acc=0.4480 val_loss=1.3275 val_f1_macro=0.3095 val_f1_weighted=0.4129 val_prec_macro=0.4401 val_rec_macro=0.3195 val_metric_name=acc val_metric=0.4480
Step 1000 | loss 1.2294 | val_acc=0.4514 val_loss=1.3245 val_f1_macro=0.3155 val_f1_weighted=0.4178 val_prec_macro=0.4382 val_rec_macro=0.3239 val_metric_name=acc val_metric=0.4514
Step 1050 | loss 1.2195 | val_acc=0.4534 val_loss=1.3236 val_f1_macro=0.3205 val_f1_weighted=0.4211 val_prec_macro=0.4360 val_rec_macro=0.3276 val_metric_name=acc val_metric=0.4534
Step 1100 | loss 1.2075 | val_acc=0.4526 val_loss=1.3273 val_f1_macro=0.3215 val_f1_weighted=0.4197 val_prec_macro=0.4299 val_rec_macro=0.3295 val_metric_name=acc val_metric=0.4526
Step 1150 | loss 1.1945 | val_acc=0.4544 val_loss=1.3266 val_f1_macro=0.3286 val_f1_weighted=0.4230 val_prec_macro=0.4368 val_rec_macro=0.3330 val_metric_name=acc val_metric=0.4544
Step 1200 | loss 1.1926 | val_acc=0.4586 val_loss=1.3221 val_f1_macro=0.3351 val_f1_weighted=0.4292 val_prec_macro=0.4447 val_rec_macro=0.3377 val_metric_name=acc val_metric=0.4586
Step 1250 | loss 1.1786 | val_acc=0.4610 val_loss=1.3203 val_f1_macro=0.3450 val_f1_weighted=0.4339 val_prec_macro=0.4488 val_rec_macro=0.3446 val_metric_name=acc val_metric=0.4610
Step 1300 | loss 1.1680 | val_acc=0.4642 val_loss=1.3236 val_f1_macro=0.3449 val_f1_weighted=0.4359 val_prec_macro=0.4447 val_rec_macro=0.3448 val_metric_name=acc val_metric=0.4642
Step 1350 | loss 1.1551 | val_acc=0.4637 val_loss=1.3263 val_f1_macro=0.3475 val_f1_weighted=0.4364 val_prec_macro=0.4468 val_rec_macro=0.3473 val_metric_name=acc val_metric=0.4637
Step 1400 | loss 1.1492 | val_acc=0.4697 val_loss=1.3208 val_f1_macro=0.3573 val_f1_weighted=0.4438 val_prec_macro=0.4502 val_rec_macro=0.3536 val_metric_name=acc val_metric=0.4697
Step 1450 | loss 1.1460 | val_acc=0.4681 val_loss=1.3247 val_f1_macro=0.3603 val_f1_weighted=0.4429 val_prec_macro=0.4506 val_rec_macro=0.3571 val_metric_name=acc val_metric=0.4681
Step 1500 | loss 1.1287 | val_acc=0.4718 val_loss=1.3215 val_f1_macro=0.3679 val_f1_weighted=0.4488 val_prec_macro=0.4516 val_rec_macro=0.3620 val_metric_name=acc val_metric=0.4718
Step 1550 | loss 1.1152 | val_acc=0.4740 val_loss=1.3250 val_f1_macro=0.3702 val_f1_weighted=0.4508 val_prec_macro=0.4551 val_rec_macro=0.3638 val_metric_name=acc val_metric=0.4740
Step 1600 | loss 1.1154 | val_acc=0.4751 val_loss=1.3227 val_f1_macro=0.3753 val_f1_weighted=0.4535 val_prec_macro=0.4532 val_rec_macro=0.3678 val_metric_name=acc val_metric=0.4751
Step 1650 | loss 1.1017 | val_acc=0.4756 val_loss=1.3242 val_f1_macro=0.3757 val_f1_weighted=0.4545 val_prec_macro=0.4481 val_rec_macro=0.3684 val_metric_name=acc val_metric=0.4756
Step 1700 | loss 1.0895 | val_acc=0.4772 val_loss=1.3312 val_f1_macro=0.3794 val_f1_weighted=0.4553 val_prec_macro=0.4575 val_rec_macro=0.3714 val_metric_name=acc val_metric=0.4772
Step 1750 | loss 1.0819 | val_acc=0.4769 val_loss=1.3303 val_f1_macro=0.3804 val_f1_weighted=0.4572 val_prec_macro=0.4500 val_rec_macro=0.3717 val_metric_name=acc val_metric=0.4769
Step 1800 | loss 1.0694 | val_acc=0.4756 val_loss=1.3296 val_f1_macro=0.3829 val_f1_weighted=0.4574 val_prec_macro=0.4440 val_rec_macro=0.3739 val_metric_name=acc val_metric=0.4756
Step 1850 | loss 1.0629 | val_acc=0.4797 val_loss=1.3304 val_f1_macro=0.3866 val_f1_weighted=0.4612 val_prec_macro=0.4511 val_rec_macro=0.3769 val_metric_name=acc val_metric=0.4797
Step 1900 | loss 1.0519 | val_acc=0.4790 val_loss=1.3371 val_f1_macro=0.3867 val_f1_weighted=0.4608 val_prec_macro=0.4466 val_rec_macro=0.3773 val_metric_name=acc val_metric=0.4790
Step 1950 | loss 1.0415 | val_acc=0.4811 val_loss=1.3376 val_f1_macro=0.3933 val_f1_weighted=0.4641 val_prec_macro=0.4518 val_rec_macro=0.3828 val_metric_name=acc val_metric=0.4811
Step 2000 | loss 1.0302 | val_acc=0.4820 val_loss=1.3414 val_f1_macro=0.3967 val_f1_weighted=0.4667 val_prec_macro=0.4493 val_rec_macro=0.3859 val_metric_name=acc val_metric=0.4820
Step 2050 | loss 1.0264 | val_acc=0.4852 val_loss=1.3458 val_f1_macro=0.3996 val_f1_weighted=0.4701 val_prec_macro=0.4542 val_rec_macro=0.3886 val_metric_name=acc val_metric=0.4852
Step 2100 | loss 1.0189 | val_acc=0.4865 val_loss=1.3462 val_f1_macro=0.4065 val_f1_weighted=0.4732 val_prec_macro=0.4590 val_rec_macro=0.3943 val_metric_name=acc val_metric=0.4865
Step 2150 | loss 1.0040 | val_acc=0.4898 val_loss=1.3511 val_f1_macro=0.4122 val_f1_weighted=0.4768 val_prec_macro=0.4559 val_rec_macro=0.4007 val_metric_name=acc val_metric=0.4898
Step 2200 | loss 0.9974 | val_acc=0.4891 val_loss=1.3538 val_f1_macro=0.4129 val_f1_weighted=0.4764 val_prec_macro=0.4630 val_rec_macro=0.3998 val_metric_name=acc val_metric=0.4891
Step 2250 | loss 0.9894 | val_acc=0.4916 val_loss=1.3597 val_f1_macro=0.4153 val_f1_weighted=0.4782 val_prec_macro=0.4667 val_rec_macro=0.4028 val_metric_name=acc val_metric=0.4916
Step 2300 | loss 0.9820 | val_acc=0.4918 val_loss=1.3641 val_f1_macro=0.4166 val_f1_weighted=0.4793 val_prec_macro=0.4653 val_rec_macro=0.4027 val_metric_name=acc val_metric=0.4918
Step 2350 | loss 0.9764 | val_acc=0.4934 val_loss=1.3703 val_f1_macro=0.4181 val_f1_weighted=0.4807 val_prec_macro=0.4685 val_rec_macro=0.4047 val_metric_name=acc val_metric=0.4934
Step 2400 | loss 0.9649 | val_acc=0.4952 val_loss=1.3722 val_f1_macro=0.4199 val_f1_weighted=0.4836 val_prec_macro=0.4666 val_rec_macro=0.4064 val_metric_name=acc val_metric=0.4952
Step 2450 | loss 0.9566 | val_acc=0.4935 val_loss=1.3750 val_f1_macro=0.4204 val_f1_weighted=0.4831 val_prec_macro=0.4607 val_rec_macro=0.4070 val_metric_name=acc val_metric=0.4935
Step 2500 | loss 0.9460 | val_acc=0.4973 val_loss=1.3788 val_f1_macro=0.4233 val_f1_weighted=0.4865 val_prec_macro=0.4653 val_rec_macro=0.4103 val_metric_name=acc val_metric=0.4973
Step 2550 | loss 0.9372 | val_acc=0.4980 val_loss=1.3852 val_f1_macro=0.4233 val_f1_weighted=0.4872 val_prec_macro=0.4659 val_rec_macro=0.4096 val_metric_name=acc val_metric=0.4980
Step 2600 | loss 0.9340 | val_acc=0.5016 val_loss=1.3911 val_f1_macro=0.4274 val_f1_weighted=0.4908 val_prec_macro=0.4704 val_rec_macro=0.4144 val_metric_name=acc val_metric=0.5016
Step 2650 | loss 0.9215 | val_acc=0.5022 val_loss=1.3971 val_f1_macro=0.4282 val_f1_weighted=0.4907 val_prec_macro=0.4735 val_rec_macro=0.4146 val_metric_name=acc val_metric=0.5022
Step 2700 | loss 0.9169 | val_acc=0.5025 val_loss=1.4001 val_f1_macro=0.4314 val_f1_weighted=0.4927 val_prec_macro=0.4729 val_rec_macro=0.4171 val_metric_name=acc val_metric=0.5025
Step 2750 | loss 0.9016 | val_acc=0.5020 val_loss=1.4078 val_f1_macro=0.4330 val_f1_weighted=0.4923 val_prec_macro=0.4718 val_rec_macro=0.4192 val_metric_name=acc val_metric=0.5020
Step 2800 | loss 0.8939 | val_acc=0.5029 val_loss=1.4129 val_f1_macro=0.4348 val_f1_weighted=0.4938 val_prec_macro=0.4707 val_rec_macro=0.4217 val_metric_name=acc val_metric=0.5029
Step 2850 | loss 0.8840 | val_acc=0.5043 val_loss=1.4197 val_f1_macro=0.4372 val_f1_weighted=0.4952 val_prec_macro=0.4757 val_rec_macro=0.4231 val_metric_name=acc val_metric=0.5043
Step 2900 | loss 0.8837 | val_acc=0.5019 val_loss=1.4211 val_f1_macro=0.4363 val_f1_weighted=0.4942 val_prec_macro=0.4670 val_rec_macro=0.4234 val_metric_name=acc val_metric=0.5019
Step 2950 | loss 0.8640 | val_acc=0.5042 val_loss=1.4299 val_f1_macro=0.4387 val_f1_weighted=0.4957 val_prec_macro=0.4761 val_rec_macro=0.4248 val_metric_name=acc val_metric=0.5042
Step 3000 | loss 0.8597 | val_acc=0.5050 val_loss=1.4330 val_f1_macro=0.4391 val_f1_weighted=0.4967 val_prec_macro=0.4736 val_rec_macro=0.4257 val_metric_name=acc val_metric=0.5050
Step 3050 | loss 0.8513 | val_acc=0.5045 val_loss=1.4408 val_f1_macro=0.4398 val_f1_weighted=0.4968 val_prec_macro=0.4711 val_rec_macro=0.4271 val_metric_name=acc val_metric=0.5045
Step 3100 | loss 0.8345 | val_acc=0.5074 val_loss=1.4505 val_f1_macro=0.4410 val_f1_weighted=0.4993 val_prec_macro=0.4731 val_rec_macro=0.4284 val_metric_name=acc val_metric=0.5074
Step 3150 | loss 0.8363 | val_acc=0.5082 val_loss=1.4557 val_f1_macro=0.4417 val_f1_weighted=0.4997 val_prec_macro=0.4784 val_rec_macro=0.4280 val_metric_name=acc val_metric=0.5082
Step 3200 | loss 0.8322 | val_acc=0.5073 val_loss=1.4636 val_f1_macro=0.4443 val_f1_weighted=0.4995 val_prec_macro=0.4773 val_rec_macro=0.4316 val_metric_name=acc val_metric=0.5073
Step 3250 | loss 0.8174 | val_acc=0.5079 val_loss=1.4641 val_f1_macro=0.4456 val_f1_weighted=0.5008 val_prec_macro=0.4785 val_rec_macro=0.4316 val_metric_name=acc val_metric=0.5079
Step 3300 | loss 0.8126 | val_acc=0.5091 val_loss=1.4794 val_f1_macro=0.4474 val_f1_weighted=0.5025 val_prec_macro=0.4757 val_rec_macro=0.4349 val_metric_name=acc val_metric=0.5091
Step 3350 | loss 0.8005 | val_acc=0.5069 val_loss=1.4848 val_f1_macro=0.4452 val_f1_weighted=0.4999 val_prec_macro=0.4758 val_rec_macro=0.4323 val_metric_name=acc val_metric=0.5069
Step 3400 | loss 0.7899 | val_acc=0.5094 val_loss=1.4935 val_f1_macro=0.4469 val_f1_weighted=0.5024 val_prec_macro=0.4763 val_rec_macro=0.4340 val_metric_name=acc val_metric=0.5094
Step 3450 | loss 0.7860 | val_acc=0.5096 val_loss=1.4991 val_f1_macro=0.4476 val_f1_weighted=0.5026 val_prec_macro=0.4756 val_rec_macro=0.4355 val_metric_name=acc val_metric=0.5096
Step 3500 | loss 0.7838 | val_acc=0.5086 val_loss=1.5084 val_f1_macro=0.4480 val_f1_weighted=0.5029 val_prec_macro=0.4706 val_rec_macro=0.4375 val_metric_name=acc val_metric=0.5086
Step 3550 | loss 0.7733 | val_acc=0.5130 val_loss=1.5141 val_f1_macro=0.4516 val_f1_weighted=0.5068 val_prec_macro=0.4770 val_rec_macro=0.4400 val_metric_name=acc val_metric=0.5130
Step 3600 | loss 0.7623 | val_acc=0.5120 val_loss=1.5219 val_f1_macro=0.4505 val_f1_weighted=0.5059 val_prec_macro=0.4751 val_rec_macro=0.4387 val_metric_name=acc val_metric=0.5120
Step 3650 | loss 0.7479 | val_acc=0.5123 val_loss=1.5275 val_f1_macro=0.4518 val_f1_weighted=0.5071 val_prec_macro=0.4742 val_rec_macro=0.4410 val_metric_name=acc val_metric=0.5123
Step 3700 | loss 0.7504 | val_acc=0.5131 val_loss=1.5370 val_f1_macro=0.4527 val_f1_weighted=0.5077 val_prec_macro=0.4779 val_rec_macro=0.4404 val_metric_name=acc val_metric=0.5131
Step 3750 | loss 0.7361 | val_acc=0.5145 val_loss=1.5476 val_f1_macro=0.4538 val_f1_weighted=0.5090 val_prec_macro=0.4768 val_rec_macro=0.4428 val_metric_name=acc val_metric=0.5145
Step 3800 | loss 0.7286 | val_acc=0.5158 val_loss=1.5580 val_f1_macro=0.4552 val_f1_weighted=0.5105 val_prec_macro=0.4770 val_rec_macro=0.4445 val_metric_name=acc val_metric=0.5158
Step 3850 | loss 0.7276 | val_acc=0.5161 val_loss=1.5651 val_f1_macro=0.4542 val_f1_weighted=0.5110 val_prec_macro=0.4742 val_rec_macro=0.4439 val_metric_name=acc val_metric=0.5161
Step 3900 | loss 0.7167 | val_acc=0.5187 val_loss=1.5694 val_f1_macro=0.4573 val_f1_weighted=0.5140 val_prec_macro=0.4770 val_rec_macro=0.4470 val_metric_name=acc val_metric=0.5187
Step 3950 | loss 0.7110 | val_acc=0.5177 val_loss=1.5843 val_f1_macro=0.4579 val_f1_weighted=0.5132 val_prec_macro=0.4767 val_rec_macro=0.4481 val_metric_name=acc val_metric=0.5177
Step 4000 | loss 0.7049 | val_acc=0.5194 val_loss=1.5870 val_f1_macro=0.4583 val_f1_weighted=0.5149 val_prec_macro=0.4770 val_rec_macro=0.4485 val_metric_name=acc val_metric=0.5194
Step 4050 | loss 0.6889 | val_acc=0.5203 val_loss=1.5949 val_f1_macro=0.4590 val_f1_weighted=0.5159 val_prec_macro=0.4779 val_rec_macro=0.4492 val_metric_name=acc val_metric=0.5203
Step 4100 | loss 0.6850 | val_acc=0.5184 val_loss=1.6084 val_f1_macro=0.4565 val_f1_weighted=0.5139 val_prec_macro=0.4731 val_rec_macro=0.4476 val_metric_name=acc val_metric=0.5184
Step 4150 | loss 0.6717 | val_acc=0.5207 val_loss=1.6111 val_f1_macro=0.4601 val_f1_weighted=0.5163 val_prec_macro=0.4795 val_rec_macro=0.4499 val_metric_name=acc val_metric=0.5207
Step 4200 | loss 0.6676 | val_acc=0.5211 val_loss=1.6226 val_f1_macro=0.4594 val_f1_weighted=0.5167 val_prec_macro=0.4768 val_rec_macro=0.4501 val_metric_name=acc val_metric=0.5211
Step 4250 | loss 0.6577 | val_acc=0.5211 val_loss=1.6378 val_f1_macro=0.4593 val_f1_weighted=0.5171 val_prec_macro=0.4746 val_rec_macro=0.4508 val_metric_name=acc val_metric=0.5211
Step 4300 | loss 0.6550 | val_acc=0.5195 val_loss=1.6422 val_f1_macro=0.4599 val_f1_weighted=0.5155 val_prec_macro=0.4754 val_rec_macro=0.4511 val_metric_name=acc val_metric=0.5195
Step 4350 | loss 0.6440 | val_acc=0.5211 val_loss=1.6522 val_f1_macro=0.4616 val_f1_weighted=0.5173 val_prec_macro=0.4773 val_rec_macro=0.4532 val_metric_name=acc val_metric=0.5211
Step 4400 | loss 0.6343 | val_acc=0.5234 val_loss=1.6655 val_f1_macro=0.4662 val_f1_weighted=0.5197 val_prec_macro=0.4813 val_rec_macro=0.4581 val_metric_name=acc val_metric=0.5234
Step 4450 | loss 0.6397 | val_acc=0.5226 val_loss=1.6717 val_f1_macro=0.4642 val_f1_weighted=0.5192 val_prec_macro=0.4768 val_rec_macro=0.4569 val_metric_name=acc val_metric=0.5226
Step 4500 | loss 0.6278 | val_acc=0.5229 val_loss=1.6875 val_f1_macro=0.4630 val_f1_weighted=0.5192 val_prec_macro=0.4762 val_rec_macro=0.4564 val_metric_name=acc val_metric=0.5229
Step 4550 | loss 0.6230 | val_acc=0.5256 val_loss=1.6921 val_f1_macro=0.4676 val_f1_weighted=0.5226 val_prec_macro=0.4789 val_rec_macro=0.4604 val_metric_name=acc val_metric=0.5256
Step 4600 | loss 0.6185 | val_acc=0.5244 val_loss=1.7050 val_f1_macro=0.4651 val_f1_weighted=0.5209 val_prec_macro=0.4787 val_rec_macro=0.4573 val_metric_name=acc val_metric=0.5244
Step 4650 | loss 0.5979 | val_acc=0.5257 val_loss=1.7122 val_f1_macro=0.4671 val_f1_weighted=0.5222 val_prec_macro=0.4811 val_rec_macro=0.4593 val_metric_name=acc val_metric=0.5257
Step 4700 | loss 0.5933 | val_acc=0.5236 val_loss=1.7244 val_f1_macro=0.4650 val_f1_weighted=0.5205 val_prec_macro=0.4766 val_rec_macro=0.4584 val_metric_name=acc val_metric=0.5236
Step 4750 | loss 0.5870 | val_acc=0.5229 val_loss=1.7332 val_f1_macro=0.4653 val_f1_weighted=0.5202 val_prec_macro=0.4751 val_rec_macro=0.4596 val_metric_name=acc val_metric=0.5229
Step 4800 | loss 0.5798 | val_acc=0.5247 val_loss=1.7491 val_f1_macro=0.4678 val_f1_weighted=0.5222 val_prec_macro=0.4767 val_rec_macro=0.4626 val_metric_name=acc val_metric=0.5247
Step 4850 | loss 0.5721 | val_acc=0.5241 val_loss=1.7484 val_f1_macro=0.4673 val_f1_weighted=0.5214 val_prec_macro=0.4776 val_rec_macro=0.4607 val_metric_name=acc val_metric=0.5241
Step 4900 | loss 0.5693 | val_acc=0.5233 val_loss=1.7671 val_f1_macro=0.4659 val_f1_weighted=0.5207 val_prec_macro=0.4758 val_rec_macro=0.4597 val_metric_name=acc val_metric=0.5233
Step 4950 | loss 0.5597 | val_acc=0.5259 val_loss=1.7763 val_f1_macro=0.4699 val_f1_weighted=0.5231 val_prec_macro=0.4810 val_rec_macro=0.4631 val_metric_name=acc val_metric=0.5259
Step 5000 | loss 0.5571 | val_acc=0.5260 val_loss=1.7889 val_f1_macro=0.4700 val_f1_weighted=0.5234 val_prec_macro=0.4816 val_rec_macro=0.4624 val_metric_name=acc val_metric=0.5260

--- Final (best ckpt @ step 4920) ---
  train_acc=0.8938 train_loss=0.2839 train_f1_macro=0.8871 train_f1_weighted=0.8940 train_prec_macro=0.8947 train_rec_macro=0.8817 train_metric_name=acc train_metric=0.8938
  val_acc=0.5262 val_loss=1.7716 val_f1_macro=0.4688 val_f1_weighted=0.5233 val_prec_macro=0.4804 val_rec_macro=0.4626 val_metric_name=acc val_metric=0.5262
  test_acc=0.5331 test_loss=1.8184 test_f1_macro=0.4770 test_f1_weighted=0.5293 test_prec_macro=0.4882 test_rec_macro=0.4701 test_metric_name=acc test_metric=0.5331
  test_acc=0.5331

============================================================
Training amazon-ratings GT 4L h=384 lr=3e-05 split=6
============================================================
Training for 5000 steps
Step    1 | loss 1.6307 | val_acc=0.3667 val_loss=1.4502 val_f1_macro=0.1091 val_f1_weighted=0.1997 val_prec_macro=0.1492 val_rec_macro=0.1996 val_metric_name=acc val_metric=0.3667
Step   50 | loss 1.4038 | val_acc=0.3845 val_loss=1.3831 val_f1_macro=0.1656 val_f1_weighted=0.2745 val_prec_macro=0.1608 val_rec_macro=0.2217 val_metric_name=acc val_metric=0.3845
Step  100 | loss 1.3542 | val_acc=0.4121 val_loss=1.3531 val_f1_macro=0.2095 val_f1_weighted=0.3301 val_prec_macro=0.2361 val_rec_macro=0.2535 val_metric_name=acc val_metric=0.4121
Step  150 | loss 1.3216 | val_acc=0.4245 val_loss=1.3373 val_f1_macro=0.2361 val_f1_weighted=0.3607 val_prec_macro=0.2969 val_rec_macro=0.2704 val_metric_name=acc val_metric=0.4245
Step  200 | loss 1.2870 | val_acc=0.4336 val_loss=1.3283 val_f1_macro=0.2721 val_f1_weighted=0.3920 val_prec_macro=0.3608 val_rec_macro=0.2934 val_metric_name=acc val_metric=0.4336
Step  250 | loss 1.2467 | val_acc=0.4483 val_loss=1.3300 val_f1_macro=0.2931 val_f1_weighted=0.4114 val_prec_macro=0.3830 val_rec_macro=0.3076 val_metric_name=acc val_metric=0.4483
Step  300 | loss 1.2114 | val_acc=0.4481 val_loss=1.3426 val_f1_macro=0.3192 val_f1_weighted=0.4136 val_prec_macro=0.4188 val_rec_macro=0.3250 val_metric_name=acc val_metric=0.4481
Step  350 | loss 1.1706 | val_acc=0.4588 val_loss=1.3344 val_f1_macro=0.3360 val_f1_weighted=0.4308 val_prec_macro=0.4106 val_rec_macro=0.3380 val_metric_name=acc val_metric=0.4588
Step  400 | loss 1.1391 | val_acc=0.4677 val_loss=1.3492 val_f1_macro=0.3547 val_f1_weighted=0.4409 val_prec_macro=0.4312 val_rec_macro=0.3533 val_metric_name=acc val_metric=0.4677
Step  450 | loss 1.1029 | val_acc=0.4735 val_loss=1.3388 val_f1_macro=0.3723 val_f1_weighted=0.4515 val_prec_macro=0.4351 val_rec_macro=0.3655 val_metric_name=acc val_metric=0.4735
Step  500 | loss 1.0760 | val_acc=0.4793 val_loss=1.3400 val_f1_macro=0.3889 val_f1_weighted=0.4621 val_prec_macro=0.4454 val_rec_macro=0.3774 val_metric_name=acc val_metric=0.4793
Step  550 | loss 1.0445 | val_acc=0.4806 val_loss=1.3533 val_f1_macro=0.4006 val_f1_weighted=0.4672 val_prec_macro=0.4444 val_rec_macro=0.3889 val_metric_name=acc val_metric=0.4806
Step  600 | loss 1.0059 | val_acc=0.4829 val_loss=1.3737 val_f1_macro=0.4057 val_f1_weighted=0.4703 val_prec_macro=0.4482 val_rec_macro=0.3952 val_metric_name=acc val_metric=0.4829
Step  650 | loss 0.9731 | val_acc=0.4921 val_loss=1.3999 val_f1_macro=0.4152 val_f1_weighted=0.4791 val_prec_macro=0.4573 val_rec_macro=0.4045 val_metric_name=acc val_metric=0.4921
Step  700 | loss 0.9266 | val_acc=0.4986 val_loss=1.4096 val_f1_macro=0.4235 val_f1_weighted=0.4882 val_prec_macro=0.4578 val_rec_macro=0.4119 val_metric_name=acc val_metric=0.4986
Step  750 | loss 0.8883 | val_acc=0.5002 val_loss=1.4466 val_f1_macro=0.4286 val_f1_weighted=0.4918 val_prec_macro=0.4562 val_rec_macro=0.4170 val_metric_name=acc val_metric=0.5002
Step  800 | loss 0.8505 | val_acc=0.4989 val_loss=1.4776 val_f1_macro=0.4301 val_f1_weighted=0.4910 val_prec_macro=0.4545 val_rec_macro=0.4201 val_metric_name=acc val_metric=0.4989
Step  850 | loss 0.8129 | val_acc=0.5029 val_loss=1.5108 val_f1_macro=0.4321 val_f1_weighted=0.4957 val_prec_macro=0.4514 val_rec_macro=0.4227 val_metric_name=acc val_metric=0.5029
Step  900 | loss 0.7756 | val_acc=0.5065 val_loss=1.5514 val_f1_macro=0.4388 val_f1_weighted=0.4997 val_prec_macro=0.4582 val_rec_macro=0.4302 val_metric_name=acc val_metric=0.5065
Step  950 | loss 0.7229 | val_acc=0.5089 val_loss=1.6004 val_f1_macro=0.4451 val_f1_weighted=0.5040 val_prec_macro=0.4587 val_rec_macro=0.4386 val_metric_name=acc val_metric=0.5089
Step 1000 | loss 0.6840 | val_acc=0.5148 val_loss=1.6573 val_f1_macro=0.4537 val_f1_weighted=0.5101 val_prec_macro=0.4701 val_rec_macro=0.4448 val_metric_name=acc val_metric=0.5148
Step 1050 | loss 0.6412 | val_acc=0.5135 val_loss=1.7086 val_f1_macro=0.4542 val_f1_weighted=0.5099 val_prec_macro=0.4649 val_rec_macro=0.4485 val_metric_name=acc val_metric=0.5135
Step 1100 | loss 0.6076 | val_acc=0.5189 val_loss=1.7545 val_f1_macro=0.4569 val_f1_weighted=0.5149 val_prec_macro=0.4680 val_rec_macro=0.4501 val_metric_name=acc val_metric=0.5189
Step 1150 | loss 0.5723 | val_acc=0.5195 val_loss=1.8126 val_f1_macro=0.4599 val_f1_weighted=0.5166 val_prec_macro=0.4676 val_rec_macro=0.4552 val_metric_name=acc val_metric=0.5195
Step 1200 | loss 0.5349 | val_acc=0.5231 val_loss=1.8761 val_f1_macro=0.4631 val_f1_weighted=0.5210 val_prec_macro=0.4692 val_rec_macro=0.4596 val_metric_name=acc val_metric=0.5231
Step 1250 | loss 0.5100 | val_acc=0.5293 val_loss=1.9327 val_f1_macro=0.4674 val_f1_weighted=0.5259 val_prec_macro=0.4778 val_rec_macro=0.4608 val_metric_name=acc val_metric=0.5293
Step 1300 | loss 0.4841 | val_acc=0.5306 val_loss=1.9828 val_f1_macro=0.4738 val_f1_weighted=0.5285 val_prec_macro=0.4810 val_rec_macro=0.4688 val_metric_name=acc val_metric=0.5306
Step 1350 | loss 0.4472 | val_acc=0.5313 val_loss=2.0561 val_f1_macro=0.4751 val_f1_weighted=0.5294 val_prec_macro=0.4788 val_rec_macro=0.4731 val_metric_name=acc val_metric=0.5313
Step 1400 | loss 0.4185 | val_acc=0.5313 val_loss=2.1138 val_f1_macro=0.4726 val_f1_weighted=0.5300 val_prec_macro=0.4762 val_rec_macro=0.4695 val_metric_name=acc val_metric=0.5313
Step 1450 | loss 0.3922 | val_acc=0.5358 val_loss=2.1714 val_f1_macro=0.4795 val_f1_weighted=0.5343 val_prec_macro=0.4848 val_rec_macro=0.4754 val_metric_name=acc val_metric=0.5358
Step 1500 | loss 0.3766 | val_acc=0.5372 val_loss=2.2231 val_f1_macro=0.4793 val_f1_weighted=0.5354 val_prec_macro=0.4851 val_rec_macro=0.4748 val_metric_name=acc val_metric=0.5372
Step 1550 | loss 0.3518 | val_acc=0.5344 val_loss=2.2919 val_f1_macro=0.4770 val_f1_weighted=0.5332 val_prec_macro=0.4798 val_rec_macro=0.4747 val_metric_name=acc val_metric=0.5344
Step 1600 | loss 0.3252 | val_acc=0.5355 val_loss=2.3617 val_f1_macro=0.4784 val_f1_weighted=0.5348 val_prec_macro=0.4797 val_rec_macro=0.4780 val_metric_name=acc val_metric=0.5355
Step 1650 | loss 0.3132 | val_acc=0.5355 val_loss=2.4175 val_f1_macro=0.4763 val_f1_weighted=0.5337 val_prec_macro=0.4807 val_rec_macro=0.4732 val_metric_name=acc val_metric=0.5355
Step 1700 | loss 0.2914 | val_acc=0.5308 val_loss=2.4827 val_f1_macro=0.4721 val_f1_weighted=0.5301 val_prec_macro=0.4735 val_rec_macro=0.4712 val_metric_name=acc val_metric=0.5308
Step 1750 | loss 0.2642 | val_acc=0.5354 val_loss=2.5242 val_f1_macro=0.4772 val_f1_weighted=0.5340 val_prec_macro=0.4804 val_rec_macro=0.4753 val_metric_name=acc val_metric=0.5354
Step 1800 | loss 0.2669 | val_acc=0.5349 val_loss=2.5698 val_f1_macro=0.4757 val_f1_weighted=0.5337 val_prec_macro=0.4786 val_rec_macro=0.4734 val_metric_name=acc val_metric=0.5349
Step 1850 | loss 0.2441 | val_acc=0.5373 val_loss=2.6221 val_f1_macro=0.4782 val_f1_weighted=0.5361 val_prec_macro=0.4821 val_rec_macro=0.4749 val_metric_name=acc val_metric=0.5373
Step 1900 | loss 0.2311 | val_acc=0.5386 val_loss=2.6814 val_f1_macro=0.4802 val_f1_weighted=0.5374 val_prec_macro=0.4831 val_rec_macro=0.4778 val_metric_name=acc val_metric=0.5386
Step 1950 | loss 0.2149 | val_acc=0.5337 val_loss=2.7321 val_f1_macro=0.4765 val_f1_weighted=0.5332 val_prec_macro=0.4778 val_rec_macro=0.4757 val_metric_name=acc val_metric=0.5337
Step 2000 | loss 0.2078 | val_acc=0.5360 val_loss=2.7824 val_f1_macro=0.4772 val_f1_weighted=0.5348 val_prec_macro=0.4810 val_rec_macro=0.4741 val_metric_name=acc val_metric=0.5360
Step 2050 | loss 0.1895 | val_acc=0.5337 val_loss=2.8279 val_f1_macro=0.4766 val_f1_weighted=0.5326 val_prec_macro=0.4804 val_rec_macro=0.4738 val_metric_name=acc val_metric=0.5337
Step 2100 | loss 0.1778 | val_acc=0.5352 val_loss=2.8832 val_f1_macro=0.4760 val_f1_weighted=0.5342 val_prec_macro=0.4783 val_rec_macro=0.4745 val_metric_name=acc val_metric=0.5352
Step 2150 | loss 0.1734 | val_acc=0.5365 val_loss=2.9353 val_f1_macro=0.4779 val_f1_weighted=0.5353 val_prec_macro=0.4810 val_rec_macro=0.4758 val_metric_name=acc val_metric=0.5365
Step 2200 | loss 0.1632 | val_acc=0.5358 val_loss=2.9776 val_f1_macro=0.4773 val_f1_weighted=0.5349 val_prec_macro=0.4795 val_rec_macro=0.4757 val_metric_name=acc val_metric=0.5358
Step 2250 | loss 0.1612 | val_acc=0.5349 val_loss=3.0207 val_f1_macro=0.4757 val_f1_weighted=0.5337 val_prec_macro=0.4790 val_rec_macro=0.4736 val_metric_name=acc val_metric=0.5349
Step 2300 | loss 0.1489 | val_acc=0.5388 val_loss=3.0306 val_f1_macro=0.4801 val_f1_weighted=0.5374 val_prec_macro=0.4843 val_rec_macro=0.4770 val_metric_name=acc val_metric=0.5388
Step 2350 | loss 0.1448 | val_acc=0.5350 val_loss=3.0682 val_f1_macro=0.4762 val_f1_weighted=0.5341 val_prec_macro=0.4792 val_rec_macro=0.4739 val_metric_name=acc val_metric=0.5350
Step 2400 | loss 0.1281 | val_acc=0.5362 val_loss=3.1362 val_f1_macro=0.4764 val_f1_weighted=0.5352 val_prec_macro=0.4791 val_rec_macro=0.4741 val_metric_name=acc val_metric=0.5362
Step 2450 | loss 0.1364 | val_acc=0.5385 val_loss=3.1606 val_f1_macro=0.4795 val_f1_weighted=0.5372 val_prec_macro=0.4838 val_rec_macro=0.4763 val_metric_name=acc val_metric=0.5385
Step 2500 | loss 0.1329 | val_acc=0.5378 val_loss=3.1804 val_f1_macro=0.4803 val_f1_weighted=0.5366 val_prec_macro=0.4842 val_rec_macro=0.4775 val_metric_name=acc val_metric=0.5378
Step 2550 | loss 0.1189 | val_acc=0.5404 val_loss=3.2306 val_f1_macro=0.4808 val_f1_weighted=0.5392 val_prec_macro=0.4849 val_rec_macro=0.4776 val_metric_name=acc val_metric=0.5404
Step 2600 | loss 0.1136 | val_acc=0.5396 val_loss=3.2658 val_f1_macro=0.4799 val_f1_weighted=0.5388 val_prec_macro=0.4823 val_rec_macro=0.4781 val_metric_name=acc val_metric=0.5396
Step 2650 | loss 0.1063 | val_acc=0.5381 val_loss=3.2840 val_f1_macro=0.4798 val_f1_weighted=0.5371 val_prec_macro=0.4830 val_rec_macro=0.4772 val_metric_name=acc val_metric=0.5381
Step 2700 | loss 0.1045 | val_acc=0.5406 val_loss=3.3266 val_f1_macro=0.4822 val_f1_weighted=0.5390 val_prec_macro=0.4886 val_rec_macro=0.4776 val_metric_name=acc val_metric=0.5406
Step 2750 | loss 0.1005 | val_acc=0.5383 val_loss=3.3506 val_f1_macro=0.4789 val_f1_weighted=0.5375 val_prec_macro=0.4808 val_rec_macro=0.4777 val_metric_name=acc val_metric=0.5383
Step 2800 | loss 0.0893 | val_acc=0.5409 val_loss=3.3785 val_f1_macro=0.4816 val_f1_weighted=0.5399 val_prec_macro=0.4852 val_rec_macro=0.4787 val_metric_name=acc val_metric=0.5409
Step 2850 | loss 0.0944 | val_acc=0.5396 val_loss=3.3995 val_f1_macro=0.4813 val_f1_weighted=0.5385 val_prec_macro=0.4860 val_rec_macro=0.4775 val_metric_name=acc val_metric=0.5396
Step 2900 | loss 0.0859 | val_acc=0.5407 val_loss=3.4250 val_f1_macro=0.4833 val_f1_weighted=0.5397 val_prec_macro=0.4880 val_rec_macro=0.4798 val_metric_name=acc val_metric=0.5407
Step 2950 | loss 0.0837 | val_acc=0.5427 val_loss=3.4462 val_f1_macro=0.4832 val_f1_weighted=0.5414 val_prec_macro=0.4877 val_rec_macro=0.4794 val_metric_name=acc val_metric=0.5427
Step 3000 | loss 0.0834 | val_acc=0.5443 val_loss=3.4784 val_f1_macro=0.4842 val_f1_weighted=0.5429 val_prec_macro=0.4890 val_rec_macro=0.4803 val_metric_name=acc val_metric=0.5443
Step 3050 | loss 0.0767 | val_acc=0.5409 val_loss=3.5004 val_f1_macro=0.4812 val_f1_weighted=0.5395 val_prec_macro=0.4858 val_rec_macro=0.4775 val_metric_name=acc val_metric=0.5409
Step 3100 | loss 0.0793 | val_acc=0.5427 val_loss=3.5380 val_f1_macro=0.4838 val_f1_weighted=0.5418 val_prec_macro=0.4868 val_rec_macro=0.4813 val_metric_name=acc val_metric=0.5427
Step 3150 | loss 0.0743 | val_acc=0.5421 val_loss=3.5676 val_f1_macro=0.4827 val_f1_weighted=0.5412 val_prec_macro=0.4852 val_rec_macro=0.4807 val_metric_name=acc val_metric=0.5421
Step 3200 | loss 0.0708 | val_acc=0.5417 val_loss=3.5984 val_f1_macro=0.4823 val_f1_weighted=0.5408 val_prec_macro=0.4854 val_rec_macro=0.4798 val_metric_name=acc val_metric=0.5417
Step 3250 | loss 0.0675 | val_acc=0.5411 val_loss=3.6173 val_f1_macro=0.4826 val_f1_weighted=0.5401 val_prec_macro=0.4863 val_rec_macro=0.4797 val_metric_name=acc val_metric=0.5411
Step 3300 | loss 0.0677 | val_acc=0.5432 val_loss=3.6290 val_f1_macro=0.4843 val_f1_weighted=0.5418 val_prec_macro=0.4900 val_rec_macro=0.4801 val_metric_name=acc val_metric=0.5432
Step 3350 | loss 0.0654 | val_acc=0.5443 val_loss=3.6382 val_f1_macro=0.4861 val_f1_weighted=0.5431 val_prec_macro=0.4919 val_rec_macro=0.4814 val_metric_name=acc val_metric=0.5443
Step 3400 | loss 0.0620 | val_acc=0.5443 val_loss=3.6604 val_f1_macro=0.4867 val_f1_weighted=0.5428 val_prec_macro=0.4932 val_rec_macro=0.4815 val_metric_name=acc val_metric=0.5443
Step 3450 | loss 0.0597 | val_acc=0.5432 val_loss=3.6862 val_f1_macro=0.4828 val_f1_weighted=0.5419 val_prec_macro=0.4865 val_rec_macro=0.4798 val_metric_name=acc val_metric=0.5432
Step 3500 | loss 0.0554 | val_acc=0.5427 val_loss=3.7142 val_f1_macro=0.4841 val_f1_weighted=0.5418 val_prec_macro=0.4872 val_rec_macro=0.4817 val_metric_name=acc val_metric=0.5427
Step 3550 | loss 0.0635 | val_acc=0.5421 val_loss=3.7286 val_f1_macro=0.4844 val_f1_weighted=0.5411 val_prec_macro=0.4884 val_rec_macro=0.4811 val_metric_name=acc val_metric=0.5421
Step 3600 | loss 0.0605 | val_acc=0.5448 val_loss=3.7460 val_f1_macro=0.4859 val_f1_weighted=0.5434 val_prec_macro=0.4921 val_rec_macro=0.4809 val_metric_name=acc val_metric=0.5448
Step 3650 | loss 0.0521 | val_acc=0.5421 val_loss=3.7700 val_f1_macro=0.4822 val_f1_weighted=0.5407 val_prec_macro=0.4867 val_rec_macro=0.4785 val_metric_name=acc val_metric=0.5421
Step 3700 | loss 0.0533 | val_acc=0.5434 val_loss=3.7906 val_f1_macro=0.4853 val_f1_weighted=0.5417 val_prec_macro=0.4924 val_rec_macro=0.4798 val_metric_name=acc val_metric=0.5434
Early stopping at step 3748

--- Final (best ckpt @ step 3220) ---
  train_acc=0.9984 train_loss=0.0040 train_f1_macro=0.9977 train_f1_weighted=0.9984 train_prec_macro=0.9973 train_rec_macro=0.9982 train_metric_name=acc train_metric=0.9984
  val_acc=0.5453 val_loss=3.6002 val_f1_macro=0.4858 val_f1_weighted=0.5440 val_prec_macro=0.4904 val_rec_macro=0.4822 val_metric_name=acc val_metric=0.5453
  test_acc=0.5434 test_loss=3.6283 test_f1_macro=0.4902 test_f1_weighted=0.5419 test_prec_macro=0.4931 test_rec_macro=0.4886 test_metric_name=acc test_metric=0.5434
  test_acc=0.5434

============================================================
Training amazon-ratings GT 4L h=384 lr=6e-05 split=6
============================================================
Training for 5000 steps
Step    1 | loss 1.6307 | val_acc=0.3678 val_loss=1.5641 val_f1_macro=0.1076 val_f1_weighted=0.1978 val_prec_macro=0.0736 val_rec_macro=0.2000 val_metric_name=acc val_metric=0.3678
Step   50 | loss 1.3854 | val_acc=0.3951 val_loss=1.3719 val_f1_macro=0.1822 val_f1_weighted=0.2963 val_prec_macro=0.2185 val_rec_macro=0.2335 val_metric_name=acc val_metric=0.3951
Step  100 | loss 1.3221 | val_acc=0.4250 val_loss=1.3335 val_f1_macro=0.2346 val_f1_weighted=0.3594 val_prec_macro=0.2975 val_rec_macro=0.2692 val_metric_name=acc val_metric=0.4250
Step  150 | loss 1.2641 | val_acc=0.4437 val_loss=1.3280 val_f1_macro=0.2835 val_f1_weighted=0.4042 val_prec_macro=0.3661 val_rec_macro=0.3022 val_metric_name=acc val_metric=0.4437
Step  200 | loss 1.2066 | val_acc=0.4545 val_loss=1.3243 val_f1_macro=0.3259 val_f1_weighted=0.4274 val_prec_macro=0.4039 val_rec_macro=0.3284 val_metric_name=acc val_metric=0.4545
Step  250 | loss 1.1508 | val_acc=0.4640 val_loss=1.3287 val_f1_macro=0.3508 val_f1_weighted=0.4393 val_prec_macro=0.4225 val_rec_macro=0.3485 val_metric_name=acc val_metric=0.4640
Step  300 | loss 1.0934 | val_acc=0.4766 val_loss=1.3529 val_f1_macro=0.3694 val_f1_weighted=0.4519 val_prec_macro=0.4414 val_rec_macro=0.3649 val_metric_name=acc val_metric=0.4766
Step  350 | loss 1.0332 | val_acc=0.4823 val_loss=1.3711 val_f1_macro=0.3951 val_f1_weighted=0.4645 val_prec_macro=0.4555 val_rec_macro=0.3855 val_metric_name=acc val_metric=0.4823
Step  400 | loss 0.9786 | val_acc=0.4914 val_loss=1.4027 val_f1_macro=0.4121 val_f1_weighted=0.4766 val_prec_macro=0.4621 val_rec_macro=0.4007 val_metric_name=acc val_metric=0.4914
Step  450 | loss 0.9064 | val_acc=0.4971 val_loss=1.4269 val_f1_macro=0.4227 val_f1_weighted=0.4861 val_prec_macro=0.4594 val_rec_macro=0.4113 val_metric_name=acc val_metric=0.4971
Step  500 | loss 0.8477 | val_acc=0.5030 val_loss=1.4817 val_f1_macro=0.4335 val_f1_weighted=0.4954 val_prec_macro=0.4568 val_rec_macro=0.4232 val_metric_name=acc val_metric=0.5030
Step  550 | loss 0.7743 | val_acc=0.5084 val_loss=1.5415 val_f1_macro=0.4430 val_f1_weighted=0.5034 val_prec_macro=0.4567 val_rec_macro=0.4358 val_metric_name=acc val_metric=0.5084
Step  600 | loss 0.6949 | val_acc=0.5149 val_loss=1.6432 val_f1_macro=0.4542 val_f1_weighted=0.5104 val_prec_macro=0.4678 val_rec_macro=0.4479 val_metric_name=acc val_metric=0.5149
Step  650 | loss 0.6319 | val_acc=0.5194 val_loss=1.7264 val_f1_macro=0.4583 val_f1_weighted=0.5150 val_prec_macro=0.4714 val_rec_macro=0.4515 val_metric_name=acc val_metric=0.5194
Step  700 | loss 0.5620 | val_acc=0.5229 val_loss=1.8435 val_f1_macro=0.4629 val_f1_weighted=0.5203 val_prec_macro=0.4685 val_rec_macro=0.4602 val_metric_name=acc val_metric=0.5229
Step  750 | loss 0.5052 | val_acc=0.5295 val_loss=1.9358 val_f1_macro=0.4709 val_f1_weighted=0.5276 val_prec_macro=0.4756 val_rec_macro=0.4676 val_metric_name=acc val_metric=0.5295
Step  800 | loss 0.4525 | val_acc=0.5319 val_loss=2.0328 val_f1_macro=0.4747 val_f1_weighted=0.5305 val_prec_macro=0.4788 val_rec_macro=0.4715 val_metric_name=acc val_metric=0.5319
Step  850 | loss 0.4067 | val_acc=0.5341 val_loss=2.1518 val_f1_macro=0.4735 val_f1_weighted=0.5322 val_prec_macro=0.4771 val_rec_macro=0.4712 val_metric_name=acc val_metric=0.5341
Step  900 | loss 0.3711 | val_acc=0.5355 val_loss=2.2592 val_f1_macro=0.4789 val_f1_weighted=0.5346 val_prec_macro=0.4816 val_rec_macro=0.4771 val_metric_name=acc val_metric=0.5355
Step  950 | loss 0.3146 | val_acc=0.5372 val_loss=2.3769 val_f1_macro=0.4805 val_f1_weighted=0.5360 val_prec_macro=0.4839 val_rec_macro=0.4778 val_metric_name=acc val_metric=0.5372
Step 1000 | loss 0.2862 | val_acc=0.5357 val_loss=2.4891 val_f1_macro=0.4796 val_f1_weighted=0.5348 val_prec_macro=0.4831 val_rec_macro=0.4770 val_metric_name=acc val_metric=0.5357
Step 1050 | loss 0.2537 | val_acc=0.5370 val_loss=2.5757 val_f1_macro=0.4776 val_f1_weighted=0.5363 val_prec_macro=0.4797 val_rec_macro=0.4760 val_metric_name=acc val_metric=0.5370
Step 1100 | loss 0.2204 | val_acc=0.5388 val_loss=2.6689 val_f1_macro=0.4808 val_f1_weighted=0.5375 val_prec_macro=0.4852 val_rec_macro=0.4773 val_metric_name=acc val_metric=0.5388
Step 1150 | loss 0.2111 | val_acc=0.5354 val_loss=2.7545 val_f1_macro=0.4766 val_f1_weighted=0.5349 val_prec_macro=0.4776 val_rec_macro=0.4761 val_metric_name=acc val_metric=0.5354
Step 1200 | loss 0.1857 | val_acc=0.5357 val_loss=2.8453 val_f1_macro=0.4773 val_f1_weighted=0.5348 val_prec_macro=0.4795 val_rec_macro=0.4757 val_metric_name=acc val_metric=0.5357
Step 1250 | loss 0.1757 | val_acc=0.5368 val_loss=2.9282 val_f1_macro=0.4774 val_f1_weighted=0.5361 val_prec_macro=0.4792 val_rec_macro=0.4766 val_metric_name=acc val_metric=0.5368
Early stopping at step 1296

--- Final (best ckpt @ step 960) ---
  train_acc=0.9732 train_loss=0.0843 train_f1_macro=0.9701 train_f1_weighted=0.9732 train_prec_macro=0.9668 train_rec_macro=0.9734 train_metric_name=acc train_metric=0.9732
  val_acc=0.5404 val_loss=2.3821 val_f1_macro=0.4813 val_f1_weighted=0.5387 val_prec_macro=0.4857 val_rec_macro=0.4782 val_metric_name=acc val_metric=0.5404
  test_acc=0.5439 test_loss=2.4151 test_f1_macro=0.4911 test_f1_weighted=0.5414 test_prec_macro=0.4951 test_rec_macro=0.4899 test_metric_name=acc test_metric=0.5439
  test_acc=0.5439

============================================================
Training amazon-ratings GT 4L h=384 lr=0.0001 split=6
============================================================
Training for 5000 steps
Step    1 | loss 1.6307 | val_acc=0.3678 val_loss=1.8761 val_f1_macro=0.1076 val_f1_weighted=0.1978 val_prec_macro=0.0736 val_rec_macro=0.2000 val_metric_name=acc val_metric=0.3678
Step   50 | loss 1.3799 | val_acc=0.3982 val_loss=1.3688 val_f1_macro=0.1851 val_f1_weighted=0.3001 val_prec_macro=0.2528 val_rec_macro=0.2355 val_metric_name=acc val_metric=0.3982
Step  100 | loss 1.3089 | val_acc=0.4281 val_loss=1.3274 val_f1_macro=0.2398 val_f1_weighted=0.3652 val_prec_macro=0.2965 val_rec_macro=0.2748 val_metric_name=acc val_metric=0.4281
Step  150 | loss 1.2298 | val_acc=0.4475 val_loss=1.3311 val_f1_macro=0.3029 val_f1_weighted=0.4104 val_prec_macro=0.4373 val_rec_macro=0.3155 val_metric_name=acc val_metric=0.4475
Step  200 | loss 1.1598 | val_acc=0.4627 val_loss=1.3276 val_f1_macro=0.3494 val_f1_weighted=0.4407 val_prec_macro=0.4161 val_rec_macro=0.3464 val_metric_name=acc val_metric=0.4627
Step  250 | loss 1.0793 | val_acc=0.4793 val_loss=1.3383 val_f1_macro=0.3833 val_f1_weighted=0.4605 val_prec_macro=0.4463 val_rec_macro=0.3724 val_metric_name=acc val_metric=0.4793
Step  300 | loss 0.9907 | val_acc=0.4873 val_loss=1.3717 val_f1_macro=0.4018 val_f1_weighted=0.4744 val_prec_macro=0.4545 val_rec_macro=0.3876 val_metric_name=acc val_metric=0.4873
Step  350 | loss 0.8857 | val_acc=0.4978 val_loss=1.4293 val_f1_macro=0.4215 val_f1_weighted=0.4896 val_prec_macro=0.4424 val_rec_macro=0.4131 val_metric_name=acc val_metric=0.4978
Step  400 | loss 0.7866 | val_acc=0.5079 val_loss=1.5403 val_f1_macro=0.4374 val_f1_weighted=0.5006 val_prec_macro=0.4591 val_rec_macro=0.4286 val_metric_name=acc val_metric=0.5079
Step  450 | loss 0.6676 | val_acc=0.5148 val_loss=1.6622 val_f1_macro=0.4517 val_f1_weighted=0.5090 val_prec_macro=0.4719 val_rec_macro=0.4444 val_metric_name=acc val_metric=0.5148
Step  500 | loss 0.5768 | val_acc=0.5171 val_loss=1.8121 val_f1_macro=0.4555 val_f1_weighted=0.5135 val_prec_macro=0.4668 val_rec_macro=0.4479 val_metric_name=acc val_metric=0.5171
Step  550 | loss 0.4896 | val_acc=0.5225 val_loss=1.9705 val_f1_macro=0.4666 val_f1_weighted=0.5213 val_prec_macro=0.4695 val_rec_macro=0.4653 val_metric_name=acc val_metric=0.5225
Step  600 | loss 0.4191 | val_acc=0.5278 val_loss=2.1114 val_f1_macro=0.4698 val_f1_weighted=0.5260 val_prec_macro=0.4757 val_rec_macro=0.4659 val_metric_name=acc val_metric=0.5278
Step  650 | loss 0.3483 | val_acc=0.5360 val_loss=2.2864 val_f1_macro=0.4737 val_f1_weighted=0.5336 val_prec_macro=0.4800 val_rec_macro=0.4694 val_metric_name=acc val_metric=0.5360
Step  700 | loss 0.2925 | val_acc=0.5345 val_loss=2.4385 val_f1_macro=0.4754 val_f1_weighted=0.5331 val_prec_macro=0.4808 val_rec_macro=0.4713 val_metric_name=acc val_metric=0.5345
Step  750 | loss 0.2523 | val_acc=0.5393 val_loss=2.5674 val_f1_macro=0.4816 val_f1_weighted=0.5375 val_prec_macro=0.4894 val_rec_macro=0.4756 val_metric_name=acc val_metric=0.5393
Step  800 | loss 0.2124 | val_acc=0.5321 val_loss=2.7222 val_f1_macro=0.4726 val_f1_weighted=0.5323 val_prec_macro=0.4710 val_rec_macro=0.4744 val_metric_name=acc val_metric=0.5321
Step  850 | loss 0.1848 | val_acc=0.5370 val_loss=2.8184 val_f1_macro=0.4780 val_f1_weighted=0.5360 val_prec_macro=0.4799 val_rec_macro=0.4770 val_metric_name=acc val_metric=0.5370
Step  900 | loss 0.1646 | val_acc=0.5362 val_loss=2.9691 val_f1_macro=0.4786 val_f1_weighted=0.5360 val_prec_macro=0.4788 val_rec_macro=0.4787 val_metric_name=acc val_metric=0.5362
Step  950 | loss 0.1324 | val_acc=0.5355 val_loss=3.0510 val_f1_macro=0.4758 val_f1_weighted=0.5344 val_prec_macro=0.4793 val_rec_macro=0.4728 val_metric_name=acc val_metric=0.5355
Step 1000 | loss 0.1226 | val_acc=0.5341 val_loss=3.1508 val_f1_macro=0.4739 val_f1_weighted=0.5336 val_prec_macro=0.4751 val_rec_macro=0.4729 val_metric_name=acc val_metric=0.5341
Step 1050 | loss 0.1053 | val_acc=0.5381 val_loss=3.2006 val_f1_macro=0.4785 val_f1_weighted=0.5375 val_prec_macro=0.4805 val_rec_macro=0.4770 val_metric_name=acc val_metric=0.5381
Step 1100 | loss 0.0938 | val_acc=0.5399 val_loss=3.2841 val_f1_macro=0.4811 val_f1_weighted=0.5386 val_prec_macro=0.4847 val_rec_macro=0.4782 val_metric_name=acc val_metric=0.5399
Early stopping at step 1110

--- Final (best ckpt @ step 810) ---
  train_acc=0.9926 train_loss=0.0285 train_f1_macro=0.9913 train_f1_weighted=0.9926 train_prec_macro=0.9909 train_rec_macro=0.9917 train_metric_name=acc train_metric=0.9926
  val_acc=0.5419 val_loss=2.6927 val_f1_macro=0.4828 val_f1_weighted=0.5408 val_prec_macro=0.4881 val_rec_macro=0.4787 val_metric_name=acc val_metric=0.5419
  test_acc=0.5378 test_loss=2.7196 test_f1_macro=0.4832 test_f1_weighted=0.5360 test_prec_macro=0.4892 test_rec_macro=0.4785 test_metric_name=acc test_metric=0.5378
  test_acc=0.5378

============================================================
Training amazon-ratings GT 4L h=384 lr=1e-05 split=6
============================================================
Training for 5000 steps
Step    1 | loss 1.6307 | val_acc=0.3397 val_loss=1.4978 val_f1_macro=0.1598 val_f1_weighted=0.2547 val_prec_macro=0.1856 val_rec_macro=0.2000 val_metric_name=acc val_metric=0.3397
Step   50 | loss 1.4317 | val_acc=0.3719 val_loss=1.4062 val_f1_macro=0.1328 val_f1_weighted=0.2312 val_prec_macro=0.1560 val_rec_macro=0.2065 val_metric_name=acc val_metric=0.3719
Step  100 | loss 1.4043 | val_acc=0.3813 val_loss=1.3901 val_f1_macro=0.1568 val_f1_weighted=0.2630 val_prec_macro=0.1615 val_rec_macro=0.2171 val_metric_name=acc val_metric=0.3813
Step  150 | loss 1.3884 | val_acc=0.3947 val_loss=1.3741 val_f1_macro=0.1797 val_f1_weighted=0.2933 val_prec_macro=0.2147 val_rec_macro=0.2320 val_metric_name=acc val_metric=0.3947
Step  200 | loss 1.3705 | val_acc=0.4055 val_loss=1.3599 val_f1_macro=0.1981 val_f1_weighted=0.3162 val_prec_macro=0.2389 val_rec_macro=0.2453 val_metric_name=acc val_metric=0.4055
Step  250 | loss 1.3533 | val_acc=0.4130 val_loss=1.3493 val_f1_macro=0.2119 val_f1_weighted=0.3330 val_prec_macro=0.2397 val_rec_macro=0.2536 val_metric_name=acc val_metric=0.4130
Step  300 | loss 1.3348 | val_acc=0.4233 val_loss=1.3442 val_f1_macro=0.2271 val_f1_weighted=0.3510 val_prec_macro=0.3152 val_rec_macro=0.2660 val_metric_name=acc val_metric=0.4233
Step  350 | loss 1.3213 | val_acc=0.4253 val_loss=1.3399 val_f1_macro=0.2364 val_f1_weighted=0.3610 val_prec_macro=0.2974 val_rec_macro=0.2717 val_metric_name=acc val_metric=0.4253
Step  400 | loss 1.3072 | val_acc=0.4253 val_loss=1.3370 val_f1_macro=0.2456 val_f1_weighted=0.3681 val_prec_macro=0.3250 val_rec_macro=0.2770 val_metric_name=acc val_metric=0.4253
Step  450 | loss 1.2906 | val_acc=0.4251 val_loss=1.3380 val_f1_macro=0.2545 val_f1_weighted=0.3746 val_prec_macro=0.3345 val_rec_macro=0.2821 val_metric_name=acc val_metric=0.4251
Step  500 | loss 1.2787 | val_acc=0.4338 val_loss=1.3369 val_f1_macro=0.2714 val_f1_weighted=0.3898 val_prec_macro=0.3750 val_rec_macro=0.2933 val_metric_name=acc val_metric=0.4338
Step  550 | loss 1.2679 | val_acc=0.4397 val_loss=1.3351 val_f1_macro=0.2833 val_f1_weighted=0.4004 val_prec_macro=0.4010 val_rec_macro=0.3015 val_metric_name=acc val_metric=0.4397
Step  600 | loss 1.2560 | val_acc=0.4379 val_loss=1.3439 val_f1_macro=0.2838 val_f1_weighted=0.3973 val_prec_macro=0.3798 val_rec_macro=0.3033 val_metric_name=acc val_metric=0.4379
Step  650 | loss 1.2385 | val_acc=0.4421 val_loss=1.3444 val_f1_macro=0.3043 val_f1_weighted=0.4064 val_prec_macro=0.4098 val_rec_macro=0.3163 val_metric_name=acc val_metric=0.4421
Step  700 | loss 1.2201 | val_acc=0.4468 val_loss=1.3352 val_f1_macro=0.3175 val_f1_weighted=0.4150 val_prec_macro=0.4140 val_rec_macro=0.3229 val_metric_name=acc val_metric=0.4468
Step  750 | loss 1.2055 | val_acc=0.4512 val_loss=1.3317 val_f1_macro=0.3277 val_f1_weighted=0.4217 val_prec_macro=0.4132 val_rec_macro=0.3300 val_metric_name=acc val_metric=0.4512
Step  800 | loss 1.1949 | val_acc=0.4514 val_loss=1.3335 val_f1_macro=0.3324 val_f1_weighted=0.4231 val_prec_macro=0.4100 val_rec_macro=0.3346 val_metric_name=acc val_metric=0.4514
Step  850 | loss 1.1804 | val_acc=0.4547 val_loss=1.3356 val_f1_macro=0.3345 val_f1_weighted=0.4267 val_prec_macro=0.4076 val_rec_macro=0.3371 val_metric_name=acc val_metric=0.4547
Step  900 | loss 1.1688 | val_acc=0.4617 val_loss=1.3354 val_f1_macro=0.3471 val_f1_weighted=0.4353 val_prec_macro=0.4206 val_rec_macro=0.3453 val_metric_name=acc val_metric=0.4617
Step  950 | loss 1.1497 | val_acc=0.4645 val_loss=1.3308 val_f1_macro=0.3577 val_f1_weighted=0.4411 val_prec_macro=0.4243 val_rec_macro=0.3534 val_metric_name=acc val_metric=0.4645
Step 1000 | loss 1.1315 | val_acc=0.4704 val_loss=1.3383 val_f1_macro=0.3675 val_f1_weighted=0.4472 val_prec_macro=0.4364 val_rec_macro=0.3615 val_metric_name=acc val_metric=0.4704
Step 1050 | loss 1.1184 | val_acc=0.4720 val_loss=1.3380 val_f1_macro=0.3728 val_f1_weighted=0.4507 val_prec_macro=0.4426 val_rec_macro=0.3664 val_metric_name=acc val_metric=0.4720
Step 1100 | loss 1.1093 | val_acc=0.4736 val_loss=1.3421 val_f1_macro=0.3778 val_f1_weighted=0.4526 val_prec_macro=0.4455 val_rec_macro=0.3703 val_metric_name=acc val_metric=0.4736
Step 1150 | loss 1.0953 | val_acc=0.4757 val_loss=1.3473 val_f1_macro=0.3797 val_f1_weighted=0.4560 val_prec_macro=0.4442 val_rec_macro=0.3711 val_metric_name=acc val_metric=0.4757
Step 1200 | loss 1.0793 | val_acc=0.4795 val_loss=1.3440 val_f1_macro=0.3900 val_f1_weighted=0.4620 val_prec_macro=0.4507 val_rec_macro=0.3790 val_metric_name=acc val_metric=0.4795
Step 1250 | loss 1.0663 | val_acc=0.4821 val_loss=1.3547 val_f1_macro=0.3903 val_f1_weighted=0.4631 val_prec_macro=0.4553 val_rec_macro=0.3799 val_metric_name=acc val_metric=0.4821
Step 1300 | loss 1.0549 | val_acc=0.4821 val_loss=1.3534 val_f1_macro=0.3943 val_f1_weighted=0.4660 val_prec_macro=0.4464 val_rec_macro=0.3836 val_metric_name=acc val_metric=0.4821
Step 1350 | loss 1.0395 | val_acc=0.4813 val_loss=1.3658 val_f1_macro=0.3953 val_f1_weighted=0.4643 val_prec_macro=0.4506 val_rec_macro=0.3853 val_metric_name=acc val_metric=0.4813
Step 1400 | loss 1.0227 | val_acc=0.4837 val_loss=1.3649 val_f1_macro=0.4014 val_f1_weighted=0.4697 val_prec_macro=0.4493 val_rec_macro=0.3899 val_metric_name=acc val_metric=0.4837
Step 1450 | loss 1.0087 | val_acc=0.4867 val_loss=1.3757 val_f1_macro=0.4039 val_f1_weighted=0.4715 val_prec_macro=0.4541 val_rec_macro=0.3930 val_metric_name=acc val_metric=0.4867
Step 1500 | loss 0.9980 | val_acc=0.4865 val_loss=1.3784 val_f1_macro=0.4064 val_f1_weighted=0.4730 val_prec_macro=0.4529 val_rec_macro=0.3939 val_metric_name=acc val_metric=0.4865
Step 1550 | loss 0.9879 | val_acc=0.4914 val_loss=1.3832 val_f1_macro=0.4131 val_f1_weighted=0.4786 val_prec_macro=0.4579 val_rec_macro=0.4008 val_metric_name=acc val_metric=0.4914
Step 1600 | loss 0.9736 | val_acc=0.4916 val_loss=1.4002 val_f1_macro=0.4143 val_f1_weighted=0.4791 val_prec_macro=0.4561 val_rec_macro=0.4023 val_metric_name=acc val_metric=0.4916
Step 1650 | loss 0.9618 | val_acc=0.4953 val_loss=1.4028 val_f1_macro=0.4171 val_f1_weighted=0.4827 val_prec_macro=0.4575 val_rec_macro=0.4048 val_metric_name=acc val_metric=0.4953
Step 1700 | loss 0.9355 | val_acc=0.4947 val_loss=1.4075 val_f1_macro=0.4192 val_f1_weighted=0.4834 val_prec_macro=0.4542 val_rec_macro=0.4080 val_metric_name=acc val_metric=0.4947
Step 1750 | loss 0.9281 | val_acc=0.4934 val_loss=1.4169 val_f1_macro=0.4173 val_f1_weighted=0.4821 val_prec_macro=0.4523 val_rec_macro=0.4068 val_metric_name=acc val_metric=0.4934
Step 1800 | loss 0.9145 | val_acc=0.4944 val_loss=1.4268 val_f1_macro=0.4202 val_f1_weighted=0.4839 val_prec_macro=0.4507 val_rec_macro=0.4107 val_metric_name=acc val_metric=0.4944
Step 1850 | loss 0.8998 | val_acc=0.4962 val_loss=1.4346 val_f1_macro=0.4234 val_f1_weighted=0.4872 val_prec_macro=0.4512 val_rec_macro=0.4133 val_metric_name=acc val_metric=0.4962
Step 1900 | loss 0.8876 | val_acc=0.4963 val_loss=1.4446 val_f1_macro=0.4244 val_f1_weighted=0.4877 val_prec_macro=0.4504 val_rec_macro=0.4140 val_metric_name=acc val_metric=0.4963
Step 1950 | loss 0.8691 | val_acc=0.4994 val_loss=1.4598 val_f1_macro=0.4272 val_f1_weighted=0.4900 val_prec_macro=0.4559 val_rec_macro=0.4170 val_metric_name=acc val_metric=0.4994
Step 2000 | loss 0.8545 | val_acc=0.5009 val_loss=1.4679 val_f1_macro=0.4304 val_f1_weighted=0.4925 val_prec_macro=0.4555 val_rec_macro=0.4204 val_metric_name=acc val_metric=0.5009
Step 2050 | loss 0.8387 | val_acc=0.5022 val_loss=1.4791 val_f1_macro=0.4338 val_f1_weighted=0.4940 val_prec_macro=0.4591 val_rec_macro=0.4240 val_metric_name=acc val_metric=0.5022
Step 2100 | loss 0.8274 | val_acc=0.5025 val_loss=1.4981 val_f1_macro=0.4345 val_f1_weighted=0.4945 val_prec_macro=0.4577 val_rec_macro=0.4254 val_metric_name=acc val_metric=0.5025
Step 2150 | loss 0.8104 | val_acc=0.5024 val_loss=1.5075 val_f1_macro=0.4340 val_f1_weighted=0.4946 val_prec_macro=0.4549 val_rec_macro=0.4258 val_metric_name=acc val_metric=0.5024
Step 2200 | loss 0.7965 | val_acc=0.5032 val_loss=1.5232 val_f1_macro=0.4346 val_f1_weighted=0.4958 val_prec_macro=0.4547 val_rec_macro=0.4263 val_metric_name=acc val_metric=0.5032
Step 2250 | loss 0.7926 | val_acc=0.5069 val_loss=1.5352 val_f1_macro=0.4380 val_f1_weighted=0.4993 val_prec_macro=0.4593 val_rec_macro=0.4292 val_metric_name=acc val_metric=0.5069
Step 2300 | loss 0.7754 | val_acc=0.5069 val_loss=1.5503 val_f1_macro=0.4408 val_f1_weighted=0.5008 val_prec_macro=0.4558 val_rec_macro=0.4341 val_metric_name=acc val_metric=0.5069
Step 2350 | loss 0.7517 | val_acc=0.5063 val_loss=1.5616 val_f1_macro=0.4390 val_f1_weighted=0.4998 val_prec_macro=0.4565 val_rec_macro=0.4310 val_metric_name=acc val_metric=0.5063
Step 2400 | loss 0.7380 | val_acc=0.5094 val_loss=1.5827 val_f1_macro=0.4443 val_f1_weighted=0.5041 val_prec_macro=0.4578 val_rec_macro=0.4374 val_metric_name=acc val_metric=0.5094
Step 2450 | loss 0.7324 | val_acc=0.5097 val_loss=1.6054 val_f1_macro=0.4456 val_f1_weighted=0.5041 val_prec_macro=0.4595 val_rec_macro=0.4399 val_metric_name=acc val_metric=0.5097
Step 2500 | loss 0.7197 | val_acc=0.5120 val_loss=1.6134 val_f1_macro=0.4477 val_f1_weighted=0.5067 val_prec_macro=0.4629 val_rec_macro=0.4400 val_metric_name=acc val_metric=0.5120
Step 2550 | loss 0.7015 | val_acc=0.5104 val_loss=1.6353 val_f1_macro=0.4456 val_f1_weighted=0.5050 val_prec_macro=0.4590 val_rec_macro=0.4393 val_metric_name=acc val_metric=0.5104
Step 2600 | loss 0.6842 | val_acc=0.5138 val_loss=1.6493 val_f1_macro=0.4519 val_f1_weighted=0.5087 val_prec_macro=0.4674 val_rec_macro=0.4442 val_metric_name=acc val_metric=0.5138
Step 2650 | loss 0.6635 | val_acc=0.5149 val_loss=1.6619 val_f1_macro=0.4517 val_f1_weighted=0.5105 val_prec_macro=0.4639 val_rec_macro=0.4452 val_metric_name=acc val_metric=0.5149
Step 2700 | loss 0.6578 | val_acc=0.5130 val_loss=1.6882 val_f1_macro=0.4527 val_f1_weighted=0.5096 val_prec_macro=0.4615 val_rec_macro=0.4476 val_metric_name=acc val_metric=0.5130
Step 2750 | loss 0.6452 | val_acc=0.5130 val_loss=1.7024 val_f1_macro=0.4520 val_f1_weighted=0.5094 val_prec_macro=0.4603 val_rec_macro=0.4476 val_metric_name=acc val_metric=0.5130
Step 2800 | loss 0.6315 | val_acc=0.5156 val_loss=1.7231 val_f1_macro=0.4564 val_f1_weighted=0.5126 val_prec_macro=0.4639 val_rec_macro=0.4518 val_metric_name=acc val_metric=0.5156
Step 2850 | loss 0.6210 | val_acc=0.5179 val_loss=1.7358 val_f1_macro=0.4576 val_f1_weighted=0.5146 val_prec_macro=0.4665 val_rec_macro=0.4524 val_metric_name=acc val_metric=0.5179
Step 2900 | loss 0.6143 | val_acc=0.5179 val_loss=1.7629 val_f1_macro=0.4572 val_f1_weighted=0.5147 val_prec_macro=0.4653 val_rec_macro=0.4523 val_metric_name=acc val_metric=0.5179
Step 2950 | loss 0.5938 | val_acc=0.5189 val_loss=1.7785 val_f1_macro=0.4598 val_f1_weighted=0.5162 val_prec_macro=0.4661 val_rec_macro=0.4558 val_metric_name=acc val_metric=0.5189
Step 3000 | loss 0.5829 | val_acc=0.5208 val_loss=1.7971 val_f1_macro=0.4604 val_f1_weighted=0.5173 val_prec_macro=0.4704 val_rec_macro=0.4543 val_metric_name=acc val_metric=0.5208
Step 3050 | loss 0.5776 | val_acc=0.5239 val_loss=1.8160 val_f1_macro=0.4629 val_f1_weighted=0.5207 val_prec_macro=0.4727 val_rec_macro=0.4568 val_metric_name=acc val_metric=0.5239
Step 3100 | loss 0.5617 | val_acc=0.5244 val_loss=1.8376 val_f1_macro=0.4626 val_f1_weighted=0.5213 val_prec_macro=0.4710 val_rec_macro=0.4574 val_metric_name=acc val_metric=0.5244
Step 3150 | loss 0.5484 | val_acc=0.5233 val_loss=1.8780 val_f1_macro=0.4639 val_f1_weighted=0.5209 val_prec_macro=0.4695 val_rec_macro=0.4611 val_metric_name=acc val_metric=0.5233
Step 3200 | loss 0.5371 | val_acc=0.5231 val_loss=1.8865 val_f1_macro=0.4614 val_f1_weighted=0.5210 val_prec_macro=0.4663 val_rec_macro=0.4580 val_metric_name=acc val_metric=0.5231
Step 3250 | loss 0.5244 | val_acc=0.5241 val_loss=1.9065 val_f1_macro=0.4687 val_f1_weighted=0.5225 val_prec_macro=0.4721 val_rec_macro=0.4665 val_metric_name=acc val_metric=0.5241
Step 3300 | loss 0.5091 | val_acc=0.5239 val_loss=1.9263 val_f1_macro=0.4666 val_f1_weighted=0.5219 val_prec_macro=0.4717 val_rec_macro=0.4634 val_metric_name=acc val_metric=0.5239
Step 3350 | loss 0.5000 | val_acc=0.5275 val_loss=1.9423 val_f1_macro=0.4703 val_f1_weighted=0.5258 val_prec_macro=0.4753 val_rec_macro=0.4667 val_metric_name=acc val_metric=0.5275
Step 3400 | loss 0.4955 | val_acc=0.5274 val_loss=1.9595 val_f1_macro=0.4702 val_f1_weighted=0.5252 val_prec_macro=0.4764 val_rec_macro=0.4658 val_metric_name=acc val_metric=0.5274
Step 3450 | loss 0.4826 | val_acc=0.5296 val_loss=1.9775 val_f1_macro=0.4698 val_f1_weighted=0.5273 val_prec_macro=0.4752 val_rec_macro=0.4661 val_metric_name=acc val_metric=0.5296
Step 3500 | loss 0.4765 | val_acc=0.5280 val_loss=2.0081 val_f1_macro=0.4710 val_f1_weighted=0.5264 val_prec_macro=0.4754 val_rec_macro=0.4678 val_metric_name=acc val_metric=0.5280
Step 3550 | loss 0.4751 | val_acc=0.5282 val_loss=2.0215 val_f1_macro=0.4710 val_f1_weighted=0.5268 val_prec_macro=0.4760 val_rec_macro=0.4670 val_metric_name=acc val_metric=0.5282
Step 3600 | loss 0.4504 | val_acc=0.5283 val_loss=2.0446 val_f1_macro=0.4715 val_f1_weighted=0.5270 val_prec_macro=0.4745 val_rec_macro=0.4693 val_metric_name=acc val_metric=0.5283
Step 3650 | loss 0.4437 | val_acc=0.5306 val_loss=2.0656 val_f1_macro=0.4738 val_f1_weighted=0.5285 val_prec_macro=0.4802 val_rec_macro=0.4694 val_metric_name=acc val_metric=0.5306
Step 3700 | loss 0.4401 | val_acc=0.5303 val_loss=2.0883 val_f1_macro=0.4731 val_f1_weighted=0.5289 val_prec_macro=0.4768 val_rec_macro=0.4705 val_metric_name=acc val_metric=0.5303
Step 3750 | loss 0.4269 | val_acc=0.5303 val_loss=2.1119 val_f1_macro=0.4745 val_f1_weighted=0.5288 val_prec_macro=0.4776 val_rec_macro=0.4727 val_metric_name=acc val_metric=0.5303
Step 3800 | loss 0.4125 | val_acc=0.5290 val_loss=2.1293 val_f1_macro=0.4742 val_f1_weighted=0.5276 val_prec_macro=0.4780 val_rec_macro=0.4718 val_metric_name=acc val_metric=0.5290
Step 3850 | loss 0.4086 | val_acc=0.5309 val_loss=2.1550 val_f1_macro=0.4753 val_f1_weighted=0.5298 val_prec_macro=0.4777 val_rec_macro=0.4736 val_metric_name=acc val_metric=0.5309
Step 3900 | loss 0.4077 | val_acc=0.5306 val_loss=2.1721 val_f1_macro=0.4745 val_f1_weighted=0.5293 val_prec_macro=0.4775 val_rec_macro=0.4725 val_metric_name=acc val_metric=0.5306
Step 3950 | loss 0.3960 | val_acc=0.5336 val_loss=2.1979 val_f1_macro=0.4776 val_f1_weighted=0.5321 val_prec_macro=0.4814 val_rec_macro=0.4748 val_metric_name=acc val_metric=0.5336
Step 4000 | loss 0.3947 | val_acc=0.5324 val_loss=2.2250 val_f1_macro=0.4767 val_f1_weighted=0.5314 val_prec_macro=0.4787 val_rec_macro=0.4754 val_metric_name=acc val_metric=0.5324
Step 4050 | loss 0.3796 | val_acc=0.5326 val_loss=2.2413 val_f1_macro=0.4771 val_f1_weighted=0.5314 val_prec_macro=0.4805 val_rec_macro=0.4745 val_metric_name=acc val_metric=0.5326
Step 4100 | loss 0.3681 | val_acc=0.5336 val_loss=2.2610 val_f1_macro=0.4788 val_f1_weighted=0.5322 val_prec_macro=0.4829 val_rec_macro=0.4757 val_metric_name=acc val_metric=0.5336
Step 4150 | loss 0.3652 | val_acc=0.5303 val_loss=2.2772 val_f1_macro=0.4739 val_f1_weighted=0.5292 val_prec_macro=0.4764 val_rec_macro=0.4721 val_metric_name=acc val_metric=0.5303
Step 4200 | loss 0.3556 | val_acc=0.5309 val_loss=2.3078 val_f1_macro=0.4745 val_f1_weighted=0.5298 val_prec_macro=0.4775 val_rec_macro=0.4721 val_metric_name=acc val_metric=0.5309
Step 4250 | loss 0.3422 | val_acc=0.5323 val_loss=2.3323 val_f1_macro=0.4762 val_f1_weighted=0.5315 val_prec_macro=0.4776 val_rec_macro=0.4751 val_metric_name=acc val_metric=0.5323
Step 4300 | loss 0.3329 | val_acc=0.5321 val_loss=2.3510 val_f1_macro=0.4762 val_f1_weighted=0.5310 val_prec_macro=0.4792 val_rec_macro=0.4741 val_metric_name=acc val_metric=0.5321
Step 4350 | loss 0.3384 | val_acc=0.5329 val_loss=2.3656 val_f1_macro=0.4774 val_f1_weighted=0.5321 val_prec_macro=0.4792 val_rec_macro=0.4762 val_metric_name=acc val_metric=0.5329
Step 4400 | loss 0.3222 | val_acc=0.5313 val_loss=2.3957 val_f1_macro=0.4739 val_f1_weighted=0.5305 val_prec_macro=0.4762 val_rec_macro=0.4720 val_metric_name=acc val_metric=0.5313
Step 4450 | loss 0.3210 | val_acc=0.5337 val_loss=2.4140 val_f1_macro=0.4764 val_f1_weighted=0.5327 val_prec_macro=0.4790 val_rec_macro=0.4743 val_metric_name=acc val_metric=0.5337
Step 4500 | loss 0.3091 | val_acc=0.5332 val_loss=2.4355 val_f1_macro=0.4758 val_f1_weighted=0.5328 val_prec_macro=0.4765 val_rec_macro=0.4755 val_metric_name=acc val_metric=0.5332
Step 4550 | loss 0.3086 | val_acc=0.5344 val_loss=2.4477 val_f1_macro=0.4768 val_f1_weighted=0.5333 val_prec_macro=0.4799 val_rec_macro=0.4742 val_metric_name=acc val_metric=0.5344
Step 4600 | loss 0.3061 | val_acc=0.5329 val_loss=2.4661 val_f1_macro=0.4754 val_f1_weighted=0.5321 val_prec_macro=0.4773 val_rec_macro=0.4737 val_metric_name=acc val_metric=0.5329
Step 4650 | loss 0.2926 | val_acc=0.5358 val_loss=2.4918 val_f1_macro=0.4775 val_f1_weighted=0.5342 val_prec_macro=0.4822 val_rec_macro=0.4740 val_metric_name=acc val_metric=0.5358
Step 4700 | loss 0.2936 | val_acc=0.5347 val_loss=2.5170 val_f1_macro=0.4772 val_f1_weighted=0.5336 val_prec_macro=0.4800 val_rec_macro=0.4749 val_metric_name=acc val_metric=0.5347
Step 4750 | loss 0.2782 | val_acc=0.5349 val_loss=2.5423 val_f1_macro=0.4774 val_f1_weighted=0.5341 val_prec_macro=0.4794 val_rec_macro=0.4759 val_metric_name=acc val_metric=0.5349
Step 4800 | loss 0.2729 | val_acc=0.5347 val_loss=2.5514 val_f1_macro=0.4762 val_f1_weighted=0.5335 val_prec_macro=0.4803 val_rec_macro=0.4732 val_metric_name=acc val_metric=0.5347
Step 4850 | loss 0.2704 | val_acc=0.5339 val_loss=2.5807 val_f1_macro=0.4765 val_f1_weighted=0.5331 val_prec_macro=0.4786 val_rec_macro=0.4751 val_metric_name=acc val_metric=0.5339
Step 4900 | loss 0.2592 | val_acc=0.5360 val_loss=2.5926 val_f1_macro=0.4780 val_f1_weighted=0.5350 val_prec_macro=0.4808 val_rec_macro=0.4756 val_metric_name=acc val_metric=0.5360
Step 4950 | loss 0.2660 | val_acc=0.5363 val_loss=2.6126 val_f1_macro=0.4788 val_f1_weighted=0.5352 val_prec_macro=0.4822 val_rec_macro=0.4761 val_metric_name=acc val_metric=0.5363
Step 5000 | loss 0.2531 | val_acc=0.5378 val_loss=2.6271 val_f1_macro=0.4790 val_f1_weighted=0.5371 val_prec_macro=0.4804 val_rec_macro=0.4779 val_metric_name=acc val_metric=0.5378

--- Final (best ckpt @ step 4890) ---
  train_acc=0.9850 train_loss=0.0530 train_f1_macro=0.9823 train_f1_weighted=0.9850 train_prec_macro=0.9796 train_rec_macro=0.9850 train_metric_name=acc train_metric=0.9850
  val_acc=0.5380 val_loss=2.5845 val_f1_macro=0.4801 val_f1_weighted=0.5368 val_prec_macro=0.4829 val_rec_macro=0.4781 val_metric_name=acc val_metric=0.5380
  test_acc=0.5437 test_loss=2.6018 test_f1_macro=0.4918 test_f1_weighted=0.5419 test_prec_macro=0.4951 test_rec_macro=0.4902 test_metric_name=acc test_metric=0.5437
  test_acc=0.5437

============================================================
Training amazon-ratings GT 4L h=512 lr=3e-05 split=6
============================================================
Training for 5000 steps
Step    1 | loss 1.8499 | val_acc=0.3359 val_loss=1.4673 val_f1_macro=0.1693 val_f1_weighted=0.2714 val_prec_macro=0.1732 val_rec_macro=0.2028 val_metric_name=acc val_metric=0.3359
Step   50 | loss 1.3990 | val_acc=0.3871 val_loss=1.3756 val_f1_macro=0.1675 val_f1_weighted=0.2772 val_prec_macro=0.1638 val_rec_macro=0.2234 val_metric_name=acc val_metric=0.3871
Step  100 | loss 1.3574 | val_acc=0.4225 val_loss=1.3440 val_f1_macro=0.2175 val_f1_weighted=0.3413 val_prec_macro=0.2490 val_rec_macro=0.2597 val_metric_name=acc val_metric=0.4225
Step  150 | loss 1.3179 | val_acc=0.4277 val_loss=1.3296 val_f1_macro=0.2432 val_f1_weighted=0.3670 val_prec_macro=0.3594 val_rec_macro=0.2755 val_metric_name=acc val_metric=0.4277
Step  200 | loss 1.2704 | val_acc=0.4390 val_loss=1.3285 val_f1_macro=0.2778 val_f1_weighted=0.3964 val_prec_macro=0.3724 val_rec_macro=0.2980 val_metric_name=acc val_metric=0.4390
Step  250 | loss 1.2265 | val_acc=0.4524 val_loss=1.3392 val_f1_macro=0.3112 val_f1_weighted=0.4146 val_prec_macro=0.4618 val_rec_macro=0.3212 val_metric_name=acc val_metric=0.4524
Step  300 | loss 1.1792 | val_acc=0.4573 val_loss=1.3493 val_f1_macro=0.3437 val_f1_weighted=0.4274 val_prec_macro=0.4612 val_rec_macro=0.3441 val_metric_name=acc val_metric=0.4573
Step  350 | loss 1.1321 | val_acc=0.4650 val_loss=1.3622 val_f1_macro=0.3590 val_f1_weighted=0.4368 val_prec_macro=0.4487 val_rec_macro=0.3565 val_metric_name=acc val_metric=0.4650
Step  400 | loss 1.0965 | val_acc=0.4749 val_loss=1.3561 val_f1_macro=0.3784 val_f1_weighted=0.4515 val_prec_macro=0.4626 val_rec_macro=0.3675 val_metric_name=acc val_metric=0.4749
Step  450 | loss 1.0621 | val_acc=0.4800 val_loss=1.3828 val_f1_macro=0.3913 val_f1_weighted=0.4574 val_prec_macro=0.4740 val_rec_macro=0.3793 val_metric_name=acc val_metric=0.4800
Step  500 | loss 1.0106 | val_acc=0.4844 val_loss=1.3984 val_f1_macro=0.4098 val_f1_weighted=0.4676 val_prec_macro=0.4684 val_rec_macro=0.3967 val_metric_name=acc val_metric=0.4844
Step  550 | loss 0.9713 | val_acc=0.4890 val_loss=1.4204 val_f1_macro=0.4103 val_f1_weighted=0.4714 val_prec_macro=0.4758 val_rec_macro=0.3966 val_metric_name=acc val_metric=0.4890
Step  600 | loss 0.9273 | val_acc=0.4989 val_loss=1.4305 val_f1_macro=0.4257 val_f1_weighted=0.4861 val_prec_macro=0.4741 val_rec_macro=0.4107 val_metric_name=acc val_metric=0.4989
Step  650 | loss 0.8866 | val_acc=0.5009 val_loss=1.4660 val_f1_macro=0.4318 val_f1_weighted=0.4901 val_prec_macro=0.4767 val_rec_macro=0.4166 val_metric_name=acc val_metric=0.5009
Step  700 | loss 0.8351 | val_acc=0.5091 val_loss=1.5022 val_f1_macro=0.4407 val_f1_weighted=0.4997 val_prec_macro=0.4758 val_rec_macro=0.4269 val_metric_name=acc val_metric=0.5091
Step  750 | loss 0.7832 | val_acc=0.5081 val_loss=1.5554 val_f1_macro=0.4446 val_f1_weighted=0.5012 val_prec_macro=0.4666 val_rec_macro=0.4352 val_metric_name=acc val_metric=0.5081
Step  800 | loss 0.7295 | val_acc=0.5154 val_loss=1.6108 val_f1_macro=0.4471 val_f1_weighted=0.5073 val_prec_macro=0.4810 val_rec_macro=0.4331 val_metric_name=acc val_metric=0.5154
Step  850 | loss 0.6766 | val_acc=0.5112 val_loss=1.6764 val_f1_macro=0.4487 val_f1_weighted=0.5062 val_prec_macro=0.4660 val_rec_macro=0.4399 val_metric_name=acc val_metric=0.5112
Step  900 | loss 0.6231 | val_acc=0.5172 val_loss=1.7502 val_f1_macro=0.4547 val_f1_weighted=0.5124 val_prec_macro=0.4698 val_rec_macro=0.4475 val_metric_name=acc val_metric=0.5172
Step  950 | loss 0.5683 | val_acc=0.5246 val_loss=1.8191 val_f1_macro=0.4676 val_f1_weighted=0.5214 val_prec_macro=0.4785 val_rec_macro=0.4606 val_metric_name=acc val_metric=0.5246
Step 1000 | loss 0.5225 | val_acc=0.5292 val_loss=1.9119 val_f1_macro=0.4740 val_f1_weighted=0.5264 val_prec_macro=0.4832 val_rec_macro=0.4678 val_metric_name=acc val_metric=0.5292
Step 1050 | loss 0.4691 | val_acc=0.5341 val_loss=2.0054 val_f1_macro=0.4776 val_f1_weighted=0.5305 val_prec_macro=0.4905 val_rec_macro=0.4694 val_metric_name=acc val_metric=0.5341
Step 1100 | loss 0.4322 | val_acc=0.5318 val_loss=2.0853 val_f1_macro=0.4766 val_f1_weighted=0.5305 val_prec_macro=0.4802 val_rec_macro=0.4742 val_metric_name=acc val_metric=0.5318
Step 1150 | loss 0.3949 | val_acc=0.5406 val_loss=2.1821 val_f1_macro=0.4851 val_f1_weighted=0.5373 val_prec_macro=0.4993 val_rec_macro=0.4763 val_metric_name=acc val_metric=0.5406
Step 1200 | loss 0.3598 | val_acc=0.5358 val_loss=2.2849 val_f1_macro=0.4797 val_f1_weighted=0.5335 val_prec_macro=0.4870 val_rec_macro=0.4750 val_metric_name=acc val_metric=0.5358
Step 1250 | loss 0.3335 | val_acc=0.5430 val_loss=2.3597 val_f1_macro=0.4895 val_f1_weighted=0.5411 val_prec_macro=0.4969 val_rec_macro=0.4842 val_metric_name=acc val_metric=0.5430
Step 1300 | loss 0.2962 | val_acc=0.5425 val_loss=2.4647 val_f1_macro=0.4878 val_f1_weighted=0.5407 val_prec_macro=0.4944 val_rec_macro=0.4835 val_metric_name=acc val_metric=0.5425
Step 1350 | loss 0.2648 | val_acc=0.5422 val_loss=2.5509 val_f1_macro=0.4871 val_f1_weighted=0.5411 val_prec_macro=0.4906 val_rec_macro=0.4846 val_metric_name=acc val_metric=0.5422
Step 1400 | loss 0.2324 | val_acc=0.5425 val_loss=2.6188 val_f1_macro=0.4879 val_f1_weighted=0.5408 val_prec_macro=0.4950 val_rec_macro=0.4823 val_metric_name=acc val_metric=0.5425
Step 1450 | loss 0.2204 | val_acc=0.5432 val_loss=2.7172 val_f1_macro=0.4887 val_f1_weighted=0.5423 val_prec_macro=0.4909 val_rec_macro=0.4871 val_metric_name=acc val_metric=0.5432
Step 1500 | loss 0.1994 | val_acc=0.5435 val_loss=2.7915 val_f1_macro=0.4903 val_f1_weighted=0.5425 val_prec_macro=0.4938 val_rec_macro=0.4876 val_metric_name=acc val_metric=0.5435
Step 1550 | loss 0.1874 | val_acc=0.5447 val_loss=2.8597 val_f1_macro=0.4911 val_f1_weighted=0.5431 val_prec_macro=0.4968 val_rec_macro=0.4869 val_metric_name=acc val_metric=0.5447
Step 1600 | loss 0.1641 | val_acc=0.5434 val_loss=2.9398 val_f1_macro=0.4883 val_f1_weighted=0.5425 val_prec_macro=0.4904 val_rec_macro=0.4868 val_metric_name=acc val_metric=0.5434
Step 1650 | loss 0.1567 | val_acc=0.5425 val_loss=2.9810 val_f1_macro=0.4874 val_f1_weighted=0.5412 val_prec_macro=0.4923 val_rec_macro=0.4834 val_metric_name=acc val_metric=0.5425
Step 1700 | loss 0.1379 | val_acc=0.5460 val_loss=3.0423 val_f1_macro=0.4897 val_f1_weighted=0.5448 val_prec_macro=0.4939 val_rec_macro=0.4865 val_metric_name=acc val_metric=0.5460
Step 1750 | loss 0.1365 | val_acc=0.5434 val_loss=3.1121 val_f1_macro=0.4889 val_f1_weighted=0.5423 val_prec_macro=0.4931 val_rec_macro=0.4851 val_metric_name=acc val_metric=0.5434
Step 1800 | loss 0.1200 | val_acc=0.5421 val_loss=3.1692 val_f1_macro=0.4864 val_f1_weighted=0.5414 val_prec_macro=0.4879 val_rec_macro=0.4853 val_metric_name=acc val_metric=0.5421
Step 1850 | loss 0.1149 | val_acc=0.5404 val_loss=3.2047 val_f1_macro=0.4849 val_f1_weighted=0.5394 val_prec_macro=0.4884 val_rec_macro=0.4820 val_metric_name=acc val_metric=0.5404
Step 1900 | loss 0.1097 | val_acc=0.5458 val_loss=3.2506 val_f1_macro=0.4907 val_f1_weighted=0.5452 val_prec_macro=0.4931 val_rec_macro=0.4885 val_metric_name=acc val_metric=0.5458
Step 1950 | loss 0.0970 | val_acc=0.5425 val_loss=3.3070 val_f1_macro=0.4862 val_f1_weighted=0.5418 val_prec_macro=0.4884 val_rec_macro=0.4842 val_metric_name=acc val_metric=0.5425
Step 2000 | loss 0.0923 | val_acc=0.5496 val_loss=3.3556 val_f1_macro=0.4941 val_f1_weighted=0.5484 val_prec_macro=0.4979 val_rec_macro=0.4910 val_metric_name=acc val_metric=0.5496
Step 2050 | loss 0.0938 | val_acc=0.5450 val_loss=3.4057 val_f1_macro=0.4894 val_f1_weighted=0.5443 val_prec_macro=0.4912 val_rec_macro=0.4881 val_metric_name=acc val_metric=0.5450
Step 2100 | loss 0.0837 | val_acc=0.5448 val_loss=3.4315 val_f1_macro=0.4880 val_f1_weighted=0.5438 val_prec_macro=0.4915 val_rec_macro=0.4851 val_metric_name=acc val_metric=0.5448
Step 2150 | loss 0.0826 | val_acc=0.5450 val_loss=3.4774 val_f1_macro=0.4897 val_f1_weighted=0.5439 val_prec_macro=0.4937 val_rec_macro=0.4867 val_metric_name=acc val_metric=0.5450
Step 2200 | loss 0.0777 | val_acc=0.5458 val_loss=3.5122 val_f1_macro=0.4897 val_f1_weighted=0.5447 val_prec_macro=0.4940 val_rec_macro=0.4863 val_metric_name=acc val_metric=0.5458
Step 2250 | loss 0.0683 | val_acc=0.5466 val_loss=3.5304 val_f1_macro=0.4884 val_f1_weighted=0.5454 val_prec_macro=0.4936 val_rec_macro=0.4843 val_metric_name=acc val_metric=0.5466
Step 2300 | loss 0.0698 | val_acc=0.5450 val_loss=3.5887 val_f1_macro=0.4884 val_f1_weighted=0.5443 val_prec_macro=0.4908 val_rec_macro=0.4864 val_metric_name=acc val_metric=0.5450
Step 2350 | loss 0.0649 | val_acc=0.5499 val_loss=3.5938 val_f1_macro=0.4926 val_f1_weighted=0.5487 val_prec_macro=0.4975 val_rec_macro=0.4887 val_metric_name=acc val_metric=0.5499
Step 2400 | loss 0.0612 | val_acc=0.5502 val_loss=3.6415 val_f1_macro=0.4933 val_f1_weighted=0.5493 val_prec_macro=0.4967 val_rec_macro=0.4903 val_metric_name=acc val_metric=0.5502
Step 2450 | loss 0.0551 | val_acc=0.5479 val_loss=3.6728 val_f1_macro=0.4910 val_f1_weighted=0.5468 val_prec_macro=0.4950 val_rec_macro=0.4877 val_metric_name=acc val_metric=0.5479
Step 2500 | loss 0.0592 | val_acc=0.5486 val_loss=3.6909 val_f1_macro=0.4923 val_f1_weighted=0.5475 val_prec_macro=0.4960 val_rec_macro=0.4895 val_metric_name=acc val_metric=0.5486
Step 2550 | loss 0.0546 | val_acc=0.5491 val_loss=3.7188 val_f1_macro=0.4927 val_f1_weighted=0.5478 val_prec_macro=0.4972 val_rec_macro=0.4893 val_metric_name=acc val_metric=0.5491
Step 2600 | loss 0.0521 | val_acc=0.5492 val_loss=3.7638 val_f1_macro=0.4921 val_f1_weighted=0.5484 val_prec_macro=0.4953 val_rec_macro=0.4897 val_metric_name=acc val_metric=0.5492
Step 2650 | loss 0.0466 | val_acc=0.5497 val_loss=3.7965 val_f1_macro=0.4935 val_f1_weighted=0.5487 val_prec_macro=0.4976 val_rec_macro=0.4902 val_metric_name=acc val_metric=0.5497
Step 2700 | loss 0.0471 | val_acc=0.5501 val_loss=3.7838 val_f1_macro=0.4936 val_f1_weighted=0.5488 val_prec_macro=0.4985 val_rec_macro=0.4897 val_metric_name=acc val_metric=0.5501
Step 2750 | loss 0.0469 | val_acc=0.5474 val_loss=3.8311 val_f1_macro=0.4911 val_f1_weighted=0.5465 val_prec_macro=0.4944 val_rec_macro=0.4882 val_metric_name=acc val_metric=0.5474
Step 2800 | loss 0.0399 | val_acc=0.5488 val_loss=3.8814 val_f1_macro=0.4929 val_f1_weighted=0.5481 val_prec_macro=0.4953 val_rec_macro=0.4909 val_metric_name=acc val_metric=0.5488
Step 2850 | loss 0.0401 | val_acc=0.5479 val_loss=3.8783 val_f1_macro=0.4924 val_f1_weighted=0.5472 val_prec_macro=0.4948 val_rec_macro=0.4905 val_metric_name=acc val_metric=0.5479
Step 2900 | loss 0.0395 | val_acc=0.5488 val_loss=3.8918 val_f1_macro=0.4923 val_f1_weighted=0.5478 val_prec_macro=0.4960 val_rec_macro=0.4893 val_metric_name=acc val_metric=0.5488
Step 2950 | loss 0.0393 | val_acc=0.5494 val_loss=3.9396 val_f1_macro=0.4925 val_f1_weighted=0.5484 val_prec_macro=0.4962 val_rec_macro=0.4898 val_metric_name=acc val_metric=0.5494
Step 3000 | loss 0.0336 | val_acc=0.5494 val_loss=3.9422 val_f1_macro=0.4926 val_f1_weighted=0.5481 val_prec_macro=0.4975 val_rec_macro=0.4884 val_metric_name=acc val_metric=0.5494
Step 3050 | loss 0.0375 | val_acc=0.5486 val_loss=3.9668 val_f1_macro=0.4930 val_f1_weighted=0.5474 val_prec_macro=0.4982 val_rec_macro=0.4885 val_metric_name=acc val_metric=0.5486
Step 3100 | loss 0.0333 | val_acc=0.5481 val_loss=3.9997 val_f1_macro=0.4921 val_f1_weighted=0.5472 val_prec_macro=0.4958 val_rec_macro=0.4888 val_metric_name=acc val_metric=0.5481
Step 3150 | loss 0.0314 | val_acc=0.5463 val_loss=4.0351 val_f1_macro=0.4896 val_f1_weighted=0.5454 val_prec_macro=0.4930 val_rec_macro=0.4865 val_metric_name=acc val_metric=0.5463
Early stopping at step 3155

--- Final (best ckpt @ step 2540) ---
  train_acc=0.9988 train_loss=0.0031 train_f1_macro=0.9983 train_f1_weighted=0.9988 train_prec_macro=0.9980 train_rec_macro=0.9987 train_metric_name=acc train_metric=0.9988
  val_acc=0.5514 val_loss=3.7156 val_f1_macro=0.4942 val_f1_weighted=0.5501 val_prec_macro=0.4987 val_rec_macro=0.4906 val_metric_name=acc val_metric=0.5514
  test_acc=0.5450 test_loss=3.7787 test_f1_macro=0.4856 test_f1_weighted=0.5430 test_prec_macro=0.4911 test_rec_macro=0.4814 test_metric_name=acc test_metric=0.5450
  test_acc=0.5450

============================================================
Training amazon-ratings GT 4L h=512 lr=6e-05 split=6
============================================================
Training for 5000 steps
Step    1 | loss 1.8499 | val_acc=0.3673 val_loss=1.5511 val_f1_macro=0.1114 val_f1_weighted=0.2023 val_prec_macro=0.1882 val_rec_macro=0.2005 val_metric_name=acc val_metric=0.3673
Step   50 | loss 1.3794 | val_acc=0.3980 val_loss=1.3655 val_f1_macro=0.1884 val_f1_weighted=0.3039 val_prec_macro=0.2500 val_rec_macro=0.2379 val_metric_name=acc val_metric=0.3980
Step  100 | loss 1.3211 | val_acc=0.4279 val_loss=1.3283 val_f1_macro=0.2434 val_f1_weighted=0.3687 val_prec_macro=0.3471 val_rec_macro=0.2756 val_metric_name=acc val_metric=0.4279
Step  150 | loss 1.2469 | val_acc=0.4436 val_loss=1.3396 val_f1_macro=0.2874 val_f1_weighted=0.4008 val_prec_macro=0.4096 val_rec_macro=0.3078 val_metric_name=acc val_metric=0.4436
Step  200 | loss 1.1700 | val_acc=0.4645 val_loss=1.3349 val_f1_macro=0.3447 val_f1_weighted=0.4340 val_prec_macro=0.4751 val_rec_macro=0.3439 val_metric_name=acc val_metric=0.4645
Step  250 | loss 1.1061 | val_acc=0.4736 val_loss=1.3597 val_f1_macro=0.3736 val_f1_weighted=0.4488 val_prec_macro=0.4709 val_rec_macro=0.3650 val_metric_name=acc val_metric=0.4736
Step  300 | loss 1.0337 | val_acc=0.4803 val_loss=1.3706 val_f1_macro=0.4027 val_f1_weighted=0.4655 val_prec_macro=0.4634 val_rec_macro=0.3892 val_metric_name=acc val_metric=0.4803
Step  350 | loss 0.9664 | val_acc=0.4926 val_loss=1.4139 val_f1_macro=0.4126 val_f1_weighted=0.4767 val_prec_macro=0.4884 val_rec_macro=0.3971 val_metric_name=acc val_metric=0.4926
Step  400 | loss 0.8899 | val_acc=0.5027 val_loss=1.4483 val_f1_macro=0.4345 val_f1_weighted=0.4941 val_prec_macro=0.4697 val_rec_macro=0.4209 val_metric_name=acc val_metric=0.5027
Step  450 | loss 0.8051 | val_acc=0.5127 val_loss=1.5401 val_f1_macro=0.4458 val_f1_weighted=0.5048 val_prec_macro=0.4781 val_rec_macro=0.4333 val_metric_name=acc val_metric=0.5127
Step  500 | loss 0.7002 | val_acc=0.5151 val_loss=1.6311 val_f1_macro=0.4515 val_f1_weighted=0.5084 val_prec_macro=0.4789 val_rec_macro=0.4385 val_metric_name=acc val_metric=0.5151
Step  550 | loss 0.6053 | val_acc=0.5234 val_loss=1.7794 val_f1_macro=0.4649 val_f1_weighted=0.5193 val_prec_macro=0.4792 val_rec_macro=0.4562 val_metric_name=acc val_metric=0.5234
Step  600 | loss 0.5171 | val_acc=0.5308 val_loss=1.9288 val_f1_macro=0.4735 val_f1_weighted=0.5287 val_prec_macro=0.4804 val_rec_macro=0.4690 val_metric_name=acc val_metric=0.5308
Step  650 | loss 0.4372 | val_acc=0.5378 val_loss=2.0837 val_f1_macro=0.4811 val_f1_weighted=0.5343 val_prec_macro=0.4967 val_rec_macro=0.4710 val_metric_name=acc val_metric=0.5378
Step  700 | loss 0.3628 | val_acc=0.5429 val_loss=2.2518 val_f1_macro=0.4863 val_f1_weighted=0.5402 val_prec_macro=0.4955 val_rec_macro=0.4801 val_metric_name=acc val_metric=0.5429
Step  750 | loss 0.3131 | val_acc=0.5422 val_loss=2.4255 val_f1_macro=0.4874 val_f1_weighted=0.5408 val_prec_macro=0.4934 val_rec_macro=0.4830 val_metric_name=acc val_metric=0.5422
Step  800 | loss 0.2528 | val_acc=0.5458 val_loss=2.5677 val_f1_macro=0.4911 val_f1_weighted=0.5438 val_prec_macro=0.5007 val_rec_macro=0.4837 val_metric_name=acc val_metric=0.5458
Step  850 | loss 0.2156 | val_acc=0.5440 val_loss=2.7039 val_f1_macro=0.4902 val_f1_weighted=0.5427 val_prec_macro=0.4962 val_rec_macro=0.4852 val_metric_name=acc val_metric=0.5440
Step  900 | loss 0.1891 | val_acc=0.5463 val_loss=2.8083 val_f1_macro=0.4918 val_f1_weighted=0.5453 val_prec_macro=0.4953 val_rec_macro=0.4890 val_metric_name=acc val_metric=0.5463
Step  950 | loss 0.1649 | val_acc=0.5421 val_loss=2.9556 val_f1_macro=0.4868 val_f1_weighted=0.5406 val_prec_macro=0.4921 val_rec_macro=0.4825 val_metric_name=acc val_metric=0.5421
Step 1000 | loss 0.1380 | val_acc=0.5429 val_loss=3.0742 val_f1_macro=0.4888 val_f1_weighted=0.5419 val_prec_macro=0.4921 val_rec_macro=0.4860 val_metric_name=acc val_metric=0.5429
Step 1050 | loss 0.1153 | val_acc=0.5448 val_loss=3.1682 val_f1_macro=0.4923 val_f1_weighted=0.5438 val_prec_macro=0.4958 val_rec_macro=0.4892 val_metric_name=acc val_metric=0.5448
Step 1100 | loss 0.1109 | val_acc=0.5463 val_loss=3.2302 val_f1_macro=0.4910 val_f1_weighted=0.5449 val_prec_macro=0.4960 val_rec_macro=0.4870 val_metric_name=acc val_metric=0.5463
Step 1150 | loss 0.0940 | val_acc=0.5501 val_loss=3.3008 val_f1_macro=0.4959 val_f1_weighted=0.5490 val_prec_macro=0.5013 val_rec_macro=0.4919 val_metric_name=acc val_metric=0.5501
Step 1200 | loss 0.0888 | val_acc=0.5484 val_loss=3.3955 val_f1_macro=0.4926 val_f1_weighted=0.5475 val_prec_macro=0.4962 val_rec_macro=0.4895 val_metric_name=acc val_metric=0.5484
Step 1250 | loss 0.0799 | val_acc=0.5486 val_loss=3.4503 val_f1_macro=0.4937 val_f1_weighted=0.5473 val_prec_macro=0.4991 val_rec_macro=0.4892 val_metric_name=acc val_metric=0.5486
Step 1300 | loss 0.0687 | val_acc=0.5497 val_loss=3.5101 val_f1_macro=0.4955 val_f1_weighted=0.5486 val_prec_macro=0.5004 val_rec_macro=0.4913 val_metric_name=acc val_metric=0.5497
Step 1350 | loss 0.0631 | val_acc=0.5478 val_loss=3.5846 val_f1_macro=0.4934 val_f1_weighted=0.5468 val_prec_macro=0.4977 val_rec_macro=0.4901 val_metric_name=acc val_metric=0.5478
Step 1400 | loss 0.0584 | val_acc=0.5494 val_loss=3.5933 val_f1_macro=0.4935 val_f1_weighted=0.5478 val_prec_macro=0.5008 val_rec_macro=0.4880 val_metric_name=acc val_metric=0.5494
Step 1450 | loss 0.0533 | val_acc=0.5492 val_loss=3.6750 val_f1_macro=0.4946 val_f1_weighted=0.5488 val_prec_macro=0.4961 val_rec_macro=0.4934 val_metric_name=acc val_metric=0.5492
Step 1500 | loss 0.0502 | val_acc=0.5481 val_loss=3.6971 val_f1_macro=0.4945 val_f1_weighted=0.5470 val_prec_macro=0.4985 val_rec_macro=0.4915 val_metric_name=acc val_metric=0.5481
Step 1550 | loss 0.0454 | val_acc=0.5517 val_loss=3.7606 val_f1_macro=0.4957 val_f1_weighted=0.5504 val_prec_macro=0.5013 val_rec_macro=0.4912 val_metric_name=acc val_metric=0.5517
Step 1600 | loss 0.0420 | val_acc=0.5491 val_loss=3.8217 val_f1_macro=0.4965 val_f1_weighted=0.5482 val_prec_macro=0.5003 val_rec_macro=0.4931 val_metric_name=acc val_metric=0.5491
Step 1650 | loss 0.0415 | val_acc=0.5494 val_loss=3.8279 val_f1_macro=0.4940 val_f1_weighted=0.5482 val_prec_macro=0.4993 val_rec_macro=0.4894 val_metric_name=acc val_metric=0.5494
Step 1700 | loss 0.0356 | val_acc=0.5519 val_loss=3.8643 val_f1_macro=0.4996 val_f1_weighted=0.5506 val_prec_macro=0.5050 val_rec_macro=0.4953 val_metric_name=acc val_metric=0.5519
Step 1750 | loss 0.0337 | val_acc=0.5509 val_loss=3.8925 val_f1_macro=0.4988 val_f1_weighted=0.5491 val_prec_macro=0.5080 val_rec_macro=0.4914 val_metric_name=acc val_metric=0.5509
Step 1800 | loss 0.0325 | val_acc=0.5483 val_loss=3.9277 val_f1_macro=0.4916 val_f1_weighted=0.5472 val_prec_macro=0.4958 val_rec_macro=0.4882 val_metric_name=acc val_metric=0.5483
Step 1850 | loss 0.0285 | val_acc=0.5473 val_loss=3.9590 val_f1_macro=0.4924 val_f1_weighted=0.5466 val_prec_macro=0.4954 val_rec_macro=0.4899 val_metric_name=acc val_metric=0.5473
Step 1900 | loss 0.0281 | val_acc=0.5479 val_loss=3.9847 val_f1_macro=0.4934 val_f1_weighted=0.5470 val_prec_macro=0.4970 val_rec_macro=0.4903 val_metric_name=acc val_metric=0.5479
Step 1950 | loss 0.0270 | val_acc=0.5496 val_loss=4.0268 val_f1_macro=0.4953 val_f1_weighted=0.5491 val_prec_macro=0.4965 val_rec_macro=0.4942 val_metric_name=acc val_metric=0.5496
Step 2000 | loss 0.0285 | val_acc=0.5523 val_loss=4.0674 val_f1_macro=0.4989 val_f1_weighted=0.5510 val_prec_macro=0.5045 val_rec_macro=0.4943 val_metric_name=acc val_metric=0.5523
Step 2050 | loss 0.0252 | val_acc=0.5488 val_loss=4.1018 val_f1_macro=0.4947 val_f1_weighted=0.5477 val_prec_macro=0.4989 val_rec_macro=0.4914 val_metric_name=acc val_metric=0.5488
Step 2100 | loss 0.0223 | val_acc=0.5483 val_loss=4.0852 val_f1_macro=0.4933 val_f1_weighted=0.5469 val_prec_macro=0.4993 val_rec_macro=0.4884 val_metric_name=acc val_metric=0.5483
Step 2150 | loss 0.0235 | val_acc=0.5484 val_loss=4.1074 val_f1_macro=0.4949 val_f1_weighted=0.5468 val_prec_macro=0.5019 val_rec_macro=0.4892 val_metric_name=acc val_metric=0.5484
Step 2200 | loss 0.0240 | val_acc=0.5505 val_loss=4.1324 val_f1_macro=0.4952 val_f1_weighted=0.5494 val_prec_macro=0.4998 val_rec_macro=0.4913 val_metric_name=acc val_metric=0.5505
Step 2250 | loss 0.0214 | val_acc=0.5492 val_loss=4.1406 val_f1_macro=0.4914 val_f1_weighted=0.5477 val_prec_macro=0.4974 val_rec_macro=0.4867 val_metric_name=acc val_metric=0.5492
Step 2300 | loss 0.0188 | val_acc=0.5460 val_loss=4.2057 val_f1_macro=0.4894 val_f1_weighted=0.5455 val_prec_macro=0.4918 val_rec_macro=0.4876 val_metric_name=acc val_metric=0.5460
Step 2350 | loss 0.0186 | val_acc=0.5505 val_loss=4.1886 val_f1_macro=0.4960 val_f1_weighted=0.5490 val_prec_macro=0.5033 val_rec_macro=0.4902 val_metric_name=acc val_metric=0.5505
Step 2400 | loss 0.0186 | val_acc=0.5481 val_loss=4.2391 val_f1_macro=0.4933 val_f1_weighted=0.5468 val_prec_macro=0.4999 val_rec_macro=0.4879 val_metric_name=acc val_metric=0.5481
Step 2450 | loss 0.0162 | val_acc=0.5479 val_loss=4.2710 val_f1_macro=0.4928 val_f1_weighted=0.5469 val_prec_macro=0.4970 val_rec_macro=0.4894 val_metric_name=acc val_metric=0.5479
Early stopping at step 2480

--- Final (best ckpt @ step 2180) ---
  train_acc=0.9995 train_loss=0.0011 train_f1_macro=0.9991 train_f1_weighted=0.9995 train_prec_macro=0.9986 train_rec_macro=0.9996 train_metric_name=acc train_metric=0.9995
  val_acc=0.5532 val_loss=4.1100 val_f1_macro=0.4982 val_f1_weighted=0.5517 val_prec_macro=0.5037 val_rec_macro=0.4938 val_metric_name=acc val_metric=0.5532
  test_acc=0.5465 test_loss=4.1739 test_f1_macro=0.4923 test_f1_weighted=0.5442 test_prec_macro=0.4998 test_rec_macro=0.4869 test_metric_name=acc test_metric=0.5465
  test_acc=0.5465

============================================================
Training amazon-ratings GT 4L h=512 lr=0.0001 split=6
============================================================
Training for 5000 steps
Step    1 | loss 1.8499 | val_acc=0.3678 val_loss=1.9864 val_f1_macro=0.1076 val_f1_weighted=0.1978 val_prec_macro=0.0736 val_rec_macro=0.2000 val_metric_name=acc val_metric=0.3678
Step   50 | loss 1.3907 | val_acc=0.3871 val_loss=1.3796 val_f1_macro=0.1684 val_f1_weighted=0.2784 val_prec_macro=0.1625 val_rec_macro=0.2238 val_metric_name=acc val_metric=0.3871
Step  100 | loss 1.3263 | val_acc=0.4284 val_loss=1.3289 val_f1_macro=0.2377 val_f1_weighted=0.3634 val_prec_macro=0.3511 val_rec_macro=0.2724 val_metric_name=acc val_metric=0.4284
Step  150 | loss 1.2341 | val_acc=0.4491 val_loss=1.3278 val_f1_macro=0.3038 val_f1_weighted=0.4105 val_prec_macro=0.4529 val_rec_macro=0.3185 val_metric_name=acc val_metric=0.4491
Step  200 | loss 1.1299 | val_acc=0.4679 val_loss=1.3286 val_f1_macro=0.3748 val_f1_weighted=0.4503 val_prec_macro=0.4360 val_rec_macro=0.3698 val_metric_name=acc val_metric=0.4679
Step  250 | loss 1.0355 | val_acc=0.4837 val_loss=1.3535 val_f1_macro=0.3996 val_f1_weighted=0.4691 val_prec_macro=0.4609 val_rec_macro=0.3859 val_metric_name=acc val_metric=0.4837
Step  300 | loss 0.9174 | val_acc=0.4960 val_loss=1.4234 val_f1_macro=0.4240 val_f1_weighted=0.4873 val_prec_macro=0.4604 val_rec_macro=0.4100 val_metric_name=acc val_metric=0.4960
Step  350 | loss 0.7929 | val_acc=0.5110 val_loss=1.5519 val_f1_macro=0.4376 val_f1_weighted=0.5008 val_prec_macro=0.4814 val_rec_macro=0.4220 val_metric_name=acc val_metric=0.5110
Step  400 | loss 0.6478 | val_acc=0.5195 val_loss=1.7342 val_f1_macro=0.4551 val_f1_weighted=0.5150 val_prec_macro=0.4756 val_rec_macro=0.4450 val_metric_name=acc val_metric=0.5195
Step  450 | loss 0.5169 | val_acc=0.5298 val_loss=1.9496 val_f1_macro=0.4738 val_f1_weighted=0.5271 val_prec_macro=0.4885 val_rec_macro=0.4676 val_metric_name=acc val_metric=0.5298
Step  500 | loss 0.4003 | val_acc=0.5324 val_loss=2.1491 val_f1_macro=0.4765 val_f1_weighted=0.5291 val_prec_macro=0.4924 val_rec_macro=0.4656 val_metric_name=acc val_metric=0.5324
Step  550 | loss 0.3191 | val_acc=0.5390 val_loss=2.4160 val_f1_macro=0.4856 val_f1_weighted=0.5359 val_prec_macro=0.5035 val_rec_macro=0.4737 val_metric_name=acc val_metric=0.5390
Step  600 | loss 0.2447 | val_acc=0.5373 val_loss=2.6174 val_f1_macro=0.4833 val_f1_weighted=0.5354 val_prec_macro=0.4917 val_rec_macro=0.4769 val_metric_name=acc val_metric=0.5373
Step  650 | loss 0.1885 | val_acc=0.5425 val_loss=2.8086 val_f1_macro=0.4879 val_f1_weighted=0.5401 val_prec_macro=0.5029 val_rec_macro=0.4776 val_metric_name=acc val_metric=0.5425
Step  700 | loss 0.1518 | val_acc=0.5386 val_loss=2.9555 val_f1_macro=0.4846 val_f1_weighted=0.5369 val_prec_macro=0.4920 val_rec_macro=0.4785 val_metric_name=acc val_metric=0.5386
Step  750 | loss 0.1272 | val_acc=0.5422 val_loss=3.0784 val_f1_macro=0.4890 val_f1_weighted=0.5404 val_prec_macro=0.4998 val_rec_macro=0.4807 val_metric_name=acc val_metric=0.5422
Step  800 | loss 0.1035 | val_acc=0.5463 val_loss=3.2323 val_f1_macro=0.4918 val_f1_weighted=0.5443 val_prec_macro=0.5043 val_rec_macro=0.4826 val_metric_name=acc val_metric=0.5463
Step  850 | loss 0.0908 | val_acc=0.5453 val_loss=3.2962 val_f1_macro=0.4899 val_f1_weighted=0.5437 val_prec_macro=0.4978 val_rec_macro=0.4834 val_metric_name=acc val_metric=0.5453
Step  900 | loss 0.0764 | val_acc=0.5465 val_loss=3.3987 val_f1_macro=0.4928 val_f1_weighted=0.5445 val_prec_macro=0.5030 val_rec_macro=0.4861 val_metric_name=acc val_metric=0.5465
Step  950 | loss 0.0702 | val_acc=0.5453 val_loss=3.4928 val_f1_macro=0.4944 val_f1_weighted=0.5435 val_prec_macro=0.5060 val_rec_macro=0.4856 val_metric_name=acc val_metric=0.5453
Step 1000 | loss 0.0581 | val_acc=0.5458 val_loss=3.5456 val_f1_macro=0.4937 val_f1_weighted=0.5443 val_prec_macro=0.5017 val_rec_macro=0.4876 val_metric_name=acc val_metric=0.5458
Step 1050 | loss 0.0525 | val_acc=0.5473 val_loss=3.5848 val_f1_macro=0.4938 val_f1_weighted=0.5455 val_prec_macro=0.5041 val_rec_macro=0.4865 val_metric_name=acc val_metric=0.5473
Step 1100 | loss 0.0455 | val_acc=0.5468 val_loss=3.6398 val_f1_macro=0.4940 val_f1_weighted=0.5447 val_prec_macro=0.5034 val_rec_macro=0.4863 val_metric_name=acc val_metric=0.5468
Step 1150 | loss 0.0399 | val_acc=0.5453 val_loss=3.6974 val_f1_macro=0.4922 val_f1_weighted=0.5433 val_prec_macro=0.5043 val_rec_macro=0.4835 val_metric_name=acc val_metric=0.5453
Step 1200 | loss 0.0411 | val_acc=0.5406 val_loss=3.7687 val_f1_macro=0.4858 val_f1_weighted=0.5392 val_prec_macro=0.4924 val_rec_macro=0.4804 val_metric_name=acc val_metric=0.5406
Step 1250 | loss 0.0339 | val_acc=0.5453 val_loss=3.8334 val_f1_macro=0.4923 val_f1_weighted=0.5437 val_prec_macro=0.5029 val_rec_macro=0.4843 val_metric_name=acc val_metric=0.5453
Step 1300 | loss 0.0341 | val_acc=0.5414 val_loss=3.8749 val_f1_macro=0.4885 val_f1_weighted=0.5400 val_prec_macro=0.4964 val_rec_macro=0.4824 val_metric_name=acc val_metric=0.5414
Step 1350 | loss 0.0280 | val_acc=0.5470 val_loss=3.8869 val_f1_macro=0.4928 val_f1_weighted=0.5453 val_prec_macro=0.5015 val_rec_macro=0.4862 val_metric_name=acc val_metric=0.5470
Step 1400 | loss 0.0255 | val_acc=0.5463 val_loss=3.9312 val_f1_macro=0.4926 val_f1_weighted=0.5433 val_prec_macro=0.5105 val_rec_macro=0.4806 val_metric_name=acc val_metric=0.5463
Early stopping at step 1440

--- Final (best ckpt @ step 1140) ---
  train_acc=0.9991 train_loss=0.0021 train_f1_macro=0.9983 train_f1_weighted=0.9991 train_prec_macro=0.9974 train_rec_macro=0.9991 train_metric_name=acc train_metric=0.9991
  val_acc=0.5496 val_loss=3.6918 val_f1_macro=0.4971 val_f1_weighted=0.5474 val_prec_macro=0.5102 val_rec_macro=0.4881 val_metric_name=acc val_metric=0.5496
  test_acc=0.5425 test_loss=3.7462 test_f1_macro=0.4873 test_f1_weighted=0.5396 test_prec_macro=0.4986 test_rec_macro=0.4790 test_metric_name=acc test_metric=0.5425
  test_acc=0.5425

============================================================
Training amazon-ratings GT 4L h=512 lr=1e-05 split=6
============================================================
Training for 5000 steps
Step    1 | loss 1.8499 | val_acc=0.2401 val_loss=1.7100 val_f1_macro=0.1044 val_f1_weighted=0.1201 val_prec_macro=0.1748 val_rec_macro=0.1943 val_metric_name=acc val_metric=0.2401
Step   50 | loss 1.4276 | val_acc=0.3776 val_loss=1.3978 val_f1_macro=0.1377 val_f1_weighted=0.2381 val_prec_macro=0.1666 val_rec_macro=0.2102 val_metric_name=acc val_metric=0.3776
Step  100 | loss 1.4042 | val_acc=0.3862 val_loss=1.3816 val_f1_macro=0.1583 val_f1_weighted=0.2655 val_prec_macro=0.2676 val_rec_macro=0.2196 val_metric_name=acc val_metric=0.3862
Step  150 | loss 1.3832 | val_acc=0.3975 val_loss=1.3629 val_f1_macro=0.1844 val_f1_weighted=0.2991 val_prec_macro=0.2480 val_rec_macro=0.2346 val_metric_name=acc val_metric=0.3975
Step  200 | loss 1.3585 | val_acc=0.4166 val_loss=1.3484 val_f1_macro=0.2093 val_f1_weighted=0.3311 val_prec_macro=0.2461 val_rec_macro=0.2535 val_metric_name=acc val_metric=0.4166
Step  250 | loss 1.3443 | val_acc=0.4222 val_loss=1.3400 val_f1_macro=0.2222 val_f1_weighted=0.3462 val_prec_macro=0.2459 val_rec_macro=0.2625 val_metric_name=acc val_metric=0.4222
Step  300 | loss 1.3286 | val_acc=0.4246 val_loss=1.3372 val_f1_macro=0.2331 val_f1_weighted=0.3574 val_prec_macro=0.3483 val_rec_macro=0.2698 val_metric_name=acc val_metric=0.4246
Step  350 | loss 1.3079 | val_acc=0.4264 val_loss=1.3354 val_f1_macro=0.2458 val_f1_weighted=0.3678 val_prec_macro=0.3701 val_rec_macro=0.2772 val_metric_name=acc val_metric=0.4264
Step  400 | loss 1.2939 | val_acc=0.4303 val_loss=1.3404 val_f1_macro=0.2587 val_f1_weighted=0.3777 val_prec_macro=0.3798 val_rec_macro=0.2863 val_metric_name=acc val_metric=0.4303
Step  450 | loss 1.2784 | val_acc=0.4356 val_loss=1.3446 val_f1_macro=0.2757 val_f1_weighted=0.3908 val_prec_macro=0.4313 val_rec_macro=0.2980 val_metric_name=acc val_metric=0.4356
Step  500 | loss 1.2569 | val_acc=0.4387 val_loss=1.3455 val_f1_macro=0.2915 val_f1_weighted=0.3974 val_prec_macro=0.4669 val_rec_macro=0.3072 val_metric_name=acc val_metric=0.4387
Step  550 | loss 1.2354 | val_acc=0.4393 val_loss=1.3628 val_f1_macro=0.2965 val_f1_weighted=0.3983 val_prec_macro=0.4449 val_rec_macro=0.3124 val_metric_name=acc val_metric=0.4393
Step  600 | loss 1.2120 | val_acc=0.4441 val_loss=1.3668 val_f1_macro=0.3141 val_f1_weighted=0.4050 val_prec_macro=0.4782 val_rec_macro=0.3228 val_metric_name=acc val_metric=0.4441
Step  650 | loss 1.1978 | val_acc=0.4496 val_loss=1.3744 val_f1_macro=0.3283 val_f1_weighted=0.4130 val_prec_macro=0.4722 val_rec_macro=0.3334 val_metric_name=acc val_metric=0.4496
Step  700 | loss 1.1753 | val_acc=0.4566 val_loss=1.3567 val_f1_macro=0.3410 val_f1_weighted=0.4251 val_prec_macro=0.4460 val_rec_macro=0.3419 val_metric_name=acc val_metric=0.4566
Step  750 | loss 1.1587 | val_acc=0.4645 val_loss=1.3612 val_f1_macro=0.3464 val_f1_weighted=0.4320 val_prec_macro=0.4536 val_rec_macro=0.3452 val_metric_name=acc val_metric=0.4645
Step  800 | loss 1.1393 | val_acc=0.4581 val_loss=1.3844 val_f1_macro=0.3488 val_f1_weighted=0.4254 val_prec_macro=0.4494 val_rec_macro=0.3498 val_metric_name=acc val_metric=0.4581
Step  850 | loss 1.1203 | val_acc=0.4625 val_loss=1.3750 val_f1_macro=0.3630 val_f1_weighted=0.4349 val_prec_macro=0.4487 val_rec_macro=0.3597 val_metric_name=acc val_metric=0.4625
Step  900 | loss 1.1111 | val_acc=0.4661 val_loss=1.3831 val_f1_macro=0.3748 val_f1_weighted=0.4412 val_prec_macro=0.4531 val_rec_macro=0.3691 val_metric_name=acc val_metric=0.4661
Step  950 | loss 1.0920 | val_acc=0.4702 val_loss=1.3860 val_f1_macro=0.3843 val_f1_weighted=0.4479 val_prec_macro=0.4595 val_rec_macro=0.3770 val_metric_name=acc val_metric=0.4702
Step 1000 | loss 1.0696 | val_acc=0.4735 val_loss=1.3982 val_f1_macro=0.3866 val_f1_weighted=0.4504 val_prec_macro=0.4662 val_rec_macro=0.3789 val_metric_name=acc val_metric=0.4735
Step 1050 | loss 1.0594 | val_acc=0.4816 val_loss=1.3826 val_f1_macro=0.4004 val_f1_weighted=0.4622 val_prec_macro=0.4682 val_rec_macro=0.3890 val_metric_name=acc val_metric=0.4816
Step 1100 | loss 1.0460 | val_acc=0.4854 val_loss=1.3894 val_f1_macro=0.4038 val_f1_weighted=0.4668 val_prec_macro=0.4706 val_rec_macro=0.3918 val_metric_name=acc val_metric=0.4854
Step 1150 | loss 1.0331 | val_acc=0.4841 val_loss=1.4097 val_f1_macro=0.4014 val_f1_weighted=0.4639 val_prec_macro=0.4777 val_rec_macro=0.3891 val_metric_name=acc val_metric=0.4841
Step 1200 | loss 1.0167 | val_acc=0.4903 val_loss=1.3989 val_f1_macro=0.4104 val_f1_weighted=0.4737 val_prec_macro=0.4696 val_rec_macro=0.3973 val_metric_name=acc val_metric=0.4903
Step 1250 | loss 1.0049 | val_acc=0.4921 val_loss=1.4179 val_f1_macro=0.4123 val_f1_weighted=0.4745 val_prec_macro=0.4826 val_rec_macro=0.3976 val_metric_name=acc val_metric=0.4921
Step 1300 | loss 0.9944 | val_acc=0.4935 val_loss=1.4185 val_f1_macro=0.4171 val_f1_weighted=0.4784 val_prec_macro=0.4722 val_rec_macro=0.4038 val_metric_name=acc val_metric=0.4935
Step 1350 | loss 0.9640 | val_acc=0.4952 val_loss=1.4195 val_f1_macro=0.4205 val_f1_weighted=0.4812 val_prec_macro=0.4736 val_rec_macro=0.4066 val_metric_name=acc val_metric=0.4952
Step 1400 | loss 0.9425 | val_acc=0.4971 val_loss=1.4365 val_f1_macro=0.4185 val_f1_weighted=0.4825 val_prec_macro=0.4727 val_rec_macro=0.4055 val_metric_name=acc val_metric=0.4971
Step 1450 | loss 0.9348 | val_acc=0.5009 val_loss=1.4370 val_f1_macro=0.4269 val_f1_weighted=0.4893 val_prec_macro=0.4692 val_rec_macro=0.4133 val_metric_name=acc val_metric=0.5009
Step 1500 | loss 0.9215 | val_acc=0.5012 val_loss=1.4479 val_f1_macro=0.4270 val_f1_weighted=0.4881 val_prec_macro=0.4745 val_rec_macro=0.4139 val_metric_name=acc val_metric=0.5012
Step 1550 | loss 0.8973 | val_acc=0.5030 val_loss=1.4576 val_f1_macro=0.4298 val_f1_weighted=0.4915 val_prec_macro=0.4694 val_rec_macro=0.4169 val_metric_name=acc val_metric=0.5030
Step 1600 | loss 0.8830 | val_acc=0.5033 val_loss=1.4784 val_f1_macro=0.4327 val_f1_weighted=0.4919 val_prec_macro=0.4745 val_rec_macro=0.4204 val_metric_name=acc val_metric=0.5033
Step 1650 | loss 0.8677 | val_acc=0.5011 val_loss=1.4798 val_f1_macro=0.4322 val_f1_weighted=0.4908 val_prec_macro=0.4673 val_rec_macro=0.4197 val_metric_name=acc val_metric=0.5011
Step 1700 | loss 0.8506 | val_acc=0.5030 val_loss=1.4966 val_f1_macro=0.4340 val_f1_weighted=0.4941 val_prec_macro=0.4636 val_rec_macro=0.4228 val_metric_name=acc val_metric=0.5030
Step 1750 | loss 0.8338 | val_acc=0.5055 val_loss=1.5154 val_f1_macro=0.4371 val_f1_weighted=0.4966 val_prec_macro=0.4686 val_rec_macro=0.4252 val_metric_name=acc val_metric=0.5055
Step 1800 | loss 0.8049 | val_acc=0.5047 val_loss=1.5281 val_f1_macro=0.4391 val_f1_weighted=0.4974 val_prec_macro=0.4627 val_rec_macro=0.4295 val_metric_name=acc val_metric=0.5047
Step 1850 | loss 0.7954 | val_acc=0.5079 val_loss=1.5457 val_f1_macro=0.4418 val_f1_weighted=0.4999 val_prec_macro=0.4677 val_rec_macro=0.4315 val_metric_name=acc val_metric=0.5079
Step 1900 | loss 0.7662 | val_acc=0.5087 val_loss=1.5618 val_f1_macro=0.4448 val_f1_weighted=0.5022 val_prec_macro=0.4663 val_rec_macro=0.4356 val_metric_name=acc val_metric=0.5087
Step 1950 | loss 0.7459 | val_acc=0.5107 val_loss=1.5839 val_f1_macro=0.4459 val_f1_weighted=0.5040 val_prec_macro=0.4686 val_rec_macro=0.4358 val_metric_name=acc val_metric=0.5107
Step 2000 | loss 0.7346 | val_acc=0.5145 val_loss=1.6025 val_f1_macro=0.4493 val_f1_weighted=0.5080 val_prec_macro=0.4695 val_rec_macro=0.4401 val_metric_name=acc val_metric=0.5145
Step 2050 | loss 0.7129 | val_acc=0.5154 val_loss=1.6277 val_f1_macro=0.4505 val_f1_weighted=0.5094 val_prec_macro=0.4699 val_rec_macro=0.4415 val_metric_name=acc val_metric=0.5154
Step 2100 | loss 0.6900 | val_acc=0.5146 val_loss=1.6496 val_f1_macro=0.4503 val_f1_weighted=0.5088 val_prec_macro=0.4698 val_rec_macro=0.4413 val_metric_name=acc val_metric=0.5146
Step 2150 | loss 0.6735 | val_acc=0.5166 val_loss=1.6739 val_f1_macro=0.4534 val_f1_weighted=0.5114 val_prec_macro=0.4712 val_rec_macro=0.4443 val_metric_name=acc val_metric=0.5166
Step 2200 | loss 0.6482 | val_acc=0.5195 val_loss=1.7002 val_f1_macro=0.4583 val_f1_weighted=0.5148 val_prec_macro=0.4745 val_rec_macro=0.4502 val_metric_name=acc val_metric=0.5195
Step 2250 | loss 0.6321 | val_acc=0.5210 val_loss=1.7239 val_f1_macro=0.4623 val_f1_weighted=0.5169 val_prec_macro=0.4756 val_rec_macro=0.4550 val_metric_name=acc val_metric=0.5210
Step 2300 | loss 0.6148 | val_acc=0.5225 val_loss=1.7549 val_f1_macro=0.4656 val_f1_weighted=0.5192 val_prec_macro=0.4761 val_rec_macro=0.4596 val_metric_name=acc val_metric=0.5225
Step 2350 | loss 0.5943 | val_acc=0.5234 val_loss=1.7802 val_f1_macro=0.4650 val_f1_weighted=0.5193 val_prec_macro=0.4800 val_rec_macro=0.4568 val_metric_name=acc val_metric=0.5234
Step 2400 | loss 0.5767 | val_acc=0.5241 val_loss=1.8141 val_f1_macro=0.4678 val_f1_weighted=0.5208 val_prec_macro=0.4782 val_rec_macro=0.4621 val_metric_name=acc val_metric=0.5241
Step 2450 | loss 0.5600 | val_acc=0.5247 val_loss=1.8513 val_f1_macro=0.4691 val_f1_weighted=0.5217 val_prec_macro=0.4786 val_rec_macro=0.4641 val_metric_name=acc val_metric=0.5247
Step 2500 | loss 0.5452 | val_acc=0.5262 val_loss=1.8683 val_f1_macro=0.4706 val_f1_weighted=0.5235 val_prec_macro=0.4811 val_rec_macro=0.4642 val_metric_name=acc val_metric=0.5262
Step 2550 | loss 0.5238 | val_acc=0.5270 val_loss=1.9054 val_f1_macro=0.4699 val_f1_weighted=0.5240 val_prec_macro=0.4802 val_rec_macro=0.4639 val_metric_name=acc val_metric=0.5270
Step 2600 | loss 0.5049 | val_acc=0.5283 val_loss=1.9333 val_f1_macro=0.4734 val_f1_weighted=0.5257 val_prec_macro=0.4828 val_rec_macro=0.4677 val_metric_name=acc val_metric=0.5283
Step 2650 | loss 0.4822 | val_acc=0.5295 val_loss=1.9730 val_f1_macro=0.4727 val_f1_weighted=0.5266 val_prec_macro=0.4824 val_rec_macro=0.4673 val_metric_name=acc val_metric=0.5295
Step 2700 | loss 0.4654 | val_acc=0.5331 val_loss=2.0009 val_f1_macro=0.4763 val_f1_weighted=0.5299 val_prec_macro=0.4870 val_rec_macro=0.4702 val_metric_name=acc val_metric=0.5331
Step 2750 | loss 0.4572 | val_acc=0.5324 val_loss=2.0280 val_f1_macro=0.4772 val_f1_weighted=0.5300 val_prec_macro=0.4848 val_rec_macro=0.4726 val_metric_name=acc val_metric=0.5324
Step 2800 | loss 0.4365 | val_acc=0.5314 val_loss=2.0651 val_f1_macro=0.4763 val_f1_weighted=0.5293 val_prec_macro=0.4829 val_rec_macro=0.4721 val_metric_name=acc val_metric=0.5314
Step 2850 | loss 0.4335 | val_acc=0.5344 val_loss=2.0978 val_f1_macro=0.4802 val_f1_weighted=0.5320 val_prec_macro=0.4885 val_rec_macro=0.4746 val_metric_name=acc val_metric=0.5344
Step 2900 | loss 0.4131 | val_acc=0.5339 val_loss=2.1264 val_f1_macro=0.4804 val_f1_weighted=0.5323 val_prec_macro=0.4846 val_rec_macro=0.4780 val_metric_name=acc val_metric=0.5339
Step 2950 | loss 0.3983 | val_acc=0.5358 val_loss=2.1589 val_f1_macro=0.4813 val_f1_weighted=0.5337 val_prec_macro=0.4882 val_rec_macro=0.4772 val_metric_name=acc val_metric=0.5358
Step 3000 | loss 0.3700 | val_acc=0.5386 val_loss=2.1993 val_f1_macro=0.4840 val_f1_weighted=0.5368 val_prec_macro=0.4891 val_rec_macro=0.4809 val_metric_name=acc val_metric=0.5386
Step 3050 | loss 0.3724 | val_acc=0.5388 val_loss=2.2336 val_f1_macro=0.4835 val_f1_weighted=0.5369 val_prec_macro=0.4894 val_rec_macro=0.4796 val_metric_name=acc val_metric=0.5388
Step 3100 | loss 0.3570 | val_acc=0.5396 val_loss=2.2693 val_f1_macro=0.4849 val_f1_weighted=0.5376 val_prec_macro=0.4917 val_rec_macro=0.4802 val_metric_name=acc val_metric=0.5396
Step 3150 | loss 0.3588 | val_acc=0.5409 val_loss=2.2997 val_f1_macro=0.4863 val_f1_weighted=0.5388 val_prec_macro=0.4935 val_rec_macro=0.4812 val_metric_name=acc val_metric=0.5409
Step 3200 | loss 0.3452 | val_acc=0.5412 val_loss=2.3382 val_f1_macro=0.4862 val_f1_weighted=0.5392 val_prec_macro=0.4921 val_rec_macro=0.4828 val_metric_name=acc val_metric=0.5412
Step 3250 | loss 0.3290 | val_acc=0.5421 val_loss=2.3668 val_f1_macro=0.4870 val_f1_weighted=0.5400 val_prec_macro=0.4929 val_rec_macro=0.4833 val_metric_name=acc val_metric=0.5421
Step 3300 | loss 0.3061 | val_acc=0.5394 val_loss=2.4119 val_f1_macro=0.4829 val_f1_weighted=0.5376 val_prec_macro=0.4875 val_rec_macro=0.4805 val_metric_name=acc val_metric=0.5394
Step 3350 | loss 0.3050 | val_acc=0.5411 val_loss=2.4446 val_f1_macro=0.4865 val_f1_weighted=0.5395 val_prec_macro=0.4908 val_rec_macro=0.4839 val_metric_name=acc val_metric=0.5411
Step 3400 | loss 0.2805 | val_acc=0.5412 val_loss=2.4828 val_f1_macro=0.4854 val_f1_weighted=0.5395 val_prec_macro=0.4899 val_rec_macro=0.4826 val_metric_name=acc val_metric=0.5412
Step 3450 | loss 0.2805 | val_acc=0.5416 val_loss=2.5001 val_f1_macro=0.4858 val_f1_weighted=0.5398 val_prec_macro=0.4905 val_rec_macro=0.4830 val_metric_name=acc val_metric=0.5416
Step 3500 | loss 0.2735 | val_acc=0.5421 val_loss=2.5403 val_f1_macro=0.4875 val_f1_weighted=0.5407 val_prec_macro=0.4911 val_rec_macro=0.4849 val_metric_name=acc val_metric=0.5421
Step 3550 | loss 0.2686 | val_acc=0.5424 val_loss=2.5646 val_f1_macro=0.4854 val_f1_weighted=0.5406 val_prec_macro=0.4903 val_rec_macro=0.4821 val_metric_name=acc val_metric=0.5424
Step 3600 | loss 0.2567 | val_acc=0.5424 val_loss=2.5971 val_f1_macro=0.4886 val_f1_weighted=0.5409 val_prec_macro=0.4925 val_rec_macro=0.4859 val_metric_name=acc val_metric=0.5424
Step 3650 | loss 0.2447 | val_acc=0.5412 val_loss=2.6276 val_f1_macro=0.4870 val_f1_weighted=0.5401 val_prec_macro=0.4897 val_rec_macro=0.4851 val_metric_name=acc val_metric=0.5412
Step 3700 | loss 0.2383 | val_acc=0.5414 val_loss=2.6565 val_f1_macro=0.4857 val_f1_weighted=0.5402 val_prec_macro=0.4885 val_rec_macro=0.4839 val_metric_name=acc val_metric=0.5414
Step 3750 | loss 0.2291 | val_acc=0.5406 val_loss=2.6982 val_f1_macro=0.4850 val_f1_weighted=0.5395 val_prec_macro=0.4870 val_rec_macro=0.4841 val_metric_name=acc val_metric=0.5406
Step 3800 | loss 0.2272 | val_acc=0.5417 val_loss=2.7211 val_f1_macro=0.4874 val_f1_weighted=0.5405 val_prec_macro=0.4910 val_rec_macro=0.4847 val_metric_name=acc val_metric=0.5417
Step 3850 | loss 0.2145 | val_acc=0.5440 val_loss=2.7524 val_f1_macro=0.4871 val_f1_weighted=0.5429 val_prec_macro=0.4902 val_rec_macro=0.4850 val_metric_name=acc val_metric=0.5440
Step 3900 | loss 0.2103 | val_acc=0.5445 val_loss=2.7788 val_f1_macro=0.4899 val_f1_weighted=0.5434 val_prec_macro=0.4924 val_rec_macro=0.4883 val_metric_name=acc val_metric=0.5445
Step 3950 | loss 0.2096 | val_acc=0.5443 val_loss=2.8025 val_f1_macro=0.4888 val_f1_weighted=0.5431 val_prec_macro=0.4921 val_rec_macro=0.4866 val_metric_name=acc val_metric=0.5443
Step 4000 | loss 0.2011 | val_acc=0.5430 val_loss=2.8304 val_f1_macro=0.4866 val_f1_weighted=0.5416 val_prec_macro=0.4910 val_rec_macro=0.4835 val_metric_name=acc val_metric=0.5430
Step 4050 | loss 0.1964 | val_acc=0.5422 val_loss=2.8641 val_f1_macro=0.4848 val_f1_weighted=0.5413 val_prec_macro=0.4872 val_rec_macro=0.4831 val_metric_name=acc val_metric=0.5422
Step 4100 | loss 0.1905 | val_acc=0.5443 val_loss=2.9056 val_f1_macro=0.4865 val_f1_weighted=0.5431 val_prec_macro=0.4900 val_rec_macro=0.4840 val_metric_name=acc val_metric=0.5443
Step 4150 | loss 0.1817 | val_acc=0.5437 val_loss=2.9137 val_f1_macro=0.4871 val_f1_weighted=0.5423 val_prec_macro=0.4916 val_rec_macro=0.4836 val_metric_name=acc val_metric=0.5437
Step 4200 | loss 0.1730 | val_acc=0.5445 val_loss=2.9391 val_f1_macro=0.4887 val_f1_weighted=0.5430 val_prec_macro=0.4932 val_rec_macro=0.4854 val_metric_name=acc val_metric=0.5445
Step 4250 | loss 0.1717 | val_acc=0.5442 val_loss=2.9750 val_f1_macro=0.4885 val_f1_weighted=0.5430 val_prec_macro=0.4911 val_rec_macro=0.4868 val_metric_name=acc val_metric=0.5442
Step 4300 | loss 0.1622 | val_acc=0.5439 val_loss=3.0108 val_f1_macro=0.4878 val_f1_weighted=0.5432 val_prec_macro=0.4884 val_rec_macro=0.4879 val_metric_name=acc val_metric=0.5439
Step 4350 | loss 0.1636 | val_acc=0.5421 val_loss=3.0223 val_f1_macro=0.4864 val_f1_weighted=0.5414 val_prec_macro=0.4878 val_rec_macro=0.4858 val_metric_name=acc val_metric=0.5421
Step 4400 | loss 0.1584 | val_acc=0.5432 val_loss=3.0472 val_f1_macro=0.4861 val_f1_weighted=0.5422 val_prec_macro=0.4882 val_rec_macro=0.4848 val_metric_name=acc val_metric=0.5432
Step 4450 | loss 0.1480 | val_acc=0.5455 val_loss=3.0726 val_f1_macro=0.4897 val_f1_weighted=0.5443 val_prec_macro=0.4924 val_rec_macro=0.4879 val_metric_name=acc val_metric=0.5455
Step 4500 | loss 0.1509 | val_acc=0.5425 val_loss=3.0973 val_f1_macro=0.4870 val_f1_weighted=0.5416 val_prec_macro=0.4891 val_rec_macro=0.4855 val_metric_name=acc val_metric=0.5425
Step 4550 | loss 0.1472 | val_acc=0.5440 val_loss=3.1121 val_f1_macro=0.4874 val_f1_weighted=0.5430 val_prec_macro=0.4897 val_rec_macro=0.4860 val_metric_name=acc val_metric=0.5440
Step 4600 | loss 0.1270 | val_acc=0.5430 val_loss=3.1428 val_f1_macro=0.4876 val_f1_weighted=0.5425 val_prec_macro=0.4888 val_rec_macro=0.4869 val_metric_name=acc val_metric=0.5430
Step 4650 | loss 0.1359 | val_acc=0.5445 val_loss=3.1586 val_f1_macro=0.4901 val_f1_weighted=0.5435 val_prec_macro=0.4926 val_rec_macro=0.4882 val_metric_name=acc val_metric=0.5445
Step 4700 | loss 0.1305 | val_acc=0.5437 val_loss=3.1878 val_f1_macro=0.4873 val_f1_weighted=0.5431 val_prec_macro=0.4881 val_rec_macro=0.4871 val_metric_name=acc val_metric=0.5437
Step 4750 | loss 0.1312 | val_acc=0.5430 val_loss=3.2003 val_f1_macro=0.4869 val_f1_weighted=0.5424 val_prec_macro=0.4878 val_rec_macro=0.4865 val_metric_name=acc val_metric=0.5430
Step 4800 | loss 0.1298 | val_acc=0.5406 val_loss=3.2417 val_f1_macro=0.4842 val_f1_weighted=0.5401 val_prec_macro=0.4848 val_rec_macro=0.4839 val_metric_name=acc val_metric=0.5406
Step 4850 | loss 0.1177 | val_acc=0.5455 val_loss=3.2368 val_f1_macro=0.4894 val_f1_weighted=0.5445 val_prec_macro=0.4923 val_rec_macro=0.4872 val_metric_name=acc val_metric=0.5455
Step 4900 | loss 0.1271 | val_acc=0.5435 val_loss=3.2635 val_f1_macro=0.4872 val_f1_weighted=0.5429 val_prec_macro=0.4883 val_rec_macro=0.4865 val_metric_name=acc val_metric=0.5435
Step 4950 | loss 0.1184 | val_acc=0.5430 val_loss=3.2823 val_f1_macro=0.4881 val_f1_weighted=0.5423 val_prec_macro=0.4890 val_rec_macro=0.4881 val_metric_name=acc val_metric=0.5430
Step 5000 | loss 0.1114 | val_acc=0.5422 val_loss=3.2994 val_f1_macro=0.4850 val_f1_weighted=0.5416 val_prec_macro=0.4857 val_rec_macro=0.4847 val_metric_name=acc val_metric=0.5422

--- Final (best ckpt @ step 4070) ---
  train_acc=0.9949 train_loss=0.0216 train_f1_macro=0.9943 train_f1_weighted=0.9949 train_prec_macro=0.9937 train_rec_macro=0.9949 train_metric_name=acc train_metric=0.9949
  val_acc=0.5456 val_loss=2.8825 val_f1_macro=0.4888 val_f1_weighted=0.5444 val_prec_macro=0.4925 val_rec_macro=0.4863 val_metric_name=acc val_metric=0.5456
  test_acc=0.5390 test_loss=2.9173 test_f1_macro=0.4801 test_f1_weighted=0.5371 test_prec_macro=0.4851 test_rec_macro=0.4766 test_metric_name=acc test_metric=0.5390
  test_acc=0.5390
  >> num_layers=4 hidden_dim=256 lr=3e-05 best_step=4190 val_acc=0.5432 test_acc=0.5409
     val_acc=0.5432 val_f1_macro=0.4886 val_f1_weighted=0.5419 val_loss=3.0977 val_metric=0.5432 val_metric_name=acc val_prec_macro=0.4948 val_rec_macro=0.4839
     test_acc=0.5409 test_f1_macro=0.4905 test_f1_weighted=0.5395 test_loss=3.1138 test_metric=0.5409 test_metric_name=acc test_prec_macro=0.4952 test_rec_macro=0.4867
  >> num_layers=4 hidden_dim=256 lr=6e-05 best_step=4540 val_acc=0.5528 test_acc=0.5447
     val_acc=0.5528 val_f1_macro=0.4946 val_f1_weighted=0.5509 val_loss=3.9469 val_metric=0.5528 val_metric_name=acc val_prec_macro=0.5034 val_rec_macro=0.4876
     test_acc=0.5447 test_f1_macro=0.4950 test_f1_weighted=0.5433 test_loss=3.9613 test_metric=0.5447 test_metric_name=acc test_prec_macro=0.4997 test_rec_macro=0.4911
  >> num_layers=4 hidden_dim=256 lr=0.0001 best_step=2520 val_acc=0.5481 test_acc=0.5453
     val_acc=0.5481 val_f1_macro=0.4912 val_f1_weighted=0.5465 val_loss=3.6778 val_metric=0.5481 val_metric_name=acc val_prec_macro=0.4989 val_rec_macro=0.4850
     test_acc=0.5453 test_f1_macro=0.4929 test_f1_weighted=0.5440 test_loss=3.7087 test_metric=0.5453 test_metric_name=acc test_prec_macro=0.4973 test_rec_macro=0.4891
  >> num_layers=4 hidden_dim=256 lr=1e-05 best_step=4920 val_acc=0.5262 test_acc=0.5331
     val_acc=0.5262 val_f1_macro=0.4688 val_f1_weighted=0.5233 val_loss=1.7716 val_metric=0.5262 val_metric_name=acc val_prec_macro=0.4804 val_rec_macro=0.4626
     test_acc=0.5331 test_f1_macro=0.4770 test_f1_weighted=0.5293 test_loss=1.8184 test_metric=0.5331 test_metric_name=acc test_prec_macro=0.4882 test_rec_macro=0.4701
  >> num_layers=4 hidden_dim=384 lr=3e-05 best_step=3220 val_acc=0.5453 test_acc=0.5434
     val_acc=0.5453 val_f1_macro=0.4858 val_f1_weighted=0.5440 val_loss=3.6002 val_metric=0.5453 val_metric_name=acc val_prec_macro=0.4904 val_rec_macro=0.4822
     test_acc=0.5434 test_f1_macro=0.4902 test_f1_weighted=0.5419 test_loss=3.6283 test_metric=0.5434 test_metric_name=acc test_prec_macro=0.4931 test_rec_macro=0.4886
  >> num_layers=4 hidden_dim=384 lr=6e-05 best_step=960 val_acc=0.5404 test_acc=0.5439
     val_acc=0.5404 val_f1_macro=0.4813 val_f1_weighted=0.5387 val_loss=2.3821 val_metric=0.5404 val_metric_name=acc val_prec_macro=0.4857 val_rec_macro=0.4782
     test_acc=0.5439 test_f1_macro=0.4911 test_f1_weighted=0.5414 test_loss=2.4151 test_metric=0.5439 test_metric_name=acc test_prec_macro=0.4951 test_rec_macro=0.4899
  >> num_layers=4 hidden_dim=384 lr=0.0001 best_step=810 val_acc=0.5419 test_acc=0.5378
     val_acc=0.5419 val_f1_macro=0.4828 val_f1_weighted=0.5408 val_loss=2.6927 val_metric=0.5419 val_metric_name=acc val_prec_macro=0.4881 val_rec_macro=0.4787
     test_acc=0.5378 test_f1_macro=0.4832 test_f1_weighted=0.5360 test_loss=2.7196 test_metric=0.5378 test_metric_name=acc test_prec_macro=0.4892 test_rec_macro=0.4785
  >> num_layers=4 hidden_dim=384 lr=1e-05 best_step=4890 val_acc=0.5380 test_acc=0.5437
     val_acc=0.5380 val_f1_macro=0.4801 val_f1_weighted=0.5368 val_loss=2.5845 val_metric=0.5380 val_metric_name=acc val_prec_macro=0.4829 val_rec_macro=0.4781
     test_acc=0.5437 test_f1_macro=0.4918 test_f1_weighted=0.5419 test_loss=2.6018 test_metric=0.5437 test_metric_name=acc test_prec_macro=0.4951 test_rec_macro=0.4902
  >> num_layers=4 hidden_dim=512 lr=3e-05 best_step=2540 val_acc=0.5514 test_acc=0.5450
     val_acc=0.5514 val_f1_macro=0.4942 val_f1_weighted=0.5501 val_loss=3.7156 val_metric=0.5514 val_metric_name=acc val_prec_macro=0.4987 val_rec_macro=0.4906
     test_acc=0.5450 test_f1_macro=0.4856 test_f1_weighted=0.5430 test_loss=3.7787 test_metric=0.5450 test_metric_name=acc test_prec_macro=0.4911 test_rec_macro=0.4814
  >> num_layers=4 hidden_dim=512 lr=6e-05 best_step=2180 val_acc=0.5532 test_acc=0.5465
     val_acc=0.5532 val_f1_macro=0.4982 val_f1_weighted=0.5517 val_loss=4.1100 val_metric=0.5532 val_metric_name=acc val_prec_macro=0.5037 val_rec_macro=0.4938
     test_acc=0.5465 test_f1_macro=0.4923 test_f1_weighted=0.5442 test_loss=4.1739 test_metric=0.5465 test_metric_name=acc test_prec_macro=0.4998 test_rec_macro=0.4869
  >> num_layers=4 hidden_dim=512 lr=0.0001 best_step=1140 val_acc=0.5496 test_acc=0.5425
     val_acc=0.5496 val_f1_macro=0.4971 val_f1_weighted=0.5474 val_loss=3.6918 val_metric=0.5496 val_metric_name=acc val_prec_macro=0.5102 val_rec_macro=0.4881
     test_acc=0.5425 test_f1_macro=0.4873 test_f1_weighted=0.5396 test_loss=3.7462 test_metric=0.5425 test_metric_name=acc test_prec_macro=0.4986 test_rec_macro=0.4790
  >> num_layers=4 hidden_dim=512 lr=1e-05 best_step=4070 val_acc=0.5456 test_acc=0.5390
     val_acc=0.5456 val_f1_macro=0.4888 val_f1_weighted=0.5444 val_loss=2.8825 val_metric=0.5456 val_metric_name=acc val_prec_macro=0.4925 val_rec_macro=0.4863
     test_acc=0.5390 test_f1_macro=0.4801 test_f1_weighted=0.5371 test_loss=2.9173 test_metric=0.5390 test_metric_name=acc test_prec_macro=0.4851 test_rec_macro=0.4766
  >> selected best (by val): num_layers=4 hidden_dim=512 lr=6e-05 val_acc=0.5532 test_acc=0.5465
     val_acc=0.5532 val_f1_macro=0.4982 val_f1_weighted=0.5517 val_loss=4.1100 val_metric=0.5532 val_metric_name=acc val_prec_macro=0.5037 val_rec_macro=0.4938
     test_acc=0.5465 test_f1_macro=0.4923 test_f1_weighted=0.5442 test_loss=4.1739 test_metric=0.5465 test_metric_name=acc test_prec_macro=0.4998 test_rec_macro=0.4869

Done. Results saved to /home/avshmelev/diploma_yandex_graphs/results_grid/amazon_ratings/base.csv, checkpoints in /home/avshmelev/diploma_yandex_graphs/all_checkpoints/amazon_ratings/base/
