Loading data...

============================================================
Training amazon-ratings GT 4L h=256 lr=3e-05 split=3
============================================================
Training for 5000 steps
Step    1 | loss 1.6218 | val_acc=0.2997 val_loss=1.4630 val_f1_macro=0.1750 val_f1_weighted=0.2633 val_prec_macro=0.1744 val_rec_macro=0.2031 val_metric_name=acc val_metric=0.2997
Step   50 | loss 1.4085 | val_acc=0.3823 val_loss=1.3917 val_f1_macro=0.1573 val_f1_weighted=0.2641 val_prec_macro=0.1575 val_rec_macro=0.2178 val_metric_name=acc val_metric=0.3823
Step  100 | loss 1.3736 | val_acc=0.4086 val_loss=1.3630 val_f1_macro=0.1989 val_f1_weighted=0.3181 val_prec_macro=0.2252 val_rec_macro=0.2477 val_metric_name=acc val_metric=0.4086
Step  150 | loss 1.3410 | val_acc=0.4134 val_loss=1.3453 val_f1_macro=0.2208 val_f1_weighted=0.3424 val_prec_macro=0.3293 val_rec_macro=0.2600 val_metric_name=acc val_metric=0.4134
Step  200 | loss 1.3118 | val_acc=0.4170 val_loss=1.3359 val_f1_macro=0.2468 val_f1_weighted=0.3681 val_prec_macro=0.2889 val_rec_macro=0.2750 val_metric_name=acc val_metric=0.4170
Step  250 | loss 1.2916 | val_acc=0.4259 val_loss=1.3319 val_f1_macro=0.2691 val_f1_weighted=0.3860 val_prec_macro=0.3258 val_rec_macro=0.2902 val_metric_name=acc val_metric=0.4259
Step  300 | loss 1.2599 | val_acc=0.4299 val_loss=1.3278 val_f1_macro=0.2844 val_f1_weighted=0.3933 val_prec_macro=0.3633 val_rec_macro=0.3001 val_metric_name=acc val_metric=0.4299
Step  350 | loss 1.2347 | val_acc=0.4344 val_loss=1.3226 val_f1_macro=0.3125 val_f1_weighted=0.4064 val_prec_macro=0.3845 val_rec_macro=0.3175 val_metric_name=acc val_metric=0.4344
Step  400 | loss 1.2122 | val_acc=0.4431 val_loss=1.3217 val_f1_macro=0.3276 val_f1_weighted=0.4175 val_prec_macro=0.3983 val_rec_macro=0.3297 val_metric_name=acc val_metric=0.4431
Step  450 | loss 1.1824 | val_acc=0.4478 val_loss=1.3329 val_f1_macro=0.3346 val_f1_weighted=0.4206 val_prec_macro=0.4120 val_rec_macro=0.3364 val_metric_name=acc val_metric=0.4478
Step  500 | loss 1.1577 | val_acc=0.4594 val_loss=1.3234 val_f1_macro=0.3566 val_f1_weighted=0.4380 val_prec_macro=0.4158 val_rec_macro=0.3515 val_metric_name=acc val_metric=0.4594
Step  550 | loss 1.1284 | val_acc=0.4606 val_loss=1.3302 val_f1_macro=0.3624 val_f1_weighted=0.4406 val_prec_macro=0.4166 val_rec_macro=0.3579 val_metric_name=acc val_metric=0.4606
Step  600 | loss 1.1047 | val_acc=0.4666 val_loss=1.3359 val_f1_macro=0.3730 val_f1_weighted=0.4475 val_prec_macro=0.4208 val_rec_macro=0.3692 val_metric_name=acc val_metric=0.4666
Step  650 | loss 1.0715 | val_acc=0.4740 val_loss=1.3377 val_f1_macro=0.3830 val_f1_weighted=0.4571 val_prec_macro=0.4288 val_rec_macro=0.3756 val_metric_name=acc val_metric=0.4740
Step  700 | loss 1.0499 | val_acc=0.4759 val_loss=1.3557 val_f1_macro=0.3882 val_f1_weighted=0.4594 val_prec_macro=0.4312 val_rec_macro=0.3830 val_metric_name=acc val_metric=0.4759
Step  750 | loss 1.0195 | val_acc=0.4839 val_loss=1.3504 val_f1_macro=0.3978 val_f1_weighted=0.4701 val_prec_macro=0.4368 val_rec_macro=0.3884 val_metric_name=acc val_metric=0.4839
Step  800 | loss 0.9943 | val_acc=0.4865 val_loss=1.3723 val_f1_macro=0.4000 val_f1_weighted=0.4718 val_prec_macro=0.4377 val_rec_macro=0.3939 val_metric_name=acc val_metric=0.4865
Step  850 | loss 0.9704 | val_acc=0.4931 val_loss=1.3779 val_f1_macro=0.4165 val_f1_weighted=0.4810 val_prec_macro=0.4500 val_rec_macro=0.4079 val_metric_name=acc val_metric=0.4931
Step  900 | loss 0.9462 | val_acc=0.4955 val_loss=1.3911 val_f1_macro=0.4216 val_f1_weighted=0.4840 val_prec_macro=0.4580 val_rec_macro=0.4125 val_metric_name=acc val_metric=0.4955
Step  950 | loss 0.9183 | val_acc=0.5002 val_loss=1.4003 val_f1_macro=0.4274 val_f1_weighted=0.4899 val_prec_macro=0.4637 val_rec_macro=0.4150 val_metric_name=acc val_metric=0.5002
Step 1000 | loss 0.8884 | val_acc=0.5081 val_loss=1.4141 val_f1_macro=0.4365 val_f1_weighted=0.4982 val_prec_macro=0.4687 val_rec_macro=0.4255 val_metric_name=acc val_metric=0.5081
Step 1050 | loss 0.8580 | val_acc=0.5086 val_loss=1.4410 val_f1_macro=0.4417 val_f1_weighted=0.5004 val_prec_macro=0.4650 val_rec_macro=0.4333 val_metric_name=acc val_metric=0.5086
Step 1100 | loss 0.8355 | val_acc=0.5133 val_loss=1.4619 val_f1_macro=0.4473 val_f1_weighted=0.5061 val_prec_macro=0.4715 val_rec_macro=0.4375 val_metric_name=acc val_metric=0.5133
Step 1150 | loss 0.8074 | val_acc=0.5167 val_loss=1.4849 val_f1_macro=0.4493 val_f1_weighted=0.5091 val_prec_macro=0.4757 val_rec_macro=0.4382 val_metric_name=acc val_metric=0.5167
Step 1200 | loss 0.7839 | val_acc=0.5210 val_loss=1.4987 val_f1_macro=0.4578 val_f1_weighted=0.5141 val_prec_macro=0.4808 val_rec_macro=0.4472 val_metric_name=acc val_metric=0.5210
Step 1250 | loss 0.7579 | val_acc=0.5221 val_loss=1.5302 val_f1_macro=0.4606 val_f1_weighted=0.5160 val_prec_macro=0.4809 val_rec_macro=0.4508 val_metric_name=acc val_metric=0.5221
Step 1300 | loss 0.7284 | val_acc=0.5238 val_loss=1.5573 val_f1_macro=0.4640 val_f1_weighted=0.5177 val_prec_macro=0.4831 val_rec_macro=0.4560 val_metric_name=acc val_metric=0.5238
Step 1350 | loss 0.7105 | val_acc=0.5254 val_loss=1.5786 val_f1_macro=0.4669 val_f1_weighted=0.5200 val_prec_macro=0.4872 val_rec_macro=0.4570 val_metric_name=acc val_metric=0.5254
Step 1400 | loss 0.6735 | val_acc=0.5256 val_loss=1.6024 val_f1_macro=0.4667 val_f1_weighted=0.5200 val_prec_macro=0.4886 val_rec_macro=0.4562 val_metric_name=acc val_metric=0.5256
Step 1450 | loss 0.6564 | val_acc=0.5262 val_loss=1.6442 val_f1_macro=0.4711 val_f1_weighted=0.5217 val_prec_macro=0.4843 val_rec_macro=0.4650 val_metric_name=acc val_metric=0.5262
Step 1500 | loss 0.6361 | val_acc=0.5280 val_loss=1.6749 val_f1_macro=0.4738 val_f1_weighted=0.5233 val_prec_macro=0.4923 val_rec_macro=0.4644 val_metric_name=acc val_metric=0.5280
Step 1550 | loss 0.6194 | val_acc=0.5292 val_loss=1.6969 val_f1_macro=0.4742 val_f1_weighted=0.5252 val_prec_macro=0.4872 val_rec_macro=0.4673 val_metric_name=acc val_metric=0.5292
Step 1600 | loss 0.5947 | val_acc=0.5303 val_loss=1.7468 val_f1_macro=0.4764 val_f1_weighted=0.5260 val_prec_macro=0.4914 val_rec_macro=0.4684 val_metric_name=acc val_metric=0.5303
Step 1650 | loss 0.5634 | val_acc=0.5303 val_loss=1.7634 val_f1_macro=0.4783 val_f1_weighted=0.5270 val_prec_macro=0.4903 val_rec_macro=0.4709 val_metric_name=acc val_metric=0.5303
Step 1700 | loss 0.5586 | val_acc=0.5306 val_loss=1.7981 val_f1_macro=0.4760 val_f1_weighted=0.5266 val_prec_macro=0.4885 val_rec_macro=0.4701 val_metric_name=acc val_metric=0.5306
Step 1750 | loss 0.5364 | val_acc=0.5308 val_loss=1.8231 val_f1_macro=0.4760 val_f1_weighted=0.5271 val_prec_macro=0.4880 val_rec_macro=0.4692 val_metric_name=acc val_metric=0.5308
Step 1800 | loss 0.5161 | val_acc=0.5306 val_loss=1.8633 val_f1_macro=0.4796 val_f1_weighted=0.5278 val_prec_macro=0.4894 val_rec_macro=0.4737 val_metric_name=acc val_metric=0.5306
Step 1850 | loss 0.4975 | val_acc=0.5376 val_loss=1.8966 val_f1_macro=0.4846 val_f1_weighted=0.5350 val_prec_macro=0.4929 val_rec_macro=0.4797 val_metric_name=acc val_metric=0.5376
Step 1900 | loss 0.4730 | val_acc=0.5373 val_loss=1.9187 val_f1_macro=0.4840 val_f1_weighted=0.5344 val_prec_macro=0.4929 val_rec_macro=0.4793 val_metric_name=acc val_metric=0.5373
Step 1950 | loss 0.4594 | val_acc=0.5393 val_loss=1.9610 val_f1_macro=0.4870 val_f1_weighted=0.5370 val_prec_macro=0.4953 val_rec_macro=0.4818 val_metric_name=acc val_metric=0.5393
Step 2000 | loss 0.4436 | val_acc=0.5403 val_loss=2.0032 val_f1_macro=0.4910 val_f1_weighted=0.5386 val_prec_macro=0.4939 val_rec_macro=0.4904 val_metric_name=acc val_metric=0.5403
Step 2050 | loss 0.4271 | val_acc=0.5396 val_loss=2.0464 val_f1_macro=0.4886 val_f1_weighted=0.5377 val_prec_macro=0.4928 val_rec_macro=0.4870 val_metric_name=acc val_metric=0.5396
Step 2100 | loss 0.4205 | val_acc=0.5409 val_loss=2.0499 val_f1_macro=0.4908 val_f1_weighted=0.5390 val_prec_macro=0.4956 val_rec_macro=0.4878 val_metric_name=acc val_metric=0.5409
Step 2150 | loss 0.4009 | val_acc=0.5403 val_loss=2.1079 val_f1_macro=0.4892 val_f1_weighted=0.5386 val_prec_macro=0.4924 val_rec_macro=0.4881 val_metric_name=acc val_metric=0.5403
Step 2200 | loss 0.3816 | val_acc=0.5394 val_loss=2.1315 val_f1_macro=0.4900 val_f1_weighted=0.5376 val_prec_macro=0.4942 val_rec_macro=0.4875 val_metric_name=acc val_metric=0.5394
Step 2250 | loss 0.3740 | val_acc=0.5381 val_loss=2.1604 val_f1_macro=0.4873 val_f1_weighted=0.5366 val_prec_macro=0.4899 val_rec_macro=0.4865 val_metric_name=acc val_metric=0.5381
Step 2300 | loss 0.3646 | val_acc=0.5406 val_loss=2.2056 val_f1_macro=0.4914 val_f1_weighted=0.5390 val_prec_macro=0.4942 val_rec_macro=0.4905 val_metric_name=acc val_metric=0.5406
Step 2350 | loss 0.3550 | val_acc=0.5419 val_loss=2.2242 val_f1_macro=0.4905 val_f1_weighted=0.5402 val_prec_macro=0.4939 val_rec_macro=0.4895 val_metric_name=acc val_metric=0.5419
Step 2400 | loss 0.3490 | val_acc=0.5406 val_loss=2.2626 val_f1_macro=0.4921 val_f1_weighted=0.5392 val_prec_macro=0.4945 val_rec_macro=0.4918 val_metric_name=acc val_metric=0.5406
Step 2450 | loss 0.3253 | val_acc=0.5393 val_loss=2.3033 val_f1_macro=0.4914 val_f1_weighted=0.5382 val_prec_macro=0.4932 val_rec_macro=0.4908 val_metric_name=acc val_metric=0.5393
Step 2500 | loss 0.3136 | val_acc=0.5406 val_loss=2.3262 val_f1_macro=0.4895 val_f1_weighted=0.5388 val_prec_macro=0.4946 val_rec_macro=0.4868 val_metric_name=acc val_metric=0.5406
Step 2550 | loss 0.3114 | val_acc=0.5399 val_loss=2.3539 val_f1_macro=0.4916 val_f1_weighted=0.5385 val_prec_macro=0.4945 val_rec_macro=0.4902 val_metric_name=acc val_metric=0.5399
Step 2600 | loss 0.2961 | val_acc=0.5385 val_loss=2.3828 val_f1_macro=0.4879 val_f1_weighted=0.5372 val_prec_macro=0.4899 val_rec_macro=0.4871 val_metric_name=acc val_metric=0.5385
Early stopping at step 2640

--- Final (best ckpt @ step 2340) ---
  train_acc=0.9699 train_loss=0.0958 train_f1_macro=0.9686 train_f1_weighted=0.9699 train_prec_macro=0.9716 train_rec_macro=0.9660 train_metric_name=acc train_metric=0.9699
  val_acc=0.5445 val_loss=2.2122 val_f1_macro=0.4924 val_f1_weighted=0.5425 val_prec_macro=0.4980 val_rec_macro=0.4893 val_metric_name=acc val_metric=0.5445
  test_acc=0.5313 test_loss=2.2421 test_f1_macro=0.4726 test_f1_weighted=0.5288 test_prec_macro=0.4808 test_rec_macro=0.4679 test_metric_name=acc test_metric=0.5313
  test_acc=0.5313

============================================================
Training amazon-ratings GT 4L h=256 lr=6e-05 split=3
============================================================
Training for 5000 steps
Step    1 | loss 1.6218 | val_acc=0.3583 val_loss=1.4367 val_f1_macro=0.1237 val_f1_weighted=0.2177 val_prec_macro=0.1521 val_rec_macro=0.1979 val_metric_name=acc val_metric=0.3583
Step   50 | loss 1.3856 | val_acc=0.3959 val_loss=1.3718 val_f1_macro=0.1851 val_f1_weighted=0.2999 val_prec_macro=0.1882 val_rec_macro=0.2359 val_metric_name=acc val_metric=0.3959
Step  100 | loss 1.3359 | val_acc=0.4150 val_loss=1.3414 val_f1_macro=0.2275 val_f1_weighted=0.3502 val_prec_macro=0.3293 val_rec_macro=0.2632 val_metric_name=acc val_metric=0.4150
Step  150 | loss 1.2863 | val_acc=0.4246 val_loss=1.3298 val_f1_macro=0.2718 val_f1_weighted=0.3891 val_prec_macro=0.3212 val_rec_macro=0.2892 val_metric_name=acc val_metric=0.4246
Step  200 | loss 1.2399 | val_acc=0.4323 val_loss=1.3253 val_f1_macro=0.2994 val_f1_weighted=0.3999 val_prec_macro=0.3755 val_rec_macro=0.3094 val_metric_name=acc val_metric=0.4323
Step  250 | loss 1.1979 | val_acc=0.4439 val_loss=1.3245 val_f1_macro=0.3295 val_f1_weighted=0.4166 val_prec_macro=0.3966 val_rec_macro=0.3330 val_metric_name=acc val_metric=0.4439
Step  300 | loss 1.1465 | val_acc=0.4540 val_loss=1.3299 val_f1_macro=0.3509 val_f1_weighted=0.4298 val_prec_macro=0.4208 val_rec_macro=0.3491 val_metric_name=acc val_metric=0.4540
Step  350 | loss 1.1023 | val_acc=0.4627 val_loss=1.3387 val_f1_macro=0.3694 val_f1_weighted=0.4426 val_prec_macro=0.4217 val_rec_macro=0.3647 val_metric_name=acc val_metric=0.4627
Step  400 | loss 1.0583 | val_acc=0.4762 val_loss=1.3482 val_f1_macro=0.3841 val_f1_weighted=0.4578 val_prec_macro=0.4418 val_rec_macro=0.3773 val_metric_name=acc val_metric=0.4762
Step  450 | loss 1.0096 | val_acc=0.4873 val_loss=1.3667 val_f1_macro=0.4031 val_f1_weighted=0.4736 val_prec_macro=0.4408 val_rec_macro=0.3948 val_metric_name=acc val_metric=0.4873
Step  500 | loss 0.9579 | val_acc=0.4944 val_loss=1.3738 val_f1_macro=0.4160 val_f1_weighted=0.4834 val_prec_macro=0.4507 val_rec_macro=0.4073 val_metric_name=acc val_metric=0.4944
Step  550 | loss 0.9163 | val_acc=0.5017 val_loss=1.4037 val_f1_macro=0.4279 val_f1_weighted=0.4912 val_prec_macro=0.4661 val_rec_macro=0.4152 val_metric_name=acc val_metric=0.5017
Step  600 | loss 0.8679 | val_acc=0.5104 val_loss=1.4276 val_f1_macro=0.4400 val_f1_weighted=0.5016 val_prec_macro=0.4732 val_rec_macro=0.4274 val_metric_name=acc val_metric=0.5104
Step  650 | loss 0.8048 | val_acc=0.5180 val_loss=1.4784 val_f1_macro=0.4516 val_f1_weighted=0.5093 val_prec_macro=0.4825 val_rec_macro=0.4395 val_metric_name=acc val_metric=0.5180
Step  700 | loss 0.7707 | val_acc=0.5190 val_loss=1.5310 val_f1_macro=0.4547 val_f1_weighted=0.5119 val_prec_macro=0.4760 val_rec_macro=0.4463 val_metric_name=acc val_metric=0.5190
Step  750 | loss 0.7110 | val_acc=0.5241 val_loss=1.5726 val_f1_macro=0.4651 val_f1_weighted=0.5185 val_prec_macro=0.4855 val_rec_macro=0.4547 val_metric_name=acc val_metric=0.5241
Step  800 | loss 0.6741 | val_acc=0.5283 val_loss=1.6361 val_f1_macro=0.4711 val_f1_weighted=0.5225 val_prec_macro=0.4913 val_rec_macro=0.4626 val_metric_name=acc val_metric=0.5283
Step  850 | loss 0.6278 | val_acc=0.5244 val_loss=1.6856 val_f1_macro=0.4705 val_f1_weighted=0.5199 val_prec_macro=0.4835 val_rec_macro=0.4647 val_metric_name=acc val_metric=0.5244
Step  900 | loss 0.6022 | val_acc=0.5287 val_loss=1.7494 val_f1_macro=0.4739 val_f1_weighted=0.5250 val_prec_macro=0.4872 val_rec_macro=0.4665 val_metric_name=acc val_metric=0.5287
Step  950 | loss 0.5528 | val_acc=0.5316 val_loss=1.8027 val_f1_macro=0.4772 val_f1_weighted=0.5278 val_prec_macro=0.4896 val_rec_macro=0.4704 val_metric_name=acc val_metric=0.5316
Step 1000 | loss 0.5213 | val_acc=0.5339 val_loss=1.8614 val_f1_macro=0.4786 val_f1_weighted=0.5301 val_prec_macro=0.4916 val_rec_macro=0.4708 val_metric_name=acc val_metric=0.5339
Step 1050 | loss 0.4814 | val_acc=0.5344 val_loss=1.9417 val_f1_macro=0.4794 val_f1_weighted=0.5315 val_prec_macro=0.4882 val_rec_macro=0.4746 val_metric_name=acc val_metric=0.5344
Step 1100 | loss 0.4573 | val_acc=0.5355 val_loss=2.0202 val_f1_macro=0.4822 val_f1_weighted=0.5334 val_prec_macro=0.4881 val_rec_macro=0.4788 val_metric_name=acc val_metric=0.5355
Step 1150 | loss 0.4186 | val_acc=0.5378 val_loss=2.0729 val_f1_macro=0.4844 val_f1_weighted=0.5355 val_prec_macro=0.4911 val_rec_macro=0.4798 val_metric_name=acc val_metric=0.5378
Step 1200 | loss 0.3952 | val_acc=0.5398 val_loss=2.1133 val_f1_macro=0.4896 val_f1_weighted=0.5379 val_prec_macro=0.4939 val_rec_macro=0.4871 val_metric_name=acc val_metric=0.5398
Step 1250 | loss 0.3759 | val_acc=0.5398 val_loss=2.1888 val_f1_macro=0.4863 val_f1_weighted=0.5384 val_prec_macro=0.4893 val_rec_macro=0.4846 val_metric_name=acc val_metric=0.5398
Step 1300 | loss 0.3443 | val_acc=0.5393 val_loss=2.2518 val_f1_macro=0.4864 val_f1_weighted=0.5380 val_prec_macro=0.4881 val_rec_macro=0.4862 val_metric_name=acc val_metric=0.5393
Step 1350 | loss 0.3257 | val_acc=0.5388 val_loss=2.3009 val_f1_macro=0.4850 val_f1_weighted=0.5379 val_prec_macro=0.4861 val_rec_macro=0.4851 val_metric_name=acc val_metric=0.5388
Step 1400 | loss 0.2984 | val_acc=0.5424 val_loss=2.3511 val_f1_macro=0.4891 val_f1_weighted=0.5408 val_prec_macro=0.4928 val_rec_macro=0.4880 val_metric_name=acc val_metric=0.5424
Step 1450 | loss 0.2910 | val_acc=0.5391 val_loss=2.4261 val_f1_macro=0.4859 val_f1_weighted=0.5379 val_prec_macro=0.4871 val_rec_macro=0.4862 val_metric_name=acc val_metric=0.5391
Step 1500 | loss 0.2632 | val_acc=0.5391 val_loss=2.4648 val_f1_macro=0.4869 val_f1_weighted=0.5377 val_prec_macro=0.4894 val_rec_macro=0.4864 val_metric_name=acc val_metric=0.5391
Step 1550 | loss 0.2468 | val_acc=0.5388 val_loss=2.5277 val_f1_macro=0.4871 val_f1_weighted=0.5381 val_prec_macro=0.4878 val_rec_macro=0.4870 val_metric_name=acc val_metric=0.5388
Step 1600 | loss 0.2433 | val_acc=0.5393 val_loss=2.5773 val_f1_macro=0.4874 val_f1_weighted=0.5378 val_prec_macro=0.4896 val_rec_macro=0.4874 val_metric_name=acc val_metric=0.5393
Step 1650 | loss 0.2245 | val_acc=0.5380 val_loss=2.6296 val_f1_macro=0.4860 val_f1_weighted=0.5373 val_prec_macro=0.4866 val_rec_macro=0.4863 val_metric_name=acc val_metric=0.5380
Step 1700 | loss 0.2175 | val_acc=0.5393 val_loss=2.6743 val_f1_macro=0.4894 val_f1_weighted=0.5383 val_prec_macro=0.4908 val_rec_macro=0.4897 val_metric_name=acc val_metric=0.5393
Early stopping at step 1725

--- Final (best ckpt @ step 1400) ---
  train_acc=0.9820 train_loss=0.0652 train_f1_macro=0.9807 train_f1_weighted=0.9820 train_prec_macro=0.9807 train_rec_macro=0.9807 train_metric_name=acc train_metric=0.9820
  val_acc=0.5424 val_loss=2.3511 val_f1_macro=0.4891 val_f1_weighted=0.5408 val_prec_macro=0.4928 val_rec_macro=0.4880 val_metric_name=acc val_metric=0.5424
  test_acc=0.5324 test_loss=2.3715 test_f1_macro=0.4764 test_f1_weighted=0.5306 test_prec_macro=0.4831 test_rec_macro=0.4715 test_metric_name=acc test_metric=0.5324
  test_acc=0.5324

============================================================
Training amazon-ratings GT 4L h=256 lr=0.0001 split=3
============================================================
Training for 5000 steps
Step    1 | loss 1.6218 | val_acc=0.3678 val_loss=1.5194 val_f1_macro=0.1078 val_f1_weighted=0.1981 val_prec_macro=0.1402 val_rec_macro=0.2001 val_metric_name=acc val_metric=0.3678
Step   50 | loss 1.3661 | val_acc=0.4075 val_loss=1.3630 val_f1_macro=0.2039 val_f1_weighted=0.3232 val_prec_macro=0.2264 val_rec_macro=0.2500 val_metric_name=acc val_metric=0.4075
Step  100 | loss 1.3038 | val_acc=0.4165 val_loss=1.3309 val_f1_macro=0.2526 val_f1_weighted=0.3732 val_prec_macro=0.2905 val_rec_macro=0.2759 val_metric_name=acc val_metric=0.4165
Step  150 | loss 1.2292 | val_acc=0.4372 val_loss=1.3233 val_f1_macro=0.3037 val_f1_weighted=0.4066 val_prec_macro=0.3819 val_rec_macro=0.3138 val_metric_name=acc val_metric=0.4372
Step  200 | loss 1.1623 | val_acc=0.4537 val_loss=1.3154 val_f1_macro=0.3444 val_f1_weighted=0.4303 val_prec_macro=0.4072 val_rec_macro=0.3437 val_metric_name=acc val_metric=0.4537
Step  250 | loss 1.0947 | val_acc=0.4659 val_loss=1.3399 val_f1_macro=0.3782 val_f1_weighted=0.4472 val_prec_macro=0.4280 val_rec_macro=0.3730 val_metric_name=acc val_metric=0.4659
Step  300 | loss 1.0188 | val_acc=0.4824 val_loss=1.3552 val_f1_macro=0.3967 val_f1_weighted=0.4669 val_prec_macro=0.4360 val_rec_macro=0.3892 val_metric_name=acc val_metric=0.4824
Step  350 | loss 0.9507 | val_acc=0.4927 val_loss=1.3826 val_f1_macro=0.4155 val_f1_weighted=0.4819 val_prec_macro=0.4516 val_rec_macro=0.4036 val_metric_name=acc val_metric=0.4927
Step  400 | loss 0.8746 | val_acc=0.5069 val_loss=1.4202 val_f1_macro=0.4309 val_f1_weighted=0.4948 val_prec_macro=0.4813 val_rec_macro=0.4163 val_metric_name=acc val_metric=0.5069
Step  450 | loss 0.7939 | val_acc=0.5195 val_loss=1.4915 val_f1_macro=0.4514 val_f1_weighted=0.5112 val_prec_macro=0.4836 val_rec_macro=0.4371 val_metric_name=acc val_metric=0.5195
Step  500 | loss 0.7212 | val_acc=0.5226 val_loss=1.5603 val_f1_macro=0.4597 val_f1_weighted=0.5159 val_prec_macro=0.4809 val_rec_macro=0.4516 val_metric_name=acc val_metric=0.5226
Step  550 | loss 0.6628 | val_acc=0.5283 val_loss=1.6582 val_f1_macro=0.4686 val_f1_weighted=0.5228 val_prec_macro=0.4871 val_rec_macro=0.4607 val_metric_name=acc val_metric=0.5283
Step  600 | loss 0.5935 | val_acc=0.5327 val_loss=1.7397 val_f1_macro=0.4764 val_f1_weighted=0.5285 val_prec_macro=0.4913 val_rec_macro=0.4685 val_metric_name=acc val_metric=0.5327
Step  650 | loss 0.5204 | val_acc=0.5309 val_loss=1.8414 val_f1_macro=0.4748 val_f1_weighted=0.5270 val_prec_macro=0.4870 val_rec_macro=0.4687 val_metric_name=acc val_metric=0.5309
Step  700 | loss 0.4849 | val_acc=0.5376 val_loss=1.9528 val_f1_macro=0.4816 val_f1_weighted=0.5345 val_prec_macro=0.4919 val_rec_macro=0.4747 val_metric_name=acc val_metric=0.5376
Step  750 | loss 0.4237 | val_acc=0.5341 val_loss=2.0547 val_f1_macro=0.4813 val_f1_weighted=0.5316 val_prec_macro=0.4887 val_rec_macro=0.4765 val_metric_name=acc val_metric=0.5341
Step  800 | loss 0.3893 | val_acc=0.5376 val_loss=2.1473 val_f1_macro=0.4837 val_f1_weighted=0.5350 val_prec_macro=0.4909 val_rec_macro=0.4805 val_metric_name=acc val_metric=0.5376
Step  850 | loss 0.3511 | val_acc=0.5327 val_loss=2.2361 val_f1_macro=0.4782 val_f1_weighted=0.5313 val_prec_macro=0.4789 val_rec_macro=0.4794 val_metric_name=acc val_metric=0.5327
Step  900 | loss 0.3269 | val_acc=0.5372 val_loss=2.3189 val_f1_macro=0.4844 val_f1_weighted=0.5347 val_prec_macro=0.4926 val_rec_macro=0.4789 val_metric_name=acc val_metric=0.5372
Step  950 | loss 0.2893 | val_acc=0.5394 val_loss=2.4078 val_f1_macro=0.4865 val_f1_weighted=0.5376 val_prec_macro=0.4890 val_rec_macro=0.4864 val_metric_name=acc val_metric=0.5394
Step 1000 | loss 0.2593 | val_acc=0.5365 val_loss=2.4877 val_f1_macro=0.4853 val_f1_weighted=0.5347 val_prec_macro=0.4895 val_rec_macro=0.4828 val_metric_name=acc val_metric=0.5365
Step 1050 | loss 0.2339 | val_acc=0.5365 val_loss=2.5806 val_f1_macro=0.4862 val_f1_weighted=0.5350 val_prec_macro=0.4881 val_rec_macro=0.4867 val_metric_name=acc val_metric=0.5365
Step 1100 | loss 0.2237 | val_acc=0.5362 val_loss=2.6591 val_f1_macro=0.4864 val_f1_weighted=0.5353 val_prec_macro=0.4879 val_rec_macro=0.4861 val_metric_name=acc val_metric=0.5362
Step 1150 | loss 0.1969 | val_acc=0.5360 val_loss=2.7270 val_f1_macro=0.4854 val_f1_weighted=0.5351 val_prec_macro=0.4867 val_rec_macro=0.4852 val_metric_name=acc val_metric=0.5360
Step 1200 | loss 0.1871 | val_acc=0.5403 val_loss=2.7586 val_f1_macro=0.4892 val_f1_weighted=0.5392 val_prec_macro=0.4919 val_rec_macro=0.4880 val_metric_name=acc val_metric=0.5403
Step 1250 | loss 0.1765 | val_acc=0.5355 val_loss=2.8528 val_f1_macro=0.4852 val_f1_weighted=0.5351 val_prec_macro=0.4852 val_rec_macro=0.4862 val_metric_name=acc val_metric=0.5355
Step 1300 | loss 0.1576 | val_acc=0.5380 val_loss=2.9009 val_f1_macro=0.4856 val_f1_weighted=0.5373 val_prec_macro=0.4865 val_rec_macro=0.4861 val_metric_name=acc val_metric=0.5380
Step 1350 | loss 0.1464 | val_acc=0.5376 val_loss=2.9375 val_f1_macro=0.4867 val_f1_weighted=0.5364 val_prec_macro=0.4906 val_rec_macro=0.4839 val_metric_name=acc val_metric=0.5376
Step 1400 | loss 0.1320 | val_acc=0.5367 val_loss=2.9910 val_f1_macro=0.4870 val_f1_weighted=0.5358 val_prec_macro=0.4901 val_rec_macro=0.4861 val_metric_name=acc val_metric=0.5367
Step 1450 | loss 0.1331 | val_acc=0.5394 val_loss=3.0586 val_f1_macro=0.4898 val_f1_weighted=0.5384 val_prec_macro=0.4914 val_rec_macro=0.4891 val_metric_name=acc val_metric=0.5394
Step 1500 | loss 0.1214 | val_acc=0.5368 val_loss=3.0851 val_f1_macro=0.4879 val_f1_weighted=0.5356 val_prec_macro=0.4918 val_rec_macro=0.4858 val_metric_name=acc val_metric=0.5368
Step 1550 | loss 0.1116 | val_acc=0.5323 val_loss=3.1452 val_f1_macro=0.4816 val_f1_weighted=0.5316 val_prec_macro=0.4826 val_rec_macro=0.4811 val_metric_name=acc val_metric=0.5323
Step 1600 | loss 0.1071 | val_acc=0.5357 val_loss=3.1766 val_f1_macro=0.4865 val_f1_weighted=0.5346 val_prec_macro=0.4892 val_rec_macro=0.4853 val_metric_name=acc val_metric=0.5357
Step 1650 | loss 0.1057 | val_acc=0.5334 val_loss=3.2194 val_f1_macro=0.4854 val_f1_weighted=0.5325 val_prec_macro=0.4880 val_rec_macro=0.4832 val_metric_name=acc val_metric=0.5334
Step 1700 | loss 0.0948 | val_acc=0.5362 val_loss=3.2662 val_f1_macro=0.4870 val_f1_weighted=0.5347 val_prec_macro=0.4933 val_rec_macro=0.4829 val_metric_name=acc val_metric=0.5362
Step 1750 | loss 0.0936 | val_acc=0.5345 val_loss=3.3019 val_f1_macro=0.4859 val_f1_weighted=0.5338 val_prec_macro=0.4869 val_rec_macro=0.4859 val_metric_name=acc val_metric=0.5345
Early stopping at step 1756

--- Final (best ckpt @ step 1180) ---
  train_acc=0.9945 train_loss=0.0201 train_f1_macro=0.9940 train_f1_weighted=0.9945 train_prec_macro=0.9931 train_rec_macro=0.9949 train_metric_name=acc train_metric=0.9945
  val_acc=0.5414 val_loss=2.7642 val_f1_macro=0.4904 val_f1_weighted=0.5405 val_prec_macro=0.4910 val_rec_macro=0.4916 val_metric_name=acc val_metric=0.5414
  test_acc=0.5349 test_loss=2.7589 test_f1_macro=0.4785 test_f1_weighted=0.5333 test_prec_macro=0.4825 test_rec_macro=0.4764 test_metric_name=acc test_metric=0.5349
  test_acc=0.5349

============================================================
Training amazon-ratings GT 4L h=256 lr=1e-05 split=3
============================================================
Training for 5000 steps
Step    1 | loss 1.6218 | val_acc=0.2705 val_loss=1.5224 val_f1_macro=0.1367 val_f1_weighted=0.1779 val_prec_macro=0.1781 val_rec_macro=0.2070 val_metric_name=acc val_metric=0.2705
Step   50 | loss 1.4356 | val_acc=0.3719 val_loss=1.4100 val_f1_macro=0.1260 val_f1_weighted=0.2221 val_prec_macro=0.2798 val_rec_macro=0.2051 val_metric_name=acc val_metric=0.3719
Step  100 | loss 1.4184 | val_acc=0.3760 val_loss=1.3953 val_f1_macro=0.1463 val_f1_weighted=0.2492 val_prec_macro=0.1533 val_rec_macro=0.2117 val_metric_name=acc val_metric=0.3760
Step  150 | loss 1.4012 | val_acc=0.3858 val_loss=1.3829 val_f1_macro=0.1682 val_f1_weighted=0.2781 val_prec_macro=0.1587 val_rec_macro=0.2234 val_metric_name=acc val_metric=0.3858
Step  200 | loss 1.3850 | val_acc=0.4001 val_loss=1.3707 val_f1_macro=0.1877 val_f1_weighted=0.3037 val_prec_macro=0.1895 val_rec_macro=0.2386 val_metric_name=acc val_metric=0.4001
Step  250 | loss 1.3725 | val_acc=0.4112 val_loss=1.3609 val_f1_macro=0.2011 val_f1_weighted=0.3210 val_prec_macro=0.2301 val_rec_macro=0.2498 val_metric_name=acc val_metric=0.4112
Step  300 | loss 1.3561 | val_acc=0.4086 val_loss=1.3530 val_f1_macro=0.2068 val_f1_weighted=0.3263 val_prec_macro=0.4146 val_rec_macro=0.2516 val_metric_name=acc val_metric=0.4086
Step  350 | loss 1.3482 | val_acc=0.4125 val_loss=1.3478 val_f1_macro=0.2193 val_f1_weighted=0.3408 val_prec_macro=0.3276 val_rec_macro=0.2586 val_metric_name=acc val_metric=0.4125
Step  400 | loss 1.3399 | val_acc=0.4176 val_loss=1.3427 val_f1_macro=0.2306 val_f1_weighted=0.3534 val_prec_macro=0.3328 val_rec_macro=0.2664 val_metric_name=acc val_metric=0.4176
Step  450 | loss 1.3279 | val_acc=0.4191 val_loss=1.3393 val_f1_macro=0.2398 val_f1_weighted=0.3621 val_prec_macro=0.3113 val_rec_macro=0.2716 val_metric_name=acc val_metric=0.4191
Step  500 | loss 1.3179 | val_acc=0.4179 val_loss=1.3358 val_f1_macro=0.2444 val_f1_weighted=0.3655 val_prec_macro=0.2881 val_rec_macro=0.2740 val_metric_name=acc val_metric=0.4179
Step  550 | loss 1.3065 | val_acc=0.4210 val_loss=1.3375 val_f1_macro=0.2557 val_f1_weighted=0.3735 val_prec_macro=0.3244 val_rec_macro=0.2826 val_metric_name=acc val_metric=0.4210
Step  600 | loss 1.2938 | val_acc=0.4245 val_loss=1.3346 val_f1_macro=0.2636 val_f1_weighted=0.3814 val_prec_macro=0.3246 val_rec_macro=0.2873 val_metric_name=acc val_metric=0.4245
Step  650 | loss 1.2838 | val_acc=0.4271 val_loss=1.3334 val_f1_macro=0.2692 val_f1_weighted=0.3852 val_prec_macro=0.3323 val_rec_macro=0.2919 val_metric_name=acc val_metric=0.4271
Step  700 | loss 1.2763 | val_acc=0.4274 val_loss=1.3312 val_f1_macro=0.2779 val_f1_weighted=0.3881 val_prec_macro=0.3573 val_rec_macro=0.2969 val_metric_name=acc val_metric=0.4274
Step  750 | loss 1.2622 | val_acc=0.4294 val_loss=1.3291 val_f1_macro=0.2895 val_f1_weighted=0.3932 val_prec_macro=0.3695 val_rec_macro=0.3037 val_metric_name=acc val_metric=0.4294
Step  800 | loss 1.2573 | val_acc=0.4305 val_loss=1.3282 val_f1_macro=0.2965 val_f1_weighted=0.3975 val_prec_macro=0.3729 val_rec_macro=0.3082 val_metric_name=acc val_metric=0.4305
Step  850 | loss 1.2424 | val_acc=0.4328 val_loss=1.3262 val_f1_macro=0.3093 val_f1_weighted=0.4029 val_prec_macro=0.3817 val_rec_macro=0.3163 val_metric_name=acc val_metric=0.4328
Step  900 | loss 1.2356 | val_acc=0.4338 val_loss=1.3257 val_f1_macro=0.3116 val_f1_weighted=0.4039 val_prec_macro=0.3842 val_rec_macro=0.3182 val_metric_name=acc val_metric=0.4338
Step  950 | loss 1.2262 | val_acc=0.4367 val_loss=1.3211 val_f1_macro=0.3193 val_f1_weighted=0.4091 val_prec_macro=0.3853 val_rec_macro=0.3236 val_metric_name=acc val_metric=0.4367
Step 1000 | loss 1.2093 | val_acc=0.4415 val_loss=1.3228 val_f1_macro=0.3252 val_f1_weighted=0.4149 val_prec_macro=0.3923 val_rec_macro=0.3279 val_metric_name=acc val_metric=0.4415
Step 1050 | loss 1.2006 | val_acc=0.4413 val_loss=1.3249 val_f1_macro=0.3309 val_f1_weighted=0.4157 val_prec_macro=0.3934 val_rec_macro=0.3334 val_metric_name=acc val_metric=0.4413
Step 1100 | loss 1.1886 | val_acc=0.4441 val_loss=1.3282 val_f1_macro=0.3364 val_f1_weighted=0.4179 val_prec_macro=0.4066 val_rec_macro=0.3373 val_metric_name=acc val_metric=0.4441
Step 1150 | loss 1.1839 | val_acc=0.4470 val_loss=1.3263 val_f1_macro=0.3386 val_f1_weighted=0.4211 val_prec_macro=0.4045 val_rec_macro=0.3396 val_metric_name=acc val_metric=0.4470
Step 1200 | loss 1.1688 | val_acc=0.4488 val_loss=1.3240 val_f1_macro=0.3445 val_f1_weighted=0.4253 val_prec_macro=0.4023 val_rec_macro=0.3437 val_metric_name=acc val_metric=0.4488
Step 1250 | loss 1.1596 | val_acc=0.4495 val_loss=1.3283 val_f1_macro=0.3469 val_f1_weighted=0.4265 val_prec_macro=0.4060 val_rec_macro=0.3462 val_metric_name=acc val_metric=0.4495
Step 1300 | loss 1.1506 | val_acc=0.4544 val_loss=1.3277 val_f1_macro=0.3521 val_f1_weighted=0.4316 val_prec_macro=0.4061 val_rec_macro=0.3515 val_metric_name=acc val_metric=0.4544
Step 1350 | loss 1.1419 | val_acc=0.4557 val_loss=1.3252 val_f1_macro=0.3557 val_f1_weighted=0.4348 val_prec_macro=0.4058 val_rec_macro=0.3530 val_metric_name=acc val_metric=0.4557
Step 1400 | loss 1.1337 | val_acc=0.4576 val_loss=1.3353 val_f1_macro=0.3564 val_f1_weighted=0.4357 val_prec_macro=0.4079 val_rec_macro=0.3551 val_metric_name=acc val_metric=0.4576
Step 1450 | loss 1.1235 | val_acc=0.4597 val_loss=1.3345 val_f1_macro=0.3608 val_f1_weighted=0.4390 val_prec_macro=0.4088 val_rec_macro=0.3584 val_metric_name=acc val_metric=0.4597
Step 1500 | loss 1.1140 | val_acc=0.4617 val_loss=1.3349 val_f1_macro=0.3604 val_f1_weighted=0.4403 val_prec_macro=0.4112 val_rec_macro=0.3583 val_metric_name=acc val_metric=0.4617
Step 1550 | loss 1.1084 | val_acc=0.4656 val_loss=1.3413 val_f1_macro=0.3681 val_f1_weighted=0.4453 val_prec_macro=0.4182 val_rec_macro=0.3653 val_metric_name=acc val_metric=0.4656
Step 1600 | loss 1.1014 | val_acc=0.4677 val_loss=1.3410 val_f1_macro=0.3732 val_f1_weighted=0.4491 val_prec_macro=0.4176 val_rec_macro=0.3694 val_metric_name=acc val_metric=0.4677
Step 1650 | loss 1.0849 | val_acc=0.4712 val_loss=1.3387 val_f1_macro=0.3788 val_f1_weighted=0.4541 val_prec_macro=0.4210 val_rec_macro=0.3735 val_metric_name=acc val_metric=0.4712
Step 1700 | loss 1.0790 | val_acc=0.4712 val_loss=1.3471 val_f1_macro=0.3784 val_f1_weighted=0.4531 val_prec_macro=0.4232 val_rec_macro=0.3740 val_metric_name=acc val_metric=0.4712
Step 1750 | loss 1.0683 | val_acc=0.4735 val_loss=1.3480 val_f1_macro=0.3824 val_f1_weighted=0.4557 val_prec_macro=0.4270 val_rec_macro=0.3779 val_metric_name=acc val_metric=0.4735
Step 1800 | loss 1.0635 | val_acc=0.4728 val_loss=1.3535 val_f1_macro=0.3854 val_f1_weighted=0.4568 val_prec_macro=0.4294 val_rec_macro=0.3796 val_metric_name=acc val_metric=0.4728
Step 1850 | loss 1.0463 | val_acc=0.4764 val_loss=1.3458 val_f1_macro=0.3869 val_f1_weighted=0.4612 val_prec_macro=0.4255 val_rec_macro=0.3802 val_metric_name=acc val_metric=0.4764
Step 1900 | loss 1.0366 | val_acc=0.4772 val_loss=1.3527 val_f1_macro=0.3896 val_f1_weighted=0.4621 val_prec_macro=0.4276 val_rec_macro=0.3840 val_metric_name=acc val_metric=0.4772
Step 1950 | loss 1.0264 | val_acc=0.4813 val_loss=1.3581 val_f1_macro=0.3933 val_f1_weighted=0.4658 val_prec_macro=0.4314 val_rec_macro=0.3873 val_metric_name=acc val_metric=0.4813
Step 2000 | loss 1.0168 | val_acc=0.4802 val_loss=1.3599 val_f1_macro=0.3927 val_f1_weighted=0.4656 val_prec_macro=0.4285 val_rec_macro=0.3865 val_metric_name=acc val_metric=0.4802
Step 2050 | loss 1.0105 | val_acc=0.4813 val_loss=1.3663 val_f1_macro=0.3968 val_f1_weighted=0.4664 val_prec_macro=0.4370 val_rec_macro=0.3903 val_metric_name=acc val_metric=0.4813
Step 2100 | loss 0.9983 | val_acc=0.4841 val_loss=1.3672 val_f1_macro=0.4004 val_f1_weighted=0.4697 val_prec_macro=0.4408 val_rec_macro=0.3933 val_metric_name=acc val_metric=0.4841
Step 2150 | loss 0.9940 | val_acc=0.4886 val_loss=1.3683 val_f1_macro=0.4061 val_f1_weighted=0.4759 val_prec_macro=0.4405 val_rec_macro=0.3982 val_metric_name=acc val_metric=0.4886
Step 2200 | loss 0.9799 | val_acc=0.4893 val_loss=1.3758 val_f1_macro=0.4053 val_f1_weighted=0.4754 val_prec_macro=0.4426 val_rec_macro=0.3976 val_metric_name=acc val_metric=0.4893
Step 2250 | loss 0.9767 | val_acc=0.4921 val_loss=1.3803 val_f1_macro=0.4144 val_f1_weighted=0.4797 val_prec_macro=0.4476 val_rec_macro=0.4070 val_metric_name=acc val_metric=0.4921
Step 2300 | loss 0.9717 | val_acc=0.4901 val_loss=1.3849 val_f1_macro=0.4151 val_f1_weighted=0.4780 val_prec_macro=0.4471 val_rec_macro=0.4082 val_metric_name=acc val_metric=0.4901
Step 2350 | loss 0.9519 | val_acc=0.4926 val_loss=1.3881 val_f1_macro=0.4153 val_f1_weighted=0.4802 val_prec_macro=0.4496 val_rec_macro=0.4071 val_metric_name=acc val_metric=0.4926
Step 2400 | loss 0.9479 | val_acc=0.4967 val_loss=1.3921 val_f1_macro=0.4190 val_f1_weighted=0.4841 val_prec_macro=0.4524 val_rec_macro=0.4108 val_metric_name=acc val_metric=0.4967
Step 2450 | loss 0.9359 | val_acc=0.4975 val_loss=1.3952 val_f1_macro=0.4221 val_f1_weighted=0.4862 val_prec_macro=0.4552 val_rec_macro=0.4134 val_metric_name=acc val_metric=0.4975
Step 2500 | loss 0.9281 | val_acc=0.4976 val_loss=1.4045 val_f1_macro=0.4248 val_f1_weighted=0.4868 val_prec_macro=0.4568 val_rec_macro=0.4162 val_metric_name=acc val_metric=0.4976
Step 2550 | loss 0.9208 | val_acc=0.5011 val_loss=1.4052 val_f1_macro=0.4269 val_f1_weighted=0.4904 val_prec_macro=0.4602 val_rec_macro=0.4172 val_metric_name=acc val_metric=0.5011
Step 2600 | loss 0.9136 | val_acc=0.5025 val_loss=1.4085 val_f1_macro=0.4296 val_f1_weighted=0.4919 val_prec_macro=0.4633 val_rec_macro=0.4193 val_metric_name=acc val_metric=0.5025
Step 2650 | loss 0.9023 | val_acc=0.5029 val_loss=1.4251 val_f1_macro=0.4321 val_f1_weighted=0.4925 val_prec_macro=0.4658 val_rec_macro=0.4226 val_metric_name=acc val_metric=0.5029
Step 2700 | loss 0.8863 | val_acc=0.5033 val_loss=1.4257 val_f1_macro=0.4330 val_f1_weighted=0.4936 val_prec_macro=0.4631 val_rec_macro=0.4228 val_metric_name=acc val_metric=0.5033
Step 2750 | loss 0.8789 | val_acc=0.5056 val_loss=1.4256 val_f1_macro=0.4360 val_f1_weighted=0.4960 val_prec_macro=0.4669 val_rec_macro=0.4255 val_metric_name=acc val_metric=0.5056
Step 2800 | loss 0.8657 | val_acc=0.5048 val_loss=1.4372 val_f1_macro=0.4375 val_f1_weighted=0.4960 val_prec_macro=0.4640 val_rec_macro=0.4294 val_metric_name=acc val_metric=0.5048
Step 2850 | loss 0.8672 | val_acc=0.5079 val_loss=1.4480 val_f1_macro=0.4393 val_f1_weighted=0.4988 val_prec_macro=0.4664 val_rec_macro=0.4309 val_metric_name=acc val_metric=0.5079
Step 2900 | loss 0.8537 | val_acc=0.5087 val_loss=1.4433 val_f1_macro=0.4395 val_f1_weighted=0.5003 val_prec_macro=0.4661 val_rec_macro=0.4300 val_metric_name=acc val_metric=0.5087
Step 2950 | loss 0.8455 | val_acc=0.5097 val_loss=1.4555 val_f1_macro=0.4423 val_f1_weighted=0.5017 val_prec_macro=0.4653 val_rec_macro=0.4342 val_metric_name=acc val_metric=0.5097
Step 3000 | loss 0.8383 | val_acc=0.5110 val_loss=1.4609 val_f1_macro=0.4418 val_f1_weighted=0.5028 val_prec_macro=0.4675 val_rec_macro=0.4329 val_metric_name=acc val_metric=0.5110
Step 3050 | loss 0.8280 | val_acc=0.5114 val_loss=1.4677 val_f1_macro=0.4443 val_f1_weighted=0.5035 val_prec_macro=0.4684 val_rec_macro=0.4359 val_metric_name=acc val_metric=0.5114
Step 3100 | loss 0.8199 | val_acc=0.5131 val_loss=1.4790 val_f1_macro=0.4472 val_f1_weighted=0.5061 val_prec_macro=0.4680 val_rec_macro=0.4395 val_metric_name=acc val_metric=0.5131
Step 3150 | loss 0.8038 | val_acc=0.5182 val_loss=1.4849 val_f1_macro=0.4541 val_f1_weighted=0.5112 val_prec_macro=0.4765 val_rec_macro=0.4448 val_metric_name=acc val_metric=0.5182
Step 3200 | loss 0.7999 | val_acc=0.5166 val_loss=1.4920 val_f1_macro=0.4545 val_f1_weighted=0.5100 val_prec_macro=0.4749 val_rec_macro=0.4468 val_metric_name=acc val_metric=0.5166
Step 3250 | loss 0.7926 | val_acc=0.5169 val_loss=1.4961 val_f1_macro=0.4540 val_f1_weighted=0.5102 val_prec_macro=0.4759 val_rec_macro=0.4455 val_metric_name=acc val_metric=0.5169
Step 3300 | loss 0.7890 | val_acc=0.5187 val_loss=1.5075 val_f1_macro=0.4550 val_f1_weighted=0.5119 val_prec_macro=0.4762 val_rec_macro=0.4466 val_metric_name=acc val_metric=0.5187
Step 3350 | loss 0.7777 | val_acc=0.5202 val_loss=1.5139 val_f1_macro=0.4579 val_f1_weighted=0.5138 val_prec_macro=0.4783 val_rec_macro=0.4490 val_metric_name=acc val_metric=0.5202
Step 3400 | loss 0.7702 | val_acc=0.5226 val_loss=1.5184 val_f1_macro=0.4620 val_f1_weighted=0.5168 val_prec_macro=0.4790 val_rec_macro=0.4549 val_metric_name=acc val_metric=0.5226
Step 3450 | loss 0.7625 | val_acc=0.5221 val_loss=1.5274 val_f1_macro=0.4616 val_f1_weighted=0.5161 val_prec_macro=0.4798 val_rec_macro=0.4538 val_metric_name=acc val_metric=0.5221
Step 3500 | loss 0.7470 | val_acc=0.5225 val_loss=1.5383 val_f1_macro=0.4615 val_f1_weighted=0.5161 val_prec_macro=0.4808 val_rec_macro=0.4538 val_metric_name=acc val_metric=0.5225
Step 3550 | loss 0.7492 | val_acc=0.5236 val_loss=1.5390 val_f1_macro=0.4623 val_f1_weighted=0.5181 val_prec_macro=0.4795 val_rec_macro=0.4544 val_metric_name=acc val_metric=0.5236
Step 3600 | loss 0.7282 | val_acc=0.5246 val_loss=1.5557 val_f1_macro=0.4624 val_f1_weighted=0.5190 val_prec_macro=0.4795 val_rec_macro=0.4550 val_metric_name=acc val_metric=0.5246
Step 3650 | loss 0.7291 | val_acc=0.5254 val_loss=1.5631 val_f1_macro=0.4631 val_f1_weighted=0.5201 val_prec_macro=0.4793 val_rec_macro=0.4558 val_metric_name=acc val_metric=0.5254
Step 3700 | loss 0.7121 | val_acc=0.5251 val_loss=1.5762 val_f1_macro=0.4659 val_f1_weighted=0.5204 val_prec_macro=0.4797 val_rec_macro=0.4598 val_metric_name=acc val_metric=0.5251
Step 3750 | loss 0.7079 | val_acc=0.5277 val_loss=1.5830 val_f1_macro=0.4673 val_f1_weighted=0.5228 val_prec_macro=0.4822 val_rec_macro=0.4605 val_metric_name=acc val_metric=0.5277
Step 3800 | loss 0.7009 | val_acc=0.5292 val_loss=1.5896 val_f1_macro=0.4692 val_f1_weighted=0.5244 val_prec_macro=0.4834 val_rec_macro=0.4630 val_metric_name=acc val_metric=0.5292
Step 3850 | loss 0.6897 | val_acc=0.5252 val_loss=1.6038 val_f1_macro=0.4673 val_f1_weighted=0.5207 val_prec_macro=0.4805 val_rec_macro=0.4619 val_metric_name=acc val_metric=0.5252
Step 3900 | loss 0.6898 | val_acc=0.5270 val_loss=1.6115 val_f1_macro=0.4689 val_f1_weighted=0.5228 val_prec_macro=0.4815 val_rec_macro=0.4634 val_metric_name=acc val_metric=0.5270
Step 3950 | loss 0.6795 | val_acc=0.5288 val_loss=1.6201 val_f1_macro=0.4693 val_f1_weighted=0.5244 val_prec_macro=0.4837 val_rec_macro=0.4625 val_metric_name=acc val_metric=0.5288
Step 4000 | loss 0.6745 | val_acc=0.5272 val_loss=1.6331 val_f1_macro=0.4686 val_f1_weighted=0.5228 val_prec_macro=0.4822 val_rec_macro=0.4625 val_metric_name=acc val_metric=0.5272
Step 4050 | loss 0.6628 | val_acc=0.5275 val_loss=1.6427 val_f1_macro=0.4714 val_f1_weighted=0.5231 val_prec_macro=0.4848 val_rec_macro=0.4655 val_metric_name=acc val_metric=0.5275
Step 4100 | loss 0.6556 | val_acc=0.5292 val_loss=1.6478 val_f1_macro=0.4707 val_f1_weighted=0.5250 val_prec_macro=0.4842 val_rec_macro=0.4644 val_metric_name=acc val_metric=0.5292
Step 4150 | loss 0.6497 | val_acc=0.5303 val_loss=1.6567 val_f1_macro=0.4720 val_f1_weighted=0.5260 val_prec_macro=0.4852 val_rec_macro=0.4656 val_metric_name=acc val_metric=0.5303
Step 4200 | loss 0.6445 | val_acc=0.5292 val_loss=1.6701 val_f1_macro=0.4725 val_f1_weighted=0.5254 val_prec_macro=0.4845 val_rec_macro=0.4669 val_metric_name=acc val_metric=0.5292
Step 4250 | loss 0.6299 | val_acc=0.5303 val_loss=1.6782 val_f1_macro=0.4730 val_f1_weighted=0.5265 val_prec_macro=0.4848 val_rec_macro=0.4675 val_metric_name=acc val_metric=0.5303
Step 4300 | loss 0.6326 | val_acc=0.5303 val_loss=1.6944 val_f1_macro=0.4733 val_f1_weighted=0.5266 val_prec_macro=0.4844 val_rec_macro=0.4680 val_metric_name=acc val_metric=0.5303
Step 4350 | loss 0.6216 | val_acc=0.5305 val_loss=1.7069 val_f1_macro=0.4745 val_f1_weighted=0.5267 val_prec_macro=0.4861 val_rec_macro=0.4690 val_metric_name=acc val_metric=0.5305
Step 4400 | loss 0.6136 | val_acc=0.5321 val_loss=1.7063 val_f1_macro=0.4749 val_f1_weighted=0.5283 val_prec_macro=0.4878 val_rec_macro=0.4683 val_metric_name=acc val_metric=0.5321
Step 4450 | loss 0.6108 | val_acc=0.5303 val_loss=1.7199 val_f1_macro=0.4729 val_f1_weighted=0.5264 val_prec_macro=0.4842 val_rec_macro=0.4676 val_metric_name=acc val_metric=0.5303
Step 4500 | loss 0.5978 | val_acc=0.5334 val_loss=1.7326 val_f1_macro=0.4763 val_f1_weighted=0.5296 val_prec_macro=0.4899 val_rec_macro=0.4689 val_metric_name=acc val_metric=0.5334
Step 4550 | loss 0.5895 | val_acc=0.5329 val_loss=1.7347 val_f1_macro=0.4779 val_f1_weighted=0.5297 val_prec_macro=0.4876 val_rec_macro=0.4729 val_metric_name=acc val_metric=0.5329
Step 4600 | loss 0.5867 | val_acc=0.5311 val_loss=1.7523 val_f1_macro=0.4752 val_f1_weighted=0.5275 val_prec_macro=0.4874 val_rec_macro=0.4694 val_metric_name=acc val_metric=0.5311
Step 4650 | loss 0.5789 | val_acc=0.5313 val_loss=1.7623 val_f1_macro=0.4757 val_f1_weighted=0.5278 val_prec_macro=0.4861 val_rec_macro=0.4705 val_metric_name=acc val_metric=0.5313
Step 4700 | loss 0.5690 | val_acc=0.5318 val_loss=1.7743 val_f1_macro=0.4757 val_f1_weighted=0.5286 val_prec_macro=0.4852 val_rec_macro=0.4712 val_metric_name=acc val_metric=0.5318
Step 4750 | loss 0.5697 | val_acc=0.5298 val_loss=1.7868 val_f1_macro=0.4763 val_f1_weighted=0.5266 val_prec_macro=0.4865 val_rec_macro=0.4713 val_metric_name=acc val_metric=0.5298
Step 4800 | loss 0.5632 | val_acc=0.5311 val_loss=1.7915 val_f1_macro=0.4772 val_f1_weighted=0.5278 val_prec_macro=0.4875 val_rec_macro=0.4719 val_metric_name=acc val_metric=0.5311
Step 4850 | loss 0.5467 | val_acc=0.5349 val_loss=1.8080 val_f1_macro=0.4799 val_f1_weighted=0.5316 val_prec_macro=0.4910 val_rec_macro=0.4739 val_metric_name=acc val_metric=0.5349
Step 4900 | loss 0.5455 | val_acc=0.5339 val_loss=1.8180 val_f1_macro=0.4831 val_f1_weighted=0.5307 val_prec_macro=0.4934 val_rec_macro=0.4779 val_metric_name=acc val_metric=0.5339
Step 4950 | loss 0.5454 | val_acc=0.5337 val_loss=1.8255 val_f1_macro=0.4814 val_f1_weighted=0.5303 val_prec_macro=0.4928 val_rec_macro=0.4760 val_metric_name=acc val_metric=0.5337
Step 5000 | loss 0.5238 | val_acc=0.5326 val_loss=1.8389 val_f1_macro=0.4806 val_f1_weighted=0.5294 val_prec_macro=0.4902 val_rec_macro=0.4761 val_metric_name=acc val_metric=0.5326

--- Final (best ckpt @ step 4850) ---
  train_acc=0.8974 train_loss=0.2715 train_f1_macro=0.8907 train_f1_weighted=0.8975 train_prec_macro=0.9023 train_rec_macro=0.8822 train_metric_name=acc train_metric=0.8974
  val_acc=0.5349 val_loss=1.8080 val_f1_macro=0.4799 val_f1_weighted=0.5316 val_prec_macro=0.4910 val_rec_macro=0.4739 val_metric_name=acc val_metric=0.5349
  test_acc=0.5223 test_loss=1.8497 test_f1_macro=0.4670 test_f1_weighted=0.5190 test_prec_macro=0.4802 test_rec_macro=0.4602 test_metric_name=acc test_metric=0.5223
  test_acc=0.5223

============================================================
Training amazon-ratings GT 4L h=384 lr=3e-05 split=3
============================================================
Training for 5000 steps
Step    1 | loss 1.9803 | val_acc=0.2696 val_loss=1.6602 val_f1_macro=0.1206 val_f1_weighted=0.1754 val_prec_macro=0.1380 val_rec_macro=0.1944 val_metric_name=acc val_metric=0.2696
Step   50 | loss 1.4189 | val_acc=0.3758 val_loss=1.3999 val_f1_macro=0.1479 val_f1_weighted=0.2512 val_prec_macro=0.2370 val_rec_macro=0.2120 val_metric_name=acc val_metric=0.3758
Step  100 | loss 1.3801 | val_acc=0.3949 val_loss=1.3722 val_f1_macro=0.1925 val_f1_weighted=0.3082 val_prec_macro=0.2248 val_rec_macro=0.2382 val_metric_name=acc val_metric=0.3949
Step  150 | loss 1.3475 | val_acc=0.4083 val_loss=1.3516 val_f1_macro=0.2224 val_f1_weighted=0.3430 val_prec_macro=0.2918 val_rec_macro=0.2587 val_metric_name=acc val_metric=0.4083
Step  200 | loss 1.3159 | val_acc=0.4145 val_loss=1.3414 val_f1_macro=0.2420 val_f1_weighted=0.3637 val_prec_macro=0.2698 val_rec_macro=0.2729 val_metric_name=acc val_metric=0.4145
Step  250 | loss 1.2797 | val_acc=0.4290 val_loss=1.3365 val_f1_macro=0.2710 val_f1_weighted=0.3892 val_prec_macro=0.3988 val_rec_macro=0.2934 val_metric_name=acc val_metric=0.4290
Step  300 | loss 1.2461 | val_acc=0.4349 val_loss=1.3331 val_f1_macro=0.2899 val_f1_weighted=0.4009 val_prec_macro=0.3958 val_rec_macro=0.3070 val_metric_name=acc val_metric=0.4349
Step  350 | loss 1.2173 | val_acc=0.4447 val_loss=1.3265 val_f1_macro=0.3171 val_f1_weighted=0.4149 val_prec_macro=0.4161 val_rec_macro=0.3242 val_metric_name=acc val_metric=0.4447
Step  400 | loss 1.1774 | val_acc=0.4586 val_loss=1.3295 val_f1_macro=0.3469 val_f1_weighted=0.4339 val_prec_macro=0.4412 val_rec_macro=0.3441 val_metric_name=acc val_metric=0.4586
Step  450 | loss 1.1457 | val_acc=0.4653 val_loss=1.3389 val_f1_macro=0.3594 val_f1_weighted=0.4414 val_prec_macro=0.4400 val_rec_macro=0.3555 val_metric_name=acc val_metric=0.4653
Step  500 | loss 1.1085 | val_acc=0.4700 val_loss=1.3499 val_f1_macro=0.3678 val_f1_weighted=0.4477 val_prec_macro=0.4446 val_rec_macro=0.3625 val_metric_name=acc val_metric=0.4700
Step  550 | loss 1.0690 | val_acc=0.4740 val_loss=1.3616 val_f1_macro=0.3734 val_f1_weighted=0.4524 val_prec_macro=0.4450 val_rec_macro=0.3678 val_metric_name=acc val_metric=0.4740
Step  600 | loss 1.0497 | val_acc=0.4852 val_loss=1.3551 val_f1_macro=0.3951 val_f1_weighted=0.4690 val_prec_macro=0.4614 val_rec_macro=0.3825 val_metric_name=acc val_metric=0.4852
Step  650 | loss 1.0145 | val_acc=0.4872 val_loss=1.3837 val_f1_macro=0.3986 val_f1_weighted=0.4704 val_prec_macro=0.4485 val_rec_macro=0.3901 val_metric_name=acc val_metric=0.4872
Step  700 | loss 0.9733 | val_acc=0.4916 val_loss=1.3987 val_f1_macro=0.4086 val_f1_weighted=0.4766 val_prec_macro=0.4565 val_rec_macro=0.3988 val_metric_name=acc val_metric=0.4916
Step  750 | loss 0.9424 | val_acc=0.4949 val_loss=1.4131 val_f1_macro=0.4119 val_f1_weighted=0.4824 val_prec_macro=0.4505 val_rec_macro=0.4012 val_metric_name=acc val_metric=0.4949
Step  800 | loss 0.9105 | val_acc=0.5019 val_loss=1.4394 val_f1_macro=0.4240 val_f1_weighted=0.4908 val_prec_macro=0.4556 val_rec_macro=0.4129 val_metric_name=acc val_metric=0.5019
Step  850 | loss 0.8771 | val_acc=0.5035 val_loss=1.4576 val_f1_macro=0.4327 val_f1_weighted=0.4928 val_prec_macro=0.4729 val_rec_macro=0.4178 val_metric_name=acc val_metric=0.5035
Step  900 | loss 0.8295 | val_acc=0.5035 val_loss=1.4861 val_f1_macro=0.4382 val_f1_weighted=0.4955 val_prec_macro=0.4698 val_rec_macro=0.4242 val_metric_name=acc val_metric=0.5035
Step  950 | loss 0.7900 | val_acc=0.5055 val_loss=1.5266 val_f1_macro=0.4404 val_f1_weighted=0.4977 val_prec_macro=0.4681 val_rec_macro=0.4280 val_metric_name=acc val_metric=0.5055
Step 1000 | loss 0.7531 | val_acc=0.5143 val_loss=1.5603 val_f1_macro=0.4507 val_f1_weighted=0.5071 val_prec_macro=0.4754 val_rec_macro=0.4401 val_metric_name=acc val_metric=0.5143
Step 1050 | loss 0.7097 | val_acc=0.5148 val_loss=1.6165 val_f1_macro=0.4546 val_f1_weighted=0.5089 val_prec_macro=0.4752 val_rec_macro=0.4428 val_metric_name=acc val_metric=0.5148
Step 1100 | loss 0.6721 | val_acc=0.5172 val_loss=1.6613 val_f1_macro=0.4568 val_f1_weighted=0.5119 val_prec_macro=0.4780 val_rec_macro=0.4446 val_metric_name=acc val_metric=0.5172
Step 1150 | loss 0.6344 | val_acc=0.5228 val_loss=1.7133 val_f1_macro=0.4653 val_f1_weighted=0.5177 val_prec_macro=0.4839 val_rec_macro=0.4547 val_metric_name=acc val_metric=0.5228
Step 1200 | loss 0.5896 | val_acc=0.5254 val_loss=1.7682 val_f1_macro=0.4679 val_f1_weighted=0.5215 val_prec_macro=0.4792 val_rec_macro=0.4610 val_metric_name=acc val_metric=0.5254
Step 1250 | loss 0.5612 | val_acc=0.5287 val_loss=1.8414 val_f1_macro=0.4695 val_f1_weighted=0.5245 val_prec_macro=0.4814 val_rec_macro=0.4622 val_metric_name=acc val_metric=0.5287
Step 1300 | loss 0.5328 | val_acc=0.5319 val_loss=1.8950 val_f1_macro=0.4754 val_f1_weighted=0.5284 val_prec_macro=0.4863 val_rec_macro=0.4680 val_metric_name=acc val_metric=0.5319
Step 1350 | loss 0.4928 | val_acc=0.5282 val_loss=1.9476 val_f1_macro=0.4738 val_f1_weighted=0.5247 val_prec_macro=0.4851 val_rec_macro=0.4666 val_metric_name=acc val_metric=0.5282
Step 1400 | loss 0.4573 | val_acc=0.5329 val_loss=2.0130 val_f1_macro=0.4801 val_f1_weighted=0.5303 val_prec_macro=0.4876 val_rec_macro=0.4750 val_metric_name=acc val_metric=0.5329
Step 1450 | loss 0.4364 | val_acc=0.5332 val_loss=2.0774 val_f1_macro=0.4813 val_f1_weighted=0.5301 val_prec_macro=0.4895 val_rec_macro=0.4766 val_metric_name=acc val_metric=0.5332
Step 1500 | loss 0.4069 | val_acc=0.5347 val_loss=2.1379 val_f1_macro=0.4836 val_f1_weighted=0.5319 val_prec_macro=0.4923 val_rec_macro=0.4775 val_metric_name=acc val_metric=0.5347
Step 1550 | loss 0.3711 | val_acc=0.5360 val_loss=2.2029 val_f1_macro=0.4837 val_f1_weighted=0.5331 val_prec_macro=0.4931 val_rec_macro=0.4778 val_metric_name=acc val_metric=0.5360
Step 1600 | loss 0.3684 | val_acc=0.5370 val_loss=2.2464 val_f1_macro=0.4853 val_f1_weighted=0.5344 val_prec_macro=0.4939 val_rec_macro=0.4795 val_metric_name=acc val_metric=0.5370
Step 1650 | loss 0.3256 | val_acc=0.5345 val_loss=2.3101 val_f1_macro=0.4819 val_f1_weighted=0.5323 val_prec_macro=0.4884 val_rec_macro=0.4775 val_metric_name=acc val_metric=0.5345
Step 1700 | loss 0.3178 | val_acc=0.5362 val_loss=2.3731 val_f1_macro=0.4830 val_f1_weighted=0.5339 val_prec_macro=0.4891 val_rec_macro=0.4793 val_metric_name=acc val_metric=0.5362
Step 1750 | loss 0.2931 | val_acc=0.5376 val_loss=2.4292 val_f1_macro=0.4863 val_f1_weighted=0.5355 val_prec_macro=0.4919 val_rec_macro=0.4832 val_metric_name=acc val_metric=0.5376
Step 1800 | loss 0.2746 | val_acc=0.5368 val_loss=2.4688 val_f1_macro=0.4855 val_f1_weighted=0.5347 val_prec_macro=0.4917 val_rec_macro=0.4817 val_metric_name=acc val_metric=0.5368
Step 1850 | loss 0.2675 | val_acc=0.5383 val_loss=2.5355 val_f1_macro=0.4871 val_f1_weighted=0.5363 val_prec_macro=0.4915 val_rec_macro=0.4851 val_metric_name=acc val_metric=0.5383
Step 1900 | loss 0.2449 | val_acc=0.5391 val_loss=2.5793 val_f1_macro=0.4877 val_f1_weighted=0.5372 val_prec_macro=0.4931 val_rec_macro=0.4841 val_metric_name=acc val_metric=0.5391
Step 1950 | loss 0.2371 | val_acc=0.5391 val_loss=2.6137 val_f1_macro=0.4879 val_f1_weighted=0.5376 val_prec_macro=0.4914 val_rec_macro=0.4858 val_metric_name=acc val_metric=0.5391
Step 2000 | loss 0.2191 | val_acc=0.5419 val_loss=2.6883 val_f1_macro=0.4917 val_f1_weighted=0.5400 val_prec_macro=0.4973 val_rec_macro=0.4878 val_metric_name=acc val_metric=0.5419
Step 2050 | loss 0.2073 | val_acc=0.5399 val_loss=2.7325 val_f1_macro=0.4901 val_f1_weighted=0.5381 val_prec_macro=0.4972 val_rec_macro=0.4846 val_metric_name=acc val_metric=0.5399
Step 2100 | loss 0.1881 | val_acc=0.5393 val_loss=2.7825 val_f1_macro=0.4881 val_f1_weighted=0.5379 val_prec_macro=0.4908 val_rec_macro=0.4867 val_metric_name=acc val_metric=0.5393
Step 2150 | loss 0.1778 | val_acc=0.5388 val_loss=2.8152 val_f1_macro=0.4886 val_f1_weighted=0.5375 val_prec_macro=0.4918 val_rec_macro=0.4864 val_metric_name=acc val_metric=0.5388
Step 2200 | loss 0.1697 | val_acc=0.5391 val_loss=2.8746 val_f1_macro=0.4894 val_f1_weighted=0.5375 val_prec_macro=0.4936 val_rec_macro=0.4868 val_metric_name=acc val_metric=0.5391
Step 2250 | loss 0.1686 | val_acc=0.5425 val_loss=2.8976 val_f1_macro=0.4936 val_f1_weighted=0.5406 val_prec_macro=0.5002 val_rec_macro=0.4891 val_metric_name=acc val_metric=0.5425
Step 2300 | loss 0.1597 | val_acc=0.5416 val_loss=2.9466 val_f1_macro=0.4924 val_f1_weighted=0.5400 val_prec_macro=0.4958 val_rec_macro=0.4905 val_metric_name=acc val_metric=0.5416
Step 2350 | loss 0.1407 | val_acc=0.5406 val_loss=2.9561 val_f1_macro=0.4891 val_f1_weighted=0.5393 val_prec_macro=0.4921 val_rec_macro=0.4873 val_metric_name=acc val_metric=0.5406
Step 2400 | loss 0.1315 | val_acc=0.5414 val_loss=3.0005 val_f1_macro=0.4941 val_f1_weighted=0.5397 val_prec_macro=0.4995 val_rec_macro=0.4902 val_metric_name=acc val_metric=0.5414
Step 2450 | loss 0.1307 | val_acc=0.5411 val_loss=3.0340 val_f1_macro=0.4928 val_f1_weighted=0.5393 val_prec_macro=0.4987 val_rec_macro=0.4888 val_metric_name=acc val_metric=0.5411
Step 2500 | loss 0.1267 | val_acc=0.5434 val_loss=3.0770 val_f1_macro=0.4944 val_f1_weighted=0.5416 val_prec_macro=0.4996 val_rec_macro=0.4909 val_metric_name=acc val_metric=0.5434
Step 2550 | loss 0.1218 | val_acc=0.5391 val_loss=3.1124 val_f1_macro=0.4902 val_f1_weighted=0.5373 val_prec_macro=0.4959 val_rec_macro=0.4863 val_metric_name=acc val_metric=0.5391
Step 2600 | loss 0.1099 | val_acc=0.5406 val_loss=3.1660 val_f1_macro=0.4901 val_f1_weighted=0.5388 val_prec_macro=0.4947 val_rec_macro=0.4873 val_metric_name=acc val_metric=0.5406
Step 2650 | loss 0.1134 | val_acc=0.5396 val_loss=3.1966 val_f1_macro=0.4896 val_f1_weighted=0.5379 val_prec_macro=0.4941 val_rec_macro=0.4867 val_metric_name=acc val_metric=0.5396
Step 2700 | loss 0.0996 | val_acc=0.5409 val_loss=3.2190 val_f1_macro=0.4924 val_f1_weighted=0.5393 val_prec_macro=0.4982 val_rec_macro=0.4882 val_metric_name=acc val_metric=0.5409
Step 2750 | loss 0.1015 | val_acc=0.5432 val_loss=3.2467 val_f1_macro=0.4928 val_f1_weighted=0.5412 val_prec_macro=0.4996 val_rec_macro=0.4882 val_metric_name=acc val_metric=0.5432
Step 2800 | loss 0.0964 | val_acc=0.5411 val_loss=3.2889 val_f1_macro=0.4897 val_f1_weighted=0.5395 val_prec_macro=0.4929 val_rec_macro=0.4881 val_metric_name=acc val_metric=0.5411
Step 2850 | loss 0.0916 | val_acc=0.5409 val_loss=3.2987 val_f1_macro=0.4909 val_f1_weighted=0.5390 val_prec_macro=0.4982 val_rec_macro=0.4854 val_metric_name=acc val_metric=0.5409
Step 2900 | loss 0.0910 | val_acc=0.5404 val_loss=3.3158 val_f1_macro=0.4909 val_f1_weighted=0.5389 val_prec_macro=0.4959 val_rec_macro=0.4874 val_metric_name=acc val_metric=0.5404
Step 2950 | loss 0.0870 | val_acc=0.5388 val_loss=3.3507 val_f1_macro=0.4894 val_f1_weighted=0.5372 val_prec_macro=0.4940 val_rec_macro=0.4861 val_metric_name=acc val_metric=0.5388
Step 3000 | loss 0.0792 | val_acc=0.5407 val_loss=3.3918 val_f1_macro=0.4921 val_f1_weighted=0.5393 val_prec_macro=0.4963 val_rec_macro=0.4892 val_metric_name=acc val_metric=0.5407
Step 3050 | loss 0.0854 | val_acc=0.5412 val_loss=3.4018 val_f1_macro=0.4917 val_f1_weighted=0.5394 val_prec_macro=0.4985 val_rec_macro=0.4870 val_metric_name=acc val_metric=0.5412
Early stopping at step 3070

--- Final (best ckpt @ step 2770) ---
  train_acc=0.9988 train_loss=0.0052 train_f1_macro=0.9987 train_f1_weighted=0.9988 train_prec_macro=0.9983 train_rec_macro=0.9991 train_metric_name=acc train_metric=0.9988
  val_acc=0.5442 val_loss=3.2561 val_f1_macro=0.4930 val_f1_weighted=0.5422 val_prec_macro=0.5002 val_rec_macro=0.4886 val_metric_name=acc val_metric=0.5442
  test_acc=0.5394 test_loss=3.3230 test_f1_macro=0.4801 test_f1_weighted=0.5378 test_prec_macro=0.4850 test_rec_macro=0.4765 test_metric_name=acc test_metric=0.5394
  test_acc=0.5394

============================================================
Training amazon-ratings GT 4L h=384 lr=6e-05 split=3
============================================================
Training for 5000 steps
Step    1 | loss 1.9803 | val_acc=0.3382 val_loss=1.4920 val_f1_macro=0.1435 val_f1_weighted=0.2419 val_prec_macro=0.1461 val_rec_macro=0.1948 val_metric_name=acc val_metric=0.3382
Step   50 | loss 1.4034 | val_acc=0.3820 val_loss=1.3866 val_f1_macro=0.1699 val_f1_weighted=0.2799 val_prec_macro=0.2324 val_rec_macro=0.2230 val_metric_name=acc val_metric=0.3820
Step  100 | loss 1.3442 | val_acc=0.4054 val_loss=1.3516 val_f1_macro=0.2210 val_f1_weighted=0.3412 val_prec_macro=0.2622 val_rec_macro=0.2560 val_metric_name=acc val_metric=0.4054
Step  150 | loss 1.2934 | val_acc=0.4235 val_loss=1.3357 val_f1_macro=0.2617 val_f1_weighted=0.3809 val_prec_macro=0.3769 val_rec_macro=0.2866 val_metric_name=acc val_metric=0.4235
Step  200 | loss 1.2349 | val_acc=0.4395 val_loss=1.3278 val_f1_macro=0.3039 val_f1_weighted=0.4109 val_prec_macro=0.3859 val_rec_macro=0.3155 val_metric_name=acc val_metric=0.4395
Step  250 | loss 1.1744 | val_acc=0.4596 val_loss=1.3248 val_f1_macro=0.3448 val_f1_weighted=0.4354 val_prec_macro=0.4369 val_rec_macro=0.3423 val_metric_name=acc val_metric=0.4596
Step  300 | loss 1.1211 | val_acc=0.4718 val_loss=1.3292 val_f1_macro=0.3720 val_f1_weighted=0.4538 val_prec_macro=0.4403 val_rec_macro=0.3636 val_metric_name=acc val_metric=0.4718
Step  350 | loss 1.0804 | val_acc=0.4784 val_loss=1.3562 val_f1_macro=0.3811 val_f1_weighted=0.4578 val_prec_macro=0.4561 val_rec_macro=0.3733 val_metric_name=acc val_metric=0.4784
Step  400 | loss 1.0137 | val_acc=0.4883 val_loss=1.3706 val_f1_macro=0.4009 val_f1_weighted=0.4730 val_prec_macro=0.4514 val_rec_macro=0.3900 val_metric_name=acc val_metric=0.4883
Step  450 | loss 0.9576 | val_acc=0.4999 val_loss=1.4042 val_f1_macro=0.4138 val_f1_weighted=0.4862 val_prec_macro=0.4577 val_rec_macro=0.4027 val_metric_name=acc val_metric=0.4999
Step  500 | loss 0.8817 | val_acc=0.5043 val_loss=1.4394 val_f1_macro=0.4320 val_f1_weighted=0.4952 val_prec_macro=0.4625 val_rec_macro=0.4194 val_metric_name=acc val_metric=0.5043
Step  550 | loss 0.8098 | val_acc=0.5047 val_loss=1.5038 val_f1_macro=0.4405 val_f1_weighted=0.4967 val_prec_macro=0.4692 val_rec_macro=0.4294 val_metric_name=acc val_metric=0.5047
Step  600 | loss 0.7455 | val_acc=0.5153 val_loss=1.5682 val_f1_macro=0.4511 val_f1_weighted=0.5086 val_prec_macro=0.4785 val_rec_macro=0.4378 val_metric_name=acc val_metric=0.5153
Step  650 | loss 0.6753 | val_acc=0.5221 val_loss=1.6506 val_f1_macro=0.4613 val_f1_weighted=0.5170 val_prec_macro=0.4782 val_rec_macro=0.4522 val_metric_name=acc val_metric=0.5221
Step  700 | loss 0.6004 | val_acc=0.5256 val_loss=1.7454 val_f1_macro=0.4730 val_f1_weighted=0.5213 val_prec_macro=0.4907 val_rec_macro=0.4626 val_metric_name=acc val_metric=0.5256
Step  750 | loss 0.5406 | val_acc=0.5257 val_loss=1.8598 val_f1_macro=0.4704 val_f1_weighted=0.5221 val_prec_macro=0.4841 val_rec_macro=0.4609 val_metric_name=acc val_metric=0.5257
Step  800 | loss 0.4803 | val_acc=0.5292 val_loss=1.9697 val_f1_macro=0.4766 val_f1_weighted=0.5259 val_prec_macro=0.4866 val_rec_macro=0.4704 val_metric_name=acc val_metric=0.5292
Step  850 | loss 0.4392 | val_acc=0.5350 val_loss=2.0708 val_f1_macro=0.4811 val_f1_weighted=0.5316 val_prec_macro=0.4920 val_rec_macro=0.4743 val_metric_name=acc val_metric=0.5350
Step  900 | loss 0.3870 | val_acc=0.5357 val_loss=2.1557 val_f1_macro=0.4835 val_f1_weighted=0.5330 val_prec_macro=0.4922 val_rec_macro=0.4774 val_metric_name=acc val_metric=0.5357
Step  950 | loss 0.3413 | val_acc=0.5345 val_loss=2.2740 val_f1_macro=0.4830 val_f1_weighted=0.5320 val_prec_macro=0.4906 val_rec_macro=0.4782 val_metric_name=acc val_metric=0.5345
Step 1000 | loss 0.3024 | val_acc=0.5376 val_loss=2.3677 val_f1_macro=0.4851 val_f1_weighted=0.5345 val_prec_macro=0.4956 val_rec_macro=0.4788 val_metric_name=acc val_metric=0.5376
Step 1050 | loss 0.2622 | val_acc=0.5365 val_loss=2.4762 val_f1_macro=0.4848 val_f1_weighted=0.5344 val_prec_macro=0.4922 val_rec_macro=0.4790 val_metric_name=acc val_metric=0.5365
Step 1100 | loss 0.2393 | val_acc=0.5391 val_loss=2.5715 val_f1_macro=0.4876 val_f1_weighted=0.5373 val_prec_macro=0.4935 val_rec_macro=0.4832 val_metric_name=acc val_metric=0.5391
Step 1150 | loss 0.2135 | val_acc=0.5367 val_loss=2.6487 val_f1_macro=0.4853 val_f1_weighted=0.5346 val_prec_macro=0.4921 val_rec_macro=0.4804 val_metric_name=acc val_metric=0.5367
Step 1200 | loss 0.1859 | val_acc=0.5409 val_loss=2.7322 val_f1_macro=0.4886 val_f1_weighted=0.5389 val_prec_macro=0.4964 val_rec_macro=0.4831 val_metric_name=acc val_metric=0.5409
Step 1250 | loss 0.1789 | val_acc=0.5406 val_loss=2.8190 val_f1_macro=0.4897 val_f1_weighted=0.5388 val_prec_macro=0.4965 val_rec_macro=0.4847 val_metric_name=acc val_metric=0.5406
Step 1300 | loss 0.1641 | val_acc=0.5407 val_loss=2.8904 val_f1_macro=0.4880 val_f1_weighted=0.5388 val_prec_macro=0.4961 val_rec_macro=0.4817 val_metric_name=acc val_metric=0.5407
Step 1350 | loss 0.1481 | val_acc=0.5388 val_loss=2.9486 val_f1_macro=0.4901 val_f1_weighted=0.5371 val_prec_macro=0.4978 val_rec_macro=0.4842 val_metric_name=acc val_metric=0.5388
Step 1400 | loss 0.1324 | val_acc=0.5399 val_loss=3.0111 val_f1_macro=0.4900 val_f1_weighted=0.5379 val_prec_macro=0.4976 val_rec_macro=0.4845 val_metric_name=acc val_metric=0.5399
Step 1450 | loss 0.1214 | val_acc=0.5394 val_loss=3.0835 val_f1_macro=0.4910 val_f1_weighted=0.5377 val_prec_macro=0.4988 val_rec_macro=0.4849 val_metric_name=acc val_metric=0.5394
Step 1500 | loss 0.1180 | val_acc=0.5383 val_loss=3.1473 val_f1_macro=0.4869 val_f1_weighted=0.5367 val_prec_macro=0.4925 val_rec_macro=0.4825 val_metric_name=acc val_metric=0.5383
Step 1550 | loss 0.1004 | val_acc=0.5393 val_loss=3.2078 val_f1_macro=0.4885 val_f1_weighted=0.5374 val_prec_macro=0.4958 val_rec_macro=0.4833 val_metric_name=acc val_metric=0.5393
Step 1600 | loss 0.1004 | val_acc=0.5404 val_loss=3.2341 val_f1_macro=0.4902 val_f1_weighted=0.5388 val_prec_macro=0.4975 val_rec_macro=0.4845 val_metric_name=acc val_metric=0.5404
Step 1650 | loss 0.0810 | val_acc=0.5393 val_loss=3.2931 val_f1_macro=0.4880 val_f1_weighted=0.5373 val_prec_macro=0.4950 val_rec_macro=0.4829 val_metric_name=acc val_metric=0.5393
Step 1700 | loss 0.0894 | val_acc=0.5399 val_loss=3.3411 val_f1_macro=0.4887 val_f1_weighted=0.5386 val_prec_macro=0.4934 val_rec_macro=0.4852 val_metric_name=acc val_metric=0.5399
Step 1750 | loss 0.0764 | val_acc=0.5452 val_loss=3.3920 val_f1_macro=0.4936 val_f1_weighted=0.5431 val_prec_macro=0.5016 val_rec_macro=0.4882 val_metric_name=acc val_metric=0.5452
Step 1800 | loss 0.0713 | val_acc=0.5411 val_loss=3.4139 val_f1_macro=0.4890 val_f1_weighted=0.5394 val_prec_macro=0.4953 val_rec_macro=0.4843 val_metric_name=acc val_metric=0.5411
Step 1850 | loss 0.0701 | val_acc=0.5396 val_loss=3.4631 val_f1_macro=0.4900 val_f1_weighted=0.5381 val_prec_macro=0.4965 val_rec_macro=0.4854 val_metric_name=acc val_metric=0.5396
Step 1900 | loss 0.0658 | val_acc=0.5394 val_loss=3.5182 val_f1_macro=0.4868 val_f1_weighted=0.5379 val_prec_macro=0.4924 val_rec_macro=0.4825 val_metric_name=acc val_metric=0.5394
Step 1950 | loss 0.0643 | val_acc=0.5429 val_loss=3.5296 val_f1_macro=0.4908 val_f1_weighted=0.5409 val_prec_macro=0.4990 val_rec_macro=0.4845 val_metric_name=acc val_metric=0.5429
Step 2000 | loss 0.0583 | val_acc=0.5411 val_loss=3.5533 val_f1_macro=0.4891 val_f1_weighted=0.5387 val_prec_macro=0.4993 val_rec_macro=0.4815 val_metric_name=acc val_metric=0.5411
Early stopping at step 2043

--- Final (best ckpt @ step 1740) ---
  train_acc=0.9988 train_loss=0.0036 train_f1_macro=0.9987 train_f1_weighted=0.9988 train_prec_macro=0.9984 train_rec_macro=0.9991 train_metric_name=acc train_metric=0.9988
  val_acc=0.5455 val_loss=3.3600 val_f1_macro=0.4955 val_f1_weighted=0.5434 val_prec_macro=0.5037 val_rec_macro=0.4897 val_metric_name=acc val_metric=0.5455
  test_acc=0.5380 test_loss=3.3952 test_f1_macro=0.4734 test_f1_weighted=0.5363 test_prec_macro=0.4787 test_rec_macro=0.4691 test_metric_name=acc test_metric=0.5380
  test_acc=0.5380

============================================================
Training amazon-ratings GT 4L h=384 lr=0.0001 split=3
============================================================
Training for 5000 steps
Step    1 | loss 1.9803 | val_acc=0.3681 val_loss=1.5643 val_f1_macro=0.1095 val_f1_weighted=0.2003 val_prec_macro=0.1536 val_rec_macro=0.2004 val_metric_name=acc val_metric=0.3681
Step   50 | loss 1.3918 | val_acc=0.3869 val_loss=1.3804 val_f1_macro=0.1785 val_f1_weighted=0.2908 val_prec_macro=0.1961 val_rec_macro=0.2295 val_metric_name=acc val_metric=0.3869
Step  100 | loss 1.3187 | val_acc=0.4117 val_loss=1.3393 val_f1_macro=0.2355 val_f1_weighted=0.3558 val_prec_macro=0.2827 val_rec_macro=0.2657 val_metric_name=acc val_metric=0.4117
Step  150 | loss 1.2430 | val_acc=0.4341 val_loss=1.3273 val_f1_macro=0.2855 val_f1_weighted=0.3963 val_prec_macro=0.3786 val_rec_macro=0.3037 val_metric_name=acc val_metric=0.4341
Step  200 | loss 1.1625 | val_acc=0.4619 val_loss=1.3255 val_f1_macro=0.3535 val_f1_weighted=0.4423 val_prec_macro=0.4352 val_rec_macro=0.3468 val_metric_name=acc val_metric=0.4619
Step  250 | loss 1.0883 | val_acc=0.4731 val_loss=1.3535 val_f1_macro=0.3761 val_f1_weighted=0.4521 val_prec_macro=0.4397 val_rec_macro=0.3708 val_metric_name=acc val_metric=0.4731
Step  300 | loss 1.0034 | val_acc=0.4826 val_loss=1.3807 val_f1_macro=0.4029 val_f1_weighted=0.4691 val_prec_macro=0.4414 val_rec_macro=0.3968 val_metric_name=acc val_metric=0.4826
Step  350 | loss 0.9073 | val_acc=0.5032 val_loss=1.4285 val_f1_macro=0.4206 val_f1_weighted=0.4906 val_prec_macro=0.4701 val_rec_macro=0.4053 val_metric_name=acc val_metric=0.5032
Step  400 | loss 0.7970 | val_acc=0.5127 val_loss=1.5173 val_f1_macro=0.4456 val_f1_weighted=0.5043 val_prec_macro=0.4844 val_rec_macro=0.4318 val_metric_name=acc val_metric=0.5127
Step  450 | loss 0.6833 | val_acc=0.5246 val_loss=1.6475 val_f1_macro=0.4656 val_f1_weighted=0.5188 val_prec_macro=0.4897 val_rec_macro=0.4529 val_metric_name=acc val_metric=0.5246
Step  500 | loss 0.5714 | val_acc=0.5277 val_loss=1.7935 val_f1_macro=0.4695 val_f1_weighted=0.5243 val_prec_macro=0.4819 val_rec_macro=0.4614 val_metric_name=acc val_metric=0.5277
Step  550 | loss 0.4801 | val_acc=0.5368 val_loss=1.9511 val_f1_macro=0.4794 val_f1_weighted=0.5326 val_prec_macro=0.4974 val_rec_macro=0.4680 val_metric_name=acc val_metric=0.5368
Step  600 | loss 0.4113 | val_acc=0.5383 val_loss=2.1087 val_f1_macro=0.4879 val_f1_weighted=0.5358 val_prec_macro=0.4988 val_rec_macro=0.4803 val_metric_name=acc val_metric=0.5383
Step  650 | loss 0.3429 | val_acc=0.5404 val_loss=2.2727 val_f1_macro=0.4914 val_f1_weighted=0.5385 val_prec_macro=0.4991 val_rec_macro=0.4861 val_metric_name=acc val_metric=0.5404
Step  700 | loss 0.2739 | val_acc=0.5412 val_loss=2.4365 val_f1_macro=0.4894 val_f1_weighted=0.5398 val_prec_macro=0.4952 val_rec_macro=0.4848 val_metric_name=acc val_metric=0.5412
Step  750 | loss 0.2447 | val_acc=0.5416 val_loss=2.5716 val_f1_macro=0.4909 val_f1_weighted=0.5398 val_prec_macro=0.4968 val_rec_macro=0.4869 val_metric_name=acc val_metric=0.5416
Step  800 | loss 0.2000 | val_acc=0.5390 val_loss=2.7113 val_f1_macro=0.4850 val_f1_weighted=0.5375 val_prec_macro=0.4891 val_rec_macro=0.4821 val_metric_name=acc val_metric=0.5390
Step  850 | loss 0.1758 | val_acc=0.5388 val_loss=2.8115 val_f1_macro=0.4886 val_f1_weighted=0.5377 val_prec_macro=0.4926 val_rec_macro=0.4856 val_metric_name=acc val_metric=0.5388
Step  900 | loss 0.1525 | val_acc=0.5391 val_loss=2.9182 val_f1_macro=0.4867 val_f1_weighted=0.5377 val_prec_macro=0.4905 val_rec_macro=0.4840 val_metric_name=acc val_metric=0.5391
Step  950 | loss 0.1322 | val_acc=0.5396 val_loss=2.9816 val_f1_macro=0.4880 val_f1_weighted=0.5382 val_prec_macro=0.4929 val_rec_macro=0.4848 val_metric_name=acc val_metric=0.5396
Step 1000 | loss 0.1138 | val_acc=0.5394 val_loss=3.1107 val_f1_macro=0.4891 val_f1_weighted=0.5379 val_prec_macro=0.4934 val_rec_macro=0.4866 val_metric_name=acc val_metric=0.5394
Step 1050 | loss 0.0985 | val_acc=0.5381 val_loss=3.1832 val_f1_macro=0.4887 val_f1_weighted=0.5372 val_prec_macro=0.4918 val_rec_macro=0.4861 val_metric_name=acc val_metric=0.5381
Step 1100 | loss 0.0932 | val_acc=0.5396 val_loss=3.2494 val_f1_macro=0.4903 val_f1_weighted=0.5383 val_prec_macro=0.4945 val_rec_macro=0.4869 val_metric_name=acc val_metric=0.5396
Step 1150 | loss 0.0825 | val_acc=0.5409 val_loss=3.2992 val_f1_macro=0.4930 val_f1_weighted=0.5396 val_prec_macro=0.4977 val_rec_macro=0.4896 val_metric_name=acc val_metric=0.5409
Step 1200 | loss 0.0761 | val_acc=0.5440 val_loss=3.3391 val_f1_macro=0.4933 val_f1_weighted=0.5424 val_prec_macro=0.4997 val_rec_macro=0.4885 val_metric_name=acc val_metric=0.5440
Step 1250 | loss 0.0682 | val_acc=0.5404 val_loss=3.3976 val_f1_macro=0.4916 val_f1_weighted=0.5391 val_prec_macro=0.4972 val_rec_macro=0.4879 val_metric_name=acc val_metric=0.5404
Step 1300 | loss 0.0620 | val_acc=0.5404 val_loss=3.4631 val_f1_macro=0.4905 val_f1_weighted=0.5393 val_prec_macro=0.4955 val_rec_macro=0.4865 val_metric_name=acc val_metric=0.5404
Step 1350 | loss 0.0603 | val_acc=0.5422 val_loss=3.5028 val_f1_macro=0.4922 val_f1_weighted=0.5408 val_prec_macro=0.4976 val_rec_macro=0.4882 val_metric_name=acc val_metric=0.5422
Step 1400 | loss 0.0549 | val_acc=0.5427 val_loss=3.5617 val_f1_macro=0.4938 val_f1_weighted=0.5414 val_prec_macro=0.4996 val_rec_macro=0.4896 val_metric_name=acc val_metric=0.5427
Step 1450 | loss 0.0476 | val_acc=0.5470 val_loss=3.5826 val_f1_macro=0.4953 val_f1_weighted=0.5449 val_prec_macro=0.5042 val_rec_macro=0.4890 val_metric_name=acc val_metric=0.5470
Step 1500 | loss 0.0516 | val_acc=0.5447 val_loss=3.6245 val_f1_macro=0.4960 val_f1_weighted=0.5433 val_prec_macro=0.5008 val_rec_macro=0.4925 val_metric_name=acc val_metric=0.5447
Step 1550 | loss 0.0437 | val_acc=0.5425 val_loss=3.6781 val_f1_macro=0.4920 val_f1_weighted=0.5411 val_prec_macro=0.4971 val_rec_macro=0.4884 val_metric_name=acc val_metric=0.5425
Step 1600 | loss 0.0430 | val_acc=0.5422 val_loss=3.6979 val_f1_macro=0.4927 val_f1_weighted=0.5411 val_prec_macro=0.4969 val_rec_macro=0.4893 val_metric_name=acc val_metric=0.5422
Step 1650 | loss 0.0336 | val_acc=0.5407 val_loss=3.7474 val_f1_macro=0.4910 val_f1_weighted=0.5395 val_prec_macro=0.4953 val_rec_macro=0.4878 val_metric_name=acc val_metric=0.5407
Step 1700 | loss 0.0359 | val_acc=0.5409 val_loss=3.8046 val_f1_macro=0.4899 val_f1_weighted=0.5400 val_prec_macro=0.4925 val_rec_macro=0.4883 val_metric_name=acc val_metric=0.5409
Step 1750 | loss 0.0367 | val_acc=0.5439 val_loss=3.8004 val_f1_macro=0.4944 val_f1_weighted=0.5426 val_prec_macro=0.4986 val_rec_macro=0.4918 val_metric_name=acc val_metric=0.5439
Early stopping at step 1750

--- Final (best ckpt @ step 1450) ---
  train_acc=0.9996 train_loss=0.0018 train_f1_macro=0.9996 train_f1_weighted=0.9996 train_prec_macro=0.9994 train_rec_macro=0.9997 train_metric_name=acc train_metric=0.9996
  val_acc=0.5470 val_loss=3.5826 val_f1_macro=0.4953 val_f1_weighted=0.5449 val_prec_macro=0.5042 val_rec_macro=0.4890 val_metric_name=acc val_metric=0.5470
  test_acc=0.5357 test_loss=3.6023 test_f1_macro=0.4740 test_f1_weighted=0.5336 test_prec_macro=0.4815 test_rec_macro=0.4684 test_metric_name=acc test_metric=0.5357
  test_acc=0.5357

============================================================
Training amazon-ratings GT 4L h=384 lr=1e-05 split=3
============================================================
Training for 5000 steps
Step    1 | loss 1.9803 | val_acc=0.1800 val_loss=1.9276 val_f1_macro=0.1057 val_f1_weighted=0.1082 val_prec_macro=0.1307 val_rec_macro=0.1836 val_metric_name=acc val_metric=0.1800
Step   50 | loss 1.4460 | val_acc=0.3668 val_loss=1.4168 val_f1_macro=0.1311 val_f1_weighted=0.2283 val_prec_macro=0.1816 val_rec_macro=0.2036 val_metric_name=acc val_metric=0.3668
Step  100 | loss 1.4166 | val_acc=0.3748 val_loss=1.4005 val_f1_macro=0.1492 val_f1_weighted=0.2527 val_prec_macro=0.1940 val_rec_macro=0.2119 val_metric_name=acc val_metric=0.3748
Step  150 | loss 1.4061 | val_acc=0.3789 val_loss=1.3897 val_f1_macro=0.1649 val_f1_weighted=0.2731 val_prec_macro=0.1950 val_rec_macro=0.2192 val_metric_name=acc val_metric=0.3789
Step  200 | loss 1.3909 | val_acc=0.3938 val_loss=1.3779 val_f1_macro=0.1876 val_f1_weighted=0.3026 val_prec_macro=0.2178 val_rec_macro=0.2353 val_metric_name=acc val_metric=0.3938
Step  250 | loss 1.3731 | val_acc=0.3990 val_loss=1.3668 val_f1_macro=0.2055 val_f1_weighted=0.3232 val_prec_macro=0.2234 val_rec_macro=0.2463 val_metric_name=acc val_metric=0.3990
Step  300 | loss 1.3593 | val_acc=0.4078 val_loss=1.3590 val_f1_macro=0.2175 val_f1_weighted=0.3381 val_prec_macro=0.2260 val_rec_macro=0.2566 val_metric_name=acc val_metric=0.4078
Step  350 | loss 1.3504 | val_acc=0.4117 val_loss=1.3527 val_f1_macro=0.2251 val_f1_weighted=0.3464 val_prec_macro=0.2547 val_rec_macro=0.2626 val_metric_name=acc val_metric=0.4117
Step  400 | loss 1.3299 | val_acc=0.4125 val_loss=1.3503 val_f1_macro=0.2297 val_f1_weighted=0.3505 val_prec_macro=0.2640 val_rec_macro=0.2668 val_metric_name=acc val_metric=0.4125
Step  450 | loss 1.3193 | val_acc=0.4153 val_loss=1.3464 val_f1_macro=0.2375 val_f1_weighted=0.3590 val_prec_macro=0.2713 val_rec_macro=0.2718 val_metric_name=acc val_metric=0.4153
Step  500 | loss 1.3055 | val_acc=0.4194 val_loss=1.3427 val_f1_macro=0.2482 val_f1_weighted=0.3691 val_prec_macro=0.2954 val_rec_macro=0.2783 val_metric_name=acc val_metric=0.4194
Step  550 | loss 1.2895 | val_acc=0.4209 val_loss=1.3447 val_f1_macro=0.2574 val_f1_weighted=0.3738 val_prec_macro=0.4055 val_rec_macro=0.2847 val_metric_name=acc val_metric=0.4209
Step  600 | loss 1.2805 | val_acc=0.4246 val_loss=1.3421 val_f1_macro=0.2642 val_f1_weighted=0.3820 val_prec_macro=0.3390 val_rec_macro=0.2899 val_metric_name=acc val_metric=0.4246
Step  650 | loss 1.2684 | val_acc=0.4284 val_loss=1.3388 val_f1_macro=0.2780 val_f1_weighted=0.3917 val_prec_macro=0.3624 val_rec_macro=0.2985 val_metric_name=acc val_metric=0.4284
Step  700 | loss 1.2535 | val_acc=0.4308 val_loss=1.3407 val_f1_macro=0.2826 val_f1_weighted=0.3936 val_prec_macro=0.3752 val_rec_macro=0.3025 val_metric_name=acc val_metric=0.4308
Step  750 | loss 1.2357 | val_acc=0.4380 val_loss=1.3387 val_f1_macro=0.3000 val_f1_weighted=0.4030 val_prec_macro=0.4156 val_rec_macro=0.3135 val_metric_name=acc val_metric=0.4380
Step  800 | loss 1.2256 | val_acc=0.4403 val_loss=1.3386 val_f1_macro=0.3059 val_f1_weighted=0.4062 val_prec_macro=0.4114 val_rec_macro=0.3176 val_metric_name=acc val_metric=0.4403
Step  850 | loss 1.2135 | val_acc=0.4393 val_loss=1.3417 val_f1_macro=0.3058 val_f1_weighted=0.4033 val_prec_macro=0.4114 val_rec_macro=0.3172 val_metric_name=acc val_metric=0.4393
Step  900 | loss 1.1987 | val_acc=0.4496 val_loss=1.3353 val_f1_macro=0.3265 val_f1_weighted=0.4180 val_prec_macro=0.4328 val_rec_macro=0.3307 val_metric_name=acc val_metric=0.4496
Step  950 | loss 1.1819 | val_acc=0.4522 val_loss=1.3339 val_f1_macro=0.3377 val_f1_weighted=0.4245 val_prec_macro=0.4313 val_rec_macro=0.3387 val_metric_name=acc val_metric=0.4522
Step 1000 | loss 1.1771 | val_acc=0.4578 val_loss=1.3365 val_f1_macro=0.3409 val_f1_weighted=0.4292 val_prec_macro=0.4375 val_rec_macro=0.3419 val_metric_name=acc val_metric=0.4578
Step 1050 | loss 1.1667 | val_acc=0.4589 val_loss=1.3341 val_f1_macro=0.3442 val_f1_weighted=0.4327 val_prec_macro=0.4192 val_rec_macro=0.3457 val_metric_name=acc val_metric=0.4589
Step 1100 | loss 1.1498 | val_acc=0.4628 val_loss=1.3393 val_f1_macro=0.3475 val_f1_weighted=0.4368 val_prec_macro=0.4204 val_rec_macro=0.3479 val_metric_name=acc val_metric=0.4628
Step 1150 | loss 1.1386 | val_acc=0.4653 val_loss=1.3403 val_f1_macro=0.3541 val_f1_weighted=0.4405 val_prec_macro=0.4308 val_rec_macro=0.3529 val_metric_name=acc val_metric=0.4653
Step 1200 | loss 1.1208 | val_acc=0.4723 val_loss=1.3376 val_f1_macro=0.3654 val_f1_weighted=0.4499 val_prec_macro=0.4404 val_rec_macro=0.3605 val_metric_name=acc val_metric=0.4723
Step 1250 | loss 1.1139 | val_acc=0.4720 val_loss=1.3374 val_f1_macro=0.3694 val_f1_weighted=0.4511 val_prec_macro=0.4363 val_rec_macro=0.3629 val_metric_name=acc val_metric=0.4720
Step 1300 | loss 1.1029 | val_acc=0.4759 val_loss=1.3411 val_f1_macro=0.3761 val_f1_weighted=0.4572 val_prec_macro=0.4374 val_rec_macro=0.3682 val_metric_name=acc val_metric=0.4759
Step 1350 | loss 1.0835 | val_acc=0.4754 val_loss=1.3484 val_f1_macro=0.3770 val_f1_weighted=0.4546 val_prec_macro=0.4467 val_rec_macro=0.3688 val_metric_name=acc val_metric=0.4754
Step 1400 | loss 1.0751 | val_acc=0.4784 val_loss=1.3497 val_f1_macro=0.3859 val_f1_weighted=0.4602 val_prec_macro=0.4494 val_rec_macro=0.3773 val_metric_name=acc val_metric=0.4784
Step 1450 | loss 1.0652 | val_acc=0.4823 val_loss=1.3582 val_f1_macro=0.3859 val_f1_weighted=0.4630 val_prec_macro=0.4508 val_rec_macro=0.3764 val_metric_name=acc val_metric=0.4823
Step 1500 | loss 1.0512 | val_acc=0.4810 val_loss=1.3577 val_f1_macro=0.3887 val_f1_weighted=0.4628 val_prec_macro=0.4517 val_rec_macro=0.3787 val_metric_name=acc val_metric=0.4810
Step 1550 | loss 1.0383 | val_acc=0.4828 val_loss=1.3708 val_f1_macro=0.3889 val_f1_weighted=0.4642 val_prec_macro=0.4485 val_rec_macro=0.3797 val_metric_name=acc val_metric=0.4828
Step 1600 | loss 1.0276 | val_acc=0.4865 val_loss=1.3687 val_f1_macro=0.3949 val_f1_weighted=0.4691 val_prec_macro=0.4527 val_rec_macro=0.3837 val_metric_name=acc val_metric=0.4865
Step 1650 | loss 1.0103 | val_acc=0.4886 val_loss=1.3773 val_f1_macro=0.3994 val_f1_weighted=0.4723 val_prec_macro=0.4521 val_rec_macro=0.3888 val_metric_name=acc val_metric=0.4886
Step 1700 | loss 1.0030 | val_acc=0.4895 val_loss=1.3814 val_f1_macro=0.3999 val_f1_weighted=0.4742 val_prec_macro=0.4463 val_rec_macro=0.3902 val_metric_name=acc val_metric=0.4895
Step 1750 | loss 0.9886 | val_acc=0.4908 val_loss=1.3920 val_f1_macro=0.4011 val_f1_weighted=0.4740 val_prec_macro=0.4542 val_rec_macro=0.3911 val_metric_name=acc val_metric=0.4908
Step 1800 | loss 0.9760 | val_acc=0.4916 val_loss=1.3965 val_f1_macro=0.4054 val_f1_weighted=0.4772 val_prec_macro=0.4476 val_rec_macro=0.3959 val_metric_name=acc val_metric=0.4916
Step 1850 | loss 0.9652 | val_acc=0.4945 val_loss=1.3961 val_f1_macro=0.4118 val_f1_weighted=0.4817 val_prec_macro=0.4463 val_rec_macro=0.4016 val_metric_name=acc val_metric=0.4945
Step 1900 | loss 0.9406 | val_acc=0.4962 val_loss=1.4110 val_f1_macro=0.4128 val_f1_weighted=0.4823 val_prec_macro=0.4549 val_rec_macro=0.4019 val_metric_name=acc val_metric=0.4962
Step 1950 | loss 0.9392 | val_acc=0.4947 val_loss=1.4159 val_f1_macro=0.4152 val_f1_weighted=0.4824 val_prec_macro=0.4524 val_rec_macro=0.4039 val_metric_name=acc val_metric=0.4947
Step 2000 | loss 0.9149 | val_acc=0.4958 val_loss=1.4295 val_f1_macro=0.4163 val_f1_weighted=0.4829 val_prec_macro=0.4551 val_rec_macro=0.4043 val_metric_name=acc val_metric=0.4958
Step 2050 | loss 0.9021 | val_acc=0.5001 val_loss=1.4294 val_f1_macro=0.4245 val_f1_weighted=0.4893 val_prec_macro=0.4591 val_rec_macro=0.4120 val_metric_name=acc val_metric=0.5001
Step 2100 | loss 0.8937 | val_acc=0.5009 val_loss=1.4388 val_f1_macro=0.4277 val_f1_weighted=0.4906 val_prec_macro=0.4589 val_rec_macro=0.4163 val_metric_name=acc val_metric=0.5009
Step 2150 | loss 0.8745 | val_acc=0.5025 val_loss=1.4460 val_f1_macro=0.4322 val_f1_weighted=0.4931 val_prec_macro=0.4620 val_rec_macro=0.4197 val_metric_name=acc val_metric=0.5025
Step 2200 | loss 0.8675 | val_acc=0.5037 val_loss=1.4584 val_f1_macro=0.4346 val_f1_weighted=0.4949 val_prec_macro=0.4647 val_rec_macro=0.4218 val_metric_name=acc val_metric=0.5037
Step 2250 | loss 0.8522 | val_acc=0.5040 val_loss=1.4760 val_f1_macro=0.4364 val_f1_weighted=0.4951 val_prec_macro=0.4668 val_rec_macro=0.4238 val_metric_name=acc val_metric=0.5040
Step 2300 | loss 0.8344 | val_acc=0.5050 val_loss=1.4797 val_f1_macro=0.4389 val_f1_weighted=0.4962 val_prec_macro=0.4691 val_rec_macro=0.4258 val_metric_name=acc val_metric=0.5050
Step 2350 | loss 0.8212 | val_acc=0.5056 val_loss=1.4918 val_f1_macro=0.4398 val_f1_weighted=0.4973 val_prec_macro=0.4731 val_rec_macro=0.4251 val_metric_name=acc val_metric=0.5056
Step 2400 | loss 0.8055 | val_acc=0.5053 val_loss=1.5094 val_f1_macro=0.4408 val_f1_weighted=0.4977 val_prec_macro=0.4693 val_rec_macro=0.4278 val_metric_name=acc val_metric=0.5053
Step 2450 | loss 0.7954 | val_acc=0.5079 val_loss=1.5158 val_f1_macro=0.4436 val_f1_weighted=0.5005 val_prec_macro=0.4700 val_rec_macro=0.4307 val_metric_name=acc val_metric=0.5079
Step 2500 | loss 0.7833 | val_acc=0.5091 val_loss=1.5330 val_f1_macro=0.4463 val_f1_weighted=0.5021 val_prec_macro=0.4687 val_rec_macro=0.4355 val_metric_name=acc val_metric=0.5091
Step 2550 | loss 0.7647 | val_acc=0.5128 val_loss=1.5457 val_f1_macro=0.4506 val_f1_weighted=0.5054 val_prec_macro=0.4765 val_rec_macro=0.4384 val_metric_name=acc val_metric=0.5128
Step 2600 | loss 0.7527 | val_acc=0.5120 val_loss=1.5616 val_f1_macro=0.4501 val_f1_weighted=0.5057 val_prec_macro=0.4720 val_rec_macro=0.4390 val_metric_name=acc val_metric=0.5120
Step 2650 | loss 0.7391 | val_acc=0.5153 val_loss=1.5779 val_f1_macro=0.4529 val_f1_weighted=0.5086 val_prec_macro=0.4740 val_rec_macro=0.4428 val_metric_name=acc val_metric=0.5153
Step 2700 | loss 0.7210 | val_acc=0.5154 val_loss=1.5903 val_f1_macro=0.4511 val_f1_weighted=0.5087 val_prec_macro=0.4745 val_rec_macro=0.4393 val_metric_name=acc val_metric=0.5154
Step 2750 | loss 0.7039 | val_acc=0.5172 val_loss=1.6125 val_f1_macro=0.4572 val_f1_weighted=0.5110 val_prec_macro=0.4782 val_rec_macro=0.4462 val_metric_name=acc val_metric=0.5172
Step 2800 | loss 0.6941 | val_acc=0.5192 val_loss=1.6224 val_f1_macro=0.4595 val_f1_weighted=0.5137 val_prec_macro=0.4791 val_rec_macro=0.4487 val_metric_name=acc val_metric=0.5192
Step 2850 | loss 0.6789 | val_acc=0.5200 val_loss=1.6397 val_f1_macro=0.4623 val_f1_weighted=0.5147 val_prec_macro=0.4815 val_rec_macro=0.4511 val_metric_name=acc val_metric=0.5200
Step 2900 | loss 0.6679 | val_acc=0.5203 val_loss=1.6608 val_f1_macro=0.4625 val_f1_weighted=0.5152 val_prec_macro=0.4795 val_rec_macro=0.4527 val_metric_name=acc val_metric=0.5203
Step 2950 | loss 0.6575 | val_acc=0.5213 val_loss=1.6795 val_f1_macro=0.4651 val_f1_weighted=0.5165 val_prec_macro=0.4812 val_rec_macro=0.4557 val_metric_name=acc val_metric=0.5213
Step 3000 | loss 0.6291 | val_acc=0.5215 val_loss=1.6967 val_f1_macro=0.4648 val_f1_weighted=0.5171 val_prec_macro=0.4788 val_rec_macro=0.4562 val_metric_name=acc val_metric=0.5215
Step 3050 | loss 0.6276 | val_acc=0.5234 val_loss=1.7192 val_f1_macro=0.4658 val_f1_weighted=0.5193 val_prec_macro=0.4762 val_rec_macro=0.4599 val_metric_name=acc val_metric=0.5234
Step 3100 | loss 0.6186 | val_acc=0.5265 val_loss=1.7261 val_f1_macro=0.4700 val_f1_weighted=0.5218 val_prec_macro=0.4868 val_rec_macro=0.4599 val_metric_name=acc val_metric=0.5265
Step 3150 | loss 0.6106 | val_acc=0.5272 val_loss=1.7557 val_f1_macro=0.4709 val_f1_weighted=0.5222 val_prec_macro=0.4852 val_rec_macro=0.4628 val_metric_name=acc val_metric=0.5272
Step 3200 | loss 0.5871 | val_acc=0.5270 val_loss=1.7781 val_f1_macro=0.4711 val_f1_weighted=0.5234 val_prec_macro=0.4791 val_rec_macro=0.4667 val_metric_name=acc val_metric=0.5270
Step 3250 | loss 0.5795 | val_acc=0.5264 val_loss=1.7998 val_f1_macro=0.4706 val_f1_weighted=0.5229 val_prec_macro=0.4777 val_rec_macro=0.4672 val_metric_name=acc val_metric=0.5264
Step 3300 | loss 0.5601 | val_acc=0.5285 val_loss=1.8153 val_f1_macro=0.4716 val_f1_weighted=0.5249 val_prec_macro=0.4809 val_rec_macro=0.4663 val_metric_name=acc val_metric=0.5285
Step 3350 | loss 0.5530 | val_acc=0.5290 val_loss=1.8308 val_f1_macro=0.4736 val_f1_weighted=0.5255 val_prec_macro=0.4837 val_rec_macro=0.4673 val_metric_name=acc val_metric=0.5290
Step 3400 | loss 0.5427 | val_acc=0.5301 val_loss=1.8556 val_f1_macro=0.4732 val_f1_weighted=0.5267 val_prec_macro=0.4837 val_rec_macro=0.4667 val_metric_name=acc val_metric=0.5301
Step 3450 | loss 0.5369 | val_acc=0.5319 val_loss=1.8718 val_f1_macro=0.4745 val_f1_weighted=0.5280 val_prec_macro=0.4859 val_rec_macro=0.4680 val_metric_name=acc val_metric=0.5319
Step 3500 | loss 0.5222 | val_acc=0.5300 val_loss=1.8976 val_f1_macro=0.4732 val_f1_weighted=0.5263 val_prec_macro=0.4831 val_rec_macro=0.4678 val_metric_name=acc val_metric=0.5300
Step 3550 | loss 0.5051 | val_acc=0.5309 val_loss=1.9163 val_f1_macro=0.4746 val_f1_weighted=0.5275 val_prec_macro=0.4847 val_rec_macro=0.4685 val_metric_name=acc val_metric=0.5309
Step 3600 | loss 0.4898 | val_acc=0.5341 val_loss=1.9377 val_f1_macro=0.4783 val_f1_weighted=0.5309 val_prec_macro=0.4865 val_rec_macro=0.4737 val_metric_name=acc val_metric=0.5341
Step 3650 | loss 0.4971 | val_acc=0.5323 val_loss=1.9629 val_f1_macro=0.4788 val_f1_weighted=0.5296 val_prec_macro=0.4853 val_rec_macro=0.4749 val_metric_name=acc val_metric=0.5323
Step 3700 | loss 0.4822 | val_acc=0.5326 val_loss=1.9759 val_f1_macro=0.4784 val_f1_weighted=0.5295 val_prec_macro=0.4871 val_rec_macro=0.4730 val_metric_name=acc val_metric=0.5326
Step 3750 | loss 0.4672 | val_acc=0.5331 val_loss=2.0047 val_f1_macro=0.4788 val_f1_weighted=0.5303 val_prec_macro=0.4855 val_rec_macro=0.4749 val_metric_name=acc val_metric=0.5331
Step 3800 | loss 0.4549 | val_acc=0.5344 val_loss=2.0325 val_f1_macro=0.4809 val_f1_weighted=0.5315 val_prec_macro=0.4887 val_rec_macro=0.4759 val_metric_name=acc val_metric=0.5344
Step 3850 | loss 0.4504 | val_acc=0.5329 val_loss=2.0559 val_f1_macro=0.4793 val_f1_weighted=0.5301 val_prec_macro=0.4877 val_rec_macro=0.4736 val_metric_name=acc val_metric=0.5329
Step 3900 | loss 0.4452 | val_acc=0.5355 val_loss=2.0702 val_f1_macro=0.4809 val_f1_weighted=0.5328 val_prec_macro=0.4876 val_rec_macro=0.4768 val_metric_name=acc val_metric=0.5355
Step 3950 | loss 0.4159 | val_acc=0.5342 val_loss=2.0925 val_f1_macro=0.4808 val_f1_weighted=0.5317 val_prec_macro=0.4868 val_rec_macro=0.4771 val_metric_name=acc val_metric=0.5342
Step 4000 | loss 0.4110 | val_acc=0.5360 val_loss=2.1140 val_f1_macro=0.4817 val_f1_weighted=0.5331 val_prec_macro=0.4897 val_rec_macro=0.4766 val_metric_name=acc val_metric=0.5360
Step 4050 | loss 0.4158 | val_acc=0.5358 val_loss=2.1270 val_f1_macro=0.4836 val_f1_weighted=0.5329 val_prec_macro=0.4915 val_rec_macro=0.4791 val_metric_name=acc val_metric=0.5358
Step 4100 | loss 0.4072 | val_acc=0.5365 val_loss=2.1570 val_f1_macro=0.4831 val_f1_weighted=0.5337 val_prec_macro=0.4907 val_rec_macro=0.4784 val_metric_name=acc val_metric=0.5365
Step 4150 | loss 0.3932 | val_acc=0.5376 val_loss=2.1711 val_f1_macro=0.4852 val_f1_weighted=0.5350 val_prec_macro=0.4924 val_rec_macro=0.4805 val_metric_name=acc val_metric=0.5376
Step 4200 | loss 0.3847 | val_acc=0.5362 val_loss=2.2023 val_f1_macro=0.4821 val_f1_weighted=0.5339 val_prec_macro=0.4872 val_rec_macro=0.4791 val_metric_name=acc val_metric=0.5362
Step 4250 | loss 0.3731 | val_acc=0.5391 val_loss=2.2179 val_f1_macro=0.4875 val_f1_weighted=0.5370 val_prec_macro=0.4936 val_rec_macro=0.4836 val_metric_name=acc val_metric=0.5391
Step 4300 | loss 0.3668 | val_acc=0.5373 val_loss=2.2459 val_f1_macro=0.4857 val_f1_weighted=0.5354 val_prec_macro=0.4903 val_rec_macro=0.4827 val_metric_name=acc val_metric=0.5373
Step 4350 | loss 0.3508 | val_acc=0.5380 val_loss=2.2627 val_f1_macro=0.4843 val_f1_weighted=0.5361 val_prec_macro=0.4881 val_rec_macro=0.4819 val_metric_name=acc val_metric=0.5380
Step 4400 | loss 0.3538 | val_acc=0.5391 val_loss=2.2825 val_f1_macro=0.4863 val_f1_weighted=0.5368 val_prec_macro=0.4926 val_rec_macro=0.4822 val_metric_name=acc val_metric=0.5391
Step 4450 | loss 0.3380 | val_acc=0.5368 val_loss=2.2962 val_f1_macro=0.4848 val_f1_weighted=0.5351 val_prec_macro=0.4885 val_rec_macro=0.4823 val_metric_name=acc val_metric=0.5368
Step 4500 | loss 0.3349 | val_acc=0.5372 val_loss=2.3311 val_f1_macro=0.4845 val_f1_weighted=0.5354 val_prec_macro=0.4882 val_rec_macro=0.4820 val_metric_name=acc val_metric=0.5372
Step 4550 | loss 0.3235 | val_acc=0.5388 val_loss=2.3469 val_f1_macro=0.4858 val_f1_weighted=0.5367 val_prec_macro=0.4909 val_rec_macro=0.4823 val_metric_name=acc val_metric=0.5388
Step 4600 | loss 0.3203 | val_acc=0.5398 val_loss=2.3615 val_f1_macro=0.4858 val_f1_weighted=0.5380 val_prec_macro=0.4895 val_rec_macro=0.4836 val_metric_name=acc val_metric=0.5398
Step 4650 | loss 0.3218 | val_acc=0.5388 val_loss=2.3855 val_f1_macro=0.4850 val_f1_weighted=0.5367 val_prec_macro=0.4906 val_rec_macro=0.4812 val_metric_name=acc val_metric=0.5388
Step 4700 | loss 0.3092 | val_acc=0.5376 val_loss=2.4051 val_f1_macro=0.4841 val_f1_weighted=0.5356 val_prec_macro=0.4885 val_rec_macro=0.4817 val_metric_name=acc val_metric=0.5376
Step 4750 | loss 0.3101 | val_acc=0.5416 val_loss=2.4223 val_f1_macro=0.4889 val_f1_weighted=0.5396 val_prec_macro=0.4937 val_rec_macro=0.4858 val_metric_name=acc val_metric=0.5416
Step 4800 | loss 0.2862 | val_acc=0.5393 val_loss=2.4406 val_f1_macro=0.4875 val_f1_weighted=0.5375 val_prec_macro=0.4916 val_rec_macro=0.4846 val_metric_name=acc val_metric=0.5393
Step 4850 | loss 0.2892 | val_acc=0.5416 val_loss=2.4656 val_f1_macro=0.4894 val_f1_weighted=0.5398 val_prec_macro=0.4929 val_rec_macro=0.4874 val_metric_name=acc val_metric=0.5416
Step 4900 | loss 0.2827 | val_acc=0.5383 val_loss=2.4828 val_f1_macro=0.4850 val_f1_weighted=0.5362 val_prec_macro=0.4906 val_rec_macro=0.4811 val_metric_name=acc val_metric=0.5383
Step 4950 | loss 0.2762 | val_acc=0.5398 val_loss=2.5010 val_f1_macro=0.4871 val_f1_weighted=0.5376 val_prec_macro=0.4927 val_rec_macro=0.4834 val_metric_name=acc val_metric=0.5398
Step 5000 | loss 0.2688 | val_acc=0.5411 val_loss=2.5207 val_f1_macro=0.4905 val_f1_weighted=0.5395 val_prec_macro=0.4945 val_rec_macro=0.4877 val_metric_name=acc val_metric=0.5411

--- Final (best ckpt @ step 4810) ---
  train_acc=0.9832 train_loss=0.0611 train_f1_macro=0.9801 train_f1_weighted=0.9832 train_prec_macro=0.9762 train_rec_macro=0.9843 train_metric_name=acc train_metric=0.9832
  val_acc=0.5422 val_loss=2.4573 val_f1_macro=0.4889 val_f1_weighted=0.5404 val_prec_macro=0.4936 val_rec_macro=0.4857 val_metric_name=acc val_metric=0.5422
  test_acc=0.5311 test_loss=2.5124 test_f1_macro=0.4722 test_f1_weighted=0.5302 test_prec_macro=0.4739 test_rec_macro=0.4709 test_metric_name=acc test_metric=0.5311
  test_acc=0.5311

============================================================
Training amazon-ratings GT 4L h=512 lr=3e-05 split=3
============================================================
Training for 5000 steps
Step    1 | loss 1.8144 | val_acc=0.3640 val_loss=1.4614 val_f1_macro=0.1144 val_f1_weighted=0.2060 val_prec_macro=0.1554 val_rec_macro=0.1992 val_metric_name=acc val_metric=0.3640
Step   50 | loss 1.3985 | val_acc=0.3887 val_loss=1.3809 val_f1_macro=0.1777 val_f1_weighted=0.2902 val_prec_macro=0.1977 val_rec_macro=0.2294 val_metric_name=acc val_metric=0.3887
Step  100 | loss 1.3502 | val_acc=0.4135 val_loss=1.3514 val_f1_macro=0.2178 val_f1_weighted=0.3399 val_prec_macro=0.2317 val_rec_macro=0.2583 val_metric_name=acc val_metric=0.4135
Step  150 | loss 1.3066 | val_acc=0.4235 val_loss=1.3438 val_f1_macro=0.2414 val_f1_weighted=0.3638 val_prec_macro=0.3014 val_rec_macro=0.2760 val_metric_name=acc val_metric=0.4235
Step  200 | loss 1.2625 | val_acc=0.4299 val_loss=1.3435 val_f1_macro=0.2734 val_f1_weighted=0.3869 val_prec_macro=0.3574 val_rec_macro=0.2945 val_metric_name=acc val_metric=0.4299
Step  250 | loss 1.2137 | val_acc=0.4462 val_loss=1.3404 val_f1_macro=0.3103 val_f1_weighted=0.4140 val_prec_macro=0.3949 val_rec_macro=0.3148 val_metric_name=acc val_metric=0.4462
Step  300 | loss 1.1729 | val_acc=0.4553 val_loss=1.3556 val_f1_macro=0.3407 val_f1_weighted=0.4267 val_prec_macro=0.4224 val_rec_macro=0.3403 val_metric_name=acc val_metric=0.4553
Step  350 | loss 1.1270 | val_acc=0.4695 val_loss=1.3563 val_f1_macro=0.3677 val_f1_weighted=0.4484 val_prec_macro=0.4314 val_rec_macro=0.3601 val_metric_name=acc val_metric=0.4695
Step  400 | loss 1.0856 | val_acc=0.4726 val_loss=1.3588 val_f1_macro=0.3863 val_f1_weighted=0.4566 val_prec_macro=0.4402 val_rec_macro=0.3748 val_metric_name=acc val_metric=0.4726
Step  450 | loss 1.0424 | val_acc=0.4779 val_loss=1.3738 val_f1_macro=0.3853 val_f1_weighted=0.4569 val_prec_macro=0.4557 val_rec_macro=0.3717 val_metric_name=acc val_metric=0.4779
Step  500 | loss 1.0123 | val_acc=0.4849 val_loss=1.3879 val_f1_macro=0.3991 val_f1_weighted=0.4695 val_prec_macro=0.4536 val_rec_macro=0.3849 val_metric_name=acc val_metric=0.4849
Step  550 | loss 0.9686 | val_acc=0.4855 val_loss=1.4119 val_f1_macro=0.4093 val_f1_weighted=0.4751 val_prec_macro=0.4352 val_rec_macro=0.3994 val_metric_name=acc val_metric=0.4855
Step  600 | loss 0.9208 | val_acc=0.4960 val_loss=1.4460 val_f1_macro=0.4208 val_f1_weighted=0.4853 val_prec_macro=0.4498 val_rec_macro=0.4091 val_metric_name=acc val_metric=0.4960
Step  650 | loss 0.8744 | val_acc=0.5007 val_loss=1.4753 val_f1_macro=0.4311 val_f1_weighted=0.4912 val_prec_macro=0.4606 val_rec_macro=0.4184 val_metric_name=acc val_metric=0.5007
Step  700 | loss 0.8144 | val_acc=0.5065 val_loss=1.5299 val_f1_macro=0.4392 val_f1_weighted=0.4974 val_prec_macro=0.4673 val_rec_macro=0.4263 val_metric_name=acc val_metric=0.5065
Step  750 | loss 0.7602 | val_acc=0.5076 val_loss=1.5829 val_f1_macro=0.4424 val_f1_weighted=0.4998 val_prec_macro=0.4668 val_rec_macro=0.4315 val_metric_name=acc val_metric=0.5076
Step  800 | loss 0.7127 | val_acc=0.5141 val_loss=1.6499 val_f1_macro=0.4541 val_f1_weighted=0.5086 val_prec_macro=0.4707 val_rec_macro=0.4440 val_metric_name=acc val_metric=0.5141
Step  850 | loss 0.6591 | val_acc=0.5189 val_loss=1.7129 val_f1_macro=0.4597 val_f1_weighted=0.5133 val_prec_macro=0.4816 val_rec_macro=0.4473 val_metric_name=acc val_metric=0.5189
Step  900 | loss 0.5985 | val_acc=0.5203 val_loss=1.8019 val_f1_macro=0.4654 val_f1_weighted=0.5165 val_prec_macro=0.4794 val_rec_macro=0.4559 val_metric_name=acc val_metric=0.5203
Step  950 | loss 0.5466 | val_acc=0.5264 val_loss=1.9177 val_f1_macro=0.4694 val_f1_weighted=0.5226 val_prec_macro=0.4806 val_rec_macro=0.4624 val_metric_name=acc val_metric=0.5264
Step 1000 | loss 0.4997 | val_acc=0.5275 val_loss=1.9985 val_f1_macro=0.4714 val_f1_weighted=0.5243 val_prec_macro=0.4818 val_rec_macro=0.4643 val_metric_name=acc val_metric=0.5275
Step 1050 | loss 0.4475 | val_acc=0.5290 val_loss=2.0930 val_f1_macro=0.4783 val_f1_weighted=0.5273 val_prec_macro=0.4820 val_rec_macro=0.4760 val_metric_name=acc val_metric=0.5290
Step 1100 | loss 0.4075 | val_acc=0.5285 val_loss=2.2060 val_f1_macro=0.4796 val_f1_weighted=0.5265 val_prec_macro=0.4874 val_rec_macro=0.4738 val_metric_name=acc val_metric=0.5285
Step 1150 | loss 0.3724 | val_acc=0.5311 val_loss=2.2999 val_f1_macro=0.4818 val_f1_weighted=0.5290 val_prec_macro=0.4888 val_rec_macro=0.4763 val_metric_name=acc val_metric=0.5311
Step 1200 | loss 0.3435 | val_acc=0.5277 val_loss=2.3894 val_f1_macro=0.4784 val_f1_weighted=0.5271 val_prec_macro=0.4790 val_rec_macro=0.4780 val_metric_name=acc val_metric=0.5277
Step 1250 | loss 0.3101 | val_acc=0.5296 val_loss=2.5034 val_f1_macro=0.4789 val_f1_weighted=0.5281 val_prec_macro=0.4818 val_rec_macro=0.4770 val_metric_name=acc val_metric=0.5296
Step 1300 | loss 0.2746 | val_acc=0.5300 val_loss=2.5768 val_f1_macro=0.4784 val_f1_weighted=0.5286 val_prec_macro=0.4819 val_rec_macro=0.4756 val_metric_name=acc val_metric=0.5300
Step 1350 | loss 0.2472 | val_acc=0.5295 val_loss=2.6841 val_f1_macro=0.4811 val_f1_weighted=0.5289 val_prec_macro=0.4793 val_rec_macro=0.4839 val_metric_name=acc val_metric=0.5295
Step 1400 | loss 0.2263 | val_acc=0.5313 val_loss=2.7749 val_f1_macro=0.4795 val_f1_weighted=0.5303 val_prec_macro=0.4802 val_rec_macro=0.4797 val_metric_name=acc val_metric=0.5313
Step 1450 | loss 0.2078 | val_acc=0.5347 val_loss=2.8444 val_f1_macro=0.4839 val_f1_weighted=0.5336 val_prec_macro=0.4856 val_rec_macro=0.4831 val_metric_name=acc val_metric=0.5347
Step 1500 | loss 0.1810 | val_acc=0.5337 val_loss=2.9174 val_f1_macro=0.4830 val_f1_weighted=0.5331 val_prec_macro=0.4824 val_rec_macro=0.4841 val_metric_name=acc val_metric=0.5337
Step 1550 | loss 0.1748 | val_acc=0.5334 val_loss=3.0153 val_f1_macro=0.4831 val_f1_weighted=0.5330 val_prec_macro=0.4818 val_rec_macro=0.4850 val_metric_name=acc val_metric=0.5334
Step 1600 | loss 0.1587 | val_acc=0.5352 val_loss=3.0645 val_f1_macro=0.4858 val_f1_weighted=0.5343 val_prec_macro=0.4861 val_rec_macro=0.4868 val_metric_name=acc val_metric=0.5352
Step 1650 | loss 0.1473 | val_acc=0.5339 val_loss=3.1353 val_f1_macro=0.4829 val_f1_weighted=0.5327 val_prec_macro=0.4844 val_rec_macro=0.4823 val_metric_name=acc val_metric=0.5339
Step 1700 | loss 0.1315 | val_acc=0.5336 val_loss=3.1984 val_f1_macro=0.4815 val_f1_weighted=0.5327 val_prec_macro=0.4818 val_rec_macro=0.4823 val_metric_name=acc val_metric=0.5336
Step 1750 | loss 0.1211 | val_acc=0.5313 val_loss=3.2500 val_f1_macro=0.4820 val_f1_weighted=0.5305 val_prec_macro=0.4822 val_rec_macro=0.4823 val_metric_name=acc val_metric=0.5313
Step 1800 | loss 0.1210 | val_acc=0.5319 val_loss=3.3098 val_f1_macro=0.4822 val_f1_weighted=0.5313 val_prec_macro=0.4826 val_rec_macro=0.4822 val_metric_name=acc val_metric=0.5319
Early stopping at step 1847

--- Final (best ckpt @ step 1480) ---
  train_acc=0.9939 train_loss=0.0246 train_f1_macro=0.9918 train_f1_weighted=0.9939 train_prec_macro=0.9901 train_rec_macro=0.9936 train_metric_name=acc train_metric=0.9939
  val_acc=0.5367 val_loss=2.8868 val_f1_macro=0.4858 val_f1_weighted=0.5352 val_prec_macro=0.4893 val_rec_macro=0.4834 val_metric_name=acc val_metric=0.5367
  test_acc=0.5372 test_loss=2.8376 test_f1_macro=0.4807 test_f1_weighted=0.5351 test_prec_macro=0.4881 test_rec_macro=0.4751 test_metric_name=acc test_metric=0.5372
  test_acc=0.5372

============================================================
Training amazon-ratings GT 4L h=512 lr=6e-05 split=3
============================================================
Training for 5000 steps
Step    1 | loss 1.8144 | val_acc=0.3675 val_loss=1.4796 val_f1_macro=0.1097 val_f1_weighted=0.2006 val_prec_macro=0.1681 val_rec_macro=0.2002 val_metric_name=acc val_metric=0.3675
Step   50 | loss 1.3846 | val_acc=0.3939 val_loss=1.3726 val_f1_macro=0.1852 val_f1_weighted=0.2997 val_prec_macro=0.2071 val_rec_macro=0.2348 val_metric_name=acc val_metric=0.3939
Step  100 | loss 1.3202 | val_acc=0.4212 val_loss=1.3372 val_f1_macro=0.2393 val_f1_weighted=0.3638 val_prec_macro=0.2956 val_rec_macro=0.2700 val_metric_name=acc val_metric=0.4212
Step  150 | loss 1.2493 | val_acc=0.4343 val_loss=1.3485 val_f1_macro=0.2727 val_f1_weighted=0.3878 val_prec_macro=0.3628 val_rec_macro=0.2959 val_metric_name=acc val_metric=0.4343
Step  200 | loss 1.1761 | val_acc=0.4514 val_loss=1.3421 val_f1_macro=0.3292 val_f1_weighted=0.4246 val_prec_macro=0.3994 val_rec_macro=0.3307 val_metric_name=acc val_metric=0.4514
Step  250 | loss 1.1047 | val_acc=0.4648 val_loss=1.3624 val_f1_macro=0.3748 val_f1_weighted=0.4478 val_prec_macro=0.4188 val_rec_macro=0.3667 val_metric_name=acc val_metric=0.4648
Step  300 | loss 1.0463 | val_acc=0.4767 val_loss=1.3756 val_f1_macro=0.3867 val_f1_weighted=0.4582 val_prec_macro=0.4540 val_rec_macro=0.3760 val_metric_name=acc val_metric=0.4767
Step  350 | loss 0.9720 | val_acc=0.4877 val_loss=1.4267 val_f1_macro=0.4077 val_f1_weighted=0.4748 val_prec_macro=0.4480 val_rec_macro=0.3973 val_metric_name=acc val_metric=0.4877
Step  400 | loss 0.8891 | val_acc=0.4975 val_loss=1.4621 val_f1_macro=0.4204 val_f1_weighted=0.4875 val_prec_macro=0.4519 val_rec_macro=0.4086 val_metric_name=acc val_metric=0.4975
Step  450 | loss 0.7961 | val_acc=0.5043 val_loss=1.5476 val_f1_macro=0.4344 val_f1_weighted=0.4940 val_prec_macro=0.4712 val_rec_macro=0.4204 val_metric_name=acc val_metric=0.5043
Step  500 | loss 0.7125 | val_acc=0.5143 val_loss=1.6605 val_f1_macro=0.4519 val_f1_weighted=0.5073 val_prec_macro=0.4747 val_rec_macro=0.4404 val_metric_name=acc val_metric=0.5143
Step  550 | loss 0.6234 | val_acc=0.5259 val_loss=1.7919 val_f1_macro=0.4687 val_f1_weighted=0.5219 val_prec_macro=0.4833 val_rec_macro=0.4591 val_metric_name=acc val_metric=0.5259
Step  600 | loss 0.5273 | val_acc=0.5244 val_loss=1.9759 val_f1_macro=0.4694 val_f1_weighted=0.5225 val_prec_macro=0.4761 val_rec_macro=0.4640 val_metric_name=acc val_metric=0.5244
Step  650 | loss 0.4463 | val_acc=0.5370 val_loss=2.1444 val_f1_macro=0.4796 val_f1_weighted=0.5337 val_prec_macro=0.4906 val_rec_macro=0.4722 val_metric_name=acc val_metric=0.5370
Step  700 | loss 0.3721 | val_acc=0.5355 val_loss=2.3098 val_f1_macro=0.4798 val_f1_weighted=0.5329 val_prec_macro=0.4862 val_rec_macro=0.4762 val_metric_name=acc val_metric=0.5355
Step  750 | loss 0.3124 | val_acc=0.5293 val_loss=2.4698 val_f1_macro=0.4761 val_f1_weighted=0.5279 val_prec_macro=0.4793 val_rec_macro=0.4740 val_metric_name=acc val_metric=0.5293
Step  800 | loss 0.2771 | val_acc=0.5367 val_loss=2.6174 val_f1_macro=0.4830 val_f1_weighted=0.5358 val_prec_macro=0.4827 val_rec_macro=0.4843 val_metric_name=acc val_metric=0.5367
Step  850 | loss 0.2301 | val_acc=0.5342 val_loss=2.7668 val_f1_macro=0.4791 val_f1_weighted=0.5321 val_prec_macro=0.4854 val_rec_macro=0.4740 val_metric_name=acc val_metric=0.5342
Step  900 | loss 0.1957 | val_acc=0.5332 val_loss=2.9074 val_f1_macro=0.4798 val_f1_weighted=0.5321 val_prec_macro=0.4803 val_rec_macro=0.4805 val_metric_name=acc val_metric=0.5332
Step  950 | loss 0.1642 | val_acc=0.5345 val_loss=3.0657 val_f1_macro=0.4812 val_f1_weighted=0.5331 val_prec_macro=0.4835 val_rec_macro=0.4800 val_metric_name=acc val_metric=0.5345
Step 1000 | loss 0.1411 | val_acc=0.5378 val_loss=3.1598 val_f1_macro=0.4841 val_f1_weighted=0.5363 val_prec_macro=0.4863 val_rec_macro=0.4826 val_metric_name=acc val_metric=0.5378
Step 1050 | loss 0.1189 | val_acc=0.5339 val_loss=3.2489 val_f1_macro=0.4813 val_f1_weighted=0.5326 val_prec_macro=0.4841 val_rec_macro=0.4790 val_metric_name=acc val_metric=0.5339
Step 1100 | loss 0.1082 | val_acc=0.5357 val_loss=3.3595 val_f1_macro=0.4820 val_f1_weighted=0.5342 val_prec_macro=0.4847 val_rec_macro=0.4800 val_metric_name=acc val_metric=0.5357
Step 1150 | loss 0.0938 | val_acc=0.5357 val_loss=3.4379 val_f1_macro=0.4823 val_f1_weighted=0.5345 val_prec_macro=0.4840 val_rec_macro=0.4814 val_metric_name=acc val_metric=0.5357
Step 1200 | loss 0.0891 | val_acc=0.5372 val_loss=3.5167 val_f1_macro=0.4865 val_f1_weighted=0.5360 val_prec_macro=0.4885 val_rec_macro=0.4851 val_metric_name=acc val_metric=0.5372
Step 1250 | loss 0.0751 | val_acc=0.5370 val_loss=3.5719 val_f1_macro=0.4818 val_f1_weighted=0.5349 val_prec_macro=0.4861 val_rec_macro=0.4791 val_metric_name=acc val_metric=0.5370
Step 1300 | loss 0.0707 | val_acc=0.5368 val_loss=3.6191 val_f1_macro=0.4854 val_f1_weighted=0.5359 val_prec_macro=0.4876 val_rec_macro=0.4835 val_metric_name=acc val_metric=0.5368
Step 1350 | loss 0.0646 | val_acc=0.5326 val_loss=3.7032 val_f1_macro=0.4805 val_f1_weighted=0.5316 val_prec_macro=0.4817 val_rec_macro=0.4800 val_metric_name=acc val_metric=0.5326
Step 1400 | loss 0.0567 | val_acc=0.5309 val_loss=3.7481 val_f1_macro=0.4774 val_f1_weighted=0.5302 val_prec_macro=0.4779 val_rec_macro=0.4773 val_metric_name=acc val_metric=0.5309
Early stopping at step 1444

--- Final (best ckpt @ step 980) ---
  train_acc=0.9963 train_loss=0.0139 train_f1_macro=0.9947 train_f1_weighted=0.9963 train_prec_macro=0.9932 train_rec_macro=0.9961 train_metric_name=acc train_metric=0.9963
  val_acc=0.5388 val_loss=3.1137 val_f1_macro=0.4858 val_f1_weighted=0.5369 val_prec_macro=0.4899 val_rec_macro=0.4834 val_metric_name=acc val_metric=0.5388
  test_acc=0.5313 test_loss=3.0612 test_f1_macro=0.4718 test_f1_weighted=0.5295 test_prec_macro=0.4768 test_rec_macro=0.4676 test_metric_name=acc test_metric=0.5313
  test_acc=0.5313

============================================================
Training amazon-ratings GT 4L h=512 lr=0.0001 split=3
============================================================
Training for 5000 steps
Step    1 | loss 1.8144 | val_acc=0.3676 val_loss=1.6240 val_f1_macro=0.1077 val_f1_weighted=0.1980 val_prec_macro=0.1402 val_rec_macro=0.1999 val_metric_name=acc val_metric=0.3676
Step   50 | loss 1.3864 | val_acc=0.3890 val_loss=1.3755 val_f1_macro=0.1789 val_f1_weighted=0.2916 val_prec_macro=0.2152 val_rec_macro=0.2302 val_metric_name=acc val_metric=0.3890
Step  100 | loss 1.3143 | val_acc=0.4197 val_loss=1.3343 val_f1_macro=0.2387 val_f1_weighted=0.3618 val_prec_macro=0.2950 val_rec_macro=0.2684 val_metric_name=acc val_metric=0.4197
Step  150 | loss 1.2277 | val_acc=0.4343 val_loss=1.3314 val_f1_macro=0.2909 val_f1_weighted=0.4029 val_prec_macro=0.3522 val_rec_macro=0.3020 val_metric_name=acc val_metric=0.4343
Step  200 | loss 1.1351 | val_acc=0.4575 val_loss=1.3441 val_f1_macro=0.3485 val_f1_weighted=0.4304 val_prec_macro=0.4288 val_rec_macro=0.3463 val_metric_name=acc val_metric=0.4575
Step  250 | loss 1.0366 | val_acc=0.4779 val_loss=1.3828 val_f1_macro=0.4010 val_f1_weighted=0.4670 val_prec_macro=0.4350 val_rec_macro=0.3893 val_metric_name=acc val_metric=0.4779
Step  300 | loss 0.9378 | val_acc=0.4864 val_loss=1.4256 val_f1_macro=0.4135 val_f1_weighted=0.4760 val_prec_macro=0.4491 val_rec_macro=0.4029 val_metric_name=acc val_metric=0.4864
Step  350 | loss 0.8024 | val_acc=0.5084 val_loss=1.5584 val_f1_macro=0.4384 val_f1_weighted=0.4987 val_prec_macro=0.4786 val_rec_macro=0.4237 val_metric_name=acc val_metric=0.5084
Step  400 | loss 0.6537 | val_acc=0.5182 val_loss=1.7549 val_f1_macro=0.4575 val_f1_weighted=0.5127 val_prec_macro=0.4782 val_rec_macro=0.4460 val_metric_name=acc val_metric=0.5182
Step  450 | loss 0.5157 | val_acc=0.5293 val_loss=2.0029 val_f1_macro=0.4740 val_f1_weighted=0.5243 val_prec_macro=0.4928 val_rec_macro=0.4626 val_metric_name=acc val_metric=0.5293
Step  500 | loss 0.4100 | val_acc=0.5290 val_loss=2.2554 val_f1_macro=0.4730 val_f1_weighted=0.5265 val_prec_macro=0.4774 val_rec_macro=0.4714 val_metric_name=acc val_metric=0.5290
Step  550 | loss 0.3164 | val_acc=0.5334 val_loss=2.4610 val_f1_macro=0.4797 val_f1_weighted=0.5316 val_prec_macro=0.4832 val_rec_macro=0.4778 val_metric_name=acc val_metric=0.5334
Step  600 | loss 0.2475 | val_acc=0.5318 val_loss=2.7251 val_f1_macro=0.4791 val_f1_weighted=0.5299 val_prec_macro=0.4823 val_rec_macro=0.4772 val_metric_name=acc val_metric=0.5318
Step  650 | loss 0.1850 | val_acc=0.5342 val_loss=2.9183 val_f1_macro=0.4836 val_f1_weighted=0.5328 val_prec_macro=0.4864 val_rec_macro=0.4821 val_metric_name=acc val_metric=0.5342
Step  700 | loss 0.1451 | val_acc=0.5305 val_loss=3.0849 val_f1_macro=0.4789 val_f1_weighted=0.5291 val_prec_macro=0.4813 val_rec_macro=0.4773 val_metric_name=acc val_metric=0.5305
Step  750 | loss 0.1269 | val_acc=0.5336 val_loss=3.2347 val_f1_macro=0.4815 val_f1_weighted=0.5319 val_prec_macro=0.4856 val_rec_macro=0.4786 val_metric_name=acc val_metric=0.5336
Step  800 | loss 0.1039 | val_acc=0.5311 val_loss=3.3291 val_f1_macro=0.4797 val_f1_weighted=0.5300 val_prec_macro=0.4805 val_rec_macro=0.4801 val_metric_name=acc val_metric=0.5311
Step  850 | loss 0.0882 | val_acc=0.5313 val_loss=3.4638 val_f1_macro=0.4811 val_f1_weighted=0.5292 val_prec_macro=0.4873 val_rec_macro=0.4762 val_metric_name=acc val_metric=0.5313
Step  900 | loss 0.0749 | val_acc=0.5332 val_loss=3.5410 val_f1_macro=0.4803 val_f1_weighted=0.5316 val_prec_macro=0.4836 val_rec_macro=0.4790 val_metric_name=acc val_metric=0.5332
Step  950 | loss 0.0674 | val_acc=0.5352 val_loss=3.6353 val_f1_macro=0.4839 val_f1_weighted=0.5333 val_prec_macro=0.4887 val_rec_macro=0.4803 val_metric_name=acc val_metric=0.5352
Early stopping at step 960

--- Final (best ckpt @ step 660) ---
  train_acc=0.9933 train_loss=0.0230 train_f1_macro=0.9909 train_f1_weighted=0.9933 train_prec_macro=0.9887 train_rec_macro=0.9933 train_metric_name=acc train_metric=0.9933
  val_acc=0.5372 val_loss=2.9323 val_f1_macro=0.4874 val_f1_weighted=0.5355 val_prec_macro=0.4905 val_rec_macro=0.4855 val_metric_name=acc val_metric=0.5372
  test_acc=0.5264 test_loss=2.9204 test_f1_macro=0.4664 test_f1_weighted=0.5245 test_prec_macro=0.4714 test_rec_macro=0.4627 test_metric_name=acc test_metric=0.5264
  test_acc=0.5264

============================================================
Training amazon-ratings GT 4L h=512 lr=1e-05 split=3
============================================================
Training for 5000 steps
Step    1 | loss 1.8144 | val_acc=0.2657 val_loss=1.6309 val_f1_macro=0.1278 val_f1_weighted=0.1951 val_prec_macro=0.1882 val_rec_macro=0.2074 val_metric_name=acc val_metric=0.2657
Step   50 | loss 1.4273 | val_acc=0.3755 val_loss=1.3971 val_f1_macro=0.1567 val_f1_weighted=0.2624 val_prec_macro=0.2005 val_rec_macro=0.2147 val_metric_name=acc val_metric=0.3755
Step  100 | loss 1.3987 | val_acc=0.3890 val_loss=1.3842 val_f1_macro=0.1777 val_f1_weighted=0.2903 val_prec_macro=0.2123 val_rec_macro=0.2294 val_metric_name=acc val_metric=0.3890
Step  150 | loss 1.3777 | val_acc=0.4009 val_loss=1.3681 val_f1_macro=0.1946 val_f1_weighted=0.3117 val_prec_macro=0.2232 val_rec_macro=0.2427 val_metric_name=acc val_metric=0.4009
Step  200 | loss 1.3565 | val_acc=0.4135 val_loss=1.3560 val_f1_macro=0.2148 val_f1_weighted=0.3365 val_prec_macro=0.2364 val_rec_macro=0.2571 val_metric_name=acc val_metric=0.4135
Step  250 | loss 1.3346 | val_acc=0.4150 val_loss=1.3465 val_f1_macro=0.2229 val_f1_weighted=0.3454 val_prec_macro=0.2939 val_rec_macro=0.2621 val_metric_name=acc val_metric=0.4150
Step  300 | loss 1.3222 | val_acc=0.4191 val_loss=1.3448 val_f1_macro=0.2327 val_f1_weighted=0.3551 val_prec_macro=0.2739 val_rec_macro=0.2695 val_metric_name=acc val_metric=0.4191
Step  350 | loss 1.3014 | val_acc=0.4259 val_loss=1.3439 val_f1_macro=0.2471 val_f1_weighted=0.3681 val_prec_macro=0.3274 val_rec_macro=0.2794 val_metric_name=acc val_metric=0.4259
Step  400 | loss 1.2832 | val_acc=0.4277 val_loss=1.3445 val_f1_macro=0.2627 val_f1_weighted=0.3784 val_prec_macro=0.3565 val_rec_macro=0.2877 val_metric_name=acc val_metric=0.4277
Step  450 | loss 1.2641 | val_acc=0.4308 val_loss=1.3512 val_f1_macro=0.2732 val_f1_weighted=0.3834 val_prec_macro=0.3765 val_rec_macro=0.2947 val_metric_name=acc val_metric=0.4308
Step  500 | loss 1.2464 | val_acc=0.4370 val_loss=1.3457 val_f1_macro=0.2841 val_f1_weighted=0.3941 val_prec_macro=0.3727 val_rec_macro=0.3006 val_metric_name=acc val_metric=0.4370
Step  550 | loss 1.2300 | val_acc=0.4377 val_loss=1.3532 val_f1_macro=0.3067 val_f1_weighted=0.4012 val_prec_macro=0.4112 val_rec_macro=0.3151 val_metric_name=acc val_metric=0.4377
Step  600 | loss 1.2064 | val_acc=0.4475 val_loss=1.3502 val_f1_macro=0.3228 val_f1_weighted=0.4137 val_prec_macro=0.4217 val_rec_macro=0.3265 val_metric_name=acc val_metric=0.4475
Step  650 | loss 1.1900 | val_acc=0.4555 val_loss=1.3497 val_f1_macro=0.3369 val_f1_weighted=0.4250 val_prec_macro=0.4257 val_rec_macro=0.3366 val_metric_name=acc val_metric=0.4555
Step  700 | loss 1.1681 | val_acc=0.4614 val_loss=1.3559 val_f1_macro=0.3467 val_f1_weighted=0.4321 val_prec_macro=0.4431 val_rec_macro=0.3435 val_metric_name=acc val_metric=0.4614
Step  750 | loss 1.1469 | val_acc=0.4610 val_loss=1.3593 val_f1_macro=0.3495 val_f1_weighted=0.4331 val_prec_macro=0.4304 val_rec_macro=0.3468 val_metric_name=acc val_metric=0.4610
Step  800 | loss 1.1303 | val_acc=0.4692 val_loss=1.3558 val_f1_macro=0.3615 val_f1_weighted=0.4439 val_prec_macro=0.4416 val_rec_macro=0.3550 val_metric_name=acc val_metric=0.4692
Step  850 | loss 1.1241 | val_acc=0.4725 val_loss=1.3640 val_f1_macro=0.3710 val_f1_weighted=0.4494 val_prec_macro=0.4360 val_rec_macro=0.3636 val_metric_name=acc val_metric=0.4725
Step  900 | loss 1.1064 | val_acc=0.4730 val_loss=1.3619 val_f1_macro=0.3778 val_f1_weighted=0.4524 val_prec_macro=0.4397 val_rec_macro=0.3679 val_metric_name=acc val_metric=0.4730
Step  950 | loss 1.0890 | val_acc=0.4740 val_loss=1.3679 val_f1_macro=0.3802 val_f1_weighted=0.4533 val_prec_macro=0.4454 val_rec_macro=0.3697 val_metric_name=acc val_metric=0.4740
Step 1000 | loss 1.0656 | val_acc=0.4766 val_loss=1.3664 val_f1_macro=0.3867 val_f1_weighted=0.4579 val_prec_macro=0.4416 val_rec_macro=0.3760 val_metric_name=acc val_metric=0.4766
Step 1050 | loss 1.0459 | val_acc=0.4818 val_loss=1.3756 val_f1_macro=0.3970 val_f1_weighted=0.4663 val_prec_macro=0.4438 val_rec_macro=0.3867 val_metric_name=acc val_metric=0.4818
Step 1100 | loss 1.0382 | val_acc=0.4833 val_loss=1.3823 val_f1_macro=0.3948 val_f1_weighted=0.4660 val_prec_macro=0.4462 val_rec_macro=0.3828 val_metric_name=acc val_metric=0.4833
Step 1150 | loss 1.0271 | val_acc=0.4823 val_loss=1.3844 val_f1_macro=0.3997 val_f1_weighted=0.4681 val_prec_macro=0.4414 val_rec_macro=0.3888 val_metric_name=acc val_metric=0.4823
Step 1200 | loss 1.0080 | val_acc=0.4859 val_loss=1.3894 val_f1_macro=0.4050 val_f1_weighted=0.4722 val_prec_macro=0.4477 val_rec_macro=0.3920 val_metric_name=acc val_metric=0.4859
Step 1250 | loss 0.9897 | val_acc=0.4908 val_loss=1.3994 val_f1_macro=0.4115 val_f1_weighted=0.4775 val_prec_macro=0.4504 val_rec_macro=0.4000 val_metric_name=acc val_metric=0.4908
Step 1300 | loss 0.9749 | val_acc=0.4908 val_loss=1.4072 val_f1_macro=0.4165 val_f1_weighted=0.4785 val_prec_macro=0.4546 val_rec_macro=0.4037 val_metric_name=acc val_metric=0.4908
Step 1350 | loss 0.9484 | val_acc=0.4926 val_loss=1.4216 val_f1_macro=0.4169 val_f1_weighted=0.4818 val_prec_macro=0.4463 val_rec_macro=0.4060 val_metric_name=acc val_metric=0.4926
Step 1400 | loss 0.9354 | val_acc=0.4967 val_loss=1.4324 val_f1_macro=0.4217 val_f1_weighted=0.4859 val_prec_macro=0.4516 val_rec_macro=0.4107 val_metric_name=acc val_metric=0.4967
Step 1450 | loss 0.9175 | val_acc=0.4976 val_loss=1.4407 val_f1_macro=0.4244 val_f1_weighted=0.4880 val_prec_macro=0.4525 val_rec_macro=0.4131 val_metric_name=acc val_metric=0.4976
Step 1500 | loss 0.8967 | val_acc=0.4994 val_loss=1.4526 val_f1_macro=0.4276 val_f1_weighted=0.4909 val_prec_macro=0.4497 val_rec_macro=0.4177 val_metric_name=acc val_metric=0.4994
Step 1550 | loss 0.8760 | val_acc=0.5030 val_loss=1.4709 val_f1_macro=0.4329 val_f1_weighted=0.4932 val_prec_macro=0.4627 val_rec_macro=0.4213 val_metric_name=acc val_metric=0.5030
Step 1600 | loss 0.8566 | val_acc=0.5048 val_loss=1.4777 val_f1_macro=0.4319 val_f1_weighted=0.4960 val_prec_macro=0.4581 val_rec_macro=0.4207 val_metric_name=acc val_metric=0.5048
Step 1650 | loss 0.8463 | val_acc=0.5050 val_loss=1.4989 val_f1_macro=0.4365 val_f1_weighted=0.4974 val_prec_macro=0.4596 val_rec_macro=0.4252 val_metric_name=acc val_metric=0.5050
Step 1700 | loss 0.8248 | val_acc=0.5058 val_loss=1.5158 val_f1_macro=0.4400 val_f1_weighted=0.4981 val_prec_macro=0.4610 val_rec_macro=0.4312 val_metric_name=acc val_metric=0.5058
Step 1750 | loss 0.8088 | val_acc=0.5105 val_loss=1.5284 val_f1_macro=0.4470 val_f1_weighted=0.5037 val_prec_macro=0.4678 val_rec_macro=0.4363 val_metric_name=acc val_metric=0.5105
Step 1800 | loss 0.7869 | val_acc=0.5117 val_loss=1.5535 val_f1_macro=0.4456 val_f1_weighted=0.5036 val_prec_macro=0.4682 val_rec_macro=0.4352 val_metric_name=acc val_metric=0.5117
Step 1850 | loss 0.7707 | val_acc=0.5099 val_loss=1.5780 val_f1_macro=0.4474 val_f1_weighted=0.5039 val_prec_macro=0.4676 val_rec_macro=0.4361 val_metric_name=acc val_metric=0.5099
Step 1900 | loss 0.7480 | val_acc=0.5114 val_loss=1.6057 val_f1_macro=0.4500 val_f1_weighted=0.5049 val_prec_macro=0.4661 val_rec_macro=0.4420 val_metric_name=acc val_metric=0.5114
Step 1950 | loss 0.7322 | val_acc=0.5164 val_loss=1.6132 val_f1_macro=0.4574 val_f1_weighted=0.5107 val_prec_macro=0.4772 val_rec_macro=0.4463 val_metric_name=acc val_metric=0.5164
Step 2000 | loss 0.7062 | val_acc=0.5166 val_loss=1.6432 val_f1_macro=0.4593 val_f1_weighted=0.5117 val_prec_macro=0.4722 val_rec_macro=0.4521 val_metric_name=acc val_metric=0.5166
Step 2050 | loss 0.6874 | val_acc=0.5176 val_loss=1.6754 val_f1_macro=0.4615 val_f1_weighted=0.5131 val_prec_macro=0.4739 val_rec_macro=0.4544 val_metric_name=acc val_metric=0.5176
Step 2100 | loss 0.6724 | val_acc=0.5213 val_loss=1.7036 val_f1_macro=0.4653 val_f1_weighted=0.5165 val_prec_macro=0.4812 val_rec_macro=0.4564 val_metric_name=acc val_metric=0.5213
Step 2150 | loss 0.6508 | val_acc=0.5238 val_loss=1.7243 val_f1_macro=0.4671 val_f1_weighted=0.5195 val_prec_macro=0.4792 val_rec_macro=0.4604 val_metric_name=acc val_metric=0.5238
Step 2200 | loss 0.6300 | val_acc=0.5238 val_loss=1.7491 val_f1_macro=0.4680 val_f1_weighted=0.5201 val_prec_macro=0.4795 val_rec_macro=0.4605 val_metric_name=acc val_metric=0.5238
Step 2250 | loss 0.6122 | val_acc=0.5246 val_loss=1.7948 val_f1_macro=0.4693 val_f1_weighted=0.5214 val_prec_macro=0.4786 val_rec_macro=0.4635 val_metric_name=acc val_metric=0.5246
Step 2300 | loss 0.5928 | val_acc=0.5246 val_loss=1.8234 val_f1_macro=0.4674 val_f1_weighted=0.5209 val_prec_macro=0.4792 val_rec_macro=0.4599 val_metric_name=acc val_metric=0.5246
Step 2350 | loss 0.5708 | val_acc=0.5288 val_loss=1.8481 val_f1_macro=0.4719 val_f1_weighted=0.5254 val_prec_macro=0.4829 val_rec_macro=0.4648 val_metric_name=acc val_metric=0.5288
Step 2400 | loss 0.5539 | val_acc=0.5252 val_loss=1.8907 val_f1_macro=0.4721 val_f1_weighted=0.5228 val_prec_macro=0.4775 val_rec_macro=0.4691 val_metric_name=acc val_metric=0.5252
Step 2450 | loss 0.5350 | val_acc=0.5270 val_loss=1.9182 val_f1_macro=0.4740 val_f1_weighted=0.5241 val_prec_macro=0.4805 val_rec_macro=0.4703 val_metric_name=acc val_metric=0.5270
Step 2500 | loss 0.5173 | val_acc=0.5272 val_loss=1.9466 val_f1_macro=0.4748 val_f1_weighted=0.5248 val_prec_macro=0.4816 val_rec_macro=0.4699 val_metric_name=acc val_metric=0.5272
Step 2550 | loss 0.4991 | val_acc=0.5275 val_loss=1.9901 val_f1_macro=0.4763 val_f1_weighted=0.5252 val_prec_macro=0.4821 val_rec_macro=0.4723 val_metric_name=acc val_metric=0.5275
Step 2600 | loss 0.4804 | val_acc=0.5282 val_loss=2.0210 val_f1_macro=0.4769 val_f1_weighted=0.5259 val_prec_macro=0.4819 val_rec_macro=0.4740 val_metric_name=acc val_metric=0.5282
Step 2650 | loss 0.4618 | val_acc=0.5283 val_loss=2.0643 val_f1_macro=0.4768 val_f1_weighted=0.5260 val_prec_macro=0.4825 val_rec_macro=0.4728 val_metric_name=acc val_metric=0.5283
Step 2700 | loss 0.4523 | val_acc=0.5274 val_loss=2.0923 val_f1_macro=0.4778 val_f1_weighted=0.5255 val_prec_macro=0.4818 val_rec_macro=0.4750 val_metric_name=acc val_metric=0.5274
Step 2750 | loss 0.4318 | val_acc=0.5283 val_loss=2.1337 val_f1_macro=0.4786 val_f1_weighted=0.5260 val_prec_macro=0.4850 val_rec_macro=0.4739 val_metric_name=acc val_metric=0.5283
Step 2800 | loss 0.4243 | val_acc=0.5287 val_loss=2.1666 val_f1_macro=0.4782 val_f1_weighted=0.5270 val_prec_macro=0.4816 val_rec_macro=0.4759 val_metric_name=acc val_metric=0.5287
Step 2850 | loss 0.4200 | val_acc=0.5303 val_loss=2.2057 val_f1_macro=0.4799 val_f1_weighted=0.5281 val_prec_macro=0.4848 val_rec_macro=0.4767 val_metric_name=acc val_metric=0.5303
Step 2900 | loss 0.3795 | val_acc=0.5282 val_loss=2.2467 val_f1_macro=0.4797 val_f1_weighted=0.5268 val_prec_macro=0.4823 val_rec_macro=0.4779 val_metric_name=acc val_metric=0.5282
Step 2950 | loss 0.3835 | val_acc=0.5288 val_loss=2.2764 val_f1_macro=0.4801 val_f1_weighted=0.5275 val_prec_macro=0.4816 val_rec_macro=0.4797 val_metric_name=acc val_metric=0.5288
Step 3000 | loss 0.3712 | val_acc=0.5287 val_loss=2.3134 val_f1_macro=0.4784 val_f1_weighted=0.5275 val_prec_macro=0.4790 val_rec_macro=0.4787 val_metric_name=acc val_metric=0.5287
Step 3050 | loss 0.3494 | val_acc=0.5321 val_loss=2.3533 val_f1_macro=0.4827 val_f1_weighted=0.5309 val_prec_macro=0.4845 val_rec_macro=0.4818 val_metric_name=acc val_metric=0.5321
Step 3100 | loss 0.3465 | val_acc=0.5306 val_loss=2.3803 val_f1_macro=0.4807 val_f1_weighted=0.5294 val_prec_macro=0.4827 val_rec_macro=0.4797 val_metric_name=acc val_metric=0.5306
Step 3150 | loss 0.3291 | val_acc=0.5305 val_loss=2.4143 val_f1_macro=0.4808 val_f1_weighted=0.5295 val_prec_macro=0.4818 val_rec_macro=0.4804 val_metric_name=acc val_metric=0.5305
Step 3200 | loss 0.3176 | val_acc=0.5362 val_loss=2.4400 val_f1_macro=0.4864 val_f1_weighted=0.5346 val_prec_macro=0.4902 val_rec_macro=0.4836 val_metric_name=acc val_metric=0.5362
Step 3250 | loss 0.3094 | val_acc=0.5324 val_loss=2.4849 val_f1_macro=0.4826 val_f1_weighted=0.5313 val_prec_macro=0.4841 val_rec_macro=0.4818 val_metric_name=acc val_metric=0.5324
Step 3300 | loss 0.3075 | val_acc=0.5296 val_loss=2.5085 val_f1_macro=0.4805 val_f1_weighted=0.5285 val_prec_macro=0.4828 val_rec_macro=0.4788 val_metric_name=acc val_metric=0.5296
Step 3350 | loss 0.2789 | val_acc=0.5337 val_loss=2.5483 val_f1_macro=0.4838 val_f1_weighted=0.5326 val_prec_macro=0.4863 val_rec_macro=0.4820 val_metric_name=acc val_metric=0.5337
Step 3400 | loss 0.2844 | val_acc=0.5319 val_loss=2.5871 val_f1_macro=0.4812 val_f1_weighted=0.5308 val_prec_macro=0.4828 val_rec_macro=0.4803 val_metric_name=acc val_metric=0.5319
Step 3450 | loss 0.2718 | val_acc=0.5334 val_loss=2.6235 val_f1_macro=0.4838 val_f1_weighted=0.5319 val_prec_macro=0.4880 val_rec_macro=0.4805 val_metric_name=acc val_metric=0.5334
Step 3500 | loss 0.2518 | val_acc=0.5342 val_loss=2.6494 val_f1_macro=0.4863 val_f1_weighted=0.5332 val_prec_macro=0.4884 val_rec_macro=0.4846 val_metric_name=acc val_metric=0.5342
Step 3550 | loss 0.2490 | val_acc=0.5350 val_loss=2.6850 val_f1_macro=0.4861 val_f1_weighted=0.5342 val_prec_macro=0.4867 val_rec_macro=0.4862 val_metric_name=acc val_metric=0.5350
Step 3600 | loss 0.2395 | val_acc=0.5332 val_loss=2.7118 val_f1_macro=0.4828 val_f1_weighted=0.5319 val_prec_macro=0.4851 val_rec_macro=0.4814 val_metric_name=acc val_metric=0.5332
Step 3650 | loss 0.2300 | val_acc=0.5350 val_loss=2.7531 val_f1_macro=0.4861 val_f1_weighted=0.5337 val_prec_macro=0.4884 val_rec_macro=0.4845 val_metric_name=acc val_metric=0.5350
Step 3700 | loss 0.2261 | val_acc=0.5358 val_loss=2.7819 val_f1_macro=0.4872 val_f1_weighted=0.5349 val_prec_macro=0.4889 val_rec_macro=0.4860 val_metric_name=acc val_metric=0.5358
Step 3750 | loss 0.2254 | val_acc=0.5326 val_loss=2.8167 val_f1_macro=0.4828 val_f1_weighted=0.5320 val_prec_macro=0.4830 val_rec_macro=0.4829 val_metric_name=acc val_metric=0.5326
Step 3800 | loss 0.2158 | val_acc=0.5337 val_loss=2.8395 val_f1_macro=0.4826 val_f1_weighted=0.5326 val_prec_macro=0.4847 val_rec_macro=0.4811 val_metric_name=acc val_metric=0.5337
Step 3850 | loss 0.1935 | val_acc=0.5327 val_loss=2.8729 val_f1_macro=0.4837 val_f1_weighted=0.5318 val_prec_macro=0.4852 val_rec_macro=0.4827 val_metric_name=acc val_metric=0.5327
Step 3900 | loss 0.2038 | val_acc=0.5331 val_loss=2.9057 val_f1_macro=0.4850 val_f1_weighted=0.5320 val_prec_macro=0.4872 val_rec_macro=0.4832 val_metric_name=acc val_metric=0.5331
Step 3950 | loss 0.2002 | val_acc=0.5358 val_loss=2.9322 val_f1_macro=0.4867 val_f1_weighted=0.5349 val_prec_macro=0.4885 val_rec_macro=0.4853 val_metric_name=acc val_metric=0.5358
Step 4000 | loss 0.1789 | val_acc=0.5336 val_loss=2.9627 val_f1_macro=0.4830 val_f1_weighted=0.5328 val_prec_macro=0.4841 val_rec_macro=0.4823 val_metric_name=acc val_metric=0.5336
Early stopping at step 4015

--- Final (best ckpt @ step 3200) ---
  train_acc=0.9757 train_loss=0.0793 train_f1_macro=0.9720 train_f1_weighted=0.9757 train_prec_macro=0.9706 train_rec_macro=0.9736 train_metric_name=acc train_metric=0.9757
  val_acc=0.5362 val_loss=2.4400 val_f1_macro=0.4864 val_f1_weighted=0.5346 val_prec_macro=0.4902 val_rec_macro=0.4836 val_metric_name=acc val_metric=0.5362
  test_acc=0.5350 test_loss=2.4285 test_f1_macro=0.4756 test_f1_weighted=0.5334 test_prec_macro=0.4796 test_rec_macro=0.4724 test_metric_name=acc test_metric=0.5350
  test_acc=0.5350
  >> num_layers=4 hidden_dim=256 lr=3e-05 best_step=2340 val_acc=0.5445 test_acc=0.5313
     val_acc=0.5445 val_f1_macro=0.4924 val_f1_weighted=0.5425 val_loss=2.2122 val_metric=0.5445 val_metric_name=acc val_prec_macro=0.4980 val_rec_macro=0.4893
     test_acc=0.5313 test_f1_macro=0.4726 test_f1_weighted=0.5288 test_loss=2.2421 test_metric=0.5313 test_metric_name=acc test_prec_macro=0.4808 test_rec_macro=0.4679
  >> num_layers=4 hidden_dim=256 lr=6e-05 best_step=1400 val_acc=0.5424 test_acc=0.5324
     val_acc=0.5424 val_f1_macro=0.4891 val_f1_weighted=0.5408 val_loss=2.3511 val_metric=0.5424 val_metric_name=acc val_prec_macro=0.4928 val_rec_macro=0.4880
     test_acc=0.5324 test_f1_macro=0.4764 test_f1_weighted=0.5306 test_loss=2.3715 test_metric=0.5324 test_metric_name=acc test_prec_macro=0.4831 test_rec_macro=0.4715
  >> num_layers=4 hidden_dim=256 lr=0.0001 best_step=1180 val_acc=0.5414 test_acc=0.5349
     val_acc=0.5414 val_f1_macro=0.4904 val_f1_weighted=0.5405 val_loss=2.7642 val_metric=0.5414 val_metric_name=acc val_prec_macro=0.4910 val_rec_macro=0.4916
     test_acc=0.5349 test_f1_macro=0.4785 test_f1_weighted=0.5333 test_loss=2.7589 test_metric=0.5349 test_metric_name=acc test_prec_macro=0.4825 test_rec_macro=0.4764
  >> num_layers=4 hidden_dim=256 lr=1e-05 best_step=4850 val_acc=0.5349 test_acc=0.5223
     val_acc=0.5349 val_f1_macro=0.4799 val_f1_weighted=0.5316 val_loss=1.8080 val_metric=0.5349 val_metric_name=acc val_prec_macro=0.4910 val_rec_macro=0.4739
     test_acc=0.5223 test_f1_macro=0.4670 test_f1_weighted=0.5190 test_loss=1.8497 test_metric=0.5223 test_metric_name=acc test_prec_macro=0.4802 test_rec_macro=0.4602
  >> num_layers=4 hidden_dim=384 lr=3e-05 best_step=2770 val_acc=0.5442 test_acc=0.5394
     val_acc=0.5442 val_f1_macro=0.4930 val_f1_weighted=0.5422 val_loss=3.2561 val_metric=0.5442 val_metric_name=acc val_prec_macro=0.5002 val_rec_macro=0.4886
     test_acc=0.5394 test_f1_macro=0.4801 test_f1_weighted=0.5378 test_loss=3.3230 test_metric=0.5394 test_metric_name=acc test_prec_macro=0.4850 test_rec_macro=0.4765
  >> num_layers=4 hidden_dim=384 lr=6e-05 best_step=1740 val_acc=0.5455 test_acc=0.5380
     val_acc=0.5455 val_f1_macro=0.4955 val_f1_weighted=0.5434 val_loss=3.3600 val_metric=0.5455 val_metric_name=acc val_prec_macro=0.5037 val_rec_macro=0.4897
     test_acc=0.5380 test_f1_macro=0.4734 test_f1_weighted=0.5363 test_loss=3.3952 test_metric=0.5380 test_metric_name=acc test_prec_macro=0.4787 test_rec_macro=0.4691
  >> num_layers=4 hidden_dim=384 lr=0.0001 best_step=1450 val_acc=0.5470 test_acc=0.5357
     val_acc=0.5470 val_f1_macro=0.4953 val_f1_weighted=0.5449 val_loss=3.5826 val_metric=0.5470 val_metric_name=acc val_prec_macro=0.5042 val_rec_macro=0.4890
     test_acc=0.5357 test_f1_macro=0.4740 test_f1_weighted=0.5336 test_loss=3.6023 test_metric=0.5357 test_metric_name=acc test_prec_macro=0.4815 test_rec_macro=0.4684
  >> num_layers=4 hidden_dim=384 lr=1e-05 best_step=4810 val_acc=0.5422 test_acc=0.5311
     val_acc=0.5422 val_f1_macro=0.4889 val_f1_weighted=0.5404 val_loss=2.4573 val_metric=0.5422 val_metric_name=acc val_prec_macro=0.4936 val_rec_macro=0.4857
     test_acc=0.5311 test_f1_macro=0.4722 test_f1_weighted=0.5302 test_loss=2.5124 test_metric=0.5311 test_metric_name=acc test_prec_macro=0.4739 test_rec_macro=0.4709
  >> num_layers=4 hidden_dim=512 lr=3e-05 best_step=1480 val_acc=0.5367 test_acc=0.5372
     val_acc=0.5367 val_f1_macro=0.4858 val_f1_weighted=0.5352 val_loss=2.8868 val_metric=0.5367 val_metric_name=acc val_prec_macro=0.4893 val_rec_macro=0.4834
     test_acc=0.5372 test_f1_macro=0.4807 test_f1_weighted=0.5351 test_loss=2.8376 test_metric=0.5372 test_metric_name=acc test_prec_macro=0.4881 test_rec_macro=0.4751
  >> num_layers=4 hidden_dim=512 lr=6e-05 best_step=980 val_acc=0.5388 test_acc=0.5313
     val_acc=0.5388 val_f1_macro=0.4858 val_f1_weighted=0.5369 val_loss=3.1137 val_metric=0.5388 val_metric_name=acc val_prec_macro=0.4899 val_rec_macro=0.4834
     test_acc=0.5313 test_f1_macro=0.4718 test_f1_weighted=0.5295 test_loss=3.0612 test_metric=0.5313 test_metric_name=acc test_prec_macro=0.4768 test_rec_macro=0.4676
  >> num_layers=4 hidden_dim=512 lr=0.0001 best_step=660 val_acc=0.5372 test_acc=0.5264
     val_acc=0.5372 val_f1_macro=0.4874 val_f1_weighted=0.5355 val_loss=2.9323 val_metric=0.5372 val_metric_name=acc val_prec_macro=0.4905 val_rec_macro=0.4855
     test_acc=0.5264 test_f1_macro=0.4664 test_f1_weighted=0.5245 test_loss=2.9204 test_metric=0.5264 test_metric_name=acc test_prec_macro=0.4714 test_rec_macro=0.4627
  >> num_layers=4 hidden_dim=512 lr=1e-05 best_step=3200 val_acc=0.5362 test_acc=0.5350
     val_acc=0.5362 val_f1_macro=0.4864 val_f1_weighted=0.5346 val_loss=2.4400 val_metric=0.5362 val_metric_name=acc val_prec_macro=0.4902 val_rec_macro=0.4836
     test_acc=0.5350 test_f1_macro=0.4756 test_f1_weighted=0.5334 test_loss=2.4285 test_metric=0.5350 test_metric_name=acc test_prec_macro=0.4796 test_rec_macro=0.4724
  >> selected best (by val): num_layers=4 hidden_dim=384 lr=0.0001 val_acc=0.5470 test_acc=0.5357
     val_acc=0.5470 val_f1_macro=0.4953 val_f1_weighted=0.5449 val_loss=3.5826 val_metric=0.5470 val_metric_name=acc val_prec_macro=0.5042 val_rec_macro=0.4890
     test_acc=0.5357 test_f1_macro=0.4740 test_f1_weighted=0.5336 test_loss=3.6023 test_metric=0.5357 test_metric_name=acc test_prec_macro=0.4815 test_rec_macro=0.4684

Done. Results saved to /home/avshmelev/diploma_yandex_graphs/results_grid/amazon_ratings/base.csv, checkpoints in /home/avshmelev/diploma_yandex_graphs/all_checkpoints/amazon_ratings/base/
Skipping: "Done." found in /home/avshmelev/diploma_yandex_graphs/results_grid/amazon_ratings/logs_base/GT_4L_split3.log
Skipping: "Done." found in /home/avshmelev/diploma_yandex_graphs/results_grid/amazon_ratings/logs_base/GT_4L_split3.log
