Loading data...

============================================================
Training amazon-ratings GT 5L h=256 lr=3e-05 split=2
============================================================
Training for 5000 steps
Step    1 | loss 1.5694 | val_acc=0.3670 val_loss=1.4645 val_f1_macro=0.1097 val_f1_weighted=0.2002 val_prec_macro=0.1872 val_rec_macro=0.1999 val_metric_name=acc val_metric=0.3670
Step   50 | loss 1.4028 | val_acc=0.3827 val_loss=1.3865 val_f1_macro=0.1611 val_f1_weighted=0.2688 val_prec_macro=0.1581 val_rec_macro=0.2193 val_metric_name=acc val_metric=0.3827
Step  100 | loss 1.3668 | val_acc=0.4072 val_loss=1.3541 val_f1_macro=0.2002 val_f1_weighted=0.3188 val_prec_macro=0.2375 val_rec_macro=0.2477 val_metric_name=acc val_metric=0.4072
Step  150 | loss 1.3355 | val_acc=0.4217 val_loss=1.3375 val_f1_macro=0.2254 val_f1_weighted=0.3487 val_prec_macro=0.4404 val_rec_macro=0.2666 val_metric_name=acc val_metric=0.4217
Step  200 | loss 1.3103 | val_acc=0.4359 val_loss=1.3228 val_f1_macro=0.2635 val_f1_weighted=0.3842 val_prec_macro=0.4394 val_rec_macro=0.2882 val_metric_name=acc val_metric=0.4359
Step  250 | loss 1.2823 | val_acc=0.4366 val_loss=1.3252 val_f1_macro=0.2764 val_f1_weighted=0.3896 val_prec_macro=0.4330 val_rec_macro=0.2983 val_metric_name=acc val_metric=0.4366
Step  300 | loss 1.2507 | val_acc=0.4503 val_loss=1.3148 val_f1_macro=0.3061 val_f1_weighted=0.4110 val_prec_macro=0.4527 val_rec_macro=0.3163 val_metric_name=acc val_metric=0.4503
Step  350 | loss 1.2214 | val_acc=0.4544 val_loss=1.3162 val_f1_macro=0.3275 val_f1_weighted=0.4177 val_prec_macro=0.4767 val_rec_macro=0.3298 val_metric_name=acc val_metric=0.4544
Step  400 | loss 1.1865 | val_acc=0.4540 val_loss=1.3149 val_f1_macro=0.3400 val_f1_weighted=0.4244 val_prec_macro=0.4357 val_rec_macro=0.3403 val_metric_name=acc val_metric=0.4540
Step  450 | loss 1.1608 | val_acc=0.4619 val_loss=1.3183 val_f1_macro=0.3502 val_f1_weighted=0.4331 val_prec_macro=0.4432 val_rec_macro=0.3477 val_metric_name=acc val_metric=0.4619
Step  500 | loss 1.1397 | val_acc=0.4655 val_loss=1.3156 val_f1_macro=0.3626 val_f1_weighted=0.4398 val_prec_macro=0.4504 val_rec_macro=0.3572 val_metric_name=acc val_metric=0.4655
Step  550 | loss 1.1147 | val_acc=0.4708 val_loss=1.3152 val_f1_macro=0.3719 val_f1_weighted=0.4467 val_prec_macro=0.4429 val_rec_macro=0.3650 val_metric_name=acc val_metric=0.4708
Step  600 | loss 1.0855 | val_acc=0.4777 val_loss=1.3221 val_f1_macro=0.3850 val_f1_weighted=0.4570 val_prec_macro=0.4408 val_rec_macro=0.3779 val_metric_name=acc val_metric=0.4777
Step  650 | loss 1.0613 | val_acc=0.4810 val_loss=1.3278 val_f1_macro=0.3902 val_f1_weighted=0.4595 val_prec_macro=0.4534 val_rec_macro=0.3819 val_metric_name=acc val_metric=0.4810
Step  700 | loss 1.0343 | val_acc=0.4841 val_loss=1.3425 val_f1_macro=0.3969 val_f1_weighted=0.4641 val_prec_macro=0.4532 val_rec_macro=0.3886 val_metric_name=acc val_metric=0.4841
Step  750 | loss 1.0098 | val_acc=0.4862 val_loss=1.3535 val_f1_macro=0.4071 val_f1_weighted=0.4695 val_prec_macro=0.4520 val_rec_macro=0.3994 val_metric_name=acc val_metric=0.4862
Step  800 | loss 0.9895 | val_acc=0.4929 val_loss=1.3589 val_f1_macro=0.4090 val_f1_weighted=0.4767 val_prec_macro=0.4531 val_rec_macro=0.3999 val_metric_name=acc val_metric=0.4929
Step  850 | loss 0.9661 | val_acc=0.4918 val_loss=1.3632 val_f1_macro=0.4091 val_f1_weighted=0.4752 val_prec_macro=0.4530 val_rec_macro=0.4006 val_metric_name=acc val_metric=0.4918
Step  900 | loss 0.9343 | val_acc=0.4932 val_loss=1.3810 val_f1_macro=0.4196 val_f1_weighted=0.4803 val_prec_macro=0.4523 val_rec_macro=0.4123 val_metric_name=acc val_metric=0.4932
Step  950 | loss 0.9129 | val_acc=0.4976 val_loss=1.3956 val_f1_macro=0.4302 val_f1_weighted=0.4865 val_prec_macro=0.4615 val_rec_macro=0.4207 val_metric_name=acc val_metric=0.4976
Step 1000 | loss 0.8904 | val_acc=0.5042 val_loss=1.4087 val_f1_macro=0.4366 val_f1_weighted=0.4928 val_prec_macro=0.4709 val_rec_macro=0.4261 val_metric_name=acc val_metric=0.5042
Step 1050 | loss 0.8679 | val_acc=0.5051 val_loss=1.4279 val_f1_macro=0.4386 val_f1_weighted=0.4949 val_prec_macro=0.4671 val_rec_macro=0.4322 val_metric_name=acc val_metric=0.5051
Step 1100 | loss 0.8379 | val_acc=0.5078 val_loss=1.4386 val_f1_macro=0.4448 val_f1_weighted=0.4993 val_prec_macro=0.4680 val_rec_macro=0.4386 val_metric_name=acc val_metric=0.5078
Step 1150 | loss 0.8186 | val_acc=0.5112 val_loss=1.4593 val_f1_macro=0.4474 val_f1_weighted=0.5032 val_prec_macro=0.4700 val_rec_macro=0.4431 val_metric_name=acc val_metric=0.5112
Step 1200 | loss 0.7912 | val_acc=0.5130 val_loss=1.4781 val_f1_macro=0.4538 val_f1_weighted=0.5061 val_prec_macro=0.4730 val_rec_macro=0.4501 val_metric_name=acc val_metric=0.5130
Step 1250 | loss 0.7750 | val_acc=0.5114 val_loss=1.5077 val_f1_macro=0.4510 val_f1_weighted=0.5055 val_prec_macro=0.4658 val_rec_macro=0.4481 val_metric_name=acc val_metric=0.5114
Step 1300 | loss 0.7451 | val_acc=0.5185 val_loss=1.5250 val_f1_macro=0.4595 val_f1_weighted=0.5117 val_prec_macro=0.4789 val_rec_macro=0.4564 val_metric_name=acc val_metric=0.5185
Step 1350 | loss 0.7289 | val_acc=0.5205 val_loss=1.5464 val_f1_macro=0.4619 val_f1_weighted=0.5145 val_prec_macro=0.4796 val_rec_macro=0.4568 val_metric_name=acc val_metric=0.5205
Step 1400 | loss 0.6966 | val_acc=0.5226 val_loss=1.5678 val_f1_macro=0.4618 val_f1_weighted=0.5172 val_prec_macro=0.4783 val_rec_macro=0.4567 val_metric_name=acc val_metric=0.5226
Step 1450 | loss 0.6820 | val_acc=0.5211 val_loss=1.6047 val_f1_macro=0.4616 val_f1_weighted=0.5166 val_prec_macro=0.4744 val_rec_macro=0.4582 val_metric_name=acc val_metric=0.5211
Step 1500 | loss 0.6582 | val_acc=0.5231 val_loss=1.6377 val_f1_macro=0.4654 val_f1_weighted=0.5193 val_prec_macro=0.4736 val_rec_macro=0.4658 val_metric_name=acc val_metric=0.5231
Step 1550 | loss 0.6297 | val_acc=0.5231 val_loss=1.6585 val_f1_macro=0.4640 val_f1_weighted=0.5195 val_prec_macro=0.4727 val_rec_macro=0.4633 val_metric_name=acc val_metric=0.5231
Step 1600 | loss 0.6071 | val_acc=0.5252 val_loss=1.6902 val_f1_macro=0.4672 val_f1_weighted=0.5219 val_prec_macro=0.4750 val_rec_macro=0.4668 val_metric_name=acc val_metric=0.5252
Step 1650 | loss 0.5822 | val_acc=0.5238 val_loss=1.7150 val_f1_macro=0.4657 val_f1_weighted=0.5202 val_prec_macro=0.4749 val_rec_macro=0.4626 val_metric_name=acc val_metric=0.5238
Step 1700 | loss 0.5680 | val_acc=0.5272 val_loss=1.7470 val_f1_macro=0.4710 val_f1_weighted=0.5243 val_prec_macro=0.4787 val_rec_macro=0.4688 val_metric_name=acc val_metric=0.5272
Step 1750 | loss 0.5549 | val_acc=0.5277 val_loss=1.7785 val_f1_macro=0.4686 val_f1_weighted=0.5243 val_prec_macro=0.4777 val_rec_macro=0.4666 val_metric_name=acc val_metric=0.5277
Step 1800 | loss 0.5359 | val_acc=0.5274 val_loss=1.8073 val_f1_macro=0.4679 val_f1_weighted=0.5244 val_prec_macro=0.4745 val_rec_macro=0.4670 val_metric_name=acc val_metric=0.5274
Step 1850 | loss 0.5196 | val_acc=0.5298 val_loss=1.8385 val_f1_macro=0.4714 val_f1_weighted=0.5271 val_prec_macro=0.4784 val_rec_macro=0.4707 val_metric_name=acc val_metric=0.5298
Step 1900 | loss 0.4924 | val_acc=0.5308 val_loss=1.8726 val_f1_macro=0.4724 val_f1_weighted=0.5286 val_prec_macro=0.4773 val_rec_macro=0.4718 val_metric_name=acc val_metric=0.5308
Step 1950 | loss 0.4730 | val_acc=0.5308 val_loss=1.9024 val_f1_macro=0.4747 val_f1_weighted=0.5289 val_prec_macro=0.4782 val_rec_macro=0.4753 val_metric_name=acc val_metric=0.5308
Step 2000 | loss 0.4688 | val_acc=0.5314 val_loss=1.9420 val_f1_macro=0.4767 val_f1_weighted=0.5297 val_prec_macro=0.4794 val_rec_macro=0.4781 val_metric_name=acc val_metric=0.5314
Step 2050 | loss 0.4467 | val_acc=0.5321 val_loss=1.9668 val_f1_macro=0.4762 val_f1_weighted=0.5298 val_prec_macro=0.4816 val_rec_macro=0.4758 val_metric_name=acc val_metric=0.5321
Step 2100 | loss 0.4403 | val_acc=0.5305 val_loss=2.0089 val_f1_macro=0.4754 val_f1_weighted=0.5287 val_prec_macro=0.4786 val_rec_macro=0.4752 val_metric_name=acc val_metric=0.5305
Step 2150 | loss 0.4128 | val_acc=0.5269 val_loss=2.0438 val_f1_macro=0.4712 val_f1_weighted=0.5257 val_prec_macro=0.4719 val_rec_macro=0.4737 val_metric_name=acc val_metric=0.5269
Step 2200 | loss 0.3996 | val_acc=0.5313 val_loss=2.0731 val_f1_macro=0.4758 val_f1_weighted=0.5301 val_prec_macro=0.4781 val_rec_macro=0.4761 val_metric_name=acc val_metric=0.5313
Step 2250 | loss 0.3885 | val_acc=0.5313 val_loss=2.1076 val_f1_macro=0.4764 val_f1_weighted=0.5302 val_prec_macro=0.4775 val_rec_macro=0.4780 val_metric_name=acc val_metric=0.5313
Step 2300 | loss 0.3798 | val_acc=0.5295 val_loss=2.1311 val_f1_macro=0.4761 val_f1_weighted=0.5282 val_prec_macro=0.4787 val_rec_macro=0.4756 val_metric_name=acc val_metric=0.5295
Step 2350 | loss 0.3616 | val_acc=0.5326 val_loss=2.1653 val_f1_macro=0.4777 val_f1_weighted=0.5312 val_prec_macro=0.4805 val_rec_macro=0.4771 val_metric_name=acc val_metric=0.5326
Step 2400 | loss 0.3585 | val_acc=0.5327 val_loss=2.2003 val_f1_macro=0.4785 val_f1_weighted=0.5316 val_prec_macro=0.4806 val_rec_macro=0.4786 val_metric_name=acc val_metric=0.5327
Step 2450 | loss 0.3410 | val_acc=0.5316 val_loss=2.2353 val_f1_macro=0.4772 val_f1_weighted=0.5306 val_prec_macro=0.4789 val_rec_macro=0.4776 val_metric_name=acc val_metric=0.5316
Step 2500 | loss 0.3320 | val_acc=0.5309 val_loss=2.2653 val_f1_macro=0.4778 val_f1_weighted=0.5298 val_prec_macro=0.4794 val_rec_macro=0.4780 val_metric_name=acc val_metric=0.5309
Step 2550 | loss 0.3199 | val_acc=0.5316 val_loss=2.3085 val_f1_macro=0.4770 val_f1_weighted=0.5303 val_prec_macro=0.4789 val_rec_macro=0.4767 val_metric_name=acc val_metric=0.5316
Step 2600 | loss 0.3013 | val_acc=0.5303 val_loss=2.3260 val_f1_macro=0.4758 val_f1_weighted=0.5295 val_prec_macro=0.4759 val_rec_macro=0.4775 val_metric_name=acc val_metric=0.5303
Step 2650 | loss 0.2983 | val_acc=0.5306 val_loss=2.3621 val_f1_macro=0.4775 val_f1_weighted=0.5295 val_prec_macro=0.4802 val_rec_macro=0.4763 val_metric_name=acc val_metric=0.5306
Step 2700 | loss 0.2860 | val_acc=0.5327 val_loss=2.3855 val_f1_macro=0.4785 val_f1_weighted=0.5314 val_prec_macro=0.4819 val_rec_macro=0.4763 val_metric_name=acc val_metric=0.5327
Step 2750 | loss 0.2728 | val_acc=0.5314 val_loss=2.4400 val_f1_macro=0.4768 val_f1_weighted=0.5303 val_prec_macro=0.4792 val_rec_macro=0.4758 val_metric_name=acc val_metric=0.5314
Early stopping at step 2761

--- Final (best ckpt @ step 2410) ---
  train_acc=0.9678 train_loss=0.1006 train_f1_macro=0.9648 train_f1_weighted=0.9679 train_prec_macro=0.9605 train_rec_macro=0.9699 train_metric_name=acc train_metric=0.9678
  val_acc=0.5345 val_loss=2.2059 val_f1_macro=0.4790 val_f1_weighted=0.5330 val_prec_macro=0.4824 val_rec_macro=0.4779 val_metric_name=acc val_metric=0.5345
  test_acc=0.5396 test_loss=2.2407 test_f1_macro=0.4780 test_f1_weighted=0.5379 test_prec_macro=0.4822 test_rec_macro=0.4755 test_metric_name=acc test_metric=0.5396
  test_acc=0.5396

============================================================
Training amazon-ratings GT 5L h=256 lr=6e-05 split=2
============================================================
Training for 5000 steps
Step    1 | loss 1.5694 | val_acc=0.3340 val_loss=1.4356 val_f1_macro=0.1723 val_f1_weighted=0.2739 val_prec_macro=0.1770 val_rec_macro=0.2055 val_metric_name=acc val_metric=0.3340
Step   50 | loss 1.3805 | val_acc=0.3972 val_loss=1.3671 val_f1_macro=0.1858 val_f1_weighted=0.3009 val_prec_macro=0.1634 val_rec_macro=0.2371 val_metric_name=acc val_metric=0.3972
Step  100 | loss 1.3321 | val_acc=0.4219 val_loss=1.3321 val_f1_macro=0.2300 val_f1_weighted=0.3540 val_prec_macro=0.3059 val_rec_macro=0.2674 val_metric_name=acc val_metric=0.4219
Step  150 | loss 1.2872 | val_acc=0.4390 val_loss=1.3192 val_f1_macro=0.2774 val_f1_weighted=0.3925 val_prec_macro=0.4050 val_rec_macro=0.2981 val_metric_name=acc val_metric=0.4390
Step  200 | loss 1.2330 | val_acc=0.4477 val_loss=1.3145 val_f1_macro=0.3151 val_f1_weighted=0.4106 val_prec_macro=0.4661 val_rec_macro=0.3229 val_metric_name=acc val_metric=0.4477
Step  250 | loss 1.1828 | val_acc=0.4630 val_loss=1.3070 val_f1_macro=0.3465 val_f1_weighted=0.4332 val_prec_macro=0.4761 val_rec_macro=0.3414 val_metric_name=acc val_metric=0.4630
Step  300 | loss 1.1341 | val_acc=0.4653 val_loss=1.3123 val_f1_macro=0.3606 val_f1_weighted=0.4407 val_prec_macro=0.4414 val_rec_macro=0.3552 val_metric_name=acc val_metric=0.4653
Step  350 | loss 1.0941 | val_acc=0.4787 val_loss=1.3231 val_f1_macro=0.3800 val_f1_weighted=0.4548 val_prec_macro=0.4567 val_rec_macro=0.3704 val_metric_name=acc val_metric=0.4787
Step  400 | loss 1.0465 | val_acc=0.4846 val_loss=1.3317 val_f1_macro=0.3860 val_f1_weighted=0.4632 val_prec_macro=0.4603 val_rec_macro=0.3777 val_metric_name=acc val_metric=0.4846
Step  450 | loss 0.9968 | val_acc=0.4901 val_loss=1.3387 val_f1_macro=0.4037 val_f1_weighted=0.4722 val_prec_macro=0.4566 val_rec_macro=0.3938 val_metric_name=acc val_metric=0.4901
Step  500 | loss 0.9593 | val_acc=0.4942 val_loss=1.3634 val_f1_macro=0.4135 val_f1_weighted=0.4788 val_prec_macro=0.4544 val_rec_macro=0.4037 val_metric_name=acc val_metric=0.4942
Step  550 | loss 0.9149 | val_acc=0.4978 val_loss=1.3813 val_f1_macro=0.4248 val_f1_weighted=0.4856 val_prec_macro=0.4614 val_rec_macro=0.4153 val_metric_name=acc val_metric=0.4978
Step  600 | loss 0.8695 | val_acc=0.5060 val_loss=1.4158 val_f1_macro=0.4385 val_f1_weighted=0.4952 val_prec_macro=0.4737 val_rec_macro=0.4254 val_metric_name=acc val_metric=0.5060
Step  650 | loss 0.8257 | val_acc=0.5053 val_loss=1.4562 val_f1_macro=0.4412 val_f1_weighted=0.4956 val_prec_macro=0.4664 val_rec_macro=0.4362 val_metric_name=acc val_metric=0.5053
Step  700 | loss 0.7857 | val_acc=0.5159 val_loss=1.4812 val_f1_macro=0.4527 val_f1_weighted=0.5081 val_prec_macro=0.4763 val_rec_macro=0.4454 val_metric_name=acc val_metric=0.5159
Step  750 | loss 0.7338 | val_acc=0.5179 val_loss=1.5206 val_f1_macro=0.4556 val_f1_weighted=0.5124 val_prec_macro=0.4708 val_rec_macro=0.4506 val_metric_name=acc val_metric=0.5179
Step  800 | loss 0.6928 | val_acc=0.5215 val_loss=1.5697 val_f1_macro=0.4602 val_f1_weighted=0.5164 val_prec_macro=0.4747 val_rec_macro=0.4551 val_metric_name=acc val_metric=0.5215
Step  850 | loss 0.6604 | val_acc=0.5277 val_loss=1.6219 val_f1_macro=0.4641 val_f1_weighted=0.5222 val_prec_macro=0.4810 val_rec_macro=0.4588 val_metric_name=acc val_metric=0.5277
Step  900 | loss 0.6053 | val_acc=0.5278 val_loss=1.6742 val_f1_macro=0.4701 val_f1_weighted=0.5245 val_prec_macro=0.4789 val_rec_macro=0.4674 val_metric_name=acc val_metric=0.5278
Step  950 | loss 0.5754 | val_acc=0.5260 val_loss=1.7516 val_f1_macro=0.4696 val_f1_weighted=0.5226 val_prec_macro=0.4790 val_rec_macro=0.4669 val_metric_name=acc val_metric=0.5260
Step 1000 | loss 0.5415 | val_acc=0.5305 val_loss=1.8104 val_f1_macro=0.4742 val_f1_weighted=0.5274 val_prec_macro=0.4834 val_rec_macro=0.4703 val_metric_name=acc val_metric=0.5305
Step 1050 | loss 0.5000 | val_acc=0.5329 val_loss=1.8576 val_f1_macro=0.4781 val_f1_weighted=0.5301 val_prec_macro=0.4854 val_rec_macro=0.4758 val_metric_name=acc val_metric=0.5329
Step 1100 | loss 0.4620 | val_acc=0.5274 val_loss=1.9280 val_f1_macro=0.4738 val_f1_weighted=0.5260 val_prec_macro=0.4762 val_rec_macro=0.4747 val_metric_name=acc val_metric=0.5274
Step 1150 | loss 0.4359 | val_acc=0.5287 val_loss=1.9976 val_f1_macro=0.4724 val_f1_weighted=0.5267 val_prec_macro=0.4757 val_rec_macro=0.4745 val_metric_name=acc val_metric=0.5287
Step 1200 | loss 0.4077 | val_acc=0.5287 val_loss=2.0445 val_f1_macro=0.4765 val_f1_weighted=0.5275 val_prec_macro=0.4779 val_rec_macro=0.4789 val_metric_name=acc val_metric=0.5287
Step 1250 | loss 0.3892 | val_acc=0.5274 val_loss=2.1240 val_f1_macro=0.4761 val_f1_weighted=0.5258 val_prec_macro=0.4786 val_rec_macro=0.4762 val_metric_name=acc val_metric=0.5274
Step 1300 | loss 0.3654 | val_acc=0.5311 val_loss=2.1733 val_f1_macro=0.4784 val_f1_weighted=0.5299 val_prec_macro=0.4822 val_rec_macro=0.4781 val_metric_name=acc val_metric=0.5311
Step 1350 | loss 0.3391 | val_acc=0.5293 val_loss=2.2446 val_f1_macro=0.4794 val_f1_weighted=0.5285 val_prec_macro=0.4804 val_rec_macro=0.4793 val_metric_name=acc val_metric=0.5293
Step 1400 | loss 0.3148 | val_acc=0.5283 val_loss=2.2806 val_f1_macro=0.4794 val_f1_weighted=0.5270 val_prec_macro=0.4836 val_rec_macro=0.4765 val_metric_name=acc val_metric=0.5283
Step 1450 | loss 0.2934 | val_acc=0.5282 val_loss=2.3464 val_f1_macro=0.4760 val_f1_weighted=0.5271 val_prec_macro=0.4790 val_rec_macro=0.4739 val_metric_name=acc val_metric=0.5282
Step 1500 | loss 0.2820 | val_acc=0.5267 val_loss=2.4177 val_f1_macro=0.4743 val_f1_weighted=0.5266 val_prec_macro=0.4727 val_rec_macro=0.4772 val_metric_name=acc val_metric=0.5267
Step 1550 | loss 0.2618 | val_acc=0.5277 val_loss=2.4700 val_f1_macro=0.4762 val_f1_weighted=0.5275 val_prec_macro=0.4756 val_rec_macro=0.4782 val_metric_name=acc val_metric=0.5277
Step 1600 | loss 0.2394 | val_acc=0.5259 val_loss=2.5226 val_f1_macro=0.4739 val_f1_weighted=0.5254 val_prec_macro=0.4740 val_rec_macro=0.4747 val_metric_name=acc val_metric=0.5259
Step 1650 | loss 0.2297 | val_acc=0.5296 val_loss=2.5542 val_f1_macro=0.4794 val_f1_weighted=0.5283 val_prec_macro=0.4834 val_rec_macro=0.4765 val_metric_name=acc val_metric=0.5296
Step 1700 | loss 0.2105 | val_acc=0.5314 val_loss=2.6053 val_f1_macro=0.4791 val_f1_weighted=0.5308 val_prec_macro=0.4799 val_rec_macro=0.4793 val_metric_name=acc val_metric=0.5314
Step 1750 | loss 0.2138 | val_acc=0.5300 val_loss=2.6535 val_f1_macro=0.4780 val_f1_weighted=0.5286 val_prec_macro=0.4813 val_rec_macro=0.4760 val_metric_name=acc val_metric=0.5300
Early stopping at step 1770

--- Final (best ckpt @ step 1470) ---
  train_acc=0.9824 train_loss=0.0620 train_f1_macro=0.9805 train_f1_weighted=0.9824 train_prec_macro=0.9781 train_rec_macro=0.9832 train_metric_name=acc train_metric=0.9824
  val_acc=0.5352 val_loss=2.3578 val_f1_macro=0.4836 val_f1_weighted=0.5334 val_prec_macro=0.4888 val_rec_macro=0.4802 val_metric_name=acc val_metric=0.5352
  test_acc=0.5398 test_loss=2.3948 test_f1_macro=0.4768 test_f1_weighted=0.5378 test_prec_macro=0.4832 test_rec_macro=0.4722 test_metric_name=acc test_metric=0.5398
  test_acc=0.5398

============================================================
Training amazon-ratings GT 5L h=256 lr=0.0001 split=2
============================================================
Training for 5000 steps
Step    1 | loss 1.5694 | val_acc=0.2690 val_loss=1.5303 val_f1_macro=0.1022 val_f1_weighted=0.1348 val_prec_macro=0.1656 val_rec_macro=0.2018 val_metric_name=acc val_metric=0.2690
Step   50 | loss 1.3671 | val_acc=0.4029 val_loss=1.3582 val_f1_macro=0.1958 val_f1_weighted=0.3131 val_prec_macro=0.2204 val_rec_macro=0.2439 val_metric_name=acc val_metric=0.4029
Step  100 | loss 1.3103 | val_acc=0.4325 val_loss=1.3230 val_f1_macro=0.2596 val_f1_weighted=0.3769 val_prec_macro=0.3822 val_rec_macro=0.2851 val_metric_name=acc val_metric=0.4325
Step  150 | loss 1.2401 | val_acc=0.4498 val_loss=1.3037 val_f1_macro=0.3120 val_f1_weighted=0.4144 val_prec_macro=0.4733 val_rec_macro=0.3188 val_metric_name=acc val_metric=0.4498
Step  200 | loss 1.1689 | val_acc=0.4576 val_loss=1.3132 val_f1_macro=0.3400 val_f1_weighted=0.4269 val_prec_macro=0.4759 val_rec_macro=0.3389 val_metric_name=acc val_metric=0.4576
Step  250 | loss 1.0969 | val_acc=0.4798 val_loss=1.3163 val_f1_macro=0.3752 val_f1_weighted=0.4570 val_prec_macro=0.4537 val_rec_macro=0.3661 val_metric_name=acc val_metric=0.4798
Step  300 | loss 1.0250 | val_acc=0.4828 val_loss=1.3325 val_f1_macro=0.3959 val_f1_weighted=0.4651 val_prec_macro=0.4489 val_rec_macro=0.3868 val_metric_name=acc val_metric=0.4828
Step  350 | loss 0.9702 | val_acc=0.4890 val_loss=1.3519 val_f1_macro=0.4094 val_f1_weighted=0.4744 val_prec_macro=0.4499 val_rec_macro=0.4002 val_metric_name=acc val_metric=0.4890
Step  400 | loss 0.8984 | val_acc=0.4989 val_loss=1.3899 val_f1_macro=0.4290 val_f1_weighted=0.4868 val_prec_macro=0.4709 val_rec_macro=0.4169 val_metric_name=acc val_metric=0.4989
Step  450 | loss 0.8300 | val_acc=0.5107 val_loss=1.4283 val_f1_macro=0.4474 val_f1_weighted=0.5023 val_prec_macro=0.4717 val_rec_macro=0.4394 val_metric_name=acc val_metric=0.5107
Step  500 | loss 0.7636 | val_acc=0.5153 val_loss=1.4984 val_f1_macro=0.4490 val_f1_weighted=0.5084 val_prec_macro=0.4698 val_rec_macro=0.4396 val_metric_name=acc val_metric=0.5153
Step  550 | loss 0.6989 | val_acc=0.5194 val_loss=1.5576 val_f1_macro=0.4599 val_f1_weighted=0.5134 val_prec_macro=0.4794 val_rec_macro=0.4522 val_metric_name=acc val_metric=0.5194
Step  600 | loss 0.6360 | val_acc=0.5223 val_loss=1.6466 val_f1_macro=0.4616 val_f1_weighted=0.5175 val_prec_macro=0.4784 val_rec_macro=0.4525 val_metric_name=acc val_metric=0.5223
Step  650 | loss 0.5747 | val_acc=0.5236 val_loss=1.7326 val_f1_macro=0.4651 val_f1_weighted=0.5192 val_prec_macro=0.4761 val_rec_macro=0.4618 val_metric_name=acc val_metric=0.5236
Step  700 | loss 0.5271 | val_acc=0.5254 val_loss=1.8363 val_f1_macro=0.4683 val_f1_weighted=0.5222 val_prec_macro=0.4771 val_rec_macro=0.4658 val_metric_name=acc val_metric=0.5254
Step  750 | loss 0.4657 | val_acc=0.5228 val_loss=1.9307 val_f1_macro=0.4695 val_f1_weighted=0.5218 val_prec_macro=0.4703 val_rec_macro=0.4710 val_metric_name=acc val_metric=0.5228
Step  800 | loss 0.4178 | val_acc=0.5244 val_loss=2.0102 val_f1_macro=0.4692 val_f1_weighted=0.5228 val_prec_macro=0.4717 val_rec_macro=0.4702 val_metric_name=acc val_metric=0.5244
Step  850 | loss 0.3879 | val_acc=0.5287 val_loss=2.0900 val_f1_macro=0.4744 val_f1_weighted=0.5270 val_prec_macro=0.4787 val_rec_macro=0.4739 val_metric_name=acc val_metric=0.5287
Step  900 | loss 0.3371 | val_acc=0.5309 val_loss=2.1717 val_f1_macro=0.4785 val_f1_weighted=0.5297 val_prec_macro=0.4815 val_rec_macro=0.4767 val_metric_name=acc val_metric=0.5309
Step  950 | loss 0.3166 | val_acc=0.5290 val_loss=2.2725 val_f1_macro=0.4781 val_f1_weighted=0.5277 val_prec_macro=0.4808 val_rec_macro=0.4782 val_metric_name=acc val_metric=0.5290
Step 1000 | loss 0.2852 | val_acc=0.5309 val_loss=2.3718 val_f1_macro=0.4786 val_f1_weighted=0.5292 val_prec_macro=0.4837 val_rec_macro=0.4753 val_metric_name=acc val_metric=0.5309
Step 1050 | loss 0.2535 | val_acc=0.5293 val_loss=2.4458 val_f1_macro=0.4771 val_f1_weighted=0.5282 val_prec_macro=0.4792 val_rec_macro=0.4773 val_metric_name=acc val_metric=0.5293
Step 1100 | loss 0.2372 | val_acc=0.5306 val_loss=2.5330 val_f1_macro=0.4780 val_f1_weighted=0.5297 val_prec_macro=0.4799 val_rec_macro=0.4777 val_metric_name=acc val_metric=0.5306
Step 1150 | loss 0.2147 | val_acc=0.5323 val_loss=2.5904 val_f1_macro=0.4807 val_f1_weighted=0.5308 val_prec_macro=0.4846 val_rec_macro=0.4795 val_metric_name=acc val_metric=0.5323
Step 1200 | loss 0.1958 | val_acc=0.5257 val_loss=2.6693 val_f1_macro=0.4758 val_f1_weighted=0.5252 val_prec_macro=0.4762 val_rec_macro=0.4763 val_metric_name=acc val_metric=0.5257
Step 1250 | loss 0.1808 | val_acc=0.5316 val_loss=2.7280 val_f1_macro=0.4824 val_f1_weighted=0.5298 val_prec_macro=0.4893 val_rec_macro=0.4781 val_metric_name=acc val_metric=0.5316
Step 1300 | loss 0.1738 | val_acc=0.5354 val_loss=2.7817 val_f1_macro=0.4838 val_f1_weighted=0.5333 val_prec_macro=0.4921 val_rec_macro=0.4781 val_metric_name=acc val_metric=0.5354
Step 1350 | loss 0.1553 | val_acc=0.5349 val_loss=2.8411 val_f1_macro=0.4871 val_f1_weighted=0.5334 val_prec_macro=0.4935 val_rec_macro=0.4821 val_metric_name=acc val_metric=0.5349
Step 1400 | loss 0.1403 | val_acc=0.5323 val_loss=2.8770 val_f1_macro=0.4830 val_f1_weighted=0.5306 val_prec_macro=0.4893 val_rec_macro=0.4782 val_metric_name=acc val_metric=0.5323
Step 1450 | loss 0.1214 | val_acc=0.5334 val_loss=2.9661 val_f1_macro=0.4824 val_f1_weighted=0.5319 val_prec_macro=0.4884 val_rec_macro=0.4775 val_metric_name=acc val_metric=0.5334
Early stopping at step 1490

--- Final (best ckpt @ step 1190) ---
  train_acc=0.9936 train_loss=0.0247 train_f1_macro=0.9931 train_f1_weighted=0.9936 train_prec_macro=0.9924 train_rec_macro=0.9938 train_metric_name=acc train_metric=0.9936
  val_acc=0.5381 val_loss=2.6510 val_f1_macro=0.4882 val_f1_weighted=0.5352 val_prec_macro=0.5014 val_rec_macro=0.4794 val_metric_name=acc val_metric=0.5381
  test_acc=0.5440 test_loss=2.6805 test_f1_macro=0.4810 test_f1_weighted=0.5410 test_prec_macro=0.4931 test_rec_macro=0.4722 test_metric_name=acc test_metric=0.5440
  test_acc=0.5440

============================================================
Training amazon-ratings GT 5L h=256 lr=1e-05 split=2
============================================================
Training for 5000 steps
Step    1 | loss 1.5694 | val_acc=0.3675 val_loss=1.5409 val_f1_macro=0.1075 val_f1_weighted=0.1977 val_prec_macro=0.0735 val_rec_macro=0.1998 val_metric_name=acc val_metric=0.3675
Step   50 | loss 1.4283 | val_acc=0.3704 val_loss=1.4057 val_f1_macro=0.1313 val_f1_weighted=0.2291 val_prec_macro=0.1517 val_rec_macro=0.2054 val_metric_name=acc val_metric=0.3704
Step  100 | loss 1.4128 | val_acc=0.3800 val_loss=1.3922 val_f1_macro=0.1545 val_f1_weighted=0.2601 val_prec_macro=0.1579 val_rec_macro=0.2159 val_metric_name=acc val_metric=0.3800
Step  150 | loss 1.3985 | val_acc=0.3913 val_loss=1.3787 val_f1_macro=0.1751 val_f1_weighted=0.2873 val_prec_macro=0.1622 val_rec_macro=0.2287 val_metric_name=acc val_metric=0.3913
Step  200 | loss 1.3790 | val_acc=0.3987 val_loss=1.3631 val_f1_macro=0.1875 val_f1_weighted=0.3030 val_prec_macro=0.1652 val_rec_macro=0.2384 val_metric_name=acc val_metric=0.3987
Step  250 | loss 1.3633 | val_acc=0.4094 val_loss=1.3517 val_f1_macro=0.2047 val_f1_weighted=0.3242 val_prec_macro=0.2376 val_rec_macro=0.2509 val_metric_name=acc val_metric=0.4094
Step  300 | loss 1.3487 | val_acc=0.4171 val_loss=1.3444 val_f1_macro=0.2166 val_f1_weighted=0.3382 val_prec_macro=0.4401 val_rec_macro=0.2598 val_metric_name=acc val_metric=0.4171
Step  350 | loss 1.3412 | val_acc=0.4215 val_loss=1.3384 val_f1_macro=0.2247 val_f1_weighted=0.3480 val_prec_macro=0.4416 val_rec_macro=0.2659 val_metric_name=acc val_metric=0.4215
Step  400 | loss 1.3277 | val_acc=0.4289 val_loss=1.3344 val_f1_macro=0.2371 val_f1_weighted=0.3623 val_prec_macro=0.3119 val_rec_macro=0.2750 val_metric_name=acc val_metric=0.4289
Step  450 | loss 1.3168 | val_acc=0.4310 val_loss=1.3327 val_f1_macro=0.2483 val_f1_weighted=0.3700 val_prec_macro=0.4078 val_rec_macro=0.2819 val_metric_name=acc val_metric=0.4310
Step  500 | loss 1.3091 | val_acc=0.4333 val_loss=1.3290 val_f1_macro=0.2621 val_f1_weighted=0.3808 val_prec_macro=0.3965 val_rec_macro=0.2885 val_metric_name=acc val_metric=0.4333
Step  550 | loss 1.2968 | val_acc=0.4359 val_loss=1.3261 val_f1_macro=0.2729 val_f1_weighted=0.3884 val_prec_macro=0.3650 val_rec_macro=0.2952 val_metric_name=acc val_metric=0.4359
Step  600 | loss 1.2860 | val_acc=0.4372 val_loss=1.3270 val_f1_macro=0.2773 val_f1_weighted=0.3902 val_prec_macro=0.3939 val_rec_macro=0.2992 val_metric_name=acc val_metric=0.4372
Step  650 | loss 1.2792 | val_acc=0.4369 val_loss=1.3327 val_f1_macro=0.2849 val_f1_weighted=0.3904 val_prec_macro=0.4329 val_rec_macro=0.3053 val_metric_name=acc val_metric=0.4369
Step  700 | loss 1.2651 | val_acc=0.4357 val_loss=1.3293 val_f1_macro=0.2901 val_f1_weighted=0.3915 val_prec_macro=0.4320 val_rec_macro=0.3064 val_metric_name=acc val_metric=0.4357
Step  750 | loss 1.2587 | val_acc=0.4421 val_loss=1.3216 val_f1_macro=0.3102 val_f1_weighted=0.4038 val_prec_macro=0.4516 val_rec_macro=0.3187 val_metric_name=acc val_metric=0.4421
Step  800 | loss 1.2466 | val_acc=0.4472 val_loss=1.3197 val_f1_macro=0.3163 val_f1_weighted=0.4091 val_prec_macro=0.4581 val_rec_macro=0.3229 val_metric_name=acc val_metric=0.4472
Step  850 | loss 1.2369 | val_acc=0.4485 val_loss=1.3157 val_f1_macro=0.3238 val_f1_weighted=0.4132 val_prec_macro=0.4469 val_rec_macro=0.3278 val_metric_name=acc val_metric=0.4485
Step  900 | loss 1.2226 | val_acc=0.4516 val_loss=1.3136 val_f1_macro=0.3308 val_f1_weighted=0.4181 val_prec_macro=0.4466 val_rec_macro=0.3327 val_metric_name=acc val_metric=0.4516
Step  950 | loss 1.2103 | val_acc=0.4526 val_loss=1.3183 val_f1_macro=0.3338 val_f1_weighted=0.4188 val_prec_macro=0.4429 val_rec_macro=0.3360 val_metric_name=acc val_metric=0.4526
Step 1000 | loss 1.2041 | val_acc=0.4521 val_loss=1.3175 val_f1_macro=0.3373 val_f1_weighted=0.4207 val_prec_macro=0.4389 val_rec_macro=0.3390 val_metric_name=acc val_metric=0.4521
Step 1050 | loss 1.1908 | val_acc=0.4521 val_loss=1.3222 val_f1_macro=0.3375 val_f1_weighted=0.4189 val_prec_macro=0.4384 val_rec_macro=0.3391 val_metric_name=acc val_metric=0.4521
Step 1100 | loss 1.1742 | val_acc=0.4606 val_loss=1.3123 val_f1_macro=0.3478 val_f1_weighted=0.4310 val_prec_macro=0.4389 val_rec_macro=0.3461 val_metric_name=acc val_metric=0.4606
Step 1150 | loss 1.1692 | val_acc=0.4615 val_loss=1.3095 val_f1_macro=0.3516 val_f1_weighted=0.4334 val_prec_macro=0.4305 val_rec_macro=0.3495 val_metric_name=acc val_metric=0.4615
Step 1200 | loss 1.1615 | val_acc=0.4650 val_loss=1.3045 val_f1_macro=0.3583 val_f1_weighted=0.4397 val_prec_macro=0.4352 val_rec_macro=0.3534 val_metric_name=acc val_metric=0.4650
Step 1250 | loss 1.1497 | val_acc=0.4646 val_loss=1.3120 val_f1_macro=0.3639 val_f1_weighted=0.4405 val_prec_macro=0.4361 val_rec_macro=0.3586 val_metric_name=acc val_metric=0.4646
Step 1300 | loss 1.1420 | val_acc=0.4656 val_loss=1.3141 val_f1_macro=0.3628 val_f1_weighted=0.4397 val_prec_macro=0.4460 val_rec_macro=0.3575 val_metric_name=acc val_metric=0.4656
Step 1350 | loss 1.1333 | val_acc=0.4669 val_loss=1.3171 val_f1_macro=0.3665 val_f1_weighted=0.4417 val_prec_macro=0.4428 val_rec_macro=0.3613 val_metric_name=acc val_metric=0.4669
Step 1400 | loss 1.1223 | val_acc=0.4681 val_loss=1.3209 val_f1_macro=0.3673 val_f1_weighted=0.4422 val_prec_macro=0.4406 val_rec_macro=0.3626 val_metric_name=acc val_metric=0.4681
Step 1450 | loss 1.1143 | val_acc=0.4713 val_loss=1.3169 val_f1_macro=0.3696 val_f1_weighted=0.4474 val_prec_macro=0.4397 val_rec_macro=0.3636 val_metric_name=acc val_metric=0.4713
Step 1500 | loss 1.1026 | val_acc=0.4720 val_loss=1.3261 val_f1_macro=0.3789 val_f1_weighted=0.4495 val_prec_macro=0.4439 val_rec_macro=0.3728 val_metric_name=acc val_metric=0.4720
Step 1550 | loss 1.0906 | val_acc=0.4738 val_loss=1.3224 val_f1_macro=0.3839 val_f1_weighted=0.4532 val_prec_macro=0.4450 val_rec_macro=0.3761 val_metric_name=acc val_metric=0.4738
Step 1600 | loss 1.0815 | val_acc=0.4746 val_loss=1.3264 val_f1_macro=0.3817 val_f1_weighted=0.4527 val_prec_macro=0.4460 val_rec_macro=0.3742 val_metric_name=acc val_metric=0.4746
Step 1650 | loss 1.0741 | val_acc=0.4753 val_loss=1.3289 val_f1_macro=0.3828 val_f1_weighted=0.4536 val_prec_macro=0.4425 val_rec_macro=0.3762 val_metric_name=acc val_metric=0.4753
Step 1700 | loss 1.0625 | val_acc=0.4774 val_loss=1.3292 val_f1_macro=0.3897 val_f1_weighted=0.4567 val_prec_macro=0.4442 val_rec_macro=0.3826 val_metric_name=acc val_metric=0.4774
Step 1750 | loss 1.0654 | val_acc=0.4790 val_loss=1.3363 val_f1_macro=0.3904 val_f1_weighted=0.4589 val_prec_macro=0.4413 val_rec_macro=0.3844 val_metric_name=acc val_metric=0.4790
Step 1800 | loss 1.0499 | val_acc=0.4820 val_loss=1.3392 val_f1_macro=0.3908 val_f1_weighted=0.4610 val_prec_macro=0.4459 val_rec_macro=0.3846 val_metric_name=acc val_metric=0.4820
Step 1850 | loss 1.0407 | val_acc=0.4821 val_loss=1.3372 val_f1_macro=0.3946 val_f1_weighted=0.4633 val_prec_macro=0.4388 val_rec_macro=0.3883 val_metric_name=acc val_metric=0.4821
Step 1900 | loss 1.0272 | val_acc=0.4831 val_loss=1.3427 val_f1_macro=0.3963 val_f1_weighted=0.4646 val_prec_macro=0.4443 val_rec_macro=0.3893 val_metric_name=acc val_metric=0.4831
Step 1950 | loss 1.0231 | val_acc=0.4849 val_loss=1.3461 val_f1_macro=0.3968 val_f1_weighted=0.4666 val_prec_macro=0.4424 val_rec_macro=0.3903 val_metric_name=acc val_metric=0.4849
Step 2000 | loss 1.0189 | val_acc=0.4870 val_loss=1.3486 val_f1_macro=0.4032 val_f1_weighted=0.4703 val_prec_macro=0.4450 val_rec_macro=0.3957 val_metric_name=acc val_metric=0.4870
Step 2050 | loss 1.0039 | val_acc=0.4878 val_loss=1.3497 val_f1_macro=0.4022 val_f1_weighted=0.4710 val_prec_macro=0.4445 val_rec_macro=0.3949 val_metric_name=acc val_metric=0.4878
Step 2100 | loss 0.9981 | val_acc=0.4878 val_loss=1.3513 val_f1_macro=0.4055 val_f1_weighted=0.4723 val_prec_macro=0.4449 val_rec_macro=0.3974 val_metric_name=acc val_metric=0.4878
Step 2150 | loss 0.9922 | val_acc=0.4901 val_loss=1.3620 val_f1_macro=0.4061 val_f1_weighted=0.4740 val_prec_macro=0.4489 val_rec_macro=0.3986 val_metric_name=acc val_metric=0.4901
Step 2200 | loss 0.9774 | val_acc=0.4890 val_loss=1.3645 val_f1_macro=0.4072 val_f1_weighted=0.4728 val_prec_macro=0.4472 val_rec_macro=0.4009 val_metric_name=acc val_metric=0.4890
Step 2250 | loss 0.9743 | val_acc=0.4890 val_loss=1.3674 val_f1_macro=0.4090 val_f1_weighted=0.4738 val_prec_macro=0.4483 val_rec_macro=0.4011 val_metric_name=acc val_metric=0.4890
Step 2300 | loss 0.9594 | val_acc=0.4904 val_loss=1.3710 val_f1_macro=0.4108 val_f1_weighted=0.4756 val_prec_macro=0.4483 val_rec_macro=0.4039 val_metric_name=acc val_metric=0.4904
Step 2350 | loss 0.9574 | val_acc=0.4922 val_loss=1.3717 val_f1_macro=0.4137 val_f1_weighted=0.4785 val_prec_macro=0.4500 val_rec_macro=0.4060 val_metric_name=acc val_metric=0.4922
Step 2400 | loss 0.9453 | val_acc=0.4929 val_loss=1.3789 val_f1_macro=0.4189 val_f1_weighted=0.4799 val_prec_macro=0.4499 val_rec_macro=0.4122 val_metric_name=acc val_metric=0.4929
Step 2450 | loss 0.9364 | val_acc=0.4940 val_loss=1.3856 val_f1_macro=0.4199 val_f1_weighted=0.4806 val_prec_macro=0.4558 val_rec_macro=0.4126 val_metric_name=acc val_metric=0.4940
Step 2500 | loss 0.9307 | val_acc=0.4978 val_loss=1.3911 val_f1_macro=0.4237 val_f1_weighted=0.4849 val_prec_macro=0.4570 val_rec_macro=0.4177 val_metric_name=acc val_metric=0.4978
Step 2550 | loss 0.9248 | val_acc=0.5004 val_loss=1.3891 val_f1_macro=0.4300 val_f1_weighted=0.4891 val_prec_macro=0.4622 val_rec_macro=0.4210 val_metric_name=acc val_metric=0.5004
Step 2600 | loss 0.9077 | val_acc=0.4998 val_loss=1.3978 val_f1_macro=0.4317 val_f1_weighted=0.4883 val_prec_macro=0.4624 val_rec_macro=0.4261 val_metric_name=acc val_metric=0.4998
Step 2650 | loss 0.9050 | val_acc=0.5022 val_loss=1.4032 val_f1_macro=0.4339 val_f1_weighted=0.4913 val_prec_macro=0.4636 val_rec_macro=0.4269 val_metric_name=acc val_metric=0.5022
Step 2700 | loss 0.9090 | val_acc=0.5037 val_loss=1.4102 val_f1_macro=0.4375 val_f1_weighted=0.4928 val_prec_macro=0.4680 val_rec_macro=0.4307 val_metric_name=acc val_metric=0.5037
Step 2750 | loss 0.8886 | val_acc=0.5022 val_loss=1.4173 val_f1_macro=0.4371 val_f1_weighted=0.4916 val_prec_macro=0.4644 val_rec_macro=0.4321 val_metric_name=acc val_metric=0.5022
Step 2800 | loss 0.8747 | val_acc=0.5022 val_loss=1.4231 val_f1_macro=0.4366 val_f1_weighted=0.4923 val_prec_macro=0.4616 val_rec_macro=0.4328 val_metric_name=acc val_metric=0.5022
Step 2850 | loss 0.8743 | val_acc=0.5017 val_loss=1.4287 val_f1_macro=0.4373 val_f1_weighted=0.4923 val_prec_macro=0.4608 val_rec_macro=0.4333 val_metric_name=acc val_metric=0.5017
Step 2900 | loss 0.8676 | val_acc=0.5029 val_loss=1.4301 val_f1_macro=0.4375 val_f1_weighted=0.4931 val_prec_macro=0.4628 val_rec_macro=0.4330 val_metric_name=acc val_metric=0.5029
Step 2950 | loss 0.8567 | val_acc=0.5047 val_loss=1.4328 val_f1_macro=0.4428 val_f1_weighted=0.4966 val_prec_macro=0.4644 val_rec_macro=0.4388 val_metric_name=acc val_metric=0.5047
Step 3000 | loss 0.8468 | val_acc=0.5050 val_loss=1.4432 val_f1_macro=0.4410 val_f1_weighted=0.4963 val_prec_macro=0.4635 val_rec_macro=0.4369 val_metric_name=acc val_metric=0.5050
Step 3050 | loss 0.8378 | val_acc=0.5076 val_loss=1.4539 val_f1_macro=0.4453 val_f1_weighted=0.4996 val_prec_macro=0.4655 val_rec_macro=0.4419 val_metric_name=acc val_metric=0.5076
Step 3100 | loss 0.8348 | val_acc=0.5078 val_loss=1.4559 val_f1_macro=0.4456 val_f1_weighted=0.4990 val_prec_macro=0.4700 val_rec_macro=0.4412 val_metric_name=acc val_metric=0.5078
Step 3150 | loss 0.8292 | val_acc=0.5074 val_loss=1.4652 val_f1_macro=0.4462 val_f1_weighted=0.4995 val_prec_macro=0.4651 val_rec_macro=0.4448 val_metric_name=acc val_metric=0.5074
Step 3200 | loss 0.8198 | val_acc=0.5086 val_loss=1.4710 val_f1_macro=0.4492 val_f1_weighted=0.5008 val_prec_macro=0.4698 val_rec_macro=0.4467 val_metric_name=acc val_metric=0.5086
Step 3250 | loss 0.8087 | val_acc=0.5079 val_loss=1.4748 val_f1_macro=0.4467 val_f1_weighted=0.5006 val_prec_macro=0.4663 val_rec_macro=0.4441 val_metric_name=acc val_metric=0.5079
Step 3300 | loss 0.7979 | val_acc=0.5092 val_loss=1.4848 val_f1_macro=0.4495 val_f1_weighted=0.5014 val_prec_macro=0.4705 val_rec_macro=0.4465 val_metric_name=acc val_metric=0.5092
Step 3350 | loss 0.7917 | val_acc=0.5107 val_loss=1.4897 val_f1_macro=0.4516 val_f1_weighted=0.5033 val_prec_macro=0.4706 val_rec_macro=0.4488 val_metric_name=acc val_metric=0.5107
Step 3400 | loss 0.7879 | val_acc=0.5117 val_loss=1.4917 val_f1_macro=0.4524 val_f1_weighted=0.5046 val_prec_macro=0.4716 val_rec_macro=0.4486 val_metric_name=acc val_metric=0.5117
Step 3450 | loss 0.7820 | val_acc=0.5100 val_loss=1.5053 val_f1_macro=0.4522 val_f1_weighted=0.5030 val_prec_macro=0.4687 val_rec_macro=0.4515 val_metric_name=acc val_metric=0.5100
Step 3500 | loss 0.7817 | val_acc=0.5110 val_loss=1.5068 val_f1_macro=0.4531 val_f1_weighted=0.5048 val_prec_macro=0.4681 val_rec_macro=0.4524 val_metric_name=acc val_metric=0.5110
Step 3550 | loss 0.7677 | val_acc=0.5130 val_loss=1.5169 val_f1_macro=0.4551 val_f1_weighted=0.5066 val_prec_macro=0.4709 val_rec_macro=0.4532 val_metric_name=acc val_metric=0.5130
Step 3600 | loss 0.7588 | val_acc=0.5143 val_loss=1.5197 val_f1_macro=0.4556 val_f1_weighted=0.5086 val_prec_macro=0.4703 val_rec_macro=0.4537 val_metric_name=acc val_metric=0.5143
Step 3650 | loss 0.7423 | val_acc=0.5135 val_loss=1.5263 val_f1_macro=0.4555 val_f1_weighted=0.5075 val_prec_macro=0.4698 val_rec_macro=0.4548 val_metric_name=acc val_metric=0.5135
Step 3700 | loss 0.7425 | val_acc=0.5169 val_loss=1.5386 val_f1_macro=0.4589 val_f1_weighted=0.5110 val_prec_macro=0.4739 val_rec_macro=0.4583 val_metric_name=acc val_metric=0.5169
Step 3750 | loss 0.7280 | val_acc=0.5167 val_loss=1.5472 val_f1_macro=0.4600 val_f1_weighted=0.5110 val_prec_macro=0.4733 val_rec_macro=0.4594 val_metric_name=acc val_metric=0.5167
Step 3800 | loss 0.7233 | val_acc=0.5185 val_loss=1.5536 val_f1_macro=0.4616 val_f1_weighted=0.5125 val_prec_macro=0.4773 val_rec_macro=0.4602 val_metric_name=acc val_metric=0.5185
Step 3850 | loss 0.7124 | val_acc=0.5172 val_loss=1.5637 val_f1_macro=0.4602 val_f1_weighted=0.5116 val_prec_macro=0.4735 val_rec_macro=0.4593 val_metric_name=acc val_metric=0.5172
Step 3900 | loss 0.7116 | val_acc=0.5195 val_loss=1.5663 val_f1_macro=0.4632 val_f1_weighted=0.5143 val_prec_macro=0.4759 val_rec_macro=0.4619 val_metric_name=acc val_metric=0.5195
Step 3950 | loss 0.7023 | val_acc=0.5207 val_loss=1.5764 val_f1_macro=0.4626 val_f1_weighted=0.5157 val_prec_macro=0.4736 val_rec_macro=0.4642 val_metric_name=acc val_metric=0.5207
Step 4000 | loss 0.6906 | val_acc=0.5208 val_loss=1.5904 val_f1_macro=0.4630 val_f1_weighted=0.5162 val_prec_macro=0.4725 val_rec_macro=0.4640 val_metric_name=acc val_metric=0.5208
Step 4050 | loss 0.6837 | val_acc=0.5218 val_loss=1.6000 val_f1_macro=0.4650 val_f1_weighted=0.5170 val_prec_macro=0.4762 val_rec_macro=0.4648 val_metric_name=acc val_metric=0.5218
Step 4100 | loss 0.6804 | val_acc=0.5231 val_loss=1.6019 val_f1_macro=0.4660 val_f1_weighted=0.5178 val_prec_macro=0.4792 val_rec_macro=0.4649 val_metric_name=acc val_metric=0.5231
Step 4150 | loss 0.6731 | val_acc=0.5249 val_loss=1.6132 val_f1_macro=0.4667 val_f1_weighted=0.5203 val_prec_macro=0.4774 val_rec_macro=0.4647 val_metric_name=acc val_metric=0.5249
Step 4200 | loss 0.6740 | val_acc=0.5238 val_loss=1.6227 val_f1_macro=0.4670 val_f1_weighted=0.5196 val_prec_macro=0.4767 val_rec_macro=0.4670 val_metric_name=acc val_metric=0.5238
Step 4250 | loss 0.6570 | val_acc=0.5226 val_loss=1.6285 val_f1_macro=0.4661 val_f1_weighted=0.5182 val_prec_macro=0.4757 val_rec_macro=0.4663 val_metric_name=acc val_metric=0.5226
Step 4300 | loss 0.6482 | val_acc=0.5234 val_loss=1.6396 val_f1_macro=0.4665 val_f1_weighted=0.5199 val_prec_macro=0.4739 val_rec_macro=0.4679 val_metric_name=acc val_metric=0.5234
Step 4350 | loss 0.6463 | val_acc=0.5251 val_loss=1.6452 val_f1_macro=0.4664 val_f1_weighted=0.5208 val_prec_macro=0.4766 val_rec_macro=0.4671 val_metric_name=acc val_metric=0.5251
Step 4400 | loss 0.6374 | val_acc=0.5259 val_loss=1.6593 val_f1_macro=0.4689 val_f1_weighted=0.5216 val_prec_macro=0.4798 val_rec_macro=0.4677 val_metric_name=acc val_metric=0.5259
Step 4450 | loss 0.6338 | val_acc=0.5260 val_loss=1.6599 val_f1_macro=0.4674 val_f1_weighted=0.5221 val_prec_macro=0.4762 val_rec_macro=0.4671 val_metric_name=acc val_metric=0.5260
Step 4500 | loss 0.6154 | val_acc=0.5254 val_loss=1.6664 val_f1_macro=0.4673 val_f1_weighted=0.5213 val_prec_macro=0.4766 val_rec_macro=0.4662 val_metric_name=acc val_metric=0.5254
Step 4550 | loss 0.6095 | val_acc=0.5260 val_loss=1.6832 val_f1_macro=0.4690 val_f1_weighted=0.5226 val_prec_macro=0.4763 val_rec_macro=0.4696 val_metric_name=acc val_metric=0.5260
Step 4600 | loss 0.6100 | val_acc=0.5264 val_loss=1.6848 val_f1_macro=0.4696 val_f1_weighted=0.5225 val_prec_macro=0.4791 val_rec_macro=0.4680 val_metric_name=acc val_metric=0.5264
Step 4650 | loss 0.5964 | val_acc=0.5243 val_loss=1.6964 val_f1_macro=0.4662 val_f1_weighted=0.5204 val_prec_macro=0.4749 val_rec_macro=0.4661 val_metric_name=acc val_metric=0.5243
Step 4700 | loss 0.5914 | val_acc=0.5267 val_loss=1.7148 val_f1_macro=0.4685 val_f1_weighted=0.5231 val_prec_macro=0.4769 val_rec_macro=0.4676 val_metric_name=acc val_metric=0.5267
Step 4750 | loss 0.5892 | val_acc=0.5287 val_loss=1.7223 val_f1_macro=0.4706 val_f1_weighted=0.5250 val_prec_macro=0.4791 val_rec_macro=0.4702 val_metric_name=acc val_metric=0.5287
Step 4800 | loss 0.5735 | val_acc=0.5282 val_loss=1.7285 val_f1_macro=0.4727 val_f1_weighted=0.5254 val_prec_macro=0.4790 val_rec_macro=0.4728 val_metric_name=acc val_metric=0.5282
Step 4850 | loss 0.5746 | val_acc=0.5282 val_loss=1.7384 val_f1_macro=0.4691 val_f1_weighted=0.5251 val_prec_macro=0.4753 val_rec_macro=0.4698 val_metric_name=acc val_metric=0.5282
Step 4900 | loss 0.5658 | val_acc=0.5278 val_loss=1.7480 val_f1_macro=0.4703 val_f1_weighted=0.5250 val_prec_macro=0.4765 val_rec_macro=0.4702 val_metric_name=acc val_metric=0.5278
Step 4950 | loss 0.5637 | val_acc=0.5278 val_loss=1.7617 val_f1_macro=0.4710 val_f1_weighted=0.5251 val_prec_macro=0.4768 val_rec_macro=0.4712 val_metric_name=acc val_metric=0.5278
Step 5000 | loss 0.5540 | val_acc=0.5288 val_loss=1.7673 val_f1_macro=0.4724 val_f1_weighted=0.5259 val_prec_macro=0.4785 val_rec_macro=0.4729 val_metric_name=acc val_metric=0.5288

--- Final (best ckpt @ step 4830) ---
  train_acc=0.8791 train_loss=0.3139 train_f1_macro=0.8764 train_f1_weighted=0.8798 train_prec_macro=0.8775 train_rec_macro=0.8820 train_metric_name=acc train_metric=0.8791
  val_acc=0.5305 val_loss=1.7405 val_f1_macro=0.4723 val_f1_weighted=0.5270 val_prec_macro=0.4800 val_rec_macro=0.4723 val_metric_name=acc val_metric=0.5305
  test_acc=0.5326 test_loss=1.7759 test_f1_macro=0.4712 test_f1_weighted=0.5300 test_prec_macro=0.4760 test_rec_macro=0.4723 test_metric_name=acc test_metric=0.5326
  test_acc=0.5326

============================================================
Training amazon-ratings GT 5L h=384 lr=3e-05 split=2
============================================================
Training for 5000 steps
Step    1 | loss 1.5611 | val_acc=0.3688 val_loss=1.4538 val_f1_macro=0.1119 val_f1_weighted=0.2036 val_prec_macro=0.1918 val_rec_macro=0.2011 val_metric_name=acc val_metric=0.3688
Step   50 | loss 1.3831 | val_acc=0.4005 val_loss=1.3691 val_f1_macro=0.1906 val_f1_weighted=0.3069 val_prec_macro=0.2649 val_rec_macro=0.2393 val_metric_name=acc val_metric=0.4005
Step  100 | loss 1.3365 | val_acc=0.4246 val_loss=1.3402 val_f1_macro=0.2344 val_f1_weighted=0.3576 val_prec_macro=0.3271 val_rec_macro=0.2707 val_metric_name=acc val_metric=0.4246
Step  150 | loss 1.3051 | val_acc=0.4317 val_loss=1.3339 val_f1_macro=0.2650 val_f1_weighted=0.3794 val_prec_macro=0.4747 val_rec_macro=0.2889 val_metric_name=acc val_metric=0.4317
Step  200 | loss 1.2654 | val_acc=0.4403 val_loss=1.3260 val_f1_macro=0.2947 val_f1_weighted=0.4003 val_prec_macro=0.4267 val_rec_macro=0.3075 val_metric_name=acc val_metric=0.4403
Step  250 | loss 1.2241 | val_acc=0.4575 val_loss=1.3184 val_f1_macro=0.3347 val_f1_weighted=0.4279 val_prec_macro=0.4330 val_rec_macro=0.3353 val_metric_name=acc val_metric=0.4575
Step  300 | loss 1.1933 | val_acc=0.4617 val_loss=1.3222 val_f1_macro=0.3519 val_f1_weighted=0.4343 val_prec_macro=0.4322 val_rec_macro=0.3506 val_metric_name=acc val_metric=0.4617
Step  350 | loss 1.1609 | val_acc=0.4707 val_loss=1.3203 val_f1_macro=0.3702 val_f1_weighted=0.4463 val_prec_macro=0.4513 val_rec_macro=0.3638 val_metric_name=acc val_metric=0.4707
Step  400 | loss 1.1178 | val_acc=0.4754 val_loss=1.3142 val_f1_macro=0.3813 val_f1_weighted=0.4560 val_prec_macro=0.4469 val_rec_macro=0.3711 val_metric_name=acc val_metric=0.4754
Step  450 | loss 1.0842 | val_acc=0.4741 val_loss=1.3292 val_f1_macro=0.3875 val_f1_weighted=0.4563 val_prec_macro=0.4391 val_rec_macro=0.3799 val_metric_name=acc val_metric=0.4741
Step  500 | loss 1.0606 | val_acc=0.4852 val_loss=1.3241 val_f1_macro=0.3976 val_f1_weighted=0.4701 val_prec_macro=0.4457 val_rec_macro=0.3863 val_metric_name=acc val_metric=0.4852
Step  550 | loss 1.0225 | val_acc=0.4857 val_loss=1.3550 val_f1_macro=0.4102 val_f1_weighted=0.4703 val_prec_macro=0.4570 val_rec_macro=0.4010 val_metric_name=acc val_metric=0.4857
Step  600 | loss 0.9903 | val_acc=0.4945 val_loss=1.3524 val_f1_macro=0.4252 val_f1_weighted=0.4831 val_prec_macro=0.4678 val_rec_macro=0.4101 val_metric_name=acc val_metric=0.4945
Step  650 | loss 0.9515 | val_acc=0.4957 val_loss=1.3876 val_f1_macro=0.4299 val_f1_weighted=0.4824 val_prec_macro=0.4628 val_rec_macro=0.4229 val_metric_name=acc val_metric=0.4957
Step  700 | loss 0.9124 | val_acc=0.5009 val_loss=1.4023 val_f1_macro=0.4378 val_f1_weighted=0.4917 val_prec_macro=0.4636 val_rec_macro=0.4285 val_metric_name=acc val_metric=0.5009
Step  750 | loss 0.8804 | val_acc=0.5027 val_loss=1.4194 val_f1_macro=0.4414 val_f1_weighted=0.4933 val_prec_macro=0.4685 val_rec_macro=0.4336 val_metric_name=acc val_metric=0.5027
Step  800 | loss 0.8444 | val_acc=0.5066 val_loss=1.4520 val_f1_macro=0.4488 val_f1_weighted=0.4986 val_prec_macro=0.4683 val_rec_macro=0.4418 val_metric_name=acc val_metric=0.5066
Step  850 | loss 0.8076 | val_acc=0.5099 val_loss=1.4891 val_f1_macro=0.4506 val_f1_weighted=0.5019 val_prec_macro=0.4709 val_rec_macro=0.4437 val_metric_name=acc val_metric=0.5099
Step  900 | loss 0.7500 | val_acc=0.5110 val_loss=1.5338 val_f1_macro=0.4551 val_f1_weighted=0.5054 val_prec_macro=0.4659 val_rec_macro=0.4516 val_metric_name=acc val_metric=0.5110
Step  950 | loss 0.7117 | val_acc=0.5122 val_loss=1.5717 val_f1_macro=0.4555 val_f1_weighted=0.5065 val_prec_macro=0.4695 val_rec_macro=0.4495 val_metric_name=acc val_metric=0.5122
Step 1000 | loss 0.6792 | val_acc=0.5182 val_loss=1.6195 val_f1_macro=0.4621 val_f1_weighted=0.5130 val_prec_macro=0.4749 val_rec_macro=0.4556 val_metric_name=acc val_metric=0.5182
Step 1050 | loss 0.6343 | val_acc=0.5192 val_loss=1.6903 val_f1_macro=0.4611 val_f1_weighted=0.5148 val_prec_macro=0.4711 val_rec_macro=0.4560 val_metric_name=acc val_metric=0.5192
Step 1100 | loss 0.5930 | val_acc=0.5216 val_loss=1.7549 val_f1_macro=0.4651 val_f1_weighted=0.5178 val_prec_macro=0.4752 val_rec_macro=0.4595 val_metric_name=acc val_metric=0.5216
Step 1150 | loss 0.5649 | val_acc=0.5239 val_loss=1.8097 val_f1_macro=0.4680 val_f1_weighted=0.5206 val_prec_macro=0.4757 val_rec_macro=0.4638 val_metric_name=acc val_metric=0.5239
Step 1200 | loss 0.5330 | val_acc=0.5213 val_loss=1.8744 val_f1_macro=0.4666 val_f1_weighted=0.5191 val_prec_macro=0.4702 val_rec_macro=0.4651 val_metric_name=acc val_metric=0.5213
Step 1250 | loss 0.4959 | val_acc=0.5256 val_loss=1.9340 val_f1_macro=0.4688 val_f1_weighted=0.5232 val_prec_macro=0.4740 val_rec_macro=0.4662 val_metric_name=acc val_metric=0.5256
Step 1300 | loss 0.4684 | val_acc=0.5249 val_loss=2.0013 val_f1_macro=0.4694 val_f1_weighted=0.5221 val_prec_macro=0.4768 val_rec_macro=0.4656 val_metric_name=acc val_metric=0.5249
Step 1350 | loss 0.4275 | val_acc=0.5228 val_loss=2.0718 val_f1_macro=0.4691 val_f1_weighted=0.5214 val_prec_macro=0.4714 val_rec_macro=0.4681 val_metric_name=acc val_metric=0.5228
Step 1400 | loss 0.4044 | val_acc=0.5252 val_loss=2.1284 val_f1_macro=0.4675 val_f1_weighted=0.5237 val_prec_macro=0.4696 val_rec_macro=0.4668 val_metric_name=acc val_metric=0.5252
Step 1450 | loss 0.3730 | val_acc=0.5267 val_loss=2.1938 val_f1_macro=0.4702 val_f1_weighted=0.5246 val_prec_macro=0.4749 val_rec_macro=0.4680 val_metric_name=acc val_metric=0.5267
Step 1500 | loss 0.3567 | val_acc=0.5259 val_loss=2.2489 val_f1_macro=0.4696 val_f1_weighted=0.5245 val_prec_macro=0.4716 val_rec_macro=0.4692 val_metric_name=acc val_metric=0.5259
Step 1550 | loss 0.3272 | val_acc=0.5254 val_loss=2.3307 val_f1_macro=0.4681 val_f1_weighted=0.5238 val_prec_macro=0.4706 val_rec_macro=0.4671 val_metric_name=acc val_metric=0.5254
Step 1600 | loss 0.3045 | val_acc=0.5262 val_loss=2.3837 val_f1_macro=0.4701 val_f1_weighted=0.5245 val_prec_macro=0.4737 val_rec_macro=0.4681 val_metric_name=acc val_metric=0.5262
Step 1650 | loss 0.2848 | val_acc=0.5254 val_loss=2.4598 val_f1_macro=0.4694 val_f1_weighted=0.5243 val_prec_macro=0.4711 val_rec_macro=0.4686 val_metric_name=acc val_metric=0.5254
Step 1700 | loss 0.2675 | val_acc=0.5278 val_loss=2.5124 val_f1_macro=0.4708 val_f1_weighted=0.5262 val_prec_macro=0.4750 val_rec_macro=0.4680 val_metric_name=acc val_metric=0.5278
Step 1750 | loss 0.2568 | val_acc=0.5270 val_loss=2.5641 val_f1_macro=0.4709 val_f1_weighted=0.5259 val_prec_macro=0.4732 val_rec_macro=0.4693 val_metric_name=acc val_metric=0.5270
Step 1800 | loss 0.2338 | val_acc=0.5260 val_loss=2.6179 val_f1_macro=0.4692 val_f1_weighted=0.5247 val_prec_macro=0.4720 val_rec_macro=0.4678 val_metric_name=acc val_metric=0.5260
Step 1850 | loss 0.2155 | val_acc=0.5283 val_loss=2.6904 val_f1_macro=0.4721 val_f1_weighted=0.5269 val_prec_macro=0.4751 val_rec_macro=0.4707 val_metric_name=acc val_metric=0.5283
Step 1900 | loss 0.2098 | val_acc=0.5274 val_loss=2.7362 val_f1_macro=0.4723 val_f1_weighted=0.5260 val_prec_macro=0.4754 val_rec_macro=0.4702 val_metric_name=acc val_metric=0.5274
Step 1950 | loss 0.1880 | val_acc=0.5256 val_loss=2.8162 val_f1_macro=0.4686 val_f1_weighted=0.5247 val_prec_macro=0.4702 val_rec_macro=0.4677 val_metric_name=acc val_metric=0.5256
Step 2000 | loss 0.1890 | val_acc=0.5277 val_loss=2.8497 val_f1_macro=0.4709 val_f1_weighted=0.5268 val_prec_macro=0.4721 val_rec_macro=0.4704 val_metric_name=acc val_metric=0.5277
Step 2050 | loss 0.1742 | val_acc=0.5262 val_loss=2.8889 val_f1_macro=0.4687 val_f1_weighted=0.5252 val_prec_macro=0.4699 val_rec_macro=0.4686 val_metric_name=acc val_metric=0.5262
Step 2100 | loss 0.1617 | val_acc=0.5278 val_loss=2.9143 val_f1_macro=0.4733 val_f1_weighted=0.5268 val_prec_macro=0.4761 val_rec_macro=0.4711 val_metric_name=acc val_metric=0.5278
Step 2150 | loss 0.1591 | val_acc=0.5300 val_loss=2.9763 val_f1_macro=0.4740 val_f1_weighted=0.5288 val_prec_macro=0.4770 val_rec_macro=0.4717 val_metric_name=acc val_metric=0.5300
Step 2200 | loss 0.1451 | val_acc=0.5321 val_loss=3.0188 val_f1_macro=0.4750 val_f1_weighted=0.5301 val_prec_macro=0.4806 val_rec_macro=0.4713 val_metric_name=acc val_metric=0.5321
Step 2250 | loss 0.1389 | val_acc=0.5300 val_loss=3.0565 val_f1_macro=0.4749 val_f1_weighted=0.5291 val_prec_macro=0.4767 val_rec_macro=0.4737 val_metric_name=acc val_metric=0.5300
Step 2300 | loss 0.1294 | val_acc=0.5319 val_loss=3.1023 val_f1_macro=0.4737 val_f1_weighted=0.5309 val_prec_macro=0.4764 val_rec_macro=0.4719 val_metric_name=acc val_metric=0.5319
Step 2350 | loss 0.1282 | val_acc=0.5342 val_loss=3.1306 val_f1_macro=0.4767 val_f1_weighted=0.5333 val_prec_macro=0.4788 val_rec_macro=0.4753 val_metric_name=acc val_metric=0.5342
Step 2400 | loss 0.1212 | val_acc=0.5324 val_loss=3.1677 val_f1_macro=0.4755 val_f1_weighted=0.5310 val_prec_macro=0.4791 val_rec_macro=0.4730 val_metric_name=acc val_metric=0.5324
Step 2450 | loss 0.1086 | val_acc=0.5365 val_loss=3.1965 val_f1_macro=0.4786 val_f1_weighted=0.5350 val_prec_macro=0.4828 val_rec_macro=0.4755 val_metric_name=acc val_metric=0.5365
Step 2500 | loss 0.1043 | val_acc=0.5337 val_loss=3.2345 val_f1_macro=0.4768 val_f1_weighted=0.5330 val_prec_macro=0.4783 val_rec_macro=0.4762 val_metric_name=acc val_metric=0.5337
Step 2550 | loss 0.1042 | val_acc=0.5332 val_loss=3.2832 val_f1_macro=0.4776 val_f1_weighted=0.5321 val_prec_macro=0.4808 val_rec_macro=0.4751 val_metric_name=acc val_metric=0.5332
Step 2600 | loss 0.0950 | val_acc=0.5357 val_loss=3.3180 val_f1_macro=0.4777 val_f1_weighted=0.5347 val_prec_macro=0.4804 val_rec_macro=0.4759 val_metric_name=acc val_metric=0.5357
Step 2650 | loss 0.0949 | val_acc=0.5355 val_loss=3.3365 val_f1_macro=0.4781 val_f1_weighted=0.5343 val_prec_macro=0.4818 val_rec_macro=0.4752 val_metric_name=acc val_metric=0.5355
Step 2700 | loss 0.0983 | val_acc=0.5360 val_loss=3.3816 val_f1_macro=0.4802 val_f1_weighted=0.5353 val_prec_macro=0.4809 val_rec_macro=0.4801 val_metric_name=acc val_metric=0.5360
Step 2750 | loss 0.0858 | val_acc=0.5347 val_loss=3.4273 val_f1_macro=0.4780 val_f1_weighted=0.5336 val_prec_macro=0.4810 val_rec_macro=0.4755 val_metric_name=acc val_metric=0.5347
Step 2800 | loss 0.0776 | val_acc=0.5375 val_loss=3.4202 val_f1_macro=0.4803 val_f1_weighted=0.5363 val_prec_macro=0.4841 val_rec_macro=0.4774 val_metric_name=acc val_metric=0.5375
Step 2850 | loss 0.0799 | val_acc=0.5355 val_loss=3.4602 val_f1_macro=0.4803 val_f1_weighted=0.5345 val_prec_macro=0.4827 val_rec_macro=0.4785 val_metric_name=acc val_metric=0.5355
Step 2900 | loss 0.0770 | val_acc=0.5355 val_loss=3.4663 val_f1_macro=0.4780 val_f1_weighted=0.5342 val_prec_macro=0.4820 val_rec_macro=0.4750 val_metric_name=acc val_metric=0.5355
Step 2950 | loss 0.0744 | val_acc=0.5360 val_loss=3.5080 val_f1_macro=0.4795 val_f1_weighted=0.5346 val_prec_macro=0.4847 val_rec_macro=0.4759 val_metric_name=acc val_metric=0.5360
Step 3000 | loss 0.0713 | val_acc=0.5355 val_loss=3.5230 val_f1_macro=0.4794 val_f1_weighted=0.5343 val_prec_macro=0.4830 val_rec_macro=0.4765 val_metric_name=acc val_metric=0.5355
Step 3050 | loss 0.0681 | val_acc=0.5352 val_loss=3.5593 val_f1_macro=0.4781 val_f1_weighted=0.5344 val_prec_macro=0.4798 val_rec_macro=0.4767 val_metric_name=acc val_metric=0.5352
Step 3100 | loss 0.0663 | val_acc=0.5362 val_loss=3.5805 val_f1_macro=0.4799 val_f1_weighted=0.5351 val_prec_macro=0.4831 val_rec_macro=0.4775 val_metric_name=acc val_metric=0.5362
Step 3150 | loss 0.0600 | val_acc=0.5341 val_loss=3.6033 val_f1_macro=0.4777 val_f1_weighted=0.5332 val_prec_macro=0.4802 val_rec_macro=0.4759 val_metric_name=acc val_metric=0.5341
Step 3200 | loss 0.0614 | val_acc=0.5358 val_loss=3.6214 val_f1_macro=0.4825 val_f1_weighted=0.5350 val_prec_macro=0.4855 val_rec_macro=0.4800 val_metric_name=acc val_metric=0.5358
Step 3250 | loss 0.0613 | val_acc=0.5365 val_loss=3.6420 val_f1_macro=0.4816 val_f1_weighted=0.5354 val_prec_macro=0.4857 val_rec_macro=0.4782 val_metric_name=acc val_metric=0.5365
Step 3300 | loss 0.0577 | val_acc=0.5363 val_loss=3.6716 val_f1_macro=0.4824 val_f1_weighted=0.5354 val_prec_macro=0.4856 val_rec_macro=0.4797 val_metric_name=acc val_metric=0.5363
Step 3350 | loss 0.0551 | val_acc=0.5370 val_loss=3.7007 val_f1_macro=0.4826 val_f1_weighted=0.5359 val_prec_macro=0.4860 val_rec_macro=0.4798 val_metric_name=acc val_metric=0.5370
Step 3400 | loss 0.0554 | val_acc=0.5365 val_loss=3.7211 val_f1_macro=0.4793 val_f1_weighted=0.5350 val_prec_macro=0.4850 val_rec_macro=0.4746 val_metric_name=acc val_metric=0.5365
Step 3450 | loss 0.0524 | val_acc=0.5360 val_loss=3.7452 val_f1_macro=0.4801 val_f1_weighted=0.5350 val_prec_macro=0.4837 val_rec_macro=0.4771 val_metric_name=acc val_metric=0.5360
Step 3500 | loss 0.0456 | val_acc=0.5370 val_loss=3.7606 val_f1_macro=0.4817 val_f1_weighted=0.5357 val_prec_macro=0.4870 val_rec_macro=0.4773 val_metric_name=acc val_metric=0.5370
Step 3550 | loss 0.0506 | val_acc=0.5358 val_loss=3.7759 val_f1_macro=0.4791 val_f1_weighted=0.5348 val_prec_macro=0.4825 val_rec_macro=0.4766 val_metric_name=acc val_metric=0.5358
Step 3600 | loss 0.0461 | val_acc=0.5355 val_loss=3.7917 val_f1_macro=0.4799 val_f1_weighted=0.5346 val_prec_macro=0.4829 val_rec_macro=0.4775 val_metric_name=acc val_metric=0.5355
Step 3650 | loss 0.0416 | val_acc=0.5342 val_loss=3.8158 val_f1_macro=0.4804 val_f1_weighted=0.5331 val_prec_macro=0.4840 val_rec_macro=0.4776 val_metric_name=acc val_metric=0.5342
Early stopping at step 3680

--- Final (best ckpt @ step 3380) ---
  train_acc=0.9988 train_loss=0.0036 train_f1_macro=0.9987 train_f1_weighted=0.9988 train_prec_macro=0.9982 train_rec_macro=0.9992 train_metric_name=acc train_metric=0.9988
  val_acc=0.5396 val_loss=3.6959 val_f1_macro=0.4820 val_f1_weighted=0.5381 val_prec_macro=0.4873 val_rec_macro=0.4777 val_metric_name=acc val_metric=0.5396
  test_acc=0.5370 test_loss=3.7021 test_f1_macro=0.4747 test_f1_weighted=0.5358 test_prec_macro=0.4789 test_rec_macro=0.4712 test_metric_name=acc test_metric=0.5370
  test_acc=0.5370

============================================================
Training amazon-ratings GT 5L h=384 lr=6e-05 split=2
============================================================
Training for 5000 steps
Step    1 | loss 1.5611 | val_acc=0.3670 val_loss=1.5596 val_f1_macro=0.1077 val_f1_weighted=0.1978 val_prec_macro=0.0985 val_rec_macro=0.1996 val_metric_name=acc val_metric=0.3670
Step   50 | loss 1.3650 | val_acc=0.4088 val_loss=1.3550 val_f1_macro=0.2087 val_f1_weighted=0.3292 val_prec_macro=0.2282 val_rec_macro=0.2500 val_metric_name=acc val_metric=0.4088
Step  100 | loss 1.3017 | val_acc=0.4313 val_loss=1.3334 val_f1_macro=0.2605 val_f1_weighted=0.3781 val_prec_macro=0.5421 val_rec_macro=0.2872 val_metric_name=acc val_metric=0.4313
Step  150 | loss 1.2442 | val_acc=0.4530 val_loss=1.3145 val_f1_macro=0.3073 val_f1_weighted=0.4150 val_prec_macro=0.4565 val_rec_macro=0.3147 val_metric_name=acc val_metric=0.4530
Step  200 | loss 1.1841 | val_acc=0.4677 val_loss=1.3141 val_f1_macro=0.3428 val_f1_weighted=0.4368 val_prec_macro=0.4475 val_rec_macro=0.3398 val_metric_name=acc val_metric=0.4677
Step  250 | loss 1.1226 | val_acc=0.4730 val_loss=1.3104 val_f1_macro=0.3791 val_f1_weighted=0.4558 val_prec_macro=0.4308 val_rec_macro=0.3696 val_metric_name=acc val_metric=0.4730
Step  300 | loss 1.0776 | val_acc=0.4815 val_loss=1.3217 val_f1_macro=0.3933 val_f1_weighted=0.4635 val_prec_macro=0.4451 val_rec_macro=0.3843 val_metric_name=acc val_metric=0.4815
Step  350 | loss 1.0245 | val_acc=0.4870 val_loss=1.3438 val_f1_macro=0.4112 val_f1_weighted=0.4721 val_prec_macro=0.4670 val_rec_macro=0.3990 val_metric_name=acc val_metric=0.4870
Step  400 | loss 0.9577 | val_acc=0.4962 val_loss=1.3597 val_f1_macro=0.4300 val_f1_weighted=0.4847 val_prec_macro=0.4667 val_rec_macro=0.4180 val_metric_name=acc val_metric=0.4962
Step  450 | loss 0.8924 | val_acc=0.5032 val_loss=1.3999 val_f1_macro=0.4400 val_f1_weighted=0.4945 val_prec_macro=0.4698 val_rec_macro=0.4287 val_metric_name=acc val_metric=0.5032
Step  500 | loss 0.8280 | val_acc=0.5084 val_loss=1.4548 val_f1_macro=0.4472 val_f1_weighted=0.4995 val_prec_macro=0.4763 val_rec_macro=0.4366 val_metric_name=acc val_metric=0.5084
Step  550 | loss 0.7567 | val_acc=0.5110 val_loss=1.5325 val_f1_macro=0.4507 val_f1_weighted=0.5044 val_prec_macro=0.4666 val_rec_macro=0.4468 val_metric_name=acc val_metric=0.5110
Step  600 | loss 0.6835 | val_acc=0.5127 val_loss=1.6209 val_f1_macro=0.4563 val_f1_weighted=0.5081 val_prec_macro=0.4691 val_rec_macro=0.4494 val_metric_name=acc val_metric=0.5127
Step  650 | loss 0.6140 | val_acc=0.5174 val_loss=1.7189 val_f1_macro=0.4587 val_f1_weighted=0.5128 val_prec_macro=0.4708 val_rec_macro=0.4526 val_metric_name=acc val_metric=0.5174
Step  700 | loss 0.5467 | val_acc=0.5244 val_loss=1.8389 val_f1_macro=0.4669 val_f1_weighted=0.5212 val_prec_macro=0.4762 val_rec_macro=0.4619 val_metric_name=acc val_metric=0.5244
Step  750 | loss 0.4893 | val_acc=0.5270 val_loss=1.9487 val_f1_macro=0.4680 val_f1_weighted=0.5245 val_prec_macro=0.4736 val_rec_macro=0.4659 val_metric_name=acc val_metric=0.5270
Step  800 | loss 0.4354 | val_acc=0.5296 val_loss=2.0662 val_f1_macro=0.4728 val_f1_weighted=0.5278 val_prec_macro=0.4775 val_rec_macro=0.4701 val_metric_name=acc val_metric=0.5296
Step  850 | loss 0.3822 | val_acc=0.5257 val_loss=2.1825 val_f1_macro=0.4693 val_f1_weighted=0.5239 val_prec_macro=0.4750 val_rec_macro=0.4653 val_metric_name=acc val_metric=0.5257
Step  900 | loss 0.3256 | val_acc=0.5274 val_loss=2.2936 val_f1_macro=0.4710 val_f1_weighted=0.5257 val_prec_macro=0.4756 val_rec_macro=0.4676 val_metric_name=acc val_metric=0.5274
Step  950 | loss 0.2899 | val_acc=0.5282 val_loss=2.4184 val_f1_macro=0.4724 val_f1_weighted=0.5272 val_prec_macro=0.4751 val_rec_macro=0.4710 val_metric_name=acc val_metric=0.5282
Step 1000 | loss 0.2635 | val_acc=0.5278 val_loss=2.4949 val_f1_macro=0.4719 val_f1_weighted=0.5265 val_prec_macro=0.4753 val_rec_macro=0.4692 val_metric_name=acc val_metric=0.5278
Step 1050 | loss 0.2259 | val_acc=0.5296 val_loss=2.6234 val_f1_macro=0.4731 val_f1_weighted=0.5277 val_prec_macro=0.4785 val_rec_macro=0.4692 val_metric_name=acc val_metric=0.5296
Step 1100 | loss 0.1950 | val_acc=0.5257 val_loss=2.7480 val_f1_macro=0.4694 val_f1_weighted=0.5243 val_prec_macro=0.4742 val_rec_macro=0.4656 val_metric_name=acc val_metric=0.5257
Step 1150 | loss 0.1839 | val_acc=0.5296 val_loss=2.8099 val_f1_macro=0.4735 val_f1_weighted=0.5284 val_prec_macro=0.4774 val_rec_macro=0.4702 val_metric_name=acc val_metric=0.5296
Step 1200 | loss 0.1637 | val_acc=0.5278 val_loss=2.8864 val_f1_macro=0.4728 val_f1_weighted=0.5266 val_prec_macro=0.4780 val_rec_macro=0.4685 val_metric_name=acc val_metric=0.5278
Step 1250 | loss 0.1478 | val_acc=0.5326 val_loss=2.9703 val_f1_macro=0.4775 val_f1_weighted=0.5314 val_prec_macro=0.4828 val_rec_macro=0.4735 val_metric_name=acc val_metric=0.5326
Step 1300 | loss 0.1417 | val_acc=0.5318 val_loss=3.0269 val_f1_macro=0.4744 val_f1_weighted=0.5302 val_prec_macro=0.4813 val_rec_macro=0.4697 val_metric_name=acc val_metric=0.5318
Step 1350 | loss 0.1217 | val_acc=0.5318 val_loss=3.1099 val_f1_macro=0.4762 val_f1_weighted=0.5308 val_prec_macro=0.4793 val_rec_macro=0.4736 val_metric_name=acc val_metric=0.5318
Step 1400 | loss 0.1076 | val_acc=0.5313 val_loss=3.1635 val_f1_macro=0.4761 val_f1_weighted=0.5299 val_prec_macro=0.4814 val_rec_macro=0.4719 val_metric_name=acc val_metric=0.5313
Step 1450 | loss 0.0995 | val_acc=0.5306 val_loss=3.2226 val_f1_macro=0.4743 val_f1_weighted=0.5289 val_prec_macro=0.4805 val_rec_macro=0.4693 val_metric_name=acc val_metric=0.5306
Step 1500 | loss 0.1001 | val_acc=0.5292 val_loss=3.2568 val_f1_macro=0.4733 val_f1_weighted=0.5280 val_prec_macro=0.4766 val_rec_macro=0.4708 val_metric_name=acc val_metric=0.5292
Step 1550 | loss 0.0871 | val_acc=0.5318 val_loss=3.3319 val_f1_macro=0.4763 val_f1_weighted=0.5305 val_prec_macro=0.4817 val_rec_macro=0.4721 val_metric_name=acc val_metric=0.5318
Step 1600 | loss 0.0761 | val_acc=0.5327 val_loss=3.3661 val_f1_macro=0.4751 val_f1_weighted=0.5315 val_prec_macro=0.4799 val_rec_macro=0.4715 val_metric_name=acc val_metric=0.5327
Step 1650 | loss 0.0726 | val_acc=0.5344 val_loss=3.4115 val_f1_macro=0.4789 val_f1_weighted=0.5331 val_prec_macro=0.4846 val_rec_macro=0.4742 val_metric_name=acc val_metric=0.5344
Step 1700 | loss 0.0700 | val_acc=0.5354 val_loss=3.4650 val_f1_macro=0.4803 val_f1_weighted=0.5336 val_prec_macro=0.4880 val_rec_macro=0.4742 val_metric_name=acc val_metric=0.5354
Step 1750 | loss 0.0660 | val_acc=0.5334 val_loss=3.5003 val_f1_macro=0.4782 val_f1_weighted=0.5322 val_prec_macro=0.4829 val_rec_macro=0.4742 val_metric_name=acc val_metric=0.5334
Step 1800 | loss 0.0614 | val_acc=0.5345 val_loss=3.5185 val_f1_macro=0.4809 val_f1_weighted=0.5333 val_prec_macro=0.4865 val_rec_macro=0.4765 val_metric_name=acc val_metric=0.5345
Step 1850 | loss 0.0551 | val_acc=0.5380 val_loss=3.5609 val_f1_macro=0.4817 val_f1_weighted=0.5361 val_prec_macro=0.4891 val_rec_macro=0.4761 val_metric_name=acc val_metric=0.5380
Step 1900 | loss 0.0550 | val_acc=0.5319 val_loss=3.6121 val_f1_macro=0.4798 val_f1_weighted=0.5309 val_prec_macro=0.4850 val_rec_macro=0.4755 val_metric_name=acc val_metric=0.5319
Step 1950 | loss 0.0519 | val_acc=0.5341 val_loss=3.6606 val_f1_macro=0.4798 val_f1_weighted=0.5331 val_prec_macro=0.4834 val_rec_macro=0.4766 val_metric_name=acc val_metric=0.5341
Step 2000 | loss 0.0543 | val_acc=0.5349 val_loss=3.6621 val_f1_macro=0.4802 val_f1_weighted=0.5336 val_prec_macro=0.4857 val_rec_macro=0.4757 val_metric_name=acc val_metric=0.5349
Step 2050 | loss 0.0439 | val_acc=0.5327 val_loss=3.7262 val_f1_macro=0.4767 val_f1_weighted=0.5319 val_prec_macro=0.4788 val_rec_macro=0.4753 val_metric_name=acc val_metric=0.5327
Step 2100 | loss 0.0459 | val_acc=0.5345 val_loss=3.7213 val_f1_macro=0.4812 val_f1_weighted=0.5331 val_prec_macro=0.4886 val_rec_macro=0.4754 val_metric_name=acc val_metric=0.5345
Step 2150 | loss 0.0399 | val_acc=0.5404 val_loss=3.7546 val_f1_macro=0.4857 val_f1_weighted=0.5387 val_prec_macro=0.4935 val_rec_macro=0.4794 val_metric_name=acc val_metric=0.5404
Step 2200 | loss 0.0385 | val_acc=0.5394 val_loss=3.7841 val_f1_macro=0.4850 val_f1_weighted=0.5380 val_prec_macro=0.4912 val_rec_macro=0.4803 val_metric_name=acc val_metric=0.5394
Step 2250 | loss 0.0382 | val_acc=0.5386 val_loss=3.8075 val_f1_macro=0.4845 val_f1_weighted=0.5369 val_prec_macro=0.4920 val_rec_macro=0.4784 val_metric_name=acc val_metric=0.5386
Step 2300 | loss 0.0315 | val_acc=0.5403 val_loss=3.8394 val_f1_macro=0.4846 val_f1_weighted=0.5390 val_prec_macro=0.4889 val_rec_macro=0.4815 val_metric_name=acc val_metric=0.5403
Step 2350 | loss 0.0383 | val_acc=0.5411 val_loss=3.8468 val_f1_macro=0.4850 val_f1_weighted=0.5393 val_prec_macro=0.4925 val_rec_macro=0.4789 val_metric_name=acc val_metric=0.5411
Step 2400 | loss 0.0322 | val_acc=0.5401 val_loss=3.8929 val_f1_macro=0.4869 val_f1_weighted=0.5384 val_prec_macro=0.4937 val_rec_macro=0.4817 val_metric_name=acc val_metric=0.5401
Step 2450 | loss 0.0283 | val_acc=0.5419 val_loss=3.9001 val_f1_macro=0.4870 val_f1_weighted=0.5401 val_prec_macro=0.4945 val_rec_macro=0.4809 val_metric_name=acc val_metric=0.5419
Step 2500 | loss 0.0297 | val_acc=0.5391 val_loss=3.9093 val_f1_macro=0.4870 val_f1_weighted=0.5379 val_prec_macro=0.4926 val_rec_macro=0.4825 val_metric_name=acc val_metric=0.5391
Step 2550 | loss 0.0323 | val_acc=0.5440 val_loss=3.9763 val_f1_macro=0.4902 val_f1_weighted=0.5425 val_prec_macro=0.4978 val_rec_macro=0.4842 val_metric_name=acc val_metric=0.5440
Step 2600 | loss 0.0283 | val_acc=0.5421 val_loss=3.9771 val_f1_macro=0.4847 val_f1_weighted=0.5407 val_prec_macro=0.4905 val_rec_macro=0.4801 val_metric_name=acc val_metric=0.5421
Step 2650 | loss 0.0260 | val_acc=0.5430 val_loss=3.9737 val_f1_macro=0.4874 val_f1_weighted=0.5411 val_prec_macro=0.4973 val_rec_macro=0.4800 val_metric_name=acc val_metric=0.5430
Step 2700 | loss 0.0284 | val_acc=0.5407 val_loss=4.0076 val_f1_macro=0.4864 val_f1_weighted=0.5392 val_prec_macro=0.4932 val_rec_macro=0.4811 val_metric_name=acc val_metric=0.5407
Step 2750 | loss 0.0268 | val_acc=0.5404 val_loss=4.0420 val_f1_macro=0.4841 val_f1_weighted=0.5389 val_prec_macro=0.4910 val_rec_macro=0.4784 val_metric_name=acc val_metric=0.5404
Step 2800 | loss 0.0212 | val_acc=0.5427 val_loss=4.0481 val_f1_macro=0.4865 val_f1_weighted=0.5411 val_prec_macro=0.4930 val_rec_macro=0.4813 val_metric_name=acc val_metric=0.5427
Step 2850 | loss 0.0218 | val_acc=0.5427 val_loss=4.0921 val_f1_macro=0.4883 val_f1_weighted=0.5414 val_prec_macro=0.4937 val_rec_macro=0.4844 val_metric_name=acc val_metric=0.5427
Step 2900 | loss 0.0220 | val_acc=0.5414 val_loss=4.0869 val_f1_macro=0.4881 val_f1_weighted=0.5400 val_prec_macro=0.4952 val_rec_macro=0.4825 val_metric_name=acc val_metric=0.5414
Step 2950 | loss 0.0228 | val_acc=0.5399 val_loss=4.0924 val_f1_macro=0.4856 val_f1_weighted=0.5384 val_prec_macro=0.4941 val_rec_macro=0.4789 val_metric_name=acc val_metric=0.5399
Step 3000 | loss 0.0210 | val_acc=0.5417 val_loss=4.1291 val_f1_macro=0.4875 val_f1_weighted=0.5403 val_prec_macro=0.4947 val_rec_macro=0.4818 val_metric_name=acc val_metric=0.5417
Step 3050 | loss 0.0187 | val_acc=0.5411 val_loss=4.1700 val_f1_macro=0.4874 val_f1_weighted=0.5396 val_prec_macro=0.4947 val_rec_macro=0.4816 val_metric_name=acc val_metric=0.5411
Step 3100 | loss 0.0205 | val_acc=0.5424 val_loss=4.1672 val_f1_macro=0.4881 val_f1_weighted=0.5408 val_prec_macro=0.4948 val_rec_macro=0.4825 val_metric_name=acc val_metric=0.5424
Step 3150 | loss 0.0182 | val_acc=0.5432 val_loss=4.1989 val_f1_macro=0.4869 val_f1_weighted=0.5418 val_prec_macro=0.4934 val_rec_macro=0.4819 val_metric_name=acc val_metric=0.5432
Step 3200 | loss 0.0175 | val_acc=0.5401 val_loss=4.2056 val_f1_macro=0.4850 val_f1_weighted=0.5389 val_prec_macro=0.4912 val_rec_macro=0.4799 val_metric_name=acc val_metric=0.5401
Step 3250 | loss 0.0177 | val_acc=0.5453 val_loss=4.2165 val_f1_macro=0.4906 val_f1_weighted=0.5434 val_prec_macro=0.4999 val_rec_macro=0.4835 val_metric_name=acc val_metric=0.5453
Step 3300 | loss 0.0176 | val_acc=0.5471 val_loss=4.2054 val_f1_macro=0.4934 val_f1_weighted=0.5454 val_prec_macro=0.5020 val_rec_macro=0.4865 val_metric_name=acc val_metric=0.5471
Step 3350 | loss 0.0150 | val_acc=0.5427 val_loss=4.2327 val_f1_macro=0.4880 val_f1_weighted=0.5408 val_prec_macro=0.4973 val_rec_macro=0.4807 val_metric_name=acc val_metric=0.5427
Step 3400 | loss 0.0177 | val_acc=0.5435 val_loss=4.2919 val_f1_macro=0.4879 val_f1_weighted=0.5420 val_prec_macro=0.4953 val_rec_macro=0.4819 val_metric_name=acc val_metric=0.5435
Step 3450 | loss 0.0175 | val_acc=0.5447 val_loss=4.2855 val_f1_macro=0.4895 val_f1_weighted=0.5432 val_prec_macro=0.4956 val_rec_macro=0.4847 val_metric_name=acc val_metric=0.5447
Step 3500 | loss 0.0140 | val_acc=0.5447 val_loss=4.3241 val_f1_macro=0.4885 val_f1_weighted=0.5432 val_prec_macro=0.4955 val_rec_macro=0.4828 val_metric_name=acc val_metric=0.5447
Step 3550 | loss 0.0167 | val_acc=0.5445 val_loss=4.3096 val_f1_macro=0.4901 val_f1_weighted=0.5430 val_prec_macro=0.4976 val_rec_macro=0.4841 val_metric_name=acc val_metric=0.5445
Step 3600 | loss 0.0151 | val_acc=0.5429 val_loss=4.3222 val_f1_macro=0.4890 val_f1_weighted=0.5413 val_prec_macro=0.4992 val_rec_macro=0.4815 val_metric_name=acc val_metric=0.5429
Early stopping at step 3601

--- Final (best ckpt @ step 3300) ---
  train_acc=0.9998 train_loss=0.0007 train_f1_macro=0.9998 train_f1_weighted=0.9998 train_prec_macro=0.9998 train_rec_macro=0.9998 train_metric_name=acc train_metric=0.9998
  val_acc=0.5471 val_loss=4.2054 val_f1_macro=0.4934 val_f1_weighted=0.5454 val_prec_macro=0.5020 val_rec_macro=0.4865 val_metric_name=acc val_metric=0.5471
  test_acc=0.5404 test_loss=4.2549 test_f1_macro=0.4803 test_f1_weighted=0.5389 test_prec_macro=0.4873 test_rec_macro=0.4749 test_metric_name=acc test_metric=0.5404
  test_acc=0.5404

============================================================
Training amazon-ratings GT 5L h=384 lr=0.0001 split=2
============================================================
Training for 5000 steps
Step    1 | loss 1.5611 | val_acc=0.3675 val_loss=1.7583 val_f1_macro=0.1085 val_f1_weighted=0.1988 val_prec_macro=0.1402 val_rec_macro=0.2000 val_metric_name=acc val_metric=0.3675
Step   50 | loss 1.3644 | val_acc=0.4070 val_loss=1.3585 val_f1_macro=0.2110 val_f1_weighted=0.3312 val_prec_macro=0.2326 val_rec_macro=0.2496 val_metric_name=acc val_metric=0.4070
Step  100 | loss 1.2791 | val_acc=0.4272 val_loss=1.3165 val_f1_macro=0.2945 val_f1_weighted=0.4057 val_prec_macro=0.4441 val_rec_macro=0.2996 val_metric_name=acc val_metric=0.4272
Step  150 | loss 1.1969 | val_acc=0.4633 val_loss=1.2979 val_f1_macro=0.3423 val_f1_weighted=0.4373 val_prec_macro=0.4540 val_rec_macro=0.3406 val_metric_name=acc val_metric=0.4633
Step  200 | loss 1.1240 | val_acc=0.4722 val_loss=1.3064 val_f1_macro=0.3796 val_f1_weighted=0.4548 val_prec_macro=0.4324 val_rec_macro=0.3713 val_metric_name=acc val_metric=0.4722
Step  250 | loss 1.0312 | val_acc=0.4802 val_loss=1.3236 val_f1_macro=0.3984 val_f1_weighted=0.4676 val_prec_macro=0.4416 val_rec_macro=0.3867 val_metric_name=acc val_metric=0.4802
Step  300 | loss 0.9603 | val_acc=0.4950 val_loss=1.3646 val_f1_macro=0.4292 val_f1_weighted=0.4834 val_prec_macro=0.4710 val_rec_macro=0.4201 val_metric_name=acc val_metric=0.4950
Step  350 | loss 0.8564 | val_acc=0.5086 val_loss=1.4283 val_f1_macro=0.4427 val_f1_weighted=0.4991 val_prec_macro=0.4754 val_rec_macro=0.4311 val_metric_name=acc val_metric=0.5086
Step  400 | loss 0.7455 | val_acc=0.5055 val_loss=1.5536 val_f1_macro=0.4504 val_f1_weighted=0.4997 val_prec_macro=0.4659 val_rec_macro=0.4467 val_metric_name=acc val_metric=0.5055
Step  450 | loss 0.6334 | val_acc=0.5198 val_loss=1.7013 val_f1_macro=0.4616 val_f1_weighted=0.5143 val_prec_macro=0.4852 val_rec_macro=0.4496 val_metric_name=acc val_metric=0.5198
Step  500 | loss 0.5366 | val_acc=0.5244 val_loss=1.8508 val_f1_macro=0.4635 val_f1_weighted=0.5199 val_prec_macro=0.4770 val_rec_macro=0.4589 val_metric_name=acc val_metric=0.5244
Step  550 | loss 0.4455 | val_acc=0.5285 val_loss=2.0465 val_f1_macro=0.4711 val_f1_weighted=0.5255 val_prec_macro=0.4798 val_rec_macro=0.4670 val_metric_name=acc val_metric=0.5285
Step  600 | loss 0.3722 | val_acc=0.5323 val_loss=2.2320 val_f1_macro=0.4775 val_f1_weighted=0.5297 val_prec_macro=0.4881 val_rec_macro=0.4714 val_metric_name=acc val_metric=0.5323
Step  650 | loss 0.3006 | val_acc=0.5339 val_loss=2.3771 val_f1_macro=0.4788 val_f1_weighted=0.5320 val_prec_macro=0.4856 val_rec_macro=0.4745 val_metric_name=acc val_metric=0.5339
Step  700 | loss 0.2574 | val_acc=0.5285 val_loss=2.5214 val_f1_macro=0.4731 val_f1_weighted=0.5268 val_prec_macro=0.4792 val_rec_macro=0.4684 val_metric_name=acc val_metric=0.5285
Step  750 | loss 0.2137 | val_acc=0.5313 val_loss=2.6793 val_f1_macro=0.4771 val_f1_weighted=0.5293 val_prec_macro=0.4834 val_rec_macro=0.4730 val_metric_name=acc val_metric=0.5313
Step  800 | loss 0.1739 | val_acc=0.5311 val_loss=2.8310 val_f1_macro=0.4774 val_f1_weighted=0.5296 val_prec_macro=0.4830 val_rec_macro=0.4732 val_metric_name=acc val_metric=0.5311
Step  850 | loss 0.1531 | val_acc=0.5347 val_loss=2.9182 val_f1_macro=0.4815 val_f1_weighted=0.5328 val_prec_macro=0.4888 val_rec_macro=0.4762 val_metric_name=acc val_metric=0.5347
Step  900 | loss 0.1264 | val_acc=0.5378 val_loss=3.0416 val_f1_macro=0.4855 val_f1_weighted=0.5357 val_prec_macro=0.4935 val_rec_macro=0.4791 val_metric_name=acc val_metric=0.5378
Step  950 | loss 0.1093 | val_acc=0.5362 val_loss=3.1136 val_f1_macro=0.4827 val_f1_weighted=0.5342 val_prec_macro=0.4906 val_rec_macro=0.4768 val_metric_name=acc val_metric=0.5362
Step 1000 | loss 0.1032 | val_acc=0.5345 val_loss=3.1799 val_f1_macro=0.4814 val_f1_weighted=0.5331 val_prec_macro=0.4854 val_rec_macro=0.4791 val_metric_name=acc val_metric=0.5345
Step 1050 | loss 0.0847 | val_acc=0.5349 val_loss=3.2555 val_f1_macro=0.4803 val_f1_weighted=0.5326 val_prec_macro=0.4892 val_rec_macro=0.4735 val_metric_name=acc val_metric=0.5349
Step 1100 | loss 0.0748 | val_acc=0.5332 val_loss=3.3531 val_f1_macro=0.4787 val_f1_weighted=0.5314 val_prec_macro=0.4852 val_rec_macro=0.4738 val_metric_name=acc val_metric=0.5332
Step 1150 | loss 0.0732 | val_acc=0.5337 val_loss=3.4041 val_f1_macro=0.4802 val_f1_weighted=0.5319 val_prec_macro=0.4869 val_rec_macro=0.4746 val_metric_name=acc val_metric=0.5337
Step 1200 | loss 0.0667 | val_acc=0.5324 val_loss=3.4531 val_f1_macro=0.4777 val_f1_weighted=0.5301 val_prec_macro=0.4888 val_rec_macro=0.4692 val_metric_name=acc val_metric=0.5324
Step 1250 | loss 0.0579 | val_acc=0.5337 val_loss=3.4967 val_f1_macro=0.4780 val_f1_weighted=0.5316 val_prec_macro=0.4881 val_rec_macro=0.4707 val_metric_name=acc val_metric=0.5337
Step 1300 | loss 0.0547 | val_acc=0.5370 val_loss=3.5195 val_f1_macro=0.4813 val_f1_weighted=0.5344 val_prec_macro=0.4913 val_rec_macro=0.4739 val_metric_name=acc val_metric=0.5370
Step 1350 | loss 0.0496 | val_acc=0.5358 val_loss=3.5988 val_f1_macro=0.4826 val_f1_weighted=0.5337 val_prec_macro=0.4918 val_rec_macro=0.4754 val_metric_name=acc val_metric=0.5358
Step 1400 | loss 0.0443 | val_acc=0.5394 val_loss=3.6458 val_f1_macro=0.4819 val_f1_weighted=0.5368 val_prec_macro=0.4925 val_rec_macro=0.4743 val_metric_name=acc val_metric=0.5394
Step 1450 | loss 0.0470 | val_acc=0.5386 val_loss=3.6797 val_f1_macro=0.4830 val_f1_weighted=0.5361 val_prec_macro=0.4929 val_rec_macro=0.4752 val_metric_name=acc val_metric=0.5386
Step 1500 | loss 0.0443 | val_acc=0.5393 val_loss=3.7102 val_f1_macro=0.4834 val_f1_weighted=0.5368 val_prec_macro=0.4932 val_rec_macro=0.4762 val_metric_name=acc val_metric=0.5393
Step 1550 | loss 0.0385 | val_acc=0.5370 val_loss=3.7483 val_f1_macro=0.4833 val_f1_weighted=0.5354 val_prec_macro=0.4909 val_rec_macro=0.4772 val_metric_name=acc val_metric=0.5370
Step 1600 | loss 0.0362 | val_acc=0.5406 val_loss=3.7684 val_f1_macro=0.4823 val_f1_weighted=0.5378 val_prec_macro=0.4954 val_rec_macro=0.4734 val_metric_name=acc val_metric=0.5406
Step 1650 | loss 0.0305 | val_acc=0.5372 val_loss=3.8234 val_f1_macro=0.4833 val_f1_weighted=0.5355 val_prec_macro=0.4905 val_rec_macro=0.4775 val_metric_name=acc val_metric=0.5372
Step 1700 | loss 0.0326 | val_acc=0.5406 val_loss=3.8414 val_f1_macro=0.4841 val_f1_weighted=0.5384 val_prec_macro=0.4941 val_rec_macro=0.4766 val_metric_name=acc val_metric=0.5406
Step 1750 | loss 0.0293 | val_acc=0.5363 val_loss=3.8994 val_f1_macro=0.4787 val_f1_weighted=0.5344 val_prec_macro=0.4884 val_rec_macro=0.4715 val_metric_name=acc val_metric=0.5363
Step 1800 | loss 0.0288 | val_acc=0.5412 val_loss=3.9139 val_f1_macro=0.4849 val_f1_weighted=0.5388 val_prec_macro=0.4953 val_rec_macro=0.4771 val_metric_name=acc val_metric=0.5412
Step 1850 | loss 0.0240 | val_acc=0.5404 val_loss=3.9734 val_f1_macro=0.4851 val_f1_weighted=0.5383 val_prec_macro=0.4937 val_rec_macro=0.4788 val_metric_name=acc val_metric=0.5404
Step 1900 | loss 0.0207 | val_acc=0.5349 val_loss=3.9888 val_f1_macro=0.4810 val_f1_weighted=0.5329 val_prec_macro=0.4912 val_rec_macro=0.4733 val_metric_name=acc val_metric=0.5349
Step 1950 | loss 0.0218 | val_acc=0.5378 val_loss=4.0084 val_f1_macro=0.4810 val_f1_weighted=0.5360 val_prec_macro=0.4878 val_rec_macro=0.4756 val_metric_name=acc val_metric=0.5378
Step 2000 | loss 0.0252 | val_acc=0.5363 val_loss=4.0069 val_f1_macro=0.4830 val_f1_weighted=0.5343 val_prec_macro=0.4929 val_rec_macro=0.4754 val_metric_name=acc val_metric=0.5363
Step 2050 | loss 0.0221 | val_acc=0.5350 val_loss=4.0773 val_f1_macro=0.4804 val_f1_weighted=0.5335 val_prec_macro=0.4863 val_rec_macro=0.4756 val_metric_name=acc val_metric=0.5350
Step 2100 | loss 0.0211 | val_acc=0.5383 val_loss=4.0355 val_f1_macro=0.4865 val_f1_weighted=0.5366 val_prec_macro=0.4946 val_rec_macro=0.4800 val_metric_name=acc val_metric=0.5383
Early stopping at step 2110

--- Final (best ckpt @ step 1810) ---
  train_acc=0.9996 train_loss=0.0012 train_f1_macro=0.9996 train_f1_weighted=0.9996 train_prec_macro=0.9996 train_rec_macro=0.9997 train_metric_name=acc train_metric=0.9996
  val_acc=0.5435 val_loss=3.9200 val_f1_macro=0.4880 val_f1_weighted=0.5410 val_prec_macro=0.5001 val_rec_macro=0.4793 val_metric_name=acc val_metric=0.5435
  test_acc=0.5432 test_loss=3.9316 test_f1_macro=0.4811 test_f1_weighted=0.5407 test_prec_macro=0.4924 test_rec_macro=0.4730 test_metric_name=acc test_metric=0.5432
  test_acc=0.5432

============================================================
Training amazon-ratings GT 5L h=384 lr=1e-05 split=2
============================================================
Training for 5000 steps
Step    1 | loss 1.5611 | val_acc=0.3542 val_loss=1.4707 val_f1_macro=0.1372 val_f1_weighted=0.2354 val_prec_macro=0.1593 val_rec_macro=0.1993 val_metric_name=acc val_metric=0.3542
Step   50 | loss 1.4162 | val_acc=0.3845 val_loss=1.3938 val_f1_macro=0.1606 val_f1_weighted=0.2684 val_prec_macro=0.1602 val_rec_macro=0.2198 val_metric_name=acc val_metric=0.3845
Step  100 | loss 1.3893 | val_acc=0.3947 val_loss=1.3724 val_f1_macro=0.1843 val_f1_weighted=0.2985 val_prec_macro=0.2799 val_rec_macro=0.2342 val_metric_name=acc val_metric=0.3947
Step  150 | loss 1.3682 | val_acc=0.4114 val_loss=1.3559 val_f1_macro=0.2056 val_f1_weighted=0.3260 val_prec_macro=0.2358 val_rec_macro=0.2505 val_metric_name=acc val_metric=0.4114
Step  200 | loss 1.3488 | val_acc=0.4163 val_loss=1.3449 val_f1_macro=0.2227 val_f1_weighted=0.3442 val_prec_macro=0.3177 val_rec_macro=0.2618 val_metric_name=acc val_metric=0.4163
Step  250 | loss 1.3302 | val_acc=0.4253 val_loss=1.3382 val_f1_macro=0.2395 val_f1_weighted=0.3622 val_prec_macro=0.5014 val_rec_macro=0.2737 val_metric_name=acc val_metric=0.4253
Step  300 | loss 1.3208 | val_acc=0.4281 val_loss=1.3327 val_f1_macro=0.2549 val_f1_weighted=0.3742 val_prec_macro=0.5307 val_rec_macro=0.2821 val_metric_name=acc val_metric=0.4281
Step  350 | loss 1.3052 | val_acc=0.4336 val_loss=1.3327 val_f1_macro=0.2715 val_f1_weighted=0.3858 val_prec_macro=0.4633 val_rec_macro=0.2933 val_metric_name=acc val_metric=0.4336
Step  400 | loss 1.2877 | val_acc=0.4315 val_loss=1.3301 val_f1_macro=0.2755 val_f1_weighted=0.3875 val_prec_macro=0.3856 val_rec_macro=0.2951 val_metric_name=acc val_metric=0.4315
Step  450 | loss 1.2703 | val_acc=0.4370 val_loss=1.3236 val_f1_macro=0.2958 val_f1_weighted=0.4010 val_prec_macro=0.4122 val_rec_macro=0.3077 val_metric_name=acc val_metric=0.4370
Step  500 | loss 1.2634 | val_acc=0.4434 val_loss=1.3254 val_f1_macro=0.3051 val_f1_weighted=0.4073 val_prec_macro=0.4271 val_rec_macro=0.3157 val_metric_name=acc val_metric=0.4434
Step  550 | loss 1.2410 | val_acc=0.4460 val_loss=1.3311 val_f1_macro=0.3145 val_f1_weighted=0.4095 val_prec_macro=0.4240 val_rec_macro=0.3224 val_metric_name=acc val_metric=0.4460
Step  600 | loss 1.2255 | val_acc=0.4545 val_loss=1.3183 val_f1_macro=0.3334 val_f1_weighted=0.4258 val_prec_macro=0.4168 val_rec_macro=0.3350 val_metric_name=acc val_metric=0.4545
Step  650 | loss 1.2114 | val_acc=0.4589 val_loss=1.3220 val_f1_macro=0.3429 val_f1_weighted=0.4307 val_prec_macro=0.4239 val_rec_macro=0.3431 val_metric_name=acc val_metric=0.4589
Step  700 | loss 1.1992 | val_acc=0.4624 val_loss=1.3164 val_f1_macro=0.3565 val_f1_weighted=0.4382 val_prec_macro=0.4254 val_rec_macro=0.3533 val_metric_name=acc val_metric=0.4624
Step  750 | loss 1.1837 | val_acc=0.4691 val_loss=1.3184 val_f1_macro=0.3629 val_f1_weighted=0.4445 val_prec_macro=0.4345 val_rec_macro=0.3581 val_metric_name=acc val_metric=0.4691
Step  800 | loss 1.1698 | val_acc=0.4674 val_loss=1.3201 val_f1_macro=0.3607 val_f1_weighted=0.4414 val_prec_macro=0.4298 val_rec_macro=0.3579 val_metric_name=acc val_metric=0.4674
Step  850 | loss 1.1536 | val_acc=0.4705 val_loss=1.3212 val_f1_macro=0.3663 val_f1_weighted=0.4457 val_prec_macro=0.4328 val_rec_macro=0.3615 val_metric_name=acc val_metric=0.4705
Step  900 | loss 1.1371 | val_acc=0.4687 val_loss=1.3163 val_f1_macro=0.3722 val_f1_weighted=0.4483 val_prec_macro=0.4219 val_rec_macro=0.3678 val_metric_name=acc val_metric=0.4687
Step  950 | loss 1.1209 | val_acc=0.4700 val_loss=1.3177 val_f1_macro=0.3742 val_f1_weighted=0.4498 val_prec_macro=0.4285 val_rec_macro=0.3674 val_metric_name=acc val_metric=0.4700
Step 1000 | loss 1.1098 | val_acc=0.4700 val_loss=1.3184 val_f1_macro=0.3783 val_f1_weighted=0.4513 val_prec_macro=0.4282 val_rec_macro=0.3707 val_metric_name=acc val_metric=0.4700
Step 1050 | loss 1.0970 | val_acc=0.4730 val_loss=1.3290 val_f1_macro=0.3809 val_f1_weighted=0.4535 val_prec_macro=0.4304 val_rec_macro=0.3738 val_metric_name=acc val_metric=0.4730
Step 1100 | loss 1.0862 | val_acc=0.4735 val_loss=1.3323 val_f1_macro=0.3849 val_f1_weighted=0.4545 val_prec_macro=0.4319 val_rec_macro=0.3780 val_metric_name=acc val_metric=0.4735
Step 1150 | loss 1.0753 | val_acc=0.4764 val_loss=1.3325 val_f1_macro=0.3899 val_f1_weighted=0.4596 val_prec_macro=0.4306 val_rec_macro=0.3822 val_metric_name=acc val_metric=0.4764
Step 1200 | loss 1.0582 | val_acc=0.4772 val_loss=1.3341 val_f1_macro=0.3967 val_f1_weighted=0.4622 val_prec_macro=0.4325 val_rec_macro=0.3892 val_metric_name=acc val_metric=0.4772
Step 1250 | loss 1.0460 | val_acc=0.4820 val_loss=1.3388 val_f1_macro=0.4024 val_f1_weighted=0.4670 val_prec_macro=0.4412 val_rec_macro=0.3937 val_metric_name=acc val_metric=0.4820
Step 1300 | loss 1.0392 | val_acc=0.4851 val_loss=1.3438 val_f1_macro=0.4074 val_f1_weighted=0.4700 val_prec_macro=0.4487 val_rec_macro=0.3979 val_metric_name=acc val_metric=0.4851
Step 1350 | loss 1.0189 | val_acc=0.4854 val_loss=1.3531 val_f1_macro=0.4096 val_f1_weighted=0.4707 val_prec_macro=0.4482 val_rec_macro=0.4008 val_metric_name=acc val_metric=0.4854
Step 1400 | loss 1.0041 | val_acc=0.4913 val_loss=1.3474 val_f1_macro=0.4181 val_f1_weighted=0.4786 val_prec_macro=0.4569 val_rec_macro=0.4058 val_metric_name=acc val_metric=0.4913
Step 1450 | loss 0.9885 | val_acc=0.4914 val_loss=1.3594 val_f1_macro=0.4186 val_f1_weighted=0.4778 val_prec_macro=0.4573 val_rec_macro=0.4084 val_metric_name=acc val_metric=0.4914
Step 1500 | loss 0.9846 | val_acc=0.4922 val_loss=1.3617 val_f1_macro=0.4223 val_f1_weighted=0.4809 val_prec_macro=0.4517 val_rec_macro=0.4124 val_metric_name=acc val_metric=0.4922
Step 1550 | loss 0.9665 | val_acc=0.4949 val_loss=1.3742 val_f1_macro=0.4261 val_f1_weighted=0.4831 val_prec_macro=0.4564 val_rec_macro=0.4180 val_metric_name=acc val_metric=0.4949
Step 1600 | loss 0.9469 | val_acc=0.5009 val_loss=1.3831 val_f1_macro=0.4345 val_f1_weighted=0.4898 val_prec_macro=0.4682 val_rec_macro=0.4225 val_metric_name=acc val_metric=0.5009
Step 1650 | loss 0.9391 | val_acc=0.4989 val_loss=1.3849 val_f1_macro=0.4337 val_f1_weighted=0.4890 val_prec_macro=0.4594 val_rec_macro=0.4249 val_metric_name=acc val_metric=0.4989
Step 1700 | loss 0.9273 | val_acc=0.4983 val_loss=1.4000 val_f1_macro=0.4342 val_f1_weighted=0.4877 val_prec_macro=0.4595 val_rec_macro=0.4266 val_metric_name=acc val_metric=0.4983
Step 1750 | loss 0.9130 | val_acc=0.4989 val_loss=1.4080 val_f1_macro=0.4380 val_f1_weighted=0.4908 val_prec_macro=0.4580 val_rec_macro=0.4309 val_metric_name=acc val_metric=0.4989
Step 1800 | loss 0.9029 | val_acc=0.4999 val_loss=1.4175 val_f1_macro=0.4370 val_f1_weighted=0.4911 val_prec_macro=0.4558 val_rec_macro=0.4309 val_metric_name=acc val_metric=0.4999
Step 1850 | loss 0.8786 | val_acc=0.5033 val_loss=1.4249 val_f1_macro=0.4402 val_f1_weighted=0.4946 val_prec_macro=0.4612 val_rec_macro=0.4330 val_metric_name=acc val_metric=0.5033
Step 1900 | loss 0.8730 | val_acc=0.5007 val_loss=1.4331 val_f1_macro=0.4393 val_f1_weighted=0.4925 val_prec_macro=0.4589 val_rec_macro=0.4333 val_metric_name=acc val_metric=0.5007
Step 1950 | loss 0.8513 | val_acc=0.5066 val_loss=1.4474 val_f1_macro=0.4457 val_f1_weighted=0.4986 val_prec_macro=0.4649 val_rec_macro=0.4374 val_metric_name=acc val_metric=0.5066
Step 2000 | loss 0.8415 | val_acc=0.5043 val_loss=1.4605 val_f1_macro=0.4453 val_f1_weighted=0.4971 val_prec_macro=0.4596 val_rec_macro=0.4412 val_metric_name=acc val_metric=0.5043
Step 2050 | loss 0.8306 | val_acc=0.5042 val_loss=1.4790 val_f1_macro=0.4453 val_f1_weighted=0.4969 val_prec_macro=0.4608 val_rec_macro=0.4407 val_metric_name=acc val_metric=0.5042
Step 2100 | loss 0.8062 | val_acc=0.5061 val_loss=1.4879 val_f1_macro=0.4488 val_f1_weighted=0.4999 val_prec_macro=0.4614 val_rec_macro=0.4446 val_metric_name=acc val_metric=0.5061
Step 2150 | loss 0.7985 | val_acc=0.5086 val_loss=1.4974 val_f1_macro=0.4493 val_f1_weighted=0.5020 val_prec_macro=0.4625 val_rec_macro=0.4444 val_metric_name=acc val_metric=0.5086
Step 2200 | loss 0.7791 | val_acc=0.5079 val_loss=1.5200 val_f1_macro=0.4512 val_f1_weighted=0.5020 val_prec_macro=0.4620 val_rec_macro=0.4482 val_metric_name=acc val_metric=0.5079
Step 2250 | loss 0.7709 | val_acc=0.5069 val_loss=1.5308 val_f1_macro=0.4511 val_f1_weighted=0.5014 val_prec_macro=0.4609 val_rec_macro=0.4490 val_metric_name=acc val_metric=0.5069
Step 2300 | loss 0.7557 | val_acc=0.5096 val_loss=1.5445 val_f1_macro=0.4547 val_f1_weighted=0.5046 val_prec_macro=0.4631 val_rec_macro=0.4528 val_metric_name=acc val_metric=0.5096
Step 2350 | loss 0.7408 | val_acc=0.5094 val_loss=1.5571 val_f1_macro=0.4553 val_f1_weighted=0.5045 val_prec_macro=0.4644 val_rec_macro=0.4522 val_metric_name=acc val_metric=0.5094
Step 2400 | loss 0.7241 | val_acc=0.5123 val_loss=1.5702 val_f1_macro=0.4584 val_f1_weighted=0.5076 val_prec_macro=0.4681 val_rec_macro=0.4551 val_metric_name=acc val_metric=0.5123
Step 2450 | loss 0.7124 | val_acc=0.5082 val_loss=1.6003 val_f1_macro=0.4525 val_f1_weighted=0.5037 val_prec_macro=0.4596 val_rec_macro=0.4516 val_metric_name=acc val_metric=0.5082
Step 2500 | loss 0.6933 | val_acc=0.5114 val_loss=1.6106 val_f1_macro=0.4562 val_f1_weighted=0.5075 val_prec_macro=0.4638 val_rec_macro=0.4531 val_metric_name=acc val_metric=0.5114
Step 2550 | loss 0.6803 | val_acc=0.5143 val_loss=1.6336 val_f1_macro=0.4583 val_f1_weighted=0.5102 val_prec_macro=0.4652 val_rec_macro=0.4563 val_metric_name=acc val_metric=0.5143
Step 2600 | loss 0.6687 | val_acc=0.5141 val_loss=1.6547 val_f1_macro=0.4596 val_f1_weighted=0.5107 val_prec_macro=0.4642 val_rec_macro=0.4597 val_metric_name=acc val_metric=0.5141
Step 2650 | loss 0.6589 | val_acc=0.5151 val_loss=1.6700 val_f1_macro=0.4601 val_f1_weighted=0.5112 val_prec_macro=0.4682 val_rec_macro=0.4576 val_metric_name=acc val_metric=0.5151
Step 2700 | loss 0.6441 | val_acc=0.5130 val_loss=1.6887 val_f1_macro=0.4580 val_f1_weighted=0.5095 val_prec_macro=0.4627 val_rec_macro=0.4583 val_metric_name=acc val_metric=0.5130
Step 2750 | loss 0.6244 | val_acc=0.5123 val_loss=1.7158 val_f1_macro=0.4584 val_f1_weighted=0.5093 val_prec_macro=0.4622 val_rec_macro=0.4585 val_metric_name=acc val_metric=0.5123
Step 2800 | loss 0.6185 | val_acc=0.5128 val_loss=1.7353 val_f1_macro=0.4584 val_f1_weighted=0.5102 val_prec_macro=0.4623 val_rec_macro=0.4575 val_metric_name=acc val_metric=0.5128
Step 2850 | loss 0.6105 | val_acc=0.5180 val_loss=1.7542 val_f1_macro=0.4635 val_f1_weighted=0.5150 val_prec_macro=0.4688 val_rec_macro=0.4616 val_metric_name=acc val_metric=0.5180
Step 2900 | loss 0.5865 | val_acc=0.5166 val_loss=1.7732 val_f1_macro=0.4622 val_f1_weighted=0.5144 val_prec_macro=0.4637 val_rec_macro=0.4639 val_metric_name=acc val_metric=0.5166
Step 2950 | loss 0.5771 | val_acc=0.5180 val_loss=1.7995 val_f1_macro=0.4631 val_f1_weighted=0.5157 val_prec_macro=0.4655 val_rec_macro=0.4640 val_metric_name=acc val_metric=0.5180
Step 3000 | loss 0.5729 | val_acc=0.5184 val_loss=1.8187 val_f1_macro=0.4630 val_f1_weighted=0.5159 val_prec_macro=0.4652 val_rec_macro=0.4648 val_metric_name=acc val_metric=0.5184
Step 3050 | loss 0.5622 | val_acc=0.5185 val_loss=1.8403 val_f1_macro=0.4647 val_f1_weighted=0.5167 val_prec_macro=0.4660 val_rec_macro=0.4655 val_metric_name=acc val_metric=0.5185
Step 3100 | loss 0.5427 | val_acc=0.5241 val_loss=1.8523 val_f1_macro=0.4684 val_f1_weighted=0.5219 val_prec_macro=0.4703 val_rec_macro=0.4700 val_metric_name=acc val_metric=0.5241
Step 3150 | loss 0.5228 | val_acc=0.5223 val_loss=1.8849 val_f1_macro=0.4664 val_f1_weighted=0.5202 val_prec_macro=0.4675 val_rec_macro=0.4680 val_metric_name=acc val_metric=0.5223
Step 3200 | loss 0.5133 | val_acc=0.5236 val_loss=1.8933 val_f1_macro=0.4671 val_f1_weighted=0.5216 val_prec_macro=0.4685 val_rec_macro=0.4679 val_metric_name=acc val_metric=0.5236
Step 3250 | loss 0.5060 | val_acc=0.5229 val_loss=1.9201 val_f1_macro=0.4683 val_f1_weighted=0.5212 val_prec_macro=0.4690 val_rec_macro=0.4701 val_metric_name=acc val_metric=0.5229
Step 3300 | loss 0.5002 | val_acc=0.5228 val_loss=1.9482 val_f1_macro=0.4666 val_f1_weighted=0.5214 val_prec_macro=0.4660 val_rec_macro=0.4693 val_metric_name=acc val_metric=0.5228
Step 3350 | loss 0.4896 | val_acc=0.5243 val_loss=1.9663 val_f1_macro=0.4693 val_f1_weighted=0.5225 val_prec_macro=0.4704 val_rec_macro=0.4706 val_metric_name=acc val_metric=0.5243
Step 3400 | loss 0.4713 | val_acc=0.5238 val_loss=1.9901 val_f1_macro=0.4676 val_f1_weighted=0.5224 val_prec_macro=0.4680 val_rec_macro=0.4686 val_metric_name=acc val_metric=0.5238
Step 3450 | loss 0.4632 | val_acc=0.5257 val_loss=2.0106 val_f1_macro=0.4705 val_f1_weighted=0.5239 val_prec_macro=0.4723 val_rec_macro=0.4705 val_metric_name=acc val_metric=0.5257
Step 3500 | loss 0.4434 | val_acc=0.5236 val_loss=2.0389 val_f1_macro=0.4693 val_f1_weighted=0.5222 val_prec_macro=0.4698 val_rec_macro=0.4704 val_metric_name=acc val_metric=0.5236
Step 3550 | loss 0.4348 | val_acc=0.5229 val_loss=2.0632 val_f1_macro=0.4668 val_f1_weighted=0.5219 val_prec_macro=0.4659 val_rec_macro=0.4696 val_metric_name=acc val_metric=0.5229
Step 3600 | loss 0.4240 | val_acc=0.5254 val_loss=2.0811 val_f1_macro=0.4683 val_f1_weighted=0.5238 val_prec_macro=0.4691 val_rec_macro=0.4694 val_metric_name=acc val_metric=0.5254
Step 3650 | loss 0.4205 | val_acc=0.5241 val_loss=2.1109 val_f1_macro=0.4699 val_f1_weighted=0.5232 val_prec_macro=0.4691 val_rec_macro=0.4720 val_metric_name=acc val_metric=0.5241
Step 3700 | loss 0.4137 | val_acc=0.5278 val_loss=2.1213 val_f1_macro=0.4724 val_f1_weighted=0.5265 val_prec_macro=0.4732 val_rec_macro=0.4733 val_metric_name=acc val_metric=0.5278
Step 3750 | loss 0.4011 | val_acc=0.5256 val_loss=2.1474 val_f1_macro=0.4692 val_f1_weighted=0.5243 val_prec_macro=0.4691 val_rec_macro=0.4718 val_metric_name=acc val_metric=0.5256
Step 3800 | loss 0.3945 | val_acc=0.5277 val_loss=2.1684 val_f1_macro=0.4711 val_f1_weighted=0.5261 val_prec_macro=0.4726 val_rec_macro=0.4714 val_metric_name=acc val_metric=0.5277
Step 3850 | loss 0.3819 | val_acc=0.5272 val_loss=2.1968 val_f1_macro=0.4694 val_f1_weighted=0.5254 val_prec_macro=0.4711 val_rec_macro=0.4705 val_metric_name=acc val_metric=0.5272
Step 3900 | loss 0.3775 | val_acc=0.5257 val_loss=2.2182 val_f1_macro=0.4699 val_f1_weighted=0.5247 val_prec_macro=0.4693 val_rec_macro=0.4723 val_metric_name=acc val_metric=0.5257
Step 3950 | loss 0.3768 | val_acc=0.5269 val_loss=2.2408 val_f1_macro=0.4705 val_f1_weighted=0.5260 val_prec_macro=0.4702 val_rec_macro=0.4719 val_metric_name=acc val_metric=0.5269
Step 4000 | loss 0.3622 | val_acc=0.5295 val_loss=2.2507 val_f1_macro=0.4716 val_f1_weighted=0.5279 val_prec_macro=0.4731 val_rec_macro=0.4716 val_metric_name=acc val_metric=0.5295
Step 4050 | loss 0.3524 | val_acc=0.5274 val_loss=2.2863 val_f1_macro=0.4695 val_f1_weighted=0.5266 val_prec_macro=0.4680 val_rec_macro=0.4730 val_metric_name=acc val_metric=0.5274
Step 4100 | loss 0.3373 | val_acc=0.5296 val_loss=2.3059 val_f1_macro=0.4729 val_f1_weighted=0.5288 val_prec_macro=0.4722 val_rec_macro=0.4750 val_metric_name=acc val_metric=0.5296
Step 4150 | loss 0.3384 | val_acc=0.5282 val_loss=2.3241 val_f1_macro=0.4703 val_f1_weighted=0.5271 val_prec_macro=0.4704 val_rec_macro=0.4714 val_metric_name=acc val_metric=0.5282
Step 4200 | loss 0.3280 | val_acc=0.5321 val_loss=2.3533 val_f1_macro=0.4749 val_f1_weighted=0.5312 val_prec_macro=0.4744 val_rec_macro=0.4766 val_metric_name=acc val_metric=0.5321
Step 4250 | loss 0.3265 | val_acc=0.5290 val_loss=2.3597 val_f1_macro=0.4717 val_f1_weighted=0.5281 val_prec_macro=0.4712 val_rec_macro=0.4735 val_metric_name=acc val_metric=0.5290
Step 4300 | loss 0.3189 | val_acc=0.5308 val_loss=2.3887 val_f1_macro=0.4743 val_f1_weighted=0.5302 val_prec_macro=0.4731 val_rec_macro=0.4767 val_metric_name=acc val_metric=0.5308
Step 4350 | loss 0.3065 | val_acc=0.5324 val_loss=2.4128 val_f1_macro=0.4759 val_f1_weighted=0.5307 val_prec_macro=0.4774 val_rec_macro=0.4762 val_metric_name=acc val_metric=0.5324
Step 4400 | loss 0.3083 | val_acc=0.5308 val_loss=2.4357 val_f1_macro=0.4730 val_f1_weighted=0.5295 val_prec_macro=0.4738 val_rec_macro=0.4738 val_metric_name=acc val_metric=0.5308
Step 4450 | loss 0.2953 | val_acc=0.5300 val_loss=2.4554 val_f1_macro=0.4741 val_f1_weighted=0.5290 val_prec_macro=0.4742 val_rec_macro=0.4752 val_metric_name=acc val_metric=0.5300
Step 4500 | loss 0.2848 | val_acc=0.5293 val_loss=2.4765 val_f1_macro=0.4733 val_f1_weighted=0.5287 val_prec_macro=0.4721 val_rec_macro=0.4756 val_metric_name=acc val_metric=0.5293
Step 4550 | loss 0.2762 | val_acc=0.5282 val_loss=2.4956 val_f1_macro=0.4708 val_f1_weighted=0.5271 val_prec_macro=0.4713 val_rec_macro=0.4714 val_metric_name=acc val_metric=0.5282
Step 4600 | loss 0.2774 | val_acc=0.5278 val_loss=2.5188 val_f1_macro=0.4708 val_f1_weighted=0.5268 val_prec_macro=0.4707 val_rec_macro=0.4719 val_metric_name=acc val_metric=0.5278
Step 4650 | loss 0.2693 | val_acc=0.5264 val_loss=2.5334 val_f1_macro=0.4698 val_f1_weighted=0.5253 val_prec_macro=0.4703 val_rec_macro=0.4702 val_metric_name=acc val_metric=0.5264
Step 4700 | loss 0.2671 | val_acc=0.5282 val_loss=2.5551 val_f1_macro=0.4703 val_f1_weighted=0.5270 val_prec_macro=0.4712 val_rec_macro=0.4705 val_metric_name=acc val_metric=0.5282
Early stopping at step 4708

--- Final (best ckpt @ step 4350) ---
  train_acc=0.9754 train_loss=0.0783 train_f1_macro=0.9738 train_f1_weighted=0.9754 train_prec_macro=0.9715 train_rec_macro=0.9763 train_metric_name=acc train_metric=0.9754
  val_acc=0.5324 val_loss=2.4128 val_f1_macro=0.4759 val_f1_weighted=0.5307 val_prec_macro=0.4774 val_rec_macro=0.4762 val_metric_name=acc val_metric=0.5324
  test_acc=0.5342 test_loss=2.4127 test_f1_macro=0.4726 test_f1_weighted=0.5328 test_prec_macro=0.4747 test_rec_macro=0.4717 test_metric_name=acc test_metric=0.5342
  test_acc=0.5342

============================================================
Training amazon-ratings GT 5L h=512 lr=3e-05 split=2
============================================================
Training for 5000 steps
Step    1 | loss 1.8374 | val_acc=0.3464 val_loss=1.4324 val_f1_macro=0.1629 val_f1_weighted=0.2663 val_prec_macro=0.1611 val_rec_macro=0.2089 val_metric_name=acc val_metric=0.3464
Step   50 | loss 1.3918 | val_acc=0.3972 val_loss=1.3718 val_f1_macro=0.1876 val_f1_weighted=0.3029 val_prec_macro=0.3623 val_rec_macro=0.2386 val_metric_name=acc val_metric=0.3972
Step  100 | loss 1.3481 | val_acc=0.4166 val_loss=1.3451 val_f1_macro=0.2120 val_f1_weighted=0.3331 val_prec_macro=0.2411 val_rec_macro=0.2600 val_metric_name=acc val_metric=0.4166
Step  150 | loss 1.3145 | val_acc=0.4243 val_loss=1.3314 val_f1_macro=0.2433 val_f1_weighted=0.3611 val_prec_macro=0.3549 val_rec_macro=0.2779 val_metric_name=acc val_metric=0.4243
Step  200 | loss 1.2698 | val_acc=0.4393 val_loss=1.3193 val_f1_macro=0.2982 val_f1_weighted=0.4018 val_prec_macro=0.3861 val_rec_macro=0.3107 val_metric_name=acc val_metric=0.4393
Step  250 | loss 1.2175 | val_acc=0.4442 val_loss=1.3309 val_f1_macro=0.3302 val_f1_weighted=0.4122 val_prec_macro=0.4155 val_rec_macro=0.3340 val_metric_name=acc val_metric=0.4442
Step  300 | loss 1.1727 | val_acc=0.4522 val_loss=1.3343 val_f1_macro=0.3387 val_f1_weighted=0.4234 val_prec_macro=0.4018 val_rec_macro=0.3410 val_metric_name=acc val_metric=0.4522
Step  350 | loss 1.1247 | val_acc=0.4599 val_loss=1.3305 val_f1_macro=0.3607 val_f1_weighted=0.4388 val_prec_macro=0.4063 val_rec_macro=0.3569 val_metric_name=acc val_metric=0.4599
Step  400 | loss 1.0890 | val_acc=0.4712 val_loss=1.3401 val_f1_macro=0.3769 val_f1_weighted=0.4530 val_prec_macro=0.4185 val_rec_macro=0.3701 val_metric_name=acc val_metric=0.4712
Step  450 | loss 1.0511 | val_acc=0.4792 val_loss=1.3459 val_f1_macro=0.4005 val_f1_weighted=0.4660 val_prec_macro=0.4341 val_rec_macro=0.3915 val_metric_name=acc val_metric=0.4792
Step  500 | loss 1.0063 | val_acc=0.4864 val_loss=1.3726 val_f1_macro=0.4083 val_f1_weighted=0.4706 val_prec_macro=0.4534 val_rec_macro=0.3977 val_metric_name=acc val_metric=0.4864
Step  550 | loss 0.9538 | val_acc=0.4919 val_loss=1.3970 val_f1_macro=0.4218 val_f1_weighted=0.4795 val_prec_macro=0.4511 val_rec_macro=0.4140 val_metric_name=acc val_metric=0.4919
Step  600 | loss 0.9208 | val_acc=0.5019 val_loss=1.4178 val_f1_macro=0.4308 val_f1_weighted=0.4907 val_prec_macro=0.4662 val_rec_macro=0.4187 val_metric_name=acc val_metric=0.5019
Step  650 | loss 0.8698 | val_acc=0.5022 val_loss=1.4540 val_f1_macro=0.4395 val_f1_weighted=0.4930 val_prec_macro=0.4677 val_rec_macro=0.4294 val_metric_name=acc val_metric=0.5022
Step  700 | loss 0.8264 | val_acc=0.5047 val_loss=1.5035 val_f1_macro=0.4394 val_f1_weighted=0.4970 val_prec_macro=0.4577 val_rec_macro=0.4346 val_metric_name=acc val_metric=0.5047
Step  750 | loss 0.7745 | val_acc=0.5107 val_loss=1.5521 val_f1_macro=0.4469 val_f1_weighted=0.5026 val_prec_macro=0.4668 val_rec_macro=0.4413 val_metric_name=acc val_metric=0.5107
Step  800 | loss 0.7354 | val_acc=0.5158 val_loss=1.6036 val_f1_macro=0.4560 val_f1_weighted=0.5108 val_prec_macro=0.4687 val_rec_macro=0.4516 val_metric_name=acc val_metric=0.5158
Step  850 | loss 0.6668 | val_acc=0.5151 val_loss=1.6774 val_f1_macro=0.4559 val_f1_weighted=0.5115 val_prec_macro=0.4644 val_rec_macro=0.4550 val_metric_name=acc val_metric=0.5151
Step  900 | loss 0.6170 | val_acc=0.5203 val_loss=1.7601 val_f1_macro=0.4635 val_f1_weighted=0.5175 val_prec_macro=0.4690 val_rec_macro=0.4637 val_metric_name=acc val_metric=0.5203
Step  950 | loss 0.5694 | val_acc=0.5243 val_loss=1.8464 val_f1_macro=0.4675 val_f1_weighted=0.5212 val_prec_macro=0.4752 val_rec_macro=0.4654 val_metric_name=acc val_metric=0.5243
Step 1000 | loss 0.5197 | val_acc=0.5298 val_loss=1.9336 val_f1_macro=0.4768 val_f1_weighted=0.5276 val_prec_macro=0.4814 val_rec_macro=0.4756 val_metric_name=acc val_metric=0.5298
Step 1050 | loss 0.4602 | val_acc=0.5314 val_loss=2.0238 val_f1_macro=0.4780 val_f1_weighted=0.5297 val_prec_macro=0.4821 val_rec_macro=0.4779 val_metric_name=acc val_metric=0.5314
Step 1100 | loss 0.4328 | val_acc=0.5313 val_loss=2.1144 val_f1_macro=0.4782 val_f1_weighted=0.5294 val_prec_macro=0.4820 val_rec_macro=0.4773 val_metric_name=acc val_metric=0.5313
Step 1150 | loss 0.3900 | val_acc=0.5314 val_loss=2.2121 val_f1_macro=0.4807 val_f1_weighted=0.5301 val_prec_macro=0.4837 val_rec_macro=0.4807 val_metric_name=acc val_metric=0.5314
Step 1200 | loss 0.3524 | val_acc=0.5332 val_loss=2.3040 val_f1_macro=0.4837 val_f1_weighted=0.5321 val_prec_macro=0.4862 val_rec_macro=0.4819 val_metric_name=acc val_metric=0.5332
Step 1250 | loss 0.3204 | val_acc=0.5316 val_loss=2.4016 val_f1_macro=0.4786 val_f1_weighted=0.5305 val_prec_macro=0.4814 val_rec_macro=0.4768 val_metric_name=acc val_metric=0.5316
Step 1300 | loss 0.2942 | val_acc=0.5324 val_loss=2.5146 val_f1_macro=0.4809 val_f1_weighted=0.5313 val_prec_macro=0.4834 val_rec_macro=0.4799 val_metric_name=acc val_metric=0.5324
Step 1350 | loss 0.2642 | val_acc=0.5324 val_loss=2.5983 val_f1_macro=0.4798 val_f1_weighted=0.5313 val_prec_macro=0.4831 val_rec_macro=0.4782 val_metric_name=acc val_metric=0.5324
Step 1400 | loss 0.2424 | val_acc=0.5363 val_loss=2.6683 val_f1_macro=0.4844 val_f1_weighted=0.5349 val_prec_macro=0.4885 val_rec_macro=0.4822 val_metric_name=acc val_metric=0.5363
Step 1450 | loss 0.2211 | val_acc=0.5355 val_loss=2.7775 val_f1_macro=0.4808 val_f1_weighted=0.5345 val_prec_macro=0.4843 val_rec_macro=0.4792 val_metric_name=acc val_metric=0.5355
Step 1500 | loss 0.1922 | val_acc=0.5388 val_loss=2.8418 val_f1_macro=0.4850 val_f1_weighted=0.5372 val_prec_macro=0.4899 val_rec_macro=0.4824 val_metric_name=acc val_metric=0.5388
Step 1550 | loss 0.1907 | val_acc=0.5354 val_loss=2.9194 val_f1_macro=0.4813 val_f1_weighted=0.5345 val_prec_macro=0.4839 val_rec_macro=0.4800 val_metric_name=acc val_metric=0.5354
Step 1600 | loss 0.1670 | val_acc=0.5314 val_loss=2.9897 val_f1_macro=0.4771 val_f1_weighted=0.5305 val_prec_macro=0.4792 val_rec_macro=0.4761 val_metric_name=acc val_metric=0.5314
Step 1650 | loss 0.1496 | val_acc=0.5373 val_loss=3.0520 val_f1_macro=0.4832 val_f1_weighted=0.5362 val_prec_macro=0.4867 val_rec_macro=0.4810 val_metric_name=acc val_metric=0.5373
Step 1700 | loss 0.1444 | val_acc=0.5365 val_loss=3.1353 val_f1_macro=0.4819 val_f1_weighted=0.5354 val_prec_macro=0.4859 val_rec_macro=0.4794 val_metric_name=acc val_metric=0.5365
Step 1750 | loss 0.1280 | val_acc=0.5376 val_loss=3.1936 val_f1_macro=0.4837 val_f1_weighted=0.5364 val_prec_macro=0.4880 val_rec_macro=0.4813 val_metric_name=acc val_metric=0.5376
Step 1800 | loss 0.1191 | val_acc=0.5375 val_loss=3.2270 val_f1_macro=0.4859 val_f1_weighted=0.5360 val_prec_macro=0.4923 val_rec_macro=0.4811 val_metric_name=acc val_metric=0.5375
Step 1850 | loss 0.1169 | val_acc=0.5345 val_loss=3.2745 val_f1_macro=0.4831 val_f1_weighted=0.5331 val_prec_macro=0.4884 val_rec_macro=0.4791 val_metric_name=acc val_metric=0.5345
Step 1900 | loss 0.1019 | val_acc=0.5354 val_loss=3.3403 val_f1_macro=0.4831 val_f1_weighted=0.5338 val_prec_macro=0.4899 val_rec_macro=0.4778 val_metric_name=acc val_metric=0.5354
Step 1950 | loss 0.0969 | val_acc=0.5390 val_loss=3.3879 val_f1_macro=0.4829 val_f1_weighted=0.5375 val_prec_macro=0.4882 val_rec_macro=0.4790 val_metric_name=acc val_metric=0.5390
Step 2000 | loss 0.0959 | val_acc=0.5380 val_loss=3.4212 val_f1_macro=0.4858 val_f1_weighted=0.5362 val_prec_macro=0.4951 val_rec_macro=0.4787 val_metric_name=acc val_metric=0.5380
Step 2050 | loss 0.0844 | val_acc=0.5388 val_loss=3.4684 val_f1_macro=0.4846 val_f1_weighted=0.5368 val_prec_macro=0.4930 val_rec_macro=0.4780 val_metric_name=acc val_metric=0.5388
Step 2100 | loss 0.0755 | val_acc=0.5376 val_loss=3.5186 val_f1_macro=0.4831 val_f1_weighted=0.5361 val_prec_macro=0.4894 val_rec_macro=0.4784 val_metric_name=acc val_metric=0.5376
Step 2150 | loss 0.0780 | val_acc=0.5407 val_loss=3.5252 val_f1_macro=0.4874 val_f1_weighted=0.5387 val_prec_macro=0.4967 val_rec_macro=0.4802 val_metric_name=acc val_metric=0.5407
Early stopping at step 2180

--- Final (best ckpt @ step 1880) ---
  train_acc=0.9966 train_loss=0.0096 train_f1_macro=0.9964 train_f1_weighted=0.9966 train_prec_macro=0.9957 train_rec_macro=0.9971 train_metric_name=acc train_metric=0.9966
  val_acc=0.5417 val_loss=3.3141 val_f1_macro=0.4872 val_f1_weighted=0.5398 val_prec_macro=0.4947 val_rec_macro=0.4816 val_metric_name=acc val_metric=0.5417
  test_acc=0.5301 test_loss=3.3308 test_f1_macro=0.4684 test_f1_weighted=0.5285 test_prec_macro=0.4725 test_rec_macro=0.4652 test_metric_name=acc test_metric=0.5301
  test_acc=0.5301

============================================================
Training amazon-ratings GT 5L h=512 lr=6e-05 split=2
============================================================
Training for 5000 steps
Step    1 | loss 1.8374 | val_acc=0.3678 val_loss=1.9252 val_f1_macro=0.1076 val_f1_weighted=0.1978 val_prec_macro=0.0736 val_rec_macro=0.2000 val_metric_name=acc val_metric=0.3678
Step   50 | loss 1.3707 | val_acc=0.4057 val_loss=1.3577 val_f1_macro=0.1970 val_f1_weighted=0.3144 val_prec_macro=0.1648 val_rec_macro=0.2499 val_metric_name=acc val_metric=0.4057
Step  100 | loss 1.3115 | val_acc=0.4254 val_loss=1.3281 val_f1_macro=0.2384 val_f1_weighted=0.3576 val_prec_macro=0.3368 val_rec_macro=0.2753 val_metric_name=acc val_metric=0.4254
Step  150 | loss 1.2401 | val_acc=0.4418 val_loss=1.3209 val_f1_macro=0.3195 val_f1_weighted=0.4107 val_prec_macro=0.4051 val_rec_macro=0.3248 val_metric_name=acc val_metric=0.4418
Step  200 | loss 1.1685 | val_acc=0.4607 val_loss=1.3176 val_f1_macro=0.3527 val_f1_weighted=0.4385 val_prec_macro=0.4049 val_rec_macro=0.3465 val_metric_name=acc val_metric=0.4607
Step  250 | loss 1.0950 | val_acc=0.4679 val_loss=1.3395 val_f1_macro=0.3639 val_f1_weighted=0.4427 val_prec_macro=0.4369 val_rec_macro=0.3549 val_metric_name=acc val_metric=0.4679
Step  300 | loss 1.0281 | val_acc=0.4777 val_loss=1.3599 val_f1_macro=0.4079 val_f1_weighted=0.4643 val_prec_macro=0.4398 val_rec_macro=0.4013 val_metric_name=acc val_metric=0.4777
Step  350 | loss 0.9532 | val_acc=0.4945 val_loss=1.3786 val_f1_macro=0.4286 val_f1_weighted=0.4834 val_prec_macro=0.4557 val_rec_macro=0.4227 val_metric_name=acc val_metric=0.4945
Step  400 | loss 0.8730 | val_acc=0.5038 val_loss=1.4314 val_f1_macro=0.4385 val_f1_weighted=0.4939 val_prec_macro=0.4682 val_rec_macro=0.4290 val_metric_name=acc val_metric=0.5038
Step  450 | loss 0.7915 | val_acc=0.5107 val_loss=1.5289 val_f1_macro=0.4508 val_f1_weighted=0.5026 val_prec_macro=0.4712 val_rec_macro=0.4469 val_metric_name=acc val_metric=0.5107
Step  500 | loss 0.7071 | val_acc=0.5109 val_loss=1.6351 val_f1_macro=0.4555 val_f1_weighted=0.5081 val_prec_macro=0.4570 val_rec_macro=0.4589 val_metric_name=acc val_metric=0.5109
Step  550 | loss 0.5984 | val_acc=0.5207 val_loss=1.7750 val_f1_macro=0.4640 val_f1_weighted=0.5192 val_prec_macro=0.4647 val_rec_macro=0.4675 val_metric_name=acc val_metric=0.5207
Step  600 | loss 0.5205 | val_acc=0.5285 val_loss=1.9054 val_f1_macro=0.4744 val_f1_weighted=0.5264 val_prec_macro=0.4780 val_rec_macro=0.4742 val_metric_name=acc val_metric=0.5285
Step  650 | loss 0.4344 | val_acc=0.5329 val_loss=2.0836 val_f1_macro=0.4800 val_f1_weighted=0.5314 val_prec_macro=0.4836 val_rec_macro=0.4819 val_metric_name=acc val_metric=0.5329
Step  700 | loss 0.3790 | val_acc=0.5344 val_loss=2.2516 val_f1_macro=0.4828 val_f1_weighted=0.5333 val_prec_macro=0.4846 val_rec_macro=0.4831 val_metric_name=acc val_metric=0.5344
Step  750 | loss 0.3176 | val_acc=0.5319 val_loss=2.4032 val_f1_macro=0.4798 val_f1_weighted=0.5306 val_prec_macro=0.4825 val_rec_macro=0.4792 val_metric_name=acc val_metric=0.5319
Step  800 | loss 0.2736 | val_acc=0.5293 val_loss=2.5727 val_f1_macro=0.4753 val_f1_weighted=0.5288 val_prec_macro=0.4759 val_rec_macro=0.4779 val_metric_name=acc val_metric=0.5293
Step  850 | loss 0.2278 | val_acc=0.5331 val_loss=2.7185 val_f1_macro=0.4783 val_f1_weighted=0.5319 val_prec_macro=0.4824 val_rec_macro=0.4765 val_metric_name=acc val_metric=0.5331
Step  900 | loss 0.1857 | val_acc=0.5323 val_loss=2.8576 val_f1_macro=0.4767 val_f1_weighted=0.5307 val_prec_macro=0.4817 val_rec_macro=0.4734 val_metric_name=acc val_metric=0.5323
Step  950 | loss 0.1619 | val_acc=0.5334 val_loss=2.9919 val_f1_macro=0.4796 val_f1_weighted=0.5319 val_prec_macro=0.4843 val_rec_macro=0.4769 val_metric_name=acc val_metric=0.5334
Step 1000 | loss 0.1404 | val_acc=0.5296 val_loss=3.0790 val_f1_macro=0.4761 val_f1_weighted=0.5281 val_prec_macro=0.4823 val_rec_macro=0.4715 val_metric_name=acc val_metric=0.5296
Step 1050 | loss 0.1219 | val_acc=0.5344 val_loss=3.1879 val_f1_macro=0.4819 val_f1_weighted=0.5328 val_prec_macro=0.4905 val_rec_macro=0.4759 val_metric_name=acc val_metric=0.5344
Step 1100 | loss 0.1076 | val_acc=0.5337 val_loss=3.2503 val_f1_macro=0.4806 val_f1_weighted=0.5313 val_prec_macro=0.4924 val_rec_macro=0.4721 val_metric_name=acc val_metric=0.5337
Step 1150 | loss 0.0999 | val_acc=0.5365 val_loss=3.3551 val_f1_macro=0.4846 val_f1_weighted=0.5347 val_prec_macro=0.4924 val_rec_macro=0.4792 val_metric_name=acc val_metric=0.5365
Step 1200 | loss 0.0865 | val_acc=0.5367 val_loss=3.4251 val_f1_macro=0.4847 val_f1_weighted=0.5345 val_prec_macro=0.4947 val_rec_macro=0.4774 val_metric_name=acc val_metric=0.5367
Step 1250 | loss 0.0725 | val_acc=0.5358 val_loss=3.4868 val_f1_macro=0.4819 val_f1_weighted=0.5338 val_prec_macro=0.4913 val_rec_macro=0.4748 val_metric_name=acc val_metric=0.5358
Step 1300 | loss 0.0684 | val_acc=0.5326 val_loss=3.5469 val_f1_macro=0.4817 val_f1_weighted=0.5308 val_prec_macro=0.4920 val_rec_macro=0.4739 val_metric_name=acc val_metric=0.5326
Step 1350 | loss 0.0613 | val_acc=0.5337 val_loss=3.5958 val_f1_macro=0.4822 val_f1_weighted=0.5320 val_prec_macro=0.4921 val_rec_macro=0.4748 val_metric_name=acc val_metric=0.5337
Step 1400 | loss 0.0584 | val_acc=0.5345 val_loss=3.6576 val_f1_macro=0.4816 val_f1_weighted=0.5328 val_prec_macro=0.4890 val_rec_macro=0.4761 val_metric_name=acc val_metric=0.5345
Step 1450 | loss 0.0522 | val_acc=0.5306 val_loss=3.7137 val_f1_macro=0.4785 val_f1_weighted=0.5293 val_prec_macro=0.4836 val_rec_macro=0.4745 val_metric_name=acc val_metric=0.5306
Step 1500 | loss 0.0464 | val_acc=0.5337 val_loss=3.7439 val_f1_macro=0.4824 val_f1_weighted=0.5319 val_prec_macro=0.4910 val_rec_macro=0.4756 val_metric_name=acc val_metric=0.5337
Step 1550 | loss 0.0479 | val_acc=0.5339 val_loss=3.8007 val_f1_macro=0.4813 val_f1_weighted=0.5323 val_prec_macro=0.4886 val_rec_macro=0.4759 val_metric_name=acc val_metric=0.5339
Step 1600 | loss 0.0411 | val_acc=0.5303 val_loss=3.8299 val_f1_macro=0.4789 val_f1_weighted=0.5292 val_prec_macro=0.4838 val_rec_macro=0.4749 val_metric_name=acc val_metric=0.5303
Step 1650 | loss 0.0380 | val_acc=0.5357 val_loss=3.8583 val_f1_macro=0.4817 val_f1_weighted=0.5339 val_prec_macro=0.4883 val_rec_macro=0.4767 val_metric_name=acc val_metric=0.5357
Step 1700 | loss 0.0389 | val_acc=0.5352 val_loss=3.9145 val_f1_macro=0.4851 val_f1_weighted=0.5336 val_prec_macro=0.4941 val_rec_macro=0.4791 val_metric_name=acc val_metric=0.5352
Step 1750 | loss 0.0317 | val_acc=0.5327 val_loss=3.9388 val_f1_macro=0.4802 val_f1_weighted=0.5309 val_prec_macro=0.4892 val_rec_macro=0.4736 val_metric_name=acc val_metric=0.5327
Step 1800 | loss 0.0308 | val_acc=0.5337 val_loss=3.9923 val_f1_macro=0.4831 val_f1_weighted=0.5324 val_prec_macro=0.4902 val_rec_macro=0.4776 val_metric_name=acc val_metric=0.5337
Step 1850 | loss 0.0314 | val_acc=0.5352 val_loss=4.0250 val_f1_macro=0.4861 val_f1_weighted=0.5337 val_prec_macro=0.4946 val_rec_macro=0.4794 val_metric_name=acc val_metric=0.5352
Step 1900 | loss 0.0298 | val_acc=0.5341 val_loss=4.0397 val_f1_macro=0.4845 val_f1_weighted=0.5326 val_prec_macro=0.4924 val_rec_macro=0.4780 val_metric_name=acc val_metric=0.5341
Step 1950 | loss 0.0262 | val_acc=0.5341 val_loss=4.0723 val_f1_macro=0.4832 val_f1_weighted=0.5323 val_prec_macro=0.4913 val_rec_macro=0.4770 val_metric_name=acc val_metric=0.5341
Step 2000 | loss 0.0281 | val_acc=0.5367 val_loss=4.0869 val_f1_macro=0.4886 val_f1_weighted=0.5350 val_prec_macro=0.5008 val_rec_macro=0.4798 val_metric_name=acc val_metric=0.5367
Step 2050 | loss 0.0254 | val_acc=0.5385 val_loss=4.1302 val_f1_macro=0.4893 val_f1_weighted=0.5363 val_prec_macro=0.5000 val_rec_macro=0.4813 val_metric_name=acc val_metric=0.5385
Step 2100 | loss 0.0202 | val_acc=0.5345 val_loss=4.1132 val_f1_macro=0.4843 val_f1_weighted=0.5329 val_prec_macro=0.4931 val_rec_macro=0.4773 val_metric_name=acc val_metric=0.5345
Step 2150 | loss 0.0238 | val_acc=0.5372 val_loss=4.1552 val_f1_macro=0.4866 val_f1_weighted=0.5355 val_prec_macro=0.4948 val_rec_macro=0.4804 val_metric_name=acc val_metric=0.5372
Step 2200 | loss 0.0211 | val_acc=0.5399 val_loss=4.1696 val_f1_macro=0.4885 val_f1_weighted=0.5382 val_prec_macro=0.4972 val_rec_macro=0.4819 val_metric_name=acc val_metric=0.5399
Step 2250 | loss 0.0214 | val_acc=0.5365 val_loss=4.1649 val_f1_macro=0.4864 val_f1_weighted=0.5345 val_prec_macro=0.4982 val_rec_macro=0.4773 val_metric_name=acc val_metric=0.5365
Step 2300 | loss 0.0176 | val_acc=0.5396 val_loss=4.1976 val_f1_macro=0.4886 val_f1_weighted=0.5378 val_prec_macro=0.4990 val_rec_macro=0.4806 val_metric_name=acc val_metric=0.5396
Step 2350 | loss 0.0203 | val_acc=0.5334 val_loss=4.2337 val_f1_macro=0.4802 val_f1_weighted=0.5319 val_prec_macro=0.4863 val_rec_macro=0.4754 val_metric_name=acc val_metric=0.5334
Step 2400 | loss 0.0167 | val_acc=0.5341 val_loss=4.2972 val_f1_macro=0.4829 val_f1_weighted=0.5322 val_prec_macro=0.4943 val_rec_macro=0.4743 val_metric_name=acc val_metric=0.5341
Step 2450 | loss 0.0181 | val_acc=0.5347 val_loss=4.3004 val_f1_macro=0.4846 val_f1_weighted=0.5330 val_prec_macro=0.4947 val_rec_macro=0.4773 val_metric_name=acc val_metric=0.5347
Early stopping at step 2457

--- Final (best ckpt @ step 2130) ---
  train_acc=0.9997 train_loss=0.0010 train_f1_macro=0.9997 train_f1_weighted=0.9997 train_prec_macro=0.9996 train_rec_macro=0.9997 train_metric_name=acc train_metric=0.9997
  val_acc=0.5404 val_loss=4.1515 val_f1_macro=0.4907 val_f1_weighted=0.5389 val_prec_macro=0.4999 val_rec_macro=0.4835 val_metric_name=acc val_metric=0.5404
  test_acc=0.5329 test_loss=4.2139 test_f1_macro=0.4711 test_f1_weighted=0.5311 test_prec_macro=0.4786 test_rec_macro=0.4651 test_metric_name=acc test_metric=0.5329
  test_acc=0.5329

============================================================
Training amazon-ratings GT 5L h=512 lr=0.0001 split=2
============================================================
Training for 5000 steps
Step    1 | loss 1.8374 | val_acc=0.3678 val_loss=2.9709 val_f1_macro=0.1076 val_f1_weighted=0.1978 val_prec_macro=0.0736 val_rec_macro=0.2000 val_metric_name=acc val_metric=0.3678
Step   50 | loss 1.3933 | val_acc=0.3872 val_loss=1.3840 val_f1_macro=0.1742 val_f1_weighted=0.2857 val_prec_macro=0.1575 val_rec_macro=0.2270 val_metric_name=acc val_metric=0.3872
Step  100 | loss 1.3237 | val_acc=0.4209 val_loss=1.3358 val_f1_macro=0.2237 val_f1_weighted=0.3435 val_prec_macro=0.3281 val_rec_macro=0.2675 val_metric_name=acc val_metric=0.4209
Step  150 | loss 1.2325 | val_acc=0.4348 val_loss=1.3294 val_f1_macro=0.3137 val_f1_weighted=0.3999 val_prec_macro=0.4038 val_rec_macro=0.3215 val_metric_name=acc val_metric=0.4348
Step  200 | loss 1.1286 | val_acc=0.4588 val_loss=1.3136 val_f1_macro=0.3738 val_f1_weighted=0.4423 val_prec_macro=0.4059 val_rec_macro=0.3693 val_metric_name=acc val_metric=0.4588
Step  250 | loss 1.0223 | val_acc=0.4810 val_loss=1.3488 val_f1_macro=0.4031 val_f1_weighted=0.4661 val_prec_macro=0.4399 val_rec_macro=0.3956 val_metric_name=acc val_metric=0.4810
Step  300 | loss 0.9126 | val_acc=0.4981 val_loss=1.4072 val_f1_macro=0.4355 val_f1_weighted=0.4908 val_prec_macro=0.4623 val_rec_macro=0.4225 val_metric_name=acc val_metric=0.4981
Step  350 | loss 0.7738 | val_acc=0.5086 val_loss=1.5239 val_f1_macro=0.4503 val_f1_weighted=0.5007 val_prec_macro=0.4746 val_rec_macro=0.4410 val_metric_name=acc val_metric=0.5086
Step  400 | loss 0.6518 | val_acc=0.5177 val_loss=1.6952 val_f1_macro=0.4582 val_f1_weighted=0.5102 val_prec_macro=0.4838 val_rec_macro=0.4477 val_metric_name=acc val_metric=0.5177
Step  450 | loss 0.5183 | val_acc=0.5205 val_loss=1.9038 val_f1_macro=0.4701 val_f1_weighted=0.5178 val_prec_macro=0.4757 val_rec_macro=0.4691 val_metric_name=acc val_metric=0.5205
Step  500 | loss 0.3990 | val_acc=0.5254 val_loss=2.1616 val_f1_macro=0.4749 val_f1_weighted=0.5237 val_prec_macro=0.4795 val_rec_macro=0.4731 val_metric_name=acc val_metric=0.5254
Step  550 | loss 0.3099 | val_acc=0.5254 val_loss=2.4015 val_f1_macro=0.4710 val_f1_weighted=0.5242 val_prec_macro=0.4732 val_rec_macro=0.4700 val_metric_name=acc val_metric=0.5254
Step  600 | loss 0.2406 | val_acc=0.5244 val_loss=2.6199 val_f1_macro=0.4740 val_f1_weighted=0.5231 val_prec_macro=0.4789 val_rec_macro=0.4702 val_metric_name=acc val_metric=0.5244
Step  650 | loss 0.1938 | val_acc=0.5260 val_loss=2.8273 val_f1_macro=0.4736 val_f1_weighted=0.5252 val_prec_macro=0.4763 val_rec_macro=0.4733 val_metric_name=acc val_metric=0.5260
Step  700 | loss 0.1521 | val_acc=0.5290 val_loss=2.9826 val_f1_macro=0.4771 val_f1_weighted=0.5278 val_prec_macro=0.4832 val_rec_macro=0.4722 val_metric_name=acc val_metric=0.5290
Step  750 | loss 0.1270 | val_acc=0.5308 val_loss=3.1119 val_f1_macro=0.4812 val_f1_weighted=0.5289 val_prec_macro=0.4903 val_rec_macro=0.4740 val_metric_name=acc val_metric=0.5308
Step  800 | loss 0.1016 | val_acc=0.5260 val_loss=3.2616 val_f1_macro=0.4735 val_f1_weighted=0.5248 val_prec_macro=0.4801 val_rec_macro=0.4686 val_metric_name=acc val_metric=0.5260
Step  850 | loss 0.0832 | val_acc=0.5327 val_loss=3.3551 val_f1_macro=0.4800 val_f1_weighted=0.5313 val_prec_macro=0.4878 val_rec_macro=0.4742 val_metric_name=acc val_metric=0.5327
Step  900 | loss 0.0712 | val_acc=0.5347 val_loss=3.4216 val_f1_macro=0.4826 val_f1_weighted=0.5335 val_prec_macro=0.4883 val_rec_macro=0.4780 val_metric_name=acc val_metric=0.5347
Step  950 | loss 0.0623 | val_acc=0.5326 val_loss=3.5001 val_f1_macro=0.4818 val_f1_weighted=0.5311 val_prec_macro=0.4899 val_rec_macro=0.4756 val_metric_name=acc val_metric=0.5326
Step 1000 | loss 0.0547 | val_acc=0.5357 val_loss=3.5622 val_f1_macro=0.4846 val_f1_weighted=0.5335 val_prec_macro=0.4960 val_rec_macro=0.4759 val_metric_name=acc val_metric=0.5357
Step 1050 | loss 0.0455 | val_acc=0.5318 val_loss=3.6175 val_f1_macro=0.4781 val_f1_weighted=0.5302 val_prec_macro=0.4878 val_rec_macro=0.4716 val_metric_name=acc val_metric=0.5318
Step 1100 | loss 0.0444 | val_acc=0.5352 val_loss=3.6740 val_f1_macro=0.4806 val_f1_weighted=0.5327 val_prec_macro=0.4945 val_rec_macro=0.4707 val_metric_name=acc val_metric=0.5352
Step 1150 | loss 0.0383 | val_acc=0.5370 val_loss=3.7400 val_f1_macro=0.4860 val_f1_weighted=0.5352 val_prec_macro=0.4981 val_rec_macro=0.4773 val_metric_name=acc val_metric=0.5370
Step 1200 | loss 0.0382 | val_acc=0.5357 val_loss=3.7787 val_f1_macro=0.4852 val_f1_weighted=0.5336 val_prec_macro=0.4987 val_rec_macro=0.4754 val_metric_name=acc val_metric=0.5357
Step 1250 | loss 0.0321 | val_acc=0.5342 val_loss=3.8208 val_f1_macro=0.4805 val_f1_weighted=0.5325 val_prec_macro=0.4919 val_rec_macro=0.4725 val_metric_name=acc val_metric=0.5342
Step 1300 | loss 0.0305 | val_acc=0.5323 val_loss=3.8591 val_f1_macro=0.4811 val_f1_weighted=0.5304 val_prec_macro=0.4932 val_rec_macro=0.4721 val_metric_name=acc val_metric=0.5323
Step 1350 | loss 0.0299 | val_acc=0.5344 val_loss=3.9025 val_f1_macro=0.4812 val_f1_weighted=0.5328 val_prec_macro=0.4906 val_rec_macro=0.4738 val_metric_name=acc val_metric=0.5344
Step 1400 | loss 0.0274 | val_acc=0.5327 val_loss=3.9624 val_f1_macro=0.4794 val_f1_weighted=0.5310 val_prec_macro=0.4897 val_rec_macro=0.4716 val_metric_name=acc val_metric=0.5327
Step 1450 | loss 0.0247 | val_acc=0.5362 val_loss=3.9803 val_f1_macro=0.4842 val_f1_weighted=0.5343 val_prec_macro=0.4954 val_rec_macro=0.4760 val_metric_name=acc val_metric=0.5362
Step 1500 | loss 0.0214 | val_acc=0.5347 val_loss=4.0072 val_f1_macro=0.4836 val_f1_weighted=0.5326 val_prec_macro=0.4993 val_rec_macro=0.4725 val_metric_name=acc val_metric=0.5347
Step 1550 | loss 0.0201 | val_acc=0.5385 val_loss=4.0338 val_f1_macro=0.4849 val_f1_weighted=0.5363 val_prec_macro=0.4979 val_rec_macro=0.4753 val_metric_name=acc val_metric=0.5385
Step 1600 | loss 0.0224 | val_acc=0.5370 val_loss=4.0418 val_f1_macro=0.4842 val_f1_weighted=0.5353 val_prec_macro=0.4943 val_rec_macro=0.4767 val_metric_name=acc val_metric=0.5370
Step 1650 | loss 0.0188 | val_acc=0.5367 val_loss=4.0571 val_f1_macro=0.4852 val_f1_weighted=0.5346 val_prec_macro=0.4970 val_rec_macro=0.4771 val_metric_name=acc val_metric=0.5367
Step 1700 | loss 0.0214 | val_acc=0.5337 val_loss=4.0763 val_f1_macro=0.4799 val_f1_weighted=0.5314 val_prec_macro=0.4929 val_rec_macro=0.4703 val_metric_name=acc val_metric=0.5337
Step 1750 | loss 0.0147 | val_acc=0.5347 val_loss=4.1471 val_f1_macro=0.4823 val_f1_weighted=0.5332 val_prec_macro=0.4916 val_rec_macro=0.4751 val_metric_name=acc val_metric=0.5347
Step 1800 | loss 0.0176 | val_acc=0.5362 val_loss=4.1171 val_f1_macro=0.4812 val_f1_weighted=0.5345 val_prec_macro=0.4905 val_rec_macro=0.4741 val_metric_name=acc val_metric=0.5362
Step 1850 | loss 0.0154 | val_acc=0.5370 val_loss=4.1781 val_f1_macro=0.4839 val_f1_weighted=0.5349 val_prec_macro=0.4949 val_rec_macro=0.4751 val_metric_name=acc val_metric=0.5370
Step 1900 | loss 0.0149 | val_acc=0.5368 val_loss=4.2143 val_f1_macro=0.4819 val_f1_weighted=0.5347 val_prec_macro=0.4904 val_rec_macro=0.4751 val_metric_name=acc val_metric=0.5368
Step 1950 | loss 0.0136 | val_acc=0.5354 val_loss=4.2246 val_f1_macro=0.4815 val_f1_weighted=0.5330 val_prec_macro=0.4933 val_rec_macro=0.4727 val_metric_name=acc val_metric=0.5354
Step 2000 | loss 0.0144 | val_acc=0.5357 val_loss=4.2171 val_f1_macro=0.4823 val_f1_weighted=0.5330 val_prec_macro=0.4981 val_rec_macro=0.4713 val_metric_name=acc val_metric=0.5357
Step 2050 | loss 0.0130 | val_acc=0.5429 val_loss=4.2601 val_f1_macro=0.4919 val_f1_weighted=0.5407 val_prec_macro=0.5025 val_rec_macro=0.4843 val_metric_name=acc val_metric=0.5429
Step 2100 | loss 0.0083 | val_acc=0.5407 val_loss=4.2614 val_f1_macro=0.4875 val_f1_weighted=0.5386 val_prec_macro=0.4982 val_rec_macro=0.4795 val_metric_name=acc val_metric=0.5407
Step 2150 | loss 0.0109 | val_acc=0.5376 val_loss=4.2790 val_f1_macro=0.4872 val_f1_weighted=0.5360 val_prec_macro=0.4965 val_rec_macro=0.4802 val_metric_name=acc val_metric=0.5376
Step 2200 | loss 0.0106 | val_acc=0.5370 val_loss=4.2901 val_f1_macro=0.4859 val_f1_weighted=0.5350 val_prec_macro=0.4977 val_rec_macro=0.4772 val_metric_name=acc val_metric=0.5370
Step 2250 | loss 0.0112 | val_acc=0.5388 val_loss=4.3012 val_f1_macro=0.4812 val_f1_weighted=0.5365 val_prec_macro=0.4927 val_rec_macro=0.4734 val_metric_name=acc val_metric=0.5388
Step 2300 | loss 0.0097 | val_acc=0.5365 val_loss=4.3251 val_f1_macro=0.4857 val_f1_weighted=0.5344 val_prec_macro=0.4999 val_rec_macro=0.4755 val_metric_name=acc val_metric=0.5365
Step 2350 | loss 0.0096 | val_acc=0.5398 val_loss=4.3376 val_f1_macro=0.4868 val_f1_weighted=0.5379 val_prec_macro=0.4970 val_rec_macro=0.4789 val_metric_name=acc val_metric=0.5398
Early stopping at step 2350

--- Final (best ckpt @ step 2050) ---
  train_acc=0.9997 train_loss=0.0006 train_f1_macro=0.9998 train_f1_weighted=0.9997 train_prec_macro=0.9998 train_rec_macro=0.9997 train_metric_name=acc train_metric=0.9997
  val_acc=0.5429 val_loss=4.2601 val_f1_macro=0.4919 val_f1_weighted=0.5407 val_prec_macro=0.5025 val_rec_macro=0.4843 val_metric_name=acc val_metric=0.5429
  test_acc=0.5344 test_loss=4.3367 test_f1_macro=0.4769 test_f1_weighted=0.5325 test_prec_macro=0.4842 test_rec_macro=0.4714 test_metric_name=acc test_metric=0.5344
  test_acc=0.5344

============================================================
Training amazon-ratings GT 5L h=512 lr=1e-05 split=2
============================================================
Training for 5000 steps
Step    1 | loss 1.8374 | val_acc=0.2502 val_loss=1.6467 val_f1_macro=0.1336 val_f1_weighted=0.1670 val_prec_macro=0.1810 val_rec_macro=0.2025 val_metric_name=acc val_metric=0.2502
Step   50 | loss 1.4221 | val_acc=0.3773 val_loss=1.3976 val_f1_macro=0.1502 val_f1_weighted=0.2542 val_prec_macro=0.1556 val_rec_macro=0.2133 val_metric_name=acc val_metric=0.3773
Step  100 | loss 1.3960 | val_acc=0.3954 val_loss=1.3751 val_f1_macro=0.1833 val_f1_weighted=0.2978 val_prec_macro=0.2024 val_rec_macro=0.2348 val_metric_name=acc val_metric=0.3954
Step  150 | loss 1.3747 | val_acc=0.4078 val_loss=1.3582 val_f1_macro=0.1983 val_f1_weighted=0.3167 val_prec_macro=0.2194 val_rec_macro=0.2491 val_metric_name=acc val_metric=0.4078
Step  200 | loss 1.3591 | val_acc=0.4153 val_loss=1.3474 val_f1_macro=0.2115 val_f1_weighted=0.3324 val_prec_macro=0.2438 val_rec_macro=0.2583 val_metric_name=acc val_metric=0.4153
Step  250 | loss 1.3420 | val_acc=0.4155 val_loss=1.3432 val_f1_macro=0.2182 val_f1_weighted=0.3391 val_prec_macro=0.2315 val_rec_macro=0.2640 val_metric_name=acc val_metric=0.4155
Step  300 | loss 1.3241 | val_acc=0.4241 val_loss=1.3354 val_f1_macro=0.2379 val_f1_weighted=0.3562 val_prec_macro=0.3848 val_rec_macro=0.2759 val_metric_name=acc val_metric=0.4241
Step  350 | loss 1.3019 | val_acc=0.4290 val_loss=1.3284 val_f1_macro=0.2560 val_f1_weighted=0.3735 val_prec_macro=0.3429 val_rec_macro=0.2852 val_metric_name=acc val_metric=0.4290
Step  400 | loss 1.2869 | val_acc=0.4328 val_loss=1.3295 val_f1_macro=0.2738 val_f1_weighted=0.3844 val_prec_macro=0.3697 val_rec_macro=0.2969 val_metric_name=acc val_metric=0.4328
Step  450 | loss 1.2703 | val_acc=0.4370 val_loss=1.3304 val_f1_macro=0.2978 val_f1_weighted=0.3980 val_prec_macro=0.3952 val_rec_macro=0.3113 val_metric_name=acc val_metric=0.4370
Step  500 | loss 1.2510 | val_acc=0.4411 val_loss=1.3292 val_f1_macro=0.3173 val_f1_weighted=0.4053 val_prec_macro=0.4173 val_rec_macro=0.3239 val_metric_name=acc val_metric=0.4411
Step  550 | loss 1.2268 | val_acc=0.4477 val_loss=1.3266 val_f1_macro=0.3331 val_f1_weighted=0.4159 val_prec_macro=0.4169 val_rec_macro=0.3350 val_metric_name=acc val_metric=0.4477
Step  600 | loss 1.2129 | val_acc=0.4499 val_loss=1.3275 val_f1_macro=0.3352 val_f1_weighted=0.4200 val_prec_macro=0.4120 val_rec_macro=0.3348 val_metric_name=acc val_metric=0.4499
Step  650 | loss 1.1889 | val_acc=0.4561 val_loss=1.3278 val_f1_macro=0.3453 val_f1_weighted=0.4287 val_prec_macro=0.4132 val_rec_macro=0.3437 val_metric_name=acc val_metric=0.4561
Step  700 | loss 1.1728 | val_acc=0.4588 val_loss=1.3296 val_f1_macro=0.3525 val_f1_weighted=0.4341 val_prec_macro=0.4127 val_rec_macro=0.3497 val_metric_name=acc val_metric=0.4588
Step  750 | loss 1.1535 | val_acc=0.4573 val_loss=1.3331 val_f1_macro=0.3538 val_f1_weighted=0.4322 val_prec_macro=0.4150 val_rec_macro=0.3507 val_metric_name=acc val_metric=0.4573
Step  800 | loss 1.1447 | val_acc=0.4563 val_loss=1.3453 val_f1_macro=0.3585 val_f1_weighted=0.4328 val_prec_macro=0.4108 val_rec_macro=0.3566 val_metric_name=acc val_metric=0.4563
Step  850 | loss 1.1175 | val_acc=0.4630 val_loss=1.3375 val_f1_macro=0.3636 val_f1_weighted=0.4404 val_prec_macro=0.4126 val_rec_macro=0.3600 val_metric_name=acc val_metric=0.4630
Step  900 | loss 1.1049 | val_acc=0.4684 val_loss=1.3424 val_f1_macro=0.3685 val_f1_weighted=0.4476 val_prec_macro=0.4159 val_rec_macro=0.3620 val_metric_name=acc val_metric=0.4684
Step  950 | loss 1.0875 | val_acc=0.4728 val_loss=1.3516 val_f1_macro=0.3744 val_f1_weighted=0.4515 val_prec_macro=0.4265 val_rec_macro=0.3689 val_metric_name=acc val_metric=0.4728
Step 1000 | loss 1.0747 | val_acc=0.4749 val_loss=1.3548 val_f1_macro=0.3783 val_f1_weighted=0.4545 val_prec_macro=0.4289 val_rec_macro=0.3705 val_metric_name=acc val_metric=0.4749
Step 1050 | loss 1.0510 | val_acc=0.4764 val_loss=1.3542 val_f1_macro=0.3869 val_f1_weighted=0.4591 val_prec_macro=0.4281 val_rec_macro=0.3794 val_metric_name=acc val_metric=0.4764
Step 1100 | loss 1.0421 | val_acc=0.4844 val_loss=1.3603 val_f1_macro=0.3975 val_f1_weighted=0.4673 val_prec_macro=0.4415 val_rec_macro=0.3867 val_metric_name=acc val_metric=0.4844
Step 1150 | loss 1.0238 | val_acc=0.4829 val_loss=1.3760 val_f1_macro=0.4021 val_f1_weighted=0.4666 val_prec_macro=0.4462 val_rec_macro=0.3929 val_metric_name=acc val_metric=0.4829
Step 1200 | loss 1.0008 | val_acc=0.4865 val_loss=1.3752 val_f1_macro=0.4095 val_f1_weighted=0.4729 val_prec_macro=0.4417 val_rec_macro=0.4018 val_metric_name=acc val_metric=0.4865
Step 1250 | loss 0.9881 | val_acc=0.4914 val_loss=1.3821 val_f1_macro=0.4167 val_f1_weighted=0.4781 val_prec_macro=0.4515 val_rec_macro=0.4076 val_metric_name=acc val_metric=0.4914
Step 1300 | loss 0.9664 | val_acc=0.4937 val_loss=1.3946 val_f1_macro=0.4185 val_f1_weighted=0.4811 val_prec_macro=0.4489 val_rec_macro=0.4114 val_metric_name=acc val_metric=0.4937
Step 1350 | loss 0.9525 | val_acc=0.4937 val_loss=1.4080 val_f1_macro=0.4220 val_f1_weighted=0.4816 val_prec_macro=0.4480 val_rec_macro=0.4159 val_metric_name=acc val_metric=0.4937
Step 1400 | loss 0.9298 | val_acc=0.4984 val_loss=1.4150 val_f1_macro=0.4265 val_f1_weighted=0.4867 val_prec_macro=0.4525 val_rec_macro=0.4189 val_metric_name=acc val_metric=0.4984
Step 1450 | loss 0.9235 | val_acc=0.5019 val_loss=1.4319 val_f1_macro=0.4307 val_f1_weighted=0.4899 val_prec_macro=0.4606 val_rec_macro=0.4229 val_metric_name=acc val_metric=0.5019
Step 1500 | loss 0.8975 | val_acc=0.5058 val_loss=1.4441 val_f1_macro=0.4360 val_f1_weighted=0.4939 val_prec_macro=0.4655 val_rec_macro=0.4276 val_metric_name=acc val_metric=0.5058
Step 1550 | loss 0.8887 | val_acc=0.5022 val_loss=1.4546 val_f1_macro=0.4389 val_f1_weighted=0.4933 val_prec_macro=0.4588 val_rec_macro=0.4326 val_metric_name=acc val_metric=0.5022
Step 1600 | loss 0.8718 | val_acc=0.5007 val_loss=1.4668 val_f1_macro=0.4379 val_f1_weighted=0.4928 val_prec_macro=0.4543 val_rec_macro=0.4342 val_metric_name=acc val_metric=0.5007
Step 1650 | loss 0.8431 | val_acc=0.5086 val_loss=1.4852 val_f1_macro=0.4463 val_f1_weighted=0.5004 val_prec_macro=0.4689 val_rec_macro=0.4385 val_metric_name=acc val_metric=0.5086
Step 1700 | loss 0.8272 | val_acc=0.5042 val_loss=1.5015 val_f1_macro=0.4409 val_f1_weighted=0.4968 val_prec_macro=0.4575 val_rec_macro=0.4349 val_metric_name=acc val_metric=0.5042
Step 1750 | loss 0.8183 | val_acc=0.5038 val_loss=1.5121 val_f1_macro=0.4407 val_f1_weighted=0.4965 val_prec_macro=0.4559 val_rec_macro=0.4366 val_metric_name=acc val_metric=0.5038
Step 1800 | loss 0.7945 | val_acc=0.5055 val_loss=1.5390 val_f1_macro=0.4434 val_f1_weighted=0.4984 val_prec_macro=0.4573 val_rec_macro=0.4418 val_metric_name=acc val_metric=0.5055
Step 1850 | loss 0.7795 | val_acc=0.5069 val_loss=1.5651 val_f1_macro=0.4455 val_f1_weighted=0.5001 val_prec_macro=0.4588 val_rec_macro=0.4445 val_metric_name=acc val_metric=0.5069
Step 1900 | loss 0.7517 | val_acc=0.5109 val_loss=1.5789 val_f1_macro=0.4500 val_f1_weighted=0.5051 val_prec_macro=0.4621 val_rec_macro=0.4470 val_metric_name=acc val_metric=0.5109
Step 1950 | loss 0.7312 | val_acc=0.5112 val_loss=1.6073 val_f1_macro=0.4497 val_f1_weighted=0.5054 val_prec_macro=0.4600 val_rec_macro=0.4493 val_metric_name=acc val_metric=0.5112
Step 2000 | loss 0.7089 | val_acc=0.5133 val_loss=1.6188 val_f1_macro=0.4549 val_f1_weighted=0.5078 val_prec_macro=0.4678 val_rec_macro=0.4512 val_metric_name=acc val_metric=0.5133
Step 2050 | loss 0.6995 | val_acc=0.5112 val_loss=1.6455 val_f1_macro=0.4535 val_f1_weighted=0.5070 val_prec_macro=0.4609 val_rec_macro=0.4523 val_metric_name=acc val_metric=0.5112
Step 2100 | loss 0.6759 | val_acc=0.5164 val_loss=1.6677 val_f1_macro=0.4585 val_f1_weighted=0.5126 val_prec_macro=0.4673 val_rec_macro=0.4569 val_metric_name=acc val_metric=0.5164
Step 2150 | loss 0.6630 | val_acc=0.5148 val_loss=1.6962 val_f1_macro=0.4566 val_f1_weighted=0.5112 val_prec_macro=0.4628 val_rec_macro=0.4571 val_metric_name=acc val_metric=0.5148
Step 2200 | loss 0.6369 | val_acc=0.5184 val_loss=1.7306 val_f1_macro=0.4602 val_f1_weighted=0.5147 val_prec_macro=0.4669 val_rec_macro=0.4598 val_metric_name=acc val_metric=0.5184
Step 2250 | loss 0.6261 | val_acc=0.5234 val_loss=1.7500 val_f1_macro=0.4661 val_f1_weighted=0.5198 val_prec_macro=0.4735 val_rec_macro=0.4654 val_metric_name=acc val_metric=0.5234
Step 2300 | loss 0.6020 | val_acc=0.5229 val_loss=1.7799 val_f1_macro=0.4690 val_f1_weighted=0.5211 val_prec_macro=0.4714 val_rec_macro=0.4708 val_metric_name=acc val_metric=0.5229
Step 2350 | loss 0.5805 | val_acc=0.5211 val_loss=1.8188 val_f1_macro=0.4644 val_f1_weighted=0.5187 val_prec_macro=0.4679 val_rec_macro=0.4662 val_metric_name=acc val_metric=0.5211
Step 2400 | loss 0.5669 | val_acc=0.5233 val_loss=1.8513 val_f1_macro=0.4687 val_f1_weighted=0.5213 val_prec_macro=0.4716 val_rec_macro=0.4697 val_metric_name=acc val_metric=0.5233
Step 2450 | loss 0.5456 | val_acc=0.5285 val_loss=1.8786 val_f1_macro=0.4734 val_f1_weighted=0.5264 val_prec_macro=0.4763 val_rec_macro=0.4744 val_metric_name=acc val_metric=0.5285
Step 2500 | loss 0.5288 | val_acc=0.5272 val_loss=1.9130 val_f1_macro=0.4734 val_f1_weighted=0.5250 val_prec_macro=0.4770 val_rec_macro=0.4743 val_metric_name=acc val_metric=0.5272
Step 2550 | loss 0.5157 | val_acc=0.5269 val_loss=1.9508 val_f1_macro=0.4718 val_f1_weighted=0.5248 val_prec_macro=0.4751 val_rec_macro=0.4725 val_metric_name=acc val_metric=0.5269
Step 2600 | loss 0.5013 | val_acc=0.5292 val_loss=1.9722 val_f1_macro=0.4746 val_f1_weighted=0.5275 val_prec_macro=0.4768 val_rec_macro=0.4765 val_metric_name=acc val_metric=0.5292
Step 2650 | loss 0.4749 | val_acc=0.5269 val_loss=2.0057 val_f1_macro=0.4730 val_f1_weighted=0.5253 val_prec_macro=0.4756 val_rec_macro=0.4731 val_metric_name=acc val_metric=0.5269
Step 2700 | loss 0.4618 | val_acc=0.5269 val_loss=2.0420 val_f1_macro=0.4719 val_f1_weighted=0.5255 val_prec_macro=0.4743 val_rec_macro=0.4715 val_metric_name=acc val_metric=0.5269
Step 2750 | loss 0.4407 | val_acc=0.5278 val_loss=2.0712 val_f1_macro=0.4767 val_f1_weighted=0.5264 val_prec_macro=0.4797 val_rec_macro=0.4758 val_metric_name=acc val_metric=0.5278
Step 2800 | loss 0.4374 | val_acc=0.5278 val_loss=2.1125 val_f1_macro=0.4770 val_f1_weighted=0.5266 val_prec_macro=0.4783 val_rec_macro=0.4781 val_metric_name=acc val_metric=0.5278
Step 2850 | loss 0.4172 | val_acc=0.5282 val_loss=2.1495 val_f1_macro=0.4776 val_f1_weighted=0.5269 val_prec_macro=0.4799 val_rec_macro=0.4771 val_metric_name=acc val_metric=0.5282
Step 2900 | loss 0.4016 | val_acc=0.5287 val_loss=2.1826 val_f1_macro=0.4779 val_f1_weighted=0.5272 val_prec_macro=0.4801 val_rec_macro=0.4778 val_metric_name=acc val_metric=0.5287
Step 2950 | loss 0.3961 | val_acc=0.5290 val_loss=2.2061 val_f1_macro=0.4781 val_f1_weighted=0.5276 val_prec_macro=0.4813 val_rec_macro=0.4769 val_metric_name=acc val_metric=0.5290
Step 3000 | loss 0.3675 | val_acc=0.5298 val_loss=2.2545 val_f1_macro=0.4792 val_f1_weighted=0.5286 val_prec_macro=0.4819 val_rec_macro=0.4779 val_metric_name=acc val_metric=0.5298
Step 3050 | loss 0.3602 | val_acc=0.5283 val_loss=2.2941 val_f1_macro=0.4759 val_f1_weighted=0.5275 val_prec_macro=0.4770 val_rec_macro=0.4764 val_metric_name=acc val_metric=0.5283
Step 3100 | loss 0.3492 | val_acc=0.5316 val_loss=2.3180 val_f1_macro=0.4777 val_f1_weighted=0.5308 val_prec_macro=0.4784 val_rec_macro=0.4784 val_metric_name=acc val_metric=0.5316
Step 3150 | loss 0.3406 | val_acc=0.5306 val_loss=2.3551 val_f1_macro=0.4767 val_f1_weighted=0.5297 val_prec_macro=0.4782 val_rec_macro=0.4760 val_metric_name=acc val_metric=0.5306
Step 3200 | loss 0.3281 | val_acc=0.5277 val_loss=2.3809 val_f1_macro=0.4766 val_f1_weighted=0.5267 val_prec_macro=0.4781 val_rec_macro=0.4761 val_metric_name=acc val_metric=0.5277
Step 3250 | loss 0.3153 | val_acc=0.5300 val_loss=2.4244 val_f1_macro=0.4790 val_f1_weighted=0.5288 val_prec_macro=0.4817 val_rec_macro=0.4775 val_metric_name=acc val_metric=0.5300
Step 3300 | loss 0.3079 | val_acc=0.5303 val_loss=2.4556 val_f1_macro=0.4772 val_f1_weighted=0.5294 val_prec_macro=0.4792 val_rec_macro=0.4767 val_metric_name=acc val_metric=0.5303
Step 3350 | loss 0.2980 | val_acc=0.5305 val_loss=2.4973 val_f1_macro=0.4759 val_f1_weighted=0.5292 val_prec_macro=0.4794 val_rec_macro=0.4742 val_metric_name=acc val_metric=0.5305
Step 3400 | loss 0.2871 | val_acc=0.5326 val_loss=2.5103 val_f1_macro=0.4769 val_f1_weighted=0.5310 val_prec_macro=0.4826 val_rec_macro=0.4730 val_metric_name=acc val_metric=0.5326
Step 3450 | loss 0.2779 | val_acc=0.5311 val_loss=2.5519 val_f1_macro=0.4777 val_f1_weighted=0.5300 val_prec_macro=0.4817 val_rec_macro=0.4746 val_metric_name=acc val_metric=0.5311
Step 3500 | loss 0.2623 | val_acc=0.5352 val_loss=2.5871 val_f1_macro=0.4815 val_f1_weighted=0.5337 val_prec_macro=0.4869 val_rec_macro=0.4778 val_metric_name=acc val_metric=0.5352
Step 3550 | loss 0.2669 | val_acc=0.5324 val_loss=2.6224 val_f1_macro=0.4785 val_f1_weighted=0.5312 val_prec_macro=0.4827 val_rec_macro=0.4754 val_metric_name=acc val_metric=0.5324
Step 3600 | loss 0.2467 | val_acc=0.5337 val_loss=2.6541 val_f1_macro=0.4785 val_f1_weighted=0.5321 val_prec_macro=0.4833 val_rec_macro=0.4755 val_metric_name=acc val_metric=0.5337
Step 3650 | loss 0.2388 | val_acc=0.5324 val_loss=2.6880 val_f1_macro=0.4784 val_f1_weighted=0.5316 val_prec_macro=0.4809 val_rec_macro=0.4768 val_metric_name=acc val_metric=0.5324
Step 3700 | loss 0.2340 | val_acc=0.5347 val_loss=2.7179 val_f1_macro=0.4798 val_f1_weighted=0.5336 val_prec_macro=0.4831 val_rec_macro=0.4774 val_metric_name=acc val_metric=0.5347
Step 3750 | loss 0.2174 | val_acc=0.5341 val_loss=2.7679 val_f1_macro=0.4797 val_f1_weighted=0.5331 val_prec_macro=0.4831 val_rec_macro=0.4774 val_metric_name=acc val_metric=0.5341
Step 3800 | loss 0.2175 | val_acc=0.5336 val_loss=2.7724 val_f1_macro=0.4794 val_f1_weighted=0.5323 val_prec_macro=0.4834 val_rec_macro=0.4763 val_metric_name=acc val_metric=0.5336
Step 3850 | loss 0.2142 | val_acc=0.5337 val_loss=2.8173 val_f1_macro=0.4785 val_f1_weighted=0.5327 val_prec_macro=0.4818 val_rec_macro=0.4767 val_metric_name=acc val_metric=0.5337
Step 3900 | loss 0.2046 | val_acc=0.5362 val_loss=2.8379 val_f1_macro=0.4821 val_f1_weighted=0.5352 val_prec_macro=0.4854 val_rec_macro=0.4800 val_metric_name=acc val_metric=0.5362
Step 3950 | loss 0.1995 | val_acc=0.5362 val_loss=2.8734 val_f1_macro=0.4804 val_f1_weighted=0.5349 val_prec_macro=0.4850 val_rec_macro=0.4769 val_metric_name=acc val_metric=0.5362
Step 4000 | loss 0.1890 | val_acc=0.5358 val_loss=2.8881 val_f1_macro=0.4804 val_f1_weighted=0.5347 val_prec_macro=0.4843 val_rec_macro=0.4780 val_metric_name=acc val_metric=0.5358
Step 4050 | loss 0.1902 | val_acc=0.5360 val_loss=2.9136 val_f1_macro=0.4818 val_f1_weighted=0.5345 val_prec_macro=0.4879 val_rec_macro=0.4771 val_metric_name=acc val_metric=0.5360
Step 4100 | loss 0.1753 | val_acc=0.5349 val_loss=2.9483 val_f1_macro=0.4807 val_f1_weighted=0.5338 val_prec_macro=0.4846 val_rec_macro=0.4775 val_metric_name=acc val_metric=0.5349
Step 4150 | loss 0.1739 | val_acc=0.5372 val_loss=2.9825 val_f1_macro=0.4836 val_f1_weighted=0.5362 val_prec_macro=0.4870 val_rec_macro=0.4809 val_metric_name=acc val_metric=0.5372
Step 4200 | loss 0.1640 | val_acc=0.5381 val_loss=3.0188 val_f1_macro=0.4829 val_f1_weighted=0.5369 val_prec_macro=0.4874 val_rec_macro=0.4795 val_metric_name=acc val_metric=0.5381
Step 4250 | loss 0.1621 | val_acc=0.5357 val_loss=3.0395 val_f1_macro=0.4818 val_f1_weighted=0.5345 val_prec_macro=0.4864 val_rec_macro=0.4784 val_metric_name=acc val_metric=0.5357
Step 4300 | loss 0.1515 | val_acc=0.5394 val_loss=3.0604 val_f1_macro=0.4844 val_f1_weighted=0.5383 val_prec_macro=0.4892 val_rec_macro=0.4810 val_metric_name=acc val_metric=0.5394
Step 4350 | loss 0.1537 | val_acc=0.5378 val_loss=3.0891 val_f1_macro=0.4827 val_f1_weighted=0.5365 val_prec_macro=0.4879 val_rec_macro=0.4789 val_metric_name=acc val_metric=0.5378
Step 4400 | loss 0.1473 | val_acc=0.5357 val_loss=3.1179 val_f1_macro=0.4799 val_f1_weighted=0.5346 val_prec_macro=0.4834 val_rec_macro=0.4775 val_metric_name=acc val_metric=0.5357
Step 4450 | loss 0.1472 | val_acc=0.5412 val_loss=3.1425 val_f1_macro=0.4848 val_f1_weighted=0.5400 val_prec_macro=0.4891 val_rec_macro=0.4819 val_metric_name=acc val_metric=0.5412
Step 4500 | loss 0.1444 | val_acc=0.5358 val_loss=3.1626 val_f1_macro=0.4810 val_f1_weighted=0.5350 val_prec_macro=0.4844 val_rec_macro=0.4783 val_metric_name=acc val_metric=0.5358
Step 4550 | loss 0.1344 | val_acc=0.5388 val_loss=3.1904 val_f1_macro=0.4841 val_f1_weighted=0.5373 val_prec_macro=0.4898 val_rec_macro=0.4800 val_metric_name=acc val_metric=0.5388
Step 4600 | loss 0.1259 | val_acc=0.5350 val_loss=3.2087 val_f1_macro=0.4799 val_f1_weighted=0.5339 val_prec_macro=0.4841 val_rec_macro=0.4770 val_metric_name=acc val_metric=0.5350
Step 4650 | loss 0.1285 | val_acc=0.5358 val_loss=3.2397 val_f1_macro=0.4795 val_f1_weighted=0.5348 val_prec_macro=0.4829 val_rec_macro=0.4769 val_metric_name=acc val_metric=0.5358
Step 4700 | loss 0.1161 | val_acc=0.5360 val_loss=3.2616 val_f1_macro=0.4808 val_f1_weighted=0.5350 val_prec_macro=0.4844 val_rec_macro=0.4781 val_metric_name=acc val_metric=0.5360
Step 4750 | loss 0.1279 | val_acc=0.5375 val_loss=3.2618 val_f1_macro=0.4813 val_f1_weighted=0.5359 val_prec_macro=0.4870 val_rec_macro=0.4769 val_metric_name=acc val_metric=0.5375
Early stopping at step 4750

--- Final (best ckpt @ step 4450) ---
  train_acc=0.9950 train_loss=0.0155 train_f1_macro=0.9942 train_f1_weighted=0.9950 train_prec_macro=0.9927 train_rec_macro=0.9957 train_metric_name=acc train_metric=0.9950
  val_acc=0.5412 val_loss=3.1425 val_f1_macro=0.4848 val_f1_weighted=0.5400 val_prec_macro=0.4891 val_rec_macro=0.4819 val_metric_name=acc val_metric=0.5412
  test_acc=0.5321 test_loss=3.1625 test_f1_macro=0.4688 test_f1_weighted=0.5306 test_prec_macro=0.4731 test_rec_macro=0.4652 test_metric_name=acc test_metric=0.5321
  test_acc=0.5321
  >> num_layers=5 hidden_dim=256 lr=3e-05 best_step=2410 val_acc=0.5345 test_acc=0.5396
     val_acc=0.5345 val_f1_macro=0.4790 val_f1_weighted=0.5330 val_loss=2.2059 val_metric=0.5345 val_metric_name=acc val_prec_macro=0.4824 val_rec_macro=0.4779
     test_acc=0.5396 test_f1_macro=0.4780 test_f1_weighted=0.5379 test_loss=2.2407 test_metric=0.5396 test_metric_name=acc test_prec_macro=0.4822 test_rec_macro=0.4755
  >> num_layers=5 hidden_dim=256 lr=6e-05 best_step=1470 val_acc=0.5352 test_acc=0.5398
     val_acc=0.5352 val_f1_macro=0.4836 val_f1_weighted=0.5334 val_loss=2.3578 val_metric=0.5352 val_metric_name=acc val_prec_macro=0.4888 val_rec_macro=0.4802
     test_acc=0.5398 test_f1_macro=0.4768 test_f1_weighted=0.5378 test_loss=2.3948 test_metric=0.5398 test_metric_name=acc test_prec_macro=0.4832 test_rec_macro=0.4722
  >> num_layers=5 hidden_dim=256 lr=0.0001 best_step=1190 val_acc=0.5381 test_acc=0.5440
     val_acc=0.5381 val_f1_macro=0.4882 val_f1_weighted=0.5352 val_loss=2.6510 val_metric=0.5381 val_metric_name=acc val_prec_macro=0.5014 val_rec_macro=0.4794
     test_acc=0.5440 test_f1_macro=0.4810 test_f1_weighted=0.5410 test_loss=2.6805 test_metric=0.5440 test_metric_name=acc test_prec_macro=0.4931 test_rec_macro=0.4722
  >> num_layers=5 hidden_dim=256 lr=1e-05 best_step=4830 val_acc=0.5305 test_acc=0.5326
     val_acc=0.5305 val_f1_macro=0.4723 val_f1_weighted=0.5270 val_loss=1.7405 val_metric=0.5305 val_metric_name=acc val_prec_macro=0.4800 val_rec_macro=0.4723
     test_acc=0.5326 test_f1_macro=0.4712 test_f1_weighted=0.5300 test_loss=1.7759 test_metric=0.5326 test_metric_name=acc test_prec_macro=0.4760 test_rec_macro=0.4723
  >> num_layers=5 hidden_dim=384 lr=3e-05 best_step=3380 val_acc=0.5396 test_acc=0.5370
     val_acc=0.5396 val_f1_macro=0.4820 val_f1_weighted=0.5381 val_loss=3.6959 val_metric=0.5396 val_metric_name=acc val_prec_macro=0.4873 val_rec_macro=0.4777
     test_acc=0.5370 test_f1_macro=0.4747 test_f1_weighted=0.5358 test_loss=3.7021 test_metric=0.5370 test_metric_name=acc test_prec_macro=0.4789 test_rec_macro=0.4712
  >> num_layers=5 hidden_dim=384 lr=6e-05 best_step=3300 val_acc=0.5471 test_acc=0.5404
     val_acc=0.5471 val_f1_macro=0.4934 val_f1_weighted=0.5454 val_loss=4.2054 val_metric=0.5471 val_metric_name=acc val_prec_macro=0.5020 val_rec_macro=0.4865
     test_acc=0.5404 test_f1_macro=0.4803 test_f1_weighted=0.5389 test_loss=4.2549 test_metric=0.5404 test_metric_name=acc test_prec_macro=0.4873 test_rec_macro=0.4749
  >> num_layers=5 hidden_dim=384 lr=0.0001 best_step=1810 val_acc=0.5435 test_acc=0.5432
     val_acc=0.5435 val_f1_macro=0.4880 val_f1_weighted=0.5410 val_loss=3.9200 val_metric=0.5435 val_metric_name=acc val_prec_macro=0.5001 val_rec_macro=0.4793
     test_acc=0.5432 test_f1_macro=0.4811 test_f1_weighted=0.5407 test_loss=3.9316 test_metric=0.5432 test_metric_name=acc test_prec_macro=0.4924 test_rec_macro=0.4730
  >> num_layers=5 hidden_dim=384 lr=1e-05 best_step=4350 val_acc=0.5324 test_acc=0.5342
     val_acc=0.5324 val_f1_macro=0.4759 val_f1_weighted=0.5307 val_loss=2.4128 val_metric=0.5324 val_metric_name=acc val_prec_macro=0.4774 val_rec_macro=0.4762
     test_acc=0.5342 test_f1_macro=0.4726 test_f1_weighted=0.5328 test_loss=2.4127 test_metric=0.5342 test_metric_name=acc test_prec_macro=0.4747 test_rec_macro=0.4717
  >> num_layers=5 hidden_dim=512 lr=3e-05 best_step=1880 val_acc=0.5417 test_acc=0.5301
     val_acc=0.5417 val_f1_macro=0.4872 val_f1_weighted=0.5398 val_loss=3.3141 val_metric=0.5417 val_metric_name=acc val_prec_macro=0.4947 val_rec_macro=0.4816
     test_acc=0.5301 test_f1_macro=0.4684 test_f1_weighted=0.5285 test_loss=3.3308 test_metric=0.5301 test_metric_name=acc test_prec_macro=0.4725 test_rec_macro=0.4652
  >> num_layers=5 hidden_dim=512 lr=6e-05 best_step=2130 val_acc=0.5404 test_acc=0.5329
     val_acc=0.5404 val_f1_macro=0.4907 val_f1_weighted=0.5389 val_loss=4.1515 val_metric=0.5404 val_metric_name=acc val_prec_macro=0.4999 val_rec_macro=0.4835
     test_acc=0.5329 test_f1_macro=0.4711 test_f1_weighted=0.5311 test_loss=4.2139 test_metric=0.5329 test_metric_name=acc test_prec_macro=0.4786 test_rec_macro=0.4651
  >> num_layers=5 hidden_dim=512 lr=0.0001 best_step=2050 val_acc=0.5429 test_acc=0.5344
     val_acc=0.5429 val_f1_macro=0.4919 val_f1_weighted=0.5407 val_loss=4.2601 val_metric=0.5429 val_metric_name=acc val_prec_macro=0.5025 val_rec_macro=0.4843
     test_acc=0.5344 test_f1_macro=0.4769 test_f1_weighted=0.5325 test_loss=4.3367 test_metric=0.5344 test_metric_name=acc test_prec_macro=0.4842 test_rec_macro=0.4714
  >> num_layers=5 hidden_dim=512 lr=1e-05 best_step=4450 val_acc=0.5412 test_acc=0.5321
     val_acc=0.5412 val_f1_macro=0.4848 val_f1_weighted=0.5400 val_loss=3.1425 val_metric=0.5412 val_metric_name=acc val_prec_macro=0.4891 val_rec_macro=0.4819
     test_acc=0.5321 test_f1_macro=0.4688 test_f1_weighted=0.5306 test_loss=3.1625 test_metric=0.5321 test_metric_name=acc test_prec_macro=0.4731 test_rec_macro=0.4652
  >> selected best (by val): num_layers=5 hidden_dim=384 lr=6e-05 val_acc=0.5471 test_acc=0.5404
     val_acc=0.5471 val_f1_macro=0.4934 val_f1_weighted=0.5454 val_loss=4.2054 val_metric=0.5471 val_metric_name=acc val_prec_macro=0.5020 val_rec_macro=0.4865
     test_acc=0.5404 test_f1_macro=0.4803 test_f1_weighted=0.5389 test_loss=4.2549 test_metric=0.5404 test_metric_name=acc test_prec_macro=0.4873 test_rec_macro=0.4749

Done. Results saved to /home/avshmelev/diploma_yandex_graphs/results_grid/amazon_ratings/base.csv, checkpoints in /home/avshmelev/diploma_yandex_graphs/all_checkpoints/amazon_ratings/base/
