Loading data...

============================================================
Training amazon-ratings ResNet 1L h=256 lr=3e-05 split=3
============================================================
Training for 5000 steps
Step    1 | loss 1.7317 | val_acc=0.2788 val_loss=1.6488 val_f1_macro=0.1702 val_f1_weighted=0.2318 val_prec_macro=0.1505 val_rec_macro=0.2059 val_metric_name=acc val_metric=0.2788
Step   50 | loss 1.4502 | val_acc=0.3647 val_loss=1.4349 val_f1_macro=0.1557 val_f1_weighted=0.2593 val_prec_macro=0.1880 val_rec_macro=0.2091 val_metric_name=acc val_metric=0.3647
Step  100 | loss 1.4311 | val_acc=0.3702 val_loss=1.4141 val_f1_macro=0.1626 val_f1_weighted=0.2687 val_prec_macro=0.1944 val_rec_macro=0.2142 val_metric_name=acc val_metric=0.3702
Step  150 | loss 1.4209 | val_acc=0.3735 val_loss=1.4058 val_f1_macro=0.1728 val_f1_weighted=0.2817 val_prec_macro=0.1963 val_rec_macro=0.2204 val_metric_name=acc val_metric=0.3735
Step  200 | loss 1.4033 | val_acc=0.3782 val_loss=1.3998 val_f1_macro=0.1804 val_f1_weighted=0.2914 val_prec_macro=0.1991 val_rec_macro=0.2265 val_metric_name=acc val_metric=0.3782
Step  250 | loss 1.3961 | val_acc=0.3838 val_loss=1.3955 val_f1_macro=0.1884 val_f1_weighted=0.3015 val_prec_macro=0.2124 val_rec_macro=0.2330 val_metric_name=acc val_metric=0.3838
Step  300 | loss 1.3845 | val_acc=0.3854 val_loss=1.3923 val_f1_macro=0.1954 val_f1_weighted=0.3095 val_prec_macro=0.2146 val_rec_macro=0.2375 val_metric_name=acc val_metric=0.3854
Step  350 | loss 1.3721 | val_acc=0.3889 val_loss=1.3899 val_f1_macro=0.2020 val_f1_weighted=0.3173 val_prec_macro=0.2201 val_rec_macro=0.2418 val_metric_name=acc val_metric=0.3889
Step  400 | loss 1.3657 | val_acc=0.3885 val_loss=1.3894 val_f1_macro=0.2076 val_f1_weighted=0.3231 val_prec_macro=0.2196 val_rec_macro=0.2448 val_metric_name=acc val_metric=0.3885
Step  450 | loss 1.3533 | val_acc=0.3887 val_loss=1.3896 val_f1_macro=0.2126 val_f1_weighted=0.3274 val_prec_macro=0.2635 val_rec_macro=0.2475 val_metric_name=acc val_metric=0.3887
Step  500 | loss 1.3474 | val_acc=0.3920 val_loss=1.3901 val_f1_macro=0.2196 val_f1_weighted=0.3351 val_prec_macro=0.2742 val_rec_macro=0.2519 val_metric_name=acc val_metric=0.3920
Step  550 | loss 1.3350 | val_acc=0.3938 val_loss=1.3913 val_f1_macro=0.2259 val_f1_weighted=0.3415 val_prec_macro=0.2782 val_rec_macro=0.2552 val_metric_name=acc val_metric=0.3938
Step  600 | loss 1.3216 | val_acc=0.3934 val_loss=1.3931 val_f1_macro=0.2292 val_f1_weighted=0.3434 val_prec_macro=0.2798 val_rec_macro=0.2569 val_metric_name=acc val_metric=0.3934
Step  650 | loss 1.3097 | val_acc=0.3928 val_loss=1.3945 val_f1_macro=0.2350 val_f1_weighted=0.3467 val_prec_macro=0.3401 val_rec_macro=0.2592 val_metric_name=acc val_metric=0.3928
Step  700 | loss 1.2913 | val_acc=0.3929 val_loss=1.3978 val_f1_macro=0.2414 val_f1_weighted=0.3514 val_prec_macro=0.3238 val_rec_macro=0.2623 val_metric_name=acc val_metric=0.3929
Step  750 | loss 1.2732 | val_acc=0.3916 val_loss=1.4019 val_f1_macro=0.2437 val_f1_weighted=0.3532 val_prec_macro=0.3053 val_rec_macro=0.2634 val_metric_name=acc val_metric=0.3916
Step  800 | loss 1.2578 | val_acc=0.3911 val_loss=1.4060 val_f1_macro=0.2476 val_f1_weighted=0.3557 val_prec_macro=0.3057 val_rec_macro=0.2652 val_metric_name=acc val_metric=0.3911
Step  850 | loss 1.2289 | val_acc=0.3985 val_loss=1.4116 val_f1_macro=0.2635 val_f1_weighted=0.3670 val_prec_macro=0.3494 val_rec_macro=0.2753 val_metric_name=acc val_metric=0.3985
Step  900 | loss 1.2051 | val_acc=0.4000 val_loss=1.4195 val_f1_macro=0.2719 val_f1_weighted=0.3712 val_prec_macro=0.3548 val_rec_macro=0.2803 val_metric_name=acc val_metric=0.4000
Step  950 | loss 1.1797 | val_acc=0.4026 val_loss=1.4285 val_f1_macro=0.2793 val_f1_weighted=0.3767 val_prec_macro=0.3595 val_rec_macro=0.2846 val_metric_name=acc val_metric=0.4026
Step 1000 | loss 1.1429 | val_acc=0.4078 val_loss=1.4396 val_f1_macro=0.2885 val_f1_weighted=0.3839 val_prec_macro=0.3669 val_rec_macro=0.2914 val_metric_name=acc val_metric=0.4078
Step 1050 | loss 1.1192 | val_acc=0.4107 val_loss=1.4521 val_f1_macro=0.2950 val_f1_weighted=0.3885 val_prec_macro=0.3742 val_rec_macro=0.2954 val_metric_name=acc val_metric=0.4107
Step 1100 | loss 1.0892 | val_acc=0.4153 val_loss=1.4667 val_f1_macro=0.3026 val_f1_weighted=0.3952 val_prec_macro=0.3669 val_rec_macro=0.3012 val_metric_name=acc val_metric=0.4153
Step 1150 | loss 1.0543 | val_acc=0.4217 val_loss=1.4813 val_f1_macro=0.3133 val_f1_weighted=0.4038 val_prec_macro=0.3730 val_rec_macro=0.3099 val_metric_name=acc val_metric=0.4217
Step 1200 | loss 1.0313 | val_acc=0.4276 val_loss=1.4999 val_f1_macro=0.3225 val_f1_weighted=0.4102 val_prec_macro=0.3872 val_rec_macro=0.3170 val_metric_name=acc val_metric=0.4276
Step 1250 | loss 0.9987 | val_acc=0.4312 val_loss=1.5165 val_f1_macro=0.3310 val_f1_weighted=0.4157 val_prec_macro=0.3929 val_rec_macro=0.3236 val_metric_name=acc val_metric=0.4312
Step 1300 | loss 0.9746 | val_acc=0.4323 val_loss=1.5381 val_f1_macro=0.3362 val_f1_weighted=0.4182 val_prec_macro=0.3934 val_rec_macro=0.3276 val_metric_name=acc val_metric=0.4323
Step 1350 | loss 0.9435 | val_acc=0.4375 val_loss=1.5582 val_f1_macro=0.3480 val_f1_weighted=0.4248 val_prec_macro=0.4030 val_rec_macro=0.3370 val_metric_name=acc val_metric=0.4375
Step 1400 | loss 0.9241 | val_acc=0.4375 val_loss=1.5782 val_f1_macro=0.3519 val_f1_weighted=0.4258 val_prec_macro=0.4047 val_rec_macro=0.3398 val_metric_name=acc val_metric=0.4375
Step 1450 | loss 0.8950 | val_acc=0.4390 val_loss=1.5997 val_f1_macro=0.3572 val_f1_weighted=0.4284 val_prec_macro=0.4068 val_rec_macro=0.3440 val_metric_name=acc val_metric=0.4390
Step 1500 | loss 0.8739 | val_acc=0.4439 val_loss=1.6231 val_f1_macro=0.3644 val_f1_weighted=0.4339 val_prec_macro=0.4119 val_rec_macro=0.3507 val_metric_name=acc val_metric=0.4439
Step 1550 | loss 0.8494 | val_acc=0.4452 val_loss=1.6474 val_f1_macro=0.3678 val_f1_weighted=0.4358 val_prec_macro=0.4133 val_rec_macro=0.3541 val_metric_name=acc val_metric=0.4452
Step 1600 | loss 0.8210 | val_acc=0.4496 val_loss=1.6722 val_f1_macro=0.3758 val_f1_weighted=0.4408 val_prec_macro=0.4227 val_rec_macro=0.3606 val_metric_name=acc val_metric=0.4496
Step 1650 | loss 0.8037 | val_acc=0.4514 val_loss=1.7002 val_f1_macro=0.3799 val_f1_weighted=0.4431 val_prec_macro=0.4237 val_rec_macro=0.3646 val_metric_name=acc val_metric=0.4514
Step 1700 | loss 0.7823 | val_acc=0.4545 val_loss=1.7225 val_f1_macro=0.3851 val_f1_weighted=0.4471 val_prec_macro=0.4246 val_rec_macro=0.3703 val_metric_name=acc val_metric=0.4545
Step 1750 | loss 0.7578 | val_acc=0.4570 val_loss=1.7472 val_f1_macro=0.3903 val_f1_weighted=0.4498 val_prec_macro=0.4302 val_rec_macro=0.3750 val_metric_name=acc val_metric=0.4570
Step 1800 | loss 0.7440 | val_acc=0.4588 val_loss=1.7722 val_f1_macro=0.3921 val_f1_weighted=0.4518 val_prec_macro=0.4330 val_rec_macro=0.3765 val_metric_name=acc val_metric=0.4588
Step 1850 | loss 0.7171 | val_acc=0.4606 val_loss=1.8004 val_f1_macro=0.3958 val_f1_weighted=0.4540 val_prec_macro=0.4349 val_rec_macro=0.3802 val_metric_name=acc val_metric=0.4606
Step 1900 | loss 0.6971 | val_acc=0.4632 val_loss=1.8216 val_f1_macro=0.4009 val_f1_weighted=0.4566 val_prec_macro=0.4425 val_rec_macro=0.3842 val_metric_name=acc val_metric=0.4632
Step 1950 | loss 0.6765 | val_acc=0.4666 val_loss=1.8488 val_f1_macro=0.4071 val_f1_weighted=0.4607 val_prec_macro=0.4481 val_rec_macro=0.3900 val_metric_name=acc val_metric=0.4666
Step 2000 | loss 0.6679 | val_acc=0.4650 val_loss=1.8757 val_f1_macro=0.4066 val_f1_weighted=0.4593 val_prec_macro=0.4457 val_rec_macro=0.3899 val_metric_name=acc val_metric=0.4650
Step 2050 | loss 0.6477 | val_acc=0.4681 val_loss=1.8978 val_f1_macro=0.4097 val_f1_weighted=0.4626 val_prec_macro=0.4472 val_rec_macro=0.3930 val_metric_name=acc val_metric=0.4681
Step 2100 | loss 0.6326 | val_acc=0.4677 val_loss=1.9198 val_f1_macro=0.4108 val_f1_weighted=0.4625 val_prec_macro=0.4482 val_rec_macro=0.3940 val_metric_name=acc val_metric=0.4677
Step 2150 | loss 0.6297 | val_acc=0.4700 val_loss=1.9491 val_f1_macro=0.4144 val_f1_weighted=0.4652 val_prec_macro=0.4479 val_rec_macro=0.3983 val_metric_name=acc val_metric=0.4700
Step 2200 | loss 0.6085 | val_acc=0.4726 val_loss=1.9653 val_f1_macro=0.4164 val_f1_weighted=0.4680 val_prec_macro=0.4472 val_rec_macro=0.4011 val_metric_name=acc val_metric=0.4726
Step 2250 | loss 0.5931 | val_acc=0.4743 val_loss=1.9917 val_f1_macro=0.4196 val_f1_weighted=0.4698 val_prec_macro=0.4480 val_rec_macro=0.4049 val_metric_name=acc val_metric=0.4743
Step 2300 | loss 0.5747 | val_acc=0.4733 val_loss=2.0132 val_f1_macro=0.4190 val_f1_weighted=0.4688 val_prec_macro=0.4494 val_rec_macro=0.4037 val_metric_name=acc val_metric=0.4733
Step 2350 | loss 0.5708 | val_acc=0.4735 val_loss=2.0444 val_f1_macro=0.4210 val_f1_weighted=0.4693 val_prec_macro=0.4508 val_rec_macro=0.4058 val_metric_name=acc val_metric=0.4735
Step 2400 | loss 0.5643 | val_acc=0.4762 val_loss=2.0628 val_f1_macro=0.4247 val_f1_weighted=0.4721 val_prec_macro=0.4525 val_rec_macro=0.4098 val_metric_name=acc val_metric=0.4762
Step 2450 | loss 0.5489 | val_acc=0.4749 val_loss=2.0836 val_f1_macro=0.4232 val_f1_weighted=0.4707 val_prec_macro=0.4519 val_rec_macro=0.4079 val_metric_name=acc val_metric=0.4749
Step 2500 | loss 0.5335 | val_acc=0.4775 val_loss=2.1049 val_f1_macro=0.4242 val_f1_weighted=0.4733 val_prec_macro=0.4518 val_rec_macro=0.4096 val_metric_name=acc val_metric=0.4775
Step 2550 | loss 0.5208 | val_acc=0.4769 val_loss=2.1306 val_f1_macro=0.4242 val_f1_weighted=0.4730 val_prec_macro=0.4501 val_rec_macro=0.4101 val_metric_name=acc val_metric=0.4769
Step 2600 | loss 0.5143 | val_acc=0.4780 val_loss=2.1515 val_f1_macro=0.4258 val_f1_weighted=0.4742 val_prec_macro=0.4502 val_rec_macro=0.4124 val_metric_name=acc val_metric=0.4780
Step 2650 | loss 0.5013 | val_acc=0.4782 val_loss=2.1713 val_f1_macro=0.4262 val_f1_weighted=0.4743 val_prec_macro=0.4521 val_rec_macro=0.4121 val_metric_name=acc val_metric=0.4782
Step 2700 | loss 0.4958 | val_acc=0.4779 val_loss=2.1928 val_f1_macro=0.4270 val_f1_weighted=0.4742 val_prec_macro=0.4525 val_rec_macro=0.4130 val_metric_name=acc val_metric=0.4779
Step 2750 | loss 0.4888 | val_acc=0.4789 val_loss=2.2153 val_f1_macro=0.4277 val_f1_weighted=0.4751 val_prec_macro=0.4524 val_rec_macro=0.4141 val_metric_name=acc val_metric=0.4789
Step 2800 | loss 0.4672 | val_acc=0.4797 val_loss=2.2343 val_f1_macro=0.4302 val_f1_weighted=0.4762 val_prec_macro=0.4526 val_rec_macro=0.4174 val_metric_name=acc val_metric=0.4797
Step 2850 | loss 0.4746 | val_acc=0.4793 val_loss=2.2506 val_f1_macro=0.4302 val_f1_weighted=0.4759 val_prec_macro=0.4545 val_rec_macro=0.4166 val_metric_name=acc val_metric=0.4793
Step 2900 | loss 0.4639 | val_acc=0.4802 val_loss=2.2771 val_f1_macro=0.4301 val_f1_weighted=0.4769 val_prec_macro=0.4511 val_rec_macro=0.4178 val_metric_name=acc val_metric=0.4802
Step 2950 | loss 0.4552 | val_acc=0.4792 val_loss=2.2884 val_f1_macro=0.4294 val_f1_weighted=0.4760 val_prec_macro=0.4493 val_rec_macro=0.4174 val_metric_name=acc val_metric=0.4792
Step 3000 | loss 0.4564 | val_acc=0.4775 val_loss=2.3122 val_f1_macro=0.4276 val_f1_weighted=0.4746 val_prec_macro=0.4460 val_rec_macro=0.4163 val_metric_name=acc val_metric=0.4775
Step 3050 | loss 0.4450 | val_acc=0.4775 val_loss=2.3326 val_f1_macro=0.4261 val_f1_weighted=0.4746 val_prec_macro=0.4435 val_rec_macro=0.4155 val_metric_name=acc val_metric=0.4775
Step 3100 | loss 0.4356 | val_acc=0.4766 val_loss=2.3517 val_f1_macro=0.4254 val_f1_weighted=0.4736 val_prec_macro=0.4414 val_rec_macro=0.4154 val_metric_name=acc val_metric=0.4766
Early stopping at step 3120

--- Final (best ckpt @ step 2820) ---
  train_acc=0.9586 train_loss=0.1431 train_f1_macro=0.9591 train_f1_weighted=0.9586 train_prec_macro=0.9621 train_rec_macro=0.9564 train_metric_name=acc train_metric=0.9586
  val_acc=0.4821 val_loss=2.2437 val_f1_macro=0.4317 val_f1_weighted=0.4786 val_prec_macro=0.4545 val_rec_macro=0.4187 val_metric_name=acc val_metric=0.4821
  test_acc=0.4673 test_loss=2.3446 test_f1_macro=0.4002 test_f1_weighted=0.4630 test_prec_macro=0.4218 test_rec_macro=0.3893 test_metric_name=acc test_metric=0.4673
  test_acc=0.4673

============================================================
Training amazon-ratings ResNet 1L h=256 lr=6e-05 split=3
============================================================
Training for 5000 steps
Step    1 | loss 1.7317 | val_acc=0.2951 val_loss=1.6145 val_f1_macro=0.1696 val_f1_weighted=0.2371 val_prec_macro=0.2527 val_rec_macro=0.2045 val_metric_name=acc val_metric=0.2951
Step   50 | loss 1.4307 | val_acc=0.3724 val_loss=1.4116 val_f1_macro=0.1596 val_f1_weighted=0.2651 val_prec_macro=0.1997 val_rec_macro=0.2137 val_metric_name=acc val_metric=0.3724
Step  100 | loss 1.4089 | val_acc=0.3756 val_loss=1.4007 val_f1_macro=0.1765 val_f1_weighted=0.2864 val_prec_macro=0.2001 val_rec_macro=0.2233 val_metric_name=acc val_metric=0.3756
Step  150 | loss 1.3935 | val_acc=0.3866 val_loss=1.3928 val_f1_macro=0.1932 val_f1_weighted=0.3074 val_prec_macro=0.2129 val_rec_macro=0.2369 val_metric_name=acc val_metric=0.3866
Step  200 | loss 1.3690 | val_acc=0.3882 val_loss=1.3897 val_f1_macro=0.2049 val_f1_weighted=0.3203 val_prec_macro=0.2207 val_rec_macro=0.2428 val_metric_name=acc val_metric=0.3882
Step  250 | loss 1.3543 | val_acc=0.3915 val_loss=1.3896 val_f1_macro=0.2150 val_f1_weighted=0.3312 val_prec_macro=0.2437 val_rec_macro=0.2489 val_metric_name=acc val_metric=0.3915
Step  300 | loss 1.3313 | val_acc=0.3902 val_loss=1.3921 val_f1_macro=0.2251 val_f1_weighted=0.3393 val_prec_macro=0.2723 val_rec_macro=0.2537 val_metric_name=acc val_metric=0.3902
Step  350 | loss 1.3068 | val_acc=0.3931 val_loss=1.3962 val_f1_macro=0.2355 val_f1_weighted=0.3475 val_prec_macro=0.3383 val_rec_macro=0.2600 val_metric_name=acc val_metric=0.3931
Step  400 | loss 1.2745 | val_acc=0.3920 val_loss=1.4024 val_f1_macro=0.2438 val_f1_weighted=0.3537 val_prec_macro=0.3044 val_rec_macro=0.2638 val_metric_name=acc val_metric=0.3920
Step  450 | loss 1.2301 | val_acc=0.3967 val_loss=1.4119 val_f1_macro=0.2618 val_f1_weighted=0.3642 val_prec_macro=0.3557 val_rec_macro=0.2738 val_metric_name=acc val_metric=0.3967
Step  500 | loss 1.1859 | val_acc=0.4018 val_loss=1.4273 val_f1_macro=0.2788 val_f1_weighted=0.3754 val_prec_macro=0.3649 val_rec_macro=0.2846 val_metric_name=acc val_metric=0.4018
Step  550 | loss 1.1290 | val_acc=0.4112 val_loss=1.4512 val_f1_macro=0.2956 val_f1_weighted=0.3891 val_prec_macro=0.3756 val_rec_macro=0.2960 val_metric_name=acc val_metric=0.4112
Step  600 | loss 1.0679 | val_acc=0.4170 val_loss=1.4787 val_f1_macro=0.3062 val_f1_weighted=0.3977 val_prec_macro=0.3702 val_rec_macro=0.3045 val_metric_name=acc val_metric=0.4170
Step  650 | loss 1.0138 | val_acc=0.4261 val_loss=1.5084 val_f1_macro=0.3248 val_f1_weighted=0.4102 val_prec_macro=0.3860 val_rec_macro=0.3183 val_metric_name=acc val_metric=0.4261
Step  700 | loss 0.9575 | val_acc=0.4320 val_loss=1.5547 val_f1_macro=0.3358 val_f1_weighted=0.4184 val_prec_macro=0.3836 val_rec_macro=0.3279 val_metric_name=acc val_metric=0.4320
Step  750 | loss 0.9017 | val_acc=0.4410 val_loss=1.5964 val_f1_macro=0.3521 val_f1_weighted=0.4292 val_prec_macro=0.4027 val_rec_macro=0.3409 val_metric_name=acc val_metric=0.4410
Step  800 | loss 0.8590 | val_acc=0.4459 val_loss=1.6416 val_f1_macro=0.3693 val_f1_weighted=0.4365 val_prec_macro=0.4174 val_rec_macro=0.3547 val_metric_name=acc val_metric=0.4459
Step  850 | loss 0.8034 | val_acc=0.4509 val_loss=1.6902 val_f1_macro=0.3786 val_f1_weighted=0.4428 val_prec_macro=0.4235 val_rec_macro=0.3635 val_metric_name=acc val_metric=0.4509
Step  900 | loss 0.7643 | val_acc=0.4555 val_loss=1.7396 val_f1_macro=0.3852 val_f1_weighted=0.4478 val_prec_macro=0.4291 val_rec_macro=0.3701 val_metric_name=acc val_metric=0.4555
Step  950 | loss 0.7295 | val_acc=0.4615 val_loss=1.7946 val_f1_macro=0.3966 val_f1_weighted=0.4548 val_prec_macro=0.4403 val_rec_macro=0.3801 val_metric_name=acc val_metric=0.4615
Step 1000 | loss 0.6786 | val_acc=0.4653 val_loss=1.8465 val_f1_macro=0.4039 val_f1_weighted=0.4589 val_prec_macro=0.4444 val_rec_macro=0.3872 val_metric_name=acc val_metric=0.4653
Step 1050 | loss 0.6514 | val_acc=0.4669 val_loss=1.8947 val_f1_macro=0.4085 val_f1_weighted=0.4612 val_prec_macro=0.4457 val_rec_macro=0.3923 val_metric_name=acc val_metric=0.4669
Step 1100 | loss 0.6184 | val_acc=0.4676 val_loss=1.9445 val_f1_macro=0.4111 val_f1_weighted=0.4627 val_prec_macro=0.4411 val_rec_macro=0.3964 val_metric_name=acc val_metric=0.4676
Step 1150 | loss 0.5959 | val_acc=0.4676 val_loss=2.0029 val_f1_macro=0.4136 val_f1_weighted=0.4630 val_prec_macro=0.4453 val_rec_macro=0.3981 val_metric_name=acc val_metric=0.4676
Step 1200 | loss 0.5768 | val_acc=0.4717 val_loss=2.0495 val_f1_macro=0.4183 val_f1_weighted=0.4668 val_prec_macro=0.4548 val_rec_macro=0.4010 val_metric_name=acc val_metric=0.4717
Step 1250 | loss 0.5482 | val_acc=0.4722 val_loss=2.0917 val_f1_macro=0.4212 val_f1_weighted=0.4679 val_prec_macro=0.4515 val_rec_macro=0.4055 val_metric_name=acc val_metric=0.4722
Step 1300 | loss 0.5243 | val_acc=0.4730 val_loss=2.1375 val_f1_macro=0.4232 val_f1_weighted=0.4690 val_prec_macro=0.4521 val_rec_macro=0.4076 val_metric_name=acc val_metric=0.4730
Step 1350 | loss 0.5003 | val_acc=0.4733 val_loss=2.1860 val_f1_macro=0.4246 val_f1_weighted=0.4697 val_prec_macro=0.4511 val_rec_macro=0.4099 val_metric_name=acc val_metric=0.4733
Step 1400 | loss 0.4997 | val_acc=0.4754 val_loss=2.2187 val_f1_macro=0.4245 val_f1_weighted=0.4716 val_prec_macro=0.4506 val_rec_macro=0.4101 val_metric_name=acc val_metric=0.4754
Step 1450 | loss 0.4609 | val_acc=0.4774 val_loss=2.2635 val_f1_macro=0.4276 val_f1_weighted=0.4739 val_prec_macro=0.4507 val_rec_macro=0.4143 val_metric_name=acc val_metric=0.4774
Step 1500 | loss 0.4524 | val_acc=0.4741 val_loss=2.3028 val_f1_macro=0.4274 val_f1_weighted=0.4711 val_prec_macro=0.4498 val_rec_macro=0.4144 val_metric_name=acc val_metric=0.4741
Step 1550 | loss 0.4409 | val_acc=0.4769 val_loss=2.3442 val_f1_macro=0.4293 val_f1_weighted=0.4738 val_prec_macro=0.4513 val_rec_macro=0.4165 val_metric_name=acc val_metric=0.4769
Step 1600 | loss 0.4312 | val_acc=0.4772 val_loss=2.3793 val_f1_macro=0.4290 val_f1_weighted=0.4739 val_prec_macro=0.4522 val_rec_macro=0.4157 val_metric_name=acc val_metric=0.4772
Step 1650 | loss 0.4193 | val_acc=0.4777 val_loss=2.4205 val_f1_macro=0.4289 val_f1_weighted=0.4746 val_prec_macro=0.4490 val_rec_macro=0.4170 val_metric_name=acc val_metric=0.4777
Step 1700 | loss 0.3967 | val_acc=0.4785 val_loss=2.4524 val_f1_macro=0.4289 val_f1_weighted=0.4756 val_prec_macro=0.4482 val_rec_macro=0.4172 val_metric_name=acc val_metric=0.4785
Step 1750 | loss 0.3945 | val_acc=0.4762 val_loss=2.4897 val_f1_macro=0.4270 val_f1_weighted=0.4735 val_prec_macro=0.4435 val_rec_macro=0.4165 val_metric_name=acc val_metric=0.4762
Step 1800 | loss 0.3796 | val_acc=0.4754 val_loss=2.5181 val_f1_macro=0.4254 val_f1_weighted=0.4725 val_prec_macro=0.4436 val_rec_macro=0.4142 val_metric_name=acc val_metric=0.4754
Step 1850 | loss 0.3670 | val_acc=0.4736 val_loss=2.5533 val_f1_macro=0.4233 val_f1_weighted=0.4710 val_prec_macro=0.4378 val_rec_macro=0.4141 val_metric_name=acc val_metric=0.4736
Step 1900 | loss 0.3493 | val_acc=0.4775 val_loss=2.5763 val_f1_macro=0.4266 val_f1_weighted=0.4744 val_prec_macro=0.4454 val_rec_macro=0.4150 val_metric_name=acc val_metric=0.4775
Step 1950 | loss 0.3511 | val_acc=0.4777 val_loss=2.6087 val_f1_macro=0.4257 val_f1_weighted=0.4749 val_prec_macro=0.4412 val_rec_macro=0.4156 val_metric_name=acc val_metric=0.4777
Step 2000 | loss 0.3407 | val_acc=0.4749 val_loss=2.6337 val_f1_macro=0.4222 val_f1_weighted=0.4720 val_prec_macro=0.4377 val_rec_macro=0.4123 val_metric_name=acc val_metric=0.4749
Step 2050 | loss 0.3352 | val_acc=0.4759 val_loss=2.6618 val_f1_macro=0.4226 val_f1_weighted=0.4730 val_prec_macro=0.4360 val_rec_macro=0.4138 val_metric_name=acc val_metric=0.4759
Early stopping at step 2090

--- Final (best ckpt @ step 1790) ---
  train_acc=0.9808 train_loss=0.0749 train_f1_macro=0.9810 train_f1_weighted=0.9808 train_prec_macro=0.9811 train_rec_macro=0.9808 train_metric_name=acc train_metric=0.9808
  val_acc=0.4793 val_loss=2.5157 val_f1_macro=0.4287 val_f1_weighted=0.4763 val_prec_macro=0.4459 val_rec_macro=0.4179 val_metric_name=acc val_metric=0.4793
  test_acc=0.4653 test_loss=2.6266 test_f1_macro=0.4008 test_f1_weighted=0.4608 test_prec_macro=0.4238 test_rec_macro=0.3890 test_metric_name=acc test_metric=0.4653
  test_acc=0.4653

============================================================
Training amazon-ratings ResNet 1L h=256 lr=0.0001 split=3
============================================================
Training for 5000 steps
Step    1 | loss 1.7317 | val_acc=0.3149 val_loss=1.5755 val_f1_macro=0.1619 val_f1_weighted=0.2392 val_prec_macro=0.2516 val_rec_macro=0.2016 val_metric_name=acc val_metric=0.3149
Step   50 | loss 1.4164 | val_acc=0.3738 val_loss=1.4043 val_f1_macro=0.1665 val_f1_weighted=0.2741 val_prec_macro=0.1955 val_rec_macro=0.2174 val_metric_name=acc val_metric=0.3738
Step  100 | loss 1.3885 | val_acc=0.3849 val_loss=1.3924 val_f1_macro=0.1932 val_f1_weighted=0.3071 val_prec_macro=0.2139 val_rec_macro=0.2357 val_metric_name=acc val_metric=0.3849
Step  150 | loss 1.3644 | val_acc=0.3864 val_loss=1.3890 val_f1_macro=0.2102 val_f1_weighted=0.3248 val_prec_macro=0.2436 val_rec_macro=0.2449 val_metric_name=acc val_metric=0.3864
Step  200 | loss 1.3262 | val_acc=0.3913 val_loss=1.3933 val_f1_macro=0.2262 val_f1_weighted=0.3409 val_prec_macro=0.2720 val_rec_macro=0.2547 val_metric_name=acc val_metric=0.3913
Step  250 | loss 1.2860 | val_acc=0.3911 val_loss=1.4021 val_f1_macro=0.2396 val_f1_weighted=0.3498 val_prec_macro=0.3155 val_rec_macro=0.2609 val_metric_name=acc val_metric=0.3911
Step  300 | loss 1.2198 | val_acc=0.3987 val_loss=1.4182 val_f1_macro=0.2690 val_f1_weighted=0.3692 val_prec_macro=0.3645 val_rec_macro=0.2781 val_metric_name=acc val_metric=0.3987
Step  350 | loss 1.1377 | val_acc=0.4075 val_loss=1.4478 val_f1_macro=0.2883 val_f1_weighted=0.3837 val_prec_macro=0.3683 val_rec_macro=0.2906 val_metric_name=acc val_metric=0.4075
Step  400 | loss 1.0424 | val_acc=0.4207 val_loss=1.4981 val_f1_macro=0.3138 val_f1_weighted=0.4029 val_prec_macro=0.3773 val_rec_macro=0.3103 val_metric_name=acc val_metric=0.4207
Step  450 | loss 0.9456 | val_acc=0.4359 val_loss=1.5575 val_f1_macro=0.3423 val_f1_weighted=0.4229 val_prec_macro=0.3949 val_rec_macro=0.3327 val_metric_name=acc val_metric=0.4359
Step  500 | loss 0.8736 | val_acc=0.4411 val_loss=1.6322 val_f1_macro=0.3556 val_f1_weighted=0.4306 val_prec_macro=0.4048 val_rec_macro=0.3438 val_metric_name=acc val_metric=0.4411
Step  550 | loss 0.7955 | val_acc=0.4504 val_loss=1.7074 val_f1_macro=0.3810 val_f1_weighted=0.4426 val_prec_macro=0.4274 val_rec_macro=0.3652 val_metric_name=acc val_metric=0.4504
Step  600 | loss 0.7251 | val_acc=0.4588 val_loss=1.7907 val_f1_macro=0.3980 val_f1_weighted=0.4526 val_prec_macro=0.4370 val_rec_macro=0.3816 val_metric_name=acc val_metric=0.4588
Step  650 | loss 0.6649 | val_acc=0.4630 val_loss=1.8761 val_f1_macro=0.4017 val_f1_weighted=0.4569 val_prec_macro=0.4353 val_rec_macro=0.3864 val_metric_name=acc val_metric=0.4630
Step  700 | loss 0.6081 | val_acc=0.4669 val_loss=1.9623 val_f1_macro=0.4116 val_f1_weighted=0.4619 val_prec_macro=0.4420 val_rec_macro=0.3964 val_metric_name=acc val_metric=0.4669
Step  750 | loss 0.5660 | val_acc=0.4726 val_loss=2.0375 val_f1_macro=0.4175 val_f1_weighted=0.4680 val_prec_macro=0.4476 val_rec_macro=0.4021 val_metric_name=acc val_metric=0.4726
Step  800 | loss 0.5362 | val_acc=0.4723 val_loss=2.1093 val_f1_macro=0.4214 val_f1_weighted=0.4684 val_prec_macro=0.4468 val_rec_macro=0.4071 val_metric_name=acc val_metric=0.4723
Step  850 | loss 0.4962 | val_acc=0.4723 val_loss=2.1869 val_f1_macro=0.4224 val_f1_weighted=0.4684 val_prec_macro=0.4452 val_rec_macro=0.4096 val_metric_name=acc val_metric=0.4723
Step  900 | loss 0.4663 | val_acc=0.4757 val_loss=2.2535 val_f1_macro=0.4257 val_f1_weighted=0.4721 val_prec_macro=0.4483 val_rec_macro=0.4127 val_metric_name=acc val_metric=0.4757
Step  950 | loss 0.4476 | val_acc=0.4756 val_loss=2.3300 val_f1_macro=0.4233 val_f1_weighted=0.4720 val_prec_macro=0.4441 val_rec_macro=0.4112 val_metric_name=acc val_metric=0.4756
Step 1000 | loss 0.4143 | val_acc=0.4756 val_loss=2.3811 val_f1_macro=0.4231 val_f1_weighted=0.4720 val_prec_macro=0.4434 val_rec_macro=0.4113 val_metric_name=acc val_metric=0.4756
Step 1050 | loss 0.3898 | val_acc=0.4764 val_loss=2.4380 val_f1_macro=0.4238 val_f1_weighted=0.4731 val_prec_macro=0.4420 val_rec_macro=0.4125 val_metric_name=acc val_metric=0.4764
Step 1100 | loss 0.3739 | val_acc=0.4738 val_loss=2.4914 val_f1_macro=0.4215 val_f1_weighted=0.4708 val_prec_macro=0.4377 val_rec_macro=0.4114 val_metric_name=acc val_metric=0.4738
Step 1150 | loss 0.3677 | val_acc=0.4751 val_loss=2.5545 val_f1_macro=0.4213 val_f1_weighted=0.4725 val_prec_macro=0.4335 val_rec_macro=0.4134 val_metric_name=acc val_metric=0.4751
Step 1200 | loss 0.3596 | val_acc=0.4753 val_loss=2.5853 val_f1_macro=0.4218 val_f1_weighted=0.4721 val_prec_macro=0.4395 val_rec_macro=0.4109 val_metric_name=acc val_metric=0.4753
Step 1250 | loss 0.3432 | val_acc=0.4764 val_loss=2.6359 val_f1_macro=0.4231 val_f1_weighted=0.4736 val_prec_macro=0.4384 val_rec_macro=0.4132 val_metric_name=acc val_metric=0.4764
Step 1300 | loss 0.3277 | val_acc=0.4779 val_loss=2.6769 val_f1_macro=0.4238 val_f1_weighted=0.4749 val_prec_macro=0.4397 val_rec_macro=0.4135 val_metric_name=acc val_metric=0.4779
Step 1350 | loss 0.3099 | val_acc=0.4754 val_loss=2.7203 val_f1_macro=0.4215 val_f1_weighted=0.4727 val_prec_macro=0.4347 val_rec_macro=0.4126 val_metric_name=acc val_metric=0.4754
Step 1400 | loss 0.3123 | val_acc=0.4762 val_loss=2.7533 val_f1_macro=0.4209 val_f1_weighted=0.4736 val_prec_macro=0.4330 val_rec_macro=0.4129 val_metric_name=acc val_metric=0.4762
Step 1450 | loss 0.2853 | val_acc=0.4730 val_loss=2.7902 val_f1_macro=0.4175 val_f1_weighted=0.4705 val_prec_macro=0.4269 val_rec_macro=0.4108 val_metric_name=acc val_metric=0.4730
Step 1500 | loss 0.2879 | val_acc=0.4746 val_loss=2.8248 val_f1_macro=0.4194 val_f1_weighted=0.4723 val_prec_macro=0.4290 val_rec_macro=0.4126 val_metric_name=acc val_metric=0.4746
Step 1550 | loss 0.2822 | val_acc=0.4744 val_loss=2.8620 val_f1_macro=0.4203 val_f1_weighted=0.4720 val_prec_macro=0.4315 val_rec_macro=0.4127 val_metric_name=acc val_metric=0.4744
Step 1600 | loss 0.2842 | val_acc=0.4757 val_loss=2.8829 val_f1_macro=0.4211 val_f1_weighted=0.4731 val_prec_macro=0.4336 val_rec_macro=0.4127 val_metric_name=acc val_metric=0.4757
Step 1650 | loss 0.2767 | val_acc=0.4749 val_loss=2.9228 val_f1_macro=0.4197 val_f1_weighted=0.4726 val_prec_macro=0.4299 val_rec_macro=0.4125 val_metric_name=acc val_metric=0.4749
Step 1700 | loss 0.2560 | val_acc=0.4738 val_loss=2.9478 val_f1_macro=0.4212 val_f1_weighted=0.4714 val_prec_macro=0.4342 val_rec_macro=0.4123 val_metric_name=acc val_metric=0.4738
Step 1750 | loss 0.2574 | val_acc=0.4731 val_loss=2.9779 val_f1_macro=0.4196 val_f1_weighted=0.4711 val_prec_macro=0.4291 val_rec_macro=0.4130 val_metric_name=acc val_metric=0.4731
Step 1800 | loss 0.2422 | val_acc=0.4782 val_loss=3.0014 val_f1_macro=0.4247 val_f1_weighted=0.4757 val_prec_macro=0.4358 val_rec_macro=0.4169 val_metric_name=acc val_metric=0.4782
Step 1850 | loss 0.2428 | val_acc=0.4731 val_loss=3.0238 val_f1_macro=0.4210 val_f1_weighted=0.4711 val_prec_macro=0.4308 val_rec_macro=0.4142 val_metric_name=acc val_metric=0.4731
Step 1900 | loss 0.2284 | val_acc=0.4744 val_loss=3.0381 val_f1_macro=0.4206 val_f1_weighted=0.4724 val_prec_macro=0.4309 val_rec_macro=0.4133 val_metric_name=acc val_metric=0.4744
Step 1950 | loss 0.2345 | val_acc=0.4764 val_loss=3.0663 val_f1_macro=0.4235 val_f1_weighted=0.4743 val_prec_macro=0.4328 val_rec_macro=0.4168 val_metric_name=acc val_metric=0.4764
Step 2000 | loss 0.2273 | val_acc=0.4743 val_loss=3.0873 val_f1_macro=0.4217 val_f1_weighted=0.4722 val_prec_macro=0.4318 val_rec_macro=0.4145 val_metric_name=acc val_metric=0.4743
Step 2050 | loss 0.2240 | val_acc=0.4754 val_loss=3.1199 val_f1_macro=0.4215 val_f1_weighted=0.4734 val_prec_macro=0.4298 val_rec_macro=0.4155 val_metric_name=acc val_metric=0.4754
Step 2100 | loss 0.2178 | val_acc=0.4772 val_loss=3.1196 val_f1_macro=0.4230 val_f1_weighted=0.4752 val_prec_macro=0.4318 val_rec_macro=0.4164 val_metric_name=acc val_metric=0.4772
Step 2150 | loss 0.2235 | val_acc=0.4702 val_loss=3.1508 val_f1_macro=0.4161 val_f1_weighted=0.4686 val_prec_macro=0.4233 val_rec_macro=0.4110 val_metric_name=acc val_metric=0.4702
Step 2200 | loss 0.2057 | val_acc=0.4757 val_loss=3.1735 val_f1_macro=0.4229 val_f1_weighted=0.4743 val_prec_macro=0.4285 val_rec_macro=0.4190 val_metric_name=acc val_metric=0.4757
Step 2250 | loss 0.2112 | val_acc=0.4723 val_loss=3.1847 val_f1_macro=0.4198 val_f1_weighted=0.4710 val_prec_macro=0.4260 val_rec_macro=0.4150 val_metric_name=acc val_metric=0.4723
Step 2300 | loss 0.1988 | val_acc=0.4708 val_loss=3.2039 val_f1_macro=0.4197 val_f1_weighted=0.4696 val_prec_macro=0.4261 val_rec_macro=0.4148 val_metric_name=acc val_metric=0.4708
Step 2350 | loss 0.2098 | val_acc=0.4761 val_loss=3.2228 val_f1_macro=0.4219 val_f1_weighted=0.4746 val_prec_macro=0.4280 val_rec_macro=0.4174 val_metric_name=acc val_metric=0.4761
Early stopping at step 2380

--- Final (best ckpt @ step 2080) ---
  train_acc=0.9922 train_loss=0.0228 train_f1_macro=0.9910 train_f1_weighted=0.9922 train_prec_macro=0.9901 train_rec_macro=0.9919 train_metric_name=acc train_metric=0.9922
  val_acc=0.4789 val_loss=3.1230 val_f1_macro=0.4254 val_f1_weighted=0.4767 val_prec_macro=0.4353 val_rec_macro=0.4185 val_metric_name=acc val_metric=0.4789
  test_acc=0.4712 test_loss=3.2508 test_f1_macro=0.4075 test_f1_weighted=0.4677 test_prec_macro=0.4234 test_rec_macro=0.3981 test_metric_name=acc test_metric=0.4712
  test_acc=0.4712

============================================================
Training amazon-ratings ResNet 1L h=256 lr=1e-05 split=3
============================================================
Training for 5000 steps
Step    1 | loss 1.7317 | val_acc=0.2615 val_loss=1.6743 val_f1_macro=0.1644 val_f1_weighted=0.2230 val_prec_macro=0.1465 val_rec_macro=0.1994 val_metric_name=acc val_metric=0.2615
Step   50 | loss 1.4875 | val_acc=0.3616 val_loss=1.4307 val_f1_macro=0.1387 val_f1_weighted=0.2360 val_prec_macro=0.1838 val_rec_macro=0.2027 val_metric_name=acc val_metric=0.3616
Step  100 | loss 1.4616 | val_acc=0.3608 val_loss=1.4337 val_f1_macro=0.1497 val_f1_weighted=0.2510 val_prec_macro=0.1796 val_rec_macro=0.2052 val_metric_name=acc val_metric=0.3608
Step  150 | loss 1.4539 | val_acc=0.3655 val_loss=1.4289 val_f1_macro=0.1543 val_f1_weighted=0.2576 val_prec_macro=0.1908 val_rec_macro=0.2089 val_metric_name=acc val_metric=0.3655
Step  200 | loss 1.4390 | val_acc=0.3658 val_loss=1.4228 val_f1_macro=0.1563 val_f1_weighted=0.2603 val_prec_macro=0.1913 val_rec_macro=0.2100 val_metric_name=acc val_metric=0.3658
Step  250 | loss 1.4357 | val_acc=0.3698 val_loss=1.4182 val_f1_macro=0.1616 val_f1_weighted=0.2674 val_prec_macro=0.1977 val_rec_macro=0.2136 val_metric_name=acc val_metric=0.3698
Step  300 | loss 1.4292 | val_acc=0.3706 val_loss=1.4143 val_f1_macro=0.1651 val_f1_weighted=0.2719 val_prec_macro=0.1978 val_rec_macro=0.2155 val_metric_name=acc val_metric=0.3706
Step  350 | loss 1.4206 | val_acc=0.3712 val_loss=1.4109 val_f1_macro=0.1675 val_f1_weighted=0.2749 val_prec_macro=0.1962 val_rec_macro=0.2168 val_metric_name=acc val_metric=0.3712
Step  400 | loss 1.4196 | val_acc=0.3722 val_loss=1.4080 val_f1_macro=0.1708 val_f1_weighted=0.2791 val_prec_macro=0.1928 val_rec_macro=0.2190 val_metric_name=acc val_metric=0.3722
Step  450 | loss 1.4110 | val_acc=0.3742 val_loss=1.4056 val_f1_macro=0.1741 val_f1_weighted=0.2834 val_prec_macro=0.1934 val_rec_macro=0.2214 val_metric_name=acc val_metric=0.3742
Step  500 | loss 1.4110 | val_acc=0.3761 val_loss=1.4033 val_f1_macro=0.1770 val_f1_weighted=0.2871 val_prec_macro=0.1936 val_rec_macro=0.2238 val_metric_name=acc val_metric=0.3761
Step  550 | loss 1.4071 | val_acc=0.3766 val_loss=1.4011 val_f1_macro=0.1795 val_f1_weighted=0.2901 val_prec_macro=0.1997 val_rec_macro=0.2254 val_metric_name=acc val_metric=0.3766
Step  600 | loss 1.4017 | val_acc=0.3791 val_loss=1.3991 val_f1_macro=0.1819 val_f1_weighted=0.2933 val_prec_macro=0.1991 val_rec_macro=0.2277 val_metric_name=acc val_metric=0.3791
Step  650 | loss 1.3975 | val_acc=0.3812 val_loss=1.3974 val_f1_macro=0.1860 val_f1_weighted=0.2983 val_prec_macro=0.2082 val_rec_macro=0.2305 val_metric_name=acc val_metric=0.3812
Step  700 | loss 1.3958 | val_acc=0.3848 val_loss=1.3958 val_f1_macro=0.1890 val_f1_weighted=0.3024 val_prec_macro=0.2100 val_rec_macro=0.2337 val_metric_name=acc val_metric=0.3848
Step  750 | loss 1.3927 | val_acc=0.3851 val_loss=1.3945 val_f1_macro=0.1910 val_f1_weighted=0.3047 val_prec_macro=0.2119 val_rec_macro=0.2350 val_metric_name=acc val_metric=0.3851
Step  800 | loss 1.3945 | val_acc=0.3849 val_loss=1.3933 val_f1_macro=0.1929 val_f1_weighted=0.3067 val_prec_macro=0.2125 val_rec_macro=0.2360 val_metric_name=acc val_metric=0.3849
Step  850 | loss 1.3836 | val_acc=0.3869 val_loss=1.3921 val_f1_macro=0.1960 val_f1_weighted=0.3105 val_prec_macro=0.2161 val_rec_macro=0.2382 val_metric_name=acc val_metric=0.3869
Step  900 | loss 1.3810 | val_acc=0.3874 val_loss=1.3916 val_f1_macro=0.1986 val_f1_weighted=0.3133 val_prec_macro=0.2163 val_rec_macro=0.2402 val_metric_name=acc val_metric=0.3874
Step  950 | loss 1.3826 | val_acc=0.3885 val_loss=1.3908 val_f1_macro=0.2001 val_f1_weighted=0.3153 val_prec_macro=0.2166 val_rec_macro=0.2412 val_metric_name=acc val_metric=0.3885
Step 1000 | loss 1.3736 | val_acc=0.3887 val_loss=1.3902 val_f1_macro=0.2022 val_f1_weighted=0.3175 val_prec_macro=0.2187 val_rec_macro=0.2425 val_metric_name=acc val_metric=0.3887
Step 1050 | loss 1.3709 | val_acc=0.3894 val_loss=1.3899 val_f1_macro=0.2053 val_f1_weighted=0.3208 val_prec_macro=0.2223 val_rec_macro=0.2441 val_metric_name=acc val_metric=0.3894
Step 1100 | loss 1.3641 | val_acc=0.3908 val_loss=1.3895 val_f1_macro=0.2077 val_f1_weighted=0.3237 val_prec_macro=0.2239 val_rec_macro=0.2457 val_metric_name=acc val_metric=0.3908
Step 1150 | loss 1.3657 | val_acc=0.3894 val_loss=1.3893 val_f1_macro=0.2092 val_f1_weighted=0.3248 val_prec_macro=0.2234 val_rec_macro=0.2458 val_metric_name=acc val_metric=0.3894
Step 1200 | loss 1.3593 | val_acc=0.3884 val_loss=1.3893 val_f1_macro=0.2101 val_f1_weighted=0.3250 val_prec_macro=0.2462 val_rec_macro=0.2462 val_metric_name=acc val_metric=0.3884
Step 1250 | loss 1.3568 | val_acc=0.3892 val_loss=1.3894 val_f1_macro=0.2125 val_f1_weighted=0.3274 val_prec_macro=0.2637 val_rec_macro=0.2475 val_metric_name=acc val_metric=0.3892
Step 1300 | loss 1.3561 | val_acc=0.3913 val_loss=1.3893 val_f1_macro=0.2145 val_f1_weighted=0.3301 val_prec_macro=0.2615 val_rec_macro=0.2491 val_metric_name=acc val_metric=0.3913
Step 1350 | loss 1.3529 | val_acc=0.3907 val_loss=1.3896 val_f1_macro=0.2164 val_f1_weighted=0.3319 val_prec_macro=0.2569 val_rec_macro=0.2499 val_metric_name=acc val_metric=0.3907
Step 1400 | loss 1.3457 | val_acc=0.3915 val_loss=1.3899 val_f1_macro=0.2187 val_f1_weighted=0.3340 val_prec_macro=0.2701 val_rec_macro=0.2510 val_metric_name=acc val_metric=0.3915
Step 1450 | loss 1.3383 | val_acc=0.3910 val_loss=1.3904 val_f1_macro=0.2212 val_f1_weighted=0.3357 val_prec_macro=0.2852 val_rec_macro=0.2521 val_metric_name=acc val_metric=0.3910
Step 1500 | loss 1.3401 | val_acc=0.3931 val_loss=1.3908 val_f1_macro=0.2242 val_f1_weighted=0.3394 val_prec_macro=0.2768 val_rec_macro=0.2544 val_metric_name=acc val_metric=0.3931
Step 1550 | loss 1.3354 | val_acc=0.3933 val_loss=1.3912 val_f1_macro=0.2261 val_f1_weighted=0.3411 val_prec_macro=0.2819 val_rec_macro=0.2552 val_metric_name=acc val_metric=0.3933
Step 1600 | loss 1.3283 | val_acc=0.3923 val_loss=1.3919 val_f1_macro=0.2257 val_f1_weighted=0.3404 val_prec_macro=0.2681 val_rec_macro=0.2548 val_metric_name=acc val_metric=0.3923
Step 1650 | loss 1.3253 | val_acc=0.3913 val_loss=1.3923 val_f1_macro=0.2268 val_f1_weighted=0.3411 val_prec_macro=0.2677 val_rec_macro=0.2550 val_metric_name=acc val_metric=0.3913
Step 1700 | loss 1.3198 | val_acc=0.3929 val_loss=1.3933 val_f1_macro=0.2300 val_f1_weighted=0.3441 val_prec_macro=0.2783 val_rec_macro=0.2571 val_metric_name=acc val_metric=0.3929
Step 1750 | loss 1.3169 | val_acc=0.3923 val_loss=1.3936 val_f1_macro=0.2310 val_f1_weighted=0.3446 val_prec_macro=0.2795 val_rec_macro=0.2573 val_metric_name=acc val_metric=0.3923
Step 1800 | loss 1.3146 | val_acc=0.3936 val_loss=1.3943 val_f1_macro=0.2350 val_f1_weighted=0.3474 val_prec_macro=0.3365 val_rec_macro=0.2595 val_metric_name=acc val_metric=0.3936
Step 1850 | loss 1.3029 | val_acc=0.3944 val_loss=1.3950 val_f1_macro=0.2371 val_f1_weighted=0.3492 val_prec_macro=0.3382 val_rec_macro=0.2608 val_metric_name=acc val_metric=0.3944
Step 1900 | loss 1.2964 | val_acc=0.3934 val_loss=1.3961 val_f1_macro=0.2390 val_f1_weighted=0.3501 val_prec_macro=0.3353 val_rec_macro=0.2614 val_metric_name=acc val_metric=0.3934
Step 1950 | loss 1.2904 | val_acc=0.3939 val_loss=1.3974 val_f1_macro=0.2426 val_f1_weighted=0.3525 val_prec_macro=0.3308 val_rec_macro=0.2634 val_metric_name=acc val_metric=0.3939
Step 2000 | loss 1.2842 | val_acc=0.3933 val_loss=1.3980 val_f1_macro=0.2435 val_f1_weighted=0.3531 val_prec_macro=0.3186 val_rec_macro=0.2634 val_metric_name=acc val_metric=0.3933
Step 2050 | loss 1.2773 | val_acc=0.3915 val_loss=1.3994 val_f1_macro=0.2430 val_f1_weighted=0.3520 val_prec_macro=0.3147 val_rec_macro=0.2626 val_metric_name=acc val_metric=0.3915
Step 2100 | loss 1.2738 | val_acc=0.3913 val_loss=1.4006 val_f1_macro=0.2442 val_f1_weighted=0.3529 val_prec_macro=0.3056 val_rec_macro=0.2634 val_metric_name=acc val_metric=0.3913
Step 2150 | loss 1.2645 | val_acc=0.3916 val_loss=1.4023 val_f1_macro=0.2452 val_f1_weighted=0.3541 val_prec_macro=0.3066 val_rec_macro=0.2638 val_metric_name=acc val_metric=0.3916
Step 2200 | loss 1.2517 | val_acc=0.3926 val_loss=1.4033 val_f1_macro=0.2482 val_f1_weighted=0.3566 val_prec_macro=0.3102 val_rec_macro=0.2655 val_metric_name=acc val_metric=0.3926
Step 2250 | loss 1.2545 | val_acc=0.3921 val_loss=1.4048 val_f1_macro=0.2517 val_f1_weighted=0.3573 val_prec_macro=0.3312 val_rec_macro=0.2670 val_metric_name=acc val_metric=0.3921
Step 2300 | loss 1.2430 | val_acc=0.3954 val_loss=1.4069 val_f1_macro=0.2583 val_f1_weighted=0.3618 val_prec_macro=0.3516 val_rec_macro=0.2715 val_metric_name=acc val_metric=0.3954
Step 2350 | loss 1.2328 | val_acc=0.3954 val_loss=1.4088 val_f1_macro=0.2594 val_f1_weighted=0.3629 val_prec_macro=0.3486 val_rec_macro=0.2720 val_metric_name=acc val_metric=0.3954
Step 2400 | loss 1.2267 | val_acc=0.3990 val_loss=1.4110 val_f1_macro=0.2666 val_f1_weighted=0.3682 val_prec_macro=0.3612 val_rec_macro=0.2769 val_metric_name=acc val_metric=0.3990
Step 2450 | loss 1.2154 | val_acc=0.3996 val_loss=1.4136 val_f1_macro=0.2686 val_f1_weighted=0.3701 val_prec_macro=0.3511 val_rec_macro=0.2782 val_metric_name=acc val_metric=0.3996
Step 2500 | loss 1.2057 | val_acc=0.4019 val_loss=1.4158 val_f1_macro=0.2733 val_f1_weighted=0.3730 val_prec_macro=0.3613 val_rec_macro=0.2812 val_metric_name=acc val_metric=0.4019
Step 2550 | loss 1.2017 | val_acc=0.4027 val_loss=1.4186 val_f1_macro=0.2781 val_f1_weighted=0.3755 val_prec_macro=0.3665 val_rec_macro=0.2841 val_metric_name=acc val_metric=0.4027
Step 2600 | loss 1.1863 | val_acc=0.4037 val_loss=1.4214 val_f1_macro=0.2794 val_f1_weighted=0.3769 val_prec_macro=0.3647 val_rec_macro=0.2848 val_metric_name=acc val_metric=0.4037
Step 2650 | loss 1.1757 | val_acc=0.4044 val_loss=1.4244 val_f1_macro=0.2809 val_f1_weighted=0.3780 val_prec_macro=0.3656 val_rec_macro=0.2858 val_metric_name=acc val_metric=0.4044
Step 2700 | loss 1.1685 | val_acc=0.4050 val_loss=1.4272 val_f1_macro=0.2821 val_f1_weighted=0.3798 val_prec_macro=0.3608 val_rec_macro=0.2865 val_metric_name=acc val_metric=0.4050
Step 2750 | loss 1.1573 | val_acc=0.4047 val_loss=1.4320 val_f1_macro=0.2846 val_f1_weighted=0.3804 val_prec_macro=0.3635 val_rec_macro=0.2879 val_metric_name=acc val_metric=0.4047
Step 2800 | loss 1.1496 | val_acc=0.4067 val_loss=1.4353 val_f1_macro=0.2881 val_f1_weighted=0.3831 val_prec_macro=0.3657 val_rec_macro=0.2906 val_metric_name=acc val_metric=0.4067
Step 2850 | loss 1.1385 | val_acc=0.4070 val_loss=1.4388 val_f1_macro=0.2893 val_f1_weighted=0.3840 val_prec_macro=0.3646 val_rec_macro=0.2912 val_metric_name=acc val_metric=0.4070
Step 2900 | loss 1.1326 | val_acc=0.4081 val_loss=1.4429 val_f1_macro=0.2915 val_f1_weighted=0.3855 val_prec_macro=0.3630 val_rec_macro=0.2930 val_metric_name=acc val_metric=0.4081
Step 2950 | loss 1.1233 | val_acc=0.4096 val_loss=1.4472 val_f1_macro=0.2925 val_f1_weighted=0.3870 val_prec_macro=0.3627 val_rec_macro=0.2940 val_metric_name=acc val_metric=0.4096
Step 3000 | loss 1.1179 | val_acc=0.4098 val_loss=1.4508 val_f1_macro=0.2938 val_f1_weighted=0.3880 val_prec_macro=0.3603 val_rec_macro=0.2948 val_metric_name=acc val_metric=0.4098
Step 3050 | loss 1.1004 | val_acc=0.4138 val_loss=1.4556 val_f1_macro=0.3002 val_f1_weighted=0.3928 val_prec_macro=0.3685 val_rec_macro=0.2996 val_metric_name=acc val_metric=0.4138
Step 3100 | loss 1.0962 | val_acc=0.4148 val_loss=1.4594 val_f1_macro=0.3019 val_f1_weighted=0.3941 val_prec_macro=0.3704 val_rec_macro=0.3006 val_metric_name=acc val_metric=0.4148
Step 3150 | loss 1.0889 | val_acc=0.4150 val_loss=1.4648 val_f1_macro=0.3032 val_f1_weighted=0.3949 val_prec_macro=0.3697 val_rec_macro=0.3019 val_metric_name=acc val_metric=0.4150
Step 3200 | loss 1.0775 | val_acc=0.4165 val_loss=1.4692 val_f1_macro=0.3038 val_f1_weighted=0.3965 val_prec_macro=0.3669 val_rec_macro=0.3024 val_metric_name=acc val_metric=0.4165
Step 3250 | loss 1.0620 | val_acc=0.4210 val_loss=1.4746 val_f1_macro=0.3114 val_f1_weighted=0.4020 val_prec_macro=0.3751 val_rec_macro=0.3083 val_metric_name=acc val_metric=0.4210
Step 3300 | loss 1.0600 | val_acc=0.4230 val_loss=1.4792 val_f1_macro=0.3128 val_f1_weighted=0.4044 val_prec_macro=0.3747 val_rec_macro=0.3099 val_metric_name=acc val_metric=0.4230
Step 3350 | loss 1.0498 | val_acc=0.4248 val_loss=1.4857 val_f1_macro=0.3165 val_f1_weighted=0.4069 val_prec_macro=0.3773 val_rec_macro=0.3128 val_metric_name=acc val_metric=0.4248
Step 3400 | loss 1.0421 | val_acc=0.4230 val_loss=1.4913 val_f1_macro=0.3194 val_f1_weighted=0.4056 val_prec_macro=0.3847 val_rec_macro=0.3138 val_metric_name=acc val_metric=0.4230
Step 3450 | loss 1.0313 | val_acc=0.4245 val_loss=1.4953 val_f1_macro=0.3205 val_f1_weighted=0.4077 val_prec_macro=0.3799 val_rec_macro=0.3150 val_metric_name=acc val_metric=0.4245
Step 3500 | loss 1.0197 | val_acc=0.4264 val_loss=1.5014 val_f1_macro=0.3241 val_f1_weighted=0.4101 val_prec_macro=0.3828 val_rec_macro=0.3182 val_metric_name=acc val_metric=0.4264
Step 3550 | loss 1.0095 | val_acc=0.4268 val_loss=1.5061 val_f1_macro=0.3277 val_f1_weighted=0.4110 val_prec_macro=0.3871 val_rec_macro=0.3203 val_metric_name=acc val_metric=0.4268
Step 3600 | loss 1.0022 | val_acc=0.4281 val_loss=1.5123 val_f1_macro=0.3289 val_f1_weighted=0.4127 val_prec_macro=0.3856 val_rec_macro=0.3220 val_metric_name=acc val_metric=0.4281
Step 3650 | loss 0.9993 | val_acc=0.4284 val_loss=1.5188 val_f1_macro=0.3330 val_f1_weighted=0.4136 val_prec_macro=0.3904 val_rec_macro=0.3247 val_metric_name=acc val_metric=0.4284
Step 3700 | loss 0.9880 | val_acc=0.4287 val_loss=1.5241 val_f1_macro=0.3330 val_f1_weighted=0.4138 val_prec_macro=0.3906 val_rec_macro=0.3244 val_metric_name=acc val_metric=0.4287
Step 3750 | loss 0.9827 | val_acc=0.4305 val_loss=1.5312 val_f1_macro=0.3373 val_f1_weighted=0.4162 val_prec_macro=0.3931 val_rec_macro=0.3281 val_metric_name=acc val_metric=0.4305
Step 3800 | loss 0.9690 | val_acc=0.4317 val_loss=1.5349 val_f1_macro=0.3400 val_f1_weighted=0.4179 val_prec_macro=0.3953 val_rec_macro=0.3298 val_metric_name=acc val_metric=0.4317
Step 3850 | loss 0.9635 | val_acc=0.4336 val_loss=1.5429 val_f1_macro=0.3437 val_f1_weighted=0.4205 val_prec_macro=0.3967 val_rec_macro=0.3333 val_metric_name=acc val_metric=0.4336
Step 3900 | loss 0.9507 | val_acc=0.4364 val_loss=1.5493 val_f1_macro=0.3471 val_f1_weighted=0.4234 val_prec_macro=0.4006 val_rec_macro=0.3362 val_metric_name=acc val_metric=0.4364
Step 3950 | loss 0.9420 | val_acc=0.4361 val_loss=1.5548 val_f1_macro=0.3476 val_f1_weighted=0.4235 val_prec_macro=0.3993 val_rec_macro=0.3366 val_metric_name=acc val_metric=0.4361
Step 4000 | loss 0.9383 | val_acc=0.4372 val_loss=1.5619 val_f1_macro=0.3507 val_f1_weighted=0.4251 val_prec_macro=0.4015 val_rec_macro=0.3390 val_metric_name=acc val_metric=0.4372
Step 4050 | loss 0.9216 | val_acc=0.4385 val_loss=1.5683 val_f1_macro=0.3534 val_f1_weighted=0.4267 val_prec_macro=0.4030 val_rec_macro=0.3414 val_metric_name=acc val_metric=0.4385
Step 4100 | loss 0.9263 | val_acc=0.4403 val_loss=1.5741 val_f1_macro=0.3561 val_f1_weighted=0.4289 val_prec_macro=0.4067 val_rec_macro=0.3437 val_metric_name=acc val_metric=0.4403
Step 4150 | loss 0.9109 | val_acc=0.4405 val_loss=1.5818 val_f1_macro=0.3578 val_f1_weighted=0.4291 val_prec_macro=0.4085 val_rec_macro=0.3448 val_metric_name=acc val_metric=0.4405
Step 4200 | loss 0.9026 | val_acc=0.4405 val_loss=1.5877 val_f1_macro=0.3583 val_f1_weighted=0.4294 val_prec_macro=0.4075 val_rec_macro=0.3454 val_metric_name=acc val_metric=0.4405
Step 4250 | loss 0.9037 | val_acc=0.4424 val_loss=1.5961 val_f1_macro=0.3612 val_f1_weighted=0.4318 val_prec_macro=0.4086 val_rec_macro=0.3481 val_metric_name=acc val_metric=0.4424
Step 4300 | loss 0.8969 | val_acc=0.4428 val_loss=1.6029 val_f1_macro=0.3627 val_f1_weighted=0.4323 val_prec_macro=0.4113 val_rec_macro=0.3492 val_metric_name=acc val_metric=0.4428
Step 4350 | loss 0.8730 | val_acc=0.4428 val_loss=1.6081 val_f1_macro=0.3648 val_f1_weighted=0.4329 val_prec_macro=0.4108 val_rec_macro=0.3511 val_metric_name=acc val_metric=0.4428
Step 4400 | loss 0.8874 | val_acc=0.4423 val_loss=1.6154 val_f1_macro=0.3654 val_f1_weighted=0.4326 val_prec_macro=0.4113 val_rec_macro=0.3516 val_metric_name=acc val_metric=0.4423
Step 4450 | loss 0.8658 | val_acc=0.4432 val_loss=1.6226 val_f1_macro=0.3681 val_f1_weighted=0.4338 val_prec_macro=0.4131 val_rec_macro=0.3540 val_metric_name=acc val_metric=0.4432
Step 4500 | loss 0.8713 | val_acc=0.4441 val_loss=1.6304 val_f1_macro=0.3695 val_f1_weighted=0.4349 val_prec_macro=0.4135 val_rec_macro=0.3555 val_metric_name=acc val_metric=0.4441
Step 4550 | loss 0.8581 | val_acc=0.4447 val_loss=1.6364 val_f1_macro=0.3696 val_f1_weighted=0.4357 val_prec_macro=0.4129 val_rec_macro=0.3558 val_metric_name=acc val_metric=0.4447
Step 4600 | loss 0.8435 | val_acc=0.4447 val_loss=1.6441 val_f1_macro=0.3692 val_f1_weighted=0.4353 val_prec_macro=0.4152 val_rec_macro=0.3549 val_metric_name=acc val_metric=0.4447
Step 4650 | loss 0.8384 | val_acc=0.4454 val_loss=1.6512 val_f1_macro=0.3721 val_f1_weighted=0.4367 val_prec_macro=0.4157 val_rec_macro=0.3580 val_metric_name=acc val_metric=0.4454
Step 4700 | loss 0.8287 | val_acc=0.4486 val_loss=1.6598 val_f1_macro=0.3772 val_f1_weighted=0.4398 val_prec_macro=0.4231 val_rec_macro=0.3620 val_metric_name=acc val_metric=0.4486
Step 4750 | loss 0.8248 | val_acc=0.4493 val_loss=1.6655 val_f1_macro=0.3772 val_f1_weighted=0.4407 val_prec_macro=0.4190 val_rec_macro=0.3630 val_metric_name=acc val_metric=0.4493
Step 4800 | loss 0.8133 | val_acc=0.4508 val_loss=1.6730 val_f1_macro=0.3798 val_f1_weighted=0.4424 val_prec_macro=0.4228 val_rec_macro=0.3651 val_metric_name=acc val_metric=0.4508
Step 4850 | loss 0.8169 | val_acc=0.4491 val_loss=1.6817 val_f1_macro=0.3784 val_f1_weighted=0.4409 val_prec_macro=0.4192 val_rec_macro=0.3641 val_metric_name=acc val_metric=0.4491
Step 4900 | loss 0.8128 | val_acc=0.4511 val_loss=1.6886 val_f1_macro=0.3799 val_f1_weighted=0.4428 val_prec_macro=0.4210 val_rec_macro=0.3654 val_metric_name=acc val_metric=0.4511
Step 4950 | loss 0.7992 | val_acc=0.4519 val_loss=1.6974 val_f1_macro=0.3813 val_f1_weighted=0.4437 val_prec_macro=0.4237 val_rec_macro=0.3665 val_metric_name=acc val_metric=0.4519
Step 5000 | loss 0.8053 | val_acc=0.4514 val_loss=1.7031 val_f1_macro=0.3809 val_f1_weighted=0.4433 val_prec_macro=0.4223 val_rec_macro=0.3663 val_metric_name=acc val_metric=0.4514

--- Final (best ckpt @ step 4980) ---
  train_acc=0.8108 train_loss=0.5123 train_f1_macro=0.7897 train_f1_weighted=0.8097 train_prec_macro=0.8438 train_rec_macro=0.7566 train_metric_name=acc train_metric=0.8108
  val_acc=0.4529 val_loss=1.6998 val_f1_macro=0.3824 val_f1_weighted=0.4448 val_prec_macro=0.4247 val_rec_macro=0.3676 val_metric_name=acc val_metric=0.4529
  test_acc=0.4426 test_loss=1.7499 test_f1_macro=0.3590 test_f1_weighted=0.4338 test_prec_macro=0.3980 test_rec_macro=0.3482 test_metric_name=acc test_metric=0.4426
  test_acc=0.4426

============================================================
Training amazon-ratings ResNet 1L h=384 lr=3e-05 split=3
============================================================
Training for 5000 steps
Step    1 | loss 1.8263 | val_acc=0.2672 val_loss=1.7899 val_f1_macro=0.1042 val_f1_weighted=0.1282 val_prec_macro=0.1878 val_rec_macro=0.2046 val_metric_name=acc val_metric=0.2672
Step   50 | loss 1.4396 | val_acc=0.3665 val_loss=1.4256 val_f1_macro=0.1454 val_f1_weighted=0.2464 val_prec_macro=0.1821 val_rec_macro=0.2067 val_metric_name=acc val_metric=0.3665
Step  100 | loss 1.4228 | val_acc=0.3779 val_loss=1.4095 val_f1_macro=0.1642 val_f1_weighted=0.2716 val_prec_macro=0.2105 val_rec_macro=0.2178 val_metric_name=acc val_metric=0.3779
Step  150 | loss 1.4017 | val_acc=0.3804 val_loss=1.4005 val_f1_macro=0.1778 val_f1_weighted=0.2883 val_prec_macro=0.2146 val_rec_macro=0.2244 val_metric_name=acc val_metric=0.3804
Step  200 | loss 1.3902 | val_acc=0.3890 val_loss=1.3953 val_f1_macro=0.1896 val_f1_weighted=0.3038 val_prec_macro=0.2161 val_rec_macro=0.2335 val_metric_name=acc val_metric=0.3890
Step  250 | loss 1.3828 | val_acc=0.3898 val_loss=1.3919 val_f1_macro=0.1965 val_f1_weighted=0.3117 val_prec_macro=0.2155 val_rec_macro=0.2374 val_metric_name=acc val_metric=0.3898
Step  300 | loss 1.3726 | val_acc=0.3918 val_loss=1.3909 val_f1_macro=0.2033 val_f1_weighted=0.3192 val_prec_macro=0.2491 val_rec_macro=0.2414 val_metric_name=acc val_metric=0.3918
Step  350 | loss 1.3586 | val_acc=0.3911 val_loss=1.3904 val_f1_macro=0.2087 val_f1_weighted=0.3251 val_prec_macro=0.2364 val_rec_macro=0.2436 val_metric_name=acc val_metric=0.3911
Step  400 | loss 1.3465 | val_acc=0.3931 val_loss=1.3914 val_f1_macro=0.2156 val_f1_weighted=0.3329 val_prec_macro=0.2414 val_rec_macro=0.2474 val_metric_name=acc val_metric=0.3931
Step  450 | loss 1.3350 | val_acc=0.3929 val_loss=1.3942 val_f1_macro=0.2257 val_f1_weighted=0.3401 val_prec_macro=0.3001 val_rec_macro=0.2524 val_metric_name=acc val_metric=0.3929
Step  500 | loss 1.3202 | val_acc=0.3967 val_loss=1.3956 val_f1_macro=0.2365 val_f1_weighted=0.3495 val_prec_macro=0.3229 val_rec_macro=0.2590 val_metric_name=acc val_metric=0.3967
Step  550 | loss 1.3047 | val_acc=0.3962 val_loss=1.3991 val_f1_macro=0.2409 val_f1_weighted=0.3535 val_prec_macro=0.3144 val_rec_macro=0.2608 val_metric_name=acc val_metric=0.3962
Step  600 | loss 1.2849 | val_acc=0.3957 val_loss=1.4036 val_f1_macro=0.2468 val_f1_weighted=0.3568 val_prec_macro=0.3518 val_rec_macro=0.2639 val_metric_name=acc val_metric=0.3957
Step  650 | loss 1.2516 | val_acc=0.4005 val_loss=1.4079 val_f1_macro=0.2597 val_f1_weighted=0.3659 val_prec_macro=0.4019 val_rec_macro=0.2718 val_metric_name=acc val_metric=0.4005
Step  700 | loss 1.2308 | val_acc=0.4039 val_loss=1.4151 val_f1_macro=0.2689 val_f1_weighted=0.3724 val_prec_macro=0.3991 val_rec_macro=0.2783 val_metric_name=acc val_metric=0.4039
Step  750 | loss 1.1924 | val_acc=0.4109 val_loss=1.4221 val_f1_macro=0.2806 val_f1_weighted=0.3832 val_prec_macro=0.4036 val_rec_macro=0.2864 val_metric_name=acc val_metric=0.4109
Step  800 | loss 1.1535 | val_acc=0.4163 val_loss=1.4334 val_f1_macro=0.2903 val_f1_weighted=0.3913 val_prec_macro=0.3925 val_rec_macro=0.2933 val_metric_name=acc val_metric=0.4163
Step  850 | loss 1.1150 | val_acc=0.4222 val_loss=1.4487 val_f1_macro=0.3050 val_f1_weighted=0.4001 val_prec_macro=0.4136 val_rec_macro=0.3032 val_metric_name=acc val_metric=0.4222
Step  900 | loss 1.0744 | val_acc=0.4290 val_loss=1.4670 val_f1_macro=0.3192 val_f1_weighted=0.4088 val_prec_macro=0.4315 val_rec_macro=0.3130 val_metric_name=acc val_metric=0.4290
Step  950 | loss 1.0349 | val_acc=0.4339 val_loss=1.4867 val_f1_macro=0.3319 val_f1_weighted=0.4169 val_prec_macro=0.4241 val_rec_macro=0.3225 val_metric_name=acc val_metric=0.4339
Step 1000 | loss 0.9821 | val_acc=0.4392 val_loss=1.5103 val_f1_macro=0.3445 val_f1_weighted=0.4244 val_prec_macro=0.4227 val_rec_macro=0.3325 val_metric_name=acc val_metric=0.4392
Step 1050 | loss 0.9461 | val_acc=0.4437 val_loss=1.5404 val_f1_macro=0.3556 val_f1_weighted=0.4306 val_prec_macro=0.4374 val_rec_macro=0.3410 val_metric_name=acc val_metric=0.4437
Step 1100 | loss 0.9107 | val_acc=0.4467 val_loss=1.5710 val_f1_macro=0.3630 val_f1_weighted=0.4347 val_prec_macro=0.4360 val_rec_macro=0.3476 val_metric_name=acc val_metric=0.4467
Step 1150 | loss 0.8539 | val_acc=0.4486 val_loss=1.6042 val_f1_macro=0.3683 val_f1_weighted=0.4383 val_prec_macro=0.4274 val_rec_macro=0.3529 val_metric_name=acc val_metric=0.4486
Step 1200 | loss 0.8237 | val_acc=0.4545 val_loss=1.6445 val_f1_macro=0.3754 val_f1_weighted=0.4447 val_prec_macro=0.4295 val_rec_macro=0.3598 val_metric_name=acc val_metric=0.4545
Step 1250 | loss 0.7798 | val_acc=0.4550 val_loss=1.6888 val_f1_macro=0.3789 val_f1_weighted=0.4459 val_prec_macro=0.4309 val_rec_macro=0.3629 val_metric_name=acc val_metric=0.4550
Step 1300 | loss 0.7447 | val_acc=0.4593 val_loss=1.7290 val_f1_macro=0.3836 val_f1_weighted=0.4505 val_prec_macro=0.4337 val_rec_macro=0.3673 val_metric_name=acc val_metric=0.4593
Step 1350 | loss 0.7262 | val_acc=0.4601 val_loss=1.7775 val_f1_macro=0.3857 val_f1_weighted=0.4518 val_prec_macro=0.4343 val_rec_macro=0.3697 val_metric_name=acc val_metric=0.4601
Step 1400 | loss 0.6805 | val_acc=0.4642 val_loss=1.8267 val_f1_macro=0.3923 val_f1_weighted=0.4564 val_prec_macro=0.4369 val_rec_macro=0.3761 val_metric_name=acc val_metric=0.4642
Step 1450 | loss 0.6483 | val_acc=0.4674 val_loss=1.8746 val_f1_macro=0.3981 val_f1_weighted=0.4602 val_prec_macro=0.4401 val_rec_macro=0.3815 val_metric_name=acc val_metric=0.4674
Step 1500 | loss 0.6188 | val_acc=0.4684 val_loss=1.9267 val_f1_macro=0.4012 val_f1_weighted=0.4616 val_prec_macro=0.4428 val_rec_macro=0.3843 val_metric_name=acc val_metric=0.4684
Step 1550 | loss 0.5870 | val_acc=0.4694 val_loss=1.9723 val_f1_macro=0.4049 val_f1_weighted=0.4633 val_prec_macro=0.4406 val_rec_macro=0.3886 val_metric_name=acc val_metric=0.4694
Step 1600 | loss 0.5626 | val_acc=0.4720 val_loss=2.0192 val_f1_macro=0.4105 val_f1_weighted=0.4660 val_prec_macro=0.4469 val_rec_macro=0.3934 val_metric_name=acc val_metric=0.4720
Step 1650 | loss 0.5348 | val_acc=0.4746 val_loss=2.0695 val_f1_macro=0.4139 val_f1_weighted=0.4689 val_prec_macro=0.4513 val_rec_macro=0.3964 val_metric_name=acc val_metric=0.4746
Step 1700 | loss 0.5202 | val_acc=0.4735 val_loss=2.1211 val_f1_macro=0.4149 val_f1_weighted=0.4681 val_prec_macro=0.4507 val_rec_macro=0.3976 val_metric_name=acc val_metric=0.4735
Step 1750 | loss 0.4889 | val_acc=0.4738 val_loss=2.1697 val_f1_macro=0.4164 val_f1_weighted=0.4685 val_prec_macro=0.4522 val_rec_macro=0.3989 val_metric_name=acc val_metric=0.4738
Step 1800 | loss 0.4764 | val_acc=0.4743 val_loss=2.2182 val_f1_macro=0.4169 val_f1_weighted=0.4690 val_prec_macro=0.4499 val_rec_macro=0.4001 val_metric_name=acc val_metric=0.4743
Step 1850 | loss 0.4482 | val_acc=0.4774 val_loss=2.2633 val_f1_macro=0.4212 val_f1_weighted=0.4722 val_prec_macro=0.4562 val_rec_macro=0.4035 val_metric_name=acc val_metric=0.4774
Step 1900 | loss 0.4405 | val_acc=0.4744 val_loss=2.3084 val_f1_macro=0.4202 val_f1_weighted=0.4699 val_prec_macro=0.4503 val_rec_macro=0.4039 val_metric_name=acc val_metric=0.4744
Step 1950 | loss 0.4146 | val_acc=0.4771 val_loss=2.3529 val_f1_macro=0.4218 val_f1_weighted=0.4726 val_prec_macro=0.4501 val_rec_macro=0.4062 val_metric_name=acc val_metric=0.4771
Step 2000 | loss 0.4065 | val_acc=0.4772 val_loss=2.3933 val_f1_macro=0.4229 val_f1_weighted=0.4726 val_prec_macro=0.4536 val_rec_macro=0.4064 val_metric_name=acc val_metric=0.4772
Step 2050 | loss 0.3986 | val_acc=0.4775 val_loss=2.4333 val_f1_macro=0.4229 val_f1_weighted=0.4730 val_prec_macro=0.4519 val_rec_macro=0.4069 val_metric_name=acc val_metric=0.4775
Step 2100 | loss 0.3738 | val_acc=0.4797 val_loss=2.4735 val_f1_macro=0.4240 val_f1_weighted=0.4750 val_prec_macro=0.4526 val_rec_macro=0.4082 val_metric_name=acc val_metric=0.4797
Step 2150 | loss 0.3599 | val_acc=0.4787 val_loss=2.5109 val_f1_macro=0.4243 val_f1_weighted=0.4744 val_prec_macro=0.4503 val_rec_macro=0.4093 val_metric_name=acc val_metric=0.4787
Step 2200 | loss 0.3504 | val_acc=0.4782 val_loss=2.5521 val_f1_macro=0.4232 val_f1_weighted=0.4737 val_prec_macro=0.4494 val_rec_macro=0.4082 val_metric_name=acc val_metric=0.4782
Step 2250 | loss 0.3397 | val_acc=0.4757 val_loss=2.5855 val_f1_macro=0.4200 val_f1_weighted=0.4714 val_prec_macro=0.4452 val_rec_macro=0.4054 val_metric_name=acc val_metric=0.4757
Step 2300 | loss 0.3362 | val_acc=0.4784 val_loss=2.6186 val_f1_macro=0.4227 val_f1_weighted=0.4740 val_prec_macro=0.4486 val_rec_macro=0.4078 val_metric_name=acc val_metric=0.4784
Step 2350 | loss 0.3147 | val_acc=0.4782 val_loss=2.6549 val_f1_macro=0.4218 val_f1_weighted=0.4739 val_prec_macro=0.4469 val_rec_macro=0.4075 val_metric_name=acc val_metric=0.4782
Step 2400 | loss 0.3164 | val_acc=0.4777 val_loss=2.6868 val_f1_macro=0.4247 val_f1_weighted=0.4738 val_prec_macro=0.4500 val_rec_macro=0.4100 val_metric_name=acc val_metric=0.4777
Step 2450 | loss 0.2954 | val_acc=0.4789 val_loss=2.7121 val_f1_macro=0.4259 val_f1_weighted=0.4753 val_prec_macro=0.4485 val_rec_macro=0.4121 val_metric_name=acc val_metric=0.4789
Step 2500 | loss 0.2906 | val_acc=0.4797 val_loss=2.7478 val_f1_macro=0.4262 val_f1_weighted=0.4759 val_prec_macro=0.4480 val_rec_macro=0.4127 val_metric_name=acc val_metric=0.4797
Step 2550 | loss 0.2920 | val_acc=0.4797 val_loss=2.7779 val_f1_macro=0.4251 val_f1_weighted=0.4758 val_prec_macro=0.4475 val_rec_macro=0.4114 val_metric_name=acc val_metric=0.4797
Step 2600 | loss 0.2845 | val_acc=0.4780 val_loss=2.8083 val_f1_macro=0.4241 val_f1_weighted=0.4744 val_prec_macro=0.4454 val_rec_macro=0.4109 val_metric_name=acc val_metric=0.4780
Step 2650 | loss 0.2750 | val_acc=0.4779 val_loss=2.8389 val_f1_macro=0.4211 val_f1_weighted=0.4738 val_prec_macro=0.4415 val_rec_macro=0.4084 val_metric_name=acc val_metric=0.4779
Step 2700 | loss 0.2709 | val_acc=0.4793 val_loss=2.8663 val_f1_macro=0.4247 val_f1_weighted=0.4754 val_prec_macro=0.4465 val_rec_macro=0.4113 val_metric_name=acc val_metric=0.4793
Step 2750 | loss 0.2553 | val_acc=0.4811 val_loss=2.8939 val_f1_macro=0.4271 val_f1_weighted=0.4773 val_prec_macro=0.4485 val_rec_macro=0.4138 val_metric_name=acc val_metric=0.4811
Step 2800 | loss 0.2524 | val_acc=0.4808 val_loss=2.9140 val_f1_macro=0.4260 val_f1_weighted=0.4767 val_prec_macro=0.4485 val_rec_macro=0.4124 val_metric_name=acc val_metric=0.4808
Step 2850 | loss 0.2538 | val_acc=0.4810 val_loss=2.9414 val_f1_macro=0.4281 val_f1_weighted=0.4774 val_prec_macro=0.4492 val_rec_macro=0.4148 val_metric_name=acc val_metric=0.4810
Step 2900 | loss 0.2406 | val_acc=0.4824 val_loss=2.9691 val_f1_macro=0.4295 val_f1_weighted=0.4787 val_prec_macro=0.4514 val_rec_macro=0.4159 val_metric_name=acc val_metric=0.4824
Step 2950 | loss 0.2423 | val_acc=0.4808 val_loss=2.9874 val_f1_macro=0.4277 val_f1_weighted=0.4773 val_prec_macro=0.4476 val_rec_macro=0.4151 val_metric_name=acc val_metric=0.4808
Step 3000 | loss 0.2356 | val_acc=0.4811 val_loss=3.0110 val_f1_macro=0.4288 val_f1_weighted=0.4777 val_prec_macro=0.4482 val_rec_macro=0.4162 val_metric_name=acc val_metric=0.4811
Step 3050 | loss 0.2282 | val_acc=0.4820 val_loss=3.0330 val_f1_macro=0.4298 val_f1_weighted=0.4787 val_prec_macro=0.4492 val_rec_macro=0.4173 val_metric_name=acc val_metric=0.4820
Step 3100 | loss 0.2254 | val_acc=0.4808 val_loss=3.0565 val_f1_macro=0.4287 val_f1_weighted=0.4775 val_prec_macro=0.4478 val_rec_macro=0.4164 val_metric_name=acc val_metric=0.4808
Step 3150 | loss 0.2154 | val_acc=0.4803 val_loss=3.0866 val_f1_macro=0.4259 val_f1_weighted=0.4767 val_prec_macro=0.4449 val_rec_macro=0.4137 val_metric_name=acc val_metric=0.4803
Step 3200 | loss 0.2164 | val_acc=0.4815 val_loss=3.1100 val_f1_macro=0.4273 val_f1_weighted=0.4778 val_prec_macro=0.4471 val_rec_macro=0.4147 val_metric_name=acc val_metric=0.4815
Step 3250 | loss 0.2139 | val_acc=0.4803 val_loss=3.1328 val_f1_macro=0.4282 val_f1_weighted=0.4767 val_prec_macro=0.4476 val_rec_macro=0.4156 val_metric_name=acc val_metric=0.4803
Step 3300 | loss 0.2066 | val_acc=0.4824 val_loss=3.1469 val_f1_macro=0.4304 val_f1_weighted=0.4794 val_prec_macro=0.4476 val_rec_macro=0.4189 val_metric_name=acc val_metric=0.4824
Step 3350 | loss 0.2001 | val_acc=0.4808 val_loss=3.1735 val_f1_macro=0.4285 val_f1_weighted=0.4776 val_prec_macro=0.4456 val_rec_macro=0.4171 val_metric_name=acc val_metric=0.4808
Step 3400 | loss 0.2057 | val_acc=0.4818 val_loss=3.1826 val_f1_macro=0.4310 val_f1_weighted=0.4785 val_prec_macro=0.4498 val_rec_macro=0.4186 val_metric_name=acc val_metric=0.4818
Step 3450 | loss 0.2037 | val_acc=0.4810 val_loss=3.2057 val_f1_macro=0.4298 val_f1_weighted=0.4777 val_prec_macro=0.4471 val_rec_macro=0.4181 val_metric_name=acc val_metric=0.4810
Step 3500 | loss 0.1849 | val_acc=0.4808 val_loss=3.2213 val_f1_macro=0.4295 val_f1_weighted=0.4777 val_prec_macro=0.4464 val_rec_macro=0.4181 val_metric_name=acc val_metric=0.4808
Early stopping at step 3530

--- Final (best ckpt @ step 3230) ---
  train_acc=0.9924 train_loss=0.0225 train_f1_macro=0.9911 train_f1_weighted=0.9924 train_prec_macro=0.9898 train_rec_macro=0.9924 train_metric_name=acc train_metric=0.9924
  val_acc=0.4831 val_loss=3.1169 val_f1_macro=0.4302 val_f1_weighted=0.4796 val_prec_macro=0.4489 val_rec_macro=0.4180 val_metric_name=acc val_metric=0.4831
  test_acc=0.4802 test_loss=3.1566 test_f1_macro=0.4168 test_f1_weighted=0.4759 test_prec_macro=0.4389 test_rec_macro=0.4040 test_metric_name=acc test_metric=0.4802
  test_acc=0.4802

============================================================
Training amazon-ratings ResNet 1L h=384 lr=6e-05 split=3
============================================================
Training for 5000 steps
Step    1 | loss 1.8263 | val_acc=0.2680 val_loss=1.7091 val_f1_macro=0.1085 val_f1_weighted=0.1353 val_prec_macro=0.2107 val_rec_macro=0.2046 val_metric_name=acc val_metric=0.2680
Step   50 | loss 1.4212 | val_acc=0.3748 val_loss=1.4045 val_f1_macro=0.1568 val_f1_weighted=0.2622 val_prec_macro=0.1983 val_rec_macro=0.2141 val_metric_name=acc val_metric=0.3748
Step  100 | loss 1.3997 | val_acc=0.3835 val_loss=1.3959 val_f1_macro=0.1820 val_f1_weighted=0.2940 val_prec_macro=0.2095 val_rec_macro=0.2280 val_metric_name=acc val_metric=0.3835
Step  150 | loss 1.3741 | val_acc=0.3910 val_loss=1.3908 val_f1_macro=0.2006 val_f1_weighted=0.3162 val_prec_macro=0.2631 val_rec_macro=0.2400 val_metric_name=acc val_metric=0.3910
Step  200 | loss 1.3552 | val_acc=0.3918 val_loss=1.3899 val_f1_macro=0.2126 val_f1_weighted=0.3292 val_prec_macro=0.2418 val_rec_macro=0.2456 val_metric_name=acc val_metric=0.3918
Step  250 | loss 1.3356 | val_acc=0.3923 val_loss=1.3935 val_f1_macro=0.2260 val_f1_weighted=0.3403 val_prec_macro=0.2961 val_rec_macro=0.2525 val_metric_name=acc val_metric=0.3923
Step  300 | loss 1.3074 | val_acc=0.3970 val_loss=1.3987 val_f1_macro=0.2398 val_f1_weighted=0.3529 val_prec_macro=0.3144 val_rec_macro=0.2610 val_metric_name=acc val_metric=0.3970
Step  350 | loss 1.2628 | val_acc=0.4003 val_loss=1.4053 val_f1_macro=0.2574 val_f1_weighted=0.3644 val_prec_macro=0.3992 val_rec_macro=0.2706 val_metric_name=acc val_metric=0.4003
Step  400 | loss 1.2112 | val_acc=0.4067 val_loss=1.4190 val_f1_macro=0.2725 val_f1_weighted=0.3770 val_prec_macro=0.3969 val_rec_macro=0.2810 val_metric_name=acc val_metric=0.4067
Step  450 | loss 1.1419 | val_acc=0.4170 val_loss=1.4416 val_f1_macro=0.2961 val_f1_weighted=0.3938 val_prec_macro=0.3950 val_rec_macro=0.2973 val_metric_name=acc val_metric=0.4170
Step  500 | loss 1.0654 | val_acc=0.4317 val_loss=1.4728 val_f1_macro=0.3221 val_f1_weighted=0.4121 val_prec_macro=0.4246 val_rec_macro=0.3161 val_metric_name=acc val_metric=0.4317
Step  550 | loss 0.9812 | val_acc=0.4423 val_loss=1.5168 val_f1_macro=0.3455 val_f1_weighted=0.4269 val_prec_macro=0.4387 val_rec_macro=0.3335 val_metric_name=acc val_metric=0.4423
Step  600 | loss 0.9027 | val_acc=0.4455 val_loss=1.5804 val_f1_macro=0.3604 val_f1_weighted=0.4334 val_prec_macro=0.4335 val_rec_macro=0.3454 val_metric_name=acc val_metric=0.4455
Step  650 | loss 0.8052 | val_acc=0.4535 val_loss=1.6465 val_f1_macro=0.3739 val_f1_weighted=0.4432 val_prec_macro=0.4339 val_rec_macro=0.3581 val_metric_name=acc val_metric=0.4535
Step  700 | loss 0.7463 | val_acc=0.4593 val_loss=1.7372 val_f1_macro=0.3840 val_f1_weighted=0.4502 val_prec_macro=0.4346 val_rec_macro=0.3675 val_metric_name=acc val_metric=0.4593
Step  750 | loss 0.6674 | val_acc=0.4643 val_loss=1.8237 val_f1_macro=0.3945 val_f1_weighted=0.4573 val_prec_macro=0.4365 val_rec_macro=0.3783 val_metric_name=acc val_metric=0.4643
Step  800 | loss 0.6163 | val_acc=0.4700 val_loss=1.9289 val_f1_macro=0.4006 val_f1_weighted=0.4631 val_prec_macro=0.4405 val_rec_macro=0.3843 val_metric_name=acc val_metric=0.4700
Step  850 | loss 0.5632 | val_acc=0.4723 val_loss=2.0245 val_f1_macro=0.4088 val_f1_weighted=0.4663 val_prec_macro=0.4490 val_rec_macro=0.3914 val_metric_name=acc val_metric=0.4723
Step  900 | loss 0.5079 | val_acc=0.4748 val_loss=2.1298 val_f1_macro=0.4155 val_f1_weighted=0.4693 val_prec_macro=0.4507 val_rec_macro=0.3983 val_metric_name=acc val_metric=0.4748
Step  950 | loss 0.4649 | val_acc=0.4756 val_loss=2.2218 val_f1_macro=0.4179 val_f1_weighted=0.4703 val_prec_macro=0.4530 val_rec_macro=0.4005 val_metric_name=acc val_metric=0.4756
Step 1000 | loss 0.4285 | val_acc=0.4787 val_loss=2.3094 val_f1_macro=0.4242 val_f1_weighted=0.4739 val_prec_macro=0.4572 val_rec_macro=0.4069 val_metric_name=acc val_metric=0.4787
Step 1050 | loss 0.4029 | val_acc=0.4803 val_loss=2.4010 val_f1_macro=0.4255 val_f1_weighted=0.4752 val_prec_macro=0.4605 val_rec_macro=0.4074 val_metric_name=acc val_metric=0.4803
Step 1100 | loss 0.3729 | val_acc=0.4800 val_loss=2.4765 val_f1_macro=0.4240 val_f1_weighted=0.4748 val_prec_macro=0.4546 val_rec_macro=0.4075 val_metric_name=acc val_metric=0.4800
Step 1150 | loss 0.3313 | val_acc=0.4813 val_loss=2.5493 val_f1_macro=0.4231 val_f1_weighted=0.4765 val_prec_macro=0.4498 val_rec_macro=0.4080 val_metric_name=acc val_metric=0.4813
Step 1200 | loss 0.3206 | val_acc=0.4803 val_loss=2.6254 val_f1_macro=0.4224 val_f1_weighted=0.4754 val_prec_macro=0.4503 val_rec_macro=0.4069 val_metric_name=acc val_metric=0.4803
Step 1250 | loss 0.3022 | val_acc=0.4803 val_loss=2.6954 val_f1_macro=0.4252 val_f1_weighted=0.4760 val_prec_macro=0.4521 val_rec_macro=0.4100 val_metric_name=acc val_metric=0.4803
Step 1300 | loss 0.2847 | val_acc=0.4828 val_loss=2.7494 val_f1_macro=0.4268 val_f1_weighted=0.4788 val_prec_macro=0.4492 val_rec_macro=0.4133 val_metric_name=acc val_metric=0.4828
Step 1350 | loss 0.2847 | val_acc=0.4823 val_loss=2.8149 val_f1_macro=0.4263 val_f1_weighted=0.4783 val_prec_macro=0.4487 val_rec_macro=0.4127 val_metric_name=acc val_metric=0.4823
Step 1400 | loss 0.2654 | val_acc=0.4800 val_loss=2.8704 val_f1_macro=0.4232 val_f1_weighted=0.4762 val_prec_macro=0.4421 val_rec_macro=0.4113 val_metric_name=acc val_metric=0.4800
Step 1450 | loss 0.2514 | val_acc=0.4803 val_loss=2.9193 val_f1_macro=0.4240 val_f1_weighted=0.4763 val_prec_macro=0.4438 val_rec_macro=0.4116 val_metric_name=acc val_metric=0.4803
Step 1500 | loss 0.2377 | val_acc=0.4820 val_loss=2.9707 val_f1_macro=0.4270 val_f1_weighted=0.4783 val_prec_macro=0.4474 val_rec_macro=0.4144 val_metric_name=acc val_metric=0.4820
Step 1550 | loss 0.2280 | val_acc=0.4816 val_loss=3.0118 val_f1_macro=0.4269 val_f1_weighted=0.4781 val_prec_macro=0.4462 val_rec_macro=0.4146 val_metric_name=acc val_metric=0.4816
Step 1600 | loss 0.2168 | val_acc=0.4834 val_loss=3.0607 val_f1_macro=0.4267 val_f1_weighted=0.4796 val_prec_macro=0.4445 val_rec_macro=0.4151 val_metric_name=acc val_metric=0.4834
Step 1650 | loss 0.2063 | val_acc=0.4810 val_loss=3.1119 val_f1_macro=0.4257 val_f1_weighted=0.4776 val_prec_macro=0.4413 val_rec_macro=0.4151 val_metric_name=acc val_metric=0.4810
Step 1700 | loss 0.2128 | val_acc=0.4802 val_loss=3.1472 val_f1_macro=0.4253 val_f1_weighted=0.4770 val_prec_macro=0.4410 val_rec_macro=0.4147 val_metric_name=acc val_metric=0.4802
Step 1750 | loss 0.1903 | val_acc=0.4829 val_loss=3.1851 val_f1_macro=0.4262 val_f1_weighted=0.4792 val_prec_macro=0.4443 val_rec_macro=0.4144 val_metric_name=acc val_metric=0.4829
Step 1800 | loss 0.1976 | val_acc=0.4813 val_loss=3.2257 val_f1_macro=0.4251 val_f1_weighted=0.4779 val_prec_macro=0.4398 val_rec_macro=0.4149 val_metric_name=acc val_metric=0.4813
Step 1850 | loss 0.1833 | val_acc=0.4829 val_loss=3.2596 val_f1_macro=0.4273 val_f1_weighted=0.4798 val_prec_macro=0.4428 val_rec_macro=0.4167 val_metric_name=acc val_metric=0.4829
Step 1900 | loss 0.1801 | val_acc=0.4824 val_loss=3.3020 val_f1_macro=0.4271 val_f1_weighted=0.4792 val_prec_macro=0.4422 val_rec_macro=0.4167 val_metric_name=acc val_metric=0.4824
Step 1950 | loss 0.1688 | val_acc=0.4823 val_loss=3.3304 val_f1_macro=0.4253 val_f1_weighted=0.4790 val_prec_macro=0.4392 val_rec_macro=0.4156 val_metric_name=acc val_metric=0.4823
Step 2000 | loss 0.1638 | val_acc=0.4828 val_loss=3.3667 val_f1_macro=0.4268 val_f1_weighted=0.4796 val_prec_macro=0.4406 val_rec_macro=0.4172 val_metric_name=acc val_metric=0.4828
Step 2050 | loss 0.1687 | val_acc=0.4798 val_loss=3.3957 val_f1_macro=0.4250 val_f1_weighted=0.4767 val_prec_macro=0.4382 val_rec_macro=0.4157 val_metric_name=acc val_metric=0.4798
Step 2100 | loss 0.1559 | val_acc=0.4834 val_loss=3.4173 val_f1_macro=0.4271 val_f1_weighted=0.4800 val_prec_macro=0.4429 val_rec_macro=0.4164 val_metric_name=acc val_metric=0.4834
Step 2150 | loss 0.1510 | val_acc=0.4820 val_loss=3.4500 val_f1_macro=0.4271 val_f1_weighted=0.4789 val_prec_macro=0.4405 val_rec_macro=0.4176 val_metric_name=acc val_metric=0.4820
Early stopping at step 2170

--- Final (best ckpt @ step 1870) ---
  train_acc=0.9927 train_loss=0.0185 train_f1_macro=0.9914 train_f1_weighted=0.9927 train_prec_macro=0.9901 train_rec_macro=0.9928 train_metric_name=acc train_metric=0.9927
  val_acc=0.4860 val_loss=3.2735 val_f1_macro=0.4301 val_f1_weighted=0.4826 val_prec_macro=0.4468 val_rec_macro=0.4188 val_metric_name=acc val_metric=0.4860
  test_acc=0.4775 test_loss=3.3093 test_f1_macro=0.4115 test_f1_weighted=0.4729 test_prec_macro=0.4342 test_rec_macro=0.3989 test_metric_name=acc test_metric=0.4775
  test_acc=0.4775

============================================================
Training amazon-ratings ResNet 1L h=384 lr=0.0001 split=3
============================================================
Training for 5000 steps
Step    1 | loss 1.8263 | val_acc=0.2760 val_loss=1.6161 val_f1_macro=0.1224 val_f1_weighted=0.1610 val_prec_macro=0.2244 val_rec_macro=0.2075 val_metric_name=acc val_metric=0.2760
Step   50 | loss 1.4069 | val_acc=0.3813 val_loss=1.4036 val_f1_macro=0.1674 val_f1_weighted=0.2759 val_prec_macro=0.2184 val_rec_macro=0.2204 val_metric_name=acc val_metric=0.3813
Step  100 | loss 1.3789 | val_acc=0.3903 val_loss=1.3891 val_f1_macro=0.1993 val_f1_weighted=0.3151 val_prec_macro=0.2107 val_rec_macro=0.2392 val_metric_name=acc val_metric=0.3903
Step  150 | loss 1.3434 | val_acc=0.3920 val_loss=1.3916 val_f1_macro=0.2173 val_f1_weighted=0.3338 val_prec_macro=0.2534 val_rec_macro=0.2482 val_metric_name=acc val_metric=0.3920
Step  200 | loss 1.3042 | val_acc=0.3952 val_loss=1.3985 val_f1_macro=0.2399 val_f1_weighted=0.3521 val_prec_macro=0.3162 val_rec_macro=0.2606 val_metric_name=acc val_metric=0.3952
Step  250 | loss 1.2371 | val_acc=0.4031 val_loss=1.4127 val_f1_macro=0.2673 val_f1_weighted=0.3715 val_prec_macro=0.4067 val_rec_macro=0.2774 val_metric_name=acc val_metric=0.4031
Step  300 | loss 1.1358 | val_acc=0.4199 val_loss=1.4459 val_f1_macro=0.2988 val_f1_weighted=0.3970 val_prec_macro=0.3998 val_rec_macro=0.2995 val_metric_name=acc val_metric=0.4199
Step  350 | loss 1.0087 | val_acc=0.4372 val_loss=1.5075 val_f1_macro=0.3366 val_f1_weighted=0.4211 val_prec_macro=0.4179 val_rec_macro=0.3272 val_metric_name=acc val_metric=0.4372
Step  400 | loss 0.8860 | val_acc=0.4475 val_loss=1.5947 val_f1_macro=0.3633 val_f1_weighted=0.4363 val_prec_macro=0.4297 val_rec_macro=0.3487 val_metric_name=acc val_metric=0.4475
Step  450 | loss 0.7557 | val_acc=0.4602 val_loss=1.7310 val_f1_macro=0.3832 val_f1_weighted=0.4506 val_prec_macro=0.4421 val_rec_macro=0.3664 val_metric_name=acc val_metric=0.4602
Step  500 | loss 0.6457 | val_acc=0.4673 val_loss=1.8747 val_f1_macro=0.3968 val_f1_weighted=0.4596 val_prec_macro=0.4422 val_rec_macro=0.3796 val_metric_name=acc val_metric=0.4673
Step  550 | loss 0.5506 | val_acc=0.4741 val_loss=2.0295 val_f1_macro=0.4153 val_f1_weighted=0.4683 val_prec_macro=0.4613 val_rec_macro=0.3958 val_metric_name=acc val_metric=0.4741
Step  600 | loss 0.4856 | val_acc=0.4771 val_loss=2.1858 val_f1_macro=0.4198 val_f1_weighted=0.4716 val_prec_macro=0.4553 val_rec_macro=0.4024 val_metric_name=acc val_metric=0.4771
Step  650 | loss 0.4109 | val_acc=0.4784 val_loss=2.3263 val_f1_macro=0.4243 val_f1_weighted=0.4735 val_prec_macro=0.4570 val_rec_macro=0.4070 val_metric_name=acc val_metric=0.4784
Step  700 | loss 0.3774 | val_acc=0.4829 val_loss=2.4680 val_f1_macro=0.4295 val_f1_weighted=0.4782 val_prec_macro=0.4613 val_rec_macro=0.4122 val_metric_name=acc val_metric=0.4829
Step  750 | loss 0.3355 | val_acc=0.4793 val_loss=2.5784 val_f1_macro=0.4269 val_f1_weighted=0.4754 val_prec_macro=0.4531 val_rec_macro=0.4117 val_metric_name=acc val_metric=0.4793
Step  800 | loss 0.3072 | val_acc=0.4837 val_loss=2.6843 val_f1_macro=0.4290 val_f1_weighted=0.4798 val_prec_macro=0.4544 val_rec_macro=0.4141 val_metric_name=acc val_metric=0.4837
Step  850 | loss 0.2774 | val_acc=0.4828 val_loss=2.7804 val_f1_macro=0.4282 val_f1_weighted=0.4785 val_prec_macro=0.4545 val_rec_macro=0.4129 val_metric_name=acc val_metric=0.4828
Step  900 | loss 0.2492 | val_acc=0.4816 val_loss=2.8785 val_f1_macro=0.4312 val_f1_weighted=0.4780 val_prec_macro=0.4549 val_rec_macro=0.4166 val_metric_name=acc val_metric=0.4816
Step  950 | loss 0.2333 | val_acc=0.4803 val_loss=2.9556 val_f1_macro=0.4262 val_f1_weighted=0.4763 val_prec_macro=0.4483 val_rec_macro=0.4125 val_metric_name=acc val_metric=0.4803
Step 1000 | loss 0.2213 | val_acc=0.4837 val_loss=3.0340 val_f1_macro=0.4296 val_f1_weighted=0.4801 val_prec_macro=0.4509 val_rec_macro=0.4163 val_metric_name=acc val_metric=0.4837
Step 1050 | loss 0.2108 | val_acc=0.4839 val_loss=3.1062 val_f1_macro=0.4298 val_f1_weighted=0.4797 val_prec_macro=0.4531 val_rec_macro=0.4156 val_metric_name=acc val_metric=0.4839
Step 1100 | loss 0.1939 | val_acc=0.4824 val_loss=3.1657 val_f1_macro=0.4290 val_f1_weighted=0.4783 val_prec_macro=0.4497 val_rec_macro=0.4159 val_metric_name=acc val_metric=0.4824
Step 1150 | loss 0.1736 | val_acc=0.4849 val_loss=3.2298 val_f1_macro=0.4288 val_f1_weighted=0.4810 val_prec_macro=0.4478 val_rec_macro=0.4165 val_metric_name=acc val_metric=0.4849
Step 1200 | loss 0.1711 | val_acc=0.4841 val_loss=3.2819 val_f1_macro=0.4271 val_f1_weighted=0.4798 val_prec_macro=0.4454 val_rec_macro=0.4152 val_metric_name=acc val_metric=0.4841
Step 1250 | loss 0.1599 | val_acc=0.4813 val_loss=3.3366 val_f1_macro=0.4251 val_f1_weighted=0.4776 val_prec_macro=0.4419 val_rec_macro=0.4140 val_metric_name=acc val_metric=0.4813
Step 1300 | loss 0.1547 | val_acc=0.4846 val_loss=3.3905 val_f1_macro=0.4278 val_f1_weighted=0.4808 val_prec_macro=0.4452 val_rec_macro=0.4164 val_metric_name=acc val_metric=0.4846
Step 1350 | loss 0.1584 | val_acc=0.4839 val_loss=3.4445 val_f1_macro=0.4274 val_f1_weighted=0.4800 val_prec_macro=0.4453 val_rec_macro=0.4156 val_metric_name=acc val_metric=0.4839
Step 1400 | loss 0.1512 | val_acc=0.4849 val_loss=3.4754 val_f1_macro=0.4285 val_f1_weighted=0.4817 val_prec_macro=0.4416 val_rec_macro=0.4195 val_metric_name=acc val_metric=0.4849
Step 1450 | loss 0.1408 | val_acc=0.4828 val_loss=3.5199 val_f1_macro=0.4253 val_f1_weighted=0.4792 val_prec_macro=0.4405 val_rec_macro=0.4150 val_metric_name=acc val_metric=0.4828
Step 1500 | loss 0.1309 | val_acc=0.4849 val_loss=3.5544 val_f1_macro=0.4295 val_f1_weighted=0.4813 val_prec_macro=0.4457 val_rec_macro=0.4188 val_metric_name=acc val_metric=0.4849
Step 1550 | loss 0.1338 | val_acc=0.4829 val_loss=3.5811 val_f1_macro=0.4281 val_f1_weighted=0.4798 val_prec_macro=0.4437 val_rec_macro=0.4174 val_metric_name=acc val_metric=0.4829
Step 1600 | loss 0.1230 | val_acc=0.4878 val_loss=3.6282 val_f1_macro=0.4277 val_f1_weighted=0.4840 val_prec_macro=0.4421 val_rec_macro=0.4181 val_metric_name=acc val_metric=0.4878
Step 1650 | loss 0.1200 | val_acc=0.4821 val_loss=3.6725 val_f1_macro=0.4252 val_f1_weighted=0.4791 val_prec_macro=0.4373 val_rec_macro=0.4165 val_metric_name=acc val_metric=0.4821
Early stopping at step 1673

--- Final (best ckpt @ step 1370) ---
  train_acc=0.9934 train_loss=0.0154 train_f1_macro=0.9920 train_f1_weighted=0.9934 train_prec_macro=0.9913 train_rec_macro=0.9926 train_metric_name=acc train_metric=0.9934
  val_acc=0.4885 val_loss=3.4418 val_f1_macro=0.4315 val_f1_weighted=0.4847 val_prec_macro=0.4489 val_rec_macro=0.4201 val_metric_name=acc val_metric=0.4885
  test_acc=0.4774 test_loss=3.5024 test_f1_macro=0.4104 test_f1_weighted=0.4722 test_prec_macro=0.4343 test_rec_macro=0.3972 test_metric_name=acc test_metric=0.4774
  test_acc=0.4774

============================================================
Training amazon-ratings ResNet 1L h=384 lr=1e-05 split=3
============================================================
Training for 5000 steps
Step    1 | loss 1.8263 | val_acc=0.2670 val_loss=1.8483 val_f1_macro=0.1039 val_f1_weighted=0.1265 val_prec_macro=0.1938 val_rec_macro=0.2051 val_metric_name=acc val_metric=0.2670
Step   50 | loss 1.4673 | val_acc=0.3549 val_loss=1.4465 val_f1_macro=0.1571 val_f1_weighted=0.2582 val_prec_macro=0.1836 val_rec_macro=0.2041 val_metric_name=acc val_metric=0.3549
Step  100 | loss 1.4546 | val_acc=0.3649 val_loss=1.4346 val_f1_macro=0.1480 val_f1_weighted=0.2489 val_prec_macro=0.1885 val_rec_macro=0.2064 val_metric_name=acc val_metric=0.3649
Step  150 | loss 1.4351 | val_acc=0.3665 val_loss=1.4242 val_f1_macro=0.1476 val_f1_weighted=0.2493 val_prec_macro=0.1820 val_rec_macro=0.2073 val_metric_name=acc val_metric=0.3665
Step  200 | loss 1.4282 | val_acc=0.3715 val_loss=1.4173 val_f1_macro=0.1544 val_f1_weighted=0.2585 val_prec_macro=0.1897 val_rec_macro=0.2117 val_metric_name=acc val_metric=0.3715
Step  250 | loss 1.4243 | val_acc=0.3763 val_loss=1.4122 val_f1_macro=0.1602 val_f1_weighted=0.2665 val_prec_macro=0.2051 val_rec_macro=0.2157 val_metric_name=acc val_metric=0.3763
Step  300 | loss 1.4197 | val_acc=0.3794 val_loss=1.4084 val_f1_macro=0.1679 val_f1_weighted=0.2764 val_prec_macro=0.2153 val_rec_macro=0.2198 val_metric_name=acc val_metric=0.3794
Step  350 | loss 1.4115 | val_acc=0.3799 val_loss=1.4047 val_f1_macro=0.1719 val_f1_weighted=0.2814 val_prec_macro=0.2079 val_rec_macro=0.2217 val_metric_name=acc val_metric=0.3799
Step  400 | loss 1.4042 | val_acc=0.3807 val_loss=1.4019 val_f1_macro=0.1765 val_f1_weighted=0.2869 val_prec_macro=0.2166 val_rec_macro=0.2240 val_metric_name=acc val_metric=0.3807
Step  450 | loss 1.4004 | val_acc=0.3838 val_loss=1.3995 val_f1_macro=0.1810 val_f1_weighted=0.2928 val_prec_macro=0.2168 val_rec_macro=0.2274 val_metric_name=acc val_metric=0.3838
Step  500 | loss 1.3946 | val_acc=0.3848 val_loss=1.3978 val_f1_macro=0.1832 val_f1_weighted=0.2956 val_prec_macro=0.2115 val_rec_macro=0.2290 val_metric_name=acc val_metric=0.3848
Step  550 | loss 1.3931 | val_acc=0.3867 val_loss=1.3960 val_f1_macro=0.1872 val_f1_weighted=0.3006 val_prec_macro=0.2138 val_rec_macro=0.2315 val_metric_name=acc val_metric=0.3867
Step  600 | loss 1.3879 | val_acc=0.3890 val_loss=1.3946 val_f1_macro=0.1920 val_f1_weighted=0.3065 val_prec_macro=0.2183 val_rec_macro=0.2344 val_metric_name=acc val_metric=0.3890
Step  650 | loss 1.3790 | val_acc=0.3915 val_loss=1.3935 val_f1_macro=0.1957 val_f1_weighted=0.3112 val_prec_macro=0.2192 val_rec_macro=0.2374 val_metric_name=acc val_metric=0.3915
Step  700 | loss 1.3812 | val_acc=0.3910 val_loss=1.3928 val_f1_macro=0.1971 val_f1_weighted=0.3126 val_prec_macro=0.2172 val_rec_macro=0.2382 val_metric_name=acc val_metric=0.3910
Step  750 | loss 1.3760 | val_acc=0.3913 val_loss=1.3919 val_f1_macro=0.1990 val_f1_weighted=0.3150 val_prec_macro=0.2138 val_rec_macro=0.2395 val_metric_name=acc val_metric=0.3913
Step  800 | loss 1.3699 | val_acc=0.3918 val_loss=1.3915 val_f1_macro=0.2017 val_f1_weighted=0.3176 val_prec_macro=0.2622 val_rec_macro=0.2410 val_metric_name=acc val_metric=0.3918
Step  850 | loss 1.3711 | val_acc=0.3921 val_loss=1.3911 val_f1_macro=0.2042 val_f1_weighted=0.3204 val_prec_macro=0.2551 val_rec_macro=0.2422 val_metric_name=acc val_metric=0.3921
Step  900 | loss 1.3665 | val_acc=0.3916 val_loss=1.3907 val_f1_macro=0.2055 val_f1_weighted=0.3218 val_prec_macro=0.2383 val_rec_macro=0.2424 val_metric_name=acc val_metric=0.3916
Step  950 | loss 1.3632 | val_acc=0.3908 val_loss=1.3911 val_f1_macro=0.2074 val_f1_weighted=0.3237 val_prec_macro=0.2354 val_rec_macro=0.2432 val_metric_name=acc val_metric=0.3908
Step 1000 | loss 1.3533 | val_acc=0.3931 val_loss=1.3911 val_f1_macro=0.2119 val_f1_weighted=0.3289 val_prec_macro=0.2414 val_rec_macro=0.2460 val_metric_name=acc val_metric=0.3931
Step 1050 | loss 1.3512 | val_acc=0.3910 val_loss=1.3914 val_f1_macro=0.2140 val_f1_weighted=0.3305 val_prec_macro=0.2404 val_rec_macro=0.2461 val_metric_name=acc val_metric=0.3910
Step 1100 | loss 1.3490 | val_acc=0.3913 val_loss=1.3920 val_f1_macro=0.2150 val_f1_weighted=0.3317 val_prec_macro=0.2398 val_rec_macro=0.2467 val_metric_name=acc val_metric=0.3913
Step 1150 | loss 1.3408 | val_acc=0.3910 val_loss=1.3925 val_f1_macro=0.2188 val_f1_weighted=0.3343 val_prec_macro=0.2716 val_rec_macro=0.2482 val_metric_name=acc val_metric=0.3910
Step 1200 | loss 1.3381 | val_acc=0.3910 val_loss=1.3929 val_f1_macro=0.2215 val_f1_weighted=0.3362 val_prec_macro=0.2851 val_rec_macro=0.2497 val_metric_name=acc val_metric=0.3910
Step 1250 | loss 1.3279 | val_acc=0.3925 val_loss=1.3938 val_f1_macro=0.2247 val_f1_weighted=0.3390 val_prec_macro=0.2993 val_rec_macro=0.2519 val_metric_name=acc val_metric=0.3925
Step 1300 | loss 1.3287 | val_acc=0.3929 val_loss=1.3948 val_f1_macro=0.2291 val_f1_weighted=0.3422 val_prec_macro=0.3121 val_rec_macro=0.2543 val_metric_name=acc val_metric=0.3929
Step 1350 | loss 1.3328 | val_acc=0.3949 val_loss=1.3963 val_f1_macro=0.2330 val_f1_weighted=0.3467 val_prec_macro=0.3155 val_rec_macro=0.2568 val_metric_name=acc val_metric=0.3949
Step 1400 | loss 1.3109 | val_acc=0.3923 val_loss=1.3966 val_f1_macro=0.2341 val_f1_weighted=0.3458 val_prec_macro=0.3246 val_rec_macro=0.2565 val_metric_name=acc val_metric=0.3923
Step 1450 | loss 1.3101 | val_acc=0.3946 val_loss=1.3978 val_f1_macro=0.2374 val_f1_weighted=0.3499 val_prec_macro=0.3175 val_rec_macro=0.2589 val_metric_name=acc val_metric=0.3946
Step 1500 | loss 1.3022 | val_acc=0.3941 val_loss=1.3988 val_f1_macro=0.2383 val_f1_weighted=0.3507 val_prec_macro=0.3078 val_rec_macro=0.2591 val_metric_name=acc val_metric=0.3941
Step 1550 | loss 1.2958 | val_acc=0.3954 val_loss=1.4002 val_f1_macro=0.2424 val_f1_weighted=0.3535 val_prec_macro=0.3506 val_rec_macro=0.2614 val_metric_name=acc val_metric=0.3954
Step 1600 | loss 1.2873 | val_acc=0.3959 val_loss=1.4014 val_f1_macro=0.2455 val_f1_weighted=0.3560 val_prec_macro=0.3572 val_rec_macro=0.2632 val_metric_name=acc val_metric=0.3959
Step 1650 | loss 1.2815 | val_acc=0.3975 val_loss=1.4028 val_f1_macro=0.2499 val_f1_weighted=0.3592 val_prec_macro=0.3897 val_rec_macro=0.2661 val_metric_name=acc val_metric=0.3975
Step 1700 | loss 1.2679 | val_acc=0.4001 val_loss=1.4042 val_f1_macro=0.2566 val_f1_weighted=0.3633 val_prec_macro=0.4153 val_rec_macro=0.2703 val_metric_name=acc val_metric=0.4001
Step 1750 | loss 1.2623 | val_acc=0.4016 val_loss=1.4064 val_f1_macro=0.2594 val_f1_weighted=0.3659 val_prec_macro=0.4063 val_rec_macro=0.2721 val_metric_name=acc val_metric=0.4016
Step 1800 | loss 1.2514 | val_acc=0.4036 val_loss=1.4078 val_f1_macro=0.2633 val_f1_weighted=0.3696 val_prec_macro=0.4049 val_rec_macro=0.2749 val_metric_name=acc val_metric=0.4036
Step 1850 | loss 1.2373 | val_acc=0.4024 val_loss=1.4097 val_f1_macro=0.2642 val_f1_weighted=0.3693 val_prec_macro=0.3974 val_rec_macro=0.2749 val_metric_name=acc val_metric=0.4024
Step 1900 | loss 1.2298 | val_acc=0.4036 val_loss=1.4112 val_f1_macro=0.2685 val_f1_weighted=0.3721 val_prec_macro=0.4057 val_rec_macro=0.2774 val_metric_name=acc val_metric=0.4036
Step 1950 | loss 1.2191 | val_acc=0.4072 val_loss=1.4147 val_f1_macro=0.2716 val_f1_weighted=0.3765 val_prec_macro=0.4057 val_rec_macro=0.2803 val_metric_name=acc val_metric=0.4072
Step 2000 | loss 1.2082 | val_acc=0.4063 val_loss=1.4181 val_f1_macro=0.2731 val_f1_weighted=0.3764 val_prec_macro=0.4004 val_rec_macro=0.2809 val_metric_name=acc val_metric=0.4063
Step 2050 | loss 1.1908 | val_acc=0.4094 val_loss=1.4205 val_f1_macro=0.2784 val_f1_weighted=0.3809 val_prec_macro=0.4083 val_rec_macro=0.2845 val_metric_name=acc val_metric=0.4094
Step 2100 | loss 1.1764 | val_acc=0.4106 val_loss=1.4252 val_f1_macro=0.2808 val_f1_weighted=0.3830 val_prec_macro=0.3974 val_rec_macro=0.2864 val_metric_name=acc val_metric=0.4106
Step 2150 | loss 1.1667 | val_acc=0.4145 val_loss=1.4295 val_f1_macro=0.2870 val_f1_weighted=0.3878 val_prec_macro=0.3928 val_rec_macro=0.2907 val_metric_name=acc val_metric=0.4145
Step 2200 | loss 1.1501 | val_acc=0.4160 val_loss=1.4335 val_f1_macro=0.2921 val_f1_weighted=0.3906 val_prec_macro=0.3986 val_rec_macro=0.2939 val_metric_name=acc val_metric=0.4160
Step 2250 | loss 1.1341 | val_acc=0.4192 val_loss=1.4374 val_f1_macro=0.2994 val_f1_weighted=0.3958 val_prec_macro=0.4090 val_rec_macro=0.2989 val_metric_name=acc val_metric=0.4192
Step 2300 | loss 1.1259 | val_acc=0.4212 val_loss=1.4429 val_f1_macro=0.3056 val_f1_weighted=0.3990 val_prec_macro=0.4173 val_rec_macro=0.3029 val_metric_name=acc val_metric=0.4212
Step 2350 | loss 1.1090 | val_acc=0.4228 val_loss=1.4478 val_f1_macro=0.3092 val_f1_weighted=0.4015 val_prec_macro=0.4200 val_rec_macro=0.3053 val_metric_name=acc val_metric=0.4228
Step 2400 | loss 1.1008 | val_acc=0.4259 val_loss=1.4517 val_f1_macro=0.3145 val_f1_weighted=0.4051 val_prec_macro=0.4277 val_rec_macro=0.3093 val_metric_name=acc val_metric=0.4259
Step 2450 | loss 1.0874 | val_acc=0.4290 val_loss=1.4578 val_f1_macro=0.3207 val_f1_weighted=0.4094 val_prec_macro=0.4229 val_rec_macro=0.3142 val_metric_name=acc val_metric=0.4290
Step 2500 | loss 1.0708 | val_acc=0.4299 val_loss=1.4642 val_f1_macro=0.3219 val_f1_weighted=0.4105 val_prec_macro=0.4223 val_rec_macro=0.3150 val_metric_name=acc val_metric=0.4299
Step 2550 | loss 1.0588 | val_acc=0.4315 val_loss=1.4698 val_f1_macro=0.3241 val_f1_weighted=0.4128 val_prec_macro=0.4156 val_rec_macro=0.3169 val_metric_name=acc val_metric=0.4315
Step 2600 | loss 1.0451 | val_acc=0.4325 val_loss=1.4782 val_f1_macro=0.3275 val_f1_weighted=0.4146 val_prec_macro=0.4204 val_rec_macro=0.3192 val_metric_name=acc val_metric=0.4325
Step 2650 | loss 1.0326 | val_acc=0.4354 val_loss=1.4856 val_f1_macro=0.3343 val_f1_weighted=0.4186 val_prec_macro=0.4235 val_rec_macro=0.3244 val_metric_name=acc val_metric=0.4354
Step 2700 | loss 1.0118 | val_acc=0.4366 val_loss=1.4921 val_f1_macro=0.3370 val_f1_weighted=0.4202 val_prec_macro=0.4252 val_rec_macro=0.3264 val_metric_name=acc val_metric=0.4366
Step 2750 | loss 1.0003 | val_acc=0.4385 val_loss=1.5011 val_f1_macro=0.3413 val_f1_weighted=0.4225 val_prec_macro=0.4300 val_rec_macro=0.3294 val_metric_name=acc val_metric=0.4385
Step 2800 | loss 0.9891 | val_acc=0.4367 val_loss=1.5096 val_f1_macro=0.3412 val_f1_weighted=0.4216 val_prec_macro=0.4212 val_rec_macro=0.3295 val_metric_name=acc val_metric=0.4367
Step 2850 | loss 0.9692 | val_acc=0.4403 val_loss=1.5177 val_f1_macro=0.3472 val_f1_weighted=0.4260 val_prec_macro=0.4282 val_rec_macro=0.3344 val_metric_name=acc val_metric=0.4403
Step 2900 | loss 0.9599 | val_acc=0.4428 val_loss=1.5257 val_f1_macro=0.3505 val_f1_weighted=0.4288 val_prec_macro=0.4380 val_rec_macro=0.3373 val_metric_name=acc val_metric=0.4428
Step 2950 | loss 0.9449 | val_acc=0.4444 val_loss=1.5349 val_f1_macro=0.3568 val_f1_weighted=0.4312 val_prec_macro=0.4420 val_rec_macro=0.3420 val_metric_name=acc val_metric=0.4444
Step 3000 | loss 0.9323 | val_acc=0.4447 val_loss=1.5442 val_f1_macro=0.3573 val_f1_weighted=0.4316 val_prec_macro=0.4393 val_rec_macro=0.3424 val_metric_name=acc val_metric=0.4447
Step 3050 | loss 0.9192 | val_acc=0.4472 val_loss=1.5530 val_f1_macro=0.3622 val_f1_weighted=0.4348 val_prec_macro=0.4391 val_rec_macro=0.3465 val_metric_name=acc val_metric=0.4472
Step 3100 | loss 0.9010 | val_acc=0.4463 val_loss=1.5642 val_f1_macro=0.3633 val_f1_weighted=0.4344 val_prec_macro=0.4354 val_rec_macro=0.3478 val_metric_name=acc val_metric=0.4463
Step 3150 | loss 0.8957 | val_acc=0.4468 val_loss=1.5744 val_f1_macro=0.3649 val_f1_weighted=0.4355 val_prec_macro=0.4318 val_rec_macro=0.3494 val_metric_name=acc val_metric=0.4468
Step 3200 | loss 0.8843 | val_acc=0.4491 val_loss=1.5858 val_f1_macro=0.3676 val_f1_weighted=0.4377 val_prec_macro=0.4362 val_rec_macro=0.3516 val_metric_name=acc val_metric=0.4491
Step 3250 | loss 0.8727 | val_acc=0.4485 val_loss=1.5968 val_f1_macro=0.3687 val_f1_weighted=0.4376 val_prec_macro=0.4330 val_rec_macro=0.3527 val_metric_name=acc val_metric=0.4485
Step 3300 | loss 0.8573 | val_acc=0.4488 val_loss=1.6097 val_f1_macro=0.3700 val_f1_weighted=0.4385 val_prec_macro=0.4307 val_rec_macro=0.3542 val_metric_name=acc val_metric=0.4488
Step 3350 | loss 0.8422 | val_acc=0.4519 val_loss=1.6202 val_f1_macro=0.3751 val_f1_weighted=0.4422 val_prec_macro=0.4332 val_rec_macro=0.3591 val_metric_name=acc val_metric=0.4519
Step 3400 | loss 0.8394 | val_acc=0.4545 val_loss=1.6313 val_f1_macro=0.3782 val_f1_weighted=0.4448 val_prec_macro=0.4383 val_rec_macro=0.3614 val_metric_name=acc val_metric=0.4545
Step 3450 | loss 0.8133 | val_acc=0.4527 val_loss=1.6441 val_f1_macro=0.3779 val_f1_weighted=0.4434 val_prec_macro=0.4349 val_rec_macro=0.3613 val_metric_name=acc val_metric=0.4527
Step 3500 | loss 0.8058 | val_acc=0.4540 val_loss=1.6568 val_f1_macro=0.3797 val_f1_weighted=0.4447 val_prec_macro=0.4361 val_rec_macro=0.3629 val_metric_name=acc val_metric=0.4540
Step 3550 | loss 0.7949 | val_acc=0.4550 val_loss=1.6707 val_f1_macro=0.3802 val_f1_weighted=0.4459 val_prec_macro=0.4348 val_rec_macro=0.3635 val_metric_name=acc val_metric=0.4550
Step 3600 | loss 0.7889 | val_acc=0.4561 val_loss=1.6842 val_f1_macro=0.3820 val_f1_weighted=0.4473 val_prec_macro=0.4370 val_rec_macro=0.3652 val_metric_name=acc val_metric=0.4561
Step 3650 | loss 0.7710 | val_acc=0.4591 val_loss=1.6963 val_f1_macro=0.3848 val_f1_weighted=0.4504 val_prec_macro=0.4371 val_rec_macro=0.3682 val_metric_name=acc val_metric=0.4591
Step 3700 | loss 0.7602 | val_acc=0.4586 val_loss=1.7113 val_f1_macro=0.3861 val_f1_weighted=0.4503 val_prec_macro=0.4379 val_rec_macro=0.3693 val_metric_name=acc val_metric=0.4586
Step 3750 | loss 0.7487 | val_acc=0.4586 val_loss=1.7248 val_f1_macro=0.3871 val_f1_weighted=0.4504 val_prec_macro=0.4402 val_rec_macro=0.3698 val_metric_name=acc val_metric=0.4586
Step 3800 | loss 0.7495 | val_acc=0.4594 val_loss=1.7388 val_f1_macro=0.3875 val_f1_weighted=0.4514 val_prec_macro=0.4375 val_rec_macro=0.3709 val_metric_name=acc val_metric=0.4594
Step 3850 | loss 0.7321 | val_acc=0.4604 val_loss=1.7519 val_f1_macro=0.3894 val_f1_weighted=0.4527 val_prec_macro=0.4372 val_rec_macro=0.3727 val_metric_name=acc val_metric=0.4604
Step 3900 | loss 0.7293 | val_acc=0.4610 val_loss=1.7668 val_f1_macro=0.3899 val_f1_weighted=0.4533 val_prec_macro=0.4366 val_rec_macro=0.3733 val_metric_name=acc val_metric=0.4610
Step 3950 | loss 0.7028 | val_acc=0.4612 val_loss=1.7804 val_f1_macro=0.3905 val_f1_weighted=0.4536 val_prec_macro=0.4395 val_rec_macro=0.3734 val_metric_name=acc val_metric=0.4612
Step 4000 | loss 0.7081 | val_acc=0.4630 val_loss=1.7949 val_f1_macro=0.3964 val_f1_weighted=0.4560 val_prec_macro=0.4432 val_rec_macro=0.3788 val_metric_name=acc val_metric=0.4630
Step 4050 | loss 0.6882 | val_acc=0.4651 val_loss=1.8135 val_f1_macro=0.3985 val_f1_weighted=0.4579 val_prec_macro=0.4460 val_rec_macro=0.3805 val_metric_name=acc val_metric=0.4651
Step 4100 | loss 0.6793 | val_acc=0.4653 val_loss=1.8263 val_f1_macro=0.3983 val_f1_weighted=0.4582 val_prec_macro=0.4430 val_rec_macro=0.3808 val_metric_name=acc val_metric=0.4653
Step 4150 | loss 0.6627 | val_acc=0.4659 val_loss=1.8402 val_f1_macro=0.3991 val_f1_weighted=0.4589 val_prec_macro=0.4441 val_rec_macro=0.3814 val_metric_name=acc val_metric=0.4659
Step 4200 | loss 0.6622 | val_acc=0.4664 val_loss=1.8556 val_f1_macro=0.4013 val_f1_weighted=0.4598 val_prec_macro=0.4444 val_rec_macro=0.3838 val_metric_name=acc val_metric=0.4664
Step 4250 | loss 0.6441 | val_acc=0.4664 val_loss=1.8714 val_f1_macro=0.4027 val_f1_weighted=0.4599 val_prec_macro=0.4440 val_rec_macro=0.3851 val_metric_name=acc val_metric=0.4664
Step 4300 | loss 0.6423 | val_acc=0.4674 val_loss=1.8885 val_f1_macro=0.4045 val_f1_weighted=0.4610 val_prec_macro=0.4462 val_rec_macro=0.3868 val_metric_name=acc val_metric=0.4674
Step 4350 | loss 0.6405 | val_acc=0.4677 val_loss=1.9029 val_f1_macro=0.4048 val_f1_weighted=0.4614 val_prec_macro=0.4450 val_rec_macro=0.3872 val_metric_name=acc val_metric=0.4677
Step 4400 | loss 0.6288 | val_acc=0.4681 val_loss=1.9136 val_f1_macro=0.4064 val_f1_weighted=0.4618 val_prec_macro=0.4492 val_rec_macro=0.3882 val_metric_name=acc val_metric=0.4681
Step 4450 | loss 0.6086 | val_acc=0.4669 val_loss=1.9298 val_f1_macro=0.4081 val_f1_weighted=0.4613 val_prec_macro=0.4486 val_rec_macro=0.3902 val_metric_name=acc val_metric=0.4669
Step 4500 | loss 0.6086 | val_acc=0.4663 val_loss=1.9439 val_f1_macro=0.4076 val_f1_weighted=0.4605 val_prec_macro=0.4473 val_rec_macro=0.3896 val_metric_name=acc val_metric=0.4663
Step 4550 | loss 0.5969 | val_acc=0.4663 val_loss=1.9609 val_f1_macro=0.4074 val_f1_weighted=0.4603 val_prec_macro=0.4481 val_rec_macro=0.3890 val_metric_name=acc val_metric=0.4663
Step 4600 | loss 0.5781 | val_acc=0.4691 val_loss=1.9758 val_f1_macro=0.4103 val_f1_weighted=0.4633 val_prec_macro=0.4490 val_rec_macro=0.3924 val_metric_name=acc val_metric=0.4691
Step 4650 | loss 0.5821 | val_acc=0.4699 val_loss=1.9921 val_f1_macro=0.4104 val_f1_weighted=0.4642 val_prec_macro=0.4480 val_rec_macro=0.3929 val_metric_name=acc val_metric=0.4699
Step 4700 | loss 0.5742 | val_acc=0.4699 val_loss=2.0072 val_f1_macro=0.4118 val_f1_weighted=0.4642 val_prec_macro=0.4524 val_rec_macro=0.3933 val_metric_name=acc val_metric=0.4699
Step 4750 | loss 0.5705 | val_acc=0.4705 val_loss=2.0202 val_f1_macro=0.4120 val_f1_weighted=0.4651 val_prec_macro=0.4502 val_rec_macro=0.3942 val_metric_name=acc val_metric=0.4705
Step 4800 | loss 0.5536 | val_acc=0.4707 val_loss=2.0337 val_f1_macro=0.4125 val_f1_weighted=0.4652 val_prec_macro=0.4503 val_rec_macro=0.3947 val_metric_name=acc val_metric=0.4707
Step 4850 | loss 0.5563 | val_acc=0.4699 val_loss=2.0513 val_f1_macro=0.4129 val_f1_weighted=0.4647 val_prec_macro=0.4490 val_rec_macro=0.3955 val_metric_name=acc val_metric=0.4699
Step 4900 | loss 0.5412 | val_acc=0.4707 val_loss=2.0640 val_f1_macro=0.4128 val_f1_weighted=0.4653 val_prec_macro=0.4506 val_rec_macro=0.3950 val_metric_name=acc val_metric=0.4707
Step 4950 | loss 0.5324 | val_acc=0.4713 val_loss=2.0835 val_f1_macro=0.4131 val_f1_weighted=0.4659 val_prec_macro=0.4512 val_rec_macro=0.3953 val_metric_name=acc val_metric=0.4713
Step 5000 | loss 0.5398 | val_acc=0.4726 val_loss=2.0973 val_f1_macro=0.4135 val_f1_weighted=0.4671 val_prec_macro=0.4511 val_rec_macro=0.3959 val_metric_name=acc val_metric=0.4726

--- Final (best ckpt @ step 5000) ---
  train_acc=0.9357 train_loss=0.2052 train_f1_macro=0.9314 train_f1_weighted=0.9356 train_prec_macro=0.9437 train_rec_macro=0.9205 train_metric_name=acc train_metric=0.9357
  val_acc=0.4726 val_loss=2.0973 val_f1_macro=0.4135 val_f1_weighted=0.4671 val_prec_macro=0.4511 val_rec_macro=0.3959 val_metric_name=acc val_metric=0.4726
  test_acc=0.4715 test_loss=2.1154 test_f1_macro=0.4006 test_f1_weighted=0.4652 test_prec_macro=0.4358 test_rec_macro=0.3857 test_metric_name=acc test_metric=0.4715
  test_acc=0.4715

============================================================
Training amazon-ratings ResNet 1L h=512 lr=3e-05 split=3
============================================================
Training for 5000 steps
Step    1 | loss 1.7867 | val_acc=0.2484 val_loss=1.6638 val_f1_macro=0.1348 val_f1_weighted=0.1680 val_prec_macro=0.1797 val_rec_macro=0.1979 val_metric_name=acc val_metric=0.2484
Step   50 | loss 1.4357 | val_acc=0.3766 val_loss=1.4176 val_f1_macro=0.1534 val_f1_weighted=0.2580 val_prec_macro=0.1976 val_rec_macro=0.2137 val_metric_name=acc val_metric=0.3766
Step  100 | loss 1.4158 | val_acc=0.3853 val_loss=1.4028 val_f1_macro=0.1789 val_f1_weighted=0.2906 val_prec_macro=0.2130 val_rec_macro=0.2271 val_metric_name=acc val_metric=0.3853
Step  150 | loss 1.3950 | val_acc=0.3861 val_loss=1.3964 val_f1_macro=0.1870 val_f1_weighted=0.3001 val_prec_macro=0.2189 val_rec_macro=0.2312 val_metric_name=acc val_metric=0.3861
Step  200 | loss 1.3774 | val_acc=0.3880 val_loss=1.3928 val_f1_macro=0.1932 val_f1_weighted=0.3077 val_prec_macro=0.2140 val_rec_macro=0.2357 val_metric_name=acc val_metric=0.3880
Step  250 | loss 1.3716 | val_acc=0.3882 val_loss=1.3927 val_f1_macro=0.1989 val_f1_weighted=0.3139 val_prec_macro=0.2155 val_rec_macro=0.2387 val_metric_name=acc val_metric=0.3882
Step  300 | loss 1.3540 | val_acc=0.3918 val_loss=1.3924 val_f1_macro=0.2082 val_f1_weighted=0.3238 val_prec_macro=0.2554 val_rec_macro=0.2449 val_metric_name=acc val_metric=0.3918
Step  350 | loss 1.3418 | val_acc=0.3941 val_loss=1.3949 val_f1_macro=0.2205 val_f1_weighted=0.3338 val_prec_macro=0.2999 val_rec_macro=0.2508 val_metric_name=acc val_metric=0.3941
Step  400 | loss 1.3249 | val_acc=0.3990 val_loss=1.3981 val_f1_macro=0.2292 val_f1_weighted=0.3434 val_prec_macro=0.3167 val_rec_macro=0.2564 val_metric_name=acc val_metric=0.3990
Step  450 | loss 1.3056 | val_acc=0.3985 val_loss=1.4037 val_f1_macro=0.2345 val_f1_weighted=0.3470 val_prec_macro=0.3119 val_rec_macro=0.2595 val_metric_name=acc val_metric=0.3985
Step  500 | loss 1.2752 | val_acc=0.4026 val_loss=1.4084 val_f1_macro=0.2522 val_f1_weighted=0.3575 val_prec_macro=0.3765 val_rec_macro=0.2699 val_metric_name=acc val_metric=0.4026
Step  550 | loss 1.2446 | val_acc=0.4047 val_loss=1.4147 val_f1_macro=0.2616 val_f1_weighted=0.3647 val_prec_macro=0.3650 val_rec_macro=0.2746 val_metric_name=acc val_metric=0.4047
Step  600 | loss 1.2036 | val_acc=0.4099 val_loss=1.4232 val_f1_macro=0.2743 val_f1_weighted=0.3747 val_prec_macro=0.3678 val_rec_macro=0.2831 val_metric_name=acc val_metric=0.4099
Step  650 | loss 1.1669 | val_acc=0.4228 val_loss=1.4329 val_f1_macro=0.2973 val_f1_weighted=0.3939 val_prec_macro=0.3929 val_rec_macro=0.2988 val_metric_name=acc val_metric=0.4228
Step  700 | loss 1.1060 | val_acc=0.4285 val_loss=1.4534 val_f1_macro=0.3126 val_f1_weighted=0.4052 val_prec_macro=0.3975 val_rec_macro=0.3094 val_metric_name=acc val_metric=0.4285
Step  750 | loss 1.0525 | val_acc=0.4317 val_loss=1.4778 val_f1_macro=0.3288 val_f1_weighted=0.4129 val_prec_macro=0.4036 val_rec_macro=0.3200 val_metric_name=acc val_metric=0.4317
Step  800 | loss 0.9954 | val_acc=0.4361 val_loss=1.5105 val_f1_macro=0.3366 val_f1_weighted=0.4188 val_prec_macro=0.4039 val_rec_macro=0.3265 val_metric_name=acc val_metric=0.4361
Step  850 | loss 0.9389 | val_acc=0.4390 val_loss=1.5428 val_f1_macro=0.3484 val_f1_weighted=0.4247 val_prec_macro=0.4085 val_rec_macro=0.3359 val_metric_name=acc val_metric=0.4390
Step  900 | loss 0.8775 | val_acc=0.4428 val_loss=1.5886 val_f1_macro=0.3578 val_f1_weighted=0.4303 val_prec_macro=0.4130 val_rec_macro=0.3442 val_metric_name=acc val_metric=0.4428
Step  950 | loss 0.8222 | val_acc=0.4512 val_loss=1.6372 val_f1_macro=0.3707 val_f1_weighted=0.4400 val_prec_macro=0.4221 val_rec_macro=0.3555 val_metric_name=acc val_metric=0.4512
Step 1000 | loss 0.7819 | val_acc=0.4612 val_loss=1.6945 val_f1_macro=0.3843 val_f1_weighted=0.4510 val_prec_macro=0.4303 val_rec_macro=0.3685 val_metric_name=acc val_metric=0.4612
Step 1050 | loss 0.7340 | val_acc=0.4624 val_loss=1.7531 val_f1_macro=0.3858 val_f1_weighted=0.4527 val_prec_macro=0.4264 val_rec_macro=0.3705 val_metric_name=acc val_metric=0.4624
Step 1100 | loss 0.6709 | val_acc=0.4663 val_loss=1.8163 val_f1_macro=0.3949 val_f1_weighted=0.4575 val_prec_macro=0.4347 val_rec_macro=0.3786 val_metric_name=acc val_metric=0.4663
Step 1150 | loss 0.6314 | val_acc=0.4705 val_loss=1.8827 val_f1_macro=0.4028 val_f1_weighted=0.4625 val_prec_macro=0.4407 val_rec_macro=0.3861 val_metric_name=acc val_metric=0.4705
Step 1200 | loss 0.5918 | val_acc=0.4735 val_loss=1.9515 val_f1_macro=0.4084 val_f1_weighted=0.4661 val_prec_macro=0.4456 val_rec_macro=0.3915 val_metric_name=acc val_metric=0.4735
Step 1250 | loss 0.5471 | val_acc=0.4782 val_loss=2.0230 val_f1_macro=0.4134 val_f1_weighted=0.4711 val_prec_macro=0.4508 val_rec_macro=0.3964 val_metric_name=acc val_metric=0.4782
Step 1300 | loss 0.5168 | val_acc=0.4816 val_loss=2.0935 val_f1_macro=0.4195 val_f1_weighted=0.4747 val_prec_macro=0.4582 val_rec_macro=0.4015 val_metric_name=acc val_metric=0.4816
Step 1350 | loss 0.4752 | val_acc=0.4867 val_loss=2.1711 val_f1_macro=0.4264 val_f1_weighted=0.4800 val_prec_macro=0.4632 val_rec_macro=0.4082 val_metric_name=acc val_metric=0.4867
Step 1400 | loss 0.4375 | val_acc=0.4847 val_loss=2.2329 val_f1_macro=0.4275 val_f1_weighted=0.4787 val_prec_macro=0.4620 val_rec_macro=0.4099 val_metric_name=acc val_metric=0.4847
Step 1450 | loss 0.4172 | val_acc=0.4851 val_loss=2.3023 val_f1_macro=0.4291 val_f1_weighted=0.4792 val_prec_macro=0.4641 val_rec_macro=0.4111 val_metric_name=acc val_metric=0.4851
Step 1500 | loss 0.3899 | val_acc=0.4860 val_loss=2.3721 val_f1_macro=0.4279 val_f1_weighted=0.4800 val_prec_macro=0.4617 val_rec_macro=0.4104 val_metric_name=acc val_metric=0.4860
Step 1550 | loss 0.3837 | val_acc=0.4837 val_loss=2.4366 val_f1_macro=0.4282 val_f1_weighted=0.4784 val_prec_macro=0.4617 val_rec_macro=0.4107 val_metric_name=acc val_metric=0.4837
Step 1600 | loss 0.3579 | val_acc=0.4872 val_loss=2.5040 val_f1_macro=0.4308 val_f1_weighted=0.4816 val_prec_macro=0.4659 val_rec_macro=0.4128 val_metric_name=acc val_metric=0.4872
Step 1650 | loss 0.3349 | val_acc=0.4898 val_loss=2.5596 val_f1_macro=0.4339 val_f1_weighted=0.4844 val_prec_macro=0.4707 val_rec_macro=0.4155 val_metric_name=acc val_metric=0.4898
Step 1700 | loss 0.3121 | val_acc=0.4922 val_loss=2.6199 val_f1_macro=0.4367 val_f1_weighted=0.4870 val_prec_macro=0.4719 val_rec_macro=0.4186 val_metric_name=acc val_metric=0.4922
Step 1750 | loss 0.3031 | val_acc=0.4919 val_loss=2.6668 val_f1_macro=0.4383 val_f1_weighted=0.4868 val_prec_macro=0.4752 val_rec_macro=0.4195 val_metric_name=acc val_metric=0.4919
Step 1800 | loss 0.2827 | val_acc=0.4929 val_loss=2.7228 val_f1_macro=0.4381 val_f1_weighted=0.4881 val_prec_macro=0.4685 val_rec_macro=0.4213 val_metric_name=acc val_metric=0.4929
Step 1850 | loss 0.2751 | val_acc=0.4931 val_loss=2.7751 val_f1_macro=0.4387 val_f1_weighted=0.4882 val_prec_macro=0.4689 val_rec_macro=0.4219 val_metric_name=acc val_metric=0.4931
Step 1900 | loss 0.2555 | val_acc=0.4944 val_loss=2.8187 val_f1_macro=0.4397 val_f1_weighted=0.4894 val_prec_macro=0.4701 val_rec_macro=0.4228 val_metric_name=acc val_metric=0.4944
Step 1950 | loss 0.2524 | val_acc=0.4953 val_loss=2.8651 val_f1_macro=0.4412 val_f1_weighted=0.4906 val_prec_macro=0.4717 val_rec_macro=0.4242 val_metric_name=acc val_metric=0.4953
Step 2000 | loss 0.2326 | val_acc=0.4942 val_loss=2.9127 val_f1_macro=0.4397 val_f1_weighted=0.4898 val_prec_macro=0.4686 val_rec_macro=0.4236 val_metric_name=acc val_metric=0.4942
Step 2050 | loss 0.2331 | val_acc=0.4957 val_loss=2.9575 val_f1_macro=0.4418 val_f1_weighted=0.4911 val_prec_macro=0.4712 val_rec_macro=0.4253 val_metric_name=acc val_metric=0.4957
Step 2100 | loss 0.2238 | val_acc=0.4962 val_loss=2.9972 val_f1_macro=0.4417 val_f1_weighted=0.4914 val_prec_macro=0.4712 val_rec_macro=0.4250 val_metric_name=acc val_metric=0.4962
Step 2150 | loss 0.2209 | val_acc=0.4996 val_loss=3.0363 val_f1_macro=0.4452 val_f1_weighted=0.4950 val_prec_macro=0.4741 val_rec_macro=0.4288 val_metric_name=acc val_metric=0.4996
Step 2200 | loss 0.2098 | val_acc=0.4970 val_loss=3.0768 val_f1_macro=0.4440 val_f1_weighted=0.4928 val_prec_macro=0.4699 val_rec_macro=0.4287 val_metric_name=acc val_metric=0.4970
Step 2250 | loss 0.2032 | val_acc=0.4967 val_loss=3.1159 val_f1_macro=0.4430 val_f1_weighted=0.4922 val_prec_macro=0.4719 val_rec_macro=0.4267 val_metric_name=acc val_metric=0.4967
Step 2300 | loss 0.1935 | val_acc=0.4963 val_loss=3.1499 val_f1_macro=0.4428 val_f1_weighted=0.4919 val_prec_macro=0.4687 val_rec_macro=0.4274 val_metric_name=acc val_metric=0.4963
Step 2350 | loss 0.1893 | val_acc=0.4965 val_loss=3.1896 val_f1_macro=0.4422 val_f1_weighted=0.4920 val_prec_macro=0.4679 val_rec_macro=0.4271 val_metric_name=acc val_metric=0.4965
Step 2400 | loss 0.1836 | val_acc=0.4944 val_loss=3.2201 val_f1_macro=0.4406 val_f1_weighted=0.4900 val_prec_macro=0.4654 val_rec_macro=0.4257 val_metric_name=acc val_metric=0.4944
Step 2450 | loss 0.1719 | val_acc=0.4973 val_loss=3.2508 val_f1_macro=0.4436 val_f1_weighted=0.4930 val_prec_macro=0.4689 val_rec_macro=0.4285 val_metric_name=acc val_metric=0.4973
Early stopping at step 2455

--- Final (best ckpt @ step 2150) ---
  train_acc=0.9907 train_loss=0.0264 train_f1_macro=0.9900 train_f1_weighted=0.9907 train_prec_macro=0.9899 train_rec_macro=0.9901 train_metric_name=acc train_metric=0.9907
  val_acc=0.4996 val_loss=3.0363 val_f1_macro=0.4452 val_f1_weighted=0.4950 val_prec_macro=0.4741 val_rec_macro=0.4288 val_metric_name=acc val_metric=0.4996
  test_acc=0.4849 test_loss=3.0771 test_f1_macro=0.4166 test_f1_weighted=0.4787 test_prec_macro=0.4494 test_rec_macro=0.4013 test_metric_name=acc test_metric=0.4849
  test_acc=0.4849

============================================================
Training amazon-ratings ResNet 1L h=512 lr=6e-05 split=3
============================================================
Training for 5000 steps
Step    1 | loss 1.7867 | val_acc=0.2572 val_loss=1.5678 val_f1_macro=0.1444 val_f1_weighted=0.1868 val_prec_macro=0.2080 val_rec_macro=0.2003 val_metric_name=acc val_metric=0.2572
Step   50 | loss 1.4158 | val_acc=0.3831 val_loss=1.4098 val_f1_macro=0.1722 val_f1_weighted=0.2823 val_prec_macro=0.2049 val_rec_macro=0.2234 val_metric_name=acc val_metric=0.3831
Step  100 | loss 1.3916 | val_acc=0.3872 val_loss=1.3928 val_f1_macro=0.1918 val_f1_weighted=0.3058 val_prec_macro=0.2156 val_rec_macro=0.2343 val_metric_name=acc val_metric=0.3872
Step  150 | loss 1.3640 | val_acc=0.3908 val_loss=1.3919 val_f1_macro=0.2028 val_f1_weighted=0.3187 val_prec_macro=0.2180 val_rec_macro=0.2416 val_metric_name=acc val_metric=0.3908
Step  200 | loss 1.3366 | val_acc=0.3975 val_loss=1.3938 val_f1_macro=0.2207 val_f1_weighted=0.3359 val_prec_macro=0.2905 val_rec_macro=0.2520 val_metric_name=acc val_metric=0.3975
Step  250 | loss 1.3091 | val_acc=0.3988 val_loss=1.4036 val_f1_macro=0.2333 val_f1_weighted=0.3466 val_prec_macro=0.3089 val_rec_macro=0.2594 val_metric_name=acc val_metric=0.3988
Step  300 | loss 1.2576 | val_acc=0.4045 val_loss=1.4126 val_f1_macro=0.2591 val_f1_weighted=0.3630 val_prec_macro=0.3750 val_rec_macro=0.2742 val_metric_name=acc val_metric=0.4045
Step  350 | loss 1.1889 | val_acc=0.4138 val_loss=1.4325 val_f1_macro=0.2830 val_f1_weighted=0.3801 val_prec_macro=0.3917 val_rec_macro=0.2890 val_metric_name=acc val_metric=0.4138
Step  400 | loss 1.0947 | val_acc=0.4253 val_loss=1.4645 val_f1_macro=0.3127 val_f1_weighted=0.4024 val_prec_macro=0.3965 val_rec_macro=0.3085 val_metric_name=acc val_metric=0.4253
Step  450 | loss 0.9873 | val_acc=0.4369 val_loss=1.5176 val_f1_macro=0.3372 val_f1_weighted=0.4203 val_prec_macro=0.4008 val_rec_macro=0.3277 val_metric_name=acc val_metric=0.4369
Step  500 | loss 0.8747 | val_acc=0.4467 val_loss=1.5961 val_f1_macro=0.3621 val_f1_weighted=0.4341 val_prec_macro=0.4194 val_rec_macro=0.3476 val_metric_name=acc val_metric=0.4467
Step  550 | loss 0.7753 | val_acc=0.4530 val_loss=1.6966 val_f1_macro=0.3765 val_f1_weighted=0.4429 val_prec_macro=0.4203 val_rec_macro=0.3609 val_metric_name=acc val_metric=0.4530
Step  600 | loss 0.6731 | val_acc=0.4640 val_loss=1.8150 val_f1_macro=0.3950 val_f1_weighted=0.4557 val_prec_macro=0.4350 val_rec_macro=0.3784 val_metric_name=acc val_metric=0.4640
Step  650 | loss 0.5942 | val_acc=0.4699 val_loss=1.9479 val_f1_macro=0.4047 val_f1_weighted=0.4621 val_prec_macro=0.4433 val_rec_macro=0.3873 val_metric_name=acc val_metric=0.4699
Step  700 | loss 0.5183 | val_acc=0.4798 val_loss=2.0901 val_f1_macro=0.4157 val_f1_weighted=0.4730 val_prec_macro=0.4552 val_rec_macro=0.3983 val_metric_name=acc val_metric=0.4798
Step  750 | loss 0.4577 | val_acc=0.4834 val_loss=2.2302 val_f1_macro=0.4260 val_f1_weighted=0.4773 val_prec_macro=0.4623 val_rec_macro=0.4081 val_metric_name=acc val_metric=0.4834
Step  800 | loss 0.4066 | val_acc=0.4846 val_loss=2.3530 val_f1_macro=0.4249 val_f1_weighted=0.4786 val_prec_macro=0.4561 val_rec_macro=0.4086 val_metric_name=acc val_metric=0.4846
Step  850 | loss 0.3679 | val_acc=0.4854 val_loss=2.4792 val_f1_macro=0.4261 val_f1_weighted=0.4801 val_prec_macro=0.4523 val_rec_macro=0.4114 val_metric_name=acc val_metric=0.4854
Step  900 | loss 0.3170 | val_acc=0.4895 val_loss=2.6037 val_f1_macro=0.4314 val_f1_weighted=0.4840 val_prec_macro=0.4622 val_rec_macro=0.4152 val_metric_name=acc val_metric=0.4895
Step  950 | loss 0.2879 | val_acc=0.4896 val_loss=2.7074 val_f1_macro=0.4306 val_f1_weighted=0.4844 val_prec_macro=0.4588 val_rec_macro=0.4152 val_metric_name=acc val_metric=0.4896
Step 1000 | loss 0.2739 | val_acc=0.4913 val_loss=2.8131 val_f1_macro=0.4338 val_f1_weighted=0.4866 val_prec_macro=0.4600 val_rec_macro=0.4190 val_metric_name=acc val_metric=0.4913
Step 1050 | loss 0.2523 | val_acc=0.4924 val_loss=2.9027 val_f1_macro=0.4354 val_f1_weighted=0.4875 val_prec_macro=0.4619 val_rec_macro=0.4202 val_metric_name=acc val_metric=0.4924
Step 1100 | loss 0.2195 | val_acc=0.4921 val_loss=2.9894 val_f1_macro=0.4357 val_f1_weighted=0.4870 val_prec_macro=0.4641 val_rec_macro=0.4198 val_metric_name=acc val_metric=0.4921
Step 1150 | loss 0.2114 | val_acc=0.4942 val_loss=3.0595 val_f1_macro=0.4369 val_f1_weighted=0.4895 val_prec_macro=0.4617 val_rec_macro=0.4221 val_metric_name=acc val_metric=0.4942
Step 1200 | loss 0.1907 | val_acc=0.4942 val_loss=3.1419 val_f1_macro=0.4376 val_f1_weighted=0.4897 val_prec_macro=0.4624 val_rec_macro=0.4230 val_metric_name=acc val_metric=0.4942
Step 1250 | loss 0.1847 | val_acc=0.4950 val_loss=3.2045 val_f1_macro=0.4384 val_f1_weighted=0.4904 val_prec_macro=0.4655 val_rec_macro=0.4231 val_metric_name=acc val_metric=0.4950
Step 1300 | loss 0.1735 | val_acc=0.4934 val_loss=3.2735 val_f1_macro=0.4391 val_f1_weighted=0.4888 val_prec_macro=0.4656 val_rec_macro=0.4238 val_metric_name=acc val_metric=0.4934
Step 1350 | loss 0.1612 | val_acc=0.4957 val_loss=3.3312 val_f1_macro=0.4413 val_f1_weighted=0.4914 val_prec_macro=0.4653 val_rec_macro=0.4269 val_metric_name=acc val_metric=0.4957
Step 1400 | loss 0.1508 | val_acc=0.4935 val_loss=3.3708 val_f1_macro=0.4387 val_f1_weighted=0.4895 val_prec_macro=0.4604 val_rec_macro=0.4253 val_metric_name=acc val_metric=0.4935
Step 1450 | loss 0.1431 | val_acc=0.4929 val_loss=3.4323 val_f1_macro=0.4353 val_f1_weighted=0.4888 val_prec_macro=0.4556 val_rec_macro=0.4228 val_metric_name=acc val_metric=0.4929
Step 1500 | loss 0.1286 | val_acc=0.4939 val_loss=3.4833 val_f1_macro=0.4384 val_f1_weighted=0.4898 val_prec_macro=0.4584 val_rec_macro=0.4256 val_metric_name=acc val_metric=0.4939
Step 1550 | loss 0.1347 | val_acc=0.4944 val_loss=3.5285 val_f1_macro=0.4402 val_f1_weighted=0.4908 val_prec_macro=0.4584 val_rec_macro=0.4281 val_metric_name=acc val_metric=0.4944
Step 1600 | loss 0.1314 | val_acc=0.4934 val_loss=3.5830 val_f1_macro=0.4373 val_f1_weighted=0.4895 val_prec_macro=0.4560 val_rec_macro=0.4252 val_metric_name=acc val_metric=0.4934
Step 1650 | loss 0.1229 | val_acc=0.4919 val_loss=3.6143 val_f1_macro=0.4354 val_f1_weighted=0.4878 val_prec_macro=0.4565 val_rec_macro=0.4223 val_metric_name=acc val_metric=0.4919
Early stopping at step 1660

--- Final (best ckpt @ step 1360) ---
  train_acc=0.9931 train_loss=0.0173 train_f1_macro=0.9919 train_f1_weighted=0.9931 train_prec_macro=0.9914 train_rec_macro=0.9924 train_metric_name=acc train_metric=0.9931
  val_acc=0.4984 val_loss=3.3381 val_f1_macro=0.4439 val_f1_weighted=0.4942 val_prec_macro=0.4659 val_rec_macro=0.4302 val_metric_name=acc val_metric=0.4984
  test_acc=0.4859 test_loss=3.3836 test_f1_macro=0.4176 test_f1_weighted=0.4799 test_prec_macro=0.4455 test_rec_macro=0.4035 test_metric_name=acc test_metric=0.4859
  test_acc=0.4859

============================================================
Training amazon-ratings ResNet 1L h=512 lr=0.0001 split=3
============================================================
Training for 5000 steps
Step    1 | loss 1.7867 | val_acc=0.2803 val_loss=1.4800 val_f1_macro=0.1701 val_f1_weighted=0.2507 val_prec_macro=0.2133 val_rec_macro=0.1937 val_metric_name=acc val_metric=0.2803
Step   50 | loss 1.4007 | val_acc=0.3818 val_loss=1.3932 val_f1_macro=0.1825 val_f1_weighted=0.2942 val_prec_macro=0.2113 val_rec_macro=0.2279 val_metric_name=acc val_metric=0.3818
Step  100 | loss 1.3688 | val_acc=0.3877 val_loss=1.3911 val_f1_macro=0.2023 val_f1_weighted=0.3169 val_prec_macro=0.2377 val_rec_macro=0.2407 val_metric_name=acc val_metric=0.3877
Step  150 | loss 1.3252 | val_acc=0.3978 val_loss=1.3988 val_f1_macro=0.2274 val_f1_weighted=0.3415 val_prec_macro=0.3047 val_rec_macro=0.2558 val_metric_name=acc val_metric=0.3978
Step  200 | loss 1.2609 | val_acc=0.4034 val_loss=1.4129 val_f1_macro=0.2568 val_f1_weighted=0.3607 val_prec_macro=0.3728 val_rec_macro=0.2726 val_metric_name=acc val_metric=0.4034
Step  250 | loss 1.1480 | val_acc=0.4186 val_loss=1.4445 val_f1_macro=0.2931 val_f1_weighted=0.3908 val_prec_macro=0.3821 val_rec_macro=0.2956 val_metric_name=acc val_metric=0.4186
Step  300 | loss 0.9882 | val_acc=0.4333 val_loss=1.5222 val_f1_macro=0.3378 val_f1_weighted=0.4181 val_prec_macro=0.4002 val_rec_macro=0.3277 val_metric_name=acc val_metric=0.4333
Step  350 | loss 0.8233 | val_acc=0.4511 val_loss=1.6482 val_f1_macro=0.3696 val_f1_weighted=0.4398 val_prec_macro=0.4171 val_rec_macro=0.3549 val_metric_name=acc val_metric=0.4511
Step  400 | loss 0.6697 | val_acc=0.4645 val_loss=1.8265 val_f1_macro=0.3900 val_f1_weighted=0.4557 val_prec_macro=0.4290 val_rec_macro=0.3749 val_metric_name=acc val_metric=0.4645
Step  450 | loss 0.5343 | val_acc=0.4718 val_loss=2.0338 val_f1_macro=0.4094 val_f1_weighted=0.4658 val_prec_macro=0.4442 val_rec_macro=0.3931 val_metric_name=acc val_metric=0.4718
Step  500 | loss 0.4369 | val_acc=0.4775 val_loss=2.2657 val_f1_macro=0.4196 val_f1_weighted=0.4716 val_prec_macro=0.4558 val_rec_macro=0.4017 val_metric_name=acc val_metric=0.4775
Step  550 | loss 0.3598 | val_acc=0.4837 val_loss=2.4716 val_f1_macro=0.4270 val_f1_weighted=0.4784 val_prec_macro=0.4574 val_rec_macro=0.4105 val_metric_name=acc val_metric=0.4837
Step  600 | loss 0.3016 | val_acc=0.4877 val_loss=2.6525 val_f1_macro=0.4304 val_f1_weighted=0.4828 val_prec_macro=0.4587 val_rec_macro=0.4147 val_metric_name=acc val_metric=0.4877
Step  650 | loss 0.2560 | val_acc=0.4918 val_loss=2.8284 val_f1_macro=0.4366 val_f1_weighted=0.4866 val_prec_macro=0.4667 val_rec_macro=0.4196 val_metric_name=acc val_metric=0.4918
Step  700 | loss 0.2319 | val_acc=0.4906 val_loss=2.9658 val_f1_macro=0.4338 val_f1_weighted=0.4863 val_prec_macro=0.4559 val_rec_macro=0.4202 val_metric_name=acc val_metric=0.4906
Step  750 | loss 0.2032 | val_acc=0.4919 val_loss=3.1008 val_f1_macro=0.4370 val_f1_weighted=0.4873 val_prec_macro=0.4626 val_rec_macro=0.4218 val_metric_name=acc val_metric=0.4919
Step  800 | loss 0.1868 | val_acc=0.4918 val_loss=3.1980 val_f1_macro=0.4380 val_f1_weighted=0.4873 val_prec_macro=0.4611 val_rec_macro=0.4237 val_metric_name=acc val_metric=0.4918
Step  850 | loss 0.1749 | val_acc=0.4922 val_loss=3.2892 val_f1_macro=0.4378 val_f1_weighted=0.4882 val_prec_macro=0.4591 val_rec_macro=0.4244 val_metric_name=acc val_metric=0.4922
Step  900 | loss 0.1530 | val_acc=0.4919 val_loss=3.3759 val_f1_macro=0.4371 val_f1_weighted=0.4880 val_prec_macro=0.4574 val_rec_macro=0.4241 val_metric_name=acc val_metric=0.4919
Step  950 | loss 0.1427 | val_acc=0.4952 val_loss=3.4568 val_f1_macro=0.4408 val_f1_weighted=0.4912 val_prec_macro=0.4605 val_rec_macro=0.4280 val_metric_name=acc val_metric=0.4952
Step 1000 | loss 0.1395 | val_acc=0.4885 val_loss=3.5429 val_f1_macro=0.4368 val_f1_weighted=0.4847 val_prec_macro=0.4567 val_rec_macro=0.4240 val_metric_name=acc val_metric=0.4885
Step 1050 | loss 0.1301 | val_acc=0.4914 val_loss=3.6133 val_f1_macro=0.4377 val_f1_weighted=0.4877 val_prec_macro=0.4546 val_rec_macro=0.4262 val_metric_name=acc val_metric=0.4914
Step 1100 | loss 0.1122 | val_acc=0.4914 val_loss=3.6858 val_f1_macro=0.4397 val_f1_weighted=0.4873 val_prec_macro=0.4617 val_rec_macro=0.4258 val_metric_name=acc val_metric=0.4914
Step 1150 | loss 0.1113 | val_acc=0.4927 val_loss=3.7268 val_f1_macro=0.4387 val_f1_weighted=0.4886 val_prec_macro=0.4583 val_rec_macro=0.4260 val_metric_name=acc val_metric=0.4927
Step 1200 | loss 0.0967 | val_acc=0.4911 val_loss=3.8030 val_f1_macro=0.4370 val_f1_weighted=0.4875 val_prec_macro=0.4530 val_rec_macro=0.4260 val_metric_name=acc val_metric=0.4911
Step 1250 | loss 0.1011 | val_acc=0.4942 val_loss=3.8363 val_f1_macro=0.4411 val_f1_weighted=0.4904 val_prec_macro=0.4606 val_rec_macro=0.4284 val_metric_name=acc val_metric=0.4942
Step 1300 | loss 0.0967 | val_acc=0.4942 val_loss=3.9065 val_f1_macro=0.4388 val_f1_weighted=0.4900 val_prec_macro=0.4572 val_rec_macro=0.4268 val_metric_name=acc val_metric=0.4942
Step 1350 | loss 0.0893 | val_acc=0.4935 val_loss=3.9465 val_f1_macro=0.4401 val_f1_weighted=0.4898 val_prec_macro=0.4584 val_rec_macro=0.4280 val_metric_name=acc val_metric=0.4935
Step 1400 | loss 0.0834 | val_acc=0.4918 val_loss=3.9776 val_f1_macro=0.4403 val_f1_weighted=0.4881 val_prec_macro=0.4597 val_rec_macro=0.4275 val_metric_name=acc val_metric=0.4918
Step 1450 | loss 0.0774 | val_acc=0.4911 val_loss=4.0178 val_f1_macro=0.4377 val_f1_weighted=0.4876 val_prec_macro=0.4564 val_rec_macro=0.4257 val_metric_name=acc val_metric=0.4911
Step 1500 | loss 0.0704 | val_acc=0.4963 val_loss=4.0592 val_f1_macro=0.4403 val_f1_weighted=0.4922 val_prec_macro=0.4564 val_rec_macro=0.4293 val_metric_name=acc val_metric=0.4963
Step 1550 | loss 0.0773 | val_acc=0.4929 val_loss=4.0927 val_f1_macro=0.4375 val_f1_weighted=0.4893 val_prec_macro=0.4527 val_rec_macro=0.4270 val_metric_name=acc val_metric=0.4929
Step 1600 | loss 0.0725 | val_acc=0.4927 val_loss=4.1326 val_f1_macro=0.4361 val_f1_weighted=0.4887 val_prec_macro=0.4534 val_rec_macro=0.4246 val_metric_name=acc val_metric=0.4927
Step 1650 | loss 0.0714 | val_acc=0.4922 val_loss=4.1665 val_f1_macro=0.4384 val_f1_weighted=0.4883 val_prec_macro=0.4589 val_rec_macro=0.4257 val_metric_name=acc val_metric=0.4922
Step 1700 | loss 0.0621 | val_acc=0.4924 val_loss=4.2040 val_f1_macro=0.4384 val_f1_weighted=0.4885 val_prec_macro=0.4555 val_rec_macro=0.4270 val_metric_name=acc val_metric=0.4924
Step 1750 | loss 0.0727 | val_acc=0.4926 val_loss=4.2216 val_f1_macro=0.4395 val_f1_weighted=0.4884 val_prec_macro=0.4606 val_rec_macro=0.4262 val_metric_name=acc val_metric=0.4926
Step 1800 | loss 0.0636 | val_acc=0.4921 val_loss=4.2632 val_f1_macro=0.4387 val_f1_weighted=0.4882 val_prec_macro=0.4567 val_rec_macro=0.4269 val_metric_name=acc val_metric=0.4921
Early stopping at step 1829

--- Final (best ckpt @ step 1500) ---
  train_acc=0.9939 train_loss=0.0115 train_f1_macro=0.9926 train_f1_weighted=0.9939 train_prec_macro=0.9918 train_rec_macro=0.9935 train_metric_name=acc train_metric=0.9939
  val_acc=0.4963 val_loss=4.0592 val_f1_macro=0.4403 val_f1_weighted=0.4922 val_prec_macro=0.4564 val_rec_macro=0.4293 val_metric_name=acc val_metric=0.4963
  test_acc=0.4870 test_loss=4.1344 test_f1_macro=0.4233 test_f1_weighted=0.4823 test_prec_macro=0.4425 test_rec_macro=0.4114 test_metric_name=acc test_metric=0.4870
  test_acc=0.4870

============================================================
Training amazon-ratings ResNet 1L h=512 lr=1e-05 split=3
============================================================
Training for 5000 steps
Step    1 | loss 1.7867 | val_acc=0.2471 val_loss=1.7394 val_f1_macro=0.1357 val_f1_weighted=0.1671 val_prec_macro=0.1817 val_rec_macro=0.1987 val_metric_name=acc val_metric=0.2471
Step   50 | loss 1.4633 | val_acc=0.3645 val_loss=1.4471 val_f1_macro=0.1383 val_f1_weighted=0.2369 val_prec_macro=0.1859 val_rec_macro=0.2040 val_metric_name=acc val_metric=0.3645
Step  100 | loss 1.4492 | val_acc=0.3730 val_loss=1.4255 val_f1_macro=0.1486 val_f1_weighted=0.2515 val_prec_macro=0.1892 val_rec_macro=0.2106 val_metric_name=acc val_metric=0.3730
Step  150 | loss 1.4326 | val_acc=0.3784 val_loss=1.4164 val_f1_macro=0.1595 val_f1_weighted=0.2660 val_prec_macro=0.1936 val_rec_macro=0.2163 val_metric_name=acc val_metric=0.3784
Step  200 | loss 1.4195 | val_acc=0.3827 val_loss=1.4099 val_f1_macro=0.1698 val_f1_weighted=0.2793 val_prec_macro=0.2032 val_rec_macro=0.2219 val_metric_name=acc val_metric=0.3827
Step  250 | loss 1.4185 | val_acc=0.3848 val_loss=1.4051 val_f1_macro=0.1761 val_f1_weighted=0.2872 val_prec_macro=0.2100 val_rec_macro=0.2255 val_metric_name=acc val_metric=0.3848
Step  300 | loss 1.4060 | val_acc=0.3843 val_loss=1.4016 val_f1_macro=0.1798 val_f1_weighted=0.2916 val_prec_macro=0.2131 val_rec_macro=0.2271 val_metric_name=acc val_metric=0.3843
Step  350 | loss 1.4025 | val_acc=0.3835 val_loss=1.3985 val_f1_macro=0.1823 val_f1_weighted=0.2943 val_prec_macro=0.2109 val_rec_macro=0.2281 val_metric_name=acc val_metric=0.3835
Step  400 | loss 1.3948 | val_acc=0.3846 val_loss=1.3967 val_f1_macro=0.1856 val_f1_weighted=0.2984 val_prec_macro=0.2131 val_rec_macro=0.2302 val_metric_name=acc val_metric=0.3846
Step  450 | loss 1.3914 | val_acc=0.3851 val_loss=1.3953 val_f1_macro=0.1893 val_f1_weighted=0.3026 val_prec_macro=0.2179 val_rec_macro=0.2323 val_metric_name=acc val_metric=0.3851
Step  500 | loss 1.3829 | val_acc=0.3885 val_loss=1.3938 val_f1_macro=0.1935 val_f1_weighted=0.3080 val_prec_macro=0.2171 val_rec_macro=0.2358 val_metric_name=acc val_metric=0.3885
Step  550 | loss 1.3811 | val_acc=0.3894 val_loss=1.3932 val_f1_macro=0.1951 val_f1_weighted=0.3100 val_prec_macro=0.2164 val_rec_macro=0.2370 val_metric_name=acc val_metric=0.3894
Step  600 | loss 1.3752 | val_acc=0.3890 val_loss=1.3926 val_f1_macro=0.1972 val_f1_weighted=0.3122 val_prec_macro=0.2163 val_rec_macro=0.2379 val_metric_name=acc val_metric=0.3890
Step  650 | loss 1.3730 | val_acc=0.3898 val_loss=1.3924 val_f1_macro=0.2000 val_f1_weighted=0.3154 val_prec_macro=0.2182 val_rec_macro=0.2398 val_metric_name=acc val_metric=0.3898
Step  700 | loss 1.3646 | val_acc=0.3892 val_loss=1.3924 val_f1_macro=0.2016 val_f1_weighted=0.3171 val_prec_macro=0.2179 val_rec_macro=0.2403 val_metric_name=acc val_metric=0.3892
Step  750 | loss 1.3592 | val_acc=0.3910 val_loss=1.3925 val_f1_macro=0.2054 val_f1_weighted=0.3206 val_prec_macro=0.2634 val_rec_macro=0.2430 val_metric_name=acc val_metric=0.3910
Step  800 | loss 1.3572 | val_acc=0.3913 val_loss=1.3929 val_f1_macro=0.2073 val_f1_weighted=0.3227 val_prec_macro=0.2561 val_rec_macro=0.2441 val_metric_name=acc val_metric=0.3913
Step  850 | loss 1.3501 | val_acc=0.3941 val_loss=1.3937 val_f1_macro=0.2158 val_f1_weighted=0.3297 val_prec_macro=0.3040 val_rec_macro=0.2487 val_metric_name=acc val_metric=0.3941
Step  900 | loss 1.3436 | val_acc=0.3929 val_loss=1.3948 val_f1_macro=0.2168 val_f1_weighted=0.3305 val_prec_macro=0.3003 val_rec_macro=0.2487 val_metric_name=acc val_metric=0.3929
Step  950 | loss 1.3374 | val_acc=0.3946 val_loss=1.3956 val_f1_macro=0.2207 val_f1_weighted=0.3345 val_prec_macro=0.3077 val_rec_macro=0.2513 val_metric_name=acc val_metric=0.3946
Step 1000 | loss 1.3312 | val_acc=0.3960 val_loss=1.3971 val_f1_macro=0.2252 val_f1_weighted=0.3383 val_prec_macro=0.3204 val_rec_macro=0.2544 val_metric_name=acc val_metric=0.3960
Step 1050 | loss 1.3251 | val_acc=0.3959 val_loss=1.3985 val_f1_macro=0.2263 val_f1_weighted=0.3395 val_prec_macro=0.3139 val_rec_macro=0.2543 val_metric_name=acc val_metric=0.3959
Step 1100 | loss 1.3184 | val_acc=0.3977 val_loss=1.3999 val_f1_macro=0.2285 val_f1_weighted=0.3422 val_prec_macro=0.3120 val_rec_macro=0.2562 val_metric_name=acc val_metric=0.3977
Step 1150 | loss 1.3116 | val_acc=0.3977 val_loss=1.4013 val_f1_macro=0.2318 val_f1_weighted=0.3445 val_prec_macro=0.3135 val_rec_macro=0.2579 val_metric_name=acc val_metric=0.3977
Step 1200 | loss 1.2978 | val_acc=0.4018 val_loss=1.4037 val_f1_macro=0.2361 val_f1_weighted=0.3497 val_prec_macro=0.3159 val_rec_macro=0.2611 val_metric_name=acc val_metric=0.4018
Step 1250 | loss 1.2907 | val_acc=0.4019 val_loss=1.4054 val_f1_macro=0.2428 val_f1_weighted=0.3524 val_prec_macro=0.3672 val_rec_macro=0.2645 val_metric_name=acc val_metric=0.4019
Step 1300 | loss 1.2814 | val_acc=0.4016 val_loss=1.4073 val_f1_macro=0.2490 val_f1_weighted=0.3554 val_prec_macro=0.3740 val_rec_macro=0.2675 val_metric_name=acc val_metric=0.4016
Step 1350 | loss 1.2679 | val_acc=0.4024 val_loss=1.4087 val_f1_macro=0.2553 val_f1_weighted=0.3588 val_prec_macro=0.3807 val_rec_macro=0.2710 val_metric_name=acc val_metric=0.4024
Step 1400 | loss 1.2567 | val_acc=0.4047 val_loss=1.4101 val_f1_macro=0.2595 val_f1_weighted=0.3632 val_prec_macro=0.3698 val_rec_macro=0.2741 val_metric_name=acc val_metric=0.4047
Step 1450 | loss 1.2416 | val_acc=0.4067 val_loss=1.4116 val_f1_macro=0.2640 val_f1_weighted=0.3666 val_prec_macro=0.3681 val_rec_macro=0.2764 val_metric_name=acc val_metric=0.4067
Step 1500 | loss 1.2295 | val_acc=0.4078 val_loss=1.4145 val_f1_macro=0.2668 val_f1_weighted=0.3695 val_prec_macro=0.3624 val_rec_macro=0.2787 val_metric_name=acc val_metric=0.4078
Step 1550 | loss 1.2163 | val_acc=0.4101 val_loss=1.4177 val_f1_macro=0.2708 val_f1_weighted=0.3727 val_prec_macro=0.3635 val_rec_macro=0.2812 val_metric_name=acc val_metric=0.4101
Step 1600 | loss 1.2052 | val_acc=0.4130 val_loss=1.4205 val_f1_macro=0.2794 val_f1_weighted=0.3780 val_prec_macro=0.3781 val_rec_macro=0.2867 val_metric_name=acc val_metric=0.4130
Step 1650 | loss 1.1798 | val_acc=0.4161 val_loss=1.4245 val_f1_macro=0.2848 val_f1_weighted=0.3832 val_prec_macro=0.3786 val_rec_macro=0.2904 val_metric_name=acc val_metric=0.4161
Step 1700 | loss 1.1602 | val_acc=0.4191 val_loss=1.4290 val_f1_macro=0.2900 val_f1_weighted=0.3881 val_prec_macro=0.3820 val_rec_macro=0.2938 val_metric_name=acc val_metric=0.4191
Step 1750 | loss 1.1489 | val_acc=0.4222 val_loss=1.4344 val_f1_macro=0.2980 val_f1_weighted=0.3938 val_prec_macro=0.3879 val_rec_macro=0.2990 val_metric_name=acc val_metric=0.4222
Step 1800 | loss 1.1293 | val_acc=0.4279 val_loss=1.4401 val_f1_macro=0.3068 val_f1_weighted=0.4019 val_prec_macro=0.3889 val_rec_macro=0.3058 val_metric_name=acc val_metric=0.4279
Step 1850 | loss 1.1184 | val_acc=0.4264 val_loss=1.4467 val_f1_macro=0.3076 val_f1_weighted=0.4011 val_prec_macro=0.3926 val_rec_macro=0.3056 val_metric_name=acc val_metric=0.4264
Step 1900 | loss 1.0970 | val_acc=0.4294 val_loss=1.4533 val_f1_macro=0.3182 val_f1_weighted=0.4068 val_prec_macro=0.4079 val_rec_macro=0.3125 val_metric_name=acc val_metric=0.4294
Step 1950 | loss 1.0749 | val_acc=0.4282 val_loss=1.4626 val_f1_macro=0.3194 val_f1_weighted=0.4066 val_prec_macro=0.4081 val_rec_macro=0.3127 val_metric_name=acc val_metric=0.4282
Step 2000 | loss 1.0546 | val_acc=0.4300 val_loss=1.4697 val_f1_macro=0.3261 val_f1_weighted=0.4107 val_prec_macro=0.4056 val_rec_macro=0.3181 val_metric_name=acc val_metric=0.4300
Step 2050 | loss 1.0481 | val_acc=0.4317 val_loss=1.4805 val_f1_macro=0.3284 val_f1_weighted=0.4128 val_prec_macro=0.4055 val_rec_macro=0.3197 val_metric_name=acc val_metric=0.4317
Step 2100 | loss 1.0202 | val_acc=0.4330 val_loss=1.4897 val_f1_macro=0.3333 val_f1_weighted=0.4153 val_prec_macro=0.4083 val_rec_macro=0.3234 val_metric_name=acc val_metric=0.4330
Step 2150 | loss 1.0069 | val_acc=0.4344 val_loss=1.5004 val_f1_macro=0.3359 val_f1_weighted=0.4174 val_prec_macro=0.4053 val_rec_macro=0.3255 val_metric_name=acc val_metric=0.4344
Step 2200 | loss 0.9817 | val_acc=0.4364 val_loss=1.5120 val_f1_macro=0.3382 val_f1_weighted=0.4197 val_prec_macro=0.4061 val_rec_macro=0.3278 val_metric_name=acc val_metric=0.4364
Step 2250 | loss 0.9761 | val_acc=0.4367 val_loss=1.5247 val_f1_macro=0.3400 val_f1_weighted=0.4211 val_prec_macro=0.3999 val_rec_macro=0.3294 val_metric_name=acc val_metric=0.4367
Step 2300 | loss 0.9466 | val_acc=0.4372 val_loss=1.5358 val_f1_macro=0.3423 val_f1_weighted=0.4220 val_prec_macro=0.4006 val_rec_macro=0.3313 val_metric_name=acc val_metric=0.4372
Step 2350 | loss 0.9350 | val_acc=0.4418 val_loss=1.5493 val_f1_macro=0.3520 val_f1_weighted=0.4272 val_prec_macro=0.4149 val_rec_macro=0.3387 val_metric_name=acc val_metric=0.4418
Step 2400 | loss 0.9075 | val_acc=0.4436 val_loss=1.5625 val_f1_macro=0.3560 val_f1_weighted=0.4302 val_prec_macro=0.4136 val_rec_macro=0.3425 val_metric_name=acc val_metric=0.4436
Step 2450 | loss 0.8890 | val_acc=0.4432 val_loss=1.5782 val_f1_macro=0.3594 val_f1_weighted=0.4309 val_prec_macro=0.4137 val_rec_macro=0.3456 val_metric_name=acc val_metric=0.4432
Step 2500 | loss 0.8785 | val_acc=0.4452 val_loss=1.5924 val_f1_macro=0.3628 val_f1_weighted=0.4329 val_prec_macro=0.4192 val_rec_macro=0.3480 val_metric_name=acc val_metric=0.4452
Step 2550 | loss 0.8538 | val_acc=0.4503 val_loss=1.6072 val_f1_macro=0.3692 val_f1_weighted=0.4384 val_prec_macro=0.4263 val_rec_macro=0.3535 val_metric_name=acc val_metric=0.4503
Step 2600 | loss 0.8380 | val_acc=0.4503 val_loss=1.6251 val_f1_macro=0.3690 val_f1_weighted=0.4386 val_prec_macro=0.4208 val_rec_macro=0.3540 val_metric_name=acc val_metric=0.4503
Step 2650 | loss 0.8234 | val_acc=0.4514 val_loss=1.6410 val_f1_macro=0.3712 val_f1_weighted=0.4401 val_prec_macro=0.4185 val_rec_macro=0.3565 val_metric_name=acc val_metric=0.4514
Step 2700 | loss 0.8097 | val_acc=0.4539 val_loss=1.6591 val_f1_macro=0.3744 val_f1_weighted=0.4432 val_prec_macro=0.4189 val_rec_macro=0.3598 val_metric_name=acc val_metric=0.4539
Step 2750 | loss 0.7895 | val_acc=0.4548 val_loss=1.6782 val_f1_macro=0.3768 val_f1_weighted=0.4440 val_prec_macro=0.4216 val_rec_macro=0.3617 val_metric_name=acc val_metric=0.4548
Step 2800 | loss 0.7751 | val_acc=0.4586 val_loss=1.6953 val_f1_macro=0.3787 val_f1_weighted=0.4478 val_prec_macro=0.4231 val_rec_macro=0.3638 val_metric_name=acc val_metric=0.4586
Step 2850 | loss 0.7540 | val_acc=0.4583 val_loss=1.7123 val_f1_macro=0.3801 val_f1_weighted=0.4480 val_prec_macro=0.4226 val_rec_macro=0.3652 val_metric_name=acc val_metric=0.4583
Step 2900 | loss 0.7399 | val_acc=0.4581 val_loss=1.7318 val_f1_macro=0.3815 val_f1_weighted=0.4481 val_prec_macro=0.4230 val_rec_macro=0.3663 val_metric_name=acc val_metric=0.4581
Step 2950 | loss 0.7281 | val_acc=0.4591 val_loss=1.7523 val_f1_macro=0.3831 val_f1_weighted=0.4496 val_prec_macro=0.4221 val_rec_macro=0.3684 val_metric_name=acc val_metric=0.4591
Step 3000 | loss 0.7123 | val_acc=0.4615 val_loss=1.7713 val_f1_macro=0.3905 val_f1_weighted=0.4525 val_prec_macro=0.4310 val_rec_macro=0.3745 val_metric_name=acc val_metric=0.4615
Step 3050 | loss 0.7000 | val_acc=0.4632 val_loss=1.7935 val_f1_macro=0.3920 val_f1_weighted=0.4544 val_prec_macro=0.4315 val_rec_macro=0.3762 val_metric_name=acc val_metric=0.4632
Step 3100 | loss 0.6806 | val_acc=0.4655 val_loss=1.8136 val_f1_macro=0.3974 val_f1_weighted=0.4570 val_prec_macro=0.4393 val_rec_macro=0.3803 val_metric_name=acc val_metric=0.4655
Step 3150 | loss 0.6719 | val_acc=0.4650 val_loss=1.8361 val_f1_macro=0.3976 val_f1_weighted=0.4567 val_prec_macro=0.4377 val_rec_macro=0.3808 val_metric_name=acc val_metric=0.4650
Step 3200 | loss 0.6533 | val_acc=0.4679 val_loss=1.8551 val_f1_macro=0.3998 val_f1_weighted=0.4596 val_prec_macro=0.4404 val_rec_macro=0.3828 val_metric_name=acc val_metric=0.4679
Step 3250 | loss 0.6385 | val_acc=0.4691 val_loss=1.8773 val_f1_macro=0.4007 val_f1_weighted=0.4606 val_prec_macro=0.4406 val_rec_macro=0.3838 val_metric_name=acc val_metric=0.4691
Step 3300 | loss 0.6211 | val_acc=0.4717 val_loss=1.9003 val_f1_macro=0.4034 val_f1_weighted=0.4630 val_prec_macro=0.4444 val_rec_macro=0.3862 val_metric_name=acc val_metric=0.4717
Step 3350 | loss 0.6138 | val_acc=0.4708 val_loss=1.9195 val_f1_macro=0.4050 val_f1_weighted=0.4628 val_prec_macro=0.4448 val_rec_macro=0.3875 val_metric_name=acc val_metric=0.4708
Step 3400 | loss 0.6037 | val_acc=0.4723 val_loss=1.9430 val_f1_macro=0.4072 val_f1_weighted=0.4644 val_prec_macro=0.4473 val_rec_macro=0.3895 val_metric_name=acc val_metric=0.4723
Step 3450 | loss 0.5862 | val_acc=0.4733 val_loss=1.9664 val_f1_macro=0.4092 val_f1_weighted=0.4658 val_prec_macro=0.4490 val_rec_macro=0.3914 val_metric_name=acc val_metric=0.4733
Step 3500 | loss 0.5744 | val_acc=0.4741 val_loss=1.9889 val_f1_macro=0.4082 val_f1_weighted=0.4666 val_prec_macro=0.4461 val_rec_macro=0.3912 val_metric_name=acc val_metric=0.4741
Step 3550 | loss 0.5676 | val_acc=0.4740 val_loss=2.0100 val_f1_macro=0.4088 val_f1_weighted=0.4664 val_prec_macro=0.4483 val_rec_macro=0.3913 val_metric_name=acc val_metric=0.4740
Step 3600 | loss 0.5439 | val_acc=0.4730 val_loss=2.0311 val_f1_macro=0.4102 val_f1_weighted=0.4660 val_prec_macro=0.4481 val_rec_macro=0.3927 val_metric_name=acc val_metric=0.4730
Step 3650 | loss 0.5464 | val_acc=0.4757 val_loss=2.0552 val_f1_macro=0.4122 val_f1_weighted=0.4684 val_prec_macro=0.4528 val_rec_macro=0.3939 val_metric_name=acc val_metric=0.4757
Step 3700 | loss 0.5290 | val_acc=0.4766 val_loss=2.0774 val_f1_macro=0.4160 val_f1_weighted=0.4697 val_prec_macro=0.4531 val_rec_macro=0.3982 val_metric_name=acc val_metric=0.4766
Step 3750 | loss 0.5225 | val_acc=0.4795 val_loss=2.0994 val_f1_macro=0.4186 val_f1_weighted=0.4727 val_prec_macro=0.4582 val_rec_macro=0.4002 val_metric_name=acc val_metric=0.4795
Step 3800 | loss 0.5026 | val_acc=0.4808 val_loss=2.1225 val_f1_macro=0.4196 val_f1_weighted=0.4741 val_prec_macro=0.4579 val_rec_macro=0.4015 val_metric_name=acc val_metric=0.4808
Step 3850 | loss 0.4944 | val_acc=0.4811 val_loss=2.1446 val_f1_macro=0.4186 val_f1_weighted=0.4745 val_prec_macro=0.4546 val_rec_macro=0.4013 val_metric_name=acc val_metric=0.4811
Step 3900 | loss 0.4915 | val_acc=0.4813 val_loss=2.1674 val_f1_macro=0.4219 val_f1_weighted=0.4750 val_prec_macro=0.4574 val_rec_macro=0.4044 val_metric_name=acc val_metric=0.4813
Step 3950 | loss 0.4885 | val_acc=0.4816 val_loss=2.1873 val_f1_macro=0.4221 val_f1_weighted=0.4752 val_prec_macro=0.4584 val_rec_macro=0.4042 val_metric_name=acc val_metric=0.4816
Step 4000 | loss 0.4680 | val_acc=0.4802 val_loss=2.2105 val_f1_macro=0.4214 val_f1_weighted=0.4741 val_prec_macro=0.4558 val_rec_macro=0.4041 val_metric_name=acc val_metric=0.4802
Step 4050 | loss 0.4585 | val_acc=0.4821 val_loss=2.2336 val_f1_macro=0.4233 val_f1_weighted=0.4761 val_prec_macro=0.4583 val_rec_macro=0.4058 val_metric_name=acc val_metric=0.4821
Step 4100 | loss 0.4512 | val_acc=0.4816 val_loss=2.2510 val_f1_macro=0.4247 val_f1_weighted=0.4757 val_prec_macro=0.4613 val_rec_macro=0.4065 val_metric_name=acc val_metric=0.4816
Step 4150 | loss 0.4368 | val_acc=0.4836 val_loss=2.2738 val_f1_macro=0.4265 val_f1_weighted=0.4777 val_prec_macro=0.4630 val_rec_macro=0.4084 val_metric_name=acc val_metric=0.4836
Step 4200 | loss 0.4431 | val_acc=0.4831 val_loss=2.2936 val_f1_macro=0.4270 val_f1_weighted=0.4773 val_prec_macro=0.4633 val_rec_macro=0.4087 val_metric_name=acc val_metric=0.4831
Step 4250 | loss 0.4352 | val_acc=0.4836 val_loss=2.3179 val_f1_macro=0.4267 val_f1_weighted=0.4778 val_prec_macro=0.4604 val_rec_macro=0.4092 val_metric_name=acc val_metric=0.4836
Step 4300 | loss 0.4250 | val_acc=0.4867 val_loss=2.3373 val_f1_macro=0.4300 val_f1_weighted=0.4809 val_prec_macro=0.4675 val_rec_macro=0.4114 val_metric_name=acc val_metric=0.4867
Step 4350 | loss 0.4189 | val_acc=0.4841 val_loss=2.3580 val_f1_macro=0.4275 val_f1_weighted=0.4783 val_prec_macro=0.4627 val_rec_macro=0.4097 val_metric_name=acc val_metric=0.4841
Step 4400 | loss 0.3988 | val_acc=0.4849 val_loss=2.3789 val_f1_macro=0.4291 val_f1_weighted=0.4793 val_prec_macro=0.4639 val_rec_macro=0.4114 val_metric_name=acc val_metric=0.4849
Step 4450 | loss 0.3993 | val_acc=0.4828 val_loss=2.3991 val_f1_macro=0.4270 val_f1_weighted=0.4773 val_prec_macro=0.4604 val_rec_macro=0.4098 val_metric_name=acc val_metric=0.4828
Step 4500 | loss 0.3919 | val_acc=0.4851 val_loss=2.4221 val_f1_macro=0.4293 val_f1_weighted=0.4796 val_prec_macro=0.4627 val_rec_macro=0.4120 val_metric_name=acc val_metric=0.4851
Step 4550 | loss 0.3911 | val_acc=0.4854 val_loss=2.4428 val_f1_macro=0.4293 val_f1_weighted=0.4801 val_prec_macro=0.4608 val_rec_macro=0.4126 val_metric_name=acc val_metric=0.4854
Step 4600 | loss 0.3761 | val_acc=0.4867 val_loss=2.4627 val_f1_macro=0.4307 val_f1_weighted=0.4814 val_prec_macro=0.4625 val_rec_macro=0.4137 val_metric_name=acc val_metric=0.4867
Step 4650 | loss 0.3632 | val_acc=0.4877 val_loss=2.4804 val_f1_macro=0.4316 val_f1_weighted=0.4822 val_prec_macro=0.4649 val_rec_macro=0.4143 val_metric_name=acc val_metric=0.4877
Step 4700 | loss 0.3644 | val_acc=0.4854 val_loss=2.5011 val_f1_macro=0.4278 val_f1_weighted=0.4801 val_prec_macro=0.4562 val_rec_macro=0.4120 val_metric_name=acc val_metric=0.4854
Step 4750 | loss 0.3540 | val_acc=0.4869 val_loss=2.5222 val_f1_macro=0.4300 val_f1_weighted=0.4814 val_prec_macro=0.4612 val_rec_macro=0.4133 val_metric_name=acc val_metric=0.4869
Step 4800 | loss 0.3604 | val_acc=0.4872 val_loss=2.5384 val_f1_macro=0.4308 val_f1_weighted=0.4820 val_prec_macro=0.4607 val_rec_macro=0.4146 val_metric_name=acc val_metric=0.4872
Step 4850 | loss 0.3499 | val_acc=0.4860 val_loss=2.5596 val_f1_macro=0.4298 val_f1_weighted=0.4809 val_prec_macro=0.4603 val_rec_macro=0.4133 val_metric_name=acc val_metric=0.4860
Step 4900 | loss 0.3364 | val_acc=0.4872 val_loss=2.5774 val_f1_macro=0.4309 val_f1_weighted=0.4822 val_prec_macro=0.4612 val_rec_macro=0.4146 val_metric_name=acc val_metric=0.4872
Step 4950 | loss 0.3260 | val_acc=0.4890 val_loss=2.5955 val_f1_macro=0.4332 val_f1_weighted=0.4839 val_prec_macro=0.4651 val_rec_macro=0.4164 val_metric_name=acc val_metric=0.4890
Step 5000 | loss 0.3318 | val_acc=0.4872 val_loss=2.6152 val_f1_macro=0.4305 val_f1_weighted=0.4819 val_prec_macro=0.4631 val_rec_macro=0.4136 val_metric_name=acc val_metric=0.4872

--- Final (best ckpt @ step 4950) ---
  train_acc=0.9795 train_loss=0.0692 train_f1_macro=0.9803 train_f1_weighted=0.9795 train_prec_macro=0.9814 train_rec_macro=0.9791 train_metric_name=acc train_metric=0.9795
  val_acc=0.4890 val_loss=2.5955 val_f1_macro=0.4332 val_f1_weighted=0.4839 val_prec_macro=0.4651 val_rec_macro=0.4164 val_metric_name=acc val_metric=0.4890
  test_acc=0.4854 test_loss=2.6310 test_f1_macro=0.4151 test_f1_weighted=0.4789 test_prec_macro=0.4454 test_rec_macro=0.4007 test_metric_name=acc test_metric=0.4854
  test_acc=0.4854
  >> num_layers=1 hidden_dim=256 lr=3e-05 best_step=2820 val_acc=0.4821 test_acc=0.4673
     val_acc=0.4821 val_f1_macro=0.4317 val_f1_weighted=0.4786 val_loss=2.2437 val_metric=0.4821 val_metric_name=acc val_prec_macro=0.4545 val_rec_macro=0.4187
     test_acc=0.4673 test_f1_macro=0.4002 test_f1_weighted=0.4630 test_loss=2.3446 test_metric=0.4673 test_metric_name=acc test_prec_macro=0.4218 test_rec_macro=0.3893
  >> num_layers=1 hidden_dim=256 lr=6e-05 best_step=1790 val_acc=0.4793 test_acc=0.4653
     val_acc=0.4793 val_f1_macro=0.4287 val_f1_weighted=0.4763 val_loss=2.5157 val_metric=0.4793 val_metric_name=acc val_prec_macro=0.4459 val_rec_macro=0.4179
     test_acc=0.4653 test_f1_macro=0.4008 test_f1_weighted=0.4608 test_loss=2.6266 test_metric=0.4653 test_metric_name=acc test_prec_macro=0.4238 test_rec_macro=0.3890
  >> num_layers=1 hidden_dim=256 lr=0.0001 best_step=2080 val_acc=0.4789 test_acc=0.4712
     val_acc=0.4789 val_f1_macro=0.4254 val_f1_weighted=0.4767 val_loss=3.1230 val_metric=0.4789 val_metric_name=acc val_prec_macro=0.4353 val_rec_macro=0.4185
     test_acc=0.4712 test_f1_macro=0.4075 test_f1_weighted=0.4677 test_loss=3.2508 test_metric=0.4712 test_metric_name=acc test_prec_macro=0.4234 test_rec_macro=0.3981
  >> num_layers=1 hidden_dim=256 lr=1e-05 best_step=4980 val_acc=0.4529 test_acc=0.4426
     val_acc=0.4529 val_f1_macro=0.3824 val_f1_weighted=0.4448 val_loss=1.6998 val_metric=0.4529 val_metric_name=acc val_prec_macro=0.4247 val_rec_macro=0.3676
     test_acc=0.4426 test_f1_macro=0.3590 test_f1_weighted=0.4338 test_loss=1.7499 test_metric=0.4426 test_metric_name=acc test_prec_macro=0.3980 test_rec_macro=0.3482
  >> num_layers=1 hidden_dim=384 lr=3e-05 best_step=3230 val_acc=0.4831 test_acc=0.4802
     val_acc=0.4831 val_f1_macro=0.4302 val_f1_weighted=0.4796 val_loss=3.1169 val_metric=0.4831 val_metric_name=acc val_prec_macro=0.4489 val_rec_macro=0.4180
     test_acc=0.4802 test_f1_macro=0.4168 test_f1_weighted=0.4759 test_loss=3.1566 test_metric=0.4802 test_metric_name=acc test_prec_macro=0.4389 test_rec_macro=0.4040
  >> num_layers=1 hidden_dim=384 lr=6e-05 best_step=1870 val_acc=0.4860 test_acc=0.4775
     val_acc=0.4860 val_f1_macro=0.4301 val_f1_weighted=0.4826 val_loss=3.2735 val_metric=0.4860 val_metric_name=acc val_prec_macro=0.4468 val_rec_macro=0.4188
     test_acc=0.4775 test_f1_macro=0.4115 test_f1_weighted=0.4729 test_loss=3.3093 test_metric=0.4775 test_metric_name=acc test_prec_macro=0.4342 test_rec_macro=0.3989
  >> num_layers=1 hidden_dim=384 lr=0.0001 best_step=1370 val_acc=0.4885 test_acc=0.4774
     val_acc=0.4885 val_f1_macro=0.4315 val_f1_weighted=0.4847 val_loss=3.4418 val_metric=0.4885 val_metric_name=acc val_prec_macro=0.4489 val_rec_macro=0.4201
     test_acc=0.4774 test_f1_macro=0.4104 test_f1_weighted=0.4722 test_loss=3.5024 test_metric=0.4774 test_metric_name=acc test_prec_macro=0.4343 test_rec_macro=0.3972
  >> num_layers=1 hidden_dim=384 lr=1e-05 best_step=5000 val_acc=0.4726 test_acc=0.4715
     val_acc=0.4726 val_f1_macro=0.4135 val_f1_weighted=0.4671 val_loss=2.0973 val_metric=0.4726 val_metric_name=acc val_prec_macro=0.4511 val_rec_macro=0.3959
     test_acc=0.4715 test_f1_macro=0.4006 test_f1_weighted=0.4652 test_loss=2.1154 test_metric=0.4715 test_metric_name=acc test_prec_macro=0.4358 test_rec_macro=0.3857
  >> num_layers=1 hidden_dim=512 lr=3e-05 best_step=2150 val_acc=0.4996 test_acc=0.4849
     val_acc=0.4996 val_f1_macro=0.4452 val_f1_weighted=0.4950 val_loss=3.0363 val_metric=0.4996 val_metric_name=acc val_prec_macro=0.4741 val_rec_macro=0.4288
     test_acc=0.4849 test_f1_macro=0.4166 test_f1_weighted=0.4787 test_loss=3.0771 test_metric=0.4849 test_metric_name=acc test_prec_macro=0.4494 test_rec_macro=0.4013
  >> num_layers=1 hidden_dim=512 lr=6e-05 best_step=1360 val_acc=0.4984 test_acc=0.4859
     val_acc=0.4984 val_f1_macro=0.4439 val_f1_weighted=0.4942 val_loss=3.3381 val_metric=0.4984 val_metric_name=acc val_prec_macro=0.4659 val_rec_macro=0.4302
     test_acc=0.4859 test_f1_macro=0.4176 test_f1_weighted=0.4799 test_loss=3.3836 test_metric=0.4859 test_metric_name=acc test_prec_macro=0.4455 test_rec_macro=0.4035
  >> num_layers=1 hidden_dim=512 lr=0.0001 best_step=1500 val_acc=0.4963 test_acc=0.4870
     val_acc=0.4963 val_f1_macro=0.4403 val_f1_weighted=0.4922 val_loss=4.0592 val_metric=0.4963 val_metric_name=acc val_prec_macro=0.4564 val_rec_macro=0.4293
     test_acc=0.4870 test_f1_macro=0.4233 test_f1_weighted=0.4823 test_loss=4.1344 test_metric=0.4870 test_metric_name=acc test_prec_macro=0.4425 test_rec_macro=0.4114
  >> num_layers=1 hidden_dim=512 lr=1e-05 best_step=4950 val_acc=0.4890 test_acc=0.4854
     val_acc=0.4890 val_f1_macro=0.4332 val_f1_weighted=0.4839 val_loss=2.5955 val_metric=0.4890 val_metric_name=acc val_prec_macro=0.4651 val_rec_macro=0.4164
     test_acc=0.4854 test_f1_macro=0.4151 test_f1_weighted=0.4789 test_loss=2.6310 test_metric=0.4854 test_metric_name=acc test_prec_macro=0.4454 test_rec_macro=0.4007
  >> selected best (by val): num_layers=1 hidden_dim=512 lr=3e-05 val_acc=0.4996 test_acc=0.4849
     val_acc=0.4996 val_f1_macro=0.4452 val_f1_weighted=0.4950 val_loss=3.0363 val_metric=0.4996 val_metric_name=acc val_prec_macro=0.4741 val_rec_macro=0.4288
     test_acc=0.4849 test_f1_macro=0.4166 test_f1_weighted=0.4787 test_loss=3.0771 test_metric=0.4849 test_metric_name=acc test_prec_macro=0.4494 test_rec_macro=0.4013

Done. Results saved to /home/avshmelev/diploma_yandex_graphs/results_grid/amazon_ratings/base.csv, checkpoints in /home/avshmelev/diploma_yandex_graphs/all_checkpoints/amazon_ratings/base/
Skipping: "Done." found in /home/avshmelev/diploma_yandex_graphs/results_grid/amazon_ratings/logs_base/ResNet_1L_split3.log
Skipping: "Done." found in /home/avshmelev/diploma_yandex_graphs/results_grid/amazon_ratings/logs_base/ResNet_1L_split3.log
