Loading data...

============================================================
Training amazon-ratings SAGE 5L h=256 lr=3e-05 split=6
============================================================
Training for 5000 steps
Step    1 | loss 1.6720 | val_acc=0.3005 val_loss=1.4832 val_f1_macro=0.1540 val_f1_weighted=0.2405 val_prec_macro=0.1866 val_rec_macro=0.1979 val_metric_name=acc val_metric=0.3005
Step   50 | loss 1.4153 | val_acc=0.3735 val_loss=1.4047 val_f1_macro=0.1344 val_f1_weighted=0.2335 val_prec_macro=0.1581 val_rec_macro=0.2076 val_metric_name=acc val_metric=0.3735
Step  100 | loss 1.3934 | val_acc=0.3903 val_loss=1.3797 val_f1_macro=0.1814 val_f1_weighted=0.2946 val_prec_macro=0.2091 val_rec_macro=0.2321 val_metric_name=acc val_metric=0.3903
Step  150 | loss 1.3634 | val_acc=0.4085 val_loss=1.3551 val_f1_macro=0.2110 val_f1_weighted=0.3304 val_prec_macro=0.2254 val_rec_macro=0.2557 val_metric_name=acc val_metric=0.4085
Step  200 | loss 1.3354 | val_acc=0.4165 val_loss=1.3452 val_f1_macro=0.2358 val_f1_weighted=0.3554 val_prec_macro=0.4378 val_rec_macro=0.2728 val_metric_name=acc val_metric=0.4165
Step  250 | loss 1.3137 | val_acc=0.4179 val_loss=1.3420 val_f1_macro=0.2492 val_f1_weighted=0.3667 val_prec_macro=0.3213 val_rec_macro=0.2820 val_metric_name=acc val_metric=0.4179
Step  300 | loss 1.2878 | val_acc=0.4287 val_loss=1.3303 val_f1_macro=0.2754 val_f1_weighted=0.3905 val_prec_macro=0.3187 val_rec_macro=0.2960 val_metric_name=acc val_metric=0.4287
Step  350 | loss 1.2610 | val_acc=0.4310 val_loss=1.3366 val_f1_macro=0.2873 val_f1_weighted=0.3943 val_prec_macro=0.3735 val_rec_macro=0.3054 val_metric_name=acc val_metric=0.4310
Step  400 | loss 1.2293 | val_acc=0.4390 val_loss=1.3334 val_f1_macro=0.3075 val_f1_weighted=0.4058 val_prec_macro=0.3964 val_rec_macro=0.3197 val_metric_name=acc val_metric=0.4390
Step  450 | loss 1.2075 | val_acc=0.4442 val_loss=1.3335 val_f1_macro=0.3181 val_f1_weighted=0.4126 val_prec_macro=0.4121 val_rec_macro=0.3262 val_metric_name=acc val_metric=0.4442
Step  500 | loss 1.1727 | val_acc=0.4558 val_loss=1.3296 val_f1_macro=0.3375 val_f1_weighted=0.4295 val_prec_macro=0.4091 val_rec_macro=0.3411 val_metric_name=acc val_metric=0.4558
Step  550 | loss 1.1409 | val_acc=0.4628 val_loss=1.3314 val_f1_macro=0.3504 val_f1_weighted=0.4372 val_prec_macro=0.4205 val_rec_macro=0.3502 val_metric_name=acc val_metric=0.4628
Step  600 | loss 1.1079 | val_acc=0.4705 val_loss=1.3251 val_f1_macro=0.3692 val_f1_weighted=0.4503 val_prec_macro=0.4332 val_rec_macro=0.3631 val_metric_name=acc val_metric=0.4705
Step  650 | loss 1.0663 | val_acc=0.4775 val_loss=1.3408 val_f1_macro=0.3809 val_f1_weighted=0.4562 val_prec_macro=0.4501 val_rec_macro=0.3748 val_metric_name=acc val_metric=0.4775
Step  700 | loss 1.0343 | val_acc=0.4821 val_loss=1.3434 val_f1_macro=0.3982 val_f1_weighted=0.4661 val_prec_macro=0.4540 val_rec_macro=0.3884 val_metric_name=acc val_metric=0.4821
Step  750 | loss 1.0008 | val_acc=0.4842 val_loss=1.3462 val_f1_macro=0.3994 val_f1_weighted=0.4709 val_prec_macro=0.4516 val_rec_macro=0.3879 val_metric_name=acc val_metric=0.4842
Step  800 | loss 0.9725 | val_acc=0.4922 val_loss=1.3576 val_f1_macro=0.4119 val_f1_weighted=0.4792 val_prec_macro=0.4638 val_rec_macro=0.3986 val_metric_name=acc val_metric=0.4922
Step  850 | loss 0.9282 | val_acc=0.4967 val_loss=1.3792 val_f1_macro=0.4238 val_f1_weighted=0.4849 val_prec_macro=0.4726 val_rec_macro=0.4097 val_metric_name=acc val_metric=0.4967
Step  900 | loss 0.8981 | val_acc=0.4996 val_loss=1.3966 val_f1_macro=0.4268 val_f1_weighted=0.4889 val_prec_macro=0.4714 val_rec_macro=0.4135 val_metric_name=acc val_metric=0.4996
Step  950 | loss 0.8617 | val_acc=0.5027 val_loss=1.4168 val_f1_macro=0.4303 val_f1_weighted=0.4923 val_prec_macro=0.4792 val_rec_macro=0.4157 val_metric_name=acc val_metric=0.5027
Step 1000 | loss 0.8323 | val_acc=0.5043 val_loss=1.4481 val_f1_macro=0.4417 val_f1_weighted=0.4963 val_prec_macro=0.4728 val_rec_macro=0.4309 val_metric_name=acc val_metric=0.5043
Step 1050 | loss 0.8048 | val_acc=0.5071 val_loss=1.4629 val_f1_macro=0.4457 val_f1_weighted=0.5013 val_prec_macro=0.4705 val_rec_macro=0.4348 val_metric_name=acc val_metric=0.5071
Step 1100 | loss 0.7711 | val_acc=0.5104 val_loss=1.4905 val_f1_macro=0.4497 val_f1_weighted=0.5035 val_prec_macro=0.4787 val_rec_macro=0.4381 val_metric_name=acc val_metric=0.5104
Step 1150 | loss 0.7326 | val_acc=0.5109 val_loss=1.5243 val_f1_macro=0.4515 val_f1_weighted=0.5048 val_prec_macro=0.4767 val_rec_macro=0.4416 val_metric_name=acc val_metric=0.5109
Step 1200 | loss 0.7121 | val_acc=0.5135 val_loss=1.5455 val_f1_macro=0.4530 val_f1_weighted=0.5080 val_prec_macro=0.4768 val_rec_macro=0.4427 val_metric_name=acc val_metric=0.5135
Step 1250 | loss 0.6806 | val_acc=0.5180 val_loss=1.5767 val_f1_macro=0.4579 val_f1_weighted=0.5127 val_prec_macro=0.4800 val_rec_macro=0.4485 val_metric_name=acc val_metric=0.5180
Step 1300 | loss 0.6550 | val_acc=0.5197 val_loss=1.6142 val_f1_macro=0.4598 val_f1_weighted=0.5151 val_prec_macro=0.4800 val_rec_macro=0.4510 val_metric_name=acc val_metric=0.5197
Step 1350 | loss 0.6263 | val_acc=0.5203 val_loss=1.6404 val_f1_macro=0.4579 val_f1_weighted=0.5166 val_prec_macro=0.4717 val_rec_macro=0.4513 val_metric_name=acc val_metric=0.5203
Step 1400 | loss 0.6007 | val_acc=0.5246 val_loss=1.6856 val_f1_macro=0.4647 val_f1_weighted=0.5207 val_prec_macro=0.4798 val_rec_macro=0.4581 val_metric_name=acc val_metric=0.5246
Step 1450 | loss 0.5783 | val_acc=0.5267 val_loss=1.7182 val_f1_macro=0.4681 val_f1_weighted=0.5234 val_prec_macro=0.4836 val_rec_macro=0.4601 val_metric_name=acc val_metric=0.5267
Step 1500 | loss 0.5536 | val_acc=0.5249 val_loss=1.7430 val_f1_macro=0.4667 val_f1_weighted=0.5218 val_prec_macro=0.4814 val_rec_macro=0.4585 val_metric_name=acc val_metric=0.5249
Step 1550 | loss 0.5326 | val_acc=0.5277 val_loss=1.7795 val_f1_macro=0.4682 val_f1_weighted=0.5244 val_prec_macro=0.4833 val_rec_macro=0.4617 val_metric_name=acc val_metric=0.5277
Step 1600 | loss 0.5132 | val_acc=0.5249 val_loss=1.8247 val_f1_macro=0.4668 val_f1_weighted=0.5220 val_prec_macro=0.4791 val_rec_macro=0.4620 val_metric_name=acc val_metric=0.5249
Step 1650 | loss 0.4868 | val_acc=0.5285 val_loss=1.8651 val_f1_macro=0.4717 val_f1_weighted=0.5260 val_prec_macro=0.4828 val_rec_macro=0.4665 val_metric_name=acc val_metric=0.5285
Step 1700 | loss 0.4606 | val_acc=0.5282 val_loss=1.8858 val_f1_macro=0.4707 val_f1_weighted=0.5259 val_prec_macro=0.4827 val_rec_macro=0.4644 val_metric_name=acc val_metric=0.5282
Step 1750 | loss 0.4576 | val_acc=0.5300 val_loss=1.9110 val_f1_macro=0.4734 val_f1_weighted=0.5278 val_prec_macro=0.4851 val_rec_macro=0.4666 val_metric_name=acc val_metric=0.5300
Step 1800 | loss 0.4425 | val_acc=0.5334 val_loss=1.9584 val_f1_macro=0.4772 val_f1_weighted=0.5310 val_prec_macro=0.4906 val_rec_macro=0.4700 val_metric_name=acc val_metric=0.5334
Step 1850 | loss 0.4202 | val_acc=0.5331 val_loss=1.9914 val_f1_macro=0.4780 val_f1_weighted=0.5310 val_prec_macro=0.4914 val_rec_macro=0.4706 val_metric_name=acc val_metric=0.5331
Step 1900 | loss 0.4077 | val_acc=0.5313 val_loss=2.0284 val_f1_macro=0.4758 val_f1_weighted=0.5296 val_prec_macro=0.4861 val_rec_macro=0.4702 val_metric_name=acc val_metric=0.5313
Step 1950 | loss 0.3924 | val_acc=0.5326 val_loss=2.0716 val_f1_macro=0.4774 val_f1_weighted=0.5311 val_prec_macro=0.4855 val_rec_macro=0.4732 val_metric_name=acc val_metric=0.5326
Step 2000 | loss 0.3795 | val_acc=0.5337 val_loss=2.0980 val_f1_macro=0.4795 val_f1_weighted=0.5325 val_prec_macro=0.4861 val_rec_macro=0.4763 val_metric_name=acc val_metric=0.5337
Step 2050 | loss 0.3639 | val_acc=0.5305 val_loss=2.1277 val_f1_macro=0.4740 val_f1_weighted=0.5294 val_prec_macro=0.4803 val_rec_macro=0.4701 val_metric_name=acc val_metric=0.5305
Step 2100 | loss 0.3490 | val_acc=0.5365 val_loss=2.1678 val_f1_macro=0.4813 val_f1_weighted=0.5349 val_prec_macro=0.4905 val_rec_macro=0.4763 val_metric_name=acc val_metric=0.5365
Step 2150 | loss 0.3372 | val_acc=0.5336 val_loss=2.2132 val_f1_macro=0.4787 val_f1_weighted=0.5326 val_prec_macro=0.4843 val_rec_macro=0.4757 val_metric_name=acc val_metric=0.5336
Step 2200 | loss 0.3223 | val_acc=0.5350 val_loss=2.2415 val_f1_macro=0.4815 val_f1_weighted=0.5338 val_prec_macro=0.4898 val_rec_macro=0.4766 val_metric_name=acc val_metric=0.5350
Step 2250 | loss 0.3151 | val_acc=0.5363 val_loss=2.2867 val_f1_macro=0.4819 val_f1_weighted=0.5354 val_prec_macro=0.4884 val_rec_macro=0.4789 val_metric_name=acc val_metric=0.5363
Step 2300 | loss 0.2967 | val_acc=0.5373 val_loss=2.3107 val_f1_macro=0.4822 val_f1_weighted=0.5361 val_prec_macro=0.4885 val_rec_macro=0.4787 val_metric_name=acc val_metric=0.5373
Step 2350 | loss 0.2847 | val_acc=0.5380 val_loss=2.3412 val_f1_macro=0.4833 val_f1_weighted=0.5365 val_prec_macro=0.4931 val_rec_macro=0.4783 val_metric_name=acc val_metric=0.5380
Step 2400 | loss 0.2817 | val_acc=0.5362 val_loss=2.3654 val_f1_macro=0.4805 val_f1_weighted=0.5350 val_prec_macro=0.4871 val_rec_macro=0.4771 val_metric_name=acc val_metric=0.5362
Step 2450 | loss 0.2806 | val_acc=0.5385 val_loss=2.3889 val_f1_macro=0.4837 val_f1_weighted=0.5375 val_prec_macro=0.4907 val_rec_macro=0.4795 val_metric_name=acc val_metric=0.5385
Step 2500 | loss 0.2697 | val_acc=0.5360 val_loss=2.4267 val_f1_macro=0.4816 val_f1_weighted=0.5348 val_prec_macro=0.4902 val_rec_macro=0.4764 val_metric_name=acc val_metric=0.5360
Step 2550 | loss 0.2519 | val_acc=0.5385 val_loss=2.4525 val_f1_macro=0.4837 val_f1_weighted=0.5373 val_prec_macro=0.4917 val_rec_macro=0.4791 val_metric_name=acc val_metric=0.5385
Step 2600 | loss 0.2504 | val_acc=0.5358 val_loss=2.4819 val_f1_macro=0.4830 val_f1_weighted=0.5352 val_prec_macro=0.4896 val_rec_macro=0.4793 val_metric_name=acc val_metric=0.5358
Step 2650 | loss 0.2406 | val_acc=0.5368 val_loss=2.5114 val_f1_macro=0.4814 val_f1_weighted=0.5358 val_prec_macro=0.4897 val_rec_macro=0.4773 val_metric_name=acc val_metric=0.5368
Step 2700 | loss 0.2347 | val_acc=0.5362 val_loss=2.5508 val_f1_macro=0.4803 val_f1_weighted=0.5348 val_prec_macro=0.4875 val_rec_macro=0.4759 val_metric_name=acc val_metric=0.5362
Early stopping at step 2730

--- Final (best ckpt @ step 2430) ---
  train_acc=0.9880 train_loss=0.0463 train_f1_macro=0.9880 train_f1_weighted=0.9880 train_prec_macro=0.9876 train_rec_macro=0.9884 train_metric_name=acc train_metric=0.9880
  val_acc=0.5403 val_loss=2.3957 val_f1_macro=0.4853 val_f1_weighted=0.5387 val_prec_macro=0.4957 val_rec_macro=0.4794 val_metric_name=acc val_metric=0.5403
  test_acc=0.5370 test_loss=2.4477 test_f1_macro=0.4831 test_f1_weighted=0.5343 test_prec_macro=0.4965 test_rec_macro=0.4755 test_metric_name=acc test_metric=0.5370
  test_acc=0.5370

============================================================
Training amazon-ratings SAGE 5L h=256 lr=6e-05 split=6
============================================================
Training for 5000 steps
Step    1 | loss 1.6720 | val_acc=0.3457 val_loss=1.4415 val_f1_macro=0.1448 val_f1_weighted=0.2437 val_prec_macro=0.1701 val_rec_macro=0.1977 val_metric_name=acc val_metric=0.3457
Step   50 | loss 1.3989 | val_acc=0.3820 val_loss=1.3877 val_f1_macro=0.1616 val_f1_weighted=0.2693 val_prec_macro=0.1578 val_rec_macro=0.2192 val_metric_name=acc val_metric=0.3820
Step  100 | loss 1.3500 | val_acc=0.4142 val_loss=1.3496 val_f1_macro=0.2203 val_f1_weighted=0.3408 val_prec_macro=0.4332 val_rec_macro=0.2631 val_metric_name=acc val_metric=0.4142
Step  150 | loss 1.3120 | val_acc=0.4254 val_loss=1.3332 val_f1_macro=0.2586 val_f1_weighted=0.3780 val_prec_macro=0.3210 val_rec_macro=0.2857 val_metric_name=acc val_metric=0.4254
Step  200 | loss 1.2687 | val_acc=0.4326 val_loss=1.3329 val_f1_macro=0.2876 val_f1_weighted=0.3961 val_prec_macro=0.3568 val_rec_macro=0.3050 val_metric_name=acc val_metric=0.4326
Step  250 | loss 1.2201 | val_acc=0.4366 val_loss=1.3412 val_f1_macro=0.3087 val_f1_weighted=0.4023 val_prec_macro=0.4089 val_rec_macro=0.3197 val_metric_name=acc val_metric=0.4366
Step  300 | loss 1.1592 | val_acc=0.4624 val_loss=1.3191 val_f1_macro=0.3396 val_f1_weighted=0.4370 val_prec_macro=0.4168 val_rec_macro=0.3393 val_metric_name=acc val_metric=0.4624
Step  350 | loss 1.0934 | val_acc=0.4715 val_loss=1.3490 val_f1_macro=0.3676 val_f1_weighted=0.4470 val_prec_macro=0.4468 val_rec_macro=0.3647 val_metric_name=acc val_metric=0.4715
Step  400 | loss 1.0310 | val_acc=0.4883 val_loss=1.3422 val_f1_macro=0.3961 val_f1_weighted=0.4706 val_prec_macro=0.4744 val_rec_macro=0.3852 val_metric_name=acc val_metric=0.4883
Step  450 | loss 0.9785 | val_acc=0.4891 val_loss=1.3553 val_f1_macro=0.4118 val_f1_weighted=0.4768 val_prec_macro=0.4577 val_rec_macro=0.4005 val_metric_name=acc val_metric=0.4891
Step  500 | loss 0.9088 | val_acc=0.4973 val_loss=1.4013 val_f1_macro=0.4319 val_f1_weighted=0.4881 val_prec_macro=0.4665 val_rec_macro=0.4214 val_metric_name=acc val_metric=0.4973
Step  550 | loss 0.8526 | val_acc=0.5033 val_loss=1.4278 val_f1_macro=0.4322 val_f1_weighted=0.4912 val_prec_macro=0.4868 val_rec_macro=0.4178 val_metric_name=acc val_metric=0.5033
Step  600 | loss 0.8015 | val_acc=0.5107 val_loss=1.4561 val_f1_macro=0.4483 val_f1_weighted=0.5029 val_prec_macro=0.4822 val_rec_macro=0.4348 val_metric_name=acc val_metric=0.5107
Step  650 | loss 0.7404 | val_acc=0.5096 val_loss=1.5276 val_f1_macro=0.4523 val_f1_weighted=0.5030 val_prec_macro=0.4738 val_rec_macro=0.4469 val_metric_name=acc val_metric=0.5096
Step  700 | loss 0.6807 | val_acc=0.5176 val_loss=1.5787 val_f1_macro=0.4603 val_f1_weighted=0.5138 val_prec_macro=0.4752 val_rec_macro=0.4529 val_metric_name=acc val_metric=0.5176
Step  750 | loss 0.6336 | val_acc=0.5198 val_loss=1.6315 val_f1_macro=0.4664 val_f1_weighted=0.5159 val_prec_macro=0.4886 val_rec_macro=0.4574 val_metric_name=acc val_metric=0.5198
Step  800 | loss 0.5868 | val_acc=0.5262 val_loss=1.6912 val_f1_macro=0.4662 val_f1_weighted=0.5223 val_prec_macro=0.4821 val_rec_macro=0.4590 val_metric_name=acc val_metric=0.5262
Step  850 | loss 0.5416 | val_acc=0.5234 val_loss=1.7524 val_f1_macro=0.4670 val_f1_weighted=0.5214 val_prec_macro=0.4764 val_rec_macro=0.4625 val_metric_name=acc val_metric=0.5234
Step  900 | loss 0.5059 | val_acc=0.5233 val_loss=1.8101 val_f1_macro=0.4704 val_f1_weighted=0.5217 val_prec_macro=0.4797 val_rec_macro=0.4652 val_metric_name=acc val_metric=0.5233
Step  950 | loss 0.4730 | val_acc=0.5321 val_loss=1.8532 val_f1_macro=0.4769 val_f1_weighted=0.5290 val_prec_macro=0.4931 val_rec_macro=0.4678 val_metric_name=acc val_metric=0.5321
Step 1000 | loss 0.4317 | val_acc=0.5323 val_loss=1.9519 val_f1_macro=0.4796 val_f1_weighted=0.5305 val_prec_macro=0.4910 val_rec_macro=0.4732 val_metric_name=acc val_metric=0.5323
Step 1050 | loss 0.4126 | val_acc=0.5334 val_loss=2.0118 val_f1_macro=0.4803 val_f1_weighted=0.5319 val_prec_macro=0.4901 val_rec_macro=0.4738 val_metric_name=acc val_metric=0.5334
Step 1100 | loss 0.3734 | val_acc=0.5334 val_loss=2.0709 val_f1_macro=0.4803 val_f1_weighted=0.5318 val_prec_macro=0.4909 val_rec_macro=0.4743 val_metric_name=acc val_metric=0.5334
Step 1150 | loss 0.3473 | val_acc=0.5372 val_loss=2.1334 val_f1_macro=0.4843 val_f1_weighted=0.5355 val_prec_macro=0.4933 val_rec_macro=0.4802 val_metric_name=acc val_metric=0.5372
Step 1200 | loss 0.3336 | val_acc=0.5355 val_loss=2.2044 val_f1_macro=0.4820 val_f1_weighted=0.5343 val_prec_macro=0.4902 val_rec_macro=0.4780 val_metric_name=acc val_metric=0.5355
Step 1250 | loss 0.3078 | val_acc=0.5363 val_loss=2.2654 val_f1_macro=0.4844 val_f1_weighted=0.5346 val_prec_macro=0.4938 val_rec_macro=0.4797 val_metric_name=acc val_metric=0.5363
Step 1300 | loss 0.2854 | val_acc=0.5378 val_loss=2.3158 val_f1_macro=0.4868 val_f1_weighted=0.5363 val_prec_macro=0.4974 val_rec_macro=0.4809 val_metric_name=acc val_metric=0.5378
Step 1350 | loss 0.2789 | val_acc=0.5425 val_loss=2.3918 val_f1_macro=0.4894 val_f1_weighted=0.5408 val_prec_macro=0.4991 val_rec_macro=0.4843 val_metric_name=acc val_metric=0.5425
Step 1400 | loss 0.2509 | val_acc=0.5406 val_loss=2.4496 val_f1_macro=0.4890 val_f1_weighted=0.5390 val_prec_macro=0.4971 val_rec_macro=0.4849 val_metric_name=acc val_metric=0.5406
Step 1450 | loss 0.2464 | val_acc=0.5407 val_loss=2.4632 val_f1_macro=0.4876 val_f1_weighted=0.5395 val_prec_macro=0.4961 val_rec_macro=0.4822 val_metric_name=acc val_metric=0.5407
Step 1500 | loss 0.2373 | val_acc=0.5445 val_loss=2.5172 val_f1_macro=0.4910 val_f1_weighted=0.5429 val_prec_macro=0.5006 val_rec_macro=0.4857 val_metric_name=acc val_metric=0.5445
Step 1550 | loss 0.2119 | val_acc=0.5381 val_loss=2.6064 val_f1_macro=0.4848 val_f1_weighted=0.5369 val_prec_macro=0.4920 val_rec_macro=0.4818 val_metric_name=acc val_metric=0.5381
Step 1600 | loss 0.2115 | val_acc=0.5373 val_loss=2.6311 val_f1_macro=0.4832 val_f1_weighted=0.5362 val_prec_macro=0.4897 val_rec_macro=0.4808 val_metric_name=acc val_metric=0.5373
Step 1650 | loss 0.1928 | val_acc=0.5404 val_loss=2.6569 val_f1_macro=0.4881 val_f1_weighted=0.5388 val_prec_macro=0.4981 val_rec_macro=0.4827 val_metric_name=acc val_metric=0.5404
Step 1700 | loss 0.1776 | val_acc=0.5394 val_loss=2.7053 val_f1_macro=0.4871 val_f1_weighted=0.5382 val_prec_macro=0.4960 val_rec_macro=0.4829 val_metric_name=acc val_metric=0.5394
Step 1750 | loss 0.1810 | val_acc=0.5435 val_loss=2.7138 val_f1_macro=0.4902 val_f1_weighted=0.5421 val_prec_macro=0.4993 val_rec_macro=0.4850 val_metric_name=acc val_metric=0.5435
Step 1800 | loss 0.1708 | val_acc=0.5411 val_loss=2.7610 val_f1_macro=0.4890 val_f1_weighted=0.5398 val_prec_macro=0.4971 val_rec_macro=0.4843 val_metric_name=acc val_metric=0.5411
Step 1850 | loss 0.1604 | val_acc=0.5419 val_loss=2.7810 val_f1_macro=0.4913 val_f1_weighted=0.5404 val_prec_macro=0.5021 val_rec_macro=0.4848 val_metric_name=acc val_metric=0.5419
Step 1900 | loss 0.1529 | val_acc=0.5429 val_loss=2.8450 val_f1_macro=0.4902 val_f1_weighted=0.5414 val_prec_macro=0.4999 val_rec_macro=0.4851 val_metric_name=acc val_metric=0.5429
Step 1950 | loss 0.1483 | val_acc=0.5394 val_loss=2.8605 val_f1_macro=0.4866 val_f1_weighted=0.5379 val_prec_macro=0.4966 val_rec_macro=0.4814 val_metric_name=acc val_metric=0.5394
Step 2000 | loss 0.1449 | val_acc=0.5427 val_loss=2.8752 val_f1_macro=0.4896 val_f1_weighted=0.5412 val_prec_macro=0.5007 val_rec_macro=0.4831 val_metric_name=acc val_metric=0.5427
Step 2050 | loss 0.1402 | val_acc=0.5417 val_loss=2.9114 val_f1_macro=0.4861 val_f1_weighted=0.5405 val_prec_macro=0.4940 val_rec_macro=0.4815 val_metric_name=acc val_metric=0.5417
Step 2100 | loss 0.1301 | val_acc=0.5403 val_loss=2.9549 val_f1_macro=0.4876 val_f1_weighted=0.5387 val_prec_macro=0.4980 val_rec_macro=0.4823 val_metric_name=acc val_metric=0.5403
Step 2150 | loss 0.1311 | val_acc=0.5394 val_loss=2.9943 val_f1_macro=0.4852 val_f1_weighted=0.5387 val_prec_macro=0.4896 val_rec_macro=0.4834 val_metric_name=acc val_metric=0.5394
Step 2200 | loss 0.1158 | val_acc=0.5393 val_loss=3.0149 val_f1_macro=0.4852 val_f1_weighted=0.5382 val_prec_macro=0.4920 val_rec_macro=0.4814 val_metric_name=acc val_metric=0.5393
Step 2250 | loss 0.1184 | val_acc=0.5381 val_loss=3.0261 val_f1_macro=0.4855 val_f1_weighted=0.5371 val_prec_macro=0.4935 val_rec_macro=0.4811 val_metric_name=acc val_metric=0.5381
Step 2300 | loss 0.1161 | val_acc=0.5401 val_loss=3.0693 val_f1_macro=0.4873 val_f1_weighted=0.5392 val_prec_macro=0.4956 val_rec_macro=0.4829 val_metric_name=acc val_metric=0.5401
Step 2350 | loss 0.0996 | val_acc=0.5398 val_loss=3.0824 val_f1_macro=0.4854 val_f1_weighted=0.5383 val_prec_macro=0.4950 val_rec_macro=0.4805 val_metric_name=acc val_metric=0.5398
Step 2400 | loss 0.1050 | val_acc=0.5411 val_loss=3.1033 val_f1_macro=0.4876 val_f1_weighted=0.5399 val_prec_macro=0.4954 val_rec_macro=0.4838 val_metric_name=acc val_metric=0.5411
Step 2450 | loss 0.1076 | val_acc=0.5447 val_loss=3.0985 val_f1_macro=0.4920 val_f1_weighted=0.5436 val_prec_macro=0.5005 val_rec_macro=0.4869 val_metric_name=acc val_metric=0.5447
Step 2500 | loss 0.1034 | val_acc=0.5424 val_loss=3.1480 val_f1_macro=0.4884 val_f1_weighted=0.5412 val_prec_macro=0.4965 val_rec_macro=0.4838 val_metric_name=acc val_metric=0.5424
Step 2550 | loss 0.1006 | val_acc=0.5404 val_loss=3.1689 val_f1_macro=0.4867 val_f1_weighted=0.5394 val_prec_macro=0.4940 val_rec_macro=0.4828 val_metric_name=acc val_metric=0.5404
Step 2600 | loss 0.1019 | val_acc=0.5412 val_loss=3.1820 val_f1_macro=0.4874 val_f1_weighted=0.5404 val_prec_macro=0.4943 val_rec_macro=0.4839 val_metric_name=acc val_metric=0.5412
Step 2650 | loss 0.0880 | val_acc=0.5416 val_loss=3.2277 val_f1_macro=0.4887 val_f1_weighted=0.5405 val_prec_macro=0.4962 val_rec_macro=0.4853 val_metric_name=acc val_metric=0.5416
Step 2700 | loss 0.0896 | val_acc=0.5432 val_loss=3.2465 val_f1_macro=0.4890 val_f1_weighted=0.5417 val_prec_macro=0.4984 val_rec_macro=0.4839 val_metric_name=acc val_metric=0.5432
Step 2750 | loss 0.0838 | val_acc=0.5419 val_loss=3.2761 val_f1_macro=0.4892 val_f1_weighted=0.5409 val_prec_macro=0.4963 val_rec_macro=0.4853 val_metric_name=acc val_metric=0.5419
Step 2800 | loss 0.0836 | val_acc=0.5403 val_loss=3.2970 val_f1_macro=0.4872 val_f1_weighted=0.5396 val_prec_macro=0.4935 val_rec_macro=0.4848 val_metric_name=acc val_metric=0.5403
Step 2850 | loss 0.0871 | val_acc=0.5422 val_loss=3.2911 val_f1_macro=0.4884 val_f1_weighted=0.5407 val_prec_macro=0.4983 val_rec_macro=0.4827 val_metric_name=acc val_metric=0.5422
Step 2900 | loss 0.0813 | val_acc=0.5422 val_loss=3.3172 val_f1_macro=0.4873 val_f1_weighted=0.5407 val_prec_macro=0.4982 val_rec_macro=0.4810 val_metric_name=acc val_metric=0.5422
Step 2950 | loss 0.0825 | val_acc=0.5414 val_loss=3.3344 val_f1_macro=0.4864 val_f1_weighted=0.5404 val_prec_macro=0.4934 val_rec_macro=0.4826 val_metric_name=acc val_metric=0.5414
Step 3000 | loss 0.0759 | val_acc=0.5406 val_loss=3.3428 val_f1_macro=0.4857 val_f1_weighted=0.5394 val_prec_macro=0.4934 val_rec_macro=0.4814 val_metric_name=acc val_metric=0.5406
Step 3050 | loss 0.0813 | val_acc=0.5372 val_loss=3.3534 val_f1_macro=0.4837 val_f1_weighted=0.5363 val_prec_macro=0.4905 val_rec_macro=0.4798 val_metric_name=acc val_metric=0.5372
Step 3100 | loss 0.0690 | val_acc=0.5409 val_loss=3.3954 val_f1_macro=0.4880 val_f1_weighted=0.5398 val_prec_macro=0.4949 val_rec_macro=0.4838 val_metric_name=acc val_metric=0.5409
Step 3150 | loss 0.0763 | val_acc=0.5417 val_loss=3.3721 val_f1_macro=0.4879 val_f1_weighted=0.5406 val_prec_macro=0.4964 val_rec_macro=0.4832 val_metric_name=acc val_metric=0.5417
Early stopping at step 3176

--- Final (best ckpt @ step 2290) ---
  train_acc=0.9984 train_loss=0.0054 train_f1_macro=0.9978 train_f1_weighted=0.9984 train_prec_macro=0.9981 train_rec_macro=0.9976 train_metric_name=acc train_metric=0.9984
  val_acc=0.5448 val_loss=3.0494 val_f1_macro=0.4904 val_f1_weighted=0.5437 val_prec_macro=0.4995 val_rec_macro=0.4851 val_metric_name=acc val_metric=0.5448
  test_acc=0.5399 test_loss=3.0736 test_f1_macro=0.4878 test_f1_weighted=0.5381 test_prec_macro=0.4993 test_rec_macro=0.4803 test_metric_name=acc test_metric=0.5399
  test_acc=0.5399

============================================================
Training amazon-ratings SAGE 5L h=256 lr=0.0001 split=6
============================================================
Training for 5000 steps
Step    1 | loss 1.6720 | val_acc=0.3655 val_loss=1.4623 val_f1_macro=0.1087 val_f1_weighted=0.1990 val_prec_macro=0.1385 val_rec_macro=0.1990 val_metric_name=acc val_metric=0.3655
Step   50 | loss 1.3798 | val_acc=0.3925 val_loss=1.3741 val_f1_macro=0.1854 val_f1_weighted=0.2994 val_prec_macro=0.2266 val_rec_macro=0.2354 val_metric_name=acc val_metric=0.3925
Step  100 | loss 1.3198 | val_acc=0.4238 val_loss=1.3325 val_f1_macro=0.2514 val_f1_weighted=0.3725 val_prec_macro=0.3256 val_rec_macro=0.2790 val_metric_name=acc val_metric=0.4238
Step  150 | loss 1.2639 | val_acc=0.4258 val_loss=1.3408 val_f1_macro=0.2833 val_f1_weighted=0.3857 val_prec_macro=0.3811 val_rec_macro=0.3033 val_metric_name=acc val_metric=0.4258
Step  200 | loss 1.1870 | val_acc=0.4516 val_loss=1.3262 val_f1_macro=0.3304 val_f1_weighted=0.4244 val_prec_macro=0.4096 val_rec_macro=0.3339 val_metric_name=acc val_metric=0.4516
Step  250 | loss 1.0973 | val_acc=0.4759 val_loss=1.3276 val_f1_macro=0.3744 val_f1_weighted=0.4560 val_prec_macro=0.4355 val_rec_macro=0.3682 val_metric_name=acc val_metric=0.4759
Step  300 | loss 1.0052 | val_acc=0.4836 val_loss=1.3531 val_f1_macro=0.4037 val_f1_weighted=0.4704 val_prec_macro=0.4525 val_rec_macro=0.3953 val_metric_name=acc val_metric=0.4836
Step  350 | loss 0.9113 | val_acc=0.4942 val_loss=1.4048 val_f1_macro=0.4212 val_f1_weighted=0.4800 val_prec_macro=0.4825 val_rec_macro=0.4091 val_metric_name=acc val_metric=0.4942
Step  400 | loss 0.8183 | val_acc=0.5091 val_loss=1.4340 val_f1_macro=0.4424 val_f1_weighted=0.5001 val_prec_macro=0.4830 val_rec_macro=0.4277 val_metric_name=acc val_metric=0.5091
Step  450 | loss 0.7364 | val_acc=0.5086 val_loss=1.5302 val_f1_macro=0.4510 val_f1_weighted=0.4992 val_prec_macro=0.4946 val_rec_macro=0.4391 val_metric_name=acc val_metric=0.5086
Step  500 | loss 0.6492 | val_acc=0.5148 val_loss=1.6139 val_f1_macro=0.4594 val_f1_weighted=0.5105 val_prec_macro=0.4780 val_rec_macro=0.4509 val_metric_name=acc val_metric=0.5148
Step  550 | loss 0.5989 | val_acc=0.5247 val_loss=1.6765 val_f1_macro=0.4662 val_f1_weighted=0.5190 val_prec_macro=0.4933 val_rec_macro=0.4552 val_metric_name=acc val_metric=0.5247
Step  600 | loss 0.5243 | val_acc=0.5309 val_loss=1.7943 val_f1_macro=0.4761 val_f1_weighted=0.5271 val_prec_macro=0.4965 val_rec_macro=0.4644 val_metric_name=acc val_metric=0.5309
Step  650 | loss 0.4702 | val_acc=0.5290 val_loss=1.9061 val_f1_macro=0.4762 val_f1_weighted=0.5259 val_prec_macro=0.4929 val_rec_macro=0.4689 val_metric_name=acc val_metric=0.5290
Step  700 | loss 0.4123 | val_acc=0.5301 val_loss=1.9930 val_f1_macro=0.4784 val_f1_weighted=0.5288 val_prec_macro=0.4851 val_rec_macro=0.4754 val_metric_name=acc val_metric=0.5301
Step  750 | loss 0.3747 | val_acc=0.5341 val_loss=2.0970 val_f1_macro=0.4840 val_f1_weighted=0.5324 val_prec_macro=0.4931 val_rec_macro=0.4793 val_metric_name=acc val_metric=0.5341
Step  800 | loss 0.3297 | val_acc=0.5390 val_loss=2.2030 val_f1_macro=0.4901 val_f1_weighted=0.5370 val_prec_macro=0.5023 val_rec_macro=0.4834 val_metric_name=acc val_metric=0.5390
Step  850 | loss 0.3008 | val_acc=0.5422 val_loss=2.2457 val_f1_macro=0.4910 val_f1_weighted=0.5400 val_prec_macro=0.5040 val_rec_macro=0.4833 val_metric_name=acc val_metric=0.5422
Step  900 | loss 0.2724 | val_acc=0.5367 val_loss=2.3464 val_f1_macro=0.4865 val_f1_weighted=0.5355 val_prec_macro=0.4944 val_rec_macro=0.4824 val_metric_name=acc val_metric=0.5367
Step  950 | loss 0.2539 | val_acc=0.5406 val_loss=2.4144 val_f1_macro=0.4917 val_f1_weighted=0.5388 val_prec_macro=0.5042 val_rec_macro=0.4839 val_metric_name=acc val_metric=0.5406
Step 1000 | loss 0.2218 | val_acc=0.5381 val_loss=2.5029 val_f1_macro=0.4855 val_f1_weighted=0.5368 val_prec_macro=0.4946 val_rec_macro=0.4801 val_metric_name=acc val_metric=0.5381
Step 1050 | loss 0.2151 | val_acc=0.5424 val_loss=2.5899 val_f1_macro=0.4885 val_f1_weighted=0.5405 val_prec_macro=0.5004 val_rec_macro=0.4804 val_metric_name=acc val_metric=0.5424
Step 1100 | loss 0.1913 | val_acc=0.5430 val_loss=2.6532 val_f1_macro=0.4890 val_f1_weighted=0.5412 val_prec_macro=0.4994 val_rec_macro=0.4826 val_metric_name=acc val_metric=0.5430
Step 1150 | loss 0.1836 | val_acc=0.5411 val_loss=2.6967 val_f1_macro=0.4901 val_f1_weighted=0.5392 val_prec_macro=0.5018 val_rec_macro=0.4836 val_metric_name=acc val_metric=0.5411
Step 1200 | loss 0.1707 | val_acc=0.5416 val_loss=2.7393 val_f1_macro=0.4872 val_f1_weighted=0.5397 val_prec_macro=0.4989 val_rec_macro=0.4805 val_metric_name=acc val_metric=0.5416
Step 1250 | loss 0.1567 | val_acc=0.5440 val_loss=2.8077 val_f1_macro=0.4930 val_f1_weighted=0.5420 val_prec_macro=0.5070 val_rec_macro=0.4841 val_metric_name=acc val_metric=0.5440
Step 1300 | loss 0.1525 | val_acc=0.5421 val_loss=2.8628 val_f1_macro=0.4872 val_f1_weighted=0.5403 val_prec_macro=0.4975 val_rec_macro=0.4805 val_metric_name=acc val_metric=0.5421
Step 1350 | loss 0.1477 | val_acc=0.5390 val_loss=2.9260 val_f1_macro=0.4883 val_f1_weighted=0.5373 val_prec_macro=0.4986 val_rec_macro=0.4815 val_metric_name=acc val_metric=0.5390
Step 1400 | loss 0.1332 | val_acc=0.5407 val_loss=2.9581 val_f1_macro=0.4888 val_f1_weighted=0.5395 val_prec_macro=0.4956 val_rec_macro=0.4847 val_metric_name=acc val_metric=0.5407
Step 1450 | loss 0.1323 | val_acc=0.5403 val_loss=2.9672 val_f1_macro=0.4874 val_f1_weighted=0.5389 val_prec_macro=0.4965 val_rec_macro=0.4811 val_metric_name=acc val_metric=0.5403
Step 1500 | loss 0.1215 | val_acc=0.5412 val_loss=2.9896 val_f1_macro=0.4897 val_f1_weighted=0.5392 val_prec_macro=0.5032 val_rec_macro=0.4811 val_metric_name=acc val_metric=0.5412
Step 1550 | loss 0.1102 | val_acc=0.5376 val_loss=3.0802 val_f1_macro=0.4851 val_f1_weighted=0.5361 val_prec_macro=0.4955 val_rec_macro=0.4792 val_metric_name=acc val_metric=0.5376
Step 1600 | loss 0.1127 | val_acc=0.5386 val_loss=3.0913 val_f1_macro=0.4890 val_f1_weighted=0.5374 val_prec_macro=0.4990 val_rec_macro=0.4831 val_metric_name=acc val_metric=0.5386
Step 1650 | loss 0.1019 | val_acc=0.5407 val_loss=3.1209 val_f1_macro=0.4880 val_f1_weighted=0.5392 val_prec_macro=0.4967 val_rec_macro=0.4823 val_metric_name=acc val_metric=0.5407
Step 1700 | loss 0.0987 | val_acc=0.5399 val_loss=3.1505 val_f1_macro=0.4870 val_f1_weighted=0.5387 val_prec_macro=0.4952 val_rec_macro=0.4820 val_metric_name=acc val_metric=0.5399
Step 1750 | loss 0.1023 | val_acc=0.5445 val_loss=3.1366 val_f1_macro=0.4931 val_f1_weighted=0.5421 val_prec_macro=0.5082 val_rec_macro=0.4836 val_metric_name=acc val_metric=0.5445
Step 1800 | loss 0.0884 | val_acc=0.5419 val_loss=3.1719 val_f1_macro=0.4889 val_f1_weighted=0.5396 val_prec_macro=0.5010 val_rec_macro=0.4810 val_metric_name=acc val_metric=0.5419
Step 1850 | loss 0.0886 | val_acc=0.5430 val_loss=3.2005 val_f1_macro=0.4914 val_f1_weighted=0.5411 val_prec_macro=0.5051 val_rec_macro=0.4827 val_metric_name=acc val_metric=0.5430
Step 1900 | loss 0.0863 | val_acc=0.5412 val_loss=3.2722 val_f1_macro=0.4888 val_f1_weighted=0.5393 val_prec_macro=0.4995 val_rec_macro=0.4826 val_metric_name=acc val_metric=0.5412
Step 1950 | loss 0.0770 | val_acc=0.5406 val_loss=3.2453 val_f1_macro=0.4856 val_f1_weighted=0.5386 val_prec_macro=0.4975 val_rec_macro=0.4782 val_metric_name=acc val_metric=0.5406
Step 2000 | loss 0.0812 | val_acc=0.5394 val_loss=3.2714 val_f1_macro=0.4888 val_f1_weighted=0.5374 val_prec_macro=0.5019 val_rec_macro=0.4804 val_metric_name=acc val_metric=0.5394
Step 2050 | loss 0.0727 | val_acc=0.5425 val_loss=3.3146 val_f1_macro=0.4877 val_f1_weighted=0.5405 val_prec_macro=0.4988 val_rec_macro=0.4804 val_metric_name=acc val_metric=0.5425
Step 2100 | loss 0.0665 | val_acc=0.5407 val_loss=3.3543 val_f1_macro=0.4894 val_f1_weighted=0.5392 val_prec_macro=0.4991 val_rec_macro=0.4829 val_metric_name=acc val_metric=0.5407
Step 2150 | loss 0.0651 | val_acc=0.5394 val_loss=3.3728 val_f1_macro=0.4896 val_f1_weighted=0.5378 val_prec_macro=0.5004 val_rec_macro=0.4822 val_metric_name=acc val_metric=0.5394
Early stopping at step 2159

--- Final (best ckpt @ step 1220) ---
  train_acc=0.9971 train_loss=0.0113 train_f1_macro=0.9961 train_f1_weighted=0.9971 train_prec_macro=0.9952 train_rec_macro=0.9969 train_metric_name=acc train_metric=0.9971
  val_acc=0.5455 val_loss=2.7610 val_f1_macro=0.4910 val_f1_weighted=0.5437 val_prec_macro=0.4993 val_rec_macro=0.4854 val_metric_name=acc val_metric=0.5455
  test_acc=0.5412 test_loss=2.7861 test_f1_macro=0.4878 test_f1_weighted=0.5384 test_prec_macro=0.5002 test_rec_macro=0.4799 test_metric_name=acc test_metric=0.5412
  test_acc=0.5412

============================================================
Training amazon-ratings SAGE 5L h=256 lr=1e-05 split=6
============================================================
Training for 5000 steps
Step    1 | loss 1.6720 | val_acc=0.2772 val_loss=1.5474 val_f1_macro=0.1340 val_f1_weighted=0.1980 val_prec_macro=0.1897 val_rec_macro=0.1965 val_metric_name=acc val_metric=0.2772
Step   50 | loss 1.4413 | val_acc=0.3670 val_loss=1.4277 val_f1_macro=0.1210 val_f1_weighted=0.2151 val_prec_macro=0.1907 val_rec_macro=0.2018 val_metric_name=acc val_metric=0.3670
Step  100 | loss 1.4302 | val_acc=0.3694 val_loss=1.4104 val_f1_macro=0.1258 val_f1_weighted=0.2217 val_prec_macro=0.1546 val_rec_macro=0.2038 val_metric_name=acc val_metric=0.3694
Step  150 | loss 1.4227 | val_acc=0.3747 val_loss=1.4015 val_f1_macro=0.1416 val_f1_weighted=0.2428 val_prec_macro=0.1577 val_rec_macro=0.2098 val_metric_name=acc val_metric=0.3747
Step  200 | loss 1.4113 | val_acc=0.3843 val_loss=1.3924 val_f1_macro=0.1647 val_f1_weighted=0.2735 val_prec_macro=0.1596 val_rec_macro=0.2213 val_metric_name=acc val_metric=0.3843
Step  250 | loss 1.3962 | val_acc=0.3920 val_loss=1.3812 val_f1_macro=0.1822 val_f1_weighted=0.2957 val_prec_macro=0.2104 val_rec_macro=0.2330 val_metric_name=acc val_metric=0.3920
Step  300 | loss 1.3848 | val_acc=0.4032 val_loss=1.3702 val_f1_macro=0.1953 val_f1_weighted=0.3127 val_prec_macro=0.2133 val_rec_macro=0.2453 val_metric_name=acc val_metric=0.4032
Step  350 | loss 1.3686 | val_acc=0.4049 val_loss=1.3612 val_f1_macro=0.2056 val_f1_weighted=0.3239 val_prec_macro=0.2193 val_rec_macro=0.2516 val_metric_name=acc val_metric=0.4049
Step  400 | loss 1.3548 | val_acc=0.4099 val_loss=1.3545 val_f1_macro=0.2153 val_f1_weighted=0.3352 val_prec_macro=0.2229 val_rec_macro=0.2593 val_metric_name=acc val_metric=0.4099
Step  450 | loss 1.3469 | val_acc=0.4181 val_loss=1.3489 val_f1_macro=0.2313 val_f1_weighted=0.3527 val_prec_macro=0.4390 val_rec_macro=0.2697 val_metric_name=acc val_metric=0.4181
Step  500 | loss 1.3375 | val_acc=0.4196 val_loss=1.3454 val_f1_macro=0.2394 val_f1_weighted=0.3602 val_prec_macro=0.4418 val_rec_macro=0.2744 val_metric_name=acc val_metric=0.4196
Step  550 | loss 1.3322 | val_acc=0.4212 val_loss=1.3419 val_f1_macro=0.2468 val_f1_weighted=0.3672 val_prec_macro=0.3777 val_rec_macro=0.2784 val_metric_name=acc val_metric=0.4212
Step  600 | loss 1.3260 | val_acc=0.4220 val_loss=1.3404 val_f1_macro=0.2496 val_f1_weighted=0.3694 val_prec_macro=0.3375 val_rec_macro=0.2814 val_metric_name=acc val_metric=0.4220
Step  650 | loss 1.3125 | val_acc=0.4207 val_loss=1.3373 val_f1_macro=0.2536 val_f1_weighted=0.3720 val_prec_macro=0.3200 val_rec_macro=0.2837 val_metric_name=acc val_metric=0.4207
Step  700 | loss 1.3065 | val_acc=0.4196 val_loss=1.3360 val_f1_macro=0.2565 val_f1_weighted=0.3735 val_prec_macro=0.3010 val_rec_macro=0.2848 val_metric_name=acc val_metric=0.4196
Step  750 | loss 1.2927 | val_acc=0.4256 val_loss=1.3351 val_f1_macro=0.2675 val_f1_weighted=0.3831 val_prec_macro=0.3209 val_rec_macro=0.2923 val_metric_name=acc val_metric=0.4256
Step  800 | loss 1.2828 | val_acc=0.4284 val_loss=1.3364 val_f1_macro=0.2718 val_f1_weighted=0.3873 val_prec_macro=0.3154 val_rec_macro=0.2964 val_metric_name=acc val_metric=0.4284
Step  850 | loss 1.2714 | val_acc=0.4285 val_loss=1.3403 val_f1_macro=0.2775 val_f1_weighted=0.3892 val_prec_macro=0.3264 val_rec_macro=0.3001 val_metric_name=acc val_metric=0.4285
Step  900 | loss 1.2646 | val_acc=0.4336 val_loss=1.3380 val_f1_macro=0.2868 val_f1_weighted=0.3952 val_prec_macro=0.4054 val_rec_macro=0.3061 val_metric_name=acc val_metric=0.4336
Step  950 | loss 1.2480 | val_acc=0.4331 val_loss=1.3372 val_f1_macro=0.2899 val_f1_weighted=0.3951 val_prec_macro=0.3979 val_rec_macro=0.3079 val_metric_name=acc val_metric=0.4331
Step 1000 | loss 1.2449 | val_acc=0.4382 val_loss=1.3353 val_f1_macro=0.3038 val_f1_weighted=0.4041 val_prec_macro=0.4056 val_rec_macro=0.3166 val_metric_name=acc val_metric=0.4382
Step 1050 | loss 1.2346 | val_acc=0.4424 val_loss=1.3323 val_f1_macro=0.3148 val_f1_weighted=0.4114 val_prec_macro=0.4201 val_rec_macro=0.3238 val_metric_name=acc val_metric=0.4424
Step 1100 | loss 1.2204 | val_acc=0.4478 val_loss=1.3300 val_f1_macro=0.3194 val_f1_weighted=0.4174 val_prec_macro=0.4203 val_rec_macro=0.3274 val_metric_name=acc val_metric=0.4478
Step 1150 | loss 1.2078 | val_acc=0.4477 val_loss=1.3345 val_f1_macro=0.3243 val_f1_weighted=0.4176 val_prec_macro=0.4147 val_rec_macro=0.3310 val_metric_name=acc val_metric=0.4477
Step 1200 | loss 1.1956 | val_acc=0.4519 val_loss=1.3327 val_f1_macro=0.3262 val_f1_weighted=0.4220 val_prec_macro=0.4172 val_rec_macro=0.3319 val_metric_name=acc val_metric=0.4519
Step 1250 | loss 1.1839 | val_acc=0.4517 val_loss=1.3384 val_f1_macro=0.3294 val_f1_weighted=0.4220 val_prec_macro=0.4186 val_rec_macro=0.3352 val_metric_name=acc val_metric=0.4517
Step 1300 | loss 1.1715 | val_acc=0.4575 val_loss=1.3286 val_f1_macro=0.3392 val_f1_weighted=0.4308 val_prec_macro=0.4178 val_rec_macro=0.3413 val_metric_name=acc val_metric=0.4575
Step 1350 | loss 1.1561 | val_acc=0.4614 val_loss=1.3298 val_f1_macro=0.3453 val_f1_weighted=0.4351 val_prec_macro=0.4221 val_rec_macro=0.3461 val_metric_name=acc val_metric=0.4614
Step 1400 | loss 1.1427 | val_acc=0.4604 val_loss=1.3280 val_f1_macro=0.3451 val_f1_weighted=0.4347 val_prec_macro=0.4174 val_rec_macro=0.3454 val_metric_name=acc val_metric=0.4604
Step 1450 | loss 1.1387 | val_acc=0.4633 val_loss=1.3300 val_f1_macro=0.3508 val_f1_weighted=0.4390 val_prec_macro=0.4247 val_rec_macro=0.3495 val_metric_name=acc val_metric=0.4633
Step 1500 | loss 1.1259 | val_acc=0.4668 val_loss=1.3265 val_f1_macro=0.3612 val_f1_weighted=0.4450 val_prec_macro=0.4324 val_rec_macro=0.3571 val_metric_name=acc val_metric=0.4668
Step 1550 | loss 1.1036 | val_acc=0.4722 val_loss=1.3257 val_f1_macro=0.3687 val_f1_weighted=0.4511 val_prec_macro=0.4372 val_rec_macro=0.3627 val_metric_name=acc val_metric=0.4722
Step 1600 | loss 1.0947 | val_acc=0.4736 val_loss=1.3354 val_f1_macro=0.3716 val_f1_weighted=0.4518 val_prec_macro=0.4438 val_rec_macro=0.3660 val_metric_name=acc val_metric=0.4736
Step 1650 | loss 1.0864 | val_acc=0.4761 val_loss=1.3359 val_f1_macro=0.3786 val_f1_weighted=0.4563 val_prec_macro=0.4463 val_rec_macro=0.3715 val_metric_name=acc val_metric=0.4761
Step 1700 | loss 1.0699 | val_acc=0.4785 val_loss=1.3378 val_f1_macro=0.3858 val_f1_weighted=0.4598 val_prec_macro=0.4486 val_rec_macro=0.3779 val_metric_name=acc val_metric=0.4785
Step 1750 | loss 1.0617 | val_acc=0.4784 val_loss=1.3516 val_f1_macro=0.3871 val_f1_weighted=0.4579 val_prec_macro=0.4617 val_rec_macro=0.3796 val_metric_name=acc val_metric=0.4784
Step 1800 | loss 1.0474 | val_acc=0.4820 val_loss=1.3517 val_f1_macro=0.3926 val_f1_weighted=0.4628 val_prec_macro=0.4588 val_rec_macro=0.3839 val_metric_name=acc val_metric=0.4820
Step 1850 | loss 1.0336 | val_acc=0.4875 val_loss=1.3468 val_f1_macro=0.4009 val_f1_weighted=0.4711 val_prec_macro=0.4588 val_rec_macro=0.3899 val_metric_name=acc val_metric=0.4875
Step 1900 | loss 1.0208 | val_acc=0.4844 val_loss=1.3587 val_f1_macro=0.3985 val_f1_weighted=0.4667 val_prec_macro=0.4593 val_rec_macro=0.3895 val_metric_name=acc val_metric=0.4844
Step 1950 | loss 1.0069 | val_acc=0.4880 val_loss=1.3554 val_f1_macro=0.4035 val_f1_weighted=0.4724 val_prec_macro=0.4595 val_rec_macro=0.3926 val_metric_name=acc val_metric=0.4880
Step 2000 | loss 0.9981 | val_acc=0.4877 val_loss=1.3588 val_f1_macro=0.4051 val_f1_weighted=0.4731 val_prec_macro=0.4548 val_rec_macro=0.3949 val_metric_name=acc val_metric=0.4877
Step 2050 | loss 0.9880 | val_acc=0.4885 val_loss=1.3684 val_f1_macro=0.4037 val_f1_weighted=0.4721 val_prec_macro=0.4585 val_rec_macro=0.3946 val_metric_name=acc val_metric=0.4885
Step 2100 | loss 0.9724 | val_acc=0.4886 val_loss=1.3715 val_f1_macro=0.4046 val_f1_weighted=0.4732 val_prec_macro=0.4577 val_rec_macro=0.3949 val_metric_name=acc val_metric=0.4886
Step 2150 | loss 0.9585 | val_acc=0.4908 val_loss=1.3763 val_f1_macro=0.4127 val_f1_weighted=0.4772 val_prec_macro=0.4594 val_rec_macro=0.4026 val_metric_name=acc val_metric=0.4908
Step 2200 | loss 0.9581 | val_acc=0.4921 val_loss=1.3857 val_f1_macro=0.4111 val_f1_weighted=0.4780 val_prec_macro=0.4620 val_rec_macro=0.4014 val_metric_name=acc val_metric=0.4921
Step 2250 | loss 0.9401 | val_acc=0.4931 val_loss=1.3857 val_f1_macro=0.4147 val_f1_weighted=0.4798 val_prec_macro=0.4631 val_rec_macro=0.4041 val_metric_name=acc val_metric=0.4931
Step 2300 | loss 0.9270 | val_acc=0.4916 val_loss=1.3900 val_f1_macro=0.4211 val_f1_weighted=0.4801 val_prec_macro=0.4649 val_rec_macro=0.4096 val_metric_name=acc val_metric=0.4916
Step 2350 | loss 0.9130 | val_acc=0.4944 val_loss=1.3985 val_f1_macro=0.4223 val_f1_weighted=0.4821 val_prec_macro=0.4713 val_rec_macro=0.4100 val_metric_name=acc val_metric=0.4944
Step 2400 | loss 0.9083 | val_acc=0.4945 val_loss=1.4050 val_f1_macro=0.4249 val_f1_weighted=0.4837 val_prec_macro=0.4670 val_rec_macro=0.4127 val_metric_name=acc val_metric=0.4945
Step 2450 | loss 0.9008 | val_acc=0.4973 val_loss=1.4092 val_f1_macro=0.4273 val_f1_weighted=0.4874 val_prec_macro=0.4704 val_rec_macro=0.4140 val_metric_name=acc val_metric=0.4973
Step 2500 | loss 0.8895 | val_acc=0.5009 val_loss=1.4213 val_f1_macro=0.4294 val_f1_weighted=0.4897 val_prec_macro=0.4764 val_rec_macro=0.4168 val_metric_name=acc val_metric=0.5009
Step 2550 | loss 0.8688 | val_acc=0.4988 val_loss=1.4236 val_f1_macro=0.4353 val_f1_weighted=0.4898 val_prec_macro=0.4726 val_rec_macro=0.4230 val_metric_name=acc val_metric=0.4988
Step 2600 | loss 0.8599 | val_acc=0.4994 val_loss=1.4316 val_f1_macro=0.4336 val_f1_weighted=0.4899 val_prec_macro=0.4724 val_rec_macro=0.4211 val_metric_name=acc val_metric=0.4994
Step 2650 | loss 0.8488 | val_acc=0.5040 val_loss=1.4367 val_f1_macro=0.4381 val_f1_weighted=0.4950 val_prec_macro=0.4750 val_rec_macro=0.4261 val_metric_name=acc val_metric=0.5040
Step 2700 | loss 0.8357 | val_acc=0.5025 val_loss=1.4553 val_f1_macro=0.4359 val_f1_weighted=0.4930 val_prec_macro=0.4713 val_rec_macro=0.4260 val_metric_name=acc val_metric=0.5025
Step 2750 | loss 0.8291 | val_acc=0.5040 val_loss=1.4594 val_f1_macro=0.4382 val_f1_weighted=0.4949 val_prec_macro=0.4741 val_rec_macro=0.4273 val_metric_name=acc val_metric=0.5040
Step 2800 | loss 0.8142 | val_acc=0.5078 val_loss=1.4669 val_f1_macro=0.4434 val_f1_weighted=0.4996 val_prec_macro=0.4752 val_rec_macro=0.4328 val_metric_name=acc val_metric=0.5078
Step 2850 | loss 0.8188 | val_acc=0.5081 val_loss=1.4755 val_f1_macro=0.4436 val_f1_weighted=0.4998 val_prec_macro=0.4761 val_rec_macro=0.4329 val_metric_name=acc val_metric=0.5081
Step 2900 | loss 0.7918 | val_acc=0.5092 val_loss=1.4795 val_f1_macro=0.4476 val_f1_weighted=0.5018 val_prec_macro=0.4778 val_rec_macro=0.4373 val_metric_name=acc val_metric=0.5092
Step 2950 | loss 0.7871 | val_acc=0.5099 val_loss=1.4912 val_f1_macro=0.4475 val_f1_weighted=0.5030 val_prec_macro=0.4729 val_rec_macro=0.4384 val_metric_name=acc val_metric=0.5099
Step 3000 | loss 0.7746 | val_acc=0.5102 val_loss=1.4966 val_f1_macro=0.4469 val_f1_weighted=0.5037 val_prec_macro=0.4722 val_rec_macro=0.4378 val_metric_name=acc val_metric=0.5102
Step 3050 | loss 0.7563 | val_acc=0.5109 val_loss=1.5103 val_f1_macro=0.4492 val_f1_weighted=0.5040 val_prec_macro=0.4757 val_rec_macro=0.4398 val_metric_name=acc val_metric=0.5109
Step 3100 | loss 0.7527 | val_acc=0.5109 val_loss=1.5243 val_f1_macro=0.4496 val_f1_weighted=0.5045 val_prec_macro=0.4758 val_rec_macro=0.4397 val_metric_name=acc val_metric=0.5109
Step 3150 | loss 0.7449 | val_acc=0.5140 val_loss=1.5295 val_f1_macro=0.4518 val_f1_weighted=0.5078 val_prec_macro=0.4754 val_rec_macro=0.4425 val_metric_name=acc val_metric=0.5140
Step 3200 | loss 0.7346 | val_acc=0.5153 val_loss=1.5387 val_f1_macro=0.4545 val_f1_weighted=0.5089 val_prec_macro=0.4819 val_rec_macro=0.4440 val_metric_name=acc val_metric=0.5153
Step 3250 | loss 0.7221 | val_acc=0.5143 val_loss=1.5473 val_f1_macro=0.4547 val_f1_weighted=0.5084 val_prec_macro=0.4798 val_rec_macro=0.4456 val_metric_name=acc val_metric=0.5143
Step 3300 | loss 0.7185 | val_acc=0.5158 val_loss=1.5574 val_f1_macro=0.4566 val_f1_weighted=0.5109 val_prec_macro=0.4760 val_rec_macro=0.4489 val_metric_name=acc val_metric=0.5158
Step 3350 | loss 0.7016 | val_acc=0.5194 val_loss=1.5692 val_f1_macro=0.4590 val_f1_weighted=0.5140 val_prec_macro=0.4815 val_rec_macro=0.4497 val_metric_name=acc val_metric=0.5194
Step 3400 | loss 0.6964 | val_acc=0.5226 val_loss=1.5758 val_f1_macro=0.4613 val_f1_weighted=0.5175 val_prec_macro=0.4841 val_rec_macro=0.4513 val_metric_name=acc val_metric=0.5226
Step 3450 | loss 0.6925 | val_acc=0.5205 val_loss=1.5889 val_f1_macro=0.4599 val_f1_weighted=0.5151 val_prec_macro=0.4826 val_rec_macro=0.4504 val_metric_name=acc val_metric=0.5205
Step 3500 | loss 0.6736 | val_acc=0.5192 val_loss=1.6031 val_f1_macro=0.4589 val_f1_weighted=0.5145 val_prec_macro=0.4795 val_rec_macro=0.4502 val_metric_name=acc val_metric=0.5192
Step 3550 | loss 0.6676 | val_acc=0.5189 val_loss=1.6118 val_f1_macro=0.4590 val_f1_weighted=0.5144 val_prec_macro=0.4783 val_rec_macro=0.4509 val_metric_name=acc val_metric=0.5189
Step 3600 | loss 0.6568 | val_acc=0.5189 val_loss=1.6284 val_f1_macro=0.4579 val_f1_weighted=0.5147 val_prec_macro=0.4747 val_rec_macro=0.4510 val_metric_name=acc val_metric=0.5189
Step 3650 | loss 0.6431 | val_acc=0.5176 val_loss=1.6389 val_f1_macro=0.4582 val_f1_weighted=0.5138 val_prec_macro=0.4748 val_rec_macro=0.4513 val_metric_name=acc val_metric=0.5176
Step 3700 | loss 0.6351 | val_acc=0.5200 val_loss=1.6457 val_f1_macro=0.4612 val_f1_weighted=0.5157 val_prec_macro=0.4805 val_rec_macro=0.4529 val_metric_name=acc val_metric=0.5200
Early stopping at step 3700

--- Final (best ckpt @ step 3400) ---
  train_acc=0.8297 train_loss=0.4483 train_f1_macro=0.8275 train_f1_weighted=0.8299 train_prec_macro=0.8595 train_rec_macro=0.8072 train_metric_name=acc train_metric=0.8297
  val_acc=0.5226 val_loss=1.5758 val_f1_macro=0.4613 val_f1_weighted=0.5175 val_prec_macro=0.4841 val_rec_macro=0.4513 val_metric_name=acc val_metric=0.5226
  test_acc=0.5167 test_loss=1.6098 test_f1_macro=0.4587 test_f1_weighted=0.5106 test_prec_macro=0.4860 test_rec_macro=0.4476 test_metric_name=acc test_metric=0.5167
  test_acc=0.5167

============================================================
Training amazon-ratings SAGE 5L h=384 lr=3e-05 split=6
============================================================
Training for 5000 steps
Step    1 | loss 1.6820 | val_acc=0.3343 val_loss=1.4810 val_f1_macro=0.1431 val_f1_weighted=0.2406 val_prec_macro=0.1558 val_rec_macro=0.1929 val_metric_name=acc val_metric=0.3343
Step   50 | loss 1.4115 | val_acc=0.3802 val_loss=1.3929 val_f1_macro=0.1622 val_f1_weighted=0.2697 val_prec_macro=0.1570 val_rec_macro=0.2187 val_metric_name=acc val_metric=0.3802
Step  100 | loss 1.3685 | val_acc=0.4063 val_loss=1.3642 val_f1_macro=0.2024 val_f1_weighted=0.3204 val_prec_macro=0.2296 val_rec_macro=0.2518 val_metric_name=acc val_metric=0.4063
Step  150 | loss 1.3343 | val_acc=0.4086 val_loss=1.3708 val_f1_macro=0.2186 val_f1_weighted=0.3349 val_prec_macro=0.3340 val_rec_macro=0.2674 val_metric_name=acc val_metric=0.4086
Step  200 | loss 1.3051 | val_acc=0.4140 val_loss=1.3748 val_f1_macro=0.2401 val_f1_weighted=0.3542 val_prec_macro=0.3060 val_rec_macro=0.2792 val_metric_name=acc val_metric=0.4140
Step  250 | loss 1.2738 | val_acc=0.4174 val_loss=1.3715 val_f1_macro=0.2625 val_f1_weighted=0.3699 val_prec_macro=0.3144 val_rec_macro=0.2905 val_metric_name=acc val_metric=0.4174
Step  300 | loss 1.2397 | val_acc=0.4184 val_loss=1.3895 val_f1_macro=0.2745 val_f1_weighted=0.3709 val_prec_macro=0.4684 val_rec_macro=0.2989 val_metric_name=acc val_metric=0.4184
Step  350 | loss 1.1925 | val_acc=0.4318 val_loss=1.3854 val_f1_macro=0.2971 val_f1_weighted=0.3883 val_prec_macro=0.4279 val_rec_macro=0.3143 val_metric_name=acc val_metric=0.4318
Step  400 | loss 1.1627 | val_acc=0.4550 val_loss=1.3555 val_f1_macro=0.3482 val_f1_weighted=0.4244 val_prec_macro=0.4465 val_rec_macro=0.3471 val_metric_name=acc val_metric=0.4550
Step  450 | loss 1.1099 | val_acc=0.4625 val_loss=1.3839 val_f1_macro=0.3548 val_f1_weighted=0.4308 val_prec_macro=0.4616 val_rec_macro=0.3533 val_metric_name=acc val_metric=0.4625
Step  500 | loss 1.0671 | val_acc=0.4713 val_loss=1.3667 val_f1_macro=0.3787 val_f1_weighted=0.4477 val_prec_macro=0.4679 val_rec_macro=0.3700 val_metric_name=acc val_metric=0.4713
Step  550 | loss 1.0190 | val_acc=0.4855 val_loss=1.3736 val_f1_macro=0.4004 val_f1_weighted=0.4672 val_prec_macro=0.4698 val_rec_macro=0.3870 val_metric_name=acc val_metric=0.4855
Step  600 | loss 0.9824 | val_acc=0.4865 val_loss=1.4112 val_f1_macro=0.4062 val_f1_weighted=0.4680 val_prec_macro=0.4847 val_rec_macro=0.3923 val_metric_name=acc val_metric=0.4865
Step  650 | loss 0.9344 | val_acc=0.4984 val_loss=1.4342 val_f1_macro=0.4176 val_f1_weighted=0.4830 val_prec_macro=0.4771 val_rec_macro=0.4037 val_metric_name=acc val_metric=0.4984
Step  700 | loss 0.8815 | val_acc=0.4991 val_loss=1.4495 val_f1_macro=0.4283 val_f1_weighted=0.4877 val_prec_macro=0.4597 val_rec_macro=0.4209 val_metric_name=acc val_metric=0.4991
Step  750 | loss 0.8346 | val_acc=0.5086 val_loss=1.4923 val_f1_macro=0.4410 val_f1_weighted=0.4972 val_prec_macro=0.4863 val_rec_macro=0.4287 val_metric_name=acc val_metric=0.5086
Step  800 | loss 0.7747 | val_acc=0.5069 val_loss=1.5307 val_f1_macro=0.4416 val_f1_weighted=0.4984 val_prec_macro=0.4718 val_rec_macro=0.4323 val_metric_name=acc val_metric=0.5069
Step  850 | loss 0.7359 | val_acc=0.5133 val_loss=1.5789 val_f1_macro=0.4501 val_f1_weighted=0.5063 val_prec_macro=0.4784 val_rec_macro=0.4385 val_metric_name=acc val_metric=0.5133
Step  900 | loss 0.6865 | val_acc=0.5114 val_loss=1.6317 val_f1_macro=0.4523 val_f1_weighted=0.5054 val_prec_macro=0.4736 val_rec_macro=0.4435 val_metric_name=acc val_metric=0.5114
Step  950 | loss 0.6390 | val_acc=0.5159 val_loss=1.6783 val_f1_macro=0.4584 val_f1_weighted=0.5114 val_prec_macro=0.4767 val_rec_macro=0.4496 val_metric_name=acc val_metric=0.5159
Step 1000 | loss 0.5949 | val_acc=0.5189 val_loss=1.7522 val_f1_macro=0.4634 val_f1_weighted=0.5149 val_prec_macro=0.4777 val_rec_macro=0.4572 val_metric_name=acc val_metric=0.5189
Step 1050 | loss 0.5456 | val_acc=0.5229 val_loss=1.8066 val_f1_macro=0.4682 val_f1_weighted=0.5196 val_prec_macro=0.4817 val_rec_macro=0.4627 val_metric_name=acc val_metric=0.5229
Step 1100 | loss 0.5045 | val_acc=0.5233 val_loss=1.8822 val_f1_macro=0.4686 val_f1_weighted=0.5208 val_prec_macro=0.4780 val_rec_macro=0.4646 val_metric_name=acc val_metric=0.5233
Step 1150 | loss 0.4682 | val_acc=0.5262 val_loss=1.9602 val_f1_macro=0.4738 val_f1_weighted=0.5245 val_prec_macro=0.4806 val_rec_macro=0.4716 val_metric_name=acc val_metric=0.5262
Step 1200 | loss 0.4382 | val_acc=0.5252 val_loss=2.0281 val_f1_macro=0.4734 val_f1_weighted=0.5228 val_prec_macro=0.4839 val_rec_macro=0.4703 val_metric_name=acc val_metric=0.5252
Step 1250 | loss 0.4036 | val_acc=0.5301 val_loss=2.0984 val_f1_macro=0.4779 val_f1_weighted=0.5277 val_prec_macro=0.4880 val_rec_macro=0.4741 val_metric_name=acc val_metric=0.5301
Step 1300 | loss 0.3761 | val_acc=0.5306 val_loss=2.1520 val_f1_macro=0.4759 val_f1_weighted=0.5290 val_prec_macro=0.4835 val_rec_macro=0.4733 val_metric_name=acc val_metric=0.5306
Step 1350 | loss 0.3473 | val_acc=0.5358 val_loss=2.2364 val_f1_macro=0.4812 val_f1_weighted=0.5339 val_prec_macro=0.4892 val_rec_macro=0.4780 val_metric_name=acc val_metric=0.5358
Step 1400 | loss 0.3277 | val_acc=0.5352 val_loss=2.3073 val_f1_macro=0.4793 val_f1_weighted=0.5332 val_prec_macro=0.4871 val_rec_macro=0.4765 val_metric_name=acc val_metric=0.5352
Step 1450 | loss 0.3145 | val_acc=0.5319 val_loss=2.3336 val_f1_macro=0.4773 val_f1_weighted=0.5310 val_prec_macro=0.4824 val_rec_macro=0.4749 val_metric_name=acc val_metric=0.5319
Step 1500 | loss 0.2750 | val_acc=0.5381 val_loss=2.4126 val_f1_macro=0.4804 val_f1_weighted=0.5365 val_prec_macro=0.4880 val_rec_macro=0.4764 val_metric_name=acc val_metric=0.5381
Step 1550 | loss 0.2607 | val_acc=0.5363 val_loss=2.5052 val_f1_macro=0.4791 val_f1_weighted=0.5346 val_prec_macro=0.4868 val_rec_macro=0.4760 val_metric_name=acc val_metric=0.5363
Step 1600 | loss 0.2423 | val_acc=0.5388 val_loss=2.5410 val_f1_macro=0.4810 val_f1_weighted=0.5380 val_prec_macro=0.4852 val_rec_macro=0.4798 val_metric_name=acc val_metric=0.5388
Step 1650 | loss 0.2235 | val_acc=0.5381 val_loss=2.5941 val_f1_macro=0.4809 val_f1_weighted=0.5362 val_prec_macro=0.4905 val_rec_macro=0.4760 val_metric_name=acc val_metric=0.5381
Step 1700 | loss 0.2135 | val_acc=0.5432 val_loss=2.6617 val_f1_macro=0.4852 val_f1_weighted=0.5416 val_prec_macro=0.4934 val_rec_macro=0.4809 val_metric_name=acc val_metric=0.5432
Step 1750 | loss 0.1951 | val_acc=0.5398 val_loss=2.7157 val_f1_macro=0.4812 val_f1_weighted=0.5386 val_prec_macro=0.4868 val_rec_macro=0.4780 val_metric_name=acc val_metric=0.5398
Step 1800 | loss 0.1901 | val_acc=0.5416 val_loss=2.7700 val_f1_macro=0.4829 val_f1_weighted=0.5396 val_prec_macro=0.4918 val_rec_macro=0.4777 val_metric_name=acc val_metric=0.5416
Step 1850 | loss 0.1690 | val_acc=0.5412 val_loss=2.8138 val_f1_macro=0.4830 val_f1_weighted=0.5400 val_prec_macro=0.4893 val_rec_macro=0.4790 val_metric_name=acc val_metric=0.5412
Step 1900 | loss 0.1617 | val_acc=0.5434 val_loss=2.8439 val_f1_macro=0.4844 val_f1_weighted=0.5416 val_prec_macro=0.4931 val_rec_macro=0.4795 val_metric_name=acc val_metric=0.5434
Step 1950 | loss 0.1659 | val_acc=0.5412 val_loss=2.8812 val_f1_macro=0.4835 val_f1_weighted=0.5395 val_prec_macro=0.4927 val_rec_macro=0.4771 val_metric_name=acc val_metric=0.5412
Step 2000 | loss 0.1471 | val_acc=0.5437 val_loss=2.9311 val_f1_macro=0.4824 val_f1_weighted=0.5424 val_prec_macro=0.4877 val_rec_macro=0.4792 val_metric_name=acc val_metric=0.5437
Step 2050 | loss 0.1394 | val_acc=0.5437 val_loss=2.9635 val_f1_macro=0.4846 val_f1_weighted=0.5424 val_prec_macro=0.4915 val_rec_macro=0.4808 val_metric_name=acc val_metric=0.5437
Step 2100 | loss 0.1369 | val_acc=0.5450 val_loss=2.9953 val_f1_macro=0.4849 val_f1_weighted=0.5434 val_prec_macro=0.4928 val_rec_macro=0.4803 val_metric_name=acc val_metric=0.5450
Step 2150 | loss 0.1259 | val_acc=0.5404 val_loss=3.0642 val_f1_macro=0.4809 val_f1_weighted=0.5393 val_prec_macro=0.4848 val_rec_macro=0.4791 val_metric_name=acc val_metric=0.5404
Step 2200 | loss 0.1215 | val_acc=0.5453 val_loss=3.0658 val_f1_macro=0.4859 val_f1_weighted=0.5437 val_prec_macro=0.4936 val_rec_macro=0.4808 val_metric_name=acc val_metric=0.5453
Step 2250 | loss 0.1245 | val_acc=0.5407 val_loss=3.1153 val_f1_macro=0.4813 val_f1_weighted=0.5394 val_prec_macro=0.4871 val_rec_macro=0.4786 val_metric_name=acc val_metric=0.5407
Step 2300 | loss 0.1141 | val_acc=0.5447 val_loss=3.1349 val_f1_macro=0.4852 val_f1_weighted=0.5433 val_prec_macro=0.4916 val_rec_macro=0.4812 val_metric_name=acc val_metric=0.5447
Step 2350 | loss 0.1003 | val_acc=0.5456 val_loss=3.1577 val_f1_macro=0.4843 val_f1_weighted=0.5439 val_prec_macro=0.4915 val_rec_macro=0.4801 val_metric_name=acc val_metric=0.5456
Step 2400 | loss 0.0894 | val_acc=0.5447 val_loss=3.1853 val_f1_macro=0.4840 val_f1_weighted=0.5430 val_prec_macro=0.4912 val_rec_macro=0.4800 val_metric_name=acc val_metric=0.5447
Step 2450 | loss 0.0992 | val_acc=0.5439 val_loss=3.2167 val_f1_macro=0.4823 val_f1_weighted=0.5425 val_prec_macro=0.4874 val_rec_macro=0.4794 val_metric_name=acc val_metric=0.5439
Step 2500 | loss 0.1006 | val_acc=0.5439 val_loss=3.2337 val_f1_macro=0.4829 val_f1_weighted=0.5422 val_prec_macro=0.4894 val_rec_macro=0.4790 val_metric_name=acc val_metric=0.5439
Step 2550 | loss 0.0896 | val_acc=0.5435 val_loss=3.3022 val_f1_macro=0.4837 val_f1_weighted=0.5421 val_prec_macro=0.4905 val_rec_macro=0.4800 val_metric_name=acc val_metric=0.5435
Step 2600 | loss 0.0875 | val_acc=0.5450 val_loss=3.3059 val_f1_macro=0.4842 val_f1_weighted=0.5436 val_prec_macro=0.4898 val_rec_macro=0.4808 val_metric_name=acc val_metric=0.5450
Step 2650 | loss 0.0876 | val_acc=0.5458 val_loss=3.3014 val_f1_macro=0.4854 val_f1_weighted=0.5439 val_prec_macro=0.4947 val_rec_macro=0.4790 val_metric_name=acc val_metric=0.5458
Step 2700 | loss 0.0772 | val_acc=0.5409 val_loss=3.3615 val_f1_macro=0.4797 val_f1_weighted=0.5398 val_prec_macro=0.4846 val_rec_macro=0.4770 val_metric_name=acc val_metric=0.5409
Step 2750 | loss 0.0768 | val_acc=0.5427 val_loss=3.3626 val_f1_macro=0.4828 val_f1_weighted=0.5415 val_prec_macro=0.4880 val_rec_macro=0.4792 val_metric_name=acc val_metric=0.5427
Step 2800 | loss 0.0743 | val_acc=0.5455 val_loss=3.3924 val_f1_macro=0.4865 val_f1_weighted=0.5439 val_prec_macro=0.4944 val_rec_macro=0.4817 val_metric_name=acc val_metric=0.5455
Step 2850 | loss 0.0722 | val_acc=0.5471 val_loss=3.4116 val_f1_macro=0.4862 val_f1_weighted=0.5450 val_prec_macro=0.4956 val_rec_macro=0.4801 val_metric_name=acc val_metric=0.5471
Step 2900 | loss 0.0711 | val_acc=0.5450 val_loss=3.4488 val_f1_macro=0.4859 val_f1_weighted=0.5438 val_prec_macro=0.4908 val_rec_macro=0.4826 val_metric_name=acc val_metric=0.5450
Step 2950 | loss 0.0665 | val_acc=0.5429 val_loss=3.4831 val_f1_macro=0.4839 val_f1_weighted=0.5414 val_prec_macro=0.4905 val_rec_macro=0.4802 val_metric_name=acc val_metric=0.5429
Step 3000 | loss 0.0641 | val_acc=0.5435 val_loss=3.4735 val_f1_macro=0.4826 val_f1_weighted=0.5424 val_prec_macro=0.4869 val_rec_macro=0.4799 val_metric_name=acc val_metric=0.5435
Step 3050 | loss 0.0601 | val_acc=0.5453 val_loss=3.4969 val_f1_macro=0.4850 val_f1_weighted=0.5436 val_prec_macro=0.4922 val_rec_macro=0.4801 val_metric_name=acc val_metric=0.5453
Step 3100 | loss 0.0596 | val_acc=0.5437 val_loss=3.5421 val_f1_macro=0.4834 val_f1_weighted=0.5425 val_prec_macro=0.4880 val_rec_macro=0.4812 val_metric_name=acc val_metric=0.5437
Step 3150 | loss 0.0550 | val_acc=0.5439 val_loss=3.5477 val_f1_macro=0.4838 val_f1_weighted=0.5424 val_prec_macro=0.4903 val_rec_macro=0.4799 val_metric_name=acc val_metric=0.5439
Step 3200 | loss 0.0636 | val_acc=0.5427 val_loss=3.5604 val_f1_macro=0.4832 val_f1_weighted=0.5411 val_prec_macro=0.4898 val_rec_macro=0.4789 val_metric_name=acc val_metric=0.5427
Step 3250 | loss 0.0585 | val_acc=0.5439 val_loss=3.5780 val_f1_macro=0.4826 val_f1_weighted=0.5424 val_prec_macro=0.4885 val_rec_macro=0.4789 val_metric_name=acc val_metric=0.5439
Step 3300 | loss 0.0547 | val_acc=0.5442 val_loss=3.5949 val_f1_macro=0.4837 val_f1_weighted=0.5430 val_prec_macro=0.4884 val_rec_macro=0.4803 val_metric_name=acc val_metric=0.5442
Step 3350 | loss 0.0480 | val_acc=0.5429 val_loss=3.6028 val_f1_macro=0.4826 val_f1_weighted=0.5416 val_prec_macro=0.4882 val_rec_macro=0.4788 val_metric_name=acc val_metric=0.5429
Step 3400 | loss 0.0492 | val_acc=0.5448 val_loss=3.6471 val_f1_macro=0.4853 val_f1_weighted=0.5436 val_prec_macro=0.4909 val_rec_macro=0.4818 val_metric_name=acc val_metric=0.5448
Step 3450 | loss 0.0473 | val_acc=0.5434 val_loss=3.6500 val_f1_macro=0.4830 val_f1_weighted=0.5420 val_prec_macro=0.4893 val_rec_macro=0.4789 val_metric_name=acc val_metric=0.5434
Step 3500 | loss 0.0466 | val_acc=0.5429 val_loss=3.6736 val_f1_macro=0.4826 val_f1_weighted=0.5418 val_prec_macro=0.4868 val_rec_macro=0.4798 val_metric_name=acc val_metric=0.5429
Step 3550 | loss 0.0474 | val_acc=0.5453 val_loss=3.6843 val_f1_macro=0.4874 val_f1_weighted=0.5440 val_prec_macro=0.4935 val_rec_macro=0.4830 val_metric_name=acc val_metric=0.5453
Step 3600 | loss 0.0439 | val_acc=0.5452 val_loss=3.7309 val_f1_macro=0.4845 val_f1_weighted=0.5434 val_prec_macro=0.4918 val_rec_macro=0.4799 val_metric_name=acc val_metric=0.5452
Step 3650 | loss 0.0455 | val_acc=0.5414 val_loss=3.7256 val_f1_macro=0.4840 val_f1_weighted=0.5400 val_prec_macro=0.4908 val_rec_macro=0.4794 val_metric_name=acc val_metric=0.5414
Step 3700 | loss 0.0438 | val_acc=0.5425 val_loss=3.7325 val_f1_macro=0.4827 val_f1_weighted=0.5410 val_prec_macro=0.4901 val_rec_macro=0.4778 val_metric_name=acc val_metric=0.5425
Step 3750 | loss 0.0438 | val_acc=0.5422 val_loss=3.7446 val_f1_macro=0.4820 val_f1_weighted=0.5410 val_prec_macro=0.4873 val_rec_macro=0.4783 val_metric_name=acc val_metric=0.5422
Early stopping at step 3775

--- Final (best ckpt @ step 2410) ---
  train_acc=0.9985 train_loss=0.0055 train_f1_macro=0.9978 train_f1_weighted=0.9985 train_prec_macro=0.9974 train_rec_macro=0.9983 train_metric_name=acc train_metric=0.9985
  val_acc=0.5471 val_loss=3.2064 val_f1_macro=0.4862 val_f1_weighted=0.5455 val_prec_macro=0.4932 val_rec_macro=0.4823 val_metric_name=acc val_metric=0.5471
  test_acc=0.5375 test_loss=3.3038 test_f1_macro=0.4822 test_f1_weighted=0.5357 test_prec_macro=0.4863 test_rec_macro=0.4798 test_metric_name=acc test_metric=0.5375
  test_acc=0.5375

============================================================
Training amazon-ratings SAGE 5L h=384 lr=6e-05 split=6
============================================================
Training for 5000 steps
Step    1 | loss 1.6820 | val_acc=0.3652 val_loss=1.5155 val_f1_macro=0.1106 val_f1_weighted=0.2014 val_prec_macro=0.1820 val_rec_macro=0.1991 val_metric_name=acc val_metric=0.3652
Step   50 | loss 1.3863 | val_acc=0.3983 val_loss=1.3761 val_f1_macro=0.1927 val_f1_weighted=0.3085 val_prec_macro=0.2446 val_rec_macro=0.2434 val_metric_name=acc val_metric=0.3983
Step  100 | loss 1.3298 | val_acc=0.4142 val_loss=1.3527 val_f1_macro=0.2270 val_f1_weighted=0.3460 val_prec_macro=0.3031 val_rec_macro=0.2694 val_metric_name=acc val_metric=0.4142
Step  150 | loss 1.2816 | val_acc=0.4210 val_loss=1.3569 val_f1_macro=0.2654 val_f1_weighted=0.3733 val_prec_macro=0.3234 val_rec_macro=0.2915 val_metric_name=acc val_metric=0.4210
Step  200 | loss 1.2221 | val_acc=0.4334 val_loss=1.3483 val_f1_macro=0.3021 val_f1_weighted=0.4002 val_prec_macro=0.3970 val_rec_macro=0.3153 val_metric_name=acc val_metric=0.4334
Step  250 | loss 1.1609 | val_acc=0.4586 val_loss=1.3469 val_f1_macro=0.3501 val_f1_weighted=0.4308 val_prec_macro=0.4453 val_rec_macro=0.3471 val_metric_name=acc val_metric=0.4586
Step  300 | loss 1.0973 | val_acc=0.4486 val_loss=1.4218 val_f1_macro=0.3574 val_f1_weighted=0.4162 val_prec_macro=0.4778 val_rec_macro=0.3578 val_metric_name=acc val_metric=0.4486
Step  350 | loss 1.0158 | val_acc=0.4713 val_loss=1.4181 val_f1_macro=0.3840 val_f1_weighted=0.4492 val_prec_macro=0.4729 val_rec_macro=0.3750 val_metric_name=acc val_metric=0.4713
Step  400 | loss 0.9485 | val_acc=0.4968 val_loss=1.4254 val_f1_macro=0.4225 val_f1_weighted=0.4844 val_prec_macro=0.4673 val_rec_macro=0.4096 val_metric_name=acc val_metric=0.4968
Step  450 | loss 0.8481 | val_acc=0.5055 val_loss=1.4785 val_f1_macro=0.4392 val_f1_weighted=0.4960 val_prec_macro=0.4801 val_rec_macro=0.4264 val_metric_name=acc val_metric=0.5055
Step  500 | loss 0.7600 | val_acc=0.5110 val_loss=1.5638 val_f1_macro=0.4466 val_f1_weighted=0.5020 val_prec_macro=0.4758 val_rec_macro=0.4383 val_metric_name=acc val_metric=0.5110
Step  550 | loss 0.6725 | val_acc=0.5086 val_loss=1.6554 val_f1_macro=0.4517 val_f1_weighted=0.5032 val_prec_macro=0.4733 val_rec_macro=0.4422 val_metric_name=acc val_metric=0.5086
Step  600 | loss 0.5931 | val_acc=0.5184 val_loss=1.7629 val_f1_macro=0.4609 val_f1_weighted=0.5135 val_prec_macro=0.4791 val_rec_macro=0.4521 val_metric_name=acc val_metric=0.5184
Step  650 | loss 0.5252 | val_acc=0.5195 val_loss=1.8724 val_f1_macro=0.4638 val_f1_weighted=0.5168 val_prec_macro=0.4748 val_rec_macro=0.4590 val_metric_name=acc val_metric=0.5195
Step  700 | loss 0.4586 | val_acc=0.5252 val_loss=1.9745 val_f1_macro=0.4702 val_f1_weighted=0.5235 val_prec_macro=0.4766 val_rec_macro=0.4683 val_metric_name=acc val_metric=0.5252
Step  750 | loss 0.4073 | val_acc=0.5301 val_loss=2.0839 val_f1_macro=0.4735 val_f1_weighted=0.5277 val_prec_macro=0.4841 val_rec_macro=0.4683 val_metric_name=acc val_metric=0.5301
Step  800 | loss 0.3358 | val_acc=0.5326 val_loss=2.2295 val_f1_macro=0.4749 val_f1_weighted=0.5298 val_prec_macro=0.4886 val_rec_macro=0.4677 val_metric_name=acc val_metric=0.5326
Step  850 | loss 0.2972 | val_acc=0.5324 val_loss=2.3600 val_f1_macro=0.4714 val_f1_weighted=0.5305 val_prec_macro=0.4789 val_rec_macro=0.4682 val_metric_name=acc val_metric=0.5324
Step  900 | loss 0.2613 | val_acc=0.5393 val_loss=2.4698 val_f1_macro=0.4783 val_f1_weighted=0.5370 val_prec_macro=0.4875 val_rec_macro=0.4739 val_metric_name=acc val_metric=0.5393
Step  950 | loss 0.2322 | val_acc=0.5381 val_loss=2.5838 val_f1_macro=0.4808 val_f1_weighted=0.5363 val_prec_macro=0.4903 val_rec_macro=0.4767 val_metric_name=acc val_metric=0.5381
Step 1000 | loss 0.2047 | val_acc=0.5368 val_loss=2.7047 val_f1_macro=0.4766 val_f1_weighted=0.5351 val_prec_macro=0.4838 val_rec_macro=0.4736 val_metric_name=acc val_metric=0.5368
Step 1050 | loss 0.1900 | val_acc=0.5376 val_loss=2.7637 val_f1_macro=0.4787 val_f1_weighted=0.5365 val_prec_macro=0.4834 val_rec_macro=0.4763 val_metric_name=acc val_metric=0.5376
Step 1100 | loss 0.1635 | val_acc=0.5419 val_loss=2.8574 val_f1_macro=0.4798 val_f1_weighted=0.5411 val_prec_macro=0.4830 val_rec_macro=0.4777 val_metric_name=acc val_metric=0.5419
Step 1150 | loss 0.1416 | val_acc=0.5394 val_loss=2.9319 val_f1_macro=0.4797 val_f1_weighted=0.5383 val_prec_macro=0.4873 val_rec_macro=0.4751 val_metric_name=acc val_metric=0.5394
Step 1200 | loss 0.1382 | val_acc=0.5355 val_loss=3.0055 val_f1_macro=0.4772 val_f1_weighted=0.5347 val_prec_macro=0.4812 val_rec_macro=0.4759 val_metric_name=acc val_metric=0.5355
Step 1250 | loss 0.1197 | val_acc=0.5417 val_loss=3.0615 val_f1_macro=0.4813 val_f1_weighted=0.5404 val_prec_macro=0.4875 val_rec_macro=0.4781 val_metric_name=acc val_metric=0.5417
Step 1300 | loss 0.1142 | val_acc=0.5417 val_loss=3.1028 val_f1_macro=0.4787 val_f1_weighted=0.5403 val_prec_macro=0.4840 val_rec_macro=0.4755 val_metric_name=acc val_metric=0.5417
Step 1350 | loss 0.1045 | val_acc=0.5458 val_loss=3.1419 val_f1_macro=0.4858 val_f1_weighted=0.5446 val_prec_macro=0.4912 val_rec_macro=0.4827 val_metric_name=acc val_metric=0.5458
Step 1400 | loss 0.1019 | val_acc=0.5439 val_loss=3.2085 val_f1_macro=0.4848 val_f1_weighted=0.5426 val_prec_macro=0.4904 val_rec_macro=0.4818 val_metric_name=acc val_metric=0.5439
Step 1450 | loss 0.0925 | val_acc=0.5388 val_loss=3.2311 val_f1_macro=0.4788 val_f1_weighted=0.5381 val_prec_macro=0.4829 val_rec_macro=0.4763 val_metric_name=acc val_metric=0.5388
Step 1500 | loss 0.0859 | val_acc=0.5411 val_loss=3.3097 val_f1_macro=0.4814 val_f1_weighted=0.5400 val_prec_macro=0.4853 val_rec_macro=0.4803 val_metric_name=acc val_metric=0.5411
Step 1550 | loss 0.0813 | val_acc=0.5409 val_loss=3.3275 val_f1_macro=0.4829 val_f1_weighted=0.5394 val_prec_macro=0.4899 val_rec_macro=0.4788 val_metric_name=acc val_metric=0.5409
Step 1600 | loss 0.0749 | val_acc=0.5424 val_loss=3.3737 val_f1_macro=0.4834 val_f1_weighted=0.5417 val_prec_macro=0.4864 val_rec_macro=0.4821 val_metric_name=acc val_metric=0.5424
Step 1650 | loss 0.0700 | val_acc=0.5388 val_loss=3.4392 val_f1_macro=0.4811 val_f1_weighted=0.5376 val_prec_macro=0.4867 val_rec_macro=0.4779 val_metric_name=acc val_metric=0.5388
Step 1700 | loss 0.0704 | val_acc=0.5425 val_loss=3.4688 val_f1_macro=0.4817 val_f1_weighted=0.5421 val_prec_macro=0.4839 val_rec_macro=0.4813 val_metric_name=acc val_metric=0.5425
Step 1750 | loss 0.0624 | val_acc=0.5452 val_loss=3.4908 val_f1_macro=0.4844 val_f1_weighted=0.5443 val_prec_macro=0.4872 val_rec_macro=0.4832 val_metric_name=acc val_metric=0.5452
Step 1800 | loss 0.0583 | val_acc=0.5427 val_loss=3.5055 val_f1_macro=0.4822 val_f1_weighted=0.5418 val_prec_macro=0.4856 val_rec_macro=0.4811 val_metric_name=acc val_metric=0.5427
Step 1850 | loss 0.0496 | val_acc=0.5470 val_loss=3.5476 val_f1_macro=0.4857 val_f1_weighted=0.5456 val_prec_macro=0.4911 val_rec_macro=0.4818 val_metric_name=acc val_metric=0.5470
Step 1900 | loss 0.0540 | val_acc=0.5445 val_loss=3.5692 val_f1_macro=0.4830 val_f1_weighted=0.5433 val_prec_macro=0.4880 val_rec_macro=0.4796 val_metric_name=acc val_metric=0.5445
Step 1950 | loss 0.0580 | val_acc=0.5424 val_loss=3.5575 val_f1_macro=0.4824 val_f1_weighted=0.5410 val_prec_macro=0.4888 val_rec_macro=0.4782 val_metric_name=acc val_metric=0.5424
Step 2000 | loss 0.0489 | val_acc=0.5417 val_loss=3.6437 val_f1_macro=0.4797 val_f1_weighted=0.5410 val_prec_macro=0.4819 val_rec_macro=0.4787 val_metric_name=acc val_metric=0.5417
Step 2050 | loss 0.0451 | val_acc=0.5447 val_loss=3.6410 val_f1_macro=0.4834 val_f1_weighted=0.5431 val_prec_macro=0.4890 val_rec_macro=0.4798 val_metric_name=acc val_metric=0.5447
Step 2100 | loss 0.0451 | val_acc=0.5456 val_loss=3.6621 val_f1_macro=0.4866 val_f1_weighted=0.5444 val_prec_macro=0.4916 val_rec_macro=0.4835 val_metric_name=acc val_metric=0.5456
Step 2150 | loss 0.0430 | val_acc=0.5455 val_loss=3.6899 val_f1_macro=0.4844 val_f1_weighted=0.5448 val_prec_macro=0.4864 val_rec_macro=0.4837 val_metric_name=acc val_metric=0.5455
Step 2200 | loss 0.0402 | val_acc=0.5478 val_loss=3.6960 val_f1_macro=0.4871 val_f1_weighted=0.5462 val_prec_macro=0.4935 val_rec_macro=0.4827 val_metric_name=acc val_metric=0.5478
Step 2250 | loss 0.0418 | val_acc=0.5465 val_loss=3.7554 val_f1_macro=0.4842 val_f1_weighted=0.5453 val_prec_macro=0.4884 val_rec_macro=0.4827 val_metric_name=acc val_metric=0.5465
Step 2300 | loss 0.0359 | val_acc=0.5461 val_loss=3.7731 val_f1_macro=0.4846 val_f1_weighted=0.5453 val_prec_macro=0.4876 val_rec_macro=0.4831 val_metric_name=acc val_metric=0.5461
Step 2350 | loss 0.0316 | val_acc=0.5470 val_loss=3.7610 val_f1_macro=0.4866 val_f1_weighted=0.5461 val_prec_macro=0.4902 val_rec_macro=0.4850 val_metric_name=acc val_metric=0.5470
Step 2400 | loss 0.0293 | val_acc=0.5466 val_loss=3.7928 val_f1_macro=0.4861 val_f1_weighted=0.5456 val_prec_macro=0.4901 val_rec_macro=0.4833 val_metric_name=acc val_metric=0.5466
Step 2450 | loss 0.0359 | val_acc=0.5468 val_loss=3.8172 val_f1_macro=0.4870 val_f1_weighted=0.5456 val_prec_macro=0.4921 val_rec_macro=0.4843 val_metric_name=acc val_metric=0.5468
Step 2500 | loss 0.0338 | val_acc=0.5473 val_loss=3.8626 val_f1_macro=0.4874 val_f1_weighted=0.5460 val_prec_macro=0.4922 val_rec_macro=0.4849 val_metric_name=acc val_metric=0.5473
Step 2550 | loss 0.0297 | val_acc=0.5463 val_loss=3.9044 val_f1_macro=0.4866 val_f1_weighted=0.5454 val_prec_macro=0.4906 val_rec_macro=0.4844 val_metric_name=acc val_metric=0.5463
Step 2600 | loss 0.0317 | val_acc=0.5476 val_loss=3.8982 val_f1_macro=0.4883 val_f1_weighted=0.5468 val_prec_macro=0.4915 val_rec_macro=0.4865 val_metric_name=acc val_metric=0.5476
Step 2650 | loss 0.0299 | val_acc=0.5437 val_loss=3.8929 val_f1_macro=0.4844 val_f1_weighted=0.5427 val_prec_macro=0.4889 val_rec_macro=0.4816 val_metric_name=acc val_metric=0.5437
Step 2700 | loss 0.0269 | val_acc=0.5419 val_loss=3.9591 val_f1_macro=0.4810 val_f1_weighted=0.5414 val_prec_macro=0.4826 val_rec_macro=0.4812 val_metric_name=acc val_metric=0.5419
Step 2750 | loss 0.0257 | val_acc=0.5437 val_loss=3.9528 val_f1_macro=0.4833 val_f1_weighted=0.5426 val_prec_macro=0.4873 val_rec_macro=0.4808 val_metric_name=acc val_metric=0.5437
Step 2800 | loss 0.0274 | val_acc=0.5471 val_loss=3.9942 val_f1_macro=0.4875 val_f1_weighted=0.5462 val_prec_macro=0.4919 val_rec_macro=0.4850 val_metric_name=acc val_metric=0.5471
Step 2850 | loss 0.0267 | val_acc=0.5442 val_loss=3.9941 val_f1_macro=0.4867 val_f1_weighted=0.5426 val_prec_macro=0.4944 val_rec_macro=0.4816 val_metric_name=acc val_metric=0.5442
Step 2900 | loss 0.0243 | val_acc=0.5463 val_loss=4.0192 val_f1_macro=0.4861 val_f1_weighted=0.5453 val_prec_macro=0.4903 val_rec_macro=0.4833 val_metric_name=acc val_metric=0.5463
Step 2950 | loss 0.0250 | val_acc=0.5466 val_loss=4.0443 val_f1_macro=0.4868 val_f1_weighted=0.5456 val_prec_macro=0.4912 val_rec_macro=0.4848 val_metric_name=acc val_metric=0.5466
Step 3000 | loss 0.0218 | val_acc=0.5442 val_loss=4.0190 val_f1_macro=0.4837 val_f1_weighted=0.5435 val_prec_macro=0.4855 val_rec_macro=0.4830 val_metric_name=acc val_metric=0.5442
Step 3050 | loss 0.0212 | val_acc=0.5439 val_loss=4.0659 val_f1_macro=0.4841 val_f1_weighted=0.5427 val_prec_macro=0.4883 val_rec_macro=0.4811 val_metric_name=acc val_metric=0.5439
Step 3100 | loss 0.0253 | val_acc=0.5429 val_loss=4.1001 val_f1_macro=0.4832 val_f1_weighted=0.5422 val_prec_macro=0.4856 val_rec_macro=0.4827 val_metric_name=acc val_metric=0.5429
Step 3150 | loss 0.0205 | val_acc=0.5445 val_loss=4.0772 val_f1_macro=0.4857 val_f1_weighted=0.5430 val_prec_macro=0.4923 val_rec_macro=0.4809 val_metric_name=acc val_metric=0.5445
Early stopping at step 3196

--- Final (best ckpt @ step 2780) ---
  train_acc=0.9997 train_loss=0.0008 train_f1_macro=0.9992 train_f1_weighted=0.9997 train_prec_macro=0.9990 train_rec_macro=0.9995 train_metric_name=acc train_metric=0.9997
  val_acc=0.5502 val_loss=3.9730 val_f1_macro=0.4888 val_f1_weighted=0.5490 val_prec_macro=0.4931 val_rec_macro=0.4863 val_metric_name=acc val_metric=0.5502
  test_acc=0.5414 test_loss=4.0379 test_f1_macro=0.4874 test_f1_weighted=0.5394 test_prec_macro=0.4922 test_rec_macro=0.4844 test_metric_name=acc test_metric=0.5414
  test_acc=0.5414

============================================================
Training amazon-ratings SAGE 5L h=384 lr=0.0001 split=6
============================================================
Training for 5000 steps
Step    1 | loss 1.6820 | val_acc=0.3675 val_loss=1.7106 val_f1_macro=0.1075 val_f1_weighted=0.1977 val_prec_macro=0.0735 val_rec_macro=0.1998 val_metric_name=acc val_metric=0.3675
Step   50 | loss 1.3728 | val_acc=0.4055 val_loss=1.3679 val_f1_macro=0.2051 val_f1_weighted=0.3232 val_prec_macro=0.2332 val_rec_macro=0.2526 val_metric_name=acc val_metric=0.4055
Step  100 | loss 1.3153 | val_acc=0.4178 val_loss=1.3362 val_f1_macro=0.2429 val_f1_weighted=0.3595 val_prec_macro=0.3140 val_rec_macro=0.2757 val_metric_name=acc val_metric=0.4178
Step  150 | loss 1.2418 | val_acc=0.4251 val_loss=1.3586 val_f1_macro=0.2909 val_f1_weighted=0.3889 val_prec_macro=0.3965 val_rec_macro=0.3079 val_metric_name=acc val_metric=0.4251
Step  200 | loss 1.1620 | val_acc=0.4504 val_loss=1.3480 val_f1_macro=0.3535 val_f1_weighted=0.4264 val_prec_macro=0.4369 val_rec_macro=0.3491 val_metric_name=acc val_metric=0.4504
Step  250 | loss 1.0572 | val_acc=0.4718 val_loss=1.3736 val_f1_macro=0.3890 val_f1_weighted=0.4547 val_prec_macro=0.4556 val_rec_macro=0.3782 val_metric_name=acc val_metric=0.4718
Step  300 | loss 0.9432 | val_acc=0.4759 val_loss=1.4511 val_f1_macro=0.4013 val_f1_weighted=0.4586 val_prec_macro=0.4498 val_rec_macro=0.3949 val_metric_name=acc val_metric=0.4759
Step  350 | loss 0.8127 | val_acc=0.5071 val_loss=1.5118 val_f1_macro=0.4364 val_f1_weighted=0.4962 val_prec_macro=0.4757 val_rec_macro=0.4228 val_metric_name=acc val_metric=0.5071
Step  400 | loss 0.6893 | val_acc=0.5169 val_loss=1.6480 val_f1_macro=0.4548 val_f1_weighted=0.5097 val_prec_macro=0.4765 val_rec_macro=0.4459 val_metric_name=acc val_metric=0.5169
Step  450 | loss 0.5618 | val_acc=0.5177 val_loss=1.8038 val_f1_macro=0.4611 val_f1_weighted=0.5141 val_prec_macro=0.4745 val_rec_macro=0.4534 val_metric_name=acc val_metric=0.5177
Step  500 | loss 0.4594 | val_acc=0.5270 val_loss=1.9924 val_f1_macro=0.4723 val_f1_weighted=0.5239 val_prec_macro=0.4858 val_rec_macro=0.4662 val_metric_name=acc val_metric=0.5270
Step  550 | loss 0.3668 | val_acc=0.5249 val_loss=2.2141 val_f1_macro=0.4683 val_f1_weighted=0.5230 val_prec_macro=0.4764 val_rec_macro=0.4657 val_metric_name=acc val_metric=0.5249
Step  600 | loss 0.2975 | val_acc=0.5251 val_loss=2.3752 val_f1_macro=0.4679 val_f1_weighted=0.5234 val_prec_macro=0.4745 val_rec_macro=0.4650 val_metric_name=acc val_metric=0.5251
Step  650 | loss 0.2570 | val_acc=0.5327 val_loss=2.5315 val_f1_macro=0.4736 val_f1_weighted=0.5309 val_prec_macro=0.4811 val_rec_macro=0.4691 val_metric_name=acc val_metric=0.5327
Step  700 | loss 0.2027 | val_acc=0.5319 val_loss=2.6606 val_f1_macro=0.4766 val_f1_weighted=0.5314 val_prec_macro=0.4807 val_rec_macro=0.4748 val_metric_name=acc val_metric=0.5319
Step  750 | loss 0.1734 | val_acc=0.5381 val_loss=2.7958 val_f1_macro=0.4793 val_f1_weighted=0.5365 val_prec_macro=0.4882 val_rec_macro=0.4738 val_metric_name=acc val_metric=0.5381
Step  800 | loss 0.1423 | val_acc=0.5344 val_loss=2.9103 val_f1_macro=0.4766 val_f1_weighted=0.5330 val_prec_macro=0.4840 val_rec_macro=0.4727 val_metric_name=acc val_metric=0.5344
Step  850 | loss 0.1317 | val_acc=0.5378 val_loss=3.0039 val_f1_macro=0.4787 val_f1_weighted=0.5359 val_prec_macro=0.4871 val_rec_macro=0.4737 val_metric_name=acc val_metric=0.5378
Step  900 | loss 0.1067 | val_acc=0.5396 val_loss=3.0864 val_f1_macro=0.4802 val_f1_weighted=0.5387 val_prec_macro=0.4846 val_rec_macro=0.4772 val_metric_name=acc val_metric=0.5396
Step  950 | loss 0.1012 | val_acc=0.5380 val_loss=3.1578 val_f1_macro=0.4814 val_f1_weighted=0.5365 val_prec_macro=0.4889 val_rec_macro=0.4768 val_metric_name=acc val_metric=0.5380
Step 1000 | loss 0.0862 | val_acc=0.5411 val_loss=3.2313 val_f1_macro=0.4836 val_f1_weighted=0.5396 val_prec_macro=0.4917 val_rec_macro=0.4782 val_metric_name=acc val_metric=0.5411
Step 1050 | loss 0.0844 | val_acc=0.5427 val_loss=3.3187 val_f1_macro=0.4827 val_f1_weighted=0.5416 val_prec_macro=0.4875 val_rec_macro=0.4803 val_metric_name=acc val_metric=0.5427
Step 1100 | loss 0.0768 | val_acc=0.5403 val_loss=3.3688 val_f1_macro=0.4837 val_f1_weighted=0.5389 val_prec_macro=0.4908 val_rec_macro=0.4796 val_metric_name=acc val_metric=0.5403
Step 1150 | loss 0.0627 | val_acc=0.5407 val_loss=3.4049 val_f1_macro=0.4835 val_f1_weighted=0.5391 val_prec_macro=0.4921 val_rec_macro=0.4772 val_metric_name=acc val_metric=0.5407
Step 1200 | loss 0.0646 | val_acc=0.5399 val_loss=3.4468 val_f1_macro=0.4811 val_f1_weighted=0.5386 val_prec_macro=0.4872 val_rec_macro=0.4786 val_metric_name=acc val_metric=0.5399
Step 1250 | loss 0.0572 | val_acc=0.5414 val_loss=3.4735 val_f1_macro=0.4812 val_f1_weighted=0.5405 val_prec_macro=0.4854 val_rec_macro=0.4787 val_metric_name=acc val_metric=0.5414
Step 1300 | loss 0.0511 | val_acc=0.5450 val_loss=3.5155 val_f1_macro=0.4835 val_f1_weighted=0.5441 val_prec_macro=0.4867 val_rec_macro=0.4811 val_metric_name=acc val_metric=0.5450
Step 1350 | loss 0.0525 | val_acc=0.5422 val_loss=3.5371 val_f1_macro=0.4856 val_f1_weighted=0.5408 val_prec_macro=0.4940 val_rec_macro=0.4797 val_metric_name=acc val_metric=0.5422
Step 1400 | loss 0.0511 | val_acc=0.5417 val_loss=3.5886 val_f1_macro=0.4835 val_f1_weighted=0.5407 val_prec_macro=0.4885 val_rec_macro=0.4802 val_metric_name=acc val_metric=0.5417
Step 1450 | loss 0.0469 | val_acc=0.5419 val_loss=3.6277 val_f1_macro=0.4821 val_f1_weighted=0.5412 val_prec_macro=0.4848 val_rec_macro=0.4806 val_metric_name=acc val_metric=0.5419
Step 1500 | loss 0.0397 | val_acc=0.5383 val_loss=3.6775 val_f1_macro=0.4777 val_f1_weighted=0.5376 val_prec_macro=0.4815 val_rec_macro=0.4763 val_metric_name=acc val_metric=0.5383
Step 1550 | loss 0.0416 | val_acc=0.5422 val_loss=3.6720 val_f1_macro=0.4832 val_f1_weighted=0.5410 val_prec_macro=0.4891 val_rec_macro=0.4790 val_metric_name=acc val_metric=0.5422
Step 1600 | loss 0.0377 | val_acc=0.5404 val_loss=3.7386 val_f1_macro=0.4823 val_f1_weighted=0.5393 val_prec_macro=0.4884 val_rec_macro=0.4787 val_metric_name=acc val_metric=0.5404
Step 1650 | loss 0.0362 | val_acc=0.5373 val_loss=3.7848 val_f1_macro=0.4800 val_f1_weighted=0.5369 val_prec_macro=0.4832 val_rec_macro=0.4780 val_metric_name=acc val_metric=0.5373
Step 1700 | loss 0.0375 | val_acc=0.5411 val_loss=3.7886 val_f1_macro=0.4808 val_f1_weighted=0.5412 val_prec_macro=0.4805 val_rec_macro=0.4821 val_metric_name=acc val_metric=0.5411
Step 1750 | loss 0.0332 | val_acc=0.5404 val_loss=3.8184 val_f1_macro=0.4801 val_f1_weighted=0.5398 val_prec_macro=0.4820 val_rec_macro=0.4788 val_metric_name=acc val_metric=0.5404
Step 1800 | loss 0.0315 | val_acc=0.5437 val_loss=3.8399 val_f1_macro=0.4836 val_f1_weighted=0.5424 val_prec_macro=0.4889 val_rec_macro=0.4799 val_metric_name=acc val_metric=0.5437
Step 1850 | loss 0.0267 | val_acc=0.5404 val_loss=3.8513 val_f1_macro=0.4812 val_f1_weighted=0.5394 val_prec_macro=0.4864 val_rec_macro=0.4776 val_metric_name=acc val_metric=0.5404
Step 1900 | loss 0.0285 | val_acc=0.5417 val_loss=3.8817 val_f1_macro=0.4814 val_f1_weighted=0.5414 val_prec_macro=0.4829 val_rec_macro=0.4809 val_metric_name=acc val_metric=0.5417
Step 1950 | loss 0.0294 | val_acc=0.5445 val_loss=3.8510 val_f1_macro=0.4839 val_f1_weighted=0.5433 val_prec_macro=0.4905 val_rec_macro=0.4790 val_metric_name=acc val_metric=0.5445
Step 2000 | loss 0.0229 | val_acc=0.5407 val_loss=3.9120 val_f1_macro=0.4821 val_f1_weighted=0.5397 val_prec_macro=0.4891 val_rec_macro=0.4778 val_metric_name=acc val_metric=0.5407
Step 2050 | loss 0.0268 | val_acc=0.5458 val_loss=3.9139 val_f1_macro=0.4850 val_f1_weighted=0.5446 val_prec_macro=0.4905 val_rec_macro=0.4813 val_metric_name=acc val_metric=0.5458
Step 2100 | loss 0.0232 | val_acc=0.5434 val_loss=3.9737 val_f1_macro=0.4822 val_f1_weighted=0.5421 val_prec_macro=0.4882 val_rec_macro=0.4785 val_metric_name=acc val_metric=0.5434
Step 2150 | loss 0.0214 | val_acc=0.5448 val_loss=3.9735 val_f1_macro=0.4842 val_f1_weighted=0.5442 val_prec_macro=0.4871 val_rec_macro=0.4824 val_metric_name=acc val_metric=0.5448
Step 2200 | loss 0.0215 | val_acc=0.5463 val_loss=4.0010 val_f1_macro=0.4867 val_f1_weighted=0.5447 val_prec_macro=0.4961 val_rec_macro=0.4800 val_metric_name=acc val_metric=0.5463
Step 2250 | loss 0.0202 | val_acc=0.5427 val_loss=3.9984 val_f1_macro=0.4836 val_f1_weighted=0.5414 val_prec_macro=0.4897 val_rec_macro=0.4796 val_metric_name=acc val_metric=0.5427
Step 2300 | loss 0.0174 | val_acc=0.5424 val_loss=4.0295 val_f1_macro=0.4835 val_f1_weighted=0.5413 val_prec_macro=0.4894 val_rec_macro=0.4799 val_metric_name=acc val_metric=0.5424
Step 2350 | loss 0.0160 | val_acc=0.5452 val_loss=4.0287 val_f1_macro=0.4869 val_f1_weighted=0.5443 val_prec_macro=0.4914 val_rec_macro=0.4841 val_metric_name=acc val_metric=0.5452
Step 2400 | loss 0.0176 | val_acc=0.5440 val_loss=4.0903 val_f1_macro=0.4858 val_f1_weighted=0.5433 val_prec_macro=0.4898 val_rec_macro=0.4829 val_metric_name=acc val_metric=0.5440
Step 2450 | loss 0.0184 | val_acc=0.5443 val_loss=4.1135 val_f1_macro=0.4857 val_f1_weighted=0.5436 val_prec_macro=0.4897 val_rec_macro=0.4834 val_metric_name=acc val_metric=0.5443
Step 2500 | loss 0.0179 | val_acc=0.5481 val_loss=4.0561 val_f1_macro=0.4875 val_f1_weighted=0.5466 val_prec_macro=0.4949 val_rec_macro=0.4826 val_metric_name=acc val_metric=0.5481
Step 2550 | loss 0.0198 | val_acc=0.5442 val_loss=4.1124 val_f1_macro=0.4817 val_f1_weighted=0.5428 val_prec_macro=0.4878 val_rec_macro=0.4772 val_metric_name=acc val_metric=0.5442
Step 2600 | loss 0.0147 | val_acc=0.5430 val_loss=4.1511 val_f1_macro=0.4813 val_f1_weighted=0.5425 val_prec_macro=0.4841 val_rec_macro=0.4801 val_metric_name=acc val_metric=0.5430
Step 2650 | loss 0.0175 | val_acc=0.5434 val_loss=4.1388 val_f1_macro=0.4843 val_f1_weighted=0.5419 val_prec_macro=0.4921 val_rec_macro=0.4784 val_metric_name=acc val_metric=0.5434
Step 2700 | loss 0.0133 | val_acc=0.5465 val_loss=4.1319 val_f1_macro=0.4856 val_f1_weighted=0.5452 val_prec_macro=0.4924 val_rec_macro=0.4817 val_metric_name=acc val_metric=0.5465
Step 2750 | loss 0.0144 | val_acc=0.5455 val_loss=4.1590 val_f1_macro=0.4847 val_f1_weighted=0.5442 val_prec_macro=0.4907 val_rec_macro=0.4803 val_metric_name=acc val_metric=0.5455
Step 2800 | loss 0.0147 | val_acc=0.5460 val_loss=4.2228 val_f1_macro=0.4863 val_f1_weighted=0.5447 val_prec_macro=0.4938 val_rec_macro=0.4810 val_metric_name=acc val_metric=0.5460
Step 2850 | loss 0.0163 | val_acc=0.5453 val_loss=4.2620 val_f1_macro=0.4854 val_f1_weighted=0.5447 val_prec_macro=0.4889 val_rec_macro=0.4836 val_metric_name=acc val_metric=0.5453
Step 2900 | loss 0.0116 | val_acc=0.5435 val_loss=4.2356 val_f1_macro=0.4831 val_f1_weighted=0.5424 val_prec_macro=0.4890 val_rec_macro=0.4790 val_metric_name=acc val_metric=0.5435
Step 2950 | loss 0.0124 | val_acc=0.5442 val_loss=4.2695 val_f1_macro=0.4828 val_f1_weighted=0.5424 val_prec_macro=0.4918 val_rec_macro=0.4767 val_metric_name=acc val_metric=0.5442
Step 3000 | loss 0.0135 | val_acc=0.5437 val_loss=4.2330 val_f1_macro=0.4836 val_f1_weighted=0.5424 val_prec_macro=0.4913 val_rec_macro=0.4789 val_metric_name=acc val_metric=0.5437
Step 3050 | loss 0.0120 | val_acc=0.5440 val_loss=4.2966 val_f1_macro=0.4859 val_f1_weighted=0.5433 val_prec_macro=0.4906 val_rec_macro=0.4832 val_metric_name=acc val_metric=0.5440
Step 3100 | loss 0.0128 | val_acc=0.5427 val_loss=4.3110 val_f1_macro=0.4834 val_f1_weighted=0.5425 val_prec_macro=0.4846 val_rec_macro=0.4830 val_metric_name=acc val_metric=0.5427
Step 3150 | loss 0.0132 | val_acc=0.5447 val_loss=4.3426 val_f1_macro=0.4841 val_f1_weighted=0.5438 val_prec_macro=0.4889 val_rec_macro=0.4812 val_metric_name=acc val_metric=0.5447
Step 3200 | loss 0.0142 | val_acc=0.5398 val_loss=4.3513 val_f1_macro=0.4790 val_f1_weighted=0.5389 val_prec_macro=0.4841 val_rec_macro=0.4756 val_metric_name=acc val_metric=0.5398
Step 3250 | loss 0.0110 | val_acc=0.5476 val_loss=4.2910 val_f1_macro=0.4856 val_f1_weighted=0.5465 val_prec_macro=0.4917 val_rec_macro=0.4818 val_metric_name=acc val_metric=0.5476
Step 3300 | loss 0.0133 | val_acc=0.5429 val_loss=4.3114 val_f1_macro=0.4826 val_f1_weighted=0.5426 val_prec_macro=0.4859 val_rec_macro=0.4813 val_metric_name=acc val_metric=0.5429
Step 3350 | loss 0.0111 | val_acc=0.5474 val_loss=4.2878 val_f1_macro=0.4868 val_f1_weighted=0.5462 val_prec_macro=0.4916 val_rec_macro=0.4838 val_metric_name=acc val_metric=0.5474
Step 3400 | loss 0.0104 | val_acc=0.5455 val_loss=4.3473 val_f1_macro=0.4832 val_f1_weighted=0.5446 val_prec_macro=0.4889 val_rec_macro=0.4801 val_metric_name=acc val_metric=0.5455
Step 3450 | loss 0.0093 | val_acc=0.5450 val_loss=4.3663 val_f1_macro=0.4846 val_f1_weighted=0.5437 val_prec_macro=0.4918 val_rec_macro=0.4797 val_metric_name=acc val_metric=0.5450
Step 3500 | loss 0.0099 | val_acc=0.5488 val_loss=4.3747 val_f1_macro=0.4869 val_f1_weighted=0.5477 val_prec_macro=0.4926 val_rec_macro=0.4833 val_metric_name=acc val_metric=0.5488
Step 3550 | loss 0.0104 | val_acc=0.5478 val_loss=4.3513 val_f1_macro=0.4852 val_f1_weighted=0.5463 val_prec_macro=0.4936 val_rec_macro=0.4797 val_metric_name=acc val_metric=0.5478
Step 3600 | loss 0.0135 | val_acc=0.5486 val_loss=4.3859 val_f1_macro=0.4895 val_f1_weighted=0.5471 val_prec_macro=0.4975 val_rec_macro=0.4839 val_metric_name=acc val_metric=0.5486
Step 3650 | loss 0.0091 | val_acc=0.5479 val_loss=4.3658 val_f1_macro=0.4875 val_f1_weighted=0.5469 val_prec_macro=0.4946 val_rec_macro=0.4829 val_metric_name=acc val_metric=0.5479
Step 3700 | loss 0.0106 | val_acc=0.5502 val_loss=4.3957 val_f1_macro=0.4881 val_f1_weighted=0.5495 val_prec_macro=0.4914 val_rec_macro=0.4860 val_metric_name=acc val_metric=0.5502
Step 3750 | loss 0.0107 | val_acc=0.5481 val_loss=4.4418 val_f1_macro=0.4879 val_f1_weighted=0.5472 val_prec_macro=0.4930 val_rec_macro=0.4848 val_metric_name=acc val_metric=0.5481
Step 3800 | loss 0.0081 | val_acc=0.5483 val_loss=4.4164 val_f1_macro=0.4884 val_f1_weighted=0.5467 val_prec_macro=0.4979 val_rec_macro=0.4829 val_metric_name=acc val_metric=0.5483
Step 3850 | loss 0.0114 | val_acc=0.5440 val_loss=4.4488 val_f1_macro=0.4861 val_f1_weighted=0.5436 val_prec_macro=0.4925 val_rec_macro=0.4830 val_metric_name=acc val_metric=0.5440
Step 3900 | loss 0.0107 | val_acc=0.5494 val_loss=4.4746 val_f1_macro=0.4890 val_f1_weighted=0.5486 val_prec_macro=0.4942 val_rec_macro=0.4856 val_metric_name=acc val_metric=0.5494
Step 3950 | loss 0.0101 | val_acc=0.5471 val_loss=4.4731 val_f1_macro=0.4862 val_f1_weighted=0.5460 val_prec_macro=0.4919 val_rec_macro=0.4824 val_metric_name=acc val_metric=0.5471
Step 4000 | loss 0.0080 | val_acc=0.5468 val_loss=4.5229 val_f1_macro=0.4863 val_f1_weighted=0.5460 val_prec_macro=0.4909 val_rec_macro=0.4836 val_metric_name=acc val_metric=0.5468
Step 4050 | loss 0.0099 | val_acc=0.5489 val_loss=4.4654 val_f1_macro=0.4906 val_f1_weighted=0.5472 val_prec_macro=0.5007 val_rec_macro=0.4841 val_metric_name=acc val_metric=0.5489
Early stopping at step 4060

--- Final (best ckpt @ step 3760) ---
  train_acc=1.0000 train_loss=0.0001 train_f1_macro=1.0000 train_f1_weighted=1.0000 train_prec_macro=1.0000 train_rec_macro=1.0000 train_metric_name=acc train_metric=1.0000
  val_acc=0.5525 val_loss=4.4133 val_f1_macro=0.4914 val_f1_weighted=0.5512 val_prec_macro=0.4985 val_rec_macro=0.4870 val_metric_name=acc val_metric=0.5525
  test_acc=0.5414 test_loss=4.4591 test_f1_macro=0.4873 test_f1_weighted=0.5395 test_prec_macro=0.4936 test_rec_macro=0.4829 test_metric_name=acc test_metric=0.5414
  test_acc=0.5414

============================================================
Training amazon-ratings SAGE 5L h=384 lr=1e-05 split=6
============================================================
Training for 5000 steps
Step    1 | loss 1.6820 | val_acc=0.2758 val_loss=1.5880 val_f1_macro=0.1482 val_f1_weighted=0.2191 val_prec_macro=0.1829 val_rec_macro=0.1905 val_metric_name=acc val_metric=0.2758
Step   50 | loss 1.4403 | val_acc=0.3671 val_loss=1.4191 val_f1_macro=0.1336 val_f1_weighted=0.2318 val_prec_macro=0.1433 val_rec_macro=0.2044 val_metric_name=acc val_metric=0.3671
Step  100 | loss 1.4205 | val_acc=0.3748 val_loss=1.4043 val_f1_macro=0.1492 val_f1_weighted=0.2527 val_prec_macro=0.1537 val_rec_macro=0.2120 val_metric_name=acc val_metric=0.3748
Step  150 | loss 1.4046 | val_acc=0.3859 val_loss=1.3887 val_f1_macro=0.1788 val_f1_weighted=0.2907 val_prec_macro=0.2567 val_rec_macro=0.2294 val_metric_name=acc val_metric=0.3859
Step  200 | loss 1.3820 | val_acc=0.3995 val_loss=1.3755 val_f1_macro=0.1958 val_f1_weighted=0.3119 val_prec_macro=0.2446 val_rec_macro=0.2462 val_metric_name=acc val_metric=0.3995
Step  250 | loss 1.3690 | val_acc=0.4050 val_loss=1.3664 val_f1_macro=0.2053 val_f1_weighted=0.3225 val_prec_macro=0.2255 val_rec_macro=0.2554 val_metric_name=acc val_metric=0.4050
Step  300 | loss 1.3515 | val_acc=0.4096 val_loss=1.3674 val_f1_macro=0.2148 val_f1_weighted=0.3325 val_prec_macro=0.2298 val_rec_macro=0.2645 val_metric_name=acc val_metric=0.4096
Step  350 | loss 1.3361 | val_acc=0.4119 val_loss=1.3688 val_f1_macro=0.2216 val_f1_weighted=0.3398 val_prec_macro=0.2364 val_rec_macro=0.2690 val_metric_name=acc val_metric=0.4119
Step  400 | loss 1.3272 | val_acc=0.4107 val_loss=1.3693 val_f1_macro=0.2282 val_f1_weighted=0.3445 val_prec_macro=0.3215 val_rec_macro=0.2719 val_metric_name=acc val_metric=0.4107
Step  450 | loss 1.3104 | val_acc=0.4107 val_loss=1.3711 val_f1_macro=0.2338 val_f1_weighted=0.3479 val_prec_macro=0.2960 val_rec_macro=0.2749 val_metric_name=acc val_metric=0.4107
Step  500 | loss 1.2973 | val_acc=0.4163 val_loss=1.3682 val_f1_macro=0.2477 val_f1_weighted=0.3602 val_prec_macro=0.3176 val_rec_macro=0.2832 val_metric_name=acc val_metric=0.4163
Step  550 | loss 1.2876 | val_acc=0.4166 val_loss=1.3766 val_f1_macro=0.2548 val_f1_weighted=0.3636 val_prec_macro=0.3195 val_rec_macro=0.2880 val_metric_name=acc val_metric=0.4166
Step  600 | loss 1.2767 | val_acc=0.4174 val_loss=1.3802 val_f1_macro=0.2606 val_f1_weighted=0.3670 val_prec_macro=0.3841 val_rec_macro=0.2913 val_metric_name=acc val_metric=0.4174
Step  650 | loss 1.2642 | val_acc=0.4197 val_loss=1.3715 val_f1_macro=0.2732 val_f1_weighted=0.3738 val_prec_macro=0.4171 val_rec_macro=0.2973 val_metric_name=acc val_metric=0.4197
Step  700 | loss 1.2453 | val_acc=0.4248 val_loss=1.3615 val_f1_macro=0.2856 val_f1_weighted=0.3834 val_prec_macro=0.4043 val_rec_macro=0.3049 val_metric_name=acc val_metric=0.4248
Step  750 | loss 1.2279 | val_acc=0.4258 val_loss=1.3814 val_f1_macro=0.2881 val_f1_weighted=0.3821 val_prec_macro=0.4335 val_rec_macro=0.3079 val_metric_name=acc val_metric=0.4258
Step  800 | loss 1.2121 | val_acc=0.4307 val_loss=1.3767 val_f1_macro=0.2979 val_f1_weighted=0.3880 val_prec_macro=0.4289 val_rec_macro=0.3138 val_metric_name=acc val_metric=0.4307
Step  850 | loss 1.1981 | val_acc=0.4357 val_loss=1.3756 val_f1_macro=0.3094 val_f1_weighted=0.3952 val_prec_macro=0.4476 val_rec_macro=0.3218 val_metric_name=acc val_metric=0.4357
Step  900 | loss 1.1758 | val_acc=0.4488 val_loss=1.3569 val_f1_macro=0.3324 val_f1_weighted=0.4148 val_prec_macro=0.4360 val_rec_macro=0.3377 val_metric_name=acc val_metric=0.4488
Step  950 | loss 1.1695 | val_acc=0.4524 val_loss=1.3622 val_f1_macro=0.3368 val_f1_weighted=0.4166 val_prec_macro=0.4455 val_rec_macro=0.3404 val_metric_name=acc val_metric=0.4524
Step 1000 | loss 1.1482 | val_acc=0.4472 val_loss=1.3731 val_f1_macro=0.3362 val_f1_weighted=0.4119 val_prec_macro=0.4402 val_rec_macro=0.3409 val_metric_name=acc val_metric=0.4472
Step 1050 | loss 1.1306 | val_acc=0.4609 val_loss=1.3501 val_f1_macro=0.3610 val_f1_weighted=0.4340 val_prec_macro=0.4460 val_rec_macro=0.3570 val_metric_name=acc val_metric=0.4609
Step 1100 | loss 1.1204 | val_acc=0.4586 val_loss=1.3824 val_f1_macro=0.3576 val_f1_weighted=0.4276 val_prec_macro=0.4469 val_rec_macro=0.3580 val_metric_name=acc val_metric=0.4586
Step 1150 | loss 1.1003 | val_acc=0.4655 val_loss=1.3761 val_f1_macro=0.3677 val_f1_weighted=0.4381 val_prec_macro=0.4548 val_rec_macro=0.3645 val_metric_name=acc val_metric=0.4655
Step 1200 | loss 1.0781 | val_acc=0.4702 val_loss=1.3705 val_f1_macro=0.3732 val_f1_weighted=0.4447 val_prec_macro=0.4544 val_rec_macro=0.3679 val_metric_name=acc val_metric=0.4702
Step 1250 | loss 1.0706 | val_acc=0.4712 val_loss=1.3818 val_f1_macro=0.3812 val_f1_weighted=0.4474 val_prec_macro=0.4634 val_rec_macro=0.3749 val_metric_name=acc val_metric=0.4712
Step 1300 | loss 1.0482 | val_acc=0.4748 val_loss=1.3782 val_f1_macro=0.3900 val_f1_weighted=0.4535 val_prec_macro=0.4654 val_rec_macro=0.3812 val_metric_name=acc val_metric=0.4748
Step 1350 | loss 1.0383 | val_acc=0.4828 val_loss=1.3784 val_f1_macro=0.3975 val_f1_weighted=0.4634 val_prec_macro=0.4687 val_rec_macro=0.3862 val_metric_name=acc val_metric=0.4828
Step 1400 | loss 1.0176 | val_acc=0.4849 val_loss=1.3851 val_f1_macro=0.4014 val_f1_weighted=0.4658 val_prec_macro=0.4672 val_rec_macro=0.3905 val_metric_name=acc val_metric=0.4849
Step 1450 | loss 1.0005 | val_acc=0.4849 val_loss=1.3964 val_f1_macro=0.4049 val_f1_weighted=0.4673 val_prec_macro=0.4756 val_rec_macro=0.3926 val_metric_name=acc val_metric=0.4849
Step 1500 | loss 0.9800 | val_acc=0.4888 val_loss=1.4067 val_f1_macro=0.4124 val_f1_weighted=0.4723 val_prec_macro=0.4743 val_rec_macro=0.4006 val_metric_name=acc val_metric=0.4888
Step 1550 | loss 0.9656 | val_acc=0.4909 val_loss=1.4180 val_f1_macro=0.4155 val_f1_weighted=0.4754 val_prec_macro=0.4672 val_rec_macro=0.4055 val_metric_name=acc val_metric=0.4909
Step 1600 | loss 0.9439 | val_acc=0.4971 val_loss=1.4195 val_f1_macro=0.4240 val_f1_weighted=0.4836 val_prec_macro=0.4705 val_rec_macro=0.4136 val_metric_name=acc val_metric=0.4971
Step 1650 | loss 0.9291 | val_acc=0.4983 val_loss=1.4392 val_f1_macro=0.4232 val_f1_weighted=0.4836 val_prec_macro=0.4717 val_rec_macro=0.4134 val_metric_name=acc val_metric=0.4983
Step 1700 | loss 0.9082 | val_acc=0.5022 val_loss=1.4402 val_f1_macro=0.4310 val_f1_weighted=0.4900 val_prec_macro=0.4737 val_rec_macro=0.4202 val_metric_name=acc val_metric=0.5022
Step 1750 | loss 0.8881 | val_acc=0.5042 val_loss=1.4537 val_f1_macro=0.4317 val_f1_weighted=0.4917 val_prec_macro=0.4768 val_rec_macro=0.4200 val_metric_name=acc val_metric=0.5042
Step 1800 | loss 0.8646 | val_acc=0.5078 val_loss=1.4779 val_f1_macro=0.4336 val_f1_weighted=0.4945 val_prec_macro=0.4826 val_rec_macro=0.4212 val_metric_name=acc val_metric=0.5078
Step 1850 | loss 0.8502 | val_acc=0.5087 val_loss=1.4762 val_f1_macro=0.4356 val_f1_weighted=0.4983 val_prec_macro=0.4703 val_rec_macro=0.4258 val_metric_name=acc val_metric=0.5087
Step 1900 | loss 0.8299 | val_acc=0.5102 val_loss=1.4984 val_f1_macro=0.4396 val_f1_weighted=0.4991 val_prec_macro=0.4794 val_rec_macro=0.4289 val_metric_name=acc val_metric=0.5102
Step 1950 | loss 0.8123 | val_acc=0.5115 val_loss=1.5066 val_f1_macro=0.4416 val_f1_weighted=0.5021 val_prec_macro=0.4751 val_rec_macro=0.4305 val_metric_name=acc val_metric=0.5115
Step 2000 | loss 0.7998 | val_acc=0.5122 val_loss=1.5278 val_f1_macro=0.4426 val_f1_weighted=0.5027 val_prec_macro=0.4706 val_rec_macro=0.4345 val_metric_name=acc val_metric=0.5122
Step 2050 | loss 0.7755 | val_acc=0.5105 val_loss=1.5372 val_f1_macro=0.4446 val_f1_weighted=0.5024 val_prec_macro=0.4732 val_rec_macro=0.4359 val_metric_name=acc val_metric=0.5105
Step 2100 | loss 0.7561 | val_acc=0.5127 val_loss=1.5690 val_f1_macro=0.4455 val_f1_weighted=0.5044 val_prec_macro=0.4751 val_rec_macro=0.4355 val_metric_name=acc val_metric=0.5127
Step 2150 | loss 0.7412 | val_acc=0.5099 val_loss=1.5791 val_f1_macro=0.4454 val_f1_weighted=0.5025 val_prec_macro=0.4697 val_rec_macro=0.4372 val_metric_name=acc val_metric=0.5099
Step 2200 | loss 0.7181 | val_acc=0.5123 val_loss=1.5959 val_f1_macro=0.4483 val_f1_weighted=0.5055 val_prec_macro=0.4717 val_rec_macro=0.4387 val_metric_name=acc val_metric=0.5123
Step 2250 | loss 0.7071 | val_acc=0.5138 val_loss=1.6103 val_f1_macro=0.4504 val_f1_weighted=0.5077 val_prec_macro=0.4708 val_rec_macro=0.4424 val_metric_name=acc val_metric=0.5138
Step 2300 | loss 0.6947 | val_acc=0.5172 val_loss=1.6386 val_f1_macro=0.4534 val_f1_weighted=0.5106 val_prec_macro=0.4778 val_rec_macro=0.4437 val_metric_name=acc val_metric=0.5172
Step 2350 | loss 0.6639 | val_acc=0.5136 val_loss=1.6660 val_f1_macro=0.4512 val_f1_weighted=0.5078 val_prec_macro=0.4710 val_rec_macro=0.4453 val_metric_name=acc val_metric=0.5136
Step 2400 | loss 0.6478 | val_acc=0.5176 val_loss=1.6744 val_f1_macro=0.4563 val_f1_weighted=0.5120 val_prec_macro=0.4764 val_rec_macro=0.4487 val_metric_name=acc val_metric=0.5176
Step 2450 | loss 0.6388 | val_acc=0.5141 val_loss=1.7031 val_f1_macro=0.4537 val_f1_weighted=0.5089 val_prec_macro=0.4714 val_rec_macro=0.4477 val_metric_name=acc val_metric=0.5141
Step 2500 | loss 0.6389 | val_acc=0.5163 val_loss=1.7234 val_f1_macro=0.4587 val_f1_weighted=0.5111 val_prec_macro=0.4779 val_rec_macro=0.4517 val_metric_name=acc val_metric=0.5163
Step 2550 | loss 0.6032 | val_acc=0.5184 val_loss=1.7421 val_f1_macro=0.4606 val_f1_weighted=0.5142 val_prec_macro=0.4751 val_rec_macro=0.4550 val_metric_name=acc val_metric=0.5184
Step 2600 | loss 0.5859 | val_acc=0.5184 val_loss=1.7699 val_f1_macro=0.4608 val_f1_weighted=0.5145 val_prec_macro=0.4738 val_rec_macro=0.4559 val_metric_name=acc val_metric=0.5184
Step 2650 | loss 0.5810 | val_acc=0.5205 val_loss=1.7809 val_f1_macro=0.4649 val_f1_weighted=0.5167 val_prec_macro=0.4806 val_rec_macro=0.4590 val_metric_name=acc val_metric=0.5205
Step 2700 | loss 0.5616 | val_acc=0.5205 val_loss=1.8152 val_f1_macro=0.4657 val_f1_weighted=0.5168 val_prec_macro=0.4804 val_rec_macro=0.4609 val_metric_name=acc val_metric=0.5205
Step 2750 | loss 0.5493 | val_acc=0.5200 val_loss=1.8368 val_f1_macro=0.4649 val_f1_weighted=0.5165 val_prec_macro=0.4792 val_rec_macro=0.4589 val_metric_name=acc val_metric=0.5200
Step 2800 | loss 0.5271 | val_acc=0.5229 val_loss=1.8518 val_f1_macro=0.4678 val_f1_weighted=0.5196 val_prec_macro=0.4829 val_rec_macro=0.4607 val_metric_name=acc val_metric=0.5229
Step 2850 | loss 0.5149 | val_acc=0.5215 val_loss=1.8911 val_f1_macro=0.4665 val_f1_weighted=0.5175 val_prec_macro=0.4832 val_rec_macro=0.4597 val_metric_name=acc val_metric=0.5215
Step 2900 | loss 0.5015 | val_acc=0.5243 val_loss=1.8939 val_f1_macro=0.4694 val_f1_weighted=0.5218 val_prec_macro=0.4795 val_rec_macro=0.4654 val_metric_name=acc val_metric=0.5243
Step 2950 | loss 0.4890 | val_acc=0.5243 val_loss=1.9409 val_f1_macro=0.4695 val_f1_weighted=0.5211 val_prec_macro=0.4819 val_rec_macro=0.4646 val_metric_name=acc val_metric=0.5243
Step 3000 | loss 0.4863 | val_acc=0.5239 val_loss=1.9468 val_f1_macro=0.4685 val_f1_weighted=0.5214 val_prec_macro=0.4780 val_rec_macro=0.4646 val_metric_name=acc val_metric=0.5239
Step 3050 | loss 0.4645 | val_acc=0.5274 val_loss=1.9686 val_f1_macro=0.4713 val_f1_weighted=0.5248 val_prec_macro=0.4812 val_rec_macro=0.4665 val_metric_name=acc val_metric=0.5274
Step 3100 | loss 0.4474 | val_acc=0.5288 val_loss=1.9997 val_f1_macro=0.4735 val_f1_weighted=0.5263 val_prec_macro=0.4846 val_rec_macro=0.4683 val_metric_name=acc val_metric=0.5288
Step 3150 | loss 0.4329 | val_acc=0.5277 val_loss=2.0468 val_f1_macro=0.4740 val_f1_weighted=0.5253 val_prec_macro=0.4826 val_rec_macro=0.4718 val_metric_name=acc val_metric=0.5277
Step 3200 | loss 0.4322 | val_acc=0.5285 val_loss=2.0469 val_f1_macro=0.4745 val_f1_weighted=0.5266 val_prec_macro=0.4826 val_rec_macro=0.4705 val_metric_name=acc val_metric=0.5285
Step 3250 | loss 0.4127 | val_acc=0.5282 val_loss=2.0799 val_f1_macro=0.4729 val_f1_weighted=0.5256 val_prec_macro=0.4833 val_rec_macro=0.4691 val_metric_name=acc val_metric=0.5282
Step 3300 | loss 0.4034 | val_acc=0.5296 val_loss=2.0962 val_f1_macro=0.4751 val_f1_weighted=0.5277 val_prec_macro=0.4838 val_rec_macro=0.4717 val_metric_name=acc val_metric=0.5296
Step 3350 | loss 0.3884 | val_acc=0.5298 val_loss=2.1312 val_f1_macro=0.4756 val_f1_weighted=0.5281 val_prec_macro=0.4835 val_rec_macro=0.4725 val_metric_name=acc val_metric=0.5298
Step 3400 | loss 0.3840 | val_acc=0.5352 val_loss=2.1502 val_f1_macro=0.4792 val_f1_weighted=0.5332 val_prec_macro=0.4880 val_rec_macro=0.4753 val_metric_name=acc val_metric=0.5352
Step 3450 | loss 0.3682 | val_acc=0.5331 val_loss=2.1771 val_f1_macro=0.4780 val_f1_weighted=0.5311 val_prec_macro=0.4875 val_rec_macro=0.4730 val_metric_name=acc val_metric=0.5331
Step 3500 | loss 0.3588 | val_acc=0.5327 val_loss=2.1953 val_f1_macro=0.4767 val_f1_weighted=0.5311 val_prec_macro=0.4846 val_rec_macro=0.4734 val_metric_name=acc val_metric=0.5327
Step 3550 | loss 0.3548 | val_acc=0.5308 val_loss=2.2146 val_f1_macro=0.4751 val_f1_weighted=0.5295 val_prec_macro=0.4820 val_rec_macro=0.4716 val_metric_name=acc val_metric=0.5308
Step 3600 | loss 0.3471 | val_acc=0.5329 val_loss=2.2519 val_f1_macro=0.4765 val_f1_weighted=0.5306 val_prec_macro=0.4868 val_rec_macro=0.4719 val_metric_name=acc val_metric=0.5329
Step 3650 | loss 0.3272 | val_acc=0.5301 val_loss=2.2660 val_f1_macro=0.4751 val_f1_weighted=0.5287 val_prec_macro=0.4826 val_rec_macro=0.4720 val_metric_name=acc val_metric=0.5301
Step 3700 | loss 0.3347 | val_acc=0.5342 val_loss=2.2966 val_f1_macro=0.4787 val_f1_weighted=0.5324 val_prec_macro=0.4876 val_rec_macro=0.4745 val_metric_name=acc val_metric=0.5342
Early stopping at step 3705

--- Final (best ckpt @ step 3400) ---
  train_acc=0.9620 train_loss=0.1241 train_f1_macro=0.9631 train_f1_weighted=0.9621 train_prec_macro=0.9592 train_rec_macro=0.9673 train_metric_name=acc train_metric=0.9620
  val_acc=0.5352 val_loss=2.1502 val_f1_macro=0.4792 val_f1_weighted=0.5332 val_prec_macro=0.4880 val_rec_macro=0.4753 val_metric_name=acc val_metric=0.5352
  test_acc=0.5244 test_loss=2.2329 test_f1_macro=0.4698 test_f1_weighted=0.5218 test_prec_macro=0.4769 test_rec_macro=0.4668 test_metric_name=acc test_metric=0.5244
  test_acc=0.5244

============================================================
Training amazon-ratings SAGE 5L h=512 lr=3e-05 split=6
============================================================
Training for 5000 steps
Step    1 | loss 1.7957 | val_acc=0.3642 val_loss=1.4417 val_f1_macro=0.1168 val_f1_weighted=0.2086 val_prec_macro=0.1813 val_rec_macro=0.1998 val_metric_name=acc val_metric=0.3642
Step   50 | loss 1.3998 | val_acc=0.3880 val_loss=1.3812 val_f1_macro=0.1806 val_f1_weighted=0.2933 val_prec_macro=0.3567 val_rec_macro=0.2314 val_metric_name=acc val_metric=0.3880
Step  100 | loss 1.3580 | val_acc=0.4143 val_loss=1.3562 val_f1_macro=0.2159 val_f1_weighted=0.3365 val_prec_macro=0.2402 val_rec_macro=0.2618 val_metric_name=acc val_metric=0.4143
Step  150 | loss 1.3240 | val_acc=0.4122 val_loss=1.3676 val_f1_macro=0.2399 val_f1_weighted=0.3550 val_prec_macro=0.3113 val_rec_macro=0.2770 val_metric_name=acc val_metric=0.4122
Step  200 | loss 1.2821 | val_acc=0.4219 val_loss=1.3671 val_f1_macro=0.2733 val_f1_weighted=0.3805 val_prec_macro=0.3526 val_rec_macro=0.2981 val_metric_name=acc val_metric=0.4219
Step  250 | loss 1.2400 | val_acc=0.4369 val_loss=1.3715 val_f1_macro=0.3028 val_f1_weighted=0.4022 val_prec_macro=0.4054 val_rec_macro=0.3151 val_metric_name=acc val_metric=0.4369
Step  300 | loss 1.1949 | val_acc=0.4457 val_loss=1.3891 val_f1_macro=0.3257 val_f1_weighted=0.4107 val_prec_macro=0.4553 val_rec_macro=0.3289 val_metric_name=acc val_metric=0.4457
Step  350 | loss 1.1374 | val_acc=0.4558 val_loss=1.3708 val_f1_macro=0.3540 val_f1_weighted=0.4301 val_prec_macro=0.4340 val_rec_macro=0.3504 val_metric_name=acc val_metric=0.4558
Step  400 | loss 1.0893 | val_acc=0.4599 val_loss=1.3984 val_f1_macro=0.3598 val_f1_weighted=0.4332 val_prec_macro=0.4474 val_rec_macro=0.3538 val_metric_name=acc val_metric=0.4599
Step  450 | loss 1.0362 | val_acc=0.4692 val_loss=1.4026 val_f1_macro=0.3883 val_f1_weighted=0.4515 val_prec_macro=0.4484 val_rec_macro=0.3794 val_metric_name=acc val_metric=0.4692
Step  500 | loss 0.9788 | val_acc=0.4841 val_loss=1.4146 val_f1_macro=0.3995 val_f1_weighted=0.4666 val_prec_macro=0.4608 val_rec_macro=0.3873 val_metric_name=acc val_metric=0.4841
Step  550 | loss 0.9255 | val_acc=0.4909 val_loss=1.4346 val_f1_macro=0.4213 val_f1_weighted=0.4805 val_prec_macro=0.4674 val_rec_macro=0.4072 val_metric_name=acc val_metric=0.4909
Step  600 | loss 0.8528 | val_acc=0.5022 val_loss=1.4808 val_f1_macro=0.4350 val_f1_weighted=0.4914 val_prec_macro=0.4827 val_rec_macro=0.4191 val_metric_name=acc val_metric=0.5022
Step  650 | loss 0.8034 | val_acc=0.5022 val_loss=1.5616 val_f1_macro=0.4414 val_f1_weighted=0.4933 val_prec_macro=0.4758 val_rec_macro=0.4309 val_metric_name=acc val_metric=0.5022
Step  700 | loss 0.7346 | val_acc=0.5060 val_loss=1.6137 val_f1_macro=0.4450 val_f1_weighted=0.4988 val_prec_macro=0.4722 val_rec_macro=0.4365 val_metric_name=acc val_metric=0.5060
Step  750 | loss 0.6612 | val_acc=0.5163 val_loss=1.6709 val_f1_macro=0.4577 val_f1_weighted=0.5101 val_prec_macro=0.4854 val_rec_macro=0.4442 val_metric_name=acc val_metric=0.5163
Step  800 | loss 0.6068 | val_acc=0.5203 val_loss=1.7643 val_f1_macro=0.4621 val_f1_weighted=0.5147 val_prec_macro=0.4844 val_rec_macro=0.4504 val_metric_name=acc val_metric=0.5203
Step  850 | loss 0.5340 | val_acc=0.5200 val_loss=1.8814 val_f1_macro=0.4656 val_f1_weighted=0.5163 val_prec_macro=0.4806 val_rec_macro=0.4574 val_metric_name=acc val_metric=0.5200
Step  900 | loss 0.5041 | val_acc=0.5256 val_loss=1.9627 val_f1_macro=0.4714 val_f1_weighted=0.5233 val_prec_macro=0.4799 val_rec_macro=0.4660 val_metric_name=acc val_metric=0.5256
Step  950 | loss 0.4495 | val_acc=0.5280 val_loss=2.0935 val_f1_macro=0.4738 val_f1_weighted=0.5250 val_prec_macro=0.4849 val_rec_macro=0.4676 val_metric_name=acc val_metric=0.5280
Step 1000 | loss 0.3969 | val_acc=0.5262 val_loss=2.1987 val_f1_macro=0.4718 val_f1_weighted=0.5241 val_prec_macro=0.4789 val_rec_macro=0.4673 val_metric_name=acc val_metric=0.5262
Step 1050 | loss 0.3548 | val_acc=0.5280 val_loss=2.2976 val_f1_macro=0.4734 val_f1_weighted=0.5260 val_prec_macro=0.4798 val_rec_macro=0.4695 val_metric_name=acc val_metric=0.5280
Step 1100 | loss 0.3184 | val_acc=0.5292 val_loss=2.4218 val_f1_macro=0.4740 val_f1_weighted=0.5267 val_prec_macro=0.4814 val_rec_macro=0.4693 val_metric_name=acc val_metric=0.5292
Step 1150 | loss 0.2844 | val_acc=0.5323 val_loss=2.5313 val_f1_macro=0.4771 val_f1_weighted=0.5304 val_prec_macro=0.4830 val_rec_macro=0.4731 val_metric_name=acc val_metric=0.5323
Step 1200 | loss 0.2550 | val_acc=0.5349 val_loss=2.6389 val_f1_macro=0.4787 val_f1_weighted=0.5330 val_prec_macro=0.4837 val_rec_macro=0.4756 val_metric_name=acc val_metric=0.5349
Step 1250 | loss 0.2216 | val_acc=0.5329 val_loss=2.7376 val_f1_macro=0.4771 val_f1_weighted=0.5316 val_prec_macro=0.4811 val_rec_macro=0.4749 val_metric_name=acc val_metric=0.5329
Step 1300 | loss 0.2009 | val_acc=0.5398 val_loss=2.8298 val_f1_macro=0.4855 val_f1_weighted=0.5381 val_prec_macro=0.4918 val_rec_macro=0.4812 val_metric_name=acc val_metric=0.5398
Step 1350 | loss 0.1816 | val_acc=0.5391 val_loss=2.9189 val_f1_macro=0.4837 val_f1_weighted=0.5372 val_prec_macro=0.4912 val_rec_macro=0.4787 val_metric_name=acc val_metric=0.5391
Step 1400 | loss 0.1726 | val_acc=0.5445 val_loss=2.9891 val_f1_macro=0.4879 val_f1_weighted=0.5424 val_prec_macro=0.4965 val_rec_macro=0.4815 val_metric_name=acc val_metric=0.5445
Step 1450 | loss 0.1488 | val_acc=0.5435 val_loss=3.0773 val_f1_macro=0.4864 val_f1_weighted=0.5406 val_prec_macro=0.4990 val_rec_macro=0.4777 val_metric_name=acc val_metric=0.5435
Step 1500 | loss 0.1348 | val_acc=0.5422 val_loss=3.1283 val_f1_macro=0.4849 val_f1_weighted=0.5400 val_prec_macro=0.4936 val_rec_macro=0.4789 val_metric_name=acc val_metric=0.5422
Step 1550 | loss 0.1295 | val_acc=0.5414 val_loss=3.1850 val_f1_macro=0.4842 val_f1_weighted=0.5395 val_prec_macro=0.4916 val_rec_macro=0.4788 val_metric_name=acc val_metric=0.5414
Step 1600 | loss 0.1241 | val_acc=0.5409 val_loss=3.2811 val_f1_macro=0.4843 val_f1_weighted=0.5387 val_prec_macro=0.4938 val_rec_macro=0.4778 val_metric_name=acc val_metric=0.5409
Step 1650 | loss 0.1108 | val_acc=0.5416 val_loss=3.3207 val_f1_macro=0.4830 val_f1_weighted=0.5398 val_prec_macro=0.4896 val_rec_macro=0.4786 val_metric_name=acc val_metric=0.5416
Step 1700 | loss 0.1090 | val_acc=0.5425 val_loss=3.3677 val_f1_macro=0.4849 val_f1_weighted=0.5407 val_prec_macro=0.4927 val_rec_macro=0.4794 val_metric_name=acc val_metric=0.5425
Step 1750 | loss 0.0977 | val_acc=0.5463 val_loss=3.4105 val_f1_macro=0.4873 val_f1_weighted=0.5442 val_prec_macro=0.4960 val_rec_macro=0.4810 val_metric_name=acc val_metric=0.5463
Step 1800 | loss 0.0858 | val_acc=0.5448 val_loss=3.4629 val_f1_macro=0.4876 val_f1_weighted=0.5428 val_prec_macro=0.4966 val_rec_macro=0.4811 val_metric_name=acc val_metric=0.5448
Step 1850 | loss 0.0806 | val_acc=0.5448 val_loss=3.4923 val_f1_macro=0.4869 val_f1_weighted=0.5425 val_prec_macro=0.4965 val_rec_macro=0.4805 val_metric_name=acc val_metric=0.5448
Step 1900 | loss 0.0792 | val_acc=0.5422 val_loss=3.5312 val_f1_macro=0.4861 val_f1_weighted=0.5401 val_prec_macro=0.4970 val_rec_macro=0.4779 val_metric_name=acc val_metric=0.5422
Step 1950 | loss 0.0760 | val_acc=0.5474 val_loss=3.5484 val_f1_macro=0.4891 val_f1_weighted=0.5452 val_prec_macro=0.4990 val_rec_macro=0.4823 val_metric_name=acc val_metric=0.5474
Step 2000 | loss 0.0702 | val_acc=0.5466 val_loss=3.6027 val_f1_macro=0.4903 val_f1_weighted=0.5442 val_prec_macro=0.5030 val_rec_macro=0.4815 val_metric_name=acc val_metric=0.5466
Step 2050 | loss 0.0710 | val_acc=0.5450 val_loss=3.6539 val_f1_macro=0.4877 val_f1_weighted=0.5431 val_prec_macro=0.4961 val_rec_macro=0.4818 val_metric_name=acc val_metric=0.5450
Step 2100 | loss 0.0610 | val_acc=0.5445 val_loss=3.6922 val_f1_macro=0.4874 val_f1_weighted=0.5426 val_prec_macro=0.4956 val_rec_macro=0.4815 val_metric_name=acc val_metric=0.5445
Step 2150 | loss 0.0597 | val_acc=0.5473 val_loss=3.7115 val_f1_macro=0.4898 val_f1_weighted=0.5451 val_prec_macro=0.4985 val_rec_macro=0.4837 val_metric_name=acc val_metric=0.5473
Step 2200 | loss 0.0609 | val_acc=0.5452 val_loss=3.7651 val_f1_macro=0.4890 val_f1_weighted=0.5431 val_prec_macro=0.4984 val_rec_macro=0.4823 val_metric_name=acc val_metric=0.5452
Step 2250 | loss 0.0592 | val_acc=0.5478 val_loss=3.7846 val_f1_macro=0.4897 val_f1_weighted=0.5451 val_prec_macro=0.5020 val_rec_macro=0.4813 val_metric_name=acc val_metric=0.5478
Step 2300 | loss 0.0578 | val_acc=0.5468 val_loss=3.8174 val_f1_macro=0.4898 val_f1_weighted=0.5446 val_prec_macro=0.5004 val_rec_macro=0.4822 val_metric_name=acc val_metric=0.5468
Step 2350 | loss 0.0514 | val_acc=0.5440 val_loss=3.8206 val_f1_macro=0.4864 val_f1_weighted=0.5418 val_prec_macro=0.4984 val_rec_macro=0.4780 val_metric_name=acc val_metric=0.5440
Step 2400 | loss 0.0445 | val_acc=0.5466 val_loss=3.8443 val_f1_macro=0.4895 val_f1_weighted=0.5442 val_prec_macro=0.5014 val_rec_macro=0.4809 val_metric_name=acc val_metric=0.5466
Step 2450 | loss 0.0425 | val_acc=0.5474 val_loss=3.9079 val_f1_macro=0.4906 val_f1_weighted=0.5458 val_prec_macro=0.4960 val_rec_macro=0.4868 val_metric_name=acc val_metric=0.5474
Step 2500 | loss 0.0429 | val_acc=0.5463 val_loss=3.9184 val_f1_macro=0.4893 val_f1_weighted=0.5441 val_prec_macro=0.5001 val_rec_macro=0.4817 val_metric_name=acc val_metric=0.5463
Step 2550 | loss 0.0396 | val_acc=0.5461 val_loss=3.9392 val_f1_macro=0.4897 val_f1_weighted=0.5444 val_prec_macro=0.4977 val_rec_macro=0.4840 val_metric_name=acc val_metric=0.5461
Step 2600 | loss 0.0394 | val_acc=0.5474 val_loss=3.9452 val_f1_macro=0.4876 val_f1_weighted=0.5445 val_prec_macro=0.5015 val_rec_macro=0.4782 val_metric_name=acc val_metric=0.5474
Step 2650 | loss 0.0373 | val_acc=0.5471 val_loss=3.9774 val_f1_macro=0.4888 val_f1_weighted=0.5448 val_prec_macro=0.4990 val_rec_macro=0.4816 val_metric_name=acc val_metric=0.5471
Step 2700 | loss 0.0344 | val_acc=0.5486 val_loss=3.9984 val_f1_macro=0.4906 val_f1_weighted=0.5462 val_prec_macro=0.5033 val_rec_macro=0.4819 val_metric_name=acc val_metric=0.5486
Step 2750 | loss 0.0329 | val_acc=0.5479 val_loss=4.0356 val_f1_macro=0.4897 val_f1_weighted=0.5460 val_prec_macro=0.4981 val_rec_macro=0.4836 val_metric_name=acc val_metric=0.5479
Step 2800 | loss 0.0358 | val_acc=0.5432 val_loss=4.0642 val_f1_macro=0.4858 val_f1_weighted=0.5413 val_prec_macro=0.4955 val_rec_macro=0.4785 val_metric_name=acc val_metric=0.5432
Step 2850 | loss 0.0332 | val_acc=0.5486 val_loss=4.0810 val_f1_macro=0.4902 val_f1_weighted=0.5462 val_prec_macro=0.5013 val_rec_macro=0.4822 val_metric_name=acc val_metric=0.5486
Step 2900 | loss 0.0313 | val_acc=0.5483 val_loss=4.0923 val_f1_macro=0.4927 val_f1_weighted=0.5459 val_prec_macro=0.5064 val_rec_macro=0.4832 val_metric_name=acc val_metric=0.5483
Step 2950 | loss 0.0318 | val_acc=0.5504 val_loss=4.1017 val_f1_macro=0.4929 val_f1_weighted=0.5483 val_prec_macro=0.5025 val_rec_macro=0.4857 val_metric_name=acc val_metric=0.5504
Step 3000 | loss 0.0275 | val_acc=0.5483 val_loss=4.1307 val_f1_macro=0.4913 val_f1_weighted=0.5465 val_prec_macro=0.4985 val_rec_macro=0.4860 val_metric_name=acc val_metric=0.5483
Step 3050 | loss 0.0308 | val_acc=0.5494 val_loss=4.1692 val_f1_macro=0.4915 val_f1_weighted=0.5476 val_prec_macro=0.4988 val_rec_macro=0.4859 val_metric_name=acc val_metric=0.5494
Step 3100 | loss 0.0250 | val_acc=0.5461 val_loss=4.1575 val_f1_macro=0.4906 val_f1_weighted=0.5442 val_prec_macro=0.5016 val_rec_macro=0.4830 val_metric_name=acc val_metric=0.5461
Step 3150 | loss 0.0265 | val_acc=0.5496 val_loss=4.1995 val_f1_macro=0.4903 val_f1_weighted=0.5470 val_prec_macro=0.5021 val_rec_macro=0.4824 val_metric_name=acc val_metric=0.5496
Step 3200 | loss 0.0272 | val_acc=0.5512 val_loss=4.2223 val_f1_macro=0.4939 val_f1_weighted=0.5487 val_prec_macro=0.5068 val_rec_macro=0.4853 val_metric_name=acc val_metric=0.5512
Step 3250 | loss 0.0272 | val_acc=0.5448 val_loss=4.2160 val_f1_macro=0.4891 val_f1_weighted=0.5430 val_prec_macro=0.4973 val_rec_macro=0.4828 val_metric_name=acc val_metric=0.5448
Step 3300 | loss 0.0260 | val_acc=0.5437 val_loss=4.2515 val_f1_macro=0.4878 val_f1_weighted=0.5421 val_prec_macro=0.4945 val_rec_macro=0.4826 val_metric_name=acc val_metric=0.5437
Step 3350 | loss 0.0236 | val_acc=0.5492 val_loss=4.2398 val_f1_macro=0.4917 val_f1_weighted=0.5468 val_prec_macro=0.5042 val_rec_macro=0.4826 val_metric_name=acc val_metric=0.5492
Step 3400 | loss 0.0219 | val_acc=0.5515 val_loss=4.2499 val_f1_macro=0.4930 val_f1_weighted=0.5488 val_prec_macro=0.5062 val_rec_macro=0.4838 val_metric_name=acc val_metric=0.5515
Step 3450 | loss 0.0225 | val_acc=0.5486 val_loss=4.2973 val_f1_macro=0.4915 val_f1_weighted=0.5462 val_prec_macro=0.5034 val_rec_macro=0.4829 val_metric_name=acc val_metric=0.5486
Step 3500 | loss 0.0181 | val_acc=0.5465 val_loss=4.2951 val_f1_macro=0.4895 val_f1_weighted=0.5443 val_prec_macro=0.5008 val_rec_macro=0.4813 val_metric_name=acc val_metric=0.5465
Step 3550 | loss 0.0184 | val_acc=0.5470 val_loss=4.3047 val_f1_macro=0.4892 val_f1_weighted=0.5445 val_prec_macro=0.5004 val_rec_macro=0.4810 val_metric_name=acc val_metric=0.5470
Step 3600 | loss 0.0209 | val_acc=0.5466 val_loss=4.3433 val_f1_macro=0.4902 val_f1_weighted=0.5447 val_prec_macro=0.4987 val_rec_macro=0.4841 val_metric_name=acc val_metric=0.5466
Step 3650 | loss 0.0192 | val_acc=0.5458 val_loss=4.3802 val_f1_macro=0.4872 val_f1_weighted=0.5436 val_prec_macro=0.4965 val_rec_macro=0.4811 val_metric_name=acc val_metric=0.5458
Step 3700 | loss 0.0188 | val_acc=0.5470 val_loss=4.3837 val_f1_macro=0.4902 val_f1_weighted=0.5448 val_prec_macro=0.4997 val_rec_macro=0.4836 val_metric_name=acc val_metric=0.5470
Early stopping at step 3700

--- Final (best ckpt @ step 3400) ---
  train_acc=0.9996 train_loss=0.0010 train_f1_macro=0.9994 train_f1_weighted=0.9996 train_prec_macro=0.9991 train_rec_macro=0.9997 train_metric_name=acc train_metric=0.9996
  val_acc=0.5515 val_loss=4.2499 val_f1_macro=0.4930 val_f1_weighted=0.5488 val_prec_macro=0.5062 val_rec_macro=0.4838 val_metric_name=acc val_metric=0.5515
  test_acc=0.5481 test_loss=4.2936 test_f1_macro=0.4894 test_f1_weighted=0.5445 test_prec_macro=0.5025 test_rec_macro=0.4809 test_metric_name=acc test_metric=0.5481
  test_acc=0.5481

============================================================
Training amazon-ratings SAGE 5L h=512 lr=6e-05 split=6
============================================================
Training for 5000 steps
Step    1 | loss 1.7957 | val_acc=0.3678 val_loss=1.5511 val_f1_macro=0.1107 val_f1_weighted=0.2019 val_prec_macro=0.2270 val_rec_macro=0.2004 val_metric_name=acc val_metric=0.3678
Step   50 | loss 1.3762 | val_acc=0.4078 val_loss=1.3646 val_f1_macro=0.1999 val_f1_weighted=0.3184 val_prec_macro=0.2279 val_rec_macro=0.2510 val_metric_name=acc val_metric=0.4078
Step  100 | loss 1.3223 | val_acc=0.4147 val_loss=1.3552 val_f1_macro=0.2432 val_f1_weighted=0.3592 val_prec_macro=0.3059 val_rec_macro=0.2784 val_metric_name=acc val_metric=0.4147
Step  150 | loss 1.2667 | val_acc=0.4160 val_loss=1.3851 val_f1_macro=0.2753 val_f1_weighted=0.3728 val_prec_macro=0.4010 val_rec_macro=0.2996 val_metric_name=acc val_metric=0.4160
Step  200 | loss 1.1937 | val_acc=0.4490 val_loss=1.3618 val_f1_macro=0.3300 val_f1_weighted=0.4192 val_prec_macro=0.4381 val_rec_macro=0.3285 val_metric_name=acc val_metric=0.4490
Step  250 | loss 1.1217 | val_acc=0.4671 val_loss=1.3547 val_f1_macro=0.3739 val_f1_weighted=0.4493 val_prec_macro=0.4280 val_rec_macro=0.3635 val_metric_name=acc val_metric=0.4671
Step  300 | loss 1.0269 | val_acc=0.4759 val_loss=1.3924 val_f1_macro=0.3856 val_f1_weighted=0.4530 val_prec_macro=0.4605 val_rec_macro=0.3736 val_metric_name=acc val_metric=0.4759
Step  350 | loss 0.9295 | val_acc=0.4885 val_loss=1.4424 val_f1_macro=0.4088 val_f1_weighted=0.4708 val_prec_macro=0.4739 val_rec_macro=0.3941 val_metric_name=acc val_metric=0.4885
Step  400 | loss 0.8350 | val_acc=0.4947 val_loss=1.5213 val_f1_macro=0.4306 val_f1_weighted=0.4844 val_prec_macro=0.4860 val_rec_macro=0.4144 val_metric_name=acc val_metric=0.4947
Step  450 | loss 0.7238 | val_acc=0.5130 val_loss=1.6030 val_f1_macro=0.4560 val_f1_weighted=0.5064 val_prec_macro=0.4917 val_rec_macro=0.4396 val_metric_name=acc val_metric=0.5130
Step  500 | loss 0.6279 | val_acc=0.5118 val_loss=1.7673 val_f1_macro=0.4538 val_f1_weighted=0.5072 val_prec_macro=0.4666 val_rec_macro=0.4469 val_metric_name=acc val_metric=0.5118
Step  550 | loss 0.5235 | val_acc=0.5156 val_loss=1.9203 val_f1_macro=0.4619 val_f1_weighted=0.5131 val_prec_macro=0.4715 val_rec_macro=0.4561 val_metric_name=acc val_metric=0.5156
Step  600 | loss 0.4400 | val_acc=0.5218 val_loss=2.1100 val_f1_macro=0.4673 val_f1_weighted=0.5186 val_prec_macro=0.4791 val_rec_macro=0.4597 val_metric_name=acc val_metric=0.5218
Step  650 | loss 0.3619 | val_acc=0.5238 val_loss=2.3088 val_f1_macro=0.4715 val_f1_weighted=0.5223 val_prec_macro=0.4763 val_rec_macro=0.4692 val_metric_name=acc val_metric=0.5238
Step  700 | loss 0.2924 | val_acc=0.5251 val_loss=2.4958 val_f1_macro=0.4686 val_f1_weighted=0.5234 val_prec_macro=0.4738 val_rec_macro=0.4669 val_metric_name=acc val_metric=0.5251
Step  750 | loss 0.2429 | val_acc=0.5287 val_loss=2.6720 val_f1_macro=0.4736 val_f1_weighted=0.5270 val_prec_macro=0.4788 val_rec_macro=0.4703 val_metric_name=acc val_metric=0.5287
Step  800 | loss 0.1958 | val_acc=0.5264 val_loss=2.8570 val_f1_macro=0.4703 val_f1_weighted=0.5248 val_prec_macro=0.4748 val_rec_macro=0.4668 val_metric_name=acc val_metric=0.5264
Step  850 | loss 0.1568 | val_acc=0.5332 val_loss=2.9924 val_f1_macro=0.4780 val_f1_weighted=0.5317 val_prec_macro=0.4839 val_rec_macro=0.4733 val_metric_name=acc val_metric=0.5332
Step  900 | loss 0.1495 | val_acc=0.5336 val_loss=3.1084 val_f1_macro=0.4774 val_f1_weighted=0.5318 val_prec_macro=0.4839 val_rec_macro=0.4728 val_metric_name=acc val_metric=0.5336
Step  950 | loss 0.1212 | val_acc=0.5327 val_loss=3.2471 val_f1_macro=0.4774 val_f1_weighted=0.5320 val_prec_macro=0.4785 val_rec_macro=0.4771 val_metric_name=acc val_metric=0.5327
Step 1000 | loss 0.1103 | val_acc=0.5329 val_loss=3.3442 val_f1_macro=0.4774 val_f1_weighted=0.5316 val_prec_macro=0.4811 val_rec_macro=0.4750 val_metric_name=acc val_metric=0.5329
Step 1050 | loss 0.0989 | val_acc=0.5388 val_loss=3.3938 val_f1_macro=0.4825 val_f1_weighted=0.5368 val_prec_macro=0.4898 val_rec_macro=0.4769 val_metric_name=acc val_metric=0.5388
Step 1100 | loss 0.0814 | val_acc=0.5365 val_loss=3.4901 val_f1_macro=0.4791 val_f1_weighted=0.5347 val_prec_macro=0.4848 val_rec_macro=0.4749 val_metric_name=acc val_metric=0.5365
Step 1150 | loss 0.0760 | val_acc=0.5407 val_loss=3.5301 val_f1_macro=0.4837 val_f1_weighted=0.5373 val_prec_macro=0.4982 val_rec_macro=0.4736 val_metric_name=acc val_metric=0.5407
Step 1200 | loss 0.0701 | val_acc=0.5396 val_loss=3.6073 val_f1_macro=0.4855 val_f1_weighted=0.5375 val_prec_macro=0.4947 val_rec_macro=0.4792 val_metric_name=acc val_metric=0.5396
Step 1250 | loss 0.0610 | val_acc=0.5375 val_loss=3.6569 val_f1_macro=0.4818 val_f1_weighted=0.5356 val_prec_macro=0.4896 val_rec_macro=0.4759 val_metric_name=acc val_metric=0.5375
Step 1300 | loss 0.0585 | val_acc=0.5380 val_loss=3.7118 val_f1_macro=0.4823 val_f1_weighted=0.5363 val_prec_macro=0.4890 val_rec_macro=0.4773 val_metric_name=acc val_metric=0.5380
Step 1350 | loss 0.0526 | val_acc=0.5390 val_loss=3.7771 val_f1_macro=0.4828 val_f1_weighted=0.5375 val_prec_macro=0.4881 val_rec_macro=0.4789 val_metric_name=acc val_metric=0.5390
Step 1400 | loss 0.0474 | val_acc=0.5419 val_loss=3.7956 val_f1_macro=0.4845 val_f1_weighted=0.5394 val_prec_macro=0.4955 val_rec_macro=0.4765 val_metric_name=acc val_metric=0.5419
Step 1450 | loss 0.0438 | val_acc=0.5411 val_loss=3.8587 val_f1_macro=0.4838 val_f1_weighted=0.5389 val_prec_macro=0.4935 val_rec_macro=0.4766 val_metric_name=acc val_metric=0.5411
Step 1500 | loss 0.0373 | val_acc=0.5385 val_loss=3.9024 val_f1_macro=0.4821 val_f1_weighted=0.5364 val_prec_macro=0.4903 val_rec_macro=0.4763 val_metric_name=acc val_metric=0.5385
Step 1550 | loss 0.0427 | val_acc=0.5375 val_loss=3.9359 val_f1_macro=0.4810 val_f1_weighted=0.5368 val_prec_macro=0.4825 val_rec_macro=0.4803 val_metric_name=acc val_metric=0.5375
Step 1600 | loss 0.0350 | val_acc=0.5421 val_loss=3.9751 val_f1_macro=0.4880 val_f1_weighted=0.5406 val_prec_macro=0.4947 val_rec_macro=0.4829 val_metric_name=acc val_metric=0.5421
Step 1650 | loss 0.0346 | val_acc=0.5443 val_loss=3.9640 val_f1_macro=0.4867 val_f1_weighted=0.5427 val_prec_macro=0.4929 val_rec_macro=0.4821 val_metric_name=acc val_metric=0.5443
Step 1700 | loss 0.0321 | val_acc=0.5388 val_loss=4.0363 val_f1_macro=0.4854 val_f1_weighted=0.5373 val_prec_macro=0.4931 val_rec_macro=0.4797 val_metric_name=acc val_metric=0.5388
Step 1750 | loss 0.0333 | val_acc=0.5393 val_loss=4.0739 val_f1_macro=0.4829 val_f1_weighted=0.5377 val_prec_macro=0.4890 val_rec_macro=0.4779 val_metric_name=acc val_metric=0.5393
Step 1800 | loss 0.0264 | val_acc=0.5427 val_loss=4.0904 val_f1_macro=0.4858 val_f1_weighted=0.5411 val_prec_macro=0.4921 val_rec_macro=0.4814 val_metric_name=acc val_metric=0.5427
Step 1850 | loss 0.0264 | val_acc=0.5411 val_loss=4.1250 val_f1_macro=0.4835 val_f1_weighted=0.5396 val_prec_macro=0.4889 val_rec_macro=0.4790 val_metric_name=acc val_metric=0.5411
Step 1900 | loss 0.0280 | val_acc=0.5429 val_loss=4.1546 val_f1_macro=0.4855 val_f1_weighted=0.5408 val_prec_macro=0.4944 val_rec_macro=0.4787 val_metric_name=acc val_metric=0.5429
Step 1950 | loss 0.0242 | val_acc=0.5404 val_loss=4.1622 val_f1_macro=0.4854 val_f1_weighted=0.5389 val_prec_macro=0.4919 val_rec_macro=0.4805 val_metric_name=acc val_metric=0.5404
Step 2000 | loss 0.0236 | val_acc=0.5394 val_loss=4.2234 val_f1_macro=0.4816 val_f1_weighted=0.5375 val_prec_macro=0.4904 val_rec_macro=0.4750 val_metric_name=acc val_metric=0.5394
Step 2050 | loss 0.0226 | val_acc=0.5414 val_loss=4.2663 val_f1_macro=0.4850 val_f1_weighted=0.5397 val_prec_macro=0.4923 val_rec_macro=0.4794 val_metric_name=acc val_metric=0.5414
Step 2100 | loss 0.0219 | val_acc=0.5427 val_loss=4.2319 val_f1_macro=0.4875 val_f1_weighted=0.5411 val_prec_macro=0.4935 val_rec_macro=0.4828 val_metric_name=acc val_metric=0.5427
Step 2150 | loss 0.0204 | val_acc=0.5427 val_loss=4.2663 val_f1_macro=0.4863 val_f1_weighted=0.5407 val_prec_macro=0.4940 val_rec_macro=0.4806 val_metric_name=acc val_metric=0.5427
Early stopping at step 2190

--- Final (best ckpt @ step 1890) ---
  train_acc=0.9994 train_loss=0.0012 train_f1_macro=0.9991 train_f1_weighted=0.9994 train_prec_macro=0.9987 train_rec_macro=0.9995 train_metric_name=acc train_metric=0.9994
  val_acc=0.5476 val_loss=4.1122 val_f1_macro=0.4915 val_f1_weighted=0.5447 val_prec_macro=0.5059 val_rec_macro=0.4811 val_metric_name=acc val_metric=0.5476
  test_acc=0.5416 test_loss=4.1134 test_f1_macro=0.4860 test_f1_weighted=0.5377 test_prec_macro=0.5028 test_rec_macro=0.4746 test_metric_name=acc test_metric=0.5416
  test_acc=0.5416

============================================================
Training amazon-ratings SAGE 5L h=512 lr=0.0001 split=6
============================================================
Training for 5000 steps
Step    1 | loss 1.7957 | val_acc=0.3678 val_loss=1.7404 val_f1_macro=0.1090 val_f1_weighted=0.1997 val_prec_macro=0.1308 val_rec_macro=0.2002 val_metric_name=acc val_metric=0.3678
Step   50 | loss 1.3732 | val_acc=0.4119 val_loss=1.3625 val_f1_macro=0.1987 val_f1_weighted=0.3181 val_prec_macro=0.2361 val_rec_macro=0.2504 val_metric_name=acc val_metric=0.4119
Step  100 | loss 1.3241 | val_acc=0.4127 val_loss=1.3468 val_f1_macro=0.2417 val_f1_weighted=0.3552 val_prec_macro=0.2956 val_rec_macro=0.2773 val_metric_name=acc val_metric=0.4127
Step  150 | loss 1.2519 | val_acc=0.4289 val_loss=1.3561 val_f1_macro=0.2941 val_f1_weighted=0.3896 val_prec_macro=0.4017 val_rec_macro=0.3060 val_metric_name=acc val_metric=0.4289
Step  200 | loss 1.1434 | val_acc=0.4406 val_loss=1.3900 val_f1_macro=0.3291 val_f1_weighted=0.4069 val_prec_macro=0.4346 val_rec_macro=0.3340 val_metric_name=acc val_metric=0.4406
Step  250 | loss 1.0148 | val_acc=0.4740 val_loss=1.3953 val_f1_macro=0.3860 val_f1_weighted=0.4512 val_prec_macro=0.4500 val_rec_macro=0.3746 val_metric_name=acc val_metric=0.4740
Step  300 | loss 0.8692 | val_acc=0.4898 val_loss=1.4933 val_f1_macro=0.4226 val_f1_weighted=0.4781 val_prec_macro=0.4673 val_rec_macro=0.4102 val_metric_name=acc val_metric=0.4898
Step  350 | loss 0.7129 | val_acc=0.5037 val_loss=1.6379 val_f1_macro=0.4432 val_f1_weighted=0.4983 val_prec_macro=0.4637 val_rec_macro=0.4334 val_metric_name=acc val_metric=0.5037
Step  400 | loss 0.5600 | val_acc=0.5122 val_loss=1.8652 val_f1_macro=0.4563 val_f1_weighted=0.5081 val_prec_macro=0.4718 val_rec_macro=0.4485 val_metric_name=acc val_metric=0.5122
Step  450 | loss 0.4209 | val_acc=0.5236 val_loss=2.1340 val_f1_macro=0.4661 val_f1_weighted=0.5208 val_prec_macro=0.4739 val_rec_macro=0.4610 val_metric_name=acc val_metric=0.5236
Step  500 | loss 0.3195 | val_acc=0.5249 val_loss=2.4223 val_f1_macro=0.4691 val_f1_weighted=0.5234 val_prec_macro=0.4730 val_rec_macro=0.4661 val_metric_name=acc val_metric=0.5249
Step  550 | loss 0.2384 | val_acc=0.5295 val_loss=2.6830 val_f1_macro=0.4735 val_f1_weighted=0.5269 val_prec_macro=0.4859 val_rec_macro=0.4652 val_metric_name=acc val_metric=0.5295
Step  600 | loss 0.1864 | val_acc=0.5314 val_loss=2.8866 val_f1_macro=0.4750 val_f1_weighted=0.5295 val_prec_macro=0.4839 val_rec_macro=0.4680 val_metric_name=acc val_metric=0.5314
Step  650 | loss 0.1419 | val_acc=0.5354 val_loss=3.0779 val_f1_macro=0.4781 val_f1_weighted=0.5318 val_prec_macro=0.4938 val_rec_macro=0.4684 val_metric_name=acc val_metric=0.5354
Step  700 | loss 0.1179 | val_acc=0.5311 val_loss=3.2313 val_f1_macro=0.4740 val_f1_weighted=0.5287 val_prec_macro=0.4847 val_rec_macro=0.4671 val_metric_name=acc val_metric=0.5311
Step  750 | loss 0.0971 | val_acc=0.5383 val_loss=3.3528 val_f1_macro=0.4811 val_f1_weighted=0.5360 val_prec_macro=0.4900 val_rec_macro=0.4743 val_metric_name=acc val_metric=0.5383
Step  800 | loss 0.0786 | val_acc=0.5358 val_loss=3.4389 val_f1_macro=0.4771 val_f1_weighted=0.5330 val_prec_macro=0.4900 val_rec_macro=0.4678 val_metric_name=acc val_metric=0.5358
Step  850 | loss 0.0678 | val_acc=0.5383 val_loss=3.5656 val_f1_macro=0.4821 val_f1_weighted=0.5364 val_prec_macro=0.4898 val_rec_macro=0.4764 val_metric_name=acc val_metric=0.5383
Step  900 | loss 0.0619 | val_acc=0.5365 val_loss=3.6193 val_f1_macro=0.4821 val_f1_weighted=0.5343 val_prec_macro=0.4921 val_rec_macro=0.4746 val_metric_name=acc val_metric=0.5365
Step  950 | loss 0.0491 | val_acc=0.5393 val_loss=3.7149 val_f1_macro=0.4820 val_f1_weighted=0.5368 val_prec_macro=0.4919 val_rec_macro=0.4746 val_metric_name=acc val_metric=0.5393
Step 1000 | loss 0.0474 | val_acc=0.5388 val_loss=3.7694 val_f1_macro=0.4840 val_f1_weighted=0.5368 val_prec_macro=0.4946 val_rec_macro=0.4762 val_metric_name=acc val_metric=0.5388
Step 1050 | loss 0.0423 | val_acc=0.5388 val_loss=3.7860 val_f1_macro=0.4822 val_f1_weighted=0.5362 val_prec_macro=0.4932 val_rec_macro=0.4742 val_metric_name=acc val_metric=0.5388
Step 1100 | loss 0.0395 | val_acc=0.5403 val_loss=3.8518 val_f1_macro=0.4833 val_f1_weighted=0.5375 val_prec_macro=0.4971 val_rec_macro=0.4735 val_metric_name=acc val_metric=0.5403
Step 1150 | loss 0.0381 | val_acc=0.5432 val_loss=3.8828 val_f1_macro=0.4860 val_f1_weighted=0.5402 val_prec_macro=0.4999 val_rec_macro=0.4761 val_metric_name=acc val_metric=0.5432
Step 1200 | loss 0.0316 | val_acc=0.5376 val_loss=3.9105 val_f1_macro=0.4802 val_f1_weighted=0.5347 val_prec_macro=0.4941 val_rec_macro=0.4714 val_metric_name=acc val_metric=0.5376
Step 1250 | loss 0.0317 | val_acc=0.5422 val_loss=3.9260 val_f1_macro=0.4866 val_f1_weighted=0.5396 val_prec_macro=0.4989 val_rec_macro=0.4784 val_metric_name=acc val_metric=0.5422
Step 1300 | loss 0.0285 | val_acc=0.5422 val_loss=4.0295 val_f1_macro=0.4884 val_f1_weighted=0.5397 val_prec_macro=0.5013 val_rec_macro=0.4799 val_metric_name=acc val_metric=0.5422
Step 1350 | loss 0.0258 | val_acc=0.5445 val_loss=4.0316 val_f1_macro=0.4879 val_f1_weighted=0.5420 val_prec_macro=0.4998 val_rec_macro=0.4801 val_metric_name=acc val_metric=0.5445
Step 1400 | loss 0.0216 | val_acc=0.5386 val_loss=4.0522 val_f1_macro=0.4830 val_f1_weighted=0.5358 val_prec_macro=0.4976 val_rec_macro=0.4729 val_metric_name=acc val_metric=0.5386
Step 1450 | loss 0.0221 | val_acc=0.5427 val_loss=4.0821 val_f1_macro=0.4869 val_f1_weighted=0.5399 val_prec_macro=0.5002 val_rec_macro=0.4776 val_metric_name=acc val_metric=0.5427
Step 1500 | loss 0.0235 | val_acc=0.5388 val_loss=4.1190 val_f1_macro=0.4846 val_f1_weighted=0.5363 val_prec_macro=0.4980 val_rec_macro=0.4760 val_metric_name=acc val_metric=0.5388
Step 1550 | loss 0.0188 | val_acc=0.5383 val_loss=4.1259 val_f1_macro=0.4822 val_f1_weighted=0.5357 val_prec_macro=0.4931 val_rec_macro=0.4745 val_metric_name=acc val_metric=0.5383
Step 1600 | loss 0.0179 | val_acc=0.5427 val_loss=4.1213 val_f1_macro=0.4884 val_f1_weighted=0.5400 val_prec_macro=0.5016 val_rec_macro=0.4796 val_metric_name=acc val_metric=0.5427
Step 1650 | loss 0.0181 | val_acc=0.5419 val_loss=4.1622 val_f1_macro=0.4860 val_f1_weighted=0.5393 val_prec_macro=0.4975 val_rec_macro=0.4776 val_metric_name=acc val_metric=0.5419
Step 1700 | loss 0.0160 | val_acc=0.5391 val_loss=4.2207 val_f1_macro=0.4847 val_f1_weighted=0.5367 val_prec_macro=0.4950 val_rec_macro=0.4776 val_metric_name=acc val_metric=0.5391
Step 1750 | loss 0.0181 | val_acc=0.5448 val_loss=4.2221 val_f1_macro=0.4898 val_f1_weighted=0.5421 val_prec_macro=0.5050 val_rec_macro=0.4793 val_metric_name=acc val_metric=0.5448
Step 1800 | loss 0.0168 | val_acc=0.5442 val_loss=4.2425 val_f1_macro=0.4876 val_f1_weighted=0.5418 val_prec_macro=0.4986 val_rec_macro=0.4799 val_metric_name=acc val_metric=0.5442
Step 1850 | loss 0.0162 | val_acc=0.5407 val_loss=4.2502 val_f1_macro=0.4838 val_f1_weighted=0.5386 val_prec_macro=0.4928 val_rec_macro=0.4774 val_metric_name=acc val_metric=0.5407
Step 1900 | loss 0.0124 | val_acc=0.5398 val_loss=4.2696 val_f1_macro=0.4822 val_f1_weighted=0.5375 val_prec_macro=0.4921 val_rec_macro=0.4749 val_metric_name=acc val_metric=0.5398
Step 1950 | loss 0.0133 | val_acc=0.5432 val_loss=4.2894 val_f1_macro=0.4875 val_f1_weighted=0.5408 val_prec_macro=0.4992 val_rec_macro=0.4800 val_metric_name=acc val_metric=0.5432
Step 2000 | loss 0.0153 | val_acc=0.5440 val_loss=4.2921 val_f1_macro=0.4893 val_f1_weighted=0.5421 val_prec_macro=0.4987 val_rec_macro=0.4826 val_metric_name=acc val_metric=0.5440
Step 2050 | loss 0.0123 | val_acc=0.5406 val_loss=4.3562 val_f1_macro=0.4849 val_f1_weighted=0.5387 val_prec_macro=0.4932 val_rec_macro=0.4790 val_metric_name=acc val_metric=0.5406
Step 2100 | loss 0.0140 | val_acc=0.5453 val_loss=4.3839 val_f1_macro=0.4878 val_f1_weighted=0.5431 val_prec_macro=0.4967 val_rec_macro=0.4820 val_metric_name=acc val_metric=0.5453
Step 2150 | loss 0.0121 | val_acc=0.5386 val_loss=4.4022 val_f1_macro=0.4808 val_f1_weighted=0.5363 val_prec_macro=0.4909 val_rec_macro=0.4732 val_metric_name=acc val_metric=0.5386
Step 2200 | loss 0.0098 | val_acc=0.5458 val_loss=4.3968 val_f1_macro=0.4903 val_f1_weighted=0.5439 val_prec_macro=0.4988 val_rec_macro=0.4837 val_metric_name=acc val_metric=0.5458
Step 2250 | loss 0.0115 | val_acc=0.5456 val_loss=4.3916 val_f1_macro=0.4881 val_f1_weighted=0.5430 val_prec_macro=0.4995 val_rec_macro=0.4801 val_metric_name=acc val_metric=0.5456
Step 2300 | loss 0.0112 | val_acc=0.5442 val_loss=4.3706 val_f1_macro=0.4876 val_f1_weighted=0.5417 val_prec_macro=0.4984 val_rec_macro=0.4800 val_metric_name=acc val_metric=0.5442
Step 2350 | loss 0.0101 | val_acc=0.5440 val_loss=4.4120 val_f1_macro=0.4902 val_f1_weighted=0.5422 val_prec_macro=0.5004 val_rec_macro=0.4825 val_metric_name=acc val_metric=0.5440
Step 2400 | loss 0.0104 | val_acc=0.5447 val_loss=4.4195 val_f1_macro=0.4892 val_f1_weighted=0.5434 val_prec_macro=0.4946 val_rec_macro=0.4850 val_metric_name=acc val_metric=0.5447
Step 2450 | loss 0.0093 | val_acc=0.5488 val_loss=4.4693 val_f1_macro=0.4943 val_f1_weighted=0.5471 val_prec_macro=0.5016 val_rec_macro=0.4886 val_metric_name=acc val_metric=0.5488
Step 2500 | loss 0.0094 | val_acc=0.5468 val_loss=4.4549 val_f1_macro=0.4933 val_f1_weighted=0.5447 val_prec_macro=0.5042 val_rec_macro=0.4852 val_metric_name=acc val_metric=0.5468
Step 2550 | loss 0.0068 | val_acc=0.5450 val_loss=4.5074 val_f1_macro=0.4887 val_f1_weighted=0.5425 val_prec_macro=0.4990 val_rec_macro=0.4810 val_metric_name=acc val_metric=0.5450
Step 2600 | loss 0.0065 | val_acc=0.5455 val_loss=4.4827 val_f1_macro=0.4907 val_f1_weighted=0.5426 val_prec_macro=0.5054 val_rec_macro=0.4808 val_metric_name=acc val_metric=0.5455
Step 2650 | loss 0.0094 | val_acc=0.5512 val_loss=4.4920 val_f1_macro=0.4955 val_f1_weighted=0.5482 val_prec_macro=0.5088 val_rec_macro=0.4861 val_metric_name=acc val_metric=0.5512
Step 2700 | loss 0.0087 | val_acc=0.5491 val_loss=4.5291 val_f1_macro=0.4878 val_f1_weighted=0.5455 val_prec_macro=0.5019 val_rec_macro=0.4786 val_metric_name=acc val_metric=0.5491
Step 2750 | loss 0.0071 | val_acc=0.5455 val_loss=4.5085 val_f1_macro=0.4889 val_f1_weighted=0.5429 val_prec_macro=0.5012 val_rec_macro=0.4801 val_metric_name=acc val_metric=0.5455
Step 2800 | loss 0.0074 | val_acc=0.5427 val_loss=4.5532 val_f1_macro=0.4860 val_f1_weighted=0.5402 val_prec_macro=0.4967 val_rec_macro=0.4781 val_metric_name=acc val_metric=0.5427
Step 2850 | loss 0.0071 | val_acc=0.5450 val_loss=4.5512 val_f1_macro=0.4890 val_f1_weighted=0.5423 val_prec_macro=0.5014 val_rec_macro=0.4803 val_metric_name=acc val_metric=0.5450
Step 2900 | loss 0.0074 | val_acc=0.5499 val_loss=4.5609 val_f1_macro=0.4915 val_f1_weighted=0.5470 val_prec_macro=0.5051 val_rec_macro=0.4818 val_metric_name=acc val_metric=0.5499
Step 2950 | loss 0.0069 | val_acc=0.5488 val_loss=4.5494 val_f1_macro=0.4931 val_f1_weighted=0.5461 val_prec_macro=0.5064 val_rec_macro=0.4838 val_metric_name=acc val_metric=0.5488
Step 3000 | loss 0.0064 | val_acc=0.5460 val_loss=4.5944 val_f1_macro=0.4900 val_f1_weighted=0.5438 val_prec_macro=0.5004 val_rec_macro=0.4828 val_metric_name=acc val_metric=0.5460
Step 3050 | loss 0.0077 | val_acc=0.5465 val_loss=4.5237 val_f1_macro=0.4928 val_f1_weighted=0.5441 val_prec_macro=0.5050 val_rec_macro=0.4836 val_metric_name=acc val_metric=0.5465
Step 3100 | loss 0.0054 | val_acc=0.5499 val_loss=4.5241 val_f1_macro=0.4916 val_f1_weighted=0.5476 val_prec_macro=0.5027 val_rec_macro=0.4833 val_metric_name=acc val_metric=0.5499
Step 3150 | loss 0.0072 | val_acc=0.5504 val_loss=4.6293 val_f1_macro=0.4921 val_f1_weighted=0.5476 val_prec_macro=0.5049 val_rec_macro=0.4830 val_metric_name=acc val_metric=0.5504
Step 3200 | loss 0.0055 | val_acc=0.5460 val_loss=4.6419 val_f1_macro=0.4884 val_f1_weighted=0.5439 val_prec_macro=0.4984 val_rec_macro=0.4808 val_metric_name=acc val_metric=0.5460
Step 3250 | loss 0.0055 | val_acc=0.5453 val_loss=4.6000 val_f1_macro=0.4888 val_f1_weighted=0.5434 val_prec_macro=0.4978 val_rec_macro=0.4819 val_metric_name=acc val_metric=0.5453
Step 3300 | loss 0.0046 | val_acc=0.5450 val_loss=4.6543 val_f1_macro=0.4835 val_f1_weighted=0.5428 val_prec_macro=0.4925 val_rec_macro=0.4773 val_metric_name=acc val_metric=0.5450
Step 3350 | loss 0.0051 | val_acc=0.5489 val_loss=4.6354 val_f1_macro=0.4892 val_f1_weighted=0.5460 val_prec_macro=0.5025 val_rec_macro=0.4800 val_metric_name=acc val_metric=0.5489
Step 3400 | loss 0.0066 | val_acc=0.5471 val_loss=4.6923 val_f1_macro=0.4913 val_f1_weighted=0.5442 val_prec_macro=0.5076 val_rec_macro=0.4810 val_metric_name=acc val_metric=0.5471
Step 3450 | loss 0.0064 | val_acc=0.5468 val_loss=4.6436 val_f1_macro=0.4891 val_f1_weighted=0.5435 val_prec_macro=0.5073 val_rec_macro=0.4774 val_metric_name=acc val_metric=0.5468
Early stopping at step 3462

--- Final (best ckpt @ step 3070) ---
  train_acc=1.0000 train_loss=0.0001 train_f1_macro=1.0000 train_f1_weighted=1.0000 train_prec_macro=1.0000 train_rec_macro=1.0000 train_metric_name=acc train_metric=1.0000
  val_acc=0.5532 val_loss=4.5455 val_f1_macro=0.4986 val_f1_weighted=0.5505 val_prec_macro=0.5140 val_rec_macro=0.4880 val_metric_name=acc val_metric=0.5532
  test_acc=0.5460 test_loss=4.5653 test_f1_macro=0.4886 test_f1_weighted=0.5419 test_prec_macro=0.5098 test_rec_macro=0.4755 test_metric_name=acc test_metric=0.5460
  test_acc=0.5460

============================================================
Training amazon-ratings SAGE 5L h=512 lr=1e-05 split=6
============================================================
Training for 5000 steps
Step    1 | loss 1.7957 | val_acc=0.2958 val_loss=1.5952 val_f1_macro=0.1353 val_f1_weighted=0.2068 val_prec_macro=0.2585 val_rec_macro=0.2031 val_metric_name=acc val_metric=0.2958
Step   50 | loss 1.4319 | val_acc=0.3774 val_loss=1.4116 val_f1_macro=0.1543 val_f1_weighted=0.2596 val_prec_macro=0.1526 val_rec_macro=0.2148 val_metric_name=acc val_metric=0.3774
Step  100 | loss 1.4110 | val_acc=0.3869 val_loss=1.3932 val_f1_macro=0.1764 val_f1_weighted=0.2882 val_prec_macro=0.3569 val_rec_macro=0.2282 val_metric_name=acc val_metric=0.3869
Step  150 | loss 1.3954 | val_acc=0.4031 val_loss=1.3763 val_f1_macro=0.1947 val_f1_weighted=0.3117 val_prec_macro=0.2303 val_rec_macro=0.2467 val_metric_name=acc val_metric=0.4031
Step  200 | loss 1.3703 | val_acc=0.4112 val_loss=1.3654 val_f1_macro=0.2057 val_f1_weighted=0.3248 val_prec_macro=0.2379 val_rec_macro=0.2571 val_metric_name=acc val_metric=0.4112
Step  250 | loss 1.3519 | val_acc=0.4158 val_loss=1.3598 val_f1_macro=0.2242 val_f1_weighted=0.3453 val_prec_macro=0.2379 val_rec_macro=0.2668 val_metric_name=acc val_metric=0.4158
Step  300 | loss 1.3400 | val_acc=0.4184 val_loss=1.3626 val_f1_macro=0.2343 val_f1_weighted=0.3553 val_prec_macro=0.3081 val_rec_macro=0.2745 val_metric_name=acc val_metric=0.4184
Step  350 | loss 1.3190 | val_acc=0.4207 val_loss=1.3586 val_f1_macro=0.2499 val_f1_weighted=0.3677 val_prec_macro=0.3388 val_rec_macro=0.2822 val_metric_name=acc val_metric=0.4207
Step  400 | loss 1.3048 | val_acc=0.4194 val_loss=1.3550 val_f1_macro=0.2586 val_f1_weighted=0.3724 val_prec_macro=0.3244 val_rec_macro=0.2860 val_metric_name=acc val_metric=0.4194
Step  450 | loss 1.2851 | val_acc=0.4215 val_loss=1.3723 val_f1_macro=0.2675 val_f1_weighted=0.3762 val_prec_macro=0.3533 val_rec_macro=0.2937 val_metric_name=acc val_metric=0.4215
Step  500 | loss 1.2688 | val_acc=0.4261 val_loss=1.3732 val_f1_macro=0.2804 val_f1_weighted=0.3846 val_prec_macro=0.3975 val_rec_macro=0.3023 val_metric_name=acc val_metric=0.4261
Step  550 | loss 1.2586 | val_acc=0.4254 val_loss=1.3877 val_f1_macro=0.2858 val_f1_weighted=0.3852 val_prec_macro=0.3975 val_rec_macro=0.3050 val_metric_name=acc val_metric=0.4254
Step  600 | loss 1.2327 | val_acc=0.4339 val_loss=1.3884 val_f1_macro=0.3023 val_f1_weighted=0.3970 val_prec_macro=0.4199 val_rec_macro=0.3152 val_metric_name=acc val_metric=0.4339
Step  650 | loss 1.2170 | val_acc=0.4411 val_loss=1.3815 val_f1_macro=0.3154 val_f1_weighted=0.4047 val_prec_macro=0.4315 val_rec_macro=0.3229 val_metric_name=acc val_metric=0.4411
Step  700 | loss 1.1975 | val_acc=0.4444 val_loss=1.3834 val_f1_macro=0.3282 val_f1_weighted=0.4114 val_prec_macro=0.4326 val_rec_macro=0.3315 val_metric_name=acc val_metric=0.4444
Step  750 | loss 1.1699 | val_acc=0.4485 val_loss=1.3947 val_f1_macro=0.3381 val_f1_weighted=0.4166 val_prec_macro=0.4379 val_rec_macro=0.3403 val_metric_name=acc val_metric=0.4485
Step  800 | loss 1.1492 | val_acc=0.4517 val_loss=1.4001 val_f1_macro=0.3446 val_f1_weighted=0.4204 val_prec_macro=0.4530 val_rec_macro=0.3439 val_metric_name=acc val_metric=0.4517
Step  850 | loss 1.1310 | val_acc=0.4544 val_loss=1.3911 val_f1_macro=0.3564 val_f1_weighted=0.4278 val_prec_macro=0.4389 val_rec_macro=0.3528 val_metric_name=acc val_metric=0.4544
Step  900 | loss 1.1123 | val_acc=0.4557 val_loss=1.4014 val_f1_macro=0.3594 val_f1_weighted=0.4289 val_prec_macro=0.4477 val_rec_macro=0.3557 val_metric_name=acc val_metric=0.4557
Step  950 | loss 1.0941 | val_acc=0.4615 val_loss=1.4025 val_f1_macro=0.3688 val_f1_weighted=0.4368 val_prec_macro=0.4541 val_rec_macro=0.3636 val_metric_name=acc val_metric=0.4615
Step 1000 | loss 1.0684 | val_acc=0.4725 val_loss=1.3970 val_f1_macro=0.3834 val_f1_weighted=0.4506 val_prec_macro=0.4640 val_rec_macro=0.3735 val_metric_name=acc val_metric=0.4725
Step 1050 | loss 1.0391 | val_acc=0.4676 val_loss=1.4129 val_f1_macro=0.3792 val_f1_weighted=0.4451 val_prec_macro=0.4619 val_rec_macro=0.3701 val_metric_name=acc val_metric=0.4676
Step 1100 | loss 1.0253 | val_acc=0.4726 val_loss=1.4202 val_f1_macro=0.3856 val_f1_weighted=0.4502 val_prec_macro=0.4702 val_rec_macro=0.3756 val_metric_name=acc val_metric=0.4726
Step 1150 | loss 1.0001 | val_acc=0.4800 val_loss=1.4088 val_f1_macro=0.3989 val_f1_weighted=0.4628 val_prec_macro=0.4611 val_rec_macro=0.3887 val_metric_name=acc val_metric=0.4800
Step 1200 | loss 0.9865 | val_acc=0.4862 val_loss=1.4205 val_f1_macro=0.4065 val_f1_weighted=0.4695 val_prec_macro=0.4750 val_rec_macro=0.3931 val_metric_name=acc val_metric=0.4862
Step 1250 | loss 0.9523 | val_acc=0.4872 val_loss=1.4333 val_f1_macro=0.4087 val_f1_weighted=0.4712 val_prec_macro=0.4754 val_rec_macro=0.3951 val_metric_name=acc val_metric=0.4872
Step 1300 | loss 0.9358 | val_acc=0.4962 val_loss=1.4354 val_f1_macro=0.4226 val_f1_weighted=0.4837 val_prec_macro=0.4748 val_rec_macro=0.4081 val_metric_name=acc val_metric=0.4962
Step 1350 | loss 0.9125 | val_acc=0.4955 val_loss=1.4490 val_f1_macro=0.4243 val_f1_weighted=0.4831 val_prec_macro=0.4727 val_rec_macro=0.4107 val_metric_name=acc val_metric=0.4955
Step 1400 | loss 0.8875 | val_acc=0.4996 val_loss=1.4604 val_f1_macro=0.4329 val_f1_weighted=0.4893 val_prec_macro=0.4806 val_rec_macro=0.4166 val_metric_name=acc val_metric=0.4996
Step 1450 | loss 0.8529 | val_acc=0.5014 val_loss=1.4855 val_f1_macro=0.4334 val_f1_weighted=0.4914 val_prec_macro=0.4808 val_rec_macro=0.4174 val_metric_name=acc val_metric=0.5014
Step 1500 | loss 0.8345 | val_acc=0.5069 val_loss=1.5085 val_f1_macro=0.4417 val_f1_weighted=0.4963 val_prec_macro=0.4874 val_rec_macro=0.4271 val_metric_name=acc val_metric=0.5069
Step 1550 | loss 0.8107 | val_acc=0.5086 val_loss=1.5283 val_f1_macro=0.4480 val_f1_weighted=0.5006 val_prec_macro=0.4838 val_rec_macro=0.4335 val_metric_name=acc val_metric=0.5086
Step 1600 | loss 0.7811 | val_acc=0.5099 val_loss=1.5536 val_f1_macro=0.4499 val_f1_weighted=0.5021 val_prec_macro=0.4830 val_rec_macro=0.4378 val_metric_name=acc val_metric=0.5099
Step 1650 | loss 0.7652 | val_acc=0.5135 val_loss=1.5695 val_f1_macro=0.4536 val_f1_weighted=0.5056 val_prec_macro=0.4909 val_rec_macro=0.4390 val_metric_name=acc val_metric=0.5135
Step 1700 | loss 0.7430 | val_acc=0.5114 val_loss=1.6101 val_f1_macro=0.4532 val_f1_weighted=0.5036 val_prec_macro=0.4856 val_rec_macro=0.4418 val_metric_name=acc val_metric=0.5114
Step 1750 | loss 0.7152 | val_acc=0.5161 val_loss=1.6269 val_f1_macro=0.4597 val_f1_weighted=0.5094 val_prec_macro=0.4903 val_rec_macro=0.4470 val_metric_name=acc val_metric=0.5161
Step 1800 | loss 0.6849 | val_acc=0.5169 val_loss=1.6586 val_f1_macro=0.4619 val_f1_weighted=0.5115 val_prec_macro=0.4860 val_rec_macro=0.4502 val_metric_name=acc val_metric=0.5169
Step 1850 | loss 0.6606 | val_acc=0.5205 val_loss=1.7045 val_f1_macro=0.4661 val_f1_weighted=0.5147 val_prec_macro=0.4916 val_rec_macro=0.4547 val_metric_name=acc val_metric=0.5205
Step 1900 | loss 0.6353 | val_acc=0.5221 val_loss=1.7194 val_f1_macro=0.4655 val_f1_weighted=0.5165 val_prec_macro=0.4901 val_rec_macro=0.4533 val_metric_name=acc val_metric=0.5221
Step 1950 | loss 0.6102 | val_acc=0.5220 val_loss=1.7558 val_f1_macro=0.4661 val_f1_weighted=0.5164 val_prec_macro=0.4889 val_rec_macro=0.4552 val_metric_name=acc val_metric=0.5220
Step 2000 | loss 0.5854 | val_acc=0.5229 val_loss=1.7906 val_f1_macro=0.4679 val_f1_weighted=0.5189 val_prec_macro=0.4824 val_rec_macro=0.4600 val_metric_name=acc val_metric=0.5229
Step 2050 | loss 0.5726 | val_acc=0.5256 val_loss=1.8374 val_f1_macro=0.4697 val_f1_weighted=0.5209 val_prec_macro=0.4885 val_rec_macro=0.4599 val_metric_name=acc val_metric=0.5256
Step 2100 | loss 0.5520 | val_acc=0.5243 val_loss=1.8680 val_f1_macro=0.4697 val_f1_weighted=0.5199 val_prec_macro=0.4866 val_rec_macro=0.4609 val_metric_name=acc val_metric=0.5243
Step 2150 | loss 0.5258 | val_acc=0.5262 val_loss=1.9144 val_f1_macro=0.4740 val_f1_weighted=0.5222 val_prec_macro=0.4892 val_rec_macro=0.4659 val_metric_name=acc val_metric=0.5262
Step 2200 | loss 0.5169 | val_acc=0.5264 val_loss=1.9504 val_f1_macro=0.4709 val_f1_weighted=0.5227 val_prec_macro=0.4841 val_rec_macro=0.4640 val_metric_name=acc val_metric=0.5264
Step 2250 | loss 0.4831 | val_acc=0.5238 val_loss=1.9937 val_f1_macro=0.4680 val_f1_weighted=0.5209 val_prec_macro=0.4761 val_rec_macro=0.4650 val_metric_name=acc val_metric=0.5238
Step 2300 | loss 0.4712 | val_acc=0.5257 val_loss=2.0272 val_f1_macro=0.4726 val_f1_weighted=0.5231 val_prec_macro=0.4820 val_rec_macro=0.4670 val_metric_name=acc val_metric=0.5257
Step 2350 | loss 0.4489 | val_acc=0.5301 val_loss=2.0737 val_f1_macro=0.4767 val_f1_weighted=0.5267 val_prec_macro=0.4888 val_rec_macro=0.4704 val_metric_name=acc val_metric=0.5301
Step 2400 | loss 0.4304 | val_acc=0.5287 val_loss=2.1073 val_f1_macro=0.4746 val_f1_weighted=0.5257 val_prec_macro=0.4849 val_rec_macro=0.4685 val_metric_name=acc val_metric=0.5287
Step 2450 | loss 0.4174 | val_acc=0.5272 val_loss=2.1556 val_f1_macro=0.4742 val_f1_weighted=0.5246 val_prec_macro=0.4823 val_rec_macro=0.4702 val_metric_name=acc val_metric=0.5272
Step 2500 | loss 0.3897 | val_acc=0.5314 val_loss=2.2013 val_f1_macro=0.4779 val_f1_weighted=0.5286 val_prec_macro=0.4892 val_rec_macro=0.4716 val_metric_name=acc val_metric=0.5314
Step 2550 | loss 0.3803 | val_acc=0.5285 val_loss=2.2334 val_f1_macro=0.4762 val_f1_weighted=0.5258 val_prec_macro=0.4857 val_rec_macro=0.4708 val_metric_name=acc val_metric=0.5285
Step 2600 | loss 0.3672 | val_acc=0.5337 val_loss=2.2769 val_f1_macro=0.4782 val_f1_weighted=0.5307 val_prec_macro=0.4890 val_rec_macro=0.4723 val_metric_name=acc val_metric=0.5337
Step 2650 | loss 0.3559 | val_acc=0.5342 val_loss=2.3176 val_f1_macro=0.4795 val_f1_weighted=0.5315 val_prec_macro=0.4889 val_rec_macro=0.4737 val_metric_name=acc val_metric=0.5342
Step 2700 | loss 0.3377 | val_acc=0.5336 val_loss=2.3425 val_f1_macro=0.4785 val_f1_weighted=0.5313 val_prec_macro=0.4875 val_rec_macro=0.4726 val_metric_name=acc val_metric=0.5336
Step 2750 | loss 0.3254 | val_acc=0.5318 val_loss=2.3954 val_f1_macro=0.4760 val_f1_weighted=0.5295 val_prec_macro=0.4829 val_rec_macro=0.4722 val_metric_name=acc val_metric=0.5318
Step 2800 | loss 0.3144 | val_acc=0.5360 val_loss=2.4333 val_f1_macro=0.4826 val_f1_weighted=0.5333 val_prec_macro=0.4942 val_rec_macro=0.4754 val_metric_name=acc val_metric=0.5360
Step 2850 | loss 0.2999 | val_acc=0.5349 val_loss=2.4725 val_f1_macro=0.4809 val_f1_weighted=0.5330 val_prec_macro=0.4875 val_rec_macro=0.4763 val_metric_name=acc val_metric=0.5349
Step 2900 | loss 0.2812 | val_acc=0.5362 val_loss=2.5120 val_f1_macro=0.4807 val_f1_weighted=0.5336 val_prec_macro=0.4907 val_rec_macro=0.4741 val_metric_name=acc val_metric=0.5362
Step 2950 | loss 0.2784 | val_acc=0.5368 val_loss=2.5499 val_f1_macro=0.4819 val_f1_weighted=0.5347 val_prec_macro=0.4909 val_rec_macro=0.4762 val_metric_name=acc val_metric=0.5368
Step 3000 | loss 0.2570 | val_acc=0.5336 val_loss=2.5888 val_f1_macro=0.4799 val_f1_weighted=0.5318 val_prec_macro=0.4872 val_rec_macro=0.4750 val_metric_name=acc val_metric=0.5336
Step 3050 | loss 0.2465 | val_acc=0.5332 val_loss=2.6356 val_f1_macro=0.4777 val_f1_weighted=0.5312 val_prec_macro=0.4854 val_rec_macro=0.4724 val_metric_name=acc val_metric=0.5332
Step 3100 | loss 0.2418 | val_acc=0.5349 val_loss=2.6767 val_f1_macro=0.4794 val_f1_weighted=0.5329 val_prec_macro=0.4872 val_rec_macro=0.4744 val_metric_name=acc val_metric=0.5349
Step 3150 | loss 0.2384 | val_acc=0.5354 val_loss=2.7073 val_f1_macro=0.4788 val_f1_weighted=0.5332 val_prec_macro=0.4864 val_rec_macro=0.4739 val_metric_name=acc val_metric=0.5354
Step 3200 | loss 0.2221 | val_acc=0.5358 val_loss=2.7534 val_f1_macro=0.4808 val_f1_weighted=0.5337 val_prec_macro=0.4889 val_rec_macro=0.4757 val_metric_name=acc val_metric=0.5358
Early stopping at step 3230

--- Final (best ckpt @ step 2930) ---
  train_acc=0.9855 train_loss=0.0542 train_f1_macro=0.9859 train_f1_weighted=0.9856 train_prec_macro=0.9839 train_rec_macro=0.9880 train_metric_name=acc train_metric=0.9855
  val_acc=0.5398 val_loss=2.5560 val_f1_macro=0.4848 val_f1_weighted=0.5374 val_prec_macro=0.4942 val_rec_macro=0.4786 val_metric_name=acc val_metric=0.5398
  test_acc=0.5345 test_loss=2.5744 test_f1_macro=0.4776 test_f1_weighted=0.5310 test_prec_macro=0.4892 test_rec_macro=0.4704 test_metric_name=acc test_metric=0.5345
  test_acc=0.5345
  >> num_layers=5 hidden_dim=256 lr=3e-05 best_step=2430 val_acc=0.5403 test_acc=0.5370
     val_acc=0.5403 val_f1_macro=0.4853 val_f1_weighted=0.5387 val_loss=2.3957 val_metric=0.5403 val_metric_name=acc val_prec_macro=0.4957 val_rec_macro=0.4794
     test_acc=0.5370 test_f1_macro=0.4831 test_f1_weighted=0.5343 test_loss=2.4477 test_metric=0.5370 test_metric_name=acc test_prec_macro=0.4965 test_rec_macro=0.4755
  >> num_layers=5 hidden_dim=256 lr=6e-05 best_step=2290 val_acc=0.5448 test_acc=0.5399
     val_acc=0.5448 val_f1_macro=0.4904 val_f1_weighted=0.5437 val_loss=3.0494 val_metric=0.5448 val_metric_name=acc val_prec_macro=0.4995 val_rec_macro=0.4851
     test_acc=0.5399 test_f1_macro=0.4878 test_f1_weighted=0.5381 test_loss=3.0736 test_metric=0.5399 test_metric_name=acc test_prec_macro=0.4993 test_rec_macro=0.4803
  >> num_layers=5 hidden_dim=256 lr=0.0001 best_step=1220 val_acc=0.5455 test_acc=0.5412
     val_acc=0.5455 val_f1_macro=0.4910 val_f1_weighted=0.5437 val_loss=2.7610 val_metric=0.5455 val_metric_name=acc val_prec_macro=0.4993 val_rec_macro=0.4854
     test_acc=0.5412 test_f1_macro=0.4878 test_f1_weighted=0.5384 test_loss=2.7861 test_metric=0.5412 test_metric_name=acc test_prec_macro=0.5002 test_rec_macro=0.4799
  >> num_layers=5 hidden_dim=256 lr=1e-05 best_step=3400 val_acc=0.5226 test_acc=0.5167
     val_acc=0.5226 val_f1_macro=0.4613 val_f1_weighted=0.5175 val_loss=1.5758 val_metric=0.5226 val_metric_name=acc val_prec_macro=0.4841 val_rec_macro=0.4513
     test_acc=0.5167 test_f1_macro=0.4587 test_f1_weighted=0.5106 test_loss=1.6098 test_metric=0.5167 test_metric_name=acc test_prec_macro=0.4860 test_rec_macro=0.4476
  >> num_layers=5 hidden_dim=384 lr=3e-05 best_step=2410 val_acc=0.5471 test_acc=0.5375
     val_acc=0.5471 val_f1_macro=0.4862 val_f1_weighted=0.5455 val_loss=3.2064 val_metric=0.5471 val_metric_name=acc val_prec_macro=0.4932 val_rec_macro=0.4823
     test_acc=0.5375 test_f1_macro=0.4822 test_f1_weighted=0.5357 test_loss=3.3038 test_metric=0.5375 test_metric_name=acc test_prec_macro=0.4863 test_rec_macro=0.4798
  >> num_layers=5 hidden_dim=384 lr=6e-05 best_step=2780 val_acc=0.5502 test_acc=0.5414
     val_acc=0.5502 val_f1_macro=0.4888 val_f1_weighted=0.5490 val_loss=3.9730 val_metric=0.5502 val_metric_name=acc val_prec_macro=0.4931 val_rec_macro=0.4863
     test_acc=0.5414 test_f1_macro=0.4874 test_f1_weighted=0.5394 test_loss=4.0379 test_metric=0.5414 test_metric_name=acc test_prec_macro=0.4922 test_rec_macro=0.4844
  >> num_layers=5 hidden_dim=384 lr=0.0001 best_step=3760 val_acc=0.5525 test_acc=0.5414
     val_acc=0.5525 val_f1_macro=0.4914 val_f1_weighted=0.5512 val_loss=4.4133 val_metric=0.5525 val_metric_name=acc val_prec_macro=0.4985 val_rec_macro=0.4870
     test_acc=0.5414 test_f1_macro=0.4873 test_f1_weighted=0.5395 test_loss=4.4591 test_metric=0.5414 test_metric_name=acc test_prec_macro=0.4936 test_rec_macro=0.4829
  >> num_layers=5 hidden_dim=384 lr=1e-05 best_step=3400 val_acc=0.5352 test_acc=0.5244
     val_acc=0.5352 val_f1_macro=0.4792 val_f1_weighted=0.5332 val_loss=2.1502 val_metric=0.5352 val_metric_name=acc val_prec_macro=0.4880 val_rec_macro=0.4753
     test_acc=0.5244 test_f1_macro=0.4698 test_f1_weighted=0.5218 test_loss=2.2329 test_metric=0.5244 test_metric_name=acc test_prec_macro=0.4769 test_rec_macro=0.4668
  >> num_layers=5 hidden_dim=512 lr=3e-05 best_step=3400 val_acc=0.5515 test_acc=0.5481
     val_acc=0.5515 val_f1_macro=0.4930 val_f1_weighted=0.5488 val_loss=4.2499 val_metric=0.5515 val_metric_name=acc val_prec_macro=0.5062 val_rec_macro=0.4838
     test_acc=0.5481 test_f1_macro=0.4894 test_f1_weighted=0.5445 test_loss=4.2936 test_metric=0.5481 test_metric_name=acc test_prec_macro=0.5025 test_rec_macro=0.4809
  >> num_layers=5 hidden_dim=512 lr=6e-05 best_step=1890 val_acc=0.5476 test_acc=0.5416
     val_acc=0.5476 val_f1_macro=0.4915 val_f1_weighted=0.5447 val_loss=4.1122 val_metric=0.5476 val_metric_name=acc val_prec_macro=0.5059 val_rec_macro=0.4811
     test_acc=0.5416 test_f1_macro=0.4860 test_f1_weighted=0.5377 test_loss=4.1134 test_metric=0.5416 test_metric_name=acc test_prec_macro=0.5028 test_rec_macro=0.4746
  >> num_layers=5 hidden_dim=512 lr=0.0001 best_step=3070 val_acc=0.5532 test_acc=0.5460
     val_acc=0.5532 val_f1_macro=0.4986 val_f1_weighted=0.5505 val_loss=4.5455 val_metric=0.5532 val_metric_name=acc val_prec_macro=0.5140 val_rec_macro=0.4880
     test_acc=0.5460 test_f1_macro=0.4886 test_f1_weighted=0.5419 test_loss=4.5653 test_metric=0.5460 test_metric_name=acc test_prec_macro=0.5098 test_rec_macro=0.4755
  >> num_layers=5 hidden_dim=512 lr=1e-05 best_step=2930 val_acc=0.5398 test_acc=0.5345
     val_acc=0.5398 val_f1_macro=0.4848 val_f1_weighted=0.5374 val_loss=2.5560 val_metric=0.5398 val_metric_name=acc val_prec_macro=0.4942 val_rec_macro=0.4786
     test_acc=0.5345 test_f1_macro=0.4776 test_f1_weighted=0.5310 test_loss=2.5744 test_metric=0.5345 test_metric_name=acc test_prec_macro=0.4892 test_rec_macro=0.4704
  >> selected best (by val): num_layers=5 hidden_dim=512 lr=0.0001 val_acc=0.5532 test_acc=0.5460
     val_acc=0.5532 val_f1_macro=0.4986 val_f1_weighted=0.5505 val_loss=4.5455 val_metric=0.5532 val_metric_name=acc val_prec_macro=0.5140 val_rec_macro=0.4880
     test_acc=0.5460 test_f1_macro=0.4886 test_f1_weighted=0.5419 test_loss=4.5653 test_metric=0.5460 test_metric_name=acc test_prec_macro=0.5098 test_rec_macro=0.4755

Done. Results saved to /home/avshmelev/diploma_yandex_graphs/results_grid/amazon_ratings/base.csv, checkpoints in /home/avshmelev/diploma_yandex_graphs/all_checkpoints/amazon_ratings/base/
Skipping: "Done." found in /home/avshmelev/diploma_yandex_graphs/results_grid/amazon_ratings/logs_base/SAGE_5L_split6.log
Skipping: "Done." found in /home/avshmelev/diploma_yandex_graphs/results_grid/amazon_ratings/logs_base/SAGE_5L_split6.log
