Loading data...

============================================================
Training amazon-ratings TAG 1L h=256 lr=3e-05 split=2
============================================================
Training for 5000 steps
Step    1 | loss 1.7507 | val_acc=0.2308 val_loss=1.6554 val_f1_macro=0.0879 val_f1_weighted=0.1023 val_prec_macro=0.1861 val_rec_macro=0.1989 val_metric_name=acc val_metric=0.2308
Step   50 | loss 1.4316 | val_acc=0.3747 val_loss=1.4107 val_f1_macro=0.1422 val_f1_weighted=0.2437 val_prec_macro=0.1527 val_rec_macro=0.2100 val_metric_name=acc val_metric=0.3747
Step  100 | loss 1.4095 | val_acc=0.3831 val_loss=1.3912 val_f1_macro=0.1636 val_f1_weighted=0.2720 val_prec_macro=0.1580 val_rec_macro=0.2204 val_metric_name=acc val_metric=0.3831
Step  150 | loss 1.3849 | val_acc=0.3983 val_loss=1.3737 val_f1_macro=0.1843 val_f1_weighted=0.2993 val_prec_macro=0.2234 val_rec_macro=0.2358 val_metric_name=acc val_metric=0.3983
Step  200 | loss 1.3585 | val_acc=0.4088 val_loss=1.3609 val_f1_macro=0.2002 val_f1_weighted=0.3193 val_prec_macro=0.2413 val_rec_macro=0.2466 val_metric_name=acc val_metric=0.4088
Step  250 | loss 1.3358 | val_acc=0.4165 val_loss=1.3526 val_f1_macro=0.2177 val_f1_weighted=0.3390 val_prec_macro=0.2957 val_rec_macro=0.2569 val_metric_name=acc val_metric=0.4165
Step  300 | loss 1.3194 | val_acc=0.4205 val_loss=1.3463 val_f1_macro=0.2347 val_f1_weighted=0.3540 val_prec_macro=0.3093 val_rec_macro=0.2655 val_metric_name=acc val_metric=0.4205
Step  350 | loss 1.2969 | val_acc=0.4261 val_loss=1.3422 val_f1_macro=0.2490 val_f1_weighted=0.3665 val_prec_macro=0.3107 val_rec_macro=0.2744 val_metric_name=acc val_metric=0.4261
Step  400 | loss 1.2821 | val_acc=0.4308 val_loss=1.3424 val_f1_macro=0.2626 val_f1_weighted=0.3788 val_prec_macro=0.5162 val_rec_macro=0.2818 val_metric_name=acc val_metric=0.4308
Step  450 | loss 1.2523 | val_acc=0.4398 val_loss=1.3403 val_f1_macro=0.2830 val_f1_weighted=0.3943 val_prec_macro=0.4931 val_rec_macro=0.2955 val_metric_name=acc val_metric=0.4398
Step  500 | loss 1.2254 | val_acc=0.4429 val_loss=1.3436 val_f1_macro=0.2902 val_f1_weighted=0.4006 val_prec_macro=0.4611 val_rec_macro=0.2999 val_metric_name=acc val_metric=0.4429
Step  550 | loss 1.2028 | val_acc=0.4423 val_loss=1.3491 val_f1_macro=0.2956 val_f1_weighted=0.4016 val_prec_macro=0.4533 val_rec_macro=0.3035 val_metric_name=acc val_metric=0.4423
Step  600 | loss 1.1650 | val_acc=0.4511 val_loss=1.3528 val_f1_macro=0.3126 val_f1_weighted=0.4147 val_prec_macro=0.4556 val_rec_macro=0.3149 val_metric_name=acc val_metric=0.4511
Step  650 | loss 1.1279 | val_acc=0.4552 val_loss=1.3571 val_f1_macro=0.3246 val_f1_weighted=0.4236 val_prec_macro=0.4502 val_rec_macro=0.3228 val_metric_name=acc val_metric=0.4552
Step  700 | loss 1.0855 | val_acc=0.4599 val_loss=1.3736 val_f1_macro=0.3312 val_f1_weighted=0.4282 val_prec_macro=0.4549 val_rec_macro=0.3280 val_metric_name=acc val_metric=0.4599
Step  750 | loss 1.0452 | val_acc=0.4638 val_loss=1.3918 val_f1_macro=0.3384 val_f1_weighted=0.4346 val_prec_macro=0.4480 val_rec_macro=0.3331 val_metric_name=acc val_metric=0.4638
Step  800 | loss 0.9993 | val_acc=0.4673 val_loss=1.4160 val_f1_macro=0.3420 val_f1_weighted=0.4393 val_prec_macro=0.4348 val_rec_macro=0.3372 val_metric_name=acc val_metric=0.4673
Step  850 | loss 0.9421 | val_acc=0.4713 val_loss=1.4404 val_f1_macro=0.3537 val_f1_weighted=0.4461 val_prec_macro=0.4453 val_rec_macro=0.3459 val_metric_name=acc val_metric=0.4713
Step  900 | loss 0.8974 | val_acc=0.4774 val_loss=1.4699 val_f1_macro=0.3655 val_f1_weighted=0.4546 val_prec_macro=0.4589 val_rec_macro=0.3539 val_metric_name=acc val_metric=0.4774
Step  950 | loss 0.8418 | val_acc=0.4792 val_loss=1.5024 val_f1_macro=0.3718 val_f1_weighted=0.4591 val_prec_macro=0.4582 val_rec_macro=0.3594 val_metric_name=acc val_metric=0.4792
Step 1000 | loss 0.7965 | val_acc=0.4837 val_loss=1.5421 val_f1_macro=0.3825 val_f1_weighted=0.4650 val_prec_macro=0.4685 val_rec_macro=0.3682 val_metric_name=acc val_metric=0.4837
Step 1050 | loss 0.7539 | val_acc=0.4909 val_loss=1.5809 val_f1_macro=0.3907 val_f1_weighted=0.4722 val_prec_macro=0.4789 val_rec_macro=0.3750 val_metric_name=acc val_metric=0.4909
Step 1100 | loss 0.7051 | val_acc=0.4940 val_loss=1.6296 val_f1_macro=0.3970 val_f1_weighted=0.4761 val_prec_macro=0.4889 val_rec_macro=0.3803 val_metric_name=acc val_metric=0.4940
Step 1150 | loss 0.6578 | val_acc=0.4971 val_loss=1.6730 val_f1_macro=0.4002 val_f1_weighted=0.4808 val_prec_macro=0.4808 val_rec_macro=0.3838 val_metric_name=acc val_metric=0.4971
Step 1200 | loss 0.6157 | val_acc=0.5007 val_loss=1.7121 val_f1_macro=0.4071 val_f1_weighted=0.4853 val_prec_macro=0.4833 val_rec_macro=0.3904 val_metric_name=acc val_metric=0.5007
Step 1250 | loss 0.5721 | val_acc=0.5068 val_loss=1.7586 val_f1_macro=0.4142 val_f1_weighted=0.4916 val_prec_macro=0.4873 val_rec_macro=0.3967 val_metric_name=acc val_metric=0.5068
Step 1300 | loss 0.5314 | val_acc=0.5092 val_loss=1.8096 val_f1_macro=0.4213 val_f1_weighted=0.4951 val_prec_macro=0.4959 val_rec_macro=0.4024 val_metric_name=acc val_metric=0.5092
Step 1350 | loss 0.5042 | val_acc=0.5099 val_loss=1.8658 val_f1_macro=0.4225 val_f1_weighted=0.4957 val_prec_macro=0.4994 val_rec_macro=0.4025 val_metric_name=acc val_metric=0.5099
Step 1400 | loss 0.4781 | val_acc=0.5073 val_loss=1.9068 val_f1_macro=0.4217 val_f1_weighted=0.4941 val_prec_macro=0.4906 val_rec_macro=0.4024 val_metric_name=acc val_metric=0.5073
Step 1450 | loss 0.4437 | val_acc=0.5074 val_loss=1.9586 val_f1_macro=0.4215 val_f1_weighted=0.4944 val_prec_macro=0.4869 val_rec_macro=0.4028 val_metric_name=acc val_metric=0.5074
Step 1500 | loss 0.4136 | val_acc=0.5074 val_loss=2.0000 val_f1_macro=0.4223 val_f1_weighted=0.4950 val_prec_macro=0.4852 val_rec_macro=0.4039 val_metric_name=acc val_metric=0.5074
Step 1550 | loss 0.4023 | val_acc=0.5122 val_loss=2.0525 val_f1_macro=0.4307 val_f1_weighted=0.5002 val_prec_macro=0.4931 val_rec_macro=0.4117 val_metric_name=acc val_metric=0.5122
Step 1600 | loss 0.3776 | val_acc=0.5110 val_loss=2.1008 val_f1_macro=0.4311 val_f1_weighted=0.4994 val_prec_macro=0.4928 val_rec_macro=0.4110 val_metric_name=acc val_metric=0.5110
Step 1650 | loss 0.3480 | val_acc=0.5115 val_loss=2.1459 val_f1_macro=0.4340 val_f1_weighted=0.5009 val_prec_macro=0.4888 val_rec_macro=0.4149 val_metric_name=acc val_metric=0.5115
Step 1700 | loss 0.3434 | val_acc=0.5128 val_loss=2.1980 val_f1_macro=0.4316 val_f1_weighted=0.5012 val_prec_macro=0.4914 val_rec_macro=0.4119 val_metric_name=acc val_metric=0.5128
Step 1750 | loss 0.3265 | val_acc=0.5115 val_loss=2.2391 val_f1_macro=0.4337 val_f1_weighted=0.5006 val_prec_macro=0.4931 val_rec_macro=0.4134 val_metric_name=acc val_metric=0.5115
Step 1800 | loss 0.2985 | val_acc=0.5136 val_loss=2.2941 val_f1_macro=0.4332 val_f1_weighted=0.5020 val_prec_macro=0.4908 val_rec_macro=0.4136 val_metric_name=acc val_metric=0.5136
Step 1850 | loss 0.2949 | val_acc=0.5149 val_loss=2.3275 val_f1_macro=0.4406 val_f1_weighted=0.5046 val_prec_macro=0.4946 val_rec_macro=0.4205 val_metric_name=acc val_metric=0.5149
Step 1900 | loss 0.2726 | val_acc=0.5158 val_loss=2.3708 val_f1_macro=0.4405 val_f1_weighted=0.5053 val_prec_macro=0.4971 val_rec_macro=0.4198 val_metric_name=acc val_metric=0.5158
Step 1950 | loss 0.2617 | val_acc=0.5163 val_loss=2.4119 val_f1_macro=0.4413 val_f1_weighted=0.5061 val_prec_macro=0.4962 val_rec_macro=0.4213 val_metric_name=acc val_metric=0.5163
Step 2000 | loss 0.2522 | val_acc=0.5156 val_loss=2.4577 val_f1_macro=0.4450 val_f1_weighted=0.5056 val_prec_macro=0.5007 val_rec_macro=0.4236 val_metric_name=acc val_metric=0.5156
Step 2050 | loss 0.2497 | val_acc=0.5172 val_loss=2.4922 val_f1_macro=0.4424 val_f1_weighted=0.5068 val_prec_macro=0.5014 val_rec_macro=0.4211 val_metric_name=acc val_metric=0.5172
Step 2100 | loss 0.2389 | val_acc=0.5164 val_loss=2.5419 val_f1_macro=0.4408 val_f1_weighted=0.5059 val_prec_macro=0.4943 val_rec_macro=0.4210 val_metric_name=acc val_metric=0.5164
Step 2150 | loss 0.2255 | val_acc=0.5164 val_loss=2.5681 val_f1_macro=0.4441 val_f1_weighted=0.5065 val_prec_macro=0.4985 val_rec_macro=0.4233 val_metric_name=acc val_metric=0.5164
Step 2200 | loss 0.2095 | val_acc=0.5184 val_loss=2.6087 val_f1_macro=0.4471 val_f1_weighted=0.5087 val_prec_macro=0.4999 val_rec_macro=0.4264 val_metric_name=acc val_metric=0.5184
Step 2250 | loss 0.2079 | val_acc=0.5182 val_loss=2.6479 val_f1_macro=0.4466 val_f1_weighted=0.5085 val_prec_macro=0.4994 val_rec_macro=0.4260 val_metric_name=acc val_metric=0.5182
Step 2300 | loss 0.1962 | val_acc=0.5200 val_loss=2.6727 val_f1_macro=0.4500 val_f1_weighted=0.5108 val_prec_macro=0.4991 val_rec_macro=0.4300 val_metric_name=acc val_metric=0.5200
Step 2350 | loss 0.1975 | val_acc=0.5197 val_loss=2.7148 val_f1_macro=0.4471 val_f1_weighted=0.5099 val_prec_macro=0.5000 val_rec_macro=0.4265 val_metric_name=acc val_metric=0.5197
Step 2400 | loss 0.1866 | val_acc=0.5187 val_loss=2.7480 val_f1_macro=0.4492 val_f1_weighted=0.5094 val_prec_macro=0.4999 val_rec_macro=0.4286 val_metric_name=acc val_metric=0.5187
Step 2450 | loss 0.1787 | val_acc=0.5202 val_loss=2.7740 val_f1_macro=0.4505 val_f1_weighted=0.5108 val_prec_macro=0.5025 val_rec_macro=0.4296 val_metric_name=acc val_metric=0.5202
Step 2500 | loss 0.1815 | val_acc=0.5211 val_loss=2.7965 val_f1_macro=0.4527 val_f1_weighted=0.5124 val_prec_macro=0.5036 val_rec_macro=0.4314 val_metric_name=acc val_metric=0.5211
Step 2550 | loss 0.1774 | val_acc=0.5198 val_loss=2.8343 val_f1_macro=0.4508 val_f1_weighted=0.5111 val_prec_macro=0.4996 val_rec_macro=0.4306 val_metric_name=acc val_metric=0.5198
Step 2600 | loss 0.1648 | val_acc=0.5190 val_loss=2.8759 val_f1_macro=0.4504 val_f1_weighted=0.5098 val_prec_macro=0.5001 val_rec_macro=0.4296 val_metric_name=acc val_metric=0.5190
Step 2650 | loss 0.1624 | val_acc=0.5192 val_loss=2.8990 val_f1_macro=0.4495 val_f1_weighted=0.5099 val_prec_macro=0.4999 val_rec_macro=0.4291 val_metric_name=acc val_metric=0.5192
Step 2700 | loss 0.1564 | val_acc=0.5194 val_loss=2.9295 val_f1_macro=0.4531 val_f1_weighted=0.5112 val_prec_macro=0.4989 val_rec_macro=0.4331 val_metric_name=acc val_metric=0.5194
Step 2750 | loss 0.1479 | val_acc=0.5198 val_loss=2.9633 val_f1_macro=0.4521 val_f1_weighted=0.5111 val_prec_macro=0.4990 val_rec_macro=0.4319 val_metric_name=acc val_metric=0.5198
Step 2800 | loss 0.1530 | val_acc=0.5207 val_loss=2.9761 val_f1_macro=0.4529 val_f1_weighted=0.5119 val_prec_macro=0.5017 val_rec_macro=0.4320 val_metric_name=acc val_metric=0.5207
Step 2850 | loss 0.1410 | val_acc=0.5223 val_loss=3.0140 val_f1_macro=0.4541 val_f1_weighted=0.5133 val_prec_macro=0.5043 val_rec_macro=0.4329 val_metric_name=acc val_metric=0.5223
Step 2900 | loss 0.1386 | val_acc=0.5203 val_loss=3.0441 val_f1_macro=0.4529 val_f1_weighted=0.5116 val_prec_macro=0.5024 val_rec_macro=0.4320 val_metric_name=acc val_metric=0.5203
Step 2950 | loss 0.1381 | val_acc=0.5202 val_loss=3.0588 val_f1_macro=0.4528 val_f1_weighted=0.5115 val_prec_macro=0.5004 val_rec_macro=0.4324 val_metric_name=acc val_metric=0.5202
Step 3000 | loss 0.1339 | val_acc=0.5229 val_loss=3.0890 val_f1_macro=0.4535 val_f1_weighted=0.5145 val_prec_macro=0.4993 val_rec_macro=0.4338 val_metric_name=acc val_metric=0.5229
Step 3050 | loss 0.1338 | val_acc=0.5221 val_loss=3.1182 val_f1_macro=0.4542 val_f1_weighted=0.5137 val_prec_macro=0.5023 val_rec_macro=0.4335 val_metric_name=acc val_metric=0.5221
Step 3100 | loss 0.1256 | val_acc=0.5211 val_loss=3.1361 val_f1_macro=0.4527 val_f1_weighted=0.5127 val_prec_macro=0.4998 val_rec_macro=0.4326 val_metric_name=acc val_metric=0.5211
Step 3150 | loss 0.1281 | val_acc=0.5225 val_loss=3.1558 val_f1_macro=0.4566 val_f1_weighted=0.5144 val_prec_macro=0.5025 val_rec_macro=0.4362 val_metric_name=acc val_metric=0.5225
Step 3200 | loss 0.1249 | val_acc=0.5221 val_loss=3.1867 val_f1_macro=0.4555 val_f1_weighted=0.5136 val_prec_macro=0.5061 val_rec_macro=0.4342 val_metric_name=acc val_metric=0.5221
Step 3250 | loss 0.1219 | val_acc=0.5229 val_loss=3.2033 val_f1_macro=0.4578 val_f1_weighted=0.5152 val_prec_macro=0.5032 val_rec_macro=0.4373 val_metric_name=acc val_metric=0.5229
Step 3300 | loss 0.1171 | val_acc=0.5229 val_loss=3.2341 val_f1_macro=0.4595 val_f1_weighted=0.5149 val_prec_macro=0.5073 val_rec_macro=0.4383 val_metric_name=acc val_metric=0.5229
Early stopping at step 3320

--- Final (best ckpt @ step 3020) ---
  train_acc=0.9978 train_loss=0.0108 train_f1_macro=0.9977 train_f1_weighted=0.9978 train_prec_macro=0.9982 train_rec_macro=0.9972 train_metric_name=acc train_metric=0.9978
  val_acc=0.5243 val_loss=3.1036 val_f1_macro=0.4565 val_f1_weighted=0.5162 val_prec_macro=0.5029 val_rec_macro=0.4365 val_metric_name=acc val_metric=0.5243
  test_acc=0.5225 test_loss=3.1576 test_f1_macro=0.4546 test_f1_weighted=0.5148 test_prec_macro=0.4977 test_rec_macro=0.4348 test_metric_name=acc test_metric=0.5225
  test_acc=0.5225

============================================================
Training amazon-ratings TAG 1L h=256 lr=6e-05 split=2
============================================================
Training for 5000 steps
Step    1 | loss 1.7507 | val_acc=0.2355 val_loss=1.5731 val_f1_macro=0.1034 val_f1_weighted=0.1272 val_prec_macro=0.1930 val_rec_macro=0.1996 val_metric_name=acc val_metric=0.2355
Step   50 | loss 1.4158 | val_acc=0.3799 val_loss=1.3937 val_f1_macro=0.1572 val_f1_weighted=0.2635 val_prec_macro=0.1556 val_rec_macro=0.2167 val_metric_name=acc val_metric=0.3799
Step  100 | loss 1.3764 | val_acc=0.4006 val_loss=1.3694 val_f1_macro=0.1870 val_f1_weighted=0.3028 val_prec_macro=0.1928 val_rec_macro=0.2382 val_metric_name=acc val_metric=0.4006
Step  150 | loss 1.3364 | val_acc=0.4160 val_loss=1.3512 val_f1_macro=0.2205 val_f1_weighted=0.3409 val_prec_macro=0.3155 val_rec_macro=0.2583 val_metric_name=acc val_metric=0.4160
Step  200 | loss 1.2972 | val_acc=0.4253 val_loss=1.3437 val_f1_macro=0.2465 val_f1_weighted=0.3648 val_prec_macro=0.3090 val_rec_macro=0.2729 val_metric_name=acc val_metric=0.4253
Step  250 | loss 1.2556 | val_acc=0.4385 val_loss=1.3456 val_f1_macro=0.2779 val_f1_weighted=0.3902 val_prec_macro=0.5251 val_rec_macro=0.2927 val_metric_name=acc val_metric=0.4385
Step  300 | loss 1.2121 | val_acc=0.4424 val_loss=1.3484 val_f1_macro=0.2924 val_f1_weighted=0.4009 val_prec_macro=0.4481 val_rec_macro=0.3012 val_metric_name=acc val_metric=0.4424
Step  350 | loss 1.1524 | val_acc=0.4498 val_loss=1.3580 val_f1_macro=0.3141 val_f1_weighted=0.4150 val_prec_macro=0.4678 val_rec_macro=0.3153 val_metric_name=acc val_metric=0.4498
Step  400 | loss 1.0821 | val_acc=0.4594 val_loss=1.3851 val_f1_macro=0.3313 val_f1_weighted=0.4285 val_prec_macro=0.4567 val_rec_macro=0.3281 val_metric_name=acc val_metric=0.4594
Step  450 | loss 0.9863 | val_acc=0.4656 val_loss=1.4291 val_f1_macro=0.3379 val_f1_weighted=0.4350 val_prec_macro=0.4365 val_rec_macro=0.3343 val_metric_name=acc val_metric=0.4656
Step  500 | loss 0.8910 | val_acc=0.4764 val_loss=1.4734 val_f1_macro=0.3675 val_f1_weighted=0.4535 val_prec_macro=0.4590 val_rec_macro=0.3557 val_metric_name=acc val_metric=0.4764
Step  550 | loss 0.8015 | val_acc=0.4823 val_loss=1.5420 val_f1_macro=0.3780 val_f1_weighted=0.4621 val_prec_macro=0.4695 val_rec_macro=0.3638 val_metric_name=acc val_metric=0.4823
Step  600 | loss 0.7022 | val_acc=0.4901 val_loss=1.6165 val_f1_macro=0.3929 val_f1_weighted=0.4734 val_prec_macro=0.4701 val_rec_macro=0.3767 val_metric_name=acc val_metric=0.4901
Step  650 | loss 0.6243 | val_acc=0.4993 val_loss=1.6976 val_f1_macro=0.4066 val_f1_weighted=0.4840 val_prec_macro=0.4758 val_rec_macro=0.3901 val_metric_name=acc val_metric=0.4993
Step  700 | loss 0.5529 | val_acc=0.5027 val_loss=1.7918 val_f1_macro=0.4116 val_f1_weighted=0.4877 val_prec_macro=0.4854 val_rec_macro=0.3937 val_metric_name=acc val_metric=0.5027
Step  750 | loss 0.4894 | val_acc=0.5045 val_loss=1.8885 val_f1_macro=0.4164 val_f1_weighted=0.4906 val_prec_macro=0.4844 val_rec_macro=0.3982 val_metric_name=acc val_metric=0.5045
Step  800 | loss 0.4434 | val_acc=0.5099 val_loss=1.9796 val_f1_macro=0.4245 val_f1_weighted=0.4964 val_prec_macro=0.4932 val_rec_macro=0.4050 val_metric_name=acc val_metric=0.5099
Step  850 | loss 0.3874 | val_acc=0.5138 val_loss=2.0690 val_f1_macro=0.4329 val_f1_weighted=0.5019 val_prec_macro=0.5000 val_rec_macro=0.4129 val_metric_name=acc val_metric=0.5138
Step  900 | loss 0.3571 | val_acc=0.5120 val_loss=2.1652 val_f1_macro=0.4319 val_f1_weighted=0.4996 val_prec_macro=0.4968 val_rec_macro=0.4112 val_metric_name=acc val_metric=0.5120
Step  950 | loss 0.3097 | val_acc=0.5115 val_loss=2.2276 val_f1_macro=0.4351 val_f1_weighted=0.5014 val_prec_macro=0.4954 val_rec_macro=0.4150 val_metric_name=acc val_metric=0.5115
Step 1000 | loss 0.2961 | val_acc=0.5112 val_loss=2.3200 val_f1_macro=0.4345 val_f1_weighted=0.5006 val_prec_macro=0.4943 val_rec_macro=0.4142 val_metric_name=acc val_metric=0.5112
Step 1050 | loss 0.2751 | val_acc=0.5127 val_loss=2.4002 val_f1_macro=0.4384 val_f1_weighted=0.5016 val_prec_macro=0.4977 val_rec_macro=0.4171 val_metric_name=acc val_metric=0.5127
Step 1100 | loss 0.2471 | val_acc=0.5154 val_loss=2.4744 val_f1_macro=0.4441 val_f1_weighted=0.5052 val_prec_macro=0.5037 val_rec_macro=0.4227 val_metric_name=acc val_metric=0.5154
Step 1150 | loss 0.2274 | val_acc=0.5148 val_loss=2.5532 val_f1_macro=0.4408 val_f1_weighted=0.5045 val_prec_macro=0.4931 val_rec_macro=0.4201 val_metric_name=acc val_metric=0.5148
Step 1200 | loss 0.2106 | val_acc=0.5176 val_loss=2.6077 val_f1_macro=0.4477 val_f1_weighted=0.5086 val_prec_macro=0.4964 val_rec_macro=0.4275 val_metric_name=acc val_metric=0.5176
Step 1250 | loss 0.1900 | val_acc=0.5169 val_loss=2.6729 val_f1_macro=0.4492 val_f1_weighted=0.5076 val_prec_macro=0.4998 val_rec_macro=0.4279 val_metric_name=acc val_metric=0.5169
Step 1300 | loss 0.1810 | val_acc=0.5149 val_loss=2.7495 val_f1_macro=0.4440 val_f1_weighted=0.5054 val_prec_macro=0.4942 val_rec_macro=0.4234 val_metric_name=acc val_metric=0.5149
Step 1350 | loss 0.1765 | val_acc=0.5179 val_loss=2.8032 val_f1_macro=0.4478 val_f1_weighted=0.5081 val_prec_macro=0.5024 val_rec_macro=0.4259 val_metric_name=acc val_metric=0.5179
Step 1400 | loss 0.1657 | val_acc=0.5172 val_loss=2.8534 val_f1_macro=0.4518 val_f1_weighted=0.5089 val_prec_macro=0.5005 val_rec_macro=0.4306 val_metric_name=acc val_metric=0.5172
Step 1450 | loss 0.1514 | val_acc=0.5177 val_loss=2.9136 val_f1_macro=0.4477 val_f1_weighted=0.5087 val_prec_macro=0.4960 val_rec_macro=0.4275 val_metric_name=acc val_metric=0.5177
Step 1500 | loss 0.1431 | val_acc=0.5205 val_loss=2.9563 val_f1_macro=0.4519 val_f1_weighted=0.5122 val_prec_macro=0.5006 val_rec_macro=0.4315 val_metric_name=acc val_metric=0.5205
Step 1550 | loss 0.1414 | val_acc=0.5221 val_loss=3.0133 val_f1_macro=0.4524 val_f1_weighted=0.5130 val_prec_macro=0.5035 val_rec_macro=0.4315 val_metric_name=acc val_metric=0.5221
Step 1600 | loss 0.1396 | val_acc=0.5215 val_loss=3.0546 val_f1_macro=0.4568 val_f1_weighted=0.5139 val_prec_macro=0.5015 val_rec_macro=0.4364 val_metric_name=acc val_metric=0.5215
Step 1650 | loss 0.1202 | val_acc=0.5203 val_loss=3.0997 val_f1_macro=0.4559 val_f1_weighted=0.5127 val_prec_macro=0.5010 val_rec_macro=0.4357 val_metric_name=acc val_metric=0.5203
Step 1700 | loss 0.1264 | val_acc=0.5215 val_loss=3.1533 val_f1_macro=0.4544 val_f1_weighted=0.5131 val_prec_macro=0.5063 val_rec_macro=0.4329 val_metric_name=acc val_metric=0.5215
Step 1750 | loss 0.1190 | val_acc=0.5208 val_loss=3.1835 val_f1_macro=0.4558 val_f1_weighted=0.5131 val_prec_macro=0.5027 val_rec_macro=0.4350 val_metric_name=acc val_metric=0.5208
Step 1800 | loss 0.1125 | val_acc=0.5239 val_loss=3.2397 val_f1_macro=0.4567 val_f1_weighted=0.5152 val_prec_macro=0.5048 val_rec_macro=0.4363 val_metric_name=acc val_metric=0.5239
Step 1850 | loss 0.1138 | val_acc=0.5203 val_loss=3.2677 val_f1_macro=0.4550 val_f1_weighted=0.5126 val_prec_macro=0.4987 val_rec_macro=0.4354 val_metric_name=acc val_metric=0.5203
Step 1900 | loss 0.1013 | val_acc=0.5221 val_loss=3.2945 val_f1_macro=0.4566 val_f1_weighted=0.5141 val_prec_macro=0.5074 val_rec_macro=0.4353 val_metric_name=acc val_metric=0.5221
Step 1950 | loss 0.0991 | val_acc=0.5231 val_loss=3.3349 val_f1_macro=0.4566 val_f1_weighted=0.5149 val_prec_macro=0.5053 val_rec_macro=0.4357 val_metric_name=acc val_metric=0.5231
Step 2000 | loss 0.0991 | val_acc=0.5231 val_loss=3.3748 val_f1_macro=0.4593 val_f1_weighted=0.5155 val_prec_macro=0.5020 val_rec_macro=0.4396 val_metric_name=acc val_metric=0.5231
Step 2050 | loss 0.0971 | val_acc=0.5205 val_loss=3.4057 val_f1_macro=0.4571 val_f1_weighted=0.5128 val_prec_macro=0.5062 val_rec_macro=0.4356 val_metric_name=acc val_metric=0.5205
Step 2100 | loss 0.0944 | val_acc=0.5225 val_loss=3.4400 val_f1_macro=0.4564 val_f1_weighted=0.5146 val_prec_macro=0.4992 val_rec_macro=0.4370 val_metric_name=acc val_metric=0.5225
Step 2150 | loss 0.0874 | val_acc=0.5221 val_loss=3.4700 val_f1_macro=0.4582 val_f1_weighted=0.5144 val_prec_macro=0.5030 val_rec_macro=0.4376 val_metric_name=acc val_metric=0.5221
Step 2200 | loss 0.0819 | val_acc=0.5226 val_loss=3.5052 val_f1_macro=0.4599 val_f1_weighted=0.5152 val_prec_macro=0.5034 val_rec_macro=0.4396 val_metric_name=acc val_metric=0.5226
Step 2250 | loss 0.0827 | val_acc=0.5221 val_loss=3.5443 val_f1_macro=0.4547 val_f1_weighted=0.5145 val_prec_macro=0.4969 val_rec_macro=0.4354 val_metric_name=acc val_metric=0.5221
Step 2300 | loss 0.0787 | val_acc=0.5256 val_loss=3.5694 val_f1_macro=0.4625 val_f1_weighted=0.5184 val_prec_macro=0.5027 val_rec_macro=0.4432 val_metric_name=acc val_metric=0.5256
Step 2350 | loss 0.0837 | val_acc=0.5207 val_loss=3.6056 val_f1_macro=0.4593 val_f1_weighted=0.5138 val_prec_macro=0.4998 val_rec_macro=0.4398 val_metric_name=acc val_metric=0.5207
Step 2400 | loss 0.0754 | val_acc=0.5221 val_loss=3.6373 val_f1_macro=0.4576 val_f1_weighted=0.5147 val_prec_macro=0.5001 val_rec_macro=0.4379 val_metric_name=acc val_metric=0.5221
Step 2450 | loss 0.0725 | val_acc=0.5198 val_loss=3.6665 val_f1_macro=0.4567 val_f1_weighted=0.5125 val_prec_macro=0.4988 val_rec_macro=0.4368 val_metric_name=acc val_metric=0.5198
Step 2500 | loss 0.0768 | val_acc=0.5218 val_loss=3.6778 val_f1_macro=0.4614 val_f1_weighted=0.5151 val_prec_macro=0.5052 val_rec_macro=0.4405 val_metric_name=acc val_metric=0.5218
Step 2550 | loss 0.0752 | val_acc=0.5251 val_loss=3.7152 val_f1_macro=0.4644 val_f1_weighted=0.5186 val_prec_macro=0.5040 val_rec_macro=0.4452 val_metric_name=acc val_metric=0.5251
Step 2600 | loss 0.0691 | val_acc=0.5228 val_loss=3.7524 val_f1_macro=0.4647 val_f1_weighted=0.5159 val_prec_macro=0.5074 val_rec_macro=0.4442 val_metric_name=acc val_metric=0.5228
Step 2650 | loss 0.0630 | val_acc=0.5202 val_loss=3.7687 val_f1_macro=0.4563 val_f1_weighted=0.5128 val_prec_macro=0.5004 val_rec_macro=0.4364 val_metric_name=acc val_metric=0.5202
Step 2700 | loss 0.0616 | val_acc=0.5205 val_loss=3.7936 val_f1_macro=0.4611 val_f1_weighted=0.5139 val_prec_macro=0.5029 val_rec_macro=0.4411 val_metric_name=acc val_metric=0.5205
Step 2750 | loss 0.0609 | val_acc=0.5182 val_loss=3.8221 val_f1_macro=0.4595 val_f1_weighted=0.5115 val_prec_macro=0.4990 val_rec_macro=0.4398 val_metric_name=acc val_metric=0.5182
Step 2800 | loss 0.0645 | val_acc=0.5220 val_loss=3.8307 val_f1_macro=0.4628 val_f1_weighted=0.5153 val_prec_macro=0.5074 val_rec_macro=0.4416 val_metric_name=acc val_metric=0.5220
Early stopping at step 2849

--- Final (best ckpt @ step 2290) ---
  train_acc=0.9991 train_loss=0.0037 train_f1_macro=0.9994 train_f1_weighted=0.9991 train_prec_macro=0.9995 train_rec_macro=0.9992 train_metric_name=acc train_metric=0.9991
  val_acc=0.5256 val_loss=3.5678 val_f1_macro=0.4603 val_f1_weighted=0.5183 val_prec_macro=0.5020 val_rec_macro=0.4407 val_metric_name=acc val_metric=0.5256
  test_acc=0.5194 test_loss=3.6455 test_f1_macro=0.4474 test_f1_weighted=0.5120 test_prec_macro=0.4796 test_rec_macro=0.4311 test_metric_name=acc test_metric=0.5194
  test_acc=0.5194

============================================================
Training amazon-ratings TAG 1L h=256 lr=0.0001 split=2
============================================================
Training for 5000 steps
Step    1 | loss 1.7507 | val_acc=0.2726 val_loss=1.4934 val_f1_macro=0.1631 val_f1_weighted=0.2370 val_prec_macro=0.1769 val_rec_macro=0.2008 val_metric_name=acc val_metric=0.2726
Step   50 | loss 1.4016 | val_acc=0.3879 val_loss=1.3883 val_f1_macro=0.1708 val_f1_weighted=0.2815 val_prec_macro=0.1602 val_rec_macro=0.2253 val_metric_name=acc val_metric=0.3879
Step  100 | loss 1.3456 | val_acc=0.4125 val_loss=1.3542 val_f1_macro=0.2108 val_f1_weighted=0.3309 val_prec_macro=0.2902 val_rec_macro=0.2534 val_metric_name=acc val_metric=0.4125
Step  150 | loss 1.2869 | val_acc=0.4294 val_loss=1.3423 val_f1_macro=0.2566 val_f1_weighted=0.3754 val_prec_macro=0.3125 val_rec_macro=0.2791 val_metric_name=acc val_metric=0.4294
Step  200 | loss 1.2201 | val_acc=0.4393 val_loss=1.3465 val_f1_macro=0.2869 val_f1_weighted=0.3957 val_prec_macro=0.4385 val_rec_macro=0.2984 val_metric_name=acc val_metric=0.4393
Step  250 | loss 1.1267 | val_acc=0.4514 val_loss=1.3650 val_f1_macro=0.3184 val_f1_weighted=0.4180 val_prec_macro=0.4604 val_rec_macro=0.3184 val_metric_name=acc val_metric=0.4514
Step  300 | loss 1.0056 | val_acc=0.4646 val_loss=1.4131 val_f1_macro=0.3432 val_f1_weighted=0.4373 val_prec_macro=0.4422 val_rec_macro=0.3364 val_metric_name=acc val_metric=0.4646
Step  350 | loss 0.8579 | val_acc=0.4789 val_loss=1.4919 val_f1_macro=0.3721 val_f1_weighted=0.4589 val_prec_macro=0.4601 val_rec_macro=0.3595 val_metric_name=acc val_metric=0.4789
Step  400 | loss 0.7170 | val_acc=0.4882 val_loss=1.6277 val_f1_macro=0.3877 val_f1_weighted=0.4690 val_prec_macro=0.4644 val_rec_macro=0.3723 val_metric_name=acc val_metric=0.4882
Step  450 | loss 0.5849 | val_acc=0.4971 val_loss=1.7575 val_f1_macro=0.4019 val_f1_weighted=0.4809 val_prec_macro=0.4809 val_rec_macro=0.3838 val_metric_name=acc val_metric=0.4971
Step  500 | loss 0.4882 | val_acc=0.5024 val_loss=1.8988 val_f1_macro=0.4179 val_f1_weighted=0.4896 val_prec_macro=0.4781 val_rec_macro=0.3996 val_metric_name=acc val_metric=0.5024
Step  550 | loss 0.4095 | val_acc=0.5024 val_loss=2.0376 val_f1_macro=0.4191 val_f1_weighted=0.4908 val_prec_macro=0.4691 val_rec_macro=0.4023 val_metric_name=acc val_metric=0.5024
Step  600 | loss 0.3402 | val_acc=0.5087 val_loss=2.1722 val_f1_macro=0.4338 val_f1_weighted=0.4982 val_prec_macro=0.4862 val_rec_macro=0.4136 val_metric_name=acc val_metric=0.5087
Step  650 | loss 0.2891 | val_acc=0.5086 val_loss=2.3050 val_f1_macro=0.4353 val_f1_weighted=0.4991 val_prec_macro=0.4894 val_rec_macro=0.4153 val_metric_name=acc val_metric=0.5086
Step  700 | loss 0.2573 | val_acc=0.5131 val_loss=2.4292 val_f1_macro=0.4425 val_f1_weighted=0.5029 val_prec_macro=0.5016 val_rec_macro=0.4204 val_metric_name=acc val_metric=0.5131
Step  750 | loss 0.2219 | val_acc=0.5146 val_loss=2.5348 val_f1_macro=0.4451 val_f1_weighted=0.5053 val_prec_macro=0.4952 val_rec_macro=0.4245 val_metric_name=acc val_metric=0.5146
Step  800 | loss 0.2049 | val_acc=0.5138 val_loss=2.6509 val_f1_macro=0.4485 val_f1_weighted=0.5051 val_prec_macro=0.5006 val_rec_macro=0.4271 val_metric_name=acc val_metric=0.5138
Step  850 | loss 0.1792 | val_acc=0.5123 val_loss=2.7567 val_f1_macro=0.4404 val_f1_weighted=0.5026 val_prec_macro=0.4929 val_rec_macro=0.4197 val_metric_name=acc val_metric=0.5123
Step  900 | loss 0.1721 | val_acc=0.5140 val_loss=2.8517 val_f1_macro=0.4469 val_f1_weighted=0.5042 val_prec_macro=0.5078 val_rec_macro=0.4238 val_metric_name=acc val_metric=0.5140
Step  950 | loss 0.1490 | val_acc=0.5127 val_loss=2.9026 val_f1_macro=0.4470 val_f1_weighted=0.5050 val_prec_macro=0.4951 val_rec_macro=0.4266 val_metric_name=acc val_metric=0.5127
Step 1000 | loss 0.1433 | val_acc=0.5149 val_loss=2.9909 val_f1_macro=0.4493 val_f1_weighted=0.5067 val_prec_macro=0.5003 val_rec_macro=0.4282 val_metric_name=acc val_metric=0.5149
Step 1050 | loss 0.1359 | val_acc=0.5130 val_loss=3.0619 val_f1_macro=0.4462 val_f1_weighted=0.5046 val_prec_macro=0.4965 val_rec_macro=0.4254 val_metric_name=acc val_metric=0.5130
Step 1100 | loss 0.1233 | val_acc=0.5159 val_loss=3.1312 val_f1_macro=0.4498 val_f1_weighted=0.5070 val_prec_macro=0.5031 val_rec_macro=0.4285 val_metric_name=acc val_metric=0.5159
Step 1150 | loss 0.1152 | val_acc=0.5145 val_loss=3.1902 val_f1_macro=0.4513 val_f1_weighted=0.5074 val_prec_macro=0.4885 val_rec_macro=0.4326 val_metric_name=acc val_metric=0.5145
Step 1200 | loss 0.1033 | val_acc=0.5176 val_loss=3.2490 val_f1_macro=0.4518 val_f1_weighted=0.5099 val_prec_macro=0.4998 val_rec_macro=0.4309 val_metric_name=acc val_metric=0.5176
Step 1250 | loss 0.0941 | val_acc=0.5149 val_loss=3.3024 val_f1_macro=0.4517 val_f1_weighted=0.5079 val_prec_macro=0.4929 val_rec_macro=0.4321 val_metric_name=acc val_metric=0.5149
Step 1300 | loss 0.0960 | val_acc=0.5153 val_loss=3.3813 val_f1_macro=0.4509 val_f1_weighted=0.5075 val_prec_macro=0.4985 val_rec_macro=0.4299 val_metric_name=acc val_metric=0.5153
Step 1350 | loss 0.0940 | val_acc=0.5166 val_loss=3.4174 val_f1_macro=0.4515 val_f1_weighted=0.5084 val_prec_macro=0.5016 val_rec_macro=0.4300 val_metric_name=acc val_metric=0.5166
Step 1400 | loss 0.0855 | val_acc=0.5179 val_loss=3.4670 val_f1_macro=0.4562 val_f1_weighted=0.5108 val_prec_macro=0.5022 val_rec_macro=0.4354 val_metric_name=acc val_metric=0.5179
Step 1450 | loss 0.0821 | val_acc=0.5172 val_loss=3.5254 val_f1_macro=0.4559 val_f1_weighted=0.5100 val_prec_macro=0.5017 val_rec_macro=0.4349 val_metric_name=acc val_metric=0.5172
Step 1500 | loss 0.0787 | val_acc=0.5177 val_loss=3.5571 val_f1_macro=0.4550 val_f1_weighted=0.5105 val_prec_macro=0.5028 val_rec_macro=0.4341 val_metric_name=acc val_metric=0.5177
Step 1550 | loss 0.0746 | val_acc=0.5189 val_loss=3.6038 val_f1_macro=0.4578 val_f1_weighted=0.5116 val_prec_macro=0.5051 val_rec_macro=0.4365 val_metric_name=acc val_metric=0.5189
Step 1600 | loss 0.0760 | val_acc=0.5163 val_loss=3.6538 val_f1_macro=0.4568 val_f1_weighted=0.5098 val_prec_macro=0.5033 val_rec_macro=0.4358 val_metric_name=acc val_metric=0.5163
Step 1650 | loss 0.0660 | val_acc=0.5167 val_loss=3.6863 val_f1_macro=0.4572 val_f1_weighted=0.5101 val_prec_macro=0.5030 val_rec_macro=0.4363 val_metric_name=acc val_metric=0.5167
Step 1700 | loss 0.0703 | val_acc=0.5163 val_loss=3.7401 val_f1_macro=0.4578 val_f1_weighted=0.5100 val_prec_macro=0.5012 val_rec_macro=0.4373 val_metric_name=acc val_metric=0.5163
Step 1750 | loss 0.0613 | val_acc=0.5161 val_loss=3.7497 val_f1_macro=0.4561 val_f1_weighted=0.5093 val_prec_macro=0.5008 val_rec_macro=0.4355 val_metric_name=acc val_metric=0.5161
Step 1800 | loss 0.0635 | val_acc=0.5158 val_loss=3.8102 val_f1_macro=0.4554 val_f1_weighted=0.5087 val_prec_macro=0.4986 val_rec_macro=0.4352 val_metric_name=acc val_metric=0.5158
Step 1850 | loss 0.0671 | val_acc=0.5179 val_loss=3.8303 val_f1_macro=0.4590 val_f1_weighted=0.5117 val_prec_macro=0.5032 val_rec_macro=0.4382 val_metric_name=acc val_metric=0.5179
Step 1900 | loss 0.0587 | val_acc=0.5159 val_loss=3.8501 val_f1_macro=0.4552 val_f1_weighted=0.5089 val_prec_macro=0.5066 val_rec_macro=0.4331 val_metric_name=acc val_metric=0.5159
Step 1950 | loss 0.0568 | val_acc=0.5185 val_loss=3.9050 val_f1_macro=0.4569 val_f1_weighted=0.5120 val_prec_macro=0.4982 val_rec_macro=0.4371 val_metric_name=acc val_metric=0.5185
Step 2000 | loss 0.0619 | val_acc=0.5179 val_loss=3.9362 val_f1_macro=0.4572 val_f1_weighted=0.5117 val_prec_macro=0.4926 val_rec_macro=0.4394 val_metric_name=acc val_metric=0.5179
Step 2050 | loss 0.0533 | val_acc=0.5159 val_loss=3.9591 val_f1_macro=0.4556 val_f1_weighted=0.5093 val_prec_macro=0.5005 val_rec_macro=0.4348 val_metric_name=acc val_metric=0.5159
Step 2100 | loss 0.0533 | val_acc=0.5192 val_loss=4.0123 val_f1_macro=0.4573 val_f1_weighted=0.5125 val_prec_macro=0.4988 val_rec_macro=0.4376 val_metric_name=acc val_metric=0.5192
Step 2150 | loss 0.0495 | val_acc=0.5158 val_loss=4.0298 val_f1_macro=0.4550 val_f1_weighted=0.5096 val_prec_macro=0.4919 val_rec_macro=0.4363 val_metric_name=acc val_metric=0.5158
Step 2200 | loss 0.0453 | val_acc=0.5182 val_loss=4.0638 val_f1_macro=0.4583 val_f1_weighted=0.5119 val_prec_macro=0.5002 val_rec_macro=0.4384 val_metric_name=acc val_metric=0.5182
Step 2250 | loss 0.0457 | val_acc=0.5198 val_loss=4.0919 val_f1_macro=0.4575 val_f1_weighted=0.5134 val_prec_macro=0.4957 val_rec_macro=0.4383 val_metric_name=acc val_metric=0.5198
Step 2300 | loss 0.0447 | val_acc=0.5171 val_loss=4.1177 val_f1_macro=0.4554 val_f1_weighted=0.5103 val_prec_macro=0.4973 val_rec_macro=0.4355 val_metric_name=acc val_metric=0.5171
Step 2350 | loss 0.0498 | val_acc=0.5138 val_loss=4.1541 val_f1_macro=0.4528 val_f1_weighted=0.5073 val_prec_macro=0.4929 val_rec_macro=0.4334 val_metric_name=acc val_metric=0.5138
Step 2400 | loss 0.0417 | val_acc=0.5176 val_loss=4.1850 val_f1_macro=0.4553 val_f1_weighted=0.5108 val_prec_macro=0.4964 val_rec_macro=0.4357 val_metric_name=acc val_metric=0.5176
Step 2450 | loss 0.0430 | val_acc=0.5151 val_loss=4.2088 val_f1_macro=0.4558 val_f1_weighted=0.5087 val_prec_macro=0.4956 val_rec_macro=0.4361 val_metric_name=acc val_metric=0.5151
Step 2500 | loss 0.0467 | val_acc=0.5187 val_loss=4.2145 val_f1_macro=0.4568 val_f1_weighted=0.5129 val_prec_macro=0.4933 val_rec_macro=0.4382 val_metric_name=acc val_metric=0.5187
Step 2550 | loss 0.0441 | val_acc=0.5200 val_loss=4.2352 val_f1_macro=0.4606 val_f1_weighted=0.5136 val_prec_macro=0.5016 val_rec_macro=0.4408 val_metric_name=acc val_metric=0.5200
Early stopping at step 2585

--- Final (best ckpt @ step 1990) ---
  train_acc=0.9998 train_loss=0.0014 train_f1_macro=0.9999 train_f1_weighted=0.9998 train_prec_macro=0.9999 train_rec_macro=0.9999 train_metric_name=acc train_metric=0.9998
  val_acc=0.5211 val_loss=3.9153 val_f1_macro=0.4587 val_f1_weighted=0.5150 val_prec_macro=0.4942 val_rec_macro=0.4404 val_metric_name=acc val_metric=0.5211
  test_acc=0.5141 test_loss=4.0003 test_f1_macro=0.4448 test_f1_weighted=0.5077 test_prec_macro=0.4739 test_rec_macro=0.4291 test_metric_name=acc test_metric=0.5141
  test_acc=0.5141

============================================================
Training amazon-ratings TAG 1L h=256 lr=1e-05 split=2
============================================================
Training for 5000 steps
Step    1 | loss 1.7507 | val_acc=0.2303 val_loss=1.7201 val_f1_macro=0.0882 val_f1_weighted=0.0988 val_prec_macro=0.2129 val_rec_macro=0.2004 val_metric_name=acc val_metric=0.2303
Step   50 | loss 1.4539 | val_acc=0.3694 val_loss=1.4345 val_f1_macro=0.1333 val_f1_weighted=0.2318 val_prec_macro=0.1743 val_rec_macro=0.2054 val_metric_name=acc val_metric=0.3694
Step  100 | loss 1.4415 | val_acc=0.3732 val_loss=1.4186 val_f1_macro=0.1381 val_f1_weighted=0.2382 val_prec_macro=0.2176 val_rec_macro=0.2083 val_metric_name=acc val_metric=0.3732
Step  150 | loss 1.4306 | val_acc=0.3784 val_loss=1.4085 val_f1_macro=0.1483 val_f1_weighted=0.2520 val_prec_macro=0.2572 val_rec_macro=0.2133 val_metric_name=acc val_metric=0.3784
Step  200 | loss 1.4182 | val_acc=0.3800 val_loss=1.3998 val_f1_macro=0.1559 val_f1_weighted=0.2620 val_prec_macro=0.1566 val_rec_macro=0.2164 val_metric_name=acc val_metric=0.3800
Step  250 | loss 1.4110 | val_acc=0.3830 val_loss=1.3925 val_f1_macro=0.1620 val_f1_weighted=0.2699 val_prec_macro=0.1585 val_rec_macro=0.2197 val_metric_name=acc val_metric=0.3830
Step  300 | loss 1.4010 | val_acc=0.3897 val_loss=1.3849 val_f1_macro=0.1711 val_f1_weighted=0.2822 val_prec_macro=0.1632 val_rec_macro=0.2261 val_metric_name=acc val_metric=0.3897
Step  350 | loss 1.3881 | val_acc=0.3951 val_loss=1.3778 val_f1_macro=0.1789 val_f1_weighted=0.2925 val_prec_macro=0.2053 val_rec_macro=0.2317 val_metric_name=acc val_metric=0.3951
Step  400 | loss 1.3847 | val_acc=0.4014 val_loss=1.3717 val_f1_macro=0.1862 val_f1_weighted=0.3021 val_prec_macro=0.2189 val_rec_macro=0.2376 val_metric_name=acc val_metric=0.4014
Step  450 | loss 1.3717 | val_acc=0.4036 val_loss=1.3664 val_f1_macro=0.1916 val_f1_weighted=0.3085 val_prec_macro=0.2400 val_rec_macro=0.2409 val_metric_name=acc val_metric=0.4036
Step  500 | loss 1.3634 | val_acc=0.4058 val_loss=1.3623 val_f1_macro=0.1976 val_f1_weighted=0.3158 val_prec_macro=0.2415 val_rec_macro=0.2444 val_metric_name=acc val_metric=0.4058
Step  550 | loss 1.3591 | val_acc=0.4104 val_loss=1.3588 val_f1_macro=0.2041 val_f1_weighted=0.3240 val_prec_macro=0.2392 val_rec_macro=0.2486 val_metric_name=acc val_metric=0.4104
Step  600 | loss 1.3450 | val_acc=0.4129 val_loss=1.3550 val_f1_macro=0.2089 val_f1_weighted=0.3299 val_prec_macro=0.2430 val_rec_macro=0.2517 val_metric_name=acc val_metric=0.4129
Step  650 | loss 1.3365 | val_acc=0.4163 val_loss=1.3525 val_f1_macro=0.2172 val_f1_weighted=0.3383 val_prec_macro=0.3029 val_rec_macro=0.2563 val_metric_name=acc val_metric=0.4163
Step  700 | loss 1.3286 | val_acc=0.4196 val_loss=1.3500 val_f1_macro=0.2226 val_f1_weighted=0.3443 val_prec_macro=0.3045 val_rec_macro=0.2595 val_metric_name=acc val_metric=0.4196
Step  750 | loss 1.3240 | val_acc=0.4192 val_loss=1.3471 val_f1_macro=0.2307 val_f1_weighted=0.3502 val_prec_macro=0.3088 val_rec_macro=0.2632 val_metric_name=acc val_metric=0.4192
Step  800 | loss 1.3163 | val_acc=0.4225 val_loss=1.3461 val_f1_macro=0.2353 val_f1_weighted=0.3551 val_prec_macro=0.3160 val_rec_macro=0.2664 val_metric_name=acc val_metric=0.4225
Step  850 | loss 1.3089 | val_acc=0.4240 val_loss=1.3438 val_f1_macro=0.2409 val_f1_weighted=0.3603 val_prec_macro=0.3129 val_rec_macro=0.2692 val_metric_name=acc val_metric=0.4240
Step  900 | loss 1.3001 | val_acc=0.4243 val_loss=1.3438 val_f1_macro=0.2454 val_f1_weighted=0.3629 val_prec_macro=0.3169 val_rec_macro=0.2715 val_metric_name=acc val_metric=0.4243
Step  950 | loss 1.2908 | val_acc=0.4276 val_loss=1.3416 val_f1_macro=0.2527 val_f1_weighted=0.3691 val_prec_macro=0.5142 val_rec_macro=0.2768 val_metric_name=acc val_metric=0.4276
Step 1000 | loss 1.2855 | val_acc=0.4302 val_loss=1.3429 val_f1_macro=0.2586 val_f1_weighted=0.3738 val_prec_macro=0.5211 val_rec_macro=0.2801 val_metric_name=acc val_metric=0.4302
Step 1050 | loss 1.2798 | val_acc=0.4323 val_loss=1.3417 val_f1_macro=0.2632 val_f1_weighted=0.3780 val_prec_macro=0.5236 val_rec_macro=0.2837 val_metric_name=acc val_metric=0.4323
Step 1100 | loss 1.2736 | val_acc=0.4375 val_loss=1.3405 val_f1_macro=0.2720 val_f1_weighted=0.3866 val_prec_macro=0.5245 val_rec_macro=0.2889 val_metric_name=acc val_metric=0.4375
Step 1150 | loss 1.2607 | val_acc=0.4408 val_loss=1.3414 val_f1_macro=0.2772 val_f1_weighted=0.3910 val_prec_macro=0.5325 val_rec_macro=0.2925 val_metric_name=acc val_metric=0.4408
Step 1200 | loss 1.2533 | val_acc=0.4431 val_loss=1.3416 val_f1_macro=0.2828 val_f1_weighted=0.3955 val_prec_macro=0.5334 val_rec_macro=0.2965 val_metric_name=acc val_metric=0.4431
Step 1250 | loss 1.2447 | val_acc=0.4419 val_loss=1.3413 val_f1_macro=0.2855 val_f1_weighted=0.3964 val_prec_macro=0.4968 val_rec_macro=0.2972 val_metric_name=acc val_metric=0.4419
Step 1300 | loss 1.2260 | val_acc=0.4421 val_loss=1.3421 val_f1_macro=0.2868 val_f1_weighted=0.3978 val_prec_macro=0.4988 val_rec_macro=0.2983 val_metric_name=acc val_metric=0.4421
Step 1350 | loss 1.2217 | val_acc=0.4436 val_loss=1.3432 val_f1_macro=0.2905 val_f1_weighted=0.4007 val_prec_macro=0.4798 val_rec_macro=0.3006 val_metric_name=acc val_metric=0.4436
Step 1400 | loss 1.2143 | val_acc=0.4432 val_loss=1.3442 val_f1_macro=0.2925 val_f1_weighted=0.4018 val_prec_macro=0.4537 val_rec_macro=0.3014 val_metric_name=acc val_metric=0.4432
Step 1450 | loss 1.1959 | val_acc=0.4428 val_loss=1.3484 val_f1_macro=0.2943 val_f1_weighted=0.4013 val_prec_macro=0.4620 val_rec_macro=0.3023 val_metric_name=acc val_metric=0.4428
Step 1500 | loss 1.1848 | val_acc=0.4459 val_loss=1.3469 val_f1_macro=0.2999 val_f1_weighted=0.4063 val_prec_macro=0.4566 val_rec_macro=0.3063 val_metric_name=acc val_metric=0.4459
Step 1550 | loss 1.1808 | val_acc=0.4470 val_loss=1.3508 val_f1_macro=0.3056 val_f1_weighted=0.4090 val_prec_macro=0.4638 val_rec_macro=0.3097 val_metric_name=acc val_metric=0.4470
Step 1600 | loss 1.1672 | val_acc=0.4508 val_loss=1.3531 val_f1_macro=0.3092 val_f1_weighted=0.4133 val_prec_macro=0.4710 val_rec_macro=0.3126 val_metric_name=acc val_metric=0.4508
Step 1650 | loss 1.1494 | val_acc=0.4522 val_loss=1.3552 val_f1_macro=0.3144 val_f1_weighted=0.4158 val_prec_macro=0.4566 val_rec_macro=0.3160 val_metric_name=acc val_metric=0.4522
Step 1700 | loss 1.1419 | val_acc=0.4524 val_loss=1.3590 val_f1_macro=0.3164 val_f1_weighted=0.4174 val_prec_macro=0.4637 val_rec_macro=0.3169 val_metric_name=acc val_metric=0.4524
Step 1750 | loss 1.1293 | val_acc=0.4548 val_loss=1.3643 val_f1_macro=0.3201 val_f1_weighted=0.4198 val_prec_macro=0.4667 val_rec_macro=0.3202 val_metric_name=acc val_metric=0.4548
Step 1800 | loss 1.1094 | val_acc=0.4570 val_loss=1.3670 val_f1_macro=0.3262 val_f1_weighted=0.4239 val_prec_macro=0.4630 val_rec_macro=0.3245 val_metric_name=acc val_metric=0.4570
Step 1850 | loss 1.1015 | val_acc=0.4571 val_loss=1.3720 val_f1_macro=0.3273 val_f1_weighted=0.4249 val_prec_macro=0.4539 val_rec_macro=0.3251 val_metric_name=acc val_metric=0.4571
Step 1900 | loss 1.0797 | val_acc=0.4599 val_loss=1.3757 val_f1_macro=0.3314 val_f1_weighted=0.4293 val_prec_macro=0.4454 val_rec_macro=0.3288 val_metric_name=acc val_metric=0.4599
Step 1950 | loss 1.0659 | val_acc=0.4606 val_loss=1.3826 val_f1_macro=0.3337 val_f1_weighted=0.4292 val_prec_macro=0.4540 val_rec_macro=0.3300 val_metric_name=acc val_metric=0.4606
Step 2000 | loss 1.0418 | val_acc=0.4614 val_loss=1.3899 val_f1_macro=0.3356 val_f1_weighted=0.4312 val_prec_macro=0.4502 val_rec_macro=0.3313 val_metric_name=acc val_metric=0.4614
Step 2050 | loss 1.0333 | val_acc=0.4628 val_loss=1.3974 val_f1_macro=0.3357 val_f1_weighted=0.4331 val_prec_macro=0.4388 val_rec_macro=0.3321 val_metric_name=acc val_metric=0.4628
Step 2100 | loss 1.0158 | val_acc=0.4642 val_loss=1.4029 val_f1_macro=0.3385 val_f1_weighted=0.4355 val_prec_macro=0.4344 val_rec_macro=0.3340 val_metric_name=acc val_metric=0.4642
Step 2150 | loss 0.9956 | val_acc=0.4643 val_loss=1.4127 val_f1_macro=0.3386 val_f1_weighted=0.4363 val_prec_macro=0.4306 val_rec_macro=0.3344 val_metric_name=acc val_metric=0.4643
Step 2200 | loss 0.9758 | val_acc=0.4686 val_loss=1.4211 val_f1_macro=0.3435 val_f1_weighted=0.4420 val_prec_macro=0.4310 val_rec_macro=0.3387 val_metric_name=acc val_metric=0.4686
Step 2250 | loss 0.9630 | val_acc=0.4681 val_loss=1.4330 val_f1_macro=0.3454 val_f1_weighted=0.4419 val_prec_macro=0.4361 val_rec_macro=0.3396 val_metric_name=acc val_metric=0.4681
Step 2300 | loss 0.9408 | val_acc=0.4692 val_loss=1.4417 val_f1_macro=0.3469 val_f1_weighted=0.4434 val_prec_macro=0.4336 val_rec_macro=0.3409 val_metric_name=acc val_metric=0.4692
Step 2350 | loss 0.9346 | val_acc=0.4733 val_loss=1.4492 val_f1_macro=0.3533 val_f1_weighted=0.4483 val_prec_macro=0.4446 val_rec_macro=0.3459 val_metric_name=acc val_metric=0.4733
Step 2400 | loss 0.9096 | val_acc=0.4740 val_loss=1.4588 val_f1_macro=0.3598 val_f1_weighted=0.4508 val_prec_macro=0.4454 val_rec_macro=0.3502 val_metric_name=acc val_metric=0.4740
Step 2450 | loss 0.8920 | val_acc=0.4762 val_loss=1.4724 val_f1_macro=0.3643 val_f1_weighted=0.4531 val_prec_macro=0.4533 val_rec_macro=0.3536 val_metric_name=acc val_metric=0.4762
Step 2500 | loss 0.8808 | val_acc=0.4787 val_loss=1.4816 val_f1_macro=0.3669 val_f1_weighted=0.4562 val_prec_macro=0.4531 val_rec_macro=0.3559 val_metric_name=acc val_metric=0.4787
Step 2550 | loss 0.8636 | val_acc=0.4803 val_loss=1.4934 val_f1_macro=0.3719 val_f1_weighted=0.4588 val_prec_macro=0.4588 val_rec_macro=0.3598 val_metric_name=acc val_metric=0.4803
Step 2600 | loss 0.8400 | val_acc=0.4813 val_loss=1.5071 val_f1_macro=0.3732 val_f1_weighted=0.4598 val_prec_macro=0.4616 val_rec_macro=0.3608 val_metric_name=acc val_metric=0.4813
Step 2650 | loss 0.8178 | val_acc=0.4818 val_loss=1.5217 val_f1_macro=0.3756 val_f1_weighted=0.4606 val_prec_macro=0.4643 val_rec_macro=0.3627 val_metric_name=acc val_metric=0.4818
Step 2700 | loss 0.8078 | val_acc=0.4823 val_loss=1.5331 val_f1_macro=0.3772 val_f1_weighted=0.4622 val_prec_macro=0.4620 val_rec_macro=0.3645 val_metric_name=acc val_metric=0.4823
Step 2750 | loss 0.7835 | val_acc=0.4820 val_loss=1.5457 val_f1_macro=0.3772 val_f1_weighted=0.4621 val_prec_macro=0.4597 val_rec_macro=0.3642 val_metric_name=acc val_metric=0.4820
Step 2800 | loss 0.7790 | val_acc=0.4862 val_loss=1.5609 val_f1_macro=0.3829 val_f1_weighted=0.4669 val_prec_macro=0.4643 val_rec_macro=0.3693 val_metric_name=acc val_metric=0.4862
Step 2850 | loss 0.7535 | val_acc=0.4872 val_loss=1.5722 val_f1_macro=0.3830 val_f1_weighted=0.4677 val_prec_macro=0.4704 val_rec_macro=0.3691 val_metric_name=acc val_metric=0.4872
Step 2900 | loss 0.7374 | val_acc=0.4906 val_loss=1.5882 val_f1_macro=0.3888 val_f1_weighted=0.4717 val_prec_macro=0.4772 val_rec_macro=0.3744 val_metric_name=acc val_metric=0.4906
Step 2950 | loss 0.7307 | val_acc=0.4931 val_loss=1.6013 val_f1_macro=0.3923 val_f1_weighted=0.4745 val_prec_macro=0.4819 val_rec_macro=0.3769 val_metric_name=acc val_metric=0.4931
Step 3000 | loss 0.7196 | val_acc=0.4931 val_loss=1.6183 val_f1_macro=0.3943 val_f1_weighted=0.4749 val_prec_macro=0.4841 val_rec_macro=0.3786 val_metric_name=acc val_metric=0.4931
Step 3050 | loss 0.6958 | val_acc=0.4958 val_loss=1.6329 val_f1_macro=0.3976 val_f1_weighted=0.4786 val_prec_macro=0.4816 val_rec_macro=0.3819 val_metric_name=acc val_metric=0.4958
Step 3100 | loss 0.6849 | val_acc=0.4960 val_loss=1.6433 val_f1_macro=0.4007 val_f1_weighted=0.4796 val_prec_macro=0.4851 val_rec_macro=0.3844 val_metric_name=acc val_metric=0.4960
Step 3150 | loss 0.6718 | val_acc=0.4984 val_loss=1.6573 val_f1_macro=0.4044 val_f1_weighted=0.4826 val_prec_macro=0.4827 val_rec_macro=0.3878 val_metric_name=acc val_metric=0.4984
Step 3200 | loss 0.6590 | val_acc=0.4975 val_loss=1.6767 val_f1_macro=0.4041 val_f1_weighted=0.4817 val_prec_macro=0.4800 val_rec_macro=0.3876 val_metric_name=acc val_metric=0.4975
Step 3250 | loss 0.6407 | val_acc=0.4993 val_loss=1.6899 val_f1_macro=0.4084 val_f1_weighted=0.4842 val_prec_macro=0.4828 val_rec_macro=0.3913 val_metric_name=acc val_metric=0.4993
Step 3300 | loss 0.6287 | val_acc=0.5007 val_loss=1.7069 val_f1_macro=0.4089 val_f1_weighted=0.4855 val_prec_macro=0.4865 val_rec_macro=0.3920 val_metric_name=acc val_metric=0.5007
Step 3350 | loss 0.6235 | val_acc=0.5014 val_loss=1.7215 val_f1_macro=0.4123 val_f1_weighted=0.4869 val_prec_macro=0.4858 val_rec_macro=0.3945 val_metric_name=acc val_metric=0.5014
Step 3400 | loss 0.6027 | val_acc=0.5030 val_loss=1.7350 val_f1_macro=0.4134 val_f1_weighted=0.4890 val_prec_macro=0.4834 val_rec_macro=0.3964 val_metric_name=acc val_metric=0.5030
Step 3450 | loss 0.5864 | val_acc=0.5035 val_loss=1.7553 val_f1_macro=0.4139 val_f1_weighted=0.4888 val_prec_macro=0.4876 val_rec_macro=0.3960 val_metric_name=acc val_metric=0.5035
Step 3500 | loss 0.5788 | val_acc=0.5047 val_loss=1.7720 val_f1_macro=0.4178 val_f1_weighted=0.4908 val_prec_macro=0.4906 val_rec_macro=0.3997 val_metric_name=acc val_metric=0.5047
Step 3550 | loss 0.5724 | val_acc=0.5051 val_loss=1.7866 val_f1_macro=0.4187 val_f1_weighted=0.4913 val_prec_macro=0.4918 val_rec_macro=0.4001 val_metric_name=acc val_metric=0.5051
Step 3600 | loss 0.5446 | val_acc=0.5061 val_loss=1.7967 val_f1_macro=0.4185 val_f1_weighted=0.4924 val_prec_macro=0.4863 val_rec_macro=0.4009 val_metric_name=acc val_metric=0.5061
Step 3650 | loss 0.5357 | val_acc=0.5082 val_loss=1.8156 val_f1_macro=0.4200 val_f1_weighted=0.4944 val_prec_macro=0.4898 val_rec_macro=0.4022 val_metric_name=acc val_metric=0.5082
Step 3700 | loss 0.5297 | val_acc=0.5071 val_loss=1.8290 val_f1_macro=0.4208 val_f1_weighted=0.4939 val_prec_macro=0.4878 val_rec_macro=0.4029 val_metric_name=acc val_metric=0.5071
Step 3750 | loss 0.5150 | val_acc=0.5091 val_loss=1.8505 val_f1_macro=0.4221 val_f1_weighted=0.4955 val_prec_macro=0.4868 val_rec_macro=0.4045 val_metric_name=acc val_metric=0.5091
Step 3800 | loss 0.5015 | val_acc=0.5097 val_loss=1.8629 val_f1_macro=0.4249 val_f1_weighted=0.4970 val_prec_macro=0.4874 val_rec_macro=0.4071 val_metric_name=acc val_metric=0.5097
Step 3850 | loss 0.4941 | val_acc=0.5097 val_loss=1.8818 val_f1_macro=0.4257 val_f1_weighted=0.4967 val_prec_macro=0.4893 val_rec_macro=0.4072 val_metric_name=acc val_metric=0.5097
Step 3900 | loss 0.4822 | val_acc=0.5100 val_loss=1.9014 val_f1_macro=0.4258 val_f1_weighted=0.4970 val_prec_macro=0.4884 val_rec_macro=0.4074 val_metric_name=acc val_metric=0.5100
Step 3950 | loss 0.4778 | val_acc=0.5074 val_loss=1.9159 val_f1_macro=0.4220 val_f1_weighted=0.4948 val_prec_macro=0.4798 val_rec_macro=0.4047 val_metric_name=acc val_metric=0.5074
Step 4000 | loss 0.4682 | val_acc=0.5078 val_loss=1.9309 val_f1_macro=0.4241 val_f1_weighted=0.4952 val_prec_macro=0.4854 val_rec_macro=0.4062 val_metric_name=acc val_metric=0.5078
Step 4050 | loss 0.4678 | val_acc=0.5086 val_loss=1.9517 val_f1_macro=0.4256 val_f1_weighted=0.4961 val_prec_macro=0.4866 val_rec_macro=0.4070 val_metric_name=acc val_metric=0.5086
Step 4100 | loss 0.4510 | val_acc=0.5110 val_loss=1.9691 val_f1_macro=0.4277 val_f1_weighted=0.4984 val_prec_macro=0.4893 val_rec_macro=0.4092 val_metric_name=acc val_metric=0.5110
Step 4150 | loss 0.4510 | val_acc=0.5096 val_loss=1.9849 val_f1_macro=0.4260 val_f1_weighted=0.4969 val_prec_macro=0.4879 val_rec_macro=0.4077 val_metric_name=acc val_metric=0.5096
Step 4200 | loss 0.4420 | val_acc=0.5107 val_loss=1.9988 val_f1_macro=0.4277 val_f1_weighted=0.4983 val_prec_macro=0.4863 val_rec_macro=0.4097 val_metric_name=acc val_metric=0.5107
Step 4250 | loss 0.4198 | val_acc=0.5118 val_loss=2.0159 val_f1_macro=0.4273 val_f1_weighted=0.4996 val_prec_macro=0.4826 val_rec_macro=0.4100 val_metric_name=acc val_metric=0.5118
Step 4300 | loss 0.4173 | val_acc=0.5115 val_loss=2.0348 val_f1_macro=0.4291 val_f1_weighted=0.4996 val_prec_macro=0.4833 val_rec_macro=0.4114 val_metric_name=acc val_metric=0.5115
Step 4350 | loss 0.4083 | val_acc=0.5136 val_loss=2.0540 val_f1_macro=0.4311 val_f1_weighted=0.5012 val_prec_macro=0.4893 val_rec_macro=0.4127 val_metric_name=acc val_metric=0.5136
Step 4400 | loss 0.4011 | val_acc=0.5158 val_loss=2.0667 val_f1_macro=0.4357 val_f1_weighted=0.5037 val_prec_macro=0.4951 val_rec_macro=0.4163 val_metric_name=acc val_metric=0.5158
Step 4450 | loss 0.3847 | val_acc=0.5153 val_loss=2.0869 val_f1_macro=0.4349 val_f1_weighted=0.5032 val_prec_macro=0.4937 val_rec_macro=0.4158 val_metric_name=acc val_metric=0.5153
Step 4500 | loss 0.3914 | val_acc=0.5159 val_loss=2.1017 val_f1_macro=0.4360 val_f1_weighted=0.5040 val_prec_macro=0.4959 val_rec_macro=0.4166 val_metric_name=acc val_metric=0.5159
Step 4550 | loss 0.3806 | val_acc=0.5148 val_loss=2.1198 val_f1_macro=0.4338 val_f1_weighted=0.5028 val_prec_macro=0.4935 val_rec_macro=0.4147 val_metric_name=acc val_metric=0.5148
Step 4600 | loss 0.3721 | val_acc=0.5153 val_loss=2.1350 val_f1_macro=0.4356 val_f1_weighted=0.5034 val_prec_macro=0.4956 val_rec_macro=0.4162 val_metric_name=acc val_metric=0.5153
Step 4650 | loss 0.3709 | val_acc=0.5163 val_loss=2.1505 val_f1_macro=0.4369 val_f1_weighted=0.5046 val_prec_macro=0.4937 val_rec_macro=0.4177 val_metric_name=acc val_metric=0.5163
Step 4700 | loss 0.3605 | val_acc=0.5161 val_loss=2.1657 val_f1_macro=0.4365 val_f1_weighted=0.5046 val_prec_macro=0.4921 val_rec_macro=0.4178 val_metric_name=acc val_metric=0.5161
Step 4750 | loss 0.3514 | val_acc=0.5161 val_loss=2.1821 val_f1_macro=0.4386 val_f1_weighted=0.5050 val_prec_macro=0.4951 val_rec_macro=0.4194 val_metric_name=acc val_metric=0.5161
Step 4800 | loss 0.3423 | val_acc=0.5172 val_loss=2.1980 val_f1_macro=0.4393 val_f1_weighted=0.5059 val_prec_macro=0.4984 val_rec_macro=0.4198 val_metric_name=acc val_metric=0.5172
Step 4850 | loss 0.3430 | val_acc=0.5167 val_loss=2.2149 val_f1_macro=0.4372 val_f1_weighted=0.5052 val_prec_macro=0.4936 val_rec_macro=0.4182 val_metric_name=acc val_metric=0.5167
Step 4900 | loss 0.3391 | val_acc=0.5172 val_loss=2.2322 val_f1_macro=0.4400 val_f1_weighted=0.5060 val_prec_macro=0.4961 val_rec_macro=0.4205 val_metric_name=acc val_metric=0.5172
Step 4950 | loss 0.3434 | val_acc=0.5169 val_loss=2.2471 val_f1_macro=0.4400 val_f1_weighted=0.5058 val_prec_macro=0.4960 val_rec_macro=0.4205 val_metric_name=acc val_metric=0.5169
Step 5000 | loss 0.3210 | val_acc=0.5141 val_loss=2.2618 val_f1_macro=0.4367 val_f1_weighted=0.5031 val_prec_macro=0.4892 val_rec_macro=0.4181 val_metric_name=acc val_metric=0.5141

--- Final (best ckpt @ step 4840) ---
  train_acc=0.9671 train_loss=0.1145 train_f1_macro=0.9633 train_f1_weighted=0.9670 train_prec_macro=0.9754 train_rec_macro=0.9523 train_metric_name=acc train_metric=0.9671
  val_acc=0.5179 val_loss=2.2123 val_f1_macro=0.4405 val_f1_weighted=0.5068 val_prec_macro=0.4947 val_rec_macro=0.4215 val_metric_name=acc val_metric=0.5179
  test_acc=0.5185 test_loss=2.2462 test_f1_macro=0.4479 test_f1_weighted=0.5088 test_prec_macro=0.5048 test_rec_macro=0.4260 test_metric_name=acc test_metric=0.5185
  test_acc=0.5185

============================================================
Training amazon-ratings TAG 1L h=384 lr=3e-05 split=2
============================================================
Training for 5000 steps
Step    1 | loss 1.6405 | val_acc=0.3377 val_loss=1.4949 val_f1_macro=0.1764 val_f1_weighted=0.2749 val_prec_macro=0.1938 val_rec_macro=0.2049 val_metric_name=acc val_metric=0.3377
Step   50 | loss 1.4137 | val_acc=0.3856 val_loss=1.3883 val_f1_macro=0.1645 val_f1_weighted=0.2734 val_prec_macro=0.2167 val_rec_macro=0.2216 val_metric_name=acc val_metric=0.3856
Step  100 | loss 1.3697 | val_acc=0.4052 val_loss=1.3598 val_f1_macro=0.2018 val_f1_weighted=0.3205 val_prec_macro=0.2391 val_rec_macro=0.2436 val_metric_name=acc val_metric=0.4052
Step  150 | loss 1.3365 | val_acc=0.4191 val_loss=1.3455 val_f1_macro=0.2351 val_f1_weighted=0.3559 val_prec_macro=0.3448 val_rec_macro=0.2626 val_metric_name=acc val_metric=0.4191
Step  200 | loss 1.3077 | val_acc=0.4303 val_loss=1.3396 val_f1_macro=0.2569 val_f1_weighted=0.3772 val_prec_macro=0.5300 val_rec_macro=0.2769 val_metric_name=acc val_metric=0.4303
Step  250 | loss 1.2714 | val_acc=0.4326 val_loss=1.3364 val_f1_macro=0.2750 val_f1_weighted=0.3885 val_prec_macro=0.4165 val_rec_macro=0.2870 val_metric_name=acc val_metric=0.4326
Step  300 | loss 1.2359 | val_acc=0.4359 val_loss=1.3396 val_f1_macro=0.2864 val_f1_weighted=0.3963 val_prec_macro=0.4609 val_rec_macro=0.2936 val_metric_name=acc val_metric=0.4359
Step  350 | loss 1.1979 | val_acc=0.4374 val_loss=1.3378 val_f1_macro=0.3071 val_f1_weighted=0.4069 val_prec_macro=0.4489 val_rec_macro=0.3068 val_metric_name=acc val_metric=0.4374
Step  400 | loss 1.1560 | val_acc=0.4459 val_loss=1.3437 val_f1_macro=0.3231 val_f1_weighted=0.4187 val_prec_macro=0.4332 val_rec_macro=0.3181 val_metric_name=acc val_metric=0.4459
Step  450 | loss 1.0926 | val_acc=0.4539 val_loss=1.3566 val_f1_macro=0.3322 val_f1_weighted=0.4279 val_prec_macro=0.4336 val_rec_macro=0.3257 val_metric_name=acc val_metric=0.4539
Step  500 | loss 1.0300 | val_acc=0.4625 val_loss=1.3804 val_f1_macro=0.3518 val_f1_weighted=0.4413 val_prec_macro=0.4566 val_rec_macro=0.3406 val_metric_name=acc val_metric=0.4625
Step  550 | loss 0.9576 | val_acc=0.4622 val_loss=1.4082 val_f1_macro=0.3599 val_f1_weighted=0.4452 val_prec_macro=0.4571 val_rec_macro=0.3467 val_metric_name=acc val_metric=0.4622
Step  600 | loss 0.8689 | val_acc=0.4692 val_loss=1.4602 val_f1_macro=0.3696 val_f1_weighted=0.4526 val_prec_macro=0.4720 val_rec_macro=0.3544 val_metric_name=acc val_metric=0.4692
Step  650 | loss 0.7845 | val_acc=0.4756 val_loss=1.5199 val_f1_macro=0.3863 val_f1_weighted=0.4615 val_prec_macro=0.4895 val_rec_macro=0.3674 val_metric_name=acc val_metric=0.4756
Step  700 | loss 0.7083 | val_acc=0.4811 val_loss=1.5944 val_f1_macro=0.3932 val_f1_weighted=0.4683 val_prec_macro=0.4863 val_rec_macro=0.3744 val_metric_name=acc val_metric=0.4811
Step  750 | loss 0.6364 | val_acc=0.4886 val_loss=1.6819 val_f1_macro=0.3990 val_f1_weighted=0.4759 val_prec_macro=0.4916 val_rec_macro=0.3799 val_metric_name=acc val_metric=0.4886
Step  800 | loss 0.5604 | val_acc=0.4927 val_loss=1.7675 val_f1_macro=0.4105 val_f1_weighted=0.4809 val_prec_macro=0.4991 val_rec_macro=0.3887 val_metric_name=acc val_metric=0.4927
Step  850 | loss 0.4947 | val_acc=0.4975 val_loss=1.8607 val_f1_macro=0.4174 val_f1_weighted=0.4866 val_prec_macro=0.4968 val_rec_macro=0.3960 val_metric_name=acc val_metric=0.4975
Step  900 | loss 0.4290 | val_acc=0.5009 val_loss=1.9494 val_f1_macro=0.4208 val_f1_weighted=0.4904 val_prec_macro=0.4906 val_rec_macro=0.4003 val_metric_name=acc val_metric=0.5009
Step  950 | loss 0.3935 | val_acc=0.4999 val_loss=2.0371 val_f1_macro=0.4261 val_f1_weighted=0.4907 val_prec_macro=0.4991 val_rec_macro=0.4040 val_metric_name=acc val_metric=0.4999
Step 1000 | loss 0.3486 | val_acc=0.5014 val_loss=2.1362 val_f1_macro=0.4287 val_f1_weighted=0.4921 val_prec_macro=0.4946 val_rec_macro=0.4067 val_metric_name=acc val_metric=0.5014
Step 1050 | loss 0.3192 | val_acc=0.5043 val_loss=2.2115 val_f1_macro=0.4349 val_f1_weighted=0.4958 val_prec_macro=0.4984 val_rec_macro=0.4126 val_metric_name=acc val_metric=0.5043
Step 1100 | loss 0.2869 | val_acc=0.5038 val_loss=2.2967 val_f1_macro=0.4346 val_f1_weighted=0.4957 val_prec_macro=0.4886 val_rec_macro=0.4136 val_metric_name=acc val_metric=0.5038
Step 1150 | loss 0.2612 | val_acc=0.5040 val_loss=2.3756 val_f1_macro=0.4375 val_f1_weighted=0.4964 val_prec_macro=0.4871 val_rec_macro=0.4170 val_metric_name=acc val_metric=0.5040
Step 1200 | loss 0.2346 | val_acc=0.5042 val_loss=2.4528 val_f1_macro=0.4417 val_f1_weighted=0.4970 val_prec_macro=0.4937 val_rec_macro=0.4197 val_metric_name=acc val_metric=0.5042
Step 1250 | loss 0.2135 | val_acc=0.5045 val_loss=2.5230 val_f1_macro=0.4449 val_f1_weighted=0.4975 val_prec_macro=0.5046 val_rec_macro=0.4215 val_metric_name=acc val_metric=0.5045
Step 1300 | loss 0.2060 | val_acc=0.5055 val_loss=2.5874 val_f1_macro=0.4440 val_f1_weighted=0.4991 val_prec_macro=0.4937 val_rec_macro=0.4228 val_metric_name=acc val_metric=0.5055
Step 1350 | loss 0.1835 | val_acc=0.5071 val_loss=2.6593 val_f1_macro=0.4472 val_f1_weighted=0.5007 val_prec_macro=0.4989 val_rec_macro=0.4253 val_metric_name=acc val_metric=0.5071
Step 1400 | loss 0.1675 | val_acc=0.5099 val_loss=2.7245 val_f1_macro=0.4510 val_f1_weighted=0.5038 val_prec_macro=0.4988 val_rec_macro=0.4295 val_metric_name=acc val_metric=0.5099
Step 1450 | loss 0.1576 | val_acc=0.5091 val_loss=2.7875 val_f1_macro=0.4511 val_f1_weighted=0.5028 val_prec_macro=0.5034 val_rec_macro=0.4286 val_metric_name=acc val_metric=0.5091
Step 1500 | loss 0.1506 | val_acc=0.5092 val_loss=2.8449 val_f1_macro=0.4495 val_f1_weighted=0.5028 val_prec_macro=0.4984 val_rec_macro=0.4278 val_metric_name=acc val_metric=0.5092
Step 1550 | loss 0.1343 | val_acc=0.5089 val_loss=2.9005 val_f1_macro=0.4510 val_f1_weighted=0.5031 val_prec_macro=0.4989 val_rec_macro=0.4295 val_metric_name=acc val_metric=0.5089
Step 1600 | loss 0.1310 | val_acc=0.5089 val_loss=2.9441 val_f1_macro=0.4505 val_f1_weighted=0.5030 val_prec_macro=0.5008 val_rec_macro=0.4287 val_metric_name=acc val_metric=0.5089
Step 1650 | loss 0.1272 | val_acc=0.5099 val_loss=3.0016 val_f1_macro=0.4533 val_f1_weighted=0.5042 val_prec_macro=0.5008 val_rec_macro=0.4317 val_metric_name=acc val_metric=0.5099
Step 1700 | loss 0.1171 | val_acc=0.5087 val_loss=3.0596 val_f1_macro=0.4493 val_f1_weighted=0.5026 val_prec_macro=0.4973 val_rec_macro=0.4280 val_metric_name=acc val_metric=0.5087
Step 1750 | loss 0.1095 | val_acc=0.5069 val_loss=3.1039 val_f1_macro=0.4497 val_f1_weighted=0.5011 val_prec_macro=0.4969 val_rec_macro=0.4284 val_metric_name=acc val_metric=0.5069
Step 1800 | loss 0.1029 | val_acc=0.5066 val_loss=3.1412 val_f1_macro=0.4504 val_f1_weighted=0.5012 val_prec_macro=0.4995 val_rec_macro=0.4288 val_metric_name=acc val_metric=0.5066
Step 1850 | loss 0.0980 | val_acc=0.5078 val_loss=3.1993 val_f1_macro=0.4510 val_f1_weighted=0.5020 val_prec_macro=0.4979 val_rec_macro=0.4296 val_metric_name=acc val_metric=0.5078
Step 1900 | loss 0.0961 | val_acc=0.5092 val_loss=3.2331 val_f1_macro=0.4534 val_f1_weighted=0.5039 val_prec_macro=0.5053 val_rec_macro=0.4312 val_metric_name=acc val_metric=0.5092
Early stopping at step 1945

--- Final (best ckpt @ step 1480) ---
  train_acc=0.9960 train_loss=0.0194 train_f1_macro=0.9953 train_f1_weighted=0.9960 train_prec_macro=0.9970 train_rec_macro=0.9935 train_metric_name=acc train_metric=0.9960
  val_acc=0.5118 val_loss=2.8231 val_f1_macro=0.4521 val_f1_weighted=0.5051 val_prec_macro=0.5078 val_rec_macro=0.4289 val_metric_name=acc val_metric=0.5118
  test_acc=0.5099 test_loss=2.8468 test_f1_macro=0.4422 test_f1_weighted=0.5023 test_prec_macro=0.4942 test_rec_macro=0.4207 test_metric_name=acc test_metric=0.5099
  test_acc=0.5099

============================================================
Training amazon-ratings TAG 1L h=384 lr=6e-05 split=2
============================================================
Training for 5000 steps
Step    1 | loss 1.6405 | val_acc=0.3598 val_loss=1.4508 val_f1_macro=0.1284 val_f1_weighted=0.2235 val_prec_macro=0.1882 val_rec_macro=0.1996 val_metric_name=acc val_metric=0.3598
Step   50 | loss 1.3894 | val_acc=0.3996 val_loss=1.3682 val_f1_macro=0.1891 val_f1_weighted=0.3051 val_prec_macro=0.2341 val_rec_macro=0.2374 val_metric_name=acc val_metric=0.3996
Step  100 | loss 1.3249 | val_acc=0.4268 val_loss=1.3410 val_f1_macro=0.2488 val_f1_weighted=0.3712 val_prec_macro=0.3424 val_rec_macro=0.2719 val_metric_name=acc val_metric=0.4268
Step  150 | loss 1.2735 | val_acc=0.4349 val_loss=1.3374 val_f1_macro=0.2762 val_f1_weighted=0.3899 val_prec_macro=0.4171 val_rec_macro=0.2887 val_metric_name=acc val_metric=0.4349
Step  200 | loss 1.2121 | val_acc=0.4388 val_loss=1.3444 val_f1_macro=0.2994 val_f1_weighted=0.4027 val_prec_macro=0.4523 val_rec_macro=0.3015 val_metric_name=acc val_metric=0.4388
Step  250 | loss 1.1241 | val_acc=0.4493 val_loss=1.3444 val_f1_macro=0.3313 val_f1_weighted=0.4263 val_prec_macro=0.4347 val_rec_macro=0.3241 val_metric_name=acc val_metric=0.4493
Step  300 | loss 1.0064 | val_acc=0.4606 val_loss=1.3931 val_f1_macro=0.3475 val_f1_weighted=0.4398 val_prec_macro=0.4563 val_rec_macro=0.3369 val_metric_name=acc val_metric=0.4606
Step  350 | loss 0.8677 | val_acc=0.4702 val_loss=1.4594 val_f1_macro=0.3710 val_f1_weighted=0.4544 val_prec_macro=0.4653 val_rec_macro=0.3568 val_metric_name=acc val_metric=0.4702
Step  400 | loss 0.7252 | val_acc=0.4828 val_loss=1.5762 val_f1_macro=0.3930 val_f1_weighted=0.4694 val_prec_macro=0.4878 val_rec_macro=0.3744 val_metric_name=acc val_metric=0.4828
Step  450 | loss 0.5941 | val_acc=0.4903 val_loss=1.7392 val_f1_macro=0.4063 val_f1_weighted=0.4778 val_prec_macro=0.4914 val_rec_macro=0.3856 val_metric_name=acc val_metric=0.4903
Step  500 | loss 0.4798 | val_acc=0.4994 val_loss=1.8920 val_f1_macro=0.4227 val_f1_weighted=0.4898 val_prec_macro=0.4966 val_rec_macro=0.4011 val_metric_name=acc val_metric=0.4994
Step  550 | loss 0.3912 | val_acc=0.4989 val_loss=2.0626 val_f1_macro=0.4315 val_f1_weighted=0.4915 val_prec_macro=0.4858 val_rec_macro=0.4110 val_metric_name=acc val_metric=0.4989
Step  600 | loss 0.3139 | val_acc=0.5047 val_loss=2.2230 val_f1_macro=0.4376 val_f1_weighted=0.4974 val_prec_macro=0.4909 val_rec_macro=0.4165 val_metric_name=acc val_metric=0.5047
Step  650 | loss 0.2593 | val_acc=0.5060 val_loss=2.3682 val_f1_macro=0.4426 val_f1_weighted=0.4995 val_prec_macro=0.4929 val_rec_macro=0.4215 val_metric_name=acc val_metric=0.5060
Step  700 | loss 0.2264 | val_acc=0.5089 val_loss=2.5178 val_f1_macro=0.4461 val_f1_weighted=0.5018 val_prec_macro=0.4999 val_rec_macro=0.4242 val_metric_name=acc val_metric=0.5089
Step  750 | loss 0.1858 | val_acc=0.5063 val_loss=2.6421 val_f1_macro=0.4462 val_f1_weighted=0.5007 val_prec_macro=0.4899 val_rec_macro=0.4262 val_metric_name=acc val_metric=0.5063
Step  800 | loss 0.1607 | val_acc=0.5089 val_loss=2.7558 val_f1_macro=0.4488 val_f1_weighted=0.5027 val_prec_macro=0.4936 val_rec_macro=0.4278 val_metric_name=acc val_metric=0.5089
Step  850 | loss 0.1410 | val_acc=0.5078 val_loss=2.8647 val_f1_macro=0.4494 val_f1_weighted=0.5028 val_prec_macro=0.4844 val_rec_macro=0.4311 val_metric_name=acc val_metric=0.5078
Step  900 | loss 0.1236 | val_acc=0.5081 val_loss=2.9455 val_f1_macro=0.4521 val_f1_weighted=0.5025 val_prec_macro=0.5007 val_rec_macro=0.4303 val_metric_name=acc val_metric=0.5081
Step  950 | loss 0.1069 | val_acc=0.5114 val_loss=3.0381 val_f1_macro=0.4554 val_f1_weighted=0.5059 val_prec_macro=0.5008 val_rec_macro=0.4339 val_metric_name=acc val_metric=0.5114
Step 1000 | loss 0.0975 | val_acc=0.5100 val_loss=3.1398 val_f1_macro=0.4502 val_f1_weighted=0.5040 val_prec_macro=0.4947 val_rec_macro=0.4294 val_metric_name=acc val_metric=0.5100
Step 1050 | loss 0.0906 | val_acc=0.5084 val_loss=3.2095 val_f1_macro=0.4514 val_f1_weighted=0.5031 val_prec_macro=0.4951 val_rec_macro=0.4311 val_metric_name=acc val_metric=0.5084
Step 1100 | loss 0.0866 | val_acc=0.5107 val_loss=3.2899 val_f1_macro=0.4512 val_f1_weighted=0.5046 val_prec_macro=0.4951 val_rec_macro=0.4303 val_metric_name=acc val_metric=0.5107
Step 1150 | loss 0.0825 | val_acc=0.5122 val_loss=3.3574 val_f1_macro=0.4536 val_f1_weighted=0.5067 val_prec_macro=0.4938 val_rec_macro=0.4340 val_metric_name=acc val_metric=0.5122
Step 1200 | loss 0.0744 | val_acc=0.5105 val_loss=3.4259 val_f1_macro=0.4520 val_f1_weighted=0.5049 val_prec_macro=0.4928 val_rec_macro=0.4321 val_metric_name=acc val_metric=0.5105
Step 1250 | loss 0.0651 | val_acc=0.5125 val_loss=3.4810 val_f1_macro=0.4547 val_f1_weighted=0.5071 val_prec_macro=0.4988 val_rec_macro=0.4341 val_metric_name=acc val_metric=0.5125
Step 1300 | loss 0.0672 | val_acc=0.5130 val_loss=3.5553 val_f1_macro=0.4548 val_f1_weighted=0.5081 val_prec_macro=0.4932 val_rec_macro=0.4358 val_metric_name=acc val_metric=0.5130
Step 1350 | loss 0.0600 | val_acc=0.5125 val_loss=3.6064 val_f1_macro=0.4538 val_f1_weighted=0.5074 val_prec_macro=0.4955 val_rec_macro=0.4343 val_metric_name=acc val_metric=0.5125
Step 1400 | loss 0.0560 | val_acc=0.5145 val_loss=3.6603 val_f1_macro=0.4561 val_f1_weighted=0.5096 val_prec_macro=0.4931 val_rec_macro=0.4377 val_metric_name=acc val_metric=0.5145
Step 1450 | loss 0.0533 | val_acc=0.5151 val_loss=3.7233 val_f1_macro=0.4556 val_f1_weighted=0.5094 val_prec_macro=0.4927 val_rec_macro=0.4364 val_metric_name=acc val_metric=0.5151
Step 1500 | loss 0.0467 | val_acc=0.5151 val_loss=3.7591 val_f1_macro=0.4564 val_f1_weighted=0.5100 val_prec_macro=0.4920 val_rec_macro=0.4379 val_metric_name=acc val_metric=0.5151
Step 1550 | loss 0.0454 | val_acc=0.5138 val_loss=3.8116 val_f1_macro=0.4559 val_f1_weighted=0.5087 val_prec_macro=0.4952 val_rec_macro=0.4367 val_metric_name=acc val_metric=0.5138
Step 1600 | loss 0.0447 | val_acc=0.5120 val_loss=3.8553 val_f1_macro=0.4542 val_f1_weighted=0.5075 val_prec_macro=0.4882 val_rec_macro=0.4365 val_metric_name=acc val_metric=0.5120
Step 1650 | loss 0.0451 | val_acc=0.5141 val_loss=3.9045 val_f1_macro=0.4550 val_f1_weighted=0.5090 val_prec_macro=0.4920 val_rec_macro=0.4363 val_metric_name=acc val_metric=0.5141
Step 1700 | loss 0.0422 | val_acc=0.5140 val_loss=3.9541 val_f1_macro=0.4568 val_f1_weighted=0.5092 val_prec_macro=0.4915 val_rec_macro=0.4385 val_metric_name=acc val_metric=0.5140
Step 1750 | loss 0.0437 | val_acc=0.5141 val_loss=3.9962 val_f1_macro=0.4570 val_f1_weighted=0.5091 val_prec_macro=0.4948 val_rec_macro=0.4380 val_metric_name=acc val_metric=0.5141
Step 1800 | loss 0.0385 | val_acc=0.5154 val_loss=4.0108 val_f1_macro=0.4565 val_f1_weighted=0.5103 val_prec_macro=0.4934 val_rec_macro=0.4376 val_metric_name=acc val_metric=0.5154
Step 1850 | loss 0.0356 | val_acc=0.5140 val_loss=4.0633 val_f1_macro=0.4545 val_f1_weighted=0.5090 val_prec_macro=0.4905 val_rec_macro=0.4361 val_metric_name=acc val_metric=0.5140
Step 1900 | loss 0.0353 | val_acc=0.5128 val_loss=4.1059 val_f1_macro=0.4560 val_f1_weighted=0.5084 val_prec_macro=0.4902 val_rec_macro=0.4381 val_metric_name=acc val_metric=0.5128
Early stopping at step 1940

--- Final (best ckpt @ step 1640) ---
  train_acc=0.9997 train_loss=0.0014 train_f1_macro=0.9997 train_f1_weighted=0.9997 train_prec_macro=0.9998 train_rec_macro=0.9996 train_metric_name=acc train_metric=0.9997
  val_acc=0.5202 val_loss=3.8893 val_f1_macro=0.4621 val_f1_weighted=0.5149 val_prec_macro=0.5027 val_rec_macro=0.4421 val_metric_name=acc val_metric=0.5202
  test_acc=0.5198 test_loss=3.9161 test_f1_macro=0.4544 test_f1_weighted=0.5136 test_prec_macro=0.4946 test_rec_macro=0.4350 test_metric_name=acc test_metric=0.5198
  test_acc=0.5198

============================================================
Training amazon-ratings TAG 1L h=384 lr=0.0001 split=2
============================================================
Training for 5000 steps
Step    1 | loss 1.6405 | val_acc=0.3665 val_loss=1.4569 val_f1_macro=0.1086 val_f1_weighted=0.1989 val_prec_macro=0.1651 val_rec_macro=0.1995 val_metric_name=acc val_metric=0.3665
Step   50 | loss 1.3698 | val_acc=0.4073 val_loss=1.3579 val_f1_macro=0.2084 val_f1_weighted=0.3285 val_prec_macro=0.2343 val_rec_macro=0.2479 val_metric_name=acc val_metric=0.4073
Step  100 | loss 1.2888 | val_acc=0.4336 val_loss=1.3374 val_f1_macro=0.2708 val_f1_weighted=0.3864 val_prec_macro=0.4229 val_rec_macro=0.2840 val_metric_name=acc val_metric=0.4336
Step  150 | loss 1.2019 | val_acc=0.4421 val_loss=1.3487 val_f1_macro=0.3020 val_f1_weighted=0.4040 val_prec_macro=0.4260 val_rec_macro=0.3081 val_metric_name=acc val_metric=0.4421
Step  200 | loss 1.0667 | val_acc=0.4566 val_loss=1.3714 val_f1_macro=0.3422 val_f1_weighted=0.4358 val_prec_macro=0.4311 val_rec_macro=0.3344 val_metric_name=acc val_metric=0.4566
Step  250 | loss 0.8670 | val_acc=0.4671 val_loss=1.4627 val_f1_macro=0.3695 val_f1_weighted=0.4527 val_prec_macro=0.4556 val_rec_macro=0.3553 val_metric_name=acc val_metric=0.4671
Step  300 | loss 0.6576 | val_acc=0.4869 val_loss=1.6555 val_f1_macro=0.3982 val_f1_weighted=0.4734 val_prec_macro=0.4963 val_rec_macro=0.3776 val_metric_name=acc val_metric=0.4869
Step  350 | loss 0.4753 | val_acc=0.4983 val_loss=1.8934 val_f1_macro=0.4236 val_f1_weighted=0.4890 val_prec_macro=0.4921 val_rec_macro=0.4030 val_metric_name=acc val_metric=0.4983
Step  400 | loss 0.3457 | val_acc=0.5027 val_loss=2.1452 val_f1_macro=0.4364 val_f1_weighted=0.4955 val_prec_macro=0.4918 val_rec_macro=0.4151 val_metric_name=acc val_metric=0.5027
Step  450 | loss 0.2655 | val_acc=0.5065 val_loss=2.4028 val_f1_macro=0.4397 val_f1_weighted=0.4981 val_prec_macro=0.4963 val_rec_macro=0.4175 val_metric_name=acc val_metric=0.5065
Step  500 | loss 0.2021 | val_acc=0.5073 val_loss=2.5903 val_f1_macro=0.4481 val_f1_weighted=0.5007 val_prec_macro=0.4943 val_rec_macro=0.4263 val_metric_name=acc val_metric=0.5073
Step  550 | loss 0.1661 | val_acc=0.5043 val_loss=2.7899 val_f1_macro=0.4472 val_f1_weighted=0.4988 val_prec_macro=0.4858 val_rec_macro=0.4279 val_metric_name=acc val_metric=0.5043
Step  600 | loss 0.1314 | val_acc=0.5097 val_loss=2.9493 val_f1_macro=0.4505 val_f1_weighted=0.5036 val_prec_macro=0.4958 val_rec_macro=0.4293 val_metric_name=acc val_metric=0.5097
Step  650 | loss 0.1136 | val_acc=0.5086 val_loss=3.0696 val_f1_macro=0.4577 val_f1_weighted=0.5037 val_prec_macro=0.5007 val_rec_macro=0.4364 val_metric_name=acc val_metric=0.5086
Step  700 | loss 0.0992 | val_acc=0.5100 val_loss=3.1911 val_f1_macro=0.4543 val_f1_weighted=0.5048 val_prec_macro=0.4954 val_rec_macro=0.4341 val_metric_name=acc val_metric=0.5100
Step  750 | loss 0.0807 | val_acc=0.5107 val_loss=3.3223 val_f1_macro=0.4568 val_f1_weighted=0.5058 val_prec_macro=0.4962 val_rec_macro=0.4368 val_metric_name=acc val_metric=0.5107
Step  800 | loss 0.0717 | val_acc=0.5154 val_loss=3.4184 val_f1_macro=0.4587 val_f1_weighted=0.5095 val_prec_macro=0.5061 val_rec_macro=0.4363 val_metric_name=acc val_metric=0.5154
Step  850 | loss 0.0647 | val_acc=0.5125 val_loss=3.5337 val_f1_macro=0.4556 val_f1_weighted=0.5084 val_prec_macro=0.4824 val_rec_macro=0.4399 val_metric_name=acc val_metric=0.5125
Step  900 | loss 0.0614 | val_acc=0.5138 val_loss=3.5851 val_f1_macro=0.4547 val_f1_weighted=0.5082 val_prec_macro=0.4956 val_rec_macro=0.4349 val_metric_name=acc val_metric=0.5138
Step  950 | loss 0.0500 | val_acc=0.5161 val_loss=3.6642 val_f1_macro=0.4595 val_f1_weighted=0.5109 val_prec_macro=0.4982 val_rec_macro=0.4396 val_metric_name=acc val_metric=0.5161
Step 1000 | loss 0.0471 | val_acc=0.5138 val_loss=3.7521 val_f1_macro=0.4561 val_f1_weighted=0.5083 val_prec_macro=0.4944 val_rec_macro=0.4363 val_metric_name=acc val_metric=0.5138
Step 1050 | loss 0.0438 | val_acc=0.5176 val_loss=3.8104 val_f1_macro=0.4625 val_f1_weighted=0.5124 val_prec_macro=0.5006 val_rec_macro=0.4425 val_metric_name=acc val_metric=0.5176
Step 1100 | loss 0.0445 | val_acc=0.5176 val_loss=3.8810 val_f1_macro=0.4607 val_f1_weighted=0.5119 val_prec_macro=0.4992 val_rec_macro=0.4404 val_metric_name=acc val_metric=0.5176
Step 1150 | loss 0.0436 | val_acc=0.5180 val_loss=3.9595 val_f1_macro=0.4629 val_f1_weighted=0.5135 val_prec_macro=0.4947 val_rec_macro=0.4450 val_metric_name=acc val_metric=0.5180
Step 1200 | loss 0.0401 | val_acc=0.5161 val_loss=4.0095 val_f1_macro=0.4609 val_f1_weighted=0.5109 val_prec_macro=0.4973 val_rec_macro=0.4412 val_metric_name=acc val_metric=0.5161
Step 1250 | loss 0.0318 | val_acc=0.5159 val_loss=4.0623 val_f1_macro=0.4607 val_f1_weighted=0.5117 val_prec_macro=0.4930 val_rec_macro=0.4429 val_metric_name=acc val_metric=0.5159
Step 1300 | loss 0.0328 | val_acc=0.5159 val_loss=4.1294 val_f1_macro=0.4595 val_f1_weighted=0.5112 val_prec_macro=0.4942 val_rec_macro=0.4408 val_metric_name=acc val_metric=0.5159
Step 1350 | loss 0.0297 | val_acc=0.5159 val_loss=4.1680 val_f1_macro=0.4608 val_f1_weighted=0.5117 val_prec_macro=0.4930 val_rec_macro=0.4430 val_metric_name=acc val_metric=0.5159
Step 1400 | loss 0.0287 | val_acc=0.5184 val_loss=4.2204 val_f1_macro=0.4636 val_f1_weighted=0.5136 val_prec_macro=0.4977 val_rec_macro=0.4448 val_metric_name=acc val_metric=0.5184
Step 1450 | loss 0.0260 | val_acc=0.5198 val_loss=4.2869 val_f1_macro=0.4630 val_f1_weighted=0.5145 val_prec_macro=0.4957 val_rec_macro=0.4446 val_metric_name=acc val_metric=0.5198
Step 1500 | loss 0.0245 | val_acc=0.5205 val_loss=4.3191 val_f1_macro=0.4670 val_f1_weighted=0.5162 val_prec_macro=0.4996 val_rec_macro=0.4485 val_metric_name=acc val_metric=0.5205
Step 1550 | loss 0.0241 | val_acc=0.5202 val_loss=4.3624 val_f1_macro=0.4644 val_f1_weighted=0.5156 val_prec_macro=0.4969 val_rec_macro=0.4462 val_metric_name=acc val_metric=0.5202
Step 1600 | loss 0.0251 | val_acc=0.5180 val_loss=4.4077 val_f1_macro=0.4612 val_f1_weighted=0.5132 val_prec_macro=0.4922 val_rec_macro=0.4436 val_metric_name=acc val_metric=0.5180
Step 1650 | loss 0.0222 | val_acc=0.5203 val_loss=4.4391 val_f1_macro=0.4637 val_f1_weighted=0.5157 val_prec_macro=0.4959 val_rec_macro=0.4457 val_metric_name=acc val_metric=0.5203
Step 1700 | loss 0.0224 | val_acc=0.5161 val_loss=4.5061 val_f1_macro=0.4588 val_f1_weighted=0.5115 val_prec_macro=0.4889 val_rec_macro=0.4417 val_metric_name=acc val_metric=0.5161
Step 1750 | loss 0.0252 | val_acc=0.5167 val_loss=4.5539 val_f1_macro=0.4590 val_f1_weighted=0.5116 val_prec_macro=0.4916 val_rec_macro=0.4410 val_metric_name=acc val_metric=0.5167
Step 1800 | loss 0.0213 | val_acc=0.5205 val_loss=4.5394 val_f1_macro=0.4648 val_f1_weighted=0.5155 val_prec_macro=0.5000 val_rec_macro=0.4457 val_metric_name=acc val_metric=0.5205
Step 1850 | loss 0.0183 | val_acc=0.5161 val_loss=4.6027 val_f1_macro=0.4612 val_f1_weighted=0.5113 val_prec_macro=0.4945 val_rec_macro=0.4428 val_metric_name=acc val_metric=0.5161
Step 1900 | loss 0.0194 | val_acc=0.5163 val_loss=4.6304 val_f1_macro=0.4600 val_f1_weighted=0.5116 val_prec_macro=0.4917 val_rec_macro=0.4423 val_metric_name=acc val_metric=0.5163
Step 1950 | loss 0.0189 | val_acc=0.5130 val_loss=4.6580 val_f1_macro=0.4586 val_f1_weighted=0.5088 val_prec_macro=0.4915 val_rec_macro=0.4407 val_metric_name=acc val_metric=0.5130
Step 2000 | loss 0.0187 | val_acc=0.5159 val_loss=4.7191 val_f1_macro=0.4619 val_f1_weighted=0.5115 val_prec_macro=0.4945 val_rec_macro=0.4439 val_metric_name=acc val_metric=0.5159
Step 2050 | loss 0.0146 | val_acc=0.5190 val_loss=4.7261 val_f1_macro=0.4652 val_f1_weighted=0.5149 val_prec_macro=0.4973 val_rec_macro=0.4473 val_metric_name=acc val_metric=0.5190
Step 2100 | loss 0.0156 | val_acc=0.5216 val_loss=4.7779 val_f1_macro=0.4667 val_f1_weighted=0.5171 val_prec_macro=0.5010 val_rec_macro=0.4481 val_metric_name=acc val_metric=0.5216
Step 2150 | loss 0.0152 | val_acc=0.5215 val_loss=4.8187 val_f1_macro=0.4637 val_f1_weighted=0.5172 val_prec_macro=0.4916 val_rec_macro=0.4474 val_metric_name=acc val_metric=0.5215
Step 2200 | loss 0.0155 | val_acc=0.5189 val_loss=4.8596 val_f1_macro=0.4647 val_f1_weighted=0.5148 val_prec_macro=0.4919 val_rec_macro=0.4484 val_metric_name=acc val_metric=0.5189
Step 2250 | loss 0.0152 | val_acc=0.5197 val_loss=4.8977 val_f1_macro=0.4645 val_f1_weighted=0.5159 val_prec_macro=0.4912 val_rec_macro=0.4484 val_metric_name=acc val_metric=0.5197
Step 2300 | loss 0.0149 | val_acc=0.5213 val_loss=4.8857 val_f1_macro=0.4666 val_f1_weighted=0.5169 val_prec_macro=0.4986 val_rec_macro=0.4486 val_metric_name=acc val_metric=0.5213
Step 2350 | loss 0.0145 | val_acc=0.5198 val_loss=4.9542 val_f1_macro=0.4650 val_f1_weighted=0.5153 val_prec_macro=0.4983 val_rec_macro=0.4465 val_metric_name=acc val_metric=0.5198
Step 2400 | loss 0.0134 | val_acc=0.5167 val_loss=4.9605 val_f1_macro=0.4618 val_f1_weighted=0.5125 val_prec_macro=0.4890 val_rec_macro=0.4455 val_metric_name=acc val_metric=0.5167
Step 2450 | loss 0.0143 | val_acc=0.5174 val_loss=4.9813 val_f1_macro=0.4627 val_f1_weighted=0.5131 val_prec_macro=0.4955 val_rec_macro=0.4446 val_metric_name=acc val_metric=0.5174
Step 2500 | loss 0.0107 | val_acc=0.5166 val_loss=5.0082 val_f1_macro=0.4609 val_f1_weighted=0.5123 val_prec_macro=0.4916 val_rec_macro=0.4434 val_metric_name=acc val_metric=0.5166
Step 2550 | loss 0.0117 | val_acc=0.5167 val_loss=5.0452 val_f1_macro=0.4629 val_f1_weighted=0.5130 val_prec_macro=0.4910 val_rec_macro=0.4465 val_metric_name=acc val_metric=0.5167
Early stopping at step 2583

--- Final (best ckpt @ step 1960) ---
  train_acc=0.9998 train_loss=0.0004 train_f1_macro=0.9999 train_f1_weighted=0.9998 train_prec_macro=0.9999 train_rec_macro=0.9999 train_metric_name=acc train_metric=0.9998
  val_acc=0.5228 val_loss=4.6605 val_f1_macro=0.4648 val_f1_weighted=0.5178 val_prec_macro=0.4972 val_rec_macro=0.4467 val_metric_name=acc val_metric=0.5228
  test_acc=0.5215 test_loss=4.6712 test_f1_macro=0.4586 test_f1_weighted=0.5161 test_prec_macro=0.4928 test_rec_macro=0.4407 test_metric_name=acc test_metric=0.5215
  test_acc=0.5215

============================================================
Training amazon-ratings TAG 1L h=384 lr=1e-05 split=2
============================================================
Training for 5000 steps
Step    1 | loss 1.6405 | val_acc=0.2732 val_loss=1.5518 val_f1_macro=0.1898 val_f1_weighted=0.2646 val_prec_macro=0.1869 val_rec_macro=0.2073 val_metric_name=acc val_metric=0.2732
Step   50 | loss 1.4403 | val_acc=0.3712 val_loss=1.4137 val_f1_macro=0.1372 val_f1_weighted=0.2367 val_prec_macro=0.2029 val_rec_macro=0.2071 val_metric_name=acc val_metric=0.3712
Step  100 | loss 1.4201 | val_acc=0.3804 val_loss=1.3944 val_f1_macro=0.1579 val_f1_weighted=0.2643 val_prec_macro=0.2290 val_rec_macro=0.2169 val_metric_name=acc val_metric=0.3804
Step  150 | loss 1.4043 | val_acc=0.3867 val_loss=1.3804 val_f1_macro=0.1735 val_f1_weighted=0.2843 val_prec_macro=0.2221 val_rec_macro=0.2252 val_metric_name=acc val_metric=0.3867
Step  200 | loss 1.3861 | val_acc=0.4019 val_loss=1.3690 val_f1_macro=0.1917 val_f1_weighted=0.3084 val_prec_macro=0.2413 val_rec_macro=0.2382 val_metric_name=acc val_metric=0.4019
Step  250 | loss 1.3702 | val_acc=0.4058 val_loss=1.3593 val_f1_macro=0.2041 val_f1_weighted=0.3234 val_prec_macro=0.2356 val_rec_macro=0.2450 val_metric_name=acc val_metric=0.4058
Step  300 | loss 1.3550 | val_acc=0.4107 val_loss=1.3522 val_f1_macro=0.2163 val_f1_weighted=0.3370 val_prec_macro=0.4359 val_rec_macro=0.2520 val_metric_name=acc val_metric=0.4107
Step  350 | loss 1.3389 | val_acc=0.4178 val_loss=1.3480 val_f1_macro=0.2292 val_f1_weighted=0.3506 val_prec_macro=0.3641 val_rec_macro=0.2603 val_metric_name=acc val_metric=0.4178
Step  400 | loss 1.3348 | val_acc=0.4235 val_loss=1.3434 val_f1_macro=0.2404 val_f1_weighted=0.3618 val_prec_macro=0.3371 val_rec_macro=0.2668 val_metric_name=acc val_metric=0.4235
Step  450 | loss 1.3204 | val_acc=0.4268 val_loss=1.3415 val_f1_macro=0.2469 val_f1_weighted=0.3682 val_prec_macro=0.3304 val_rec_macro=0.2717 val_metric_name=acc val_metric=0.4268
Step  500 | loss 1.3067 | val_acc=0.4307 val_loss=1.3386 val_f1_macro=0.2561 val_f1_weighted=0.3769 val_prec_macro=0.5273 val_rec_macro=0.2769 val_metric_name=acc val_metric=0.4307
Step  550 | loss 1.3029 | val_acc=0.4343 val_loss=1.3380 val_f1_macro=0.2675 val_f1_weighted=0.3845 val_prec_macro=0.5415 val_rec_macro=0.2835 val_metric_name=acc val_metric=0.4343
Step  600 | loss 1.2851 | val_acc=0.4356 val_loss=1.3366 val_f1_macro=0.2726 val_f1_weighted=0.3887 val_prec_macro=0.4726 val_rec_macro=0.2867 val_metric_name=acc val_metric=0.4356
Step  650 | loss 1.2716 | val_acc=0.4349 val_loss=1.3359 val_f1_macro=0.2765 val_f1_weighted=0.3910 val_prec_macro=0.4569 val_rec_macro=0.2887 val_metric_name=acc val_metric=0.4349
Step  700 | loss 1.2622 | val_acc=0.4383 val_loss=1.3358 val_f1_macro=0.2848 val_f1_weighted=0.3965 val_prec_macro=0.4768 val_rec_macro=0.2938 val_metric_name=acc val_metric=0.4383
Step  750 | loss 1.2482 | val_acc=0.4387 val_loss=1.3360 val_f1_macro=0.2883 val_f1_weighted=0.3985 val_prec_macro=0.4845 val_rec_macro=0.2953 val_metric_name=acc val_metric=0.4387
Step  800 | loss 1.2328 | val_acc=0.4367 val_loss=1.3347 val_f1_macro=0.2921 val_f1_weighted=0.3998 val_prec_macro=0.4875 val_rec_macro=0.2971 val_metric_name=acc val_metric=0.4367
Step  850 | loss 1.2152 | val_acc=0.4401 val_loss=1.3364 val_f1_macro=0.2982 val_f1_weighted=0.4040 val_prec_macro=0.4819 val_rec_macro=0.3015 val_metric_name=acc val_metric=0.4401
Step  900 | loss 1.1961 | val_acc=0.4403 val_loss=1.3363 val_f1_macro=0.3023 val_f1_weighted=0.4062 val_prec_macro=0.4518 val_rec_macro=0.3035 val_metric_name=acc val_metric=0.4403
Step  950 | loss 1.1865 | val_acc=0.4431 val_loss=1.3399 val_f1_macro=0.3086 val_f1_weighted=0.4100 val_prec_macro=0.4513 val_rec_macro=0.3078 val_metric_name=acc val_metric=0.4431
Step 1000 | loss 1.1716 | val_acc=0.4447 val_loss=1.3393 val_f1_macro=0.3188 val_f1_weighted=0.4157 val_prec_macro=0.4457 val_rec_macro=0.3144 val_metric_name=acc val_metric=0.4447
Step 1050 | loss 1.1567 | val_acc=0.4477 val_loss=1.3434 val_f1_macro=0.3211 val_f1_weighted=0.4185 val_prec_macro=0.4366 val_rec_macro=0.3171 val_metric_name=acc val_metric=0.4477
Step 1100 | loss 1.1355 | val_acc=0.4485 val_loss=1.3480 val_f1_macro=0.3233 val_f1_weighted=0.4197 val_prec_macro=0.4384 val_rec_macro=0.3187 val_metric_name=acc val_metric=0.4485
Step 1150 | loss 1.1122 | val_acc=0.4514 val_loss=1.3516 val_f1_macro=0.3280 val_f1_weighted=0.4248 val_prec_macro=0.4325 val_rec_macro=0.3222 val_metric_name=acc val_metric=0.4514
Step 1200 | loss 1.0896 | val_acc=0.4548 val_loss=1.3587 val_f1_macro=0.3329 val_f1_weighted=0.4289 val_prec_macro=0.4389 val_rec_macro=0.3262 val_metric_name=acc val_metric=0.4548
Step 1250 | loss 1.0711 | val_acc=0.4583 val_loss=1.3643 val_f1_macro=0.3402 val_f1_weighted=0.4339 val_prec_macro=0.4472 val_rec_macro=0.3321 val_metric_name=acc val_metric=0.4583
Step 1300 | loss 1.0445 | val_acc=0.4609 val_loss=1.3723 val_f1_macro=0.3472 val_f1_weighted=0.4388 val_prec_macro=0.4533 val_rec_macro=0.3370 val_metric_name=acc val_metric=0.4609
Step 1350 | loss 1.0185 | val_acc=0.4617 val_loss=1.3830 val_f1_macro=0.3511 val_f1_weighted=0.4402 val_prec_macro=0.4569 val_rec_macro=0.3400 val_metric_name=acc val_metric=0.4617
Step 1400 | loss 0.9859 | val_acc=0.4630 val_loss=1.3942 val_f1_macro=0.3526 val_f1_weighted=0.4423 val_prec_macro=0.4598 val_rec_macro=0.3410 val_metric_name=acc val_metric=0.4630
Step 1450 | loss 0.9551 | val_acc=0.4651 val_loss=1.4113 val_f1_macro=0.3563 val_f1_weighted=0.4451 val_prec_macro=0.4660 val_rec_macro=0.3436 val_metric_name=acc val_metric=0.4651
Step 1500 | loss 0.9328 | val_acc=0.4659 val_loss=1.4255 val_f1_macro=0.3624 val_f1_weighted=0.4478 val_prec_macro=0.4715 val_rec_macro=0.3483 val_metric_name=acc val_metric=0.4659
Step 1550 | loss 0.9018 | val_acc=0.4689 val_loss=1.4397 val_f1_macro=0.3658 val_f1_weighted=0.4510 val_prec_macro=0.4694 val_rec_macro=0.3515 val_metric_name=acc val_metric=0.4689
Step 1600 | loss 0.8738 | val_acc=0.4718 val_loss=1.4583 val_f1_macro=0.3706 val_f1_weighted=0.4547 val_prec_macro=0.4826 val_rec_macro=0.3552 val_metric_name=acc val_metric=0.4718
Step 1650 | loss 0.8412 | val_acc=0.4722 val_loss=1.4790 val_f1_macro=0.3732 val_f1_weighted=0.4560 val_prec_macro=0.4788 val_rec_macro=0.3579 val_metric_name=acc val_metric=0.4722
Step 1700 | loss 0.8146 | val_acc=0.4749 val_loss=1.5013 val_f1_macro=0.3783 val_f1_weighted=0.4591 val_prec_macro=0.4881 val_rec_macro=0.3613 val_metric_name=acc val_metric=0.4749
Step 1750 | loss 0.7838 | val_acc=0.4780 val_loss=1.5215 val_f1_macro=0.3851 val_f1_weighted=0.4633 val_prec_macro=0.4886 val_rec_macro=0.3673 val_metric_name=acc val_metric=0.4780
Step 1800 | loss 0.7526 | val_acc=0.4798 val_loss=1.5486 val_f1_macro=0.3858 val_f1_weighted=0.4646 val_prec_macro=0.4884 val_rec_macro=0.3677 val_metric_name=acc val_metric=0.4798
Step 1850 | loss 0.7288 | val_acc=0.4805 val_loss=1.5748 val_f1_macro=0.3885 val_f1_weighted=0.4659 val_prec_macro=0.4872 val_rec_macro=0.3701 val_metric_name=acc val_metric=0.4805
Step 1900 | loss 0.7075 | val_acc=0.4847 val_loss=1.6033 val_f1_macro=0.3904 val_f1_weighted=0.4697 val_prec_macro=0.4865 val_rec_macro=0.3726 val_metric_name=acc val_metric=0.4847
Step 1950 | loss 0.6810 | val_acc=0.4842 val_loss=1.6285 val_f1_macro=0.3940 val_f1_weighted=0.4706 val_prec_macro=0.4853 val_rec_macro=0.3749 val_metric_name=acc val_metric=0.4842
Step 2000 | loss 0.6531 | val_acc=0.4883 val_loss=1.6588 val_f1_macro=0.3982 val_f1_weighted=0.4745 val_prec_macro=0.4923 val_rec_macro=0.3786 val_metric_name=acc val_metric=0.4883
Step 2050 | loss 0.6254 | val_acc=0.4896 val_loss=1.6834 val_f1_macro=0.4028 val_f1_weighted=0.4772 val_prec_macro=0.4928 val_rec_macro=0.3831 val_metric_name=acc val_metric=0.4896
Step 2100 | loss 0.6085 | val_acc=0.4924 val_loss=1.7164 val_f1_macro=0.4082 val_f1_weighted=0.4800 val_prec_macro=0.4990 val_rec_macro=0.3869 val_metric_name=acc val_metric=0.4924
Step 2150 | loss 0.5934 | val_acc=0.4939 val_loss=1.7439 val_f1_macro=0.4107 val_f1_weighted=0.4818 val_prec_macro=0.5007 val_rec_macro=0.3894 val_metric_name=acc val_metric=0.4939
Step 2200 | loss 0.5611 | val_acc=0.4950 val_loss=1.7725 val_f1_macro=0.4107 val_f1_weighted=0.4830 val_prec_macro=0.4973 val_rec_macro=0.3901 val_metric_name=acc val_metric=0.4950
Step 2250 | loss 0.5349 | val_acc=0.4967 val_loss=1.8043 val_f1_macro=0.4174 val_f1_weighted=0.4853 val_prec_macro=0.5028 val_rec_macro=0.3951 val_metric_name=acc val_metric=0.4967
Step 2300 | loss 0.5245 | val_acc=0.4955 val_loss=1.8334 val_f1_macro=0.4196 val_f1_weighted=0.4848 val_prec_macro=0.5022 val_rec_macro=0.3969 val_metric_name=acc val_metric=0.4955
Step 2350 | loss 0.5009 | val_acc=0.4971 val_loss=1.8677 val_f1_macro=0.4210 val_f1_weighted=0.4863 val_prec_macro=0.5031 val_rec_macro=0.3981 val_metric_name=acc val_metric=0.4971
Step 2400 | loss 0.4729 | val_acc=0.4988 val_loss=1.8957 val_f1_macro=0.4223 val_f1_weighted=0.4883 val_prec_macro=0.4981 val_rec_macro=0.4002 val_metric_name=acc val_metric=0.4988
Step 2450 | loss 0.4586 | val_acc=0.4999 val_loss=1.9259 val_f1_macro=0.4246 val_f1_weighted=0.4897 val_prec_macro=0.5042 val_rec_macro=0.4019 val_metric_name=acc val_metric=0.4999
Step 2500 | loss 0.4438 | val_acc=0.5007 val_loss=1.9622 val_f1_macro=0.4258 val_f1_weighted=0.4906 val_prec_macro=0.5006 val_rec_macro=0.4032 val_metric_name=acc val_metric=0.5007
Step 2550 | loss 0.4292 | val_acc=0.5009 val_loss=1.9882 val_f1_macro=0.4268 val_f1_weighted=0.4911 val_prec_macro=0.4985 val_rec_macro=0.4046 val_metric_name=acc val_metric=0.5009
Step 2600 | loss 0.4097 | val_acc=0.5012 val_loss=2.0181 val_f1_macro=0.4288 val_f1_weighted=0.4918 val_prec_macro=0.4986 val_rec_macro=0.4063 val_metric_name=acc val_metric=0.5012
Step 2650 | loss 0.3938 | val_acc=0.5009 val_loss=2.0498 val_f1_macro=0.4292 val_f1_weighted=0.4918 val_prec_macro=0.4942 val_rec_macro=0.4072 val_metric_name=acc val_metric=0.5009
Step 2700 | loss 0.3815 | val_acc=0.4999 val_loss=2.0787 val_f1_macro=0.4267 val_f1_weighted=0.4906 val_prec_macro=0.4887 val_rec_macro=0.4056 val_metric_name=acc val_metric=0.4999
Step 2750 | loss 0.3634 | val_acc=0.5016 val_loss=2.1070 val_f1_macro=0.4302 val_f1_weighted=0.4926 val_prec_macro=0.4942 val_rec_macro=0.4084 val_metric_name=acc val_metric=0.5016
Step 2800 | loss 0.3510 | val_acc=0.5016 val_loss=2.1360 val_f1_macro=0.4305 val_f1_weighted=0.4929 val_prec_macro=0.4899 val_rec_macro=0.4091 val_metric_name=acc val_metric=0.5016
Step 2850 | loss 0.3382 | val_acc=0.5040 val_loss=2.1690 val_f1_macro=0.4334 val_f1_weighted=0.4951 val_prec_macro=0.4980 val_rec_macro=0.4112 val_metric_name=acc val_metric=0.5040
Step 2900 | loss 0.3305 | val_acc=0.5022 val_loss=2.1970 val_f1_macro=0.4319 val_f1_weighted=0.4937 val_prec_macro=0.4879 val_rec_macro=0.4107 val_metric_name=acc val_metric=0.5022
Step 2950 | loss 0.3122 | val_acc=0.5022 val_loss=2.2284 val_f1_macro=0.4354 val_f1_weighted=0.4938 val_prec_macro=0.4973 val_rec_macro=0.4126 val_metric_name=acc val_metric=0.5022
Step 3000 | loss 0.3123 | val_acc=0.5035 val_loss=2.2565 val_f1_macro=0.4349 val_f1_weighted=0.4950 val_prec_macro=0.4947 val_rec_macro=0.4126 val_metric_name=acc val_metric=0.5035
Step 3050 | loss 0.3006 | val_acc=0.5037 val_loss=2.2805 val_f1_macro=0.4331 val_f1_weighted=0.4951 val_prec_macro=0.4937 val_rec_macro=0.4114 val_metric_name=acc val_metric=0.5037
Step 3100 | loss 0.2850 | val_acc=0.5035 val_loss=2.3063 val_f1_macro=0.4378 val_f1_weighted=0.4959 val_prec_macro=0.4924 val_rec_macro=0.4163 val_metric_name=acc val_metric=0.5035
Step 3150 | loss 0.2778 | val_acc=0.5035 val_loss=2.3384 val_f1_macro=0.4358 val_f1_weighted=0.4955 val_prec_macro=0.4928 val_rec_macro=0.4142 val_metric_name=acc val_metric=0.5035
Step 3200 | loss 0.2660 | val_acc=0.5050 val_loss=2.3640 val_f1_macro=0.4420 val_f1_weighted=0.4974 val_prec_macro=0.4976 val_rec_macro=0.4194 val_metric_name=acc val_metric=0.5050
Step 3250 | loss 0.2645 | val_acc=0.5048 val_loss=2.3921 val_f1_macro=0.4402 val_f1_weighted=0.4970 val_prec_macro=0.4948 val_rec_macro=0.4180 val_metric_name=acc val_metric=0.5048
Step 3300 | loss 0.2648 | val_acc=0.5060 val_loss=2.4173 val_f1_macro=0.4427 val_f1_weighted=0.4985 val_prec_macro=0.4969 val_rec_macro=0.4205 val_metric_name=acc val_metric=0.5060
Step 3350 | loss 0.2416 | val_acc=0.5051 val_loss=2.4459 val_f1_macro=0.4439 val_f1_weighted=0.4981 val_prec_macro=0.4932 val_rec_macro=0.4222 val_metric_name=acc val_metric=0.5051
Step 3400 | loss 0.2484 | val_acc=0.5050 val_loss=2.4700 val_f1_macro=0.4414 val_f1_weighted=0.4976 val_prec_macro=0.4930 val_rec_macro=0.4198 val_metric_name=acc val_metric=0.5050
Step 3450 | loss 0.2263 | val_acc=0.5043 val_loss=2.4920 val_f1_macro=0.4420 val_f1_weighted=0.4974 val_prec_macro=0.4899 val_rec_macro=0.4210 val_metric_name=acc val_metric=0.5043
Step 3500 | loss 0.2177 | val_acc=0.5065 val_loss=2.5217 val_f1_macro=0.4439 val_f1_weighted=0.4993 val_prec_macro=0.4952 val_rec_macro=0.4221 val_metric_name=acc val_metric=0.5065
Step 3550 | loss 0.2196 | val_acc=0.5060 val_loss=2.5494 val_f1_macro=0.4428 val_f1_weighted=0.4988 val_prec_macro=0.4936 val_rec_macro=0.4213 val_metric_name=acc val_metric=0.5060
Step 3600 | loss 0.2118 | val_acc=0.5053 val_loss=2.5727 val_f1_macro=0.4430 val_f1_weighted=0.4982 val_prec_macro=0.4940 val_rec_macro=0.4212 val_metric_name=acc val_metric=0.5053
Early stopping at step 3610

--- Final (best ckpt @ step 3310) ---
  train_acc=0.9872 train_loss=0.0567 train_f1_macro=0.9850 train_f1_weighted=0.9872 train_prec_macro=0.9904 train_rec_macro=0.9798 train_metric_name=acc train_metric=0.9872
  val_acc=0.5068 val_loss=2.4207 val_f1_macro=0.4428 val_f1_weighted=0.4995 val_prec_macro=0.4955 val_rec_macro=0.4212 val_metric_name=acc val_metric=0.5068
  test_acc=0.5045 test_loss=2.4345 test_f1_macro=0.4365 test_f1_weighted=0.4973 test_prec_macro=0.4821 test_rec_macro=0.4167 test_metric_name=acc test_metric=0.5045
  test_acc=0.5045

============================================================
Training amazon-ratings TAG 1L h=512 lr=3e-05 split=2
============================================================
Training for 5000 steps
Step    1 | loss 2.1420 | val_acc=0.1202 val_loss=1.9061 val_f1_macro=0.0995 val_f1_weighted=0.0815 val_prec_macro=0.1569 val_rec_macro=0.2029 val_metric_name=acc val_metric=0.1202
Step   50 | loss 1.4201 | val_acc=0.3812 val_loss=1.3910 val_f1_macro=0.1626 val_f1_weighted=0.2704 val_prec_macro=0.1965 val_rec_macro=0.2192 val_metric_name=acc val_metric=0.3812
Step  100 | loss 1.3873 | val_acc=0.4024 val_loss=1.3710 val_f1_macro=0.1923 val_f1_weighted=0.3091 val_prec_macro=0.2658 val_rec_macro=0.2417 val_metric_name=acc val_metric=0.4024
Step  150 | loss 1.3524 | val_acc=0.4166 val_loss=1.3534 val_f1_macro=0.2248 val_f1_weighted=0.3481 val_prec_macro=0.2428 val_rec_macro=0.2597 val_metric_name=acc val_metric=0.4166
Step  200 | loss 1.3264 | val_acc=0.4238 val_loss=1.3441 val_f1_macro=0.2436 val_f1_weighted=0.3688 val_prec_macro=0.2801 val_rec_macro=0.2714 val_metric_name=acc val_metric=0.4238
Step  250 | loss 1.2927 | val_acc=0.4310 val_loss=1.3426 val_f1_macro=0.2691 val_f1_weighted=0.3866 val_prec_macro=0.4593 val_rec_macro=0.2885 val_metric_name=acc val_metric=0.4310
Step  300 | loss 1.2619 | val_acc=0.4356 val_loss=1.3484 val_f1_macro=0.2779 val_f1_weighted=0.3912 val_prec_macro=0.4787 val_rec_macro=0.2934 val_metric_name=acc val_metric=0.4356
Step  350 | loss 1.2234 | val_acc=0.4428 val_loss=1.3482 val_f1_macro=0.2905 val_f1_weighted=0.4025 val_prec_macro=0.4523 val_rec_macro=0.3032 val_metric_name=acc val_metric=0.4428
Step  400 | loss 1.1800 | val_acc=0.4530 val_loss=1.3562 val_f1_macro=0.3076 val_f1_weighted=0.4153 val_prec_macro=0.4644 val_rec_macro=0.3146 val_metric_name=acc val_metric=0.4530
Step  450 | loss 1.1311 | val_acc=0.4597 val_loss=1.3579 val_f1_macro=0.3249 val_f1_weighted=0.4273 val_prec_macro=0.4477 val_rec_macro=0.3267 val_metric_name=acc val_metric=0.4597
Step  500 | loss 1.0632 | val_acc=0.4651 val_loss=1.3820 val_f1_macro=0.3318 val_f1_weighted=0.4343 val_prec_macro=0.4417 val_rec_macro=0.3323 val_metric_name=acc val_metric=0.4651
Step  550 | loss 0.9939 | val_acc=0.4695 val_loss=1.3997 val_f1_macro=0.3476 val_f1_weighted=0.4455 val_prec_macro=0.4400 val_rec_macro=0.3425 val_metric_name=acc val_metric=0.4695
Step  600 | loss 0.9188 | val_acc=0.4775 val_loss=1.4464 val_f1_macro=0.3604 val_f1_weighted=0.4546 val_prec_macro=0.4654 val_rec_macro=0.3511 val_metric_name=acc val_metric=0.4775
Step  650 | loss 0.8246 | val_acc=0.4792 val_loss=1.4983 val_f1_macro=0.3651 val_f1_weighted=0.4590 val_prec_macro=0.4525 val_rec_macro=0.3557 val_metric_name=acc val_metric=0.4792
Step  700 | loss 0.7371 | val_acc=0.4865 val_loss=1.5653 val_f1_macro=0.3797 val_f1_weighted=0.4691 val_prec_macro=0.4563 val_rec_macro=0.3683 val_metric_name=acc val_metric=0.4865
Step  750 | loss 0.6452 | val_acc=0.4947 val_loss=1.6507 val_f1_macro=0.3964 val_f1_weighted=0.4793 val_prec_macro=0.4762 val_rec_macro=0.3806 val_metric_name=acc val_metric=0.4947
Step  800 | loss 0.5651 | val_acc=0.5027 val_loss=1.7541 val_f1_macro=0.4087 val_f1_weighted=0.4874 val_prec_macro=0.4965 val_rec_macro=0.3896 val_metric_name=acc val_metric=0.5027
Step  850 | loss 0.4848 | val_acc=0.5055 val_loss=1.8492 val_f1_macro=0.4158 val_f1_weighted=0.4919 val_prec_macro=0.4957 val_rec_macro=0.3965 val_metric_name=acc val_metric=0.5055
Step  900 | loss 0.4120 | val_acc=0.5099 val_loss=1.9611 val_f1_macro=0.4257 val_f1_weighted=0.4974 val_prec_macro=0.5016 val_rec_macro=0.4052 val_metric_name=acc val_metric=0.5099
Step  950 | loss 0.3597 | val_acc=0.5131 val_loss=2.0602 val_f1_macro=0.4351 val_f1_weighted=0.5023 val_prec_macro=0.5031 val_rec_macro=0.4142 val_metric_name=acc val_metric=0.5131
Step 1000 | loss 0.3072 | val_acc=0.5167 val_loss=2.1609 val_f1_macro=0.4433 val_f1_weighted=0.5073 val_prec_macro=0.5089 val_rec_macro=0.4214 val_metric_name=acc val_metric=0.5167
Step 1050 | loss 0.2668 | val_acc=0.5207 val_loss=2.2606 val_f1_macro=0.4516 val_f1_weighted=0.5116 val_prec_macro=0.5201 val_rec_macro=0.4275 val_metric_name=acc val_metric=0.5207
Step 1100 | loss 0.2351 | val_acc=0.5190 val_loss=2.3661 val_f1_macro=0.4520 val_f1_weighted=0.5104 val_prec_macro=0.5152 val_rec_macro=0.4285 val_metric_name=acc val_metric=0.5190
Step 1150 | loss 0.2043 | val_acc=0.5194 val_loss=2.4569 val_f1_macro=0.4540 val_f1_weighted=0.5112 val_prec_macro=0.5123 val_rec_macro=0.4312 val_metric_name=acc val_metric=0.5194
Step 1200 | loss 0.1768 | val_acc=0.5213 val_loss=2.5506 val_f1_macro=0.4549 val_f1_weighted=0.5130 val_prec_macro=0.5125 val_rec_macro=0.4320 val_metric_name=acc val_metric=0.5213
Step 1250 | loss 0.1668 | val_acc=0.5233 val_loss=2.6211 val_f1_macro=0.4563 val_f1_weighted=0.5152 val_prec_macro=0.5104 val_rec_macro=0.4342 val_metric_name=acc val_metric=0.5233
Step 1300 | loss 0.1433 | val_acc=0.5213 val_loss=2.7030 val_f1_macro=0.4549 val_f1_weighted=0.5131 val_prec_macro=0.5155 val_rec_macro=0.4314 val_metric_name=acc val_metric=0.5213
Step 1350 | loss 0.1374 | val_acc=0.5218 val_loss=2.7686 val_f1_macro=0.4580 val_f1_weighted=0.5144 val_prec_macro=0.5109 val_rec_macro=0.4356 val_metric_name=acc val_metric=0.5218
Step 1400 | loss 0.1191 | val_acc=0.5246 val_loss=2.8435 val_f1_macro=0.4611 val_f1_weighted=0.5172 val_prec_macro=0.5151 val_rec_macro=0.4386 val_metric_name=acc val_metric=0.5246
Step 1450 | loss 0.1095 | val_acc=0.5210 val_loss=2.9117 val_f1_macro=0.4554 val_f1_weighted=0.5131 val_prec_macro=0.5118 val_rec_macro=0.4326 val_metric_name=acc val_metric=0.5210
Step 1500 | loss 0.1026 | val_acc=0.5262 val_loss=2.9850 val_f1_macro=0.4623 val_f1_weighted=0.5192 val_prec_macro=0.5112 val_rec_macro=0.4409 val_metric_name=acc val_metric=0.5262
Step 1550 | loss 0.0919 | val_acc=0.5229 val_loss=3.0360 val_f1_macro=0.4589 val_f1_weighted=0.5157 val_prec_macro=0.5118 val_rec_macro=0.4370 val_metric_name=acc val_metric=0.5229
Step 1600 | loss 0.0873 | val_acc=0.5267 val_loss=3.0973 val_f1_macro=0.4629 val_f1_weighted=0.5198 val_prec_macro=0.5142 val_rec_macro=0.4406 val_metric_name=acc val_metric=0.5267
Step 1650 | loss 0.0834 | val_acc=0.5241 val_loss=3.1514 val_f1_macro=0.4616 val_f1_weighted=0.5172 val_prec_macro=0.5131 val_rec_macro=0.4395 val_metric_name=acc val_metric=0.5241
Step 1700 | loss 0.0734 | val_acc=0.5246 val_loss=3.2039 val_f1_macro=0.4627 val_f1_weighted=0.5179 val_prec_macro=0.5116 val_rec_macro=0.4407 val_metric_name=acc val_metric=0.5246
Step 1750 | loss 0.0706 | val_acc=0.5264 val_loss=3.2545 val_f1_macro=0.4635 val_f1_weighted=0.5198 val_prec_macro=0.5093 val_rec_macro=0.4427 val_metric_name=acc val_metric=0.5264
Step 1800 | loss 0.0676 | val_acc=0.5254 val_loss=3.3024 val_f1_macro=0.4640 val_f1_weighted=0.5193 val_prec_macro=0.5073 val_rec_macro=0.4436 val_metric_name=acc val_metric=0.5254
Step 1850 | loss 0.0588 | val_acc=0.5260 val_loss=3.3542 val_f1_macro=0.4612 val_f1_weighted=0.5190 val_prec_macro=0.5080 val_rec_macro=0.4400 val_metric_name=acc val_metric=0.5260
Step 1900 | loss 0.0581 | val_acc=0.5236 val_loss=3.3980 val_f1_macro=0.4617 val_f1_weighted=0.5171 val_prec_macro=0.5102 val_rec_macro=0.4403 val_metric_name=acc val_metric=0.5236
Step 1950 | loss 0.0548 | val_acc=0.5229 val_loss=3.4445 val_f1_macro=0.4615 val_f1_weighted=0.5164 val_prec_macro=0.5060 val_rec_macro=0.4407 val_metric_name=acc val_metric=0.5229
Step 2000 | loss 0.0524 | val_acc=0.5260 val_loss=3.4907 val_f1_macro=0.4627 val_f1_weighted=0.5191 val_prec_macro=0.5142 val_rec_macro=0.4405 val_metric_name=acc val_metric=0.5260
Step 2050 | loss 0.0483 | val_acc=0.5256 val_loss=3.5298 val_f1_macro=0.4626 val_f1_weighted=0.5191 val_prec_macro=0.5070 val_rec_macro=0.4419 val_metric_name=acc val_metric=0.5256
Step 2100 | loss 0.0482 | val_acc=0.5246 val_loss=3.5631 val_f1_macro=0.4635 val_f1_weighted=0.5183 val_prec_macro=0.5072 val_rec_macro=0.4426 val_metric_name=acc val_metric=0.5246
Step 2150 | loss 0.0467 | val_acc=0.5282 val_loss=3.6033 val_f1_macro=0.4681 val_f1_weighted=0.5222 val_prec_macro=0.5128 val_rec_macro=0.4470 val_metric_name=acc val_metric=0.5282
Step 2200 | loss 0.0484 | val_acc=0.5233 val_loss=3.6449 val_f1_macro=0.4622 val_f1_weighted=0.5167 val_prec_macro=0.5099 val_rec_macro=0.4405 val_metric_name=acc val_metric=0.5233
Step 2250 | loss 0.0400 | val_acc=0.5264 val_loss=3.6724 val_f1_macro=0.4661 val_f1_weighted=0.5204 val_prec_macro=0.5092 val_rec_macro=0.4457 val_metric_name=acc val_metric=0.5264
Step 2300 | loss 0.0384 | val_acc=0.5252 val_loss=3.7237 val_f1_macro=0.4652 val_f1_weighted=0.5188 val_prec_macro=0.5143 val_rec_macro=0.4431 val_metric_name=acc val_metric=0.5252
Step 2350 | loss 0.0368 | val_acc=0.5259 val_loss=3.7401 val_f1_macro=0.4650 val_f1_weighted=0.5199 val_prec_macro=0.5100 val_rec_macro=0.4440 val_metric_name=acc val_metric=0.5259
Step 2400 | loss 0.0361 | val_acc=0.5265 val_loss=3.7828 val_f1_macro=0.4657 val_f1_weighted=0.5204 val_prec_macro=0.5119 val_rec_macro=0.4447 val_metric_name=acc val_metric=0.5265
Step 2450 | loss 0.0344 | val_acc=0.5285 val_loss=3.8184 val_f1_macro=0.4675 val_f1_weighted=0.5226 val_prec_macro=0.5091 val_rec_macro=0.4474 val_metric_name=acc val_metric=0.5285
Step 2500 | loss 0.0320 | val_acc=0.5264 val_loss=3.8491 val_f1_macro=0.4655 val_f1_weighted=0.5201 val_prec_macro=0.5099 val_rec_macro=0.4444 val_metric_name=acc val_metric=0.5264
Step 2550 | loss 0.0311 | val_acc=0.5244 val_loss=3.8771 val_f1_macro=0.4628 val_f1_weighted=0.5186 val_prec_macro=0.5049 val_rec_macro=0.4429 val_metric_name=acc val_metric=0.5244
Step 2600 | loss 0.0286 | val_acc=0.5231 val_loss=3.9240 val_f1_macro=0.4646 val_f1_weighted=0.5171 val_prec_macro=0.5079 val_rec_macro=0.4438 val_metric_name=acc val_metric=0.5231
Step 2650 | loss 0.0276 | val_acc=0.5233 val_loss=3.9480 val_f1_macro=0.4635 val_f1_weighted=0.5176 val_prec_macro=0.5047 val_rec_macro=0.4435 val_metric_name=acc val_metric=0.5233
Step 2700 | loss 0.0273 | val_acc=0.5238 val_loss=3.9786 val_f1_macro=0.4635 val_f1_weighted=0.5180 val_prec_macro=0.5043 val_rec_macro=0.4436 val_metric_name=acc val_metric=0.5238
Step 2750 | loss 0.0250 | val_acc=0.5264 val_loss=4.0095 val_f1_macro=0.4663 val_f1_weighted=0.5206 val_prec_macro=0.5085 val_rec_macro=0.4458 val_metric_name=acc val_metric=0.5264
Early stopping at step 2784

--- Final (best ckpt @ step 2450) ---
  train_acc=0.9996 train_loss=0.0014 train_f1_macro=0.9997 train_f1_weighted=0.9996 train_prec_macro=0.9997 train_rec_macro=0.9997 train_metric_name=acc train_metric=0.9996
  val_acc=0.5285 val_loss=3.8184 val_f1_macro=0.4675 val_f1_weighted=0.5226 val_prec_macro=0.5091 val_rec_macro=0.4474 val_metric_name=acc val_metric=0.5285
  test_acc=0.5216 test_loss=3.8632 test_f1_macro=0.4493 test_f1_weighted=0.5147 test_prec_macro=0.4868 test_rec_macro=0.4319 test_metric_name=acc test_metric=0.5216
  test_acc=0.5216

============================================================
Training amazon-ratings TAG 1L h=512 lr=6e-05 split=2
============================================================
Training for 5000 steps
Step    1 | loss 2.1420 | val_acc=0.2342 val_loss=1.6307 val_f1_macro=0.1445 val_f1_weighted=0.1801 val_prec_macro=0.2180 val_rec_macro=0.1990 val_metric_name=acc val_metric=0.2342
Step   50 | loss 1.4045 | val_acc=0.3920 val_loss=1.3871 val_f1_macro=0.1792 val_f1_weighted=0.2924 val_prec_macro=0.2009 val_rec_macro=0.2312 val_metric_name=acc val_metric=0.3920
Step  100 | loss 1.3554 | val_acc=0.4153 val_loss=1.3533 val_f1_macro=0.2234 val_f1_weighted=0.3463 val_prec_macro=0.2422 val_rec_macro=0.2591 val_metric_name=acc val_metric=0.4153
Step  150 | loss 1.3052 | val_acc=0.4289 val_loss=1.3384 val_f1_macro=0.2588 val_f1_weighted=0.3793 val_prec_macro=0.4587 val_rec_macro=0.2802 val_metric_name=acc val_metric=0.4289
Step  200 | loss 1.2467 | val_acc=0.4382 val_loss=1.3444 val_f1_macro=0.2847 val_f1_weighted=0.3967 val_prec_macro=0.4691 val_rec_macro=0.2992 val_metric_name=acc val_metric=0.4382
Step  250 | loss 1.1721 | val_acc=0.4521 val_loss=1.3646 val_f1_macro=0.3105 val_f1_weighted=0.4144 val_prec_macro=0.4490 val_rec_macro=0.3175 val_metric_name=acc val_metric=0.4521
Step  300 | loss 1.0711 | val_acc=0.4653 val_loss=1.3775 val_f1_macro=0.3372 val_f1_weighted=0.4371 val_prec_macro=0.4556 val_rec_macro=0.3353 val_metric_name=acc val_metric=0.4653
Step  350 | loss 0.9415 | val_acc=0.4751 val_loss=1.4261 val_f1_macro=0.3597 val_f1_weighted=0.4535 val_prec_macro=0.4650 val_rec_macro=0.3507 val_metric_name=acc val_metric=0.4751
Step  400 | loss 0.7809 | val_acc=0.4828 val_loss=1.5398 val_f1_macro=0.3722 val_f1_weighted=0.4625 val_prec_macro=0.4617 val_rec_macro=0.3607 val_metric_name=acc val_metric=0.4828
Step  450 | loss 0.6242 | val_acc=0.4909 val_loss=1.6869 val_f1_macro=0.3975 val_f1_weighted=0.4764 val_prec_macro=0.4728 val_rec_macro=0.3814 val_metric_name=acc val_metric=0.4909
Step  500 | loss 0.4671 | val_acc=0.5066 val_loss=1.8661 val_f1_macro=0.4203 val_f1_weighted=0.4938 val_prec_macro=0.4982 val_rec_macro=0.4007 val_metric_name=acc val_metric=0.5066
Step  550 | loss 0.3606 | val_acc=0.5128 val_loss=2.0543 val_f1_macro=0.4367 val_f1_weighted=0.5022 val_prec_macro=0.5117 val_rec_macro=0.4145 val_metric_name=acc val_metric=0.5128
Step  600 | loss 0.2676 | val_acc=0.5174 val_loss=2.2374 val_f1_macro=0.4452 val_f1_weighted=0.5075 val_prec_macro=0.5126 val_rec_macro=0.4230 val_metric_name=acc val_metric=0.5174
Step  650 | loss 0.2158 | val_acc=0.5229 val_loss=2.4115 val_f1_macro=0.4551 val_f1_weighted=0.5141 val_prec_macro=0.5233 val_rec_macro=0.4312 val_metric_name=acc val_metric=0.5229
Step  700 | loss 0.1731 | val_acc=0.5215 val_loss=2.5639 val_f1_macro=0.4533 val_f1_weighted=0.5135 val_prec_macro=0.5111 val_rec_macro=0.4311 val_metric_name=acc val_metric=0.5215
Step  750 | loss 0.1438 | val_acc=0.5251 val_loss=2.6975 val_f1_macro=0.4588 val_f1_weighted=0.5174 val_prec_macro=0.5177 val_rec_macro=0.4357 val_metric_name=acc val_metric=0.5251
Step  800 | loss 0.1204 | val_acc=0.5233 val_loss=2.8382 val_f1_macro=0.4573 val_f1_weighted=0.5162 val_prec_macro=0.5070 val_rec_macro=0.4362 val_metric_name=acc val_metric=0.5233
Step  850 | loss 0.1015 | val_acc=0.5256 val_loss=2.9440 val_f1_macro=0.4614 val_f1_weighted=0.5182 val_prec_macro=0.5148 val_rec_macro=0.4393 val_metric_name=acc val_metric=0.5256
Step  900 | loss 0.0849 | val_acc=0.5244 val_loss=3.0433 val_f1_macro=0.4608 val_f1_weighted=0.5173 val_prec_macro=0.5161 val_rec_macro=0.4386 val_metric_name=acc val_metric=0.5244
Step  950 | loss 0.0803 | val_acc=0.5252 val_loss=3.1417 val_f1_macro=0.4633 val_f1_weighted=0.5189 val_prec_macro=0.5103 val_rec_macro=0.4422 val_metric_name=acc val_metric=0.5252
Step 1000 | loss 0.0693 | val_acc=0.5249 val_loss=3.2233 val_f1_macro=0.4636 val_f1_weighted=0.5190 val_prec_macro=0.5097 val_rec_macro=0.4427 val_metric_name=acc val_metric=0.5249
Step 1050 | loss 0.0634 | val_acc=0.5241 val_loss=3.3050 val_f1_macro=0.4643 val_f1_weighted=0.5178 val_prec_macro=0.5132 val_rec_macro=0.4426 val_metric_name=acc val_metric=0.5241
Step 1100 | loss 0.0576 | val_acc=0.5270 val_loss=3.3789 val_f1_macro=0.4646 val_f1_weighted=0.5203 val_prec_macro=0.5120 val_rec_macro=0.4430 val_metric_name=acc val_metric=0.5270
Step 1150 | loss 0.0475 | val_acc=0.5264 val_loss=3.4435 val_f1_macro=0.4666 val_f1_weighted=0.5207 val_prec_macro=0.5142 val_rec_macro=0.4452 val_metric_name=acc val_metric=0.5264
Step 1200 | loss 0.0411 | val_acc=0.5243 val_loss=3.5238 val_f1_macro=0.4618 val_f1_weighted=0.5178 val_prec_macro=0.5077 val_rec_macro=0.4410 val_metric_name=acc val_metric=0.5243
Step 1250 | loss 0.0416 | val_acc=0.5256 val_loss=3.5665 val_f1_macro=0.4652 val_f1_weighted=0.5196 val_prec_macro=0.5113 val_rec_macro=0.4439 val_metric_name=acc val_metric=0.5256
Step 1300 | loss 0.0379 | val_acc=0.5287 val_loss=3.6216 val_f1_macro=0.4678 val_f1_weighted=0.5222 val_prec_macro=0.5213 val_rec_macro=0.4449 val_metric_name=acc val_metric=0.5287
Step 1350 | loss 0.0368 | val_acc=0.5251 val_loss=3.6775 val_f1_macro=0.4665 val_f1_weighted=0.5200 val_prec_macro=0.5042 val_rec_macro=0.4472 val_metric_name=acc val_metric=0.5251
Step 1400 | loss 0.0321 | val_acc=0.5260 val_loss=3.7463 val_f1_macro=0.4656 val_f1_weighted=0.5203 val_prec_macro=0.5100 val_rec_macro=0.4451 val_metric_name=acc val_metric=0.5260
Step 1450 | loss 0.0298 | val_acc=0.5259 val_loss=3.7942 val_f1_macro=0.4656 val_f1_weighted=0.5203 val_prec_macro=0.5083 val_rec_macro=0.4454 val_metric_name=acc val_metric=0.5259
Step 1500 | loss 0.0294 | val_acc=0.5280 val_loss=3.8554 val_f1_macro=0.4689 val_f1_weighted=0.5223 val_prec_macro=0.5130 val_rec_macro=0.4484 val_metric_name=acc val_metric=0.5280
Step 1550 | loss 0.0265 | val_acc=0.5262 val_loss=3.8973 val_f1_macro=0.4658 val_f1_weighted=0.5205 val_prec_macro=0.5113 val_rec_macro=0.4452 val_metric_name=acc val_metric=0.5262
Step 1600 | loss 0.0255 | val_acc=0.5264 val_loss=3.9519 val_f1_macro=0.4677 val_f1_weighted=0.5210 val_prec_macro=0.5088 val_rec_macro=0.4474 val_metric_name=acc val_metric=0.5264
Step 1650 | loss 0.0261 | val_acc=0.5265 val_loss=3.9859 val_f1_macro=0.4674 val_f1_weighted=0.5212 val_prec_macro=0.5091 val_rec_macro=0.4472 val_metric_name=acc val_metric=0.5265
Step 1700 | loss 0.0228 | val_acc=0.5272 val_loss=4.0176 val_f1_macro=0.4677 val_f1_weighted=0.5217 val_prec_macro=0.5094 val_rec_macro=0.4472 val_metric_name=acc val_metric=0.5272
Step 1750 | loss 0.0223 | val_acc=0.5252 val_loss=4.0636 val_f1_macro=0.4676 val_f1_weighted=0.5203 val_prec_macro=0.5040 val_rec_macro=0.4486 val_metric_name=acc val_metric=0.5252
Step 1800 | loss 0.0200 | val_acc=0.5287 val_loss=4.0940 val_f1_macro=0.4703 val_f1_weighted=0.5236 val_prec_macro=0.5093 val_rec_macro=0.4510 val_metric_name=acc val_metric=0.5287
Step 1850 | loss 0.0177 | val_acc=0.5262 val_loss=4.1313 val_f1_macro=0.4641 val_f1_weighted=0.5201 val_prec_macro=0.5083 val_rec_macro=0.4436 val_metric_name=acc val_metric=0.5262
Step 1900 | loss 0.0176 | val_acc=0.5241 val_loss=4.1620 val_f1_macro=0.4647 val_f1_weighted=0.5187 val_prec_macro=0.5039 val_rec_macro=0.4454 val_metric_name=acc val_metric=0.5241
Early stopping at step 1943

--- Final (best ckpt @ step 1580) ---
  train_acc=0.9998 train_loss=0.0008 train_f1_macro=0.9999 train_f1_weighted=0.9998 train_prec_macro=0.9999 train_rec_macro=0.9999 train_metric_name=acc train_metric=0.9998
  val_acc=0.5293 val_loss=3.9409 val_f1_macro=0.4677 val_f1_weighted=0.5233 val_prec_macro=0.5132 val_rec_macro=0.4466 val_metric_name=acc val_metric=0.5293
  test_acc=0.5252 test_loss=3.9803 test_f1_macro=0.4543 test_f1_weighted=0.5184 test_prec_macro=0.4934 test_rec_macro=0.4358 test_metric_name=acc test_metric=0.5252
  test_acc=0.5252

============================================================
Training amazon-ratings TAG 1L h=512 lr=0.0001 split=2
============================================================
Training for 5000 steps
Step    1 | loss 2.1420 | val_acc=0.3384 val_loss=1.4590 val_f1_macro=0.1657 val_f1_weighted=0.2590 val_prec_macro=0.2191 val_rec_macro=0.2068 val_metric_name=acc val_metric=0.3384
Step   50 | loss 1.3920 | val_acc=0.4006 val_loss=1.3706 val_f1_macro=0.1882 val_f1_weighted=0.3043 val_prec_macro=0.2053 val_rec_macro=0.2394 val_metric_name=acc val_metric=0.4006
Step  100 | loss 1.3310 | val_acc=0.4238 val_loss=1.3427 val_f1_macro=0.2390 val_f1_weighted=0.3638 val_prec_macro=0.2944 val_rec_macro=0.2704 val_metric_name=acc val_metric=0.4238
Step  150 | loss 1.2581 | val_acc=0.4295 val_loss=1.3447 val_f1_macro=0.2845 val_f1_weighted=0.3913 val_prec_macro=0.4176 val_rec_macro=0.2983 val_metric_name=acc val_metric=0.4295
Step  200 | loss 1.1471 | val_acc=0.4557 val_loss=1.3527 val_f1_macro=0.3221 val_f1_weighted=0.4272 val_prec_macro=0.4160 val_rec_macro=0.3249 val_metric_name=acc val_metric=0.4557
Step  250 | loss 0.9927 | val_acc=0.4710 val_loss=1.4142 val_f1_macro=0.3490 val_f1_weighted=0.4448 val_prec_macro=0.4541 val_rec_macro=0.3444 val_metric_name=acc val_metric=0.4710
Step  300 | loss 0.7699 | val_acc=0.4836 val_loss=1.5479 val_f1_macro=0.3751 val_f1_weighted=0.4642 val_prec_macro=0.4705 val_rec_macro=0.3640 val_metric_name=acc val_metric=0.4836
Step  350 | loss 0.5434 | val_acc=0.4976 val_loss=1.7650 val_f1_macro=0.4132 val_f1_weighted=0.4858 val_prec_macro=0.4953 val_rec_macro=0.3933 val_metric_name=acc val_metric=0.4976
Step  400 | loss 0.3568 | val_acc=0.5135 val_loss=2.0596 val_f1_macro=0.4399 val_f1_weighted=0.5032 val_prec_macro=0.5151 val_rec_macro=0.4176 val_metric_name=acc val_metric=0.5135
Step  450 | loss 0.2471 | val_acc=0.5194 val_loss=2.3335 val_f1_macro=0.4531 val_f1_weighted=0.5114 val_prec_macro=0.5154 val_rec_macro=0.4302 val_metric_name=acc val_metric=0.5194
Step  500 | loss 0.1634 | val_acc=0.5194 val_loss=2.5794 val_f1_macro=0.4525 val_f1_weighted=0.5113 val_prec_macro=0.5110 val_rec_macro=0.4297 val_metric_name=acc val_metric=0.5194
Step  550 | loss 0.1310 | val_acc=0.5244 val_loss=2.7764 val_f1_macro=0.4603 val_f1_weighted=0.5169 val_prec_macro=0.5157 val_rec_macro=0.4376 val_metric_name=acc val_metric=0.5244
Step  600 | loss 0.0975 | val_acc=0.5192 val_loss=2.9380 val_f1_macro=0.4599 val_f1_weighted=0.5126 val_prec_macro=0.5125 val_rec_macro=0.4372 val_metric_name=acc val_metric=0.5192
Step  650 | loss 0.0830 | val_acc=0.5207 val_loss=3.0783 val_f1_macro=0.4621 val_f1_weighted=0.5143 val_prec_macro=0.5156 val_rec_macro=0.4390 val_metric_name=acc val_metric=0.5207
Step  700 | loss 0.0669 | val_acc=0.5192 val_loss=3.2156 val_f1_macro=0.4609 val_f1_weighted=0.5135 val_prec_macro=0.5128 val_rec_macro=0.4386 val_metric_name=acc val_metric=0.5192
Step  750 | loss 0.0562 | val_acc=0.5207 val_loss=3.3316 val_f1_macro=0.4602 val_f1_weighted=0.5146 val_prec_macro=0.5073 val_rec_macro=0.4389 val_metric_name=acc val_metric=0.5207
Step  800 | loss 0.0499 | val_acc=0.5205 val_loss=3.4339 val_f1_macro=0.4605 val_f1_weighted=0.5147 val_prec_macro=0.5070 val_rec_macro=0.4397 val_metric_name=acc val_metric=0.5205
Step  850 | loss 0.0445 | val_acc=0.5221 val_loss=3.5243 val_f1_macro=0.4623 val_f1_weighted=0.5165 val_prec_macro=0.5036 val_rec_macro=0.4428 val_metric_name=acc val_metric=0.5221
Step  900 | loss 0.0388 | val_acc=0.5243 val_loss=3.6078 val_f1_macro=0.4653 val_f1_weighted=0.5183 val_prec_macro=0.5132 val_rec_macro=0.4436 val_metric_name=acc val_metric=0.5243
Step  950 | loss 0.0359 | val_acc=0.5179 val_loss=3.6950 val_f1_macro=0.4587 val_f1_weighted=0.5126 val_prec_macro=0.4981 val_rec_macro=0.4397 val_metric_name=acc val_metric=0.5179
Step 1000 | loss 0.0305 | val_acc=0.5208 val_loss=3.7540 val_f1_macro=0.4635 val_f1_weighted=0.5154 val_prec_macro=0.5131 val_rec_macro=0.4415 val_metric_name=acc val_metric=0.5208
Step 1050 | loss 0.0298 | val_acc=0.5189 val_loss=3.8345 val_f1_macro=0.4613 val_f1_weighted=0.5129 val_prec_macro=0.5099 val_rec_macro=0.4395 val_metric_name=acc val_metric=0.5189
Step 1100 | loss 0.0276 | val_acc=0.5185 val_loss=3.8914 val_f1_macro=0.4592 val_f1_weighted=0.5126 val_prec_macro=0.5067 val_rec_macro=0.4379 val_metric_name=acc val_metric=0.5185
Step 1150 | loss 0.0218 | val_acc=0.5200 val_loss=3.9454 val_f1_macro=0.4622 val_f1_weighted=0.5147 val_prec_macro=0.5071 val_rec_macro=0.4412 val_metric_name=acc val_metric=0.5200
Step 1200 | loss 0.0206 | val_acc=0.5215 val_loss=4.0177 val_f1_macro=0.4634 val_f1_weighted=0.5160 val_prec_macro=0.5074 val_rec_macro=0.4428 val_metric_name=acc val_metric=0.5215
Step 1250 | loss 0.0190 | val_acc=0.5167 val_loss=4.0487 val_f1_macro=0.4608 val_f1_weighted=0.5117 val_prec_macro=0.5046 val_rec_macro=0.4403 val_metric_name=acc val_metric=0.5167
Early stopping at step 1285

--- Final (best ckpt @ step 860) ---
  train_acc=0.9994 train_loss=0.0025 train_f1_macro=0.9994 train_f1_weighted=0.9994 train_prec_macro=0.9996 train_rec_macro=0.9993 train_metric_name=acc train_metric=0.9994
  val_acc=0.5260 val_loss=3.5450 val_f1_macro=0.4660 val_f1_weighted=0.5200 val_prec_macro=0.5147 val_rec_macro=0.4444 val_metric_name=acc val_metric=0.5260
  test_acc=0.5210 test_loss=3.5955 test_f1_macro=0.4481 test_f1_weighted=0.5135 test_prec_macro=0.4901 test_rec_macro=0.4298 test_metric_name=acc test_metric=0.5210
  test_acc=0.5210

============================================================
Training amazon-ratings TAG 1L h=512 lr=1e-05 split=2
============================================================
Training for 5000 steps
Step    1 | loss 2.1420 | val_acc=0.0707 val_loss=2.1585 val_f1_macro=0.0647 val_f1_weighted=0.0413 val_prec_macro=0.0768 val_rec_macro=0.1948 val_metric_name=acc val_metric=0.0707
Step   50 | loss 1.4457 | val_acc=0.3724 val_loss=1.4194 val_f1_macro=0.1491 val_f1_weighted=0.2520 val_prec_macro=0.2077 val_rec_macro=0.2107 val_metric_name=acc val_metric=0.3724
Step  100 | loss 1.4256 | val_acc=0.3810 val_loss=1.3978 val_f1_macro=0.1639 val_f1_weighted=0.2719 val_prec_macro=0.2173 val_rec_macro=0.2195 val_metric_name=acc val_metric=0.3810
Step  150 | loss 1.4061 | val_acc=0.3911 val_loss=1.3857 val_f1_macro=0.1798 val_f1_weighted=0.2927 val_prec_macro=0.2353 val_rec_macro=0.2306 val_metric_name=acc val_metric=0.3911
Step  200 | loss 1.3974 | val_acc=0.4006 val_loss=1.3753 val_f1_macro=0.1909 val_f1_weighted=0.3072 val_prec_macro=0.2556 val_rec_macro=0.2397 val_metric_name=acc val_metric=0.4006
Step  250 | loss 1.3776 | val_acc=0.4094 val_loss=1.3663 val_f1_macro=0.2033 val_f1_weighted=0.3230 val_prec_macro=0.2406 val_rec_macro=0.2490 val_metric_name=acc val_metric=0.4094
Step  300 | loss 1.3682 | val_acc=0.4155 val_loss=1.3594 val_f1_macro=0.2136 val_f1_weighted=0.3356 val_prec_macro=0.2439 val_rec_macro=0.2554 val_metric_name=acc val_metric=0.4155
Step  350 | loss 1.3563 | val_acc=0.4161 val_loss=1.3541 val_f1_macro=0.2225 val_f1_weighted=0.3454 val_prec_macro=0.2417 val_rec_macro=0.2594 val_metric_name=acc val_metric=0.4161
Step  400 | loss 1.3421 | val_acc=0.4187 val_loss=1.3498 val_f1_macro=0.2315 val_f1_weighted=0.3552 val_prec_macro=0.2677 val_rec_macro=0.2643 val_metric_name=acc val_metric=0.4187
Step  450 | loss 1.3305 | val_acc=0.4263 val_loss=1.3477 val_f1_macro=0.2408 val_f1_weighted=0.3663 val_prec_macro=0.2833 val_rec_macro=0.2717 val_metric_name=acc val_metric=0.4263
Step  500 | loss 1.3123 | val_acc=0.4272 val_loss=1.3447 val_f1_macro=0.2482 val_f1_weighted=0.3718 val_prec_macro=0.4009 val_rec_macro=0.2756 val_metric_name=acc val_metric=0.4272
Step  550 | loss 1.3052 | val_acc=0.4287 val_loss=1.3438 val_f1_macro=0.2552 val_f1_weighted=0.3770 val_prec_macro=0.4386 val_rec_macro=0.2793 val_metric_name=acc val_metric=0.4287
Step  600 | loss 1.2958 | val_acc=0.4331 val_loss=1.3446 val_f1_macro=0.2641 val_f1_weighted=0.3835 val_prec_macro=0.4645 val_rec_macro=0.2853 val_metric_name=acc val_metric=0.4331
Step  650 | loss 1.2766 | val_acc=0.4333 val_loss=1.3441 val_f1_macro=0.2694 val_f1_weighted=0.3854 val_prec_macro=0.4634 val_rec_macro=0.2882 val_metric_name=acc val_metric=0.4333
Step  700 | loss 1.2676 | val_acc=0.4357 val_loss=1.3436 val_f1_macro=0.2743 val_f1_weighted=0.3901 val_prec_macro=0.4697 val_rec_macro=0.2907 val_metric_name=acc val_metric=0.4357
Step  750 | loss 1.2562 | val_acc=0.4395 val_loss=1.3448 val_f1_macro=0.2808 val_f1_weighted=0.3946 val_prec_macro=0.4833 val_rec_macro=0.2960 val_metric_name=acc val_metric=0.4395
Step  800 | loss 1.2459 | val_acc=0.4405 val_loss=1.3474 val_f1_macro=0.2818 val_f1_weighted=0.3949 val_prec_macro=0.4666 val_rec_macro=0.2970 val_metric_name=acc val_metric=0.4405
Step  850 | loss 1.2246 | val_acc=0.4455 val_loss=1.3483 val_f1_macro=0.2883 val_f1_weighted=0.4021 val_prec_macro=0.4596 val_rec_macro=0.3023 val_metric_name=acc val_metric=0.4455
Step  900 | loss 1.2110 | val_acc=0.4490 val_loss=1.3499 val_f1_macro=0.2919 val_f1_weighted=0.4061 val_prec_macro=0.4497 val_rec_macro=0.3046 val_metric_name=acc val_metric=0.4490
Step  950 | loss 1.1896 | val_acc=0.4478 val_loss=1.3524 val_f1_macro=0.2953 val_f1_weighted=0.4065 val_prec_macro=0.4383 val_rec_macro=0.3059 val_metric_name=acc val_metric=0.4478
Step 1000 | loss 1.1768 | val_acc=0.4524 val_loss=1.3532 val_f1_macro=0.3057 val_f1_weighted=0.4136 val_prec_macro=0.4748 val_rec_macro=0.3131 val_metric_name=acc val_metric=0.4524
Step 1050 | loss 1.1623 | val_acc=0.4573 val_loss=1.3549 val_f1_macro=0.3128 val_f1_weighted=0.4204 val_prec_macro=0.4647 val_rec_macro=0.3176 val_metric_name=acc val_metric=0.4573
Step 1100 | loss 1.1419 | val_acc=0.4578 val_loss=1.3555 val_f1_macro=0.3195 val_f1_weighted=0.4231 val_prec_macro=0.4449 val_rec_macro=0.3221 val_metric_name=acc val_metric=0.4578
Step 1150 | loss 1.1264 | val_acc=0.4620 val_loss=1.3633 val_f1_macro=0.3250 val_f1_weighted=0.4288 val_prec_macro=0.4485 val_rec_macro=0.3262 val_metric_name=acc val_metric=0.4620
Step 1200 | loss 1.1037 | val_acc=0.4650 val_loss=1.3693 val_f1_macro=0.3295 val_f1_weighted=0.4323 val_prec_macro=0.4602 val_rec_macro=0.3290 val_metric_name=acc val_metric=0.4650
Step 1250 | loss 1.0760 | val_acc=0.4651 val_loss=1.3735 val_f1_macro=0.3338 val_f1_weighted=0.4349 val_prec_macro=0.4524 val_rec_macro=0.3324 val_metric_name=acc val_metric=0.4651
Step 1300 | loss 1.0513 | val_acc=0.4663 val_loss=1.3821 val_f1_macro=0.3358 val_f1_weighted=0.4375 val_prec_macro=0.4431 val_rec_macro=0.3334 val_metric_name=acc val_metric=0.4663
Step 1350 | loss 1.0298 | val_acc=0.4671 val_loss=1.3936 val_f1_macro=0.3395 val_f1_weighted=0.4392 val_prec_macro=0.4408 val_rec_macro=0.3362 val_metric_name=acc val_metric=0.4671
Step 1400 | loss 0.9964 | val_acc=0.4697 val_loss=1.4012 val_f1_macro=0.3450 val_f1_weighted=0.4434 val_prec_macro=0.4447 val_rec_macro=0.3401 val_metric_name=acc val_metric=0.4697
Step 1450 | loss 0.9697 | val_acc=0.4725 val_loss=1.4137 val_f1_macro=0.3534 val_f1_weighted=0.4483 val_prec_macro=0.4587 val_rec_macro=0.3461 val_metric_name=acc val_metric=0.4725
Step 1500 | loss 0.9400 | val_acc=0.4744 val_loss=1.4317 val_f1_macro=0.3546 val_f1_weighted=0.4506 val_prec_macro=0.4565 val_rec_macro=0.3469 val_metric_name=acc val_metric=0.4744
Step 1550 | loss 0.9034 | val_acc=0.4744 val_loss=1.4462 val_f1_macro=0.3578 val_f1_weighted=0.4520 val_prec_macro=0.4548 val_rec_macro=0.3489 val_metric_name=acc val_metric=0.4744
Step 1600 | loss 0.8759 | val_acc=0.4798 val_loss=1.4627 val_f1_macro=0.3668 val_f1_weighted=0.4597 val_prec_macro=0.4619 val_rec_macro=0.3565 val_metric_name=acc val_metric=0.4798
Step 1650 | loss 0.8384 | val_acc=0.4811 val_loss=1.4893 val_f1_macro=0.3671 val_f1_weighted=0.4603 val_prec_macro=0.4566 val_rec_macro=0.3575 val_metric_name=acc val_metric=0.4811
Step 1700 | loss 0.8036 | val_acc=0.4808 val_loss=1.5148 val_f1_macro=0.3675 val_f1_weighted=0.4602 val_prec_macro=0.4539 val_rec_macro=0.3569 val_metric_name=acc val_metric=0.4808
Step 1750 | loss 0.7675 | val_acc=0.4862 val_loss=1.5411 val_f1_macro=0.3769 val_f1_weighted=0.4673 val_prec_macro=0.4566 val_rec_macro=0.3661 val_metric_name=acc val_metric=0.4862
Step 1800 | loss 0.7376 | val_acc=0.4890 val_loss=1.5677 val_f1_macro=0.3822 val_f1_weighted=0.4708 val_prec_macro=0.4687 val_rec_macro=0.3698 val_metric_name=acc val_metric=0.4890
Step 1850 | loss 0.7084 | val_acc=0.4891 val_loss=1.5977 val_f1_macro=0.3846 val_f1_weighted=0.4720 val_prec_macro=0.4689 val_rec_macro=0.3707 val_metric_name=acc val_metric=0.4891
Step 1900 | loss 0.6776 | val_acc=0.4918 val_loss=1.6285 val_f1_macro=0.3897 val_f1_weighted=0.4753 val_prec_macro=0.4702 val_rec_macro=0.3755 val_metric_name=acc val_metric=0.4918
Step 1950 | loss 0.6344 | val_acc=0.4962 val_loss=1.6559 val_f1_macro=0.4026 val_f1_weighted=0.4812 val_prec_macro=0.4877 val_rec_macro=0.3852 val_metric_name=acc val_metric=0.4962
Step 2000 | loss 0.6181 | val_acc=0.5012 val_loss=1.6949 val_f1_macro=0.4089 val_f1_weighted=0.4866 val_prec_macro=0.4991 val_rec_macro=0.3902 val_metric_name=acc val_metric=0.5012
Step 2050 | loss 0.5794 | val_acc=0.5032 val_loss=1.7332 val_f1_macro=0.4109 val_f1_weighted=0.4883 val_prec_macro=0.4971 val_rec_macro=0.3918 val_metric_name=acc val_metric=0.5032
Step 2100 | loss 0.5456 | val_acc=0.5029 val_loss=1.7686 val_f1_macro=0.4091 val_f1_weighted=0.4880 val_prec_macro=0.4931 val_rec_macro=0.3910 val_metric_name=acc val_metric=0.5029
Step 2150 | loss 0.5207 | val_acc=0.5063 val_loss=1.8005 val_f1_macro=0.4171 val_f1_weighted=0.4925 val_prec_macro=0.4998 val_rec_macro=0.3976 val_metric_name=acc val_metric=0.5063
Step 2200 | loss 0.5047 | val_acc=0.5076 val_loss=1.8385 val_f1_macro=0.4185 val_f1_weighted=0.4942 val_prec_macro=0.4991 val_rec_macro=0.3993 val_metric_name=acc val_metric=0.5076
Step 2250 | loss 0.4700 | val_acc=0.5112 val_loss=1.8763 val_f1_macro=0.4286 val_f1_weighted=0.4987 val_prec_macro=0.5039 val_rec_macro=0.4081 val_metric_name=acc val_metric=0.5112
Step 2300 | loss 0.4430 | val_acc=0.5091 val_loss=1.9135 val_f1_macro=0.4243 val_f1_weighted=0.4970 val_prec_macro=0.4987 val_rec_macro=0.4046 val_metric_name=acc val_metric=0.5091
Step 2350 | loss 0.4138 | val_acc=0.5104 val_loss=1.9523 val_f1_macro=0.4274 val_f1_weighted=0.4982 val_prec_macro=0.5037 val_rec_macro=0.4066 val_metric_name=acc val_metric=0.5104
Step 2400 | loss 0.4018 | val_acc=0.5130 val_loss=1.9873 val_f1_macro=0.4308 val_f1_weighted=0.5014 val_prec_macro=0.4986 val_rec_macro=0.4107 val_metric_name=acc val_metric=0.5130
Step 2450 | loss 0.3839 | val_acc=0.5148 val_loss=2.0297 val_f1_macro=0.4337 val_f1_weighted=0.5031 val_prec_macro=0.5085 val_rec_macro=0.4125 val_metric_name=acc val_metric=0.5148
Step 2500 | loss 0.3629 | val_acc=0.5151 val_loss=2.0691 val_f1_macro=0.4318 val_f1_weighted=0.5031 val_prec_macro=0.5028 val_rec_macro=0.4110 val_metric_name=acc val_metric=0.5151
Step 2550 | loss 0.3449 | val_acc=0.5189 val_loss=2.1005 val_f1_macro=0.4404 val_f1_weighted=0.5080 val_prec_macro=0.5092 val_rec_macro=0.4190 val_metric_name=acc val_metric=0.5189
Step 2600 | loss 0.3213 | val_acc=0.5161 val_loss=2.1405 val_f1_macro=0.4416 val_f1_weighted=0.5059 val_prec_macro=0.5086 val_rec_macro=0.4195 val_metric_name=acc val_metric=0.5161
Step 2650 | loss 0.3052 | val_acc=0.5218 val_loss=2.1703 val_f1_macro=0.4479 val_f1_weighted=0.5121 val_prec_macro=0.5099 val_rec_macro=0.4265 val_metric_name=acc val_metric=0.5218
Step 2700 | loss 0.2959 | val_acc=0.5192 val_loss=2.2137 val_f1_macro=0.4481 val_f1_weighted=0.5095 val_prec_macro=0.5193 val_rec_macro=0.4245 val_metric_name=acc val_metric=0.5192
Step 2750 | loss 0.2820 | val_acc=0.5218 val_loss=2.2517 val_f1_macro=0.4489 val_f1_weighted=0.5120 val_prec_macro=0.5138 val_rec_macro=0.4263 val_metric_name=acc val_metric=0.5218
Step 2800 | loss 0.2746 | val_acc=0.5202 val_loss=2.2910 val_f1_macro=0.4483 val_f1_weighted=0.5106 val_prec_macro=0.5115 val_rec_macro=0.4258 val_metric_name=acc val_metric=0.5202
Step 2850 | loss 0.2521 | val_acc=0.5216 val_loss=2.3273 val_f1_macro=0.4514 val_f1_weighted=0.5124 val_prec_macro=0.5157 val_rec_macro=0.4287 val_metric_name=acc val_metric=0.5216
Step 2900 | loss 0.2470 | val_acc=0.5229 val_loss=2.3601 val_f1_macro=0.4523 val_f1_weighted=0.5138 val_prec_macro=0.5182 val_rec_macro=0.4293 val_metric_name=acc val_metric=0.5229
Step 2950 | loss 0.2329 | val_acc=0.5231 val_loss=2.3920 val_f1_macro=0.4547 val_f1_weighted=0.5144 val_prec_macro=0.5182 val_rec_macro=0.4312 val_metric_name=acc val_metric=0.5231
Step 3000 | loss 0.2176 | val_acc=0.5216 val_loss=2.4296 val_f1_macro=0.4540 val_f1_weighted=0.5132 val_prec_macro=0.5145 val_rec_macro=0.4316 val_metric_name=acc val_metric=0.5216
Step 3050 | loss 0.2084 | val_acc=0.5233 val_loss=2.4661 val_f1_macro=0.4555 val_f1_weighted=0.5148 val_prec_macro=0.5179 val_rec_macro=0.4325 val_metric_name=acc val_metric=0.5233
Step 3100 | loss 0.2039 | val_acc=0.5225 val_loss=2.5015 val_f1_macro=0.4540 val_f1_weighted=0.5137 val_prec_macro=0.5160 val_rec_macro=0.4308 val_metric_name=acc val_metric=0.5225
Step 3150 | loss 0.2010 | val_acc=0.5223 val_loss=2.5290 val_f1_macro=0.4545 val_f1_weighted=0.5140 val_prec_macro=0.5148 val_rec_macro=0.4316 val_metric_name=acc val_metric=0.5223
Step 3200 | loss 0.1894 | val_acc=0.5213 val_loss=2.5628 val_f1_macro=0.4548 val_f1_weighted=0.5132 val_prec_macro=0.5137 val_rec_macro=0.4319 val_metric_name=acc val_metric=0.5213
Step 3250 | loss 0.1810 | val_acc=0.5221 val_loss=2.5955 val_f1_macro=0.4567 val_f1_weighted=0.5142 val_prec_macro=0.5167 val_rec_macro=0.4333 val_metric_name=acc val_metric=0.5221
Step 3300 | loss 0.1744 | val_acc=0.5207 val_loss=2.6280 val_f1_macro=0.4549 val_f1_weighted=0.5128 val_prec_macro=0.5128 val_rec_macro=0.4320 val_metric_name=acc val_metric=0.5207
Step 3350 | loss 0.1696 | val_acc=0.5218 val_loss=2.6639 val_f1_macro=0.4572 val_f1_weighted=0.5140 val_prec_macro=0.5161 val_rec_macro=0.4340 val_metric_name=acc val_metric=0.5218
Step 3400 | loss 0.1589 | val_acc=0.5210 val_loss=2.6930 val_f1_macro=0.4575 val_f1_weighted=0.5136 val_prec_macro=0.5120 val_rec_macro=0.4349 val_metric_name=acc val_metric=0.5210
Early stopping at step 3430

--- Final (best ckpt @ step 3130) ---
  train_acc=0.9906 train_loss=0.0409 train_f1_macro=0.9890 train_f1_weighted=0.9906 train_prec_macro=0.9935 train_rec_macro=0.9846 train_metric_name=acc train_metric=0.9906
  val_acc=0.5259 val_loss=2.5248 val_f1_macro=0.4573 val_f1_weighted=0.5172 val_prec_macro=0.5230 val_rec_macro=0.4335 val_metric_name=acc val_metric=0.5259
  test_acc=0.5104 test_loss=2.5748 test_f1_macro=0.4370 test_f1_weighted=0.5015 test_prec_macro=0.4917 test_rec_macro=0.4164 test_metric_name=acc test_metric=0.5104
  test_acc=0.5104
  >> num_layers=1 hidden_dim=256 lr=3e-05 best_step=3020 val_acc=0.5243 test_acc=0.5225
     val_acc=0.5243 val_f1_macro=0.4565 val_f1_weighted=0.5162 val_loss=3.1036 val_metric=0.5243 val_metric_name=acc val_prec_macro=0.5029 val_rec_macro=0.4365
     test_acc=0.5225 test_f1_macro=0.4546 test_f1_weighted=0.5148 test_loss=3.1576 test_metric=0.5225 test_metric_name=acc test_prec_macro=0.4977 test_rec_macro=0.4348
  >> num_layers=1 hidden_dim=256 lr=6e-05 best_step=2290 val_acc=0.5256 test_acc=0.5194
     val_acc=0.5256 val_f1_macro=0.4603 val_f1_weighted=0.5183 val_loss=3.5678 val_metric=0.5256 val_metric_name=acc val_prec_macro=0.5020 val_rec_macro=0.4407
     test_acc=0.5194 test_f1_macro=0.4474 test_f1_weighted=0.5120 test_loss=3.6455 test_metric=0.5194 test_metric_name=acc test_prec_macro=0.4796 test_rec_macro=0.4311
  >> num_layers=1 hidden_dim=256 lr=0.0001 best_step=1990 val_acc=0.5211 test_acc=0.5141
     val_acc=0.5211 val_f1_macro=0.4587 val_f1_weighted=0.5150 val_loss=3.9153 val_metric=0.5211 val_metric_name=acc val_prec_macro=0.4942 val_rec_macro=0.4404
     test_acc=0.5141 test_f1_macro=0.4448 test_f1_weighted=0.5077 test_loss=4.0003 test_metric=0.5141 test_metric_name=acc test_prec_macro=0.4739 test_rec_macro=0.4291
  >> num_layers=1 hidden_dim=256 lr=1e-05 best_step=4840 val_acc=0.5179 test_acc=0.5185
     val_acc=0.5179 val_f1_macro=0.4405 val_f1_weighted=0.5068 val_loss=2.2123 val_metric=0.5179 val_metric_name=acc val_prec_macro=0.4947 val_rec_macro=0.4215
     test_acc=0.5185 test_f1_macro=0.4479 test_f1_weighted=0.5088 test_loss=2.2462 test_metric=0.5185 test_metric_name=acc test_prec_macro=0.5048 test_rec_macro=0.4260
  >> num_layers=1 hidden_dim=384 lr=3e-05 best_step=1480 val_acc=0.5118 test_acc=0.5099
     val_acc=0.5118 val_f1_macro=0.4521 val_f1_weighted=0.5051 val_loss=2.8231 val_metric=0.5118 val_metric_name=acc val_prec_macro=0.5078 val_rec_macro=0.4289
     test_acc=0.5099 test_f1_macro=0.4422 test_f1_weighted=0.5023 test_loss=2.8468 test_metric=0.5099 test_metric_name=acc test_prec_macro=0.4942 test_rec_macro=0.4207
  >> num_layers=1 hidden_dim=384 lr=6e-05 best_step=1640 val_acc=0.5202 test_acc=0.5198
     val_acc=0.5202 val_f1_macro=0.4621 val_f1_weighted=0.5149 val_loss=3.8893 val_metric=0.5202 val_metric_name=acc val_prec_macro=0.5027 val_rec_macro=0.4421
     test_acc=0.5198 test_f1_macro=0.4544 test_f1_weighted=0.5136 test_loss=3.9161 test_metric=0.5198 test_metric_name=acc test_prec_macro=0.4946 test_rec_macro=0.4350
  >> num_layers=1 hidden_dim=384 lr=0.0001 best_step=1960 val_acc=0.5228 test_acc=0.5215
     val_acc=0.5228 val_f1_macro=0.4648 val_f1_weighted=0.5178 val_loss=4.6605 val_metric=0.5228 val_metric_name=acc val_prec_macro=0.4972 val_rec_macro=0.4467
     test_acc=0.5215 test_f1_macro=0.4586 test_f1_weighted=0.5161 test_loss=4.6712 test_metric=0.5215 test_metric_name=acc test_prec_macro=0.4928 test_rec_macro=0.4407
  >> num_layers=1 hidden_dim=384 lr=1e-05 best_step=3310 val_acc=0.5068 test_acc=0.5045
     val_acc=0.5068 val_f1_macro=0.4428 val_f1_weighted=0.4995 val_loss=2.4207 val_metric=0.5068 val_metric_name=acc val_prec_macro=0.4955 val_rec_macro=0.4212
     test_acc=0.5045 test_f1_macro=0.4365 test_f1_weighted=0.4973 test_loss=2.4345 test_metric=0.5045 test_metric_name=acc test_prec_macro=0.4821 test_rec_macro=0.4167
  >> num_layers=1 hidden_dim=512 lr=3e-05 best_step=2450 val_acc=0.5285 test_acc=0.5216
     val_acc=0.5285 val_f1_macro=0.4675 val_f1_weighted=0.5226 val_loss=3.8184 val_metric=0.5285 val_metric_name=acc val_prec_macro=0.5091 val_rec_macro=0.4474
     test_acc=0.5216 test_f1_macro=0.4493 test_f1_weighted=0.5147 test_loss=3.8632 test_metric=0.5216 test_metric_name=acc test_prec_macro=0.4868 test_rec_macro=0.4319
  >> num_layers=1 hidden_dim=512 lr=6e-05 best_step=1580 val_acc=0.5293 test_acc=0.5252
     val_acc=0.5293 val_f1_macro=0.4677 val_f1_weighted=0.5233 val_loss=3.9409 val_metric=0.5293 val_metric_name=acc val_prec_macro=0.5132 val_rec_macro=0.4466
     test_acc=0.5252 test_f1_macro=0.4543 test_f1_weighted=0.5184 test_loss=3.9803 test_metric=0.5252 test_metric_name=acc test_prec_macro=0.4934 test_rec_macro=0.4358
  >> num_layers=1 hidden_dim=512 lr=0.0001 best_step=860 val_acc=0.5260 test_acc=0.5210
     val_acc=0.5260 val_f1_macro=0.4660 val_f1_weighted=0.5200 val_loss=3.5450 val_metric=0.5260 val_metric_name=acc val_prec_macro=0.5147 val_rec_macro=0.4444
     test_acc=0.5210 test_f1_macro=0.4481 test_f1_weighted=0.5135 test_loss=3.5955 test_metric=0.5210 test_metric_name=acc test_prec_macro=0.4901 test_rec_macro=0.4298
  >> num_layers=1 hidden_dim=512 lr=1e-05 best_step=3130 val_acc=0.5259 test_acc=0.5104
     val_acc=0.5259 val_f1_macro=0.4573 val_f1_weighted=0.5172 val_loss=2.5248 val_metric=0.5259 val_metric_name=acc val_prec_macro=0.5230 val_rec_macro=0.4335
     test_acc=0.5104 test_f1_macro=0.4370 test_f1_weighted=0.5015 test_loss=2.5748 test_metric=0.5104 test_metric_name=acc test_prec_macro=0.4917 test_rec_macro=0.4164
  >> selected best (by val): num_layers=1 hidden_dim=512 lr=6e-05 val_acc=0.5293 test_acc=0.5252
     val_acc=0.5293 val_f1_macro=0.4677 val_f1_weighted=0.5233 val_loss=3.9409 val_metric=0.5293 val_metric_name=acc val_prec_macro=0.5132 val_rec_macro=0.4466
     test_acc=0.5252 test_f1_macro=0.4543 test_f1_weighted=0.5184 test_loss=3.9803 test_metric=0.5252 test_metric_name=acc test_prec_macro=0.4934 test_rec_macro=0.4358

Done. Results saved to /home/avshmelev/diploma_yandex_graphs/results_grid/amazon_ratings/base.csv, checkpoints in /home/avshmelev/diploma_yandex_graphs/all_checkpoints/amazon_ratings/base/
Skipping: "Done." found in /home/avshmelev/diploma_yandex_graphs/results_grid/amazon_ratings/logs_base/TAG_1L_split2.log
Skipping: "Done." found in /home/avshmelev/diploma_yandex_graphs/results_grid/amazon_ratings/logs_base/TAG_1L_split2.log
