epoch,train_mean_member_ce,valid_pooled_accuracy,valid_pooled_ce,train_step_seconds,validation_seconds,elapsed_seconds,is_selected_so_far
1,3.764137864112854,0.0762777253985405,3.1424570083618164,0.22833610326051712,0.08598999679088593,0.32956426590681076,1
2,3.305890381336212,0.07651263475418091,3.018216609954834,0.21744778007268906,0.08608923107385635,0.6476235091686249,1
3,3.176631510257721,0.1612805724143982,2.912515878677368,0.21764367818832397,0.08641866594552994,0.9670432060956955,1
4,3.0946319103240967,0.22376589477062225,2.8595924377441406,0.21811038255691528,0.08631324768066406,1.2868803814053535,1
5,3.036703884601593,0.2088996171951294,2.822645425796509,0.21770040690898895,0.08608440309762955,1.5907408446073532,0
6,2.9777446389198303,0.24752508103847504,2.7479450702667236,0.21757306903600693,0.08610998094081879,1.9084379822015762,1
7,2.9111512899398804,0.29393601417541504,2.6124749183654785,0.21837864071130753,0.0863795205950737,2.2286284267902374,1
8,2.8280826807022095,0.308735191822052,2.479574680328369,0.21843405812978745,0.08631422370672226,2.5493936017155647,1
9,2.7376973032951355,0.3293398916721344,2.377117395401001,0.21750304102897644,0.0860341414809227,2.871462181210518,1
10,2.654614508152008,0.35578373074531555,2.2776966094970703,0.21729310601949692,0.08602485060691833,3.188994586467743,1
11,2.5859599113464355,0.37601932883262634,2.2078795433044434,0.2172817587852478,0.08619599789381027,3.5121482610702515,1
12,2.519677996635437,0.3931339681148529,2.1385347843170166,0.21785645186901093,0.08625981211662292,3.8303519785404205,1
13,2.452987551689148,0.4265579283237457,2.087050676345825,0.21780632436275482,0.08616995066404343,4.149879969656467,1
14,2.3906424045562744,0.4446457624435425,2.0328211784362793,0.21722521632909775,0.08606372028589249,4.46780189871788,1
15,2.3353185057640076,0.45149165391921997,1.9825445413589478,0.2175401821732521,0.08597968518733978,4.785205326974392,1
16,2.279977560043335,0.46011608839035034,1.9422869682312012,0.21757303923368454,0.08609038591384888,5.1032169088721275,1
17,2.2318824529647827,0.47508302330970764,1.901542067527771,0.21737688779830933,0.0860893577337265,5.42143340408802,1
18,2.187506675720215,0.48374104499816895,1.8627426624298096,0.21719837188720703,0.08604221791028976,5.739631213247776,1
19,2.1461265087127686,0.49125808477401733,1.8255858421325684,0.21774444729089737,0.08603227883577347,6.057980969548225,1
20,2.102493166923523,0.5005536675453186,1.7877293825149536,0.21757661551237106,0.08610066771507263,6.376305639743805,1
21,2.062772572040558,0.5167622566223145,1.7443307638168335,0.2174527794122696,0.08604035526514053,6.693706721067429,1
22,2.023426115512848,0.5305547118186951,1.7022708654403687,0.2174089252948761,0.08609156310558319,7.01502250880003,1
23,1.9839197993278503,0.5396153926849365,1.665322184562683,0.217327319085598,0.08603663742542267,7.3324660658836365,1
24,1.9471982717514038,0.5449846982955933,1.632542371749878,0.21742511540651321,0.0860162302851677,7.65030961483717,1
25,1.9123658239841461,0.5543138980865479,1.5994420051574707,0.217213973402977,0.08604320138692856,7.9723798260092735,1
26,1.8769398927688599,0.5657236576080322,1.5673271417617798,0.2175246775150299,0.08607640117406845,8.290608368813992,1
27,1.847471833229065,0.5723010897636414,1.5376791954040527,0.21855979412794113,0.08598779141902924,8.609458811581135,1
28,1.8155957758426666,0.577603280544281,1.5128004550933838,0.21743623912334442,0.08611354976892471,8.928184993565083,1
29,1.786695808172226,0.5845162272453308,1.4890693426132202,0.21750527620315552,0.08608578145503998,9.245837554335594,1
30,1.759882003068924,0.5900533199310303,1.4665511846542358,0.21739671379327774,0.08597265928983688,9.562859706580639,1
31,1.7324405908584595,0.5945836901664734,1.4470959901809692,0.2173832654953003,0.08597497642040253,9.88094587624073,1
32,1.7073427736759186,0.5979730486869812,1.428977370262146,0.2172217294573784,0.08611194789409637,10.19859729707241,1
33,1.6828814446926117,0.6020336151123047,1.411001205444336,0.217274010181427,0.08605179935693741,10.516373291611671,1
34,1.6594500243663788,0.6053558588027954,1.3949536085128784,0.21776651591062546,0.08618414402008057,10.83433510363102,1
35,1.6381741762161255,0.608241856098175,1.381349802017212,0.21732793748378754,0.08604296296834946,11.153283752501011,1
36,1.617220938205719,0.6109936237335205,1.3669188022613525,0.21739188581705093,0.08606424182653427,11.471281051635742,1
37,1.5949729084968567,0.6135440468788147,1.3530464172363281,0.21718070656061172,0.08610899746417999,11.792425461113453,1
38,1.5765163004398346,0.6167991757392883,1.3380028009414673,0.21788134425878525,0.08605004101991653,12.111087895929813,1
39,1.5586377084255219,0.6184771060943604,1.3233121633529663,0.21807639300823212,0.08632178604602814,12.430776745080948,1
40,1.5421085357666016,0.622470498085022,1.3099124431610107,0.2178877592086792,0.08611065149307251,12.749343134462833,1
41,1.5259009897708893,0.6243833303451538,1.2975140810012817,0.2172677144408226,0.08599203824996948,13.066525809466839,1
42,1.5087506473064423,0.6264303922653198,1.285597801208496,0.2176097109913826,0.08604563027620316,13.383929334580898,1
43,1.4933718144893646,0.6287794709205627,1.2736972570419312,0.21780972927808762,0.08623222261667252,13.702559925615788,1
44,1.4780344367027283,0.6311285495758057,1.2613835334777832,0.21778544783592224,0.0859953835606575,14.020354330539703,1
45,1.4630960822105408,0.6327728629112244,1.250936508178711,0.2173786461353302,0.08607332408428192,14.337330050766468,1
46,1.4497682750225067,0.6353232860565186,1.2417497634887695,0.21716252714395523,0.0860694870352745,14.654703758656979,1
47,1.4385481476783752,0.6371018886566162,1.2308375835418701,0.21750815957784653,0.08596713095903397,14.972210139036179,1
48,1.4262626767158508,0.6381086111068726,1.2221614122390747,0.21751154959201813,0.08611807972192764,15.289997801184654,1
49,1.4136034846305847,0.6405248045921326,1.2148905992507935,0.21728817373514175,0.0860874205827713,15.607572220265865,1
50,1.4020136296749115,0.6402899026870728,1.2039421796798706,0.2172880843281746,0.08599607646465302,15.910917900502682,0
51,1.3897306025028229,0.6434108018875122,1.1943312883377075,0.21724559366703033,0.08610546588897705,16.228319123387337,1
52,1.3797579109668732,0.6443840265274048,1.1867624521255493,0.21746943891048431,0.08603321015834808,16.55103674530983,1
53,1.3707063794136047,0.6465317606925964,1.1789138317108154,0.2174709066748619,0.08600356429815292,16.86894179880619,1
54,1.3602314591407776,0.6483103036880493,1.1714997291564941,0.21745213121175766,0.08619009703397751,17.186777867376804,1
55,1.3508326411247253,0.6498875617980957,1.1650257110595703,0.2173388972878456,0.08595620840787888,17.50545149296522,1
56,1.341240018606186,0.6502902507781982,1.1569222211837769,0.21802069246768951,0.08613180369138718,17.82373747229576,1
57,1.3340702950954437,0.6521695256233215,1.150495171546936,0.21771159023046494,0.08609090000391006,18.142391674220562,1
58,1.3233650624752045,0.6539480686187744,1.145326852798462,0.2179766446352005,0.08606646955013275,18.460758335888386,1
59,1.3148232996463776,0.6544514894485474,1.1385467052459717,0.21922096610069275,0.08637111634016037,18.78047290444374,1
60,1.3071547746658325,0.6571025848388672,1.1330634355545044,0.21756064891815186,0.08607432246208191,19.097488909959793,1
61,1.300388216972351,0.657706618309021,1.1292228698730469,0.21704845875501633,0.08595434576272964,19.416581235826015,1
62,1.2927431464195251,0.658075749874115,1.1231249570846558,0.2172705978155136,0.086061030626297,19.73746071755886,1
63,1.285474181175232,0.6610288619995117,1.117592453956604,0.21787797659635544,0.08621116727590561,20.056168846786022,1
64,1.279453158378601,0.6613308787345886,1.1108958721160889,0.21725831925868988,0.08611752092838287,20.373778104782104,1
65,1.2712715864181519,0.6625054478645325,1.106694221496582,0.2173331007361412,0.08598808944225311,20.690465182065964,1
66,1.2659143805503845,0.6655927896499634,1.1033358573913574,0.217213436961174,0.08604953438043594,21.009532034397125,1
67,1.260131597518921,0.664753794670105,1.096730351448059,0.21724971383810043,0.08597905188798904,21.312818244099617,0
68,1.254102498292923,0.6678411960601807,1.0924614667892456,0.21715275943279266,0.08597487211227417,21.62966926395893,1
69,1.2471593618392944,0.6693177223205566,1.0882394313812256,0.21739688515663147,0.0861378014087677,21.946855910122395,1
70,1.240920215845108,0.669586181640625,1.0847769975662231,0.2174394726753235,0.08615042269229889,22.266080163419247,1
71,1.2358692586421967,0.6713647842407227,1.0810189247131348,0.21777266263961792,0.08604874461889267,22.585616759955883,1
72,1.2294058203697205,0.671264111995697,1.0760329961776733,0.2180582731962204,0.08625372499227524,22.89000353217125,0
73,1.2270967662334442,0.673244059085846,1.073765754699707,0.217532217502594,0.08599978685379028,23.20799245685339,1
74,1.222003847360611,0.6740829944610596,1.070464015007019,0.21799708157777786,0.08608725666999817,23.52763745188713,1
75,1.2169344425201416,0.6737474203109741,1.0659348964691162,0.21785961836576462,0.08609283715486526,23.831682786345482,0
76,1.2121354639530182,0.6760629415512085,1.0637569427490234,0.21767405420541763,0.08598507940769196,24.149922281503677,1
77,1.2071029245853424,0.6753246188163757,1.0584423542022705,0.2174578756093979,0.08613155037164688,24.453590497374535,0
78,1.20134237408638,0.6774387955665588,1.0558468103408813,0.21748951077461243,0.08625255525112152,24.77289068698883,1
79,1.1990110278129578,0.6783449053764343,1.0539507865905762,0.21729230135679245,0.08603320270776749,25.091771334409714,1
80,1.1924540400505066,0.6782106757164001,1.0477418899536133,0.2174890637397766,0.08597838133573532,25.395333141088486,0
81,1.1897786259651184,0.6802241206169128,1.046454668045044,0.21801014244556427,0.08608578145503998,25.712961442768574,1
82,1.1852791607379913,0.679620087146759,1.0445479154586792,0.21724268049001694,0.08608890324831009,26.016352221369743,0
83,1.1811495423316956,0.6801234483718872,1.0410845279693604,0.21738895773887634,0.08601414412260056,26.319812923669815,0
84,1.1771413087844849,0.6826067566871643,1.0373156070709229,0.2180020734667778,0.0861256942152977,26.638549588620663,1
85,1.1735296547412872,0.6826067566871643,1.0346179008483887,0.21749519556760788,0.08603345602750778,26.956168465316296,1
86,1.1693879067897797,0.6831772327423096,1.0344980955123901,0.21739738434553146,0.08609253168106079,27.27376189082861,1
87,1.1663614511489868,0.6837142109870911,1.0295796394348145,0.2172042429447174,0.08596037328243256,27.59091357141733,1
88,1.1620556116104126,0.6852242946624756,1.026881217956543,0.2172284722328186,0.08613056689500809,27.907926589250565,1
89,1.158903032541275,0.6858618855476379,1.025015950202942,0.21732622385025024,0.08602900803089142,28.22486810386181,1
90,1.1549034416675568,0.6873720288276672,1.0236462354660034,0.21716716140508652,0.08598620444536209,28.54165628552437,1
91,1.151965081691742,0.6879425048828125,1.0196797847747803,0.2170419916510582,0.08598023653030396,28.8584623336792,1
92,1.1490479707717896,0.6877411603927612,1.0167492628097534,0.21729470789432526,0.08598192781209946,29.16179797053337,0
93,1.1455144584178925,0.6894862055778503,1.0166289806365967,0.217311829328537,0.08610591292381287,29.479216761887074,1
94,1.1424212753772736,0.6888150572776794,1.0153439044952393,0.2173014059662819,0.08602021634578705,29.782601080834866,0
95,1.1399599313735962,0.6889492869377136,1.0125633478164673,0.2172359675168991,0.08605495095252991,30.08594572544098,0
96,1.1374252438545227,0.6920701861381531,1.0119907855987549,0.21749795228242874,0.08607883751392365,30.40909617394209,1
97,1.1337872445583344,0.6900566816329956,1.0084478855133057,0.21758491545915604,0.08598285913467407,30.712771899998188,0
98,1.1318406164646149,0.6921373009681702,1.0083131790161133,0.21736428886651993,0.0860917940735817,31.032825708389282,1
99,1.1283868849277496,0.6932782530784607,1.0059927701950073,0.21726824343204498,0.08596587926149368,31.350213065743446,1
100,1.1248623132705688,0.6946206092834473,1.0020908117294312,0.2173364982008934,0.0859653651714325,31.667757891118526,1
101,1.122439682483673,0.6945870518684387,0.999626874923706,0.21731678396463394,0.08601102977991104,31.97114422172308,0
102,1.1209564507007599,0.6952917575836182,1.0002994537353516,0.21731983870267868,0.08606402575969696,32.2883705124259,1
103,1.1183986961841583,0.6954595446586609,0.9982448220252991,0.21711210161447525,0.0860227569937706,32.60536448657513,1
104,1.1163379549980164,0.6948219537734985,1.000022292137146,0.21733272075653076,0.0859282836318016,32.90868903696537,0
105,1.1132715940475464,0.6952246427536011,0.9954131245613098,0.21740085631608963,0.08607704192399979,33.212230786681175,0
106,1.1112679243087769,0.6972381472587585,0.9934688210487366,0.21721970289945602,0.08605721592903137,33.52971040457487,1
107,1.1071239411830902,0.6973052620887756,0.9929118156433105,0.21730925142765045,0.08594795316457748,33.847047932446,1
108,1.1056764721870422,0.6976072788238525,0.9894625544548035,0.21734001487493515,0.08604145795106888,34.164760284125805,1
109,1.1026724576950073,0.6976743936538696,0.9906229972839355,0.2173272743821144,0.08607163280248642,34.481667056679726,1
110,1.1015251576900482,0.6982784271240234,0.9874036908149719,0.21730343997478485,0.08603151142597198,34.79856404662132,1
111,1.09980908036232,0.6981106400489807,0.9876481294631958,0.21734219789505005,0.08602002263069153,35.10198701173067,0
112,1.0972432494163513,0.6985133290290833,0.9849163293838501,0.21727267652750015,0.08608614653348923,35.42123683542013,1
113,1.0935544669628143,0.69962078332901,0.9831332564353943,0.21748793125152588,0.08598770946264267,35.74062638729811,1
114,1.0922790169715881,0.6992852091789246,0.9849557280540466,0.2173905223608017,0.0860833153128624,36.044161692261696,0
115,1.0896432101726532,0.6995201110839844,0.9820546507835388,0.21756580471992493,0.08617383241653442,36.34799651056528,0
116,1.087181180715561,0.7000905871391296,0.9814127683639526,0.21747948974370956,0.08604484796524048,36.66621398180723,1
117,1.0856663882732391,0.7002583742141724,0.9784418344497681,0.2173609361052513,0.0859597846865654,36.98328801244497,1
118,1.0836307406425476,0.7005939483642578,0.9763830900192261,0.21716390550136566,0.0859241634607315,37.29966006428003,1
119,1.0802879333496094,0.7002919316291809,0.9794878363609314,0.21756573766469955,0.08614087104797363,37.60342990607023,0
120,1.0802676379680634,0.7005939483642578,0.9755215048789978,0.21729514002799988,0.0859484076499939,37.92087370157242,1
121,1.0780219435691833,0.7005939483642578,0.9747869968414307,0.2175414115190506,0.08623716235160828,38.23857992887497,1
122,1.075353592634201,0.7025738954544067,0.9737654328346252,0.21733538061380386,0.08609676361083984,38.55612461268902,1
123,1.0734806954860687,0.7008959650993347,0.9711495637893677,0.21736670285463333,0.08596675097942352,38.859518729150295,0
124,1.0732573866844177,0.7016006708145142,0.9721423387527466,0.21726347506046295,0.0861169770359993,39.16295922547579,0
125,1.0707994103431702,0.7029430270195007,0.9712276458740234,0.21767356246709824,0.08603741228580475,39.48128928244114,1
126,1.0683859586715698,0.7013993263244629,0.9680662155151367,0.21737612783908844,0.0860787183046341,39.784821569919586,0
127,1.0668941140174866,0.702775239944458,0.970066249370575,0.21735621988773346,0.08629629015922546,40.08854892849922,0
128,1.0640378892421722,0.7032786011695862,0.9673296213150024,0.21891368925571442,0.08620117604732513,40.40874353796244,1
129,1.0641262233257294,0.7041846513748169,0.9662132263183594,0.21764101088047028,0.08610225468873978,40.726596646010876,1
130,1.0611454844474792,0.7030101418495178,0.9653252959251404,0.21750231832265854,0.08610814809799194,41.03027895092964,0
131,1.0590649247169495,0.7036812901496887,0.9638571739196777,0.21737206727266312,0.08613278716802597,41.33385210484266,0
132,1.059331089258194,0.7033792734146118,0.9654588103294373,0.21741510927677155,0.0860551968216896,41.6373907700181,0
133,1.0583508610725403,0.703513503074646,0.9610755443572998,0.21801557391881943,0.08612128347158432,41.94158920645714,0
134,1.0573061108589172,0.7052921056747437,0.9626891016960144,0.21706917881965637,0.08614403754472733,42.263538636267185,1
135,1.0527900457382202,0.7047551870346069,0.9634868502616882,0.21779100596904755,0.0860367938876152,42.56745967268944,0
136,1.0520278811454773,0.7031779289245605,0.9596368074417114,0.2173597663640976,0.08600765466690063,42.870895735919476,0
137,1.0502523481845856,0.704251766204834,0.9607356786727905,0.21735137701034546,0.08596435934305191,43.17429493367672,0
138,1.0477151274681091,0.7049900889396667,0.9592730402946472,0.21728000789880753,0.0860472247004509,43.47768349945545,0
139,1.0465162992477417,0.7052249908447266,0.9574207663536072,0.2174462303519249,0.0861007571220398,43.78129114955664,0
140,1.0440089404582977,0.705191433429718,0.957214891910553,0.21738839894533157,0.0859743058681488,44.08472494035959,0
141,1.0453574061393738,0.7054263353347778,0.958711564540863,0.21739625930786133,0.08608529716730118,44.40270717442036,1
142,1.04202139377594,0.7057283520698547,0.9548028707504272,0.2175121009349823,0.0860886499285698,44.72095696628094,1
143,1.0432474613189697,0.7063323855400085,0.9548336267471313,0.2174597680568695,0.08598148822784424,45.03817391395569,1
144,1.0385423302650452,0.705929696559906,0.9556334614753723,0.21745843440294266,0.08595575392246246,45.34165886044502,0
145,1.0372114479541779,0.7069699764251709,0.9522520303726196,0.21727021038532257,0.08615772426128387,45.658935494720936,1
146,1.0371274054050446,0.7062317132949829,0.9543878436088562,0.2175527587532997,0.08611191809177399,45.96267210692167,0
147,1.0362037420272827,0.7066008448600769,0.9526221752166748,0.21842482686042786,0.08602705597877502,46.26720304042101,0
148,1.0329097211360931,0.7075405120849609,0.950520396232605,0.2174261286854744,0.08605396002531052,46.58538918942213,1
149,1.032262146472931,0.7068357467651367,0.950311005115509,0.21746575087308884,0.08617231994867325,46.889095306396484,0
150,1.0316701233386993,0.7071378231048584,0.9506848454475403,0.2172844260931015,0.08602980524301529,47.19249560683966,0
151,1.0298499166965485,0.7076747417449951,0.9495061039924622,0.2172849327325821,0.08605977147817612,47.51028011739254,1
152,1.0288908779621124,0.7068357467651367,0.9497218728065491,0.2176741436123848,0.0861140787601471,47.81417638808489,0
153,1.027092069387436,0.707976758480072,0.9485581517219543,0.21734225749969482,0.08600889146327972,48.13211926817894,1
154,1.0253137350082397,0.7079096436500549,0.9476898908615112,0.21760770678520203,0.08616240322589874,48.435959197580814,0
155,1.0245126783847809,0.7068693041801453,0.9482269883155823,0.21724755316972733,0.08604691177606583,48.73933446407318,0
156,1.0234662592411041,0.7083794474601746,0.9468907117843628,0.21721937507390976,0.08601993322372437,49.05693498253822,1
157,1.0236554741859436,0.7073056101799011,0.9470722079277039,0.2179773598909378,0.0861901119351387,49.36116746813059,0
158,1.0211394131183624,0.7081445455551147,0.944290041923523,0.21715054661035538,0.08591794967651367,49.66429089009762,0
159,1.0189937949180603,0.7086814641952515,0.9450141191482544,0.21713924407958984,0.08611489087343216,49.98166882246733,1
160,1.0189701914787292,0.7084801197052002,0.9440937042236328,0.2173023298382759,0.08600344508886337,50.285038746893406,0
161,1.0171172618865967,0.7081445455551147,0.9432445168495178,0.2177727147936821,0.08617395162582397,50.58904339373112,0
162,1.015332192182541,0.7094868421554565,0.9436743259429932,0.21726085245609283,0.08593017607927322,50.906758576631546,1
163,1.013687252998352,0.7086814641952515,0.943148672580719,0.2177247852087021,0.08610352128744125,51.210709281265736,0
164,1.0135088860988617,0.7082452178001404,0.9442073702812195,0.21712642163038254,0.08605733513832092,51.51395818591118,0
165,1.0114525258541107,0.7093526124954224,0.9443449974060059,0.21739955246448517,0.0860624834895134,51.817476473748684,0
166,1.0109272599220276,0.7095203995704651,0.9395829439163208,0.21711837500333786,0.08610329777002335,52.1350309625268,1
167,1.0101777017116547,0.7105942964553833,0.9387614727020264,0.21749308705329895,0.08608605712652206,52.45342297106981,1
168,1.0089054703712463,0.7098895907402039,0.9428088068962097,0.2175421565771103,0.08606814593076706,52.757108584046364,0
169,1.0085068345069885,0.7098560333251953,0.9405192732810974,0.2174942046403885,0.08594010025262833,53.060612209141254,0
170,1.0056816935539246,0.7094197273254395,0.9383837580680847,0.21723975986242294,0.08601726591587067,53.363927997648716,0
171,1.0051387250423431,0.7104600667953491,0.9384809136390686,0.21718472987413406,0.08604874461889267,53.66722555458546,0
172,1.0046853721141815,0.7099231481552124,0.9371066093444824,0.21726757287979126,0.08592008054256439,53.970467910170555,0
173,1.0035647600889206,0.7097889184951782,0.9400538802146912,0.21772880852222443,0.08610940724611282,54.27436363697052,0
174,1.0024922341108322,0.7112654447555542,0.936475932598114,0.21714408695697784,0.08606994897127151,54.592148661613464,1
175,1.002400517463684,0.7104265093803406,0.9377754330635071,0.2173459529876709,0.08596225082874298,54.89551627635956,0
176,1.0000869631767273,0.7109298706054688,0.9373338222503662,0.2172560840845108,0.08609217405319214,55.1989453881979,0
177,0.9992819279432297,0.7112318873405457,0.9345178008079529,0.21723715215921402,0.08613991737365723,55.50239450484514,0
178,0.9975077211856842,0.7109969854354858,0.9375761151313782,0.2172616794705391,0.08611217141151428,55.80583614110947,0
179,0.9950882196426392,0.7109634280204773,0.9362627267837524,0.21707046777009964,0.08609876036643982,56.10906761139631,0
180,0.994719997048378,0.7118359208106995,0.9331490397453308,0.21700984239578247,0.08592017740011215,56.42654737830162,1
181,0.9930609166622162,0.7105271816253662,0.9368900060653687,0.2174001932144165,0.08608289808034897,56.730090372264385,0
182,0.9916101694107056,0.7110976576805115,0.9348164200782776,0.2171419933438301,0.08607430011034012,57.03335979580879,0
183,0.991854339838028,0.7115339040756226,0.9313461780548096,0.21709833294153214,0.08602185547351837,57.3365336433053,0
184,0.9900079667568207,0.7124064564704895,0.9343373775482178,0.21723651140928268,0.08595340698957443,57.65408132970333,1
185,0.990596741437912,0.7110641002655029,0.9345934987068176,0.21722912043333054,0.08600088953971863,57.957371450960636,0
186,0.9891957640647888,0.7122721672058105,0.9311080574989319,0.21893516182899475,0.08631673455238342,58.262677274644375,0
187,0.9891332387924194,0.7116345763206482,0.9329294562339783,0.21816442906856537,0.0859953761100769,58.56689305603504,0
188,0.9863449186086655,0.7116010189056396,0.932041347026825,0.21721789240837097,0.08612038940191269,58.870315574109554,0
189,0.9861876964569092,0.7123728394508362,0.9302682280540466,0.21735621988773346,0.08606251329183578,59.17379382997751,0
190,0.986427903175354,0.7126413583755493,0.9299265742301941,0.21755708754062653,0.08615890145301819,59.496446654200554,1
191,0.9838572144508362,0.7123728394508362,0.9325292706489563,0.2170916348695755,0.0859152302145958,59.79951414465904,0
192,0.9820342808961868,0.7123728394508362,0.9307627081871033,0.2173563316464424,0.08606874942779541,60.10300601273775,0
193,0.9817997962236404,0.7123392820358276,0.9274298548698425,0.2172212228178978,0.08608020097017288,60.40636704862118,0
194,0.9799689948558807,0.7133796215057373,0.9302316904067993,0.21749291568994522,0.08606763184070587,60.72483419626951,1
195,0.9798799455165863,0.7126078009605408,0.9306273460388184,0.21735399216413498,0.0860525518655777,61.02829892933369,0
196,0.9793584197759628,0.7120372653007507,0.9279375672340393,0.21734105050563812,0.08609705418348312,61.33179620653391,0
197,0.9798364341259003,0.7128427028656006,0.9311570525169373,0.2172703593969345,0.08595483750104904,61.63507852703333,0
198,0.9782973527908325,0.7137487530708313,0.9273300170898438,0.2172023132443428,0.08595293760299683,61.95260513573885,1
199,0.9764890074729919,0.7119365930557251,0.9277267456054688,0.21743061393499374,0.08612049371004105,62.25621559470892,0
200,0.9753685146570206,0.7132453918457031,0.9277322292327881,0.2172660529613495,0.08600986748933792,62.55955250561237,0
201,0.9741719663143158,0.7135809659957886,0.9276744723320007,0.21731647104024887,0.08608710765838623,62.86302724480629,0
202,0.9739380925893784,0.7128427028656006,0.9272069931030273,0.21731380373239517,0.08604767918586731,63.166453406214714,0
203,0.9712605029344559,0.7130440473556519,0.9268105626106262,0.21708960086107254,0.08607100695371628,63.46966760605574,0
204,0.9691223055124283,0.7130776047706604,0.9278275370597839,0.21763092279434204,0.08614962548017502,63.77350214123726,0
205,0.971924901008606,0.7137151956558228,0.926093339920044,0.21747533231973648,0.08610806614160538,64.07717532664537,0
206,0.9699694961309433,0.7129433751106262,0.925325334072113,0.21714474260807037,0.08610207587480545,64.38049241155386,0
207,0.9715214818716049,0.7134131789207458,0.9242730140686035,0.21732746064662933,0.08611946552991867,64.6840011626482,0
208,0.9696832001209259,0.7130776047706604,0.9259752631187439,0.2172636017203331,0.08598654717206955,64.98730817437172,0
209,0.9679391086101532,0.7134131789207458,0.9276453852653503,0.21737300604581833,0.08604435622692108,65.29078634828329,0
210,0.9669459462165833,0.715023934841156,0.923693835735321,0.21730367839336395,0.0861203521490097,65.60869167000055,1
211,0.9650256037712097,0.7144870162010193,0.9242395162582397,0.21727550774812698,0.08605235069990158,65.91208186745644,0
212,0.9648100435733795,0.7149903774261475,0.9236311912536621,0.21718670427799225,0.08611243963241577,66.21543768048286,0
213,0.9628798216581345,0.7147890329360962,0.9225653409957886,0.21716848015785217,0.0861792117357254,66.51884565502405,0
214,0.9624159932136536,0.7140843272209167,0.9259785413742065,0.21745606511831284,0.08591252565383911,66.82229685783386,0
215,0.9614324122667313,0.7150911092758179,0.9216351509094238,0.21734832227230072,0.08606303483247757,67.14036879688501,1
216,0.9609451740980148,0.7150911092758179,0.9204836487770081,0.2173139750957489,0.08594129979610443,67.45817262679338,1
217,0.9591453522443771,0.7137151956558228,0.9251233339309692,0.21735919266939163,0.08604393154382706,67.76163602620363,0
218,0.9593425244092941,0.7145205736160278,0.9198476672172546,0.21718313544988632,0.08608369529247284,68.06496132165194,0
219,0.9594180285930634,0.7157287001609802,0.9222590923309326,0.2175525650382042,0.08649600297212601,68.38421006500721,1
220,0.9578481614589691,0.7144199013710022,0.9267136454582214,0.21806184202432632,0.08598877489566803,68.68835809081793,0
221,0.9578860700130463,0.7144199013710022,0.9188086986541748,0.21774494647979736,0.08595909923315048,68.9921257570386,0
222,0.9577787518501282,0.7153931260108948,0.922753095626831,0.21763227880001068,0.08597565442323685,69.2957923039794,0
223,0.9540376663208008,0.7148225903511047,0.9214476346969604,0.21759416908025742,0.08610593527555466,69.59954917430878,0
224,0.9552914947271347,0.7142521142959595,0.9220669269561768,0.21751361340284348,0.08599762618541718,69.90311773121357,0
225,0.9538587629795074,0.7160642743110657,0.918690025806427,0.21751856803894043,0.08595889806747437,70.2205719947815,1
226,0.9525794088840485,0.715527355670929,0.9211785197257996,0.21765104681253433,0.08598245680332184,70.52426604181528,0
227,0.9521691352128983,0.715896487236023,0.919570803642273,0.21754175424575806,0.08606120944023132,70.82793076336384,0
228,0.951825812458992,0.7165005207061768,0.9178956151008606,0.21759115159511566,0.08608075231313705,71.14586967974901,1
229,0.9511208534240723,0.7165676355361938,0.918705940246582,0.21768687665462494,0.08613315224647522,71.46367401629686,1
230,0.9491714686155319,0.7160642743110657,0.9183571338653564,0.21741313487291336,0.08597233146429062,71.7671227157116,0
231,0.9488646388053894,0.7158629298210144,0.920963704586029,0.21769015491008759,0.08605398237705231,72.07092316448689,0
232,0.9490189403295517,0.7157958149909973,0.9180752038955688,0.21756409853696823,0.08604907244443893,72.37459783256054,0
233,0.9478167295455933,0.7160307168960571,0.9195417761802673,0.21755263209342957,0.08599735051393509,72.67821235209703,0
234,0.9457146227359772,0.7164669632911682,0.9171384572982788,0.2176024541258812,0.08609741926193237,72.9819695726037,0
235,0.9447722882032394,0.716701865196228,0.9164245128631592,0.21757935732603073,0.08614562451839447,73.29973060637712,1
236,0.9446278810501099,0.7160642743110657,0.9209645986557007,0.2179115265607834,0.08610312640666962,73.6038202047348,0
237,0.9445228278636932,0.715594470500946,0.9169909954071045,0.21750809997320175,0.08604806661605835,73.90743505209684,0
238,0.9425880908966064,0.7163662910461426,0.9201680421829224,0.2178717777132988,0.08607243001461029,74.21143765002489,0
239,0.9450061023235321,0.7162991762161255,0.9150928258895874,0.2175268530845642,0.08602120727300644,74.51504962146282,0
240,0.9401414543390274,0.7166011929512024,0.9174057245254517,0.21767721325159073,0.08610515296459198,74.81889968365431,0
241,0.942985013127327,0.7169367671012878,0.9216713309288025,0.21763507276773453,0.08592165261507034,75.1372620165348,1
242,0.941923201084137,0.7175743579864502,0.913316011428833,0.2181810885667801,0.08608715236186981,75.45820939540863,1
243,0.941171795129776,0.7183462381362915,0.9147520065307617,0.21844056248664856,0.08610761165618896,75.7775120139122,1
244,0.9401244968175888,0.7164669632911682,0.9204171299934387,0.2178700491786003,0.0861242413520813,76.08159615844488,0
245,0.9384665936231613,0.7168696522712708,0.9133493304252625,0.21766381710767746,0.08610403537750244,76.3854305818677,0
246,0.9374679028987885,0.7188160419464111,0.9142229557037354,0.21818000823259354,0.08615531027317047,76.70689541101456,1
247,0.9369156807661057,0.7167689800262451,0.9174679517745972,0.21775703877210617,0.08609501272439957,77.01082717627287,0
248,0.9361612200737,0.7173394560813904,0.9158149361610413,0.217546246945858,0.086039699614048,77.31448102742434,0
249,0.9380147010087967,0.7173058986663818,0.9189730286598206,0.2181120440363884,0.0861169844865799,77.61877040565014,0
250,0.9364392906427383,0.7165005207061768,0.9141778349876404,0.21756432950496674,0.08623620867729187,77.92265190184116,0
251,0.9352108091115952,0.7175743579864502,0.912827730178833,0.21778860688209534,0.08611895889043808,78.22662786394358,0
252,0.935239627957344,0.7176750898361206,0.9167202711105347,0.21881309896707535,0.08628799766302109,78.53181095421314,0
253,0.9347472637891769,0.7171381115913391,0.9144965410232544,0.2176642045378685,0.08609961718320847,78.83565748482943,0
254,0.9340328276157379,0.717440128326416,0.914116382598877,0.2177838459610939,0.08628829568624496,79.13979708403349,0
255,0.9317930936813354,0.718312680721283,0.9135921597480774,0.2176779881119728,0.08613584190607071,79.44369116425514,0
256,0.9328694194555283,0.7169703245162964,0.9143816232681274,0.21783151477575302,0.08596717566251755,79.74758548289537,0
257,0.9311336576938629,0.7165676355361938,0.9156500101089478,0.21755929291248322,0.08616968244314194,80.05138955265284,0
258,0.9280829578638077,0.7188160419464111,0.9122927784919739,0.21813084930181503,0.08629003167152405,80.37399446964264,1
259,0.929715096950531,0.7184469103813171,0.914379358291626,0.21774080395698547,0.08613946288824081,80.67796886712313,0
260,0.9297502934932709,0.716701865196228,0.9159625172615051,0.21720202267169952,0.08612149208784103,80.98137618601322,0
261,0.9291601777076721,0.7179099917411804,0.9154211282730103,0.21749678254127502,0.08614581823348999,81.28508142381907,0
262,0.9293065816164017,0.7185475826263428,0.9130276441574097,0.21725180745124817,0.0861014574766159,81.58851060271263,0
263,0.9276786744594574,0.7187153697013855,0.9097968935966492,0.21740155667066574,0.08608745038509369,81.89206610620022,0
264,0.9262399524450302,0.7178093194961548,0.9158532023429871,0.21718835830688477,0.08625658601522446,82.19557319581509,0
265,0.9263104647397995,0.7190845012664795,0.909757137298584,0.21734585613012314,0.08607259392738342,82.52357237786055,1
266,0.924238920211792,0.7194200754165649,0.9122086763381958,0.21770889312028885,0.08610198646783829,82.84520972520113,1
267,0.9247184097766876,0.7186482548713684,0.9163926839828491,0.21775168925523758,0.08613374084234238,83.14917905628681,0
268,0.9227925539016724,0.7186146974563599,0.9113632440567017,0.2172609120607376,0.08611994236707687,83.45263137668371,0
269,0.9233143776655197,0.7197220921516418,0.9110807776451111,0.2175319343805313,0.08597060292959213,83.77164943516254,1
270,0.9226587563753128,0.7177086472511292,0.9142208099365234,0.21749499440193176,0.08614048361778259,84.07536355406046,0
271,0.9225458353757858,0.7197892069816589,0.9082595109939575,0.21723932772874832,0.08603797107934952,84.39472852647305,1
272,0.920238271355629,0.7186146974563599,0.9123743772506714,0.217328280210495,0.08611016720533371,84.69822964817286,0
273,0.920781746506691,0.7184469103813171,0.9140071272850037,0.2173265665769577,0.0860673040151596,85.00168494135141,0
274,0.9204150140285492,0.7189838290214539,0.9114214181900024,0.21726270020008087,0.08611422032117844,85.305130392313,0
275,0.92052061855793,0.719118058681488,0.9098446369171143,0.2173326388001442,0.08602430671453476,85.60854804515839,0
276,0.9204046726226807,0.7180777788162231,0.9096450209617615,0.2174982950091362,0.08609675616025925,85.91220688819885,0
277,0.9187281578779221,0.7177757620811462,0.9175360202789307,0.21733999252319336,0.08607976883649826,86.21569024771452,0
278,0.9182082861661911,0.719856321811676,0.9092075824737549,0.2174440696835518,0.08611594140529633,86.53450337052345,1
279,0.9168750792741776,0.7192858457565308,0.9063878655433655,0.2172396257519722,0.08605626970529556,86.83787116408348,0
280,0.9166445583105087,0.7184804677963257,0.9153279066085815,0.21746648102998734,0.08611740916967392,87.14151288568974,0
281,0.9177277684211731,0.7191851735115051,0.9109528064727783,0.2172033190727234,0.08605010062456131,87.44483033567667,0
282,0.9165997207164764,0.7184469103813171,0.9135698080062866,0.21766211092472076,0.08603470772504807,87.7486021220684,0
283,0.9152915179729462,0.7189502716064453,0.9117620587348938,0.21714777499437332,0.08606741577386856,88.05189377069473,0
284,0.9140907227993011,0.7189167141914368,0.9084417819976807,0.21754249185323715,0.08610627800226212,88.35560964047909,0
285,0.9141982048749924,0.7181448936462402,0.9140354990959167,0.21734698116779327,0.08612999320030212,88.65914879739285,0
286,0.9137794524431229,0.72022545337677,0.9057425856590271,0.21743227541446686,0.0860302671790123,88.97727938741446,1
287,0.9122633337974548,0.7172723412513733,0.9115023612976074,0.21765046566724777,0.08612490445375443,89.28113480657339,0
288,0.9114641100168228,0.7189838290214539,0.9149381518363953,0.2174326851963997,0.0860646590590477,89.58469790965319,0
289,0.9096276760101318,0.7197892069816589,0.9066619277000427,0.21734457463026047,0.08604831248521805,89.88815978914499,0
290,0.910781979560852,0.7190845012664795,0.911124050617218,0.21741267293691635,0.08615891635417938,90.1917949989438,0
291,0.9106585532426834,0.7186146974563599,0.9140151739120483,0.2178257405757904,0.08608312904834747,90.4957974627614,0
292,0.9088566154241562,0.7200576663017273,0.9056996703147888,0.21762646734714508,0.08608391880989075,90.79960621893406,0
293,0.9099074751138687,0.7184469103813171,0.9132736325263977,0.21736343950033188,0.08600470423698425,91.10304675251245,0
294,0.9084020406007767,0.7196549773216248,0.910393476486206,0.21722588688135147,0.08615490049123764,91.4065002053976,0
295,0.9095990359783173,0.7193194031715393,0.9087927937507629,0.21724922955036163,0.08598925173282623,91.70980121195316,0
296,0.9074660092592239,0.7195543050765991,0.9102382063865662,0.21722833812236786,0.08604170382022858,92.01313731819391,0
297,0.9059426933526993,0.7190173864364624,0.9096457362174988,0.21705281734466553,0.08602558076381683,92.31628006696701,0
298,0.9062108397483826,0.7196549773216248,0.9088582396507263,0.21768222749233246,0.08602705597877502,92.62006562203169,0
299,0.9051095992326736,0.7203933000564575,0.9092041850090027,0.21804210543632507,0.08623220771551132,92.94511630386114,1
300,0.9029896855354309,0.7200912237167358,0.9073628187179565,0.21839424222707748,0.0863964781165123,93.24999655038118,0
301,0.9039061218500137,0.7199905514717102,0.9117941856384277,0.21745803952217102,0.08600275963544846,93.55357172340155,0
302,0.9036033302545547,0.7195878624916077,0.9083817601203918,0.21755046397447586,0.08611782640218735,93.85729399323463,0
303,0.9048741906881332,0.7202925682067871,0.9088942408561707,0.21768507361412048,0.08613184839487076,94.16116241365671,0
304,0.904675081372261,0.7193865180015564,0.9098252058029175,0.21751302480697632,0.08609019964933395,94.4648392945528,0
305,0.9013938158750534,0.7197892069816589,0.9068695306777954,0.21736077964305878,0.08606234192848206,94.7683262526989,0
306,0.9053688794374466,0.7197892069816589,0.9085130095481873,0.21745145320892334,0.08605968207120895,95.07189218699932,0
307,0.9018395096063614,0.7204604148864746,0.9087027907371521,0.21741776168346405,0.08611660450696945,95.39048700779676,1
308,0.9009011089801788,0.7193529605865479,0.9104017615318298,0.2175711840391159,0.08595075458288193,95.69406916201115,0
309,0.9002681523561478,0.7209637761116028,0.9023208022117615,0.21776743233203888,0.08592954277992249,96.01169058680534,1
310,0.900337353348732,0.7205946445465088,0.9088675379753113,0.2175966277718544,0.08603991568088531,96.31539392471313,0
311,0.8998602479696274,0.7193194031715393,0.9141905903816223,0.2175086885690689,0.0859958678483963,96.61895432323217,0
312,0.899820014834404,0.720728874206543,0.9049397706985474,0.21771424263715744,0.0860993042588234,96.92282428592443,0
313,0.8976937532424927,0.7214000225067139,0.9057509899139404,0.21740315109491348,0.08609431982040405,97.24280727654696,1
314,0.8982812613248825,0.7202590107917786,0.9090979099273682,0.21758489310741425,0.08607062697410583,97.54652104526758,0
315,0.8971070498228073,0.7194536328315735,0.9088391065597534,0.21754802763462067,0.08600866794586182,97.8501345217228,0
316,0.8972597569227219,0.7209302186965942,0.90737384557724,0.21751034259796143,0.08613386005163193,98.15384092181921,0
317,0.8967225551605225,0.7208295464515686,0.9059065580368042,0.2174532413482666,0.08595341444015503,98.45729867368937,0
318,0.8969188779592514,0.7210644483566284,0.9049041867256165,0.21751394122838974,0.08599471300840378,98.76086288690567,0
319,0.8958233445882797,0.7214000225067139,0.907355785369873,0.21751521527767181,0.08612518757581711,99.06456009298563,0
320,0.8949780166149139,0.7204268574714661,0.9077157378196716,0.21833284944295883,0.0860988199710846,99.36910280585289,0
321,0.8935889899730682,0.720728874206543,0.9076530933380127,0.21767744421958923,0.08609885722398758,99.67296443879604,0
322,0.893429696559906,0.7212993502616882,0.9080188274383545,0.2173975482583046,0.0860644206404686,99.9764961078763,0
323,0.8934607207775116,0.7206953167915344,0.9073089957237244,0.2174382358789444,0.0860108807682991,100.28000229597092,0
324,0.8925428837537766,0.721467137336731,0.904937207698822,0.2174769714474678,0.08615605533123016,100.59743618965149,1
325,0.8924279659986496,0.7206617593765259,0.9094515442848206,0.21821413934230804,0.08619654178619385,100.9019198641181,0
326,0.8922289460897446,0.7212993502616882,0.9058527946472168,0.217653326690197,0.0859980583190918,101.2056827917695,0
327,0.8927895873785019,0.7225074172019958,0.904563844203949,0.2172946259379387,0.08605135232210159,101.52388015389442,1
328,0.8908384591341019,0.7208631038665771,0.9088113903999329,0.21814776211977005,0.0861794725060463,101.82831803709269,0
329,0.8909657597541809,0.7205946445465088,0.9038217067718506,0.21735988557338715,0.08599648624658585,102.13175597041845,0
330,0.8896393775939941,0.7216349244117737,0.9066609144210815,0.2173760011792183,0.08607624471187592,102.43527311086655,0
331,0.8890436142683029,0.7218027114868164,0.9066510200500488,0.21828921139240265,0.08626259118318558,102.7398819476366,0
332,0.8896074891090393,0.721903383731842,0.9053406119346619,0.2173984944820404,0.0861024558544159,103.04344142973423,0
333,0.890273243188858,0.7221047282218933,0.9052371382713318,0.21769440919160843,0.08599506318569183,103.34720484167337,0
334,0.8877565413713455,0.7215006947517395,0.9050812125205994,0.21743784099817276,0.08608512580394745,103.65078127384186,0
335,0.8881726562976837,0.7209973335266113,0.907499372959137,0.21756350249052048,0.08607731014490128,103.95447854697704,0
336,0.8898506164550781,0.7218027114868164,0.9070035219192505,0.21784668415784836,0.08645237237215042,104.25883836299181,0
337,0.8859935700893402,0.722272515296936,0.9052950739860535,0.21847690641880035,0.0859890952706337,104.56345199048519,0
338,0.8862611353397369,0.7223060727119446,0.9038920998573303,0.2175987809896469,0.08599698543548584,104.86710395663977,0
339,0.887010395526886,0.722205400466919,0.9040868282318115,0.21857233345508575,0.08617379516363144,105.17191036045551,0
340,0.8858361840248108,0.7214335799217224,0.909064769744873,0.21751690655946732,0.08615060895681381,105.47565110772848,0
341,0.8833787143230438,0.7209973335266113,0.9067079424858093,0.21755270659923553,0.08609546720981598,105.77936287224293,0
342,0.8838914930820465,0.7220376133918762,0.9037123322486877,0.21755149215459824,0.08596868813037872,106.08297008275986,0
343,0.8852816075086594,0.7224067449569702,0.9047479629516602,0.21843581646680832,0.08610182255506516,106.3875694796443,0
344,0.8837640583515167,0.722272515296936,0.9044500589370728,0.21771400421857834,0.08605141937732697,106.691395573318,0
345,0.8838351517915726,0.720728874206543,0.9096882343292236,0.21763932704925537,0.08604945987462997,106.99515952169895,0
346,0.8822902292013168,0.7216013669967651,0.9045191407203674,0.2176622524857521,0.08607304096221924,107.2989614829421,0
347,0.8823778927326202,0.7232792973518372,0.9041253924369812,0.2176319733262062,0.08606663346290588,107.61652548611164,1
348,0.8810278624296188,0.722205400466919,0.908957839012146,0.21765288710594177,0.08612153679132462,107.92036654055119,0
349,0.8807333707809448,0.7222389578819275,0.9042553901672363,0.21756647527217865,0.08609291166067123,108.22409642487764,0
350,0.8788679838180542,0.72264164686203,0.9042295813560486,0.21756109595298767,0.0861172303557396,108.5278542265296,0
351,0.8804098516702652,0.722205400466919,0.9045891165733337,0.21741633117198944,0.0859316810965538,108.8312674537301,0
352,0.8793944269418716,0.7226752042770386,0.9065783023834229,0.2176201120018959,0.0860021561384201,109.13494496047497,0
353,0.8782991170883179,0.7226752042770386,0.9036458134651184,0.2181713730096817,0.08623700588941574,109.43941516429186,0
354,0.8792867958545685,0.7209637761116028,0.9090662002563477,0.21748851984739304,0.08601931482553482,109.7429948747158,0
355,0.8807833939790726,0.7234806418418884,0.9031100869178772,0.21750763803720474,0.08612234890460968,110.06045687198639,1
356,0.877044141292572,0.7224067449569702,0.9040540456771851,0.2175561860203743,0.08615504205226898,110.3642278984189,0
357,0.8777182847261429,0.7217020392417908,0.9075977802276611,0.2174934521317482,0.08603876829147339,110.66781608015299,0
358,0.8779143840074539,0.7238497734069824,0.9037137627601624,0.21835176646709442,0.08615586161613464,110.98585307598114,1
359,0.8779563158750534,0.7211315631866455,0.9072760939598083,0.2177368551492691,0.08609279245138168,111.28974636644125,0
360,0.8769025206565857,0.722272515296936,0.9069287776947021,0.21769540756940842,0.08600909262895584,111.59351286292076,0
361,0.877795547246933,0.723514199256897,0.9019162654876709,0.21760136634111404,0.08662193268537521,111.89781502634287,0
362,0.8765671998262405,0.722272515296936,0.9081772565841675,0.21892374753952026,0.08618351817131042,112.20320089161396,0
363,0.8751233965158463,0.7224738597869873,0.9057909250259399,0.21762621402740479,0.08599205315113068,112.50689278542995,0
364,0.8738894164562225,0.7228765487670898,0.9026021957397461,0.2177276909351349,0.08606504648923874,112.81077242642641,0
365,0.873470276594162,0.7227758765220642,0.9040328860282898,0.21750807762145996,0.08597828447818756,113.11431640386581,0
366,0.8751295804977417,0.7232121825218201,0.9042097926139832,0.2175734043121338,0.08609316498041153,113.41803365200758,0
367,0.8735982179641724,0.7219704985618591,0.9058014154434204,0.21739018708467484,0.08615745604038239,113.7216309607029,0
368,0.8721674531698227,0.7222389578819275,0.910100519657135,0.21770446747541428,0.08601854741573334,114.02542022615671,0
369,0.8729368150234222,0.7232121825218201,0.9042637944221497,0.21743004024028778,0.08609738945960999,114.329015776515,0
370,0.8715029358863831,0.7232121825218201,0.9022034406661987,0.2172711342573166,0.08609593659639359,114.63243740051985,0
371,0.8697840571403503,0.7228429913520813,0.9068795442581177,0.21768595278263092,0.08608463406562805,114.93628493696451,0
372,0.8711957484483719,0.7231115102767944,0.9056397676467896,0.21757687628269196,0.08617457002401352,115.24009500443935,0
373,0.8709112256765366,0.7229101061820984,0.9049621820449829,0.21735887974500656,0.08604724705219269,115.54355698078871,0
374,0.8701782524585724,0.7231115102767944,0.9024070501327515,0.2176339328289032,0.08605031669139862,115.84729515016079,0
375,0.8697092980146408,0.7229101061820984,0.9058212041854858,0.21756059676408768,0.08627042174339294,116.1511778011918,0
376,0.8696873188018799,0.7239504456520081,0.9058389663696289,0.217598058283329,0.08602212369441986,116.47341650724411,1
377,0.8688194155693054,0.7232792973518372,0.9025908708572388,0.2178388610482216,0.08605130016803741,116.77738282084465,0
378,0.8695632815361023,0.7232457399368286,0.9016684293746948,0.21884116530418396,0.08621290326118469,117.0824992582202,0
379,0.8682899326086044,0.723145067691803,0.911916196346283,0.21764841675758362,0.086125947535038,117.38634310662746,0
380,0.8673895448446274,0.7243866920471191,0.9010812044143677,0.21826428920030594,0.0862152948975563,117.70498444139957,1
381,0.8673850744962692,0.7234135270118713,0.8998210430145264,0.2174965664744377,0.08596527576446533,118.00852233171463,0
382,0.8670733720064163,0.7214000225067139,0.9096531867980957,0.21820921450853348,0.08598729968070984,118.31278724223375,0
383,0.8663056045770645,0.7229772806167603,0.9045706987380981,0.21823077648878098,0.08610675483942032,118.61718330532312,0
384,0.8663223087787628,0.7239168882369995,0.9012675285339355,0.21789229661226273,0.08600346744060516,118.92116435617208,0
385,0.8653448224067688,0.7232792973518372,0.9065260291099548,0.21755483001470566,0.08599024266004562,119.22477155178785,0
386,0.8650051355361938,0.7239840030670166,0.9026526808738708,0.21834993362426758,0.08618084341287613,119.52936351299286,0
387,0.8644897937774658,0.7232792973518372,0.9039085507392883,0.21719994395971298,0.08610551804304123,119.83277889341116,0
388,0.8659206628799438,0.7237155437469482,0.9062328338623047,0.2171545922756195,0.08595303446054459,120.1359426677227,0
389,0.8636930882930756,0.7240846753120422,0.9030545949935913,0.21724293380975723,0.08612419664859772,120.43936765193939,0
390,0.8643241077661514,0.7227423191070557,0.9074832797050476,0.21713877469301224,0.08595411479473114,120.74251528084278,0
391,0.8635188639163971,0.723514199256897,0.9043260216712952,0.21714284271001816,0.08617021143436432,121.04587932676077,0
392,0.862440899014473,0.7247893810272217,0.9029957056045532,0.21719936281442642,0.08601731806993484,121.36329048871994,1
393,0.8635251820087433,0.7237155437469482,0.9065574407577515,0.21721752732992172,0.08611606061458588,121.6666866093874,0
394,0.863873228430748,0.7232121825218201,0.9034495949745178,0.2172330543398857,0.08600515127182007,121.969981148839,0
395,0.8615614324808121,0.7232121825218201,0.9073491096496582,0.217218279838562,0.08606020361185074,122.27331610023975,0
396,0.8629938811063766,0.723883330821991,0.9008933901786804,0.21786947548389435,0.08618413656949997,122.5774302482605,0
397,0.8627981394529343,0.7234470844268799,0.9039109945297241,0.21743086725473404,0.08609439432621002,122.88101414591074,0
398,0.8614578545093536,0.7237491011619568,0.9061377644538879,0.2170584499835968,0.08594674617052078,123.18406894803047,0
399,0.8606217056512833,0.7232792973518372,0.902942955493927,0.21724820882081985,0.08608201891183853,123.48745623975992,0
400,0.8614595681428909,0.7234470844268799,0.9035728573799133,0.21726691722869873,0.08603216707706451,123.79081132262945,0
401,0.8586032688617706,0.7236484289169312,0.9027406573295593,0.21724597364664078,0.08600756525993347,124.0941152125597,0
402,0.8601157069206238,0.7239840030670166,0.9020341634750366,0.2172061800956726,0.0859985426068306,124.39738330990076,0
403,0.8588767796754837,0.7226752042770386,0.9036995768547058,0.21727679669857025,0.08605773746967316,124.70077461004257,0
404,0.8608352392911911,0.724319577217102,0.9044403433799744,0.21712496876716614,0.08591919392347336,125.00387354940176,0
405,0.8594167679548264,0.72505784034729,0.9018478989601135,0.21760743856430054,0.08602301776409149,125.32448183745146,1
406,0.8598905056715012,0.7244873642921448,0.9027218222618103,0.2173418328166008,0.08599909394979477,125.62789637595415,0
407,0.858033761382103,0.7236819863319397,0.9082857966423035,0.217179074883461,0.08607365190982819,125.9312168136239,0
408,0.8579534888267517,0.723883330821991,0.9010032415390015,0.21734875440597534,0.0859445184469223,126.23456656932831,0
409,0.8563570529222488,0.7251920700073242,0.9026556611061096,0.21724562346935272,0.08613196760416031,126.55218854546547,1
410,0.8560515940189362,0.7248564958572388,0.9047315716743469,0.21729470789432526,0.0859544575214386,126.85549908131361,0
411,0.8569515198469162,0.7252256274223328,0.9026334881782532,0.21738175302743912,0.08611658960580826,127.17341889441013,1
412,0.8548011481761932,0.7239168882369995,0.9043967127799988,0.21712974458932877,0.08597984164953232,127.47659809142351,0
413,0.8541469275951385,0.7232792973518372,0.9091008901596069,0.21743662655353546,0.08608953654766083,127.7801967933774,0
414,0.8571310788393021,0.7249236106872559,0.9014960527420044,0.21728964895009995,0.08599580079317093,128.08354567736387,0
415,0.8548028469085693,0.7239504456520081,0.9045014977455139,0.2173139750957489,0.08603975921869278,128.3869690001011,0
416,0.8548506796360016,0.7237826585769653,0.9057397246360779,0.21741022169589996,0.08614878356456757,128.69059932231903,0
417,0.8534577935934067,0.7247222661972046,0.9014748930931091,0.21753095835447311,0.0861537978053093,128.9943624213338,0
418,0.8525215685367584,0.722205400466919,0.9071881771087646,0.21733202040195465,0.08614633232355118,129.29790907353163,0
419,0.8549776375293732,0.7242189049720764,0.903223991394043,0.2176872044801712,0.08624402433633804,129.60192692279816,0
420,0.8536054193973541,0.724319577217102,0.9024338722229004,0.21749677509069443,0.08611369878053665,129.9056397229433,0
421,0.8525244146585464,0.7241853475570679,0.9030531644821167,0.21716278046369553,0.0860753059387207,130.2089426741004,0
422,0.8537338227033615,0.724621593952179,0.9039703607559204,0.21731719374656677,0.0862235426902771,130.51254595071077,0
423,0.8528808504343033,0.7251920700073242,0.9040011167526245,0.21720460057258606,0.08597416430711746,130.81579622626305,0
424,0.8532023280858994,0.7247222661972046,0.9025322794914246,0.21735232323408127,0.08592646569013596,131.1191347166896,0
425,0.8531220853328705,0.7243531346321106,0.903109073638916,0.21718353778123856,0.08616332709789276,131.42254449427128,0
426,0.8507781773805618,0.7248229384422302,0.9074090123176575,0.2174936681985855,0.08606530725955963,131.72617632895708,0
427,0.8502097725868225,0.7239840030670166,0.9035247564315796,0.21803081780672073,0.08628131449222565,132.03054601699114,0
428,0.8492391407489777,0.72505784034729,0.9021471738815308,0.21739117801189423,0.08603902161121368,132.3340439349413,0
429,0.8494360744953156,0.7247893810272217,0.906492292881012,0.21768756210803986,0.08596652746200562,132.63776229321957,0
430,0.8493213802576065,0.7240846753120422,0.9057624936103821,0.21722669154405594,0.08608204126358032,132.94114853441715,0
431,0.8480650782585144,0.725426971912384,0.9048181176185608,0.21817949414253235,0.08611210435628891,133.26030667871237,1
432,0.8499213606119156,0.7249571681022644,0.9021129608154297,0.2174277901649475,0.08602792769670486,133.56382889300585,0
433,0.8473949879407883,0.7247893810272217,0.9043394327163696,0.21761012822389603,0.08620354533195496,133.8677122965455,0
434,0.8476497232913971,0.7250242829322815,0.9052790403366089,0.2174566611647606,0.08608539402484894,134.17133028805256,0
435,0.8470398336648941,0.7249236106872559,0.9028745889663696,0.21746478229761124,0.08613943308591843,134.47499760985374,0
436,0.8467743098735809,0.7247222661972046,0.9056180715560913,0.21760133653879166,0.08605453372001648,134.7787813320756,0
437,0.8460871428251266,0.7257290482521057,0.901555061340332,0.2174420952796936,0.08616574108600616,135.09684098511934,1
438,0.8476811200380325,0.7250242829322815,0.9010714292526245,0.21728041768074036,0.0860043317079544,135.40019860863686,0
439,0.8481792658567429,0.7237491011619568,0.9084163308143616,0.21762026846408844,0.08606002479791641,135.70393155515194,0
440,0.8452423512935638,0.7254940867424011,0.9030652046203613,0.2172832041978836,0.0859747976064682,136.00727313011885,0
441,0.8461920917034149,0.7253262996673584,0.9023957848548889,0.21761398017406464,0.08606144785881042,136.3110344260931,0
442,0.8452183455228806,0.7236484289169312,0.9098729491233826,0.21813984215259552,0.08608999103307724,136.61531897634268,0
443,0.8453328162431717,0.725930392742157,0.9013356566429138,0.2176792025566101,0.08611222356557846,136.93576835095882,1
444,0.8442922085523605,0.7250913977622986,0.9011600017547607,0.217734195291996,0.08599378913640976,137.23959177732468,0
445,0.8453456461429596,0.7244873642921448,0.9063879251480103,0.21737823635339737,0.08599261194467545,137.54303160309792,0
446,0.8434543013572693,0.724252462387085,0.9042876958847046,0.21729370951652527,0.08596271276473999,137.8463503047824,0
447,0.8422037810087204,0.7251585125923157,0.904639720916748,0.2185613363981247,0.08629559725522995,138.15127200633287,0
448,0.8440962731838226,0.7252927422523499,0.9014977216720581,0.2178187593817711,0.08610060811042786,138.4552837461233,0
449,0.8424319922924042,0.7245544791221619,0.9082961082458496,0.21736660599708557,0.08649052679538727,138.7592175528407,0
450,0.8431587666273117,0.724621593952179,0.9086082577705383,0.21796680241823196,0.0860203430056572,139.0633224248886,0
451,0.8435733318328857,0.725930392742157,0.8985758423805237,0.2173999324440956,0.08599961549043655,139.38139586895704,1
452,0.8429566472768784,0.7234135270118713,0.9094081521034241,0.21714020520448685,0.08611626923084259,139.68471341580153,0
453,0.8430821597576141,0.724319577217102,0.906219482421875,0.21728955209255219,0.08590681105852127,139.98796694725752,0
454,0.839979737997055,0.7253598570823669,0.8997440934181213,0.21716582030057907,0.08604423701763153,140.29123318195343,0
455,0.8396713733673096,0.7236148715019226,0.9114959836006165,0.21734695881605148,0.08604739606380463,140.59468515962362,0
456,0.841038703918457,0.7241853475570679,0.9073008298873901,0.2174261137843132,0.0860762670636177,140.89824594557285,0
457,0.8412114679813385,0.726668655872345,0.8993451595306396,0.21712840348482132,0.08593916893005371,141.21583572775126,1
458,0.8417999744415283,0.7250242829322815,0.9104395508766174,0.21745245158672333,0.0861213281750679,141.51947633177042,0
459,0.840792253613472,0.7239840030670166,0.9084613919258118,0.21719002723693848,0.08597655594348907,141.82270964235067,0
460,0.8392564058303833,0.7252256274223328,0.9007295370101929,0.2172735556960106,0.08603600412607193,142.12607523053885,0
461,0.8392616510391235,0.7256619334220886,0.9052392840385437,0.21728906780481339,0.08600795269012451,142.4294296503067,0
462,0.8395614922046661,0.7244873642921448,0.9058305621147156,0.2171795666217804,0.08599098026752472,142.73265981674194,0
463,0.8391688019037247,0.7250913977622986,0.9015952944755554,0.21801037341356277,0.08606960624456406,143.0367986485362,0
464,0.8409134745597839,0.7254940867424011,0.9065012335777283,0.21705807000398636,0.08602216094732285,143.33993633836508,0
465,0.837739959359169,0.7252591848373413,0.9076588153839111,0.217408649623394,0.08612223714590073,143.64352533966303,0
466,0.8368719667196274,0.7251249551773071,0.9045815467834473,0.21779244393110275,0.08614256232976913,143.94757126271725,0
467,0.836756557226181,0.7262659668922424,0.9032463431358337,0.21778621524572372,0.08606638014316559,144.25152429193258,0
468,0.8367532193660736,0.7255612015724182,0.9045014381408691,0.2173941433429718,0.08610960841178894,144.5551080033183,0
469,0.8366474509239197,0.7244202494621277,0.9087943434715271,0.21729373186826706,0.0861656665802002,144.85862544178963,0
470,0.8368895202875137,0.7262659668922424,0.9010858535766602,0.21734343469142914,0.086140476167202,145.1621857881546,0
471,0.8376440852880478,0.7259639501571655,0.9025350213050842,0.21729837357997894,0.085971899330616,145.4655079320073,0
472,0.8359594792127609,0.7251585125923157,0.9098111391067505,0.21721472591161728,0.08607892692089081,145.76886079460382,0
473,0.8364942371845245,0.7261988520622253,0.9021321535110474,0.21734744310379028,0.08602022379636765,146.07228484004736,0
474,0.8348653763532639,0.7257290482521057,0.9055673480033875,0.21736115962266922,0.08612579107284546,146.37582989037037,0
475,0.8350451737642288,0.7249236106872559,0.9071593284606934,0.21731644868850708,0.0860760286450386,146.67927840352058,0
476,0.8363024443387985,0.7258632779121399,0.9014042019844055,0.21708981692790985,0.08612094819545746,146.98254228383303,0
477,0.8324603736400604,0.7254605293273926,0.9080286026000977,0.21699261665344238,0.0860864520072937,147.28567852079868,0
478,0.8346982449293137,0.7258297204971313,0.9045425057411194,0.2171383872628212,0.08596612513065338,147.5888333544135,0
479,0.832522451877594,0.7256619334220886,0.9025022387504578,0.21721827238798141,0.0861249566078186,147.89223022013903,0
480,0.8344919979572296,0.7255947589874268,0.9082622528076172,0.21727652847766876,0.0859960988163948,148.19555810838938,0
481,0.8332952260971069,0.7249236106872559,0.9044503569602966,0.21731939911842346,0.08614788204431534,148.49908451735973,0
482,0.835061714053154,0.7257626056671143,0.9034439325332642,0.2171178236603737,0.08613196760416031,148.80239792913198,0
483,0.8324560672044754,0.7244538068771362,0.9087432622909546,0.2171100601553917,0.08621671050786972,149.10577449202538,0
484,0.8345576226711273,0.7252927422523499,0.9029859304428101,0.21885645389556885,0.08641726523637772,149.41111329942942,0
485,0.8326412290334702,0.7260981798171997,0.9032713770866394,0.2178967371582985,0.08607123792171478,149.71521673351526,0
486,0.8332504779100418,0.724688708782196,0.9056695103645325,0.21789037436246872,0.08608187735080719,150.01927358657122,0
487,0.8318662047386169,0.7249571681022644,0.9078553318977356,0.21796680241823196,0.08615991473197937,150.32347958534956,0
488,0.8323444575071335,0.726299524307251,0.9028345942497253,0.21765131503343582,0.08609183877706528,150.62730353325605,0
489,0.8324031829833984,0.7249236106872559,0.9082252383232117,0.21787887811660767,0.08610882610082626,150.9313564002514,0
490,0.8308684974908829,0.7260310649871826,0.903620719909668,0.2184566631913185,0.08635589480400085,151.23624880611897,0
491,0.830919474363327,0.7268700003623962,0.9014387130737305,0.21818026900291443,0.08609205484390259,151.5550284087658,1
492,0.8297397047281265,0.7251585125923157,0.9053717851638794,0.2186664119362831,0.08611081540584564,151.85989801585674,0
493,0.8298748582601547,0.7253598570823669,0.9077461957931519,0.21755791455507278,0.08605215698480606,152.16358207166195,0
494,0.8287072330713272,0.7260646224021912,0.9064473509788513,0.21770761907100677,0.08605412393808365,152.46740543097258,0
495,0.8285975158214569,0.7252927422523499,0.9020847678184509,0.21775482594966888,0.08629492670297623,152.77156709879637,0
496,0.8302136063575745,0.7254605293273926,0.9065187573432922,0.21844840794801712,0.08602888882160187,153.0761625096202,0
497,0.8311374634504318,0.7251585125923157,0.9089429378509521,0.21798644214868546,0.08615444600582123,153.38039535284042,0
498,0.8286050409078598,0.7267693281173706,0.9056737422943115,0.21749217808246613,0.08603042364120483,153.6840279996395,0
499,0.8277180194854736,0.7261988520622253,0.9024233222007751,0.21728473156690598,0.0861133262515068,153.98748557269573,0
500,0.828112855553627,0.7260646224021912,0.9076178669929504,0.21815399080514908,0.08611553907394409,154.291810631752,0
501,0.8279409110546112,0.7258632779121399,0.9095874428749084,0.2174331545829773,0.08609560877084732,154.59539677202702,0
502,0.8289311528205872,0.727104902267456,0.8992937803268433,0.21739421039819717,0.08621972054243088,154.9131307527423,1
503,0.8272150605916977,0.7270713448524475,0.8994356393814087,0.21724262088537216,0.08593697100877762,155.21637630462646,0
504,0.8270768970251083,0.7254605293273926,0.9116259813308716,0.21755163371562958,0.08606358617544174,155.52006077766418,0
505,0.8289971649646759,0.7251585125923157,0.9034165143966675,0.2173757553100586,0.08613624423742294,155.82364836335182,0
506,0.8277067542076111,0.7265679836273193,0.9062688946723938,0.21730276942253113,0.08607465773820877,156.12708524614573,0
507,0.8252371698617935,0.7262659668922424,0.9052680730819702,0.21732986718416214,0.08614759147167206,156.43062122166157,0
508,0.8246339708566666,0.7259639501571655,0.903792679309845,0.21765578538179398,0.08595073968172073,156.73435606062412,0
509,0.8261600881814957,0.727776050567627,0.906501293182373,0.21723929792642593,0.08612018823623657,157.05181549489498,1
510,0.8259236067533493,0.725426971912384,0.9097351431846619,0.21726977080106735,0.0860067829489708,157.3551634028554,0
511,0.8262385129928589,0.7269035577774048,0.9058915376663208,0.21730074286460876,0.08596950769424438,157.65848963707685,0
512,0.8250208050012589,0.726668655872345,0.9021029472351074,0.21732113510370255,0.08607981353998184,157.96194551885128,0
513,0.8258533477783203,0.72505784034729,0.9062649011611938,0.21726743131875992,0.08608406782150269,158.26535189896822,0
514,0.8241324573755264,0.7257961630821228,0.9057034850120544,0.21782291680574417,0.08623243868350983,158.56945970654488,0
515,0.8256633132696152,0.7267693281173706,0.904736340045929,0.21725937724113464,0.08607432246208191,158.8728500008583,0
516,0.8246628195047379,0.7267022132873535,0.90580815076828,0.21743310242891312,0.08613158762454987,159.1764749661088,0
517,0.8235271871089935,0.7268364429473877,0.9025419354438782,0.21807143837213516,0.08607090264558792,159.48069429397583,0
518,0.82383893430233,0.7264337539672852,0.9060338139533997,0.2175692468881607,0.08595515042543411,159.7843264117837,0
519,0.8204895853996277,0.7255276441574097,0.9064816236495972,0.21739552170038223,0.08605030179023743,160.08784547448158,0
520,0.8229383081197739,0.7270713448524475,0.9053771495819092,0.2173174023628235,0.0858968123793602,160.39113787561655,0
521,0.8209662586450577,0.7261317372322083,0.9084388613700867,0.21728622913360596,0.08603260666131973,160.6945232078433,0
522,0.8240722715854645,0.7259975075721741,0.905834436416626,0.2173256352543831,0.08601223677396774,160.99794672429562,0
523,0.8233729898929596,0.7265679836273193,0.9030119776725769,0.21771366894245148,0.08607776463031769,161.3018071502447,0
524,0.8241314888000488,0.725930392742157,0.9073362946510315,0.2171904593706131,0.08610308170318604,161.6051703095436,0
525,0.8215474486351013,0.7258632779121399,0.9056215882301331,0.21731729060411453,0.08609500527381897,161.90864979475737,0
526,0.8219598084688187,0.7262659668922424,0.906883716583252,0.21713636070489883,0.08600856363773346,162.2118595689535,0
527,0.820636048913002,0.7261988520622253,0.9055808186531067,0.21722758561372757,0.08610561490058899,162.51526161283255,0
528,0.8215994536876678,0.7267693281173706,0.9061444997787476,0.21739159524440765,0.08608650416135788,162.81882578879595,0
529,0.8198274672031403,0.7269706726074219,0.904697597026825,0.21715471893548965,0.08601310104131699,163.1220543384552,0
530,0.8213601261377335,0.7258297204971313,0.9066013693809509,0.2171856164932251,0.08611730486154556,163.42541885375977,0
531,0.822071373462677,0.7259975075721741,0.9025856256484985,0.21751119196414948,0.08614025264978409,163.72912852466106,0
532,0.8195421546697617,0.7264673113822937,0.9058334231376648,0.21714678406715393,0.0861349031329155,164.0324795395136,0
533,0.8201603144407272,0.7264001965522766,0.9081870913505554,0.21732887625694275,0.08600892126560211,164.3358737230301,0
534,0.8188919723033905,0.7255276441574097,0.9024190306663513,0.2174104005098343,0.08598408102989197,164.63934332877398,0
535,0.8206330686807632,0.727104902267456,0.9051114320755005,0.2175232544541359,0.0861155241727829,164.94304852932692,0
536,0.8177088499069214,0.7264337539672852,0.9075501561164856,0.21749984472990036,0.08625596761703491,165.24689292907715,0
537,0.8177515119314194,0.7257290482521057,0.9051921367645264,0.2174663171172142,0.08602143079042435,165.5504607707262,0
538,0.820349782705307,0.7267693281173706,0.9062998294830322,0.21743416786193848,0.08622360974550247,165.85418909043074,0
539,0.8189277052879333,0.7278096079826355,0.9020535945892334,0.21732140332460403,0.08607915043830872,166.1728667318821,1
540,0.817452609539032,0.7272726893424988,0.9051001071929932,0.21753494441509247,0.08614055812358856,166.47660756856203,0
541,0.8151843696832657,0.7267357707023621,0.9087800979614258,0.21726933121681213,0.08622141927480698,166.7801648452878,0
542,0.8165632039308548,0.726299524307251,0.9022517800331116,0.2175792083144188,0.08621105551719666,167.08401423692703,0
543,0.8155547976493835,0.72747403383255,0.9058311581611633,0.2175690308213234,0.08601943403482437,167.38767138123512,0
544,0.8161172866821289,0.7270713448524475,0.9097390174865723,0.2172614112496376,0.08611922711133957,167.69111397862434,0
545,0.8156628757715225,0.7261317372322083,0.9067661166191101,0.21727674454450607,0.08611725270748138,167.99456590414047,0
546,0.8158529698848724,0.7280109524726868,0.9040148258209229,0.21885864436626434,0.08621697872877121,168.31461492180824,1
547,0.8179728537797928,0.7278096079826355,0.9045765399932861,0.2176506444811821,0.08610820025205612,168.61846704035997,0
548,0.8159343153238297,0.7271384596824646,0.9081901907920837,0.21748565882444382,0.08597968518733978,168.92201686650515,0
549,0.8161416798830032,0.7265344262123108,0.9041233658790588,0.21736426651477814,0.0859849601984024,169.2254238501191,0
550,0.8147380203008652,0.7281116247177124,0.9052616953849792,0.2172618955373764,0.08613128960132599,169.54285418242216,1
551,0.8134602159261703,0.7273062467575073,0.9087520241737366,0.21738144755363464,0.08598512411117554,169.8463040739298,0
552,0.8152121901512146,0.7271720170974731,0.9018390774726868,0.21730783581733704,0.0861668586730957,170.14983268082142,0
553,0.814131036400795,0.7264001965522766,0.9054877161979675,0.21748542040586472,0.08601606637239456,170.45339013636112,0
554,0.814887061715126,0.7270713448524475,0.9079008102416992,0.21727675199508667,0.08607753366231918,170.7568008005619,0
555,0.8111890405416489,0.7288163900375366,0.9066102504730225,0.2170947939157486,0.08609706163406372,171.07369336485863,1
556,0.8123531490564346,0.7278767228126526,0.9065818190574646,0.21720899641513824,0.0860668495297432,171.37702564150095,0
557,0.8114527612924576,0.7281787395477295,0.9006631374359131,0.21706528216600418,0.08596204221248627,171.68011154979467,0
558,0.8159076124429703,0.7275747060775757,0.9088427424430847,0.21733524650335312,0.08593464642763138,171.98343764990568,0
559,0.8132133036851883,0.7285814881324768,0.9063059091567993,0.217380553483963,0.08600485324859619,172.28688663989305,0
560,0.8116753697395325,0.7284472584724426,0.902479350566864,0.21739879995584488,0.08605246245861053,172.5904025286436,0
561,0.8112882226705551,0.7277424931526184,0.9087265133857727,0.21743904799222946,0.086113840341568,172.89401172846556,0
562,0.8130287826061249,0.7269035577774048,0.9060910940170288,0.21722973883152008,0.08608236908912659,173.19740960001945,0
563,0.812240868806839,0.7273062467575073,0.9068815112113953,0.21792824566364288,0.08622977882623672,173.50162935256958,0
564,0.8133409917354584,0.72747403383255,0.9074193835258484,0.21730005741119385,0.08601049333810806,173.8049990683794,0
565,0.8133016377687454,0.7272726893424988,0.906028151512146,0.21720143407583237,0.08604703843593597,174.10830810666084,0
566,0.8111316710710526,0.7267022132873535,0.9103520512580872,0.21720566600561142,0.08607776463031769,174.4116482064128,0
567,0.8097759783267975,0.7269035577774048,0.9061334133148193,0.21758218854665756,0.08612576872110367,174.71541541069746,0
568,0.8102037310600281,0.7277089357376099,0.9065974950790405,0.2174229547381401,0.08608157187700272,175.01898459345102,0
569,0.8118271231651306,0.7268028855323792,0.9085886478424072,0.2173205018043518,0.08605869114398956,175.32241892069578,0
570,0.8110377192497253,0.7282459139823914,0.9027708172798157,0.21771132200956345,0.08618608862161636,175.6264120861888,0
571,0.8109604120254517,0.7266350984573364,0.9117510318756104,0.2172575443983078,0.08603773266077042,175.92977344989777,0
572,0.8109201192855835,0.7278767228126526,0.907772421836853,0.21741430461406708,0.08623426407575607,176.23349314928055,0
573,0.809537336230278,0.7275411486625671,0.9067174792289734,0.21707582473754883,0.08609876781702042,176.53672524541616,0
574,0.8099742382764816,0.7272391319274902,0.9071096181869507,0.2173657938838005,0.08610206097364426,176.84024346619844,0
575,0.81036177277565,0.7286486029624939,0.9020287990570068,0.21719394624233246,0.08603356778621674,177.143527649343,0
576,0.8082599192857742,0.7276753783226013,0.9076703190803528,0.2173665687441826,0.08611423522233963,177.44706377387047,0
577,0.8083877563476562,0.7272055745124817,0.9124844670295715,0.21721942722797394,0.08602318167686462,177.7503617182374,0
578,0.8091064244508743,0.7276753783226013,0.902148425579071,0.21725396811962128,0.0860312283039093,178.05369796603918,0
579,0.8092941492795944,0.7274404764175415,0.9086477756500244,0.21828197687864304,0.0860215350985527,178.35805970430374,0
580,0.8074199855327606,0.7279438376426697,0.9051535129547119,0.2184697762131691,0.08615673333406448,178.66274274140596,0
581,0.8077260106801987,0.7278096079826355,0.9029630422592163,0.21730291843414307,0.08603733032941818,178.96613882482052,0
582,0.8099176734685898,0.7276753783226013,0.9136303663253784,0.2172141969203949,0.08594994246959686,179.2693546563387,0
583,0.8075999617576599,0.7275075912475586,0.9049355387687683,0.2177039533853531,0.08618204295635223,179.57329957187176,0
584,0.8096103221178055,0.7272391319274902,0.9042405486106873,0.21701835840940475,0.08597399294376373,179.8763562142849,0
585,0.8056911677122116,0.7279102802276611,0.904852569103241,0.21727478504180908,0.08615022897720337,180.17984983325005,0
586,0.8076606243848801,0.7280445098876953,0.9079790115356445,0.21745259314775467,0.08608952164649963,180.48346204310656,0
587,0.8074325919151306,0.72747403383255,0.9045422077178955,0.21732307970523834,0.08605726808309555,180.7869077771902,0
588,0.80890291929245,0.7272726893424988,0.905396580696106,0.21730659157037735,0.08606849610805511,181.09033726155758,0
589,0.8074958622455597,0.7280445098876953,0.9026364088058472,0.2172069549560547,0.08604501187801361,181.39365424960852,0
590,0.8065160065889359,0.727037787437439,0.9116727709770203,0.217768095433712,0.08640267699956894,181.69788370281458,0
591,0.8066884130239487,0.7271720170974731,0.913003146648407,0.21740829199552536,0.0860636755824089,182.0014534816146,0
592,0.8058392107486725,0.7279438376426697,0.900749921798706,0.21732742339372635,0.08612677454948425,182.3049756810069,0
593,0.8057407289743423,0.7252256274223328,0.9122799634933472,0.21953796595335007,0.08618263900279999,182.61076942831278,0
594,0.8063101321458817,0.7276753783226013,0.9052836894989014,0.21770839393138885,0.08608947694301605,182.91467060148716,0
595,0.8031551539897919,0.7273733615875244,0.909116804599762,0.21843939274549484,0.08638402074575424,183.21956379711628,0
596,0.8054686188697815,0.725930392742157,0.9124374985694885,0.2184547334909439,0.08619717508554459,183.52432054281235,0
597,0.8042995929718018,0.7271384596824646,0.903697669506073,0.21772392094135284,0.08610369265079498,183.8282835483551,0
598,0.8051439523696899,0.7269035577774048,0.9104772806167603,0.21756364405155182,0.08602900058031082,184.13194915652275,0
599,0.8047093600034714,0.727104902267456,0.9069203734397888,0.21744004637002945,0.08606390655040741,184.4355118498206,0
600,0.8020780235528946,0.727776050567627,0.903282105922699,0.21757972985506058,0.08613776415586472,184.73928577452898,0
601,0.8031748980283737,0.7271384596824646,0.909933865070343,0.21739914268255234,0.08594779670238495,185.04269944876432,0
602,0.8028155565261841,0.727843165397644,0.9054751992225647,0.2174961417913437,0.08602023869752884,185.34626806527376,0
603,0.8020288795232773,0.7281116247177124,0.905315637588501,0.21756181120872498,0.08609408140182495,185.64998149126768,0
604,0.8024885058403015,0.72747403383255,0.9068441987037659,0.2176162675023079,0.08607889711856842,185.95373670756817,0
605,0.8022443354129791,0.7275411486625671,0.9070683121681213,0.21748854964971542,0.08597163110971451,186.2572463080287,0
606,0.8041728287935257,0.7270713448524475,0.9073687195777893,0.21732724457979202,0.08601420372724533,186.56064764410257,0
607,0.8029345571994781,0.7276082634925842,0.9040815234184265,0.21758775413036346,0.08593816310167313,186.86423562467098,0
608,0.8039485216140747,0.7276082634925842,0.9081813097000122,0.21743258833885193,0.08608773350715637,187.16781316697598,0
609,0.8031683415174484,0.7281116247177124,0.9070937633514404,0.2175481617450714,0.08612368255853653,187.4715429097414,0
610,0.8026648163795471,0.7276418209075928,0.9052070379257202,0.21748332679271698,0.08605165779590607,187.775146946311,0
611,0.801522895693779,0.7269706726074219,0.9067180156707764,0.21760578453540802,0.0859951451420784,188.07880766689777,0
612,0.7994347512722015,0.7270713448524475,0.9101511836051941,0.21763797104358673,0.08608439564704895,188.3825839087367,0
613,0.8020669221878052,0.7285479307174683,0.903081476688385,0.21746240556240082,0.08607505261898041,188.68617958575487,0
614,0.800166130065918,0.727406919002533,0.906299889087677,0.21809474378824234,0.08617355674505234,188.99050093442202,0
615,0.8009594976902008,0.7272055745124817,0.9115297198295593,0.21764276176691055,0.08613218367099762,189.29433140158653,0
616,0.8001833260059357,0.7289170622825623,0.9057817459106445,0.21759305149316788,0.08604991436004639,189.61256788671017,1
617,0.7985442727804184,0.7275411486625671,0.9082514047622681,0.21747025102376938,0.0859898179769516,189.91610049456358,0
618,0.8007257133722305,0.7273733615875244,0.9083828330039978,0.21758612990379333,0.08605373650789261,190.21980066597462,0
619,0.801070362329483,0.7277424931526184,0.9078958034515381,0.21760032325983047,0.08613733947277069,190.5236013531685,0
620,0.801480621099472,0.7280780673027039,0.9107640385627747,0.2175469622015953,0.08602094650268555,190.82722655683756,0
621,0.7990961819887161,0.7280109524726868,0.905978262424469,0.2176414132118225,0.0860871896147728,191.1310122460127,0
622,0.7995998561382294,0.7286150455474854,0.905386209487915,0.2176085188984871,0.08603302389383316,191.43471128493547,0
623,0.8001875430345535,0.7271720170974731,0.90910804271698,0.21756108850240707,0.08608093112707138,191.7384343072772,0
624,0.7991651892662048,0.7273398041725159,0.9067507982254028,0.21748758107423782,0.08599500358104706,192.04198236763477,0
625,0.7990132123231888,0.7290512919425964,0.9069313406944275,0.21765539795160294,0.0861678346991539,192.36098603904247,1
626,0.8008309006690979,0.7271720170974731,0.9075598120689392,0.21731693297624588,0.08594197779893875,192.664302110672,0
627,0.7986424267292023,0.7286150455474854,0.9079720377922058,0.2174345999956131,0.08594853430986404,192.96774527430534,0
628,0.7958948314189911,0.7278767228126526,0.9091916680335999,0.21741285920143127,0.08592825382947922,193.27114301919937,0
629,0.7982191443443298,0.7282459139823914,0.9076457023620605,0.217459574341774,0.08601479977369308,193.57467367500067,0
630,0.7978260964155197,0.7284808158874512,0.9050152897834778,0.21819546818733215,0.08612893521785736,193.8790481388569,0
631,0.7972901314496994,0.7286150455474854,0.9075647592544556,0.21834345906972885,0.08616096526384354,194.1836637109518,0
632,0.7999828159809113,0.7275075912475586,0.9104698300361633,0.21870988607406616,0.08626985549926758,194.48874673992395,0
633,0.7988708019256592,0.7275747060775757,0.9122815728187561,0.21735718846321106,0.08607583492994308,194.79223705083132,0
634,0.7969267666339874,0.7290177345275879,0.9065834879875183,0.21742471307516098,0.08608929067850113,195.09580774605274,0
635,0.7976664453744888,0.7288835048675537,0.9053739309310913,0.21763984113931656,0.08609407395124435,195.39963258057833,0
636,0.7993993312120438,0.7268700003623962,0.9140985012054443,0.21768804639577866,0.08611945807933807,195.70352916419506,0
637,0.797430232167244,0.7285479307174683,0.9049032926559448,0.21758390218019485,0.0860738679766655,196.00724178552628,0
638,0.7961023300886154,0.7289841771125793,0.9042969346046448,0.21829040348529816,0.08630352467298508,196.31189123541117,0
639,0.7965569943189621,0.728145182132721,0.9137936234474182,0.21771591156721115,0.0860324501991272,196.615694090724,0
640,0.7992185801267624,0.7268364429473877,0.9104654788970947,0.21782459318637848,0.08606649190187454,196.9196408763528,0
641,0.79831363260746,0.7276082634925842,0.9099051356315613,0.21753736585378647,0.08608008176088333,197.2233233898878,0
642,0.7971862256526947,0.7279438376426697,0.907672643661499,0.21758488565683365,0.08594857156276703,197.52691221237183,0
643,0.7963665574789047,0.7277089357376099,0.9079853892326355,0.21760296821594238,0.08595290780067444,197.8305196017027,0
644,0.7964485287666321,0.7286150455474854,0.9049650430679321,0.21757733076810837,0.08610152453184128,198.13425809144974,0
645,0.796094611287117,0.7291855216026306,0.9083976149559021,0.2176884487271309,0.08610661327838898,198.4520377293229,1
646,0.7943819761276245,0.7279102802276611,0.9112337231636047,0.21761853992938995,0.08611545711755753,198.75583044439554,0
647,0.7954659461975098,0.7297559976577759,0.9059593677520752,0.2177107259631157,0.08605454862117767,199.07588362693787,1
648,0.7939979135990143,0.7287828326225281,0.9039875268936157,0.21760164201259613,0.08597029745578766,199.3795169442892,0
649,0.7958820015192032,0.728346586227417,0.9088484644889832,0.21747078001499176,0.08596732467412949,199.6830194592476,0
650,0.7933984845876694,0.7284137010574341,0.9129678606987,0.21742228418588638,0.08600112050771713,199.9864968508482,0
651,0.7952011525630951,0.7288835048675537,0.9049952030181885,0.21756292134523392,0.0859798938035965,200.2900943905115,0
652,0.7944507747888565,0.7273398041725159,0.9043511152267456,0.21757569909095764,0.08602061122655869,200.5937465876341,0
653,0.7942413240671158,0.7283130288124084,0.9096741080284119,0.21748556196689606,0.08596346527338028,200.89725167304277,0
654,0.7927716970443726,0.7272726893424988,0.9101882576942444,0.2174042910337448,0.08593863248825073,201.20064975321293,0
655,0.7947990894317627,0.7281787395477295,0.9066646099090576,0.21749157458543777,0.08600780367851257,201.5042017251253,0
656,0.7929523587226868,0.7286150455474854,0.9068577885627747,0.2175743281841278,0.0860985741019249,201.80793335288763,0
657,0.7931492328643799,0.7279438376426697,0.9075081944465637,0.21780076622962952,0.08599136769771576,202.11178083717823,0
658,0.7926717400550842,0.7279773950576782,0.910891056060791,0.21732424199581146,0.08611290156841278,202.41528286784887,0
659,0.7921870946884155,0.7292861938476562,0.9073497653007507,0.21745088696479797,0.08607050031423569,202.71886133402586,0
660,0.7921994626522064,0.7277424931526184,0.9089797735214233,0.21756502985954285,0.08606820553541183,203.02256508916616,0
661,0.7919779121875763,0.7287828326225281,0.9111941456794739,0.21790265291929245,0.08627589792013168,203.32680144160986,0
662,0.791370764374733,0.7285479307174683,0.9061574935913086,0.21752838790416718,0.0860770046710968,203.6304611340165,0
663,0.7916102260351181,0.7279102802276611,0.9079338312149048,0.21742351353168488,0.08610593527555466,203.93404508382082,0
664,0.7925878018140793,0.728145182132721,0.9114434719085693,0.21752439439296722,0.08606722950935364,204.2376901730895,0
665,0.7912365347146988,0.7273733615875244,0.9106866717338562,0.21757229417562485,0.08609765768051147,204.54141576588154,0
666,0.7895500361919403,0.727776050567627,0.9095897078514099,0.21740206331014633,0.08626902103424072,204.84514362365007,0
667,0.7901630699634552,0.7284472584724426,0.9049715399742126,0.21798305213451385,0.08597424626350403,205.14915688335896,0
668,0.7914725095033646,0.7281116247177124,0.9107167720794678,0.2173442244529724,0.08601681888103485,205.45258036255836,0
669,0.7894045561552048,0.7276418209075928,0.9128727316856384,0.21753479540348053,0.08609205484390259,205.75626135617495,0
670,0.7904068529605865,0.7288835048675537,0.9054417014122009,0.21752570569515228,0.08607304096221924,206.0599152892828,0
671,0.7913026958703995,0.7293197512626648,0.9087914824485779,0.21745776385068893,0.08604462444782257,206.36347317695618,0
672,0.791954293847084,0.7272391319274902,0.9152328372001648,0.21747180074453354,0.08605577796697617,206.66705594956875,0
673,0.7892220765352249,0.7286150455474854,0.9046971201896667,0.21760962903499603,0.0860799178481102,206.97080045193434,0
674,0.7896909564733505,0.7285479307174683,0.9098914265632629,0.21747694164514542,0.08602315187454224,207.27436500042677,0
675,0.7887884229421616,0.7264337539672852,0.9147096872329712,0.21730434894561768,0.08612008392810822,207.57784866541624,0
676,0.7887210696935654,0.7293868660926819,0.9042280912399292,0.21735137701034546,0.0860704630613327,207.88133261352777,0
677,0.7899457663297653,0.7290177345275879,0.9096580743789673,0.21699688583612442,0.08592064678668976,208.1843051239848,0
678,0.7889572083950043,0.7269706726074219,0.9130827784538269,0.21717536449432373,0.08608110249042511,208.48761436343193,0
679,0.7876211553812027,0.7288835048675537,0.9080727100372314,0.21710792183876038,0.08612356334924698,208.7908972427249,0
680,0.7862911224365234,0.7286150455474854,0.9111830592155457,0.21722941100597382,0.08597970008850098,209.09416465461254,0
681,0.7868866473436356,0.7279438376426697,0.9104209542274475,0.2171289622783661,0.08599482476711273,209.39734590053558,0
682,0.788040280342102,0.7275747060775757,0.9093126058578491,0.21714281290769577,0.08600834757089615,209.70055093616247,0
683,0.7885800153017044,0.7276753783226013,0.9136513471603394,0.217844158411026,0.0862349420785904,210.0046912059188,0
684,0.7874284088611603,0.7296217679977417,0.9083460569381714,0.21780814975500107,0.08604294061660767,210.3086776137352,0
685,0.7881203144788742,0.7295210957527161,0.9094519019126892,0.21713388711214066,0.08606778085231781,210.6119499951601,0
686,0.7847119122743607,0.7271384596824646,0.9132121801376343,0.2173296958208084,0.08603502810001373,210.91537296026945,0
687,0.7866765558719635,0.7278096079826355,0.9087746143341064,0.21764019131660461,0.08597180247306824,211.2190596461296,0
688,0.7870088517665863,0.729453980922699,0.9085130095481873,0.21713333576917648,0.08609963953495026,211.52236360311508,0
689,0.7874606251716614,0.727776050567627,0.9124035239219666,0.21760044991970062,0.08612286299467087,211.8261710330844,0
690,0.7864834666252136,0.7279102802276611,0.9113967418670654,0.21718285232782364,0.08601883798837662,212.1294244006276,0
691,0.7860115170478821,0.7285814881324768,0.9097400307655334,0.21720249950885773,0.08607190102338791,212.43275343626738,0
692,0.7871256768703461,0.7283801436424255,0.9095844626426697,0.21737145632505417,0.08624991774559021,212.7364390194416,0
693,0.7860390692949295,0.7296553254127502,0.9082775115966797,0.21718618273735046,0.08596862852573395,213.0396567285061,0
694,0.7857735008001328,0.7288499474525452,0.9116525650024414,0.21721167117357254,0.08603410422801971,213.3429595902562,0
695,0.7864618450403214,0.727406919002533,0.9119003415107727,0.21732228994369507,0.08606848120689392,213.6464015096426,0
696,0.7840025722980499,0.7288835048675537,0.9077587127685547,0.21723388135433197,0.08601317554712296,213.94970272481441,0
697,0.7850923538208008,0.7288163900375366,0.909416913986206,0.21712663769721985,0.08606936037540436,214.25294962525368,0
698,0.7851342707872391,0.7268028855323792,0.9163357019424438,0.2173648700118065,0.08603944629430771,214.55640540271997,0
699,0.7853116244077682,0.7281116247177124,0.9076446294784546,0.2170853614807129,0.08596926927566528,214.85952307283878,0
700,0.7858066409826279,0.7300580143928528,0.9118883609771729,0.21722644567489624,0.08603545278310776,215.17781667411327,1
701,0.7848200350999832,0.7279773950576782,0.9128233790397644,0.21768933534622192,0.08611732721328735,215.48167903721333,0
702,0.7867592722177505,0.7295882105827332,0.9106500148773193,0.21734433621168137,0.08607874065637589,215.78515922278166,0
703,0.7844747602939606,0.7284472584724426,0.9095838665962219,0.21747592091560364,0.08612504601478577,216.08882825821638,0
704,0.7848368436098099,0.7284808158874512,0.9067815542221069,0.21724358946084976,0.08613073080778122,216.3922547623515,0
705,0.7841376662254333,0.7284472584724426,0.9162813425064087,0.21737315505743027,0.08610314875841141,216.69579086452723,0
706,0.7850061506032944,0.7293868660926819,0.908221960067749,0.2172909379005432,0.08596210926771164,216.9991036579013,0
707,0.7855439633131027,0.7289506196975708,0.9075358510017395,0.2173508182168007,0.08603641390800476,217.3025467172265,0
708,0.7835072129964828,0.7287828326225281,0.9139739274978638,0.21808095276355743,0.0861155316233635,217.60679423809052,0
709,0.7841876447200775,0.7297559976577759,0.9098634123802185,0.21729978173971176,0.08609571307897568,217.91024696081877,0
710,0.7842674553394318,0.7291184067726135,0.9115070104598999,0.21742180734872818,0.08606328070163727,218.21379063278437,0
711,0.783694714307785,0.7295882105827332,0.9118815064430237,0.2173122763633728,0.08613049983978271,218.51734115183353,0
712,0.78401318192482,0.729453980922699,0.9070286154747009,0.2172893062233925,0.08601663261651993,218.82071132212877,0
713,0.7835229784250259,0.7290177345275879,0.9085831642150879,0.2172328308224678,0.08598409593105316,219.12398647516966,0
714,0.7823539972305298,0.7287828326225281,0.91573166847229,0.21737686544656754,0.08613759279251099,219.4275597408414,0
715,0.7827740162611008,0.7281787395477295,0.9075950384140015,0.21734624356031418,0.08611992001533508,219.73108243197203,0
716,0.7815433889627457,0.7285479307174683,0.9102506041526794,0.2171918973326683,0.08608894795179367,220.03441594541073,0
717,0.7800748646259308,0.7293197512626648,0.9130328297615051,0.21767651289701462,0.0861203670501709,220.33826741576195,0
718,0.7825274616479874,0.7296217679977417,0.9062467217445374,0.21764831990003586,0.08610646426677704,220.64207912236452,0
719,0.782158300280571,0.7288163900375366,0.9099813103675842,0.21732142567634583,0.08608616888523102,220.94553898274899,0
720,0.7805990278720856,0.728212296962738,0.9151644110679626,0.21751709282398224,0.08609984815120697,221.2492145821452,0
721,0.7825242280960083,0.7288163900375366,0.9116543531417847,0.21791262179613113,0.08639416098594666,221.55358388274908,0
722,0.7833265662193298,0.7289841771125793,0.9112871885299683,0.2189227119088173,0.08618458360433578,221.8588246628642,0
723,0.7810484319925308,0.7287828326225281,0.9121778607368469,0.21754900366067886,0.08602792024612427,222.16245894879103,0
724,0.7797504365444183,0.7286150455474854,0.9157112836837769,0.2177010253071785,0.08615509420633316,222.4663724079728,0
725,0.7813397645950317,0.7289170622825623,0.908923864364624,0.21758057177066803,0.08614107221364975,222.77016367018223,0
726,0.7809503376483917,0.7290177345275879,0.9102391600608826,0.217563234269619,0.0859990194439888,223.07378252595663,0
727,0.7807962149381638,0.7290177345275879,0.9146357178688049,0.21832049638032913,0.0863758847117424,223.37853904813528,0
728,0.7806806266307831,0.7279438376426697,0.9160135388374329,0.21765993535518646,0.08600395172834396,223.68226235359907,0
729,0.7802573144435883,0.730192244052887,0.9080828428268433,0.2181367725133896,0.0861939862370491,224.00092324614525,1
730,0.7804855406284332,0.7289841771125793,0.913936197757721,0.21746449917554855,0.08592826873064041,224.3044068366289,0
731,0.7808813005685806,0.7286486029624939,0.9145234823226929,0.21723181009292603,0.08606280386447906,224.60775922238827,0
732,0.7789637893438339,0.7292861938476562,0.9103108048439026,0.25019223988056183,0.08633971214294434,224.94434925168753,0
733,0.7798023968935013,0.7290512919425964,0.9101485013961792,0.21779697388410568,0.1326846033334732,225.2948900088668,0
734,0.7775715887546539,0.7289506196975708,0.916247546672821,0.21754855662584305,0.0860993042588234,225.59868581593037,0
735,0.7785005569458008,0.7290177345275879,0.916131317615509,0.21728846430778503,0.08604144304990768,225.90208373963833,0
736,0.7801363468170166,0.7289170622825623,0.9081836342811584,0.21723555773496628,0.08608707785606384,226.20546168088913,0
737,0.7804886400699615,0.7304271459579468,0.9091305136680603,0.2172176092863083,0.08621247112751007,226.52251472324133,1
738,0.7795648127794266,0.7286486029624939,0.9173948764801025,0.2174607589840889,0.08605557680130005,226.82610312849283,0
739,0.778417319059372,0.7289506196975708,0.9154078364372253,0.21742010861635208,0.08614711463451385,227.12972576916218,0
740,0.7794125080108643,0.729453980922699,0.9094774723052979,0.21726953983306885,0.08598965406417847,227.43304108083248,0
741,0.7790821194648743,0.7292861938476562,0.9102763533592224,0.21725395321846008,0.08600345253944397,227.7363576516509,0
742,0.7781049609184265,0.7292861938476562,0.9119938015937805,0.2173968330025673,0.14096418768167496,228.09477645158768,0
743,0.7790364623069763,0.7290512919425964,0.9069814682006836,0.40135521441698074,0.09881410747766495,228.5950464308262,0
744,0.7797389775514603,0.7297559976577759,0.909432053565979,0.35428405553102493,0.14539343863725662,229.09480576962233,0
745,0.7774352878332138,0.7292190790176392,0.9135771989822388,0.3010113537311554,0.09920133650302887,229.49510867893696,0
746,0.7797919660806656,0.7296553254127502,0.909622848033905,0.3996647596359253,0.09994297474622726,229.99480130523443,0
747,0.7778782397508621,0.7293197512626648,0.9167817234992981,0.4010734483599663,0.09868977218866348,230.49465963989496,0
748,0.777931272983551,0.7298566699028015,0.9110736846923828,0.40109968930482864,0.09902458637952805,230.99488343298435,0
749,0.7768765836954117,0.729453980922699,0.9109641909599304,0.3542962446808815,0.14556075632572174,231.49489291012287,0
750,0.7779875695705414,0.7300580143928528,0.9149319529533386,0.4014040380716324,0.09840530157089233,231.99483440071344,0
751,0.7746612131595612,0.7280109524726868,0.9144343137741089,0.40128571540117264,0.09844981878995895,232.4947206377983,0
752,0.7764419615268707,0.7291519641876221,0.9149256348609924,0.40173275768756866,0.0986056700348854,232.99513155966997,0
753,0.7775839269161224,0.7299573421478271,0.9112001061439514,0.4013618156313896,0.0986221432685852,233.495201356709,0
754,0.7757195085287094,0.7284137010574341,0.9110061526298523,0.40115367621183395,0.09919822216033936,233.99562361091375,0
755,0.7759977877140045,0.7293868660926819,0.9134162664413452,0.40001845359802246,0.09906557202339172,234.4948137998581,0
756,0.7750608921051025,0.7299908995628357,0.9097895622253418,0.4016634598374367,0.10261893272399902,234.99930266290903,0
757,0.7758700102567673,0.7279438376426697,0.9109809994697571,0.3502804934978485,0.14545411616563797,235.49510526657104,0
758,0.77615025639534,0.729823112487793,0.9120854139328003,0.4008624330163002,0.08611451089382172,235.98215476423502,0
759,0.7739745378494263,0.7296888828277588,0.9131211638450623,0.367081917822361,0.146302230656147,236.4956131875515,0
760,0.7757175117731094,0.7281787395477295,0.9167245030403137,0.4007052332162857,0.09830161184072495,236.99470949918032,0
761,0.7750362604856491,0.7299237847328186,0.9094104766845703,0.3016250431537628,0.09863768517971039,237.3950671851635,0
762,0.77442467212677,0.7296553254127502,0.9082240462303162,0.4004569500684738,0.0992332324385643,237.89483331888914,0
763,0.7737898826599121,0.727843165397644,0.9156079292297363,0.35498087853193283,0.14490503072738647,238.39494509249926,0
764,0.774484246969223,0.7300244569778442,0.9140624403953552,0.3090260699391365,0.0909343883395195,238.79498970508575,0
765,0.7735099643468857,0.729084849357605,0.9122135043144226,0.40010130405426025,0.099675253033638,239.2950189486146,0
766,0.7734935730695724,0.729823112487793,0.9067997932434082,0.3084202706813812,0.09125294536352158,239.69487691670656,0
767,0.7740288972854614,0.7299573421478271,0.9150314331054688,0.401188388466835,0.0986204445362091,240.19483445584774,0
768,0.7747301012277603,0.728212296962738,0.9173384308815002,0.3010116145014763,0.09895724803209305,240.5949673205614,0
769,0.7733369618654251,0.7297224402427673,0.90971440076828,0.355150431394577,0.1446395292878151,241.09485232830048,0
770,0.7752606570720673,0.7289170622825623,0.9137642979621887,0.401048019528389,0.09868892282247543,241.59474497288465,0
771,0.7728080004453659,0.7297224402427673,0.9096014499664307,0.4010908305644989,0.09894852340221405,242.09487586468458,0
772,0.7742117494344711,0.7297224402427673,0.9107134938240051,0.30796533823013306,0.0860743597149849,242.48907652497292,0
773,0.77143394947052,0.7283801436424255,0.9174999594688416,0.2173764407634735,0.08819283545017242,242.79470793157816,0
774,0.7730063945055008,0.7295546531677246,0.9107622504234314,0.2620391845703125,0.0861017256975174,243.14295099675655,0
775,0.7746172249317169,0.730259358882904,0.9119144678115845,0.21725225448608398,0.08605458587408066,243.44631366431713,0
776,0.7734064012765884,0.7300580143928528,0.9104251861572266,0.2177712395787239,0.08612150698900223,243.75027687102556,0
777,0.7724767029285431,0.7293533086776733,0.9108267426490784,0.21795856952667236,0.08619194477796555,244.0545257627964,0
778,0.7719080001115799,0.7293533086776733,0.914064347743988,0.21782799065113068,0.08622460067272186,244.3586746007204,0
779,0.771073117852211,0.7292526364326477,0.9141764640808105,0.2181464433670044,0.0862155556678772,244.6631386205554,0
780,0.7741337418556213,0.7287492752075195,0.9146339297294617,0.21767233312129974,0.08603386580944061,244.96694723516703,0
781,0.7716765999794006,0.7300915718078613,0.9068722724914551,0.21717526018619537,0.08606349676847458,245.2702638655901,0
782,0.7732867449522018,0.7285814881324768,0.9177806377410889,0.21724587678909302,0.08605179190635681,245.57361882925034,0
783,0.7716657519340515,0.7276082634925842,0.9165578484535217,0.21722128242254257,0.08604400604963303,245.87694025039673,0
784,0.7740446776151657,0.7303935885429382,0.910377562046051,0.21712090820074081,0.08611620217561722,246.18022894859314,0
785,0.7701654434204102,0.7293197512626648,0.9162147641181946,0.2173018380999565,0.08604621887207031,246.48364724963903,0
786,0.7706838399171829,0.7285814881324768,0.91461181640625,0.21790079772472382,0.08617100119590759,246.78777765482664,0
787,0.7729209363460541,0.7307627201080322,0.9086794853210449,0.21716933697462082,0.08598345518112183,247.10421568900347,1
788,0.7722050696611404,0.7299237847328186,0.9133999347686768,0.2173609361052513,0.08601243793964386,247.40764671564102,0
789,0.7724854350090027,0.7271384596824646,0.9219380021095276,0.21771638095378876,0.08619768917560577,247.7116235718131,0
790,0.7732608616352081,0.7300244569778442,0.9100350141525269,0.21730244159698486,0.08602676540613174,248.01500841975212,0
791,0.772492378950119,0.7291855216026306,0.9101048111915588,0.21766459196805954,0.0859779343008995,248.318702891469,0
792,0.7716647237539291,0.7276418209075928,0.920791506767273,0.2931375205516815,0.08598906546831131,248.6978851929307,0
793,0.7700968235731125,0.7289841771125793,0.9154213070869446,0.21753180772066116,0.08611644804477692,249.00159299373627,0
794,0.771067351102829,0.7303935885429382,0.9111362099647522,0.2174118235707283,0.08595514297485352,249.3050203844905,0
795,0.7722375243902206,0.7309976816177368,0.9120978116989136,0.21754183620214462,0.08601884543895721,249.62529201060534,1
796,0.7693996578454971,0.7297559976577759,0.914467990398407,0.21745947748422623,0.08613014966249466,249.92893861234188,0
797,0.7694828510284424,0.7296553254127502,0.911494791507721,0.2173561230301857,0.08603951334953308,250.2323985695839,0
798,0.7708075046539307,0.7303600311279297,0.9116508364677429,0.21750009059906006,0.08603488653898239,250.5359958857298,0
799,0.7697796374559402,0.7298566699028015,0.9152010083198547,0.21753095835447311,0.08606737107038498,250.83964970707893,0
800,0.7720752507448196,0.7295882105827332,0.9119021892547607,0.21772418916225433,0.08594866096973419,251.14339753240347,0
801,0.7697645872831345,0.7295882105827332,0.9115925431251526,0.21832319349050522,0.08624719828367233,251.44802410900593,0
802,0.7708972990512848,0.7292526364326477,0.9154868125915527,0.21753783524036407,0.08607088029384613,251.75169564038515,0
803,0.7720254063606262,0.7290177345275879,0.9166337847709656,0.21821318566799164,0.08609165251255035,252.05606359243393,0
804,0.7711587250232697,0.7299573421478271,0.9129992723464966,0.21762481331825256,0.08607791364192963,252.35982621461153,0
805,0.7701193541288376,0.7286150455474854,0.9135457277297974,0.21785052120685577,0.08607847988605499,252.6638436987996,0
806,0.7717138081789017,0.7294204235076904,0.9170623421669006,0.21813491731882095,0.0861411765217781,252.96817856281996,0
807,0.7711843699216843,0.7299908995628357,0.913619339466095,0.21770036220550537,0.08604525029659271,253.2720295265317,0
808,0.7698632478713989,0.7297559976577759,0.911062479019165,0.217416912317276,0.08608009666204453,253.57560236006975,0
809,0.7704950869083405,0.7291184067726135,0.9180561304092407,0.21766262501478195,0.08610540628433228,253.87943674623966,0
810,0.7711262553930283,0.7308633923530579,0.9082550406455994,0.21825167536735535,0.08616688847541809,254.18391310423613,0
811,0.7698497474193573,0.7291855216026306,0.9159684777259827,0.21747756004333496,0.08611728250980377,254.4875641539693,0
812,0.7708863615989685,0.7288499474525452,0.917814314365387,0.21736132353544235,0.08605098724365234,254.79103842377663,0
813,0.7684894800186157,0.7298566699028015,0.9116501808166504,0.21756144613027573,0.08607617020606995,255.09472908824682,0
814,0.7692736238241196,0.7298566699028015,0.9168370962142944,0.2173449918627739,0.08602423220872879,255.39817158132792,0
815,0.7703429162502289,0.7293868660926819,0.9120042324066162,0.21750346571207047,0.08606578409671783,255.7017923295498,0
816,0.7698511034250259,0.7296553254127502,0.9150115847587585,0.2174874171614647,0.08609305322170258,256.00543500483036,0
817,0.7711127549409866,0.7286150455474854,0.9182726144790649,0.21751678735017776,0.08607505261898041,256.30907936394215,0
818,0.7676757276058197,0.7302258014678955,0.9104456901550293,0.2173667773604393,0.08599554002285004,256.61249911785126,0
819,0.7679899036884308,0.730259358882904,0.9160425066947937,0.22038573771715164,0.08612154424190521,256.91907837986946,0
820,0.767803743481636,0.729084849357605,0.9174129962921143,0.21769845485687256,0.08627090603113174,257.22310611605644,0
821,0.7673801630735397,0.7292861938476562,0.9130644798278809,0.21760430932044983,0.08606631308794022,257.52683562785387,0
822,0.766083613038063,0.730192244052887,0.9142776131629944,0.21762999147176743,0.08604951202869415,257.83057077229023,0
823,0.7683898210525513,0.7298566699028015,0.9142129421234131,0.21757742762565613,0.08615052700042725,258.13434962928295,0
824,0.7675672322511673,0.7289170622825623,0.9194450974464417,0.21761978417634964,0.08593542128801346,258.4379671663046,0
825,0.7667947858572006,0.7311990261077881,0.910085916519165,0.2177807092666626,0.08597409725189209,258.7586950659752,1
826,0.7656286358833313,0.7295210957527161,0.9137397408485413,0.2178255170583725,0.08609304577112198,259.0626880675554,0
827,0.7663120329380035,0.7286486029624939,0.9210829138755798,0.21736790984869003,0.08591843396425247,259.3660682886839,0
828,0.7663945853710175,0.7309641242027283,0.9123789668083191,0.21721212565898895,0.08616162836551666,259.66949278116226,0
829,0.7660421282052994,0.7300580143928528,0.9137136936187744,0.2172689363360405,0.08607972413301468,259.9729167446494,0
830,0.7658348381519318,0.7295882105827332,0.9159947037696838,0.21707508713006973,0.08600869029760361,260.27605640143156,0
831,0.7657114267349243,0.7304607033729553,0.9134917259216309,0.21715965867042542,0.08606930077075958,260.5793441981077,0
832,0.7642998397350311,0.729823112487793,0.9158307909965515,0.217228002846241,0.08608827739953995,260.8827254772186,0
833,0.7662017047405243,0.7291855216026306,0.9172135591506958,0.21714315563440323,0.08605489134788513,261.18597999215126,0
834,0.7648010849952698,0.7295546531677246,0.9137942790985107,0.21717049926519394,0.0860547125339508,261.4892554730177,0
835,0.765775054693222,0.7299908995628357,0.9151641726493835,0.21713189035654068,0.08613772690296173,261.7925799563527,0
836,0.7651521563529968,0.7288499474525452,0.9132114052772522,0.21763845533132553,0.08606572449207306,262.0963409245014,0
837,0.765557736158371,0.7295210957527161,0.916808545589447,0.21751228719949722,0.08607781678438187,262.40000262856483,0
838,0.7649402171373367,0.730192244052887,0.9171983599662781,0.21739112585783005,0.08597702533006668,262.70343670248985,0
839,0.7651831954717636,0.7302929162979126,0.912258505821228,0.21718727052211761,0.08604791015386581,263.00673461705446,0
840,0.7649966329336166,0.7288163900375366,0.9184477925300598,0.21735883504152298,0.08603058755397797,263.31021659076214,0
841,0.7637758702039719,0.7291519641876221,0.9221892952919006,0.21798764169216156,0.08624835312366486,263.61451379209757,0
842,0.7640883326530457,0.7296888828277588,0.9112230539321899,0.21779696643352509,0.08603034913539886,263.91844959557056,0
843,0.7655785083770752,0.7297559976577759,0.9128804802894592,0.21740616112947464,0.08598966896533966,264.2219131141901,0
844,0.7667172402143478,0.7296553254127502,0.9175367951393127,0.21768458932638168,0.08613792061805725,264.5258025377989,0
845,0.7645945847034454,0.727406919002533,0.9198464155197144,0.21735160052776337,0.08611667901277542,264.829334884882,0
846,0.7655894160270691,0.729084849357605,0.913733184337616,0.2171061635017395,0.08598651736974716,265.1324869468808,0
847,0.7659249752759933,0.7302929162979126,0.9115899205207825,0.21725795418024063,0.08598370850086212,265.4357896000147,0
848,0.7659773081541061,0.7265344262123108,0.9284604787826538,0.21744602173566818,0.08600236475467682,265.7393024042249,0
849,0.7664328515529633,0.7302929162979126,0.9120703935623169,0.21744132786989212,0.086122527718544,266.0429338440299,0
850,0.7649657130241394,0.7307627201080322,0.9083548784255981,0.21740684658288956,0.08603859692811966,266.3464454859495,0
851,0.7649143189191818,0.7263330817222595,0.9257593750953674,0.21750637888908386,0.08604448288679123,266.65005385130644,0
852,0.7660670727491379,0.7294204235076904,0.9144983887672424,0.21726977825164795,0.08603230118751526,266.9534228146076,0
853,0.7634899467229843,0.7299908995628357,0.9129267930984497,0.21750149130821228,0.08612935245037079,267.25712322443724,0
854,0.7637390345335007,0.7293197512626648,0.915296733379364,0.2174600064754486,0.08598311245441437,267.5606346949935,0
855,0.7639061659574509,0.7291519641876221,0.9173011183738708,0.21731183677911758,0.08609583973884583,267.86411613970995,0
856,0.7626028656959534,0.7299237847328186,0.9175200462341309,0.2175310254096985,0.08610937744379044,268.1678160429001,0
857,0.7637568861246109,0.729453980922699,0.9189761281013489,0.2175123393535614,0.08600755780935287,268.4714244604111,0
858,0.7620337307453156,0.7301251292228699,0.9143097400665283,0.2173927053809166,0.08605537563562393,268.77494505792856,0
859,0.7632758766412735,0.7298902273178101,0.9154269695281982,0.21743930131196976,0.08611977100372314,269.07856975495815,0
860,0.761487603187561,0.728346586227417,0.9193530082702637,0.21753182262182236,0.08604046702384949,269.38221475481987,0
861,0.7612355053424835,0.730259358882904,0.9139742255210876,0.2175189107656479,0.08627961575984955,269.6860926747322,0
862,0.7629977613687515,0.730192244052887,0.9144828915596008,0.21738771349191666,0.08612492680549622,269.98968840390444,0
863,0.7612587660551071,0.730628490447998,0.9152355194091797,0.21766480803489685,0.0860210731625557,270.29344553500414,0
864,0.7620520144701004,0.7304942607879639,0.9127130508422852,0.21756583452224731,0.0860210657119751,270.59712278842926,0
865,0.7620519995689392,0.7282794713973999,0.9180237650871277,0.2173926904797554,0.08609957247972488,270.9006824567914,0
866,0.7613720297813416,0.7310312390327454,0.9135380983352661,0.2171935811638832,0.08596299588680267,271.2039169818163,0
867,0.7598355114459991,0.7307962775230408,0.9128341674804688,0.2175273597240448,0.08597992360591888,271.5074966326356,0
868,0.7625548839569092,0.7301586866378784,0.9174936413764954,0.21736999601125717,0.08610278367996216,271.8110349625349,0
869,0.7597665935754776,0.7304271459579468,0.9152618050575256,0.21756451576948166,0.08612343668937683,272.11478517204523,0
870,0.7608898133039474,0.7308633923530579,0.9155253767967224,0.21741031110286713,0.08610288053750992,272.4183709397912,0
871,0.7607209086418152,0.7295882105827332,0.9174773693084717,0.21746381372213364,0.08622447401285172,272.72214828431606,0
872,0.7612366825342178,0.7303600311279297,0.9170172810554504,0.21746184676885605,0.08600738644599915,273.0256757810712,0
873,0.7591143548488617,0.7305278182029724,0.9141137599945068,0.21734998375177383,0.08598596602678299,273.3290790617466,0
874,0.7603009194135666,0.7296888828277588,0.9178650379180908,0.21741409599781036,0.08599308133125305,273.6325438171625,0
875,0.758685901761055,0.7311654686927795,0.9116783738136292,0.2173626497387886,0.08609682321548462,273.93607188016176,0
876,0.7601369768381119,0.7306620478630066,0.9132498502731323,0.21757197380065918,0.08611532300710678,274.23982720822096,0
877,0.7602910995483398,0.7291184067726135,0.9199896454811096,0.2175639644265175,0.08607534319162369,274.5435398295522,0
878,0.7603519111871719,0.7298902273178101,0.9151667952537537,0.21755071729421616,0.08611869066953659,274.8473472520709,0
879,0.7603620886802673,0.7307291626930237,0.9149128794670105,0.21734413504600525,0.08610139787197113,275.15086079388857,0
880,0.7592304199934006,0.7293533086776733,0.9128865003585815,0.21743711829185486,0.08599156141281128,275.4543928578496,0
881,0.7635650485754013,0.7298902273178101,0.9175780415534973,0.21727360039949417,0.08605121821165085,275.7577956467867,0
882,0.7599312961101532,0.7298902273178101,0.9159329533576965,0.2174871489405632,0.08606240153312683,276.0614050626755,0
883,0.7608709335327148,0.7289506196975708,0.9144524931907654,0.2174445390701294,0.08610206097364426,276.3650436773896,0
884,0.7598438113927841,0.7306620478630066,0.9151763319969177,0.217613585293293,0.08604801446199417,276.66876877844334,0
885,0.7609376609325409,0.7296888828277588,0.9151872992515564,0.21734966337680817,0.08615732192993164,276.97236040234566,0
886,0.7595576345920563,0.7286821603775024,0.9203242063522339,0.2174411118030548,0.08609859645366669,277.27596908807755,0
887,0.7626258134841919,0.7316017150878906,0.9153122305870056,0.21749786287546158,0.08602359145879745,277.5937418937683,1
888,0.7599672675132751,0.7300580143928528,0.9178639054298401,0.2170543596148491,0.08596105128526688,277.89683306217194,0
889,0.7609867453575134,0.7291519641876221,0.9217612743377686,0.21732880175113678,0.08610163629055023,278.20031963288784,0
890,0.7602749615907669,0.7303600311279297,0.9126913547515869,0.2172282561659813,0.08598775416612625,278.5036070346832,0
891,0.7585311681032181,0.7288499474525452,0.9224610328674316,0.21765786409378052,0.08605329692363739,278.8074034899473,0
892,0.7614445239305496,0.7309976816177368,0.9189651012420654,0.21738652139902115,0.08599426597356796,279.1108569800854,0
893,0.7591770440340042,0.7289506196975708,0.918807327747345,0.21801044791936874,0.08615948259830475,279.4151136428118,0
894,0.7585926800966263,0.7305949330329895,0.9147661328315735,0.2177029252052307,0.08608201146125793,279.71900177001953,0
895,0.7595988065004349,0.7305278182029724,0.919249415397644,0.21754548698663712,0.08608561754226685,280.0227227061987,0
896,0.7586195319890976,0.7285479307174683,0.9213471412658691,0.21736107766628265,0.08618836104869843,280.3263473287225,0
897,0.7592998743057251,0.7302929162979126,0.9127926826477051,0.2177201583981514,0.08597297966480255,280.63013733178377,0
898,0.7578740268945694,0.7298566699028015,0.9164761900901794,0.21733278036117554,0.08609393984079361,280.9336388781667,0
899,0.7577545791864395,0.7288835048675537,0.9227113127708435,0.21830856800079346,0.08612792938947678,281.2381529510021,0
900,0.7574795633554459,0.7286486029624939,0.9157497882843018,0.21746471524238586,0.08611807972192764,281.54180382192135,0
901,0.7582978755235672,0.7301586866378784,0.9141354560852051,0.21733666956424713,0.0860566794872284,281.84526608884335,0
902,0.756527841091156,0.7297559976577759,0.9157048463821411,0.21753841638565063,0.08609503507614136,282.1489657983184,0
903,0.7571901679039001,0.728715717792511,0.9170646667480469,0.21746238321065903,0.08611442148685455,282.4526189416647,0
904,0.7577144652605057,0.7296553254127502,0.9209179282188416,0.21732687205076218,0.08619501441717148,282.7562418729067,0
905,0.7582727074623108,0.7297224402427673,0.9189398288726807,0.2172752022743225,0.085948646068573,283.05952858924866,0
906,0.756274938583374,0.7305278182029724,0.9155239462852478,0.21748153120279312,0.08604617416858673,283.3631286919117,0
907,0.7568245381116867,0.7309305667877197,0.9161691069602966,0.21744706481695175,0.08601006865501404,283.66667507588863,0
908,0.7570956200361252,0.7285479307174683,0.919796884059906,0.21844539046287537,0.08621247112751007,283.9714055582881,0
909,0.7576154917478561,0.7300244569778442,0.9152025580406189,0.21741347759962082,0.08602547645568848,284.2749246060848,0
910,0.7571194767951965,0.7286486029624939,0.9211965799331665,0.21734149008989334,0.08606087416410446,284.5783940181136,0
911,0.758357048034668,0.7304271459579468,0.9147743582725525,0.21720818430185318,0.0859939232468605,284.881663069129,0
912,0.7574422508478165,0.7309976816177368,0.9182120561599731,0.2172006368637085,0.08615150302648544,285.1850697770715,0
913,0.7579721212387085,0.7288499474525452,0.924640953540802,0.21738459169864655,0.08610774576663971,285.4886339083314,0
914,0.7570009827613831,0.7294875383377075,0.9125564694404602,0.21744811534881592,0.08623074740171432,285.79238529503345,0
915,0.7573975622653961,0.7302258014678955,0.9183897376060486,0.21788820624351501,0.08619149774312973,286.0965406745672,0
916,0.756571352481842,0.7284808158874512,0.920271098613739,0.2173183485865593,0.08596837520599365,286.3999137878418,0
917,0.7583248764276505,0.730561375617981,0.9110704064369202,0.21838412433862686,0.08612610399723053,286.7044925838709,0
918,0.7573256492614746,0.7290177345275879,0.9202645421028137,0.21741458028554916,0.08601251989603043,287.0079920068383,0
919,0.7569656670093536,0.7285143733024597,0.9217199087142944,0.21726973354816437,0.08597087860107422,287.31131163984537,0
920,0.7567653208971024,0.7305278182029724,0.9162801504135132,0.21722926944494247,0.08606544137001038,287.6146641150117,0
921,0.7557331472635269,0.7303600311279297,0.9154630303382874,0.21745352447032928,0.08604979515075684,287.9182282164693,0
922,0.7577497214078903,0.7284472584724426,0.9170413017272949,0.21757511049509048,0.0860917791724205,288.22195092588663,0
923,0.755438432097435,0.731131911277771,0.9156155586242676,0.217372365295887,0.0861160084605217,288.5255061611533,0
924,0.7542934119701385,0.7305949330329895,0.9151648879051208,0.21717318147420883,0.08609253913164139,288.8288251981139,0
925,0.7546968460083008,0.7296553254127502,0.916446328163147,0.2173660695552826,0.0859668180346489,289.13221402466297,0
926,0.7528624385595322,0.7304607033729553,0.9190087914466858,0.21733082830905914,0.086072638630867,289.4356736689806,0
927,0.7532024383544922,0.730561375617981,0.9216833114624023,0.21736302226781845,0.08596246689558029,289.73905715346336,0
928,0.7548563778400421,0.7310647964477539,0.9145309925079346,0.21721619367599487,0.08611685037612915,290.04244516789913,0
929,0.7553670108318329,0.7302929162979126,0.915389895439148,0.21756422519683838,0.08609773963689804,290.34618519991636,0
930,0.7544378489255905,0.7293868660926819,0.9237104654312134,0.2172711193561554,0.08609031140804291,290.6496146097779,0
931,0.7539380341768265,0.7310983538627625,0.9133530855178833,0.2171662300825119,0.08593815565109253,290.9527743458748,0
932,0.753605380654335,0.7309305667877197,0.9160881042480469,0.2173638865351677,0.08606935292482376,291.2562685608864,0
933,0.752777948975563,0.7297224402427673,0.9205926656723022,0.21715077012777328,0.08597898483276367,291.5594603791833,0
934,0.7540402263402939,0.7297559976577759,0.9141737222671509,0.21752209961414337,0.0860990434885025,291.86314088851213,0
935,0.7524165064096451,0.7296217679977417,0.9167072176933289,0.21731328964233398,0.08593510836362839,292.1664619669318,0
936,0.7521844208240509,0.7306956052780151,0.9198415875434875,0.21744897961616516,0.08613189309835434,292.47010764479637,0
937,0.7527251541614532,0.7299237847328186,0.9169794917106628,0.21797144412994385,0.08616042137145996,292.77433155477047,0
938,0.7528738528490067,0.729453980922699,0.9191368222236633,0.21740281581878662,0.08614443987607956,293.0779878720641,0
939,0.7534530758857727,0.7320379614830017,0.9148020148277283,0.21716471761465073,0.0862354263663292,293.39518532156944,1
940,0.7519811689853668,0.7294204235076904,0.9187518358230591,0.21716417372226715,0.08597445487976074,293.6983882933855,0
941,0.7541618049144745,0.7290177345275879,0.9204416275024414,0.21748093515634537,0.08600746095180511,294.0019315928221,0
942,0.7523985803127289,0.730561375617981,0.9176185131072998,0.21728916466236115,0.08610812574625015,294.30538541823626,0
943,0.7516788393259048,0.7307291626930237,0.9196243286132812,0.2172612026333809,0.08597809821367264,294.60867903381586,0
944,0.7533598840236664,0.7304271459579468,0.9183405041694641,0.2173086404800415,0.08608708530664444,294.91212875396013,0
945,0.7535656690597534,0.730192244052887,0.9166913032531738,0.21740080416202545,0.08610023558139801,295.21568638831377,0
946,0.7513358891010284,0.7309976816177368,0.920417308807373,0.217298224568367,0.08608536422252655,295.51912865787745,0
947,0.7510895878076553,0.7307291626930237,0.9189136028289795,0.21727337688207626,0.086024709045887,295.8224816173315,0
948,0.7531332075595856,0.7311654686927795,0.9146090149879456,0.21728333085775375,0.0859375149011612,296.1257641687989,0
949,0.7517967075109482,0.7308298349380493,0.9145953059196472,0.21731795370578766,0.08607995510101318,296.42921375483274,0
950,0.7534416913986206,0.731131911277771,0.916164755821228,0.2171604037284851,0.08609306067228317,296.7325230911374,0
951,0.7524607926607132,0.7295882105827332,0.9228564500808716,0.21731756627559662,0.0861089900135994,297.03600577265024,0
952,0.7520879358053207,0.7304271459579468,0.9193535447120667,0.21738877892494202,0.0860312208533287,297.339498013258,0
953,0.7548086792230606,0.730561375617981,0.9131191968917847,0.21754301339387894,0.0860598087310791,297.643158249557,0
954,0.7533058226108551,0.7298566699028015,0.9212210178375244,0.2175641655921936,0.08610448241233826,297.94691640138626,0
955,0.7510637640953064,0.7303264737129211,0.92145836353302,0.2174677699804306,0.0860813558101654,298.25054954737425,0
956,0.7528370171785355,0.731131911277771,0.913604736328125,0.21849502623081207,0.08610031753778458,298.55521868914366,0
957,0.7531801611185074,0.7292526364326477,0.9236650466918945,0.21814651042222977,0.0861799567937851,298.85962522774935,0
958,0.7501189112663269,0.7307291626930237,0.9169447422027588,0.21815282106399536,0.08609242737293243,299.1639572456479,0
959,0.7519095838069916,0.7304942607879639,0.9121240973472595,0.2173093929886818,0.085970938205719,299.4673578888178,0
960,0.7515484094619751,0.7296553254127502,0.92313551902771,0.21809671819210052,0.08604967594146729,299.7715669795871,0
961,0.7493407279253006,0.7304607033729553,0.9164170026779175,0.21764466911554337,0.08620470762252808,300.07547429203987,0
962,0.7500668466091156,0.7311654686927795,0.9151971936225891,0.21744877845048904,0.08595950901508331,300.3789401128888,0
963,0.7509395629167557,0.7300915718078613,0.9180598258972168,0.21730240434408188,0.08606842160224915,300.68236518651247,0
964,0.7510696351528168,0.7291855216026306,0.9209055304527283,0.21713118255138397,0.08594560623168945,300.98549772799015,0
965,0.7503959238529205,0.7305278182029724,0.9159760475158691,0.21748100221157074,0.08615821599960327,301.2891985177994,0
966,0.750431090593338,0.7292861938476562,0.9232585430145264,0.21751604229211807,0.08599766343832016,301.59283078461885,0
967,0.7518269568681717,0.7301251292228699,0.918796718120575,0.2174207642674446,0.08609984815120697,301.8964174538851,0
968,0.7499212920665741,0.7320379614830017,0.9150117039680481,0.21701743453741074,0.08594073355197906,302.1994410827756,0
969,0.7502952218055725,0.730628490447998,0.9177302122116089,0.21740131825208664,0.08612218499183655,302.5030273720622,0
970,0.7490284591913223,0.7294204235076904,0.9243878722190857,0.21743598580360413,0.08604148030281067,302.80656845867634,0
971,0.750121682882309,0.730259358882904,0.9193766117095947,0.21723326295614243,0.08601230382919312,303.10986502468586,0
972,0.7490243315696716,0.7308298349380493,0.9146329164505005,0.217728853225708,0.08607856184244156,303.4137247428298,0
973,0.748377799987793,0.7307291626930237,0.9182457327842712,0.21697241812944412,0.08604247868061066,303.7167900055647,0
974,0.7483831644058228,0.7307627201080322,0.920154869556427,0.21746541559696198,0.08602318912744522,304.0203335657716,0
975,0.7475542575120926,0.7319372892379761,0.9160338044166565,0.21734613180160522,0.08602185547351837,304.32375778257847,0
976,0.7494079321622849,0.730561375617981,0.9176538586616516,0.21726590394973755,0.08598971366882324,304.62706991285086,0
977,0.749706819653511,0.730192244052887,0.9205933809280396,0.21735498309135437,0.08610882610082626,304.93059180676937,0
978,0.7496156990528107,0.7302929162979126,0.9186096787452698,0.21768970042467117,0.08615692704916,305.2345294430852,0
979,0.7483215034008026,0.7300580143928528,0.9185027480125427,0.21751580387353897,0.08613848686218262,305.53826217353344,0
980,0.7495184242725372,0.7295546531677246,0.9174970984458923,0.21749704331159592,0.08605040609836578,305.84189788997173,0
981,0.7474798858165741,0.7309641242027283,0.9200359582901001,0.21764130890369415,0.08595443516969681,306.14557184278965,0
982,0.7484297305345535,0.7304271459579468,0.9208242893218994,0.21732522547245026,0.08606558293104172,306.44901882857084,0
983,0.7493112832307816,0.7300580143928528,0.9134824275970459,0.21720781177282333,0.08612126857042313,306.75241327285767,0
984,0.747921034693718,0.7309305667877197,0.9194081425666809,0.2173568680882454,0.08603540062904358,307.0558670386672,0
985,0.7481306195259094,0.7301586866378784,0.9236157536506653,0.21741697192192078,0.086135633289814,307.3594836592674,0
986,0.748237207531929,0.7303264737129211,0.9186286926269531,0.21735429018735886,0.08599681407213211,307.6628988906741,0
987,0.7477803379297256,0.7318030595779419,0.9158328771591187,0.2173541933298111,0.08609460294246674,307.9664342328906,0
988,0.747561901807785,0.7299237847328186,0.9230251312255859,0.21728426218032837,0.08601875603199005,308.2697978466749,0
989,0.7466795891523361,0.7312661409378052,0.92136150598526,0.21722838282585144,0.08597426861524582,308.57306349277496,0
990,0.7471078187227249,0.7310647964477539,0.9195589423179626,0.21730276197195053,0.08611244708299637,308.8765470534563,0
991,0.7472436428070068,0.7302258014678955,0.9159970879554749,0.21714771538972855,0.08595190197229385,309.179724432528,0
992,0.747951477766037,0.7312325835227966,0.9164041876792908,0.2173875868320465,0.08609019219875336,309.4832619652152,0
993,0.7481182217597961,0.7312325835227966,0.9225385189056396,0.2173416167497635,0.08597934991121292,309.78665129840374,0
994,0.7475314289331436,0.7295546531677246,0.9188785552978516,0.21834677457809448,0.08643998950719833,310.0915093123913,0
995,0.7469378709793091,0.7310983538627625,0.9142025113105774,0.21726513653993607,0.08594875037670135,310.3947885558009,0
996,0.7472313195466995,0.7310647964477539,0.9232890605926514,0.2173062264919281,0.0859641283750534,310.69811641424894,0
997,0.7483147978782654,0.7311990261077881,0.9212427735328674,0.21737361699342728,0.08620479702949524,311.00175181776285,0
998,0.747592493891716,0.7321050763130188,0.9122082591056824,0.21729616820812225,0.08612240105867386,311.3196176216006,1
999,0.7463616728782654,0.7309641242027283,0.9193978309631348,0.21793007105588913,0.08610338717699051,311.62372997403145,0
1000,0.7468503713607788,0.7300580143928528,0.9237949848175049,0.21726763993501663,0.08587520569562912,311.9269295781851,0
