epoch,train_mean_member_ce,valid_pooled_accuracy,valid_pooled_ce,train_step_seconds,validation_seconds,elapsed_seconds,is_selected_so_far
1,3.74238920211792,0.0762777253985405,3.2997570037841797,0.06095892935991287,0.02215159684419632,0.09037527441978455,1
2,3.320627212524414,0.07715023308992386,3.058567762374878,0.054754048585891724,0.02214108407497406,0.17476501315832138,1
3,3.18634295463562,0.2825598120689392,2.908054828643799,0.05474322289228439,0.022014327347278595,0.2577822729945183,1
4,3.119593620300293,0.2832309603691101,2.8629047870635986,0.054782330989837646,0.022114738821983337,0.3404298573732376,1
5,3.0693118572235107,0.1864827573299408,2.869161605834961,0.05475190281867981,0.02200840413570404,0.4172479063272476,0
6,3.0261969566345215,0.15886437892913818,2.8556768894195557,0.05475986748933792,0.0221366286277771,0.49419260025024414,0
7,2.982240915298462,0.24786065518856049,2.7644357681274414,0.05480480194091797,0.022146522998809814,0.5711980685591698,0
8,2.9205873012542725,0.2954126000404358,2.618364095687866,0.05483835190534592,0.022148311138153076,0.6538010239601135,1
9,2.844290018081665,0.30259403586387634,2.4870407581329346,0.054796114563941956,0.022125937044620514,0.7364351153373718,1
10,2.7525908946990967,0.33034664392471313,2.39528226852417,0.05472859740257263,0.02205771952867508,0.8207812681794167,1
11,2.662046432495117,0.363737016916275,2.3126766681671143,0.05524658411741257,0.022119522094726562,0.9042775556445122,1
12,2.5877180099487305,0.36494511365890503,2.259211778640747,0.054744407534599304,0.022031210362911224,0.9864438027143478,1
13,2.5133049488067627,0.3796771466732025,2.218127965927124,0.054786816239356995,0.022117599844932556,1.069178268313408,1
14,2.4456539154052734,0.41753077507019043,2.147678852081299,0.05482666194438934,0.02205274999141693,1.1522097736597061,1
15,2.387075424194336,0.4349474608898163,2.0977113246917725,0.054767876863479614,0.02219003438949585,1.234073132276535,1
16,2.3323886394500732,0.4396456182003021,2.054267644882202,0.05474398285150528,0.022075966000556946,1.3162372708320618,1
17,2.283728837966919,0.45434409379959106,2.0019726753234863,0.05481361597776413,0.022107966244220734,1.3986816480755806,1
18,2.23384165763855,0.4637739360332489,1.963454008102417,0.05479608476161957,0.022121593356132507,1.4809291660785675,1
19,2.1904184818267822,0.4757206439971924,1.9210827350616455,0.054722271859645844,0.02209284156560898,1.5631392523646355,1
20,2.145021915435791,0.48870766162872314,1.875082015991211,0.054702796041965485,0.022005416452884674,1.6450430303812027,1
21,2.0996484756469727,0.49706363677978516,1.835801601409912,0.05471053719520569,0.022098854184150696,1.7271272465586662,1
22,2.0593252182006836,0.5121312737464905,1.7864025831222534,0.05495534837245941,0.022026322782039642,1.810074806213379,1
23,2.0149037837982178,0.5208563804626465,1.7443486452102661,0.05478862673044205,0.022009603679180145,1.8918726444244385,1
24,1.9737379550933838,0.5268632769584656,1.709274411201477,0.05477484315633774,0.022163212299346924,1.9738767221570015,1
25,1.9357444047927856,0.5382059812545776,1.6727513074874878,0.054827332496643066,0.021997660398483276,2.0562401711940765,1
26,1.904335618019104,0.5459914803504944,1.643525242805481,0.05471961945295334,0.022006317973136902,2.138285219669342,1
27,1.867191195487976,0.5543474555015564,1.6132804155349731,0.05470731854438782,0.022111333906650543,2.2213950380682945,1
28,1.8367911577224731,0.5594818592071533,1.5880048274993896,0.05480834096670151,0.022006019949913025,2.3044029474258423,1
29,1.8059990406036377,0.564414918422699,1.5661143064498901,0.054810069501399994,0.022222280502319336,2.387145049870014,1
30,1.7768545150756836,0.5697171092033386,1.5444645881652832,0.05484665930271149,0.02202840894460678,2.4696411192417145,1
31,1.7505801916122437,0.5740460753440857,1.5254231691360474,0.054787278175354004,0.022110238671302795,2.5525939762592316,1
32,1.7268869876861572,0.5800529718399048,1.503481388092041,0.05481250584125519,0.022025592625141144,2.635753773152828,1
33,1.7000491619110107,0.5840128660202026,1.4840152263641357,0.05468176305294037,0.022045336663722992,2.718469113111496,1
34,1.677810549736023,0.5873015522956848,1.46517813205719,0.05471426248550415,0.022038191556930542,2.8016787245869637,1
35,1.654242992401123,0.5910936594009399,1.4474258422851562,0.05471019446849823,0.02214886248111725,2.8843471631407738,1
36,1.6329773664474487,0.5963287353515625,1.4299222230911255,0.05476924031972885,0.022014200687408447,2.966173402965069,1
37,1.615335464477539,0.5993489623069763,1.4127564430236816,0.054795607924461365,0.022113114595413208,3.048715591430664,1
38,1.5910080671310425,0.6015302538871765,1.3965543508529663,0.05474283546209335,0.02210824191570282,3.1306068152189255,1
39,1.5720187425613403,0.6048524975776672,1.3818068504333496,0.05480976402759552,0.022100895643234253,3.2126025035977364,1
40,1.556445598602295,0.607805609703064,1.3690825700759888,0.05477757006883621,0.022053271532058716,3.2947264835238457,1
41,1.5383198261260986,0.6100540161132812,1.3560830354690552,0.054791681468486786,0.022121071815490723,3.3767499774694443,1
42,1.5225329399108887,0.6145843863487244,1.341614842414856,0.05481111258268356,0.02201804518699646,3.458729214966297,1
43,1.5063759088516235,0.6163964867591858,1.3271312713623047,0.054884739220142365,0.022087648510932922,3.5408405736088753,1
44,1.4953795671463013,0.6195173859596252,1.3138231039047241,0.0547650083899498,0.022102460265159607,3.622919037938118,1
45,1.4775142669677734,0.6220678091049194,1.3021970987319946,0.05472957342863083,0.02201024442911148,3.7049290239810944,1
46,1.4660674333572388,0.6234437227249146,1.2908861637115479,0.05469580739736557,0.02204052358865738,3.787035033106804,1
47,1.4507818222045898,0.627302885055542,1.2789167165756226,0.054740771651268005,0.02209652215242386,3.869100421667099,1
48,1.4386903047561646,0.6262961626052856,1.271519422531128,0.05503593385219574,0.022162899374961853,3.94635708630085,0
49,1.4240851402282715,0.6289472579956055,1.2630352973937988,0.05478711426258087,0.022159770131111145,4.028646342456341,1
50,1.415492057800293,0.6305245161056519,1.2527815103530884,0.054796889424324036,0.022083163261413574,4.111154556274414,1
51,1.403396725654602,0.6330413222312927,1.241416335105896,0.055181555449962616,0.02218063920736313,4.1938901618123055,1
52,1.3931400775909424,0.6337460875511169,1.233811855316162,0.05480378121137619,0.021998047828674316,4.276264995336533,1
53,1.3810293674468994,0.6349541544914246,1.2260674238204956,0.05481360852718353,0.022067099809646606,4.358512192964554,1
54,1.3717126846313477,0.6388804912567139,1.2149356603622437,0.054707929491996765,0.022072121500968933,4.440896593034267,1
55,1.3654913902282715,0.6359273791313171,1.2124650478363037,0.05479718744754791,0.02211763709783554,4.517868518829346,0
56,1.3532519340515137,0.6423369646072388,1.2061036825180054,0.054834701120853424,0.02203764021396637,4.6005218625068665,1
57,1.343329668045044,0.639752984046936,1.2010293006896973,0.05473239719867706,0.022022582590579987,4.67733521014452,0
58,1.3351984024047852,0.6445518136024475,1.1875747442245483,0.054762497544288635,0.02208665758371353,4.760806433856487,1
59,1.3263965845108032,0.644518256187439,1.182003378868103,0.05476675182580948,0.02205616980791092,4.837684646248817,0
60,1.3202340602874756,0.644887387752533,1.1784539222717285,0.05476321280002594,0.0220998153090477,4.921779364347458,1
61,1.3091909885406494,0.6491828560829163,1.167480707168579,0.05478128790855408,0.02200412005186081,5.005053497850895,1
62,1.3024755716323853,0.6468337774276733,1.1630970239639282,0.05477220565080643,0.02203945815563202,5.081924922764301,0
63,1.294480323791504,0.6511627435684204,1.157463788986206,0.055004656314849854,0.0221603661775589,5.164794497191906,1
64,1.286979079246521,0.6522701978683472,1.1547272205352783,0.05478999763727188,0.02198822796344757,5.246646374464035,1
65,1.2783633470535278,0.6500553488731384,1.1496323347091675,0.05475367605686188,0.022053129971027374,5.323507986962795,0
66,1.2754006385803223,0.6545857191085815,1.1403090953826904,0.054717354476451874,0.021966613829135895,5.405557245016098,1
67,1.2653837203979492,0.6555924415588379,1.1355936527252197,0.054735079407691956,0.022016435861587524,5.488058127462864,1
68,1.2591575384140015,0.6541494131088257,1.1348788738250732,0.05477578192949295,0.02208598703145981,5.5649760365486145,0
69,1.2525001764297485,0.6579079627990723,1.1305043697357178,0.055038802325725555,0.0220402330160141,5.64718409627676,1
70,1.2507035732269287,0.6590489149093628,1.122725248336792,0.054726049304008484,0.0220579132437706,5.729185573756695,1
71,1.2428587675094604,0.6602570414543152,1.117643117904663,0.05476713925600052,0.021988578140735626,5.810967594385147,1
72,1.2387453317642212,0.6604583859443665,1.1150972843170166,0.054695479571819305,0.02199190855026245,5.893099069595337,1
73,1.2318470478057861,0.6609617471694946,1.1114007234573364,0.05470535159111023,0.02202940732240677,5.975015297532082,1
74,1.2252329587936401,0.6637806296348572,1.1056877374649048,0.05474673956632614,0.022006839513778687,6.05714663118124,1
75,1.220005989074707,0.6633108258247375,1.1001611948013306,0.054781824350357056,0.022108420729637146,6.134088918566704,0
76,1.2146984338760376,0.6644182205200195,1.0972028970718384,0.0547686442732811,0.0220547616481781,6.216758906841278,1
77,1.2085883617401123,0.6665323972702026,1.095481038093567,0.05470539629459381,0.022075898945331573,6.301514625549316,1
78,1.2059496641159058,0.6675727367401123,1.0909546613693237,0.054887548089027405,0.02201060950756073,6.383484721183777,1
79,1.1992617845535278,0.6672371029853821,1.0877636671066284,0.054782770574092865,0.022122159600257874,6.460445590317249,0
80,1.1984246969223022,0.6687136888504028,1.0847564935684204,0.05477387458086014,0.02200695127248764,6.542429514229298,1
81,1.1954550743103027,0.6708278656005859,1.0804972648620605,0.054712168872356415,0.02208339422941208,6.62441885471344,1
82,1.1892575025558472,0.6710292100906372,1.07803475856781,0.054709672927856445,0.022056743502616882,6.706412389874458,1
83,1.1874377727508545,0.672942042350769,1.0744134187698364,0.05477052181959152,0.022098250687122345,6.78948437422514,1
84,1.177930474281311,0.6734454035758972,1.0716075897216797,0.05472620576620102,0.022041916847229004,6.872681498527527,1
85,1.174964189529419,0.6727070808410645,1.0700899362564087,0.054712772369384766,0.0220566987991333,6.949505127966404,0
86,1.1732374429702759,0.6751232743263245,1.0662593841552734,0.0549507662653923,0.022136129438877106,7.032131716609001,1
87,1.1711024045944214,0.6772710084915161,1.0624043941497803,0.05482509732246399,0.022019773721694946,7.11639941483736,1
88,1.1666793823242188,0.6760293841362,1.0605299472808838,0.05468839406967163,0.0220940038561821,7.193236909806728,0
89,1.161147117614746,0.6773045659065247,1.05793035030365,0.054758571088314056,0.022099323570728302,7.276716433465481,1
90,1.158711552619934,0.6778414845466614,1.0574383735656738,0.05472651869058609,0.022065453231334686,7.3603851199150085,1
91,1.1580028533935547,0.6759958267211914,1.0567790269851685,0.05470571666955948,0.022063717246055603,7.437210738658905,0
92,1.1557930707931519,0.679989218711853,1.0475702285766602,0.05468647927045822,0.022097542881965637,7.519532755017281,1
93,1.1473705768585205,0.68086177110672,1.0469871759414673,0.054770611226558685,0.02209881693124771,7.601597219705582,1
94,1.1485557556152344,0.6809288859367371,1.0456258058547974,0.054888978600502014,0.022068195044994354,7.683547377586365,1
95,1.1423420906066895,0.6821369528770447,1.0423682928085327,0.05481477826833725,0.022110775113105774,7.76563423871994,1
96,1.140149474143982,0.6828081011772156,1.0394545793533325,0.054705455899238586,0.022029921412467957,7.847829096019268,1
97,1.1356608867645264,0.6839491128921509,1.036688208580017,0.05469943583011627,0.021983623504638672,7.929954446852207,1
98,1.1293349266052246,0.6849893927574158,1.033700704574585,0.05477283149957657,0.022103674709796906,8.012289240956306,1
99,1.12737238407135,0.6860297322273254,1.0311520099639893,0.05476357787847519,0.022074542939662933,8.094457656145096,1
100,1.1264234781265259,0.6853249669075012,1.0318092107772827,0.054736219346523285,0.02200745791196823,8.171256422996521,0
101,1.12354576587677,0.6869693398475647,1.0289586782455444,0.054807037115097046,0.02198903262615204,8.253514647483826,1
102,1.1202315092086792,0.6866673231124878,1.029449701309204,0.054985225200653076,0.022103942930698395,8.330693207681179,0
103,1.119681715965271,0.6866002082824707,1.0271146297454834,0.054740890860557556,0.022009864449501038,8.407497443258762,0
104,1.1202013492584229,0.6880767345428467,1.0258839130401611,0.054789550602436066,0.02210666984319687,8.489666998386383,1
105,1.1186394691467285,0.6873720288276672,1.0226820707321167,0.05514024943113327,0.022166967391967773,8.567032605409622,0
106,1.1144450902938843,0.6893855333328247,1.0195072889328003,0.05477948486804962,0.022037483751773834,8.649477444589138,1
107,1.10895836353302,0.6903586983680725,1.0175217390060425,0.05488649010658264,0.02203632891178131,8.731566362082958,1
108,1.1061958074569702,0.6902580261230469,1.0170378684997559,0.05478578805923462,0.022049903869628906,8.808457650244236,0
109,1.105907917022705,0.6900566816329956,1.0153937339782715,0.054771922528743744,0.022043175995349884,8.885328233242035,0
110,1.1024309396743774,0.6907278299331665,1.0123956203460693,0.05472034215927124,0.021985657513141632,8.967447057366371,1
111,1.0997819900512695,0.6924393177032471,1.0108472108840942,0.0547618567943573,0.022066831588745117,9.051820449531078,1
112,1.0976037979125977,0.6921037435531616,1.009583592414856,0.054873861372470856,0.022045716643333435,9.128831155598164,0
113,1.0978730916976929,0.6926742196083069,1.0087306499481201,0.05479072034358978,0.022097818553447723,9.211736418306828,1
114,1.0936939716339111,0.6919359564781189,1.009752631187439,0.0547628328204155,0.022009894251823425,9.288566119968891,0
115,1.0949903726577759,0.6894862055778503,1.0098694562911987,0.05470256507396698,0.022022508084774017,9.36534345895052,0
116,1.091330885887146,0.6919695138931274,1.0137845277786255,0.0546349436044693,0.022006139159202576,9.442036397755146,0
117,1.0924960374832153,0.6922044157981873,1.004583716392517,0.054755523800849915,0.022124379873275757,9.518964625895023,0
118,1.0881884098052979,0.6930097937583923,1.0037202835083008,0.05477827787399292,0.02201472967863083,9.602006629109383,1
119,1.0837767124176025,0.69237220287323,1.0057734251022339,0.05476456135511398,0.02201976627111435,9.678846850991249,0
120,1.0803871154785156,0.6921037435531616,1.0033429861068726,0.05467420816421509,0.022018909454345703,9.755587756633759,0
121,1.0833112001419067,0.6937480568885803,1.0020564794540405,0.05478525161743164,0.022051267325878143,9.837897665798664,1
122,1.0782181024551392,0.6952917575836182,0.9968084096908569,0.0547734871506691,0.022093065083026886,9.920250117778778,1
123,1.0759127140045166,0.6946877241134644,0.9972135424613953,0.0547049418091774,0.02209223061800003,9.99710164219141,0
124,1.074501633644104,0.6939159035682678,1.0020310878753662,0.0549590140581131,0.022112414240837097,10.074240788817406,0
125,1.072863221168518,0.6959964632987976,0.9923332929611206,0.05475717782974243,0.02201087772846222,10.156252607703209,1
126,1.0690016746520996,0.6967347860336304,0.9895337224006653,0.05477125942707062,0.022019751369953156,10.238300956785679,1
127,1.0702413320541382,0.693546712398529,1.000409483909607,0.0547373965382576,0.02201785147190094,10.315111197531223,0
128,1.0687922239303589,0.6969025731086731,0.9917060136795044,0.054696619510650635,0.02208782732486725,10.397061586380005,1
129,1.0666475296020508,0.6960300207138062,0.9893195033073425,0.05474627763032913,0.02199695259332657,10.473860040307045,0
130,1.064902424812317,0.6959293484687805,0.9934055209159851,0.05482270568609238,0.022049225866794586,10.550793685019016,0
131,1.0627361536026,0.6980435252189636,0.986432671546936,0.05546608567237854,0.022260963916778564,10.633893333375454,1
132,1.060900330543518,0.6986475586891174,0.9840375781059265,0.054901234805583954,0.022101230919361115,10.718394868075848,1
133,1.058949589729309,0.6968019008636475,0.9902782440185547,0.05499625205993652,0.022057637572288513,10.795550256967545,0
134,1.0582275390625,0.6978086233139038,0.984054446220398,0.05491098761558533,0.022043287754058838,10.872566729784012,0
135,1.058330774307251,0.6997214555740356,0.9822811484336853,0.05478107929229736,0.022095955908298492,10.95528008788824,1
136,1.0563353300094604,0.6987146735191345,0.9855158925056458,0.054826587438583374,0.022108793258666992,11.03227162361145,0
137,1.054457664489746,0.6988489031791687,0.9834614992141724,0.054692141711711884,0.022025704383850098,11.109052546322346,0
138,1.0522582530975342,0.6995872259140015,0.9793695211410522,0.054720498621463776,0.022016853094100952,11.185842297971249,0
139,1.047956943511963,0.6993187665939331,0.984419047832489,0.0546979084610939,0.02212425321340561,11.262713745236397,0
140,1.0476405620574951,0.6982784271240234,0.9818266034126282,0.05479009449481964,0.022091753780841827,11.339648939669132,0
141,1.0490927696228027,0.7013993263244629,0.9751916527748108,0.054669179022312164,0.022103406488895416,11.422047056257725,1
142,1.0476058721542358,0.6983790993690491,0.9845151901245117,0.05481070280075073,0.02211693674325943,11.49903093278408,0
143,1.0433424711227417,0.6984797716140747,0.982166588306427,0.0547068789601326,0.022030651569366455,11.575819782912731,0
144,1.0423762798309326,0.7017013430595398,0.9720527529716492,0.054651446640491486,0.02198098599910736,11.658440820872784,1
145,1.0414297580718994,0.7013657689094543,0.973634660243988,0.05479904264211655,0.022092588245868683,11.735386177897453,0
146,1.0367076396942139,0.7004597187042236,0.9776895642280579,0.05477549135684967,0.022089697420597076,11.812298066914082,0
147,1.0346838235855103,0.7014328837394714,0.9728613495826721,0.05479958653450012,0.022168651223182678,11.889318510890007,0
148,1.0346331596374512,0.7011644244194031,0.9718022346496582,0.054907433688640594,0.022049568593502045,11.96636326611042,0
149,1.0325560569763184,0.7007617354393005,0.9745267629623413,0.054985202848911285,0.02210615575313568,12.043528221547604,0
150,1.032720923423767,0.7032786011695862,0.9689599871635437,0.054853007197380066,0.022069230675697327,12.126653730869293,1
151,1.0316886901855469,0.7003254890441895,0.9714318513870239,0.05476690083742142,0.02212096005678177,12.203597739338875,0
152,1.0297166109085083,0.7015671133995056,0.9734434485435486,0.05474141985177994,0.02211746573448181,12.280509874224663,0
153,1.0278276205062866,0.7032786011695862,0.9679516553878784,0.05473727732896805,0.02202780544757843,12.363142885267735,1
154,1.026231288909912,0.7012315392494202,0.9688407778739929,0.05482330173254013,0.02210654318332672,12.440126799046993,0
155,1.026686191558838,0.70146644115448,0.9721642136573792,0.054748497903347015,0.022065117955207825,12.516993589699268,0
156,1.026143193244934,0.7027081251144409,0.9659495949745178,0.05472078174352646,0.022003255784511566,12.593775324523449,0
157,1.0224493741989136,0.7021712064743042,0.970576286315918,0.05473541468381882,0.022004418075084686,12.670564949512482,0
158,1.023471713066101,0.7000570297241211,0.9750915169715881,0.0546971932053566,0.022033922374248505,12.747343845665455,0
159,1.0260528326034546,0.7020705342292786,0.9661282896995544,0.054764144122600555,0.02208516001701355,12.824241504073143,0
160,1.0247938632965088,0.6978421807289124,0.9775559902191162,0.05495414882898331,0.022093206644058228,12.901342786848545,0
161,1.0245825052261353,0.7022047638893127,0.9749251008033752,0.05476992577314377,0.022105775773525238,12.978271655738354,0
162,1.0248081684112549,0.7025067806243896,0.9646661281585693,0.05476701259613037,0.02201194316148758,13.055114455521107,0
163,1.0178048610687256,0.7031779289245605,0.9649679660797119,0.05468349903821945,0.02200210839509964,13.131853140890598,0
164,1.0158674716949463,0.7019027471542358,0.9726042151451111,0.054676465690135956,0.02208089828491211,13.208661884069443,0
165,1.0137560367584229,0.7018691897392273,0.9723562002182007,0.05473523586988449,0.022030457854270935,13.285480357706547,0
166,1.0172162055969238,0.7039497494697571,0.9586392045021057,0.05471312999725342,0.022119641304016113,13.368697963654995,1
167,1.0135170221328735,0.7022383213043213,0.9656811952590942,0.05472755432128906,0.022083863615989685,13.445565111935139,0
168,1.011562466621399,0.7000905871391296,0.9785242080688477,0.05479354411363602,0.022110894322395325,13.522525042295456,0
169,1.01353919506073,0.7046880722045898,0.9607425928115845,0.05488657206296921,0.022110149264335632,13.605756916105747,1
170,1.0103949308395386,0.703513503074646,0.958112895488739,0.05481741577386856,0.022015653550624847,13.682658769190311,0
171,1.0056145191192627,0.7031108140945435,0.9689368605613708,0.05482916533946991,0.022044651210308075,13.759584978222847,0
172,1.010080337524414,0.7039833068847656,0.9641070365905762,0.054682277143001556,0.021981224417686462,13.836296014487743,0
173,1.0079976320266724,0.7025067806243896,0.9602910876274109,0.05469812452793121,0.022000715136528015,13.91304861009121,0
174,1.0073778629302979,0.7035806179046631,0.9650403261184692,0.05483897030353546,0.0220860093832016,13.990027859807014,0
175,1.0034902095794678,0.7036812901496887,0.9623321890830994,0.054788075387477875,0.022031575441360474,14.06691949814558,0
176,1.0025523900985718,0.7039497494697571,0.9590520858764648,0.05480886250734329,0.022136367857456207,14.143923185765743,0
177,1.0014677047729492,0.7057619094848633,0.9591237306594849,0.054752036929130554,0.02211920917034149,14.22744395583868,1
178,1.0012351274490356,0.7034463882446289,0.9616655111312866,0.05480978637933731,0.02201729267835617,14.304351851344109,0
179,1.000747561454773,0.7044195532798767,0.9617066979408264,0.05481729656457901,0.022095076739788055,14.381317310035229,0
180,0.9972743391990662,0.7047216296195984,0.9562690854072571,0.054756857454776764,0.022138133645057678,14.458260208368301,0
181,0.9940976500511169,0.7062317132949829,0.9533204436302185,0.05483592301607132,0.0221240296959877,14.541243843734264,1
182,0.9942154884338379,0.7029430270195007,0.9629910588264465,0.05477456748485565,0.022048555314540863,14.618128523230553,0
183,0.994792103767395,0.7045202851295471,0.9600129723548889,0.05482276529073715,0.022053346037864685,14.695063076913357,0
184,0.9930742383003235,0.7053256630897522,0.952814519405365,0.05482061952352524,0.022124864161014557,14.772066973149776,0
185,0.9923946261405945,0.7045873999595642,0.9601002931594849,0.05478009581565857,0.022118568420410156,14.849018797278404,0
186,0.9929599761962891,0.7042853236198425,0.9610075950622559,0.054692186415195465,0.02207031100988388,14.925834700465202,0
187,0.9919300079345703,0.7046880722045898,0.9528467655181885,0.05472420156002045,0.022090956568717957,15.002702854573727,0
188,0.9888468384742737,0.7064330577850342,0.9524596333503723,0.054694488644599915,0.02219143509864807,15.084793590009212,1
189,0.9865960478782654,0.7045202851295471,0.9573736190795898,0.05489179491996765,0.022101640701293945,15.161857411265373,0
190,0.9864383935928345,0.7021376490592957,0.9591490030288696,0.05469891428947449,0.022128738462924957,15.238737508654594,0
191,0.985173225402832,0.7060303688049316,0.9546119570732117,0.054913148283958435,0.022103317081928253,15.315807916224003,0
192,0.9860895276069641,0.7043859958648682,0.9554853439331055,0.054796092212200165,0.022109560668468475,15.39276634156704,0
193,0.9826886653900146,0.7067686319351196,0.9537281394004822,0.05476246774196625,0.02213602513074875,15.475157849490643,1
194,0.9824777245521545,0.7037484049797058,0.9556174278259277,0.054760172963142395,0.022080279886722565,15.552059799432755,0
195,0.9842374920845032,0.7058961391448975,0.952978789806366,0.05475032329559326,0.022097721695899963,15.62896117568016,0
196,0.98091721534729,0.7065337300300598,0.9543513059616089,0.05487222969532013,0.022138088941574097,15.706025466322899,0
197,0.9773081541061401,0.7059632539749146,0.9558843970298767,0.054758720099925995,0.022075437009334564,15.782912373542786,0
198,0.9777275919914246,0.7065337300300598,0.9495356678962708,0.05469760298728943,0.022018663585186005,15.859678626060486,0
199,0.9769033193588257,0.7058961391448975,0.9516916275024414,0.054698698222637177,0.022000811994075775,15.936429411172867,0
200,0.9792177081108093,0.7054263353347778,0.9565638899803162,0.055132731795310974,0.022025123238563538,16.013652577996254,0
201,0.9767003059387207,0.7063995003700256,0.9507556557655334,0.0547175258398056,0.022028014063835144,16.09044998884201,0
202,0.9775722622871399,0.7027081251144409,0.957586407661438,0.05475589632987976,0.022143296897411346,16.167411476373672,0
203,0.9765010476112366,0.7077754139900208,0.9484891295433044,0.05479728430509567,0.02201828360557556,16.249765843153,1
204,0.9746805429458618,0.7077082991600037,0.9500533938407898,0.0547577366232872,0.022020608186721802,16.326601035892963,0
205,0.9729880094528198,0.7039161920547485,0.9548826813697815,0.05475473403930664,0.0220964252948761,16.403505109250546,0
206,0.9723271727561951,0.7076411843299866,0.9506190419197083,0.054601363837718964,0.022141240537166595,16.480295963585377,0
207,0.976686954498291,0.7056947946548462,0.9536738991737366,0.05468057841062546,0.022064916789531708,16.557096995413303,0
208,0.9717394113540649,0.7060639262199402,0.9513253569602966,0.05526810884475708,0.022111527621746063,16.634531036019325,0
209,0.9682716727256775,0.7075405120849609,0.9483057260513306,0.05467507988214493,0.022011227905750275,16.711264342069626,0
210,0.9701870679855347,0.7056276798248291,0.9509190917015076,0.05471940338611603,0.02207411825656891,16.78810441493988,0
211,0.9689940810203552,0.7067686319351196,0.9490354657173157,0.054739028215408325,0.022120490670204163,16.86501805484295,0
212,0.9703770279884338,0.7065001726150513,0.9468539357185364,0.05482272058725357,0.022120334208011627,16.94201549142599,0
213,0.9653035402297974,0.7056947946548462,0.948269248008728,0.054712921380996704,0.02211879938840866,17.018909476697445,0
214,0.964430570602417,0.7064330577850342,0.9494495987892151,0.054664067924022675,0.022077403962612152,17.095711179077625,0
215,0.9651695489883423,0.7079096436500549,0.9442276358604431,0.054759494960308075,0.022142954170703888,17.177922934293747,1
216,0.9635368585586548,0.7092519402503967,0.9412965178489685,0.05471315234899521,0.02203121781349182,17.25976061075926,1
217,0.9628130197525024,0.7082116603851318,0.9457020163536072,0.05472574383020401,0.02212415635585785,17.33667577803135,0
218,0.9630467891693115,0.7054934501647949,0.9538573026657104,0.054772935807704926,0.0221104696393013,17.413611009716988,0
219,0.9629543423652649,0.7090505957603455,0.9447437524795532,0.05494192987680435,0.02233756333589554,17.49094083160162,0
220,0.9607893228530884,0.7096210718154907,0.9432074427604675,0.05481401085853577,0.022114567458629608,17.57322745770216,1
221,0.9640188217163086,0.7044531106948853,0.9520243406295776,0.05471526086330414,0.022035829722881317,17.650036580860615,0
222,0.9631277322769165,0.7076411843299866,0.9455744028091431,0.054745256900787354,0.022048547863960266,17.726878218352795,0
223,0.9569992423057556,0.709084153175354,0.9418659210205078,0.054636307060718536,0.021990634500980377,17.803551763296127,0
224,0.9590199589729309,0.7067015171051025,0.9473101496696472,0.05469851940870285,0.022100597620010376,17.88039967417717,0
225,0.9562927484512329,0.7086143493652344,0.9487775564193726,0.05480033904314041,0.022031031548976898,17.957288779318333,0
226,0.9571035504341125,0.707607626914978,0.9460180997848511,0.0547449067234993,0.02208828181028366,18.034170240163803,0
227,0.9558132290840149,0.70871502161026,0.9423549771308899,0.05472441762685776,0.02200685441493988,18.110954128205776,0
228,0.9539297223091125,0.7087821364402771,0.9462858438491821,0.05491134524345398,0.02204906940460205,18.18796791881323,0
229,0.9557474255561829,0.7073391675949097,0.9477907419204712,0.05476659536361694,0.022168859839439392,18.26495663076639,0
230,0.9541855454444885,0.7103593945503235,0.9432839751243591,0.05472584068775177,0.02204735577106476,18.347472317516804,1
231,0.9528183937072754,0.7101580500602722,0.9430750608444214,0.05465300381183624,0.022023610770702362,18.424198247492313,0
232,0.9533204436302185,0.7088828086853027,0.942832887172699,0.054697565734386444,0.02200770378112793,18.500956937670708,0
233,0.9517576098442078,0.7090170383453369,0.9467058181762695,0.055019624531269073,0.02213924378156662,18.578176625072956,0
234,0.9504431486129761,0.7085472345352173,0.9415180087089539,0.05472354590892792,0.022082477807998657,18.655053324997425,0
235,0.9469951391220093,0.7105271816253662,0.9392348527908325,0.05468793958425522,0.022089555859565735,18.739537477493286,1
236,0.9464684128761292,0.7091512680053711,0.944875955581665,0.055148765444755554,0.022093966603279114,18.816829837858677,0
237,0.9488962292671204,0.709084153175354,0.9405952095985413,0.05472753196954727,0.022092968225479126,18.893704049289227,0
238,0.9480404257774353,0.7090170383453369,0.9421513080596924,0.05472239851951599,0.022022448480129242,18.970502883195877,0
239,0.9478884935379028,0.7105271816253662,0.9385169148445129,0.05479487031698227,0.02216608077287674,19.05465889722109,1
240,0.9461885094642639,0.7077082991600037,0.9439533948898315,0.05486501008272171,0.02210909128189087,19.131706684827805,0
241,0.9456222653388977,0.7094197273254395,0.9488087296485901,0.054697148501873016,0.02208802103996277,19.208551801741123,0
242,0.9429929256439209,0.7121714949607849,0.936402440071106,0.054721735417842865,0.02210049331188202,19.29120510816574,1
243,0.9431488513946533,0.7101916074752808,0.9420206546783447,0.05469426512718201,0.022034399211406708,19.367987670004368,0
244,0.944764256477356,0.7099902629852295,0.9497829675674438,0.0547037273645401,0.022012382745742798,19.44475679844618,0
245,0.9434198141098022,0.7093190550804138,0.9413241744041443,0.05473461002111435,0.021976768970489502,19.521520540118217,0
246,0.9393324851989746,0.709453284740448,0.938871443271637,0.05486813187599182,0.022046558558940887,19.598486870527267,0
247,0.9385259747505188,0.711869478225708,0.9368271827697754,0.05485615134239197,0.02209741622209549,19.67549456655979,0
248,0.9386529922485352,0.7117352485656738,0.9418060779571533,0.05465880036354065,0.021979816257953644,19.752185009419918,0
249,0.9399190545082092,0.7093526124954224,0.9438567757606506,0.05465067923069,0.021937094628810883,19.828819148242474,0
250,0.9388533234596252,0.7101916074752808,0.9408771395683289,0.05472979694604874,0.022096484899520874,19.905697859823704,0
251,0.9417189359664917,0.71113121509552,0.9417742490768433,0.05473409593105316,0.021992824971675873,19.982483461499214,0
252,0.9383374452590942,0.7097217440605164,0.9413942694664001,0.05501464754343033,0.022088363766670227,20.059637911617756,0
253,0.9385855197906494,0.7121379375457764,0.9388731718063354,0.05479930341243744,0.022114858031272888,20.136608138680458,0
254,0.9376339316368103,0.7072049379348755,0.947900652885437,0.05474553257226944,0.02201543003320694,20.213422045111656,0
255,0.9424095153808594,0.7115674614906311,0.9411956071853638,0.054689787328243256,0.021969377994537354,20.29013392329216,0
256,0.9351817965507507,0.7104936242103577,0.9401949644088745,0.05472089350223541,0.02205352485179901,20.366955652832985,0
257,0.9339058995246887,0.7095875144004822,0.9425355195999146,0.054690130054950714,0.022091418504714966,20.443783462047577,0
258,0.9359477162361145,0.71113121509552,0.9440612196922302,0.05474761873483658,0.02210499346256256,20.52068294584751,0
259,0.9353050589561462,0.7086479067802429,0.9388912916183472,0.054751768708229065,0.022088579833507538,20.597581431269646,0
260,0.9300577044487,0.7103258371353149,0.9390846490859985,0.0548165962100029,0.022101886570453644,20.674557968974113,0
261,0.9319823384284973,0.7126749157905579,0.9398269653320312,0.05473946034908295,0.022088564932346344,20.756690114736557,1
262,0.9285520911216736,0.7115674614906311,0.939317524433136,0.05527479201555252,0.02214173972606659,20.83416637778282,0
263,0.9300739169120789,0.7095539569854736,0.9421381950378418,0.05483753979206085,0.02208934724330902,20.911204181611538,0
264,0.9268212914466858,0.7125071287155151,0.9363319277763367,0.05463889241218567,0.02207528054714203,20.98796770721674,0
265,0.9268989562988281,0.7101916074752808,0.9454537630081177,0.05462183058261871,0.02208138257265091,21.06472208350897,0
266,0.9263254404067993,0.7114332318305969,0.9410122632980347,0.05497514456510544,0.022050246596336365,21.141800969839096,0
267,0.9286385774612427,0.7122050523757935,0.9354276657104492,0.05466219037771225,0.022154472768306732,21.21866934746504,0
268,0.9259513020515442,0.7081445455551147,0.9480839967727661,0.054683081805706024,0.022095173597335815,21.29550039768219,0
269,0.9288963675498962,0.7125742435455322,0.93755042552948,0.054493650794029236,0.022094063460826874,21.372141897678375,0
270,0.9281678795814514,0.7124064564704895,0.9351335167884827,0.05478726327419281,0.022148944437503815,21.44914550334215,0
271,0.9264192581176758,0.7102251648902893,0.9399980306625366,0.05464638024568558,0.022050291299819946,21.525896467268467,0
272,0.9228917956352234,0.7108291983604431,0.9451027512550354,0.05463244765996933,0.02209765464067459,21.60267899185419,0
273,0.9219335317611694,0.7126413583755493,0.9374596476554871,0.0547550693154335,0.022137850522994995,21.67962294816971,0
274,0.924843430519104,0.7096210718154907,0.9356858730316162,0.05470174551010132,0.022073224186897278,21.75645074993372,0
275,0.9227955937385559,0.7088156938552856,0.9512264728546143,0.05467035621404648,0.02211102843284607,21.833289720118046,0
276,0.9255098104476929,0.7123728394508362,0.9375788569450378,0.05542359501123428,0.022174730896949768,21.910954885184765,0
277,0.9222606420516968,0.7102922797203064,0.9347332715988159,0.05477955937385559,0.02201065421104431,21.98784774541855,0
278,0.922182559967041,0.7106949687004089,0.9411200881004333,0.05475454777479172,0.02210076153278351,22.0647596642375,0
279,0.9195998907089233,0.7123728394508362,0.9398011565208435,0.05471120774745941,0.022089488804340363,22.141620986163616,0
280,0.9214836359024048,0.7121379375457764,0.9367865324020386,0.05468219518661499,0.022055715322494507,22.21840513497591,0
281,0.9202004075050354,0.7121714949607849,0.9357870817184448,0.05474213510751724,0.022039785981178284,22.29523504525423,0
282,0.9191445112228394,0.7122721672058105,0.9398651719093323,0.054693132638931274,0.022013410925865173,22.3719946667552,0
283,0.9171999096870422,0.7107285261154175,0.9380139708518982,0.05483344942331314,0.022118933498859406,22.449006132781506,0
284,0.9184178113937378,0.7117016911506653,0.9388182759284973,0.0548553466796875,0.022125981748104095,22.52603980898857,0
285,0.9178168177604675,0.7127084732055664,0.9352953433990479,0.05480089783668518,0.02210414409637451,22.60872119665146,1
286,0.9197607636451721,0.7110641002655029,0.9372118711471558,0.05485571175813675,0.022104158997535706,22.685738302767277,0
287,0.913996696472168,0.7117016911506653,0.9399465322494507,0.05471138656139374,0.022099852561950684,22.762607038021088,0
288,0.9167929887771606,0.7142185568809509,0.9297664761543274,0.054729923605918884,0.02197503298521042,22.844336226582527,1
289,0.913520336151123,0.7125071287155151,0.9370988011360168,0.054859720170497894,0.02207402139902115,22.92132928222418,0
290,0.9136906266212463,0.7098560333251953,0.9524767398834229,0.0548105388879776,0.0221639946103096,22.99835741519928,0
291,0.913759171962738,0.7129433751106262,0.9343598484992981,0.05471944063901901,0.022011660039424896,23.0751493871212,0
292,0.9121326804161072,0.7117352485656738,0.9369099736213684,0.05465972423553467,0.022119469940662384,23.15198064595461,0
293,0.9133811593055725,0.7113325595855713,0.9418533444404602,0.05472064018249512,0.021982342004776,23.228735648095608,0
294,0.9094946980476379,0.7142521142959595,0.9349729418754578,0.05471695214509964,0.02210497111082077,23.311827167868614,1
295,0.9082313776016235,0.7118023633956909,0.9400342106819153,0.05470297485589981,0.02203749120235443,23.38861645013094,0
296,0.9116115570068359,0.713178277015686,0.9354251623153687,0.054817989468574524,0.022069454193115234,23.46556294709444,0
297,0.9096914529800415,0.71354740858078,0.9348680377006531,0.05475696921348572,0.022036708891391754,23.542409516870975,0
298,0.9054771661758423,0.7121379375457764,0.9401776790618896,0.054706938564777374,0.022000595927238464,23.619172982871532,0
299,0.9102445840835571,0.7132453918457031,0.933048665523529,0.05480062961578369,0.02204069495201111,23.6960673853755,0
300,0.9089471697807312,0.7112318873405457,0.9479712843894958,0.054663561284542084,0.022086061537265778,23.772868774831295,0
301,0.906217634677887,0.7125406861305237,0.9360145926475525,0.05460493266582489,0.022075653076171875,23.84960726648569,0
302,0.9080389142036438,0.7141849994659424,0.9308826923370361,0.054735615849494934,0.02198367565870285,23.92637549340725,0
303,0.9084280133247375,0.7108627557754517,0.9470348358154297,0.05477263033390045,0.0220840722322464,24.003281094133854,0
304,0.9060035943984985,0.7126413583755493,0.9387054443359375,0.05484849214553833,0.02204032987356186,24.080244190990925,0
305,0.9048762321472168,0.7127755880355835,0.9316148161888123,0.05471362918615341,0.022106096148490906,24.157117508351803,0
306,0.9045524597167969,0.7112990021705627,0.9415488839149475,0.05462609976530075,0.022117100656032562,24.233913473784924,0
307,0.903928279876709,0.7136480808258057,0.9357737898826599,0.05474375933408737,0.022096112370491028,24.31081283837557,0
308,0.9042544364929199,0.7132118344306946,0.9330887794494629,0.05468766391277313,0.022038348019123077,24.38758559525013,0
309,0.9040442705154419,0.712238609790802,0.9413704872131348,0.05502595007419586,0.02210458368062973,24.464765325188637,0
310,0.8991394639015198,0.7140172123908997,0.9348289966583252,0.05477733165025711,0.022007085382938385,24.541604213416576,0
311,0.9024567008018494,0.7122721672058105,0.930406928062439,0.05477263778448105,0.022109955549240112,24.61854074150324,0
312,0.8998575210571289,0.7120037078857422,0.9391654133796692,0.05478661507368088,0.022083759307861328,24.695456877350807,0
313,0.8975297212600708,0.7141178846359253,0.9392220377922058,0.05459299683570862,0.02209790050983429,24.772206336259842,0
314,0.9043921828269958,0.7140843272209167,0.9309504628181458,0.05474274605512619,0.02202245593070984,24.84903145581484,0
315,0.9023236036300659,0.7142521142959595,0.9353296756744385,0.05476512759923935,0.02210717648267746,24.92595635354519,0
316,0.8990433812141418,0.7125406861305237,0.9434973001480103,0.054761312901973724,0.0220220685005188,25.00279138237238,0
317,0.8983592391014099,0.7140843272209167,0.9313243627548218,0.05473020672798157,0.022173240780830383,25.07975408434868,0
318,0.8979054093360901,0.71354740858078,0.9313090443611145,0.05480721592903137,0.022033683955669403,25.156685262918472,0
319,0.8969505429267883,0.7125742435455322,0.9395413398742676,0.054779648780822754,0.022123783826828003,25.23364044725895,0
320,0.8962604999542236,0.7134467363357544,0.9370025396347046,0.05473385006189346,0.022014811635017395,25.310436755418777,0
321,0.8937082290649414,0.7128762602806091,0.9368791580200195,0.05474374443292618,0.021990038454532623,25.38721803575754,0
322,0.8953688144683838,0.7123728394508362,0.9373352527618408,0.054699644446372986,0.022085152566432953,25.464048638939857,0
323,0.8943530321121216,0.7155609130859375,0.9300662875175476,0.054754361510276794,0.02198798954486847,25.546361446380615,1
324,0.8937243819236755,0.7125071287155151,0.936601459980011,0.054716162383556366,0.02207290381193161,25.623207613825798,0
325,0.89356929063797,0.7147890329360962,0.9317697286605835,0.054826103150844574,0.022049464285373688,25.700146861374378,0
326,0.8938406109809875,0.7148225903511047,0.9327096939086914,0.05473241209983826,0.02202572673559189,25.776957027614117,0
327,0.8947351574897766,0.7129433751106262,0.9402942657470703,0.0547507107257843,0.022104866802692413,25.853883914649487,0
328,0.89251309633255,0.7131447196006775,0.9361901879310608,0.05471961200237274,0.022099211812019348,25.93075490742922,0
329,0.8928999304771423,0.7132789492607117,0.93224036693573,0.05471671372652054,0.021980583667755127,26.00749856978655,0
330,0.8973159790039062,0.709084153175354,0.9555818438529968,0.054676033556461334,0.02209538221359253,26.084330171346664,0
331,0.8909119963645935,0.7125071287155151,0.9364023208618164,0.05474439263343811,0.02204921841621399,26.161176063120365,0
332,0.8924090266227722,0.7156615853309631,0.9290270805358887,0.054721057415008545,0.022002607583999634,26.24461778998375,1
333,0.8954355716705322,0.7117688059806824,0.9383930563926697,0.05485730618238449,0.02200104296207428,26.321577593684196,0
334,0.8890301585197449,0.7144534587860107,0.9381037354469299,0.054766975343227386,0.022011958062648773,26.398410014808178,0
335,0.8936367630958557,0.7147219181060791,0.9281619787216187,0.0547364205121994,0.02211122214794159,26.475305654108524,0
336,0.8889235854148865,0.7116010189056396,0.9385387301445007,0.055165521800518036,0.022161200642585754,26.552681758999825,0
337,0.8930933475494385,0.7140172123908997,0.938431441783905,0.05476173758506775,0.02203860878944397,26.629539653658867,0
338,0.8907188773155212,0.7153260111808777,0.9280287027359009,0.05474726855754852,0.022106170654296875,26.706445783376694,0
339,0.8890174031257629,0.713178277015686,0.936069667339325,0.05472078174352646,0.022042885422706604,26.783275745809078,0
340,0.8860440850257874,0.7097889184951782,0.9557729363441467,0.05480390042066574,0.022119037806987762,26.860250748693943,0
341,0.892922580242157,0.7120037078857422,0.9285536408424377,0.05486266314983368,0.021997541189193726,26.937163144350052,0
342,0.8869109749794006,0.711869478225708,0.9427194595336914,0.05483219772577286,0.022121809422969818,27.014169804751873,0
343,0.8873324990272522,0.7115339040756226,0.9416118860244751,0.05479448288679123,0.02210967242717743,27.09113284945488,0
344,0.887317419052124,0.7106949687004089,0.9432586431503296,0.05483745038509369,0.022066183388233185,27.168097279965878,0
345,0.8828500509262085,0.7142521142959595,0.9379655122756958,0.05481134355068207,0.022058218717575073,27.24501932412386,0
346,0.8859080076217651,0.7132118344306946,0.9359076619148254,0.054755158722400665,0.022036030888557434,27.32186385989189,0
347,0.8781843185424805,0.7113996744155884,0.940271258354187,0.05482872575521469,0.022077195346355438,27.39882703870535,0
348,0.884074330329895,0.7147554755210876,0.9320812821388245,0.054689303040504456,0.022038497030735016,27.475607737898827,0
349,0.8838282823562622,0.7136816382408142,0.9326199293136597,0.054735638201236725,0.022127322852611542,27.552522376179695,0
350,0.8815791010856628,0.7108963131904602,0.9433504343032837,0.05480729043483734,0.0220554918050766,27.62943897396326,0
351,0.8831446170806885,0.7143192291259766,0.9329493045806885,0.05474752187728882,0.0220964252948761,27.706334836781025,0
352,0.8798539638519287,0.7137151956558228,0.9347128868103027,0.05475673824548721,0.022028788924217224,27.783176347613335,0
353,0.8847269415855408,0.7102922797203064,0.9434422850608826,0.054648809134960175,0.021973364055156708,27.859844997525215,0
354,0.8836075663566589,0.7149568200111389,0.9351168870925903,0.05475117266178131,0.022060774266719818,27.936735548079014,0
355,0.87693190574646,0.71596360206604,0.9244036674499512,0.054738447070121765,0.022009536623954773,28.01961624622345,1
356,0.881959855556488,0.7138158679008484,0.9437444806098938,0.0549788773059845,0.022014640271663666,28.096680723130703,0
357,0.8814328908920288,0.7152588963508606,0.9337503910064697,0.05478847771883011,0.022107496857643127,28.173630066215992,0
358,0.8776771426200867,0.7141514420509338,0.9286854267120361,0.054738327860832214,0.02201984077692032,28.250439673662186,0
359,0.8789464235305786,0.7131447196006775,0.9395143985748291,0.05475417524576187,0.022002287209033966,28.32724829763174,0
360,0.8795146942138672,0.7090170383453369,0.9492027163505554,0.0546967089176178,0.022003673017024994,28.40399483591318,0
361,0.8828911185264587,0.7127755880355835,0.9392303228378296,0.05465397983789444,0.022063128650188446,28.48076468706131,0
362,0.8801250457763672,0.7162320613861084,0.9276090264320374,0.054704248905181885,0.022078342735767365,28.563662454485893,1
363,0.8788154721260071,0.7105942964553833,0.9459366202354431,0.05468028038740158,0.02204769104719162,28.640445709228516,0
364,0.8782121539115906,0.7123057246208191,0.9452352523803711,0.05475147068500519,0.022089406847953796,28.717338770627975,0
365,0.8776637315750122,0.7167354226112366,0.9277765154838562,0.0547301322221756,0.022039994597434998,28.799238950014114,1
366,0.8783920407295227,0.7112990021705627,0.9447444081306458,0.05478838086128235,0.022068984806537628,28.876149877905846,0
367,0.8781952261924744,0.7127755880355835,0.9445855021476746,0.05468399077653885,0.02210138738155365,28.95298696309328,0
368,0.8713088035583496,0.7151917815208435,0.9296302795410156,0.05477185547351837,0.022074952721595764,29.029886811971664,0
369,0.8724925518035889,0.7138829827308655,0.9341287612915039,0.0547848716378212,0.022091954946517944,29.106825836002827,0
370,0.8752560615539551,0.7141178846359253,0.9418671131134033,0.05483713001012802,0.022054731845855713,29.183764971792698,0
371,0.8720220327377319,0.7150575518608093,0.9309468865394592,0.054762281477451324,0.022033721208572388,29.26061538606882,0
372,0.8732694983482361,0.712440013885498,0.930901825428009,0.0546574667096138,0.02200530469417572,29.33733058720827,0
373,0.8731873631477356,0.7148225903511047,0.9364160299301147,0.054734013974666595,0.022008046507835388,29.41413201391697,0
374,0.8719404339790344,0.711500346660614,0.943315327167511,0.05471634119749069,0.022012703120708466,29.490909419953823,0
375,0.8720605969429016,0.7145205736160278,0.9340906143188477,0.054821573197841644,0.02218887209892273,29.567971527576447,0
376,0.8719402551651001,0.7136480808258057,0.9390990734100342,0.05479933321475983,0.02202962338924408,29.644855819642544,0
377,0.8701393008232117,0.7160307168960571,0.9344178438186646,0.05474427342414856,0.022097647190093994,29.721757151186466,0
378,0.868479311466217,0.7143192291259766,0.9354220032691956,0.05472908914089203,0.022053338587284088,29.798591382801533,0
379,0.8696191310882568,0.7153260111808777,0.9323366284370422,0.05476757884025574,0.022102154791355133,29.87551325559616,0
380,0.865802526473999,0.7157958149909973,0.9364392757415771,0.05474244803190231,0.022013507783412933,29.95232666283846,0
381,0.8717333078384399,0.7157287001609802,0.9321158528327942,0.054888173937797546,0.022137604653835297,30.029404491186142,0
382,0.8687050342559814,0.7157287001609802,0.9305418133735657,0.05476594716310501,0.022023163735866547,30.106256298720837,0
383,0.8701196312904358,0.7153595685958862,0.9352800846099854,0.05477019399404526,0.02211686223745346,30.18319670855999,0
384,0.8667705655097961,0.7137487530708313,0.9369311332702637,0.054713405668735504,0.02209368348121643,30.260049991309643,0
385,0.868838906288147,0.71596360206604,0.9286383986473083,0.05463946610689163,0.022105343639850616,30.33684280514717,0
386,0.8661000728607178,0.7144870162010193,0.9387512803077698,0.05469178408384323,0.022039048373699188,30.413625210523605,0
387,0.8664897680282593,0.7143863439559937,0.9384466409683228,0.054773181676864624,0.022129490971565247,30.490574188530445,0
388,0.8619135618209839,0.715158224105835,0.9341280460357666,0.05488192290067673,0.022026948630809784,30.567551597952843,0
389,0.8689761757850647,0.7131447196006775,0.9472188949584961,0.054957032203674316,0.022167563438415527,30.644732356071472,0
390,0.8661247491836548,0.7125071287155151,0.9407523274421692,0.05470921844244003,0.02206338942050934,30.721576668322086,0
391,0.8676550984382629,0.7148225903511047,0.9334588050842285,0.054690711200237274,0.022100962698459625,30.79841448366642,0
392,0.8693751096725464,0.7136145234107971,0.9389981627464294,0.05465671420097351,0.022008180618286133,30.87512544542551,0
393,0.8628287315368652,0.7134467363357544,0.9383198022842407,0.05470454692840576,0.02216722071170807,30.952044412493706,0
394,0.866386353969574,0.7127755880355835,0.9435309767723083,0.054940104484558105,0.02200065553188324,31.029045552015305,0
395,0.8675636053085327,0.7150575518608093,0.9346906542778015,0.05482545495033264,0.02206050604581833,31.10599021613598,0
396,0.8643731474876404,0.7160978317260742,0.9350131154060364,0.05478952080011368,0.022119849920272827,31.182953394949436,0
397,0.8645191192626953,0.7111647725105286,0.9521347880363464,0.05473710596561432,0.022052660584449768,31.259801380336285,0
398,0.8683289289474487,0.7115339040756226,0.9386441111564636,0.054666124284267426,0.021985657513141632,31.336505733430386,0
399,0.8686985969543457,0.7152924537658691,0.9412580132484436,0.054700978100299835,0.021990686655044556,31.41324955970049,0
400,0.8638074994087219,0.7167689800262451,0.9359874129295349,0.054736725986003876,0.022122249007225037,31.496118791401386,1
401,0.8625872731208801,0.7145205736160278,0.9352210164070129,0.0547647699713707,0.022097252309322357,31.573040053248405,0
402,0.8627291917800903,0.7147554755210876,0.9364281296730042,0.054834313690662384,0.022115908563137054,31.6500803232193,0
403,0.8593037128448486,0.712742030620575,0.9447279572486877,0.054697081446647644,0.02209070324897766,31.726926371455193,0
404,0.8617931008338928,0.7148225903511047,0.9345688223838806,0.054695747792720795,0.021997347474098206,31.8036682382226,0
405,0.8601427674293518,0.7165676355361938,0.9318445324897766,0.05467977374792099,0.022025369107723236,31.88042487204075,0
406,0.8598177433013916,0.7137823104858398,0.9399603605270386,0.05469418317079544,0.022089876234531403,31.95726101845503,0
407,0.857828676700592,0.7147219181060791,0.9366261959075928,0.05476289987564087,0.02204831689596176,32.034124955534935,0
408,0.8590995669364929,0.7172387838363647,0.9277952909469604,0.05477114021778107,0.02210136502981186,32.117596842348576,1
409,0.8594746589660645,0.7143863439559937,0.9366655945777893,0.05489577353000641,0.022116102278232574,32.19467233121395,0
410,0.8530577421188354,0.7122721672058105,0.9451572299003601,0.05475813150405884,0.022018253803253174,32.27150269597769,0
411,0.8547723293304443,0.716701865196228,0.9299813508987427,0.054784998297691345,0.022109635174274445,32.34845343977213,0
412,0.8602004051208496,0.7149903774261475,0.9353135228157043,0.054605260491371155,0.02197732776403427,32.42508774250746,0
413,0.8590080738067627,0.7122721672058105,0.9435175061225891,0.05470898002386093,0.022037819027900696,32.5018815100193,0
414,0.8547403216362,0.7148561477661133,0.937646746635437,0.05474062263965607,0.022099658846855164,32.578775592148304,0
415,0.8576628565788269,0.7155609130859375,0.9323413968086243,0.054720982909202576,0.022109970450401306,32.655664689838886,0
416,0.8535305261611938,0.7160978317260742,0.9347154498100281,0.05469279736280441,0.022004514932632446,32.732414565980434,0
417,0.8530718088150024,0.71354740858078,0.9471116065979004,0.05478221923112869,0.022086650133132935,32.809336453676224,0
418,0.8554384708404541,0.7161313891410828,0.9306121468544006,0.054735735058784485,0.022070810198783875,32.886196188628674,0
419,0.8547588586807251,0.7150575518608093,0.9325183033943176,0.05476337671279907,0.02201741933822632,32.963030487298965,0
420,0.8537793159484863,0.7142521142959595,0.9476650357246399,0.054735369980335236,0.022098131477832794,33.03991758823395,0
421,0.8522742986679077,0.7153595685958862,0.9361642003059387,0.05471222847700119,0.022080563008785248,33.11676308512688,0
422,0.8503237366676331,0.7147219181060791,0.9364784359931946,0.054678283631801605,0.02197544276714325,33.193467661738396,0
423,0.8525912165641785,0.7144199013710022,0.9396227598190308,0.05475363880395889,0.022114820778369904,33.270384058356285,0
424,0.8537982106208801,0.7177422046661377,0.9303343892097473,0.05504809319972992,0.02203623205423355,33.35315314680338,1
425,0.8521640300750732,0.7140507698059082,0.9418944120407104,0.05480387806892395,0.022103413939476013,33.43011578172445,0
426,0.8528397679328918,0.714285671710968,0.9389253854751587,0.0547114834189415,0.022064022719860077,33.50694379210472,0
427,0.8505463004112244,0.7158629298210144,0.9344152212142944,0.054735615849494934,0.021995909512043,33.58372563868761,0
428,0.8512685894966125,0.7145205736160278,0.9411414265632629,0.05469820648431778,0.022101692855358124,33.66058559715748,0
429,0.8515884280204773,0.713111162185669,0.9409677386283875,0.054715223610401154,0.022047102451324463,33.737400732934475,0
430,0.8481284379959106,0.716332733631134,0.9393194913864136,0.055033326148986816,0.022179417312145233,33.8146635517478,0
431,0.8516125679016113,0.7157958149909973,0.9380263686180115,0.05493124574422836,0.022004306316375732,33.89166400581598,0
432,0.8503031134605408,0.7169367671012878,0.9361647367477417,0.054746128618717194,0.022117026150226593,33.968580305576324,0
433,0.8488269448280334,0.7136480808258057,0.943487286567688,0.05468417704105377,0.022050708532333374,34.04537007212639,0
434,0.8482856750488281,0.7165005207061768,0.9325418472290039,0.054738037288188934,0.02210330218076706,34.12226351350546,0
435,0.8471260070800781,0.7139836549758911,0.9396235942840576,0.05475103110074997,0.022038862109184265,34.19910295307636,0
436,0.8486180305480957,0.7153931260108948,0.9399831295013428,0.05463937669992447,0.02208336442708969,34.27587153762579,0
437,0.8485543727874756,0.718312680721283,0.9343885779380798,0.05467049777507782,0.02199641615152359,34.357809729874134,1
438,0.8452913761138916,0.7122721672058105,0.9407718181610107,0.05500674247741699,0.022282637655735016,34.43515333533287,0
439,0.8463299870491028,0.7163998484611511,0.9335005283355713,0.05484650284051895,0.022048674523830414,34.512127093970776,0
440,0.8454617857933044,0.715594470500946,0.9373040199279785,0.05476858466863632,0.02200484275817871,34.5889637619257,0
441,0.8496144413948059,0.7148225903511047,0.9402227997779846,0.05477416515350342,0.022014647722244263,34.665812373161316,0
442,0.8480778336524963,0.7161649465560913,0.9344915747642517,0.05473720282316208,0.022010117769241333,34.7426146119833,0
443,0.8449098467826843,0.7155609130859375,0.9360297918319702,0.05477018654346466,0.022046461701393127,34.819491505622864,0
444,0.8483424186706543,0.7137151956558228,0.946890652179718,0.05473440885543823,0.022003263235092163,34.896282494068146,0
445,0.8481780886650085,0.7157958149909973,0.9368962645530701,0.05480150133371353,0.02210818976163864,34.97324560582638,0
446,0.8462592959403992,0.716332733631134,0.9284086227416992,0.054772958159446716,0.02200089395046234,35.050073102116585,0
447,0.8447267413139343,0.7141849994659424,0.9407927393913269,0.05474519729614258,0.022022224962711334,35.126894414424896,0
448,0.8449826836585999,0.7156615853309631,0.9378864169120789,0.05476456135511398,0.02210741490125656,35.203820772469044,0
449,0.8456829190254211,0.7173394560813904,0.9318418502807617,0.05467960983514786,0.022069431841373444,35.28062232583761,0
450,0.8484772443771362,0.7121379375457764,0.952836275100708,0.054800234735012054,0.022103220224380493,35.35757997632027,0
451,0.8444851040840149,0.7157622575759888,0.9386235475540161,0.05477580428123474,0.022111967206001282,35.43452200293541,0
452,0.8418571352958679,0.7174736857414246,0.9299198985099792,0.0546984001994133,0.022205032408237457,35.511478163301945,0
453,0.8430809378623962,0.7121043801307678,0.9536737203598022,0.054898083209991455,0.022038444876670837,35.58852764964104,0
454,0.8469935059547424,0.715023934841156,0.9420410394668579,0.054784588515758514,0.02202405035495758,35.665391869843006,0
455,0.8447533845901489,0.7174065709114075,0.931104302406311,0.05478408932685852,0.02211473137140274,35.742343842983246,0
456,0.844249963760376,0.7147219181060791,0.9406634569168091,0.05473671108484268,0.022085092961788177,35.819219559431076,0
457,0.8450444340705872,0.7154937982559204,0.9481968879699707,0.054692380130290985,0.022105567157268524,35.89606378227472,0
458,0.8398280143737793,0.7161985039710999,0.9425608515739441,0.05465344339609146,0.022095300257205963,35.97287893295288,0
459,0.8415877223014832,0.7160307168960571,0.9364546537399292,0.0547175332903862,0.02203330397605896,36.049681171774864,0
460,0.844144344329834,0.7168025374412537,0.9405294060707092,0.054907701909542084,0.022103242576122284,36.12674708664417,0
461,0.8405913710594177,0.71354740858078,0.9392621517181396,0.055096641182899475,0.022080890834331512,36.204032607376575,0
462,0.8393334746360779,0.7140843272209167,0.9400022625923157,0.05615903437137604,0.022252731025218964,36.28253950923681,0
463,0.8402643203735352,0.7160642743110657,0.9405907988548279,0.05486050993204117,0.02210003137588501,36.35960716754198,0
464,0.841041088104248,0.7140172123908997,0.9431238174438477,0.0546889528632164,0.02198626846075058,36.43633537739515,0
465,0.8383082747459412,0.7149232625961304,0.9413484334945679,0.054728105664253235,0.021986328065395355,36.51311110705137,0
466,0.841177225112915,0.7160307168960571,0.9381333589553833,0.0549202486872673,0.022058792412281036,36.59015332907438,0
467,0.8381186127662659,0.7153260111808777,0.9393650889396667,0.05479923635721207,0.02208184450864792,36.66708869487047,0
468,0.8404463529586792,0.714285671710968,0.9386499524116516,0.05548419803380966,0.022315070033073425,36.74494607746601,0
469,0.838533878326416,0.715023934841156,0.9401858448982239,0.054881319403648376,0.022041380405426025,36.82197592407465,0
470,0.8393992185592651,0.7182120084762573,0.9382820725440979,0.05480117350816727,0.022011779248714447,36.89884356409311,0
471,0.8371026515960693,0.7161985039710999,0.9378599524497986,0.05471958965063095,0.022000543773174286,36.975614100694656,0
472,0.8368299007415771,0.7151246666908264,0.9371179938316345,0.05476357787847519,0.02209000289440155,37.05251830816269,0
473,0.8368285894393921,0.7153260111808777,0.9425524473190308,0.05469746142625809,0.02209286391735077,37.129360161721706,0
474,0.8344311118125916,0.7141514420509338,0.9443073272705078,0.05480901151895523,0.022022873163223267,37.20624516904354,0
475,0.8378612995147705,0.7184804677963257,0.9314203262329102,0.054974161088466644,0.02207576483488083,37.28870839625597,1
476,0.8372498154640198,0.7137151956558228,0.947497546672821,0.05476149171590805,0.022029757499694824,37.36555713415146,0
477,0.835517168045044,0.7173394560813904,0.9394569993019104,0.054787106812000275,0.022096984088420868,37.44249341636896,0
478,0.8332458734512329,0.7166347503662109,0.940916895866394,0.05481558293104172,0.02204284816980362,37.519407138228416,0
479,0.8380681872367859,0.718312680721283,0.9358817934989929,0.05472433567047119,0.02211778610944748,37.596310406923294,0
480,0.8350053429603577,0.7136145234107971,0.9484456181526184,0.05471488833427429,0.021980591118335724,37.6730602234602,0
481,0.8374813199043274,0.7170374393463135,0.9418045282363892,0.05473526567220688,0.021990127861499786,37.749837435781956,0
482,0.8361146450042725,0.7173058986663818,0.9354401230812073,0.05473976582288742,0.022032737731933594,37.82665818929672,0
483,0.8355873227119446,0.7158293724060059,0.9421849250793457,0.054697297513484955,0.022126048803329468,37.903529308736324,0
484,0.8336642980575562,0.7195878624916077,0.9387069344520569,0.05478706210851669,0.022017166018486023,37.98612233996391,1
485,0.8340268135070801,0.7129769325256348,0.9443960189819336,0.05487857013940811,0.022045068442821503,38.063134007155895,0
486,0.8355312347412109,0.7173730134963989,0.9364718794822693,0.05473944544792175,0.021990284323692322,38.13991627842188,0
487,0.8315678238868713,0.7152924537658691,0.9461348652839661,0.05469901114702225,0.021994024515151978,38.21666023880243,0
488,0.8320854902267456,0.7149568200111389,0.9404672980308533,0.05470452457666397,0.022073373198509216,38.29349046200514,0
489,0.8322817087173462,0.7176750898361206,0.9395442008972168,0.05475582182407379,0.022037841379642487,38.37033077329397,0
490,0.8312999606132507,0.71354740858078,0.9480597972869873,0.0547061413526535,0.022093355655670166,38.447177067399025,0
491,0.8320605754852295,0.7130776047706604,0.9512479901313782,0.05470718443393707,0.022033222019672394,38.52396334707737,0
492,0.8300138711929321,0.7184133529663086,0.9363246560096741,0.054714687168598175,0.022145435214042664,38.600892812013626,0
493,0.8314675688743591,0.7147219181060791,0.9391289949417114,0.054941631853580475,0.02209565043449402,38.67799601703882,0
494,0.8302038908004761,0.7165676355361938,0.9442792534828186,0.05468513071537018,0.022058352828025818,38.75479203462601,0
495,0.8310548663139343,0.7173730134963989,0.9433701634407043,0.054758816957473755,0.021981626749038696,38.83158425986767,0
496,0.8303888440132141,0.7174736857414246,0.9382087588310242,0.05470460653305054,0.022090360522270203,38.90842578560114,0
497,0.8303448557853699,0.7167354226112366,0.9387113451957703,0.05469852685928345,0.022103965282440186,38.985276371240616,0
498,0.8283823728561401,0.7137151956558228,0.9516107439994812,0.055019691586494446,0.022165492177009583,39.06251699477434,0
499,0.8321669697761536,0.7168025374412537,0.942944347858429,0.05484659969806671,0.02212689071893692,39.139556258916855,0
500,0.8283564448356628,0.7177422046661377,0.9335938692092896,0.054789505898952484,0.02207305282354355,39.21647187322378,0
501,0.8285410404205322,0.7170038819313049,0.9393891096115112,0.05473162233829498,0.02210243046283722,39.29335839301348,0
502,0.8291089534759521,0.7137151956558228,0.9505561590194702,0.05472619831562042,0.022122420370578766,39.370259158313274,0
503,0.8294857144355774,0.7182455658912659,0.9361822009086609,0.05475527048110962,0.022038534283638,39.447104804217815,0
504,0.8292187452316284,0.7185811400413513,0.9363206028938293,0.05474841594696045,0.022000648081302643,39.52391383051872,0
505,0.8278594613075256,0.7143863439559937,0.9505113959312439,0.054780200123786926,0.02202630788087845,39.600776970386505,0
506,0.8298732042312622,0.7169367671012878,0.9415559768676758,0.05481375753879547,0.022123098373413086,39.677772745490074,0
507,0.8311333060264587,0.7181784510612488,0.940223217010498,0.0548006147146225,0.02209865301847458,39.754725724458694,0
508,0.8273248672485352,0.7137823104858398,0.9494538903236389,0.054765038192272186,0.022001951932907104,39.831546388566494,0
509,0.8294877409934998,0.7160978317260742,0.9439805150032043,0.054769426584243774,0.022116482257843018,39.90848484635353,0
510,0.8262442350387573,0.7152924537658691,0.9499644637107849,0.05478217452764511,0.022019922733306885,39.985342003405094,0
511,0.8334397673606873,0.7147890329360962,0.9487478137016296,0.055150918662548065,0.022107891738414764,40.06266050040722,0
512,0.8275870680809021,0.71596360206604,0.9452915787696838,0.055293008685112,0.022104524075984955,40.140115551650524,0
513,0.8245937824249268,0.7177422046661377,0.945315420627594,0.05481567233800888,0.022050194442272186,40.21706447005272,0
514,0.8286200165748596,0.7144870162010193,0.9463334679603577,0.054784633219242096,0.022114194929599762,40.2940267175436,0
515,0.8278000950813293,0.715527355670929,0.9462652206420898,0.054715558886528015,0.022031567990779877,40.37083098292351,0
516,0.8251713514328003,0.7193194031715393,0.9383414387702942,0.05476118624210358,0.022125422954559326,40.44777221232653,0
517,0.8305787444114685,0.713178277015686,0.9502401947975159,0.054818153381347656,0.022130869328975677,40.52479226142168,0
518,0.822737991809845,0.7147554755210876,0.9478685855865479,0.05471506714820862,0.022112853825092316,40.60167772322893,0
519,0.8270776271820068,0.7168360948562622,0.944534420967102,0.054790809750556946,0.022094227373600006,40.67861783504486,0
520,0.8264272212982178,0.7167354226112366,0.93504399061203,0.054682351648807526,0.022091545164585114,40.755444675683975,0
521,0.8254376649856567,0.7125742435455322,0.9589927196502686,0.05478045344352722,0.022115230560302734,40.832400284707546,0
522,0.8263180255889893,0.7185140252113342,0.93943190574646,0.054673753678798676,0.022047266364097595,40.909189850091934,0
523,0.8203151822090149,0.7189502716064453,0.9354166984558105,0.05475888401269913,0.022094354033470154,40.986095279455185,0
524,0.8221800327301025,0.7115674614906311,0.9598966836929321,0.05512060970067978,0.02209613472223282,41.063367024064064,0
525,0.8239133358001709,0.7151246666908264,0.946938693523407,0.05486232042312622,0.022113315761089325,41.1404095813632,0
526,0.8216573596000671,0.718681812286377,0.9364755749702454,0.05469430983066559,0.021994896233081818,41.21715047955513,0
527,0.823391318321228,0.7146883606910706,0.9452976584434509,0.05466225743293762,0.022007375955581665,41.29386755079031,0
528,0.8223643898963928,0.7154937982559204,0.9448710083961487,0.05464661121368408,0.02209419757127762,41.37065380811691,0
529,0.8201731443405151,0.7151917815208435,0.946541965007782,0.05460798740386963,0.022080451250076294,41.44738882035017,0
530,0.8234602212905884,0.7177422046661377,0.9427942037582397,0.0547015517950058,0.02200400084257126,41.52415703982115,0
531,0.8203107118606567,0.7154937982559204,0.9409966468811035,0.054698310792446136,0.02211349457502365,41.60102476924658,0
532,0.8200268745422363,0.7143527865409851,0.9498375058174133,0.0549904927611351,0.022090964019298553,41.67816062271595,0
533,0.8138595819473267,0.7198227643966675,0.9409945607185364,0.054713815450668335,0.02202371507883072,41.760442703962326,1
534,0.8231496810913086,0.7156951427459717,0.9416803121566772,0.05466032028198242,0.02203144133090973,41.837188981473446,0
535,0.818942129611969,0.7156280279159546,0.9428983926773071,0.05467759817838669,0.022117793560028076,41.91403075307608,0
536,0.8156836628913879,0.7157622575759888,0.9475030899047852,0.05475270748138428,0.022096209228038788,41.99092663824558,0
537,0.8195533156394958,0.71596360206604,0.9453336596488953,0.05495137721300125,0.021994203329086304,42.067926466464996,0
538,0.817920982837677,0.7185811400413513,0.9419286847114563,0.054732419550418854,0.022181354463100433,42.14489167928696,0
539,0.8163236379623413,0.7125071287155151,0.954390287399292,0.05505622923374176,0.022008083760738373,42.22205203026533,0
540,0.8201725482940674,0.7174065709114075,0.9417544603347778,0.05479755997657776,0.02213384211063385,42.29903610050678,0
541,0.8187716603279114,0.7169703245162964,0.9411023259162903,0.05476339906454086,0.02202141284942627,42.37587483227253,0
542,0.815941333770752,0.7172052264213562,0.9437597990036011,0.054700545966625214,0.0219951793551445,42.452629901468754,0
543,0.8162837028503418,0.717070996761322,0.9454061388969421,0.054702214896678925,0.022096283733844757,42.52948047220707,0
544,0.8168946504592896,0.7148225903511047,0.9480720162391663,0.05472470074892044,0.02207571268081665,42.60633346438408,0
545,0.8162700533866882,0.716332733631134,0.9459114074707031,0.05471670627593994,0.02201075851917267,42.6831089258194,0
546,0.8185939192771912,0.7153595685958862,0.9463834166526794,0.05479840189218521,0.02212604135274887,42.760084457695484,0
547,0.8153936862945557,0.7163998484611511,0.9433865547180176,0.05489735305309296,0.02205897867679596,42.83710712939501,0
548,0.8148417472839355,0.7189502716064453,0.939976155757904,0.054712243378162384,0.0220421701669693,42.91391462087631,0
549,0.8162158131599426,0.7132118344306946,0.9636755585670471,0.05474469065666199,0.022134743630886078,42.99084724485874,0
550,0.8190406560897827,0.7185140252113342,0.9385735392570496,0.05475650727748871,0.02210531383752823,43.067765057086945,0
551,0.8153469562530518,0.7178428769111633,0.9420496821403503,0.05472009629011154,0.0220540389418602,43.14459253102541,0
552,0.8143174648284912,0.7166347503662109,0.9475788474082947,0.054750315845012665,0.02213955670595169,43.22153743356466,0
553,0.8164958357810974,0.7194536328315735,0.939957320690155,0.054757095873355865,0.02214507758617401,43.29848691821098,0
554,0.8136736750602722,0.7151246666908264,0.9482942223548889,0.05476128309965134,0.02210603654384613,43.37543959915638,0
555,0.8154017925262451,0.71596360206604,0.9462233781814575,0.05472321808338165,0.02200338989496231,43.452233254909515,0
556,0.8126442432403564,0.716701865196228,0.9462249875068665,0.054695405066013336,0.021988332271575928,43.52896771579981,0
557,0.8144553303718567,0.71596360206604,0.9496966004371643,0.05483591556549072,0.02211950719356537,43.60597816109657,0
558,0.8134501576423645,0.71596360206604,0.9433847665786743,0.05475091189146042,0.02204050123691559,43.68282398581505,0
559,0.8140603303909302,0.7177757620811462,0.9455023407936096,0.05482208728790283,0.022073864936828613,43.75977301597595,0
560,0.8135440945625305,0.7181784510612488,0.9432019591331482,0.054803863167762756,0.022180065512657166,43.83680929988623,0
561,0.8168319463729858,0.7166683077812195,0.946870744228363,0.054903820157051086,0.022025100886821747,43.91379652172327,0
562,0.8126006722450256,0.7165340781211853,0.9473479986190796,0.05481608957052231,0.022085770964622498,43.99075146019459,0
563,0.8119673132896423,0.7171716690063477,0.9379702210426331,0.05471041798591614,0.022042617201805115,44.067558228969574,0
564,0.8107590675354004,0.7160642743110657,0.9480289816856384,0.05476745218038559,0.021998167037963867,44.14437738060951,0
565,0.8075249195098877,0.7150911092758179,0.9540215134620667,0.054725050926208496,0.02211843430995941,44.22127354890108,0
566,0.8141368627548218,0.7190173864364624,0.9408153295516968,0.05470304936170578,0.022030457854270935,44.29805996268988,0
567,0.8114481568336487,0.7147554755210876,0.9508708119392395,0.05471591651439667,0.022079356014728546,44.37490210682154,0
568,0.8119903206825256,0.7169367671012878,0.9464626312255859,0.054876431822776794,0.022139258682727814,44.451975613832474,0
569,0.8082780838012695,0.7182791233062744,0.9473015666007996,0.05478568375110626,0.02200920879840851,44.528834238648415,0
570,0.810238242149353,0.7146883606910706,0.9458023309707642,0.05477418005466461,0.02211076021194458,44.60577196627855,0
571,0.8102696537971497,0.7161985039710999,0.9504103660583496,0.05474301427602768,0.02203202247619629,44.682600133121014,0
572,0.812873125076294,0.7177422046661377,0.9451184272766113,0.054774560034275055,0.0221145898103714,44.75953618437052,0
573,0.8076702952384949,0.7154602408409119,0.9532888531684875,0.054708391427993774,0.022022917866706848,44.83632221072912,0
574,0.8099762201309204,0.7177757620811462,0.9478898048400879,0.05481716990470886,0.0220981165766716,44.9132901057601,0
575,0.808869481086731,0.7156280279159546,0.9471173286437988,0.054805509746074677,0.022050000727176666,44.99019940942526,0
576,0.8068435192108154,0.7145876884460449,0.9537408947944641,0.05470694601535797,0.022008255124092102,45.066968977451324,0
577,0.8128612637519836,0.7173394560813904,0.9478799700737,0.054704658687114716,0.02206391841173172,45.143785275518894,0
578,0.8140272498130798,0.7149232625961304,0.9584477543830872,0.0546816885471344,0.02212238311767578,45.22064183652401,0
579,0.8099785447120667,0.7167689800262451,0.9472261667251587,0.054765552282333374,0.02210620790719986,45.29756606370211,0
580,0.8075945377349854,0.7179099917411804,0.9435241222381592,0.05475104600191116,0.022084206342697144,45.37445446848869,0
581,0.8091371655464172,0.712809145450592,0.9581857919692993,0.05472942441701889,0.02207135409116745,45.451304726302624,0
582,0.8137413859367371,0.7157287001609802,0.9527592658996582,0.054933637380599976,0.022130511701107025,45.528434447944164,0
583,0.8064272999763489,0.7175743579864502,0.9396064281463623,0.054868102073669434,0.0220760777592659,45.605434596538544,0
584,0.8064982295036316,0.7148225903511047,0.9521964192390442,0.05474027246236801,0.022021211683750153,45.682249277830124,0
585,0.8065589666366577,0.7151246666908264,0.956178605556488,0.05479264259338379,0.02201750874519348,45.75911205261946,0
586,0.8095769882202148,0.717070996761322,0.9440110325813293,0.054780736565589905,0.022178776562213898,45.83612386137247,0
587,0.8054373860359192,0.716332733631134,0.9451186656951904,0.05469917505979538,0.02203357219696045,45.91290884464979,0
588,0.8088656067848206,0.7172387838363647,0.9553765654563904,0.05467129498720169,0.02210148423910141,45.989731818437576,0
589,0.8121766448020935,0.7147219181060791,0.9505298137664795,0.05497235804796219,0.02228306233882904,46.06703608483076,0
590,0.8083024024963379,0.7185140252113342,0.9403346180915833,0.05478707700967789,0.022165417671203613,46.14404248446226,0
591,0.8044430017471313,0.7181113362312317,0.948297917842865,0.05486452579498291,0.021987542510032654,46.22096111625433,0
592,0.8063545227050781,0.7151246666908264,0.9559734463691711,0.054734006524086,0.02212432026863098,46.29787343740463,0
593,0.8020621538162231,0.719856321811676,0.9379399418830872,0.0547608956694603,0.02210155874490738,46.380768708884716,1
594,0.8073052763938904,0.7174065709114075,0.95485919713974,0.05478884279727936,0.022022336721420288,46.45764498412609,0
595,0.8034124374389648,0.7157622575759888,0.9535519480705261,0.05469591170549393,0.022146157920360565,46.53453749418259,0
596,0.8083053827285767,0.7216349244117737,0.9354782700538635,0.05499090254306793,0.02207157015800476,46.616660721600056,1
597,0.8048251867294312,0.7146212458610535,0.9542770981788635,0.05482763051986694,0.022099561989307404,46.69364329427481,0
598,0.8039445877075195,0.7127755880355835,0.962128221988678,0.05478932708501816,0.02203771471977234,46.77052468806505,0
599,0.8034916520118713,0.721098005771637,0.9383274912834167,0.054666951298713684,0.022037513554096222,46.84727742522955,0
600,0.8042455315589905,0.7172052264213562,0.9414817094802856,0.054772600531578064,0.02208302915096283,46.924180664122105,0
601,0.8018701076507568,0.714285671710968,0.9691234827041626,0.05462655425071716,0.022039078176021576,47.00089459866285,0
602,0.8046137690544128,0.718681812286377,0.9407057166099548,0.05479913949966431,0.021992869675159454,47.077739633619785,0
603,0.8062881231307983,0.7162991762161255,0.9484504461288452,0.054681748151779175,0.022082723677158356,47.15454987436533,0
604,0.8027970194816589,0.7162991762161255,0.9526245594024658,0.054734937846660614,0.022047266364097595,47.2313793823123,0
605,0.8036119341850281,0.7189167141914368,0.9476869106292725,0.05475452542304993,0.02200661599636078,47.30819375813007,0
606,0.7999688386917114,0.7147219181060791,0.9500975608825684,0.054646775126457214,0.02198779582977295,47.38488883525133,0
607,0.8092409372329712,0.7157622575759888,0.9476311802864075,0.054721005260944366,0.0220964178442955,47.46175903081894,0
608,0.8031206130981445,0.7153595685958862,0.9589323997497559,0.054677851498126984,0.022020719945430756,47.538505502045155,0
609,0.8043968677520752,0.7122721672058105,0.9551036953926086,0.05470498651266098,0.021980315446853638,47.615237936377525,0
610,0.8038585186004639,0.7175743579864502,0.9475399851799011,0.054712191224098206,0.022035658359527588,47.692031636834145,0
611,0.8031996488571167,0.7164334058761597,0.9564263224601746,0.05460977554321289,0.02209058403968811,47.768779166042805,0
612,0.801566481590271,0.7154602408409119,0.9529982209205627,0.05504491925239563,0.022105276584625244,47.84597905725241,0
613,0.8036004900932312,0.7172052264213562,0.9532263278961182,0.054709360003471375,0.022057227790355682,47.92279913276434,0
614,0.8043380975723267,0.7145541310310364,0.9584665894508362,0.05477001518011093,0.022087737917900085,47.99970905482769,0
615,0.8006044030189514,0.7185811400413513,0.9457178711891174,0.054654575884342194,0.022059351205825806,48.076474733650684,0
616,0.8010600805282593,0.7186146974563599,0.9477449059486389,0.05471276491880417,0.021988175809383392,48.15323219448328,0
617,0.8055170774459839,0.7138829827308655,0.9579471945762634,0.054721251130104065,0.022027447819709778,48.23003453016281,0
618,0.7980411052703857,0.7153595685958862,0.95786052942276,0.0547897070646286,0.022109396755695343,48.30699572712183,0
619,0.8022472262382507,0.7172723412513733,0.946826696395874,0.054666705429553986,0.022045418620109558,48.383755676448345,0
620,0.8022764325141907,0.7161985039710999,0.945243239402771,0.05470580607652664,0.021985478699207306,48.460498943924904,0
621,0.8004981279373169,0.715896487236023,0.9602354764938354,0.05510760098695755,0.0221148282289505,48.537775702774525,0
622,0.8000770211219788,0.7161313891410828,0.951212465763092,0.05472339689731598,0.022097229957580566,48.61465048789978,0
623,0.8003209233283997,0.7176414728164673,0.9468437433242798,0.05473001301288605,0.022013723850250244,48.6914471462369,0
624,0.8060061931610107,0.7143863439559937,0.9655968546867371,0.054750166833400726,0.02204294502735138,48.768302358686924,0
625,0.8007966876029968,0.7177757620811462,0.9422895908355713,0.055056922137737274,0.02201494574546814,48.84542778134346,0
626,0.8021636009216309,0.7139500975608826,0.9580172300338745,0.05476357042789459,0.02212141454219818,48.92236606776714,0
627,0.8036841154098511,0.7146212458610535,0.963615357875824,0.05471079796552658,0.022053122520446777,48.99917761236429,0
628,0.7985503673553467,0.7186482548713684,0.9456659555435181,0.054796651005744934,0.02210123836994171,49.076128743588924,0
629,0.7997380495071411,0.7161313891410828,0.9526749849319458,0.0547429621219635,0.022104762494564056,49.15302786976099,0
630,0.7993860840797424,0.7147554755210876,0.9563664197921753,0.05478280782699585,0.022022470831871033,49.229886315763,0
631,0.7997616529464722,0.7171716690063477,0.9524432420730591,0.05475325137376785,0.022110097110271454,49.30680862814188,0
632,0.7965701222419739,0.7175408005714417,0.9480718970298767,0.0546320304274559,0.022022895514965057,49.38351131975651,0
633,0.7974119782447815,0.7175408005714417,0.9478448033332825,0.05478246510028839,0.022026434540748596,49.460368148982525,0
634,0.8009174466133118,0.7164334058761597,0.9590138792991638,0.05475547909736633,0.02225399762392044,49.53743055462837,0
635,0.7950925827026367,0.7166347503662109,0.9495566487312317,0.05465061962604523,0.022113144397735596,49.61424519121647,0
636,0.8016653060913086,0.7183462381362915,0.9479728937149048,0.05478730797767639,0.022114835679531097,49.691199980676174,0
637,0.7940296530723572,0.7149568200111389,0.9599700570106506,0.0547209233045578,0.02199579030275345,49.76796302944422,0
638,0.7948062419891357,0.719050943851471,0.9449577927589417,0.054693497717380524,0.021980859339237213,49.84469144791365,0
639,0.7988439202308655,0.7188495993614197,0.9511355757713318,0.05475559085607529,0.022097431123256683,49.92160389572382,0
640,0.7964897751808167,0.7129769325256348,0.9682276844978333,0.05480899661779404,0.022103607654571533,49.99856919050217,0
641,0.7991965413093567,0.7184804677963257,0.9411957263946533,0.054778896272182465,0.022007450461387634,50.07540971785784,0
642,0.8001968860626221,0.7177757620811462,0.9514265060424805,0.054759830236434937,0.02209385484457016,50.15231619775295,0
643,0.7979352474212646,0.7113661170005798,0.970483124256134,0.05467156320810318,0.022071056067943573,50.22910976409912,0
644,0.7981628179550171,0.7192858457565308,0.9462169408798218,0.054749637842178345,0.022090882062911987,50.306002393364906,0
645,0.7963390350341797,0.720359742641449,0.9427182674407959,0.05479815602302551,0.022166915237903595,50.38301857560873,0
646,0.796745777130127,0.7133125066757202,0.96121746301651,0.05487937480211258,0.02212853729724884,50.46010368317366,0
647,0.7926071882247925,0.7141849994659424,0.9588825106620789,0.05481978505849838,0.022009320557117462,50.53698891401291,0
648,0.8000679016113281,0.720359742641449,0.9412068724632263,0.0548117458820343,0.021991364657878876,50.61385805159807,0
649,0.7945974469184875,0.7148225903511047,0.9543550610542297,0.054746247828006744,0.02200338989496231,50.69065595418215,0
650,0.7948678731918335,0.715158224105835,0.9617964029312134,0.05472617596387863,0.022127091884613037,50.767557092010975,0
651,0.8000611066818237,0.7205275297164917,0.9437867999076843,0.05471065640449524,0.022105075418949127,50.84441839903593,0
652,0.7971493601799011,0.7149232625961304,0.954932689666748,0.05490028113126755,0.022125467658042908,50.92150501906872,0
653,0.7985779643058777,0.7146212458610535,0.9603516459465027,0.054731085896492004,0.022043034434318542,50.99833372235298,0
654,0.7924278378486633,0.7209302186965942,0.9474654793739319,0.054733991622924805,0.02199634164571762,51.075115494430065,0
655,0.7950987219810486,0.7166011929512024,0.9524118304252625,0.05471707135438919,0.022100716829299927,51.15198291093111,0
656,0.7963590621948242,0.715594470500946,0.9580881595611572,0.05473700165748596,0.02205408364534378,51.22882662713528,0
657,0.7931644320487976,0.7191851735115051,0.9480071663856506,0.054789215326309204,0.022027693688869476,51.30570673942566,0
658,0.7951053977012634,0.7190845012664795,0.9518648386001587,0.05476339906454086,0.02201896905899048,51.38253693282604,0
659,0.7939139604568481,0.7157287001609802,0.9642055630683899,0.054710812866687775,0.022129565477371216,51.45942685008049,0
660,0.795483410358429,0.7161313891410828,0.9521832466125488,0.05489535629749298,0.02205967903137207,51.53644650429487,0
661,0.7900364398956299,0.718312680721283,0.947444498538971,0.05472724884748459,0.02200745791196823,51.613248869776726,0
662,0.7888748645782471,0.7166683077812195,0.9630544781684875,0.05476637929677963,0.02203299105167389,51.69010176509619,0
663,0.79373699426651,0.7189167141914368,0.9512204527854919,0.054728634655475616,0.021992579102516174,51.7668706998229,0
664,0.7896398901939392,0.7182120084762573,0.9468985199928284,0.05474841594696045,0.02203579992055893,51.84370382875204,0
665,0.7937034964561462,0.7173730134963989,0.9589398503303528,0.05467412620782852,0.022097952663898468,51.92052809149027,0
666,0.7945128679275513,0.7173058986663818,0.9543728232383728,0.05469720810651779,0.0220116525888443,51.997289173305035,0
667,0.7906835079193115,0.7195207476615906,0.9460822343826294,0.05478115379810333,0.02201378345489502,52.07414048165083,0
668,0.7934490442276001,0.7197220921516418,0.9491017460823059,0.054759539663791656,0.022003725171089172,52.15096139907837,0
669,0.7930737733840942,0.7096210718154907,0.9722173810005188,0.05482182651758194,0.02204805612564087,52.227898590266705,0
670,0.797676146030426,0.7211986780166626,0.9570366144180298,0.05491001158952713,0.02202209085226059,52.3048834502697,0
671,0.7916938662528992,0.7201247811317444,0.9534993767738342,0.0547885000705719,0.02197755128145218,52.381703585386276,0
672,0.7895107865333557,0.7164669632911682,0.9565542936325073,0.054820746183395386,0.022058047354221344,52.458635188639164,0
673,0.7896726131439209,0.7180442214012146,0.9608572125434875,0.05484703183174133,0.022108830511569977,52.53564516454935,0
674,0.7928376197814941,0.7191516160964966,0.9495717883110046,0.0547952875494957,0.021983757615089417,52.612492479383945,0
675,0.7920836806297302,0.7159300446510315,0.9550173878669739,0.05472378432750702,0.022053509950637817,52.68932804465294,0
676,0.7881214022636414,0.7178764343261719,0.9564409255981445,0.05475336313247681,0.022007912397384644,52.76614385843277,0
677,0.7891356348991394,0.7186146974563599,0.9502333402633667,0.05478868633508682,0.02198425680398941,52.84296906739473,0
678,0.7883695960044861,0.7152924537658691,0.9641938209533691,0.05474025011062622,0.02204674482345581,52.91980370879173,0
679,0.7881293892860413,0.7181784510612488,0.9499111771583557,0.05474504083395004,0.02200739085674286,52.99661033600569,0
680,0.7891983985900879,0.717943549156189,0.9515257477760315,0.05475229769945145,0.022098369896411896,53.073518723249435,0
681,0.787211537361145,0.716332733631134,0.9637408256530762,0.0547395721077919,0.022075168788433075,53.15038584917784,0
682,0.7881218194961548,0.7174736857414246,0.9527493119239807,0.0546901598572731,0.02201142907142639,53.227142333984375,0
683,0.7867066860198975,0.7165676355361938,0.9532958269119263,0.054802365601062775,0.02210947871208191,53.304112143814564,0
684,0.787628173828125,0.7183462381362915,0.9568449258804321,0.054716743528842926,0.021969161927700043,53.3808498904109,0
685,0.7908747792243958,0.7196549773216248,0.9508914351463318,0.054768264293670654,0.02209567278623581,53.45776852220297,0
686,0.7883375287055969,0.715158224105835,0.9652541875839233,0.05468512326478958,0.022112764418125153,53.5346218124032,0
687,0.7893330454826355,0.7187153697013855,0.955110490322113,0.05478797107934952,0.022004403173923492,53.611468717455864,0
688,0.7887681722640991,0.7197556495666504,0.9399479031562805,0.05467994511127472,0.021987468004226685,53.688186787068844,0
689,0.7884171605110168,0.7130440473556519,0.9735502004623413,0.054712846875190735,0.02201138436794281,53.76496355980635,0
690,0.792443037033081,0.7151246666908264,0.95909583568573,0.054728880524635315,0.022118695080280304,53.84186350554228,0
691,0.7864463925361633,0.7221382856369019,0.943733811378479,0.055059537291526794,0.0221828892827034,53.92467675358057,1
692,0.7850547432899475,0.7146212458610535,0.9697352051734924,0.054888032376766205,0.022044122219085693,54.00166843831539,0
693,0.7891120910644531,0.7169032096862793,0.9516147971153259,0.05473244935274124,0.022024765610694885,54.07848096638918,0
694,0.7870767712593079,0.7173058986663818,0.9472194314002991,0.05478975176811218,0.022068850696086884,54.15539766848087,0
695,0.7863898277282715,0.7171045541763306,0.9603821039199829,0.054746754467487335,0.02200179547071457,54.2322066500783,0
696,0.7877784371376038,0.7170374393463135,0.9562694430351257,0.05471274256706238,0.021991096436977386,54.30896257609129,0
697,0.7838737964630127,0.7176414728164673,0.9552182555198669,0.05473405122756958,0.02211623638868332,54.38586463779211,0
698,0.7862885594367981,0.7185475826263428,0.954468309879303,0.054737724363803864,0.022107042372226715,54.462757132947445,0
699,0.7875527739524841,0.7172387838363647,0.9554793238639832,0.05488554388284683,0.022144988179206848,54.539844162762165,0
700,0.7832469344139099,0.7170038819313049,0.9615692496299744,0.054818980395793915,0.02227841317653656,54.61700836569071,0
701,0.7832335829734802,0.7184804677963257,0.954638659954071,0.054761797189712524,0.0221446231007576,54.693967461586,0
702,0.78319251537323,0.7194536328315735,0.951481819152832,0.05476072430610657,0.02212928980588913,54.77091155201197,0
703,0.7826828360557556,0.717440128326416,0.9535835981369019,0.054701194167137146,0.02210158109664917,54.84776150435209,0
704,0.783128023147583,0.7190845012664795,0.9489198923110962,0.05470073223114014,0.022010765969753265,54.92452374845743,0
705,0.7838554978370667,0.7185140252113342,0.95501708984375,0.05477801710367203,0.022031962871551514,55.00138685852289,0
706,0.7819629311561584,0.7187824845314026,0.9591797590255737,0.05486403405666351,0.02210056781768799,55.07841597497463,0
707,0.7847704887390137,0.7178093194961548,0.9510138630867004,0.05478321760892868,0.022132061421871185,55.155410937964916,0
708,0.7824448943138123,0.718748927116394,0.949018657207489,0.054779499769210815,0.022100284695625305,55.23234614729881,0
709,0.782248854637146,0.7143863439559937,0.9667642712593079,0.054747506976127625,0.022006362676620483,55.309152103960514,0
710,0.7839374542236328,0.7172052264213562,0.9520519375801086,0.0547841414809227,0.02210545539855957,55.3860941901803,0
711,0.7836846113204956,0.7168025374412537,0.9625549912452698,0.05467359721660614,0.02205837517976761,55.46287398785353,0
712,0.7838450074195862,0.718010663986206,0.9551392197608948,0.05479425936937332,0.022121042013168335,55.53984323889017,0
713,0.7887044548988342,0.7184469103813171,0.9588809013366699,0.05462200939655304,0.022082723677158356,55.61660806834698,0
714,0.7842328548431396,0.7132453918457031,0.9779988527297974,0.05512126535177231,0.02208450436592102,55.693869799375534,0
715,0.783277690410614,0.7161313891410828,0.9462195038795471,0.05479225516319275,0.022119663655757904,55.770835898816586,0
716,0.7863816022872925,0.7192522883415222,0.9473500847816467,0.054716259241104126,0.02210826426744461,55.8477141931653,0
717,0.7803092002868652,0.7146212458610535,0.9728343486785889,0.05474541336297989,0.022019200026988983,55.924531772732735,0
718,0.7835227847099304,0.7163662910461426,0.9558935761451721,0.05476438254117966,0.022117167711257935,56.00146749615669,0
719,0.7842483520507812,0.7184133529663086,0.9468970894813538,0.05473019927740097,0.022090792655944824,56.078344412148,0
720,0.7842546105384827,0.7160978317260742,0.958723247051239,0.05469405651092529,0.022044546902179718,56.15514113754034,0
721,0.7846364378929138,0.7185140252113342,0.9497149586677551,0.05478888750076294,0.022042565047740936,56.23202520608902,0
722,0.7808552384376526,0.7199234366416931,0.9507280588150024,0.05489499866962433,0.022109031677246094,56.30910012125969,0
723,0.7816953659057617,0.7153931260108948,0.9633588790893555,0.05495283752679825,0.022096067667007446,56.386202313005924,0
724,0.7837120294570923,0.7182791233062744,0.952904462814331,0.054737985134124756,0.022030562162399292,56.4630244448781,0
725,0.7838130593299866,0.7186146974563599,0.944405198097229,0.054720424115657806,0.02205897867679596,56.53985681384802,0
726,0.7787702679634094,0.7162656188011169,0.9625951051712036,0.05473823845386505,0.022094935178756714,56.616746976971626,0
727,0.7823466658592224,0.719118058681488,0.9552572965621948,0.054763033986091614,0.022112414240837097,56.69367311894894,0
728,0.7788851261138916,0.7189502716064453,0.9523127675056458,0.0553237721323967,0.02213583141565323,56.77119170874357,0
729,0.7782619595527649,0.7195543050765991,0.951532781124115,0.054824523627758026,0.022029496729373932,56.84811107814312,0
730,0.781735360622406,0.7168025374412537,0.9666504263877869,0.05476852506399155,0.0223655104637146,56.925308130681515,0
731,0.7782529592514038,0.7172387838363647,0.9558896422386169,0.055386289954185486,0.02203373610973358,57.002857975661755,0
732,0.7782857418060303,0.7171716690063477,0.9596131443977356,0.05476794391870499,0.02206408977508545,57.07974451780319,0
733,0.779812753200531,0.7154602408409119,0.9632241725921631,0.05471976101398468,0.022028394043445587,57.156583823263645,0
734,0.7801748514175415,0.7188495993614197,0.9553693532943726,0.054723359644412994,0.022003360092639923,57.23336414992809,0
735,0.7774859666824341,0.7193194031715393,0.9570849537849426,0.05479281395673752,0.022129952907562256,57.31033902615309,0
736,0.7795668840408325,0.7178093194961548,0.9602952003479004,0.054742343723773956,0.022034212946891785,57.38716867566109,0
737,0.7808820009231567,0.7175743579864502,0.9554771780967712,0.05471333861351013,0.0221303328871727,57.46405982226133,0
738,0.7786266207695007,0.7190173864364624,0.9580096006393433,0.054820023477077484,0.022038735449314117,57.54097608476877,0
739,0.7789813876152039,0.719050943851471,0.9546912908554077,0.05491700768470764,0.022127985954284668,57.61807558685541,0
740,0.7835670709609985,0.7154266834259033,0.9616366028785706,0.05515644699335098,0.02219165861606598,57.69547715783119,0
741,0.775094747543335,0.7187153697013855,0.956751823425293,0.05484583228826523,0.02204626053571701,57.77244572341442,0
742,0.7783740758895874,0.7172387838363647,0.956143856048584,0.05473090708255768,0.022020094096660614,57.84925822913647,0
743,0.7787297964096069,0.7159300446510315,0.9716631770133972,0.05482964217662811,0.022023417055606842,57.926174364984035,0
744,0.7777121067047119,0.7194200754165649,0.9494362473487854,0.05476755648851395,0.022095009684562683,58.00309268385172,0
745,0.7804262638092041,0.7157622575759888,0.9658693671226501,0.05464606732130051,0.022078976035118103,58.079864747822285,0
746,0.776648998260498,0.7193529605865479,0.9592745304107666,0.05520795285701752,0.022200830280780792,58.15733165293932,0
747,0.7746301293373108,0.7194200754165649,0.9502155780792236,0.05479166656732559,0.022029496729373932,58.234207548201084,0
748,0.7790754437446594,0.7164334058761597,0.957273542881012,0.05474022775888443,0.02212413400411606,58.31112489849329,0
749,0.7799491286277771,0.7175072431564331,0.9596498608589172,0.054721079766750336,0.022095195949077606,58.38798875361681,0
750,0.7747718691825867,0.7188160419464111,0.9675331711769104,0.054622627794742584,0.0220523402094841,58.46471670269966,0
751,0.7775498628616333,0.7192187309265137,0.9481588006019592,0.0546942874789238,0.022153474390506744,58.54161486774683,0
752,0.7784649729728699,0.7190845012664795,0.9555622935295105,0.05475085228681564,0.022096969187259674,58.61850889772177,0
753,0.776547372341156,0.7173730134963989,0.9622327089309692,0.05475962907075882,0.02210783213376999,58.6954281181097,0
754,0.7763423919677734,0.717943549156189,0.9553231000900269,0.05500635504722595,0.022133544087409973,58.77262733131647,0
755,0.7778121829032898,0.7177086472511292,0.9626371264457703,0.05482170730829239,0.022019051015377045,58.84953598678112,0
756,0.7770216464996338,0.7152588963508606,0.9638044834136963,0.05474407970905304,0.022114485502243042,58.92644717544317,0
757,0.7722273468971252,0.7172052264213562,0.9571548700332642,0.054783180356025696,0.02212410420179367,59.00341024249792,0
758,0.7737651467323303,0.718681812286377,0.9596211910247803,0.054720327258110046,0.022087350487709045,59.08028255403042,0
759,0.7774606347084045,0.715896487236023,0.9610848426818848,0.054642245173454285,0.02207542210817337,59.15705065429211,0
760,0.7764853239059448,0.7185811400413513,0.9628123641014099,0.054768018424510956,0.022071339190006256,59.23394251614809,0
761,0.7796104550361633,0.7189838290214539,0.956393837928772,0.05485570430755615,0.022115066647529602,59.31097251921892,0
762,0.7743304967880249,0.7153260111808777,0.9666169881820679,0.05473214387893677,0.02207350730895996,59.38783422857523,0
763,0.7748395800590515,0.7205275297164917,0.960446298122406,0.05476394295692444,0.02211052179336548,59.46476420015097,0
764,0.775687575340271,0.7184804677963257,0.9531518816947937,0.054617129266262054,0.022099241614341736,59.54153525829315,0
765,0.7703353762626648,0.7180777788162231,0.9651739001274109,0.0547032430768013,0.022076398134231567,59.61836709827185,0
766,0.7704635858535767,0.719050943851471,0.9680980443954468,0.05478401482105255,0.022109150886535645,59.695313058793545,0
767,0.7738056182861328,0.7178093194961548,0.9534491300582886,0.054800502955913544,0.02211654931306839,59.77228343486786,0
768,0.776101291179657,0.7172723412513733,0.9667654037475586,0.05473531037569046,0.022033408284187317,59.8491041213274,0
769,0.7757015228271484,0.7210308909416199,0.9531978964805603,0.05469461530447006,0.02200435847043991,59.92585599422455,0
770,0.7736535668373108,0.7168696522712708,0.9667047262191772,0.05472838133573532,0.02203051745891571,60.00266722589731,0
771,0.7739465832710266,0.7168360948562622,0.9760357737541199,0.05507699400186539,0.02215508371591568,60.079961746931076,0
772,0.7713437676429749,0.7200912237167358,0.9477625489234924,0.05477023869752884,0.021998971700668335,60.15679298341274,0
773,0.7743942737579346,0.7175072431564331,0.9591940641403198,0.05505061894655228,0.02216106653213501,60.23405892401934,0
774,0.7753710746765137,0.7165340781211853,0.9728816747665405,0.054733723402023315,0.022028855979442596,60.31087340414524,0
775,0.7734268307685852,0.7171716690063477,0.9566499590873718,0.05475956201553345,0.021985717117786407,60.38767036795616,0
776,0.7761106491088867,0.7156951427459717,0.9649346470832825,0.05467492341995239,0.022085584700107574,60.46447819471359,0
777,0.770679771900177,0.7167354226112366,0.9645926356315613,0.05473989248275757,0.021966181695461273,60.54123664647341,0
778,0.7743104696273804,0.7171045541763306,0.9647965431213379,0.05467596650123596,0.02202550321817398,60.617985516786575,0
779,0.7727152705192566,0.718681812286377,0.9638365507125854,0.055062271654605865,0.022199474275112152,60.695300713181496,0
780,0.7748942375183105,0.7157958149909973,0.9680871963500977,0.05480906367301941,0.022111624479293823,60.77227335423231,0
781,0.7695158123970032,0.7176750898361206,0.9599087834358215,0.05475189536809921,0.022038936614990234,60.84911586344242,0
782,0.7786602973937988,0.7192522883415222,0.9618796706199646,0.05640055239200592,0.022119686007499695,60.92769023030996,0
783,0.7713804244995117,0.7182791233062744,0.9652864336967468,0.054751038551330566,0.022007286548614502,61.004496194422245,0
784,0.7727608680725098,0.715158224105835,0.963638186454773,0.05471625179052353,0.022089004516601562,61.08136007934809,0
785,0.7746666669845581,0.7188831567764282,0.9639391899108887,0.054756827652454376,0.022042617201805115,61.158211164176464,0
786,0.7742666602134705,0.7162320613861084,0.9658563733100891,0.05500900000333786,0.022215262055397034,61.23548422753811,0
787,0.7697396278381348,0.7175408005714417,0.9547658562660217,0.05478644371032715,0.022008031606674194,61.3123312368989,0
788,0.771845281124115,0.7183797955513,0.9633928537368774,0.05476364493370056,0.022050023078918457,61.389198675751686,0
789,0.7719401121139526,0.7166683077812195,0.966151237487793,0.05463217943906784,0.021975040435791016,61.46585664898157,0
790,0.773661732673645,0.7163662910461426,0.9615971446037292,0.05461914837360382,0.022037893533706665,61.54256200790405,0
791,0.7734510898590088,0.7169367671012878,0.9715967178344727,0.05468788743019104,0.02201884239912033,61.61931686848402,0
792,0.7744520902633667,0.7158293724060059,0.9617801308631897,0.05467331409454346,0.022151686251163483,61.6961874961853,0
793,0.7728852033615112,0.7190173864364624,0.9645916223526001,0.05489252507686615,0.022091105580329895,61.773236371576786,0
794,0.7753590941429138,0.7176079154014587,0.9738168120384216,0.055304884910583496,0.022060498595237732,61.850654631853104,0
795,0.7719528675079346,0.7192187309265137,0.9559572339057922,0.05471380054950714,0.022098392248153687,61.92751983553171,0
796,0.7719307541847229,0.716701865196228,0.9607826471328735,0.05470392107963562,0.02208074927330017,62.00436706840992,0
797,0.7720223665237427,0.7143527865409851,0.9872347116470337,0.05467738211154938,0.022048838436603546,62.081145226955414,0
798,0.7733936309814453,0.7193529605865479,0.9574968814849854,0.05478817969560623,0.02211999148130417,62.158105313777924,0
799,0.7698613405227661,0.7170038819313049,0.9541522860527039,0.05479852855205536,0.02203386276960373,62.23499192297459,0
800,0.773270308971405,0.7168025374412537,0.973712146282196,0.05475631356239319,0.02205485850572586,62.31185603141785,0
801,0.77118319272995,0.7203933000564575,0.9575544595718384,0.054748035967350006,0.021998532116413116,62.38865674287081,0
802,0.7691016793251038,0.7157622575759888,0.9624729156494141,0.054769597947597504,0.022042199969291687,62.465523183345795,0
803,0.7705316543579102,0.71596360206604,0.9718577861785889,0.05471467226743698,0.022110678255558014,62.54240174591541,0
804,0.7717092037200928,0.7206282019615173,0.9476645588874817,0.054762303829193115,0.02201671153306961,62.61922758072615,0
805,0.7704942226409912,0.7152588963508606,0.9644476175308228,0.05468369275331497,0.02208661288022995,62.69604352116585,0
806,0.770858108997345,0.7150911092758179,0.983151376247406,0.054707176983356476,0.0220196470618248,62.77282217890024,0
807,0.7755680084228516,0.721534252166748,0.9571237564086914,0.05466572940349579,0.02207881212234497,62.849617533385754,0
808,0.7683455348014832,0.7188831567764282,0.9516817927360535,0.055045634508132935,0.022142134606838226,62.926858119666576,0
809,0.7722113728523254,0.7178428769111633,0.9655014276504517,0.0547562912106514,0.02203255146741867,63.003715343773365,0
810,0.7698702812194824,0.7187824845314026,0.9599172472953796,0.054776631295681,0.022110924124717712,63.080655962228775,0
811,0.7633918523788452,0.7168025374412537,0.9622483253479004,0.05473870784044266,0.02204156666994095,63.157491602003574,0
812,0.7685757279396057,0.7177086472511292,0.9671769142150879,0.05474066734313965,0.021994344890117645,63.23427867144346,0
813,0.7691400051116943,0.7173394560813904,0.9648553133010864,0.05477765202522278,0.022103585302829742,63.31121349334717,0
814,0.769162654876709,0.7174736857414246,0.9550486207008362,0.05482420325279236,0.022112928330898285,63.38820315152407,0
815,0.7652150392532349,0.7201918959617615,0.9593783020973206,0.054869554936885834,0.022050924599170685,63.46517791599035,0
816,0.7664420008659363,0.7159971594810486,0.9806181192398071,0.05478019267320633,0.022023029625415802,63.542034953832626,0
817,0.7710973024368286,0.718312680721283,0.9591406583786011,0.05473490059375763,0.02209966629743576,63.618923619389534,0
818,0.769639790058136,0.7186482548713684,0.9625292420387268,0.05476892739534378,0.02208898961544037,63.69583263993263,0
819,0.76633220911026,0.7169032096862793,0.961294949054718,0.054683513939380646,0.02199126034975052,63.772553250193596,0
820,0.7666495442390442,0.7178764343261719,0.9605337381362915,0.05480468273162842,0.0221145898103714,63.84952415525913,0
821,0.7668310403823853,0.7189502716064453,0.9685249328613281,0.054800912737846375,0.02200537919998169,63.92638548463583,0
822,0.7659187912940979,0.7173058986663818,0.9663962721824646,0.05473821610212326,0.022012636065483093,64.00319781154394,0
823,0.7667585611343384,0.7195878624916077,0.9621644020080566,0.05478417128324509,0.02209046483039856,64.08012495189905,0
824,0.7658951878547668,0.7145876884460449,0.9786267876625061,0.05478902906179428,0.022110410034656525,64.15707685053349,0
825,0.7669853568077087,0.7169367671012878,0.9633739590644836,0.05478638410568237,0.022000156342983246,64.23391607403755,0
826,0.7674804925918579,0.7192187309265137,0.959646999835968,0.05473100394010544,0.022015489637851715,64.3107148334384,0
827,0.7677897214889526,0.7132453918457031,0.9877991080284119,0.05468021333217621,0.02209419757127762,64.38753595203161,0
828,0.7684362530708313,0.7148897051811218,0.9643857479095459,0.05472761392593384,0.02217637002468109,64.46448758989573,0
829,0.766697108745575,0.7204604148864746,0.9568486213684082,0.0547945573925972,0.02210182696580887,64.5414472669363,0
830,0.7653107643127441,0.7138158679008484,0.9814835786819458,0.054732032120227814,0.022007256746292114,64.61824056506157,0
831,0.7663552761077881,0.7152924537658691,0.9604237675666809,0.054741740226745605,0.022099696099758148,64.69513990730047,0
832,0.7679694890975952,0.7183462381362915,0.9557251930236816,0.05472882091999054,0.022035688161849976,64.77195946127176,0
833,0.7648317217826843,0.7130104899406433,0.9835321307182312,0.054764457046985626,0.022118620574474335,64.84889613091946,0
834,0.7673469185829163,0.7173058986663818,0.9642632603645325,0.05481806397438049,0.022032566368579865,64.92580895125866,0
835,0.7644935250282288,0.7189167141914368,0.9566649794578552,0.0547800213098526,0.022102154791355133,65.0027483701706,0
836,0.7652414441108704,0.7178764343261719,0.966072142124176,0.05472024530172348,0.022149987518787384,65.07967311888933,0
837,0.7639256715774536,0.7161985039710999,0.9721368551254272,0.05479682981967926,0.02207518368959427,65.15660049766302,0
838,0.7623166441917419,0.7192522883415222,0.9594334363937378,0.054860495030879974,0.022030584514141083,65.23357559740543,0
839,0.7678552269935608,0.7143863439559937,0.9749776124954224,0.05479951947927475,0.022077977657318115,65.31051840633154,0
840,0.7702163457870483,0.7166347503662109,0.965854287147522,0.05471689999103546,0.02201227843761444,65.38729641586542,0
841,0.7620182037353516,0.7201918959617615,0.9603771567344666,0.054690636694431305,0.022137433290481567,65.46417079865932,0
842,0.765156626701355,0.7178428769111633,0.9739186763763428,0.0548417866230011,0.02203245460987091,65.54110535979271,0
843,0.765052080154419,0.717943549156189,0.9608789086341858,0.05470779538154602,0.022005267441272736,65.61787616461515,0
844,0.7667730450630188,0.7192187309265137,0.9614353775978088,0.054750800132751465,0.022100135684013367,65.69478189945221,0
845,0.7634929418563843,0.7157958149909973,0.9768896698951721,0.05477673560380936,0.02198086678981781,65.77159355580807,0
846,0.7652636170387268,0.7212993502616882,0.9597327709197998,0.054746247828006744,0.02207772433757782,65.84846493601799,0
847,0.7636251449584961,0.7167689800262451,0.9626767635345459,0.05472567677497864,0.022049888968467712,65.92530216276646,0
848,0.7615763545036316,0.7148897051811218,0.9780763387680054,0.055371515452861786,0.022066697478294373,66.00279504805803,0
849,0.7592579126358032,0.7213664650917053,0.9560640454292297,0.05477718263864517,0.022010959684848785,66.07964497804642,0
850,0.7610271573066711,0.7186146974563599,0.9620180726051331,0.05481092631816864,0.022095315158367157,66.1566071510315,0
851,0.7619922161102295,0.7138158679008484,0.9758702516555786,0.05479054152965546,0.02201320230960846,66.23346457630396,0
852,0.7619880437850952,0.719118058681488,0.9639025330543518,0.054725371301174164,0.022083677351474762,66.31032750755548,0
853,0.7652091979980469,0.7212657928466797,0.9562445878982544,0.05470836162567139,0.022048979997634888,66.38713210821152,0
854,0.7594934701919556,0.7171716690063477,0.9722416400909424,0.054857730865478516,0.02209760993719101,66.46414585411549,0
855,0.7620702981948853,0.7192187309265137,0.9623801112174988,0.05463790148496628,0.021990656852722168,66.54082825779915,0
856,0.7646658420562744,0.7177757620811462,0.967509388923645,0.054714448750019073,0.02208329737186432,66.61768060177565,0
857,0.7628703117370605,0.71596360206604,0.977165937423706,0.05473889410495758,0.022096402943134308,66.69456845521927,0
858,0.7638830542564392,0.7179099917411804,0.9648504853248596,0.05472379922866821,0.0220443457365036,66.77138819545507,0
859,0.7625921368598938,0.7195878624916077,0.962989330291748,0.05488376319408417,0.022149816155433655,66.84847071766853,0
860,0.7660017013549805,0.7162991762161255,0.9748094081878662,0.05481608957052231,0.022006593644618988,66.9253857806325,0
861,0.7610401511192322,0.7153931260108948,0.9736156463623047,0.05477254092693329,0.022105753421783447,67.00231619924307,0
862,0.7613509297370911,0.7205275297164917,0.9568086862564087,0.054785698652267456,0.022146448493003845,67.07931987196207,0
863,0.7647870779037476,0.7175408005714417,0.9701886177062988,0.0548979714512825,0.022067315876483917,67.15635593235493,0
864,0.760075569152832,0.7164334058761597,0.9738714694976807,0.05476562678813934,0.02211569994688034,67.23329451680183,0
865,0.7643049359321594,0.7200912237167358,0.9594722986221313,0.05474887043237686,0.022102609276771545,67.31019851565361,0
866,0.7595476508140564,0.713916540145874,0.9790440797805786,0.05464586615562439,0.02209623157978058,67.38698924332857,0
867,0.7649074792861938,0.7156951427459717,0.9725185036659241,0.054713621735572815,0.021956369280815125,67.46370613574982,0
868,0.762308657169342,0.7203261852264404,0.9660001397132874,0.054681695997714996,0.02201332151889801,67.54045338183641,0
869,0.7631103992462158,0.7179099917411804,0.9644463062286377,0.05477108061313629,0.022084183990955353,67.61736439168453,0
870,0.7659359574317932,0.7174065709114075,0.9695030450820923,0.054696500301361084,0.022048547863960266,67.69416418671608,0
871,0.7629096508026123,0.7154602408409119,0.9733179211616516,0.054983511567115784,0.022051692008972168,67.77125443518162,0
872,0.7604070901870728,0.7182791233062744,0.9649358987808228,0.05474844574928284,0.02201709896326065,67.84807324409485,0
873,0.7613218426704407,0.7181784510612488,0.9624059796333313,0.054712675511837006,0.022085249423980713,67.92493186146021,0
874,0.7612831592559814,0.7154937982559204,0.9675079584121704,0.054699353873729706,0.022094815969467163,68.00177847594023,0
875,0.7614498734474182,0.7175408005714417,0.9822739362716675,0.05473228543996811,0.022001780569553375,68.07856076210737,0
876,0.763832688331604,0.719050943851471,0.9697454571723938,0.05475772172212601,0.02205599844455719,68.15542270988226,0
877,0.7583805322647095,0.7163662910461426,0.962285578250885,0.05483408272266388,0.022032707929611206,68.23236997425556,0
878,0.7592098712921143,0.718010663986206,0.9669093489646912,0.05478185415267944,0.022001296281814575,68.30921378731728,0
879,0.7608282566070557,0.7173394560813904,0.9689857363700867,0.05474497377872467,0.022111311554908752,68.38612371683121,0
880,0.7582787275314331,0.7164334058761597,0.9686141014099121,0.05472557991743088,0.022036463022232056,68.46293377876282,0
881,0.760242760181427,0.7156280279159546,0.9843923449516296,0.05472671985626221,0.02210821956396103,68.53982201963663,0
882,0.762485682964325,0.718312680721283,0.9602583646774292,0.05476246029138565,0.022065207362174988,68.61670602113008,0
883,0.7623240947723389,0.7186482548713684,0.9631651043891907,0.05479607731103897,0.022031299769878387,68.6935878098011,0
884,0.7588047385215759,0.7178428769111633,0.9795421361923218,0.05476381629705429,0.022029176354408264,68.77043586969376,0
885,0.7610830664634705,0.7201918959617615,0.9613003730773926,0.054830558598041534,0.022180527448654175,68.84751422703266,0
886,0.7569052577018738,0.7178093194961548,0.964898943901062,0.054856255650520325,0.02211315929889679,68.9245513677597,0
887,0.7598437070846558,0.7170038819313049,0.9791686534881592,0.054739028215408325,0.02207629382610321,69.00142121315002,0
888,0.759041428565979,0.7192522883415222,0.9604411125183105,0.054913029074668884,0.02203001081943512,69.0784175246954,0
889,0.7555623054504395,0.7165676355361938,0.9670634865760803,0.05479671061038971,0.022096775472164154,69.15536998957396,0
890,0.7591049075126648,0.7179099917411804,0.9745201468467712,0.054799750447273254,0.02202165126800537,69.23224403709173,0
891,0.7565937042236328,0.7183797955513,0.9671738147735596,0.05474145710468292,0.022124692797660828,69.30916578322649,0
892,0.7575931549072266,0.7193194031715393,0.9614670276641846,0.05472193658351898,0.022055670619010925,69.38599719107151,0
893,0.7592378854751587,0.7156280279159546,0.9787163734436035,0.05478150397539139,0.021993525326251984,69.46282558888197,0
894,0.7602778077125549,0.7177422046661377,0.9699506163597107,0.05477694422006607,0.022104300558567047,69.53976150602102,0
895,0.7591991424560547,0.7192522883415222,0.9574024081230164,0.05477748066186905,0.022101588547229767,69.61669796705246,0
896,0.7587649822235107,0.7144534587860107,0.9808560609817505,0.05470723658800125,0.02207627147436142,69.69353546947241,0
897,0.756178617477417,0.7194536328315735,0.9658971428871155,0.05480089783668518,0.022094234824180603,69.77048432826996,0
898,0.7610887289047241,0.7201247811317444,0.9614282846450806,0.05477578192949295,0.022001661360263824,69.84732660651207,0
899,0.760709822177887,0.7144870162010193,0.988153338432312,0.054831817746162415,0.022048532962799072,69.92425949126482,0
900,0.7593884468078613,0.715527355670929,0.9738457202911377,0.054739758372306824,0.022038251161575317,70.00109308958054,0
901,0.7551281452178955,0.7188495993614197,0.9660153985023499,0.05471019446849823,0.02211514115333557,70.07797184586525,0
902,0.7566022276878357,0.719487190246582,0.9734199643135071,0.054782576858997345,0.022067680954933167,70.15487641096115,0
903,0.7583547234535217,0.7172387838363647,0.9700518250465393,0.05479861795902252,0.02212616056203842,70.23186103999615,0
904,0.7562156319618225,0.7166683077812195,0.973438560962677,0.05478361248970032,0.022012673318386078,70.30871121585369,0
905,0.7562121152877808,0.7189167141914368,0.9687979221343994,0.054693594574928284,0.022000811994075775,70.38547547161579,0
906,0.7560759782791138,0.7160307168960571,0.9725844264030457,0.054837681353092194,0.02207193523645401,70.46243392676115,0
907,0.7574188113212585,0.7189838290214539,0.9677855968475342,0.054960377514362335,0.022057004272937775,70.53951076418161,0
908,0.755979597568512,0.71596360206604,0.9702261090278625,0.054697439074516296,0.022077232599258423,70.61633833497763,0
909,0.756105363368988,0.7132118344306946,0.9778934121131897,0.054724328219890594,0.022106751799583435,70.6932263970375,0
910,0.7580432295799255,0.718681812286377,0.9709552526473999,0.05480916053056717,0.022107958793640137,70.77019953727722,0
911,0.754709780216217,0.7185475826263428,0.9680174589157104,0.05473090708255768,0.022000432014465332,70.84698871523142,0
912,0.7546483874320984,0.718748927116394,0.9662085771560669,0.05479114502668381,0.022134952247142792,70.92396909743547,0
913,0.7540834546089172,0.7192858457565308,0.9771790504455566,0.05476423352956772,0.022034794092178345,71.00082141906023,0
914,0.7567275166511536,0.7166011929512024,0.9694141745567322,0.05474802106618881,0.022017553448677063,71.07764180749655,0
915,0.7584595680236816,0.7180777788162231,0.9668346643447876,0.054810985922813416,0.021988578140735626,71.15450114011765,0
916,0.7550447583198547,0.7181448936462402,0.9778008460998535,0.05475027859210968,0.022060491144657135,71.23136506229639,0
917,0.7578750252723694,0.7140172123908997,0.9774087071418762,0.05480270832777023,0.02200942486524582,71.30822964757681,0
918,0.7545678615570068,0.7177086472511292,0.9687977433204651,0.05474672466516495,0.022097088396549225,71.38512644916773,0
919,0.754163920879364,0.7196885347366333,0.9651475548744202,0.054742515087127686,0.022062838077545166,71.46198373287916,0
920,0.7512282133102417,0.7174065709114075,0.9754881262779236,0.054795749485492706,0.022116973996162415,71.53894935548306,0
921,0.7524069547653198,0.7183462381362915,0.9727084040641785,0.054783135652542114,0.022004753351211548,71.6157911196351,0
922,0.7547722458839417,0.7193529605865479,0.9655081033706665,0.05472421646118164,0.021988481283187866,71.69255693256855,0
923,0.7548407912254333,0.7176750898361206,0.97449791431427,0.054689981043338776,0.022069014608860016,71.76937768608332,0
924,0.7518133521080017,0.715527355670929,0.9821485877037048,0.05469846725463867,0.02208775281906128,71.84621683508158,0
925,0.754626989364624,0.7191851735115051,0.9720636010169983,0.0547691211104393,0.022107601165771484,71.92314860224724,0
926,0.7530775666236877,0.7173394560813904,0.970329999923706,0.054717883467674255,0.022002890706062317,71.99992337077856,0
927,0.7555655241012573,0.717440128326416,0.9729005098342896,0.054665036499500275,0.022107481956481934,72.07674174755812,0
928,0.7514092922210693,0.7185475826263428,0.969150185585022,0.05477184057235718,0.022026769816875458,72.15359658002853,0
929,0.7564153075218201,0.7167354226112366,0.9758456349372864,0.05485708266496658,0.022110715508461,72.23061891645193,0
930,0.752345085144043,0.7182120084762573,0.9680665731430054,0.05480927973985672,0.022042013704776764,72.30754555761814,0
931,0.756327748298645,0.718681812286377,0.9681481719017029,0.05484144389629364,0.02245953679084778,72.38490565866232,0
932,0.7508689761161804,0.7151246666908264,0.9743037223815918,0.055450186133384705,0.022010892629623413,72.46250184625387,0
933,0.75576251745224,0.7194200754165649,0.9657799005508423,0.05486645549535751,0.022119954228401184,72.53954689204693,0
934,0.7516160607337952,0.7168696522712708,0.9731127619743347,0.054715596139431,0.02201937884092331,72.61634170264006,0
935,0.7524519562721252,0.7132789492607117,0.9885127544403076,0.05471599102020264,0.02199149876832962,72.6931019499898,0
936,0.757849931716919,0.7201247811317444,0.9703261256217957,0.054710663855075836,0.022120162844657898,72.76999709010124,0
937,0.7604053616523743,0.715023934841156,0.9744871258735657,0.054755084216594696,0.022091880440711975,72.84689196199179,0
938,0.7533725500106812,0.71596360206604,0.9806232452392578,0.05471959710121155,0.022016994655132294,72.92367599159479,0
939,0.754926860332489,0.7182455658912659,0.9725272059440613,0.05474550276994705,0.022101648151874542,73.00057598948479,0
940,0.7574954032897949,0.7156951427459717,0.9728122353553772,0.0547003373503685,0.02201535552740097,73.07734578847885,0
941,0.7563925981521606,0.7163998484611511,0.9750955700874329,0.0547247976064682,0.02201046049594879,73.15413293242455,0
942,0.753755509853363,0.7184133529663086,0.9621545076370239,0.054691389203071594,0.022167645394802094,73.23103971034288,0
943,0.7555636167526245,0.7152588963508606,0.9850326776504517,0.05486269295215607,0.022094212472438812,73.3080571219325,0
944,0.7530856132507324,0.7171045541763306,0.9757677316665649,0.054864585399627686,0.022205926477909088,73.38518293946981,0
945,0.7496470212936401,0.718681812286377,0.9602712392807007,0.054797179996967316,0.022020414471626282,73.46205729991198,0
946,0.751388669013977,0.7175072431564331,0.9727906584739685,0.054799988865852356,0.022109784185886383,73.53901994228363,0
947,0.7549872398376465,0.7171716690063477,0.9720448851585388,0.05469915270805359,0.022037915885448456,73.61581073701382,0
948,0.7522979378700256,0.7178428769111633,0.9767676591873169,0.05469632148742676,0.0220903679728508,73.6926497220993,0
949,0.7548224925994873,0.7168025374412537,0.9748174548149109,0.05470544844865799,0.022100068628787994,73.769516274333,0
950,0.7499842643737793,0.7183797955513,0.9656208753585815,0.05535411089658737,0.022195428609848022,73.84712026268244,0
951,0.7538188099861145,0.7180442214012146,0.9692609906196594,0.05478409677743912,0.022111646831035614,73.92407075315714,0
952,0.7500044703483582,0.7152924537658691,0.9732359647750854,0.054695941507816315,0.02203451842069626,74.00085427612066,0
953,0.7530536651611328,0.7184133529663086,0.9770253300666809,0.054744377732276917,0.02199511229991913,74.07765085995197,0
954,0.7503360509872437,0.7201247811317444,0.9681394100189209,0.05474390834569931,0.022121988236904144,74.15456940233707,0
955,0.7559700608253479,0.7165005207061768,0.9621164798736572,0.05466083437204361,0.022070065140724182,74.23134922981262,0
956,0.7525674104690552,0.7187153697013855,0.9741848111152649,0.05468035489320755,0.022000715136528015,74.30808249861002,0
957,0.7539137601852417,0.7204939723014832,0.9655156135559082,0.05466154217720032,0.022020697593688965,74.38481710851192,0
958,0.7532302141189575,0.7183462381362915,0.9706207513809204,0.0551697239279747,0.02219247817993164,74.46223441511393,0
959,0.7525308132171631,0.7189838290214539,0.9754642844200134,0.054864995181560516,0.022110968828201294,74.53928337991238,0
960,0.7536629438400269,0.7154602408409119,0.966719925403595,0.05479559302330017,0.02200458198785782,74.61614161729813,0
961,0.7540443539619446,0.7191851735115051,0.9688405394554138,0.05471277981996536,0.022087886929512024,74.6930076032877,0
962,0.7524680495262146,0.719118058681488,0.9832689762115479,0.054698266088962555,0.02199949324131012,74.76975760608912,0
963,0.7485377788543701,0.7171045541763306,0.9696107506752014,0.05469951033592224,0.02202458679676056,74.8465305864811,0
964,0.7516989707946777,0.7166347503662109,0.9662726521492004,0.054772451519966125,0.02203930914402008,74.92339064180851,0
965,0.7515609264373779,0.7191516160964966,0.9715999364852905,0.05487823486328125,0.022007368505001068,75.00033064931631,0
966,0.7531624436378479,0.7168696522712708,0.9781464338302612,0.054805852472782135,0.022114217281341553,75.07730803638697,0
967,0.7506091594696045,0.7190845012664795,0.974473774433136,0.054738231003284454,0.02209381014108658,75.15419562906027,0
968,0.7494161128997803,0.7183797955513,0.9669902324676514,0.05469079315662384,0.02201434224843979,75.23094825446606,0
969,0.7514995336532593,0.7169367671012878,0.9707788228988647,0.05476805567741394,0.0220818892121315,75.30784475058317,0
970,0.7493167519569397,0.7201918959617615,0.9677470326423645,0.05467582494020462,0.02198932319879532,75.38456144183874,0
971,0.7518739104270935,0.7171716690063477,0.9714851975440979,0.054751522839069366,0.022084474563598633,75.46144893020391,0
972,0.7498880624771118,0.7148225903511047,0.9751406908035278,0.054932475090026855,0.022092647850513458,75.53854168951511,0
973,0.7515655755996704,0.7200912237167358,0.9635223746299744,0.05478204786777496,0.0219925194978714,75.61537107825279,0
974,0.749270498752594,0.717943549156189,0.9739245772361755,0.054770998656749725,0.022006362676620483,75.69222434610128,0
975,0.7485047578811646,0.7176414728164673,0.9768903255462646,0.05474168062210083,0.022093750536441803,75.76911267638206,0
976,0.7510391473770142,0.718748927116394,0.9717289209365845,0.054760850965976715,0.022014304995536804,75.84594096243382,0
977,0.7471008896827698,0.7196885347366333,0.9673696756362915,0.054755017161369324,0.021982349455356598,75.92273128777742,0
978,0.7468012571334839,0.7160307168960571,0.9811761975288391,0.05474625527858734,0.022049471735954285,75.99957368522882,0
979,0.7475202679634094,0.7176079154014587,0.9743625521659851,0.05564724653959274,0.022115029394626617,76.07738853991032,0
980,0.7481490969657898,0.7212657928466797,0.9611602425575256,0.05478785187005997,0.022165343165397644,76.15439812839031,0
981,0.7473874688148499,0.7152924537658691,0.9792971014976501,0.054769180715084076,0.02202485501766205,76.23124425113201,0
982,0.7479983568191528,0.7172387838363647,0.9788281321525574,0.05475984513759613,0.02200179547071457,76.30805872380733,0
983,0.7447375059127808,0.7193194031715393,0.969171941280365,0.054746463894844055,0.022178083658218384,76.38503544032574,0
984,0.7481397390365601,0.716701865196228,0.9737103581428528,0.05470147728919983,0.02210266888141632,76.46189449727535,0
985,0.7436085939407349,0.7184133529663086,0.9719871878623962,0.05504657328128815,0.022083744406700134,76.5390842333436,0
986,0.7480396628379822,0.7165340781211853,0.9741162657737732,0.05481851100921631,0.02211429923772812,76.61607824265957,0
987,0.7496846914291382,0.7168360948562622,0.9806075692176819,0.05537062883377075,0.022033758461475372,76.69354650378227,0
988,0.7500379681587219,0.7204939723014832,0.9703792333602905,0.0546761155128479,0.02201463282108307,76.7702908962965,0
989,0.7482576966285706,0.7172387838363647,0.9782439470291138,0.05472201853990555,0.022079482674598694,76.84714476019144,0
990,0.7461415529251099,0.717070996761322,0.9764916300773621,0.054753512144088745,0.02209468185901642,76.92403899133205,0
991,0.7479790449142456,0.7208631038665771,0.9631005525588989,0.054725974798202515,0.021982863545417786,77.00080205500126,0
992,0.7480456233024597,0.7170038819313049,0.9753679633140564,0.05478188395500183,0.02211052179336548,77.07774970680475,0
993,0.7481768727302551,0.7157958149909973,0.9798561334609985,0.0547415092587471,0.022047951817512512,77.15458957850933,0
994,0.7493453025817871,0.7220376133918762,0.9672883152961731,0.05498044192790985,0.022128961980342865,77.23178850859404,0
995,0.7527507543563843,0.7141178846359253,0.9795036315917969,0.054887011647224426,0.022113189101219177,77.30888570845127,0
996,0.7511156797409058,0.7169032096862793,0.9769428372383118,0.05477597564458847,0.021983563899993896,77.38570011407137,0
997,0.7443844676017761,0.7192522883415222,0.9630801677703857,0.054732322692871094,0.022105783224105835,77.46259170025587,0
998,0.7483054995536804,0.7140172123908997,0.9842063784599304,0.05475439876317978,0.022037766873836517,77.53943592309952,0
999,0.7470923066139221,0.7164334058761597,0.989854097366333,0.05468364804983139,0.022027738392353058,77.61620535701513,0
1000,0.7520073056221008,0.7187824845314026,0.9656003713607788,0.0546790212392807,0.022089384496212006,77.69303512573242,0
