dataset,model,num_layers,hidden_dim,lr,split,best_step,train_metric_name,train_metric,train_acc,train_loss,train_roc_auc,train_f1_macro,train_f1_weighted,train_prec_macro,train_rec_macro,val_metric_name,val_metric,val_acc,val_loss,val_roc_auc,val_f1_macro,val_f1_weighted,val_prec_macro,val_rec_macro,test_metric_name,test_metric,test_acc,test_loss,test_roc_auc,test_f1_macro,test_f1_weighted,test_prec_macro,test_rec_macro
amazon-ratings,ResNet,1,512,3e-05,0,2090,acc,0.9914257526397705,0.9914257526397705,0.02456549182534218,,0.9904054441521033,0.9914250911742191,0.9906563687385024,0.9901780306374848,acc,0.4711742699146271,0.4711742699146271,3.2066586017608643,,0.41345282454811433,0.4667736133500656,0.435116169221825,0.40088715078162984,acc,0.4886493384838104,0.4886493384838104,3.045423984527588,,0.4312751891700586,0.48504924660290716,0.4518133214077299,0.4188712681399661
amazon-ratings,ResNet,1,512,3e-05,1,1620,acc,0.9857912659645081,0.9857912659645081,0.05363992601633072,,0.9851190210424647,0.9857810745786064,0.9866699796032163,0.9836159755707431,acc,0.49273231625556946,0.49273231625556946,2.728579044342041,,0.4323635166398837,0.4873481546836408,0.45567539109205635,0.4192788163964106,acc,0.47885024547576904,0.47885024547576904,2.7541277408599854,,0.42630893326032987,0.4741809839022138,0.455370284171701,0.41088054831935067
amazon-ratings,ResNet,1,512,3e-05,2,1760,acc,0.9840764403343201,0.9840764403343201,0.05418724566698074,,0.9841425745276744,0.9840702040278011,0.9847015701346438,0.9836642404849947,acc,0.4817899763584137,0.4817899763584137,2.761049747467041,,0.4269105912302771,0.4766377531893689,0.45858732009808173,0.4103293934079207,acc,0.4834231436252594,0.4834231436252594,2.720126152038574,,0.41566382490756465,0.4780379606866332,0.4436690311051284,0.40151325064346927
amazon-ratings,ResNet,1,512,3e-05,3,2150,acc,0.9906908273696899,0.9906908273696899,0.026377344503998756,,0.9899546942934897,0.9906895179688753,0.9898550522569971,0.9900634230467492,acc,0.4995917081832886,0.4995917081832886,3.0362799167633057,,0.4452278795904162,0.49496028484065885,0.4741150414231642,0.4288426717703853,acc,0.4848930239677429,0.4848930239677429,3.0770809650421143,,0.4166104032406297,0.47865150188767425,0.44939464599851425,0.4012555172506895
amazon-ratings,ResNet,1,512,3e-05,4,1760,acc,0.9887310266494751,0.9887310266494751,0.03605767339468002,,0.9873891909166316,0.9887283012941863,0.9880767416081024,0.986725566556552,acc,0.4881593883037567,0.4881593883037567,2.8741085529327393,,0.4237201579604644,0.4833789366455225,0.4443324982389445,0.4115898889531831,acc,0.4860362410545349,0.4860362410545349,2.9200220108032227,,0.4217451586323705,0.48050259260456474,0.4487077354161017,0.4071741447613495
amazon-ratings,ResNet,1,512,3e-05,5,1410,acc,0.968969464302063,0.968969464302063,0.10566984862089157,,0.9677445345303717,0.9689478712611909,0.9735083568263156,0.9624054451565286,acc,0.49109911918640137,0.49109911918640137,2.4059252738952637,,0.4215543256323283,0.483979776924672,0.4553016292452662,0.4063126491055199,acc,0.4791768789291382,0.4791768789291382,2.4289963245391846,,0.4102945507248462,0.4730353402901568,0.43663653819073833,0.3970071220793851
amazon-ratings,ResNet,1,512,3e-05,6,2320,acc,0.9928139448165894,0.9928139448165894,0.01812645047903061,,0.9918125084411835,0.9928123318924935,0.9918951875055744,0.9917347577678475,acc,0.4899559020996094,0.4899559020996094,3.3179523944854736,,0.4295075305663379,0.4861835386818777,0.4483378690281448,0.4176165110082127,acc,0.4822799265384674,0.4822799265384674,3.308506727218628,,0.4221502467497582,0.4786865172367086,0.4388775329716994,0.4114525466364835
amazon-ratings,ResNet,1,512,3e-05,7,3700,acc,0.9942838549613953,0.9942838549613953,0.011635596863925457,,0.9936321849518827,0.9942838682434316,0.9934700144597386,0.9938038563311308,acc,0.48130002617836,0.48130002617836,4.053605079650879,,0.4210877402144013,0.4769295919521137,0.44184474130010487,0.4087421405260286,acc,0.48211660981178284,0.48211660981178284,4.018795967102051,,0.4201166176126005,0.47771606910699493,0.44278193291091716,0.4072392155781971
amazon-ratings,ResNet,1,512,3e-05,8,1370,acc,0.9735423922538757,0.9735423922538757,0.09140551090240479,,0.972394465780234,0.9735466434900554,0.9756272567541314,0.9693780412964175,acc,0.47721704840660095,0.47721704840660095,2.5039141178131104,,0.41224530828552763,0.4720279926542744,0.4341387531531559,0.3999840599144568,acc,0.47248080372810364,0.47248080372810364,2.494553804397583,,0.4122680146838726,0.46791366943040247,0.4361968428728299,0.399498758476181
amazon-ratings,ResNet,1,512,3e-05,9,2270,acc,0.9911807775497437,0.9911807775497437,0.021656034514307976,,0.9899330880939743,0.9911805157654354,0.9890996682247003,0.9907764764223226,acc,0.4866895377635956,0.4866895377635956,3.26171875,,0.43003966719746645,0.482961815433787,0.4492217131418982,0.4179452373478698,acc,0.48946595191955566,0.48946595191955566,3.2516214847564697,,0.42304384049937127,0.48576991329522806,0.43737950342601095,0.413631689166976
amazon-ratings,ResNet,2,512,3e-05,0,1930,acc,0.9914257526397705,0.9914257526397705,0.022696789354085922,,0.9896154870505323,0.9914287892605278,0.9880655104409005,0.991208753503234,acc,0.4773803651332855,0.4773803651332855,3.4324092864990234,,0.41874191213064405,0.4746386831544779,0.42813873680807485,0.4121014724770803,acc,0.48750612139701843,0.48750612139701843,3.3321380615234375,,0.43004628387970667,0.4851665621460244,0.43876969148573375,0.42369871104272444
amazon-ratings,ResNet,2,512,3e-05,1,2210,acc,0.9925689697265625,0.9925689697265625,0.01892860420048237,,0.9911082079943467,0.9925706366963958,0.9898261766685739,0.9924197697290784,acc,0.4866895377635956,0.4866895377635956,3.53178334236145,,0.4290819686950922,0.48388805768556525,0.43994405760732247,0.42152459380137924,acc,0.4870161712169647,0.4870161712169647,3.5037786960601807,,0.4319472337861597,0.484636558174861,0.4448631452277983,0.4233818439602099
amazon-ratings,ResNet,2,512,3e-05,2,2120,acc,0.9904458522796631,0.9904458522796631,0.026830215007066727,,0.9892891226442296,0.9904470334229629,0.9874671000488666,0.9911660644601934,acc,0.48195329308509827,0.48195329308509827,3.3185575008392334,,0.42211880787410944,0.4782650557094791,0.4334443757066742,0.41480377789667494,acc,0.4848930239677429,0.4848930239677429,3.3028597831726074,,0.4170466088667261,0.48098520907735615,0.4301025154713015,0.40878763323808787
amazon-ratings,ResNet,2,512,3e-05,3,2090,acc,0.9919973611831665,0.9919973611831665,0.020186735317111015,,0.98996938330126,0.9920021631175366,0.987299433960634,0.9927074458765108,acc,0.49175241589546204,0.49175241589546204,3.359241008758545,,0.4353305174719866,0.4897682024649495,0.4425320375784989,0.42971928806669074,acc,0.48211660981178284,0.48211660981178284,3.4167587757110596,,0.42134343700029336,0.47892760276803326,0.4354569772108291,0.4118896955531609
amazon-ratings,ResNet,2,512,3e-05,4,2110,acc,0.9920790195465088,0.9920790195465088,0.019858716055750847,,0.9902474437637491,0.9920851948168117,0.9876399881560237,0.992946723828045,acc,0.49289563298225403,0.49289563298225403,3.4643046855926514,,0.43206761303426433,0.49039339808527094,0.44136291889450596,0.42539452669653277,acc,0.47558385133743286,0.47558385133743286,3.5950217247009277,,0.410747629981146,0.4719689965399174,0.42180253455106564,0.40362987145532153
amazon-ratings,ResNet,2,512,3e-05,5,2450,acc,0.9929772615432739,0.9929772615432739,0.017039112746715546,,0.9916802290128055,0.9929766539486022,0.9899343736764725,0.9934685719898306,acc,0.4866895377635956,0.4866895377635956,3.6809184551239014,,0.42361260521944766,0.4821683352958002,0.441011916261704,0.41400291005170964,acc,0.4822799265384674,0.4822799265384674,3.702984094619751,,0.4130423571870921,0.4786197995257106,0.4237304277737569,0.4069056963821193
amazon-ratings,ResNet,2,512,3e-05,6,1210,acc,0.955332338809967,0.955332338809967,0.13650904595851898,,0.955023578719141,0.9553666581444662,0.953082655937268,0.9574663229215531,acc,0.48587292432785034,0.48587292432785034,2.3664355278015137,,0.42612848617634624,0.48387685822456755,0.4349570888152507,0.41981748160952764,acc,0.4742773175239563,0.4742773175239563,2.4288852214813232,,0.4117532777242946,0.4709091856662911,0.4240189006430164,0.40424364218957604
amazon-ratings,ResNet,2,512,3e-05,7,2300,acc,0.9927322864532471,0.9927322864532471,0.016856631264090538,,0.991781970758187,0.9927345418179856,0.9897168394707941,0.9938933284431946,acc,0.4785235822200775,0.4785235822200775,3.805325746536255,,0.4214918511748502,0.4767583794602754,0.43094171054242913,0.41544731266230117,acc,0.4897925853729248,0.4897925853729248,3.7381227016448975,,0.428491961443625,0.4874629259470842,0.43860539296751766,0.4222984380944442
amazon-ratings,ResNet,2,512,3e-05,8,1770,acc,0.9915890693664551,0.9915890693664551,0.02558884769678116,,0.9900238609498159,0.9915922625078081,0.9876918679166777,0.9924045610333728,acc,0.48325982689857483,0.48325982689857483,3.323521852493286,,0.4207224649242834,0.47986440304304323,0.4304955132909981,0.4138078088090992,acc,0.4773803651332855,0.4773803651332855,3.3040850162506104,,0.41873579211512046,0.47314030700046084,0.43271762358556,0.40969270037386474
amazon-ratings,ResNet,2,512,3e-05,9,3410,acc,0.9923239946365356,0.9923239946365356,0.015000127255916595,,0.990737299023348,0.9923277769903847,0.9887166495331712,0.992793462056652,acc,0.48962926864624023,0.48962926864624023,4.267061710357666,,0.4361965874549866,0.487399769132843,0.4462844403178071,0.4286667144307277,acc,0.4909358024597168,0.4909358024597168,4.215707778930664,,0.42061986953128727,0.48827326685968,0.43000052133908523,0.4140716383294996
amazon-ratings,ResNet,3,512,3e-05,0,1870,acc,0.9902825355529785,0.9902825355529785,0.026742713525891304,,0.9881099208749815,0.9902887340498855,0.9850237347465824,0.9912944206039747,acc,0.47346070408821106,0.47346070408821106,3.457944869995117,,0.4171338368537588,0.47209316067737744,0.4209271727566103,0.414745726434217,acc,0.48325982689857483,0.48325982689857483,3.28010892868042,,0.4258769196269891,0.4821171335508149,0.43059926530876036,0.42274551543005456
amazon-ratings,ResNet,3,512,3e-05,1,2310,acc,0.9928139448165894,0.9928139448165894,0.01710697077214718,,0.9911292742013538,0.992815427807686,0.9896963932672858,0.9925861160651278,acc,0.48472970724105835,0.48472970724105835,3.6778042316436768,,0.4303236176630511,0.48197525957196,0.44107798464683434,0.42310960108173923,acc,0.4816266596317291,0.4816266596317291,3.6969189643859863,,0.422977793877003,0.47877962664755375,0.4358287479250088,0.4147345746196335
amazon-ratings,ResNet,3,512,3e-05,2,3240,acc,0.9928956031799316,0.9928956031799316,0.014907244592905045,,0.9916341743363498,0.9928985580292404,0.9895800540874505,0.9937576417551431,acc,0.48358646035194397,0.48358646035194397,4.123191833496094,,0.4275058763570326,0.4801387076704294,0.4398443732849566,0.4188935356018608,acc,0.48211660981178284,0.48211660981178284,4.149527072906494,,0.41794034430516175,0.47881680590790276,0.4291948303904358,0.4108819597929769
amazon-ratings,ResNet,3,512,3e-05,3,2270,acc,0.9920790195465088,0.9920790195465088,0.021068602800369263,,0.9906168092252446,0.9920814063336748,0.9885038277302515,0.992767672154814,acc,0.49289563298225403,0.49289563298225403,3.476478338241577,,0.440879662502262,0.49059614196083723,0.44898667217091826,0.434441373958221,acc,0.47885024547576904,0.47885024547576904,3.492413282394409,,0.41578014217672976,0.475908474568737,0.42628941438642876,0.40847565948279935
amazon-ratings,ResNet,3,512,3e-05,4,2030,acc,0.9905275106430054,0.9905275106430054,0.024203507229685783,,0.9884708022669291,0.9905379232823683,0.9854035932210484,0.9916808920881529,acc,0.49175241589546204,0.49175241589546204,3.4371604919433594,,0.4314153711704961,0.49004986790739113,0.4365845398187866,0.42710447040888333,acc,0.47411400079727173,0.47411400079727173,3.550065517425537,,0.4103612712195034,0.47181693522170376,0.4161031992665154,0.4057855342379031
amazon-ratings,ResNet,3,512,3e-05,5,1640,acc,0.9867711663246155,0.9867711663246155,0.040631163865327835,,0.9848258128924202,0.9867767928976944,0.9815826913397029,0.988188112031786,acc,0.4866895377635956,0.4866895377635956,3.114687204360962,,0.4245097318059557,0.48379057585874696,0.4349736228377356,0.4175824794849504,acc,0.47672709822654724,0.47672709822654724,3.11574387550354,,0.41651558912825093,0.4746508088650098,0.4237904468099095,0.41133783771635224
amazon-ratings,ResNet,3,512,3e-05,6,2210,acc,0.9922423362731934,0.9922423362731934,0.01901101879775524,,0.9902600012373168,0.9922483015773231,0.9872614879418313,0.9933465209281401,acc,0.4839131236076355,0.4839131236076355,3.5607447624206543,,0.4227578941529641,0.4823846357031704,0.4277036143196584,0.41927463113967045,acc,0.48636287450790405,0.48636287450790405,3.6098923683166504,,0.4303086521786129,0.48385675990718546,0.44015460923613425,0.42342728904522076
amazon-ratings,ResNet,3,512,3e-05,7,2480,acc,0.9926506280899048,0.9926506280899048,0.01698652282357216,,0.9914532505270849,0.9926542578818564,0.9890272395529106,0.993941295706265,acc,0.4719908535480499,0.4719908535480499,3.8864216804504395,,0.4145226098354445,0.4698039601117786,0.42236282312303136,0.40883713618802864,acc,0.48570960760116577,0.48570960760116577,3.771552085876465,,0.42409143829302137,0.48394213613690457,0.42965312724948374,0.4198349973415053
amazon-ratings,ResNet,3,512,3e-05,8,1810,acc,0.9899559020996094,0.9899559020996094,0.029193362221121788,,0.9885059014685332,0.9899614279966085,0.9852814877652906,0.9918330297660953,acc,0.475910484790802,0.475910484790802,3.3731439113616943,,0.4158406792953544,0.47390261099630543,0.4217527344997166,0.41118407512710087,acc,0.4698677062988281,0.4698677062988281,3.400019407272339,,0.4132659625105967,0.46750726245489377,0.42039639030011333,0.40797026585846474
amazon-ratings,ResNet,3,512,3e-05,9,1650,acc,0.9821165800094604,0.9821165800094604,0.05149805545806885,,0.979757130247852,0.9821217515691123,0.9768697050711956,0.982731502935958,acc,0.48195329308509827,0.48195329308509827,3.0028369426727295,,0.4288544644430032,0.48017809803791633,0.43625601928421914,0.4235037797221225,acc,0.4850563406944275,0.4850563406944275,3.0051541328430176,,0.41550723452635996,0.4826116761834038,0.4233078690470495,0.4103066167082147
amazon-ratings,ResNet,4,512,3e-05,0,2820,acc,0.9930589199066162,0.9930589199066162,0.0159776508808136,,0.9914355826282353,0.9930625249517187,0.9893115412864754,0.993616091962625,acc,0.4760738015174866,0.4760738015174866,3.906118154525757,,0.41855799440418623,0.4742591076038956,0.42561643202179616,0.4130656830617527,acc,0.4907724857330322,0.4907724857330322,3.7725956439971924,,0.4343767658720602,0.4886457989450268,0.44399811193775607,0.4272036460056065
amazon-ratings,ResNet,4,512,3e-05,1,2610,acc,0.9933856129646301,0.9933856129646301,0.015515190549194813,,0.9920097360285443,0.9933876805191322,0.9908657147176652,0.9931682610363742,acc,0.47999346256256104,0.47999346256256104,3.869758129119873,,0.4253868915438742,0.47747751200361205,0.434963424956072,0.41859333543700783,acc,0.48211660981178284,0.48211660981178284,3.8537187576293945,,0.4225695630822524,0.4797382234643439,0.43298241564326634,0.4159595995994326
amazon-ratings,ResNet,4,512,3e-05,2,2390,acc,0.9908541440963745,0.9908541440963745,0.02080700732767582,,0.9887856394980815,0.9908616533505432,0.9852855461303301,0.9924763624821,acc,0.4839131236076355,0.4839131236076355,3.643221139907837,,0.42592488803234974,0.48096251039962057,0.43500609404990226,0.42038960059644126,acc,0.4822799265384674,0.4822799265384674,3.6462018489837646,,0.412315377122032,0.47875478320584247,0.4222814038313983,0.40743121836846247
amazon-ratings,ResNet,4,512,3e-05,3,3510,acc,0.9933039546012878,0.9933039546012878,0.013736298307776451,,0.9910670071670051,0.9933107127066441,0.9879496548274999,0.9942663328185223,acc,0.48848602175712585,0.48848602175712585,4.056982517242432,,0.436027629903961,0.4877496420231202,0.438089504995974,0.43428620189379263,acc,0.48521965742111206,0.48521965742111206,4.086564064025879,,0.42259908590515777,0.4832680622859989,0.4293002934893576,0.4174608723576828
amazon-ratings,ResNet,4,512,3e-05,4,1280,acc,0.9433284401893616,0.9433284401893616,0.1670514941215515,,0.940185835411044,0.9434467981404593,0.9303178106028319,0.952510869810227,acc,0.48211660981178284,0.48211660981178284,2.4696574211120605,,0.42088641028289986,0.48199199761119377,0.42052518335897143,0.42418039366881954,acc,0.4716642200946808,0.4716642200946808,2.5204014778137207,,0.4008983314499198,0.47022702592098875,0.40262359490134114,0.40140554792604827
amazon-ratings,ResNet,4,512,3e-05,5,2730,acc,0.9931405782699585,0.9931405782699585,0.015288763679564,,0.9921307810167622,0.9931415065273729,0.9905649493415615,0.9937184015043486,acc,0.48685285449028015,0.48685285449028015,3.8867263793945312,,0.42635525875032465,0.48563950627660923,0.4306976343727757,0.42315308243916555,acc,0.47787031531333923,0.47787031531333923,3.9064416885375977,,0.4211567063162553,0.47681587718590485,0.42480524107424256,0.4184929729935865
amazon-ratings,ResNet,4,512,3e-05,6,2990,acc,0.9930589199066162,0.9930589199066162,0.01441851444542408,,0.9912541170296597,0.9930631622588789,0.9890079136561848,0.9935442947213072,acc,0.48325982689857483,0.48325982689857483,3.8998732566833496,,0.4233530572084502,0.4826111269665009,0.42655879036438565,0.420911432480578,acc,0.486526221036911,0.486526221036911,3.9767560958862305,,0.42710240082492695,0.48493182687812864,0.43380469587257203,0.4223600861388448
amazon-ratings,ResNet,4,512,3e-05,7,2890,acc,0.9926506280899048,0.9926506280899048,0.014650381170213223,,0.9911001453474467,0.9926561098504718,0.9881300103410424,0.9941572296604828,acc,0.47476726770401,0.47476726770401,4.049087047576904,,0.4150410972383325,0.47245192914984363,0.42182972202050617,0.410180445977702,acc,0.48130002617836,0.48130002617836,3.9066028594970703,,0.42076258915617915,0.4787323082834081,0.430068321082867,0.413820105870261
amazon-ratings,ResNet,4,512,3e-05,8,1400,acc,0.9710109233856201,0.9710109233856201,0.08924682438373566,,0.9713587811024482,0.9710091917097271,0.9669142095578771,0.9760770222452331,acc,0.4796668291091919,0.4796668291091919,2.786168336868286,,0.418874647426731,0.4772546153143631,0.4278604776226332,0.41272055748843,acc,0.469541072845459,0.469541072845459,2.7835025787353516,,0.4112106032508719,0.4665298552343434,0.4214001410562185,0.4048967447072863
amazon-ratings,ResNet,4,512,3e-05,9,2680,acc,0.9906908273696899,0.9906908273696899,0.019239066168665886,,0.9887692473364865,0.990698225019769,0.9853262812473131,0.9923198245624276,acc,0.4844030737876892,0.4844030737876892,3.8164496421813965,,0.43166533573590227,0.4825750866736529,0.4402505342278557,0.425161017876857,acc,0.47787031531333923,0.47787031531333923,3.7731761932373047,,0.4176058442697529,0.4766332564836405,0.4244153031015185,0.41279058844552596
amazon-ratings,ResNet,5,512,3e-05,0,3120,acc,0.9932222962379456,0.9932222962379456,0.014708233065903187,,0.9909055638560735,0.993230069124728,0.9882436242799226,0.9936772769140729,acc,0.47035765647888184,0.47035765647888184,4.09679651260376,,0.41507985945909776,0.46955859633256364,0.41828260484243807,0.4126817413206575,acc,0.4850563406944275,0.4850563406944275,3.9149036407470703,,0.43044726202465566,0.48421833181522983,0.433438564126003,0.428173645171097
amazon-ratings,ResNet,5,512,3e-05,1,2520,acc,0.9933856129646301,0.9933856129646301,0.01615131087601185,,0.9917690540198436,0.9933881163841967,0.9902789982961535,0.9932866874574013,acc,0.4844030737876892,0.4844030737876892,3.7153801918029785,,0.43092378257474706,0.48247099049349323,0.43711552706458345,0.4263045709240016,acc,0.4754205346107483,0.4754205346107483,3.798232316970825,,0.4231030034835951,0.47363464049957055,0.4320194385237032,0.4169677999207031
amazon-ratings,ResNet,5,512,3e-05,2,3660,acc,0.9931405782699585,0.9931405782699585,0.01417328231036663,,0.9924187160878208,0.9931399438103405,0.991254654901055,0.9936083158666736,acc,0.4816266596317291,0.4816266596317291,4.1950507164001465,,0.42027818427938185,0.4777584685723074,0.4332563618760233,0.4117194516338327,acc,0.48685285449028015,0.48685285449028015,4.134936332702637,,0.42003069137861226,0.48328039750974305,0.43163455669051104,0.412745463279441
amazon-ratings,ResNet,5,512,3e-05,3,2600,acc,0.9926506280899048,0.9926506280899048,0.018191639333963394,,0.9903432393195759,0.992659382069951,0.9866473275100571,0.994168380231683,acc,0.4891393184661865,0.4891393184661865,3.6427206993103027,,0.4331269331347413,0.487364719162809,0.4378267225426219,0.4299401342343798,acc,0.48048341274261475,0.48048341274261475,3.6890151500701904,,0.4208781067844424,0.4786130456667906,0.4288915971947927,0.4153857424416776
amazon-ratings,ResNet,5,512,3e-05,4,2320,acc,0.9910174608230591,0.9910174608230591,0.020885750651359558,,0.9885752503863449,0.9910293810773371,0.984472053255295,0.9928588965218605,acc,0.4850563406944275,0.4850563406944275,3.599905490875244,,0.42351510244823454,0.48269621932225104,0.42984853473556095,0.4191825154615902,acc,0.4760738015174866,0.4760738015174866,3.653782606124878,,0.4102837188417019,0.4731424378753047,0.4171306492438124,0.40545539462759395
amazon-ratings,ResNet,5,512,3e-05,5,2580,acc,0.9925689697265625,0.9925689697265625,0.01698223128914833,,0.9909080701662518,0.9925726364526803,0.9880683530130787,0.9938248867125841,acc,0.48750612139701843,0.48750612139701843,3.7855756282806396,,0.4261102062372206,0.48498486632862847,0.4348601563796013,0.4206788494432816,acc,0.4790135622024536,0.4790135622024536,3.8119254112243652,,0.4198587793059768,0.47785321041593726,0.4237884846871533,0.41748590556037035
amazon-ratings,ResNet,5,512,3e-05,6,2010,acc,0.9902008771896362,0.9902008771896362,0.024030277505517006,,0.9871033641602228,0.9902204410211466,0.9820547349333999,0.9924173083249835,acc,0.4897925853729248,0.4897925853729248,3.3724985122680664,,0.4301598919554889,0.4889215298131859,0.4341162789656291,0.4269124578220179,acc,0.4801567792892456,0.4801567792892456,3.4274699687957764,,0.42277529723628976,0.47916690440007614,0.426507365406664,0.41998151374288517
amazon-ratings,ResNet,5,512,3e-05,7,3280,acc,0.9930589199066162,0.9930589199066162,0.01376121025532484,,0.9916933726118234,0.9930639339997263,0.9891991392690503,0.9942580084543969,acc,0.4700310230255127,0.4700310230255127,4.1706037521362305,,0.4137730976071098,0.4677693226688248,0.42135464454164595,0.40801588509342296,acc,0.47672709822654724,0.47672709822654724,4.071882724761963,,0.4156005092273151,0.4743981166962482,0.4244189644361504,0.4090935257276561
amazon-ratings,ResNet,5,512,3e-05,8,2680,acc,0.9933039546012878,0.9933039546012878,0.0164507906883955,,0.9912430245034368,0.993310605932335,0.9883738065163922,0.9941993683219653,acc,0.4785235822200775,0.4785235822200775,3.8420584201812744,,0.416734414753105,0.47650290253313177,0.42177944414654894,0.41277615420731184,acc,0.4693777561187744,0.4693777561187744,3.873445987701416,,0.41434487727667724,0.4676685473310576,0.4187463933780979,0.41118827132727687
amazon-ratings,ResNet,5,512,3e-05,9,2670,acc,0.9904458522796631,0.9904458522796631,0.019473638385534286,,0.988355736468576,0.9904550395514349,0.9846686497930721,0.9921724216880918,acc,0.48097336292266846,0.48097336292266846,3.7673356533050537,,0.42354353098116587,0.47962029200257744,0.42768532522249325,0.4208777176011894,acc,0.48636287450790405,0.48636287450790405,3.726311206817627,,0.4193723119405016,0.4851818730031993,0.4237050937834351,0.4165676403037821
amazon-ratings,GCN,1,512,3e-05,0,2120,acc,0.9099297523498535,0.9099297523498535,0.23742415010929108,,0.9096511313227834,0.9099103679067353,0.9219542471512714,0.8986954427224578,acc,0.4937122166156769,0.4937122166156769,2.3140389919281006,,0.4344901050854085,0.4908055193719375,0.44780434441588846,0.4253070451502861,acc,0.4839131236076355,0.4839131236076355,2.286195993423462,,0.43180218180209773,0.4799726395088761,0.4530600732256914,0.4189774758547755
amazon-ratings,GCN,1,512,3e-05,1,1680,acc,0.888616681098938,0.888616681098938,0.2973144054412842,,0.8850061040859319,0.8885071133603272,0.8995866452453953,0.8722054769754501,acc,0.4878327548503876,0.4878327548503876,2.1448051929473877,,0.4219263556284395,0.4827281392813367,0.4412816509450437,0.41018355480989044,acc,0.4899559020996094,0.4899559020996094,2.0985941886901855,,0.4295501096772435,0.4864770662023079,0.4431505830161278,0.42014056228776714
amazon-ratings,GCN,1,512,3e-05,2,1390,acc,0.8290053606033325,0.8290053606033325,0.4333816170692444,,0.8240543644974114,0.8285772434144664,0.8496698381228832,0.8040148901018943,acc,0.4904458522796631,0.4904458522796631,1.8716269731521606,,0.4212194565245896,0.4851108905963051,0.444586608015041,0.40884770152291205,acc,0.475910484790802,0.475910484790802,1.8764711618423462,,0.41068385426322207,0.47107238144262575,0.4339235471326145,0.3986336657472528
amazon-ratings,GCN,1,512,3e-05,3,2190,acc,0.9377756118774414,0.9377756118774414,0.17163415253162384,,0.9379564012578031,0.9377247258742173,0.9443371788272803,0.9320712702749822,acc,0.4902825355529785,0.4902825355529785,2.5996010303497314,,0.434770737217835,0.48749771846788226,0.4444849765422103,0.4275382929679338,acc,0.4822799265384674,0.4822799265384674,2.615553855895996,,0.4274400062896385,0.47984654321901904,0.43548400296241035,0.42129070635720123
amazon-ratings,GCN,1,512,3e-05,4,2990,acc,0.9647231698036194,0.9647231698036194,0.09459031373262405,,0.9637399683398284,0.9647092048412927,0.965331187450477,0.962354654366746,acc,0.494038850069046,0.494038850069046,3.1172573566436768,,0.4408013598704385,0.49102004292657375,0.45300414422692487,0.43169953074360556,acc,0.4902825355529785,0.4902825355529785,3.166308879852295,,0.4211759248731003,0.48668961691578605,0.4332867443285183,0.41285567072627416
amazon-ratings,GCN,1,512,3e-05,5,3010,acc,0.9638249278068542,0.9638249278068542,0.09243963658809662,,0.9619594177005959,0.9638153727423331,0.9653827785566771,0.9586320110930778,acc,0.4845663905143738,0.4845663905143738,3.1701579093933105,,0.4229695771383007,0.4824290884886578,0.4294404516548222,0.4177424661256599,acc,0.4924056828022003,0.4924056828022003,3.1015260219573975,,0.4338510608711353,0.4896355687604856,0.4483692965437852,0.4240893875938023
amazon-ratings,GCN,1,512,3e-05,6,2400,acc,0.9403070211410522,0.9403070211410522,0.1636391580104828,,0.9388320740368178,0.9402574140601122,0.9465425295145333,0.9316838049291942,acc,0.4893026351928711,0.4893026351928711,2.6132612228393555,,0.4272079252260742,0.4861126710053648,0.4394733082549278,0.418686013640391,acc,0.4914257526397705,0.4914257526397705,2.5885732173919678,,0.4290453283884025,0.4881689911529401,0.4412287319106918,0.42039716859702925
amazon-ratings,GCN,1,512,3e-05,7,2010,acc,0.9034786820411682,0.9034786820411682,0.25589877367019653,,0.9015524313306773,0.9033538294243588,0.9174471352667375,0.887615144396887,acc,0.47983014583587646,0.47983014583587646,2.309417247772217,,0.41161437928303224,0.47585807379698425,0.4273659458899962,0.40164726360973957,acc,0.47885024547576904,0.47885024547576904,2.280914068222046,,0.4197026752240197,0.47540924181210154,0.4354632406187444,0.40912808877778667
amazon-ratings,GCN,1,512,3e-05,8,3250,acc,0.9668462872505188,0.9668462872505188,0.08821143954992294,,0.9670935461928313,0.9668489035416356,0.9708579700631091,0.963525436966048,acc,0.4883227050304413,0.4883227050304413,3.2701668739318848,,0.43013524156043753,0.4851309097024563,0.4420827221230688,0.42175888110791027,acc,0.4786868989467621,0.4786868989467621,3.295766830444336,,0.4151942909435119,0.47517515560039103,0.42686312333238385,0.40778034775848315
amazon-ratings,GCN,1,512,3e-05,9,2260,acc,0.9479013681411743,0.9479013681411743,0.14295656979084015,,0.9481980044518835,0.947884986577919,0.9531983259854038,0.9434803637598599,acc,0.48848602175712585,0.48848602175712585,2.711714744567871,,0.433539330842145,0.485552547524609,0.44921648818315907,0.422741206336783,acc,0.4829331934452057,0.4829331934452057,2.739047050476074,,0.4277654100740027,0.48023593304587164,0.4404583393516903,0.4185535569944719
amazon-ratings,GCN,2,512,3e-05,0,2480,acc,0.9140127301216125,0.9140127301216125,0.2074308544397354,,0.9097700000861201,0.9140988322122349,0.909154945180684,0.9109013370239122,acc,0.5053078532218933,0.5053078532218933,2.7936275005340576,,0.44740236044307363,0.504620418719574,0.44928811151372605,0.446089959314312,acc,0.4999183416366577,0.4999183416366577,2.7254714965820312,,0.4515731419654559,0.498867152401782,0.4564821475641206,0.4488321176599902
amazon-ratings,GCN,2,512,3e-05,1,3100,acc,0.9329577088356018,0.9329577088356018,0.15902070701122284,,0.9269166721381101,0.9330232494658552,0.9214251284679074,0.933079028844146,acc,0.5089008808135986,0.5089008808135986,3.157578468322754,,0.45537063815695766,0.5080051856445932,0.45620242807359934,0.45476164110568823,acc,0.509880781173706,0.509880781173706,3.0999596118927,,0.45465021686515017,0.5095892825783565,0.4544278236647263,0.4550206038197858
amazon-ratings,GCN,2,512,3e-05,2,2880,acc,0.9255266785621643,0.9255266785621643,0.18063178658485413,,0.9193048987132109,0.9255493013390881,0.9154029979968874,0.9234585891791938,acc,0.5142903923988342,0.5142903923988342,3.01897931098938,,0.45367316832092214,0.5134196434610746,0.4570724819951866,0.4507882953678581,acc,0.5066143870353699,0.5066143870353699,3.0173816680908203,,0.44887932937000574,0.5063280497163554,0.4509242814731276,0.447196866616709
amazon-ratings,GCN,2,512,3e-05,3,3100,acc,0.9336926341056824,0.9336926341056824,0.1656465232372284,,0.9303538765912359,0.9336558462560519,0.93333209888601,0.9277751959688493,acc,0.5146170258522034,0.5146170258522034,3.0358452796936035,,0.45795527650009066,0.5131236732216952,0.4618713423734861,0.4552453990527493,acc,0.5049812197685242,0.5049812197685242,3.0643069744110107,,0.4430788457978971,0.5031031842133211,0.45033077582307657,0.4383560350357554
amazon-ratings,GCN,2,512,3e-05,4,2690,acc,0.9215253591537476,0.9215253591537476,0.19161376357078552,,0.9193275615670103,0.9215641414570259,0.9180641629731362,0.9208144219641834,acc,0.5169034600257874,0.5169034600257874,2.8193163871765137,,0.46683513199477844,0.5158253260448973,0.47392749948100443,0.46154537430963094,acc,0.49812182784080505,0.49812182784080505,2.9735097885131836,,0.43945345509580475,0.4973758042194484,0.44437588361110497,0.43631466104755995
amazon-ratings,GCN,2,512,3e-05,5,1870,acc,0.877021074295044,0.877021074295044,0.2982529103755951,,0.8714460539321024,0.8770112047417966,0.8753055027494856,0.8683472849180969,acc,0.5180466771125793,0.5180466771125793,2.318084478378296,,0.4579693962569217,0.5160872672381008,0.46232703102702377,0.45534508906191606,acc,0.5075942873954773,0.5075942873954773,2.277784585952759,,0.4526756837510727,0.5053969317380906,0.46216611952758246,0.4455771173970309
amazon-ratings,GCN,2,512,3e-05,6,4430,acc,0.9426751732826233,0.9426751732826233,0.12569721043109894,,0.9385253122070605,0.9426742666202041,0.9372253772727678,0.9400078146000089,acc,0.5105340480804443,0.5105340480804443,3.7255475521087646,,0.45112535134925935,0.5101344453682715,0.4531309435262066,0.44977377417466763,acc,0.5038380026817322,0.5038380026817322,3.723208427429199,,0.44391024118323674,0.5034197626441589,0.4449433233502965,0.44320244386126084
amazon-ratings,GCN,2,512,3e-05,7,4700,acc,0.9557406306266785,0.9557406306266785,0.10563424229621887,,0.9533166835280176,0.9557682190889412,0.9478838502040412,0.9590665635098212,acc,0.503511369228363,0.503511369228363,3.9625651836395264,,0.448581224182336,0.5039007397081418,0.4510331578343866,0.4471014258008549,acc,0.4995917081832886,0.4995917081832886,3.8843226432800293,,0.44554116810422073,0.4998906092239981,0.4459218303507632,0.44538794400281867
amazon-ratings,GCN,2,512,3e-05,8,2340,acc,0.8983341455459595,0.8983341455459595,0.23808112740516663,,0.8938999930836262,0.8984843051595501,0.8922585143513807,0.8967727592306323,acc,0.5090641975402832,0.5090641975402832,2.708892822265625,,0.4567874962795465,0.5072538529362299,0.4616562234176408,0.45418713172506264,acc,0.5012248754501343,0.5012248754501343,2.718944787979126,,0.4448459696576613,0.4990958449019351,0.4491308005691851,0.4428999978986525
amazon-ratings,GCN,2,512,3e-05,9,2100,acc,0.8925363421440125,0.8925363421440125,0.2531749904155731,,0.8862168442368684,0.8925746787556756,0.8870884610930247,0.8864211828113637,acc,0.5026947259902954,0.5026947259902954,2.5476863384246826,,0.4492760757486495,0.5011850671903658,0.4545512513536451,0.4454731132527046,acc,0.49861177802085876,0.49861177802085876,2.566661834716797,,0.4466785745673393,0.49730187632971073,0.44906941393924626,0.4449108175197066
amazon-ratings,GCN,3,512,3e-05,0,1880,acc,0.8481953144073486,0.8481953144073486,0.3431664705276489,,0.8346849391724336,0.848072637473168,0.838598529594013,0.831016297701072,acc,0.5002449750900269,0.5002449750900269,2.614396333694458,,0.44045596226922895,0.4999893093343944,0.44153820856122483,0.43952562518824223,acc,0.4951820969581604,0.4951820969581604,2.562276601791382,,0.4432151294291158,0.49357244808147804,0.44802227592491317,0.4390995497490781
amazon-ratings,GCN,3,512,3e-05,1,1590,acc,0.8195328712463379,0.8195328712463379,0.41497018933296204,,0.8028575216181549,0.8194256407208361,0.8100752202366598,0.7970085722147239,acc,0.4956720471382141,0.4956720471382141,2.312509775161743,,0.4431173338911889,0.4937353974607824,0.4500471577116773,0.4377532447065075,acc,0.5026947259902954,0.5026947259902954,2.2350547313690186,,0.4516200538111412,0.5010269458753761,0.458904587381333,0.446391188041523
amazon-ratings,GCN,3,512,3e-05,2,2840,acc,0.9042136073112488,0.9042136073112488,0.21600575745105743,,0.8952480801692149,0.9043131406888696,0.889095350188726,0.9020711284318864,acc,0.5018781423568726,0.5018781423568726,3.373960494995117,,0.44111677578590613,0.501804991913202,0.44173913059917586,0.4407537713738723,acc,0.49158909916877747,0.49158909916877747,3.4027979373931885,,0.43362231841497234,0.49202558683561776,0.4330415608582128,0.4345521660134766
amazon-ratings,GCN,3,512,3e-05,3,4530,acc,0.9473297595977783,0.9473297595977783,0.1227307841181755,,0.9436663995769246,0.9473285438052135,0.9401022593692542,0.9476105389875151,acc,0.5100440979003906,0.5100440979003906,4.191075325012207,,0.4597030537566851,0.5104683382639906,0.45734868416090224,0.4623968863939137,acc,0.49289563298225403,0.49289563298225403,4.270645618438721,,0.4343312251938226,0.4931047873435072,0.43325747015045346,0.43546726769390914
amazon-ratings,GCN,3,512,3e-05,4,2800,acc,0.9052751660346985,0.9052751660346985,0.219930037856102,,0.8989667158864995,0.9053273731815823,0.8949005915681507,0.9032817581058751,acc,0.5051445364952087,0.5051445364952087,3.2725303173065186,,0.449551714386233,0.5047500620281812,0.4530859433297382,0.44653449218059416,acc,0.50285804271698,0.50285804271698,3.35300874710083,,0.4471993076135009,0.5027012353169622,0.44974738906523637,0.4452493082328071
amazon-ratings,GCN,3,512,3e-05,5,2360,acc,0.873264729976654,0.873264729976654,0.2886385917663574,,0.8623116989437316,0.8732021142794539,0.8608337317851154,0.8643316727339532,acc,0.5067777037620544,0.5067777037620544,3.0042941570281982,,0.4477743435697592,0.5061874495857958,0.448583625032079,0.44782379678833983,acc,0.499428391456604,0.499428391456604,2.928199529647827,,0.437072025982041,0.49831643434745865,0.44039849800242,0.43422467346297483
amazon-ratings,GCN,3,512,3e-05,6,690,acc,0.6620937585830688,0.6620937585830688,0.778876781463623,,0.6199138633343239,0.6594356594018913,0.6475088971073754,0.6020840458805231,acc,0.48521965742111206,0.48521965742111206,1.5273734331130981,,0.4082896582420129,0.47972566924348675,0.4243330227262028,0.40108217349374725,acc,0.4822799265384674,0.4822799265384674,1.5524228811264038,,0.4082736857270487,0.477318654945201,0.42300488435545064,0.40053120591446767
amazon-ratings,GCN,3,512,3e-05,7,2180,acc,0.8677119016647339,0.8677119016647339,0.30059513449668884,,0.8581898786364889,0.8676987434049923,0.858256864049838,0.859010925080659,acc,0.49877509474754333,0.49877509474754333,2.8589329719543457,,0.4404389197024467,0.4975420136535406,0.44397851141077965,0.43729833662372786,acc,0.4951820969581604,0.4951820969581604,2.8169312477111816,,0.4366814027172584,0.4947052933957177,0.4377294739527671,0.4359837963395572
amazon-ratings,GCN,3,512,3e-05,8,3350,acc,0.9219337105751038,0.9219337105751038,0.18142645061016083,,0.9177500419613036,0.9219458995095652,0.9171948503082422,0.9183989245368751,acc,0.5040013194084167,0.5040013194084167,3.701977014541626,,0.4499677129789581,0.5033586823950188,0.45390661783789926,0.446872245472168,acc,0.49763187766075134,0.49763187766075134,3.701812744140625,,0.4426200501263254,0.4971479135763254,0.443573488363097,0.4422862340538444
amazon-ratings,GCN,3,512,3e-05,9,1260,acc,0.7782132625579834,0.7782132625579834,0.49939465522766113,,0.7570302768451753,0.7780141966074304,0.7584338215253282,0.7568850298465396,acc,0.4904458522796631,0.4904458522796631,2.0624442100524902,,0.4300864684387509,0.48966569541944877,0.432594850116862,0.42830822925857637,acc,0.4855462908744812,0.4855462908744812,2.0980138778686523,,0.43227488043559087,0.48520871235318713,0.43255996321510004,0.4320777499461964
amazon-ratings,GCN,4,512,3e-05,0,1560,acc,0.8143066763877869,0.8143066763877869,0.4135664701461792,,0.7969996613450624,0.8142127430978656,0.7959343439837656,0.7986041615205048,acc,0.494038850069046,0.494038850069046,2.4351072311401367,,0.435351712300765,0.49378731147348814,0.4346727661760488,0.4363216938042279,acc,0.4914257526397705,0.4914257526397705,2.3639707565307617,,0.4392596501621006,0.48967150864130965,0.4415404878375869,0.43782669544851077
amazon-ratings,GCN,4,512,3e-05,1,460,acc,0.6291850209236145,0.6291850209236145,0.8747468590736389,,0.571640899726195,0.6241803015459275,0.6004623929022115,0.5569914689513736,acc,0.48260655999183655,0.48260655999183655,1.4157135486602783,,0.4086981510157699,0.47355370825869025,0.42934279628204075,0.4012075215838724,acc,0.4850563406944275,0.4850563406944275,1.3988357782363892,,0.4110557340934619,0.47719091191203084,0.42994642680238304,0.4035817804854795
amazon-ratings,GCN,4,512,3e-05,2,1560,acc,0.8067123889923096,0.8067123889923096,0.4341895580291748,,0.7899887188783541,0.8068937432162706,0.7843517583981182,0.7973006391366937,acc,0.49224236607551575,0.49224236607551575,2.3097474575042725,,0.4312129766104741,0.49241008013285154,0.4306086973414082,0.43257452575376193,acc,0.48048341274261475,0.48048341274261475,2.370331048965454,,0.4209294322799864,0.4807160377220065,0.41990487520515585,0.4234838054707746
amazon-ratings,GCN,4,512,3e-05,3,1770,acc,0.8201045393943787,0.8201045393943787,0.4050139784812927,,0.8017004819086843,0.8201251931767699,0.7980804245664403,0.806554455087162,acc,0.50285804271698,0.50285804271698,2.4215495586395264,,0.4412902005213134,0.5032407285756789,0.43913672449703406,0.4438508211741354,acc,0.48570960760116577,0.48570960760116577,2.4593234062194824,,0.4327228816319921,0.485878568091044,0.43033474409382205,0.43567142444386464
amazon-ratings,GCN,4,512,3e-05,4,1620,acc,0.8133267760276794,0.8133267760276794,0.4247250556945801,,0.7969460778050393,0.8131970235339661,0.7971859696529441,0.796967085791455,acc,0.4968152940273285,0.4968152940273285,2.2882211208343506,,0.4421794451306251,0.4957927827199999,0.44357467269521356,0.4411935448474046,acc,0.49158909916877747,0.49158909916877747,2.3280556201934814,,0.431460755930636,0.4913287913972506,0.43138152364239424,0.4316272204153318
amazon-ratings,GCN,4,512,3e-05,5,2000,acc,0.8467254638671875,0.8467254638671875,0.3498392105102539,,0.8342417512001494,0.8467181026121783,0.8325328772576901,0.8369767121202527,acc,0.49975502490997314,0.49975502490997314,2.632533311843872,,0.4377382074025215,0.49883681820395653,0.43709654456244673,0.43956741386260945,acc,0.49273231625556946,0.49273231625556946,2.56210994720459,,0.4339552268796913,0.49230230789868396,0.4330069787415848,0.4353215880949528
amazon-ratings,GCN,4,512,3e-05,6,1050,acc,0.719255268573761,0.719255268573761,0.6231180429458618,,0.6888731911815281,0.7179753265882132,0.6979180829821077,0.6818904872627678,acc,0.4951820969581604,0.4951820969581604,1.7859296798706055,,0.4219752089999541,0.492150909551616,0.4280955863543391,0.41791299191077613,acc,0.4883227050304413,0.4883227050304413,1.8110345602035522,,0.4215314686533363,0.4856064489781995,0.4261976573606369,0.41799916695126604
amazon-ratings,GCN,4,512,3e-05,7,4120,acc,0.9406336545944214,0.9406336545944214,0.13788850605487823,,0.9382923011289426,0.9406480495088543,0.9349189032851873,0.9418398596459744,acc,0.49550873041152954,0.49550873041152954,4.379940509796143,,0.4377251004969853,0.495517184951974,0.4417728144142587,0.4351079322605929,acc,0.4925689995288849,0.4925689995288849,4.394891738891602,,0.43709944904434944,0.4928400276493925,0.438170972103017,0.43637190955314775
amazon-ratings,GCN,4,512,3e-05,8,3800,acc,0.9288747310638428,0.9288747310638428,0.16887924075126648,,0.92369519723899,0.9288792228699289,0.9233307326220606,0.9240867766375697,acc,0.5020414590835571,0.5020414590835571,4.135249614715576,,0.4483350659128692,0.501714199635838,0.44954420566862785,0.4477415533753456,acc,0.49158909916877747,0.49158909916877747,4.148278713226318,,0.43361464255012716,0.4916390917276451,0.4324042642598866,0.4351878194052686
amazon-ratings,GCN,4,512,3e-05,9,1380,acc,0.777804970741272,0.777804970741272,0.500481367111206,,0.7549536338094673,0.7779139802002727,0.7491908734456358,0.76321421127948,acc,0.48750612139701843,0.48750612139701843,2.048640012741089,,0.4277190683584743,0.4876108922003529,0.42615606878190987,0.4305115982066832,acc,0.47346070408821106,0.47346070408821106,2.0943548679351807,,0.4181356938975723,0.4740355190981877,0.41443968032583767,0.42311854823901107
amazon-ratings,GCN,5,512,3e-05,0,1400,acc,0.7806630730628967,0.7806630730628967,0.4871545135974884,,0.7602541408421545,0.7806521528278,0.7556941322948916,0.767655598399678,acc,0.4904458522796631,0.4904458522796631,2.190110445022583,,0.4309937990844501,0.48997161223225494,0.42873924706564887,0.4343194043824326,acc,0.47934019565582275,0.47934019565582275,2.1351208686828613,,0.4277230037818782,0.4774346232644093,0.4258230264204725,0.43181889570965487
amazon-ratings,GCN,5,512,3e-05,1,1340,acc,0.7731503844261169,0.7731503844261169,0.506647527217865,,0.7506261991829631,0.7731380458022933,0.7481480199921484,0.7567247355839438,acc,0.4861995577812195,0.4861995577812195,2.1769349575042725,,0.43273439174407413,0.48433261083620816,0.4328895437850985,0.4345240402502027,acc,0.4924056828022003,0.4924056828022003,2.1003875732421875,,0.4416820288404277,0.49060577469262023,0.443786811684463,0.44166633965472385
amazon-ratings,GCN,5,512,3e-05,2,1870,acc,0.8357014656066895,0.8357014656066895,0.3734194040298462,,0.8228693992769702,0.8357403870605428,0.8199965980816859,0.8276992065892503,acc,0.49697861075401306,0.49697861075401306,2.559215545654297,,0.4331767979993234,0.49620973396645407,0.4333740715126013,0.43397975387270665,acc,0.4881593883037567,0.4881593883037567,2.5973687171936035,,0.4322472035249659,0.4879947273628599,0.43137018550374673,0.4339721650273448
amazon-ratings,GCN,5,512,3e-05,3,4020,acc,0.9456148743629456,0.9456148743629456,0.1315261274576187,,0.9419926170891474,0.9456184717165039,0.9397726818764592,0.9444021263656547,acc,0.4984484612941742,0.4984484612941742,4.422440528869629,,0.4445560878626626,0.4991304051482945,0.44173158681766445,0.4477385401604567,acc,0.48636287450790405,0.48636287450790405,4.565396785736084,,0.425726705981926,0.4866152135471262,0.4247337386526688,0.42685702272084053
amazon-ratings,GCN,5,512,3e-05,4,2040,acc,0.8628939986228943,0.8628939986228943,0.3237374424934387,,0.8498142682403771,0.8628377029654972,0.8494085342063231,0.8510587683891432,acc,0.49534541368484497,0.49534541368484497,2.7510509490966797,,0.4422376171875091,0.4945894022273172,0.44216322993562374,0.4426166503870384,acc,0.4897925853729248,0.4897925853729248,2.7933812141418457,,0.43146583957072443,0.4896320482437022,0.43092288601548184,0.43243036534885465
amazon-ratings,GCN,5,512,3e-05,5,1360,acc,0.7623713612556458,0.7623713612556458,0.538735032081604,,0.7366652394974198,0.7617291124742311,0.740655750961448,0.734295565161667,acc,0.49534541368484497,0.49534541368484497,1.9902732372283936,,0.4295059782951062,0.49305774193607776,0.43200651385520833,0.4285558704187441,acc,0.4899559020996094,0.4899559020996094,1.9419606924057007,,0.4244784793383524,0.4874890735554349,0.42753454273406594,0.4225525448030626
amazon-ratings,GCN,5,512,3e-05,6,1490,acc,0.7948718070983887,0.7948718070983887,0.46142899990081787,,0.7768022024587067,0.7948396303906834,0.7726159576454215,0.7824402691249391,acc,0.48750612139701843,0.48750612139701843,2.2532641887664795,,0.4210820809877487,0.4871669114214002,0.4218955212786323,0.4217305717458751,acc,0.488812655210495,0.488812655210495,2.2494640350341797,,0.428921274445072,0.48810055989535833,0.4290006783906898,0.4298516451454839
amazon-ratings,GCN,5,512,3e-05,7,3720,acc,0.9399803876876831,0.9399803876876831,0.14242085814476013,,0.9348635903007045,0.9400282383401866,0.9307621958345743,0.9394795974521518,acc,0.4946921467781067,0.4946921467781067,4.276941776275635,,0.43282104969359303,0.494505860108867,0.43460482487901714,0.4313952205538644,acc,0.48962926864624023,0.48962926864624023,4.308938503265381,,0.43456514297709037,0.48969582102942355,0.43414362541424856,0.43503839665516447
amazon-ratings,GCN,5,512,3e-05,8,3620,acc,0.9367956519126892,0.9367956519126892,0.15056896209716797,,0.9334508875149675,0.9368048928593788,0.9314760216808352,0.9355141133890031,acc,0.49763187766075134,0.49763187766075134,4.240943908691406,,0.4433507477550915,0.4974222944791798,0.4448225139640386,0.4422988325428091,acc,0.49109911918640137,0.49109911918640137,4.257654190063477,,0.43965227391783507,0.49086547299551353,0.4399609729364358,0.43983453975475734
amazon-ratings,GCN,5,512,3e-05,9,3960,acc,0.9441450238227844,0.9441450238227844,0.12871412932872772,,0.9390568274291183,0.9441644175139619,0.9366521070402569,0.9416102808219217,acc,0.5000816583633423,0.5000816583633423,4.301327228546143,,0.44491274716840695,0.4999380175290773,0.44450232114810817,0.4455292442352265,acc,0.4930589497089386,0.4930589497089386,4.4372053146362305,,0.44355733491618776,0.4936456541843668,0.44253379613061083,0.4449390853079998
amazon-ratings,SAGE,1,512,3e-05,0,1510,acc,0.999428391456604,0.999428391456604,0.002957216463983059,,0.9992235365377754,0.9994283858064408,0.9992978101593583,0.9991493735848402,acc,0.5159235596656799,0.5159235596656799,3.3416929244995117,,0.4628746494089868,0.5107927353079076,0.5056422337119247,0.4419043832326867,acc,0.5178833603858948,0.5178833603858948,3.2456140518188477,,0.46725953773396245,0.5124909313949955,0.5155901260206612,0.4440313012724871
amazon-ratings,SAGE,1,512,3e-05,1,1440,acc,0.9992650747299194,0.9992650747299194,0.003901591757312417,,0.998851290065822,0.9992648410147594,0.9990857846766691,0.9986177231452384,acc,0.520006537437439,0.520006537437439,3.2723565101623535,,0.46343985270070176,0.5125935307042839,0.5133511115862625,0.440081080275814,acc,0.5255593657493591,0.5255593657493591,3.265072822570801,,0.4730204393861445,0.5188234077269119,0.5307355923451854,0.44755149827568436
amazon-ratings,SAGE,1,512,3e-05,2,2700,acc,0.9998366832733154,0.9998366832733154,0.0005400943919084966,,0.9998156565099409,0.9998366671758206,0.9998851673952949,0.9997462346025585,acc,0.5224562883377075,0.5224562883377075,4.068204402923584,,0.47049657532057676,0.5163227854714035,0.524390433082117,0.44542976038746296,acc,0.5118405818939209,0.5118405818939209,4.124173641204834,,0.4426167570814911,0.5042767512937035,0.4915329143326351,0.42201820886463876
amazon-ratings,SAGE,1,512,3e-05,3,1470,acc,0.9991017580032349,0.9991017580032349,0.004169888328760862,,0.9990880128252344,0.9991018851038701,0.9993801670750628,0.9987973462234676,acc,0.522292971611023,0.522292971611023,3.158069372177124,,0.47210788009183674,0.5159398633898636,0.5286376392313854,0.4465336240765575,acc,0.5142903923988342,0.5142903923988342,3.231144666671753,,0.4532228548050026,0.5074106632083557,0.5096079441136008,0.430776929770268
amazon-ratings,SAGE,1,512,3e-05,4,1370,acc,0.9992650747299194,0.9992650747299194,0.005289947148412466,,0.9991627569388936,0.9992649208428014,0.9990475575623187,0.9992791554423441,acc,0.5155969262123108,0.5155969262123108,3.115280866622925,,0.4549012482156843,0.5081299955130352,0.5098303591717828,0.4315885627588763,acc,0.5234362483024597,0.5234362483024597,3.1388189792633057,,0.4582224445210107,0.5160004393156306,0.5055621770449286,0.437187646166221
amazon-ratings,SAGE,1,512,3e-05,5,3360,acc,0.9995917081832886,0.9995917081832886,0.0007645063451491296,,0.9997009860088154,0.9995916477186368,0.999744989232458,0.9996572350277922,acc,0.522292971611023,0.522292971611023,4.478194713592529,,0.46253529607148425,0.516248175663731,0.5036414031942876,0.44238371502636165,acc,0.5218030214309692,0.5218030214309692,4.418478965759277,,0.46521595638316404,0.5159218629065458,0.5103864241054991,0.4435358300168897
amazon-ratings,SAGE,1,512,3e-05,6,1920,acc,0.9995100498199463,0.9995100498199463,0.0016049398109316826,,0.9990888639053406,0.9995099140787785,0.9992195225425211,0.9989585555380891,acc,0.5204964876174927,0.5204964876174927,3.6798198223114014,,0.460495914645015,0.515300217859718,0.5016988504550322,0.44089202741379496,acc,0.52523273229599,0.52523273229599,3.648811101913452,,0.4664406989429145,0.5199612731245437,0.5077689972171857,0.4465112622992212
amazon-ratings,SAGE,1,512,3e-05,7,1140,acc,0.9981217980384827,0.9981217980384827,0.010493196547031403,,0.9978931946492112,0.9981217251485744,0.998428818544683,0.9973610509662597,acc,0.5116772651672363,0.5116772651672363,2.964996337890625,,0.44634315627778404,0.5040786209861029,0.5069680675668263,0.42290305497024405,acc,0.5090641975402832,0.5090641975402832,2.9177820682525635,,0.4493722549207388,0.5022296243628757,0.5206447307810109,0.4236769494114988
amazon-ratings,SAGE,1,512,3e-05,8,1250,acc,0.9985301494598389,0.9985301494598389,0.009982437826693058,,0.9984662121274169,0.9985298869405802,0.9987170113387428,0.9982171893117815,acc,0.5173934102058411,0.5173934102058411,2.955132007598877,,0.45279991922925306,0.5092295434485603,0.5125136291778366,0.42893370855499285,acc,0.5133104920387268,0.5133104920387268,2.983534097671509,,0.4542166496233168,0.5054418944003688,0.5244940100306231,0.4278270015387398
amazon-ratings,SAGE,1,512,3e-05,9,1410,acc,0.9989384412765503,0.9989384412765503,0.0059353504329919815,,0.9988973810298697,0.9989382810823823,0.9992951977721475,0.9985009481087314,acc,0.5133104920387268,0.5133104920387268,3.1523070335388184,,0.46011375228625057,0.5069238039685126,0.5148587331990306,0.4358137072605225,acc,0.5152702927589417,0.5152702927589417,3.1346356868743896,,0.45079523011683265,0.5075185012536726,0.5154983427776575,0.4264036401534275
amazon-ratings,SAGE,2,512,3e-05,0,2630,acc,0.9998366832733154,0.9998366832733154,0.0006696584750898182,,0.9998768495835654,0.9998366633459753,0.9998946577106105,0.9998591053187742,acc,0.5333986282348633,0.5333986282348633,4.489465713500977,,0.48338133147869033,0.530173058227134,0.49932788602026734,0.4733129809077302,acc,0.5387881994247437,0.5387881994247437,4.290332317352295,,0.4879306465701264,0.5355288791938629,0.5079767719327939,0.47542054507121956
amazon-ratings,SAGE,2,512,3e-05,1,2720,acc,0.9998366832733154,0.9998366832733154,0.00044988837908022106,,0.9998898949624809,0.9998366823299475,0.9998851823482514,0.9998946292737066,acc,0.5402580499649048,0.5402580499649048,4.437464237213135,,0.4807518618377955,0.5369598465134475,0.49605961044287106,0.4709906029136836,acc,0.5427078008651733,0.5427078008651733,4.413407325744629,,0.49190591978839304,0.5396952764609947,0.5119242323179048,0.47953792142286317
amazon-ratings,SAGE,2,512,3e-05,2,1360,acc,0.9978768229484558,0.9978768229484558,0.006128162145614624,,0.9976864517987891,0.9978771210125362,0.9972489540312198,0.9981281661596018,acc,0.5369916558265686,0.5369916558265686,3.2867629528045654,,0.4798248916656013,0.5300593691195967,0.5253356415195138,0.45961068864990845,acc,0.5350318551063538,0.5350318551063538,3.2771315574645996,,0.46801617073669777,0.5284796658760846,0.5027931168937915,0.4525306155802757
amazon-ratings,SAGE,2,512,3e-05,3,2110,acc,0.9997550249099731,0.9997550249099731,0.0009166799718514085,,0.999658210377396,0.9997550362154014,0.9995186992765275,0.9997981297090182,acc,0.5374816060066223,0.5374816060066223,3.944568395614624,,0.48189430380122833,0.5332009581618812,0.5053725039445582,0.469703843716997,acc,0.5307855606079102,0.5307855606079102,3.9678728580474854,,0.4695879146278914,0.5259325398464182,0.49075142262313864,0.45859530102766605
amazon-ratings,SAGE,2,512,3e-05,4,990,acc,0.9963253140449524,0.9963253140449524,0.019178006798028946,,0.996311238371344,0.9963242529197511,0.9961031458194911,0.9965378730314498,acc,0.5396047830581665,0.5396047830581665,2.6789870262145996,,0.48610324273385713,0.5331469164322661,0.5164730108521713,0.4702799970202701,acc,0.5299689769744873,0.5299689769744873,2.7200119495391846,,0.46260377456106844,0.5224882837680273,0.49720992168808714,0.4468462772003205
amazon-ratings,SAGE,2,512,3e-05,5,3020,acc,0.9996733665466309,0.9996733665466309,0.0006226660334505141,,0.9997667681062052,0.9996733729889918,0.9997703844013929,0.9997632063233377,acc,0.5438510775566101,0.5438510775566101,4.5721869468688965,,0.4787175205132789,0.5386849577796384,0.5019359356374953,0.46652786047302747,acc,0.5384615063667297,0.5384615063667297,4.575270652770996,,0.48080011819329077,0.534147907478204,0.5017255206200717,0.4688822164502861
amazon-ratings,SAGE,2,512,3e-05,6,1120,acc,0.9961619973182678,0.9961619973182678,0.014388225972652435,,0.9962722146606116,0.9961628024279675,0.9964067364204391,0.9961445021266014,acc,0.5409113168716431,0.5409113168716431,2.791496753692627,,0.48896345212367887,0.5367714968559506,0.5217596319920932,0.4722167327492463,acc,0.5371549725532532,0.5371549725532532,2.855712413787842,,0.4805065062330578,0.5315874553083514,0.5140405005118704,0.46319516634791585
amazon-ratings,SAGE,2,512,3e-05,7,2220,acc,0.9995100498199463,0.9995100498199463,0.0010021296329796314,,0.9993727611538075,0.9995100179266415,0.9993162153564212,0.9994300669434752,acc,0.5289890766143799,0.5289890766143799,4.0985426902771,,0.4657736291325791,0.5242048705611115,0.48763753976997337,0.4531233858237004,acc,0.5369916558265686,0.5369916558265686,4.063284873962402,,0.47857359195906646,0.5322356273577007,0.5036328688784121,0.46405714540903115
amazon-ratings,SAGE,2,512,3e-05,8,2350,acc,0.9995100498199463,0.9995100498199463,0.0012218882329761982,,0.9994422473580593,0.999510042335569,0.9993162054908427,0.9995688220100881,acc,0.5348685383796692,0.5348685383796692,4.2179036140441895,,0.4757488858732032,0.5303803428321501,0.5042522474061698,0.4609814299192478,acc,0.5232728719711304,0.5232728719711304,4.192307472229004,,0.46948241716680605,0.519128033878223,0.49544360856701397,0.4559260352603368
amazon-ratings,SAGE,2,512,3e-05,9,2940,acc,0.9995917081832886,0.9995917081832886,0.0008379531791433692,,0.9995694239457389,0.9995917152777165,0.9994133732993353,0.9997259199691626,acc,0.5330719947814941,0.5330719947814941,4.4934773445129395,,0.4796065740055878,0.5304763879861668,0.4876850981145582,0.47503427034667106,acc,0.5381348729133606,0.5381348729133606,4.51891565322876,,0.48334788518728133,0.535742653159501,0.4947994293963961,0.47640363987152456
amazon-ratings,SAGE,3,512,3e-05,0,2420,acc,0.9995917081832886,0.9995917081832886,0.0013723608572036028,,0.9993260392793102,0.9995918195127563,0.9990736942941474,0.9995798882665092,acc,0.5378082394599915,0.5378082394599915,4.170580863952637,,0.4841310624976158,0.5363846026756149,0.48850359049314773,0.48123175993943157,acc,0.5420545339584351,0.5420545339584351,4.04852819442749,,0.4892514198045414,0.540078455944264,0.4950242453370052,0.4857792769205601
amazon-ratings,SAGE,3,512,3e-05,1,1860,acc,0.9992650747299194,0.9992650747299194,0.0022015937138348818,,0.9991361194251605,0.9992651235671026,0.9988962954521284,0.9993764234499631,acc,0.5485872626304626,0.5485872626304626,3.737210512161255,,0.49096066137111716,0.5445737989171663,0.5068025400567155,0.4827369548003338,acc,0.5464641451835632,0.5464641451835632,3.726428508758545,,0.49876506243632746,0.5432857282915082,0.5190972609707387,0.4868360288096352
amazon-ratings,SAGE,3,512,3e-05,2,2040,acc,0.9991017580032349,0.9991017580032349,0.0025188205763697624,,0.9990437812703746,0.999101780553213,0.99878387499408,0.9993055988939801,acc,0.5396047830581665,0.5396047830581665,3.834238052368164,,0.48364839126151027,0.5355784462793083,0.5016293078796217,0.4732067965196281,acc,0.5337253212928772,0.5337253212928772,3.885209321975708,,0.4731863535540424,0.530133327209577,0.48747201772876847,0.4648302384468456
amazon-ratings,SAGE,3,512,3e-05,3,2830,acc,0.9997550249099731,0.9997550249099731,0.0006519263260997832,,0.999658210377396,0.9997550362154014,0.9995186992765275,0.9997981297090182,acc,0.543197751045227,0.543197751045227,4.323252201080322,,0.4921740888175856,0.540286383707973,0.5033587708215594,0.48682666333135505,acc,0.5365017056465149,0.5365017056465149,4.32921838760376,,0.4736981118050595,0.5332058631031565,0.48505493671729916,0.4665238049265737
amazon-ratings,SAGE,3,512,3e-05,4,1650,acc,0.998856782913208,0.998856782913208,0.0036153013352304697,,0.9981305213196727,0.998857994760398,0.9972850037624544,0.9989893048292317,acc,0.5438510775566101,0.5438510775566101,3.479468822479248,,0.48747539468101203,0.5398715510295914,0.5090178158409667,0.475517696368623,acc,0.5396047830581665,0.5396047830581665,3.5517430305480957,,0.4753373884398956,0.5349801303691355,0.4928080820571631,0.46596879217008025
amazon-ratings,SAGE,3,512,3e-05,5,1590,acc,0.998856782913208,0.998856782913208,0.00364950904622674,,0.9989673925018818,0.9988567292538931,0.9989017059830878,0.9990336584777555,acc,0.5337253212928772,0.5337253212928772,3.5609397888183594,,0.4753020439938793,0.5299778143150322,0.49080707051282363,0.4659409112806635,acc,0.535685122013092,0.535685122013092,3.5547139644622803,,0.4805060456286315,0.5323373374393758,0.497206414770627,0.46961618568388613
amazon-ratings,SAGE,3,512,3e-05,6,2210,acc,0.9993467330932617,0.9993467330932617,0.0019119486678391695,,0.998893323108726,0.9993469535319438,0.9984561198009931,0.999333832200682,acc,0.5453209280967712,0.5453209280967712,3.9172143936157227,,0.4864615455980089,0.5415323691073651,0.5058292000545136,0.4751259820236843,acc,0.5433610677719116,0.5433610677719116,3.966334104537964,,0.48913803052340105,0.5390128995679299,0.5125723409946655,0.4754436879286703
amazon-ratings,SAGE,3,512,3e-05,7,2300,acc,0.9995917081832886,0.9995917081832886,0.0012724578846246004,,0.9994949360371084,0.9995917147231833,0.9993771352354506,0.9996132171266254,acc,0.5350318551063538,0.5350318551063538,4.106357574462891,,0.4774494409404776,0.5315728345620707,0.496477743786165,0.46718164345397994,acc,0.5342152714729309,0.5342152714729309,3.968130111694336,,0.47874931787472547,0.5314572455401526,0.4907419565795895,0.47218772655434976
amazon-ratings,SAGE,3,512,3e-05,8,1910,acc,0.9987751245498657,0.9987751245498657,0.003294660709798336,,0.9987893842004414,0.9987751286223263,0.9984095992632709,0.9991706511451259,acc,0.5415645837783813,0.5415645837783813,3.746623992919922,,0.4870007400993076,0.5372111454402846,0.5139961757315511,0.47220378810110886,acc,0.5301322937011719,0.5301322937011719,3.797473192214966,,0.4744120366926963,0.5253865035619587,0.49846798590896013,0.4621560066850515
amazon-ratings,SAGE,3,512,3e-05,9,2320,acc,0.9993467330932617,0.9993467330932617,0.0017918642843142152,,0.9991051057723878,0.9993467163229631,0.9989501807767743,0.9992604819018134,acc,0.5378082394599915,0.5378082394599915,3.9846084117889404,,0.48201207615812186,0.535284450003207,0.4913284632124424,0.4775908782799957,acc,0.5288257598876953,0.5288257598876953,4.060659885406494,,0.47384858948115216,0.5267951564774441,0.4843206350970187,0.4679390974742609
amazon-ratings,SAGE,4,512,3e-05,0,1810,acc,0.9986118078231812,0.9986118078231812,0.004233254119753838,,0.9983394267970708,0.9986118458350824,0.9979962854059596,0.9986840355528909,acc,0.5317654609680176,0.5317654609680176,3.6646134853363037,,0.48193447049439947,0.5296772734462,0.49135568049934886,0.4761526891406146,acc,0.5365017056465149,0.5365017056465149,3.514421224594116,,0.4833354411407568,0.5336358912561279,0.4935281923585805,0.4767746365044928
amazon-ratings,SAGE,4,512,3e-05,1,2700,acc,0.9996733665466309,0.9996733665466309,0.0010002440540120006,,0.9996217736511962,0.9996733874804299,0.9994381418366262,0.9998058390406325,acc,0.5407480001449585,0.5407480001449585,4.088749885559082,,0.48732602406414005,0.5376399636465385,0.5016715241837131,0.47797604703815705,acc,0.5430344343185425,0.5430344343185425,4.032510280609131,,0.4906942745379893,0.5397816450481437,0.5052300705089057,0.4809104166652169
amazon-ratings,SAGE,4,512,3e-05,2,2320,acc,0.9990200996398926,0.9990200996398926,0.0022979213390499353,,0.9987777446374683,0.9990203501526081,0.9983844740652674,0.9991743852853027,acc,0.5427078008651733,0.5427078008651733,3.9275569915771484,,0.4857937907789836,0.5390511198585108,0.5039366730897405,0.47453479591000935,acc,0.5363383889198303,0.5363383889198303,3.9687280654907227,,0.47644976364725816,0.5333182886086478,0.48798094199396813,0.4689334617180031
amazon-ratings,SAGE,4,512,3e-05,3,2140,acc,0.9995100498199463,0.9995100498199463,0.0019206692231819034,,0.9994342871590807,0.9995100620414322,0.9992041089185812,0.9996649443594066,acc,0.5474440455436707,0.5474440455436707,3.751160144805908,,0.4936408876610871,0.5445501855091324,0.5032831916759422,0.48773512187716017,acc,0.5299689769744873,0.5299689769744873,3.8148353099823,,0.46907687994867536,0.5266862309792434,0.4812509802493703,0.4606081680975045
amazon-ratings,SAGE,4,512,3e-05,4,2730,acc,0.9997550249099731,0.9997550249099731,0.0007799278828315437,,0.9995887884315102,0.9997550503877731,0.9993799343574696,0.9997981297090182,acc,0.5415645837783813,0.5415645837783813,4.122831344604492,,0.4876477941730446,0.5386980468562852,0.49748347784431085,0.4819861372650375,acc,0.5438510775566101,0.5438510775566101,4.156978130340576,,0.48112548162955815,0.5403120167227322,0.4958119378835192,0.47234262483249745
amazon-ratings,SAGE,4,512,3e-05,5,2020,acc,0.9991834163665771,0.9991834163665771,0.0025345329195261,,0.9991030479259015,0.9991835781985448,0.9987628870607272,0.9994447311759632,acc,0.537971556186676,0.537971556186676,3.876941680908203,,0.4778722817128823,0.5349882226959084,0.48621665504837963,0.4730501172537657,acc,0.5342152714729309,0.5342152714729309,3.8381991386413574,,0.4838193501158573,0.5320168246398458,0.491747341580601,0.4782709212145816
amazon-ratings,SAGE,4,512,3e-05,6,1850,acc,0.998856782913208,0.998856782913208,0.0036228615790605545,,0.9981426431164389,0.9988575762109907,0.997444321263132,0.9988503818889403,acc,0.5502204895019531,0.5502204895019531,3.607469081878662,,0.4966414007425103,0.5467967840164742,0.5171439077036765,0.4839735624384403,acc,0.544667661190033,0.544667661190033,3.630837917327881,,0.4854502693875872,0.5400822236279184,0.5044555559263152,0.47444798502622215
amazon-ratings,SAGE,4,512,3e-05,7,1860,acc,0.9990200996398926,0.9990200996398926,0.0034130329731851816,,0.9987027246692295,0.9990203502341136,0.9981986802373856,0.9992100771139137,acc,0.5361750721931458,0.5361750721931458,3.6347920894622803,,0.4791705521009934,0.5332960500839528,0.4897616243265288,0.4725341489174906,acc,0.5330719947814941,0.5330719947814941,3.572145462036133,,0.47304065519377686,0.5304006158425717,0.4810402269499726,0.46828637942153917
amazon-ratings,SAGE,4,512,3e-05,8,2230,acc,0.9991834163665771,0.9991834163665771,0.0024947149213403463,,0.999052570977061,0.9991835264788804,0.9987324203597883,0.9993746610507206,acc,0.535685122013092,0.535685122013092,3.914106845855713,,0.4815067943446856,0.5325981625613976,0.4974026791975209,0.471096362873139,acc,0.5262126326560974,0.5262126326560974,3.9655580520629883,,0.47272922379286053,0.5231445825140402,0.4865911678926841,0.4641702602075034
amazon-ratings,SAGE,4,512,3e-05,9,2560,acc,0.9995100498199463,0.9995100498199463,0.001438233070075512,,0.9995120103121122,0.9995100496834309,0.9993334098010879,0.9996909965834823,acc,0.5363383889198303,0.5363383889198303,4.066647052764893,,0.4837369065628304,0.5342585705032827,0.49151027480805587,0.47934358458154935,acc,0.5314388275146484,0.5314388275146484,4.140587329864502,,0.4773320337132939,0.5294677225103522,0.48748261856876207,0.47111809200778376
amazon-ratings,SAGE,5,512,3e-05,0,2570,acc,0.9996733665466309,0.9996733665466309,0.0016644623829051852,,0.9994701580158992,0.9996733778702782,0.9993258846659596,0.9996148116521895,acc,0.5284990668296814,0.5284990668296814,4.110536098480225,,0.47707338551330525,0.5271009962248094,0.47937143120919856,0.4761783545306769,acc,0.5347052216529846,0.5347052216529846,3.967913866043091,,0.48397794608686684,0.5326881759876604,0.48991168245687167,0.4806770984198686
amazon-ratings,SAGE,5,512,3e-05,1,1210,acc,0.9902825355529785,0.9902825355529785,0.035814132541418076,,0.9903499276673051,0.9902829474229197,0.9891944480873687,0.9915394583991652,acc,0.5358484387397766,0.5358484387397766,2.7408270835876465,,0.4829021810395978,0.53238997224216,0.4985441370940643,0.4752713088279051,acc,0.5307855606079102,0.5307855606079102,2.725811004638672,,0.4800270955830513,0.5273046560611,0.4947695435418778,0.4720290501897086
amazon-ratings,SAGE,5,512,3e-05,2,1490,acc,0.9959986805915833,0.9959986805915833,0.013613825663924217,,0.9957477765456119,0.9959996627501149,0.9947525706416712,0.9967636537723952,acc,0.5386248230934143,0.5386248230934143,3.1145293712615967,,0.47986011417043295,0.5338491476974758,0.5015254770689277,0.4677576437973511,acc,0.5284990668296814,0.5284990668296814,3.199855089187622,,0.46552279610010316,0.5249496230591666,0.48366624851586293,0.45519574967388443
amazon-ratings,SAGE,5,512,3e-05,3,3320,acc,0.9998366832733154,0.9998366832733154,0.0006722337566316128,,0.9997239358225958,0.9998367108891721,0.9995796748862837,0.9998685770496311,acc,0.5425444841384888,0.5425444841384888,4.360189914703369,,0.49241999451628277,0.5398798492562257,0.5000245155664756,0.489675907570991,acc,0.5409113168716431,0.5409113168716431,4.3358869552612305,,0.48252090993850805,0.5377306082880359,0.4939232073101706,0.47550447090799863
amazon-ratings,SAGE,5,512,3e-05,4,1670,acc,0.9986118078231812,0.9986118078231812,0.005172519013285637,,0.9974247035175352,0.9986134946626674,0.9964237066666616,0.998438601327293,acc,0.536828339099884,0.536828339099884,3.3526244163513184,,0.4817389443678047,0.5339854207826147,0.4889444511231119,0.4779609485483157,acc,0.5289890766143799,0.5289890766143799,3.4716386795043945,,0.4624228750532743,0.5263237156436076,0.4690379139315638,0.4583843752760369
amazon-ratings,SAGE,5,512,3e-05,5,2530,acc,0.9995100498199463,0.9995100498199463,0.0012951117241755128,,0.9996352892110091,0.9995099995465916,0.9996578922535482,0.9996128399112552,acc,0.5363383889198303,0.5363383889198303,4.0977606773376465,,0.47509973801490146,0.5335177273799563,0.4834882877630878,0.4703656273899455,acc,0.5394414663314819,0.5394414663314819,4.064037799835205,,0.4850152458552783,0.5369278260399262,0.49231585125150507,0.48009172934039723
amazon-ratings,SAGE,5,512,3e-05,6,3400,acc,0.9995917081832886,0.9995917081832886,0.0010003946954384446,,0.9994259154244116,0.999591760451594,0.9991266657282806,0.9997259199691626,acc,0.5515270233154297,0.5515270233154297,4.249927043914795,,0.4930154228947673,0.5487548873250012,0.50618093155025,0.4837985480334738,acc,0.5480973124504089,0.5480973124504089,4.293619155883789,,0.4893791328597402,0.5444840152590612,0.5024922391639444,0.48089605974443367
amazon-ratings,SAGE,5,512,3e-05,7,1780,acc,0.9980401396751404,0.9980401396751404,0.004919184371829033,,0.9971310543058515,0.9980414631747107,0.9961538727843156,0.9981260636013826,acc,0.5314388275146484,0.5314388275146484,3.525400161743164,,0.4748268744216915,0.5286710241531337,0.4873683339447702,0.46654583272651323,acc,0.5296423435211182,0.5296423435211182,3.448085308074951,,0.47585850164927895,0.5278010836720131,0.4847964342318597,0.4689756845770984
amazon-ratings,SAGE,5,512,3e-05,8,3820,acc,0.9999183416366577,0.9999183416366577,0.0004087750567123294,,0.9999425750301821,0.9999183380216436,0.9999556147359077,0.9999295526593871,acc,0.537971556186676,0.537971556186676,4.555410385131836,,0.4812395338573915,0.5342540569702264,0.4979487443791493,0.46986007635615384,acc,0.5239261984825134,0.5239261984825134,4.5567731857299805,,0.4684884662589933,0.5202327367243276,0.4822180526963903,0.4590867858634061
amazon-ratings,SAGE,5,512,3e-05,9,4390,acc,0.9997550249099731,0.9997550249099731,0.0006063515320420265,,0.9998324849450707,0.9997550309800243,0.9998147995320987,0.9998502341571696,acc,0.5392781496047974,0.5392781496047974,4.562795639038086,,0.4890232081253251,0.537534607443495,0.49512953574477814,0.48521924887941353,acc,0.5333986282348633,0.5333986282348633,4.643777370452881,,0.48217271647906834,0.5322448966876046,0.48821917662758174,0.4784684073887394
amazon-ratings,GAT,1,512,3e-05,0,1890,acc,0.9520659446716309,0.9520659446716309,0.140080064535141,,0.946851862574065,0.9519641539771755,0.9623243970832244,0.9331918301844648,acc,0.5214763879776001,0.5214763879776001,2.271559953689575,,0.46252846014902815,0.5154657292758633,0.4995580759471407,0.4432099062390174,acc,0.5142903923988342,0.5142903923988342,2.227388381958008,,0.4614175648103204,0.5079835402756169,0.5159268072212986,0.43766325573349035
amazon-ratings,GAT,1,512,3e-05,1,2490,acc,0.9786052703857422,0.9786052703857422,0.06865470111370087,,0.976866646289847,0.9785867064752152,0.9843386668040324,0.9698372057858682,acc,0.5160868763923645,0.5160868763923645,2.677964687347412,,0.462532050595822,0.5107807136614791,0.49360688206711945,0.4451304850392727,acc,0.5291523933410645,0.5291523933410645,2.589904546737671,,0.47335269164770216,0.5242479311497579,0.505632945099104,0.4555296972174211
amazon-ratings,GAT,1,512,3e-05,2,2260,acc,0.9726440906524658,0.9726440906524658,0.0841418132185936,,0.9709337480145539,0.972609667404679,0.9778625386067883,0.9644946871473407,acc,0.5278457999229431,0.5278457999229431,2.446652889251709,,0.4663083052310359,0.5215926341793726,0.504846212107808,0.4468011954087916,acc,0.5177200436592102,0.5177200436592102,2.5099289417266846,,0.45455639447768714,0.5123078457724222,0.4918762805684171,0.43651226118354414
amazon-ratings,GAT,1,512,3e-05,3,2440,acc,0.9749305844306946,0.9749305844306946,0.07498231530189514,,0.9714557182476918,0.9748993834974697,0.9791744802931014,0.9644661401728591,acc,0.5219663381576538,0.5219663381576538,2.5729568004608154,,0.4698506860717882,0.5178411094748234,0.4967923274608167,0.4549115112865388,acc,0.5106973648071289,0.5106973648071289,2.6005494594573975,,0.4407849062849209,0.5060849405084801,0.46636073313377724,0.429829980254916
amazon-ratings,GAT,1,512,3e-05,4,2800,acc,0.9813816547393799,0.9813816547393799,0.05797820910811424,,0.9805426123395928,0.9813695078638248,0.9851706795234983,0.976262771730496,acc,0.5255593657493591,0.5255593657493591,2.74664568901062,,0.4717372252350218,0.5208097951304268,0.5029345648992127,0.45553701490069337,acc,0.5164135098457336,0.5164135098457336,2.745323419570923,,0.4451906339185562,0.5112727001215683,0.47049172136192474,0.43335917047736994
amazon-ratings,GAT,1,512,3e-05,5,2990,acc,0.9849746823310852,0.9849746823310852,0.04867464676499367,,0.9833286099559022,0.9849591408941757,0.987248872403509,0.9795800602460503,acc,0.5325820446014404,0.5325820446014404,2.7888805866241455,,0.4659482343663022,0.526670270245286,0.4914451357453956,0.45174578042913704,acc,0.5167401432991028,0.5167401432991028,2.744417190551758,,0.4614235094464264,0.5118278654036003,0.4936738600759719,0.44333797983821865
amazon-ratings,GAT,1,512,3e-05,6,2200,acc,0.9724807739257812,0.9724807739257812,0.0856841653585434,,0.9713461482442641,0.9724509815747945,0.9792501191708765,0.9639035731398957,acc,0.5260493159294128,0.5260493159294128,2.4366540908813477,,0.4607763824028318,0.5202980687255827,0.4944498639618984,0.44307286886442404,acc,0.5218030214309692,0.5218030214309692,2.4713022708892822,,0.4611180483513085,0.5156228003474627,0.49535938370500154,0.4426115369904136
amazon-ratings,GAT,1,512,3e-05,7,1520,acc,0.9203821420669556,0.9203821420669556,0.21249167621135712,,0.9151863877956122,0.9201772858117131,0.9404802695772372,0.894978657509155,acc,0.5141270756721497,0.5141270756721497,2.082554817199707,,0.43958139144853126,0.5064084717221081,0.4810718846489782,0.42270548442144945,acc,0.5084109306335449,0.5084109306335449,2.0640554428100586,,0.4465047623681199,0.5019717118673285,0.4824893065503968,0.42879323132742825
amazon-ratings,GAT,1,512,3e-05,8,2880,acc,0.9861178994178772,0.9861178994178772,0.048542797565460205,,0.9849222317235584,0.986109279137088,0.9884931535951388,0.9814765989094767,acc,0.530458927154541,0.530458927154541,2.7364988327026367,,0.4691883011758701,0.5249672312261622,0.5009194213045375,0.4517677430241321,acc,0.5195165872573853,0.5195165872573853,2.77889084815979,,0.4549501151168599,0.5139853730427402,0.4832930383278682,0.4395930054180268
amazon-ratings,GAT,1,512,3e-05,9,1840,acc,0.9532908797264099,0.9532908797264099,0.13621893525123596,,0.9506190788513335,0.9531996984925393,0.9638789095437353,0.9388742465612842,acc,0.52523273229599,0.52523273229599,2.24045729637146,,0.4628794580029898,0.5187438264906068,0.4991874085160302,0.4442207429136406,acc,0.5178833603858948,0.5178833603858948,2.257413148880005,,0.45839386226306483,0.511365873561377,0.5017354114482536,0.4377625230899497
amazon-ratings,GAT,2,512,3e-05,0,2720,acc,0.9230769276618958,0.9230769276618958,0.18694937229156494,,0.9163134963403999,0.9231529660701677,0.9095179790170874,0.9243079823907353,acc,0.5146170258522034,0.5146170258522034,2.959202766418457,,0.45763386921120686,0.5155981728199518,0.45414314750073437,0.46240564282475055,acc,0.5154336094856262,0.5154336094856262,2.8707547187805176,,0.4608767776047795,0.5143926637690457,0.4623907951994811,0.4599324649469816
amazon-ratings,GAT,2,512,3e-05,1,2210,acc,0.9116446375846863,0.9116446375846863,0.21739259362220764,,0.9028574523566016,0.9117554640096781,0.8977866752063154,0.9083798759867496,acc,0.5187000036239624,0.5187000036239624,2.6719155311584473,,0.46869036724992935,0.517703268178252,0.47267719350206516,0.46513735811407314,acc,0.5258859992027283,0.5258859992027283,2.5944690704345703,,0.47346441882151974,0.5251278169620162,0.4762142794436193,0.4712136674072589
amazon-ratings,GAT,2,512,3e-05,2,3660,acc,0.954760730266571,0.954760730266571,0.11377201974391937,,0.9487197571442765,0.9548311908186292,0.940289782539671,0.95812368193426,acc,0.5216397047042847,0.5216397047042847,3.4455220699310303,,0.4687626611615764,0.5216147257062672,0.46718217782547555,0.4709264268700921,acc,0.5204964876174927,0.5204964876174927,3.4823079109191895,,0.46316043267929957,0.5214367061775124,0.4607456789261157,0.46628485650788154
amazon-ratings,GAT,2,512,3e-05,3,1920,acc,0.8730197548866272,0.8730197548866272,0.30332139134407043,,0.867686306310034,0.8730853271626987,0.8661768646364761,0.8700614597086757,acc,0.5160868763923645,0.5160868763923645,2.3727974891662598,,0.4576713212792735,0.515477803728176,0.46009531009782895,0.4557986620814523,acc,0.51216721534729,0.51216721534729,2.402341604232788,,0.4491054660260877,0.5111219823764984,0.4528868291886461,0.44579957485025795
amazon-ratings,GAT,2,512,3e-05,4,2710,acc,0.9289563894271851,0.9289563894271851,0.17679734528064728,,0.9244060212746232,0.92904931652915,0.9150652046021749,0.9350605206975544,acc,0.5249060988426208,0.5249060988426208,2.918297290802002,,0.4706940553100242,0.5244204529356239,0.46984624612191633,0.47201797220656444,acc,0.5152702927589417,0.5152702927589417,3.004185914993286,,0.45301420137586756,0.5147583629389967,0.45331528245217295,0.45307681178637366
amazon-ratings,GAT,2,512,3e-05,5,2270,acc,0.8980891704559326,0.8980891704559326,0.2455766201019287,,0.8890022817001357,0.8982213884213883,0.881639539751433,0.8978020702740441,acc,0.5235995650291443,0.5235995650291443,2.5662155151367188,,0.46538799345498527,0.5221989803413146,0.46817411096436495,0.4635000144006379,acc,0.5149436593055725,0.5149436593055725,2.5510504245758057,,0.45577019468708624,0.5134421549811765,0.46008603934078385,0.45216022568356956
amazon-ratings,GAT,2,512,3e-05,6,1950,acc,0.8759595155715942,0.8759595155715942,0.28456953167915344,,0.8695683811272508,0.875796996715884,0.8653442684386942,0.8757350209581098,acc,0.5219663381576538,0.5219663381576538,2.400028944015503,,0.4628845920382199,0.5205489041605083,0.46584157024114026,0.46067272406247917,acc,0.5149436593055725,0.5149436593055725,2.4519457817077637,,0.45245544060079956,0.5126206554058034,0.4560016736919338,0.45038077515019853
amazon-ratings,GAT,2,512,3e-05,7,4530,acc,0.9693777561187744,0.9693777561187744,0.0762840285897255,,0.9656322217289336,0.9694345206056751,0.958941928147427,0.9728835465956104,acc,0.5134738087654114,0.5134738087654114,3.9992823600769043,,0.4616423108423203,0.5148938842670766,0.4588756236060725,0.46505677360252873,acc,0.5100440979003906,0.5100440979003906,3.9165830612182617,,0.45775357014788937,0.5114428045063539,0.45437997929993157,0.4617238638052591
amazon-ratings,GAT,2,512,3e-05,8,3570,acc,0.9519842863082886,0.9519842863082886,0.116574726998806,,0.9479614268692911,0.9520177539958117,0.9412451567262916,0.9552858531229516,acc,0.5234362483024597,0.5234362483024597,3.5944249629974365,,0.46695724625907287,0.5228724740011352,0.46987869568957075,0.4643040613786475,acc,0.5084109306335449,0.5084109306335449,3.6198229789733887,,0.44958889518337875,0.5085714127296074,0.44812130792184995,0.4514382206224227
amazon-ratings,GAT,2,512,3e-05,9,3140,acc,0.941368579864502,0.941368579864502,0.1432177722454071,,0.9391497829358624,0.9413965103680132,0.9347245896638651,0.9439120749302417,acc,0.5250694155693054,0.5250694155693054,3.197172164916992,,0.47246536865935684,0.5242845117745694,0.4750852406044956,0.47016640635555784,acc,0.5159235596656799,0.5159235596656799,3.306809425354004,,0.46360356666766595,0.5154313542823786,0.4650383830792494,0.4622962222214711
amazon-ratings,GAT,3,512,3e-05,0,3380,acc,0.9403070211410522,0.9403070211410522,0.15300841629505157,,0.9340749891114151,0.9403878242628539,0.9304835823019287,0.9383331846855443,acc,0.5213130712509155,0.5213130712509155,3.191650867462158,,0.4682037351782792,0.5214806868822037,0.46566881682991645,0.471210210345017,acc,0.5157602429389954,0.5157602429389954,3.1419453620910645,,0.4667322378674781,0.5148042783985669,0.4669691839580545,0.46729103390330984
amazon-ratings,GAT,3,512,3e-05,1,3160,acc,0.9368773102760315,0.9368773102760315,0.15722665190696716,,0.9298112518530793,0.9368944768709511,0.9303189819770796,0.9293922208886709,acc,0.5213130712509155,0.5213130712509155,3.136009693145752,,0.46884920679682524,0.5194903245433036,0.4755624028232465,0.46337578361116727,acc,0.527519166469574,0.527519166469574,3.0579450130462646,,0.4759056512947084,0.5262665757365723,0.4815310612602546,0.47158935973475585
amazon-ratings,GAT,3,512,3e-05,2,560,acc,0.6170994639396667,0.6170994639396667,0.905491054058075,,0.555410645973039,0.6096263436777191,0.594829232548616,0.5364557010531799,acc,0.47885024547576904,0.47885024547576904,1.4284508228302002,,0.39478684705402556,0.4673342554913157,0.41933326577706376,0.38632056864653763,acc,0.4760738015174866,0.4760738015174866,1.4339945316314697,,0.39103322198084056,0.4658293830833853,0.41324313092588705,0.38271465213899725
amazon-ratings,GAT,3,512,3e-05,3,4500,acc,0.9722357988357544,0.9722357988357544,0.0771341547369957,,0.9665879524026735,0.9722402876972118,0.9652461138239662,0.9680293582533134,acc,0.521149754524231,0.521149754524231,3.675386428833008,,0.4689146166417877,0.5207075726681556,0.4687506518850483,0.46933381611657665,acc,0.5149436593055725,0.5149436593055725,3.7301487922668457,,0.4548594371877008,0.5148292320647023,0.4550504321292103,0.4552413454715877
amazon-ratings,GAT,3,512,3e-05,4,3250,acc,0.9305895566940308,0.9305895566940308,0.17138637602329254,,0.9257877684763063,0.9306078420492766,0.9212912358634346,0.9308130041321535,acc,0.5226196050643921,0.5226196050643921,3.161147117614746,,0.46887457408386324,0.5222408512023521,0.4686443299356835,0.4693750480088461,acc,0.5116772651672363,0.5116772651672363,3.221424102783203,,0.44830434193500696,0.5110173610897202,0.45004222850749576,0.44692943973681
amazon-ratings,GAT,3,512,3e-05,5,2960,acc,0.9229136109352112,0.9229136109352112,0.19449564814567566,,0.9116954253269952,0.9230057229658568,0.9078544492868454,0.9160047900908708,acc,0.5201698541641235,0.5201698541641235,2.8823599815368652,,0.4653041166593438,0.5189948145961348,0.46732809258271796,0.46424080834137865,acc,0.5165768265724182,0.5165768265724182,2.826528549194336,,0.4636193067207639,0.5157370228492552,0.4650209611154481,0.4624919202573361
amazon-ratings,GAT,3,512,3e-05,6,3660,acc,0.9451249241828918,0.9451249241828918,0.14262740314006805,,0.9394940058189162,0.9451140265982376,0.9368736043773895,0.9424825960190597,acc,0.5190266370773315,0.5190266370773315,3.2557291984558105,,0.4657416124045913,0.5187630591061876,0.46610410260853274,0.46546329059710817,acc,0.5213130712509155,0.5213130712509155,3.2820088863372803,,0.46779046035365557,0.5204951520057112,0.4692287449730756,0.4665776435277601
amazon-ratings,GAT,3,512,3e-05,7,2160,acc,0.8565245866775513,0.8565245866775513,0.34202858805656433,,0.8436861807021121,0.8564533361657629,0.8443500888969702,0.8437258288748251,acc,0.506941020488739,0.506941020488739,2.4254772663116455,,0.4526511477524224,0.5056086864966497,0.45859692948412756,0.44800971421041813,acc,0.5056344866752625,0.5056344866752625,2.375638723373413,,0.44923148399903523,0.504743020828243,0.45137497346546784,0.44765675594834936
amazon-ratings,GAT,3,512,3e-05,8,4790,acc,0.9697043895721436,0.9697043895721436,0.07852115482091904,,0.9665953357776111,0.9697126215012168,0.9631755230600698,0.9701807389269794,acc,0.5203331708908081,0.5203331708908081,4.056379795074463,,0.46527455221857006,0.5201115782214234,0.46597418940665064,0.46596060715784454,acc,0.5092275142669678,0.5092275142669678,4.0988450050354,,0.455463601242262,0.5093354058527776,0.4530879221504153,0.4590561490887432
amazon-ratings,GAT,3,512,3e-05,9,4310,acc,0.9568838477134705,0.9568838477134705,0.1111798956990242,,0.9528808046092662,0.9569027904285745,0.9504693019191702,0.9554608908035617,acc,0.5239261984825134,0.5239261984825134,3.4704039096832275,,0.4655100880200439,0.5236416239038146,0.46616766779184965,0.4651809377533004,acc,0.5124938488006592,0.5124938488006592,3.6348297595977783,,0.46113816909374183,0.5118289828243089,0.46375239024803516,0.45870718053118714
amazon-ratings,GAT,4,512,3e-05,0,2310,acc,0.8588926792144775,0.8588926792144775,0.3331272006034851,,0.8441260990848548,0.858851264527674,0.8456773238719777,0.84371612717499,acc,0.511023998260498,0.511023998260498,2.437546491622925,,0.45435203731632734,0.5106361928398226,0.4540647797809559,0.454875576368018,acc,0.5144537091255188,0.5144537091255188,2.3842663764953613,,0.4598748230010785,0.5122443469150357,0.46579622251445657,0.45575748934782273
amazon-ratings,GAT,4,512,3e-05,1,3770,acc,0.9367956519126892,0.9367956519126892,0.15102338790893555,,0.9276644718031081,0.9368106301588058,0.9262012553931924,0.9292944133053901,acc,0.5173934102058411,0.5173934102058411,3.4572763442993164,,0.46677634054585393,0.5159689039709687,0.4714001121072152,0.46289535027666134,acc,0.5187000036239624,0.5187000036239624,3.4324872493743896,,0.4689995128172659,0.5178351459260611,0.4755662812956577,0.4639286385441682
amazon-ratings,GAT,4,512,3e-05,2,3170,acc,0.9082149267196655,0.9082149267196655,0.21660223603248596,,0.8979303735760744,0.9082710546031116,0.8931543349770751,0.9036341532727696,acc,0.5103707313537598,0.5103707313537598,3.011570692062378,,0.4579948941236336,0.5102513552054755,0.45694271840388057,0.45922324149872723,acc,0.5108606815338135,0.5108606815338135,3.0707147121429443,,0.4520015840476607,0.5110225380425834,0.45145384962457547,0.4526383033571987
amazon-ratings,GAT,4,512,3e-05,3,3580,acc,0.9424301981925964,0.9424301981925964,0.15052342414855957,,0.9364587600014278,0.942389971807416,0.9383284566193121,0.9347129575436822,acc,0.5214763879776001,0.5214763879776001,3.173527240753174,,0.46837564625312866,0.5209975454668906,0.4692722056233027,0.4679846995438859,acc,0.5164135098457336,0.5164135098457336,3.234872817993164,,0.46140721161739134,0.5162933849786996,0.4631091583314911,0.46082632986770466
amazon-ratings,GAT,4,512,3e-05,4,3720,acc,0.9347541928291321,0.9347541928291321,0.16162827610969543,,0.9274532131131666,0.9347267999780788,0.925628431113114,0.929891425221428,acc,0.5227829217910767,0.5227829217910767,3.373563289642334,,0.46804070887577326,0.522126008923224,0.4682505412867724,0.467992178042049,acc,0.5173934102058411,0.5173934102058411,3.3751163482666016,,0.4548003018665282,0.5161234067567753,0.4578965216307312,0.4521515597258238
amazon-ratings,GAT,4,512,3e-05,5,4030,acc,0.9445533156394958,0.9445533156394958,0.1369808465242386,,0.9358976572561563,0.9445290483062186,0.936456216917696,0.9356456451937181,acc,0.5226196050643921,0.5226196050643921,3.4690678119659424,,0.46179906844608654,0.5213457283787238,0.4637968743114314,0.4602645320419292,acc,0.5162501931190491,0.5162501931190491,3.426689386367798,,0.45983347975233524,0.5146979744047792,0.46389881297414987,0.4566705454995629
amazon-ratings,GAT,4,512,3e-05,6,4520,acc,0.9563122391700745,0.9563122391700745,0.10892542451620102,,0.9513864600897414,0.9562978288752905,0.9490061544672628,0.954101150941838,acc,0.5249060988426208,0.5249060988426208,3.747709035873413,,0.46865608677033765,0.5242409078734352,0.4702590537709831,0.46721384971933644,acc,0.5242528319358826,0.5242528319358826,3.7439520359039307,,0.4691075925178902,0.5234405501055859,0.4704465645413506,0.4680503499583155
amazon-ratings,GAT,4,512,3e-05,7,1910,acc,0.8174914121627808,0.8174914121627808,0.4328398108482361,,0.8005724673524479,0.8174149996880505,0.7991444857302616,0.804728207797105,acc,0.50285804271698,0.50285804271698,2.2314889430999756,,0.44391277183681216,0.501310881925218,0.44491553367657016,0.4436926054490435,acc,0.5008982419967651,0.5008982419967651,2.183789014816284,,0.4423058668261552,0.5001762420644782,0.44166402454328174,0.4437157707490552
amazon-ratings,GAT,4,512,3e-05,8,4820,acc,0.9588437080383301,0.9588437080383301,0.1081557348370552,,0.9541022158520429,0.9588179894657436,0.954874846444968,0.9534879753912893,acc,0.5232728719711304,0.5232728719711304,3.8610267639160156,,0.4631409825246499,0.5216286753783009,0.4671191317320056,0.4599629807222613,acc,0.5173934102058411,0.5173934102058411,3.8192596435546875,,0.46453875078543616,0.5165893345581906,0.46636573353538857,0.4631195721906252
amazon-ratings,GAT,4,512,3e-05,9,2720,acc,0.8906581401824951,0.8906581401824951,0.26167765259742737,,0.8783357350144889,0.8907403888965858,0.8741609223919793,0.8838537668679688,acc,0.5169034600257874,0.5169034600257874,2.683182954788208,,0.4597181376224705,0.516407847973645,0.4594159991920156,0.4607022053197884,acc,0.5053078532218933,0.5053078532218933,2.767573595046997,,0.44777080253721274,0.5052271117489605,0.4459371851745475,0.4504847045736701
amazon-ratings,GAT,5,512,3e-05,0,3100,acc,0.9021721482276917,0.9021721482276917,0.22966693341732025,,0.8920042369224888,0.9020620828402676,0.8966116994748662,0.8878960009619963,acc,0.5142903923988342,0.5142903923988342,3.010803699493408,,0.4548160176978742,0.5139441912042043,0.4542481206084802,0.4558643607478848,acc,0.5115139484405518,0.5115139484405518,2.9486608505249023,,0.4559960269585746,0.509330707582857,0.46353685321792837,0.4500253661395216
amazon-ratings,GAT,5,512,3e-05,1,2390,acc,0.8690184354782104,0.8690184354782104,0.3072914183139801,,0.8543814146802149,0.8688902590956062,0.858021227790706,0.8513698538829644,acc,0.511023998260498,0.511023998260498,2.573932409286499,,0.4528677557197061,0.5084162888223224,0.45889131767148983,0.44817099658755477,acc,0.5118405818939209,0.5118405818939209,2.518996238708496,,0.45755977721266294,0.5104765408808843,0.46336533102519645,0.4527404190340837
amazon-ratings,GAT,5,512,3e-05,2,2710,acc,0.8744896054267883,0.8744896054267883,0.28896310925483704,,0.8610342219278582,0.87447363381438,0.8604624072029561,0.8621915557462987,acc,0.5167401432991028,0.5167401432991028,2.679736852645874,,0.4583008661621335,0.5154858112870082,0.4617634732407102,0.45542477966745,acc,0.5131471157073975,0.5131471157073975,2.7500994205474854,,0.45029638416274115,0.5121981030662313,0.45326263187556515,0.44776545464491546
amazon-ratings,GAT,5,512,3e-05,3,2430,acc,0.870324969291687,0.870324969291687,0.3101009726524353,,0.8620550151510715,0.8701419685312922,0.8681374517387279,0.8570489189151967,acc,0.5141270756721497,0.5141270756721497,2.4740617275238037,,0.45098931695237265,0.5122767666575601,0.45487219685535274,0.44850989932259555,acc,0.5084109306335449,0.5084109306335449,2.519324541091919,,0.4469818698318465,0.5072720748498988,0.44917597828509087,0.44587268795332885
amazon-ratings,GAT,5,512,3e-05,4,3810,acc,0.9240568280220032,0.9240568280220032,0.18016792833805084,,0.9162118139734128,0.9240691411326456,0.9162153441452775,0.9166014699563627,acc,0.5195165872573853,0.5195165872573853,3.341920852661133,,0.4681657708266328,0.5184925718000413,0.47268818852922073,0.46435907243011654,acc,0.5100440979003906,0.5100440979003906,3.348052978515625,,0.446481033188202,0.5088126832977218,0.45061903219340244,0.4431691124511071
amazon-ratings,GAT,5,512,3e-05,5,3280,acc,0.9188306331634521,0.9188306331634521,0.19418545067310333,,0.9086085294314271,0.9188059414439935,0.9122179089261607,0.9053174120852019,acc,0.5231095552444458,0.5231095552444458,3.2491142749786377,,0.4629901782787374,0.5212217977808097,0.4671327035876378,0.46018256240405037,acc,0.5154336094856262,0.5154336094856262,3.1056931018829346,,0.46331033090235946,0.5134588535590018,0.47024539801717025,0.45777504339877834
amazon-ratings,GAT,5,512,3e-05,6,4800,acc,0.9546790719032288,0.9546790719032288,0.11334850639104843,,0.948719608919267,0.9546580099527783,0.9485324840830401,0.9490067535603497,acc,0.5221296548843384,0.5221296548843384,3.9839491844177246,,0.46700901228299585,0.5215372973623327,0.46921307500679976,0.464991642756444,acc,0.5242528319358826,0.5242528319358826,3.935314655303955,,0.46652182560199507,0.5232092391260138,0.4698746796750397,0.4635846844238518
amazon-ratings,GAT,5,512,3e-05,7,2220,acc,0.8486036062240601,0.8486036062240601,0.3582983911037445,,0.8315488341808404,0.8484007695588127,0.8359798590683838,0.8285019437913862,acc,0.5138004422187805,0.5138004422187805,2.486159324645996,,0.452343071250354,0.5112389642031915,0.4590809705633042,0.4472297092248816,acc,0.506941020488739,0.506941020488739,2.424038887023926,,0.446140604040049,0.5045731047063932,0.4519971574512295,0.4415607770850848
amazon-ratings,GAT,5,512,3e-05,8,890,acc,0.6646251678466797,0.6646251678466797,0.7728835940361023,,0.6239133331633424,0.6624341837026663,0.6448712258630508,0.6089838813753611,acc,0.49224236607551575,0.49224236607551575,1.5734083652496338,,0.4174349414388517,0.4871859728904133,0.42994679757792503,0.4107234936072118,acc,0.4749305844306946,0.4749305844306946,1.5745372772216797,,0.40393611577995303,0.4704263627083558,0.41303423859012234,0.39925652944657347
amazon-ratings,GAT,5,512,3e-05,9,4070,acc,0.9376939535140991,0.9376939535140991,0.14927276968955994,,0.9302648336108923,0.9377267492462461,0.9285014641334743,0.9322153530080419,acc,0.5204964876174927,0.5204964876174927,3.5703322887420654,,0.4656965206320634,0.5202792383861539,0.4656981382563945,0.4658101712193218,acc,0.509880781173706,0.509880781173706,3.699122667312622,,0.4537811488602417,0.5094659595082436,0.4556123225374565,0.4525689875549294
amazon-ratings,GAT-sep,1,512,3e-05,0,1460,acc,0.9989384412765503,0.9989384412765503,0.003892215434461832,,0.9985790352710693,0.9989382612484872,0.998981419932473,0.9981781671218505,acc,0.5387881994247437,0.5387881994247437,3.052882432937622,,0.4847593732255394,0.5321300513376224,0.5407705337847338,0.45924965704135834,acc,0.5391148328781128,0.5391148328781128,2.918001890182495,,0.48910063977791607,0.5324837645239593,0.5514992938395185,0.46094433338062196
amazon-ratings,GAT-sep,1,512,3e-05,1,2170,acc,0.9996733665466309,0.9996733665466309,0.0010453733848407865,,0.999723408046707,0.9996733844047039,0.9998225770680861,0.9996244512567248,acc,0.5505471229553223,0.5505471229553223,3.563495635986328,,0.49996391660996375,0.544350171748797,0.5540614854292678,0.47393370249966243,acc,0.5438510775566101,0.5438510775566101,3.5748813152313232,,0.49645032450901017,0.5384411475985699,0.5538078470215837,0.4699530542821299
amazon-ratings,GAT-sep,1,512,3e-05,2,1990,acc,0.9997550249099731,0.9997550249099731,0.0011601425940170884,,0.9998194047056058,0.9997549816415706,0.9998502921426639,0.9997886579781614,acc,0.5415645837783813,0.5415645837783813,3.398057222366333,,0.4865766509620638,0.5346871810215442,0.5575865499267284,0.4578975908071426,acc,0.5329086780548096,0.5329086780548096,3.515601634979248,,0.4598488717474739,0.5244511923777334,0.5130328371590342,0.43766789898233904
amazon-ratings,GAT-sep,1,512,3e-05,3,1990,acc,0.9998366832733154,0.9998366832733154,0.000983566278591752,,0.999876869479132,0.9998366830563318,0.99986859563409,0.99988515754285,acc,0.5412379503250122,0.5412379503250122,3.423412561416626,,0.49109909219582876,0.5346672221311205,0.5549271624352621,0.46208815413343274,acc,0.5322554111480713,0.5322554111480713,3.3651068210601807,,0.46657827234611665,0.5244863008605154,0.5304687113337855,0.44125478349930997
amazon-ratings,GAT-sep,1,512,3e-05,4,3740,acc,1.0,1.0,4.503718446358107e-05,,1.0,1.0,1.0,1.0,acc,0.5479339957237244,0.5479339957237244,4.20094633102417,,0.4863696181964478,0.5411196489609658,0.5308691475637384,0.46428631994436154,acc,0.5427078008651733,0.5427078008651733,4.341907978057861,,0.4777819151686942,0.5357468025354999,0.52800809672614,0.45530875966202844
amazon-ratings,GAT-sep,1,512,3e-05,5,1460,acc,0.9991834163665771,0.9991834163665771,0.00336054852232337,,0.9992648962069314,0.9991832826339497,0.9995068321717742,0.9990241393988505,acc,0.5335619449615479,0.5335619449615479,3.126210927963257,,0.47328215375748534,0.5255075659466042,0.5433182035197495,0.4462623879603709,acc,0.5322554111480713,0.5322554111480713,3.091273784637451,,0.4772599336385711,0.5250763517900523,0.5425496290765284,0.44981148958536926
amazon-ratings,GAT-sep,1,512,3e-05,6,2470,acc,0.9997550249099731,0.9997550249099731,0.0008391639566980302,,0.9996367486114593,0.9997548713516081,0.9998242351753992,0.9994500458295142,acc,0.5538134574890137,0.5538134574890137,3.605196237564087,,0.48748427406262707,0.5467778584346439,0.5390237323791185,0.4636844982514239,acc,0.5516903400421143,0.5516903400421143,3.6853644847869873,,0.4895918389925429,0.5438296405285047,0.5441945110753614,0.46440239496634994
amazon-ratings,GAT-sep,1,512,3e-05,7,1510,acc,0.9992650747299194,0.9992650747299194,0.0025938067119568586,,0.9994231143770032,0.9992649844186124,0.9995844930363773,0.9992627428228035,acc,0.5317654609680176,0.5317654609680176,3.2663049697875977,,0.47136167565609527,0.5233860155744545,0.5451584967151567,0.4430568683071412,acc,0.5311121940612793,0.5311121940612793,3.20864200592041,,0.47896564966260496,0.5246848585240548,0.5373884581692574,0.4522026604195952
amazon-ratings,GAT-sep,1,512,3e-05,8,1860,acc,0.9995917081832886,0.9995917081832886,0.0013724545715376735,,0.9997128751509102,0.999591690108219,0.9997258998807321,0.999699867745087,acc,0.5371549725532532,0.5371549725532532,3.4494736194610596,,0.4801532647669523,0.5301631843651743,0.5398994028557398,0.4540453296045698,acc,0.5330719947814941,0.5330719947814941,3.4722728729248047,,0.4762363042214946,0.5262311273181284,0.5279913268095922,0.45212432262806407
amazon-ratings,GAT-sep,1,512,3e-05,9,3480,acc,0.9997550249099731,0.9997550249099731,0.000530101009644568,,0.9998324648741223,0.9997550278202573,0.9998669032830524,0.9997981297090182,acc,0.5420545339584351,0.5420545339584351,4.112733364105225,,0.49135493336515007,0.5361100351918245,0.5429384410658191,0.4659641700870881,acc,0.5381348729133606,0.5381348729133606,4.158072471618652,,0.4829867336490043,0.5319818292438017,0.5402249131321275,0.45688591229732145
amazon-ratings,GAT-sep,2,512,3e-05,0,2010,acc,0.998856782913208,0.998856782913208,0.0021893291268497705,,0.9986537595262627,0.9988568886796612,0.9985809184802914,0.9987272901104151,acc,0.5438510775566101,0.5438510775566101,3.9025955200195312,,0.4931555273099001,0.5406665009237186,0.5100373597283626,0.48171305801316555,acc,0.5546301007270813,0.5546301007270813,3.722367525100708,,0.5047956058946224,0.5504691180146182,0.5298237796488094,0.4892299992799581
amazon-ratings,GAT-sep,2,512,3e-05,1,1690,acc,0.9992650747299194,0.9992650747299194,0.003032500157132745,,0.9990357484896769,0.9992651657053752,0.9988096312829109,0.9992637206074259,acc,0.5536501407623291,0.5536501407623291,3.4435720443725586,,0.505705763697514,0.5495417325922183,0.5374072608405746,0.4867044230569134,acc,0.5487505793571472,0.5487505793571472,3.4097306728363037,,0.5007205196879777,0.5443037253749186,0.5385400565692683,0.4800677753868571
amazon-ratings,GAT-sep,2,512,3e-05,2,2510,acc,0.9998366832733154,0.9998366832733154,0.001013888162560761,,0.999876869479132,0.9998366830563318,0.99986859563409,0.99988515754285,acc,0.544667661190033,0.544667661190033,4.128961563110352,,0.4877197320352458,0.5411877726381461,0.5046903339525958,0.4763414098375942,acc,0.5472807288169861,0.5472807288169861,4.1259660720825195,,0.48287087903039827,0.542934372466164,0.5033237012349822,0.46961556466245796
amazon-ratings,GAT-sep,2,512,3e-05,3,1270,acc,0.9951820969581604,0.9951820969581604,0.02099098265171051,,0.9951477339308085,0.9951801749977808,0.9951564296948593,0.9951633172140568,acc,0.551037073135376,0.551037073135376,2.6749823093414307,,0.500963494370662,0.5449789314605928,0.5407181022971754,0.4793355864171363,acc,0.5454842448234558,0.5454842448234558,2.6517815589904785,,0.48034277997176245,0.5387276155351287,0.5203590250560617,0.4600219179374195
amazon-ratings,GAT-sep,2,512,3e-05,4,1700,acc,0.9993467330932617,0.9993467330932617,0.0026833207812160254,,0.9988496595415114,0.999347264605827,0.9983010449414239,0.9994040701996031,acc,0.5484239459037781,0.5484239459037781,3.384495496749878,,0.49818055540483097,0.545730357018468,0.5153517367613234,0.4861035063444327,acc,0.5423811674118042,0.5423811674118042,3.490572214126587,,0.48042507896309755,0.5395379092734354,0.49339747882855534,0.47119269678060094
amazon-ratings,GAT-sep,2,512,3e-05,5,1060,acc,0.9933039546012878,0.9933039546012878,0.025512464344501495,,0.992871494035629,0.9933048222586034,0.9930809578119335,0.9926762441340262,acc,0.5425444841384888,0.5425444841384888,2.716604232788086,,0.4837540429211521,0.537106509518715,0.5121091684416259,0.4684432710468622,acc,0.5410746335983276,0.5410746335983276,2.7233736515045166,,0.4828153695114298,0.5361448236240701,0.5105113491073563,0.46732560505813864
amazon-ratings,GAT-sep,2,512,3e-05,6,1780,acc,0.9991834163665771,0.9991834163665771,0.003454303601756692,,0.9990745177345104,0.9991833367433663,0.9993954887222125,0.9987549228478647,acc,0.5531601905822754,0.5531601905822754,3.518629789352417,,0.490753816429579,0.5494481011506098,0.5108809576635284,0.4775915269038461,acc,0.5463008284568787,0.5463008284568787,3.5762813091278076,,0.494235777952387,0.5423118738693627,0.5185544088159535,0.47866520383641553
amazon-ratings,GAT-sep,2,512,3e-05,7,2960,acc,0.9997550249099731,0.9997550249099731,0.000671550864353776,,0.9996097733959435,0.9997550408577609,0.9995180000238907,0.9997020073596996,acc,0.5485872626304626,0.5485872626304626,4.45907735824585,,0.4939139281406561,0.5449987909768846,0.5175719996400576,0.4789365663657657,acc,0.5430344343185425,0.5430344343185425,4.371243953704834,,0.48395690963844107,0.5401540804282817,0.49941495990994655,0.47331136473128665
amazon-ratings,GAT-sep,2,512,3e-05,8,1750,acc,0.9989384412765503,0.9989384412765503,0.0030758685898035765,,0.9988665751843848,0.9989384370632635,0.9989030713474352,0.998830355654853,acc,0.5480973124504089,0.5480973124504089,3.6245687007904053,,0.4900653997153516,0.544070350200194,0.5112738670439686,0.47658213781401865,acc,0.5433610677719116,0.5433610677719116,3.5918197631835938,,0.4879669526030496,0.5392558015931993,0.5090407135572317,0.47483211236782025
amazon-ratings,GAT-sep,2,512,3e-05,9,2020,acc,0.9993467330932617,0.9993467330932617,0.0018321913667023182,,0.9990088264234659,0.9993467723446147,0.9987837665402882,0.9992344296777377,acc,0.5463008284568787,0.5463008284568787,3.8483622074127197,,0.4984633068328429,0.5434083348922948,0.5134497467835087,0.4883937800510486,acc,0.5467907786369324,0.5467907786369324,3.9140357971191406,,0.4879332263332725,0.5437589844766307,0.502681124836997,0.47848501053187203
amazon-ratings,GAT-sep,3,512,3e-05,0,3110,acc,0.9995100498199463,0.9995100498199463,0.0011822879314422607,,0.9993730797210706,0.9995100609295137,0.9992205040872214,0.9995260214191152,acc,0.5438510775566101,0.5438510775566101,4.620948791503906,,0.49092317603325136,0.5424242727036519,0.4949146798220038,0.4884831728019951,acc,0.5476073622703552,0.5476073622703552,4.479353427886963,,0.49727752111178936,0.5453813722701853,0.5051104909953301,0.49176776430436125
amazon-ratings,GAT-sep,3,512,3e-05,1,4240,acc,0.9997550249099731,0.9997550249099731,0.0005908622406423092,,0.9996791831052075,0.9997550331450011,0.9994919726052165,0.9998668146503885,acc,0.5595296621322632,0.5595296621322632,4.877839088439941,,0.5030776465525071,0.5561279159153039,0.5167129705361933,0.49448724132973443,acc,0.5422178506851196,0.5422178506851196,4.868138790130615,,0.49711247343960585,0.5395107029373057,0.5120797848105924,0.4868044006861876
amazon-ratings,GAT-sep,3,512,3e-05,2,1080,acc,0.978278636932373,0.978278636932373,0.06684166193008423,,0.9775973306007769,0.9782706494155391,0.9745039567312354,0.9809308376843484,acc,0.536828339099884,0.536828339099884,2.5571279525756836,,0.4771588909377703,0.5321687789471187,0.49589392574770014,0.4651038700398765,acc,0.5330719947814941,0.5330719947814941,2.576681613922119,,0.4734950382263109,0.5294568307030025,0.48825161534848666,0.4634123808869185
amazon-ratings,GAT-sep,3,512,3e-05,3,1160,acc,0.987506091594696,0.987506091594696,0.04876333102583885,,0.9872300963776357,0.9875043453935717,0.9861783562373418,0.988329944590606,acc,0.5471174120903015,0.5471174120903015,2.5998475551605225,,0.4967158971737632,0.5436436062344623,0.5165182639899106,0.48379763739289927,acc,0.5405846834182739,0.5405846834182739,2.6122946739196777,,0.48620426354757196,0.5370093453228547,0.5115291889423225,0.47183593319813255
amazon-ratings,GAT-sep,3,512,3e-05,4,1900,acc,0.9986118078231812,0.9986118078231812,0.003955320455133915,,0.9977166753481506,0.9986133499337917,0.9965934395202783,0.9988576725371707,acc,0.5472807288169861,0.5472807288169861,3.6270081996917725,,0.49542288920824873,0.5453677604917007,0.5006981688878336,0.49178638466005575,acc,0.5440143942832947,0.5440143942832947,3.7143867015838623,,0.4802944942018182,0.5418201296634487,0.4869080901640664,0.47552809772245475
amazon-ratings,GAT-sep,3,512,3e-05,5,1500,acc,0.9967336058616638,0.9967336058616638,0.01174715906381607,,0.9967683387078239,0.996733442144842,0.995908646102472,0.9976344460587502,acc,0.5474440455436707,0.5474440455436707,3.2627522945404053,,0.4907858998800513,0.5447594343368827,0.5008574785989206,0.48361908934229947,acc,0.5425444841384888,0.5425444841384888,3.1735899448394775,,0.4923894550562589,0.5406518914467595,0.5024920179031013,0.4843277885187252
amazon-ratings,GAT-sep,3,512,3e-05,6,2300,acc,0.9993467330932617,0.9993467330932617,0.002482276875525713,,0.9990110307743378,0.9993470148990088,0.9985786613777444,0.9994467029168976,acc,0.5534868240356445,0.5534868240356445,3.952409267425537,,0.4968377905811675,0.5515962267071782,0.5058742575703994,0.49029355163985305,acc,0.5500571727752686,0.5500571727752686,3.980950355529785,,0.49857878034377323,0.5479427619269708,0.507057988805209,0.49197919638461673
amazon-ratings,GAT-sep,3,512,3e-05,7,1200,acc,0.9866078495979309,0.9866078495979309,0.045291703194379807,,0.9849806190494084,0.9866113950862214,0.982486627249207,0.9876715460934495,acc,0.5312755107879639,0.5312755107879639,2.7200310230255127,,0.47911712175793275,0.5269526372524557,0.5010193213153806,0.46455959960429566,acc,0.5371549725532532,0.5371549725532532,2.6367063522338867,,0.48023453917854936,0.5331692377957659,0.5000527881429092,0.46687951115845305
amazon-ratings,GAT-sep,3,512,3e-05,8,1140,acc,0.9831781983375549,0.9831781983375549,0.05201981961727142,,0.9823830516955138,0.9831810035952591,0.9819683020830035,0.9828389110263366,acc,0.5427078008651733,0.5427078008651733,2.6466386318206787,,0.4837107637597824,0.5385832666716946,0.4988154975917859,0.4744723061552166,acc,0.5317654609680176,0.5317654609680176,2.6776533126831055,,0.4715680926248681,0.5284668963202496,0.48047931565276797,0.4660525492622165
amazon-ratings,GAT-sep,3,512,3e-05,9,1880,acc,0.9990200996398926,0.9990200996398926,0.004097411874681711,,0.998711762776432,0.9990203065570483,0.9983325137709755,0.999094675555525,acc,0.5490772724151611,0.5490772724151611,3.594458818435669,,0.4970952417838109,0.5475717437117329,0.5021427474322605,0.4932269595361329,acc,0.5433610677719116,0.5433610677719116,3.708183765411377,,0.4887506866668828,0.5422350415627509,0.4932686556600948,0.485263296218723
amazon-ratings,GAT-sep,4,512,3e-05,0,1920,acc,0.9979584813117981,0.9979584813117981,0.006035090424120426,,0.9974302976516716,0.9979588796901385,0.9967501282927115,0.9981157716136113,acc,0.5412379503250122,0.5412379503250122,3.766836404800415,,0.49102292581744145,0.5409854413886929,0.49223002670457705,0.48989249034260557,acc,0.5417279005050659,0.5417279005050659,3.6561622619628906,,0.4913387548845236,0.5413990519737989,0.4929496021544681,0.4898273842301535
amazon-ratings,GAT-sep,4,512,3e-05,1,1660,acc,0.9975501894950867,0.9975501894950867,0.00705364253371954,,0.9970259104133316,0.9975510134171658,0.9962743300225905,0.9977910079607891,acc,0.5520169734954834,0.5520169734954834,3.465679168701172,,0.4970298585664449,0.549071205421625,0.5064113980283136,0.4918608994115822,acc,0.5427078008651733,0.5427078008651733,3.393872022628784,,0.49144698320859004,0.5398721237148517,0.5005896250500004,0.4856974716029388
amazon-ratings,GAT-sep,4,512,3e-05,2,2570,acc,0.9992650747299194,0.9992650747299194,0.0021953918039798737,,0.9990222382112272,0.9992651206703922,0.9985927364435208,0.999453602337568,acc,0.5472807288169861,0.5472807288169861,4.109924793243408,,0.49000360516023844,0.5445410572452571,0.5035103989644172,0.4802787389341856,acc,0.5418912172317505,0.5418912172317505,4.126232147216797,,0.4798670679044107,0.5392304020925175,0.49127671875968815,0.4712613526936817
amazon-ratings,GAT-sep,4,512,3e-05,3,2500,acc,0.9993467330932617,0.9993467330932617,0.0018515284173190594,,0.9993111480209766,0.9993467283946279,0.9990727255836116,0.9995501019022566,acc,0.5523436069488525,0.5523436069488525,4.0482940673828125,,0.4972513722170987,0.5508463776856654,0.5022419532580276,0.49422689338771003,acc,0.5415645837783813,0.5415645837783813,4.08485221862793,,0.48048724830468004,0.5397936406038482,0.48673062076077933,0.475283547845163
amazon-ratings,GAT-sep,4,512,3e-05,4,1920,acc,0.9987751245498657,0.9987751245498657,0.004753865301609039,,0.9980901622253979,0.9987759197790481,0.9973035358560223,0.9988856965021811,acc,0.5518536567687988,0.5518536567687988,3.7086575031280518,,0.4989718535769308,0.5497577173196879,0.5040350346755829,0.4954995502737202,acc,0.545810878276825,0.545810878276825,3.762913227081299,,0.48609485165771754,0.5441068285761329,0.49069304942457653,0.4826981718965143
amazon-ratings,GAT-sep,4,512,3e-05,5,1510,acc,0.9955903887748718,0.9955903887748718,0.015617440454661846,,0.9951515339518859,0.995590725712173,0.9942200295207648,0.9960931549841832,acc,0.5384615063667297,0.5384615063667297,3.2599499225616455,,0.47832620423012673,0.5361628058301033,0.48665790145278953,0.47282707562456183,acc,0.5459741950035095,0.5459741950035095,3.209198474884033,,0.49738596214912584,0.5440318238049986,0.5064638641452379,0.4907458655305962
amazon-ratings,GAT-sep,4,512,3e-05,6,1960,acc,0.9983668327331543,0.9983668327331543,0.005208904854953289,,0.9972081395007114,0.9983690577341428,0.995923976576113,0.9985153262483468,acc,0.5482606291770935,0.5482606291770935,3.643120050430298,,0.4940758877628667,0.5474414964072248,0.4972974062631076,0.49179865000325573,acc,0.5479339957237244,0.5479339957237244,3.6339569091796875,,0.4938129603427751,0.5461589415877229,0.49864809438014285,0.4900325392243431
amazon-ratings,GAT-sep,4,512,3e-05,7,2160,acc,0.9989384412765503,0.9989384412765503,0.0032476785127073526,,0.998602980566828,0.9989382308193848,0.9986749137948253,0.9985315192345408,acc,0.5366650223731995,0.5366650223731995,3.970899820327759,,0.47895073975126295,0.5341065422269973,0.4910434701878419,0.4697067623244349,acc,0.5445043444633484,0.5445043444633484,3.859870433807373,,0.4902910940268937,0.5425322397658753,0.5006929183702105,0.4819587448665195
amazon-ratings,GAT-sep,4,512,3e-05,8,2670,acc,0.9993467330932617,0.9993467330932617,0.0016076131723821163,,0.9991614138049176,0.9993467950786916,0.9988964694003248,0.9994279273288624,acc,0.5523436069488525,0.5523436069488525,4.224489212036133,,0.49311557929449623,0.5491123121120713,0.5045890248843726,0.48528507339862836,acc,0.543197751045227,0.543197751045227,4.313686847686768,,0.4839132777931464,0.5398702377755394,0.49547147710551914,0.47602871163562577
amazon-ratings,GAT-sep,4,512,3e-05,9,2470,acc,0.9991834163665771,0.9991834163665771,0.0020872356835752726,,0.9989902644575521,0.9991834090847173,0.9988518247971632,0.9991290589514443,acc,0.5490772724151611,0.5490772724151611,4.025866985321045,,0.49905229259795725,0.547841244050104,0.5016767375288532,0.49828468501291023,acc,0.5443410277366638,0.5443410277366638,4.170810699462891,,0.4855515787150395,0.5429980790390456,0.48862303589102585,0.4838544869284191
amazon-ratings,GAT-sep,5,512,3e-05,0,1550,acc,0.995345413684845,0.995345413684845,0.016302477568387985,,0.9942687320955692,0.9953471090055293,0.9927069312055565,0.9958630566790087,acc,0.5365017056465149,0.5365017056465149,3.4232654571533203,,0.4836944905342861,0.5362118897268684,0.48275923637248236,0.48499969698976403,acc,0.5389515161514282,0.5389515161514282,3.274962902069092,,0.48952168658109657,0.5379132627735659,0.4906617514761821,0.4892551605576904
amazon-ratings,GAT-sep,5,512,3e-05,1,2830,acc,0.999428391456604,0.999428391456604,0.0015299181686714292,,0.9989969343721723,0.9994286726300979,0.9985152836443156,0.9994817941762564,acc,0.5520169734954834,0.5520169734954834,4.33090353012085,,0.49874188040182377,0.5499478483009981,0.5059613170065713,0.49389412433425256,acc,0.5443410277366638,0.5443410277366638,4.277231693267822,,0.4972070492751441,0.542172365853952,0.5064695235182498,0.49061930226966793
amazon-ratings,GAT-sep,5,512,3e-05,2,1510,acc,0.9931405782699585,0.9931405782699585,0.021776793524622917,,0.9914431701347496,0.9931451098050103,0.9891054242207451,0.9938529203244494,acc,0.5423811674118042,0.5423811674118042,3.1243515014648438,,0.4813570079054359,0.5393328113515827,0.4928630905423437,0.47299554384411147,acc,0.5400947332382202,0.5400947332382202,3.1703383922576904,,0.472983058943197,0.5371262433728108,0.4834529664034015,0.46507399197413124
amazon-ratings,GAT-sep,5,512,3e-05,3,3330,acc,0.9996733665466309,0.9996733665466309,0.0007364322082139552,,0.9996138402454514,0.9996733890958801,0.9994222890460757,0.9998058390406325,acc,0.5466274619102478,0.5466274619102478,4.4386067390441895,,0.4941860957853194,0.5446555493468732,0.5019511322447927,0.4881072648606146,acc,0.5425444841384888,0.5425444841384888,4.386399269104004,,0.4875136430191849,0.5409604604420619,0.494417206383849,0.4818788950803903
amazon-ratings,GAT-sep,5,512,3e-05,4,2850,acc,0.9995100498199463,0.9995100498199463,0.0012143731582909822,,0.999108100164203,0.9995103416412427,0.9987100581583327,0.9995094409258962,acc,0.5497305393218994,0.5497305393218994,4.275778770446777,,0.49756504337176766,0.548186277825553,0.5014669554605763,0.4943333613248992,acc,0.5459741950035095,0.5459741950035095,4.234889507293701,,0.4849416265888829,0.5451302938849489,0.4872949323261865,0.4829792937530777
amazon-ratings,GAT-sep,5,512,3e-05,5,2540,acc,0.999428391456604,0.999428391456604,0.00213365675881505,,0.9993156458724188,0.9994284421259397,0.9989855526011728,0.9996466014669452,acc,0.5485872626304626,0.5485872626304626,4.171742916107178,,0.4919452070341753,0.5464633593801269,0.5003512511883509,0.48573217422423764,acc,0.5417279005050659,0.5417279005050659,4.1155805587768555,,0.4906854311018808,0.5402013365472006,0.4967131385633589,0.4860697620089689
amazon-ratings,GAT-sep,5,512,3e-05,6,2740,acc,0.9992650747299194,0.9992650747299194,0.0021188438404351473,,0.9986324387825688,0.9992659122856195,0.9978715320682742,0.9994023078003604,acc,0.5541401505470276,0.5541401505470276,4.068042278289795,,0.4972911247211923,0.5525903672260192,0.5030579610429752,0.4930993562566625,acc,0.5508737564086914,0.5508737564086914,4.10908842086792,,0.498402935239612,0.548498352818073,0.50718093652658,0.49180779752487724
amazon-ratings,GAT-sep,5,512,3e-05,7,2230,acc,0.9986934661865234,0.9986934661865234,0.0038619120605289936,,0.9979965546245305,0.9986939283975131,0.9973199717594449,0.9986791928108065,acc,0.5350318551063538,0.5350318551063538,4.035824298858643,,0.47844474101570345,0.5324912309962959,0.48680326536826224,0.4719029810450789,acc,0.5428711175918579,0.5428711175918579,3.83785080909729,,0.4863953473840746,0.5408698014457021,0.4950766461047965,0.47990217897682097
amazon-ratings,GAT-sep,5,512,3e-05,8,3100,acc,0.9993467330932617,0.9993467330932617,0.0014427852584049106,,0.9992178644466708,0.9993468566986904,0.998861119131812,0.9995761541263322,acc,0.5539767742156982,0.5539767742156982,4.318779468536377,,0.4976925958762304,0.551403063088596,0.5074602042406341,0.49060545968329883,acc,0.537971556186676,0.537971556186676,4.414103984832764,,0.48205143723706456,0.5356264383250011,0.4899911870899696,0.47669889589571823
amazon-ratings,GAT-sep,5,512,3e-05,9,2250,acc,0.9991834163665771,0.9991834163665771,0.0028280930127948523,,0.9990880513954016,0.9991833871973776,0.9989671502689748,0.999209518012675,acc,0.5461375117301941,0.5461375117301941,3.8956451416015625,,0.49817015992456487,0.544903312099679,0.5003696804905149,0.4969001671633208,acc,0.5376449227333069,0.5376449227333069,4.039127349853516,,0.4838360874245475,0.5367096687642942,0.4866415937869791,0.4823503509108293
amazon-ratings,GT,1,512,3e-05,0,1820,acc,0.9986118078231812,0.9986118078231812,0.0047019352205097675,,0.9982382080962907,0.9986118120283787,0.998370761013673,0.9981063486095554,acc,0.524089515209198,0.524089515209198,3.194366455078125,,0.4720442303458772,0.5205894553295048,0.49231115875188325,0.4593962020127195,acc,0.5216397047042847,0.5216397047042847,3.1159300804138184,,0.46679244096489275,0.5181819546656489,0.48297858974748664,0.4559377984687609
amazon-ratings,GT,1,512,3e-05,1,1420,acc,0.9974685311317444,0.9974685311317444,0.010085646994411945,,0.9970261022191595,0.9974687888213848,0.9966015595202814,0.997453919219023,acc,0.5257226824760437,0.5257226824760437,2.828248977661133,,0.46842211349152957,0.5227635263802163,0.4809690116438339,0.4594300258485612,acc,0.5193532705307007,0.5193532705307007,2.8186240196228027,,0.46653927382025884,0.5170553461304398,0.47727564636097497,0.4585338197585469
amazon-ratings,GT,1,512,3e-05,2,2380,acc,0.9993467330932617,0.9993467330932617,0.0022773202508687973,,0.9994639524745306,0.9993466027486886,0.9994565721710963,0.9994719452300295,acc,0.5307855606079102,0.5307855606079102,3.383202314376831,,0.4810625037006724,0.5268523998664768,0.5071243095291266,0.4648684859634985,acc,0.518863320350647,0.518863320350647,3.5057199001312256,,0.4525335906000382,0.5148999202093112,0.4687916862285647,0.4418967589460534
amazon-ratings,GT,1,512,3e-05,3,1090,acc,0.9872611165046692,0.9872611165046692,0.05416571721434593,,0.9815053032267835,0.9872245344708386,0.986588107542443,0.9766505866379942,acc,0.5175567269325256,0.5175567269325256,2.333923101425171,,0.45782754245601714,0.5126021352198211,0.4811327831935621,0.4436016452921952,acc,0.5175567269325256,0.5175567269325256,2.2716963291168213,,0.4495970910846139,0.5123589492681515,0.4739153553910008,0.4363058625342286
amazon-ratings,GT,1,512,3e-05,4,2130,acc,0.9993467330932617,0.9993467330932617,0.0028383855242282152,,0.9991585006072284,0.9993468298052386,0.9989074086497668,0.9994111789619652,acc,0.5320920944213867,0.5320920944213867,3.145235538482666,,0.48077687590616736,0.5288209518989831,0.4980363438973687,0.46904296718447924,acc,0.5201698541641235,0.5201698541641235,3.277208089828491,,0.453069211521367,0.5166107548356706,0.4679164646483301,0.44345716858049117
amazon-ratings,GT,1,512,3e-05,5,1910,acc,0.9986934661865234,0.9986934661865234,0.004558563232421875,,0.9983027064729271,0.9986935693745465,0.9983007822036287,0.998304993720699,acc,0.5187000036239624,0.5187000036239624,3.1885874271392822,,0.45724514348231454,0.5149256029062025,0.4751730451121407,0.44592135735875915,acc,0.5208231210708618,0.5208231210708618,3.1589715480804443,,0.4580743464447016,0.5168500624310508,0.47451763283566695,0.44696088682081037
amazon-ratings,GT,1,512,3e-05,6,1390,acc,0.9961619973182678,0.9961619973182678,0.015104013495147228,,0.9955816389617462,0.9961609569169747,0.9967518829647665,0.9944287711212665,acc,0.5378082394599915,0.5378082394599915,2.633429765701294,,0.4716174096196152,0.5332503523162064,0.49436346167647544,0.4581527743619628,acc,0.5244161486625671,0.5244161486625671,2.653517961502075,,0.46659961282289003,0.5197676967455389,0.49082219156718876,0.4517221243943702
amazon-ratings,GT,1,512,3e-05,7,1610,acc,0.998203456401825,0.998203456401825,0.007090538274496794,,0.998034566404006,0.998203308566247,0.9981229067437065,0.9979472346486814,acc,0.5129837989807129,0.5129837989807129,3.0035834312438965,,0.4533337936267109,0.5096735299489341,0.46950459490046736,0.44269661586776926,acc,0.5190266370773315,0.5190266370773315,2.8735082149505615,,0.4636050022576252,0.515774367047289,0.481379330057524,0.451868626861425
amazon-ratings,GT,1,512,3e-05,8,1650,acc,0.9980401396751404,0.9980401396751404,0.007365398574620485,,0.9975796666080606,0.9980396306196962,0.9981750306631968,0.9969888376292767,acc,0.526375949382782,0.526375949382782,2.957882881164551,,0.4666120021915988,0.5222745478976394,0.48686606789715486,0.45339268199162214,acc,0.5115139484405518,0.5115139484405518,3.093817710876465,,0.4573032560823435,0.5071022131840712,0.4792803400066085,0.4433630112976972
amazon-ratings,GT,1,512,3e-05,9,1730,acc,0.9984484910964966,0.9984484910964966,0.005399649031460285,,0.9979093022184419,0.9984484100827429,0.9979695312537296,0.9978502202436191,acc,0.5319287776947021,0.5319287776947021,3.0005009174346924,,0.47429025648341455,0.5290549625477927,0.4904227421652765,0.4633201443371546,acc,0.5227829217910767,0.5227829217910767,3.0495901107788086,,0.4662907108963295,0.519222103044495,0.48918957107064037,0.45210962348830686
amazon-ratings,GT,2,512,3e-05,0,2860,acc,0.998856782913208,0.998856782913208,0.0028013961855322123,,0.9987724601171044,0.9988568707172775,0.9986813956116057,0.9988646599931557,acc,0.5267025828361511,0.5267025828361511,4.097574710845947,,0.4708938662527105,0.5249759504671899,0.4745886061701432,0.4686539456361256,acc,0.5409113168716431,0.5409113168716431,3.9049785137176514,,0.4891720445524035,0.5388416962853687,0.4938657989504513,0.48652235821257
amazon-ratings,GT,2,512,3e-05,1,4810,acc,0.9998366832733154,0.9998366832733154,0.0004885235684923828,,0.9998898949624809,0.9998366823299475,0.9998851823482514,0.9998946292737066,acc,0.5489138960838318,0.5489138960838318,4.669663429260254,,0.499732754965273,0.5471704219861372,0.5060546390288433,0.4948200135360622,acc,0.5441777110099792,0.5441777110099792,4.561943054199219,,0.49953760393779423,0.5420965230295192,0.5106152981356435,0.49103821583834034
amazon-ratings,GT,2,512,3e-05,2,1780,acc,0.9977135062217712,0.9977135062217712,0.007917605340480804,,0.9976968186560299,0.9977134948736284,0.9974434132523363,0.9979525574343876,acc,0.5436877012252808,0.5436877012252808,3.220925807952881,,0.4882842178532042,0.541514975326083,0.499847551432794,0.4796081162937062,acc,0.536828339099884,0.536828339099884,3.307957649230957,,0.4741538267376126,0.5346711717973083,0.4834463245963624,0.46701289263217494
amazon-ratings,GT,2,512,3e-05,3,1210,acc,0.9819532632827759,0.9819532632827759,0.0653044655919075,,0.9795068178560292,0.9819493955815546,0.9809296001406208,0.9781423328295924,acc,0.5414012670516968,0.5414012670516968,2.3599140644073486,,0.4912520561671137,0.5383912679280525,0.5050924094794598,0.48140437505656675,acc,0.5283357501029968,0.5283357501029968,2.4371392726898193,,0.464188814788079,0.5254453693011807,0.4744600433592181,0.45699770958000857
amazon-ratings,GT,2,512,3e-05,4,1500,acc,0.9965702891349792,0.9965702891349792,0.013531569391489029,,0.9961352838160978,0.9965716789658848,0.9953270114734478,0.996959995814389,acc,0.5490772724151611,0.5490772724151611,2.899549722671509,,0.49822169568559216,0.5465554421392959,0.5092627928677836,0.49028810067006817,acc,0.5283357501029968,0.5283357501029968,2.9886069297790527,,0.4658661459046544,0.5258476460653699,0.47654094080760184,0.458609578036521
amazon-ratings,GT,2,512,3e-05,5,3500,acc,0.9995917081832886,0.9995917081832886,0.000904441811144352,,0.9997010688576886,0.9995917186061269,0.9996763456477418,0.9997259199691626,acc,0.5391148328781128,0.5391148328781128,4.27070426940918,,0.4825296138580786,0.5368189386294027,0.49190331679086585,0.4757182097587185,acc,0.5330719947814941,0.5330719947814941,4.262287616729736,,0.47837962082501884,0.5307432776976253,0.4873016295073304,0.4716200756630025
amazon-ratings,GT,2,512,3e-05,6,1160,acc,0.9691327810287476,0.9691327810287476,0.09458909928798676,,0.9662869069166957,0.9691072108843041,0.9711000260776912,0.9616879852227285,acc,0.545810878276825,0.545810878276825,2.254131317138672,,0.48512056858023495,0.5427093949160795,0.5009312166626232,0.47408949929890687,acc,0.5422178506851196,0.5422178506851196,2.2927873134613037,,0.4809099002956822,0.5377022809345097,0.5001602329409061,0.4681219218664655
amazon-ratings,GT,2,512,3e-05,7,2620,acc,0.999428391456604,0.999428391456604,0.0016196094220504165,,0.999089716805077,0.9994285312180143,0.9987062899407885,0.9994746854138942,acc,0.5312755107879639,0.5312755107879639,4.011171817779541,,0.473061262828223,0.5288539592229242,0.4821642109772104,0.46588877267819984,acc,0.5374816060066223,0.5374816060066223,3.8821473121643066,,0.48130509320845255,0.5353002453280219,0.4933788352775556,0.4722007971939256
amazon-ratings,GT,2,512,3e-05,8,3950,acc,0.9999183416366577,0.9999183416366577,0.000577625585719943,,0.9999425750301821,0.9999183380216436,0.9999556147359077,0.9999295526593871,acc,0.5464641451835632,0.5464641451835632,4.411226749420166,,0.48819292553878035,0.5437062458674328,0.5009141700102125,0.47902795354129635,acc,0.5340519547462463,0.5340519547462463,4.447447299957275,,0.4755439655289847,0.5309295049814825,0.48724607283188615,0.46725438541533626
amazon-ratings,GT,2,512,3e-05,9,1550,acc,0.9950187802314758,0.9950187802314758,0.014874672517180443,,0.9942947263298801,0.9950193452581396,0.99398111095951,0.9946199985805091,acc,0.5363383889198303,0.5363383889198303,2.9794394969940186,,0.4835670113000267,0.5346972387594389,0.4893692391727499,0.4791404086277257,acc,0.5325820446014404,0.5325820446014404,3.0404651165008545,,0.47643152748324713,0.5305960258796883,0.4848712213548355,0.4699065557521599
amazon-ratings,GT,3,512,3e-05,0,1350,acc,0.9872611165046692,0.9872611165046692,0.03920654207468033,,0.985872164883444,0.9872739617065409,0.9843229784151699,0.9875007930773382,acc,0.532745361328125,0.532745361328125,2.7179739475250244,,0.4779076745422044,0.53091947792224,0.482042063873897,0.47550462759691314,acc,0.5361750721931458,0.5361750721931458,2.704257011413574,,0.4856394052596765,0.533676070249119,0.4933871006758877,0.4802895714072707
amazon-ratings,GT,3,512,3e-05,1,1800,acc,0.9974685311317444,0.9974685311317444,0.006759566720575094,,0.9969984501341378,0.9974690154466419,0.9961751735020036,0.9978309004942189,acc,0.5402580499649048,0.5402580499649048,3.4413607120513916,,0.4866577930682956,0.5384442237927816,0.4926557783222048,0.48193954103145353,acc,0.5409113168716431,0.5409113168716431,3.384286880493164,,0.4856346939289029,0.5391449748062267,0.4919027497216235,0.48050891749728875
amazon-ratings,GT,3,512,3e-05,2,2530,acc,0.9989384412765503,0.9989384412765503,0.0030670755077153444,,0.9989687424936822,0.9989384114783245,0.9988011274659403,0.9991370989311278,acc,0.5477706789970398,0.5477706789970398,3.801701307296753,,0.49387452112580144,0.5457133113697838,0.5033668172051712,0.4869019332818114,acc,0.5365017056465149,0.5365017056465149,3.829338312149048,,0.47306594725844364,0.5345002073402378,0.479572853864323,0.46810238776747887
amazon-ratings,GT,3,512,3e-05,3,1170,acc,0.968397855758667,0.968397855758667,0.09553574025630951,,0.9624043941542186,0.9683897138468691,0.960175615705149,0.9649425216193881,acc,0.5436877012252808,0.5436877012252808,2.325456380844116,,0.49308919010153873,0.5418330087226563,0.4969953147308067,0.4919863617357051,acc,0.5291523933410645,0.5291523933410645,2.3603897094726562,,0.4717567176140829,0.5270223514963656,0.47641041115076976,0.4689399802717843
amazon-ratings,GT,3,512,3e-05,4,2500,acc,0.9992650747299194,0.9992650747299194,0.0023558514658361673,,0.9986568183874149,0.9992653714071947,0.9982711578514094,0.999044002858547,acc,0.5492405891418457,0.5492405891418457,3.717033624649048,,0.49518326943646274,0.5473341285012684,0.5015535230113569,0.49050131709414224,acc,0.5386248230934143,0.5386248230934143,3.794368028640747,,0.47281639127962877,0.5366009652792715,0.4792607424461566,0.46826330763261825
amazon-ratings,GT,3,512,3e-05,5,2690,acc,0.999428391456604,0.999428391456604,0.001844878657720983,,0.9994246923499677,0.9994284585290666,0.9992199090391052,0.9996300209737262,acc,0.5404213666915894,0.5404213666915894,4.080691337585449,,0.48379913828795595,0.5372135057458992,0.49555543807502866,0.47624304712490756,acc,0.5378082394599915,0.5378082394599915,4.0004658699035645,,0.4869810827198563,0.5358197655680736,0.4929675051895884,0.48279940105898056
amazon-ratings,GT,3,512,3e-05,6,1800,acc,0.9979584813117981,0.9979584813117981,0.007840923964977264,,0.9972325657339931,0.9979596469675259,0.9964096256326946,0.9980691622907802,acc,0.5500571727752686,0.5500571727752686,3.2509448528289795,,0.4916963578367156,0.5478362284943339,0.5012900702642478,0.48432455316747314,acc,0.5420545339584351,0.5420545339584351,3.2888002395629883,,0.4831427435832795,0.5391903730011643,0.49291599178202083,0.4760226881277947
amazon-ratings,GT,3,512,3e-05,7,4840,acc,0.9998366832733154,0.9998366832733154,0.00037781958235427737,,0.9998898944007237,0.9998366766476153,0.9998686204394914,0.9999112097669256,acc,0.5387881994247437,0.5387881994247437,4.829110145568848,,0.4821259974380826,0.5375858798682651,0.48798220485394905,0.47723281068872253,acc,0.5415645837783813,0.5415645837783813,4.746642589569092,,0.48291906102445337,0.5402744494276673,0.48927110943861374,0.4777283403592089
amazon-ratings,GT,3,512,3e-05,8,2880,acc,0.9995917081832886,0.9995917081832886,0.0015517097199335694,,0.9997093394759439,0.9995917034133595,0.9997093394759439,0.9997093394759439,acc,0.5443410277366638,0.5443410277366638,4.041872024536133,,0.4861517315298348,0.5415019867454147,0.4955428567753641,0.4794372314345683,acc,0.5363383889198303,0.5363383889198303,4.093398094177246,,0.4777676489454068,0.5333045571544213,0.48837630145031097,0.47000952797532164
amazon-ratings,GT,3,512,3e-05,9,3080,acc,0.9991834163665771,0.9991834163665771,0.001800013822503388,,0.9987607010703167,0.9991836069277948,0.9983247796877309,0.9992000462818182,acc,0.536828339099884,0.536828339099884,4.141793727874756,,0.48557777255678525,0.5356341955412214,0.49061058490607784,0.48130319957558915,acc,0.5340519547462463,0.5340519547462463,4.159776210784912,,0.4766872968729735,0.5328193788139989,0.4808275909773285,0.47313726765009034
amazon-ratings,GT,4,512,3e-05,0,2470,acc,0.9984484910964966,0.9984484910964966,0.0042174081318080425,,0.9979560417088665,0.9984489456328666,0.9973999337063498,0.9985147862585858,acc,0.5340519547462463,0.5340519547462463,3.918398380279541,,0.48036355572851297,0.5325693927474436,0.48271313907920577,0.47991942358316886,acc,0.5376449227333069,0.5376449227333069,3.8525989055633545,,0.49093938761178463,0.536403286042175,0.4944082780482619,0.48859409753685856
amazon-ratings,GT,4,512,3e-05,1,3250,acc,0.9993467330932617,0.9993467330932617,0.0016957485349848866,,0.9993191945712916,0.9993467802764663,0.9991498206749057,0.9994895035078706,acc,0.5449942946434021,0.5449942946434021,4.210759162902832,,0.4958514805011047,0.542989550310615,0.5061732238491092,0.48832039323139736,acc,0.5461375117301941,0.5461375117301941,4.165570259094238,,0.5029189586881866,0.5444127580297434,0.5123708951016102,0.4966757074228127
amazon-ratings,GT,4,512,3e-05,2,2960,acc,0.9992650747299194,0.9992650747299194,0.00200227671302855,,0.999023403596861,0.9992651196086424,0.9986284510643857,0.9994204413511302,acc,0.5469540953636169,0.5469540953636169,4.00694465637207,,0.49157178469895435,0.545090482417427,0.49911393406505633,0.48538337453918096,acc,0.5324187278747559,0.5324187278747559,4.076616287231445,,0.47003874442115884,0.5307548056673835,0.47530532270739895,0.46563368862476606
amazon-ratings,GT,4,512,3e-05,3,1480,acc,0.9938755631446838,0.9938755631446838,0.024584179744124413,,0.9918437755434096,0.9938786534253613,0.9901460018223887,0.9935809426118156,acc,0.5366650223731995,0.5366650223731995,2.8867971897125244,,0.4858459717519478,0.5351859544293693,0.48930613419826585,0.4833590783374735,acc,0.5371549725532532,0.5371549725532532,2.837587356567383,,0.4807273283216512,0.5351325149109879,0.48811300772606964,0.47505943839653275
amazon-ratings,GT,4,512,3e-05,4,1840,acc,0.9971418976783752,0.9971418976783752,0.008608410134911537,,0.9963219624615334,0.9971441819554132,0.9949833266752044,0.997689893419518,acc,0.5474440455436707,0.5474440455436707,3.3011274337768555,,0.49464723365605423,0.5461421552143088,0.4967984392842183,0.4932564354251112,acc,0.536828339099884,0.536828339099884,3.3437604904174805,,0.47281630011147835,0.5358811560984665,0.47482573414466656,0.4715145209336148
amazon-ratings,GT,4,512,3e-05,5,1420,acc,0.9906908273696899,0.9906908273696899,0.029704054817557335,,0.9890387442258204,0.9906957656549782,0.9877826906942161,0.990344323090681,acc,0.5389515161514282,0.5389515161514282,2.8963589668273926,,0.4803724372732062,0.5364678339783538,0.48820832965906014,0.47544867688345815,acc,0.5389515161514282,0.5389515161514282,2.8557913303375244,,0.4813126976433796,0.5367660178886512,0.48929074936444356,0.4751721152151826
amazon-ratings,GT,4,512,3e-05,6,2540,acc,0.9987751245498657,0.9987751245498657,0.0031210521701723337,,0.9983497808395828,0.9987754201147826,0.9979659408825532,0.9987349994420291,acc,0.5513637065887451,0.5513637065887451,3.7156283855438232,,0.49415215877101176,0.5500898836311878,0.49866258433328997,0.4906185669243929,acc,0.5449942946434021,0.5449942946434021,3.7786879539489746,,0.4856138054189766,0.5429968105020128,0.49110329992579765,0.48141615779112323
amazon-ratings,GT,4,512,3e-05,7,3560,acc,0.9995100498199463,0.9995100498199463,0.0008668368682265282,,0.9992069553068321,0.9995101809487985,0.9988797200738221,0.9995356610236502,acc,0.5378082394599915,0.5378082394599915,4.363272190093994,,0.4811114975100616,0.5362419433497259,0.4886868934479926,0.4748923068806312,acc,0.5423811674118042,0.5423811674118042,4.335668087005615,,0.48751437120447416,0.5409537802982476,0.4942780602080209,0.481793672501745
amazon-ratings,GT,4,512,3e-05,8,1830,acc,0.9960803389549255,0.9960803389549255,0.010394256561994553,,0.9951788857308841,0.9960821088805822,0.9941331535651209,0.996244471689718,acc,0.5376449227333069,0.5376449227333069,3.2804136276245117,,0.4832637645534873,0.5352293209575294,0.49169617025805296,0.47702043787699255,acc,0.536828339099884,0.536828339099884,3.2712619304656982,,0.477610995639821,0.5344512791496109,0.48434490300187594,0.4726031313237778
amazon-ratings,GT,4,512,3e-05,9,1360,acc,0.9874244332313538,0.9874244332313538,0.0428604818880558,,0.9873356238147839,0.9874301878976143,0.9877076054032325,0.9869850404169034,acc,0.5345419049263,0.5345419049263,2.6816720962524414,,0.483521831753305,0.5331377467414767,0.4904019670772682,0.47810831596759745,acc,0.5312755107879639,0.5312755107879639,2.7492873668670654,,0.47764720809024946,0.5296230839703849,0.4846123357817718,0.472140321433666
amazon-ratings,GT,5,512,3e-05,0,2030,acc,0.9973868727684021,0.9973868727684021,0.0069276816211640835,,0.996919965803707,0.9973870474655987,0.9965337435387243,0.9973077779157464,acc,0.5335619449615479,0.5335619449615479,3.6507492065429688,,0.4789007336200764,0.5321769244937646,0.48065002636964155,0.4782463396593644,acc,0.5410746335983276,0.5410746335983276,3.504153251647949,,0.49180590932419677,0.5392286244382765,0.4965440499709833,0.4882654740474398
amazon-ratings,GT,5,512,3e-05,1,2610,acc,0.9991017580032349,0.9991017580032349,0.002403699094429612,,0.9987024890776934,0.9991019866879293,0.9982854272309831,0.9991228259261999,acc,0.5466274619102478,0.5466274619102478,3.872790813446045,,0.4953177314991152,0.5447238601756018,0.49993369912085817,0.49217404049180297,acc,0.5337253212928772,0.5337253212928772,3.8694567680358887,,0.4825546755781536,0.5323573509516861,0.4856394716568172,0.480121156631334
amazon-ratings,GT,5,512,3e-05,2,1880,acc,0.9965702891349792,0.9965702891349792,0.009614494629204273,,0.9964145091081533,0.996570677462649,0.9957206920976812,0.997117862216394,acc,0.5417279005050659,0.5417279005050659,3.314101219177246,,0.48721679567741455,0.5398157507628167,0.49474491390510267,0.4815645392559861,acc,0.5301322937011719,0.5301322937011719,3.330848455429077,,0.4684147558986139,0.5285355103400025,0.4725165550738398,0.4652224341625276
amazon-ratings,GT,5,512,3e-05,3,2240,acc,0.9991834163665771,0.9991834163665771,0.0029785099904984236,,0.9991317117674221,0.9991834584815825,0.9988266428276882,0.9994376224136012,acc,0.5423811674118042,0.5423811674118042,3.6988754272460938,,0.4934622610860594,0.5408250204243907,0.49781224779439126,0.49035097548137035,acc,0.5333986282348633,0.5333986282348633,3.7104427814483643,,0.4752779881504766,0.5324180344936975,0.4792569196825167,0.4721992613111441
amazon-ratings,GT,5,512,3e-05,4,1740,acc,0.9969785809516907,0.9969785809516907,0.00927011575549841,,0.9959763858540288,0.9969809923004794,0.9947174075998945,0.9972593787378493,acc,0.5461375117301941,0.5461375117301941,3.219883680343628,,0.49009287235447674,0.5443524129973509,0.49485735690765986,0.4866729350736487,acc,0.5394414663314819,0.5394414663314819,3.236724376678467,,0.47236777919001743,0.5380374826994931,0.47601156740092493,0.46984699300638433
amazon-ratings,GT,5,512,3e-05,5,1990,acc,0.9973052144050598,0.9973052144050598,0.007666175719350576,,0.9965158240821339,0.997306930513937,0.9953389134522265,0.9977065863062119,acc,0.5351951718330383,0.5351951718330383,3.6308367252349854,,0.48041750649213233,0.533918979238612,0.4838508326773363,0.47843677709412624,acc,0.536828339099884,0.536828339099884,3.517873764038086,,0.48439228441362825,0.5358764057585117,0.48882093589853637,0.480762487820572
amazon-ratings,GT,5,512,3e-05,6,1350,acc,0.9848930239677429,0.9848930239677429,0.05227842181921005,,0.9834583116133789,0.9848966455391079,0.9820492000642869,0.9849497085449123,acc,0.5480973124504089,0.5480973124504089,2.5972087383270264,,0.48659873470543724,0.5463302401579464,0.49197672972002565,0.482804565252832,acc,0.5445043444633484,0.5445043444633484,2.612604856491089,,0.486498578489862,0.5419208571553424,0.492826342521938,0.4822823383502626
amazon-ratings,GT,5,512,3e-05,7,2160,acc,0.9989384412765503,0.9989384412765503,0.004189972300082445,,0.998701498438157,0.9989385584588464,0.9982230358852728,0.9991836476744679,acc,0.5351951718330383,0.5351951718330383,3.7513275146484375,,0.47784200740647514,0.5339755574068541,0.4828240180577386,0.47366378422782135,acc,0.5314388275146484,0.5314388275146484,3.6788394451141357,,0.47245256625303966,0.5305622432759748,0.4749576205685737,0.4703508333385476
amazon-ratings,GT,5,512,3e-05,8,4780,acc,0.9999183416366577,0.9999183416366577,0.00036442006239667535,,0.9999425825099358,0.9999183433401612,0.9999295774647887,0.9999556048834627,acc,0.5464641451835632,0.5464641451835632,4.682887077331543,,0.4896180712481734,0.5449059938939279,0.4952344244646286,0.48520195602611416,acc,0.5333986282348633,0.5333986282348633,4.689812183380127,,0.4764945131047808,0.5318001777792399,0.4811425007032386,0.4727380637266106
amazon-ratings,GT,5,512,3e-05,9,1740,acc,0.9966519474983215,0.9966519474983215,0.011926878243684769,,0.9961901604434049,0.9966518766658926,0.9959716365676006,0.9964132357943191,acc,0.5422178506851196,0.5422178506851196,3.1972498893737793,,0.48739650792164796,0.5409407635597827,0.4918648773086899,0.48388293061976545,acc,0.5376449227333069,0.5376449227333069,3.263082504272461,,0.48173490309061207,0.5363395738144222,0.48658980746467,0.47785130251972674
amazon-ratings,GT-sep,1,512,3e-05,0,1510,acc,0.9980401396751404,0.9980401396751404,0.009297710843384266,,0.9977173785152003,0.9980403790163495,0.9975154294357773,0.9979202276298711,acc,0.5245794653892517,0.5245794653892517,2.8443524837493896,,0.4674963945619314,0.521539343739509,0.48041006690177285,0.45863736697221613,acc,0.5172300934791565,0.5172300934791565,2.731912851333618,,0.4668782018660334,0.5144815919410445,0.4805190555521017,0.4569852840883072
amazon-ratings,GT-sep,1,512,3e-05,1,1280,acc,0.9974685311317444,0.9974685311317444,0.011450334452092648,,0.9973346831582827,0.9974685628507158,0.9969218722548796,0.9977493950293403,acc,0.5180466771125793,0.5180466771125793,2.675118923187256,,0.46559225180866226,0.514867913122023,0.48313399748987146,0.45348391127887033,acc,0.5164135098457336,0.5164135098457336,2.7069742679595947,,0.4637125360742534,0.5133890922904046,0.48263326339832024,0.45108627827673214
amazon-ratings,GT-sep,1,512,3e-05,2,1990,acc,0.9993467330932617,0.9993467330932617,0.002888835035264492,,0.9995287560516853,0.9993466937857973,0.999533484109308,0.9995240496781808,acc,0.52523273229599,0.52523273229599,3.1520278453826904,,0.4670217342271233,0.5220880012251661,0.4829854926009548,0.45597506491498974,acc,0.5133104920387268,0.5133104920387268,3.240217447280884,,0.44817341488286966,0.5097321859385491,0.46223234509238453,0.43890850162937384
amazon-ratings,GT-sep,1,512,3e-05,3,2300,acc,0.9995100498199463,0.9995100498199463,0.0015053936513140798,,0.9994954396234214,0.9995100744458063,0.9993263577958358,0.9996649443594066,acc,0.5273558497428894,0.5273558497428894,3.382946252822876,,0.47610150050449285,0.5242637249883293,0.49184304795886336,0.46487563991252623,acc,0.5288257598876953,0.5288257598876953,3.4145731925964355,,0.4695216527039047,0.5254512803283372,0.487955097023662,0.4578993481766166
amazon-ratings,GT-sep,1,512,3e-05,4,2600,acc,1.0,1.0,0.00048077598330564797,,1.0,1.0,1.0,1.0,acc,0.5311121940612793,0.5311121940612793,3.595186710357666,,0.477631720078429,0.5279111989159908,0.4909521982068169,0.4679680650263508,acc,0.5301322937011719,0.5301322937011719,3.6967039108276367,,0.45900479259996185,0.5255659100376283,0.47779263033400954,0.44711421786322125
amazon-ratings,GT-sep,1,512,3e-05,5,3380,acc,0.9995917081832886,0.9995917081832886,0.0007875824812799692,,0.9997010906002991,0.999591738791248,0.9996668927075895,0.9997353917000193,acc,0.5191899538040161,0.5191899538040161,4.120573997497559,,0.4571550340099616,0.5155102131328028,0.47106010412365446,0.44738800328562933,acc,0.5249060988426208,0.5249060988426208,4.027653694152832,,0.46099100011379457,0.5211415505974071,0.47592232814735363,0.45050219593854796
amazon-ratings,GT-sep,1,512,3e-05,6,1880,acc,0.9992650747299194,0.9992650747299194,0.003561387537047267,,0.998984841030159,0.9992652536449392,0.9985950520817612,0.9993762555762846,acc,0.5309488773345947,0.5309488773345947,3.050915241241455,,0.4685517224749054,0.5271847533202053,0.48696686166088626,0.45649404345064715,acc,0.5234362483024597,0.5234362483024597,3.0854427814483643,,0.46684604358493187,0.5193721000470775,0.48334723822361647,0.45596753111627064
amazon-ratings,GT-sep,1,512,3e-05,7,2900,acc,0.9997550249099731,0.9997550249099731,0.0008723099017515779,,0.9998324794516208,0.9997550162264541,0.9997982474801587,0.9998668146503885,acc,0.5169034600257874,0.5169034600257874,3.781346082687378,,0.46528589781077107,0.5145851573002622,0.4770528822470393,0.45628361284625585,acc,0.5162501931190491,0.5162501931190491,3.7747058868408203,,0.4624552756660398,0.5140206249088917,0.4754527639074513,0.45275315449473
amazon-ratings,GT-sep,1,512,3e-05,8,1450,acc,0.997631847858429,0.997631847858429,0.010785847902297974,,0.9969415017176443,0.9976322669896386,0.9966010097407437,0.9972835761730219,acc,0.52523273229599,0.52523273229599,2.752974510192871,,0.4652267372436378,0.5213615163488575,0.4796968388942946,0.455263633063877,acc,0.5084109306335449,0.5084109306335449,2.8585991859436035,,0.448888435548061,0.50461025102697,0.4607303592886658,0.44067628185238555
amazon-ratings,GT-sep,1,512,3e-05,9,3030,acc,0.9995917081832886,0.9995917081832886,0.000915037642698735,,0.9994999429613515,0.9995917042067092,0.9993613877515051,0.9996391014770227,acc,0.5257226824760437,0.5257226824760437,3.7935550212860107,,0.47202667426376516,0.5233602686210398,0.4841870660505313,0.46287441644517646,acc,0.5257226824760437,0.5257226824760437,3.7637953758239746,,0.4682773317207613,0.523190409017706,0.4809035287379125,0.4589395021997184
amazon-ratings,GT-sep,2,512,3e-05,0,1890,acc,0.9986934661865234,0.9986934661865234,0.00396947143599391,,0.9984365175470243,0.9986937190030323,0.9978962527527916,0.9989802243259351,acc,0.5394414663314819,0.5394414663314819,3.5242457389831543,,0.48319635876928996,0.5376359762310375,0.49106280560561916,0.4775261727682952,acc,0.5427078008651733,0.5427078008651733,3.47471022605896,,0.48949102918326226,0.5398135704299899,0.5019071004170874,0.4808003620427261
amazon-ratings,GT-sep,2,512,3e-05,1,2150,acc,0.9992650747299194,0.9992650747299194,0.0026416643522679806,,0.9993193019056568,0.9992651036255599,0.9991144988592536,0.9995246502474329,acc,0.5435243844985962,0.5435243844985962,3.6013667583465576,,0.49359919172568373,0.5412341774827703,0.5062199262159595,0.48432492784247627,acc,0.5402580499649048,0.5402580499649048,3.567699670791626,,0.48813364792158104,0.5381112179191749,0.49874994523524147,0.4814013767684246
amazon-ratings,GT-sep,2,512,3e-05,2,3960,acc,0.9996733665466309,0.9996733665466309,0.0006220069481059909,,0.9996843126460485,0.9996733769020535,0.999614979525868,0.999753734592481,acc,0.5440143942832947,0.5440143942832947,4.372886657714844,,0.49152179479922103,0.5418055897521915,0.5029591949336518,0.4825439844494907,acc,0.5404213666915894,0.5404213666915894,4.386857986450195,,0.4798839053405238,0.538317223609414,0.4891760912741424,0.47245135867163324
amazon-ratings,GT-sep,2,512,3e-05,3,1360,acc,0.9959986805915833,0.9959986805915833,0.01658739522099495,,0.9956185536700666,0.9959988078838893,0.9947268862212623,0.9965253283091595,acc,0.5325820446014404,0.5325820446014404,2.875490188598633,,0.482363564961927,0.5300313895810439,0.4914532997942607,0.4760679852601336,acc,0.5286624431610107,0.5286624431610107,2.9082183837890625,,0.46913200610153794,0.5263174534843845,0.4770345271788704,0.46364848102586825
amazon-ratings,GT-sep,2,512,3e-05,4,1110,acc,0.9833415150642395,0.9833415150642395,0.0567694790661335,,0.9826577516669429,0.9833579479142719,0.9823860725817068,0.9830783224052155,acc,0.5371549725532532,0.5371549725532532,2.38995361328125,,0.4809903523468866,0.533426376065075,0.4971427786852658,0.4706390048958056,acc,0.5267025828361511,0.5267025828361511,2.4643123149871826,,0.4658179870853245,0.5232329057414425,0.48162533367024657,0.4557753795996781
amazon-ratings,GT-sep,2,512,3e-05,5,2640,acc,0.9995100498199463,0.9995100498199463,0.0013087496627122164,,0.9996483638661877,0.9995100440960314,0.9996483638661877,0.9996483638661877,acc,0.5324187278747559,0.5324187278747559,4.05471658706665,,0.4776418291115772,0.5294977517780595,0.48921959339431575,0.4695116857620346,acc,0.5396047830581665,0.5396047830581665,3.9906158447265625,,0.48578576581963684,0.5363777284355565,0.5011162330679404,0.47488323792438003
amazon-ratings,GT-sep,2,512,3e-05,6,1500,acc,0.9969785809516907,0.9969785809516907,0.010194852948188782,,0.9966834124772278,0.9969791053706164,0.9957655950252133,0.9976153207111679,acc,0.5425444841384888,0.5425444841384888,2.9986774921417236,,0.4865957253339513,0.5397905842000611,0.5010713840836176,0.47613506021440155,acc,0.5378082394599915,0.5378082394599915,3.0291268825531006,,0.48336895822716575,0.5349769553112945,0.49457921119743764,0.47507515181862947
amazon-ratings,GT-sep,2,512,3e-05,7,1750,acc,0.9986118078231812,0.9986118078231812,0.004744540434330702,,0.998739947170081,0.9986116527549465,0.9985440241265386,0.9989373822669488,acc,0.530458927154541,0.530458927154541,3.4217135906219482,,0.4746271761527704,0.528922506251169,0.48065943142715717,0.4697698712658161,acc,0.5324187278747559,0.5324187278747559,3.3772385120391846,,0.47526942809894673,0.5307204537848516,0.48132847535823986,0.47072929278692877
amazon-ratings,GT-sep,2,512,3e-05,8,1640,acc,0.9978768229484558,0.9978768229484558,0.007705389987677336,,0.9983096022373033,0.9978766859988453,0.9981547949765076,0.9984667783082491,acc,0.5453209280967712,0.5453209280967712,3.201599597930908,,0.4850303374617265,0.5416431016072641,0.5000868118179284,0.4751017673742625,acc,0.5332353115081787,0.5332353115081787,3.2663309574127197,,0.4726817163839641,0.5297601191335135,0.4848856584625111,0.4646384373857577
amazon-ratings,GT-sep,2,512,3e-05,9,2880,acc,0.999428391456604,0.999428391456604,0.0012058456195518374,,0.9993156587236587,0.9994283800805424,0.9991335458078616,0.999498206795797,acc,0.5472807288169861,0.5472807288169861,3.9867520332336426,,0.4974121828713406,0.5453953007058481,0.505641270108691,0.491178965619646,acc,0.5355218052864075,0.5355218052864075,4.076127529144287,,0.4844781022053085,0.5339165533673618,0.4918760072380334,0.47889523039557746
amazon-ratings,GT-sep,3,512,3e-05,0,2460,acc,0.9995100498199463,0.9995100498199463,0.0022568830754607916,,0.9996050092973003,0.9995100489705973,0.999502797116919,0.9997075770767012,acc,0.5386248230934143,0.5386248230934143,3.907883882522583,,0.48631641935906017,0.5367281540066873,0.4910577504013022,0.48315223095824367,acc,0.5396047830581665,0.5396047830581665,3.795267343521118,,0.49427077772694605,0.5369692084667319,0.5064172454571022,0.48542340811438384
amazon-ratings,GT-sep,3,512,3e-05,1,3420,acc,0.9996733665466309,0.9996733665466309,0.0008197007700800896,,0.9996264955619052,0.9996733721417174,0.9994475391862029,0.9998058390406325,acc,0.5443410277366638,0.5443410277366638,4.322740077972412,,0.4975631542298161,0.5429359302464687,0.5042976445777148,0.4921603750196207,acc,0.5378082394599915,0.5378082394599915,4.31976842880249,,0.4876768338218965,0.5360869173363528,0.4952065684744795,0.4817916716306884
amazon-ratings,GT-sep,3,512,3e-05,2,2460,acc,0.9990200996398926,0.9990200996398926,0.0022489188704639673,,0.9992260659859488,0.9990201005868723,0.9992873117548953,0.999164913554446,acc,0.5363383889198303,0.5363383889198303,3.9187123775482178,,0.48111722670270973,0.5344017579756868,0.4894631568219433,0.4745779128858102,acc,0.5324187278747559,0.5324187278747559,3.90140438079834,,0.4701241429692785,0.5308418056924452,0.4752091064465273,0.4659757578368621
amazon-ratings,GT-sep,3,512,3e-05,3,1990,acc,0.9991834163665771,0.9991834163665771,0.0028202557004988194,,0.9990223934362717,0.9991834917991854,0.9986276685071868,0.9994186789518874,acc,0.5381348729133606,0.5381348729133606,3.6814723014831543,,0.49000631255178934,0.5364131730382753,0.496736627080905,0.4851245242527652,acc,0.5330719947814941,0.5330719947814941,3.6213388442993164,,0.47018368264678695,0.5312596167389215,0.4758416935133235,0.46577782447007793
amazon-ratings,GT-sep,3,512,3e-05,4,1360,acc,0.9950187802314758,0.9950187802314758,0.015137555077672005,,0.9939261854915683,0.9950223658870566,0.9921675312555809,0.995739902906893,acc,0.5489138960838318,0.5489138960838318,2.8743388652801514,,0.49345251537038265,0.5459125574670611,0.5025678397688605,0.4873010093744674,acc,0.5381348729133606,0.5381348729133606,2.9873757362365723,,0.46689431630890077,0.5358361986913343,0.47258569137223816,0.4627563719362531
amazon-ratings,GT-sep,3,512,3e-05,5,2850,acc,0.9995100498199463,0.9995100498199463,0.0012676253682002425,,0.9995742679037868,0.9995100318947441,0.9995097540324064,0.9996388921353307,acc,0.531602144241333,0.531602144241333,4.130906105041504,,0.47554116702439175,0.529362353849796,0.48413256628602463,0.4693376409160573,acc,0.5366650223731995,0.5366650223731995,4.056334495544434,,0.48292213782886356,0.5347793674831182,0.49094976232683746,0.4763630820460164
amazon-ratings,GT-sep,3,512,3e-05,6,4890,acc,1.0,1.0,0.00030140989110805094,,1.0,1.0,1.0,1.0,acc,0.5453209280967712,0.5453209280967712,4.680071830749512,,0.4884021405060368,0.5426173742059531,0.502893724358587,0.4781207990805397,acc,0.5451576113700867,0.5451576113700867,4.700204849243164,,0.49117646929722947,0.5422445552807138,0.5040614566228798,0.48169141790505865
amazon-ratings,GT-sep,3,512,3e-05,7,1270,acc,0.9914257526397705,0.9914257526397705,0.029495609924197197,,0.990152847918192,0.9914293258643321,0.9883813710340992,0.9919841689754543,acc,0.5317654609680176,0.5317654609680176,2.8072221279144287,,0.47393499710885323,0.5295554877274968,0.48148289259111,0.46822475857924567,acc,0.5312755107879639,0.5312755107879639,2.738609552383423,,0.4708531136236491,0.5288900909303333,0.4785201210240196,0.46540736912541414
amazon-ratings,GT-sep,3,512,3e-05,8,2300,acc,0.9991017580032349,0.9991017580032349,0.002587519120424986,,0.9993707931186837,0.999101776043762,0.9993319341864473,0.9994098077902829,acc,0.5453209280967712,0.5453209280967712,3.710996627807617,,0.48912468994836145,0.5427009385312799,0.4987215897009015,0.4818944880613967,acc,0.5276824831962585,0.5276824831962585,3.84017014503479,,0.46812022312101276,0.5251522766146453,0.4734986089360297,0.46431048739243075
amazon-ratings,GT-sep,3,512,3e-05,9,1650,acc,0.9968969225883484,0.9968969225883484,0.009017071686685085,,0.9964657646653379,0.9968962380274231,0.9964540979192055,0.9964817326649751,acc,0.5405846834182739,0.5405846834182739,3.162980079650879,,0.48908955356149014,0.5381932809364794,0.4998419035947858,0.4808887199291817,acc,0.536828339099884,0.536828339099884,3.193871259689331,,0.4804146859343928,0.5344797055451798,0.4907179667325371,0.47261139447230205
amazon-ratings,GT-sep,4,512,3e-05,0,1360,acc,0.9946104884147644,0.9946104884147644,0.018286826089024544,,0.9944264969930579,0.9946105888128363,0.9936710110588132,0.9951990623633715,acc,0.5378082394599915,0.5378082394599915,2.9690613746643066,,0.48308484188324813,0.535426986577923,0.491000677036325,0.4779332556861731,acc,0.5342152714729309,0.5342152714729309,2.91121244430542,,0.4869379138376152,0.5312419701919213,0.4994764044148271,0.4785216426236338
amazon-ratings,GT-sep,4,512,3e-05,1,3710,acc,0.9998366832733154,0.9998366832733154,0.0006083056214265525,,0.9998898949624809,0.9998366823299475,0.9998851823482514,0.9998946292737066,acc,0.5445043444633484,0.5445043444633484,4.348475456237793,,0.49569731679557894,0.5420430361133354,0.5084683692292253,0.4861517772822433,acc,0.5415645837783813,0.5415645837783813,4.3165717124938965,,0.49060965633649395,0.539299539098815,0.5015676002342324,0.48261448508492116
amazon-ratings,GT-sep,4,512,3e-05,2,2050,acc,0.9986118078231812,0.9986118078231812,0.0035844442900270224,,0.998656485296179,0.9986118875619264,0.9986233415756628,0.9986911443152529,acc,0.5443410277366638,0.5443410277366638,3.588670492172241,,0.49053346619558164,0.54207911851881,0.5036020278685284,0.4807194989952056,acc,0.5342152714729309,0.5342152714729309,3.6360247135162354,,0.468481406384763,0.5319345719018007,0.4766423231622359,0.4620686671042583
amazon-ratings,GT-sep,4,512,3e-05,3,1720,acc,0.9986118078231812,0.9986118078231812,0.006133876275271177,,0.998063982634474,0.9986121527128969,0.9974671952861709,0.9986643427597246,acc,0.5399314165115356,0.5399314165115356,3.287607192993164,,0.4863320167222131,0.5376619069563684,0.49403678878184376,0.4804758642079661,acc,0.5260493159294128,0.5260493159294128,3.288276433944702,,0.46763060845229765,0.5239418720172558,0.47660203451450317,0.46078705426713834
amazon-ratings,GT-sep,4,512,3e-05,4,1620,acc,0.997631847858429,0.997631847858429,0.007557462435215712,,0.9965949872251489,0.9976342789339248,0.9951608697977841,0.9980581100465494,acc,0.5428711175918579,0.5428711175918579,3.148303270339966,,0.49204061202638344,0.5401326384746562,0.502263788941465,0.4851001252853037,acc,0.5392781496047974,0.5392781496047974,3.237752676010132,,0.4709312839825567,0.5364238469029242,0.4797227324963507,0.4648845740724152
amazon-ratings,GT-sep,4,512,3e-05,5,3300,acc,0.9995100498199463,0.9995100498199463,0.0009535178542137146,,0.9994820526189013,0.9995100689819834,0.99931610129163,0.9996483638661877,acc,0.5325820446014404,0.5325820446014404,4.36144495010376,,0.4776211273970598,0.5299468842022506,0.48874488005032174,0.4698567637049673,acc,0.537971556186676,0.537971556186676,4.2450690269470215,,0.47966778884660244,0.5356751525502286,0.4882434713996628,0.47283190995270596
amazon-ratings,GT-sep,4,512,3e-05,6,2280,acc,0.9987751245498657,0.9987751245498657,0.0029342439956963062,,0.9981001414695531,0.9987754565081189,0.9977821016698515,0.9984193272175104,acc,0.5453209280967712,0.5453209280967712,3.6333701610565186,,0.48918837034518364,0.5435754988927165,0.49784286344982,0.48286040557839394,acc,0.5420545339584351,0.5420545339584351,3.720308780670166,,0.48777307327122693,0.5396021346341613,0.49678628865403046,0.48088427804799594
amazon-ratings,GT-sep,4,512,3e-05,7,1170,acc,0.9842397570610046,0.9842397570610046,0.05388890951871872,,0.9828852817546423,0.9842419571363036,0.9808583960270271,0.9849936273285615,acc,0.5284990668296814,0.5284990668296814,2.5632998943328857,,0.4717683455058233,0.5262466247977052,0.48044277802108004,0.46493700585213327,acc,0.5280091166496277,0.5280091166496277,2.51434326171875,,0.46340606470831763,0.5259098864587959,0.46943691304592505,0.45879443052157176
amazon-ratings,GT-sep,4,512,3e-05,8,3590,acc,0.9998366832733154,0.9998366832733154,0.0005991611396893859,,0.9998898944007237,0.9998366766476153,0.9998686204394914,0.9999112097669256,acc,0.543197751045227,0.543197751045227,4.337225914001465,,0.4853304966702344,0.5410788407681361,0.4935983379969081,0.4795041328401409,acc,0.5369916558265686,0.5369916558265686,4.357266902923584,,0.48552603334664096,0.5339989098795066,0.49839476169667807,0.47671786569050856
amazon-ratings,GT-sep,4,512,3e-05,9,2450,acc,0.9991017580032349,0.9991017580032349,0.0021672325674444437,,0.9985772664657109,0.9991018926253856,0.9981673208153985,0.9989906760009137,acc,0.5469540953636169,0.5469540953636169,3.809067726135254,,0.4918404674422222,0.5445669701910877,0.5000931061426528,0.48601742183253355,acc,0.5407480001449585,0.5407480001449585,3.8507721424102783,,0.4864410671206432,0.5390784839648722,0.49299079252552314,0.4814805634318467
amazon-ratings,GT-sep,5,512,3e-05,0,2160,acc,0.9982851147651672,0.9982851147651672,0.004195114132016897,,0.9978933712205904,0.9982855537860443,0.9973482319761905,0.9984448789077339,acc,0.5387881994247437,0.5387881994247437,3.697479009628296,,0.4845676520583475,0.5368049989922,0.4884356517151269,0.48260425918325456,acc,0.5363383889198303,0.5363383889198303,3.669642686843872,,0.49393469067804163,0.5344089715255289,0.5005207542950953,0.48951632745454254
amazon-ratings,GT-sep,5,512,3e-05,1,2420,acc,0.9992650747299194,0.9992650747299194,0.0021985084749758244,,0.998804565826477,0.9992654126269058,0.9982360693907848,0.9993764234499631,acc,0.5397680997848511,0.5397680997848511,3.8384389877319336,,0.4897973832070678,0.5376238302392174,0.49683247029249955,0.48512890090970073,acc,0.5414012670516968,0.5414012670516968,3.73899507522583,,0.4903293616145671,0.5394531416206949,0.49646564576485774,0.4860059842325241
amazon-ratings,GT-sep,5,512,3e-05,2,2550,acc,0.999428391456604,0.999428391456604,0.0020537618547677994,,0.9992978062965964,0.9994284044938659,0.9992370973014356,0.9993592838555054,acc,0.5347052216529846,0.5347052216529846,3.9465842247009277,,0.4824414059706198,0.5326081680647032,0.4928845210345393,0.4747729542458142,acc,0.5358484387397766,0.5358484387397766,3.952148199081421,,0.4764528704697444,0.5336764497619261,0.48449607951937174,0.4703701213736153
amazon-ratings,GT-sep,5,512,3e-05,3,2710,acc,0.9995100498199463,0.9995100498199463,0.0012991512194275856,,0.9994212771942579,0.9995100790806598,0.9991781012354057,0.9996649443594066,acc,0.5405846834182739,0.5405846834182739,3.9882233142852783,,0.49486884694144206,0.5391963846459192,0.4992211916687226,0.49151309539447796,acc,0.5396047830581665,0.5396047830581665,3.9432084560394287,,0.48512334292266496,0.5379893439768292,0.4928679657005885,0.47898353603324917
amazon-ratings,GT-sep,5,512,3e-05,4,1890,acc,0.9990200996398926,0.9990200996398926,0.003519352525472641,,0.9985564212458036,0.9990205681733202,0.9979346602997679,0.9991838570161595,acc,0.5463008284568787,0.5463008284568787,3.3727304935455322,,0.4929168104836504,0.5437388996574574,0.5015844624472312,0.48665983529930007,acc,0.5340519547462463,0.5340519547462463,3.4853060245513916,,0.4696907355865818,0.5317403627336335,0.4766468934292254,0.4644179757505798
amazon-ratings,GT-sep,5,512,3e-05,5,1270,acc,0.9909358024597168,0.9909358024597168,0.03144325315952301,,0.9896392062609802,0.9909415228369218,0.9885014396370977,0.9908459957692537,acc,0.5294790267944336,0.5294790267944336,2.8604230880737305,,0.4720109287668019,0.5267804855477591,0.48189244063194403,0.4646988177679877,acc,0.5319287776947021,0.5319287776947021,2.7855851650238037,,0.47501731605452574,0.5295010365235383,0.4829064900865382,0.4693266882836217
amazon-ratings,GT-sep,5,512,3e-05,6,2610,acc,0.9991834163665771,0.9991834163665771,0.001932617393322289,,0.9986173666485513,0.999183742062254,0.9980889800439927,0.9991480024131579,acc,0.5505471229553223,0.5505471229553223,3.827697992324829,,0.4883430072047914,0.5487380372719276,0.496516521802384,0.4819623791052968,acc,0.5371549725532532,0.5371549725532532,3.917491912841797,,0.48004724439970226,0.5350290217986312,0.4873383915576981,0.47421297691275593
amazon-ratings,GT-sep,5,512,3e-05,7,3060,acc,0.9995917081832886,0.9995917081832886,0.0010531462030485272,,0.9996530113515897,0.9995917005233457,0.9995967793770226,0.9997093394759439,acc,0.5325820446014404,0.5325820446014404,4.234888076782227,,0.47843313914523494,0.5306210973915437,0.4866154418123923,0.47208753584149593,acc,0.5351951718330383,0.5351951718330383,4.0948591232299805,,0.47409648040021,0.5333992852594853,0.47929837864991615,0.47012077379913075
amazon-ratings,GT-sep,5,512,3e-05,8,1740,acc,0.9980401396751404,0.9980401396751404,0.006484002340584993,,0.9977701686986377,0.998040607545812,0.9972779267181483,0.9982662156692117,acc,0.5417279005050659,0.5417279005050659,3.3688619136810303,,0.48193292557556233,0.5388030227356835,0.49096595311910285,0.47545578001526023,acc,0.5276824831962585,0.5276824831962585,3.412562370300293,,0.4753550275062478,0.5253549849927831,0.48159492336436927,0.4710114050160065
amazon-ratings,GT-sep,5,512,3e-05,9,2470,acc,0.999428391456604,0.999428391456604,0.0017448124708607793,,0.9993850654890698,0.9994283718093859,0.9992985008925604,0.9994721545717212,acc,0.5435243844985962,0.5435243844985962,3.856579542160034,,0.4963586531618924,0.5416493867509714,0.5075707757530523,0.4879458593986926,acc,0.5307855606079102,0.5307855606079102,3.9347901344299316,,0.4757664882187484,0.5292621431663893,0.4827229745449844,0.46993409294559835
amazon-ratings,TAG,1,512,3e-05,0,1690,acc,0.9989384412765503,0.9989384412765503,0.00392866600304842,,0.9984487998030985,0.9989379688231008,0.9992084880040742,0.997695217343961,acc,0.5154336094856262,0.5154336094856262,3.4534919261932373,,0.45618703801764154,0.5092788646717484,0.49562821881691715,0.436623083545569,acc,0.5206598043441772,0.5206598043441772,3.3343758583068848,,0.4669505602406523,0.5141465749709493,0.517431395857008,0.44330122144586526
amazon-ratings,TAG,1,512,3e-05,1,1750,acc,0.999428391456604,0.999428391456604,0.003277829149737954,,0.9994168068885724,0.9994282813373562,0.9996301514966467,0.9992042840430304,acc,0.5267025828361511,0.5267025828361511,3.4348344802856445,,0.4733985719806588,0.5209203979397328,0.5137534499409213,0.4523727250264525,acc,0.5209864377975464,0.5209864377975464,3.4272425174713135,,0.46783142676974,0.5153449878191577,0.5104347469571169,0.446713908702485
amazon-ratings,TAG,1,512,3e-05,2,2450,acc,0.9995917081832886,0.9995917081832886,0.0013804419431835413,,0.9997009991016202,0.999591657862582,0.9997284698007828,0.9996738155210112,acc,0.5284990668296814,0.5284990668296814,3.8183934688568115,,0.4675394706093393,0.5225854224279826,0.5091298649214645,0.44743623918414493,acc,0.5216397047042847,0.5216397047042847,3.8632447719573975,,0.44926245736788994,0.514652328385079,0.48682229342956046,0.4318579312504306
amazon-ratings,TAG,1,512,3e-05,3,1250,acc,0.9973868727684021,0.9973868727684021,0.01371369045227766,,0.997130129814094,0.9973859860275021,0.9982465168344861,0.9960260243969751,acc,0.5198432207107544,0.5198432207107544,2.9302849769592285,,0.46095254405780706,0.5124106117944212,0.509391470952311,0.4384537059731824,acc,0.5149436593055725,0.5149436593055725,2.9017226696014404,,0.44890943921361404,0.5077346971542169,0.4963341991297364,0.42807401024504593
amazon-ratings,TAG,1,512,3e-05,4,1800,acc,0.9996733665466309,0.9996733665466309,0.0018226770916953683,,0.9996972571788018,0.9996733473222625,0.9997632558156407,0.9996313921454085,acc,0.5239261984825134,0.5239261984825134,3.5716207027435303,,0.4707721179079921,0.5181669734416287,0.5133844805840413,0.44884751306898013,acc,0.5242528319358826,0.5242528319358826,3.599083423614502,,0.4522054230033338,0.5180712413608238,0.487933024219216,0.43561271285995184
amazon-ratings,TAG,1,512,3e-05,5,1510,acc,0.9989384412765503,0.9989384412765503,0.0060086180455982685,,0.9989138637791471,0.9989382687618906,0.9992784719156089,0.998550881912848,acc,0.5170667767524719,0.5170667767524719,3.2006752490997314,,0.452770320917958,0.510191032106745,0.499086465832713,0.43159695092696254,acc,0.5146170258522034,0.5146170258522034,3.1502737998962402,,0.447680865095429,0.5070376475460254,0.49541578608969844,0.4266919435838627
amazon-ratings,TAG,1,512,3e-05,6,1480,acc,0.9983668327331543,0.9983668327331543,0.005959112197160721,,0.9981787922322406,0.9983669151443341,0.9988472289682747,0.9975162051266387,acc,0.5270292162895203,0.5270292162895203,3.2019569873809814,,0.45678429516834085,0.5213746183752519,0.48550025396587104,0.4415287199904186,acc,0.5165768265724182,0.5165768265724182,3.228616714477539,,0.45830575174469723,0.5105601705328652,0.4918020003643301,0.44039713212993103
amazon-ratings,TAG,1,512,3e-05,7,1830,acc,0.999428391456604,0.999428391456604,0.0019214252242818475,,0.9993198619385417,0.9994283760239634,0.9995341261212772,0.999106198084933,acc,0.5111873149871826,0.5111873149871826,3.747997760772705,,0.45381479107909356,0.5058201930513393,0.4937722669503918,0.43426799787194154,acc,0.5209864377975464,0.5209864377975464,3.5973427295684814,,0.46509936739079966,0.5152496057735805,0.5108305575943627,0.4431315123801867
amazon-ratings,TAG,1,512,3e-05,8,1190,acc,0.9974685311317444,0.9974685311317444,0.014226479455828667,,0.9970614220767796,0.9974677037590268,0.9979869357680066,0.9961447771938664,acc,0.5216397047042847,0.5216397047042847,2.925161123275757,,0.45444553309566305,0.5140237919563921,0.5006584295139824,0.4337842606706551,acc,0.5092275142669678,0.5092275142669678,2.9416027069091797,,0.4463630257803275,0.501941452995581,0.49075548758351906,0.4260134916839906
amazon-ratings,TAG,1,512,3e-05,9,3870,acc,0.9997550249099731,0.9997550249099731,0.0004934280877932906,,0.9998324694347318,0.9997550146748104,0.999824190660733,0.9998407624263127,acc,0.5219663381576538,0.5219663381576538,4.775023937225342,,0.4672009651140823,0.5178036600260548,0.4941807832652598,0.4509821308590232,acc,0.5231095552444458,0.5231095552444458,4.7486186027526855,,0.4649497284629379,0.5183176575102206,0.4985712195115594,0.44676693277730506
amazon-ratings,TAG,2,512,3e-05,0,1900,acc,0.9985301494598389,0.9985301494598389,0.004873176105320454,,0.9981849821610069,0.998530129085668,0.998082174600305,0.9982884442569023,acc,0.5157602429389954,0.5157602429389954,3.83011794090271,,0.464374884993615,0.5143655667905007,0.4684887751112381,0.4621704279836371,acc,0.5332353115081787,0.5332353115081787,3.6990840435028076,,0.47951017853637123,0.5305411944334026,0.4885412240886825,0.47372431199433845
amazon-ratings,TAG,2,512,3e-05,1,1760,acc,0.9986118078231812,0.9986118078231812,0.005269182380288839,,0.9983423477711743,0.9986116929106915,0.9981076669982917,0.998578945093751,acc,0.5312755107879639,0.5312755107879639,3.5912532806396484,,0.4768198203740476,0.5290236806802805,0.4832923374544816,0.4726529650074971,acc,0.5229462385177612,0.5229462385177612,3.633472204208374,,0.46909370243009674,0.5210062291850989,0.4728471740335113,0.4670105659680754
amazon-ratings,TAG,2,512,3e-05,2,1670,acc,0.9973868727684021,0.9973868727684021,0.0078388387337327,,0.9970809370893932,0.9973868306107146,0.99628315536595,0.9978870377735106,acc,0.5152702927589417,0.5152702927589417,3.544419527053833,,0.4638131594340512,0.5141037387458562,0.46725364249088985,0.46130945155982184,acc,0.5152702927589417,0.5152702927589417,3.5795278549194336,,0.45393308559026363,0.5138230585536154,0.4591233171032143,0.45022000291972847
amazon-ratings,TAG,2,512,3e-05,3,1620,acc,0.9979584813117981,0.9979584813117981,0.008196908980607986,,0.9973686567520901,0.9979590709364173,0.9967199073520693,0.9980218642159875,acc,0.526375949382782,0.526375949382782,3.332097053527832,,0.4747565188918729,0.5240041923350546,0.48376061502074963,0.46810939802345136,acc,0.5242528319358826,0.5242528319358826,3.3409106731414795,,0.4655501130288212,0.5221610893235736,0.47264803970226216,0.4606330989501144
amazon-ratings,TAG,2,512,3e-05,4,1780,acc,0.9984484910964966,0.9984484910964966,0.006143410690128803,,0.9979714014415739,0.9984485809828467,0.9978731705571894,0.998071965213636,acc,0.5400947332382202,0.5400947332382202,3.5601134300231934,,0.4867819480732744,0.5375584554057099,0.4964776744686139,0.4800333908601281,acc,0.52523273229599,0.52523273229599,3.661287784576416,,0.4612962485850954,0.5227757886922333,0.46935893346683166,0.4557328933858732
amazon-ratings,TAG,2,512,3e-05,5,990,acc,0.9821165800094604,0.9821165800094604,0.06668680161237717,,0.9793825915985414,0.9821326076459025,0.9769840199379647,0.9819302279954186,acc,0.521149754524231,0.521149754524231,2.496730327606201,,0.46046268063161166,0.5183031965334164,0.4684592794111812,0.4566920340332956,acc,0.5113506317138672,0.5113506317138672,2.446031332015991,,0.4551750259026915,0.5090535716416541,0.4606109199256777,0.4521464352480475
amazon-ratings,TAG,2,512,3e-05,6,3000,acc,0.9991834163665771,0.9991834163665771,0.002623411826789379,,0.9989866789625742,0.9991833780151961,0.9988544103110606,0.9991195872205877,acc,0.529315710067749,0.529315710067749,4.783993244171143,,0.4686044066668284,0.5296364743477979,0.4663704323351805,0.471986937270762,acc,0.5247427821159363,0.5247427821159363,4.8458571434021,,0.47568632844707814,0.524152827667993,0.4742605648536422,0.4784169652130064
amazon-ratings,TAG,2,512,3e-05,7,1840,acc,0.998856782913208,0.998856782913208,0.003998742438852787,,0.9985912065538015,0.9988571524381636,0.9985179693156887,0.9986675341172887,acc,0.520006537437439,0.520006537437439,3.8989133834838867,,0.47155534699614937,0.5177787149569372,0.48093223527539913,0.46475415967360423,acc,0.5232728719711304,0.5232728719711304,3.7973732948303223,,0.46354934036114753,0.5213682521752415,0.4707042632692171,0.4581769836019218
amazon-ratings,TAG,2,512,3e-05,8,2780,acc,0.9993467330932617,0.9993467330932617,0.001645310316234827,,0.99915249076485,0.999346730699992,0.9991841895326343,0.9991210161789092,acc,0.531602144241333,0.531602144241333,4.513885498046875,,0.47394071084124745,0.5295626969283169,0.48216687170865014,0.46802045252954205,acc,0.5235995650291443,0.5235995650291443,4.557806015014648,,0.4664190316410625,0.5221669531160819,0.471218664729281,0.4632157071045232
amazon-ratings,TAG,2,512,3e-05,9,1520,acc,0.9968969225883484,0.9968969225883484,0.011638032272458076,,0.9968018325532745,0.9968978753818751,0.9959289568531536,0.997689352015658,acc,0.527519166469574,0.527519166469574,3.224327325820923,,0.4767491330225953,0.5258579348778027,0.48142856986645366,0.4745922452957999,acc,0.5180466771125793,0.5180466771125793,3.314333915710449,,0.46485197710103343,0.5167796833630104,0.4685499115938557,0.46326411594516853
amazon-ratings,TAG,3,512,3e-05,0,2650,acc,0.9989384412765503,0.9989384412765503,0.003339593531563878,,0.9985814953225827,0.9989386691592912,0.9980625143696086,0.99910393794469,acc,0.5226196050643921,0.5226196050643921,4.709150791168213,,0.46610599443901846,0.5222443569866614,0.46412168431273804,0.46972617895758867,acc,0.5218030214309692,0.5218030214309692,4.584944725036621,,0.47446807965868354,0.5204597354156895,0.47222174335013367,0.47988391851643086
amazon-ratings,TAG,3,512,3e-05,1,2230,acc,0.9984484910964966,0.9984484910964966,0.004944510757923126,,0.9983453696713838,0.9984484555776685,0.9979768679787313,0.9987155605457513,acc,0.5309488773345947,0.5309488773345947,4.242010116577148,,0.47961995375742256,0.5293442894884341,0.48225640592939056,0.4787916312268208,acc,0.526375949382782,0.526375949382782,4.230752468109131,,0.4762801411561478,0.5248950792064933,0.479235141709674,0.4754435951399135
