dataset,model,num_layers,hidden_dim,lr,split,best_step,train_metric_name,train_metric,train_acc,train_loss,train_roc_auc,train_f1_macro,train_f1_weighted,train_prec_macro,train_rec_macro,val_metric_name,val_metric,val_acc,val_loss,val_roc_auc,val_f1_macro,val_f1_weighted,val_prec_macro,val_rec_macro,test_metric_name,test_metric,test_acc,test_loss,test_roc_auc,test_f1_macro,test_f1_weighted,test_prec_macro,test_rec_macro
amazon-ratings,ResNet,1,512,3e-05,0,4890,acc,0.9616200923919678,0.9616200923919678,0.13444076478481293,,0.9636123222690063,0.9616528626676695,0.9623276190642173,0.9653725427374029,acc,0.4786868989467621,0.4786868989467621,2.0128026008605957,,0.4253602600023127,0.47308625723456116,0.4597477913378018,0.40866343347654965,acc,0.49322226643562317,0.49322226643562317,1.9063009023666382,,0.43859824633769307,0.4878096969912383,0.47351920041668694,0.42143564835251857
amazon-ratings,ResNet,2,512,3e-05,0,690,acc,0.4324677288532257,0.4324677288532257,1.3141748905181885,,0.23876702381489281,0.36030900295934176,0.44217749753636915,0.2759449059178277,acc,0.3965376317501068,0.3965376317501068,1.376254677772522,,0.20672551173102396,0.32177655660756943,0.3253852793465393,0.24771860367402604,acc,0.39033153653144836,0.39033153653144836,1.371116042137146,,0.20667648747702438,0.3181695531407298,0.4023370613834909,0.24592428283119766
amazon-ratings,ResNet,3,512,3e-05,0,380,acc,0.4110729992389679,0.4110729992389679,1.3491662740707397,,0.20065611483788337,0.32036696051050373,0.3040247423681673,0.2516954649483956,acc,0.3929446339607239,0.3929446339607239,1.383470058441162,,0.18729093405486555,0.30219898009197166,0.2761939715817149,0.2379500827692839,acc,0.38690185546875,0.38690185546875,1.3808180093765259,,0.18501451267054453,0.29808743337093146,0.2876021552920175,0.23512614942968724
amazon-ratings,ResNet,4,512,3e-05,0,4290,acc,0.9831781983375549,0.9831781983375549,0.06625160574913025,,0.9828766393955126,0.9831814742516057,0.9803055227533484,0.9855729794968038,acc,0.488812655210495,0.488812655210495,2.1692004203796387,,0.4325946416560651,0.4822254692617711,0.47532724899690787,0.41336883185756934,acc,0.4999183416366577,0.4999183416366577,2.065617561340332,,0.4424146763769505,0.494095451877717,0.4806401415942084,0.4239915077219001
amazon-ratings,ResNet,5,512,3e-05,0,450,acc,0.4096031188964844,0.4096031188964844,1.3537379503250122,,0.19813577072862598,0.3172149966312983,0.24504938073295773,0.2514246252358713,acc,0.39196473360061646,0.39196473360061646,1.385368824005127,,0.1868068955160749,0.3014047010913238,0.20595210683859086,0.2383501332911911,acc,0.38559529185295105,0.38559529185295105,1.3819736242294312,,0.1844574065885853,0.29717992749497246,0.15363760278846134,0.23540179489677718
amazon-ratings,ResNet,1,512,3e-05,1,5000,acc,0.9581904411315918,0.9581904411315918,0.14058634638786316,,0.9615990813448295,0.958205273054441,0.9657231592714293,0.9579249017676515,acc,0.48946595191955566,0.48946595191955566,2.018775701522827,,0.4253893458103269,0.48199764607872764,0.467019293540324,0.4069985145210039,acc,0.4914257526397705,0.4914257526397705,1.997324824333191,,0.4370987018940494,0.4848560013172423,0.48959863530764614,0.4154462363714105
amazon-ratings,ResNet,2,512,3e-05,1,4880,acc,0.9861178994178772,0.9861178994178772,0.053923796862363815,,0.9860095832272652,0.9861108536870383,0.9850349729887522,0.9870298297560721,acc,0.4871794879436493,0.4871794879436493,2.2088863849639893,,0.432030553930007,0.4803627805703695,0.46414516373894654,0.41548143460992043,acc,0.4951820969581604,0.4951820969581604,2.189997434616089,,0.4369510892873299,0.48859824716497735,0.4750470741324124,0.4184546014119671
amazon-ratings,ResNet,3,512,3e-05,1,4950,acc,0.9878327250480652,0.9878327250480652,0.043134626001119614,,0.986816571687317,0.987832580289836,0.984162992972446,0.9895568815038731,acc,0.49158909916877747,0.49158909916877747,2.2383267879486084,,0.4349322687848132,0.4858338976038997,0.4731684877427413,0.416489533419724,acc,0.49877509474754333,0.49877509474754333,2.2200164794921875,,0.4457986484327555,0.49344766907546594,0.4873474535294887,0.4259194459107025
amazon-ratings,ResNet,4,512,3e-05,1,4150,acc,0.9832598567008972,0.9832598567008972,0.06424959748983383,,0.9834012653439398,0.9832538354335342,0.9823582367451404,0.9845235112817241,acc,0.4907724857330322,0.4907724857330322,2.173679828643799,,0.4390156202651199,0.48490868849195695,0.482830994046265,0.41870819981125057,acc,0.49485546350479126,0.49485546350479126,2.151870012283325,,0.43793186006237317,0.48792021379963607,0.48422638239441174,0.41819957448414824
amazon-ratings,ResNet,5,512,3e-05,1,4540,acc,0.9866078495979309,0.9866078495979309,0.044110506772994995,,0.9854899910102446,0.986604154560864,0.982682933095661,0.9883916359211031,acc,0.4924056828022003,0.4924056828022003,2.280977487564087,,0.43784955454941177,0.4862849015738427,0.47997057991093417,0.41788379994759445,acc,0.4937122166156769,0.4937122166156769,2.2605748176574707,,0.44219408356202033,0.4877694388325881,0.4886337222096956,0.4208676644618075
amazon-ratings,ResNet,1,512,3e-05,2,4990,acc,0.9590070247650146,0.9590070247650146,0.13787983357906342,,0.9627793997763684,0.9590517293270086,0.9633001637849923,0.9627710206335675,acc,0.48211660981178284,0.48211660981178284,1.938433051109314,,0.43050791931409005,0.47615654268691077,0.4729262116378359,0.41131248444017665,acc,0.48538297414779663,0.48538297414779663,1.990718126296997,,0.4185431356644799,0.47924819014498127,0.455781647281318,0.40226832216587044
amazon-ratings,ResNet,2,512,3e-05,2,3960,acc,0.9649681448936462,0.9649681448936462,0.12078157812356949,,0.966334377819513,0.9649528964234085,0.9683819476705189,0.964565960049476,acc,0.48570960760116577,0.48570960760116577,2.0578250885009766,,0.4287227236987798,0.47879859596346286,0.4704190183466229,0.40918477868183967,acc,0.4870161712169647,0.4870161712169647,2.0707623958587646,,0.415145474278369,0.47920104479123127,0.45301962262035733,0.3986554737513664
amazon-ratings,ResNet,3,512,3e-05,2,4930,acc,0.9847297072410583,0.9847297072410583,0.05469992011785507,,0.9837740288082528,0.9847316090388093,0.9805243946050906,0.9872040777401653,acc,0.49109911918640137,0.49109911918640137,2.205606460571289,,0.4334276978910457,0.4844728012157904,0.47520283868572044,0.4142795322388582,acc,0.49224236607551575,0.49224236607551575,2.217458724975586,,0.4200304340966598,0.48495442756972806,0.46124344586410027,0.4031058084800499
amazon-ratings,ResNet,4,512,3e-05,2,4350,acc,0.9836681485176086,0.9836681485176086,0.05912487953901291,,0.9834279374032124,0.9836677473209805,0.9820187770410804,0.9849189878772926,acc,0.494202196598053,0.494202196598053,2.2171878814697266,,0.4364262065413097,0.48656524180257,0.48652682340027964,0.41497244145177026,acc,0.4979585111141205,0.4979585111141205,2.218816041946411,,0.43346025482949857,0.4899172766796491,0.4900633139647047,0.4113569570574115
amazon-ratings,ResNet,5,512,3e-05,2,3890,acc,0.9769720435142517,0.9769720435142517,0.07995333522558212,,0.9783231023075283,0.9769741792579998,0.9763223151346849,0.9805520911463648,acc,0.49436551332473755,0.49436551332473755,2.1834919452667236,,0.4368932839065402,0.48745289838532113,0.47900513215036156,0.4180361090767516,acc,0.4935488998889923,0.4935488998889923,2.2016873359680176,,0.4261522793475379,0.486290327205044,0.47125968081553155,0.4077075854562806
amazon-ratings,ResNet,1,512,3e-05,3,4910,acc,0.9569655060768127,0.9569655060768127,0.14585711061954498,,0.9598948739893526,0.9569989164692019,0.9634371578766372,0.9567425559425583,acc,0.48848602175712585,0.48848602175712585,1.90250563621521,,0.4336432540666547,0.48173484388882754,0.48561088192804214,0.41191359658756277,acc,0.48799607157707214,0.48799607157707214,1.9931225776672363,,0.4192809956736041,0.48129942140514953,0.46494679888726476,0.40133964261616545
amazon-ratings,ResNet,2,512,3e-05,3,3900,acc,0.9692960977554321,0.9692960977554321,0.11576496064662933,,0.9695238371889496,0.9692950236457261,0.9714811560956733,0.967699196922388,acc,0.5022047758102417,0.5022047758102417,1.9689712524414062,,0.4453000559441612,0.4949109264634385,0.49522715218289354,0.4234443273875721,acc,0.4881593883037567,0.4881593883037567,2.049565076828003,,0.42644427264958057,0.4818425380195847,0.47570956901276223,0.4064179206692343
amazon-ratings,ResNet,3,512,3e-05,3,4720,acc,0.9857096076011658,0.9857096076011658,0.055774249136447906,,0.9851790682257227,0.9857069420236849,0.9832554319693774,0.9871647484795784,acc,0.503511369228363,0.503511369228363,2.115177631378174,,0.4475526282931927,0.4965603825871151,0.49317254293743684,0.4264486042002148,acc,0.49126243591308594,0.49126243591308594,2.1900479793548584,,0.4246681518167172,0.48418569581927,0.47191539892989914,0.4055720184487391
amazon-ratings,ResNet,4,512,3e-05,3,4290,acc,0.9857912659645081,0.9857912659645081,0.05338333919644356,,0.9848363189057808,0.985789866108227,0.9823184402668754,0.9874388876758076,acc,0.4973052442073822,0.4973052442073822,2.1356306076049805,,0.4469501866394805,0.49154511867633605,0.48356625130533126,0.42795392568418994,acc,0.4907724857330322,0.4907724857330322,2.180422782897949,,0.4238451488644457,0.4841939072088295,0.4629834923815931,0.4062771632431567
amazon-ratings,ResNet,5,512,3e-05,3,4900,acc,0.988404393196106,0.988404393196106,0.04218012094497681,,0.9875063920045362,0.9884030436095642,0.985419368985537,0.9896544389767119,acc,0.501714825630188,0.501714825630188,2.2130630016326904,,0.4453965333333376,0.4944783376732815,0.4861983367853119,0.4260936203910267,acc,0.4930589497089386,0.4930589497089386,2.2659378051757812,,0.42654232609658893,0.48672203124392954,0.46677229988084934,0.4094987085359046
amazon-ratings,ResNet,1,512,3e-05,4,4960,acc,0.9674178957939148,0.9674178957939148,0.1189134493470192,,0.9696563623081715,0.9674281969078831,0.9687810450362765,0.970812057720007,acc,0.49877509474754333,0.49877509474754333,1.9965132474899292,,0.43221719803618763,0.4919932371132751,0.46761243188420176,0.41501595353884213,acc,0.49126243591308594,0.49126243591308594,2.011531352996826,,0.41956089797489976,0.48383439585909266,0.4547373933255411,0.4039002122507428
amazon-ratings,ResNet,2,512,3e-05,4,4420,acc,0.979421854019165,0.979421854019165,0.07353395968675613,,0.9785045906259698,0.9794341665652081,0.9752188845717816,0.9820647978760725,acc,0.4995917081832886,0.4995917081832886,2.055269241333008,,0.43730604530442607,0.4928558395461617,0.4781910680395125,0.4183134943236487,acc,0.4984484612941742,0.4984484612941742,2.0886473655700684,,0.4294310137782591,0.49152380839957205,0.4693273961901895,0.41155344131118204
amazon-ratings,ResNet,3,512,3e-05,4,4660,acc,0.9858729243278503,0.9858729243278503,0.052725668996572495,,0.9839324118659316,0.9858848631589019,0.9804685755524141,0.9876291734791378,acc,0.5031847357749939,0.5031847357749939,2.0957589149475098,,0.4406660799068593,0.4970459977943289,0.47965161315200283,0.4220248825090606,acc,0.5038380026817322,0.5038380026817322,2.1445086002349854,,0.43134517654743326,0.49645649418280685,0.47311913541348716,0.4133866549789773
amazon-ratings,ResNet,4,512,3e-05,4,4820,acc,0.988077700138092,0.988077700138092,0.03571709617972374,,0.9853703892257727,0.9880972725159516,0.980734830507059,0.990295233885629,acc,0.503511369228363,0.503511369228363,2.243159294128418,,0.44242471948502854,0.49752722509689257,0.4795924119147921,0.4242698815653155,acc,0.499428391456604,0.499428391456604,2.281980514526367,,0.42867127402559957,0.49221468852762856,0.4646695449965172,0.4121985965592788
amazon-ratings,ResNet,5,512,3e-05,4,4470,acc,0.9871794581413269,0.9871794581413269,0.042804054915905,,0.9851764214361042,0.9871950291870994,0.9809549419529183,0.989665601694934,acc,0.5010615587234497,0.5010615587234497,2.209918737411499,,0.43694391797127563,0.49536802024231386,0.4716665200084834,0.42044550054358154,acc,0.49273231625556946,0.49273231625556946,2.243121862411499,,0.4286003787559163,0.48664778178377277,0.46932469647477665,0.41057899722838365
amazon-ratings,ResNet,1,512,3e-05,5,3810,acc,0.9185856580734253,0.9185856580734253,0.2533504366874695,,0.9213230947475051,0.918690090831778,0.933862497560178,0.910895523442718,acc,0.49060916900634766,0.49060916900634766,1.7980408668518066,,0.4195465170871729,0.4822307575008791,0.4636044649119288,0.40228676979504074,acc,0.475910484790802,0.475910484790802,1.8294792175292969,,0.4135519439500186,0.4685183742687491,0.4566842860910369,0.3960724257928912
amazon-ratings,ResNet,2,512,3e-05,5,4070,acc,0.9767270684242249,0.9767270684242249,0.09285685420036316,,0.975180748905809,0.9767224588234041,0.973647750191103,0.9768566541057015,acc,0.5007349252700806,0.5007349252700806,2.013521909713745,,0.4360764552932935,0.4941078263187689,0.47553209336809293,0.4179075556847572,acc,0.494202196598053,0.494202196598053,2.067164182662964,,0.4348638227486905,0.48855581256181874,0.4656063158250096,0.4189168077050086
amazon-ratings,ResNet,3,512,3e-05,5,4400,acc,0.9830965399742126,0.9830965399742126,0.0630699098110199,,0.9821711310699175,0.9830995844274394,0.9793501603156421,0.985100608082951,acc,0.5002449750900269,0.5002449750900269,2.0789096355438232,,0.43441386286833283,0.49299788590509636,0.473084940864966,0.41636748841615245,acc,0.49648863077163696,0.49648863077163696,2.101266384124756,,0.4327012557143871,0.48972942797402236,0.46388539116915356,0.41678639880703655
amazon-ratings,ResNet,4,512,3e-05,5,4110,acc,0.9778702855110168,0.9778702855110168,0.08391540497541428,,0.9774304500934395,0.9778700645870267,0.9750861506677049,0.9799485067761557,acc,0.503511369228363,0.503511369228363,2.047736167907715,,0.4362170549337131,0.49567950260949906,0.46988513497182927,0.4205795049340849,acc,0.4924056828022003,0.4924056828022003,2.0695924758911133,,0.43282776144047774,0.48661670241043997,0.46362706199395654,0.41693406300877556
amazon-ratings,ResNet,5,512,3e-05,5,4570,acc,0.988404393196106,0.988404393196106,0.03971346467733383,,0.9868128946804688,0.9884092223455915,0.9831818725517378,0.990587882276024,acc,0.5077576041221619,0.5077576041221619,2.2333085536956787,,0.44297670519017895,0.5007863790410126,0.4803281049924502,0.4255679337019725,acc,0.4951820969581604,0.4951820969581604,2.283630609512329,,0.4289701943763413,0.48884329897980416,0.4607871884094926,0.41348333033110984
amazon-ratings,ResNet,1,512,3e-05,6,4990,acc,0.9694594144821167,0.9694594144821167,0.11053920537233353,,0.9708681361723602,0.9694580804190214,0.9700222736157011,0.9718842564902068,acc,0.4989384114742279,0.4989384114742279,2.004617929458618,,0.4438109247334542,0.49479906433129367,0.469208862286806,0.42918960999188077,acc,0.4924056828022003,0.4924056828022003,2.037003993988037,,0.43618980743630953,0.4879938160555792,0.4608730659494724,0.42236085676213236
amazon-ratings,ResNet,2,512,3e-05,6,4800,acc,0.9839947819709778,0.9839947819709778,0.056569840759038925,,0.9836295746185092,0.9839920582037847,0.982938980113382,0.9843846238173123,acc,0.5049812197685242,0.5049812197685242,2.160890579223633,,0.44712050407150955,0.4991610894354682,0.4839084247861529,0.42818746359068915,acc,0.5044912695884705,0.5044912695884705,2.1925928592681885,,0.446744190186005,0.4982216484554226,0.48584477343197197,0.4271543210231097
amazon-ratings,ResNet,3,512,3e-05,6,4400,acc,0.9832598567008972,0.9832598567008972,0.06176698952913284,,0.982687471178374,0.9832600924117927,0.9807382749156132,0.984725427487177,acc,0.5067777037620544,0.5067777037620544,2.1177382469177246,,0.44737728593658305,0.5008676587452273,0.490729400853549,0.4271078515503296,acc,0.4956720471382141,0.4956720471382141,2.165968894958496,,0.43719165891143286,0.4900766792399207,0.4806993928263165,0.417142522985842
amazon-ratings,ResNet,4,512,3e-05,6,4050,acc,0.9838314652442932,0.9838314652442932,0.05839681252837181,,0.9823279864511948,0.9838400528861462,0.9780759489364742,0.9868617631609098,acc,0.5054711699485779,0.5054711699485779,2.139326333999634,,0.4495316032194093,0.5002301766426509,0.4900070585882805,0.4299056665408182,acc,0.49648863077163696,0.49648863077163696,2.1733133792877197,,0.4400053293681604,0.4909143043058771,0.4799406645578683,0.4211345802267356
amazon-ratings,ResNet,5,512,3e-05,6,4790,acc,0.9897109270095825,0.9897109270095825,0.03552350774407387,,0.9875184493152169,0.9897204162788719,0.9836361846240527,0.9915834111652432,acc,0.5020414590835571,0.5020414590835571,2.2779088020324707,,0.4488812960929417,0.49777668891040294,0.4815166982343895,0.4311778122647234,acc,0.49861177802085876,0.49861177802085876,2.312154769897461,,0.43972819241671834,0.493831951381784,0.46919774426203603,0.4242119782151425
amazon-ratings,ResNet,1,512,3e-05,7,4920,acc,0.9618650674819946,0.9618650674819946,0.13381154835224152,,0.9651746651312137,0.961917994380456,0.964473973056163,0.9664051241754452,acc,0.4827698767185211,0.4827698767185211,2.040257215499878,,0.4210839714519685,0.4767626538208972,0.4508720665337556,0.4069992740952082,acc,0.48146334290504456,0.48146334290504456,2.0089895725250244,,0.4223674813239631,0.4753013450718839,0.4642484362340501,0.4040699224490167
amazon-ratings,ResNet,2,512,3e-05,7,3720,acc,0.956475555896759,0.956475555896759,0.14723120629787445,,0.958986727498818,0.9565230491602955,0.9621783431306236,0.9562528002079848,acc,0.4829331934452057,0.4829331934452057,1.9806394577026367,,0.4219118831979437,0.47671786754306494,0.4605086705603676,0.40394300601934424,acc,0.4834231436252594,0.4834231436252594,1.9678692817687988,,0.41998852631887873,0.47701172343384557,0.46155682054573416,0.401943980319354
amazon-ratings,ResNet,3,512,3e-05,7,4660,acc,0.9839131236076355,0.9839131236076355,0.060077499598264694,,0.9842075269919986,0.9839117170781598,0.9822050958080736,0.9863060497776702,acc,0.4870161712169647,0.4870161712169647,2.1945972442626953,,0.42693967067701866,0.4804009330720584,0.4663425736928595,0.4082213551912755,acc,0.4920790493488312,0.4920790493488312,2.1701114177703857,,0.4300962632486295,0.4851054834651411,0.4705021282071412,0.41141689365241485
amazon-ratings,ResNet,4,512,3e-05,7,3690,acc,0.971255898475647,0.971255898475647,0.10253103077411652,,0.9725280363211454,0.9712957226200982,0.9696161507206197,0.9759461124891026,acc,0.4844030737876892,0.4844030737876892,2.088709831237793,,0.4227905743444973,0.47815299248221305,0.4536567429314423,0.40869452649849486,acc,0.48897600173950195,0.48897600173950195,2.07236647605896,,0.427153436011461,0.48212366266846596,0.4660586590446399,0.40963356846387206
amazon-ratings,ResNet,5,512,3e-05,7,4920,acc,0.9896292686462402,0.9896292686462402,0.03348185122013092,,0.9883678295792901,0.9896341766340591,0.9851637558497999,0.9917018382091426,acc,0.48848602175712585,0.48848602175712585,2.357530117034912,,0.4303510201956918,0.4818870970396181,0.46974279812165387,0.41166261975412793,acc,0.49534541368484497,0.49534541368484497,2.3224644660949707,,0.43789356132845436,0.48878629493986975,0.48077774589006284,0.41799677244641015
amazon-ratings,ResNet,1,512,3e-05,8,3770,acc,0.9118079543113708,0.9118079543113708,0.26165565848350525,,0.9125336138532122,0.911949918742769,0.9284922587920443,0.89964804645005,acc,0.4786868989467621,0.4786868989467621,1.873742699623108,,0.4134200062263879,0.47108115471330875,0.4584294339979064,0.39593550921175646,acc,0.4705209732055664,0.4705209732055664,1.8574790954589844,,0.41201826366903394,0.46357340756893906,0.46450124308833535,0.39234354044858777
amazon-ratings,ResNet,2,512,3e-05,8,3630,acc,0.9456148743629456,0.9456148743629456,0.18186847865581512,,0.9445903241085107,0.9456465090970487,0.9507018409486623,0.9390857500798709,acc,0.47983014583587646,0.47983014583587646,1.986538052558899,,0.41696160018785455,0.47341065994074893,0.4479425643850842,0.4016035168357246,acc,0.4768904149532318,0.4768904149532318,1.9530878067016602,,0.41878306392229286,0.4705518846865839,0.4597786951623247,0.39984944876911427
amazon-ratings,ResNet,3,512,3e-05,8,3960,acc,0.9768087267875671,0.9768087267875671,0.0826357901096344,,0.9764088673816153,0.9767994290000241,0.9736974844729044,0.9793049008973274,acc,0.486526221036911,0.486526221036911,2.129849433898926,,0.42603574710959957,0.4807188861172023,0.45217849933002885,0.4121338051297328,acc,0.48130002617836,0.48130002617836,2.118145227432251,,0.4227419747079173,0.47544317192457086,0.45246395229242015,0.40763209525858457
amazon-ratings,ResNet,4,512,3e-05,8,4430,acc,0.9866078495979309,0.9866078495979309,0.049928680062294006,,0.9854220748167485,0.9866097195137139,0.981854026340945,0.9891611931405568,acc,0.4909358024597168,0.4909358024597168,2.2591912746429443,,0.42553855448771466,0.48480079937350823,0.45126991402188743,0.41197993452881077,acc,0.48538297414779663,0.48538297414779663,2.261319637298584,,0.42957553348305144,0.47933737153005196,0.46373574679532653,0.4121909272888777
amazon-ratings,ResNet,5,512,3e-05,8,4420,acc,0.9864445328712463,0.9864445328712463,0.048440467566251755,,0.9860488646834383,0.9864443321796955,0.98270924878417,0.9895085893536575,acc,0.49273231625556946,0.49273231625556946,2.279024362564087,,0.4345120941819533,0.48727150662614815,0.462234641834628,0.41948178347531434,acc,0.4834231436252594,0.4834231436252594,2.262425184249878,,0.42355881438486104,0.4775201572086479,0.4552250254248994,0.40768036483345976
amazon-ratings,ResNet,1,512,3e-05,9,4930,acc,0.9628450274467468,0.9628450274467468,0.14045047760009766,,0.9651693520055107,0.9628535438101334,0.9668183673915427,0.9636795196179803,acc,0.4780336320400238,0.4780336320400238,1.9064546823501587,,0.42626247095831893,0.47305151444784166,0.46571763796021726,0.4073368335657842,acc,0.4886493384838104,0.4886493384838104,1.884797215461731,,0.4203494507344561,0.4825050273641584,0.4558110280713101,0.404437325851724
amazon-ratings,ResNet,2,512,3e-05,9,4460,acc,0.981136679649353,0.981136679649353,0.06059666723012924,,0.9802379250768711,0.9811369839588844,0.9776214261610763,0.9829689077678585,acc,0.48358646035194397,0.48358646035194397,2.2322795391082764,,0.4356920005813999,0.4786904549271928,0.46915437772547747,0.41824518137658384,acc,0.4973052442073822,0.4973052442073822,2.1639649868011475,,0.4314114498377698,0.4914781417161545,0.4616456411062851,0.4168101542947471
amazon-ratings,ResNet,3,512,3e-05,9,4960,acc,0.9868528246879578,0.9868528246879578,0.04355931654572487,,0.9852787248728747,0.9868568534485429,0.982248681784319,0.9884058566251224,acc,0.49175241589546204,0.49175241589546204,2.224553108215332,,0.4446987175372836,0.4868413491297307,0.48591149315033455,0.42380197078939563,acc,0.4968152940273285,0.4968152940273285,2.1848227977752686,,0.42602372932632654,0.4906655935962397,0.46097446417168486,0.4102381706042587
amazon-ratings,ResNet,4,512,3e-05,9,4940,acc,0.9868528246879578,0.9868528246879578,0.044848956167697906,,0.985099908834518,0.9868582633867864,0.9820254972470961,0.9882827648465968,acc,0.49126243591308594,0.49126243591308594,2.232621192932129,,0.4389338203160428,0.48628860141011204,0.4759930542652925,0.41983933297815473,acc,0.5008982419967651,0.5008982419967651,2.1970393657684326,,0.431918709645311,0.49498313536504857,0.4645136808693433,0.41622704406721944
amazon-ratings,ResNet,5,512,3e-05,9,4670,acc,0.9864445328712463,0.9864445328712463,0.04133429378271103,,0.9849235385074046,0.9864499639044433,0.9814627314646927,0.9885114684026757,acc,0.49126243591308594,0.49126243591308594,2.2866616249084473,,0.4409012428443166,0.48640842954145697,0.47839165778134574,0.42181192055231065,acc,0.4999183416366577,0.4999183416366577,2.235107183456421,,0.42966930763547334,0.4936475288315097,0.4636284250920232,0.41424350765194334
amazon-ratings,GCN,1,512,3e-05,0,4420,acc,0.8963743448257446,0.8963743448257446,0.30239126086235046,,0.9005634090619521,0.8964696356018763,0.9020131577023374,0.9001437801209784,acc,0.5020414590835571,0.5020414590835571,1.796650767326355,,0.4402849379636938,0.498820526097447,0.45066658694849754,0.43328197375124844,acc,0.48734280467033386,0.48734280467033386,1.7804795503616333,,0.4324654822882897,0.48312650902323845,0.44755285323662236,0.4233163028430519
amazon-ratings,GCN,2,512,3e-05,0,1850,acc,0.7161521911621094,0.7161521911621094,0.6610373854637146,,0.6907137373702077,0.7137808267634536,0.7242845976487148,0.6754565916367392,acc,0.5025314092636108,0.5025314092636108,1.5150377750396729,,0.43528846574363306,0.4949916880213438,0.45029752674321893,0.43306423119747367,acc,0.500571608543396,0.500571608543396,1.4778952598571777,,0.4400520180844416,0.4915651951572757,0.46065706417954433,0.4350514388517891
amazon-ratings,GCN,3,512,3e-05,0,2460,acc,0.7591050267219543,0.7591050267219543,0.5370556116104126,,0.7454016160771219,0.7586609212937777,0.7603496941229233,0.7373687169403526,acc,0.5044912695884705,0.5044912695884705,1.9369148015975952,,0.4442286359594238,0.5012273550995626,0.44783370259046346,0.44521997719556855,acc,0.49109911918640137,0.49109911918640137,1.901551365852356,,0.43515456680652775,0.48606184753956777,0.4452309415063178,0.43191282313090956
amazon-ratings,GCN,4,512,3e-05,0,2040,acc,0.7395067811012268,0.7395067811012268,0.5826329588890076,,0.7195961109133722,0.738155023174806,0.740621813897144,0.7092947056612416,acc,0.5040013194084167,0.5040013194084167,1.8804535865783691,,0.43851460518491503,0.4993666156989421,0.4467665069133604,0.43691710637475734,acc,0.4937122166156769,0.4937122166156769,1.844366431236267,,0.4339867088553565,0.4876779882462888,0.44560638473767716,0.43072671335057044
amazon-ratings,GCN,5,512,3e-05,0,2630,acc,0.7936468720436096,0.7936468720436096,0.47351813316345215,,0.7773669263616831,0.7934569409915364,0.7761088996147685,0.7850899010083844,acc,0.5013881921768188,0.5013881921768188,2.277869939804077,,0.4470956535804668,0.4996118783974812,0.44561178588064154,0.4518190600504914,acc,0.49289563298225403,0.49289563298225403,2.2432358264923096,,0.43917227706690937,0.4897747626353293,0.44010082220495494,0.44213632313234513
amazon-ratings,GCN,1,512,3e-05,1,3590,acc,0.8313735127449036,0.8313735127449036,0.4526841938495636,,0.8286472291876066,0.8309582379480713,0.8496245148017044,0.8125232437368253,acc,0.48848602175712585,0.48848602175712585,1.62906813621521,,0.4199840127021444,0.48093029897473477,0.44212923249431724,0.4081675210627333,acc,0.494202196598053,0.494202196598053,1.5859370231628418,,0.432833569699653,0.4885366698698554,0.4537317778521449,0.42095989169391973
amazon-ratings,GCN,2,512,3e-05,1,1600,acc,0.6762207746505737,0.6762207746505737,0.7728436589241028,,0.6321516960214291,0.6706227088991309,0.6884416855594662,0.6072770515490392,acc,0.5023680925369263,0.5023680925369263,1.3861801624298096,,0.4255494251951342,0.4880686918069056,0.4649903561608326,0.41513820427111964,acc,0.4946921467781067,0.4946921467781067,1.3675220012664795,,0.42290975831600797,0.4831157096765348,0.4544599691260392,0.41357657016905724
amazon-ratings,GCN,3,512,3e-05,1,2200,acc,0.729707658290863,0.729707658290863,0.6101517677307129,,0.6978565530097747,0.7276060027973512,0.7301397468475963,0.6784194019494735,acc,0.5002449750900269,0.5002449750900269,1.6745805740356445,,0.43564730724259215,0.4932813785505006,0.4527708358465138,0.42804663984842833,acc,0.5022047758102417,0.5022047758102417,1.6614586114883423,,0.44006231730318657,0.49652187352122346,0.45643359664672706,0.4322020803261877
amazon-ratings,GCN,4,512,3e-05,1,2080,acc,0.7286460995674133,0.7286460995674133,0.6078201532363892,,0.6987839786036745,0.7262770006264224,0.7299762395318116,0.6816503141690623,acc,0.49599868059158325,0.49599868059158325,1.8177735805511475,,0.43357181158520175,0.48825399824669,0.4538581083718727,0.42552062863893686,acc,0.5064510703086853,0.5064510703086853,1.7781380414962769,,0.4430436867576047,0.49978011270804673,0.4576539568757457,0.4381764467513622
amazon-ratings,GCN,5,512,3e-05,1,2090,acc,0.7329740524291992,0.7329740524291992,0.6038442850112915,,0.7076256890125832,0.7318811639786955,0.7221049467662184,0.7018596556634993,acc,0.4925689995288849,0.4925689995288849,1.8547741174697876,,0.4318720102896762,0.48650979587765336,0.4415927279729388,0.4292450584822694,acc,0.4989384114742279,0.4989384114742279,1.8160607814788818,,0.4404527861151881,0.4941717690497703,0.44735181878487323,0.43927030138051765
amazon-ratings,GCN,1,512,3e-05,2,2680,acc,0.7573901414871216,0.7573901414871216,0.6325530409812927,,0.7333193828712766,0.7551091207111059,0.7873529537957553,0.701175291896653,acc,0.49338558316230774,0.49338558316230774,1.4686063528060913,,0.41240712829787524,0.4832636954146879,0.45860666565219177,0.39734717015916166,acc,0.48048341274261475,0.48048341274261475,1.446460485458374,,0.4103467139947736,0.4722246512080228,0.4550153085250626,0.39415062106375787
amazon-ratings,GCN,2,512,3e-05,2,2140,acc,0.7506940960884094,0.7506940960884094,0.5775116682052612,,0.7376876786360097,0.7494128370279023,0.7582247407026157,0.7310853295793074,acc,0.5012248754501343,0.5012248754501343,1.6161636114120483,,0.44102118711022864,0.49459709251768924,0.45425082770214076,0.4387794091007519,acc,0.49599868059158325,0.49599868059158325,1.627418041229248,,0.4362327984483153,0.49008518046299243,0.4522810919734484,0.4317350180913935
amazon-ratings,GCN,3,512,3e-05,2,4070,acc,0.8455005884170532,0.8455005884170532,0.36152908205986023,,0.8376853727170992,0.8455373149112011,0.8396225552592856,0.8403659118162,acc,0.5018781423568726,0.5018781423568726,2.4996697902679443,,0.44411451793576406,0.4995998528797299,0.4483454699987,0.4433778117630016,acc,0.4982851445674896,0.4982851445674896,2.521721363067627,,0.4427393041960504,0.49664440186837755,0.44533515147043146,0.4429927221606385
amazon-ratings,GCN,4,512,3e-05,2,1350,acc,0.642413854598999,0.642413854598999,0.8126593828201294,,0.6025407829731682,0.6363860983723307,0.6415850529541788,0.5899387134981664,acc,0.48407644033432007,0.48407644033432007,1.3951473236083984,,0.4126766683354572,0.47299665943018204,0.4355661234604895,0.41032945466382464,acc,0.48325982689857483,0.48325982689857483,1.4135428667068481,,0.4086173048423009,0.4727819579565523,0.4313923506437762,0.4055100318338199
amazon-ratings,GCN,5,512,3e-05,2,4470,acc,0.8905764818191528,0.8905764818191528,0.26516643166542053,,0.8809305372151932,0.8907703794972078,0.872996704166983,0.8911056444221191,acc,0.4958353638648987,0.4958353638648987,3.1466119289398193,,0.4365832721181883,0.49557686248306837,0.4363818038535071,0.4377847412601361,acc,0.4902825355529785,0.4902825355529785,3.19677734375,,0.4364306794120735,0.49022162696784366,0.4345876549236875,0.4396308018719659
amazon-ratings,GCN,1,512,3e-05,3,3420,acc,0.8429691195487976,0.8429691195487976,0.42098918557167053,,0.8450496130168009,0.8428399663554516,0.8594319321501281,0.834050726847298,acc,0.49550873041152954,0.49550873041152954,1.6119157075881958,,0.42994885868740046,0.48980650797287467,0.44802960433113936,0.4195673626878912,acc,0.48848602175712585,0.48848602175712585,1.643760085105896,,0.42412491974859223,0.48320944534998383,0.4411573139249295,0.4142882978633045
amazon-ratings,GCN,2,512,3e-05,3,3270,acc,0.8229625821113586,0.8229625821113586,0.4122243821620941,,0.8182234622982076,0.8228715664324591,0.8262962407705464,0.8168518096570683,acc,0.5157602429389954,0.5157602429389954,1.963379144668579,,0.4510602569129053,0.5122807563259437,0.45700946548448274,0.45145825418785107,acc,0.5013881921768188,0.5013881921768188,1.9722408056259155,,0.4412101467817539,0.4984844787429075,0.4457485053982938,0.44095736686010517
amazon-ratings,GCN,3,512,3e-05,3,2280,acc,0.7536338567733765,0.7536338567733765,0.5492430925369263,,0.7329510847720592,0.7523945552010697,0.7505805387740564,0.7245614267177707,acc,0.5031847357749939,0.5031847357749939,1.8315942287445068,,0.43923312034441153,0.49875224476083524,0.44711995409879063,0.4375599554659824,acc,0.4891393184661865,0.4891393184661865,1.8424646854400635,,0.42767048943233243,0.4850441898816472,0.43440323284193444,0.4260705766619573
amazon-ratings,GCN,4,512,3e-05,3,2170,acc,0.727992832660675,0.727992832660675,0.6009159088134766,,0.7018285506432339,0.7259503340259438,0.7226099336189084,0.6935475613835513,acc,0.505797803401947,0.505797803401947,1.8139026165008545,,0.44088490143108955,0.5004237605686942,0.4502405342755644,0.43997655040606426,acc,0.4935488998889923,0.4935488998889923,1.8205434083938599,,0.43409762098410765,0.488995951590933,0.44083590425718244,0.4334800877450101
amazon-ratings,GCN,5,512,3e-05,3,1810,acc,0.691082775592804,0.691082775592804,0.6852039098739624,,0.6579073246531767,0.6883025634136117,0.6800734419121033,0.6532206911257379,acc,0.5008982419967651,0.5008982419967651,1.6126142740249634,,0.4334104492951498,0.4946090146685356,0.44528719400665767,0.43383653696083585,acc,0.48358646035194397,0.48358646035194397,1.6264339685440063,,0.42340654431887276,0.4773213556372514,0.43125056294445707,0.42714670864309257
amazon-ratings,GCN,1,512,3e-05,4,4870,acc,0.9114812612533569,0.9114812612533569,0.2596307694911957,,0.9156896370051182,0.9115474950470718,0.9142559595228681,0.9181196910856608,acc,0.50285804271698,0.50285804271698,1.857386827468872,,0.44888457883833566,0.4988814199094839,0.4641102034039661,0.438613354440457,acc,0.49501878023147583,0.49501878023147583,1.9151607751846313,,0.42820836669226753,0.49147643095735266,0.44007531863577753,0.42041710149990824
amazon-ratings,GCN,2,512,3e-05,4,2970,acc,0.8036909699440002,0.8036909699440002,0.4576885998249054,,0.7980031369252342,0.8036138438446996,0.8054784454958238,0.7977436192945425,acc,0.5131471157073975,0.5131471157073975,1.85525381565094,,0.4570130041585842,0.5082485759937632,0.462985430913501,0.4575045234686236,acc,0.5033480525016785,0.5033480525016785,1.909598469734192,,0.4406947791175308,0.49966627497104826,0.445592975169419,0.441059086854776
amazon-ratings,GCN,3,512,3e-05,4,2600,acc,0.769149124622345,0.769149124622345,0.5116410851478577,,0.7527641607763951,0.7687555420053854,0.7704210593703618,0.7439036845821057,acc,0.5102074146270752,0.5102074146270752,2.0378189086914062,,0.45104744667279995,0.5055027440167823,0.4587158668023747,0.4488841897158385,acc,0.4968152940273285,0.4968152940273285,2.088541030883789,,0.4322038664044823,0.49316967232738146,0.43878469601018083,0.4305065638042464
amazon-ratings,GCN,4,512,3e-05,4,2780,acc,0.7738853693008423,0.7738853693008423,0.5124772191047668,,0.7583183049089632,0.7734702889468084,0.7642292774965446,0.7606829021642577,acc,0.5071043372154236,0.5071043372154236,2.1204400062561035,,0.44893733669594404,0.5034682652392367,0.4518072899800864,0.4510608580380566,acc,0.4883227050304413,0.4883227050304413,2.146512746810913,,0.4197968011051132,0.4852501326746351,0.42258428750795024,0.4216852680090463
amazon-ratings,GCN,5,512,3e-05,4,2670,acc,0.7472643852233887,0.7472643852233887,0.5612683296203613,,0.7276691582268093,0.7465410410938716,0.7362180447303039,0.727625097201047,acc,0.5013881921768188,0.5013881921768188,2.0331552028656006,,0.44067572915252384,0.4968329381984956,0.4439471560182704,0.4432001618642721,acc,0.48897600173950195,0.48897600173950195,2.1013998985290527,,0.4215012999721138,0.4858194670394264,0.4240881583428043,0.4237913942583346
amazon-ratings,GCN,1,512,3e-05,5,4970,acc,0.8941695094108582,0.8941695094108582,0.3025139272212982,,0.8960414026422088,0.8942022307724525,0.8936996323634249,0.8996277405366335,acc,0.4946921467781067,0.4946921467781067,1.808603286743164,,0.42984703274378544,0.4915061538494052,0.4380307769943127,0.4243454723021096,acc,0.4961619973182678,0.4961619973182678,1.7863458395004272,,0.4355390592223999,0.49279946831179194,0.44625063023719236,0.42832169273447407
amazon-ratings,GCN,2,512,3e-05,5,4360,acc,0.8687734603881836,0.8687734603881836,0.30182838439941406,,0.8666212359122699,0.8691355102454641,0.8586598964489823,0.8793235021696777,acc,0.5170667767524719,0.5170667767524719,2.379051685333252,,0.4600361976619863,0.5155088930626057,0.46074588768801306,0.4630768784713074,acc,0.51216721534729,0.51216721534729,2.3263227939605713,,0.458566913130171,0.5106031591526337,0.45784171792986444,0.46197427069432495
amazon-ratings,GCN,3,512,3e-05,5,2600,acc,0.7635962963104248,0.7635962963104248,0.5237429141998291,,0.7502989426148525,0.762446603556535,0.7698563838923613,0.7430404975600514,acc,0.5082476139068604,0.5082476139068604,2.0243735313415527,,0.44101486854118593,0.5020596390610916,0.45149884514052047,0.4399366792551893,acc,0.5040013194084167,0.5040013194084167,1.989083170890808,,0.4395851197481127,0.49750572754997774,0.45104762717795455,0.4362993542364556
amazon-ratings,GCN,4,512,3e-05,5,2070,acc,0.6994120478630066,0.6994120478630066,0.6655798554420471,,0.6727983547875634,0.6962948170041616,0.6952677054566603,0.6663244737408799,acc,0.5044912695884705,0.5044912695884705,1.7020199298858643,,0.439159257645965,0.4977041339210163,0.4523328544803782,0.43891561137821755,acc,0.4991017282009125,0.4991017282009125,1.6612862348556519,,0.43689211389706395,0.49132268968365767,0.4496181395472754,0.4357505809616261
amazon-ratings,GCN,5,512,3e-05,5,2260,acc,0.7365670204162598,0.7365670204162598,0.591211199760437,,0.7136379500097298,0.7351427027152172,0.723032921771841,0.7164007649086169,acc,0.49861177802085876,0.49861177802085876,1.8753621578216553,,0.43559575393081473,0.49341452767827054,0.44287173462062845,0.4376704633346429,acc,0.49550873041152954,0.49550873041152954,1.8248162269592285,,0.4326556326348653,0.48954878654290834,0.43803968453127906,0.43516989917746446
amazon-ratings,GCN,1,512,3e-05,6,4480,acc,0.8984158039093018,0.8984158039093018,0.28978100419044495,,0.9028379190564337,0.8984201862246367,0.9036840433742854,0.9028387348711557,acc,0.5015515089035034,0.5015515089035034,1.8196749687194824,,0.43870563265958246,0.49743097931371694,0.4563048382823734,0.42848591610032133,acc,0.4979585111141205,0.4979585111141205,1.8319244384765625,,0.43595860147097076,0.49384607770991007,0.4491841927396991,0.42743113544485245
amazon-ratings,GCN,2,512,3e-05,6,2630,acc,0.7753552198410034,0.7753552198410034,0.518971860408783,,0.765698267832324,0.7747640751718301,0.7887196240841069,0.7539840700657551,acc,0.5147803425788879,0.5147803425788879,1.7042055130004883,,0.4549565118073901,0.5097323726395532,0.4678510233016985,0.4516485851650576,acc,0.5000816583633423,0.5000816583633423,1.7279210090637207,,0.4402904555548378,0.4943229220908709,0.4511132478102967,0.4385804468815662
amazon-ratings,GCN,3,512,3e-05,6,3770,acc,0.8227992653846741,0.8227992653846741,0.40954214334487915,,0.81510447074664,0.8224972063544286,0.8277190480335191,0.806475960364301,acc,0.5041646361351013,0.5041646361351013,2.3264760971069336,,0.4424303020176691,0.5015808929265224,0.45014763947440634,0.4384842241518812,acc,0.499428391456604,0.499428391456604,2.3544485569000244,,0.4437483332675626,0.49663883914987467,0.45132230062848605,0.43984313276635206
amazon-ratings,GCN,4,512,3e-05,6,1960,acc,0.7197452187538147,0.7197452187538147,0.6249412894248962,,0.6961319201331452,0.7179639398234675,0.716397031319586,0.687833812787479,acc,0.4920790493488312,0.4920790493488312,1.755391240119934,,0.4240512024326595,0.48638099578784066,0.4335096163074848,0.42357743149377847,acc,0.49436551332473755,0.49436551332473755,1.7763543128967285,,0.42751794780132624,0.4881719102438348,0.43691338724721074,0.42680221418415665
amazon-ratings,GCN,5,512,3e-05,6,1860,acc,0.7006369233131409,0.7006369233131409,0.6621320843696594,,0.6763147454829999,0.6985845055415723,0.6944705975629488,0.6723885657695823,acc,0.49224236607551575,0.49224236607551575,1.7186219692230225,,0.4209119486180454,0.48531360717217115,0.4317479255612276,0.4222467397160787,acc,0.4803200960159302,0.4803200960159302,1.7546801567077637,,0.4158031895253268,0.4739207737659207,0.42346850794073354,0.4186325334430857
amazon-ratings,GCN,1,512,3e-05,7,2850,acc,0.7569818496704102,0.7569818496704102,0.6246562004089355,,0.7391159983132927,0.7550242341949788,0.7972088318980922,0.7044096605640824,acc,0.4796668291091919,0.4796668291091919,1.4803392887115479,,0.3957159383078821,0.4692890608841229,0.43365783044944867,0.3824711072938417,acc,0.4728074371814728,0.4728074371814728,1.4646390676498413,,0.3958711050436827,0.4632605248101672,0.43227308214313415,0.38182466942062493
amazon-ratings,GCN,2,512,3e-05,7,3170,acc,0.842234194278717,0.842234194278717,0.36858931183815,,0.8403994843953067,0.8425048933166909,0.8380438994385061,0.8477556739680608,acc,0.5036746859550476,0.5036746859550476,2.171905517578125,,0.4489039889145607,0.5016570266087426,0.45039005522289327,0.4507039720489109,acc,0.499428391456604,0.499428391456604,2.157405138015747,,0.44559699317156853,0.4976447318772999,0.4445954867964351,0.44958627042916427
amazon-ratings,GCN,3,512,3e-05,7,1920,acc,0.7155805826187134,0.7155805826187134,0.6321964859962463,,0.687717266227532,0.7132970354230814,0.7263010034006548,0.6692108146135372,acc,0.4930589497089386,0.4930589497089386,1.7253867387771606,,0.42388871159926145,0.4854712553286517,0.43977191618671824,0.41890692849340844,acc,0.4860362410545349,0.4860362410545349,1.7149598598480225,,0.42123391253146947,0.4787552025997779,0.43547792465631874,0.4170563136990541
amazon-ratings,GCN,4,512,3e-05,7,1690,acc,0.6878980994224548,0.6878980994224548,0.6942434310913086,,0.6532561146515279,0.6839334054098667,0.6947327837161995,0.6360817279215865,acc,0.49109911918640137,0.49109911918640137,1.6216312646865845,,0.4149370113638414,0.4828803714782724,0.43051850761536226,0.4110170036138235,acc,0.4816266596317291,0.4816266596317291,1.6116418838500977,,0.40896939078027084,0.47352966816905656,0.4230386293866294,0.4059894561382409
amazon-ratings,GCN,5,512,3e-05,7,1640,acc,0.7074963450431824,0.7074963450431824,0.6552850604057312,,0.6784507921880419,0.7051947758691252,0.7086374747269714,0.6689846416502018,acc,0.4834231436252594,0.4834231436252594,1.7405977249145508,,0.41318346134288253,0.4768098003348289,0.42361006876259494,0.41258322034083506,acc,0.48130002617836,0.48130002617836,1.7315959930419922,,0.413141239202247,0.4750001921696984,0.42305406006069896,0.4127667134344171
amazon-ratings,GCN,1,512,3e-05,8,4780,acc,0.8980891704559326,0.8980891704559326,0.28785496950149536,,0.9036497672451315,0.8981629745756794,0.9070880782883826,0.901730187038444,acc,0.5066143870353699,0.5066143870353699,1.849433183670044,,0.44275456393979074,0.5013103569555024,0.4614983319910926,0.43200629570053833,acc,0.49338558316230774,0.49338558316230774,1.8507918119430542,,0.4244510742424306,0.48743318193845575,0.4428548617086817,0.41502219745403995
amazon-ratings,GCN,2,512,3e-05,8,1950,acc,0.7246447801589966,0.7246447801589966,0.640764057636261,,0.7069752266943035,0.7229809668352617,0.7452954708338237,0.689678461699466,acc,0.5053078532218933,0.5053078532218933,1.5427135229110718,,0.43814333498286623,0.49506999387996836,0.46233510880207423,0.43328506244643183,acc,0.494202196598053,0.494202196598053,1.5511547327041626,,0.4198633098826031,0.4825972221457471,0.4422630545948594,0.41802706954388763
amazon-ratings,GCN,3,512,3e-05,8,2460,acc,0.7643312215805054,0.7643312215805054,0.524625301361084,,0.7485489930951263,0.7633852262944759,0.7766395279396618,0.7324762700702531,acc,0.5043279528617859,0.5043279528617859,2.028059959411621,,0.43635891950680106,0.4983612119028682,0.4498036085527586,0.43258996199719135,acc,0.4968152940273285,0.4968152940273285,2.0565989017486572,,0.4352284869350639,0.4906452231514356,0.44793183377704865,0.4326476801222083
amazon-ratings,GCN,4,512,3e-05,8,2280,acc,0.7569818496704102,0.7569818496704102,0.5530866384506226,,0.7389618665390587,0.7557146882837881,0.7681943999923517,0.7224124214239198,acc,0.5025314092636108,0.5025314092636108,1.968010425567627,,0.43559190217005134,0.49665763366721677,0.44765636864754804,0.43240275404760575,acc,0.49485546350479126,0.49485546350479126,1.9949575662612915,,0.43180403488747937,0.4886661204836033,0.4459242702102875,0.42830026148757694
amazon-ratings,GCN,5,512,3e-05,8,2770,acc,0.7595133185386658,0.7595133185386658,0.5422366261482239,,0.7438778575387217,0.7589176973770032,0.760660155021174,0.7357271717193268,acc,0.4968152940273285,0.4968152940273285,2.05414080619812,,0.43439872021797177,0.4924218369615358,0.442070179363387,0.43393172107550254,acc,0.49387553334236145,0.49387553334236145,2.0920944213867188,,0.43118467999535354,0.48883532676224967,0.43859332747324,0.4318000786537377
amazon-ratings,GCN,1,512,3e-05,9,3660,acc,0.870324969291687,0.870324969291687,0.3558253347873688,,0.8772626428928328,0.870328496503995,0.8800196419564903,0.8767793847752461,acc,0.49338558316230774,0.49338558316230774,1.7110663652420044,,0.4342557057150015,0.48948772187888107,0.4461500268651625,0.4266304573340773,acc,0.4909358024597168,0.4909358024597168,1.7219926118850708,,0.4351177101721115,0.4870306926219005,0.4475630905721468,0.4272618381230693
amazon-ratings,GCN,2,512,3e-05,9,4850,acc,0.875551164150238,0.875551164150238,0.289762407541275,,0.8751875110282669,0.8757067724270745,0.8698969205623772,0.8834576956640596,acc,0.5085742473602295,0.5085742473602295,2.4120163917541504,,0.45832487285184975,0.5072355052421149,0.46025364804024366,0.45879012420679927,acc,0.5038380026817322,0.5038380026817322,2.4367356300354004,,0.45342622811142325,0.5026280531382922,0.45537065375538716,0.4528248303161896
amazon-ratings,GCN,3,512,3e-05,9,1080,acc,0.6290217041969299,0.6290217041969299,0.8603110313415527,,0.5678670680456491,0.6182183659104961,0.6371404256463389,0.5449272450739141,acc,0.48897600173950195,0.48897600173950195,1.3412766456604004,,0.40929890896378396,0.4755244185907305,0.44822583837165436,0.4013914596858644,acc,0.4827698767185211,0.4827698767185211,1.345422625541687,,0.4026632903030019,0.469244521353107,0.4362022058761757,0.39620098162444134
amazon-ratings,GCN,4,512,3e-05,9,2790,acc,0.7782949209213257,0.7782949209213257,0.5018250942230225,,0.7621520427189854,0.7778203211421802,0.77971128481589,0.7525358408163432,acc,0.49926507472991943,0.49926507472991943,2.103651285171509,,0.4433240704411271,0.49562735052671586,0.4532676057608088,0.4398170135509457,acc,0.4920790493488312,0.4920790493488312,2.1016457080841064,,0.4378826091449312,0.48859253840390476,0.44462852807475206,0.43639584235879286
amazon-ratings,GCN,5,512,3e-05,9,2230,acc,0.7269312143325806,0.7269312143325806,0.6099600791931152,,0.6993184110472621,0.7247921586253911,0.715314047934037,0.6945083410328462,acc,0.49322226643562317,0.49322226643562317,1.813318133354187,,0.42979770703639303,0.4888557899992785,0.4372059041747436,0.4292298025314086,acc,0.487669438123703,0.487669438123703,1.824326992034912,,0.42173798586509814,0.4831735611355514,0.42733077967893784,0.4221171937975958
amazon-ratings,SAGE,1,512,3e-05,0,2890,acc,0.9945288300514221,0.9945288300514221,0.02508254535496235,,0.994804966411019,0.9945318036458458,0.994760356994488,0.9948643239566625,acc,0.52523273229599,0.52523273229599,2.4071688652038574,,0.47211053465616415,0.5171087871124981,0.5536733872459909,0.44422148804937134,acc,0.5376449227333069,0.5376449227333069,2.2903895378112793,,0.48224248043957446,0.5295361344194554,0.5729193186075904,0.4524830805114723
amazon-ratings,SAGE,2,512,3e-05,0,2770,acc,0.9938755631446838,0.9938755631446838,0.021216019988059998,,0.9946670427561688,0.9938821548078958,0.99455465716652,0.9948106981605289,acc,0.5518536567687988,0.5518536567687988,2.7224111557006836,,0.4973216298444941,0.5455315382481396,0.5362550805271373,0.4819591733010057,acc,0.5590396523475647,0.5590396523475647,2.583242654800415,,0.5048150230101571,0.5520315574555402,0.554210579554969,0.4848708553771604
amazon-ratings,SAGE,3,512,3e-05,0,3240,acc,0.9971418976783752,0.9971418976783752,0.011262339539825916,,0.9972477481511082,0.9971422459475847,0.9967663038389031,0.9977325261368127,acc,0.5503838062286377,0.5503838062286377,2.9352853298187256,,0.5007563942479152,0.5463584400324745,0.5256426337754637,0.4890916666427886,acc,0.5547934174537659,0.5547934174537659,2.8471240997314453,,0.505897198720393,0.5500412596914314,0.5395345040509316,0.4899531790570233
amazon-ratings,SAGE,4,512,3e-05,0,2720,acc,0.9926506280899048,0.9926506280899048,0.02942526713013649,,0.9922856777434937,0.992653380346701,0.9901882263723248,0.9944397800601413,acc,0.5495672225952148,0.5495672225952148,2.546988010406494,,0.49939948854502925,0.5449961037583302,0.5205477570731123,0.4883646590431193,acc,0.5525069236755371,0.5525069236755371,2.4503729343414307,,0.4978969697944839,0.5469556939626958,0.5244894345154986,0.4844974276639008
amazon-ratings,SAGE,5,512,3e-05,0,3270,acc,0.9975501894950867,0.9975501894950867,0.01012328825891018,,0.9970805990590682,0.997550990585662,0.9960105677301587,0.9981621096011605,acc,0.544667661190033,0.544667661190033,3.015249490737915,,0.49046107798541216,0.541122812311521,0.5059971085757676,0.48189610819122486,acc,0.5523436069488525,0.5523436069488525,2.8722095489501953,,0.5063979108266731,0.5489930535862282,0.5320603509970414,0.49237329559312515
amazon-ratings,SAGE,1,512,3e-05,1,4930,acc,0.9995917081832886,0.9995917081832886,0.002596020931378007,,0.9996612220801545,0.9995916941323794,0.9997615806854393,0.9995611126784739,acc,0.5361750721931458,0.5361750721931458,2.866905927658081,,0.4821332342536403,0.5280323461597047,0.5533121703381003,0.4533165754545891,acc,0.5474440455436707,0.5474440455436707,2.813372850418091,,0.49565147222388095,0.5392291695024226,0.5800766499132259,0.4639738290573657
amazon-ratings,SAGE,2,512,3e-05,1,3060,acc,0.9978768229484558,0.9978768229484558,0.008933464996516705,,0.9978534624052561,0.9978765361907929,0.9975833001745908,0.9981263068121425,acc,0.5598562955856323,0.5598562955856323,2.9442484378814697,,0.5029594171696607,0.5539838417234865,0.5351437157148178,0.4878413365931996,acc,0.5512003898620605,0.5512003898620605,2.9194328784942627,,0.5004527932689484,0.5454046321262231,0.5362451301914776,0.4837019771584369
amazon-ratings,SAGE,3,512,3e-05,1,3120,acc,0.9974685311317444,0.9974685311317444,0.012420248240232468,,0.9971713207675874,0.9974684611112229,0.996532502998491,0.997817680610995,acc,0.5575698018074036,0.5575698018074036,2.781505584716797,,0.504529459913077,0.5524023793136165,0.5280651511602068,0.49271589259205745,acc,0.5471174120903015,0.5471174120903015,2.760023355484009,,0.49086792568607207,0.5417064949410418,0.519407293742133,0.4770473770915057
amazon-ratings,SAGE,4,512,3e-05,1,2680,acc,0.9954270720481873,0.9954270720481873,0.02319309301674366,,0.9952545422986006,0.9954268903751523,0.9945736030006873,0.9959481127908749,acc,0.5560999512672424,0.5560999512672424,2.6459038257598877,,0.5061458751902689,0.5517470678976921,0.5303185758699307,0.4940696375707822,acc,0.5502204895019531,0.5502204895019531,2.611942768096924,,0.49730102195885567,0.5452391149488541,0.5234506865708702,0.4854594944815311
amazon-ratings,SAGE,5,512,3e-05,1,4710,acc,0.9991834163665771,0.9991834163665771,0.0018409546464681625,,0.9987731317311745,0.9991836745012997,0.9982270707472309,0.9993225566025691,acc,0.5583863854408264,0.5583863854408264,3.681192398071289,,0.5080187725098493,0.5549638048413699,0.522591953072217,0.4994136281399758,acc,0.5497305393218994,0.5497305393218994,3.6443943977355957,,0.5054820980974275,0.5459088379084651,0.52902532391645,0.492090745943202
amazon-ratings,SAGE,1,512,3e-05,2,3430,acc,0.9949371218681335,0.9949371218681335,0.019710149616003036,,0.9953006941916396,0.9949396243285693,0.9962852203699242,0.9943420237946038,acc,0.535685122013092,0.535685122013092,2.475109577178955,,0.4755192887324574,0.5257223463421843,0.5695350856689005,0.44727119227091194,acc,0.5324187278747559,0.5324187278747559,2.5020265579223633,,0.4594433529112477,0.5222181015929037,0.5428667090170476,0.4353012892128983
amazon-ratings,SAGE,2,512,3e-05,2,4890,acc,0.9992650747299194,0.9992650747299194,0.002293379046022892,,0.99908803793638,0.9992650927569581,0.9987242087332804,0.999453602337568,acc,0.557406485080719,0.557406485080719,3.6119768619537354,,0.5087306438866422,0.5526034241322565,0.5412638833670229,0.4934137524239075,acc,0.5536501407623291,0.5536501407623291,3.613415002822876,,0.4867024536579822,0.5486272076148794,0.5088586580934354,0.47709921027986946
amazon-ratings,SAGE,3,512,3e-05,2,2990,acc,0.996488630771637,0.996488630771637,0.014068499207496643,,0.9967064280996307,0.9964890574064649,0.9961674625753003,0.9972526597889481,acc,0.5543034672737122,0.5543034672737122,2.815011978149414,,0.49979238114772073,0.5478778006260032,0.5364854239389538,0.4836174461821444,acc,0.5500571727752686,0.5500571727752686,2.885883092880249,,0.4833363405526129,0.5440249532911131,0.5147808442451279,0.46983722153281154
amazon-ratings,SAGE,4,512,3e-05,2,3790,acc,0.9985301494598389,0.9985301494598389,0.005312975496053696,,0.9985041248085208,0.9985301378777484,0.9981737194205976,0.9988369666762147,acc,0.5583863854408264,0.5583863854408264,3.260044813156128,,0.5045774116174225,0.5540756307827792,0.5277565678127883,0.49204794436253235,acc,0.5546301007270813,0.5546301007270813,3.3069183826446533,,0.491933253204082,0.550735618985814,0.5107941850198108,0.4817562580923102
amazon-ratings,SAGE,5,512,3e-05,2,3550,acc,0.9982851147651672,0.9982851147651672,0.005880279466509819,,0.9978726306038552,0.99828582699983,0.9970743815933265,0.9986800920710219,acc,0.5520169734954834,0.5520169734954834,3.162135601043701,,0.4961414886074869,0.5473860853021918,0.5218974652435318,0.482559204523767,acc,0.5539767742156982,0.5539767742156982,3.1792821884155273,,0.49109089894498936,0.5494189722735662,0.5158371814312959,0.4776148172499465
amazon-ratings,SAGE,1,512,3e-05,3,3570,acc,0.9977951645851135,0.9977951645851135,0.011027621105313301,,0.9982230173579213,0.9977959385631868,0.9981077839889881,0.998342673461934,acc,0.5325820446014404,0.5325820446014404,2.5396668910980225,,0.48349324193424287,0.5243582630999781,0.5711018685056011,0.45339213973557885,acc,0.5231095552444458,0.5231095552444458,2.6247358322143555,,0.45827631516443346,0.5143313432563191,0.5386189793841207,0.4344131548628741
amazon-ratings,SAGE,2,512,3e-05,3,3420,acc,0.9986934661865234,0.9986934661865234,0.005799124948680401,,0.9987730709620625,0.9986938146919478,0.9985964296069879,0.9989518091333647,acc,0.5564265847206116,0.5564265847206116,3.085092544555664,,0.512095890090877,0.5508470779254895,0.5529014408076305,0.4938617322586339,acc,0.5547934174537659,0.5547934174537659,3.129420042037964,,0.49079684850986627,0.5481235454086668,0.5291560878357974,0.4749486516590212
amazon-ratings,SAGE,3,512,3e-05,3,4110,acc,0.9990200996398926,0.9990200996398926,0.003551863832399249,,0.9989918428532956,0.9990201268164676,0.9988291740102836,0.9991554418235893,acc,0.5611628293991089,0.5611628293991089,3.321542739868164,,0.510751229010763,0.5556391015995166,0.5397653105387495,0.49696899780599846,acc,0.5503838062286377,0.5503838062286377,3.419792652130127,,0.4876867454970529,0.5450404985885102,0.5139207306852065,0.47532021052048323
amazon-ratings,SAGE,4,512,3e-05,3,2790,acc,0.9935489296913147,0.9935489296913147,0.029820162802934647,,0.9942062795845847,0.9935497191320648,0.9938230237076174,0.9946463175279631,acc,0.5541401505470276,0.5541401505470276,2.667628049850464,,0.5041923422724677,0.5480377050429815,0.5395530974692326,0.4887462556520055,acc,0.551037073135376,0.551037073135376,2.672752618789673,,0.48716751487364407,0.5440677554219843,0.5258690913018246,0.47078847787903183
amazon-ratings,SAGE,5,512,3e-05,3,4870,acc,0.9996733665466309,0.9996733665466309,0.0013246684102341533,,0.999605551457396,0.9996734016793813,0.9994316987591686,0.9997797868165567,acc,0.5559366345405579,0.5559366345405579,3.7673583030700684,,0.5045560362287241,0.551293781922379,0.531083457908515,0.48934535059988454,acc,0.5477706789970398,0.5477706789970398,3.7742674350738525,,0.4891850714134522,0.5433582355979428,0.5143189885993014,0.4746275628137254
amazon-ratings,SAGE,1,512,3e-05,4,3670,acc,0.9986118078231812,0.9986118078231812,0.007274400908499956,,0.9985614013559475,0.9986118249077313,0.9983933224683724,0.9987329671216036,acc,0.5490772724151611,0.5490772724151611,2.579314708709717,,0.4904273809574352,0.5404511103793718,0.576550910393197,0.46036053537951405,acc,0.5378082394599915,0.5378082394599915,2.639007329940796,,0.4634405439502574,0.5278632308000785,0.5424456125207595,0.43892577995722304
amazon-ratings,SAGE,2,512,3e-05,4,3280,acc,0.9978768229484558,0.9978768229484558,0.00689057819545269,,0.9974322456070093,0.9978781812155991,0.9964407513749582,0.9984391730266227,acc,0.567858874797821,0.567858874797821,2.8969192504882812,,0.5085248522492865,0.5614294270050473,0.5416749437521732,0.49365038009166556,acc,0.5515270233154297,0.5515270233154297,3.0256693363189697,,0.4855114745095076,0.544598871136155,0.52158804651452,0.471191806408799
amazon-ratings,SAGE,3,512,3e-05,4,3900,acc,0.9985301494598389,0.9985301494598389,0.005148561205714941,,0.9976508159244611,0.9985317148062254,0.99663849995663,0.9986814632427045,acc,0.5642658472061157,0.5642658472061157,3.0617268085479736,,0.5097826304829955,0.5588419833085224,0.5381843078661381,0.495788111924439,acc,0.5570798516273499,0.5570798516273499,3.1594133377075195,,0.4893255755577751,0.5511963835988118,0.5142557579263136,0.4780482556278294
amazon-ratings,SAGE,4,512,3e-05,4,2780,acc,0.9944471716880798,0.9944471716880798,0.02383038029074669,,0.9934457836906454,0.9944493827757236,0.9914058351640357,0.9955782947657659,acc,0.5609995126724243,0.5609995126724243,2.5714285373687744,,0.5035934696504639,0.5551987979830876,0.5281031856139702,0.491517490071759,acc,0.5477706789970398,0.5477706789970398,2.642977714538574,,0.48231758504400685,0.5419120623482837,0.5040914292718041,0.47220956619704435
amazon-ratings,SAGE,5,512,3e-05,4,3770,acc,0.998856782913208,0.998856782913208,0.005155018996447325,,0.9979666615882143,0.998858491378209,0.9969879170333072,0.998963252605156,acc,0.5652458071708679,0.5652458071708679,3.1706902980804443,,0.5066929466612107,0.559693159458112,0.5297669044727538,0.4943222078476044,acc,0.559203028678894,0.559203028678894,3.285524606704712,,0.48880899532509137,0.5534705406319858,0.5087641357476513,0.4786706421912294
amazon-ratings,SAGE,1,512,3e-05,5,4980,acc,0.9991834163665771,0.9991834163665771,0.0032552906777709723,,0.9994199271778665,0.9991834664647916,0.9993886412557412,0.9994518399383253,acc,0.5284990668296814,0.5284990668296814,2.898916244506836,,0.46506783610192726,0.51948870708159,0.5426230203087119,0.43893599373326275,acc,0.5329086780548096,0.5329086780548096,2.8585355281829834,,0.4770609355881369,0.5246878786592802,0.5568010398755693,0.4479095901098094
amazon-ratings,SAGE,2,512,3e-05,5,4080,acc,0.9991017580032349,0.9991017580032349,0.003153736237436533,,0.9992236867670963,0.9991017597057256,0.999221679620533,0.9992260570378806,acc,0.5518536567687988,0.5518536567687988,3.3869314193725586,,0.48800183379859136,0.5448914761557647,0.521216774193884,0.47399773635669645,acc,0.557406485080719,0.557406485080719,3.3175742626190186,,0.5012106221428041,0.5512318756126757,0.5385706380450717,0.4838700650204594
amazon-ratings,SAGE,3,512,3e-05,5,4380,acc,0.9991834163665771,0.9991834163665771,0.002889523282647133,,0.9992978009280675,0.9991834198523171,0.9991844547776252,0.9994115701895254,acc,0.5543034672737122,0.5543034672737122,3.521899461746216,,0.49692691061834504,0.5493397184543577,0.5205273567331308,0.4851209876507916,acc,0.5611628293991089,0.5611628293991089,3.457465171813965,,0.5087254966520696,0.5563511183459183,0.5302999432575104,0.49687753474395163
amazon-ratings,SAGE,4,512,3e-05,5,3550,acc,0.9984484910964966,0.9984484910964966,0.006958894897252321,,0.9985362403207937,0.9984486821187081,0.9982527916335477,0.9988211546259264,acc,0.5531601905822754,0.5531601905822754,3.218101739883423,,0.49819659612052253,0.5484318075303665,0.522888864357564,0.4849973200674313,acc,0.5557733178138733,0.5557733178138733,3.152691125869751,,0.5037414836626031,0.5516166543682085,0.5244391742826731,0.4916252949215756
amazon-ratings,SAGE,5,512,3e-05,5,4090,acc,0.9991834163665771,0.9991834163665771,0.003200299572199583,,0.99930258978435,0.99918343345762,0.9991349034282886,0.999470783400039,acc,0.5520169734954834,0.5520169734954834,3.559816837310791,,0.49504684444102703,0.547779414413795,0.5133343684332163,0.48620166659739245,acc,0.5544667840003967,0.5544667840003967,3.4907853603363037,,0.5027287888410238,0.5509854817170593,0.5171736045129862,0.4951706397046838
amazon-ratings,SAGE,1,512,3e-05,6,2380,acc,0.9821982383728027,0.9821982383728027,0.06614772975444794,,0.9821168633446818,0.9822340542921653,0.9868588266218395,0.9777467604933842,acc,0.5355218052864075,0.5355218052864075,2.0822737216949463,,0.475691637064369,0.5278165669294324,0.5751316819417441,0.4457753145463207,acc,0.52523273229599,0.52523273229599,2.1427595615386963,,0.4632407676037187,0.5149591383627032,0.5527110195988154,0.4353225657739001
amazon-ratings,SAGE,2,512,3e-05,6,2770,acc,0.9949371218681335,0.9949371218681335,0.017612062394618988,,0.9961131910912837,0.9949433975486475,0.9962297424315576,0.9960247348293614,acc,0.558549702167511,0.558549702167511,2.6639301776885986,,0.5020284989736592,0.5528139826043861,0.542298245875805,0.48562364079022025,acc,0.5518536567687988,0.5518536567687988,2.776848793029785,,0.5001175034173536,0.5454500805262845,0.5458435878845667,0.48160275240932604
amazon-ratings,SAGE,3,512,3e-05,6,3510,acc,0.9979584813117981,0.9979584813117981,0.0063269780948758125,,0.9979333429040731,0.9979583247823346,0.9978662570701482,0.9980052231432774,acc,0.5688387751579285,0.5688387751579285,3.087376832962036,,0.5094576114326755,0.5640819003713191,0.5335615640761372,0.4974826620351139,acc,0.5606728792190552,0.5606728792190552,3.2547597885131836,,0.5069923166439666,0.553900333854063,0.540292392364283,0.4913206428470846
amazon-ratings,SAGE,4,512,3e-05,6,3300,acc,0.9971418976783752,0.9971418976783752,0.008779625408351421,,0.9969141009065995,0.9971437888638749,0.9963352591822323,0.9975099774406981,acc,0.5647558569908142,0.5647558569908142,3.014232635498047,,0.5075041621667138,0.5609281068820264,0.5263983351463828,0.49831266165565735,acc,0.5539767742156982,0.5539767742156982,3.111884117126465,,0.49700762840057483,0.5486433876718468,0.52037482265279,0.48558276333517336
amazon-ratings,SAGE,5,512,3e-05,6,4440,acc,0.9992650747299194,0.9992650747299194,0.002728144871070981,,0.9989315141333741,0.9992650348364426,0.9986814753738766,0.999183675130291,acc,0.5675322413444519,0.5675322413444519,3.692063093185425,,0.5137305201788631,0.5638105691362428,0.5360712542446244,0.5018698825152443,acc,0.5632859468460083,0.5632859468460083,3.7236647605895996,,0.5083552746962374,0.5579084693595859,0.5340992075081542,0.4951608393892039
amazon-ratings,SAGE,1,512,3e-05,7,4920,acc,0.9995917081832886,0.9995917081832886,0.0024706164840608835,,0.9997318437230204,0.9995916923834912,0.9997023374081655,0.9997614439240952,acc,0.5320920944213867,0.5320920944213867,2.872872829437256,,0.47066323874818206,0.5238062208566812,0.5504941794203344,0.44374546442601137,acc,0.5335619449615479,0.5335619449615479,2.8460371494293213,,0.4748818365740842,0.5258030173378901,0.5546433682649552,0.44742595647311845
amazon-ratings,SAGE,2,512,3e-05,7,3770,acc,0.9989384412765503,0.9989384412765503,0.004211467690765858,,0.9992186277835817,0.9989386427603126,0.9992748559439925,0.999163319028882,acc,0.5500571727752686,0.5500571727752686,3.2335898876190186,,0.49523807800720776,0.5447786127382325,0.5280930434223275,0.48113145098846893,acc,0.5502204895019531,0.5502204895019531,3.144580364227295,,0.49181354154761053,0.5436784123656567,0.5293904900744523,0.47664657476537925
amazon-ratings,SAGE,3,512,3e-05,7,2320,acc,0.9915890693664551,0.9915890693664551,0.04212236776947975,,0.992053351722552,0.9915948290461665,0.9911024058218381,0.9930619900573866,acc,0.5523436069488525,0.5523436069488525,2.387850522994995,,0.4925528439178173,0.5459007125164719,0.5259805786895162,0.47697170147081824,acc,0.5490772724151611,0.5490772724151611,2.3256702423095703,,0.4891162036873671,0.5432307918671011,0.5230575355912346,0.4735860954731138
amazon-ratings,SAGE,4,512,3e-05,7,3410,acc,0.9986934661865234,0.9986934661865234,0.006239771842956543,,0.998684757636948,0.9986934529263589,0.9985448681583357,0.9988250566397816,acc,0.5505471229553223,0.5505471229553223,3.080904722213745,,0.4958431946593108,0.5461547471098754,0.5170803718376203,0.4835914084156717,acc,0.5459741950035095,0.5459741950035095,2.9968652725219727,,0.48659221684543413,0.5415019286379275,0.5080124794939389,0.47443492176907276
amazon-ratings,SAGE,5,512,3e-05,7,4000,acc,0.999428391456604,0.999428391456604,0.003364367876201868,,0.9995558968248996,0.9994284064344406,0.9996113400133,0.99950073763797,acc,0.5497305393218994,0.5497305393218994,3.3093032836914062,,0.49350443361811447,0.5459984201272777,0.5137929301680888,0.48177197201607863,acc,0.5472807288169861,0.5472807288169861,3.2208361625671387,,0.48736440540161646,0.543234266742598,0.5064476677121811,0.476381968137687
amazon-ratings,SAGE,1,512,3e-05,8,4970,acc,0.9990200996398926,0.9990200996398926,0.003869496751576662,,0.9993097372315958,0.9990200939821436,0.9993257585676638,0.9992943647638807,acc,0.5360117554664612,0.5360117554664612,2.857808828353882,,0.47681641012573817,0.5277304071516106,0.5515401518620794,0.4495462095236366,acc,0.526375949382782,0.526375949382782,2.8843822479248047,,0.4673743136996487,0.5179736333091873,0.5333778489493651,0.44276482266956496
amazon-ratings,SAGE,2,512,3e-05,8,4100,acc,0.9986118078231812,0.9986118078231812,0.004007613752037287,,0.9988095133472363,0.9986118312756652,0.9986606256373272,0.9989596863386574,acc,0.5541401505470276,0.5541401505470276,3.3613009452819824,,0.492773996195918,0.5484033942504309,0.5207107736848712,0.4809127780961823,acc,0.5448309779167175,0.5448309779167175,3.319436550140381,,0.49100723696022974,0.5394207916551966,0.5186888440356332,0.47928444690228833
amazon-ratings,SAGE,3,512,3e-05,8,3380,acc,0.997631847858429,0.997631847858429,0.008456324227154255,,0.997739577786767,0.9976319953714653,0.9972105973328761,0.9982729945642517,acc,0.5552833676338196,0.5552833676338196,3.0539369583129883,,0.49647851613166916,0.5502658906417199,0.5186038975373257,0.4870057082748181,acc,0.5487505793571472,0.5487505793571472,3.0675642490386963,,0.49357787263635533,0.5434864851166904,0.5152502071221573,0.4848418574161766
amazon-ratings,SAGE,4,512,3e-05,8,4970,acc,0.9995917081832886,0.9995917081832886,0.0019971076399087906,,0.999696293533433,0.9995916787450208,0.9996927737953255,0.999699867745087,acc,0.5598562955856323,0.5598562955856323,3.7368862628936768,,0.4961925691238555,0.555080268138579,0.5163735877494084,0.48692522000425315,acc,0.5484239459037781,0.5484239459037781,3.766796350479126,,0.4927911434870663,0.5433316976353691,0.5129360735084288,0.4844991465456975
amazon-ratings,SAGE,5,512,3e-05,8,3080,acc,0.995917022228241,0.995917022228241,0.015571505762636662,,0.9963741876277453,0.9959167667520737,0.995473543958288,0.9972885926688194,acc,0.5570798516273499,0.5570798516273499,2.8607823848724365,,0.49857368206090646,0.5526997154408221,0.5219270271815182,0.4881749274896209,acc,0.5440143942832947,0.5440143942832947,2.8863720893859863,,0.49081533838622954,0.539345142322992,0.516421686206771,0.4795206039707215
amazon-ratings,SAGE,1,512,3e-05,9,3770,acc,0.9986118078231812,0.9986118078231812,0.007180217187851667,,0.9988848455400674,0.9986118870360006,0.9990126182972048,0.9987590193456792,acc,0.5253960490226746,0.5253960490226746,2.574587821960449,,0.4766803096037998,0.518871403723787,0.5558682389141059,0.44752543316388527,acc,0.5407480001449585,0.5407480001449585,2.5322840213775635,,0.48172662882823436,0.533380456698073,0.5746842548762877,0.4523148227702706
amazon-ratings,SAGE,2,512,3e-05,9,4780,acc,0.9991834163665771,0.9991834163665771,0.002288968302309513,,0.9990614426894547,0.9991834794219469,0.9987597679493951,0.9993650214461853,acc,0.5503838062286377,0.5503838062286377,3.4218921661376953,,0.49853560758767934,0.5452182621991851,0.5263572255732141,0.485866609017775,acc,0.552180290222168,0.552180290222168,3.4409515857696533,,0.5011823306672244,0.5477770119091993,0.5297178702046919,0.4872909770800981
amazon-ratings,SAGE,3,512,3e-05,9,4640,acc,0.9991834163665771,0.9991834163665771,0.0024379361420869827,,0.998925985511274,0.999183463581856,0.9986440136618212,0.999209518012675,acc,0.5536501407623291,0.5536501407623291,3.3660531044006348,,0.5024461758572043,0.5494566632536277,0.5220440764468643,0.49250453575695674,acc,0.5578964352607727,0.5578964352607727,3.38606858253479,,0.5045460632973129,0.5541686573119325,0.5232615319739496,0.494498711849622
amazon-ratings,SAGE,4,512,3e-05,9,3930,acc,0.9986934661865234,0.9986934661865234,0.0037801035214215517,,0.9986051530259894,0.998693402269715,0.9982694358489939,0.998943147313452,acc,0.5556100010871887,0.5556100010871887,3.191987991333008,,0.5054607077402172,0.5521449700376292,0.5240583619871954,0.4949543274793494,acc,0.5547934174537659,0.5547934174537659,3.228715658187866,,0.5001815814413583,0.5513669110114447,0.5183276172048972,0.4901803044613664
amazon-ratings,SAGE,5,512,3e-05,9,4990,acc,0.9995917081832886,0.9995917081832886,0.0015538702718913555,,0.9995694301841624,0.999591719162715,0.9994038272532929,0.9997353917000193,acc,0.5518536567687988,0.5518536567687988,3.6002912521362305,,0.506721568939638,0.548858905660557,0.5234336768352895,0.4967041058505762,acc,0.556263267993927,0.556263267993927,3.5826995372772217,,0.5048951385734508,0.5534828226876946,0.5191476509917627,0.49625637242109716
amazon-ratings,GAT,1,512,3e-05,0,4420,acc,0.9364690184593201,0.9364690184593201,0.20656892657279968,,0.932159246604788,0.9363653847170033,0.9507785819913155,0.9166208543818761,acc,0.5340519547462463,0.5340519547462463,1.6826194524765015,,0.4763536987643734,0.5268986886147385,0.5326443312381408,0.4522527884701855,acc,0.5350318551063538,0.5350318551063538,1.6604411602020264,,0.47431625034271185,0.5268064268863949,0.5339510611415715,0.44995709652154153
amazon-ratings,GAT,2,512,3e-05,0,2870,acc,0.7849910259246826,0.7849910259246826,0.48688849806785583,,0.769307557064765,0.7846677893188642,0.7763347833086799,0.7646359246397711,acc,0.513637125492096,0.513637125492096,2.306739330291748,,0.4518676117217876,0.5125880389206967,0.45518937913013324,0.44980571975990047,acc,0.5079209208488464,0.5079209208488464,2.276907205581665,,0.4513375572968955,0.505597092597939,0.46047167364308483,0.44462241132896285
amazon-ratings,GAT,3,512,3e-05,0,4890,acc,0.8550546765327454,0.8550546765327454,0.36866122484207153,,0.8489699093701943,0.8551044910561785,0.8653366397840573,0.8355681458706401,acc,0.5198432207107544,0.5198432207107544,2.4847512245178223,,0.4624249583880588,0.5185073199368055,0.46618296990599983,0.4598435066482483,acc,0.5187000036239624,0.5187000036239624,2.4286274909973145,,0.4657364478940361,0.5158781048509026,0.477420102930082,0.4576928859822676
amazon-ratings,GAT,4,512,3e-05,0,4160,acc,0.8232892155647278,0.8232892155647278,0.4296637773513794,,0.811001147033745,0.8230050138210345,0.8388369756727896,0.7911021069619094,acc,0.520006537437439,0.520006537437439,2.49070405960083,,0.4581300475072105,0.5173150351835836,0.4705479099595323,0.45118791488299925,acc,0.5170667767524719,0.5170667767524719,2.4190833568573,,0.46292103683098357,0.5131166546166273,0.48557987933047153,0.4503912604447507
amazon-ratings,GAT,5,512,3e-05,0,3600,acc,0.8089171648025513,0.8089171648025513,0.44670987129211426,,0.7975065611524925,0.808693357871996,0.8217118995811606,0.7804805822492475,acc,0.5193532705307007,0.5193532705307007,2.5271871089935303,,0.45977514160110217,0.5155062278018945,0.47503036735796433,0.451591770492899,acc,0.5159235596656799,0.5159235596656799,2.47287654876709,,0.45985257174928956,0.5104605344273071,0.48363267843083246,0.4480475320529288
amazon-ratings,GAT,1,512,3e-05,1,3100,acc,0.831781804561615,0.831781804561615,0.4450978636741638,,0.8039200585033948,0.8292071508080271,0.8756248857471146,0.7630640058281376,acc,0.5271925330162048,0.5271925330162048,1.4358441829681396,,0.44484824976071496,0.5126361268936023,0.5265482766065591,0.42157747412223767,acc,0.5239261984825134,0.5239261984825134,1.4176766872406006,,0.4551474122117686,0.5129281498042448,0.5389825539395272,0.4282317770730025
amazon-ratings,GAT,2,512,3e-05,1,3760,acc,0.8341498970985413,0.8341498970985413,0.37944093346595764,,0.8281082708276806,0.8341944722753534,0.8252960413419277,0.8313958583552337,acc,0.5115139484405518,0.5115139484405518,2.4991753101348877,,0.4534660708790006,0.5102390632218738,0.45683165267528364,0.4507332592690333,acc,0.5167401432991028,0.5167401432991028,2.430602788925171,,0.46673377512708686,0.5160707903286063,0.46973345633618474,0.46423709561182874
amazon-ratings,GAT,3,512,3e-05,1,1260,acc,0.611954927444458,0.611954927444458,0.9120692610740662,,0.524180712289152,0.5997934922546043,0.6096396857805283,0.4982324956159852,acc,0.4902825355529785,0.4902825355529785,1.351486086845398,,0.39960749967628184,0.4754647449996663,0.4601127281061431,0.3852495868377209,acc,0.4893026351928711,0.4893026351928711,1.3404333591461182,,0.39413362180319067,0.47552840675034286,0.4474661687881401,0.38165396512159816
amazon-ratings,GAT,4,512,3e-05,1,3100,acc,0.7671892642974854,0.7671892642974854,0.5300701856613159,,0.7378106254309178,0.7655275908372696,0.7762191650448693,0.7118466646902831,acc,0.5082476139068604,0.5082476139068604,2.1829264163970947,,0.4442598934195983,0.5015859156451241,0.4672626493977403,0.43190096541606826,acc,0.5141270756721497,0.5141270756721497,2.1344406604766846,,0.449708314642771,0.5089904010594568,0.4718112678257288,0.43706865271504586
amazon-ratings,GAT,5,512,3e-05,1,3600,acc,0.812346875667572,0.812346875667572,0.44081732630729675,,0.7950757055296395,0.8118624424089413,0.8214028185246824,0.7759083103147777,acc,0.5089008808135986,0.5089008808135986,2.4430017471313477,,0.44877469599179165,0.504018073404425,0.46733462583397845,0.43854244176494533,acc,0.5142903923988342,0.5142903923988342,2.367130994796753,,0.4537895741857465,0.5102449131145677,0.47214006662293134,0.4435907501225467
amazon-ratings,GAT,1,512,3e-05,2,3620,acc,0.8934345841407776,0.8934345841407776,0.3059810400009155,,0.89107958676151,0.8930891647715694,0.9177504934769365,0.8706885223934272,acc,0.5330719947814941,0.5330719947814941,1.561505675315857,,0.4695144829115643,0.5237593459761514,0.5331261156692291,0.4447347126385335,acc,0.5353584885597229,0.5353584885597229,1.5489901304244995,,0.4703637139965441,0.5267507476204426,0.5358008270504095,0.44577334682579106
amazon-ratings,GAT,2,512,3e-05,2,4460,acc,0.8548097014427185,0.8548097014427185,0.32921549677848816,,0.8489174567483756,0.8550026697470484,0.8369726156278452,0.8640822201829724,acc,0.5180466771125793,0.5180466771125793,2.546117067337036,,0.46218729786318297,0.5173348893931836,0.4627368092730955,0.4622352236440799,acc,0.5093908309936523,0.5093908309936523,2.6227903366088867,,0.453075083254929,0.5093008479146639,0.4533820333439046,0.45293527282441703
amazon-ratings,GAT,3,512,3e-05,2,4700,acc,0.8563612699508667,0.8563612699508667,0.3658922016620636,,0.849481329727892,0.8566234837854564,0.8547613739110492,0.8466404031513942,acc,0.5185366868972778,0.5185366868972778,2.363255023956299,,0.46873070845956716,0.5169963158310023,0.47652194667109643,0.4646318786593423,acc,0.5105340480804443,0.5105340480804443,2.4131081104278564,,0.45547127725746506,0.5086147031924366,0.4628617754560776,0.4521294896491728
amazon-ratings,GAT,4,512,3e-05,2,4690,acc,0.8632206320762634,0.8632206320762634,0.3431175649166107,,0.853994441606529,0.8632683171432497,0.8660119438356195,0.8453151798328481,acc,0.5204964876174927,0.5204964876174927,2.525294065475464,,0.4675476550342272,0.5174885973878153,0.47905066118269435,0.4607988547448641,acc,0.5151069760322571,0.5151069760322571,2.597654104232788,,0.4559452490216251,0.5125890103039643,0.4661422619660362,0.45035484661355374
amazon-ratings,GAT,5,512,3e-05,2,4240,acc,0.8547280430793762,0.8547280430793762,0.3569560945034027,,0.8454749858161893,0.8548276337172853,0.8500873784515374,0.842999684863349,acc,0.5187000036239624,0.5187000036239624,2.6643123626708984,,0.46579337207199123,0.5166650311445877,0.47364088179476205,0.4608131587336949,acc,0.5100440979003906,0.5100440979003906,2.74265456199646,,0.45405726371816096,0.508599543195153,0.4594971452231459,0.45099024497601337
amazon-ratings,GAT,1,512,3e-05,3,4920,acc,0.9585170745849609,0.9585170745849609,0.14808820188045502,,0.9599545149110715,0.9585269896625814,0.9669972700116226,0.9538177511375361,acc,0.5351951718330383,0.5351951718330383,1.7872185707092285,,0.48183489912389954,0.5296947872428549,0.514192450858423,0.46427759570495564,acc,0.5280091166496277,0.5280091166496277,1.8216948509216309,,0.46139512680972594,0.5218430467588643,0.49492505795844155,0.4453301551425636
amazon-ratings,GAT,2,512,3e-05,3,2870,acc,0.7738037109375,0.7738037109375,0.5132504105567932,,0.7560616013269097,0.772975317564762,0.7639314127428289,0.75051881976095,acc,0.5103707313537598,0.5103707313537598,2.1696743965148926,,0.4488666597643034,0.5078616982699858,0.45413072569785856,0.44576768671472555,acc,0.5093908309936523,0.5093908309936523,2.2022030353546143,,0.4446712361778421,0.5063622253535357,0.45187430396253137,0.43940604538714945
amazon-ratings,GAT,3,512,3e-05,3,4960,acc,0.851216733455658,0.851216733455658,0.35779547691345215,,0.8451585526454288,0.8513853757254956,0.8530971743629703,0.8395757730067454,acc,0.5175567269325256,0.5175567269325256,2.584120988845825,,0.46263567952923584,0.5153010485288457,0.46657002964731575,0.4614775110823726,acc,0.511023998260498,0.511023998260498,2.59092116355896,,0.4539744982573482,0.5089109573172548,0.45862017832660856,0.4516909537066683
amazon-ratings,GAT,4,512,3e-05,3,2010,acc,0.6675649285316467,0.6675649285316467,0.731531023979187,,0.6211652319300326,0.6615609738662572,0.6648553055925581,0.5994380118153464,acc,0.500571608543396,0.500571608543396,1.6483142375946045,,0.42315876487363174,0.4922615036328787,0.4436132638757565,0.41612500360183696,acc,0.4886493384838104,0.4886493384838104,1.6806448698043823,,0.42037748498923905,0.4806207586572167,0.43907168436856037,0.41363772560431833
amazon-ratings,GAT,5,512,3e-05,3,830,acc,0.5823125839233398,0.5823125839233398,0.9977384209632874,,0.5018439032353765,0.5660025876804522,0.5777489119614864,0.4817863370945915,acc,0.47721704840660095,0.47721704840660095,1.3560444116592407,,0.377011659689348,0.4574230826061902,0.4198809558573281,0.3727980611358454,acc,0.4760738015174866,0.4760738015174866,1.3572471141815186,,0.38752436229803056,0.45860210465985446,0.43153706667544534,0.38011621315785044
amazon-ratings,GAT,1,512,3e-05,4,4650,acc,0.9376939535140991,0.9376939535140991,0.19767950475215912,,0.9397437157609942,0.9376227401117591,0.9506294592862854,0.9302969851901632,acc,0.5399314165115356,0.5399314165115356,1.667690634727478,,0.48224242454308913,0.5323577530566215,0.533929201552213,0.45890279990738525,acc,0.5283357501029968,0.5283357501029968,1.7054669857025146,,0.4526292641498433,0.5205905847524707,0.49057948894802117,0.43571522237873933
amazon-ratings,GAT,2,512,3e-05,4,1970,acc,0.6956557035446167,0.6956557035446167,0.6956326961517334,,0.6624334879210585,0.6927253555135621,0.7011843242406537,0.6370084409623862,acc,0.5038380026817322,0.5038380026817322,1.6295037269592285,,0.4427601604496118,0.49690956630973826,0.46965020760378584,0.4282702564792215,acc,0.49550873041152954,0.49550873041152954,1.6651952266693115,,0.4188535647785091,0.4885668396949583,0.4441005519924833,0.40641906991403143
amazon-ratings,GAT,3,512,3e-05,4,1020,acc,0.5986444354057312,0.5986444354057312,0.9381746649742126,,0.5271301917840936,0.5888128331555857,0.5894797364392121,0.5059169326773043,acc,0.4886493384838104,0.4886493384838104,1.3332362174987793,,0.40802944229577126,0.4755731935919568,0.45040996729005345,0.39679140975777977,acc,0.47770699858665466,0.47770699858665466,1.353529930114746,,0.3902972379627413,0.4646661487121289,0.43180815068146183,0.38219641892879813
amazon-ratings,GAT,4,512,3e-05,4,4710,acc,0.8495018482208252,0.8495018482208252,0.36725321412086487,,0.8445492280191512,0.8497227389764243,0.8589985147032986,0.8358217850638706,acc,0.5255593657493591,0.5255593657493591,2.6507909297943115,,0.4693048320233745,0.5207923435614431,0.48205086825838306,0.46288261464001285,acc,0.5152702927589417,0.5152702927589417,2.6768980026245117,,0.44979678052036187,0.5106324702439587,0.46447892778561517,0.4426269978961278
amazon-ratings,GAT,5,512,3e-05,4,3920,acc,0.8232892155647278,0.8232892155647278,0.4111691415309906,,0.8137259738073706,0.8231152484058046,0.8344513983557487,0.799226655869691,acc,0.5224562883377075,0.5224562883377075,2.6040401458740234,,0.4671189337963867,0.517900329219984,0.4823366975639608,0.4584990059675058,acc,0.5128204822540283,0.5128204822540283,2.653507947921753,,0.44739079443735863,0.5080055007899661,0.4638602362054648,0.438375080436448
amazon-ratings,GAT,1,512,3e-05,5,4330,acc,0.9296096563339233,0.9296096563339233,0.2251962274312973,,0.9272187812916599,0.9294861686453643,0.9461820667729061,0.9114537252539738,acc,0.5397680997848511,0.5397680997848511,1.6490398645401,,0.47208741719152486,0.5308512168807548,0.5258957164599662,0.4502017639213823,acc,0.5330719947814941,0.5330719947814941,1.6287331581115723,,0.4685177625884097,0.5253505989143804,0.5162472371331085,0.4466487875302736
amazon-ratings,GAT,2,512,3e-05,5,3120,acc,0.8032010197639465,0.8032010197639465,0.4471735656261444,,0.7917391993785319,0.8032251657679927,0.7859543641019119,0.7991451578661175,acc,0.5170667767524719,0.5170667767524719,2.4299468994140625,,0.45314531202687247,0.5154971079659806,0.45532340472580524,0.4521584181532422,acc,0.5138004422187805,0.5138004422187805,2.400829792022705,,0.4578506704259587,0.5125303115570591,0.46057134119846027,0.4555704712322982
amazon-ratings,GAT,3,512,3e-05,5,3930,acc,0.8219826817512512,0.8219826817512512,0.43452638387680054,,0.8134154373801309,0.8220745716714388,0.8290515063845125,0.8032087797331574,acc,0.5208231210708618,0.5208231210708618,2.322214365005493,,0.45792325267827716,0.5170646914923278,0.4676173018660276,0.4544931224207115,acc,0.5187000036239624,0.5187000036239624,2.289915084838867,,0.4637017379484412,0.5154347638450512,0.4720717855007031,0.4593822822615247
amazon-ratings,GAT,4,512,3e-05,5,3630,acc,0.7956883907318115,0.7956883907318115,0.4888626039028168,,0.781941888046106,0.7953411601154883,0.803041399982756,0.7665923710461545,acc,0.518863320350647,0.518863320350647,2.2714366912841797,,0.4537877653223134,0.5142779800906537,0.4679399846838052,0.4465095661931258,acc,0.5144537091255188,0.5144537091255188,2.2178878784179688,,0.45862144775037983,0.5103974293946655,0.4725844551920992,0.4503105399261151
amazon-ratings,GAT,5,512,3e-05,5,2990,acc,0.7496325373649597,0.7496325373649597,0.573075532913208,,0.7262200203581115,0.7486048942539549,0.7454801447180623,0.7124397239618496,acc,0.5160868763923645,0.5160868763923645,2.0735902786254883,,0.4482001631253986,0.511260853932238,0.46017525772742135,0.4420697333557494,acc,0.5092275142669678,0.5092275142669678,2.052795886993408,,0.4459886181828171,0.504616317138971,0.4599400551444143,0.4375280237055807
amazon-ratings,GAT,1,512,3e-05,6,4510,acc,0.9445533156394958,0.9445533156394958,0.18688517808914185,,0.9458324177202748,0.9445187246850036,0.9581898025599589,0.9348812997806238,acc,0.5402580499649048,0.5402580499649048,1.7116467952728271,,0.4750200467049672,0.5328980615382196,0.5187200033541504,0.4547708754452361,acc,0.5262126326560974,0.5262126326560974,1.7434256076812744,,0.46355626633627534,0.5182779929093353,0.5090249650868547,0.442620201100764
amazon-ratings,GAT,2,512,3e-05,6,4530,acc,0.8588926792144775,0.8588926792144775,0.32574138045310974,,0.8529692799105435,0.8589984731499851,0.8460955735660342,0.861364731675908,acc,0.5209864377975464,0.5209864377975464,2.6348698139190674,,0.4642058638285878,0.5198541876920755,0.4676398870575886,0.4622164753837404,acc,0.5164135098457336,0.5164135098457336,2.6245546340942383,,0.45605459607236465,0.5152561597986938,0.45756938195951796,0.45523094165190986
amazon-ratings,GAT,3,512,3e-05,6,4700,acc,0.8502368330955505,0.8502368330955505,0.3768876791000366,,0.8405258203543047,0.8502308658629646,0.8453610400171618,0.8368369587286517,acc,0.5165768265724182,0.5165768265724182,2.41302490234375,,0.45825240803440304,0.5154747201590618,0.4605749220523109,0.45759348308908726,acc,0.5113506317138672,0.5113506317138672,2.441100597381592,,0.45486072066946115,0.5100019419901597,0.4572981768195469,0.4538976391610746
amazon-ratings,GAT,4,512,3e-05,6,3750,acc,0.8049159049987793,0.8049159049987793,0.45997440814971924,,0.7912502886257038,0.8041638482833893,0.8210277787757402,0.7698960828757143,acc,0.5165768265724182,0.5165768265724182,2.402163505554199,,0.45203830578802773,0.5118967393265356,0.4699239583518871,0.4427563028306456,acc,0.5160868763923645,0.5160868763923645,2.443741798400879,,0.45896406570618176,0.5116779102987069,0.47785142642045997,0.4482516259865844
amazon-ratings,GAT,5,512,3e-05,6,4970,acc,0.8731830716133118,0.8731830716133118,0.307020366191864,,0.8645830400645214,0.8728738109746269,0.8764078091616818,0.8549124407398965,acc,0.5183733701705933,0.5183733701705933,2.8638672828674316,,0.4578116436013485,0.5153571853352501,0.4682632031104763,0.45085088639476056,acc,0.5152702927589417,0.5152702927589417,2.8732855319976807,,0.45510506522836086,0.5116797845564015,0.4652648106953653,0.4486111958069099
amazon-ratings,GAT,1,512,3e-05,7,3030,acc,0.8508901000022888,0.8508901000022888,0.4006488025188446,,0.83610513333818,0.8497927609228357,0.8920036362756385,0.8001107828841549,acc,0.5183733701705933,0.5183733701705933,1.5133283138275146,,0.43740934621669564,0.5061617112610425,0.5131960375828151,0.4150792725966147,acc,0.521149754524231,0.521149754524231,1.4561491012573242,,0.4547320687160621,0.511387539064789,0.5267342190117509,0.4289636696135767
amazon-ratings,GAT,2,512,3e-05,7,4630,acc,0.8766944408416748,0.8766944408416748,0.287332147359848,,0.8726555341478823,0.8768097906007783,0.8662892569904512,0.8809389979034219,acc,0.5097174644470215,0.5097174644470215,2.7272262573242188,,0.45466376351936455,0.5103627468351591,0.4555753569254156,0.4545436765805989,acc,0.5123305320739746,0.5123305320739746,2.6896615028381348,,0.45425144884467716,0.5129731077285629,0.45404420109765997,0.4551468947350255
amazon-ratings,GAT,3,512,3e-05,7,4450,acc,0.8382328748703003,0.8382328748703003,0.3940091133117676,,0.8320443728214677,0.8385729634736965,0.8417419438748132,0.8257347894973288,acc,0.5092275142669678,0.5092275142669678,2.5718319416046143,,0.4542594439467772,0.5075527670720718,0.4584231640080576,0.45292331394661456,acc,0.5095541477203369,0.5095541477203369,2.522150754928589,,0.4518991313633666,0.5081073885368691,0.45340280384689385,0.45201080554643447
amazon-ratings,GAT,4,512,3e-05,7,1050,acc,0.586722195148468,0.586722195148468,0.9868283867835999,,0.5139297319812941,0.5747627232329242,0.5832680906689277,0.4952058944000707,acc,0.4754205346107483,0.4754205346107483,1.4006016254425049,,0.3803477604336718,0.4589950608841113,0.4172451060523266,0.37566923744492536,acc,0.4764004647731781,0.4764004647731781,1.3793796300888062,,0.38137073674233385,0.46076283866976026,0.42216713971708425,0.3760458302960228
amazon-ratings,GAT,5,512,3e-05,7,890,acc,0.5872121453285217,0.5872121453285217,0.9883989691734314,,0.5192753123524035,0.575571856360053,0.586720211651501,0.5011056410238717,acc,0.47248080372810364,0.47248080372810364,1.3897409439086914,,0.3797710577390063,0.45611927318929124,0.41276667117471566,0.37650515094943093,acc,0.4693777561187744,0.4693777561187744,1.3735878467559814,,0.37756856166695496,0.45293179539342027,0.41594875311443874,0.3735787791720394
amazon-ratings,GAT,1,512,3e-05,8,4990,acc,0.9548423886299133,0.9548423886299133,0.15629248321056366,,0.9578765462916085,0.9548942293972749,0.9620490408115394,0.9541998270979374,acc,0.535685122013092,0.535685122013092,1.8178006410598755,,0.47629160330765885,0.5294586034672204,0.5091425058170896,0.4588042798909527,acc,0.5273558497428894,0.5273558497428894,1.8180779218673706,,0.45643097283308354,0.5205187238104888,0.4833254294099302,0.44240728668347823
amazon-ratings,GAT,2,512,3e-05,8,4350,acc,0.8553813695907593,0.8553813695907593,0.3343539834022522,,0.8526054320837538,0.8554389837588877,0.8447224078835793,0.8617746292966972,acc,0.5154336094856262,0.5154336094856262,2.652627468109131,,0.45298070537700613,0.5146559610447481,0.45425568461856497,0.45219784159641785,acc,0.5059611201286316,0.5059611201286316,2.681847095489502,,0.4505961406454057,0.505116687130915,0.45115011504452535,0.45055266780678166
amazon-ratings,GAT,3,512,3e-05,8,4140,acc,0.8281887769699097,0.8281887769699097,0.426843523979187,,0.821641706855252,0.8282408713074861,0.8331865299589939,0.8142535058831648,acc,0.5118405818939209,0.5118405818939209,2.28993821144104,,0.45517647616558926,0.508947197940277,0.4630128334386419,0.452340637688911,acc,0.5072676539421082,0.5072676539421082,2.302741050720215,,0.4516228015867407,0.5039767802738335,0.456914329751262,0.45127121878685017
amazon-ratings,GAT,4,512,3e-05,8,3940,acc,0.8317001461982727,0.8317001461982727,0.4114987552165985,,0.8229017079736426,0.8315767992543793,0.8442490435061213,0.8074548360347021,acc,0.5198432207107544,0.5198432207107544,2.4819509983062744,,0.4580160237334609,0.5151893118851071,0.47480451759159326,0.449445948753972,acc,0.5151069760322571,0.5151069760322571,2.47428822517395,,0.45780273439375757,0.511101444202764,0.4716786111619742,0.45089395311510305
amazon-ratings,GAT,5,512,3e-05,8,4960,acc,0.8762861490249634,0.8762861490249634,0.30988046526908875,,0.8704996601334276,0.8762337308125902,0.8771974228168998,0.8652214427631366,acc,0.5231095552444458,0.5231095552444458,2.833113670349121,,0.4624821643003913,0.5200712896516659,0.4696918973499071,0.45814096000242543,acc,0.5115139484405518,0.5115139484405518,2.839012861251831,,0.4560759714447998,0.5092310860667022,0.45979113545490813,0.4549868689477424
amazon-ratings,GAT,1,512,3e-05,9,4540,acc,0.945451557636261,0.945451557636261,0.1841076910495758,,0.9483540756766106,0.9454786647682072,0.9558435174111398,0.9418375964962682,acc,0.5366650223731995,0.5366650223731995,1.6858100891113281,,0.48007233203524524,0.5307963673262509,0.5243439445495777,0.45844199864943613,acc,0.5307855606079102,0.5307855606079102,1.7162059545516968,,0.4728127416836302,0.524894179015731,0.5124088673663488,0.4529169895519849
amazon-ratings,GAT,2,512,3e-05,9,3930,acc,0.8373346328735352,0.8373346328735352,0.37327203154563904,,0.8286009604109257,0.8376042990077291,0.8157839842431687,0.8448905738285065,acc,0.5169034600257874,0.5169034600257874,2.5571978092193604,,0.45744126902342785,0.5168526679765687,0.4567647325998639,0.45856647380558807,acc,0.5124938488006592,0.5124938488006592,2.619309663772583,,0.45774191888286253,0.5128816684186985,0.4559750875687663,0.46020503769918675
amazon-ratings,GAT,3,512,3e-05,9,4870,acc,0.866895318031311,0.866895318031311,0.33698564767837524,,0.8601743421097947,0.8670753295350844,0.8663417010628253,0.8565294379154278,acc,0.5235995650291443,0.5235995650291443,2.4353532791137695,,0.47058654743845835,0.5214238844894696,0.47701020789983584,0.4673974555169146,acc,0.5075942873954773,0.5075942873954773,2.52577543258667,,0.4530217177237847,0.5059654924629857,0.4572198934339148,0.45077525623179254
amazon-ratings,GAT,4,512,3e-05,9,4120,acc,0.8483586311340332,0.8483586311340332,0.3763408362865448,,0.8375335688095804,0.8482840080398203,0.8557934347837982,0.8240988477705755,acc,0.5245794653892517,0.5245794653892517,2.4653124809265137,,0.4660149208987493,0.5216283960626016,0.47881297226475245,0.45846867192277163,acc,0.5120038986206055,0.5120038986206055,2.540261745452881,,0.4509836783654043,0.5087356132868812,0.4642354370808862,0.44302546170054385
amazon-ratings,GAT,5,512,3e-05,9,4960,acc,0.8802874088287354,0.8802874088287354,0.29386088252067566,,0.8705316734758455,0.8802285624663688,0.8716222345191562,0.8707974092231954,acc,0.520006537437439,0.520006537437439,2.8608691692352295,,0.46287547060614787,0.5181453876574291,0.4681676568353704,0.4596693499811261,acc,0.506941020488739,0.506941020488739,2.9294655323028564,,0.4489845971126304,0.5055783110298313,0.45230684247729325,0.4466452756300944
amazon-ratings,GAT-sep,1,512,3e-05,0,3390,acc,0.996488630771637,0.996488630771637,0.01177808828651905,,0.9964493392674353,0.9964891406622671,0.997401807181485,0.9955084331546736,acc,0.5539767742156982,0.5539767742156982,2.4475905895233154,,0.49509742163816545,0.5436000635669566,0.5939099047886657,0.46177126786163025,acc,0.5567532181739807,0.5567532181739807,2.371922016143799,,0.49875458748867246,0.5460048167817925,0.6106157630123041,0.4631992458504177
amazon-ratings,GAT-sep,2,512,3e-05,0,2220,acc,0.9812999963760376,0.9812999963760376,0.055552687495946884,,0.9813341893341845,0.9813195841684551,0.9825723316083765,0.9802077041286296,acc,0.557406485080719,0.557406485080719,2.5097808837890625,,0.5001849943614487,0.5525773713460729,0.5280721626488664,0.48477217204835765,acc,0.5590396523475647,0.5590396523475647,2.4278805255889893,,0.5108547472043059,0.5535017780445519,0.5525179022916451,0.48973162831605405
amazon-ratings,GAT-sep,3,512,3e-05,0,3450,acc,0.9964069724082947,0.9964069724082947,0.010270703583955765,,0.9962298535077034,0.9964080583992272,0.9952345223883636,0.997238232922532,acc,0.5623060464859009,0.5623060464859009,3.3693623542785645,,0.5048039564359191,0.5591613663516168,0.5173279365775454,0.4983635455152668,acc,0.5582230687141418,0.5582230687141418,3.2397634983062744,,0.5080579532352403,0.5543951786624512,0.5275995458032261,0.4967139803168382
amazon-ratings,GAT-sep,4,512,3e-05,0,2420,acc,0.9768903851509094,0.9768903851509094,0.07186026126146317,,0.9766386247764924,0.9769161177150888,0.9724561670022936,0.9811133110091234,acc,0.5529968738555908,0.5529968738555908,2.5672621726989746,,0.49987440675818684,0.5503545342462651,0.5056187158069737,0.4988078858457035,acc,0.5538134574890137,0.5538134574890137,2.452052593231201,,0.5066395462178436,0.5499122386368882,0.5202519707452007,0.4998953190280854
amazon-ratings,GAT-sep,5,512,3e-05,0,4470,acc,0.9985301494598389,0.9985301494598389,0.004604904446750879,,0.9983830871143013,0.9985304961433524,0.9978156946423009,0.9989545633294199,acc,0.5543034672737122,0.5543034672737122,3.7454206943511963,,0.49933214642270507,0.5519358684581607,0.5077231285901714,0.4936020768269386,acc,0.5565899014472961,0.5565899014472961,3.564639091491699,,0.5050576571651069,0.5538201714081579,0.5176203266349042,0.4960788192768092
amazon-ratings,GAT-sep,1,512,3e-05,1,3460,acc,0.9974685311317444,0.9974685311317444,0.009738145396113396,,0.9972499007136261,0.9974680625986905,0.99783246973532,0.9966719488753111,acc,0.5572431683540344,0.5572431683540344,2.3590729236602783,,0.5020175785337578,0.5479417803066183,0.59452260455428,0.4686160218797356,acc,0.5580597519874573,0.5580597519874573,2.377361536026001,,0.5025002745595557,0.5493635506224666,0.5990747965052678,0.46882439062325904
amazon-ratings,GAT-sep,2,512,3e-05,1,3530,acc,0.997060239315033,0.997060239315033,0.008908222429454327,,0.99682815011869,0.9970602694153508,0.9966475554585259,0.9970126689290023,acc,0.5629593133926392,0.5629593133926392,3.1160097122192383,,0.5101189376100186,0.5593823717776116,0.5289125321029458,0.49878558627974084,acc,0.5556100010871887,0.5556100010871887,3.0541024208068848,,0.5032862431191847,0.5511662268241966,0.5310820508350375,0.4882493657505075
amazon-ratings,GAT-sep,3,512,3e-05,1,3770,acc,0.9984484910964966,0.9984484910964966,0.005604345351457596,,0.9984063095044553,0.9984484641724843,0.9981412601583012,0.9986729278284565,acc,0.5613261461257935,0.5613261461257935,3.4022514820098877,,0.508232148053777,0.5578849110813663,0.5214483763305185,0.4997760459064072,acc,0.5593663454055786,0.5593663454055786,3.3659379482269287,,0.5138625219121963,0.5562412403679172,0.5279572890084444,0.5049812291396455
amazon-ratings,GAT-sep,4,512,3e-05,1,2560,acc,0.9912624359130859,0.9912624359130859,0.0353325754404068,,0.9917339006648831,0.9912622249055238,0.99122666154085,0.9922682125054934,acc,0.5588763356208801,0.5588763356208801,2.7372241020202637,,0.5028547199966537,0.5552760658297179,0.5132226319345905,0.49700696322635773,acc,0.5554466843605042,0.5554466843605042,2.721672296524048,,0.5087198622460039,0.5519218627826812,0.5263402606513535,0.4978332047136207
amazon-ratings,GAT-sep,5,512,3e-05,1,2940,acc,0.9956720471382141,0.9956720471382141,0.016041647642850876,,0.9951042705920423,0.9956723370573803,0.9944790692102563,0.9957412260040954,acc,0.5529968738555908,0.5529968738555908,3.0713140964508057,,0.5013182005223752,0.549681350456631,0.5124804312006389,0.4942118106100682,acc,0.5492405891418457,0.5492405891418457,3.0419814586639404,,0.5015827331875408,0.546148439156631,0.5152310748983858,0.49269948118478535
amazon-ratings,GAT-sep,1,512,3e-05,2,4740,acc,0.9991017580032349,0.9991017580032349,0.0030487552285194397,,0.9992832125295358,0.9991014334432422,0.9992906079522262,0.9992771837014096,acc,0.5621427297592163,0.5621427297592163,2.6828958988189697,,0.502637093952909,0.5525050398335387,0.615973220833029,0.46765948333195173,acc,0.556263267993927,0.556263267993927,2.6919407844543457,,0.48574686346691165,0.546721277778611,0.5809065320815449,0.4555984652732799
amazon-ratings,GAT-sep,2,512,3e-05,2,3310,acc,0.9951820969581604,0.9951820969581604,0.012153757736086845,,0.9954406104789657,0.9951814712385482,0.9949477255713205,0.9959447565924998,acc,0.5660623908042908,0.5660623908042908,3.1244475841522217,,0.5185898029964763,0.5619638814430928,0.5512968019447995,0.500001623938054,acc,0.5587130188941956,0.5587130188941956,3.1299915313720703,,0.4954372304852453,0.5542521116512242,0.5183898008070776,0.4820308243286925
amazon-ratings,GAT-sep,3,512,3e-05,2,3150,acc,0.9934672713279724,0.9934672713279724,0.01896287500858307,,0.9928604407283312,0.9934673673842391,0.9919163613321313,0.9938474119323395,acc,0.5572431683540344,0.5572431683540344,2.9453654289245605,,0.5073102676792075,0.5534950557163368,0.5285012926217438,0.4945286182971923,acc,0.552180290222168,0.552180290222168,2.9651923179626465,,0.4862532747186048,0.5485119908209117,0.5018618501102272,0.47637548470746316
amazon-ratings,GAT-sep,4,512,3e-05,2,3210,acc,0.9952637553215027,0.9952637553215027,0.014572255313396454,,0.9950433673254168,0.9952640582721715,0.9940460304092003,0.996060199618902,acc,0.5588763356208801,0.5588763356208801,3.0564398765563965,,0.505641013697557,0.5557265205415797,0.5209367622330119,0.49623345327191437,acc,0.5526702404022217,0.5526702404022217,3.082843065261841,,0.4932896135257982,0.5499862636112438,0.5042961762756621,0.4862306069758289
amazon-ratings,GAT-sep,5,512,3e-05,2,2210,acc,0.9826065301895142,0.9826065301895142,0.0695711225271225,,0.980942727665683,0.9826201196853837,0.977629681244327,0.9845563341844115,acc,0.5554466843605042,0.5554466843605042,2.4619946479797363,,0.5027553933173708,0.5520388877423291,0.5162061138541155,0.4956266028615299,acc,0.5543034672737122,0.5543034672737122,2.4962992668151855,,0.48699847795405804,0.5513015067414886,0.4962946006629875,0.48151039409977914
amazon-ratings,GAT-sep,1,512,3e-05,3,3700,acc,0.9985301494598389,0.9985301494598389,0.006465989165008068,,0.9988787681341492,0.998529726754011,0.9988880552913887,0.9988716807202034,acc,0.5567532181739807,0.5567532181739807,2.4553401470184326,,0.5039704952501615,0.5478570164234011,0.6029156232008008,0.4696057312429166,acc,0.5472807288169861,0.5472807288169861,2.4876935482025146,,0.4823862655947876,0.5376517961032071,0.5694083471271745,0.45399184242929147
amazon-ratings,GAT-sep,2,512,3e-05,3,3180,acc,0.997631847858429,0.997631847858429,0.009686059318482876,,0.9977651553419271,0.997630745008866,0.9975238633975836,0.998012304449816,acc,0.5621427297592163,0.5621427297592163,3.1140310764312744,,0.5092770813719306,0.5568743392983457,0.5361112855555682,0.4953023864365148,acc,0.5583863854408264,0.5583863854408264,3.1236226558685303,,0.4999178540752388,0.5533609923785102,0.5246343279531581,0.4860490603005981
amazon-ratings,GAT-sep,3,512,3e-05,3,4040,acc,0.9986118078231812,0.9986118078231812,0.004482813645154238,,0.998643173282684,0.9986113552885268,0.9985013274453214,0.9987866246273057,acc,0.5613261461257935,0.5613261461257935,3.518501043319702,,0.5111215200797405,0.5584856816119732,0.5255496016011338,0.5038143714931855,acc,0.5495672225952148,0.5495672225952148,3.5423507690429688,,0.4933485969103761,0.5463530945664633,0.5083606488980499,0.48453452371163214
amazon-ratings,GAT-sep,4,512,3e-05,3,2360,acc,0.9857096076011658,0.9857096076011658,0.052610184997320175,,0.9860070059291054,0.985714432669245,0.9855157430881769,0.9866202361947127,acc,0.5565899014472961,0.5565899014472961,2.6644158363342285,,0.5030558070042775,0.5524275781814563,0.5205431061731568,0.49348008669988863,acc,0.5513637065887451,0.5513637065887451,2.6432902812957764,,0.49249957112375087,0.54776849256829,0.5077846054697461,0.484105036022901
amazon-ratings,GAT-sep,5,512,3e-05,3,4010,acc,0.9987751245498657,0.9987751245498657,0.005162097048014402,,0.9988371828005496,0.9987750030964337,0.9987286202727569,0.9989464627702453,acc,0.5564265847206116,0.5564265847206116,3.571106195449829,,0.5044373621102118,0.5524624225327764,0.5247913499765514,0.49226509972484517,acc,0.5554466843605042,0.5554466843605042,3.533208131790161,,0.49796368925822926,0.552109177998203,0.5140274563038585,0.48739527085874246
amazon-ratings,GAT-sep,1,512,3e-05,4,2370,acc,0.9871794581413269,0.9871794581413269,0.05019222944974899,,0.9870606338466139,0.9871715329234965,0.990699037418279,0.9836079446681703,acc,0.5588763356208801,0.5588763356208801,1.9931442737579346,,0.49389294646974163,0.5470261648282422,0.6105951692703094,0.46045786946394196,acc,0.5516903400421143,0.5516903400421143,2.0277349948883057,,0.475174846660629,0.5392092013843175,0.5873607553058078,0.44573768144827425
amazon-ratings,GAT-sep,2,512,3e-05,4,2980,acc,0.995345413684845,0.995345413684845,0.014023927040398121,,0.9953678425751672,0.9953460256056484,0.9945490152663664,0.996200884958436,acc,0.5662257075309753,0.5662257075309753,2.8317549228668213,,0.510290775229526,0.5617248743931096,0.5319792845153767,0.49738508282860144,acc,0.5593663454055786,0.5593663454055786,2.9307732582092285,,0.49412989181927686,0.5547471753877723,0.5147258989526301,0.48258188510050515
amazon-ratings,GAT-sep,3,512,3e-05,4,4100,acc,0.9983668327331543,0.9983668327331543,0.004903812892735004,,0.9978652417296816,0.998367561385024,0.9971708615893687,0.9985689837540489,acc,0.5658990740776062,0.5658990740776062,3.3672730922698975,,0.5136338938406443,0.5619809361037023,0.5278304838788428,0.5045610718283812,acc,0.5580597519874573,0.5580597519874573,3.460016965866089,,0.49268958842173516,0.5548100125920986,0.5047986030827446,0.4852180613402088
amazon-ratings,GAT-sep,4,512,3e-05,4,3930,acc,0.998203456401825,0.998203456401825,0.005309801083058119,,0.9977892808339914,0.9982039314902008,0.9971308119159236,0.9984541412968989,acc,0.5732483863830566,0.5732483863830566,3.3537797927856445,,0.5222922895957288,0.5700399924171543,0.5355201521858379,0.5138094092721965,acc,0.5575698018074036,0.5575698018074036,3.495512008666992,,0.49122641771852393,0.5548252584712644,0.4989292356938564,0.48698009474327997
amazon-ratings,GAT-sep,5,512,3e-05,4,4970,acc,0.9995917081832886,0.9995917081832886,0.00256837485358119,,0.9995528669648417,0.9995917492304552,0.999396839820529,0.9997093394759439,acc,0.5658990740776062,0.5658990740776062,3.6411995887756348,,0.5173772178465988,0.5630351364483028,0.531548360414366,0.5088648412657599,acc,0.5645925402641296,0.5645925402641296,3.725586414337158,,0.5012370380809422,0.5613252252507035,0.5146687253540613,0.4935956983118312
amazon-ratings,GAT-sep,1,512,3e-05,5,2590,acc,0.9917523860931396,0.9917523860931396,0.03242741897702217,,0.9910252539146029,0.9917461575499803,0.9938392905680331,0.9882928970655284,acc,0.5502204895019531,0.5502204895019531,2.1411752700805664,,0.4813823657395096,0.5384647560701831,0.6061189142100059,0.4470150549741092,acc,0.555120050907135,0.555120050907135,2.109271287918091,,0.48841559321709865,0.5442697930865773,0.6020193834055809,0.4541347277713014
amazon-ratings,GAT-sep,2,512,3e-05,5,3000,acc,0.994773805141449,0.994773805141449,0.01519374456256628,,0.9949007743992176,0.9947740564483547,0.9953684714478914,0.9944434601531826,acc,0.5543034672737122,0.5543034672737122,3.1051740646362305,,0.4959026396960292,0.5489870809071814,0.5280468624215839,0.47914347692241516,acc,0.5596929788589478,0.5596929788589478,3.006129264831543,,0.5074385300717404,0.5545100302719146,0.5408267760533618,0.48914470741366306
amazon-ratings,GAT-sep,3,512,3e-05,5,3610,acc,0.9972235560417175,0.9972235560417175,0.008780381642282009,,0.9974094294609447,0.9972227599151566,0.9972108064192333,0.9976114719253957,acc,0.5513637065887451,0.5513637065887451,3.3916001319885254,,0.49426453968677786,0.54801966349865,0.507532015014511,0.48650849597712886,acc,0.5546301007270813,0.5546301007270813,3.3376963138580322,,0.49957377332557806,0.551473157456118,0.5114242990402948,0.49228353341301767
amazon-ratings,GAT-sep,4,512,3e-05,5,3810,acc,0.9980401396751404,0.9980401396751404,0.00766342505812645,,0.9979424307388776,0.9980401875740231,0.9977734480207701,0.9981122652932519,acc,0.5570798516273499,0.5570798516273499,3.3825199604034424,,0.498531461592212,0.5532552103557041,0.5143146105871331,0.48957385621149696,acc,0.5596929788589478,0.5596929788589478,3.299060344696045,,0.5092522933788556,0.5561094154630642,0.5233464145573852,0.5003940813923442
amazon-ratings,GAT-sep,5,512,3e-05,5,4820,acc,0.9989384412765503,0.9989384412765503,0.003633508225902915,,0.9990097240597707,0.9989385549099205,0.9987497934078942,0.9992712760775518,acc,0.5513637065887451,0.5513637065887451,3.8054420948028564,,0.4963010189677804,0.5479327898897731,0.514579811671956,0.4854270323914485,acc,0.5583863854408264,0.5583863854408264,3.7365641593933105,,0.5016006292417693,0.5549370985613675,0.5160596198952183,0.4921337720226216
amazon-ratings,GAT-sep,1,512,3e-05,6,4460,acc,0.9985301494598389,0.9985301494598389,0.004226538352668285,,0.9984723437366316,0.998530128679164,0.9989304864980525,0.9980169578072289,acc,0.5663890242576599,0.5663890242576599,2.6115686893463135,,0.5029712432211854,0.5571524299971963,0.5906500793804731,0.47159129192390087,acc,0.5652458071708679,0.5652458071708679,2.696540594100952,,0.50318056781238,0.5544555324520161,0.5997829845141195,0.46959428280801185
amazon-ratings,GAT-sep,2,512,3e-05,6,2450,acc,0.9903641939163208,0.9903641939163208,0.033211253583431244,,0.9910873133755762,0.9903674284075714,0.9922438311990305,0.9899574926212118,acc,0.5618160963058472,0.5618160963058472,2.5554397106170654,,0.5055161098060862,0.5581745467250468,0.5296731569292514,0.4912034446947936,acc,0.5634492635726929,0.5634492635726929,2.62200927734375,,0.5101223265695879,0.5586976820012901,0.536811357288045,0.49457926363425353
amazon-ratings,GAT-sep,3,512,3e-05,6,2850,acc,0.994773805141449,0.994773805141449,0.01846620813012123,,0.9950141147843873,0.9947755354274724,0.995118484457616,0.9949240179915451,acc,0.5672056078910828,0.5672056078910828,2.9620041847229004,,0.507776652275636,0.564314229679364,0.5215755322866545,0.49985035295416613,acc,0.5688387751579285,0.5688387751579285,2.970399856567383,,0.5138955142152,0.5644336474868514,0.5320130540218496,0.5035923076231652
amazon-ratings,GAT-sep,4,512,3e-05,6,3040,acc,0.9946104884147644,0.9946104884147644,0.022456448525190353,,0.9944633382368687,0.994611144424994,0.9943076252413825,0.9946339793077182,acc,0.5644292235374451,0.5644292235374451,2.8967602252960205,,0.5086908422991299,0.5613953153484776,0.5213561849721111,0.5011062136192759,acc,0.5621427297592163,0.5621427297592163,2.914008617401123,,0.5105814789503993,0.5580223305283525,0.5295723389304567,0.4992340858241245
amazon-ratings,GAT-sep,5,512,3e-05,6,4310,acc,0.9986118078231812,0.9986118078231812,0.0047213295474648476,,0.99831362876505,0.9986120411594027,0.9980082548508165,0.9986201569848792,acc,0.5707986354827881,0.5707986354827881,3.6036527156829834,,0.513055916353405,0.5677742042442091,0.5254155402756024,0.5053148868845697,acc,0.5658990740776062,0.5658990740776062,3.636014461517334,,0.5136228635347242,0.5615863393053928,0.5285850965491308,0.5047793740921753
amazon-ratings,GAT-sep,1,512,3e-05,7,2820,acc,0.9938755631446838,0.9938755631446838,0.024851635098457336,,0.9945811964327275,0.9938750450992477,0.9957452321600087,0.9934411701125871,acc,0.545810878276825,0.545810878276825,2.206361770629883,,0.47771494975716805,0.5341937711325072,0.5822877865447073,0.4456744293244224,acc,0.5490772724151611,0.5490772724151611,2.172910451889038,,0.4885358780466067,0.538944983255844,0.5937056087791599,0.4541430218803654
amazon-ratings,GAT-sep,2,512,3e-05,7,3710,acc,0.9983668327331543,0.9983668327331543,0.005838885437697172,,0.9982520454107069,0.9983668699156781,0.9978034538151922,0.9987033287741515,acc,0.551037073135376,0.551037073135376,3.4152188301086426,,0.4937021720457855,0.5475866844099944,0.5123985284018489,0.4816327846491627,acc,0.5598562955856323,0.5598562955856323,3.256850481033325,,0.49826081664759697,0.5558321642468502,0.5181360210393009,0.4857027507384516
amazon-ratings,GAT-sep,3,512,3e-05,7,3280,acc,0.9977951645851135,0.9977951645851135,0.011185924522578716,,0.9981490601547612,0.9977952149244356,0.9981003334813181,0.9982007256590044,acc,0.5552833676338196,0.5552833676338196,3.292358875274658,,0.49756245308492175,0.5516830572042558,0.5146615635348553,0.48723507819351564,acc,0.5606728792190552,0.5606728792190552,3.1664178371429443,,0.5015878681159557,0.5567140617781213,0.5206805345950205,0.4906594732213465
amazon-ratings,GAT-sep,4,512,3e-05,7,3260,acc,0.997060239315033,0.997060239315033,0.01136362086981535,,0.9966228026298897,0.9970607584627431,0.9957150253713625,0.9975463510910242,acc,0.5469540953636169,0.5469540953636169,3.213287830352783,,0.4871835042273589,0.544073893736686,0.49709714407030975,0.4805821416716684,acc,0.5507104396820068,0.5507104396820068,3.1155967712402344,,0.48955441955948087,0.5478059579881116,0.5003499426351078,0.482680361205844
amazon-ratings,GAT-sep,5,512,3e-05,7,4820,acc,0.9995100498199463,0.9995100498199463,0.0024468081537634134,,0.9994796182511838,0.9995101196636113,0.9992928420262348,0.9996673073279012,acc,0.5495672225952148,0.5495672225952148,3.8932008743286133,,0.4925963913146947,0.5466927173974996,0.5065488629412304,0.48341769610234453,acc,0.5454842448234558,0.5454842448234558,3.7848126888275146,,0.49051278128416753,0.5424695612015074,0.5063003251477758,0.48027706836474565
amazon-ratings,GAT-sep,1,512,3e-05,8,3470,acc,0.9981217980384827,0.9981217980384827,0.007813802920281887,,0.9985217576622333,0.998121641394535,0.9987887632569766,0.998257528552975,acc,0.5587130188941956,0.5587130188941956,2.471186876296997,,0.4982617440127733,0.549278877486511,0.5893439140967498,0.4662110184949594,acc,0.5438510775566101,0.5438510775566101,2.501115083694458,,0.4854008246396573,0.5342918985809001,0.5743548249258897,0.45413932501476123
amazon-ratings,GAT-sep,2,512,3e-05,8,3310,acc,0.995345413684845,0.995345413684845,0.011314904317259789,,0.9952773218378088,0.9953456081699374,0.994299099506299,0.9962682777857408,acc,0.5634492635726929,0.5634492635726929,3.166935920715332,,0.5024846612788726,0.5592005561964235,0.5180606550897122,0.49388949386345704,acc,0.5531601905822754,0.5531601905822754,3.1973824501037598,,0.49841739511200966,0.548660055967917,0.5150791744665658,0.48975195341068484
amazon-ratings,GAT-sep,3,512,3e-05,8,2690,acc,0.9899559020996094,0.9899559020996094,0.03321331366896629,,0.991099289468481,0.989963485635536,0.9902304979915593,0.992022923313581,acc,0.5549567341804504,0.5549567341804504,2.8939614295959473,,0.5010356131266963,0.5513896304217544,0.5132617211376107,0.49674453151398995,acc,0.5454842448234558,0.5454842448234558,2.892270565032959,,0.48978876795912807,0.5414711410587493,0.5009838908661248,0.4865790383393608
amazon-ratings,GAT-sep,4,512,3e-05,8,2690,acc,0.9884860515594482,0.9884860515594482,0.040585633367300034,,0.988552668845023,0.9884972379857522,0.9860487271893655,0.9911622114022162,acc,0.556263267993927,0.556263267993927,2.7083847522735596,,0.5007637765041962,0.5528067045346747,0.5133065950322477,0.4959339645742412,acc,0.5508737564086914,0.5508737564086914,2.7100107669830322,,0.4915967043195022,0.5470061665643755,0.5041771172542382,0.48745235698013545
amazon-ratings,GAT-sep,5,512,3e-05,8,4970,acc,0.9991834163665771,0.9991834163665771,0.00342678464949131,,0.999415067224678,0.9991833621222665,0.9994376614114231,0.9993926267278118,acc,0.5600196123123169,0.5600196123123169,3.88511323928833,,0.4994454208429354,0.5566394182912735,0.5134774465387035,0.49140588589932077,acc,0.5536501407623291,0.5536501407623291,3.9190526008605957,,0.4974546085285555,0.5504065733693213,0.5094393240852843,0.4905894407426393
amazon-ratings,GAT-sep,1,512,3e-05,9,2240,acc,0.9852196574211121,0.9852196574211121,0.05766282603144646,,0.9851011461660558,0.9852262119511416,0.9886533490547785,0.9817633916461755,acc,0.5420545339584351,0.5420545339584351,1.9199304580688477,,0.4864143440671821,0.5329208612468458,0.5985326998835245,0.45195478625978536,acc,0.545810878276825,0.545810878276825,1.910888671875,,0.48301325286534347,0.5366076870567716,0.5984112260048942,0.44983719331205546
amazon-ratings,GAT-sep,2,512,3e-05,9,3730,acc,0.9973868727684021,0.9973868727684021,0.006819974631071091,,0.9972720010230198,0.9973867738564747,0.9968817525095652,0.9976684051034415,acc,0.5559366345405579,0.5559366345405579,3.237251043319702,,0.5064030411845619,0.5529557563216666,0.5244292528474916,0.4961380202448599,acc,0.552180290222168,0.552180290222168,3.2812724113464355,,0.49499486168528295,0.549252584742509,0.5119494308906262,0.4849385361152315
amazon-ratings,GAT-sep,3,512,3e-05,9,4600,acc,0.998203456401825,0.998203456401825,0.00465948274359107,,0.9983669591738437,0.9982034171926397,0.9982573948692164,0.9984778305524799,acc,0.5588763356208801,0.5588763356208801,3.546664237976074,,0.5103872953383354,0.5559006026627356,0.5260059800347847,0.5013870251408186,acc,0.5552833676338196,0.5552833676338196,3.5742132663726807,,0.5016723601577973,0.5524076501272162,0.5138233530857677,0.49481112102585734
amazon-ratings,GAT-sep,4,512,3e-05,9,4220,acc,0.9985301494598389,0.9985301494598389,0.004763306584209204,,0.9983287218894734,0.9985300447393431,0.9980479526827774,0.9986112252437833,acc,0.559203028678894,0.559203028678894,3.415452003479004,,0.5129831860703549,0.556725014505897,0.5282775459613335,0.5030699536241063,acc,0.5485872626304626,0.5485872626304626,3.4812912940979004,,0.4989496761982207,0.546454171394896,0.5088985867478446,0.4922025796917747
amazon-ratings,GAT-sep,5,512,3e-05,9,3000,acc,0.9952637553215027,0.9952637553215027,0.019917840138077736,,0.995359471503771,0.9952628722892435,0.9948985017332979,0.9958305359755792,acc,0.5526702404022217,0.5526702404022217,2.915431022644043,,0.504399233300447,0.550215317191868,0.5159438996272887,0.4970209091190411,acc,0.5497305393218994,0.5497305393218994,2.9597294330596924,,0.49595790753779845,0.5469857429385389,0.5061370823219339,0.4894975932603479
amazon-ratings,GT,1,512,3e-05,0,3890,acc,0.9969785809516907,0.9969785809516907,0.009300402365624905,,0.9969231301476975,0.9969791009638298,0.9963575280320061,0.9974930388435868,acc,0.5422178506851196,0.5422178506851196,2.2203757762908936,,0.4899928867392764,0.5360225543800892,0.5456898670359606,0.4648244582256716,acc,0.5559366345405579,0.5559366345405579,2.1008970737457275,,0.5062667738739051,0.5497470194997233,0.5672601006853005,0.47853496817485935
amazon-ratings,GT,2,512,3e-05,0,2990,acc,0.9915074110031128,0.9915074110031128,0.028796685859560966,,0.9898616520694731,0.9915160008936731,0.9880501658504027,0.9917495665909322,acc,0.5556100010871887,0.5556100010871887,2.3130626678466797,,0.5029004882195627,0.552029578424353,0.5179235094808077,0.4938072545183794,acc,0.559203028678894,0.559203028678894,2.217468738555908,,0.5138356260413447,0.5558317920252402,0.5339408326071828,0.5014578335551978
amazon-ratings,GT,3,512,3e-05,0,2190,acc,0.9592519998550415,0.9592519998550415,0.12595368921756744,,0.9575813999726013,0.9594026537549534,0.9581656013660776,0.9576125206500393,acc,0.5515270233154297,0.5515270233154297,1.875669240951538,,0.49907167622825793,0.5480170139822914,0.5110426243277556,0.49366248347763236,acc,0.5526702404022217,0.5526702404022217,1.847137451171875,,0.5019257105699066,0.5483720010051064,0.5186589804344024,0.49286901824046686
amazon-ratings,GT,4,512,3e-05,0,4130,acc,0.9974685311317444,0.9974685311317444,0.007240322884172201,,0.9971579307940909,0.9974690040099239,0.996129933692783,0.9981958711568503,acc,0.5582230687141418,0.5582230687141418,3.075244903564453,,0.5092310590380358,0.5556810175774534,0.5179275043664467,0.5037343090887775,acc,0.5546301007270813,0.5546301007270813,2.938106060028076,,0.5077272814517875,0.5516289070352394,0.5231523061997853,0.4973766543479887
amazon-ratings,GT,5,512,3e-05,0,2210,acc,0.9658663868904114,0.9658663868904114,0.11051133275032043,,0.9635889435601193,0.9659329460670208,0.9627468049025192,0.964642934997892,acc,0.5502204895019531,0.5502204895019531,2.015949010848999,,0.49696027832526124,0.5470991151473367,0.5073386624935203,0.4911079031388942,acc,0.5525069236755371,0.5525069236755371,1.9302406311035156,,0.5029534213111311,0.5486616477244706,0.5195747729321353,0.4931006848269173
amazon-ratings,GT,1,512,3e-05,1,3380,acc,0.9956720471382141,0.9956720471382141,0.0171489417552948,,0.9954658156917018,0.9956723148244412,0.9954490699644835,0.9954892014873821,acc,0.543197751045227,0.543197751045227,1.9876906871795654,,0.49271695248194264,0.5362940014262467,0.553938652293726,0.465506292929902,acc,0.5451576113700867,0.5451576113700867,1.9963130950927734,,0.4943816247923509,0.5387585645341098,0.5576663091990264,0.4670820336556468
amazon-ratings,GT,2,512,3e-05,1,4600,acc,0.9978768229484558,0.9978768229484558,0.005239424295723438,,0.997709271625346,0.9978766239516077,0.9972168974988991,0.9982058486682419,acc,0.5642658472061157,0.5642658472061157,2.8125691413879395,,0.5088053747145659,0.5610058033585342,0.5223208764547633,0.5004896428306147,acc,0.5611628293991089,0.5611628293991089,2.77109956741333,,0.509495407469452,0.5576856320700229,0.5238819920129486,0.5006859100152142
amazon-ratings,GT,3,512,3e-05,1,3170,acc,0.994202196598053,0.994202196598053,0.018042318522930145,,0.9935488544668705,0.9942023291678669,0.9927771909325335,0.9943391565607834,acc,0.5547934174537659,0.5547934174537659,2.46114182472229,,0.5018650576122643,0.5507946877878055,0.5187244507976215,0.4924524401712099,acc,0.5529968738555908,0.5529968738555908,2.4340145587921143,,0.5007160914679634,0.5492309434369206,0.5158281500633028,0.49258989513246076
amazon-ratings,GT,4,512,3e-05,1,4890,acc,0.9992650747299194,0.9992650747299194,0.0022255349904298782,,0.9993453504898719,0.9992650892489409,0.9991432400430151,0.9995483395030138,acc,0.5600196123123169,0.5600196123123169,3.3862569332122803,,0.5100305965034968,0.5569499816324509,0.5241002074257357,0.5007302573831773,acc,0.5529968738555908,0.5529968738555908,3.3820254802703857,,0.5069670611269876,0.5500917480793787,0.5240025389849734,0.4958256876943862
amazon-ratings,GT,5,512,3e-05,1,4080,acc,0.9986934661865234,0.9986934661865234,0.0038501438684761524,,0.9983521290783802,0.9986937035386587,0.9977813072750065,0.9989269025675899,acc,0.5593663454055786,0.5593663454055786,3.1323187351226807,,0.5050667125052677,0.5566100171182154,0.5156245724093236,0.49797141955751234,acc,0.5539767742156982,0.5539767742156982,3.0646519660949707,,0.503288316816,0.551001378793027,0.5182369690178378,0.49323062093166276
amazon-ratings,GT,1,512,3e-05,2,3680,acc,0.996488630771637,0.996488630771637,0.013111728243529797,,0.9967317413704411,0.99648871222739,0.9961786234638431,0.9972944825952987,acc,0.555120050907135,0.555120050907135,2.0328989028930664,,0.49786355470398264,0.547843401102953,0.5683427106645186,0.46964119255297954,acc,0.5485872626304626,0.5485872626304626,2.0699169635772705,,0.4817598235890211,0.5409845629439135,0.5405780286564392,0.45783531144799383
amazon-ratings,GT,2,512,3e-05,2,4120,acc,0.997060239315033,0.997060239315033,0.006911467760801315,,0.9968324744438994,0.997060749800739,0.996000275996419,0.9976762963209241,acc,0.5596929788589478,0.5596929788589478,2.751997232437134,,0.506568342986686,0.5558520395159318,0.5285519827220854,0.49294929222793116,acc,0.559203028678894,0.559203028678894,2.738696336746216,,0.4929686401828186,0.5548629861537154,0.511933978229319,0.4810968569100226
amazon-ratings,GT,3,512,3e-05,2,3340,acc,0.9965702891349792,0.9965702891349792,0.011270308867096901,,0.9964244761052006,0.9965707489546907,0.9955577465561609,0.9973057167253983,acc,0.5598562955856323,0.5598562955856323,2.7214996814727783,,0.5085471666417194,0.5559532572563032,0.5277854825684991,0.49714057708785064,acc,0.5544667840003967,0.5544667840003967,2.724717855453491,,0.4928518493037871,0.5505073103336312,0.5099371344230799,0.48208428007266013
amazon-ratings,GT,4,512,3e-05,2,2500,acc,0.9845663905143738,0.9845663905143738,0.05340614914894104,,0.9835084652899976,0.9845870155217252,0.9804656480603897,0.9867538702653299,acc,0.558549702167511,0.558549702167511,2.159055471420288,,0.5088449426213402,0.5550984608427622,0.5277243165612893,0.49785259226885376,acc,0.5438510775566101,0.5438510775566101,2.188390016555786,,0.48131562310864373,0.5412690965594329,0.48932796726041283,0.4764520940134805
amazon-ratings,GT,5,512,3e-05,2,3360,acc,0.9956720471382141,0.9956720471382141,0.013880917802453041,,0.995437968819413,0.9956737326762041,0.9943827015148916,0.9965158353073253,acc,0.5580597519874573,0.5580597519874573,2.6571664810180664,,0.5094003392574186,0.5549035157034792,0.5268793158915606,0.4981073857254457,acc,0.5482606291770935,0.5482606291770935,2.6703133583068848,,0.48656391010075917,0.5454043250048602,0.5006010296957306,0.47709191529255446
amazon-ratings,GT,1,512,3e-05,3,3590,acc,0.9977951645851135,0.9977951645851135,0.009053429588675499,,0.9978489277710686,0.9977948501641863,0.9972901591125888,0.9984129114608551,acc,0.5459741950035095,0.5459741950035095,2.1195554733276367,,0.49810964685822945,0.5394843414601223,0.5614258665510596,0.4702315599090924,acc,0.5399314165115356,0.5399314165115356,2.1439385414123535,,0.4762564329190056,0.5324805674778821,0.5321105085605927,0.4530671765038877
amazon-ratings,GT,2,512,3e-05,3,4400,acc,0.9989384412765503,0.9989384412765503,0.0044335490092635155,,0.9989075760957397,0.9989383955427379,0.9986196446591469,0.9991978651991922,acc,0.5583863854408264,0.5583863854408264,2.8565146923065186,,0.5028255564601705,0.5543506287535704,0.5205462728880896,0.49252454243104726,acc,0.5484239459037781,0.5484239459037781,2.868191719055176,,0.48922718692474076,0.5446112452131956,0.5072347626289201,0.4782584693739185
amazon-ratings,GT,3,512,3e-05,3,2600,acc,0.9882410764694214,0.9882410764694214,0.04270539432764053,,0.9879987867786977,0.9882356803867758,0.9868589229911778,0.989241789486124,acc,0.5534868240356445,0.5534868240356445,2.2475078105926514,,0.5040582944778873,0.5495117127139968,0.5226574249222472,0.49376500555025526,acc,0.5464641451835632,0.5464641451835632,2.2471208572387695,,0.48622559001981935,0.5421460728140182,0.5024574216159775,0.4770758759084389
amazon-ratings,GT,4,512,3e-05,3,3150,acc,0.9943655133247375,0.9943655133247375,0.019805951043963432,,0.9932104333096582,0.9943676331922839,0.9912223561477435,0.9952584773166316,acc,0.5575698018074036,0.5575698018074036,2.4720051288604736,,0.5071837861645594,0.5543617703073531,0.519734048737999,0.5001380095190358,acc,0.5520169734954834,0.5520169734954834,2.4713947772979736,,0.4955947994019848,0.5486078534181935,0.5085273670082406,0.48792555776964947
amazon-ratings,GT,5,512,3e-05,3,3180,acc,0.9967336058616638,0.9967336058616638,0.012295129708945751,,0.9965402391781369,0.9967331301350614,0.9959451193170589,0.9971419639705126,acc,0.5528335571289062,0.5528335571289062,2.690345525741577,,0.4985413734759089,0.5495736093837398,0.5110071506424018,0.49096430636742117,acc,0.5454842448234558,0.5454842448234558,2.6823105812072754,,0.48893538695273164,0.5426452756521707,0.5016072372617041,0.4807081979371358
amazon-ratings,GT,1,512,3e-05,4,2740,acc,0.9934672713279724,0.9934672713279724,0.023092029616236687,,0.9933707660931335,0.993470270924633,0.9928612111348242,0.9939066857223441,acc,0.5570798516273499,0.5570798516273499,1.8437944650650024,,0.49548518717140216,0.548484846858908,0.5730694983168547,0.4664527200958071,acc,0.5384615063667297,0.5384615063667297,1.8893535137176514,,0.4698916930504162,0.5300290338853171,0.5384575222694048,0.44446997424818047
amazon-ratings,GT,2,512,3e-05,4,2330,acc,0.9801567792892456,0.9801567792892456,0.0706903412938118,,0.9795441396775602,0.9801712587840515,0.9774383684011795,0.981968597655127,acc,0.5606728792190552,0.5606728792190552,1.8785120248794556,,0.5036682098917366,0.5555564415004379,0.5233825386439356,0.49223518614673045,acc,0.5529968738555908,0.5529968738555908,1.938554048538208,,0.4881160925371703,0.548492259967909,0.5053378867166802,0.47771259432133173
amazon-ratings,GT,3,512,3e-05,4,4770,acc,0.9991017580032349,0.9991017580032349,0.0033950989600270987,,0.9990444398595159,0.9991016862946951,0.9989062589343252,0.9991832564469074,acc,0.5611628293991089,0.5611628293991089,2.9548399448394775,,0.5063097547025949,0.5581613516799218,0.518718443923367,0.49791906912715833,acc,0.5621427297592163,0.5621427297592163,3.0647003650665283,,0.49746641545934905,0.5591993648522579,0.5094758631005509,0.48930662259515695
amazon-ratings,GT,4,512,3e-05,4,2630,acc,0.9896292686462402,0.9896292686462402,0.03567904978990555,,0.9875213515542182,0.9896436120860574,0.9845430488665908,0.9906951101439414,acc,0.5560999512672424,0.5560999512672424,2.212653875350952,,0.5003413118454044,0.5528228994086217,0.5077495836113229,0.49698574197475176,acc,0.5492405891418457,0.5492405891418457,2.307407855987549,,0.48893728056922925,0.5459846305476235,0.49806835401314,0.48315689801852696
amazon-ratings,GT,5,512,3e-05,4,4650,acc,0.9991017580032349,0.9991017580032349,0.0026417660992592573,,0.9989696610784016,0.999101788894526,0.9985927535723809,0.9993482316112747,acc,0.5611628293991089,0.5611628293991089,3.1396594047546387,,0.5067503781551775,0.558428283769601,0.5198123671995997,0.4975346684724098,acc,0.5525069236755371,0.5525069236755371,3.2503881454467773,,0.4922786574829702,0.549610795390907,0.5048306009565859,0.48346477120134346
amazon-ratings,GT,1,512,3e-05,5,2620,acc,0.9891393184661865,0.9891393184661865,0.0425557866692543,,0.9882855851790342,0.9891412980707379,0.9903381519314893,0.9863128946752692,acc,0.5412379503250122,0.5412379503250122,1.7671949863433838,,0.48231024692781616,0.5338032465911273,0.5440105175551745,0.45611876785929806,acc,0.5397680997848511,0.5397680997848511,1.752941370010376,,0.48078334647457305,0.5322693631926699,0.5421670604492705,0.45458751552179766
amazon-ratings,GT,2,512,3e-05,5,4850,acc,0.9986118078231812,0.9986118078231812,0.004801339935511351,,0.9987947428694935,0.9986119429012399,0.9985876130746408,0.9990037042398244,acc,0.5580597519874573,0.5580597519874573,2.971156358718872,,0.5015684837898535,0.5531197381072421,0.528376716146352,0.48656617341075037,acc,0.5593663454055786,0.5593663454055786,2.927645444869995,,0.5074204335043374,0.5550715361003365,0.5321724704000141,0.49239462435367204
amazon-ratings,GT,3,512,3e-05,5,3890,acc,0.9977951645851135,0.9977951645851135,0.007711290381848812,,0.9976778315263809,0.9977954726399281,0.9970246420123081,0.9983357325732504,acc,0.5528335571289062,0.5528335571289062,2.91684627532959,,0.49538671307657856,0.5492035193422468,0.5121177128197258,0.48532002975576105,acc,0.5557733178138733,0.5557733178138733,2.887059211730957,,0.5040692252198417,0.5522770438114718,0.5244391179787578,0.4908829717956126
amazon-ratings,GT,4,512,3e-05,5,2510,acc,0.986362874507904,0.986362874507904,0.04819106310606003,,0.9854597642240142,0.9863736781627338,0.9835565182397824,0.9874811825300815,acc,0.5502204895019531,0.5502204895019531,2.2302045822143555,,0.49038531166544114,0.5459723355713139,0.5069234634271736,0.48103179552339903,acc,0.5503838062286377,0.5503838062286377,2.202115058898926,,0.49683854627000656,0.5465147936135833,0.5123827233699537,0.4869939144687975
amazon-ratings,GT,5,512,3e-05,5,4400,acc,0.9989384412765503,0.9989384412765503,0.0036860392428934574,,0.9988960396030035,0.9989385811316119,0.9984985455963417,0.9992949653331328,acc,0.5582230687141418,0.5582230687141418,3.338864803314209,,0.5027380306895348,0.5546785160567169,0.5206912767152846,0.49159655287934384,acc,0.5583863854408264,0.5583863854408264,3.2730181217193604,,0.5088060790996852,0.555072239642081,0.5268153179173808,0.4965673551728699
amazon-ratings,GT,1,512,3e-05,6,2720,acc,0.9904458522796631,0.9904458522796631,0.042060211300849915,,0.9908030343509882,0.9904435564369304,0.9920304601011065,0.9896104416663759,acc,0.552180290222168,0.552180290222168,1.7377724647521973,,0.48683726682049694,0.5440480004828228,0.5511927592348163,0.4601188355816749,acc,0.544667661190033,0.544667661190033,1.7848862409591675,,0.48730739699579606,0.5362770190407583,0.5500344881897972,0.4600820852216585
amazon-ratings,GT,2,512,3e-05,6,4230,acc,0.9982851147651672,0.9982851147651672,0.006225392688065767,,0.9983606496824986,0.9982855639016334,0.9980014235878405,0.9987227247883169,acc,0.5670422911643982,0.5670422911643982,2.7572712898254395,,0.5013018412951811,0.5636855665931286,0.5143448877238679,0.49318775820178545,acc,0.5582230687141418,0.5582230687141418,2.860085964202881,,0.5009703529244474,0.5542985200871174,0.5152436681575299,0.492975534463849
amazon-ratings,GT,3,512,3e-05,6,3030,acc,0.9937122464179993,0.9937122464179993,0.021086590364575386,,0.9936752493209514,0.9937138800160424,0.9933038654556336,0.9940674763535823,acc,0.5660623908042908,0.5660623908042908,2.4167628288269043,,0.5011544008291877,0.5627846591808155,0.5123740318872465,0.4949013736098564,acc,0.551037073135376,0.551037073135376,2.4751198291778564,,0.4991786792976298,0.5473842480922833,0.5115066225419657,0.49246848012503674
amazon-ratings,GT,4,512,3e-05,6,2450,acc,0.986362874507904,0.986362874507904,0.04919908568263054,,0.9857514135616586,0.9863708799595677,0.9842936514062199,0.9873209027706358,acc,0.5593663454055786,0.5593663454055786,2.225165605545044,,0.4967785803412717,0.5565965205617117,0.5066934697348107,0.49093511521632227,acc,0.5518536567687988,0.5518536567687988,2.289167642593384,,0.49990269468066273,0.5483185602426417,0.5103788611257537,0.49353673770280404
amazon-ratings,GT,5,512,3e-05,6,4590,acc,0.9993467330932617,0.9993467330932617,0.002637062920257449,,0.9992327474528437,0.9993468228339619,0.9988813802404385,0.9995856258571891,acc,0.5642658472061157,0.5642658472061157,3.4234237670898438,,0.5025433809430935,0.5621306510379293,0.5111306741497438,0.4963148246717279,acc,0.5570798516273499,0.5570798516273499,3.4977054595947266,,0.505417348479247,0.5543776669738697,0.5144288342239084,0.4992894035674971
amazon-ratings,GT,1,512,3e-05,7,3590,acc,0.9969785809516907,0.9969785809516907,0.012405749410390854,,0.9972443277621922,0.9969787110058456,0.9971506327060459,0.997343291478882,acc,0.5399314165115356,0.5399314165115356,2.0930421352386475,,0.4838697813257179,0.5333207553982273,0.5370212931077732,0.45919908501304246,acc,0.5418912172317505,0.5418912172317505,2.058973550796509,,0.48731078902900277,0.535488095351106,0.5470895846210434,0.46075949596710075
amazon-ratings,GT,2,512,3e-05,7,3770,acc,0.9963253140449524,0.9963253140449524,0.010079775005578995,,0.9958263110581645,0.9963261632134944,0.994520574764975,0.9971515408360571,acc,0.5508737564086914,0.5508737564086914,2.5949740409851074,,0.4968070712512742,0.5479806770543659,0.512110251824104,0.4860904377154707,acc,0.5512003898620605,0.5512003898620605,2.5201079845428467,,0.49118287253069887,0.5476689555048235,0.5049996584608241,0.4820180765590167
amazon-ratings,GT,3,512,3e-05,7,2430,acc,0.9796668291091919,0.9796668291091919,0.06741371750831604,,0.978945273348201,0.9797143281586849,0.9754718097445163,0.982739623929735,acc,0.5467907786369324,0.5467907786369324,2.0647242069244385,,0.49394915560059915,0.544109150742896,0.5052721562043032,0.4869425733824272,acc,0.5479339957237244,0.5479339957237244,2.0095791816711426,,0.4906229998636696,0.5451205450724113,0.4997957015027497,0.4850231174279404
amazon-ratings,GT,4,512,3e-05,7,2380,acc,0.9802384376525879,0.9802384376525879,0.06852374225854874,,0.9801134516803837,0.980279094727332,0.9770287877598747,0.9834842212627098,acc,0.5448309779167175,0.5448309779167175,2.097111701965332,,0.48959108243649485,0.5417900961087195,0.5012887381109492,0.4822502765815059,acc,0.5449942946434021,0.5449942946434021,2.06691575050354,,0.48930275569797194,0.5421541745622179,0.4980489416570017,0.4844281635421338
amazon-ratings,GT,5,512,3e-05,7,4650,acc,0.9984484910964966,0.9984484910964966,0.003993617836385965,,0.9981814863434846,0.998448746517534,0.9973984305154552,0.9989693814233961,acc,0.5507104396820068,0.5507104396820068,3.228156566619873,,0.49674062613901054,0.5488408329443187,0.5063884520081038,0.4894394623404591,acc,0.5482606291770935,0.5482606291770935,3.1472487449645996,,0.4900372227151587,0.546018460367999,0.499246642616962,0.483137200999468
amazon-ratings,GT,1,512,3e-05,8,3330,acc,0.9957537055015564,0.9957537055015564,0.015532202087342739,,0.9960695786184083,0.9957545130625053,0.9957670836010095,0.9963809111358846,acc,0.552180290222168,0.552180290222168,2.031712293624878,,0.48973496715697384,0.5440613843220728,0.5546299625413194,0.46345902166482117,acc,0.5374816060066223,0.5374816060066223,2.0599656105041504,,0.48098638365681196,0.5295505373467796,0.5488456221889109,0.4536382675283076
amazon-ratings,GT,2,512,3e-05,8,3060,acc,0.9933856129646301,0.9933856129646301,0.024640372022986412,,0.9933701756185253,0.9933871573841906,0.991407155369599,0.9953865537807852,acc,0.5582230687141418,0.5582230687141418,2.3165361881256104,,0.501115227240644,0.5537020677645513,0.5205187286367193,0.49007728074212437,acc,0.5489138960838318,0.5489138960838318,2.3395228385925293,,0.4892538531347115,0.5442652412414607,0.5021576649367059,0.4825375101682098
amazon-ratings,GT,3,512,3e-05,8,4480,acc,0.998203456401825,0.998203456401825,0.005367348436266184,,0.9979953438971132,0.9982034982809073,0.9974857867381701,0.998512712470147,acc,0.5605095624923706,0.5605095624923706,2.9794371128082275,,0.5013757942441994,0.5568844489882446,0.5134688736922636,0.4943984420761902,acc,0.5518536567687988,0.5518536567687988,2.991828680038452,,0.49355404650863816,0.5477117308223713,0.5061646828863027,0.48691415109800096
amazon-ratings,GT,4,512,3e-05,8,4080,acc,0.9972235560417175,0.9972235560417175,0.007513110525906086,,0.9971218372841871,0.9972236282052336,0.9962012349077856,0.9980524041654381,acc,0.5575698018074036,0.5575698018074036,2.9569201469421387,,0.4970294363945872,0.5547609223187095,0.5073961193102708,0.4902611563074027,acc,0.5531601905822754,0.5531601905822754,2.9668197631835938,,0.4929599851571093,0.5500785753624701,0.5026914974113272,0.4868648836495052
amazon-ratings,GT,5,512,3e-05,8,3180,acc,0.9943655133247375,0.9943655133247375,0.017923545092344284,,0.9941256050147427,0.9943674962341151,0.992244251799368,0.9960495562996099,acc,0.5539767742156982,0.5539767742156982,2.6240193843841553,,0.49629893796371827,0.55145823474106,0.5057404025704273,0.49097041589183626,acc,0.5464641451835632,0.5464641451835632,2.6375763416290283,,0.4894868773269824,0.5430227234595868,0.5003468831725678,0.48344383778540034
amazon-ratings,GT,1,512,3e-05,9,4970,acc,0.998203456401825,0.998203456401825,0.004938250407576561,,0.998292799333653,0.9982033327910366,0.9981026834460305,0.9984849393148421,acc,0.5373182892799377,0.5373182892799377,2.3097517490386963,,0.48550105492288476,0.5309779115441207,0.5431632874972797,0.4591668213497691,acc,0.551037073135376,0.551037073135376,2.265995740890503,,0.49547931293146996,0.5448449315532555,0.5499283186132651,0.4699394678472978
amazon-ratings,GT,2,512,3e-05,9,3270,acc,0.9957537055015564,0.9957537055015564,0.014159854501485825,,0.9956745345038694,0.9957539274292975,0.9949045381411613,0.9964607673214271,acc,0.5531601905822754,0.5531601905822754,2.4341728687286377,,0.5030566967162619,0.5496583354147383,0.5196969245384955,0.4925272453612533,acc,0.5505471229553223,0.5505471229553223,2.4488942623138428,,0.4962418829196814,0.5477415686465901,0.510302702242192,0.4868450350578276
amazon-ratings,GT,3,512,3e-05,9,3400,acc,0.9966519474983215,0.9966519474983215,0.01242942176759243,,0.9966455260077381,0.9966515387066419,0.9961341260487557,0.9971661932158546,acc,0.55332350730896,0.55332350730896,2.574216604232788,,0.5031695366387243,0.5502031918588558,0.516312978468068,0.4951692020560482,acc,0.5512003898620605,0.5512003898620605,2.6044869422912598,,0.494852581080255,0.5483413108982188,0.5056384263267323,0.4884812529558899
amazon-ratings,GT,4,512,3e-05,9,3260,acc,0.9967336058616638,0.9967336058616638,0.011445393785834312,,0.9961482790849263,0.9967344644083174,0.9951747060218606,0.9971403503334708,acc,0.5547934174537659,0.5547934174537659,2.6995999813079834,,0.5049869330271695,0.552313241120123,0.5143932680129429,0.49911320911942025,acc,0.5523436069488525,0.5523436069488525,2.7002687454223633,,0.4949453221905561,0.5500387862767825,0.5031578771872028,0.4902594830292607
amazon-ratings,GT,5,512,3e-05,9,2600,acc,0.9890576601028442,0.9890576601028442,0.03927350789308548,,0.9878341535978876,0.9890678897797701,0.9853788690508528,0.990418254646072,acc,0.551037073135376,0.551037073135376,2.2591116428375244,,0.500137764620526,0.5482578385875316,0.5102930210412595,0.49445581503200203,acc,0.5487505793571472,0.5487505793571472,2.2850770950317383,,0.49829931060564736,0.5464665097426388,0.5083795283557964,0.49233613042297275
amazon-ratings,GT-sep,1,512,3e-05,0,3500,acc,0.9972235560417175,0.9972235560417175,0.008517971262335777,,0.9963703611555028,0.9972251116329441,0.9952513258452989,0.9975038817461257,acc,0.5427078008651733,0.5427078008651733,2.2165441513061523,,0.495520305968855,0.5369688710436522,0.551585791468771,0.46935846727266817,acc,0.5485872626304626,0.5485872626304626,2.0583887100219727,,0.5007720139983348,0.5424581776480791,0.5601379124378433,0.47302310849393053
amazon-ratings,GT-sep,2,512,3e-05,0,2310,acc,0.9820349216461182,0.9820349216461182,0.06792358309030533,,0.9803848169380661,0.9820597191113284,0.9783413949579947,0.9825505478476242,acc,0.5497305393218994,0.5497305393218994,1.9974126815795898,,0.5001020056360848,0.5466538669988524,0.5151433514607671,0.49079928075861845,acc,0.5543034672737122,0.5543034672737122,1.9118695259094238,,0.4991468480955822,0.5495421326900368,0.5206035761638288,0.48656870055799456
amazon-ratings,GT-sep,3,512,3e-05,0,2570,acc,0.9909358024597168,0.9909358024597168,0.03168502822518349,,0.9897788501119293,0.9909458289252199,0.9884054347446345,0.9912225310735971,acc,0.5580597519874573,0.5580597519874573,2.298821210861206,,0.5050166444266945,0.5546088239055469,0.5200395047250561,0.49596880759869294,acc,0.557406485080719,0.557406485080719,2.1918015480041504,,0.5043556648381724,0.5533225191225484,0.5226781189032919,0.4935487371120403
amazon-ratings,GT-sep,4,512,3e-05,0,1910,acc,0.9485546350479126,0.9485546350479126,0.1553737372159958,,0.9473587586141161,0.9487582316998574,0.9485327640751727,0.9468769084209935,acc,0.5489138960838318,0.5489138960838318,1.8072296380996704,,0.49468316103962484,0.5450700275771152,0.5073494338488845,0.4880420392021291,acc,0.5525069236755371,0.5525069236755371,1.7542058229446411,,0.5007775939244706,0.547546138909283,0.5227753584384544,0.48878667263395376
amazon-ratings,GT-sep,5,512,3e-05,0,3880,acc,0.9983668327331543,0.9983668327331543,0.00489424355328083,,0.9980116223028725,0.998367060882495,0.9971750216989002,0.998854748307938,acc,0.5507104396820068,0.5507104396820068,3.2186524868011475,,0.5006159911054391,0.5478485165507959,0.510228473258682,0.49474344809492576,acc,0.5539767742156982,0.5539767742156982,3.021059274673462,,0.5075413986551071,0.5509443706485245,0.5259198633500144,0.4953768655235584
amazon-ratings,GT-sep,1,512,3e-05,1,3230,acc,0.9965702891349792,0.9965702891349792,0.015951812267303467,,0.9966399829839139,0.9965701975726337,0.99597816355,0.9973070302573774,acc,0.5477706789970398,0.5477706789970398,1.9718140363693237,,0.49128573266078385,0.5411896021202223,0.541035370146302,0.4669653752221429,acc,0.5484239459037781,0.5484239459037781,1.9623750448226929,,0.492219235235902,0.5420493744032776,0.5437960816672633,0.4677867262288727
amazon-ratings,GT-sep,2,512,3e-05,1,3930,acc,0.9979584813117981,0.9979584813117981,0.005475752986967564,,0.9973542850936955,0.9979590132735466,0.9963055231203954,0.9984136658915956,acc,0.5652458071708679,0.5652458071708679,2.7109386920928955,,0.5115268154247626,0.56137997725878,0.5291652988828419,0.499874925370629,acc,0.5536501407623291,0.5536501407623291,2.7106456756591797,,0.49839427627047594,0.5495265244139933,0.5192731924133029,0.48556246139938936
amazon-ratings,GT-sep,3,512,3e-05,1,3960,acc,0.9983668327331543,0.9983668327331543,0.004660740960389376,,0.9982235096721597,0.9983667334994142,0.9977706814606169,0.9986796593754483,acc,0.557406485080719,0.557406485080719,2.9132232666015625,,0.5037326112518793,0.5542353141359311,0.5157090353835334,0.49632226475442015,acc,0.5520169734954834,0.5520169734954834,2.8675804138183594,,0.49951489275776073,0.5481322933551468,0.5152034893633207,0.4900819113509745
amazon-ratings,GT-sep,4,512,3e-05,1,1950,acc,0.963171660900116,0.963171660900116,0.11924883723258972,,0.9610289786396364,0.9632622527351613,0.9599475560211299,0.9626872071064835,acc,0.551037073135376,0.551037073135376,1.8676416873931885,,0.496982119818622,0.5462865465169401,0.5144947545695321,0.4876149998524307,acc,0.5453209280967712,0.5453209280967712,1.8341143131256104,,0.4900467838494157,0.5409501887053734,0.5046847010378316,0.48224545435757554
amazon-ratings,GT-sep,5,512,3e-05,1,2140,acc,0.9790135622024536,0.9790135622024536,0.07024437189102173,,0.9794089020424153,0.9790408535298515,0.977612147225089,0.9813921112523408,acc,0.5546301007270813,0.5546301007270813,2.0502750873565674,,0.5063972080609972,0.5508040256536775,0.5230142188421353,0.4961180896886631,acc,0.5471174120903015,0.5471174120903015,2.035741090774536,,0.49724249761151984,0.5435784288483388,0.5120676928925812,0.4881138998515495
amazon-ratings,GT-sep,1,512,3e-05,2,2840,acc,0.9951004385948181,0.9951004385948181,0.020583579316735268,,0.9948315763151971,0.9951022937347719,0.9932333794405638,0.9964639719104342,acc,0.5384615063667297,0.5384615063667297,1.8605371713638306,,0.4815912940323129,0.5321996683850599,0.5363589532594026,0.4571151527042228,acc,0.5347052216529846,0.5347052216529846,1.9237592220306396,,0.4677938960635573,0.5275808072299387,0.5196946016505521,0.4454167423845326
amazon-ratings,GT-sep,2,512,3e-05,2,3800,acc,0.9975501894950867,0.9975501894950867,0.006901352200657129,,0.9971664462924723,0.9975507246450283,0.9962957274204604,0.99804687591645,acc,0.5580597519874573,0.5580597519874573,2.671401262283325,,0.506574216059744,0.5544232500556343,0.5309489871463018,0.491233609521764,acc,0.558549702167511,0.558549702167511,2.6517882347106934,,0.49386423289575276,0.5544140962026699,0.5132415680818264,0.4814241004636347
amazon-ratings,GT-sep,3,512,3e-05,2,2000,acc,0.9546790719032288,0.9546790719032288,0.1375495344400406,,0.9551019511065573,0.9548423028758533,0.9555780103433001,0.9555450435885937,acc,0.5538134574890137,0.5538134574890137,1.770632266998291,,0.49894180598758864,0.5498544936769456,0.520511432997725,0.48672541193846586,acc,0.5449942946434021,0.5449942946434021,1.8053476810455322,,0.4813910806210989,0.5404754705834731,0.49972672153178815,0.4708525887841362
amazon-ratings,GT-sep,4,512,3e-05,2,4200,acc,0.9987751245498657,0.9987751245498657,0.003722400637343526,,0.9987333146676669,0.9987752233777993,0.998298106134173,0.9991706511451259,acc,0.5598562955856323,0.5598562955856323,3.080232620239258,,0.5080361123808065,0.5563512200199582,0.5287579182891589,0.49494223941252447,acc,0.5534868240356445,0.5534868240356445,3.0973472595214844,,0.49276548300547185,0.5503783480321126,0.507590653077683,0.4827563463506165
amazon-ratings,GT-sep,5,512,3e-05,2,3700,acc,0.9979584813117981,0.9979584813117981,0.0054031852632761,,0.9977690299755959,0.9979586858205146,0.9971782793831181,0.998363588664582,acc,0.5536501407623291,0.5536501407623291,2.9997076988220215,,0.49947469919801846,0.5507047448774735,0.5139864543618557,0.48965661912181613,acc,0.5480973124504089,0.5480973124504089,3.0306801795959473,,0.48242314730642216,0.5450557864330373,0.4928458269331718,0.47503580967149095
amazon-ratings,GT-sep,1,512,3e-05,3,2860,acc,0.9968152642250061,0.9968152642250061,0.016528302803635597,,0.9968467845405996,0.9968149893301381,0.9962452096910802,0.9974554825682287,acc,0.5477706789970398,0.5477706789970398,1.928678035736084,,0.4942847184376865,0.5413654194471783,0.546158972284241,0.46977531250007154,acc,0.5311121940612793,0.5311121940612793,1.961863398551941,,0.47067678775002353,0.5240381484542529,0.5269348720819992,0.4472338762939795
amazon-ratings,GT-sep,2,512,3e-05,3,2990,acc,0.997060239315033,0.997060239315033,0.011725302785634995,,0.996647334347983,0.9970610939533885,0.9955196081833213,0.9977891670371399,acc,0.5557733178138733,0.5557733178138733,2.4063961505889893,,0.5045293149435427,0.5519940816735092,0.5203453096799565,0.4953672230516723,acc,0.5436877012252808,0.5436877012252808,2.4252336025238037,,0.4846120069533718,0.5400124679003034,0.49986729787430073,0.4752604492959631
amazon-ratings,GT-sep,3,512,3e-05,3,3460,acc,0.9979584813117981,0.9979584813117981,0.0068972148001194,,0.9976243638393966,0.9979580319880693,0.9968184447253176,0.9984401255149212,acc,0.555120050907135,0.555120050907135,2.6976025104522705,,0.5073874142389542,0.5521904617796121,0.518303056287208,0.5010120442505325,acc,0.5484239459037781,0.5484239459037781,2.708540916442871,,0.49226335123009646,0.5454456807095527,0.50462737422536,0.48438707002688347
amazon-ratings,GT-sep,4,512,3e-05,3,3180,acc,0.9972235560417175,0.9972235560417175,0.00938159879297018,,0.996397256072059,0.9972244034769513,0.9949098347856611,0.9979126713142028,acc,0.5500571727752686,0.5500571727752686,2.713336229324341,,0.5015882418345823,0.5470143103845785,0.51344206816168,0.49425720589502076,acc,0.5482606291770935,0.5482606291770935,2.667020320892334,,0.48704328299042343,0.5453265311758355,0.4965150665445435,0.48113657396695303
amazon-ratings,GT-sep,5,512,3e-05,3,3540,acc,0.9986934661865234,0.9986934661865234,0.004891211166977882,,0.9984442545197876,0.9986935288685593,0.9978444471912973,0.9990480993563615,acc,0.5564265847206116,0.5564265847206116,2.8895533084869385,,0.5055361959906133,0.552878967900922,0.5209660961769212,0.4967845144952555,acc,0.5428711175918579,0.5428711175918579,2.962043523788452,,0.48391893910109635,0.5395735574829701,0.49771733836642856,0.4749406773278954
amazon-ratings,GT-sep,1,512,3e-05,4,2870,acc,0.9937939047813416,0.9937939047813416,0.024971116334199905,,0.9934770214917581,0.99379520259143,0.9931263715808303,0.9938396418738391,acc,0.5485872626304626,0.5485872626304626,1.7503186464309692,,0.493551230584257,0.5409497402395826,0.5613700403924268,0.4645232880121696,acc,0.5474440455436707,0.5474440455436707,1.7955858707427979,,0.47895368805332705,0.5392496338882613,0.5370596570865279,0.4546996572711535
amazon-ratings,GT-sep,2,512,3e-05,4,3040,acc,0.9963253140449524,0.9963253140449524,0.011761586181819439,,0.9959199980953158,0.9963263024372152,0.9948663110175581,0.9969933386866952,acc,0.5631226301193237,0.5631226301193237,2.3032119274139404,,0.5130900059712834,0.5593553163980424,0.5313251595582864,0.501311026403793,acc,0.5518536567687988,0.5518536567687988,2.3979954719543457,,0.4881786786569965,0.5479740198117065,0.5039964599557876,0.47835966301859295
amazon-ratings,GT-sep,3,512,3e-05,4,4020,acc,0.9990200996398926,0.9990200996398926,0.003917284309864044,,0.9986906317505782,0.9990203025321056,0.9980976390391472,0.9992872560015187,acc,0.5650824904441833,0.5650824904441833,2.755953550338745,,0.5128752230800586,0.561684248660866,0.5275357359368467,0.5027694516809438,acc,0.5531601905822754,0.5531601905822754,2.866406202316284,,0.4884968877359424,0.5497627360252432,0.5024954723389538,0.47900267361301185
amazon-ratings,GT-sep,4,512,3e-05,4,2470,acc,0.9884860515594482,0.9884860515594482,0.04024496674537659,,0.9869729228861711,0.9884932912091445,0.9841599025724717,0.9898936364918768,acc,0.5569165349006653,0.5569165349006653,2.092168092727661,,0.502614482790993,0.5534889058158666,0.5156133614286385,0.49508458559249097,acc,0.5492405891418457,0.5492405891418457,2.1901040077209473,,0.4834275905298327,0.545828675037219,0.49746563479663514,0.47470058791404623
amazon-ratings,GT-sep,5,512,3e-05,4,3150,acc,0.9977135062217712,0.9977135062217712,0.007547532673925161,,0.9968148773985026,0.9977149732104262,0.9954940076255505,0.9981609084626563,acc,0.5647558569908142,0.5647558569908142,2.638455390930176,,0.5094726931951179,0.5614946770457588,0.5225350025444434,0.5005897264398026,acc,0.5546301007270813,0.5546301007270813,2.7289509773254395,,0.49051160673545285,0.5515061479092228,0.5014874399198177,0.4831277849672622
amazon-ratings,GT-sep,1,512,3e-05,5,2440,acc,0.9937939047813416,0.9937939047813416,0.03149080276489258,,0.9933287595444703,0.9937953202399169,0.9927794237094847,0.9938969204466058,acc,0.5307855606079102,0.5307855606079102,1.8145849704742432,,0.46892735999430596,0.5236969263728494,0.5192035781617321,0.4463229161022461,acc,0.5436877012252808,0.5436877012252808,1.777302861213684,,0.48356889286436583,0.5361512717155649,0.5441051431940647,0.4576921599242465
amazon-ratings,GT-sep,2,512,3e-05,5,2000,acc,0.9654580950737,0.9654580950737,0.1146932914853096,,0.9641133983999917,0.9654942086743676,0.965605352778549,0.9631100255600133,acc,0.5516903400421143,0.5516903400421143,1.784044623374939,,0.4953814156434027,0.546119447907359,0.5287598190136796,0.47850607083175467,acc,0.5381348729133606,0.5381348729133606,1.7616957426071167,,0.4857800869702606,0.5332685887462388,0.5100146804244055,0.47151335454813487
amazon-ratings,GT-sep,3,512,3e-05,5,3070,acc,0.9958353638648987,0.9958353638648987,0.01321219652891159,,0.995387731304068,0.9958373177806906,0.9941047147451965,0.9966919476535748,acc,0.559203028678894,0.559203028678894,2.507152795791626,,0.4984203855573477,0.5548683970676532,0.5197939408957468,0.48636138882217106,acc,0.5554466843605042,0.5554466843605042,2.523197889328003,,0.5007151461290607,0.5512655516772261,0.5222826944428213,0.48745167485597357
amazon-ratings,GT-sep,4,512,3e-05,5,2540,acc,0.9910991191864014,0.9910991191864014,0.02795804850757122,,0.9908772872014492,0.9911030980603536,0.9891925865094183,0.992624521881422,acc,0.5512003898620605,0.5512003898620605,2.340937852859497,,0.49235021917087607,0.5463722605985555,0.513574030562703,0.4810783418853329,acc,0.5525069236755371,0.5525069236755371,2.3206448554992676,,0.49737597574753856,0.5479877027368009,0.5161189488155443,0.4857857537721467
amazon-ratings,GT-sep,5,512,3e-05,5,2430,acc,0.9908541440963745,0.9908541440963745,0.0295327790081501,,0.9898923114416375,0.9908634793194755,0.9873475383901029,0.9925420439787459,acc,0.5513637065887451,0.5513637065887451,2.331355094909668,,0.4880866976522695,0.5466985506537118,0.5066773719779614,0.47799148914100353,acc,0.5543034672737122,0.5543034672737122,2.3185465335845947,,0.4984982738170385,0.5501574543364126,0.5145106975312065,0.4889326267516913
amazon-ratings,GT-sep,1,512,3e-05,6,3670,acc,0.9981217980384827,0.9981217980384827,0.006468600127846003,,0.9980842489886304,0.9981218851058538,0.9976418411656454,0.9985297256589394,acc,0.5544667840003967,0.5544667840003967,2.116265296936035,,0.49556571986814946,0.548738880099822,0.5480783022761877,0.47109355452628615,acc,0.5577331185340881,0.5577331185340881,2.1588315963745117,,0.5003717610678126,0.5505346722910441,0.5527969792964165,0.47498200450312045
amazon-ratings,GT-sep,2,512,3e-05,6,4920,acc,0.998856782913208,0.998856782913208,0.0029436806216835976,,0.9984678774454043,0.9988570914676631,0.9978471587803786,0.9990927038145905,acc,0.5714519023895264,0.5714519023895264,2.9077773094177246,,0.5105344078441573,0.568086936180437,0.5275231476159824,0.5000042334358956,acc,0.5590396523475647,0.5590396523475647,2.9818544387817383,,0.5082733161470789,0.5552809779938752,0.5240787102111978,0.49818626765935203
amazon-ratings,GT-sep,3,512,3e-05,6,4600,acc,0.9992650747299194,0.9992650747299194,0.002904861234128475,,0.9989019390173258,0.9992653297925572,0.9983789100936888,0.9994283600244362,acc,0.5649191737174988,0.5649191737174988,3.062744379043579,,0.5044423788834108,0.5619772586873351,0.5181494775134474,0.49498190399525227,acc,0.5634492635726929,0.5634492635726929,3.1167144775390625,,0.5135367495141103,0.5602578593958866,0.5254551502679096,0.5051726241241711
amazon-ratings,GT-sep,4,512,3e-05,6,2460,acc,0.9897925853729248,0.9897925853729248,0.03838096186518669,,0.9891983616438382,0.9898038602423088,0.98701360726066,0.9914848806942282,acc,0.5606728792190552,0.5606728792190552,2.2222161293029785,,0.5006621448917132,0.5575620821773547,0.5135920160019474,0.49282437086690106,acc,0.5435243844985962,0.5435243844985962,2.3189141750335693,,0.4911023412539052,0.5399718571878839,0.502852987415946,0.4842365323754304
amazon-ratings,GT-sep,5,512,3e-05,6,3400,acc,0.9986934661865234,0.9986934661865234,0.005557910073548555,,0.9983457951487938,0.9986939990606644,0.9976748670189919,0.9990228570432297,acc,0.5645925402641296,0.5645925402641296,2.9526216983795166,,0.5071302588094608,0.5623054730400215,0.5181049035432121,0.49965170346551113,acc,0.5536501407623291,0.5536501407623291,3.024146318435669,,0.5019587627829523,0.5509058935427122,0.5109476155218865,0.49618215137080623
amazon-ratings,GT-sep,1,512,3e-05,7,3660,acc,0.998203456401825,0.998203456401825,0.008260385133326054,,0.9982900357148405,0.998203599953524,0.9980742949409954,0.9985065814924072,acc,0.5371549725532532,0.5371549725532532,2.185539960861206,,0.478915993500775,0.5308981272814931,0.5273903376996815,0.45617129083434227,acc,0.5366650223731995,0.5366650223731995,2.110929489135742,,0.48415472091850775,0.5304485604996199,0.5428921059716684,0.4577943448241002
amazon-ratings,GT-sep,2,512,3e-05,7,4020,acc,0.9985301494598389,0.9985301494598389,0.0051726410165429115,,0.998397214431817,0.9985301537947819,0.9978761437548718,0.998921402342982,acc,0.5515270233154297,0.5515270233154297,2.7123608589172363,,0.49303976241266534,0.5486132800924217,0.5059300805175441,0.4838560315191308,acc,0.5512003898620605,0.5512003898620605,2.6322879791259766,,0.49217868856163804,0.5479567488902366,0.5065719745371442,0.48227839225501146
amazon-ratings,GT-sep,3,512,3e-05,7,3400,acc,0.9968969225883484,0.9968969225883484,0.008517377078533173,,0.9964398000605115,0.9968976847845848,0.9951992225285939,0.9976957988838764,acc,0.5490772724151611,0.5490772724151611,2.628504514694214,,0.4961214817941778,0.5471380508762672,0.5045691366430632,0.4897848283983538,acc,0.5497305393218994,0.5497305393218994,2.555339813232422,,0.48989284378908005,0.547059305130871,0.49848161327179985,0.48407075822005136
amazon-ratings,GT-sep,4,512,3e-05,7,3460,acc,0.9973052144050598,0.9973052144050598,0.007636986672878265,,0.99644034964928,0.9973067604068447,0.9950138659179363,0.9978917222424866,acc,0.5479339957237244,0.5479339957237244,2.7762856483459473,,0.4949326204259433,0.5455863197525893,0.5050205920229434,0.4873755744896293,acc,0.5503838062286377,0.5503838062286377,2.6482648849487305,,0.4914046794414827,0.5480074184265407,0.4991793758462041,0.48606754931569185
amazon-ratings,GT-sep,5,512,3e-05,7,3920,acc,0.998856782913208,0.998856782913208,0.004047072026878595,,0.9984602504841934,0.9988570963921426,0.9977409170302376,0.99918424824372,acc,0.5467907786369324,0.5467907786369324,3.0440495014190674,,0.49430174583319425,0.5447325217951691,0.5025453321162645,0.4877970484691489,acc,0.5503838062286377,0.5503838062286377,2.917048692703247,,0.488914563200157,0.5475240826283051,0.4988985322747497,0.481753761660544
amazon-ratings,GT-sep,1,512,3e-05,8,3070,acc,0.9964069724082947,0.9964069724082947,0.017362989485263824,,0.9964396638304687,0.9964074504687404,0.9955734031175847,0.9973191081674889,acc,0.5474440455436707,0.5474440455436707,1.9507044553756714,,0.4877330432737351,0.5405623694915536,0.5411780046799256,0.46378213689312,acc,0.5317654609680176,0.5317654609680176,1.9596607685089111,,0.4785292986434058,0.5251160591459426,0.5372287825639538,0.45307254408845116
amazon-ratings,GT-sep,2,512,3e-05,8,4650,acc,0.9989384412765503,0.9989384412765503,0.00354837067425251,,0.9987745771335321,0.9989386579253042,0.9982669288294168,0.9992854936022759,acc,0.5552833676338196,0.5552833676338196,2.8505609035491943,,0.4991525541560159,0.550985866466166,0.5204214994500107,0.4863166818199069,acc,0.5467907786369324,0.5467907786369324,2.9232826232910156,,0.48991597456289104,0.5426169170752898,0.5066672893213975,0.4799141483000954
amazon-ratings,GT-sep,3,512,3e-05,8,3560,acc,0.9978768229484558,0.9978768229484558,0.006502604577690363,,0.9972270470168297,0.9978779644835784,0.9960488188824719,0.9984227604070821,acc,0.5606728792190552,0.5606728792190552,2.75390625,,0.5043829178515893,0.5572735895952535,0.5179503747128535,0.49582958087238016,acc,0.5480973124504089,0.5480973124504089,2.793802261352539,,0.49288158018942874,0.5446363893904137,0.5036545367314939,0.4864111386997606
amazon-ratings,GT-sep,4,512,3e-05,8,2520,acc,0.9923239946365356,0.9923239946365356,0.025950776413083076,,0.9912302681290113,0.9923311672225719,0.9881067786612261,0.9944679481281948,acc,0.5544667840003967,0.5544667840003967,2.3354475498199463,,0.49426217610143947,0.5507469324254162,0.505401012056963,0.4882988752972852,acc,0.5453209280967712,0.5453209280967712,2.365623712539673,,0.4849239751918297,0.5414670119942097,0.4939686413922842,0.4811441979891523
amazon-ratings,GT-sep,5,512,3e-05,8,3740,acc,0.998203456401825,0.998203456401825,0.004682775121182203,,0.9984067545107276,0.9982034856292152,0.9980758487295296,0.9987390959398439,acc,0.5559366345405579,0.5559366345405579,2.9891433715820312,,0.5009027627080207,0.5525894991062572,0.516045723642997,0.4911212468414747,acc,0.5538134574890137,0.5538134574890137,3.0324788093566895,,0.49835656216321667,0.5500223433382271,0.5129322748362966,0.48946832718257466
amazon-ratings,GT-sep,1,512,3e-05,9,4480,acc,0.9985301494598389,0.9985301494598389,0.004470544401556253,,0.9982904560041703,0.9985302749303783,0.99798415214126,0.9986017535129263,acc,0.5469540953636169,0.5469540953636169,2.2404274940490723,,0.49653126566012595,0.5415336408121297,0.5457673607971633,0.4717364409834989,acc,0.5459741950035095,0.5459741950035095,2.255568504333496,,0.4918098335139255,0.5404041983180913,0.547023680017182,0.4662439115420277
amazon-ratings,GT-sep,2,512,3e-05,9,2400,acc,0.9881594181060791,0.9881594181060791,0.04543354734778404,,0.9868729309008805,0.988168586273497,0.9845740167911808,0.9893544632303396,acc,0.5552833676338196,0.5552833676338196,2.0045650005340576,,0.5031873463192462,0.5514656161835199,0.5196254981349764,0.4926544759552021,acc,0.5469540953636169,0.5469540953636169,2.014256477355957,,0.4942243623631354,0.5441428552102161,0.5082575247453164,0.48494328937077424
amazon-ratings,GT-sep,3,512,3e-05,9,4790,acc,0.9989384412765503,0.9989384412765503,0.002313095610588789,,0.9985362767995479,0.9989384557204571,0.998262319257087,0.9988150672756996,acc,0.5609995126724243,0.5609995126724243,3.1671340465545654,,0.5145092474866928,0.5580957724348174,0.5293800090780538,0.5046358012821561,acc,0.5575698018074036,0.5575698018074036,3.232524871826172,,0.5035280444176073,0.5543496743814613,0.5237679138665811,0.49071582041509476
amazon-ratings,GT-sep,4,512,3e-05,9,2780,acc,0.9946104884147644,0.9946104884147644,0.018202977254986763,,0.9942839595579842,0.9946108387578776,0.9934098401384661,0.9951832510584835,acc,0.5587130188941956,0.5587130188941956,2.3906872272491455,,0.5102536736525247,0.5560520657253206,0.5237382951952018,0.5008795858423729,acc,0.5531601905822754,0.5531601905822754,2.4357292652130127,,0.4993025591922066,0.5504251517114812,0.5114006852709763,0.4910540222418301
amazon-ratings,GT-sep,5,512,3e-05,9,4010,acc,0.9989384412765503,0.9989384412765503,0.003274664282798767,,0.9986805436731301,0.9989384206840684,0.9984353177606666,0.9989279379919154,acc,0.5565899014472961,0.5565899014472961,3.0492517948150635,,0.5081315488319772,0.5536934024289412,0.5216082709881519,0.49852159260455065,acc,0.5531601905822754,0.5531601905822754,3.100346803665161,,0.5015200089011705,0.5503946765362325,0.5143124785082803,0.4922716748721717
amazon-ratings,TAG,1,512,3e-05,0,2420,acc,0.9929772615432739,0.9929772615432739,0.03325418382883072,,0.9934609008151583,0.992979474196424,0.9941010808920222,0.9928336939110375,acc,0.5347052216529846,0.5347052216529846,2.3007724285125732,,0.4761235958603723,0.5270654196487409,0.5322282525201512,0.4518966055133256,acc,0.5361750721931458,0.5361750721931458,2.178492784500122,,0.47904374274598727,0.5276934618363157,0.5561806401940179,0.45002957464191684
amazon-ratings,TAG,2,512,3e-05,0,2480,acc,0.9831781983375549,0.9831781983375549,0.05230303108692169,,0.9854693373474948,0.983212175917955,0.9838937525092339,0.9872266670233987,acc,0.5466274619102478,0.5466274619102478,2.8033206462860107,,0.4931243675751533,0.5428751717577095,0.5067186604418285,0.4880491068979336,acc,0.5324187278747559,0.5324187278747559,2.6833980083465576,,0.48735926800537055,0.52784935020864,0.5104029457347453,0.47593803953441893
amazon-ratings,TAG,3,512,3e-05,0,2590,acc,0.9851379990577698,0.9851379990577698,0.04873296990990639,,0.9854910087521732,0.9851462108033309,0.982429653694633,0.988678930534166,acc,0.5350318551063538,0.5350318551063538,2.880936622619629,,0.48271458071778495,0.5329055078243098,0.4833322803704331,0.48712029790538586,acc,0.5244161486625671,0.5244161486625671,2.7875633239746094,,0.4794098364319182,0.5214708283187917,0.48682798488597356,0.47721900575484966
amazon-ratings,TAG,4,512,3e-05,0,3240,acc,0.9928139448165894,0.9928139448165894,0.024678660556674004,,0.99270043894225,0.9928164048032196,0.991376177674655,0.9940504268886846,acc,0.5244161486625671,0.5244161486625671,3.3159708976745605,,0.47291793252220726,0.5223965264611716,0.47345422424073647,0.4759816149103321,acc,0.5280091166496277,0.5280091166496277,3.2108676433563232,,0.48382677303164057,0.5252030916968203,0.4918138795395266,0.480354977652136
amazon-ratings,TAG,5,512,3e-05,0,3850,acc,0.9977135062217712,0.9977135062217712,0.008475985378026962,,0.9972885438628222,0.9977139033096623,0.9964921724270379,0.9980907310432263,acc,0.5280091166496277,0.5280091166496277,4.110473155975342,,0.47911191507716044,0.5271670268050006,0.4782155371055746,0.4825619011694834,acc,0.5239261984825134,0.5239261984825134,3.9322309494018555,,0.48056305184965364,0.5220264860385432,0.4848992924140775,0.4787167647474166
amazon-ratings,TAG,1,512,3e-05,1,3470,acc,0.9984484910964966,0.9984484910964966,0.008751694113016129,,0.9981140609693011,0.9984483948399173,0.9979184178891615,0.9983115492618573,acc,0.544667661190033,0.544667661190033,2.6638519763946533,,0.48641032386790883,0.5373694082065903,0.5331508175776609,0.46478750272437425,acc,0.5396047830581665,0.5396047830581665,2.6668293476104736,,0.48413293134730717,0.5327536951204351,0.5432602330090109,0.45957770331623493
amazon-ratings,TAG,2,512,3e-05,1,2430,acc,0.9804834127426147,0.9804834127426147,0.060620054602622986,,0.9823903729133356,0.9805246103322354,0.9820639354506808,0.9829649142647099,acc,0.5445043444633484,0.5445043444633484,2.574596643447876,,0.4900066834028568,0.5402947783305446,0.5078630498089989,0.48102249893577537,acc,0.5353584885597229,0.5353584885597229,2.555774211883545,,0.4852679333962701,0.531478453692863,0.5014946103842668,0.4772670069403461
amazon-ratings,TAG,3,512,3e-05,1,3120,acc,0.9937939047813416,0.9937939047813416,0.020632304251194,,0.9944390049306311,0.9937965735371089,0.993423370802567,0.9954916709693169,acc,0.5322554111480713,0.5322554111480713,3.3609797954559326,,0.47673833222480255,0.529555032459257,0.48315640043090846,0.4759719752945519,acc,0.5276824831962585,0.5276824831962585,3.312195301055908,,0.4775449678618113,0.5247954093520435,0.48528925079741586,0.475075646939339
amazon-ratings,TAG,4,512,3e-05,1,2830,acc,0.9929772615432739,0.9929772615432739,0.027271268889307976,,0.9924301785576182,0.9929816750716529,0.990734006076119,0.9941700146532865,acc,0.5288257598876953,0.5288257598876953,3.1358954906463623,,0.4765685414616481,0.5261833389607792,0.4829830397123618,0.4740831052853295,acc,0.5227829217910767,0.5227829217910767,3.1072490215301514,,0.4731858259046301,0.5202183655933308,0.47849347846915447,0.47106496723505487
amazon-ratings,TAG,5,512,3e-05,1,3370,acc,0.9963253140449524,0.9963253140449524,0.01336218137294054,,0.9962114941860932,0.9963253334087538,0.9956103010535688,0.9968205528881511,acc,0.5267025828361511,0.5267025828361511,3.6439645290374756,,0.4690022023755692,0.5251452018481645,0.47256321072851704,0.4681713498749785,acc,0.5182099938392639,0.5182099938392639,3.6274778842926025,,0.4700214218817965,0.516655238757533,0.47382900997103994,0.468431626715907
amazon-ratings,TAG,1,512,3e-05,2,2850,acc,0.9949371218681335,0.9949371218681335,0.021111896261572838,,0.9949598186917079,0.9949386084165355,0.9954710711094409,0.9944596204478089,acc,0.5436877012252808,0.5436877012252808,2.4601187705993652,,0.48355142920938565,0.53572058526069,0.554744282940665,0.4579250523747647,acc,0.5392781496047974,0.5392781496047974,2.473207712173462,,0.46948791668049755,0.5308123276617042,0.5333201954907253,0.4462613837735422
amazon-ratings,TAG,2,512,3e-05,2,2240,acc,0.9798301458358765,0.9798301458358765,0.0585273914039135,,0.9812340416528308,0.9798861517516619,0.9797882319219415,0.9830131830035652,acc,0.5399314165115356,0.5399314165115356,2.722694158554077,,0.4859038185774322,0.5358384867451932,0.5044996376229889,0.4792961656688107,acc,0.5374816060066223,0.5374816060066223,2.743556261062622,,0.4703639465689292,0.5325881180924834,0.48478613573067875,0.46606211131484054
amazon-ratings,TAG,3,512,3e-05,2,3840,acc,0.9960803389549255,0.9960803389549255,0.011691472493112087,,0.9960732733105042,0.9960809124392409,0.9951068003075761,0.9970559265193941,acc,0.5423811674118042,0.5423811674118042,3.6371026039123535,,0.48820858175360743,0.5395636509443976,0.49916981717158704,0.48294739650768237,acc,0.5347052216529846,0.5347052216529846,3.6924703121185303,,0.4723354672563137,0.5319803306254651,0.479474607848658,0.4693602474411948
amazon-ratings,TAG,4,512,3e-05,2,2500,acc,0.9830965399742126,0.9830965399742126,0.0588960237801075,,0.9838407269086593,0.9831059397226539,0.9830535219887546,0.9846832465769338,acc,0.52523273229599,0.52523273229599,2.7261109352111816,,0.47293479109782516,0.5234436224606078,0.4787823202935746,0.4713366194046736,acc,0.5268658995628357,0.5268658995628357,2.777312755584717,,0.4649675175756715,0.5247817696161002,0.46890037004120194,0.4647403030451108
amazon-ratings,TAG,5,512,3e-05,2,3080,acc,0.9944471716880798,0.9944471716880798,0.019077632576227188,,0.9942218596773573,0.9944478687301892,0.993194390255287,0.9952642225062569,acc,0.5273558497428894,0.5273558497428894,3.3119654655456543,,0.4736227938469616,0.5249418837649513,0.48252362757997613,0.4689236449642305,acc,0.5286624431610107,0.5286624431610107,3.338648557662964,,0.46475402962941914,0.5262803174205387,0.4713237974987445,0.4611924537124145
amazon-ratings,TAG,1,512,3e-05,3,3150,acc,0.9968152642250061,0.9968152642250061,0.016054898500442505,,0.9971590221631214,0.996814969680731,0.9974082811709784,0.9969156219688291,acc,0.5436877012252808,0.5436877012252808,2.473705768585205,,0.481198813302973,0.5345164877986203,0.5514771358950266,0.4548030813129228,acc,0.5407480001449585,0.5407480001449585,2.501145839691162,,0.47398649532698184,0.5327398769329778,0.5421313728934283,0.44990891427573104
amazon-ratings,TAG,2,512,3e-05,3,3760,acc,0.995917022228241,0.995917022228241,0.014486025087535381,,0.996323588414495,0.9959199159605929,0.9957282644834949,0.9969372286156897,acc,0.5469540953636169,0.5469540953636169,3.6584630012512207,,0.49623478653735165,0.5431514506673228,0.506063675719339,0.49447737084701765,acc,0.5387881994247437,0.5387881994247437,3.6822030544281006,,0.48245171873615533,0.5350631539332675,0.49060668684129444,0.48132184425025415
amazon-ratings,TAG,3,512,3e-05,3,2340,acc,0.9800751209259033,0.9800751209259033,0.06760045140981674,,0.9808507283028549,0.9801307958369493,0.9789482327548186,0.9830192602553588,acc,0.5347052216529846,0.5347052216529846,2.6104607582092285,,0.48498963510090365,0.5308955609807406,0.4959445387081708,0.48177310127233997,acc,0.520006537437439,0.520006537437439,2.6169931888580322,,0.46618001429840683,0.5165415289988557,0.4750992362165395,0.46367997979649245
amazon-ratings,TAG,4,512,3e-05,3,2230,acc,0.9717458486557007,0.9717458486557007,0.09590009599924088,,0.972393466671247,0.971814657666453,0.9711444069505175,0.974000458248713,acc,0.527519166469574,0.527519166469574,2.5291028022766113,,0.4740170492137503,0.523877883786201,0.4844847491220553,0.4705032666834632,acc,0.5245794653892517,0.5245794653892517,2.564323663711548,,0.4726203157856328,0.5215714409729529,0.480684102077375,0.47018122218735947
amazon-ratings,TAG,5,512,3e-05,3,2510,acc,0.9821982383728027,0.9821982383728027,0.061881907284259796,,0.9831222822705623,0.9822233955202496,0.9819543293402644,0.9844001390233459,acc,0.5278457999229431,0.5278457999229431,2.8606350421905518,,0.47572723653171656,0.5249438312550774,0.4827570584930846,0.4729012371875768,acc,0.5232728719711304,0.5232728719711304,2.859632968902588,,0.4658170273745473,0.5209698864786731,0.4704703462409233,0.4650241569108595
amazon-ratings,TAG,1,512,3e-05,4,2710,acc,0.9943655133247375,0.9943655133247375,0.0221418384462595,,0.994479656697635,0.9943651854098933,0.9946594132208819,0.9943247334258409,acc,0.5427078008651733,0.5427078008651733,2.3329250812530518,,0.4848715315342921,0.5345822648427736,0.5487889351525609,0.4581457465261215,acc,0.5325820446014404,0.5325820446014404,2.4166994094848633,,0.4638040236871991,0.5244516294410162,0.5268741764865337,0.4407251154024805
amazon-ratings,TAG,2,512,3e-05,4,2470,acc,0.9833415150642395,0.9833415150642395,0.046089816838502884,,0.9841049047125846,0.9833790369718165,0.9813025962477429,0.987193736797025,acc,0.5490772724151611,0.5490772724151611,2.842226266860962,,0.49522431528380606,0.5452520139841311,0.5036632436670956,0.4933154978868358,acc,0.5381348729133606,0.5381348729133606,2.9240455627441406,,0.47395800795068715,0.5346627394513163,0.48154683808107945,0.47214779396618695
amazon-ratings,TAG,3,512,3e-05,4,2540,acc,0.9893026351928711,0.9893026351928711,0.0380256213247776,,0.9874850164902975,0.9893175020469946,0.984937418736296,0.9901640311093379,acc,0.5449942946434021,0.5449942946434021,2.796837568283081,,0.4944866322020669,0.5417131469519106,0.5010444686287457,0.49226633988627067,acc,0.5369916558265686,0.5369916558265686,2.8717844486236572,,0.474502944497428,0.5335149124692389,0.4838420603355787,0.47037184387557146
amazon-ratings,TAG,4,512,3e-05,4,4610,acc,0.9987751245498657,0.9987751245498657,0.004812871105968952,,0.9980540033756791,0.998775873724784,0.9971817677392385,0.9989354379818376,acc,0.543197751045227,0.543197751045227,3.963043689727783,,0.49157587036588624,0.540289833417368,0.5004069318633827,0.4866853125097509,acc,0.5311121940612793,0.5311121940612793,4.060992240905762,,0.4682022227312091,0.5287752885375422,0.47418563450732415,0.46551561826975424
amazon-ratings,TAG,5,512,3e-05,4,3960,acc,0.998203456401825,0.998203456401825,0.007374720182269812,,0.9977458481757925,0.9982040380032219,0.9967959466850764,0.9987059349534061,acc,0.5404213666915894,0.5404213666915894,3.7496674060821533,,0.4884564127311453,0.5384228042986664,0.49345745796856677,0.4857761306846601,acc,0.5312755107879639,0.5312755107879639,3.8395073413848877,,0.46895800911739316,0.5293366886054652,0.4745887301501336,0.4652826509060034
amazon-ratings,TAG,1,512,3e-05,5,3200,acc,0.998203456401825,0.998203456401825,0.009504689835011959,,0.9983503025011415,0.9982037701039708,0.9985210878326413,0.9981807268807404,acc,0.5397680997848511,0.5397680997848511,2.571127414703369,,0.47380145082568303,0.5314012300824655,0.5395871098919676,0.44840323105084473,acc,0.5414012670516968,0.5414012670516968,2.5816421508789062,,0.4808279276995443,0.5338505217165143,0.5413903429959894,0.4552400733017038
amazon-ratings,TAG,2,512,3e-05,5,2700,acc,0.9826881885528564,0.9826881885528564,0.04709206148982048,,0.9850931554667529,0.9827271976438758,0.9843918323712575,0.9859896905315477,acc,0.5400947332382202,0.5400947332382202,2.980377197265625,,0.4808041624112776,0.5357041190714439,0.4961108467658081,0.47645543522636524,acc,0.5433610677719116,0.5433610677719116,2.897975206375122,,0.4886841434267614,0.538178095109399,0.5054968163095425,0.4827245544655815
amazon-ratings,TAG,3,512,3e-05,5,2630,acc,0.9861178994178772,0.9861178994178772,0.05005965381860733,,0.9855411514412923,0.9861302096681119,0.9837107614035545,0.9874407626976026,acc,0.5389515161514282,0.5389515161514282,2.763340473175049,,0.4817536707921463,0.5361126727881178,0.49181749577442335,0.47736840481230686,acc,0.5350318551063538,0.5350318551063538,2.699679374694824,,0.47824813912790204,0.5309179195799897,0.48875297963487785,0.4735495030525055
amazon-ratings,TAG,4,512,3e-05,5,3450,acc,0.9949371218681335,0.9949371218681335,0.0186786986887455,,0.994484045434651,0.9949378165000244,0.9935335417700173,0.9954439034254408,acc,0.5319287776947021,0.5319287776947021,3.5059547424316406,,0.4714112122793014,0.5297141947642455,0.4789279899333188,0.4671759427857413,acc,0.5374816060066223,0.5374816060066223,3.4223697185516357,,0.487585075384398,0.5345005568017922,0.4967562034117858,0.48208288450898146
amazon-ratings,TAG,5,512,3e-05,5,2650,acc,0.9812183380126953,0.9812183380126953,0.0656328871846199,,0.9807419921073297,0.981233398379486,0.9786058747156432,0.9829924196747093,acc,0.5288257598876953,0.5288257598876953,2.7410402297973633,,0.4727803774947258,0.5264245645543465,0.48083866350993115,0.46899146696015215,acc,0.5268658995628357,0.5268658995628357,2.6926724910736084,,0.4738907368965858,0.5233701011188354,0.4829301413970703,0.46906001437442624
amazon-ratings,TAG,1,512,3e-05,6,3160,acc,0.9969785809516907,0.9969785809516907,0.013172201812267303,,0.9972889537954085,0.9969798149751865,0.9977609769947996,0.9968261098601253,acc,0.5445043444633484,0.5445043444633484,2.575427770614624,,0.4772618986252722,0.5367316478797505,0.5337398508959372,0.4554670421679433,acc,0.545810878276825,0.545810878276825,2.596982955932617,,0.4874978095642103,0.5381646334698944,0.5437143204627377,0.4637758624180579
amazon-ratings,TAG,2,512,3e-05,6,2560,acc,0.9845663905143738,0.9845663905143738,0.043665993958711624,,0.9862183533170189,0.984590926257208,0.9851733929567998,0.9874092527660066,acc,0.5454842448234558,0.5454842448234558,2.893948554992676,,0.48521470526608307,0.5425298267126664,0.4947085259614342,0.481920378079845,acc,0.5438510775566101,0.5438510775566101,2.93654203414917,,0.48899741150723147,0.5395947408920175,0.5028800379717776,0.4824957253684534
amazon-ratings,TAG,3,512,3e-05,6,4840,acc,0.9967336058616638,0.9967336058616638,0.010403253138065338,,0.9963896451251723,0.9967337242053637,0.9954027621050898,0.9973890984543676,acc,0.5353584885597229,0.5353584885597229,4.280872821807861,,0.478940075716931,0.5345954445447199,0.47989471692629804,0.4810111720607869,acc,0.5366650223731995,0.5366650223731995,4.262575626373291,,0.48386939518527017,0.5345043022355563,0.487077704462943,0.48428503132314926
amazon-ratings,TAG,4,512,3e-05,6,2480,acc,0.9865261912345886,0.9865261912345886,0.04731859266757965,,0.9870609444551196,0.9865310666013388,0.9849022243031452,0.989300219700327,acc,0.5235995650291443,0.5235995650291443,2.968909502029419,,0.46283622137559,0.5220086284579545,0.4654827783567807,0.4632468147920825,acc,0.5262126326560974,0.5262126326560974,2.9750726222991943,,0.47607106968728646,0.5237861363145845,0.4796606516445098,0.47603347176806016
amazon-ratings,TAG,5,512,3e-05,6,4370,acc,0.9981217980384827,0.9981217980384827,0.007258778903633356,,0.9981194015430187,0.9981220413054834,0.9979451518371422,0.9982945730751425,acc,0.5268658995628357,0.5268658995628357,4.445008277893066,,0.46952015046833423,0.5260372351245837,0.4696195499373319,0.47096208326374367,acc,0.5232728719711304,0.5232728719711304,4.415944576263428,,0.47258637070994364,0.5213036874276801,0.47457791747347733,0.4731964313450444
amazon-ratings,TAG,1,512,3e-05,7,3080,acc,0.9980401396751404,0.9980401396751404,0.009830772876739502,,0.9983808447835513,0.998040340403539,0.9985722596529178,0.9981914077896359,acc,0.5299689769744873,0.5299689769744873,2.664911985397339,,0.4713847000814737,0.5230380555588588,0.5252951303584135,0.44779670923048026,acc,0.5333986282348633,0.5333986282348633,2.5706870555877686,,0.47174301063202906,0.5263274739361209,0.5274378911964772,0.4480512795178583
amazon-ratings,TAG,2,512,3e-05,7,4190,acc,0.9950187802314758,0.9950187802314758,0.014240440912544727,,0.9961734820253516,0.9950226292860124,0.9956379679969531,0.9967315614455401,acc,0.5343785881996155,0.5343785881996155,3.995689868927002,,0.47650487455391166,0.5305617379116927,0.4896168120678214,0.4706671260843442,acc,0.5394414663314819,0.5394414663314819,3.8559811115264893,,0.4821658260841824,0.5353190385172238,0.49850658934105246,0.4755646620872581
amazon-ratings,TAG,3,512,3e-05,7,3670,acc,0.9965702891349792,0.9965702891349792,0.011884462088346481,,0.9969382858335429,0.9965704440182763,0.9966481756370514,0.9972302507294881,acc,0.5260493159294128,0.5260493159294128,3.5351955890655518,,0.4726385877903729,0.5229720382580023,0.4845516252650395,0.4668429353233462,acc,0.5291523933410645,0.5291523933410645,3.4992563724517822,,0.4758630200373902,0.5263560487022303,0.48601931017603606,0.47078529648445216
amazon-ratings,TAG,4,512,3e-05,7,3910,acc,0.9963253140449524,0.9963253140449524,0.012370811775326729,,0.9969145927049136,0.9963256472971892,0.996431978791161,0.997401613561335,acc,0.5226196050643921,0.5226196050643921,3.677889823913574,,0.4728918570957957,0.520220899699251,0.4825061990062734,0.467801508669377,acc,0.5255593657493591,0.5255593657493591,3.6071701049804688,,0.47155161589839134,0.5231104462153291,0.4798029227220841,0.4669223766622367
amazon-ratings,TAG,5,512,3e-05,7,2130,acc,0.9607218503952026,0.9607218503952026,0.13290134072303772,,0.9619129505539297,0.9608353878269661,0.9579924667358364,0.9664299888819118,acc,0.5146170258522034,0.5146170258522034,2.4109859466552734,,0.4646389572555508,0.5122063002121633,0.47277651547349403,0.4602778982301442,acc,0.5175567269325256,0.5175567269325256,2.3555972576141357,,0.46391072840652914,0.5149102777610712,0.46928861629604696,0.46175730164379036
amazon-ratings,TAG,1,512,3e-05,8,3190,acc,0.9961619973182678,0.9961619973182678,0.015463344752788544,,0.9968657575060274,0.9961624530595092,0.9967449786890589,0.9969964484869852,acc,0.5417279005050659,0.5417279005050659,2.616021156311035,,0.4772289187760273,0.5327372461279847,0.5435178530133835,0.4535331948197072,acc,0.529315710067749,0.529315710067749,2.606626510620117,,0.4653293829798466,0.5207711867213229,0.5218787176693943,0.4442271358284918
amazon-ratings,TAG,2,512,3e-05,8,4470,acc,0.9943655133247375,0.9943655133247375,0.01698385179042816,,0.9953727343851376,0.994368060242981,0.9945108411942808,0.996262719886083,acc,0.5422178506851196,0.5422178506851196,3.998748540878296,,0.48328364011986846,0.5398647150312931,0.487871634356568,0.4833143915670114,acc,0.5338886380195618,0.5338886380195618,4.017324924468994,,0.4763061193744111,0.5312929812204733,0.48311736681440165,0.47591280667029395
amazon-ratings,TAG,3,512,3e-05,8,4840,acc,0.9979584813117981,0.9979584813117981,0.006148005370050669,,0.9976409769002125,0.9979589928405371,0.9971162270197041,0.9981697161045229,acc,0.5436877012252808,0.5436877012252808,3.911238193511963,,0.48326411212113685,0.5406573377725675,0.493810176238184,0.47853123215599114,acc,0.5320920944213867,0.5320920944213867,3.9363319873809814,,0.47382194538064004,0.5290768293932393,0.4823158682573875,0.47224716074329126
amazon-ratings,TAG,4,512,3e-05,8,4040,acc,0.9977135062217712,0.9977135062217712,0.009298214688897133,,0.9978384314105458,0.9977136160465601,0.9974871909629247,0.9981918663147434,acc,0.532745361328125,0.532745361328125,3.851184606552124,,0.47280545761575715,0.5310654180325133,0.4779431149041133,0.4707022628878641,acc,0.5198432207107544,0.5198432207107544,3.9118142127990723,,0.4624535668212671,0.5174710615121936,0.4676760000376715,0.4615389597792753
amazon-ratings,TAG,5,512,3e-05,8,3800,acc,0.9969785809516907,0.9969785809516907,0.012541049160063267,,0.997242752378616,0.9969782670112992,0.9968478476324986,0.9976430938664729,acc,0.5319287776947021,0.5319287776947021,3.736098051071167,,0.4742539886668692,0.5290589821136933,0.48591884171609856,0.4674069216446958,acc,0.524089515209198,0.524089515209198,3.7652175426483154,,0.4660962830634469,0.521136992288931,0.4724893842973434,0.4641683169207697
amazon-ratings,TAG,1,512,3e-05,9,2700,acc,0.9969785809516907,0.9969785809516907,0.015384945087134838,,0.9975404116269481,0.9969784940131129,0.9977766722977032,0.9973090596380147,acc,0.5309488773345947,0.5309488773345947,2.449721574783325,,0.4785052976422284,0.5247819354787863,0.5321336172572955,0.4548551694833745,acc,0.5319287776947021,0.5319287776947021,2.4637503623962402,,0.4767399409798022,0.5258742015779333,0.5338643402733965,0.4533338412371138
amazon-ratings,TAG,2,512,3e-05,9,2400,acc,0.973624050617218,0.973624050617218,0.07410639524459839,,0.9766635014998449,0.9737640640592984,0.9735882361211236,0.980515122910431,acc,0.5322554111480713,0.5322554111480713,2.6222522258758545,,0.4814788721452305,0.5293249410968459,0.48757003528667225,0.4819491403276525,acc,0.5342152714729309,0.5342152714729309,2.6355068683624268,,0.4809087718184621,0.5310196536523526,0.4889887475399348,0.48077323683338075
amazon-ratings,TAG,3,512,3e-05,9,2940,acc,0.9925689697265625,0.9925689697265625,0.02381731942296028,,0.9921529319692695,0.9925728427824363,0.9904784106602623,0.9938799629312383,acc,0.5373182892799377,0.5373182892799377,2.991079568862915,,0.4844145218753976,0.5350091352428892,0.4911015688359706,0.48133127055167774,acc,0.535685122013092,0.535685122013092,3.012526750564575,,0.47845192935413544,0.5333769119250271,0.48386199334623303,0.4764887561957731
amazon-ratings,TAG,4,512,3e-05,9,3930,acc,0.9968969225883484,0.9968969225883484,0.009565327316522598,,0.9967477208047171,0.9968973578025545,0.9962231444714795,0.9972820549256405,acc,0.5317654609680176,0.5317654609680176,3.712080955505371,,0.48059124086115473,0.530404455121669,0.48364860482344946,0.47969456643090735,acc,0.5345419049263,0.5345419049263,3.759716272354126,,0.4804705473617451,0.533062225457597,0.4843755208553162,0.47943746634433904
amazon-ratings,TAG,5,512,3e-05,9,3610,acc,0.9971418976783752,0.9971418976783752,0.009933939203619957,,0.9972059426607537,0.9971421388797106,0.996895461485441,0.9975186998401021,acc,0.5306222438812256,0.5306222438812256,3.6270363330841064,,0.4803741647233425,0.5294867937743959,0.4834884932701587,0.4789908019858572,acc,0.5283357501029968,0.5283357501029968,3.6916422843933105,,0.47457787557252906,0.5272072997177293,0.4772272127387893,0.4743646918687493
