dataset,model,num_layers,hidden_dim,lr,split,best_step,train_metric_name,train_metric,train_acc,train_loss,train_roc_auc,train_f1_macro,train_f1_weighted,train_prec_macro,train_rec_macro,val_metric_name,val_metric,val_acc,val_loss,val_roc_auc,val_f1_macro,val_f1_weighted,val_prec_macro,val_rec_macro,test_metric_name,test_metric,test_acc,test_loss,test_roc_auc,test_f1_macro,test_f1_weighted,test_prec_macro,test_rec_macro
questions,ResNet,1,256,3e-05,0,3240,roc_auc,0.8892807497589894,0.9748569130897522,0.09149815142154694,0.8892807497589894,,,,,roc_auc,0.7185383509689485,0.9726901054382324,0.1279590129852295,0.7185383509689485,,,,,roc_auc,0.7047272164743749,0.9713023900985718,0.13000015914440155,0.7047272164743749,,,,
questions,ResNet,1,256,6e-05,0,1930,roc_auc,0.8954368494882496,0.9753884077072144,0.08931825309991837,0.8954368494882496,,,,,roc_auc,0.7182060740407206,0.9726083278656006,0.12864023447036743,0.7182060740407206,,,,,roc_auc,0.703153363241124,0.9713841676712036,0.13069500029087067,0.703153363241124,,,,
questions,ResNet,1,256,0.0001,0,1260,roc_auc,0.896707393103926,0.9754292964935303,0.08880496770143509,0.896707393103926,,,,,roc_auc,0.7186831304227352,0.9724448323249817,0.1286046802997589,0.7186831304227352,,,,,roc_auc,0.7022776021740486,0.9711388945579529,0.1307971030473709,0.7022776021740486,,,,
questions,ResNet,1,256,1e-05,0,5000,roc_auc,0.8264261180287366,0.9729354381561279,0.10850653797388077,0.8264261180287366,,,,,roc_auc,0.7142962206097132,0.9726083278656006,0.12313276529312134,0.7142962206097132,,,,,roc_auc,0.7056096733154933,0.9720382690429688,0.12500475347042084,0.7056096733154933,,,,
questions,ResNet,1,384,3e-05,0,1590,roc_auc,0.8743730841833642,0.9739574790000916,0.09558526426553726,0.8743730841833642,,,,,roc_auc,0.7166444417505152,0.972281277179718,0.12544144690036774,0.7166444417505152,,,,,roc_auc,0.7056653175066785,0.9717112183570862,0.1276247203350067,0.7056653175066785,,,,
questions,ResNet,1,384,6e-05,0,860,roc_auc,0.870374157906586,0.9737939834594727,0.09676249325275421,0.870374157906586,,,,,roc_auc,0.7163849009115102,0.972281277179718,0.1248994916677475,0.7163849009115102,,,,,roc_auc,0.7053892899939739,0.9719564914703369,0.1271134614944458,0.7053892899939739,,,,
questions,ResNet,1,384,0.0001,0,590,roc_auc,0.876964105317239,0.9741619229316711,0.09450294077396393,0.876964105317239,,,,,roc_auc,0.716444475232207,0.972281277179718,0.12536534667015076,0.716444475232207,,,,,roc_auc,0.7041589992357582,0.9716294407844543,0.12774452567100525,0.7041589992357582,,,,
questions,ResNet,1,384,1e-05,0,3890,roc_auc,0.8758714476213568,0.9739983677864075,0.09517398476600647,0.8758714476213568,,,,,roc_auc,0.7170824746433911,0.972281277179718,0.12563957273960114,0.7170824746433911,,,,,roc_auc,0.7054238078636093,0.971792995929718,0.12782350182533264,0.7054238078636093,,,,
questions,ResNet,1,512,3e-05,0,1240,roc_auc,0.8634866563912509,0.9734668731689453,0.09890837222337723,0.8634866563912509,,,,,roc_auc,0.7149614671908284,0.9725266098976135,0.12474425137042999,0.7149614671908284,,,,,roc_auc,0.7064026607620715,0.9721199870109558,0.12657347321510315,0.7064026607620715,,,,
questions,ResNet,1,512,6e-05,0,720,roc_auc,0.8690814471018131,0.9735486507415771,0.09720145910978317,0.8690814471018131,,,,,roc_auc,0.7149769380415519,0.9723630547523499,0.1250731498003006,0.7149769380415519,,,,,roc_auc,0.7049083487066765,0.9719564914703369,0.12709225714206696,0.7049083487066765,,,,
questions,ResNet,1,512,0.0001,0,460,roc_auc,0.8619703109756449,0.9733850955963135,0.09893117845058441,0.8619703109756449,,,,,roc_auc,0.7145725022946505,0.9725266098976135,0.12436708062887192,0.7145725022946505,,,,,roc_auc,0.7055946655460866,0.9721199870109558,0.12631335854530334,0.7055946655460866,,,,
questions,ResNet,1,512,1e-05,0,3110,roc_auc,0.8646341259257977,0.9735077619552612,0.09852056205272675,0.8646341259257977,,,,,roc_auc,0.7147244399032495,0.9725266098976135,0.1249915361404419,0.7147244399032495,,,,,roc_auc,0.7060160375332769,0.9719564914703369,0.12678147852420807,0.7060160375332769,,,,
questions,ResNet,2,256,3e-05,0,2400,roc_auc,0.9014208937302646,0.9765740036964417,0.08620931208133698,0.9014208937302646,,,,,roc_auc,0.7113604535037436,0.9720360040664673,0.13341780006885529,0.7113604535037436,,,,,roc_auc,0.7065772126647103,0.971057116985321,0.13525433838367462,0.7065772126647103,,,,
questions,ResNet,2,256,6e-05,0,1320,roc_auc,0.8986019661834912,0.976287841796875,0.08722048997879028,0.8986019661834912,,,,,roc_auc,0.711139127975108,0.9721994996070862,0.13234218955039978,0.711139127975108,,,,,roc_auc,0.7067245196936567,0.9712206721305847,0.13402745127677917,0.7067245196936567,,,,
questions,ResNet,2,256,0.0001,0,810,roc_auc,0.886975477547062,0.9755519032478333,0.09132566303014755,0.886975477547062,,,,,roc_auc,0.7113039964440134,0.972281277179718,0.13007473945617676,0.7113039964440134,,,,,roc_auc,0.7084385224042908,0.9713023900985718,0.1314796507358551,0.7084385224042908,,,,
questions,ResNet,2,256,1e-05,0,5000,roc_auc,0.8763532087583489,0.9750613570213318,0.09557628631591797,0.8763532087583489,,,,,roc_auc,0.7107255713535262,0.9725266098976135,0.12971967458724976,0.7107255713535262,,,,,roc_auc,0.7107240902405629,0.9715477228164673,0.13087257742881775,0.7107240902405629,,,,
questions,ResNet,2,384,3e-05,0,1050,roc_auc,0.8226211546565529,0.9727718830108643,0.10977187752723694,0.8226211546565529,,,,,roc_auc,0.7179742421880864,0.972281277179718,0.12361714988946915,0.7179742421880864,,,,,roc_auc,0.707701525482038,0.9714659452438354,0.1262090653181076,0.707701525482038,,,,
questions,ResNet,2,384,6e-05,0,590,roc_auc,0.8246690796575631,0.9727718830108643,0.10911145806312561,0.8246690796575631,,,,,roc_auc,0.7183829497370533,0.9721994996070862,0.12339603900909424,0.7183829497370533,,,,,roc_auc,0.7066792654966764,0.9714659452438354,0.12610040605068207,0.7066792654966764,,,,
questions,ResNet,2,384,0.0001,0,460,roc_auc,0.8417234123616717,0.9732216000556946,0.10441990196704865,0.8417234123616717,,,,,roc_auc,0.7186092397924135,0.9717906713485718,0.12387476116418839,0.7186092397924135,,,,,roc_auc,0.7065622048953035,0.9713841676712036,0.12661491334438324,0.7065622048953035,,,,
questions,ResNet,2,384,1e-05,0,2920,roc_auc,0.8323419000282863,0.9730989336967468,0.1077052652835846,0.8323419000282863,,,,,roc_auc,0.7180335856005634,0.9720360040664673,0.12459906190633774,0.7180335856005634,,,,,roc_auc,0.7086609837246512,0.9713841676712036,0.12704963982105255,0.7086609837246512,,,,
questions,ResNet,2,512,3e-05,0,1420,roc_auc,0.8951981481160776,0.9758381247520447,0.08849817514419556,0.8951981481160776,,,,,roc_auc,0.7146459311085327,0.970973014831543,0.13292355835437775,0.7146459311085327,,,,,roc_auc,0.7059421531300434,0.9704030752182007,0.13550400733947754,0.7059421531300434,,,,
questions,ResNet,2,512,6e-05,0,770,roc_auc,0.8861646433333911,0.9751839637756348,0.09117499738931656,0.8861646433333911,,,,,roc_auc,0.714833428582974,0.9714636206626892,0.12990239262580872,0.714833428582974,,,,,roc_auc,0.7064658088379601,0.9706483483314514,0.1325567662715912,0.7064658088379601,,,,
questions,ResNet,2,512,0.0001,0,480,roc_auc,0.8693982243157901,0.9740801453590393,0.09565242379903793,0.8693982243157901,,,,,roc_auc,0.7145863567878359,0.9717906713485718,0.12635844945907593,0.7145863567878359,,,,,roc_auc,0.7058999004869445,0.9708936214447021,0.12912707030773163,0.7058999004869445,,,,
questions,ResNet,2,512,1e-05,0,3470,roc_auc,0.896776203753413,0.9757563471794128,0.08831019699573517,0.896776203753413,,,,,roc_auc,0.7137560108295955,0.9708912372589111,0.13443966209888458,0.7137560108295955,,,,,roc_auc,0.7048989977118924,0.9703212976455688,0.13680827617645264,0.7048989977118924,,,,
questions,ResNet,3,256,3e-05,0,2960,roc_auc,0.8981895641030081,0.9769419431686401,0.08866650611162186,0.8981895641030081,,,,,roc_auc,0.7177562648286373,0.9725266098976135,0.13502970337867737,0.7177562648286373,,,,,roc_auc,0.7092794192685906,0.9705665707588196,0.1375594139099121,0.7092794192685906,,,,
questions,ResNet,3,256,6e-05,0,1770,roc_auc,0.909122260129655,0.9780458211898804,0.08422612398862839,0.909122260129655,,,,,roc_auc,0.7177941337766771,0.9717906713485718,0.1369227170944214,0.7177941337766771,,,,,roc_auc,0.7066985447081451,0.9705665707588196,0.13981905579566956,0.7066985447081451,,,,
questions,ResNet,3,256,0.0001,0,1160,roc_auc,0.9097998603005271,0.9780458211898804,0.08373115956783295,0.9097998603005271,,,,,roc_auc,0.718393571515162,0.9717906713485718,0.13666483759880066,0.718393571515162,,,,,roc_auc,0.7064315218570845,0.9704030752182007,0.13968852162361145,0.7064315218570845,,,,
questions,ResNet,3,256,1e-05,0,5000,roc_auc,0.8341575024966952,0.973630428314209,0.10715463757514954,0.8341575024966952,,,,,roc_auc,0.7128139052929937,0.9724448323249817,0.12746836245059967,0.7128139052929937,,,,,roc_auc,0.7125191349059937,0.9718747138977051,0.12896539270877838,0.7125191349059937,,,,
questions,ResNet,3,384,3e-05,0,1400,roc_auc,0.8469016157802678,0.9738348126411438,0.10281330347061157,0.8469016157802678,,,,,roc_auc,0.7141617165717057,0.9714636206626892,0.12742891907691956,0.7141617165717057,,,,,roc_auc,0.7074562061744273,0.970975399017334,0.12996481359004974,0.7074562061744273,,,,
questions,ResNet,3,384,6e-05,0,740,roc_auc,0.8395956797072084,0.9735486507415771,0.10451716929674149,0.8395956797072084,,,,,roc_auc,0.7145704241206726,0.9713818430900574,0.1261473000049591,0.7145704241206726,,,,,roc_auc,0.7072204687503607,0.9711388945579529,0.1287236511707306,0.7072204687503607,,,,
questions,ResNet,3,384,0.0001,0,520,roc_auc,0.8457016723527816,0.9737122058868408,0.10207411646842957,0.8457016723527816,,,,,roc_auc,0.7144660536053431,0.9714636206626892,0.12582655251026154,0.7144660536053431,,,,,roc_auc,0.7063982738756295,0.9711388945579529,0.12833674252033234,0.7063982738756295,,,,
questions,ResNet,3,384,1e-05,0,3340,roc_auc,0.8426369141425512,0.9737122058868408,0.10453882813453674,0.8426369141425512,,,,,roc_auc,0.7143938947866697,0.9717088937759399,0.1274121105670929,0.7143938947866697,,,,,roc_auc,0.7082104043093079,0.970975399017334,0.12993323802947998,0.7082104043093079,,,,
questions,ResNet,3,512,3e-05,0,740,roc_auc,0.8232480416096611,0.9727718830108643,0.10893790423870087,0.8232480416096611,,,,,roc_auc,0.711897199660565,0.9724448323249817,0.12413042038679123,0.711897199660565,,,,,roc_auc,0.7032347515290609,0.9715477228164673,0.12636226415634155,0.7032347515290609,,,,
questions,ResNet,3,512,6e-05,0,470,roc_auc,0.8339836574707469,0.9730580449104309,0.10576411336660385,0.8339836574707469,,,,,roc_auc,0.7122280911394744,0.9718724489212036,0.12436912953853607,0.7122280911394744,,,,,roc_auc,0.7038993648250209,0.9716294407844543,0.12652543187141418,0.7038993648250209,,,,
questions,ResNet,3,512,0.0001,0,340,roc_auc,0.8387001887674697,0.9732624888420105,0.10379184782505035,0.8387001887674697,,,,,roc_auc,0.7125453590334181,0.9717906713485718,0.12394506484270096,0.7125453590334181,,,,,roc_auc,0.7036587787369923,0.9715477228164673,0.12630866467952728,0.7036587787369923,,,,
questions,ResNet,3,512,1e-05,0,1980,roc_auc,0.8269333945240115,0.9729354381561279,0.10813547670841217,0.8269333945240115,,,,,roc_auc,0.7116968867799272,0.9725266098976135,0.12471148371696472,0.7116968867799272,,,,,roc_auc,0.7044704681731389,0.9717112183570862,0.1266641467809677,0.7044704681731389,,,,
questions,ResNet,4,256,3e-05,0,2740,roc_auc,0.9182148774165989,0.979067862033844,0.0773635059595108,0.9182148774165989,,,,,roc_auc,0.7163771654861484,0.9721177220344543,0.13544310629367828,0.7163771654861484,,,,,roc_auc,0.6970341184320807,0.9695854783058167,0.14008943736553192,0.6970341184320807,,,,
questions,ResNet,4,256,6e-05,0,1580,roc_auc,0.921332196110351,0.9794358015060425,0.0757317990064621,0.921332196110351,,,,,roc_auc,0.717379884430436,0.9717088937759399,0.13537617027759552,0.717379884430436,,,,,roc_auc,0.6959615246970162,0.9696672558784485,0.14044639468193054,0.6959615246970162,,,,
questions,ResNet,4,256,0.0001,0,1040,roc_auc,0.9198733179779367,0.9793540835380554,0.07604044675827026,0.9198733179779367,,,,,roc_auc,0.7177421794272322,0.9718724489212036,0.13478049635887146,0.7177421794272322,,,,,roc_auc,0.6963573834762149,0.9699942469596863,0.13965535163879395,0.6963573834762149,,,,
questions,ResNet,4,256,1e-05,0,5000,roc_auc,0.8607922749655079,0.9750204682350159,0.09713614732027054,0.8607922749655079,,,,,roc_auc,0.7127551391510659,0.9720360040664673,0.12754866480827332,0.7127551391510659,,,,,roc_auc,0.7080437026245125,0.9704030752182007,0.1299588978290558,0.7080437026245125,,,,
questions,ResNet,4,384,3e-05,0,1120,roc_auc,0.8367749337582044,0.9736713171005249,0.1051587164402008,0.8367749337582044,,,,,roc_auc,0.7169219934306611,0.971545398235321,0.12599219381809235,0.7169219934306611,,,,,roc_auc,0.7097966100912242,0.9706483483314514,0.12837551534175873,0.7097966100912242,,,,
questions,ResNet,4,384,6e-05,0,580,roc_auc,0.8284585433154957,0.9732624888420105,0.1071147546172142,0.8284585433154957,,,,,roc_auc,0.7182247776065209,0.9714636206626892,0.12459017336368561,0.7182247776065209,,,,,roc_auc,0.708594256872981,0.970975399017334,0.12730833888053894,0.708594256872981,,,,
questions,ResNet,4,384,0.0001,0,410,roc_auc,0.8343954534171532,0.9735077619552612,0.10537265241146088,0.8343954534171532,,,,,roc_auc,0.7191218560402705,0.9714636206626892,0.12446119636297226,0.7191218560402705,,,,,roc_auc,0.7088777882703893,0.9706483483314514,0.1273556798696518,0.7088777882703893,,,,
questions,ResNet,4,384,1e-05,0,2600,roc_auc,0.8266621928199088,0.9733033776283264,0.1079409122467041,0.8266621928199088,,,,,roc_auc,0.716217954268627,0.9716271758079529,0.12531831860542297,0.716217954268627,,,,,roc_auc,0.7094084860854889,0.9708118438720703,0.1274341344833374,0.7094084860854889,,,,
questions,ResNet,4,512,3e-05,0,990,roc_auc,0.8498729427520796,0.9739983677864075,0.10086890310049057,0.8498729427520796,,,,,roc_auc,0.7148017941568676,0.9713000655174255,0.12793956696987152,0.7148017941568676,,,,,roc_auc,0.7079107106986924,0.9703212976455688,0.13030438125133514,0.7079107106986924,,,,
questions,ResNet,4,512,6e-05,0,550,roc_auc,0.8474007238972688,0.9734668731689453,0.10157550871372223,0.8474007238972688,,,,,roc_auc,0.7149756680463433,0.9714636206626892,0.12681755423545837,0.7149756680463433,,,,,roc_auc,0.7076785520504076,0.9707301259040833,0.12938614189624786,0.7076785520504076,,,,
questions,ResNet,4,512,0.0001,0,370,roc_auc,0.842268586668514,0.9733033776283264,0.10244600474834442,0.842268586668514,,,,,roc_auc,0.714836199481611,0.9710547924041748,0.12549346685409546,0.714836199481611,,,,,roc_auc,0.7075095414780113,0.9700760245323181,0.1282719522714615,0.7075095414780113,,,,
questions,ResNet,4,512,1e-05,0,2510,roc_auc,0.8503041349889453,0.9739574790000916,0.10088302195072174,0.8503041349889453,,,,,roc_auc,0.715055215928049,0.9713000655174255,0.12850312888622284,0.715055215928049,,,,,roc_auc,0.7085577764488847,0.9706483483314514,0.1307845115661621,0.7085577764488847,,,,
questions,ResNet,5,256,3e-05,0,2040,roc_auc,0.8936439337524318,0.9779640436172485,0.08507245779037476,0.8936439337524318,,,,,roc_auc,0.7126455732007919,0.9710547924041748,0.13118398189544678,0.7126455732007919,,,,,roc_auc,0.7105596974433688,0.9695854783058167,0.13426968455314636,0.7105596974433688,,,,
questions,ResNet,5,256,6e-05,0,1140,roc_auc,0.8931327029538934,0.9779231548309326,0.08491749316453934,0.8931327029538934,,,,,roc_auc,0.7123714851439424,0.9708912372589111,0.1311214417219162,0.7123714851439424,,,,,roc_auc,0.7110113158581327,0.969421923160553,0.13403330743312836,0.7110113158581327,,,,
questions,ResNet,5,256,0.0001,0,760,roc_auc,0.8949666914893003,0.9779640436172485,0.0842386782169342,0.8949666914893003,,,,,roc_auc,0.7127048011591592,0.9708095192909241,0.13080279529094696,0.7127048011591592,,,,,roc_auc,0.7106719093807794,0.9695854783058167,0.1337592899799347,0.7106719093807794,,,,
questions,ResNet,5,256,1e-05,0,4890,roc_auc,0.8893909795703953,0.9773098826408386,0.08675502985715866,0.8893909795703953,,,,,roc_auc,0.7126321805240463,0.9710547924041748,0.1302156299352646,0.7126321805240463,,,,,roc_auc,0.7115802257630296,0.9698307514190674,0.1331658959388733,0.7115802257630296,,,,
questions,ResNet,5,384,3e-05,0,1030,roc_auc,0.8147120863134926,0.9732216000556946,0.10860498994588852,0.8147120863134926,,,,,roc_auc,0.7153849528658597,0.9712183475494385,0.12485311925411224,0.7153849528658597,,,,,roc_auc,0.7085433459013782,0.9705665707588196,0.1278696209192276,0.7085433459013782,,,,
questions,ResNet,5,384,6e-05,0,640,roc_auc,0.8266804922963245,0.9735895395278931,0.10563924908638,0.8266804922963245,,,,,roc_auc,0.715748979674304,0.9710547924041748,0.12560917437076569,0.715748979674304,,,,,roc_auc,0.7089230424673696,0.9699942469596863,0.12908506393432617,0.7089230424673696,,,,
questions,ResNet,5,384,0.0001,0,410,roc_auc,0.8199581478851693,0.9732624888420105,0.10699108988046646,0.8199581478851693,,,,,roc_auc,0.7155815712149813,0.970973014831543,0.12454621493816376,0.7155815712149813,,,,,roc_auc,0.7077032571477389,0.9704030752182007,0.1280127614736557,0.7077032571477389,,,,
questions,ResNet,5,384,1e-05,0,2750,roc_auc,0.8211322584555703,0.9733850955963135,0.10715848952531815,0.8211322584555703,,,,,roc_auc,0.714947497243533,0.9713818430900574,0.12564373016357422,0.714947497243533,,,,,roc_auc,0.7092952351486578,0.970239520072937,0.1285877227783203,0.7092952351486578,,,,
questions,ResNet,5,512,3e-05,0,960,roc_auc,0.8287113878161277,0.9733442664146423,0.10544764250516891,0.8287113878161277,,,,,roc_auc,0.7128626269273621,0.9711365699768066,0.12628769874572754,0.7128626269273621,,,,,roc_auc,0.7080367759617094,0.9697489738464355,0.12893548607826233,0.7080367759617094,,,,
questions,ResNet,5,512,6e-05,0,530,roc_auc,0.8252803514423105,0.972894549369812,0.10647128522396088,0.8252803514423105,,,,,roc_auc,0.7132215737549717,0.9713000655174255,0.12524321675300598,0.7132215737549717,,,,,roc_auc,0.7081699987762895,0.969421923160553,0.12828530371189117,0.7081699987762895,,,,
questions,ResNet,5,512,0.0001,0,390,roc_auc,0.831619821161584,0.9729762673377991,0.10451751947402954,0.831619821161584,,,,,roc_auc,0.7142232536122705,0.9706459641456604,0.12575526535511017,0.7142232536122705,,,,,roc_auc,0.7093219028004498,0.9690131545066833,0.12918971478939056,0.7093219028004498,,,,
questions,ResNet,5,512,1e-05,0,2490,roc_auc,0.8322375872400118,0.9735895395278931,0.1042746752500534,0.8322375872400118,,,,,roc_auc,0.7121539696009329,0.970973014831543,0.1271606981754303,0.7121539696009329,,,,,roc_auc,0.7082449221789433,0.9696672558784485,0.12968789041042328,0.7082449221789433,,,,
questions,ResNet,1,256,3e-05,1,2670,roc_auc,0.828556881353584,0.9724857211112976,0.10890869796276093,0.828556881353584,,,,,roc_auc,0.7367986884413118,0.9730989336967468,0.11789385229349136,0.7367986884413118,,,,,roc_auc,0.7196277380520839,0.972774088382721,0.12021447718143463,0.7196277380520839,,,,
questions,ResNet,1,256,6e-05,1,1510,roc_auc,0.8279308314427722,0.9724857211112976,0.10890012234449387,0.8279308314427722,,,,,roc_auc,0.736318168436001,0.9730989336967468,0.11787775903940201,0.736318168436001,,,,,roc_auc,0.7200431069315115,0.9728558659553528,0.12013865262269974,0.7200431069315115,,,,
questions,ResNet,1,256,0.0001,1,1000,roc_auc,0.831079178428554,0.9724857211112976,0.10795191675424576,0.831079178428554,,,,,roc_auc,0.7353371548643701,0.973017156124115,0.11786893755197525,0.7353371548643701,,,,,roc_auc,0.7203866694065466,0.9728558659553528,0.12011408060789108,0.7203866694065466,,,,
questions,ResNet,1,256,1e-05,1,5000,roc_auc,0.8055927991271669,0.9723630547523499,0.11404003947973251,0.8055927991271669,,,,,roc_auc,0.736436047082186,0.9731807112693787,0.11801063269376755,0.736436047082186,,,,,roc_auc,0.7167821495281788,0.9726923108100891,0.1202457845211029,0.7167821495281788,,,,
questions,ResNet,1,384,3e-05,1,1520,roc_auc,0.821986416823973,0.9724039435386658,0.11070457845926285,0.821986416823973,,,,,roc_auc,0.7342412644534113,0.9731807112693787,0.11815274506807327,0.7342412644534113,,,,,roc_auc,0.7209463437610394,0.9726923108100891,0.1200171560049057,0.7209463437610394,,,,
questions,ResNet,1,384,6e-05,1,800,roc_auc,0.8173706192381183,0.9723221659660339,0.11159961670637131,0.8173706192381183,,,,,roc_auc,0.734320812335117,0.9732624888420105,0.11801662296056747,0.734320812335117,,,,,roc_auc,0.7204336552692279,0.9725288152694702,0.1199730709195137,0.7204336552692279,,,,
questions,ResNet,1,384,0.0001,1,560,roc_auc,0.8239096802498428,0.9723630547523499,0.10984202474355698,0.8239096802498428,,,,,roc_auc,0.7344339573627973,0.9731807112693787,0.1178676187992096,0.7344339573627973,,,,,roc_auc,0.7214186267198326,0.972610592842102,0.11990714818239212,0.7214186267198326,,,,
questions,ResNet,1,384,1e-05,1,4040,roc_auc,0.8361232241714724,0.9725266098976135,0.1074853390455246,0.8361232241714724,,,,,roc_auc,0.7343672248872879,0.9732624888420105,0.11845607310533524,0.7343672248872879,,,,,roc_auc,0.7211399439863868,0.9726923108100891,0.12042520195245743,0.7211399439863868,,,,
questions,ResNet,1,512,3e-05,1,770,roc_auc,0.8089406796783448,0.9721586108207703,0.11280578374862671,0.8089406796783448,,,,,roc_auc,0.7378624826097246,0.9734259843826294,0.11748158931732178,0.7378624826097246,,,,,roc_auc,0.7234093496094517,0.9725288152694702,0.11952608823776245,0.7234093496094517,,,,
questions,ResNet,1,512,6e-05,1,370,roc_auc,0.7950962021370556,0.9719951152801514,0.11506388336420059,0.7950962021370556,,,,,roc_auc,0.7378789925474372,0.9732624888420105,0.11757692694664001,0.7378789925474372,,,,,roc_auc,0.7221359980974765,0.9725288152694702,0.11957591772079468,0.7221359980974765,,,,
questions,ResNet,1,512,0.0001,1,260,roc_auc,0.7969198575296285,0.9720768928527832,0.1144145205616951,0.7969198575296285,,,,,roc_auc,0.7378692944022074,0.9733442664146423,0.11726327985525131,0.7378692944022074,,,,,roc_auc,0.7225522905319446,0.972610592842102,0.11926699429750443,0.7225522905319446,,,,
questions,ResNet,1,512,1e-05,1,1930,roc_auc,0.8059802631199163,0.9721586108207703,0.11342500150203705,0.8059802631199163,,,,,roc_auc,0.7380211165566966,0.9734259843826294,0.11759695410728455,0.7380211165566966,,,,,roc_auc,0.7231104641094968,0.9725288152694702,0.11965113133192062,0.7231104641094968,,,,
questions,ResNet,2,256,3e-05,1,1990,roc_auc,0.8111980672982007,0.9727309942245483,0.11148584634065628,0.8111980672982007,,,,,roc_auc,0.737563110102812,0.9726083278656006,0.1184842586517334,0.737563110102812,,,,,roc_auc,0.7145805097562046,0.9728558659553528,0.12067407369613647,0.7145805097562046,,,,
questions,ResNet,2,256,6e-05,1,1200,roc_auc,0.8227076297848513,0.9727309942245483,0.10870099067687988,0.8227076297848513,,,,,roc_auc,0.7367844875857968,0.9726083278656006,0.1186504065990448,0.7367844875857968,,,,,roc_auc,0.7148396823894215,0.972774088382721,0.12085866183042526,0.7148396823894215,,,,
questions,ResNet,2,256,0.0001,1,760,roc_auc,0.8196691085210905,0.9726901054382324,0.10918663442134857,0.8196691085210905,,,,,roc_auc,0.7354722361729272,0.9726083278656006,0.11820633709430695,0.7354722361729272,,,,,roc_auc,0.7147266623413506,0.972774088382721,0.1203724816441536,0.7147266623413506,,,,
questions,ResNet,2,256,1e-05,1,4900,roc_auc,0.8211107551276057,0.9727718830108643,0.1095554381608963,0.8211107551276057,,,,,roc_auc,0.73714955348123,0.9726901054382324,0.11892898380756378,0.73714955348123,,,,,roc_auc,0.7150260096188258,0.972774088382721,0.12118742614984512,0.7150260096188258,,,,
questions,ResNet,2,384,3e-05,1,1250,roc_auc,0.8142881965490767,0.972281277179718,0.11312887817621231,0.8142881965490767,,,,,roc_auc,0.7336995537698653,0.9728536605834961,0.11956439912319183,0.7336995537698653,,,,,roc_auc,0.7247195278786633,0.972610592842102,0.12139549851417542,0.7247195278786633,,,,
questions,ResNet,2,384,6e-05,1,630,roc_auc,0.8072843461545123,0.9721586108207703,0.11399474740028381,0.8072843461545123,,,,,roc_auc,0.7339407374053999,0.9727718830108643,0.11898908019065857,0.7339407374053999,,,,,roc_auc,0.7253459290848263,0.9725288152694702,0.12072261422872543,0.7253459290848263,,,,
questions,ResNet,2,384,0.0001,1,400,roc_auc,0.8042150563704691,0.9719542264938354,0.11368298530578613,0.8042150563704691,,,,,roc_auc,0.7336185049847311,0.9727718830108643,0.11834178864955902,0.7336185049847311,,,,,roc_auc,0.7256410049202395,0.9725288152694702,0.12002140283584595,0.7256410049202395,,,,
questions,ResNet,2,384,1e-05,1,3350,roc_auc,0.8226577247458566,0.9724039435386658,0.11177990585565567,0.8226577247458566,,,,,roc_auc,0.7336638784499132,0.9727718830108643,0.12027908116579056,0.7336638784499132,,,,,roc_auc,0.7247197587674234,0.972610592842102,0.12210094928741455,0.7247197587674234,,,,
questions,ResNet,2,512,3e-05,1,770,roc_auc,0.8239602780134966,0.9722403883934021,0.11235138028860092,0.8239602780134966,,,,,roc_auc,0.7386001189177333,0.9728536605834961,0.12030207365751266,0.7386001189177333,,,,,roc_auc,0.7218062889480478,0.972610592842102,0.1227157860994339,0.7218062889480478,,,,
questions,ResNet,2,512,6e-05,1,410,roc_auc,0.8189315876671919,0.9720768928527832,0.11280123144388199,0.8189315876671919,,,,,roc_auc,0.7389408239959822,0.9729354381561279,0.11943166702985764,0.7389408239959822,,,,,roc_auc,0.7216894592354349,0.9724470376968384,0.12189695239067078,0.7216894592354349,,,,
questions,ResNet,2,512,0.0001,1,320,roc_auc,0.8313176488925064,0.9721994996070862,0.10926100611686707,0.8313176488925064,,,,,roc_auc,0.7393476842791912,0.9726901054382324,0.1190369576215744,0.7393476842791912,,,,,roc_auc,0.7231767291836466,0.9723653197288513,0.12162262946367264,0.7231767291836466,,,,
questions,ResNet,2,512,1e-05,1,2050,roc_auc,0.8274304533305624,0.9723221659660339,0.11215788125991821,0.8274304533305624,,,,,roc_auc,0.7388341443984552,0.9727718830108643,0.12114405632019043,0.7388341443984552,,,,,roc_auc,0.7224079850568794,0.9726923108100891,0.12354709208011627,0.7224079850568794,,,,
questions,ResNet,3,256,3e-05,1,1740,roc_auc,0.8145020464240976,0.9726901054382324,0.11178205162286758,0.8145020464240976,,,,,roc_auc,0.7372434176725606,0.9728536605834961,0.11896923929452896,0.7372434176725606,,,,,roc_auc,0.7190061855098832,0.972774088382721,0.12079793959856033,0.7190061855098832,,,,
questions,ResNet,3,256,6e-05,1,1020,roc_auc,0.8216717177839739,0.9726901054382324,0.10998515039682388,0.8216717177839739,,,,,roc_auc,0.7371138781612778,0.9727718830108643,0.11885049194097519,0.7371138781612778,,,,,roc_auc,0.7206936360131053,0.9726923108100891,0.12068276852369308,0.7206936360131053,,,,
questions,ResNet,3,256,0.0001,1,650,roc_auc,0.8179183623989055,0.9726083278656006,0.11075480282306671,0.8179183623989055,,,,,roc_auc,0.7368933608114115,0.9728536605834961,0.11847274005413055,0.7368933608114115,,,,,roc_auc,0.7204398892657506,0.9726923108100891,0.12037713825702667,0.7204398892657506,,,,
questions,ResNet,3,256,1e-05,1,4200,roc_auc,0.8163971967742122,0.9727309942245483,0.11168648302555084,0.8163971967742122,,,,,roc_auc,0.7371645625155141,0.9726083278656006,0.11935234814882278,0.7371645625155141,,,,,roc_auc,0.7187151502277718,0.972774088382721,0.12123055756092072,0.7187151502277718,,,,
questions,ResNet,3,384,3e-05,1,1010,roc_auc,0.8038867914725595,0.972281277179718,0.1143929585814476,0.8038867914725595,,,,,roc_auc,0.7392570528029372,0.9725266098976135,0.1193179190158844,0.7392570528029372,,,,,roc_auc,0.721831340378519,0.9723653197288513,0.12149988114833832,0.721831340378519,,,,
questions,ResNet,3,384,6e-05,1,580,roc_auc,0.8073631147209763,0.972281277179718,0.11338665336370468,0.8073631147209763,,,,,roc_auc,0.7396356268292261,0.9723630547523499,0.11909227818250656,0.7396356268292261,,,,,roc_auc,0.7230547044739316,0.9722017645835876,0.12145273387432098,0.7230547044739316,,,,
questions,ResNet,3,384,0.0001,1,410,roc_auc,0.8116445283410977,0.9722403883934021,0.11184131354093552,0.8116445283410977,,,,,roc_auc,0.7393335988777862,0.9721994996070862,0.11868959665298462,0.7393335988777862,,,,,roc_auc,0.7233156087728494,0.9721199870109558,0.1211649477481842,0.7233156087728494,,,,
questions,ResNet,3,384,1e-05,1,2770,roc_auc,0.8116313665725716,0.9725266098976135,0.11295582354068756,0.8116313665725716,,,,,roc_auc,0.7391753112931438,0.9724448323249817,0.1198081523180008,0.7391753112931438,,,,,roc_auc,0.7221991461733651,0.9722835421562195,0.12199485301971436,0.7221991461733651,,,,
questions,ResNet,3,512,3e-05,1,820,roc_auc,0.8337495453994423,0.9724448323249817,0.10852287709712982,0.8337495453994423,,,,,roc_auc,0.7422742150563704,0.9721994996070862,0.11997351795434952,0.7422742150563704,,,,,roc_auc,0.7208896605704338,0.9721199870109558,0.12300783395767212,0.7208896605704338,,,,
questions,ResNet,3,512,6e-05,1,450,roc_auc,0.8289671475330344,0.9720360040664673,0.10946864634752274,0.8289671475330344,,,,,roc_auc,0.7423459120586046,0.972281277179718,0.11922375112771988,0.7423459120586046,,,,,roc_auc,0.7215277216589818,0.9722017645835876,0.12225499004125595,0.7215277216589818,,,,
questions,ResNet,3,512,0.0001,1,340,roc_auc,0.8400318941978536,0.9724857211112976,0.10593011975288391,0.8400318941978536,,,,,roc_auc,0.7425073169042136,0.972281277179718,0.11893326789140701,0.7425073169042136,,,,,roc_auc,0.7225505588662439,0.9722017645835876,0.12216348946094513,0.7225505588662439,,,,
questions,ResNet,3,512,1e-05,1,2050,roc_auc,0.8326169405815425,0.9724857211112976,0.10901875048875809,0.8326169405815425,,,,,roc_auc,0.7423139312701684,0.972281277179718,0.12017413973808289,0.7423139312701684,,,,,roc_auc,0.7207032178966495,0.9722835421562195,0.12313847243785858,0.7207032178966495,,,,
questions,ResNet,4,256,3e-05,1,1790,roc_auc,0.7975362092952105,0.9726083278656006,0.11357373744249344,0.7975362092952105,,,,,roc_auc,0.736996807693862,0.9725266098976135,0.11941887438297272,0.736996807693862,,,,,roc_auc,0.7207227279968784,0.9725288152694702,0.12130557000637054,0.7207227279968784,,,,
questions,ResNet,4,256,6e-05,1,980,roc_auc,0.7960332276928228,0.9724857211112976,0.113925039768219,0.7960332276928228,,,,,roc_auc,0.7367510058939324,0.9726083278656006,0.11921203136444092,0.7367510058939324,,,,,roc_auc,0.7211930484012108,0.9725288152694702,0.12112250924110413,0.7211930484012108,,,,
questions,ResNet,4,256,0.0001,1,690,roc_auc,0.8051012243908352,0.9726901054382324,0.11204949021339417,0.8051012243908352,,,,,roc_auc,0.7366910852109059,0.9726083278656006,0.11898914724588394,0.7366910852109059,,,,,roc_auc,0.7236699075752293,0.9724470376968384,0.12075276672840118,0.7236699075752293,,,,
questions,ResNet,4,256,1e-05,1,4100,roc_auc,0.7924645700200313,0.9724857211112976,0.11468836665153503,0.7924645700200313,,,,,roc_auc,0.7368139283838157,0.9726083278656006,0.11952102184295654,0.7368139283838157,,,,,roc_auc,0.7195683996407372,0.9724470376968384,0.12143649905920029,0.7195683996407372,,,,
questions,ResNet,4,384,3e-05,1,1070,roc_auc,0.8073509054488567,0.9723630547523499,0.11389674246311188,0.8073509054488567,,,,,roc_auc,0.7386513805425189,0.9726083278656006,0.11982891708612442,0.7386513805425189,,,,,roc_auc,0.7213417407627181,0.9723653197288513,0.12219411134719849,0.7213417407627181,,,,
questions,ResNet,4,384,6e-05,1,520,roc_auc,0.7978592210311206,0.9719133377075195,0.11548352986574173,0.7978592210311206,,,,,roc_auc,0.7385384664230585,0.9725266098976135,0.1190885603427887,0.7385384664230585,,,,,roc_auc,0.7201528945369411,0.9720382690429688,0.12145276367664337,0.7201528945369411,,,,
questions,ResNet,4,384,0.0001,1,420,roc_auc,0.8133871638120638,0.9722403883934021,0.11114057898521423,0.8133871638120638,,,,,roc_auc,0.7382754619607571,0.9723630547523499,0.11862257868051529,0.7382754619607571,,,,,roc_auc,0.7210066057274266,0.9718747138977051,0.12128832936286926,0.7210066057274266,,,,
questions,ResNet,4,384,1e-05,1,2650,roc_auc,0.8046554849361249,0.972281277179718,0.11474832892417908,0.8046554849361249,,,,,roc_auc,0.7389972810557124,0.9726901054382324,0.12015418708324432,0.7389972810557124,,,,,roc_auc,0.7211978970651731,0.9724470376968384,0.12234722822904587,0.7211978970651731,,,,
questions,ResNet,4,512,3e-05,1,760,roc_auc,0.8101471173995116,0.9717906713485718,0.11385692656040192,0.8101471173995116,,,,,roc_auc,0.741575255875171,0.9721994996070862,0.12005706131458282,0.741575255875171,,,,,roc_auc,0.7185165858940822,0.9722017645835876,0.12295681238174438,0.7185165858940822,,,,
questions,ResNet,4,512,6e-05,1,500,roc_auc,0.825882155990048,0.9721994996070862,0.1099441722035408,0.825882155990048,,,,,roc_auc,0.7407772370676965,0.9718724489212036,0.1202784925699234,0.7407772370676965,,,,,roc_auc,0.7199181961122951,0.9719564914703369,0.12337438762187958,0.7199181961122951,,,,
questions,ResNet,4,512,0.0001,1,320,roc_auc,0.8149103787472075,0.9717497825622559,0.11146215349435806,0.8149103787472075,,,,,roc_auc,0.7400902851139244,0.9719542264938354,0.11916465312242508,0.7400902851139244,,,,,roc_auc,0.720077278468007,0.9718747138977051,0.1221316009759903,0.720077278468007,,,,
questions,ResNet,4,512,1e-05,1,1980,roc_auc,0.8103706654197622,0.9720360040664673,0.1139756441116333,0.8103706654197622,,,,,roc_auc,0.7417089517344094,0.9721994996070862,0.12058688700199127,0.7417089517344094,,,,,roc_auc,0.71800308929161,0.9722835421562195,0.12348683178424835,0.71800308929161,,,,
questions,ResNet,5,256,3e-05,1,1710,roc_auc,0.8068830276685774,0.9726901054382324,0.11108478158712387,0.8068830276685774,,,,,roc_auc,0.7367683240104139,0.9725266098976135,0.11836788058280945,0.7367683240104139,,,,,roc_auc,0.7181518970974974,0.972774088382721,0.12035078555345535,0.7181518970974974,,,,
questions,ResNet,5,256,6e-05,1,920,roc_auc,0.8014826616790491,0.9724857211112976,0.11215313524007797,0.8014826616790491,,,,,roc_auc,0.7362947312516958,0.9726083278656006,0.1181209459900856,0.7362947312516958,,,,,roc_auc,0.717750266099296,0.9728558659553528,0.12001063674688339,0.717750266099296,,,,
questions,ResNet,5,256,0.0001,1,620,roc_auc,0.8046343856975449,0.9726083278656006,0.11153709143400192,0.8046343856975449,,,,,roc_auc,0.7355891911862332,0.9726901054382324,0.11811645328998566,0.7355891911862332,,,,,roc_auc,0.7178340787192138,0.9725288152694702,0.1200655847787857,0.7178340787192138,,,,
questions,ResNet,5,256,1e-05,1,3870,roc_auc,0.7988556765899474,0.9724857211112976,0.1130574494600296,0.7988556765899474,,,,,roc_auc,0.7371102990838717,0.9726083278656006,0.11859621107578278,0.7371102990838717,,,,,roc_auc,0.7169685922019631,0.972774088382721,0.12058699131011963,0.7169685922019631,,,,
questions,ResNet,5,384,3e-05,1,850,roc_auc,0.7907359044963603,0.9721586108207703,0.11582498252391815,0.7907359044963603,,,,,roc_auc,0.7402251355142615,0.9726083278656006,0.11903973668813705,0.7402251355142615,,,,,roc_auc,0.7215667418594396,0.9724470376968384,0.12065553665161133,0.7215667418594396,,,,
questions,ResNet,5,384,6e-05,1,550,roc_auc,0.8023614694999106,0.9722403883934021,0.11328839510679245,0.8023614694999106,,,,,roc_auc,0.7398442524057751,0.9724448323249817,0.11889610439538956,0.7398442524057751,,,,,roc_auc,0.7237315548741772,0.9725288152694702,0.12058299034833908,0.7237315548741772,,,,
questions,ResNet,5,384,0.0001,1,360,roc_auc,0.7981672237327467,0.9719133377075195,0.11396484822034836,0.7981672237327467,,,,,roc_auc,0.7398097316269217,0.972281277179718,0.1186995729804039,0.7398097316269217,,,,,roc_auc,0.7230498558099694,0.9722017645835876,0.12044907361268997,0.7230498558099694,,,,
questions,ResNet,5,384,1e-05,1,2110,roc_auc,0.788899375970536,0.972281277179718,0.11649402230978012,0.788899375970536,,,,,roc_auc,0.7395488053385981,0.9726083278656006,0.11950329691171646,0.7395488053385981,,,,,roc_auc,0.7217385230969571,0.9724470376968384,0.1210387796163559,0.7217385230969571,,,,
questions,ResNet,5,512,3e-05,1,690,roc_auc,0.8084784591494496,0.9717906713485718,0.11376280337572098,0.8084784591494496,,,,,roc_auc,0.7403597550063787,0.9720360040664673,0.1201496496796608,0.7403597550063787,,,,,roc_auc,0.7212568891433796,0.9718747138977051,0.1227564737200737,0.7212568891433796,,,,
questions,ResNet,5,512,6e-05,1,440,roc_auc,0.8183452828337057,0.9718724489212036,0.1110379546880722,0.8183452828337057,,,,,roc_auc,0.740334008739876,0.9719542264938354,0.11995141953229904,0.740334008739876,,,,,roc_auc,0.7214434472615439,0.9716294407844543,0.12278676778078079,0.7214434472615439,,,,
questions,ResNet,5,512,0.0001,1,340,roc_auc,0.8271384698866818,0.9722403883934021,0.10790301114320755,0.8271384698866818,,,,,roc_auc,0.7393841677779125,0.9716271758079529,0.12014203518629074,0.7393841677779125,,,,,roc_auc,0.7222300852672192,0.9713023900985718,0.1229647770524025,0.7222300852672192,,,,
questions,ResNet,5,512,1e-05,1,1740,roc_auc,0.8077872642571394,0.9717906713485718,0.11427759379148483,0.8077872642571394,,,,,roc_auc,0.7407364817669096,0.9720360040664673,0.12075606733560562,0.7407364817669096,,,,,roc_auc,0.7216543641438993,0.9720382690429688,0.12329604476690292,0.7216543641438993,,,,
questions,ResNet,1,256,3e-05,2,2310,roc_auc,0.8504184056941967,0.9735077619552612,0.10160151869058609,0.8504184056941967,,,,,roc_auc,0.7196779984875511,0.9721177220344543,0.12401675432920456,0.7196779984875511,,,,,roc_auc,0.709475212937159,0.971792995929718,0.12493045628070831,0.709475212937159,,,,
questions,ResNet,1,256,6e-05,2,1280,roc_auc,0.8513645521246442,0.9735486507415771,0.10160184651613235,0.8513645521246442,,,,,roc_auc,0.7186416823972891,0.9721994996070862,0.12424033880233765,0.7186416823972891,,,,,roc_auc,0.7101785001004366,0.9717112183570862,0.1249016746878624,0.7101785001004366,,,,
questions,ResNet,1,256,0.0001,2,830,roc_auc,0.8511667792344237,0.973630428314209,0.10164336860179901,0.8511667792344237,,,,,roc_auc,0.718956063938486,0.972281277179718,0.12413895130157471,0.718956063938486,,,,,roc_auc,0.7103103375824561,0.9717112183570862,0.1248459592461586,0.7103103375824561,,,,
questions,ResNet,1,256,1e-05,2,5000,roc_auc,0.839943369759105,0.9731807112693787,0.10426358133554459,0.839943369759105,,,,,roc_auc,0.7199885700431221,0.9720360040664673,0.12324769794940948,0.7199885700431221,,,,,roc_auc,0.709129803352043,0.971792995929718,0.12451662868261337,0.709129803352043,,,,
questions,ResNet,1,384,3e-05,2,1610,roc_auc,0.8282012249681058,0.9728127717971802,0.1071433573961258,0.8282012249681058,,,,,roc_auc,0.7197904507905719,0.9723630547523499,0.12248486280441284,0.7197904507905719,,,,,roc_auc,0.7121717627664167,0.9718747138977051,0.1236904114484787,0.7121717627664167,,,,
questions,ResNet,1,384,6e-05,2,810,roc_auc,0.820027795576953,0.9727309942245483,0.1087130755186081,0.820027795576953,,,,,roc_auc,0.7196485576895323,0.9723630547523499,0.12218223512172699,0.7196485576895323,,,,,roc_auc,0.710498281033181,0.9717112183570862,0.12351515144109726,0.710498281033181,,,,
questions,ResNet,1,384,0.0001,2,520,roc_auc,0.8188948443967234,0.9726901054382324,0.10865098237991333,0.8188948443967234,,,,,roc_auc,0.7188118617552488,0.9723630547523499,0.1220334991812706,0.7188118617552488,,,,,roc_auc,0.7102690084943974,0.9717112183570862,0.12328444421291351,0.7102690084943974,,,,
questions,ResNet,1,384,1e-05,2,3730,roc_auc,0.8230080125152256,0.9727309942245483,0.1083364263176918,0.8230080125152256,,,,,roc_auc,0.719972637375959,0.9724448323249817,0.12246227264404297,0.719972637375959,,,,,roc_auc,0.711871376489521,0.9717112183570862,0.1237291768193245,0.711871376489521,,,,
questions,ResNet,1,512,3e-05,2,1160,roc_auc,0.8501399592446992,0.9730580449104309,0.10330236703157425,0.8501399592446992,,,,,roc_auc,0.7182711901586917,0.972281277179718,0.12342139333486557,0.7182711901586917,,,,,roc_auc,0.7164399723857042,0.971792995929718,0.12392668426036835,0.7164399723857042,,,,
questions,ResNet,1,512,6e-05,2,640,roc_auc,0.8514876839328287,0.9730989336967468,0.10283397883176804,0.8514876839328287,,,,,roc_auc,0.7190203718776877,0.972281277179718,0.12315931171178818,0.7190203718776877,,,,,roc_auc,0.7166095601800009,0.9717112183570862,0.12372145801782608,0.7166095601800009,,,,
questions,ResNet,1,512,0.0001,2,400,roc_auc,0.8401823886300793,0.972894549369812,0.10478683561086655,0.8401823886300793,,,,,roc_auc,0.7171442425921757,0.972281277179718,0.12271557003259659,0.7171442425921757,,,,,roc_auc,0.7143010189120983,0.9716294407844543,0.12335482984781265,0.7143010189120983,,,,
questions,ResNet,1,512,1e-05,2,3210,roc_auc,0.8618340173989343,0.9735895395278931,0.10047115385532379,0.8618340173989343,,,,,roc_auc,0.7190735962223415,0.9718724489212036,0.12411312013864517,0.7190735962223415,,,,,roc_auc,0.7181804118593702,0.9717112183570862,0.12431551516056061,0.7181804118593702,,,,
questions,ResNet,2,256,3e-05,2,2080,roc_auc,0.8331885250160191,0.9739165902137756,0.10502554476261139,0.8331885250160191,,,,,roc_auc,0.7261093696782871,0.9719542264938354,0.12344013899564743,0.7261093696782871,,,,,roc_auc,0.7157598895428172,0.9713841676712036,0.12463714927434921,0.7157598895428172,,,,
questions,ResNet,2,256,6e-05,2,1120,roc_auc,0.8291998164279653,0.973630428314209,0.10575241595506668,0.8291998164279653,,,,,roc_auc,0.7259279912716692,0.9721994996070862,0.12299445271492004,0.7259279912716692,,,,,roc_auc,0.7159932026349025,0.9715477228164673,0.12417032569646835,0.7159932026349025,,,,
questions,ResNet,2,256,0.0001,2,770,roc_auc,0.8380795363362947,0.9739983677864075,0.10360995680093765,0.8380795363362947,,,,,roc_auc,0.7261511640660628,0.9721177220344543,0.1231105774641037,0.7261511640660628,,,,,roc_auc,0.7164628303729546,0.9713023900985718,0.12429380416870117,0.7164628303729546,,,,
questions,ResNet,2,256,1e-05,2,4710,roc_auc,0.8276621985926144,0.9735486507415771,0.10649760812520981,0.8276621985926144,,,,,roc_auc,0.7258379370659647,0.9721994996070862,0.1233137771487236,0.7258379370659647,,,,,roc_auc,0.7157154434564972,0.9715477228164673,0.12455878406763077,0.7157154434564972,,,,
questions,ResNet,2,384,3e-05,2,1450,roc_auc,0.8284483833538264,0.9729762673377991,0.1071014404296875,0.8284483833538264,,,,,roc_auc,0.7207006909928476,0.9720360040664673,0.12349171936511993,0.7207006909928476,,,,,roc_auc,0.7133345185623019,0.9715477228164673,0.12459776550531387,0.7133345185623019,,,,
questions,ResNet,2,384,6e-05,2,860,roc_auc,0.8386986301369863,0.9730580449104309,0.10444246232509613,0.8386986301369863,,,,,roc_auc,0.7212074190811006,0.9718724489212036,0.12362907826900482,0.7212074190811006,,,,,roc_auc,0.7148137074039098,0.9713023900985718,0.12457110732793808,0.7148137074039098,,,,
questions,ResNet,2,384,0.0001,2,500,roc_auc,0.8268930144490818,0.9725674390792847,0.10678071528673172,0.8268930144490818,,,,,roc_auc,0.7215892258224661,0.9720360040664673,0.12222115695476532,0.7215892258224661,,,,,roc_auc,0.7128249470687518,0.9714659452438354,0.12341640889644623,0.7128249470687518,,,,
questions,ResNet,2,384,1e-05,2,3500,roc_auc,0.826867874316656,0.972894549369812,0.10790147632360458,0.826867874316656,,,,,roc_auc,0.7205308579972176,0.9719542264938354,0.12386620789766312,0.7205308579972176,,,,,roc_auc,0.7132606341590686,0.9714659452438354,0.1250547170639038,0.7132606341590686,,,,
questions,ResNet,2,512,3e-05,2,1250,roc_auc,0.885635661465459,0.9752657413482666,0.09271963685750961,0.885635661465459,,,,,roc_auc,0.7264693555928857,0.9714636206626892,0.1293242871761322,0.7264693555928857,,,,,roc_auc,0.7270067119362562,0.9707301259040833,0.12939532101154327,0.7270067119362562,,,,
questions,ResNet,2,512,6e-05,2,690,roc_auc,0.8820691974207552,0.9750204682350159,0.09410519152879715,0.8820691974207552,,,,,roc_auc,0.7263810331988293,0.971545398235321,0.1282365918159485,0.7263810331988293,,,,,roc_auc,0.7260105423807863,0.9711388945579529,0.1282721310853958,0.7260105423807863,,,,
questions,ResNet,2,512,0.0001,2,460,roc_auc,0.8788684919961438,0.9747342467308044,0.09453760087490082,0.8788684919961438,,,,,roc_auc,0.7270122208175305,0.9713818430900574,0.12660346925258636,0.7270122208175305,,,,,roc_auc,0.7239937290612755,0.9712206721305847,0.12685944139957428,0.7239937290612755,,,,
questions,ResNet,2,512,1e-05,2,2980,roc_auc,0.8779543840811873,0.9752248525619507,0.09539394825696945,0.8779543840811873,,,,,roc_auc,0.7261286505146367,0.9713000655174255,0.12883809208869934,0.7261286505146367,,,,,roc_auc,0.7263871219485164,0.9708118438720703,0.12906812131404877,0.7263871219485164,,,,
questions,ResNet,3,256,3e-05,2,2340,roc_auc,0.8515962107961137,0.9748569130897522,0.09945318102836609,0.8515962107961137,,,,,roc_auc,0.7227481541774183,0.9716271758079529,0.12429115176200867,0.7227481541774183,,,,,roc_auc,0.7143349595598336,0.9711388945579529,0.1250694990158081,0.7143349595598336,,,,
questions,ResNet,3,256,6e-05,2,1250,roc_auc,0.8417099330943433,0.9742436408996582,0.1019597128033638,0.8417099330943433,,,,,roc_auc,0.7224308862834745,0.971545398235321,0.12378887832164764,0.7224308862834745,,,,,roc_auc,0.7129143010189121,0.971057116985321,0.12454209476709366,0.7129143010189121,,,,
questions,ResNet,3,256,0.0001,2,910,roc_auc,0.860352625715094,0.9754701852798462,0.09652228653430939,0.860352625715094,,,,,roc_auc,0.7224165699738496,0.9713000655174255,0.1250673085451126,0.7224165699738496,,,,,roc_auc,0.7146801382561896,0.970975399017334,0.12568622827529907,0.7146801382561896,,,,
questions,ResNet,3,256,1e-05,2,4990,roc_auc,0.8369032610013335,0.9742436408996582,0.10350045561790466,0.8369032610013335,,,,,roc_auc,0.7231465863106061,0.9717088937759399,0.1234593614935875,0.7231465863106061,,,,,roc_auc,0.7134601220477985,0.9711388945579529,0.12430895864963531,0.7134601220477985,,,,
questions,ResNet,3,384,3e-05,2,1230,roc_auc,0.8310309474741527,0.9734668731689453,0.10525307804346085,0.8310309474741527,,,,,roc_auc,0.7245554728134435,0.9717906713485718,0.1234901025891304,0.7245554728134435,,,,,roc_auc,0.7163570833208268,0.970975399017334,0.12449798732995987,0.7163570833208268,,,,
questions,ResNet,3,384,6e-05,2,650,roc_auc,0.8248341790346883,0.9731398224830627,0.10689599812030792,0.8248341790346883,,,,,roc_auc,0.7241145535678206,0.9718724489212036,0.12318231910467148,0.7241145535678206,,,,,roc_auc,0.7157191376766588,0.9707301259040833,0.12412373721599579,0.7157191376766588,,,,
questions,ResNet,3,384,0.0001,2,430,roc_auc,0.8241545872804207,0.9730580449104309,0.10677222162485123,0.8241545872804207,,,,,roc_auc,0.7234048571544025,0.9718724489212036,0.12253058701753616,0.7234048571544025,,,,,roc_auc,0.715215107513351,0.9708936214447021,0.12339560687541962,0.715215107513351,,,,
questions,ResNet,3,384,1e-05,2,3110,roc_auc,0.8336857281402075,0.9737530946731567,0.10479016602039337,0.8336857281402075,,,,,roc_auc,0.7248346408511277,0.9716271758079529,0.12385793030261993,0.7248346408511277,,,,,roc_auc,0.7163987587420256,0.9711388945579529,0.12489695847034454,0.7163987587420256,,,,
questions,ResNet,3,512,3e-05,2,1300,roc_auc,0.8783788511161527,0.9749795794487,0.0947321355342865,0.8783788511161527,,,,,roc_auc,0.7257605828123466,0.970973014831543,0.13052770495414734,0.7257605828123466,,,,,roc_auc,0.7233498957537248,0.9704848527908325,0.1307046115398407,0.7233498957537248,,,,
questions,ResNet,3,512,6e-05,2,760,roc_auc,0.882735165590057,0.9750613570213318,0.0927879810333252,0.882735165590057,,,,,roc_auc,0.7259000513770789,0.9708095192909241,0.12992307543754578,0.7259000513770789,,,,,roc_auc,0.7246055842755519,0.9704848527908325,0.1298496127128601,0.7246055842755519,,,,
questions,ResNet,3,512,0.0001,2,500,roc_auc,0.8755049096860227,0.9744889736175537,0.094443179666996,0.8755049096860227,,,,,roc_auc,0.725357301606544,0.9703189134597778,0.1281220018863678,0.725357301606544,,,,,roc_auc,0.7240874698978779,0.9703212976455688,0.12779800593852997,0.7240874698978779,,,,
questions,ResNet,3,512,1e-05,2,3290,roc_auc,0.886136414803526,0.9758381247520447,0.09223396331071854,0.886136414803526,,,,,roc_auc,0.726170791264742,0.9708095192909241,0.1319286972284317,0.726170791264742,,,,,roc_auc,0.723549499086835,0.9704030752182007,0.13233676552772522,0.723549499086835,,,,
questions,ResNet,4,256,3e-05,2,2020,roc_auc,0.8388004317983709,0.9746933579444885,0.10107457637786865,0.8388004317983709,,,,,roc_auc,0.7196158841764368,0.9713000655174255,0.12357106059789658,0.7196158841764368,,,,,roc_auc,0.7112747599334117,0.9708936214447021,0.1247580349445343,0.7112747599334117,,,,
questions,ResNet,4,256,6e-05,2,1160,roc_auc,0.8428186389114987,0.9748160243034363,0.09981706738471985,0.8428186389114987,,,,,roc_auc,0.7185589018005069,0.9713000655174255,0.12350782752037048,0.7185589018005069,,,,,roc_auc,0.7111362266773491,0.9707301259040833,0.12461891025304794,0.7111362266773491,,,,
questions,ResNet,4,256,0.0001,2,720,roc_auc,0.833150511750342,0.9745298624038696,0.10204363614320755,0.833150511750342,,,,,roc_auc,0.7185474718436289,0.9714636206626892,0.12263496965169907,0.7185474718436289,,,,,roc_auc,0.7110174344102755,0.970975399017334,0.12361649423837662,0.7110174344102755,,,,
questions,ResNet,4,256,1e-05,2,4630,roc_auc,0.8338426591390586,0.9746116399765015,0.10244939476251602,0.8338426591390586,,,,,roc_auc,0.7193715832799358,0.9714636206626892,0.12329819053411484,0.7193715832799358,,,,,roc_auc,0.7116676171587291,0.970975399017334,0.12445846199989319,0.7116676171587291,,,,
questions,ResNet,4,384,3e-05,2,1080,roc_auc,0.8211832603086089,0.9733442664146423,0.10680455714464188,0.8211832603086089,,,,,roc_auc,0.7238009802053929,0.9713818430900574,0.1229160726070404,0.7238009802053929,,,,,roc_auc,0.7174511497105809,0.9704848527908325,0.12420446425676346,0.7174511497105809,,,,
questions,ResNet,4,384,6e-05,2,670,roc_auc,0.8336499950932003,0.9735895395278931,0.1038469597697258,0.8336499950932003,,,,,roc_auc,0.7237096560044796,0.9713818430900574,0.12342994660139084,0.7237096560044796,,,,,roc_auc,0.7189010156796556,0.9703212976455688,0.12468044459819794,0.7189010156796556,,,,
questions,ResNet,4,384,0.0001,2,410,roc_auc,0.822415848385663,0.9730989336967468,0.1064860001206398,0.822415848385663,,,,,roc_auc,0.7237381731696194,0.9713000655174255,0.12245872616767883,0.7237381731696194,,,,,roc_auc,0.717409127956242,0.97015780210495,0.12371157109737396,0.717409127956242,,,,
questions,ResNet,4,384,1e-05,2,2890,roc_auc,0.8298504869277084,0.9735895395278931,0.10483894497156143,0.8298504869277084,,,,,roc_auc,0.7241428398247406,0.9714636206626892,0.123454749584198,0.7241428398247406,,,,,roc_auc,0.7193763001923303,0.9705665707588196,0.12464191019535065,0.7193763001923303,,,,
questions,ResNet,4,512,3e-05,2,1250,roc_auc,0.8769598912422285,0.9751430749893188,0.09389446675777435,0.8769598912422285,,,,,roc_auc,0.7260116955013307,0.9703189134597778,0.13103598356246948,0.7260116955013307,,,,,roc_auc,0.7283164284279477,0.97015780210495,0.12988325953483582,0.7283164284279477,,,,
questions,ResNet,4,512,6e-05,2,680,roc_auc,0.8681656073752086,0.9744889736175537,0.09651793539524078,0.8681656073752086,,,,,roc_auc,0.7263905004358392,0.9700735807418823,0.12917360663414001,0.7263905004358392,,,,,roc_auc,0.7284240225901564,0.970239520072937,0.1281711608171463,0.7284240225901564,,,,
questions,ResNet,4,512,0.0001,2,460,roc_auc,0.8652875384606504,0.9741619229316711,0.09671691805124283,0.8652875384606504,,,,,roc_auc,0.7262493000594589,0.9697465300559998,0.1276889592409134,0.7262493000594589,,,,,roc_auc,0.727619490705573,0.9699125289916992,0.12677185237407684,0.727619490705573,,,,
questions,ResNet,4,512,1e-05,2,2940,roc_auc,0.8687655935207154,0.9747751355171204,0.09724504500627518,0.8687655935207154,,,,,roc_auc,0.7252357284288428,0.9706459641456604,0.13033755123615265,0.7252357284288428,,,,,roc_auc,0.7264933307781644,0.9704848527908325,0.1295219212770462,0.7264933307781644,,,,
questions,ResNet,5,256,3e-05,2,2050,roc_auc,0.8403196347031963,0.9748978018760681,0.10189393907785416,0.8403196347031963,,,,,roc_auc,0.7271481103048565,0.971545398235321,0.12442264705896378,0.7271481103048565,,,,,roc_auc,0.7116051617491208,0.9708936214447021,0.12608814239501953,0.7116051617491208,,,,
questions,ResNet,5,256,6e-05,2,1120,roc_auc,0.8354692632295977,0.9744889736175537,0.10301550477743149,0.8354692632295977,,,,,roc_auc,0.7270798769259188,0.9716271758079529,0.12361014634370804,0.7270798769259188,,,,,roc_auc,0.710507054806065,0.9711388945579529,0.12534724175930023,0.710507054806065,,,,
questions,ResNet,5,256,0.0001,2,730,roc_auc,0.8334596112660121,0.9744071960449219,0.10331247746944427,0.8334596112660121,,,,,roc_auc,0.7268580895808439,0.9716271758079529,0.1234036237001419,0.7268580895808439,,,,,roc_auc,0.7103881470946113,0.971057116985321,0.12499075382947922,0.7103881470946113,,,,
questions,ResNet,5,256,1e-05,2,4910,roc_auc,0.8453805078826294,0.9750204682350159,0.10090532898902893,0.8453805078826294,,,,,roc_auc,0.7268351142129782,0.9713818430900574,0.12490743398666382,0.7268351142129782,,,,,roc_auc,0.7124987012507243,0.9708118438720703,0.12649860978126526,0.7124987012507243,,,,
questions,ResNet,5,384,3e-05,2,1180,roc_auc,0.8137289368408293,0.973017156124115,0.1084618791937828,0.8137289368408293,,,,,roc_auc,0.7218478430285922,0.9717906713485718,0.12343849986791611,0.7218478430285922,,,,,roc_auc,0.7154755500347487,0.9708936214447021,0.12461351603269577,0.7154755500347487,,,,
questions,ResNet,5,384,6e-05,2,690,roc_auc,0.8196503760917629,0.9730580449104309,0.10663285106420517,0.8196503760917629,,,,,roc_auc,0.722282296844062,0.971545398235321,0.12308552116155624,0.722282296844062,,,,,roc_auc,0.7159285537820733,0.9708118438720703,0.12418410181999207,0.7159285537820733,,,,
questions,ResNet,5,384,0.0001,2,470,roc_auc,0.8215084945361343,0.9730989336967468,0.10616084933280945,0.8215084945361343,,,,,roc_auc,0.7227977994446657,0.9713000655174255,0.12335324287414551,0.7227977994446657,,,,,roc_auc,0.7159642260955095,0.9705665707588196,0.12446842342615128,0.7159642260955095,,,,
questions,ResNet,5,384,1e-05,2,3040,roc_auc,0.8168696349918316,0.9731807112693787,0.10771050304174423,0.8168696349918316,,,,,roc_auc,0.7221371710279456,0.9718724489212036,0.12383896857500076,0.7221371710279456,,,,,roc_auc,0.7160610839303733,0.9708936214447021,0.12503118813037872,0.7160610839303733,,,,
questions,ResNet,5,512,3e-05,2,1220,roc_auc,0.8855363132039094,0.9757972359657288,0.09008130431175232,0.8855363132039094,,,,,roc_auc,0.7282991877803371,0.970237135887146,0.12996871769428253,0.7282991877803371,,,,,roc_auc,0.7291954219376647,0.970239520072937,0.1304498314857483,0.7291954219376647,,,,
questions,ResNet,5,512,6e-05,2,710,roc_auc,0.8851710741273113,0.9758381247520447,0.08987624943256378,0.8851710741273113,,,,,roc_auc,0.7284467381327606,0.9699100852012634,0.12949001789093018,0.7284467381327606,,,,,roc_auc,0.7294808004451536,0.9699942469596863,0.12966546416282654,0.7294808004451536,,,,
questions,ResNet,5,512,0.0001,2,460,roc_auc,0.8699468045188737,0.9744889736175537,0.09506599605083466,0.8699468045188737,,,,,roc_auc,0.7264346039058124,0.969501256942749,0.1282472461462021,0.7264346039058124,,,,,roc_auc,0.7264543105777067,0.969421923160553,0.12823204696178436,0.7264543105777067,,,,
questions,ResNet,5,512,1e-05,2,2970,roc_auc,0.8845053657297567,0.9757154583930969,0.0902855172753334,0.8845053657297567,,,,,roc_auc,0.7279894244035352,0.970237135887146,0.13001251220703125,0.7279894244035352,,,,,roc_auc,0.7289203179800005,0.9700760245323181,0.13048601150512695,0.7289203179800005,,,,
questions,ResNet,1,256,3e-05,4,2470,roc_auc,0.8531641930623626,0.9739574790000916,0.10042587667703629,0.8531641930623626,,,,,roc_auc,0.7021301283272432,0.9720360040664673,0.12566262483596802,0.7021301283272432,,,,,roc_auc,0.7307265607502961,0.9716294407844543,0.12148906290531158,0.7307265607502961,,,,
questions,ResNet,1,256,6e-05,4,1370,roc_auc,0.8508322220875257,0.9739574790000916,0.10090627521276474,0.8508322220875257,,,,,roc_auc,0.7016440665246582,0.9720360040664673,0.12545353174209595,0.7016440665246582,,,,,roc_auc,0.7308881828823691,0.9716294407844543,0.12131515145301819,0.7308881828823691,,,,
questions,ResNet,1,256,0.0001,4,860,roc_auc,0.844632422977677,0.9738348126411438,0.1023801788687706,0.844632422977677,,,,,roc_auc,0.7010631014437536,0.9721177220344543,0.12516869604587555,0.7010631014437536,,,,,roc_auc,0.7305508544038568,0.9717112183570862,0.12103252857923508,0.7305508544038568,,,,
questions,ResNet,1,256,1e-05,4,2770,roc_auc,0.7705574413060169,0.9721586108207703,0.11759913712739944,0.7705574413060169,,,,,roc_auc,0.6981303361446409,0.9721177220344543,0.12407973408699036,0.6981303361446409,,,,,roc_auc,0.7192563534814562,0.9720382690429688,0.12095575034618378,0.7192563534814562,,,,
questions,ResNet,1,384,3e-05,4,1050,roc_auc,0.814807970951746,0.9728127717971802,0.11022849380970001,0.814807970951746,,,,,roc_auc,0.6973812698797546,0.9724448323249817,0.12432464957237244,0.6973812698797546,,,,,roc_auc,0.7266319794786069,0.972610592842102,0.11999305337667465,0.7266319794786069,,,,
questions,ResNet,1,384,6e-05,4,560,roc_auc,0.8117940991404442,0.9728127717971802,0.11075001209974289,0.8117940991404442,,,,,roc_auc,0.6972700875719423,0.9725266098976135,0.12429957836866379,0.6972700875719423,,,,,roc_auc,0.726191559168708,0.972610592842102,0.12002412974834442,0.726191559168708,,,,
questions,ResNet,1,384,0.0001,4,370,roc_auc,0.8105370059285686,0.9727718830108643,0.11072546243667603,0.8105370059285686,,,,,roc_auc,0.6976014408672913,0.9724448323249817,0.12413368374109268,0.6976014408672913,,,,,roc_auc,0.7263835431727347,0.972610592842102,0.119894839823246,0.7263835431727347,,,,
questions,ResNet,1,384,1e-05,4,2700,roc_auc,0.8148017941568675,0.9728127717971802,0.11034300178289413,0.8148017941568675,,,,,roc_auc,0.6976390789071114,0.9724448323249817,0.1243935227394104,0.6976390789071114,,,,,roc_auc,0.7268703721234147,0.972610592842102,0.12006740272045135,0.7268703721234147,,,,
questions,ResNet,1,512,3e-05,4,1180,roc_auc,0.8386182163494564,0.9730580449104309,0.1051284596323967,0.8386182163494564,,,,,roc_auc,0.7016745464096658,0.972281277179718,0.12416405230760574,0.7016745464096658,,,,,roc_auc,0.7274124989321396,0.9719564914703369,0.12030336260795593,0.7274124989321396,,,,
questions,ResNet,1,512,6e-05,4,630,roc_auc,0.8326336814274745,0.9730989336967468,0.10618509352207184,0.8326336814274745,,,,,roc_auc,0.7023111603715313,0.9721994996070862,0.12368113547563553,0.7023111603715313,,,,,roc_auc,0.7279720578422522,0.9722835421562195,0.11992357671260834,0.7279720578422522,,,,
questions,ResNet,1,512,0.0001,4,420,roc_auc,0.8315637393277107,0.9730989336967468,0.10619045048952103,0.8315637393277107,,,,,roc_auc,0.7025120505227185,0.9720360040664673,0.12369521707296371,0.7025120505227185,,,,,roc_auc,0.7273328423099035,0.9719564914703369,0.11985234916210175,0.7273328423099035,,,,
questions,ResNet,1,512,1e-05,4,2930,roc_auc,0.8344811203666822,0.9730580449104309,0.10597208142280579,0.8344811203666822,,,,,roc_auc,0.7020137505844865,0.972281277179718,0.12401150912046432,0.7020137505844865,,,,,roc_auc,0.728261823236183,0.9720382690429688,0.12021399289369583,0.728261823236183,,,,
questions,ResNet,2,256,3e-05,4,870,roc_auc,0.7565364055671973,0.9719133377075195,0.12250372767448425,0.7565364055671973,,,,,roc_auc,0.6936768093102195,0.9721994996070862,0.12637266516685486,0.6936768093102195,,,,,roc_auc,0.6998777444015247,0.9716294407844543,0.12479618191719055,0.6998777444015247,,,,
questions,ResNet,2,256,6e-05,4,440,roc_auc,0.7542488844246633,0.9719133377075195,0.12288190424442291,0.7542488844246633,,,,,roc_auc,0.6933236351881036,0.9718724489212036,0.12662625312805176,0.6933236351881036,,,,,roc_auc,0.698252980196671,0.9715477228164673,0.12508752942085266,0.698252980196671,,,,
questions,ResNet,2,256,0.0001,4,870,roc_auc,0.838114980748027,0.9741619229316711,0.10503959655761719,0.838114980748027,,,,,roc_auc,0.7012397462318665,0.972281277179718,0.12570837140083313,0.7012397462318665,,,,,roc_auc,0.7275670789570293,0.9719564914703369,0.1230119913816452,0.7275670789570293,,,,
questions,ResNet,2,256,1e-05,4,2250,roc_auc,0.7556050083992866,0.9719542264938354,0.12303517758846283,0.7556050083992866,,,,,roc_auc,0.6940396815775649,0.9721994996070862,0.1268131285905838,0.6940396815775649,,,,,roc_auc,0.6992524976391624,0.9717112183570862,0.12526831030845642,0.6992524976391624,,,,
questions,ResNet,2,384,3e-05,4,370,roc_auc,0.7597629727124211,0.9719542264938354,0.12132944911718369,0.7597629727124211,,,,,roc_auc,0.6987793036962633,0.9721994996070862,0.1262139528989792,0.6987793036962633,,,,,roc_auc,0.7141729910946206,0.9718747138977051,0.1234571561217308,0.7141729910946206,,,,
questions,ResNet,2,384,6e-05,4,200,roc_auc,0.7574970703519619,0.9719542264938354,0.12079278379678726,0.7574970703519619,,,,,roc_auc,0.6988679724526494,0.9721994996070862,0.12546677887439728,0.6988679724526494,,,,,roc_auc,0.713764433433616,0.971792995929718,0.12280803173780441,0.713764433433616,,,,
questions,ResNet,2,384,0.0001,4,120,roc_auc,0.7506534125348528,0.9719542264938354,0.12083790451288223,0.7506534125348528,,,,,roc_auc,0.6988944114438115,0.9720360040664673,0.12479135394096375,0.6988944114438115,,,,,roc_auc,0.7115185784640818,0.971792995929718,0.12245010584592819,0.7115185784640818,,,,
questions,ResNet,2,384,1e-05,4,1020,roc_auc,0.7605405850059747,0.9719951152801514,0.1217220351099968,0.7605405850059747,,,,,roc_auc,0.6995116291152175,0.972281277179718,0.12662135064601898,0.6995116291152175,,,,,roc_auc,0.7143320734503323,0.971792995929718,0.12386838346719742,0.7143320734503323,,,,
questions,ResNet,2,512,3e-05,4,1040,roc_auc,0.8521375462538027,0.973630428314209,0.10231310874223709,0.8521375462538027,,,,,roc_auc,0.6975472928897586,0.9718724489212036,0.12789225578308105,0.6975472928897586,,,,,roc_auc,0.7318414071284596,0.9717112183570862,0.12403091043233871,0.7318414071284596,,,,
questions,ResNet,2,512,6e-05,4,570,roc_auc,0.8468771395089736,0.9734259843826294,0.10339922457933426,0.8468771395089736,,,,,roc_auc,0.6974340324079686,0.9720360040664673,0.1269177496433258,0.6974340324079686,,,,,roc_auc,0.7320307359117451,0.9714659452438354,0.12310661375522614,0.7320307359117451,,,,
questions,ResNet,2,512,0.0001,4,380,roc_auc,0.8425520842353185,0.9733850955963135,0.10383308678865433,0.8425520842353185,,,,,roc_auc,0.69718730697516,0.9719542264938354,0.12604834139347076,0.69718730697516,,,,,roc_auc,0.7316788614413461,0.9715477228164673,0.12226088345050812,0.7316788614413461,,,,
questions,ResNet,2,512,1e-05,4,520,roc_auc,0.7458653574170606,0.9711365699768066,0.12640658020973206,0.7458653574170606,,,,,roc_auc,0.6926234060116955,0.970973014831543,0.13014274835586548,0.6926234060116955,,,,,roc_auc,0.7035852406668991,0.9717112183570862,0.12771427631378174,0.7035852406668991,,,,
questions,ResNet,3,256,3e-05,4,2390,roc_auc,0.8598308597290292,0.9745298624038696,0.0990232303738594,0.8598308597290292,,,,,roc_auc,0.7034633923881105,0.9716271758079529,0.12895242869853973,0.7034633923881105,,,,,roc_auc,0.7328335361306276,0.9708118438720703,0.1260421872138977,0.7328335361306276,,,,
questions,ResNet,3,256,6e-05,4,1360,roc_auc,0.8605637046914778,0.9745707511901855,0.0984991267323494,0.8605637046914778,,,,,roc_auc,0.7031359645324975,0.9716271758079529,0.12840299308300018,0.7031359645324975,,,,,roc_auc,0.7333711606085305,0.9707301259040833,0.1254800409078598,0.7333711606085305,,,,
questions,ResNet,3,256,0.0001,4,850,roc_auc,0.8511729848928298,0.9742845296859741,0.10070592910051346,0.8511729848928298,,,,,roc_auc,0.7029837960156787,0.9717906713485718,0.12631988525390625,0.7029837960156787,,,,,roc_auc,0.7329324719643322,0.9712206721305847,0.12351299077272415,0.7329324719643322,,,,
questions,ResNet,3,256,1e-05,4,5000,roc_auc,0.8381220811757846,0.9739983677864075,0.10465963184833527,0.8381220811757846,,,,,roc_auc,0.7032671204013183,0.9721177220344543,0.1270124912261963,0.7032671204013183,,,,,roc_auc,0.7324425260153911,0.9711388945579529,0.12457109987735748,0.7324425260153911,,,,
questions,ResNet,3,384,3e-05,4,360,roc_auc,0.7570332623290558,0.9717088937759399,0.12400487065315247,0.7570332623290558,,,,,roc_auc,0.6940418752056526,0.9718724489212036,0.12858828902244568,0.6940418752056526,,,,,roc_auc,0.7062341119671953,0.9717112183570862,0.12594451010227203,0.7062341119671953,,,,
questions,ResNet,3,384,6e-05,4,190,roc_auc,0.7527259292612669,0.9717088937759399,0.12325825542211533,0.7527259292612669,,,,,roc_auc,0.6950324714684031,0.9717088937759399,0.1274040788412094,0.6950324714684031,,,,,roc_auc,0.7047688918955736,0.9716294407844543,0.1250915378332138,0.7047688918955736,,,,
questions,ResNet,3,384,0.0001,4,130,roc_auc,0.7497470689087854,0.971586287021637,0.12157104909420013,0.7497470689087854,,,,,roc_auc,0.6958343002615036,0.971545398235321,0.1253238171339035,0.6958343002615036,,,,,roc_auc,0.7042534327386408,0.9715477228164673,0.12332097440958023,0.7042534327386408,,,,
questions,ResNet,3,384,1e-05,4,940,roc_auc,0.7559425096259864,0.9717088937759399,0.12542112171649933,0.7559425096259864,,,,,roc_auc,0.6943531394858828,0.9718724489212036,0.12987758219242096,0.6943531394858828,,,,,roc_auc,0.7056617387308969,0.971792995929718,0.1272609531879425,0.7056617387308969,,,,
questions,ResNet,3,512,3e-05,4,310,roc_auc,0.7632894319080524,0.9721177220344543,0.12157116085290909,0.7632894319080524,,,,,roc_auc,0.6948077977705811,0.9721177220344543,0.12655682861804962,0.6948077977705811,,,,,roc_auc,0.7126512032767732,0.9724470376968384,0.12368210405111313,0.7126512032767732,,,,
questions,ResNet,3,512,6e-05,4,530,roc_auc,0.8301701504944322,0.9726901054382324,0.10796467214822769,0.8301701504944322,,,,,roc_auc,0.6975700373494045,0.971545398235321,0.12667407095432281,0.6975700373494045,,,,,roc_auc,0.7314084907032641,0.9712206721305847,0.12405157834291458,0.7314084907032641,,,,
questions,ResNet,3,512,0.0001,4,360,roc_auc,0.8295294090481385,0.9724039435386658,0.10738281905651093,0.8295294090481385,,,,,roc_auc,0.6969660969006344,0.9714636206626892,0.12566910684108734,0.6969660969006344,,,,,roc_auc,0.7316526555670744,0.970975399017334,0.1231471374630928,0.7316526555670744,,,,
questions,ResNet,3,512,1e-05,4,740,roc_auc,0.7590605210443979,0.9717497825622559,0.12391126900911331,0.7590605210443979,,,,,roc_auc,0.6951370728919523,0.9719542264938354,0.12836536765098572,0.6951370728919523,,,,,roc_auc,0.7110891253702878,0.971792995929718,0.12560249865055084,0.7110891253702878,,,,
questions,ResNet,4,256,3e-05,4,580,roc_auc,0.7516677634807105,0.9716271758079529,0.12104146182537079,0.7516677634807105,,,,,roc_auc,0.6928018980655665,0.9721177220344543,0.12433134019374847,0.6928018980655665,,,,,roc_auc,0.7080672532780432,0.9713841676712036,0.12225455045700073,0.7080672532780432,,,,
questions,ResNet,4,256,6e-05,4,320,roc_auc,0.7524651184270532,0.9717088937759399,0.12047447264194489,0.7524651184270532,,,,,roc_auc,0.6926274469055412,0.9721177220344543,0.12387708574533463,0.6926274469055412,,,,,roc_auc,0.7078296687438959,0.9713841676712036,0.12182999402284622,0.7078296687438959,,,,
questions,ResNet,4,256,0.0001,4,730,roc_auc,0.850391620340705,0.9748569130897522,0.09844692051410675,0.850391620340705,,,,,roc_auc,0.6990779834785169,0.971545398235321,0.12630778551101685,0.6990779834785169,,,,,roc_auc,0.7280286255884777,0.9711388945579529,0.12414941191673279,0.7280286255884777,,,,
questions,ResNet,4,256,1e-05,4,1530,roc_auc,0.75037993061208,0.9716271758079529,0.12164443731307983,0.75037993061208,,,,,roc_auc,0.6932504372824411,0.9720360040664673,0.12470492720603943,0.6932504372824411,,,,,roc_auc,0.7079768603284624,0.9713841676712036,0.12267880886793137,0.7079768603284624,,,,
questions,ResNet,4,384,3e-05,4,220,roc_auc,0.7399768803144968,0.9713818430900574,0.12750422954559326,0.7399768803144968,,,,,roc_auc,0.7007996351650128,0.970973014831543,0.13066747784614563,0.7007996351650128,,,,,roc_auc,0.693513872951151,0.9713841676712036,0.12904006242752075,0.693513872951151,,,,
questions,ResNet,4,384,6e-05,4,140,roc_auc,0.7437659110195176,0.9713000655174255,0.12467389553785324,0.7437659110195176,,,,,roc_auc,0.7015161433709136,0.970973014831543,0.1278524398803711,0.7015161433709136,,,,,roc_auc,0.6972899431782761,0.9712206721305847,0.12623535096645355,0.6972899431782761,,,,
questions,ResNet,4,384,0.0001,4,100,roc_auc,0.7416593930577444,0.9712591767311096,0.12268566340208054,0.7416593930577444,,,,,roc_auc,0.7011866373413227,0.970973014831543,0.125527486205101,0.7011866373413227,,,,,roc_auc,0.6990329224283032,0.9712206721305847,0.12401870638132095,0.6990329224283032,,,,
questions,ResNet,4,384,1e-05,4,680,roc_auc,0.7470625010823824,0.9713000655174255,0.1262936294078827,0.7470625010823824,,,,,roc_auc,0.6993952513724608,0.970973014831543,0.12990036606788635,0.6993952513724608,,,,,roc_auc,0.6984628580796058,0.9712206721305847,0.12793509662151337,0.6984628580796058,,,,
questions,ResNet,4,512,3e-05,4,1160,roc_auc,0.8442819331636158,0.9738348126411438,0.10384336858987808,0.8442819331636158,,,,,roc_auc,0.7016628855445681,0.9717906713485718,0.12888450920581818,0.7016628855445681,,,,,roc_auc,0.7321229759714067,0.9708936214447021,0.12694396078586578,0.7321229759714067,,,,
questions,ResNet,4,512,6e-05,4,630,roc_auc,0.838149530390408,0.9731807112693787,0.10533571243286133,0.838149530390408,,,,,roc_auc,0.7017465897742294,0.9713818430900574,0.1277037113904953,0.7017465897742294,,,,,roc_auc,0.7324866257685709,0.9708936214447021,0.12586309015750885,0.7324866257685709,,,,
questions,ResNet,4,512,0.0001,4,390,roc_auc,0.8240758187139566,0.9723630547523499,0.10790654271841049,0.8240758187139566,,,,,roc_auc,0.7018830565321048,0.9711365699768066,0.1256607621908188,0.7018830565321048,,,,,roc_auc,0.7319754380537,0.9707301259040833,0.12403871864080429,0.7319754380537,,,,
questions,ResNet,4,512,1e-05,4,1200,roc_auc,0.7728951272592927,0.9719542264938354,0.12026993185281754,0.7728951272592927,,,,,roc_auc,0.693264869046176,0.9718724489212036,0.12624754011631012,0.693264869046176,,,,,roc_auc,0.71822416527941,0.9715477228164673,0.12334678322076797,0.71822416527941,,,,
questions,ResNet,5,256,3e-05,4,490,roc_auc,0.7464984788921023,0.9714227318763733,0.12270694226026535,0.7464984788921023,,,,,roc_auc,0.6934853863960423,0.9716271758079529,0.12495245784521103,0.6934853863960423,,,,,roc_auc,0.7039562789043866,0.9708936214447021,0.12346820533275604,0.7039562789043866,,,,
questions,ResNet,5,256,6e-05,4,290,roc_auc,0.7486350726494986,0.9714636206626892,0.12164416164159775,0.7486350726494986,,,,,roc_auc,0.6932041401843803,0.9717906713485718,0.1242038682103157,0.6932041401843803,,,,,roc_auc,0.7050768975015527,0.9708936214447021,0.1226390153169632,0.7050768975015527,,,,
questions,ResNet,5,256,0.0001,4,750,roc_auc,0.8588526747830907,0.9754701852798462,0.0964306890964508,0.8588526747830907,,,,,roc_auc,0.703117607329027,0.9717906713485718,0.12731732428073883,0.703117607329027,,,,,roc_auc,0.7295362137475786,0.971057116985321,0.1247033104300499,0.7295362137475786,,,,
questions,ResNet,5,256,1e-05,4,1340,roc_auc,0.7464295527885054,0.9714227318763733,0.12285850197076797,0.7464295527885054,,,,,roc_auc,0.6940400279398946,0.9717906713485718,0.12501990795135498,0.6940400279398946,,,,,roc_auc,0.7042930301609988,0.970975399017334,0.12354236096143723,0.7042930301609988,,,,
questions,ResNet,5,384,3e-05,4,500,roc_auc,0.7564234625842093,0.9717088937759399,0.12036264687776566,0.7564234625842093,,,,,roc_auc,0.6946157975858546,0.9718724489212036,0.1245003193616867,0.6946157975858546,,,,,roc_auc,0.7094036374215267,0.9711388945579529,0.12214650958776474,0.7094036374215267,,,,
questions,ResNet,5,384,6e-05,4,240,roc_auc,0.7485436041309481,0.971545398235321,0.1204170435667038,0.7485436041309481,,,,,roc_auc,0.6949103210201525,0.9717906713485718,0.12395494431257248,0.6949103210201525,,,,,roc_auc,0.707544174792027,0.9717112183570862,0.12198224663734436,0.707544174792027,,,,
questions,ResNet,5,384,0.0001,4,170,roc_auc,0.7466724105086331,0.9716271758079529,0.11913620680570602,0.7466724105086331,,,,,roc_auc,0.6947180899272061,0.9716271758079529,0.12248561531305313,0.6947180899272061,,,,,roc_auc,0.7082138676407094,0.9711388945579529,0.12085342407226562,0.7082138676407094,,,,
questions,ResNet,5,384,1e-05,4,1320,roc_auc,0.7554698693636747,0.9716680645942688,0.12116324156522751,0.7554698693636747,,,,,roc_auc,0.6950942394171876,0.9719542264938354,0.12495109438896179,0.6950942394171876,,,,,roc_auc,0.7093461461202608,0.9713841676712036,0.12259236723184586,0.7093461461202608,,,,
questions,ResNet,5,512,3e-05,4,290,roc_auc,0.7593508592672128,0.971586287021637,0.12189973145723343,0.7593508592672128,,,,,roc_auc,0.696546536665339,0.9717088937759399,0.12586051225662231,0.696546536665339,,,,,roc_auc,0.7101057701410038,0.9715477228164673,0.12335379421710968,0.7101057701410038,,,,
questions,ResNet,5,512,6e-05,4,570,roc_auc,0.8350270451252388,0.9735077619552612,0.1055229902267456,0.8350270451252388,,,,,roc_auc,0.7012706879333137,0.9713000655174255,0.12784923613071442,0.7012706879333137,,,,,roc_auc,0.7318020405948618,0.9705665707588196,0.12596406042575836,0.7318020405948618,,,,
questions,ResNet,5,512,0.0001,4,400,roc_auc,0.8362525327745354,0.9733033776283264,0.10464354604482651,0.8362525327745354,,,,,roc_auc,0.7018210576751006,0.9707277417182922,0.12717518210411072,0.7018210576751006,,,,,roc_auc,0.7321764267193709,0.9704848527908325,0.1254434436559677,0.7321764267193709,,,,
questions,ResNet,5,512,1e-05,4,690,roc_auc,0.755637624185327,0.9714636206626892,0.12368058413267136,0.755637624185327,,,,,roc_auc,0.6964335070917688,0.9717906713485718,0.12720592319965363,0.6964335070917688,,,,,roc_auc,0.7088047119778161,0.9714659452438354,0.12472343444824219,0.7088047119778161,,,,
questions,ResNet,1,256,3e-05,3,640,roc_auc,0.7602192184911302,0.9720768928527832,0.12075181305408478,0.7602192184911302,,,,,roc_auc,0.7033193056589833,0.9714636206626892,0.12683840095996857,0.7033193056589833,,,,,roc_auc,0.6833673509439887,0.9722017645835876,0.1264456957578659,0.6833673509439887,,,,
questions,ResNet,1,256,6e-05,3,1490,roc_auc,0.8885641549625062,0.9751430749893188,0.09083826094865799,0.8885641549625062,,,,,roc_auc,0.7164034890232005,0.9725266098976135,0.12519322335720062,0.7164034890232005,,,,,roc_auc,0.711702712250265,0.9723653197288513,0.1263314038515091,0.711702712250265,,,,
questions,ResNet,1,256,0.0001,3,940,roc_auc,0.8836758568138129,0.9748978018760681,0.09239014983177185,0.8836758568138129,,,,,roc_auc,0.7164231162218797,0.9725266098976135,0.12455368041992188,0.7164231162218797,,,,,roc_auc,0.7104338630691119,0.9724470376968384,0.12579727172851562,0.7104338630691119,,,,
questions,ResNet,1,256,1e-05,3,5000,roc_auc,0.8502247891519318,0.9739983677864075,0.10165829956531525,0.8502247891519318,,,,,roc_auc,0.7148350449405123,0.973017156124115,0.12296418845653534,0.7148350449405123,,,,,roc_auc,0.7085126376962843,0.9728558659553528,0.1235572025179863,0.7085126376962843,,,,
questions,ResNet,1,384,3e-05,3,1990,roc_auc,0.869481351274902,0.9744071960449219,0.09579462558031082,0.869481351274902,,,,,roc_auc,0.7186891340364489,0.9726901054382324,0.12446258217096329,0.7186891340364489,,,,,roc_auc,0.7116220166286085,0.9725288152694702,0.1257079690694809,0.7116220166286085,,,,
questions,ResNet,1,384,6e-05,3,1160,roc_auc,0.875208510122439,0.9746116399765015,0.09398768097162247,0.875208510122439,,,,,roc_auc,0.7191538368287065,0.9724448323249817,0.12478506565093994,0.7191538368287065,,,,,roc_auc,0.7121694538788157,0.9724470376968384,0.126138836145401,0.7121694538788157,,,,
questions,ResNet,1,384,0.0001,3,750,roc_auc,0.8710166023010004,0.974366307258606,0.09520288556814194,0.8710166023010004,,,,,roc_auc,0.718318988160181,0.9725266098976135,0.12434301525354385,0.718318988160181,,,,,roc_auc,0.7114264538488002,0.9725288152694702,0.12565740942955017,0.7114264538488002,,,,
questions,ResNet,1,384,1e-05,3,4690,roc_auc,0.8738605256625623,0.9744889736175537,0.09459831565618515,0.8738605256625623,,,,,roc_auc,0.7187297738831258,0.9726083278656006,0.12500189244747162,0.7187297738831258,,,,,roc_auc,0.7130424442807699,0.9725288152694702,0.12615351378917694,0.7130424442807699,,,,
questions,ResNet,1,512,3e-05,3,1370,roc_auc,0.863299678460304,0.9742436408996582,0.09804747253656387,0.863299678460304,,,,,roc_auc,0.7148525939652136,0.9725266098976135,0.12424777448177338,0.7148525939652136,,,,,roc_auc,0.7091407705681481,0.9726923108100891,0.12510015070438385,0.7091407705681481,,,,
questions,ResNet,1,512,6e-05,3,730,roc_auc,0.8558607392526655,0.9739165902137756,0.09985716640949249,0.8558607392526655,,,,,roc_auc,0.7139653291308037,0.9724448323249817,0.1238115206360817,0.7139653291308037,,,,,roc_auc,0.7078205486378717,0.9726923108100891,0.12454788386821747,0.7078205486378717,,,,
questions,ResNet,1,512,0.0001,3,500,roc_auc,0.8597142510780528,0.9740392565727234,0.09871268272399902,0.8597142510780528,,,,,roc_auc,0.7137255309445877,0.9724448323249817,0.12394542247056961,0.7137255309445877,,,,,roc_auc,0.7084109311974585,0.9726923108100891,0.12469078600406647,0.7084109311974585,,,,
questions,ResNet,1,512,1e-05,3,3360,roc_auc,0.8647735656270024,0.9742845296859741,0.0978015884757042,0.8647735656270024,,,,,roc_auc,0.7150606422712131,0.9725266098976135,0.12439082562923431,0.7150606422712131,,,,,roc_auc,0.71036298021976,0.972774088382721,0.12525098025798798,0.71036298021976,,,,
questions,ResNet,2,256,3e-05,3,2480,roc_auc,0.867322215102552,0.9748160243034363,0.09659478813409805,0.867322215102552,,,,,roc_auc,0.7155215350778449,0.9720360040664673,0.12439454346895218,0.7155215350778449,,,,,roc_auc,0.6988302020969317,0.9718747138977051,0.12699945271015167,0.6988302020969317,,,,
questions,ResNet,2,256,6e-05,3,1430,roc_auc,0.8719439874385928,0.9750204682350159,0.09522800147533417,0.8719439874385928,,,,,roc_auc,0.7153799883391349,0.9720360040664673,0.12462674081325531,0.7153799883391349,,,,,roc_auc,0.6984378066491346,0.971792995929718,0.1273374706506729,0.6984378066491346,,,,
questions,ResNet,2,256,0.0001,3,960,roc_auc,0.8774830426776117,0.9751430749893188,0.09347075968980789,0.8774830426776117,,,,,roc_auc,0.7149994515929781,0.9721177220344543,0.12486899644136429,0.7149994515929781,,,,,roc_auc,0.697358401695647,0.9717112183570862,0.12773799896240234,0.697358401695647,,,,
questions,ResNet,2,256,1e-05,3,5000,roc_auc,0.8439144427318752,0.9740392565727234,0.10292449593544006,0.8439144427318752,,,,,roc_auc,0.7133835558711302,0.9728536605834961,0.12311404943466187,0.7133835558711302,,,,,roc_auc,0.6998483060846115,0.9722835421562195,0.12500309944152832,0.6998483060846115,,,,
questions,ResNet,2,384,3e-05,3,1410,roc_auc,0.8706924360239914,0.9748569130897522,0.09587059915065765,0.8706924360239914,,,,,roc_auc,0.7144063638305365,0.9718724489212036,0.1279497742652893,0.7144063638305365,,,,,roc_auc,0.7040493270747087,0.971792995929718,0.12992554903030396,0.7040493270747087,,,,
questions,ResNet,2,384,6e-05,3,790,roc_auc,0.8715700027131716,0.9748569130897522,0.09539254754781723,0.8715700027131716,,,,,roc_auc,0.7144591263587506,0.9719542264938354,0.1273854523897171,0.7144591263587506,,,,,roc_auc,0.7039611275683488,0.971792995929718,0.12931987643241882,0.7039611275683488,,,,
questions,ResNet,2,384,0.0001,3,540,roc_auc,0.876891051729214,0.974938690662384,0.09338625520467758,0.876891051729214,,,,,roc_auc,0.7142876770055822,0.9720360040664673,0.12711934745311737,0.7142876770055822,,,,,roc_auc,0.7036902950527465,0.9717112183570862,0.12923935055732727,0.7036902950527465,,,,
questions,ResNet,2,384,1e-05,3,3390,roc_auc,0.8660888765737839,0.9746116399765015,0.09774991124868393,0.8660888765737839,,,,,roc_auc,0.7143680330660569,0.9719542264938354,0.1277952939271927,0.7143680330660569,,,,,roc_auc,0.7041810491123481,0.9718747138977051,0.1296514868736267,0.7041810491123481,,,,
questions,ResNet,2,512,3e-05,3,1140,roc_auc,0.8656199885700431,0.9744071960449219,0.09830276668071747,0.8656199885700431,,,,,roc_auc,0.713798036125591,0.9721994996070862,0.12645888328552246,0.713798036125591,,,,,roc_auc,0.708673567162077,0.9719564914703369,0.12846636772155762,0.708673567162077,,,,
questions,ResNet,2,512,6e-05,3,610,roc_auc,0.8589637993638478,0.9740801453590393,0.09989938884973526,0.8589637993638478,,,,,roc_auc,0.7142912560829885,0.9720360040664673,0.12519042193889618,0.7142912560829885,,,,,roc_auc,0.7078460618458633,0.9721199870109558,0.12704981863498688,0.7078460618458633,,,,
questions,ResNet,2,512,0.0001,3,460,roc_auc,0.8773833769172596,0.9745707511901855,0.09405240416526794,0.8773833769172596,,,,,roc_auc,0.7144138683476784,0.9718724489212036,0.1260937601327896,0.7144138683476784,,,,,roc_auc,0.7080201519709819,0.9714659452438354,0.12844569981098175,0.7080201519709819,,,,
questions,ResNet,2,512,1e-05,3,2860,roc_auc,0.8668907342304117,0.974366307258606,0.0982406884431839,0.8668907342304117,,,,,roc_auc,0.7137825652748674,0.972281277179718,0.12718693912029266,0.7137825652748674,,,,,roc_auc,0.7091083306973534,0.9719564914703369,0.12923534214496613,0.7091083306973534,,,,
questions,ResNet,3,256,3e-05,3,2250,roc_auc,0.8554938260914743,0.9752248525619507,0.097730852663517,0.8554938260914743,,,,,roc_auc,0.7147254789902384,0.9721994996070862,0.1241711899638176,0.7147254789902384,,,,,roc_auc,0.701009676547936,0.9717112183570862,0.1260240226984024,0.701009676547936,,,,
questions,ResNet,3,256,6e-05,3,1340,roc_auc,0.8669142580052993,0.9757154583930969,0.09451107680797577,0.8669142580052993,,,,,roc_auc,0.7149245218756674,0.9717906713485718,0.12509451806545258,0.7149245218756674,,,,,roc_auc,0.7019390038073556,0.9716294407844543,0.1271096169948578,0.7019390038073556,,,,
questions,ResNet,3,256,0.0001,3,880,roc_auc,0.8679654099486807,0.975674569606781,0.09402275085449219,0.8679654099486807,,,,,roc_auc,0.7151313001864584,0.9714636206626892,0.12483035773038864,0.7151313001864584,,,,,roc_auc,0.7014713386237645,0.9714659452438354,0.12693896889686584,0.7014713386237645,,,,
questions,ResNet,3,256,1e-05,3,4980,roc_auc,0.8461490281650299,0.974938690662384,0.10021120309829712,0.8461490281650299,,,,,roc_auc,0.7139375046903231,0.9721994996070862,0.1236296221613884,0.7139375046903231,,,,,roc_auc,0.7001297594831787,0.9718747138977051,0.1253669410943985,0.7001297594831787,,,,
questions,ResNet,3,384,3e-05,3,1580,roc_auc,0.8764745798913576,0.9758790135383606,0.0924934670329094,0.8764745798913576,,,,,roc_auc,0.7189507530494317,0.9718724489212036,0.1295253187417984,0.7189507530494317,,,,,roc_auc,0.7056294143044822,0.9712206721305847,0.13197986781597137,0.7056294143044822,,,,
questions,ResNet,3,384,6e-05,3,900,roc_auc,0.877916053316708,0.9758381247520447,0.09208366274833679,0.877916053316708,,,,,roc_auc,0.7185707935738244,0.9717906713485718,0.1296837031841278,0.7185707935738244,,,,,roc_auc,0.7052259361962001,0.9713841676712036,0.13211652636528015,0.7052259361962001,,,,
questions,ResNet,3,384,0.0001,3,590,roc_auc,0.8728649648730871,0.975674569606781,0.09379978477954865,0.8728649648730871,,,,,roc_auc,0.7177329430984419,0.9717088937759399,0.12884590029716492,0.7177329430984419,,,,,roc_auc,0.7048319245270822,0.9714659452438354,0.131082221865654,0.7048319245270822,,,,
questions,ResNet,3,384,1e-05,3,3750,roc_auc,0.8723581213307241,0.9757972359657288,0.09403029084205627,0.8723581213307241,,,,,roc_auc,0.7185069474510619,0.9717906713485718,0.12930065393447876,0.7185069474510619,,,,,roc_auc,0.7062875627151594,0.9713841676712036,0.13165944814682007,0.7062875627151594,,,,
questions,ResNet,3,512,3e-05,3,1180,roc_auc,0.8641866257959118,0.9744889736175537,0.09898369014263153,0.8641866257959118,,,,,roc_auc,0.7127035311639505,0.9720360040664673,0.12890847027301788,0.7127035311639505,,,,,roc_auc,0.7052307848601622,0.9715477228164673,0.13089507818222046,0.7052307848601622,,,,
questions,ResNet,3,512,6e-05,3,660,roc_auc,0.8612972135150581,0.9742028117179871,0.09931385517120361,0.8612972135150581,,,,,roc_auc,0.7133664686628682,0.9721177220344543,0.12769965827465057,0.7133664686628682,,,,,roc_auc,0.7050553094024831,0.9716294407844543,0.12969671189785004,0.7050553094024831,,,,
questions,ResNet,3,512,0.0001,3,460,roc_auc,0.863125544799081,0.9744889736175537,0.09766142070293427,0.863125544799081,,,,,roc_auc,0.7136746156821318,0.9717088937759399,0.12727291882038116,0.7136746156821318,,,,,roc_auc,0.7038334460840112,0.9712206721305847,0.1295504868030548,0.7038334460840112,,,,
questions,ResNet,3,512,1e-05,3,2920,roc_auc,0.8646918241172089,0.9745707511901855,0.09920451790094376,0.8646918241172089,,,,,roc_auc,0.7129097322041922,0.9720360040664673,0.12949663400650024,0.7129097322041922,,,,,roc_auc,0.7066327414115153,0.9715477228164673,0.13139741122722626,0.7066327414115153,,,,
questions,ResNet,4,256,3e-05,3,2050,roc_auc,0.8623383786779351,0.9753475189208984,0.09613421559333801,0.8623383786779351,,,,,roc_auc,0.7165131704275842,0.9717906713485718,0.12517815828323364,0.7165131704275842,,,,,roc_auc,0.706271169613192,0.9713841676712036,0.12724760174751282,0.706271169613192,,,,
questions,ResNet,4,256,6e-05,3,1200,roc_auc,0.8721500441611971,0.9757972359657288,0.09287393093109131,0.8721500441611971,,,,,roc_auc,0.7163368720018011,0.9714636206626892,0.1259811818599701,0.7163368720018011,,,,,roc_auc,0.7067464541258668,0.9715477228164673,0.12814171612262726,0.7067464541258668,,,,
questions,ResNet,4,256,0.0001,3,740,roc_auc,0.8578412967805622,0.9753066301345825,0.0961809754371643,0.8578412967805622,,,,,roc_auc,0.7159158108630772,0.9714636206626892,0.12447313219308853,0.7159158108630772,,,,,roc_auc,0.7049433283538324,0.9712206721305847,0.12665235996246338,0.7049433283538324,,,,
questions,ResNet,4,256,1e-05,3,4910,roc_auc,0.8622624964642179,0.9753475189208984,0.0965256616473198,0.8622624964642179,,,,,roc_auc,0.7163047757592551,0.9719542264938354,0.12531927227973938,0.7163047757592551,,,,,roc_auc,0.7061887423258348,0.9714659452438354,0.12734480202198029,0.7061887423258348,,,,
questions,ResNet,4,384,3e-05,3,1770,roc_auc,0.8660965254085632,0.9755110740661621,0.09472932666540146,0.8660965254085632,,,,,roc_auc,0.7202409527273148,0.9717088937759399,0.12774580717086792,0.7202409527273148,,,,,roc_auc,0.7097326539046753,0.9713023900985718,0.12961682677268982,0.7097326539046753,,,,
questions,ResNet,4,384,6e-05,3,1000,roc_auc,0.8659207753898019,0.9754292964935303,0.09474387019872665,0.8659207753898019,,,,,roc_auc,0.7196086105675148,0.9717088937759399,0.12710800766944885,0.7196086105675148,,,,,roc_auc,0.7092341650716102,0.971057116985321,0.12897028028964996,0.7092341650716102,,,,
questions,ResNet,4,384,0.0001,3,660,roc_auc,0.8636025434540406,0.9752657413482666,0.09513656049966812,0.8636025434540406,,,,,roc_auc,0.7187881936627238,0.9716271758079529,0.12651121616363525,0.7187881936627238,,,,,roc_auc,0.7085068654772817,0.970975399017334,0.1283520758152008,0.7085068654772817,,,,
questions,ResNet,4,384,1e-05,3,4260,roc_auc,0.8708532924625784,0.9757154583930969,0.09344303607940674,0.8708532924625784,,,,,roc_auc,0.7205534870027536,0.9717088937759399,0.12873807549476624,0.7205534870027536,,,,,roc_auc,0.7098658767192554,0.9712206721305847,0.13069482147693634,0.7098658767192554,,,,
questions,ResNet,4,512,3e-05,3,1140,roc_auc,0.8717764057981053,0.9747751355171204,0.09592896699905396,0.8717764057981053,,,,,roc_auc,0.7174683222786022,0.970973014831543,0.13031233847141266,0.7174683222786022,,,,,roc_auc,0.7101071554735644,0.9707301259040833,0.13232867419719696,0.7101071554735644,,,,
questions,ResNet,4,512,6e-05,3,650,roc_auc,0.8685474718436289,0.9745707511901855,0.09636304527521133,0.8685474718436289,,,,,roc_auc,0.7165566966270083,0.9708095192909241,0.1295551359653473,0.7165566966270083,,,,,roc_auc,0.7094253409649764,0.9708936214447021,0.13144515454769135,0.7094253409649764,,,,
questions,ResNet,4,512,0.0001,3,470,roc_auc,0.8742307292658851,0.9748160243034363,0.09363453835248947,0.8742307292658851,,,,,roc_auc,0.7164040662937499,0.9704006314277649,0.129842609167099,0.7164040662937499,,,,,roc_auc,0.7084777734935086,0.9704030752182007,0.13180065155029297,0.7084777734935086,,,,
questions,ResNet,4,512,1e-05,3,2690,roc_auc,0.8649646133153225,0.974366307258606,0.09864875674247742,0.8649646133153225,,,,,roc_auc,0.717169296134019,0.9713818430900574,0.12954452633857727,0.717169296134019,,,,,roc_auc,0.7093172850252477,0.9713841676712036,0.13164028525352478,0.7093172850252477,,,,
questions,ResNet,5,256,3e-05,3,2020,roc_auc,0.8683122340947531,0.9752657413482666,0.09492062777280807,0.8683122340947531,,,,,roc_auc,0.717146782582593,0.9713818430900574,0.12535196542739868,0.717146782582593,,,,,roc_auc,0.7072134266431775,0.9716294407844543,0.12711411714553833,0.7072134266431775,,,,
questions,ResNet,5,256,6e-05,3,1170,roc_auc,0.8748038434673178,0.9755110740661621,0.09268411248922348,0.8748038434673178,,,,,roc_auc,0.7172035860046528,0.9712183475494385,0.1256377249956131,0.7172035860046528,,,,,roc_auc,0.7067456460152064,0.9712206721305847,0.127646803855896,0.7067456460152064,,,,
questions,ResNet,5,256,0.0001,3,780,roc_auc,0.8757699634587742,0.9754701852798462,0.09226156771183014,0.8757699634587742,,,,,roc_auc,0.7171908860525661,0.9713000655174255,0.12595275044441223,0.7171908860525661,,,,,roc_auc,0.7061776596653498,0.971057116985321,0.12824298441410065,0.7061776596653498,,,,
questions,ResNet,5,256,1e-05,3,1420,roc_auc,0.7603085511086481,0.9721586108207703,0.12001805752515793,0.7603085511086481,,,,,roc_auc,0.7014819689543899,0.9721994996070862,0.12538491189479828,0.7014819689543899,,,,,roc_auc,0.6810201358087686,0.9721199870109558,0.12457259744405746,0.6810201358087686,,,,
questions,ResNet,5,384,3e-05,3,1360,roc_auc,0.8553539534373575,0.9750613570213318,0.09810294955968857,0.8553539534373575,,,,,roc_auc,0.7157866177141241,0.9712183475494385,0.12649337947368622,0.7157866177141241,,,,,roc_auc,0.703762332345899,0.9713841676712036,0.1284419447183609,0.703762332345899,,,,
questions,ResNet,5,384,6e-05,3,770,roc_auc,0.8559477339244583,0.9749795794487,0.09762860089540482,0.8559477339244583,,,,,roc_auc,0.7157001425858256,0.9710547924041748,0.1265082061290741,0.7157001425858256,,,,,roc_auc,0.7036685915092967,0.9712206721305847,0.12858472764492035,0.7036685915092967,,,,
questions,ResNet,5,384,0.0001,3,510,roc_auc,0.8520164637560685,0.9748569130897522,0.09835077077150345,0.8520164637560685,,,,,roc_auc,0.7150266987629093,0.970973014831543,0.12633782625198364,0.7150266987629093,,,,,roc_auc,0.7029609174595772,0.9708118438720703,0.12835489213466644,0.7029609174595772,,,,
questions,ResNet,5,384,1e-05,3,3390,roc_auc,0.8585003088397438,0.9751021862030029,0.09761875867843628,0.8585003088397438,,,,,roc_auc,0.7158501174745568,0.9713818430900574,0.12707671523094177,0.7158501174745568,,,,,roc_auc,0.7045253042536637,0.9713841676712036,0.12906749546527863,0.7045253042536637,,,,
questions,ResNet,5,512,3e-05,3,1010,roc_auc,0.8709205156180547,0.9751839637756348,0.09465549886226654,0.8709205156180547,,,,,roc_auc,0.718757944685936,0.970973014831543,0.12975452840328217,0.718757944685936,,,,,roc_auc,0.7127385946724727,0.9705665707588196,0.13187377154827118,0.7127385946724727,,,,
questions,ResNet,5,512,6e-05,3,570,roc_auc,0.864308141246558,0.9747342467308044,0.09630018472671509,0.864308141246558,,,,,roc_auc,0.7185524363703538,0.970973014831543,0.12849192321300507,0.7185524363703538,,,,,roc_auc,0.7128855553682791,0.9704848527908325,0.1306275725364685,0.7128855553682791,,,,
questions,ResNet,5,512,0.0001,3,410,roc_auc,0.8677107759093455,0.9750613570213318,0.09468579292297363,0.8677107759093455,,,,,roc_auc,0.7183432335232554,0.9705641865730286,0.12845104932785034,0.7183432335232554,,,,,roc_auc,0.7123400806725328,0.970239520072937,0.1306268274784088,0.7123400806725328,,,,
questions,ResNet,5,512,1e-05,3,2360,roc_auc,0.8608171553261867,0.9745707511901855,0.09798085689544678,0.8608171553261867,,,,,roc_auc,0.7184298241056637,0.9713818430900574,0.12807711958885193,0.7184298241056637,,,,,roc_auc,0.7125384141174623,0.970975399017334,0.1302938312292099,0.7125384141174623,,,,
questions,ResNet,1,256,3e-05,5,3060,roc_auc,0.8849718580607172,0.9750204682350159,0.09218838065862656,0.8849718580607172,,,,,roc_auc,0.7057901390644754,0.9714636206626892,0.12634269893169403,0.7057901390644754,,,,,roc_auc,0.700210339660455,0.9721199870109558,0.1298372447490692,0.700210339660455,,,,
questions,ResNet,1,256,6e-05,5,1870,roc_auc,0.8979770708137782,0.9757563471794128,0.08780629187822342,0.8979770708137782,,,,,roc_auc,0.7061136414803526,0.9716271758079529,0.12747672200202942,0.7061136414803526,,,,,roc_auc,0.6954320967700971,0.9719564914703369,0.13189968466758728,0.6954320967700971,,,,
questions,ResNet,1,256,0.0001,5,1230,roc_auc,0.900487591569541,0.9761651754379272,0.08684214949607849,0.900487591569541,,,,,roc_auc,0.7066632030433703,0.971545398235321,0.12743519246578217,0.7066632030433703,,,,,roc_auc,0.6929943732409163,0.9719564914703369,0.13216760754585266,0.6929943732409163,,,,
questions,ResNet,1,256,1e-05,5,5000,roc_auc,0.8280120534090711,0.9732624888420105,0.10719127207994461,0.8280120534090711,,,,,roc_auc,0.7009461464304475,0.9723630547523499,0.1236676275730133,0.7009461464304475,,,,,roc_auc,0.7074437381813816,0.9722017645835876,0.12464369088411331,0.7074437381813816,,,,
questions,ResNet,1,384,3e-05,5,1900,roc_auc,0.8900260349017775,0.9747751355171204,0.09138726443052292,0.8900260349017775,,,,,roc_auc,0.7099998268188352,0.9713818430900574,0.12668152153491974,0.7099998268188352,,,,,roc_auc,0.6978331089864214,0.9718747138977051,0.13021214306354523,0.6978331089864214,,,,
questions,ResNet,1,384,6e-05,5,1060,roc_auc,0.8905583072118409,0.9748160243034363,0.09119956940412521,0.8905583072118409,,,,,roc_auc,0.7091812571798025,0.9713000655174255,0.1267256736755371,0.7091812571798025,,,,,roc_auc,0.6972713566330877,0.971792995929718,0.13029702007770538,0.6972713566330877,,,,
questions,ResNet,1,384,0.0001,5,660,roc_auc,0.8815674338592269,0.9745707511901855,0.09383027255535126,0.8815674338592269,,,,,roc_auc,0.7075864895600621,0.9713000655174255,0.12573519349098206,0.7075864895600621,,,,,roc_auc,0.6993241885991748,0.9719564914703369,0.12873049080371857,0.6993241885991748,,,,
questions,ResNet,1,384,1e-05,5,4830,roc_auc,0.9020668017479752,0.975674569606781,0.0870792493224144,0.9020668017479752,,,,,roc_auc,0.7100203776503934,0.9713000655174255,0.1286747306585312,0.7100203776503934,,,,,roc_auc,0.6924759125301021,0.9716294407844543,0.1330655813217163,0.6924759125301021,,,,
questions,ResNet,1,512,3e-05,5,1300,roc_auc,0.8904929313221227,0.9751839637756348,0.0911027044057846,0.8904929313221227,,,,,roc_auc,0.7066384958638565,0.9717906713485718,0.12809646129608154,0.7066384958638565,,,,,roc_auc,0.6930133061192447,0.9721199870109558,0.13150210678577423,0.6930133061192447,,,,
questions,ResNet,1,512,6e-05,5,730,roc_auc,0.8916882277216863,0.9752657413482666,0.0905047133564949,0.8916882277216863,,,,,roc_auc,0.7083511421297819,0.9717088937759399,0.1277180314064026,0.7083511421297819,,,,,roc_auc,0.6932665910890793,0.9720382690429688,0.13131308555603027,0.6932665910890793,,,,
questions,ResNet,1,512,0.0001,5,490,roc_auc,0.8930572536930883,0.9751430749893188,0.0901155099272728,0.8930572536930883,,,,,roc_auc,0.709495985083329,0.9716271758079529,0.1275881826877594,0.709495985083329,,,,,roc_auc,0.6943875560193854,0.9719564914703369,0.1310754418373108,0.6943875560193854,,,,
questions,ResNet,1,512,1e-05,5,3250,roc_auc,0.8892750925076055,0.9750204682350159,0.09133333712816238,0.8892750925076055,,,,,roc_auc,0.7061431977324812,0.9717088937759399,0.12794677913188934,0.7061431977324812,,,,,roc_auc,0.6921447026037324,0.9720382690429688,0.13143980503082275,0.6921447026037324,,,,
questions,ResNet,2,256,3e-05,5,2600,roc_auc,0.8858120176182971,0.9758381247520447,0.09101282805204391,0.8858120176182971,,,,,roc_auc,0.7077872642571394,0.9714636206626892,0.12806248664855957,0.7077872642571394,,,,,roc_auc,0.7070023943164423,0.9713023900985718,0.13037227094173431,0.7070023943164423,,,,
questions,ResNet,2,256,6e-05,5,1450,roc_auc,0.88486552482552,0.9758381247520447,0.09126771241426468,0.88486552482552,,,,,roc_auc,0.7076203176142564,0.9714636206626892,0.12761841714382172,0.7076203176142564,,,,,roc_auc,0.7063806108854815,0.9712206721305847,0.12989582121372223,0.7063806108854815,,,,
questions,ResNet,2,256,0.0001,5,970,roc_auc,0.890428392474701,0.9758790135383606,0.08940234780311584,0.890428392474701,,,,,roc_auc,0.7081511756114738,0.9712183475494385,0.12826773524284363,0.7081511756114738,,,,,roc_auc,0.7057645996735232,0.9711388945579529,0.13078942894935608,0.7057645996735232,,,,
questions,ResNet,2,256,1e-05,5,5000,roc_auc,0.8504011741682974,0.97432541847229,0.1019146591424942,0.8504011741682974,,,,,roc_auc,0.7039105461556666,0.9717906713485718,0.12545189261436462,0.7039105461556666,,,,,roc_auc,0.7122755472640837,0.9718747138977051,0.12634386122226715,0.7122755472640837,,,,
questions,ResNet,2,384,3e-05,5,1980,roc_auc,0.8944502363922899,0.9759607315063477,0.08854096382856369,0.8944502363922899,,,,,roc_auc,0.7074646854741411,0.9711365699768066,0.13044629991054535,0.7074646854741411,,,,,roc_auc,0.7006417553087099,0.9705665707588196,0.1334671825170517,0.7006417553087099,,,,
questions,ResNet,2,384,6e-05,5,1120,roc_auc,0.8964115996744193,0.9758381247520447,0.08802711218595505,0.8964115996744193,,,,,roc_auc,0.707042931610758,0.9710547924041748,0.13018670678138733,0.707042931610758,,,,,roc_auc,0.7005044919408279,0.9706483483314514,0.13324809074401855,0.7005044919408279,,,,
questions,ResNet,2,384,0.0001,5,680,roc_auc,0.8814508540717778,0.9752657413482666,0.09275268018245697,0.8814508540717778,,,,,roc_auc,0.7064488047613275,0.9713000655174255,0.1275038719177246,0.7064488047613275,,,,,roc_auc,0.7040373208591832,0.9713841676712036,0.12960121035575867,0.7040373208591832,,,,
questions,ResNet,2,384,1e-05,5,4600,roc_auc,0.8919396001824174,0.9759199023246765,0.08974892646074295,0.8919396001824174,,,,,roc_auc,0.7086162247660612,0.9708095192909241,0.1307806670665741,0.7086162247660612,,,,,roc_auc,0.7028753731739584,0.9708118438720703,0.13356216251850128,0.7028753731739584,,,,
questions,ResNet,2,512,3e-05,5,1200,roc_auc,0.8805330804888327,0.9745707511901855,0.0944480150938034,0.8805330804888327,,,,,roc_auc,0.703566723816451,0.9711365699768066,0.13113513588905334,0.703566723816451,,,,,roc_auc,0.6942128886723665,0.971057116985321,0.13390956819057465,0.6942128886723665,,,,
questions,ResNet,2,512,6e-05,5,700,roc_auc,0.8860733768595328,0.9747751355171204,0.09224279969930649,0.8860733768595328,,,,,roc_auc,0.7038815671740876,0.970973014831543,0.13108167052268982,0.7038815671740876,,,,,roc_auc,0.6919049246263642,0.9706483483314514,0.13419640064239502,0.6919049246263642,,,,
questions,ResNet,2,512,0.0001,5,480,roc_auc,0.8880010275415777,0.974938690662384,0.09102101624011993,0.8880010275415777,,,,,roc_auc,0.7041117826691836,0.9707277417182922,0.13045388460159302,0.7041117826691836,,,,,roc_auc,0.6934349089951951,0.9705665707588196,0.13331611454486847,0.6934349089951951,,,,
questions,ResNet,2,512,1e-05,5,2970,roc_auc,0.8798680070888822,0.9746116399765015,0.09511813521385193,0.8798680070888822,,,,,roc_auc,0.7047057940645043,0.9711365699768066,0.13165608048439026,0.7047057940645043,,,,,roc_auc,0.6957701179148899,0.971057116985321,0.13442116975784302,0.6957701179148899,,,,
questions,ResNet,3,256,3e-05,5,1050,roc_auc,0.7626428600292099,0.9721177220344543,0.1193937212228775,0.7626428600292099,,,,,roc_auc,0.6922820082087873,0.9713818430900574,0.12439946085214615,0.6922820082087873,,,,,roc_auc,0.7010448870838519,0.9717112183570862,0.1245012879371643,0.7010448870838519,,,,
questions,ResNet,3,256,6e-05,5,1750,roc_auc,0.8717315807399454,0.9757154583930969,0.09370448440313339,0.8717315807399454,,,,,roc_auc,0.7089609707381559,0.9714636206626892,0.12550240755081177,0.7089609707381559,,,,,roc_auc,0.7093827419887373,0.9715477228164673,0.12734656035900116,0.7093827419887373,,,,
questions,ResNet,3,256,0.0001,5,1180,roc_auc,0.8781406404239473,0.9761242866516113,0.09136892110109329,0.8781406404239473,,,,,roc_auc,0.7088900819146908,0.9712183475494385,0.1257229894399643,0.7088900819146908,,,,,roc_auc,0.7091196442465983,0.9713023900985718,0.12781363725662231,0.7091196442465983,,,,
questions,ResNet,3,256,1e-05,5,2660,roc_auc,0.7616653100808756,0.9721177220344543,0.11978694796562195,0.7616653100808756,,,,,roc_auc,0.692163321383833,0.9713818430900574,0.12469866871833801,0.692163321383833,,,,,roc_auc,0.7007944882235189,0.9717112183570862,0.12482679635286331,0.7007944882235189,,,,
questions,ResNet,3,384,3e-05,5,1750,roc_auc,0.8842264286002921,0.9758381247520447,0.0903112143278122,0.8842264286002921,,,,,roc_auc,0.7140543442495193,0.9704824090003967,0.12902171909809113,0.7140543442495193,,,,,roc_auc,0.7070508809560643,0.970239520072937,0.1317301094532013,0.7070508809560643,,,,
questions,ResNet,3,384,6e-05,5,980,roc_auc,0.883583637843548,0.9756336808204651,0.09074928611516953,0.883583637843548,,,,,roc_auc,0.7141427820976858,0.9699918031692505,0.12897244095802307,0.7141427820976858,,,,,roc_auc,0.7059794416648003,0.9700760245323181,0.1315600574016571,0.7059794416648003,,,,
questions,ResNet,3,384,0.0001,5,660,roc_auc,0.885932522845482,0.9757154583930969,0.09012124687433243,0.885932522845482,,,,,roc_auc,0.7131617685260552,0.9697465300559998,0.12891452014446259,0.7131617685260552,,,,,roc_auc,0.7040435548557061,0.9696672558784485,0.1316497027873993,0.7040435548557061,,,,
questions,ResNet,3,384,1e-05,5,4200,roc_auc,0.8852214409827454,0.9759607315063477,0.09016492962837219,0.8852214409827454,,,,,roc_auc,0.7145699623042332,0.9704006314277649,0.1292775273323059,0.7145699623042332,,,,,roc_auc,0.7070692366124924,0.9699942469596863,0.13205020129680634,0.7070692366124924,,,,
questions,ResNet,3,512,3e-05,5,1300,roc_auc,0.8615413989574494,0.97432541847229,0.09808234125375748,0.8615413989574494,,,,,roc_auc,0.7045285720058418,0.9712183475494385,0.12796300649642944,0.7045285720058418,,,,,roc_auc,0.7013913356683883,0.9704848527908325,0.12967295944690704,0.7013913356683883,,,,
questions,ResNet,3,512,6e-05,5,740,roc_auc,0.8617891634772469,0.9742436408996582,0.09777026623487473,0.8617891634772469,,,,,roc_auc,0.7042446703496528,0.9711365699768066,0.12783248722553253,0.7042446703496528,,,,,roc_auc,0.7019260740367897,0.9704030752182007,0.12941715121269226,0.7019260740367897,,,,
questions,ResNet,3,512,0.0001,5,480,roc_auc,0.8536121838722154,0.9737939834594727,0.09993375837802887,0.8536121838722154,,,,,roc_auc,0.7046562642513667,0.9704006314277649,0.12689892947673798,0.7046562642513667,,,,,roc_auc,0.7037348565834467,0.9704848527908325,0.12772807478904724,0.7037348565834467,,,,
questions,ResNet,3,512,1e-05,5,3200,roc_auc,0.8631864468420415,0.9744480848312378,0.09777747094631195,0.8631864468420415,,,,,roc_auc,0.7050685508777399,0.9712183475494385,0.12857255339622498,0.7050685508777399,,,,,roc_auc,0.7016156440988296,0.9704848527908325,0.1305088847875595,0.7016156440988296,,,,
questions,ResNet,4,256,3e-05,5,2290,roc_auc,0.8736326769767186,0.9762469530105591,0.09141024202108383,0.8736326769767186,,,,,roc_auc,0.7074422873768249,0.9704824090003967,0.12746134400367737,0.7074422873768249,,,,,roc_auc,0.7074736382758151,0.9703212976455688,0.12869425117969513,0.7074736382758151,,,,
questions,ResNet,4,256,6e-05,5,1280,roc_auc,0.8738146903809407,0.9763287305831909,0.09152519702911377,0.8738146903809407,,,,,roc_auc,0.7068433114547795,0.9705641865730286,0.1276003122329712,0.7068433114547795,,,,,roc_auc,0.7079156748070347,0.9705665707588196,0.12878550589084625,0.7079156748070347,,,,
questions,ResNet,4,256,0.0001,5,830,roc_auc,0.8724478580376265,0.9761242866516113,0.09199661016464233,0.8724478580376265,,,,,roc_auc,0.7067052283393658,0.9707277417182922,0.12704451382160187,0.7067052283393658,,,,,roc_auc,0.7069010341507566,0.9707301259040833,0.12831220030784607,0.7069010341507566,,,,
questions,ResNet,4,256,1e-05,5,5000,roc_auc,0.8570237950920458,0.9755927920341492,0.0964287668466568,0.8570237950920458,,,,,roc_auc,0.7065093027149034,0.9704824090003967,0.12624625861644745,0.7065093027149034,,,,,roc_auc,0.7103435855639111,0.9707301259040833,0.12689641118049622,0.7103435855639111,,,,
questions,ResNet,4,384,3e-05,5,1690,roc_auc,0.8828119714366534,0.9757154583930969,0.0912945419549942,0.8828119714366534,,,,,roc_auc,0.7135398807359046,0.9706459641456604,0.12939691543579102,0.7135398807359046,,,,,roc_auc,0.7093027390333612,0.9704030752182007,0.13220378756523132,0.7093027390333612,,,,
questions,ResNet,4,384,6e-05,5,950,roc_auc,0.8810799288802682,0.9755519032478333,0.09190008789300919,0.8810799288802682,,,,,roc_auc,0.7130264563092785,0.9705641865730286,0.12894946336746216,0.7130264563092785,,,,,roc_auc,0.7099066285854139,0.9705665707588196,0.1315683275461197,0.7099066285854139,,,,
questions,ResNet,4,384,0.0001,5,630,roc_auc,0.877566689180218,0.9753066301345825,0.09296803176403046,0.877566689180218,,,,,roc_auc,0.7122957472478626,0.9707277417182922,0.12839801609516144,0.7122957472478626,,,,,roc_auc,0.7104509488373598,0.9704030752182007,0.13059337437152863,0.7104509488373598,,,,
questions,ResNet,4,384,1e-05,5,4040,roc_auc,0.8810552505642819,0.9755519032478333,0.09181832522153854,0.8810552505642819,,,,,roc_auc,0.7128732487054708,0.9706459641456604,0.12950676679611206,0.7128732487054708,,,,,roc_auc,0.7100308467383499,0.9703212976455688,0.13225401937961578,0.7100308467383499,,,,
questions,ResNet,4,512,3e-05,5,1270,roc_auc,0.8841324200913243,0.9756336808204651,0.09160970896482468,0.8841324200913243,,,,,roc_auc,0.7076247048704316,0.9700735807418823,0.13267481327056885,0.7076247048704316,,,,,roc_auc,0.6988649508553273,0.9699125289916992,0.13527218997478485,0.6988649508553273,,,,
questions,ResNet,4,512,6e-05,5,710,roc_auc,0.879331693884973,0.9751430749893188,0.09313106536865234,0.879331693884973,,,,,roc_auc,0.7074056884239937,0.9696647524833679,0.13239122927188873,0.7074056884239937,,,,,roc_auc,0.7005001050543858,0.9696672558784485,0.1344698667526245,0.7005001050543858,,,,
questions,ResNet,4,512,0.0001,5,460,roc_auc,0.8675814673062825,0.9744480848312378,0.09636731445789337,0.8675814673062825,,,,,roc_auc,0.7068526632376796,0.9699100852012634,0.13064710795879364,0.7068526632376796,,,,,roc_auc,0.7023689186786698,0.9697489738464355,0.1317196786403656,0.7023689186786698,,,,
questions,ResNet,4,512,1e-05,5,1040,roc_auc,0.7717051706123108,0.9723221659660339,0.1190425232052803,0.7717051706123108,,,,,roc_auc,0.6990978415854158,0.9717088937759399,0.12605325877666473,0.6990978415854158,,,,,roc_auc,0.7030981808274591,0.9716294407844543,0.12660759687423706,0.7030981808274591,,,,
questions,ResNet,5,256,3e-05,5,850,roc_auc,0.7545663832268269,0.971545398235321,0.1191711500287056,0.7545663832268269,,,,,roc_auc,0.6890981302206906,0.970973014831543,0.12423846125602722,0.6890981302206906,,,,,roc_auc,0.699072404406281,0.9711388945579529,0.12390613555908203,0.699072404406281,,,,
questions,ResNet,5,256,6e-05,5,1560,roc_auc,0.8724809356401064,0.9761651754379272,0.0916195884346962,0.8724809356401064,,,,,roc_auc,0.7077418907919575,0.9710547924041748,0.12628377974033356,0.7077418907919575,,,,,roc_auc,0.7096055496422378,0.9703212976455688,0.12870508432388306,0.7096055496422378,,,,
questions,ResNet,5,256,0.0001,5,1000,roc_auc,0.8665062143174642,0.9757563471794128,0.0935555249452591,0.8665062143174642,,,,,roc_auc,0.707432820139815,0.9711365699768066,0.12587688863277435,0.707432820139815,,,,,roc_auc,0.711199951975138,0.9703212976455688,0.12777338922023773,0.711199951975138,,,,
questions,ResNet,5,256,1e-05,5,2260,roc_auc,0.7551455876325558,0.9719951152801514,0.11912242323160172,0.7551455876325558,,,,,roc_auc,0.6881759982450975,0.9713818430900574,0.12420717626810074,0.6881759982450975,,,,,roc_auc,0.6989373344816202,0.9714659452438354,0.12393854558467865,0.6989373344816202,,,,
questions,ResNet,5,384,3e-05,5,1990,roc_auc,0.8815150465568697,0.9754701852798462,0.09118544310331345,0.8815150465568697,,,,,roc_auc,0.713731072741862,0.9704824090003967,0.1291845291852951,0.713731072741862,,,,,roc_auc,0.7100613240546837,0.9698307514190674,0.13118751347064972,0.7100613240546837,,,,
questions,ResNet,5,384,6e-05,5,1200,roc_auc,0.8949780637191233,0.9763287305831909,0.08653677254915237,0.8949780637191233,,,,,roc_auc,0.7135121717495339,0.9703189134597778,0.13143885135650635,0.7135121717495339,,,,,roc_auc,0.7065032128170968,0.9688496589660645,0.13395562767982483,0.7065032128170968,,,,
questions,ResNet,5,384,0.0001,5,800,roc_auc,0.8931625478412968,0.9763696193695068,0.08723431825637817,0.8931625478412968,,,,,roc_auc,0.7130304972031242,0.9693377017974854,0.1316179633140564,0.7130304972031242,,,,,roc_auc,0.7071827184380837,0.9685226082801819,0.1340055912733078,0.7071827184380837,,,,
questions,ResNet,5,384,1e-05,5,4680,roc_auc,0.8850167119824047,0.9758790135383606,0.09007178246974945,0.8850167119824047,,,,,roc_auc,0.713847219576399,0.9704006314277649,0.1299165040254593,0.713847219576399,,,,,roc_auc,0.7071815639942832,0.9695854783058167,0.13243691623210907,0.7071815639942832,,,,
questions,ResNet,5,512,3e-05,5,1180,roc_auc,0.8834551374192543,0.9757563471794128,0.09129408001899719,0.8834551374192543,,,,,roc_auc,0.7077558607392528,0.9708095192909241,0.1326708346605301,0.7077558607392528,,,,,roc_auc,0.7027494233553215,0.9704848527908325,0.13502439856529236,0.7027494233553215,,,,
questions,ResNet,5,512,6e-05,5,650,roc_auc,0.873898510064712,0.9748569130897522,0.09453240782022476,0.873898510064712,,,,,roc_auc,0.707011874455201,0.970237135887146,0.13140083849430084,0.707011874455201,,,,,roc_auc,0.7054395082992965,0.9704030752182007,0.1330651491880417,0.7054395082992965,,,,
questions,ResNet,5,512,0.0001,5,420,roc_auc,0.8602922143521005,0.9740801453590393,0.09823393076658249,0.8602922143521005,,,,,roc_auc,0.7064782455593464,0.9699918031692505,0.12963774800300598,0.7064782455593464,,,,,roc_auc,0.706959564451443,0.97015780210495,0.130296990275383,0.706959564451443,,,,
questions,ResNet,5,512,1e-05,5,1180,roc_auc,0.7844930410035271,0.9724857211112976,0.11756463348865509,0.7844930410035271,,,,,roc_auc,0.6988937187191521,0.9718724489212036,0.126056507229805,0.6988937187191521,,,,,roc_auc,0.7058121627581048,0.9715477228164673,0.1262279897928238,0.7058121627581048,,,,
questions,ResNet,1,256,3e-05,6,2630,roc_auc,0.8769336831592862,0.9742845296859741,0.09480848908424377,0.8769336831592862,,,,,roc_auc,0.7181477697152323,0.9717906713485718,0.12514768540859222,0.7181477697152323,,,,,roc_auc,0.7018194034296217,0.9719564914703369,0.1277506947517395,0.7018194034296217,,,,
questions,ResNet,1,256,6e-05,6,1520,roc_auc,0.8814199700973855,0.9745707511901855,0.09340088814496994,0.8814199700973855,,,,,roc_auc,0.7178590189864285,0.9717906713485718,0.12542633712291718,0.7178590189864285,,,,,roc_auc,0.7015929015559593,0.9718747138977051,0.12812277674674988,0.7015929015559593,,,,
questions,ResNet,1,256,0.0001,6,920,roc_auc,0.8690531897084207,0.9738757014274597,0.09674938023090363,0.8690531897084207,,,,,roc_auc,0.7180797672445145,0.9719542264938354,0.12410715967416763,0.7180797672445145,,,,,roc_auc,0.7018140929881392,0.9720382690429688,0.126541867852211,0.7018140929881392,,,,
questions,ResNet,1,256,1e-05,6,5000,roc_auc,0.8418745706550289,0.9731807112693787,0.10366873443126678,0.8418745706550289,,,,,roc_auc,0.7169014425991029,0.9718724489212036,0.12339820712804794,0.7169014425991029,,,,,roc_auc,0.6982491705321293,0.9722017645835876,0.125381737947464,0.6982491705321293,,,,
questions,ResNet,1,384,3e-05,6,1940,roc_auc,0.8705964936586831,0.9742436408996582,0.09593918174505234,0.8705964936586831,,,,,roc_auc,0.7103730899560697,0.9717088937759399,0.12573939561843872,0.7103730899560697,,,,,roc_auc,0.6917361449427281,0.9716294407844543,0.12818849086761475,0.6917361449427281,,,,
questions,ResNet,1,384,6e-05,6,1070,roc_auc,0.8675918004491165,0.97432541847229,0.09654700756072998,0.8675918004491165,,,,,roc_auc,0.710246436797534,0.9717088937759399,0.12536562979221344,0.710246436797534,,,,,roc_auc,0.6912906450801068,0.9717112183570862,0.12783955037593842,0.6912906450801068,,,,
questions,ResNet,1,384,0.0001,6,690,roc_auc,0.8645391071933684,0.9741619229316711,0.09726093709468842,0.8645391071933684,,,,,roc_auc,0.709746174139434,0.9717088937759399,0.12503953278064728,0.709746174139434,,,,,roc_auc,0.6915294995024347,0.9717112183570862,0.12744121253490448,0.6915294995024347,,,,
questions,ResNet,1,384,1e-05,6,4610,roc_auc,0.8756371046418325,0.974366307258606,0.09481002390384674,0.8756371046418325,,,,,roc_auc,0.7104862349837499,0.9717088937759399,0.12637859582901,0.7104862349837499,,,,,roc_auc,0.6922387897734751,0.9717112183570862,0.12867583334445953,0.6922387897734751,,,,
questions,ResNet,1,512,3e-05,6,1050,roc_auc,0.8525447817628689,0.9733442664146423,0.10072647035121918,0.8525447817628689,,,,,roc_auc,0.713549809789354,0.9717088937759399,0.12441094219684601,0.713549809789354,,,,,roc_auc,0.6963660418047188,0.9720382690429688,0.12579479813575745,0.6963660418047188,,,,
questions,ResNet,1,512,6e-05,6,670,roc_auc,0.8719434101680434,0.9742845296859741,0.09560185670852661,0.8719434101680434,,,,,roc_auc,0.7145962858412852,0.9716271758079529,0.1256183236837387,0.7145962858412852,,,,,roc_auc,0.6987411944799115,0.971792995929718,0.12711140513420105,0.6987411944799115,,,,
questions,ResNet,1,512,0.0001,6,430,roc_auc,0.8630865790369973,0.9737122058868408,0.09782461076974869,0.8630865790369973,,,,,roc_auc,0.7139730645561655,0.971545398235321,0.12471836805343628,0.7139730645561655,,,,,roc_auc,0.6983502998090549,0.9720382690429688,0.12599444389343262,0.6983502998090549,,,,
questions,ResNet,1,512,1e-05,6,2610,roc_auc,0.8503485270941933,0.9732624888420105,0.10134121030569077,0.8503485270941933,,,,,roc_auc,0.7133623123149126,0.9717088937759399,0.12435293197631836,0.7133623123149126,,,,,roc_auc,0.6968490610908571,0.9719564914703369,0.1256607174873352,0.6968490610908571,,,,
questions,ResNet,2,256,3e-05,6,2480,roc_auc,0.8757066946065613,0.9754701852798462,0.09409061819314957,0.8757066946065613,,,,,roc_auc,0.7243222555114905,0.9708912372589111,0.12696704268455505,0.7243222555114905,,,,,roc_auc,0.7017545236880324,0.9703212976455688,0.13061393797397614,0.7017545236880324,,,,
questions,ResNet,2,256,6e-05,6,1350,roc_auc,0.8710081164239245,0.9749795794487,0.0954529270529747,0.8710081164239245,,,,,roc_auc,0.7241205571815343,0.9712183475494385,0.12599843740463257,0.7241205571815343,,,,,roc_auc,0.7014340500890076,0.9706483483314514,0.12942688167095184,0.7014340500890076,,,,
questions,ResNet,2,256,0.0001,6,870,roc_auc,0.8698984581103626,0.974938690662384,0.09558525681495667,0.8698984581103626,,,,,roc_auc,0.7232454150286615,0.9712183475494385,0.12538424134254456,0.7232454150286615,,,,,roc_auc,0.701065089850361,0.9708118438720703,0.1287977546453476,0.701065089850361,,,,
questions,ResNet,2,256,1e-05,6,5000,roc_auc,0.8491309480514233,0.9738348126411438,0.10167457908391953,0.8491309480514233,,,,,roc_auc,0.7221742317972164,0.9711365699768066,0.12534865736961365,0.7221742317972164,,,,,roc_auc,0.6998709331831017,0.970975399017334,0.12843279540538788,0.6998709331831017,,,,
questions,ResNet,2,384,3e-05,6,1690,roc_auc,0.8658691962662142,0.9753066301345825,0.09734013676643372,0.8658691962662142,,,,,roc_auc,0.7190611271784747,0.970973014831543,0.12862102687358856,0.7190611271784747,,,,,roc_auc,0.6938211858908497,0.9704848527908325,0.13192854821681976,0.6938211858908497,,,,
questions,ResNet,2,384,6e-05,6,920,roc_auc,0.8619869652309948,0.9749795794487,0.09844079613685608,0.8619869652309948,,,,,roc_auc,0.7193010408188005,0.9713000655174255,0.12741126120090485,0.7193010408188005,,,,,roc_auc,0.693250659764632,0.9707301259040833,0.13077090680599213,0.693250659764632,,,,
questions,ResNet,2,384,0.0001,6,600,roc_auc,0.8596411686265002,0.9745298624038696,0.09885086119174957,0.8596411686265002,,,,,roc_auc,0.7189214277055229,0.9711365699768066,0.12661439180374146,0.7189214277055229,,,,,roc_auc,0.6937927865733569,0.9706483483314514,0.12984536588191986,0.6937927865733569,,,,
questions,ResNet,2,384,1e-05,6,4070,roc_auc,0.8674026288900819,0.9752248525619507,0.0974322035908699,0.8674026288900819,,,,,roc_auc,0.7188182117312921,0.970973014831543,0.12934069335460663,0.7188182117312921,,,,,roc_auc,0.6948133148930178,0.9704848527908325,0.1323590725660324,0.6948133148930178,,,,
questions,ResNet,2,512,3e-05,6,1450,roc_auc,0.8665382528329553,0.9741619229316711,0.09881778806447983,0.8665382528329553,,,,,roc_auc,0.7180372801320796,0.9705641865730286,0.1303386241197586,0.7180372801320796,,,,,roc_auc,0.7057375856885911,0.970239520072937,0.13276106119155884,0.7057375856885911,,,,
questions,ResNet,2,512,6e-05,6,810,roc_auc,0.8632842653366353,0.9739165902137756,0.09918339550495148,0.8632842653366353,,,,,roc_auc,0.7177481830409459,0.9706459641456604,0.12943369150161743,0.7177481830409459,,,,,roc_auc,0.7052233964198389,0.97015780210495,0.13182099163532257,0.7052233964198389,,,,
questions,ResNet,2,512,0.0001,6,520,roc_auc,0.8549379145524132,0.9733850955963135,0.10051987320184708,0.8549379145524132,,,,,roc_auc,0.7172307177204741,0.9706459641456604,0.12739181518554688,0.7172307177204741,,,,,roc_auc,0.702823307758555,0.9700760245323181,0.1297164410352707,0.702823307758555,,,,
questions,ResNet,2,512,1e-05,6,3460,roc_auc,0.8665389455576143,0.9740801453590393,0.09934142231941223,0.8665389455576143,,,,,roc_auc,0.7188628924718148,0.9705641865730286,0.1308489888906479,0.7188628924718148,,,,,roc_auc,0.7059523122354882,0.97015780210495,0.13321447372436523,0.7059523122354882,,,,
questions,ResNet,3,256,3e-05,6,2710,roc_auc,0.861760646312107,0.9753884077072144,0.09601528197526932,0.861760646312107,,,,,roc_auc,0.7213713639171271,0.9707277417182922,0.12736952304840088,0.7213713639171271,,,,,roc_auc,0.6992042418883007,0.9699942469596863,0.13129785656929016,0.6992042418883007,,,,
questions,ResNet,3,256,6e-05,6,1560,roc_auc,0.8652964861541659,0.9755110740661621,0.09517248719930649,0.8652964861541659,,,,,roc_auc,0.7213293386211316,0.9707277417182922,0.127679705619812,0.7213293386211316,,,,,roc_auc,0.6992784726246741,0.9697489738464355,0.13170145452022552,0.6992784726246741,,,,
questions,ResNet,3,256,0.0001,6,1060,roc_auc,0.8730851935876788,0.9760016202926636,0.09281986951828003,0.8730851935876788,,,,,roc_auc,0.7213928383815643,0.9708912372589111,0.12772610783576965,0.7213928383815643,,,,,roc_auc,0.7001669325735554,0.9696672558784485,0.13174976408481598,0.7001669325735554,,,,
questions,ResNet,3,256,1e-05,6,5000,roc_auc,0.8213789550248515,0.9735077619552612,0.10626373440027237,0.8213789550248515,,,,,roc_auc,0.7177544175628792,0.9711365699768066,0.12502644956111908,0.7177544175628792,,,,,roc_auc,0.6953976943448417,0.970975399017334,0.12832608819007874,0.6953976943448417,,,,
questions,ResNet,3,384,3e-05,6,1640,roc_auc,0.8679264153230695,0.9751839637756348,0.09676617383956909,0.8679264153230695,,,,,roc_auc,0.7194661401959256,0.9703189134597778,0.12934404611587524,0.7194661401959256,,,,,roc_auc,0.7005736431244791,0.9696672558784485,0.13205452263355255,0.7005736431244791,,,,
questions,ResNet,3,384,6e-05,6,850,roc_auc,0.8542626523272662,0.9741619229316711,0.10058869421482086,0.8542626523272662,,,,,roc_auc,0.7189052641301399,0.9704006314277649,0.12760218977928162,0.7189052641301399,,,,,roc_auc,0.6998033982207713,0.97015780210495,0.13025297224521637,0.6998033982207713,,,,
questions,ResNet,3,384,0.0001,6,600,roc_auc,0.8624806758683592,0.9746525287628174,0.0981782078742981,0.8624806758683592,,,,,roc_auc,0.7190064019303928,0.9700735807418823,0.1281908005475998,0.7190064019303928,,,,,roc_auc,0.7013715946793995,0.9696672558784485,0.13083067536354065,0.7013715946793995,,,,
questions,ResNet,3,384,1e-05,6,3910,roc_auc,0.8669386188224835,0.9752657413482666,0.09740995615720749,0.8669386188224835,,,,,roc_auc,0.7190671307921884,0.9704006314277649,0.1298363208770752,0.7190671307921884,,,,,roc_auc,0.7012346776446576,0.9699125289916992,0.1323406994342804,0.7012346776446576,,,,
questions,ResNet,3,512,3e-05,6,1120,roc_auc,0.8658241980268893,0.9747751355171204,0.0981450006365776,0.8658241980268893,,,,,roc_auc,0.7192333847104123,0.9699918031692505,0.1316680610179901,0.7192333847104123,,,,,roc_auc,0.7048262677524596,0.9690949320793152,0.13484780490398407,0.7048262677524596,,,,
questions,ResNet,3,512,6e-05,6,590,roc_auc,0.8490072678362168,0.9737939834594727,0.10238328576087952,0.8490072678362168,,,,,roc_auc,0.7195474198892795,0.970237135887146,0.1293015331029892,0.7195474198892795,,,,,roc_auc,0.703966207121071,0.9696672558784485,0.13214880228042603,0.703966207121071,,,,
questions,ResNet,3,512,0.0001,6,420,roc_auc,0.8529824682934151,0.9739574790000916,0.10072880238294601,0.8529824682934151,,,,,roc_auc,0.7199670955786848,0.9699100852012634,0.12846949696540833,0.7199670955786848,,,,,roc_auc,0.705345305685174,0.9691766500473022,0.13099893927574158,0.705345305685174,,,,
questions,ResNet,3,512,1e-05,6,2520,roc_auc,0.8513992460846626,0.9739165902137756,0.10253394395112991,0.8513992460846626,,,,,roc_auc,0.7194575965917946,0.9704824090003967,0.13040465116500854,0.7194575965917946,,,,,roc_auc,0.7041715826731839,0.9698307514190674,0.13334059715270996,0.7041715826731839,,,,
questions,ResNet,4,256,3e-05,6,510,roc_auc,0.7611665194626765,0.9724039435386658,0.1177634447813034,0.7611665194626765,,,,,roc_auc,0.711328010898868,0.9713000655174255,0.12474518269300461,0.711328010898868,,,,,roc_auc,0.6913474437150926,0.9721199870109558,0.125127375125885,0.6913474437150926,,,,
questions,ResNet,4,256,6e-05,6,990,roc_auc,0.8559899612651461,0.9753475189208984,0.09646154195070267,0.8559899612651461,,,,,roc_auc,0.724853228962818,0.9704824090003967,0.12634894251823425,0.724853228962818,,,,,roc_auc,0.701158022576303,0.9695037007331848,0.1308986395597458,0.701158022576303,,,,
questions,ResNet,4,256,0.0001,6,670,roc_auc,0.8611711376270716,0.9757154583930969,0.09508960694074631,0.8611711376270716,,,,,roc_auc,0.7250942971442427,0.9704006314277649,0.12625612318515778,0.7250942971442427,,,,,roc_auc,0.701769185124299,0.9695037007331848,0.13078144192695618,0.701769185124299,,,,
questions,ResNet,4,256,1e-05,6,1350,roc_auc,0.760368558382257,0.9723630547523499,0.11810144037008286,0.760368558382257,,,,,roc_auc,0.7112945292070034,0.9713818430900574,0.12496858090162277,0.7112945292070034,,,,,roc_auc,0.6906783280883103,0.9721199870109558,0.12534570693969727,0.6906783280883103,,,,
questions,ResNet,4,384,3e-05,6,1520,roc_auc,0.8616463467433282,0.9751021862030029,0.09736409038305283,0.8616463467433282,,,,,roc_auc,0.719615768722327,0.9703189134597778,0.12917616963386536,0.719615768722327,,,,,roc_auc,0.6998390705342074,0.9693402051925659,0.13248921930789948,0.6998390705342074,,,,
questions,ResNet,4,384,6e-05,6,810,roc_auc,0.8524824654070624,0.97432541847229,0.1000046506524086,0.8524824654070624,,,,,roc_auc,0.7196806539320784,0.9701553583145142,0.1279795616865158,0.7196806539320784,,,,,roc_auc,0.6988230445453685,0.969421923160553,0.13124704360961914,0.6988230445453685,,,,
questions,ResNet,4,384,0.0001,6,530,roc_auc,0.8485667526799786,0.9739983677864075,0.10069198906421661,0.8485667526799786,,,,,roc_auc,0.7200092363287902,0.9701553583145142,0.12662598490715027,0.7200092363287902,,,,,roc_auc,0.6984835226236352,0.9695037007331848,0.1297377496957779,0.6984835226236352,,,,
questions,ResNet,4,384,1e-05,6,3550,roc_auc,0.8540550658377061,0.9746116399765015,0.09979432821273804,0.8540550658377061,,,,,roc_auc,0.7194481293547847,0.9700735807418823,0.12891718745231628,0.7194481293547847,,,,,roc_auc,0.7000991667224647,0.969421923160553,0.13199518620967865,0.7000991667224647,,,,
questions,ResNet,4,512,3e-05,6,1070,roc_auc,0.8573771712588539,0.9744480848312378,0.09909318387508392,0.8573771712588539,,,,,roc_auc,0.7247121440405475,0.9690924286842346,0.13075853884220123,0.7247121440405475,,,,,roc_auc,0.7080547852849975,0.9683590531349182,0.13388943672180176,0.7080547852849975,,,,
questions,ResNet,4,512,6e-05,6,630,roc_auc,0.8604125752616478,0.9744889736175537,0.09821920096874237,0.8604125752616478,,,,,roc_auc,0.724971338517223,0.9686836004257202,0.1307511031627655,0.724971338517223,,,,,roc_auc,0.7067571904532115,0.9681955575942993,0.13403920829296112,0.7067571904532115,,,,
questions,ResNet,4,512,0.0001,6,450,roc_auc,0.8631528785595945,0.9744889736175537,0.09731199592351913,0.8631528785595945,,,,,roc_auc,0.72549319109387,0.9681112170219421,0.13086417317390442,0.72549319109387,,,,,roc_auc,0.7051776804453382,0.9674597382545471,0.13438868522644043,0.7051776804453382,,,,
questions,ResNet,4,512,1e-05,6,2570,roc_auc,0.8524565748229223,0.9741210341453552,0.10073062777519226,0.8524565748229223,,,,,roc_auc,0.7242720329736937,0.9690106511116028,0.13102468848228455,0.7242720329736937,,,,,roc_auc,0.7080824919362101,0.968604326248169,0.13388291001319885,0.7080824919362101,,,,
questions,ResNet,5,256,3e-05,6,2720,roc_auc,0.8740624549007383,0.9765331149101257,0.09095600992441177,0.8740624549007383,,,,,roc_auc,0.7249795357590243,0.9694194793701172,0.1287493258714676,0.7249795357590243,,,,,roc_auc,0.7026325936427089,0.9691766500473022,0.13241852819919586,0.7026325936427089,,,,
questions,ResNet,5,256,6e-05,6,1520,roc_auc,0.8683725588671642,0.976410448551178,0.0921238586306572,0.8683725588671642,,,,,roc_auc,0.7249310450328754,0.9696647524833679,0.12759916484355927,0.7249310450328754,,,,,roc_auc,0.7020942764985257,0.9693402051925659,0.13136370480060577,0.7020942764985257,,,,
questions,ResNet,5,256,0.0001,6,980,roc_auc,0.8637064232894032,0.9758790135383606,0.0933540090918541,0.8637064232894032,,,,,roc_auc,0.7251612605279717,0.9696647524833679,0.1271282285451889,0.7251612605279717,,,,,roc_auc,0.7038048158777583,0.969421923160553,0.13076983392238617,0.7038048158777583,,,,
questions,ResNet,5,256,1e-05,6,5000,roc_auc,0.8273849932747981,0.9739983677864075,0.10371750593185425,0.8273849932747981,,,,,roc_auc,0.720089592389265,0.9706459641456604,0.1259327530860901,0.720089592389265,,,,,roc_auc,0.7017695314574391,0.9703212976455688,0.1291426569223404,0.7017695314574391,,,,
questions,ResNet,5,384,3e-05,6,1770,roc_auc,0.8669192513955515,0.9754701852798462,0.09525812417268753,0.8669192513955515,,,,,roc_auc,0.720569188761697,0.9700735807418823,0.12926368415355682,0.720569188761697,,,,,roc_auc,0.6971016533944111,0.9692584276199341,0.132682666182518,0.6971016533944111,,,,
questions,ResNet,5,384,6e-05,6,960,roc_auc,0.8532248930606307,0.9748569130897522,0.09876122325658798,0.8532248930606307,,,,,roc_auc,0.7207797770581138,0.9701553583145142,0.12740103900432587,0.7207797770581138,,,,,roc_auc,0.6963274833817815,0.9695854783058167,0.13075454533100128,0.6963274833817815,,,,
questions,ResNet,5,384,0.0001,6,660,roc_auc,0.8532597890653413,0.974938690662384,0.09867291897535324,0.8532597890653413,,,,,roc_auc,0.7202697008006742,0.9699918031692505,0.12759563326835632,0.7202697008006742,,,,,roc_auc,0.6968406336511133,0.9690949320793152,0.13089251518249512,0.6968406336511133,,,,
questions,ResNet,5,384,1e-05,6,4050,roc_auc,0.8625823332121065,0.9754292964935303,0.09675536304712296,0.8625823332121065,,,,,roc_auc,0.720691801026387,0.9701553583145142,0.12903214991092682,0.720691801026387,,,,,roc_auc,0.6988191194364467,0.9693402051925659,0.13226956129074097,0.6988191194364467,,,,
questions,ResNet,5,512,3e-05,6,1020,roc_auc,0.8524732868053271,0.9735077619552612,0.10149077326059341,0.8524732868053271,,,,,roc_auc,0.7246831650589682,0.9683564901351929,0.1317780464887619,0.7246831650589682,,,,,roc_auc,0.7079005515932478,0.9685226082801819,0.13444393873214722,0.7079005515932478,,,,
questions,ResNet,5,512,6e-05,6,570,roc_auc,0.8429109733358735,0.9728127717971802,0.10397376120090485,0.8429109733358735,,,,,roc_auc,0.724518181135953,0.9678658843040466,0.13099361956119537,0.724518181135953,,,,,roc_auc,0.7068001357625909,0.96844083070755,0.1332215815782547,0.7068001357625909,,,,
questions,ResNet,5,512,0.0001,6,400,roc_auc,0.8419491251464825,0.9727309942245483,0.10414375364780426,0.8419491251464825,,,,,roc_auc,0.7237790439245161,0.9677841663360596,0.13082972168922424,0.7237790439245161,,,,,roc_auc,0.7060519407354731,0.9683590531349182,0.13309942185878754,0.7060519407354731,,,,
questions,ResNet,5,512,1e-05,6,2420,roc_auc,0.848156226728781,0.9734259843826294,0.1027420237660408,0.848156226728781,,,,,roc_auc,0.7244005333979877,0.9687653183937073,0.13162066042423248,0.7244005333979877,,,,,roc_auc,0.7081017711476788,0.968604326248169,0.1341957449913025,0.7081017711476788,,,,
questions,ResNet,1,256,3e-05,7,2840,roc_auc,0.8384983749834035,0.9736713171005249,0.10369794070720673,0.8384983749834035,,,,,roc_auc,0.7245449664894447,0.9723630547523499,0.12101925164461136,0.7245449664894447,,,,,roc_auc,0.7177495734330157,0.9729375839233398,0.12040318548679352,0.7177495734330157,,,,
questions,ResNet,1,256,6e-05,7,1630,roc_auc,0.8391219714943804,0.9736713171005249,0.10351073741912842,0.8391219714943804,,,,,roc_auc,0.7242711093408147,0.9723630547523499,0.12108756601810455,0.7242711093408147,,,,,roc_auc,0.7173628347598411,0.9729375839233398,0.12037964165210724,0.7173628347598411,,,,
questions,ResNet,1,256,0.0001,7,1040,roc_auc,0.8355651478678512,0.9735895395278931,0.10417269170284271,0.8355651478678512,,,,,roc_auc,0.7237751184847803,0.9723630547523499,0.12079222500324249,0.7237751184847803,,,,,roc_auc,0.7182572978164851,0.9729375839233398,0.12003189325332642,0.7182572978164851,,,,
questions,ResNet,1,256,1e-05,7,5000,roc_auc,0.8025531521858349,0.972894549369812,0.11164479702711105,0.8025531521858349,,,,,roc_auc,0.7229675169861859,0.9721994996070862,0.1201423779129982,0.7229675169861859,,,,,roc_auc,0.7178929553530404,0.9726923108100891,0.11932743340730667,0.7178929553530404,,,,
questions,ResNet,1,384,3e-05,7,960,roc_auc,0.8045911769969231,0.9727309942245483,0.11105944961309433,0.8045911769969231,,,,,roc_auc,0.7230883974392278,0.9728536605834961,0.11962103098630905,0.7230883974392278,,,,,roc_auc,0.7179841564132816,0.972610592842102,0.11914730817079544,0.7179841564132816,,,,
questions,ResNet,1,384,6e-05,7,520,roc_auc,0.802102881157312,0.9727309942245483,0.1113576591014862,0.802102881157312,,,,,roc_auc,0.7230151995335654,0.9728536605834961,0.11953077465295792,0.7230151995335654,,,,,roc_auc,0.7180035510691304,0.972610592842102,0.11903510987758636,0.7180035510691304,,,,
questions,ResNet,1,384,0.0001,7,340,roc_auc,0.8001329742710516,0.9726901054382324,0.11160508543252945,0.8001329742710516,,,,,roc_auc,0.7227189442876192,0.9728536605834961,0.11943619698286057,0.7227189442876192,,,,,roc_auc,0.7176699168107796,0.9726923108100891,0.11894853413105011,0.7176699168107796,,,,
questions,ResNet,1,384,1e-05,7,2470,roc_auc,0.8040984188559654,0.9727718830108643,0.11115600913763046,0.8040984188559654,,,,,roc_auc,0.7231006355748749,0.9728536605834961,0.11961068212985992,0.7231006355748749,,,,,roc_auc,0.7184615189247973,0.972610592842102,0.11909806728363037,0.7184615189247973,,,,
questions,ResNet,1,512,3e-05,7,1160,roc_auc,0.8345746670592107,0.9730989336967468,0.1056366115808487,0.8345746670592107,,,,,roc_auc,0.7216902481686092,0.9727718830108643,0.12107396870851517,0.7216902481686092,,,,,roc_auc,0.7165556476545166,0.9729375839233398,0.1201465055346489,0.7165556476545166,,,,
questions,ResNet,1,512,6e-05,7,640,roc_auc,0.8322128511969704,0.9729762673377991,0.10604104399681091,0.8322128511969704,,,,,roc_auc,0.7207010373551773,0.9726901054382324,0.12087243795394897,0.7207010373551773,,,,,roc_auc,0.7172490066011097,0.9728558659553528,0.11981076747179031,0.7172490066011097,,,,
questions,ResNet,1,512,0.0001,7,420,roc_auc,0.8310820647813011,0.9729354381561279,0.10620986670255661,0.8310820647813011,,,,,roc_auc,0.7193423733901367,0.9725266098976135,0.12069427967071533,0.7193423733901367,,,,,roc_auc,0.7173171187853404,0.972774088382721,0.11952515691518784,0.7173171187853404,,,,
questions,ResNet,1,512,1e-05,7,2580,roc_auc,0.8159420766730743,0.9728536605834961,0.10943884402513504,0.8159420766730743,,,,,roc_auc,0.7216424501671197,0.9727718830108643,0.12061894685029984,0.7216424501671197,,,,,roc_auc,0.7163859444158398,0.9726923108100891,0.11972235143184662,0.7163859444158398,,,,
questions,ResNet,2,256,3e-05,7,2140,roc_auc,0.8534415426978161,0.9746525287628174,0.09973494708538055,0.8534415426978161,,,,,roc_auc,0.7303386846313261,0.9717088937759399,0.1251986026763916,0.7303386846313261,,,,,roc_auc,0.7137780558704623,0.972774088382721,0.12484818696975708,0.7137780558704623,,,,
questions,ResNet,2,256,6e-05,7,1250,roc_auc,0.8620192923817606,0.9748160243034363,0.09691044688224792,0.8620192923817606,,,,,roc_auc,0.7304419006055568,0.9716271758079529,0.12571777403354645,0.7304419006055568,,,,,roc_auc,0.7121971605300282,0.9726923108100891,0.12558966875076294,0.7121971605300282,,,,
questions,ResNet,2,256,0.0001,7,810,roc_auc,0.8608203591777359,0.9746933579444885,0.09740713983774185,0.8608203591777359,,,,,roc_auc,0.729912197149438,0.971545398235321,0.1254415661096573,0.729912197149438,,,,,roc_auc,0.7132959601393644,0.9724470376968384,0.12520600855350494,0.7132959601393644,,,,
questions,ResNet,2,256,1e-05,7,2500,roc_auc,0.7639609707381558,0.9725266098976135,0.11983058601617813,0.7639609707381558,,,,,roc_auc,0.7214863562105652,0.9721177220344543,0.12215451151132584,0.7214863562105652,,,,,roc_auc,0.7130638014910796,0.9726923108100891,0.12102136760950089,0.7130638014910796,,,,
questions,ResNet,2,384,3e-05,7,1580,roc_auc,0.824123126035479,0.9731398224830627,0.10819176584482193,0.824123126035479,,,,,roc_auc,0.7237827384560321,0.9721994996070862,0.12302148342132568,0.7237827384560321,,,,,roc_auc,0.715974269756574,0.9728558659553528,0.12219752371311188,0.715974269756574,,,,
questions,ResNet,2,384,6e-05,7,870,roc_auc,0.8246646635378603,0.9728536605834961,0.1079755574464798,0.8246646635378603,,,,,roc_auc,0.7238525881925082,0.9719542264938354,0.12283475697040558,0.7238525881925082,,,,,roc_auc,0.7161818387519077,0.972774088382721,0.12198202311992645,0.7161818387519077,,,,
questions,ResNet,2,384,0.0001,7,550,roc_auc,0.8198522187393565,0.972894549369812,0.10842332988977432,0.8198522187393565,,,,,roc_auc,0.7240766846197808,0.9720360040664673,0.12180831283330917,0.7240766846197808,,,,,roc_auc,0.7158313496140694,0.9726923108100891,0.12116977572441101,0.7158313496140694,,,,
questions,ResNet,2,384,1e-05,7,3860,roc_auc,0.8276272737243763,0.9732624888420105,0.10779543220996857,0.8276272737243763,,,,,roc_auc,0.7239566123455079,0.9720360040664673,0.12359903007745743,0.7239566123455079,,,,,roc_auc,0.716051732935589,0.972774088382721,0.12276221066713333,0.716051732935589,,,,
questions,ResNet,2,512,3e-05,7,1200,roc_auc,0.842992541664502,0.9735077619552612,0.10317171365022659,0.842992541664502,,,,,roc_auc,0.7203487868659404,0.9721994996070862,0.1233167052268982,0.7203487868659404,,,,,roc_auc,0.7097551655587853,0.9730193614959717,0.12304174154996872,0.7097551655587853,,,,
questions,ResNet,2,512,6e-05,7,660,roc_auc,0.8375188623152012,0.9733442664146423,0.1039639487862587,0.8375188623152012,,,,,roc_auc,0.7202313700361949,0.9721994996070862,0.12232102453708649,0.7202313700361949,,,,,roc_auc,0.7094290351851382,0.9730193614959717,0.12205364555120468,0.7094290351851382,,,,
questions,ResNet,2,512,0.0001,7,460,roc_auc,0.8419436699397908,0.9734668731689453,0.10213484615087509,0.8419436699397908,,,,,roc_auc,0.7205735760178723,0.9721177220344543,0.12188585847616196,0.7205735760178723,,,,,roc_auc,0.7095931970935723,0.9729375839233398,0.12170836329460144,0.7095931970935723,,,,
questions,ResNet,2,512,1e-05,7,2650,roc_auc,0.8242812693024839,0.9729762673377991,0.10783879458904266,0.8242812693024839,,,,,roc_auc,0.7202045846827032,0.9721177220344543,0.12261883914470673,0.7202045846827032,,,,,roc_auc,0.7094830631550025,0.9728558659553528,0.12218315154314041,0.7094830631550025,,,,
questions,ResNet,3,256,3e-05,7,3050,roc_auc,0.8782838323837232,0.9765740036964417,0.08955885469913483,0.8782838323837232,,,,,roc_auc,0.7366754989060723,0.9712183475494385,0.12702111899852753,0.7366754989060723,,,,,roc_auc,0.7132806060368175,0.9719564914703369,0.12721218168735504,0.7132806060368175,,,,
questions,ResNet,3,256,6e-05,7,1670,roc_auc,0.8681126139387746,0.9757154583930969,0.09280989319086075,0.8681126139387746,,,,,roc_auc,0.7364184980574846,0.9712183475494385,0.1255381554365158,0.7364184980574846,,,,,roc_auc,0.7145857047533068,0.9722835421562195,0.1255643665790558,0.7145857047533068,,,,
questions,ResNet,3,256,0.0001,7,1120,roc_auc,0.8729028049575994,0.9759199023246765,0.09111204743385315,0.8729028049575994,,,,,roc_auc,0.7351866027050898,0.970973014831543,0.12543368339538574,0.7351866027050898,,,,,roc_auc,0.7137856751995456,0.9721199870109558,0.12571197748184204,0.7137856751995456,,,,
questions,ResNet,3,256,1e-05,7,5000,roc_auc,0.8136122993263253,0.9734668731689453,0.10873191058635712,0.8136122993263253,,,,,roc_auc,0.7304109589041095,0.9719542264938354,0.1217486560344696,0.7304109589041095,,,,,roc_auc,0.7153598747659365,0.972774088382721,0.12070665508508682,0.7153598747659365,,,,
questions,ResNet,3,384,3e-05,7,2070,roc_auc,0.8435189835420167,0.9739165902137756,0.10222212970256805,0.8435189835420167,,,,,roc_auc,0.7283389039941348,0.9717088937759399,0.12397241592407227,0.7283389039941348,,,,,roc_auc,0.7191545315382502,0.9726923108100891,0.12287355214357376,0.7191545315382502,,,,
questions,ResNet,3,384,6e-05,7,1160,roc_auc,0.8426124955983121,0.9738348126411438,0.10216610133647919,0.8426124955983121,,,,,roc_auc,0.7278516876504512,0.9717906713485718,0.12333045899868011,0.7278516876504512,,,,,roc_auc,0.7181921871861355,0.9728558659553528,0.12225273251533508,0.7181921871861355,,,,
questions,ResNet,3,384,0.0001,7,790,roc_auc,0.8470678408349641,0.9740392565727234,0.10013647377490997,0.8470678408349641,,,,,roc_auc,0.7273694358334921,0.9716271758079529,0.12360362708568573,0.7273694358334921,,,,,roc_auc,0.7169659369812218,0.9722835421562195,0.12279397994279861,0.7169659369812218,,,,
questions,ResNet,3,384,1e-05,7,4890,roc_auc,0.8546076003440531,0.9745707511901855,0.0997944101691246,0.8546076003440531,,,,,roc_auc,0.7285112769801823,0.9716271758079529,0.1254003345966339,0.7285112769801823,,,,,roc_auc,0.7195664370862762,0.9725288152694702,0.12445040047168732,0.7195664370862762,,,,
questions,ResNet,3,512,3e-05,7,950,roc_auc,0.8189328287988731,0.9726083278656006,0.1083650290966034,0.8189328287988731,,,,,roc_auc,0.7222555114905702,0.9717088937759399,0.12242903560400009,0.7222555114905702,,,,,roc_auc,0.7119773544304089,0.9728558659553528,0.12184710800647736,0.7119773544304089,,,,
questions,ResNet,3,512,6e-05,7,680,roc_auc,0.8541866546594392,0.9737530946731567,0.09924004226922989,0.8541866546594392,,,,,roc_auc,0.7215721386142042,0.9717088937759399,0.12466008216142654,0.7215721386142042,,,,,roc_auc,0.7128596958271474,0.9720382690429688,0.12435967475175858,0.7128596958271474,,,,
questions,ResNet,3,512,0.0001,7,470,roc_auc,0.8517205548724521,0.9734259843826294,0.09951207786798477,0.8517205548724521,,,,,roc_auc,0.7220844084997317,0.971545398235321,0.12428608536720276,0.7220844084997317,,,,,roc_auc,0.7119411048950727,0.9720382690429688,0.12403623014688492,0.7119411048950727,,,,
questions,ResNet,3,512,1e-05,7,2500,roc_auc,0.8263344763290211,0.9730989336967468,0.10714934766292572,0.8263344763290211,,,,,roc_auc,0.7223120840044104,0.9719542264938354,0.12351858615875244,0.7223120840044104,,,,,roc_auc,0.7129812587593424,0.972774088382721,0.12281149625778198,0.7129812587593424,,,,
questions,ResNet,4,256,3e-05,7,2330,roc_auc,0.8525512760565495,0.9755110740661621,0.0957280620932579,0.8525512760565495,,,,,roc_auc,0.7342886006384612,0.9712183475494385,0.12368297576904297,0.7342886006384612,,,,,roc_auc,0.7170505577118,0.9721199870109558,0.12346059828996658,0.7170505577118,,,,
questions,ResNet,4,256,6e-05,7,1260,roc_auc,0.8436449439758933,0.9751021862030029,0.09798716008663177,0.8436449439758933,,,,,roc_auc,0.7340322925145328,0.9714636206626892,0.12240061908960342,0.7340322925145328,,,,,roc_auc,0.7164716041458385,0.9723653197288513,0.12193978577852249,0.7164716041458385,,,,
questions,ResNet,4,256,0.0001,7,900,roc_auc,0.8595631505117505,0.9761651754379272,0.09348059445619583,0.8595631505117505,,,,,roc_auc,0.7346236484653261,0.970973014831543,0.12367984652519226,0.7346236484653261,,,,,roc_auc,0.7182747299178729,0.9719564914703369,0.12353989481925964,0.7182747299178729,,,,
questions,ResNet,4,256,1e-05,7,2250,roc_auc,0.7484413983801788,0.9724039435386658,0.11941089481115341,0.7484413983801788,,,,,roc_auc,0.722080252151776,0.9716271758079529,0.12070294469594955,0.722080252151776,,,,,roc_auc,0.7137438843339666,0.9722835421562195,0.11933121085166931,0.7137438843339666,,,,
questions,ResNet,4,384,3e-05,7,1900,roc_auc,0.8610825265977405,0.9752657413482666,0.09542088955640793,0.8610825265977405,,,,,roc_auc,0.7229874905471949,0.9711365699768066,0.1269821971654892,0.7229874905471949,,,,,roc_auc,0.7155247293406509,0.9715477228164673,0.12622104585170746,0.7155247293406509,,,,
questions,ResNet,4,384,6e-05,7,1010,roc_auc,0.8449717426066075,0.9746116399765015,0.09983646869659424,0.8449717426066075,,,,,roc_auc,0.7222196052623981,0.9712183475494385,0.12524361908435822,0.7222196052623981,,,,,roc_auc,0.7157712030920624,0.971792995929718,0.12420915812253952,0.7157712030920624,,,,
questions,ResNet,4,384,0.0001,7,700,roc_auc,0.8493630396758048,0.9747342467308044,0.09784796833992004,0.8493630396758048,,,,,roc_auc,0.7212451725750307,0.970973014831543,0.1255885511636734,0.7212451725750307,,,,,roc_auc,0.71408352170008,0.9713841676712036,0.12483856827020645,0.71408352170008,,,,
questions,ResNet,4,384,1e-05,7,4390,roc_auc,0.8610301104318561,0.9753066301345825,0.09634364396333694,0.8610301104318561,,,,,roc_auc,0.7231238418509602,0.9711365699768066,0.1270250380039215,0.7231238418509602,,,,,roc_auc,0.7163976042982252,0.971792995929718,0.1263231784105301,0.7163976042982252,,,,
questions,ResNet,4,512,3e-05,7,820,roc_auc,0.8282278082769052,0.9731807112693787,0.1058385968208313,0.8282278082769052,,,,,roc_auc,0.7243468472368946,0.9718724489212036,0.12271374464035034,0.7243468472368946,,,,,roc_auc,0.7089684121087301,0.9725288152694702,0.12257815152406693,0.7089684121087301,,,,
questions,ResNet,4,512,6e-05,7,450,roc_auc,0.8196204446137771,0.9726492166519165,0.10748790204524994,0.8196204446137771,,,,,roc_auc,0.7239028107303049,0.971545398235321,0.12181507050991058,0.7239028107303049,,,,,roc_auc,0.7085732459958116,0.9723653197288513,0.1217605397105217,0.7085732459958116,,,,
questions,ResNet,4,512,0.0001,7,360,roc_auc,0.8375642357803831,0.9731807112693787,0.1027987152338028,0.8375642357803831,,,,,roc_auc,0.7233509400850897,0.9717906713485718,0.12291540205478668,0.7233509400850897,,,,,roc_auc,0.7081427539025974,0.9723653197288513,0.12313526123762131,0.7081427539025974,,,,
questions,ResNet,4,512,1e-05,7,2040,roc_auc,0.8274230931310577,0.9730989336967468,0.10621906071901321,0.8274230931310577,,,,,roc_auc,0.7245204902181505,0.9719542264938354,0.12314802408218384,0.7245204902181505,,,,,roc_auc,0.7092116534174999,0.9722835421562195,0.1229570284485817,0.7092116534174999,,,,
questions,ResNet,5,256,3e-05,7,2090,roc_auc,0.8578469828954736,0.9760425090789795,0.09376326203346252,0.8578469828954736,,,,,roc_auc,0.7398904340497261,0.9708912372589111,0.12429223954677582,0.7398904340497261,,,,,roc_auc,0.7117420787838629,0.9716294407844543,0.12511667609214783,0.7117420787838629,,,,
questions,ResNet,5,256,6e-05,7,1220,roc_auc,0.8653447171085673,0.9765331149101257,0.09117470681667328,0.8653447171085673,,,,,roc_auc,0.7394767619740343,0.9704006314277649,0.12488950788974762,0.7394767619740343,,,,,roc_auc,0.7114900637022088,0.9713841676712036,0.1259400099515915,0.7114900637022088,,,,
questions,ResNet,5,256,0.0001,7,830,roc_auc,0.8696472876943236,0.9767784476280212,0.08952193707227707,0.8696472876943236,,,,,roc_auc,0.7390044392105247,0.9705641865730286,0.12538525462150574,0.7390044392105247,,,,,roc_auc,0.7103168024677391,0.9715477228164673,0.1262582540512085,0.7103168024677391,,,,
questions,ResNet,5,256,1e-05,7,1810,roc_auc,0.7419729086931172,0.9722403883934021,0.12058005481958389,0.7419729086931172,,,,,roc_auc,0.7226604090539113,0.9716271758079529,0.12123372405767441,0.7226604090539113,,,,,roc_auc,0.7092154630820416,0.9722017645835876,0.12028076499700546,0.7092154630820416,,,,
questions,ResNet,5,384,3e-05,7,700,roc_auc,0.7518019500199158,0.9718724489212036,0.12043894082307816,0.7518019500199158,,,,,roc_auc,0.7182153103695108,0.9717906713485718,0.1219927966594696,0.7182153103695108,,,,,roc_auc,0.7164759910322804,0.9726923108100891,0.12029216438531876,0.7164759910322804,,,,
questions,ResNet,5,384,6e-05,7,1120,roc_auc,0.8661238303055494,0.9754701852798462,0.09318488091230392,0.8661238303055494,,,,,roc_auc,0.7268242615266497,0.9708095192909241,0.12706930935382843,0.7268242615266497,,,,,roc_auc,0.7144785723686184,0.9706483483314514,0.1267942190170288,0.7144785723686184,,,,
questions,ResNet,5,384,0.0001,7,650,roc_auc,0.8338573218110131,0.9734259843826294,0.10214249044656754,0.8338573218110131,,,,,roc_auc,0.7261266877947687,0.970973014831543,0.1242053434252739,0.7261266877947687,,,,,roc_auc,0.7160460761609664,0.9713023900985718,0.12360577285289764,0.7160460761609664,,,,
questions,ResNet,5,384,1e-05,7,1880,roc_auc,0.7520854475867205,0.9721177220344543,0.12078393250703812,0.7520854475867205,,,,,roc_auc,0.7173371664097813,0.9718724489212036,0.12236835062503815,0.7173371664097813,,,,,roc_auc,0.7145037392434699,0.9726923108100891,0.12090813368558884,0.7145037392434699,,,,
questions,ResNet,5,512,3e-05,7,1020,roc_auc,0.8328041205571814,0.9730580449104309,0.10466835647821426,0.8328041205571814,,,,,roc_auc,0.7241922541837682,0.9712183475494385,0.12549978494644165,0.7241922541837682,,,,,roc_auc,0.7100846438194542,0.9718747138977051,0.1252056509256363,0.7100846438194542,,,,
questions,ResNet,5,512,6e-05,7,570,roc_auc,0.826424299626506,0.9727718830108643,0.10596904903650284,0.826424299626506,,,,,roc_auc,0.7242318549434564,0.9713000655174255,0.1244291365146637,0.7242318549434564,,,,,roc_auc,0.7080751034958866,0.9719564914703369,0.12411569803953171,0.7080751034958866,,,,
questions,ResNet,5,512,0.0001,7,380,roc_auc,0.8167783396544459,0.9723630547523499,0.10788755118846893,0.8167783396544459,,,,,roc_auc,0.7233659491193738,0.971545398235321,0.12356015294790268,0.7233659491193738,,,,,roc_auc,0.7073152485863835,0.9718747138977051,0.1231672540307045,0.7073152485863835,,,,
questions,ResNet,5,512,1e-05,7,2360,roc_auc,0.8214376345761968,0.9729762673377991,0.1073688268661499,0.8214376345761968,,,,,roc_auc,0.7238187601383139,0.9713000655174255,0.12468038499355316,0.7238187601383139,,,,,roc_auc,0.7100037173090376,0.9722017645835876,0.1240818202495575,0.7100037173090376,,,,
questions,ResNet,1,256,3e-05,8,2640,roc_auc,0.8595820561222428,0.9730580449104309,0.10199539363384247,0.8595820561222428,,,,,roc_auc,0.7319290649948912,0.9730989336967468,0.11944098025560379,0.7319290649948912,,,,,roc_auc,0.7199685298619979,0.972774088382721,0.12189718335866928,0.7199685298619979,,,,
questions,ResNet,1,256,6e-05,8,1500,roc_auc,0.860341686438183,0.9730989336967468,0.10166741162538528,0.860341686438183,,,,,roc_auc,0.7320086128765968,0.9730989336967468,0.11943583935499191,0.7320086128765968,,,,,roc_auc,0.720090670016093,0.9725288152694702,0.12192638218402863,0.720090670016093,,,,
questions,ResNet,1,256,0.0001,8,930,roc_auc,0.8546892841267917,0.9729762673377991,0.10317277163267136,0.8546892841267917,,,,,roc_auc,0.7315307483158131,0.9731807112693787,0.11916998773813248,0.7315307483158131,,,,,roc_auc,0.7205594896434847,0.9726923108100891,0.12143563479185104,0.7205594896434847,,,,
questions,ResNet,1,256,1e-05,8,5000,roc_auc,0.8278143382459057,0.9721994996070862,0.10945173352956772,0.8278143382459057,,,,,roc_auc,0.731234493069867,0.9728536605834961,0.11897356063127518,0.731234493069867,,,,,roc_auc,0.7219073027805933,0.9728558659553528,0.12077131122350693,0.7219073027805933,,,,
questions,ResNet,1,384,3e-05,8,1830,roc_auc,0.852140143971275,0.9728127717971802,0.10410954803228378,0.852140143971275,,,,,roc_auc,0.7297789631066391,0.9733442664146423,0.11935270577669144,0.7297789631066391,,,,,roc_auc,0.7189810186350318,0.9732646346092224,0.1214258149266243,0.7189810186350318,,,,
questions,ResNet,1,384,6e-05,8,1060,roc_auc,0.8584019130746006,0.9728536605834961,0.10242871195077896,0.8584019130746006,,,,,roc_auc,0.7294073163269429,0.9732624888420105,0.11950168013572693,0.7294073163269429,,,,,roc_auc,0.7194497228180435,0.9731828570365906,0.12156856805086136,0.7194497228180435,,,,
questions,ResNet,1,384,0.0001,8,670,roc_auc,0.8526413879893089,0.9727718830108643,0.10369203239679337,0.8526413879893089,,,,,roc_auc,0.7286850354155482,0.9734259843826294,0.1193043440580368,0.7286850354155482,,,,,roc_auc,0.7189078268980788,0.9732646346092224,0.12123648077249527,0.7189078268980788,,,,
questions,ResNet,1,384,1e-05,8,4550,roc_auc,0.8649106673824822,0.9730989336967468,0.10097416490316391,0.8649106673824822,,,,,roc_auc,0.7303121301860542,0.973017156124115,0.11981356143951416,0.7303121301860542,,,,,roc_auc,0.7196473635966927,0.9730193614959717,0.12203717976808548,0.7196473635966927,,,,
questions,ResNet,1,512,3e-05,8,1390,roc_auc,0.8667813703248302,0.9728536605834961,0.10091113299131393,0.8667813703248302,,,,,roc_auc,0.7281818864047013,0.9730989336967468,0.12002871185541153,0.7281818864047013,,,,,roc_auc,0.7189971808482392,0.9734281897544861,0.12143634259700775,0.7189971808482392,,,,
questions,ResNet,1,512,6e-05,8,750,roc_auc,0.8613667457527319,0.9726083278656006,0.1021333560347557,0.8613667457527319,,,,,roc_auc,0.728027408805685,0.9727718830108643,0.11969322711229324,0.728027408805685,,,,,roc_auc,0.717721405004283,0.9731011390686035,0.1211523562669754,0.717721405004283,,,,
questions,ResNet,1,512,0.0001,8,520,roc_auc,0.8661870702942349,0.9729354381561279,0.10063500702381134,0.8661870702942349,,,,,roc_auc,0.7279164574060926,0.9728536605834961,0.11996175348758698,0.7279164574060926,,,,,roc_auc,0.7178083346224622,0.9730193614959717,0.12146329134702682,0.7178083346224622,,,,
questions,ResNet,1,512,1e-05,8,3380,roc_auc,0.8659224206108678,0.9727718830108643,0.10115267336368561,0.8659224206108678,,,,,roc_auc,0.7284893406993055,0.9730989336967468,0.11999625712633133,0.7284893406993055,,,,,roc_auc,0.7194239787212918,0.9735099077224731,0.12137901037931442,0.7194239787212918,,,,
questions,ResNet,2,256,3e-05,8,2410,roc_auc,0.8458482413452713,0.973630428314209,0.10581489652395248,0.8458482413452713,,,,,roc_auc,0.7278163586928286,0.973017156124115,0.12234359979629517,0.7278163586928286,,,,,roc_auc,0.7235498454199751,0.972774088382721,0.1236179992556572,0.7235498454199751,,,,
questions,ResNet,2,256,6e-05,8,1400,roc_auc,0.8524447407766597,0.9739165902137756,0.10390616953372955,0.8524447407766597,,,,,roc_auc,0.7269256302351222,0.973017156124115,0.1223432794213295,0.7269256302351222,,,,,roc_auc,0.7237683816314138,0.9726923108100891,0.1235227957367897,0.7237683816314138,,,,
questions,ResNet,2,256,0.0001,8,860,roc_auc,0.8427334626419365,0.9732624888420105,0.10576639324426651,0.8427334626419365,,,,,roc_auc,0.7267167737503535,0.9728536605834961,0.12145355343818665,0.7267167737503535,,,,,roc_auc,0.7248767631242943,0.972774088382721,0.12253602594137192,0.7248767631242943,,,,
questions,ResNet,2,256,1e-05,8,5000,roc_auc,0.8275353145258589,0.9728536605834961,0.11005458235740662,0.8275353145258589,,,,,roc_auc,0.7276292075807169,0.9730989336967468,0.12191374599933624,0.7276292075807169,,,,,roc_auc,0.7249141671034313,0.9729375839233398,0.12294259667396545,0.7249141671034313,,,,
questions,ResNet,2,384,3e-05,8,1610,roc_auc,0.86243287786687,0.9738348126411438,0.10269542038440704,0.86243287786687,,,,,roc_auc,0.7252765991837393,0.9729354381561279,0.12335845828056335,0.7252765991837393,,,,,roc_auc,0.7231224703250221,0.9728558659553528,0.12488556653261185,0.7231224703250221,,,,
questions,ResNet,2,384,6e-05,8,870,roc_auc,0.8559518036818315,0.9733033776283264,0.10378760099411011,0.8559518036818315,,,,,roc_auc,0.7251998222006708,0.9729354381561279,0.12231597304344177,0.7251998222006708,,,,,roc_auc,0.7227394258720092,0.9729375839233398,0.12382133305072784,0.7227394258720092,,,,
questions,ResNet,2,384,0.0001,8,620,roc_auc,0.866156157456315,0.9737939834594727,0.1003963053226471,0.866156157456315,,,,,roc_auc,0.7259380357792286,0.9728536605834961,0.12228456139564514,0.7259380357792286,,,,,roc_auc,0.7227225709925216,0.9726923108100891,0.12401729077100754,0.7227225709925216,,,,
questions,ResNet,2,384,1e-05,8,3970,roc_auc,0.8669305947618469,0.9738348126411438,0.10223787277936935,0.8669305947618469,,,,,roc_auc,0.7255623481056868,0.9729354381561279,0.12451491504907608,0.7255623481056868,,,,,roc_auc,0.7243510294175368,0.9728558659553528,0.12582246959209442,0.7243510294175368,,,,
questions,ResNet,2,512,3e-05,8,1090,roc_auc,0.8519652598583377,0.9724857211112976,0.10578781366348267,0.8519652598583377,,,,,roc_auc,0.7307426585617882,0.9730989336967468,0.12230515480041504,0.7307426585617882,,,,,roc_auc,0.7224789833506114,0.9726923108100891,0.12435347586870193,0.7224789833506114,,,,
questions,ResNet,2,512,6e-05,8,620,roc_auc,0.851760761766217,0.9723630547523499,0.10495531558990479,0.851760761766217,,,,,roc_auc,0.7305716710250592,0.973017156124115,0.12147235870361328,0.7305716710250592,,,,,roc_auc,0.7214866234596834,0.9726923108100891,0.1236354187130928,0.7214866234596834,,,,
questions,ResNet,2,512,0.0001,8,440,roc_auc,0.8575984679239619,0.9728127717971802,0.10228763520717621,0.8575984679239619,,,,,roc_auc,0.7307326140542287,0.9729354381561279,0.12041088938713074,0.7307326140542287,,,,,roc_auc,0.7203818207425844,0.9722835421562195,0.12272008508443832,0.7203818207425844,,,,
questions,ResNet,2,512,1e-05,8,2740,roc_auc,0.8545608702930803,0.9727309942245483,0.10582112520933151,0.8545608702930803,,,,,roc_auc,0.7312486939253819,0.9731807112693787,0.1231871098279953,0.7312486939253819,,,,,roc_auc,0.7240801969019346,0.9728558659553528,0.12518110871315002,0.7240801969019346,,,,
questions,ResNet,3,256,3e-05,8,2100,roc_auc,0.8427680700113722,0.9737530946731567,0.10433482378721237,0.8427680700113722,,,,,roc_auc,0.7279499390979569,0.9726083278656006,0.12099998444318771,0.7279499390979569,,,,,roc_auc,0.7272427956934628,0.9720382690429688,0.12229906022548676,0.7272427956934628,,,,
questions,ResNet,3,256,6e-05,8,1260,roc_auc,0.8572037591858176,0.9742436408996582,0.10083424299955368,0.8572037591858176,,,,,roc_auc,0.7275849886566337,0.9723630547523499,0.12160588800907135,0.7275849886566337,,,,,roc_auc,0.7282101041539197,0.9719564914703369,0.12277957051992416,0.7282101041539197,,,,
questions,ResNet,3,256,0.0001,8,760,roc_auc,0.8430246379070478,0.973630428314209,0.1041882187128067,0.8430246379070478,,,,,roc_auc,0.7275687096271408,0.9724448323249817,0.12029367685317993,0.7275687096271408,,,,,roc_auc,0.7292763484480811,0.9720382690429688,0.12134023755788803,0.7292763484480811,,,,
questions,ResNet,3,256,1e-05,8,4920,roc_auc,0.8438198280888304,0.9737122058868408,0.10430573672056198,0.8438198280888304,,,,,roc_auc,0.7277541289276044,0.9726083278656006,0.12121716886758804,0.7277541289276044,,,,,roc_auc,0.7267885220579577,0.9722017645835876,0.12252017855644226,0.7267885220579577,,,,
questions,ResNet,3,384,3e-05,8,1470,roc_auc,0.8443463276934,0.9732216000556946,0.10563557595014572,0.8443463276934,,,,,roc_auc,0.7223987900409283,0.9729354381561279,0.12113325297832489,0.7223987900409283,,,,,roc_auc,0.7224171051629036,0.9726923108100891,0.12282004952430725,0.7224171051629036,,,,
questions,ResNet,3,384,6e-05,8,830,roc_auc,0.8463604535037436,0.9731807112693787,0.10454972088336945,0.8463604535037436,,,,,roc_auc,0.7229562024834179,0.9728536605834961,0.12050484865903854,0.7229562024834179,,,,,roc_auc,0.7218119457226704,0.972610592842102,0.12234053015708923,0.7218119457226704,,,,
questions,ResNet,3,384,0.0001,8,580,roc_auc,0.8523669824336573,0.9733033776283264,0.10224934667348862,0.8523669824336573,,,,,roc_auc,0.7228721518914268,0.9729354381561279,0.12037090957164764,0.7228721518914268,,,,,roc_auc,0.7211943182893914,0.9722835421562195,0.12237471342086792,0.7211943182893914,,,,
questions,ResNet,3,384,1e-05,8,3600,roc_auc,0.8444672370099694,0.9733442664146423,0.10615227371454239,0.8444672370099694,,,,,roc_auc,0.7221731927102275,0.9729354381561279,0.12170163542032242,0.7221731927102275,,,,,roc_auc,0.7234332465961224,0.9728558659553528,0.12318194657564163,0.7234332465961224,,,,
questions,ResNet,3,512,3e-05,8,1050,roc_auc,0.8656661413504667,0.9735895395278931,0.10142414271831512,0.8656661413504667,,,,,roc_auc,0.7281912381876012,0.972281277179718,0.12361551821231842,0.7281912381876012,,,,,roc_auc,0.7216312752678887,0.9717112183570862,0.12648844718933105,0.7216312752678887,,,,
questions,ResNet,3,512,6e-05,8,590,roc_auc,0.8609352071535367,0.9733442664146423,0.10242531448602676,0.8609352071535367,,,,,roc_auc,0.7275184870893442,0.9721994996070862,0.12290005385875702,0.7275184870893442,,,,,roc_auc,0.7208315920472674,0.9717112183570862,0.12572677433490753,0.7208315920472674,,,,
questions,ResNet,3,512,0.0001,8,400,roc_auc,0.8577932101437981,0.973017156124115,0.10281524062156677,0.8577932101437981,,,,,roc_auc,0.7273556967944167,0.9721177220344543,0.12224964797496796,0.7273556967944167,,,,,roc_auc,0.7205217393312077,0.9715477228164673,0.1250506341457367,0.7205217393312077,,,,
questions,ResNet,3,512,1e-05,8,2570,roc_auc,0.8642632295978155,0.9734668731689453,0.10227100551128387,0.8642632295978155,,,,,roc_auc,0.727955711803451,0.9723630547523499,0.12404697388410568,0.727955711803451,,,,,roc_auc,0.721749259424302,0.971792995929718,0.12676934897899628,0.721749259424302,,,,
questions,ResNet,4,256,3e-05,8,2430,roc_auc,0.8507589375912809,0.9744889736175537,0.10078120976686478,0.8507589375912809,,,,,roc_auc,0.7289167518140727,0.9724448323249817,0.12120141088962555,0.7289167518140727,,,,,roc_auc,0.7196130766158173,0.971792995929718,0.12369156628847122,0.7196130766158173,,,,
questions,ResNet,4,256,6e-05,8,1390,roc_auc,0.8537331509158397,0.9746116399765015,0.0998476892709732,0.8537331509158397,,,,,roc_auc,0.7285312505411912,0.9724448323249817,0.12097553163766861,0.7285312505411912,,,,,roc_auc,0.7190789154693161,0.9717112183570862,0.1235295981168747,0.7190789154693161,,,,
questions,ResNet,4,256,0.0001,8,920,roc_auc,0.8555539199556655,0.9742436408996582,0.09930204600095749,0.8555539199556655,,,,,roc_auc,0.7279058356279837,0.972281277179718,0.12126612663269043,0.7279058356279837,,,,,roc_auc,0.7190895363522808,0.9715477228164673,0.12386445701122284,0.7190895363522808,,,,
questions,ResNet,4,256,1e-05,8,5000,roc_auc,0.8264515179329096,0.9734259843826294,0.10630615800619125,0.8264515179329096,,,,,roc_auc,0.727600805869687,0.9728536605834961,0.12020440399646759,0.727600805869687,,,,,roc_auc,0.7211047334504709,0.9718747138977051,0.12217801809310913,0.7211047334504709,,,,
questions,ResNet,4,384,3e-05,8,1480,roc_auc,0.8427373014910897,0.9732624888420105,0.10436246544122696,0.8427373014910897,,,,,roc_auc,0.7303734363183993,0.9726901054382324,0.12025424838066101,0.7303734363183993,,,,,roc_auc,0.7228913506761578,0.9714659452438354,0.1228124350309372,0.7228913506761578,,,,
questions,ResNet,4,384,6e-05,8,810,roc_auc,0.8371232876712329,0.9729762673377991,0.10560691356658936,0.8371232876712329,,,,,roc_auc,0.7310084339227265,0.9726901054382324,0.11984382569789886,0.7310084339227265,,,,,roc_auc,0.7226466085904473,0.9713023900985718,0.12245521694421768,0.7226466085904473,,,,
questions,ResNet,4,384,0.0001,8,550,roc_auc,0.8372578782998228,0.9727718830108643,0.10531284660100937,0.8372578782998228,,,,,roc_auc,0.7313941661038279,0.9723630547523499,0.11967325210571289,0.7313941661038279,,,,,roc_auc,0.7218625103611331,0.970975399017334,0.12247966974973679,0.7218625103611331,,,,
questions,ResNet,4,384,1e-05,8,3650,roc_auc,0.846233569436988,0.9735077619552612,0.1038455218076706,0.846233569436988,,,,,roc_auc,0.7293030612657234,0.9726901054382324,0.12079483270645142,0.7293030612657234,,,,,roc_auc,0.723217365605425,0.9715477228164673,0.1232403963804245,0.723217365605425,,,,
questions,ResNet,4,512,3e-05,8,1130,roc_auc,0.8738945268979214,0.9735486507415771,0.0984177514910698,0.8738945268979214,,,,,roc_auc,0.7294733560777931,0.9718724489212036,0.12431658804416656,0.7294733560777931,,,,,roc_auc,0.7200045485085741,0.9704030752182007,0.12828369438648224,0.7200045485085741,,,,
questions,ResNet,4,512,6e-05,8,640,roc_auc,0.8690277898042476,0.9732624888420105,0.0998055636882782,0.8690277898042476,,,,,roc_auc,0.7293628664946399,0.971545398235321,0.12393215298652649,0.7293628664946399,,,,,roc_auc,0.7199692225282781,0.9699942469596863,0.12816092371940613,0.7199692225282781,,,,
questions,ResNet,4,512,0.0001,8,430,roc_auc,0.8612163667746163,0.9726492166519165,0.10156944394111633,0.8612163667746163,,,,,roc_auc,0.7298752518342773,0.9714636206626892,0.12283173948526382,0.7298752518342773,,,,,roc_auc,0.7198512383718647,0.9698307514190674,0.12706595659255981,0.7198512383718647,,,,
questions,ResNet,4,512,1e-05,8,2650,roc_auc,0.8644247210340069,0.9731807112693787,0.10173793137073517,0.8644247210340069,,,,,roc_auc,0.7305120967043623,0.9719542264938354,0.1236548125743866,0.7305120967043623,,,,,roc_auc,0.7211324401016835,0.9708118438720703,0.12744785845279694,0.7211324401016835,,,,
questions,ResNet,5,256,3e-05,8,2190,roc_auc,0.8488669622291879,0.9740801453590393,0.10085485130548477,0.8488669622291879,,,,,roc_auc,0.7312869092357515,0.9724448323249817,0.12030097097158432,0.7312869092357515,,,,,roc_auc,0.7208715358027656,0.9716294407844543,0.12371126562356949,0.7208715358027656,,,,
questions,ResNet,5,256,6e-05,8,1190,roc_auc,0.8419357324697367,0.9738348126411438,0.1024821400642395,0.8419357324697367,,,,,roc_auc,0.7314797175992473,0.9726083278656006,0.11966510117053986,0.7314797175992473,,,,,roc_auc,0.7213889575141592,0.9714659452438354,0.12302471697330475,0.7213889575141592,,,,
questions,ResNet,5,256,0.0001,8,810,roc_auc,0.8489728047844182,0.9739574790000916,0.10075794160366058,0.8489728047844182,,,,,roc_auc,0.7317077394662556,0.9727718830108643,0.12001241743564606,0.7317077394662556,,,,,roc_auc,0.7208881597934932,0.9714659452438354,0.12343001365661621,0.7208881597934932,,,,
questions,ResNet,5,256,1e-05,8,4930,roc_auc,0.842040218439176,0.9738348126411438,0.10267005860805511,0.842040218439176,,,,,roc_auc,0.7310618891755999,0.9724448323249817,0.12016761302947998,0.7310618891755999,,,,,roc_auc,0.721530030546583,0.9716294407844543,0.12341894954442978,0.721530030546583,,,,
questions,ResNet,5,384,3e-05,8,1500,roc_auc,0.860029209889799,0.9740392565727234,0.10045778006315231,0.860029209889799,,,,,roc_auc,0.7300797210628704,0.9727718830108643,0.12173914909362793,0.7300797210628704,,,,,roc_auc,0.7249813557326216,0.9718747138977051,0.12425440549850464,0.7249813557326216,,,,
questions,ResNet,5,384,6e-05,8,810,roc_auc,0.8487816127784609,0.9737530946731567,0.10313060879707336,0.8487816127784609,,,,,roc_auc,0.7298684400417944,0.9726083278656006,0.12056905776262283,0.7298684400417944,,,,,roc_auc,0.7256664026838511,0.9719564914703369,0.12306506931781769,0.7256664026838511,,,,
questions,ResNet,5,384,0.0001,8,570,roc_auc,0.8534858193489542,0.9737939834594727,0.10107089579105377,0.8534858193489542,,,,,roc_auc,0.7306131190505054,0.972281277179718,0.12018364667892456,0.7306131190505054,,,,,roc_auc,0.7245479775299059,0.9715477228164673,0.12308458983898163,0.7245479775299059,,,,
questions,ResNet,5,384,1e-05,8,3550,roc_auc,0.8569703687026998,0.9740801453590393,0.10170367360115051,0.8569703687026998,,,,,roc_auc,0.7289633952744632,0.9726083278656006,0.12216094136238098,0.7289633952744632,,,,,roc_auc,0.7255209427649854,0.9721199870109558,0.12445686757564545,0.7255209427649854,,,,
questions,ResNet,5,512,3e-05,8,1230,roc_auc,0.8676142562734876,0.9737939834594727,0.09897347539663315,0.8676142562734876,,,,,roc_auc,0.7324415657886382,0.9714636206626892,0.12361637502908707,0.7324415657886382,,,,,roc_auc,0.720436079601209,0.9704848527908325,0.12773361802101135,0.720436079601209,,,,
questions,ResNet,5,512,6e-05,8,770,roc_auc,0.8830869542628543,0.9744071960449219,0.09370888024568558,0.8830869542628543,,,,,roc_auc,0.7319377240531321,0.970973014831543,0.12474348396062851,0.7319377240531321,,,,,roc_auc,0.719825032497593,0.969421923160553,0.12919938564300537,0.719825032497593,,,,
questions,ResNet,5,512,0.0001,8,530,roc_auc,0.8798317256348533,0.9740392565727234,0.09487959742546082,0.8798317256348533,,,,,roc_auc,0.7333474187347384,0.9706459641456604,0.1244095042347908,0.7333474187347384,,,,,roc_auc,0.7196127302826771,0.9688496589660645,0.1292186677455902,0.7196127302826771,,,,
questions,ResNet,5,512,1e-05,8,3120,roc_auc,0.8785738242442085,0.9744071960449219,0.09578865766525269,0.8785738242442085,,,,,roc_auc,0.7329470238816826,0.9717906713485718,0.1251613199710846,0.7329470238816826,,,,,roc_auc,0.7201677868619678,0.9703212976455688,0.12899033725261688,0.7201677868619678,,,,
questions,ResNet,1,256,3e-05,9,3490,roc_auc,0.8972821236628972,0.9757972359657288,0.08842198550701141,0.8972821236628972,,,,,roc_auc,0.7366840425102033,0.972281277179718,0.12503977119922638,0.7366840425102033,,,,,roc_auc,0.713057682938937,0.9724470376968384,0.12532484531402588,0.713057682938937,,,,
questions,ResNet,1,256,6e-05,9,1990,roc_auc,0.8927388312580459,0.9753066301345825,0.08987542986869812,0.8927388312580459,,,,,roc_auc,0.7355881520992444,0.972281277179718,0.12444885820150375,0.7355881520992444,,,,,roc_auc,0.7141681424306583,0.9724470376968384,0.1244167611002922,0.7141681424306583,,,,
questions,ResNet,1,256,0.0001,9,1320,roc_auc,0.8949143619139982,0.9753884077072144,0.08917064964771271,0.8949143619139982,,,,,roc_auc,0.7354240918091082,0.9721994996070862,0.12469694763422012,0.7354240918091082,,,,,roc_auc,0.7135208457917059,0.9724470376968384,0.1247796043753624,0.7135208457917059,,,,
questions,ResNet,1,256,1e-05,9,5000,roc_auc,0.8100885533022761,0.9727718830108643,0.1114867702126503,0.8100885533022761,,,,,roc_auc,0.722352954759307,0.9729354381561279,0.12059003859758377,0.722352954759307,,,,,roc_auc,0.7166045960716586,0.9733464121818542,0.1185823604464531,0.7166045960716586,,,,
questions,ResNet,1,384,3e-05,9,1620,roc_auc,0.8900180108411408,0.9748160243034363,0.09120285511016846,0.8900180108411408,,,,,roc_auc,0.7382909328114807,0.9726083278656006,0.12396231293678284,0.7382909328114807,,,,,roc_auc,0.7204079111724763,0.9726923108100891,0.12425991147756577,0.7204079111724763,,,,
questions,ResNet,1,384,6e-05,9,920,roc_auc,0.8942483937446963,0.9751430749893188,0.08964472264051437,0.8942483937446963,,,,,roc_auc,0.7381558515029238,0.9725266098976135,0.12445199489593506,0.7381558515029238,,,,,roc_auc,0.7205474834279593,0.9725288152694702,0.12491638213396072,0.7205474834279593,,,,
questions,ResNet,1,384,0.0001,9,610,roc_auc,0.8948838531654632,0.9752657413482666,0.08942150324583054,0.8948838531654632,,,,,roc_auc,0.738627596995884,0.9726083278656006,0.12425368279218674,0.738627596995884,,,,,roc_auc,0.7196303932728251,0.9725288152694702,0.12487035244703293,0.7196303932728251,,,,
questions,ResNet,1,384,1e-05,9,4070,roc_auc,0.8947769715232439,0.9752657413482666,0.08958391100168228,0.8947769715232439,,,,,roc_auc,0.7386825531521858,0.9725266098976135,0.12449271231889725,0.7386825531521858,,,,,roc_auc,0.719183161744503,0.972774088382721,0.1251029223203659,0.719183161744503,,,,
questions,ResNet,1,512,3e-05,9,1720,roc_auc,0.8912335405734606,0.9748160243034363,0.09096213430166245,0.8912335405734606,,,,,roc_auc,0.7362543223132385,0.9725266098976135,0.12361270934343338,0.7362543223132385,,,,,roc_auc,0.7152218032873942,0.9723653197288513,0.12397219985723495,0.7152218032873942,,,,
questions,ResNet,1,512,6e-05,9,1050,roc_auc,0.9065500580156901,0.9757563471794128,0.08504427969455719,0.9065500580156901,,,,,roc_auc,0.7362119506549134,0.9723630547523499,0.12557077407836914,0.7362119506549134,,,,,roc_auc,0.7112849190388564,0.9718747138977051,0.12685436010360718,0.7112849190388564,,,,
questions,ResNet,1,512,0.0001,9,700,roc_auc,0.9070619526753604,0.9758790135383606,0.0847722738981247,0.9070619526753604,,,,,roc_auc,0.7358232166669554,0.9723630547523499,0.12554800510406494,0.7358232166669554,,,,,roc_auc,0.7118455169483895,0.9718747138977051,0.12678423523902893,0.7118455169483895,,,,
questions,ResNet,1,512,1e-05,9,4110,roc_auc,0.8929347280189806,0.9749795794487,0.09042903035879135,0.8929347280189806,,,,,roc_auc,0.7365450357619105,0.9725266098976135,0.1241401955485344,0.7365450357619105,,,,,roc_auc,0.7155734468690329,0.9723653197288513,0.1245523989200592,0.7155734468690329,,,,
questions,ResNet,2,256,3e-05,9,3770,roc_auc,0.8998133107043278,0.9765740036964417,0.08718547224998474,0.8998133107043278,,,,,roc_auc,0.7292109288860411,0.9714636206626892,0.1322913020849228,0.7292109288860411,,,,,roc_auc,0.7124998556945249,0.9720382690429688,0.13082438707351685,0.7124998556945249,,,,
questions,ResNet,2,256,6e-05,9,2220,roc_auc,0.9009013213722876,0.9765331149101257,0.08664676547050476,0.9009013213722876,,,,,roc_auc,0.729602664680856,0.971545398235321,0.13169792294502258,0.729602664680856,,,,,roc_auc,0.7130939324742732,0.9721199870109558,0.13025198876857758,0.7130939324742732,,,,
questions,ResNet,2,256,0.0001,9,1460,roc_auc,0.9005641376443898,0.9765740036964417,0.08651453256607056,0.9005641376443898,,,,,roc_auc,0.7310154766234291,0.9718724489212036,0.13088518381118774,0.7310154766234291,,,,,roc_auc,0.7134418818357503,0.9723653197288513,0.12960082292556763,0.7134418818357503,,,,
questions,ResNet,2,256,1e-05,9,5000,roc_auc,0.800965109767995,0.9726901054382324,0.11462961137294769,0.800965109767995,,,,,roc_auc,0.7131113150800386,0.9723630547523499,0.12402576208114624,0.7131113150800386,,,,,roc_auc,0.7183302586646778,0.972774088382721,0.12057870626449585,0.7183302586646778,,,,
questions,ResNet,2,384,3e-05,9,1950,roc_auc,0.9031818286776463,0.9771872758865356,0.0862802192568779,0.9031818286776463,,,,,roc_auc,0.7323353480075507,0.9714636206626892,0.13251464068889618,0.7323353480075507,,,,,roc_auc,0.7093477623415815,0.9715477228164673,0.13308076560497284,0.7093477623415815,,,,
questions,ResNet,2,384,6e-05,9,1080,roc_auc,0.9013429910696246,0.9767375588417053,0.08701061457395554,0.9013429910696246,,,,,roc_auc,0.7332153392330384,0.9717088937759399,0.13099899888038635,0.7332153392330384,,,,,roc_auc,0.7093750072152738,0.9717112183570862,0.13180336356163025,0.7093750072152738,,,,
questions,ResNet,2,384,0.0001,9,690,roc_auc,0.8945227704368206,0.9759607315063477,0.08948847651481628,0.8945227704368206,,,,,roc_auc,0.7348506312453458,0.971545398235321,0.1294049173593521,0.7348506312453458,,,,,roc_auc,0.7110785044873231,0.9713841676712036,0.130167618393898,0.7110785044873231,,,,
questions,ResNet,2,384,1e-05,9,4320,roc_auc,0.8854355506295135,0.9754701852798462,0.09290419518947601,0.8854355506295135,,,,,roc_auc,0.7321231433535955,0.9720360040664673,0.12981708347797394,0.7321231433535955,,,,,roc_auc,0.7143395773350357,0.9713023900985718,0.1296699494123459,0.7143395773350357,,,,
questions,ResNet,2,512,3e-05,9,1360,roc_auc,0.9094892887449562,0.976410448551178,0.08552492409944534,0.9094892887449562,,,,,roc_auc,0.7332158010494778,0.9716271758079529,0.13419842720031738,0.7332158010494778,,,,,roc_auc,0.7125077059123684,0.9711388945579529,0.13368846476078033,0.7125077059123684,,,,
questions,ResNet,2,512,6e-05,9,780,roc_auc,0.9095839899785833,0.976410448551178,0.08549673110246658,0.9095839899785833,,,,,roc_auc,0.7338076188167109,0.9717906713485718,0.1338060051202774,0.7338076188167109,,,,,roc_auc,0.7127145822414218,0.9714659452438354,0.13343745470046997,0.7127145822414218,,,,
questions,ResNet,2,512,0.0001,9,510,roc_auc,0.8986450305664757,0.9752657413482666,0.08946575969457626,0.8986450305664757,,,,,roc_auc,0.733040079894244,0.9720360040664673,0.13087816536426544,0.733040079894244,,,,,roc_auc,0.7165909736348125,0.971792995929718,0.1302548050880432,0.7165909736348125,,,,
questions,ResNet,2,512,1e-05,9,3330,roc_auc,0.9087644967066716,0.9764922261238098,0.08625578135251999,0.9087644967066716,,,,,roc_auc,0.732509683713466,0.9714636206626892,0.13547904789447784,0.732509683713466,,,,,roc_auc,0.7138431665008116,0.9711388945579529,0.13428224623203278,0.7138431665008116,,,,
questions,ResNet,3,256,3e-05,9,820,roc_auc,0.7580106102326978,0.9718315601348877,0.1218230351805687,0.7580106102326978,,,,,roc_auc,0.7043908352527579,0.9713818430900574,0.12395171076059341,0.7043908352527579,,,,,roc_auc,0.7184752568060234,0.9722835421562195,0.12011409550905228,0.7184752568060234,,,,
questions,ResNet,3,256,6e-05,9,1720,roc_auc,0.8982121065179618,0.9768601655960083,0.08608179539442062,0.8982121065179618,,,,,roc_auc,0.7296706671515739,0.9708095192909241,0.13025858998298645,0.7296706671515739,,,,,roc_auc,0.706302108707046,0.970975399017334,0.13066929578781128,0.706302108707046,,,,
questions,ResNet,3,256,0.0001,9,1160,roc_auc,0.9028541410502862,0.9773507714271545,0.0842382088303566,0.9028541410502862,,,,,roc_auc,0.7305252584728884,0.9705641865730286,0.1304292380809784,0.7305252584728884,,,,,roc_auc,0.7049045390421349,0.970975399017334,0.13112643361091614,0.7049045390421349,,,,
questions,ResNet,3,256,1e-05,9,2090,roc_auc,0.7564013819856952,0.9717906713485718,0.1227070763707161,0.7564013819856952,,,,,roc_auc,0.7045333056243469,0.971545398235321,0.1246320903301239,0.7045333056243469,,,,,roc_auc,0.7184185736154178,0.9723653197288513,0.1207696944475174,0.7184185736154178,,,,
questions,ResNet,3,384,3e-05,9,2030,roc_auc,0.8951345329015349,0.9767784476280212,0.08770859986543655,0.8951345329015349,,,,,roc_auc,0.7343975893181858,0.9714636206626892,0.12992365658283234,0.7343975893181858,,,,,roc_auc,0.7118937726992511,0.9713841676712036,0.12982437014579773,0.7118937726992511,,,,
questions,ResNet,3,384,6e-05,9,1160,roc_auc,0.8959058240825728,0.9765740036964417,0.08717752993106842,0.8959058240825728,,,,,roc_auc,0.7355027160579348,0.9713000655174255,0.12884925305843353,0.7355027160579348,,,,,roc_auc,0.7113798143192591,0.9717112183570862,0.12915775179862976,0.7113798143192591,,,,
questions,ResNet,3,384,0.0001,9,790,roc_auc,0.8998945038070993,0.9768601655960083,0.08515876531600952,0.8998945038070993,,,,,roc_auc,0.7352727314710585,0.9706459641456604,0.12877336144447327,0.7352727314710585,,,,,roc_auc,0.7096419146219544,0.9714659452438354,0.12943711876869202,0.7096419146219544,,,,
questions,ResNet,3,384,1e-05,9,4700,roc_auc,0.8934383099827397,0.9766148924827576,0.08888908475637436,0.8934383099827397,,,,,roc_auc,0.7334086094129736,0.971545398235321,0.13011464476585388,0.7334086094129736,,,,,roc_auc,0.7123336157872499,0.9712206721305847,0.12991651892662048,0.7123336157872499,,,,
questions,ResNet,3,512,3e-05,9,1630,roc_auc,0.9089235636065556,0.9773916602134705,0.08296539634466171,0.9089235636065556,,,,,roc_auc,0.7332453573016064,0.9700735807418823,0.13582250475883484,0.7332453573016064,,,,,roc_auc,0.713173127318989,0.97015780210495,0.13568341732025146,0.713173127318989,,,,
questions,ResNet,3,512,6e-05,9,920,roc_auc,0.9064735119408411,0.977023720741272,0.08386881649494171,0.9064735119408411,,,,,roc_auc,0.7329724237858557,0.970237135887146,0.13489915430545807,0.7329724237858557,,,,,roc_auc,0.7134010145252119,0.9700760245323181,0.1347237080335617,0.7134010145252119,,,,
questions,ResNet,3,512,0.0001,9,630,roc_auc,0.9074389680711659,0.9771054983139038,0.08274946361780167,0.9074389680711659,,,,,roc_auc,0.7310219420535823,0.9697465300559998,0.1343330591917038,0.7310219420535823,,,,,roc_auc,0.7112894213696783,0.9699942469596863,0.134473979473114,0.7112894213696783,,,,
questions,ResNet,3,512,1e-05,9,3990,roc_auc,0.9155664755901147,0.9780458211898804,0.08068792521953583,0.9155664755901147,,,,,roc_auc,0.7325611762464713,0.9699918031692505,0.138430655002594,0.7325611762464713,,,,,roc_auc,0.7118406682844273,0.9699125289916992,0.1383541226387024,0.7118406682844273,,,,
questions,ResNet,4,256,3e-05,9,690,roc_auc,0.749357266970311,0.971586287021637,0.12313997745513916,0.749357266970311,,,,,roc_auc,0.7047244976303043,0.971545398235321,0.1242176815867424,0.7047244976303043,,,,,roc_auc,0.7195769425248609,0.9723653197288513,0.12051553279161453,0.7195769425248609,,,,
questions,ResNet,4,256,6e-05,9,370,roc_auc,0.7488168262819737,0.9716271758079529,0.12278151512145996,0.7488168262819737,,,,,roc_auc,0.7054995410699132,0.9713000655174255,0.12390442937612534,0.7054995410699132,,,,,roc_auc,0.7192708994733427,0.9722835421562195,0.12030751258134842,0.7192708994733427,,,,
questions,ResNet,4,256,0.0001,9,1060,roc_auc,0.8979474279710672,0.9772689938545227,0.08535519987344742,0.8979474279710672,,,,,roc_auc,0.7305511201935011,0.9707277417182922,0.12987035512924194,0.7305511201935011,,,,,roc_auc,0.7068739047214442,0.970975399017334,0.12989968061447144,0.7068739047214442,,,,
questions,ResNet,4,256,1e-05,9,1780,roc_auc,0.7475633410110317,0.9716271758079529,0.12380435317754745,0.7475633410110317,,,,,roc_auc,0.7040987363547674,0.9714636206626892,0.12472919374704361,0.7040987363547674,,,,,roc_auc,0.7190971556813643,0.9723653197288513,0.12100524455308914,0.7190971556813643,,,,
questions,ResNet,4,384,3e-05,9,1890,roc_auc,0.8961570233621391,0.9771463871002197,0.08742403984069824,0.8961570233621391,,,,,roc_auc,0.7372315258992432,0.9708095192909241,0.1304158866405487,0.7372315258992432,,,,,roc_auc,0.7119498786679564,0.971057116985321,0.13121995329856873,0.7119498786679564,,,,
questions,ResNet,4,384,6e-05,9,1120,roc_auc,0.9028402576935732,0.9775552153587341,0.08447588235139847,0.9028402576935732,,,,,roc_auc,0.7374945303615446,0.970237135887146,0.131422221660614,0.7374945303615446,,,,,roc_auc,0.7087144344726154,0.9705665707588196,0.13272975385189056,0.7087144344726154,,,,
questions,ResNet,4,384,0.0001,9,750,roc_auc,0.8994528341097622,0.9774734377861023,0.08523297309875488,0.8994528341097622,,,,,roc_auc,0.7373089956069712,0.9706459641456604,0.1293918341398239,0.7373089956069712,,,,,roc_auc,0.7108294909595506,0.9708118438720703,0.13009339570999146,0.7108294909595506,,,,
questions,ResNet,4,384,1e-05,9,1360,roc_auc,0.7650170006176795,0.9718724489212036,0.12141432613134384,0.7650170006176795,,,,,roc_auc,0.7112273349150546,0.9720360040664673,0.12397441267967224,0.7112273349150546,,,,,roc_auc,0.7277187728724179,0.9726923108100891,0.11955731362104416,0.7277187728724179,,,,
questions,ResNet,4,512,3e-05,9,1590,roc_auc,0.9071173706481017,0.9775143265724182,0.0829535722732544,0.9071173706481017,,,,,roc_auc,0.7359880851358606,0.9701553583145142,0.13561590015888214,0.7359880851358606,,,,,roc_auc,0.7108613536084449,0.9695854783058167,0.1367017775774002,0.7108613536084449,,,,
questions,ResNet,4,512,6e-05,9,920,roc_auc,0.9079668242615268,0.9773507714271545,0.08200783282518387,0.9079668242615268,,,,,roc_auc,0.7358890255095856,0.9698283076286316,0.1350020468235016,0.7358890255095856,,,,,roc_auc,0.7115176549090414,0.9691766500473022,0.1363191455602646,0.7115176549090414,,,,
questions,ResNet,4,512,0.0001,9,630,roc_auc,0.9065816347147418,0.9771054983139038,0.08216924965381622,0.9065816347147418,,,,,roc_auc,0.7355650612772687,0.9690924286842346,0.13400012254714966,0.7355650612772687,,,,,roc_auc,0.7104068490841798,0.9686861038208008,0.1353999525308609,0.7104068490841798,,,,
questions,ResNet,4,512,1e-05,9,3780,roc_auc,0.9050359928187544,0.9774734377861023,0.08470524102449417,0.9050359928187544,,,,,roc_auc,0.7355710648909825,0.9703189134597778,0.1356177031993866,0.7355710648909825,,,,,roc_auc,0.7104165464121039,0.9699942469596863,0.13640837371349335,0.7104165464121039,,,,
questions,ResNet,5,256,3e-05,9,730,roc_auc,0.7451037932447802,0.9716271758079529,0.12371654808521271,0.7451037932447802,,,,,roc_auc,0.70192554364454,0.9714636206626892,0.12459301948547363,0.70192554364454,,,,,roc_auc,0.713589419753457,0.9724470376968384,0.12094886600971222,0.713589419753457,,,,
questions,ResNet,5,256,6e-05,9,1850,roc_auc,0.9046840021012648,0.9771463871002197,0.08315104246139526,0.9046840021012648,,,,,roc_auc,0.7315167783685181,0.9700735807418823,0.13136158883571625,0.7315167783685181,,,,,roc_auc,0.7078109667543274,0.9708118438720703,0.1307075470685959,0.7078109667543274,,,,
questions,ResNet,5,256,0.0001,9,1210,roc_auc,0.9002742901015419,0.976982831954956,0.08450178056955338,0.9002742901015419,,,,,roc_auc,0.7325104918922352,0.9701553583145142,0.13024385273456573,0.7325104918922352,,,,,roc_auc,0.7079194844715765,0.9712206721305847,0.12973672151565552,0.7079194844715765,,,,
questions,ResNet,5,256,1e-05,9,2060,roc_auc,0.7473302102996612,0.971545398235321,0.12320017069578171,0.7473302102996612,,,,,roc_auc,0.7013077487025845,0.971545398235321,0.12426719814538956,0.7013077487025845,,,,,roc_auc,0.7144711839282952,0.9722017645835876,0.12051267921924591,0.7144711839282952,,,,
questions,ResNet,5,384,3e-05,9,460,roc_auc,0.7614401745666142,0.9713000655174255,0.12136266380548477,0.7614401745666142,,,,,roc_auc,0.7113239700050222,0.9713818430900574,0.12360197305679321,0.7113239700050222,,,,,roc_auc,0.7276948758857471,0.9723653197288513,0.1189918965101242,0.7276948758857471,,,,
questions,ResNet,5,384,6e-05,9,1010,roc_auc,0.8900242453630742,0.9767375588417053,0.08762214332818985,0.8900242453630742,,,,,roc_auc,0.7361432554595362,0.9701553583145142,0.129697784781456,0.7361432554595362,,,,,roc_auc,0.7106866862614261,0.9704030752182007,0.12972986698150635,0.7106866862614261,,,,
questions,ResNet,5,384,0.0001,9,690,roc_auc,0.8912128742877925,0.9767784476280212,0.08682860434055328,0.8912128742877925,,,,,roc_auc,0.7364295816520329,0.969501256942749,0.12976868450641632,0.7364295816520329,,,,,roc_auc,0.7086453987333443,0.9699125289916992,0.13035251200199127,0.7086453987333443,,,,
questions,ResNet,5,384,1e-05,9,1170,roc_auc,0.7594887692014617,0.9714636206626892,0.12230347096920013,0.7594887692014617,,,,,roc_auc,0.7119479994689111,0.9712183475494385,0.12426166981458664,0.7119479994689111,,,,,roc_auc,0.7276355374744004,0.9722835421562195,0.11962147057056427,0.7276355374744004,,,,
questions,ResNet,5,512,3e-05,9,1270,roc_auc,0.9149976331907476,0.9782093167304993,0.07982348650693893,0.9149976331907476,,,,,roc_auc,0.7325350836176391,0.9699918031692505,0.1370556503534317,0.7325350836176391,,,,,roc_auc,0.708485392822592,0.9690131545066833,0.13891465961933136,0.708485392822592,,,,
questions,ResNet,5,512,6e-05,9,720,roc_auc,0.9065406773692626,0.9774734377861023,0.0828336849808693,0.9065406773692626,,,,,roc_auc,0.7333037770812048,0.9697465300559998,0.13502143323421478,0.7333037770812048,,,,,roc_auc,0.7096456088421159,0.968604326248169,0.13631898164749146,0.7096456088421159,,,,
questions,ResNet,5,512,0.0001,9,510,roc_auc,0.9080987883091168,0.977636992931366,0.08146733790636063,0.9080987883091168,,,,,roc_auc,0.7335723233407802,0.968928873538971,0.13456539809703827,0.7335723233407802,,,,,roc_auc,0.7108784393766927,0.9687678813934326,0.13539578020572662,0.7108784393766927,,,,
questions,ResNet,5,512,1e-05,9,3010,roc_auc,0.9087797077856479,0.97759610414505,0.08279645442962646,0.9087797077856479,,,,,roc_auc,0.7320711890041505,0.970237135887146,0.13562218844890594,0.7320711890041505,,,,,roc_auc,0.7076468048458933,0.9687678813934326,0.13725407421588898,0.7076468048458933,,,,
questions,GCN,1,256,3e-05,0,2620,roc_auc,0.869585692926704,0.9721994996070862,0.10083123296499252,0.869585692926704,,,,,roc_auc,0.7473835212348972,0.9717088937759399,0.12067122757434845,0.7473835212348972,,,,,roc_auc,0.7425616877044807,0.9712206721305847,0.12350142747163773,0.7425616877044807,,,,
questions,GCN,1,256,6e-05,0,1430,roc_auc,0.8628694098563173,0.9721586108207703,0.10230029374361038,0.8628694098563173,,,,,roc_auc,0.7466506185453936,0.9716271758079529,0.12047796696424484,0.7466506185453936,,,,,roc_auc,0.7434847809673777,0.9711388945579529,0.1231069341301918,0.7434847809673777,,,,
questions,GCN,1,256,0.0001,0,950,roc_auc,0.8635200803560605,0.9720768928527832,0.1021375060081482,0.8635200803560605,,,,,roc_auc,0.7457462665027219,0.9716271758079529,0.12060140073299408,0.7457462665027219,,,,,roc_auc,0.7435775982489397,0.9711388945579529,0.12320109456777573,0.7435775982489397,,,,
questions,GCN,1,256,1e-05,0,4970,roc_auc,0.8404913438281119,0.9719951152801514,0.10699672251939774,0.8404913438281119,,,,,roc_auc,0.7466133268679032,0.9719542264938354,0.11965899169445038,0.7466133268679032,,,,,roc_auc,0.7437798568027909,0.9712206721305847,0.1221676617860794,0.7437798568027909,,,,
questions,GCN,1,384,3e-05,0,1900,roc_auc,0.857390708253237,0.9719133377075195,0.10329611599445343,0.857390708253237,,,,,roc_auc,0.7451479833053356,0.9716271758079529,0.12030594050884247,0.7451479833053356,,,,,roc_auc,0.7456766079670476,0.9712206721305847,0.12256579101085663,0.7456766079670476,,,,
questions,GCN,1,384,6e-05,0,1090,roc_auc,0.8570515329419439,0.9719951152801514,0.10333416610956192,0.8570515329419439,,,,,roc_auc,0.7451687650451136,0.9717088937759399,0.12032182514667511,0.7451687650451136,,,,,roc_auc,0.7457521085916017,0.9711388945579529,0.12262143194675446,0.7457521085916017,,,,
questions,GCN,1,384,0.0001,0,850,roc_auc,0.8763334372420322,0.9720768928527832,0.09855096787214279,0.8763334372420322,,,,,roc_auc,0.7468888003740712,0.9716271758079529,0.12110908329486847,0.7468888003740712,,,,,roc_auc,0.7449596983669238,0.971057116985321,0.12376965582370758,0.7449596983669238,,,,
questions,GCN,1,384,1e-05,0,4480,roc_auc,0.860900917282903,0.9719542264938354,0.10261495411396027,0.860900917282903,,,,,roc_auc,0.7453008445468137,0.9717906713485718,0.12051847577095032,0.7453008445468137,,,,,roc_auc,0.7466433392056042,0.9712206721305847,0.12257423996925354,0.7466433392056042,,,,
questions,GCN,1,512,3e-05,0,1880,roc_auc,0.8925280697804641,0.9726083278656006,0.09481433779001236,0.8925280697804641,,,,,roc_auc,0.7472074537173337,0.971545398235321,0.12243472784757614,0.7472074537173337,,,,,roc_auc,0.7419939322433845,0.9712206721305847,0.1253570318222046,0.7419939322433845,,,,
questions,GCN,1,512,6e-05,0,980,roc_auc,0.8737735309907695,0.9721177220344543,0.09996756166219711,0.8737735309907695,,,,,roc_auc,0.7476197403437068,0.9716271758079529,0.12083906680345535,0.7476197403437068,,,,,roc_auc,0.7444981517354754,0.9713023900985718,0.12343990057706833,0.7444981517354754,,,,
questions,GCN,1,512,0.0001,0,680,roc_auc,0.8735768260510653,0.9721177220344543,0.09968151152133942,0.8735768260510653,,,,,roc_auc,0.7480659704783842,0.971545398235321,0.12060253322124481,0.7480659704783842,,,,,roc_auc,0.7446747816369552,0.9712206721305847,0.12320262938737869,0.7446747816369552,,,,
questions,GCN,1,512,1e-05,0,3800,roc_auc,0.8696217146089859,0.9720768928527832,0.10121006518602371,0.8696217146089859,,,,,roc_auc,0.7473018951792136,0.9717906713485718,0.12089285254478455,0.7473018951792136,,,,,roc_auc,0.7447480888182882,0.9713023900985718,0.12329532951116562,0.7447480888182882,,,,
questions,GCN,2,256,3e-05,0,2160,roc_auc,0.8895375196993576,0.9733442664146423,0.09466779232025146,0.8895375196993576,,,,,roc_auc,0.7734224639061589,0.9725266098976135,0.12087710201740265,0.7734224639061589,,,,,roc_auc,0.7714315564903984,0.9704848527908325,0.1257355809211731,0.7714315564903984,,,,
questions,GCN,2,256,6e-05,0,1210,roc_auc,0.88418368171611,0.9730989336967468,0.09638366848230362,0.88418368171611,,,,,roc_auc,0.7737643235255067,0.9721994996070862,0.120296910405159,0.7737643235255067,,,,,roc_auc,0.7720893585679356,0.9706483483314514,0.12488953769207001,0.7720893585679356,,,,
questions,GCN,2,256,0.0001,0,850,roc_auc,0.8883144854498959,0.9733033776283264,0.09449775516986847,0.8883144854498959,,,,,roc_auc,0.7741844610313515,0.9719542264938354,0.12027042359113693,0.7741844610313515,,,,,roc_auc,0.7717453343153802,0.9704848527908325,0.12509401142597198,0.7717453343153802,,,,
questions,GCN,2,256,1e-05,0,4840,roc_auc,0.8858600753915337,0.9733442664146423,0.09568389505147934,0.8858600753915337,,,,,roc_auc,0.7731054269204348,0.9726901054382324,0.12040181457996368,0.7731054269204348,,,,,roc_auc,0.7727769452955261,0.9705665707588196,0.12514810264110565,0.7727769452955261,,,,
questions,GCN,2,384,3e-05,0,1560,roc_auc,0.8853785162992339,0.9733442664146423,0.09570210427045822,0.8853785162992339,,,,,roc_auc,0.7748090677657897,0.9721994996070862,0.12103398144245148,0.7748090677657897,,,,,roc_auc,0.7757674165163966,0.9707301259040833,0.12459910660982132,0.7757674165163966,,,,
questions,GCN,2,384,6e-05,0,930,roc_auc,0.8863149068573969,0.9732624888420105,0.09517142921686172,0.8863149068573969,,,,,roc_auc,0.7749097437496031,0.9723630547523499,0.12097235769033432,0.7749097437496031,,,,,roc_auc,0.7753691334052166,0.9704030752182007,0.1246461570262909,0.7753691334052166,,,,
questions,GCN,2,384,0.0001,0,730,roc_auc,0.9035941153040195,0.9738757014274597,0.08935008943080902,0.9035941153040195,,,,,roc_auc,0.7750556777444885,0.972281277179718,0.12297698855400085,0.7750556777444885,,,,,roc_auc,0.771215675499701,0.970239520072937,0.12744328379631042,0.771215675499701,,,,
questions,GCN,2,384,1e-05,0,3450,roc_auc,0.8757834138625751,0.9728127717971802,0.098561130464077,0.8757834138625751,,,,,roc_auc,0.7746527429010155,0.972281277179718,0.12008103728294373,0.7746527429010155,,,,,roc_auc,0.7775782770618944,0.9705665707588196,0.12355106323957443,0.7775782770618944,,,,
questions,GCN,2,512,3e-05,0,1250,roc_auc,0.8878991104260834,0.9733442664146423,0.09465743601322174,0.8878991104260834,,,,,roc_auc,0.7743026860398663,0.9719542264938354,0.12112296372652054,0.7743026860398663,,,,,roc_auc,0.7725980065064453,0.970239520072937,0.12520115077495575,0.7725980065064453,,,,
questions,GCN,2,512,6e-05,0,810,roc_auc,0.8932529195458035,0.9735077619552612,0.09256987273693085,0.8932529195458035,,,,,roc_auc,0.7739336947046973,0.9718724489212036,0.12183236330747604,0.7739336947046973,,,,,roc_auc,0.7702154653909292,0.9699125289916992,0.1262655407190323,0.7702154653909292,,,,
questions,GCN,2,512,0.0001,0,570,roc_auc,0.8861502981602387,0.9732216000556946,0.09439688175916672,0.8861502981602387,,,,,roc_auc,0.7727925462826662,0.9720360040664673,0.12088152021169662,0.7727925462826662,,,,,roc_auc,0.7694299818290545,0.9700760245323181,0.12538644671440125,0.7694299818290545,,,,
questions,GCN,2,512,1e-05,0,2890,roc_auc,0.8892360978819944,0.9734259843826294,0.09454468637704849,0.8892360978819944,,,,,roc_auc,0.7746476629201808,0.9720360040664673,0.12138005346059799,0.7746476629201808,,,,,roc_auc,0.772814118385903,0.9703212976455688,0.1257537454366684,0.772814118385903,,,,
questions,GCN,3,256,3e-05,0,1680,roc_auc,0.8639217163407974,0.9727718830108643,0.10060694813728333,0.8639217163407974,,,,,roc_auc,0.769918893487811,0.9726901054382324,0.11637375503778458,0.769918893487811,,,,,roc_auc,0.7828843316578505,0.9704848527908325,0.11895602941513062,0.7828843316578505,,,,
questions,GCN,3,256,6e-05,0,1020,roc_auc,0.8683456580595628,0.9729354381561279,0.09919589012861252,0.8683456580595628,,,,,roc_auc,0.7690647639829358,0.9728536605834961,0.11654772609472275,0.7690647639829358,,,,,roc_auc,0.7820983863184556,0.9706483483314514,0.11897244304418564,0.7820983863184556,,,,
questions,GCN,3,256,0.0001,0,720,roc_auc,0.8709181488088023,0.9729762673377991,0.09838202595710754,0.8709181488088023,,,,,roc_auc,0.7687814395972961,0.9728536605834961,0.11663974076509476,0.7687814395972961,,,,,roc_auc,0.780435987245705,0.9706483483314514,0.11938603222370148,0.780435987245705,,,,
questions,GCN,3,256,1e-05,0,4000,roc_auc,0.8696226382418648,0.972894549369812,0.09984179586172104,0.8696226382418648,,,,,roc_auc,0.7708265936996692,0.9731807112693787,0.11669854074716568,0.7708265936996692,,,,,roc_auc,0.7837630942788074,0.9708936214447021,0.11924523115158081,0.7837630942788074,,,,
questions,GCN,3,384,3e-05,0,1030,roc_auc,0.8790647351194084,0.9732624888420105,0.09818243235349655,0.8790647351194084,,,,,roc_auc,0.7765762083715775,0.9726083278656006,0.11827655136585236,0.7765762083715775,,,,,roc_auc,0.7828824845477698,0.9708118438720703,0.1213660016655922,0.7828824845477698,,,,
questions,GCN,3,384,6e-05,0,640,roc_auc,0.8804244670349654,0.9732216000556946,0.09686939418315887,0.8804244670349654,,,,,roc_auc,0.7762995803243106,0.9725266098976135,0.11803297698497772,0.7762995803243106,,,,,roc_auc,0.7813932520450972,0.9707301259040833,0.12126211822032928,0.7813932520450972,,,,
questions,GCN,3,384,0.0001,0,470,roc_auc,0.8806666031669064,0.9730989336967468,0.09646762907505035,0.8806666031669064,,,,,roc_auc,0.7756029302253087,0.9725266098976135,0.11815065145492554,0.7756029302253087,,,,,roc_auc,0.7789068109875343,0.971057116985321,0.12163268029689789,0.7789068109875343,,,,
questions,GCN,3,384,1e-05,0,2360,roc_auc,0.8752783598589151,0.9731398224830627,0.09907512366771698,0.8752783598589151,,,,,roc_auc,0.7772459576629779,0.9726901054382324,0.11782708019018173,0.7772459576629779,,,,,roc_auc,0.7838325917955988,0.9708118438720703,0.12100348621606827,0.7838325917955988,,,,
questions,GCN,3,512,3e-05,0,900,roc_auc,0.8700043295291203,0.9724448323249817,0.09883210062980652,0.8700043295291203,,,,,roc_auc,0.7743987438592845,0.9721994996070862,0.11703254282474518,0.7743987438592845,,,,,roc_auc,0.7777902329436701,0.9704030752182007,0.1206214651465416,0.7777902329436701,,,,
questions,GCN,3,512,6e-05,0,590,roc_auc,0.8737713950897367,0.9728536605834961,0.09770306944847107,0.8737713950897367,,,,,roc_auc,0.7729437911666059,0.972281277179718,0.11727212369441986,0.7729437911666059,,,,,roc_auc,0.7762635964618606,0.9704030752182007,0.12092198431491852,0.7762635964618606,,,,
questions,GCN,3,512,0.0001,0,440,roc_auc,0.8682937325736453,0.9726083278656006,0.09885203838348389,0.8682937325736453,,,,,roc_auc,0.772094395280236,0.9721177220344543,0.11691796034574509,0.772094395280236,,,,,roc_auc,0.7753335765361606,0.9704848527908325,0.12053489685058594,0.7753335765361606,,,,
questions,GCN,3,512,1e-05,0,2090,roc_auc,0.8724815706377107,0.9725674390792847,0.09846105426549911,0.8724815706377107,,,,,roc_auc,0.7749152855468773,0.9721177220344543,0.11723043769598007,0.7749152855468773,,,,,roc_auc,0.7798348683587735,0.9703212976455688,0.1207766905426979,0.7798348683587735,,,,
questions,GCN,4,256,3e-05,0,1700,roc_auc,0.9014015840303875,0.9744480848312378,0.08977114409208298,0.9014015840303875,,,,,roc_auc,0.7724487239434505,0.9726083278656006,0.11799556761980057,0.7724487239434505,,,,,roc_auc,0.7793383420801692,0.9707301259040833,0.12142620235681534,0.7793383420801692,,,,
questions,GCN,4,256,6e-05,0,1040,roc_auc,0.9058970784337494,0.9745707511901855,0.08850247412919998,0.9058970784337494,,,,,roc_auc,0.7721374596632204,0.9726901054382324,0.11849232763051987,0.7721374596632204,,,,,roc_auc,0.7773737096204419,0.9707301259040833,0.1221395954489708,0.7773737096204419,,,,
questions,GCN,4,256,0.0001,0,720,roc_auc,0.903171726443032,0.9745707511901855,0.08851505070924759,0.903171726443032,,,,,roc_auc,0.7707448521898759,0.9726083278656006,0.11824161559343338,0.7707448521898759,,,,,roc_auc,0.7776055219355866,0.9708936214447021,0.12147344648838043,0.7776055219355866,,,,
questions,GCN,4,256,1e-05,0,3900,roc_auc,0.8992373390136755,0.974366307258606,0.09143045544624329,0.8992373390136755,,,,,roc_auc,0.7727424391989794,0.973017156124115,0.11798719316720963,0.7727424391989794,,,,,roc_auc,0.7799787120563184,0.9706483483314514,0.12161985784769058,0.7799787120563184,,,,
questions,GCN,4,384,3e-05,0,1200,roc_auc,0.8741723672133419,0.9730580449104309,0.09813949465751648,0.8741723672133419,,,,,roc_auc,0.7781370324830137,0.9721177220344543,0.11662331968545914,0.7781370324830137,,,,,roc_auc,0.7815955105989485,0.9705665707588196,0.1201501190662384,0.7815955105989485,,,,
questions,GCN,4,384,6e-05,0,770,roc_auc,0.880352567988039,0.9732216000556946,0.09622566401958466,0.880352567988039,,,,,roc_auc,0.778713494853633,0.9720360040664673,0.11669555306434631,0.778713494853633,,,,,roc_auc,0.781762674061264,0.9708118438720703,0.12022621184587479,0.781762674061264,,,,
questions,GCN,4,384,0.0001,0,570,roc_auc,0.8817583372299096,0.9735077619552612,0.09595119953155518,0.8817583372299096,,,,,roc_auc,0.778156775135803,0.9721994996070862,0.11662174761295319,0.778156775135803,,,,,roc_auc,0.7804246736964598,0.971057116985321,0.12026230990886688,0.7804246736964598,,,,
questions,GCN,4,384,1e-05,0,2730,roc_auc,0.8719621714608986,0.9729762673377991,0.09945640712976456,0.8719621714608986,,,,,roc_auc,0.7770082376507398,0.9721177220344543,0.11706099659204483,0.7770082376507398,,,,,roc_auc,0.7817856474928944,0.9708118438720703,0.12058460712432861,0.7817856474928944,,,,
questions,GCN,4,512,3e-05,0,960,roc_auc,0.8643200041563479,0.9724857211112976,0.10022935271263123,0.8643200041563479,,,,,roc_auc,0.7760424640216129,0.9719542264938354,0.11618354916572571,0.7760424640216129,,,,,roc_auc,0.7814996917635053,0.9707301259040833,0.12007425725460052,0.7814996917635053,,,,
questions,GCN,4,512,6e-05,0,610,roc_auc,0.8643784527994735,0.9725674390792847,0.10028376430273056,0.8643784527994735,,,,,roc_auc,0.7746320766153473,0.9719542264938354,0.1162230372428894,0.7746320766153473,,,,,roc_auc,0.7796505036838302,0.9704848527908325,0.1200515553355217,0.7796505036838302,,,,
questions,GCN,4,512,0.0001,0,440,roc_auc,0.8566728145980176,0.9725674390792847,0.10121185332536697,0.8566728145980176,,,,,roc_auc,0.7714322659600875,0.9717906713485718,0.1156933605670929,0.7714322659600875,,,,,roc_auc,0.7770894855567536,0.9705665707588196,0.1194806769490242,0.7770894855567536,,,,
questions,GCN,4,512,1e-05,0,2290,roc_auc,0.8746427272569837,0.9730580449104309,0.09828688204288483,0.8746427272569837,,,,,roc_auc,0.7767777912474239,0.9720360040664673,0.11707598716020584,0.7767777912474239,,,,,roc_auc,0.783272571107966,0.9705665707588196,0.1209036186337471,0.783272571107966,,,,
questions,GCN,5,256,3e-05,0,1400,roc_auc,0.8555537179109733,0.9726901054382324,0.10121726989746094,0.8555537179109733,,,,,roc_auc,0.7683821992853392,0.9727718830108643,0.11599350720643997,0.7683821992853392,,,,,roc_auc,0.7828768277731473,0.9707301259040833,0.11771034449338913,0.7828768277731473,,,,
questions,GCN,5,256,6e-05,0,840,roc_auc,0.8550568900126422,0.9726492166519165,0.10130642354488373,0.8550568900126422,,,,,roc_auc,0.7689931824348119,0.9728536605834961,0.11604505032300949,0.7689931824348119,,,,,roc_auc,0.7822037870374432,0.9707301259040833,0.1180911436676979,0.7822037870374432,,,,
questions,GCN,5,256,0.0001,0,600,roc_auc,0.8569680884840298,0.9727718830108643,0.10115805268287659,0.8569680884840298,,,,,roc_auc,0.7690491776781023,0.9727718830108643,0.11602509021759033,0.7690491776781023,,,,,roc_auc,0.7820621367831193,0.9704848527908325,0.11823400110006332,0.7820621367831193,,,,
questions,GCN,5,256,1e-05,0,3110,roc_auc,0.8495814788516933,0.9726492166519165,0.10286271572113037,0.8495814788516933,,,,,roc_auc,0.7693087185171075,0.9725266098976135,0.11594533920288086,0.7693087185171075,,,,,roc_auc,0.7824525696764556,0.9707301259040833,0.11788033694028854,0.7824525696764556,,,,
questions,GCN,5,384,3e-05,0,1030,roc_auc,0.8694607138527614,0.9728127717971802,0.09938441216945648,0.8694607138527614,,,,,roc_auc,0.7763991017670252,0.9718724489212036,0.1166641041636467,0.7763991017670252,,,,,roc_auc,0.782537767628934,0.9707301259040833,0.1196761354804039,0.782537767628934,,,,
questions,GCN,5,384,6e-05,0,640,roc_auc,0.8684942186354478,0.972894549369812,0.09917718172073364,0.8684942186354478,,,,,roc_auc,0.7756204792500101,0.9721177220344543,0.1163722425699234,0.7756204792500101,,,,,roc_auc,0.7814071053707035,0.9708118438720703,0.11947089433670044,0.7814071053707035,,,,
questions,GCN,5,384,0.0001,0,470,roc_auc,0.8661871568848172,0.9728127717971802,0.09872748702764511,0.8661871568848172,,,,,roc_auc,0.775710302547495,0.9721177220344543,0.11564435809850693,0.775710302547495,,,,,roc_auc,0.7814067590375633,0.9708118438720703,0.11897644400596619,0.7814067590375633,,,,
questions,GCN,5,384,1e-05,0,2540,roc_auc,0.8806070865732643,0.9734259843826294,0.09702236205339432,0.8806070865732643,,,,,roc_auc,0.7769191070779142,0.9721177220344543,0.11701903492212296,0.7769191070779142,,,,,roc_auc,0.7827623069481355,0.9705665707588196,0.12029583752155304,0.7827623069481355,,,,
questions,GCN,5,512,3e-05,0,730,roc_auc,0.8632930109854586,0.9727718830108643,0.10030108690261841,0.8632930109854586,,,,,roc_auc,0.7729470238816826,0.9717906713485718,0.11643972992897034,0.7729470238816826,,,,,roc_auc,0.7823034155374282,0.970239520072937,0.11966479569673538,0.7823034155374282,,,,
questions,GCN,5,512,6e-05,0,490,roc_auc,0.8642486246529161,0.9729762673377991,0.0991271436214447,0.8642486246529161,,,,,roc_auc,0.7720545636123282,0.9720360040664673,0.11596346646547318,0.7720545636123282,,,,,roc_auc,0.7809389784095921,0.97015780210495,0.11920759081840515,0.7809389784095921,,,,
questions,GCN,5,512,0.0001,0,390,roc_auc,0.8637960734057231,0.973017156124115,0.09878001362085342,0.8637960734057231,,,,,roc_auc,0.7685873612385917,0.9720360040664673,0.11577106267213821,0.7685873612385917,,,,,roc_auc,0.7774450542473141,0.9703212976455688,0.11920984089374542,0.7774450542473141,,,,
questions,GCN,5,512,1e-05,0,1680,roc_auc,0.8673037135814443,0.9729354381561279,0.09939403086900711,0.8673037135814443,,,,,roc_auc,0.7747984459876811,0.9719542264938354,0.1168195828795433,0.7747984459876811,,,,,roc_auc,0.7832251234677645,0.9699942469596863,0.12024328112602234,0.7832251234677645,,,,
questions,GCN,1,256,3e-05,1,3840,roc_auc,0.8826140542287955,0.9722403883934021,0.09791135042905807,0.8826140542287955,,,,,roc_auc,0.7594317348711821,0.9726901054382324,0.11703932285308838,0.7594317348711821,,,,,roc_auc,0.763870757707644,0.971057116985321,0.11855629086494446,0.763870757707644,,,,
questions,GCN,1,256,6e-05,1,2260,roc_auc,0.8813397583545481,0.9721586108207703,0.09813829511404037,0.8813397583545481,,,,,roc_auc,0.7594649856548268,0.9725266098976135,0.11691842973232269,0.7594649856548268,,,,,roc_auc,0.7629222666811357,0.970975399017334,0.11850609630346298,0.7629222666811357,,,,
questions,GCN,1,256,0.0001,1,1450,roc_auc,0.8749080985285373,0.9719542264938354,0.09976815432310104,0.8749080985285373,,,,,roc_auc,0.7594158022040189,0.9726083278656006,0.11668035387992859,0.7594158022040189,,,,,roc_auc,0.7611536587787371,0.970975399017334,0.1184799000620842,0.7611536587787371,,,,
questions,GCN,1,256,1e-05,1,5000,roc_auc,0.7984697135006262,0.9711774587631226,0.11537101864814758,0.7984697135006262,,,,,roc_auc,0.7519006632838612,0.9720360040664673,0.1167142391204834,0.7519006632838612,,,,,roc_auc,0.7438367708821567,0.970975399017334,0.11960333585739136,0.7438367708821567,,,,
questions,GCN,1,384,3e-05,1,2780,roc_auc,0.8732041113208528,0.9719133377075195,0.10094695538282394,0.8732041113208528,,,,,roc_auc,0.758586148970438,0.9726083278656006,0.11697843670845032,0.758586148970438,,,,,roc_auc,0.7585106751418234,0.9713023900985718,0.11981352418661118,0.7585106751418234,,,,
questions,GCN,1,384,6e-05,1,1640,roc_auc,0.8769475376524716,0.9719542264938354,0.09998439997434616,0.8769475376524716,,,,,roc_auc,0.7580823072349319,0.9726901054382324,0.1172173023223877,0.7580823072349319,,,,,roc_auc,0.7584691151650046,0.9711388945579529,0.12007087469100952,0.7584691151650046,,,,
questions,GCN,1,384,0.0001,1,1190,roc_auc,0.891347320598745,0.9721994996070862,0.09576672315597534,0.891347320598745,,,,,roc_auc,0.7584770448366036,0.9726083278656006,0.11779653280973434,0.7584770448366036,,,,,roc_auc,0.7618998912513939,0.9711388945579529,0.12033985555171967,0.7618998912513939,,,,
questions,GCN,1,384,1e-05,1,5000,roc_auc,0.8373971159563353,0.9715045094490051,0.10886823385953903,0.8373971159563353,,,,,roc_auc,0.7574316078716613,0.972281277179718,0.11608192324638367,0.7574316078716613,,,,,roc_auc,0.7525371211404057,0.9713023900985718,0.11931043863296509,0.7525371211404057,,,,
questions,GCN,1,512,3e-05,1,1630,roc_auc,0.8672043075928395,0.9716271758079529,0.10183590650558472,0.8672043075928395,,,,,roc_auc,0.7544048629271081,0.9728536605834961,0.11669113487005234,0.7544048629271081,,,,,roc_auc,0.7618520972780525,0.9714659452438354,0.11818896979093552,0.7618520972780525,,,,
questions,GCN,1,512,6e-05,1,1060,roc_auc,0.8854664923309608,0.9720360040664673,0.0967797189950943,0.8854664923309608,,,,,roc_auc,0.7546668283024205,0.9727718830108643,0.11770129203796387,0.7546668283024205,,,,,roc_auc,0.765701705575271,0.9713023900985718,0.11844692379236221,0.765701705575271,,,,
questions,GCN,1,512,0.0001,1,660,roc_auc,0.866451604523492,0.9716271758079529,0.1018175482749939,0.866451604523492,,,,,roc_auc,0.7548285795103591,0.9726901054382324,0.11654490232467651,0.7548285795103591,,,,,roc_auc,0.7618798039292649,0.9715477228164673,0.11785657703876495,0.7618798039292649,,,,
questions,GCN,1,512,1e-05,1,4030,roc_auc,0.8781455472236173,0.9717088937759399,0.09897784143686295,0.8781455472236173,,,,,roc_auc,0.7556039693122976,0.9728536605834961,0.11699949204921722,0.7556039693122976,,,,,roc_auc,0.7639940523055397,0.9715477228164673,0.11827214807271957,0.7639940523055397,,,,
questions,GCN,2,256,3e-05,1,2470,roc_auc,0.9011751785209174,0.9733850955963135,0.09043073654174805,0.9011751785209174,,,,,roc_auc,0.7915787772255222,0.971545398235321,0.11584640294313431,0.7915787772255222,,,,,roc_auc,0.7861346681782184,0.9715477228164673,0.1171460971236229,0.7861346681782184,,,,
questions,GCN,2,256,6e-05,1,1390,roc_auc,0.8962607011528093,0.9733442664146423,0.09188760817050934,0.8962607011528093,,,,,roc_auc,0.7913199291111765,0.9714636206626892,0.11547897756099701,0.7913199291111765,,,,,roc_auc,0.7852882299836762,0.9714659452438354,0.11685027927160263,0.7852882299836762,,,,
questions,GCN,2,256,0.0001,1,950,roc_auc,0.8967661015187987,0.9734259843826294,0.09164030104875565,0.8967661015187987,,,,,roc_auc,0.7907177204740545,0.971545398235321,0.11541042476892471,0.7907177204740545,,,,,roc_auc,0.7851622801650393,0.9713023900985718,0.11685119569301605,0.7851622801650393,,,,
questions,GCN,2,256,1e-05,1,4980,roc_auc,0.8808733814776972,0.9726901054382324,0.09657959640026093,0.8808733814776972,,,,,roc_auc,0.7924817438188756,0.9716271758079529,0.11437132209539413,0.7924817438188756,,,,,roc_auc,0.7841866597092186,0.9717112183570862,0.11571704596281052,0.7841866597092186,,,,
questions,GCN,2,384,3e-05,1,1420,roc_auc,0.8872100802983335,0.9725266098976135,0.09597735106945038,0.8872100802983335,,,,,roc_auc,0.7899485651940495,0.971545398235321,0.11584464460611343,0.7899485651940495,,,,,roc_auc,0.7880893724212611,0.9714659452438354,0.11620792001485825,0.7880893724212611,,,,
questions,GCN,2,384,6e-05,1,910,roc_auc,0.9005420281823483,0.9730989336967468,0.0915633961558342,0.9005420281823483,,,,,roc_auc,0.7891426955071033,0.9710547924041748,0.11671940237283707,0.7891426955071033,,,,,roc_auc,0.7899981298010432,0.9712206721305847,0.11680103838443756,0.7899981298010432,,,,
questions,GCN,2,384,0.0001,1,560,roc_auc,0.8796933827476923,0.9724039435386658,0.09779926389455795,0.8796933827476923,,,,,roc_auc,0.7884103700881492,0.9716271758079529,0.11480416357517242,0.7884103700881492,,,,,roc_auc,0.7860446215617778,0.9713841676712036,0.11553753912448883,0.7860446215617778,,,,
questions,GCN,2,384,1e-05,1,3360,roc_auc,0.8875010246552253,0.9724857211112976,0.09589865803718567,0.8875010246552253,,,,,roc_auc,0.7921846803941603,0.9713000655174255,0.11580968648195267,0.7921846803941603,,,,,roc_auc,0.7889778323701424,0.9715477228164673,0.116215780377388,0.7889778323701424,,,,
questions,GCN,2,512,3e-05,1,1580,roc_auc,0.9060392890335913,0.973630428314209,0.0890558511018753,0.9060392890335913,,,,,roc_auc,0.7880005079980834,0.9717088937759399,0.11829226464033127,0.7880005079980834,,,,,roc_auc,0.792752632709087,0.9713841676712036,0.11806894838809967,0.792752632709087,,,,
questions,GCN,2,512,6e-05,1,890,roc_auc,0.8926272737243763,0.9728536605834961,0.09336567670106888,0.8926272737243763,,,,,roc_auc,0.7871982173885435,0.9716271758079529,0.1165902242064476,0.7871982173885435,,,,,roc_auc,0.7914993685192412,0.9711388945579529,0.1164732277393341,0.7914993685192412,,,,
questions,GCN,2,512,0.0001,1,630,roc_auc,0.8891306016890936,0.9726901054382324,0.0945674255490303,0.8891306016890936,,,,,roc_auc,0.7866719775557209,0.9716271758079529,0.11629430949687958,0.7866719775557209,,,,,roc_auc,0.7908401811091434,0.971057116985321,0.11631017178297043,0.7908401811091434,,,,
questions,GCN,2,512,1e-05,1,3640,roc_auc,0.909073076678847,0.9740392565727234,0.08791247755289078,0.909073076678847,,,,,roc_auc,0.7898462728526978,0.9717088937759399,0.11822666227817535,0.7898462728526978,,,,,roc_auc,0.79382176311275,0.9713023900985718,0.11813493072986603,0.79382176311275,,,,
questions,GCN,3,256,3e-05,1,2090,roc_auc,0.8923644424432398,0.9725674390792847,0.09375102072954178,0.8923644424432398,,,,,roc_auc,0.7896640862673109,0.9724448323249817,0.11258652061223984,0.7896640862673109,,,,,roc_auc,0.7875662939352449,0.9721199870109558,0.11395304650068283,0.7875662939352449,,,,
questions,GCN,3,256,6e-05,1,1050,roc_auc,0.8678242095723001,0.9719133377075195,0.10012075304985046,0.8678242095723001,,,,,roc_auc,0.7888639892858585,0.9725266098976135,0.11208410561084747,0.7888639892858585,,,,,roc_auc,0.7849654474970504,0.9720382690429688,0.11301983892917633,0.7849654474970504,,,,
questions,GCN,3,256,0.0001,1,830,roc_auc,0.8882217469361366,0.9725266098976135,0.09464342147111893,0.8882217469361366,,,,,roc_auc,0.7893168003047988,0.9721994996070862,0.1126229465007782,0.7893168003047988,,,,,roc_auc,0.7869053748594464,0.9720382690429688,0.11389248818159103,0.7869053748594464,,,,
questions,GCN,3,256,1e-05,1,4470,roc_auc,0.8800868792176829,0.9724039435386658,0.09719053655862808,0.8800868792176829,,,,,roc_auc,0.7913330908797025,0.9726901054382324,0.1118239313364029,0.7913330908797025,,,,,roc_auc,0.7876643062139093,0.9721199870109558,0.11324380338191986,0.7876643062139093,,,,
questions,GCN,3,384,3e-05,1,1750,roc_auc,0.9152599449283895,0.9739165902137756,0.0868559405207634,0.9152599449283895,,,,,roc_auc,0.7947149726662395,0.9725266098976135,0.11368347704410553,0.7947149726662395,,,,,roc_auc,0.7973579399181268,0.9713023900985718,0.11490613967180252,0.7973579399181268,,,,
questions,GCN,3,384,6e-05,1,1050,roc_auc,0.9126382995918697,0.9735486507415771,0.08797170221805573,0.9126382995918697,,,,,roc_auc,0.7935003954303264,0.9724448323249817,0.11390797048807144,0.7935003954303264,,,,,roc_auc,0.7954579563112287,0.9714659452438354,0.11500540375709534,0.7954579563112287,,,,
questions,GCN,3,384,0.0001,1,730,roc_auc,0.9046943929711538,0.9733033776283264,0.09012767672538757,0.9046943929711538,,,,,roc_auc,0.7919110541537503,0.9724448323249817,0.11393004655838013,0.7919110541537503,,,,,roc_auc,0.7937777788039501,0.9713023900985718,0.11466555297374725,0.7937777788039501,,,,
questions,GCN,3,384,1e-05,1,3790,roc_auc,0.9079857010084917,0.9737939834594727,0.08917912095785141,0.9079857010084917,,,,,roc_auc,0.7961763907890711,0.9726083278656006,0.11283481121063232,0.7961763907890711,,,,,roc_auc,0.797083874959883,0.971792995929718,0.1144220381975174,0.797083874959883,,,,
questions,GCN,3,512,3e-05,1,1150,roc_auc,0.8908319334522511,0.9727718830108643,0.09352680295705795,0.8908319334522511,,,,,roc_auc,0.7906968232801668,0.9721177220344543,0.112840935587883,0.7906968232801668,,,,,roc_auc,0.7948421759880306,0.9721199870109558,0.11316806823015213,0.7948421759880306,,,,
questions,GCN,3,512,6e-05,1,770,roc_auc,0.8992219547535343,0.9730989336967468,0.09073721617460251,0.8992219547535343,,,,,roc_auc,0.790170929809674,0.9723630547523499,0.11374299228191376,0.790170929809674,,,,,roc_auc,0.7962757642995181,0.9715477228164673,0.1138702929019928,0.7962757642995181,,,,
questions,GCN,3,512,0.0001,1,540,roc_auc,0.8871625132050638,0.9725266098976135,0.09450140595436096,0.8871625132050638,,,,,roc_auc,0.7896520790398835,0.9721177220344543,0.11334776878356934,0.7896520790398835,,,,,roc_auc,0.7945658021421859,0.9715477228164673,0.11371078342199326,0.7945658021421859,,,,
questions,GCN,3,512,1e-05,1,2540,roc_auc,0.8864170837446387,0.9724039435386658,0.09499068558216095,0.8864170837446387,,,,,roc_auc,0.7905708628462902,0.9720360040664673,0.11293377727270126,0.7905708628462902,,,,,roc_auc,0.7943963297922694,0.9719564914703369,0.11317485570907593,0.7943963297922694,,,,
questions,GCN,4,256,3e-05,1,2130,roc_auc,0.8872206443493873,0.972894549369812,0.09462960809469223,0.8872206443493873,,,,,roc_auc,0.7939767590876816,0.9724448323249817,0.11178956925868988,0.7939767590876816,,,,,roc_auc,0.7884350128951373,0.971792995929718,0.11341772973537445,0.7884350128951373,,,,
questions,GCN,4,256,6e-05,1,1260,roc_auc,0.8837933890976685,0.9727718830108643,0.09552183002233505,0.8837933890976685,,,,,roc_auc,0.7928790214109647,0.9726901054382324,0.11193892359733582,0.7928790214109647,,,,,roc_auc,0.7876867024236394,0.971792995929718,0.11366721242666245,0.7876867024236394,,,,
questions,GCN,4,256,0.0001,1,960,roc_auc,0.8960606480439188,0.9730989336967468,0.0917958989739418,0.8960606480439188,,,,,roc_auc,0.7920937025555768,0.9724448323249817,0.11230859905481339,0.7920937025555768,,,,,roc_auc,0.7890461754431333,0.9717112183570862,0.11392764002084732,0.7890461754431333,,,,
questions,GCN,4,256,1e-05,1,4570,roc_auc,0.8822347008872649,0.9726492166519165,0.09627003222703934,0.8822347008872649,,,,,roc_auc,0.796060474862754,0.9726083278656006,0.11119180917739868,0.796060474862754,,,,,roc_auc,0.7889422755010862,0.9721199870109558,0.11302167177200317,0.7889422755010862,,,,
questions,GCN,4,384,3e-05,1,1660,roc_auc,0.8925943981665887,0.9732216000556946,0.09356126934289932,0.8925943981665887,,,,,roc_auc,0.7936922801609431,0.9721177220344543,0.11278694868087769,0.7936922801609431,,,,,roc_auc,0.7942143894493072,0.9715477228164673,0.11407914012670517,0.7942143894493072,,,,
questions,GCN,4,384,6e-05,1,980,roc_auc,0.8837196716485115,0.9726492166519165,0.09586663544178009,0.8837196716485115,,,,,roc_auc,0.7937456199597064,0.9720360040664673,0.11253678798675537,0.7937456199597064,,,,,roc_auc,0.7928449882131289,0.9713023900985718,0.113778255879879,0.7928449882131289,,,,
questions,GCN,4,384,0.0001,1,740,roc_auc,0.890411103221747,0.973017156124115,0.0939016118645668,0.890411103221747,,,,,roc_auc,0.7932773380900426,0.9721177220344543,0.1124572604894638,0.7932773380900426,,,,,roc_auc,0.7945887755738162,0.9713841676712036,0.11364313960075378,0.7945887755738162,,,,
questions,GCN,4,384,1e-05,1,3660,roc_auc,0.890662533409533,0.9731398224830627,0.09415655583143234,0.890662533409533,,,,,roc_auc,0.794973128055926,0.9724448323249817,0.11250213533639908,0.794973128055926,,,,,roc_auc,0.7939899655744859,0.971792995929718,0.11395598202943802,0.7939899655744859,,,,
questions,GCN,4,512,3e-05,1,1140,roc_auc,0.8838710319865611,0.9722403883934021,0.09574788063764572,0.8838710319865611,,,,,roc_auc,0.7885843594317348,0.9721177220344543,0.11417865008115768,0.7885843594317348,,,,,roc_auc,0.7909149890674172,0.9711388945579529,0.11470381915569305,0.7909149890674172,,,,
questions,GCN,4,512,6e-05,1,700,roc_auc,0.8762284894561534,0.9720768928527832,0.09761428833007812,0.8762284894561534,,,,,roc_auc,0.7887823632301751,0.9723630547523499,0.11346912384033203,0.7887823632301751,,,,,roc_auc,0.7901592901555959,0.9713841676712036,0.11407851427793503,0.7901592901555959,,,,
questions,GCN,4,512,0.0001,1,550,roc_auc,0.8811564460915897,0.9726492166519165,0.09598547220230103,0.8811564460915897,,,,,roc_auc,0.7889665125354299,0.9721994996070862,0.1132594496011734,0.7889665125354299,,,,,roc_auc,0.7911278685042333,0.9712206721305847,0.11401087790727615,0.7911278685042333,,,,
questions,GCN,4,512,1e-05,1,2650,roc_auc,0.8950800674252002,0.9726492166519165,0.09236438572406769,0.8950800674252002,,,,,roc_auc,0.7893696782871229,0.9720360040664673,0.11417332291603088,0.7893696782871229,,,,,roc_auc,0.7930061485676817,0.9714659452438354,0.11450360715389252,0.7930061485676817,,,,
questions,GCN,5,256,3e-05,1,2330,roc_auc,0.9089267674581045,0.9739574790000916,0.08788509666919708,0.9089267674581045,,,,,roc_auc,0.7964564824596344,0.972281277179718,0.11234662681818008,0.7964564824596344,,,,,roc_auc,0.7898060303526364,0.9713841676712036,0.11503918468952179,0.7898060303526364,,,,
questions,GCN,5,256,6e-05,1,1420,roc_auc,0.9079999018640066,0.9741619229316711,0.08780699223279953,0.9079999018640066,,,,,roc_auc,0.7960958038203765,0.9727718830108643,0.11209315806627274,0.7960958038203765,,,,,roc_auc,0.7904356640014407,0.9713023900985718,0.1146463081240654,0.7904356640014407,,,,
questions,GCN,5,256,0.0001,1,950,roc_auc,0.8983576941505176,0.9739165902137756,0.09070593118667603,0.8983576941505176,,,,,roc_auc,0.7949742825970247,0.9728536605834961,0.11174478381872177,0.7949742825970247,,,,,roc_auc,0.7912767917545006,0.9713841676712036,0.11380613595247269,0.7912767917545006,,,,
questions,GCN,5,256,1e-05,1,4820,roc_auc,0.8978577778547474,0.9737530946731567,0.09164144098758698,0.8978577778547474,,,,,roc_auc,0.7981393415652114,0.9728536605834961,0.1111970916390419,0.7981393415652114,,,,,roc_auc,0.7898589038787003,0.9718747138977051,0.11360636353492737,0.7898589038787003,,,,
questions,GCN,5,384,3e-05,1,1290,roc_auc,0.8928582108076593,0.9732216000556946,0.09364919364452362,0.8928582108076593,,,,,roc_auc,0.7957014125810343,0.9726083278656006,0.1120634451508522,0.7957014125810343,,,,,roc_auc,0.7954087770053266,0.971792995929718,0.11289606243371964,0.7954087770053266,,,,
questions,GCN,5,384,6e-05,1,920,roc_auc,0.9140809275583188,0.9739983677864075,0.08726943284273148,0.9140809275583188,,,,,roc_auc,0.7948147250171738,0.9721177220344543,0.1137603297829628,0.7948147250171738,,,,,roc_auc,0.796961734805788,0.971792995929718,0.1145302951335907,0.796961734805788,,,,
questions,GCN,5,384,0.0001,1,670,roc_auc,0.9044232201305786,0.9740801453590393,0.08955082297325134,0.9044232201305786,,,,,roc_auc,0.7928085944039394,0.9720360040664673,0.11317460983991623,0.7928085944039394,,,,,roc_auc,0.7971152758312573,0.9713023900985718,0.11340179294347763,0.7971152758312573,,,,
questions,GCN,5,384,1e-05,1,2860,roc_auc,0.893108197819072,0.9730989336967468,0.094172902405262,0.893108197819072,,,,,roc_auc,0.7949716271524976,0.9723630547523499,0.1122576966881752,0.7949716271524976,,,,,roc_auc,0.7953750672463513,0.9721199870109558,0.11308890581130981,0.7953750672463513,,,,
questions,GCN,5,512,3e-05,1,980,roc_auc,0.9057835581802124,0.9737122058868408,0.08872245997190475,0.9057835581802124,,,,,roc_auc,0.7872982006476976,0.9714636206626892,0.11506333947181702,0.7872982006476976,,,,,roc_auc,0.7943279867192785,0.9715477228164673,0.11465617269277573,0.7943279867192785,,,,
questions,GCN,5,512,6e-05,1,610,roc_auc,0.8926174023979819,0.9728536605834961,0.09270431846380234,0.8926174023979819,,,,,roc_auc,0.7868303805944732,0.9720360040664673,0.11466620117425919,0.7868303805944732,,,,,roc_auc,0.7943053596207883,0.9713023900985718,0.11412908136844635,0.7943053596207883,,,,
questions,GCN,5,512,0.0001,1,530,roc_auc,0.9087885688885812,0.9744889736175537,0.08842180669307709,0.9087885688885812,,,,,roc_auc,0.7877383117145512,0.9721177220344543,0.11527809500694275,0.7877383117145512,,,,,roc_auc,0.7963939793446915,0.9717112183570862,0.11498242616653442,0.7963939793446915,,,,
questions,GCN,5,512,1e-05,1,2090,roc_auc,0.903264811319121,0.9733033776283264,0.0897456482052803,0.903264811319121,,,,,roc_auc,0.7888104185788753,0.9717088937759399,0.11454573273658752,0.7888104185788753,,,,,roc_auc,0.7946036678988431,0.9715477228164673,0.11430834233760834,0.7946036678988431,,,,
questions,GCN,1,256,3e-05,2,2850,roc_auc,0.8534943918166127,0.9725266098976135,0.10310839861631393,0.8534943918166127,,,,,roc_auc,0.7533150915839726,0.971545398235321,0.12003974616527557,0.7533150915839726,,,,,roc_auc,0.7281780106162652,0.9716294407844543,0.12295649200677872,0.7281780106162652,,,,
questions,GCN,1,256,6e-05,2,1610,roc_auc,0.8515680399933037,0.9724857211112976,0.10349410772323608,0.8515680399933037,,,,,roc_auc,0.7535640106448689,0.9716271758079529,0.11985743790864944,0.7535640106448689,,,,,roc_auc,0.7275377560844961,0.9717112183570862,0.12297433614730835,0.7275377560844961,,,,
questions,GCN,1,256,0.0001,2,990,roc_auc,0.8435501272881563,0.9722403883934021,0.10521955788135529,0.8435501272881563,,,,,roc_auc,0.754043376109081,0.9714636206626892,0.11953142285346985,0.754043376109081,,,,,roc_auc,0.7272613822386512,0.9716294407844543,0.12274229526519775,0.7272613822386512,,,,
questions,GCN,1,256,1e-05,2,5000,roc_auc,0.8220900657511157,0.9721586108207703,0.10967352241277695,0.8220900657511157,,,,,roc_auc,0.7511976632088161,0.9712183475494385,0.11980125308036804,0.7511976632088161,,,,,roc_auc,0.7281523819638936,0.9714659452438354,0.12224279344081879,0.7281523819638936,,,,
questions,GCN,1,384,3e-05,2,1970,roc_auc,0.8598759445589363,0.9725674390792847,0.10168199241161346,0.8598759445589363,,,,,roc_auc,0.7492975194684492,0.9713818430900574,0.12091157585382462,0.7492975194684492,,,,,roc_auc,0.7288570544597319,0.9713841676712036,0.12301939725875854,0.7288570544597319,,,,
questions,GCN,1,384,6e-05,2,1140,roc_auc,0.8614770044276651,0.9725674390792847,0.10135185718536377,0.8614770044276651,,,,,roc_auc,0.7489777115840881,0.9713818430900574,0.12103340774774551,0.7489777115840881,,,,,roc_auc,0.7290126734840422,0.9711388945579529,0.12318284809589386,0.7290126734840422,,,,
questions,GCN,1,384,0.0001,2,810,roc_auc,0.8688662117774737,0.9726492166519165,0.09958430379629135,0.8688662117774737,,,,,roc_auc,0.7498346119876003,0.9713818430900574,0.12116166949272156,0.7498346119876003,,,,,roc_auc,0.7292121613727722,0.9711388945579529,0.12339954078197479,0.7292121613727722,,,,
questions,GCN,1,384,1e-05,2,4680,roc_auc,0.8657378960797556,0.9727309942245483,0.10030286759138107,0.8657378960797556,,,,,roc_auc,0.7502241541543275,0.9713818430900574,0.12112301588058472,0.7502241541543275,,,,,roc_auc,0.7296097518176717,0.9713023900985718,0.12319499999284744,0.7296097518176717,,,,
questions,GCN,1,512,3e-05,2,1350,roc_auc,0.8550671077013665,0.9723630547523499,0.10248986631631851,0.8550671077013665,,,,,roc_auc,0.7510145529905501,0.9713818430900574,0.12044577300548553,0.7510145529905501,,,,,roc_auc,0.730418324255557,0.9716294407844543,0.12245748937129974,0.730418324255557,,,,
questions,GCN,1,512,6e-05,2,890,roc_auc,0.8719003169215316,0.9727309942245483,0.09851685166358948,0.8719003169215316,,,,,roc_auc,0.7503502300423139,0.9708912372589111,0.1212773248553276,0.7503502300423139,,,,,roc_auc,0.7302377692451554,0.9716294407844543,0.12328596413135529,0.7302377692451554,,,,
questions,GCN,1,512,0.0001,2,620,roc_auc,0.8727406785238038,0.9727718830108643,0.0982547476887703,0.8727406785238038,,,,,roc_auc,0.7499124280576577,0.9707277417182922,0.12124791741371155,0.7499124280576577,,,,,roc_auc,0.7300948491026509,0.9713841676712036,0.12326758354902267,0.7300948491026509,,,,
questions,GCN,1,512,1e-05,2,3160,roc_auc,0.8524311749187492,0.972281277179718,0.10321355611085892,0.8524311749187492,,,,,roc_auc,0.7516255361400227,0.9713818430900574,0.12038422375917435,0.7516255361400227,,,,,roc_auc,0.7305568575116195,0.9716294407844543,0.12238391488790512,0.7305568575116195,,,,
questions,GCN,2,256,3e-05,2,3020,roc_auc,0.9126239544187174,0.9760833978652954,0.08591599762439728,0.9126239544187174,,,,,roc_auc,0.792821178901916,0.9692559242248535,0.12341055274009705,0.792821178901916,,,,,roc_auc,0.7649562812132742,0.9708936214447021,0.12511274218559265,0.7649562812132742,,,,
questions,GCN,2,256,6e-05,2,1770,roc_auc,0.9109007729652656,0.9755927920341492,0.08647620677947998,0.9109007729652656,,,,,roc_auc,0.7909582113849297,0.9691741466522217,0.12364806234836578,0.7909582113849297,,,,,roc_auc,0.7664381252756234,0.9708936214447021,0.124872587621212,0.7664381252756234,,,,
questions,GCN,2,256,0.0001,2,1130,roc_auc,0.9003175276656912,0.9747751355171204,0.08952981233596802,0.9003175276656912,,,,,roc_auc,0.7893404683973237,0.9695829749107361,0.12172933667898178,0.7893404683973237,,,,,roc_auc,0.7679991641826884,0.9713023900985718,0.12282329052686691,0.7679991641826884,,,,
questions,GCN,2,256,1e-05,2,5000,roc_auc,0.8653103117838237,0.9732624888420105,0.0999159961938858,0.8653103117838237,,,,,roc_auc,0.7896935270653298,0.9703189134597778,0.11887146532535553,0.7896935270653298,,,,,roc_auc,0.770276881801117,0.9714659452438354,0.11983625590801239,0.770276881801117,,,,
questions,GCN,2,384,3e-05,2,1630,roc_auc,0.894498207574944,0.9746525287628174,0.09114959090948105,0.894498207574944,,,,,roc_auc,0.7891525091064429,0.9693377017974854,0.12265188246965408,0.7891525091064429,,,,,roc_auc,0.7614772493760231,0.9704848527908325,0.1237204521894455,0.7614772493760231,,,,
questions,GCN,2,384,6e-05,2,950,roc_auc,0.8917835350893903,0.9744889736175537,0.09198427945375443,0.8917835350893903,,,,,roc_auc,0.7874798099625351,0.969501256942749,0.12237007170915604,0.7874798099625351,,,,,roc_auc,0.7622805113724258,0.9704030752182007,0.12323635816574097,0.7622805113724258,,,,
questions,GCN,2,384,0.0001,2,730,roc_auc,0.9051860542980679,0.9755110740661621,0.08778782188892365,0.9051860542980679,,,,,roc_auc,0.7866958765564657,0.9694194793701172,0.12373053282499313,0.7866958765564657,,,,,roc_auc,0.7609321210134169,0.9707301259040833,0.12486787885427475,0.7609321210134169,,,,
questions,GCN,2,384,1e-05,2,4020,roc_auc,0.9049830859729031,0.9751430749893188,0.08822480589151382,0.9049830859729031,,,,,roc_auc,0.7906425598485242,0.9693377017974854,0.12447783350944519,0.7906425598485242,,,,,roc_auc,0.7611842515394508,0.9708936214447021,0.12557615339756012,0.7611842515394508,,,,
questions,GCN,2,512,3e-05,2,1490,roc_auc,0.9012319242159224,0.9747342467308044,0.09007977694272995,0.9012319242159224,,,,,roc_auc,0.7869979045079056,0.9690924286842346,0.12464553117752075,0.7869979045079056,,,,,roc_auc,0.7618134234107349,0.970239520072937,0.12574997544288635,0.7618134234107349,,,,
questions,GCN,2,512,6e-05,2,890,roc_auc,0.9003512402657754,0.9747751355171204,0.090145543217659,0.9003512402657754,,,,,roc_auc,0.785373234273707,0.969501256942749,0.12377580255270004,0.785373234273707,,,,,roc_auc,0.7608252195174887,0.9704848527908325,0.12500804662704468,0.7608252195174887,,,,
questions,GCN,2,512,0.0001,2,630,roc_auc,0.8984045396556004,0.9747751355171204,0.09081336855888367,0.8984045396556004,,,,,roc_auc,0.7833608691385391,0.9695829749107361,0.12346736341714859,0.7833608691385391,,,,,roc_auc,0.7601470992290624,0.9705665707588196,0.1248110681772232,0.7601470992290624,,,,
questions,GCN,2,512,1e-05,2,3470,roc_auc,0.9037370763555757,0.9748569130897522,0.0894239991903305,0.9037370763555757,,,,,roc_auc,0.7876527602191319,0.9690106511116028,0.12553101778030396,0.7876527602191319,,,,,roc_auc,0.7603156480239386,0.970239520072937,0.1268375962972641,0.7603156480239386,,,,
questions,GCN,3,256,3e-05,2,2130,roc_auc,0.8775263956958708,0.9740392565727234,0.09513965249061584,0.8775263956958708,,,,,roc_auc,0.7959262017329662,0.9714636206626892,0.11441691219806671,0.7959262017329662,,,,,roc_auc,0.7737653800775324,0.9713841676712036,0.11692972481250763,0.7737653800775324,,,,
questions,GCN,3,256,6e-05,2,1320,roc_auc,0.8868855965225221,0.9746933579444885,0.09287220239639282,0.8868855965225221,,,,,roc_auc,0.7946585156065094,0.9713000655174255,0.11546554416418076,0.7946585156065094,,,,,roc_auc,0.771848772479907,0.9716294407844543,0.11824857443571091,0.771848772479907,,,,
questions,GCN,3,256,0.0001,2,890,roc_auc,0.8839178197645889,0.97432541847229,0.09349316358566284,0.8839178197645889,,,,,roc_auc,0.7934437074623764,0.9714636206626892,0.11512908339500427,0.7934437074623764,,,,,roc_auc,0.7702791906887181,0.9714659452438354,0.1180443987250328,0.7702791906887181,,,,
questions,GCN,3,256,1e-05,2,4800,roc_auc,0.8794887114744067,0.9742845296859741,0.09475626796483994,0.8794887114744067,,,,,roc_auc,0.7963991017670251,0.9714636206626892,0.11468826234340668,0.7963991017670251,,,,,roc_auc,0.7746720802384619,0.9715477228164673,0.11702348291873932,0.7746720802384619,,,,
questions,GCN,3,384,3e-05,2,1490,roc_auc,0.8793878623094287,0.9739574790000916,0.09465905278921127,0.8793878623094287,,,,,roc_auc,0.7881836182163495,0.9711365699768066,0.1172437071800232,0.7881836182163495,,,,,roc_auc,0.7678445841577985,0.9713841676712036,0.1184147298336029,0.7678445841577985,,,,
questions,GCN,3,384,6e-05,2,910,roc_auc,0.8794298298783692,0.9739165902137756,0.09469620883464813,0.8794298298783692,,,,,roc_auc,0.7882244889712462,0.9712183475494385,0.11729635298252106,0.7882244889712462,,,,,roc_auc,0.7669390384406696,0.9712206721305847,0.11882011592388153,0.7669390384406696,,,,
questions,GCN,3,384,0.0001,2,640,roc_auc,0.87447133563087,0.9739983677864075,0.09530428797006607,0.87447133563087,,,,,roc_auc,0.7876608420068234,0.9710547924041748,0.11667991429567337,0.7876608420068234,,,,,roc_auc,0.7662199353973249,0.9713023900985718,0.11838744580745697,0.7662199353973249,,,,
questions,GCN,3,384,1e-05,2,3320,roc_auc,0.8774400071581547,0.9742028117179871,0.09531727433204651,0.8774400071581547,,,,,roc_auc,0.7878679666799439,0.9710547924041748,0.11737968027591705,0.7878679666799439,,,,,roc_auc,0.7684526297075331,0.9713841676712036,0.11814473569393158,0.7684526297075331,,,,
questions,GCN,3,512,3e-05,2,1080,roc_auc,0.8761637485640396,0.9739983677864075,0.09554067999124527,0.8761637485640396,,,,,roc_auc,0.7864949864052786,0.970237135887146,0.11735173314809799,0.7864949864052786,,,,,roc_auc,0.7644865380308421,0.9707301259040833,0.11932326853275299,0.7644865380308421,,,,
questions,GCN,3,512,6e-05,2,680,roc_auc,0.8752632065069936,0.9740801453590393,0.09556639939546585,0.8752632065069936,,,,,roc_auc,0.7857294102026797,0.9701553583145142,0.11770245432853699,0.7857294102026797,,,,,roc_auc,0.7640583548252288,0.9707301259040833,0.11978261172771454,0.7640583548252288,,,,
questions,GCN,3,512,0.0001,2,500,roc_auc,0.873129297057652,0.9737939834594727,0.09560421109199524,0.873129297057652,,,,,roc_auc,0.7855584226659509,0.9706459641456604,0.11675020307302475,0.7855584226659509,,,,,roc_auc,0.7633804654255626,0.9708936214447021,0.118978351354599,0.7633804654255626,,,,
questions,GCN,3,512,1e-05,2,2420,roc_auc,0.8735608067933198,0.9737939834594727,0.09641562402248383,0.8735608067933198,,,,,roc_auc,0.7878100087167853,0.9703189134597778,0.11736514419317245,0.7878100087167853,,,,,roc_auc,0.7647974297463225,0.9707301259040833,0.11929204314947128,0.7647974297463225,,,,
questions,GCN,4,256,3e-05,2,2670,roc_auc,0.9105160221440983,0.9759607315063477,0.08632971346378326,0.9105160221440983,,,,,roc_auc,0.793698976499316,0.9708912372589111,0.1187162846326828,0.793698976499316,,,,,roc_auc,0.7745755687367384,0.9720382690429688,0.1209048479795456,0.7745755687367384,,,,
questions,GCN,4,256,6e-05,2,1450,roc_auc,0.8933775522574166,0.9754701852798462,0.09048490226268768,0.8933775522574166,,,,,roc_auc,0.7919656639477224,0.9708095192909241,0.11677218228578568,0.7919656639477224,,,,,roc_auc,0.7736695612420892,0.971792995929718,0.11889709532260895,0.7736695612420892,,,,
questions,GCN,4,256,0.0001,2,1030,roc_auc,0.8976795167090961,0.9755110740661621,0.08931628614664078,0.8976795167090961,,,,,roc_auc,0.7904352042671838,0.9708095192909241,0.11757577955722809,0.7904352042671838,,,,,roc_auc,0.7717178585529278,0.9720382690429688,0.11963742971420288,0.7717178585529278,,,,
questions,GCN,4,256,1e-05,2,4970,roc_auc,0.8823437472940442,0.9745707511901855,0.09389340877532959,0.8823437472940442,,,,,roc_auc,0.7938305941845765,0.9707277417182922,0.11622225493192673,0.7938305941845765,,,,,roc_auc,0.7783584501822867,0.9716294407844543,0.11767704039812088,0.7783584501822867,,,,
questions,GCN,4,384,3e-05,2,1510,roc_auc,0.8874351580855401,0.9748978018760681,0.09198015928268433,0.8874351580855401,,,,,roc_auc,0.7878520340127808,0.9710547924041748,0.11784840375185013,0.7878520340127808,,,,,roc_auc,0.769964835641836,0.9719564914703369,0.11830568313598633,0.769964835641836,,,,
questions,GCN,4,384,6e-05,2,830,roc_auc,0.8723734478638103,0.9740392565727234,0.09603102505207062,0.8723734478638103,,,,,roc_auc,0.7867887016608073,0.9710547924041748,0.11684136837720871,0.7867887016608073,,,,,roc_auc,0.7697310607722305,0.9711388945579529,0.11726237833499908,0.7697310607722305,,,,
questions,GCN,4,384,0.0001,2,570,roc_auc,0.865990076719256,0.9736713171005249,0.09778612852096558,0.865990076719256,,,,,roc_auc,0.7865520207355582,0.9714636206626892,0.11642565578222275,0.7865520207355582,,,,,roc_auc,0.7688945507943727,0.9714659452438354,0.11716387420892715,0.7688945507943727,,,,
questions,GCN,4,384,1e-05,2,3360,roc_auc,0.883499702705667,0.9748160243034363,0.09294627606868744,0.883499702705667,,,,,roc_auc,0.7886050257174029,0.9708912372589111,0.1178368404507637,0.7886050257174029,,,,,roc_auc,0.7709600816422657,0.9715477228164673,0.11801701039075851,0.7709600816422657,,,,
questions,GCN,4,512,3e-05,2,940,roc_auc,0.8699530679043348,0.9739574790000916,0.09688038378953934,0.8699530679043348,,,,,roc_auc,0.7874828117693919,0.9704824090003967,0.11719580739736557,0.7874828117693919,,,,,roc_auc,0.7665995165189363,0.9708936214447021,0.11861030757427216,0.7665995165189363,,,,
questions,GCN,4,512,6e-05,2,570,roc_auc,0.8633927921999204,0.9736713171005249,0.09822144359350204,0.8633927921999204,,,,,roc_auc,0.7866801747975223,0.9705641865730286,0.11661535501480103,0.7866801747975223,,,,,roc_auc,0.7651693915388504,0.9708936214447021,0.11830630153417587,0.7651693915388504,,,,
questions,GCN,4,512,0.0001,2,470,roc_auc,0.8734211650474227,0.9741210341453552,0.09537969529628754,0.8734211650474227,,,,,roc_auc,0.7849214623417557,0.9708095192909241,0.11746978759765625,0.7849214623417557,,,,,roc_auc,0.7627342077860307,0.9712206721305847,0.11970910429954529,0.7627342077860307,,,,
questions,GCN,4,512,1e-05,2,2110,roc_auc,0.8705497924712373,0.9739574790000916,0.0969114601612091,0.8705497924712373,,,,,roc_auc,0.7882052081348965,0.9700735807418823,0.11731714010238647,0.7882052081348965,,,,,roc_auc,0.7669497747680145,0.9708936214447021,0.11847836524248123,0.7669497747680145,,,,
questions,GCN,5,256,3e-05,2,1510,roc_auc,0.8488728215252641,0.9729762673377991,0.10158038884401321,0.8488728215252641,,,,,roc_auc,0.7909646768150829,0.9712183475494385,0.11513766646385193,0.7909646768150829,,,,,roc_auc,0.7714578778090504,0.9713023900985718,0.11650808155536652,0.7714578778090504,,,,
questions,GCN,5,256,6e-05,2,890,roc_auc,0.8485194742219837,0.9730580449104309,0.10137314349412918,0.8485194742219837,,,,,roc_auc,0.7918399344220656,0.9712183475494385,0.11466756463050842,0.7918399344220656,,,,,roc_auc,0.7705353617680537,0.9712206721305847,0.11640448868274689,0.7705353617680537,,,,
questions,GCN,5,256,0.0001,2,660,roc_auc,0.8548349872134574,0.9733442664146423,0.09965784102678299,0.8548349872134574,,,,,roc_auc,0.7925397017820341,0.9713000655174255,0.11463256180286407,0.7925397017820341,,,,,roc_auc,0.7701639771974261,0.9708936214447021,0.11679775267839432,0.7701639771974261,,,,
questions,GCN,5,256,1e-05,2,3380,roc_auc,0.84441487857114,0.9728536605834961,0.1027582436800003,0.84441487857114,,,,,roc_auc,0.790188709742595,0.9710547924041748,0.11524739116430283,0.790188709742595,,,,,roc_auc,0.7714747326885378,0.9713023900985718,0.11627417057752609,0.7714747326885378,,,,
questions,GCN,5,384,3e-05,2,1340,roc_auc,0.8662925087600806,0.9739574790000916,0.09736128896474838,0.8662925087600806,,,,,roc_auc,0.7890361313636862,0.9706459641456604,0.11646395921707153,0.7890361313636862,,,,,roc_auc,0.7693487089854978,0.971057116985321,0.1172468438744545,0.7693487089854978,,,,
questions,GCN,5,384,6e-05,2,920,roc_auc,0.8813881336265867,0.9750204682350159,0.09249947220087051,0.8813881336265867,,,,,roc_auc,0.7891284946515884,0.9703189134597778,0.11642331629991531,0.7891284946515884,,,,,roc_auc,0.7687896118529054,0.9715477228164673,0.11779967695474625,0.7687896118529054,,,,
questions,GCN,5,384,0.0001,2,650,roc_auc,0.8764659496966443,0.9746525287628174,0.09384815394878387,0.8764659496966443,,,,,roc_auc,0.7881530228772319,0.9703189134597778,0.11654165387153625,0.7881530228772319,,,,,roc_auc,0.768452283374393,0.9715477228164673,0.11808477342128754,0.768452283374393,,,,
questions,GCN,5,384,1e-05,2,2940,roc_auc,0.8617713835443257,0.9735895395278931,0.09844867885112762,0.8617713835443257,,,,,roc_auc,0.7879104537923789,0.9703189134597778,0.11663340032100677,0.7879104537923789,,,,,roc_auc,0.7696149237258981,0.970975399017334,0.11701338738203049,0.7696149237258981,,,,
questions,GCN,5,512,3e-05,2,830,roc_auc,0.8583135906805442,0.9730989336967468,0.09958193451166153,0.8583135906805442,,,,,roc_auc,0.7858251216597683,0.9699918031692505,0.11716839671134949,0.7858251216597683,,,,,roc_auc,0.7629380825612029,0.971057116985321,0.1183418557047844,0.7629380825612029,,,,
questions,GCN,5,512,6e-05,2,550,roc_auc,0.8607555605585671,0.9733033776283264,0.09881902486085892,0.8607555605585671,,,,,roc_auc,0.784372824411617,0.9704824090003967,0.11703239381313324,0.784372824411617,,,,,roc_auc,0.7613867409820623,0.9708936214447021,0.11855962127447128,0.7613867409820623,,,,
questions,GCN,5,512,0.0001,2,400,roc_auc,0.8527375323993096,0.9729354381561279,0.10063198953866959,0.8527375323993096,,,,,roc_auc,0.7827349924088923,0.9705641865730286,0.11668308824300766,0.7827349924088923,,,,,roc_auc,0.7603435855639111,0.9708118438720703,0.11817815154790878,0.7603435855639111,,,,
questions,GCN,5,512,1e-05,2,1830,roc_auc,0.8568963048912134,0.972894549369812,0.0999971255660057,0.8568963048912134,,,,,roc_auc,0.787420466550058,0.9695829749107361,0.11726105958223343,0.787420466550058,,,,,roc_auc,0.7646369620580501,0.971057116985321,0.11805862933397293,0.7646369620580501,,,,
questions,GCN,1,256,3e-05,3,3000,roc_auc,0.912158962991185,0.9735077619552612,0.08882822096347809,0.912158962991185,,,,,roc_auc,0.7463604823672711,0.971545398235321,0.12557779252529144,0.7463604823672711,,,,,roc_auc,0.7497700347949361,0.9718747138977051,0.12421957403421402,0.7497700347949361,,,,
questions,GCN,1,256,6e-05,3,1680,roc_auc,0.9099115621518337,0.9735077619552612,0.08965925872325897,0.9099115621518337,,,,,roc_auc,0.7469994054113342,0.971545398235321,0.12508723139762878,0.7469994054113342,,,,,roc_auc,0.750183672008663,0.9719564914703369,0.12375498563051224,0.750183672008663,,,,
questions,GCN,1,256,0.0001,3,1150,roc_auc,0.9149056162651751,0.973630428314209,0.08793053030967712,0.9149056162651751,,,,,roc_auc,0.7471889810597533,0.9714636206626892,0.125909686088562,0.7471889810597533,,,,,roc_auc,0.750020202766509,0.9718747138977051,0.12460219860076904,0.750020202766509,,,,
questions,GCN,1,256,1e-05,3,5000,roc_auc,0.8579538934012204,0.9721177220344543,0.1036277711391449,0.8579538934012204,,,,,roc_auc,0.7419083409821681,0.9717906713485718,0.12171964347362518,0.7419083409821681,,,,,roc_auc,0.7472158278862826,0.9721199870109558,0.12055771797895432,0.7472158278862826,,,,
questions,GCN,1,384,3e-05,3,2750,roc_auc,0.914951422683269,0.9739165902137756,0.08753851056098938,0.914951422683269,,,,,roc_auc,0.7443408436231809,0.9713818430900574,0.12675023078918457,0.7443408436231809,,,,,roc_auc,0.7441062180651984,0.9719564914703369,0.12530086934566498,0.7441062180651984,,,,
questions,GCN,1,384,6e-05,3,1590,roc_auc,0.9139266520039948,0.9738757014274597,0.0877898782491684,0.9139266520039948,,,,,roc_auc,0.7442675302634085,0.9716271758079529,0.12633010745048523,0.7442675302634085,,,,,roc_auc,0.7434329464407343,0.9718747138977051,0.12503600120544434,0.7434329464407343,,,,
questions,GCN,1,384,0.0001,3,1070,roc_auc,0.9129445993453752,0.9739574790000916,0.08805324137210846,0.9129445993453752,,,,,roc_auc,0.7437133505359957,0.9716271758079529,0.12622320652008057,0.7437133505359957,,,,,roc_auc,0.7431233246134346,0.9719564914703369,0.12492217123508453,0.7431233246134346,,,,
questions,GCN,1,384,1e-05,3,4980,roc_auc,0.8769689255263264,0.972281277179718,0.0991179421544075,0.8769689255263264,,,,,roc_auc,0.7430730420426142,0.9717088937759399,0.12277349084615707,0.7430730420426142,,,,,roc_auc,0.748146771367023,0.9722017645835876,0.12104630470275879,0.748146771367023,,,,
questions,GCN,1,512,3e-05,3,1880,roc_auc,0.9003535782115004,0.972894549369812,0.09258092194795609,0.9003535782115004,,,,,roc_auc,0.7390510826709153,0.9716271758079529,0.12542226910591125,0.7390510826709153,,,,,roc_auc,0.7496510116391024,0.9719564914703369,0.12327861785888672,0.7496510116391024,,,,
questions,GCN,1,512,6e-05,3,1080,roc_auc,0.8986620600476826,0.972894549369812,0.09304241836071014,0.8986620600476826,,,,,roc_auc,0.7387467456372778,0.9713818430900574,0.12526601552963257,0.7387467456372778,,,,,roc_auc,0.7491033435001351,0.9719564914703369,0.1232268288731575,0.7491033435001351,,,,
questions,GCN,1,512,0.0001,3,770,roc_auc,0.9043715544164084,0.9730989336967468,0.09116216748952866,0.9043715544164084,,,,,roc_auc,0.7390974952230862,0.971545398235321,0.1256302297115326,0.7390974952230862,,,,,roc_auc,0.7490313062069827,0.9719564914703369,0.12360026687383652,0.7490313062069827,,,,
questions,GCN,1,512,1e-05,3,4370,roc_auc,0.9013877006736747,0.972894549369812,0.09221063554286957,0.9013877006736747,,,,,roc_auc,0.7390383827188289,0.971545398235321,0.12554748356342316,0.7390383827188289,,,,,roc_auc,0.7489752002382772,0.9719564914703369,0.12343568354845047,0.7489752002382772,,,,
questions,GCN,2,256,3e-05,3,2400,roc_auc,0.9085546011349139,0.9745707511901855,0.08907365798950195,0.9085546011349139,,,,,roc_auc,0.7744460800443344,0.9712183475494385,0.12388100475072861,0.7744460800443344,,,,,roc_auc,0.7715512723125126,0.9717112183570862,0.12499915808439255,0.7715512723125126,,,,
questions,GCN,2,256,6e-05,3,1490,roc_auc,0.9192250142874461,0.9751839637756348,0.0853901281952858,0.9192250142874461,,,,,roc_auc,0.7735462307119478,0.9710547924041748,0.12568975985050201,0.7735462307119478,,,,,roc_auc,0.7677978291838774,0.9717112183570862,0.12731903791427612,0.7677978291838774,,,,
questions,GCN,2,256,0.0001,3,1040,roc_auc,0.9228926449959303,0.9753884077072144,0.08319031447172165,0.9228926449959303,,,,,roc_auc,0.7727327410537497,0.9710547924041748,0.12585312128067017,0.7727327410537497,,,,,roc_auc,0.7658565164889208,0.9715477228164673,0.12798228859901428,0.7658565164889208,,,,
questions,GCN,2,256,1e-05,3,4980,roc_auc,0.8934400129308603,0.973630428314209,0.09397350996732712,0.8934400129308603,,,,,roc_auc,0.7735464616201676,0.9717088937759399,0.1223045289516449,0.7735464616201676,,,,,roc_auc,0.77553144820357,0.9719564914703369,0.12262304872274399,0.77553144820357,,,,
questions,GCN,2,384,3e-05,3,2210,roc_auc,0.910955094123963,0.9744071960449219,0.08753107488155365,0.910955094123963,,,,,roc_auc,0.77423318266572,0.9714636206626892,0.12494483590126038,0.77423318266572,,,,,roc_auc,0.7742042996104908,0.9718747138977051,0.12593160569667816,0.7742042996104908,,,,
questions,GCN,2,384,6e-05,3,1290,roc_auc,0.9082191203551369,0.9744480848312378,0.08787921071052551,0.9082191203551369,,,,,roc_auc,0.7736032650422273,0.9710547924041748,0.12391740828752518,0.7736032650422273,,,,,roc_auc,0.7744937186712814,0.9718747138977051,0.12474419921636581,0.7744937186712814,,,,
questions,GCN,2,384,0.0001,3,950,roc_auc,0.9176733687777451,0.974938690662384,0.08411329239606857,0.9176733687777451,,,,,roc_auc,0.7729793510324483,0.9708095192909241,0.12511514127254486,0.7729793510324483,,,,,roc_auc,0.7705750746347917,0.9715477228164673,0.12638524174690247,0.7705750746347917,,,,
questions,GCN,2,384,1e-05,3,4950,roc_auc,0.9146195498444256,0.9744889736175537,0.08641111105680466,0.9146195498444256,,,,,roc_auc,0.7741715301710452,0.9713000655174255,0.12568101286888123,0.7741715301710452,,,,,roc_auc,0.7741690890745748,0.971792995929718,0.12676994502544403,0.7741690890745748,,,,
questions,GCN,2,512,3e-05,3,1520,roc_auc,0.9072132264228274,0.9740392565727234,0.08926669508218765,0.9072132264228274,,,,,roc_auc,0.76895716075253,0.9710547924041748,0.12531517446041107,0.76895716075253,,,,,roc_auc,0.7726477630342478,0.9713023900985718,0.12634219229221344,0.7726477630342478,,,,
questions,GCN,2,512,6e-05,3,890,roc_auc,0.9036708634235606,0.9737530946731567,0.0902189239859581,0.9036708634235606,,,,,roc_auc,0.7687202489190609,0.9713000655174255,0.12404803186655045,0.7687202489190609,,,,,roc_auc,0.7734749220173213,0.9713841676712036,0.1247488334774971,0.7734749220173213,,,,
questions,GCN,2,512,0.0001,3,650,roc_auc,0.9054504153461602,0.9737939834594727,0.08895167708396912,0.9054504153461602,,,,,roc_auc,0.7689031282291071,0.9713818430900574,0.12392286956310272,0.7689031282291071,,,,,roc_auc,0.7741545430826883,0.9713841676712036,0.12462705373764038,0.7741545430826883,,,,
questions,GCN,2,512,1e-05,3,3380,roc_auc,0.9019623735055908,0.973630428314209,0.09129034727811813,0.9019623735055908,,,,,roc_auc,0.7716071789365522,0.9708912372589111,0.12467170506715775,0.7716071789365522,,,,,roc_auc,0.7733420455358813,0.9711388945579529,0.12599708139896393,0.7733420455358813,,,,
questions,GCN,3,256,3e-05,3,2120,roc_auc,0.8930995964878858,0.9741210341453552,0.09271883219480515,0.8930995964878858,,,,,roc_auc,0.7790024764906569,0.972281277179718,0.11790955066680908,0.7790024764906569,,,,,roc_auc,0.7681404681038723,0.9721199870109558,0.11942321807146072,0.7681404681038723,,,,
questions,GCN,3,256,6e-05,3,1290,roc_auc,0.8986131652321494,0.9744480848312378,0.09096303582191467,0.8986131652321494,,,,,roc_auc,0.7788395707416195,0.9721994996070862,0.11814036965370178,0.7788395707416195,,,,,roc_auc,0.7671110505669474,0.9718747138977051,0.11986062675714493,0.7671110505669474,,,,
questions,GCN,3,256,0.0001,3,860,roc_auc,0.8934491049420132,0.9740801453590393,0.0922095999121666,0.8934491049420132,,,,,roc_auc,0.7784232432214006,0.9718724489212036,0.11734091490507126,0.7784232432214006,,,,,roc_auc,0.7710437788178033,0.9719564914703369,0.11855209618806839,0.7710437788178033,,,,
questions,GCN,3,256,1e-05,3,4650,roc_auc,0.8887314479677191,0.9739574790000916,0.09405885636806488,0.8887314479677191,,,,,roc_auc,0.7777088131894776,0.9723630547523499,0.11783954501152039,0.7777088131894776,,,,,roc_auc,0.768186530411513,0.9721199870109558,0.1191873624920845,0.768186530411513,,,,
questions,GCN,3,384,3e-05,3,1330,roc_auc,0.8942389842347411,0.9737530946731567,0.09310294687747955,0.8942389842347411,,,,,roc_auc,0.7779441086654083,0.9721177220344543,0.11856359243392944,0.7779441086654083,,,,,roc_auc,0.7761565795215523,0.9719564914703369,0.11899231374263763,0.7761565795215523,,,,
questions,GCN,3,384,6e-05,3,810,roc_auc,0.8942050984534922,0.9738348126411438,0.09294214099645615,0.8942050984534922,,,,,roc_auc,0.7773079565199822,0.9721177220344543,0.11862585693597794,0.7773079565199822,,,,,roc_auc,0.7779122576533852,0.9719564914703369,0.11856640875339508,0.7779122576533852,,,,
questions,GCN,3,384,0.0001,3,600,roc_auc,0.8979280605441353,0.9738757014274597,0.09172900021076202,0.8979280605441353,,,,,roc_auc,0.7766066882565852,0.9721177220344543,0.11876088380813599,0.7766066882565852,,,,,roc_auc,0.7767729370666506,0.9722017645835876,0.11865771561861038,0.7767729370666506,,,,
questions,GCN,3,384,1e-05,3,3010,roc_auc,0.889223282475798,0.9735486507415771,0.09467336535453796,0.889223282475798,,,,,roc_auc,0.7781619705707474,0.9721994996070862,0.1185465008020401,0.7781619705707474,,,,,roc_auc,0.7751563694127807,0.9720382690429688,0.11926688253879547,0.7751563694127807,,,,
questions,GCN,3,512,3e-05,3,1520,roc_auc,0.9126034901777416,0.9749795794487,0.08647987246513367,0.9126034901777416,,,,,roc_auc,0.7774252578956179,0.9720360040664673,0.12021524459123611,0.7774252578956179,,,,,roc_auc,0.7699169262241146,0.9723653197288513,0.12143164873123169,0.7699169262241146,,,,
questions,GCN,3,512,6e-05,3,940,roc_auc,0.9138195683170832,0.9748160243034363,0.0860685408115387,0.9138195683170832,,,,,roc_auc,0.777124153577057,0.9719542264938354,0.12071432173252106,0.777124153577057,,,,,roc_auc,0.7693993890683407,0.9721199870109558,0.12189453840255737,0.7693993890683407,,,,
questions,GCN,3,512,0.0001,3,660,roc_auc,0.9085214369418515,0.9746525287628174,0.08760010451078415,0.9085214369418515,,,,,roc_auc,0.7752803514423104,0.9721177220344543,0.12042676657438278,0.7752803514423104,,,,,roc_auc,0.7692682442526015,0.9721199870109558,0.12120284140110016,0.7692682442526015,,,,
questions,GCN,3,512,1e-05,3,3270,roc_auc,0.9061881093812237,0.9744889736175537,0.08920153230428696,0.9061881093812237,,,,,roc_auc,0.7780223865519053,0.9721177220344543,0.1198425367474556,0.7780223865519053,,,,,roc_auc,0.7701810629656738,0.9722835421562195,0.12114386260509491,0.7701810629656738,,,,
questions,GCN,4,256,3e-05,3,1820,roc_auc,0.8940431740643887,0.9744889736175537,0.09251409769058228,0.8940431740643887,,,,,roc_auc,0.7730301508407946,0.9721177220344543,0.1199994906783104,0.7730301508407946,,,,,roc_auc,0.7651556536576243,0.9720382690429688,0.12036003172397614,0.7651556536576243,,,,
questions,GCN,4,256,6e-05,3,1040,roc_auc,0.8887972279468218,0.9742436408996582,0.093790702521801,0.8887972279468218,,,,,roc_auc,0.773830247822247,0.9721994996070862,0.11891964077949524,0.773830247822247,,,,,roc_auc,0.7667490169911039,0.9720382690429688,0.11938899755477905,0.7667490169911039,,,,
questions,GCN,4,256,0.0001,3,790,roc_auc,0.9014105605874306,0.9749795794487,0.09013573080301285,0.9014105605874306,,,,,roc_auc,0.7744569327306629,0.9717906713485718,0.12000299990177155,0.7744569327306629,,,,,roc_auc,0.7638213475129818,0.9722835421562195,0.12075456231832504,0.7638213475129818,,,,
questions,GCN,4,256,1e-05,3,4180,roc_auc,0.8931326740903659,0.9744071960449219,0.09319782257080078,0.8931326740903659,,,,,roc_auc,0.7722875500060613,0.9721177220344543,0.12042602896690369,0.7722875500060613,,,,,roc_auc,0.765197213634443,0.9720382690429688,0.12052811682224274,0.765197213634443,,,,
questions,GCN,4,384,3e-05,3,1430,roc_auc,0.8859201981192526,0.9737939834594727,0.09460096061229706,0.8859201981192526,,,,,roc_auc,0.7745936303967581,0.9714636206626892,0.11843890696763992,0.7745936303967581,,,,,roc_auc,0.7774257750358453,0.9719564914703369,0.11827235668897629,0.7774257750358453,,,,
questions,GCN,4,384,6e-05,3,940,roc_auc,0.8965005859296078,0.9739983677864075,0.09145176410675049,0.8965005859296078,,,,,roc_auc,0.7747102390477345,0.9714636206626892,0.11946727335453033,0.7747102390477345,,,,,roc_auc,0.7743609576342214,0.9720382690429688,0.11955324560403824,0.7743609576342214,,,,
questions,GCN,4,384,0.0001,3,660,roc_auc,0.8913511305843711,0.9741210341453552,0.09302044659852982,0.8913511305843711,,,,,roc_auc,0.7751884499708478,0.9719542264938354,0.11865260452032089,0.7751884499708478,,,,,roc_auc,0.7750090623838342,0.9723653197288513,0.11861081421375275,0.7750090623838342,,,,
questions,GCN,4,384,1e-05,3,3280,roc_auc,0.8870678408349641,0.9738348126411438,0.0951128751039505,0.8870678408349641,,,,,roc_auc,0.774005738069261,0.9713000655174255,0.11968977004289627,0.774005738069261,,,,,roc_auc,0.7759724457353692,0.9719564914703369,0.1195264533162117,0.7759724457353692,,,,
questions,GCN,4,512,3e-05,3,1400,roc_auc,0.8998037857402629,0.974366307258606,0.0907314196228981,0.8998037857402629,,,,,roc_auc,0.7771987369320379,0.9720360040664673,0.12020646035671234,0.7771987369320379,,,,,roc_auc,0.7669092537906163,0.9719564914703369,0.12105455249547958,0.7669092537906163,,,,
questions,GCN,4,512,6e-05,3,870,roc_auc,0.8984848379890203,0.9744480848312378,0.09103906154632568,0.8984848379890203,,,,,roc_auc,0.7766563335238327,0.9719542264938354,0.12016942352056503,0.7766563335238327,,,,,roc_auc,0.7645442602208682,0.9719564914703369,0.12117168307304382,0.7645442602208682,,,,
questions,GCN,4,512,0.0001,3,620,roc_auc,0.893135444989003,0.9742028117179871,0.09246963262557983,0.893135444989003,,,,,roc_auc,0.7757661823366757,0.9718724489212036,0.11982625722885132,0.7757661823366757,,,,,roc_auc,0.7641619084341356,0.9722835421562195,0.12083946913480759,0.7641619084341356,,,,
questions,GCN,4,512,1e-05,3,3040,roc_auc,0.8967075374215633,0.9742845296859741,0.0922650545835495,0.8967075374215633,,,,,roc_auc,0.7781856386632723,0.9720360040664673,0.1201992928981781,0.7781856386632723,,,,,roc_auc,0.7680370299393455,0.9721199870109558,0.1209825798869133,0.7680370299393455,,,,
questions,GCN,5,256,3e-05,3,2130,roc_auc,0.8877216863227289,0.9740392565727234,0.09426876157522202,0.8877216863227289,,,,,roc_auc,0.7796879275410006,0.9721177220344543,0.11755910515785217,0.7796879275410006,,,,,roc_auc,0.7747770191799292,0.9718747138977051,0.11745648086071014,0.7747770191799292,,,,
questions,GCN,5,256,6e-05,3,1350,roc_auc,0.896885336750775,0.9746116399765015,0.09174247831106186,0.896885336750775,,,,,roc_auc,0.7791011897546023,0.9726083278656006,0.11848510056734085,0.7791011897546023,,,,,roc_auc,0.7697715817496288,0.9719564914703369,0.11881688237190247,0.7697715817496288,,,,
questions,GCN,5,256,0.0001,3,940,roc_auc,0.8950728515433328,0.974366307258606,0.09141018241643906,0.8950728515433328,,,,,roc_auc,0.7794320812335117,0.9724448323249817,0.11773315072059631,0.7794320812335117,,,,,roc_auc,0.7694072392861843,0.9719564914703369,0.11826774477958679,0.7694072392861843,,,,
questions,GCN,5,256,1e-05,3,4900,roc_auc,0.8942453630743121,0.974366307258606,0.09307628124952316,0.8942453630743121,,,,,roc_auc,0.7800296717062385,0.9723630547523499,0.11893562972545624,0.7800296717062385,,,,,roc_auc,0.7714573005871501,0.971792995929718,0.11890792101621628,0.7714573005871501,,,,
questions,GCN,5,384,3e-05,3,1620,roc_auc,0.9061438327300855,0.9749795794487,0.0888872966170311,0.9061438327300855,,,,,roc_auc,0.7765714747530725,0.9717906713485718,0.12146645039319992,0.7765714747530725,,,,,roc_auc,0.7659863914164795,0.9722835421562195,0.1211325153708458,0.7659863914164795,,,,
questions,GCN,5,384,6e-05,3,980,roc_auc,0.9031294991023444,0.9748569130897522,0.08925579488277435,0.9031294991023444,,,,,roc_auc,0.7762603259269522,0.971545398235321,0.12095069885253906,0.7762603259269522,,,,,roc_auc,0.7665215915624011,0.9719564914703369,0.12052352726459503,0.7665215915624011,,,,
questions,GCN,5,384,0.0001,3,720,roc_auc,0.9046792396192322,0.9750613570213318,0.08816540986299515,0.9046792396192322,,,,,roc_auc,0.7767695940056226,0.9713818430900574,0.12026792764663696,0.7767695940056226,,,,,roc_auc,0.7675834489701208,0.9720382690429688,0.11987640708684921,0.7675834489701208,,,,
questions,GCN,5,384,1e-05,3,3740,roc_auc,0.9115871476484885,0.9753475189208984,0.08767689019441605,0.9115871476484885,,,,,roc_auc,0.7755386222861067,0.9717906713485718,0.12330236285924911,0.7755386222861067,,,,,roc_auc,0.7611586228870793,0.9722017645835876,0.12327554821968079,0.7611586228870793,,,,
questions,GCN,5,512,3e-05,3,1030,roc_auc,0.9121171974669368,0.9748160243034363,0.0875602439045906,0.9121171974669368,,,,,roc_auc,0.7783292635759602,0.9717906713485718,0.12141526490449905,0.7783292635759602,,,,,roc_auc,0.7628324509534552,0.971792995929718,0.12335279583930969,0.7628324509534552,,,,
questions,GCN,5,512,6e-05,3,730,roc_auc,0.923731823193576,0.9756336808204651,0.08277007937431335,0.923731823193576,,,,,roc_auc,0.7782350530223,0.9713818430900574,0.12289535999298096,0.7782350530223,,,,,roc_auc,0.7545001373788123,0.971792995929718,0.1258906126022339,0.7545001373788123,,,,
questions,GCN,5,512,0.0001,3,520,roc_auc,0.9074015320760382,0.974938690662384,0.08870892226696014,0.9074015320760382,,,,,roc_auc,0.7772772457267547,0.9718724489212036,0.1212659403681755,0.7772772457267547,,,,,roc_auc,0.7585299543532922,0.9722835421562195,0.123412124812603,0.7585299543532922,,,,
questions,GCN,5,512,1e-05,3,2280,roc_auc,0.9126192496637398,0.9748160243034363,0.0878392830491066,0.9126192496637398,,,,,roc_auc,0.7784082341871164,0.9717088937759399,0.12174973636865616,0.7784082341871164,,,,,roc_auc,0.7632972300275451,0.9720382690429688,0.12345051020383835,0.7632972300275451,,,,
questions,GCN,1,256,3e-05,4,2510,roc_auc,0.8358049460540672,0.9721586108207703,0.10750959068536758,0.8358049460540672,,,,,roc_auc,0.7465677224945015,0.9713818430900574,0.12062442302703857,0.7465677224945015,,,,,roc_auc,0.7566916180453419,0.9716294407844543,0.11861429363489151,0.7566916180453419,,,,
questions,GCN,1,256,6e-05,4,1370,roc_auc,0.8283474764617933,0.9721586108207703,0.10870137065649033,0.8283474764617933,,,,,roc_auc,0.7466789048023137,0.9717088937759399,0.12038306891918182,0.7466789048023137,,,,,roc_auc,0.7552498331828708,0.9714659452438354,0.11867944896221161,0.7552498331828708,,,,
questions,GCN,1,256,0.0001,4,860,roc_auc,0.8196431602098955,0.9719951152801514,0.11000407487154007,0.8196431602098955,,,,,roc_auc,0.747857460355945,0.9717088937759399,0.12014369666576385,0.747857460355945,,,,,roc_auc,0.7530906769427558,0.9713841676712036,0.11887356638908386,0.7530906769427558,,,,
questions,GCN,1,256,1e-05,4,4890,roc_auc,0.814819285454514,0.9720360040664673,0.11126817017793655,0.814819285454514,,,,,roc_auc,0.7463738750440169,0.9716271758079529,0.12066961079835892,0.7463738750440169,,,,,roc_auc,0.7536306103082596,0.9714659452438354,0.11909648776054382,0.7536306103082596,,,,
questions,GCN,1,384,3e-05,4,1770,roc_auc,0.8486666493485502,0.9721586108207703,0.10462717711925507,0.8486666493485502,,,,,roc_auc,0.7519595448798988,0.9713000655174255,0.11990624666213989,0.7519595448798988,,,,,roc_auc,0.754969072450584,0.9716294407844543,0.11884023994207382,0.754969072450584,,,,
questions,GCN,1,384,6e-05,4,990,roc_auc,0.8472929474856981,0.9721994996070862,0.10477521270513535,0.8472929474856981,,,,,roc_auc,0.7517390275300326,0.9712183475494385,0.11978424340486526,0.7517390275300326,,,,,roc_auc,0.7546840402762354,0.9714659452438354,0.1188066303730011,0.7546840402762354,,,,
questions,GCN,1,384,0.0001,4,630,roc_auc,0.8399990475035934,0.9721994996070862,0.10614950954914093,0.8399990475035934,,,,,roc_auc,0.7520665708397554,0.9713818430900574,0.11961786448955536,0.7520665708397554,,,,,roc_auc,0.7544920562722086,0.9714659452438354,0.11879338324069977,0.7544920562722086,,,,
questions,GCN,1,384,1e-05,4,4110,roc_auc,0.84643474822345,0.9721586108207703,0.10508470982313156,0.84643474822345,,,,,roc_auc,0.7525255009265192,0.9713000655174255,0.11992326378822327,0.7525255009265192,,,,,roc_auc,0.7560079564266732,0.9717112183570862,0.11876995861530304,0.7560079564266732,,,,
questions,GCN,1,512,3e-05,4,1420,roc_auc,0.8450305376120626,0.9721994996070862,0.1054048091173172,0.8450305376120626,,,,,roc_auc,0.7501554589589503,0.9713818430900574,0.12018164992332458,0.7501554589589503,,,,,roc_auc,0.754665684619807,0.9715477228164673,0.1190214678645134,0.754665684619807,,,,
questions,GCN,1,512,6e-05,4,780,roc_auc,0.8384286984280923,0.9720768928527832,0.10660179704427719,0.8384286984280923,,,,,roc_auc,0.7493736037268588,0.9713818430900574,0.12007950991392136,0.7493736037268588,,,,,roc_auc,0.7527715886762918,0.9716294407844543,0.11909900605678558,0.7527715886762918,,,,
questions,GCN,1,512,0.0001,4,530,roc_auc,0.8364763694300608,0.9720768928527832,0.10682249069213867,0.8364763694300608,,,,,roc_auc,0.7485056197287983,0.9713818430900574,0.12005700170993805,0.7485056197287983,,,,,roc_auc,0.7519497401347005,0.9716294407844543,0.11909878253936768,0.7519497401347005,,,,
questions,GCN,1,512,1e-05,4,3440,roc_auc,0.8486478591921676,0.9722403883934021,0.1048104390501976,0.8486478591921676,,,,,roc_auc,0.7504055325609453,0.9713818430900574,0.12034516036510468,0.7504055325609453,,,,,roc_auc,0.7555055424846863,0.9715477228164673,0.11907608807086945,0.7555055424846863,,,,
questions,GCN,2,256,3e-05,4,2240,roc_auc,0.8757680007389064,0.9731398224830627,0.09746253490447998,0.8757680007389064,,,,,roc_auc,0.773068481605274,0.9714636206626892,0.11951550096273422,0.773068481605274,,,,,roc_auc,0.7896826203103606,0.9704030752182007,0.11697907000780106,0.7896826203103606,,,,
questions,GCN,2,256,6e-05,4,1190,roc_auc,0.8631478274422872,0.9728127717971802,0.10035190731287003,0.8631478274422872,,,,,roc_auc,0.7723736787720301,0.9717088937759399,0.11855022609233856,0.7723736787720301,,,,,roc_auc,0.7879498001657782,0.97015780210495,0.11617381870746613,0.7879498001657782,,,,
questions,GCN,2,256,0.0001,4,780,roc_auc,0.857443701689671,0.9725674390792847,0.10150116682052612,0.857443701689671,,,,,roc_auc,0.7714202587326603,0.9716271758079529,0.11807705461978912,0.7714202587326603,,,,,roc_auc,0.7861557944997679,0.9705665707588196,0.1157202422618866,0.7861557944997679,,,,
questions,GCN,2,256,1e-05,4,4990,roc_auc,0.8732882196398986,0.973017156124115,0.09829600900411606,0.8732882196398986,,,,,roc_auc,0.7736385939998499,0.9714636206626892,0.1195908710360527,0.7736385939998499,,,,,roc_auc,0.7903330339475744,0.9705665707588196,0.11697715520858765,0.7903330339475744,,,,
questions,GCN,2,384,3e-05,4,1440,roc_auc,0.8846749966806942,0.973630428314209,0.09581240266561508,0.8846749966806942,,,,,roc_auc,0.7769087162080253,0.9713818430900574,0.11998959630727768,0.7769087162080253,,,,,roc_auc,0.7876146651304867,0.9708118438720703,0.11806041747331619,0.7876146651304867,,,,
questions,GCN,2,384,6e-05,4,900,roc_auc,0.8931845418492286,0.9739983677864075,0.09313551336526871,0.8931845418492286,,,,,roc_auc,0.7762458941632175,0.9712183475494385,0.12048597633838654,0.7762458941632175,,,,,roc_auc,0.7861599504974498,0.9708936214447021,0.1185869500041008,0.7861599504974498,,,,
questions,GCN,2,384,0.0001,4,590,roc_auc,0.8820658492515687,0.9733442664146423,0.09625811874866486,0.8820658492515687,,,,,roc_auc,0.7751678991392896,0.9712183475494385,0.11956383287906647,0.7751678991392896,,,,,roc_auc,0.7853130505253874,0.9707301259040833,0.11759942770004272,0.7853130505253874,,,,
questions,GCN,2,384,1e-05,4,3460,roc_auc,0.8878401133759359,0.9738348126411438,0.09480483829975128,0.8878401133759359,,,,,roc_auc,0.7770596147296353,0.9713000655174255,0.12031617760658264,0.7770596147296353,,,,,roc_auc,0.7881573691611119,0.9704030752182007,0.11840765923261642,0.7881573691611119,,,,
questions,GCN,2,512,3e-05,4,1030,roc_auc,0.8754110166311645,0.9728127717971802,0.09821414202451706,0.8754110166311645,,,,,roc_auc,0.7749210582523711,0.9713818430900574,0.11893006414175034,0.7749210582523711,,,,,roc_auc,0.7835430572904282,0.9708936214447021,0.11664905399084091,0.7835430572904282,,,,
questions,GCN,2,512,6e-05,4,610,roc_auc,0.8705369770650411,0.9725266098976135,0.09955316036939621,0.8705369770650411,,,,,roc_auc,0.7746592083311685,0.9716271758079529,0.11861538141965866,0.7746592083311685,,,,,roc_auc,0.7831011362035885,0.970975399017334,0.11634265631437302,0.7831011362035885,,,,
questions,GCN,2,512,0.0001,4,460,roc_auc,0.8717751358028967,0.9727718830108643,0.09866677224636078,0.8717751358028967,,,,,roc_auc,0.7749441490743467,0.9716271758079529,0.11838129162788391,0.7749441490743467,,,,,roc_auc,0.7825962979296205,0.9712206721305847,0.11631781607866287,0.7825962979296205,,,,
questions,GCN,2,512,1e-05,4,2380,roc_auc,0.8725878750093807,0.9726083278656006,0.09924328327178955,0.8725878750093807,,,,,roc_auc,0.7756989880447269,0.9713000655174255,0.11894437670707703,0.7756989880447269,,,,,roc_auc,0.7843747186043236,0.9708118438720703,0.11672646552324295,0.7843747186043236,,,,
questions,GCN,3,256,3e-05,4,1550,roc_auc,0.8639279219992033,0.972894549369812,0.10014989227056503,0.8639279219992033,,,,,roc_auc,0.7802880580041448,0.9719542264938354,0.11537379026412964,0.7802880580041448,,,,,roc_auc,0.7903339575026148,0.970975399017334,0.11346033960580826,0.7903339575026148,,,,
questions,GCN,3,256,6e-05,4,1020,roc_auc,0.8812844558359165,0.9735486507415771,0.0958440974354744,0.8812844558359165,,,,,roc_auc,0.7798728850250247,0.9720360040664673,0.11632578074932098,0.7798728850250247,,,,,roc_auc,0.7902125100148001,0.9713841676712036,0.11409157514572144,0.7902125100148001,,,,
questions,GCN,3,256,0.0001,4,660,roc_auc,0.8699748598675741,0.9730989336967468,0.0982520803809166,0.8699748598675741,,,,,roc_auc,0.7786809367946476,0.9717906713485718,0.11571425199508667,0.7786809367946476,,,,,roc_auc,0.7892550143266475,0.970975399017334,0.1135696992278099,0.7892550143266475,,,,
questions,GCN,3,256,1e-05,4,3910,roc_auc,0.8762453746197231,0.9731398224830627,0.09721960872411728,0.8762453746197231,,,,,roc_auc,0.7809842462867072,0.9721177220344543,0.11558637022972107,0.7809842462867072,,,,,roc_auc,0.7921328118325872,0.9713023900985718,0.11340085417032242,0.7921328118325872,,,,
questions,GCN,3,384,3e-05,4,1810,roc_auc,0.8949228766546017,0.9739983677864075,0.09200426191091537,0.8949228766546017,,,,,roc_auc,0.7797050147492626,0.9717088937759399,0.11810676753520966,0.7797050147492626,,,,,roc_auc,0.7865762429319179,0.9713023900985718,0.11692102253437042,0.7865762429319179,,,,
questions,GCN,3,384,6e-05,4,1080,roc_auc,0.8937335838687518,0.9739574790000916,0.09210110455751419,0.8937335838687518,,,,,roc_auc,0.7790319172886757,0.9717088937759399,0.11752396821975708,0.7790319172886757,,,,,roc_auc,0.786804707360041,0.9708118438720703,0.11635349690914154,0.786804707360041,,,,
questions,GCN,3,384,0.0001,4,770,roc_auc,0.895045864145149,0.9740392565727234,0.09178000688552856,0.895045864145149,,,,,roc_auc,0.7783946106021509,0.9718724489212036,0.11775880306959152,0.7783946106021509,,,,,roc_auc,0.7859147466342191,0.9708936214447021,0.11642110347747803,0.7859147466342191,,,,
questions,GCN,3,384,1e-05,4,3900,roc_auc,0.8876177198967841,0.9737122058868408,0.09406069666147232,0.8876177198967841,,,,,roc_auc,0.7809294055845153,0.9714636206626892,0.11750639975070953,0.7809294055845153,,,,,roc_auc,0.7885793183702023,0.9708118438720703,0.11604348570108414,0.7885793183702023,,,,
questions,GCN,3,512,3e-05,4,990,roc_auc,0.8729326209814754,0.9727718830108643,0.09830692410469055,0.8729326209814754,,,,,roc_auc,0.7802541144958408,0.9708912372589111,0.11629382520914078,0.7802541144958408,,,,,roc_auc,0.78616064316373,0.9705665707588196,0.11554180830717087,0.78616064316373,,,,
questions,GCN,3,512,6e-05,4,690,roc_auc,0.8896184818939092,0.9734259843826294,0.09352222084999084,0.8896184818939092,,,,,roc_auc,0.7806602820543904,0.9714636206626892,0.1164916530251503,0.7806602820543904,,,,,roc_auc,0.7847457568418112,0.9713841676712036,0.11581944674253464,0.7847457568418112,,,,
questions,GCN,3,512,0.0001,4,500,roc_auc,0.8828032835148849,0.9735077619552612,0.09629742801189423,0.8828032835148849,,,,,roc_auc,0.7806979200942106,0.9716271758079529,0.11667346954345703,0.7806979200942106,,,,,roc_auc,0.7831025215361491,0.9713841676712036,0.11623328924179077,0.7831025215361491,,,,
questions,GCN,3,512,1e-05,4,2410,roc_auc,0.8854277286135693,0.9732216000556946,0.09490340948104858,0.8854277286135693,,,,,roc_auc,0.7798223161248983,0.9710547924041748,0.11687590926885605,0.7798223161248983,,,,,roc_auc,0.7867108510790586,0.9712206721305847,0.11580996215343475,0.7867108510790586,,,,
questions,GCN,4,256,3e-05,4,1680,roc_auc,0.8769723025590402,0.9732624888420105,0.09600494801998138,0.8769723025590402,,,,,roc_auc,0.7759425962165687,0.9719542264938354,0.11584005504846573,0.7759425962165687,,,,,roc_auc,0.7885000080811067,0.9712206721305847,0.11359234154224396,0.7885000080811067,,,,
questions,GCN,4,256,6e-05,4,970,roc_auc,0.872436572398386,0.973017156124115,0.09724560379981995,0.872436572398386,,,,,roc_auc,0.7766484826443609,0.9720360040664673,0.11566270887851715,0.7766484826443609,,,,,roc_auc,0.7887927750289188,0.9711388945579529,0.11358483135700226,0.7887927750289188,,,,
questions,GCN,4,256,0.0001,4,720,roc_auc,0.8810083761956715,0.9733850955963135,0.0950060561299324,0.8810083761956715,,,,,roc_auc,0.7780647582102305,0.9721994996070862,0.11535658687353134,0.7780647582102305,,,,,roc_auc,0.7885109752972115,0.9717112183570862,0.11343932151794434,0.7885109752972115,,,,
questions,GCN,4,256,1e-05,4,4000,roc_auc,0.8820691685572277,0.9737122058868408,0.09466225653886795,0.8820691685572277,,,,,roc_auc,0.7766923552061145,0.972281277179718,0.11589396744966507,0.7766923552061145,,,,,roc_auc,0.7885900546975473,0.9716294407844543,0.1135886088013649,0.7885900546975473,,,,
questions,GCN,4,384,3e-05,4,1460,roc_auc,0.8942046366370527,0.9742436408996582,0.09044066816568375,0.8942046366370527,,,,,roc_auc,0.7797214092328651,0.9713000655174255,0.11787175387144089,0.7797214092328651,,,,,roc_auc,0.7856353712344929,0.971057116985321,0.11686129122972488,0.7856353712344929,,,,
questions,GCN,4,384,6e-05,4,870,roc_auc,0.888670517061231,0.9744889736175537,0.09200625866651535,0.888670517061231,,,,,roc_auc,0.7800800096981453,0.9713000655174255,0.11740385740995407,0.7800800096981453,,,,,roc_auc,0.7873409465053831,0.9707301259040833,0.11620490998029709,0.7873409465053831,,,,
questions,GCN,4,384,0.0001,4,620,roc_auc,0.8837566169636724,0.9742028117179871,0.09310247749090195,0.8837566169636724,,,,,roc_auc,0.7809743172332577,0.9712183475494385,0.1164306029677391,0.7809743172332577,,,,,roc_auc,0.788166373822756,0.9708936214447021,0.11501486599445343,0.788166373822756,,,,
questions,GCN,4,384,1e-05,4,3310,roc_auc,0.8932623579192861,0.9742436408996582,0.09096299111843109,0.8932623579192861,,,,,roc_auc,0.7800204353774483,0.9712183475494385,0.11831025779247284,0.7800204353774483,,,,,roc_auc,0.7859311397361866,0.9708936214447021,0.11718679219484329,0.7859311397361866,,,,
questions,GCN,4,512,3e-05,4,760,roc_auc,0.8602453688470175,0.9726083278656006,0.10062408447265625,0.8602453688470175,,,,,roc_auc,0.7777321349196729,0.9712183475494385,0.11588197946548462,0.7777321349196729,,,,,roc_auc,0.7877807895933817,0.9706483483314514,0.11442340910434723,0.7877807895933817,,,,
questions,GCN,4,512,6e-05,4,540,roc_auc,0.8732733837867793,0.9733442664146423,0.09734328836202621,0.8732733837867793,,,,,roc_auc,0.7778388145171998,0.9711365699768066,0.1158342957496643,0.7778388145171998,,,,,roc_auc,0.7875868430348941,0.9711388945579529,0.11423078179359436,0.7875868430348941,,,,
questions,GCN,4,512,0.0001,4,410,roc_auc,0.8695703375300903,0.9732216000556946,0.09808897972106934,0.8695703375300903,,,,,roc_auc,0.7785380046066189,0.9712183475494385,0.11518820375204086,0.7785380046066189,,,,,roc_auc,0.7872355457863957,0.971057116985321,0.11379903554916382,0.7872355457863957,,,,
questions,GCN,4,512,1e-05,4,1840,roc_auc,0.870753107158732,0.9729354381561279,0.09796109795570374,0.870753107158732,,,,,roc_auc,0.7773476727337801,0.9713818430900574,0.11640091985464096,0.7773476727337801,,,,,roc_auc,0.7880682460997116,0.9708118438720703,0.11461888253688812,0.7880682460997116,,,,
questions,GCN,5,256,3e-05,4,1630,roc_auc,0.8730952092317108,0.9732216000556946,0.09754534065723419,0.8730952092317108,,,,,roc_auc,0.7794353139485882,0.9721177220344543,0.1149909570813179,0.7794353139485882,,,,,roc_auc,0.7893478316082096,0.9714659452438354,0.11321691423654556,0.7893478316082096,,,,
questions,GCN,5,256,6e-05,4,1000,roc_auc,0.87662340023899,0.9734259843826294,0.09622364491224289,0.87662340023899,,,,,roc_auc,0.7782311275825641,0.9721994996070862,0.11499223113059998,0.7782311275825641,,,,,roc_auc,0.7894962930809566,0.9713023900985718,0.11305482685565948,0.7894962930809566,,,,
questions,GCN,5,256,0.0001,4,750,roc_auc,0.8857180668363842,0.9737530946731567,0.09358279407024384,0.8857180668363842,,,,,roc_auc,0.7771774933758204,0.9718724489212036,0.11525650322437286,0.7771774933758204,,,,,roc_auc,0.789280412090259,0.9716294407844543,0.11312413960695267,0.789280412090259,,,,
questions,GCN,5,256,1e-05,4,3810,roc_auc,0.8772824122981719,0.9735486507415771,0.09668347984552383,0.8772824122981719,,,,,roc_auc,0.7809309064879437,0.9721994996070862,0.11517823487520218,0.7809309064879437,,,,,roc_auc,0.7900127912373097,0.9714659452438354,0.11324483901262283,0.7900127912373097,,,,
questions,GCN,5,384,3e-05,4,1080,roc_auc,0.8877515023466048,0.9740801453590393,0.0927613228559494,0.8877515023466048,,,,,roc_auc,0.7819901979460713,0.9713818430900574,0.11760837584733963,0.7819901979460713,,,,,roc_auc,0.7887951993608999,0.9707301259040833,0.11642640084028244,0.7887951993608999,,,,
questions,GCN,5,384,6e-05,4,710,roc_auc,0.8944208821848536,0.97432541847229,0.09031251072883606,0.8944208821848536,,,,,roc_auc,0.782657869063494,0.970973014831543,0.11758151650428772,0.782657869063494,,,,,roc_auc,0.7889359260601835,0.9705665707588196,0.11662492156028748,0.7889359260601835,,,,
questions,GCN,5,384,0.0001,4,510,roc_auc,0.8891638524727384,0.9740801453590393,0.09207183867692947,0.8891638524727384,,,,,roc_auc,0.7828137321118289,0.9710547924041748,0.11699821054935455,0.7828137321118289,,,,,roc_auc,0.7879158595180428,0.9705665707588196,0.1163005381822586,0.7879158595180428,,,,
questions,GCN,5,384,1e-05,4,2700,roc_auc,0.9008214848553071,0.974938690662384,0.08837466686964035,0.9008214848553071,,,,,roc_auc,0.7821798890486004,0.9713000655174255,0.11877447366714478,0.7821798890486004,,,,,roc_auc,0.7890176606812604,0.9711388945579529,0.11780503392219543,0.7890176606812604,,,,
questions,GCN,5,512,3e-05,4,840,roc_auc,0.8619280547714298,0.9729762673377991,0.09998604655265808,0.8619280547714298,,,,,roc_auc,0.7796775366711116,0.9706459641456604,0.11664640158414841,0.7796775366711116,,,,,roc_auc,0.7848862526523347,0.9705665707588196,0.1159057766199112,0.7848862526523347,,,,
questions,GCN,5,512,6e-05,4,570,roc_auc,0.8678592787581756,0.9733442664146423,0.09840923547744751,0.8678592787581756,,,,,roc_auc,0.7807848570389484,0.9708912372589111,0.11616148799657822,0.7807848570389484,,,,,roc_auc,0.7848422683435348,0.9708936214447021,0.11537181586027145,0.7848422683435348,,,,
questions,GCN,5,512,0.0001,4,440,roc_auc,0.8651504944322256,0.9731807112693787,0.09889264404773712,0.8651504944322256,,,,,roc_auc,0.7815816058512143,0.9713000655174255,0.11545944958925247,0.7815816058512143,,,,,roc_auc,0.7835103865308733,0.9711388945579529,0.11498700827360153,0.7835103865308733,,,,
questions,GCN,5,512,1e-05,4,1880,roc_auc,0.8636014466399968,0.9727718830108643,0.09992925077676773,0.8636014466399968,,,,,roc_auc,0.7791878957911205,0.9703189134597778,0.11719927191734314,0.7791878957911205,,,,,roc_auc,0.7846784527682408,0.9703212976455688,0.11618369072675705,0.7846784527682408,,,,
questions,GCN,1,256,3e-05,5,2430,roc_auc,0.8441113497162716,0.9727309942245483,0.10451456904411316,0.8441113497162716,,,,,roc_auc,0.7319239850140565,0.9708912372589111,0.12367846071720123,0.7319239850140565,,,,,roc_auc,0.7395134942935843,0.9712206721305847,0.12285444885492325,0.7395134942935843,,,,
questions,GCN,1,256,6e-05,5,1350,roc_auc,0.8401250656645249,0.9726083278656006,0.10533842444419861,0.8401250656645249,,,,,roc_auc,0.7311574851785786,0.970973014831543,0.12357061356306076,0.7311574851785786,,,,,roc_auc,0.7395856470311168,0.9713023900985718,0.12265735864639282,0.7395856470311168,,,,
questions,GCN,1,256,0.0001,5,890,roc_auc,0.8395717229794087,0.9726901054382324,0.10542784631252289,0.8395717229794087,,,,,roc_auc,0.730935351471174,0.970973014831543,0.12349935621023178,0.730935351471174,,,,,roc_auc,0.7401226942871194,0.9713023900985718,0.12247956544160843,0.7401226942871194,,,,
questions,GCN,1,256,1e-05,5,5000,roc_auc,0.8312646554560725,0.9725266098976135,0.10705877840518951,0.8312646554560725,,,,,roc_auc,0.7322987490547195,0.9710547924041748,0.12313209474086761,0.7322987490547195,,,,,roc_auc,0.7403216049539492,0.9712206721305847,0.12218517810106277,0.7403216049539492,,,,
questions,GCN,1,384,3e-05,5,1930,roc_auc,0.8727857056266561,0.9728536605834961,0.09780694544315338,0.8727857056266561,,,,,roc_auc,0.7345391360568958,0.9705641865730286,0.12508369982242584,0.7345391360568958,,,,,roc_auc,0.7389728682618002,0.970975399017334,0.12412654608488083,0.7389728682618002,,,,
questions,GCN,1,384,6e-05,5,1150,roc_auc,0.8783178624826097,0.9729354381561279,0.09627359360456467,0.8783178624826097,,,,,roc_auc,0.7343904311633733,0.9704824090003967,0.12545038759708405,0.7343904311633733,,,,,roc_auc,0.737624016125271,0.970975399017334,0.12456876784563065,0.737624016125271,,,,
questions,GCN,1,384,0.0001,5,770,roc_auc,0.8758162605568351,0.9728536605834961,0.09691078215837479,0.8758162605568351,,,,,roc_auc,0.7344818708183964,0.9706459641456604,0.12531009316444397,0.7344818708183964,,,,,roc_auc,0.7372948841977423,0.9708936214447021,0.12450598180294037,0.7372948841977423,,,,
questions,GCN,1,384,1e-05,5,4670,roc_auc,0.8800291521627441,0.973017156124115,0.0958297848701477,0.8800291521627441,,,,,roc_auc,0.7355985429691333,0.9704006314277649,0.12538830935955048,0.7355985429691333,,,,,roc_auc,0.7382160149061783,0.9708936214447021,0.1245407685637474,0.7382160149061783,,,,
questions,GCN,1,512,3e-05,5,1790,roc_auc,0.8873138735431134,0.9733850955963135,0.09480185061693192,0.8873138735431134,,,,,roc_auc,0.7323392734472867,0.9708095192909241,0.1273087114095688,0.7323392734472867,,,,,roc_auc,0.7251898482829957,0.970975399017334,0.1273975819349289,0.7251898482829957,,,,
questions,GCN,1,512,6e-05,5,1050,roc_auc,0.8888752171980442,0.9733442664146423,0.09457769989967346,0.8888752171980442,,,,,roc_auc,0.7324593457215594,0.9708095192909241,0.12732724845409393,0.7324593457215594,,,,,roc_auc,0.7254442876966307,0.970975399017334,0.12757129967212677,0.7254442876966307,,,,
questions,GCN,1,512,0.0001,5,760,roc_auc,0.8965039052352666,0.9735486507415771,0.09238812327384949,0.8965039052352666,,,,,roc_auc,0.7330513943970121,0.9707277417182922,0.12755751609802246,0.7330513943970121,,,,,roc_auc,0.7228158500516035,0.9711388945579529,0.12824983894824982,0.7228158500516035,,,,
questions,GCN,1,512,1e-05,5,4120,roc_auc,0.885951457319502,0.9733442664146423,0.0951920673251152,0.885951457319502,,,,,roc_auc,0.7324008104878514,0.9707277417182922,0.1271568089723587,0.7324008104878514,,,,,roc_auc,0.7265443571941474,0.971057116985321,0.12699542939662933,0.7265443571941474,,,,
questions,GCN,2,256,3e-05,5,2350,roc_auc,0.8792977215131416,0.9735077619552612,0.09517757594585419,0.8792977215131416,,,,,roc_auc,0.7639649250414191,0.9700735807418823,0.12380805611610413,0.7639649250414191,,,,,roc_auc,0.7741278754308962,0.971057116985321,0.12150422483682632,0.7741278754308962,,,,
questions,GCN,2,256,6e-05,5,1330,roc_auc,0.8771315715036168,0.9734668731689453,0.09575646370649338,0.8771315715036168,,,,,roc_auc,0.7637076932846116,0.9701553583145142,0.12361101806163788,0.7637076932846116,,,,,roc_auc,0.7738568120265337,0.971057116985321,0.12128454446792603,0.7738568120265337,,,,
questions,GCN,2,256,0.0001,5,900,roc_auc,0.8789879004092849,0.9734668731689453,0.09541842341423035,0.8789879004092849,,,,,roc_auc,0.7639265942769398,0.9703189134597778,0.12368184328079224,0.7639265942769398,,,,,roc_auc,0.773461068691715,0.971057116985321,0.12147683650255203,0.773461068691715,,,,
questions,GCN,2,256,1e-05,5,5000,roc_auc,0.8706544516218416,0.9731807112693787,0.09750296175479889,0.8706544516218416,,,,,roc_auc,0.7643874870835714,0.9698283076286316,0.12315943092107773,0.7643874870835714,,,,,roc_auc,0.7767226033169479,0.970975399017334,0.12082042545080185,0.7767226033169479,,,,
questions,GCN,2,384,3e-05,5,1740,roc_auc,0.8921046995595426,0.9737939834594727,0.09247206151485443,0.8921046995595426,,,,,roc_auc,0.7690428277020591,0.9699918031692505,0.1259390413761139,0.7690428277020591,,,,,roc_auc,0.7728471354785977,0.970975399017334,0.12404149025678635,0.7728471354785977,,,,
questions,GCN,2,384,6e-05,5,990,roc_auc,0.8861685976366545,0.9734668731689453,0.09401503950357437,0.8861685976366545,,,,,roc_auc,0.7686996980875027,0.9695829749107361,0.12494033575057983,0.7686996980875027,,,,,roc_auc,0.7737455236441635,0.9708936214447021,0.12300220131874084,0.7737455236441635,,,,
questions,GCN,2,384,0.0001,5,670,roc_auc,0.8799186337160637,0.9730580449104309,0.09525039792060852,0.8799186337160637,,,,,roc_auc,0.7683278203995867,0.9694194793701172,0.12404964864253998,0.7683278203995867,,,,,roc_auc,0.7740759254598727,0.9706483483314514,0.12195069342851639,0.7740759254598727,,,,
questions,GCN,2,384,1e-05,5,3800,roc_auc,0.8845761968261665,0.9732624888420105,0.0947236493229866,0.8845761968261665,,,,,roc_auc,0.7693016758164049,0.9699100852012634,0.12534309923648834,0.7693016758164049,,,,,roc_auc,0.775755410300871,0.9704848527908325,0.12314584106206894,0.775755410300871,,,,
questions,GCN,2,512,3e-05,5,1170,roc_auc,0.8914576081372056,0.9735077619552612,0.0928831622004509,0.8914576081372056,,,,,roc_auc,0.7648038146037903,0.9699100852012634,0.12616164982318878,0.7648038146037903,,,,,roc_auc,0.7693556356483009,0.9714659452438354,0.12410500645637512,0.7693556356483009,,,,
questions,GCN,2,512,6e-05,5,730,roc_auc,0.8937291966125764,0.9736713171005249,0.09197879582643509,0.8937291966125764,,,,,roc_auc,0.765492152006881,0.9698283076286316,0.12573856115341187,0.765492152006881,,,,,roc_auc,0.7677696607551447,0.9714659452438354,0.12399027496576309,0.7677696607551447,,,,
questions,GCN,2,512,0.0001,5,570,roc_auc,0.9029187664882901,0.9741619229316711,0.08920980244874954,0.9029187664882901,,,,,roc_auc,0.7655780498646301,0.9697465300559998,0.127082958817482,0.7655780498646301,,,,,roc_auc,0.7645165535696556,0.9713841676712036,0.1255044937133789,0.7645165535696556,,,,
questions,GCN,2,512,1e-05,5,2760,roc_auc,0.8942851947422197,0.9735486507415771,0.09207616001367569,0.8942851947422197,,,,,roc_auc,0.7644385178001374,0.9700735807418823,0.1263791024684906,0.7644385178001374,,,,,roc_auc,0.769291448572992,0.9713841676712036,0.12428487092256546,0.769291448572992,,,,
questions,GCN,3,256,3e-05,5,1910,roc_auc,0.8951118173054164,0.9745707511901855,0.0906929299235344,0.8951118173054164,,,,,roc_auc,0.7686881526765149,0.9719542264938354,0.12032626569271088,0.7686881526765149,,,,,roc_auc,0.7764914836680836,0.9714659452438354,0.11925108730792999,0.7764914836680836,,,,
questions,GCN,3,256,6e-05,5,1140,roc_auc,0.8967120978589035,0.9747751355171204,0.09004728496074677,0.8967120978589035,,,,,roc_auc,0.7687026998943594,0.971545398235321,0.12074678391218185,0.7687026998943594,,,,,roc_auc,0.7763532967451612,0.9715477228164673,0.119698666036129,0.7763532967451612,,,,
questions,GCN,3,256,0.0001,5,800,roc_auc,0.8971222197207165,0.9748160243034363,0.08955173939466476,0.8971222197207165,,,,,roc_auc,0.7686846890532186,0.9713818430900574,0.12093251198530197,0.7686846890532186,,,,,roc_auc,0.7748302390391333,0.9715477228164673,0.11993560194969177,0.7748302390391333,,,,
questions,GCN,3,256,1e-05,5,4240,roc_auc,0.888794659092877,0.9742436408996582,0.09282256662845612,0.888794659092877,,,,,roc_auc,0.7689780579464176,0.9717088937759399,0.12004107236862183,0.7689780579464176,,,,,roc_auc,0.7785236510901412,0.9714659452438354,0.11884981393814087,0.7785236510901412,,,,
questions,GCN,3,384,3e-05,5,1250,roc_auc,0.8835298650918726,0.9739574790000916,0.09553324431180954,0.8835298650918726,,,,,roc_auc,0.7685995993742387,0.9713000655174255,0.12251127511262894,0.7685995993742387,,,,,roc_auc,0.7781548062958747,0.9717112183570862,0.1203111931681633,0.7781548062958747,,,,
questions,GCN,3,384,6e-05,5,730,roc_auc,0.8774790306472934,0.9737122058868408,0.09622711688280106,0.8774790306472934,,,,,roc_auc,0.769092934785746,0.9708912372589111,0.12172527611255646,0.769092934785746,,,,,roc_auc,0.7775002366609791,0.9713841676712036,0.1195877268910408,0.7775002366609791,,,,
questions,GCN,3,384,0.0001,5,550,roc_auc,0.8819957974704005,0.9737939834594727,0.09498319774866104,0.8819957974704005,,,,,roc_auc,0.7687778605198898,0.9711365699768066,0.12175629287958145,0.7687778605198898,,,,,roc_auc,0.7779620141811876,0.971792995929718,0.11956577748060226,0.7779620141811876,,,,
questions,GCN,3,384,1e-05,5,2760,roc_auc,0.876691777935565,0.9735486507415771,0.09714248776435852,0.876691777935565,,,,,roc_auc,0.7680374533132444,0.970973014831543,0.12236323952674866,0.7680374533132444,,,,,roc_auc,0.7786632233456242,0.9714659452438354,0.12001919001340866,0.7786632233456242,,,,
questions,GCN,3,512,3e-05,5,920,roc_auc,0.8787911666060533,0.9734259843826294,0.09663393348455429,0.8787911666060533,,,,,roc_auc,0.7663649850775562,0.9707277417182922,0.12236394733190536,0.7663649850775562,,,,,roc_auc,0.7771189238736669,0.9714659452438354,0.12013006210327148,0.7771189238736669,,,,
questions,GCN,3,512,6e-05,5,600,roc_auc,0.8821971783015545,0.9736713171005249,0.09578993916511536,0.8821971783015545,,,,,roc_auc,0.7660357099561852,0.970973014831543,0.12237254530191422,0.7660357099561852,,,,,roc_auc,0.7758149796009779,0.9714659452438354,0.12035474926233292,0.7758149796009779,,,,
questions,GCN,3,512,0.0001,5,440,roc_auc,0.8743125285027334,0.9735895395278931,0.09683305770158768,0.8743125285027334,,,,,roc_auc,0.7655108555726813,0.9708912372589111,0.12123853713274002,0.7655108555726813,,,,,roc_auc,0.7766729622335256,0.9714659452438354,0.11912934482097626,0.7766729622335256,,,,
questions,GCN,3,512,1e-05,5,1980,roc_auc,0.8714115708108919,0.9731807112693787,0.09877192974090576,0.8714115708108919,,,,,roc_auc,0.7658179635049558,0.9704006314277649,0.1224210262298584,0.7658179635049558,,,,,roc_auc,0.7779580890722659,0.9713023900985718,0.11992951482534409,0.7779580890722659,,,,
questions,GCN,4,256,3e-05,5,2210,roc_auc,0.9111147382943965,0.974938690662384,0.08762341737747192,0.9111147382943965,,,,,roc_auc,0.7708882461943439,0.9721994996070862,0.12276498973369598,0.7708882461943439,,,,,roc_auc,0.7774212727050234,0.9723653197288513,0.12050949782133102,0.7774212727050234,,,,
questions,GCN,4,256,6e-05,5,1290,roc_auc,0.9076159303580809,0.9748569130897522,0.08800885081291199,0.9076159303580809,,,,,roc_auc,0.7702828048421454,0.9721177220344543,0.12171877175569534,0.7702828048421454,,,,,roc_auc,0.7780091154882489,0.9721199870109558,0.11942330747842789,0.7780091154882489,,,,
questions,GCN,4,256,0.0001,5,870,roc_auc,0.9032747403725705,0.9746525287628174,0.09058136492967606,0.9032747403725705,,,,,roc_auc,0.7696383400008082,0.9719542264938354,0.12190624326467514,0.7696383400008082,,,,,roc_auc,0.7763958957214003,0.9722835421562195,0.11989536136388779,0.7763958957214003,,,,
questions,GCN,4,256,1e-05,5,4970,roc_auc,0.9106697781549279,0.9748569130897522,0.08842366933822632,0.9106697781549279,,,,,roc_auc,0.7709340814759653,0.9721994996070862,0.12313223630189896,0.7709340814759653,,,,,roc_auc,0.7790054004880989,0.9724470376968384,0.1207299456000328,0.7790054004880989,,,,
questions,GCN,4,384,3e-05,5,1390,roc_auc,0.8869620560067888,0.9739983677864075,0.09417538344860077,0.8869620560067888,,,,,roc_auc,0.7694933296388018,0.9706459641456604,0.12223166227340698,0.7694933296388018,,,,,roc_auc,0.7826388969058597,0.9714659452438354,0.11976450681686401,0.7826388969058597,,,,
questions,GCN,4,384,6e-05,5,860,roc_auc,0.8873843582771939,0.974366307258606,0.09402432292699814,0.8873843582771939,,,,,roc_auc,0.7685124315212811,0.9711365699768066,0.12190504372119904,0.7685124315212811,,,,,roc_auc,0.7812951243220528,0.9717112183570862,0.11953676491975784,0.7812951243220528,,,,
questions,GCN,4,384,0.0001,5,600,roc_auc,0.8805892777768156,0.9739165902137756,0.09516063332557678,0.8805892777768156,,,,,roc_auc,0.7676435238903416,0.9712183475494385,0.12136777490377426,0.7676435238903416,,,,,roc_auc,0.7809901202699552,0.9714659452438354,0.11897911876440048,0.7809901202699552,,,,
questions,GCN,4,384,1e-05,5,3250,roc_auc,0.8918587534419755,0.9741210341453552,0.09387454390525818,0.8918587534419755,,,,,roc_auc,0.771086365446894,0.9708912372589111,0.12247571349143982,0.771086365446894,,,,,roc_auc,0.7812915455462712,0.9714659452438354,0.12030547857284546,0.7812915455462712,,,,
questions,GCN,4,512,3e-05,5,970,roc_auc,0.8666279895398576,0.9731398224830627,0.09974401444196701,0.8666279895398576,,,,,roc_auc,0.7654390431163374,0.9705641865730286,0.12276622653007507,0.7654390431163374,,,,,roc_auc,0.7784158260391727,0.9713841676712036,0.11991367489099503,0.7784158260391727,,,,
questions,GCN,4,512,6e-05,5,630,roc_auc,0.8686860456390096,0.9734259843826294,0.09897466748952866,0.8686860456390096,,,,,roc_auc,0.7655690444440597,0.9708095192909241,0.12230125069618225,0.7655690444440597,,,,,roc_auc,0.7776627823480925,0.9714659452438354,0.1198468878865242,0.7776627823480925,,,,
questions,GCN,4,512,0.0001,5,500,roc_auc,0.8716434892541087,0.9736713171005249,0.09748087078332901,0.8716434892541087,,,,,roc_auc,0.7643720162328478,0.9711365699768066,0.12187763303518295,0.7643720162328478,,,,,roc_auc,0.7750402323664483,0.9715477228164673,0.1196819543838501,0.7750402323664483,,,,
questions,GCN,4,512,1e-05,5,2250,roc_auc,0.870823014622263,0.9735077619552612,0.09922238439321518,0.870823014622263,,,,,roc_auc,0.7660966697262006,0.9706459641456604,0.12321123480796814,0.7660966697262006,,,,,roc_auc,0.7786752295611497,0.9715477228164673,0.12038546800613403,0.7786752295611497,,,,
questions,GCN,5,256,3e-05,5,2410,roc_auc,0.8936405855832452,0.9746116399765015,0.09247615933418274,0.8936405855832452,,,,,roc_auc,0.7750959712288358,0.9720360040664673,0.1202753484249115,0.7750959712288358,,,,,roc_auc,0.7824391781283696,0.9725288152694702,0.11889129132032394,0.7824391781283696,,,,
questions,GCN,5,256,6e-05,5,1400,roc_auc,0.8908172130532416,0.9745298624038696,0.09247735887765884,0.8908172130532416,,,,,roc_auc,0.7745587632555749,0.9718724489212036,0.12008480727672577,0.7745587632555749,,,,,roc_auc,0.7824564947853774,0.9721199870109558,0.11853517591953278,0.7824564947853774,,,,
questions,GCN,5,256,0.0001,5,1000,roc_auc,0.8975126855203228,0.9744889736175537,0.08980771899223328,0.8975126855203228,,,,,roc_auc,0.7728331861293432,0.9717906713485718,0.11978262662887573,0.7728331861293432,,,,,roc_auc,0.7793707819509639,0.9723653197288513,0.11835486441850662,0.7793707819509639,,,,
questions,GCN,5,256,1e-05,5,4980,roc_auc,0.8824762308851289,0.9742436408996582,0.09486217796802521,0.8824762308851289,,,,,roc_auc,0.7739620964157271,0.9716271758079529,0.11975812166929245,0.7739620964157271,,,,,roc_auc,0.785752893613386,0.9722017645835876,0.1177864596247673,0.785752893613386,,,,
questions,GCN,5,384,3e-05,5,1000,roc_auc,0.886877226099556,0.9739983677864075,0.09455273300409317,0.886877226099556,,,,,roc_auc,0.7686253456407414,0.9704006314277649,0.12320681661367416,0.7686253456407414,,,,,roc_auc,0.7826666035570722,0.9711388945579529,0.12026865035295486,0.7826666035570722,,,,
questions,GCN,5,384,6e-05,5,610,roc_auc,0.8816641844033044,0.9740392565727234,0.09544560313224792,0.8816641844033044,,,,,roc_auc,0.7676587638328456,0.9704824090003967,0.12268639355897903,0.7676587638328456,,,,,roc_auc,0.7811351184113007,0.9713023900985718,0.11978186666965485,0.7811351184113007,,,,
questions,GCN,5,384,0.0001,5,420,roc_auc,0.8692265151908746,0.9734668731689453,0.09740402549505234,0.8692265151908746,,,,,roc_auc,0.7667559126936021,0.970237135887146,0.12152749300003052,0.7667559126936021,,,,,roc_auc,0.7802427333534976,0.970975399017334,0.1184641495347023,0.7802427333534976,,,,
questions,GCN,5,384,1e-05,5,2270,roc_auc,0.8868316794532093,0.9740392565727234,0.09520408511161804,0.8868316794532093,,,,,roc_auc,0.7690532185719481,0.9704824090003967,0.12357083708047867,0.7690532185719481,,,,,roc_auc,0.7825959515964803,0.971057116985321,0.12083759158849716,0.7825959515964803,,,,
questions,GCN,5,512,3e-05,5,770,roc_auc,0.8592733029689024,0.973017156124115,0.10139178484678268,0.8592733029689024,,,,,roc_auc,0.7626250800962888,0.9704006314277649,0.12312153726816177,0.7626250800962888,,,,,roc_auc,0.777561883959927,0.971057116985321,0.11986631900072098,0.777561883959927,,,,
questions,GCN,5,512,6e-05,5,530,roc_auc,0.8640322347874779,0.9733850955963135,0.10020677000284195,0.8640322347874779,,,,,roc_auc,0.7626303909853431,0.9706459641456604,0.1226797103881836,0.7626303909853431,,,,,roc_auc,0.7781714302866023,0.9712206721305847,0.11973588168621063,0.7781714302866023,,,,
questions,GCN,5,512,0.0001,5,460,roc_auc,0.8770602208637122,0.9738757014274597,0.097151979804039,0.8770602208637122,,,,,roc_auc,0.7627902949275236,0.9713000655174255,0.12295877933502197,0.7627902949275236,,,,,roc_auc,0.7755988677215204,0.9716294407844543,0.12032618373632431,0.7755988677215204,,,,
questions,GCN,5,512,1e-05,5,1640,roc_auc,0.856423808946539,0.972894549369812,0.10250167548656464,0.856423808946539,,,,,roc_auc,0.761429899150835,0.9700735807418823,0.1235138550400734,0.761429899150835,,,,,roc_auc,0.7768172677085907,0.971057116985321,0.12011580914258957,0.7768172677085907,,,,
questions,GCN,1,256,3e-05,6,1930,roc_auc,0.8346649810366625,0.972281277179718,0.10694802552461624,0.8346649810366625,,,,,roc_auc,0.7511907359622234,0.971545398235321,0.12086766958236694,0.7511907359622234,,,,,roc_auc,0.7255438007522357,0.9714659452438354,0.12335830926895142,0.7255438007522357,,,,
questions,GCN,1,256,6e-05,6,1540,roc_auc,0.8825554324045051,0.9732216000556946,0.09626199305057526,0.8825554324045051,,,,,roc_auc,0.7519910638518954,0.9711365699768066,0.12266814708709717,0.7519910638518954,,,,,roc_auc,0.7305797154988698,0.9713023900985718,0.12521231174468994,0.7305797154988698,,,,
questions,GCN,1,256,0.0001,6,1080,roc_auc,0.8913033903099365,0.973630428314209,0.09369196742773056,0.8913033903099365,,,,,roc_auc,0.7532475509296943,0.9711365699768066,0.12299291789531708,0.7532475509296943,,,,,roc_auc,0.7303326645255582,0.9713023900985718,0.12580455839633942,0.7303326645255582,,,,
questions,GCN,1,256,1e-05,6,4920,roc_auc,0.8455103937562416,0.9724039435386658,0.10492551326751709,0.8455103937562416,,,,,roc_auc,0.7518077227254099,0.971545398235321,0.12097475677728653,0.7518077227254099,,,,,roc_auc,0.7274899621111544,0.9713023900985718,0.12343684583902359,0.7274899621111544,,,,
questions,GCN,1,384,3e-05,6,2270,roc_auc,0.8904240918091082,0.9733033776283264,0.09345502406358719,0.8904240918091082,,,,,roc_auc,0.7509810712986855,0.9711365699768066,0.12319938093423843,0.7509810712986855,,,,,roc_auc,0.728724524311432,0.9714659452438354,0.12565578520298004,0.728724524311432,,,,
questions,GCN,1,384,6e-05,6,1150,roc_auc,0.8725160336895093,0.9726492166519165,0.09839931130409241,0.8725160336895093,,,,,roc_auc,0.7509852276466411,0.9713000655174255,0.12188306450843811,0.7509852276466411,,,,,roc_auc,0.7284303720310592,0.9716294407844543,0.12415069341659546,0.7284303720310592,,,,
questions,GCN,1,384,0.0001,6,790,roc_auc,0.875507767175242,0.9728127717971802,0.09770222753286362,0.875507767175242,,,,,roc_auc,0.7500124113168118,0.9712183475494385,0.12234114110469818,0.7500124113168118,,,,,roc_auc,0.7288607486798935,0.9715477228164673,0.12441723048686981,0.7288607486798935,,,,
questions,GCN,1,384,1e-05,6,4760,roc_auc,0.8759425096259864,0.9726901054382324,0.09753146767616272,0.8759425096259864,,,,,roc_auc,0.7505435002222491,0.9713000655174255,0.12234293669462204,0.7505435002222491,,,,,roc_auc,0.7288873008873056,0.9714659452438354,0.12455131858587265,0.7288873008873056,,,,
questions,GCN,1,512,3e-05,6,2040,roc_auc,0.8787782646092744,0.9729762673377991,0.0968550369143486,0.8787782646092744,,,,,roc_auc,0.7493702555576722,0.9712183475494385,0.12250463664531708,0.7493702555576722,,,,,roc_auc,0.7274089201563578,0.9713841676712036,0.12506133317947388,0.7274089201563578,,,,
questions,GCN,1,512,6e-05,6,1080,roc_auc,0.8651982058431325,0.9725266098976135,0.10044015198945999,0.8651982058431325,,,,,roc_auc,0.7481898527382829,0.9714636206626892,0.12173862010240555,0.7481898527382829,,,,,roc_auc,0.7277093064332535,0.9713841676712036,0.12394309043884277,0.7277093064332535,,,,
questions,GCN,1,512,0.0001,6,750,roc_auc,0.8663642634893696,0.9726492166519165,0.09995456784963608,0.8663642634893696,,,,,roc_auc,0.7471503039329442,0.9714636206626892,0.12190040946006775,0.7471503039329442,,,,,roc_auc,0.7284329118074203,0.9713023900985718,0.12392330914735794,0.7284329118074203,,,,
questions,GCN,1,512,1e-05,6,4270,roc_auc,0.8667291850671655,0.9726492166519165,0.09992171078920364,0.8667291850671655,,,,,roc_auc,0.75019332790699,0.9714636206626892,0.12184377759695053,0.75019332790699,,,,,roc_auc,0.7273021341048096,0.9714659452438354,0.1243588849902153,0.7273021341048096,,,,
questions,GCN,2,256,3e-05,6,1700,roc_auc,0.8626878005414798,0.9726901054382324,0.10076789557933807,0.8626878005414798,,,,,roc_auc,0.7766481362820313,0.9707277417182922,0.11922351270914078,0.7766481362820313,,,,,roc_auc,0.7610928195904495,0.9704848527908325,0.1226905807852745,0.7610928195904495,,,,
questions,GCN,2,256,6e-05,6,1000,roc_auc,0.8651093350420542,0.9729762673377991,0.0999736338853836,0.8651093350420542,,,,,roc_auc,0.7762204942590444,0.9706459641456604,0.11922650784254074,0.7762204942590444,,,,,roc_auc,0.761295309033061,0.9705665707588196,0.12260908633470535,0.761295309033061,,,,
questions,GCN,2,256,0.0001,6,690,roc_auc,0.8674243631262664,0.9731398224830627,0.09928013384342194,0.8674243631262664,,,,,roc_auc,0.7755256914258005,0.9708095192909241,0.11937779933214188,0.7755256914258005,,,,,roc_auc,0.7615423600063725,0.9704030752182007,0.1226874589920044,0.7615423600063725,,,,
questions,GCN,2,256,1e-05,6,3860,roc_auc,0.8581303650081684,0.9725674390792847,0.10209083557128906,0.8581303650081684,,,,,roc_auc,0.7771143399777174,0.9707277417182922,0.11912331730127335,0.7771143399777174,,,,,roc_auc,0.7610030038627691,0.9704848527908325,0.12266863882541656,0.7610030038627691,,,,
questions,GCN,2,384,3e-05,6,1680,roc_auc,0.8706425598485241,0.9728536605834961,0.09903433918952942,0.8706425598485241,,,,,roc_auc,0.775480895231168,0.9707277417182922,0.12008391320705414,0.775480895231168,,,,,roc_auc,0.7616123193006841,0.97015780210495,0.12330233305692673,0.7616123193006841,,,,
questions,GCN,2,384,6e-05,6,1040,roc_auc,0.8775182561811243,0.9732216000556946,0.09723097831010818,0.8775182561811243,,,,,roc_auc,0.7755503986053145,0.9708912372589111,0.12048353999853134,0.7755503986053145,,,,,roc_auc,0.7631595048821428,0.970239520072937,0.12347190827131271,0.7631595048821428,,,,
questions,GCN,2,384,0.0001,6,740,roc_auc,0.8801799352302443,0.9734259843826294,0.09644614905118942,0.8801799352302443,,,,,roc_auc,0.7757651432496868,0.9704824090003967,0.12057264894247055,0.7757651432496868,,,,,roc_auc,0.7628908658097615,0.9703212976455688,0.12365958839654922,0.7628908658097615,,,,
questions,GCN,2,384,1e-05,6,4020,roc_auc,0.8791401843802134,0.9733442664146423,0.09695439040660858,0.8791401843802134,,,,,roc_auc,0.7758750555622904,0.9704824090003967,0.12121845781803131,0.7758750555622904,,,,,roc_auc,0.7630364411730073,0.97015780210495,0.12450037896633148,0.7630364411730073,,,,
questions,GCN,2,512,3e-05,6,1380,roc_auc,0.8996224939242274,0.9742436408996582,0.09136991202831268,0.8996224939242274,,,,,roc_auc,0.7758436520444036,0.970237135887146,0.12532015144824982,0.7758436520444036,,,,,roc_auc,0.7697915536273778,0.9700760245323181,0.12732961773872375,0.7697915536273778,,,,
questions,GCN,2,512,6e-05,6,840,roc_auc,0.8981637023823956,0.9741619229316711,0.0918240025639534,0.8981637023823956,,,,,roc_auc,0.7758885636931461,0.970237135887146,0.12507838010787964,0.7758885636931461,,,,,roc_auc,0.7690095333969047,0.9700760245323181,0.12720419466495514,0.7690095333969047,,,,
questions,GCN,2,512,0.0001,6,600,roc_auc,0.8947318866933366,0.9740392565727234,0.09236884862184525,0.8947318866933366,,,,,roc_auc,0.7770427584295931,0.9703189134597778,0.12439671903848648,0.7770427584295931,,,,,roc_auc,0.7685066576773976,0.9697489738464355,0.12677223980426788,0.7685066576773976,,,,
questions,GCN,2,512,1e-05,6,2990,roc_auc,0.892079213064787,0.9737530946731567,0.09401858597993851,0.892079213064787,,,,,roc_auc,0.775343043023974,0.9701553583145142,0.12475116550922394,0.775343043023974,,,,,roc_auc,0.7694309053840951,0.9697489738464355,0.12669330835342407,0.7694309053840951,,,,
questions,GCN,3,256,3e-05,6,1520,roc_auc,0.845558797891808,0.9725674390792847,0.10296416282653809,0.845558797891808,,,,,roc_auc,0.770230157768041,0.9708095192909241,0.11738894134759903,0.770230157768041,,,,,roc_auc,0.7554265785287306,0.9708936214447021,0.11996673792600632,0.7554265785287306,,,,
questions,GCN,3,256,6e-05,6,910,roc_auc,0.8482497156942544,0.9726083278656006,0.10247357934713364,0.8482497156942544,,,,,roc_auc,0.7693228039185125,0.9707277417182922,0.11776270717382431,0.7693228039185125,,,,,roc_auc,0.75675395801057,0.9706483483314514,0.1199818029999733,0.75675395801057,,,,
questions,GCN,3,256,0.0001,6,650,roc_auc,0.8522644880476132,0.9726901054382324,0.10158468037843704,0.8522644880476132,,,,,roc_auc,0.7683586466469239,0.9707277417182922,0.11793160438537598,0.7683586466469239,,,,,roc_auc,0.7577555534519025,0.9706483483314514,0.11977805197238922,0.7577555534519025,,,,
questions,GCN,3,256,1e-05,6,3560,roc_auc,0.8457003734940455,0.9725674390792847,0.10308247804641724,0.8457003734940455,,,,,roc_auc,0.7710109739131439,0.9708912372589111,0.11732184886932373,0.7710109739131439,,,,,roc_auc,0.7552454462964289,0.9708936214447021,0.12005792558193207,0.7552454462964289,,,,
questions,GCN,3,384,3e-05,6,1130,roc_auc,0.8532511877341553,0.9725266098976135,0.10228649526834488,0.8532511877341553,,,,,roc_auc,0.7712619711480179,0.9712183475494385,0.11757291853427887,0.7712619711480179,,,,,roc_auc,0.7580277713000653,0.9706483483314514,0.11988628655672073,0.7580277713000653,,,,
questions,GCN,3,384,6e-05,6,720,roc_auc,0.8587275802550383,0.9727718830108643,0.10080515593290329,0.8587275802550383,,,,,roc_auc,0.7714543176950741,0.9710547924041748,0.11753768473863602,0.7714543176950741,,,,,roc_auc,0.7591628204447379,0.9706483483314514,0.11980899423360825,0.7591628204447379,,,,
questions,GCN,3,384,0.0001,6,510,roc_auc,0.8557829231826081,0.9727718830108643,0.10130196064710617,0.8557829231826081,,,,,roc_auc,0.772289743634149,0.9711365699768066,0.11725711077451706,0.772289743634149,,,,,roc_auc,0.759098633369429,0.9705665707588196,0.119679294526577,0.759098633369429,,,,
questions,GCN,3,384,1e-05,6,2950,roc_auc,0.869692257070121,0.9733442664146423,0.09866943210363388,0.869692257070121,,,,,roc_auc,0.7714708276327867,0.9708095192909241,0.11832176893949509,0.7714708276327867,,,,,roc_auc,0.7596561142807008,0.9708118438720703,0.12035589665174484,0.7596561142807008,,,,
questions,GCN,3,512,3e-05,6,980,roc_auc,0.874693613655912,0.9733033776283264,0.09723272919654846,0.874693613655912,,,,,roc_auc,0.7739885354068892,0.9704824090003967,0.11950906366109848,0.7739885354068892,,,,,roc_auc,0.7662541069338203,0.9696672558784485,0.1212049201130867,0.7662541069338203,,,,
questions,GCN,3,512,6e-05,6,620,roc_auc,0.8735719481149231,0.9733442664146423,0.09756386280059814,0.8735719481149231,,,,,roc_auc,0.7736153877237645,0.9706459641456604,0.1195409744977951,0.7736153877237645,,,,,roc_auc,0.7659779639767357,0.9699942469596863,0.12119835615158081,0.7659779639767357,,,,
questions,GCN,3,512,0.0001,6,530,roc_auc,0.8889576802960244,0.9741210341453552,0.09294232726097107,0.8889576802960244,,,,,roc_auc,0.7730519716675615,0.9707277417182922,0.12047509849071503,0.7730519716675615,,,,,roc_auc,0.7661722568683633,0.9704848527908325,0.12229347229003906,0.7661722568683633,,,,
questions,GCN,3,512,1e-05,6,2240,roc_auc,0.8766844177360602,0.9733033776283264,0.09681706130504608,0.8766844177360602,,,,,roc_auc,0.7740662360228369,0.9705641865730286,0.11966921389102936,0.7740662360228369,,,,,roc_auc,0.7663356106661372,0.9699125289916992,0.1213565543293953,0.7663356106661372,,,,
questions,GCN,4,256,3e-05,6,1640,roc_auc,0.845142585825699,0.9724857211112976,0.10324417799711227,0.845142585825699,,,,,roc_auc,0.7702070669460657,0.9704006314277649,0.11716636270284653,0.7702070669460657,,,,,roc_auc,0.7568463135146117,0.9705665707588196,0.11963022500276566,0.7568463135146117,,,,
questions,GCN,4,256,6e-05,6,1020,roc_auc,0.8526992016348303,0.9725266098976135,0.10144033282995224,0.8526992016348303,,,,,roc_auc,0.7698508910170929,0.9708095192909241,0.11710675060749054,0.7698508910170929,,,,,roc_auc,0.7594376935136421,0.9706483483314514,0.11902818083763123,0.7594376935136421,,,,
questions,GCN,4,256,0.0001,6,680,roc_auc,0.8481140571151482,0.9725266098976135,0.10237065702676773,0.8481140571151482,,,,,roc_auc,0.7693681773836945,0.9708912372589111,0.11691327393054962,0.7693681773836945,,,,,roc_auc,0.7579732815526807,0.9708936214447021,0.11880845576524734,0.7579732815526807,,,,
questions,GCN,4,256,1e-05,6,3880,roc_auc,0.8494891155637913,0.9726492166519165,0.10237588733434677,0.8494891155637913,,,,,roc_auc,0.7718110708945961,0.9706459641456604,0.1170574426651001,0.7718110708945961,,,,,roc_auc,0.7577107610324423,0.9703212976455688,0.1196061298251152,0.7577107610324423,,,,
questions,GCN,4,384,3e-05,6,890,roc_auc,0.8559057086284629,0.9728536605834961,0.10116025805473328,0.8559057086284629,,,,,roc_auc,0.7743947029654388,0.9706459641456604,0.11796937882900238,0.7743947029654388,,,,,roc_auc,0.7585916016522398,0.9700760245323181,0.12033340334892273,0.7585916016522398,,,,
questions,GCN,4,384,6e-05,6,530,roc_auc,0.8513726916393906,0.9728536605834961,0.10198879987001419,0.8513726916393906,,,,,roc_auc,0.7743598358242558,0.970973014831543,0.11753758043050766,0.7743598358242558,,,,,roc_auc,0.7575502933441697,0.9703212976455688,0.11993918567895889,0.7575502933441697,,,,
questions,GCN,4,384,0.0001,6,430,roc_auc,0.8614273591604177,0.9732624888420105,0.09930364787578583,0.8614273591604177,,,,,roc_auc,0.7750324714684032,0.9708912372589111,0.11769229173660278,0.7750324714684032,,,,,roc_auc,0.7602828618200037,0.97015780210495,0.11993765830993652,0.7602828618200037,,,,
questions,GCN,4,384,1e-05,6,1930,roc_auc,0.8476561949789007,0.9724039435386658,0.10314326733350754,0.8476561949789007,,,,,roc_auc,0.773933925612917,0.9704006314277649,0.11798515915870667,0.773933925612917,,,,,roc_auc,0.7571064097028692,0.970239520072937,0.12050244212150574,0.7571064097028692,,,,
questions,GCN,4,512,3e-05,6,1010,roc_auc,0.8826779003515578,0.9738348126411438,0.09488971531391144,0.8826779003515578,,,,,roc_auc,0.7743337431954234,0.9704824090003967,0.11981138586997986,0.7743337431954234,,,,,roc_auc,0.769169539307657,0.9700760245323181,0.12101585417985916,0.769169539307657,,,,
questions,GCN,4,512,6e-05,6,620,roc_auc,0.8755848905206403,0.9734259843826294,0.09689967334270477,0.8755848905206403,,,,,roc_auc,0.7760439649250415,0.9706459641456604,0.119174063205719,0.7760439649250415,,,,,roc_auc,0.7674831278038554,0.97015780210495,0.12082120031118393,0.7674831278038554,,,,
questions,GCN,4,512,0.0001,6,500,roc_auc,0.8815257837890884,0.9738348126411438,0.09462637454271317,0.8815257837890884,,,,,roc_auc,0.7760558566983587,0.9708912372589111,0.11904382705688477,0.7760558566983587,,,,,roc_auc,0.7660500012698881,0.9699942469596863,0.1210024282336235,0.7660500012698881,,,,
questions,GCN,4,512,1e-05,6,2140,roc_auc,0.8760930329217396,0.9733850955963135,0.09709592163562775,0.8760930329217396,,,,,roc_auc,0.7733018143613367,0.9704006314277649,0.11957816034555435,0.7733018143613367,,,,,roc_auc,0.7682011918477797,0.9698307514190674,0.12077884376049042,0.7682011918477797,,,,
questions,GCN,5,256,3e-05,6,1390,roc_auc,0.8516943179259824,0.9724857211112976,0.10180117189884186,0.8516943179259824,,,,,roc_auc,0.7741554820497722,0.9704824090003967,0.11734608560800552,0.7741554820497722,,,,,roc_auc,0.7614368438430048,0.9708936214447021,0.11940743774175644,0.7614368438430048,,,,
questions,GCN,5,256,6e-05,6,820,roc_auc,0.8520139237656512,0.9726492166519165,0.10175886750221252,0.8520139237656512,,,,,roc_auc,0.7738616513401335,0.9704824090003967,0.11755327135324478,0.7738616513401335,,,,,roc_auc,0.7602800911548824,0.9708118438720703,0.11960923671722412,0.7602800911548824,,,,
questions,GCN,5,256,0.0001,6,590,roc_auc,0.854181834450352,0.9729354381561279,0.10105212032794952,0.854181834450352,,,,,roc_auc,0.7734043376109081,0.9704824090003967,0.1177501454949379,0.7734043376109081,,,,,roc_auc,0.7605162903564692,0.9705665707588196,0.11965084075927734,0.7605162903564692,,,,
questions,GCN,5,256,1e-05,6,3210,roc_auc,0.8499588983368835,0.9727309942245483,0.10214628279209137,0.8499588983368835,,,,,roc_auc,0.7750858112671666,0.9704006314277649,0.11731717735528946,0.7750858112671666,,,,,roc_auc,0.7616213239623282,0.9704030752182007,0.11955336481332779,0.7616213239623282,,,,
questions,GCN,5,384,3e-05,6,850,roc_auc,0.8584186827840604,0.9727718830108643,0.10081356763839722,0.8584186827840604,,,,,roc_auc,0.7748938110824399,0.970973014831543,0.11790800839662552,0.7748938110824399,,,,,roc_auc,0.7611189100203413,0.9703212976455688,0.12040627747774124,0.7611189100203413,,,,
questions,GCN,5,384,6e-05,6,510,roc_auc,0.8522012191954003,0.9723630547523499,0.10219315439462662,0.8522012191954003,,,,,roc_auc,0.7744478118559825,0.9708095192909241,0.11775238811969757,0.7744478118559825,,,,,roc_auc,0.7589487865641213,0.9700760245323181,0.12042728066444397,0.7589487865641213,,,,
questions,GCN,5,384,0.0001,6,430,roc_auc,0.8653963539592102,0.9731398224830627,0.09840448200702667,0.8653963539592102,,,,,roc_auc,0.7741306594161486,0.9708912372589111,0.11744815111160278,0.7741306594161486,,,,,roc_auc,0.7610133938569736,0.970239520072937,0.11977455765008926,0.7610133938569736,,,,
questions,GCN,5,384,1e-05,6,1890,roc_auc,0.8551132316182626,0.9725266098976135,0.1018466055393219,0.8551132316182626,,,,,roc_auc,0.7748271940610405,0.970973014831543,0.11821584403514862,0.7748271940610405,,,,,roc_auc,0.760400845976417,0.97015780210495,0.1209096908569336,0.760400845976417,,,,
questions,GCN,5,512,3e-05,6,800,roc_auc,0.8756066824838799,0.9735077619552612,0.09640402346849442,0.8756066824838799,,,,,roc_auc,0.7751220638576681,0.9699100852012634,0.11985338479280472,0.7751220638576681,,,,,roc_auc,0.7662808900299924,0.9699942469596863,0.12149712443351746,0.7662808900299924,,,,
questions,GCN,5,512,6e-05,6,540,roc_auc,0.8783916665223489,0.9737939834594727,0.09503031522035599,0.8783916665223489,,,,,roc_auc,0.7750927385137591,0.9699100852012634,0.11946721374988556,0.7750927385137591,,,,,roc_auc,0.765509259793724,0.9698307514190674,0.12129451334476471,0.765509259793724,,,,
questions,GCN,5,512,0.0001,6,430,roc_auc,0.8801669755064105,0.9742028117179871,0.09370271116495132,0.8801669755064105,,,,,roc_auc,0.7748624075645533,0.9696647524833679,0.1190069392323494,0.7748624075645533,,,,,roc_auc,0.7636704617082536,0.9698307514190674,0.12119754403829575,0.7636704617082536,,,,
questions,GCN,5,512,1e-05,6,1650,roc_auc,0.8672002378354663,0.9729354381561279,0.09862840920686722,0.8672002378354663,,,,,roc_auc,0.7747545734259276,0.9697465300559998,0.11976408958435059,0.7747545734259276,,,,,roc_auc,0.7659932026349026,0.969421923160553,0.1215045228600502,0.7659932026349026,,,,
questions,GCN,1,256,3e-05,7,2170,roc_auc,0.8215451800795479,0.9718724489212036,0.11053916811943054,0.8215451800795479,,,,,roc_auc,0.7416991381350697,0.9712183475494385,0.12098585069179535,0.7416991381350697,,,,,roc_auc,0.7470652884146947,0.9721199870109558,0.11892775446176529,0.7470652884146947,,,,
questions,GCN,1,256,6e-05,7,1160,roc_auc,0.8146989822720214,0.9717906713485718,0.11159858852624893,0.8146989822720214,,,,,roc_auc,0.7415111788441889,0.9710547924041748,0.1209503710269928,0.7415111788441889,,,,,roc_auc,0.7471623771383185,0.9720382690429688,0.11877909302711487,0.7471623771383185,,,,
questions,GCN,1,256,0.0001,7,810,roc_auc,0.8219407835870438,0.9719542264938354,0.11025085300207138,0.8219407835870438,,,,,roc_auc,0.7415880712813675,0.9713000655174255,0.1208169087767601,0.7415880712813675,,,,,roc_auc,0.7470442775375252,0.9721199870109558,0.11874134838581085,0.7470442775375252,,,,
questions,GCN,1,256,1e-05,7,4890,roc_auc,0.8200164522106574,0.9719133377075195,0.11081571131944656,0.8200164522106574,,,,,roc_auc,0.7421940899041153,0.9711365699768066,0.12092171609401703,0.7421940899041153,,,,,roc_auc,0.7471273974911627,0.9721199870109558,0.11892092227935791,0.7471273974911627,,,,
questions,GCN,1,384,3e-05,7,1350,roc_auc,0.8339194361221274,0.9719951152801514,0.10812958329916,0.8339194361221274,,,,,roc_auc,0.7500240721819096,0.9712183475494385,0.11974796652793884,0.7500240721819096,,,,,roc_auc,0.7537226194791611,0.9721199870109558,0.11777818202972412,0.7537226194791611,,,,
questions,GCN,1,384,6e-05,7,790,roc_auc,0.837778691789481,0.9720360040664673,0.10738249123096466,0.837778691789481,,,,,roc_auc,0.749776307662112,0.9712183475494385,0.11973179131746292,0.749776307662112,,,,,roc_auc,0.7537174244820588,0.9722017645835876,0.11773334443569183,0.7537174244820588,,,,
questions,GCN,1,384,0.0001,7,530,roc_auc,0.8361042319703975,0.9719542264938354,0.10749641805887222,0.8361042319703975,,,,,roc_auc,0.7498132529772729,0.9711365699768066,0.11964856833219528,0.7498132529772729,,,,,roc_auc,0.7539323819177159,0.9722017645835876,0.11762256175279617,0.7539323819177159,,,,
questions,GCN,1,384,1e-05,7,3500,roc_auc,0.8443916434315271,0.9720360040664673,0.10644353926181793,0.8443916434315271,,,,,roc_auc,0.7506325153409649,0.9711365699768066,0.11996915936470032,0.7506325153409649,,,,,roc_auc,0.7530647019572441,0.9720382690429688,0.11827324330806732,0.7530647019572441,,,,
questions,GCN,1,512,3e-05,7,1200,roc_auc,0.8206816699282453,0.9717088937759399,0.11027013510465622,0.8206816699282453,,,,,roc_auc,0.749788545797759,0.9708095192909241,0.11979209631681442,0.749788545797759,,,,,roc_auc,0.7535324825852152,0.9719564914703369,0.11798632889986038,0.7535324825852152,,,,
questions,GCN,1,512,6e-05,7,690,roc_auc,0.8192414087710487,0.9716680645942688,0.11043493449687958,0.8192414087710487,,,,,roc_auc,0.7485751231029447,0.9708095192909241,0.11986983567476273,0.7485751231029447,,,,,roc_auc,0.7540499042966089,0.9718747138977051,0.11785614490509033,0.7540499042966089,,,,
questions,GCN,1,512,0.0001,7,500,roc_auc,0.8235386107406959,0.9717088937759399,0.10960124433040619,0.8235386107406959,,,,,roc_auc,0.748733295233477,0.9708912372589111,0.11980439722537994,0.748733295233477,,,,,roc_auc,0.7545139907044186,0.9719564914703369,0.11772637069225311,0.7545139907044186,,,,
questions,GCN,1,512,1e-05,7,3110,roc_auc,0.8313407108509545,0.9718315601348877,0.10856029391288757,0.8313407108509545,,,,,roc_auc,0.7511955850348382,0.9708095192909241,0.11982888728380203,0.7511955850348382,,,,,roc_auc,0.7534469382995966,0.9718747138977051,0.11823573708534241,0.7534469382995966,,,,
questions,GCN,2,256,3e-05,7,2260,roc_auc,0.8782527463646388,0.9729762673377991,0.0976499393582344,0.8782527463646388,,,,,roc_auc,0.7771943496758625,0.9703189134597778,0.12229830771684647,0.7771943496758625,,,,,roc_auc,0.7779762138399341,0.9722835421562195,0.11794408410787582,0.7779762138399341,,,,
questions,GCN,2,256,6e-05,7,1260,roc_auc,0.8736301658498289,0.9727309942245483,0.09860682487487793,0.8736301658498289,,,,,roc_auc,0.776297271242113,0.9704824090003967,0.12146862596273422,0.776297271242113,,,,,roc_auc,0.7778439145803944,0.9720382690429688,0.11695978790521622,0.7778439145803944,,,,
questions,GCN,2,256,0.0001,7,890,roc_auc,0.8806413764438978,0.9727309942245483,0.09690693020820618,0.8806413764438978,,,,,roc_auc,0.776608766430563,0.9704824090003967,0.12207207083702087,0.776608766430563,,,,,roc_auc,0.776997476385852,0.9723653197288513,0.11776837706565857,0.776997476385852,,,,
questions,GCN,2,256,1e-05,7,5000,roc_auc,0.8738929682674379,0.9726901054382324,0.09900818020105362,0.8738929682674379,,,,,roc_auc,0.7774543523313071,0.9701553583145142,0.12211940437555313,0.7774543523313071,,,,,roc_auc,0.7782364254725715,0.9722835421562195,0.11780418455600739,0.7782364254725715,,,,
questions,GCN,2,384,3e-05,7,1640,roc_auc,0.8759842751502347,0.972894549369812,0.09860187768936157,0.8759842751502347,,,,,roc_auc,0.7805180425910211,0.970237135887146,0.12149766832590103,0.7805180425910211,,,,,roc_auc,0.7812262040271618,0.9720382690429688,0.11648879200220108,0.7812262040271618,,,,
questions,GCN,2,384,6e-05,7,960,roc_auc,0.8756470914223369,0.9729354381561279,0.09873002022504807,0.8756470914223369,,,,,roc_auc,0.7804226774962622,0.9704824090003967,0.12105843424797058,0.7804226774962622,,,,,roc_auc,0.7807512658476273,0.9722017645835876,0.11609414219856262,0.7807512658476273,,,,
questions,GCN,2,384,0.0001,7,670,roc_auc,0.8761145651132316,0.9728536605834961,0.09888458251953125,0.8761145651132316,,,,,roc_auc,0.7800280553487002,0.9703189134597778,0.1209949404001236,0.7800280553487002,,,,,roc_auc,0.7795564165140877,0.9722835421562195,0.11618974059820175,0.7795564165140877,,,,
questions,GCN,2,384,1e-05,7,3780,roc_auc,0.8763803404741699,0.9728536605834961,0.09880130738019943,0.8763803404741699,,,,,roc_auc,0.7811114767157923,0.970237135887146,0.12188596278429031,0.7811114767157923,,,,,roc_auc,0.7817581717304419,0.9719564914703369,0.11679646372795105,0.7817581717304419,,,,
questions,GCN,2,512,3e-05,7,1060,roc_auc,0.8781608448931761,0.9726492166519165,0.09819653630256653,0.8781608448931761,,,,,roc_auc,0.7856886549018929,0.9703189134597778,0.12058039009571075,0.7856886549018929,,,,,roc_auc,0.7811508188469878,0.9722017645835876,0.11725495755672455,0.7811508188469878,,,,
questions,GCN,2,512,6e-05,7,650,roc_auc,0.878237015742168,0.972894549369812,0.0981011912226677,0.878237015742168,,,,,roc_auc,0.785752731932875,0.9704006314277649,0.12050902843475342,0.785752731932875,,,,,roc_auc,0.7807122456471697,0.9721199870109558,0.11707198619842529,0.7807122456471697,,,,
questions,GCN,2,512,0.0001,7,530,roc_auc,0.8949650462682346,0.9733033776283264,0.09299633651971817,0.8949650462682346,,,,,roc_auc,0.7863399315357129,0.9708095192909241,0.12185344099998474,0.7863399315357129,,,,,roc_auc,0.7765029126617087,0.9720382690429688,0.119215227663517,0.7765029126617087,,,,
questions,GCN,2,512,1e-05,7,2480,roc_auc,0.8778852847964256,0.9726492166519165,0.09836313128471375,0.8778852847964256,,,,,roc_auc,0.7858411697810413,0.970237135887146,0.12070076167583466,0.7858411697810413,,,,,roc_auc,0.7822855216585202,0.9721199870109558,0.11742712557315826,0.7822855216585202,,,,
questions,GCN,3,256,3e-05,7,1490,roc_auc,0.8642874749608898,0.9724857211112976,0.09987742453813553,0.8642874749608898,,,,,roc_auc,0.7714179496504627,0.9711365699768066,0.1186874657869339,0.7714179496504627,,,,,roc_auc,0.7728093851663207,0.9722835421562195,0.11483407020568848,0.7728093851663207,,,,
questions,GCN,3,256,6e-05,7,900,roc_auc,0.868252832955221,0.9728536605834961,0.09893706440925598,0.868252832955221,,,,,roc_auc,0.771577969046753,0.9713000655174255,0.11875319480895996,0.771577969046753,,,,,roc_auc,0.7718717459115373,0.9722835421562195,0.11497674137353897,0.7718717459115373,,,,
questions,GCN,3,256,0.0001,7,620,roc_auc,0.866371046418325,0.9727309942245483,0.09929931908845901,0.866371046418325,,,,,roc_auc,0.7720617217671406,0.9710547924041748,0.11858663707971573,0.7720617217671406,,,,,roc_auc,0.7737713831852953,0.9722835421562195,0.11462870240211487,0.7737713831852953,,,,
questions,GCN,3,256,1e-05,7,3510,roc_auc,0.8643970409111639,0.9726901054382324,0.10007218271493912,0.8643970409111639,,,,,roc_auc,0.7709559023027324,0.9713000655174255,0.11879298090934753,0.7709559023027324,,,,,roc_auc,0.7726863214571852,0.9722835421562195,0.11481872946023941,0.7726863214571852,,,,
questions,GCN,3,384,3e-05,7,1250,roc_auc,0.8584211650474227,0.9721177220344543,0.10156681388616562,0.8584211650474227,,,,,roc_auc,0.7743594894619261,0.9704006314277649,0.1180967465043068,0.7743594894619261,,,,,roc_auc,0.7805529324026976,0.9720382690429688,0.11335951834917068,0.7805529324026976,,,,
questions,GCN,3,384,6e-05,7,760,roc_auc,0.8575451569887259,0.9723221659660339,0.10189543664455414,0.8575451569887259,,,,,roc_auc,0.7754618453030382,0.9704824090003967,0.11807411164045334,0.7754618453030382,,,,,roc_auc,0.7807849756066025,0.9720382690429688,0.11325883120298386,0.7807849756066025,,,,
questions,GCN,3,384,0.0001,7,540,roc_auc,0.8524309728740569,0.9721586108207703,0.1028161346912384,0.8524309728740569,,,,,roc_auc,0.7765822119852912,0.9705641865730286,0.11792449653148651,0.7765822119852912,,,,,roc_auc,0.7809844634953327,0.9721199870109558,0.11308833956718445,0.7809844634953327,,,,
questions,GCN,3,384,1e-05,7,2780,roc_auc,0.8536437317077394,0.9719951152801514,0.10279586166143417,0.8536437317077394,,,,,roc_auc,0.7726850585063703,0.9706459641456604,0.11824250221252441,0.7726850585063703,,,,,roc_auc,0.7804261744734005,0.971792995929718,0.1132691502571106,0.7804261744734005,,,,
questions,GCN,3,512,3e-05,7,1180,roc_auc,0.8632451263933867,0.9723630547523499,0.10040641576051712,0.8632451263933867,,,,,roc_auc,0.7693349266000498,0.9703189134597778,0.11944902688264847,0.7693349266000498,,,,,roc_auc,0.7750845630083882,0.9721199870109558,0.11494152992963791,0.7750845630083882,,,,
questions,GCN,3,512,6e-05,7,710,roc_auc,0.8569460078855158,0.9722403883934021,0.10168718546628952,0.8569460078855158,,,,,roc_auc,0.7704074952808133,0.9703189134597778,0.11894237995147705,0.7704074952808133,,,,,roc_auc,0.7771742217317119,0.9722835421562195,0.11434687674045563,0.7771742217317119,,,,
questions,GCN,3,512,0.0001,7,520,roc_auc,0.8540280495759949,0.972281277179718,0.10188275575637817,0.8540280495759949,,,,,roc_auc,0.772249219241582,0.9701553583145142,0.11836815625429153,0.772249219241582,,,,,roc_auc,0.7770960658864166,0.9721199870109558,0.11398804187774658,0.7770960658864166,,,,
questions,GCN,3,512,1e-05,7,2680,roc_auc,0.8633584446022318,0.9720768928527832,0.1005038246512413,0.8633584446022318,,,,,roc_auc,0.7694293680619295,0.970237135887146,0.11976652592420578,0.7694293680619295,,,,,roc_auc,0.7743556471927391,0.9722017645835876,0.11519870162010193,0.7743556471927391,,,,
questions,GCN,4,256,3e-05,7,1740,roc_auc,0.875659329557984,0.9735077619552612,0.09725704044103622,0.875659329557984,,,,,roc_auc,0.7745347488007205,0.9713818430900574,0.11919951438903809,0.7745347488007205,,,,,roc_auc,0.7715062490042922,0.9721199870109558,0.11568611860275269,0.7715062490042922,,,,
questions,GCN,4,256,6e-05,7,1030,roc_auc,0.8759292612668779,0.9735486507415771,0.09679769724607468,0.8759292612668779,,,,,roc_auc,0.7740285979830167,0.9713818430900574,0.11869436502456665,0.7740285979830167,,,,,roc_auc,0.7712753602441879,0.9723653197288513,0.11546769738197327,0.7712753602441879,,,,
questions,GCN,4,256,0.0001,7,700,roc_auc,0.8710397508500309,0.9730989336967468,0.09767287969589233,0.8710397508500309,,,,,roc_auc,0.7737423872446298,0.9713000655174255,0.11825641244649887,0.7737423872446298,,,,,roc_auc,0.7723144751090372,0.9724470376968384,0.11483912169933319,0.7723144751090372,,,,
questions,GCN,4,256,1e-05,7,4530,roc_auc,0.8953822974213324,0.97432541847229,0.09287042915821075,0.8953822974213324,,,,,roc_auc,0.7755228050730536,0.9717906713485718,0.1214410737156868,0.7755228050730536,,,,,roc_auc,0.7690030685116218,0.9731828570365906,0.11764625459909439,0.7690030685116218,,,,
questions,GCN,4,384,3e-05,7,1020,roc_auc,0.8601021480237143,0.9724448323249817,0.1011584997177124,0.8601021480237143,,,,,roc_auc,0.7708353682120199,0.9705641865730286,0.11851482093334198,0.7708353682120199,,,,,roc_auc,0.7749437208647246,0.9719564914703369,0.11396302282810211,0.7749437208647246,,,,
questions,GCN,4,384,6e-05,7,590,roc_auc,0.8505790023610367,0.9721586108207703,0.10318440943956375,0.8505790023610367,,,,,roc_auc,0.7716747195908307,0.970237135887146,0.11817161738872528,0.7716747195908307,,,,,roc_auc,0.7762653281275614,0.9721199870109558,0.11337509751319885,0.7762653281275614,,,,
questions,GCN,4,384,0.0001,7,430,roc_auc,0.8481531094678143,0.9722403883934021,0.10360481590032578,0.8481531094678143,,,,,roc_auc,0.7728699005362842,0.9701553583145142,0.11794213950634003,0.7728699005362842,,,,,roc_auc,0.7765650217381768,0.9723653197288513,0.11316318809986115,0.7765650217381768,,,,
questions,GCN,4,384,1e-05,7,2580,roc_auc,0.8735642415530886,0.9726492166519165,0.0976448506116867,0.8735642415530886,,,,,roc_auc,0.7719936038423127,0.9710547924041748,0.11862585693597794,0.7719936038423127,,,,,roc_auc,0.7727685178557823,0.9724470376968384,0.11469979584217072,0.7727685178557823,,,,
questions,GCN,4,512,3e-05,7,1050,roc_auc,0.8649916584405614,0.972281277179718,0.09985426813364029,0.8649916584405614,,,,,roc_auc,0.7696868307269569,0.9699100852012634,0.1202317550778389,0.7696868307269569,,,,,roc_auc,0.7756871826722603,0.9718747138977051,0.11560740321874619,0.7756871826722603,,,,
questions,GCN,4,512,6e-05,7,660,roc_auc,0.8620123651351679,0.9726083278656006,0.10017920285463333,0.8620123651351679,,,,,roc_auc,0.7727251210824977,0.9699918031692505,0.11940239369869232,0.7727251210824977,,,,,roc_auc,0.7774040714923955,0.9718747138977051,0.11481978744268417,0.7774040714923955,,,,
questions,GCN,4,512,0.0001,7,480,roc_auc,0.8538731967511213,0.9724448323249817,0.10183455049991608,0.8538731967511213,,,,,roc_auc,0.7759525252700182,0.9701553583145142,0.11839168518781662,0.7759525252700182,,,,,roc_auc,0.7783477138549417,0.9719564914703369,0.11398191004991531,0.7783477138549417,,,,
questions,GCN,4,512,1e-05,7,2560,roc_auc,0.8799171616761627,0.9729354381561279,0.09590761363506317,0.8799171616761627,,,,,roc_auc,0.7699590715180483,0.9703189134597778,0.12101781368255615,0.7699590715180483,,,,,roc_auc,0.7718417303727239,0.9721199870109558,0.1168970987200737,0.7718417303727239,,,,
questions,GCN,5,256,3e-05,7,1280,roc_auc,0.8576910043930288,0.9725266098976135,0.10088900476694107,0.8576910043930288,,,,,roc_auc,0.7684452372293322,0.9708912372589111,0.11852654069662094,0.7684452372293322,,,,,roc_auc,0.7748474402517611,0.9720382690429688,0.11355351656675339,0.7748474402517611,,,,
questions,GCN,5,256,6e-05,7,710,roc_auc,0.8482945118888869,0.9721586108207703,0.10290849953889847,0.8482945118888869,,,,,roc_auc,0.7686708345600333,0.9706459641456604,0.11817561089992523,0.7686708345600333,,,,,roc_auc,0.7749737364035381,0.9719564914703369,0.113213911652565,0.7749737364035381,,,,
questions,GCN,5,256,0.0001,7,500,roc_auc,0.8463724607311709,0.9721177220344543,0.10299281030893326,0.8463724607311709,,,,,roc_auc,0.7691114074433265,0.9707277417182922,0.11781903356313705,0.7691114074433265,,,,,roc_auc,0.773802206834769,0.9723653197288513,0.11307413876056671,0.773802206834769,,,,
questions,GCN,5,256,1e-05,7,3030,roc_auc,0.858902204596228,0.9724857211112976,0.10080906003713608,0.858902204596228,,,,,roc_auc,0.7690992847617893,0.9710547924041748,0.11846865713596344,0.7690992847617893,,,,,roc_auc,0.7756015229422617,0.9721199870109558,0.11348077654838562,0.7756015229422617,,,,
questions,GCN,5,384,3e-05,7,1020,roc_auc,0.8630967967257214,0.9723221659660339,0.09993182867765427,0.8630967967257214,,,,,roc_auc,0.7731638467000329,0.9705641865730286,0.11825443059206009,0.7731638467000329,,,,,roc_auc,0.774774133070428,0.9719564914703369,0.11406584829092026,0.774774133070428,,,,
questions,GCN,5,384,6e-05,7,550,roc_auc,0.8423645001702948,0.9714227318763733,0.1047462522983551,0.8423645001702948,,,,,roc_auc,0.7751157138816249,0.9699918031692505,0.11763986200094223,0.7751157138816249,,,,,roc_auc,0.7783404408589985,0.9718747138977051,0.11316926032304764,0.7783404408589985,,,,
questions,GCN,5,384,0.0001,7,420,roc_auc,0.8434569558214848,0.9719951152801514,0.10411766171455383,0.8434569558214848,,,,,roc_auc,0.7769274197738254,0.970237135887146,0.11725558340549469,0.7769274197738254,,,,,roc_auc,0.7780639515687737,0.9722017645835876,0.11299281567335129,0.7780639515687737,,,,
questions,GCN,5,384,1e-05,7,2150,roc_auc,0.8534330279572127,0.971586287021637,0.10235472768545151,0.8534330279572127,,,,,roc_auc,0.7712990319172887,0.9704006314277649,0.11824864149093628,0.7712990319172887,,,,,roc_auc,0.7756763309005354,0.971792995929718,0.11380725353956223,0.7756763309005354,,,,
questions,GCN,5,512,3e-05,7,930,roc_auc,0.8607256579441087,0.9717497825622559,0.10106005519628525,0.8607256579441087,,,,,roc_auc,0.769500718701834,0.970237135887146,0.12000575661659241,0.769500718701834,,,,,roc_auc,0.7759340027568118,0.9721199870109558,0.115374356508255,0.7759340027568118,,,,
questions,GCN,5,512,6e-05,7,620,roc_auc,0.8634053766978971,0.9724857211112976,0.10006411373615265,0.8634053766978971,,,,,roc_auc,0.7724574984558013,0.9699100852012634,0.1193297728896141,0.7724574984558013,,,,,roc_auc,0.776412750600888,0.9722835421562195,0.11480367183685303,0.776412750600888,,,,
questions,GCN,5,512,0.0001,7,450,roc_auc,0.8515599582056121,0.9722403883934021,0.10253371298313141,0.8515599582056121,,,,,roc_auc,0.7768992489710151,0.9699918031692505,0.11793739348649979,0.7768992489710151,,,,,roc_auc,0.7805307670817276,0.9724470376968384,0.11325633525848389,0.7805307670817276,,,,
questions,GCN,5,512,1e-05,7,2340,roc_auc,0.8811126023933638,0.9729762673377991,0.09579663723707199,0.8811126023933638,,,,,roc_auc,0.7678439522250894,0.9704824090003967,0.12176991999149323,0.7678439522250894,,,,,roc_auc,0.7708124282801789,0.9720382690429688,0.11752191931009293,0.7708124282801789,,,,
questions,GCN,1,256,3e-05,8,2830,roc_auc,0.8809893551310694,0.9719951152801514,0.09848213940858841,0.8809893551310694,,,,,roc_auc,0.7372736666493486,0.9716271758079529,0.1233825534582138,0.7372736666493486,,,,,roc_auc,0.7421488586014144,0.9724470376968384,0.12162047624588013,0.7421488586014144,,,,
questions,GCN,1,256,6e-05,8,1430,roc_auc,0.863315726581577,0.9719133377075195,0.10273078083992004,0.863315726581577,,,,,roc_auc,0.7368151983790243,0.9717088937759399,0.12251250445842743,0.7368151983790243,,,,,roc_auc,0.7409230701740208,0.972774088382721,0.12076856940984726,0.7409230701740208,,,,
questions,GCN,1,256,0.0001,8,910,roc_auc,0.8596223207430627,0.9718315601348877,0.103539377450943,0.8596223207430627,,,,,roc_auc,0.7366349745135052,0.9717088937759399,0.12228591740131378,0.7366349745135052,,,,,roc_auc,0.7404453613293651,0.972774088382721,0.12055249512195587,0.7404453613293651,,,,
questions,GCN,1,256,1e-05,8,10,roc_auc,0.5802310814009202,0.9515944719314575,0.3610416352748871,0.5802310814009202,,,,,roc_auc,0.5958367247978109,0.9519215226173401,0.36060667037963867,0.5958367247978109,,,,,roc_auc,0.6090186304140528,0.9546234607696533,0.3561839163303375,0.6090186304140528,,,,
questions,GCN,1,384,3e-05,8,1460,roc_auc,0.8364400302489767,0.971545398235321,0.10778504610061646,0.8364400302489767,,,,,roc_auc,0.7356917144358046,0.9717088937759399,0.1214972510933876,0.7356917144358046,,,,,roc_auc,0.7350878185399057,0.9726923108100891,0.1204042136669159,0.7350878185399057,,,,
questions,GCN,1,384,6e-05,8,890,roc_auc,0.8442724370630784,0.971586287021637,0.10623858124017715,0.8442724370630784,,,,,roc_auc,0.7353409648499962,0.9717088937759399,0.12169583886861801,0.7353409648499962,,,,,roc_auc,0.7354332281250215,0.972774088382721,0.12056748569011688,0.7354332281250215,,,,
questions,GCN,1,384,0.0001,8,610,roc_auc,0.845857506537589,0.9716680645942688,0.1058269739151001,0.845857506537589,,,,,roc_auc,0.7349017774160216,0.9717906713485718,0.12173034995794296,0.7349017774160216,,,,,roc_auc,0.7356461075618378,0.972774088382721,0.12051906436681747,0.7356461075618378,,,,
questions,GCN,1,384,1e-05,8,3630,roc_auc,0.8418043456926958,0.9715045094490051,0.10692127794027328,0.8418043456926958,,,,,roc_auc,0.7362585941153041,0.9717088937759399,0.12157398462295532,0.7362585941153041,,,,,roc_auc,0.7357276112941546,0.972774088382721,0.12051594257354736,0.7357276112941546,,,,
questions,GCN,1,512,3e-05,8,1160,roc_auc,0.8481611912555057,0.9716271758079529,0.10586654394865036,0.8481611912555057,,,,,roc_auc,0.7340618487666615,0.971545398235321,0.12205030769109726,0.7340618487666615,,,,,roc_auc,0.7352378962339734,0.9725288152694702,0.12073177844285965,0.7352378962339734,,,,
questions,GCN,1,512,6e-05,8,650,roc_auc,0.8453779390286845,0.9716271758079529,0.10635538399219513,0.8453779390286845,,,,,roc_auc,0.7332036783679408,0.971545398235321,0.122037373483181,0.7332036783679408,,,,,roc_auc,0.7343275018528823,0.9725288152694702,0.1206766664981842,0.7343275018528823,,,,
questions,GCN,1,512,0.0001,8,420,roc_auc,0.8365781422279179,0.9716271758079529,0.10790456086397171,0.8365781422279179,,,,,roc_auc,0.7323326925630236,0.9714636206626892,0.12188807874917984,0.7323326925630236,,,,,roc_auc,0.7330574982279288,0.9724470376968384,0.12052851915359497,0.7330574982279288,,,,
questions,GCN,1,512,1e-05,8,2740,roc_auc,0.8440247302703359,0.9716271758079529,0.1068226620554924,0.8440247302703359,,,,,roc_auc,0.7346526274469055,0.9714636206626892,0.12185212224721909,0.7346526274469055,,,,,roc_auc,0.7353237868527323,0.9724470376968384,0.12059927731752396,0.7353237868527323,,,,
questions,GCN,2,256,3e-05,8,2000,roc_auc,0.8648746745637277,0.9718315601348877,0.10200263559818268,0.8648746745637277,,,,,roc_auc,0.7681397456545959,0.9718724489212036,0.11892837285995483,0.7681397456545959,,,,,roc_auc,0.7700240586088027,0.9722017645835876,0.11759892106056213,0.7700240586088027,,,,
questions,GCN,2,256,6e-05,8,1120,roc_auc,0.8614628035721502,0.9718724489212036,0.10254934430122375,0.8614628035721502,,,,,roc_auc,0.7673238314600905,0.9717088937759399,0.1186506450176239,0.7673238314600905,,,,,roc_auc,0.7686553500389048,0.972610592842102,0.11738938093185425,0.7686553500389048,,,,
questions,GCN,2,256,0.0001,8,820,roc_auc,0.8719006055568064,0.9720768928527832,0.10008101910352707,0.8719006055568064,,,,,roc_auc,0.7668592441219426,0.9717088937759399,0.11926748603582382,0.7668592441219426,,,,,roc_auc,0.770721804441838,0.9722835421562195,0.1176961213350296,0.770721804441838,,,,
questions,GCN,2,256,1e-05,8,4490,roc_auc,0.8625968227028962,0.9718724489212036,0.10264614224433899,0.8625968227028962,,,,,roc_auc,0.768984523376571,0.9718724489212036,0.11878503859043121,0.768984523376571,,,,,roc_auc,0.7702708786933543,0.9720382690429688,0.11753148585557938,0.7702708786933543,,,,
questions,GCN,2,384,3e-05,8,1270,roc_auc,0.8646931229759451,0.9718724489212036,0.10252273082733154,0.8646931229759451,,,,,roc_auc,0.7677759497543715,0.9716271758079529,0.12022969871759415,0.7677759497543715,,,,,roc_auc,0.7702510222599854,0.9720382690429688,0.11856898665428162,0.7702510222599854,,,,
questions,GCN,2,384,6e-05,8,800,roc_auc,0.8744263085280177,0.9719951152801514,0.1000128984451294,0.8744263085280177,,,,,roc_auc,0.7668319969520114,0.9713000655174255,0.12081824243068695,0.7668319969520114,,,,,roc_auc,0.7701422736539763,0.971792995929718,0.11900094151496887,0.7701422736539763,,,,
questions,GCN,2,384,0.0001,8,530,roc_auc,0.8650144894907896,0.9718724489212036,0.10193775594234467,0.8650144894907896,,,,,roc_auc,0.7665648361417545,0.9716271758079529,0.11988192796707153,0.7665648361417545,,,,,roc_auc,0.7690476300423219,0.9720382690429688,0.11824378371238708,0.7690476300423219,,,,
questions,GCN,2,384,1e-05,8,2780,roc_auc,0.8534490183514307,0.9717497825622559,0.10505852103233337,0.8534490183514307,,,,,roc_auc,0.768382314739449,0.971545398235321,0.11952707916498184,0.768382314739449,,,,,roc_auc,0.7689665880875252,0.9719564914703369,0.11813881248235703,0.7689665880875252,,,,
questions,GCN,2,512,3e-05,8,980,roc_auc,0.8500972700875721,0.9714636206626892,0.10541017353534698,0.8500972700875721,,,,,roc_auc,0.7672918506716543,0.9716271758079529,0.11899751424789429,0.7672918506716543,,,,,roc_auc,0.7634114045194167,0.9721199870109558,0.11852507293224335,0.7634114045194167,,,,
questions,GCN,2,512,6e-05,8,620,roc_auc,0.8540630321712878,0.971545398235321,0.10430705547332764,0.8540630321712878,,,,,roc_auc,0.7681412465580244,0.9717088937759399,0.11865025013685226,0.7681412465580244,,,,,roc_auc,0.7642222858449028,0.9723653197288513,0.11808441579341888,0.7642222858449028,,,,
questions,GCN,2,512,0.0001,8,460,roc_auc,0.8551461937666327,0.9718315601348877,0.10373862832784653,0.8551461937666327,,,,,roc_auc,0.7688056849603704,0.971545398235321,0.11823838204145432,0.7688056849603704,,,,,roc_auc,0.7651282933395519,0.9722835421562195,0.11759665608406067,0.7651282933395519,,,,
questions,GCN,2,512,1e-05,8,2300,roc_auc,0.8488565424957715,0.971586287021637,0.10583525896072388,0.8488565424957715,,,,,roc_auc,0.7673802885198207,0.9714636206626892,0.11897607892751694,0.7673802885198207,,,,,roc_auc,0.7653594129884163,0.9720382690429688,0.11824081093072891,0.7653594129884163,,,,
questions,GCN,3,256,3e-05,8,1300,roc_auc,0.8482469736591448,0.9719542264938354,0.10456468909978867,0.8482469736591448,,,,,roc_auc,0.7679719908329437,0.9717906713485718,0.11615408211946487,0.7679719908329437,,,,,roc_auc,0.7697841651870545,0.9721199870109558,0.11457802355289459,0.7697841651870545,,,,
questions,GCN,3,256,6e-05,8,760,roc_auc,0.8506294558070531,0.9719133377075195,0.10417463630437851,0.8506294558070531,,,,,roc_auc,0.7684784880129771,0.9717088937759399,0.11606437712907791,0.7684784880129771,,,,,roc_auc,0.7696380126019084,0.9721199870109558,0.11451554298400879,0.7696380126019084,,,,
questions,GCN,3,256,0.0001,8,550,roc_auc,0.855915926317187,0.9721586108207703,0.10280997306108475,0.855915926317187,,,,,roc_auc,0.7683880874449428,0.9718724489212036,0.11610160768032074,0.7683880874449428,,,,,roc_auc,0.7694893202404014,0.9722835421562195,0.11454439163208008,0.7694893202404014,,,,
questions,GCN,3,256,1e-05,8,3190,roc_auc,0.8513285593058899,0.9718724489212036,0.10419467836618423,0.8513285593058899,,,,,roc_auc,0.767589491366919,0.9716271758079529,0.11655522882938385,0.767589491366919,,,,,roc_auc,0.7708825030188705,0.9720382690429688,0.11479195952415466,0.7708825030188705,,,,
questions,GCN,3,384,3e-05,8,980,roc_auc,0.8556171310808236,0.9717088937759399,0.10272616893053055,0.8556171310808236,,,,,roc_auc,0.7623257075893759,0.9717088937759399,0.11814402043819427,0.7623257075893759,,,,,roc_auc,0.7675497392111454,0.9722835421562195,0.11546346545219421,0.7675497392111454,,,,
questions,GCN,3,384,6e-05,8,580,roc_auc,0.8521281078803202,0.9717088937759399,0.10330945998430252,0.8521281078803202,,,,,roc_auc,0.7627225233650254,0.9717906713485718,0.11793112009763718,0.7627225233650254,,,,,roc_auc,0.7677802816381095,0.9724470376968384,0.11535206437110901,0.7677802816381095,,,,
questions,GCN,3,384,0.0001,8,400,roc_auc,0.8467785416991381,0.9716271758079529,0.10430414229631424,0.8467785416991381,,,,,roc_auc,0.762546571301572,0.9716271758079529,0.11767192929983139,0.762546571301572,,,,,roc_auc,0.7671714279777145,0.9722017645835876,0.1152416467666626,0.7671714279777145,,,,
questions,GCN,3,384,1e-05,8,2230,roc_auc,0.8510679505163685,0.9714636206626892,0.10388750582933426,0.8510679505163685,,,,,roc_auc,0.7627585450473073,0.9717088937759399,0.11817548424005508,0.7627585450473073,,,,,roc_auc,0.7664184997310146,0.9722017645835876,0.11567042022943497,0.7664184997310146,,,,
questions,GCN,3,512,3e-05,8,1080,roc_auc,0.8563840061421586,0.9719542264938354,0.10259868949651718,0.8563840061421586,,,,,roc_auc,0.7679747617315806,0.9718724489212036,0.1172148808836937,0.7679747617315806,,,,,roc_auc,0.7660833646957232,0.9722017645835876,0.11602593958377838,0.7660833646957232,,,,
questions,GCN,3,512,6e-05,8,670,roc_auc,0.8574303378764525,0.9720360040664673,0.1022253930568695,0.8574303378764525,,,,,roc_auc,0.7676113121936858,0.9717906713485718,0.1170370802283287,0.7676113121936858,,,,,roc_auc,0.7659096209037448,0.9722835421562195,0.1158512532711029,0.7659096209037448,,,,
questions,GCN,3,512,0.0001,8,480,roc_auc,0.8533153802192474,0.9719133377075195,0.10295604914426804,0.8533153802192474,,,,,roc_auc,0.7664758210230388,0.9718724489212036,0.1167806088924408,0.7664758210230388,,,,,roc_auc,0.7656006917427252,0.9724470376968384,0.11550464481115341,0.7656006917427252,,,,
questions,GCN,3,512,1e-05,8,2450,roc_auc,0.8537538172015078,0.9718315601348877,0.10328211635351181,0.8537538172015078,,,,,roc_auc,0.7671806683638422,0.9717906713485718,0.11745752394199371,0.7671806683638422,,,,,roc_auc,0.7658126476245011,0.9720382690429688,0.11622714251279831,0.7658126476245011,,,,
questions,GCN,4,256,3e-05,8,1820,roc_auc,0.8568093679464754,0.9715045094490051,0.10294218361377716,0.8568093679464754,,,,,roc_auc,0.7674957426296982,0.9717906713485718,0.11700518429279327,0.7674957426296982,,,,,roc_auc,0.7703221359980974,0.9722835421562195,0.11546323448419571,0.7703221359980974,,,,
questions,GCN,4,256,6e-05,8,1120,roc_auc,0.8621594248076245,0.9719133377075195,0.10154778510332108,0.8621594248076245,,,,,roc_auc,0.7678379486113757,0.9717906713485718,0.11683887988328934,0.7678379486113757,,,,,roc_auc,0.771293023234336,0.9722017645835876,0.11528301984071732,0.771293023234336,,,,
questions,GCN,4,256,0.0001,8,820,roc_auc,0.869896264482275,0.9723221659660339,0.09974051266908646,0.869896264482275,,,,,roc_auc,0.7681934318156891,0.9717906713485718,0.1169089674949646,0.7681934318156891,,,,,roc_auc,0.7729907482873826,0.9723653197288513,0.11515360325574875,0.7729907482873826,,,,
questions,GCN,4,256,1e-05,8,3830,roc_auc,0.845718788424571,0.9713818430900574,0.10529839992523193,0.845718788424571,,,,,roc_auc,0.7678581530806042,0.971545398235321,0.11682023108005524,0.7678581530806042,,,,,roc_auc,0.7680873636890482,0.9719564914703369,0.11559659987688065,0.7680873636890482,,,,
questions,GCN,4,384,3e-05,8,1100,roc_auc,0.8693660992097166,0.9719951152801514,0.10007679462432861,0.8693660992097166,,,,,roc_auc,0.763785855716999,0.971545398235321,0.11843805760145187,0.763785855716999,,,,,roc_auc,0.7681184182272822,0.9725288152694702,0.1157865822315216,0.7681184182272822,,,,
questions,GCN,4,384,6e-05,8,740,roc_auc,0.8798413660530281,0.9725674390792847,0.09734519571065903,0.8798413660530281,,,,,roc_auc,0.7633533646213971,0.9716271758079529,0.1190146803855896,0.7633533646213971,,,,,roc_auc,0.7691396392132235,0.9729375839233398,0.11599431186914444,0.7691396392132235,,,,
questions,GCN,4,384,0.0001,8,510,roc_auc,0.8695357590241819,0.9721177220344543,0.09951832890510559,0.8695357590241819,,,,,roc_auc,0.7634579660449463,0.9717088937759399,0.1185338944196701,0.7634579660449463,,,,,roc_auc,0.768246215156,0.9725288152694702,0.11565399169921875,0.768246215156,,,,
questions,GCN,4,384,1e-05,8,2300,roc_auc,0.8568924660420599,0.971586287021637,0.10313522070646286,0.8568924660420599,,,,,roc_auc,0.7644710758591229,0.9714636206626892,0.11834533512592316,0.7644710758591229,,,,,roc_auc,0.7667773008642167,0.9719564914703369,0.11604566127061844,0.7667773008642167,,,,
questions,GCN,4,512,3e-05,8,770,roc_auc,0.8492178272691062,0.9717906713485718,0.10380234569311142,0.8492178272691062,,,,,roc_auc,0.7642162686386229,0.9716271758079529,0.11744353175163269,0.7642162686386229,,,,,roc_auc,0.7674008159608782,0.971792995929718,0.11566393077373505,0.7674008159608782,,,,
questions,GCN,4,512,6e-05,8,530,roc_auc,0.8580320269700801,0.9720768928527832,0.10167734324932098,0.8580320269700801,,,,,roc_auc,0.7638851462514937,0.9717088937759399,0.1174987331032753,0.7638851462514937,,,,,roc_auc,0.7680174043947366,0.9719564914703369,0.11537640541791916,0.7680174043947366,,,,
questions,GCN,4,512,0.0001,8,400,roc_auc,0.854217076817392,0.9721586108207703,0.10234250128269196,0.854217076817392,,,,,roc_auc,0.7640832655040438,0.9714636206626892,0.11706884205341339,0.7640832655040438,,,,,roc_auc,0.7676442881584082,0.9719564914703369,0.11490634083747864,0.7676442881584082,,,,
questions,GCN,4,512,1e-05,8,1700,roc_auc,0.8447487141298513,0.9716271758079529,0.10499879717826843,0.8447487141298513,,,,,roc_auc,0.7651773086492446,0.9716271758079529,0.1170991063117981,0.7651773086492446,,,,,roc_auc,0.76689551590939,0.9717112183570862,0.11564245074987411,0.76689551590939,,,,
questions,GCN,5,256,3e-05,8,1540,roc_auc,0.8495365094758961,0.9714636206626892,0.10429127514362335,0.8495365094758961,,,,,roc_auc,0.7670056399332676,0.9714636206626892,0.11658663302659988,0.7670056399332676,,,,,roc_auc,0.7697148985590232,0.9718747138977051,0.11481206119060516,0.7697148985590232,,,,
questions,GCN,5,256,6e-05,8,940,roc_auc,0.8535802896743617,0.9717088937759399,0.10329268872737885,0.8535802896743617,,,,,roc_auc,0.7675473506168136,0.9716271758079529,0.11630615592002869,0.7675473506168136,,,,,roc_auc,0.770088707461632,0.9721199870109558,0.11463478952646255,0.770088707461632,,,,
questions,GCN,5,256,0.0001,8,660,roc_auc,0.8528684573599109,0.9718315601348877,0.10329953581094742,0.8528684573599109,,,,,roc_auc,0.7674254310767828,0.9716271758079529,0.11613402515649796,0.7674254310767828,,,,,roc_auc,0.7690030685116218,0.9720382690429688,0.11455977708101273,0.7690030685116218,,,,
questions,GCN,5,256,1e-05,8,3670,roc_auc,0.8537006505839091,0.9718315601348877,0.10336577892303467,0.8537006505839091,,,,,roc_auc,0.7670968486800709,0.971545398235321,0.11654043942689896,0.7670968486800709,,,,,roc_auc,0.7721043663373424,0.9722017645835876,0.11444558203220367,0.7721043663373424,,,,
questions,GCN,5,384,3e-05,8,1090,roc_auc,0.8557702232305214,0.9717088937759399,0.10301444679498672,0.8557702232305214,,,,,roc_auc,0.7634670869196265,0.9718724489212036,0.11815755814313889,0.7634670869196265,,,,,roc_auc,0.7683755128616584,0.9716294407844543,0.11551599949598312,0.7683755128616584,,,,
questions,GCN,5,384,6e-05,8,730,roc_auc,0.8672978831488954,0.972281277179718,0.10051912069320679,0.8672978831488954,,,,,roc_auc,0.7637094250962598,0.9721994996070862,0.11835227906703949,0.7637094250962598,,,,,roc_auc,0.7696467863747924,0.9721199870109558,0.11528026312589645,0.7696467863747924,,,,
questions,GCN,5,384,0.0001,8,520,roc_auc,0.8618183733670458,0.9720768928527832,0.10094292461872101,0.8618183733670458,,,,,roc_auc,0.7637780048375272,0.9717906713485718,0.1178259402513504,0.7637780048375272,,,,,roc_auc,0.7684839151345273,0.9720382690429688,0.1147889792919159,0.7684839151345273,,,,
questions,GCN,5,384,1e-05,8,2510,roc_auc,0.8552712305676302,0.9717497825622559,0.1032722070813179,0.8552712305676302,,,,,roc_auc,0.7636577016550347,0.9717906713485718,0.11832938343286514,0.7636577016550347,,,,,roc_auc,0.7687911126298461,0.9717112183570862,0.11580757796764374,0.7687911126298461,,,,
questions,GCN,5,512,3e-05,8,850,roc_auc,0.8549562717558838,0.9714636206626892,0.10323569178581238,0.8549562717558838,,,,,roc_auc,0.7647983882606262,0.9712183475494385,0.11817511916160583,0.7647983882606262,,,,,roc_auc,0.7712916379017754,0.9714659452438354,0.11589978635311127,0.7712916379017754,,,,
questions,GCN,5,512,6e-05,8,580,roc_auc,0.8607114282250662,0.9720360040664673,0.10144457966089249,0.8607114282250662,,,,,roc_auc,0.7641468807185864,0.9714636206626892,0.1178521066904068,0.7641468807185864,,,,,roc_auc,0.7706523069250466,0.9718747138977051,0.11524704843759537,0.7706523069250466,,,,
questions,GCN,5,512,0.0001,8,450,roc_auc,0.8598032373332409,0.9720768928527832,0.10134842246770859,0.8598032373332409,,,,,roc_auc,0.7623542247545156,0.9714636206626892,0.11791284382343292,0.7623542247545156,,,,,roc_auc,0.7687632905342534,0.9720382690429688,0.11514892429113388,0.7687632905342534,,,,
questions,GCN,5,512,1e-05,8,1880,roc_auc,0.8541065006436566,0.9716680645942688,0.10372285544872284,0.8541065006436566,,,,,roc_auc,0.7651006471202858,0.971545398235321,0.1183621808886528,0.7651006471202858,,,,,roc_auc,0.7716575965865407,0.970975399017334,0.11625643819570541,0.7716575965865407,,,,
questions,SAGE,1,256,3e-05,0,2070,roc_auc,0.9358521379214797,0.9773098826408386,0.07445486634969711,0.9358521379214797,,,,,roc_auc,0.7537709044097698,0.9720360040664673,0.1260530799627304,0.7537709044097698,,,,,roc_auc,0.7478516955316099,0.9704848527908325,0.1299515813589096,0.7478516955316099,,,,
questions,SAGE,1,256,6e-05,0,1160,roc_auc,0.935836291844899,0.9771872758865356,0.07434583455324173,0.935836291844899,,,,,roc_auc,0.7546858782305503,0.9719542264938354,0.1254255622625351,0.7546858782305503,,,,,roc_auc,0.7470720996331178,0.9705665707588196,0.12961162626743317,0.7470720996331178,,,,
questions,SAGE,1,256,0.0001,0,850,roc_auc,0.9524529668819887,0.9794358015060425,0.06453623622655869,0.9524529668819887,,,,,roc_auc,0.7546491638236092,0.9719542264938354,0.12871399521827698,0.7546491638236092,,,,,roc_auc,0.7435732113624977,0.970239520072937,0.13368690013885498,0.7435732113624977,,,,
questions,SAGE,1,256,1e-05,0,4650,roc_auc,0.9282192935363016,0.9761242866516113,0.07898757606744766,0.9282192935363016,,,,,roc_auc,0.7524523030208567,0.9725266098976135,0.12602052092552185,0.7524523030208567,,,,,roc_auc,0.7470533976435493,0.970975399017334,0.1295550912618637,0.7470533976435493,,,,
questions,SAGE,1,384,3e-05,0,1430,roc_auc,0.9463439724295586,0.9789043664932251,0.06792321801185608,0.9463439724295586,,,,,roc_auc,0.7500208394668328,0.9717088937759399,0.12917129695415497,0.7500208394668328,,,,,roc_auc,0.7338564887822696,0.9700760245323181,0.13452240824699402,0.7338564887822696,,,,
questions,SAGE,1,384,6e-05,0,760,roc_auc,0.9370285864376057,0.9779231548309326,0.07289750874042511,0.9370285864376057,,,,,roc_auc,0.7501713916261133,0.9720360040664673,0.1268293559551239,0.7501713916261133,,,,,roc_auc,0.734495127092718,0.9704848527908325,0.1317279040813446,0.734495127092718,,,,
questions,SAGE,1,384,0.0001,0,520,roc_auc,0.939195919851757,0.9783728718757629,0.07155457139015198,0.939195919851757,,,,,roc_auc,0.7503632763567301,0.9718724489212036,0.12687420845031738,0.7503632763567301,,,,,roc_auc,0.7330444530129828,0.9704030752182007,0.1323160082101822,0.7330444530129828,,,,
questions,SAGE,1,384,1e-05,0,3330,roc_auc,0.9389003573304701,0.9779231548309326,0.07213762402534485,0.9389003573304701,,,,,roc_auc,0.7491422336906639,0.9721994996070862,0.12823112308979034,0.7491422336906639,,,,,roc_auc,0.7356775084332119,0.9705665707588196,0.13301458954811096,0.7356775084332119,,,,
questions,SAGE,1,512,3e-05,0,1040,roc_auc,0.9179996998193143,0.9762469530105591,0.08111562579870224,0.9179996998193143,,,,,roc_auc,0.7524311749187491,0.9718724489212036,0.12419267743825912,0.7524311749187491,,,,,roc_auc,0.74271488239681,0.9708118438720703,0.1278541386127472,0.74271488239681,,,,
questions,SAGE,1,512,6e-05,0,600,roc_auc,0.91844743085742,0.9763287305831909,0.08084791898727417,0.91844743085742,,,,,roc_auc,0.751950885821658,0.9719542264938354,0.12386259436607361,0.751950885821658,,,,,roc_auc,0.741029740781189,0.9704030752182007,0.12790369987487793,0.741029740781189,,,,
questions,SAGE,1,512,0.0001,0,410,roc_auc,0.9137927829635915,0.9760425090789795,0.08217110484838486,0.9137927829635915,,,,,roc_auc,0.7514570885937113,0.9720360040664673,0.1231735348701477,0.7514570885937113,,,,,roc_auc,0.7399629192651273,0.9703212976455688,0.12723585963249207,0.7399629192651273,,,,
questions,SAGE,1,512,1e-05,0,2640,roc_auc,0.9240432029279162,0.9768192768096924,0.07874216884374619,0.9240432029279162,,,,,roc_auc,0.7525716825704702,0.9719542264938354,0.1254270374774933,0.7525716825704702,,,,,roc_auc,0.7437304466081287,0.9706483483314514,0.12902690470218658,0.7437304466081287,,,,
questions,SAGE,2,256,3e-05,0,2410,roc_auc,0.966540331006933,0.9834832549095154,0.053093403577804565,0.966540331006933,,,,,roc_auc,0.7659119431503962,0.9703189134597778,0.13571390509605408,0.7659119431503962,,,,,roc_auc,0.7566666820592507,0.9679502844810486,0.14254474639892578,0.7566666820592507,,,,
questions,SAGE,2,256,6e-05,0,1410,roc_auc,0.967781520415173,0.9840147495269775,0.05133293196558952,0.967781520415173,,,,,roc_auc,0.7649333541150731,0.9697465300559998,0.13660338521003723,0.7649333541150731,,,,,roc_auc,0.7539898732189818,0.9675414562225342,0.14415134489536285,0.7539898732189818,,,,
questions,SAGE,2,256,0.0001,0,990,roc_auc,0.9744876146603629,0.9863041639328003,0.04551137238740921,0.9744876146603629,,,,,roc_auc,0.7641203262733145,0.9690924286842346,0.13903167843818665,0.7641203262733145,,,,,roc_auc,0.7514503277465949,0.9661515951156616,0.14742983877658844,0.7514503277465949,,,,
questions,SAGE,2,256,1e-05,0,5000,roc_auc,0.9477736695357013,0.980376124382019,0.06576000899076462,0.9477736695357013,,,,,roc_auc,0.7641351043993787,0.9708912372589111,0.13082221150398254,0.7641351043993787,,,,,roc_auc,0.7598926598154275,0.9690949320793152,0.13634862005710602,0.7598926598154275,,,,
questions,SAGE,2,384,3e-05,0,1680,roc_auc,0.9692002782444048,0.9843009114265442,0.05053792893886566,0.9692002782444048,,,,,roc_auc,0.7646299407143146,0.9690106511116028,0.14016582071781158,0.7646299407143146,,,,,roc_auc,0.7512592672976086,0.9661515951156616,0.14741572737693787,0.7512592672976086,,,,
questions,SAGE,2,384,6e-05,0,930,roc_auc,0.9619643650889863,0.9826655983924866,0.05635375902056694,0.9619643650889863,,,,,roc_auc,0.7627249479013329,0.9690924286842346,0.13638025522232056,0.7627249479013329,,,,,roc_auc,0.7494467905307902,0.9660698175430298,0.14353221654891968,0.7494467905307902,,,,
questions,SAGE,2,384,0.0001,0,580,roc_auc,0.942900871101259,0.9800490736961365,0.06845693290233612,0.942900871101259,,,,,roc_auc,0.7604583528162143,0.9699100852012634,0.13050369918346405,0.7604583528162143,,,,,roc_auc,0.7518893627239331,0.9667238593101501,0.13680683076381683,0.7518893627239331,,,,
questions,SAGE,2,384,1e-05,0,3860,roc_auc,0.9647732481282002,0.9835650324821472,0.05381331965327263,0.9647732481282002,,,,,roc_auc,0.7649040287711643,0.9694194793701172,0.1381063610315323,0.7649040287711643,,,,,roc_auc,0.7540121539843319,0.9663150906562805,0.14474600553512573,0.7540121539843319,,,,
questions,SAGE,2,512,3e-05,0,850,roc_auc,0.9518075784077724,0.9803352355957031,0.06403005123138428,0.9518075784077724,,,,,roc_auc,0.7682829087508443,0.9687653183937073,0.1333293318748474,0.7682829087508443,,,,,roc_auc,0.7617496981129461,0.9666421413421631,0.13980823755264282,0.7617496981129461,,,,
questions,SAGE,2,512,6e-05,0,500,roc_auc,0.9454376865305464,0.9794358015060425,0.0680251270532608,0.9454376865305464,,,,,roc_auc,0.7659521211806337,0.9686836004257202,0.1318957507610321,0.7659521211806337,,,,,roc_auc,0.7592159248595619,0.9666421413421631,0.13814063370227814,0.7592159248595619,,,,
questions,SAGE,2,512,0.0001,0,330,roc_auc,0.9215804513101155,0.9773098826408386,0.07985308021306992,0.9215804513101155,,,,,roc_auc,0.762569200307108,0.9696647524833679,0.12727132439613342,0.762569200307108,,,,,roc_auc,0.7571051398146886,0.966805636882782,0.13351143896579742,0.7571051398146886,,,,
questions,SAGE,2,512,1e-05,0,2040,roc_auc,0.9491448602716636,0.979681134223938,0.06547882407903671,0.9491448602716636,,,,,roc_auc,0.7694021208919986,0.9687653183937073,0.13358084857463837,0.7694021208919986,,,,,roc_auc,0.7648611550441113,0.9664785861968994,0.13970734179019928,0.7648611550441113,,,,
questions,SAGE,3,256,3e-05,0,2060,roc_auc,0.9512302501313291,0.9812346696853638,0.06178904324769974,0.9512302501313291,,,,,roc_auc,0.7703099365579666,0.9690106511116028,0.12918958067893982,0.7703099365579666,,,,,roc_auc,0.7673503667667955,0.9669691920280457,0.13633446395397186,0.7673503667667955,,,,
questions,SAGE,3,256,6e-05,0,1090,roc_auc,0.932738542622771,0.9791905283927917,0.07120750099420547,0.932738542622771,,,,,roc_auc,0.7683666129805056,0.9699100852012634,0.12592490017414093,0.7683666129805056,,,,,roc_auc,0.7660511557136886,0.9670509099960327,0.13265591859817505,0.7660511557136886,,,,
questions,SAGE,3,256,0.0001,0,840,roc_auc,0.9597048704316251,0.9836059212684631,0.055981554090976715,0.9597048704316251,,,,,roc_auc,0.7675474660709234,0.9687653183937073,0.1323712170124054,0.7675474660709234,,,,,roc_auc,0.7640133315170085,0.9665603637695312,0.13986924290657043,0.7640133315170085,,,,
questions,SAGE,3,256,1e-05,0,4730,roc_auc,0.9497058517915591,0.9807031750679016,0.06309837102890015,0.9497058517915591,,,,,roc_auc,0.7709323496643172,0.9696647524833679,0.12857352197170258,0.7709323496643172,,,,,roc_auc,0.7688524135956537,0.9674597382545471,0.13537874817848206,0.7688524135956537,,,,
questions,SAGE,3,384,3e-05,0,1230,roc_auc,0.9536934635655692,0.9811937808990479,0.06265772134065628,0.9536934635655692,,,,,roc_auc,0.7682526597740562,0.9675388336181641,0.13526299595832825,0.7682526597740562,,,,,roc_auc,0.7599843226531889,0.9645981192588806,0.144455224275589,0.7599843226531889,,,,
questions,SAGE,3,384,6e-05,0,700,roc_auc,0.947030145068089,0.9800490736961365,0.06734767556190491,0.947030145068089,,,,,roc_auc,0.7659394212285472,0.9672935605049133,0.1340102255344391,0.7659394212285472,,,,,roc_auc,0.7590181686365327,0.9645164012908936,0.1427028924226761,0.7590181686365327,,,,
questions,SAGE,3,384,0.0001,0,510,roc_auc,0.9531772105132513,0.9807440638542175,0.06442779302597046,0.9531772105132513,,,,,roc_auc,0.762894780896963,0.9661487936973572,0.1368507593870163,0.762894780896963,,,,,roc_auc,0.7562667827267501,0.9639440774917603,0.1450926810503006,0.7562667827267501,,,,
questions,SAGE,3,384,1e-05,0,3030,roc_auc,0.9582679863071425,0.9821341037750244,0.06006448343396187,0.9582679863071425,,,,,roc_auc,0.769529928591633,0.9671300053596497,0.13658230006694794,0.769529928591633,,,,,roc_auc,0.7608390728430949,0.964189350605011,0.1461687833070755,0.7608390728430949,,,,
questions,SAGE,3,512,3e-05,0,850,roc_auc,0.9711697521777531,0.983074426651001,0.05519188195466995,0.9711697521777531,,,,,roc_auc,0.7739879581363398,0.9638593792915344,0.1466614156961441,0.7739879581363398,,,,,roc_auc,0.7665510298793144,0.9605919122695923,0.15598008036613464,0.7665510298793144,,,,
questions,SAGE,3,512,6e-05,0,490,roc_auc,0.9599933325251546,0.980417013168335,0.06452864408493042,0.9599933325251546,,,,,roc_auc,0.7720626454000197,0.964186429977417,0.14245785772800446,0.7720626454000197,,,,,roc_auc,0.7647215827886282,0.9609189629554749,0.15153558552265167,0.7647215827886282,,,,
questions,SAGE,3,512,0.0001,0,330,roc_auc,0.9410447153767556,0.977718710899353,0.07741861045360565,0.9410447153767556,,,,,roc_auc,0.7680506150817703,0.9648405909538269,0.13866184651851654,0.7680506150817703,,,,,roc_auc,0.761594079088636,0.960837185382843,0.14738669991493225,0.761594079088636,,,,
questions,SAGE,3,512,1e-05,0,1950,roc_auc,0.9650260349017774,0.9817661643028259,0.059904858469963074,0.9650260349017774,,,,,roc_auc,0.7750826940061999,0.9641046524047852,0.14321744441986084,0.7750826940061999,,,,,roc_auc,0.768877234137365,0.9609189629554749,0.15213796496391296,0.768877234137365,,,,
questions,SAGE,4,256,3e-05,0,1510,roc_auc,0.9452222780250419,0.9807440638542175,0.06479907780885696,0.9452222780250419,,,,,roc_auc,0.7687133216724682,0.9692559242248535,0.12962348759174347,0.7687133216724682,,,,,roc_auc,0.764957897434595,0.9667238593101501,0.13641509413719177,0.764957897434595,,,,
questions,SAGE,4,256,6e-05,0,900,roc_auc,0.9523759012636452,0.9816843867301941,0.060383256524801254,0.9523759012636452,,,,,roc_auc,0.7689352244716532,0.9686836004257202,0.1310192197561264,0.7689352244716532,,,,,roc_auc,0.7629835676469434,0.9660698175430298,0.1388641893863678,0.7629835676469434,,,,
questions,SAGE,4,256,0.0001,0,620,roc_auc,0.9528900761419854,0.9821749925613403,0.0602351613342762,0.9528900761419854,,,,,roc_auc,0.767667769253416,0.9676206111907959,0.13201993703842163,0.767667769253416,,,,,roc_auc,0.7618372049530256,0.965006947517395,0.14015816152095795,0.7618372049530256,,,,
questions,SAGE,4,256,1e-05,0,3780,roc_auc,0.9502701914806413,0.9813164472579956,0.06237642467021942,0.9502701914806413,,,,,roc_auc,0.7701456453596107,0.9688470959663391,0.13036105036735535,0.7701456453596107,,,,,roc_auc,0.7663448462165414,0.9666421413421631,0.13654135167598724,0.7663448462165414,,,,
questions,SAGE,4,384,3e-05,0,1260,roc_auc,0.9527151631655209,0.9809485077857971,0.06365279853343964,0.9527151631655209,,,,,roc_auc,0.7754095445912635,0.9667211771011353,0.13476084172725677,0.7754095445912635,,,,,roc_auc,0.7653568732120553,0.9637805223464966,0.14388702809810638,0.7653568732120553,,,,
questions,SAGE,4,384,6e-05,0,750,roc_auc,0.95346864555011,0.9809076189994812,0.06483841687440872,0.95346864555011,,,,,roc_auc,0.7730816433738,0.9655764698982239,0.1375705748796463,0.7730816433738,,,,,roc_auc,0.7622942492536521,0.9628812074661255,0.14683464169502258,0.7622942492536521,,,,
questions,SAGE,4,384,0.0001,0,530,roc_auc,0.9542772572721657,0.9811528921127319,0.06440113484859467,0.9542772572721657,,,,,roc_auc,0.770669114293796,0.965494692325592,0.1371903270483017,0.770669114293796,,,,,roc_auc,0.7599951744249138,0.9627176523208618,0.147028848528862,0.7599951744249138,,,,
questions,SAGE,4,384,1e-05,0,3000,roc_auc,0.9509832360632458,0.9807849526405334,0.06407121568918228,0.9509832360632458,,,,,roc_auc,0.776659797147129,0.9669665098190308,0.1342252641916275,0.776659797147129,,,,,roc_auc,0.7652758312572585,0.9636170268058777,0.14387227594852448,0.7652758312572585,,,,
questions,SAGE,4,512,3e-05,0,830,roc_auc,0.953202956779754,0.9796402454376221,0.06817056238651276,0.953202956779754,,,,,roc_auc,0.774863562105652,0.9628781676292419,0.14346374571323395,0.774863562105652,,,,,roc_auc,0.7681724461971466,0.9601013660430908,0.1515485942363739,0.7681724461971466,,,,
questions,SAGE,4,512,6e-05,0,510,roc_auc,0.9521029677478944,0.9799672961235046,0.06789776682853699,0.9521029677478944,,,,,roc_auc,0.7731305959163881,0.9644317030906677,0.14058443903923035,0.7731305959163881,,,,,roc_auc,0.7659918173023419,0.9610824584960938,0.14816060662269592,0.7659918173023419,,,,
questions,SAGE,4,512,0.0001,0,380,roc_auc,0.9491352198534888,0.9787817001342773,0.07458296418190002,0.9491352198534888,,,,,roc_auc,0.7699244352850851,0.9622240662574768,0.14570657908916473,0.7699244352850851,,,,,roc_auc,0.7630348249516865,0.9586297273635864,0.15345074236392975,0.7630348249516865,,,,
questions,SAGE,4,512,1e-05,0,1890,roc_auc,0.9451084691362301,0.9784955382347107,0.07156553119421005,0.9451084691362301,,,,,roc_auc,0.7753697129233558,0.9645952582359314,0.13930878043174744,0.7753697129233558,,,,,roc_auc,0.7691141260052319,0.9612460136413574,0.14738215506076813,0.7691141260052319,,,,
questions,SAGE,5,256,3e-05,0,2010,roc_auc,0.9530345092334425,0.9813982248306274,0.06162542477250099,0.9530345092334425,,,,,roc_auc,0.7789323958459612,0.9683564901351929,0.12888014316558838,0.7789323958459612,,,,,roc_auc,0.76851196811888,0.9660698175430298,0.13707450032234192,0.76851196811888,,,,
questions,SAGE,5,256,6e-05,0,1150,roc_auc,0.9507239261324605,0.9811937808990479,0.06282567977905273,0.9507239261324605,,,,,roc_auc,0.7779907521257987,0.9681112170219421,0.1293117105960846,0.7779907521257987,,,,,roc_auc,0.7676465970460091,0.965824544429779,0.13779354095458984,0.7676465970460091,,,,
questions,SAGE,5,256,0.0001,0,800,roc_auc,0.9545926779003516,0.9818479418754578,0.06033631041646004,0.9545926779003516,,,,,roc_auc,0.7764062599218375,0.9675388336181641,0.13244900107383728,0.7764062599218375,,,,,roc_auc,0.7659243977843915,0.9651704430580139,0.1413375586271286,0.7659243977843915,,,,
questions,SAGE,5,256,1e-05,0,4820,roc_auc,0.9602821987080684,0.9823793768882751,0.05744598060846329,0.9602821987080684,,,,,roc_auc,0.7795071264049322,0.9685200452804565,0.12921126186847687,0.7795071264049322,,,,,roc_auc,0.7688005790690103,0.965824544429779,0.1373155415058136,0.7688005790690103,,,,
questions,SAGE,5,384,3e-05,0,940,roc_auc,0.9487280132079502,0.980376124382019,0.06661471724510193,0.9487280132079502,,,,,roc_auc,0.7732753753701748,0.9668029546737671,0.1341894268989563,0.7732753753701748,,,,,roc_auc,0.7700665421406621,0.9636988043785095,0.1412089318037033,0.7700665421406621,,,,
questions,SAGE,5,384,6e-05,0,550,roc_auc,0.9417039006171022,0.9793131947517395,0.07089834660291672,0.9417039006171022,,,,,roc_auc,0.772810788032027,0.9661487936973572,0.1339389532804489,0.772810788032027,,,,,roc_auc,0.7703666975287976,0.9635352492332458,0.14077574014663696,0.7703666975287976,,,,
questions,SAGE,5,384,0.0001,0,430,roc_auc,0.9562267576445054,0.9806622862815857,0.06487393379211426,0.9562267576445054,,,,,roc_auc,0.772964572906384,0.9627963900566101,0.14037172496318817,0.772964572906384,,,,,roc_auc,0.7651033573534607,0.9603466391563416,0.14872121810913086,0.7651033573534607,,,,
questions,SAGE,5,384,1e-05,0,2300,roc_auc,0.9516826570608847,0.9808667302131653,0.06415119022130966,0.9516826570608847,,,,,roc_auc,0.7742172499985569,0.9673753380775452,0.13293224573135376,0.7742172499985569,,,,,roc_auc,0.7695678224188369,0.9639440774917603,0.14066238701343536,0.7695678224188369,,,,
questions,SAGE,5,512,3e-05,0,770,roc_auc,0.9406099151989562,0.9761242866516113,0.07883420586585999,0.9406099151989562,,,,,roc_auc,0.7709517459547767,0.9632052183151245,0.14358234405517578,0.7709517459547767,,,,,roc_auc,0.7703182108891757,0.9591202735900879,0.15245552361011505,0.7703182108891757,,,,
questions,SAGE,5,512,6e-05,0,470,roc_auc,0.9323847335030508,0.9753066301345825,0.0833595022559166,0.9323847335030508,,,,,roc_auc,0.7692046943641077,0.96345055103302,0.14265188574790955,0.7692046943641077,,,,,roc_auc,0.769244924487831,0.9587932229042053,0.15140888094902039,0.769244924487831,,,,
questions,SAGE,5,512,0.0001,0,360,roc_auc,0.9323603726858667,0.9740392565727234,0.09042321890592575,0.9323603726858667,,,,,roc_auc,0.7661458531770085,0.9598528146743774,0.15001296997070312,0.7661458531770085,,,,,roc_auc,0.7667373571087186,0.9553593397140503,0.15879565477371216,0.7667373571087186,,,,
questions,SAGE,5,512,1e-05,0,1890,roc_auc,0.9508061871857484,0.9778413772583008,0.07383076846599579,0.9508061871857484,,,,,roc_auc,0.7721210651796178,0.9622240662574768,0.14623934030532837,0.7721210651796178,,,,,roc_auc,0.7705592587547245,0.958220899105072,0.15559232234954834,0.7705592587547245,,,,
questions,GCN,1,256,3e-05,9,2720,roc_auc,0.834947006563566,0.9719133377075195,0.10817860066890717,0.834947006563566,,,,,roc_auc,0.7393349843271044,0.9719542264938354,0.12112458050251007,0.7393349843271044,,,,,roc_auc,0.7326079578120057,0.9718747138977051,0.12074581533670425,0.7326079578120057,,,,
questions,GCN,1,256,6e-05,9,1640,roc_auc,0.8416410358542739,0.9718724489212036,0.1067652478814125,0.8416410358542739,,,,,roc_auc,0.7392468928412679,0.9720360040664673,0.12125053256750107,0.7392468928412679,,,,,roc_auc,0.7327245566358584,0.9718747138977051,0.12088865041732788,0.7327245566358584,,,,
questions,GCN,1,256,0.0001,9,1080,roc_auc,0.8420601631366573,0.9718315601348877,0.10650833696126938,0.8420601631366573,,,,,roc_auc,0.7390166773461719,0.9720360040664673,0.12117646634578705,0.7390166773461719,,,,,roc_auc,0.7329180414168257,0.9720382690429688,0.12073245644569397,0.7329180414168257,,,,
questions,GCN,1,256,1e-05,9,5000,roc_auc,0.8120250650872544,0.9717088937759399,0.11260868608951569,0.8120250650872544,,,,,roc_auc,0.7382496002401445,0.9716271758079529,0.12108078598976135,0.7382496002401445,,,,,roc_auc,0.7334717126635558,0.9716294407844543,0.12034821510314941,0.7334717126635558,,,,
questions,GCN,1,384,3e-05,9,1620,roc_auc,0.8184846359443281,0.9718315601348877,0.11114513128995895,0.8184846359443281,,,,,roc_auc,0.7399077521662079,0.9717088937759399,0.12076103687286377,0.7399077521662079,,,,,roc_auc,0.7319902149343468,0.9717112183570862,0.12056984752416611,0.7319902149343468,,,,
questions,GCN,1,384,6e-05,9,890,roc_auc,0.8162289801361204,0.9718315601348877,0.11143577098846436,0.8162289801361204,,,,,roc_auc,0.7398567214496419,0.9717088937759399,0.12066200375556946,0.7398567214496419,,,,,roc_auc,0.7323710659441387,0.9717112183570862,0.12037970870733261,0.7323710659441387,,,,
questions,GCN,1,384,0.0001,9,620,roc_auc,0.8202032569604396,0.9718724489212036,0.11057320982217789,0.8202032569604396,,,,,roc_auc,0.7403328541987773,0.9717088937759399,0.1205262616276741,0.7403328541987773,,,,,roc_auc,0.7320778372188064,0.9719564914703369,0.12034202367067337,0.7320778372188064,,,,
questions,GCN,1,384,1e-05,9,3950,roc_auc,0.8215821253947088,0.9719133377075195,0.11059244722127914,0.8215821253947088,,,,,roc_auc,0.7397438073301813,0.9717088937759399,0.12079984694719315,0.7397438073301813,,,,,roc_auc,0.7319607766174336,0.9719564914703369,0.1206185445189476,0.7319607766174336,,,,
questions,GCN,1,512,3e-05,9,1260,roc_auc,0.8511326914084825,0.9718315601348877,0.10493265837430954,0.8511326914084825,,,,,roc_auc,0.7400371762233806,0.9719542264938354,0.12149086594581604,0.7400371762233806,,,,,roc_auc,0.7286738442285892,0.9718747138977051,0.121817447245121,0.7286738442285892,,,,
questions,GCN,1,512,6e-05,9,670,roc_auc,0.8417599824509754,0.9718724489212036,0.1065739318728447,0.8417599824509754,,,,,roc_auc,0.7396774212170018,0.9718724489212036,0.12106715887784958,0.7396774212170018,,,,,roc_auc,0.7284785123375408,0.971792995929718,0.12121564894914627,0.7284785123375408,,,,
questions,GCN,1,512,0.0001,9,480,roc_auc,0.8450602381818286,0.9718315601348877,0.10583070665597916,0.8450602381818286,,,,,roc_auc,0.7392644418659693,0.9718724489212036,0.121212899684906,0.7392644418659693,,,,,roc_auc,0.7277909256099504,0.9719564914703369,0.12138620764017105,0.7277909256099504,,,,
questions,GCN,1,512,1e-05,9,2950,roc_auc,0.8461060503726281,0.9718724489212036,0.10594148188829422,0.8461060503726281,,,,,roc_auc,0.7408364650260637,0.9719542264938354,0.1212034821510315,0.7408364650260637,,,,,roc_auc,0.7293981422690362,0.971792995929718,0.12142171710729599,0.7293981422690362,,,,
questions,GCN,2,256,3e-05,9,2270,roc_auc,0.8843891034411098,0.9733033776283264,0.0952444076538086,0.8843891034411098,,,,,roc_auc,0.7686277701770488,0.9705641865730286,0.12228909879922867,0.7686277701770488,,,,,roc_auc,0.7625247916806162,0.9722017645835876,0.11890274286270142,0.7625247916806162,,,,
questions,GCN,2,256,6e-05,9,1350,roc_auc,0.8889536105386511,0.9733850955963135,0.09392877668142319,0.8889536105386511,,,,,roc_auc,0.7692186643114028,0.9708095192909241,0.1226629987359047,0.7692186643114028,,,,,roc_auc,0.7620174136302871,0.9722835421562195,0.11948493123054504,0.7620174136302871,,,,
questions,GCN,2,256,0.0001,9,870,roc_auc,0.8821824867660728,0.9732216000556946,0.096012182533741,0.8821824867660728,,,,,roc_auc,0.768835241212499,0.9710547924041748,0.12196154147386551,0.768835241212499,,,,,roc_auc,0.7620236476268099,0.9723653197288513,0.11874774843454361,0.7620236476268099,,,,
questions,GCN,2,256,1e-05,9,4980,roc_auc,0.8779776480843275,0.9731398224830627,0.09720823168754578,0.8779776480843275,,,,,roc_auc,0.7689696297963966,0.9705641865730286,0.12209717929363251,0.7689696297963966,,,,,roc_auc,0.7640062894098252,0.9724470376968384,0.11837564408779144,0.7640062894098252,,,,
questions,GCN,2,384,3e-05,9,1660,roc_auc,0.8899102344295702,0.9731807112693787,0.09495337307453156,0.8899102344295702,,,,,roc_auc,0.771166721507369,0.9699100852012634,0.12340626865625381,0.771166721507369,,,,,roc_auc,0.7665821998619284,0.9723653197288513,0.1199321299791336,0.7665821998619284,,,,
questions,GCN,2,384,6e-05,9,1050,roc_auc,0.9012897378614435,0.9735077619552612,0.09160148352384567,0.9012897378614435,,,,,roc_auc,0.7720776544343037,0.9698283076286316,0.1244446188211441,0.7720776544343037,,,,,roc_auc,0.763917166348425,0.9719564914703369,0.12136276811361313,0.763917166348425,,,,
questions,GCN,2,384,0.0001,9,660,roc_auc,0.8847750665304308,0.9729762673377991,0.09607009589672089,0.8847750665304308,,,,,roc_auc,0.7716310779372969,0.9699918031692505,0.12282577902078629,0.7716310779372969,,,,,roc_auc,0.7638476688316336,0.9721199870109558,0.11978405714035034,0.7638476688316336,,,,
questions,GCN,2,384,1e-05,9,3810,roc_auc,0.8880860017664478,0.9729354381561279,0.09563238173723221,0.8880860017664478,,,,,roc_auc,0.7706416362156452,0.9700735807418823,0.12338303029537201,0.7706416362156452,,,,,roc_auc,0.7684267701664016,0.9722017645835876,0.11953393369913101,0.7684267701664016,,,,
questions,GCN,2,512,3e-05,9,1420,roc_auc,0.8947556125129164,0.9731807112693787,0.09322554618120193,0.8947556125129164,,,,,roc_auc,0.7746915354819344,0.9696647524833679,0.1236293613910675,0.7746915354819344,,,,,roc_auc,0.7642826632556701,0.9714659452438354,0.12130774557590485,0.7642826632556701,,,,
questions,GCN,2,512,6e-05,9,830,roc_auc,0.8913885665794988,0.9726901054382324,0.09429575502872467,0.8913885665794988,,,,,roc_auc,0.7733844795040091,0.9700735807418823,0.12316276878118515,0.7733844795040091,,,,,roc_auc,0.7633781565379616,0.9719564914703369,0.12077569216489792,0.7633781565379616,,,,
questions,GCN,2,512,0.0001,9,590,roc_auc,0.8908316736805039,0.9727718830108643,0.09404818713665009,0.8908316736805039,,,,,roc_auc,0.7729959764242709,0.9697465300559998,0.12301654368638992,0.7729959764242709,,,,,roc_auc,0.7614448095052284,0.971792995929718,0.1208387091755867,0.7614448095052284,,,,
questions,GCN,2,512,1e-05,9,3340,roc_auc,0.8985371964278498,0.9734668731689453,0.09224880486726761,0.8985371964278498,,,,,roc_auc,0.7746913045737145,0.9697465300559998,0.12453029304742813,0.7746913045737145,,,,,roc_auc,0.7644604476009504,0.9713023900985718,0.12201987206935883,0.7644604476009504,,,,
questions,GCN,3,256,3e-05,9,2680,roc_auc,0.8944012261226469,0.9737939834594727,0.0923047587275505,0.8944012261226469,,,,,roc_auc,0.7697092288242731,0.9707277417182922,0.12031766027212143,0.7697092288242731,,,,,roc_auc,0.7627003825826755,0.9723653197288513,0.11611644178628922,0.7627003825826755,,,,
questions,GCN,3,256,6e-05,9,1730,roc_auc,0.9092113041118981,0.9742436408996582,0.08784795552492142,0.9092113041118981,,,,,roc_auc,0.7710503437646121,0.9711365699768066,0.12139931321144104,0.7710503437646121,,,,,roc_auc,0.7612063014160407,0.972610592842102,0.11739391088485718,0.7612063014160407,,,,
questions,GCN,3,256,0.0001,9,1160,roc_auc,0.9055502254241495,0.9739983677864075,0.0888514593243599,0.9055502254241495,,,,,roc_auc,0.7713415190297236,0.9713000655174255,0.12085699290037155,0.7713415190297236,,,,,roc_auc,0.7614251839606196,0.9726923108100891,0.11696355044841766,0.7614251839606196,,,,
questions,GCN,3,256,1e-05,9,4930,roc_auc,0.8633062882080944,0.9728127717971802,0.09990403801202774,0.8633062882080944,,,,,roc_auc,0.7682392670973105,0.970973014831543,0.1189550831913948,0.7682392670973105,,,,,roc_auc,0.7630958950287342,0.972610592842102,0.11484462767839432,0.7630958950287342,,,,
questions,GCN,3,384,3e-05,9,1440,roc_auc,0.8921791097333588,0.9735077619552612,0.09281772375106812,0.8921791097333588,,,,,roc_auc,0.7737863752604934,0.9703189134597778,0.11943524330854416,0.7737863752604934,,,,,roc_auc,0.7628329127309753,0.9723653197288513,0.1161864623427391,0.7628329127309753,,,,
questions,GCN,3,384,6e-05,9,830,roc_auc,0.8836717293293848,0.9733442664146423,0.09498190134763718,0.8836717293293848,,,,,roc_auc,0.7731048496498854,0.9708095192909241,0.11929476261138916,0.7731048496498854,,,,,roc_auc,0.7628265632900725,0.9726923108100891,0.1161063015460968,0.7628265632900725,,,,
questions,GCN,3,384,0.0001,9,620,roc_auc,0.8919621137338436,0.9736713171005249,0.09276145696640015,0.8919621137338436,,,,,roc_auc,0.7727432473777486,0.970973014831543,0.11944147944450378,0.7727432473777486,,,,,roc_auc,0.7612661016049078,0.972774088382721,0.11638498306274414,0.7612661016049078,,,,
questions,GCN,3,384,1e-05,9,3290,roc_auc,0.891989620675522,0.9734259843826294,0.0932839959859848,0.891989620675522,,,,,roc_auc,0.7750369741786882,0.9705641865730286,0.11958365142345428,0.7750369741786882,,,,,roc_auc,0.7631942536405385,0.9722017645835876,0.11623691767454147,0.7631942536405385,,,,
questions,GCN,3,512,3e-05,9,1100,roc_auc,0.8958025503812873,0.9735077619552612,0.09230705350637436,0.8958025503812873,,,,,roc_auc,0.7797764808432768,0.9698283076286316,0.11979173868894577,0.7797764808432768,,,,,roc_auc,0.7625535373312491,0.9715477228164673,0.11763264238834381,0.7625535373312491,,,,
questions,GCN,3,512,6e-05,9,670,roc_auc,0.8901179652367677,0.9731807112693787,0.09385569393634796,0.8901179652367677,,,,,roc_auc,0.7803677213399605,0.9699918031692505,0.11934316158294678,0.7803677213399605,,,,,roc_auc,0.7630688810438019,0.9716294407844543,0.1172514334321022,0.7630688810438019,,,,
questions,GCN,3,512,0.0001,9,550,roc_auc,0.9073859457712046,0.9741619229316711,0.0888696238398552,0.9073859457712046,,,,,roc_auc,0.7790963406819874,0.9704824090003967,0.12018430233001709,0.7790963406819874,,,,,roc_auc,0.7573259849137284,0.9718747138977051,0.11883093416690826,0.7573259849137284,,,,
questions,GCN,3,512,1e-05,9,2540,roc_auc,0.899404372247141,0.9737530946731567,0.09145188331604004,0.899404372247141,,,,,roc_auc,0.7797352637260504,0.9701553583145142,0.12021613866090775,0.7797352637260504,,,,,roc_auc,0.7623836032038125,0.9714659452438354,0.11801987141370773,0.7623836032038125,,,,
questions,GCN,4,256,3e-05,9,2410,roc_auc,0.8962629236444244,0.9740801453590393,0.0915784165263176,0.8962629236444244,,,,,roc_auc,0.7764036044773104,0.9704006314277649,0.12006820738315582,0.7764036044773104,,,,,roc_auc,0.7706454957066236,0.9721199870109558,0.1160377487540245,0.7706454957066236,,,,
questions,GCN,4,256,6e-05,9,1500,roc_auc,0.9042952392497792,0.9742845296859741,0.08983704447746277,0.9042952392497792,,,,,roc_auc,0.7777125077209935,0.9707277417182922,0.12059886008501053,0.7777125077209935,,,,,roc_auc,0.7698172977241295,0.9722835421562195,0.11668140441179276,0.7698172977241295,,,,
questions,GCN,4,256,0.0001,9,1080,roc_auc,0.9096414572617748,0.9748569130897522,0.08739163726568222,0.9096414572617748,,,,,roc_auc,0.777446963268275,0.9707277417182922,0.12050126492977142,0.777446963268275,,,,,roc_auc,0.7680325276085235,0.9724470376968384,0.11695238947868347,0.7680325276085235,,,,
questions,GCN,4,256,1e-05,9,4780,roc_auc,0.8768659693238431,0.9730989336967468,0.09695799648761749,0.8768659693238431,,,,,roc_auc,0.7757841931778167,0.9704824090003967,0.11908368021249771,0.7757841931778167,,,,,roc_auc,0.772644068814086,0.972610592842102,0.11451642215251923,0.772644068814086,,,,
questions,GCN,4,384,3e-05,9,1480,roc_auc,0.8878278752402888,0.9732624888420105,0.09484713524580002,0.8878278752402888,,,,,roc_auc,0.7768837781202916,0.970237135887146,0.11968141049146652,0.7768837781202916,,,,,roc_auc,0.7656864669171041,0.9721199870109558,0.11645687371492386,0.7656864669171041,,,,
questions,GCN,4,384,6e-05,9,920,roc_auc,0.8898009282510435,0.9734259843826294,0.09376195073127747,0.8898009282510435,,,,,roc_auc,0.7761536463294252,0.970237135887146,0.11967630684375763,0.7761536463294252,,,,,roc_auc,0.7633180100159543,0.9720382690429688,0.11670130491256714,0.7633180100159543,,,,
questions,GCN,4,384,0.0001,9,650,roc_auc,0.8850301912497331,0.9734259843826294,0.09470276534557343,0.8850301912497331,,,,,roc_auc,0.7748709511686842,0.9704006314277649,0.11927802860736847,0.7748709511686842,,,,,roc_auc,0.7610088915261516,0.9722017645835876,0.1165589913725853,0.7610088915261516,,,,
questions,GCN,4,384,1e-05,9,3290,roc_auc,0.8834513274336283,0.9732624888420105,0.09610852599143982,0.8834513274336283,,,,,roc_auc,0.778185869571492,0.9699918031692505,0.11956031620502472,0.778185869571492,,,,,roc_auc,0.7695599722009933,0.9719564914703369,0.11602934449911118,0.7695599722009933,,,,
questions,GCN,4,512,3e-05,9,1360,roc_auc,0.8901063043716699,0.973630428314209,0.09333007782697678,0.8901063043716699,,,,,roc_auc,0.7778191873185205,0.9701553583145142,0.11984630674123764,0.7778191873185205,,,,,roc_auc,0.7635978471932008,0.971792995929718,0.11692317575216293,0.7635978471932008,,,,
questions,GCN,4,512,6e-05,9,840,roc_auc,0.8893446824723343,0.9734668731689453,0.09393160045146942,0.8893446824723343,,,,,roc_auc,0.7773562163379111,0.9704006314277649,0.11950752884149551,0.7773562163379111,,,,,roc_auc,0.7625690068781762,0.9723653197288513,0.11660052835941315,0.7625690068781762,,,,
questions,GCN,4,512,0.0001,9,570,roc_auc,0.8756414341709529,0.9733033776283264,0.0968041718006134,0.8756414341709529,,,,,roc_auc,0.7768866644730386,0.9704824090003967,0.1181003600358963,0.7768866644730386,,,,,roc_auc,0.7627596055496422,0.9723653197288513,0.11500842869281769,0.7627596055496422,,,,
questions,GCN,4,512,1e-05,9,3030,roc_auc,0.8889512437293986,0.973630428314209,0.09374235570430756,0.8889512437293986,,,,,roc_auc,0.7789039941349312,0.9700735807418823,0.12014555186033249,0.7789039941349312,,,,,roc_auc,0.7649041003534908,0.9713023900985718,0.11713358759880066,0.7649041003534908,,,,
questions,GCN,5,256,3e-05,9,1830,roc_auc,0.8841666233713754,0.9735895395278931,0.09425988048315048,0.8841666233713754,,,,,roc_auc,0.7739955781075917,0.970237135887146,0.11893118172883987,0.7739955781075917,,,,,roc_auc,0.7697600373116236,0.9720382690429688,0.11539395153522491,0.7697600373116236,,,,
questions,GCN,5,256,6e-05,9,1080,roc_auc,0.8828153484693672,0.9735895395278931,0.09479685127735138,0.8828153484693672,,,,,roc_auc,0.7724112013577404,0.9706459641456604,0.11889612674713135,0.7724112013577404,,,,,roc_auc,0.7673025727934539,0.9725288152694702,0.11559580266475677,0.7673025727934539,,,,
questions,GCN,5,256,0.0001,9,660,roc_auc,0.8612189067650335,0.9726901054382324,0.09961337596178055,0.8612189067650335,,,,,roc_auc,0.770922997881417,0.9700735807418823,0.1182108148932457,0.770922997881417,,,,,roc_auc,0.76583250405787,0.9721199870109558,0.11499042063951492,0.76583250405787,,,,
questions,GCN,5,256,1e-05,9,4030,roc_auc,0.8782645515473737,0.9733033776283264,0.09644635021686554,0.8782645515473737,,,,,roc_auc,0.7741357393969832,0.9704006314277649,0.11892778426408768,0.7741357393969832,,,,,roc_auc,0.7716879584584942,0.9722835421562195,0.11507639288902283,0.7716879584584942,,,,
questions,GCN,5,384,3e-05,9,1570,roc_auc,0.8913848143209278,0.9739165902137756,0.09430184215307236,0.8913848143209278,,,,,roc_auc,0.7773707635557557,0.9708912372589111,0.11989067494869232,0.7773707635557557,,,,,roc_auc,0.7708027309522545,0.9722017645835876,0.11713231354951859,0.7708027309522545,,,,
questions,GCN,5,384,6e-05,9,980,roc_auc,0.8933348342367617,0.9736713171005249,0.09254005551338196,0.8933348342367617,,,,,roc_auc,0.7766193882086717,0.970237135887146,0.1196807324886322,0.7766193882086717,,,,,roc_auc,0.7686353781611559,0.971792995929718,0.11727836728096008,0.7686353781611559,,,,
questions,GCN,5,384,0.0001,9,710,roc_auc,0.8919260054609792,0.9740392565727234,0.09253120422363281,0.8919260054609792,,,,,roc_auc,0.7765797874489837,0.9699918031692505,0.11918407678604126,0.7765797874489837,,,,,roc_auc,0.7668727733665197,0.9718747138977051,0.11701257526874542,0.7668727733665197,,,,
questions,GCN,5,384,1e-05,9,3570,roc_auc,0.893299678460304,0.9739574790000916,0.09426043182611465,0.893299678460304,,,,,roc_auc,0.7777667711526361,0.9708095192909241,0.12063970416784286,0.7777667711526361,,,,,roc_auc,0.7724232237150463,0.9725288152694702,0.11755351722240448,0.7724232237150463,,,,
questions,GCN,5,512,3e-05,9,1400,roc_auc,0.9032556327173857,0.9741619229316711,0.08976651728153229,0.9032556327173857,,,,,roc_auc,0.782190741734929,0.969501256942749,0.12094758450984955,0.782190741734929,,,,,roc_auc,0.7641136526832737,0.9715477228164673,0.1187015250325203,0.7641136526832737,,,,
questions,GCN,5,512,6e-05,9,830,roc_auc,0.8920856784949402,0.9735077619552612,0.09249743074178696,0.8920856784949402,,,,,roc_auc,0.7807819706862014,0.9698283076286316,0.11946020275354385,0.7807819706862014,,,,,roc_auc,0.764174145538421,0.9716294407844543,0.11710282415151596,0.764174145538421,,,,
questions,GCN,5,512,0.0001,9,610,roc_auc,0.8891925716825704,0.9735077619552612,0.09303473681211472,0.8891925716825704,,,,,roc_auc,0.7786075079807654,0.9700735807418823,0.11904528737068176,0.7786075079807654,,,,,roc_auc,0.7608034005296589,0.971792995929718,0.11688672751188278,0.7608034005296589,,,,
questions,GCN,5,512,1e-05,9,3090,roc_auc,0.9032657926790549,0.9742436408996582,0.09032561630010605,0.9032657926790549,,,,,roc_auc,0.7839528023598821,0.9698283076286316,0.1214514970779419,0.7839528023598821,,,,,roc_auc,0.7655105296819047,0.9708936214447021,0.11939872801303864,0.7655105296819047,,,,
questions,SAGE,1,256,3e-05,1,2310,roc_auc,0.922216083912047,0.9755519032478333,0.08097542077302933,0.922216083912047,,,,,roc_auc,0.7734887345652287,0.9723630547523499,0.11808157712221146,0.7734887345652287,,,,,roc_auc,0.7579067855897708,0.9731011390686035,0.12098506838083267,0.7579067855897708,,,,
questions,SAGE,1,256,6e-05,1,1280,roc_auc,0.9163495719538877,0.9752248525619507,0.08297289162874222,0.9163495719538877,,,,,roc_auc,0.7738826639881313,0.9723630547523499,0.11740487813949585,0.7738826639881313,,,,,roc_auc,0.7582849813788215,0.9729375839233398,0.12012365460395813,0.7582849813788215,,,,
questions,SAGE,1,256,0.0001,1,900,roc_auc,0.928373828862373,0.9769419431686401,0.0769355371594429,0.928373828862373,,,,,roc_auc,0.7738907457758228,0.972281277179718,0.11872174590826035,0.7738907457758228,,,,,roc_auc,0.7592059966428774,0.972610592842102,0.12159646302461624,0.7592059966428774,,,,
questions,SAGE,1,256,1e-05,1,5000,roc_auc,0.9144302051042261,0.9748160243034363,0.08523237705230713,0.9144302051042261,,,,,roc_auc,0.7730426198846614,0.9726901054382324,0.11779902875423431,0.7730426198846614,,,,,roc_auc,0.7571830647712239,0.9730193614959717,0.12069139629602432,0.7571830647712239,,,,
questions,SAGE,1,384,3e-05,1,1350,roc_auc,0.9182354571116845,0.9754292964935303,0.0821538195014,0.9182354571116845,,,,,roc_auc,0.7708676953627857,0.9723630547523499,0.11781454086303711,0.7708676953627857,,,,,roc_auc,0.7557567494556797,0.9731828570365906,0.120793417096138,0.7557567494556797,,,,
questions,SAGE,1,384,6e-05,1,780,roc_auc,0.9194687956404528,0.9756336808204651,0.08128295093774796,0.9194687956404528,,,,,roc_auc,0.7710304856577133,0.9721994996070862,0.11801760643720627,0.7710304856577133,,,,,roc_auc,0.7556262973062208,0.9730193614959717,0.121089406311512,0.7556262973062208,,,,
questions,SAGE,1,384,0.0001,1,540,roc_auc,0.9231842243504264,0.9762060642242432,0.07929105311632156,0.9231842243504264,,,,,roc_auc,0.7711367034388006,0.9721994996070862,0.11859405785799026,0.7711367034388006,,,,,roc_auc,0.7545362714697686,0.972610592842102,0.12182668596506119,0.7545362714697686,,,,
questions,SAGE,1,384,1e-05,1,3240,roc_auc,0.916322959781561,0.9751839637756348,0.0832037627696991,0.916322959781561,,,,,roc_auc,0.7698512373794226,0.9724448323249817,0.118033766746521,0.7698512373794226,,,,,roc_auc,0.755715304923241,0.9731828570365906,0.12096407264471054,0.755715304923241,,,,
questions,SAGE,1,512,3e-05,1,1150,roc_auc,0.9189568143902003,0.9754292964935303,0.08135762065649033,0.9189568143902003,,,,,roc_auc,0.7699895514030561,0.9726083278656006,0.1181543618440628,0.7699895514030561,,,,,roc_auc,0.7616580352751847,0.9730193614959717,0.11970242857933044,0.7616580352751847,,,,
questions,SAGE,1,512,6e-05,1,630,roc_auc,0.9071799179121278,0.9748160243034363,0.08600696921348572,0.9071799179121278,,,,,roc_auc,0.7700501648107418,0.9726901054382324,0.11682181805372238,0.7700501648107418,,,,,roc_auc,0.7617730178777167,0.9731828570365906,0.11819072812795639,0.7617730178777167,,,,
questions,SAGE,1,512,0.0001,1,460,roc_auc,0.9165452089430753,0.9758790135383606,0.0812729150056839,0.9165452089430753,,,,,roc_auc,0.7697676486038711,0.9720360040664673,0.11814367026090622,0.7697676486038711,,,,,roc_auc,0.7610453719502481,0.9725288152694702,0.11966831982135773,0.7610453719502481,,,,
questions,SAGE,1,512,1e-05,1,2680,roc_auc,0.9105755964647952,0.9747751355171204,0.0853346586227417,0.9105755964647952,,,,,roc_auc,0.7708770471456858,0.9727718830108643,0.1174296960234642,0.7708770471456858,,,,,roc_auc,0.7623966484187583,0.9731011390686035,0.11908769607543945,0.7623966484187583,,,,
questions,SAGE,2,256,3e-05,1,2560,roc_auc,0.93158097085361,0.977718710899353,0.07568037509918213,0.93158097085361,,,,,roc_auc,0.7869571492071188,0.9716271758079529,0.1197248250246048,0.7869571492071188,,,,,roc_auc,0.7794876116635766,0.9720382690429688,0.12091266363859177,0.7794876116635766,,,,
questions,SAGE,2,256,6e-05,1,1450,roc_auc,0.9269107655184756,0.9773507714271545,0.07744737714529037,0.9269107655184756,,,,,roc_auc,0.7852488901973689,0.971545398235321,0.11912684887647629,0.7852488901973689,,,,,roc_auc,0.7774671041239041,0.9724470376968384,0.12029767036437988,0.7774671041239041,,,,
questions,SAGE,2,256,0.0001,1,930,roc_auc,0.9180397623954419,0.9763287305831909,0.08082830160856247,0.9180397623954419,,,,,roc_auc,0.7838294973705325,0.9713000655174255,0.11787501722574234,0.7838294973705325,,,,,roc_auc,0.7746467979192304,0.9720382690429688,0.11926084756851196,0.7746467979192304,,,,
questions,SAGE,2,256,1e-05,1,5000,roc_auc,0.8976619676843947,0.9747342467308044,0.08939965814352036,0.8976619676843947,,,,,roc_auc,0.7848738952484862,0.9721994996070862,0.1161755844950676,0.7848738952484862,,,,,roc_auc,0.7726320625985607,0.972774088382721,0.11790107935667038,0.7726320625985607,,,,
questions,SAGE,2,384,3e-05,1,1270,roc_auc,0.9366841002372581,0.9772689938545227,0.07372471690177917,0.9366841002372581,,,,,roc_auc,0.7886891917635038,0.9717088937759399,0.11951347440481186,0.7886891917635038,,,,,roc_auc,0.7733628255242906,0.971792995929718,0.1220327839255333,0.7733628255242906,,,,
questions,SAGE,2,384,6e-05,1,690,roc_auc,0.921260932061029,0.9761242866516113,0.08072008937597275,0.921260932061029,,,,,roc_auc,0.7867108855907499,0.9717088937759399,0.1171630248427391,0.7867108855907499,,,,,roc_auc,0.7702585261446888,0.9722017645835876,0.11958038806915283,0.7702585261446888,,,,
questions,SAGE,2,384,0.0001,1,510,roc_auc,0.9322504026462082,0.9774734377861023,0.07615955173969269,0.9322504026462082,,,,,roc_auc,0.7849002187855382,0.9708912372589111,0.11947407573461533,0.7849002187855382,,,,,roc_auc,0.7696028020659926,0.9716294407844543,0.1217157393693924,0.7696028020659926,,,,
questions,SAGE,2,384,1e-05,1,3170,roc_auc,0.9447244687667768,0.9786181449890137,0.06928200274705887,0.9447244687667768,,,,,roc_auc,0.7898289547362162,0.9712183475494385,0.12135014683008194,0.7898289547362162,,,,,roc_auc,0.775668711571452,0.9713023900985718,0.12384749948978424,0.775668711571452,,,,
questions,SAGE,2,512,3e-05,1,880,roc_auc,0.9352913484462764,0.9791087508201599,0.0729214996099472,0.9352913484462764,,,,,roc_auc,0.781714839894013,0.9694194793701172,0.12407077103853226,0.781714839894013,,,,,roc_auc,0.7828449651242528,0.9706483483314514,0.1234636977314949,0.7828449651242528,,,,
questions,SAGE,2,512,6e-05,1,500,roc_auc,0.9223443822916486,0.977023720741272,0.07942328602075577,0.9223443822916486,,,,,roc_auc,0.7793658105744419,0.9696647524833679,0.12188316881656647,0.7793658105744419,,,,,roc_auc,0.780177045501248,0.9704030752182007,0.12159985303878784,0.780177045501248,,,,
questions,SAGE,2,512,0.0001,1,360,roc_auc,0.9188004317983709,0.9771463871002197,0.08274643123149872,0.9188004317983709,,,,,roc_auc,0.7780616409492638,0.968928873538971,0.12348895519971848,0.7780616409492638,,,,,roc_auc,0.7783112334308454,0.9693402051925659,0.12330080568790436,0.7783112334308454,,,,
questions,SAGE,2,512,1e-05,1,2120,roc_auc,0.9345888101876707,0.9784137606620789,0.0731193870306015,0.9345888101876707,,,,,roc_auc,0.7838412736897402,0.969501256942749,0.12419060617685318,0.7838412736897402,,,,,roc_auc,0.7845251426315316,0.9708118438720703,0.12351858615875244,0.7845251426315316,,,,
questions,SAGE,3,256,3e-05,1,1530,roc_auc,0.9262527925462827,0.9773916602134705,0.07674302160739899,0.9262527925462827,,,,,roc_auc,0.7884119864456876,0.9708095192909241,0.11951176822185516,0.7884119864456876,,,,,roc_auc,0.790070859760476,0.9712206721305847,0.11898147314786911,0.790070859760476,,,,
questions,SAGE,3,256,6e-05,1,900,roc_auc,0.9301887963331774,0.9782910943031311,0.07511109113693237,0.9301887963331774,,,,,roc_auc,0.788857062039266,0.9704824090003967,0.12020561844110489,0.788857062039266,,,,,roc_auc,0.7903470027175608,0.9706483483314514,0.11974659562110901,0.7903470027175608,,,,
questions,SAGE,3,256,0.0001,1,600,roc_auc,0.9234223195885216,0.9779640436172485,0.07766120135784149,0.9234223195885216,,,,,roc_auc,0.788565424957715,0.9708095192909241,0.11974301189184189,0.788565424957715,,,,,roc_auc,0.789313544627334,0.9708936214447021,0.11918383836746216,0.789313544627334,,,,
questions,SAGE,3,256,1e-05,1,3690,roc_auc,0.9262759988223681,0.9773098826408386,0.07707317173480988,0.9262759988223681,,,,,roc_auc,0.7897245842208869,0.9706459641456604,0.11933304369449615,0.7897245842208869,,,,,roc_auc,0.789995590024682,0.9708118438720703,0.11932405084371567,0.789995590024682,,,,
questions,SAGE,3,384,3e-05,1,1010,roc_auc,0.9437724341767255,0.9793131947517395,0.07138998061418533,0.9437724341767255,,,,,roc_auc,0.7881654919210986,0.9675388336181641,0.12548327445983887,0.7881654919210986,,,,,roc_auc,0.7813901350468357,0.9692584276199341,0.1264597773551941,0.7813901350468357,,,,
questions,SAGE,3,384,6e-05,1,560,roc_auc,0.9294599922645747,0.9771872758865356,0.07827027887105942,0.9294599922645747,,,,,roc_auc,0.7868516241506907,0.9683564901351929,0.12298696488142014,0.7868516241506907,,,,,roc_auc,0.7793285293078648,0.9695854783058167,0.12411106377840042,0.7793285293078648,,,,
questions,SAGE,3,384,0.0001,1,420,roc_auc,0.9388294396434778,0.9788634777069092,0.07403004914522171,0.9388294396434778,,,,,roc_auc,0.7847750665304308,0.9681112170219421,0.12633126974105835,0.7847750665304308,,,,,roc_auc,0.7784857853334841,0.9686861038208008,0.12700603902339935,0.7784857853334841,,,,
questions,SAGE,3,384,1e-05,1,2350,roc_auc,0.9333896460754262,0.9772689938545227,0.07707853615283966,0.9333896460754262,,,,,roc_auc,0.7886296174428069,0.9677841663360596,0.12433592975139618,0.7886296174428069,,,,,roc_auc,0.7808205324756585,0.9686861038208008,0.12569046020507812,0.7808205324756585,,,,
questions,SAGE,3,512,3e-05,1,730,roc_auc,0.9217841989505222,0.9759607315063477,0.08372050523757935,0.9217841989505222,,,,,roc_auc,0.7872506335544279,0.9675388336181641,0.12657390534877777,0.7872506335544279,,,,,roc_auc,0.7830542657852873,0.9681955575942993,0.12684032320976257,0.7830542657852873,,,,
questions,SAGE,3,512,6e-05,1,450,roc_auc,0.9177494818996821,0.9755519032478333,0.08627817779779434,0.9177494818996821,,,,,roc_auc,0.7857109375450992,0.9672935605049133,0.1269945651292801,0.7857109375450992,,,,,roc_auc,0.7810962136552231,0.9678685069084167,0.12706942856311798,0.7810962136552231,,,,
questions,SAGE,3,512,0.0001,1,320,roc_auc,0.9005553054049842,0.9739165902137756,0.09791509062051773,0.9005553054049842,,,,,roc_auc,0.7836072482090182,0.9661487936973572,0.130927175283432,0.7836072482090182,,,,,roc_auc,0.7781410684146484,0.9672144651412964,0.1307247430086136,0.7781410684146484,,,,
questions,SAGE,3,512,1e-05,1,1720,roc_auc,0.9209809269810483,0.9759199023246765,0.08455790579319,0.9209809269810483,,,,,roc_auc,0.7885596522522211,0.9669665098190308,0.1269620954990387,0.7885596522522211,,,,,roc_auc,0.784271626772937,0.9681137800216675,0.1273147165775299,0.784271626772937,,,,
questions,SAGE,4,256,3e-05,1,2030,roc_auc,0.9417231237263968,0.9793540835380554,0.06973196566104889,0.9417231237263968,,,,,roc_auc,0.7929406739056393,0.9692559242248535,0.12224454432725906,0.7929406739056393,,,,,roc_auc,0.7884368600052182,0.970239520072937,0.12191896140575409,0.7884368600052182,,,,
questions,SAGE,4,256,6e-05,1,1190,roc_auc,0.9433107331913247,0.9803352355957031,0.0690879225730896,0.9433107331913247,,,,,roc_auc,0.792903266774039,0.9687653183937073,0.12339424341917038,0.792903266774039,,,,,roc_auc,0.7871273744022868,0.969421923160553,0.12295828759670258,0.7871273744022868,,,,
questions,SAGE,4,256,0.0001,1,780,roc_auc,0.9321483412130762,0.9789043664932251,0.07487497478723526,0.9321483412130762,,,,,roc_auc,0.7922146984627285,0.9684382677078247,0.12271836400032043,0.7922146984627285,,,,,roc_auc,0.7846366619026619,0.9697489738464355,0.12257203459739685,0.7846366619026619,,,,
questions,SAGE,4,256,1e-05,1,4590,roc_auc,0.9377015973076102,0.9789043664932251,0.07191121578216553,0.9377015973076102,,,,,roc_auc,0.793413804847918,0.9703189134597778,0.12038324028253555,0.793413804847918,,,,,roc_auc,0.7876719255429926,0.9706483483314514,0.12051105499267578,0.7876719255429926,,,,
questions,SAGE,4,384,3e-05,1,1130,roc_auc,0.937901304054171,0.978331983089447,0.07559946179389954,0.937901304054171,,,,,roc_auc,0.7914402322936691,0.9674570560455322,0.12679991126060486,0.7914402322936691,,,,,roc_auc,0.7840031031449358,0.9681955575942993,0.1275990903377533,0.7840031031449358,,,,
questions,SAGE,4,384,6e-05,1,620,roc_auc,0.9188775551437692,0.9764922261238098,0.08398887515068054,0.9188775551437692,,,,,roc_auc,0.7895003723395042,0.9677841663360596,0.1242964044213295,0.7895003723395042,,,,,roc_auc,0.7807695060596754,0.9685226082801819,0.12507309019565582,0.7807695060596754,,,,
questions,SAGE,4,384,0.0001,1,460,roc_auc,0.92618917733174,0.9773916602134705,0.08223315328359604,0.92618917733174,,,,,roc_auc,0.7871917519583904,0.9667211771011353,0.1281488537788391,0.7871917519583904,,,,,roc_auc,0.7790682022308472,0.9672144651412964,0.12848688662052155,0.7790682022308472,,,,
questions,SAGE,4,384,1e-05,1,2490,roc_auc,0.9181072164591377,0.9756336808204651,0.08452915400266647,0.9181072164591377,,,,,roc_auc,0.7927762672531735,0.968928873538971,0.12262292206287384,0.7927762672531735,,,,,roc_auc,0.7830968647615265,0.969421923160553,0.12391957640647888,0.7830968647615265,,,,
questions,SAGE,4,512,3e-05,1,850,roc_auc,0.9248478314831812,0.9768601655960083,0.08629368990659714,0.9248478314831812,,,,,roc_auc,0.7822200670788378,0.9656582474708557,0.1321977823972702,0.7822200670788378,,,,,roc_auc,0.787254132331584,0.9660698175430298,0.13025090098381042,0.787254132331584,,,,
questions,SAGE,4,512,6e-05,1,530,roc_auc,0.9264153519329904,0.9768601655960083,0.08854548633098602,0.9264153519329904,,,,,roc_auc,0.7797865253508363,0.9637776017189026,0.13661640882492065,0.7797865253508363,,,,,roc_auc,0.7858331274575222,0.9649251699447632,0.13413996994495392,0.7858331274575222,,,,
questions,SAGE,4,512,0.0001,1,370,roc_auc,0.912943358213694,0.9742845296859741,0.10141270607709885,0.912943358213694,,,,,roc_auc,0.7781105934918517,0.9623875617980957,0.14277097582817078,0.7781105934918517,,,,,roc_auc,0.7817466272924367,0.9634535312652588,0.14014814794063568,0.7817466272924367,,,,
questions,SAGE,4,512,1e-05,1,2040,roc_auc,0.9285418434557724,0.9775143265724182,0.08373864740133286,0.9285418434557724,,,,,roc_auc,0.7844679585981562,0.9653311371803284,0.13167259097099304,0.7844679585981562,,,,,roc_auc,0.7893747301487617,0.9660698175430298,0.12997137010097504,0.7893747301487617,,,,
questions,SAGE,5,256,3e-05,1,1680,roc_auc,0.9305747305589711,0.9779231548309326,0.0758901834487915,0.9305747305589711,,,,,roc_auc,0.7943411322584555,0.9693377017974854,0.12098908424377441,0.7943411322584555,,,,,roc_auc,0.7895608264894056,0.9692584276199341,0.12135715037584305,0.7895608264894056,,,,
questions,SAGE,5,256,6e-05,1,970,roc_auc,0.9271853153917646,0.9779231548309326,0.07732653617858887,0.9271853153917646,,,,,roc_auc,0.7927659918373944,0.9693377017974854,0.1214226633310318,0.7927659918373944,,,,,roc_auc,0.7885396055034645,0.9691766500473022,0.12159116566181183,0.7885396055034645,,,,
questions,SAGE,5,256,0.0001,1,660,roc_auc,0.920845210674887,0.9773507714271545,0.08115438371896744,0.920845210674887,,,,,roc_auc,0.7912589693411611,0.9685200452804565,0.12336701154708862,0.7912589693411611,,,,,roc_auc,0.7884105386865663,0.9681137800216675,0.12277594208717346,0.7884105386865663,,,,
questions,SAGE,5,256,1e-05,1,4040,roc_auc,0.9357048184772758,0.9782910943031311,0.07375035434961319,0.9357048184772758,,,,,roc_auc,0.7952435215812594,0.9697465300559998,0.12093228101730347,0.7952435215812594,,,,,roc_auc,0.7915626320395097,0.9695854783058167,0.12137843668460846,0.7915626320395097,,,,
questions,SAGE,5,384,3e-05,1,780,roc_auc,0.9224676584174705,0.9757154583930969,0.08857964724302292,0.9224676584174705,,,,,roc_auc,0.7934967008988102,0.9640228748321533,0.1320212334394455,0.7934967008988102,,,,,roc_auc,0.7878368955620871,0.9654157161712646,0.1317203789949417,0.7878368955620871,,,,
questions,SAGE,5,384,6e-05,1,510,roc_auc,0.9372683846238217,0.97759610414505,0.08033237606287003,0.9372683846238217,,,,,roc_auc,0.7910144375364402,0.964186429977417,0.13399554789066315,0.7910144375364402,,,,,roc_auc,0.7890983563029168,0.9648433923721313,0.13277427852153778,0.7890983563029168,,,,
questions,SAGE,5,384,0.0001,1,330,roc_auc,0.910887813241432,0.9751430749893188,0.0947350487112999,0.910887813241432,,,,,roc_auc,0.7886141465920834,0.9655764698982239,0.13277119398117065,0.7886141465920834,,,,,roc_auc,0.7844856606535537,0.965824544429779,0.13183695077896118,0.7844856606535537,,,,
questions,SAGE,5,384,1e-05,1,2020,roc_auc,0.9341224333108198,0.976410448551178,0.0851692482829094,0.9341224333108198,,,,,roc_auc,0.7948284640562493,0.9633687734603882,0.13616988062858582,0.7948284640562493,,,,,roc_auc,0.7893663027090178,0.9641075730323792,0.13542594015598297,0.7893663027090178,,,,
questions,SAGE,5,512,3e-05,1,830,roc_auc,0.9284526551558919,0.9755110740661621,0.08991460502147675,0.9284526551558919,,,,,roc_auc,0.7887679314664404,0.9622240662574768,0.13867074251174927,0.7887679314664404,,,,,roc_auc,0.7895949980259012,0.9628812074661255,0.13823746144771576,0.7895949980259012,,,,
questions,SAGE,5,512,6e-05,1,490,roc_auc,0.9156076349802862,0.9739983677864075,0.09709129482507706,0.9156076349802862,,,,,roc_auc,0.7874224292699259,0.9618969559669495,0.13913433253765106,0.7874224292699259,,,,,roc_auc,0.7856668875502473,0.9625541567802429,0.13873226940631866,0.7856668875502473,,,,
questions,SAGE,5,512,0.0001,1,360,roc_auc,0.9091574447696402,0.9723630547523499,0.10595579445362091,0.9091574447696402,,,,,roc_auc,0.7864463802250201,0.9599345922470093,0.14549419283866882,0.7864463802250201,,,,,roc_auc,0.782294295431404,0.9609189629554749,0.1447366625070572,0.782294295431404,,,,
questions,SAGE,5,512,1e-05,1,2050,roc_auc,0.9396502029105982,0.9769010543823242,0.08353564888238907,0.9396502029105982,,,,,roc_auc,0.7892851658786924,0.9618152379989624,0.13982626795768738,0.7892851658786924,,,,,roc_auc,0.7912904141913468,0.961654782295227,0.1394464075565338,0.7912904141913468,,,,
questions,SAGE,1,256,3e-05,2,2540,roc_auc,0.9150950475959567,0.975674569606781,0.0830564796924591,0.9150950475959567,,,,,roc_auc,0.7538475659387285,0.9717088937759399,0.1242031529545784,0.7538475659387285,,,,,roc_auc,0.7553992182106583,0.9719564914703369,0.12337672710418701,0.7553992182106583,,,,
questions,SAGE,1,256,6e-05,2,1430,roc_auc,0.9124457510001213,0.9754292964935303,0.08395445346832275,0.9124457510001213,,,,,roc_auc,0.7541796119587367,0.971545398235321,0.12367277592420578,0.7541796119587367,,,,,roc_auc,0.7538324070845908,0.9719564914703369,0.12304238229990005,0.7538324070845908,,,,
questions,SAGE,1,256,0.0001,2,940,roc_auc,0.9133694993332526,0.9754701852798462,0.0832795798778534,0.9133694993332526,,,,,roc_auc,0.7551579700858402,0.9714636206626892,0.1231810450553894,0.7551579700858402,,,,,roc_auc,0.7532172039832928,0.9718747138977051,0.12273330986499786,0.7532172039832928,,,,
questions,SAGE,1,256,1e-05,2,5000,roc_auc,0.8907270145298998,0.9739574790000916,0.09240126609802246,0.8907270145298998,,,,,roc_auc,0.7524307131023096,0.9717906713485718,0.1222347542643547,0.7524307131023096,,,,,roc_auc,0.7514885398363922,0.9721199870109558,0.12196250259876251,0.7514885398363922,,,,
questions,SAGE,1,384,3e-05,2,1150,roc_auc,0.902046799323439,0.97432541847229,0.0878194198012352,0.902046799323439,,,,,roc_auc,0.7560751375347085,0.971545398235321,0.12165585160255432,0.7560751375347085,,,,,roc_auc,0.7593227109111101,0.9717112183570862,0.12084320187568665,0.7593227109111101,,,,
questions,SAGE,1,384,6e-05,2,630,roc_auc,0.8957029712115177,0.9740801453590393,0.090013287961483,0.8957029712115177,,,,,roc_auc,0.7553366930479307,0.971545398235321,0.12111581861972809,0.7553366930479307,,,,,roc_auc,0.7586807247136402,0.9717112183570862,0.1203140914440155,0.7586807247136402,,,,
questions,SAGE,1,384,0.0001,2,420,roc_auc,0.8901609718926969,0.9739165902137756,0.09153587371110916,0.8901609718926969,,,,,roc_auc,0.7547707370013104,0.9716271758079529,0.12058678269386292,0.7547707370013104,,,,,roc_auc,0.7580615965034205,0.9716294407844543,0.11983935534954071,0.7580615965034205,,,,
questions,SAGE,1,384,1e-05,2,2970,roc_auc,0.9093562567468496,0.9751021862030029,0.08494436740875244,0.9093562567468496,,,,,roc_auc,0.7566436335717461,0.9716271758079529,0.1223558560013771,0.7566436335717461,,,,,roc_auc,0.76085038639234,0.9715477228164673,0.12146984040737152,0.76085038639234,,,,
questions,SAGE,1,512,3e-05,2,780,roc_auc,0.9135335596233887,0.9753884077072144,0.08313719928264618,0.9135335596233887,,,,,roc_auc,0.7553223767383059,0.9710547924041748,0.12221667915582657,0.7553223767383059,,,,,roc_auc,0.7600770244903707,0.9712206721305847,0.12110023945569992,0.7600770244903707,,,,
questions,SAGE,1,512,6e-05,2,460,roc_auc,0.9127939028684573,0.9754701852798462,0.08333510905504227,0.9127939028684573,,,,,roc_auc,0.7560055187064522,0.9708912372589111,0.12206469476222992,0.7560055187064522,,,,,roc_auc,0.7593663488867699,0.9712206721305847,0.12093973159790039,0.7593663488867699,,,,
questions,SAGE,1,512,0.0001,2,320,roc_auc,0.9094526032015425,0.9756336808204651,0.0841306820511818,0.9094526032015425,,,,,roc_auc,0.7559885469523001,0.9710547924041748,0.12171106785535812,0.7559885469523001,,,,,roc_auc,0.758119895915347,0.9713023900985718,0.12077455222606659,0.758119895915347,,,,
questions,SAGE,1,512,1e-05,2,1910,roc_auc,0.9117258657615065,0.9751021862030029,0.0839250460267067,0.9117258657615065,,,,,roc_auc,0.7554733907140259,0.971545398235321,0.12187376618385315,0.7554733907140259,,,,,roc_auc,0.7608652787173668,0.9713023900985718,0.12089737504720688,0.7608652787173668,,,,
questions,SAGE,2,256,3e-05,2,2020,roc_auc,0.9455591442541376,0.9796402454376221,0.06667512655258179,0.9455591442541376,,,,,roc_auc,0.7640361602272137,0.9696647524833679,0.12876982986927032,0.7640361602272137,,,,,roc_auc,0.7795913961612435,0.9695854783058167,0.12459689378738403,0.7795913961612435,,,,
questions,SAGE,2,256,6e-05,2,1120,roc_auc,0.9401309249606014,0.9789860844612122,0.06960465013980865,0.9401309249606014,,,,,roc_auc,0.7632041979114351,0.9697465300559998,0.12755241990089417,0.7632041979114351,,,,,roc_auc,0.7782988808821798,0.9693402051925659,0.12352193892002106,0.7782988808821798,,,,
questions,SAGE,2,256,0.0001,2,770,roc_auc,0.9434673178278463,0.979681134223938,0.06769148260354996,0.9434673178278463,,,,,roc_auc,0.7615915349046638,0.969501256942749,0.12807807326316833,0.7615915349046638,,,,,roc_auc,0.7763568755209427,0.9691766500473022,0.1239580437541008,0.7763568755209427,,,,
questions,SAGE,2,256,1e-05,2,4620,roc_auc,0.9403777658475196,0.979067862033844,0.06930243223905563,0.9403777658475196,,,,,roc_auc,0.7639657332201883,0.9700735807418823,0.1279430389404297,0.7639657332201883,,,,,roc_auc,0.7794984634353015,0.9699125289916992,0.12380152195692062,0.7794984634353015,,,,
questions,SAGE,2,384,3e-05,2,890,roc_auc,0.9305371502462059,0.9778822660446167,0.07701341807842255,0.9305371502462059,,,,,roc_auc,0.7609276737728672,0.968192994594574,0.12845240533351898,0.7609276737728672,,,,,roc_auc,0.7745963487251477,0.9690949320793152,0.1253076195716858,0.7745963487251477,,,,
questions,SAGE,2,384,6e-05,2,530,roc_auc,0.9331102759930496,0.9786590337753296,0.07623467594385147,0.9331102759930496,,,,,roc_auc,0.7595004300665593,0.9673753380775452,0.1294945478439331,0.7595004300665593,,,,,roc_auc,0.7751144631028216,0.9686861038208008,0.12581880390644073,0.7751144631028216,,,,
questions,SAGE,2,384,0.0001,2,370,roc_auc,0.9297520045719827,0.9780458211898804,0.07887382060289383,0.9297520045719827,,,,,roc_auc,0.7585285373696089,0.9668029546737671,0.12998072803020477,0.7585285373696089,,,,,roc_auc,0.7739274639871256,0.9681955575942993,0.12647876143455505,0.7739274639871256,,,,
questions,SAGE,2,384,1e-05,2,2280,roc_auc,0.936405913559508,0.9786590337753296,0.07430668920278549,0.936405913559508,,,,,roc_auc,0.7612934323929595,0.9680294394493103,0.13005495071411133,0.7612934323929595,,,,,roc_auc,0.7755687367383268,0.9680320620536804,0.126539945602417,0.7755687367383268,,,,
questions,SAGE,2,512,3e-05,2,860,roc_auc,0.922696488463248,0.9765331149101257,0.08056378364562988,0.922696488463248,,,,,roc_auc,0.7624754515698873,0.9692559242248535,0.1268610805273056,0.7624754515698873,,,,,roc_auc,0.7715615468623371,0.969421923160553,0.12444882094860077,0.7715615468623371,,,,
questions,SAGE,2,512,6e-05,2,560,roc_auc,0.9371482257589665,0.9779231548309326,0.07668352127075195,0.9371482257589665,,,,,roc_auc,0.7606442339331174,0.9668029546737671,0.1319090574979782,0.7606442339331174,,,,,roc_auc,0.7719764539642446,0.9672144651412964,0.12894582748413086,0.7719764539642446,,,,
questions,SAGE,2,512,0.0001,2,370,roc_auc,0.9162280853667688,0.9763287305831909,0.08638528734445572,0.9162280853667688,,,,,roc_auc,0.7606099440624838,0.9669665098190308,0.1295567750930786,0.7606099440624838,,,,,roc_auc,0.7690824942450976,0.9671326875686646,0.12744635343551636,0.7690824942450976,,,,
questions,SAGE,2,512,1e-05,2,2200,roc_auc,0.9331612489825607,0.9775552153587341,0.07596710324287415,0.9331612489825607,,,,,roc_auc,0.7639029261844148,0.968192994594574,0.12918202579021454,0.7639029261844148,,,,,roc_auc,0.7734257427114191,0.9683590531349182,0.1265416443347931,0.7734257427114191,,,,
questions,SAGE,3,256,3e-05,2,2210,roc_auc,0.9578681975881637,0.9813164472579956,0.060332175344228745,0.9578681975881637,,,,,roc_auc,0.778394610602151,0.9683564901351929,0.12951862812042236,0.778394610602151,,,,,roc_auc,0.7806516373476423,0.968604326248169,0.1275354027748108,0.7806516373476423,,,,
questions,SAGE,3,256,6e-05,2,1270,roc_auc,0.9569027703213664,0.981112003326416,0.061161138117313385,0.9569027703213664,,,,,roc_auc,0.7768811226757644,0.968192994594574,0.12982144951820374,0.7768811226757644,,,,,roc_auc,0.780487475439208,0.9686861038208008,0.1275174617767334,0.780487475439208,,,,
questions,SAGE,3,256,0.0001,2,860,roc_auc,0.9552862684654417,0.9811937808990479,0.062158454209566116,0.9552862684654417,,,,,roc_auc,0.7732332346200694,0.9678658843040466,0.1304103583097458,0.7732332346200694,,,,,roc_auc,0.7803621028424715,0.9685226082801819,0.12739314138889313,0.7803621028424715,,,,
questions,SAGE,3,256,1e-05,2,5000,roc_auc,0.956233078757021,0.981112003326416,0.06143023446202278,0.956233078757021,,,,,roc_auc,0.7810252324957138,0.9683564901351929,0.12800751626491547,0.7810252324957138,,,,,roc_auc,0.7813715485016475,0.9685226082801819,0.12660448253154755,0.7813715485016475,,,,
questions,SAGE,3,384,3e-05,2,1080,roc_auc,0.9290003694531516,0.9776778221130371,0.07951469719409943,0.9290003694531516,,,,,roc_auc,0.7611553492775459,0.9672117829322815,0.12981058657169342,0.7611553492775459,,,,,roc_auc,0.7767642787381468,0.9668874144554138,0.1262318193912506,0.7767642787381468,,,,
questions,SAGE,3,384,6e-05,2,660,roc_auc,0.9338711763041985,0.9786181449890137,0.07875392585992813,0.9338711763041985,,,,,roc_auc,0.7610856149951798,0.9665576815605164,0.13202673196792603,0.7610856149951798,,,,,roc_auc,0.7762268851490041,0.9663150906562805,0.12838833034038544,0.7762268851490041,,,,
questions,SAGE,3,384,0.0001,2,430,roc_auc,0.9150192519728222,0.9764513373374939,0.08651984483003616,0.9150192519728222,,,,,roc_auc,0.7596976256862303,0.9676206111907959,0.12888744473457336,0.7596976256862303,,,,,roc_auc,0.7730302302653604,0.967623233795166,0.1258692890405655,0.7730302302653604,,,,
questions,SAGE,3,384,1e-05,2,2950,roc_auc,0.9527463357751877,0.9805396795272827,0.06927725672721863,0.9527463357751877,,,,,roc_auc,0.7632462232074306,0.9646770358085632,0.13821256160736084,0.7632462232074306,,,,,roc_auc,0.7798280571403503,0.9645164012908936,0.13353435695171356,0.7798280571403503,,,,
questions,SAGE,3,512,3e-05,2,690,roc_auc,0.9202022178734508,0.9746525287628174,0.0889447033405304,0.9202022178734508,,,,,roc_auc,0.7656509014079628,0.964186429977417,0.13455000519752502,0.7656509014079628,,,,,roc_auc,0.7755877850610354,0.9652522206306458,0.1316366046667099,0.7755877850610354,,,,
questions,SAGE,3,512,6e-05,2,430,roc_auc,0.919683771193045,0.9753884077072144,0.08884444832801819,0.919683771193045,,,,,roc_auc,0.7641800160481212,0.964186429977417,0.1341416835784912,0.7641800160481212,,,,,roc_auc,0.7739048368886354,0.9654157161712646,0.1316150575876236,0.7739048368886354,,,,
questions,SAGE,3,512,0.0001,2,310,roc_auc,0.9089715347892097,0.9742436408996582,0.09477736800909042,0.9089715347892097,,,,,roc_auc,0.7625031605562579,0.9645134806632996,0.13504496216773987,0.7625031605562579,,,,,roc_auc,0.7711674197488392,0.9642711281776428,0.13305911421775818,0.7711674197488392,,,,
questions,SAGE,3,512,1e-05,2,1750,roc_auc,0.9311647587875009,0.9754701852798462,0.08612857758998871,0.9311647587875009,,,,,roc_auc,0.7679702590212955,0.9630417227745056,0.1378718614578247,0.7679702590212955,,,,,roc_auc,0.7783342068624757,0.9644346237182617,0.13467584550380707,0.7783342068624757,,,,
questions,SAGE,4,256,3e-05,2,1890,roc_auc,0.957128021289738,0.9813164472579956,0.06260222941637039,0.957128021289738,,,,,roc_auc,0.7745267824671389,0.9645134806632996,0.13406924903392792,0.7745267824671389,,,,,roc_auc,0.7808014841529499,0.9671326875686646,0.1308702975511551,0.7808014841529499,,,,
questions,SAGE,4,256,6e-05,2,1070,roc_auc,0.9528969745250508,0.979803740978241,0.06649492681026459,0.9528969745250508,,,,,roc_auc,0.7727156538454878,0.9638593792915344,0.1356644183397293,0.7727156538454878,,,,,roc_auc,0.7798432957985172,0.9662333130836487,0.13225598633289337,0.7798432957985172,,,,
questions,SAGE,4,256,0.0001,2,680,roc_auc,0.9372454958465384,0.9779231548309326,0.07342281937599182,0.9372454958465384,,,,,roc_auc,0.7716277297681104,0.9651676416397095,0.1323356330394745,0.7716277297681104,,,,,roc_auc,0.7786576820153819,0.9667238593101501,0.12905189394950867,0.7786576820153819,,,,
questions,SAGE,4,256,1e-05,2,4280,roc_auc,0.9491233569436988,0.9799264073371887,0.06737737357616425,0.9491233569436988,,,,,roc_auc,0.7760958038203765,0.9652494192123413,0.13113020360469818,0.7760958038203765,,,,,roc_auc,0.7816941000995131,0.966805636882782,0.12815508246421814,0.7816941000995131,,,,
questions,SAGE,4,384,3e-05,2,1020,roc_auc,0.9419591407905143,0.9781684279441833,0.07702140510082245,0.9419591407905143,,,,,roc_auc,0.7672492481051094,0.9635323286056519,0.13796497881412506,0.7672492481051094,,,,,roc_auc,0.7811187253093332,0.9646798968315125,0.1337987184524536,0.7811187253093332,,,,
questions,SAGE,4,384,6e-05,2,590,roc_auc,0.9349816139330018,0.977718710899353,0.08062539994716644,0.9349816139330018,,,,,roc_auc,0.7658691096756316,0.9635323286056519,0.1368303745985031,0.7658691096756316,,,,,roc_auc,0.7802916817706398,0.9647616744041443,0.133207768201828,0.7802916817706398,,,,
questions,SAGE,4,384,0.0001,2,440,roc_auc,0.940876758510411,0.9780866503715515,0.08129895478487015,0.940876758510411,,,,,roc_auc,0.7632225551149057,0.9610792994499207,0.14364618062973022,0.7632225551149057,,,,,roc_auc,0.7814438166835601,0.9621453285217285,0.1393030881881714,0.7814438166835601,,,,
questions,SAGE,4,384,1e-05,2,2580,roc_auc,0.9498749631990026,0.9795584678649902,0.07310876995325089,0.9498749631990026,,,,,roc_auc,0.768035721501596,0.9630417227745056,0.14030767977237701,0.768035721501596,,,,,roc_auc,0.7814832986615379,0.9639440774917603,0.13599981367588043,0.7814832986615379,,,,
questions,SAGE,4,512,3e-05,2,870,roc_auc,0.9324043318382027,0.9760833978652954,0.08598604798316956,0.9324043318382027,,,,,roc_auc,0.7665357417060654,0.9620605111122131,0.14214667677879333,0.7665357417060654,,,,,roc_auc,0.7816130581447165,0.9630447030067444,0.13739363849163055,0.7816130581447165,,,,
questions,SAGE,4,512,6e-05,2,540,roc_auc,0.9318956987571365,0.9745298624038696,0.09211611747741699,0.9318956987571365,,,,,roc_auc,0.7649654503576191,0.9586263298988342,0.1484607309103012,0.7649654503576191,,,,,roc_auc,0.780168156283984,0.9601013660430908,0.14346814155578613,0.780168156283984,,,,
questions,SAGE,4,512,0.0001,2,380,roc_auc,0.9180157479405875,0.972281277179718,0.10226240009069443,0.9180157479405875,,,,,roc_auc,0.7628756155147233,0.956663966178894,0.15117989480495453,0.7628756155147233,,,,,roc_auc,0.7765930747225295,0.9597743153572083,0.14688405394554138,0.7765930747225295,,,,
questions,SAGE,4,512,1e-05,2,2060,roc_auc,0.9327510982572202,0.9761651754379272,0.08520831912755966,0.9327510982572202,,,,,roc_auc,0.7670970795882908,0.9622240662574768,0.14183259010314941,0.7670970795882908,,,,,roc_auc,0.7812848497722282,0.9631264805793762,0.13672442734241486,0.7812848497722282,,,,
questions,SAGE,5,256,3e-05,2,1570,roc_auc,0.9262420841775916,0.9772689938545227,0.0804472491145134,0.9262420841775916,,,,,roc_auc,0.7763307529339776,0.9671300053596497,0.12636320292949677,0.7763307529339776,,,,,roc_auc,0.7830314077980369,0.9683590531349182,0.1244877427816391,0.7830314077980369,,,,
questions,SAGE,5,256,6e-05,2,960,roc_auc,0.9381347811278713,0.977718710899353,0.07746073603630066,0.9381347811278713,,,,,roc_auc,0.7750115742745152,0.9647588133811951,0.13141094148159027,0.7750115742745152,,,,,roc_auc,0.7832359752394893,0.9668874144554138,0.128686785697937,0.7832359752394893,,,,
questions,SAGE,5,256,0.0001,2,640,roc_auc,0.9314593399488538,0.977718710899353,0.0802231952548027,0.9314593399488538,,,,,roc_auc,0.7745944385755271,0.9650858640670776,0.13118232786655426,0.7745944385755271,,,,,roc_auc,0.7827056237575298,0.9664785861968994,0.12807491421699524,0.7827056237575298,,,,
questions,SAGE,5,256,1e-05,2,3880,roc_auc,0.9346529160821802,0.9776778221130371,0.07809220999479294,0.9346529160821802,,,,,roc_auc,0.7788754769697914,0.9663941264152527,0.1276768147945404,0.7788754769697914,,,,,roc_auc,0.7850218997988959,0.9673779606819153,0.12597903609275818,0.7850218997988959,,,,
questions,SAGE,5,384,3e-05,2,990,roc_auc,0.9405196012215045,0.9778004884719849,0.07834196090698242,0.9405196012215045,,,,,roc_auc,0.7691413100577849,0.96345055103302,0.1389729529619217,0.7691413100577849,,,,,roc_auc,0.785305662085064,0.9643528461456299,0.13359321653842926,0.785305662085064,,,,
questions,SAGE,5,384,6e-05,2,620,roc_auc,0.9457503651236224,0.9771872758865356,0.07984648644924164,0.9457503651236224,,,,,roc_auc,0.767948900010968,0.9602616429328918,0.145453542470932,0.767948900010968,,,,,roc_auc,0.7856468002281182,0.96157306432724,0.1397002637386322,0.7856468002281182,,,,
questions,SAGE,5,384,0.0001,2,400,roc_auc,0.9229586847467802,0.9746933579444885,0.09148544073104858,0.9229586847467802,,,,,roc_auc,0.7672148427803658,0.9623875617980957,0.14055564999580383,0.7672148427803658,,,,,roc_auc,0.7812535643452341,0.9630447030067444,0.13676276803016663,0.7812535643452341,,,,
questions,SAGE,5,384,1e-05,2,2220,roc_auc,0.9272859625120504,0.9761242866516113,0.08644387125968933,0.9272859625120504,,,,,roc_auc,0.7696368390973798,0.9641046524047852,0.13702043890953064,0.7696368390973798,,,,,roc_auc,0.7829527901752215,0.9649251699447632,0.13259239494800568,0.7829527901752215,,,,
questions,SAGE,5,512,3e-05,2,790,roc_auc,0.9342055602699317,0.9724448323249817,0.09666458517313004,0.9342055602699317,,,,,roc_auc,0.7717785128356107,0.9559280276298523,0.15288370847702026,0.7717785128356107,,,,,roc_auc,0.7815620317287334,0.9581391215324402,0.1479235738515854,0.7815620317287334,,,,
questions,SAGE,5,512,6e-05,2,480,roc_auc,0.9258220043988016,0.9725266098976135,0.09680155664682388,0.9258220043988016,,,,,roc_auc,0.7697335896414573,0.9576451182365417,0.14777399599552155,0.7697335896414573,,,,,roc_auc,0.7798178980349058,0.9602648615837097,0.1440943032503128,0.7798178980349058,,,,
questions,SAGE,5,512,0.0001,2,370,roc_auc,0.9270895173440936,0.9675388336181641,0.11630409955978394,0.9270895173440936,,,,,roc_auc,0.7665008745648823,0.94930499792099,0.17043478786945343,0.7665008745648823,,,,,roc_auc,0.777074708676107,0.9520071744918823,0.1670365333557129,0.777074708676107,,,,
questions,SAGE,5,512,1e-05,2,1830,roc_auc,0.9330601977728903,0.9731807112693787,0.09460382163524628,0.9330601977728903,,,,,roc_auc,0.772257647391603,0.9575634002685547,0.1491999477148056,0.772257647391603,,,,,roc_auc,0.7811845286059629,0.9603466391563416,0.1442101001739502,0.7811845286059629,,,,
questions,SAGE,1,256,3e-05,4,2110,roc_auc,0.9168844997084784,0.975674569606781,0.08307681977748871,0.9168844997084784,,,,,roc_auc,0.7410522487574251,0.9721177220344543,0.12394053488969803,0.7410522487574251,,,,,roc_auc,0.77256429674747,0.9715477228164673,0.11904604732990265,0.77256429674747,,,,
questions,SAGE,1,256,6e-05,4,1370,roc_auc,0.9421055077383117,0.9780049324035645,0.07091949135065079,0.9421055077383117,,,,,roc_auc,0.7406063649850776,0.971545398235321,0.1278766393661499,0.7406063649850776,,,,,roc_auc,0.7693540194269803,0.9711388945579529,0.12300494313240051,0.7693540194269803,,,,
questions,SAGE,1,256,0.0001,4,860,roc_auc,0.9320982629929169,0.9772281050682068,0.07565458863973618,0.9320982629929169,,,,,roc_auc,0.7406804865236191,0.9717906713485718,0.12575429677963257,0.7406804865236191,,,,,roc_auc,0.7728418250371154,0.9713023900985718,0.12039883434772491,0.7728418250371154,,,,
questions,SAGE,1,256,1e-05,4,4890,roc_auc,0.921343135387262,0.9757154583930969,0.0816725641489029,0.921343135387262,,,,,roc_auc,0.7401483585311928,0.9721177220344543,0.12488754093647003,0.7401483585311928,,,,,roc_auc,0.7713985393977035,0.9716294407844543,0.1198938712477684,0.7713985393977035,,,,
questions,SAGE,1,384,3e-05,4,1420,roc_auc,0.9041700581311444,0.9753066301345825,0.08683054149150848,0.9041700581311444,,,,,roc_auc,0.7378701025809766,0.9718724489212036,0.12267819046974182,0.7378701025809766,,,,,roc_auc,0.7671044702372845,0.9717112183570862,0.11801475286483765,0.7671044702372845,,,,
questions,SAGE,1,384,6e-05,4,820,roc_auc,0.9049035669547246,0.9755927920341492,0.08619032800197601,0.9049035669547246,,,,,roc_auc,0.736599414647663,0.9718724489212036,0.12269113212823868,0.736599414647663,,,,,roc_auc,0.7656514872699482,0.9721199870109558,0.11800643801689148,0.7656514872699482,,,,
questions,SAGE,1,384,0.0001,4,500,roc_auc,0.8850823187803427,0.9740801453590393,0.09244012832641602,0.8850823187803427,,,,,roc_auc,0.736704939704091,0.9719542264938354,0.12104003876447678,0.736704939704091,,,,,roc_auc,0.7669490821017342,0.9719564914703369,0.11681796610355377,0.7669490821017342,,,,
questions,SAGE,1,384,1e-05,4,3320,roc_auc,0.9000496741307749,0.9748978018760681,0.08839645236730576,0.9000496741307749,,,,,roc_auc,0.7391454086786855,0.9720360040664673,0.12220342457294464,0.7391454086786855,,,,,roc_auc,0.7685844671895528,0.971792995929718,0.11762283742427826,0.7685844671895528,,,,
questions,SAGE,1,512,3e-05,4,1110,roc_auc,0.9329975061912266,0.9773098826408386,0.0749744176864624,0.9329975061912266,,,,,roc_auc,0.7370951745954777,0.9704006314277649,0.1274431198835373,0.7370951745954777,,,,,roc_auc,0.7667320466672363,0.970975399017334,0.12187657505273819,0.7667320466672363,,,,
questions,SAGE,1,512,6e-05,4,650,roc_auc,0.9344348809956762,0.97759610414505,0.07399521768093109,0.9344348809956762,,,,,roc_auc,0.7374861022115236,0.9704824090003967,0.12793958187103271,0.7374861022115236,,,,,roc_auc,0.765037554056831,0.970975399017334,0.12238793075084686,0.765037554056831,,,,
questions,SAGE,1,512,0.0001,4,420,roc_auc,0.919934450929117,0.9762060642242432,0.08019965887069702,0.919934450929117,,,,,roc_auc,0.7393432970230158,0.9704006314277649,0.1255987584590912,0.7393432970230158,,,,,roc_auc,0.7680409550482673,0.9712206721305847,0.1205144077539444,0.7680409550482673,,,,
questions,SAGE,1,512,1e-05,4,2560,roc_auc,0.9220691685572278,0.9761242866516113,0.08001968264579773,0.9220691685572278,,,,,roc_auc,0.7367134833082221,0.9710547924041748,0.12573401629924774,0.7367134833082221,,,,,roc_auc,0.7682173540609869,0.9714659452438354,0.12028266489505768,0.7682173540609869,,,,
questions,SAGE,2,256,3e-05,4,1950,roc_auc,0.9376914662094684,0.9780866503715515,0.07318687438964844,0.9376914662094684,,,,,roc_auc,0.7428570274030329,0.9718724489212036,0.12949413061141968,0.7428570274030329,,,,,roc_auc,0.7852456310074369,0.9713841676712036,0.1214917004108429,0.7852456310074369,,,,
questions,SAGE,2,256,6e-05,4,1130,roc_auc,0.9395934572155932,0.9780458211898804,0.07195829600095749,0.9395934572155932,,,,,roc_auc,0.743551714782167,0.9721177220344543,0.12933911383152008,0.743551714782167,,,,,roc_auc,0.7841329780724945,0.9713841676712036,0.12153789401054382,0.7841329780724945,,,,
questions,SAGE,2,256,0.0001,4,740,roc_auc,0.9321993719296422,0.9773916602134705,0.07503116130828857,0.9321993719296422,,,,,roc_auc,0.7412541779956011,0.9717906713485718,0.1278526484966278,0.7412541779956011,,,,,roc_auc,0.781970589389738,0.9711388945579529,0.12030557543039322,0.781970589389738,,,,
questions,SAGE,2,256,1e-05,4,4160,roc_auc,0.9156864612738052,0.9761651754379272,0.08277767896652222,0.9156864612738052,,,,,roc_auc,0.7435540238643645,0.9721994996070862,0.125911682844162,0.7435540238643645,,,,,roc_auc,0.7854091002495907,0.9717112183570862,0.11878941208124161,0.7854091002495907,,,,
questions,SAGE,2,384,3e-05,4,1310,roc_auc,0.9090260579925994,0.9756336808204651,0.0843682810664177,0.9090260579925994,,,,,roc_auc,0.748967436168309,0.9717088937759399,0.12421347945928574,0.748967436168309,,,,,roc_auc,0.7795265164196543,0.9711388945579529,0.11959175020456314,0.7795265164196543,,,,
questions,SAGE,2,384,6e-05,4,800,roc_auc,0.9207966044946285,0.9768601655960083,0.07945260405540466,0.9207966044946285,,,,,roc_auc,0.7494388352989396,0.9706459641456604,0.12583133578300476,0.7494388352989396,,,,,roc_auc,0.7807707759478562,0.9703212976455688,0.12052956968545914,0.7807707759478562,,,,
questions,SAGE,2,384,0.0001,4,570,roc_auc,0.9273385518591,0.9778413772583008,0.07730360329151154,0.9273385518591,,,,,roc_auc,0.7481444792731009,0.9695829749107361,0.12829357385635376,0.7481444792731009,,,,,roc_auc,0.7808846041065874,0.9687678813934326,0.1225794330239296,0.7808846041065874,,,,
questions,SAGE,2,384,1e-05,4,3360,roc_auc,0.9252910020839467,0.976982831954956,0.07777471095323563,0.9252910020839467,,,,,roc_auc,0.7494329471393357,0.9712183475494385,0.1274155229330063,0.7494329471393357,,,,,roc_auc,0.7805264956396658,0.9708118438720703,0.12211161106824875,0.7805264956396658,,,,
questions,SAGE,2,512,3e-05,4,730,roc_auc,0.9102060855861316,0.9752657413482666,0.08602286130189896,0.9102060855861316,,,,,roc_auc,0.7453114663249225,0.9704006314277649,0.12527774274349213,0.7453114663249225,,,,,roc_auc,0.7829711458316497,0.9700760245323181,0.12035579979419708,0.7829711458316497,,,,
questions,SAGE,2,512,6e-05,4,440,roc_auc,0.9073433720681872,0.974938690662384,0.08793088048696518,0.9073433720681872,,,,,roc_auc,0.7424546698301093,0.9704006314277649,0.12567834556102753,0.7424546698301093,,,,,roc_auc,0.7805289199716468,0.9693402051925659,0.12086831033229828,0.7805289199716468,,,,
questions,SAGE,2,512,0.0001,4,320,roc_auc,0.9041078283659203,0.9750613570213318,0.09095293283462524,0.9041078283659203,,,,,roc_auc,0.7427330296890243,0.969501256942749,0.1273721307516098,0.7427330296890243,,,,,roc_auc,0.78044730079495,0.968604326248169,0.12295475602149963,0.78044730079495,,,,
questions,SAGE,2,512,1e-05,4,1910,roc_auc,0.9234937279554808,0.9760016202926636,0.08070313185453415,0.9234937279554808,,,,,roc_auc,0.7469100439302889,0.970237135887146,0.12790612876415253,0.7469100439302889,,,,,roc_auc,0.785112869970377,0.9690949320793152,0.12218765914440155,0.785112869970377,,,,
questions,SAGE,3,256,3e-05,4,1660,roc_auc,0.9336334274284329,0.9773916602134705,0.07442037016153336,0.9336334274284329,,,,,roc_auc,0.7556088183849126,0.9704824090003967,0.12657994031906128,0.7556088183849126,,,,,roc_auc,0.7907938879127425,0.9704030752182007,0.12044566124677658,0.7907938879127425,,,,
questions,SAGE,3,256,6e-05,4,950,roc_auc,0.9315776226844235,0.9773507714271545,0.07510609924793243,0.9315776226844235,,,,,roc_auc,0.7551266820220632,0.9706459641456604,0.12598198652267456,0.7551266820220632,,,,,roc_auc,0.7893870826974272,0.9706483483314514,0.119974285364151,0.7893870826974272,,,,
questions,SAGE,3,256,0.0001,4,730,roc_auc,0.954598796968175,0.9805396795272827,0.06256312131881714,0.954598796968175,,,,,roc_auc,0.7542487689705535,0.969501256942749,0.13103033602237701,0.7542487689705535,,,,,roc_auc,0.7857270340722543,0.9696672558784485,0.12417028844356537,0.7857270340722543,,,,
questions,SAGE,3,256,1e-05,4,3900,roc_auc,0.9325729814292064,0.9775143265724182,0.07515976577997208,0.9325729814292064,,,,,roc_auc,0.7550994348521323,0.9704006314277649,0.12602375447750092,0.7550994348521323,,,,,roc_auc,0.7911195565088697,0.9703212976455688,0.12002558261156082,0.7911195565088697,,,,
questions,SAGE,3,384,3e-05,4,1180,roc_auc,0.919376576670188,0.9761651754379272,0.08285323530435562,0.919376576670188,,,,,roc_auc,0.7543923938832413,0.9690924286842346,0.1267784982919693,0.7543923938832413,,,,,roc_auc,0.7864223555733083,0.9683590531349182,0.12245292216539383,0.7864223555733083,,,,
questions,SAGE,3,384,6e-05,4,700,roc_auc,0.9196657603519041,0.9761651754379272,0.08335544914007187,0.9196657603519041,,,,,roc_auc,0.7543840811873301,0.9686836004257202,0.12744949758052826,0.7543840811873301,,,,,roc_auc,0.7854536617802909,0.9682773351669312,0.12357662618160248,0.7854536617802909,,,,
questions,SAGE,3,384,0.0001,4,510,roc_auc,0.9256494293680619,0.9765740036964417,0.08238529413938522,0.9256494293680619,,,,,roc_auc,0.7542612380144202,0.968192994594574,0.13001373410224915,0.7542612380144202,,,,,roc_auc,0.7858274706828997,0.9673779606819153,0.12616212666034698,0.7858274706828997,,,,
questions,SAGE,3,384,1e-05,4,2820,roc_auc,0.9180361833180357,0.9762060642242432,0.08284591883420944,0.9180361833180357,,,,,roc_auc,0.7549377990983035,0.969501256942749,0.1260938197374344,0.7549377990983035,,,,,roc_auc,0.7867656871595834,0.968604326248169,0.12164854258298874,0.7867656871595834,,,,
questions,SAGE,3,512,3e-05,4,700,roc_auc,0.9206199019794608,0.9742028117179871,0.08732116967439651,0.9206199019794608,,,,,roc_auc,0.7546773346264195,0.9675388336181641,0.13271814584732056,0.7546773346264195,,,,,roc_auc,0.7868172907974667,0.966805636882782,0.12828995287418365,0.7868172907974667,,,,
questions,SAGE,3,512,6e-05,4,380,roc_auc,0.8941593208989257,0.9730989336967468,0.09596946090459824,0.8941593208989257,,,,,roc_auc,0.7520216591910129,0.9683564901351929,0.12803445756435394,0.7520216591910129,,,,,roc_auc,0.7827862039348064,0.9677867889404297,0.12502643465995789,0.7827862039348064,,,,
questions,SAGE,3,512,0.0001,4,320,roc_auc,0.9142292283624566,0.9735077619552612,0.0943838506937027,0.9142292283624566,,,,,roc_auc,0.7500177222058663,0.9663123488426208,0.13651126623153687,0.7500177222058663,,,,,roc_auc,0.785349992727004,0.9652522206306458,0.13209913671016693,0.785349992727004,,,,
questions,SAGE,3,512,1e-05,4,1690,roc_auc,0.9218540486869982,0.9744889736175537,0.087448351085186,0.9218540486869982,,,,,roc_auc,0.7570513020337242,0.9672935605049133,0.13341374695301056,0.7570513020337242,,,,,roc_auc,0.7882298682317845,0.965988039970398,0.12924714386463165,0.7882298682317845,,,,
questions,SAGE,4,256,3e-05,4,1260,roc_auc,0.9046108619226572,0.9752657413482666,0.08558069169521332,0.9046108619226572,,,,,roc_auc,0.7569345779286378,0.9713000655174255,0.12269487977027893,0.7569345779286378,,,,,roc_auc,0.7880864863117598,0.9703212976455688,0.11799827963113785,0.7880864863117598,,,,
questions,SAGE,4,256,6e-05,4,780,roc_auc,0.9185165012786545,0.9761651754379272,0.08034488558769226,0.9185165012786545,,,,,roc_auc,0.7561426781889868,0.9707277417182922,0.12457513809204102,0.7561426781889868,,,,,roc_auc,0.7885588847149332,0.9699942469596863,0.11909821629524231,0.7885588847149332,,,,
questions,SAGE,4,256,0.0001,4,540,roc_auc,0.9168606295712611,0.976287841796875,0.08061422407627106,0.9168606295712611,,,,,roc_auc,0.7567979957166525,0.9706459641456604,0.12420725077390671,0.7567979957166525,,,,,roc_auc,0.7875372019514718,0.9700760245323181,0.11895198374986649,0.7875372019514718,,,,
questions,SAGE,4,256,1e-05,4,3350,roc_auc,0.927669125839207,0.9769010543823242,0.07705841213464737,0.927669125839207,,,,,roc_auc,0.7583716352342853,0.9708912372589111,0.12573543190956116,0.7583716352342853,,,,,roc_auc,0.7911459932719016,0.9699942469596863,0.11951422691345215,0.7911459932719016,,,,
questions,SAGE,4,384,3e-05,4,1120,roc_auc,0.9099284761789308,0.9756336808204651,0.0861663669347763,0.9099284761789308,,,,,roc_auc,0.7576546652119449,0.9692559242248535,0.1262493133544922,0.7576546652119449,,,,,roc_auc,0.7911517654909042,0.9682773351669312,0.12178986519575119,0.7911517654909042,,,,
questions,SAGE,4,384,6e-05,4,660,roc_auc,0.9075777439112388,0.9755519032478333,0.08709769695997238,0.9075777439112388,,,,,roc_auc,0.7573692626523272,0.9697465300559998,0.1258293241262436,0.7573692626523272,,,,,roc_auc,0.7910284708930084,0.96844083070755,0.12138597667217255,0.7910284708930084,,,,
questions,SAGE,4,384,0.0001,4,470,roc_auc,0.9075186891340364,0.9753884077072144,0.08914095163345337,0.9075186891340364,,,,,roc_auc,0.7563685064279075,0.9680294394493103,0.12886807322502136,0.7563685064279075,,,,,roc_auc,0.7901335460588443,0.967623233795166,0.12441713362932205,0.7901335460588443,,,,
questions,SAGE,4,384,1e-05,4,2660,roc_auc,0.908013756357192,0.9752248525619507,0.0871400386095047,0.908013756357192,,,,,roc_auc,0.7577209358710146,0.9695829749107361,0.1257077157497406,0.7577209358710146,,,,,roc_auc,0.7903191806219682,0.9681955575942993,0.1216530129313469,0.7903191806219682,,,,
questions,SAGE,4,512,3e-05,4,520,roc_auc,0.9002909732204192,0.9722403883934021,0.09690923988819122,0.9002909732204192,,,,,roc_auc,0.7589034168643818,0.9665576815605164,0.1314568966627121,0.7589034168643818,,,,,roc_auc,0.7864998187523233,0.9661515951156616,0.12919878959655762,0.7864998187523233,,,,
questions,SAGE,4,512,6e-05,4,350,roc_auc,0.9095452551247193,0.9728127717971802,0.09363451600074768,0.9095452551247193,,,,,roc_auc,0.7570427584295931,0.9660670757293701,0.13282433152198792,0.7570427584295931,,,,,roc_auc,0.7872619825494276,0.9660698175430298,0.1299024075269699,0.7872619825494276,,,,
questions,SAGE,4,512,0.0001,4,260,roc_auc,0.9007652009767417,0.9717906713485718,0.10252055525779724,0.9007652009767417,,,,,roc_auc,0.7549380300065232,0.9641046524047852,0.13769115507602692,0.7549380300065232,,,,,roc_auc,0.7860911456469387,0.9641075730323792,0.13549241423606873,0.7860911456469387,,,,
questions,SAGE,4,512,1e-05,4,1250,roc_auc,0.9031462688118039,0.9719951152801514,0.09738697856664658,0.9031462688118039,,,,,roc_auc,0.7592332692563024,0.9660670757293701,0.13330334424972534,0.7592332692563024,,,,,roc_auc,0.7876888958668602,0.965006947517395,0.13132518529891968,0.7876888958668602,,,,
questions,SAGE,5,256,3e-05,4,1450,roc_auc,0.9117813703248303,0.9760425090789795,0.08379548788070679,0.9117813703248303,,,,,roc_auc,0.7604630864347193,0.9703189134597778,0.12381958961486816,0.7604630864347193,,,,,roc_auc,0.7932809061922056,0.9690131545066833,0.1187385767698288,0.7932809061922056,,,,
questions,SAGE,5,256,6e-05,4,800,roc_auc,0.8976426291209901,0.9753475189208984,0.08811618387699127,0.8976426291209901,,,,,roc_auc,0.7612447107585912,0.9713000655174255,0.12156162410974503,0.7612447107585912,,,,,roc_auc,0.7910453257724961,0.9699942469596863,0.1176181212067604,0.7910453257724961,,,,
questions,SAGE,5,256,0.0001,4,560,roc_auc,0.8973671556148219,0.9755519032478333,0.08820365369319916,0.8973671556148219,,,,,roc_auc,0.7604655109710268,0.9708912372589111,0.12217652052640915,0.7604655109710268,,,,,roc_auc,0.7898359304470699,0.9691766500473022,0.11836634576320648,0.7898359304470699,,,,
questions,SAGE,5,256,1e-05,4,3430,roc_auc,0.9108986659277605,0.9760833978652954,0.08411835134029388,0.9108986659277605,,,,,roc_auc,0.7594744528918369,0.9704006314277649,0.12377141416072845,0.7594744528918369,,,,,roc_auc,0.7931436428243237,0.969421923160553,0.11839313060045242,0.7931436428243237,,,,
questions,SAGE,5,384,3e-05,4,820,roc_auc,0.8940755012151546,0.9739983677864075,0.09362762421369553,0.8940755012151546,,,,,roc_auc,0.7585108728907977,0.9687653183937073,0.12576799094676971,0.7585108728907977,,,,,roc_auc,0.787657033217966,0.9681955575942993,0.12278049439191818,0.787657033217966,,,,
questions,SAGE,5,384,6e-05,4,530,roc_auc,0.9064984211650474,0.974938690662384,0.09135458618402481,0.9064984211650474,,,,,roc_auc,0.7573466336467913,0.9675388336181641,0.12984317541122437,0.7573466336467913,,,,,roc_auc,0.7894127113497988,0.9674597382545471,0.1260225772857666,0.7894127113497988,,,,
questions,SAGE,5,384,0.0001,4,380,roc_auc,0.902663035634911,0.9741619229316711,0.0932006910443306,0.902663035634911,,,,,roc_auc,0.7573815007879743,0.9671300053596497,0.13073742389678955,0.7573815007879743,,,,,roc_auc,0.7882321771193856,0.9667238593101501,0.12736408412456512,0.7882321771193856,,,,
questions,SAGE,5,384,1e-05,4,1940,roc_auc,0.8920487909068344,0.9738757014274597,0.09422837942838669,0.8920487909068344,,,,,roc_auc,0.759418573102656,0.9686836004257202,0.12542986869812012,0.759418573102656,,,,,roc_auc,0.7869126478553897,0.9685226082801819,0.12277975678443909,0.7869126478553897,,,,
questions,SAGE,5,512,3e-05,4,720,roc_auc,0.909014050765172,0.973017156124115,0.09519967436790466,0.909014050765172,,,,,roc_auc,0.7589539857645083,0.9657399654388428,0.13433325290679932,0.7589539857645083,,,,,roc_auc,0.7858085378045712,0.9650887250900269,0.1317140907049179,0.7858085378045712,,,,
questions,SAGE,5,512,6e-05,4,430,roc_auc,0.899218000450271,0.9721586108207703,0.09977572411298752,0.899218000450271,,,,,roc_auc,0.7574080552332461,0.9660670757293701,0.13461513817310333,0.7574080552332461,,,,,roc_auc,0.7857023289749231,0.9653339982032776,0.13190972805023193,0.7857023289749231,,,,
questions,SAGE,5,512,0.0001,4,310,roc_auc,0.8870752876250512,0.9706868529319763,0.10950988531112671,0.8870752876250512,,,,,roc_auc,0.7567713258172708,0.964922308921814,0.1395425945520401,0.7567713258172708,,,,,roc_auc,0.7854381922333639,0.9643528461456299,0.13761405646800995,0.7854381922333639,,,,
questions,SAGE,5,512,1e-05,4,1590,roc_auc,0.8961380888881192,0.9724448323249817,0.09695377200841904,0.8961380888881192,,,,,roc_auc,0.7599390402299846,0.9672117829322815,0.12931479513645172,0.7599390402299846,,,,,roc_auc,0.7854709784372986,0.9672144651412964,0.1276589184999466,0.7854709784372986,,,,
questions,SAGE,1,256,3e-05,3,1630,roc_auc,0.9333795727043394,0.9773507714271545,0.07526543736457825,0.9333795727043394,,,,,roc_auc,0.7529055758562366,0.9723630547523499,0.12417697161436081,0.7529055758562366,,,,,roc_auc,0.7495831303436318,0.9722017645835876,0.12589327991008759,0.7495831303436318,,,,
questions,SAGE,1,256,6e-05,3,870,roc_auc,0.924382724601539,0.9765740036964417,0.07923003286123276,0.924382724601539,,,,,roc_auc,0.7538532231901125,0.9724448323249817,0.12275448441505432,0.7538532231901125,,,,,roc_auc,0.7504198712102497,0.9725288152694702,0.12442935258150101,0.7504198712102497,,,,
questions,SAGE,1,256,0.0001,3,620,roc_auc,0.9356378262300191,0.9776778221130371,0.0735165998339653,0.9356378262300191,,,,,roc_auc,0.7556828244693441,0.9723630547523499,0.12387806922197342,0.7556828244693441,,,,,roc_auc,0.7503972441117595,0.971792995929718,0.12602151930332184,0.7503972441117595,,,,
questions,SAGE,1,256,1e-05,3,4000,roc_auc,0.9340173700708311,0.9771463871002197,0.07550182938575745,0.9340173700708311,,,,,roc_auc,0.7518984696557736,0.9723630547523499,0.12494352459907532,0.7518984696557736,,,,,roc_auc,0.749355820359309,0.9722835421562195,0.12642191350460052,0.749355820359309,,,,
questions,SAGE,1,384,3e-05,3,1580,roc_auc,0.9217187364702215,0.9760016202926636,0.0802306979894638,0.9217187364702215,,,,,roc_auc,0.7574070161462573,0.9721177220344543,0.12134837359189987,0.7574070161462573,,,,,roc_auc,0.7549256653636843,0.9722017645835876,0.12327021360397339,0.7549256653636843,,,,
questions,SAGE,1,384,6e-05,3,920,roc_auc,0.9250701383717507,0.9764922261238098,0.07840248942375183,0.9250701383717507,,,,,roc_auc,0.7561268609759335,0.9718724489212036,0.1217302605509758,0.7561268609759335,,,,,roc_auc,0.7555857763288225,0.9718747138977051,0.12356352061033249,0.7555857763288225,,,,
questions,SAGE,1,384,0.0001,3,580,roc_auc,0.9125452724428358,0.9758381247520447,0.08311622589826584,0.9125452724428358,,,,,roc_auc,0.7542389553712139,0.9720360040664673,0.12059339135885239,0.7542389553712139,,,,,roc_auc,0.7530868672782141,0.9720382690429688,0.12209350615739822,0.7530868672782141,,,,
questions,SAGE,1,384,1e-05,3,3790,roc_auc,0.9241235012613361,0.9761651754379272,0.07930270582437515,0.9241235012613361,,,,,roc_auc,0.7583097518313908,0.972281277179718,0.12180382758378983,0.7583097518313908,,,,,roc_auc,0.754342440355661,0.9722835421562195,0.1238628551363945,0.754342440355661,,,,
questions,SAGE,1,512,3e-05,3,940,roc_auc,0.9407826056838058,0.9781684279441833,0.0708746612071991,0.9407826056838058,,,,,roc_auc,0.7480671250194828,0.9719542264938354,0.1256602555513382,0.7480671250194828,,,,,roc_auc,0.7477438704806412,0.9716294407844543,0.1273893415927887,0.7477438704806412,,,,
questions,SAGE,1,512,6e-05,3,530,roc_auc,0.9337358640874217,0.9773507714271545,0.07419350743293762,0.9337358640874217,,,,,roc_auc,0.7486544400764306,0.9720360040664673,0.1242789551615715,0.7486544400764306,,,,,roc_auc,0.7473386607066581,0.9715477228164673,0.12615302205085754,0.7473386607066581,,,,
questions,SAGE,1,512,0.0001,3,370,roc_auc,0.9284239936731147,0.9771872758865356,0.07630645483732224,0.9284239936731147,,,,,roc_auc,0.7500806446957495,0.9718724489212036,0.12318643182516098,0.7500806446957495,,,,,roc_auc,0.7458399617648213,0.9716294407844543,0.12545165419578552,0.7458399617648213,,,,
questions,SAGE,1,512,1e-05,3,2270,roc_auc,0.9358094487643523,0.9773916602134705,0.07362518459558487,0.9358094487643523,,,,,roc_auc,0.7485026179219415,0.9721994996070862,0.12487992644309998,0.7485026179219415,,,,,roc_auc,0.7482437446462669,0.971792995929718,0.12635676562786102,0.7482437446462669,,,,
questions,SAGE,2,256,3e-05,3,2100,roc_auc,0.9605628965127087,0.9820932149887085,0.05893561244010925,0.9605628965127087,,,,,roc_auc,0.7684468535868706,0.9704006314277649,0.12838463485240936,0.7684468535868706,,,,,roc_auc,0.7502014504431909,0.9708118438720703,0.13465075194835663,0.7502014504431909,,,,
questions,SAGE,2,256,6e-05,3,1210,roc_auc,0.9611945459478494,0.9826655983924866,0.058178726583719254,0.9611945459478494,,,,,roc_auc,0.767564091462746,0.9703189134597778,0.12895280122756958,0.767564091462746,,,,,roc_auc,0.7486944395059904,0.9704030752182007,0.1355854719877243,0.7486944395059904,,,,
questions,SAGE,2,256,0.0001,3,840,roc_auc,0.9647457989135768,0.9838920831680298,0.055147405713796616,0.9647457989135768,,,,,roc_auc,0.7658315870899215,0.9699918031692505,0.1306784301996231,0.7658315870899215,,,,,roc_auc,0.7457609978088656,0.9695854783058167,0.13761676847934723,0.7457609978088656,,,,
questions,SAGE,2,256,1e-05,3,4690,roc_auc,0.952662487227889,0.9806622862815857,0.06393386423587799,0.952662487227889,,,,,roc_auc,0.769596083796593,0.9706459641456604,0.12600450217723846,0.769596083796593,,,,,roc_auc,0.7532489511878073,0.9707301259040833,0.1318613886833191,0.7532489511878073,,,,
questions,SAGE,2,384,3e-05,3,1540,roc_auc,0.9559029377298258,0.98172527551651,0.0610470175743103,0.9559029377298258,,,,,roc_auc,0.7668535868705586,0.9704006314277649,0.1297815591096878,0.7668535868705586,,,,,roc_auc,0.7556153300901158,0.97015780210495,0.1342906802892685,0.7556153300901158,,,,
questions,SAGE,2,384,6e-05,3,820,roc_auc,0.9374940396815775,0.9794766902923584,0.07115893810987473,0.9374940396815775,,,,,roc_auc,0.7647868428496384,0.9713818430900574,0.1240190640091896,0.7647868428496384,,,,,roc_auc,0.753368089788021,0.9707301259040833,0.12849389016628265,0.753368089788021,,,,
questions,SAGE,2,384,0.0001,3,550,roc_auc,0.9285139901517645,0.9786590337753296,0.07501541078090668,0.9285139901517645,,,,,roc_auc,0.7619052237212014,0.9710547924041748,0.12279287725687027,0.7619052237212014,,,,,roc_auc,0.7511610241301843,0.9706483483314514,0.12699438631534576,0.7511610241301843,,,,
questions,SAGE,2,384,1e-05,3,3610,roc_auc,0.9552725005628389,0.9813982248306274,0.061621543020009995,0.9552725005628389,,,,,roc_auc,0.768132125683344,0.9708095192909241,0.12981830537319183,0.768132125683344,,,,,roc_auc,0.7565264171374873,0.97015780210495,0.13414065539836884,0.7565264171374873,,,,
questions,SAGE,2,512,3e-05,3,780,roc_auc,0.9485104688014132,0.980989396572113,0.06603560596704483,0.9485104688014132,,,,,roc_auc,0.7699648442235423,0.9688470959663391,0.12870196998119354,0.7699648442235423,,,,,roc_auc,0.7577826828812146,0.9698307514190674,0.1343183070421219,0.7577826828812146,,,,
questions,SAGE,2,512,6e-05,3,450,roc_auc,0.9351338401768757,0.979067862033844,0.07359900325536728,0.9351338401768757,,,,,roc_auc,0.7680649313913952,0.9692559242248535,0.12616845965385437,0.7680649313913952,,,,,roc_auc,0.7567935554329279,0.9688496589660645,0.13147497177124023,0.7567935554329279,,,,
questions,SAGE,2,512,0.0001,3,340,roc_auc,0.9382539874963199,0.9796402454376221,0.07384797930717468,0.9382539874963199,,,,,roc_auc,0.7655129337466591,0.9679476618766785,0.12843936681747437,0.7655129337466591,,,,,roc_auc,0.7537799953360471,0.9686861038208008,0.13391795754432678,0.7537799953360471,,,,
questions,SAGE,2,512,1e-05,3,2000,roc_auc,0.9591608795294091,0.982338547706604,0.05940540134906769,0.9591608795294091,,,,,roc_auc,0.7718130336144641,0.9684382677078247,0.13245800137519836,0.7718130336144641,,,,,roc_auc,0.7576531542867961,0.969421923160553,0.13904637098312378,0.7576531542867961,,,,
questions,SAGE,3,256,3e-05,3,2120,roc_auc,0.9553451211979518,0.9826247096061707,0.05990927666425705,0.9553451211979518,,,,,roc_auc,0.7679737226445918,0.9704006314277649,0.129119873046875,0.7679737226445918,,,,,roc_auc,0.7584441791789134,0.9696672558784485,0.1327042281627655,0.7584441791789134,,,,
questions,SAGE,3,256,6e-05,3,1210,roc_auc,0.9526774385351182,0.9823793768882751,0.06122120842337608,0.9526774385351182,,,,,roc_auc,0.7679267328218715,0.9699100852012634,0.12893083691596985,0.7679267328218715,,,,,roc_auc,0.7578815032705393,0.9696672558784485,0.13268281519412994,0.7578815032705393,,,,
questions,SAGE,3,256,0.0001,3,830,roc_auc,0.9547855151273748,0.9825838208198547,0.05977673828601837,0.9547855151273748,,,,,roc_auc,0.7673606613211413,0.9698283076286316,0.12922966480255127,0.7673606613211413,,,,,roc_auc,0.7537855366662896,0.9699125289916992,0.13360655307769775,0.7537855366662896,,,,
questions,SAGE,3,256,1e-05,3,4850,roc_auc,0.9537148514394241,0.9818888306617737,0.06106358394026756,0.9537148514394241,,,,,roc_auc,0.7695277349635454,0.970973014831543,0.12809757888317108,0.7695277349635454,,,,,roc_auc,0.7591959529818129,0.9700760245323181,0.13171499967575073,0.7591959529818129,,,,
questions,SAGE,3,384,3e-05,3,1020,roc_auc,0.9509249028742301,0.9819296598434448,0.06499926745891571,0.9509249028742301,,,,,roc_auc,0.7695281967799849,0.9676206111907959,0.12901975214481354,0.7695281967799849,,,,,roc_auc,0.7620033294159207,0.9680320620536804,0.13391761481761932,0.7620033294159207,,,,
questions,SAGE,3,384,6e-05,3,630,roc_auc,0.95719437853939,0.9829517602920532,0.06184818223118782,0.95719437853939,,,,,roc_auc,0.7670013681312021,0.9672117829322815,0.1313534826040268,0.7670013681312021,,,,,roc_auc,0.7601631459978897,0.9671326875686646,0.13629098236560822,0.7601631459978897,,,,
questions,SAGE,3,384,0.0001,3,440,roc_auc,0.9522943617985441,0.9822567701339722,0.06569316238164902,0.9522943617985441,,,,,roc_auc,0.7647885746612865,0.9668847322463989,0.131120964884758,0.7647885746612865,,,,,roc_auc,0.7582689346099942,0.9672961831092834,0.13569365441799164,0.7582689346099942,,,,
questions,SAGE,3,384,1e-05,3,2450,roc_auc,0.9486305410756859,0.9810711145401001,0.06596563756465912,0.9486305410756859,,,,,roc_auc,0.7720640308493381,0.9677841663360596,0.1277148574590683,0.7720640308493381,,,,,roc_auc,0.7648658882636934,0.9681955575942993,0.1326194703578949,0.7648658882636934,,,,
questions,SAGE,3,512,3e-05,3,1010,roc_auc,0.9608946538974421,0.982461154460907,0.0628577470779419,0.9608946538974421,,,,,roc_auc,0.7701752016117394,0.9638593792915344,0.13935382664203644,0.7701752016117394,,,,,roc_auc,0.761343911117063,0.9634535312652588,0.14556370675563812,0.761343911117063,,,,
questions,SAGE,3,512,6e-05,3,560,roc_auc,0.9442618730120247,0.9803352355957031,0.07237816601991653,0.9442618730120247,,,,,roc_auc,0.7695644493704865,0.965494692325592,0.13235722482204437,0.7695644493704865,,,,,roc_auc,0.7623607452165622,0.965824544429779,0.1377018839120865,0.7623607452165622,,,,
questions,SAGE,3,512,0.0001,3,410,roc_auc,0.9446551674373228,0.9800899624824524,0.07455562055110931,0.9446551674373228,,,,,roc_auc,0.767785647899601,0.964922308921814,0.13511818647384644,0.767785647899601,,,,,roc_auc,0.7594393097349628,0.9643528461456299,0.1402345895767212,0.7594393097349628,,,,
questions,SAGE,3,512,1e-05,3,2360,roc_auc,0.9576438702526714,0.9820523262023926,0.06458140909671783,0.9576438702526714,,,,,roc_auc,0.7711683378649071,0.9637776017189026,0.13737140595912933,0.7711683378649071,,,,,roc_auc,0.7637516191074303,0.9636988043785095,0.14358626306056976,0.7637516191074303,,,,
questions,SAGE,4,256,3e-05,3,1740,roc_auc,0.9515944789844657,0.9816843867301941,0.06266111880540848,0.9515944789844657,,,,,roc_auc,0.782215102552113,0.9692559242248535,0.12555396556854248,0.782215102552113,,,,,roc_auc,0.768633761939835,0.9689313769340515,0.13098354637622833,0.768633761939835,,,,
questions,SAGE,4,256,6e-05,3,980,roc_auc,0.9450891017092982,0.9812755584716797,0.0658448189496994,0.9450891017092982,,,,,roc_auc,0.7796512131340596,0.9690924286842346,0.12535449862480164,0.7796512131340596,,,,,roc_auc,0.7680881717997086,0.9683590531349182,0.13031215965747833,0.7680881717997086,,,,
questions,SAGE,4,256,0.0001,3,670,roc_auc,0.9427839449514804,0.9810711145401001,0.06758171319961548,0.9427839449514804,,,,,roc_auc,0.7773040310802464,0.9684382677078247,0.12646055221557617,0.7773040310802464,,,,,roc_auc,0.7663955262993842,0.9679502844810486,0.1312619000673294,0.7663955262993842,,,,
questions,SAGE,4,256,1e-05,3,4040,roc_auc,0.9474484641717033,0.9811528921127319,0.06522560864686966,0.9474484641717033,,,,,roc_auc,0.7833362774131353,0.9696647524833679,0.1239861398935318,0.7833362774131353,,,,,roc_auc,0.7717466042035608,0.9690949320793152,0.12895838916301727,0.7717466042035608,,,,
questions,SAGE,4,384,3e-05,3,1290,roc_auc,0.9585811267166584,0.9820523262023926,0.06257623434066772,0.9585811267166584,,,,,roc_auc,0.7828490610694514,0.964922308921814,0.13326668739318848,0.7828490610694514,,,,,roc_auc,0.7651979063007233,0.9651704430580139,0.14033494889736176,0.7651979063007233,,,,
questions,SAGE,4,384,6e-05,3,750,roc_auc,0.9561913420963002,0.9813982248306274,0.066038116812706,0.9561913420963002,,,,,roc_auc,0.7812906614943226,0.9645134806632996,0.1343528777360916,0.7812906614943226,,,,,roc_auc,0.7643851778651563,0.9641075730323792,0.14134012162685394,0.7643851778651563,,,,
questions,SAGE,4,384,0.0001,3,550,roc_auc,0.9636128477333472,0.9825020432472229,0.061187561601400375,0.9636128477333472,,,,,roc_auc,0.7806212585652518,0.9639411568641663,0.138320192694664,0.7806212585652518,,,,,roc_auc,0.7606496286154294,0.9622271060943604,0.14575040340423584,0.7606496286154294,,,,
questions,SAGE,4,384,1e-05,3,3070,roc_auc,0.9581863025244042,0.9818479418754578,0.06262487918138504,0.9581863025244042,,,,,roc_auc,0.7826668744840645,0.965494692325592,0.13179001212120056,0.7826668744840645,,,,,roc_auc,0.7662064284048588,0.965824544429779,0.13870283961296082,0.7662064284048588,,,,
questions,SAGE,4,512,3e-05,3,740,roc_auc,0.9437217786860168,0.9792314171791077,0.07551724463701248,0.9437217786860168,,,,,roc_auc,0.777368685381778,0.9636140465736389,0.135405495762825,0.777368685381778,,,,,roc_auc,0.7667093041243659,0.9637805223464966,0.14259247481822968,0.7667093041243659,,,,
questions,SAGE,4,512,6e-05,3,490,roc_auc,0.9548091543563721,0.9813164472579956,0.06839879602193832,0.9548091543563721,,,,,roc_auc,0.7755124142031646,0.9631235003471375,0.13735529780387878,0.7755124142031646,,,,,roc_auc,0.7620896818121996,0.9637805223464966,0.14446493983268738,0.7620896818121996,,,,
questions,SAGE,4,512,0.0001,3,340,roc_auc,0.9372333731650012,0.9782910943031311,0.08169624954462051,0.9372333731650012,,,,,roc_auc,0.7722658446334043,0.9626328945159912,0.13776201009750366,0.7722658446334043,,,,,roc_auc,0.7606143026351335,0.962390661239624,0.14402306079864502,0.7606143026351335,,,,
questions,SAGE,4,512,1e-05,3,1800,roc_auc,0.9480809795126683,0.9793540835380554,0.07424881309270859,0.9480809795126683,,,,,roc_auc,0.7774127888517511,0.9624693393707275,0.13733820617198944,0.7774127888517511,,,,,roc_auc,0.7689362262155716,0.9622271060943604,0.14478711783885956,0.7689362262155716,,,,
questions,SAGE,5,256,3e-05,3,1840,roc_auc,0.9466896420345322,0.9808258414268494,0.06585738062858582,0.9466896420345322,,,,,roc_auc,0.7730903024320408,0.9697465300559998,0.12474356591701508,0.7730903024320408,,,,,roc_auc,0.7682952790175221,0.9695037007331848,0.12713764607906342,0.7682952790175221,,,,
questions,SAGE,5,256,6e-05,3,1070,roc_auc,0.9478796275450416,0.9809485077857971,0.06531639397144318,0.9478796275450416,,,,,roc_auc,0.7731781630096577,0.9691741466522217,0.1262432485818863,0.7731781630096577,,,,,roc_auc,0.766846682936628,0.9688496589660645,0.12919454276561737,0.766846682936628,,,,
questions,SAGE,5,256,0.0001,3,710,roc_auc,0.9416454519739766,0.9805805683135986,0.0681469663977623,0.9416454519739766,,,,,roc_auc,0.7720725744534692,0.9688470959663391,0.12546086311340332,0.7720725744534692,,,,,roc_auc,0.7643276865638904,0.9690949320793152,0.1289263814687729,0.7643276865638904,,,,
questions,SAGE,5,256,1e-05,3,4360,roc_auc,0.9493266427676659,0.980989396572113,0.06474652141332626,0.9493266427676659,,,,,roc_auc,0.7747571134163449,0.9693377017974854,0.12446313351392746,0.7747571134163449,,,,,roc_auc,0.769526146997638,0.969421923160553,0.12701156735420227,0.769526146997638,,,,
questions,SAGE,5,384,3e-05,3,1240,roc_auc,0.9545685768549146,0.9811937808990479,0.06726916879415512,0.9545685768549146,,,,,roc_auc,0.7792727545618805,0.9639411568641663,0.13594846427440643,0.7792727545618805,,,,,roc_auc,0.7689454617659757,0.9635352492332458,0.14160490036010742,0.7689454617659757,,,,
questions,SAGE,5,384,6e-05,3,710,roc_auc,0.9440934254657132,0.9803352355957031,0.07252909243106842,0.9440934254657132,,,,,roc_auc,0.7768218947173972,0.9644317030906677,0.1329089254140854,0.7768218947173972,,,,,roc_auc,0.7677457637684739,0.9641075730323792,0.13836632668972015,0.7677457637684739,,,,
questions,SAGE,5,384,0.0001,3,540,roc_auc,0.9554876492965958,0.9814800024032593,0.06842708587646484,0.9554876492965958,,,,,roc_auc,0.7750369741786883,0.9633687734603882,0.13839587569236755,0.7750369741786883,,,,,roc_auc,0.7631242943462269,0.9619818329811096,0.14492188394069672,0.7631242943462269,,,,
questions,SAGE,5,384,1e-05,3,2890,roc_auc,0.951573293155303,0.9804579019546509,0.0684196725487709,0.951573293155303,,,,,roc_auc,0.7810001789538703,0.9644317030906677,0.13419169187545776,0.7810001789538703,,,,,roc_auc,0.7693601379791231,0.9638622999191284,0.14017058908939362,0.7693601379791231,,,,
questions,SAGE,5,512,3e-05,3,930,roc_auc,0.958285102378932,0.9816026091575623,0.06880256533622742,0.958285102378932,,,,,roc_auc,0.7749279854989638,0.962142288684845,0.13963058590888977,0.7749279854989638,,,,,roc_auc,0.761386163760162,0.9627176523208618,0.14790062606334686,0.761386163760162,,,,
questions,SAGE,5,512,6e-05,3,550,roc_auc,0.9493572958338385,0.9786181449890137,0.08086147904396057,0.9493572958338385,,,,,roc_auc,0.7718446680405706,0.960098147392273,0.14554908871650696,0.7718446680405706,,,,,roc_auc,0.7619349863429299,0.9593655467033386,0.1533145308494568,0.7619349863429299,,,,
questions,SAGE,5,512,0.0001,3,370,roc_auc,0.9316058512142886,0.9760833978652954,0.09272075444459915,0.9316058512142886,,,,,roc_auc,0.7683298985735645,0.9600163698196411,0.14541958272457123,0.7683298985735645,,,,,roc_auc,0.7616946311436613,0.9599378705024719,0.15163783729076385,0.7616946311436613,,,,
questions,SAGE,5,512,1e-05,3,2050,roc_auc,0.9452416743155014,0.9793131947517395,0.07495667785406113,0.9452416743155014,,,,,roc_auc,0.7769378106437144,0.9639411568641663,0.13436295092105865,0.7769378106437144,,,,,roc_auc,0.7646664003749633,0.9642711281776428,0.1422184258699417,0.7646664003749633,,,,
questions,SAGE,1,256,3e-05,5,2220,roc_auc,0.9283437530667498,0.9765740036964417,0.0797470360994339,0.9283437530667498,,,,,roc_auc,0.7423866673593913,0.9723630547523499,0.12552279233932495,0.7423866673593913,,,,,roc_auc,0.7420044376819692,0.9717112183570862,0.12860207259655,0.7420044376819692,,,,
questions,SAGE,1,256,6e-05,5,1270,roc_auc,0.9289454710239049,0.9768601655960083,0.07892652601003647,0.9289454710239049,,,,,roc_auc,0.741630904756132,0.9721994996070862,0.1252417117357254,0.741630904756132,,,,,roc_auc,0.7394086707964971,0.971792995929718,0.1286693811416626,0.7394086707964971,,,,
questions,SAGE,1,256,0.0001,5,820,roc_auc,0.9248777052341121,0.9765331149101257,0.08055875450372696,0.9248777052341121,,,,,roc_auc,0.7407234354524934,0.9720360040664673,0.12470199912786484,0.7407234354524934,,,,,roc_auc,0.7370501421120319,0.9716294407844543,0.12823599576950073,0.7370501421120319,,,,
questions,SAGE,1,256,1e-05,5,4980,roc_auc,0.9252513147336763,0.9761242866516113,0.08144751191139221,0.9252513147336763,,,,,roc_auc,0.7448188236380744,0.9726901054382324,0.12531836330890656,0.7448188236380744,,,,,roc_auc,0.7418607094288043,0.9718747138977051,0.1287698894739151,0.7418607094288043,,,,
questions,SAGE,1,384,3e-05,5,1610,roc_auc,0.927932418936783,0.9766966700553894,0.07836861163377762,0.927932418936783,,,,,roc_auc,0.7463361215500868,0.9718724489212036,0.12498238682746887,0.7463361215500868,,,,,roc_auc,0.7408704275367171,0.9712206721305847,0.12853051722049713,0.7408704275367171,,,,
questions,SAGE,1,384,6e-05,5,880,roc_auc,0.9225575394420102,0.9761651754379272,0.08085106313228607,0.9225575394420102,,,,,roc_auc,0.7442715711572543,0.9718724489212036,0.12434505671262741,0.7442715711572543,,,,,roc_auc,0.7419706124786138,0.9711388945579529,0.12697477638721466,0.7419706124786138,,,,
questions,SAGE,1,384,0.0001,5,600,roc_auc,0.9237440324656957,0.9763287305831909,0.08008488267660141,0.9237440324656957,,,,,roc_auc,0.7444192369637879,0.9717088937759399,0.12481918931007385,0.7444192369637879,,,,,roc_auc,0.7429932187971158,0.9711388945579529,0.1271219253540039,0.7429932187971158,,,,
questions,SAGE,1,384,1e-05,5,3930,roc_auc,0.9326731955965804,0.977023720741272,0.07593061774969101,0.9326731955965804,,,,,roc_auc,0.7475262225147059,0.9713818430900574,0.12545514106750488,0.7475262225147059,,,,,roc_auc,0.7414524981009399,0.9708936214447021,0.12924231588840485,0.7414524981009399,,,,
questions,SAGE,1,512,3e-05,5,930,roc_auc,0.9277509250760554,0.9765740036964417,0.07815571129322052,0.9277509250760554,,,,,roc_auc,0.74443597780972,0.9717906713485718,0.12439767271280289,0.74443597780972,,,,,roc_auc,0.7352275062397688,0.9712206721305847,0.12766173481941223,0.7352275062397688,,,,
questions,SAGE,1,512,6e-05,5,540,roc_auc,0.9259625409140502,0.976410448551178,0.07888791710138321,0.9259625409140502,,,,,roc_auc,0.7434571578661773,0.9717906713485718,0.12471573799848557,0.7434571578661773,,,,,roc_auc,0.7348082122514193,0.9708936214447021,0.12782174348831177,0.7348082122514193,,,,
questions,SAGE,1,512,0.0001,5,370,roc_auc,0.9205305693619429,0.9759607315063477,0.08084683120250702,0.9205305693619429,,,,,roc_auc,0.740656010252325,0.971545398235321,0.12421617656946182,0.740656010252325,,,,,roc_auc,0.7337821426015161,0.971057116985321,0.1268957257270813,0.7337821426015161,,,,
questions,SAGE,1,512,1e-05,5,2350,roc_auc,0.9302156105501966,0.9768601655960083,0.0769551545381546,0.9302156105501966,,,,,roc_auc,0.7453813160613985,0.9719542264938354,0.1246195137500763,0.7453813160613985,,,,,roc_auc,0.7357915674807035,0.970975399017334,0.12809595465660095,0.7357915674807035,,,,
questions,SAGE,2,256,3e-05,5,2230,roc_auc,0.9399587540192462,0.9791087508201599,0.07127360999584198,0.9399587540192462,,,,,roc_auc,0.7583536243931444,0.9704006314277649,0.1274409294128418,0.7583536243931444,,,,,roc_auc,0.7553709343375455,0.9688496589660645,0.13103196024894714,0.7553709343375455,,,,
questions,SAGE,2,256,6e-05,5,1270,roc_auc,0.9380780642963937,0.9789451956748962,0.07221686094999313,0.9380780642963937,,,,,roc_auc,0.7563220938757367,0.9704824090003967,0.12672336399555206,0.7563220938757367,,,,,roc_auc,0.754798561101247,0.9688496589660645,0.13015413284301758,0.754798561101247,,,,
questions,SAGE,2,256,0.0001,5,900,roc_auc,0.9492944310710101,0.9805805683135986,0.0665765032172203,0.9492944310710101,,,,,roc_auc,0.755717807064637,0.9694194793701172,0.12968894839286804,0.755717807064637,,,,,roc_auc,0.7500527580816838,0.9681137800216675,0.13456186652183533,0.7500527580816838,,,,
questions,SAGE,2,256,1e-05,5,4980,roc_auc,0.9360570112394576,0.9790269732475281,0.0730748102068901,0.9360570112394576,,,,,roc_auc,0.758432364096081,0.9703189134597778,0.1264069676399231,0.758432364096081,,,,,roc_auc,0.7568086786467147,0.9690131545066833,0.12940950691699982,0.7568086786467147,,,,
questions,SAGE,2,384,3e-05,5,1030,roc_auc,0.940982889700916,0.9785363674163818,0.0728413537144661,0.940982889700916,,,,,roc_auc,0.7576925341599847,0.9685200452804565,0.13062059879302979,0.7576925341599847,,,,,roc_auc,0.7562462336271008,0.9669691920280457,0.13330231606960297,0.7562462336271008,,,,
questions,SAGE,2,384,6e-05,5,600,roc_auc,0.9402491499691159,0.9786999225616455,0.07355181872844696,0.9402491499691159,,,,,roc_auc,0.7558321066334159,0.9684382677078247,0.1306198239326477,0.7558321066334159,,,,,roc_auc,0.7545138752600384,0.9661515951156616,0.13367189466953278,0.7545138752600384,,,,
questions,SAGE,2,384,0.0001,5,420,roc_auc,0.9368543661858002,0.9783728718757629,0.07592527568340302,0.9368543661858002,,,,,roc_auc,0.7545803531741222,0.9677023887634277,0.13115401566028595,0.7545803531741222,,,,,roc_auc,0.7535106635973854,0.9664785861968994,0.13410373032093048,0.7535106635973854,,,,
questions,SAGE,2,384,1e-05,5,2620,roc_auc,0.9460525951197547,0.9792314171791077,0.06954605132341385,0.9460525951197547,,,,,roc_auc,0.7589336658411698,0.968192994594574,0.1314133107662201,0.7589336658411698,,,,,roc_auc,0.7558407929643577,0.9669691920280457,0.13469694554805756,0.7558407929643577,,,,
questions,SAGE,2,512,3e-05,5,860,roc_auc,0.9474578448181309,0.9797220230102539,0.06904318183660507,0.9474578448181309,,,,,roc_auc,0.7564567133678541,0.9681112170219421,0.1335480958223343,0.7564567133678541,,,,,roc_auc,0.7482461689782479,0.9671326875686646,0.1377093642950058,0.7482461689782479,,,,
questions,SAGE,2,512,6e-05,5,490,roc_auc,0.9363144450409573,0.9780866503715515,0.07541809231042862,0.9363144450409573,,,,,roc_auc,0.7542042036841407,0.9685200452804565,0.13109920918941498,0.7542042036841407,,,,,roc_auc,0.7476541701973407,0.9672961831092834,0.1340855062007904,0.7476541701973407,,,,
questions,SAGE,2,512,0.0001,5,350,roc_auc,0.9296081198875477,0.9768601655960083,0.08122284710407257,0.9296081198875477,,,,,roc_auc,0.7531258622978831,0.9672117829322815,0.13357573747634888,0.7531258622978831,,,,,roc_auc,0.7482826494023445,0.9659063220024109,0.13571196794509888,0.7482826494023445,,,,
questions,SAGE,2,512,1e-05,5,2020,roc_auc,0.9413906736170041,0.9789451956748962,0.07215519994497299,0.9413906736170041,,,,,roc_auc,0.7574004352619943,0.9686018228530884,0.1319173276424408,0.7574004352619943,,,,,roc_auc,0.7500636098534087,0.9672144651412964,0.13536477088928223,0.7500636098534087,,,,
questions,SAGE,3,256,3e-05,5,1670,roc_auc,0.943149155164551,0.9791087508201599,0.07173919677734375,0.943149155164551,,,,,roc_auc,0.7704116516287689,0.968928873538971,0.1270131766796112,0.7704116516287689,,,,,roc_auc,0.7625938274198873,0.9681955575942993,0.13036932051181793,0.7625938274198873,,,,
questions,SAGE,3,256,6e-05,5,990,roc_auc,0.9490416442974329,0.979681134223938,0.0685795396566391,0.9490416442974329,,,,,roc_auc,0.7694526897921249,0.9684382677078247,0.12808020412921906,0.7694526897921249,,,,,roc_auc,0.7614472338372096,0.9678685069084167,0.13156598806381226,0.7614472338372096,,,,
questions,SAGE,3,256,0.0001,5,700,roc_auc,0.9548327358583147,0.9808667302131653,0.0646653100848198,0.9548327358583147,,,,,roc_auc,0.7691095601775684,0.968192994594574,0.129792720079422,0.7691095601775684,,,,,roc_auc,0.7603484342278733,0.9675414562225342,0.13407567143440247,0.7603484342278733,,,,
questions,SAGE,3,256,1e-05,5,4140,roc_auc,0.9503463911931604,0.9800081849098206,0.06794470548629761,0.9503463911931604,,,,,roc_auc,0.7712401503212511,0.9686018228530884,0.12783502042293549,0.7712401503212511,,,,,roc_auc,0.7610324421796824,0.9681137800216675,0.1317717283964157,0.7610324421796824,,,,
questions,SAGE,3,384,3e-05,5,1030,roc_auc,0.9464849707612467,0.9786590337753296,0.07343552261590958,0.9464849707612467,,,,,roc_auc,0.7668538177787784,0.9650858640670776,0.1348257213830948,0.7668538177787784,,,,,roc_auc,0.7612108037468628,0.9632899761199951,0.13896805047988892,0.7612108037468628,,,,
questions,SAGE,3,384,6e-05,5,590,roc_auc,0.939382233921572,0.9775552153587341,0.07680197805166245,0.939382233921572,,,,,roc_auc,0.7649280432260187,0.965494692325592,0.1335201859474182,0.7649280432260187,,,,,roc_auc,0.7605022061421027,0.9645164012908936,0.13699789345264435,0.7605022061421027,,,,
questions,SAGE,3,384,0.0001,5,440,roc_auc,0.9472061548585976,0.9784137606620789,0.07596258819103241,0.9472061548585976,,,,,roc_auc,0.76224627516178,0.9642682075500488,0.1388351172208786,0.76224627516178,,,,,roc_auc,0.7594091787517692,0.9617365598678589,0.1426830142736435,0.7594091787517692,,,,
questions,SAGE,3,384,1e-05,5,2480,roc_auc,0.9428727002984487,0.9780866503715515,0.07474088668823242,0.9428727002984487,,,,,roc_auc,0.7681362820312996,0.9659852981567383,0.1337181180715561,0.7681362820312996,,,,,roc_auc,0.7624606046053072,0.9641075730323792,0.13743293285369873,0.7624606046053072,,,,
questions,SAGE,3,512,3e-05,5,770,roc_auc,0.9368741088385895,0.9769010543823242,0.0793604925274849,0.9368741088385895,,,,,roc_auc,0.7615574759422498,0.9650040864944458,0.13615170121192932,0.7615574759422498,,,,,roc_auc,0.7582157147507902,0.9645981192588806,0.13874970376491547,0.7582157147507902,,,,
questions,SAGE,3,512,6e-05,5,470,roc_auc,0.9335097760767539,0.9771872758865356,0.08033420890569687,0.9335097760767539,,,,,roc_auc,0.7593856686813409,0.9660670757293701,0.13488294184207916,0.7593856686813409,,,,,roc_auc,0.7553952931017365,0.965988039970398,0.13722527027130127,0.7553952931017365,,,,
questions,SAGE,3,512,0.0001,5,340,roc_auc,0.9255577010777641,0.9750204682350159,0.09038639068603516,0.9255577010777641,,,,,roc_auc,0.7553314976129863,0.9629599452018738,0.14207924902439117,0.7553314976129863,,,,,roc_auc,0.752913816152516,0.9627176523208618,0.14288903772830963,0.752913816152516,,,,
questions,SAGE,3,512,1e-05,5,1910,roc_auc,0.9429652367675159,0.977636992931366,0.07720495015382767,0.9429652367675159,,,,,roc_auc,0.7625628503310646,0.9644317030906677,0.13858918845653534,0.7625628503310646,,,,,roc_auc,0.759039064069322,0.9636988043785095,0.14171577990055084,0.759039064069322,,,,
questions,SAGE,4,256,3e-05,5,1960,roc_auc,0.9447269221666119,0.9793131947517395,0.07060588896274567,0.9447269221666119,,,,,roc_auc,0.7727535227935276,0.9677841663360596,0.12653259932994843,0.7727535227935276,,,,,roc_auc,0.7685172785603623,0.9679502844810486,0.12897057831287384,0.7685172785603623,,,,
questions,SAGE,4,256,6e-05,5,1120,roc_auc,0.9417273378014073,0.9792314171791077,0.07221515476703644,0.9417273378014073,,,,,roc_auc,0.7724584220886803,0.9678658843040466,0.12699557840824127,0.7724584220886803,,,,,roc_auc,0.768171176308966,0.9675414562225342,0.12950585782527924,0.768171176308966,,,,
questions,SAGE,4,256,0.0001,5,770,roc_auc,0.9439663393542652,0.9794766902923584,0.07178115844726562,0.9439663393542652,,,,,roc_auc,0.7720732671781283,0.9681112170219421,0.12809768319129944,0.7720732671781283,,,,,roc_auc,0.767896649573202,0.9672144651412964,0.13067086040973663,0.767896649573202,,,,
questions,SAGE,4,256,1e-05,5,4420,roc_auc,0.9389108347909414,0.9785363674163818,0.07409042865037918,0.9389108347909414,,,,,roc_auc,0.7742544262219375,0.9676206111907959,0.12680353224277496,0.7742544262219375,,,,,roc_auc,0.7708995887871182,0.9680320620536804,0.12900732457637787,0.7708995887871182,,,,
questions,SAGE,4,384,3e-05,5,1060,roc_auc,0.9308423243221401,0.9744071960449219,0.08892327547073364,0.9308423243221401,,,,,roc_auc,0.7675123680215206,0.9608340263366699,0.14305379986763,0.7675123680215206,,,,,roc_auc,0.7694683093632319,0.9601013660430908,0.14310431480407715,0.7694683093632319,,,,
questions,SAGE,4,384,6e-05,5,660,roc_auc,0.9381562267287809,0.9761242866516113,0.08298223465681076,0.9381562267287809,,,,,roc_auc,0.7674578736816584,0.9617334604263306,0.1416439563035965,0.7674578736816584,,,,,roc_auc,0.7687247321113161,0.9609189629554749,0.14264269173145294,0.7687247321113161,,,,
questions,SAGE,4,384,0.0001,5,470,roc_auc,0.9362847156076639,0.9735486507415771,0.09257020056247711,0.9362847156076639,,,,,roc_auc,0.7661386950221961,0.9579722285270691,0.15131394565105438,0.7661386950221961,,,,,roc_auc,0.7671095497900067,0.956585705280304,0.15246601402759552,0.7671095497900067,,,,
questions,SAGE,4,384,1e-05,5,2550,roc_auc,0.9302005149253301,0.9751021862030029,0.0876726359128952,0.9302005149253301,,,,,roc_auc,0.7672856161497209,0.9618152379989624,0.14125795662403107,0.7672856161497209,,,,,roc_auc,0.7694639224767899,0.9618183374404907,0.14141811430454254,0.7694639224767899,,,,
questions,SAGE,4,512,3e-05,5,760,roc_auc,0.9462064377211667,0.9766148924827576,0.08128733932971954,0.9462064377211667,,,,,roc_auc,0.7632945984794693,0.9604251980781555,0.1463446021080017,0.7632945984794693,,,,,roc_auc,0.7627219706817453,0.9601831436157227,0.14625898003578186,0.7627219706817453,,,,
questions,SAGE,4,512,6e-05,5,450,roc_auc,0.9349875886831881,0.9729762673377991,0.0917065441608429,0.9349875886831881,,,,,roc_auc,0.7618767065560617,0.9582175016403198,0.14959834516048431,0.7618767065560617,,,,,roc_auc,0.761598696863838,0.9595290422439575,0.14851343631744385,0.761598696863838,,,,
questions,SAGE,4,512,0.0001,5,310,roc_auc,0.9155689578534771,0.9711774587631226,0.10311851650476456,0.9155689578534771,,,,,roc_auc,0.7582344757517505,0.9587081074714661,0.150658518075943,0.7582344757517505,,,,,roc_auc,0.7585211805804082,0.9599378705024719,0.14876022934913635,0.7585211805804082,,,,
questions,SAGE,4,512,1e-05,5,1710,roc_auc,0.9369277949996825,0.9746525287628174,0.08696702122688293,0.9369277949996825,,,,,roc_auc,0.7644465995878289,0.9609975814819336,0.14512069523334503,0.7644465995878289,,,,,roc_auc,0.7637450387777673,0.9612460136413574,0.14479976892471313,0.7637450387777673,,,,
questions,SAGE,5,256,3e-05,5,1480,roc_auc,0.9446951434228681,0.9792314171791077,0.07100560516119003,0.9446951434228681,,,,,roc_auc,0.777774391123888,0.9673753380775452,0.12585914134979248,0.777774391123888,,,,,roc_auc,0.7701487385392591,0.967623233795166,0.12890663743019104,0.7701487385392591,,,,
questions,SAGE,5,256,6e-05,5,840,roc_auc,0.9399632567295314,0.9789451956748962,0.07314997166395187,0.9399632567295314,,,,,roc_auc,0.7771987369320379,0.9672935605049133,0.1257827877998352,0.7771987369320379,,,,,roc_auc,0.7699603333110141,0.9674597382545471,0.1287056803703308,0.7699603333110141,,,,
questions,SAGE,5,256,0.0001,5,590,roc_auc,0.943445410410497,0.9793131947517395,0.07250615954399109,0.943445410410497,,,,,roc_auc,0.7761626517499955,0.9668029546737671,0.1280185580253601,0.7761626517499955,,,,,roc_auc,0.769127517553318,0.9669691920280457,0.13086016476154327,0.769127517553318,,,,
questions,SAGE,5,256,1e-05,5,3520,roc_auc,0.9415676647674465,0.9784955382347107,0.07280122488737106,0.9415676647674465,,,,,roc_auc,0.7785779517286366,0.9677841663360596,0.12504947185516357,0.7785779517286366,,,,,roc_auc,0.7711101593363334,0.9675414562225342,0.1280428171157837,0.7711101593363334,,,,
questions,SAGE,5,384,3e-05,5,1130,roc_auc,0.9340897020706695,0.9754292964935303,0.08579818159341812,0.9340897020706695,,,,,roc_auc,0.7681480583505071,0.9618152379989624,0.14051131904125214,0.7681480583505071,,,,,roc_auc,0.7708823875744906,0.9613277912139893,0.14036256074905396,0.7708823875744906,,,,
questions,SAGE,5,384,6e-05,5,680,roc_auc,0.9336454346558601,0.9744480848312378,0.0885072648525238,0.9336454346558601,,,,,roc_auc,0.766037788130163,0.9604251980781555,0.14460629224777222,0.766037788130163,,,,,roc_auc,0.7691091618968897,0.9596108198165894,0.14446784555912018,0.7691091618968897,,,,
questions,SAGE,5,384,0.0001,5,450,roc_auc,0.9168176806423867,0.969623863697052,0.1050165593624115,0.9168176806423867,,,,,roc_auc,0.7646047717183613,0.9582992792129517,0.15367111563682556,0.7646047717183613,,,,,roc_auc,0.7675302291109166,0.9578121304512024,0.1522308737039566,0.7675302291109166,,,,
questions,SAGE,5,384,1e-05,5,2540,roc_auc,0.9224108838589381,0.9742436408996582,0.08990506827831268,0.9224108838589381,,,,,roc_auc,0.7690600303644308,0.9632052183151245,0.13810831308364868,0.7690600303644308,,,,,roc_auc,0.7720628063605235,0.9619000554084778,0.13750512897968292,0.7720628063605235,,,,
questions,SAGE,5,512,3e-05,5,810,roc_auc,0.9344282135208307,0.9742436408996582,0.08808913081884384,0.9344282135208307,,,,,roc_auc,0.7626167674003774,0.9600163698196411,0.14673975110054016,0.7626167674003774,,,,,roc_auc,0.7666925646892584,0.9601013660430908,0.1451556384563446,0.7666925646892584,,,,
questions,SAGE,5,512,6e-05,5,490,roc_auc,0.927670973104965,0.9717906713485718,0.0954967737197876,0.927670973104965,,,,,roc_auc,0.7614487181707452,0.9572362899780273,0.15121985971927643,0.7614487181707452,,,,,roc_auc,0.7667987735189064,0.9580574035644531,0.1483258605003357,0.7667987735189064,,,,
questions,SAGE,5,512,0.0001,5,360,roc_auc,0.9232391516432006,0.9675388336181641,0.11068638414144516,0.9232391516432006,,,,,roc_auc,0.7602600026554445,0.9508585333824158,0.1644197255373001,0.7602600026554445,,,,,roc_auc,0.7647050742422807,0.9523342251777649,0.1608087569475174,0.7647050742422807,,,,
questions,SAGE,5,512,1e-05,5,1930,roc_auc,0.9367750203487868,0.9750204682350159,0.08572562038898468,0.9367750203487868,,,,,roc_auc,0.7629736360540095,0.9606704711914062,0.14637905359268188,0.7629736360540095,,,,,roc_auc,0.7673032654597342,0.9605919122695923,0.14475102722644806,0.7673032654597342,,,,
questions,SAGE,1,256,3e-05,6,2020,roc_auc,0.9171670447788765,0.9760833978652954,0.08288909494876862,0.9171670447788765,,,,,roc_auc,0.754545601487049,0.971545398235321,0.12254124879837036,0.754545601487049,,,,,roc_auc,0.7302016351541991,0.971792995929718,0.12720370292663574,0.7302016351541991,,,,
questions,SAGE,1,256,6e-05,6,1120,roc_auc,0.9149494310998736,0.9758790135383606,0.08336254209280014,0.9149494310998736,,,,,roc_auc,0.7560956883662666,0.971545398235321,0.12189965695142746,0.7560956883662666,,,,,roc_auc,0.7294113029283622,0.9715477228164673,0.1266721785068512,0.7294113029283622,,,,
questions,SAGE,1,256,0.0001,6,790,roc_auc,0.928004779800149,0.9770646095275879,0.07765728235244751,0.928004779800149,,,,,roc_auc,0.7558780573691473,0.9711365699768066,0.1231159195303917,0.7558780573691473,,,,,roc_auc,0.7274141151534603,0.9712206721305847,0.1286889612674713,0.7274141151534603,,,,
questions,SAGE,1,256,1e-05,6,4900,roc_auc,0.9300570343302795,0.9768192768096924,0.07781615108251572,0.9300570343302795,,,,,roc_auc,0.7550566013773676,0.9717906713485718,0.124089814722538,0.7550566013773676,,,,,roc_auc,0.7323602141724138,0.971792995929718,0.12868574261665344,0.7323602141724138,,,,
questions,SAGE,1,384,3e-05,6,1340,roc_auc,0.9175201900374648,0.9765331149101257,0.0816570445895195,0.9175201900374648,,,,,roc_auc,0.7602772053178163,0.9707277417182922,0.1215527281165123,0.7602772053178163,,,,,roc_auc,0.7293487320743739,0.9706483483314514,0.12674906849861145,0.7293487320743739,,,,
questions,SAGE,1,384,6e-05,6,700,roc_auc,0.9019963747409498,0.9750613570213318,0.08724086731672287,0.9019963747409498,,,,,roc_auc,0.758906995941788,0.9712183475494385,0.12039527297019958,0.758906995941788,,,,,roc_auc,0.7277417463040483,0.971057116985321,0.12499955296516418,0.7277417463040483,,,,
questions,SAGE,1,384,0.0001,6,490,roc_auc,0.9081971840742601,0.9756336808204651,0.08486517518758774,0.9081971840742601,,,,,roc_auc,0.7573772289859088,0.9711365699768066,0.12116245180368423,0.7573772289859088,,,,,roc_auc,0.7264462294711032,0.9708118438720703,0.1259986311197281,0.7264462294711032,,,,
questions,SAGE,1,384,1e-05,6,3070,roc_auc,0.9055987161502982,0.9751430749893188,0.08640427887439728,0.9055987161502982,,,,,roc_auc,0.7598257797481945,0.9713000655174255,0.12058534473180771,0.7598257797481945,,,,,roc_auc,0.729087365997936,0.971057116985321,0.1252550333738327,0.729087365997936,,,,
questions,SAGE,1,512,3e-05,6,1080,roc_auc,0.9157972683557603,0.9754292964935303,0.0831669420003891,0.9157972683557603,,,,,roc_auc,0.7546737555490131,0.9714636206626892,0.12245344370603561,0.7546737555490131,,,,,roc_auc,0.7271595602954453,0.9707301259040833,0.12718579173088074,0.7271595602954453,,,,
questions,SAGE,1,512,6e-05,6,590,roc_auc,0.9050872544435402,0.9747342467308044,0.08687873184680939,0.9050872544435402,,,,,roc_auc,0.7536981683205467,0.9713818430900574,0.12127537280321121,0.7536981683205467,,,,,roc_auc,0.7262212283743814,0.970975399017334,0.12576088309288025,0.7262212283743814,,,,
questions,SAGE,1,512,0.0001,6,450,roc_auc,0.9227098811399939,0.976410448551178,0.07959292083978653,0.9227098811399939,,,,,roc_auc,0.7525241154772007,0.9707277417182922,0.12307798862457275,0.7525241154772007,,,,,roc_auc,0.7237286687646758,0.9708118438720703,0.12838006019592285,0.7237286687646758,,,,
questions,SAGE,1,512,1e-05,6,2590,roc_auc,0.9128360436185627,0.9751021862030029,0.0843687504529953,0.9128360436185627,,,,,roc_auc,0.7543290095769183,0.971545398235321,0.12254989892244339,0.7543290095769183,,,,,roc_auc,0.7266591089079193,0.971057116985321,0.1272655874490738,0.7266591089079193,,,,
questions,SAGE,2,256,3e-05,6,1550,roc_auc,0.9647500129885873,0.9815208315849304,0.05815766006708145,0.9647500129885873,,,,,roc_auc,0.7741688747265181,0.9692559242248535,0.12944677472114563,0.7741688747265181,,,,,roc_auc,0.7513690549030383,0.9690949320793152,0.13498204946517944,0.7513690549030383,,,,
questions,SAGE,2,256,6e-05,6,930,roc_auc,0.9732449243486945,0.983074426651001,0.05178350582718849,0.9732449243486945,,,,,roc_auc,0.7737476981336844,0.9690924286842346,0.13190415501594543,0.7737476981336844,,,,,roc_auc,0.7483909362308333,0.9691766500473022,0.13822826743125916,0.7483909362308333,,,,
questions,SAGE,2,256,0.0001,6,600,roc_auc,0.9645210674886999,0.9815617203712463,0.05799705162644386,0.9645210674886999,,,,,roc_auc,0.7737964197680527,0.9696647524833679,0.12797881662845612,0.7737964197680527,,,,,roc_auc,0.7481328025970369,0.9695037007331848,0.1342419534921646,0.7481328025970369,,,,
questions,SAGE,2,256,1e-05,6,3850,roc_auc,0.9660125614071547,0.9819296598434448,0.057191867381334305,0.9660125614071547,,,,,roc_auc,0.7735376871078168,0.9697465300559998,0.12964974343776703,0.7735376871078168,,,,,roc_auc,0.7525695610112004,0.9692584276199341,0.1346622258424759,0.7525695610112004,,,,
questions,SAGE,2,384,3e-05,6,1170,roc_auc,0.93401601348504,0.9781684279441833,0.07501047104597092,0.93401601348504,,,,,roc_auc,0.7651096525408563,0.968192994594574,0.12548205256462097,0.7651096525408563,,,,,roc_auc,0.7404991584104694,0.9687678813934326,0.13049814105033875,0.7404991584104694,,,,
questions,SAGE,2,384,6e-05,6,660,roc_auc,0.9248107707139105,0.9774325489997864,0.07906492799520493,0.9248107707139105,,,,,roc_auc,0.7643017046799324,0.9685200452804565,0.12426970154047012,0.7643017046799324,,,,,roc_auc,0.7381801117039821,0.9690131545066833,0.12911175191402435,0.7381801117039821,,,,
questions,SAGE,2,384,0.0001,6,460,roc_auc,0.9211812687252134,0.9772689938545227,0.08098328858613968,0.9211812687252134,,,,,roc_auc,0.7637362104497515,0.9680294394493103,0.12409566342830658,0.7637362104497515,,,,,roc_auc,0.7362383372315052,0.9688496589660645,0.1290309876203537,0.7362383372315052,,,,
questions,SAGE,2,384,1e-05,6,2780,roc_auc,0.9306509879985454,0.977636992931366,0.07655715942382812,0.9306509879985454,,,,,roc_auc,0.7661242632584613,0.9685200452804565,0.12569433450698853,0.7661242632584613,,,,,roc_auc,0.7416935459664888,0.9688496589660645,0.13081727921962738,0.7416935459664888,,,,
questions,SAGE,2,512,3e-05,6,1060,roc_auc,0.952616363310993,0.9800490736961365,0.06633201986551285,0.952616363310993,,,,,roc_auc,0.7577628457129004,0.9659035205841064,0.13498596847057343,0.7577628457129004,,,,,roc_auc,0.7463919013458505,0.9667238593101501,0.1390228271484375,0.7463919013458505,,,,
questions,SAGE,2,512,6e-05,6,540,roc_auc,0.9163283861247251,0.9764922261238098,0.0830581858754158,0.9163283861247251,,,,,roc_auc,0.7567380750336259,0.9670482277870178,0.1274767369031906,0.7567380750336259,,,,,roc_auc,0.7395007954117786,0.9678685069084167,0.13183827698230743,0.7395007954117786,,,,
questions,SAGE,2,512,0.0001,6,360,roc_auc,0.8978051596441703,0.9749795794487,0.0908518135547638,0.8978051596441703,,,,,roc_auc,0.7567990348036414,0.9670482277870178,0.12615109980106354,0.7567990348036414,,,,,roc_auc,0.7345032081993217,0.9672144651412964,0.13081251084804535,0.7345032081993217,,,,
questions,SAGE,2,512,1e-05,6,2500,roc_auc,0.9491459859492347,0.9795993566513062,0.06748754531145096,0.9491459859492347,,,,,roc_auc,0.759850025111269,0.9664759039878845,0.13395956158638,0.759850025111269,,,,,roc_auc,0.7472662770803655,0.9666421413421631,0.1380714476108551,0.7472662770803655,,,,
questions,SAGE,3,256,3e-05,6,1760,roc_auc,0.932965554266318,0.9783728718757629,0.07459668070077896,0.932965554266318,,,,,roc_auc,0.7773080719740921,0.9688470959663391,0.1228223592042923,0.7773080719740921,,,,,roc_auc,0.7529396756936476,0.9697489738464355,0.1269184947013855,0.7529396756936476,,,,
questions,SAGE,3,256,6e-05,6,1030,roc_auc,0.9374968971707971,0.9787817001342773,0.07262616604566574,0.9374968971707971,,,,,roc_auc,0.7758009340237488,0.968192994594574,0.12355642765760422,0.7758009340237488,,,,,roc_auc,0.7511710677912489,0.9695037007331848,0.12786053121089935,0.7511710677912489,,,,
questions,SAGE,3,256,0.0001,6,710,roc_auc,0.939951855636181,0.9791496396064758,0.07129625231027603,0.939951855636181,,,,,roc_auc,0.7727813472340082,0.9684382677078247,0.1244201734662056,0.7727813472340082,,,,,roc_auc,0.7492574617475046,0.9695854783058167,0.12907250225543976,0.7492574617475046,,,,
questions,SAGE,3,256,1e-05,6,4170,roc_auc,0.9344501786652349,0.9782910943031311,0.07400196045637131,0.9344501786652349,,,,,roc_auc,0.7782790410381634,0.9686836004257202,0.12299676984548569,0.7782790410381634,,,,,roc_auc,0.7539927593284831,0.9698307514190674,0.12691913545131683,0.7539927593284831,,,,
questions,SAGE,3,384,3e-05,6,1080,roc_auc,0.9359858915077729,0.97759610414505,0.07559722661972046,0.9359858915077729,,,,,roc_auc,0.7776872232709304,0.9650040864944458,0.12917537987232208,0.7776872232709304,,,,,roc_auc,0.7477901636770421,0.9662333130836487,0.13507778942584991,0.7477901636770421,,,,
questions,SAGE,3,384,6e-05,6,660,roc_auc,0.941097506768497,0.9779231548309326,0.07439214736223221,0.941097506768497,,,,,roc_auc,0.7776839905558539,0.9647588133811951,0.13098572194576263,0.7776839905558539,,,,,roc_auc,0.7490238023222792,0.965824544429779,0.13646140694618225,0.7490238023222792,,,,
questions,SAGE,3,384,0.0001,6,440,roc_auc,0.9276465256971984,0.9762060642242432,0.08213310688734055,0.9276465256971984,,,,,roc_auc,0.7758485011170185,0.9643499851226807,0.1307668834924698,0.7758485011170185,,,,,roc_auc,0.7473578244737469,0.9652522206306458,0.13542591035366058,0.7473578244737469,,,,
questions,SAGE,3,384,1e-05,6,2490,roc_auc,0.9264262334828464,0.976287841796875,0.07982971519231796,0.9264262334828464,,,,,roc_auc,0.77854643275664,0.9651676416397095,0.12782712280750275,0.77854643275664,,,,,roc_auc,0.7462963133991674,0.9663968682289124,0.1337163895368576,0.7462963133991674,,,,
questions,SAGE,3,512,3e-05,6,920,roc_auc,0.93343568340174,0.9761242866516113,0.08052843809127808,0.93343568340174,,,,,roc_auc,0.766626719544649,0.9618969559669495,0.13881035149097443,0.766626719544649,,,,,roc_auc,0.7544425306331664,0.9627176523208618,0.14143118262290955,0.7544425306331664,,,,
questions,SAGE,3,512,6e-05,6,550,roc_auc,0.9288275635141923,0.9753475189208984,0.08441799879074097,0.9288275635141923,,,,,roc_auc,0.7649824221117711,0.961406409740448,0.13954228162765503,0.7649824221117711,,,,,roc_auc,0.7529045806021117,0.961654782295227,0.142123743891716,0.7529045806021117,,,,
questions,SAGE,3,512,0.0001,6,390,roc_auc,0.922545474487528,0.9742436408996582,0.09095806628465652,0.922545474487528,,,,,roc_auc,0.7627093615964995,0.9597710371017456,0.14282767474651337,0.7627093615964995,,,,,roc_auc,0.7481182566051503,0.9605919122695923,0.1459105759859085,0.7481182566051503,,,,
questions,SAGE,3,512,1e-05,6,2180,roc_auc,0.9316737093673693,0.9759199023246765,0.08040551096200943,0.9316737093673693,,,,,roc_auc,0.76727695709148,0.9623875617980957,0.13673709332942963,0.76727695709148,,,,,roc_auc,0.7555219355866537,0.9636170268058777,0.1391766369342804,0.7555219355866537,,,,
questions,SAGE,4,256,3e-05,6,1770,roc_auc,0.9438733699322862,0.9790269732475281,0.0693751871585846,0.9438733699322862,,,,,roc_auc,0.7842505585092565,0.9677841663360596,0.12461871653795242,0.7842505585092565,,,,,roc_auc,0.7584096613092779,0.9686861038208008,0.12956254184246063,0.7584096613092779,,,,
questions,SAGE,4,256,6e-05,6,1000,roc_auc,0.9423809523809523,0.979067862033844,0.06995656341314316,0.9423809523809523,,,,,roc_auc,0.7837134659901055,0.9675388336181641,0.12509167194366455,0.7837134659901055,,,,,roc_auc,0.7578092350886267,0.9681955575942993,0.13012748956680298,0.7578092350886267,,,,
questions,SAGE,4,256,0.0001,6,680,roc_auc,0.9445577241685861,0.9794358015060425,0.06892988830804825,0.9445577241685861,,,,,roc_auc,0.7810469378683709,0.9677023887634277,0.1261785328388214,0.7810469378683709,,,,,roc_auc,0.7561197065865637,0.9679502844810486,0.131535142660141,0.7561197065865637,,,,
questions,SAGE,4,256,1e-05,6,4260,roc_auc,0.9463440878836684,0.9791496396064758,0.06818932294845581,0.9463440878836684,,,,,roc_auc,0.7847646756605418,0.9677841663360596,0.12437649071216583,0.7847646756605418,,,,,roc_auc,0.7600166470796035,0.9687678813934326,0.12918250262737274,0.7600166470796035,,,,
questions,SAGE,4,384,3e-05,6,1080,roc_auc,0.9194714510849801,0.9749795794487,0.0871557891368866,0.9194714510849801,,,,,roc_auc,0.7811739373892362,0.9642682075500488,0.1303626149892807,0.7811739373892362,,,,,roc_auc,0.7512795855084979,0.9644346237182617,0.13543692231178284,0.7512795855084979,,,,
questions,SAGE,4,384,6e-05,6,660,roc_auc,0.9217269625755503,0.9741619229316711,0.08886095881462097,0.9217269625755503,,,,,roc_auc,0.7791772740130117,0.9623057842254639,0.13446307182312012,0.7791772740130117,,,,,roc_auc,0.7507798267872521,0.9629629254341125,0.1394915133714676,0.7507798267872521,,,,
questions,SAGE,4,384,0.0001,6,480,roc_auc,0.9256392694063926,0.9744071960449219,0.08985535055398941,0.9256392694063926,,,,,roc_auc,0.778003798440215,0.9613246321678162,0.13777318596839905,0.778003798440215,,,,,roc_auc,0.7502253474298617,0.9618183374404907,0.14324745535850525,0.7502253474298617,,,,
questions,SAGE,4,384,1e-05,6,2560,roc_auc,0.9183069809327536,0.9744889736175537,0.0886298418045044,0.9183069809327536,,,,,roc_auc,0.7832424132218045,0.9641046524047852,0.13051266968250275,0.7832424132218045,,,,,roc_auc,0.752287414946353,0.9643528461456299,0.1355452984571457,0.752287414946353,,,,
questions,SAGE,4,512,3e-05,6,980,roc_auc,0.9386089511571388,0.9748160243034363,0.08186262100934982,0.9386089511571388,,,,,roc_auc,0.7702245005166571,0.9609975814819336,0.14145369827747345,0.7702245005166571,,,,,roc_auc,0.7566327414115154,0.9602648615837097,0.14422643184661865,0.7566327414115154,,,,
questions,SAGE,4,512,6e-05,6,580,roc_auc,0.9291422914177188,0.973017156124115,0.09107068181037903,0.9291422914177188,,,,,roc_auc,0.7693495892720041,0.9591169357299805,0.14499133825302124,0.7693495892720041,,,,,roc_auc,0.7547115160386877,0.958220899105072,0.1481911689043045,0.7547115160386877,,,,
questions,SAGE,4,512,0.0001,6,430,roc_auc,0.9306134654128351,0.9725266098976135,0.09328696876764297,0.9306134654128351,,,,,roc_auc,0.766660663052953,0.9582175016403198,0.14943769574165344,0.766660663052953,,,,,roc_auc,0.7531568265725257,0.9571580290794373,0.15288439393043518,0.7531568265725257,,,,
questions,SAGE,4,512,1e-05,6,2230,roc_auc,0.9300231485490305,0.9746525287628174,0.08475828170776367,0.9300231485490305,,,,,roc_auc,0.7711271207476809,0.9609975814819336,0.14028078317642212,0.7711271207476809,,,,,roc_auc,0.7557962314336576,0.9605919122695923,0.14320160448551178,0.7557962314336576,,,,
questions,SAGE,5,256,3e-05,6,1930,roc_auc,0.9466032823603439,0.9794766902923584,0.06809443980455399,0.9466032823603439,,,,,roc_auc,0.7829484670580561,0.9678658843040466,0.12640780210494995,0.7829484670580561,,,,,roc_auc,0.7562524676236235,0.9677867889404297,0.13251811265945435,0.7562524676236235,,,,
questions,SAGE,5,256,6e-05,6,1160,roc_auc,0.954312557366261,0.9801308512687683,0.06468216329813004,0.954312557366261,,,,,roc_auc,0.7808518204226775,0.9666393995285034,0.12915146350860596,0.7808518204226775,,,,,roc_auc,0.755980942441741,0.9668874144554138,0.13530416786670685,0.755980942441741,,,,
questions,SAGE,5,256,0.0001,6,810,roc_auc,0.9583391926294096,0.9806622862815857,0.06310559809207916,0.9583391926294096,,,,,roc_auc,0.7800374071316004,0.9655764698982239,0.13169831037521362,0.7800374071316004,,,,,roc_auc,0.7553718578925859,0.9660698175430298,0.13796491920948029,0.7553718578925859,,,,
questions,SAGE,5,256,1e-05,6,4490,roc_auc,0.9467567497358989,0.9794766902923584,0.06805521994829178,0.9467567497358989,,,,,roc_auc,0.785156180547137,0.9681112170219421,0.12532882392406464,0.785156180547137,,,,,roc_auc,0.7592742242714883,0.9681955575942993,0.13134030997753143,0.7592742242714883,,,,
questions,SAGE,5,384,3e-05,6,1040,roc_auc,0.9248292722350184,0.9740801453590393,0.08930633962154388,0.9248292722350184,,,,,roc_auc,0.7825981792886872,0.9612428545951843,0.13654829561710358,0.7825981792886872,,,,,roc_auc,0.7547142867038089,0.9618183374404907,0.14160138368606567,0.7547142867038089,,,,
questions,SAGE,5,384,6e-05,6,610,roc_auc,0.9206868653631898,0.9737939834594727,0.09152423590421677,0.9206868653631898,,,,,roc_auc,0.78144410000635,0.961406409740448,0.13645039498806,0.78144410000635,,,,,roc_auc,0.7554632898415872,0.961654782295227,0.1412583887577057,0.7554632898415872,,,,
questions,SAGE,5,384,0.0001,6,440,roc_auc,0.9231728809841309,0.974366307258606,0.09050922840833664,0.9231728809841309,,,,,roc_auc,0.7795481126139389,0.9612428545951843,0.13724538683891296,0.7795481126139389,,,,,roc_auc,0.7560850732725479,0.961654782295227,0.14228253066539764,0.7560850732725479,,,,
questions,SAGE,5,384,1e-05,6,2540,roc_auc,0.9287684510099348,0.9739983677864075,0.08855563402175903,0.9287684510099348,,,,,roc_auc,0.7840136466757875,0.9603434205055237,0.138153538107872,0.7840136466757875,,,,,roc_auc,0.7556503097372718,0.9610824584960938,0.14345182478427887,0.7556503097372718,,,,
questions,SAGE,5,512,3e-05,6,720,roc_auc,0.9209075847577484,0.9716680645942688,0.09720631688833237,0.9209075847577484,,,,,roc_auc,0.7734632192069457,0.9582175016403198,0.1465594619512558,0.7734632192069457,,,,,roc_auc,0.7516859497262813,0.959038496017456,0.15012626349925995,0.7516859497262813,,,,
questions,SAGE,5,512,6e-05,6,460,roc_auc,0.9231085441814015,0.9712591767311096,0.10023506730794907,0.9231085441814015,,,,,roc_auc,0.7719955665621807,0.9573180675506592,0.15104565024375916,0.7719955665621807,,,,,roc_auc,0.7517526765779515,0.9568309783935547,0.15435799956321716,0.7517526765779515,,,,
questions,SAGE,5,512,0.0001,6,340,roc_auc,0.917419600644234,0.9690515398979187,0.11122018098831177,0.917419600644234,,,,,roc_auc,0.7695393958286431,0.9532297849655151,0.16090108454227448,0.7695393958286431,,,,,roc_auc,0.7506514526366341,0.9533970952033997,0.16392700374126434,0.7506514526366341,,,,
questions,SAGE,5,512,1e-05,6,1780,roc_auc,0.9330582927800772,0.9714636206626892,0.0969906896352768,0.9330582927800772,,,,,roc_auc,0.773853685006552,0.9560098052024841,0.15451961755752563,0.773853685006552,,,,,roc_auc,0.7542742127270503,0.9560951590538025,0.15716442465782166,0.7542742127270503,,,,
questions,SAGE,1,256,3e-05,8,1990,roc_auc,0.9217110587719146,0.9757563471794128,0.0822494626045227,0.9217110587719146,,,,,roc_auc,0.7589129995555017,0.9726901054382324,0.1191229373216629,0.7589129995555017,,,,,roc_auc,0.7504459616401414,0.9725288152694702,0.12072204053401947,0.7504459616401414,,,,
questions,SAGE,1,256,6e-05,8,1120,roc_auc,0.9231328472715308,0.9756336808204651,0.08157964795827866,0.9231328472715308,,,,,roc_auc,0.7599158339538992,0.9726901054382324,0.11896664649248123,0.7599158339538992,,,,,roc_auc,0.7505549411349106,0.9725288152694702,0.12072619050741196,0.7505549411349106,,,,
questions,SAGE,1,256,0.0001,8,750,roc_auc,0.9256082411143631,0.9758790135383606,0.07997535169124603,0.9256082411143631,,,,,roc_auc,0.7597662054274977,0.9725266098976135,0.11939287930727005,0.7597662054274977,,,,,roc_auc,0.7505859956731447,0.9724470376968384,0.12120421230792999,0.7505859956731447,,,,
questions,SAGE,1,256,1e-05,8,4680,roc_auc,0.9234684435054177,0.9758790135383606,0.08156698942184448,0.9234684435054177,,,,,roc_auc,0.7587238857235221,0.9726901054382324,0.11951779574155807,0.7587238857235221,,,,,roc_auc,0.7497182002682927,0.9726923108100891,0.1208283081650734,0.7497182002682927,,,,
questions,SAGE,1,384,3e-05,8,1500,roc_auc,0.934488538293242,0.9762060642242432,0.07593011856079102,0.934488538293242,,,,,roc_auc,0.7554586125879617,0.972281277179718,0.12209228426218033,0.7554586125879617,,,,,roc_auc,0.7502513224153735,0.9728558659553528,0.12245543301105499,0.7502513224153735,,,,
questions,SAGE,1,384,6e-05,8,770,roc_auc,0.9182573356655064,0.9747342467308044,0.08373115211725235,0.9182573356655064,,,,,roc_auc,0.754853286689873,0.9725266098976135,0.11962457746267319,0.754853286689873,,,,,roc_auc,0.7504934092803428,0.9728558659553528,0.12006055563688278,0.7504934092803428,,,,
questions,SAGE,1,384,0.0001,8,560,roc_auc,0.9305123853396371,0.9758381247520447,0.07755356281995773,0.9305123853396371,,,,,roc_auc,0.7561594190349191,0.9718724489212036,0.12137306481599808,0.7561594190349191,,,,,roc_auc,0.7524131338762298,0.9728558659553528,0.12157381325960159,0.7524131338762298,,,,
questions,SAGE,1,384,1e-05,8,3270,roc_auc,0.9168334112648576,0.9747751355171204,0.08450363576412201,0.9168334112648576,,,,,roc_auc,0.7557077625570777,0.9725266098976135,0.11947605758905411,0.7557077625570777,,,,,roc_auc,0.74946860951862,0.9731828570365906,0.1201302707195282,0.74946860951862,,,,
questions,SAGE,1,512,3e-05,8,1060,roc_auc,0.9304212631834161,0.9762060642242432,0.07767126709222794,0.9304212631834161,,,,,roc_auc,0.7608849557522124,0.9717906713485718,0.11997798830270767,0.7608849557522124,,,,,roc_auc,0.7463349872664848,0.9722835421562195,0.1227152869105339,0.7463349872664848,,,,
questions,SAGE,1,512,6e-05,8,600,roc_auc,0.9269416206293404,0.9759607315063477,0.07896239310503006,0.9269416206293404,,,,,roc_auc,0.7608958084385409,0.9717088937759399,0.11946465820074081,0.7608958084385409,,,,,roc_auc,0.7458697464148747,0.9720382690429688,0.12210817635059357,0.7458697464148747,,,,
questions,SAGE,1,512,0.0001,8,420,roc_auc,0.9251034757459778,0.9759607315063477,0.07943380624055862,0.9251034757459778,,,,,roc_auc,0.7605339752581843,0.9714636206626892,0.12003303319215775,0.7605339752581843,,,,,roc_auc,0.745785818350577,0.9716294407844543,0.12278838455677032,0.745785818350577,,,,
questions,SAGE,1,512,1e-05,8,2550,roc_auc,0.9240204007412154,0.9752657413482666,0.08071679621934891,0.9240204007412154,,,,,roc_auc,0.7613717102794567,0.9717906713485718,0.11902240663766861,0.7613717102794567,,,,,roc_auc,0.746093939400936,0.9723653197288513,0.1219276487827301,0.746093939400936,,,,
questions,SAGE,2,256,3e-05,8,2120,roc_auc,0.935268575123103,0.9773507714271545,0.07430243492126465,0.935268575123103,,,,,roc_auc,0.7670866887184017,0.9717088937759399,0.12204945087432861,0.7670866887184017,,,,,roc_auc,0.7657608130978577,0.9712206721305847,0.1226973682641983,0.7657608130978577,,,,
questions,SAGE,2,256,6e-05,8,1190,roc_auc,0.9295874247383521,0.9771054983139038,0.07697287201881409,0.9295874247383521,,,,,roc_auc,0.765732873825976,0.9713000655174255,0.12092315405607224,0.765732873825976,,,,,roc_auc,0.7634716664858037,0.9714659452438354,0.1218482255935669,0.7634716664858037,,,,
questions,SAGE,2,256,0.0001,8,800,roc_auc,0.9295593693896518,0.9772689938545227,0.07721385359764099,0.9295593693896518,,,,,roc_auc,0.764395453417153,0.970973014831543,0.1215139776468277,0.764395453417153,,,,,roc_auc,0.7611955650886959,0.970975399017334,0.1228918582201004,0.7611955650886959,,,,
questions,SAGE,2,256,1e-05,8,4760,roc_auc,0.9339476646519924,0.9772689938545227,0.07497377693653107,0.9339476646519924,,,,,roc_auc,0.7682500043295292,0.9718724489212036,0.12170686572790146,0.7682500043295292,,,,,roc_auc,0.7660865971383647,0.971057116985321,0.12237944453954697,0.7660865971383647,,,,
questions,SAGE,2,384,3e-05,8,1270,roc_auc,0.9447998025734721,0.9788634777069092,0.06996830552816391,0.9447998025734721,,,,,roc_auc,0.7723410052589348,0.9699918031692505,0.1259208619594574,0.7723410052589348,,,,,roc_auc,0.7648292923952169,0.9692584276199341,0.12750697135925293,0.7648292923952169,,,,
questions,SAGE,2,384,6e-05,8,710,roc_auc,0.9371851710741272,0.9780049324035645,0.07579894363880157,0.9371851710741272,,,,,roc_auc,0.7718207690398259,0.9695829749107361,0.1256774216890335,0.7718207690398259,,,,,roc_auc,0.7631326063415906,0.9685226082801819,0.12815827131271362,0.7631326063415906,,,,
questions,SAGE,2,384,0.0001,8,500,roc_auc,0.9401966760761766,0.9781275391578674,0.07625024765729904,0.9401966760761766,,,,,roc_auc,0.7713160036714407,0.9687653183937073,0.12789614498615265,0.7713160036714407,,,,,roc_auc,0.7613405632300414,0.9678685069084167,0.1307334154844284,0.7613405632300414,,,,
questions,SAGE,2,384,1e-05,8,3180,roc_auc,0.9509907694439153,0.9800899624824524,0.06602166593074799,0.9509907694439153,,,,,roc_auc,0.7723767960329967,0.9695829749107361,0.12743550539016724,0.7723767960329967,,,,,roc_auc,0.7651696224276106,0.9695037007331848,0.12858416140079498,0.7651696224276106,,,,
questions,SAGE,2,512,3e-05,8,810,roc_auc,0.9337273782103457,0.9769010543823242,0.0774921178817749,0.9337273782103457,,,,,roc_auc,0.7692244370168968,0.9700735807418823,0.1236901581287384,0.7692244370168968,,,,,roc_auc,0.7575173916958549,0.9696672558784485,0.12701423466205597,0.7575173916958549,,,,
questions,SAGE,2,512,6e-05,8,510,roc_auc,0.9402066051296261,0.9779640436172485,0.07630635052919388,0.9402066051296261,,,,,roc_auc,0.7677401589803092,0.9691741466522217,0.12724968791007996,0.7677401589803092,,,,,roc_auc,0.7564005827632305,0.9677867889404297,0.13081437349319458,0.7564005827632305,,,,
questions,SAGE,2,512,0.0001,8,340,roc_auc,0.9218106668052116,0.9757563471794128,0.08511526882648468,0.9218106668052116,,,,,roc_auc,0.7667110010448597,0.970237135887146,0.12440037727355957,0.7667110010448597,,,,,roc_auc,0.7547389918011401,0.9686861038208008,0.12806537747383118,0.7547389918011401,,,,
questions,SAGE,2,512,1e-05,8,1990,roc_auc,0.9371076436393445,0.9773916602134705,0.07553433626890182,0.9371076436393445,,,,,roc_auc,0.7690984765830202,0.9703189134597778,0.1243852749466896,0.7690984765830202,,,,,roc_auc,0.7581295932432713,0.9695854783058167,0.127647265791893,0.7581295932432713,,,,
questions,SAGE,3,256,3e-05,8,1690,roc_auc,0.9401914806412321,0.977718710899353,0.07350466400384903,0.9401914806412321,,,,,roc_auc,0.7714963429910696,0.9716271758079529,0.12151826173067093,0.7714963429910696,,,,,roc_auc,0.7708284750490062,0.970239520072937,0.12201496213674545,0.7708284750490062,,,,
questions,SAGE,3,256,6e-05,8,990,roc_auc,0.9446293057167103,0.9782502055168152,0.07150402665138245,0.9446293057167103,,,,,roc_auc,0.7704727268528941,0.9717088937759399,0.1222904771566391,0.7704727268528941,,,,,roc_auc,0.7694168211697286,0.97015780210495,0.12281326949596405,0.7694168211697286,,,,
questions,SAGE,3,256,0.0001,8,650,roc_auc,0.9360325926952185,0.9774325489997864,0.07605661451816559,0.9360325926952185,,,,,roc_auc,0.7702824584798157,0.9710547924041748,0.12127109616994858,0.7702824584798157,,,,,roc_auc,0.7679750363072575,0.9703212976455688,0.12230227887630463,0.7679750363072575,,,,
questions,SAGE,3,256,1e-05,8,4100,roc_auc,0.9440290886629836,0.9781275391578674,0.07136610150337219,0.9440290886629836,,,,,roc_auc,0.7716459715174712,0.9713818430900574,0.12253587692975998,0.7716459715174712,,,,,roc_auc,0.7700545359251367,0.9699942469596863,0.12310963869094849,0.7700545359251367,,,,
questions,SAGE,3,384,3e-05,8,1030,roc_auc,0.9302128107880321,0.9766148924827576,0.08045200258493423,0.9302128107880321,,,,,roc_auc,0.7727826172292167,0.9688470959663391,0.12562070786952972,0.7727826172292167,,,,,roc_auc,0.7648262908413355,0.9682773351669312,0.128368079662323,0.7648262908413355,,,,
questions,SAGE,3,384,6e-05,8,660,roc_auc,0.9430220113260482,0.977718710899353,0.07654266804456711,0.9430220113260482,,,,,roc_auc,0.7718657961426783,0.9664759039878845,0.13068623840808868,0.7718657961426783,,,,,roc_auc,0.7655722924252324,0.9661515951156616,0.1331799328327179,0.7655722924252324,,,,
questions,SAGE,3,384,0.0001,8,430,roc_auc,0.9238148924256331,0.9760016202926636,0.08550470322370529,0.9238148924256331,,,,,roc_auc,0.7710490737694035,0.9677023887634277,0.1276991367340088,0.7710490737694035,,,,,roc_auc,0.7626835277031879,0.9667238593101501,0.13103213906288147,0.7626835277031879,,,,
questions,SAGE,3,384,1e-05,8,2640,roc_auc,0.9416227652413858,0.9773098826408386,0.07555456459522247,0.9416227652413858,,,,,roc_auc,0.7734483256267715,0.9678658843040466,0.12868407368659973,0.7734483256267715,,,,,roc_auc,0.7661146501227174,0.966805636882782,0.1312815099954605,0.7661146501227174,,,,
questions,SAGE,3,512,3e-05,8,810,roc_auc,0.9318350276223958,0.9766557812690735,0.0800427496433258,0.9318350276223958,,,,,roc_auc,0.7657955654076396,0.9683564901351929,0.12867218255996704,0.7657955654076396,,,,,roc_auc,0.7633045030234884,0.9672144651412964,0.1311541348695755,0.7633045030234884,,,,
questions,SAGE,3,512,6e-05,8,510,roc_auc,0.93502121469269,0.9772689938545227,0.07893411815166473,0.93502121469269,,,,,roc_auc,0.7645169111407444,0.9677841663360596,0.12982703745365143,0.7645169111407444,,,,,roc_auc,0.7618916947004103,0.9667238593101501,0.1323055475950241,0.7618916947004103,,,,
questions,SAGE,3,512,0.0001,8,330,roc_auc,0.9032065069936327,0.9739983677864075,0.09437911957502365,0.9032065069936327,,,,,roc_auc,0.761371479371237,0.9686018228530884,0.12739425897598267,0.761371479371237,,,,,roc_auc,0.757172097555119,0.9671326875686646,0.13048110902309418,0.757172097555119,,,,
questions,SAGE,3,512,1e-05,8,1930,roc_auc,0.9313728648205555,0.976410448551178,0.08032261580228806,0.9313728648205555,,,,,roc_auc,0.7660270508979443,0.9685200452804565,0.12871766090393066,0.7660270508979443,,,,,roc_auc,0.7652774474785793,0.9669691920280457,0.1308489888906479,0.7652774474785793,,,,
questions,SAGE,4,256,3e-05,8,1450,roc_auc,0.9341842012596042,0.97759610414505,0.07753073424100876,0.9341842012596042,,,,,roc_auc,0.7799150257751302,0.9700735807418823,0.12263567000627518,0.7799150257751302,,,,,roc_auc,0.7706204442761522,0.9686861038208008,0.1257365494966507,0.7706204442761522,,,,
questions,SAGE,4,256,6e-05,8,820,roc_auc,0.9306452730201062,0.9772281050682068,0.07946287095546722,0.9306452730201062,,,,,roc_auc,0.7804137875298016,0.9695829749107361,0.12259082496166229,0.7804137875298016,,,,,roc_auc,0.7700376810456491,0.9687678813934326,0.12584631145000458,0.7700376810456491,,,,
questions,SAGE,4,256,0.0001,8,600,roc_auc,0.9423005385934227,0.9787817001342773,0.07429273426532745,0.9423005385934227,,,,,roc_auc,0.7789530621316292,0.9687653183937073,0.1259772628545761,0.7789530621316292,,,,,roc_auc,0.769335779214932,0.9683590531349182,0.1288524717092514,0.769335779214932,,,,
questions,SAGE,4,256,1e-05,8,3570,roc_auc,0.9378279618308714,0.9778004884719849,0.07549857348203659,0.9378279618308714,,,,,roc_auc,0.7801477812606434,0.9700735807418823,0.12263166904449463,0.7801477812606434,,,,,roc_auc,0.7713846860720973,0.9687678813934326,0.12565511465072632,0.7713846860720973,,,,
questions,SAGE,4,384,3e-05,8,1150,roc_auc,0.9411730714834121,0.97759610414505,0.08046542853116989,0.9411730714834121,,,,,roc_auc,0.7763140120880452,0.9657399654388428,0.1348574310541153,0.7763140120880452,,,,,roc_auc,0.7708275514939658,0.9645981192588806,0.1363842785358429,0.7708275514939658,,,,
questions,SAGE,4,384,6e-05,8,660,roc_auc,0.9321230567630131,0.976410448551178,0.08437318354845047,0.9321230567630131,,,,,roc_auc,0.7749156319092069,0.9658217430114746,0.13311465084552765,0.7749156319092069,,,,,roc_auc,0.7672494683786297,0.9646798968315125,0.135579451918602,0.7672494683786297,,,,
questions,SAGE,4,384,0.0001,8,470,roc_auc,0.9305812825797066,0.9757972359657288,0.09034133702516556,0.9305812825797066,,,,,roc_auc,0.7742589289322226,0.9636958241462708,0.1384202539920807,0.7742589289322226,,,,,roc_auc,0.7648745465921973,0.9622271060943604,0.14151017367839813,0.7648745465921973,,,,
questions,SAGE,4,384,1e-05,8,2740,roc_auc,0.9417277707543195,0.9775552153587341,0.07830687612295151,0.9417277707543195,,,,,roc_auc,0.7778941170358312,0.9664759039878845,0.1322137862443924,0.7778941170358312,,,,,roc_auc,0.7720828936826527,0.9656609892845154,0.13409236073493958,0.7720828936826527,,,,
questions,SAGE,4,512,3e-05,8,870,roc_auc,0.9269179525368154,0.9757563471794128,0.08382275700569153,0.9269179525368154,,,,,roc_auc,0.7700866483094632,0.9664759039878845,0.13129274547100067,0.7700866483094632,,,,,roc_auc,0.7665182436753797,0.9652522206306458,0.1340329498052597,0.7665182436753797,,,,
questions,SAGE,4,512,6e-05,8,520,roc_auc,0.9202231727943935,0.9746525287628174,0.09188391268253326,0.9202231727943935,,,,,roc_auc,0.7697068042879656,0.964922308921814,0.13568970561027527,0.7697068042879656,,,,,roc_auc,0.765276754812299,0.9629629254341125,0.13882285356521606,0.765276754812299,,,,
questions,SAGE,4,512,0.0001,8,360,roc_auc,0.9059809269810482,0.9717906713485718,0.10516548156738281,0.9059809269810482,,,,,roc_auc,0.7697640695264649,0.9645134806632996,0.14105387032032013,0.7697640695264649,,,,,roc_auc,0.7624619899378678,0.9613277912139893,0.14507952332496643,0.7624619899378678,,,,
questions,SAGE,4,512,1e-05,8,2070,roc_auc,0.925498906072309,0.9756336808204651,0.08344201743602753,0.925498906072309,,,,,roc_auc,0.7703849817293871,0.9671300053596497,0.13008232414722443,0.7703849817293871,,,,,roc_auc,0.7658386226100128,0.965824544429779,0.13319896161556244,0.7658386226100128,,,,
questions,SAGE,5,256,3e-05,8,1330,roc_auc,0.9166769998095007,0.9762060642242432,0.08524057269096375,0.9166769998095007,,,,,roc_auc,0.7774926830957865,0.9697465300559998,0.12191418558359146,0.7774926830957865,,,,,roc_auc,0.7735208688805821,0.9692584276199341,0.12339341640472412,0.7735208688805821,,,,
questions,SAGE,5,256,6e-05,8,810,roc_auc,0.9273458254680221,0.9771463871002197,0.08078496158123016,0.9273458254680221,,,,,roc_auc,0.7756716254206859,0.9688470959663391,0.12408740073442459,0.7756716254206859,,,,,roc_auc,0.7733411219808408,0.9687678813934326,0.12515708804130554,0.7733411219808408,,,,
questions,SAGE,5,256,0.0001,8,570,roc_auc,0.9310476883200849,0.9778413772583008,0.08057063072919846,0.9310476883200849,,,,,roc_auc,0.7743284323063689,0.9681112170219421,0.12657511234283447,0.7743284323063689,,,,,roc_auc,0.7721918731774218,0.9681955575942993,0.12772345542907715,0.7721918731774218,,,,
questions,SAGE,5,256,1e-05,8,3380,roc_auc,0.926731436422308,0.9771872758865356,0.08093016594648361,0.926731436422308,,,,,roc_auc,0.7793666187532111,0.9694194793701172,0.12301062047481537,0.7793666187532111,,,,,roc_auc,0.7753915296149468,0.9691766500473022,0.12421111017465591,0.7753915296149468,,,,
questions,SAGE,5,384,3e-05,8,1020,roc_auc,0.9442186354478753,0.9778413772583008,0.07904358953237534,0.9442186354478753,,,,,roc_auc,0.7789680711659134,0.9647588133811951,0.13517038524150848,0.7789680711659134,,,,,roc_auc,0.7709247556619697,0.9636988043785095,0.13740020990371704,0.7709247556619697,,,,
questions,SAGE,5,384,6e-05,8,590,roc_auc,0.9356424732579418,0.9766557812690735,0.08352857083082199,0.9356424732579418,,,,,roc_auc,0.7782568738490667,0.964922308921814,0.13435402512550354,0.7782568738490667,,,,,roc_auc,0.7685803111918709,0.9641075730323792,0.1367979645729065,0.7685803111918709,,,,
questions,SAGE,5,384,0.0001,8,440,roc_auc,0.9428464633519792,0.9772281050682068,0.08312906324863434,0.9428464633519792,,,,,roc_auc,0.7779213642057623,0.9632052183151245,0.1391170173883438,0.7779213642057623,,,,,roc_auc,0.7670767635860718,0.9627994298934937,0.14151805639266968,0.7670767635860718,,,,
questions,SAGE,5,384,1e-05,8,2400,roc_auc,0.9399273505013594,0.9769419431686401,0.08161188662052155,0.9399273505013594,,,,,roc_auc,0.7792490864693555,0.9651676416397095,0.13435672223567963,0.7792490864693555,,,,,roc_auc,0.7715375344312864,0.9642711281776428,0.1361500471830368,0.7715375344312864,,,,
questions,SAGE,5,512,3e-05,8,650,roc_auc,0.917382280103216,0.9721994996070862,0.09699229896068573,0.917382280103216,,,,,roc_auc,0.7717154748916175,0.9639411568641663,0.13800933957099915,0.7717154748916175,,,,,roc_auc,0.7659463322166014,0.9612460136413574,0.14198395609855652,0.7659463322166014,,,,
questions,SAGE,5,512,6e-05,8,440,roc_auc,0.9302167073642404,0.9746116399765015,0.0908714160323143,0.9302167073642404,,,,,roc_auc,0.770972181332225,0.9622240662574768,0.14014501869678497,0.770972181332225,,,,,roc_auc,0.7656692657044762,0.9601831436157227,0.14423240721225739,0.7656692657044762,,,,
questions,SAGE,5,512,0.0001,8,320,roc_auc,0.9209479936962055,0.9724039435386658,0.10142193734645844,0.9209479936962055,,,,,roc_auc,0.7695313140409517,0.9623057842254639,0.14483679831027985,0.7695313140409517,,,,,roc_auc,0.7617651676598731,0.9587114453315735,0.15003930032253265,0.7617651676598731,,,,
questions,SAGE,5,512,1e-05,8,1460,roc_auc,0.9093727955480895,0.9714636206626892,0.09874987602233887,0.9093727955480895,,,,,roc_auc,0.7729157358179057,0.9650858640670776,0.13433019816875458,0.7729157358179057,,,,,roc_auc,0.766051963824349,0.9632082581520081,0.1382550299167633,0.766051963824349,,,,
questions,SAGE,1,256,3e-05,7,1690,roc_auc,0.9023268332669472,0.9746116399765015,0.08858707547187805,0.9023268332669472,,,,,roc_auc,0.7642646439106616,0.9726083278656006,0.11742749065160751,0.7642646439106616,,,,,roc_auc,0.756773583555179,0.972610592842102,0.11898144334554672,0.756773583555179,,,,
questions,SAGE,1,256,6e-05,7,970,roc_auc,0.9066852836418844,0.9747751355171204,0.08676374703645706,0.9066852836418844,,,,,roc_auc,0.7636908369845695,0.9724448323249817,0.11761313676834106,0.7636908369845695,,,,,roc_auc,0.7567674650030362,0.972774088382721,0.11905238032341003,0.7567674650030362,,,,
questions,SAGE,1,256,0.0001,7,600,roc_auc,0.8948959469834727,0.9742845296859741,0.09108783304691315,0.8948959469834727,,,,,roc_auc,0.7636841406461967,0.9725266098976135,0.11682960391044617,0.7636841406461967,,,,,roc_auc,0.7547459184639432,0.972774088382721,0.11823692172765732,0.7547459184639432,,,,
questions,SAGE,1,256,1e-05,7,4040,roc_auc,0.9013820722858182,0.9746116399765015,0.08884435147047043,0.9013820722858182,,,,,roc_auc,0.7643015892258225,0.9725266098976135,0.11744571477174759,0.7643015892258225,,,,,roc_auc,0.7560117660912149,0.9726923108100891,0.11919212341308594,0.7560117660912149,,,,
questions,SAGE,1,384,3e-05,7,1430,roc_auc,0.9243561990197945,0.9760425090789795,0.07881312817335129,0.9243561990197945,,,,,roc_auc,0.7552263189188877,0.9720360040664673,0.121253103017807,0.7552263189188877,,,,,roc_auc,0.7401084946283729,0.9722017645835876,0.12384982407093048,0.7401084946283729,,,,
questions,SAGE,1,384,6e-05,7,810,roc_auc,0.923049547131254,0.9760833978652954,0.07910259068012238,0.923049547131254,,,,,roc_auc,0.7540892113907025,0.9720360040664673,0.1211516410112381,0.7540892113907025,,,,,roc_auc,0.7404174237893926,0.9721199870109558,0.12358797341585159,0.7404174237893926,,,,
questions,SAGE,1,384,0.0001,7,510,roc_auc,0.907169353861074,0.9746525287628174,0.0853615552186966,0.907169353861074,,,,,roc_auc,0.7549576572052024,0.9719542264938354,0.11916158348321915,0.7549576572052024,,,,,roc_auc,0.7427219245039932,0.9722835421562195,0.12118163704872131,0.7427219245039932,,,,
questions,SAGE,1,384,1e-05,7,3020,roc_auc,0.8952537104064562,0.9741619229316711,0.09075543284416199,0.8952537104064562,,,,,roc_auc,0.7554360990365354,0.972281277179718,0.11839161813259125,0.7554360990365354,,,,,roc_auc,0.7416512933233897,0.9724470376968384,0.12024763226509094,0.7416512933233897,,,,
questions,SAGE,1,512,3e-05,7,1010,roc_auc,0.8862013866038596,0.9735895395278931,0.09358437359333038,0.8862013866038596,,,,,roc_auc,0.7523489715925162,0.9723630547523499,0.11839891970157623,0.7523489715925162,,,,,roc_auc,0.7385532279403106,0.9728558659553528,0.11957015097141266,0.7385532279403106,,,,
questions,SAGE,1,512,6e-05,7,610,roc_auc,0.8925949177100831,0.9739574790000916,0.0911417156457901,0.8925949177100831,,,,,roc_auc,0.7532669472201536,0.972281277179718,0.11863495409488678,0.7532669472201536,,,,,roc_auc,0.7401248877303404,0.9726923108100891,0.1199333593249321,0.7401248877303404,,,,
questions,SAGE,1,512,0.0001,7,460,roc_auc,0.9075665737261083,0.974938690662384,0.08533501625061035,0.9075665737261083,,,,,roc_auc,0.7543342050118629,0.9718724489212036,0.11964983493089676,0.7543342050118629,,,,,roc_auc,0.7402583414336807,0.9724470376968384,0.12144100666046143,0.7402583414336807,,,,
questions,SAGE,1,512,1e-05,7,2500,roc_auc,0.8907514908011939,0.9738348126411438,0.0924355536699295,0.8907514908011939,,,,,roc_auc,0.751860254345404,0.9723630547523499,0.1190849095582962,0.751860254345404,,,,,roc_auc,0.7381750321512599,0.972774088382721,0.12033285945653915,0.7381750321512599,,,,
questions,SAGE,2,256,3e-05,7,1970,roc_auc,0.9274274515237056,0.977636992931366,0.07530584931373596,0.9274274515237056,,,,,roc_auc,0.7746052912618557,0.9719542264938354,0.11967214941978455,0.7746052912618557,,,,,roc_auc,0.7563433223507245,0.9719564914703369,0.12269625067710876,0.7563433223507245,,,,
questions,SAGE,2,256,6e-05,7,1160,roc_auc,0.9333448210172661,0.9781684279441833,0.07264678925275803,0.9333448210172661,,,,,roc_auc,0.7721700177222058,0.9716271758079529,0.12091918289661407,0.7721700177222058,,,,,roc_auc,0.7553283353613063,0.9717112183570862,0.12373358756303787,0.7553283353613063,,,,
questions,SAGE,2,256,0.0001,7,760,roc_auc,0.9272517880955268,0.977636992931366,0.07545020431280136,0.9272517880955268,,,,,roc_auc,0.7697154633462064,0.9717088937759399,0.12034405022859573,0.7697154633462064,,,,,roc_auc,0.7536591250701326,0.9722017645835876,0.1229683980345726,0.7536591250701326,,,,
questions,SAGE,2,256,1e-05,7,4450,roc_auc,0.9219619116891513,0.976982831954956,0.0778941884636879,0.9219619116891513,,,,,roc_auc,0.7761661153732919,0.9719542264938354,0.1190783903002739,0.7761661153732919,,,,,roc_auc,0.7576870949345315,0.9722835421562195,0.1220427080988884,0.7576870949345315,,,,
questions,SAGE,2,384,3e-05,7,1300,roc_auc,0.936467277418908,0.9786181449890137,0.07185764610767365,0.936467277418908,,,,,roc_auc,0.7752773496354537,0.9704824090003967,0.12446607649326324,0.7752773496354537,,,,,roc_auc,0.7655262301175916,0.9705665707588196,0.1270301192998886,0.7655262301175916,,,,
questions,SAGE,2,384,6e-05,7,720,roc_auc,0.9247792806054413,0.9771463871002197,0.07763246446847916,0.9247792806054413,,,,,roc_auc,0.7746319611612373,0.9704824090003967,0.1226876750588417,0.7746319611612373,,,,,roc_auc,0.7637008235802073,0.9706483483314514,0.12514708936214447,0.7637008235802073,,,,
questions,SAGE,2,384,0.0001,7,480,roc_auc,0.9121700754492608,0.9757154583930969,0.08407062292098999,0.9121700754492608,,,,,roc_auc,0.7722905518129182,0.9701553583145142,0.12230675667524338,0.7722905518129182,,,,,roc_auc,0.7599239452424217,0.9704030752182007,0.12457776814699173,0.7599239452424217,,,,
questions,SAGE,2,384,1e-05,7,3070,roc_auc,0.9327774795213273,0.9775552153587341,0.0736335888504982,0.9327774795213273,,,,,roc_auc,0.7751969935749787,0.9706459641456604,0.12391690909862518,0.7751969935749787,,,,,roc_auc,0.765737493333087,0.9708118438720703,0.12636010348796844,0.765737493333087,,,,
questions,SAGE,2,512,3e-05,7,830,roc_auc,0.9202223646156245,0.976287841796875,0.07952709496021271,0.9202223646156245,,,,,roc_auc,0.769067534881573,0.9708095192909241,0.12155863642692566,0.769067534881573,,,,,roc_auc,0.7517262398149196,0.9718747138977051,0.12492034584283829,0.7517262398149196,,,,
questions,SAGE,2,512,6e-05,7,480,roc_auc,0.9115783731361378,0.9759199023246765,0.08286579698324203,0.9115783731361378,,,,,roc_auc,0.767943242759584,0.970973014831543,0.1204807460308075,0.767943242759584,,,,,roc_auc,0.7503372130341323,0.9720382690429688,0.12359265983104706,0.7503372130341323,,,,
questions,SAGE,2,512,0.0001,7,350,roc_auc,0.9099948045650554,0.9759607315063477,0.0848018005490303,0.9099948045650554,,,,,roc_auc,0.7673257941799583,0.9703189134597778,0.12219608575105667,0.7673257941799583,,,,,roc_auc,0.7487918745627544,0.9705665707588196,0.12567856907844543,0.7487918745627544,,,,
questions,SAGE,2,512,1e-05,7,2060,roc_auc,0.9227643466163287,0.9764922261238098,0.07840552926063538,0.9227643466163287,,,,,roc_auc,0.7702105305693621,0.9706459641456604,0.12207544595003128,0.7702105305693621,,,,,roc_auc,0.7542503157403795,0.971792995929718,0.12538465857505798,0.7542503157403795,,,,
questions,SAGE,3,256,3e-05,7,1830,roc_auc,0.9203490177741602,0.9778004884719849,0.07736228406429291,0.9203490177741602,,,,,roc_auc,0.7790492354051574,0.9713818430900574,0.11945907026529312,0.7790492354051574,,,,,roc_auc,0.7686589288146863,0.9713841676712036,0.12190920859575272,0.7686589288146863,,,,
questions,SAGE,3,256,6e-05,7,1050,roc_auc,0.9202185546299986,0.97759610414505,0.0771804004907608,0.9202185546299986,,,,,roc_auc,0.777565881001449,0.9714636206626892,0.11981146037578583,0.777565881001449,,,,,roc_auc,0.7689245663331864,0.9713023900985718,0.12206932157278061,0.7689245663331864,,,,
questions,SAGE,3,256,0.0001,7,710,roc_auc,0.918654959619925,0.9779231548309326,0.0774715468287468,0.918654959619925,,,,,roc_auc,0.7770444902412414,0.970973014831543,0.11985708028078079,0.7770444902412414,,,,,roc_auc,0.7694423343777201,0.970975399017334,0.12231844663619995,0.7694423343777201,,,,
questions,SAGE,3,256,1e-05,7,4230,roc_auc,0.9173813564703369,0.9773916602134705,0.07886112481355667,0.9173813564703369,,,,,roc_auc,0.7781885250160193,0.9713818430900574,0.11878235638141632,0.7781885250160193,,,,,roc_auc,0.7690243102775514,0.9715477228164673,0.12112636119127274,0.7690243102775514,,,,
questions,SAGE,3,384,3e-05,7,1030,roc_auc,0.9335772301404499,0.9789043664932251,0.07525315880775452,0.9335772301404499,,,,,roc_auc,0.7781086307719839,0.9698283076286316,0.12592194974422455,0.7781086307719839,,,,,roc_auc,0.7651117847932045,0.9690949320793152,0.1290518194437027,0.7651117847932045,,,,
questions,SAGE,3,384,6e-05,7,620,roc_auc,0.9369032321378061,0.9795175790786743,0.07454942166805267,0.9369032321378061,,,,,roc_auc,0.7775125412026855,0.9687653183937073,0.12779761850833893,0.7775125412026855,,,,,roc_auc,0.7646994174676582,0.9677867889404297,0.13134054839611053,0.7646994174676582,,,,
questions,SAGE,3,384,0.0001,7,420,roc_auc,0.9259623388693579,0.9778822660446167,0.08101671189069748,0.9259623388693579,,,,,roc_auc,0.7761060792361556,0.9685200452804565,0.12775790691375732,0.7761060792361556,,,,,roc_auc,0.7646897201397339,0.9677050113677979,0.1305738091468811,0.7646897201397339,,,,
questions,SAGE,3,384,1e-05,7,2490,roc_auc,0.9315975385183772,0.9786181449890137,0.07655312865972519,0.9315975385183772,,,,,roc_auc,0.7787610619469028,0.9697465300559998,0.12609487771987915,0.7787610619469028,,,,,roc_auc,0.7655634032079685,0.9690949320793152,0.12933112680912018,0.7655634032079685,,,,
questions,SAGE,3,512,3e-05,7,860,roc_auc,0.917025353722529,0.9760425090789795,0.08532800525426865,0.917025353722529,,,,,roc_auc,0.7763964463224979,0.9691741466522217,0.125780388712883,0.7763964463224979,,,,,roc_auc,0.7616778917085537,0.9682773351669312,0.1296038180589676,0.7616778917085537,,,,
questions,SAGE,3,512,6e-05,7,540,roc_auc,0.923434644314751,0.976410448551178,0.0849938839673996,0.923434644314751,,,,,roc_auc,0.776008635967419,0.9685200452804565,0.12922607362270355,0.776008635967419,,,,,roc_auc,0.7614182572978164,0.9672144651412964,0.13331158459186554,0.7614182572978164,,,,
questions,SAGE,3,512,0.0001,7,400,roc_auc,0.9269464697019552,0.9762469530105591,0.09052003920078278,0.9269464697019552,,,,,roc_auc,0.7738554168182002,0.9654129147529602,0.13742822408676147,0.7738554168182002,,,,,roc_auc,0.7575250110249383,0.9629629254341125,0.14216282963752747,0.7575250110249383,,,,
questions,SAGE,3,512,1e-05,7,2230,roc_auc,0.9328665812306254,0.9780049324035645,0.07720811665058136,0.9328665812306254,,,,,roc_auc,0.7770805119235231,0.9685200452804565,0.12771476805210114,0.7770805119235231,,,,,roc_auc,0.7635883807540366,0.9672961831092834,0.13224193453788757,0.7635883807540366,,,,
questions,SAGE,4,256,3e-05,7,1610,roc_auc,0.9288003163442611,0.979067862033844,0.07734323292970657,0.9288003163442611,,,,,roc_auc,0.7804933354115073,0.9699918031692505,0.12157239019870758,0.7804933354115073,,,,,roc_auc,0.7755800502875718,0.9695854783058167,0.1234542727470398,0.7755800502875718,,,,
questions,SAGE,4,256,6e-05,7,930,roc_auc,0.9288755924239014,0.9791087508201599,0.07699182629585266,0.9288755924239014,,,,,roc_auc,0.7783216436047082,0.9699100852012634,0.12220298498868942,0.7783216436047082,,,,,roc_auc,0.7733956117282255,0.9695037007331848,0.12405667454004288,0.7733956117282255,,,,
questions,SAGE,4,256,0.0001,7,600,roc_auc,0.9154994256158033,0.9775552153587341,0.08223099261522293,0.9154994256158033,,,,,roc_auc,0.7756712790583562,0.9704006314277649,0.12137250602245331,0.7756712790583562,,,,,roc_auc,0.7692837137995285,0.9696672558784485,0.12328141182661057,0.7692837137995285,,,,
questions,SAGE,4,256,1e-05,7,3870,roc_auc,0.9307856074906626,0.9792723059654236,0.07697319984436035,0.9307856074906626,,,,,roc_auc,0.7808080633150338,0.9696647524833679,0.12227145582437515,0.7808080633150338,,,,,roc_auc,0.7757810389532427,0.969421923160553,0.12424806505441666,0.7757810389532427,,,,
questions,SAGE,4,384,3e-05,7,1120,roc_auc,0.9226275623596512,0.9775552153587341,0.08165431022644043,0.9226275623596512,,,,,roc_auc,0.7823597665517898,0.968192994594574,0.12704946100711823,0.7823597665517898,,,,,roc_auc,0.7690465910429015,0.9682773351669312,0.13023704290390015,0.7690465910429015,,,,
questions,SAGE,4,384,6e-05,7,670,roc_auc,0.9226234926022779,0.9771463871002197,0.08366622775793076,0.9226234926022779,,,,,roc_auc,0.7818118213463103,0.9667211771011353,0.12983718514442444,0.7818118213463103,,,,,roc_auc,0.7704573213671384,0.9664785861968994,0.13277660310268402,0.7704573213671384,,,,
questions,SAGE,4,384,0.0001,7,480,roc_auc,0.9227998776186435,0.9767375588417053,0.08497036248445511,0.9227998776186435,,,,,roc_auc,0.7788986832458769,0.9655764698982239,0.1327786147594452,0.7788986832458769,,,,,roc_auc,0.767519839116712,0.9643528461456299,0.1361386477947235,0.767519839116712,,,,
questions,SAGE,4,384,1e-05,7,2680,roc_auc,0.9222051157716087,0.977023720741272,0.08239461481571198,0.9222051157716087,,,,,roc_auc,0.7828987063366988,0.9680294394493103,0.1273396760225296,0.7828987063366988,,,,,roc_auc,0.7698484677067436,0.967623233795166,0.13033424317836761,0.7698484677067436,,,,
questions,SAGE,4,512,3e-05,7,710,roc_auc,0.9329953414266663,0.9780049324035645,0.07699664682149887,0.9329953414266663,,,,,roc_auc,0.7796135750942395,0.9670482277870178,0.12767526507377625,0.7796135750942395,,,,,roc_auc,0.7668252102819383,0.9672961831092834,0.1321917325258255,0.7668252102819383,,,,
questions,SAGE,4,512,6e-05,7,400,roc_auc,0.9062335405734605,0.9748569130897522,0.08858951181173325,0.9062335405734605,,,,,roc_auc,0.778090619930843,0.9686836004257202,0.12476696074008942,0.778090619930843,,,,,roc_auc,0.764196310859391,0.9681137800216675,0.12809929251670837,0.764196310859391,,,,
questions,SAGE,4,512,0.0001,7,310,roc_auc,0.9069348088368576,0.9747342467308044,0.09319154173135757,0.9069348088368576,,,,,roc_auc,0.7763658509833804,0.9660670757293701,0.13063867390155792,0.7763658509833804,,,,,roc_auc,0.7623681336568855,0.9659063220024109,0.134458526968956,0.7623681336568855,,,,
questions,SAGE,4,512,1e-05,7,1520,roc_auc,0.9139729779655832,0.9756336808204651,0.08517400920391083,0.9139729779655832,,,,,roc_auc,0.7812615670586334,0.9683564901351929,0.12476904690265656,0.7812615670586334,,,,,roc_auc,0.767745994657234,0.9680320620536804,0.1286052018404007,0.767745994657234,,,,
questions,SAGE,5,256,3e-05,7,1810,roc_auc,0.927872411663174,0.9792314171791077,0.07722258567810059,0.927872411663174,,,,,roc_auc,0.7905163685064279,0.9688470959663391,0.1223909929394722,0.7905163685064279,,,,,roc_auc,0.7806044205962008,0.96844083070755,0.12534162402153015,0.7806044205962008,,,,
questions,SAGE,5,256,6e-05,7,1050,roc_auc,0.9289837151978018,0.979803740978241,0.07690191268920898,0.9289837151978018,,,,,roc_auc,0.7899403679522481,0.9688470959663391,0.12316374480724335,0.7899403679522481,,,,,roc_auc,0.7799701691721945,0.9683590531349182,0.12614691257476807,0.7799701691721945,,,,
questions,SAGE,5,256,0.0001,7,700,roc_auc,0.923155245368847,0.9791905283927917,0.07905834168195724,0.923155245368847,,,,,roc_auc,0.7888785365037032,0.9688470959663391,0.12273229658603668,0.7888785365037032,,,,,roc_auc,0.7798496452394201,0.9688496589660645,0.12592299282550812,0.7798496452394201,,,,
questions,SAGE,5,256,1e-05,7,4110,roc_auc,0.9206069422556269,0.9785772562026978,0.07973940670490265,0.9206069422556269,,,,,roc_auc,0.7904428242384358,0.9699918031692505,0.12066762149333954,0.7904428242384358,,,,,roc_auc,0.7801514168488763,0.9689313769340515,0.12326432764530182,0.7801514168488763,,,,
questions,SAGE,5,384,3e-05,7,1170,roc_auc,0.9072269943254305,0.9757972359657288,0.091315358877182,0.9072269943254305,,,,,roc_auc,0.779870575942827,0.9663941264152527,0.13074134290218353,0.779870575942827,,,,,roc_auc,0.767118900784791,0.9660698175430298,0.1334051489830017,0.767118900784791,,,,
questions,SAGE,5,384,6e-05,7,700,roc_auc,0.9097910857881764,0.9755110740661621,0.09265799820423126,0.9097910857881764,,,,,roc_auc,0.778379370659647,0.9651676416397095,0.13380050659179688,0.778379370659647,,,,,roc_auc,0.7663710520908131,0.9652522206306458,0.1362585574388504,0.7663710520908131,,,,
questions,SAGE,5,384,0.0001,7,480,roc_auc,0.9029656697204279,0.9744889736175537,0.09781020134687424,0.9029656697204279,,,,,roc_auc,0.777108913634553,0.9643499851226807,0.13628621399402618,0.777108913634553,,,,,roc_auc,0.7657266415613622,0.9640258550643921,0.13817550241947174,0.7657266415613622,,,,
questions,SAGE,5,384,1e-05,7,2930,roc_auc,0.9183264349502681,0.9769419431686401,0.08466580510139465,0.9183264349502681,,,,,roc_auc,0.782263477824152,0.9668847322463989,0.12938222289085388,0.782263477824152,,,,,roc_auc,0.7684370447162262,0.9669691920280457,0.13240677118301392,0.7684370447162262,,,,
questions,SAGE,5,512,3e-05,7,660,roc_auc,0.914017110299084,0.9746933579444885,0.0904933363199234,0.914017110299084,,,,,roc_auc,0.7793417961195874,0.9659852981567383,0.13133081793785095,0.7793417961195874,,,,,roc_auc,0.7671521487662458,0.9659063220024109,0.13453559577465057,0.7671521487662458,,,,
questions,SAGE,5,512,6e-05,7,420,roc_auc,0.9104786727395527,0.9741210341453552,0.09381678700447083,0.9104786727395527,,,,,roc_auc,0.7776497006852201,0.9648405909538269,0.13449828326702118,0.7776497006852201,,,,,roc_auc,0.7661046064616528,0.965006947517395,0.13754716515541077,0.7661046064616528,,,,
questions,SAGE,5,512,0.0001,7,320,roc_auc,0.9056835171940033,0.9721177220344543,0.10465944558382034,0.9056835171940033,,,,,roc_auc,0.7748446276316321,0.9609975814819336,0.14512582123279572,0.7748446276316321,,,,,roc_auc,0.7647712238720508,0.9601831436157227,0.14857472479343414,0.7647712238720508,,,,
questions,SAGE,5,512,1e-05,7,1510,roc_auc,0.9094501209381801,0.97432541847229,0.09203125536441803,0.9094501209381801,,,,,roc_auc,0.7805967822939577,0.9657399654388428,0.131032794713974,0.7805967822939577,,,,,roc_auc,0.7686366480493363,0.9662333130836487,0.13379384577274323,0.7686366480493363,,,,
questions,SAGE,1,256,3e-05,9,2210,roc_auc,0.9292189529466774,0.975674569606781,0.07973766326904297,0.9292189529466774,,,,,roc_auc,0.7713475226434372,0.9729354381561279,0.12063886970281601,0.7713475226434372,,,,,roc_auc,0.7517660681260375,0.9730193614959717,0.12142082303762436,0.7517660681260375,,,,
questions,SAGE,1,256,6e-05,9,1200,roc_auc,0.9224314924175513,0.9751839637756348,0.08247987926006317,0.9224314924175513,,,,,roc_auc,0.7704579487268298,0.9732624888420105,0.11970993131399155,0.7704579487268298,,,,,roc_auc,0.7529898939989702,0.9726923108100891,0.12014437466859818,0.7529898939989702,,,,
questions,SAGE,1,256,0.0001,9,790,roc_auc,0.922771071818229,0.9753066301345825,0.08216586709022522,0.922771071818229,,,,,roc_auc,0.7705735182908173,0.973017156124115,0.11972244828939438,0.7705735182908173,,,,,roc_auc,0.7528761812846189,0.972774088382721,0.12007144838571548,0.7528761812846189,,,,
questions,SAGE,1,256,1e-05,9,4960,roc_auc,0.9259667261255333,0.9751839637756348,0.08196854591369629,0.9259667261255333,,,,,roc_auc,0.77056174197161,0.9730989336967468,0.1207447275519371,0.77056174197161,,,,,roc_auc,0.7517388232523453,0.9731828570365906,0.1213083490729332,0.7517388232523453,,,,
questions,SAGE,1,384,3e-05,9,1300,roc_auc,0.9187909934248886,0.9748569130897522,0.08363096415996552,0.9187909934248886,,,,,roc_auc,0.7682489652425402,0.9727718830108643,0.12092844396829605,0.7682489652425402,,,,,roc_auc,0.753689025164566,0.9731011390686035,0.11991619318723679,0.753689025164566,,,,
questions,SAGE,1,384,6e-05,9,750,roc_auc,0.923177874374383,0.9750204682350159,0.081546351313591,0.923177874374383,,,,,roc_auc,0.7674920480981822,0.9725266098976135,0.12155620753765106,0.7674920480981822,,,,,roc_auc,0.7519343860321536,0.9729375839233398,0.1206410676240921,0.7519343860321536,,,,
questions,SAGE,1,384,0.0001,9,510,roc_auc,0.9255832741631019,0.9755110740661621,0.07975566387176514,0.9255832741631019,,,,,roc_auc,0.7663689105172922,0.9723630547523499,0.12172705680131912,0.7663689105172922,,,,,roc_auc,0.7509180137101745,0.9728558659553528,0.12077918648719788,0.7509180137101745,,,,
questions,SAGE,1,384,1e-05,9,3390,roc_auc,0.9319579862494155,0.9762469530105591,0.0774114653468132,0.9319579862494155,,,,,roc_auc,0.7695854620184843,0.9726901054382324,0.12252869457006454,0.7695854620184843,,,,,roc_auc,0.7523640700147076,0.972774088382721,0.12213969230651855,0.7523640700147076,,,,
questions,SAGE,1,512,3e-05,9,1230,roc_auc,0.9440182071131278,0.9774734377861023,0.07094212621450424,0.9440182071131278,,,,,roc_auc,0.7705996109196497,0.9724448323249817,0.12319877743721008,0.7705996109196497,,,,,roc_auc,0.7464649776384236,0.9725288152694702,0.12449387460947037,0.7464649776384236,,,,
questions,SAGE,1,512,6e-05,9,690,roc_auc,0.9377588625461094,0.9763696193695068,0.07426080852746964,0.9377588625461094,,,,,roc_auc,0.7712351857945263,0.972281277179718,0.1216249093413353,0.7712351857945263,,,,,roc_auc,0.7460081642265574,0.972774088382721,0.12286226451396942,0.7460081642265574,,,,
questions,SAGE,1,512,0.0001,9,470,roc_auc,0.9319538587649874,0.9763696193695068,0.0762089192867279,0.9319538587649874,,,,,roc_auc,0.7735211771701043,0.972281277179718,0.12062680721282959,0.7735211771701043,,,,,roc_auc,0.7455414225980065,0.972610592842102,0.12235236912965775,0.7455414225980065,,,,
questions,SAGE,1,512,1e-05,9,2880,roc_auc,0.9379683540284826,0.9762469530105591,0.07459218055009842,0.9379683540284826,,,,,roc_auc,0.7698354201663693,0.9725266098976135,0.12257282435894012,0.7698354201663693,,,,,roc_auc,0.7500634944090286,0.9729375839233398,0.12314202636480331,0.7500634944090286,,,,
questions,SAGE,2,256,3e-05,9,1750,roc_auc,0.9371320621835837,0.9771054983139038,0.07322957366704941,0.9371320621835837,,,,,roc_auc,0.7810359697279323,0.9716271758079529,0.1217227503657341,0.7810359697279323,,,,,roc_auc,0.7585649340004479,0.9721199870109558,0.12299998849630356,0.7585649340004479,,,,
questions,SAGE,2,256,6e-05,9,1000,roc_auc,0.9395197397664363,0.9772281050682068,0.07206559926271439,0.9395197397664363,,,,,roc_auc,0.7799098303401855,0.9716271758079529,0.12197604775428772,0.7799098303401855,,,,,roc_auc,0.7556947558235917,0.9722835421562195,0.12377076596021652,0.7556947558235917,,,,
questions,SAGE,2,256,0.0001,9,640,roc_auc,0.9296878120868908,0.9763287305831909,0.07646017521619797,0.9296878120868908,,,,,roc_auc,0.7786361406000148,0.9718724489212036,0.12014421820640564,0.7786361406000148,,,,,roc_auc,0.7566111533124457,0.9720382690429688,0.12152336537837982,0.7566111533124457,,,,
questions,SAGE,2,256,1e-05,9,4250,roc_auc,0.9398287238279963,0.9775143265724182,0.07166847586631775,0.9398287238279963,,,,,roc_auc,0.7817119535412662,0.9714636206626892,0.12207284569740295,0.7817119535412662,,,,,roc_auc,0.7608308762921112,0.9721199870109558,0.12307287007570267,0.7608308762921112,,,,
questions,SAGE,2,384,3e-05,9,1210,roc_auc,0.9385301537271472,0.9771463871002197,0.07309093326330185,0.9385301537271472,,,,,roc_auc,0.7734531746993865,0.9717088937759399,0.12348610907793045,0.7734531746993865,,,,,roc_auc,0.7690701416964321,0.9713841676712036,0.12145277112722397,0.7690701416964321,,,,
questions,SAGE,2,384,6e-05,9,700,roc_auc,0.9358313850452292,0.9772281050682068,0.07455528527498245,0.9358313850452292,,,,,roc_auc,0.7726161324027732,0.9717088937759399,0.12267323583364487,0.7726161324027732,,,,,roc_auc,0.7663195638973099,0.9711388945579529,0.12102580070495605,0.7663195638973099,,,,
questions,SAGE,2,384,0.0001,9,480,roc_auc,0.928768883962847,0.976410448551178,0.07847864180803299,0.928768883962847,,,,,roc_auc,0.7708519936038423,0.9714636206626892,0.12241809815168381,0.7708519936038423,,,,,roc_auc,0.7635071079104798,0.9711388945579529,0.12082244455814362,0.7635071079104798,,,,
questions,SAGE,2,384,1e-05,9,3060,roc_auc,0.9477062731990602,0.9784137606620789,0.0682661160826683,0.9477062731990602,,,,,roc_auc,0.7736944737890308,0.9708095192909241,0.12596337497234344,0.7736944737890308,,,,,roc_auc,0.7699960056244501,0.9713841676712036,0.12373945116996765,0.7699960056244501,,,,
questions,SAGE,2,512,3e-05,9,940,roc_auc,0.962112348394322,0.9818479418754578,0.05992160737514496,0.962112348394322,,,,,roc_auc,0.7754253618043169,0.968928873538971,0.13021647930145264,0.7754253618043169,,,,,roc_auc,0.7533355344728463,0.9690949320793152,0.13213977217674255,0.7533355344728463,,,,
questions,SAGE,2,512,6e-05,9,560,roc_auc,0.9607883783892996,0.9815617203712463,0.061505720019340515,0.9607883783892996,,,,,roc_auc,0.774035756137829,0.9688470959663391,0.12992528080940247,0.774035756137829,,,,,roc_auc,0.7499465492520359,0.9682773351669312,0.13203521072864532,0.7499465492520359,,,,
questions,SAGE,2,512,0.0001,9,380,roc_auc,0.9467904334724555,0.9793949127197266,0.07212705910205841,0.9467904334724555,,,,,roc_auc,0.7704539078329842,0.9677841663360596,0.12936539947986603,0.7704539078329842,,,,,roc_auc,0.7532023116582661,0.9673779606819153,0.1297364979982376,0.7532023116582661,,,,
questions,SAGE,2,512,1e-05,9,2330,roc_auc,0.9647070063326578,0.982338547706604,0.05742926150560379,0.9647070063326578,,,,,roc_auc,0.7765064740892114,0.9683564901351929,0.13159626722335815,0.7765064740892114,,,,,roc_auc,0.7567432216832253,0.9693402051925659,0.13303294777870178,0.7567432216832253,,,,
questions,SAGE,3,256,3e-05,9,2380,roc_auc,0.9475145327860808,0.9792314171791077,0.06781070679426193,0.9475145327860808,,,,,roc_auc,0.7838421973226192,0.9700735807418823,0.12419858574867249,0.7838421973226192,,,,,roc_auc,0.7696307396059653,0.9711388945579529,0.12343089282512665,0.7696307396059653,,,,
questions,SAGE,3,256,6e-05,9,1330,roc_auc,0.9381079380473247,0.977759599685669,0.07298889756202698,0.9381079380473247,,,,,roc_auc,0.7820445768318238,0.9700735807418823,0.12254462391138077,0.7820445768318238,,,,,roc_auc,0.7643429252220573,0.9708936214447021,0.12228887528181076,0.7643429252220573,,,,
questions,SAGE,3,256,0.0001,9,910,roc_auc,0.9410187093385057,0.9785772562026978,0.07174564152956009,0.9410187093385057,,,,,roc_auc,0.7785283064613893,0.9692559242248535,0.12423352152109146,0.7785283064613893,,,,,roc_auc,0.7588738631614674,0.9705665707588196,0.12384975701570511,0.7588738631614674,,,,
questions,SAGE,3,256,1e-05,9,5000,roc_auc,0.9315823274394011,0.976982831954956,0.07534722238779068,0.9315823274394011,,,,,roc_auc,0.7827892558405348,0.970973014831543,0.120841383934021,0.7827892558405348,,,,,roc_auc,0.7712795162418699,0.9717112183570862,0.11960215121507645,0.7712795162418699,,,,
questions,SAGE,3,384,3e-05,9,1410,roc_auc,0.9441021422510087,0.9784955382347107,0.07294601202011108,0.9441021422510087,,,,,roc_auc,0.7765271403748795,0.9688470959663391,0.1277451366186142,0.7765271403748795,,,,,roc_auc,0.7722878074572451,0.9695037007331848,0.1256837397813797,0.7722878074572451,,,,
questions,SAGE,3,384,6e-05,9,820,roc_auc,0.9414781301052364,0.9780866503715515,0.07614847272634506,0.9414781301052364,,,,,roc_auc,0.774429454652512,0.9676206111907959,0.1304463893175125,0.774429454652512,,,,,roc_auc,0.7699061898967696,0.9681137800216675,0.12840856611728668,0.7699061898967696,,,,
questions,SAGE,3,384,0.0001,9,530,roc_auc,0.9229061819903135,0.975674569606781,0.08740685880184174,0.9229061819903135,,,,,roc_auc,0.7729821219310855,0.9677023887634277,0.1305209994316101,0.7729821219310855,,,,,roc_auc,0.7686870972434192,0.9678685069084167,0.12883518636226654,0.7686870972434192,,,,
questions,SAGE,3,384,1e-05,9,3510,roc_auc,0.9549354322890509,0.9797629117965698,0.06614116579294205,0.9549354322890509,,,,,roc_auc,0.7783239526869059,0.9686018228530884,0.12948599457740784,0.7783239526869059,,,,,roc_auc,0.7716974248976585,0.9699125289916992,0.1275804489850998,0.7716974248976585,,,,
questions,SAGE,3,512,3e-05,9,880,roc_auc,0.9604988194817266,0.9812755584716797,0.06485196202993393,0.9604988194817266,,,,,roc_auc,0.7803173833480537,0.9645134806632996,0.13685855269432068,0.7803173833480537,,,,,roc_auc,0.762783502536313,0.9652522206306458,0.13687211275100708,0.762783502536313,,,,
questions,SAGE,3,512,6e-05,9,520,roc_auc,0.953493121821404,0.979803740978241,0.0713944360613823,0.953493121821404,,,,,roc_auc,0.7776289189454422,0.964922308921814,0.1363472193479538,0.7776289189454422,,,,,roc_auc,0.7594983018131694,0.9652522206306458,0.13631126284599304,0.7594983018131694,,,,
questions,SAGE,3,512,0.0001,9,360,roc_auc,0.9394633692972886,0.9778004884719849,0.08313720673322678,0.9394633692972886,,,,,roc_auc,0.7742043191382506,0.9639411568641663,0.13719040155410767,0.7742043191382506,,,,,roc_auc,0.7584483351765952,0.964189350605011,0.13710615038871765,0.7584483351765952,,,,
questions,SAGE,3,512,1e-05,9,2040,roc_auc,0.9539816081602965,0.9796402454376221,0.06936414539813995,0.9539816081602965,,,,,roc_auc,0.7828527556009675,0.964922308921814,0.13515938818454742,0.7828527556009675,,,,,roc_auc,0.7707069121168113,0.9653339982032776,0.13426446914672852,0.7707069121168113,,,,
questions,SAGE,4,256,3e-05,9,1950,roc_auc,0.9432238828371693,0.9782910943031311,0.07089857012033463,0.9432238828371693,,,,,roc_auc,0.7829510070484734,0.9694194793701172,0.12233196943998337,0.7829510070484734,,,,,roc_auc,0.7686373407156166,0.970975399017334,0.12127335369586945,0.7686373407156166,,,,
questions,SAGE,4,256,6e-05,9,1130,roc_auc,0.9425403945066935,0.9786181449890137,0.07112886756658554,0.9425403945066935,,,,,roc_auc,0.7822156798226625,0.9693377017974854,0.12263403087854385,0.7822156798226625,,,,,roc_auc,0.7657301048927637,0.9712206721305847,0.12200382351875305,0.7657301048927637,,,,
questions,SAGE,4,256,0.0001,9,800,roc_auc,0.949050447673311,0.9799264073371887,0.06875678896903992,0.949050447673311,,,,,roc_auc,0.7807877433916954,0.9686836004257202,0.12607495486736298,0.7807877433916954,,,,,roc_auc,0.761297617920662,0.9697489738464355,0.12608219683170319,0.761297617920662,,,,
questions,SAGE,4,256,1e-05,9,4620,roc_auc,0.9498295897338205,0.9793540835380554,0.067381352186203,0.9498295897338205,,,,,roc_auc,0.783701805125008,0.969501256942749,0.12365563213825226,0.783701805125008,,,,,roc_auc,0.7696129611714373,0.9712206721305847,0.12250209599733353,0.7696129611714373,,,,
questions,SAGE,4,384,3e-05,9,1200,roc_auc,0.9490185246119298,0.9789860844612122,0.0703570693731308,0.9490185246119298,,,,,roc_auc,0.7805628387856536,0.9667211771011353,0.1302482783794403,0.7805628387856536,,,,,roc_auc,0.7726514572544094,0.9688496589660645,0.12797050178050995,0.7726514572544094,,,,
questions,SAGE,4,384,6e-05,9,730,roc_auc,0.9547056786103942,0.9800081849098206,0.06782341003417969,0.9547056786103942,,,,,roc_auc,0.7787485929030359,0.9665576815605164,0.13246490061283112,0.7787485929030359,,,,,roc_auc,0.7689078268980788,0.9679502844810486,0.13063986599445343,0.7689078268980788,,,,
questions,SAGE,4,384,0.0001,9,510,roc_auc,0.9508288450548118,0.9791087508201599,0.07401838898658752,0.9508288450548118,,,,,roc_auc,0.7773221573754971,0.9639411568641663,0.13599075376987457,0.7773221573754971,,,,,roc_auc,0.7675206472273723,0.9661515951156616,0.13434837758541107,0.7675206472273723,,,,
questions,SAGE,4,384,1e-05,9,2850,roc_auc,0.9463212856969676,0.9788225889205933,0.07066913694143295,0.9463212856969676,,,,,roc_auc,0.7808999647864965,0.9683564901351929,0.1282590627670288,0.7808999647864965,,,,,roc_auc,0.7743267860977259,0.9695037007331848,0.1257665753364563,0.7743267860977259,,,,
questions,SAGE,4,512,3e-05,9,790,roc_auc,0.9548260395199418,0.9773507714271545,0.08015383034944534,0.9548260395199418,,,,,roc_auc,0.7789524848610798,0.9587081074714661,0.1484157294034958,0.7789524848610798,,,,,roc_auc,0.7744242211544901,0.9596925973892212,0.14498300850391388,0.7744242211544901,,,,
questions,SAGE,4,512,6e-05,9,500,roc_auc,0.9574712086313493,0.9773507714271545,0.07832997292280197,0.9574712086313493,,,,,roc_auc,0.778142458826178,0.9578904509544373,0.14936800301074982,0.778142458826178,,,,,roc_auc,0.7722924252324472,0.9592837691307068,0.14650271832942963,0.7722924252324472,,,,
questions,SAGE,4,512,0.0001,9,360,roc_auc,0.9485557845395401,0.9757972359657288,0.08561576902866364,0.9485557845395401,,,,,roc_auc,0.7748654093714101,0.9582175016403198,0.15008625388145447,0.7748654093714101,,,,,roc_auc,0.7706281790496157,0.9587932229042053,0.14753293991088867,0.7706281790496157,,,,
questions,SAGE,4,512,1e-05,9,1850,roc_auc,0.9523809523809523,0.9778822660446167,0.07897510379552841,0.9523809523809523,,,,,roc_auc,0.780852166785007,0.9605069756507874,0.14430128037929535,0.780852166785007,,,,,roc_auc,0.7758603492423384,0.9610007405281067,0.14112882316112518,0.7758603492423384,,,,
questions,SAGE,5,256,3e-05,9,1830,roc_auc,0.9384502594831119,0.9785363674163818,0.07233216613531113,0.9384502594831119,,,,,roc_auc,0.7773850798653805,0.9685200452804565,0.12624916434288025,0.7773850798653805,,,,,roc_auc,0.7742396255907866,0.9699125289916992,0.12358613312244415,0.7742396255907866,,,,
questions,SAGE,5,256,6e-05,9,1060,roc_auc,0.9382273175969381,0.9783728718757629,0.07303192466497421,0.9382273175969381,,,,,roc_auc,0.7761638062910944,0.9679476618766785,0.1268485188484192,0.7761638062910944,,,,,roc_auc,0.7716002207296546,0.9698307514190674,0.12424010783433914,0.7716002207296546,,,,
questions,SAGE,5,256,0.0001,9,710,roc_auc,0.9338459495811903,0.9779640436172485,0.07402504235506058,0.9338459495811903,,,,,roc_auc,0.7752096935270654,0.9679476618766785,0.12638536095619202,0.7752096935270654,,,,,roc_auc,0.771182427518246,0.970239520072937,0.1236674040555954,0.771182427518246,,,,
questions,SAGE,5,256,1e-05,9,4240,roc_auc,0.9358822137171028,0.9780049324035645,0.07369136065244675,0.9358822137171028,,,,,roc_auc,0.7793387943127305,0.9691741466522217,0.12487495690584183,0.7793387943127305,,,,,roc_auc,0.777285394669702,0.970239520072937,0.12196622788906097,0.777285394669702,,,,
questions,SAGE,5,384,3e-05,9,1170,roc_auc,0.9551987831136819,0.979067862033844,0.0731261819601059,0.9551987831136819,,,,,roc_auc,0.7806300330776025,0.9644317030906677,0.13802406191825867,0.7806300330776025,,,,,roc_auc,0.7787704711746928,0.9648433923721313,0.13444408774375916,0.7787704711746928,,,,
questions,SAGE,5,384,6e-05,9,710,roc_auc,0.9554597671290603,0.9793949127197266,0.07251197844743729,0.9554597671290603,,,,,roc_auc,0.7797073238314601,0.9642682075500488,0.1383773237466812,0.7797073238314601,,,,,roc_auc,0.7778141299303408,0.9651704430580139,0.13466675579547882,0.7778141299303408,,,,
questions,SAGE,5,384,0.0001,9,470,roc_auc,0.9371067488699929,0.9761242866516113,0.08581111580133438,0.9371067488699929,,,,,roc_auc,0.7794119922183931,0.9636958241462708,0.13917510211467743,0.7794119922183931,,,,,roc_auc,0.7807078587607277,0.965006947517395,0.13513799011707306,0.7807078587607277,,,,
questions,SAGE,5,384,1e-05,9,2650,roc_auc,0.9455254605175808,0.9780458211898804,0.07740844786167145,0.9455254605175808,,,,,roc_auc,0.7805636469644228,0.9659035205841064,0.1337750107049942,0.7805636469644228,,,,,roc_auc,0.7818475256806023,0.966805636882782,0.13020718097686768,0.7818475256806023,,,,
questions,SAGE,5,512,3e-05,9,870,roc_auc,0.9387556644672659,0.9737530946731567,0.09355214983224869,0.9387556644672659,,,,,roc_auc,0.7772811711664906,0.9580539464950562,0.1491462141275406,0.7772811711664906,,,,,roc_auc,0.7780660295676146,0.9578121304512024,0.14645139873027802,0.7780660295676146,,,,
questions,SAGE,5,512,6e-05,9,570,roc_auc,0.9499210293888436,0.9705641865730286,0.09632943570613861,0.9499210293888436,,,,,roc_auc,0.7770747392180293,0.9517579674720764,0.16139471530914307,0.7770747392180293,,,,,roc_auc,0.7763886227254572,0.9519253969192505,0.15844660997390747,0.7763886227254572,,,,
questions,SAGE,5,512,0.0001,9,420,roc_auc,0.9482882773669536,0.9677023887634277,0.10551218688488007,0.9482882773669536,,,,,roc_auc,0.7753140640423948,0.9475061297416687,0.1714007407426834,0.7753140640423948,,,,,roc_auc,0.7743318656504483,0.9481644630432129,0.167690709233284,0.7743318656504483,,,,
questions,SAGE,5,512,1e-05,9,2040,roc_auc,0.9372340081626056,0.974938690662384,0.09227071702480316,0.9372340081626056,,,,,roc_auc,0.7772816329829302,0.9599345922470093,0.14637763798236847,0.7772816329829302,,,,,roc_auc,0.7773128704321545,0.9603466391563416,0.14363771677017212,0.7773128704321545,,,,
questions,GAT,1,256,3e-05,0,3310,roc_auc,0.9316707364240399,0.975674569606781,0.0783173069357872,0.9316707364240399,,,,,roc_auc,0.7597668981521569,0.9718724489212036,0.1211976632475853,0.7597668981521569,,,,,roc_auc,0.7684209979473988,0.9704030752182007,0.12448538094758987,0.7684209979473988,,,,
questions,GAT,1,256,6e-05,0,1900,roc_auc,0.9303471127813472,0.9753884077072144,0.0788939818739891,0.9303471127813472,,,,,roc_auc,0.7599172194032178,0.9717906713485718,0.120963454246521,0.7599172194032178,,,,,roc_auc,0.7678971113507224,0.9704848527908325,0.12428516149520874,0.7678971113507224,,,,
questions,GAT,1,256,0.0001,0,1280,roc_auc,0.9321359587597919,0.9757154583930969,0.07753618061542511,0.9321359587597919,,,,,roc_auc,0.7616953281494437,0.9719542264938354,0.1209230124950409,0.7616953281494437,,,,,roc_auc,0.768828516608983,0.9699942469596863,0.12452477216720581,0.768828516608983,,,,
questions,GAT,1,256,1e-05,0,5000,roc_auc,0.8550735154044646,0.9719951152801514,0.10215575248003006,0.8550735154044646,,,,,roc_auc,0.7558487320252383,0.9716271758079529,0.11778047680854797,0.7558487320252383,,,,,roc_auc,0.7658200360648243,0.9708118438720703,0.11979155242443085,0.7658200360648243,,,,
questions,GAT,1,384,3e-05,0,2280,roc_auc,0.949910292156625,0.9767375588417053,0.07114715129137039,0.949910292156625,,,,,roc_auc,0.762044461377714,0.971545398235321,0.12227369099855423,0.762044461377714,,,,,roc_auc,0.7616760445984729,0.9699125289916992,0.12668675184249878,0.7616760445984729,,,,
questions,GAT,1,384,6e-05,0,1290,roc_auc,0.9485123737942263,0.9766148924827576,0.07178031653165817,0.9485123737942263,,,,,roc_auc,0.7621298974190234,0.9718724489212036,0.12194053828716278,0.7621298974190234,,,,,roc_auc,0.7621149641314311,0.9697489738464355,0.12643687427043915,0.7621149641314311,,,,
questions,GAT,1,384,0.0001,0,910,roc_auc,0.9596986070461643,0.9780866503715515,0.0653396025300026,0.9596986070461643,,,,,roc_auc,0.7628364765714747,0.9716271758079529,0.12341999262571335,0.7628364765714747,,,,,roc_auc,0.7595188509128188,0.9695037007331848,0.12874408066272736,0.7595188509128188,,,,
questions,GAT,1,384,1e-05,0,4960,roc_auc,0.9362844269723891,0.9750613570213318,0.0780709758400917,0.9362844269723891,,,,,roc_auc,0.7606033631782207,0.9720360040664673,0.12069150805473328,0.7606033631782207,,,,,roc_auc,0.762883131036298,0.9704848527908325,0.12455277889966965,0.762883131036298,,,,
questions,GAT,1,512,3e-05,0,1720,roc_auc,0.91667062096993,0.9744071960449219,0.08502663671970367,0.91667062096993,,,,,roc_auc,0.7623453347880551,0.971545398235321,0.11862175166606903,0.7623453347880551,,,,,roc_auc,0.7663910239685622,0.9697489738464355,0.1226900964975357,0.7663910239685622,,,,
questions,GAT,1,512,6e-05,0,1040,roc_auc,0.9238766026473628,0.974938690662384,0.08211825788021088,0.9238766026473628,,,,,roc_auc,0.7624178399690582,0.9714636206626892,0.1191345676779747,0.7624178399690582,,,,,roc_auc,0.765524498451891,0.9696672558784485,0.1235181912779808,0.765524498451891,,,,
questions,GAT,1,512,0.0001,0,690,roc_auc,0.9151375347083919,0.9744071960449219,0.08517824858427048,0.9151375347083919,,,,,roc_auc,0.7614965161722345,0.9714636206626892,0.11876364797353745,0.7614965161722345,,,,,roc_auc,0.7644476332747645,0.9699942469596863,0.1228145882487297,0.7644476332747645,,,,
questions,GAT,1,512,1e-05,0,4120,roc_auc,0.924148699120817,0.9747751355171204,0.08236264437437057,0.924148699120817,,,,,roc_auc,0.7624755670239971,0.9713818430900574,0.11923692375421524,0.7624755670239971,,,,,roc_auc,0.7664764528098007,0.9698307514190674,0.12335191667079926,0.7664764528098007,,,,
questions,GAT,2,256,3e-05,0,2620,roc_auc,0.9004419871961392,0.9737530946731567,0.0891968160867691,0.9004419871961392,,,,,roc_auc,0.7777295949292555,0.970237135887146,0.12335401773452759,0.7777295949292555,,,,,roc_auc,0.7932260701116809,0.968604326248169,0.12392082065343857,0.7932260701116809,,,,
questions,GAT,2,256,6e-05,0,1580,roc_auc,0.9056828533328716,0.9740801453590393,0.08698496967554092,0.9056828533328716,,,,,roc_auc,0.7776127553700592,0.9705641865730286,0.12319736927747726,0.7776127553700592,,,,,roc_auc,0.7940030107894317,0.96844083070755,0.1234300434589386,0.7940030107894317,,,,
questions,GAT,2,256,0.0001,0,1100,roc_auc,0.9090587892327497,0.9746525287628174,0.08573124557733536,0.9090587892327497,,,,,roc_auc,0.7771419335099781,0.9704006314277649,0.12355207651853561,0.7771419335099781,,,,,roc_auc,0.7938268426654722,0.968604326248169,0.1237771213054657,0.7938268426654722,,,,
questions,GAT,2,256,1e-05,0,5000,roc_auc,0.8732821005720751,0.9724039435386658,0.09767790883779526,0.8732821005720751,,,,,roc_auc,0.7761687708178191,0.970237135887146,0.12141750007867813,0.7761687708178191,,,,,roc_auc,0.7899973216903827,0.9700760245323181,0.12219852209091187,0.7899973216903827,,,,
questions,GAT,2,384,3e-05,0,2410,roc_auc,0.927983016700437,0.975674569606781,0.08019118010997772,0.927983016700437,,,,,roc_auc,0.7847508211673566,0.9690106511116028,0.12633079290390015,0.7847508211673566,,,,,roc_auc,0.7875980411397593,0.9677867889404297,0.1289294958114624,0.7875980411397593,,,,
questions,GAT,2,384,6e-05,0,1560,roc_auc,0.9458873225614649,0.9773098826408386,0.07266706973314285,0.9458873225614649,,,,,roc_auc,0.7855153582829666,0.9684382677078247,0.12883561849594116,0.7855153582829666,,,,,roc_auc,0.7858480197825489,0.9679502844810486,0.13153184950351715,0.7858480197825489,,,,
questions,GAT,2,384,0.0001,0,1020,roc_auc,0.9348481778455109,0.976410448551178,0.07823061943054199,0.9348481778455109,,,,,roc_auc,0.7852895300440458,0.9679476618766785,0.12775376439094543,0.7852895300440458,,,,,roc_auc,0.7884702234310532,0.9677050113677979,0.12985843420028687,0.7884702234310532,,,,
questions,GAT,2,384,1e-05,0,4970,roc_auc,0.9105703144392683,0.9741210341453552,0.08672220259904861,0.9105703144392683,,,,,roc_auc,0.783900848010437,0.9694194793701172,0.12540008127689362,0.783900848010437,,,,,roc_auc,0.7878883837555903,0.9672144651412964,0.12794801592826843,0.7878883837555903,,,,
questions,GAT,2,512,3e-05,0,1530,roc_auc,0.9355475988431499,0.9754701852798462,0.07891128957271576,0.9355475988431499,,,,,roc_auc,0.7817245380392428,0.9690106511116028,0.13005873560905457,0.7817245380392428,,,,,roc_auc,0.7903695143716709,0.9671326875686646,0.13210362195968628,0.7903695143716709,,,,
questions,GAT,2,512,6e-05,0,850,roc_auc,0.9197757015280352,0.9744071960449219,0.08450605720281601,0.9197757015280352,,,,,roc_auc,0.7816178584417159,0.9694194793701172,0.12640996277332306,0.7816178584417159,,,,,roc_auc,0.7890734203168255,0.9681955575942993,0.12854917347431183,0.7890734203168255,,,,
questions,GAT,2,512,0.0001,0,630,roc_auc,0.9259312528502733,0.9748160243034363,0.0820729210972786,0.9259312528502733,,,,,roc_auc,0.7816709673322596,0.9694194793701172,0.12640519440174103,0.7816709673322596,,,,,roc_auc,0.7880102930209254,0.9681955575942993,0.12875303626060486,0.7880102930209254,,,,
questions,GAT,2,512,1e-05,0,3360,roc_auc,0.9256386921358433,0.9745707511901855,0.08252070844173431,0.9256386921358433,,,,,roc_auc,0.7810987767637059,0.9687653183937073,0.12923184037208557,0.7810987767637059,,,,,roc_auc,0.7910748795337894,0.967623233795166,0.13120560348033905,0.7910748795337894,,,,
questions,GAT,3,256,3e-05,0,2820,roc_auc,0.910180223865519,0.9754292964935303,0.08509015291929245,0.910180223865519,,,,,roc_auc,0.7832747403725704,0.9725266098976135,0.11512936651706696,0.7832747403725704,,,,,roc_auc,0.7929343421632891,0.971057116985321,0.11687645316123962,0.7929343421632891,,,,
questions,GAT,3,256,6e-05,0,1670,roc_auc,0.9109435198494478,0.9752657413482666,0.0851307362318039,0.9109435198494478,,,,,roc_auc,0.7825765893701401,0.9727718830108643,0.11497974395751953,0.7825765893701401,,,,,roc_auc,0.7932251465566404,0.9711388945579529,0.11648005992174149,0.7932251465566404,,,,
questions,GAT,3,256,0.0001,0,1270,roc_auc,0.929603703767845,0.9764513373374939,0.07832355797290802,0.929603703767845,,,,,roc_auc,0.7815786040443575,0.9725266098976135,0.11708781123161316,0.7815786040443575,,,,,roc_auc,0.7939589110362519,0.9708118438720703,0.11814185231924057,0.7939589110362519,,,,
questions,GAT,3,256,1e-05,0,5000,roc_auc,0.870389455576145,0.9738757014274597,0.09688841551542282,0.870389455576145,,,,,roc_auc,0.7808011360684411,0.9727718830108643,0.11360111087560654,0.7808011360684411,,,,,roc_auc,0.7897283362848613,0.9717112183570862,0.11549408733844757,0.7897283362848613,,,,
questions,GAT,3,384,3e-05,0,1820,roc_auc,0.9073032517650047,0.9744480848312378,0.08744381368160248,0.9073032517650047,,,,,roc_auc,0.7795971806106368,0.972281277179718,0.11651337146759033,0.7795971806106368,,,,,roc_auc,0.7897003987448887,0.9705665707588196,0.11924529820680618,0.7897003987448887,,,,
questions,GAT,3,384,6e-05,0,1200,roc_auc,0.9246931229759452,0.9754701852798462,0.08236922323703766,0.9246931229759452,,,,,roc_auc,0.7808242268904168,0.9716271758079529,0.11811427772045135,0.7808242268904168,,,,,roc_auc,0.7883284577323492,0.9698307514190674,0.1214786097407341,0.7883284577323492,,,,
questions,GAT,3,384,0.0001,0,890,roc_auc,0.9339801361203954,0.9761242866516113,0.07782530784606934,0.9339801361203954,,,,,roc_auc,0.7800662706590697,0.9718724489212036,0.11783760040998459,0.7800662706590697,,,,,roc_auc,0.7870197802400781,0.9704030752182007,0.12104616314172745,0.7870197802400781,,,,
questions,GAT,3,384,1e-05,0,4040,roc_auc,0.9033805252007459,0.9741619229316711,0.08833139389753342,0.9033805252007459,,,,,roc_auc,0.7799952663814951,0.9720360040664673,0.11587131023406982,0.7799952663814951,,,,,roc_auc,0.7906578944330411,0.9704030752182007,0.11862659454345703,0.7906578944330411,,,,
questions,GAT,3,512,3e-05,0,1640,roc_auc,0.9154487701250946,0.9746525287628174,0.08535122126340866,0.9154487701250946,,,,,roc_auc,0.787339302310814,0.9713000655174255,0.11774678528308868,0.787339302310814,,,,,roc_auc,0.7929658584790433,0.9690949320793152,0.1208280473947525,0.7929658584790433,,,,
questions,GAT,3,512,6e-05,0,1040,roc_auc,0.9213280974894503,0.9749795794487,0.0831092819571495,0.9213280974894503,,,,,roc_auc,0.7846732360055186,0.9712183475494385,0.1192774847149849,0.7846732360055186,,,,,roc_auc,0.7916551029879315,0.9682773351669312,0.12220688164234161,0.7916551029879315,,,,
questions,GAT,3,512,0.0001,0,750,roc_auc,0.9184051746532047,0.9752248525619507,0.08304016292095184,0.9184051746532047,,,,,roc_auc,0.7815012497907394,0.9717088937759399,0.11869735270738602,0.7815012497907394,,,,,roc_auc,0.790885781639264,0.9690131545066833,0.12142723053693771,0.790885781639264,,,,
questions,GAT,3,512,1e-05,0,3590,roc_auc,0.9124018495748403,0.9747751355171204,0.08635884523391724,0.9124018495748403,,,,,roc_auc,0.7890591067315519,0.9713000655174255,0.11725400388240814,0.7890591067315519,,,,,roc_auc,0.7938323839957148,0.9689313769340515,0.12058348953723907,0.7938323839957148,,,,
questions,GAT,4,256,3e-05,0,3100,roc_auc,0.9066300388503079,0.9744480848312378,0.08844643086194992,0.9066300388503079,,,,,roc_auc,0.7871208631349255,0.972281277179718,0.11388902366161346,0.7871208631349255,,,,,roc_auc,0.7948058110083143,0.971057116985321,0.11539775133132935,0.7948058110083143,,,,
questions,GAT,4,256,6e-05,0,1870,roc_auc,0.908556390673617,0.9745298624038696,0.08753857016563416,0.908556390673617,,,,,roc_auc,0.7871538830103504,0.9723630547523499,0.11383446305990219,0.7871538830103504,,,,,roc_auc,0.7960022765631746,0.9711388945579529,0.1148892492055893,0.7960022765631746,,,,
questions,GAT,4,256,0.0001,0,1380,roc_auc,0.9213918281581029,0.9754701852798462,0.08308052271604538,0.9213918281581029,,,,,roc_auc,0.7865359726142851,0.9716271758079529,0.1149180680513382,0.7865359726142851,,,,,roc_auc,0.7965472894814007,0.970975399017334,0.11582829058170319,0.7965472894814007,,,,
questions,GAT,4,256,1e-05,0,5000,roc_auc,0.8570494259044387,0.9733033776283264,0.1005001962184906,0.8570494259044387,,,,,roc_auc,0.7845185274982825,0.9726901054382324,0.1136576235294342,0.7845185274982825,,,,,roc_auc,0.7899631501538873,0.9715477228164673,0.11559351533651352,0.7899631501538873,,,,
questions,GAT,4,384,3e-05,0,2400,roc_auc,0.9150904582950892,0.9751839637756348,0.08440322428941727,0.9150904582950892,,,,,roc_auc,0.7845827199833746,0.9721177220344543,0.11633989214897156,0.7845827199833746,,,,,roc_auc,0.7929194498382623,0.9698307514190674,0.11850917339324951,0.7929194498382623,,,,
questions,GAT,4,384,6e-05,0,1380,roc_auc,0.9029939848408753,0.9747751355171204,0.08912681043148041,0.9029939848408753,,,,,roc_auc,0.7841121290315132,0.9719542264938354,0.11718623340129852,0.7841121290315132,,,,,roc_auc,0.7936865777437089,0.9697489738464355,0.1197756752371788,0.7936865777437089,,,,
questions,GAT,4,384,0.0001,0,1060,roc_auc,0.9217901737007084,0.9758381247520447,0.08307646214962006,0.9217901737007084,,,,,roc_auc,0.7832737012855815,0.9713818430900574,0.11951665580272675,0.7832737012855815,,,,,roc_auc,0.7930785321939742,0.9692584276199341,0.12259924411773682,0.7930785321939742,,,,
questions,GAT,4,384,1e-05,0,4830,roc_auc,0.8978653689624716,0.9746116399765015,0.08994518965482712,0.8978653689624716,,,,,roc_auc,0.7847404302974674,0.9719542264938354,0.11533963680267334,0.7847404302974674,,,,,roc_auc,0.792701606293104,0.97015780210495,0.11785683780908585,0.792701606293104,,,,
questions,GAT,4,512,3e-05,0,1420,roc_auc,0.9065706377107758,0.9752248525619507,0.08745817840099335,0.9065706377107758,,,,,roc_auc,0.7926448804761328,0.9714636206626892,0.11539387702941895,0.7926448804761328,,,,,roc_auc,0.7942341304382962,0.9699942469596863,0.11846359074115753,0.7942341304382962,,,,
questions,GAT,4,512,6e-05,0,920,roc_auc,0.9111997125192665,0.974938690662384,0.0852169394493103,0.9111997125192665,,,,,roc_auc,0.7906343626067228,0.9717906713485718,0.1162639781832695,0.7906343626067228,,,,,roc_auc,0.7938746366388137,0.9699942469596863,0.11946245282888412,0.7938746366388137,,,,
questions,GAT,4,512,0.0001,0,680,roc_auc,0.9104328663214589,0.974938690662384,0.08519073575735092,0.9104328663214589,,,,,roc_auc,0.7875284161427936,0.9721994996070862,0.11659986525774002,0.7875284161427936,,,,,roc_auc,0.7949055549526793,0.9699942469596863,0.11913196742534637,0.7949055549526793,,,,
questions,GAT,4,512,1e-05,0,3000,roc_auc,0.89771825156296,0.9747751355171204,0.09012521803379059,0.89771825156296,,,,,roc_auc,0.7930715988662407,0.971545398235321,0.11477701365947723,0.7930715988662407,,,,,roc_auc,0.7939402090466834,0.9704030752182007,0.11797704547643661,0.7939402090466834,,,,
questions,GAT,5,256,3e-05,0,2450,roc_auc,0.9031841666233713,0.9751430749893188,0.09064280986785889,0.9031841666233713,,,,,roc_auc,0.7843919897938567,0.9717906713485718,0.11557696014642715,0.7843919897938567,,,,,roc_auc,0.7954183588888709,0.970975399017334,0.11762643605470657,0.7954183588888709,,,,
questions,GAT,5,256,6e-05,0,1590,roc_auc,0.9185829451188887,0.975674569606781,0.0846995934844017,0.9185829451188887,,,,,roc_auc,0.7845266092859741,0.9721177220344543,0.11516047269105911,0.7845266092859741,,,,,roc_auc,0.797468881967357,0.9708936214447021,0.11688796430826187,0.797468881967357,,,,
questions,GAT,5,256,0.0001,0,950,roc_auc,0.8953336046504916,0.9741619229316711,0.09226961433887482,0.8953336046504916,,,,,roc_auc,0.7835591038451991,0.9720360040664673,0.11549775302410126,0.7835591038451991,,,,,roc_auc,0.7989377962591402,0.9708936214447021,0.11717475205659866,0.7989377962591402,,,,
questions,GAT,5,256,1e-05,0,4960,roc_auc,0.8861074069584192,0.9740392565727234,0.09579376876354218,0.8861074069584192,,,,,roc_auc,0.7837237414058846,0.9725266098976135,0.1156049370765686,0.7837237414058846,,,,,roc_auc,0.7944719458612035,0.9712206721305847,0.1175852045416832,0.7944719458612035,,,,
questions,GAT,5,384,3e-05,0,1400,roc_auc,0.8771871626575227,0.9735077619552612,0.09655199199914932,0.8771871626575227,,,,,roc_auc,0.7847787610619469,0.9721994996070862,0.11522132903337479,0.7847787610619469,,,,,roc_auc,0.7877810204821419,0.97015780210495,0.11901194602251053,0.7877810204821419,,,,
questions,GAT,5,384,6e-05,0,990,roc_auc,0.8978753268794485,0.9742436408996582,0.0913659930229187,0.8978753268794485,,,,,roc_auc,0.7846052335348007,0.9718724489212036,0.11612807214260101,0.7846052335348007,,,,,roc_auc,0.7895780277020334,0.970239520072937,0.11991402506828308,0.7895780277020334,,,,
questions,GAT,5,384,0.0001,0,800,roc_auc,0.9158467115783153,0.9752248525619507,0.08625051379203796,0.9158467115783153,,,,,roc_auc,0.7838876862419111,0.9717088937759399,0.11917595565319061,0.7838876862419111,,,,,roc_auc,0.7895212290670477,0.9689313769340515,0.12336748093366623,0.7895212290670477,,,,
questions,GAT,5,384,1e-05,0,3120,roc_auc,0.8730324310594648,0.973017156124115,0.09811405092477798,0.8730324310594648,,,,,roc_auc,0.7853747351771354,0.9717906713485718,0.11592906713485718,0.7853747351771354,,,,,roc_auc,0.7870022326943102,0.97015780210495,0.1198563352227211,0.7870022326943102,,,,
questions,GAT,5,512,3e-05,0,1400,roc_auc,0.9019983663243452,0.9742436408996582,0.09088831394910812,0.9019983663243452,,,,,roc_auc,0.7886981971840743,0.9714636206626892,0.11629591882228851,0.7886981971840743,,,,,roc_auc,0.7904454767737451,0.97015780210495,0.1195322647690773,0.7904454767737451,,,,
questions,GAT,5,512,6e-05,0,960,roc_auc,0.9117424622898014,0.9742845296859741,0.08837421238422394,0.9117424622898014,,,,,roc_auc,0.7875001298858736,0.9708095192909241,0.11889563500881195,0.7875001298858736,,,,,roc_auc,0.7908349861120411,0.9689313769340515,0.12286604940891266,0.7908349861120411,,,,
questions,GAT,5,512,0.0001,0,720,roc_auc,0.9081603253496816,0.9744071960449219,0.08721223473548889,0.9081603253496816,,,,,roc_auc,0.78471918674125,0.9717906713485718,0.11727812886238098,0.78471918674125,,,,,roc_auc,0.7912284205592588,0.9695037007331848,0.12125327438116074,0.7912284205592588,,,,
questions,GAT,5,512,1e-05,0,2850,roc_auc,0.8914309959648788,0.9739574790000916,0.09469130635261536,0.8914309959648788,,,,,roc_auc,0.789302483995174,0.9708095192909241,0.11697857081890106,0.789302483995174,,,,,roc_auc,0.7892425463336019,0.970239520072937,0.12019096314907074,0.7892425463336019,,,,
questions,GAT,1,256,3e-05,2,2210,roc_auc,0.8847329546438529,0.9732216000556946,0.09424900263547897,0.8847329546438529,,,,,roc_auc,0.7684081764600614,0.9700735807418823,0.11896000802516937,0.7684081764600614,,,,,roc_auc,0.7572770364965864,0.970239520072937,0.11974729597568512,0.7572770364965864,,,,
questions,GAT,1,256,6e-05,2,1150,roc_auc,0.873333131288641,0.9725674390792847,0.09744278341531754,0.873333131288641,,,,,roc_auc,0.767776411570811,0.9703189134597778,0.11868039518594742,0.767776411570811,,,,,roc_auc,0.7566574465088465,0.9703212976455688,0.11956971883773804,0.7566574465088465,,,,
questions,GAT,1,256,0.0001,2,820,roc_auc,0.8843173775753483,0.9730989336967468,0.09430081397294998,0.8843173775753483,,,,,roc_auc,0.7677062154720051,0.9699918031692505,0.11931049823760986,0.7677062154720051,,,,,roc_auc,0.7570320635221156,0.970239520072937,0.12003530561923981,0.7570320635221156,,,,
questions,GAT,1,256,1e-05,2,4980,roc_auc,0.8791329396348186,0.9728536605834961,0.09589071571826935,0.8791329396348186,,,,,roc_auc,0.7685328668987295,0.970237135887146,0.11859916150569916,0.7685328668987295,,,,,roc_auc,0.7567457614595865,0.9706483483314514,0.11945884674787521,0.7567457614595865,,,,
questions,GAT,1,384,3e-05,2,2390,roc_auc,0.9055637046914777,0.9739574790000916,0.08864802122116089,0.9055637046914777,,,,,roc_auc,0.7659919528485415,0.9700735807418823,0.12028604745864868,0.7659919528485415,,,,,roc_auc,0.7559838285512422,0.9708936214447021,0.12039849162101746,0.7559838285512422,,,,
questions,GAT,1,384,6e-05,2,1740,roc_auc,0.9528111632578841,0.9779231548309326,0.0691443383693695,0.9528111632578841,,,,,roc_auc,0.7658788078208614,0.9695829749107361,0.12468535453081131,0.7658788078208614,,,,,roc_auc,0.7543291642519551,0.9705665707588196,0.12460710853338242,0.7543291642519551,,,,
questions,GAT,1,384,0.0001,2,1020,roc_auc,0.9264368263974276,0.9752248525619507,0.08140990138053894,0.9264368263974276,,,,,roc_auc,0.7655914425413759,0.970237135887146,0.12175948172807693,0.7655914425413759,,,,,roc_auc,0.7556005532094692,0.9704030752182007,0.1218157410621643,0.7556005532094692,,,,
questions,GAT,1,384,1e-05,2,5000,roc_auc,0.8936969271888657,0.9734259843826294,0.09227234870195389,0.8936969271888657,,,,,roc_auc,0.7663029862205519,0.970237135887146,0.11937768757343292,0.7663029862205519,,,,,roc_auc,0.7563728761120179,0.9708118438720703,0.11968282610177994,0.7563728761120179,,,,
questions,GAT,1,512,3e-05,2,1280,roc_auc,0.8763720566417863,0.972894549369812,0.09736928343772888,0.8763720566417863,,,,,roc_auc,0.7698483510266756,0.9703189134597778,0.11836960911750793,0.7698483510266756,,,,,roc_auc,0.7545956098811154,0.9707301259040833,0.11911575496196747,0.7545956098811154,,,,
questions,GAT,1,512,6e-05,2,890,roc_auc,0.9093525910788609,0.9739574790000916,0.0879707932472229,0.9093525910788609,,,,,roc_auc,0.7699552615324223,0.9700735807418823,0.1200186014175415,0.7699552615324223,,,,,roc_auc,0.7551828754424406,0.9706483483314514,0.12040278315544128,0.7551828754424406,,,,
questions,GAT,1,512,0.0001,2,670,roc_auc,0.9278980136120394,0.9748569130897522,0.0813124030828476,0.9278980136120394,,,,,roc_auc,0.7705693619428617,0.9699100852012634,0.12109874188899994,0.7705693619428617,,,,,roc_auc,0.7555774643334587,0.971057116985321,0.12118443101644516,0.7555774643334587,,,,
questions,GAT,1,512,1e-05,2,3880,roc_auc,0.9212809344855654,0.9746116399765015,0.08354896306991577,0.9212809344855654,,,,,roc_auc,0.7704062252856045,0.9701553583145142,0.12058157473802567,0.7704062252856045,,,,,roc_auc,0.7546517158498207,0.9708936214447021,0.12096647918224335,0.7546517158498207,,,,
questions,GAT,2,256,3e-05,2,3420,roc_auc,0.9324599229921087,0.9757972359657288,0.07879891991615295,0.9324599229921087,,,,,roc_auc,0.7921051325124546,0.9650858640670776,0.1302032768726349,0.7921051325124546,,,,,roc_auc,0.7959405138198468,0.9654974937438965,0.1257268488407135,0.7959405138198468,,,,
questions,GAT,2,256,6e-05,2,1910,roc_auc,0.9255801569021354,0.9753884077072144,0.08203383535146713,0.9255801569021354,,,,,roc_auc,0.792520998216234,0.9653311371803284,0.12920469045639038,0.792520998216234,,,,,roc_auc,0.7959253906060599,0.965988039970398,0.12490883469581604,0.7959253906060599,,,,
questions,GAT,2,256,0.0001,2,1340,roc_auc,0.935500204931045,0.9764922261238098,0.07676474750041962,0.935500204931045,,,,,roc_auc,0.7914290332450109,0.9657399654388428,0.12853199243545532,0.7914290332450109,,,,,roc_auc,0.7944287696630641,0.9663968682289124,0.12449023872613907,0.7944287696630641,,,,
questions,GAT,2,256,1e-05,2,5000,roc_auc,0.862327381673969,0.9716271758079529,0.10152649879455566,0.862327381673969,,,,,roc_auc,0.7858175016885163,0.9675388336181641,0.12299656867980957,0.7858175016885163,,,,,roc_auc,0.7917952524653148,0.9692584276199341,0.11933136731386185,0.7917952524653148,,,,
questions,GAT,2,384,3e-05,2,1720,roc_auc,0.8931723903041638,0.9719133377075195,0.0955871120095253,0.8931723903041638,,,,,roc_auc,0.7845777554566499,0.965494692325592,0.12921737134456635,0.7845777554566499,,,,,roc_auc,0.7898733344262068,0.9667238593101501,0.12361455708742142,0.7898733344262068,,,,
questions,GAT,2,384,6e-05,2,980,roc_auc,0.8884450063211125,0.9717906713485718,0.09692167490720749,0.8884450063211125,,,,,roc_auc,0.7845174884112938,0.9659035205841064,0.1283244788646698,0.7845174884112938,,,,,roc_auc,0.7885951342502695,0.9677050113677979,0.12294312566518784,0.7885951342502695,,,,
questions,GAT,2,384,0.0001,2,640,roc_auc,0.8805147521488896,0.9717088937759399,0.09870595484972,0.8805147521488896,,,,,roc_auc,0.7831239573050701,0.9663941264152527,0.12664848566055298,0.7831239573050701,,,,,roc_auc,0.7856771621000718,0.9686861038208008,0.1219007670879364,0.7856771621000718,,,,
questions,GAT,2,384,1e-05,2,340,roc_auc,0.7515310369510879,0.9701553583145142,0.127120703458786,0.7515310369510879,,,,,roc_auc,0.7472863088743802,0.9701553583145142,0.1266755908727646,0.7472863088743802,,,,,roc_auc,0.7343912271506711,0.97015780210495,0.12755385041236877,0.7343912271506711,,,,
questions,GAT,2,512,3e-05,2,1750,roc_auc,0.9364216730455063,0.9753884077072144,0.07890044152736664,0.9364216730455063,,,,,roc_auc,0.7938959412107673,0.9660670757293701,0.13116642832756042,0.7938959412107673,,,,,roc_auc,0.7851648199414003,0.9657427668571472,0.127147376537323,0.7851648199414003,,,,
questions,GAT,2,512,6e-05,2,1010,roc_auc,0.9281496169809904,0.9744480848312378,0.08224804699420929,0.9281496169809904,,,,,roc_auc,0.7935737087900987,0.9659852981567383,0.1305588185787201,0.7935737087900987,,,,,roc_auc,0.7854187975775151,0.9659063220024109,0.12662579119205475,0.7854187975775151,,,,
questions,GAT,2,512,0.0001,2,810,roc_auc,0.9527571018709339,0.9775552153587341,0.06956826150417328,0.9527571018709339,,,,,roc_auc,0.793333564241553,0.966230571269989,0.13028420507907867,0.793333564241553,,,,,roc_auc,0.7837473938431203,0.966805636882782,0.12701992690563202,0.7837473938431203,,,,
questions,GAT,2,512,1e-05,2,4010,roc_auc,0.9356856530950362,0.9748978018760681,0.07980509102344513,0.9356856530950362,,,,,roc_auc,0.7939551691691344,0.9656582474708557,0.1329355686903,0.7939551691691344,,,,,roc_auc,0.7853529942808855,0.965006947517395,0.12877307832241058,0.7853529942808855,,,,
questions,GAT,3,256,3e-05,2,3420,roc_auc,0.9148496498854117,0.9762469530105591,0.08277711272239685,0.9148496498854117,,,,,roc_auc,0.7916654832620404,0.9708912372589111,0.11749640852212906,0.7916654832620404,,,,,roc_auc,0.7936393609922676,0.9716294407844543,0.11471279710531235,0.7936393609922676,,,,
questions,GAT,3,256,6e-05,2,1980,roc_auc,0.9073168464864428,0.9759607315063477,0.08513063937425613,0.9073168464864428,,,,,roc_auc,0.7919342604298356,0.9711365699768066,0.11638876050710678,0.7919342604298356,,,,,roc_auc,0.7919072335139654,0.9718747138977051,0.11422403901815414,0.7919072335139654,,,,
questions,GAT,3,256,0.0001,2,1460,roc_auc,0.9193288652592811,0.9769010543823242,0.08126406371593475,0.9193288652592811,,,,,roc_auc,0.7923184917075086,0.970237135887146,0.11873067915439606,0.7923184917075086,,,,,roc_auc,0.7912288823367789,0.9704030752182007,0.11680806428194046,0.7912288823367789,,,,
questions,GAT,3,256,1e-05,2,4990,roc_auc,0.8465951428455974,0.9737939834594727,0.10156519711017609,0.8465951428455974,,,,,roc_auc,0.7792228783864135,0.9718724489212036,0.1156330481171608,0.7792228783864135,,,,,roc_auc,0.7863991512529179,0.972774088382721,0.11292177438735962,0.7863991512529179,,,,
questions,GAT,3,384,3e-05,2,1630,roc_auc,0.9043706596470568,0.9752657413482666,0.0875716432929039,0.9043706596470568,,,,,roc_auc,0.7835439793568051,0.970237135887146,0.11939528584480286,0.7835439793568051,,,,,roc_auc,0.7917359140539679,0.9715477228164673,0.11494049429893494,0.7917359140539679,,,,
questions,GAT,3,384,6e-05,2,970,roc_auc,0.9023057051648398,0.9749795794487,0.08817628771066666,0.9023057051648398,,,,,roc_auc,0.7839794722592637,0.9699918031692505,0.11964970827102661,0.7839794722592637,,,,,roc_auc,0.7911829354735183,0.9712206721305847,0.11527898907661438,0.7911829354735183,,,,
questions,GAT,3,384,0.0001,2,740,roc_auc,0.9150126710885589,0.9759607315063477,0.08396760374307632,0.9150126710885589,,,,,roc_auc,0.7843429217971587,0.9700735807418823,0.12019318342208862,0.7843429217971587,,,,,roc_auc,0.7927382021615806,0.9708118438720703,0.11566764116287231,0.7927382021615806,,,,
questions,GAT,3,384,1e-05,2,3600,roc_auc,0.8974199470065636,0.9749795794487,0.08962352573871613,0.8974199470065636,,,,,roc_auc,0.7827303742444971,0.9705641865730286,0.11939602345228195,0.7827303742444971,,,,,roc_auc,0.7917878640249914,0.9716294407844543,0.11495350301265717,0.7917878640249914,,,,
questions,GAT,3,512,3e-05,2,1480,roc_auc,0.8946912468466596,0.974938690662384,0.0901016816496849,0.8946912468466596,,,,,roc_auc,0.7889414589935866,0.9706459641456604,0.11764583736658096,0.7889414589935866,,,,,roc_auc,0.7901090718502732,0.9711388945579529,0.1147242933511734,0.7901090718502732,,,,
questions,GAT,3,512,6e-05,2,920,roc_auc,0.8988841937550873,0.9751430749893188,0.08874373883008957,0.8988841937550873,,,,,roc_auc,0.7884880707040969,0.9712183475494385,0.11659210920333862,0.7884880707040969,,,,,roc_auc,0.790659972431882,0.9721199870109558,0.11370289325714111,0.790659972431882,,,,
questions,GAT,3,512,0.0001,2,660,roc_auc,0.8980741965837129,0.9748569130897522,0.08908743411302567,0.8980741965837129,,,,,roc_auc,0.7873925266554677,0.970973014831543,0.1171656996011734,0.7873925266554677,,,,,roc_auc,0.7902784287558098,0.9713023900985718,0.1143064945936203,0.7902784287558098,,,,
questions,GAT,3,512,1e-05,2,320,roc_auc,0.7522690484849535,0.9701553583145142,0.12545715272426605,0.7522690484849535,,,,,roc_auc,0.7504811550029152,0.9701553583145142,0.12494327127933502,0.7504811550029152,,,,,roc_auc,0.7395268858416704,0.97015780210495,0.12610049545764923,0.7395268858416704,,,,
questions,GAT,4,256,3e-05,2,2330,roc_auc,0.8976584751975708,0.9754701852798462,0.08817848563194275,0.8976584751975708,,,,,roc_auc,0.7848076245894162,0.9704824090003967,0.1185697391629219,0.7848076245894162,,,,,roc_auc,0.7947660981415763,0.9713841676712036,0.11378404498100281,0.7947660981415763,,,,
questions,GAT,4,256,6e-05,2,1480,roc_auc,0.911294558070531,0.9759607315063477,0.08396271616220474,0.911294558070531,,,,,roc_auc,0.7859883737711353,0.9695829749107361,0.12024900317192078,0.7859883737711353,,,,,roc_auc,0.7940392603247681,0.9706483483314514,0.1154775395989418,0.7940392603247681,,,,
questions,GAT,4,256,0.0001,2,1150,roc_auc,0.9325778305018213,0.9773916602134705,0.07670184969902039,0.9325778305018213,,,,,roc_auc,0.7873689740170525,0.9697465300559998,0.12132105976343155,0.7873689740170525,,,,,roc_auc,0.7931067006227069,0.9704848527908325,0.11727864295244217,0.7931067006227069,,,,
questions,GAT,4,256,1e-05,2,4830,roc_auc,0.8811142476144294,0.9747342467308044,0.09268548339605331,0.8811142476144294,,,,,roc_auc,0.7810352770032731,0.9706459641456604,0.11797492206096649,0.7810352770032731,,,,,roc_auc,0.7941265362760876,0.9722017645835876,0.1129581406712532,0.7941265362760876,,,,
questions,GAT,4,384,3e-05,2,1350,roc_auc,0.8883588198280888,0.9746525287628174,0.09175309538841248,0.8883588198280888,,,,,roc_auc,0.7818839801649838,0.9708912372589111,0.11785441637039185,0.7818839801649838,,,,,roc_auc,0.7938654010884096,0.9714659452438354,0.11385811865329742,0.7938654010884096,,,,
questions,GAT,4,384,6e-05,2,790,roc_auc,0.8820260753107159,0.9745707511901855,0.09354418516159058,0.8820260753107159,,,,,roc_auc,0.7833271565384549,0.9710547924041748,0.1179853230714798,0.7833271565384549,,,,,roc_auc,0.7919765001419967,0.9711388945579529,0.11439336836338043,0.7919765001419967,,,,
questions,GAT,4,384,0.0001,2,550,roc_auc,0.8762047347730462,0.9744071960449219,0.09486937522888184,0.8762047347730462,,,,,roc_auc,0.781532768762736,0.9712183475494385,0.1174851506948471,0.781532768762736,,,,,roc_auc,0.7912695187585572,0.9715477228164673,0.1138402447104454,0.7912695187585572,,,,
questions,GAT,4,384,1e-05,2,2820,roc_auc,0.8722253491043646,0.9744480848312378,0.09573209285736084,0.8722253491043646,,,,,roc_auc,0.7812810788032027,0.970973014831543,0.1171283945441246,0.7812810788032027,,,,,roc_auc,0.7917011652955722,0.971792995929718,0.11355241388082504,0.7917011652955722,,,,
questions,GAT,4,512,3e-05,2,1280,roc_auc,0.8782986105097876,0.9740801453590393,0.09509113430976868,0.8782986105097876,,,,,roc_auc,0.7864651992449301,0.9703189134597778,0.11730228364467621,0.7864651992449301,,,,,roc_auc,0.7912044081282079,0.9720382690429688,0.11363419890403748,0.7912044081282079,,,,
questions,GAT,4,512,6e-05,2,890,roc_auc,0.895065116117971,0.9748978018760681,0.0900835394859314,0.895065116117971,,,,,roc_auc,0.7882016290574904,0.9704824090003967,0.11613635718822479,0.7882016290574904,,,,,roc_auc,0.79495127092718,0.9723653197288513,0.11261696368455887,0.79495127092718,,,,
questions,GAT,4,512,0.0001,2,680,roc_auc,0.9011876187012566,0.9752248525619507,0.08837366849184036,0.9011876187012566,,,,,roc_auc,0.7870242280449578,0.9711365699768066,0.11756501346826553,0.7870242280449578,,,,,roc_auc,0.7952517726484558,0.9715477228164673,0.1139785423874855,0.7952517726484558,,,,
questions,GAT,4,512,1e-05,2,250,roc_auc,0.7439500603247724,0.9701553583145142,0.1268075555562973,0.7439500603247724,,,,,roc_auc,0.752049137269164,0.9701553583145142,0.1259186714887619,0.752049137269164,,,,,roc_auc,0.7342189841356332,0.97015780210495,0.12742409110069275,0.7342189841356332,,,,
questions,GAT,5,256,3e-05,2,2690,roc_auc,0.8870114703658165,0.9746116399765015,0.09195579588413239,0.8870114703658165,,,,,roc_auc,0.7811630847029076,0.9698283076286316,0.11980501562356949,0.7811630847029076,,,,,roc_auc,0.7955795192434236,0.97015780210495,0.11558298766613007,0.7955795192434236,,,,
questions,GAT,5,256,6e-05,2,1560,roc_auc,0.8852796587176512,0.9744889736175537,0.09231436252593994,0.8852796587176512,,,,,roc_auc,0.7827882167535458,0.9699918031692505,0.11882513761520386,0.7827882167535458,,,,,roc_auc,0.7969130172774059,0.9704030752182007,0.11481071263551712,0.7969130172774059,,,,
questions,GAT,5,256,0.0001,2,1090,roc_auc,0.8882714787939664,0.9745707511901855,0.0922820195555687,0.8882714787939664,,,,,roc_auc,0.7845920717662747,0.969501256942749,0.11984015256166458,0.7845920717662747,,,,,roc_auc,0.7973727167987735,0.9696672558784485,0.11568354815244675,0.7973727167987735,,,,
questions,GAT,5,256,1e-05,2,4790,roc_auc,0.8561109283087704,0.9742845296859741,0.09933459013700485,0.8561109283087704,,,,,roc_auc,0.7783363062766627,0.970973014831543,0.11747224628925323,0.7783363062766627,,,,,roc_auc,0.7936331269957446,0.9721199870109558,0.11350476741790771,0.7936331269957446,,,,
questions,GAT,5,384,3e-05,2,1470,roc_auc,0.8814676237812377,0.9744071960449219,0.09432246536016464,0.8814676237812377,,,,,roc_auc,0.7808896893707173,0.9703189134597778,0.11889093369245529,0.7808896893707173,,,,,roc_auc,0.7934892832981998,0.9708936214447021,0.11451084166765213,0.7934892832981998,,,,
questions,GAT,5,384,6e-05,2,830,roc_auc,0.8681507137950344,0.9741210341453552,0.09709306806325912,0.8681507137950344,,,,,roc_auc,0.7813078641566944,0.9708912372589111,0.11797358095645905,0.7813078641566944,,,,,roc_auc,0.7926557748742233,0.9711388945579529,0.11418303102254868,0.7926557748742233,,,,
questions,GAT,5,384,0.0001,2,700,roc_auc,0.8901388912941828,0.974366307258606,0.09253039211034775,0.8901388912941828,,,,,roc_auc,0.7812736897401705,0.969501256942749,0.1213776171207428,0.7812736897401705,,,,,roc_auc,0.7947298486062401,0.9699942469596863,0.11656465381383896,0.7947298486062401,,,,
questions,GAT,5,384,1e-05,2,260,roc_auc,0.7352193916722951,0.9701553583145142,0.1273341327905655,0.7352193916722951,,,,,roc_auc,0.7299551460783125,0.9701553583145142,0.12720490992069244,0.7299551460783125,,,,,roc_auc,0.7263986663865216,0.97015780210495,0.12790225446224213,0.7263986663865216,,,,
questions,GAT,5,512,3e-05,2,1230,roc_auc,0.8877575636873734,0.9744889736175537,0.09279423207044601,0.8877575636873734,,,,,roc_auc,0.7863550560241068,0.970237135887146,0.11813034862279892,0.7863550560241068,,,,,roc_auc,0.7887971619153609,0.9716294407844543,0.11484166234731674,0.7887971619153609,,,,
questions,GAT,5,512,6e-05,2,770,roc_auc,0.886822616305584,0.9744889736175537,0.09326764196157455,0.886822616305584,,,,,roc_auc,0.7867414809298674,0.9705641865730286,0.11850036680698395,0.7867414809298674,,,,,roc_auc,0.788968250486598,0.9714659452438354,0.11548680067062378,0.788968250486598,,,,
questions,GAT,5,512,0.0001,2,630,roc_auc,0.8979043635880828,0.9745298624038696,0.09210092574357986,0.8979043635880828,,,,,roc_auc,0.7864651992449301,0.9690106511116028,0.12180177867412567,0.7864651992449301,,,,,roc_auc,0.789638982334701,0.9696672558784485,0.1185581311583519,0.789638982334701,,,,
questions,GAT,5,512,1e-05,2,2640,roc_auc,0.8829151585473564,0.9739165902137756,0.09436099231243134,0.8829151585473564,,,,,roc_auc,0.7859581247943475,0.9696647524833679,0.11849203705787659,0.7859581247943475,,,,,roc_auc,0.7884554465504064,0.9715477228164673,0.11490967869758606,0.7884554465504064,,,,
questions,GAT,1,256,3e-05,1,3000,roc_auc,0.8637417522470255,0.9718724489212036,0.10054673254489899,0.8637417522470255,,,,,roc_auc,0.7729567220269123,0.9713818430900574,0.11512239277362823,0.7729567220269123,,,,,roc_auc,0.7745076874412676,0.970975399017334,0.11546703428030014,0.7745076874412676,,,,
questions,GAT,1,256,6e-05,1,1690,roc_auc,0.8588881480583505,0.9718315601348877,0.10178080946207047,0.8588881480583505,,,,,roc_auc,0.772722119275641,0.9713000655174255,0.11505641043186188,0.772722119275641,,,,,roc_auc,0.7732425324802763,0.970975399017334,0.11556053161621094,0.7732425324802763,,,,
questions,GAT,1,256,0.0001,1,1130,roc_auc,0.8606001593266714,0.9718724489212036,0.10131274908781052,0.8606001593266714,,,,,roc_auc,0.7729434448042763,0.9712183475494385,0.11509062349796295,0.7729434448042763,,,,,roc_auc,0.7728644521356056,0.970975399017334,0.11560073494911194,0.7728644521356056,,,,
questions,GAT,1,256,1e-05,1,4990,roc_auc,0.8195642473257942,0.9713818430900574,0.11013709008693695,0.8195642473257942,,,,,roc_auc,0.7695988546952299,0.9716271758079529,0.11488328874111176,0.7695988546952299,,,,,roc_auc,0.7675295364446364,0.9713023900985718,0.11572063714265823,0.7675295364446364,,,,
questions,GAT,1,384,3e-05,1,2000,roc_auc,0.9158351373038002,0.9740801453590393,0.08528442680835724,0.9158351373038002,,,,,roc_auc,0.767347730460835,0.9716271758079529,0.11717277765274048,0.767347730460835,,,,,roc_auc,0.7804882835498685,0.9713023900985718,0.11633265018463135,0.7804882835498685,,,,
questions,GAT,1,384,6e-05,1,1140,roc_auc,0.9149934479792644,0.9738757014274597,0.08545630425214767,0.9149934479792644,,,,,roc_auc,0.7676426002574627,0.9716271758079529,0.11715150624513626,0.7676426002574627,,,,,roc_auc,0.7801298287498066,0.9711388945579529,0.11643274128437042,0.7801298287498066,,,,
questions,GAT,1,384,0.0001,1,670,roc_auc,0.8863428178884598,0.9726492166519165,0.09475985914468765,0.8863428178884598,,,,,roc_auc,0.7682826778426246,0.9714636206626892,0.11573073267936707,0.7682826778426246,,,,,roc_auc,0.7775682334008298,0.9713023900985718,0.11540835350751877,0.7775682334008298,,,,
questions,GAT,1,384,1e-05,1,4610,roc_auc,0.9132521979576169,0.9737530946731567,0.08644598722457886,0.9132521979576169,,,,,roc_auc,0.7668101761252446,0.9716271758079529,0.11711291968822479,0.7668101761252446,,,,,roc_auc,0.7808776774437843,0.9715477228164673,0.11607746034860611,0.7808776774437843,,,,
questions,GAT,1,512,3e-05,1,1500,roc_auc,0.8860648621189293,0.972281277179718,0.0956791415810585,0.8860648621189293,,,,,roc_auc,0.7702696430736193,0.9718724489212036,0.11500759422779083,0.7702696430736193,,,,,roc_auc,0.7795065445419052,0.9714659452438354,0.11476358026266098,0.7795065445419052,,,,
questions,GAT,1,512,6e-05,1,850,roc_auc,0.8828488012977043,0.9721177220344543,0.0965413972735405,0.8828488012977043,,,,,roc_auc,0.7696430736193132,0.9718724489212036,0.11502735316753387,0.7696430736193132,,,,,roc_auc,0.7790438434666561,0.9715477228164673,0.1147468090057373,0.7790438434666561,,,,
questions,GAT,1,512,0.0001,1,560,roc_auc,0.8746593237852784,0.9719133377075195,0.09874451160430908,0.8746593237852784,,,,,roc_auc,0.7684396954320583,0.9718724489212036,0.11510499566793442,0.7684396954320583,,,,,roc_auc,0.7772664617913736,0.9714659452438354,0.11495038866996765,0.7772664617913736,,,,
questions,GAT,1,512,1e-05,1,3430,roc_auc,0.8789627602768589,0.9719951152801514,0.0975828692317009,0.8789627602768589,,,,,roc_auc,0.770690935120563,0.9720360040664673,0.11473575234413147,0.770690935120563,,,,,roc_auc,0.7793459614092526,0.9714659452438354,0.11447080224752426,0.7793459614092526,,,,
questions,GAT,2,256,3e-05,1,4810,roc_auc,0.9441276287457643,0.97759610414505,0.07379115372896194,0.9441276287457643,,,,,roc_auc,0.802445548955429,0.9677023887634277,0.12413129210472107,0.802445548955429,,,,,roc_auc,0.8046595660676643,0.9680320620536804,0.11981133371591568,0.8046595660676643,,,,
questions,GAT,2,256,6e-05,1,2920,roc_auc,0.9421037759266635,0.97759610414505,0.07502550631761551,0.9421037759266635,,,,,roc_auc,0.8017519006632838,0.9673753380775452,0.12558558583259583,0.8017519006632838,,,,,roc_auc,0.8040614487346142,0.9672144651412964,0.12152460217475891,0.8040614487346142,,,,
questions,GAT,2,256,0.0001,1,1970,roc_auc,0.9380313631089483,0.9766557812690735,0.07722963392734528,0.9380313631089483,,,,,roc_auc,0.8011365302576359,0.9672117829322815,0.1248345822095871,0.8011365302576359,,,,,roc_auc,0.8022537051873777,0.9675414562225342,0.12123525142669678,0.8022537051873777,,,,
questions,GAT,2,256,1e-05,1,5000,roc_auc,0.8237436283763111,0.9710547924041748,0.10999879986047745,0.8237436283763111,,,,,roc_auc,0.7909449341622938,0.9707277417182922,0.11531789600849152,0.7909449341622938,,,,,roc_auc,0.7890122347953981,0.9714659452438354,0.11362051963806152,0.7890122347953981,,,,
questions,GAT,2,384,3e-05,1,2170,roc_auc,0.9131038394264239,0.9734259843826294,0.08750545233488083,0.9131038394264239,,,,,roc_auc,0.794490760784857,0.9675388336181641,0.12245317548513412,0.794490760784857,,,,,roc_auc,0.8008014148863218,0.97015780210495,0.11748901754617691,0.8008014148863218,,,,
questions,GAT,2,384,6e-05,1,1390,roc_auc,0.9254694364107625,0.9750204682350159,0.08295971155166626,0.9254694364107625,,,,,roc_auc,0.794727672618326,0.9674570560455322,0.12381061911582947,0.794727672618326,,,,,roc_auc,0.8017148108212945,0.969421923160553,0.11848930269479752,0.8017148108212945,,,,
questions,GAT,2,384,0.0001,1,960,roc_auc,0.9195138516068326,0.9744480848312378,0.08621561527252197,0.9195138516068326,,,,,roc_auc,0.7953589756911372,0.9668029546737671,0.12468868494033813,0.7953589756911372,,,,,roc_auc,0.8012391799754797,0.9690131545066833,0.1194087490439415,0.8012391799754797,,,,
questions,GAT,2,384,1e-05,1,5000,roc_auc,0.9182971384698866,0.9739983677864075,0.08560332655906677,0.9182971384698866,,,,,roc_auc,0.7942102072978543,0.9674570560455322,0.12356950342655182,0.7942102072978543,,,,,roc_auc,0.8016849107268609,0.9698307514190674,0.11816803365945816,0.8016849107268609,,,,
questions,GAT,2,512,3e-05,1,1690,roc_auc,0.9328011764773797,0.9747751355171204,0.08127150684595108,0.9328011764773797,,,,,roc_auc,0.7938095815365787,0.9672117829322815,0.12613333761692047,0.7938095815365787,,,,,roc_auc,0.8059712451138166,0.967623233795166,0.11963226646184921,0.8059712451138166,,,,
questions,GAT,2,512,6e-05,1,1130,roc_auc,0.9522112059759048,0.9772281050682068,0.0726088359951973,0.9522112059759048,,,,,roc_auc,0.7939206483902811,0.9653311371803284,0.1296376734972,0.7939206483902811,,,,,roc_auc,0.8063231195842155,0.9659063220024109,0.12308661639690399,0.8063231195842155,,,,
questions,GAT,2,512,0.0001,1,790,roc_auc,0.9483371433189592,0.9768192768096924,0.07459103316068649,0.9483371433189592,,,,,roc_auc,0.793246627296815,0.9666393995285034,0.12816135585308075,0.793246627296815,,,,,roc_auc,0.8029387521386071,0.965988039970398,0.12268480658531189,0.8029387521386071,,,,
questions,GAT,2,512,1e-05,1,4150,roc_auc,0.9434476040385846,0.9759607315063477,0.07659123837947845,0.9434476040385846,,,,,roc_auc,0.7941797274128466,0.9663123488426208,0.12897871434688568,0.7941797274128466,,,,,roc_auc,0.8063493254584873,0.9668874144554138,0.12203469127416611,0.8063493254584873,,,,
questions,GAT,3,256,3e-05,1,3770,roc_auc,0.9254429396925457,0.9755927920341492,0.08117946982383728,0.9254429396925457,,,,,roc_auc,0.7986773577172414,0.9711365699768066,0.11606389284133911,0.7986773577172414,,,,,roc_auc,0.8062305331914137,0.9725288152694702,0.11208488047122955,0.8062305331914137,,,,
questions,GAT,3,256,6e-05,1,2440,roc_auc,0.93893103926017,0.9765740036964417,0.07593314349651337,0.93893103926017,,,,,roc_auc,0.7988971823424484,0.9707277417182922,0.11726407706737518,0.7988971823424484,,,,,roc_auc,0.8065493905691177,0.9723653197288513,0.11321870982646942,0.8065493905691177,,,,
questions,GAT,3,256,0.0001,1,1650,roc_auc,0.9353762072170365,0.9760016202926636,0.07734062522649765,0.9353762072170365,,,,,roc_auc,0.7987288502502468,0.9712183475494385,0.11630387604236603,0.7987288502502468,,,,,roc_auc,0.8063124987012507,0.972610592842102,0.11253982782363892,0.8063124987012507,,,,
questions,GAT,3,256,1e-05,1,5000,roc_auc,0.8405397768272056,0.972281277179718,0.104908786714077,0.8405397768272056,,,,,roc_auc,0.7928623960191423,0.9717088937759399,0.11297759413719177,0.7928623960191423,,,,,roc_auc,0.7928890879663087,0.9720382690429688,0.11079324036836624,0.7928890879663087,,,,
questions,GAT,3,384,3e-05,1,2350,roc_auc,0.9411285350605267,0.9773098826408386,0.07615634799003601,0.9411285350605267,,,,,roc_auc,0.7995164781878323,0.9697465300559998,0.12078665941953659,0.7995164781878323,,,,,roc_auc,0.8083410873475269,0.9703212976455688,0.11529137939214706,0.8083410873475269,,,,
questions,GAT,3,384,6e-05,1,1410,roc_auc,0.942411057040103,0.9772689938545227,0.07427790760993958,0.942411057040103,,,,,roc_auc,0.7995171709124915,0.9708912372589111,0.11844202131032944,0.7995171709124915,,,,,roc_auc,0.8069954676536393,0.9720382690429688,0.11353547126054764,0.8069954676536393,,,,
questions,GAT,3,384,0.0001,1,1080,roc_auc,0.9580836060936679,0.9789043664932251,0.06703732162714005,0.9580836060936679,,,,,roc_auc,0.7993673114778703,0.9707277417182922,0.11989105492830276,0.7993673114778703,,,,,roc_auc,0.8067043169271477,0.9717112183570862,0.11473917961120605,0.8067043169271477,,,,
questions,GAT,3,384,1e-05,1,4910,roc_auc,0.9302058835414393,0.9760016202926636,0.07971908897161484,0.9302058835414393,,,,,roc_auc,0.798609817062963,0.970973014831543,0.1177273541688919,0.798609817062963,,,,,roc_auc,0.8091510451179726,0.9720382690429688,0.11298579722642899,0.8091510451179726,,,,
questions,GAT,3,512,3e-05,1,1370,roc_auc,0.9239064186712387,0.9757972359657288,0.08259398490190506,0.9239064186712387,,,,,roc_auc,0.7983873369932286,0.9705641865730286,0.11754284054040909,0.7983873369932286,,,,,roc_auc,0.8144778797023382,0.9712206721305847,0.112586610019207,0.8144778797023382,,,,
questions,GAT,3,512,6e-05,1,910,roc_auc,0.9366468374232951,0.9767784476280212,0.0764305591583252,0.9366468374232951,,,,,roc_auc,0.7970510711255043,0.9707277417182922,0.11850809305906296,0.7970510711255043,,,,,roc_auc,0.8131327217859707,0.971792995929718,0.11327282339334488,0.8131327217859707,,,,
questions,GAT,3,512,0.0001,1,680,roc_auc,0.9388410427815205,0.9767784476280212,0.07536498457193375,0.9388410427815205,,,,,roc_auc,0.7981658960104832,0.970973014831543,0.11780965328216553,0.7981658960104832,,,,,roc_auc,0.811350953224246,0.9720382690429688,0.11283338814973831,0.811350953224246,,,,
questions,GAT,3,512,1e-05,1,3220,roc_auc,0.9300653181626634,0.9760833978652954,0.07960938662290573,0.9300653181626634,,,,,roc_auc,0.7976333062016175,0.970973014831543,0.11754921823740005,0.7976333062016175,,,,,roc_auc,0.812860850270948,0.9716294407844543,0.11299090087413788,0.812860850270948,,,,
questions,GAT,4,256,3e-05,1,3000,roc_auc,0.9291282348798411,0.9749795794487,0.08166340738534927,0.9291282348798411,,,,,roc_auc,0.8069376374625495,0.9720360040664673,0.11253868788480759,0.8069376374625495,,,,,roc_auc,0.8111489255591549,0.9734281897544861,0.10968130081892014,0.8111489255591549,,,,
questions,GAT,4,256,6e-05,1,1840,roc_auc,0.9350700229176407,0.9756336808204651,0.07897583395242691,0.9350700229176407,,,,,roc_auc,0.8069420247187249,0.972281277179718,0.11311415582895279,0.8069420247187249,,,,,roc_auc,0.810432015959031,0.972774088382721,0.11007537692785263,0.810432015959031,,,,
questions,GAT,4,256,0.0001,1,1230,roc_auc,0.9287793325597907,0.9755519032478333,0.08025684207677841,0.9287793325597907,,,,,roc_auc,0.8054773738808167,0.9720360040664673,0.11362189054489136,0.8054773738808167,,,,,roc_auc,0.8113673463262134,0.9728558659553528,0.10999073088169098,0.8113673463262134,,,,
questions,GAT,4,256,1e-05,1,4980,roc_auc,0.8754337610908105,0.9733442664146423,0.09641306102275848,0.8754337610908105,,,,,roc_auc,0.8024016763936753,0.9714636206626892,0.11302842944860458,0.8024016763936753,,,,,roc_auc,0.8098953150361687,0.972774088382721,0.10948070883750916,0.8098953150361687,,,,
questions,GAT,4,384,3e-05,1,2120,roc_auc,0.9367380461700985,0.9759607315063477,0.07949062436819077,0.9367380461700985,,,,,roc_auc,0.8003655277118729,0.9708095192909241,0.11653361469507217,0.8003655277118729,,,,,roc_auc,0.8072569491744572,0.9728558659553528,0.11187401413917542,0.8072569491744572,,,,
questions,GAT,4,384,6e-05,1,1200,roc_auc,0.9241847785301538,0.9752248525619507,0.08425015211105347,0.9241847785301538,,,,,roc_auc,0.7997021283965156,0.9705641865730286,0.11823112517595291,0.7997021283965156,,,,,roc_auc,0.8080408165150113,0.9715477228164673,0.11332282423973083,0.8080408165150113,,,,
questions,GAT,4,384,0.0001,1,980,roc_auc,0.950825294840933,0.9774325489997864,0.07224976271390915,0.950825294840933,,,,,roc_auc,0.7995633525564426,0.9704824090003967,0.1182880699634552,0.7995633525564426,,,,,roc_auc,0.8060541341786941,0.9720382690429688,0.11388623714447021,0.8060541341786941,,,,
questions,GAT,4,384,1e-05,1,4500,roc_auc,0.9243822050580446,0.9752657413482666,0.0836089551448822,0.9243822050580446,,,,,roc_auc,0.8008144132910772,0.9705641865730286,0.11582478135824203,0.8008144132910772,,,,,roc_auc,0.8071704813337982,0.9726923108100891,0.11136822402477264,0.8071704813337982,,,,
questions,GAT,4,512,3e-05,1,1770,roc_auc,0.9467539211102066,0.9771054983139038,0.07684166729450226,0.9467539211102066,,,,,roc_auc,0.799233615618632,0.9698283076286316,0.12111688405275345,0.799233615618632,,,,,roc_auc,0.8099628499984992,0.97015780210495,0.1163378655910492,0.8099628499984992,,,,
questions,GAT,4,512,6e-05,1,1010,roc_auc,0.9306373644135797,0.9758381247520447,0.08217013627290726,0.9306373644135797,,,,,roc_auc,0.7990378054482794,0.9693377017974854,0.12030038237571716,0.7990378054482794,,,,,roc_auc,0.8099120544712763,0.9704030752182007,0.11536311358213425,0.8099120544712763,,,,
questions,GAT,4,512,0.0001,1,710,roc_auc,0.9245540585005976,0.9753066301345825,0.08621527999639511,0.9245540585005976,,,,,roc_auc,0.7983240681410156,0.9686018228530884,0.1215229406952858,0.7983240681410156,,,,,roc_auc,0.806882332161188,0.9704030752182007,0.1166028380393982,0.806882332161188,,,,
questions,GAT,4,512,1e-05,1,3540,roc_auc,0.923503454964238,0.9751839637756348,0.08486581593751907,0.923503454964238,,,,,roc_auc,0.7997139047157231,0.9704006314277649,0.11800962686538696,0.7997139047157231,,,,,roc_auc,0.8120470828359605,0.9718747138977051,0.11321334540843964,0.8120470828359605,,,,
questions,GAT,5,256,3e-05,1,3240,roc_auc,0.943658885059661,0.9762060642242432,0.07550960034132004,0.943658885059661,,,,,roc_auc,0.8075179098187948,0.9718724489212036,0.11411883682012558,0.8075179098187948,,,,,roc_auc,0.8132176888496891,0.9726923108100891,0.11080863326787949,0.8132176888496891,,,,
questions,GAT,5,256,6e-05,1,2000,roc_auc,0.9503994712201767,0.9767784476280212,0.07237379997968674,0.9503994712201767,,,,,roc_auc,0.8067245091757153,0.9717906713485718,0.11422108113765717,0.8067245091757153,,,,,roc_auc,0.8139852785326558,0.9726923108100891,0.11072636395692825,0.8139852785326558,,,,
questions,GAT,5,256,0.0001,1,1450,roc_auc,0.9562738629213354,0.9779640436172485,0.06838870048522949,0.9562738629213354,,,,,roc_auc,0.8050852917236722,0.9714636206626892,0.11591848731040955,0.8050852917236722,,,,,roc_auc,0.8152585146002508,0.9720382690429688,0.11185116320848465,0.8152585146002508,,,,
questions,GAT,5,256,1e-05,1,4990,roc_auc,0.8768820751721709,0.9732216000556946,0.09641212970018387,0.8768820751721709,,,,,roc_auc,0.8012589116141062,0.9711365699768066,0.11425220221281052,0.8012589116141062,,,,,roc_auc,0.8088273390763066,0.9722835421562195,0.11024226248264313,0.8088273390763066,,,,
questions,GAT,5,384,3e-05,1,2020,roc_auc,0.9282351396128823,0.9755927920341492,0.08357376605272293,0.9282351396128823,,,,,roc_auc,0.7967461568213174,0.9707277417182922,0.11736619472503662,0.7967461568213174,,,,,roc_auc,0.8025143785975355,0.971792995929718,0.1140340194106102,0.8025143785975355,,,,
questions,GAT,5,384,6e-05,1,1230,roc_auc,0.9258617206125994,0.9753066301345825,0.08383876830339432,0.9258617206125994,,,,,roc_auc,0.7980593318670662,0.9704824090003967,0.11797474324703217,0.7980593318670662,,,,,roc_auc,0.8037874992207503,0.9713023900985718,0.11462090164422989,0.8037874992207503,,,,
questions,GAT,5,384,0.0001,1,830,roc_auc,0.9096007308245155,0.9744071960449219,0.08936501294374466,0.9096007308245155,,,,,roc_auc,0.7980594473211761,0.9701553583145142,0.11787716299295425,0.7980594473211761,,,,,roc_auc,0.8050827851649354,0.971057116985321,0.11433397978544235,0.8050827851649354,,,,
questions,GAT,5,384,1e-05,1,3680,roc_auc,0.8904117959464062,0.9731398224830627,0.09503819793462753,0.8904117959464062,,,,,roc_auc,0.795295014114265,0.9705641865730286,0.11674860864877701,0.795295014114265,,,,,roc_auc,0.8052162388682755,0.9718747138977051,0.11284729093313217,0.8052162388682755,,,,
questions,GAT,5,512,3e-05,1,2030,roc_auc,0.9339951162911521,0.9756336808204651,0.08179494738578796,0.9339951162911521,,,,,roc_auc,0.7992205693042158,0.9691741466522217,0.12121070921421051,0.7992205693042158,,,,,roc_auc,0.8087726184401618,0.97015780210495,0.11688760668039322,0.8087726184401618,,,,
questions,GAT,5,512,6e-05,1,1260,roc_auc,0.9337241454952693,0.9757154583930969,0.08086829632520676,0.9337241454952693,,,,,roc_auc,0.7988597752108482,0.9690106511116028,0.12155328691005707,0.7988597752108482,,,,,roc_auc,0.8098233931873962,0.9698307514190674,0.11667729914188385,0.8098233931873962,,,,
questions,GAT,5,512,0.0001,1,940,roc_auc,0.9377015684440826,0.9763287305831909,0.0817667618393898,0.9377015684440826,,,,,roc_auc,0.796650214456009,0.968274712562561,0.12410424649715424,0.796650214456009,,,,,roc_auc,0.8104313232927507,0.9691766500473022,0.1184590607881546,0.8104313232927507,,,,
questions,GAT,5,512,1e-05,1,4480,roc_auc,0.9323376859532757,0.9753884077072144,0.082144595682621,0.9323376859532757,,,,,roc_auc,0.800862673109006,0.9695829749107361,0.12078756839036942,0.800862673109006,,,,,roc_auc,0.8077541681193419,0.9706483483314514,0.11692267656326294,0.8077541681193419,,,,
questions,GAT,1,256,3e-05,3,4040,roc_auc,0.9551129718465154,0.9784955382347107,0.06706289947032928,0.9551129718465154,,,,,roc_auc,0.7597015511259663,0.9708912372589111,0.1238042339682579,0.7597015511259663,,,,,roc_auc,0.7529947426629324,0.9705665707588196,0.12522952258586884,0.7529947426629324,,,,
questions,GAT,1,256,6e-05,3,2520,roc_auc,0.9627330585525519,0.9795175790786743,0.06176268681883812,0.9627330585525519,,,,,roc_auc,0.7594625611185195,0.9704824090003967,0.1254982203245163,0.7594625611185195,,,,,roc_auc,0.7505796462322418,0.9705665707588196,0.12730666995048523,0.7505796462322418,,,,
questions,GAT,1,256,0.0001,3,1790,roc_auc,0.9707141702601758,0.9820932149887085,0.055345840752124786,0.9707141702601758,,,,,roc_auc,0.7597304146534356,0.9708095192909241,0.127298504114151,0.7597304146534356,,,,,roc_auc,0.749450715639712,0.9703212976455688,0.12957808375358582,0.749450715639712,,,,
questions,GAT,1,256,1e-05,3,5000,roc_auc,0.8413867481772682,0.9716680645942688,0.10566842555999756,0.8413867481772682,,,,,roc_auc,0.7420814066928748,0.971545398235321,0.1199643686413765,0.7420814066928748,,,,,roc_auc,0.7509666157941766,0.9714659452438354,0.11859145015478134,0.7509666157941766,,,,
questions,GAT,1,384,3e-05,3,2270,roc_auc,0.9391749072037592,0.9770646095275879,0.07508012652397156,0.9391749072037592,,,,,roc_auc,0.7569955376986531,0.9705641865730286,0.12228051573038101,0.7569955376986531,,,,,roc_auc,0.7625658898799148,0.9706483483314514,0.12148526310920715,0.7625658898799148,,,,
questions,GAT,1,384,6e-05,3,1230,roc_auc,0.9281290372859048,0.9757154583930969,0.0800456777215004,0.9281290372859048,,,,,roc_auc,0.7569410433587909,0.9707277417182922,0.12114324420690536,0.7569410433587909,,,,,roc_auc,0.7616380633974358,0.9706483483314514,0.1206749677658081,0.7616380633974358,,,,
questions,GAT,1,384,0.0001,3,880,roc_auc,0.9399461406577421,0.9771463871002197,0.07488198578357697,0.9399461406577421,,,,,roc_auc,0.7562263824186481,0.9701553583145142,0.1224692240357399,0.7562263824186481,,,,,roc_auc,0.7600836048200338,0.9707301259040833,0.12187722325325012,0.7600836048200338,,,,
questions,GAT,1,384,1e-05,3,4970,roc_auc,0.930778189564103,0.9760425090789795,0.07903555035591125,0.930778189564103,,,,,roc_auc,0.7566974351869491,0.9710547924041748,0.12122907489538193,0.7566974351869491,,,,,roc_auc,0.7631679323218865,0.9708936214447021,0.12018437683582306,0.7631679323218865,,,,
questions,GAT,1,512,3e-05,3,1640,roc_auc,0.921843715544164,0.9745707511901855,0.08259063959121704,0.921843715544164,,,,,roc_auc,0.7591178151464246,0.9711365699768066,0.12003063410520554,0.7591178151464246,,,,,roc_auc,0.7578090041998666,0.9708118438720703,0.12041179090738297,0.7578090041998666,,,,
questions,GAT,1,512,6e-05,3,970,roc_auc,0.9267175242020678,0.974938690662384,0.08082007616758347,0.9267175242020678,,,,,roc_auc,0.7594346212239289,0.9711365699768066,0.12016711384057999,0.7594346212239289,,,,,roc_auc,0.7566424387394397,0.9708118438720703,0.1206338033080101,0.7566424387394397,,,,
questions,GAT,1,512,0.0001,3,660,roc_auc,0.9249097148860757,0.9752248525619507,0.08158557116985321,0.9249097148860757,,,,,roc_auc,0.758646531469904,0.970973014831543,0.11997576802968979,0.758646531469904,,,,,roc_auc,0.7571648245591756,0.9708118438720703,0.12020231038331985,0.7571648245591756,,,,
questions,GAT,1,512,1e-05,3,4110,roc_auc,0.9347175126566568,0.9757154583930969,0.07704933732748032,0.9347175126566568,,,,,roc_auc,0.7590857189038787,0.970973014831543,0.12124019861221313,0.7590857189038787,,,,,roc_auc,0.7570376048523582,0.971057116985321,0.1216319128870964,0.7570376048523582,,,,
questions,GAT,2,256,3e-05,3,3950,roc_auc,0.9420525431654053,0.9771054983139038,0.07297936081886292,0.9420525431654053,,,,,roc_auc,0.7937627071679684,0.968192994594574,0.12486334145069122,0.7937627071679684,,,,,roc_auc,0.7784082067100891,0.9683590531349182,0.1273365169763565,0.7784082067100891,,,,
questions,GAT,2,256,6e-05,3,2330,roc_auc,0.9415216851681878,0.9775143265724182,0.07279413938522339,0.9415216851681878,,,,,roc_auc,0.7931949038555899,0.9684382677078247,0.12410584092140198,0.7931949038555899,,,,,roc_auc,0.779614600481634,0.9692584276199341,0.12564058601856232,0.779614600481634,,,,
questions,GAT,2,256,0.0001,3,1620,roc_auc,0.9454162409296365,0.977718710899353,0.07160549610853195,0.9454162409296365,,,,,roc_auc,0.7920290482540453,0.9672117829322815,0.12583357095718384,0.7920290482540453,,,,,roc_auc,0.7788822213345832,0.967623233795166,0.12782205641269684,0.7788822213345832,,,,
questions,GAT,2,256,1e-05,3,5000,roc_auc,0.8541674026866171,0.9717497825622559,0.10318449139595032,0.8541674026866171,,,,,roc_auc,0.7723662897089979,0.9697465300559998,0.12150624394416809,0.7723662897089979,,,,,roc_auc,0.7793160613148191,0.9695037007331848,0.1208619773387909,0.7793160613148191,,,,
questions,GAT,2,384,3e-05,3,2830,roc_auc,0.9289368985562464,0.9744889736175537,0.08226091414690018,0.9289368985562464,,,,,roc_auc,0.7818628520628763,0.9671300053596497,0.12817375361919403,0.7818628520628763,,,,,roc_auc,0.7839382234033465,0.9681137800216675,0.1262078732252121,0.7839382234033465,,,,
questions,GAT,2,384,6e-05,3,1740,roc_auc,0.9354020400741214,0.9751839637756348,0.07959471642971039,0.9354020400741214,,,,,roc_auc,0.7818082422689041,0.9672117829322815,0.12857019901275635,0.7818082422689041,,,,,roc_auc,0.7823280051903794,0.9677050113677979,0.12685440480709076,0.7823280051903794,,,,
questions,GAT,2,384,0.0001,3,1290,roc_auc,0.9466041771296954,0.976982831954956,0.07370271533727646,0.9466041771296954,,,,,roc_auc,0.7815391187387793,0.9659852981567383,0.12983101606369019,0.7815391187387793,,,,,roc_auc,0.7795578018466482,0.9679502844810486,0.12838350236415863,0.7795578018466482,,,,
questions,GAT,2,384,1e-05,3,5000,roc_auc,0.8895369135652808,0.971586287021637,0.09604306519031525,0.8895369135652808,,,,,roc_auc,0.7794616374856405,0.9681112170219421,0.12574979662895203,0.7794616374856405,,,,,roc_auc,0.7825879859342568,0.9678685069084167,0.12454510480165482,0.7825879859342568,,,,
questions,GAT,2,512,3e-05,3,1980,roc_auc,0.9558721980730709,0.9776778221130371,0.07077062875032425,0.9558721980730709,,,,,roc_auc,0.7832850157883495,0.9643499851226807,0.13400526344776154,0.7832850157883495,,,,,roc_auc,0.780281176332055,0.965006947517395,0.13418294489383698,0.780281176332055,,,,
questions,GAT,2,512,6e-05,3,1190,roc_auc,0.9576715215119871,0.97759610414505,0.06938482820987701,0.9576715215119871,,,,,roc_auc,0.7837627648950234,0.9641046524047852,0.13413579761981964,0.7837627648950234,,,,,roc_auc,0.7787760125049352,0.965006947517395,0.13411684334278107,0.7787760125049352,,,,
questions,GAT,2,512,0.0001,3,870,roc_auc,0.9616191861639796,0.9781275391578674,0.06733805686235428,0.9616191861639796,,,,,roc_auc,0.783000536861611,0.9630417227745056,0.1364133208990097,0.783000536861611,,,,,roc_auc,0.7756063716062238,0.9642711281776428,0.13726137578487396,0.7756063716062238,,,,
questions,GAT,2,512,1e-05,3,4470,roc_auc,0.9539372737821036,0.9772689938545227,0.07186611741781235,0.9539372737821036,,,,,roc_auc,0.7826444763867482,0.9644317030906677,0.13472607731819153,0.7826444763867482,,,,,roc_auc,0.7810442636841995,0.9654157161712646,0.13423332571983337,0.7810442636841995,,,,
questions,GAT,3,256,3e-05,3,3100,roc_auc,0.912259552384416,0.975674569606781,0.08493289351463318,0.912259552384416,,,,,roc_auc,0.7877677525125701,0.9704824090003967,0.12033120542764664,0.7877677525125701,,,,,roc_auc,0.7727277659896239,0.9700760245323181,0.12213153392076492,0.7727277659896239,,,,
questions,GAT,3,256,6e-05,3,1890,roc_auc,0.9172699721178326,0.9757972359657288,0.08287364989519119,0.9172699721178326,,,,,roc_auc,0.787793267870853,0.9704824090003967,0.1198631152510643,0.787793267870853,,,,,roc_auc,0.772739194983249,0.9704848527908325,0.12142354249954224,0.772739194983249,,,,
questions,GAT,3,256,0.0001,3,1370,roc_auc,0.9265350489814062,0.9766148924827576,0.08028758317232132,0.9265350489814062,,,,,roc_auc,0.7883175449838076,0.9693377017974854,0.12216784060001373,0.7883175449838076,,,,,roc_auc,0.7714077749481076,0.9695854783058167,0.12434044480323792,0.7714077749481076,,,,
questions,GAT,3,256,1e-05,3,5000,roc_auc,0.8655438465845788,0.9733033776283264,0.09779823571443558,0.8655438465845788,,,,,roc_auc,0.7793143180414366,0.9714636206626892,0.11754167079925537,0.7793143180414366,,,,,roc_auc,0.7757931606131482,0.9714659452438354,0.11663716286420822,0.7757931606131482,,,,
questions,GAT,3,384,3e-05,3,2290,roc_auc,0.9177129118103782,0.9758381247520447,0.08314452320337296,0.9177129118103782,,,,,roc_auc,0.7823595356435701,0.9707277417182922,0.1210796982049942,0.7823595356435701,,,,,roc_auc,0.7781207502037594,0.970239520072937,0.11982280761003494,0.7781207502037594,,,,
questions,GAT,3,384,6e-05,3,1460,roc_auc,0.9294020631649434,0.9769010543823242,0.07973796129226685,0.9294020631649434,,,,,roc_auc,0.7823207430626511,0.9698283076286316,0.12248992174863815,0.7823207430626511,,,,,roc_auc,0.7765430873059669,0.9698307514190674,0.12165099382400513,0.7765430873059669,,,,
questions,GAT,3,384,0.0001,3,1150,roc_auc,0.9525020060151592,0.9793949127197266,0.06984645128250122,0.9525020060151592,,,,,roc_auc,0.7821318601388914,0.9686836004257202,0.1251862645149231,0.7821318601388914,,,,,roc_auc,0.7736868778990971,0.969421923160553,0.12455328553915024,0.7736868778990971,,,,
questions,GAT,3,384,1e-05,3,4940,roc_auc,0.9150766326654313,0.9757154583930969,0.083867646753788,0.9150766326654313,,,,,roc_auc,0.7824285772012769,0.9706459641456604,0.11997940391302109,0.7824285772012769,,,,,roc_auc,0.7771863433916173,0.9706483483314514,0.11855655908584595,0.7771863433916173,,,,
questions,GAT,3,512,3e-05,3,1610,roc_auc,0.9368949483054223,0.9768601655960083,0.07625658810138702,0.9368949483054223,,,,,roc_auc,0.785506352862396,0.9698283076286316,0.12229367345571518,0.785506352862396,,,,,roc_auc,0.7760979337764858,0.971057116985321,0.1207544356584549,0.7760979337764858,,,,
questions,GAT,3,512,6e-05,3,970,roc_auc,0.9344033620236797,0.9767375588417053,0.07748729735612869,0.9344033620236797,,,,,roc_auc,0.7856315051175035,0.9698283076286316,0.12111695855855942,0.7856315051175035,,,,,roc_auc,0.7772193604843123,0.9708118438720703,0.11960353702306747,0.7772193604843123,,,,
questions,GAT,3,512,0.0001,3,810,roc_auc,0.9604985885735068,0.9792723059654236,0.06476643681526184,0.9604985885735068,,,,,roc_auc,0.7845000548407022,0.9694194793701172,0.1258111596107483,0.7845000548407022,,,,,roc_auc,0.7733388130932398,0.9698307514190674,0.12399760633707047,0.7733388130932398,,,,
questions,GAT,3,512,1e-05,3,3550,roc_auc,0.9312908924025423,0.9763696193695068,0.07845792174339294,0.9312908924025423,,,,,roc_auc,0.7853026918125718,0.9697465300559998,0.12189081311225891,0.7853026918125718,,,,,roc_auc,0.7752311773710544,0.9713023900985718,0.12003729492425919,0.7752311773710544,,,,
questions,GAT,4,256,3e-05,3,3450,roc_auc,0.9148678339077175,0.9757972359657288,0.08366753906011581,0.9148678339077175,,,,,roc_auc,0.7922202402600027,0.9714636206626892,0.11601240187883377,0.7922202402600027,,,,,roc_auc,0.7705605286429051,0.971792995929718,0.1171184852719307,0.7705605286429051,,,,
questions,GAT,4,256,6e-05,3,2260,roc_auc,0.9286088357030289,0.9766557812690735,0.07931581139564514,0.9286088357030289,,,,,roc_auc,0.792691754844743,0.9713000655174255,0.11662842333316803,0.792691754844743,,,,,roc_auc,0.7674562292633033,0.9714659452438354,0.11820761859416962,0.7674562292633033,,,,
questions,GAT,4,256,0.0001,3,1600,roc_auc,0.9320445191047687,0.9768601655960083,0.07800056040287018,0.9320445191047687,,,,,roc_auc,0.7930480462278257,0.9711365699768066,0.11766773462295532,0.7930480462278257,,,,,roc_auc,0.767108049013066,0.970975399017334,0.11954595148563385,0.767108049013066,,,,
questions,GAT,4,256,1e-05,3,5000,roc_auc,0.8559996305468485,0.9733850955963135,0.09968498349189758,0.8559996305468485,,,,,roc_auc,0.7764402034301416,0.971545398235321,0.11701606214046478,0.7764402034301416,,,,,roc_auc,0.7754306652597844,0.9722835421562195,0.11479353904724121,0.7754306652597844,,,,
questions,GAT,4,384,3e-05,3,2460,roc_auc,0.9184600730824516,0.9754701852798462,0.08482532203197479,0.9184600730824516,,,,,roc_auc,0.7846736978219582,0.9699918031692505,0.12042370438575745,0.7846736978219582,,,,,roc_auc,0.7733511656419054,0.9712206721305847,0.11873100697994232,0.7733511656419054,,,,
questions,GAT,4,384,6e-05,3,1540,roc_auc,0.9249281009530737,0.9755519032478333,0.08284004777669907,0.9249281009530737,,,,,roc_auc,0.7853541843455771,0.9695829749107361,0.12101248651742935,0.7853541843455771,,,,,roc_auc,0.7723688494120418,0.970975399017334,0.11938556283712387,0.7723688494120418,,,,
questions,GAT,4,384,0.0001,3,1170,roc_auc,0.9403105138285159,0.9771463871002197,0.07842733711004257,0.9403105138285159,,,,,roc_auc,0.7865766124609621,0.968274712562561,0.12293113023042679,0.7865766124609621,,,,,roc_auc,0.7717212064399493,0.9703212976455688,0.12149443477392197,0.7717212064399493,,,,
questions,GAT,4,384,1e-05,3,4970,roc_auc,0.9040574615104862,0.9747342467308044,0.08886260539293289,0.9040574615104862,,,,,roc_auc,0.7836050545809304,0.9699918031692505,0.11998536437749863,0.7836050545809304,,,,,roc_auc,0.774198642835868,0.9712206721305847,0.1179424598813057,0.774198642835868,,,,
questions,GAT,4,512,3e-05,3,1640,roc_auc,0.9211314214132739,0.9753884077072144,0.08364728838205338,0.9211314214132739,,,,,roc_auc,0.7880719740920978,0.9707277417182922,0.11808450520038605,0.7880719740920978,,,,,roc_auc,0.7752999822215654,0.9712206721305847,0.11706539988517761,0.7752999822215654,,,,
questions,GAT,4,512,6e-05,3,1080,roc_auc,0.9319732261919192,0.976287841796875,0.07916107773780823,0.9319732261919192,,,,,roc_auc,0.7893185321164471,0.9703189134597778,0.1186634823679924,0.7893185321164471,,,,,roc_auc,0.774873992459173,0.9714659452438354,0.11764087527990341,0.774873992459173,,,,
questions,GAT,4,512,0.0001,3,820,roc_auc,0.9385375427901794,0.9772281050682068,0.07572967559099197,0.9385375427901794,,,,,roc_auc,0.7904438633254247,0.9696647524833679,0.12040948867797852,0.7904438633254247,,,,,roc_auc,0.7747345356480702,0.9707301259040833,0.119920514523983,0.7747345356480702,,,,
questions,GAT,4,512,1e-05,3,3500,roc_auc,0.9143045910326791,0.9751430749893188,0.08521447330713272,0.9143045910326791,,,,,roc_auc,0.7869115448337172,0.9704824090003967,0.11810848116874695,0.7869115448337172,,,,,roc_auc,0.775899369442796,0.9714659452438354,0.11625967174768448,0.775899369442796,,,,
questions,GAT,5,256,3e-05,3,2340,roc_auc,0.9066208025215178,0.9752657413482666,0.0862654447555542,0.9066208025215178,,,,,roc_auc,0.7836052854891501,0.9704824090003967,0.119879812002182,0.7836052854891501,,,,,roc_auc,0.7698828701319991,0.9706483483314514,0.11861327290534973,0.7698828701319991,,,,
questions,GAT,5,256,6e-05,3,1570,roc_auc,0.9256761569944987,0.9764513373374939,0.08013012260198593,0.9256761569944987,,,,,roc_auc,0.7868590132137229,0.9697465300559998,0.12101361155509949,0.7868590132137229,,,,,roc_auc,0.7673592559840594,0.970239520072937,0.120856873691082,0.7673592559840594,,,,
questions,GAT,5,256,0.0001,3,1080,roc_auc,0.9231579585404291,0.9763287305831909,0.08025933802127838,0.9231579585404291,,,,,roc_auc,0.787905720173874,0.9706459641456604,0.12027674913406372,0.787905720173874,,,,,roc_auc,0.7670103830675419,0.9704030752182007,0.12052983790636063,0.7670103830675419,,,,
questions,GAT,5,256,1e-05,3,4810,roc_auc,0.889088749574263,0.974366307258606,0.09139139950275421,0.889088749574263,,,,,roc_auc,0.7813412303944489,0.9706459641456604,0.11912026256322861,0.7813412303944489,,,,,roc_auc,0.7732949442288201,0.970975399017334,0.11670885980129242,0.7732949442288201,,,,
questions,GAT,5,384,3e-05,3,1840,roc_auc,0.9274628959354381,0.9759607315063477,0.0824924111366272,0.9274628959354381,,,,,roc_auc,0.7869174329933211,0.9678658843040466,0.1249881461262703,0.7869174329933211,,,,,roc_auc,0.7706408779314214,0.9704848527908325,0.12205073237419128,0.7706408779314214,,,,
questions,GAT,5,384,6e-05,3,1200,roc_auc,0.9403801903838271,0.9768192768096924,0.0780922919511795,0.9403801903838271,,,,,roc_auc,0.7872359708824734,0.9666393995285034,0.12689830362796783,0.7872359708824734,,,,,roc_auc,0.769986770074046,0.9699942469596863,0.12444805353879929,0.769986770074046,,,,
questions,GAT,5,384,0.0001,3,820,roc_auc,0.9300263524005796,0.9766148924827576,0.08081463724374771,0.9300263524005796,,,,,roc_auc,0.7856774558532347,0.9677841663360596,0.12459766864776611,0.7856774558532347,,,,,roc_auc,0.7717410628733183,0.9699125289916992,0.12297277897596359,0.7717410628733183,,,,
questions,GAT,5,384,1e-05,3,3840,roc_auc,0.9117484947670426,0.9737939834594727,0.08964767307043076,0.9117484947670426,,,,,roc_auc,0.7857618528075553,0.9677023887634277,0.12556888163089752,0.7857618528075553,,,,,roc_auc,0.7742545179158133,0.9696672558784485,0.12226323038339615,0.7742545179158133,,,,
questions,GAT,5,512,3e-05,3,1670,roc_auc,0.9296181355315796,0.9760425090789795,0.0816325917840004,0.9296181355315796,,,,,roc_auc,0.7873797112492712,0.9695829749107361,0.12111315131187439,0.7873797112492712,,,,,roc_auc,0.7789177782036393,0.9708936214447021,0.11865455657243729,0.7789177782036393,,,,
questions,GAT,5,512,6e-05,3,1080,roc_auc,0.9371417026017583,0.976982831954956,0.07753597944974899,0.9371417026017583,,,,,roc_auc,0.7881241593497625,0.9692559242248535,0.12188905477523804,0.7881241593497625,,,,,roc_auc,0.7794162670367044,0.970975399017334,0.11931096762418747,0.7794162670367044,,,,
questions,GAT,5,512,0.0001,3,820,roc_auc,0.9424914419641053,0.977718710899353,0.07325340807437897,0.9424914419641053,,,,,roc_auc,0.7879281182711901,0.9695829749107361,0.12098940461874008,0.7879281182711901,,,,,roc_auc,0.7764516553569656,0.9713023900985718,0.11891264468431473,0.7764516553569656,,,,
questions,GAT,5,512,1e-05,3,3440,roc_auc,0.9160195175172747,0.9751430749893188,0.08512668311595917,0.9160195175172747,,,,,roc_auc,0.7851634541560594,0.9699100852012634,0.11940186470746994,0.7851634541560594,,,,,roc_auc,0.7788538220170904,0.971792995929718,0.11655376106500626,0.7788538220170904,,,,
