dataset,model,num_layers,hidden_dim,lr,split,best_step,train_metric_name,train_metric,train_acc,train_loss,train_roc_auc,train_f1_macro,train_f1_weighted,train_prec_macro,train_rec_macro,val_metric_name,val_metric,val_acc,val_loss,val_roc_auc,val_f1_macro,val_f1_weighted,val_prec_macro,val_rec_macro,test_metric_name,test_metric,test_acc,test_loss,test_roc_auc,test_f1_macro,test_f1_weighted,test_prec_macro,test_rec_macro
tolokers,ResNet,1,512,3e-05,0,230,roc_auc,0.739322953233928,0.7832964658737183,0.4549325704574585,0.739322953233928,,,,,roc_auc,0.7366529125916995,0.783599853515625,0.4617941081523895,0.7366529125916995,,,,,roc_auc,0.7219355039869425,0.7823129296302795,0.4693879187107086,0.7219355039869425,,,,
dataset,model,num_layers,hidden_dim,lr,split,best_step,train_metric_name,train_metric,train_acc,train_loss,train_roc_auc,train_f1_macro,train_f1_weighted,train_prec_macro,train_rec_macro,val_metric_name,val_metric,val_acc,val_loss,val_roc_auc,val_f1_macro,val_f1_weighted,val_prec_macro,val_rec_macro,test_metric_name,test_metric,test_acc,test_loss,test_roc_auc,test_f1_macro,test_f1_weighted,test_prec_macro,test_rec_macro
tolokers,ResNet,1,512,3e-05,1,460,roc_auc,0.7275188292778227,0.7817656397819519,0.4597148597240448,0.7275188292778227,,,,,roc_auc,0.7470102198343808,0.7822388410568237,0.4508277177810669,0.7470102198343808,,,,,roc_auc,0.7293007057471077,0.7826530933380127,0.46025213599205017,0.7293007057471077,,,,
tolokers,ResNet,1,512,3e-05,2,270,roc_auc,0.7269218819848768,0.7817656397819519,0.4640354812145233,0.7269218819848768,,,,,roc_auc,0.7300491236359636,0.781898558139801,0.46668246388435364,0.7300491236359636,,,,,roc_auc,0.7406365822644098,0.781632661819458,0.4539555013179779,0.7406365822644098,,,,
tolokers,ResNet,1,512,3e-05,3,1680,roc_auc,0.738241155852763,0.7826160788536072,0.450307160615921,0.738241155852763,,,,,roc_auc,0.7338752819042265,0.7842803597450256,0.457204133272171,0.7338752819042265,,,,,roc_auc,0.7333154388619116,0.7833333611488342,0.4599831700325012,0.7333154388619116,,,,
tolokers,ResNet,1,512,3e-05,4,850,roc_auc,0.7441660273225489,0.7834665775299072,0.44602328538894653,0.7441660273225489,,,,,roc_auc,0.7352564598667498,0.7812180519104004,0.4535861909389496,0.7352564598667498,,,,,roc_auc,0.7363768168988881,0.7823129296302795,0.4630945920944214,0.7363768168988881,,,,
tolokers,ResNet,1,512,3e-05,5,400,roc_auc,0.7390028572068158,0.7853376865386963,0.4554602801799774,0.7390028572068158,,,,,roc_auc,0.7295589734816548,0.7791765928268433,0.45613858103752136,0.7295589734816548,,,,,roc_auc,0.7159852533287784,0.7812924981117249,0.46473729610443115,0.7159852533287784,,,,
tolokers,ResNet,1,512,3e-05,7,440,roc_auc,0.739026260254096,0.7831264138221741,0.45097100734710693,0.739026260254096,,,,,roc_auc,0.7547409468180294,0.7853010892868042,0.4485620856285095,0.7547409468180294,,,,,roc_auc,0.711114771343902,0.7778911590576172,0.47178390622138977,0.711114771343902,,,,
tolokers,ResNet,1,512,3e-05,6,8100,roc_auc,0.7748731995764389,0.7873788475990295,0.42945536971092224,0.7748731995764389,,,,,roc_auc,0.7506052200312555,0.7849608659744263,0.45784100890159607,0.7506052200312555,,,,,roc_auc,0.740368165193084,0.7778911590576172,0.46528705954551697,0.740368165193084,,,,
tolokers,ResNet,1,512,3e-05,9,490,roc_auc,0.7407586793083822,0.7838068008422852,0.4505671560764313,0.7407586793083822,,,,,roc_auc,0.7168649670268796,0.7808778285980225,0.46153509616851807,0.7168649670268796,,,,,roc_auc,0.7335296302622624,0.7829931974411011,0.4513006806373596,0.7335296302622624,,,,
tolokers,ResNet,1,512,3e-05,8,8470,roc_auc,0.7786981563147187,0.791461169719696,0.4271276593208313,0.7786981563147187,,,,,roc_auc,0.7564540962839558,0.7863218784332275,0.45759087800979614,0.7564540962839558,,,,,roc_auc,0.7307444642368144,0.7741496562957764,0.474068284034729,0.7307444642368144,,,,
tolokers,ResNet,2,512,3e-05,0,140,roc_auc,0.7390560228250939,0.782275915145874,0.4508614242076874,0.7390560228250939,,,,,roc_auc,0.7366861776298729,0.7829193472862244,0.4597961902618408,0.7366861776298729,,,,,roc_auc,0.7203771937673014,0.7829931974411011,0.4675421714782715,0.7203771937673014,,,,
tolokers,ResNet,2,512,3e-05,1,810,roc_auc,0.7304070705693452,0.7826160788536072,0.45286205410957336,0.7304070705693452,,,,,roc_auc,0.7503217883284522,0.783599853515625,0.44919976592063904,0.7503217883284522,,,,,roc_auc,0.7293705212984879,0.781632661819458,0.45510080456733704,0.7293705212984879,,,,
tolokers,ResNet,2,512,3e-05,2,780,roc_auc,0.7461431608494831,0.7826160788536072,0.4472840428352356,0.7461431608494831,,,,,roc_auc,0.7317279897462218,0.7812180519104004,0.4617963433265686,0.7317279897462218,,,,,roc_auc,0.7423596029596371,0.7840136289596558,0.4414178133010864,0.7423596029596371,,,,
tolokers,ResNet,2,512,3e-05,3,170,roc_auc,0.7366041296542386,0.7827861905097961,0.4526975750923157,0.7366041296542386,,,,,roc_auc,0.73290991691887,0.781898558139801,0.4592812955379486,0.73290991691887,,,,,roc_auc,0.7338231267064141,0.7812924981117249,0.4590560495853424,0.7338231267064141,,,,
tolokers,ResNet,2,512,3e-05,4,460,roc_auc,0.7415328453289214,0.7841469645500183,0.4490649402141571,0.7415328453289214,,,,,roc_auc,0.7354105652476751,0.7808778285980225,0.4551195502281189,0.7354105652476751,,,,,roc_auc,0.7340254562412392,0.7806122303009033,0.4675007462501526,0.7340254562412392,,,,
tolokers,ResNet,2,512,3e-05,5,260,roc_auc,0.7382261473767897,0.7849974632263184,0.45725950598716736,0.7382261473767897,,,,,roc_auc,0.7286370567094225,0.7784960865974426,0.45719027519226074,0.7286370567094225,,,,,roc_auc,0.7151745795477037,0.781632661819458,0.4650775194168091,0.7151745795477037,,,,
tolokers,ResNet,2,512,3e-05,7,200,roc_auc,0.7375169332918183,0.7829563021659851,0.4508987069129944,0.7375169332918183,,,,,roc_auc,0.7540620684879615,0.7859815955162048,0.44833555817604065,0.7540620684879615,,,,,roc_auc,0.7094205580363799,0.7785714268684387,0.4722242057323456,0.7094205580363799,,,,
tolokers,ResNet,2,512,3e-05,8,3080,roc_auc,0.7699271012035949,0.7866984605789185,0.4335560202598572,0.7699271012035949,,,,,roc_auc,0.7509463563921146,0.7822388410568237,0.45569688081741333,0.7509463563921146,,,,,roc_auc,0.7263698082309146,0.7755101919174194,0.46917593479156494,0.7263698082309146,,,,
tolokers,ResNet,2,512,3e-05,6,6600,roc_auc,0.7794915704937093,0.790440559387207,0.42532452940940857,0.7794915704937093,,,,,roc_auc,0.7513730314225624,0.7839400768280029,0.4669381082057953,0.7513730314225624,,,,,roc_auc,0.7403762990437304,0.7819728255271912,0.47538602352142334,0.7403762990437304,,,,
tolokers,ResNet,3,512,3e-05,0,110,roc_auc,0.7381209184576781,0.7807450294494629,0.45053228735923767,0.7381209184576781,,,,,roc_auc,0.7342422156416283,0.7812180519104004,0.45985284447669983,0.7342422156416283,,,,,roc_auc,0.7204476871395687,0.7802721261978149,0.4671390950679779,0.7204476871395687,,,,
tolokers,ResNet,3,512,3e-05,1,460,roc_auc,0.7309412705616121,0.782446026802063,0.4526703655719757,0.7309412705616121,,,,,roc_auc,0.7496578453216458,0.783599853515625,0.4491145610809326,0.7496578453216458,,,,,roc_auc,0.7302571110189275,0.7823129296302795,0.45463451743125916,0.7302571110189275,,,,
tolokers,ResNet,2,512,3e-05,9,4290,roc_auc,0.7693938339414734,0.7899302840232849,0.43022286891937256,0.7693938339414734,,,,,roc_auc,0.7357802144983973,0.7832595705986023,0.4610944986343384,0.7357802144983973,,,,,roc_auc,0.7370753113231335,0.7795918583869934,0.460206538438797,0.7370753113231335,,,,
tolokers,ResNet,3,512,3e-05,2,150,roc_auc,0.7276970655292108,0.7817656397819519,0.45650187134742737,0.7276970655292108,,,,,roc_auc,0.7313023330332691,0.781898558139801,0.46090036630630493,0.7313023330332691,,,,,roc_auc,0.7400278991077166,0.781632661819458,0.44642534852027893,0.7400278991077166,,,,
tolokers,ResNet,3,512,3e-05,3,180,roc_auc,0.7357163401432809,0.7826160788536072,0.45345747470855713,0.7357163401432809,,,,,roc_auc,0.729721904280871,0.7825790643692017,0.46176236867904663,0.729721904280871,,,,,roc_auc,0.7323258203666198,0.7819728255271912,0.46147119998931885,0.7323258203666198,,,,
tolokers,ResNet,3,512,3e-05,4,350,roc_auc,0.739249097965156,0.7841469645500183,0.4512890875339508,0.739249097965156,,,,,roc_auc,0.7346637990846004,0.7815583348274231,0.4551919102668762,0.7346637990846004,,,,,roc_auc,0.7320821437576763,0.7829931974411011,0.470458984375,0.7320821437576763,,,,
tolokers,ResNet,3,512,3e-05,5,210,roc_auc,0.7381264300448999,0.7843170762062073,0.4564085006713867,0.7381264300448999,,,,,roc_auc,0.7275569612862844,0.7791765928268433,0.4560163915157318,0.7275569612862844,,,,,roc_auc,0.7147272177621609,0.7823129296302795,0.4643598198890686,0.7147272177621609,,,,
tolokers,ResNet,3,512,3e-05,7,170,roc_auc,0.7371080583136103,0.7829563021659851,0.45183229446411133,0.7371080583136103,,,,,roc_auc,0.7550579829981711,0.7853010892868042,0.44881492853164673,0.7550579829981711,,,,,roc_auc,0.7078225952948387,0.7778911590576172,0.4727060794830322,0.7078225952948387,,,,
tolokers,ResNet,3,512,3e-05,8,840,roc_auc,0.7468700120135643,0.781255304813385,0.4486039876937866,0.7468700120135643,,,,,roc_auc,0.7395690344585063,0.7829193472862244,0.44742274284362793,0.7395690344585063,,,,,roc_auc,0.7229732477652245,0.781632661819458,0.4613759219646454,0.7229732477652245,,,,
tolokers,ResNet,3,512,3e-05,6,4610,roc_auc,0.7770890272269018,0.7916312217712402,0.4258238971233368,0.7770890272269018,,,,,roc_auc,0.7508380752984689,0.7849608659744263,0.46463412046432495,0.7508380752984689,,,,,roc_auc,0.7402027768966106,0.7778911590576172,0.471836656332016,0.7402027768966106,,,,
tolokers,ResNet,4,512,3e-05,0,80,roc_auc,0.7339762048668841,0.782275915145874,0.4515824615955353,0.7339762048668841,,,,,roc_auc,0.7348206199788462,0.7839400768280029,0.4587894082069397,0.7348206199788462,,,,,roc_auc,0.7191937184982743,0.7850340008735657,0.4670162796974182,0.7191937184982743,,,,
tolokers,ResNet,3,512,3e-05,9,3950,roc_auc,0.7705572028135211,0.7901003956794739,0.42862245440483093,0.7705572028135211,,,,,roc_auc,0.7357839483292126,0.7822388410568237,0.4600895047187805,0.7357839483292126,,,,,roc_auc,0.7381442348622261,0.7778911590576172,0.45957788825035095,0.7381442348622261,,,,
tolokers,ResNet,4,512,3e-05,1,590,roc_auc,0.7305638540273931,0.782446026802063,0.45234641432762146,0.7305638540273931,,,,,roc_auc,0.7496985780214498,0.783599853515625,0.4495442807674408,0.7496985780214498,,,,,roc_auc,0.7303848802561621,0.7823129296302795,0.45410871505737305,0.7303848802561621,,,,
tolokers,ResNet,4,512,3e-05,3,250,roc_auc,0.7375836658940269,0.7831264138221741,0.45377317070961,0.7375836658940269,,,,,roc_auc,0.7311570530706346,0.7832595705986023,0.46138668060302734,0.7311570530706346,,,,,roc_auc,0.7364035908239319,0.7829931974411011,0.4625677764415741,0.7364035908239319,,,,
tolokers,ResNet,4,512,3e-05,2,900,roc_auc,0.7460414932636532,0.7826160788536072,0.44710248708724976,0.7460414932636532,,,,,roc_auc,0.7321427844058933,0.7815583348274231,0.4624604880809784,0.7321427844058933,,,,,roc_auc,0.7434190370063092,0.7829931974411011,0.4415530264377594,0.7434190370063092,,,,
tolokers,ResNet,4,512,3e-05,4,390,roc_auc,0.7399343154472999,0.7831264138221741,0.4507301449775696,0.7399343154472999,,,,,roc_auc,0.7339862785111927,0.7805375456809998,0.4560779333114624,0.7339862785111927,,,,,roc_auc,0.7339786866000233,0.7802721261978149,0.4686499536037445,0.7339786866000233,,,,
tolokers,ResNet,4,512,3e-05,5,130,roc_auc,0.7386324785455107,0.7819356918334961,0.45530250668525696,0.7386324785455107,,,,,roc_auc,0.7296485854212237,0.7771350741386414,0.4537901282310486,0.7296485854212237,,,,,roc_auc,0.7149664885353374,0.781632661819458,0.46254509687423706,0.7149664885353374,,,,
tolokers,ResNet,4,512,3e-05,7,170,roc_auc,0.7362044971838333,0.7843170762062073,0.4522479176521301,0.7362044971838333,,,,,roc_auc,0.7525529219602205,0.7853010892868042,0.4499821364879608,0.7525529219602205,,,,,roc_auc,0.7066479316973449,0.7789115905761719,0.47322890162467957,0.7066479316973449,,,,
tolokers,ResNet,4,512,3e-05,8,800,roc_auc,0.7501430468868182,0.7815955281257629,0.4451679587364197,0.7501430468868182,,,,,roc_auc,0.7401698417806164,0.7842803597450256,0.44714075326919556,0.7401698417806164,,,,,roc_auc,0.723852381455905,0.7829931974411011,0.45879578590393066,0.723852381455905,,,,
tolokers,ResNet,4,512,3e-05,6,4340,roc_auc,0.7764096605065776,0.7931621074676514,0.42569246888160706,0.7764096605065776,,,,,roc_auc,0.7511476438169798,0.781898558139801,0.4639863669872284,0.7511476438169798,,,,,roc_auc,0.7397791388421192,0.7785714268684387,0.47029057145118713,0.7397791388421192,,,,
tolokers,ResNet,5,512,3e-05,0,100,roc_auc,0.733785249568061,0.7819356918334961,0.45188888907432556,0.733785249568061,,,,,roc_auc,0.7339855996328626,0.7808778285980225,0.4595664143562317,0.7339855996328626,,,,,roc_auc,0.7190920453651964,0.7823129296302795,0.4680943191051483,0.7190920453651964,,,,
tolokers,ResNet,4,512,3e-05,9,3600,roc_auc,0.771327298738881,0.790440559387207,0.4283176064491272,0.771327298738881,,,,,roc_auc,0.7385510564025695,0.7812180519104004,0.46092480421066284,0.7385510564025695,,,,,roc_auc,0.741405231150479,0.7802721261978149,0.4578595757484436,0.741405231150479,,,,
tolokers,ResNet,5,512,3e-05,1,840,roc_auc,0.7312869742708933,0.782275915145874,0.4504120945930481,0.7312869742708933,,,,,roc_auc,0.7481439466455942,0.7839400768280029,0.4485887289047241,0.7481439466455942,,,,,roc_auc,0.7314568539892472,0.7826530933380127,0.4535834789276123,0.7314568539892472,,,,
tolokers,ResNet,5,512,3e-05,2,150,roc_auc,0.7287488459584294,0.7838068008422852,0.45590269565582275,0.7287488459584294,,,,,roc_auc,0.7308345858638522,0.7822388410568237,0.4620068669319153,0.7308345858638522,,,,,roc_auc,0.7421596457979172,0.7840136289596558,0.44490453600883484,0.7421596457979172,,,,
tolokers,ResNet,5,512,3e-05,3,140,roc_auc,0.7360879059156797,0.782446026802063,0.45395779609680176,0.7360879059156797,,,,,roc_auc,0.7298902661067278,0.7812180519104004,0.46194225549697876,0.7298902661067278,,,,,roc_auc,0.7323034522773426,0.7826530933380127,0.4610144793987274,0.7323034522773426,,,,
tolokers,ResNet,5,512,3e-05,5,150,roc_auc,0.737913767571788,0.7827861905097961,0.4551506042480469,0.737913767571788,,,,,roc_auc,0.7285046754350591,0.7771350741386414,0.45338207483291626,0.7285046754350591,,,,,roc_auc,0.7139795813235944,0.7812924981117249,0.4617057740688324,0.7139795813235944,,,,
tolokers,ResNet,5,512,3e-05,4,4700,roc_auc,0.7846989181008664,0.789590060710907,0.4186483919620514,0.7846989181008664,,,,,roc_auc,0.7526418550214593,0.776114284992218,0.4632273018360138,0.7526418550214593,,,,,roc_auc,0.7279779382857638,0.7795918583869934,0.4846014082431793,0.7279779382857638,,,,
tolokers,ResNet,5,512,3e-05,7,100,roc_auc,0.7371953957726636,0.7804048657417297,0.45371171832084656,0.7371953957726636,,,,,roc_auc,0.753808167992516,0.7870023846626282,0.45128700137138367,0.753808167992516,,,,,roc_auc,0.7069149931268962,0.776190459728241,0.4755839407444,0.7069149931268962,,,,
tolokers,ResNet,5,512,3e-05,6,4030,roc_auc,0.775452848964873,0.7918013334274292,0.4254947900772095,0.775452848964873,,,,,roc_auc,0.751900519885025,0.781898558139801,0.4591921865940094,0.751900519885025,,,,,roc_auc,0.7416844933559997,0.7778911590576172,0.46763142943382263,0.7416844933559997,,,,
tolokers,ResNet,5,512,3e-05,9,730,roc_auc,0.7457201253317975,0.7826160788536072,0.4455738961696625,0.7457201253317975,,,,,roc_auc,0.7210577195933792,0.7812180519104004,0.4583252966403961,0.7210577195933792,,,,,roc_auc,0.7366130374780726,0.781632661819458,0.4488135874271393,0.7366130374780726,,,,
tolokers,ResNet,5,512,3e-05,8,870,roc_auc,0.7496203788308923,0.7821058034896851,0.44461488723754883,0.7496203788308923,,,,,roc_auc,0.7401005961909495,0.7846205830574036,0.448394775390625,0.7401005961909495,,,,,roc_auc,0.7227048306938988,0.7819728255271912,0.45963799953460693,0.7227048306938988,,,,
tolokers,GCN,1,512,3e-05,0,2170,roc_auc,0.8477580898229304,0.8166354894638062,0.37996187806129456,0.8477580898229304,,,,,roc_auc,0.8144978540655987,0.8040149211883545,0.4197149872779846,0.8144978540655987,,,,,roc_auc,0.8052779879022529,0.7982993125915527,0.4275690019130707,0.8052779879022529,,,,
tolokers,GCN,1,512,3e-05,1,4700,roc_auc,0.8556106601219536,0.8191869258880615,0.3632962107658386,0.8556106601219536,,,,,roc_auc,0.8280665952486663,0.8060564398765564,0.4088614284992218,0.8280665952486663,,,,,roc_auc,0.8160448337847621,0.807823121547699,0.411205530166626,0.8160448337847621,,,,
tolokers,GCN,1,512,3e-05,2,3230,roc_auc,0.8514299940237435,0.8147644400596619,0.37906020879745483,0.8514299940237435,,,,,roc_auc,0.8126064990380295,0.8012929558753967,0.4241541028022766,0.8126064990380295,,,,,roc_auc,0.8223899151097122,0.8136054277420044,0.4122098684310913,0.8223899151097122,,,,
tolokers,GCN,1,512,3e-05,3,3560,roc_auc,0.8571589921630317,0.8202075362205505,0.36960744857788086,0.8571589921630317,,,,,roc_auc,0.8149791788016167,0.7965294122695923,0.42429298162460327,0.8149791788016167,,,,,roc_auc,0.8203747536121073,0.8010204434394836,0.4284040629863739,0.8203747536121073,,,,
tolokers,GCN,1,512,3e-05,4,6510,roc_auc,0.8720692770900449,0.8309236168861389,0.34448322653770447,0.8720692770900449,,,,,roc_auc,0.807415116448,0.8029941916465759,0.46054673194885254,0.807415116448,,,,,roc_auc,0.8250391780472792,0.8044217824935913,0.4431886374950409,0.8250391780472792,,,,
tolokers,GCN,1,512,3e-05,5,4550,roc_auc,0.8576434182830031,0.8273516297340393,0.36180078983306885,0.8576434182830031,,,,,roc_auc,0.8435178660410124,0.8111602067947388,0.3981640934944153,0.8435178660410124,,,,,roc_auc,0.8077510174091516,0.7993197441101074,0.43597495555877686,0.8077510174091516,,,,
tolokers,GCN,1,512,3e-05,6,4160,roc_auc,0.8619532251095025,0.824289858341217,0.3600205183029175,0.8619532251095025,,,,,roc_auc,0.8189214252643212,0.8033344149589539,0.4239310324192047,0.8189214252643212,,,,,roc_auc,0.8209461566200055,0.8017007112503052,0.4145108461380005,0.8209461566200055,,,,
tolokers,GCN,1,512,3e-05,7,2860,roc_auc,0.849317105863854,0.8229290843009949,0.3713502287864685,0.849317105863854,,,,,roc_auc,0.8292505590563048,0.8033344149589539,0.4024854004383087,0.8292505590563048,,,,,roc_auc,0.8069850798066314,0.7972789406776428,0.4333284795284271,0.8069850798066314,,,,
tolokers,GCN,1,512,3e-05,9,2830,roc_auc,0.8459616515632219,0.8196972608566284,0.3733536899089813,0.8459616515632219,,,,,roc_auc,0.8111455528717233,0.8036746978759766,0.4203302264213562,0.8111455528717233,,,,,roc_auc,0.8250018978984841,0.8040816187858582,0.40605852007865906,0.8250018978984841,,,,
tolokers,GCN,1,512,3e-05,8,5100,roc_auc,0.8593877084482288,0.8256506323814392,0.36254075169563293,0.8593877084482288,,,,,roc_auc,0.8197747753252167,0.7975501418113708,0.4261084198951721,0.8197747753252167,,,,,roc_auc,0.8270506115300045,0.8085033893585205,0.40849965810775757,0.8270506115300045,,,,
tolokers,GCN,2,512,3e-05,0,1040,roc_auc,0.8554558269178458,0.8237795829772949,0.3754572570323944,0.8554558269178458,,,,,roc_auc,0.8367691365618071,0.8097992539405823,0.40218931436538696,0.8367691365618071,,,,,roc_auc,0.8285333447207243,0.8122448921203613,0.41084760427474976,0.8285333447207243,,,,
tolokers,GCN,2,512,3e-05,1,1180,roc_auc,0.8531307850467417,0.8271815180778503,0.3735513687133789,0.8531307850467417,,,,,roc_auc,0.8405083984038213,0.8159237504005432,0.3971388638019562,0.8405083984038213,,,,,roc_auc,0.8400525717880103,0.82517009973526,0.39278268814086914,0.8400525717880103,,,,
tolokers,GCN,2,512,3e-05,2,3230,roc_auc,0.8734620975778187,0.8395985960960388,0.35902073979377747,0.8734620975778187,,,,,roc_auc,0.8273965423368894,0.8166042566299438,0.44117438793182373,0.8273965423368894,,,,,roc_auc,0.841934202570839,0.8207483291625977,0.423043429851532,0.841934202570839,,,,
tolokers,GCN,2,512,3e-05,3,2590,roc_auc,0.8678256941038567,0.8297329545021057,0.3574727475643158,0.8678256941038567,,,,,roc_auc,0.8265669530175463,0.8080979585647583,0.42427900433540344,0.8265669530175463,,,,,roc_auc,0.8314794932068792,0.8057823181152344,0.42138341069221497,0.8314794932068792,,,,
tolokers,GCN,2,512,3e-05,4,1040,roc_auc,0.8628823939214486,0.8293927907943726,0.3623180687427521,0.8628823939214486,,,,,roc_auc,0.8236647481565059,0.8040149211883545,0.4257213771343231,0.8236647481565059,,,,,roc_auc,0.8498823302939844,0.8176870942115784,0.389860600233078,0.8498823302939844,,,,
tolokers,GCN,2,512,3e-05,5,940,roc_auc,0.850930135459551,0.8278619050979614,0.3732450008392334,0.850930135459551,,,,,roc_auc,0.8361011202850201,0.8210275173187256,0.39700445532798767,0.8361011202850201,,,,,roc_auc,0.8211983059900387,0.8074830174446106,0.41878101229667664,0.8211983059900387,,,,
tolokers,GCN,2,512,3e-05,6,1930,roc_auc,0.8605731236691637,0.8270114064216614,0.37310850620269775,0.8605731236691637,,,,,roc_auc,0.835579062849198,0.8128615021705627,0.4089849889278412,0.835579062849198,,,,,roc_auc,0.8278131600280888,0.7982993125915527,0.42433246970176697,0.8278131600280888,,,,
tolokers,GCN,2,512,3e-05,7,1950,roc_auc,0.8556793429781021,0.8232693076133728,0.37424546480178833,0.8556793429781021,,,,,roc_auc,0.835688362260339,0.8080979585647583,0.4073564410209656,0.835688362260339,,,,,roc_auc,0.8195234105778016,0.7969387769699097,0.43313661217689514,0.8195234105778016,,,,
tolokers,GCN,2,512,3e-05,8,1060,roc_auc,0.8541167656038968,0.8219085335731506,0.375765860080719,0.8541167656038968,,,,,roc_auc,0.8304671090237865,0.8053759336471558,0.4139310419559479,0.8304671090237865,,,,,roc_auc,0.8349465470448364,0.8102040886878967,0.40217459201812744,0.8349465470448364,,,,
tolokers,GCN,2,512,3e-05,9,1910,roc_auc,0.855148534731818,0.8111923933029175,0.3859935700893402,0.855148534731818,,,,,roc_auc,0.8243768915247469,0.7910853624343872,0.44085898995399475,0.8243768915247469,,,,,roc_auc,0.8357562040945804,0.7982993125915527,0.4240712821483612,0.8357562040945804,,,,
tolokers,GCN,3,512,3e-05,0,860,roc_auc,0.8572064766067888,0.8270114064216614,0.3714151382446289,0.8572064766067888,,,,,roc_auc,0.8462544245895163,0.820347011089325,0.3871515989303589,0.8462544245895163,,,,,roc_auc,0.8353901808154999,0.8156462907791138,0.3961009085178375,0.8353901808154999,,,,
tolokers,GCN,3,512,3e-05,2,1750,roc_auc,0.8744089882625239,0.8346657752990723,0.3535498380661011,0.8744089882625239,,,,,roc_auc,0.8378030682585007,0.818305492401123,0.40557190775871277,0.8378030682585007,,,,,roc_auc,0.8519063034631225,0.8285714387893677,0.3981747627258301,0.8519063034631225,,,,
tolokers,GCN,3,512,3e-05,1,1960,roc_auc,0.8641168198718328,0.8297329545021057,0.36192288994789124,0.8641168198718328,,,,,roc_auc,0.8469170098396624,0.818305492401123,0.3952440023422241,0.8469170098396624,,,,,roc_auc,0.8516453424215557,0.8214285969734192,0.3797752261161804,0.8516453424215557,,,,
tolokers,GCN,3,512,3e-05,4,1190,roc_auc,0.8661174412396967,0.8353461623191833,0.356965571641922,0.8661174412396967,,,,,roc_auc,0.8236912244113787,0.8091187477111816,0.42212772369384766,0.8236912244113787,,,,,roc_auc,0.8522513142947004,0.8214285969734192,0.38303911685943604,0.8522513142947004,,,,
tolokers,GCN,3,512,3e-05,3,1390,roc_auc,0.8615406192107136,0.8300731778144836,0.3701855540275574,0.8615406192107136,,,,,roc_auc,0.8306028846898,0.8155835270881653,0.4118342101573944,0.8306028846898,,,,,roc_auc,0.8387362436250946,0.8193877935409546,0.40465134382247925,0.8387362436250946,,,,
tolokers,GCN,3,512,3e-05,5,860,roc_auc,0.8596840622534624,0.8339853882789612,0.36426666378974915,0.8596840622534624,,,,,roc_auc,0.8461688859199277,0.818305492401123,0.38900887966156006,0.8461688859199277,,,,,roc_auc,0.8306559408289479,0.8112245202064514,0.40650510787963867,0.8306559408289479,,,,
tolokers,GCN,3,512,3e-05,6,1800,roc_auc,0.8721396558191847,0.8310937285423279,0.3546982407569885,0.8721396558191847,,,,,roc_auc,0.8515924448988403,0.8295338153839111,0.38764339685440063,0.8515924448988403,,,,,roc_auc,0.8375466679680826,0.8085033893585205,0.40538662672042847,0.8375466679680826,,,,
tolokers,GCN,3,512,3e-05,7,1250,roc_auc,0.8607849382057801,0.8275216817855835,0.3697585165500641,0.8607849382057801,,,,,roc_auc,0.8398010071838904,0.8060564398765564,0.4075678288936615,0.8398010071838904,,,,,roc_auc,0.8319071981866937,0.8040816187858582,0.4211239814758301,0.8319071981866937,,,,
tolokers,GCN,3,512,3e-05,8,1250,roc_auc,0.865606474707411,0.8344956636428833,0.36178866028785706,0.865606474707411,,,,,roc_auc,0.8379435960728246,0.8149030208587646,0.40660515427589417,0.8379435960728246,,,,,roc_auc,0.8463081807558516,0.8187074661254883,0.3919832110404968,0.8463081807558516,,,,
tolokers,GCN,4,512,3e-05,0,720,roc_auc,0.850167925343601,0.8203776478767395,0.3778568506240845,0.850167925343601,,,,,roc_auc,0.8424055238971961,0.8210275173187256,0.3884618580341339,0.8424055238971961,,,,,roc_auc,0.8304393770554919,0.8170068264007568,0.40146738290786743,0.8304393770554919,,,,
tolokers,GCN,3,512,3e-05,9,1920,roc_auc,0.871835077029943,0.8358564376831055,0.3530725836753845,0.871835077029943,,,,,roc_auc,0.8359266485541929,0.8149030208587646,0.4140094816684723,0.8359266485541929,,,,,roc_auc,0.8442764126465109,0.8129251599311829,0.40111541748046875,0.8442764126465109,,,,
tolokers,GCN,4,512,3e-05,1,1380,roc_auc,0.8608645594427224,0.8276917934417725,0.37051308155059814,0.8608645594427224,,,,,roc_auc,0.8447500302100857,0.8172847628593445,0.40015485882759094,0.8447500302100857,,,,,roc_auc,0.8426025339656048,0.8214285969734192,0.39323872327804565,0.8426025339656048,,,,
tolokers,GCN,4,512,3e-05,2,1190,roc_auc,0.8629282672858638,0.8220785856246948,0.37050947546958923,0.8629282672858638,,,,,roc_auc,0.8283408620940138,0.7965294122695923,0.41695520281791687,0.8283408620940138,,,,,roc_auc,0.8410618470890303,0.8074830174446106,0.4092077314853668,0.8410618470890303,,,,
tolokers,GCN,4,512,3e-05,3,970,roc_auc,0.8566324235992261,0.8248001337051392,0.3714977502822876,0.8566324235992261,,,,,roc_auc,0.8256117712071406,0.814222514629364,0.40797385573387146,0.8256117712071406,,,,,roc_auc,0.8374212711039535,0.8221088647842407,0.39419418573379517,0.8374212711039535,,,,
tolokers,GCN,4,512,3e-05,4,1030,roc_auc,0.8636356159105447,0.832794725894928,0.36272770166397095,0.8636356159105447,,,,,roc_auc,0.8241189177593212,0.8118407130241394,0.4226803481578827,0.8241189177593212,,,,,roc_auc,0.8537228634407815,0.8217687010765076,0.38264667987823486,0.8537228634407815,,,,
tolokers,GCN,4,512,3e-05,5,860,roc_auc,0.8595229543192868,0.8319442272186279,0.3660193085670471,0.8595229543192868,,,,,roc_auc,0.8465259759215434,0.818305492401123,0.3892386555671692,0.8465259759215434,,,,,roc_auc,0.8264060038662903,0.8047618865966797,0.4083253741264343,0.8264060038662903,,,,
tolokers,GCN,4,512,3e-05,6,1210,roc_auc,0.8585696193172144,0.8237795829772949,0.37350767850875854,0.8585696193172144,,,,,roc_auc,0.8442456236108452,0.8169445395469666,0.3921929895877838,0.8442456236108452,,,,,roc_auc,0.8266981446686676,0.7959184050559998,0.4111124873161316,0.8266981446686676,,,,
tolokers,GCN,4,512,3e-05,7,1150,roc_auc,0.8592827339100657,0.8310937285423279,0.38116738200187683,0.8592827339100657,,,,,roc_auc,0.840884496998679,0.8145627379417419,0.41922810673713684,0.840884496998679,,,,,roc_auc,0.826958427889347,0.8139455914497375,0.4333227872848511,0.826958427889347,,,,
tolokers,GCN,4,512,3e-05,8,790,roc_auc,0.8620383579336669,0.8290525674819946,0.36591851711273193,0.8620383579336669,,,,,roc_auc,0.8376781546457681,0.8152432441711426,0.4033489525318146,0.8376781546457681,,,,,roc_auc,0.8457584680163436,0.8190476298332214,0.39317846298217773,0.8457584680163436,,,,
tolokers,GCN,5,512,3e-05,0,670,roc_auc,0.8511639115514049,0.8140840530395508,0.38507699966430664,0.8511639115514049,,,,,roc_auc,0.8406604671497564,0.8111602067947388,0.4008257985115051,0.8406604671497564,,,,,roc_auc,0.8305810416209138,0.7993197441101074,0.41554737091064453,0.8305810416209138,,,,
tolokers,GCN,4,512,3e-05,9,990,roc_auc,0.8627779281451831,0.8341554999351501,0.3646543622016907,0.8627779281451831,,,,,roc_auc,0.8304793288337278,0.8162640333175659,0.41015535593032837,0.8304793288337278,,,,,roc_auc,0.8378147461289649,0.8142857551574707,0.4022005498409271,0.8378147461289649,,,,
tolokers,GCN,5,512,3e-05,2,950,roc_auc,0.8623099519932275,0.8190168738365173,0.37451115250587463,0.8623099519932275,,,,,roc_auc,0.8293632528590962,0.8016331791877747,0.41883233189582825,0.8293632528590962,,,,,roc_auc,0.8376266508327707,0.8040816187858582,0.4185987114906311,0.8376266508327707,,,,
tolokers,GCN,5,512,3e-05,1,1000,roc_auc,0.8513947198655241,0.8219085335731506,0.38144734501838684,0.8513947198655241,,,,,roc_auc,0.8384561492120259,0.814222514629364,0.4049680531024933,0.8384561492120259,,,,,roc_auc,0.8338244145661,0.8122448921203613,0.4028487801551819,0.8338244145661,,,,
tolokers,GCN,5,512,3e-05,3,640,roc_auc,0.852987059810727,0.8232693076133728,0.37580862641334534,0.852987059810727,,,,,roc_auc,0.8229763655298171,0.8094589710235596,0.40961095690727234,0.8229763655298171,,,,,roc_auc,0.835362729069569,0.8187074661254883,0.3954911231994629,0.835362729069569,,,,
tolokers,GCN,5,512,3e-05,4,890,roc_auc,0.8589310098516655,0.8290525674819946,0.3665619492530823,0.8589310098516655,,,,,roc_auc,0.820558200918115,0.8097992539405823,0.42467641830444336,0.820558200918115,,,,,roc_auc,0.8542712205385152,0.8289116024971008,0.37898722290992737,0.8542712205385152,,,,
tolokers,GCN,5,512,3e-05,5,790,roc_auc,0.8576651254572922,0.832624614238739,0.365894079208374,0.8576651254572922,,,,,roc_auc,0.8455891238260497,0.8196665048599243,0.3858882188796997,0.8455891238260497,,,,,roc_auc,0.8233686884708089,0.8034013509750366,0.40838107466697693,0.8233686884708089,,,,
tolokers,GCN,5,512,3e-05,6,1040,roc_auc,0.8597326490146637,0.8319442272186279,0.37168648838996887,0.8597326490146637,,,,,roc_auc,0.8467676566070477,0.8244300484657288,0.3941437304019928,0.8467676566070477,,,,,roc_auc,0.8339562507286574,0.8136054277420044,0.41133809089660645,0.8339562507286574,,,,
tolokers,GCN,5,512,3e-05,7,990,roc_auc,0.8559438991647486,0.8263310194015503,0.3751462697982788,0.8559438991647486,,,,,roc_auc,0.8414608647009068,0.8087784647941589,0.40176793932914734,0.8414608647009068,,,,,roc_auc,0.8243400058021468,0.8017007112503052,0.4244259297847748,0.8243400058021468,,,,
tolokers,GCN,5,512,3e-05,8,580,roc_auc,0.8564640234111875,0.825310468673706,0.37651991844177246,0.8564640234111875,,,,,roc_auc,0.8370427245288246,0.814222514629364,0.40371260046958923,0.8370427245288246,,,,,roc_auc,0.8405311133343636,0.8105442523956299,0.4012492299079895,0.8405311133343636,,,,
tolokers,SAGE,1,512,3e-05,0,1880,roc_auc,0.8612268827073188,0.8225889205932617,0.36104118824005127,0.8612268827073188,,,,,roc_auc,0.8058550540455037,0.7985709309577942,0.4334977865219116,0.8058550540455037,,,,,roc_auc,0.7995426064653268,0.7843537330627441,0.4344363212585449,0.7995426064653268,,,,
tolokers,SAGE,1,512,3e-05,1,520,roc_auc,0.8032512598640453,0.7892498970031738,0.4141806662082672,0.8032512598640453,,,,,roc_auc,0.8021022146368885,0.7924463748931885,0.41958892345428467,0.8021022146368885,,,,,roc_auc,0.7867256913095227,0.7901360392570496,0.42227238416671753,0.7867256913095227,,,,
tolokers,SAGE,1,512,3e-05,2,1090,roc_auc,0.8320570193200634,0.8045586347579956,0.38742172718048096,0.8320570193200634,,,,,roc_auc,0.7972237949570202,0.7890438437461853,0.4318506121635437,0.7972237949570202,,,,,roc_auc,0.8112187490679963,0.7996598482131958,0.40627583861351013,0.8112187490679963,,,,
tolokers,SAGE,1,512,3e-05,3,2100,roc_auc,0.8483624989570382,0.8159551024436951,0.37267202138900757,0.8483624989570382,,,,,roc_auc,0.8121462195302434,0.7961891293525696,0.42050763964653015,0.8121462195302434,,,,,roc_auc,0.8139893419443699,0.8051020503044128,0.42640629410743713,0.8139893419443699,,,,
tolokers,GCN,5,512,3e-05,9,1420,roc_auc,0.8604162554174664,0.8333050012588501,0.3616061210632324,0.8604162554174664,,,,,roc_auc,0.8269199697491817,0.8159237504005432,0.4090827405452728,0.8269199697491817,,,,,roc_auc,0.8284045587521589,0.8105442523956299,0.4076433777809143,0.8284045587521589,,,,
tolokers,SAGE,1,512,3e-05,5,1700,roc_auc,0.8467869481544492,0.8173158764839172,0.37813276052474976,0.8467869481544492,,,,,roc_auc,0.8188039793132196,0.8006124496459961,0.4123815894126892,0.8188039793132196,,,,,roc_auc,0.798560443999794,0.7874149680137634,0.42982327938079834,0.798560443999794,,,,
tolokers,SAGE,1,512,3e-05,4,2340,roc_auc,0.8611256390897369,0.824459969997406,0.3614248037338257,0.8611256390897369,,,,,roc_auc,0.8072698364853654,0.7992514371871948,0.4344748556613922,0.8072698364853654,,,,,roc_auc,0.8066665039896538,0.7891156673431396,0.4437471330165863,0.8066665039896538,,,,
tolokers,SAGE,1,512,3e-05,7,2160,roc_auc,0.8534415537724015,0.8178261518478394,0.3745957911014557,0.8534415537724015,,,,,roc_auc,0.8048367365504019,0.7924463748931885,0.43814194202423096,0.8048367365504019,,,,,roc_auc,0.7933025873778905,0.7925170063972473,0.45004597306251526,0.7933025873778905,,,,
tolokers,SAGE,1,512,3e-05,6,3230,roc_auc,0.8813987831772113,0.833645224571228,0.3361426293849945,0.8813987831772113,,,,,roc_auc,0.8079914841502275,0.7968696355819702,0.4581299126148224,0.8079914841502275,,,,,roc_auc,0.8056612956139566,0.7969387769699097,0.4507175087928772,0.8056612956139566,,,,
tolokers,SAGE,1,512,3e-05,8,1640,roc_auc,0.8428581191954507,0.815274715423584,0.3767267167568207,0.8428581191954507,,,,,roc_auc,0.8158155569042606,0.7941476702690125,0.4205979108810425,0.8158155569042606,,,,,roc_auc,0.8056104590474176,0.7925170063972473,0.4283495545387268,0.8056104590474176,,,,
tolokers,SAGE,1,512,3e-05,9,1790,roc_auc,0.8505432220365807,0.824459969997406,0.3709007501602173,0.8505432220365807,,,,,roc_auc,0.8037457790739829,0.7934671640396118,0.43130627274513245,0.8037457790739829,,,,,roc_auc,0.8127733312727579,0.7891156673431396,0.41519924998283386,0.8127733312727579,,,,
tolokers,SAGE,2,512,3e-05,0,940,roc_auc,0.8590892348017559,0.8203776478767395,0.3797239363193512,0.8590892348017559,,,,,roc_auc,0.8288018204801301,0.8050357103347778,0.42050302028656006,0.8288018204801301,,,,,roc_auc,0.8258878097980364,0.8020408153533936,0.42071741819381714,0.8258878097980364,,,,
tolokers,SAGE,2,512,3e-05,1,920,roc_auc,0.8548734641326255,0.8149345517158508,0.3870885968208313,0.8548734641326255,,,,,roc_auc,0.8231637359489158,0.7948281764984131,0.4422409236431122,0.8231637359489158,,,,,roc_auc,0.8238634977184549,0.8081632852554321,0.4320032000541687,0.8238634977184549,,,,
tolokers,SAGE,2,512,3e-05,2,880,roc_auc,0.8597858146329419,0.8105120062828064,0.3888743221759796,0.8597858146329419,,,,,roc_auc,0.8088930345725579,0.7995916604995728,0.45108944177627563,0.8088930345725579,,,,,roc_auc,0.8278680635199509,0.8108843564987183,0.4238298833370209,0.8278680635199509,,,,
tolokers,SAGE,2,512,3e-05,3,1380,roc_auc,0.8686571806315023,0.8271815180778503,0.3622131645679474,0.8686571806315023,,,,,roc_auc,0.8285363790530734,0.8019734621047974,0.4250800907611847,0.8285363790530734,,,,,roc_auc,0.831995992722915,0.8108843564987183,0.4312461018562317,0.831995992722915,,,,
tolokers,SAGE,2,512,3e-05,4,1260,roc_auc,0.873112747741606,0.8351760506629944,0.35549798607826233,0.873112747741606,,,,,roc_auc,0.8280591275870357,0.8053759336471558,0.4289056658744812,0.8280591275870357,,,,,roc_auc,0.8292453955627135,0.8085033893585205,0.4358042776584625,0.8292453955627135,,,,
tolokers,SAGE,2,512,3e-05,5,1100,roc_auc,0.8624827614510432,0.8270114064216614,0.36487916111946106,0.8624827614510432,,,,,roc_auc,0.8402517823950555,0.800952672958374,0.4094616174697876,0.8402517823950555,,,,,roc_auc,0.8233551320530652,0.8020408153533936,0.4208106994628906,0.8233551320530652,,,,
tolokers,SAGE,2,512,3e-05,6,1400,roc_auc,0.879184990574338,0.8302432298660278,0.37279006838798523,0.879184990574338,,,,,roc_auc,0.8268262845396321,0.8053759336471558,0.46709251403808594,0.8268262845396321,,,,,roc_auc,0.8300113331652338,0.809183657169342,0.4476795494556427,0.8300113331652338,,,,
tolokers,SAGE,2,512,3e-05,7,1050,roc_auc,0.8662732919675993,0.8251403570175171,0.3751731216907501,0.8662732919675993,,,,,roc_auc,0.834888643587519,0.8094589710235596,0.43516117334365845,0.834888643587519,,,,,roc_auc,0.8196908323369367,0.7982993125915527,0.44953954219818115,0.8196908323369367,,,,
tolokers,SAGE,2,512,3e-05,8,810,roc_auc,0.8513765740245169,0.815274715423584,0.3825018107891083,0.8513765740245169,,,,,roc_auc,0.8244984107458293,0.8002721667289734,0.42081278562545776,0.8244984107458293,,,,,roc_auc,0.8254306196096294,0.7993197441101074,0.422844260931015,0.8254306196096294,,,,
tolokers,SAGE,2,512,3e-05,9,1550,roc_auc,0.8826091277311187,0.8363667726516724,0.3557676374912262,0.8826091277311187,,,,,roc_auc,0.8236179055517312,0.8040149211883545,0.46323883533477783,0.8236179055517312,,,,,roc_auc,0.8282025681277774,0.8034013509750366,0.45109596848487854,0.8282025681277774,,,,
tolokers,SAGE,3,512,3e-05,0,780,roc_auc,0.8646160848804783,0.825310468673706,0.37637439370155334,0.8646160848804783,,,,,roc_auc,0.8325505866187651,0.8074174523353577,0.42248979210853577,0.8325505866187651,,,,,roc_auc,0.8286214614360584,0.809183657169342,0.42293328046798706,0.8286214614360584,,,,
tolokers,SAGE,3,512,3e-05,1,850,roc_auc,0.8551371723827762,0.8171457648277283,0.38979020714759827,0.8551371723827762,,,,,roc_auc,0.8236796834797674,0.7975501418113708,0.4527198076248169,0.8236796834797674,,,,,roc_auc,0.8256509113979649,0.8074830174446106,0.4371360242366791,0.8256509113979649,,,,
tolokers,SAGE,3,512,3e-05,2,330,roc_auc,0.8283712089607214,0.7970743775367737,0.407646507024765,0.8283712089607214,,,,,roc_auc,0.8076248898519909,0.7910853624343872,0.42990902066230774,0.8076248898519909,,,,,roc_auc,0.8182009820269014,0.7986394762992859,0.4108901619911194,0.8182009820269014,,,,
tolokers,SAGE,3,512,3e-05,3,710,roc_auc,0.8562552614459557,0.8185065388679504,0.3788788616657257,0.8562552614459557,,,,,roc_auc,0.8284182542236416,0.8036746978759766,0.4216175675392151,0.8284182542236416,,,,,roc_auc,0.8321071553484135,0.8085033893585205,0.4223858714103699,0.8321071553484135,,,,
tolokers,SAGE,3,512,3e-05,4,1180,roc_auc,0.8765360369618909,0.8341554999351501,0.3688386082649231,0.8765360369618909,,,,,roc_auc,0.8306863867243987,0.8077577352523804,0.45165398716926575,0.8306863867243987,,,,,roc_auc,0.8303563439968116,0.8095238208770752,0.4594239890575409,0.8303563439968116,,,,
tolokers,SAGE,3,512,3e-05,5,710,roc_auc,0.8536031704684748,0.8125531673431396,0.40651753544807434,0.8536031704684748,,,,,roc_auc,0.838867549480047,0.8012929558753967,0.4419652819633484,0.838867549480047,,,,,roc_auc,0.8230365562360877,0.7993197441101074,0.4521315097808838,0.8230365562360877,,,,
tolokers,SAGE,3,512,3e-05,6,1140,roc_auc,0.8747950537489985,0.8270114064216614,0.39047539234161377,0.8747950537489985,,,,,roc_auc,0.83210049028593,0.8077577352523804,0.46612095832824707,0.83210049028593,,,,,roc_auc,0.8300784374330651,0.8108843564987183,0.45847684144973755,0.8300784374330651,,,,
tolokers,SAGE,3,512,3e-05,7,830,roc_auc,0.8584816883026144,0.8210580348968506,0.37992724776268005,0.8584816883026144,,,,,roc_auc,0.8327399936728539,0.8118407130241394,0.42889782786369324,0.8327399936728539,,,,,roc_auc,0.8252367628358943,0.8020408153533936,0.4310743808746338,0.8252367628358943,,,,
tolokers,SAGE,3,512,3e-05,8,950,roc_auc,0.8651619863963851,0.823609471321106,0.39095208048820496,0.8651619863963851,,,,,roc_auc,0.8213423053893435,0.7999319434165955,0.46975505352020264,0.8213423053893435,,,,,roc_auc,0.8242125754753558,0.7986394762992859,0.46652138233184814,0.8242125754753558,,,,
tolokers,SAGE,3,512,3e-05,9,1110,roc_auc,0.8690034778963307,0.8305834531784058,0.36730751395225525,0.8690034778963307,,,,,roc_auc,0.8253999611681595,0.8050357103347778,0.4447200298309326,0.8253999611681595,,,,,roc_auc,0.8290762792513604,0.8030612468719482,0.43456968665122986,0.8290762792513604,,,,
tolokers,SAGE,4,512,3e-05,0,760,roc_auc,0.8684217934603067,0.8249702453613281,0.3714978098869324,0.8684217934603067,,,,,roc_auc,0.8359836743339185,0.808438241481781,0.4187154471874237,0.8359836743339185,,,,,roc_auc,0.8299086433008251,0.8085033893585205,0.42234930396080017,0.8299086433008251,,,,
tolokers,SAGE,4,512,3e-05,2,410,roc_auc,0.8401155533938829,0.8014968633651733,0.3929644227027893,0.8401155533938829,,,,,roc_auc,0.8087396080699624,0.795508623123169,0.42165568470954895,0.8087396080699624,,,,,roc_auc,0.8214362211214411,0.8047618865966797,0.40660741925239563,0.8214362211214411,,,,
tolokers,SAGE,4,512,3e-05,1,860,roc_auc,0.8647855025923115,0.8232693076133728,0.3595006763935089,0.8647855025923115,,,,,roc_auc,0.8234040588777599,0.8006124496459961,0.4374525845050812,0.8234040588777599,,,,,roc_auc,0.8284340439607515,0.809183657169342,0.4209223687648773,0.8284340439607515,,,,
tolokers,SAGE,4,512,3e-05,3,910,roc_auc,0.8613817159114265,0.8188467621803284,0.38813209533691406,0.8613817159114265,,,,,roc_auc,0.8273490208537846,0.8057162165641785,0.4403724670410156,0.8273490208537846,,,,,roc_auc,0.8310782232416648,0.8105442523956299,0.44243043661117554,0.8310782232416648,,,,
tolokers,SAGE,4,512,3e-05,4,1030,roc_auc,0.8709275305986364,0.8278619050979614,0.3651887774467468,0.8709275305986364,,,,,roc_auc,0.8313191013280218,0.8087784647941589,0.42885833978652954,0.8313191013280218,,,,,roc_auc,0.8351648053705105,0.8081632852554321,0.42882969975471497,0.8351648053705105,,,,
tolokers,SAGE,4,512,3e-05,5,880,roc_auc,0.8664636537108754,0.8275216817855835,0.37865832448005676,0.8664636537108754,,,,,roc_auc,0.845631893160844,0.8063967227935791,0.42873072624206543,0.845631893160844,,,,,roc_auc,0.8262277369729605,0.8037415146827698,0.4409058392047882,0.8262277369729605,,,,
tolokers,SAGE,4,512,3e-05,6,980,roc_auc,0.8760399941119289,0.8287124037742615,0.38064876198768616,0.8760399941119289,,,,,roc_auc,0.8322892184616888,0.8070772290229797,0.45787373185157776,0.8322892184616888,,,,,roc_auc,0.8311765072703068,0.8108843564987183,0.4481476843357086,0.8311765072703068,,,,
tolokers,SAGE,4,512,3e-05,7,600,roc_auc,0.8564545265224361,0.8213981986045837,0.3751879632472992,0.8564545265224361,,,,,roc_auc,0.8317664821475366,0.8108199834823608,0.42004862427711487,0.8317664821475366,,,,,roc_auc,0.824642991738719,0.8010204434394836,0.4201418161392212,0.824642991738719,,,,
tolokers,SAGE,4,512,3e-05,8,490,roc_auc,0.84541278226958,0.8127232789993286,0.3839697241783142,0.84541278226958,,,,,roc_auc,0.821797832748819,0.800952672958374,0.41375255584716797,0.821797832748819,,,,,roc_auc,0.8252950554321923,0.8037415146827698,0.4142777621746063,0.8252950554321923,,,,
tolokers,SAGE,5,512,3e-05,0,740,roc_auc,0.867557067822031,0.8271815180778503,0.36722874641418457,0.867557067822031,,,,,roc_auc,0.8340142482983914,0.8033344149589539,0.4142027795314789,0.8340142482983914,,,,,roc_auc,0.8283544000065068,0.8071428537368774,0.4189823865890503,0.8283544000065068,,,,
tolokers,SAGE,4,512,3e-05,9,1220,roc_auc,0.8678904764521251,0.8266712427139282,0.39894920587539673,0.8678904764521251,,,,,roc_auc,0.8242546934253348,0.8036746978759766,0.4830746650695801,0.8242546934253348,,,,,roc_auc,0.8257102207255937,0.8030612468719482,0.47852492332458496,0.8257102207255937,,,,
tolokers,SAGE,5,512,3e-05,2,470,roc_auc,0.8494045281165569,0.8101718425750732,0.3839392364025116,0.8494045281165569,,,,,roc_auc,0.8092406202775525,0.7972099184989929,0.4283871650695801,0.8092406202775525,,,,,roc_auc,0.8285594408248809,0.8125850558280945,0.4059440791606903,0.8285594408248809,,,,
tolokers,SAGE,5,512,3e-05,1,860,roc_auc,0.8631845984885025,0.8195271492004395,0.3732062578201294,0.8631845984885025,,,,,roc_auc,0.8249702311852265,0.7978904247283936,0.44312942028045654,0.8249702311852265,,,,,roc_auc,0.8295104235296032,0.8068027496337891,0.42787957191467285,0.8295104235296032,,,,
tolokers,SAGE,5,512,3e-05,3,1110,roc_auc,0.869853619026881,0.8232693076133728,0.39289209246635437,0.869853619026881,,,,,roc_auc,0.8257142818349811,0.8063967227935791,0.4738764464855194,0.8257142818349811,,,,,roc_auc,0.8267300022503653,0.8122448921203613,0.4796137809753418,0.8267300022503653,,,,
tolokers,SAGE,5,512,3e-05,4,970,roc_auc,0.8714859815746792,0.8300731778144836,0.3495044708251953,0.8714859815746792,,,,,roc_auc,0.8322281194119827,0.8033344149589539,0.41250863671302795,0.8322281194119827,,,,,roc_auc,0.8336681768516034,0.8081632852554321,0.4129412770271301,0.8336681768516034,,,,
tolokers,SAGE,5,512,3e-05,5,760,roc_auc,0.8625002289428539,0.815444827079773,0.39024385809898376,0.8625002289428539,,,,,roc_auc,0.8427887507145193,0.800952672958374,0.4322338104248047,0.8427887507145193,,,,,roc_auc,0.8240471871788824,0.7996598482131958,0.4435561001300812,0.8240471871788824,,,,
tolokers,SAGE,5,512,3e-05,6,1100,roc_auc,0.8816409538403723,0.8321143388748169,0.3500478267669678,0.8816409538403723,,,,,roc_auc,0.8341422168636093,0.8074174523353577,0.43223023414611816,0.8341422168636093,,,,,roc_auc,0.8348787649561178,0.8098639845848083,0.4242986738681793,0.8348787649561178,,,,
tolokers,SAGE,5,512,3e-05,7,630,roc_auc,0.8504448614030838,0.8191869258880615,0.39099887013435364,0.8504448614030838,,,,,roc_auc,0.8303435531677142,0.8060564398765564,0.4324336051940918,0.8303435531677142,,,,,roc_auc,0.8232724379048284,0.7986394762992859,0.43027037382125854,0.8232724379048284,,,,
tolokers,SAGE,5,512,3e-05,8,650,roc_auc,0.8600412978990846,0.825310468673706,0.3653568923473358,0.8600412978990846,,,,,roc_auc,0.8277902917683286,0.8074174523353577,0.42401617765426636,0.8277902917683286,,,,,roc_auc,0.8320515740356643,0.8051020503044128,0.41617316007614136,0.8320515740356643,,,,
tolokers,GAT,1,512,3e-05,0,840,roc_auc,0.8405124724675019,0.8098316192626953,0.38576337695121765,0.8405124724675019,,,,,roc_auc,0.8017906094833872,0.7941476702690125,0.42779141664505005,0.8017906094833872,,,,,roc_auc,0.8044988327924324,0.7877551317214966,0.4215623438358307,0.8044988327924324,,,,
tolokers,SAGE,5,512,3e-05,9,850,roc_auc,0.8681289161947052,0.8290525674819946,0.35762378573417664,0.8681289161947052,,,,,roc_auc,0.8274236974700919,0.8053759336471558,0.4240407645702362,0.8274236974700919,,,,,roc_auc,0.8300902992985909,0.8040816187858582,0.4200453758239746,0.8300902992985909,,,,
tolokers,GAT,1,512,3e-05,1,2070,roc_auc,0.8574669626982561,0.8198673129081726,0.3644692003726959,0.8574669626982561,,,,,roc_auc,0.8193640539355257,0.7972099184989929,0.42877766489982605,0.8193640539355257,,,,,roc_auc,0.8119948539838246,0.8030612468719482,0.43388572335243225,0.8119948539838246,,,,
tolokers,GAT,1,512,3e-05,3,1210,roc_auc,0.8532701858066285,0.8140840530395508,0.36867135763168335,0.8532701858066285,,,,,roc_auc,0.8113702615989756,0.7781558036804199,0.4195520281791687,0.8113702615989756,,,,,roc_auc,0.8194885028021116,0.8010204434394836,0.4163576066493988,0.8194885028021116,,,,
tolokers,GAT,1,512,3e-05,2,1990,roc_auc,0.8809826159451405,0.8370471596717834,0.3367421329021454,0.8809826159451405,,,,,roc_auc,0.7993975633698978,0.7842803597450256,0.45137661695480347,0.7993975633698978,,,,,roc_auc,0.8256210872789287,0.8006802797317505,0.41414350271224976,0.8256210872789287,,,,
tolokers,GAT,1,512,3e-05,4,1400,roc_auc,0.8620989005994572,0.8215683102607727,0.3595463037490845,0.8620989005994572,,,,,roc_auc,0.8083920223649678,0.795508623123169,0.4314683973789215,0.8083920223649678,,,,,roc_auc,0.8185812395446129,0.7965986728668213,0.42536115646362305,0.8185812395446129,,,,
tolokers,GAT,1,512,3e-05,5,2370,roc_auc,0.8807624068372172,0.8353461623191833,0.34456580877304077,0.8807624068372172,,,,,roc_auc,0.8357990194281402,0.8060564398765564,0.4134935140609741,0.8357990194281402,,,,,roc_auc,0.7940936043532367,0.7914966344833374,0.4597894549369812,0.7940936043532367,,,,
tolokers,GAT,1,512,3e-05,6,2120,roc_auc,0.8760279534136904,0.8295628428459167,0.3494592308998108,0.8760279534136904,,,,,roc_auc,0.8152887473201279,0.806736946105957,0.42999300360679626,0.8152887473201279,,,,,roc_auc,0.8152775405404672,0.7965986728668213,0.4204164743423462,0.8152775405404672,,,,
tolokers,GAT,1,512,3e-05,7,1130,roc_auc,0.85668635236035,0.8174859881401062,0.369158536195755,0.85668635236035,,,,,roc_auc,0.8201793868099371,0.8053759336471558,0.4131166934967041,0.8201793868099371,,,,,roc_auc,0.8048214755347328,0.7921769022941589,0.4370367228984833,0.8048214755347328,,,,
tolokers,GAT,1,512,3e-05,8,1750,roc_auc,0.8727234600964477,0.8232693076133728,0.365915447473526,0.8727234600964477,,,,,roc_auc,0.813002285104459,0.7995916604995728,0.4444632828235626,0.813002285104459,,,,,roc_auc,0.8087270794866999,0.7952380776405334,0.44568827748298645,0.8087270794866999,,,,
tolokers,GAT,1,512,3e-05,9,1540,roc_auc,0.8523464437882547,0.8179962635040283,0.3719179630279541,0.8523464437882547,,,,,roc_auc,0.8061795578872764,0.7907451391220093,0.42569634318351746,0.8061795578872764,,,,,roc_auc,0.8202042816589803,0.801360547542572,0.40624597668647766,0.8202042816589803,,,,
tolokers,GAT,2,512,3e-05,0,740,roc_auc,0.8725015551155331,0.8348358869552612,0.36515066027641296,0.8725015551155331,,,,,roc_auc,0.8331751546824275,0.8135420083999634,0.42112645506858826,0.8331751546824275,,,,,roc_auc,0.836362853788612,0.8176870942115784,0.41507402062416077,0.836362853788612,,,,
tolokers,GAT,2,512,3e-05,1,1060,roc_auc,0.8682818839385227,0.83245450258255,0.3612503409385681,0.8682818839385227,,,,,roc_auc,0.8406523206097958,0.81252121925354,0.41262567043304443,0.8406523206097958,,,,,roc_auc,0.8413411092945511,0.8190476298332214,0.40449145436286926,0.8413411092945511,,,,
tolokers,GAT,2,512,3e-05,2,1370,roc_auc,0.8954981864334229,0.8515053987503052,0.3260827958583832,0.8954981864334229,,,,,roc_auc,0.8237333148678427,0.8057162165641785,0.44005703926086426,0.8237333148678427,,,,,roc_auc,0.8455042851836487,0.8159863948822021,0.40950024127960205,0.8455042851836487,,,,
tolokers,GAT,2,512,3e-05,3,1480,roc_auc,0.8903568930792779,0.8455519676208496,0.3423164188861847,0.8903568930792779,,,,,roc_auc,0.8364907964464793,0.8108199834823608,0.4314787983894348,0.8364907964464793,,,,,roc_auc,0.8441852457371843,0.8193877935409546,0.4256608486175537,0.8441852457371843,,,,
tolokers,GAT,2,512,3e-05,4,1770,roc_auc,0.9144906920314999,0.8622214794158936,0.29305970668792725,0.9144906920314999,,,,,roc_auc,0.8353706472018672,0.8111602067947388,0.4555191993713379,0.8353706472018672,,,,,roc_auc,0.8469297425094013,0.8217687010765076,0.4309197962284088,0.8469297425094013,,,,
tolokers,GAT,2,512,3e-05,5,1180,roc_auc,0.8855406985775696,0.8433406949043274,0.3375098407268524,0.8855406985775696,,,,,roc_auc,0.8528945335359105,0.8169445395469666,0.3934551477432251,0.8528945335359105,,,,,roc_auc,0.82767556238799,0.7996598482131958,0.42816004157066345,0.82767556238799,,,,
tolokers,GAT,2,512,3e-05,6,1280,roc_auc,0.8945840260974502,0.8487838506698608,0.33149394392967224,0.8945840260974502,,,,,roc_auc,0.8450636719985771,0.8189859986305237,0.40955880284309387,0.8450636719985771,,,,,roc_auc,0.8381173931550934,0.8095238208770752,0.42068785429000854,0.8381173931550934,,,,
tolokers,GAT,2,512,3e-05,7,1190,roc_auc,0.8769532217177566,0.8321143388748169,0.3771025538444519,0.8769532217177566,,,,,roc_auc,0.8472788519895886,0.8244300484657288,0.42497286200523376,0.8472788519895886,,,,,roc_auc,0.8322847444208562,0.8193877935409546,0.44469401240348816,0.8322847444208562,,,,
tolokers,GAT,2,512,3e-05,8,1240,roc_auc,0.8825830112870523,0.8438510298728943,0.346780389547348,0.8825830112870523,,,,,roc_auc,0.834158849382696,0.818305492401123,0.42787453532218933,0.834158849382696,,,,,roc_auc,0.8438920882034764,0.8122448921203613,0.4143248200416565,0.8438920882034764,,,,
tolokers,GAT,2,512,3e-05,9,1360,roc_auc,0.8844494891013026,0.8438510298728943,0.3473661541938782,0.8844494891013026,,,,,roc_auc,0.8260476110950445,0.8118407130241394,0.44548606872558594,0.8260476110950445,,,,,roc_auc,0.8345727288255533,0.8122448921203613,0.43469926714897156,0.8345727288255533,,,,
tolokers,GAT,3,512,3e-05,1,1160,roc_auc,0.8743812607391156,0.8406191468238831,0.3613748550415039,0.8743812607391156,,,,,roc_auc,0.8481790446552587,0.8138822317123413,0.4161560833454132,0.8481790446552587,,,,,roc_auc,0.8456730625845582,0.8139455914497375,0.4216684401035309,0.8456730625845582,,,,
tolokers,GAT,3,512,3e-05,0,1340,roc_auc,0.901888999007575,0.8523558378219604,0.32310107350349426,0.901888999007575,,,,,roc_auc,0.8384846621018889,0.808438241481781,0.43658939003944397,0.8384846621018889,,,,,roc_auc,0.8377835663681543,0.809183657169342,0.44096240401268005,0.8377835663681543,,,,
tolokers,GAT,3,512,3e-05,3,1030,roc_auc,0.8728158003808252,0.8212281465530396,0.3718640208244324,0.8728158003808252,,,,,roc_auc,0.834358439611736,0.7934671640396118,0.43455761671066284,0.834358439611736,,,,,roc_auc,0.845603247033178,0.8105442523956299,0.4180409908294678,0.845603247033178,,,,
tolokers,GAT,3,512,3e-05,2,1260,roc_auc,0.8915851290932439,0.8453818559646606,0.34446269273757935,0.8915851290932439,,,,,roc_auc,0.821826006199517,0.7999319434165955,0.480511337518692,0.821826006199517,,,,,roc_auc,0.8404734985589529,0.8115646243095398,0.4566015303134918,0.8404734985589529,,,,
tolokers,GAT,3,512,3e-05,4,1080,roc_auc,0.8911346204330988,0.8479333519935608,0.33928346633911133,0.8911346204330988,,,,,roc_auc,0.8364867231764987,0.8053759336471558,0.450802743434906,0.8364867231764987,,,,,roc_auc,0.8507363846118392,0.8241496682167053,0.432468056678772,0.8507363846118392,,,,
tolokers,GAT,3,512,3e-05,5,1680,roc_auc,0.9116851245483042,0.8690253496170044,0.30357256531715393,0.9116851245483042,,,,,roc_auc,0.8562434403381357,0.8149030208587646,0.4444131851196289,0.8562434403381357,,,,,roc_auc,0.8297734180338314,0.8034013509750366,0.49152815341949463,0.8297734180338314,,,,
tolokers,GAT,3,512,3e-05,6,1080,roc_auc,0.8780407850670923,0.8464024662971497,0.3661654591560364,0.8780407850670923,,,,,roc_auc,0.8432897629221094,0.8234093189239502,0.43631142377853394,0.8432897629221094,,,,,roc_auc,0.8355010045305549,0.8153061270713806,0.44643762707710266,0.8355010045305549,,,,
tolokers,GAT,3,512,3e-05,7,1170,roc_auc,0.8916896796631589,0.8470828533172607,0.3662925958633423,0.8916896796631589,,,,,roc_auc,0.8549949830891407,0.8230690360069275,0.44945603609085083,0.8549949830891407,,,,,roc_auc,0.8305461338452236,0.811904788017273,0.4821757376194,0.8305461338452236,,,,
tolokers,GAT,3,512,3e-05,8,680,roc_auc,0.8595854472390171,0.8309236168861389,0.3906191885471344,0.8595854472390171,,,,,roc_auc,0.8320889493543189,0.8145627379417419,0.4393015205860138,0.8320889493543189,,,,,roc_auc,0.8365753506367449,0.8159863948822021,0.4282738268375397,0.8365753506367449,,,,
tolokers,GAT,4,512,3e-05,0,860,roc_auc,0.8771565568894161,0.8401088714599609,0.3557983338832855,0.8771565568894161,,,,,roc_auc,0.8364045788985607,0.8159237504005432,0.4191887676715851,0.8364045788985607,,,,,roc_auc,0.8344730891551368,0.8108843564987183,0.42596158385276794,0.8344730891551368,,,,
tolokers,GAT,3,512,3e-05,9,1600,roc_auc,0.9012559296199142,0.858479380607605,0.32548367977142334,0.9012559296199142,,,,,roc_auc,0.8336632682017464,0.8159237504005432,0.4770205020904541,0.8336632682017464,,,,,roc_auc,0.8423558071626688,0.8139455914497375,0.4596748650074005,0.8423558071626688,,,,
tolokers,GAT,4,512,3e-05,2,1090,roc_auc,0.8923328394951182,0.8450416922569275,0.33955880999565125,0.8923328394951182,,,,,roc_auc,0.8204713044918663,0.7972099184989929,0.4706381857395172,0.8204713044918663,,,,,roc_auc,0.8385200187620822,0.8071428537368774,0.44636857509613037,0.8385200187620822,,,,
tolokers,GAT,4,512,3e-05,1,1000,roc_auc,0.8772137078092238,0.8387480974197388,0.35928085446357727,0.8772137078092238,,,,,roc_auc,0.8388016982820303,0.8087784647941589,0.4360330104827881,0.8388016982820303,,,,,roc_auc,0.8428668841116073,0.8088435530662537,0.43499067425727844,0.8428668841116073,,,,
tolokers,GAT,4,512,3e-05,3,1590,roc_auc,0.9020482414814605,0.8509950637817383,0.3334737718105316,0.9020482414814605,,,,,roc_auc,0.8317732709308372,0.7941476702690125,0.46686556935310364,0.8317732709308372,,,,,roc_auc,0.841126240073313,0.8102040886878967,0.459831565618515,0.841126240073313,,,,
tolokers,GAT,4,512,3e-05,4,1300,roc_auc,0.8985795028650079,0.8516754508018494,0.33134838938713074,0.8985795028650079,,,,,roc_auc,0.8389429049746846,0.8070772290229797,0.4772927463054657,0.8389429049746846,,,,,roc_auc,0.8459794376255664,0.8244898319244385,0.4645364284515381,0.8459794376255664,,,,
tolokers,GAT,4,512,3e-05,6,1180,roc_auc,0.8971037541879584,0.8555877208709717,0.33804404735565186,0.8971037541879584,,,,,roc_auc,0.8451532839381461,0.8213678002357483,0.4503382742404938,0.8451532839381461,,,,,roc_auc,0.8329781551884479,0.8088435530662537,0.4729793965816498,0.8329781551884479,,,,
tolokers,GAT,4,512,3e-05,5,1240,roc_auc,0.8912849595737796,0.840959370136261,0.3510883152484894,0.8912849595737796,,,,,roc_auc,0.855176922481599,0.8016331791877747,0.43943700194358826,0.855176922481599,,,,,roc_auc,0.8323959070463547,0.7843537330627441,0.47776174545288086,0.8323959070463547,,,,
tolokers,GAT,4,512,3e-05,8,600,roc_auc,0.8494838101789011,0.8181663751602173,0.3880715072154999,0.8494838101789011,,,,,roc_auc,0.8262872551455583,0.8033344149589539,0.43640395998954773,0.8262872551455583,,,,,roc_auc,0.8315987896830238,0.8074830174446106,0.41860032081604004,0.8315987896830238,,,,
tolokers,GAT,4,512,3e-05,7,1410,roc_auc,0.909906408161355,0.8596700429916382,0.30881279706954956,0.909906408161355,,,,,roc_auc,0.849579570650189,0.818305492401123,0.4423075020313263,0.849579570650189,,,,,roc_auc,0.8291579566682663,0.7955782413482666,0.47457417845726013,0.8291579566682663,,,,
tolokers,GAT,4,512,3e-05,9,880,roc_auc,0.8749644714608317,0.8241197466850281,0.3757629990577698,0.8749644714608317,,,,,roc_auc,0.8240727540328767,0.7853010892868042,0.4737336039543152,0.8240727540328767,,,,,roc_auc,0.8379808122463255,0.7904762029647827,0.4472152292728424,0.8379808122463255,,,,
tolokers,GAT,5,512,3e-05,0,1250,roc_auc,0.9160512343581154,0.8610308170318604,0.30414441227912903,0.9160512343581154,,,,,roc_auc,0.8351907444443992,0.7948281764984131,0.4656846523284912,0.8351907444443992,,,,,roc_auc,0.8368691859913402,0.788095235824585,0.47145959734916687,0.8368691859913402,,,,
tolokers,GAT,5,512,3e-05,1,1040,roc_auc,0.8813036447023981,0.8458921909332275,0.35027486085891724,0.8813036447023981,,,,,roc_auc,0.8436712925436078,0.818305492401123,0.42466720938682556,0.8436712925436078,,,,,roc_auc,0.84592792323814,0.811904788017273,0.4227847754955292,0.84592792323814,,,,
tolokers,GAT,5,512,3e-05,3,670,roc_auc,0.8476994126174309,0.7901003956794739,0.41758137941360474,0.8476994126174309,,,,,roc_auc,0.822897615643529,0.7754337787628174,0.44940027594566345,0.822897615643529,,,,,roc_auc,0.8431576692722101,0.788095235824585,0.41935914754867554,0.8431576692722101,,,,
tolokers,GAT,5,512,3e-05,2,1290,roc_auc,0.9129410880856783,0.8589896559715271,0.30281490087509155,0.9129410880856783,,,,,roc_auc,0.8207123062990405,0.7904048562049866,0.4693280756473541,0.8207123062990405,,,,,roc_auc,0.8371664104503715,0.8047618865966797,0.44521841406822205,0.8371664104503715,,,,
tolokers,GAT,5,512,3e-05,4,1220,roc_auc,0.8985693276270598,0.8470828533172607,0.3350633680820465,0.8985693276270598,,,,,roc_auc,0.8339735155985873,0.7958489060401917,0.4876982271671295,0.8339735155985873,,,,,roc_auc,0.8414732843675525,0.8115646243095398,0.4679359197616577,0.8414732843675525,,,,
tolokers,GAT,5,512,3e-05,5,1190,roc_auc,0.8902920259373599,0.8360265493392944,0.37137171626091003,0.8902920259373599,,,,,roc_auc,0.857706423139432,0.7995916604995728,0.4601573050022125,0.857706423139432,,,,,roc_auc,0.8326744914309884,0.7891156673431396,0.5006948113441467,0.8326744914309884,,,,
tolokers,GAT,5,512,3e-05,7,770,roc_auc,0.8690743653873679,0.8280320167541504,0.36367785930633545,0.8690743653873679,,,,,roc_auc,0.8348268656594829,0.8101394772529602,0.41044390201568604,0.8348268656594829,,,,,roc_auc,0.8178295361807234,0.7846938967704773,0.4386551082134247,0.8178295361807234,,,,
tolokers,GAT,5,512,3e-05,6,1210,roc_auc,0.9071980989942117,0.8622214794158936,0.3119712471961975,0.9071980989942117,,,,,roc_auc,0.8428532441558759,0.8227288126945496,0.44360315799713135,0.8428532441558759,,,,,roc_auc,0.8418948889593822,0.8098639845848083,0.44881725311279297,0.8418948889593822,,,,
tolokers,GAT,5,512,3e-05,8,530,roc_auc,0.8403832469455633,0.7868685126304626,0.4118656516075134,0.8403832469455633,,,,,roc_auc,0.8170714818148863,0.7686287760734558,0.45599761605262756,0.8170714818148863,,,,,roc_auc,0.8255973635478772,0.7809523940086365,0.4347194731235504,0.8255973635478772,,,,
tolokers,GAT-sep,1,512,3e-05,0,610,roc_auc,0.8325437348685732,0.8038782477378845,0.3934318423271179,0.8325437348685732,,,,,roc_auc,0.804467426738845,0.7968696355819702,0.4296399652957916,0.804467426738845,,,,,roc_auc,0.8002685526355032,0.7891156673431396,0.4267194867134094,0.8002685526355032,,,,
tolokers,GAT-sep,1,512,3e-05,1,530,roc_auc,0.819584890992676,0.7977547645568848,0.40781763195991516,0.819584890992676,,,,,roc_auc,0.8126458739811733,0.7961891293525696,0.4205511212348938,0.8126458739811733,,,,,roc_auc,0.8045300125532429,0.7986394762992859,0.42196518182754517,0.8045300125532429,,,,
tolokers,GAT,5,512,3e-05,9,1360,roc_auc,0.917075880819473,0.8620513677597046,0.3080643117427826,0.917075880819473,,,,,roc_auc,0.8280632008570161,0.7870023846626282,0.5197890996932983,0.8280632008570161,,,,,roc_auc,0.8403619970230107,0.7908163666725159,0.49087029695510864,0.8403619970230107,,,,
tolokers,GAT-sep,1,512,3e-05,2,1060,roc_auc,0.8715645852878269,0.8266712427139282,0.3509334921836853,0.8715645852878269,,,,,roc_auc,0.8005828849341963,0.7934671640396118,0.44244444370269775,0.8005828849341963,,,,,roc_auc,0.8243623738914241,0.8105442523956299,0.4065222144126892,0.8243623738914241,,,,
tolokers,GAT-sep,1,512,3e-05,3,1720,roc_auc,0.8950090118690759,0.8447014689445496,0.32144543528556824,0.8950090118690759,,,,,roc_auc,0.8150205903797509,0.7968696355819702,0.4411538243293762,0.8150205903797509,,,,,roc_auc,0.8231067106979115,0.8047618865966797,0.4446542263031006,0.8231067106979115,,,,
tolokers,GAT-sep,1,512,3e-05,4,1310,roc_auc,0.891492449634268,0.8457220792770386,0.32306408882141113,0.891492449634268,,,,,roc_auc,0.80571656286617,0.7907451391220093,0.4539477825164795,0.80571656286617,,,,,roc_auc,0.8231605974584428,0.7952380776405334,0.44128045439720154,0.8231605974584428,,,,
tolokers,GAT-sep,1,512,3e-05,5,1050,roc_auc,0.8734236012609153,0.8339853882789612,0.34788811206817627,0.8734236012609153,,,,,roc_auc,0.8351676625811769,0.8080979585647583,0.4056851863861084,0.8351676625811769,,,,,roc_auc,0.7974325500435162,0.781632661819458,0.4461931586265564,0.7974325500435162,,,,
tolokers,GAT-sep,1,512,3e-05,6,1530,roc_auc,0.8790025146404715,0.8333050012588501,0.3495860993862152,0.8790025146404715,,,,,roc_auc,0.8135643963617553,0.7968696355819702,0.4408477544784546,0.8135643963617553,,,,,roc_auc,0.806882051031779,0.7928571701049805,0.4481443762779236,0.806882051031779,,,,
tolokers,GAT-sep,1,512,3e-05,7,1230,roc_auc,0.8733584797380487,0.8248001337051392,0.35732296109199524,0.8733584797380487,,,,,roc_auc,0.8117083430073495,0.7975501418113708,0.4404028058052063,0.8117083430073495,,,,,roc_auc,0.8005044343042439,0.7901360392570496,0.4524993896484375,0.8005044343042439,,,,
tolokers,GAT-sep,1,512,3e-05,8,930,roc_auc,0.8436076950576157,0.816295325756073,0.37952035665512085,0.8436076950576157,,,,,roc_auc,0.8129282873664815,0.8006124496459961,0.42137661576271057,0.8129282873664815,,,,,roc_auc,0.8115718937502203,0.7979592084884644,0.4193122684955597,0.8115718937502203,,,,
tolokers,GAT-sep,1,512,3e-05,9,1230,roc_auc,0.8725761735271513,0.83245450258255,0.34851953387260437,0.8725761735271513,,,,,roc_auc,0.7978880774029916,0.7846205830574036,0.4462975561618805,0.7978880774029916,,,,,roc_auc,0.8157381198333103,0.8023809790611267,0.4153881371021271,0.8157381198333103,,,,
tolokers,GAT-sep,2,512,3e-05,0,530,roc_auc,0.8723314590545034,0.8319442272186279,0.36251068115234375,0.8723314590545034,,,,,roc_auc,0.8295675952364465,0.8050357103347778,0.42714831233024597,0.8295675952364465,,,,,roc_auc,0.8312222601801919,0.8010204434394836,0.4214862883090973,0.8312222601801919,,,,
tolokers,GAT-sep,2,512,3e-05,1,660,roc_auc,0.868436208380733,0.8271815180778503,0.3616715371608734,0.868436208380733,,,,,roc_auc,0.8386516661710856,0.802653968334198,0.41706228256225586,0.8386516661710856,,,,,roc_auc,0.8427028514569082,0.811904788017273,0.40270283818244934,0.8427028514569082,,,,
tolokers,GAT-sep,2,512,3e-05,2,500,roc_auc,0.8702317139102964,0.8276917934417725,0.3576691746711731,0.8702317139102964,,,,,roc_auc,0.821556152063315,0.8006124496459961,0.4286062717437744,0.821556152063315,,,,,roc_auc,0.84206163289763,0.8163265585899353,0.40166032314300537,0.84206163289763,,,,
tolokers,GAT-sep,2,512,3e-05,3,900,roc_auc,0.8815310612705345,0.8368770480155945,0.34564006328582764,0.8815310612705345,,,,,roc_auc,0.8332878484852189,0.7965294122695923,0.42559340596199036,0.8332878484852189,,,,,roc_auc,0.836971875855749,0.8108843564987183,0.4212665557861328,0.836971875855749,,,,
tolokers,GAT-sep,2,512,3e-05,4,760,roc_auc,0.8852806364543502,0.8392583727836609,0.33709362149238586,0.8852806364543502,,,,,roc_auc,0.8336653048367366,0.8033344149589539,0.42470595240592957,0.8336653048367366,,,,,roc_auc,0.8395448839435077,0.8102040886878967,0.41998741030693054,0.8395448839435077,,,,
tolokers,GAT-sep,2,512,3e-05,5,830,roc_auc,0.8839233445057446,0.8433406949043274,0.3471021354198456,0.8839233445057446,,,,,roc_auc,0.8526066891239619,0.8176250457763672,0.40749919414520264,0.8526066891239619,,,,,roc_auc,0.8235950806471292,0.7928571701049805,0.4514855742454529,0.8235950806471292,,,,
tolokers,GAT-sep,2,512,3e-05,6,810,roc_auc,0.8993879255199716,0.8540568351745605,0.32551586627960205,0.8993879255199716,,,,,roc_auc,0.845402432285281,0.8033344149589539,0.4307398200035095,0.845402432285281,,,,,roc_auc,0.8397746652242638,0.801360547542572,0.43889304995536804,0.8397746652242638,,,,
tolokers,GAT-sep,2,512,3e-05,7,420,roc_auc,0.856401784872406,0.8193570375442505,0.37777289748191833,0.856401784872406,,,,,roc_auc,0.8432184806974525,0.8152432441711426,0.4014388620853424,0.8432184806974525,,,,,roc_auc,0.8201829303010337,0.7938775420188904,0.43457621335983276,0.8201829303010337,,,,
tolokers,GAT-sep,2,512,3e-05,8,540,roc_auc,0.8599008796154031,0.8239496946334839,0.37214747071266174,0.8599008796154031,,,,,roc_auc,0.8284956463532692,0.8033344149589539,0.4243302345275879,0.8284956463532692,,,,,roc_auc,0.8419924951671371,0.809183657169342,0.40223801136016846,0.8419924951671371,,,,
tolokers,GAT-sep,3,512,3e-05,0,270,roc_auc,0.8487193106344124,0.8055791854858398,0.4008297324180603,0.8487193106344124,,,,,roc_auc,0.8312471402250345,0.8040149211883545,0.42947250604629517,0.8312471402250345,,,,,roc_auc,0.8303932852351631,0.7942177057266235,0.4289467930793762,0.8303932852351631,,,,
tolokers,GAT-sep,2,512,3e-05,9,660,roc_auc,0.878976059021807,0.8344956636428833,0.3505275249481201,0.878976059021807,,,,,roc_auc,0.8340380090399439,0.8087784647941589,0.4325817823410034,0.8340380090399439,,,,,roc_auc,0.8415759742319611,0.8003401756286621,0.41255322098731995,0.8415759742319611,,,,
tolokers,GAT-sep,3,512,3e-05,2,320,roc_auc,0.8479766030578625,0.8076203465461731,0.39027610421180725,0.8479766030578625,,,,,roc_auc,0.8250927687238037,0.795508623123169,0.4244685769081116,0.8250927687238037,,,,,roc_auc,0.8396601134943293,0.8136054277420044,0.4065801799297333,0.8396601134943293,,,,
tolokers,GAT-sep,3,512,3e-05,1,430,roc_auc,0.8515488747204354,0.8156149387359619,0.4095020294189453,0.8515488747204354,,,,,roc_auc,0.8431383730545045,0.8104797005653381,0.42813003063201904,0.8431383730545045,,,,,roc_auc,0.8371203186300425,0.8003401756286621,0.44183507561683655,0.8371203186300425,,,,
tolokers,GAT-sep,3,512,3e-05,4,340,roc_auc,0.8556537352959332,0.8147644400596619,0.3841206133365631,0.8556537352959332,,,,,roc_auc,0.8321833134421983,0.7992514371871948,0.4208577275276184,0.8321833134421983,,,,,roc_auc,0.8462885239501233,0.8074830174446106,0.4006280303001404,0.8462885239501233,,,,
tolokers,GAT-sep,3,512,3e-05,3,520,roc_auc,0.8622707773271279,0.7970743775367737,0.41466158628463745,0.8622707773271279,,,,,roc_auc,0.8324765888807875,0.7795168161392212,0.4642670154571533,0.8324765888807875,,,,,roc_auc,0.8454527707962226,0.7969387769699097,0.43707022070884705,0.8454527707962226,,,,
tolokers,GAT-sep,3,512,3e-05,6,500,roc_auc,0.8609038189024718,0.8014968633651733,0.409074991941452,0.8609038189024718,,,,,roc_auc,0.8415674485987272,0.7917658686637878,0.44261133670806885,0.8415674485987272,,,,,roc_auc,0.8377486585924643,0.7914966344833374,0.44969284534454346,0.8377486585924643,,,,
tolokers,GAT-sep,3,512,3e-05,5,870,roc_auc,0.8924944561911914,0.849294126033783,0.3490494191646576,0.8924944561911914,,,,,roc_auc,0.8541552105948468,0.8162640333175659,0.44350576400756836,0.8541552105948468,,,,,roc_auc,0.8265198777753376,0.7931972742080688,0.49135392904281616,0.8265198777753376,,,,
tolokers,GAT-sep,3,512,3e-05,7,650,roc_auc,0.8755086771037475,0.8248001337051392,0.36996403336524963,0.8755086771037475,,,,,roc_auc,0.8520072395585119,0.8149030208587646,0.41971248388290405,0.8520072395585119,,,,,roc_auc,0.8314801710277663,0.7850340008735657,0.45341071486473083,0.8314801710277663,,,,
tolokers,GAT-sep,3,512,3e-05,8,970,roc_auc,0.8895001380440615,0.8382378220558167,0.36299562454223633,0.8895001380440615,,,,,roc_auc,0.8391587882836463,0.7972099184989929,0.4853472411632538,0.8391587882836463,,,,,roc_auc,0.840874768524167,0.7945578098297119,0.4694507122039795,0.840874768524167,,,,
tolokers,GAT-sep,3,512,3e-05,9,810,roc_auc,0.8876828405465594,0.8363667726516724,0.3504117429256439,0.8876828405465594,,,,,roc_auc,0.8347949583779696,0.7975501418113708,0.4653586447238922,0.8347949583779696,,,,,roc_auc,0.8496501766401233,0.8057823181152344,0.4317858815193176,0.8496501766401233,,,,
tolokers,GAT-sep,4,512,3e-05,0,780,roc_auc,0.8902383515571846,0.8443613052368164,0.36426421999931335,0.8902383515571846,,,,,roc_auc,0.8361384585931739,0.8101394772529602,0.47479334473609924,0.8361384585931739,,,,,roc_auc,0.8402311775917838,0.8064625859260559,0.46155795454978943,0.8402311775917838,,,,
tolokers,GAT-sep,4,512,3e-05,1,300,roc_auc,0.843599809248206,0.8083007335662842,0.40996602177619934,0.843599809248206,,,,,roc_auc,0.8418186335808524,0.8097992539405823,0.4120364189147949,0.8418186335808524,,,,,roc_auc,0.833990819593904,0.8095238208770752,0.42567113041877747,0.833990819593904,,,,
tolokers,GAT-sep,4,512,3e-05,2,280,roc_auc,0.8492810685627884,0.8038782477378845,0.40110015869140625,0.8492810685627884,,,,,roc_auc,0.8223443298045239,0.7829193472862244,0.4415380656719208,0.8223443298045239,,,,,roc_auc,0.8416237606045078,0.8037415146827698,0.4184369444847107,0.8416237606045078,,,,
tolokers,GAT-sep,4,512,3e-05,3,690,roc_auc,0.8654024611865547,0.7953733801841736,0.42092204093933105,0.8654024611865547,,,,,roc_auc,0.8298099548002809,0.7744130492210388,0.47827818989753723,0.8298099548002809,,,,,roc_auc,0.8457984594486876,0.7911564707756042,0.4452381134033203,0.8457984594486876,,,,
tolokers,GAT-sep,4,512,3e-05,4,380,roc_auc,0.8510643638068143,0.7911209464073181,0.4148331880569458,0.8510643638068143,,,,,roc_auc,0.8300584242690856,0.7842803597450256,0.45060473680496216,0.8300584242690856,,,,,roc_auc,0.8410998050587128,0.7911564707756042,0.43060302734375,0.8410998050587128,,,,
tolokers,GAT-sep,4,512,3e-05,5,790,roc_auc,0.8898862035305362,0.8404490947723389,0.3560771346092224,0.8898862035305362,,,,,roc_auc,0.8555808550879894,0.8074174523353577,0.43646764755249023,0.8555808550879894,,,,,roc_auc,0.8255350040262561,0.7843537330627441,0.48802515864372253,0.8255350040262561,,,,
tolokers,GAT-sep,4,512,3e-05,6,770,roc_auc,0.893641629476172,0.8378975987434387,0.3619733452796936,0.893641629476172,,,,,roc_auc,0.8438491586660855,0.7972099184989929,0.46443167328834534,0.8438491586660855,,,,,roc_auc,0.8409479731799832,0.7857142686843872,0.47680842876434326,0.8409479731799832,,,,
tolokers,GAT-sep,4,512,3e-05,7,600,roc_auc,0.8788341144524332,0.8283721804618835,0.35950323939323425,0.8788341144524332,,,,,roc_auc,0.8501226733142435,0.8121809959411621,0.414925217628479,0.8501226733142435,,,,,roc_auc,0.8331652337533111,0.7884353995323181,0.4389277994632721,0.8331652337533111,,,,
tolokers,GAT-sep,4,512,3e-05,8,900,roc_auc,0.9006852683583338,0.8518455624580383,0.331234872341156,0.9006852683583338,,,,,roc_auc,0.8437541156998761,0.8132017254829407,0.46338313817977905,0.8437541156998761,,,,,roc_auc,0.8477112699923273,0.8122448921203613,0.44872888922691345,0.8477112699923273,,,,
tolokers,GAT-sep,4,512,3e-05,9,680,roc_auc,0.8796043799650921,0.8181663751602173,0.3899896442890167,0.8796043799650921,,,,,roc_auc,0.8322566323018457,0.7880231142044067,0.49272722005844116,0.8322566323018457,,,,,roc_auc,0.8438188835476603,0.7897959351539612,0.468534916639328,0.8438188835476603,,,,
tolokers,GAT-sep,5,512,3e-05,0,260,roc_auc,0.844126547399311,0.8062595725059509,0.416452556848526,0.844126547399311,,,,,roc_auc,0.8300502777291248,0.808438241481781,0.4381500482559204,0.8300502777291248,,,,,roc_auc,0.8253387748794156,0.7952380776405334,0.44132712483406067,0.8253387748794156,,,,
tolokers,GAT-sep,5,512,3e-05,1,370,roc_auc,0.8499640814100438,0.8086409568786621,0.4083169102668762,0.8499640814100438,,,,,roc_auc,0.8422324099230288,0.8023136854171753,0.4233928322792053,0.8422324099230288,,,,,roc_auc,0.8372572384492543,0.7955782413482666,0.4322950839996338,0.8372572384492543,,,,
tolokers,GAT-sep,5,512,3e-05,2,300,roc_auc,0.8484960489551048,0.815104603767395,0.39376309514045715,0.8484960489551048,,,,,roc_auc,0.8250578064898053,0.8029941916465759,0.4275902509689331,0.8250578064898053,,,,,roc_auc,0.8423537737000074,0.8125850558280945,0.4064222276210785,0.8423537737000074,,,,
tolokers,GAT-sep,5,512,3e-05,4,400,roc_auc,0.8574749333013152,0.7805749177932739,0.41950279474258423,0.8574749333013152,,,,,roc_auc,0.8333659194931766,0.7676079869270325,0.46084877848625183,0.8333659194931766,,,,,roc_auc,0.8469216086587552,0.7843537330627441,0.43500977754592896,0.8469216086587552,,,,
tolokers,GAT-sep,5,512,3e-05,3,500,roc_auc,0.866731856024453,0.7967341542243958,0.40930885076522827,0.866731856024453,,,,,roc_auc,0.8337338715480734,0.7672677636146545,0.45611780881881714,0.8337338715480734,,,,,roc_auc,0.8485538013550996,0.793537437915802,0.43036845326423645,0.8485538013550996,,,,
tolokers,GAT-sep,5,512,3e-05,5,740,roc_auc,0.8899960961003739,0.8435108065605164,0.3437380790710449,0.8899960961003739,,,,,roc_auc,0.8600628098230978,0.8166042566299438,0.4077836871147156,0.8600628098230978,,,,,roc_auc,0.8336973231497523,0.7993197441101074,0.45345768332481384,0.8336973231497523,,,,
tolokers,GAT-sep,5,512,3e-05,6,880,roc_auc,0.8998988920522573,0.8530362248420715,0.339791476726532,0.8998988920522573,,,,,roc_auc,0.8470765462472285,0.8091187477111816,0.4619898498058319,0.8470765462472285,,,,,roc_auc,0.8402030480249656,0.7925170063972473,0.48708197474479675,0.8402030480249656,,,,
tolokers,GAT-sep,5,512,3e-05,8,530,roc_auc,0.8584324231922164,0.8134036660194397,0.41112062335014343,0.8584324231922164,,,,,roc_auc,0.8388641550883967,0.7941476702690125,0.4588800370693207,0.8388641550883967,,,,,roc_auc,0.8386203362533857,0.8017007112503052,0.4500685930252075,0.8386203362533857,,,,
tolokers,GAT-sep,5,512,3e-05,7,540,roc_auc,0.8687772484392882,0.8261609077453613,0.3757668435573578,0.8687772484392882,,,,,roc_auc,0.851648791800236,0.8128615021705627,0.4117497503757477,0.851648791800236,,,,,roc_auc,0.8324406432249092,0.7952380776405334,0.4434042274951935,0.8324406432249092,,,,
tolokers,GT,1,512,3e-05,0,350,roc_auc,0.82104215465412,0.7980949282646179,0.4007175862789154,0.82104215465412,,,,,roc_auc,0.7969678578265844,0.7917658686637878,0.4304741621017456,0.7969678578265844,,,,,roc_auc,0.7862200369276818,0.7802721261978149,0.4360657334327698,0.7862200369276818,,,,
tolokers,GT,1,512,3e-05,1,380,roc_auc,0.8116398108219761,0.7945228815078735,0.4072577953338623,0.8116398108219761,,,,,roc_auc,0.8118610906316147,0.7958489060401917,0.4148859679698944,0.8118610906316147,,,,,roc_auc,0.7926735695945817,0.789455771446228,0.4237183630466461,0.7926735695945817,,,,
tolokers,GT,1,512,3e-05,2,430,roc_auc,0.8349971543251206,0.8088110685348511,0.389755517244339,0.8349971543251206,,,,,roc_auc,0.7931702124481846,0.7917658686637878,0.4405747950077057,0.7931702124481846,,,,,roc_auc,0.8184863446204067,0.7976190447807312,0.40286684036254883,0.8184863446204067,,,,
tolokers,GT,1,512,3e-05,3,470,roc_auc,0.8295712086893818,0.8043885231018066,0.3963911235332489,0.8295712086893818,,,,,roc_auc,0.7949441215246521,0.7883633375167847,0.43433520197868347,0.7949441215246521,,,,,roc_auc,0.8092696751068923,0.8023809790611267,0.4266955852508545,0.8092696751068923,,,,
tolokers,GT,1,512,3e-05,4,820,roc_auc,0.8575434465701648,0.8198673129081726,0.3633359968662262,0.8575434465701648,,,,,roc_auc,0.801240039157702,0.7972099184989929,0.44393327832221985,0.801240039157702,,,,,roc_auc,0.8185805617237256,0.800000011920929,0.4388265311717987,0.8185805617237256,,,,
tolokers,GAT-sep,5,512,3e-05,9,450,roc_auc,0.8668169888486176,0.8157849907875061,0.3839751183986664,0.8668169888486176,,,,,roc_auc,0.8350868760598988,0.7972099184989929,0.44622746109962463,0.8350868760598988,,,,,roc_auc,0.8455961299138625,0.7996598482131958,0.4232669472694397,0.8455961299138625,,,,
tolokers,GT,1,512,3e-05,5,900,roc_auc,0.8573001735895593,0.8186766505241394,0.37225261330604553,0.8573001735895593,,,,,roc_auc,0.8230802339143174,0.7995916604995728,0.42844143509864807,0.8230802339143174,,,,,roc_auc,0.7877051424915069,0.7778911590576172,0.46754923462867737,0.7877051424915069,,,,
tolokers,GT,1,512,3e-05,6,420,roc_auc,0.8336643677412396,0.8057492971420288,0.39472314715385437,0.8336643677412396,,,,,roc_auc,0.7977682553777348,0.7914256453514099,0.4337170124053955,0.7977682553777348,,,,,roc_auc,0.7982459351081395,0.7891156673431396,0.42789721488952637,0.7982459351081395,,,,
tolokers,GT,1,512,3e-05,7,470,roc_auc,0.8364218572251312,0.8096615076065063,0.38976165652275085,0.8364218572251312,,,,,roc_auc,0.8064979518240782,0.8033344149589539,0.4219988286495209,0.8064979518240782,,,,,roc_auc,0.7951279590270831,0.787074863910675,0.43589773774147034,0.7951279590270831,,,,
tolokers,GT,1,512,3e-05,8,680,roc_auc,0.844553992186774,0.8195271492004395,0.37964722514152527,0.844553992186774,,,,,roc_auc,0.8104093093227644,0.795508623123169,0.4266414940357208,0.8104093093227644,,,,,roc_auc,0.801855331332406,0.7887755036354065,0.43451833724975586,0.801855331332406,,,,
tolokers,GT,1,512,3e-05,9,430,roc_auc,0.8306998121651075,0.8074502348899841,0.3936607241630554,0.8306998121651075,,,,,roc_auc,0.7855640596381036,0.776114284992218,0.4437531530857086,0.7855640596381036,,,,,roc_auc,0.8062432048456061,0.7850340008735657,0.4160623848438263,0.8062432048456061,,,,
tolokers,GT,2,512,3e-05,1,190,roc_auc,0.8091734179370451,0.7935023307800293,0.4090172052383423,0.8091734179370451,,,,,roc_auc,0.8218650417034958,0.7975501418113708,0.4019627869129181,0.8218650417034958,,,,,roc_auc,0.8098204045777311,0.7976190447807312,0.40865686535835266,0.8098204045777311,,,,
tolokers,GT,2,512,3e-05,0,690,roc_auc,0.8870889458249981,0.8341554999351501,0.36078062653541565,0.8870889458249981,,,,,roc_auc,0.8160416233881731,0.7791765928268433,0.49278825521469116,0.8160416233881731,,,,,roc_auc,0.813523678994873,0.7727891206741333,0.5005473494529724,0.813523678994873,,,,
tolokers,GT,2,512,3e-05,2,570,roc_auc,0.870264444259029,0.8222486972808838,0.3729225993156433,0.870264444259029,,,,,roc_auc,0.8078523140925638,0.7897243499755859,0.4754802882671356,0.8078523140925638,,,,,roc_auc,0.8280273514284398,0.8047618865966797,0.45200735330581665,0.8280273514284398,,,,
tolokers,GT,2,512,3e-05,3,550,roc_auc,0.8602636268482472,0.8111923933029175,0.38484036922454834,0.8602636268482472,,,,,roc_auc,0.820656638275975,0.7839400768280029,0.44625425338745117,0.820656638275975,,,,,roc_auc,0.8258989938426751,0.7948979735374451,0.44334644079208374,0.8258989938426751,,,,
tolokers,GT,2,512,3e-05,4,630,roc_auc,0.8832688223247434,0.8077904582023621,0.3845243453979492,0.8832688223247434,,,,,roc_auc,0.8172649621389555,0.7638652324676514,0.49729210138320923,0.8172649621389555,,,,,roc_auc,0.8291850695037538,0.7653061151504517,0.48290011286735535,0.8291850695037538,,,,
tolokers,GT,2,512,3e-05,5,800,roc_auc,0.8963437487068969,0.850144624710083,0.3379497826099396,0.8963437487068969,,,,,roc_auc,0.8435708185507578,0.8091187477111816,0.4491208791732788,0.8435708185507578,,,,,roc_auc,0.809069379034729,0.7826530933380127,0.5166764855384827,0.809069379034729,,,,
tolokers,GT,2,512,3e-05,6,690,roc_auc,0.8896463222959136,0.8428304195404053,0.35057634115219116,0.8896463222959136,,,,,roc_auc,0.8303659561526064,0.7931268811225891,0.460758775472641,0.8303659561526064,,,,,roc_auc,0.8222889197975214,0.7748299241065979,0.47562047839164734,0.8222889197975214,,,,
tolokers,GT,2,512,3e-05,7,500,roc_auc,0.8605402237331319,0.8225889205932617,0.3847772479057312,0.8605402237331319,,,,,roc_auc,0.8411682681406473,0.8121809959411621,0.42136460542678833,0.8411682681406473,,,,,roc_auc,0.814220817777344,0.7789115905761719,0.4674306809902191,0.814220817777344,,,,
tolokers,GT,2,512,3e-05,8,430,roc_auc,0.8503695646422691,0.8122130036354065,0.3918755352497101,0.8503695646422691,,,,,roc_auc,0.8220435867043038,0.7934671640396118,0.44401755928993225,0.8220435867043038,,,,,roc_auc,0.8349370575524159,0.8037415146827698,0.418856680393219,0.8349370575524159,,,,
tolokers,GT,2,512,3e-05,9,410,roc_auc,0.8549836958770614,0.8117026686668396,0.3922399878501892,0.8549836958770614,,,,,roc_auc,0.8214549991921348,0.7968696355819702,0.4442732036113739,0.8214549991921348,,,,,roc_auc,0.8270861971265816,0.7928571701049805,0.4360193908214569,0.8270861971265816,,,,
tolokers,GT,3,512,3e-05,0,270,roc_auc,0.8446039356463684,0.7977547645568848,0.40587717294692993,0.8446039356463684,,,,,roc_auc,0.8195432778146635,0.7801973223686218,0.4378804862499237,0.8195432778146635,,,,,roc_auc,0.8215239989263317,0.7744898200035095,0.43694594502449036,0.8215239989263317,,,,
tolokers,GT,3,512,3e-05,1,450,roc_auc,0.8637578035595695,0.8008164763450623,0.39777663350105286,0.8637578035595695,,,,,roc_auc,0.8285309480264328,0.7771350741386414,0.4556546211242676,0.8285309480264328,,,,,roc_auc,0.8314435686998582,0.7714285850524902,0.4546433389186859,0.8314435686998582,,,,
tolokers,GT,3,512,3e-05,2,280,roc_auc,0.848838615299352,0.8089811205863953,0.3912392854690552,0.848838615299352,,,,,roc_auc,0.8127830074038471,0.783599853515625,0.4398052394390106,0.8127830074038471,,,,,roc_auc,0.8340619907870586,0.7948979735374451,0.41181692481040955,0.8340619907870586,,,,
tolokers,GT,3,512,3e-05,4,270,roc_auc,0.8468453709790003,0.7975846529006958,0.39767056703567505,0.8468453709790003,,,,,roc_auc,0.8174014166832992,0.7764545679092407,0.4390960931777954,0.8174014166832992,,,,,roc_auc,0.8348008155540914,0.7928571701049805,0.4161679744720459,0.8348008155540914,,,,
tolokers,GT,3,512,3e-05,3,690,roc_auc,0.8879036432100298,0.8213981986045837,0.3691217005252838,0.8879036432100298,,,,,roc_auc,0.8247224405947517,0.7713508009910583,0.4610435664653778,0.8247224405947517,,,,,roc_auc,0.8390412630243284,0.7877551317214966,0.44484153389930725,0.8390412630243284,,,,
tolokers,GT,3,512,3e-05,6,260,roc_auc,0.8456648737897403,0.7912910580635071,0.41495683789253235,0.8456648737897403,,,,,roc_auc,0.8346876956018188,0.7788363099098206,0.42726635932922363,0.8346876956018188,,,,,roc_auc,0.8316923289654556,0.7765306234359741,0.4379552900791168,0.8316923289654556,,,,
tolokers,GT,3,512,3e-05,5,810,roc_auc,0.9051017455959874,0.8193570375442505,0.3989541828632355,0.9051017455959874,,,,,roc_auc,0.8448559352295764,0.7716910243034363,0.549875020980835,0.8448559352295764,,,,,roc_auc,0.8131044467761483,0.7397959232330322,0.6159141659736633,0.8131044467761483,,,,
tolokers,GT,3,512,3e-05,7,260,roc_auc,0.8369268882019472,0.7865283489227295,0.4242387115955353,0.8369268882019472,,,,,roc_auc,0.8435368746342543,0.7927866578102112,0.41750040650367737,0.8435368746342543,,,,,roc_auc,0.8142919889704985,0.7629252076148987,0.4618171453475952,0.8142919889704985,,,,
tolokers,GT,3,512,3e-05,9,230,roc_auc,0.8398298835884945,0.8013267517089844,0.39996621012687683,0.8398298835884945,,,,,roc_auc,0.8216932854859886,0.7921061515808105,0.42648765444755554,0.8216932854859886,,,,,roc_auc,0.8301770603721508,0.7897959351539612,0.4123119115829468,0.8301770603721508,,,,
tolokers,GT,3,512,3e-05,8,730,roc_auc,0.8903095782228199,0.8312638401985168,0.3772456645965576,0.8903095782228199,,,,,roc_auc,0.8267991294064294,0.7713508009910583,0.5212472677230835,0.8267991294064294,,,,,roc_auc,0.8279534689517364,0.7700680494308472,0.5159497857093811,0.8279534689517364,,,,
tolokers,GT,4,512,3e-05,0,220,roc_auc,0.8418625569558945,0.7969042658805847,0.4037262797355652,0.8418625569558945,,,,,roc_auc,0.8237000498296695,0.7880231142044067,0.4274393916130066,0.8237000498296695,,,,,roc_auc,0.822144205038107,0.781632661819458,0.4282267391681671,0.822144205038107,,,,
tolokers,GT,4,512,3e-05,1,200,roc_auc,0.8243218882256895,0.8014968633651733,0.402483195066452,0.8243218882256895,,,,,roc_auc,0.8272668765758463,0.7944878935813904,0.40174612402915955,0.8272668765758463,,,,,roc_auc,0.8215121370608061,0.8057823181152344,0.40305468440055847,0.8215121370608061,,,,
tolokers,GT,4,512,3e-05,2,170,roc_auc,0.8252710683389332,0.8031978607177734,0.3977581858634949,0.8252710683389332,,,,,roc_auc,0.8142201928286009,0.7876828908920288,0.41248375177383423,0.8142201928286009,,,,,roc_auc,0.8221994474404127,0.8010204434394836,0.3945002853870392,0.8221994474404127,,,,
tolokers,GT,4,512,3e-05,3,600,roc_auc,0.8786002535669296,0.7950331568717957,0.4029842019081116,0.8786002535669296,,,,,roc_auc,0.8270075450537603,0.7516161799430847,0.4673575758934021,0.8270075450537603,,,,,roc_auc,0.8354454232178055,0.7666666507720947,0.4592958390712738,0.8354454232178055,,,,
tolokers,GT,4,512,3e-05,4,370,roc_auc,0.8577817167254456,0.7720701098442078,0.43911969661712646,0.8577817167254456,,,,,roc_auc,0.8232452013485239,0.7431098818778992,0.4902917742729187,0.8232452013485239,,,,,roc_auc,0.8387501389532819,0.7642857432365417,0.4599660038948059,0.8387501389532819,,,,
tolokers,GT,4,512,3e-05,5,650,roc_auc,0.8826507614130558,0.8037081360816956,0.4181338846683502,0.8826507614130558,,,,,roc_auc,0.840355650779556,0.7699897885322571,0.5138053297996521,0.840355650779556,,,,,roc_auc,0.8191675546120291,0.7547619342803955,0.5474808812141418,0.8191675546120291,,,,
tolokers,GT,4,512,3e-05,6,750,roc_auc,0.9096586411173225,0.8452118039131165,0.34011057019233704,0.9096586411173225,,,,,roc_auc,0.8356055391040706,0.7832595705986023,0.476512610912323,0.8356055391040706,,,,,roc_auc,0.8311304154499781,0.7768707871437073,0.49658864736557007,0.8311304154499781,,,,
tolokers,GT,4,512,3e-05,7,250,roc_auc,0.8354460519059239,0.781255304813385,0.4362722933292389,0.8354460519059239,,,,,roc_auc,0.8412314038253436,0.7856413722038269,0.4300299882888794,0.8412314038253436,,,,,roc_auc,0.8133172825347248,0.7595238089561462,0.4784698486328125,0.8133172825347248,,,,
tolokers,GT,4,512,3e-05,8,210,roc_auc,0.8357903141231624,0.7938424944877625,0.4112384617328644,0.8357903141231624,,,,,roc_auc,0.8227910317457086,0.7788363099098206,0.43842342495918274,0.8227910317457086,,,,,roc_auc,0.8324094634640986,0.7840136289596558,0.41997236013412476,0.8324094634640986,,,,
tolokers,GT,4,512,3e-05,9,230,roc_auc,0.8414234106447913,0.7929919958114624,0.40910249948501587,0.8414234106447913,,,,,roc_auc,0.8211508617002644,0.7873426079750061,0.43726983666419983,0.8211508617002644,,,,,roc_auc,0.8281957899189056,0.7806122303009033,0.4263448417186737,0.8281957899189056,,,,
tolokers,GT,5,512,3e-05,0,630,roc_auc,0.8885219585026662,0.8363667726516724,0.3534192740917206,0.8885219585026662,,,,,roc_auc,0.8263008327121596,0.781898558139801,0.4513215124607086,0.8263008327121596,,,,,roc_auc,0.8285272443327396,0.7823129296302795,0.455811083316803,0.8285272443327396,,,,
tolokers,GT,5,512,3e-05,1,290,roc_auc,0.8473493844320215,0.7946929931640625,0.4144211411476135,0.8473493844320215,,,,,roc_auc,0.831930770703413,0.7825790643692017,0.44098159670829773,0.831930770703413,,,,,roc_auc,0.8319444783354888,0.7744898200035095,0.4442543089389801,0.8319444783354888,,,,
tolokers,GT,5,512,3e-05,2,170,roc_auc,0.8290174213640653,0.807110071182251,0.4045940637588501,0.8290174213640653,,,,,roc_auc,0.8168881846657678,0.795508623123169,0.42349928617477417,0.8168881846657678,,,,,roc_auc,0.8264392170897624,0.8040816187858582,0.40392693877220154,0.8264392170897624,,,,
tolokers,GT,5,512,3e-05,3,720,roc_auc,0.9092099131238183,0.8397687077522278,0.3373386561870575,0.9092099131238183,,,,,roc_auc,0.8280285780621824,0.7716910243034363,0.463816374540329,0.8280285780621824,,,,,roc_auc,0.8314727149980072,0.7819728255271912,0.45849019289016724,0.8314727149980072,,,,
tolokers,GT,5,512,3e-05,4,700,roc_auc,0.8992134201891646,0.8188467621803284,0.3655287027359009,0.8992134201891646,,,,,roc_auc,0.8271093768032706,0.7662469744682312,0.48450273275375366,0.8271093768032706,,,,,roc_auc,0.8331970913350089,0.7741496562957764,0.4748809337615967,0.8331970913350089,,,,
tolokers,GT,5,512,3e-05,5,600,roc_auc,0.8837981890789849,0.8123830556869507,0.39744511246681213,0.8837981890789849,,,,,roc_auc,0.8502917140184303,0.7822388410568237,0.46552547812461853,0.8502917140184303,,,,,roc_auc,0.8213440374807837,0.7510204315185547,0.5131191611289978,0.8213440374807837,,,,
tolokers,GT,5,512,3e-05,6,600,roc_auc,0.8841701788196316,0.8241197466850281,0.37879085540771484,0.8841701788196316,,,,,roc_auc,0.8456862034272493,0.7931268811225891,0.44316214323043823,0.8456862034272493,,,,,roc_auc,0.8345466327213966,0.7863945960998535,0.46520423889160156,0.8345466327213966,,,,
tolokers,GT,5,512,3e-05,7,630,roc_auc,0.8817023444426582,0.815444827079773,0.3769884407520294,0.8817023444426582,,,,,roc_auc,0.8427100008282317,0.7856413722038269,0.45073258876800537,0.8427100008282317,,,,,roc_auc,0.8210403737233244,0.7646258473396301,0.48728734254837036,0.8210403737233244,,,,
tolokers,GT,5,512,3e-05,8,600,roc_auc,0.8716396276676931,0.8103418946266174,0.40489017963409424,0.8716396276676931,,,,,roc_auc,0.8320543265594853,0.7771350741386414,0.49489039182662964,0.8320543265594853,,,,,roc_auc,0.8293192780394166,0.7744898200035095,0.49156859517097473,0.8293192780394166,,,,
tolokers,GT-sep,1,512,3e-05,0,1210,roc_auc,0.8688444050097445,0.8319442272186279,0.3537004590034485,0.8688444050097445,,,,,roc_auc,0.7983466597149524,0.781898558139801,0.4644528925418854,0.7983466597149524,,,,,roc_auc,0.8031174338243467,0.7891156673431396,0.4411412179470062,0.8031174338243467,,,,
tolokers,GT-sep,1,512,3e-05,1,670,roc_auc,0.8405355363401841,0.8156149387359619,0.3819570541381836,0.8405355363401841,,,,,roc_auc,0.8110953158752983,0.8002721667289734,0.426218718290329,0.8110953158752983,,,,,roc_auc,0.8043686911820924,0.7986394762992859,0.42920994758605957,0.8043686911820924,,,,
tolokers,GT,5,512,3e-05,9,690,roc_auc,0.9000131938918726,0.8329647779464722,0.3497236669063568,0.9000131938918726,,,,,roc_auc,0.8288153980467314,0.7754337787628174,0.4779510796070099,0.8288153980467314,,,,,roc_auc,0.8410879431931871,0.7782313227653503,0.45064547657966614,0.8410879431931871,,,,
tolokers,GT-sep,1,512,3e-05,3,670,roc_auc,0.8445990176146935,0.8130634427070618,0.38077858090400696,0.8445990176146935,,,,,roc_auc,0.7948259966952202,0.7825790643692017,0.436965674161911,0.7948259966952202,,,,,roc_auc,0.8059693652071827,0.801360547542572,0.4356040060520172,0.8059693652071827,,,,
tolokers,GT-sep,1,512,3e-05,2,1120,roc_auc,0.8768511301636789,0.8275216817855835,0.34317898750305176,0.8768511301636789,,,,,roc_auc,0.789307055310933,0.7849608659744263,0.4723384976387024,0.789307055310933,,,,,roc_auc,0.8145583725791625,0.8003401756286621,0.4327474534511566,0.8145583725791625,,,,
tolokers,GT-sep,1,512,3e-05,4,840,roc_auc,0.8649683177007761,0.8230991959571838,0.35557281970977783,0.8649683177007761,,,,,roc_auc,0.8012115262678392,0.7887036204338074,0.4528157114982605,0.8012115262678392,,,,,roc_auc,0.8167755247011489,0.7972789406776428,0.4470597803592682,0.8167755247011489,,,,
tolokers,GT-sep,1,512,3e-05,5,1020,roc_auc,0.8523918083907726,0.8186766505241394,0.3692174553871155,0.8523918083907726,,,,,roc_auc,0.8179302629024221,0.7975501418113708,0.42502257227897644,0.8179302629024221,,,,,roc_auc,0.791080012688807,0.7840136289596558,0.4503398835659027,0.791080012688807,,,,
tolokers,GT-sep,1,512,3e-05,7,550,roc_auc,0.8450080621802009,0.8142541646957397,0.38149136304855347,0.8450080621802009,,,,,roc_auc,0.8095454366477531,0.7978904247283936,0.42341068387031555,0.8095454366477531,,,,,roc_auc,0.7969350295123214,0.7867347002029419,0.43732360005378723,0.7969350295123214,,,,
tolokers,GT-sep,1,512,3e-05,6,1660,roc_auc,0.8887083349444127,0.8414696455001831,0.3297031819820404,0.8887083349444127,,,,,roc_auc,0.7938911812347168,0.7812180519104004,0.47234901785850525,0.7938911812347168,,,,,roc_auc,0.7994260212727308,0.7840136289596558,0.46396178007125854,0.7994260212727308,,,,
tolokers,GT-sep,1,512,3e-05,8,1040,roc_auc,0.8571909593689182,0.8261609077453613,0.3640459477901459,0.8571909593689182,,,,,roc_auc,0.8069453326435929,0.7921061515808105,0.4397255480289459,0.8069453326435929,,,,,roc_auc,0.8006840568393484,0.7901360392570496,0.44773513078689575,0.8006840568393484,,,,
tolokers,GT-sep,1,512,3e-05,9,720,roc_auc,0.8450777625601441,0.8147644400596619,0.37920790910720825,0.8450777625601441,,,,,roc_auc,0.7853271311009099,0.7750935554504395,0.4534933269023895,0.7853271311009099,,,,,roc_auc,0.8042178760346937,0.7833333611488342,0.4232857823371887,0.8042178760346937,,,,
tolokers,GT-sep,2,512,3e-05,1,280,roc_auc,0.8301988512834707,0.799625813961029,0.4002169668674469,0.8301988512834707,,,,,roc_auc,0.823725847206212,0.7938073873519897,0.4132516086101532,0.823725847206212,,,,,roc_auc,0.8219845782191748,0.7938775420188904,0.4117559492588043,0.8219845782191748,,,,
tolokers,GT-sep,2,512,3e-05,0,780,roc_auc,0.8866430160219296,0.8307535648345947,0.35722386837005615,0.8866430160219296,,,,,roc_auc,0.8188555740663047,0.7825790643692017,0.4737450182437897,0.8188555740663047,,,,,roc_auc,0.8193054911625712,0.7741496562957764,0.4705497920513153,0.8193054911625712,,,,
tolokers,GT-sep,2,512,3e-05,2,270,roc_auc,0.8330225646076734,0.807110071182251,0.39338216185569763,0.8330225646076734,,,,,roc_auc,0.8103342932672921,0.7921061515808105,0.41954997181892395,0.8103342932672921,,,,,roc_auc,0.8283893077821971,0.8027210831642151,0.3961891829967499,0.8283893077821971,,,,
tolokers,GT-sep,2,512,3e-05,3,690,roc_auc,0.8708277284730971,0.8227589726448059,0.3698333203792572,0.8708277284730971,,,,,roc_auc,0.8232709987250664,0.7856413722038269,0.44650742411613464,0.8232709987250664,,,,,roc_auc,0.8211603480203563,0.7965986728668213,0.4501630961894989,0.8211603480203563,,,,
tolokers,GT-sep,2,512,3e-05,4,630,roc_auc,0.8853145539141766,0.8367069363594055,0.341891884803772,0.8853145539141766,,,,,roc_auc,0.8174129576149105,0.7866621017456055,0.45357102155685425,0.8174129576149105,,,,,roc_auc,0.8279270339371363,0.7962585091590881,0.4415595531463623,0.8279270339371363,,,,
tolokers,GT-sep,2,512,3e-05,5,710,roc_auc,0.8830430168359488,0.841809868812561,0.3500719666481018,0.8830430168359488,,,,,roc_auc,0.8419802066234084,0.8094589710235596,0.42646655440330505,0.8419802066234084,,,,,roc_auc,0.8176207673474701,0.7857142686843872,0.46728840470314026,0.8176207673474701,,,,
tolokers,GT-sep,2,512,3e-05,6,590,roc_auc,0.8752224137428121,0.8307535648345947,0.35852086544036865,0.8752224137428121,,,,,roc_auc,0.8287862062785383,0.8023136854171753,0.43319013714790344,0.8287862062785383,,,,,roc_auc,0.8275955795233023,0.7914966344833374,0.43795299530029297,0.8275955795233023,,,,
tolokers,GT-sep,2,512,3e-05,7,410,roc_auc,0.8455200462362813,0.8042184114456177,0.3937166631221771,0.8455200462362813,,,,,roc_auc,0.834109970142931,0.8101394772529602,0.4134799540042877,0.834109970142931,,,,,roc_auc,0.8079109831385276,0.7775510549545288,0.44915422797203064,0.8079109831385276,,,,
tolokers,GT-sep,2,512,3e-05,8,440,roc_auc,0.8493277898636994,0.8157849907875061,0.38328462839126587,0.8493277898636994,,,,,roc_auc,0.8188650783629257,0.7887036204338074,0.43416446447372437,0.8188650783629257,,,,,roc_auc,0.8326107762675928,0.8034013509750366,0.41127997636795044,0.8326107762675928,,,,
tolokers,GT-sep,2,512,3e-05,9,380,roc_auc,0.8553613667922292,0.8113625049591064,0.38497427105903625,0.8553613667922292,,,,,roc_auc,0.8217828974255575,0.795168399810791,0.43270614743232727,0.8217828974255575,,,,,roc_auc,0.8306108657399499,0.789455771446228,0.42084771394729614,0.8306108657399499,,,,
tolokers,GT-sep,3,512,3e-05,0,650,roc_auc,0.9029378964527085,0.8504847884178162,0.31798461079597473,0.9029378964527085,,,,,roc_auc,0.829042822287304,0.7965294122695923,0.4362494647502899,0.829042822287304,,,,,roc_auc,0.8291386387729816,0.7901360392570496,0.43366384506225586,0.8291386387729816,,,,
tolokers,GT-sep,3,512,3e-05,1,430,roc_auc,0.8587103767754942,0.8076203465461731,0.38464513421058655,0.8587103767754942,,,,,roc_auc,0.8299905364360788,0.7924463748931885,0.42746564745903015,0.8299905364360788,,,,,roc_auc,0.8286109552123071,0.7829931974411011,0.4272851347923279,0.8286109552123071,,,,
tolokers,GT-sep,3,512,3e-05,2,300,roc_auc,0.8482611705458065,0.8098316192626953,0.38796183466911316,0.8482611705458065,,,,,roc_auc,0.8143383176580328,0.7887036204338074,0.4329560697078705,0.8143383176580328,,,,,roc_auc,0.8329781551884479,0.8040816187858582,0.40817713737487793,0.8329781551884479,,,,
tolokers,GT-sep,3,512,3e-05,3,770,roc_auc,0.8805617002686942,0.8168056011199951,0.37400197982788086,0.8805617002686942,,,,,roc_auc,0.8251983343041294,0.770330011844635,0.4543032944202423,0.8251983343041294,,,,,roc_auc,0.8340565682199611,0.7887755036354065,0.44846516847610474,0.8340565682199611,,,,
tolokers,GT-sep,3,512,3e-05,4,420,roc_auc,0.8625795110051983,0.7776833176612854,0.4219505786895752,0.8625795110051983,,,,,roc_auc,0.8209987929543292,0.7492344379425049,0.4797150492668152,0.8209987929543292,,,,,roc_auc,0.8361659468208846,0.767346978187561,0.45381051301956177,0.8361659468208846,,,,
tolokers,GT-sep,3,512,3e-05,5,850,roc_auc,0.9046450469994242,0.8481034636497498,0.32888999581336975,0.9046450469994242,,,,,roc_auc,0.8486474707030057,0.8087784647941589,0.4460545480251312,0.8486474707030057,,,,,roc_auc,0.8191939896266291,0.789455771446228,0.4910191297531128,0.8191939896266291,,,,
tolokers,GT-sep,3,512,3e-05,7,330,roc_auc,0.8471882764978459,0.8064296841621399,0.3977390229701996,0.8471882764978459,,,,,roc_auc,0.8442293305309236,0.81252121925354,0.4041541516780853,0.8442293305309236,,,,,roc_auc,0.8126367503639899,0.7789115905761719,0.4478791058063507,0.8126367503639899,,,,
tolokers,GT-sep,3,512,3e-05,6,900,roc_auc,0.9101953849190763,0.8390883207321167,0.3437454104423523,0.9101953849190763,,,,,roc_auc,0.8392511157365354,0.7808778285980225,0.46880805492401123,0.8392511157365354,,,,,roc_auc,0.8335543029425561,0.7727891206741333,0.485068142414093,0.8335543029425561,,,,
tolokers,GT-sep,3,512,3e-05,9,280,roc_auc,0.8486616509527074,0.8088110685348511,0.39053770899772644,0.8486616509527074,,,,,roc_auc,0.824345663121564,0.7999319434165955,0.42472898960113525,0.824345663121564,,,,,roc_auc,0.8362666032226318,0.7976190447807312,0.4096430242061615,0.8362666032226318,,,,
tolokers,GT-sep,3,512,3e-05,8,730,roc_auc,0.882173627546947,0.8183364868164062,0.3799974322319031,0.882173627546947,,,,,roc_auc,0.8267943772581191,0.7710105180740356,0.49986833333969116,0.8267943772581191,,,,,roc_auc,0.8279134775193925,0.768367350101471,0.4857211709022522,0.8279134775193925,,,,
tolokers,GT-sep,4,512,3e-05,0,310,roc_auc,0.8407668534162005,0.8001360893249512,0.4029318690299988,0.8407668534162005,,,,,roc_auc,0.8203939123622387,0.7900646328926086,0.43257713317871094,0.8203939123622387,,,,,roc_auc,0.819672192262539,0.7833333611488342,0.4275982081890106,0.819672192262539,,,,
tolokers,GT-sep,4,512,3e-05,2,200,roc_auc,0.8264881963848059,0.8043885231018066,0.39646196365356445,0.8264881963848059,,,,,roc_auc,0.812533859056712,0.7941476702690125,0.4139166474342346,0.812533859056712,,,,,roc_auc,0.8235401771552671,0.8030612468719482,0.393829882144928,0.8235401771552671,,,,
tolokers,GT-sep,4,512,3e-05,1,520,roc_auc,0.8686882151072435,0.7941827178001404,0.3884066939353943,0.8686882151072435,,,,,roc_auc,0.8321894233471689,0.776114284992218,0.4389517605304718,0.8321894233471689,,,,,roc_auc,0.8259959222295427,0.7557823061943054,0.4511233866214752,0.8259959222295427,,,,
tolokers,GT-sep,4,512,3e-05,4,510,roc_auc,0.8720333245826288,0.789590060710907,0.3998352885246277,0.8720333245826288,,,,,roc_auc,0.8219268196315319,0.7485539317131042,0.47099941968917847,0.8219268196315319,,,,,roc_auc,0.8384264794796504,0.7690476179122925,0.443642795085907,0.8384264794796504,,,,
tolokers,GT-sep,4,512,3e-05,3,720,roc_auc,0.8877805228308596,0.8256506323814392,0.3591974377632141,0.8877805228308596,,,,,roc_auc,0.8253239267951918,0.7733922600746155,0.4475136697292328,0.8253239267951918,,,,,roc_auc,0.8362771094463831,0.7833333611488342,0.43737128376960754,0.8362771094463831,,,,
tolokers,GT-sep,4,512,3e-05,5,510,roc_auc,0.8576242549182012,0.7513182759284973,0.45613932609558105,0.8576242549182012,,,,,roc_auc,0.8404574825290662,0.7403878569602966,0.4900570809841156,0.8404574825290662,,,,,roc_auc,0.814013404585865,0.7204082012176514,0.5112139582633972,0.814013404585865,,,,
tolokers,GT-sep,4,512,3e-05,6,860,roc_auc,0.9182719800402533,0.8552474975585938,0.31376025080680847,0.9182719800402533,,,,,roc_auc,0.8411798090722584,0.7890438437461853,0.4516424536705017,0.8411798090722584,,,,,roc_auc,0.8297984974066571,0.773809552192688,0.46954840421676636,0.8297984974066571,,,,
tolokers,GT-sep,4,512,3e-05,7,340,roc_auc,0.8421608610150684,0.7809151411056519,0.4163983464241028,0.8421608610150684,,,,,roc_auc,0.8412083219621214,0.781898558139801,0.4223449230194092,0.8412083219621214,,,,,roc_auc,0.8134209891304642,0.7551020383834839,0.4590185880661011,0.8134209891304642,,,,
tolokers,GT-sep,4,512,3e-05,8,290,roc_auc,0.844909531959405,0.8101718425750732,0.3941551744937897,0.844909531959405,,,,,roc_auc,0.8301432840603442,0.8036746978759766,0.4212843179702759,0.8301432840603442,,,,,roc_auc,0.8377032445930227,0.7989795804023743,0.4083642363548279,0.8377032445930227,,,,
tolokers,GT-sep,4,512,3e-05,9,490,roc_auc,0.8681262027979191,0.7754720449447632,0.4301416575908661,0.8681262027979191,,,,,roc_auc,0.8215778761698772,0.7346035838127136,0.4909147024154663,0.8215778761698772,,,,,roc_auc,0.8377022278616919,0.7462584972381592,0.47044020891189575,0.8377022278616919,,,,
tolokers,GT-sep,5,512,3e-05,0,630,roc_auc,0.90107107946386,0.849974513053894,0.3234882056713104,0.90107107946386,,,,,roc_auc,0.8266755735503571,0.7910853624343872,0.4367155134677887,0.8266755735503571,,,,,roc_auc,0.8307233840072229,0.7921769022941589,0.4370247721672058,0.8307233840072229,,,,
tolokers,GT-sep,5,512,3e-05,1,290,roc_auc,0.8420758977782029,0.7829563021659851,0.4176226258277893,0.8420758977782029,,,,,roc_auc,0.829381582574008,0.7822388410568237,0.4382369816303253,0.829381582574008,,,,,roc_auc,0.8256976810391807,0.7795918583869934,0.4444071054458618,0.8256976810391807,,,,
tolokers,GT-sep,5,512,3e-05,2,360,roc_auc,0.8555213724089605,0.7940126061439514,0.4007866084575653,0.8555213724089605,,,,,roc_auc,0.8154238441078113,0.7733922600746155,0.4582535922527313,0.8154238441078113,,,,,roc_auc,0.8322372969587533,0.781632661819458,0.43704643845558167,0.8322372969587533,,,,
tolokers,GT-sep,5,512,3e-05,3,740,roc_auc,0.8911032467827594,0.8178261518478394,0.3716476559638977,0.8911032467827594,,,,,roc_auc,0.823934941731873,0.7665872573852539,0.46938762068748474,0.823934941731873,,,,,roc_auc,0.8338728787595335,0.7772108912467957,0.4595068395137787,0.8338728787595335,,,,
tolokers,GT-sep,5,512,3e-05,4,780,roc_auc,0.8997876427840266,0.8178261518478394,0.35601815581321716,0.8997876427840266,,,,,roc_auc,0.8264868453745983,0.7659067511558533,0.4778350293636322,0.8264868453745983,,,,,roc_auc,0.838690151804766,0.775170087814331,0.4505966603755951,0.838690151804766,,,,
tolokers,GT-sep,5,512,3e-05,5,700,roc_auc,0.886722722052522,0.797924816608429,0.4032529592514038,0.886722722052522,,,,,roc_auc,0.8456094901759517,0.7631847262382507,0.47371768951416016,0.8456094901759517,,,,,roc_auc,0.8139157983781101,0.7387754917144775,0.5206130146980286,0.8139157983781101,,,,
tolokers,GT-sep,5,512,3e-05,6,720,roc_auc,0.9049763357882791,0.8464024662971497,0.33379924297332764,0.9049763357882791,,,,,roc_auc,0.8412673843768372,0.7941476702690125,0.4460633099079132,0.8412673843768372,,,,,roc_auc,0.8372152135542488,0.7799319624900818,0.4557446241378784,0.8372152135542488,,,,
tolokers,GT-sep,5,512,3e-05,7,340,roc_auc,0.8454344046502194,0.7938424944877625,0.4076492488384247,0.8454344046502194,,,,,roc_auc,0.8421044413578109,0.7931268811225891,0.41617152094841003,0.8421044413578109,,,,,roc_auc,0.8154747864186386,0.7612245082855225,0.45050734281539917,0.8154747864186386,,,,
tolokers,GT-sep,5,512,3e-05,9,260,roc_auc,0.842928413130941,0.7887396216392517,0.4211672246456146,0.842928413130941,,,,,roc_auc,0.8217292660374822,0.7679482698440552,0.4485207796096802,0.8217292660374822,,,,,roc_auc,0.831197180807366,0.7680272459983826,0.43897542357444763,0.831197180807366,,,,
tolokers,GT-sep,5,512,3e-05,8,560,roc_auc,0.8798278112316991,0.806089460849762,0.39467117190361023,0.8798278112316991,,,,,roc_auc,0.835469763438057,0.7614834904670715,0.4945116937160492,0.835469763438057,,,,,roc_auc,0.8338871129981645,0.7653061151504517,0.4805052876472473,0.8338871129981645,,,,
tolokers,TAG,1,512,3e-05,0,1640,roc_auc,0.8889787418928792,0.8433406949043274,0.3302650451660156,0.8889787418928792,,,,,roc_auc,0.842126165464373,0.8118407130241394,0.4042836129665375,0.842126165464373,,,,,roc_auc,0.8342012829793755,0.8081632852554321,0.41604188084602356,0.8342012829793755,,,,
tolokers,TAG,1,512,3e-05,1,1340,roc_auc,0.875629762435328,0.8305834531784058,0.34853971004486084,0.875629762435328,,,,,roc_auc,0.8486746258362085,0.8176250457763672,0.39294591546058655,0.8486746258362085,,,,,roc_auc,0.8449918525929361,0.8193877935409546,0.38943392038345337,0.8449918525929361,,,,
tolokers,TAG,1,512,3e-05,2,1690,roc_auc,0.8834490088300715,0.8322843909263611,0.35023579001426697,0.8834490088300715,,,,,roc_auc,0.8335743351405075,0.8080979585647583,0.42030373215675354,0.8335743351405075,,,,,roc_auc,0.8494424245382008,0.8153061270713806,0.4036957323551178,0.8494424245382008,,,,
tolokers,TAG,1,512,3e-05,3,1370,roc_auc,0.8706038732382423,0.8338152766227722,0.3517693281173706,0.8706038732382423,,,,,roc_auc,0.837278295309358,0.8043552041053772,0.40183189511299133,0.837278295309358,,,,,roc_auc,0.847648910470706,0.8224489688873291,0.38554272055625916,0.847648910470706,,,,
tolokers,TAG,1,512,3e-05,4,1430,roc_auc,0.8904236256814866,0.8460623025894165,0.3269006907939911,0.8904236256814866,,,,,roc_auc,0.8276212510641416,0.8029941916465759,0.4324028491973877,0.8276212510641416,,,,,roc_auc,0.8582937485935217,0.8183673620223999,0.3975452184677124,0.8582937485935217,,,,
tolokers,TAG,1,512,3e-05,5,1090,roc_auc,0.8775665341850686,0.8402789831161499,0.34649449586868286,0.8775665341850686,,,,,roc_auc,0.8456556539023964,0.8196665048599243,0.39786747097969055,0.8456556539023964,,,,,roc_auc,0.8265002209696093,0.8061224818229675,0.42304500937461853,0.8265002209696093,,,,
tolokers,TAG,1,512,3e-05,7,1470,roc_auc,0.888679165928962,0.8453818559646606,0.3297123908996582,0.888679165928962,,,,,roc_auc,0.8468681305998977,0.8186457753181458,0.4011131525039673,0.8468681305998977,,,,,roc_auc,0.8307481244696051,0.8098639845848083,0.42795392870903015,0.8307481244696051,,,,
tolokers,TAG,1,512,3e-05,6,1970,roc_auc,0.8913393123031516,0.8436809182167053,0.3328586518764496,0.8913393123031516,,,,,roc_auc,0.844342024333715,0.8149030208587646,0.41170892119407654,0.844342024333715,,,,,roc_auc,0.84505353429367,0.8204081654548645,0.40216732025146484,0.84505353429367,,,,
tolokers,TAG,1,512,3e-05,9,1530,roc_auc,0.8820952782147478,0.8390883207321167,0.33916833996772766,0.8820952782147478,,,,,roc_auc,0.8453508375321959,0.8152432441711426,0.4060162305831909,0.8453508375321959,,,,,roc_auc,0.8557607319381068,0.819727897644043,0.3842363953590393,0.8557607319381068,,,,
tolokers,TAG,1,512,3e-05,8,1940,roc_auc,0.8935804084611851,0.8506549000740051,0.32676854729652405,0.8935804084611851,,,,,roc_auc,0.8410161993947122,0.8155835270881653,0.43238088488578796,0.8410161993947122,,,,,roc_auc,0.8367122704559565,0.8085033893585205,0.4311639368534088,0.8367122704559565,,,,
tolokers,TAG,2,512,3e-05,0,810,roc_auc,0.8803364883354464,0.8394284844398499,0.35535427927970886,0.8803364883354464,,,,,roc_auc,0.85138946027815,0.8240898251533508,0.40735605359077454,0.85138946027815,,,,,roc_auc,0.8470710681643797,0.8183673620223999,0.41322752833366394,0.8470710681643797,,,,
tolokers,TAG,2,512,3e-05,1,790,roc_auc,0.8719202098541075,0.83160400390625,0.35149499773979187,0.8719202098541075,,,,,roc_auc,0.8505557976888266,0.8264715671539307,0.388650506734848,0.8505557976888266,,,,,roc_auc,0.8515375689004933,0.8221088647842407,0.3854841887950897,0.8515375689004933,,,,
tolokers,TAG,2,512,3e-05,3,640,roc_auc,0.8747998021933743,0.8385779857635498,0.3499200940132141,0.8747998021933743,,,,,roc_auc,0.8376163767177318,0.8077577352523804,0.4037894010543823,0.8376163767177318,,,,,roc_auc,0.8476624668884497,0.8214285969734192,0.3934161067008972,0.8476624668884497,,,,
tolokers,TAG,2,512,3e-05,2,860,roc_auc,0.8758459014480722,0.8343256115913391,0.36444294452667236,0.8758459014480722,,,,,roc_auc,0.8432089764008315,0.814222514629364,0.419048547744751,0.8432089764008315,,,,,roc_auc,0.8567100200906111,0.8295918703079224,0.400354266166687,0.8567100200906111,,,,
tolokers,TAG,2,512,3e-05,5,650,roc_auc,0.8724941780680208,0.8394284844398499,0.3549749255180359,0.8724941780680208,,,,,roc_auc,0.8458925824395901,0.820347011089325,0.3978722095489502,0.8458925824395901,,,,,roc_auc,0.8302275580282461,0.8037415146827698,0.42164069414138794,0.8302275580282461,,,,
tolokers,TAG,2,512,3e-05,4,1400,roc_auc,0.8966202607981322,0.8535465598106384,0.35144925117492676,0.8966202607981322,,,,,roc_auc,0.8294067010722205,0.8108199834823608,0.5009188055992126,0.8294067010722205,,,,,roc_auc,0.8512474615607776,0.8234694004058838,0.46563827991485596,0.8512474615607776,,,,
tolokers,TAG,2,512,3e-05,6,870,roc_auc,0.8798051713272648,0.8452118039131165,0.3501368761062622,0.8798051713272648,,,,,roc_auc,0.8478762649200484,0.818305492401123,0.4135071635246277,0.8478762649200484,,,,,roc_auc,0.8412543482209913,0.8200680613517761,0.4153102934360504,0.8412543482209913,,,,
tolokers,TAG,2,512,3e-05,7,870,roc_auc,0.8837840285395072,0.8438510298728943,0.3429889678955078,0.8837840285395072,,,,,roc_auc,0.8500656475345175,0.8247703313827515,0.4096277952194214,0.8500656475345175,,,,,roc_auc,0.8416671411412878,0.8129251599311829,0.42452317476272583,0.8416671411412878,,,,
tolokers,TAG,2,512,3e-05,8,1100,roc_auc,0.8897243324535143,0.8479333519935608,0.340206503868103,0.8897243324535143,,,,,roc_auc,0.8388010194037004,0.8169445395469666,0.45043355226516724,0.8388010194037004,,,,,roc_auc,0.8417694920952528,0.8108843564987183,0.43847161531448364,0.8417694920952528,,,,
tolokers,TAG,2,512,3e-05,9,1430,roc_auc,0.893780182299563,0.8530362248420715,0.3223573565483093,0.893780182299563,,,,,roc_auc,0.848569399695048,0.8230690360069275,0.41499564051628113,0.848569399695048,,,,,roc_auc,0.8501124504851841,0.8221088647842407,0.4070199131965637,0.8501124504851841,,,,
tolokers,TAG,3,512,3e-05,0,720,roc_auc,0.8849141583009252,0.8390883207321167,0.3410932421684265,0.8849141583009252,,,,,roc_auc,0.8526182300555729,0.8149030208587646,0.4019604027271271,0.8526182300555729,,,,,roc_auc,0.848994046021327,0.8183673620223999,0.40647321939468384,0.848994046021327,,,,
tolokers,TAG,3,512,3e-05,1,560,roc_auc,0.8640581426663329,0.83160400390625,0.3679569363594055,0.8640581426663329,,,,,roc_auc,0.8495585254219566,0.8210275173187256,0.3981550633907318,0.8495585254219566,,,,,roc_auc,0.8474259073988217,0.8241496682167053,0.39535951614379883,0.8474259073988217,,,,
tolokers,TAG,3,512,3e-05,2,640,roc_auc,0.8649090469397294,0.8312638401985168,0.38074642419815063,0.8649090469397294,,,,,roc_auc,0.8392551890065159,0.8179652690887451,0.42469286918640137,0.8392551890065159,,,,,roc_auc,0.8520167882677339,0.8299319744110107,0.40578609704971313,0.8520167882677339,,,,
tolokers,TAG,3,512,3e-05,3,670,roc_auc,0.8731181745351781,0.8348358869552612,0.35532525181770325,0.8731181745351781,,,,,roc_auc,0.839116697827182,0.8172847628593445,0.4050454795360565,0.839116697827182,,,,,roc_auc,0.8477661734841893,0.8248299360275269,0.3941231966018677,0.8477661734841893,,,,
tolokers,TAG,3,512,3e-05,4,880,roc_auc,0.8862079398060058,0.8440210819244385,0.36999237537384033,0.8862079398060058,,,,,roc_auc,0.8324087010477809,0.8145627379417419,0.4804382622241974,0.8324087010477809,,,,,roc_auc,0.8561562404257801,0.8221088647842407,0.4498049318790436,0.8561562404257801,,,,
tolokers,TAG,3,512,3e-05,5,450,roc_auc,0.8637572100040225,0.8310937285423279,0.38675230741500854,0.8637572100040225,,,,,roc_auc,0.8454791455365787,0.814222514629364,0.4226248562335968,0.8454791455365787,,,,,roc_auc,0.8256210872789288,0.807823121547699,0.4459129273891449,0.8256210872789288,,,,
tolokers,TAG,3,512,3e-05,6,610,roc_auc,0.8633489285813616,0.8309236168861389,0.41459721326828003,0.8633489285813616,,,,,roc_auc,0.8478144869920123,0.8166042566299438,0.45059144496917725,0.8478144869920123,,,,,roc_auc,0.8396919710760272,0.8153061270713806,0.4550040066242218,0.8396919710760272,,,,
tolokers,TAG,3,512,3e-05,7,370,roc_auc,0.8600394324387942,0.83245450258255,0.3801112174987793,0.8600394324387942,,,,,roc_auc,0.8460779162236985,0.8166042566299438,0.4126244783401489,0.8460779162236985,,,,,roc_auc,0.8337122352092705,0.8044217824935913,0.42683765292167664,0.8337122352092705,,,,
tolokers,TAG,3,512,3e-05,8,770,roc_auc,0.8860509019670091,0.8426603078842163,0.36118337512016296,0.8860509019670091,,,,,roc_auc,0.8405728918451778,0.8145627379417419,0.4564593732357025,0.8405728918451778,,,,,roc_auc,0.8439927446052236,0.8156462907791138,0.4472077786922455,0.8439927446052236,,,,
tolokers,TAG,3,512,3e-05,9,1190,roc_auc,0.885922524381566,0.8469127416610718,0.37335526943206787,0.885922524381566,,,,,roc_auc,0.8477092608508517,0.8169445395469666,0.461658775806427,0.8477092608508517,,,,,roc_auc,0.8419487757199136,0.8159863948822021,0.46027567982673645,0.8419487757199136,,,,
tolokers,TAG,4,512,3e-05,0,460,roc_auc,0.8742185417255982,0.8361966609954834,0.3564232587814331,0.8742185417255982,,,,,roc_auc,0.851658974975187,0.820347011089325,0.39478227496147156,0.851658974975187,,,,,roc_auc,0.8460218014310155,0.8125850558280945,0.4008738100528717,0.8460218014310155,,,,
tolokers,TAG,4,512,3e-05,1,680,roc_auc,0.8709857838358883,0.8353461623191833,0.36727315187454224,0.8709857838358883,,,,,roc_auc,0.8492014354203411,0.8254508376121521,0.4166504740715027,0.8492014354203411,,,,,roc_auc,0.8459699481331456,0.8234694004058838,0.41654732823371887,0.8459699481331456,,,,
tolokers,TAG,4,512,3e-05,2,420,roc_auc,0.8572533674949989,0.8251403570175171,0.37984058260917664,0.8572533674949989,,,,,roc_auc,0.8374351162036039,0.814222514629364,0.413807213306427,0.8374351162036039,,,,,roc_auc,0.850757397059342,0.8272109031677246,0.39268335700035095,0.850757397059342,,,,
tolokers,TAG,4,512,3e-05,3,730,roc_auc,0.8785587046786423,0.8389182090759277,0.35142165422439575,0.8785587046786423,,,,,roc_auc,0.8406726869596978,0.8159237504005432,0.40719786286354065,0.8406726869596978,,,,,roc_auc,0.8507939993872499,0.8261904716491699,0.39655235409736633,0.8507939993872499,,,,
tolokers,TAG,4,512,3e-05,4,1070,roc_auc,0.8924799564771155,0.8435108065605164,0.3733261227607727,0.8924799564771155,,,,,roc_auc,0.8384113432422414,0.8138822317123413,0.4833263158798218,0.8384113432422414,,,,,roc_auc,0.859613804771317,0.8224489688873291,0.455406129360199,0.859613804771317,,,,
tolokers,TAG,4,512,3e-05,5,810,roc_auc,0.8869967751279197,0.8443613052368164,0.354909211397171,0.8869967751279197,,,,,roc_auc,0.8515177682825328,0.8213678002357483,0.41428041458129883,0.8515177682825328,,,,,roc_auc,0.8325538393130691,0.8057823181152344,0.4435196816921234,0.8325538393130691,,,,
tolokers,TAG,4,512,3e-05,7,420,roc_auc,0.8635568426100976,0.8230991959571838,0.4026227295398712,0.8635568426100976,,,,,roc_auc,0.8471220310953429,0.8135420083999634,0.4407626986503601,0.8471220310953429,,,,,roc_auc,0.8367346385452338,0.8047618865966797,0.44851136207580566,0.8367346385452338,,,,
tolokers,TAG,4,512,3e-05,6,860,roc_auc,0.8900906410196404,0.8486137390136719,0.3467319905757904,0.8900906410196404,,,,,roc_auc,0.8537139396803026,0.826131284236908,0.42815038561820984,0.8537139396803026,,,,,roc_auc,0.842166695135144,0.8173469305038452,0.4365897476673126,0.842166695135144,,,,
tolokers,TAG,4,512,3e-05,8,1030,roc_auc,0.8989093501618202,0.8506549000740051,0.33316758275032043,0.8989093501618202,,,,,roc_auc,0.8428274467793333,0.8166042566299438,0.4586435556411743,0.8428274467793333,,,,,roc_auc,0.8442462496170311,0.8156462907791138,0.44714999198913574,0.8442462496170311,,,,
tolokers,TAG,4,512,3e-05,9,740,roc_auc,0.8793594959051451,0.839938759803772,0.3636752665042877,0.8793594959051451,,,,,roc_auc,0.8499169731802327,0.8169445395469666,0.42384693026542664,0.8499169731802327,,,,,roc_auc,0.8472201887595607,0.8139455914497375,0.4202689230442047,0.8472201887595607,,,,
tolokers,TAG,5,512,3e-05,0,600,roc_auc,0.8838230336183078,0.840789258480072,0.34271740913391113,0.8838230336183078,,,,,roc_auc,0.8521722069927185,0.8172847628593445,0.3978436589241028,0.8521722069927185,,,,,roc_auc,0.8494644537170343,0.8170068264007568,0.3992745578289032,0.8494644537170343,,,,
tolokers,TAG,5,512,3e-05,1,590,roc_auc,0.8637652654007314,0.8261609077453613,0.3759889602661133,0.8637652654007314,,,,,roc_auc,0.8489454982899056,0.8227288126945496,0.4081123471260071,0.8489454982899056,,,,,roc_auc,0.8460722990871108,0.8204081654548645,0.4055013954639435,0.8460722990871108,,,,
tolokers,TAG,5,512,3e-05,2,340,roc_auc,0.861275130293922,0.8275216817855835,0.3821483254432678,0.861275130293922,,,,,roc_auc,0.8378213979734124,0.814222514629364,0.41952112317085266,0.8378213979734124,,,,,roc_auc,0.8521286287141195,0.8265306353569031,0.39734572172164917,0.8521286287141195,,,,
tolokers,TAG,5,512,3e-05,3,700,roc_auc,0.8854549721978582,0.8424902558326721,0.3439349830150604,0.8854549721978582,,,,,roc_auc,0.8443087592955416,0.8162640333175659,0.4099090099334717,0.8443087592955416,,,,,roc_auc,0.8526790192745147,0.8261904716491699,0.4031759798526764,0.8526790192745147,,,,
tolokers,TAG,5,512,3e-05,4,720,roc_auc,0.8867780923056886,0.8389182090759277,0.36985698342323303,0.8867780923056886,,,,,roc_auc,0.8367100741470912,0.8138822317123413,0.46146878600120544,0.8367100741470912,,,,,roc_auc,0.857860282136166,0.8244898319244385,0.4362981617450714,0.857860282136166,,,,
tolokers,TAG,5,512,3e-05,5,580,roc_auc,0.8791789702252187,0.8377275466918945,0.38522231578826904,0.8791789702252187,,,,,roc_auc,0.8532808153057192,0.8169445395469666,0.43250229954719543,0.8532808153057192,,,,,roc_auc,0.8294765324852439,0.8095238208770752,0.4667419195175171,0.8294765324852439,,,,
tolokers,TAG,5,512,3e-05,6,630,roc_auc,0.8799376190078871,0.8389182090759277,0.3767714202404022,0.8799376190078871,,,,,roc_auc,0.8573377922062051,0.8220483064651489,0.42882731556892395,0.8573377922062051,,,,,roc_auc,0.8437460178022878,0.8170068264007568,0.4409724473953247,0.8437460178022878,,,,
tolokers,TAG,5,512,3e-05,7,1030,roc_auc,0.9023605364928126,0.8579690456390381,0.32876136898994446,0.9023605364928126,,,,,roc_auc,0.8483263612528834,0.8237495422363281,0.45129647850990295,0.8483263612528834,,,,,roc_auc,0.8379655612763639,0.8173469305038452,0.4668045938014984,0.8379655612763639,,,,
tolokers,TAG,5,512,3e-05,8,640,roc_auc,0.8829196420758298,0.8390883207321167,0.3649001121520996,0.8829196420758298,,,,,roc_auc,0.8433311745002438,0.8149030208587646,0.44277140498161316,0.8433311745002438,,,,,roc_auc,0.8478776750201313,0.8204081654548645,0.43453100323677063,0.8478776750201313,,,,
tolokers,TAG,5,512,3e-05,9,730,roc_auc,0.8870209413180461,0.8438510298728943,0.35164326429367065,0.8870209413180461,,,,,roc_auc,0.8527302449800342,0.8206872940063477,0.4218734800815582,0.8527302449800342,,,,,roc_auc,0.8491648568848978,0.8183673620223999,0.42097583413124084,0.8491648568848978,,,,
