dataset,model,num_layers,hidden_dim,lr,split,num_model_seeds,best_steps,individual_val_metrics,individual_val_accs,train_metric_name,train_metric,train_acc,train_loss,train_roc_auc,train_f1_macro,train_f1_weighted,train_prec_macro,train_rec_macro,val_metric_name,val_metric,val_acc,val_loss,val_roc_auc,val_f1_macro,val_f1_weighted,val_prec_macro,val_rec_macro,test_metric_name,test_metric,test_acc,test_loss,test_roc_auc,test_f1_macro,test_f1_weighted,test_prec_macro,test_rec_macro
tolokers,ResNet,1,512,3e-05,0,4,"[230, 330, 370, 300]","[0.7367, 0.7371, 0.7354, 0.7389]","[0.7836, 0.7829, 0.7826, 0.7809]",roc_auc,0.740507181343769,0.7829563021659851,0.45319968461990356,0.740507181343769,,,,,roc_auc,0.7373616615682904,0.7822388410568237,0.46125006675720215,0.7373616615682904,,,,,roc_auc,0.7217016557808633,0.7819728255271912,0.4691106677055359,0.7217016557808633,,,,
tolokers,ResNet,2,512,3e-05,0,4,"[140, 200, 110, 100]","[0.7367, 0.7352, 0.7366, 0.7371]","[0.7829, 0.7822, 0.7829, 0.7822]",roc_auc,0.7392769950758633,0.7831264138221741,0.45050695538520813,0.7392769950758633,,,,,roc_auc,0.7370819636963024,0.7846205830574036,0.45887771248817444,0.7370819636963024,,,,,roc_auc,0.7206144310778165,0.7836734652519226,0.4669434428215027,0.7206144310778165,,,,
tolokers,ResNet,3,512,3e-05,0,4,"[110, 60, 100, 90]","[0.7342, 0.7356, 0.7351, 0.735]","[0.7812, 0.7795, 0.7819, 0.7822]",roc_auc,0.7364201274346801,0.7810852527618408,0.4514620900154114,0.7364201274346801,,,,,roc_auc,0.7356542825681696,0.7812180519104004,0.45924311876296997,0.7356542825681696,,,,,roc_auc,0.7174571413853033,0.7812924981117249,0.4678155183792114,0.7174571413853033,,,,
tolokers,ResNet,4,512,3e-05,0,4,"[80, 130, 130, 100]","[0.7348, 0.736, 0.7339, 0.735]","[0.7839, 0.7822, 0.7826, 0.7819]",roc_auc,0.7369780696488255,0.7815955281257629,0.4503321945667267,0.7369780696488255,,,,,roc_auc,0.7354947461606036,0.781898558139801,0.4590786397457123,0.7354947461606036,,,,,roc_auc,0.7194472235100818,0.781632661819458,0.46718353033065796,0.7194472235100818,,,,
tolokers,ResNet,5,512,3e-05,0,4,"[100, 130, 100, 90]","[0.734, 0.7324, 0.7331, 0.7354]","[0.7809, 0.7819, 0.7829, 0.7822]",roc_auc,0.7368435869206135,0.7821058034896851,0.4511554539203644,0.7368435869206135,,,,,roc_auc,0.7344567411939298,0.7829193472862244,0.4598742723464966,0.7344567411939298,,,,,roc_auc,0.7191096687082632,0.7826530933380127,0.467826247215271,0.7191096687082632,,,,
tolokers,ResNet,1,512,3e-05,1,4,"[370, 430, 570, 380]","[0.7471, 0.7468, 0.7477, 0.746]","[0.7822, 0.7809, 0.7822, 0.7822]",roc_auc,0.728286890155593,0.782446026802063,0.45814627408981323,0.728286890155593,,,,,roc_auc,0.7466008562013499,0.781898558139801,0.450145423412323,0.7466008562013499,,,,,roc_auc,0.7293664543731648,0.7823129296302795,0.45890963077545166,0.7293664543731648,,,,
tolokers,ResNet,2,512,3e-05,1,4,"[710, 2180, 610, 770]","[0.75, 0.7556, 0.7517, 0.7506]","[0.7839, 0.7839, 0.7833, 0.7839]",roc_auc,0.7394457344384998,0.7832964658737183,0.44720658659935,0.7394457344384998,,,,,roc_auc,0.7532878077525189,0.7846205830574036,0.44606366753578186,0.7532878077525189,,,,,roc_auc,0.7363764779884445,0.7826530933380127,0.45205622911453247,0.7363764779884445,,,,
tolokers,ResNet,3,512,3e-05,1,4,"[580, 270, 520, 620]","[0.75, 0.7492, 0.7502, 0.7505]","[0.7836, 0.7833, 0.7836, 0.7833]",roc_auc,0.7298920339418803,0.782446026802063,0.4531729221343994,0.7298920339418803,,,,,roc_auc,0.7504209045646422,0.7832595705986023,0.4493648409843445,0.7504209045646422,,,,,roc_auc,0.7303594619728926,0.781632661819458,0.4546993672847748,0.7303594619728926,,,,
tolokers,ResNet,4,512,3e-05,1,4,"[420, 650, 450, 660]","[0.7501, 0.7486, 0.7498, 0.7498]","[0.7833, 0.7833, 0.7829, 0.7836]",roc_auc,0.7301586251761164,0.782446026802063,0.45265260338783264,0.7301586251761164,,,,,roc_auc,0.7495614445987762,0.783599853515625,0.45006412267684937,0.7495614445987762,,,,,roc_auc,0.7308935848319954,0.7819728255271912,0.4543420672416687,0.7308935848319954,,,,
tolokers,ResNet,5,512,3e-05,1,4,"[180, 440, 1700, 530]","[0.7465, 0.7477, 0.7529, 0.7489]","[0.7839, 0.7833, 0.7805, 0.7839]",roc_auc,0.7349715127254918,0.7827861905097961,0.44792836904525757,0.7349715127254918,,,,,roc_auc,0.7497718968810971,0.7829193472862244,0.44649538397789,0.7497718968810971,,,,,roc_auc,0.7319198056551952,0.7819728255271912,0.45224326848983765,0.7319198056551952,,,,
tolokers,ResNet,1,512,3e-05,2,4,"[210, 200, 190, 260]","[0.7307, 0.7306, 0.7307, 0.7298]","[0.7819, 0.7819, 0.7819, 0.7819]",roc_auc,0.7282648438067058,0.7817656397819519,0.4608645737171173,0.7282648438067058,,,,,roc_auc,0.7304231855958312,0.781898558139801,0.46364352107048035,0.7304231855958312,,,,,roc_auc,0.7403010609252526,0.781632661819458,0.4508516788482666,0.7403010609252526,,,,
tolokers,ResNet,2,512,3e-05,2,4,"[160, 1170, 1600, 950]","[0.735, 0.7329, 0.7346, 0.7329]","[0.7819, 0.7812, 0.7819, 0.7816]",roc_auc,0.7453865471144043,0.7829563021659851,0.4458247423171997,0.7453865471144043,,,,,roc_auc,0.7346318918030874,0.7815583348274231,0.45923784375190735,0.7346318918030874,,,,,roc_auc,0.7416926272066459,0.7843537330627441,0.4415314793586731,0.7416926272066459,,,,
tolokers,ResNet,3,512,3e-05,2,4,"[130, 130, 150, 330]","[0.7338, 0.7311, 0.7315, 0.7316]","[0.7819, 0.7819, 0.7819, 0.7812]",roc_auc,0.7319113099126489,0.782446026802063,0.45553120970726013,0.7319113099126489,,,,,roc_auc,0.7318189594424508,0.781898558139801,0.4615134000778198,0.7318189594424508,,,,,roc_auc,0.7415326614772699,0.7823129296302795,0.444892555475235,0.7415326614772699,,,,
tolokers,ResNet,4,512,3e-05,2,4,"[140, 480, 1490, 840]","[0.7321, 0.7321, 0.733, 0.7327]","[0.7826, 0.7812, 0.7822, 0.7802]",roc_auc,0.7447970616626204,0.7826160788536072,0.4458809494972229,0.7447970616626204,,,,,roc_auc,0.7332269530990118,0.7815583348274231,0.4592600166797638,0.7332269530990118,,,,,roc_auc,0.7442595349064199,0.7846938967704773,0.43930506706237793,0.7442595349064199,,,,
tolokers,ResNet,5,512,3e-05,2,4,"[120, 90, 100, 760]","[0.7323, 0.7296, 0.7306, 0.7329]","[0.7819, 0.7812, 0.7826, 0.7812]",roc_auc,0.7348863799013273,0.782446026802063,0.45158135890960693,0.7348863799013273,,,,,roc_auc,0.7319438730551834,0.7829193472862244,0.45902472734451294,0.7319438730551834,,,,,roc_auc,0.7435010533336587,0.7826530933380127,0.4421985447406769,0.7435010533336587,,,,
tolokers,ResNet,1,512,3e-05,3,4,"[1060, 3310, 4710, 4660]","[0.7354, 0.7392, 0.7431, 0.7448]","[0.7836, 0.7822, 0.7822, 0.7819]",roc_auc,0.7628745589882286,0.7838068008422852,0.43787524104118347,0.7628745589882286,,,,,roc_auc,0.7426450321720441,0.7815583348274231,0.4586694836616516,0.7426450321720441,,,,,roc_auc,0.7400156983317472,0.7829931974411011,0.4607584774494171,0.7400156983317472,,,,
tolokers,ResNet,2,512,3e-05,3,4,"[330, 320, 400, 2490]","[0.7327, 0.7309, 0.7318, 0.7407]","[0.7819, 0.7822, 0.7829, 0.7812]",roc_auc,0.7462318550069293,0.7838068008422852,0.4450090229511261,0.7462318550069293,,,,,roc_auc,0.7336478576636538,0.7832595705986023,0.456646203994751,0.7336478576636538,,,,,roc_auc,0.7368468856841517,0.7833333611488342,0.45754390954971313,0.7368468856841517,,,,
tolokers,ResNet,3,512,3e-05,3,4,"[2940, 230, 2550, 1660]","[0.7412, 0.7297, 0.7408, 0.7399]","[0.7778, 0.7829, 0.7799, 0.7802]",roc_auc,0.7606178607986749,0.7844871878623962,0.43497952818870544,0.7606178607986749,,,,,roc_auc,0.7379736703828467,0.7815583348274231,0.4574449062347412,0.7379736703828467,,,,,roc_auc,0.738522458917276,0.7826530933380127,0.4591265022754669,0.738522458917276,,,,
tolokers,ResNet,4,512,3e-05,3,4,"[2450, 140, 1660, 200]","[0.7398, 0.7276, 0.7405, 0.7312]","[0.7782, 0.7819, 0.7795, 0.7822]",roc_auc,0.7531081960184973,0.7841469645500183,0.4383184313774109,0.7531081960184973,,,,,roc_auc,0.7349845690955575,0.7805375456809998,0.4553035497665405,0.7349845690955575,,,,,roc_auc,0.7365289876880614,0.7833333611488342,0.45591750741004944,0.7365289876880614,,,,
tolokers,ResNet,5,512,3e-05,3,4,"[3360, 100, 2490, 1730]","[0.742, 0.7273, 0.7422, 0.7399]","[0.7795, 0.7799, 0.7782, 0.7788]",roc_auc,0.7674359485729907,0.7865283489227295,0.42851677536964417,0.7674359485729907,,,,,roc_auc,0.7382852755363478,0.7808778285980225,0.4588010311126709,0.7382852755363478,,,,,roc_auc,0.7392260369981754,0.7819728255271912,0.4594663381576538,0.7392260369981754,,,,
tolokers,ResNet,1,512,3e-05,4,4,"[560, 980, 9530, 8320]","[0.7365, 0.737, 0.756, 0.752]","[0.7822, 0.7812, 0.7782, 0.7785]",roc_auc,0.7704447664341965,0.7865283489227295,0.4330478310585022,0.7704447664341965,,,,,roc_auc,0.7491605669448711,0.7798570990562439,0.4496799409389496,0.7491605669448711,,,,,roc_auc,0.7386631067513671,0.7823129296302795,0.4668944180011749,0.7386631067513671,,,,
tolokers,ResNet,2,512,3e-05,4,4,"[3740, 460, 910, 3720]","[0.7501, 0.7353, 0.7392, 0.7483]","[0.7792, 0.7819, 0.7812, 0.7788]",roc_auc,0.7657690750098191,0.7866984605789185,0.43376243114471436,0.7657690750098191,,,,,roc_auc,0.7478299654179379,0.7798570990562439,0.45085209608078003,0.7478299654179379,,,,,roc_auc,0.7393565175189587,0.7819728255271912,0.46329596638679504,0.7393565175189587,,,,
tolokers,ResNet,3,512,3e-05,4,4,"[850, 280, 630, 1340]","[0.7394, 0.7354, 0.7396, 0.7397]","[0.7809, 0.7816, 0.7809, 0.7812]",roc_auc,0.7476688529861271,0.7839769124984741,0.44386884570121765,0.7476688529861271,,,,,roc_auc,0.7386298062888574,0.7805375456809998,0.45228666067123413,0.7386298062888574,,,,,roc_auc,0.7408063763966498,0.7823129296302795,0.46073728799819946,0.7408063763966498,,,,
tolokers,ResNet,4,512,3e-05,4,4,"[750, 4250, 670, 740]","[0.7406, 0.7536, 0.7368, 0.7396]","[0.7805, 0.7782, 0.7809, 0.7805]",roc_auc,0.7648817942607589,0.7872087359428406,0.4335083067417145,0.7648817942607589,,,,,roc_auc,0.7449365859751884,0.7795168161392212,0.4501062035560608,0.7449365859751884,,,,,roc_auc,0.7431814607853505,0.7809523940086365,0.45973122119903564,0.7431814607853505,,,,
tolokers,ResNet,5,512,3e-05,4,4,"[4080, 5070, 510, 700]","[0.7527, 0.7537, 0.7388, 0.7401]","[0.7771, 0.7795, 0.7812, 0.7812]",roc_auc,0.7798459231552464,0.7889096736907959,0.42362016439437866,0.7798459231552464,,,,,roc_auc,0.7525821137284132,0.7795168161392212,0.450724333524704,0.7525821137284132,,,,,roc_auc,0.7380910259225819,0.7795918583869934,0.46714863181114197,0.7380910259225819,,,,
tolokers,ResNet,1,512,3e-05,5,4,"[5470, 330, 350, 230]","[0.753, 0.7295, 0.7296, 0.7304]","[0.7765, 0.7792, 0.7785, 0.7785]",roc_auc,0.750937563383253,0.7853376865386963,0.44538581371307373,0.750937563383253,,,,,roc_auc,0.7394278277658523,0.7784960865974426,0.45084598660469055,0.7394278277658523,,,,,roc_auc,0.7221805362376603,0.7812924981117249,0.46075132489204407,0.7221805362376603,,,,
tolokers,ResNet,2,512,3e-05,5,4,"[3920, 170, 190, 180]","[0.7494, 0.73, 0.7301, 0.7296]","[0.7771, 0.7782, 0.7778, 0.7782]",roc_auc,0.7512914920765422,0.7855077385902405,0.4428214728832245,0.7512914920765422,,,,,roc_auc,0.7386328612413426,0.7791765928268433,0.44834020733833313,0.7386328612413426,,,,,roc_auc,0.7211732943993017,0.7812924981117249,0.4578850567340851,0.7211732943993017,,,,
tolokers,ResNet,3,512,3e-05,5,4,"[2960, 2980, 3230, 210]","[0.7484, 0.7484, 0.7447, 0.7297]","[0.7778, 0.7792, 0.7775, 0.7778]",roc_auc,0.7654662768872184,0.7878891229629517,0.43310174345970154,0.7654662768872184,,,,,roc_auc,0.7442607625976058,0.7788363099098206,0.450336217880249,0.7442607625976058,,,,,roc_auc,0.72545915586898,0.7819728255271912,0.4592883586883545,0.72545915586898,,,,
tolokers,ResNet,4,512,3e-05,5,4,"[180, 3030, 2060, 130]","[0.7291, 0.7484, 0.7425, 0.7285]","[0.7768, 0.7778, 0.7765, 0.7785]",roc_auc,0.7550510729110067,0.7861881256103516,0.43962788581848145,0.7550510729110067,,,,,roc_auc,0.7397292497444024,0.7771350741386414,0.4484778344631195,0.7397292497444024,,,,,roc_auc,0.7226597556049009,0.7802721261978149,0.45785972476005554,0.7226597556049009,,,,
tolokers,ResNet,5,512,3e-05,5,4,"[3970, 100, 3720, 3730]","[0.7497, 0.7298, 0.747, 0.7511]","[0.7805, 0.7785, 0.7765, 0.7795]",roc_auc,0.7745953307868105,0.7929919958114624,0.42650681734085083,0.7745953307868105,,,,,roc_auc,0.7465261795850424,0.7808778285980225,0.4513857960700989,0.7465261795850424,,,,,roc_auc,0.7276112371857961,0.7792516946792603,0.45971164107322693,0.7276112371857961,,,,
tolokers,ResNet,1,512,3e-05,7,4,"[600, 310, 290, 350]","[0.7531, 0.7539, 0.7539, 0.7518]","[0.7853, 0.7853, 0.7853, 0.785]",roc_auc,0.7388537899708786,0.7832964658737183,0.4514811933040619,0.7388537899708786,,,,,roc_auc,0.7532732118684226,0.7849608659744263,0.44875121116638184,0.7532732118684226,,,,,roc_auc,0.7107589153781292,0.7792516946792603,0.4724313020706177,0.7107589153781292,,,,
tolokers,ResNet,2,512,3e-05,7,4,"[200, 220, 210, 260]","[0.7529, 0.7543, 0.7537, 0.7523]","[0.786, 0.7856, 0.7839, 0.785]",roc_auc,0.7385184310868442,0.7831264138221741,0.451737642288208,0.7385184310868442,,,,,roc_auc,0.7539507324418303,0.7853010892868042,0.44849154353141785,0.7539507324418303,,,,,roc_auc,0.70855938659921,0.7785714268684387,0.4735049903392792,0.70855938659921,,,,
tolokers,ResNet,3,512,3e-05,7,4,"[210, 180, 200, 170]","[0.7535, 0.7539, 0.7514, 0.7515]","[0.7843, 0.786, 0.786, 0.7863]",roc_auc,0.7377953956369936,0.7829563021659851,0.45153144001960754,0.7377953956369936,,,,,roc_auc,0.7533825112795636,0.7853010892868042,0.448444128036499,0.7533825112795636,,,,,roc_auc,0.7080083182179275,0.7778911590576172,0.4735892713069916,0.7080083182179275,,,,
tolokers,ResNet,4,512,3e-05,7,4,"[150, 120, 140, 120]","[0.7512, 0.7536, 0.7505, 0.7514]","[0.787, 0.7873, 0.7904, 0.7867]",roc_auc,0.7368492680951344,0.7809151411056519,0.4522261321544647,0.7368492680951344,,,,,roc_auc,0.7522976637081149,0.7876828908920288,0.4488055408000946,0.7522976637081149,,,,,roc_auc,0.7076897424009501,0.7768707871437073,0.4738209843635559,0.7076897424009501,,,,
tolokers,ResNet,5,512,3e-05,7,4,"[140, 90, 130, 130]","[0.7517, 0.7534, 0.7505, 0.7527]","[0.7873, 0.7867, 0.785, 0.7863]",roc_auc,0.7372167637723542,0.781255304813385,0.45281580090522766,0.7372167637723542,,,,,roc_auc,0.7527674475125219,0.7873426079750061,0.44990819692611694,0.7527674475125219,,,,,roc_auc,0.7086414029265594,0.7789115905761719,0.47456035017967224,0.7086414029265594,,,,
tolokers,ResNet,1,512,3e-05,6,4,"[1190, 8810, 3460, 1040]","[0.7304, 0.7507, 0.7423, 0.7302]","[0.7843, 0.7853, 0.7853, 0.7836]",roc_auc,0.7607816821296365,0.7844871878623962,0.43938130140304565,0.7607816821296365,,,,,roc_auc,0.7422088528449755,0.7849608659744263,0.4505555331707001,0.7422088528449755,,,,,roc_auc,0.7409626141111464,0.7809523940086365,0.4514715075492859,0.7409626141111464,,,,
tolokers,ResNet,2,512,3e-05,6,4,"[6170, 2560, 780, 4780]","[0.7493, 0.7421, 0.7296, 0.7477]","[0.7843, 0.785, 0.7836, 0.7839]",roc_auc,0.7699891701550774,0.7861881256103516,0.4323451519012451,0.7699891701550774,,,,,roc_auc,0.7464450536245992,0.7866621017456055,0.45254915952682495,0.7464450536245992,,,,,roc_auc,0.7430448798765824,0.7802721261978149,0.45632392168045044,0.7430448798765824,,,,
tolokers,ResNet,3,512,3e-05,6,4,"[5090, 4640, 4510, 4540]","[0.7494, 0.7497, 0.7521, 0.7497]","[0.7829, 0.7843, 0.7839, 0.7836]",roc_auc,0.7756034424865026,0.7894200086593628,0.4261561334133148,0.7756034424865026,,,,,roc_auc,0.7499059753512856,0.7842803597450256,0.4623550772666931,0.7499059753512856,,,,,roc_auc,0.7407253768006313,0.7802721261978149,0.47001880407333374,0.7407253768006313,,,,
tolokers,ResNet,4,512,3e-05,6,4,"[1420, 4120, 4540, 4280]","[0.7362, 0.7488, 0.7524, 0.7502]","[0.7843, 0.7839, 0.7839, 0.7836]",roc_auc,0.774008473938163,0.7878891229629517,0.4275053143501282,0.774008473938163,,,,,roc_auc,0.7492508577627701,0.7839400768280029,0.4563691020011902,0.7492508577627701,,,,,roc_auc,0.7411334249747173,0.7812924981117249,0.4611241817474365,0.7411334249747173,,,,
tolokers,ResNet,5,512,3e-05,6,4,"[1020, 3650, 1300, 3780]","[0.7352, 0.7476, 0.7353, 0.7493]","[0.7829, 0.7829, 0.7836, 0.7812]",roc_auc,0.7682352135138013,0.7856778502464294,0.4317115545272827,0.7682352135138013,,,,,roc_auc,0.7461775755625526,0.7839400768280029,0.44920647144317627,0.7461775755625526,,,,,roc_auc,0.7440182306705817,0.7795918583869934,0.45078349113464355,0.7440182306705817,,,,
tolokers,ResNet,1,512,3e-05,8,4,"[7870, 7440, 4070, 370]","[0.7565, 0.7554, 0.7485, 0.732]","[0.7836, 0.785, 0.7839, 0.7819]",roc_auc,0.7726752633860342,0.7865283489227295,0.43386369943618774,0.7726752633860342,,,,,roc_auc,0.751569566699117,0.7842803597450256,0.4524155855178833,0.751569566699117,,,,,roc_auc,0.7292044551811273,0.7789115905761719,0.4647798240184784,0.7292044551811273,,,,
tolokers,ResNet,2,512,3e-05,8,4,"[1350, 4490, 3840, 3940]","[0.7393, 0.7526, 0.7495, 0.7506]","[0.7826, 0.7833, 0.7829, 0.7809]",roc_auc,0.773597648706015,0.7883993983268738,0.4311247766017914,0.773597648706015,,,,,roc_auc,0.7504745359527175,0.7829193472862244,0.45245012640953064,0.7504745359527175,,,,,roc_auc,0.7274177193225044,0.7782313227653503,0.466901957988739,0.7274177193225044,,,,
tolokers,ResNet,3,512,3e-05,8,4,"[900, 3290, 1010, 2980]","[0.7412, 0.7519, 0.7388, 0.7497]","[0.7819, 0.7782, 0.7819, 0.7792]",roc_auc,0.7678025115200653,0.7878891229629517,0.43379461765289307,0.7678025115200653,,,,,roc_auc,0.7473272560145225,0.783599853515625,0.4476199448108673,0.7473272560145225,,,,,roc_auc,0.7260912238462811,0.776190459728241,0.46026819944381714,0.7260912238462811,,,,
tolokers,ResNet,4,512,3e-05,8,4,"[990, 740, 660, 840]","[0.7397, 0.74, 0.7388, 0.739]","[0.7826, 0.7829, 0.7816, 0.7822]",roc_auc,0.7498170153042363,0.7817656397819519,0.4442291855812073,0.7498170153042363,,,,,roc_auc,0.7391617074604656,0.7825790643692017,0.4474773406982422,0.7391617074604656,,,,,roc_auc,0.7238801721122798,0.7823129296302795,0.4584241509437561,0.7238801721122798,,,,
tolokers,ResNet,5,512,3e-05,8,4,"[1100, 930, 730, 930]","[0.7407, 0.7397, 0.7386, 0.7391]","[0.7812, 0.7816, 0.7822, 0.7816]",roc_auc,0.7502858393926876,0.7819356918334961,0.4433402121067047,0.7502858393926876,,,,,roc_auc,0.7395839697817678,0.7815583348274231,0.44885140657424927,0.7395839697817678,,,,,roc_auc,0.7246067961033433,0.7809523940086365,0.45760127902030945,0.7246067961033433,,,,
tolokers,ResNet,1,512,3e-05,9,4,"[4640, 470, 640, 7260]","[0.7356, 0.7158, 0.7151, 0.7399]","[0.785, 0.7829, 0.7826, 0.785]",roc_auc,0.7603468602946613,0.7856778502464294,0.44026121497154236,0.7603468602946613,,,,,roc_auc,0.7295280845176366,0.7842803597450256,0.45990779995918274,0.7295280845176366,,,,,roc_auc,0.7408724639331505,0.7809523940086365,0.45330995321273804,0.7408724639331505,,,,
tolokers,ResNet,2,512,3e-05,9,4,"[1830, 4080, 200, 400]","[0.7213, 0.7278, 0.7153, 0.7152]","[0.7833, 0.7826, 0.7799, 0.7809]",roc_auc,0.752949123131911,0.7851675748825073,0.4413699507713318,0.752949123131911,,,,,roc_auc,0.7221344206248667,0.7842803597450256,0.4589429795742035,0.7221344206248667,,,,,roc_auc,0.7360138438137999,0.781632661819458,0.4509071409702301,0.7360138438137999,,,,
tolokers,ResNet,3,512,3e-05,9,4,"[1790, 250, 2800, 680]","[0.7196, 0.7175, 0.7272, 0.7179]","[0.7836, 0.7812, 0.7843, 0.7816]",roc_auc,0.7515971731832283,0.7855077385902405,0.4414340853691101,0.7515971731832283,,,,,roc_auc,0.7223272220706061,0.7832595705986023,0.4591202735900879,0.7223272220706061,,,,,roc_auc,0.7360246889479949,0.7799319624900818,0.4496387243270874,0.7360246889479949,,,,
tolokers,ResNet,4,512,3e-05,9,4,"[850, 610, 200, 610]","[0.718, 0.7171, 0.7162, 0.7177]","[0.7822, 0.7822, 0.7799, 0.7799]",roc_auc,0.7437920873279622,0.7834665775299072,0.44771844148635864,0.7437920873279622,,,,,roc_auc,0.7178547716321185,0.7812180519104004,0.46070507168769836,0.7178547716321185,,,,,roc_auc,0.7339681803762721,0.7809523940086365,0.45095115900039673,0.7339681803762721,,,,
tolokers,ResNet,5,512,3e-05,9,4,"[3420, 410, 200, 500]","[0.7282, 0.7198, 0.7153, 0.7177]","[0.7819, 0.7809, 0.7795, 0.7805]",roc_auc,0.7532258896040951,0.7856778502464294,0.440455824136734,0.7532258896040951,,,,,roc_auc,0.7213384357828622,0.7832595705986023,0.4572986662387848,0.7213384357828622,,,,,roc_auc,0.7359372500535478,0.7789115905761719,0.44994986057281494,0.7359372500535478,,,,
tolokers,GCN,1,512,3e-05,0,4,"[2170, 2730, 2200, 2260]","[0.8145, 0.815, 0.8145, 0.8155]","[0.804, 0.8013, 0.7989, 0.8037]",roc_auc,0.8499532278228994,0.8178261518478394,0.3781071901321411,0.8499532278228994,,,,,roc_auc,0.8150803316727968,0.8019734621047974,0.4213547706604004,0.8150803316727968,,,,,roc_auc,0.8054372758107415,0.7993197441101074,0.4286864101886749,0.8054372758107415,,,,
tolokers,GCN,2,512,3e-05,0,4,"[1040, 1310, 1760, 1180]","[0.8368, 0.8402, 0.8313, 0.8336]","[0.8098, 0.8186, 0.8084, 0.803]",roc_auc,0.8648014437984299,0.8295628428459167,0.3616127669811249,0.8648014437984299,,,,,roc_auc,0.8365030162564205,0.8094589710235596,0.40298163890838623,0.8365030162564205,,,,,roc_auc,0.8331052466047952,0.8139455914497375,0.40589621663093567,0.8331052466047952,,,,
tolokers,GCN,3,512,3e-05,0,4,"[860, 1350, 1250, 1030]","[0.8463, 0.8423, 0.8406, 0.8444]","[0.8203, 0.8173, 0.7982, 0.8197]",roc_auc,0.8651904770626394,0.8314339518547058,0.3595549464225769,0.8651904770626394,,,,,roc_auc,0.8455191993580526,0.8206872940063477,0.3878993093967438,0.8455191993580526,,,,,roc_auc,0.8380567281856905,0.8183673620223999,0.39496538043022156,0.8380567281856905,,,,
tolokers,GCN,4,512,3e-05,0,4,"[720, 930, 750, 760]","[0.8424, 0.844, 0.8379, 0.8402]","[0.821, 0.8166, 0.8152, 0.82]",roc_auc,0.8548334415300302,0.8258207440376282,0.3720566928386688,0.8548334415300302,,,,,roc_auc,0.8430331469133439,0.8223885297775269,0.38821837306022644,0.8430331469133439,,,,,roc_auc,0.8336874947468882,0.8163265585899353,0.39881110191345215,0.8336874947468882,,,,
tolokers,GCN,5,512,3e-05,0,4,"[670, 680, 620, 520]","[0.8407, 0.8395, 0.8401, 0.8375]","[0.8112, 0.8224, 0.82, 0.8241]",roc_auc,0.8525560536899821,0.8191869258880615,0.37701109051704407,0.8525560536899821,,,,,roc_auc,0.8413427398714747,0.8227288126945496,0.39368364214897156,0.8413427398714747,,,,,roc_auc,0.8330469540084973,0.8149660229682922,0.405690461397171,0.8330469540084973,,,,
tolokers,GCN,1,512,3e-05,1,4,"[4590, 3450, 4330, 3450]","[0.8289, 0.8251, 0.8278, 0.8256]","[0.8057, 0.8057, 0.8081, 0.8064]",roc_auc,0.8523009943920873,0.8186766505241394,0.3671968877315521,0.8523009943920873,,,,,roc_auc,0.8279267463126724,0.8050357103347778,0.40845099091529846,0.8279267463126724,,,,,roc_auc,0.8169192227292322,0.8085033893585205,0.40978190302848816,0.8169192227292322,,,,
tolokers,GCN,2,512,3e-05,1,4,"[1420, 680, 2110, 2180]","[0.8336, 0.819, 0.8304, 0.8288]","[0.8057, 0.7897, 0.8057, 0.7952]",roc_auc,0.8571150690525564,0.8207178115844727,0.3676563501358032,0.8571150690525564,,,,,roc_auc,0.8305641886249864,0.8002721667289734,0.4040057063102722,0.8305641886249864,,,,,roc_auc,0.8335231231817456,0.8071428537368774,0.397487610578537,0.8335231231817456,,,,
tolokers,GCN,3,512,3e-05,1,4,"[1260, 1810, 1430, 1440]","[0.8432, 0.8323, 0.841, 0.8407]","[0.8169, 0.7935, 0.8156, 0.8033]",roc_auc,0.8641241121256955,0.824289858341217,0.36698341369628906,0.8641241121256955,,,,,roc_auc,0.8437527579432159,0.8138822317123413,0.395537793636322,0.8437527579432159,,,,,roc_auc,0.8489313475892624,0.8115646243095398,0.3876396119594574,0.8489313475892624,,,,
tolokers,GCN,4,512,3e-05,1,4,"[1240, 890, 1230, 1530]","[0.8431, 0.8404, 0.8437, 0.8435]","[0.8176, 0.8115, 0.818, 0.8156]",roc_auc,0.8628182899223766,0.8319442272186279,0.36307549476623535,0.8628182899223766,,,,,roc_auc,0.8463596507306768,0.8152432441711426,0.38758358359336853,0.8463596507306768,,,,,roc_auc,0.8452873824997492,0.8173469305038452,0.3864893913269043,0.8452873824997492,,,,
tolokers,GCN,5,512,3e-05,1,4,"[790, 1350, 990, 1090]","[0.8368, 0.8384, 0.8403, 0.8413]","[0.8135, 0.821, 0.8152, 0.8183]",roc_auc,0.8581478557042724,0.8283721804618835,0.3666546940803528,0.8581478557042724,,,,,roc_auc,0.842634645333594,0.8149030208587646,0.39007773995399475,0.842634645333594,,,,,roc_auc,0.8402687966510225,0.8146258592605591,0.3892134726047516,0.8402687966510225,,,,
tolokers,GCN,1,512,3e-05,2,4,"[3110, 2610, 2530, 3250]","[0.813, 0.8127, 0.8141, 0.8104]","[0.7989, 0.7989, 0.7996, 0.7965]",roc_auc,0.8493556869744067,0.8145943284034729,0.3795059025287628,0.8493556869744067,,,,,roc_auc,0.813063384154165,0.7989111542701721,0.41961976885795593,0.813063384154165,,,,,roc_auc,0.8247277193496173,0.8125850558280945,0.406004399061203,0.8247277193496173,,,,
tolokers,GCN,2,512,3e-05,2,4,"[2180, 1760, 1200, 2660]","[0.8234, 0.8289, 0.8284, 0.828]","[0.7887, 0.8112, 0.8118, 0.7996]",roc_auc,0.8613911280065283,0.8275216817855835,0.3704388737678528,0.8613911280065283,,,,,roc_auc,0.8288581673815254,0.808438241481781,0.4172120988368988,0.8288581673815254,,,,,roc_auc,0.8443499562127708,0.8207483291625977,0.40007591247558594,0.8443499562127708,,,,
tolokers,GCN,3,512,3e-05,2,4,"[1610, 1690, 1560, 1770]","[0.8367, 0.8367, 0.836, 0.8379]","[0.8159, 0.8132, 0.8122, 0.8142]",roc_auc,0.870922103805064,0.8344956636428833,0.3571361005306244,0.870922103805064,,,,,roc_auc,0.838868228358377,0.8186457753181458,0.4043687880039215,0.838868228358377,,,,,roc_auc,0.8508021332378962,0.8278911709785461,0.3963090777397156,0.8508021332378962,,,,
tolokers,GCN,4,512,3e-05,2,4,"[1050, 980, 900, 920]","[0.831, 0.8292, 0.83, 0.8309]","[0.8159, 0.8146, 0.8098, 0.8142]",roc_auc,0.8609602066794332,0.8288824558258057,0.3657972514629364,0.8609602066794332,,,,,roc_auc,0.8322885395833588,0.8145627379417419,0.4028809368610382,0.8322885395833588,,,,,roc_auc,0.8400762955190617,0.8244898319244385,0.3982240557670593,0.8400762955190617,,,,
tolokers,GCN,5,512,3e-05,2,4,"[870, 830, 790, 1320]","[0.831, 0.829, 0.8285, 0.83]","[0.82, 0.8149, 0.8125, 0.8095]",roc_auc,0.8602491271341713,0.8278619050979614,0.3703223466873169,0.8602491271341713,,,,,roc_auc,0.832160910457306,0.8149030208587646,0.4098183810710907,0.832160910457306,,,,,roc_auc,0.8390087276217436,0.8244898319244385,0.4045048952102661,0.8390087276217436,,,,
tolokers,GCN,1,512,3e-05,3,4,"[2850, 3890, 5180, 3990]","[0.8147, 0.8149, 0.8174, 0.8165]","[0.803, 0.8047, 0.8074, 0.8074]",roc_auc,0.859543050414234,0.824459969997406,0.36192047595977783,0.859543050414234,,,,,roc_auc,0.8168909001790882,0.8036746978759766,0.4172811806201935,0.8168909001790882,,,,,roc_auc,0.8218517253252863,0.807823121547699,0.4213072657585144,0.8218517253252863,,,,
tolokers,GCN,2,512,3e-05,3,4,"[1860, 2810, 2450, 2330]","[0.8238, 0.8274, 0.8272, 0.8245]","[0.8003, 0.8084, 0.8115, 0.7976]",roc_auc,0.866131093017277,0.8290525674819946,0.3620240390300751,0.866131093017277,,,,,roc_auc,0.8266361986072132,0.8046954274177551,0.42489463090896606,0.8266361986072132,,,,,roc_auc,0.8361069764036992,0.8088435530662537,0.4171847999095917,0.8361069764036992,,,,
tolokers,GCN,3,512,3e-05,3,4,"[1380, 1660, 2010, 660]","[0.8307, 0.8354, 0.8343, 0.8199]","[0.8064, 0.8163, 0.8135, 0.8115]",roc_auc,0.8676433877572894,0.8295628428459167,0.3595280647277832,0.8676433877572894,,,,,roc_auc,0.8338560696474855,0.8155835270881653,0.4059685468673706,0.8338560696474855,,,,,roc_auc,0.8450508230101212,0.8200680613517761,0.39393875002861023,0.8450508230101212,,,,
tolokers,GCN,4,512,3e-05,3,4,"[1020, 1070, 1550, 940]","[0.8277, 0.8247, 0.8308, 0.8258]","[0.8125, 0.8037, 0.8047, 0.8149]",roc_auc,0.8619118458085143,0.8271815180778503,0.36401474475860596,0.8619118458085143,,,,,roc_auc,0.8295655586014564,0.808438241481781,0.40511253476142883,0.8295655586014564,,,,,roc_auc,0.8406992129143859,0.8170068264007568,0.39195549488067627,0.8406992129143859,,,,
tolokers,GCN,5,512,3e-05,3,4,"[790, 730, 640, 620]","[0.8211, 0.8256, 0.8188, 0.8211]","[0.8057, 0.8139, 0.8081, 0.8081]",roc_auc,0.8520408474752182,0.8222486972808838,0.3761041760444641,0.8520408474752182,,,,,roc_auc,0.8226586504713452,0.8097992539405823,0.4072660207748413,0.8226586504713452,,,,,roc_auc,0.8375385341174365,0.8200680613517761,0.3925045430660248,0.8375385341174365,,,,
tolokers,GCN,1,512,3e-05,4,4,"[6160, 5620, 4400, 4140]","[0.8049, 0.8041, 0.8045, 0.8065]","[0.7993, 0.801, 0.8003, 0.8047]",roc_auc,0.8640639086345036,0.8295628428459167,0.3543267548084259,0.8640639086345036,,,,,roc_auc,0.8058048170490788,0.8043552041053772,0.4503578543663025,0.8058048170490788,,,,,roc_auc,0.826688655176247,0.8085033893585205,0.4264630973339081,0.826688655176247,,,,
tolokers,GCN,2,512,3e-05,4,4,"[1150, 1550, 1430, 1390]","[0.8175, 0.8182, 0.8223, 0.8214]","[0.802, 0.8074, 0.804, 0.8078]",roc_auc,0.8616233778126902,0.833645224571228,0.36002156138420105,0.8616233778126902,,,,,roc_auc,0.8211006247038394,0.8074174523353577,0.42162078619003296,0.8211006247038394,,,,,roc_auc,0.848210146165296,0.8221088647842407,0.38749465346336365,0.848210146165296,,,,
tolokers,GCN,3,512,3e-05,4,4,"[1540, 1570, 1690, 1650]","[0.8209, 0.8237, 0.8249, 0.825]","[0.8084, 0.8112, 0.8081, 0.8084]",roc_auc,0.8698605721061453,0.8372172117233276,0.3596615493297577,0.8698605721061453,,,,,roc_auc,0.8251596382393156,0.8121809959411621,0.4327505826950073,0.8251596382393156,,,,,roc_auc,0.8519408723283689,0.8214285969734192,0.3980315923690796,0.8519408723283689,,,,
tolokers,GCN,4,512,3e-05,4,4,"[1420, 1080, 1340, 990]","[0.8184, 0.8214, 0.8258, 0.822]","[0.8084, 0.8047, 0.8129, 0.8101]",roc_auc,0.8637218510521536,0.8331348896026611,0.36242860555648804,0.8637218510521536,,,,,roc_auc,0.8238134225107907,0.8135420083999634,0.42392173409461975,0.8238134225107907,,,,,roc_auc,0.8528091608848547,0.827551007270813,0.38417401909828186,0.8528091608848547,,,,
tolokers,GCN,5,512,3e-05,4,4,"[1220, 1070, 760, 1210]","[0.8197, 0.8175, 0.8203, 0.8198]","[0.8064, 0.8088, 0.8101, 0.8105]",roc_auc,0.8626558252898078,0.8302432298660278,0.3624880313873291,0.8626558252898078,,,,,roc_auc,0.8214074777090299,0.8074174523353577,0.42592090368270874,0.8214074777090299,,,,,roc_auc,0.8521150722963758,0.8244898319244385,0.38281863927841187,0.8521150722963758,,,,
tolokers,GCN,1,512,3e-05,5,4,"[4850, 4170, 5540, 4700]","[0.843, 0.8437, 0.8426, 0.8425]","[0.8135, 0.8152, 0.8112, 0.8125]",roc_auc,0.8591269679758127,0.8282020688056946,0.3592848777770996,0.8591269679758127,,,,,roc_auc,0.8438973590275203,0.81252121925354,0.3958757221698761,0.8438973590275203,,,,,roc_auc,0.8074002451000328,0.7996598482131958,0.4341803193092346,0.8074002451000328,,,,
tolokers,GCN,2,512,3e-05,5,4,"[1370, 1060, 1030, 920]","[0.8396, 0.839, 0.8399, 0.8391]","[0.82, 0.8193, 0.8207, 0.819]",roc_auc,0.8532598409813814,0.8312638401985168,0.37087124586105347,0.8532598409813814,,,,,roc_auc,0.8407650144125871,0.8217080235481262,0.3917965888977051,0.8407650144125871,,,,,roc_auc,0.825152713045883,0.8102040886878967,0.41290396451950073,0.825152713045883,,,,
tolokers,GCN,3,512,3e-05,5,4,"[1030, 1470, 1130, 1300]","[0.8428, 0.8397, 0.8463, 0.8497]","[0.819, 0.8125, 0.8207, 0.8152]",roc_auc,0.8632533661383004,0.831774115562439,0.3747345209121704,0.8632533661383004,,,,,roc_auc,0.8463579535348515,0.8176250457763672,0.4066707193851471,0.8463579535348515,,,,,roc_auc,0.8292670858311033,0.8044217824935913,0.42289984226226807,0.8292670858311033,,,,
tolokers,GCN,4,512,3e-05,5,4,"[810, 1050, 750, 780]","[0.847, 0.8461, 0.8463, 0.847]","[0.8217, 0.8166, 0.822, 0.819]",roc_auc,0.859642682952474,0.8302432298660278,0.3674929738044739,0.859642682952474,,,,,roc_auc,0.848131523172154,0.820347011089325,0.38814809918403625,0.848131523172154,,,,,roc_auc,0.8282605218136317,0.8057823181152344,0.40908586978912354,0.8282605218136317,,,,
tolokers,GCN,5,512,3e-05,5,4,"[740, 780, 950, 800]","[0.8483, 0.8416, 0.8516, 0.8513]","[0.8176, 0.8193, 0.8186, 0.8197]",roc_auc,0.8589422874070577,0.8309236168861389,0.37179240584373474,0.8589422874070577,,,,,roc_auc,0.8499000012219811,0.8186457753181458,0.3892372250556946,0.8499000012219811,,,,,roc_auc,0.8259810101700246,0.8023809790611267,0.41413143277168274,0.8259810101700246,,,,
tolokers,GCN,1,512,3e-05,6,4,"[5130, 4360, 4060, 3280]","[0.8178, 0.8174, 0.817, 0.8149]","[0.8037, 0.8067, 0.8003, 0.8013]",roc_auc,0.8618475722221431,0.823609471321106,0.3627317249774933,0.8618475722221431,,,,,roc_auc,0.8175534854292343,0.8006124496459961,0.4276677370071411,0.8175534854292343,,,,,roc_auc,0.8219872895027235,0.8071428537368774,0.413845032453537,0.8219872895027235,,,,
tolokers,GCN,2,512,3e-05,6,4,"[1530, 3510, 2520, 2790]","[0.8376, 0.8346, 0.8412, 0.8348]","[0.8248, 0.8118, 0.8282, 0.788]",roc_auc,0.8747414641624728,0.8392583727836609,0.3510000705718994,0.8747414641624728,,,,,roc_auc,0.8397242939325927,0.8189859986305237,0.4081951379776001,0.8397242939325927,,,,,roc_auc,0.8349804380891958,0.8051020503044128,0.41580259799957275,0.8349804380891958,,,,
tolokers,GCN,3,512,3e-05,6,4,"[1550, 1620, 1920, 1370]","[0.8508, 0.8499, 0.8543, 0.8469]","[0.822, 0.8268, 0.8295, 0.8248]",roc_auc,0.8728268235552689,0.8375574350357056,0.3527734577655792,0.8728268235552689,,,,,roc_auc,0.8528388655128449,0.8298740983009338,0.3842184245586395,0.8528388655128449,,,,,roc_auc,0.8373277318215215,0.813265323638916,0.401226282119751,0.8373277318215215,,,,
tolokers,GCN,4,512,3e-05,6,4,"[1160, 1210, 1210, 980]","[0.8507, 0.8503, 0.8518, 0.8491]","[0.8312, 0.8278, 0.8258, 0.8255]",roc_auc,0.8674390350618351,0.8353461623191833,0.36007657647132874,0.8674390350618351,,,,,roc_auc,0.8528666995243778,0.8264715671539307,0.38433560729026794,0.8528666995243778,,,,,roc_auc,0.8347187992267419,0.8122448921203613,0.4037483036518097,0.8347187992267419,,,,
tolokers,GCN,5,512,3e-05,6,4,"[1390, 1170, 920, 950]","[0.8494, 0.8482, 0.8458, 0.8492]","[0.8326, 0.8272, 0.8227, 0.8268]",roc_auc,0.8683263158108951,0.8333050012588501,0.3586806654930115,0.8683263158108951,,,,,roc_auc,0.8521063557947018,0.8278325796127319,0.3818088471889496,0.8521063557947018,,,,,roc_auc,0.8332181037825118,0.8125850558280945,0.4026767611503601,0.8332181037825118,,,,
tolokers,GCN,1,512,3e-05,7,4,"[3380, 3820, 3450, 3840]","[0.831, 0.8296, 0.8301, 0.8293]","[0.8054, 0.801, 0.8071, 0.8081]",roc_auc,0.8548785517515993,0.8258207440376282,0.36489924788475037,0.8548785517515993,,,,,roc_auc,0.8305750506782674,0.8040149211883545,0.4053794741630554,0.8305750506782674,,,,,roc_auc,0.8090693790347288,0.7996598482131958,0.43711769580841064,0.8090693790347288,,,,
tolokers,GCN,2,512,3e-05,7,4,"[1540, 1160, 2180, 1310]","[0.8333, 0.8361, 0.8389, 0.837]","[0.7918, 0.7901, 0.7928, 0.8047]",roc_auc,0.8552165392387701,0.8135737776756287,0.379693865776062,0.8552165392387701,,,,,roc_auc,0.8373047715642307,0.7948281764984131,0.4080846905708313,0.8373047715642307,,,,,roc_auc,0.8212199962584287,0.7860544323921204,0.4345037341117859,0.8212199962584287,,,,
tolokers,GCN,3,512,3e-05,7,4,"[1360, 1910, 1530, 1630]","[0.8388, 0.8383, 0.8404, 0.8442]","[0.8013, 0.7935, 0.7999, 0.8057]",roc_auc,0.8629580298568615,0.8176560997962952,0.3711574077606201,0.8629580298568615,,,,,roc_auc,0.8417616078011267,0.7999319434165955,0.4091920554637909,0.8417616078011267,,,,,roc_auc,0.8318123032624876,0.7972789406776428,0.42327195405960083,0.8318123032624876,,,,
tolokers,GCN,4,512,3e-05,7,4,"[1180, 1360, 1140, 1190]","[0.8415, 0.8466, 0.8389, 0.8424]","[0.7999, 0.8139, 0.801, 0.8064]",roc_auc,0.8618955654277977,0.825310468673706,0.3688511848449707,0.8618955654277977,,,,,roc_auc,0.8441729836295279,0.8050357103347778,0.3983660340309143,0.8441729836295279,,,,,roc_auc,0.8317113079502968,0.8017007112503052,0.4164825975894928,0.8317113079502968,,,,
tolokers,GCN,5,512,3e-05,7,4,"[950, 950, 920, 1340]","[0.8437, 0.8446, 0.8436, 0.8446]","[0.8105, 0.8016, 0.7928, 0.8037]",roc_auc,0.8596630334283701,0.8183364868164062,0.3752416968345642,0.8596630334283701,,,,,roc_auc,0.8453793504220586,0.8063967227935791,0.3987593352794647,0.8453793504220586,,,,,roc_auc,0.8304119253095609,0.7972789406776428,0.42081090807914734,0.8304119253095609,,,,
tolokers,GCN,1,512,3e-05,8,4,"[3070, 4390, 2670, 3560]","[0.8203, 0.8186, 0.8213, 0.8193]","[0.8016, 0.8003, 0.8013, 0.8013]",roc_auc,0.848225133244741,0.8185065388679504,0.37538543343544006,0.848225133244741,,,,,roc_auc,0.8208983189614789,0.8002721667289734,0.41741642355918884,0.8208983189614789,,,,,roc_auc,0.8280470082341681,0.807823121547699,0.4008403718471527,0.8280470082341681,,,,
tolokers,GCN,2,512,3e-05,8,4,"[980, 1140, 2180, 2140]","[0.8287, 0.8251, 0.8321, 0.8269]","[0.8101, 0.7982, 0.8037, 0.7965]",roc_auc,0.860469675416693,0.8217384219169617,0.36662372946739197,0.860469675416693,,,,,roc_auc,0.8297875518153884,0.8040149211883545,0.41757267713546753,0.8297875518153884,,,,,roc_auc,0.838774201594777,0.8064625859260559,0.39982113242149353,0.838774201594777,,,,
tolokers,GCN,3,512,3e-05,8,4,"[1040, 1230, 1360, 1520]","[0.8351, 0.8348, 0.8369, 0.836]","[0.8074, 0.8122, 0.8044, 0.8081]",roc_auc,0.8658123536885577,0.8321143388748169,0.36090871691703796,0.8658123536885577,,,,,roc_auc,0.8369829832357786,0.8074174523353577,0.4077833592891693,0.8369829832357786,,,,,roc_auc,0.8436924699522,0.8187074661254883,0.39331984519958496,0.8436924699522,,,,
tolokers,GCN,4,512,3e-05,8,4,"[780, 940, 850, 740]","[0.836, 0.8363, 0.8326, 0.836]","[0.8149, 0.8132, 0.8139, 0.8159]",roc_auc,0.8610301614403253,0.8304133415222168,0.36693426966667175,0.8610301614403253,,,,,roc_auc,0.8368302356115132,0.8152432441711426,0.4018595218658447,0.8368302356115132,,,,,roc_auc,0.8424127441171926,0.8163265585899353,0.39364686608314514,0.8424127441171926,,,,
tolokers,GCN,5,512,3e-05,8,4,"[860, 870, 600, 560]","[0.8347, 0.8356, 0.83, 0.8315]","[0.8176, 0.8122, 0.8112, 0.8122]",roc_auc,0.8564340064592411,0.8261609077453613,0.3721883296966553,0.8564340064592411,,,,,roc_auc,0.8348560574276758,0.8155835270881653,0.40155017375946045,0.8348560574276758,,,,,roc_auc,0.8388880755038243,0.8176870942115784,0.3962705433368683,0.8388880755038243,,,,
tolokers,GCN,1,512,3e-05,9,4,"[2490, 3000, 2180, 2340]","[0.8113, 0.813, 0.8136, 0.8116]","[0.8037, 0.7986, 0.7996, 0.8033]",roc_auc,0.8441324829547806,0.8178261518478394,0.37508609890937805,0.8441324829547806,,,,,roc_auc,0.8129384705414326,0.8019734621047974,0.4164291024208069,0.8129384705414326,,,,,roc_auc,0.8263290711955948,0.8040816187858582,0.40153801441192627,0.8263290711955948,,,,
tolokers,GCN,2,512,3e-05,9,4,"[730, 1890, 2080, 2040]","[0.8112, 0.8193, 0.8223, 0.8229]","[0.7594, 0.7482, 0.803, 0.7918]",roc_auc,0.8515695643709293,0.7982650399208069,0.39142245054244995,0.8515695643709293,,,,,roc_auc,0.82110741348714,0.7808778285980225,0.4446237087249756,0.82110741348714,,,,,roc_auc,0.8329134232937214,0.787074863910675,0.42693132162094116,0.8329134232937214,,,,
tolokers,GCN,3,512,3e-05,9,4,"[1340, 1860, 1400, 1390]","[0.8263, 0.8343, 0.8283, 0.8367]","[0.8074, 0.8122, 0.8115, 0.818]",roc_auc,0.8663392614269618,0.8346657752990723,0.3559480607509613,0.8663392614269618,,,,,roc_auc,0.8349701089871271,0.8149030208587646,0.4046197831630707,0.8349701089871271,,,,,roc_auc,0.8446742935072892,0.8166666626930237,0.393105685710907,0.8446742935072892,,,,
tolokers,GCN,4,512,3e-05,9,4,"[450, 1400, 720, 1460]","[0.8221, 0.8333, 0.8259, 0.8348]","[0.8084, 0.7836, 0.8105, 0.8152]",roc_auc,0.8637939256542846,0.8331348896026611,0.35937607288360596,0.8637939256542846,,,,,roc_auc,0.8344500881862951,0.8169445395469666,0.4000035226345062,0.8344500881862951,,,,,roc_auc,0.8408967977030005,0.8122448921203613,0.3948962986469269,0.8408967977030005,,,,
tolokers,GCN,5,512,3e-05,9,4,"[1230, 1040, 550, 880]","[0.8299, 0.8346, 0.8182, 0.8275]","[0.8115, 0.8037, 0.8091, 0.8163]",roc_auc,0.8627558817962959,0.8314339518547058,0.36027097702026367,0.8627558817962959,,,,,roc_auc,0.8327427091861742,0.818305492401123,0.40281885862350464,0.8327427091861742,,,,,roc_auc,0.8388653685041035,0.8183673620223999,0.3959376811981201,0.8388653685041035,,,,
tolokers,SAGE,1,512,3e-05,0,4,"[1880, 1800, 1800, 2280]","[0.8059, 0.8037, 0.8052, 0.8078]","[0.7986, 0.7948, 0.802, 0.7999]",roc_auc,0.8604418630996352,0.8251403570175171,0.3618427515029907,0.8604418630996352,,,,,roc_auc,0.8065733073187157,0.7975501418113708,0.4324125051498413,0.8065733073187157,,,,,roc_auc,0.799977089654013,0.7843537330627441,0.4335823059082031,0.799977089654013,,,,
tolokers,SAGE,2,512,3e-05,0,4,"[940, 990, 910, 820]","[0.8288, 0.8291, 0.8268, 0.8297]","[0.805, 0.8044, 0.8047, 0.8078]",roc_auc,0.8575738026967094,0.8178261518478394,0.37964919209480286,0.8575738026967094,,,,,roc_auc,0.8295302569282929,0.8050357103347778,0.41638368368148804,0.8295302569282929,,,,,roc_auc,0.8260457420647509,0.8040816187858582,0.41759300231933594,0.8260457420647509,,,,
tolokers,SAGE,3,512,3e-05,0,4,"[780, 940, 570, 710]","[0.8326, 0.83, 0.8296, 0.8311]","[0.8074, 0.8033, 0.8037, 0.8091]",roc_auc,0.8615044971159985,0.8207178115844727,0.3824347257614136,0.8615044971159985,,,,,roc_auc,0.8325471922271147,0.8033344149589539,0.42385798692703247,0.8325471922271147,,,,,roc_auc,0.8293108052783268,0.8074830174446106,0.423959344625473,0.8293108052783268,,,,
tolokers,SAGE,4,512,3e-05,0,4,"[760, 660, 750, 910]","[0.836, 0.8326, 0.8307, 0.8348]","[0.8084, 0.804, 0.803, 0.804]",roc_auc,0.862765039510449,0.8176560997962952,0.39343610405921936,0.862765039510449,,,,,roc_auc,0.8351439018396244,0.8029941916465759,0.4345550239086151,0.8351439018396244,,,,,roc_auc,0.8288959788953688,0.8030612468719482,0.43693676590919495,0.8288959788953688,,,,
tolokers,SAGE,5,512,3e-05,0,4,"[740, 850, 650, 760]","[0.834, 0.8321, 0.8332, 0.8365]","[0.8033, 0.8044, 0.8054, 0.803]",roc_auc,0.862648533035945,0.8212281465530396,0.3871319591999054,0.862648533035945,,,,,roc_auc,0.8350834816682485,0.802653968334198,0.42746663093566895,0.8350834816682485,,,,,roc_auc,0.8289813843271545,0.805442214012146,0.4313857853412628,0.8289813843271545,,,,
tolokers,SAGE,1,512,3e-05,1,4,"[490, 460, 470, 490]","[0.7994, 0.8031, 0.8011, 0.8009]","[0.7904, 0.7938, 0.7894, 0.7918]",roc_auc,0.7990276881791547,0.7878891229629517,0.41734829545021057,0.7990276881791547,,,,,roc_auc,0.8015251680563307,0.7910853624343872,0.4214801490306854,0.8015251680563307,,,,,roc_auc,0.7837304008090471,0.7908163666725159,0.42472368478775024,0.7837304008090471,,,,
tolokers,SAGE,2,512,3e-05,1,4,"[1090, 1450, 980, 780]","[0.8212, 0.8197, 0.8224, 0.8222]","[0.7986, 0.8067, 0.7999, 0.7986]",roc_auc,0.8643099798055444,0.8224188089370728,0.3680473864078522,0.8643099798055444,,,,,roc_auc,0.8226824112128976,0.8043552041053772,0.44143953919410706,0.8226824112128976,,,,,roc_auc,0.8255790623839232,0.8068027496337891,0.42845335602760315,0.8255790623839232,,,,
tolokers,SAGE,3,512,3e-05,1,4,"[1160, 1050, 970, 1310]","[0.8246, 0.8241, 0.8233, 0.8227]","[0.801, 0.8101, 0.8016, 0.8091]",roc_auc,0.8695468356027505,0.8256506323814392,0.3600655198097229,0.8695468356027505,,,,,roc_auc,0.8247910073060885,0.8050357103347778,0.4439273476600647,0.8247910073060885,,,,,roc_auc,0.8290095138939726,0.8108843564987183,0.429755836725235,0.8290095138939726,,,,
tolokers,SAGE,4,512,3e-05,1,4,"[1180, 660, 880, 1050]","[0.8269, 0.8245, 0.8261, 0.8252]","[0.804, 0.7993, 0.8037, 0.8064]",roc_auc,0.8679896850221176,0.8241197466850281,0.35701677203178406,0.8679896850221176,,,,,roc_auc,0.8270808639134076,0.8057162165641785,0.4324638247489929,0.8270808639134076,,,,,roc_auc,0.8327544742956762,0.8136054277420044,0.41580843925476074,0.8327544742956762,,,,
tolokers,SAGE,5,512,3e-05,1,4,"[940, 930, 720, 1000]","[0.8255, 0.8248, 0.8271, 0.8243]","[0.7993, 0.8023, 0.7982, 0.8078]",roc_auc,0.8692522624641579,0.8261609077453613,0.3573282063007355,0.8692522624641579,,,,,roc_auc,0.8264590113630654,0.802653968334198,0.4351021945476532,0.8264590113630654,,,,,roc_auc,0.8318455164859596,0.811904788017273,0.41929545998573303,0.8318455164859596,,,,
tolokers,SAGE,1,512,3e-05,2,4,"[1200, 1090, 1030, 940]","[0.7985, 0.7978, 0.7992, 0.7969]","[0.7897, 0.7856, 0.7856, 0.7877]",roc_auc,0.8284385351184771,0.8016669750213623,0.39091137051582336,0.8284385351184771,,,,,roc_auc,0.7989338894704613,0.7873426079750061,0.42867112159729004,0.7989338894704613,,,,,roc_auc,0.812419169859203,0.801360547542572,0.40258267521858215,0.812419169859203,,,,
tolokers,SAGE,2,512,3e-05,2,4,"[770, 760, 780, 620]","[0.8114, 0.8095, 0.8112, 0.8107]","[0.7948, 0.7976, 0.7993, 0.7972]",roc_auc,0.8568248203900916,0.8134036660194397,0.375357061624527,0.8568248203900916,,,,,roc_auc,0.8131597848770348,0.7999319434165955,0.424973726272583,0.8131597848770348,,,,,roc_auc,0.8305569789794186,0.8153061270713806,0.40076571702957153,0.8305569789794186,,,,
tolokers,SAGE,3,512,3e-05,2,4,"[700, 440, 620, 650]","[0.8105, 0.8074, 0.8122, 0.8093]","[0.7972, 0.7914, 0.7982, 0.7955]",roc_auc,0.8562402529699825,0.8103418946266174,0.37931162118911743,0.8562402529699825,,,,,roc_auc,0.8143505374679738,0.7982306480407715,0.4256053864955902,0.8143505374679738,,,,,roc_auc,0.8341806094423163,0.8105442523956299,0.4007642865180969,0.8341806094423163,,,,
tolokers,SAGE,4,512,3e-05,2,4,"[270, 330, 340, 530]","[0.8076, 0.8111, 0.8115, 0.8098]","[0.7914, 0.7907, 0.7911, 0.7969]",roc_auc,0.8414920935009399,0.8020071387290955,0.3888986110687256,0.8414920935009399,,,,,roc_auc,0.8136254954114612,0.7948281764984131,0.4152584671974182,0.8136254954114612,,,,,roc_auc,0.8264100707916134,0.8057823181152344,0.3969908356666565,0.8264100707916134,,,,
tolokers,SAGE,5,512,3e-05,2,4,"[660, 590, 350, 640]","[0.8122, 0.8073, 0.8094, 0.8086]","[0.7969, 0.7969, 0.7935, 0.7941]",roc_auc,0.8604358427505161,0.815444827079773,0.3770504295825958,0.8604358427505161,,,,,roc_auc,0.8133756681859964,0.7958489060401917,0.43309926986694336,0.8133756681859964,,,,,roc_auc,0.8365658611443243,0.8108843564987183,0.4043288826942444,0.8365658611443243,,,,
tolokers,SAGE,1,512,3e-05,3,4,"[1980, 2180, 1960, 2140]","[0.8104, 0.8123, 0.8127, 0.8117]","[0.7921, 0.7829, 0.7955, 0.7928]",roc_auc,0.8502886715005831,0.8185065388679504,0.37118852138519287,0.8502886715005831,,,,,roc_auc,0.8125915637147679,0.795168399810791,0.41848471760749817,0.8125915637147679,,,,,roc_auc,0.8146976647714794,0.8044217824935913,0.4219767451286316,0.8146976647714794,,,,
tolokers,SAGE,2,512,3e-05,3,4,"[1260, 1210, 1250, 1280]","[0.8291, 0.831, 0.829, 0.8292]","[0.804, 0.8006, 0.801, 0.7962]",roc_auc,0.8695264851268547,0.8310937285423279,0.35480037331581116,0.8695264851268547,,,,,roc_auc,0.8303320122361031,0.7995916604995728,0.416230708360672,0.8303320122361031,,,,,roc_auc,0.8331591333653265,0.809183657169342,0.4212108552455902,0.8331591333653265,,,,
tolokers,SAGE,3,512,3e-05,3,4,"[1100, 1360, 1010, 1060]","[0.828, 0.8266, 0.8289, 0.8284]","[0.8047, 0.8044, 0.8033, 0.7952]",roc_auc,0.8721698423584302,0.8295628428459167,0.3589503765106201,0.8721698423584302,,,,,roc_auc,0.8291256454435724,0.8036746978759766,0.4286324977874756,0.8291256454435724,,,,,roc_auc,0.8348855431649898,0.8071428537368774,0.42834070324897766,0.8348855431649898,,,,
tolokers,SAGE,4,512,3e-05,3,4,"[680, 1230, 1100, 580]","[0.8253, 0.8274, 0.8281, 0.8293]","[0.8027, 0.805, 0.8037, 0.7972]",roc_auc,0.8677985601359954,0.8251403570175171,0.36540648341178894,0.8677985601359954,,,,,roc_auc,0.8307257616675424,0.8053759336471558,0.42301416397094727,0.8307257616675424,,,,,roc_auc,0.835792467512045,0.8064625859260559,0.4229665696620941,0.835792467512045,,,,
tolokers,SAGE,5,512,3e-05,3,4,"[580, 1300, 1220, 580]","[0.8254, 0.8278, 0.8259, 0.8281]","[0.7999, 0.8016, 0.8027, 0.7989]",roc_auc,0.8760013282077268,0.8282020688056946,0.3515203297138214,0.8760013282077268,,,,,roc_auc,0.8307678521240066,0.8063967227935791,0.42034053802490234,0.8307678521240066,,,,,roc_auc,0.836852579379604,0.8112245202064514,0.4191615581512451,0.836852579379604,,,,
tolokers,SAGE,1,512,3e-05,4,4,"[1960, 2180, 2250, 2310]","[0.8042, 0.8073, 0.807, 0.8059]","[0.7952, 0.7948, 0.7965, 0.7996]",roc_auc,0.8592966400685946,0.8278619050979614,0.3609728217124939,0.8592966400685946,,,,,roc_auc,0.8067430269012327,0.7985709309577942,0.4315961003303528,0.8067430269012327,,,,,roc_auc,0.8048601113253024,0.7904762029647827,0.44206148386001587,0.8048601113253024,,,,
tolokers,SAGE,2,512,3e-05,4,4,"[1080, 1570, 1060, 1430]","[0.8257, 0.8268, 0.8294, 0.8282]","[0.8057, 0.8047, 0.8054, 0.8023]",roc_auc,0.8725415777181282,0.8321143388748169,0.35655272006988525,0.8725415777181282,,,,,roc_auc,0.8286429629508939,0.8063967227935791,0.42584046721458435,0.8286429629508939,,,,,roc_auc,0.8298039199737548,0.8064625859260559,0.43068158626556396,0.8298039199737548,,,,
tolokers,SAGE,3,512,3e-05,4,4,"[1020, 1150, 1060, 940]","[0.8283, 0.8275, 0.8289, 0.8298]","[0.8061, 0.805, 0.8091, 0.8037]",roc_auc,0.8697260893779334,0.8283721804618835,0.3735515773296356,0.8697260893779334,,,,,roc_auc,0.8295363668332635,0.8063967227935791,0.4408513009548187,0.8295363668332635,,,,,roc_auc,0.8304315821152892,0.8074830174446106,0.4455781579017639,0.8304315821152892,,,,
tolokers,SAGE,4,512,3e-05,4,4,"[970, 850, 1220, 880]","[0.8298, 0.8246, 0.8279, 0.8289]","[0.8044, 0.7999, 0.8061, 0.7982]",roc_auc,0.8689139358023887,0.8290525674819946,0.3797067403793335,0.8689139358023887,,,,,roc_auc,0.8292390181246936,0.8043552041053772,0.44664061069488525,0.8292390181246936,,,,,roc_auc,0.8315465974747105,0.8081632852554321,0.4493962526321411,0.8315465974747105,,,,
tolokers,SAGE,5,512,3e-05,4,4,"[1280, 1030, 850, 990]","[0.8281, 0.8236, 0.8297, 0.8305]","[0.805, 0.8033, 0.8081, 0.805]",roc_auc,0.8739637368086519,0.8314339518547058,0.3672828674316406,0.8739637368086519,,,,,roc_auc,0.8301371741553736,0.8053759336471558,0.4381193518638611,0.8301371741553736,,,,,roc_auc,0.8331882796634754,0.8068027496337891,0.4391540586948395,0.8331882796634754,,,,
tolokers,SAGE,1,512,3e-05,5,4,"[2410, 2120, 2200, 1980]","[0.8196, 0.8195, 0.8161, 0.818]","[0.805, 0.801, 0.7979, 0.7986]",roc_auc,0.8585335820161487,0.8256506323814392,0.3635820150375366,0.8585335820161487,,,,,roc_auc,0.8197836007435074,0.8033344149589539,0.4144635498523712,0.8197836007435074,,,,,roc_auc,0.7999330312963462,0.7884353995323181,0.4311966001987457,0.7999330312963462,,,,
tolokers,SAGE,2,512,3e-05,5,4,"[670, 890, 940, 830]","[0.837, 0.836, 0.8404, 0.8391]","[0.7982, 0.7955, 0.8033, 0.8003]",roc_auc,0.8596426829524741,0.8205476999282837,0.3728490471839905,0.8596426829524741,,,,,roc_auc,0.8398027043797156,0.8016331791877747,0.41257235407829285,0.8398027043797156,,,,,roc_auc,0.8232182122338536,0.7959184050559998,0.4253997504711151,0.8232182122338536,,,,
tolokers,SAGE,3,512,3e-05,5,4,"[680, 910, 810, 750]","[0.8409, 0.8364, 0.8399, 0.8397]","[0.8037, 0.8016, 0.8003, 0.801]",roc_auc,0.861936520760538,0.8210580348968506,0.3853212594985962,0.861936520760538,,,,,roc_auc,0.8407419325493647,0.8019734621047974,0.43238556385040283,0.8407419325493647,,,,,roc_auc,0.8254204522963217,0.8006802797317505,0.440584272146225,0.8254204522963217,,,,
tolokers,SAGE,4,512,3e-05,5,4,"[810, 730, 930, 880]","[0.8402, 0.8349, 0.8414, 0.8383]","[0.8027, 0.801, 0.8037, 0.8006]",roc_auc,0.8657914096571149,0.824289858341217,0.3804391622543335,0.8657914096571149,,,,,roc_auc,0.8399598647131263,0.8029941916465759,0.43467462062835693,0.8399598647131263,,,,,roc_auc,0.8257613962025763,0.8030612468719482,0.4398520886898041,0.8257613962025763,,,,
tolokers,SAGE,5,512,3e-05,5,4,"[750, 760, 1190, 610]","[0.8393, 0.8344, 0.8409, 0.8399]","[0.804, 0.7996, 0.805, 0.803]",roc_auc,0.8680268246406275,0.824459969997406,0.37950873374938965,0.8680268246406275,,,,,roc_auc,0.8410202726646924,0.802653968334198,0.43567344546318054,0.8410202726646924,,,,,roc_auc,0.8268079516523918,0.8003401756286621,0.44196033477783203,0.8268079516523918,,,,
tolokers,SAGE,1,512,3e-05,6,4,"[2700, 2600, 2660, 2400]","[0.8037, 0.8044, 0.808, 0.8054]","[0.7948, 0.7877, 0.7924, 0.7935]",roc_auc,0.8688240545338486,0.8268412947654724,0.3520508408546448,0.8688240545338486,,,,,roc_auc,0.8069629834801748,0.7948281764984131,0.4373753070831299,0.8069629834801748,,,,,roc_auc,0.8095858785507646,0.7948979735374451,0.427562415599823,0.8095858785507646,,,,
tolokers,SAGE,2,512,3e-05,6,4,"[1180, 1370, 1340, 1280]","[0.8241, 0.8253, 0.8275, 0.8252]","[0.8122, 0.8074, 0.8061, 0.8064]",roc_auc,0.874636659211609,0.8268412947654724,0.36543312668800354,0.874636659211609,,,,,roc_auc,0.8264488281881144,0.8080979585647583,0.4448564350605011,0.8264488281881144,,,,,roc_auc,0.8292535294133596,0.8085033893585205,0.43104463815689087,0.8292535294133596,,,,
tolokers,SAGE,3,512,3e-05,6,4,"[1050, 1050, 1040, 1080]","[0.8259, 0.8291, 0.8321, 0.8308]","[0.8054, 0.802, 0.8067, 0.8054]",roc_auc,0.8753565572964257,0.8290525674819946,0.36986902356147766,0.8753565572964257,,,,,roc_auc,0.8306239299180321,0.8060564398765564,0.4441770017147064,0.8306239299180321,,,,,roc_auc,0.8299591409569205,0.8098639845848083,0.43599945306777954,0.8299591409569205,,,,
tolokers,SAGE,4,512,3e-05,6,4,"[1030, 910, 820, 820]","[0.8307, 0.8316, 0.8334, 0.8309]","[0.8095, 0.8084, 0.8084, 0.8088]",roc_auc,0.869381996747994,0.8256506323814392,0.377505362033844,0.869381996747994,,,,,roc_auc,0.8325241103638923,0.8108199834823608,0.4376453459262848,0.8325241103638923,,,,,roc_auc,0.8300289565083006,0.8105442523956299,0.43240609765052795,0.8300289565083006,,,,
tolokers,SAGE,5,512,3e-05,6,4,"[1000, 870, 1040, 880]","[0.8301, 0.8316, 0.8343, 0.8305]","[0.8027, 0.8105, 0.8037, 0.804]",roc_auc,0.8750869134908053,0.8278619050979614,0.37395477294921875,0.8750869134908053,,,,,roc_auc,0.8330665341496166,0.8053759336471558,0.4427560567855835,0.8330665341496166,,,,,roc_auc,0.8319688798874275,0.8102040886878967,0.4344025254249573,0.8319688798874275,,,,
tolokers,SAGE,1,512,3e-05,7,4,"[1460, 1490, 1450, 2850]","[0.8052, 0.8054, 0.8048, 0.8055]","[0.7986, 0.7993, 0.7952, 0.7962]",roc_auc,0.8553230400626253,0.8230991959571838,0.36700886487960815,0.8553230400626253,,,,,roc_auc,0.806886270228877,0.7965294122695923,0.4226800203323364,0.806886270228877,,,,,roc_auc,0.7978195857700995,0.7931972742080688,0.4364273250102997,0.7978195857700995,,,,
tolokers,SAGE,2,512,3e-05,7,4,"[1050, 670, 930, 970]","[0.8351, 0.8328, 0.8338, 0.8348]","[0.8081, 0.8095, 0.8118, 0.8057]",roc_auc,0.8636251862916482,0.8283721804618835,0.36646950244903564,0.8636251862916482,,,,,roc_auc,0.8354317462515733,0.8097992539405823,0.4137141704559326,0.8354317462515733,,,,,roc_auc,0.8225532699435241,0.7976190447807312,0.42952826619148254,0.8225532699435241,,,,
tolokers,SAGE,3,512,3e-05,7,4,"[740, 680, 1050, 890]","[0.8322, 0.8332, 0.8285, 0.8287]","[0.8074, 0.8071, 0.8054, 0.805]",roc_auc,0.8639323088903768,0.8249702453613281,0.38559162616729736,0.8639323088903768,,,,,roc_auc,0.8329422994152141,0.8060564398765564,0.4448218047618866,0.8329422994152141,,,,,roc_auc,0.8282198525604006,0.8017007112503052,0.44404172897338867,0.8282198525604006,,,,
tolokers,SAGE,4,512,3e-05,7,4,"[690, 520, 900, 890]","[0.8297, 0.8297, 0.8257, 0.8268]","[0.8115, 0.8105, 0.8098, 0.8067]",roc_auc,0.8643037050754764,0.8249702453613281,0.3785862326622009,0.8643037050754764,,,,,roc_auc,0.8302491890798348,0.8087784647941589,0.4410836100578308,0.8302491890798348,,,,,roc_auc,0.828220530381288,0.8006802797317505,0.43614012002944946,0.828220530381288,,,,
tolokers,SAGE,5,512,3e-05,7,4,"[880, 660, 950, 910]","[0.827, 0.8308, 0.8279, 0.8298]","[0.8098, 0.8149, 0.8078, 0.8125]",roc_auc,0.8719768520120177,0.8297329545021057,0.3619697690010071,0.8719768520120177,,,,,roc_auc,0.831250534616685,0.81252121925354,0.43420159816741943,0.831250534616685,,,,,roc_auc,0.8296195526924401,0.8023809790611267,0.42980214953422546,0.8296195526924401,,,,
tolokers,SAGE,1,512,3e-05,8,4,"[1770, 2070, 1940, 1940]","[0.8148, 0.8143, 0.8153, 0.8136]","[0.7914, 0.7904, 0.7921, 0.7935]",roc_auc,0.8485130076850181,0.8145943284034729,0.3728424906730652,0.8485130076850181,,,,,roc_auc,0.8154801910092071,0.7914256453514099,0.4234044551849365,0.8154801910092071,,,,,roc_auc,0.8059622480878672,0.793537437915802,0.4294946789741516,0.8059622480878672,,,,
tolokers,SAGE,2,512,3e-05,8,4,"[1190, 1190, 1250, 1040]","[0.8252, 0.8251, 0.8275, 0.8233]","[0.7972, 0.7976, 0.7986, 0.7989]",roc_auc,0.8680809229890507,0.8302432298660278,0.35910388827323914,0.8680809229890507,,,,,roc_auc,0.825835122177733,0.7965294122695923,0.4341239631175995,0.825835122177733,,,,,roc_auc,0.8265347898348557,0.8030612468719482,0.43355199694633484,0.8265347898348557,,,,
tolokers,SAGE,3,512,3e-05,8,4,"[1210, 1060, 920, 880]","[0.8226, 0.8245, 0.8237, 0.8171]","[0.8003, 0.7989, 0.7989, 0.7996]",roc_auc,0.8679949422283907,0.824459969997406,0.3840751051902771,0.8679949422283907,,,,,roc_auc,0.8229885853397583,0.7999319434165955,0.46497875452041626,0.8229885853397583,,,,,roc_auc,0.8267205127579448,0.7993197441101074,0.4590305984020233,0.8267205127579448,,,,
tolokers,SAGE,4,512,3e-05,8,4,"[920, 440, 820, 740]","[0.8239, 0.818, 0.8231, 0.8206]","[0.801, 0.7955, 0.8016, 0.8016]",roc_auc,0.860849042204852,0.8202075362205505,0.377548485994339,0.860849042204852,,,,,roc_auc,0.8246694880850065,0.8019734621047974,0.43226927518844604,0.8246694880850065,,,,,roc_auc,0.8303136412809188,0.8030612468719482,0.42769718170166016,0.8303136412809188,,,,
tolokers,SAGE,5,512,3e-05,8,4,"[780, 720, 750, 720]","[0.8231, 0.8242, 0.8199, 0.8219]","[0.8013, 0.8054, 0.7972, 0.803]",roc_auc,0.8622591605971373,0.8205476999282837,0.38381099700927734,0.8622591605971373,,,,,roc_auc,0.8228324433238425,0.8019734621047974,0.44744038581848145,0.8228324433238425,,,,,roc_auc,0.8298378110181142,0.8006802797317505,0.44017666578292847,0.8298378110181142,,,,
tolokers,SAGE,1,512,3e-05,9,4,"[1690, 1890, 2550, 2280]","[0.8006, 0.8016, 0.8013, 0.804]","[0.7833, 0.7901, 0.7914, 0.7931]",roc_auc,0.8548344590538249,0.8266712427139282,0.36505070328712463,0.8548344590538249,,,,,roc_auc,0.8028951445264076,0.7904048562049866,0.4326189160346985,0.8028951445264076,,,,,roc_auc,0.8114915719750887,0.7887755036354065,0.4169985055923462,0.8114915719750887,,,,
tolokers,SAGE,2,512,3e-05,9,4,"[1560, 1440, 1300, 1290]","[0.8237, 0.8207, 0.8239, 0.8213]","[0.8044, 0.7989, 0.8067, 0.7948]",roc_auc,0.8754593271997,0.8351760506629944,0.35122647881507874,0.8754593271997,,,,,roc_auc,0.8233830136495277,0.7992514371871948,0.43649834394454956,0.8233830136495277,,,,,roc_auc,0.828247982127219,0.8034013509750366,0.423554003238678,0.828247982127219,,,,
tolokers,SAGE,3,512,3e-05,9,4,"[1540, 950, 1070, 1010]","[0.8256, 0.8214, 0.8268, 0.8265]","[0.8067, 0.803, 0.8057, 0.8054]",roc_auc,0.8747197569881838,0.8297329545021057,0.36446520686149597,0.8747197569881838,,,,,roc_auc,0.8267482135316743,0.8070772290229797,0.444774329662323,0.8267482135316743,,,,,roc_auc,0.829701230109346,0.8064625859260559,0.43669429421424866,0.829701230109346,,,,
tolokers,SAGE,4,512,3e-05,9,4,"[1270, 1360, 960, 990]","[0.8278, 0.8264, 0.8297, 0.8284]","[0.8064, 0.8037, 0.8098, 0.8064]",roc_auc,0.8773782074893821,0.8312638401985168,0.3630262315273285,0.8773782074893821,,,,,roc_auc,0.8298758059982975,0.8091187477111816,0.446155309677124,0.8298758059982975,,,,,roc_auc,0.8291942200857307,0.8057823181152344,0.44405242800712585,0.8291942200857307,,,,
tolokers,SAGE,5,512,3e-05,9,4,"[1160, 790, 1100, 870]","[0.8313, 0.8265, 0.832, 0.8296]","[0.8047, 0.8037, 0.8067, 0.8057]",roc_auc,0.8740619278548495,0.8329647779464722,0.3545977473258972,0.8740619278548495,,,,,roc_auc,0.8313163858147015,0.8057162165641785,0.42585188150405884,0.8313163858147015,,,,,roc_auc,0.8303505825192706,0.8074830174446106,0.42452991008758545,0.8303505825192706,,,,
tolokers,GAT,1,512,3e-05,0,4,"[840, 2170, 2450, 1210]","[0.8018, 0.8059, 0.8035, 0.7973]","[0.7941, 0.7999, 0.7918, 0.7873]",roc_auc,0.8749057942553321,0.8312638401985168,0.34638550877571106,0.8749057942553321,,,,,roc_auc,0.8074307306495915,0.7958489060401917,0.4316246211528778,0.8074307306495915,,,,,roc_auc,0.812517453887845,0.7959184050559998,0.419107586145401,0.812517453887845,,,,
tolokers,GAT,2,512,3e-05,0,4,"[740, 1110, 870, 1190]","[0.8332, 0.8339, 0.831, 0.8299]","[0.8135, 0.8095, 0.8108, 0.8067]",roc_auc,0.8834818239724536,0.8394284844398499,0.34556862711906433,0.8834818239724536,,,,,roc_auc,0.8364711089749073,0.8111602067947388,0.4152875244617462,0.8364711089749073,,,,,roc_auc,0.84048264914093,0.8173469305038452,0.40601661801338196,0.84048264914093,,,,
tolokers,GAT,3,512,3e-05,0,4,"[1340, 1240, 1470, 1100]","[0.8385, 0.8391, 0.8387, 0.8361]","[0.8088, 0.8129, 0.8169, 0.8166]",roc_auc,0.901998467609165,0.8523558378219604,0.3242880702018738,0.901998467609165,,,,,roc_auc,0.8440331346935339,0.8196665048599243,0.42814502120018005,0.8440331346935339,,,,,roc_auc,0.8442906468851419,0.8156462907791138,0.42650851607322693,0.8442906468851419,,,,
tolokers,GAT,4,512,3e-05,0,4,"[860, 1140, 1000, 1530]","[0.8364, 0.8378, 0.8348, 0.8397]","[0.8152, 0.8088, 0.8101, 0.8152]",roc_auc,0.9010139285440524,0.8555877208709717,0.3232946991920471,0.9010139285440524,,,,,roc_auc,0.843073200734818,0.8206872940063477,0.42727896571159363,0.843073200734818,,,,,roc_auc,0.8434928517009237,0.8102040886878967,0.4299014210700989,0.8434928517009237,,,,
tolokers,GAT,5,512,3e-05,0,4,"[1250, 1040, 1130, 800]","[0.8352, 0.8402, 0.837, 0.8294]","[0.7952, 0.8163, 0.7996, 0.7999]",roc_auc,0.9009691574970814,0.8533764481544495,0.32253822684288025,0.9009691574970814,,,,,roc_auc,0.8419537303685359,0.806736946105957,0.42864397168159485,0.8419537303685359,,,,,roc_auc,0.842103318882192,0.807823121547699,0.43424561619758606,0.842103318882192,,,,
tolokers,GAT,1,512,3e-05,1,4,"[1310, 1010, 1720, 1380]","[0.8184, 0.8235, 0.8211, 0.8187]","[0.7958, 0.7901, 0.7945, 0.7945]",roc_auc,0.8578030847251364,0.8186766505241394,0.3623240888118744,0.8578030847251364,,,,,roc_auc,0.8259702189654167,0.795508623123169,0.4110782742500305,0.8259702189654167,,,,,roc_auc,0.8186964690954345,0.8051020503044128,0.41689714789390564,0.8186964690954345,,,,
tolokers,GAT,2,512,3e-05,1,4,"[1020, 1110, 750, 1650]","[0.8401, 0.8365, 0.8372, 0.8406]","[0.8098, 0.8098, 0.8146, 0.8142]",roc_auc,0.8843840284038376,0.8414696455001831,0.34585803747177124,0.8843840284038376,,,,,roc_auc,0.8446577027571963,0.8166042566299438,0.414458304643631,0.8446577027571963,,,,,roc_auc,0.8460316298338797,0.8224489688873291,0.40757477283477783,0.8460316298338797,,,,
tolokers,GAT,3,512,3e-05,1,4,"[960, 970, 760, 970]","[0.845, 0.8441, 0.8401, 0.8421]","[0.8166, 0.8142, 0.8125, 0.8176]",roc_auc,0.8778396545303211,0.8395985960960388,0.3547241687774658,0.8778396545303211,,,,,roc_auc,0.84809146935068,0.8193262815475464,0.41130331158638,0.84809146935068,,,,,roc_auc,0.8473832046829289,0.8207483291625977,0.4114890694618225,0.8473832046829289,,,,
tolokers,GAT,4,512,3e-05,1,4,"[1060, 930, 1280, 1150]","[0.8491, 0.842, 0.8422, 0.841]","[0.8227, 0.802, 0.8159, 0.803]",roc_auc,0.8864189064061263,0.848953902721405,0.3411096930503845,0.8864189064061263,,,,,roc_auc,0.8491627393555272,0.8145627379417419,0.41270774602890015,0.8491627393555272,,,,,roc_auc,0.845945546581207,0.8112245202064514,0.4183070957660675,0.845945546581207,,,,
tolokers,GAT,5,512,3e-05,1,4,"[910, 590, 840, 950]","[0.8451, 0.8417, 0.8424, 0.8397]","[0.8197, 0.8149, 0.819, 0.8064]",roc_auc,0.8701554844193365,0.8378975987434387,0.35898739099502563,0.8701554844193365,,,,,roc_auc,0.846870846113218,0.8179652690887451,0.39876121282577515,0.846870846113218,,,,,roc_auc,0.8443031865715548,0.8180271983146667,0.40359851717948914,0.8443031865715548,,,,
tolokers,GAT,1,512,3e-05,2,4,"[1880, 1960, 1510, 1350]","[0.8032, 0.7998, 0.7992, 0.797]","[0.7863, 0.7836, 0.7907, 0.7887]",roc_auc,0.8779549738937312,0.8266712427139282,0.344539612531662,0.8779549738937312,,,,,roc_auc,0.8045624697050544,0.7883633375167847,0.43808844685554504,0.8045624697050544,,,,,roc_auc,0.8297483386610056,0.8061224818229675,0.4014912545681,0.8297483386610056,,,,
tolokers,GAT,2,512,3e-05,2,4,"[1550, 1320, 1470, 1240]","[0.8262, 0.8171, 0.8246, 0.8237]","[0.801, 0.7979, 0.8064, 0.8098]",roc_auc,0.9026644369328577,0.848273515701294,0.3165469467639923,0.9026644369328577,,,,,roc_auc,0.8276694514255767,0.8070772290229797,0.43459978699684143,0.8276694514255767,,,,,roc_auc,0.8462248087867279,0.8231292366981506,0.40866783261299133,0.8462248087867279,,,,
tolokers,GAT,3,512,3e-05,2,4,"[940, 1030, 1070, 1240]","[0.8189, 0.8191, 0.8237, 0.8239]","[0.8033, 0.8071, 0.8122, 0.8047]",roc_auc,0.8929670959938731,0.8479333519935608,0.35191109776496887,0.8929670959938731,,,,,roc_auc,0.8260801972548877,0.8115004897117615,0.47467175126075745,0.8260801972548877,,,,,roc_auc,0.8401562783837497,0.8183673620223999,0.45535174012184143,0.8401562783837497,,,,
tolokers,GAT,4,512,3e-05,2,4,"[1250, 1360, 1280, 1220]","[0.8148, 0.8172, 0.8212, 0.8172]","[0.7979, 0.7737, 0.7986, 0.7727]",roc_auc,0.911973083782231,0.857288658618927,0.3092365264892578,0.911973083782231,,,,,roc_auc,0.8232825396566776,0.7921061515808105,0.485992431640625,0.8232825396566776,,,,,roc_auc,0.8407575055106838,0.813265323638916,0.46517837047576904,0.8407575055106838,,,,
tolokers,GAT,5,512,3e-05,2,4,"[960, 560, 820, 1280]","[0.8207, 0.8162, 0.8138, 0.8251]","[0.7976, 0.785, 0.7931, 0.788]",roc_auc,0.8885517210736639,0.8394284844398499,0.3390015959739685,0.8885517210736639,,,,,roc_auc,0.8246280765068723,0.7978904247283936,0.44151124358177185,0.8246280765068723,,,,,roc_auc,0.8342145004866754,0.8040816187858582,0.4322594404220581,0.8342145004866754,,,,
tolokers,GAT,1,512,3e-05,3,4,"[1870, 1520, 2470, 2230]","[0.8079, 0.8064, 0.8135, 0.8157]","[0.7938, 0.7955, 0.788, 0.7884]",roc_auc,0.874672611719025,0.8305834531784058,0.34361135959625244,0.874672611719025,,,,,roc_auc,0.8161434551376833,0.7965294122695923,0.42036500573158264,0.8161434551376833,,,,,roc_auc,0.8265907100580486,0.8006802797317505,0.4160633385181427,0.8265907100580486,,,,
tolokers,GAT,2,512,3e-05,3,4,"[1350, 1650, 1260, 1170]","[0.8402, 0.8372, 0.8375, 0.8345]","[0.8146, 0.8122, 0.8142, 0.8088]",roc_auc,0.8972731718997915,0.8496342897415161,0.3230741322040558,0.8972731718997915,,,,,roc_auc,0.8433562929984562,0.8155835270881653,0.41154271364212036,0.8433562929984562,,,,,roc_auc,0.8484561951473446,0.8241496682167053,0.405931293964386,0.8484561951473446,,,,
tolokers,GAT,3,512,3e-05,3,4,"[1120, 1320, 1350, 1400]","[0.8372, 0.8397, 0.8336, 0.8326]","[0.8105, 0.8139, 0.8047, 0.8023]",roc_auc,0.8906231451389157,0.8440210819244385,0.3389640748500824,0.8906231451389157,,,,,roc_auc,0.8400589809493164,0.8091187477111816,0.43152713775634766,0.8400589809493164,,,,,roc_auc,0.853432756101066,0.8238095641136169,0.4113613963127136,0.853432756101066,,,,
tolokers,GAT,4,512,3e-05,3,4,"[980, 1220, 1350, 1680]","[0.8334, 0.8365, 0.836, 0.8313]","[0.8054, 0.7727, 0.8071, 0.7887]",roc_auc,0.8991969702211486,0.8436809182167053,0.3323802053928375,0.8991969702211486,,,,,roc_auc,0.8410114472464016,0.8016331791877747,0.4365277886390686,0.8410114472464016,,,,,roc_auc,0.8516304303620378,0.8159863948822021,0.4221818447113037,0.8516304303620378,,,,
tolokers,GAT,5,512,3e-05,3,4,"[950, 760, 1000, 1330]","[0.8339, 0.8288, 0.8323, 0.8273]","[0.8067, 0.7799, 0.8006, 0.7785]",roc_auc,0.8867760572580989,0.832794725894928,0.34679174423217773,0.8867760572580989,,,,,roc_auc,0.8358947412726796,0.7985709309577942,0.42765504121780396,0.8358947412726796,,,,,roc_auc,0.8525875134547447,0.8146258592605591,0.4024973511695862,0.8525875134547447,,,,
tolokers,GAT,1,512,3e-05,4,4,"[1780, 1870, 1840, 2130]","[0.8078, 0.8069, 0.8069, 0.8076]","[0.7989, 0.7955, 0.7921, 0.7965]",roc_auc,0.8790106548308299,0.8305834531784058,0.3397466838359833,0.8790106548308299,,,,,roc_auc,0.8134381249923626,0.8012929558753967,0.42902109026908875,0.8134381249923626,,,,,roc_auc,0.8222821415886495,0.7982993125915527,0.4220599830150604,0.8222821415886495,,,,
tolokers,GAT,2,512,3e-05,4,4,"[1560, 2010, 2120, 1870]","[0.8338, 0.8377, 0.8357, 0.8351]","[0.8135, 0.8108, 0.8095, 0.8129]",roc_auc,0.924897755817353,0.874808669090271,0.27369120717048645,0.924897755817353,,,,,roc_auc,0.8446597393921866,0.8169445395469666,0.43071937561035156,0.8446597393921866,,,,,roc_auc,0.8568543959395818,0.8227891325950623,0.4114845395088196,0.8568543959395818,,,,
tolokers,GAT,3,512,3e-05,4,4,"[1850, 1230, 1690, 1480]","[0.8323, 0.8315, 0.8397, 0.8391]","[0.8067, 0.8084, 0.8098, 0.8186]",roc_auc,0.9161567176581756,0.8703861236572266,0.2887714207172394,0.9161567176581756,,,,,roc_auc,0.8439150098641023,0.8138822317123413,0.4445219039916992,0.8439150098641023,,,,,roc_auc,0.856363653617259,0.8265306353569031,0.424326092004776,0.856363653617259,,,,
tolokers,GAT,4,512,3e-05,4,4,"[1180, 1280, 1400, 1230]","[0.8357, 0.837, 0.8338, 0.8374]","[0.7999, 0.8115, 0.8023, 0.8183]",roc_auc,0.9053694391476678,0.8591597676277161,0.3073255121707916,0.9053694391476678,,,,,roc_auc,0.8423305078417236,0.8115004897117615,0.44761669635772705,0.8423305078417236,,,,,roc_auc,0.8600171081991926,0.8272109031677246,0.41390305757522583,0.8600171081991926,,,,
tolokers,GAT,5,512,3e-05,4,4,"[1200, 1100, 1270, 1390]","[0.831, 0.829, 0.8294, 0.8364]","[0.7901, 0.7928, 0.8016, 0.8078]",roc_auc,0.9150186172936988,0.858139157295227,0.29806414246559143,0.9150186172936988,,,,,roc_auc,0.8400114594662116,0.8060564398765564,0.4559115469455719,0.8400114594662116,,,,,roc_auc,0.8554919759563375,0.8149660229682922,0.4200141429901123,0.8554919759563375,,,,
tolokers,GAT,1,512,3e-05,5,4,"[1810, 1820, 1850, 1000]","[0.8436, 0.8344, 0.8328, 0.8329]","[0.8173, 0.8027, 0.805, 0.8061]",roc_auc,0.8780273028768111,0.8348358869552612,0.34215494990348816,0.8780273028768111,,,,,roc_auc,0.8432877262871192,0.8128615021705627,0.3891376256942749,0.8432877262871192,,,,,roc_auc,0.8069844019857441,0.7843537330627441,0.42791426181793213,0.8069844019857441,,,,
tolokers,GAT,2,512,3e-05,5,4,"[1100, 1150, 1410, 1530]","[0.8513, 0.855, 0.8479, 0.8554]","[0.8193, 0.8234, 0.8231, 0.8203]",roc_auc,0.894867321680651,0.8526960611343384,0.32326367497444153,0.894867321680651,,,,,roc_auc,0.8593818948580397,0.8264715671539307,0.38816556334495544,0.8593818948580397,,,,,roc_auc,0.8351966629522083,0.8095238208770752,0.42321470379829407,0.8351966629522083,,,,
tolokers,GAT,3,512,3e-05,5,4,"[1020, 1060, 1250, 1580]","[0.8601, 0.8561, 0.8563, 0.8562]","[0.8105, 0.8248, 0.8231, 0.8231]",roc_auc,0.8960145797592811,0.8550773859024048,0.3223174214363098,0.8960145797592811,,,,,roc_auc,0.8628699717179287,0.8237495422363281,0.395839661359787,0.8628699717179287,,,,,roc_auc,0.837354844657009,0.811904788017273,0.43460553884506226,0.837354844657009,,,,
tolokers,GAT,4,512,3e-05,5,4,"[1100, 1100, 1240, 990]","[0.8569, 0.8604, 0.8552, 0.8537]","[0.8122, 0.8244, 0.8135, 0.8227]",roc_auc,0.8928943430425454,0.8496342897415161,0.3313903212547302,0.8928943430425454,,,,,roc_auc,0.8621449296614162,0.8193262815475464,0.4060266613960266,0.8621449296614162,,,,,roc_auc,0.8390331291736821,0.8115646243095398,0.43964654207229614,0.8390331291736821,,,,
tolokers,GAT,5,512,3e-05,5,4,"[1340, 1160, 1220, 780]","[0.8581, 0.8568, 0.8564, 0.8527]","[0.8037, 0.8057, 0.8054, 0.819]",roc_auc,0.8978525669072772,0.8465725779533386,0.33470553159713745,0.8978525669072772,,,,,roc_auc,0.8621836257262301,0.8108199834823608,0.42574402689933777,0.8621836257262301,,,,,roc_auc,0.8366065303975554,0.7931972742080688,0.46731820702552795,0.8366065303975554,,,,
tolokers,GAT,1,512,3e-05,6,4,"[1730, 1720, 2180, 1730]","[0.809, 0.81, 0.8174, 0.8106]","[0.7986, 0.7965, 0.7969, 0.7976]",roc_auc,0.876696296959571,0.8266712427139282,0.350485622882843,0.876696296959571,,,,,roc_auc,0.8166668703301657,0.7978904247283936,0.42822468280792236,0.8166668703301657,,,,,roc_auc,0.8132589899384267,0.8006802797317505,0.42341217398643494,0.8132589899384267,,,,
tolokers,GAT,2,512,3e-05,6,4,"[1160, 800, 1170, 1300]","[0.8414, 0.8351, 0.8386, 0.842]","[0.8149, 0.8173, 0.8166, 0.8217]",roc_auc,0.8891165315734242,0.8424902558326721,0.3403209149837494,0.8891165315734242,,,,,roc_auc,0.8437968850346703,0.8206872940063477,0.41053909063339233,0.8437968850346703,,,,,roc_auc,0.8385057845234511,0.8166666626930237,0.4122557044029236,0.8385057845234511,,,,
tolokers,GAT,3,512,3e-05,6,4,"[1480, 1200, 1400, 1010]","[0.8525, 0.8467, 0.8484, 0.8453]","[0.8268, 0.8173, 0.8203, 0.8258]",roc_auc,0.899813928815392,0.8567783832550049,0.3278964161872864,0.899813928815392,,,,,roc_auc,0.854216309644553,0.8268117904663086,0.41843974590301514,0.854216309644553,,,,,roc_auc,0.8430742973030863,0.8180271983146667,0.4316275119781494,0.8430742973030863,,,,
tolokers,GAT,4,512,3e-05,6,4,"[970, 1250, 1250, 1040]","[0.8434, 0.8412, 0.848, 0.8446]","[0.8156, 0.8135, 0.8237, 0.8142]",roc_auc,0.899885664242925,0.8549073338508606,0.32150858640670776,0.899885664242925,,,,,roc_auc,0.8504071233345417,0.8234093189239502,0.4188975393772125,0.8504071233345417,,,,,roc_auc,0.8408232541367409,0.8064625859260559,0.43531668186187744,0.8408232541367409,,,,
tolokers,GAT,5,512,3e-05,6,4,"[830, 1230, 1100, 1350]","[0.8444, 0.8383, 0.8448, 0.8424]","[0.8129, 0.7955, 0.819, 0.8067]",roc_auc,0.9110711337317956,0.8612009286880493,0.30719903111457825,0.9110711337317956,,,,,roc_auc,0.8496325231599342,0.8121809959411621,0.4390457272529602,0.8496325231599342,,,,,roc_auc,0.8391158233219189,0.7989795804023743,0.4593147933483124,0.8391158233219189,,,,
tolokers,GAT,1,512,3e-05,7,4,"[1680, 1070, 1250, 1450]","[0.8169, 0.8162, 0.8171, 0.8211]","[0.8044, 0.803, 0.8006, 0.8013]",roc_auc,0.8596127507941773,0.8179962635040283,0.3670988976955414,0.8596127507941773,,,,,roc_auc,0.8219098476732805,0.8070772290229797,0.40896177291870117,0.8219098476732805,,,,,roc_auc,0.8120043434762452,0.793537437915802,0.42354437708854675,0.8120043434762452,,,,
tolokers,GAT,2,512,3e-05,7,4,"[1670, 1340, 1780, 1250]","[0.8457, 0.8497, 0.8462, 0.8471]","[0.8156, 0.8244, 0.8214, 0.8227]",roc_auc,0.9122838525078909,0.8600102066993713,0.30833807587623596,0.9122838525078909,,,,,roc_auc,0.8547003498938913,0.8254508376121521,0.40882182121276855,0.8547003498938913,,,,,roc_auc,0.8344029346933134,0.8173469305038452,0.4412805438041687,0.8344029346933134,,,,
tolokers,GAT,3,512,3e-05,7,4,"[1230, 1240, 1350, 830]","[0.8501, 0.8538, 0.8492, 0.8499]","[0.8217, 0.8299, 0.8224, 0.8255]",roc_auc,0.8991108198731895,0.8508250117301941,0.33430612087249756,0.8991108198731895,,,,,roc_auc,0.8560194104892132,0.8312351107597351,0.41597357392311096,0.8560194104892132,,,,,roc_auc,0.8358921071824613,0.8176870942115784,0.4467947781085968,0.8358921071824613,,,,
tolokers,GAT,4,512,3e-05,7,4,"[990, 1230, 1190, 1280]","[0.8421, 0.8504, 0.8454, 0.8441]","[0.8173, 0.8207, 0.8064, 0.8006]",roc_auc,0.8988503337817222,0.8506549000740051,0.3251519799232483,0.8988503337817222,,,,,roc_auc,0.8508524675190663,0.8179652690887451,0.41972559690475464,0.8508524675190663,,,,,roc_auc,0.8338240756556562,0.8051020503044128,0.4454955756664276,0.8338240756556562,,,,
tolokers,GAT,5,512,3e-05,7,4,"[1230, 1050, 950, 1000]","[0.8455, 0.8482, 0.8408, 0.8398]","[0.8142, 0.8013, 0.7924, 0.8023]",roc_auc,0.8974888869442879,0.8484436273574829,0.32913482189178467,0.8974888869442879,,,,,roc_auc,0.8494268230259236,0.8128615021705627,0.41586488485336304,0.8494268230259236,,,,,roc_auc,0.8286584026744102,0.7952380776405334,0.45299196243286133,0.8286584026744102,,,,
tolokers,GAT,1,512,3e-05,8,4,"[1460, 1290, 1500, 1300]","[0.8061, 0.8087, 0.8112, 0.8042]","[0.7972, 0.7993, 0.7993, 0.7945]",roc_auc,0.8588259505198529,0.8203776478767395,0.3691977858543396,0.8588259505198529,,,,,roc_auc,0.8113478586140834,0.7999319434165955,0.42365607619285583,0.8113478586140834,,,,,roc_auc,0.8158326758470726,0.7996598482131958,0.41919419169425964,0.8158326758470726,,,,
tolokers,GAT,2,512,3e-05,8,4,"[1220, 1290, 1050, 1100]","[0.8344, 0.8345, 0.8332, 0.8345]","[0.8183, 0.82, 0.8197, 0.82]",roc_auc,0.8870827558885798,0.8416397571563721,0.35381370782852173,0.8870827558885798,,,,,roc_auc,0.8376638982008366,0.8237495422363281,0.4327068030834198,0.8376638982008366,,,,,roc_auc,0.8477804077228202,0.8149660229682922,0.4180949032306671,0.8477804077228202,,,,
tolokers,GAT,3,512,3e-05,8,4,"[1170, 1090, 1460, 1040]","[0.8404, 0.8394, 0.8395, 0.8366]","[0.8183, 0.8176, 0.8129, 0.8197]",roc_auc,0.8939338283925768,0.8469127416610718,0.3467200994491577,0.8939338283925768,,,,,roc_auc,0.8437262816883432,0.820006787776947,0.4439821243286133,0.8437262816883432,,,,,roc_auc,0.8507085939554646,0.8224489688873291,0.4287168085575104,0.8507085939554646,,,,
tolokers,GAT,4,512,3e-05,8,4,"[970, 1460, 1190, 1190]","[0.8351, 0.8431, 0.8344, 0.8355]","[0.82, 0.803, 0.7938, 0.8197]",roc_auc,0.9033059008918257,0.8576288819313049,0.3205878436565399,0.9033059008918257,,,,,roc_auc,0.8423868547431193,0.8149030208587646,0.4546820819377899,0.8423868547431193,,,,,roc_auc,0.8512223821879517,0.8207483291625977,0.43084919452667236,0.8512223821879517,,,,
tolokers,GAT,5,512,3e-05,8,4,"[970, 960, 1420, 1280]","[0.832, 0.8339, 0.83, 0.8358]","[0.8078, 0.8098, 0.7921, 0.821]",roc_auc,0.9056484102547406,0.858309268951416,0.3124820590019226,0.9056484102547406,,,,,roc_auc,0.8387691121221872,0.8132017254829407,0.4513339698314667,0.8387691121221872,,,,,roc_auc,0.8479356287059858,0.8200680613517761,0.4262198805809021,0.8479356287059858,,,,
tolokers,GAT,1,512,3e-05,9,4,"[2370, 1940, 1650, 2060]","[0.8031, 0.8023, 0.8054, 0.8048]","[0.7979, 0.7928, 0.7911, 0.7873]",roc_auc,0.8810272174048124,0.8382378220558167,0.3396994173526764,0.8810272174048124,,,,,roc_auc,0.8082331648357319,0.7917658686637878,0.42988818883895874,0.8082331648357319,,,,,roc_auc,0.8222797692155444,0.7993197441101074,0.40524038672447205,0.8222797692155444,,,,
tolokers,GAT,2,512,3e-05,9,4,"[1440, 1330, 1880, 1790]","[0.8262, 0.8245, 0.8383, 0.832]","[0.8006, 0.8115, 0.8166, 0.8129]",roc_auc,0.9036577945375254,0.8586494326591492,0.3119705617427826,0.9036577945375254,,,,,roc_auc,0.8372022609363905,0.8172847628593445,0.42762497067451477,0.8372022609363905,,,,,roc_auc,0.843923267964287,0.8207483291625977,0.4125508964061737,0.843923267964287,,,,
tolokers,GAT,3,512,3e-05,9,4,"[1300, 1430, 1310, 1410]","[0.8222, 0.832, 0.824, 0.8264]","[0.8061, 0.8115, 0.8149, 0.8057]",roc_auc,0.9007822722934375,0.8567783832550049,0.31736940145492554,0.9007822722934375,,,,,roc_auc,0.8306633048611762,0.8155835270881653,0.45776277780532837,0.8306633048611762,,,,,roc_auc,0.8454076957072248,0.8180271983146667,0.4302130341529846,0.8454076957072248,,,,
tolokers,GAT,4,512,3e-05,9,4,"[1330, 1520, 1080, 1110]","[0.8215, 0.8236, 0.8254, 0.8209]","[0.7717, 0.7993, 0.7938, 0.786]",roc_auc,0.8936229748732676,0.8401088714599609,0.34701743721961975,0.8936229748732676,,,,,roc_auc,0.827124312126532,0.7931268811225891,0.48168960213661194,0.827124312126532,,,,,roc_auc,0.8444763698082309,0.8020408153533936,0.445884644985199,0.8444763698082309,,,,
tolokers,GAT,5,512,3e-05,9,4,"[870, 1010, 1170, 1580]","[0.8194, 0.8275, 0.8268, 0.8236]","[0.7734, 0.786, 0.7982, 0.7839]",roc_auc,0.8983549692809565,0.8421500325202942,0.33973318338394165,0.8983549692809565,,,,,roc_auc,0.8297047286591203,0.7907451391220093,0.4749867916107178,0.8297047286591203,,,,,roc_auc,0.8473679537129672,0.800000011920929,0.44534435868263245,0.8473679537129672,,,,
tolokers,GAT-sep,1,512,3e-05,0,4,"[610, 530, 790, 630]","[0.8044, 0.8048, 0.8035, 0.8019]","[0.7969, 0.7948, 0.7894, 0.7972]",roc_auc,0.8440061404169269,0.807960569858551,0.38267940282821655,0.8440061404169269,,,,,roc_auc,0.805986077563207,0.7982306480407715,0.4258813261985779,0.805986077563207,,,,,roc_auc,0.8028578284245544,0.7921769022941589,0.4236466884613037,0.8028578284245544,,,,
tolokers,GAT-sep,2,512,3e-05,0,4,"[530, 580, 610, 440]","[0.8295, 0.8319, 0.8261, 0.827]","[0.805, 0.8067, 0.7948, 0.8061]",roc_auc,0.8717693619515292,0.8309236168861389,0.3598727583885193,0.8717693619515292,,,,,roc_auc,0.8311113645590211,0.8040149211883545,0.4194392263889313,0.8311113645590211,,,,,roc_auc,0.8335620978827587,0.7982993125915527,0.4126172661781311,0.8335620978827587,,,,
tolokers,GAT-sep,3,512,3e-05,0,4,"[270, 310, 800, 620]","[0.8313, 0.8308, 0.8365, 0.8314]","[0.804, 0.8057, 0.8139, 0.7958]",roc_auc,0.8784684842355039,0.8297329545021057,0.36080077290534973,0.8784684842355039,,,,,roc_auc,0.8387324526923635,0.8091187477111816,0.4315283000469208,0.8387324526923635,,,,,roc_auc,0.8420640052707352,0.8051020503044128,0.42514145374298096,0.8420640052707352,,,,
tolokers,GAT-sep,4,512,3e-05,0,4,"[780, 270, 710, 320]","[0.8361, 0.8324, 0.8377, 0.8328]","[0.8101, 0.7976, 0.8078, 0.7976]",roc_auc,0.8794994902205789,0.8348358869552612,0.35604241490364075,0.8794994902205789,,,,,roc_auc,0.8409231930634928,0.8104797005653381,0.4221806824207306,0.8409231930634928,,,,,roc_auc,0.8423066651483478,0.8112245202064514,0.4183487594127655,0.8423066651483478,,,,
tolokers,GAT-sep,5,512,3e-05,0,4,"[260, 320, 550, 710]","[0.8301, 0.8362, 0.8338, 0.8362]","[0.8084, 0.8098, 0.7958, 0.7993]",roc_auc,0.876243838045486,0.8309236168861389,0.3638837933540344,0.876243838045486,,,,,roc_auc,0.8400501555310254,0.8087784647941589,0.42929211258888245,0.8400501555310254,,,,,roc_auc,0.8406405814076441,0.801360547542572,0.42697006464004517,0.8406405814076441,,,,
tolokers,GAT-sep,1,512,3e-05,1,4,"[1310, 1600, 1200, 1560]","[0.817, 0.8191, 0.8166, 0.8149]","[0.7976, 0.7972, 0.7965, 0.7958]",roc_auc,0.8812787153694255,0.8367069363594055,0.3332304358482361,0.8812787153694255,,,,,roc_auc,0.8213036093245297,0.7975501418113708,0.4298543632030487,0.8213036093245297,,,,,roc_auc,0.8187351048860042,0.8023809790611267,0.43018558621406555,0.8187351048860042,,,,
tolokers,GAT-sep,2,512,3e-05,1,4,"[610, 650, 620, 680]","[0.835, 0.8358, 0.8358, 0.8339]","[0.8078, 0.8091, 0.8088, 0.8067]",roc_auc,0.8699168750894573,0.8278619050979614,0.3570193946361542,0.8699168750894573,,,,,roc_auc,0.8375953314894996,0.8087784647941589,0.41168728470802307,0.8375953314894996,,,,,roc_auc,0.844766138237503,0.8102040886878967,0.3947547972202301,0.844766138237503,,,,
tolokers,GAT-sep,3,512,3e-05,1,4,"[340, 320, 770, 290]","[0.8399, 0.8344, 0.8405, 0.8347]","[0.8054, 0.7972, 0.803, 0.8023]",roc_auc,0.8589660296289361,0.8190168738365173,0.3749132454395294,0.8589660296289361,,,,,roc_auc,0.845382065935379,0.8050357103347778,0.39690178632736206,0.845382065935379,,,,,roc_auc,0.841988428241814,0.8047618865966797,0.3991275727748871,0.841988428241814,,,,
tolokers,GAT-sep,4,512,3e-05,1,4,"[640, 290, 310, 340]","[0.8401, 0.8423, 0.8421, 0.8391]","[0.7941, 0.8057, 0.8027, 0.7986]",roc_auc,0.8577673018050194,0.8176560997962952,0.38318315148353577,0.8577673018050194,,,,,roc_auc,0.8469108999346919,0.8012929558753967,0.40465912222862244,0.8469108999346919,,,,,roc_auc,0.8427014958151339,0.7986394762992859,0.4099482297897339,0.8427014958151339,,,,
tolokers,GAT-sep,5,512,3e-05,1,4,"[730, 340, 470, 310]","[0.8418, 0.8435, 0.8427, 0.8381]","[0.7969, 0.8064, 0.7976, 0.8057]",roc_auc,0.8641763450138281,0.8191869258880615,0.3745848834514618,0.8641763450138281,,,,,roc_auc,0.846471665655138,0.8060564398765564,0.4070771634578705,0.846471665655138,,,,,roc_auc,0.8446976783278972,0.8010204434394836,0.4071533679962158,0.8446976783278972,,,,
tolokers,GAT-sep,1,512,3e-05,2,4,"[590, 580, 1060, 1130]","[0.7965, 0.7973, 0.7964, 0.8005]","[0.7867, 0.7846, 0.7836, 0.7843]",roc_auc,0.861392399911272,0.8224188089370728,0.36033275723457336,0.861392399911272,,,,,roc_auc,0.8021524516333133,0.7927866578102112,0.4309071898460388,0.8021524516333133,,,,,roc_auc,0.8264263384929059,0.807823121547699,0.39717909693717957,0.8264263384929059,,,,
tolokers,GAT-sep,2,512,3e-05,2,4,"[770, 760, 340, 710]","[0.8236, 0.8213, 0.8164, 0.8205]","[0.802, 0.7955, 0.7972, 0.788]",roc_auc,0.8885588437402276,0.8384079337120056,0.33516061305999756,0.8885588437402276,,,,,roc_auc,0.8272804541424477,0.8077577352523804,0.4328341484069824,0.8272804541424477,,,,,roc_auc,0.842916365036372,0.8095238208770752,0.4112260043621063,0.842916365036372,,,,
tolokers,GAT-sep,3,512,3e-05,2,4,"[290, 330, 250, 300]","[0.8261, 0.8227, 0.8227, 0.8257]","[0.7952, 0.785, 0.7785, 0.7914]",roc_auc,0.8546642781991457,0.8098316192626953,0.38868650794029236,0.8546642781991457,,,,,roc_auc,0.8257421158465137,0.789384126663208,0.4302157163619995,0.8257421158465137,,,,,roc_auc,0.841252992579217,0.8010204434394836,0.41127195954322815,0.841252992579217,,,,
tolokers,GAT-sep,4,512,3e-05,2,4,"[320, 290, 310, 310]","[0.8245, 0.8244, 0.8221, 0.8253]","[0.7948, 0.7938, 0.7754, 0.8027]",roc_auc,0.8518637135412745,0.8128933906555176,0.3900543451309204,0.8518637135412745,,,,,roc_auc,0.8256382474620134,0.7961891293525696,0.42870333790779114,0.8256382474620134,,,,,roc_auc,0.8420270640323835,0.8122448921203613,0.4088963568210602,0.8420270640323835,,,,
tolokers,GAT-sep,5,512,3e-05,2,4,"[320, 480, 260, 260]","[0.8232, 0.8196, 0.8235, 0.8273]","[0.789, 0.7799, 0.8037, 0.8061]",roc_auc,0.8589187147724782,0.824289858341217,0.3899882137775421,0.8589187147724782,,,,,roc_auc,0.8266171900139714,0.7978904247283936,0.44089433550834656,0.8266171900139714,,,,,roc_auc,0.8445078884794851,0.8170068264007568,0.4164203703403473,0.8445078884794851,,,,
tolokers,GAT-sep,1,512,3e-05,3,4,"[1520, 1950, 1480, 1310]","[0.8109, 0.8094, 0.8142, 0.8123]","[0.7887, 0.7901, 0.7884, 0.7904]",roc_auc,0.8841693308831361,0.8375574350357056,0.33278852701187134,0.8841693308831361,,,,,roc_auc,0.8146200521650109,0.7931268811225891,0.4310455024242401,0.8146200521650109,,,,,roc_auc,0.8253245406407848,0.8047618865966797,0.4277347922325134,0.8253245406407848,,,,
tolokers,GAT-sep,2,512,3e-05,3,4,"[980, 590, 810, 890]","[0.8341, 0.8324, 0.8349, 0.8329]","[0.7979, 0.7945, 0.7982, 0.7999]",roc_auc,0.8839880420603636,0.8378975987434387,0.34114333987236023,0.8839880420603636,,,,,roc_auc,0.8369829832357785,0.7961891293525696,0.41549617052078247,0.8369829832357785,,,,,roc_auc,0.8421768624484516,0.8166666626930237,0.410516619682312,0.8421768624484516,,,,
tolokers,GAT-sep,3,512,3e-05,3,4,"[610, 620, 660, 630]","[0.8338, 0.836, 0.8306, 0.8301]","[0.7928, 0.7955, 0.7911, 0.7884]",roc_auc,0.8679932463553994,0.815104603767395,0.3827899098396301,0.8679932463553994,,,,,roc_auc,0.8349931908503494,0.795508623123169,0.43767687678337097,0.8349931908503494,,,,,roc_auc,0.8480325570928534,0.8105442523956299,0.414096474647522,0.8480325570928534,,,,
tolokers,GAT-sep,4,512,3e-05,3,4,"[500, 1230, 550, 710]","[0.8329, 0.8337, 0.8341, 0.8374]","[0.7887, 0.7853, 0.7907, 0.7982]",roc_auc,0.8930659653892673,0.8334751129150391,0.3402206599712372,0.8930659653892673,,,,,roc_auc,0.8401384097139342,0.7948281764984131,0.43467429280281067,0.8401384097139342,,,,,roc_auc,0.8518168311060139,0.8149660229682922,0.41314175724983215,0.8518168311060139,,,,
tolokers,GAT-sep,5,512,3e-05,3,4,"[460, 630, 450, 590]","[0.8334, 0.8333, 0.8323, 0.8386]","[0.7836, 0.785, 0.7826, 0.7979]",roc_auc,0.8654406183288597,0.806939959526062,0.3921719193458557,0.8654406183288597,,,,,roc_auc,0.8361656137263767,0.7887036204338074,0.4389018714427948,0.8361656137263767,,,,,roc_auc,0.8508285682524964,0.8040816187858582,0.4110456109046936,0.8508285682524964,,,,
tolokers,GAT-sep,1,512,3e-05,4,4,"[1260, 1710, 1720, 1170]","[0.8055, 0.8042, 0.8086, 0.8045]","[0.7911, 0.7948, 0.801, 0.7976]",roc_auc,0.8888055084668155,0.841809868812561,0.3264278471469879,0.8888055084668155,,,,,roc_auc,0.8095291435678315,0.8006124496459961,0.4374360740184784,0.8095291435678315,,,,,roc_auc,0.8223268777672039,0.7972789406776428,0.433317631483078,0.8223268777672039,,,,
tolokers,GAT-sep,2,512,3e-05,4,4,"[830, 960, 860, 640]","[0.8319, 0.833, 0.8347, 0.8317]","[0.7979, 0.8061, 0.8023, 0.7996]",roc_auc,0.8894512969019115,0.8447014689445496,0.33203673362731934,0.8894512969019115,,,,,roc_auc,0.8356795368420481,0.8023136854171753,0.42356038093566895,0.8356795368420481,,,,,roc_auc,0.8437168715041388,0.8085033893585205,0.4122285842895508,0.8437168715041388,,,,
tolokers,GAT-sep,3,512,3e-05,4,4,"[720, 530, 470, 640]","[0.8336, 0.8361, 0.8358, 0.8322]","[0.7731, 0.7877, 0.7853, 0.7941]",roc_auc,0.8694440656994764,0.8083007335662842,0.39034485816955566,0.8694440656994764,,,,,roc_auc,0.8377053097789708,0.7883633375167847,0.4503194987773895,0.8377053097789708,,,,,roc_auc,0.8436612901913896,0.7959184050559998,0.4380015432834625,0.8436612901913896,,,,
tolokers,GAT-sep,4,512,3e-05,4,4,"[670, 390, 470, 470]","[0.8368, 0.8326, 0.8332, 0.8343]","[0.7901, 0.7948, 0.7826, 0.788]",roc_auc,0.8636161981647941,0.8020071387290955,0.39417994022369385,0.8636161981647941,,,,,roc_auc,0.8378804603881285,0.7910853624343872,0.44286203384399414,0.8378804603881285,,,,,roc_auc,0.8443919811077762,0.7962585091590881,0.4298754334449768,0.8443919811077762,,,,
tolokers,GAT-sep,5,512,3e-05,4,4,"[670, 350, 320, 430]","[0.8355, 0.8342, 0.8343, 0.8343]","[0.7921, 0.8023, 0.7867, 0.7795]",roc_auc,0.8636209466091697,0.8045586347579956,0.38549959659576416,0.8636209466091697,,,,,roc_auc,0.8389591980546062,0.7924463748931885,0.4317905902862549,0.8389591980546062,,,,,roc_auc,0.8485212659525146,0.8003401756286621,0.4134559631347656,0.8485212659525146,,,,
tolokers,GAT-sep,1,512,3e-05,5,4,"[980, 1280, 1600, 1260]","[0.8272, 0.8238, 0.8292, 0.8311]","[0.8013, 0.7989, 0.8061, 0.7989]",roc_auc,0.8797821922482324,0.8370471596717834,0.34038740396499634,0.8797821922482324,,,,,roc_auc,0.8320719773960671,0.808438241481781,0.40778401494026184,0.8320719773960671,,,,,roc_auc,0.7971268528233951,0.7867347002029419,0.4432195723056793,0.7971268528233951,,,,
tolokers,GAT-sep,2,512,3e-05,5,4,"[840, 710, 780, 880]","[0.8493, 0.8515, 0.8529, 0.8489]","[0.8183, 0.8166, 0.8129, 0.8156]",roc_auc,0.8873515517577045,0.848953902721405,0.33629027009010315,0.8873515517577045,,,,,roc_auc,0.8537057931403418,0.8176250457763672,0.4009280800819397,0.8537057931403418,,,,,roc_auc,0.828239509366129,0.801360547542572,0.4348295331001282,0.828239509366129,,,,
tolokers,GAT-sep,3,512,3e-05,5,4,"[640, 900, 660, 800]","[0.8533, 0.8563, 0.8505, 0.857]","[0.8084, 0.8044, 0.7775, 0.8078]",roc_auc,0.8864145819299984,0.8339853882789612,0.3574380874633789,0.8864145819299984,,,,,roc_auc,0.8587070897979521,0.8046954274177551,0.42582958936691284,0.8587070897979521,,,,,roc_auc,0.8314069663719501,0.7850340008735657,0.46596166491508484,0.8314069663719501,,,,
tolokers,GAT-sep,4,512,3e-05,5,4,"[610, 760, 660, 640]","[0.8583, 0.8608, 0.8596, 0.8519]","[0.8173, 0.8169, 0.8135, 0.7921]",roc_auc,0.8792507056527518,0.8248001337051392,0.3677731156349182,0.8792507056527518,,,,,roc_auc,0.8603377555467753,0.8111602067947388,0.41540464758872986,0.8603377555467753,,,,,roc_auc,0.8344666498567088,0.7945578098297119,0.4569430649280548,0.8344666498567088,,,,
tolokers,GAT-sep,5,512,3e-05,5,4,"[850, 630, 640, 730]","[0.8601, 0.861, 0.8571, 0.8585]","[0.8146, 0.8071, 0.7979, 0.7938]",roc_auc,0.890237673207988,0.8321143388748169,0.35629764199256897,0.890237673207988,,,,,roc_auc,0.8625651553477283,0.8046954274177551,0.4243778586387634,0.8625651553477283,,,,,roc_auc,0.8352251314294701,0.7860544323921204,0.4717221260070801,0.8352251314294701,,,,
tolokers,GAT-sep,1,512,3e-05,6,4,"[1350, 1400, 1630, 1320]","[0.8139, 0.8147, 0.8082, 0.8101]","[0.7935, 0.7989, 0.7996, 0.7935]",roc_auc,0.8851174934725848,0.833645224571228,0.3426557183265686,0.8851174934725848,,,,,roc_auc,0.8153355899249024,0.7941476702690125,0.43529170751571655,0.8153355899249024,,,,,roc_auc,0.8128251845706277,0.7945578098297119,0.4329354465007782,0.8128251845706277,,,,
tolokers,GAT-sep,2,512,3e-05,6,4,"[760, 710, 840, 820]","[0.8412, 0.8377, 0.8454, 0.8411]","[0.8118, 0.8108, 0.8183, 0.8118]",roc_auc,0.8916895100758597,0.8428304195404053,0.3386433720588684,0.8916895100758597,,,,,roc_auc,0.8443562807786463,0.8159237504005432,0.41974443197250366,0.8443562807786463,,,,,roc_auc,0.8367163373812796,0.8057823181152344,0.4269891679286957,0.8367163373812796,,,,
tolokers,GAT-sep,3,512,3e-05,6,4,"[710, 370, 480, 920]","[0.8488, 0.8403, 0.8482, 0.8459]","[0.8135, 0.7935, 0.8112, 0.8067]",roc_auc,0.8904793351092515,0.8395985960960388,0.3420912027359009,0.8904793351092515,,,,,roc_auc,0.8529793933271692,0.8138822317123413,0.40710392594337463,0.8529793933271692,,,,,roc_auc,0.8452948385295083,0.8040816187858582,0.4222320020198822,0.8452948385295083,,,,
tolokers,GAT-sep,4,512,3e-05,6,4,"[310, 320, 310, 480]","[0.8399, 0.8413, 0.8424, 0.8396]","[0.8054, 0.805, 0.8027, 0.7952]",roc_auc,0.8574561091111116,0.8128933906555176,0.3893354833126068,0.8574561091111116,,,,,roc_auc,0.8455511066395658,0.8036746978759766,0.4052388668060303,0.8455511066395658,,,,,roc_auc,0.8374653294616206,0.8017007112503052,0.41913339495658875,0.8374653294616206,,,,
tolokers,GAT-sep,5,512,3e-05,6,4,"[330, 310, 300, 450]","[0.844, 0.8362, 0.8423, 0.8443]","[0.8054, 0.7914, 0.7931, 0.7972]",roc_auc,0.8570285795299991,0.8101718425750732,0.3933327794075012,0.8570285795299991,,,,,roc_auc,0.8454845765632193,0.7978904247283936,0.4081593453884125,0.8454845765632193,,,,,roc_auc,0.8367963202459677,0.7955782413482666,0.4217047691345215,0.8367963202459677,,,,
tolokers,GAT-sep,1,512,3e-05,7,4,"[1080, 1040, 880, 1000]","[0.8169, 0.8148, 0.8147, 0.8122]","[0.8047, 0.8027, 0.803, 0.8016]",roc_auc,0.862923773222437,0.8219085335731506,0.3638525903224945,0.862923773222437,,,,,roc_auc,0.8166295320220119,0.8016331791877747,0.4205656051635742,0.8166295320220119,,,,,roc_auc,0.8058212613433325,0.7877551317214966,0.4377240538597107,0.8058212613433325,,,,
tolokers,GAT-sep,2,512,3e-05,7,4,"[500, 540, 550, 500]","[0.8466, 0.8444, 0.8473, 0.8422]","[0.8173, 0.8142, 0.82, 0.819]",roc_auc,0.8679912113078098,0.8287124037742615,0.36335915327072144,0.8679912113078098,,,,,roc_auc,0.8479577303196567,0.8193262815475464,0.3960690200328827,0.8479577303196567,,,,,roc_auc,0.8261369089740773,0.7972789406776428,0.43106693029403687,0.8261369089740773,,,,
tolokers,GAT-sep,3,512,3e-05,7,4,"[610, 740, 660, 660]","[0.8499, 0.8529, 0.8538, 0.8487]","[0.8129, 0.8207, 0.8173, 0.8064]",roc_auc,0.8859681433650326,0.8380677103996277,0.34857475757598877,0.8859681433650326,,,,,roc_auc,0.8552936895543706,0.8166042566299438,0.4139581620693207,0.8552936895543706,,,,,roc_auc,0.833418738765119,0.7938775420188904,0.4516482353210449,0.833418738765119,,,,
tolokers,GAT-sep,4,512,3e-05,7,4,"[640, 490, 600, 590]","[0.8504, 0.8508, 0.8541, 0.8514]","[0.8074, 0.7962, 0.8203, 0.8105]",roc_auc,0.8773933007590048,0.8278619050979614,0.36400216817855835,0.8773933007590048,,,,,roc_auc,0.8541694670397781,0.8087784647941589,0.40995222330093384,0.8541694670397781,,,,,roc_auc,0.8339745518926116,0.788095235824585,0.4427982270717621,0.8339745518926116,,,,
tolokers,GAT-sep,5,512,3e-05,7,4,"[420, 370, 680, 690]","[0.8501, 0.8493, 0.8524, 0.8519]","[0.8067, 0.7921, 0.8169, 0.8227]",roc_auc,0.8797409825345435,0.8297329545021057,0.35657572746276855,0.8797409825345435,,,,,roc_auc,0.8545917293610805,0.8162640333175659,0.4058015048503876,0.8545917293610805,,,,,roc_auc,0.8343148179779789,0.7911564707756042,0.44016069173812866,0.8343148179779789,,,,
tolokers,GAT-sep,1,512,3e-05,8,4,"[1200, 1450, 880, 970]","[0.8188, 0.8144, 0.8143, 0.8152]","[0.7904, 0.7979, 0.7867, 0.7976]",roc_auc,0.8643105733610914,0.8271815180778503,0.3567346930503845,0.8643105733610914,,,,,roc_auc,0.8190042484205895,0.795508623123169,0.41952845454216003,0.8190042484205895,,,,,roc_auc,0.8198616432005076,0.8010204434394836,0.4139375388622284,0.8198616432005076,,,,
tolokers,GAT-sep,2,512,3e-05,8,4,"[560, 590, 570, 510]","[0.8296, 0.8309, 0.8283, 0.8278]","[0.8064, 0.8044, 0.7993, 0.7989]",roc_auc,0.8654046658214436,0.8256506323814392,0.36192288994789124,0.8654046658214436,,,,,roc_auc,0.8308309878087028,0.8029941916465759,0.41946297883987427,0.8308309878087028,,,,,roc_auc,0.8455768120185778,0.8112245202064514,0.3960200846195221,0.8455768120185778,,,,
tolokers,GAT-sep,3,512,3e-05,8,4,"[440, 810, 880, 520]","[0.8375, 0.8374, 0.8318, 0.8371]","[0.8105, 0.8095, 0.7907, 0.7979]",roc_auc,0.8772788293320906,0.831774115562439,0.3623310923576355,0.8772788293320906,,,,,roc_auc,0.8397928606439296,0.8046954274177551,0.4403536319732666,0.8397928606439296,,,,,roc_auc,0.8431522467051127,0.809183657169342,0.42693543434143066,0.8431522467051127,,,,
tolokers,GAT-sep,4,512,3e-05,8,4,"[410, 1010, 780, 370]","[0.8377, 0.8386, 0.8399, 0.8366]","[0.8078, 0.8098, 0.7986, 0.7976]",roc_auc,0.886144174981532,0.8387480974197388,0.3423263728618622,0.886144174981532,,,,,roc_auc,0.844911942691807,0.8111602067947388,0.42960429191589355,0.844911942691807,,,,,roc_auc,0.8469805790759405,0.811904788017273,0.4171929955482483,0.8469805790759405,,,,
tolokers,GAT-sep,5,512,3e-05,8,4,"[410, 420, 370, 330]","[0.8402, 0.8374, 0.8378, 0.8356]","[0.7914, 0.7907, 0.7816, 0.7843]",roc_auc,0.8538472913855758,0.8020071387290955,0.40091046690940857,0.8538472913855758,,,,,roc_auc,0.8398600695986063,0.7880231142044067,0.4348967969417572,0.8398600695986063,,,,,roc_auc,0.837507354356626,0.7914966344833374,0.4266321063041687,0.837507354356626,,,,
tolokers,GT,1,512,3e-05,0,4,"[350, 630, 340, 540]","[0.797, 0.7998, 0.7979, 0.7992]","[0.7918, 0.7853, 0.7952, 0.7867]",roc_auc,0.8381820038028256,0.8118727803230286,0.3871537148952484,0.8381820038028256,,,,,roc_auc,0.80261884104607,0.7934671640396118,0.4306510090827942,0.80261884104607,,,,,roc_auc,0.7983360852861353,0.788095235824585,0.42894643545150757,0.7983360852861353,,,,
tolokers,GT,2,512,3e-05,0,4,"[690, 520, 560, 420]","[0.816, 0.8161, 0.8219, 0.814]","[0.7792, 0.7809, 0.789, 0.7734]",roc_auc,0.8745598361651021,0.8224188089370728,0.3653534948825836,0.8745598361651021,,,,,roc_auc,0.8204441493586637,0.7822388410568237,0.453071653842926,0.8204441493586637,,,,,roc_auc,0.8214135141217205,0.7765306234359741,0.44762593507766724,0.8214135141217205,,,,
tolokers,GT,3,512,3e-05,0,4,"[270, 620, 580, 230]","[0.8195, 0.8283, 0.8257, 0.8195]","[0.7802, 0.7901, 0.7673, 0.802]",roc_auc,0.8811886645135865,0.8334751129150391,0.35005301237106323,0.8811886645135865,,,,,roc_auc,0.832471836732477,0.7972099184989929,0.4201871156692505,0.832471836732477,,,,,roc_auc,0.8350390695959374,0.7901360392570496,0.4200345575809479,0.8350390695959374,,,,
tolokers,GT,4,512,3e-05,0,4,"[220, 540, 540, 600]","[0.8237, 0.8271, 0.8239, 0.826]","[0.788, 0.7676, 0.7748, 0.7853]",roc_auc,0.8828607952830311,0.8258207440376282,0.3605843186378479,0.8828607952830311,,,,,roc_auc,0.8316225599415622,0.7846205830574036,0.4343368709087372,0.8316225599415622,,,,,roc_auc,0.8347991210018735,0.7809523940086365,0.4358058571815491,0.8347991210018735,,,,
tolokers,GT,5,512,3e-05,0,4,"[630, 650, 600, 200]","[0.8263, 0.833, 0.8317, 0.8212]","[0.7819, 0.8033, 0.7884, 0.7982]",roc_auc,0.8969463771743634,0.8494642376899719,0.3249861001968384,0.8969463771743634,,,,,roc_auc,0.8371934355180997,0.8050357103347778,0.4190104603767395,0.8371934355180997,,,,,roc_auc,0.8400359651762742,0.8057823181152344,0.41694507002830505,0.8400359651762742,,,,
tolokers,GAT-sep,1,512,3e-05,9,4,"[1850, 1190, 1290, 1570]","[0.7962, 0.7961, 0.7972, 0.7996]","[0.7897, 0.7836, 0.7765, 0.7884]",roc_auc,0.8897007598189349,0.8435108065605164,0.32861700654029846,0.8897007598189349,,,,,roc_auc,0.8012271404694308,0.7904048562049866,0.446598619222641,0.8012271404694308,,,,,roc_auc,0.8151762063178329,0.7945578098297119,0.4220413267612457,0.8151762063178329,,,,
tolokers,GAT-sep,2,512,3e-05,9,4,"[1160, 640, 770, 640]","[0.8308, 0.8287, 0.8242, 0.8309]","[0.7999, 0.7999, 0.8084, 0.8095]",roc_auc,0.8919901883572214,0.8450416922569275,0.32838529348373413,0.8919901883572214,,,,,roc_auc,0.8323537119030453,0.8060564398765564,0.43252143263816833,0.8323537119030453,,,,,roc_auc,0.8410323618804377,0.8088435530662537,0.4109738767147064,0.8410323618804377,,,,
tolokers,GAT-sep,3,512,3e-05,9,4,"[600, 920, 830, 800]","[0.8312, 0.8305, 0.8291, 0.8304]","[0.7921, 0.8016, 0.7941, 0.805]",roc_auc,0.8824700661458301,0.833645224571228,0.3599982261657715,0.8824700661458301,,,,,roc_auc,0.833060424244646,0.8006124496459961,0.4652026891708374,0.833060424244646,,,,,roc_auc,0.845903860596645,0.801360547542572,0.4324420690536499,0.845903860596645,,,,
tolokers,GAT-sep,4,512,3e-05,9,4,"[800, 930, 550, 580]","[0.8308, 0.8329, 0.8321, 0.8314]","[0.7863, 0.7969, 0.7965, 0.7795]",roc_auc,0.8836001959072479,0.824289858341217,0.3686751425266266,0.8836001959072479,,,,,roc_auc,0.8349572102988558,0.7921061515808105,0.47143200039863586,0.8349572102988558,,,,,roc_auc,0.844764443685285,0.7962585091590881,0.4421495497226715,0.844764443685285,,,,
tolokers,GAT-sep,5,512,3e-05,9,4,"[270, 520, 1000, 670]","[0.8295, 0.8327, 0.827, 0.8349]","[0.7969, 0.7873, 0.7948, 0.7897]",roc_auc,0.885816362732309,0.8333050012588501,0.3520306944847107,0.885816362732309,,,,,roc_auc,0.8380128416624915,0.7968696355819702,0.4487982392311096,0.8380128416624915,,,,,roc_auc,0.846212946921202,0.7965986728668213,0.42361903190612793,0.846212946921202,,,,
tolokers,GT,1,512,3e-05,1,4,"[970, 400, 990, 450]","[0.8135, 0.809, 0.8113, 0.8111]","[0.7962, 0.7948, 0.7962, 0.8033]",roc_auc,0.8566738029002141,0.8261609077453613,0.36493006348609924,0.8566738029002141,,,,,roc_auc,0.8219139209432607,0.8029941916465759,0.4139687716960907,0.8219139209432607,,,,,roc_auc,0.8128170507199812,0.800000011920929,0.41933703422546387,0.8128170507199812,,,,
tolokers,GT,2,512,3e-05,1,4,"[170, 120, 140, 180]","[0.8202, 0.821, 0.8187, 0.8213]","[0.7979, 0.7969, 0.7945, 0.8003]",roc_auc,0.8129874362945311,0.7943527698516846,0.40541166067123413,0.8129874362945311,,,,,roc_auc,0.8224434460407137,0.8016331791877747,0.40119028091430664,0.8224434460407137,,,,,roc_auc,0.8128746654953922,0.7986394762992859,0.4055856764316559,0.8128746654953922,,,,
tolokers,GT,3,512,3e-05,1,4,"[230, 270, 260, 240]","[0.829, 0.8285, 0.8237, 0.8253]","[0.788, 0.789, 0.788, 0.7948]",roc_auc,0.8353219140029589,0.8008164763450623,0.3988754451274872,0.8353219140029589,,,,,roc_auc,0.8285676074562565,0.7900646328926086,0.40834715962409973,0.8285676074562565,,,,,roc_auc,0.8289030960146844,0.7928571701049805,0.4068562388420105,0.8289030960146844,,,,
tolokers,GT,4,512,3e-05,1,4,"[140, 150, 240, 280]","[0.8234, 0.8281, 0.8257, 0.8296]","[0.8027, 0.8003, 0.7802, 0.7805]",roc_auc,0.83677392045813,0.8072801828384399,0.3871811330318451,0.83677392045813,,,,,roc_auc,0.8358092026030911,0.8057162165641785,0.39188656210899353,0.8358092026030911,,,,,roc_auc,0.8312327664039433,0.8057823181152344,0.3929257392883301,0.8312327664039433,,,,
tolokers,GT,5,512,3e-05,1,4,"[230, 190, 210, 230]","[0.8293, 0.8303, 0.8277, 0.8323]","[0.7948, 0.7982, 0.7989, 0.7873]",roc_auc,0.8368008848386919,0.8037081360816956,0.39486750960350037,0.8368008848386919,,,,,roc_auc,0.8329769222100476,0.795508623123169,0.4019431471824646,0.8329769222100476,,,,,roc_auc,0.8293247006065142,0.8023809790611267,0.40261954069137573,0.8293247006065142,,,,
tolokers,GT,1,512,3e-05,2,4,"[380, 910, 380, 1030]","[0.7952, 0.7955, 0.794, 0.7925]","[0.7938, 0.7904, 0.7901, 0.7816]",roc_auc,0.8567669063274377,0.8210580348968506,0.36575356125831604,0.8567669063274377,,,,,roc_auc,0.8004980251429379,0.7938073873519897,0.43657734990119934,0.8004980251429379,,,,,roc_auc,0.8251750811351602,0.8088435530662537,0.399169921875,0.8251750811351602,,,,
tolokers,GT,2,512,3e-05,2,4,"[490, 230, 140, 180]","[0.8082, 0.8077, 0.8107, 0.809]","[0.7829, 0.7955, 0.7904, 0.7928]",roc_auc,0.8479626968993338,0.8173158764839172,0.3772507905960083,0.8479626968993338,,,,,roc_auc,0.8169221285822712,0.7995916604995728,0.4153963327407837,0.8169221285822712,,,,,roc_auc,0.8333590905270464,0.8095238208770752,0.3921273350715637,0.8333590905270464,,,,
tolokers,GT,3,512,3e-05,2,4,"[240, 220, 170, 170]","[0.8143, 0.8164, 0.8121, 0.8118]","[0.8047, 0.7877, 0.7894, 0.786]",roc_auc,0.8350884770857034,0.806089460849762,0.39301881194114685,0.8350884770857034,,,,,roc_auc,0.8166797690184371,0.7989111542701721,0.41505303978919983,0.8166797690184371,,,,,roc_auc,0.8309914621681049,0.8037415146827698,0.39658427238464355,0.8309914621681049,,,,
tolokers,GT,4,512,3e-05,2,4,"[230, 210, 150, 240]","[0.8195, 0.8155, 0.8151, 0.8142]","[0.802, 0.7976, 0.7863, 0.7734]",roc_auc,0.8426122176117088,0.8123830556869507,0.38484013080596924,0.8426122176117088,,,,,roc_auc,0.8204760566401769,0.7992514371871948,0.4112655520439148,0.8204760566401769,,,,,roc_auc,0.8368173326934705,0.8068027496337891,0.39023616909980774,0.8368173326934705,,,,
tolokers,GT,5,512,3e-05,2,4,"[240, 230, 150, 570]","[0.8179, 0.8165, 0.8166, 0.8172]","[0.8013, 0.7873, 0.7958, 0.7707]",roc_auc,0.8603171316411233,0.8225889205932617,0.3655660152435303,0.8603171316411233,,,,,roc_auc,0.8254780321761174,0.7989111542701721,0.40887755155563354,0.8254780321761174,,,,,roc_auc,0.8412252019228424,0.8085033893585205,0.3895893692970276,0.8412252019228424,,,,
tolokers,GT,1,512,3e-05,3,4,"[650, 1010, 800, 610]","[0.7964, 0.7959, 0.801, 0.7951]","[0.7873, 0.7833, 0.7754, 0.7894]",roc_auc,0.8533057991394463,0.8147644400596619,0.37046992778778076,0.8533057991394463,,,,,roc_auc,0.8023690138206051,0.7880231142044067,0.4299861192703247,0.8023690138206051,,,,,roc_auc,0.815747609325731,0.7982993125915527,0.42513352632522583,0.815747609325731,,,,
tolokers,GT,2,512,3e-05,3,4,"[940, 660, 420, 470]","[0.821, 0.8191, 0.8172, 0.8205]","[0.7795, 0.7724, 0.7751, 0.7853]",roc_auc,0.8838474541893829,0.8333050012588501,0.3530522286891937,0.8838474541893829,,,,,roc_auc,0.8251833989808678,0.7829193472862244,0.4451415240764618,0.8251833989808678,,,,,roc_auc,0.8299584631360333,0.800000011920929,0.44174593687057495,0.8299584631360333,,,,
tolokers,GT,3,512,3e-05,3,4,"[240, 430, 410, 650]","[0.8179, 0.8213, 0.8258, 0.8232]","[0.77, 0.7486, 0.723, 0.7339]",roc_auc,0.8634466108656618,0.781255304813385,0.4281866252422333,0.8634466108656618,,,,,roc_auc,0.8265676318958763,0.7434501051902771,0.46499642729759216,0.8265676318958763,,,,,roc_auc,0.8413472096825358,0.7622448801994324,0.4519336223602295,0.8413472096825358,,,,
tolokers,GT,4,512,3e-05,3,4,"[170, 590, 760, 710]","[0.8168, 0.8263, 0.8215, 0.8324]","[0.786, 0.7213, 0.7506, 0.7788]",roc_auc,0.8968205433984073,0.8202075362205505,0.3660202622413635,0.8968205433984073,,,,,roc_auc,0.8348879647091889,0.7682884931564331,0.4475095868110657,0.8348879647091889,,,,,roc_auc,0.8457008532409328,0.7836734652519226,0.43658655881881714,0.8457008532409328,,,,
tolokers,GT,5,512,3e-05,3,4,"[220, 770, 600, 720]","[0.8202, 0.829, 0.8284, 0.8256]","[0.7734, 0.7703, 0.7516, 0.738]",roc_auc,0.897255704407981,0.8198673129081726,0.36665573716163635,0.897255704407981,,,,,roc_auc,0.8353122636654814,0.7676079869270325,0.44169381260871887,0.8353122636654814,,,,,roc_auc,0.8470680179703873,0.787074863910675,0.4299105405807495,0.8470680179703873,,,,
tolokers,GT,1,512,3e-05,4,4,"[1240, 690, 740, 750]","[0.8014, 0.7977, 0.8009, 0.8005]","[0.786, 0.7931, 0.7884, 0.7829]",roc_auc,0.8670267683376441,0.8265011310577393,0.35159987211227417,0.8670267683376441,,,,,roc_auc,0.8063967989528981,0.7924463748931885,0.4331575036048889,0.8063967989528981,,,,,roc_auc,0.8192760059539788,0.7952380776405334,0.43200674653053284,0.8192760059539788,,,,
tolokers,GT,2,512,3e-05,4,4,"[960, 830, 660, 690]","[0.8142, 0.8103, 0.8178, 0.8173]","[0.7833, 0.7877, 0.7907, 0.7812]",roc_auc,0.9039440578984607,0.8486137390136719,0.3216345012187958,0.9039440578984607,,,,,roc_auc,0.8205249358799418,0.789384126663208,0.47266513109207153,0.8205249358799418,,,,,roc_auc,0.8299266055543354,0.7921769022941589,0.46189701557159424,0.8299266055543354,,,,
tolokers,GT,3,512,3e-05,4,4,"[410, 700, 430, 330]","[0.8162, 0.8282, 0.825, 0.822]","[0.7404, 0.7414, 0.7475, 0.7656]",roc_auc,0.8729250146014664,0.7885695099830627,0.4046193063259125,0.8729250146014664,,,,,roc_auc,0.8278588584796654,0.7522966861724854,0.4723457992076874,0.8278588584796654,,,,,roc_auc,0.8377337465329462,0.7676870822906494,0.4503621459007263,0.8377337465329462,,,,
tolokers,GT,4,512,3e-05,4,4,"[400, 590, 430, 370]","[0.8211, 0.8268, 0.823, 0.822]","[0.7322, 0.7244, 0.7363, 0.7312]",roc_auc,0.8671602335420614,0.7698588371276855,0.4447753131389618,0.8671602335420614,,,,,roc_auc,0.82700279290545,0.7356243133544922,0.5048750638961792,0.82700279290545,,,,,roc_auc,0.8406843008548678,0.7527210712432861,0.4774497151374817,0.8406843008548678,,,,
tolokers,GT,5,512,3e-05,4,4,"[310, 520, 440, 340]","[0.8206, 0.831, 0.8252, 0.8222]","[0.7356, 0.7591, 0.7142, 0.7305]",roc_auc,0.8644700702159251,0.7700289487838745,0.443534791469574,0.8644700702159251,,,,,roc_auc,0.8278812614645578,0.7356243133544922,0.49879947304725647,0.8278812614645578,,,,,roc_auc,0.8399888566246146,0.7469387650489807,0.47240057587623596,0.8399888566246146,,,,
tolokers,GT,1,512,3e-05,5,4,"[930, 610, 970, 840]","[0.8218, 0.8178, 0.823, 0.822]","[0.7955, 0.7989, 0.7972, 0.8013]",roc_auc,0.8681722457496335,0.8288824558258057,0.353380411863327,0.8681722457496335,,,,,roc_auc,0.8286870900423483,0.8029941916465759,0.4146237075328827,0.8286870900423483,,,,,roc_auc,0.7922289190925875,0.7826530933380127,0.45227041840553284,0.7922289190925875,,,,
tolokers,GT,2,512,3e-05,5,4,"[670, 700, 720, 710]","[0.8379, 0.8435, 0.8435, 0.8432]","[0.7996, 0.8054, 0.8129, 0.8027]",roc_auc,0.8914509855396301,0.8428304195404053,0.33945316076278687,0.8914509855396301,,,,,roc_auc,0.8469903286993099,0.81252121925354,0.42770621180534363,0.8469903286993099,,,,,roc_auc,0.8169510803109301,0.7901360392570496,0.47628092765808105,0.8169510803109301,,,,
tolokers,GT,3,512,3e-05,5,4,"[590, 780, 270, 660]","[0.8493, 0.8485, 0.8357, 0.8469]","[0.7523, 0.7867, 0.8047, 0.7856]",roc_auc,0.8924154285097957,0.8276917934417725,0.36365973949432373,0.8924154285097957,,,,,roc_auc,0.8561850568017498,0.7921061515808105,0.4331743121147156,0.8561850568017498,,,,,roc_auc,0.8290081582521982,0.773809552192688,0.47310641407966614,0.8290081582521982,,,,
tolokers,GT,4,512,3e-05,5,4,"[220, 600, 690, 680]","[0.8345, 0.8472, 0.8412, 0.8395]","[0.7914, 0.7768, 0.7717, 0.7632]",roc_auc,0.8870362889686175,0.8139139413833618,0.3879748284816742,0.8870362889686175,,,,,roc_auc,0.850369785026388,0.7784960865974426,0.45944613218307495,0.850369785026388,,,,,roc_auc,0.8267320357130268,0.7629252076148987,0.49056729674339294,0.8267320357130268,,,,
tolokers,GT,5,512,3e-05,5,4,"[450, 750, 580, 510]","[0.8524, 0.841, 0.8456, 0.8536]","[0.7979, 0.7775, 0.7666, 0.7802]",roc_auc,0.8881701496506162,0.815104603767395,0.3892141580581665,0.8881701496506162,,,,,roc_auc,0.8534566447932068,0.7853010892868042,0.4598904848098755,0.8534566447932068,,,,,roc_auc,0.8274566262414289,0.7608843445777893,0.4971069395542145,0.8274566262414289,,,,
tolokers,GT,1,512,3e-05,6,4,"[1780, 880, 1360, 930]","[0.7988, 0.8007, 0.8079, 0.8009]","[0.7867, 0.7958, 0.7822, 0.7856]",roc_auc,0.890695050153748,0.839938759803772,0.3296718895435333,0.890695050153748,,,,,roc_auc,0.8084992851411185,0.7944878935813904,0.4534021019935608,0.8084992851411185,,,,,roc_auc,0.8073348353844193,0.7931972742080688,0.457204133272171,0.8073348353844193,,,,
tolokers,GT,2,512,3e-05,6,4,"[520, 620, 610, 360]","[0.8236, 0.8248, 0.8294, 0.8289]","[0.8013, 0.7894, 0.7887, 0.7993]",roc_auc,0.8747821651142644,0.8307535648345947,0.36124807596206665,0.8747821651142644,,,,,roc_auc,0.831540415663624,0.7985709309577942,0.43214690685272217,0.831540415663624,,,,,roc_auc,0.8311087251815881,0.7921769022941589,0.43462055921554565,0.8311087251815881,,,,
tolokers,GT,3,512,3e-05,6,4,"[310, 240, 570, 250]","[0.8326, 0.8287, 0.8353, 0.8344]","[0.7897, 0.7928, 0.7737, 0.7993]",roc_auc,0.8627107715747266,0.8057492971420288,0.3897693455219269,0.8627107715747266,,,,,roc_auc,0.839236180413274,0.7917658686637878,0.41800835728645325,0.839236180413274,,,,,roc_auc,0.8349275680599952,0.7833333611488342,0.43095579743385315,0.8349275680599952,,,,
tolokers,GT,4,512,3e-05,6,4,"[660, 220, 720, 240]","[0.8355, 0.8294, 0.8317, 0.8337]","[0.7683, 0.7802, 0.7618, 0.7799]",roc_auc,0.8759087335424005,0.807110071182251,0.39389529824256897,0.8759087335424005,,,,,roc_auc,0.8412918239967198,0.7808778285980225,0.4365859627723694,0.8412918239967198,,,,,roc_auc,0.8378449091584448,0.7710884213447571,0.4499298334121704,0.8378449091584448,,,,
tolokers,GT,5,512,3e-05,6,4,"[820, 230, 620, 690]","[0.8376, 0.8294, 0.8406, 0.8349]","[0.7901, 0.7907, 0.7666, 0.7754]",roc_auc,0.9039147192957108,0.8344956636428833,0.34726256132125854,0.9039147192957108,,,,,roc_auc,0.8458837570212993,0.7890438437461853,0.43522655963897705,0.8458837570212993,,,,,roc_auc,0.8380543558125854,0.7775510549545288,0.45505255460739136,0.8380543558125854,,,,
tolokers,GT,1,512,3e-05,7,4,"[970, 570, 430, 670]","[0.81, 0.8097, 0.809, 0.8069]","[0.7931, 0.7993, 0.8057, 0.7965]",roc_auc,0.8604767980832565,0.8207178115844727,0.3636406362056732,0.8604767980832565,,,,,roc_auc,0.8127483846090137,0.7995916604995728,0.4240630269050598,0.8127483846090137,,,,,roc_auc,0.800973486358177,0.7908163666725159,0.4403160810470581,0.800973486358177,,,,
tolokers,GT,2,512,3e-05,7,4,"[650, 330, 440, 360]","[0.8347, 0.8393, 0.8384, 0.8419]","[0.7907, 0.8101, 0.8112, 0.8047]",roc_auc,0.86378120660685,0.8190168738365173,0.371751606464386,0.86378120660685,,,,,roc_auc,0.8438471220310952,0.8070772290229797,0.40495792031288147,0.8438471220310952,,,,,roc_auc,0.8179332427764627,0.7819728255271912,0.4446626305580139,0.8179332427764627,,,,
tolokers,GT,3,512,3e-05,7,4,"[290, 260, 260, 240]","[0.8406, 0.844, 0.8416, 0.8387]","[0.805, 0.8108, 0.8146, 0.8149]",roc_auc,0.8427445804986816,0.8093213438987732,0.38916635513305664,0.8427445804986816,,,,,roc_auc,0.8434784910978684,0.818305492401123,0.3905232548713684,0.8434784910978684,,,,,roc_auc,0.8141096551518454,0.7843537330627441,0.42804384231567383,0.8141096551518454,,,,
tolokers,GT,4,512,3e-05,7,4,"[540, 220, 220, 690]","[0.8392, 0.8422, 0.8395, 0.8405]","[0.7353, 0.8101, 0.8098, 0.7935]",roc_auc,0.8705585934293743,0.8122130036354065,0.3750392198562622,0.8705585934293743,,,,,roc_auc,0.8483365444278346,0.795508623123169,0.40873071551322937,0.8483365444278346,,,,,roc_auc,0.8267144123699601,0.7710884213447571,0.4390304386615753,0.8267144123699601,,,,
tolokers,GT,5,512,3e-05,7,4,"[540, 290, 490, 650]","[0.8433, 0.8446, 0.8444, 0.8414]","[0.7673, 0.8105, 0.7625, 0.7931]",roc_auc,0.8754601751361957,0.8149345517158508,0.3736899793148041,0.8754601751361957,,,,,roc_auc,0.8489672223964677,0.7931268811225891,0.41216185688972473,0.8489672223964677,,,,,roc_auc,0.8293328344571604,0.7744898200035095,0.44033360481262207,0.8293328344571604,,,,
tolokers,GT,1,512,3e-05,8,4,"[1970, 1190, 920, 1030]","[0.8084, 0.8133, 0.8093, 0.8113]","[0.7877, 0.7955, 0.7945, 0.7945]",roc_auc,0.890458899839706,0.8414696455001831,0.32646679878234863,0.890458899839706,,,,,roc_auc,0.8179933985871184,0.7985709309577942,0.43303167819976807,0.8179933985871184,,,,,roc_auc,0.8193546331768923,0.8040816187858582,0.43172797560691833,0.8193546331768923,,,,
tolokers,GT,2,512,3e-05,8,4,"[490, 460, 430, 360]","[0.8271, 0.8205, 0.8224, 0.8266]","[0.785, 0.7989, 0.7907, 0.7894]",roc_auc,0.8529084560975791,0.8159551024436951,0.38177910447120667,0.8529084560975791,,,,,roc_auc,0.8272254649977122,0.795168399810791,0.4281025528907776,0.8272254649977122,,,,,roc_auc,0.8346977867792392,0.7989795804023743,0.41393110156059265,0.8346977867792392,,,,
tolokers,GT,3,512,3e-05,8,4,"[250, 670, 780, 260]","[0.8225, 0.831, 0.8335, 0.8241]","[0.7904, 0.7829, 0.7805, 0.7676]",roc_auc,0.8807265391234507,0.8263310194015503,0.3598584830760956,0.8807265391234507,,,,,roc_auc,0.8386319786995136,0.7870023846626282,0.43364834785461426,0.8386319786995136,,,,,roc_auc,0.8400539274297847,0.7928571701049805,0.426086962223053,0.8400539274297847,,,,
tolokers,GT,4,512,3e-05,8,4,"[660, 750, 720, 240]","[0.8261, 0.8326, 0.8314, 0.8228]","[0.7496, 0.7758, 0.7819, 0.7904]",roc_auc,0.8921126303871949,0.8266712427139282,0.3542245924472809,0.8921126303871949,,,,,roc_auc,0.8379795766243183,0.7788363099098206,0.4540129005908966,0.8379795766243183,,,,,roc_auc,0.8357118068264697,0.7765306234359741,0.44809868931770325,0.8357118068264697,,,,
tolokers,GT,5,512,3e-05,8,4,"[790, 740, 610, 220]","[0.826, 0.831, 0.833, 0.8209]","[0.7659, 0.7632, 0.7696, 0.7918]",roc_auc,0.8969682539359516,0.8290525674819946,0.3452461063861847,0.8969682539359516,,,,,roc_auc,0.8389483360013252,0.7812180519104004,0.44701290130615234,0.8389483360013252,,,,,roc_auc,0.8395381057346359,0.7768707871437073,0.44071412086486816,0.8395381057346359,,,,
tolokers,GT,1,512,3e-05,9,4,"[440, 640, 450, 460]","[0.7897, 0.793, 0.7809, 0.7841]","[0.7863, 0.7812, 0.7809, 0.7819]",roc_auc,0.8397596744466536,0.8149345517158508,0.38436397910118103,0.8397596744466536,,,,,roc_auc,0.793555136461333,0.7914256453514099,0.43475496768951416,0.793555136461333,,,,,roc_auc,0.8137981964541832,0.7993197441101074,0.40720871090888977,0.8137981964541832,,,,
tolokers,GT,2,512,3e-05,9,4,"[470, 370, 550, 360]","[0.8256, 0.8162, 0.8197, 0.8223]","[0.7938, 0.7907, 0.8006, 0.7822]",roc_auc,0.8658009913395159,0.8210580348968506,0.37358972430229187,0.8658009913395159,,,,,roc_auc,0.8246477639784442,0.8029941916465759,0.44003933668136597,0.8246477639784442,,,,,roc_auc,0.8361391728958406,0.7969387769699097,0.4214501678943634,0.8361391728958406,,,,
tolokers,GT,3,512,3e-05,9,4,"[230, 250, 250, 270]","[0.8246, 0.8198, 0.8229, 0.8225]","[0.7805, 0.7894, 0.7608, 0.785]",roc_auc,0.84466617418515,0.7952032685279846,0.4079619348049164,0.84466617418515,,,,,roc_auc,0.8239519136901245,0.7801973223686218,0.43723034858703613,0.8239519136901245,,,,,roc_auc,0.8338481382971512,0.7802721261978149,0.4231283366680145,0.8338481382971512,,,,
tolokers,GT,4,512,3e-05,9,4,"[250, 250, 530, 230]","[0.8221, 0.8233, 0.8272, 0.8198]","[0.7897, 0.7822, 0.755, 0.7788]",roc_auc,0.8584826210327594,0.7991155385971069,0.3923872709274292,0.8584826210327594,,,,,roc_auc,0.8287685554419566,0.7744130492210388,0.43477505445480347,0.8287685554419566,,,,,roc_auc,0.8398637986709289,0.7809523940086365,0.4161078929901123,0.8398637986709289,,,,
tolokers,GT,5,512,3e-05,9,4,"[610, 210, 580, 210]","[0.8269, 0.8204, 0.825, 0.826]","[0.7564, 0.7656, 0.7462, 0.7833]",roc_auc,0.8729085646334508,0.8043885231018066,0.38751816749572754,0.8729085646334508,,,,,roc_auc,0.8319619991065962,0.7706702947616577,0.44707512855529785,0.8319619991065962,,,,,roc_auc,0.8444770476291181,0.776190459728241,0.4262298345565796,0.8444770476291181,,,,
tolokers,GT-sep,1,512,3e-05,0,4,"[1210, 430, 1230, 410]","[0.7983, 0.7971, 0.7979, 0.7958]","[0.7819, 0.7911, 0.7843, 0.7873]",roc_auc,0.8658644169893912,0.8280320167541504,0.3571215569972992,0.8658644169893912,,,,,roc_auc,0.8047226849909506,0.7904048562049866,0.4368118345737457,0.8047226849909506,,,,,roc_auc,0.8040487597233406,0.7918367385864258,0.42671188712120056,0.8040487597233406,,,,
tolokers,GT-sep,2,512,3e-05,0,4,"[780, 310, 450, 610]","[0.8189, 0.8182, 0.8233, 0.821]","[0.7826, 0.7976, 0.7976, 0.7833]",roc_auc,0.8742101471542911,0.8273516297340393,0.3590269982814789,0.8742101471542911,,,,,roc_auc,0.825752977899795,0.7975501418113708,0.43338435888290405,0.825752977899795,,,,,roc_auc,0.8274034173017848,0.7877551317214966,0.4255754351615906,0.8274034173017848,,,,
tolokers,GT-sep,3,512,3e-05,0,4,"[650, 290, 280, 390]","[0.829, 0.8212, 0.8243, 0.8227]","[0.7965, 0.8033, 0.7989, 0.7802]",roc_auc,0.8745879876567582,0.8273516297340393,0.35403725504875183,0.8745879876567582,,,,,roc_auc,0.8313177435713617,0.7995916604995728,0.4131825268268585,0.8313177435713617,,,,,roc_auc,0.8327100770275657,0.7931972742080688,0.40746572613716125,0.8327100770275657,,,,
tolokers,GT-sep,4,512,3e-05,0,4,"[310, 680, 270, 290]","[0.8204, 0.8219, 0.8228, 0.8224]","[0.7901, 0.7758, 0.7873, 0.7799]",roc_auc,0.8679445748005483,0.8140840530395508,0.3732244670391083,0.8679445748005483,,,,,roc_auc,0.8277665310267762,0.7856413722038269,0.42686301469802856,0.8277665310267762,,,,,roc_auc,0.8288925897909329,0.7778911590576172,0.42507457733154297,0.8288925897909329,,,,
tolokers,GT-sep,5,512,3e-05,0,4,"[630, 240, 600, 760]","[0.8267, 0.8212, 0.8219, 0.8252]","[0.7911, 0.7771, 0.7795, 0.7863]",roc_auc,0.9019860029426787,0.8469127416610718,0.32686659693717957,0.9019860029426787,,,,,roc_auc,0.8314345106441333,0.7907451391220093,0.42750853300094604,0.8314345106441333,,,,,roc_auc,0.8344500432449724,0.7853741645812988,0.4279300272464752,0.8344500432449724,,,,
tolokers,GT-sep,1,512,3e-05,1,4,"[820, 400, 420, 1890]","[0.8071, 0.8085, 0.8085, 0.8122]","[0.8016, 0.7979, 0.7948, 0.7965]",roc_auc,0.8656699003572864,0.83160400390625,0.3536589741706848,0.8656699003572864,,,,,roc_auc,0.8225425622769037,0.8046954274177551,0.41076740622520447,0.8225425622769037,,,,,roc_auc,0.8097560115934485,0.7942177057266235,0.4202985167503357,0.8097560115934485,,,,
tolokers,GT-sep,2,512,3e-05,1,4,"[200, 690, 470, 730]","[0.8189, 0.8204, 0.8241, 0.8194]","[0.7948, 0.7982, 0.7976, 0.7945]",roc_auc,0.8654424837891502,0.824289858341217,0.35513371229171753,0.8654424837891502,,,,,roc_auc,0.8299206119680818,0.8016331791877747,0.4098736643791199,0.8299206119680818,,,,,roc_auc,0.8354379671880465,0.8057823181152344,0.39718371629714966,0.8354379671880465,,,,
tolokers,GT-sep,3,512,3e-05,1,4,"[490, 300, 260, 390]","[0.8309, 0.8246, 0.8254, 0.8315]","[0.8006, 0.7816, 0.7955, 0.8047]",roc_auc,0.853640225293335,0.8149345517158508,0.3737519383430481,0.853640225293335,,,,,roc_auc,0.8344595924829161,0.802653968334198,0.4051586091518402,0.8344595924829161,,,,,roc_auc,0.8339013472367954,0.8017007112503052,0.40094274282455444,0.8339013472367954,,,,
tolokers,GT-sep,4,512,3e-05,1,4,"[440, 260, 420, 420]","[0.8319, 0.8236, 0.8275, 0.831]","[0.7938, 0.7873, 0.7856, 0.7819]",roc_auc,0.855603367868091,0.8055791854858398,0.3868512213230133,0.855603367868091,,,,,roc_auc,0.8325349724171734,0.7887036204338074,0.4189685583114624,0.8325349724171734,,,,,roc_auc,0.8352136084743879,0.7918367385864258,0.4165344834327698,0.8352136084743879,,,,
tolokers,GT-sep,5,512,3e-05,1,4,"[330, 420, 420, 320]","[0.8254, 0.8329, 0.8322, 0.8347]","[0.7724, 0.7782, 0.7877, 0.7976]",roc_auc,0.8542771951888761,0.8038782477378845,0.39097052812576294,0.8542771951888761,,,,,roc_auc,0.8342776530904579,0.7900646328926086,0.4193308651447296,0.8342776530904579,,,,,roc_auc,0.834293127709589,0.787074863910675,0.4208109676837921,0.834293127709589,,,,
tolokers,GT-sep,1,512,3e-05,2,4,"[380, 550, 1100, 490]","[0.7905, 0.7875, 0.7911, 0.7935]","[0.7822, 0.7833, 0.788, 0.785]",roc_auc,0.8406330490371849,0.8025174736976624,0.3820689916610718,0.8406330490371849,,,,,roc_auc,0.7956888510527367,0.7887036204338074,0.43487051129341125,0.7956888510527367,,,,,roc_auc,0.809703819385135,0.8003401756286621,0.40675631165504456,0.809703819385135,,,,
tolokers,GT-sep,2,512,3e-05,2,4,"[220, 310, 240, 160]","[0.8096, 0.8081, 0.8077, 0.8048]","[0.7911, 0.7877, 0.7941, 0.7843]",roc_auc,0.8286645101945709,0.8004763126373291,0.397037535905838,0.8286645101945709,,,,,roc_auc,0.8107904995050977,0.795508623123169,0.42013874650001526,0.8107904995050977,,,,,roc_auc,0.8241061575960674,0.7965986728668213,0.3985271751880646,0.8241061575960674,,,,
tolokers,GT-sep,3,512,3e-05,2,4,"[530, 230, 690, 210]","[0.8106, 0.8124, 0.8195, 0.8116]","[0.7662, 0.7921, 0.7836, 0.7911]",roc_auc,0.8778477099270299,0.8251403570175171,0.3488144278526306,0.8778477099270299,,,,,roc_auc,0.8221881877886081,0.7910853624343872,0.4185802936553955,0.8221881877886081,,,,,roc_auc,0.8422643013428986,0.8027210831642151,0.3918934464454651,0.8422643013428986,,,,
tolokers,GT-sep,4,512,3e-05,2,4,"[310, 210, 190, 540]","[0.8115, 0.8106, 0.8121, 0.8137]","[0.7724, 0.7761, 0.7948, 0.7462]",roc_auc,0.85978225329966,0.8074502348899841,0.3757075071334839,0.85978225329966,,,,,roc_auc,0.8207842674020277,0.7839400768280029,0.4198035001754761,0.8207842674020277,,,,,roc_auc,0.8387220093864636,0.7904762029647827,0.3992466926574707,0.8387220093864636,,,,
tolokers,GT-sep,5,512,3e-05,2,4,"[360, 680, 250, 230]","[0.8141, 0.8138, 0.8171, 0.8104]","[0.7829, 0.7591, 0.7918, 0.7894]",roc_auc,0.8777703781186257,0.8202075362205505,0.35493800044059753,0.8777703781186257,,,,,roc_auc,0.8226532194447047,0.7856413722038269,0.42100679874420166,0.8226532194447047,,,,,roc_auc,0.8454148128265402,0.7972789406776428,0.39469751715660095,0.8454148128265402,,,,
tolokers,GT-sep,1,512,3e-05,3,4,"[950, 1130, 890, 840]","[0.7919, 0.7941, 0.799, 0.7948]","[0.7839, 0.7768, 0.7826, 0.7897]",roc_auc,0.8636996351159671,0.8254805207252502,0.3586270213127136,0.8636996351159671,,,,,roc_auc,0.8001490816812827,0.7897243499755859,0.4374561309814453,0.8001490816812827,,,,,roc_auc,0.8156086560438578,0.8040816187858582,0.43321090936660767,0.8156086560438578,,,,
tolokers,GT-sep,2,512,3e-05,3,4,"[660, 680, 540, 770]","[0.8213, 0.8251, 0.8239, 0.8238]","[0.7748, 0.785, 0.7826, 0.7826]",roc_auc,0.8776544651996687,0.8299030661582947,0.3553411066532135,0.8776544651996687,,,,,roc_auc,0.8273388376788335,0.7866621017456055,0.4326333999633789,0.8273388376788335,,,,,roc_auc,0.8312381889710408,0.7969387769699097,0.4308686852455139,0.8312381889710408,,,,
tolokers,GT-sep,3,512,3e-05,3,4,"[710, 660, 760, 1010]","[0.8163, 0.8268, 0.8251, 0.823]","[0.7298, 0.7724, 0.7727, 0.7717]",roc_auc,0.9003413453156934,0.823439359664917,0.3573857545852661,0.9003413453156934,,,,,roc_auc,0.8302906006579689,0.7696495056152344,0.4525652527809143,0.8302906006579689,,,,,roc_auc,0.839709594419094,0.7860544323921204,0.44402337074279785,0.839709594419094,,,,
tolokers,GT-sep,4,512,3e-05,3,4,"[340, 390, 290, 810]","[0.8198, 0.8225, 0.8172, 0.8271]","[0.7714, 0.7373, 0.7782, 0.7543]",roc_auc,0.8735223010690105,0.8020071387290955,0.39732488989830017,0.8735223010690105,,,,,roc_auc,0.8289477793210945,0.7733922600746155,0.44491371512413025,0.8289477793210945,,,,,roc_auc,0.840332511814418,0.7785714268684387,0.436114639043808,0.840332511814418,,,,
tolokers,GT-sep,5,512,3e-05,3,4,"[250, 770, 780, 710]","[0.8198, 0.8307, 0.8277, 0.8299]","[0.7809, 0.788, 0.7673, 0.7676]",roc_auc,0.8938013807119545,0.833645224571228,0.3511323630809784,0.8938013807119545,,,,,roc_auc,0.8358913468810294,0.7863218784332275,0.41965654492378235,0.8358913468810294,,,,,roc_auc,0.8448786565047759,0.7996598482131958,0.41381779313087463,0.8448786565047759,,,,
tolokers,GT-sep,1,512,3e-05,4,4,"[1290, 1060, 740, 910]","[0.7924, 0.7969, 0.7963, 0.7947]","[0.7717, 0.7887, 0.7873, 0.7873]",roc_auc,0.8688990121200652,0.8304133415222168,0.34775668382644653,0.8688990121200652,,,,,roc_auc,0.8004966673862778,0.7897243499755859,0.43407976627349854,0.8004966673862778,,,,,roc_auc,0.819961282870924,0.8006802797317505,0.42928844690322876,0.819961282870924,,,,
tolokers,GT-sep,2,512,3e-05,4,4,"[810, 550, 820, 570]","[0.8112, 0.8192, 0.8155, 0.8165]","[0.7799, 0.7907, 0.7724, 0.7958]",roc_auc,0.8921841962274288,0.8404490947723389,0.3338385224342346,0.8921841962274288,,,,,roc_auc,0.8207856251586878,0.7876828908920288,0.4527363181114197,0.8207856251586878,,,,,roc_auc,0.8334133161980214,0.7969387769699097,0.43399786949157715,0.8334133161980214,,,,
tolokers,GT-sep,3,512,3e-05,4,4,"[630, 590, 710, 680]","[0.8262, 0.8233, 0.8228, 0.8292]","[0.7809, 0.7907, 0.7785, 0.7683]",roc_auc,0.8880686516520855,0.8191869258880615,0.3522703945636749,0.8880686516520855,,,,,roc_auc,0.8291283609568927,0.7832595705986023,0.4415448009967804,0.8291283609568927,,,,,roc_auc,0.8401257764438264,0.788095235824585,0.4232946038246155,0.8401257764438264,,,,
tolokers,GT-sep,4,512,3e-05,4,4,"[740, 570, 590, 550]","[0.8231, 0.8254, 0.8232, 0.8296]","[0.7332, 0.7584, 0.7662, 0.771]",roc_auc,0.8841101449157389,0.8028576374053955,0.38026806712150574,0.8841101449157389,,,,,roc_auc,0.8294311406921029,0.7601224780082703,0.4617122709751129,0.8294311406921029,,,,,roc_auc,0.8446756491490637,0.7785714268684387,0.4361010491847992,0.8446756491490637,,,,
tolokers,GT-sep,5,512,3e-05,4,4,"[620, 770, 580, 540]","[0.8191, 0.8298, 0.8265, 0.8311]","[0.7196, 0.7679, 0.7628, 0.7594]",roc_auc,0.8956709110975893,0.8031978607177734,0.37422946095466614,0.8956709110975893,,,,,roc_auc,0.8316062668616405,0.7574004530906677,0.47022542357444763,0.8316062668616405,,,,,roc_auc,0.8489232137386161,0.775170087814331,0.43916696310043335,0.8489232137386161,,,,
tolokers,GT-sep,1,512,3e-05,5,4,"[1090, 420, 970, 1150]","[0.818, 0.8169, 0.8193, 0.8191]","[0.7972, 0.8023, 0.7993, 0.7962]",roc_auc,0.8673117597938361,0.8288824558258057,0.35256722569465637,0.8673117597938361,,,,,roc_auc,0.8265513388159547,0.8060564398765564,0.41194501519203186,0.8265513388159547,,,,,roc_auc,0.7923848178966404,0.7874149680137634,0.4427765905857086,0.7923848178966404,,,,
tolokers,GT-sep,2,512,3e-05,5,4,"[670, 490, 500, 760]","[0.8423, 0.8419, 0.8431, 0.845]","[0.801, 0.8057, 0.8016, 0.805]",roc_auc,0.8842833783418025,0.8375574350357056,0.3446195125579834,0.8842833783418025,,,,,roc_auc,0.8483636995610373,0.8070772290229797,0.4125482738018036,0.8483636995610373,,,,,roc_auc,0.8193281981622921,0.7867347002029419,0.4533535838127136,0.8193281981622921,,,,
tolokers,GT-sep,3,512,3e-05,5,4,"[270, 750, 760, 640]","[0.8349, 0.8435, 0.843, 0.8402]","[0.7809, 0.7962, 0.7727, 0.7574]",roc_auc,0.886139680918105,0.8139139413833618,0.3736172914505005,0.886139680918105,,,,,roc_auc,0.8495048940338814,0.7863218784332275,0.43976959586143494,0.8495048940338814,,,,,roc_auc,0.8224149944825379,0.7632653117179871,0.47260236740112305,0.8224149944825379,,,,
tolokers,GT-sep,4,512,3e-05,5,4,"[600, 280, 810, 300]","[0.8407, 0.8414, 0.8451, 0.8384]","[0.7234, 0.7979, 0.7833, 0.7877]",roc_auc,0.8859087030166866,0.8120428919792175,0.37475138902664185,0.8859087030166866,,,,,roc_auc,0.8523575407768269,0.7856413722038269,0.43243831396102905,0.8523575407768269,,,,,roc_auc,0.8285241941387472,0.7649660110473633,0.45767223834991455,0.8285241941387472,,,,
tolokers,GT-sep,5,512,3e-05,5,4,"[510, 610, 850, 520]","[0.8462, 0.8444, 0.8462, 0.843]","[0.7611, 0.7775, 0.7887, 0.7366]",roc_auc,0.8915064405864463,0.8101718425750732,0.37665727734565735,0.8915064405864463,,,,,roc_auc,0.850709903069752,0.7740727663040161,0.44797709584236145,0.850709903069752,,,,,roc_auc,0.8263741462845926,0.7571428418159485,0.47552043199539185,0.8263741462845926,,,,
tolokers,GT-sep,1,512,3e-05,6,4,"[840, 500, 1890, 620]","[0.7979, 0.7968, 0.7991, 0.7999]","[0.7887, 0.7884, 0.7931, 0.7819]",roc_auc,0.8791022319723614,0.8346657752990723,0.3432356119155884,0.8791022319723614,,,,,roc_auc,0.8066588459883044,0.7927866578102112,0.4317643940448761,0.8066588459883044,,,,,roc_auc,0.8052396910221269,0.7938775420188904,0.42908114194869995,0.8052396910221269,,,,
tolokers,GT-sep,2,512,3e-05,6,4,"[740, 470, 420, 430]","[0.8261, 0.8273, 0.8257, 0.8334]","[0.7918, 0.7979, 0.7979, 0.8023]",roc_auc,0.8717752127133493,0.8270114064216614,0.359283447265625,0.8717752127133493,,,,,roc_auc,0.8334127620979513,0.7982306480407715,0.4156133532524109,0.8334127620979513,,,,,roc_auc,0.8284862361690648,0.7969387769699097,0.4221208095550537,0.8284862361690648,,,,
tolokers,GT-sep,3,512,3e-05,6,4,"[610, 690, 410, 380]","[0.8353, 0.8297, 0.841, 0.8386]","[0.7996, 0.7513, 0.8016, 0.801]",roc_auc,0.8760615316989189,0.8217384219169617,0.3682512044906616,0.8760615316989189,,,,,roc_auc,0.8415878149486292,0.7968696355819702,0.41336384415626526,0.8415878149486292,,,,,roc_auc,0.8324643669559607,0.7833333611488342,0.43240395188331604,0.8324643669559607,,,,
tolokers,GT-sep,4,512,3e-05,6,4,"[610, 610, 560, 320]","[0.8425, 0.8368, 0.8385, 0.8345]","[0.7928, 0.7744, 0.7761, 0.7993]",roc_auc,0.876938467622732,0.8230991959571838,0.37105971574783325,0.876938467622732,,,,,roc_auc,0.8430867783014191,0.7948281764984131,0.4132477045059204,0.8430867783014191,,,,,roc_auc,0.8384840942550613,0.7887755036354065,0.4269689619541168,0.8384840942550613,,,,
tolokers,GT-sep,5,512,3e-05,6,4,"[700, 680, 310, 310]","[0.8427, 0.8415, 0.8334, 0.833]","[0.7799, 0.7822, 0.7873, 0.7931]",roc_auc,0.8800866862438245,0.8181663751602173,0.3714566230773926,0.8800866862438245,,,,,roc_auc,0.8454051477986013,0.7887036204338074,0.41246896982192993,0.8454051477986013,,,,,roc_auc,0.8374094092384277,0.7823129296302795,0.43034887313842773,0.8374094092384277,,,,
tolokers,GT-sep,1,512,3e-05,7,4,"[1180, 740, 760, 570]","[0.8032, 0.8016, 0.7986, 0.8019]","[0.7976, 0.8057, 0.7833, 0.7958]",roc_auc,0.8630078885228064,0.8280320167541504,0.3592069149017334,0.8630078885228064,,,,,roc_auc,0.8061289814516863,0.802653968334198,0.42942574620246887,0.8061289814516863,,,,,roc_auc,0.798582134268184,0.7911564707756042,0.43816933035850525,0.798582134268184,,,,
tolokers,GT-sep,2,512,3e-05,7,4,"[320, 430, 320, 430]","[0.8345, 0.8416, 0.8362, 0.8364]","[0.8064, 0.8088, 0.8095, 0.804]",roc_auc,0.8496104918913527,0.8106821179389954,0.3864136040210724,0.8496104918913527,,,,,roc_auc,0.8396085451773163,0.808438241481781,0.4047241806983948,0.8396085451773163,,,,,roc_auc,0.8092747587635463,0.7789115905761719,0.44596147537231445,0.8092747587635463,,,,
tolokers,GT-sep,3,512,3e-05,7,4,"[330, 300, 330, 360]","[0.8389, 0.8395, 0.8403, 0.84]","[0.8016, 0.802, 0.8033, 0.7931]",roc_auc,0.8508615373970521,0.8014968633651733,0.3930845260620117,0.8508615373970521,,,,,roc_auc,0.8420833961295789,0.8036746978759766,0.40699437260627747,0.8420833961295789,,,,,roc_auc,0.8141611695392716,0.7714285850524902,0.4429292678833008,0.8141611695392716,,,,
tolokers,GT-sep,4,512,3e-05,7,4,"[530, 310, 280, 310]","[0.8417, 0.8412, 0.8385, 0.8384]","[0.7867, 0.7897, 0.7952, 0.7822]",roc_auc,0.8549475737823462,0.798945426940918,0.3966115415096283,0.8549475737823462,,,,,roc_auc,0.8438810659475987,0.7931268811225891,0.41381800174713135,0.8438810659475987,,,,,roc_auc,0.8198446976783278,0.768367350101471,0.4442022442817688,0.8198446976783278,,,,
tolokers,GT-sep,5,512,3e-05,7,4,"[260, 340, 420, 400]","[0.8391, 0.842, 0.8398, 0.8387]","[0.7914, 0.7533, 0.77, 0.7737]",roc_auc,0.8532198183787861,0.7841469645500183,0.4158098101615906,0.8532198183787861,,,,,roc_auc,0.8426631582234568,0.772031307220459,0.4298565685749054,0.8426631582234568,,,,,roc_auc,0.8194678292650523,0.754081666469574,0.4579789936542511,0.8194678292650523,,,,
tolokers,GT-sep,1,512,3e-05,8,4,"[1160, 1360, 910, 560]","[0.8054, 0.8024, 0.8064, 0.804]","[0.7884, 0.802, 0.7955, 0.7887]",roc_auc,0.865190731443588,0.8288824558258057,0.35644689202308655,0.865190731443588,,,,,roc_auc,0.8111584515599947,0.7999319434165955,0.42313966155052185,0.8111584515599947,,,,,roc_auc,0.8042805744667584,0.7928571701049805,0.43160301446914673,0.8042805744667584,,,,
tolokers,GT-sep,2,512,3e-05,8,4,"[580, 430, 470, 750]","[0.8226, 0.8222, 0.8241, 0.8233]","[0.7897, 0.805, 0.803, 0.8016]",roc_auc,0.8663158583796815,0.8297329545021057,0.360871285200119,0.8663158583796815,,,,,roc_auc,0.826245164689094,0.7985709309577942,0.4290078282356262,0.826245164689094,,,,,roc_auc,0.8366173755317504,0.8047618865966797,0.410015344619751,0.8366173755317504,,,,
tolokers,GT-sep,3,512,3e-05,8,4,"[330, 710, 770, 330]","[0.8333, 0.8262, 0.8301, 0.8252]","[0.8044, 0.7843, 0.7907, 0.7873]",roc_auc,0.8804623221114026,0.8322843909263611,0.3454481065273285,0.8804623221114026,,,,,roc_auc,0.835917823135902,0.8006124496459961,0.4216003715991974,0.835917823135902,,,,,roc_auc,0.841671885887498,0.800000011920929,0.4069080352783203,0.841671885887498,,,,
tolokers,GT-sep,4,512,3e-05,8,4,"[710, 650, 630, 810]","[0.8326, 0.835, 0.8343, 0.8286]","[0.7744, 0.7846, 0.7799, 0.7768]",roc_auc,0.8975624878321112,0.8395985960960388,0.33886387944221497,0.8975624878321112,,,,,roc_auc,0.8375349113181237,0.7822388410568237,0.45733195543289185,0.8375349113181237,,,,,roc_auc,0.8404348627683831,0.7823129296302795,0.4388936758041382,0.8404348627683831,,,,
tolokers,GT-sep,5,512,3e-05,8,4,"[680, 650, 610, 690]","[0.8351, 0.8337, 0.8338, 0.8327]","[0.788, 0.7547, 0.7724, 0.7761]",roc_auc,0.892381765430918,0.8346657752990723,0.350849986076355,0.892381765430918,,,,,roc_auc,0.8373441465073747,0.7856413722038269,0.45511648058891296,0.8373441465073747,,,,,roc_auc,0.838118748796868,0.7755101919174194,0.4416787028312683,0.838118748796868,,,,
tolokers,GT-sep,1,512,3e-05,9,4,"[670, 790, 720, 590]","[0.7865, 0.7916, 0.7787, 0.7907]","[0.7843, 0.7758, 0.7751, 0.7836]",roc_auc,0.8503152967065468,0.8248001337051392,0.3732636570930481,0.8503152967065468,,,,,roc_auc,0.790956390213833,0.7842803597450256,0.44078555703163147,0.790956390213833,,,,,roc_auc,0.8125523616635352,0.7962585091590881,0.4097655117511749,0.8125523616635352,,,,
tolokers,GT-sep,2,512,3e-05,9,4,"[780, 580, 450, 550]","[0.8213, 0.8189, 0.8202, 0.8234]","[0.804, 0.7969, 0.7989, 0.7993]",roc_auc,0.8779700671633541,0.8344956636428833,0.3497321307659149,0.8779700671633541,,,,,roc_auc,0.8262383759057934,0.800952672958374,0.4276936650276184,0.8262383759057934,,,,,roc_auc,0.83766901463822,0.809183657169342,0.4110424220561981,0.83766901463822,,,,
tolokers,GT-sep,3,512,3e-05,9,4,"[290, 750, 850, 340]","[0.8195, 0.8248, 0.8232, 0.8267]","[0.7914, 0.7577, 0.7727, 0.7833]",roc_auc,0.8972801249790558,0.8406191468238831,0.3366844058036804,0.8972801249790558,,,,,roc_auc,0.8348356910777736,0.7914256453514099,0.43551337718963623,0.8348356910777736,,,,,roc_auc,0.8457167820317817,0.7891156673431396,0.4138236343860626,0.8457167820317817,,,,
tolokers,GT-sep,4,512,3e-05,9,4,"[250, 260, 610, 760]","[0.8191, 0.8185, 0.8232, 0.8294]","[0.7754, 0.7469, 0.7639, 0.7802]",roc_auc,0.8795891171081702,0.8166354894638062,0.3704602122306824,0.8795891171081702,,,,,roc_auc,0.8307698887589967,0.777815580368042,0.44058483839035034,0.8307698887589967,,,,,roc_auc,0.8453372023349573,0.787074863910675,0.4171738028526306,0.8453372023349573,,,,
tolokers,GT-sep,5,512,3e-05,9,4,"[250, 280, 640, 280]","[0.8214, 0.8221, 0.831, 0.8242]","[0.7768, 0.7816, 0.7795, 0.7615]",roc_auc,0.8658861241636802,0.8055791854858398,0.38291338086128235,0.8658861241636802,,,,,roc_auc,0.831660577128046,0.7801973223686218,0.429740309715271,0.831660577128046,,,,,roc_auc,0.8434298143584155,0.7884353995323181,0.4119005799293518,0.8434298143584155,,,,
tolokers,TAG,1,512,3e-05,0,4,"[1640, 1520, 1630, 1560]","[0.8421, 0.843, 0.8418, 0.8419]","[0.8118, 0.8118, 0.8088, 0.8088]",roc_auc,0.8876985273717293,0.8443613052368164,0.33304327726364136,0.8876985273717293,,,,,roc_auc,0.8432157651841321,0.8097992539405823,0.40308454632759094,0.8432157651841321,,,,,roc_auc,0.8350716049985225,0.8115646243095398,0.41222772002220154,0.8350716049985225,,,,
tolokers,TAG,2,512,3e-05,0,4,"[810, 920, 690, 640]","[0.8514, 0.8483, 0.8505, 0.8491]","[0.8241, 0.8224, 0.8193, 0.818]",roc_auc,0.8802825595743224,0.8412995338439941,0.3482847809791565,0.8802825595743224,,,,,roc_auc,0.8508741916256285,0.8227288126945496,0.39917945861816406,0.8508741916256285,,,,,roc_auc,0.8462481936073357,0.8166666626930237,0.40477246046066284,0.8462481936073357,,,,
tolokers,TAG,3,512,3e-05,0,4,"[720, 630, 640, 640]","[0.8526, 0.8493, 0.8517, 0.8517]","[0.8149, 0.8197, 0.8214, 0.82]",roc_auc,0.8793654314606147,0.8384079337120056,0.34879055619239807,0.8793654314606147,,,,,roc_auc,0.8526609993903672,0.8230690360069275,0.3979457914829254,0.8526609993903672,,,,,roc_auc,0.8482674220302633,0.813265323638916,0.4023345708847046,0.8482674220302633,,,,
tolokers,TAG,4,512,3e-05,0,4,"[460, 490, 590, 530]","[0.8517, 0.8474, 0.8519, 0.8521]","[0.8203, 0.8197, 0.8207, 0.819]",roc_auc,0.873993414586,0.8356863856315613,0.3573867082595825,0.873993414586,,,,,roc_auc,0.851948177143796,0.8213678002357483,0.3982502520084381,0.851948177143796,,,,,roc_auc,0.8460983951912676,0.8146258592605591,0.4037110209465027,0.8460983951912676,,,,
tolokers,TAG,5,512,3e-05,0,4,"[490, 540, 450, 500]","[0.852, 0.8495, 0.8505, 0.8522]","[0.821, 0.8173, 0.82, 0.8186]",roc_auc,0.8764210567730794,0.8363667726516724,0.3559926748275757,0.8764210567730794,,,,,roc_auc,0.8520438989883355,0.8179652690887451,0.40161386132240295,0.8520438989883355,,,,,roc_auc,0.8478858088707775,0.8153061270713806,0.4046994745731354,0.8478858088707775,,,,
tolokers,TAG,1,512,3e-05,1,4,"[1310, 1500, 1400, 1200]","[0.8439, 0.8483, 0.8477, 0.8463]","[0.8146, 0.8193, 0.8163, 0.8193]",roc_auc,0.8760951099841471,0.8307535648345947,0.34546032547950745,0.8760951099841471,,,,,roc_auc,0.8474567181120665,0.8145627379417419,0.39115431904792786,0.8474567181120665,,,,,roc_auc,0.8442794628405034,0.8187074661254883,0.3873945474624634,0.8442794628405034,,,,
tolokers,TAG,2,512,3e-05,1,4,"[790, 740, 930, 780]","[0.8494, 0.8523, 0.8529, 0.851]","[0.82, 0.8289, 0.8272, 0.8261]",roc_auc,0.8739511873485162,0.8360265493392944,0.3505963981151581,0.8739511873485162,,,,,roc_auc,0.8526603205120371,0.8288533091545105,0.3899642527103424,0.8526603205120371,,,,,roc_auc,0.8518642785681171,0.8261904716491699,0.38575294613838196,0.8518642785681171,,,,
tolokers,TAG,3,512,3e-05,1,4,"[640, 530, 690, 660]","[0.8522, 0.8515, 0.8532, 0.8492]","[0.8214, 0.8261, 0.8295, 0.8227]",roc_auc,0.8678243374054636,0.8319442272186279,0.36437758803367615,0.8678243374054636,,,,,roc_auc,0.8527818397331194,0.8240898251533508,0.39641305804252625,0.8527818397331194,,,,,roc_auc,0.8485897258621204,0.8248299360275269,0.3965257406234741,0.8485897258621204,,,,
tolokers,TAG,4,512,3e-05,1,4,"[560, 720, 580, 570]","[0.8516, 0.8519, 0.8511, 0.8504]","[0.8183, 0.8248, 0.8234, 0.8255]",roc_auc,0.8682998601922306,0.8297329545021057,0.36544495820999146,0.8682998601922306,,,,,roc_auc,0.8524637852354826,0.8237495422363281,0.39816784858703613,0.8524637852354826,,,,,roc_auc,0.8480345905555149,0.8241496682167053,0.39853760600090027,0.8480345905555149,,,,
tolokers,TAG,5,512,3e-05,1,4,"[590, 800, 580, 530]","[0.8519, 0.8536, 0.8525, 0.8516]","[0.8193, 0.8275, 0.8248, 0.8207]",roc_auc,0.8732263712320247,0.8333050012588501,0.36351460218429565,0.8732263712320247,,,,,roc_auc,0.854207484226262,0.8268117904663086,0.40233269333839417,0.854207484226262,,,,,roc_auc,0.8502727551250038,0.8258503675460815,0.4027496576309204,0.8502727551250038,,,,
tolokers,TAG,1,512,3e-05,2,4,"[1800, 1440, 1120, 1110]","[0.8331, 0.8358, 0.8374, 0.8343]","[0.8067, 0.8081, 0.8149, 0.8057]",roc_auc,0.8846040679244617,0.8401088714599609,0.33677220344543457,0.8846040679244617,,,,,roc_auc,0.8363787815220182,0.808438241481781,0.4053850769996643,0.8363787815220182,,,,,roc_auc,0.8538902851999165,0.8217687010765076,0.38464659452438354,0.8538902851999165,,,,
tolokers,TAG,2,512,3e-05,2,4,"[750, 660, 790, 750]","[0.8426, 0.8382, 0.8431, 0.8411]","[0.8173, 0.8132, 0.8197, 0.8146]",roc_auc,0.8716401364295904,0.8338152766227722,0.36337271332740784,0.8716401364295904,,,,,roc_auc,0.842103762479481,0.8176250457763672,0.41151779890060425,0.842103762479481,,,,,roc_auc,0.8566673173747184,0.831632673740387,0.39014285802841187,0.8566673173747184,,,,
tolokers,TAG,3,512,3e-05,2,4,"[560, 510, 480, 560]","[0.8404, 0.8386, 0.8385, 0.8381]","[0.8163, 0.8118, 0.8125, 0.8095]",roc_auc,0.864427758184792,0.8299030661582947,0.3796161711215973,0.864427758184792,,,,,roc_auc,0.8398118692371717,0.8128615021705627,0.4201904237270355,0.8398118692371717,,,,,roc_auc,0.8538252143947465,0.8272109031677246,0.3991786539554596,0.8538252143947465,,,,
tolokers,TAG,4,512,3e-05,2,4,"[410, 480, 430, 530]","[0.8319, 0.8364, 0.8368, 0.8368]","[0.8091, 0.8159, 0.8146, 0.8054]",roc_auc,0.8611299635658647,0.8275216817855835,0.3880716860294342,0.8611299635658647,,,,,roc_auc,0.8369884142624191,0.8135420083999634,0.4279269278049469,0.8369884142624191,,,,,roc_auc,0.8521123610128271,0.8268707394599915,0.40495210886001587,0.8521123610128271,,,,
tolokers,TAG,5,512,3e-05,2,4,"[960, 610, 920, 670]","[0.8344, 0.8346, 0.8325, 0.8367]","[0.818, 0.8135, 0.8146, 0.8125]",roc_auc,0.8872302968388249,0.8401088714599609,0.35724928975105286,0.8872302968388249,,,,,roc_auc,0.837828186756713,0.8159237504005432,0.43793144822120667,0.837828186756713,,,,,roc_auc,0.8541390454655138,0.8306122422218323,0.4173834025859833,0.8541390454655138,,,,
tolokers,TAG,1,512,3e-05,3,4,"[1620, 1230, 1860, 1550]","[0.8379, 0.8366, 0.8381, 0.839]","[0.8054, 0.8057, 0.8166, 0.8112]",roc_auc,0.8819975959304475,0.8430005311965942,0.3385734260082245,0.8819975959304475,,,,,roc_auc,0.8388526141567857,0.8104797005653381,0.40785306692123413,0.8388526141567857,,,,,roc_auc,0.8500768648886069,0.8265306353569031,0.3903786242008209,0.8500768648886069,,,,
tolokers,TAG,2,512,3e-05,3,4,"[880, 980, 770, 830]","[0.8375, 0.8393, 0.8398, 0.8375]","[0.8108, 0.802, 0.8122, 0.8064]",roc_auc,0.8796137072665444,0.8428304195404053,0.3460584878921509,0.8796137072665444,,,,,roc_auc,0.8395627208900366,0.8111602067947388,0.4089938998222351,0.8395627208900366,,,,,roc_auc,0.8495773108947507,0.8285714387893677,0.39939263463020325,0.8495773108947507,,,,
tolokers,TAG,3,512,3e-05,3,4,"[840, 580, 480, 650]","[0.8388, 0.8362, 0.8352, 0.8386]","[0.8183, 0.8149, 0.8156, 0.8156]",roc_auc,0.8687740262806046,0.832624614238739,0.37200960516929626,0.8687740262806046,,,,,roc_auc,0.8385715585281376,0.8172847628593445,0.41939133405685425,0.8385715585281376,,,,,roc_auc,0.8451538517849735,0.8282312750816345,0.4127825200557709,0.8451538517849735,,,,
tolokers,TAG,4,512,3e-05,3,4,"[640, 650, 970, 1030]","[0.8423, 0.8385, 0.8439, 0.8413]","[0.8193, 0.8203, 0.82, 0.8152]",roc_auc,0.886483858341694,0.8430005311965942,0.3444409966468811,0.886483858341694,,,,,roc_auc,0.8449428316558251,0.8179652690887451,0.4117642641067505,0.8449428316558251,,,,,roc_auc,0.8511518888156843,0.8278911709785461,0.40622085332870483,0.8511518888156843,,,,
tolokers,TAG,5,512,3e-05,3,4,"[890, 910, 950, 910]","[0.8428, 0.8435, 0.8443, 0.8439]","[0.8166, 0.8169, 0.8176, 0.8173]",roc_auc,0.8929066381217325,0.8474230766296387,0.33465468883514404,0.8929066381217325,,,,,roc_auc,0.8449889953822697,0.818305492401123,0.4147530496120453,0.8449889953822697,,,,,roc_auc,0.8529515032711636,0.8265306353569031,0.4072938859462738,0.8529515032711636,,,,
tolokers,TAG,1,512,3e-05,4,4,"[1290, 1230, 1460, 1320]","[0.8238, 0.8267, 0.8265, 0.8271]","[0.802, 0.8037, 0.8067, 0.8118]",roc_auc,0.8841165892331059,0.8402789831161499,0.33543428778648376,0.8841165892331059,,,,,roc_auc,0.8271263487615224,0.8057162165641785,0.4236449897289276,0.8271263487615224,,,,,roc_auc,0.8558227525492845,0.8183673620223999,0.39437106251716614,0.8558227525492845,,,,
tolokers,TAG,2,512,3e-05,4,4,"[1320, 1430, 1080, 1160]","[0.8329, 0.832, 0.8311, 0.8335]","[0.8067, 0.805, 0.8088, 0.8115]",roc_auc,0.8934499958281524,0.8509950637817383,0.3291880190372467,0.8934499958281524,,,,,roc_auc,0.8335240981440823,0.8132017254829407,0.44465067982673645,0.8335240981440823,,,,,roc_auc,0.8597242895759282,0.8217687010765076,0.4073728322982788,0.8597242895759282,,,,
tolokers,TAG,3,512,3e-05,4,4,"[1300, 1280, 970, 1260]","[0.8371, 0.8326, 0.8348, 0.8377]","[0.8125, 0.8132, 0.8125, 0.8132]",roc_auc,0.8979237087792631,0.8486137390136719,0.3548261523246765,0.8979237087792631,,,,,roc_auc,0.8370305047188833,0.8128615021705627,0.48581933975219727,0.8370305047188833,,,,,roc_auc,0.8583015435337242,0.8217687010765076,0.45614686608314514,0.8583015435337242,,,,
tolokers,TAG,4,512,3e-05,4,4,"[1100, 920, 850, 930]","[0.8367, 0.8384, 0.8393, 0.8355]","[0.8112, 0.8163, 0.8169, 0.8108]",roc_auc,0.894765654094821,0.8458921909332275,0.34941378235816956,0.894765654094821,,,,,roc_auc,0.838207679743221,0.8172847628593445,0.462807297706604,0.838207679743221,,,,,roc_auc,0.8591345854040762,0.8241496682167053,0.4358757734298706,0.8591345854040762,,,,
tolokers,TAG,5,512,3e-05,4,4,"[940, 790, 580, 760]","[0.8382, 0.8371, 0.8362, 0.836]","[0.8125, 0.8156, 0.8139, 0.8186]",roc_auc,0.8886618680244505,0.8397687077522278,0.35740232467651367,0.8886618680244505,,,,,roc_auc,0.8380128416624917,0.8162640333175659,0.4515085518360138,0.8380128416624917,,,,,roc_auc,0.8608881080392268,0.8248299360275269,0.42405450344085693,0.8608881080392268,,,,
tolokers,TAG,1,512,3e-05,5,4,"[1000, 1220, 1290, 1230]","[0.8466, 0.8442, 0.8456, 0.8449]","[0.8241, 0.8186, 0.8234, 0.8183]",roc_auc,0.8847867134456272,0.8458921909332275,0.33642151951789856,0.8847867134456272,,,,,roc_auc,0.8460344680105742,0.8196665048599243,0.4002763032913208,0.8460344680105742,,,,,roc_auc,0.8294995783954082,0.8068027496337891,0.42557814717292786,0.8294995783954082,,,,
tolokers,TAG,2,512,3e-05,5,4,"[510, 630, 790, 720]","[0.8447, 0.8423, 0.8431, 0.8443]","[0.818, 0.8176, 0.8159, 0.8197]",roc_auc,0.876307009314413,0.839938759803772,0.35097065567970276,0.876307009314413,,,,,roc_auc,0.8446237588406931,0.8193262815475464,0.40317249298095703,0.8446237588406931,,,,,roc_auc,0.830121140148958,0.8030612468719482,0.4244164824485779,0.830121140148958,,,,
tolokers,TAG,3,512,3e-05,5,4,"[600, 410, 410, 530]","[0.8525, 0.8455, 0.8455, 0.8457]","[0.8166, 0.8125, 0.818, 0.819]",roc_auc,0.8714915779555505,0.8378975987434387,0.37466949224472046,0.8714915779555505,,,,,roc_auc,0.848651543972986,0.8210275173187256,0.4169553220272064,0.848651543972986,,,,,roc_auc,0.8300574249855625,0.8071428537368774,0.44045621156692505,0.8300574249855625,,,,
tolokers,TAG,4,512,3e-05,5,4,"[510, 390, 750, 610]","[0.8491, 0.8485, 0.848, 0.851]","[0.8169, 0.8125, 0.8193, 0.819]",roc_auc,0.879153701717648,0.8402789831161499,0.36773231625556946,0.879153701717648,,,,,roc_auc,0.8512051448115365,0.8189859986305237,0.416412353515625,0.8512051448115365,,,,,roc_auc,0.831592011474152,0.807823121547699,0.4441114366054535,0.831592011474152,,,,
tolokers,TAG,5,512,3e-05,5,4,"[730, 490, 630, 560]","[0.8572, 0.8518, 0.8517, 0.8546]","[0.8244, 0.8166, 0.8176, 0.8227]",roc_auc,0.882597934969376,0.8412995338439941,0.3601479232311249,0.882597934969376,,,,,roc_auc,0.8558741305265788,0.8220483064651489,0.4071839451789856,0.8558741305265788,,,,,roc_auc,0.8338267869392049,0.8088435530662537,0.4389466643333435,0.8338267869392049,,,,
tolokers,TAG,1,512,3e-05,7,4,"[1500, 1310, 1420, 1130]","[0.8482, 0.8493, 0.8494, 0.847]","[0.8173, 0.8163, 0.8234, 0.8169]",roc_auc,0.8865840844354812,0.8464024662971497,0.33493319153785706,0.8865840844354812,,,,,roc_auc,0.8491525561805762,0.8169445395469666,0.398811012506485,0.8491525561805762,,,,,roc_auc,0.8356203010066996,0.8105442523956299,0.42238321900367737,0.8356203010066996,,,,
tolokers,TAG,2,512,3e-05,7,4,"[1060, 810, 890, 890]","[0.8519, 0.8504, 0.8491, 0.8503]","[0.8272, 0.8237, 0.8227, 0.8217]",roc_auc,0.8856304102588105,0.8438510298728943,0.33745813369750977,0.8856304102588105,,,,,roc_auc,0.8514274774646339,0.8213678002357483,0.4020082950592041,0.8514274774646339,,,,,roc_auc,0.8417810150503349,0.8129251599311829,0.4183976650238037,0.8417810150503349,,,,
tolokers,TAG,3,512,3e-05,7,4,"[790, 620, 790, 720]","[0.8506, 0.8505, 0.8502, 0.8473]","[0.8214, 0.822, 0.8248, 0.8224]",roc_auc,0.8799225257382645,0.8382378220558167,0.350674033164978,0.8799225257382645,,,,,roc_auc,0.8506752802749187,0.8234093189239502,0.40791407227516174,0.8506752802749187,,,,,roc_auc,0.8415281878594146,0.8122448921203613,0.4179837107658386,0.8415281878594146,,,,
tolokers,TAG,4,512,3e-05,7,4,"[910, 470, 590, 1050]","[0.8497, 0.8463, 0.8501, 0.8503]","[0.8241, 0.8166, 0.822, 0.8203]",roc_auc,0.8869361476684798,0.8443613052368164,0.35220569372177124,0.8869361476684798,,,,,roc_auc,0.8527852341247697,0.8237495422363281,0.4227028489112854,0.8527852341247697,,,,,roc_auc,0.8423737694161794,0.8122448921203613,0.43339404463768005,0.8423737694161794,,,,
tolokers,TAG,5,512,3e-05,7,4,"[690, 790, 640, 570]","[0.8502, 0.8535, 0.8535, 0.8526]","[0.8197, 0.8166, 0.8227, 0.8203]",roc_auc,0.8844681437042071,0.8395985960960388,0.3706205487251282,0.8844681437042071,,,,,roc_auc,0.8542251350628437,0.8210275173187256,0.43623682856559753,0.8542251350628437,,,,,roc_auc,0.8411174284017797,0.8098639845848083,0.44651684165000916,0.8411174284017797,,,,
tolokers,TAG,1,512,3e-05,6,4,"[1840, 1670, 2140, 1420]","[0.8422, 0.8418, 0.8436, 0.8445]","[0.8146, 0.8186, 0.8183, 0.8149]",roc_auc,0.8902732865408058,0.8450416922569275,0.32869693636894226,0.8902732865408058,,,,,roc_auc,0.8438301500728435,0.8172847628593445,0.40274494886398315,0.8438301500728435,,,,,roc_auc,0.8444184161223764,0.8173469305038452,0.39399290084838867,0.8444184161223764,,,,
tolokers,TAG,2,512,3e-05,6,4,"[920, 870, 990, 1010]","[0.8489, 0.8483, 0.8486, 0.8517]","[0.8193, 0.8173, 0.8173, 0.821]",roc_auc,0.8829033616951133,0.8440210819244385,0.35021236538887024,0.8829033616951133,,,,,roc_auc,0.850500808544091,0.8176250457763672,0.41375380754470825,0.850500808544091,,,,,roc_auc,0.8430214272738857,0.821088433265686,0.4162093997001648,0.8430214272738857,,,,
tolokers,TAG,3,512,3e-05,6,4,"[670, 750, 760, 770]","[0.851, 0.8507, 0.8487, 0.8542]","[0.8193, 0.8146, 0.8169, 0.8217]",roc_auc,0.877583068946734,0.8363667726516724,0.38493457436561584,0.877583068946734,,,,,roc_auc,0.8521131445780025,0.8166042566299438,0.44018712639808655,0.8521131445780025,,,,,roc_auc,0.8424486686242134,0.8193877935409546,0.44437289237976074,0.8424486686242134,,,,
tolokers,TAG,4,512,3e-05,6,4,"[610, 740, 740, 850]","[0.852, 0.8531, 0.8513, 0.8547]","[0.8163, 0.8173, 0.8197, 0.8214]",roc_auc,0.8838871376173799,0.840959370136261,0.3720594048500061,0.8838871376173799,,,,,roc_auc,0.8549881943058402,0.8206872940063477,0.4364023208618164,0.8549881943058402,,,,,roc_auc,0.842513061608496,0.8190476298332214,0.44313377141952515,0.842513061608496,,,,
tolokers,TAG,5,512,3e-05,6,4,"[710, 720, 660, 810]","[0.8536, 0.8524, 0.853, 0.8552]","[0.822, 0.8132, 0.82, 0.8268]",roc_auc,0.8809134243270945,0.8397687077522278,0.3737014830112457,0.8809134243270945,,,,,roc_auc,0.8546962766239109,0.8206872940063477,0.43161872029304504,0.8546962766239109,,,,,roc_auc,0.8417444127224268,0.819727897644043,0.4410051703453064,0.8417444127224268,,,,
tolokers,TAG,1,512,3e-05,9,4,"[1300, 1280, 1520, 1040]","[0.8454, 0.8445, 0.8443, 0.8431]","[0.818, 0.8173, 0.8149, 0.819]",roc_auc,0.8797008751382985,0.8387480974197388,0.3394303023815155,0.8797008751382985,,,,,roc_auc,0.844923823062583,0.8206872940063477,0.4006199240684509,0.844923823062583,,,,,roc_auc,0.8535537471294286,0.8214285969734192,0.3837151527404785,0.8535537471294286,,,,
tolokers,TAG,2,512,3e-05,9,4,"[1080, 760, 1430, 1390]","[0.8482, 0.8484, 0.8497, 0.8493]","[0.821, 0.8193, 0.8227, 0.821]",roc_auc,0.8878419134331458,0.8504847884178162,0.3328125476837158,0.8878419134331458,,,,,roc_auc,0.8503982979162509,0.8227288126945496,0.40872037410736084,0.8503982979162509,,,,,roc_auc,0.8519174875077611,0.8241496682167053,0.3986990749835968,0.8519174875077611,,,,
tolokers,TAG,3,512,3e-05,9,4,"[960, 1190, 940, 1110]","[0.8505, 0.8444, 0.8501, 0.8503]","[0.8234, 0.8193, 0.8176, 0.8203]",roc_auc,0.8843289125316196,0.8441911935806274,0.35885345935821533,0.8843289125316196,,,,,roc_auc,0.8505266059206337,0.8213678002357483,0.43529799580574036,0.8505266059206337,,,,,roc_auc,0.8463763017550139,0.8193877935409546,0.43129876255989075,0.8463763017550139,,,,
tolokers,TAG,4,512,3e-05,9,4,"[740, 1010, 1000, 1050]","[0.8521, 0.8487, 0.8514, 0.8447]","[0.8197, 0.8237, 0.8224, 0.8203]",roc_auc,0.8863481885023882,0.849124014377594,0.3581128716468811,0.8863481885023882,,,,,roc_auc,0.8512482535854958,0.8213678002357483,0.43695157766342163,0.8512482535854958,,,,,roc_auc,0.8444173993910458,0.819727897644043,0.43793559074401855,0.8444173993910458,,,,
tolokers,TAG,5,512,3e-05,9,4,"[800, 1090, 960, 1150]","[0.8536, 0.8508, 0.8533, 0.8518]","[0.822, 0.8234, 0.8258, 0.8241]",roc_auc,0.8949630537110111,0.8542269468307495,0.33263665437698364,0.8949630537110111,,,,,roc_auc,0.8542719776676183,0.8268117904663086,0.41982385516166687,0.8542719776676183,,,,,roc_auc,0.8486802149505598,0.8238095641136169,0.41952237486839294,0.8486802149505598,,,,
tolokers,TAG,1,512,3e-05,8,4,"[1480, 1940, 1620, 1380]","[0.838, 0.8397, 0.8383, 0.8349]","[0.8156, 0.8122, 0.8146, 0.8125]",roc_auc,0.8858002519388916,0.8462323546409607,0.33521175384521484,0.8858002519388916,,,,,roc_auc,0.8386258687945429,0.8104797005653381,0.4256393611431122,0.8386258687945429,,,,,roc_auc,0.8396770590165091,0.8068027496337891,0.41586220264434814,0.8396770590165091,,,,
tolokers,TAG,2,512,3e-05,8,4,"[1360, 1180, 1420, 1100]","[0.8373, 0.8386, 0.8383, 0.8399]","[0.8152, 0.8132, 0.8166, 0.8129]",roc_auc,0.8929202051056631,0.8511651754379272,0.3386933505535126,0.8929202051056631,,,,,roc_auc,0.839727009445913,0.8135420083999634,0.4550575017929077,0.839727009445913,,,,,roc_auc,0.8430505735720347,0.8112245202064514,0.44183650612831116,0.8430505735720347,,,,
tolokers,TAG,3,512,3e-05,8,4,"[850, 930, 800, 1250]","[0.8399, 0.8359, 0.8396, 0.8412]","[0.8122, 0.8122, 0.8132, 0.8152]",roc_auc,0.8889722127818627,0.8475931286811829,0.3593173623085022,0.8889722127818627,,,,,roc_auc,0.8405484522252955,0.8138822317123413,0.46816402673721313,0.8405484522252955,,,,,roc_auc,0.8438727703081916,0.8149660229682922,0.45642298460006714,0.8438727703081916,,,,
tolokers,TAG,4,512,3e-05,8,4,"[920, 990, 1200, 1000]","[0.8441, 0.8457, 0.841, 0.8455]","[0.8169, 0.8139, 0.8122, 0.8105]",roc_auc,0.9012286260647538,0.8496342897415161,0.3399401903152466,0.9012286260647538,,,,,roc_auc,0.8457805675151289,0.8132017254829407,0.4582587778568268,0.8457805675151289,,,,,roc_auc,0.8461685496530913,0.8173469305038452,0.4506693184375763,0.8461685496530913,,,,
tolokers,TAG,5,512,3e-05,8,4,"[950, 1000, 770, 970]","[0.8454, 0.8441, 0.8432, 0.845]","[0.8163, 0.8135, 0.8129, 0.8169]",roc_auc,0.9000067495745054,0.8506549000740051,0.3345986306667328,0.9000067495745054,,,,,roc_auc,0.846100998086921,0.814222514629364,0.4462701976299286,0.846100998086921,,,,,roc_auc,0.8471696911034653,0.8183673620223999,0.43830692768096924,0.8471696911034653,,,,
