dataset,model,num_layers,hidden_dim,lr,split,best_step,train_metric_name,train_metric,train_acc,train_loss,train_roc_auc,train_f1_macro,train_f1_weighted,train_prec_macro,train_rec_macro,val_metric_name,val_metric,val_acc,val_loss,val_roc_auc,val_f1_macro,val_f1_weighted,val_prec_macro,val_rec_macro,test_metric_name,test_metric,test_acc,test_loss,test_roc_auc,test_f1_macro,test_f1_weighted,test_prec_macro,test_rec_macro
tolokers,ResNet,1,512,3e-05,0,270,roc_auc,0.7331988166876616,0.7788739800453186,0.4551735520362854,0.7331988166876616,,,,,roc_auc,0.7321478759933688,0.7791765928268433,0.4615255296230316,0.7321478759933688,,,,,roc_auc,0.7147045107624401,0.7823129296302795,0.4694591760635376,0.7147045107624401,,,,
tolokers,ResNet,2,512,3e-05,0,180,roc_auc,0.7334613378267184,0.7632250785827637,0.4721218943595886,0.7334613378267184,,,,,roc_auc,0.7329618511111202,0.7665872573852539,0.48062944412231445,0.7329618511111202,,,,,roc_auc,0.7151498390853214,0.7520408034324646,0.48899465799331665,0.7151498390853214,,,,
tolokers,ResNet,3,512,3e-05,0,200,roc_auc,0.7324334692066774,0.749447226524353,0.4745183289051056,0.7324334692066774,,,,,roc_auc,0.7326420994176582,0.7556992173194885,0.4826536178588867,0.7326420994176582,,,,,roc_auc,0.7144083030347397,0.7367346882820129,0.49145010113716125,0.7144083030347397,,,,
tolokers,ResNet,4,512,3e-05,0,160,roc_auc,0.7337703258857374,0.7543799877166748,0.47696956992149353,0.7337703258857374,,,,,roc_auc,0.732621054189426,0.7550187110900879,0.48555588722229004,0.732621054189426,,,,,roc_auc,0.7139067155782219,0.7387754917144775,0.493686318397522,0.7139067155782219,,,,
tolokers,ResNet,5,512,3e-05,0,220,roc_auc,0.7321904506070208,0.765776515007019,0.47218650579452515,0.7321904506070208,,,,,roc_auc,0.7316964219038736,0.7652262449264526,0.48035359382629395,0.7316964219038736,,,,,roc_auc,0.7144645621683761,0.7659863829612732,0.4883774220943451,0.7144645621683761,,,,
tolokers,ResNet,1,512,3e-05,2,1000,roc_auc,0.7251217128045873,0.7815955281257629,0.45568081736564636,0.7251217128045873,,,,,roc_auc,0.7257979875330783,0.7812180519104004,0.4611392319202423,0.7257979875330783,,,,,roc_auc,0.7392477272665654,0.7823129296302795,0.4463089108467102,0.7392477272665654,,,,
tolokers,ResNet,2,512,3e-05,2,440,roc_auc,0.723979372757632,0.7819356918334961,0.4611174464225769,0.723979372757632,,,,,roc_auc,0.724106222734549,0.7815583348274231,0.46682536602020264,0.724106222734549,,,,,roc_auc,0.7367811370580948,0.7829931974411011,0.45114684104919434,0.7367811370580948,,,,
tolokers,ResNet,3,512,3e-05,2,360,roc_auc,0.7235028324470701,0.7819356918334961,0.4667806923389435,0.7235028324470701,,,,,roc_auc,0.7241557808526441,0.7832595705986023,0.47236499190330505,0.7241557808526441,,,,,roc_auc,0.7361649978716424,0.7819728255271912,0.4571063816547394,0.7361649978716424,,,,
tolokers,ResNet,4,512,3e-05,2,290,roc_auc,0.7242578351028072,0.7817656397819519,0.4671153128147125,0.7242578351028072,,,,,roc_auc,0.7247172132316102,0.781898558139801,0.4731563925743103,0.7247172132316102,,,,,roc_auc,0.737215620246781,0.781632661819458,0.4569152593612671,0.737215620246781,,,,
tolokers,ResNet,5,512,3e-05,2,2510,roc_auc,0.7609889178091763,0.7853376865386963,0.4378785789012909,0.7609889178091763,,,,,roc_auc,0.7381399955737132,0.7791765928268433,0.4641807973384857,0.7381399955737132,,,,,roc_auc,0.7497275160033512,0.7819728255271912,0.44453099370002747,0.7497275160033512,,,,
dataset,model,num_layers,hidden_dim,lr,split,best_step,train_metric_name,train_metric,train_acc,train_loss,train_roc_auc,train_f1_macro,train_f1_weighted,train_prec_macro,train_rec_macro,val_metric_name,val_metric,val_acc,val_loss,val_roc_auc,val_f1_macro,val_f1_weighted,val_prec_macro,val_rec_macro,test_metric_name,test_metric,test_acc,test_loss,test_roc_auc,test_f1_macro,test_f1_weighted,test_prec_macro,test_rec_macro
tolokers,ResNet,1,512,3e-05,1,8220,roc_auc,0.7563588453682657,0.7844871878623962,0.4389157295227051,0.7563588453682657,,,,,roc_auc,0.7640174797592426,0.783599853515625,0.4407064914703369,0.7640174797592426,,,,,roc_auc,0.740753845277893,0.7809523940086365,0.44983160495758057,0.740753845277893,,,,
tolokers,ResNet,2,512,3e-05,1,900,roc_auc,0.7246041323676354,0.7821058034896851,0.4583284258842468,0.7246041323676354,,,,,roc_auc,0.7386539064695747,0.7815583348274231,0.4543100893497467,0.7386539064695747,,,,,roc_auc,0.721191256652812,0.7809523940086365,0.4597865641117096,0.721191256652812,,,,
tolokers,ResNet,3,512,3e-05,1,690,roc_auc,0.7245203562418641,0.7817656397819519,0.4614395499229431,0.7245203562418641,,,,,roc_auc,0.7401420077690837,0.7822388410568237,0.45766445994377136,0.7401420077690837,,,,,roc_auc,0.7199440662203893,0.7819728255271912,0.463588684797287,0.7199440662203893,,,,
tolokers,ResNet,4,512,3e-05,1,2330,roc_auc,0.7322674432408268,0.7826160788536072,0.4501599371433258,0.7322674432408268,,,,,roc_auc,0.7455526680597249,0.7832595705986023,0.4492216408252716,0.7455526680597249,,,,,roc_auc,0.7285496802041056,0.781632661819458,0.4550168514251709,0.7285496802041056,,,,
tolokers,ResNet,5,512,3e-05,1,5820,roc_auc,0.7666748407744849,0.7848273515701294,0.4335394501686096,0.7666748407744849,,,,,roc_auc,0.7654838569521892,0.7863218784332275,0.45136159658432007,0.7654838569521892,,,,,roc_auc,0.7365805020754876,0.7843537330627441,0.4644091725349426,0.7365805020754876,,,,
tolokers,ResNet,1,512,3e-05,3,11570,roc_auc,0.7671474805771666,0.7836366891860962,0.43407922983169556,0.7671474805771666,,,,,roc_auc,0.7500838414737634,0.7815583348274231,0.4548892080783844,0.7500838414737634,,,,,roc_auc,0.745861225662841,0.7829931974411011,0.4586779475212097,0.745861225662841,,,,
tolokers,ResNet,2,512,3e-05,3,710,roc_auc,0.7303083707612503,0.7815955281257629,0.46089696884155273,0.7303083707612503,,,,,roc_auc,0.7219602883332044,0.781898558139801,0.4668019413948059,0.7219602883332044,,,,,roc_auc,0.726440979424069,0.7809523940086365,0.4674530625343323,0.726440979424069,,,,
tolokers,ResNet,3,512,3e-05,3,6050,roc_auc,0.7754786262343413,0.7866984605789185,0.4251621663570404,0.7754786262343413,,,,,roc_auc,0.7454508363102148,0.7757740616798401,0.47039225697517395,0.7454508363102148,,,,,roc_auc,0.7443225722489284,0.7765306234359741,0.47421401739120483,0.7443225722489284,,,,
tolokers,ResNet,4,512,3e-05,3,340,roc_auc,0.7277681226075471,0.7744514346122742,0.4747828543186188,0.7277681226075471,,,,,roc_auc,0.7206208613879804,0.7805375456809998,0.4797751009464264,0.7206208613879804,,,,,roc_auc,0.7229285115866703,0.7778911590576172,0.4792824387550354,0.7229285115866703,,,,
tolokers,ResNet,5,512,3e-05,3,530,roc_auc,0.7293284953468636,0.782275915145874,0.4650142192840576,0.7293284953468636,,,,,roc_auc,0.7219901589797273,0.7825790643692017,0.47052454948425293,0.7219901589797273,,,,,roc_auc,0.7278067885117492,0.7799319624900818,0.47118470072746277,0.7278067885117492,,,,
tolokers,ResNet,1,512,3e-05,4,9410,roc_auc,0.7762115825411909,0.7878891229629517,0.427128404378891,0.7762115825411909,,,,,roc_auc,0.754066141757942,0.7825790643692017,0.4490599036216736,0.754066141757942,,,,,roc_auc,0.7406660674730025,0.7857142686843872,0.4663773477077484,0.7406660674730025,,,,
tolokers,ResNet,2,512,3e-05,4,260,roc_auc,0.7284978567557135,0.7746215462684631,0.46886134147644043,0.7284978567557135,,,,,roc_auc,0.7284242283529461,0.7710105180740356,0.4722360670566559,0.7284242283529461,,,,,roc_auc,0.7210980562808239,0.7806122303009033,0.4790019094944,0.7210980562808239,,,,
tolokers,ResNet,3,512,3e-05,4,210,roc_auc,0.7281110281263927,0.756761372089386,0.4800420105457306,0.7281110281263927,,,,,roc_auc,0.7284554567561293,0.7526369094848633,0.48337990045547485,0.7284554567561293,,,,,roc_auc,0.7202365459332103,0.7653061151504517,0.48946917057037354,0.7202365459332103,,,,
tolokers,ResNet,4,512,3e-05,4,240,roc_auc,0.7277074103544579,0.7582922577857971,0.47906503081321716,0.7277074103544579,,,,,roc_auc,0.7272979692033634,0.7543382048606873,0.48246365785598755,0.7272979692033634,,,,,roc_auc,0.7205612221381725,0.7670068144798279,0.48838040232658386,0.7205612221381725,,,,
tolokers,ResNet,5,512,3e-05,4,240,roc_auc,0.7272595302974494,0.7599931955337524,0.47890505194664,0.7272595302974494,,,,,roc_auc,0.7284894006726327,0.7560394406318665,0.48172706365585327,0.7284894006726327,,,,,roc_auc,0.7198725561167912,0.7693877816200256,0.48794466257095337,0.7198725561167912,,,,
tolokers,ResNet,1,512,3e-05,6,6740,roc_auc,0.7616216480222389,0.7861881256103516,0.4378838837146759,0.7616216480222389,,,,,roc_auc,0.7482257514843675,0.7815583348274231,0.44433510303497314,0.7482257514843675,,,,,roc_auc,0.7472575366904446,0.781632661819458,0.4468441903591156,0.7472575366904446,,,,
tolokers,ResNet,2,512,3e-05,6,5420,roc_auc,0.7726568631640784,0.7887396216392517,0.4304015636444092,0.7726568631640784,,,,,roc_auc,0.750539368833239,0.7825790643692017,0.4466150999069214,0.750539368833239,,,,,roc_auc,0.7462028473899829,0.7795918583869934,0.4541936218738556,0.7462028473899829,,,,
tolokers,ResNet,3,512,3e-05,6,5100,roc_auc,0.7773017744936632,0.789590060710907,0.4259611964225769,0.7773017744936632,,,,,roc_auc,0.7498666004081417,0.7798570990562439,0.46362510323524475,0.7498666004081417,,,,,roc_auc,0.7443361286666721,0.7768707871437073,0.46724438667297363,0.7443361286666721,,,,
tolokers,ResNet,4,512,3e-05,6,4010,roc_auc,0.7711902722011821,0.7872087359428406,0.4309922158718109,0.7711902722011821,,,,,roc_auc,0.7493173878391167,0.7774752974510193,0.45229098200798035,0.7493173878391167,,,,,roc_auc,0.7429235499377761,0.7744898200035095,0.45848774909973145,0.7429235499377761,,,,
tolokers,ResNet,5,512,3e-05,6,3970,roc_auc,0.7673648914946543,0.7838068008422852,0.43472588062286377,0.7673648914946543,,,,,roc_auc,0.7501476560367898,0.7795168161392212,0.45008423924446106,0.7501476560367898,,,,,roc_auc,0.7472975281227886,0.7748299241065979,0.4554077982902527,0.7472975281227886,,,,
tolokers,ResNet,1,512,3e-05,5,10520,roc_auc,0.7704609620212636,0.7883993983268738,0.43282806873321533,0.7704609620212636,,,,,roc_auc,0.7587812911994286,0.7798570990562439,0.4449305236339569,0.7587812911994286,,,,,roc_auc,0.7371895241426243,0.7812924981117249,0.45769309997558594,0.7371895241426243,,,,
tolokers,ResNet,2,512,3e-05,5,650,roc_auc,0.7351362667865988,0.781255304813385,0.4576863944530487,0.7351362667865988,,,,,roc_auc,0.7196487076193231,0.7737325429916382,0.46016326546669006,0.7196487076193231,,,,,roc_auc,0.7091467183979567,0.7792516946792603,0.4652350842952728,0.7091467183979567,,,,
tolokers,ResNet,3,512,3e-05,5,5870,roc_auc,0.777337387826481,0.7929919958114624,0.42431408166885376,0.777337387826481,,,,,roc_auc,0.752158833089616,0.7808778285980225,0.46240299940109253,0.752158833089616,,,,,roc_auc,0.7320706208025941,0.7782313227653503,0.473388671875,0.7320706208025941,,,,
tolokers,ResNet,4,512,3e-05,5,5580,roc_auc,0.7769446236416906,0.7923116087913513,0.42477482557296753,0.7769446236416906,,,,,roc_auc,0.7538784318996781,0.7801973223686218,0.4540787935256958,0.7538784318996781,,,,,roc_auc,0.7328185961516042,0.7799319624900818,0.46550115942955017,0.7328185961516042,,,,
tolokers,ResNet,5,512,3e-05,5,4410,roc_auc,0.7743289091398735,0.7926518321037292,0.4269197881221771,0.7743289091398735,,,,,roc_auc,0.7514222501014923,0.7825790643692017,0.457185298204422,0.7514222501014923,,,,,roc_auc,0.7294183076710345,0.7802721261978149,0.47067323327064514,0.7294183076710345,,,,
tolokers,ResNet,1,512,3e-05,7,4380,roc_auc,0.7583347917841059,0.7838068008422852,0.43934300541877747,0.7583347917841059,,,,,roc_auc,0.7629064953720864,0.7839400768280029,0.44244590401649475,0.7629064953720864,,,,,roc_auc,0.7250195890236397,0.7795918583869934,0.4609844386577606,0.7250195890236397,,,,
tolokers,ResNet,2,512,3e-05,7,1420,roc_auc,0.7378957913180799,0.7831264138221741,0.44821494817733765,0.7378957913180799,,,,,roc_auc,0.7487539188251604,0.7842803597450256,0.44846072793006897,0.7487539188251604,,,,,roc_auc,0.7058962283334554,0.7785714268684387,0.4688125252723694,0.7058962283334554,,,,
tolokers,ResNet,3,512,3e-05,7,410,roc_auc,0.732295170764235,0.7831264138221741,0.4542444348335266,0.732295170764235,,,,,roc_auc,0.7464260450313575,0.7856413722038269,0.4529467225074768,0.7464260450313575,,,,,roc_auc,0.703670942360823,0.7789115905761719,0.47310537099838257,0.703670942360823,,,,
tolokers,ResNet,4,512,3e-05,7,360,roc_auc,0.7316982234712892,0.7829563021659851,0.4576702117919922,0.7316982234712892,,,,,roc_auc,0.7460886425013136,0.7856413722038269,0.4563468396663666,0.7460886425013136,,,,,roc_auc,0.7035224995865292,0.7778911590576172,0.4770640730857849,0.7035224995865292,,,,
tolokers,ResNet,5,512,3e-05,7,390,roc_auc,0.7321043850527111,0.7827861905097961,0.4566628336906433,0.7321043850527111,,,,,roc_auc,0.7457804317394627,0.7859815955162048,0.4560515880584717,0.7457804317394627,,,,,roc_auc,0.7030060000704934,0.7792516946792603,0.4760516285896301,0.7030060000704934,,,,
tolokers,ResNet,1,512,3e-05,8,9530,roc_auc,0.7764114411732186,0.7865283489227295,0.43057096004486084,0.7764114411732186,,,,,roc_auc,0.7541818905132185,0.7842803597450256,0.44850313663482666,0.7541818905132185,,,,,roc_auc,0.7352418058232948,0.7799319624900818,0.4591773748397827,0.7352418058232948,,,,
tolokers,ResNet,2,512,3e-05,8,2100,roc_auc,0.7449378191209002,0.7831264138221741,0.4470106065273285,0.7449378191209002,,,,,roc_auc,0.7357014646121093,0.7866621017456055,0.44905585050582886,0.7357014646121093,,,,,roc_auc,0.7165874971870433,0.7826530933380127,0.459381103515625,0.7165874971870433,,,,
tolokers,ResNet,3,512,3e-05,8,5980,roc_auc,0.7793783709715385,0.789590060710907,0.42521169781684875,0.7793783709715385,,,,,roc_auc,0.7519775725754879,0.783599853515625,0.4550228714942932,0.7519775725754879,,,,,roc_auc,0.726785990255647,0.7741496562957764,0.4719694256782532,0.726785990255647,,,,
tolokers,ResNet,4,512,3e-05,8,4470,roc_auc,0.7785913163162654,0.7894200086593628,0.42679843306541443,0.7785913163162654,,,,,roc_auc,0.7529266444809228,0.7832595705986023,0.45323827862739563,0.7529266444809228,,,,,roc_auc,0.7285856047111264,0.7731292843818665,0.46944671869277954,0.7285856047111264,,,,
tolokers,ResNet,5,512,3e-05,8,4280,roc_auc,0.7744762805028195,0.7883993983268738,0.42957109212875366,0.7744762805028195,,,,,roc_auc,0.7501914436890791,0.7839400768280029,0.4520323872566223,0.7501914436890791,,,,,roc_auc,0.7290160209744896,0.773809552192688,0.46548548340797424,0.7290160209744896,,,,
tolokers,ResNet,1,512,3e-05,9,11330,roc_auc,0.777730236804921,0.7924817204475403,0.428102970123291,0.777730236804921,,,,,roc_auc,0.7470757315932324,0.7859815955162048,0.45616886019706726,0.7470757315932324,,,,,roc_auc,0.748267489812352,0.7809523940086365,0.4513876140117645,0.748267489812352,,,,
tolokers,ResNet,2,512,3e-05,9,5790,roc_auc,0.7716666429244449,0.7916312217712402,0.4307524561882019,0.7716666429244449,,,,,roc_auc,0.7433486895611594,0.7853010892868042,0.4540277421474457,0.7433486895611594,,,,,roc_auc,0.7451867938800908,0.7819728255271912,0.4516897201538086,0.7451867938800908,,,,
tolokers,ResNet,3,512,3e-05,9,5700,roc_auc,0.7726337992913964,0.7916312217712402,0.42906659841537476,0.7726337992913964,,,,,roc_auc,0.7431375584005083,0.7832595705986023,0.45582854747772217,0.7431375584005083,,,,,roc_auc,0.7460740614214176,0.7802721261978149,0.4562682807445526,0.7460740614214176,,,,
tolokers,ResNet,4,512,3e-05,9,4880,roc_auc,0.7748355511960314,0.7902704477310181,0.4274595081806183,0.7748355511960314,,,,,roc_auc,0.7438680314836614,0.7808778285980225,0.4606902003288269,0.7438680314836614,,,,,roc_auc,0.7448207706010103,0.7812924981117249,0.4567250907421112,0.7448207706010103,,,,
tolokers,ResNet,5,512,3e-05,9,6300,roc_auc,0.7807280314916831,0.7912910580635071,0.4218059778213501,0.7807280314916831,,,,,roc_auc,0.7442624597934309,0.781898558139801,0.4645426571369171,0.7442624597934309,,,,,roc_auc,0.7430523359063413,0.7795918583869934,0.46811726689338684,0.7430523359063413,,,,
tolokers,GCN,1,512,3e-05,0,6940,roc_auc,0.8540055163356663,0.8188467621803284,0.36843857169151306,0.8540055163356663,,,,,roc_auc,0.8165460299874138,0.7992514371871948,0.40659934282302856,0.8165460299874138,,,,,roc_auc,0.8062838740988372,0.7996598482131958,0.4154512882232666,0.8062838740988372,,,,
tolokers,GCN,2,512,3e-05,0,2900,roc_auc,0.8633818285173931,0.8304133415222168,0.36090803146362305,0.8633818285173931,,,,,roc_auc,0.8348031049179303,0.8155835270881653,0.3951147198677063,0.8348031049179303,,,,,roc_auc,0.8323494763155825,0.8115646243095398,0.39693206548690796,0.8323494763155825,,,,
tolokers,GCN,3,512,3e-05,0,2060,roc_auc,0.8458461626125127,0.8193570375442505,0.3746815621852875,0.8458461626125127,,,,,roc_auc,0.8308493175236147,0.814222514629364,0.39218011498451233,0.8308493175236147,,,,,roc_auc,0.8244108380848577,0.8142857551574707,0.3987547755241394,0.8244108380848577,,,,
tolokers,GCN,4,512,3e-05,0,1400,roc_auc,0.8412344055999084,0.8212281465530396,0.3825284242630005,0.8412344055999084,,,,,roc_auc,0.8287617666586559,0.8149030208587646,0.3942297101020813,0.8287617666586559,,,,,roc_auc,0.8209851313210188,0.8139455914497375,0.40060579776763916,0.8209851313210188,,,,
tolokers,GCN,5,512,3e-05,0,1190,roc_auc,0.839202580169004,0.8183364868164062,0.382740318775177,0.839202580169004,,,,,roc_auc,0.8273850014052782,0.8149030208587646,0.39380940794944763,0.8273850014052782,,,,,roc_auc,0.8189808149576091,0.8166666626930237,0.4009150266647339,0.8189808149576091,,,,
tolokers,GCN,1,512,3e-05,1,8650,roc_auc,0.8440727882254858,0.815274715423584,0.377119243144989,0.8440727882254858,,,,,roc_auc,0.8182927839306784,0.8019734621047974,0.4064163267612457,0.8182927839306784,,,,,roc_auc,0.8156476307448709,0.8074830174446106,0.4096488654613495,0.8156476307448709,,,,
tolokers,GCN,2,512,3e-05,1,3180,roc_auc,0.8500002882984086,0.8259908556938171,0.37371593713760376,0.8500002882984086,,,,,roc_auc,0.8358492564245651,0.8132017254829407,0.39697057008743286,0.8358492564245651,,,,,roc_auc,0.8348997774036205,0.8180271983146667,0.3893553912639618,0.8348997774036205,,,,
tolokers,GCN,3,512,3e-05,1,3270,roc_auc,0.846923041962003,0.823439359664917,0.37647539377212524,0.846923041962003,,,,,roc_auc,0.829681646795898,0.8115004897117615,0.4013533890247345,0.829681646795898,,,,,roc_auc,0.8335881939869153,0.8183673620223999,0.3911173641681671,0.8335881939869153,,,,
tolokers,GCN,4,512,3e-05,1,2220,roc_auc,0.8483626685443373,0.8237795829772949,0.374859482049942,0.8483626685443373,,,,,roc_auc,0.8313034871264304,0.8149030208587646,0.3961620628833771,0.8313034871264304,,,,,roc_auc,0.8331035520525772,0.8122448921203613,0.38947734236717224,0.8331035520525772,,,,
tolokers,GCN,5,512,3e-05,1,1900,roc_auc,0.8440941562251767,0.8200374245643616,0.38010647892951965,0.8440941562251767,,,,,roc_auc,0.827363956177046,0.8186457753181458,0.399392694234848,0.827363956177046,,,,,roc_auc,0.8298445892269859,0.8183673620223999,0.3928277790546417,0.8298445892269859,,,,
tolokers,GCN,1,512,3e-05,2,5490,roc_auc,0.8356876290135378,0.8089811205863953,0.38350236415863037,0.8356876290135378,,,,,roc_auc,0.8043472652744231,0.7999319434165955,0.4096177816390991,0.8043472652744231,,,,,roc_auc,0.8214118195695026,0.8125850558280945,0.39476293325424194,0.8214118195695026,,,,
tolokers,GCN,2,512,3e-05,2,2310,roc_auc,0.8457906227720469,0.823439359664917,0.37894678115844727,0.8457906227720469,,,,,roc_auc,0.823736030381163,0.8145627379417419,0.40249142050743103,0.823736030381163,,,,,roc_auc,0.8353071477568197,0.8214285969734192,0.3894970715045929,0.8353071477568197,,,,
tolokers,GCN,3,512,3e-05,2,1650,roc_auc,0.8492047542781789,0.8178261518478394,0.3784256875514984,0.8492047542781789,,,,,roc_auc,0.8288473053282446,0.8118407130241394,0.4030512273311615,0.8288473053282446,,,,,roc_auc,0.8380455441410519,0.8248299360275269,0.39107558131217957,0.8380455441410519,,,,
tolokers,GCN,4,512,3e-05,2,1090,roc_auc,0.8417931109568998,0.8166354894638062,0.38355278968811035,0.8417931109568998,,,,,roc_auc,0.8205921448346184,0.8077577352523804,0.40449434518814087,0.8205921448346184,,,,,roc_auc,0.8321945942428605,0.8221088647842407,0.39153438806533813,0.8321945942428605,,,,
tolokers,GCN,5,512,3e-05,2,1330,roc_auc,0.8425911039929669,0.8174859881401062,0.38701701164245605,0.8425911039929669,,,,,roc_auc,0.8191712524897864,0.8091187477111816,0.40950310230255127,0.8191712524897864,,,,,roc_auc,0.8347181214058548,0.8234694004058838,0.3936670422554016,0.8347181214058548,,,,
tolokers,GCN,1,512,3e-05,3,10160,roc_auc,0.8589254134707939,0.8237795829772949,0.36253732442855835,0.8589254134707939,,,,,roc_auc,0.8201454428934337,0.8023136854171753,0.4045991599559784,0.8201454428934337,,,,,roc_auc,0.8218659595639172,0.8102040886878967,0.4111238420009613,0.8218659595639172,,,,
tolokers,GCN,2,512,3e-05,3,4540,roc_auc,0.8605176686223474,0.8304133415222168,0.3626728653907776,0.8605176686223474,,,,,roc_auc,0.8204875975717879,0.8080979585647583,0.4061737358570099,0.8204875975717879,,,,,roc_auc,0.8313595189098472,0.8183673620223999,0.39864984154701233,0.8313595189098472,,,,
tolokers,GCN,3,512,3e-05,3,1390,roc_auc,0.8368424337269793,0.8176560997962952,0.38806167244911194,0.8368424337269793,,,,,roc_auc,0.8130165415493904,0.8091187477111816,0.4077395796775818,0.8130165415493904,,,,,roc_auc,0.8231707647717507,0.8122448921203613,0.40239548683166504,0.8231707647717507,,,,
tolokers,GCN,4,512,3e-05,3,1240,roc_auc,0.8352633215911087,0.8176560997962952,0.3900166153907776,0.8352633215911087,,,,,roc_auc,0.8108067925850194,0.8091187477111816,0.41000592708587646,0.8108067925850194,,,,,roc_auc,0.8219100179215844,0.8146258592605591,0.40357038378715515,0.8219100179215844,,,,
tolokers,GCN,5,512,3e-05,3,730,roc_auc,0.8279658953157953,0.8147644400596619,0.40312889218330383,0.8279658953157953,,,,,roc_auc,0.8088366876711621,0.8118407130241394,0.41814887523651123,0.8088366876711621,,,,,roc_auc,0.8196305062779771,0.811904788017273,0.4119797945022583,0.8196305062779771,,,,
tolokers,GCN,1,512,3e-05,4,12580,roc_auc,0.872443895433828,0.8297329545021057,0.3433327078819275,0.872443895433828,,,,,roc_auc,0.8097165139869302,0.8036746978759766,0.43162399530410767,0.8097165139869302,,,,,roc_auc,0.8317960355611949,0.809183657169342,0.4065884053707123,0.8317960355611949,,,,
tolokers,GCN,2,512,3e-05,4,3000,roc_auc,0.8621604607890422,0.8300731778144836,0.35802125930786133,0.8621604607890422,,,,,roc_auc,0.8208528341133644,0.8128615021705627,0.41279295086860657,0.8208528341133644,,,,,roc_auc,0.8490194643045965,0.8200680613517761,0.3835759460926056,0.8490194643045965,,,,
tolokers,GCN,3,512,3e-05,4,1520,roc_auc,0.8441962477792543,0.8227589726448059,0.378640741109848,0.8441962477792543,,,,,roc_auc,0.8121659070018155,0.8087784647941589,0.4209250807762146,0.8121659070018155,,,,,roc_auc,0.8370430470489034,0.8146258592605591,0.3929775059223175,0.8370430470489034,,,,
tolokers,GCN,4,512,3e-05,4,1350,roc_auc,0.8468943817084497,0.8237795829772949,0.37338441610336304,0.8468943817084497,,,,,roc_auc,0.8133077803529896,0.8094589710235596,0.4166701138019562,0.8133077803529896,,,,,roc_auc,0.839279855976618,0.8163265585899353,0.38711079955101013,0.839279855976618,,,,
tolokers,GCN,5,512,3e-05,4,1380,roc_auc,0.8402296008525493,0.8207178115844727,0.3828701376914978,0.8402296008525493,,,,,roc_auc,0.8095691973893056,0.808438241481781,0.4206094741821289,0.8095691973893056,,,,,roc_auc,0.8365238362493187,0.8170068264007568,0.3925239145755768,0.8365238362493187,,,,
tolokers,GCN,1,512,3e-05,5,9820,roc_auc,0.8626223317982291,0.8271815180778503,0.3570403754711151,0.8626223317982291,,,,,roc_auc,0.8347501524081851,0.8118407130241394,0.3956795334815979,0.8347501524081851,,,,,roc_auc,0.808028923972898,0.8051020503044128,0.41590335965156555,0.808028923972898,,,,
tolokers,GCN,2,512,3e-05,5,2350,roc_auc,0.8556789190098544,0.8321143388748169,0.3687891364097595,0.8556789190098544,,,,,roc_auc,0.8348336544427835,0.8159237504005432,0.3911500573158264,0.8348336544427835,,,,,roc_auc,0.8256210872789288,0.8102040886878967,0.40579044818878174,0.8256210872789288,,,,
tolokers,GCN,3,512,3e-05,5,1470,roc_auc,0.8497871170633993,0.8258207440376282,0.37416180968284607,0.8497871170633993,,,,,roc_auc,0.8335234192657524,0.8115004897117615,0.3936367332935333,0.8335234192657524,,,,,roc_auc,0.8248354928706799,0.8074830174446106,0.4033418297767639,0.8248354928706799,,,,
tolokers,GCN,4,512,3e-05,5,930,roc_auc,0.8414057735656815,0.8225889205932617,0.38305628299713135,0.8414057735656815,,,,,roc_auc,0.83399931297513,0.8159237504005432,0.39150524139404297,0.83399931297513,,,,,roc_auc,0.8188869367647338,0.8102040886878967,0.40614596009254456,0.8188869367647338,,,,
tolokers,GCN,5,512,3e-05,5,870,roc_auc,0.8345356224905319,0.8196972608566284,0.39022743701934814,0.8345356224905319,,,,,roc_auc,0.8324446815992744,0.8145627379417419,0.39368557929992676,0.8324446815992744,,,,,roc_auc,0.8155154556718694,0.8095238208770752,0.41027119755744934,0.8155154556718694,,,,
tolokers,GCN,1,512,3e-05,6,9170,roc_auc,0.8623371707547379,0.8219085335731506,0.35998696088790894,0.8623371707547379,,,,,roc_auc,0.8222594700132654,0.8057162165641785,0.4075552821159363,0.8222594700132654,,,,,roc_auc,0.8206228360568177,0.8044217824935913,0.40244218707084656,0.8206228360568177,,,,
tolokers,GCN,2,512,3e-05,6,3910,roc_auc,0.866165264858052,0.8310937285423279,0.3601686954498291,0.866165264858052,,,,,roc_auc,0.8425871238504894,0.820006787776947,0.39151474833488464,0.8425871238504894,,,,,roc_auc,0.8356894387371926,0.8136054277420044,0.39889416098594666,0.8356894387371926,,,,
tolokers,GCN,3,512,3e-05,6,1780,roc_auc,0.8467598989802376,0.8171457648277283,0.41162896156311035,0.8467598989802376,,,,,roc_auc,0.8354975974495897,0.8152432441711426,0.43070748448371887,0.8354975974495897,,,,,roc_auc,0.822957251192287,0.8081632852554321,0.4427083432674408,0.822957251192287,,,,
tolokers,GCN,4,512,3e-05,6,1630,roc_auc,0.8479225895030887,0.8164653778076172,0.41255563497543335,0.8479225895030887,,,,,roc_auc,0.835868943896137,0.8169445395469666,0.43184173107147217,0.835868943896137,,,,,roc_auc,0.820500150476237,0.8085033893585205,0.4428776502609253,0.820500150476237,,,,
tolokers,GCN,5,512,3e-05,6,1390,roc_auc,0.8395614268939678,0.8144242167472839,0.4149484634399414,0.8395614268939678,,,,,roc_auc,0.8315818272417581,0.8108199834823608,0.4288008511066437,0.8315818272417581,,,,,roc_auc,0.8157045676993947,0.8071428537368774,0.44109177589416504,0.8157045676993947,,,,
tolokers,GCN,1,512,3e-05,7,10140,roc_auc,0.8621809808522372,0.8256506323814392,0.35910362005233765,0.8621809808522372,,,,,roc_auc,0.8347168873700117,0.8063967227935791,0.3935328423976898,0.8347168873700117,,,,,roc_auc,0.8140852535999068,0.7962585091590881,0.41589266061782837,0.8140852535999068,,,,
tolokers,GCN,2,512,3e-05,7,3360,roc_auc,0.8633173853437229,0.8334751129150391,0.3592633903026581,0.8633173853437229,,,,,roc_auc,0.8459896620407897,0.8189859986305237,0.38470983505249023,0.8459896620407897,,,,,roc_auc,0.8282666222016164,0.8034013509750366,0.4090014100074768,0.8282666222016164,,,,
tolokers,GCN,3,512,3e-05,7,1950,roc_auc,0.8525053470875417,0.8285422921180725,0.3726201057434082,0.8525053470875417,,,,,roc_auc,0.8423861758647891,0.8091187477111816,0.3889473080635071,0.8423861758647891,,,,,roc_auc,0.8257498732474942,0.8074830174446106,0.4074016213417053,0.8257498732474942,,,,
tolokers,GCN,4,512,3e-05,7,1320,roc_auc,0.8450075534183032,0.8248001337051392,0.37872540950775146,0.8450075534183032,,,,,roc_auc,0.8386469140227749,0.8162640333175659,0.3908827602863312,0.8386469140227749,,,,,roc_auc,0.8200609225413401,0.807823121547699,0.4075632691383362,0.8200609225413401,,,,
tolokers,GCN,5,512,3e-05,7,1260,roc_auc,0.8393708107697432,0.8227589726448059,0.3844403028488159,0.8393708107697432,,,,,roc_auc,0.8318187557789518,0.8080979585647583,0.39558252692222595,0.8318187557789518,,,,,roc_auc,0.8136812723511437,0.7996598482131958,0.4143489897251129,0.8136812723511437,,,,
tolokers,GCN,1,512,3e-05,8,6970,roc_auc,0.8489051783142615,0.8213981986045837,0.3727424144744873,0.8489051783142615,,,,,roc_auc,0.8226281009464921,0.8057162165641785,0.402700811624527,0.8226281009464921,,,,,roc_auc,0.8258135884108896,0.8023809790611267,0.39851096272468567,0.8258135884108896,,,,
tolokers,GCN,2,512,3e-05,8,2740,roc_auc,0.8569836388957289,0.8310937285423279,0.3667091131210327,0.8569836388957289,,,,,roc_auc,0.8271378896931334,0.8149030208587646,0.4021659195423126,0.8271378896931334,,,,,roc_auc,0.83350278855513,0.8149660229682922,0.3952769935131073,0.83350278855513,,,,
tolokers,GCN,3,512,3e-05,8,1680,roc_auc,0.8461300517512601,0.8210580348968506,0.3830098509788513,0.8461300517512601,,,,,roc_auc,0.8271779435146074,0.8101394772529602,0.4044502079486847,0.8271779435146074,,,,,roc_auc,0.8290027356851005,0.8102040886878967,0.40416261553764343,0.8290027356851005,,,,
tolokers,GCN,4,512,3e-05,8,1510,roc_auc,0.8466511935214939,0.8179962635040283,0.3954381048679352,0.8466511935214939,,,,,roc_auc,0.8319572469582857,0.8104797005653381,0.4126571714878082,0.8319572469582857,,,,,roc_auc,0.8284753910348699,0.8047618865966797,0.41673535108566284,0.8284753910348699,,,,
tolokers,GCN,5,512,3e-05,8,1280,roc_auc,0.8489810686306233,0.8190168738365173,0.38334664702415466,0.8489810686306233,,,,,roc_auc,0.8316592193713859,0.8135420083999634,0.4024251401424408,0.8316592193713859,,,,,roc_auc,0.8299184717036894,0.8122448921203613,0.40284109115600586,0.8299184717036894,,,,
tolokers,GCN,1,512,3e-05,9,7230,roc_auc,0.8521743126796354,0.8198673129081726,0.3677719533443451,0.8521743126796354,,,,,roc_auc,0.8096289386823515,0.8036746978759766,0.4103768765926361,0.8096289386823515,,,,,roc_auc,0.8250134208535662,0.7962585091590881,0.4002351760864258,0.8250134208535662,,,,
tolokers,GCN,2,512,3e-05,9,4230,roc_auc,0.8601586523100843,0.8350059986114502,0.35858115553855896,0.8601586523100843,,,,,roc_auc,0.8159058477221595,0.8104797005653381,0.41754135489463806,0.8159058477221595,,,,,roc_auc,0.8273356352130662,0.8081632852554321,0.40241163969039917,0.8273356352130662,,,,
tolokers,GCN,3,512,3e-05,9,2210,roc_auc,0.8479736352801277,0.8248001337051392,0.3728692829608917,0.8479736352801277,,,,,roc_auc,0.8149744266533062,0.8080979585647583,0.41009771823883057,0.8149744266533062,,,,,roc_auc,0.8181240493562058,0.8088435530662537,0.4039725661277771,0.8181240493562058,,,,
tolokers,GCN,4,512,3e-05,9,2050,roc_auc,0.8500839796305303,0.8265011310577393,0.3696453273296356,0.8500839796305303,,,,,roc_auc,0.8145385867654026,0.8108199834823608,0.4099918305873871,0.8145385867654026,,,,,roc_auc,0.8166965585677914,0.8108843564987183,0.404771625995636,0.8166965585677914,,,,
tolokers,GCN,5,512,3e-05,9,1070,roc_auc,0.8357214616797147,0.8207178115844727,0.38602977991104126,0.8357214616797147,,,,,roc_auc,0.8067552467111739,0.806736946105957,0.41725417971611023,0.8067552467111739,,,,,roc_auc,0.8070321883582907,0.8034013509750366,0.4159245491027832,0.8070321883582907,,,,
tolokers,SAGE,1,512,3e-05,0,4090,roc_auc,0.866598221232737,0.8290525674819946,0.35328996181488037,0.866598221232737,,,,,roc_auc,0.8158664727790157,0.8040149211883545,0.41687873005867004,0.8158664727790157,,,,,roc_auc,0.8117467715391143,0.7996598482131958,0.41892480850219727,0.8117467715391143,,,,
tolokers,SAGE,2,512,3e-05,0,2290,roc_auc,0.875387761359466,0.8285422921180725,0.3622285723686218,0.875387761359466,,,,,roc_auc,0.8343170280336017,0.8063967227935791,0.431147962808609,0.8343170280336017,,,,,roc_auc,0.8357636601243394,0.8098639845848083,0.4215248227119446,0.8357636601243394,,,,
tolokers,SAGE,3,512,3e-05,0,1910,roc_auc,0.8719587061710105,0.8312638401985168,0.3697212338447571,0.8719587061710105,,,,,roc_auc,0.8378342966616836,0.81252121925354,0.42612969875335693,0.8378342966616836,,,,,roc_auc,0.8365167191300034,0.8074830174446106,0.42335331439971924,0.8365167191300034,,,,
tolokers,SAGE,4,512,3e-05,0,1000,roc_auc,0.8549842046389587,0.8142541646957397,0.38488253951072693,0.8549842046389587,,,,,roc_auc,0.8357060130969207,0.8087784647941589,0.40735331177711487,0.8357060130969207,,,,,roc_auc,0.8323487984946956,0.8023809790611267,0.40815889835357666,0.8323487984946956,,,,
tolokers,SAGE,5,512,3e-05,0,1380,roc_auc,0.8591626661022801,0.8156149387359619,0.3846595585346222,0.8591626661022801,,,,,roc_auc,0.8367677788051469,0.8080979585647583,0.41215717792510986,0.8367677788051469,,,,,roc_auc,0.8336037838673207,0.8037415146827698,0.4116750657558441,0.8336037838673207,,,,
tolokers,SAGE,1,512,3e-05,2,3900,roc_auc,0.8489575807896935,0.8115326166152954,0.3724096119403839,0.8489575807896935,,,,,roc_auc,0.8054334706025316,0.7944878935813904,0.4235197603702545,0.8054334706025316,,,,,roc_auc,0.8221777571720228,0.8074830174446106,0.39908573031425476,0.8221777571720228,,,,
tolokers,SAGE,2,512,3e-05,2,2330,roc_auc,0.8806491225213967,0.8265011310577393,0.3474798798561096,0.8806491225213967,,,,,roc_auc,0.8157239083297012,0.7989111542701721,0.4484717845916748,0.8157239083297012,,,,,roc_auc,0.8383634421371422,0.821088433265686,0.4085175096988678,0.8383634421371422,,,,
tolokers,SAGE,3,512,3e-05,2,1120,roc_auc,0.855406731394747,0.8125531673431396,0.3741492033004761,0.855406731394747,,,,,roc_auc,0.809225006075961,0.7972099184989929,0.4302322566509247,0.809225006075961,,,,,roc_auc,0.832978833009335,0.8142857551574707,0.4034503996372223,0.832978833009335,,,,
tolokers,SAGE,4,512,3e-05,2,2140,roc_auc,0.8822915755134935,0.8356863856315613,0.3396373987197876,0.8822915755134935,,,,,roc_auc,0.8146770779447365,0.8023136854171753,0.45584824681282043,0.8146770779447365,,,,,roc_auc,0.8444035040628582,0.8224489688873291,0.4050891697406769,0.8444035040628582,,,,
tolokers,SAGE,5,512,3e-05,2,1890,roc_auc,0.8824060469404076,0.8321143388748169,0.34309121966362,0.8824060469404076,,,,,roc_auc,0.8140260336262015,0.8023136854171753,0.46268367767333984,0.8140260336262015,,,,,roc_auc,0.8453219513649957,0.8255102038383484,0.4061329960823059,0.8453219513649957,,,,
tolokers,SAGE,1,512,3e-05,1,4710,roc_auc,0.8654372265828769,0.8254805207252502,0.35462865233421326,0.8654372265828769,,,,,roc_auc,0.8201569838250449,0.8043552041053772,0.4102138876914978,0.8201569838250449,,,,,roc_auc,0.8094794606714766,0.8068027496337891,0.4161996841430664,0.8094794606714766,,,,
tolokers,SAGE,2,512,3e-05,1,3100,roc_auc,0.8798382408505956,0.8329647779464722,0.3384592831134796,0.8798382408505956,,,,,roc_auc,0.8281093645834605,0.8149030208587646,0.4163661599159241,0.8281093645834605,,,,,roc_auc,0.8272410791993036,0.8098639845848083,0.4155970513820648,0.8272410791993036,,,,
tolokers,SAGE,3,512,3e-05,1,2930,roc_auc,0.8769137078770587,0.8290525674819946,0.34143489599227905,0.8769137078770587,,,,,roc_auc,0.8338173735826718,0.8138822317123413,0.4073404371738434,0.8338173735826718,,,,,roc_auc,0.8384617261657841,0.8102040886878967,0.4017230272293091,0.8384617261657841,,,,
tolokers,SAGE,4,512,3e-05,1,3080,roc_auc,0.8820221860888218,0.8295628428459167,0.33577537536621094,0.8820221860888218,,,,,roc_auc,0.8383414187742445,0.8108199834823608,0.4053246080875397,0.8383414187742445,,,,,roc_auc,0.840051893967123,0.807823121547699,0.40184879302978516,0.840051893967123,,,,
tolokers,SAGE,5,512,3e-05,1,2840,roc_auc,0.8902205448907756,0.8412995338439941,0.3230092525482178,0.8902205448907756,,,,,roc_auc,0.8375552776680257,0.8149030208587646,0.40991437435150146,0.8375552776680257,,,,,roc_auc,0.8373826353133836,0.8057823181152344,0.4097713530063629,0.8373826353133836,,,,
tolokers,SAGE,1,512,3e-05,3,4810,roc_auc,0.8659359828296253,0.8232693076133728,0.35253673791885376,0.8659359828296253,,,,,roc_auc,0.8121465589694083,0.7931268811225891,0.42210763692855835,0.8121465589694083,,,,,roc_auc,0.8188655854067874,0.8105442523956299,0.4195946156978607,0.8188655854067874,,,,
tolokers,SAGE,2,512,3e-05,3,3390,roc_auc,0.8750457037771161,0.8329647779464722,0.3465980887413025,0.8750457037771161,,,,,roc_auc,0.830551968815045,0.8019734621047974,0.41722625494003296,0.830551968815045,,,,,roc_auc,0.8322386526005278,0.8064625859260559,0.4163780212402344,0.8322386526005278,,,,
tolokers,SAGE,3,512,3e-05,3,2970,roc_auc,0.8788919437214373,0.8331348896026611,0.340648889541626,0.8788919437214373,,,,,roc_auc,0.8309009122766999,0.8077577352523804,0.4170169234275818,0.8309009122766999,,,,,roc_auc,0.8343914117382311,0.809183657169342,0.4105229675769806,0.8343914117382311,,,,
tolokers,SAGE,4,512,3e-05,3,2380,roc_auc,0.8767687107363007,0.8331348896026611,0.34193044900894165,0.8767687107363007,,,,,roc_auc,0.8286266698709723,0.8060564398765564,0.4186576008796692,0.8286266698709723,,,,,roc_auc,0.8335773488527203,0.8129251599311829,0.4090111255645752,0.8335773488527203,,,,
tolokers,SAGE,5,512,3e-05,3,2320,roc_auc,0.8803821073189131,0.8343256115913391,0.3364352881908417,0.8803821073189131,,,,,roc_auc,0.8295574120614955,0.8070772290229797,0.4133155345916748,0.8295574120614955,,,,,roc_auc,0.8349540030745954,0.811904788017273,0.40493711829185486,0.8349540030745954,,,,
tolokers,SAGE,1,512,3e-05,4,3950,roc_auc,0.8722972024200785,0.8365368247032166,0.3444159924983978,0.8722972024200785,,,,,roc_auc,0.8121597970968448,0.7995916604995728,0.43081867694854736,0.8121597970968448,,,,,roc_auc,0.8201585287490949,0.7969387769699097,0.4249544143676758,0.8201585287490949,,,,
tolokers,SAGE,2,512,3e-05,4,2390,roc_auc,0.8746429339416768,0.8372172117233276,0.34520024061203003,0.8746429339416768,,,,,roc_auc,0.8285832216578479,0.8053759336471558,0.4173726439476013,0.8285832216578479,,,,,roc_auc,0.8324230198818423,0.807823121547699,0.41907212138175964,0.8324230198818423,,,,
tolokers,SAGE,3,512,3e-05,4,2430,roc_auc,0.8768665626079,0.8385779857635498,0.3406165540218353,0.8768665626079,,,,,roc_auc,0.8319450271483445,0.8128615021705627,0.408285528421402,0.8319450271483445,,,,,roc_auc,0.8380611340214571,0.8102040886878967,0.40333351492881775,0.8380611340214571,,,,
tolokers,SAGE,4,512,3e-05,4,3080,roc_auc,0.9051384612462496,0.8577989339828491,0.3052099347114563,0.9051384612462496,,,,,roc_auc,0.8322301560469728,0.8108199834823608,0.4460371136665344,0.8322301560469728,,,,,roc_auc,0.8397373850754686,0.8112245202064514,0.42626529932022095,0.8397373850754686,,,,
tolokers,SAGE,5,512,3e-05,4,2360,roc_auc,0.8829220162980179,0.8435108065605164,0.33324524760246277,0.8829220162980179,,,,,roc_auc,0.8324243152493722,0.8138822317123413,0.41347694396972656,0.8324243152493722,,,,,roc_auc,0.8398702379693571,0.8176870942115784,0.40119749307632446,0.8398702379693571,,,,
tolokers,SAGE,1,512,3e-05,5,5400,roc_auc,0.8780096657977013,0.8356863856315613,0.33971717953681946,0.8780096657977013,,,,,roc_auc,0.8252777630687473,0.8118407130241394,0.4175400137901306,0.8252777630687473,,,,,roc_auc,0.8041145083493977,0.789455771446228,0.4330348074436188,0.8041145083493977,,,,
tolokers,SAGE,2,512,3e-05,5,2480,roc_auc,0.8828600321401849,0.8370471596717834,0.3486138880252838,0.8828600321401849,,,,,roc_auc,0.8439346973356742,0.8053759336471558,0.43293797969818115,0.8439346973356742,,,,,roc_auc,0.8274051118540029,0.8003401756286621,0.4411911070346832,0.8274051118540029,,,,
tolokers,SAGE,3,512,3e-05,5,1390,roc_auc,0.8593260634649942,0.824630081653595,0.3730810284614563,0.8593260634649942,,,,,roc_auc,0.8436923377718398,0.8029941916465759,0.40851154923439026,0.8436923377718398,,,,,roc_auc,0.8286556913908613,0.8051020503044128,0.41488519310951233,0.8286556913908613,,,,
tolokers,SAGE,4,512,3e-05,5,2430,roc_auc,0.8954057613553958,0.8365368247032166,0.37334057688713074,0.8954057613553958,,,,,roc_auc,0.8478844114600094,0.8108199834823608,0.4775548279285431,0.8478844114600094,,,,,roc_auc,0.8331137193658851,0.7993197441101074,0.48629242181777954,0.8331137193658851,,,,
tolokers,SAGE,5,512,3e-05,5,2450,roc_auc,0.8928497415828736,0.8443613052368164,0.33474937081336975,0.8928497415828736,,,,,roc_auc,0.846381374837239,0.8087784647941589,0.423924058675766,0.846381374837239,,,,,roc_auc,0.8284862361690648,0.7996598482131958,0.4379139542579651,0.8284862361690648,,,,
tolokers,SAGE,1,512,3e-05,6,5500,roc_auc,0.8890568368441296,0.8428304195404053,0.3263847231864929,0.8890568368441296,,,,,roc_auc,0.8134951507720884,0.8019734621047974,0.4354735016822815,0.8134951507720884,,,,,roc_auc,0.8155798486561524,0.7989795804023743,0.4248845875263214,0.8155798486561524,,,,
tolokers,SAGE,2,512,3e-05,6,2320,roc_auc,0.8741799606150457,0.8270114064216614,0.35664066672325134,0.8741799606150457,,,,,roc_auc,0.8338234834876423,0.8118407130241394,0.41854822635650635,0.8338234834876423,,,,,roc_auc,0.8324392875831347,0.8088435530662537,0.4178084433078766,0.8324392875831347,,,,
tolokers,SAGE,3,512,3e-05,6,1490,roc_auc,0.8704298766693326,0.8305834531784058,0.36680006980895996,0.8704298766693326,,,,,roc_auc,0.8379218719662624,0.8159237504005432,0.42019909620285034,0.8379218719662624,,,,,roc_auc,0.8330527154860382,0.813265323638916,0.4199680984020233,0.8330527154860382,,,,
tolokers,SAGE,4,512,3e-05,6,1820,roc_auc,0.8696570673471865,0.8230991959571838,0.37538304924964905,0.8696570673471865,,,,,roc_auc,0.8403800903994385,0.8077577352523804,0.4210062623023987,0.8403800903994385,,,,,roc_auc,0.8362710090583984,0.809183657169342,0.41840431094169617,0.8362710090583984,,,,
tolokers,SAGE,5,512,3e-05,6,1290,roc_auc,0.8589903654063616,0.8178261518478394,0.38423532247543335,0.8589903654063616,,,,,roc_auc,0.8383448131658948,0.8087784647941589,0.41423046588897705,0.8383448131658948,,,,,roc_auc,0.8347757361812655,0.8095238208770752,0.4111348092556,0.8347757361812655,,,,
tolokers,SAGE,1,512,3e-05,7,3340,roc_auc,0.8506582022253923,0.8164653778076172,0.3726477324962616,0.8506582022253923,,,,,roc_auc,0.8176587115703949,0.8063967227935791,0.40983468294143677,0.8176587115703949,,,,,roc_auc,0.8014730403520332,0.7945578098297119,0.42406678199768066,0.8014730403520332,,,,
tolokers,SAGE,2,512,3e-05,7,1540,roc_auc,0.8525855618800311,0.8219085335731506,0.3715266287326813,0.8525855618800311,,,,,roc_auc,0.8322559534235154,0.8074174523353577,0.40083321928977966,0.8322559534235154,,,,,roc_auc,0.820292737284758,0.7972789406776428,0.4066961705684662,0.820292737284758,,,,
tolokers,SAGE,3,512,3e-05,7,1050,roc_auc,0.8497388694767961,0.8132335543632507,0.38439038395881653,0.8497388694767961,,,,,roc_auc,0.8358546874512056,0.8060564398765564,0.4090867340564728,0.8358546874512056,,,,,roc_auc,0.824945299854404,0.800000011920929,0.4131227433681488,0.824945299854404,,,,
tolokers,SAGE,4,512,3e-05,7,2190,roc_auc,0.8719191923303127,0.8288824558258057,0.3648568093776703,0.8719191923303127,,,,,roc_auc,0.8345444522741746,0.8108199834823608,0.440702348947525,0.8345444522741746,,,,,roc_auc,0.8315859110861673,0.8020408153533936,0.4315264821052551,0.8315859110861673,,,,
tolokers,SAGE,5,512,3e-05,7,1880,roc_auc,0.8705395996518711,0.8271815180778503,0.36069127917289734,0.8705395996518711,,,,,roc_auc,0.8355016707195704,0.8094589710235596,0.426482230424881,0.8355016707195704,,,,,roc_auc,0.8346245821234232,0.8051020503044128,0.417330265045166,0.8346245821234232,,,,
tolokers,SAGE,1,512,3e-05,8,3900,roc_auc,0.8498800509033236,0.8156149387359619,0.3690316081047058,0.8498800509033236,,,,,roc_auc,0.8186206821641012,0.7941476702690125,0.41131338477134705,0.8186206821641012,,,,,roc_auc,0.8114024385284238,0.7925170063972473,0.41734760999679565,0.8114024385284238,,,,
tolokers,SAGE,2,512,3e-05,8,2360,roc_auc,0.8713597238304752,0.8266712427139282,0.3649090528488159,0.8713597238304752,,,,,roc_auc,0.8296986187541497,0.7999319434165955,0.4308262765407562,0.8296986187541497,,,,,roc_auc,0.828490303094388,0.8047618865966797,0.4325828552246094,0.828490303094388,,,,
tolokers,SAGE,3,512,3e-05,8,2540,roc_auc,0.8812386927668303,0.833645224571228,0.3570093512535095,0.8812386927668303,,,,,roc_auc,0.8296626382026561,0.8012929558753967,0.44812408089637756,0.8296626382026561,,,,,roc_auc,0.8346069587803563,0.8057823181152344,0.4360060691833496,0.8346069587803563,,,,
tolokers,SAGE,4,512,3e-05,8,1460,roc_auc,0.8595026886370405,0.8241197466850281,0.3672800362110138,0.8595026886370405,,,,,roc_auc,0.8261311131296427,0.8046954274177551,0.4159472584724426,0.8261311131296427,,,,,roc_auc,0.8338233978347689,0.8051020503044128,0.40410032868385315,0.8338233978347689,,,,
tolokers,SAGE,5,512,3e-05,8,2270,roc_auc,0.8837009307629327,0.8351760506629944,0.3436615467071533,0.8837009307629327,,,,,roc_auc,0.8274525497991199,0.806736946105957,0.43949630856513977,0.8274525497991199,,,,,roc_auc,0.8346632179139928,0.8088435530662537,0.42109575867652893,0.8346632179139928,,,,
tolokers,SAGE,1,512,3e-05,9,4550,roc_auc,0.8701188535627239,0.8339853882789612,0.34584948420524597,0.8701188535627239,,,,,roc_auc,0.8030872670938168,0.7938073873519897,0.43977102637290955,0.8030872670938168,,,,,roc_auc,0.8184494033820551,0.7979592084884644,0.42444902658462524,0.8184494033820551,,,,
tolokers,SAGE,2,512,3e-05,9,1770,roc_auc,0.8659344565439331,0.8280320167541504,0.36407849192619324,0.8659344565439331,,,,,roc_auc,0.8205948603479387,0.8019734621047974,0.4317251741886139,0.8205948603479387,,,,,roc_auc,0.8280168452046883,0.8040816187858582,0.41816914081573486,0.8280168452046883,,,,
tolokers,SAGE,3,512,3e-05,9,1260,roc_auc,0.8524665115960404,0.8159551024436951,0.3853575587272644,0.8524665115960404,,,,,roc_auc,0.8206620693026154,0.8023136854171753,0.42694026231765747,0.8206620693026154,,,,,roc_auc,0.8252181227614966,0.8027210831642151,0.4198187291622162,0.8252181227614966,,,,
tolokers,SAGE,4,512,3e-05,9,2490,roc_auc,0.8862264248216112,0.8433406949043274,0.33056870102882385,0.8862264248216112,,,,,roc_auc,0.8290964536753794,0.8070772290229797,0.42613863945007324,0.8290964536753794,,,,,roc_auc,0.8324179362251883,0.8098639845848083,0.4202551245689392,0.8324179362251883,,,,
tolokers,SAGE,5,512,3e-05,9,2820,roc_auc,0.8996107632310315,0.8520156741142273,0.31235891580581665,0.8996107632310315,,,,,roc_auc,0.8301962365700896,0.806736946105957,0.43365445733070374,0.8301962365700896,,,,,roc_auc,0.8349767100743164,0.8095238208770752,0.42461955547332764,0.8349767100743164,,,,
tolokers,GAT,1,512,3e-05,0,3970,roc_auc,0.8761480212214762,0.831774115562439,0.34302279353141785,0.8761480212214762,,,,,roc_auc,0.8178433664761734,0.7995916604995728,0.4166603088378906,0.8178433664761734,,,,,roc_auc,0.8217093829389771,0.7979592084884644,0.40452656149864197,0.8217093829389771,,,,
tolokers,GAT,2,512,3e-05,0,2610,roc_auc,0.8917868531855617,0.8428304195404053,0.33104947209358215,0.8917868531855617,,,,,roc_auc,0.8372633599860966,0.8108199834823608,0.4086148142814636,0.8372633599860966,,,,,roc_auc,0.8378025453529956,0.8163265585899353,0.4048357307910919,0.8378025453529956,,,,
tolokers,GAT,3,512,3e-05,0,3160,roc_auc,0.9114583015357147,0.8629018664360046,0.29625338315963745,0.9114583015357147,,,,,roc_auc,0.8378920013197395,0.81252121925354,0.41514164209365845,0.8378920013197395,,,,,roc_auc,0.8411143782077873,0.813265323638916,0.4087204039096832,0.8411143782077873,,,,
tolokers,GAT,4,512,3e-05,0,2620,roc_auc,0.9071830057245889,0.8606905937194824,0.3044509291648865,0.9071830057245889,,,,,roc_auc,0.8363781026436878,0.8108199834823608,0.4184604287147522,0.8363781026436878,,,,,roc_auc,0.8388985817275757,0.8146258592605591,0.41601452231407166,0.8388985817275757,,,,
tolokers,GAT,5,512,3e-05,0,1990,roc_auc,0.8839441189498882,0.8443613052368164,0.3357541263103485,0.8839441189498882,,,,,roc_auc,0.8313184224496917,0.8135420083999634,0.4105221927165985,0.8313184224496917,,,,,roc_auc,0.8311185535844524,0.8176870942115784,0.4084511697292328,0.8311185535844524,,,,
tolokers,GAT,1,512,3e-05,1,6260,roc_auc,0.9122879226030701,0.8577989339828491,0.2969372570514679,0.9122879226030701,,,,,roc_auc,0.8268629439694559,0.8050357103347778,0.4193761348724365,0.8268629439694559,,,,,roc_auc,0.8169870048179508,0.800000011920929,0.42766106128692627,0.8169870048179508,,,,
tolokers,GAT,2,512,3e-05,1,3630,roc_auc,0.8907123480582593,0.8503146767616272,0.32396066188812256,0.8907123480582593,,,,,roc_auc,0.8399720845230677,0.814222514629364,0.40458938479423523,0.8399720845230677,,,,,roc_auc,0.8368471568125067,0.8064625859260559,0.4063855707645416,0.8368471568125067,,,,
tolokers,GAT,3,512,3e-05,1,3540,roc_auc,0.9047933510925154,0.8596700429916382,0.3034780025482178,0.9047933510925154,,,,,roc_auc,0.8439211197690727,0.8169445395469666,0.4123144745826721,0.8439211197690727,,,,,roc_auc,0.8405263685881534,0.8193877935409546,0.4172244071960449,0.8405263685881534,,,,
tolokers,GAT,4,512,3e-05,1,2340,roc_auc,0.8692169883059381,0.8397687077522278,0.3553800582885742,0.8692169883059381,,,,,roc_auc,0.839964616861437,0.8152432441711426,0.40097740292549133,0.839964616861437,,,,,roc_auc,0.832582307790331,0.8193877935409546,0.40776243805885315,0.832582307790331,,,,
tolokers,GAT,5,512,3e-05,1,2110,roc_auc,0.8706133701269937,0.8397687077522278,0.36012500524520874,0.8706133701269937,,,,,roc_auc,0.8393617729043366,0.8145627379417419,0.41701531410217285,0.8393617729043366,,,,,roc_auc,0.833740025865645,0.8125850558280945,0.4238182604312897,0.833740025865645,,,,
tolokers,GAT,1,512,3e-05,2,5160,roc_auc,0.9027618648362092,0.8479333519935608,0.3123151957988739,0.9027618648362092,,,,,roc_auc,0.810773527546846,0.7941476702690125,0.436481773853302,0.810773527546846,,,,,roc_auc,0.8358263585564041,0.8081632852554321,0.39164498448371887,0.8358263585564041,,,,
tolokers,GAT,2,512,3e-05,2,3840,roc_auc,0.9131495108763119,0.8603504300117493,0.2963908016681671,0.9131495108763119,,,,,roc_auc,0.8246905333132385,0.7958489060401917,0.44976216554641724,0.8246905333132385,,,,,roc_auc,0.8412326579526015,0.8102040886878967,0.4221837520599365,0.8412326579526015,,,,
tolokers,GAT,3,512,3e-05,2,2490,roc_auc,0.8830740513116898,0.8450416922569275,0.3405674695968628,0.8830740513116898,,,,,roc_auc,0.82660361244737,0.8091187477111816,0.42715978622436523,0.82660361244737,,,,,roc_auc,0.8394608341534967,0.8289116024971008,0.4116404354572296,0.8394608341534967,,,,
tolokers,GAT,4,512,3e-05,2,2040,roc_auc,0.8787170144223824,0.840959370136261,0.3413870334625244,0.8787170144223824,,,,,roc_auc,0.8217604944406653,0.8053759336471558,0.4236343801021576,0.8217604944406653,,,,,roc_auc,0.8337190134181423,0.819727897644043,0.41710877418518066,0.8337190134181423,,,,
tolokers,GAT,5,512,3e-05,2,1910,roc_auc,0.8956526804629326,0.8389182090759277,0.34122517704963684,0.8956526804629326,,,,,roc_auc,0.8228799648069473,0.7924463748931885,0.49185115098953247,0.8228799648069473,,,,,roc_auc,0.8361361227018482,0.7952380776405334,0.48475706577301025,0.8361361227018482,,,,
tolokers,GAT,1,512,3e-05,3,5020,roc_auc,0.9017614693586277,0.8520156741142273,0.3134714663028717,0.9017614693586277,,,,,roc_auc,0.8202296238063621,0.795508623123169,0.4166174530982971,0.8202296238063621,,,,,roc_auc,0.8254499375049142,0.8044217824935913,0.4163331687450409,0.8254499375049142,,,,
tolokers,GAT,2,512,3e-05,3,2980,roc_auc,0.8957163604937567,0.8455519676208496,0.3223142623901367,0.8957163604937567,,,,,roc_auc,0.8377134563189316,0.8169445395469666,0.4116514027118683,0.8377134563189316,,,,,roc_auc,0.8515592591688831,0.8238095641136169,0.39394456148147583,0.8515592591688831,,,,
tolokers,GAT,3,512,3e-05,3,3380,roc_auc,0.8977790508131032,0.8503146767616272,0.317800909280777,0.8977790508131032,,,,,roc_auc,0.8301840167601483,0.8128615021705627,0.42044028639793396,0.8301840167601483,,,,,roc_auc,0.843834134517622,0.8214285969734192,0.4009592831134796,0.843834134517622,,,,
tolokers,GAT,4,512,3e-05,3,2560,roc_auc,0.8932330936725621,0.8447014689445496,0.33056312799453735,0.8932330936725621,,,,,roc_auc,0.8271412840847837,0.8036746978759766,0.4452700912952423,0.8271412840847837,,,,,roc_auc,0.8408530782557772,0.8170068264007568,0.4210074841976166,0.8408530782557772,,,,
tolokers,GAT,5,512,3e-05,3,2720,roc_auc,0.8863841410098042,0.8435108065605164,0.34063056111335754,0.8863841410098042,,,,,roc_auc,0.8292342659763832,0.8111602067947388,0.4274057447910309,0.8292342659763832,,,,,roc_auc,0.8415824135303893,0.8190476298332214,0.40355271100997925,0.8415824135303893,,,,
tolokers,GAT,1,512,3e-05,4,5150,roc_auc,0.9155216132229251,0.8639224767684937,0.2931824028491974,0.9155216132229251,,,,,roc_auc,0.8184679345398358,0.7972099184989929,0.4277232587337494,0.8184679345398358,,,,,roc_auc,0.8294907667238747,0.801360547542572,0.41349533200263977,0.8294907667238747,,,,
tolokers,GAT,2,512,3e-05,4,3210,roc_auc,0.9106114673574974,0.8576288819313049,0.29859358072280884,0.9106114673574974,,,,,roc_auc,0.8356849678686886,0.8104797005653381,0.42768344283103943,0.8356849678686886,,,,,roc_auc,0.853226020730474,0.8234694004058838,0.397806316614151,0.853226020730474,,,,
tolokers,GAT,3,512,3e-05,4,2830,roc_auc,0.9200384013480155,0.8724272847175598,0.2763501703739166,0.9200384013480155,,,,,roc_auc,0.8409815765998787,0.8186457753181458,0.4404279291629791,0.8409815765998787,,,,,roc_auc,0.8513857370217635,0.8282312750816345,0.41741034388542175,0.8513857370217635,,,,
tolokers,GAT,4,512,3e-05,4,2820,roc_auc,0.9131055029721871,0.8651131391525269,0.2913930416107178,0.9131055029721871,,,,,roc_auc,0.8347773075413878,0.8169445395469666,0.4733530580997467,0.8347773075413878,,,,,roc_auc,0.8472462848637173,0.82517009973526,0.435565322637558,0.8472462848637173,,,,
tolokers,GAT,5,512,3e-05,4,2370,roc_auc,0.9099932368585106,0.8651131391525269,0.29866692423820496,0.9099932368585106,,,,,roc_auc,0.8215378223484032,0.8002721667289734,0.4967324137687683,0.8215378223484032,,,,,roc_auc,0.8385003619563538,0.8122448921203613,0.4613117277622223,0.8385003619563538,,,,
tolokers,GAT,1,512,3e-05,5,4460,roc_auc,0.8927944561233565,0.8443613052368164,0.32335299253463745,0.8927944561233565,,,,,roc_auc,0.8424330184695639,0.81252121925354,0.3917422294616699,0.8424330184695639,,,,,roc_auc,0.8025378969658027,0.7853741645812988,0.4344775974750519,0.8025378969658027,,,,
tolokers,GAT,2,512,3e-05,5,2870,roc_auc,0.905744651046998,0.8600102066993713,0.3056682348251343,0.905744651046998,,,,,roc_auc,0.8544002856720012,0.8240898251533508,0.39572685956954956,0.8544002856720012,,,,,roc_auc,0.8238695981064397,0.8034013509750366,0.44485047459602356,0.8238695981064397,,,,
tolokers,GAT,3,512,3e-05,5,2250,roc_auc,0.8794694732686325,0.8430005311965942,0.3502945005893707,0.8794694732686325,,,,,roc_auc,0.8545258781630639,0.8251105546951294,0.41448158025741577,0.8545258781630639,,,,,roc_auc,0.825530937100933,0.8102040886878967,0.45091578364372253,0.825530937100933,,,,
tolokers,GAT,4,512,3e-05,5,1730,roc_auc,0.8650448863663343,0.8215683102607727,0.38981592655181885,0.8650448863663343,,,,,roc_auc,0.8492978361432109,0.8019734621047974,0.43582531809806824,0.8492978361432109,,,,,roc_auc,0.8280076946227113,0.7863945960998535,0.4709174633026123,0.8280076946227113,,,,
tolokers,GAT,5,512,3e-05,5,1760,roc_auc,0.8633033943915445,0.8268412947654724,0.3763836920261383,0.8633033943915445,,,,,roc_auc,0.8449896742605998,0.8135420083999634,0.41680240631103516,0.8449896742605998,,,,,roc_auc,0.8208993869787896,0.7972789406776428,0.44723042845726013,0.8208993869787896,,,,
tolokers,GAT,1,512,3e-05,6,4680,roc_auc,0.8974317360244802,0.8445314168930054,0.319163978099823,0.8974317360244802,,,,,roc_auc,0.8197679865419161,0.8063967227935791,0.4187684953212738,0.8197679865419161,,,,,roc_auc,0.8211061223493814,0.8017007112503052,0.40931951999664307,0.8211061223493814,,,,
tolokers,GAT,2,512,3e-05,6,1790,roc_auc,0.8730399947902783,0.8382378220558167,0.35355299711227417,0.8730399947902783,,,,,roc_auc,0.8336517272701353,0.8227288126945496,0.41189852356910706,0.8336517272701353,,,,,roc_auc,0.82876685401636,0.8156462907791138,0.4140589237213135,0.82876685401636,,,,
tolokers,GAT,3,512,3e-05,6,2700,roc_auc,0.8980909218562076,0.8550773859024048,0.3219163417816162,0.8980909218562076,,,,,roc_auc,0.8458993712228906,0.8281728029251099,0.4379694163799286,0.8458993712228906,,,,,roc_auc,0.8344625829313854,0.8129251599311829,0.4512382447719574,0.8344625829313854,,,,
tolokers,GAT,4,512,3e-05,6,2240,roc_auc,0.8818428475199892,0.8343256115913391,0.3595094680786133,0.8818428475199892,,,,,roc_auc,0.844043317868485,0.8135420083999634,0.4448871612548828,0.844043317868485,,,,,roc_auc,0.8385376421051491,0.8010204434394836,0.45680874586105347,0.8385376421051491,,,,
tolokers,GAT,5,512,3e-05,6,2100,roc_auc,0.882330156624046,0.8299030661582947,0.36175695061683655,0.882330156624046,,,,,roc_auc,0.839207667523411,0.7958489060401917,0.45297345519065857,0.839207667523411,,,,,roc_auc,0.8355172722318472,0.7908163666725159,0.4510102868080139,0.8355172722318472,,,,
tolokers,GAT,1,512,3e-05,7,4650,roc_auc,0.8914875316025932,0.8389182090759277,0.32711368799209595,0.8914875316025932,,,,,roc_auc,0.8338187313393317,0.806736946105957,0.3967127203941345,0.8338187313393317,,,,,roc_auc,0.809812270727085,0.7925170063972473,0.42368367314338684,0.809812270727085,,,,
tolokers,GAT,2,512,3e-05,7,3780,roc_auc,0.9010748103844408,0.8542269468307495,0.31029433012008667,0.9010748103844408,,,,,roc_auc,0.8529047167108617,0.8179652690887451,0.389269083738327,0.8529047167108617,,,,,roc_auc,0.8360473281656269,0.8102040886878967,0.41064170002937317,0.8360473281656269,,,,
tolokers,GAT,3,512,3e-05,7,3220,roc_auc,0.8842032483429627,0.8450416922569275,0.3429352045059204,0.8842032483429627,,,,,roc_auc,0.853407765553442,0.8237495422363281,0.4053925573825836,0.853407765553442,,,,,roc_auc,0.8328846159060161,0.8108843564987183,0.4354625642299652,0.8328846159060161,,,,
tolokers,GAT,4,512,3e-05,7,2450,roc_auc,0.8836063010500167,0.8436809182167053,0.3433522582054138,0.8836063010500167,,,,,roc_auc,0.8446346208939742,0.8196665048599243,0.41147246956825256,0.8446346208939742,,,,,roc_auc,0.8286367124060202,0.811904788017273,0.43382951617240906,0.8286367124060202,,,,
tolokers,GAT,5,512,3e-05,7,2670,roc_auc,0.8940047158836144,0.8375574350357056,0.34443795680999756,0.8940047158836144,,,,,roc_auc,0.8436597516119966,0.8074174523353577,0.443167507648468,0.8436597516119966,,,,,roc_auc,0.8184036504721701,0.7823129296302795,0.48512089252471924,0.8184036504721701,,,,
tolokers,GAT,1,512,3e-05,8,3530,roc_auc,0.8749498021594568,0.8367069363594055,0.34388110041618347,0.8749498021594568,,,,,roc_auc,0.8175643474825156,0.8016331791877747,0.41226428747177124,0.8175643474825156,,,,,roc_auc,0.8209583573959748,0.8010204434394836,0.4085403084754944,0.8209583573959748,,,,
tolokers,GAT,2,512,3e-05,8,2510,roc_auc,0.8837874202854902,0.841809868812561,0.33704569935798645,0.8837874202854902,,,,,roc_auc,0.836477218879878,0.8186457753181458,0.40423402190208435,0.836477218879878,,,,,roc_auc,0.8413200968470483,0.8173469305038452,0.39719754457473755,0.8413200968470483,,,,
tolokers,GAT,3,512,3e-05,8,2710,roc_auc,0.8979237087792632,0.8518455624580383,0.3295747637748718,0.8979237087792632,,,,,roc_auc,0.8386638859810267,0.8220483064651489,0.43836790323257446,0.8386638859810267,,,,,roc_auc,0.8413072182501918,0.8227891325950623,0.43147578835487366,0.8413072182501918,,,,
tolokers,GAT,4,512,3e-05,8,2340,roc_auc,0.8798616438978759,0.8387480974197388,0.34347501397132874,0.8798616438978759,,,,,roc_auc,0.8355722740658973,0.8152432441711426,0.409173846244812,0.8355722740658973,,,,,roc_auc,0.8396933267178015,0.8176870942115784,0.4019506275653839,0.8396933267178015,,,,
tolokers,GAT,5,512,3e-05,8,1880,roc_auc,0.8680670168305218,0.8372172117233276,0.36212173104286194,0.8680670168305218,,,,,roc_auc,0.8261114256580708,0.8094589710235596,0.43445882201194763,0.8261114256580708,,,,,roc_auc,0.8304105696677866,0.8108843564987183,0.4245920181274414,0.8304105696677866,,,,
tolokers,GAT,1,512,3e-05,9,4400,roc_auc,0.8856654300360814,0.8401088714599609,0.3306277096271515,0.8856654300360814,,,,,roc_auc,0.809245372425863,0.7944878935813904,0.4284313917160034,0.809245372425863,,,,,roc_auc,0.8250642574201053,0.7955782413482666,0.40098658204078674,0.8250642574201053,,,,
tolokers,GAT,2,512,3e-05,9,2340,roc_auc,0.8786835209308037,0.8433406949043274,0.3438115417957306,0.8786835209308037,,,,,roc_auc,0.8292254405580922,0.8115004897117615,0.4188655614852905,0.8292254405580922,,,,,roc_auc,0.8387914860274002,0.8180271983146667,0.3995186686515808,0.8387914860274002,,,,
tolokers,GAT,3,512,3e-05,9,2670,roc_auc,0.8913801828422423,0.8515053987503052,0.32312023639678955,0.8913801828422423,,,,,roc_auc,0.8260387856767535,0.814222514629364,0.43625378608703613,0.8260387856767535,,,,,roc_auc,0.8430766696761914,0.8190476298332214,0.4172004163265228,0.8430766696761914,,,,
tolokers,GAT,4,512,3e-05,9,2730,roc_auc,0.8944675196229465,0.8508250117301941,0.33317670226097107,0.8944675196229465,,,,,roc_auc,0.8230327124312127,0.7989111542701721,0.487614244222641,0.8230327124312127,,,,,roc_auc,0.8393262867073902,0.8051020503044128,0.465488076210022,0.8393262867073902,,,,
tolokers,GAT,5,512,3e-05,9,2360,roc_auc,0.9039272687558465,0.8598401546478271,0.3139110207557678,0.9039272687558465,,,,,roc_auc,0.819448913726784,0.8023136854171753,0.5015335083007812,0.819448913726784,,,,,roc_auc,0.832708043564904,0.8098639845848083,0.4804278314113617,0.832708043564904,,,,
tolokers,GAT-sep,1,512,3e-05,0,2710,roc_auc,0.8834277256240304,0.8373873233795166,0.3325475752353668,0.8834277256240304,,,,,roc_auc,0.8110593353238047,0.7914256453514099,0.4288569986820221,0.8110593353238047,,,,,roc_auc,0.8130637775229171,0.7863945960998535,0.4248471260070801,0.8130637775229171,,,,
tolokers,GAT-sep,2,512,3e-05,0,2270,roc_auc,0.9179007534424526,0.86545330286026,0.3008931875228882,0.9179007534424526,,,,,roc_auc,0.8376027991511305,0.8097992539405823,0.4827156662940979,0.8376027991511305,,,,,roc_auc,0.8407815681521787,0.8085033893585205,0.4695165157318115,0.8407815681521787,,,,
tolokers,GAT-sep,3,512,3e-05,0,1410,roc_auc,0.8926753210457161,0.8464024662971497,0.3385728895664215,0.8926753210457161,,,,,roc_auc,0.8449543725874361,0.8138822317123413,0.43375465273857117,0.8449543725874361,,,,,roc_auc,0.8473794766680494,0.8071428537368774,0.43232807517051697,0.8473794766680494,,,,
tolokers,GAT-sep,4,512,3e-05,0,1700,roc_auc,0.8988284570201339,0.8520156741142273,0.324893593788147,0.8988284570201339,,,,,roc_auc,0.8498185358223727,0.8217080235481262,0.41794922947883606,0.8498185358223727,,,,,roc_auc,0.8499531625766954,0.8204081654548645,0.41229042410850525,0.8499531625766954,,,,
tolokers,GAT-sep,5,512,3e-05,0,1440,roc_auc,0.8897718168972715,0.8465725779533386,0.3380466401576996,0.8897718168972715,,,,,roc_auc,0.8497859496625297,0.8223885297775269,0.414669930934906,0.8497859496625297,,,,,roc_auc,0.8504893188984598,0.8173469305038452,0.4089715778827667,0.8504893188984598,,,,
tolokers,GAT-sep,1,512,3e-05,1,3780,roc_auc,0.9069206541728311,0.858139157295227,0.29954540729522705,0.9069206541728311,,,,,roc_auc,0.8283788792804976,0.8033344149589539,0.4278406500816345,0.8283788792804976,,,,,roc_auc,0.815367012897576,0.7982993125915527,0.4501936137676239,0.815367012897576,,,,
tolokers,GAT-sep,2,512,3e-05,1,2190,roc_auc,0.9090847576970587,0.8586494326591492,0.3030048906803131,0.9090847576970587,,,,,roc_auc,0.843612909007222,0.8155835270881653,0.4340032637119293,0.843612909007222,,,,,roc_auc,0.8473886272500264,0.8102040886878967,0.4239203929901123,0.8473886272500264,,,,
tolokers,GAT-sep,3,512,3e-05,1,780,roc_auc,0.8484413570511347,0.8225889205932617,0.39233294129371643,0.8484413570511347,,,,,roc_auc,0.8474105543856219,0.8176250457763672,0.39236903190612793,0.8474105543856219,,,,,roc_auc,0.8426194794877844,0.8159863948822021,0.39797329902648926,0.8426194794877844,,,,
tolokers,GAT-sep,4,512,3e-05,1,630,roc_auc,0.8391796858836211,0.8193570375442505,0.4219346344470978,0.8391796858836211,,,,,roc_auc,0.8434472626946853,0.818305492401123,0.41515296697616577,0.8434472626946853,,,,,roc_auc,0.8355359123062449,0.8190476298332214,0.42389366030693054,0.8355359123062449,,,,
tolokers,GAT-sep,5,512,3e-05,1,720,roc_auc,0.8396926874634962,0.8195271492004395,0.39939919114112854,0.8396926874634962,,,,,roc_auc,0.8414825888074688,0.8159237504005432,0.39548927545547485,0.8414825888074688,,,,,roc_auc,0.8357538317214752,0.8221088647842407,0.4006819427013397,0.8357538317214752,,,,
tolokers,GAT-sep,1,512,3e-05,2,2240,roc_auc,0.8724262583547182,0.8304133415222168,0.346911758184433,0.8724262583547182,,,,,roc_auc,0.8013418709072122,0.7907451391220093,0.43312522768974304,0.8013418709072122,,,,,roc_auc,0.8253187791632437,0.8098639845848083,0.40284964442253113,0.8253187791632437,,,,
tolokers,GAT-sep,2,512,3e-05,2,1820,roc_auc,0.9005033859800144,0.8504847884178162,0.32641372084617615,0.9005033859800144,,,,,roc_auc,0.8283849891854682,0.8043552041053772,0.4670557379722595,0.8283849891854682,,,,,roc_auc,0.8493224502411687,0.8170068264007568,0.4309566915035248,0.8493224502411687,,,,
tolokers,GAT-sep,3,512,3e-05,2,680,roc_auc,0.8498597004274279,0.8191869258880615,0.390199214220047,0.8498597004274279,,,,,roc_auc,0.8280856038419084,0.8077577352523804,0.4217386841773987,0.8280856038419084,,,,,roc_auc,0.8435264038348393,0.8180271983146667,0.3999152183532715,0.8435264038348393,,,,
tolokers,GAT-sep,4,512,3e-05,2,1120,roc_auc,0.8721465241047995,0.8230991959571838,0.3820061981678009,0.8721465241047995,,,,,roc_auc,0.8319592835932759,0.795168399810791,0.4591526687145233,0.8319592835932759,,,,,roc_auc,0.8505038920475342,0.813265323638916,0.4308978021144867,0.8505038920475342,,,,
tolokers,GAT-sep,5,512,3e-05,2,1520,roc_auc,0.8889171817032941,0.8368770480155945,0.3466748297214508,0.8889171817032941,,,,,roc_auc,0.8332824174585782,0.7999319434165955,0.4553123116493225,0.8332824174585782,,,,,roc_auc,0.8568855757003924,0.821088433265686,0.41504326462745667,0.8568855757003924,,,,
tolokers,GAT-sep,1,512,3e-05,3,3040,roc_auc,0.8805594956338054,0.8363667726516724,0.3367374837398529,0.8805594956338054,,,,,roc_auc,0.8101767934947163,0.7907451391220093,0.42840081453323364,0.8101767934947163,,,,,roc_auc,0.8244027042342115,0.8023809790611267,0.42463064193725586,0.8244027042342115,,,,
tolokers,GAT-sep,2,512,3e-05,3,2160,roc_auc,0.9082622592962668,0.8542269468307495,0.30473098158836365,0.9082622592962668,,,,,roc_auc,0.8395379418309891,0.8019734621047974,0.43382251262664795,0.8395379418309891,,,,,roc_auc,0.8433406809117505,0.8139455914497375,0.4299929440021515,0.8433406809117505,,,,
tolokers,GAT-sep,3,512,3e-05,3,2430,roc_auc,0.906450049417739,0.8481034636497498,0.33640024065971375,0.906450049417739,,,,,roc_auc,0.8380352446473838,0.7941476702690125,0.48920175433158875,0.8380352446473838,,,,,roc_auc,0.8468158686003541,0.8159863948822021,0.46914586424827576,0.8468158686003541,,,,
tolokers,GAT-sep,4,512,3e-05,3,1670,roc_auc,0.8837323044132719,0.8360265493392944,0.36281630396842957,0.8837323044132719,,,,,roc_auc,0.8421988054456905,0.8101394772529602,0.4517599940299988,0.8421988054456905,,,,,roc_auc,0.850779765148619,0.8183673620223999,0.4375894069671631,0.850779765148619,,,,
tolokers,GAT-sep,5,512,3e-05,3,1390,roc_auc,0.876024731255007,0.8256506323814392,0.36609217524528503,0.876024731255007,,,,,roc_auc,0.8416482351200055,0.8033344149589539,0.42930078506469727,0.8416482351200055,,,,,roc_auc,0.8539099420056449,0.8183673620223999,0.40780171751976013,0.8539099420056449,,,,
tolokers,GAT-sep,1,512,3e-05,4,2660,roc_auc,0.8982430416635293,0.850144624710083,0.3132425844669342,0.8982430416635293,,,,,roc_auc,0.8121903466216979,0.7944878935813904,0.44121211767196655,0.8121903466216979,,,,,roc_auc,0.8283228813352529,0.7959184050559998,0.43413400650024414,0.8283228813352529,,,,
tolokers,GAT-sep,2,512,3e-05,4,2020,roc_auc,0.9026248382985103,0.8552474975585938,0.3103019595146179,0.9026248382985103,,,,,roc_auc,0.843523975945983,0.81252121925354,0.42998555302619934,0.843523975945983,,,,,roc_auc,0.8495501980592634,0.8176870942115784,0.4256398379802704,0.8495501980592634,,,,
tolokers,GAT-sep,3,512,3e-05,4,2140,roc_auc,0.9208798935263102,0.8640925288200378,0.29784542322158813,0.9208798935263102,,,,,roc_auc,0.8386150067412617,0.8012929558753967,0.5222782492637634,0.8386150067412617,,,,,roc_auc,0.8484006138345955,0.8061224818229675,0.5087513327598572,0.8484006138345955,,,,
tolokers,GAT-sep,4,512,3e-05,4,1770,roc_auc,0.8971249526003499,0.8487838506698608,0.3229813873767853,0.8971249526003499,,,,,roc_auc,0.8444900198096696,0.8152432441711426,0.4521085023880005,0.8444900198096696,,,,,roc_auc,0.8538862182745934,0.8156462907791138,0.43658679723739624,0.8538862182745934,,,,
tolokers,GAT-sep,5,512,3e-05,4,1910,roc_auc,0.887172213188872,0.8305834531784058,0.3552866280078888,0.887172213188872,,,,,roc_auc,0.8445714852092778,0.8074174523353577,0.46197274327278137,0.8445714852092778,,,,,roc_auc,0.8558241081910587,0.8071428537368774,0.4367564618587494,0.8558241081910587,,,,
tolokers,GAT-sep,1,512,3e-05,5,3390,roc_auc,0.8973831492632788,0.8540568351745605,0.31192710995674133,0.8973831492632788,,,,,roc_auc,0.834640174118714,0.8121809959411621,0.4185371696949005,0.834640174118714,,,,,roc_auc,0.7969167283483675,0.7823129296302795,0.46214449405670166,0.7969167283483675,,,,
tolokers,GAT-sep,2,512,3e-05,5,1480,roc_auc,0.8897813985796725,0.8486137390136719,0.3392377197742462,0.8897813985796725,,,,,roc_auc,0.8602562901471673,0.8169445395469666,0.4178931415081024,0.8602562901471673,,,,,roc_auc,0.8319871810513814,0.8037415146827698,0.4635924994945526,0.8319871810513814,,,,
tolokers,GAT-sep,3,512,3e-05,5,1520,roc_auc,0.895563477543589,0.8550773859024048,0.32440221309661865,0.895563477543589,,,,,roc_auc,0.8663356455929256,0.8268117904663086,0.3960232138633728,0.8663356455929256,,,,,roc_auc,0.838981614786256,0.807823121547699,0.4435296952724457,0.838981614786256,,,,
tolokers,GAT-sep,4,512,3e-05,5,1380,roc_auc,0.8867351019253586,0.848953902721405,0.3363032639026642,0.8867351019253586,,,,,roc_auc,0.8647993439319818,0.8305546045303345,0.3898451030254364,0.8647993439319818,,,,,roc_auc,0.8410184665522505,0.811904788017273,0.4288693070411682,0.8410184665522505,,,,
tolokers,GAT-sep,5,512,3e-05,5,1230,roc_auc,0.879218992827814,0.84112948179245,0.3486516773700714,0.879218992827814,,,,,roc_auc,0.861263066710658,0.8234093189239502,0.3912530839443207,0.861263066710658,,,,,roc_auc,0.8409296720160291,0.8037415146827698,0.42040541768074036,0.8409296720160291,,,,
tolokers,GAT-sep,1,512,3e-05,6,2890,roc_auc,0.8918953890570065,0.8470828533172607,0.32486921548843384,0.8918953890570065,,,,,roc_auc,0.819687878898968,0.7958489060401917,0.42078766226768494,0.819687878898968,,,,,roc_auc,0.8184151734272521,0.7914966344833374,0.41555026173591614,0.8184151734272521,,,,
tolokers,GAT-sep,2,512,3e-05,6,1400,roc_auc,0.8837986130472327,0.8421500325202942,0.34798866510391235,0.8837986130472327,,,,,roc_auc,0.8413956923812201,0.8101394772529602,0.4340999722480774,0.8413956923812201,,,,,roc_auc,0.8338044188499278,0.8108843564987183,0.4378005266189575,0.8338044188499278,,,,
tolokers,GAT-sep,3,512,3e-05,6,1350,roc_auc,0.8779061327515811,0.8251403570175171,0.3783907890319824,0.8779061327515811,,,,,roc_auc,0.8474444983021254,0.8087784647941589,0.4484739303588867,0.8474444983021254,,,,,roc_auc,0.8397611088065201,0.7972789406776428,0.46001648902893066,0.8397611088065201,,,,
tolokers,GAT-sep,4,512,3e-05,6,1140,roc_auc,0.867122415574355,0.8157849907875061,0.38738951086997986,0.867122415574355,,,,,roc_auc,0.8512618311520973,0.8101394772529602,0.41877084970474243,0.8512618311520973,,,,,roc_auc,0.8412923061906739,0.7996598482131958,0.4316444396972656,0.8412923061906739,,,,
tolokers,GAT-sep,5,512,3e-05,6,1030,roc_auc,0.8602715974513064,0.8120428919792175,0.3993740379810333,0.8602715974513064,,,,,roc_auc,0.8507533512828763,0.8087784647941589,0.4207261800765991,0.8507533512828763,,,,,roc_auc,0.8405866946471129,0.7986394762992859,0.4347359538078308,0.8405866946471129,,,,
tolokers,GAT-sep,1,512,3e-05,7,2370,roc_auc,0.870011165627775,0.8333050012588501,0.35035789012908936,0.870011165627775,,,,,roc_auc,0.8173477852952239,0.800952672958374,0.4158683717250824,0.8173477852952239,,,,,roc_auc,0.8062821795466192,0.7911564707756042,0.42555269598960876,0.8062821795466192,,,,
tolokers,GAT-sep,2,512,3e-05,7,1860,roc_auc,0.8901934109229145,0.840959370136261,0.3334972560405731,0.8901934109229145,,,,,roc_auc,0.8510357646681848,0.8206872940063477,0.4066481292247772,0.8510357646681848,,,,,roc_auc,0.8338525441329181,0.8040816187858582,0.4327905774116516,0.8338525441329181,,,,
tolokers,GAT-sep,3,512,3e-05,7,1980,roc_auc,0.8802125200197807,0.8343256115913391,0.3620173931121826,0.8802125200197807,,,,,roc_auc,0.8601395230743956,0.820347011089325,0.414018452167511,0.8601395230743956,,,,,roc_auc,0.8374280493128252,0.807823121547699,0.45142701268196106,0.8374280493128252,,,,
tolokers,GAT-sep,4,512,3e-05,7,1580,roc_auc,0.8850747574732034,0.841809868812561,0.35296082496643066,0.8850747574732034,,,,,roc_auc,0.8615488744876165,0.8254508376121521,0.4100069999694824,0.8615488744876165,,,,,roc_auc,0.8407412378093914,0.809183657169342,0.4403117895126343,0.8407412378093914,,,,
tolokers,GAT-sep,5,512,3e-05,7,1480,roc_auc,0.8812985570834241,0.8368770480155945,0.3595307767391205,0.8812985570834241,,,,,roc_auc,0.8607640911380581,0.8213678002357483,0.40849554538726807,0.8607640911380581,,,,,roc_auc,0.8396011430771442,0.8088435530662537,0.4413987696170807,0.8396011430771442,,,,
tolokers,GAT-sep,1,512,3e-05,8,2030,roc_auc,0.8633084820105186,0.8248001337051392,0.3549548387527466,0.8633084820105186,,,,,roc_auc,0.8174822032045773,0.8016331791877747,0.4144502580165863,0.8174822032045773,,,,,roc_auc,0.816135661783645,0.7972789406776428,0.4153783619403839,0.816135661783645,,,,
tolokers,GAT-sep,2,512,3e-05,8,1380,roc_auc,0.8817042099029486,0.8356863856315613,0.3443605601787567,0.8817042099029486,,,,,roc_auc,0.8372070130847009,0.8132017254829407,0.42078927159309387,0.8372070130847009,,,,,roc_auc,0.8491489280940491,0.8112245202064514,0.4034232795238495,0.8491489280940491,,,,
tolokers,GAT-sep,3,512,3e-05,8,1620,roc_auc,0.8856120100368549,0.8341554999351501,0.35411787033081055,0.8856120100368549,,,,,roc_auc,0.8430222848600628,0.8087784647941589,0.44831743836402893,0.8430222848600628,,,,,roc_auc,0.8465569410214488,0.8095238208770752,0.4322131872177124,0.8465569410214488,,,,
tolokers,GAT-sep,4,512,3e-05,8,1610,roc_auc,0.8968466598424736,0.8472529649734497,0.3286433815956116,0.8968466598424736,,,,,roc_auc,0.8466006525378508,0.8193262815475464,0.4349171817302704,0.8466006525378508,,,,,roc_auc,0.8542380073150428,0.8231292366981506,0.41254061460494995,0.8542380073150428,,,,
tolokers,GAT-sep,5,512,3e-05,8,1460,roc_auc,0.8834950517817859,0.8392583727836609,0.3496224284172058,0.8834950517817859,,,,,roc_auc,0.8474920197852301,0.8223885297775269,0.4192383289337158,0.8474920197852301,,,,,roc_auc,0.8561460731124724,0.8224489688873291,0.40287089347839355,0.8561460731124724,,,,
tolokers,GAT-sep,1,512,3e-05,9,2070,roc_auc,0.8575622707603682,0.8225889205932617,0.36313533782958984,0.8575622707603682,,,,,roc_auc,0.8006256542689906,0.7890438437461853,0.4265080988407135,0.8006256542689906,,,,,roc_auc,0.8212562596758931,0.7976190447807312,0.40476560592651367,0.8212562596758931,,,,
tolokers,GAT-sep,2,512,3e-05,9,1870,roc_auc,0.8963268747706332,0.8470828533172607,0.32835134863853455,0.8963268747706332,,,,,roc_auc,0.8344636657528964,0.8179652690887451,0.45512235164642334,0.8344636657528964,,,,,roc_auc,0.8459533415214098,0.8085033893585205,0.42900943756103516,0.8459533415214098,,,,
tolokers,GAT-sep,3,512,3e-05,9,1290,roc_auc,0.8726257778121473,0.8305834531784058,0.36451056599617004,0.8726257778121473,,,,,roc_auc,0.8376136612044116,0.8057162165641785,0.4489385485649109,0.8376136612044116,,,,,roc_auc,0.8479054656765059,0.811904788017273,0.41686421632766724,0.8479054656765059,,,,
tolokers,GAT-sep,4,512,3e-05,9,1300,roc_auc,0.8748808649223596,0.8312638401985168,0.3617385923862457,0.8748808649223596,,,,,roc_auc,0.8397568800924362,0.8091187477111816,0.44762057065963745,0.8397568800924362,,,,,roc_auc,0.8509332915795667,0.8149660229682922,0.4183330535888672,0.8509332915795667,,,,
tolokers,GAT-sep,5,512,3e-05,9,1310,roc_auc,0.8731042683766493,0.8314339518547058,0.3646882474422455,0.8731042683766493,,,,,roc_auc,0.8416434829716948,0.8101394772529602,0.43850138783454895,0.8416434829716948,,,,,roc_auc,0.8499606186064546,0.807823121547699,0.41277286410331726,0.8499606186064546,,,,
tolokers,GT,1,512,3e-05,0,2540,roc_auc,0.8758035894169385,0.8224188089370728,0.35100165009498596,0.8758035894169385,,,,,roc_auc,0.8095671607543152,0.7805375456809998,0.4334585964679718,0.8095671607543152,,,,,roc_auc,0.8110987747709644,0.7714285850524902,0.4345622658729553,0.8110987747709644,,,,
tolokers,GT,2,512,3e-05,0,400,roc_auc,0.8367511957600461,0.8105120062828064,0.3883044421672821,0.8367511957600461,,,,,roc_auc,0.8158189512959109,0.7992514371871948,0.41176778078079224,0.8158189512959109,,,,,roc_auc,0.8127875655113886,0.8027210831642151,0.4099496603012085,0.8127875655113886,,,,
tolokers,GT,3,512,3e-05,0,1420,roc_auc,0.9058288511410172,0.8513352870941162,0.3122491240501404,0.9058288511410172,,,,,roc_auc,0.8390861483023287,0.800952672958374,0.4248298406600952,0.8390861483023287,,,,,roc_auc,0.841277055220712,0.7972789406776428,0.4240606427192688,0.841277055220712,,,,
tolokers,GT,4,512,3e-05,0,1650,roc_auc,0.9186064061941421,0.8647729158401489,0.28551286458969116,0.9186064061941421,,,,,roc_auc,0.8423040315868509,0.808438241481781,0.41835692524909973,0.8423040315868509,,,,,roc_auc,0.8439144562927536,0.8034013509750366,0.4140167534351349,0.8439144562927536,,,,
tolokers,GT,5,512,3e-05,0,1460,roc_auc,0.9149743550086253,0.8637523651123047,0.2919310927391052,0.9149743550086253,,,,,roc_auc,0.8469903286993099,0.818305492401123,0.41650837659835815,0.8469903286993099,,,,,roc_auc,0.8463430885315417,0.8142857551574707,0.41120997071266174,0.8463430885315417,,,,
tolokers,GT,1,512,3e-05,1,3970,roc_auc,0.9083850405008388,0.8577989339828491,0.3064149022102356,0.9083850405008388,,,,,roc_auc,0.8213232967961016,0.7924463748931885,0.4364643692970276,0.8213232967961016,,,,,roc_auc,0.8093452521358135,0.7897959351539612,0.45528483390808105,0.8093452521358135,,,,
tolokers,GT,2,512,3e-05,1,1180,roc_auc,0.8754587336441529,0.8287124037742615,0.3512685000896454,0.8754587336441529,,,,,roc_auc,0.8271270276398524,0.8006124496459961,0.420839786529541,0.8271270276398524,,,,,roc_auc,0.8337440927909681,0.7938775420188904,0.40922245383262634,0.8337440927909681,,,,
tolokers,GT,3,512,3e-05,1,470,roc_auc,0.8386716023354206,0.8093213438987732,0.3911353349685669,0.8386716023354206,,,,,roc_auc,0.8319844020914884,0.8050357103347778,0.3983667194843292,0.8319844020914884,,,,,roc_auc,0.8316631826673063,0.8085033893585205,0.39667728543281555,0.8316631826673063,,,,
tolokers,GT,4,512,3e-05,1,480,roc_auc,0.8375131514950478,0.8108522295951843,0.39070582389831543,0.8375131514950478,,,,,roc_auc,0.8334181931245919,0.8029941916465759,0.39511480927467346,0.8334181931245919,,,,,roc_auc,0.8301441860591223,0.8064625859260559,0.3962900638580322,0.8301441860591223,,,,
tolokers,GT,5,512,3e-05,1,480,roc_auc,0.8372156105787202,0.815274715423584,0.3903953731060028,0.8372156105787202,,,,,roc_auc,0.8338099059210411,0.8121809959411621,0.394146203994751,0.8338099059210411,,,,,roc_auc,0.8310212862871412,0.8129251599311829,0.39435306191444397,0.8310212862871412,,,,
tolokers,GT,1,512,3e-05,2,2950,roc_auc,0.8911597193533706,0.8426603078842163,0.326654851436615,0.8911597193533706,,,,,roc_auc,0.8013534118388235,0.7815583348274231,0.44718918204307556,0.8013534118388235,,,,,roc_auc,0.8223038318570395,0.8020408153533936,0.4104827344417572,0.8223038318570395,,,,
tolokers,GT,2,512,3e-05,2,1360,roc_auc,0.8981880105849608,0.8450416922569275,0.3172430098056793,0.8981880105849608,,,,,roc_auc,0.8206926188274687,0.7938073873519897,0.4315512180328369,0.8206926188274687,,,,,roc_auc,0.8495041062389347,0.8159863948822021,0.3910236060619354,0.8495041062389347,,,,
tolokers,GT,3,512,3e-05,2,430,roc_auc,0.8455277624583917,0.8094914555549622,0.3888658285140991,0.8455277624583917,,,,,roc_auc,0.820776120862067,0.7887036204338074,0.4190038740634918,0.820776120862067,,,,,roc_auc,0.8389287447570555,0.805442214012146,0.39531880617141724,0.8389287447570555,,,,
tolokers,GT,4,512,3e-05,2,410,roc_auc,0.8445626411390298,0.8140840530395508,0.3847372233867645,0.8445626411390298,,,,,roc_auc,0.8226729069162767,0.8002721667289734,0.4101582169532776,0.8226729069162767,,,,,roc_auc,0.8411791101025134,0.8207483291625977,0.38674280047416687,0.8411791101025134,,,,
tolokers,GT,5,512,3e-05,2,1170,roc_auc,0.9035025373651696,0.849294126033783,0.3128160238265991,0.9035025373651696,,,,,roc_auc,0.8301500728436447,0.8002721667289734,0.43274107575416565,0.8301500728436447,,,,,roc_auc,0.8517266809280181,0.8180271983146667,0.40224745869636536,0.8517266809280181,,,,
tolokers,GT,1,512,3e-05,3,1160,roc_auc,0.8464019001917692,0.8089811205863953,0.3831126391887665,0.8464019001917692,,,,,roc_auc,0.8030533231773134,0.7856413722038269,0.4270685613155365,0.8030533231773134,,,,,roc_auc,0.817036146832272,0.7986394762992859,0.41868457198143005,0.817036146832272,,,,
tolokers,GT,2,512,3e-05,3,1590,roc_auc,0.9139524219440539,0.8567783832550049,0.3081427812576294,0.9139524219440539,,,,,roc_auc,0.8343401098968241,0.7876828908920288,0.4341932535171509,0.8343401098968241,,,,,roc_auc,0.8418833660043,0.8027210831642151,0.42532819509506226,0.8418833660043,,,,
tolokers,GT,3,512,3e-05,3,1740,roc_auc,0.9170675710418154,0.8542269468307495,0.31140175461769104,0.9170675710418154,,,,,roc_auc,0.8409985485581304,0.7897243499755859,0.4369787275791168,0.8409985485581304,,,,,roc_auc,0.8472313728041991,0.7948979735374451,0.42576274275779724,0.8472313728041991,,,,
tolokers,GT,4,512,3e-05,3,1380,roc_auc,0.9026338264253644,0.8506549000740051,0.31686750054359436,0.9026338264253644,,,,,roc_auc,0.8399924508729697,0.8016331791877747,0.41950613260269165,0.8399924508729697,,,,,roc_auc,0.849250601227127,0.8112245202064514,0.40279296040534973,0.849250601227127,,,,
tolokers,GT,5,512,3e-05,3,1560,roc_auc,0.9218343308458268,0.8686851859092712,0.28664493560791016,0.9218343308458268,,,,,roc_auc,0.8418912735621696,0.8057162165641785,0.43119120597839355,0.8418912735621696,,,,,roc_auc,0.850695715358608,0.819727897644043,0.41602984070777893,0.850695715358608,,,,
tolokers,GT,1,512,3e-05,4,1760,roc_auc,0.8649330435425566,0.8210580348968506,0.35680070519447327,0.8649330435425566,,,,,roc_auc,0.8042657998748148,0.7873426079750061,0.4289909601211548,0.8042657998748148,,,,,roc_auc,0.8214219868828102,0.7904762029647827,0.41941264271736145,0.8214219868828102,,,,
tolokers,GT,2,512,3e-05,4,2200,roc_auc,0.9482699382091716,0.8950501680374146,0.23400583863258362,0.9482699382091716,,,,,roc_auc,0.8346340642137435,0.8063967227935791,0.470907598733902,0.8346340642137435,,,,,roc_auc,0.843364404642802,0.8149660229682922,0.45361727476119995,0.843364404642802,,,,
tolokers,GT,3,512,3e-05,4,1640,roc_auc,0.9228058964825558,0.8543969988822937,0.3037276864051819,0.9228058964825558,,,,,roc_auc,0.831960641349936,0.7842803597450256,0.483494371175766,0.831960641349936,,,,,roc_auc,0.8518236093148859,0.8006802797317505,0.445722758769989,0.8518236093148859,,,,
tolokers,GT,4,512,3e-05,4,1520,roc_auc,0.9167950442521098,0.8353461623191833,0.33596494793891907,0.9167950442521098,,,,,roc_auc,0.8338872980506687,0.7706702947616577,0.497712641954422,0.8338872980506687,,,,,roc_auc,0.8476346762320751,0.7914966344833374,0.46698057651519775,0.8476346762320751,,,,
tolokers,GT,5,512,3e-05,4,1560,roc_auc,0.9293350074991504,0.8569484949111938,0.2952643930912018,0.9293350074991504,,,,,roc_auc,0.8328574396239556,0.7825790643692017,0.48134469985961914,0.8328574396239556,,,,,roc_auc,0.8502436088268547,0.7965986728668213,0.44776415824890137,0.8502436088268547,,,,
tolokers,GT,1,512,3e-05,5,3720,roc_auc,0.9031382638466334,0.857118546962738,0.3094571828842163,0.9031382638466334,,,,,roc_auc,0.8270774695217573,0.8060564398765564,0.42907389998435974,0.8270774695217573,,,,,roc_auc,0.7908841224524101,0.776190459728241,0.4703724682331085,0.7908841224524101,,,,
tolokers,GT,2,512,3e-05,5,1390,roc_auc,0.8989060432094871,0.8537166118621826,0.31998738646507263,0.8989060432094871,,,,,roc_auc,0.847821275775313,0.8115004897117615,0.4051200747489929,0.847821275775313,,,,,roc_auc,0.8231775429806223,0.7908163666725159,0.4407462477684021,0.8231775429806223,,,,
tolokers,GT,3,512,3e-05,5,1760,roc_auc,0.9225337936610982,0.8657935261726379,0.29147762060165405,0.9225337936610982,,,,,roc_auc,0.8563731060991787,0.8036746978759766,0.42896848917007446,0.8563731060991787,,,,,roc_auc,0.8298106981826265,0.7857142686843872,0.4727626442909241,0.8298106981826265,,,,
tolokers,GT,4,512,3e-05,5,1120,roc_auc,0.8936137323654647,0.8365368247032166,0.3390420377254486,0.8936137323654647,,,,,roc_auc,0.8563160803194529,0.8080979585647583,0.41229403018951416,0.8563160803194529,,,,,roc_auc,0.8344612272896113,0.7867347002029419,0.44288504123687744,0.8344612272896113,,,,
tolokers,GT,5,512,3e-05,5,1220,roc_auc,0.9027192136304775,0.8532063364982605,0.3134414255619049,0.9027192136304775,,,,,roc_auc,0.8586066158051021,0.814222514629364,0.3882942199707031,0.8586066158051021,,,,,roc_auc,0.8355315064704782,0.7993197441101074,0.42049574851989746,0.8355315064704782,,,,
tolokers,GT,1,512,3e-05,6,2500,roc_auc,0.8748611927956603,0.8300731778144836,0.35065147280693054,0.8748611927956603,,,,,roc_auc,0.8139540725232144,0.7890438437461853,0.42287954688072205,0.8139540725232144,,,,,roc_auc,0.8074344750548357,0.7829931974411011,0.42297834157943726,0.8074344750548357,,,,
tolokers,GT,2,512,3e-05,6,1330,roc_auc,0.8884585328527907,0.8406191468238831,0.3334349989891052,0.8884585328527907,,,,,roc_auc,0.8424852921009791,0.8135420083999634,0.39865046739578247,0.8424852921009791,,,,,roc_auc,0.8375785255497805,0.8020408153533936,0.4062248468399048,0.8375785255497805,,,,
tolokers,GT,3,512,3e-05,6,1480,roc_auc,0.90693846083924,0.8515053987503052,0.3213581144809723,0.90693846083924,,,,,roc_auc,0.8516806990817493,0.8033344149589539,0.4267006516456604,0.8516806990817493,,,,,roc_auc,0.8389931377413381,0.7891156673431396,0.44921302795410156,0.8389931377413381,,,,
tolokers,GT,4,512,3e-05,6,1380,roc_auc,0.9091648029022492,0.8550773859024048,0.3128419816493988,0.9091648029022492,,,,,roc_auc,0.8520676597298878,0.8111602067947388,0.4197573959827423,0.8520676597298878,,,,,roc_auc,0.8399739445650967,0.7891156673431396,0.44412270188331604,0.8399739445650967,,,,
tolokers,GT,5,512,3e-05,6,1730,roc_auc,0.9248082137234113,0.866644024848938,0.2898806035518646,0.9248082137234113,,,,,roc_auc,0.853526569261204,0.8101394772529602,0.43128034472465515,0.853526569261204,,,,,roc_auc,0.8382448234818847,0.7877551317214966,0.45863476395606995,0.8382448234818847,,,,
tolokers,GT,1,512,3e-05,7,2910,roc_auc,0.8885579110100823,0.8428304195404053,0.3306409418582916,0.8885579110100823,,,,,roc_auc,0.8182846373907177,0.7989111542701721,0.41994428634643555,0.8182846373907177,,,,,roc_auc,0.8022999818344003,0.7843537330627441,0.4377746284008026,0.8022999818344003,,,,
tolokers,GT,2,512,3e-05,7,1500,roc_auc,0.9009298132436827,0.8516754508018494,0.3170488178730011,0.9009298132436827,,,,,roc_auc,0.8501939555389003,0.8121809959411621,0.4002680778503418,0.8501939555389003,,,,,roc_auc,0.8310853403609804,0.7989795804023743,0.42923733592033386,0.8310853403609804,,,,
tolokers,GT,3,512,3e-05,7,1670,roc_auc,0.9138121732476713,0.8620513677597046,0.29976674914360046,0.9138121732476713,,,,,roc_auc,0.8594701490409486,0.8176250457763672,0.39654073119163513,0.8594701490409486,,,,,roc_auc,0.8373785683880607,0.8017007112503052,0.4280209541320801,0.8373785683880607,,,,
tolokers,GT,4,512,3e-05,7,1440,roc_auc,0.8999017750363424,0.849294126033783,0.3201787769794464,0.8999017750363424,,,,,roc_auc,0.8586928333530208,0.8196665048599243,0.3853430151939392,0.8586928333530208,,,,,roc_auc,0.8383295510927828,0.7996598482131958,0.4120875895023346,0.8383295510927828,,,,
tolokers,GT,5,512,3e-05,7,1290,roc_auc,0.8951982712949076,0.8496342897415161,0.3227558732032776,0.8951982712949076,,,,,roc_auc,0.8593771427097293,0.8237495422363281,0.3856038749217987,0.8593771427097293,,,,,roc_auc,0.837907946500953,0.809183657169342,0.41324055194854736,0.837907946500953,,,,
tolokers,GT,1,512,3e-05,9,1450,roc_auc,0.856877646833771,0.8202075362205505,0.36796465516090393,0.856877646833771,,,,,roc_auc,0.7934146086470091,0.7822388410568237,0.4357452392578125,0.7934146086470091,,,,,roc_auc,0.8194037751912133,0.7921769022941589,0.4076375365257263,0.8194037751912133,,,,
tolokers,GT,2,512,3e-05,9,1380,roc_auc,0.8954947098937908,0.8421500325202942,0.33095821738243103,0.8954947098937908,,,,,roc_auc,0.8344650235095566,0.7992514371871948,0.43236157298088074,0.8344650235095566,,,,,roc_auc,0.8404053775597906,0.7989795804023743,0.42078226804733276,0.8404053775597906,,,,
tolokers,GT,3,512,3e-05,9,420,roc_auc,0.8428141112913259,0.8084708452224731,0.38974255323410034,0.8428141112913259,,,,,roc_auc,0.8245533998905649,0.808438241481781,0.4157220721244812,0.8245533998905649,,,,,roc_auc,0.8379076075905094,0.8017007112503052,0.39598870277404785,0.8379076075905094,,,,
tolokers,GT,4,512,3e-05,9,380,roc_auc,0.8416846598791046,0.8100017309188843,0.3877779245376587,0.8416846598791046,,,,,roc_auc,0.8274759711015073,0.806736946105957,0.40774717926979065,0.8274759711015073,,,,,roc_auc,0.8357629823034523,0.7993197441101074,0.39427608251571655,0.8357629823034523,,,,
tolokers,GT,5,512,3e-05,9,400,roc_auc,0.8419617655258869,0.8031978607177734,0.39229142665863037,0.8419617655258869,,,,,roc_auc,0.8274311651317228,0.7999319434165955,0.4142921268939972,0.8274311651317228,,,,,roc_auc,0.8384546090464688,0.8044217824935913,0.3956693708896637,0.8384546090464688,,,,
tolokers,GT,1,512,3e-05,8,3340,roc_auc,0.8983100286466866,0.8465725779533386,0.3205855190753937,0.8983100286466866,,,,,roc_auc,0.8199967685391489,0.7904048562049866,0.4285942614078522,0.8199967685391489,,,,,roc_auc,0.814057462943532,0.7863945960998535,0.43739354610443115,0.814057462943532,,,,
tolokers,GT,2,512,3e-05,8,1870,roc_auc,0.9211169765704972,0.8671543002128601,0.2860652208328247,0.9211169765704972,,,,,roc_auc,0.8296986187541495,0.8016331791877747,0.4394368827342987,0.8296986187541495,,,,,roc_auc,0.836498756876493,0.8040816187858582,0.4242960810661316,0.836498756876493,,,,
tolokers,GT,3,512,3e-05,8,460,roc_auc,0.8421221951108661,0.8139139413833618,0.3864510655403137,0.8421221951108661,,,,,roc_auc,0.8226518616880445,0.800952672958374,0.41774824261665344,0.8226518616880445,,,,,roc_auc,0.8322332300334302,0.8085033893585205,0.40235385298728943,0.8322332300334302,,,,
tolokers,GT,4,512,3e-05,8,2130,roc_auc,0.9421380006471451,0.8880762457847595,0.24480359256267548,0.9421380006471451,,,,,roc_auc,0.8385043495734608,0.8050357103347778,0.45917466282844543,0.8385043495734608,,,,,roc_auc,0.8439832551128029,0.8125850558280945,0.443291038274765,0.8439832551128029,,,,
tolokers,GT,5,512,3e-05,8,1750,roc_auc,0.9319419034614125,0.8805919289588928,0.2644512951374054,0.9319419034614125,,,,,roc_auc,0.8391540361353358,0.8077577352523804,0.45396485924720764,0.8391540361353358,,,,,roc_auc,0.844609561612563,0.8102040886878967,0.43317896127700806,0.844609561612563,,,,
tolokers,GT-sep,1,512,3e-05,0,4800,roc_auc,0.9288135265543185,0.8727675080299377,0.2730104327201843,0.9288135265543185,,,,,roc_auc,0.8133722737943461,0.7822388410568237,0.45753970742225647,0.8133722737943461,,,,,roc_auc,0.8193885242212516,0.7846938967704773,0.44962769746780396,0.8193885242212516,,,,
tolokers,GT-sep,2,512,3e-05,0,1950,roc_auc,0.9304639501494745,0.8753189444541931,0.2713640332221985,0.9304639501494745,,,,,roc_auc,0.8345159393843117,0.7985709309577942,0.426909863948822,0.8345159393843117,,,,,roc_auc,0.8363404856993347,0.7972789406776428,0.4290580451488495,0.8363404856993347,,,,
tolokers,GT-sep,3,512,3e-05,0,1820,roc_auc,0.9216198029124245,0.865623414516449,0.2844909429550171,0.9216198029124245,,,,,roc_auc,0.8370841361069586,0.8036746978759766,0.433867484331131,0.8370841361069586,,,,,roc_auc,0.8375768309975626,0.7952380776405334,0.43400290608406067,0.8375768309975626,,,,
tolokers,GT-sep,4,512,3e-05,0,1780,roc_auc,0.9255896719978131,0.873958170413971,0.2743949294090271,0.9255896719978131,,,,,roc_auc,0.8401811790487285,0.8097992539405823,0.43753674626350403,0.8401811790487285,,,,,roc_auc,0.8430902260939352,0.8098639845848083,0.4284248352050781,0.8430902260939352,,,,
tolokers,GT-sep,5,512,3e-05,0,1540,roc_auc,0.9072535540410278,0.8543969988822937,0.30287113785743713,0.9072535540410278,,,,,roc_auc,0.8425864449721592,0.8128615021705627,0.4123785197734833,0.8425864449721592,,,,,roc_auc,0.8487784989792018,0.8098639845848083,0.40163275599479675,0.8487784989792018,,,,
tolokers,GT-sep,1,512,3e-05,1,4020,roc_auc,0.8908932977064336,0.8457220792770386,0.32746708393096924,0.8908932977064336,,,,,roc_auc,0.8216461034420489,0.7904048562049866,0.4167255759239197,0.8216461034420489,,,,,roc_auc,0.8106690363284883,0.7884353995323181,0.4328277111053467,0.8106690363284883,,,,
tolokers,GT-sep,2,512,3e-05,1,2420,roc_auc,0.9440061743343867,0.891308069229126,0.24593915045261383,0.9440061743343867,,,,,roc_auc,0.8356856467470186,0.8087784647941589,0.43639257550239563,0.8356856467470186,,,,,roc_auc,0.832324058032313,0.7979592084884644,0.4385589063167572,0.832324058032313,,,,
tolokers,GT-sep,3,512,3e-05,1,1520,roc_auc,0.8953217308486761,0.841809868812561,0.3306783437728882,0.8953217308486761,,,,,roc_auc,0.8390990469906003,0.7985709309577942,0.4220876395702362,0.8390990469906003,,,,,roc_auc,0.8387253984908996,0.7918367385864258,0.42350393533706665,0.8387253984908996,,,,
tolokers,GT-sep,4,512,3e-05,1,1390,roc_auc,0.8832113322303377,0.8212281465530396,0.3598119616508484,0.8832113322303377,,,,,roc_auc,0.8390515255074955,0.7904048562049866,0.4312049448490143,0.8390515255074955,,,,,roc_auc,0.8362228837754081,0.7863945960998535,0.4363260865211487,0.8362228837754081,,,,
tolokers,GT-sep,5,512,3e-05,1,2030,roc_auc,0.9407955475872135,0.8804218769073486,0.26201358437538147,0.9407955475872135,,,,,roc_auc,0.839246363588225,0.7965294122695923,0.43792015314102173,0.839246363588225,,,,,roc_auc,0.8364011506687381,0.7874149680137634,0.44666150212287903,0.8364011506687381,,,,
tolokers,GT-sep,1,512,3e-05,2,3150,roc_auc,0.898883403305053,0.848953902721405,0.317752867937088,0.898883403305053,,,,,roc_auc,0.8037559622489339,0.7941476702690125,0.44528308510780334,0.8037559622489339,,,,,roc_auc,0.8247582212895408,0.8085033893585205,0.40610888600349426,0.8247582212895408,,,,
tolokers,GT-sep,2,512,3e-05,2,1780,roc_auc,0.9187662422235744,0.8632420897483826,0.2892666757106781,0.9187662422235744,,,,,roc_auc,0.8232845762916677,0.7982306480407715,0.4367246925830841,0.8232845762916677,,,,,roc_auc,0.8472184942073426,0.8163265585899353,0.40142083168029785,0.8472184942073426,,,,
tolokers,GT-sep,3,512,3e-05,2,1700,roc_auc,0.9363941636191828,0.8719170093536377,0.2703527808189392,0.9363941636191828,,,,,roc_auc,0.8277088263687206,0.7853010892868042,0.4574165940284729,0.8277088263687206,,,,,roc_auc,0.8535073163986564,0.8068027496337891,0.42254412174224854,0.8535073163986564,,,,
tolokers,GT-sep,4,512,3e-05,2,1480,roc_auc,0.909991795366468,0.8503146767616272,0.30333900451660156,0.909991795366468,,,,,roc_auc,0.8252343148556229,0.7917658686637878,0.44107022881507874,0.8252343148556229,,,,,roc_auc,0.8554228382258445,0.8180271983146667,0.4034065008163452,0.8554228382258445,,,,
tolokers,GT-sep,5,512,3e-05,2,1440,roc_auc,0.9155454402384532,0.8617112040519714,0.291349321603775,0.9155454402384532,,,,,roc_auc,0.8298551002092304,0.802653968334198,0.4300720989704132,0.8298551002092304,,,,,roc_auc,0.8534524129067942,0.8214285969734192,0.3975618779659271,0.8534524129067942,,,,
tolokers,GT-sep,1,512,3e-05,3,4310,roc_auc,0.907340891500081,0.857288658618927,0.30940988659858704,0.907340891500081,,,,,roc_auc,0.8094259540616611,0.7808778285980225,0.45035573840141296,0.8094259540616611,,,,,roc_auc,0.8153870086137479,0.7945578098297119,0.45503759384155273,0.8153870086137479,,,,
tolokers,GT-sep,2,512,3e-05,3,1810,roc_auc,0.9127768427864686,0.8596700429916382,0.30456310510635376,0.9127768427864686,,,,,roc_auc,0.8298438987167842,0.7914256453514099,0.422174870967865,0.8298438987167842,,,,,roc_auc,0.8413926236819773,0.805442214012146,0.40916907787323,0.8413926236819773,,,,
tolokers,GT-sep,3,512,3e-05,3,1940,roc_auc,0.9340015412093745,0.8770199418067932,0.2758275866508484,0.9340015412093745,,,,,roc_auc,0.8384289940788231,0.7975501418113708,0.44631871581077576,0.8384289940788231,,,,,roc_auc,0.8449938860555976,0.800000011920929,0.4338105618953705,0.8449938860555976,,,,
tolokers,GT-sep,4,512,3e-05,3,1700,roc_auc,0.9198069146846999,0.8627317547798157,0.2973117232322693,0.9198069146846999,,,,,roc_auc,0.8448009460848408,0.7958489060401917,0.4101942777633667,0.8448009460848408,,,,,roc_auc,0.8505859083748837,0.8064625859260559,0.39918214082717896,0.8505859083748837,,,,
tolokers,GT-sep,5,512,3e-05,3,1620,roc_auc,0.9183330314679408,0.8629018664360046,0.29486730694770813,0.9183330314679408,,,,,roc_auc,0.8414527181609458,0.800952672958374,0.4120026230812073,0.8414527181609458,,,,,roc_auc,0.8510197137426828,0.8163265585899353,0.39938268065452576,0.8510197137426828,,,,
tolokers,GT-sep,1,512,3e-05,4,4430,roc_auc,0.917650103414335,0.8669841885566711,0.290388286113739,0.917650103414335,,,,,roc_auc,0.8117151317906501,0.7917658686637878,0.4531048834323883,0.8117151317906501,,,,,roc_auc,0.8305644350091779,0.8027210831642151,0.4389190077781677,0.8305644350091779,,,,
tolokers,GT-sep,2,512,3e-05,4,2440,roc_auc,0.9342501561899025,0.881952702999115,0.2624973654747009,0.9342501561899025,,,,,roc_auc,0.833520703752432,0.8033344149589539,0.456309974193573,0.833520703752432,,,,,roc_auc,0.8386765953870221,0.8047618865966797,0.45218583941459656,0.8386765953870221,,,,
tolokers,GT-sep,3,512,3e-05,4,2400,roc_auc,0.9513557487041835,0.8754890561103821,0.25880375504493713,0.9513557487041835,,,,,roc_auc,0.8308418498619841,0.7788363099098206,0.5221676826477051,0.8308418498619841,,,,,roc_auc,0.8465691417974184,0.7942177057266235,0.4901008903980255,0.8465691417974184,,,,
tolokers,GT-sep,4,512,3e-05,4,2110,roc_auc,0.9461970726518772,0.883993923664093,0.24902789294719696,0.9461970726518772,,,,,roc_auc,0.8323258778915126,0.7917658686637878,0.47841060161590576,0.8323258778915126,,,,,roc_auc,0.8498735186224511,0.8057823181152344,0.44756019115448,0.8498735186224511,,,,
tolokers,GT-sep,5,512,3e-05,4,1250,roc_auc,0.8997131939597075,0.8377275466918945,0.3237540125846863,0.8997131939597075,,,,,roc_auc,0.8388247801452529,0.7982306480407715,0.4345014691352844,0.8388247801452529,,,,,roc_auc,0.856578522838497,0.8190476298332214,0.4075073301792145,0.856578522838497,,,,
tolokers,GT-sep,1,512,3e-05,5,4840,roc_auc,0.9160986340082229,0.8703861236572266,0.29005876183509827,0.9160986340082229,,,,,roc_auc,0.8300149760559612,0.8101394772529602,0.4258670508861542,0.8300149760559612,,,,,roc_auc,0.7934869546592052,0.7819728255271912,0.4707372486591339,0.7934869546592052,,,,
tolokers,GT-sep,2,512,3e-05,5,1810,roc_auc,0.9175274070034128,0.8691954612731934,0.28818479180336,0.9175274070034128,,,,,roc_auc,0.8516168845187227,0.814222514629364,0.4020797312259674,0.8516168845187227,,,,,roc_auc,0.825724116053781,0.800000011920929,0.4345182478427887,0.825724116053781,,,,
tolokers,GT-sep,3,512,3e-05,5,1820,roc_auc,0.9270575348654526,0.8802517652511597,0.270337849855423,0.9270575348654526,,,,,roc_auc,0.8552909740410505,0.8145627379417419,0.42031607031822205,0.8552909740410505,,,,,roc_auc,0.8339054141621186,0.8006802797317505,0.450179785490036,0.8339054141621186,,,,
tolokers,GT-sep,4,512,3e-05,5,1450,roc_auc,0.9096962047040803,0.8649430274963379,0.2972986698150635,0.9096962047040803,,,,,roc_auc,0.8564552503771169,0.8132017254829407,0.39519330859184265,0.8564552503771169,,,,,roc_auc,0.8342151783075626,0.7976190447807312,0.4257400631904602,0.8342151783075626,,,,
tolokers,GT-sep,5,512,3e-05,5,1160,roc_auc,0.8992630244741607,0.8528661727905273,0.3172006905078888,0.8992630244741607,,,,,roc_auc,0.8578191169422235,0.8149030208587646,0.39270463585853577,0.8578191169422235,,,,,roc_auc,0.8314381461327607,0.7942177057266235,0.4273527264595032,0.8314381461327607,,,,
tolokers,GT-sep,1,512,3e-05,6,4770,roc_auc,0.9360706758460879,0.8804218769073486,0.26800021529197693,0.9360706758460879,,,,,roc_auc,0.8127952272137884,0.7866621017456055,0.4598298668861389,0.8127952272137884,,,,,roc_auc,0.8129641378525008,0.7775510549545288,0.46351510286331177,0.8129641378525008,,,,
tolokers,GT-sep,2,512,3e-05,6,1590,roc_auc,0.9027766189312337,0.8562681078910828,0.3146137297153473,0.9027766189312337,,,,,roc_auc,0.8422673721570272,0.8132017254829407,0.39768192172050476,0.8422673721570272,,,,,roc_auc,0.8371386197939967,0.8040816187858582,0.40224719047546387,0.8371386197939967,,,,
tolokers,GT-sep,3,512,3e-05,6,1320,roc_auc,0.8959733700455919,0.84112948179245,0.33503401279449463,0.8959733700455919,,,,,roc_auc,0.8476400152611847,0.8029941916465759,0.40764185786247253,0.8476400152611847,,,,,roc_auc,0.8374626181780718,0.788095235824585,0.4258231818675995,0.8374626181780718,,,,
tolokers,GT-sep,4,512,3e-05,6,1450,roc_auc,0.9034103666680913,0.8469127416610718,0.319090873003006,0.9034103666680913,,,,,roc_auc,0.8564647546737378,0.8128615021705627,0.39368849992752075,0.8564647546737378,,,,,roc_auc,0.8433728774038918,0.7925170063972473,0.4127756953239441,0.8433728774038918,,,,
tolokers,GT-sep,5,512,3e-05,6,1230,roc_auc,0.8944875309242442,0.8469127416610718,0.3306873142719269,0.8944875309242442,,,,,roc_auc,0.8537906529316003,0.8135420083999634,0.3948923349380493,0.8537906529316003,,,,,roc_auc,0.8418440523928433,0.7986394762992859,0.4113779067993164,0.8418440523928433,,,,
tolokers,GT-sep,1,512,3e-05,7,3430,roc_auc,0.8922598321628418,0.8498044013977051,0.3260824680328369,0.8922598321628418,,,,,roc_auc,0.8202438802512937,0.8006124496459961,0.4160216748714447,0.8202438802512937,,,,,roc_auc,0.8074751443080668,0.7860544323921204,0.42925524711608887,0.8074751443080668,,,,
tolokers,GT-sep,2,512,3e-05,7,1200,roc_auc,0.8849984431885941,0.8397687077522278,0.338846355676651,0.8849984431885941,,,,,roc_auc,0.8480914693506799,0.8111602067947388,0.39190673828125,0.8480914693506799,,,,,roc_auc,0.8274586597040905,0.7955782413482666,0.416346937417984,0.8274586597040905,,,,
tolokers,GT-sep,3,512,3e-05,7,1550,roc_auc,0.8975919960221602,0.8460623025894165,0.33255720138549805,0.8975919960221602,,,,,roc_auc,0.8550234959790037,0.8111602067947388,0.4011695683002472,0.8550234959790037,,,,,roc_auc,0.8385654327615237,0.793537437915802,0.42397722601890564,0.8385654327615237,,,,
tolokers,GT-sep,4,512,3e-05,7,1500,roc_auc,0.8930472259927131,0.8465725779533386,0.3264738917350769,0.8930472259927131,,,,,roc_auc,0.8566107135147025,0.8138822317123413,0.38795655965805054,0.8566107135147025,,,,,roc_auc,0.8347594684799731,0.7952380776405334,0.41594305634498596,0.8347594684799731,,,,
tolokers,GT-sep,5,512,3e-05,7,1380,roc_auc,0.9011346747010346,0.8545671105384827,0.3146895170211792,0.9011346747010346,,,,,roc_auc,0.8556772558108591,0.8179652690887451,0.3827487826347351,0.8556772558108591,,,,,roc_auc,0.8376544414891454,0.8010204434394836,0.4061658978462219,0.8376544414891454,,,,
tolokers,GT-sep,1,512,3e-05,9,5730,roc_auc,0.9270621985161789,0.8722572326660156,0.2782231569290161,0.9270621985161789,,,,,roc_auc,0.8055787505651661,0.7904048562049866,0.4588555097579956,0.8055787505651661,,,,,roc_auc,0.8238912883748295,0.7931972742080688,0.4385725259780884,0.8238912883748295,,,,
tolokers,GT-sep,2,512,3e-05,9,1610,roc_auc,0.903493294857367,0.8509950637817383,0.31178542971611023,0.903493294857367,,,,,roc_auc,0.8276837078705082,0.8040149211883545,0.4273377060890198,0.8276837078705082,,,,,roc_auc,0.8405056950510942,0.805442214012146,0.41006889939308167,0.8405056950510942,,,,
tolokers,GT-sep,3,512,3e-05,9,440,roc_auc,0.844625303646059,0.8091512322425842,0.38601985573768616,0.844625303646059,,,,,roc_auc,0.8235717418252866,0.7995916604995728,0.4136273264884949,0.8235717418252866,,,,,roc_auc,0.8383671701520217,0.7976190447807312,0.39410874247550964,0.8383671701520217,,,,
tolokers,GT-sep,4,512,3e-05,9,570,roc_auc,0.8451098993533298,0.8130634427070618,0.38353458046913147,0.8451098993533298,,,,,roc_auc,0.8265560909642651,0.8040149211883545,0.4123208522796631,0.8265560909642651,,,,,roc_auc,0.8383895382412989,0.8037415146827698,0.3944714665412903,0.8383895382412989,,,,
tolokers,GT-sep,5,512,3e-05,9,430,roc_auc,0.8371093641358137,0.8043885231018066,0.3909764289855957,0.8371093641358137,,,,,roc_auc,0.8231827445421576,0.7989111542701721,0.4067796468734741,0.8231827445421576,,,,,roc_auc,0.8327392233257147,0.8017007112503052,0.39623525738716125,0.8327392233257147,,,,
tolokers,GT-sep,1,512,3e-05,8,3760,roc_auc,0.9130401270683715,0.8600102066993713,0.2979260981082916,0.9130401270683715,,,,,roc_auc,0.8207289388181271,0.7961891293525696,0.4356016516685486,0.8207289388181271,,,,,roc_auc,0.8163274850947186,0.7952380776405334,0.44125205278396606,0.8163274850947186,,,,
tolokers,GT-sep,2,512,3e-05,8,2020,roc_auc,0.9232064616831065,0.8685150742530823,0.281668484210968,0.9232064616831065,,,,,roc_auc,0.8296510972710449,0.7975501418113708,0.4361844062805176,0.8296510972710449,,,,,roc_auc,0.8382814258097926,0.8023809790611267,0.4166114628314972,0.8382814258097926,,,,
tolokers,GT-sep,3,512,3e-05,8,2150,roc_auc,0.9430088314281897,0.8868855237960815,0.2495545744895935,0.9430088314281897,,,,,roc_auc,0.8382395870247342,0.795168399810791,0.4612697660923004,0.8382395870247342,,,,,roc_auc,0.8374578734318614,0.7972789406776428,0.44815948605537415,0.8374578734318614,,,,
tolokers,GT-sep,4,512,3e-05,8,1610,roc_auc,0.9043697220192828,0.8532063364982605,0.31029170751571655,0.9043697220192828,,,,,roc_auc,0.8398559963286261,0.8118407130241394,0.432214617729187,0.8398559963286261,,,,,roc_auc,0.8410205000149122,0.8125850558280945,0.4236353039741516,0.8410205000149122,,,,
tolokers,GT-sep,5,512,3e-05,8,1840,roc_auc,0.9311802869010093,0.8754890561103821,0.26558899879455566,0.9311802869010093,,,,,roc_auc,0.841176414680608,0.8094589710235596,0.43683311343193054,0.841176414680608,,,,,roc_auc,0.8462471768760049,0.8166666626930237,0.41970157623291016,0.8462471768760049,,,,
tolokers,TAG,1,512,3e-05,0,4470,roc_auc,0.9025671786168054,0.8577989339828491,0.3068077266216278,0.9025671786168054,,,,,roc_auc,0.8488137958938722,0.8138822317123413,0.3917138874530792,0.8488137958938722,,,,,roc_auc,0.8411909719680395,0.8183673620223999,0.40262317657470703,0.8411909719680395,,,,
tolokers,TAG,2,512,3e-05,0,1260,roc_auc,0.8721430475651675,0.83245450258255,0.35239821672439575,0.8721430475651675,,,,,roc_auc,0.8507940839826805,0.8223885297775269,0.37996605038642883,0.8507940839826805,,,,,roc_auc,0.8471083483131749,0.8221088647842407,0.3840360641479492,0.8471083483131749,,,,
tolokers,TAG,3,512,3e-05,0,1300,roc_auc,0.8790187950211882,0.8394284844398499,0.34124255180358887,0.8790187950211882,,,,,roc_auc,0.8548999401229312,0.8230690360069275,0.3760012984275818,0.8548999401229312,,,,,roc_auc,0.8533836140867448,0.8214285969734192,0.3775571584701538,0.8533836140867448,,,,
tolokers,TAG,4,512,3e-05,0,1020,roc_auc,0.8742874789626957,0.8363667726516724,0.34766581654548645,0.8742874789626957,,,,,roc_auc,0.8552549934895568,0.8223885297775269,0.375248521566391,0.8552549934895568,,,,,roc_auc,0.852343159024914,0.8200680613517761,0.3790490925312042,0.852343159024914,,,,
tolokers,TAG,5,512,3e-05,0,1240,roc_auc,0.8786579132486347,0.8387480974197388,0.3451237976551056,0.8786579132486347,,,,,roc_auc,0.8564484615938162,0.8247703313827515,0.3795424699783325,0.8564484615938162,,,,,roc_auc,0.854491173416407,0.8221088647842407,0.3820146322250366,0.854491173416407,,,,
tolokers,TAG,1,512,3e-05,2,3100,roc_auc,0.8778597506252683,0.83245450258255,0.3415590524673462,0.8778597506252683,,,,,roc_auc,0.8400039918045806,0.8108199834823608,0.3937169909477234,0.8400039918045806,,,,,roc_auc,0.8548982048591623,0.821088433265686,0.37377846240997314,0.8548982048591623,,,,
tolokers,TAG,2,512,3e-05,2,930,roc_auc,0.860260150308615,0.8227589726448059,0.3700263202190399,0.860260150308615,,,,,roc_auc,0.8391377430554141,0.8111602067947388,0.40062132477760315,0.8391377430554141,,,,,roc_auc,0.855719723774432,0.8265306353569031,0.3775002956390381,0.855719723774432,,,,
tolokers,TAG,3,512,3e-05,2,690,roc_auc,0.8534820851368943,0.8213981986045837,0.3758850395679474,0.8534820851368943,,,,,roc_auc,0.8371425196433444,0.8091187477111816,0.40045467019081116,0.8371425196433444,,,,,roc_auc,0.8521137166546016,0.8248299360275269,0.37927716970443726,0.8521137166546016,,,,
tolokers,TAG,4,512,3e-05,2,760,roc_auc,0.855254442000126,0.824459969997406,0.3754681348800659,0.855254442000126,,,,,roc_auc,0.8369707634258373,0.8128615021705627,0.40181243419647217,0.8369707634258373,,,,,roc_auc,0.8545606500573437,0.827551007270813,0.3792670965194702,0.8545606500573437,,,,
tolokers,TAG,5,512,3e-05,2,580,roc_auc,0.8547836676577348,0.8213981986045837,0.37811458110809326,0.8547836676577348,,,,,roc_auc,0.8374541247968457,0.8115004897117615,0.40254488587379456,0.8374541247968457,,,,,roc_auc,0.8555014654487579,0.8268707394599915,0.37910762429237366,0.8555014654487579,,,,
tolokers,TAG,1,512,3e-05,1,4330,roc_auc,0.8867628294487667,0.841809868812561,0.33025598526000977,0.8867628294487667,,,,,roc_auc,0.8451695770180676,0.8206872940063477,0.3890325427055359,0.8451695770180676,,,,,roc_auc,0.8429428000509721,0.8272109031677246,0.390052855014801,0.8429428000509721,,,,
tolokers,TAG,2,512,3e-05,1,1240,roc_auc,0.8611409019466587,0.8237795829772949,0.364350289106369,0.8611409019466587,,,,,roc_auc,0.849559883178617,0.8193262815475464,0.3853588104248047,0.849559883178617,,,,,roc_auc,0.8470280265380434,0.8176870942115784,0.3850831687450409,0.8470280265380434,,,,
tolokers,TAG,3,512,3e-05,1,2070,roc_auc,0.8772527128880242,0.8378975987434387,0.3480954170227051,0.8772527128880242,,,,,roc_auc,0.8522054720308917,0.8230690360069275,0.39140748977661133,0.8522054720308917,,,,,roc_auc,0.8516894007792228,0.8244898319244385,0.39068403840065,0.8516894007792228,,,,
tolokers,TAG,4,512,3e-05,1,2020,roc_auc,0.8787098069621692,0.839938759803772,0.3464054465293884,0.8787098069621692,,,,,roc_auc,0.854917590959513,0.8244300484657288,0.38904517889022827,0.854917590959513,,,,,roc_auc,0.8526478395137043,0.8258503675460815,0.3886789381504059,0.8526478395137043,,,,
tolokers,TAG,5,512,3e-05,1,1780,roc_auc,0.8797904172322404,0.8433406949043274,0.3423960506916046,0.8797904172322404,,,,,roc_auc,0.8565726963282186,0.8291935920715332,0.3817070424556732,0.8565726963282186,,,,,roc_auc,0.8546792687126012,0.8221088647842407,0.38547298312187195,0.8546792687126012,,,,
tolokers,TAG,1,512,3e-05,3,5590,roc_auc,0.9024391402059604,0.8589896559715271,0.3075542449951172,0.9024391402059604,,,,,roc_auc,0.8424771455610183,0.8172847628593445,0.4042826294898987,0.8424771455610183,,,,,roc_auc,0.8500341621727143,0.8319727778434753,0.3960820734500885,0.8500341621727143,,,,
tolokers,TAG,2,512,3e-05,3,1340,roc_auc,0.8628745929056884,0.8302432298660278,0.36825162172317505,0.8628745929056884,,,,,roc_auc,0.8321554794306656,0.8118407130241394,0.40880662202835083,0.8321554794306656,,,,,roc_auc,0.8440767943952346,0.8282312750816345,0.4006599187850952,0.8440767943952346,,,,
tolokers,TAG,3,512,3e-05,3,870,roc_auc,0.8616016706384011,0.8283721804618835,0.36437931656837463,0.8616016706384011,,,,,roc_auc,0.8327365992812036,0.8138822317123413,0.40179142355918884,0.8327365992812036,,,,,roc_auc,0.8429794023788801,0.8255102038383484,0.3913220167160034,0.8429794023788801,,,,
tolokers,TAG,4,512,3e-05,3,1210,roc_auc,0.8707556538709658,0.8351760506629944,0.3555395305156708,0.8707556538709658,,,,,roc_auc,0.8351954965927095,0.8155835270881653,0.40557101368904114,0.8351954965927095,,,,,roc_auc,0.846448489679499,0.8241496682167053,0.3932632505893707,0.846448489679499,,,,
tolokers,TAG,5,512,3e-05,3,1860,roc_auc,0.8894073737914361,0.8474230766296387,0.33081889152526855,0.8894073737914361,,,,,roc_auc,0.8376360641893038,0.8115004897117615,0.4109096825122833,0.8376360641893038,,,,,roc_auc,0.8518568225383578,0.8255102038383484,0.39313432574272156,0.8518568225383578,,,,
tolokers,TAG,1,512,3e-05,4,4850,roc_auc,0.9145824387603303,0.8673244118690491,0.2872961163520813,0.9145824387603303,,,,,roc_auc,0.8349653568388167,0.8108199834823608,0.4279078245162964,0.8349653568388167,,,,,roc_auc,0.8539811131987994,0.8204081654548645,0.4063335061073303,0.8539811131987994,,,,
tolokers,TAG,2,512,3e-05,4,1800,roc_auc,0.869043670086225,0.8341554999351501,0.37357208132743835,0.869043670086225,,,,,roc_auc,0.8237319571111827,0.8118407130241394,0.44831541180610657,0.8237319571111827,,,,,roc_auc,0.8455754563768033,0.8180271983146667,0.42804279923439026,0.8455754563768033,,,,
tolokers,TAG,3,512,3e-05,4,1900,roc_auc,0.900590469058119,0.8543969988822937,0.3108084201812744,0.900590469058119,,,,,roc_auc,0.835018988226892,0.81252121925354,0.4377448856830597,0.835018988226892,,,,,roc_auc,0.8581381886999124,0.8272109031677246,0.39892056584358215,0.8581381886999124,,,,
tolokers,TAG,4,512,3e-05,4,1890,roc_auc,0.9003383775379588,0.8555877208709717,0.31233859062194824,0.9003383775379588,,,,,roc_auc,0.8403780537644482,0.8193262815475464,0.43213337659835815,0.8403780537644482,,,,,roc_auc,0.8610026597691612,0.8312925100326538,0.3943561911582947,0.8610026597691612,,,,
tolokers,TAG,5,512,3e-05,4,1590,roc_auc,0.8901128569558266,0.8481034636497498,0.32687509059906006,0.8901128569558266,,,,,roc_auc,0.8433909157932895,0.8176250457763672,0.41078096628189087,0.8433909157932895,,,,,roc_auc,0.8652519189109316,0.8306122422218323,0.3801610767841339,0.8652519189109316,,,,
tolokers,TAG,1,512,3e-05,5,3060,roc_auc,0.8854837172450611,0.8431706428527832,0.3309490978717804,0.8854837172450611,,,,,roc_auc,0.8476963621625806,0.8169445395469666,0.38889896869659424,0.8476963621625806,,,,,roc_auc,0.8346713517646389,0.8074830174446106,0.408838152885437,0.8346713517646389,,,,
tolokers,TAG,2,512,3e-05,5,1430,roc_auc,0.8615032252112549,0.832794725894928,0.3964644968509674,0.8615032252112549,,,,,roc_auc,0.8366544061240256,0.8152432441711426,0.44223177433013916,0.8366544061240256,,,,,roc_auc,0.8233754666796808,0.8081632852554321,0.45808786153793335,0.8233754666796808,,,,
tolokers,TAG,3,512,3e-05,5,710,roc_auc,0.8552134018737361,0.8319442272186279,0.3881073594093323,0.8552134018737361,,,,,roc_auc,0.836807153748291,0.8145627379417419,0.42208412289619446,0.836807153748291,,,,,roc_auc,0.8240851451485648,0.8071428537368774,0.432906836271286,0.8240851451485648,,,,
tolokers,TAG,4,512,3e-05,5,2380,roc_auc,0.9195085258318766,0.8712366223335266,0.2930545508861542,0.9195085258318766,,,,,roc_auc,0.8538415688063553,0.8251105546951294,0.4263954162597656,0.8538415688063553,,,,,roc_auc,0.8351363368932485,0.8139455914497375,0.46030381321907043,0.8351363368932485,,,,
tolokers,TAG,5,512,3e-05,5,1720,roc_auc,0.8948161063163128,0.8554176092147827,0.32671427726745605,0.8948161063163128,,,,,roc_auc,0.8602732621054189,0.8264715671539307,0.39089256525039673,0.8602732621054189,,,,,roc_auc,0.836746839321203,0.8102040886878967,0.4294532537460327,0.836746839321203,,,,
tolokers,TAG,1,512,3e-05,6,4390,roc_auc,0.8953271576422481,0.8484436273574829,0.31893205642700195,0.8953271576422481,,,,,roc_auc,0.8427561645546762,0.8186457753181458,0.4006570875644684,0.8427561645546762,,,,,roc_auc,0.8475092793679456,0.827551007270813,0.38728567957878113,0.8475092793679456,,,,
tolokers,TAG,2,512,3e-05,6,1130,roc_auc,0.859831518410058,0.83160400390625,0.38027358055114746,0.859831518410058,,,,,roc_auc,0.8380562898756159,0.818305492401123,0.4213259816169739,0.8380562898756159,,,,,roc_auc,0.8331543886191162,0.8156462907791138,0.41971710324287415,0.8331543886191162,,,,
tolokers,TAG,3,512,3e-05,6,1120,roc_auc,0.8647831283701236,0.832794725894928,0.36995232105255127,0.8647831283701236,,,,,roc_auc,0.8494960686155905,0.8196665048599243,0.39827781915664673,0.8494960686155905,,,,,roc_auc,0.842650659248595,0.8173469305038452,0.40163367986679077,0.842650659248595,,,,
tolokers,TAG,4,512,3e-05,6,2040,roc_auc,0.9033632213989324,0.8591597676277161,0.3108804523944855,0.9033632213989324,,,,,roc_auc,0.8571511006654366,0.8302143216133118,0.40551167726516724,0.8571511006654366,,,,,roc_auc,0.8427001401733594,0.8166666626930237,0.4134821593761444,0.8427001401733594,,,,
tolokers,TAG,5,512,3e-05,6,1790,roc_auc,0.8946011544146626,0.8503146767616272,0.32800406217575073,0.8946011544146626,,,,,roc_auc,0.8566908211576505,0.8291935920715332,0.41081222891807556,0.8566908211576505,,,,,roc_auc,0.8414468493529521,0.8187074661254883,0.4185599386692047,0.8414468493529521,,,,
tolokers,TAG,1,512,3e-05,7,3370,roc_auc,0.8852786014067606,0.8384079337120056,0.3351149260997772,0.8852786014067606,,,,,roc_auc,0.8503657117564076,0.8213678002357483,0.3882773220539093,0.8503657117564076,,,,,roc_auc,0.833976585355273,0.8105442523956299,0.41121602058410645,0.833976585355273,,,,
tolokers,TAG,2,512,3e-05,7,1230,roc_auc,0.8723506224193052,0.8312638401985168,0.3600236177444458,0.8723506224193052,,,,,roc_auc,0.8491559505722266,0.8210275173187256,0.398573637008667,0.8491559505722266,,,,,roc_auc,0.8399719111024349,0.8105442523956299,0.4066953659057617,0.8399719111024349,,,,
tolokers,TAG,3,512,3e-05,7,1590,roc_auc,0.8812524293380599,0.8414696455001831,0.3434566259384155,0.8812524293380599,,,,,roc_auc,0.8509678768351778,0.8223885297775269,0.3961992561817169,0.8509678768351778,,,,,roc_auc,0.8443201320937346,0.8142857551574707,0.4029042720794678,0.8443201320937346,,,,
tolokers,TAG,4,512,3e-05,7,1770,roc_auc,0.89409154458077,0.8503146767616272,0.3299228250980377,0.89409154458077,,,,,roc_auc,0.8542957384091708,0.8264715671539307,0.4109369218349457,0.8542957384091708,,,,,roc_auc,0.8442726846316313,0.8159863948822021,0.4216362535953522,0.8442726846316313,,,,
tolokers,TAG,5,512,3e-05,7,1860,roc_auc,0.8994623743442905,0.8538867235183716,0.31508123874664307,0.8994623743442905,,,,,roc_auc,0.8590030807498618,0.8271520733833313,0.3955770432949066,0.8590030807498618,,,,,roc_auc,0.8430980210341378,0.8142857551574707,0.4192865788936615,0.8430980210341378,,,,
tolokers,TAG,1,512,3e-05,8,4720,roc_auc,0.9113434909342021,0.8647729158401489,0.295296847820282,0.9113434909342021,,,,,roc_auc,0.8454872920765395,0.8179652690887451,0.41879045963287354,0.8454872920765395,,,,,roc_auc,0.8391686933511193,0.807823121547699,0.41383880376815796,0.8391686933511193,,,,
tolokers,TAG,2,512,3e-05,8,1470,roc_auc,0.8634168482946641,0.8268412947654724,0.38487106561660767,0.8634168482946641,,,,,roc_auc,0.8344772433194978,0.808438241481781,0.4371420443058014,0.8344772433194978,,,,,roc_auc,0.8397577197020842,0.8081632852554321,0.4273437261581421,0.8397577197020842,,,,
tolokers,TAG,3,512,3e-05,8,1350,roc_auc,0.8632007092819198,0.8295628428459167,0.3996643126010895,0.8632007092819198,,,,,roc_auc,0.8325404034438141,0.8080979585647583,0.46142593026161194,0.8325404034438141,,,,,roc_auc,0.8390222840394872,0.8074830174446106,0.4520892798900604,0.8390222840394872,,,,
tolokers,TAG,4,512,3e-05,8,1850,roc_auc,0.8938668414094196,0.8475931286811829,0.3373832404613495,0.8938668414094196,,,,,roc_auc,0.8444764422430683,0.8159237504005432,0.44078123569488525,0.8444764422430683,,,,,roc_auc,0.8475269027110123,0.8183673620223999,0.42801186442375183,0.8475269027110123,,,,
tolokers,TAG,5,512,3e-05,8,1710,roc_auc,0.8975587569115305,0.8521857857704163,0.32307663559913635,0.8975587569115305,,,,,roc_auc,0.8496651093197776,0.8172847628593445,0.4204369783401489,0.8496651093197776,,,,,roc_auc,0.851704312838741,0.8221088647842407,0.4074031114578247,0.851704312838741,,,,
tolokers,TAG,1,512,3e-05,9,3580,roc_auc,0.8852472277564211,0.8458921909332275,0.329529345035553,0.8852472277564211,,,,,roc_auc,0.842663837101787,0.8159237504005432,0.39695486426353455,0.842663837101787,,,,,roc_auc,0.8518795295380787,0.8204081654548645,0.38287535309791565,0.8518795295380787,,,,
tolokers,TAG,2,512,3e-05,9,1400,roc_auc,0.8663947164737781,0.832794725894928,0.37046587467193604,0.8663947164737781,,,,,roc_auc,0.8386957932625398,0.8145627379417419,0.4143306314945221,0.8386957932625398,,,,,roc_auc,0.8404968833795607,0.8146258592605591,0.4058651626110077,0.8404968833795607,,,,
tolokers,TAG,3,512,3e-05,9,850,roc_auc,0.8597316314908692,0.8322843909263611,0.3706812262535095,0.8597316314908692,,,,,roc_auc,0.8400454033827149,0.8172847628593445,0.404610276222229,0.8400454033827149,,,,,roc_auc,0.8397919496568871,0.8156462907791138,0.401214063167572,0.8397919496568871,,,,
tolokers,TAG,4,512,3e-05,9,2170,roc_auc,0.90853919535575,0.8632420897483826,0.298593133687973,0.90853919535575,,,,,roc_auc,0.854806933791712,0.8302143216133118,0.40716806054115295,0.854806933791712,,,,,roc_auc,0.8505679461213733,0.8204081654548645,0.41554155945777893,0.8505679461213733,,,,
tolokers,TAG,5,512,3e-05,9,630,roc_auc,0.8562879917946881,0.8302432298660278,0.3725641369819641,0.8562879917946881,,,,,roc_auc,0.8417059397780611,0.8189859986305237,0.39905619621276855,0.8417059397780611,,,,,roc_auc,0.8419087842875697,0.8173469305038452,0.39538857340812683,0.8419087842875697,,,,
