Loading data...

============================================================
Training TABM-minesweeper GAT-sep 1L h=256 lr=3e-05 split=0
============================================================
Training for 5000 steps
Step    1 | loss 1.0818 | val_acc=0.2256 val_roc_auc=0.4970 val_loss=0.9067 val_metric_name=roc_auc val_metric=0.4970
Step   50 | loss 0.5109 | val_acc=0.8000 val_roc_auc=0.7860 val_loss=0.4583 val_metric_name=roc_auc val_metric=0.7860
Step  100 | loss 0.4459 | val_acc=0.8176 val_roc_auc=0.8398 val_loss=0.3903 val_metric_name=roc_auc val_metric=0.8398
Step  150 | loss 0.4046 | val_acc=0.8320 val_roc_auc=0.8593 val_loss=0.3545 val_metric_name=roc_auc val_metric=0.8593
Step  200 | loss 0.3847 | val_acc=0.8316 val_roc_auc=0.8660 val_loss=0.3435 val_metric_name=roc_auc val_metric=0.8660
Step  250 | loss 0.3721 | val_acc=0.8316 val_roc_auc=0.8689 val_loss=0.3396 val_metric_name=roc_auc val_metric=0.8689
Step  300 | loss 0.3621 | val_acc=0.8308 val_roc_auc=0.8703 val_loss=0.3381 val_metric_name=roc_auc val_metric=0.8703
Step  350 | loss 0.3537 | val_acc=0.8300 val_roc_auc=0.8711 val_loss=0.3377 val_metric_name=roc_auc val_metric=0.8711
Step  400 | loss 0.3537 | val_acc=0.8296 val_roc_auc=0.8713 val_loss=0.3375 val_metric_name=roc_auc val_metric=0.8713
Step  450 | loss 0.3448 | val_acc=0.8272 val_roc_auc=0.8712 val_loss=0.3383 val_metric_name=roc_auc val_metric=0.8712
Step  500 | loss 0.3431 | val_acc=0.8272 val_roc_auc=0.8715 val_loss=0.3380 val_metric_name=roc_auc val_metric=0.8715
Step  550 | loss 0.3409 | val_acc=0.8280 val_roc_auc=0.8713 val_loss=0.3383 val_metric_name=roc_auc val_metric=0.8713
Step  600 | loss 0.3381 | val_acc=0.8280 val_roc_auc=0.8714 val_loss=0.3387 val_metric_name=roc_auc val_metric=0.8714
Step  650 | loss 0.3320 | val_acc=0.8276 val_roc_auc=0.8712 val_loss=0.3387 val_metric_name=roc_auc val_metric=0.8712
Step  700 | loss 0.3317 | val_acc=0.8276 val_roc_auc=0.8711 val_loss=0.3385 val_metric_name=roc_auc val_metric=0.8711
Step  750 | loss 0.3313 | val_acc=0.8280 val_roc_auc=0.8710 val_loss=0.3387 val_metric_name=roc_auc val_metric=0.8710
Step  800 | loss 0.3288 | val_acc=0.8280 val_roc_auc=0.8708 val_loss=0.3390 val_metric_name=roc_auc val_metric=0.8708
Early stopping at step 820

--- Final (best ckpt @ step 520) ---
  train_acc=0.8506 train_roc_auc=0.8932 train_loss=0.3092 train_metric_name=roc_auc train_metric=0.8932
  val_acc=0.8272 val_roc_auc=0.8716 val_loss=0.3381 val_metric_name=roc_auc val_metric=0.8716
  test_acc=0.8336 test_roc_auc=0.8749 test_loss=0.3365 test_metric_name=roc_auc test_metric=0.8749
  test_roc_auc=0.8749

============================================================
Training TABM-minesweeper GAT-sep 1L h=256 lr=6e-05 split=0
============================================================
Training for 5000 steps
Step    1 | loss 1.0818 | val_acc=0.5404 val_roc_auc=0.5033 val_loss=0.8031 val_metric_name=roc_auc val_metric=0.5033
Step   50 | loss 0.4628 | val_acc=0.8092 val_roc_auc=0.8293 val_loss=0.4079 val_metric_name=roc_auc val_metric=0.8293
Step  100 | loss 0.3853 | val_acc=0.8316 val_roc_auc=0.8632 val_loss=0.3470 val_metric_name=roc_auc val_metric=0.8632
Step  150 | loss 0.3639 | val_acc=0.8292 val_roc_auc=0.8697 val_loss=0.3387 val_metric_name=roc_auc val_metric=0.8697
Step  200 | loss 0.3530 | val_acc=0.8288 val_roc_auc=0.8709 val_loss=0.3380 val_metric_name=roc_auc val_metric=0.8709
Step  250 | loss 0.3458 | val_acc=0.8276 val_roc_auc=0.8713 val_loss=0.3383 val_metric_name=roc_auc val_metric=0.8713
Step  300 | loss 0.3405 | val_acc=0.8272 val_roc_auc=0.8715 val_loss=0.3388 val_metric_name=roc_auc val_metric=0.8715
Step  350 | loss 0.3337 | val_acc=0.8268 val_roc_auc=0.8713 val_loss=0.3387 val_metric_name=roc_auc val_metric=0.8713
Step  400 | loss 0.3346 | val_acc=0.8272 val_roc_auc=0.8710 val_loss=0.3384 val_metric_name=roc_auc val_metric=0.8710
Step  450 | loss 0.3288 | val_acc=0.8284 val_roc_auc=0.8707 val_loss=0.3388 val_metric_name=roc_auc val_metric=0.8707
Step  500 | loss 0.3279 | val_acc=0.8268 val_roc_auc=0.8707 val_loss=0.3385 val_metric_name=roc_auc val_metric=0.8707
Step  550 | loss 0.3263 | val_acc=0.8276 val_roc_auc=0.8709 val_loss=0.3390 val_metric_name=roc_auc val_metric=0.8709
Step  600 | loss 0.3247 | val_acc=0.8268 val_roc_auc=0.8709 val_loss=0.3388 val_metric_name=roc_auc val_metric=0.8709
Early stopping at step 606

--- Final (best ckpt @ step 290) ---
  train_acc=0.8494 train_roc_auc=0.8929 train_loss=0.3094 train_metric_name=roc_auc train_metric=0.8929
  val_acc=0.8276 val_roc_auc=0.8715 val_loss=0.3385 val_metric_name=roc_auc val_metric=0.8715
  test_acc=0.8324 test_roc_auc=0.8749 test_loss=0.3369 test_metric_name=roc_auc test_metric=0.8749
  test_roc_auc=0.8749

============================================================
Training TABM-minesweeper GAT-sep 1L h=256 lr=0.0001 split=0
============================================================
Training for 5000 steps
Step    1 | loss 1.0818 | val_acc=0.5752 val_roc_auc=0.5174 val_loss=0.6965 val_metric_name=roc_auc val_metric=0.5174
Step   50 | loss 0.4191 | val_acc=0.8308 val_roc_auc=0.8510 val_loss=0.3648 val_metric_name=roc_auc val_metric=0.8510
Step  100 | loss 0.3603 | val_acc=0.8284 val_roc_auc=0.8692 val_loss=0.3394 val_metric_name=roc_auc val_metric=0.8692
Step  150 | loss 0.3461 | val_acc=0.8288 val_roc_auc=0.8710 val_loss=0.3384 val_metric_name=roc_auc val_metric=0.8710
Step  200 | loss 0.3387 | val_acc=0.8272 val_roc_auc=0.8713 val_loss=0.3388 val_metric_name=roc_auc val_metric=0.8713
Step  250 | loss 0.3331 | val_acc=0.8276 val_roc_auc=0.8711 val_loss=0.3389 val_metric_name=roc_auc val_metric=0.8711
Step  300 | loss 0.3299 | val_acc=0.8272 val_roc_auc=0.8711 val_loss=0.3392 val_metric_name=roc_auc val_metric=0.8711
Step  350 | loss 0.3243 | val_acc=0.8268 val_roc_auc=0.8709 val_loss=0.3390 val_metric_name=roc_auc val_metric=0.8709
Step  400 | loss 0.3255 | val_acc=0.8272 val_roc_auc=0.8709 val_loss=0.3389 val_metric_name=roc_auc val_metric=0.8709
Step  450 | loss 0.3210 | val_acc=0.8268 val_roc_auc=0.8710 val_loss=0.3391 val_metric_name=roc_auc val_metric=0.8710
Step  500 | loss 0.3204 | val_acc=0.8272 val_roc_auc=0.8714 val_loss=0.3381 val_metric_name=roc_auc val_metric=0.8714
Step  550 | loss 0.3189 | val_acc=0.8276 val_roc_auc=0.8715 val_loss=0.3386 val_metric_name=roc_auc val_metric=0.8715
Step  600 | loss 0.3179 | val_acc=0.8276 val_roc_auc=0.8714 val_loss=0.3385 val_metric_name=roc_auc val_metric=0.8714
Step  650 | loss 0.3144 | val_acc=0.8268 val_roc_auc=0.8717 val_loss=0.3385 val_metric_name=roc_auc val_metric=0.8717
Step  700 | loss 0.3130 | val_acc=0.8256 val_roc_auc=0.8719 val_loss=0.3385 val_metric_name=roc_auc val_metric=0.8719
Step  750 | loss 0.3135 | val_acc=0.8248 val_roc_auc=0.8718 val_loss=0.3382 val_metric_name=roc_auc val_metric=0.8718
Step  800 | loss 0.3124 | val_acc=0.8240 val_roc_auc=0.8717 val_loss=0.3385 val_metric_name=roc_auc val_metric=0.8717
Step  850 | loss 0.3142 | val_acc=0.8228 val_roc_auc=0.8719 val_loss=0.3385 val_metric_name=roc_auc val_metric=0.8719
Step  900 | loss 0.3118 | val_acc=0.8232 val_roc_auc=0.8716 val_loss=0.3389 val_metric_name=roc_auc val_metric=0.8716
Step  950 | loss 0.3106 | val_acc=0.8236 val_roc_auc=0.8718 val_loss=0.3392 val_metric_name=roc_auc val_metric=0.8718
Step 1000 | loss 0.3100 | val_acc=0.8244 val_roc_auc=0.8717 val_loss=0.3395 val_metric_name=roc_auc val_metric=0.8717
Step 1050 | loss 0.3110 | val_acc=0.8252 val_roc_auc=0.8716 val_loss=0.3391 val_metric_name=roc_auc val_metric=0.8716
Step 1100 | loss 0.3110 | val_acc=0.8252 val_roc_auc=0.8716 val_loss=0.3391 val_metric_name=roc_auc val_metric=0.8716
Step 1150 | loss 0.3087 | val_acc=0.8240 val_roc_auc=0.8716 val_loss=0.3394 val_metric_name=roc_auc val_metric=0.8716
Early stopping at step 1161

--- Final (best ckpt @ step 860) ---
  train_acc=0.8520 train_roc_auc=0.8984 train_loss=0.3011 train_metric_name=roc_auc train_metric=0.8984
  val_acc=0.8244 val_roc_auc=0.8722 val_loss=0.3389 val_metric_name=roc_auc val_metric=0.8722
  test_acc=0.8368 test_roc_auc=0.8747 test_loss=0.3359 test_metric_name=roc_auc test_metric=0.8747
  test_roc_auc=0.8747

============================================================
Training TABM-minesweeper GAT-sep 1L h=256 lr=1e-05 split=0
============================================================
Training for 5000 steps
Step    1 | loss 1.0818 | val_acc=0.2024 val_roc_auc=0.4915 val_loss=0.9870 val_metric_name=roc_auc val_metric=0.4915
Step   50 | loss 0.5679 | val_acc=0.8000 val_roc_auc=0.6096 val_loss=0.5062 val_metric_name=roc_auc val_metric=0.6096
Step  100 | loss 0.5257 | val_acc=0.7996 val_roc_auc=0.7759 val_loss=0.4800 val_metric_name=roc_auc val_metric=0.7759
Step  150 | loss 0.5087 | val_acc=0.8004 val_roc_auc=0.8024 val_loss=0.4501 val_metric_name=roc_auc val_metric=0.8024
Step  200 | loss 0.4877 | val_acc=0.8044 val_roc_auc=0.8221 val_loss=0.4226 val_metric_name=roc_auc val_metric=0.8221
Step  250 | loss 0.4620 | val_acc=0.8136 val_roc_auc=0.8376 val_loss=0.3980 val_metric_name=roc_auc val_metric=0.8376
Step  300 | loss 0.4389 | val_acc=0.8240 val_roc_auc=0.8485 val_loss=0.3783 val_metric_name=roc_auc val_metric=0.8485
Step  350 | loss 0.4197 | val_acc=0.8328 val_roc_auc=0.8553 val_loss=0.3643 val_metric_name=roc_auc val_metric=0.8553
Step  400 | loss 0.4147 | val_acc=0.8340 val_roc_auc=0.8596 val_loss=0.3552 val_metric_name=roc_auc val_metric=0.8596
Step  450 | loss 0.3972 | val_acc=0.8368 val_roc_auc=0.8624 val_loss=0.3496 val_metric_name=roc_auc val_metric=0.8624
Step  500 | loss 0.3917 | val_acc=0.8332 val_roc_auc=0.8645 val_loss=0.3458 val_metric_name=roc_auc val_metric=0.8645
Step  550 | loss 0.3865 | val_acc=0.8312 val_roc_auc=0.8664 val_loss=0.3431 val_metric_name=roc_auc val_metric=0.8664
Step  600 | loss 0.3807 | val_acc=0.8328 val_roc_auc=0.8675 val_loss=0.3415 val_metric_name=roc_auc val_metric=0.8675
Step  650 | loss 0.3696 | val_acc=0.8332 val_roc_auc=0.8685 val_loss=0.3404 val_metric_name=roc_auc val_metric=0.8685
Step  700 | loss 0.3699 | val_acc=0.8312 val_roc_auc=0.8694 val_loss=0.3391 val_metric_name=roc_auc val_metric=0.8694
Step  750 | loss 0.3677 | val_acc=0.8300 val_roc_auc=0.8699 val_loss=0.3384 val_metric_name=roc_auc val_metric=0.8699
Step  800 | loss 0.3637 | val_acc=0.8312 val_roc_auc=0.8703 val_loss=0.3381 val_metric_name=roc_auc val_metric=0.8703
Step  850 | loss 0.3616 | val_acc=0.8296 val_roc_auc=0.8704 val_loss=0.3378 val_metric_name=roc_auc val_metric=0.8704
Step  900 | loss 0.3582 | val_acc=0.8300 val_roc_auc=0.8710 val_loss=0.3376 val_metric_name=roc_auc val_metric=0.8710
Step  950 | loss 0.3550 | val_acc=0.8296 val_roc_auc=0.8711 val_loss=0.3376 val_metric_name=roc_auc val_metric=0.8711
Step 1000 | loss 0.3534 | val_acc=0.8292 val_roc_auc=0.8711 val_loss=0.3377 val_metric_name=roc_auc val_metric=0.8711
Step 1050 | loss 0.3518 | val_acc=0.8300 val_roc_auc=0.8713 val_loss=0.3377 val_metric_name=roc_auc val_metric=0.8713
Step 1100 | loss 0.3511 | val_acc=0.8296 val_roc_auc=0.8714 val_loss=0.3378 val_metric_name=roc_auc val_metric=0.8714
Step 1150 | loss 0.3464 | val_acc=0.8280 val_roc_auc=0.8714 val_loss=0.3378 val_metric_name=roc_auc val_metric=0.8714
Step 1200 | loss 0.3459 | val_acc=0.8284 val_roc_auc=0.8714 val_loss=0.3378 val_metric_name=roc_auc val_metric=0.8714
Step 1250 | loss 0.3432 | val_acc=0.8280 val_roc_auc=0.8715 val_loss=0.3380 val_metric_name=roc_auc val_metric=0.8715
Step 1300 | loss 0.3425 | val_acc=0.8280 val_roc_auc=0.8716 val_loss=0.3380 val_metric_name=roc_auc val_metric=0.8716
Step 1350 | loss 0.3436 | val_acc=0.8280 val_roc_auc=0.8715 val_loss=0.3380 val_metric_name=roc_auc val_metric=0.8715
Step 1400 | loss 0.3422 | val_acc=0.8276 val_roc_auc=0.8716 val_loss=0.3382 val_metric_name=roc_auc val_metric=0.8716
Step 1450 | loss 0.3407 | val_acc=0.8284 val_roc_auc=0.8713 val_loss=0.3384 val_metric_name=roc_auc val_metric=0.8713
Step 1500 | loss 0.3389 | val_acc=0.8280 val_roc_auc=0.8715 val_loss=0.3385 val_metric_name=roc_auc val_metric=0.8715
Step 1550 | loss 0.3373 | val_acc=0.8272 val_roc_auc=0.8714 val_loss=0.3384 val_metric_name=roc_auc val_metric=0.8714
Step 1600 | loss 0.3343 | val_acc=0.8272 val_roc_auc=0.8712 val_loss=0.3384 val_metric_name=roc_auc val_metric=0.8712
Step 1650 | loss 0.3355 | val_acc=0.8284 val_roc_auc=0.8712 val_loss=0.3387 val_metric_name=roc_auc val_metric=0.8712
Step 1700 | loss 0.3373 | val_acc=0.8288 val_roc_auc=0.8711 val_loss=0.3387 val_metric_name=roc_auc val_metric=0.8711
Step 1750 | loss 0.3332 | val_acc=0.8280 val_roc_auc=0.8711 val_loss=0.3388 val_metric_name=roc_auc val_metric=0.8711
Early stopping at step 1761

--- Final (best ckpt @ step 1380) ---
  train_acc=0.8498 train_roc_auc=0.8931 train_loss=0.3094 train_metric_name=roc_auc train_metric=0.8931
  val_acc=0.8280 val_roc_auc=0.8715 val_loss=0.3383 val_metric_name=roc_auc val_metric=0.8715
  test_acc=0.8324 test_roc_auc=0.8751 test_loss=0.3366 test_metric_name=roc_auc test_metric=0.8751
  test_roc_auc=0.8751

============================================================
Training TABM-minesweeper GAT-sep 1L h=384 lr=3e-05 split=0
============================================================
Training for 5000 steps
Step    1 | loss 1.2830 | val_acc=0.2628 val_roc_auc=0.5268 val_loss=1.0823 val_metric_name=roc_auc val_metric=0.5268
Step   50 | loss 0.4631 | val_acc=0.8060 val_roc_auc=0.8341 val_loss=0.3899 val_metric_name=roc_auc val_metric=0.8341
Step  100 | loss 0.4011 | val_acc=0.8292 val_roc_auc=0.8588 val_loss=0.3529 val_metric_name=roc_auc val_metric=0.8588
Step  150 | loss 0.3773 | val_acc=0.8296 val_roc_auc=0.8650 val_loss=0.3453 val_metric_name=roc_auc val_metric=0.8650
Step  200 | loss 0.3652 | val_acc=0.8272 val_roc_auc=0.8679 val_loss=0.3424 val_metric_name=roc_auc val_metric=0.8679
Step  250 | loss 0.3528 | val_acc=0.8260 val_roc_auc=0.8700 val_loss=0.3414 val_metric_name=roc_auc val_metric=0.8700
Step  300 | loss 0.3485 | val_acc=0.8268 val_roc_auc=0.8704 val_loss=0.3426 val_metric_name=roc_auc val_metric=0.8704
Step  350 | loss 0.3418 | val_acc=0.8256 val_roc_auc=0.8703 val_loss=0.3430 val_metric_name=roc_auc val_metric=0.8703
Step  400 | loss 0.3419 | val_acc=0.8260 val_roc_auc=0.8704 val_loss=0.3429 val_metric_name=roc_auc val_metric=0.8704
Step  450 | loss 0.3372 | val_acc=0.8256 val_roc_auc=0.8707 val_loss=0.3426 val_metric_name=roc_auc val_metric=0.8707
Step  500 | loss 0.3343 | val_acc=0.8260 val_roc_auc=0.8710 val_loss=0.3420 val_metric_name=roc_auc val_metric=0.8710
Step  550 | loss 0.3336 | val_acc=0.8264 val_roc_auc=0.8707 val_loss=0.3419 val_metric_name=roc_auc val_metric=0.8707
Step  600 | loss 0.3296 | val_acc=0.8260 val_roc_auc=0.8708 val_loss=0.3417 val_metric_name=roc_auc val_metric=0.8708
Step  650 | loss 0.3247 | val_acc=0.8260 val_roc_auc=0.8710 val_loss=0.3418 val_metric_name=roc_auc val_metric=0.8710
Step  700 | loss 0.3285 | val_acc=0.8256 val_roc_auc=0.8709 val_loss=0.3415 val_metric_name=roc_auc val_metric=0.8709
Step  750 | loss 0.3246 | val_acc=0.8252 val_roc_auc=0.8711 val_loss=0.3413 val_metric_name=roc_auc val_metric=0.8711
Step  800 | loss 0.3248 | val_acc=0.8252 val_roc_auc=0.8711 val_loss=0.3412 val_metric_name=roc_auc val_metric=0.8711
Step  850 | loss 0.3230 | val_acc=0.8252 val_roc_auc=0.8711 val_loss=0.3415 val_metric_name=roc_auc val_metric=0.8711
Step  900 | loss 0.3225 | val_acc=0.8260 val_roc_auc=0.8710 val_loss=0.3411 val_metric_name=roc_auc val_metric=0.8710
Step  950 | loss 0.3212 | val_acc=0.8244 val_roc_auc=0.8712 val_loss=0.3409 val_metric_name=roc_auc val_metric=0.8712
Step 1000 | loss 0.3184 | val_acc=0.8248 val_roc_auc=0.8712 val_loss=0.3410 val_metric_name=roc_auc val_metric=0.8712
Step 1050 | loss 0.3185 | val_acc=0.8248 val_roc_auc=0.8710 val_loss=0.3411 val_metric_name=roc_auc val_metric=0.8710
Step 1100 | loss 0.3181 | val_acc=0.8240 val_roc_auc=0.8710 val_loss=0.3414 val_metric_name=roc_auc val_metric=0.8710
Step 1150 | loss 0.3199 | val_acc=0.8240 val_roc_auc=0.8712 val_loss=0.3411 val_metric_name=roc_auc val_metric=0.8712
Step 1200 | loss 0.3180 | val_acc=0.8240 val_roc_auc=0.8713 val_loss=0.3407 val_metric_name=roc_auc val_metric=0.8713
Step 1250 | loss 0.3170 | val_acc=0.8244 val_roc_auc=0.8713 val_loss=0.3411 val_metric_name=roc_auc val_metric=0.8713
Step 1300 | loss 0.3145 | val_acc=0.8244 val_roc_auc=0.8713 val_loss=0.3406 val_metric_name=roc_auc val_metric=0.8713
Step 1350 | loss 0.3160 | val_acc=0.8232 val_roc_auc=0.8712 val_loss=0.3405 val_metric_name=roc_auc val_metric=0.8712
Step 1400 | loss 0.3148 | val_acc=0.8224 val_roc_auc=0.8712 val_loss=0.3407 val_metric_name=roc_auc val_metric=0.8712
Step 1450 | loss 0.3151 | val_acc=0.8224 val_roc_auc=0.8712 val_loss=0.3409 val_metric_name=roc_auc val_metric=0.8712
Step 1500 | loss 0.3141 | val_acc=0.8220 val_roc_auc=0.8712 val_loss=0.3410 val_metric_name=roc_auc val_metric=0.8712
Step 1550 | loss 0.3125 | val_acc=0.8236 val_roc_auc=0.8712 val_loss=0.3406 val_metric_name=roc_auc val_metric=0.8712
Step 1600 | loss 0.3141 | val_acc=0.8240 val_roc_auc=0.8714 val_loss=0.3407 val_metric_name=roc_auc val_metric=0.8714
Step 1650 | loss 0.3144 | val_acc=0.8236 val_roc_auc=0.8715 val_loss=0.3410 val_metric_name=roc_auc val_metric=0.8715
Step 1700 | loss 0.3116 | val_acc=0.8236 val_roc_auc=0.8714 val_loss=0.3406 val_metric_name=roc_auc val_metric=0.8714
Step 1750 | loss 0.3124 | val_acc=0.8232 val_roc_auc=0.8716 val_loss=0.3408 val_metric_name=roc_auc val_metric=0.8716
Step 1800 | loss 0.3137 | val_acc=0.8232 val_roc_auc=0.8714 val_loss=0.3407 val_metric_name=roc_auc val_metric=0.8714
Step 1850 | loss 0.3117 | val_acc=0.8236 val_roc_auc=0.8715 val_loss=0.3406 val_metric_name=roc_auc val_metric=0.8715
Step 1900 | loss 0.3120 | val_acc=0.8236 val_roc_auc=0.8715 val_loss=0.3407 val_metric_name=roc_auc val_metric=0.8715
Step 1950 | loss 0.3115 | val_acc=0.8232 val_roc_auc=0.8713 val_loss=0.3411 val_metric_name=roc_auc val_metric=0.8713
Step 2000 | loss 0.3124 | val_acc=0.8240 val_roc_auc=0.8715 val_loss=0.3407 val_metric_name=roc_auc val_metric=0.8715
Step 2050 | loss 0.3099 | val_acc=0.8244 val_roc_auc=0.8714 val_loss=0.3408 val_metric_name=roc_auc val_metric=0.8714
Step 2100 | loss 0.3097 | val_acc=0.8240 val_roc_auc=0.8716 val_loss=0.3404 val_metric_name=roc_auc val_metric=0.8716
Step 2150 | loss 0.3112 | val_acc=0.8240 val_roc_auc=0.8715 val_loss=0.3407 val_metric_name=roc_auc val_metric=0.8715
Step 2200 | loss 0.3103 | val_acc=0.8232 val_roc_auc=0.8716 val_loss=0.3410 val_metric_name=roc_auc val_metric=0.8716
Step 2250 | loss 0.3097 | val_acc=0.8244 val_roc_auc=0.8716 val_loss=0.3407 val_metric_name=roc_auc val_metric=0.8716
Step 2300 | loss 0.3116 | val_acc=0.8244 val_roc_auc=0.8716 val_loss=0.3406 val_metric_name=roc_auc val_metric=0.8716
Step 2350 | loss 0.3078 | val_acc=0.8244 val_roc_auc=0.8715 val_loss=0.3411 val_metric_name=roc_auc val_metric=0.8715
Step 2400 | loss 0.3075 | val_acc=0.8240 val_roc_auc=0.8715 val_loss=0.3409 val_metric_name=roc_auc val_metric=0.8715
Step 2450 | loss 0.3101 | val_acc=0.8236 val_roc_auc=0.8715 val_loss=0.3409 val_metric_name=roc_auc val_metric=0.8715
Step 2500 | loss 0.3077 | val_acc=0.8244 val_roc_auc=0.8716 val_loss=0.3406 val_metric_name=roc_auc val_metric=0.8716
Step 2550 | loss 0.3081 | val_acc=0.8244 val_roc_auc=0.8716 val_loss=0.3409 val_metric_name=roc_auc val_metric=0.8716
Step 2600 | loss 0.3088 | val_acc=0.8240 val_roc_auc=0.8715 val_loss=0.3414 val_metric_name=roc_auc val_metric=0.8715
Step 2650 | loss 0.3079 | val_acc=0.8244 val_roc_auc=0.8714 val_loss=0.3417 val_metric_name=roc_auc val_metric=0.8714
Early stopping at step 2669

--- Final (best ckpt @ step 2220) ---
  train_acc=0.8502 train_roc_auc=0.8990 train_loss=0.3008 train_metric_name=roc_auc train_metric=0.8990
  val_acc=0.8232 val_roc_auc=0.8717 val_loss=0.3413 val_metric_name=roc_auc val_metric=0.8717
  test_acc=0.8372 test_roc_auc=0.8747 test_loss=0.3383 test_metric_name=roc_auc test_metric=0.8747
  test_roc_auc=0.8747

============================================================
Training TABM-minesweeper GAT-sep 1L h=384 lr=6e-05 split=0
============================================================
Training for 5000 steps
Step    1 | loss 1.2830 | val_acc=0.3384 val_roc_auc=0.5369 val_loss=0.8552 val_metric_name=roc_auc val_metric=0.5369
Step   50 | loss 0.4125 | val_acc=0.8252 val_roc_auc=0.8532 val_loss=0.3602 val_metric_name=roc_auc val_metric=0.8532
Step  100 | loss 0.3708 | val_acc=0.8272 val_roc_auc=0.8663 val_loss=0.3437 val_metric_name=roc_auc val_metric=0.8663
Step  150 | loss 0.3524 | val_acc=0.8256 val_roc_auc=0.8699 val_loss=0.3415 val_metric_name=roc_auc val_metric=0.8699
Step  200 | loss 0.3447 | val_acc=0.8248 val_roc_auc=0.8701 val_loss=0.3432 val_metric_name=roc_auc val_metric=0.8701
Step  250 | loss 0.3362 | val_acc=0.8248 val_roc_auc=0.8705 val_loss=0.3429 val_metric_name=roc_auc val_metric=0.8705
Step  300 | loss 0.3329 | val_acc=0.8264 val_roc_auc=0.8706 val_loss=0.3428 val_metric_name=roc_auc val_metric=0.8706
Step  350 | loss 0.3281 | val_acc=0.8256 val_roc_auc=0.8706 val_loss=0.3420 val_metric_name=roc_auc val_metric=0.8706
Step  400 | loss 0.3282 | val_acc=0.8252 val_roc_auc=0.8707 val_loss=0.3418 val_metric_name=roc_auc val_metric=0.8707
Step  450 | loss 0.3245 | val_acc=0.8252 val_roc_auc=0.8708 val_loss=0.3418 val_metric_name=roc_auc val_metric=0.8708
Step  500 | loss 0.3222 | val_acc=0.8252 val_roc_auc=0.8708 val_loss=0.3411 val_metric_name=roc_auc val_metric=0.8708
Step  550 | loss 0.3224 | val_acc=0.8248 val_roc_auc=0.8710 val_loss=0.3407 val_metric_name=roc_auc val_metric=0.8710
Step  600 | loss 0.3200 | val_acc=0.8236 val_roc_auc=0.8710 val_loss=0.3406 val_metric_name=roc_auc val_metric=0.8710
Step  650 | loss 0.3155 | val_acc=0.8236 val_roc_auc=0.8711 val_loss=0.3409 val_metric_name=roc_auc val_metric=0.8711
Step  700 | loss 0.3179 | val_acc=0.8236 val_roc_auc=0.8712 val_loss=0.3406 val_metric_name=roc_auc val_metric=0.8712
Step  750 | loss 0.3156 | val_acc=0.8236 val_roc_auc=0.8711 val_loss=0.3409 val_metric_name=roc_auc val_metric=0.8711
Step  800 | loss 0.3165 | val_acc=0.8232 val_roc_auc=0.8710 val_loss=0.3404 val_metric_name=roc_auc val_metric=0.8710
Step  850 | loss 0.3143 | val_acc=0.8232 val_roc_auc=0.8711 val_loss=0.3404 val_metric_name=roc_auc val_metric=0.8711
Step  900 | loss 0.3144 | val_acc=0.8228 val_roc_auc=0.8709 val_loss=0.3403 val_metric_name=roc_auc val_metric=0.8709
Step  950 | loss 0.3138 | val_acc=0.8240 val_roc_auc=0.8710 val_loss=0.3403 val_metric_name=roc_auc val_metric=0.8710
Step 1000 | loss 0.3119 | val_acc=0.8244 val_roc_auc=0.8715 val_loss=0.3406 val_metric_name=roc_auc val_metric=0.8715
Step 1050 | loss 0.3106 | val_acc=0.8228 val_roc_auc=0.8713 val_loss=0.3400 val_metric_name=roc_auc val_metric=0.8713
Step 1100 | loss 0.3112 | val_acc=0.8240 val_roc_auc=0.8713 val_loss=0.3406 val_metric_name=roc_auc val_metric=0.8713
Step 1150 | loss 0.3124 | val_acc=0.8236 val_roc_auc=0.8712 val_loss=0.3408 val_metric_name=roc_auc val_metric=0.8712
Step 1200 | loss 0.3112 | val_acc=0.8244 val_roc_auc=0.8714 val_loss=0.3408 val_metric_name=roc_auc val_metric=0.8714
Step 1250 | loss 0.3112 | val_acc=0.8236 val_roc_auc=0.8713 val_loss=0.3407 val_metric_name=roc_auc val_metric=0.8713
Step 1300 | loss 0.3084 | val_acc=0.8240 val_roc_auc=0.8714 val_loss=0.3402 val_metric_name=roc_auc val_metric=0.8714
Step 1350 | loss 0.3099 | val_acc=0.8240 val_roc_auc=0.8712 val_loss=0.3405 val_metric_name=roc_auc val_metric=0.8712
Step 1400 | loss 0.3083 | val_acc=0.8240 val_roc_auc=0.8711 val_loss=0.3409 val_metric_name=roc_auc val_metric=0.8711
Step 1450 | loss 0.3091 | val_acc=0.8240 val_roc_auc=0.8713 val_loss=0.3413 val_metric_name=roc_auc val_metric=0.8713
Step 1500 | loss 0.3083 | val_acc=0.8244 val_roc_auc=0.8710 val_loss=0.3414 val_metric_name=roc_auc val_metric=0.8710
Early stopping at step 1545

--- Final (best ckpt @ step 1210) ---
  train_acc=0.8520 train_roc_auc=0.8988 train_loss=0.3008 train_metric_name=roc_auc train_metric=0.8988
  val_acc=0.8240 val_roc_auc=0.8715 val_loss=0.3408 val_metric_name=roc_auc val_metric=0.8715
  test_acc=0.8368 test_roc_auc=0.8744 test_loss=0.3377 test_metric_name=roc_auc test_metric=0.8744
  test_roc_auc=0.8744

============================================================
Training TABM-minesweeper GAT-sep 1L h=384 lr=0.0001 split=0
============================================================
Training for 5000 steps
Step    1 | loss 1.2830 | val_acc=0.6300 val_roc_auc=0.5573 val_loss=0.6381 val_metric_name=roc_auc val_metric=0.5573
Step   50 | loss 0.3875 | val_acc=0.8284 val_roc_auc=0.8620 val_loss=0.3481 val_metric_name=roc_auc val_metric=0.8620
Step  100 | loss 0.3548 | val_acc=0.8248 val_roc_auc=0.8694 val_loss=0.3415 val_metric_name=roc_auc val_metric=0.8694
Step  150 | loss 0.3404 | val_acc=0.8228 val_roc_auc=0.8701 val_loss=0.3432 val_metric_name=roc_auc val_metric=0.8701
Step  200 | loss 0.3345 | val_acc=0.8252 val_roc_auc=0.8705 val_loss=0.3424 val_metric_name=roc_auc val_metric=0.8705
Step  250 | loss 0.3273 | val_acc=0.8256 val_roc_auc=0.8706 val_loss=0.3423 val_metric_name=roc_auc val_metric=0.8706
Step  300 | loss 0.3246 | val_acc=0.8240 val_roc_auc=0.8706 val_loss=0.3420 val_metric_name=roc_auc val_metric=0.8706
Step  350 | loss 0.3206 | val_acc=0.8240 val_roc_auc=0.8709 val_loss=0.3416 val_metric_name=roc_auc val_metric=0.8709
Step  400 | loss 0.3206 | val_acc=0.8240 val_roc_auc=0.8709 val_loss=0.3416 val_metric_name=roc_auc val_metric=0.8709
Step  450 | loss 0.3180 | val_acc=0.8240 val_roc_auc=0.8709 val_loss=0.3410 val_metric_name=roc_auc val_metric=0.8709
Step  500 | loss 0.3159 | val_acc=0.8232 val_roc_auc=0.8710 val_loss=0.3403 val_metric_name=roc_auc val_metric=0.8710
Step  550 | loss 0.3166 | val_acc=0.8228 val_roc_auc=0.8707 val_loss=0.3403 val_metric_name=roc_auc val_metric=0.8707
Step  600 | loss 0.3156 | val_acc=0.8224 val_roc_auc=0.8711 val_loss=0.3403 val_metric_name=roc_auc val_metric=0.8711
Step  650 | loss 0.3112 | val_acc=0.8224 val_roc_auc=0.8713 val_loss=0.3406 val_metric_name=roc_auc val_metric=0.8713
Step  700 | loss 0.3130 | val_acc=0.8224 val_roc_auc=0.8711 val_loss=0.3401 val_metric_name=roc_auc val_metric=0.8711
Step  750 | loss 0.3115 | val_acc=0.8240 val_roc_auc=0.8711 val_loss=0.3403 val_metric_name=roc_auc val_metric=0.8711
Step  800 | loss 0.3123 | val_acc=0.8244 val_roc_auc=0.8714 val_loss=0.3395 val_metric_name=roc_auc val_metric=0.8714
Step  850 | loss 0.3101 | val_acc=0.8232 val_roc_auc=0.8713 val_loss=0.3400 val_metric_name=roc_auc val_metric=0.8713
Step  900 | loss 0.3102 | val_acc=0.8232 val_roc_auc=0.8713 val_loss=0.3398 val_metric_name=roc_auc val_metric=0.8713
Step  950 | loss 0.3102 | val_acc=0.8236 val_roc_auc=0.8715 val_loss=0.3400 val_metric_name=roc_auc val_metric=0.8715
Step 1000 | loss 0.3093 | val_acc=0.8240 val_roc_auc=0.8716 val_loss=0.3402 val_metric_name=roc_auc val_metric=0.8716
Step 1050 | loss 0.3075 | val_acc=0.8244 val_roc_auc=0.8713 val_loss=0.3400 val_metric_name=roc_auc val_metric=0.8713
Step 1100 | loss 0.3073 | val_acc=0.8232 val_roc_auc=0.8712 val_loss=0.3406 val_metric_name=roc_auc val_metric=0.8712
Step 1150 | loss 0.3082 | val_acc=0.8228 val_roc_auc=0.8711 val_loss=0.3412 val_metric_name=roc_auc val_metric=0.8711
Step 1200 | loss 0.3083 | val_acc=0.8240 val_roc_auc=0.8711 val_loss=0.3407 val_metric_name=roc_auc val_metric=0.8711
Step 1250 | loss 0.3081 | val_acc=0.8232 val_roc_auc=0.8710 val_loss=0.3417 val_metric_name=roc_auc val_metric=0.8710
Early stopping at step 1264

--- Final (best ckpt @ step 960) ---
  train_acc=0.8514 train_roc_auc=0.8993 train_loss=0.2998 train_metric_name=roc_auc train_metric=0.8993
  val_acc=0.8240 val_roc_auc=0.8717 val_loss=0.3398 val_metric_name=roc_auc val_metric=0.8717
  test_acc=0.8376 test_roc_auc=0.8744 test_loss=0.3372 test_metric_name=roc_auc test_metric=0.8744
  test_roc_auc=0.8744

============================================================
Training TABM-minesweeper GAT-sep 1L h=384 lr=1e-05 split=0
============================================================
Training for 5000 steps
Step    1 | loss 1.2830 | val_acc=0.2120 val_roc_auc=0.5219 val_loss=1.2588 val_metric_name=roc_auc val_metric=0.5219
Step   50 | loss 0.5346 | val_acc=0.8000 val_roc_auc=0.7719 val_loss=0.4891 val_metric_name=roc_auc val_metric=0.7719
Step  100 | loss 0.4832 | val_acc=0.8016 val_roc_auc=0.8245 val_loss=0.4198 val_metric_name=roc_auc val_metric=0.8245
Step  150 | loss 0.4470 | val_acc=0.8104 val_roc_auc=0.8432 val_loss=0.3829 val_metric_name=roc_auc val_metric=0.8432
Step  200 | loss 0.4223 | val_acc=0.8240 val_roc_auc=0.8525 val_loss=0.3630 val_metric_name=roc_auc val_metric=0.8525
Step  250 | loss 0.4034 | val_acc=0.8296 val_roc_auc=0.8580 val_loss=0.3540 val_metric_name=roc_auc val_metric=0.8580
Step  300 | loss 0.3960 | val_acc=0.8276 val_roc_auc=0.8613 val_loss=0.3495 val_metric_name=roc_auc val_metric=0.8613
Step  350 | loss 0.3826 | val_acc=0.8296 val_roc_auc=0.8638 val_loss=0.3469 val_metric_name=roc_auc val_metric=0.8638
Step  400 | loss 0.3791 | val_acc=0.8316 val_roc_auc=0.8654 val_loss=0.3450 val_metric_name=roc_auc val_metric=0.8654
Step  450 | loss 0.3719 | val_acc=0.8300 val_roc_auc=0.8667 val_loss=0.3437 val_metric_name=roc_auc val_metric=0.8667
Step  500 | loss 0.3665 | val_acc=0.8288 val_roc_auc=0.8679 val_loss=0.3426 val_metric_name=roc_auc val_metric=0.8679
Step  550 | loss 0.3659 | val_acc=0.8284 val_roc_auc=0.8688 val_loss=0.3417 val_metric_name=roc_auc val_metric=0.8688
Step  600 | loss 0.3574 | val_acc=0.8264 val_roc_auc=0.8695 val_loss=0.3415 val_metric_name=roc_auc val_metric=0.8695
Step  650 | loss 0.3517 | val_acc=0.8264 val_roc_auc=0.8699 val_loss=0.3417 val_metric_name=roc_auc val_metric=0.8699
Step  700 | loss 0.3569 | val_acc=0.8264 val_roc_auc=0.8703 val_loss=0.3418 val_metric_name=roc_auc val_metric=0.8703
Step  750 | loss 0.3489 | val_acc=0.8272 val_roc_auc=0.8703 val_loss=0.3421 val_metric_name=roc_auc val_metric=0.8703
Step  800 | loss 0.3478 | val_acc=0.8268 val_roc_auc=0.8704 val_loss=0.3422 val_metric_name=roc_auc val_metric=0.8704
Step  850 | loss 0.3481 | val_acc=0.8260 val_roc_auc=0.8705 val_loss=0.3426 val_metric_name=roc_auc val_metric=0.8705
Step  900 | loss 0.3447 | val_acc=0.8276 val_roc_auc=0.8704 val_loss=0.3427 val_metric_name=roc_auc val_metric=0.8704
Step  950 | loss 0.3431 | val_acc=0.8260 val_roc_auc=0.8705 val_loss=0.3428 val_metric_name=roc_auc val_metric=0.8705
Step 1000 | loss 0.3407 | val_acc=0.8260 val_roc_auc=0.8706 val_loss=0.3429 val_metric_name=roc_auc val_metric=0.8706
Step 1050 | loss 0.3416 | val_acc=0.8260 val_roc_auc=0.8707 val_loss=0.3428 val_metric_name=roc_auc val_metric=0.8707
Step 1100 | loss 0.3378 | val_acc=0.8260 val_roc_auc=0.8708 val_loss=0.3430 val_metric_name=roc_auc val_metric=0.8708
Step 1150 | loss 0.3405 | val_acc=0.8260 val_roc_auc=0.8710 val_loss=0.3427 val_metric_name=roc_auc val_metric=0.8710
Step 1200 | loss 0.3371 | val_acc=0.8260 val_roc_auc=0.8709 val_loss=0.3425 val_metric_name=roc_auc val_metric=0.8709
Step 1250 | loss 0.3350 | val_acc=0.8256 val_roc_auc=0.8709 val_loss=0.3427 val_metric_name=roc_auc val_metric=0.8709
Step 1300 | loss 0.3325 | val_acc=0.8256 val_roc_auc=0.8708 val_loss=0.3425 val_metric_name=roc_auc val_metric=0.8708
Step 1350 | loss 0.3337 | val_acc=0.8256 val_roc_auc=0.8709 val_loss=0.3423 val_metric_name=roc_auc val_metric=0.8709
Step 1400 | loss 0.3315 | val_acc=0.8264 val_roc_auc=0.8708 val_loss=0.3421 val_metric_name=roc_auc val_metric=0.8708
Step 1450 | loss 0.3316 | val_acc=0.8260 val_roc_auc=0.8709 val_loss=0.3424 val_metric_name=roc_auc val_metric=0.8709
Step 1500 | loss 0.3302 | val_acc=0.8268 val_roc_auc=0.8710 val_loss=0.3422 val_metric_name=roc_auc val_metric=0.8710
Step 1550 | loss 0.3277 | val_acc=0.8268 val_roc_auc=0.8711 val_loss=0.3418 val_metric_name=roc_auc val_metric=0.8711
Step 1600 | loss 0.3287 | val_acc=0.8268 val_roc_auc=0.8710 val_loss=0.3419 val_metric_name=roc_auc val_metric=0.8710
Step 1650 | loss 0.3294 | val_acc=0.8268 val_roc_auc=0.8712 val_loss=0.3420 val_metric_name=roc_auc val_metric=0.8712
Step 1700 | loss 0.3246 | val_acc=0.8260 val_roc_auc=0.8712 val_loss=0.3417 val_metric_name=roc_auc val_metric=0.8712
Step 1750 | loss 0.3268 | val_acc=0.8256 val_roc_auc=0.8710 val_loss=0.3419 val_metric_name=roc_auc val_metric=0.8710
Step 1800 | loss 0.3287 | val_acc=0.8268 val_roc_auc=0.8712 val_loss=0.3418 val_metric_name=roc_auc val_metric=0.8712
Step 1850 | loss 0.3264 | val_acc=0.8256 val_roc_auc=0.8711 val_loss=0.3417 val_metric_name=roc_auc val_metric=0.8711
Step 1900 | loss 0.3255 | val_acc=0.8256 val_roc_auc=0.8710 val_loss=0.3417 val_metric_name=roc_auc val_metric=0.8710
Step 1950 | loss 0.3250 | val_acc=0.8256 val_roc_auc=0.8710 val_loss=0.3418 val_metric_name=roc_auc val_metric=0.8710
Step 2000 | loss 0.3263 | val_acc=0.8256 val_roc_auc=0.8710 val_loss=0.3418 val_metric_name=roc_auc val_metric=0.8710
Step 2050 | loss 0.3221 | val_acc=0.8256 val_roc_auc=0.8711 val_loss=0.3414 val_metric_name=roc_auc val_metric=0.8711
Step 2100 | loss 0.3215 | val_acc=0.8260 val_roc_auc=0.8711 val_loss=0.3414 val_metric_name=roc_auc val_metric=0.8711
Step 2150 | loss 0.3241 | val_acc=0.8260 val_roc_auc=0.8712 val_loss=0.3416 val_metric_name=roc_auc val_metric=0.8712
Step 2200 | loss 0.3227 | val_acc=0.8260 val_roc_auc=0.8711 val_loss=0.3415 val_metric_name=roc_auc val_metric=0.8711
Step 2250 | loss 0.3212 | val_acc=0.8260 val_roc_auc=0.8711 val_loss=0.3416 val_metric_name=roc_auc val_metric=0.8711
Step 2300 | loss 0.3240 | val_acc=0.8260 val_roc_auc=0.8711 val_loss=0.3415 val_metric_name=roc_auc val_metric=0.8711
Step 2350 | loss 0.3190 | val_acc=0.8260 val_roc_auc=0.8712 val_loss=0.3415 val_metric_name=roc_auc val_metric=0.8712
Step 2400 | loss 0.3202 | val_acc=0.8260 val_roc_auc=0.8712 val_loss=0.3412 val_metric_name=roc_auc val_metric=0.8712
Step 2450 | loss 0.3216 | val_acc=0.8252 val_roc_auc=0.8711 val_loss=0.3414 val_metric_name=roc_auc val_metric=0.8711
Step 2500 | loss 0.3185 | val_acc=0.8256 val_roc_auc=0.8712 val_loss=0.3412 val_metric_name=roc_auc val_metric=0.8712
Step 2550 | loss 0.3197 | val_acc=0.8256 val_roc_auc=0.8712 val_loss=0.3414 val_metric_name=roc_auc val_metric=0.8712
Step 2600 | loss 0.3193 | val_acc=0.8240 val_roc_auc=0.8711 val_loss=0.3416 val_metric_name=roc_auc val_metric=0.8711
Step 2650 | loss 0.3188 | val_acc=0.8248 val_roc_auc=0.8711 val_loss=0.3417 val_metric_name=roc_auc val_metric=0.8711
Step 2700 | loss 0.3176 | val_acc=0.8252 val_roc_auc=0.8713 val_loss=0.3412 val_metric_name=roc_auc val_metric=0.8713
Step 2750 | loss 0.3177 | val_acc=0.8256 val_roc_auc=0.8713 val_loss=0.3412 val_metric_name=roc_auc val_metric=0.8713
Step 2800 | loss 0.3200 | val_acc=0.8244 val_roc_auc=0.8711 val_loss=0.3414 val_metric_name=roc_auc val_metric=0.8711
Step 2850 | loss 0.3193 | val_acc=0.8256 val_roc_auc=0.8711 val_loss=0.3412 val_metric_name=roc_auc val_metric=0.8711
Step 2900 | loss 0.3176 | val_acc=0.8240 val_roc_auc=0.8715 val_loss=0.3412 val_metric_name=roc_auc val_metric=0.8715
Step 2950 | loss 0.3193 | val_acc=0.8236 val_roc_auc=0.8712 val_loss=0.3412 val_metric_name=roc_auc val_metric=0.8712
Step 3000 | loss 0.3177 | val_acc=0.8244 val_roc_auc=0.8713 val_loss=0.3412 val_metric_name=roc_auc val_metric=0.8713
Step 3050 | loss 0.3176 | val_acc=0.8252 val_roc_auc=0.8713 val_loss=0.3410 val_metric_name=roc_auc val_metric=0.8713
Step 3100 | loss 0.3178 | val_acc=0.8252 val_roc_auc=0.8711 val_loss=0.3413 val_metric_name=roc_auc val_metric=0.8711
Step 3150 | loss 0.3171 | val_acc=0.8252 val_roc_auc=0.8712 val_loss=0.3409 val_metric_name=roc_auc val_metric=0.8712
Step 3200 | loss 0.3153 | val_acc=0.8252 val_roc_auc=0.8713 val_loss=0.3409 val_metric_name=roc_auc val_metric=0.8713
Early stopping at step 3200

--- Final (best ckpt @ step 2900) ---
  train_acc=0.8516 train_roc_auc=0.8969 train_loss=0.3045 train_metric_name=roc_auc train_metric=0.8969
  val_acc=0.8240 val_roc_auc=0.8713 val_loss=0.3412 val_metric_name=roc_auc val_metric=0.8713
  test_acc=0.8340 test_roc_auc=0.8747 test_loss=0.3384 test_metric_name=roc_auc test_metric=0.8747
  test_roc_auc=0.8747

============================================================
Training TABM-minesweeper GAT-sep 1L h=512 lr=3e-05 split=0
============================================================
Training for 5000 steps
Step    1 | loss 0.8830 | val_acc=0.7552 val_roc_auc=0.5971 val_loss=0.5711 val_metric_name=roc_auc val_metric=0.5971
Step   50 | loss 0.4267 | val_acc=0.8228 val_roc_auc=0.8482 val_loss=0.3734 val_metric_name=roc_auc val_metric=0.8482
Step  100 | loss 0.3785 | val_acc=0.8300 val_roc_auc=0.8664 val_loss=0.3474 val_metric_name=roc_auc val_metric=0.8664
Step  150 | loss 0.3602 | val_acc=0.8268 val_roc_auc=0.8686 val_loss=0.3438 val_metric_name=roc_auc val_metric=0.8686
Step  200 | loss 0.3489 | val_acc=0.8260 val_roc_auc=0.8696 val_loss=0.3429 val_metric_name=roc_auc val_metric=0.8696
Step  250 | loss 0.3412 | val_acc=0.8256 val_roc_auc=0.8697 val_loss=0.3435 val_metric_name=roc_auc val_metric=0.8697
Step  300 | loss 0.3361 | val_acc=0.8256 val_roc_auc=0.8696 val_loss=0.3440 val_metric_name=roc_auc val_metric=0.8696
Step  350 | loss 0.3322 | val_acc=0.8260 val_roc_auc=0.8693 val_loss=0.3440 val_metric_name=roc_auc val_metric=0.8693
Step  400 | loss 0.3283 | val_acc=0.8260 val_roc_auc=0.8692 val_loss=0.3439 val_metric_name=roc_auc val_metric=0.8692
Step  450 | loss 0.3249 | val_acc=0.8260 val_roc_auc=0.8693 val_loss=0.3434 val_metric_name=roc_auc val_metric=0.8693
Step  500 | loss 0.3243 | val_acc=0.8260 val_roc_auc=0.8693 val_loss=0.3435 val_metric_name=roc_auc val_metric=0.8693
Early stopping at step 527

--- Final (best ckpt @ step 220) ---
  train_acc=0.8484 train_roc_auc=0.8924 train_loss=0.3114 train_metric_name=roc_auc train_metric=0.8924
  val_acc=0.8256 val_roc_auc=0.8699 val_loss=0.3433 val_metric_name=roc_auc val_metric=0.8699
  test_acc=0.8360 test_roc_auc=0.8733 test_loss=0.3396 test_metric_name=roc_auc test_metric=0.8733
  test_roc_auc=0.8733

============================================================
Training TABM-minesweeper GAT-sep 1L h=512 lr=6e-05 split=0
============================================================
Training for 5000 steps
Step    1 | loss 0.8830 | val_acc=0.8004 val_roc_auc=0.5948 val_loss=0.4983 val_metric_name=roc_auc val_metric=0.5948
Step   50 | loss 0.3868 | val_acc=0.8280 val_roc_auc=0.8635 val_loss=0.3487 val_metric_name=roc_auc val_metric=0.8635
Step  100 | loss 0.3551 | val_acc=0.8260 val_roc_auc=0.8688 val_loss=0.3428 val_metric_name=roc_auc val_metric=0.8688
Step  150 | loss 0.3405 | val_acc=0.8272 val_roc_auc=0.8696 val_loss=0.3436 val_metric_name=roc_auc val_metric=0.8696
Step  200 | loss 0.3332 | val_acc=0.8256 val_roc_auc=0.8693 val_loss=0.3443 val_metric_name=roc_auc val_metric=0.8693
Step  250 | loss 0.3288 | val_acc=0.8260 val_roc_auc=0.8689 val_loss=0.3436 val_metric_name=roc_auc val_metric=0.8689
Step  300 | loss 0.3254 | val_acc=0.8260 val_roc_auc=0.8694 val_loss=0.3427 val_metric_name=roc_auc val_metric=0.8694
Step  350 | loss 0.3221 | val_acc=0.8260 val_roc_auc=0.8694 val_loss=0.3425 val_metric_name=roc_auc val_metric=0.8694
Step  400 | loss 0.3188 | val_acc=0.8256 val_roc_auc=0.8696 val_loss=0.3424 val_metric_name=roc_auc val_metric=0.8696
Step  450 | loss 0.3171 | val_acc=0.8240 val_roc_auc=0.8697 val_loss=0.3415 val_metric_name=roc_auc val_metric=0.8697
Step  500 | loss 0.3162 | val_acc=0.8244 val_roc_auc=0.8698 val_loss=0.3422 val_metric_name=roc_auc val_metric=0.8698
Step  550 | loss 0.3162 | val_acc=0.8248 val_roc_auc=0.8704 val_loss=0.3411 val_metric_name=roc_auc val_metric=0.8704
Step  600 | loss 0.3140 | val_acc=0.8240 val_roc_auc=0.8703 val_loss=0.3411 val_metric_name=roc_auc val_metric=0.8703
Step  650 | loss 0.3150 | val_acc=0.8248 val_roc_auc=0.8703 val_loss=0.3406 val_metric_name=roc_auc val_metric=0.8703
Step  700 | loss 0.3118 | val_acc=0.8232 val_roc_auc=0.8703 val_loss=0.3409 val_metric_name=roc_auc val_metric=0.8703
Step  750 | loss 0.3123 | val_acc=0.8232 val_roc_auc=0.8706 val_loss=0.3405 val_metric_name=roc_auc val_metric=0.8706
Step  800 | loss 0.3120 | val_acc=0.8232 val_roc_auc=0.8704 val_loss=0.3417 val_metric_name=roc_auc val_metric=0.8704
Step  850 | loss 0.3120 | val_acc=0.8232 val_roc_auc=0.8704 val_loss=0.3411 val_metric_name=roc_auc val_metric=0.8704
Step  900 | loss 0.3104 | val_acc=0.8248 val_roc_auc=0.8703 val_loss=0.3414 val_metric_name=roc_auc val_metric=0.8703
Step  950 | loss 0.3113 | val_acc=0.8232 val_roc_auc=0.8697 val_loss=0.3414 val_metric_name=roc_auc val_metric=0.8697
Step 1000 | loss 0.3096 | val_acc=0.8236 val_roc_auc=0.8701 val_loss=0.3416 val_metric_name=roc_auc val_metric=0.8701
Step 1050 | loss 0.3088 | val_acc=0.8236 val_roc_auc=0.8697 val_loss=0.3422 val_metric_name=roc_auc val_metric=0.8697
Early stopping at step 1062

--- Final (best ckpt @ step 760) ---
  train_acc=0.8528 train_roc_auc=0.8979 train_loss=0.3021 train_metric_name=roc_auc train_metric=0.8979
  val_acc=0.8248 val_roc_auc=0.8707 val_loss=0.3412 val_metric_name=roc_auc val_metric=0.8707
  test_acc=0.8396 test_roc_auc=0.8745 test_loss=0.3369 test_metric_name=roc_auc test_metric=0.8745
  test_roc_auc=0.8745

============================================================
Training TABM-minesweeper GAT-sep 1L h=512 lr=0.0001 split=0
============================================================
Training for 5000 steps
Step    1 | loss 0.8830 | val_acc=0.8000 val_roc_auc=0.5824 val_loss=0.5358 val_metric_name=roc_auc val_metric=0.5824
Step   50 | loss 0.3692 | val_acc=0.8288 val_roc_auc=0.8674 val_loss=0.3458 val_metric_name=roc_auc val_metric=0.8674
Step  100 | loss 0.3421 | val_acc=0.8252 val_roc_auc=0.8693 val_loss=0.3425 val_metric_name=roc_auc val_metric=0.8693
Step  150 | loss 0.3320 | val_acc=0.8268 val_roc_auc=0.8692 val_loss=0.3438 val_metric_name=roc_auc val_metric=0.8692
Step  200 | loss 0.3257 | val_acc=0.8264 val_roc_auc=0.8694 val_loss=0.3428 val_metric_name=roc_auc val_metric=0.8694
Step  250 | loss 0.3227 | val_acc=0.8260 val_roc_auc=0.8696 val_loss=0.3416 val_metric_name=roc_auc val_metric=0.8696
Step  300 | loss 0.3200 | val_acc=0.8248 val_roc_auc=0.8698 val_loss=0.3412 val_metric_name=roc_auc val_metric=0.8698
Step  350 | loss 0.3169 | val_acc=0.8240 val_roc_auc=0.8700 val_loss=0.3407 val_metric_name=roc_auc val_metric=0.8700
Step  400 | loss 0.3142 | val_acc=0.8248 val_roc_auc=0.8702 val_loss=0.3409 val_metric_name=roc_auc val_metric=0.8702
Step  450 | loss 0.3136 | val_acc=0.8232 val_roc_auc=0.8704 val_loss=0.3408 val_metric_name=roc_auc val_metric=0.8704
Step  500 | loss 0.3124 | val_acc=0.8232 val_roc_auc=0.8702 val_loss=0.3410 val_metric_name=roc_auc val_metric=0.8702
Step  550 | loss 0.3125 | val_acc=0.8232 val_roc_auc=0.8704 val_loss=0.3411 val_metric_name=roc_auc val_metric=0.8704
Step  600 | loss 0.3106 | val_acc=0.8232 val_roc_auc=0.8707 val_loss=0.3402 val_metric_name=roc_auc val_metric=0.8707
Step  650 | loss 0.3115 | val_acc=0.8240 val_roc_auc=0.8701 val_loss=0.3413 val_metric_name=roc_auc val_metric=0.8701
Step  700 | loss 0.3085 | val_acc=0.8224 val_roc_auc=0.8696 val_loss=0.3419 val_metric_name=roc_auc val_metric=0.8696
Step  750 | loss 0.3088 | val_acc=0.8236 val_roc_auc=0.8701 val_loss=0.3410 val_metric_name=roc_auc val_metric=0.8701
Step  800 | loss 0.3083 | val_acc=0.8236 val_roc_auc=0.8698 val_loss=0.3425 val_metric_name=roc_auc val_metric=0.8698
Step  850 | loss 0.3085 | val_acc=0.8228 val_roc_auc=0.8698 val_loss=0.3420 val_metric_name=roc_auc val_metric=0.8698
Step  900 | loss 0.3071 | val_acc=0.8236 val_roc_auc=0.8694 val_loss=0.3431 val_metric_name=roc_auc val_metric=0.8694
Early stopping at step 900

--- Final (best ckpt @ step 600) ---
  train_acc=0.8540 train_roc_auc=0.8984 train_loss=0.3007 train_metric_name=roc_auc train_metric=0.8984
  val_acc=0.8232 val_roc_auc=0.8706 val_loss=0.3402 val_metric_name=roc_auc val_metric=0.8706
  test_acc=0.8384 test_roc_auc=0.8740 test_loss=0.3366 test_metric_name=roc_auc test_metric=0.8740
  test_roc_auc=0.8740

============================================================
Training TABM-minesweeper GAT-sep 1L h=512 lr=1e-05 split=0
============================================================
Training for 5000 steps
Step    1 | loss 0.8830 | val_acc=0.4760 val_roc_auc=0.6097 val_loss=0.6898 val_metric_name=roc_auc val_metric=0.6097
Step   50 | loss 0.4998 | val_acc=0.8008 val_roc_auc=0.7871 val_loss=0.4465 val_metric_name=roc_auc val_metric=0.7871
Step  100 | loss 0.4462 | val_acc=0.8140 val_roc_auc=0.8385 val_loss=0.3920 val_metric_name=roc_auc val_metric=0.8385
Step  150 | loss 0.4123 | val_acc=0.8288 val_roc_auc=0.8564 val_loss=0.3631 val_metric_name=roc_auc val_metric=0.8564
Step  200 | loss 0.3920 | val_acc=0.8292 val_roc_auc=0.8629 val_loss=0.3518 val_metric_name=roc_auc val_metric=0.8629
Step  250 | loss 0.3793 | val_acc=0.8308 val_roc_auc=0.8664 val_loss=0.3469 val_metric_name=roc_auc val_metric=0.8664
Step  300 | loss 0.3710 | val_acc=0.8284 val_roc_auc=0.8678 val_loss=0.3450 val_metric_name=roc_auc val_metric=0.8678
Step  350 | loss 0.3625 | val_acc=0.8276 val_roc_auc=0.8689 val_loss=0.3436 val_metric_name=roc_auc val_metric=0.8689
Step  400 | loss 0.3571 | val_acc=0.8268 val_roc_auc=0.8692 val_loss=0.3428 val_metric_name=roc_auc val_metric=0.8692
Step  450 | loss 0.3490 | val_acc=0.8276 val_roc_auc=0.8696 val_loss=0.3424 val_metric_name=roc_auc val_metric=0.8696
Step  500 | loss 0.3466 | val_acc=0.8268 val_roc_auc=0.8697 val_loss=0.3428 val_metric_name=roc_auc val_metric=0.8697
Step  550 | loss 0.3443 | val_acc=0.8260 val_roc_auc=0.8703 val_loss=0.3431 val_metric_name=roc_auc val_metric=0.8703
Step  600 | loss 0.3414 | val_acc=0.8260 val_roc_auc=0.8701 val_loss=0.3433 val_metric_name=roc_auc val_metric=0.8701
Step  650 | loss 0.3411 | val_acc=0.8268 val_roc_auc=0.8700 val_loss=0.3438 val_metric_name=roc_auc val_metric=0.8700
Step  700 | loss 0.3362 | val_acc=0.8260 val_roc_auc=0.8699 val_loss=0.3437 val_metric_name=roc_auc val_metric=0.8699
Step  750 | loss 0.3337 | val_acc=0.8264 val_roc_auc=0.8697 val_loss=0.3442 val_metric_name=roc_auc val_metric=0.8697
Step  800 | loss 0.3343 | val_acc=0.8260 val_roc_auc=0.8696 val_loss=0.3444 val_metric_name=roc_auc val_metric=0.8696
Step  850 | loss 0.3353 | val_acc=0.8264 val_roc_auc=0.8697 val_loss=0.3441 val_metric_name=roc_auc val_metric=0.8697
Early stopping at step 870

--- Final (best ckpt @ step 570) ---
  train_acc=0.8510 train_roc_auc=0.8928 train_loss=0.3109 train_metric_name=roc_auc train_metric=0.8928
  val_acc=0.8260 val_roc_auc=0.8703 val_loss=0.3432 val_metric_name=roc_auc val_metric=0.8703
  test_acc=0.8356 test_roc_auc=0.8733 test_loss=0.3399 test_metric_name=roc_auc test_metric=0.8733
  test_roc_auc=0.8733

============================================================
Training TABM-minesweeper GAT-sep 2L h=256 lr=3e-05 split=0
============================================================
Training for 5000 steps
Step    1 | loss 1.0547 | val_acc=0.3960 val_roc_auc=0.4756 val_loss=0.7266 val_metric_name=roc_auc val_metric=0.4756
Step   50 | loss 0.4913 | val_acc=0.8012 val_roc_auc=0.8131 val_loss=0.4358 val_metric_name=roc_auc val_metric=0.8131
Step  100 | loss 0.4243 | val_acc=0.8324 val_roc_auc=0.8469 val_loss=0.3801 val_metric_name=roc_auc val_metric=0.8469
Step  150 | loss 0.3813 | val_acc=0.8256 val_roc_auc=0.8678 val_loss=0.3530 val_metric_name=roc_auc val_metric=0.8678
Step  200 | loss 0.3580 | val_acc=0.8292 val_roc_auc=0.8800 val_loss=0.3388 val_metric_name=roc_auc val_metric=0.8800
Step  250 | loss 0.3407 | val_acc=0.8296 val_roc_auc=0.8853 val_loss=0.3374 val_metric_name=roc_auc val_metric=0.8853
Step  300 | loss 0.3302 | val_acc=0.8316 val_roc_auc=0.8879 val_loss=0.3361 val_metric_name=roc_auc val_metric=0.8879
Step  350 | loss 0.3269 | val_acc=0.8332 val_roc_auc=0.8894 val_loss=0.3355 val_metric_name=roc_auc val_metric=0.8894
Step  400 | loss 0.3212 | val_acc=0.8348 val_roc_auc=0.8907 val_loss=0.3339 val_metric_name=roc_auc val_metric=0.8907
Step  450 | loss 0.3140 | val_acc=0.8352 val_roc_auc=0.8914 val_loss=0.3327 val_metric_name=roc_auc val_metric=0.8914
Step  500 | loss 0.3107 | val_acc=0.8336 val_roc_auc=0.8918 val_loss=0.3325 val_metric_name=roc_auc val_metric=0.8918
Step  550 | loss 0.3096 | val_acc=0.8364 val_roc_auc=0.8921 val_loss=0.3329 val_metric_name=roc_auc val_metric=0.8921
Step  600 | loss 0.3070 | val_acc=0.8376 val_roc_auc=0.8923 val_loss=0.3308 val_metric_name=roc_auc val_metric=0.8923
Step  650 | loss 0.3059 | val_acc=0.8372 val_roc_auc=0.8925 val_loss=0.3312 val_metric_name=roc_auc val_metric=0.8925
Step  700 | loss 0.3021 | val_acc=0.8380 val_roc_auc=0.8925 val_loss=0.3314 val_metric_name=roc_auc val_metric=0.8925
Step  750 | loss 0.3007 | val_acc=0.8392 val_roc_auc=0.8927 val_loss=0.3308 val_metric_name=roc_auc val_metric=0.8927
Step  800 | loss 0.2981 | val_acc=0.8404 val_roc_auc=0.8928 val_loss=0.3305 val_metric_name=roc_auc val_metric=0.8928
Step  850 | loss 0.2950 | val_acc=0.8392 val_roc_auc=0.8929 val_loss=0.3305 val_metric_name=roc_auc val_metric=0.8929
Step  900 | loss 0.2968 | val_acc=0.8396 val_roc_auc=0.8929 val_loss=0.3299 val_metric_name=roc_auc val_metric=0.8929
Step  950 | loss 0.2935 | val_acc=0.8400 val_roc_auc=0.8930 val_loss=0.3301 val_metric_name=roc_auc val_metric=0.8930
Step 1000 | loss 0.2926 | val_acc=0.8392 val_roc_auc=0.8930 val_loss=0.3299 val_metric_name=roc_auc val_metric=0.8930
Step 1050 | loss 0.2925 | val_acc=0.8396 val_roc_auc=0.8929 val_loss=0.3303 val_metric_name=roc_auc val_metric=0.8929
Step 1100 | loss 0.2902 | val_acc=0.8396 val_roc_auc=0.8928 val_loss=0.3307 val_metric_name=roc_auc val_metric=0.8928
Step 1150 | loss 0.2897 | val_acc=0.8412 val_roc_auc=0.8926 val_loss=0.3309 val_metric_name=roc_auc val_metric=0.8926
Step 1200 | loss 0.2891 | val_acc=0.8400 val_roc_auc=0.8925 val_loss=0.3309 val_metric_name=roc_auc val_metric=0.8925
Early stopping at step 1242

--- Final (best ckpt @ step 940) ---
  train_acc=0.8644 train_roc_auc=0.9199 train_loss=0.2787 train_metric_name=roc_auc train_metric=0.9199
  val_acc=0.8396 val_roc_auc=0.8931 val_loss=0.3290 val_metric_name=roc_auc val_metric=0.8931
  test_acc=0.8512 test_roc_auc=0.9016 test_loss=0.3202 test_metric_name=roc_auc test_metric=0.9016
  test_roc_auc=0.9016

============================================================
Training TABM-minesweeper GAT-sep 2L h=256 lr=6e-05 split=0
============================================================
Training for 5000 steps
Step    1 | loss 1.0547 | val_acc=0.7780 val_roc_auc=0.4746 val_loss=0.5907 val_metric_name=roc_auc val_metric=0.4746
Step   50 | loss 0.4397 | val_acc=0.8268 val_roc_auc=0.8366 val_loss=0.3830 val_metric_name=roc_auc val_metric=0.8366
Step  100 | loss 0.3688 | val_acc=0.8272 val_roc_auc=0.8744 val_loss=0.3441 val_metric_name=roc_auc val_metric=0.8744
Step  150 | loss 0.3362 | val_acc=0.8304 val_roc_auc=0.8862 val_loss=0.3364 val_metric_name=roc_auc val_metric=0.8862
Step  200 | loss 0.3233 | val_acc=0.8312 val_roc_auc=0.8893 val_loss=0.3343 val_metric_name=roc_auc val_metric=0.8893
Step  250 | loss 0.3131 | val_acc=0.8360 val_roc_auc=0.8910 val_loss=0.3338 val_metric_name=roc_auc val_metric=0.8910
Step  300 | loss 0.3076 | val_acc=0.8360 val_roc_auc=0.8919 val_loss=0.3320 val_metric_name=roc_auc val_metric=0.8919
Step  350 | loss 0.3059 | val_acc=0.8368 val_roc_auc=0.8922 val_loss=0.3318 val_metric_name=roc_auc val_metric=0.8922
Step  400 | loss 0.3027 | val_acc=0.8392 val_roc_auc=0.8925 val_loss=0.3314 val_metric_name=roc_auc val_metric=0.8925
Step  450 | loss 0.2980 | val_acc=0.8388 val_roc_auc=0.8927 val_loss=0.3290 val_metric_name=roc_auc val_metric=0.8927
Step  500 | loss 0.2959 | val_acc=0.8384 val_roc_auc=0.8926 val_loss=0.3311 val_metric_name=roc_auc val_metric=0.8926
Step  550 | loss 0.2948 | val_acc=0.8400 val_roc_auc=0.8926 val_loss=0.3306 val_metric_name=roc_auc val_metric=0.8926
Step  600 | loss 0.2927 | val_acc=0.8400 val_roc_auc=0.8927 val_loss=0.3311 val_metric_name=roc_auc val_metric=0.8927
Step  650 | loss 0.2914 | val_acc=0.8396 val_roc_auc=0.8926 val_loss=0.3307 val_metric_name=roc_auc val_metric=0.8926
Step  700 | loss 0.2893 | val_acc=0.8408 val_roc_auc=0.8924 val_loss=0.3312 val_metric_name=roc_auc val_metric=0.8924
Step  750 | loss 0.2884 | val_acc=0.8416 val_roc_auc=0.8923 val_loss=0.3306 val_metric_name=roc_auc val_metric=0.8923
Step  800 | loss 0.2861 | val_acc=0.8404 val_roc_auc=0.8919 val_loss=0.3312 val_metric_name=roc_auc val_metric=0.8919
Early stopping at step 833

--- Final (best ckpt @ step 530) ---
  train_acc=0.8638 train_roc_auc=0.9198 train_loss=0.2793 train_metric_name=roc_auc train_metric=0.9198
  val_acc=0.8404 val_roc_auc=0.8929 val_loss=0.3299 val_metric_name=roc_auc val_metric=0.8929
  test_acc=0.8488 test_roc_auc=0.9013 test_loss=0.3214 test_metric_name=roc_auc test_metric=0.9013
  test_roc_auc=0.9013

============================================================
Training TABM-minesweeper GAT-sep 2L h=256 lr=0.0001 split=0
============================================================
Training for 5000 steps
Step    1 | loss 1.0547 | val_acc=0.8000 val_roc_auc=0.4838 val_loss=0.5159 val_metric_name=roc_auc val_metric=0.4838
Step   50 | loss 0.4012 | val_acc=0.8304 val_roc_auc=0.8574 val_loss=0.3691 val_metric_name=roc_auc val_metric=0.8574
Step  100 | loss 0.3395 | val_acc=0.8304 val_roc_auc=0.8855 val_loss=0.3370 val_metric_name=roc_auc val_metric=0.8855
Step  150 | loss 0.3167 | val_acc=0.8332 val_roc_auc=0.8903 val_loss=0.3334 val_metric_name=roc_auc val_metric=0.8903
Step  200 | loss 0.3088 | val_acc=0.8352 val_roc_auc=0.8916 val_loss=0.3320 val_metric_name=roc_auc val_metric=0.8916
Step  250 | loss 0.3010 | val_acc=0.8376 val_roc_auc=0.8921 val_loss=0.3316 val_metric_name=roc_auc val_metric=0.8921
Step  300 | loss 0.2975 | val_acc=0.8416 val_roc_auc=0.8926 val_loss=0.3306 val_metric_name=roc_auc val_metric=0.8926
Step  350 | loss 0.2958 | val_acc=0.8408 val_roc_auc=0.8925 val_loss=0.3311 val_metric_name=roc_auc val_metric=0.8925
Step  400 | loss 0.2936 | val_acc=0.8388 val_roc_auc=0.8927 val_loss=0.3300 val_metric_name=roc_auc val_metric=0.8927
Step  450 | loss 0.2898 | val_acc=0.8408 val_roc_auc=0.8924 val_loss=0.3302 val_metric_name=roc_auc val_metric=0.8924
Step  500 | loss 0.2880 | val_acc=0.8396 val_roc_auc=0.8918 val_loss=0.3323 val_metric_name=roc_auc val_metric=0.8918
Step  550 | loss 0.2867 | val_acc=0.8412 val_roc_auc=0.8915 val_loss=0.3316 val_metric_name=roc_auc val_metric=0.8915
Step  600 | loss 0.2855 | val_acc=0.8400 val_roc_auc=0.8911 val_loss=0.3339 val_metric_name=roc_auc val_metric=0.8911
Step  650 | loss 0.2834 | val_acc=0.8424 val_roc_auc=0.8908 val_loss=0.3338 val_metric_name=roc_auc val_metric=0.8908
Early stopping at step 680

--- Final (best ckpt @ step 380) ---
  train_acc=0.8652 train_roc_auc=0.9202 train_loss=0.2787 train_metric_name=roc_auc train_metric=0.9202
  val_acc=0.8396 val_roc_auc=0.8928 val_loss=0.3302 val_metric_name=roc_auc val_metric=0.8928
  test_acc=0.8484 test_roc_auc=0.9013 test_loss=0.3212 test_metric_name=roc_auc test_metric=0.9013
  test_roc_auc=0.9013

============================================================
Training TABM-minesweeper GAT-sep 2L h=256 lr=1e-05 split=0
============================================================
Training for 5000 steps
Step    1 | loss 1.0547 | val_acc=0.2068 val_roc_auc=0.4772 val_loss=0.8594 val_metric_name=roc_auc val_metric=0.4772
Step   50 | loss 0.5568 | val_acc=0.8000 val_roc_auc=0.7704 val_loss=0.5520 val_metric_name=roc_auc val_metric=0.7704
Step  100 | loss 0.5131 | val_acc=0.8000 val_roc_auc=0.8068 val_loss=0.4693 val_metric_name=roc_auc val_metric=0.8068
Step  150 | loss 0.4771 | val_acc=0.8020 val_roc_auc=0.8211 val_loss=0.4252 val_metric_name=roc_auc val_metric=0.8211
Step  200 | loss 0.4529 | val_acc=0.8216 val_roc_auc=0.8340 val_loss=0.3975 val_metric_name=roc_auc val_metric=0.8340
Step  250 | loss 0.4282 | val_acc=0.8320 val_roc_auc=0.8458 val_loss=0.3821 val_metric_name=roc_auc val_metric=0.8458
Step  300 | loss 0.4092 | val_acc=0.8276 val_roc_auc=0.8550 val_loss=0.3709 val_metric_name=roc_auc val_metric=0.8550
Step  350 | loss 0.4010 | val_acc=0.8284 val_roc_auc=0.8622 val_loss=0.3617 val_metric_name=roc_auc val_metric=0.8622
Step  400 | loss 0.3879 | val_acc=0.8248 val_roc_auc=0.8683 val_loss=0.3532 val_metric_name=roc_auc val_metric=0.8683
Step  450 | loss 0.3727 | val_acc=0.8288 val_roc_auc=0.8735 val_loss=0.3466 val_metric_name=roc_auc val_metric=0.8735
Step  500 | loss 0.3660 | val_acc=0.8296 val_roc_auc=0.8779 val_loss=0.3419 val_metric_name=roc_auc val_metric=0.8779
Step  550 | loss 0.3590 | val_acc=0.8288 val_roc_auc=0.8814 val_loss=0.3388 val_metric_name=roc_auc val_metric=0.8814
Step  600 | loss 0.3517 | val_acc=0.8288 val_roc_auc=0.8836 val_loss=0.3374 val_metric_name=roc_auc val_metric=0.8836
Step  650 | loss 0.3478 | val_acc=0.8292 val_roc_auc=0.8853 val_loss=0.3372 val_metric_name=roc_auc val_metric=0.8853
Step  700 | loss 0.3409 | val_acc=0.8308 val_roc_auc=0.8864 val_loss=0.3370 val_metric_name=roc_auc val_metric=0.8864
Step  750 | loss 0.3363 | val_acc=0.8312 val_roc_auc=0.8873 val_loss=0.3369 val_metric_name=roc_auc val_metric=0.8873
Step  800 | loss 0.3330 | val_acc=0.8324 val_roc_auc=0.8880 val_loss=0.3364 val_metric_name=roc_auc val_metric=0.8880
Step  850 | loss 0.3281 | val_acc=0.8336 val_roc_auc=0.8886 val_loss=0.3359 val_metric_name=roc_auc val_metric=0.8886
Step  900 | loss 0.3277 | val_acc=0.8324 val_roc_auc=0.8893 val_loss=0.3353 val_metric_name=roc_auc val_metric=0.8893
Step  950 | loss 0.3238 | val_acc=0.8348 val_roc_auc=0.8897 val_loss=0.3349 val_metric_name=roc_auc val_metric=0.8897
Step 1000 | loss 0.3208 | val_acc=0.8336 val_roc_auc=0.8902 val_loss=0.3347 val_metric_name=roc_auc val_metric=0.8902
Step 1050 | loss 0.3203 | val_acc=0.8360 val_roc_auc=0.8905 val_loss=0.3344 val_metric_name=roc_auc val_metric=0.8905
Step 1100 | loss 0.3173 | val_acc=0.8364 val_roc_auc=0.8908 val_loss=0.3341 val_metric_name=roc_auc val_metric=0.8908
Step 1150 | loss 0.3167 | val_acc=0.8352 val_roc_auc=0.8912 val_loss=0.3336 val_metric_name=roc_auc val_metric=0.8912
Step 1200 | loss 0.3136 | val_acc=0.8328 val_roc_auc=0.8914 val_loss=0.3334 val_metric_name=roc_auc val_metric=0.8914
Step 1250 | loss 0.3096 | val_acc=0.8336 val_roc_auc=0.8916 val_loss=0.3336 val_metric_name=roc_auc val_metric=0.8916
Step 1300 | loss 0.3123 | val_acc=0.8340 val_roc_auc=0.8918 val_loss=0.3331 val_metric_name=roc_auc val_metric=0.8918
Step 1350 | loss 0.3109 | val_acc=0.8340 val_roc_auc=0.8919 val_loss=0.3327 val_metric_name=roc_auc val_metric=0.8919
Step 1400 | loss 0.3101 | val_acc=0.8340 val_roc_auc=0.8920 val_loss=0.3329 val_metric_name=roc_auc val_metric=0.8920
Step 1450 | loss 0.3086 | val_acc=0.8348 val_roc_auc=0.8922 val_loss=0.3325 val_metric_name=roc_auc val_metric=0.8922
Step 1500 | loss 0.3057 | val_acc=0.8372 val_roc_auc=0.8923 val_loss=0.3323 val_metric_name=roc_auc val_metric=0.8923
Step 1550 | loss 0.3029 | val_acc=0.8364 val_roc_auc=0.8923 val_loss=0.3320 val_metric_name=roc_auc val_metric=0.8923
Step 1600 | loss 0.3064 | val_acc=0.8364 val_roc_auc=0.8923 val_loss=0.3317 val_metric_name=roc_auc val_metric=0.8923
Step 1650 | loss 0.3042 | val_acc=0.8364 val_roc_auc=0.8924 val_loss=0.3320 val_metric_name=roc_auc val_metric=0.8924
Step 1700 | loss 0.3040 | val_acc=0.8364 val_roc_auc=0.8925 val_loss=0.3316 val_metric_name=roc_auc val_metric=0.8925
Step 1750 | loss 0.3022 | val_acc=0.8372 val_roc_auc=0.8926 val_loss=0.3313 val_metric_name=roc_auc val_metric=0.8926
Step 1800 | loss 0.3005 | val_acc=0.8380 val_roc_auc=0.8926 val_loss=0.3314 val_metric_name=roc_auc val_metric=0.8926
Step 1850 | loss 0.3003 | val_acc=0.8384 val_roc_auc=0.8927 val_loss=0.3314 val_metric_name=roc_auc val_metric=0.8927
Step 1900 | loss 0.3012 | val_acc=0.8388 val_roc_auc=0.8927 val_loss=0.3314 val_metric_name=roc_auc val_metric=0.8927
Step 1950 | loss 0.3004 | val_acc=0.8392 val_roc_auc=0.8928 val_loss=0.3310 val_metric_name=roc_auc val_metric=0.8928
Step 2000 | loss 0.2992 | val_acc=0.8388 val_roc_auc=0.8928 val_loss=0.3314 val_metric_name=roc_auc val_metric=0.8928
Step 2050 | loss 0.2992 | val_acc=0.8392 val_roc_auc=0.8928 val_loss=0.3308 val_metric_name=roc_auc val_metric=0.8928
Step 2100 | loss 0.2978 | val_acc=0.8388 val_roc_auc=0.8928 val_loss=0.3311 val_metric_name=roc_auc val_metric=0.8928
Step 2150 | loss 0.2982 | val_acc=0.8384 val_roc_auc=0.8929 val_loss=0.3304 val_metric_name=roc_auc val_metric=0.8929
Step 2200 | loss 0.2949 | val_acc=0.8392 val_roc_auc=0.8929 val_loss=0.3308 val_metric_name=roc_auc val_metric=0.8929
Step 2250 | loss 0.2971 | val_acc=0.8392 val_roc_auc=0.8929 val_loss=0.3309 val_metric_name=roc_auc val_metric=0.8929
Step 2300 | loss 0.2965 | val_acc=0.8400 val_roc_auc=0.8929 val_loss=0.3304 val_metric_name=roc_auc val_metric=0.8929
Step 2350 | loss 0.2949 | val_acc=0.8392 val_roc_auc=0.8929 val_loss=0.3305 val_metric_name=roc_auc val_metric=0.8929
Step 2400 | loss 0.2915 | val_acc=0.8396 val_roc_auc=0.8929 val_loss=0.3307 val_metric_name=roc_auc val_metric=0.8929
Step 2450 | loss 0.2936 | val_acc=0.8392 val_roc_auc=0.8930 val_loss=0.3302 val_metric_name=roc_auc val_metric=0.8930
Step 2500 | loss 0.2974 | val_acc=0.8388 val_roc_auc=0.8930 val_loss=0.3310 val_metric_name=roc_auc val_metric=0.8930
Step 2550 | loss 0.2932 | val_acc=0.8404 val_roc_auc=0.8929 val_loss=0.3301 val_metric_name=roc_auc val_metric=0.8929
Step 2600 | loss 0.2915 | val_acc=0.8392 val_roc_auc=0.8929 val_loss=0.3305 val_metric_name=roc_auc val_metric=0.8929
Step 2650 | loss 0.2904 | val_acc=0.8400 val_roc_auc=0.8928 val_loss=0.3307 val_metric_name=roc_auc val_metric=0.8928
Step 2700 | loss 0.2929 | val_acc=0.8400 val_roc_auc=0.8928 val_loss=0.3310 val_metric_name=roc_auc val_metric=0.8928
Early stopping at step 2722

--- Final (best ckpt @ step 2420) ---
  train_acc=0.8636 train_roc_auc=0.9200 train_loss=0.2795 train_metric_name=roc_auc train_metric=0.9200
  val_acc=0.8396 val_roc_auc=0.8930 val_loss=0.3307 val_metric_name=roc_auc val_metric=0.8930
  test_acc=0.8500 test_roc_auc=0.9017 test_loss=0.3218 test_metric_name=roc_auc test_metric=0.9017
  test_roc_auc=0.9017

============================================================
Training TABM-minesweeper GAT-sep 2L h=384 lr=3e-05 split=0
============================================================
Training for 5000 steps
Step    1 | loss 1.2401 | val_acc=0.2800 val_roc_auc=0.2658 val_loss=0.8573 val_metric_name=roc_auc val_metric=0.2658
Step   50 | loss 0.4596 | val_acc=0.8056 val_roc_auc=0.8332 val_loss=0.4133 val_metric_name=roc_auc val_metric=0.8332
Step  100 | loss 0.3857 | val_acc=0.8304 val_roc_auc=0.8649 val_loss=0.3612 val_metric_name=roc_auc val_metric=0.8649
Step  150 | loss 0.3539 | val_acc=0.8336 val_roc_auc=0.8800 val_loss=0.3446 val_metric_name=roc_auc val_metric=0.8800
Step  200 | loss 0.3361 | val_acc=0.8388 val_roc_auc=0.8853 val_loss=0.3447 val_metric_name=roc_auc val_metric=0.8853
Step  250 | loss 0.3254 | val_acc=0.8372 val_roc_auc=0.8878 val_loss=0.3424 val_metric_name=roc_auc val_metric=0.8878
Step  300 | loss 0.3158 | val_acc=0.8360 val_roc_auc=0.8897 val_loss=0.3408 val_metric_name=roc_auc val_metric=0.8897
Step  350 | loss 0.3110 | val_acc=0.8380 val_roc_auc=0.8907 val_loss=0.3398 val_metric_name=roc_auc val_metric=0.8907
Step  400 | loss 0.3098 | val_acc=0.8396 val_roc_auc=0.8912 val_loss=0.3384 val_metric_name=roc_auc val_metric=0.8912
Step  450 | loss 0.3053 | val_acc=0.8392 val_roc_auc=0.8916 val_loss=0.3371 val_metric_name=roc_auc val_metric=0.8916
Step  500 | loss 0.3003 | val_acc=0.8396 val_roc_auc=0.8919 val_loss=0.3360 val_metric_name=roc_auc val_metric=0.8919
Step  550 | loss 0.3000 | val_acc=0.8408 val_roc_auc=0.8920 val_loss=0.3351 val_metric_name=roc_auc val_metric=0.8920
Step  600 | loss 0.2986 | val_acc=0.8412 val_roc_auc=0.8921 val_loss=0.3352 val_metric_name=roc_auc val_metric=0.8921
Step  650 | loss 0.2949 | val_acc=0.8408 val_roc_auc=0.8921 val_loss=0.3343 val_metric_name=roc_auc val_metric=0.8921
Step  700 | loss 0.2951 | val_acc=0.8416 val_roc_auc=0.8922 val_loss=0.3342 val_metric_name=roc_auc val_metric=0.8922
Step  750 | loss 0.2928 | val_acc=0.8416 val_roc_auc=0.8921 val_loss=0.3336 val_metric_name=roc_auc val_metric=0.8921
Step  800 | loss 0.2932 | val_acc=0.8408 val_roc_auc=0.8920 val_loss=0.3346 val_metric_name=roc_auc val_metric=0.8920
Step  850 | loss 0.2901 | val_acc=0.8416 val_roc_auc=0.8918 val_loss=0.3344 val_metric_name=roc_auc val_metric=0.8918
Step  900 | loss 0.2886 | val_acc=0.8420 val_roc_auc=0.8916 val_loss=0.3349 val_metric_name=roc_auc val_metric=0.8916
Step  950 | loss 0.2865 | val_acc=0.8416 val_roc_auc=0.8917 val_loss=0.3336 val_metric_name=roc_auc val_metric=0.8917
Step 1000 | loss 0.2887 | val_acc=0.8408 val_roc_auc=0.8913 val_loss=0.3358 val_metric_name=roc_auc val_metric=0.8913
Early stopping at step 1028

--- Final (best ckpt @ step 720) ---
  train_acc=0.8644 train_roc_auc=0.9206 train_loss=0.2778 train_metric_name=roc_auc train_metric=0.9206
  val_acc=0.8424 val_roc_auc=0.8922 val_loss=0.3337 val_metric_name=roc_auc val_metric=0.8922
  test_acc=0.8536 test_roc_auc=0.9015 test_loss=0.3217 test_metric_name=roc_auc test_metric=0.9015
  test_roc_auc=0.9015

============================================================
Training TABM-minesweeper GAT-sep 2L h=384 lr=6e-05 split=0
============================================================
Training for 5000 steps
Step    1 | loss 1.2401 | val_acc=0.7560 val_roc_auc=0.2915 val_loss=0.6156 val_metric_name=roc_auc val_metric=0.2915
Step   50 | loss 0.4010 | val_acc=0.8296 val_roc_auc=0.8579 val_loss=0.3696 val_metric_name=roc_auc val_metric=0.8579
Step  100 | loss 0.3449 | val_acc=0.8360 val_roc_auc=0.8825 val_loss=0.3425 val_metric_name=roc_auc val_metric=0.8825
Step  150 | loss 0.3252 | val_acc=0.8360 val_roc_auc=0.8881 val_loss=0.3404 val_metric_name=roc_auc val_metric=0.8881
Step  200 | loss 0.3139 | val_acc=0.8376 val_roc_auc=0.8906 val_loss=0.3391 val_metric_name=roc_auc val_metric=0.8906
Step  250 | loss 0.3061 | val_acc=0.8392 val_roc_auc=0.8913 val_loss=0.3372 val_metric_name=roc_auc val_metric=0.8913
Step  300 | loss 0.2984 | val_acc=0.8388 val_roc_auc=0.8919 val_loss=0.3347 val_metric_name=roc_auc val_metric=0.8919
Step  350 | loss 0.2961 | val_acc=0.8408 val_roc_auc=0.8921 val_loss=0.3346 val_metric_name=roc_auc val_metric=0.8921
Step  400 | loss 0.2948 | val_acc=0.8408 val_roc_auc=0.8920 val_loss=0.3346 val_metric_name=roc_auc val_metric=0.8920
Step  450 | loss 0.2919 | val_acc=0.8412 val_roc_auc=0.8918 val_loss=0.3342 val_metric_name=roc_auc val_metric=0.8918
Step  500 | loss 0.2876 | val_acc=0.8416 val_roc_auc=0.8917 val_loss=0.3339 val_metric_name=roc_auc val_metric=0.8917
Step  550 | loss 0.2876 | val_acc=0.8408 val_roc_auc=0.8912 val_loss=0.3348 val_metric_name=roc_auc val_metric=0.8912
Step  600 | loss 0.2872 | val_acc=0.8412 val_roc_auc=0.8910 val_loss=0.3347 val_metric_name=roc_auc val_metric=0.8910
Step  650 | loss 0.2835 | val_acc=0.8408 val_roc_auc=0.8905 val_loss=0.3354 val_metric_name=roc_auc val_metric=0.8905
Early stopping at step 672

--- Final (best ckpt @ step 370) ---
  train_acc=0.8654 train_roc_auc=0.9200 train_loss=0.2790 train_metric_name=roc_auc train_metric=0.9200
  val_acc=0.8408 val_roc_auc=0.8921 val_loss=0.3336 val_metric_name=roc_auc val_metric=0.8921
  test_acc=0.8524 test_roc_auc=0.9011 test_loss=0.3220 test_metric_name=roc_auc test_metric=0.9011
  test_roc_auc=0.9011

============================================================
Training TABM-minesweeper GAT-sep 2L h=384 lr=0.0001 split=0
============================================================
Training for 5000 steps
Step    1 | loss 1.2401 | val_acc=0.8000 val_roc_auc=0.3530 val_loss=0.6065 val_metric_name=roc_auc val_metric=0.3530
Step   50 | loss 0.3688 | val_acc=0.8292 val_roc_auc=0.8719 val_loss=0.3471 val_metric_name=roc_auc val_metric=0.8719
Step  100 | loss 0.3264 | val_acc=0.8368 val_roc_auc=0.8872 val_loss=0.3409 val_metric_name=roc_auc val_metric=0.8872
Step  150 | loss 0.3122 | val_acc=0.8376 val_roc_auc=0.8909 val_loss=0.3363 val_metric_name=roc_auc val_metric=0.8909
Step  200 | loss 0.3027 | val_acc=0.8400 val_roc_auc=0.8918 val_loss=0.3359 val_metric_name=roc_auc val_metric=0.8918
Step  250 | loss 0.2965 | val_acc=0.8400 val_roc_auc=0.8919 val_loss=0.3344 val_metric_name=roc_auc val_metric=0.8919
Step  300 | loss 0.2894 | val_acc=0.8428 val_roc_auc=0.8921 val_loss=0.3326 val_metric_name=roc_auc val_metric=0.8921
Step  350 | loss 0.2883 | val_acc=0.8416 val_roc_auc=0.8916 val_loss=0.3343 val_metric_name=roc_auc val_metric=0.8916
Step  400 | loss 0.2865 | val_acc=0.8408 val_roc_auc=0.8911 val_loss=0.3360 val_metric_name=roc_auc val_metric=0.8911
Step  450 | loss 0.2844 | val_acc=0.8428 val_roc_auc=0.8906 val_loss=0.3352 val_metric_name=roc_auc val_metric=0.8906
Step  500 | loss 0.2808 | val_acc=0.8416 val_roc_auc=0.8900 val_loss=0.3382 val_metric_name=roc_auc val_metric=0.8900
Step  550 | loss 0.2798 | val_acc=0.8428 val_roc_auc=0.8891 val_loss=0.3396 val_metric_name=roc_auc val_metric=0.8891
Step  600 | loss 0.2797 | val_acc=0.8416 val_roc_auc=0.8886 val_loss=0.3411 val_metric_name=roc_auc val_metric=0.8886
Early stopping at step 600

--- Final (best ckpt @ step 300) ---
  train_acc=0.8666 train_roc_auc=0.9211 train_loss=0.2761 train_metric_name=roc_auc train_metric=0.9211
  val_acc=0.8428 val_roc_auc=0.8921 val_loss=0.3326 val_metric_name=roc_auc val_metric=0.8921
  test_acc=0.8528 test_roc_auc=0.9016 test_loss=0.3203 test_metric_name=roc_auc test_metric=0.9016
  test_roc_auc=0.9016

============================================================
Training TABM-minesweeper GAT-sep 2L h=384 lr=1e-05 split=0
============================================================
Training for 5000 steps
Step    1 | loss 1.2401 | val_acc=0.1948 val_roc_auc=0.2713 val_loss=1.1592 val_metric_name=roc_auc val_metric=0.2713
Step   50 | loss 0.5452 | val_acc=0.8000 val_roc_auc=0.7750 val_loss=0.5091 val_metric_name=roc_auc val_metric=0.7750
Step  100 | loss 0.4804 | val_acc=0.8016 val_roc_auc=0.8229 val_loss=0.4294 val_metric_name=roc_auc val_metric=0.8229
Step  150 | loss 0.4390 | val_acc=0.8228 val_roc_auc=0.8441 val_loss=0.3896 val_metric_name=roc_auc val_metric=0.8441
Step  200 | loss 0.4099 | val_acc=0.8288 val_roc_auc=0.8563 val_loss=0.3731 val_metric_name=roc_auc val_metric=0.8563
Step  250 | loss 0.3901 | val_acc=0.8292 val_roc_auc=0.8648 val_loss=0.3631 val_metric_name=roc_auc val_metric=0.8648
Step  300 | loss 0.3722 | val_acc=0.8300 val_roc_auc=0.8720 val_loss=0.3544 val_metric_name=roc_auc val_metric=0.8720
Step  350 | loss 0.3582 | val_acc=0.8316 val_roc_auc=0.8776 val_loss=0.3490 val_metric_name=roc_auc val_metric=0.8776
Step  400 | loss 0.3515 | val_acc=0.8348 val_roc_auc=0.8813 val_loss=0.3468 val_metric_name=roc_auc val_metric=0.8813
Step  450 | loss 0.3419 | val_acc=0.8380 val_roc_auc=0.8837 val_loss=0.3458 val_metric_name=roc_auc val_metric=0.8837
Step  500 | loss 0.3349 | val_acc=0.8376 val_roc_auc=0.8853 val_loss=0.3449 val_metric_name=roc_auc val_metric=0.8853
Step  550 | loss 0.3315 | val_acc=0.8380 val_roc_auc=0.8866 val_loss=0.3444 val_metric_name=roc_auc val_metric=0.8866
Step  600 | loss 0.3284 | val_acc=0.8376 val_roc_auc=0.8877 val_loss=0.3435 val_metric_name=roc_auc val_metric=0.8877
Step  650 | loss 0.3245 | val_acc=0.8352 val_roc_auc=0.8886 val_loss=0.3429 val_metric_name=roc_auc val_metric=0.8886
Step  700 | loss 0.3239 | val_acc=0.8364 val_roc_auc=0.8893 val_loss=0.3414 val_metric_name=roc_auc val_metric=0.8893
Step  750 | loss 0.3175 | val_acc=0.8364 val_roc_auc=0.8899 val_loss=0.3410 val_metric_name=roc_auc val_metric=0.8899
Step  800 | loss 0.3192 | val_acc=0.8376 val_roc_auc=0.8903 val_loss=0.3411 val_metric_name=roc_auc val_metric=0.8903
Step  850 | loss 0.3138 | val_acc=0.8376 val_roc_auc=0.8906 val_loss=0.3405 val_metric_name=roc_auc val_metric=0.8906
Step  900 | loss 0.3113 | val_acc=0.8368 val_roc_auc=0.8909 val_loss=0.3400 val_metric_name=roc_auc val_metric=0.8909
Step  950 | loss 0.3082 | val_acc=0.8364 val_roc_auc=0.8912 val_loss=0.3388 val_metric_name=roc_auc val_metric=0.8912
Step 1000 | loss 0.3102 | val_acc=0.8388 val_roc_auc=0.8915 val_loss=0.3387 val_metric_name=roc_auc val_metric=0.8915
Step 1050 | loss 0.3094 | val_acc=0.8376 val_roc_auc=0.8916 val_loss=0.3379 val_metric_name=roc_auc val_metric=0.8916
Step 1100 | loss 0.3081 | val_acc=0.8380 val_roc_auc=0.8917 val_loss=0.3380 val_metric_name=roc_auc val_metric=0.8917
Step 1150 | loss 0.3048 | val_acc=0.8392 val_roc_auc=0.8918 val_loss=0.3375 val_metric_name=roc_auc val_metric=0.8918
Step 1200 | loss 0.3029 | val_acc=0.8364 val_roc_auc=0.8920 val_loss=0.3369 val_metric_name=roc_auc val_metric=0.8920
Step 1250 | loss 0.3032 | val_acc=0.8372 val_roc_auc=0.8919 val_loss=0.3371 val_metric_name=roc_auc val_metric=0.8919
Step 1300 | loss 0.3001 | val_acc=0.8388 val_roc_auc=0.8920 val_loss=0.3368 val_metric_name=roc_auc val_metric=0.8920
Step 1350 | loss 0.3020 | val_acc=0.8388 val_roc_auc=0.8921 val_loss=0.3364 val_metric_name=roc_auc val_metric=0.8921
Step 1400 | loss 0.2985 | val_acc=0.8404 val_roc_auc=0.8923 val_loss=0.3354 val_metric_name=roc_auc val_metric=0.8923
Step 1450 | loss 0.3005 | val_acc=0.8392 val_roc_auc=0.8923 val_loss=0.3350 val_metric_name=roc_auc val_metric=0.8923
Step 1500 | loss 0.3004 | val_acc=0.8384 val_roc_auc=0.8922 val_loss=0.3362 val_metric_name=roc_auc val_metric=0.8922
Step 1550 | loss 0.2961 | val_acc=0.8392 val_roc_auc=0.8923 val_loss=0.3354 val_metric_name=roc_auc val_metric=0.8923
Step 1600 | loss 0.2957 | val_acc=0.8412 val_roc_auc=0.8923 val_loss=0.3355 val_metric_name=roc_auc val_metric=0.8923
Step 1650 | loss 0.2933 | val_acc=0.8400 val_roc_auc=0.8923 val_loss=0.3344 val_metric_name=roc_auc val_metric=0.8923
Step 1700 | loss 0.2956 | val_acc=0.8408 val_roc_auc=0.8923 val_loss=0.3346 val_metric_name=roc_auc val_metric=0.8923
Step 1750 | loss 0.2940 | val_acc=0.8396 val_roc_auc=0.8922 val_loss=0.3351 val_metric_name=roc_auc val_metric=0.8922
Step 1800 | loss 0.2925 | val_acc=0.8400 val_roc_auc=0.8922 val_loss=0.3355 val_metric_name=roc_auc val_metric=0.8922
Step 1850 | loss 0.2929 | val_acc=0.8404 val_roc_auc=0.8921 val_loss=0.3351 val_metric_name=roc_auc val_metric=0.8921
Early stopping at step 1888

--- Final (best ckpt @ step 1580) ---
  train_acc=0.8654 train_roc_auc=0.9199 train_loss=0.2806 train_metric_name=roc_auc train_metric=0.9199
  val_acc=0.8408 val_roc_auc=0.8924 val_loss=0.3355 val_metric_name=roc_auc val_metric=0.8924
  test_acc=0.8548 test_roc_auc=0.9012 test_loss=0.3242 test_metric_name=roc_auc test_metric=0.9012
  test_roc_auc=0.9012

============================================================
Training TABM-minesweeper GAT-sep 2L h=512 lr=3e-05 split=0
============================================================
Training for 5000 steps
Step    1 | loss 1.1884 | val_acc=0.5880 val_roc_auc=0.3367 val_loss=0.6720 val_metric_name=roc_auc val_metric=0.3367
Step   50 | loss 0.4250 | val_acc=0.8260 val_roc_auc=0.8470 val_loss=0.3872 val_metric_name=roc_auc val_metric=0.8470
Step  100 | loss 0.3623 | val_acc=0.8292 val_roc_auc=0.8723 val_loss=0.3520 val_metric_name=roc_auc val_metric=0.8723
Step  150 | loss 0.3352 | val_acc=0.8312 val_roc_auc=0.8848 val_loss=0.3469 val_metric_name=roc_auc val_metric=0.8848
Step  200 | loss 0.3209 | val_acc=0.8300 val_roc_auc=0.8889 val_loss=0.3498 val_metric_name=roc_auc val_metric=0.8889
Step  250 | loss 0.3158 | val_acc=0.8316 val_roc_auc=0.8906 val_loss=0.3509 val_metric_name=roc_auc val_metric=0.8906
Step  300 | loss 0.3069 | val_acc=0.8316 val_roc_auc=0.8913 val_loss=0.3481 val_metric_name=roc_auc val_metric=0.8913
Step  350 | loss 0.3034 | val_acc=0.8324 val_roc_auc=0.8920 val_loss=0.3463 val_metric_name=roc_auc val_metric=0.8920
Step  400 | loss 0.2992 | val_acc=0.8344 val_roc_auc=0.8924 val_loss=0.3433 val_metric_name=roc_auc val_metric=0.8924
Step  450 | loss 0.2977 | val_acc=0.8328 val_roc_auc=0.8925 val_loss=0.3415 val_metric_name=roc_auc val_metric=0.8925
Step  500 | loss 0.2932 | val_acc=0.8356 val_roc_auc=0.8930 val_loss=0.3397 val_metric_name=roc_auc val_metric=0.8930
Step  550 | loss 0.2923 | val_acc=0.8384 val_roc_auc=0.8930 val_loss=0.3390 val_metric_name=roc_auc val_metric=0.8930
Step  600 | loss 0.2923 | val_acc=0.8384 val_roc_auc=0.8932 val_loss=0.3381 val_metric_name=roc_auc val_metric=0.8932
Step  650 | loss 0.2873 | val_acc=0.8376 val_roc_auc=0.8932 val_loss=0.3374 val_metric_name=roc_auc val_metric=0.8932
Step  700 | loss 0.2865 | val_acc=0.8376 val_roc_auc=0.8931 val_loss=0.3373 val_metric_name=roc_auc val_metric=0.8931
Step  750 | loss 0.2852 | val_acc=0.8368 val_roc_auc=0.8929 val_loss=0.3377 val_metric_name=roc_auc val_metric=0.8929
Step  800 | loss 0.2861 | val_acc=0.8364 val_roc_auc=0.8925 val_loss=0.3388 val_metric_name=roc_auc val_metric=0.8925
Step  850 | loss 0.2863 | val_acc=0.8372 val_roc_auc=0.8922 val_loss=0.3391 val_metric_name=roc_auc val_metric=0.8922
Step  900 | loss 0.2817 | val_acc=0.8372 val_roc_auc=0.8919 val_loss=0.3385 val_metric_name=roc_auc val_metric=0.8919
Step  950 | loss 0.2813 | val_acc=0.8368 val_roc_auc=0.8917 val_loss=0.3389 val_metric_name=roc_auc val_metric=0.8917
Early stopping at step 957

--- Final (best ckpt @ step 590) ---
  train_acc=0.8606 train_roc_auc=0.9212 train_loss=0.2815 train_metric_name=roc_auc train_metric=0.9212
  val_acc=0.8376 val_roc_auc=0.8932 val_loss=0.3377 val_metric_name=roc_auc val_metric=0.8932
  test_acc=0.8480 test_roc_auc=0.9020 test_loss=0.3296 test_metric_name=roc_auc test_metric=0.9020
  test_roc_auc=0.9020

============================================================
Training TABM-minesweeper GAT-sep 2L h=512 lr=6e-05 split=0
============================================================
Training for 5000 steps
Step    1 | loss 1.1884 | val_acc=0.8000 val_roc_auc=0.4104 val_loss=0.5753 val_metric_name=roc_auc val_metric=0.4104
Step   50 | loss 0.3770 | val_acc=0.8280 val_roc_auc=0.8642 val_loss=0.3598 val_metric_name=roc_auc val_metric=0.8642
Step  100 | loss 0.3311 | val_acc=0.8288 val_roc_auc=0.8853 val_loss=0.3499 val_metric_name=roc_auc val_metric=0.8853
Step  150 | loss 0.3127 | val_acc=0.8304 val_roc_auc=0.8908 val_loss=0.3461 val_metric_name=roc_auc val_metric=0.8908
Step  200 | loss 0.3045 | val_acc=0.8324 val_roc_auc=0.8918 val_loss=0.3458 val_metric_name=roc_auc val_metric=0.8918
Step  250 | loss 0.3007 | val_acc=0.8344 val_roc_auc=0.8925 val_loss=0.3430 val_metric_name=roc_auc val_metric=0.8925
Step  300 | loss 0.2941 | val_acc=0.8364 val_roc_auc=0.8928 val_loss=0.3386 val_metric_name=roc_auc val_metric=0.8928
Step  350 | loss 0.2909 | val_acc=0.8388 val_roc_auc=0.8931 val_loss=0.3380 val_metric_name=roc_auc val_metric=0.8931
Step  400 | loss 0.2876 | val_acc=0.8372 val_roc_auc=0.8931 val_loss=0.3359 val_metric_name=roc_auc val_metric=0.8931
Step  450 | loss 0.2860 | val_acc=0.8392 val_roc_auc=0.8927 val_loss=0.3344 val_metric_name=roc_auc val_metric=0.8927
Step  500 | loss 0.2830 | val_acc=0.8384 val_roc_auc=0.8925 val_loss=0.3343 val_metric_name=roc_auc val_metric=0.8925
Step  550 | loss 0.2819 | val_acc=0.8396 val_roc_auc=0.8920 val_loss=0.3347 val_metric_name=roc_auc val_metric=0.8920
Step  600 | loss 0.2827 | val_acc=0.8376 val_roc_auc=0.8916 val_loss=0.3375 val_metric_name=roc_auc val_metric=0.8916
Step  650 | loss 0.2780 | val_acc=0.8380 val_roc_auc=0.8911 val_loss=0.3379 val_metric_name=roc_auc val_metric=0.8911
Early stopping at step 690

--- Final (best ckpt @ step 390) ---
  train_acc=0.8620 train_roc_auc=0.9218 train_loss=0.2798 train_metric_name=roc_auc train_metric=0.9218
  val_acc=0.8372 val_roc_auc=0.8932 val_loss=0.3368 val_metric_name=roc_auc val_metric=0.8932
  test_acc=0.8504 test_roc_auc=0.9018 test_loss=0.3285 test_metric_name=roc_auc test_metric=0.9018
  test_roc_auc=0.9018

============================================================
Training TABM-minesweeper GAT-sep 2L h=512 lr=0.0001 split=0
============================================================
Training for 5000 steps
Step    1 | loss 1.1884 | val_acc=0.8000 val_roc_auc=0.4559 val_loss=0.8360 val_metric_name=roc_auc val_metric=0.4559
Step   50 | loss 0.3543 | val_acc=0.8304 val_roc_auc=0.8756 val_loss=0.3438 val_metric_name=roc_auc val_metric=0.8756
Step  100 | loss 0.3170 | val_acc=0.8304 val_roc_auc=0.8892 val_loss=0.3474 val_metric_name=roc_auc val_metric=0.8892
Step  150 | loss 0.3028 | val_acc=0.8340 val_roc_auc=0.8921 val_loss=0.3428 val_metric_name=roc_auc val_metric=0.8921
Step  200 | loss 0.2965 | val_acc=0.8348 val_roc_auc=0.8924 val_loss=0.3415 val_metric_name=roc_auc val_metric=0.8924
Step  250 | loss 0.2928 | val_acc=0.8364 val_roc_auc=0.8929 val_loss=0.3391 val_metric_name=roc_auc val_metric=0.8929
Step  300 | loss 0.2875 | val_acc=0.8380 val_roc_auc=0.8928 val_loss=0.3345 val_metric_name=roc_auc val_metric=0.8928
Step  350 | loss 0.2841 | val_acc=0.8364 val_roc_auc=0.8924 val_loss=0.3360 val_metric_name=roc_auc val_metric=0.8924
Step  400 | loss 0.2811 | val_acc=0.8380 val_roc_auc=0.8918 val_loss=0.3350 val_metric_name=roc_auc val_metric=0.8918
Step  450 | loss 0.2795 | val_acc=0.8396 val_roc_auc=0.8908 val_loss=0.3359 val_metric_name=roc_auc val_metric=0.8908
Step  500 | loss 0.2770 | val_acc=0.8396 val_roc_auc=0.8901 val_loss=0.3377 val_metric_name=roc_auc val_metric=0.8901
Step  550 | loss 0.2754 | val_acc=0.8396 val_roc_auc=0.8892 val_loss=0.3412 val_metric_name=roc_auc val_metric=0.8892
Early stopping at step 580

--- Final (best ckpt @ step 280) ---
  train_acc=0.8624 train_roc_auc=0.9218 train_loss=0.2790 train_metric_name=roc_auc train_metric=0.9218
  val_acc=0.8376 val_roc_auc=0.8931 val_loss=0.3357 val_metric_name=roc_auc val_metric=0.8931
  test_acc=0.8484 test_roc_auc=0.9014 test_loss=0.3274 test_metric_name=roc_auc test_metric=0.9014
  test_roc_auc=0.9014

============================================================
Training TABM-minesweeper GAT-sep 2L h=512 lr=1e-05 split=0
============================================================
Training for 5000 steps
Step    1 | loss 1.1884 | val_acc=0.2128 val_roc_auc=0.3023 val_loss=1.0668 val_metric_name=roc_auc val_metric=0.3023
Step   50 | loss 0.5111 | val_acc=0.8008 val_roc_auc=0.7950 val_loss=0.4613 val_metric_name=roc_auc val_metric=0.7950
Step  100 | loss 0.4439 | val_acc=0.8252 val_roc_auc=0.8402 val_loss=0.3922 val_metric_name=roc_auc val_metric=0.8402
Step  150 | loss 0.4019 | val_acc=0.8288 val_roc_auc=0.8559 val_loss=0.3712 val_metric_name=roc_auc val_metric=0.8559
Step  200 | loss 0.3736 | val_acc=0.8264 val_roc_auc=0.8659 val_loss=0.3596 val_metric_name=roc_auc val_metric=0.8659
Step  250 | loss 0.3631 | val_acc=0.8300 val_roc_auc=0.8741 val_loss=0.3525 val_metric_name=roc_auc val_metric=0.8741
Step  300 | loss 0.3483 | val_acc=0.8320 val_roc_auc=0.8800 val_loss=0.3491 val_metric_name=roc_auc val_metric=0.8800
Step  350 | loss 0.3384 | val_acc=0.8312 val_roc_auc=0.8843 val_loss=0.3490 val_metric_name=roc_auc val_metric=0.8843
Step  400 | loss 0.3316 | val_acc=0.8292 val_roc_auc=0.8866 val_loss=0.3505 val_metric_name=roc_auc val_metric=0.8866
Step  450 | loss 0.3253 | val_acc=0.8296 val_roc_auc=0.8881 val_loss=0.3517 val_metric_name=roc_auc val_metric=0.8881
Step  500 | loss 0.3192 | val_acc=0.8308 val_roc_auc=0.8893 val_loss=0.3509 val_metric_name=roc_auc val_metric=0.8893
Step  550 | loss 0.3171 | val_acc=0.8300 val_roc_auc=0.8901 val_loss=0.3518 val_metric_name=roc_auc val_metric=0.8901
Step  600 | loss 0.3151 | val_acc=0.8312 val_roc_auc=0.8907 val_loss=0.3501 val_metric_name=roc_auc val_metric=0.8907
Step  650 | loss 0.3089 | val_acc=0.8324 val_roc_auc=0.8911 val_loss=0.3500 val_metric_name=roc_auc val_metric=0.8911
Step  700 | loss 0.3096 | val_acc=0.8320 val_roc_auc=0.8913 val_loss=0.3498 val_metric_name=roc_auc val_metric=0.8913
Step  750 | loss 0.3062 | val_acc=0.8316 val_roc_auc=0.8917 val_loss=0.3486 val_metric_name=roc_auc val_metric=0.8917
Step  800 | loss 0.3076 | val_acc=0.8316 val_roc_auc=0.8919 val_loss=0.3488 val_metric_name=roc_auc val_metric=0.8919
Step  850 | loss 0.3054 | val_acc=0.8316 val_roc_auc=0.8921 val_loss=0.3474 val_metric_name=roc_auc val_metric=0.8921
Step  900 | loss 0.3018 | val_acc=0.8328 val_roc_auc=0.8923 val_loss=0.3465 val_metric_name=roc_auc val_metric=0.8923
Step  950 | loss 0.3003 | val_acc=0.8328 val_roc_auc=0.8925 val_loss=0.3462 val_metric_name=roc_auc val_metric=0.8925
Step 1000 | loss 0.2994 | val_acc=0.8320 val_roc_auc=0.8926 val_loss=0.3457 val_metric_name=roc_auc val_metric=0.8926
Step 1050 | loss 0.2986 | val_acc=0.8340 val_roc_auc=0.8926 val_loss=0.3435 val_metric_name=roc_auc val_metric=0.8926
Step 1100 | loss 0.2964 | val_acc=0.8332 val_roc_auc=0.8928 val_loss=0.3438 val_metric_name=roc_auc val_metric=0.8928
Step 1150 | loss 0.2967 | val_acc=0.8352 val_roc_auc=0.8929 val_loss=0.3417 val_metric_name=roc_auc val_metric=0.8929
Step 1200 | loss 0.2948 | val_acc=0.8356 val_roc_auc=0.8930 val_loss=0.3417 val_metric_name=roc_auc val_metric=0.8930
Step 1250 | loss 0.2928 | val_acc=0.8364 val_roc_auc=0.8930 val_loss=0.3410 val_metric_name=roc_auc val_metric=0.8930
Step 1300 | loss 0.2963 | val_acc=0.8364 val_roc_auc=0.8930 val_loss=0.3415 val_metric_name=roc_auc val_metric=0.8930
Step 1350 | loss 0.2929 | val_acc=0.8376 val_roc_auc=0.8931 val_loss=0.3405 val_metric_name=roc_auc val_metric=0.8931
Step 1400 | loss 0.2937 | val_acc=0.8372 val_roc_auc=0.8931 val_loss=0.3404 val_metric_name=roc_auc val_metric=0.8931
Step 1450 | loss 0.2907 | val_acc=0.8388 val_roc_auc=0.8930 val_loss=0.3399 val_metric_name=roc_auc val_metric=0.8930
Step 1500 | loss 0.2908 | val_acc=0.8380 val_roc_auc=0.8931 val_loss=0.3397 val_metric_name=roc_auc val_metric=0.8931
Step 1550 | loss 0.2896 | val_acc=0.8384 val_roc_auc=0.8930 val_loss=0.3399 val_metric_name=roc_auc val_metric=0.8930
Step 1600 | loss 0.2899 | val_acc=0.8372 val_roc_auc=0.8930 val_loss=0.3398 val_metric_name=roc_auc val_metric=0.8930
Step 1650 | loss 0.2892 | val_acc=0.8380 val_roc_auc=0.8929 val_loss=0.3388 val_metric_name=roc_auc val_metric=0.8929
Step 1700 | loss 0.2873 | val_acc=0.8376 val_roc_auc=0.8929 val_loss=0.3385 val_metric_name=roc_auc val_metric=0.8929
Early stopping at step 1720

--- Final (best ckpt @ step 1420) ---
  train_acc=0.8600 train_roc_auc=0.9212 train_loss=0.2838 train_metric_name=roc_auc train_metric=0.9212
  val_acc=0.8376 val_roc_auc=0.8931 val_loss=0.3409 val_metric_name=roc_auc val_metric=0.8931
  test_acc=0.8456 test_roc_auc=0.9018 test_loss=0.3334 test_metric_name=roc_auc test_metric=0.9018
  test_roc_auc=0.9018

============================================================
Training TABM-minesweeper GAT-sep 3L h=256 lr=3e-05 split=0
============================================================
Training for 5000 steps
Step    1 | loss 0.9285 | val_acc=0.7208 val_roc_auc=0.5787 val_loss=0.5445 val_metric_name=roc_auc val_metric=0.5787
Step   50 | loss 0.4786 | val_acc=0.8040 val_roc_auc=0.8126 val_loss=0.4560 val_metric_name=roc_auc val_metric=0.8126
Step  100 | loss 0.4115 | val_acc=0.8288 val_roc_auc=0.8518 val_loss=0.3790 val_metric_name=roc_auc val_metric=0.8518
Step  150 | loss 0.3684 | val_acc=0.8312 val_roc_auc=0.8745 val_loss=0.3462 val_metric_name=roc_auc val_metric=0.8745
Step  200 | loss 0.3417 | val_acc=0.8300 val_roc_auc=0.8852 val_loss=0.3413 val_metric_name=roc_auc val_metric=0.8852
Step  250 | loss 0.3295 | val_acc=0.8292 val_roc_auc=0.8889 val_loss=0.3450 val_metric_name=roc_auc val_metric=0.8889
Step  300 | loss 0.3189 | val_acc=0.8268 val_roc_auc=0.8913 val_loss=0.3447 val_metric_name=roc_auc val_metric=0.8913
Step  350 | loss 0.3114 | val_acc=0.8300 val_roc_auc=0.8929 val_loss=0.3432 val_metric_name=roc_auc val_metric=0.8929
Step  400 | loss 0.3037 | val_acc=0.8332 val_roc_auc=0.8941 val_loss=0.3418 val_metric_name=roc_auc val_metric=0.8941
Step  450 | loss 0.3050 | val_acc=0.8340 val_roc_auc=0.8952 val_loss=0.3388 val_metric_name=roc_auc val_metric=0.8952
Step  500 | loss 0.2986 | val_acc=0.8352 val_roc_auc=0.8961 val_loss=0.3365 val_metric_name=roc_auc val_metric=0.8961
Step  550 | loss 0.2971 | val_acc=0.8360 val_roc_auc=0.8970 val_loss=0.3354 val_metric_name=roc_auc val_metric=0.8970
Step  600 | loss 0.2955 | val_acc=0.8376 val_roc_auc=0.8981 val_loss=0.3327 val_metric_name=roc_auc val_metric=0.8981
Step  650 | loss 0.2917 | val_acc=0.8380 val_roc_auc=0.8993 val_loss=0.3276 val_metric_name=roc_auc val_metric=0.8993
Step  700 | loss 0.2888 | val_acc=0.8416 val_roc_auc=0.9008 val_loss=0.3230 val_metric_name=roc_auc val_metric=0.9008
Step  750 | loss 0.2855 | val_acc=0.8444 val_roc_auc=0.9026 val_loss=0.3187 val_metric_name=roc_auc val_metric=0.9026
Step  800 | loss 0.2832 | val_acc=0.8484 val_roc_auc=0.9046 val_loss=0.3127 val_metric_name=roc_auc val_metric=0.9046
Step  850 | loss 0.2817 | val_acc=0.8524 val_roc_auc=0.9068 val_loss=0.3058 val_metric_name=roc_auc val_metric=0.9068
Step  900 | loss 0.2785 | val_acc=0.8568 val_roc_auc=0.9088 val_loss=0.3006 val_metric_name=roc_auc val_metric=0.9088
Step  950 | loss 0.2727 | val_acc=0.8608 val_roc_auc=0.9102 val_loss=0.2971 val_metric_name=roc_auc val_metric=0.9102
Step 1000 | loss 0.2728 | val_acc=0.8624 val_roc_auc=0.9113 val_loss=0.2955 val_metric_name=roc_auc val_metric=0.9113
Step 1050 | loss 0.2693 | val_acc=0.8636 val_roc_auc=0.9117 val_loss=0.2930 val_metric_name=roc_auc val_metric=0.9117
Step 1100 | loss 0.2688 | val_acc=0.8636 val_roc_auc=0.9123 val_loss=0.2927 val_metric_name=roc_auc val_metric=0.9123
Step 1150 | loss 0.2681 | val_acc=0.8652 val_roc_auc=0.9125 val_loss=0.2928 val_metric_name=roc_auc val_metric=0.9125
Step 1200 | loss 0.2668 | val_acc=0.8672 val_roc_auc=0.9128 val_loss=0.2925 val_metric_name=roc_auc val_metric=0.9128
Step 1250 | loss 0.2656 | val_acc=0.8644 val_roc_auc=0.9128 val_loss=0.2936 val_metric_name=roc_auc val_metric=0.9128
Step 1300 | loss 0.2615 | val_acc=0.8640 val_roc_auc=0.9130 val_loss=0.2923 val_metric_name=roc_auc val_metric=0.9130
Step 1350 | loss 0.2615 | val_acc=0.8640 val_roc_auc=0.9129 val_loss=0.2941 val_metric_name=roc_auc val_metric=0.9129
Step 1400 | loss 0.2602 | val_acc=0.8628 val_roc_auc=0.9128 val_loss=0.2947 val_metric_name=roc_auc val_metric=0.9128
Step 1450 | loss 0.2575 | val_acc=0.8624 val_roc_auc=0.9128 val_loss=0.2952 val_metric_name=roc_auc val_metric=0.9128
Step 1500 | loss 0.2581 | val_acc=0.8636 val_roc_auc=0.9126 val_loss=0.2962 val_metric_name=roc_auc val_metric=0.9126
Step 1550 | loss 0.2571 | val_acc=0.8636 val_roc_auc=0.9126 val_loss=0.2965 val_metric_name=roc_auc val_metric=0.9126
Step 1600 | loss 0.2553 | val_acc=0.8612 val_roc_auc=0.9124 val_loss=0.2981 val_metric_name=roc_auc val_metric=0.9124
Early stopping at step 1630

--- Final (best ckpt @ step 1330) ---
  train_acc=0.8914 train_roc_auc=0.9433 train_loss=0.2349 train_metric_name=roc_auc train_metric=0.9433
  val_acc=0.8640 val_roc_auc=0.9130 val_loss=0.2929 val_metric_name=roc_auc val_metric=0.9130
  test_acc=0.8776 test_roc_auc=0.9226 test_loss=0.2757 test_metric_name=roc_auc test_metric=0.9226
  test_roc_auc=0.9226

============================================================
Training TABM-minesweeper GAT-sep 3L h=256 lr=6e-05 split=0
============================================================
Training for 5000 steps
Step    1 | loss 0.9285 | val_acc=0.8000 val_roc_auc=0.5802 val_loss=0.5085 val_metric_name=roc_auc val_metric=0.5802
Step   50 | loss 0.4283 | val_acc=0.8268 val_roc_auc=0.8400 val_loss=0.3923 val_metric_name=roc_auc val_metric=0.8400
Step  100 | loss 0.3546 | val_acc=0.8304 val_roc_auc=0.8812 val_loss=0.3392 val_metric_name=roc_auc val_metric=0.8812
Step  150 | loss 0.3260 | val_acc=0.8276 val_roc_auc=0.8892 val_loss=0.3448 val_metric_name=roc_auc val_metric=0.8892
Step  200 | loss 0.3120 | val_acc=0.8304 val_roc_auc=0.8930 val_loss=0.3436 val_metric_name=roc_auc val_metric=0.8930
Step  250 | loss 0.3058 | val_acc=0.8364 val_roc_auc=0.8950 val_loss=0.3377 val_metric_name=roc_auc val_metric=0.8950
Step  300 | loss 0.2992 | val_acc=0.8360 val_roc_auc=0.8965 val_loss=0.3345 val_metric_name=roc_auc val_metric=0.8965
Step  350 | loss 0.2930 | val_acc=0.8384 val_roc_auc=0.8983 val_loss=0.3291 val_metric_name=roc_auc val_metric=0.8983
Step  400 | loss 0.2860 | val_acc=0.8420 val_roc_auc=0.9008 val_loss=0.3225 val_metric_name=roc_auc val_metric=0.9008
Step  450 | loss 0.2864 | val_acc=0.8468 val_roc_auc=0.9042 val_loss=0.3119 val_metric_name=roc_auc val_metric=0.9042
Step  500 | loss 0.2798 | val_acc=0.8540 val_roc_auc=0.9074 val_loss=0.3043 val_metric_name=roc_auc val_metric=0.9074
Step  550 | loss 0.2751 | val_acc=0.8572 val_roc_auc=0.9103 val_loss=0.2975 val_metric_name=roc_auc val_metric=0.9103
Step  600 | loss 0.2742 | val_acc=0.8652 val_roc_auc=0.9117 val_loss=0.2936 val_metric_name=roc_auc val_metric=0.9117
Step  650 | loss 0.2697 | val_acc=0.8656 val_roc_auc=0.9124 val_loss=0.2925 val_metric_name=roc_auc val_metric=0.9124
Step  700 | loss 0.2677 | val_acc=0.8668 val_roc_auc=0.9127 val_loss=0.2929 val_metric_name=roc_auc val_metric=0.9127
Step  750 | loss 0.2630 | val_acc=0.8628 val_roc_auc=0.9127 val_loss=0.2937 val_metric_name=roc_auc val_metric=0.9127
Step  800 | loss 0.2600 | val_acc=0.8652 val_roc_auc=0.9128 val_loss=0.2946 val_metric_name=roc_auc val_metric=0.9128
Step  850 | loss 0.2586 | val_acc=0.8628 val_roc_auc=0.9126 val_loss=0.2945 val_metric_name=roc_auc val_metric=0.9126
Step  900 | loss 0.2543 | val_acc=0.8636 val_roc_auc=0.9124 val_loss=0.2971 val_metric_name=roc_auc val_metric=0.9124
Step  950 | loss 0.2517 | val_acc=0.8628 val_roc_auc=0.9121 val_loss=0.3003 val_metric_name=roc_auc val_metric=0.9121
Step 1000 | loss 0.2517 | val_acc=0.8612 val_roc_auc=0.9122 val_loss=0.3003 val_metric_name=roc_auc val_metric=0.9122
Step 1050 | loss 0.2499 | val_acc=0.8624 val_roc_auc=0.9113 val_loss=0.3036 val_metric_name=roc_auc val_metric=0.9113
Early stopping at step 1063

--- Final (best ckpt @ step 760) ---
  train_acc=0.8924 train_roc_auc=0.9431 train_loss=0.2356 train_metric_name=roc_auc train_metric=0.9431
  val_acc=0.8636 val_roc_auc=0.9130 val_loss=0.2934 val_metric_name=roc_auc val_metric=0.9130
  test_acc=0.8740 test_roc_auc=0.9223 test_loss=0.2763 test_metric_name=roc_auc test_metric=0.9223
  test_roc_auc=0.9223

============================================================
Training TABM-minesweeper GAT-sep 3L h=256 lr=0.0001 split=0
============================================================
Training for 5000 steps
Step    1 | loss 0.9285 | val_acc=0.8000 val_roc_auc=0.5776 val_loss=0.5821 val_metric_name=roc_auc val_metric=0.5776
Step   50 | loss 0.3889 | val_acc=0.8284 val_roc_auc=0.8615 val_loss=0.3647 val_metric_name=roc_auc val_metric=0.8615
Step  100 | loss 0.3277 | val_acc=0.8292 val_roc_auc=0.8886 val_loss=0.3431 val_metric_name=roc_auc val_metric=0.8886
Step  150 | loss 0.3096 | val_acc=0.8352 val_roc_auc=0.8936 val_loss=0.3405 val_metric_name=roc_auc val_metric=0.8936
Step  200 | loss 0.2983 | val_acc=0.8348 val_roc_auc=0.8961 val_loss=0.3357 val_metric_name=roc_auc val_metric=0.8961
Step  250 | loss 0.2930 | val_acc=0.8384 val_roc_auc=0.8991 val_loss=0.3268 val_metric_name=roc_auc val_metric=0.8991
Step  300 | loss 0.2866 | val_acc=0.8452 val_roc_auc=0.9036 val_loss=0.3144 val_metric_name=roc_auc val_metric=0.9036
Step  350 | loss 0.2784 | val_acc=0.8544 val_roc_auc=0.9084 val_loss=0.3013 val_metric_name=roc_auc val_metric=0.9084
Step  400 | loss 0.2716 | val_acc=0.8616 val_roc_auc=0.9110 val_loss=0.2944 val_metric_name=roc_auc val_metric=0.9110
Step  450 | loss 0.2699 | val_acc=0.8652 val_roc_auc=0.9125 val_loss=0.2927 val_metric_name=roc_auc val_metric=0.9125
Step  500 | loss 0.2645 | val_acc=0.8640 val_roc_auc=0.9128 val_loss=0.2933 val_metric_name=roc_auc val_metric=0.9128
Step  550 | loss 0.2590 | val_acc=0.8632 val_roc_auc=0.9128 val_loss=0.2940 val_metric_name=roc_auc val_metric=0.9128
Step  600 | loss 0.2589 | val_acc=0.8636 val_roc_auc=0.9128 val_loss=0.2962 val_metric_name=roc_auc val_metric=0.9128
Step  650 | loss 0.2554 | val_acc=0.8616 val_roc_auc=0.9122 val_loss=0.2986 val_metric_name=roc_auc val_metric=0.9122
Step  700 | loss 0.2541 | val_acc=0.8624 val_roc_auc=0.9119 val_loss=0.3010 val_metric_name=roc_auc val_metric=0.9119
Step  750 | loss 0.2494 | val_acc=0.8620 val_roc_auc=0.9114 val_loss=0.3046 val_metric_name=roc_auc val_metric=0.9114
Step  800 | loss 0.2454 | val_acc=0.8584 val_roc_auc=0.9106 val_loss=0.3078 val_metric_name=roc_auc val_metric=0.9106
Early stopping at step 810

--- Final (best ckpt @ step 510) ---
  train_acc=0.8926 train_roc_auc=0.9427 train_loss=0.2359 train_metric_name=roc_auc train_metric=0.9427
  val_acc=0.8648 val_roc_auc=0.9130 val_loss=0.2923 val_metric_name=roc_auc val_metric=0.9130
  test_acc=0.8740 test_roc_auc=0.9224 test_loss=0.2757 test_metric_name=roc_auc test_metric=0.9224
  test_roc_auc=0.9224

============================================================
Training TABM-minesweeper GAT-sep 3L h=256 lr=1e-05 split=0
============================================================
Training for 5000 steps
Step    1 | loss 0.9285 | val_acc=0.6184 val_roc_auc=0.5764 val_loss=0.6362 val_metric_name=roc_auc val_metric=0.5764
Step   50 | loss 0.5402 | val_acc=0.8000 val_roc_auc=0.7783 val_loss=0.5440 val_metric_name=roc_auc val_metric=0.7783
Step  100 | loss 0.4959 | val_acc=0.8000 val_roc_auc=0.8044 val_loss=0.4792 val_metric_name=roc_auc val_metric=0.8044
Step  150 | loss 0.4656 | val_acc=0.8092 val_roc_auc=0.8225 val_loss=0.4327 val_metric_name=roc_auc val_metric=0.8225
Step  200 | loss 0.4369 | val_acc=0.8232 val_roc_auc=0.8388 val_loss=0.4022 val_metric_name=roc_auc val_metric=0.8388
Step  250 | loss 0.4141 | val_acc=0.8280 val_roc_auc=0.8518 val_loss=0.3805 val_metric_name=roc_auc val_metric=0.8518
Step  300 | loss 0.3941 | val_acc=0.8316 val_roc_auc=0.8615 val_loss=0.3646 val_metric_name=roc_auc val_metric=0.8615
Step  350 | loss 0.3761 | val_acc=0.8280 val_roc_auc=0.8695 val_loss=0.3524 val_metric_name=roc_auc val_metric=0.8695
Step  400 | loss 0.3619 | val_acc=0.8316 val_roc_auc=0.8766 val_loss=0.3442 val_metric_name=roc_auc val_metric=0.8766
Step  450 | loss 0.3554 | val_acc=0.8324 val_roc_auc=0.8817 val_loss=0.3409 val_metric_name=roc_auc val_metric=0.8817
Step  500 | loss 0.3438 | val_acc=0.8308 val_roc_auc=0.8848 val_loss=0.3413 val_metric_name=roc_auc val_metric=0.8848
Step  550 | loss 0.3394 | val_acc=0.8296 val_roc_auc=0.8864 val_loss=0.3442 val_metric_name=roc_auc val_metric=0.8864
Step  600 | loss 0.3346 | val_acc=0.8292 val_roc_auc=0.8879 val_loss=0.3453 val_metric_name=roc_auc val_metric=0.8879
Step  650 | loss 0.3275 | val_acc=0.8272 val_roc_auc=0.8891 val_loss=0.3458 val_metric_name=roc_auc val_metric=0.8891
Step  700 | loss 0.3234 | val_acc=0.8268 val_roc_auc=0.8900 val_loss=0.3458 val_metric_name=roc_auc val_metric=0.8900
Step  750 | loss 0.3198 | val_acc=0.8276 val_roc_auc=0.8910 val_loss=0.3454 val_metric_name=roc_auc val_metric=0.8910
Step  800 | loss 0.3169 | val_acc=0.8304 val_roc_auc=0.8918 val_loss=0.3454 val_metric_name=roc_auc val_metric=0.8918
Step  850 | loss 0.3182 | val_acc=0.8284 val_roc_auc=0.8923 val_loss=0.3448 val_metric_name=roc_auc val_metric=0.8923
Step  900 | loss 0.3130 | val_acc=0.8308 val_roc_auc=0.8929 val_loss=0.3436 val_metric_name=roc_auc val_metric=0.8929
Step  950 | loss 0.3098 | val_acc=0.8312 val_roc_auc=0.8934 val_loss=0.3438 val_metric_name=roc_auc val_metric=0.8934
Step 1000 | loss 0.3081 | val_acc=0.8308 val_roc_auc=0.8939 val_loss=0.3430 val_metric_name=roc_auc val_metric=0.8939
Step 1050 | loss 0.3033 | val_acc=0.8320 val_roc_auc=0.8943 val_loss=0.3421 val_metric_name=roc_auc val_metric=0.8943
Step 1100 | loss 0.3056 | val_acc=0.8336 val_roc_auc=0.8947 val_loss=0.3401 val_metric_name=roc_auc val_metric=0.8947
Step 1150 | loss 0.3045 | val_acc=0.8336 val_roc_auc=0.8950 val_loss=0.3401 val_metric_name=roc_auc val_metric=0.8950
Step 1200 | loss 0.3017 | val_acc=0.8348 val_roc_auc=0.8954 val_loss=0.3388 val_metric_name=roc_auc val_metric=0.8954
Step 1250 | loss 0.3030 | val_acc=0.8356 val_roc_auc=0.8958 val_loss=0.3382 val_metric_name=roc_auc val_metric=0.8958
Step 1300 | loss 0.2982 | val_acc=0.8356 val_roc_auc=0.8961 val_loss=0.3374 val_metric_name=roc_auc val_metric=0.8961
Step 1350 | loss 0.2986 | val_acc=0.8356 val_roc_auc=0.8965 val_loss=0.3363 val_metric_name=roc_auc val_metric=0.8965
Step 1400 | loss 0.2969 | val_acc=0.8352 val_roc_auc=0.8969 val_loss=0.3351 val_metric_name=roc_auc val_metric=0.8969
Step 1450 | loss 0.2952 | val_acc=0.8356 val_roc_auc=0.8974 val_loss=0.3344 val_metric_name=roc_auc val_metric=0.8974
Step 1500 | loss 0.2947 | val_acc=0.8368 val_roc_auc=0.8978 val_loss=0.3323 val_metric_name=roc_auc val_metric=0.8978
Step 1550 | loss 0.2966 | val_acc=0.8372 val_roc_auc=0.8983 val_loss=0.3306 val_metric_name=roc_auc val_metric=0.8983
Step 1600 | loss 0.2941 | val_acc=0.8372 val_roc_auc=0.8988 val_loss=0.3296 val_metric_name=roc_auc val_metric=0.8988
Step 1650 | loss 0.2913 | val_acc=0.8368 val_roc_auc=0.8993 val_loss=0.3283 val_metric_name=roc_auc val_metric=0.8993
Step 1700 | loss 0.2904 | val_acc=0.8392 val_roc_auc=0.9000 val_loss=0.3253 val_metric_name=roc_auc val_metric=0.9000
Step 1750 | loss 0.2897 | val_acc=0.8400 val_roc_auc=0.9005 val_loss=0.3247 val_metric_name=roc_auc val_metric=0.9005
Step 1800 | loss 0.2866 | val_acc=0.8420 val_roc_auc=0.9012 val_loss=0.3228 val_metric_name=roc_auc val_metric=0.9012
Step 1850 | loss 0.2869 | val_acc=0.8428 val_roc_auc=0.9020 val_loss=0.3202 val_metric_name=roc_auc val_metric=0.9020
Step 1900 | loss 0.2849 | val_acc=0.8448 val_roc_auc=0.9029 val_loss=0.3185 val_metric_name=roc_auc val_metric=0.9029
Step 1950 | loss 0.2836 | val_acc=0.8452 val_roc_auc=0.9038 val_loss=0.3160 val_metric_name=roc_auc val_metric=0.9038
Step 2000 | loss 0.2818 | val_acc=0.8464 val_roc_auc=0.9045 val_loss=0.3140 val_metric_name=roc_auc val_metric=0.9045
Step 2050 | loss 0.2834 | val_acc=0.8504 val_roc_auc=0.9054 val_loss=0.3102 val_metric_name=roc_auc val_metric=0.9054
Step 2100 | loss 0.2841 | val_acc=0.8516 val_roc_auc=0.9063 val_loss=0.3081 val_metric_name=roc_auc val_metric=0.9063
Step 2150 | loss 0.2792 | val_acc=0.8536 val_roc_auc=0.9072 val_loss=0.3053 val_metric_name=roc_auc val_metric=0.9072
Step 2200 | loss 0.2785 | val_acc=0.8548 val_roc_auc=0.9080 val_loss=0.3033 val_metric_name=roc_auc val_metric=0.9080
Step 2250 | loss 0.2774 | val_acc=0.8568 val_roc_auc=0.9087 val_loss=0.3015 val_metric_name=roc_auc val_metric=0.9087
Step 2300 | loss 0.2780 | val_acc=0.8576 val_roc_auc=0.9095 val_loss=0.2998 val_metric_name=roc_auc val_metric=0.9095
Step 2350 | loss 0.2756 | val_acc=0.8588 val_roc_auc=0.9099 val_loss=0.2982 val_metric_name=roc_auc val_metric=0.9099
Step 2400 | loss 0.2746 | val_acc=0.8592 val_roc_auc=0.9105 val_loss=0.2967 val_metric_name=roc_auc val_metric=0.9105
Step 2450 | loss 0.2741 | val_acc=0.8616 val_roc_auc=0.9112 val_loss=0.2955 val_metric_name=roc_auc val_metric=0.9112
Step 2500 | loss 0.2724 | val_acc=0.8624 val_roc_auc=0.9115 val_loss=0.2944 val_metric_name=roc_auc val_metric=0.9115
Step 2550 | loss 0.2718 | val_acc=0.8632 val_roc_auc=0.9118 val_loss=0.2941 val_metric_name=roc_auc val_metric=0.9118
Step 2600 | loss 0.2723 | val_acc=0.8640 val_roc_auc=0.9121 val_loss=0.2935 val_metric_name=roc_auc val_metric=0.9121
Step 2650 | loss 0.2691 | val_acc=0.8632 val_roc_auc=0.9122 val_loss=0.2935 val_metric_name=roc_auc val_metric=0.9122
Step 2700 | loss 0.2678 | val_acc=0.8636 val_roc_auc=0.9124 val_loss=0.2928 val_metric_name=roc_auc val_metric=0.9124
Step 2750 | loss 0.2688 | val_acc=0.8648 val_roc_auc=0.9126 val_loss=0.2924 val_metric_name=roc_auc val_metric=0.9126
Step 2800 | loss 0.2677 | val_acc=0.8652 val_roc_auc=0.9128 val_loss=0.2920 val_metric_name=roc_auc val_metric=0.9128
Step 2850 | loss 0.2671 | val_acc=0.8644 val_roc_auc=0.9128 val_loss=0.2923 val_metric_name=roc_auc val_metric=0.9128
Step 2900 | loss 0.2676 | val_acc=0.8652 val_roc_auc=0.9128 val_loss=0.2922 val_metric_name=roc_auc val_metric=0.9128
Step 2950 | loss 0.2672 | val_acc=0.8656 val_roc_auc=0.9130 val_loss=0.2922 val_metric_name=roc_auc val_metric=0.9130
Step 3000 | loss 0.2625 | val_acc=0.8660 val_roc_auc=0.9129 val_loss=0.2925 val_metric_name=roc_auc val_metric=0.9129
Step 3050 | loss 0.2654 | val_acc=0.8656 val_roc_auc=0.9130 val_loss=0.2925 val_metric_name=roc_auc val_metric=0.9130
Step 3100 | loss 0.2613 | val_acc=0.8652 val_roc_auc=0.9130 val_loss=0.2929 val_metric_name=roc_auc val_metric=0.9130
Step 3150 | loss 0.2603 | val_acc=0.8620 val_roc_auc=0.9130 val_loss=0.2929 val_metric_name=roc_auc val_metric=0.9130
Step 3200 | loss 0.2632 | val_acc=0.8636 val_roc_auc=0.9132 val_loss=0.2931 val_metric_name=roc_auc val_metric=0.9132
Step 3250 | loss 0.2632 | val_acc=0.8632 val_roc_auc=0.9132 val_loss=0.2931 val_metric_name=roc_auc val_metric=0.9132
Step 3300 | loss 0.2607 | val_acc=0.8636 val_roc_auc=0.9131 val_loss=0.2934 val_metric_name=roc_auc val_metric=0.9131
Step 3350 | loss 0.2612 | val_acc=0.8624 val_roc_auc=0.9132 val_loss=0.2927 val_metric_name=roc_auc val_metric=0.9132
Step 3400 | loss 0.2571 | val_acc=0.8628 val_roc_auc=0.9132 val_loss=0.2938 val_metric_name=roc_auc val_metric=0.9132
Step 3450 | loss 0.2590 | val_acc=0.8620 val_roc_auc=0.9131 val_loss=0.2937 val_metric_name=roc_auc val_metric=0.9131
Step 3500 | loss 0.2573 | val_acc=0.8612 val_roc_auc=0.9130 val_loss=0.2946 val_metric_name=roc_auc val_metric=0.9130
Step 3550 | loss 0.2573 | val_acc=0.8616 val_roc_auc=0.9130 val_loss=0.2945 val_metric_name=roc_auc val_metric=0.9130
Step 3600 | loss 0.2562 | val_acc=0.8620 val_roc_auc=0.9130 val_loss=0.2945 val_metric_name=roc_auc val_metric=0.9130
Early stopping at step 3649

--- Final (best ckpt @ step 3220) ---
  train_acc=0.8926 train_roc_auc=0.9432 train_loss=0.2350 train_metric_name=roc_auc train_metric=0.9432
  val_acc=0.8640 val_roc_auc=0.9132 val_loss=0.2927 val_metric_name=roc_auc val_metric=0.9132
  test_acc=0.8764 test_roc_auc=0.9224 test_loss=0.2762 test_metric_name=roc_auc test_metric=0.9224
  test_roc_auc=0.9224

============================================================
Training TABM-minesweeper GAT-sep 3L h=384 lr=3e-05 split=0
============================================================
Training for 5000 steps
Step    1 | loss 1.1951 | val_acc=0.7860 val_roc_auc=0.4824 val_loss=0.5785 val_metric_name=roc_auc val_metric=0.4824
Step   50 | loss 0.4416 | val_acc=0.8232 val_roc_auc=0.8397 val_loss=0.3951 val_metric_name=roc_auc val_metric=0.8397
Step  100 | loss 0.3763 | val_acc=0.8328 val_roc_auc=0.8762 val_loss=0.3467 val_metric_name=roc_auc val_metric=0.8762
Step  150 | loss 0.3428 | val_acc=0.8360 val_roc_auc=0.8872 val_loss=0.3438 val_metric_name=roc_auc val_metric=0.8872
Step  200 | loss 0.3269 | val_acc=0.8332 val_roc_auc=0.8908 val_loss=0.3419 val_metric_name=roc_auc val_metric=0.8908
Step  250 | loss 0.3175 | val_acc=0.8320 val_roc_auc=0.8935 val_loss=0.3387 val_metric_name=roc_auc val_metric=0.8935
Step  300 | loss 0.3088 | val_acc=0.8360 val_roc_auc=0.8956 val_loss=0.3337 val_metric_name=roc_auc val_metric=0.8956
Step  350 | loss 0.3018 | val_acc=0.8416 val_roc_auc=0.8977 val_loss=0.3295 val_metric_name=roc_auc val_metric=0.8977
Step  400 | loss 0.2954 | val_acc=0.8420 val_roc_auc=0.8998 val_loss=0.3265 val_metric_name=roc_auc val_metric=0.8998
Step  450 | loss 0.2929 | val_acc=0.8448 val_roc_auc=0.9019 val_loss=0.3215 val_metric_name=roc_auc val_metric=0.9019
Step  500 | loss 0.2868 | val_acc=0.8504 val_roc_auc=0.9041 val_loss=0.3158 val_metric_name=roc_auc val_metric=0.9041
Step  550 | loss 0.2857 | val_acc=0.8536 val_roc_auc=0.9064 val_loss=0.3094 val_metric_name=roc_auc val_metric=0.9064
Step  600 | loss 0.2788 | val_acc=0.8580 val_roc_auc=0.9084 val_loss=0.3035 val_metric_name=roc_auc val_metric=0.9084
Step  650 | loss 0.2749 | val_acc=0.8632 val_roc_auc=0.9098 val_loss=0.3005 val_metric_name=roc_auc val_metric=0.9098
Step  700 | loss 0.2751 | val_acc=0.8656 val_roc_auc=0.9111 val_loss=0.2972 val_metric_name=roc_auc val_metric=0.9111
Step  750 | loss 0.2706 | val_acc=0.8644 val_roc_auc=0.9119 val_loss=0.2954 val_metric_name=roc_auc val_metric=0.9119
Step  800 | loss 0.2687 | val_acc=0.8660 val_roc_auc=0.9125 val_loss=0.2947 val_metric_name=roc_auc val_metric=0.9125
Step  850 | loss 0.2667 | val_acc=0.8644 val_roc_auc=0.9127 val_loss=0.2954 val_metric_name=roc_auc val_metric=0.9127
Step  900 | loss 0.2635 | val_acc=0.8652 val_roc_auc=0.9130 val_loss=0.2952 val_metric_name=roc_auc val_metric=0.9130
Step  950 | loss 0.2591 | val_acc=0.8664 val_roc_auc=0.9130 val_loss=0.2959 val_metric_name=roc_auc val_metric=0.9130
Step 1000 | loss 0.2605 | val_acc=0.8700 val_roc_auc=0.9131 val_loss=0.2974 val_metric_name=roc_auc val_metric=0.9131
Step 1050 | loss 0.2562 | val_acc=0.8676 val_roc_auc=0.9130 val_loss=0.2988 val_metric_name=roc_auc val_metric=0.9130
Step 1100 | loss 0.2577 | val_acc=0.8664 val_roc_auc=0.9130 val_loss=0.2988 val_metric_name=roc_auc val_metric=0.9130
Step 1150 | loss 0.2546 | val_acc=0.8680 val_roc_auc=0.9128 val_loss=0.3016 val_metric_name=roc_auc val_metric=0.9128
Step 1200 | loss 0.2519 | val_acc=0.8668 val_roc_auc=0.9121 val_loss=0.3028 val_metric_name=roc_auc val_metric=0.9121
Step 1250 | loss 0.2513 | val_acc=0.8664 val_roc_auc=0.9121 val_loss=0.3036 val_metric_name=roc_auc val_metric=0.9121
Early stopping at step 1260

--- Final (best ckpt @ step 960) ---
  train_acc=0.8928 train_roc_auc=0.9429 train_loss=0.2367 train_metric_name=roc_auc train_metric=0.9429
  val_acc=0.8664 val_roc_auc=0.9132 val_loss=0.2964 val_metric_name=roc_auc val_metric=0.9132
  test_acc=0.8776 test_roc_auc=0.9208 test_loss=0.2821 test_metric_name=roc_auc test_metric=0.9208
  test_roc_auc=0.9208

============================================================
Training TABM-minesweeper GAT-sep 3L h=384 lr=6e-05 split=0
============================================================
Training for 5000 steps
Step    1 | loss 1.1951 | val_acc=0.7996 val_roc_auc=0.4997 val_loss=0.5319 val_metric_name=roc_auc val_metric=0.4997
Step   50 | loss 0.3917 | val_acc=0.8324 val_roc_auc=0.8666 val_loss=0.3588 val_metric_name=roc_auc val_metric=0.8666
Step  100 | loss 0.3356 | val_acc=0.8316 val_roc_auc=0.8877 val_loss=0.3465 val_metric_name=roc_auc val_metric=0.8877
Step  150 | loss 0.3149 | val_acc=0.8340 val_roc_auc=0.8935 val_loss=0.3377 val_metric_name=roc_auc val_metric=0.8935
Step  200 | loss 0.3044 | val_acc=0.8380 val_roc_auc=0.8969 val_loss=0.3316 val_metric_name=roc_auc val_metric=0.8969
Step  250 | loss 0.2954 | val_acc=0.8440 val_roc_auc=0.9004 val_loss=0.3244 val_metric_name=roc_auc val_metric=0.9004
Step  300 | loss 0.2871 | val_acc=0.8512 val_roc_auc=0.9041 val_loss=0.3133 val_metric_name=roc_auc val_metric=0.9041
Step  350 | loss 0.2818 | val_acc=0.8556 val_roc_auc=0.9080 val_loss=0.3050 val_metric_name=roc_auc val_metric=0.9080
Step  400 | loss 0.2745 | val_acc=0.8644 val_roc_auc=0.9103 val_loss=0.2988 val_metric_name=roc_auc val_metric=0.9103
Step  450 | loss 0.2715 | val_acc=0.8680 val_roc_auc=0.9118 val_loss=0.2945 val_metric_name=roc_auc val_metric=0.9118
Step  500 | loss 0.2655 | val_acc=0.8668 val_roc_auc=0.9129 val_loss=0.2944 val_metric_name=roc_auc val_metric=0.9129
Step  550 | loss 0.2639 | val_acc=0.8692 val_roc_auc=0.9128 val_loss=0.2965 val_metric_name=roc_auc val_metric=0.9128
Step  600 | loss 0.2577 | val_acc=0.8668 val_roc_auc=0.9128 val_loss=0.2982 val_metric_name=roc_auc val_metric=0.9128
Step  650 | loss 0.2554 | val_acc=0.8664 val_roc_auc=0.9127 val_loss=0.3005 val_metric_name=roc_auc val_metric=0.9127
Step  700 | loss 0.2566 | val_acc=0.8656 val_roc_auc=0.9123 val_loss=0.3022 val_metric_name=roc_auc val_metric=0.9123
Step  750 | loss 0.2506 | val_acc=0.8652 val_roc_auc=0.9117 val_loss=0.3047 val_metric_name=roc_auc val_metric=0.9117
Step  800 | loss 0.2495 | val_acc=0.8640 val_roc_auc=0.9114 val_loss=0.3074 val_metric_name=roc_auc val_metric=0.9114
Early stopping at step 820

--- Final (best ckpt @ step 520) ---
  train_acc=0.8902 train_roc_auc=0.9416 train_loss=0.2396 train_metric_name=roc_auc train_metric=0.9416
  val_acc=0.8688 val_roc_auc=0.9131 val_loss=0.2950 val_metric_name=roc_auc val_metric=0.9131
  test_acc=0.8764 test_roc_auc=0.9204 test_loss=0.2810 test_metric_name=roc_auc test_metric=0.9204
  test_roc_auc=0.9204

============================================================
Training TABM-minesweeper GAT-sep 3L h=384 lr=0.0001 split=0
============================================================
Training for 5000 steps
Step    1 | loss 1.1951 | val_acc=0.8000 val_roc_auc=0.5078 val_loss=0.7870 val_metric_name=roc_auc val_metric=0.5078
Step   50 | loss 0.3594 | val_acc=0.8352 val_roc_auc=0.8806 val_loss=0.3397 val_metric_name=roc_auc val_metric=0.8806
Step  100 | loss 0.3174 | val_acc=0.8320 val_roc_auc=0.8924 val_loss=0.3379 val_metric_name=roc_auc val_metric=0.8924
Step  150 | loss 0.3006 | val_acc=0.8404 val_roc_auc=0.8973 val_loss=0.3310 val_metric_name=roc_auc val_metric=0.8973
Step  200 | loss 0.2916 | val_acc=0.8448 val_roc_auc=0.9022 val_loss=0.3215 val_metric_name=roc_auc val_metric=0.9022
Step  250 | loss 0.2817 | val_acc=0.8572 val_roc_auc=0.9075 val_loss=0.3057 val_metric_name=roc_auc val_metric=0.9075
Step  300 | loss 0.2721 | val_acc=0.8648 val_roc_auc=0.9109 val_loss=0.2968 val_metric_name=roc_auc val_metric=0.9109
Step  350 | loss 0.2674 | val_acc=0.8684 val_roc_auc=0.9125 val_loss=0.2944 val_metric_name=roc_auc val_metric=0.9125
Step  400 | loss 0.2617 | val_acc=0.8660 val_roc_auc=0.9125 val_loss=0.2978 val_metric_name=roc_auc val_metric=0.9125
Step  450 | loss 0.2580 | val_acc=0.8664 val_roc_auc=0.9124 val_loss=0.2977 val_metric_name=roc_auc val_metric=0.9124
Step  500 | loss 0.2531 | val_acc=0.8656 val_roc_auc=0.9119 val_loss=0.3043 val_metric_name=roc_auc val_metric=0.9119
Step  550 | loss 0.2501 | val_acc=0.8640 val_roc_auc=0.9113 val_loss=0.3060 val_metric_name=roc_auc val_metric=0.9113
Step  600 | loss 0.2451 | val_acc=0.8636 val_roc_auc=0.9099 val_loss=0.3155 val_metric_name=roc_auc val_metric=0.9099
Step  650 | loss 0.2435 | val_acc=0.8628 val_roc_auc=0.9092 val_loss=0.3175 val_metric_name=roc_auc val_metric=0.9092
Step  700 | loss 0.2427 | val_acc=0.8596 val_roc_auc=0.9083 val_loss=0.3201 val_metric_name=roc_auc val_metric=0.9083
Early stopping at step 710

--- Final (best ckpt @ step 410) ---
  train_acc=0.8922 train_roc_auc=0.9433 train_loss=0.2367 train_metric_name=roc_auc train_metric=0.9433
  val_acc=0.8676 val_roc_auc=0.9130 val_loss=0.2960 val_metric_name=roc_auc val_metric=0.9130
  test_acc=0.8772 test_roc_auc=0.9208 test_loss=0.2814 test_metric_name=roc_auc test_metric=0.9208
  test_roc_auc=0.9208

============================================================
Training TABM-minesweeper GAT-sep 3L h=384 lr=1e-05 split=0
============================================================
Training for 5000 steps
Step    1 | loss 1.1951 | val_acc=0.2348 val_roc_auc=0.4593 val_loss=0.8769 val_metric_name=roc_auc val_metric=0.4593
Step   50 | loss 0.5159 | val_acc=0.8004 val_roc_auc=0.8025 val_loss=0.5021 val_metric_name=roc_auc val_metric=0.8025
Step  100 | loss 0.4644 | val_acc=0.8088 val_roc_auc=0.8297 val_loss=0.4329 val_metric_name=roc_auc val_metric=0.8297
Step  150 | loss 0.4264 | val_acc=0.8280 val_roc_auc=0.8516 val_loss=0.3947 val_metric_name=roc_auc val_metric=0.8516
Step  200 | loss 0.3991 | val_acc=0.8320 val_roc_auc=0.8666 val_loss=0.3662 val_metric_name=roc_auc val_metric=0.8666
Step  250 | loss 0.3765 | val_acc=0.8312 val_roc_auc=0.8772 val_loss=0.3485 val_metric_name=roc_auc val_metric=0.8772
Step  300 | loss 0.3604 | val_acc=0.8352 val_roc_auc=0.8841 val_loss=0.3410 val_metric_name=roc_auc val_metric=0.8841
Step  350 | loss 0.3455 | val_acc=0.8404 val_roc_auc=0.8868 val_loss=0.3425 val_metric_name=roc_auc val_metric=0.8868
Step  400 | loss 0.3379 | val_acc=0.8356 val_roc_auc=0.8885 val_loss=0.3444 val_metric_name=roc_auc val_metric=0.8885
Step  450 | loss 0.3320 | val_acc=0.8352 val_roc_auc=0.8899 val_loss=0.3434 val_metric_name=roc_auc val_metric=0.8899
Step  500 | loss 0.3233 | val_acc=0.8308 val_roc_auc=0.8912 val_loss=0.3426 val_metric_name=roc_auc val_metric=0.8912
Step  550 | loss 0.3221 | val_acc=0.8320 val_roc_auc=0.8924 val_loss=0.3406 val_metric_name=roc_auc val_metric=0.8924
Step  600 | loss 0.3186 | val_acc=0.8324 val_roc_auc=0.8933 val_loss=0.3390 val_metric_name=roc_auc val_metric=0.8933
Step  650 | loss 0.3127 | val_acc=0.8332 val_roc_auc=0.8941 val_loss=0.3378 val_metric_name=roc_auc val_metric=0.8941
Step  700 | loss 0.3108 | val_acc=0.8352 val_roc_auc=0.8950 val_loss=0.3362 val_metric_name=roc_auc val_metric=0.8950
Step  750 | loss 0.3058 | val_acc=0.8340 val_roc_auc=0.8958 val_loss=0.3342 val_metric_name=roc_auc val_metric=0.8958
Step  800 | loss 0.3060 | val_acc=0.8372 val_roc_auc=0.8966 val_loss=0.3327 val_metric_name=roc_auc val_metric=0.8966
Step  850 | loss 0.3032 | val_acc=0.8404 val_roc_auc=0.8974 val_loss=0.3318 val_metric_name=roc_auc val_metric=0.8974
Step  900 | loss 0.3006 | val_acc=0.8412 val_roc_auc=0.8983 val_loss=0.3304 val_metric_name=roc_auc val_metric=0.8983
Step  950 | loss 0.2951 | val_acc=0.8428 val_roc_auc=0.8991 val_loss=0.3291 val_metric_name=roc_auc val_metric=0.8991
Step 1000 | loss 0.2983 | val_acc=0.8424 val_roc_auc=0.8999 val_loss=0.3272 val_metric_name=roc_auc val_metric=0.8999
Step 1050 | loss 0.2912 | val_acc=0.8432 val_roc_auc=0.9009 val_loss=0.3247 val_metric_name=roc_auc val_metric=0.9009
Step 1100 | loss 0.2930 | val_acc=0.8444 val_roc_auc=0.9017 val_loss=0.3235 val_metric_name=roc_auc val_metric=0.9017
Step 1150 | loss 0.2899 | val_acc=0.8456 val_roc_auc=0.9026 val_loss=0.3223 val_metric_name=roc_auc val_metric=0.9026
Step 1200 | loss 0.2872 | val_acc=0.8488 val_roc_auc=0.9035 val_loss=0.3201 val_metric_name=roc_auc val_metric=0.9035
Step 1250 | loss 0.2861 | val_acc=0.8496 val_roc_auc=0.9044 val_loss=0.3168 val_metric_name=roc_auc val_metric=0.9044
Step 1300 | loss 0.2822 | val_acc=0.8480 val_roc_auc=0.9052 val_loss=0.3150 val_metric_name=roc_auc val_metric=0.9052
Step 1350 | loss 0.2843 | val_acc=0.8504 val_roc_auc=0.9061 val_loss=0.3118 val_metric_name=roc_auc val_metric=0.9061
Step 1400 | loss 0.2830 | val_acc=0.8512 val_roc_auc=0.9068 val_loss=0.3109 val_metric_name=roc_auc val_metric=0.9068
Step 1450 | loss 0.2805 | val_acc=0.8540 val_roc_auc=0.9079 val_loss=0.3072 val_metric_name=roc_auc val_metric=0.9079
Step 1500 | loss 0.2803 | val_acc=0.8564 val_roc_auc=0.9087 val_loss=0.3049 val_metric_name=roc_auc val_metric=0.9087
Step 1550 | loss 0.2767 | val_acc=0.8604 val_roc_auc=0.9093 val_loss=0.3031 val_metric_name=roc_auc val_metric=0.9093
Step 1600 | loss 0.2743 | val_acc=0.8624 val_roc_auc=0.9100 val_loss=0.3009 val_metric_name=roc_auc val_metric=0.9100
Step 1650 | loss 0.2776 | val_acc=0.8644 val_roc_auc=0.9107 val_loss=0.2997 val_metric_name=roc_auc val_metric=0.9107
Step 1700 | loss 0.2718 | val_acc=0.8656 val_roc_auc=0.9112 val_loss=0.2976 val_metric_name=roc_auc val_metric=0.9112
Step 1750 | loss 0.2728 | val_acc=0.8648 val_roc_auc=0.9114 val_loss=0.2972 val_metric_name=roc_auc val_metric=0.9114
Step 1800 | loss 0.2703 | val_acc=0.8660 val_roc_auc=0.9118 val_loss=0.2960 val_metric_name=roc_auc val_metric=0.9118
Step 1850 | loss 0.2702 | val_acc=0.8656 val_roc_auc=0.9121 val_loss=0.2956 val_metric_name=roc_auc val_metric=0.9121
Step 1900 | loss 0.2699 | val_acc=0.8648 val_roc_auc=0.9124 val_loss=0.2952 val_metric_name=roc_auc val_metric=0.9124
Step 1950 | loss 0.2670 | val_acc=0.8664 val_roc_auc=0.9127 val_loss=0.2946 val_metric_name=roc_auc val_metric=0.9127
Step 2000 | loss 0.2666 | val_acc=0.8664 val_roc_auc=0.9127 val_loss=0.2949 val_metric_name=roc_auc val_metric=0.9127
Step 2050 | loss 0.2662 | val_acc=0.8672 val_roc_auc=0.9130 val_loss=0.2946 val_metric_name=roc_auc val_metric=0.9130
Step 2100 | loss 0.2643 | val_acc=0.8664 val_roc_auc=0.9130 val_loss=0.2950 val_metric_name=roc_auc val_metric=0.9130
Step 2150 | loss 0.2619 | val_acc=0.8676 val_roc_auc=0.9132 val_loss=0.2954 val_metric_name=roc_auc val_metric=0.9132
Step 2200 | loss 0.2640 | val_acc=0.8692 val_roc_auc=0.9131 val_loss=0.2952 val_metric_name=roc_auc val_metric=0.9131
Step 2250 | loss 0.2623 | val_acc=0.8680 val_roc_auc=0.9132 val_loss=0.2957 val_metric_name=roc_auc val_metric=0.9132
Step 2300 | loss 0.2601 | val_acc=0.8688 val_roc_auc=0.9131 val_loss=0.2963 val_metric_name=roc_auc val_metric=0.9131
Step 2350 | loss 0.2612 | val_acc=0.8692 val_roc_auc=0.9132 val_loss=0.2966 val_metric_name=roc_auc val_metric=0.9132
Step 2400 | loss 0.2591 | val_acc=0.8688 val_roc_auc=0.9130 val_loss=0.2975 val_metric_name=roc_auc val_metric=0.9130
Step 2450 | loss 0.2594 | val_acc=0.8692 val_roc_auc=0.9131 val_loss=0.2974 val_metric_name=roc_auc val_metric=0.9131
Step 2500 | loss 0.2584 | val_acc=0.8676 val_roc_auc=0.9131 val_loss=0.2990 val_metric_name=roc_auc val_metric=0.9131
Step 2550 | loss 0.2569 | val_acc=0.8680 val_roc_auc=0.9131 val_loss=0.2988 val_metric_name=roc_auc val_metric=0.9131
Step 2600 | loss 0.2556 | val_acc=0.8676 val_roc_auc=0.9130 val_loss=0.2993 val_metric_name=roc_auc val_metric=0.9130
Step 2650 | loss 0.2551 | val_acc=0.8664 val_roc_auc=0.9129 val_loss=0.3005 val_metric_name=roc_auc val_metric=0.9129
Step 2700 | loss 0.2524 | val_acc=0.8672 val_roc_auc=0.9128 val_loss=0.3004 val_metric_name=roc_auc val_metric=0.9128
Step 2750 | loss 0.2525 | val_acc=0.8648 val_roc_auc=0.9128 val_loss=0.3004 val_metric_name=roc_auc val_metric=0.9128
Early stopping at step 2778

--- Final (best ckpt @ step 2270) ---
  train_acc=0.8930 train_roc_auc=0.9429 train_loss=0.2369 train_metric_name=roc_auc train_metric=0.9429
  val_acc=0.8680 val_roc_auc=0.9132 val_loss=0.2960 val_metric_name=roc_auc val_metric=0.9132
  test_acc=0.8772 test_roc_auc=0.9212 test_loss=0.2814 test_metric_name=roc_auc test_metric=0.9212
  test_roc_auc=0.9212

============================================================
Training TABM-minesweeper GAT-sep 3L h=512 lr=3e-05 split=0
============================================================
Training for 5000 steps
Step    1 | loss 1.1480 | val_acc=0.8008 val_roc_auc=0.6053 val_loss=0.5329 val_metric_name=roc_auc val_metric=0.6053
Step   50 | loss 0.4068 | val_acc=0.8260 val_roc_auc=0.8536 val_loss=0.3728 val_metric_name=roc_auc val_metric=0.8536
Step  100 | loss 0.3495 | val_acc=0.8276 val_roc_auc=0.8787 val_loss=0.3539 val_metric_name=roc_auc val_metric=0.8787
Step  150 | loss 0.3244 | val_acc=0.8228 val_roc_auc=0.8864 val_loss=0.3570 val_metric_name=roc_auc val_metric=0.8864
Step  200 | loss 0.3169 | val_acc=0.8252 val_roc_auc=0.8904 val_loss=0.3538 val_metric_name=roc_auc val_metric=0.8904
Step  250 | loss 0.3052 | val_acc=0.8316 val_roc_auc=0.8928 val_loss=0.3508 val_metric_name=roc_auc val_metric=0.8928
Step  300 | loss 0.3021 | val_acc=0.8328 val_roc_auc=0.8948 val_loss=0.3478 val_metric_name=roc_auc val_metric=0.8948
Step  350 | loss 0.2947 | val_acc=0.8308 val_roc_auc=0.8969 val_loss=0.3446 val_metric_name=roc_auc val_metric=0.8969
Step  400 | loss 0.2910 | val_acc=0.8352 val_roc_auc=0.8997 val_loss=0.3360 val_metric_name=roc_auc val_metric=0.8997
Step  450 | loss 0.2826 | val_acc=0.8404 val_roc_auc=0.9026 val_loss=0.3291 val_metric_name=roc_auc val_metric=0.9026
Step  500 | loss 0.2813 | val_acc=0.8456 val_roc_auc=0.9048 val_loss=0.3211 val_metric_name=roc_auc val_metric=0.9048
Step  550 | loss 0.2737 | val_acc=0.8516 val_roc_auc=0.9074 val_loss=0.3140 val_metric_name=roc_auc val_metric=0.9074
Step  600 | loss 0.2712 | val_acc=0.8576 val_roc_auc=0.9092 val_loss=0.3075 val_metric_name=roc_auc val_metric=0.9092
Step  650 | loss 0.2671 | val_acc=0.8604 val_roc_auc=0.9101 val_loss=0.3024 val_metric_name=roc_auc val_metric=0.9101
Step  700 | loss 0.2656 | val_acc=0.8624 val_roc_auc=0.9109 val_loss=0.3003 val_metric_name=roc_auc val_metric=0.9109
Step  750 | loss 0.2651 | val_acc=0.8616 val_roc_auc=0.9113 val_loss=0.3001 val_metric_name=roc_auc val_metric=0.9113
Step  800 | loss 0.2621 | val_acc=0.8648 val_roc_auc=0.9112 val_loss=0.3015 val_metric_name=roc_auc val_metric=0.9112
Step  850 | loss 0.2572 | val_acc=0.8660 val_roc_auc=0.9109 val_loss=0.3033 val_metric_name=roc_auc val_metric=0.9109
Step  900 | loss 0.2542 | val_acc=0.8632 val_roc_auc=0.9108 val_loss=0.3041 val_metric_name=roc_auc val_metric=0.9108
Step  950 | loss 0.2530 | val_acc=0.8620 val_roc_auc=0.9105 val_loss=0.3064 val_metric_name=roc_auc val_metric=0.9105
Step 1000 | loss 0.2501 | val_acc=0.8632 val_roc_auc=0.9099 val_loss=0.3068 val_metric_name=roc_auc val_metric=0.9099
Step 1050 | loss 0.2500 | val_acc=0.8636 val_roc_auc=0.9095 val_loss=0.3098 val_metric_name=roc_auc val_metric=0.9095
Early stopping at step 1087

--- Final (best ckpt @ step 780) ---
  train_acc=0.8958 train_roc_auc=0.9431 train_loss=0.2366 train_metric_name=roc_auc train_metric=0.9431
  val_acc=0.8636 val_roc_auc=0.9116 val_loss=0.2997 val_metric_name=roc_auc val_metric=0.9116
  test_acc=0.8712 test_roc_auc=0.9215 test_loss=0.2827 test_metric_name=roc_auc test_metric=0.9215
  test_roc_auc=0.9215

============================================================
Training TABM-minesweeper GAT-sep 3L h=512 lr=6e-05 split=0
============================================================
Training for 5000 steps
Step    1 | loss 1.1480 | val_acc=0.8000 val_roc_auc=0.5985 val_loss=0.6139 val_metric_name=roc_auc val_metric=0.5985
Step   50 | loss 0.3630 | val_acc=0.8284 val_roc_auc=0.8730 val_loss=0.3501 val_metric_name=roc_auc val_metric=0.8730
Step  100 | loss 0.3211 | val_acc=0.8244 val_roc_auc=0.8872 val_loss=0.3530 val_metric_name=roc_auc val_metric=0.8872
Step  150 | loss 0.3034 | val_acc=0.8300 val_roc_auc=0.8928 val_loss=0.3513 val_metric_name=roc_auc val_metric=0.8928
Step  200 | loss 0.2982 | val_acc=0.8304 val_roc_auc=0.8954 val_loss=0.3465 val_metric_name=roc_auc val_metric=0.8954
Step  250 | loss 0.2876 | val_acc=0.8360 val_roc_auc=0.8998 val_loss=0.3366 val_metric_name=roc_auc val_metric=0.8998
Step  300 | loss 0.2821 | val_acc=0.8440 val_roc_auc=0.9041 val_loss=0.3225 val_metric_name=roc_auc val_metric=0.9041
Step  350 | loss 0.2747 | val_acc=0.8532 val_roc_auc=0.9078 val_loss=0.3105 val_metric_name=roc_auc val_metric=0.9078
Step  400 | loss 0.2699 | val_acc=0.8620 val_roc_auc=0.9106 val_loss=0.3002 val_metric_name=roc_auc val_metric=0.9106
Step  450 | loss 0.2623 | val_acc=0.8620 val_roc_auc=0.9113 val_loss=0.2993 val_metric_name=roc_auc val_metric=0.9113
Step  500 | loss 0.2591 | val_acc=0.8632 val_roc_auc=0.9113 val_loss=0.2996 val_metric_name=roc_auc val_metric=0.9113
Step  550 | loss 0.2538 | val_acc=0.8636 val_roc_auc=0.9113 val_loss=0.3011 val_metric_name=roc_auc val_metric=0.9113
Step  600 | loss 0.2521 | val_acc=0.8636 val_roc_auc=0.9107 val_loss=0.3039 val_metric_name=roc_auc val_metric=0.9107
Step  650 | loss 0.2460 | val_acc=0.8628 val_roc_auc=0.9094 val_loss=0.3087 val_metric_name=roc_auc val_metric=0.9094
Step  700 | loss 0.2443 | val_acc=0.8620 val_roc_auc=0.9085 val_loss=0.3121 val_metric_name=roc_auc val_metric=0.9085
Step  750 | loss 0.2446 | val_acc=0.8616 val_roc_auc=0.9071 val_loss=0.3187 val_metric_name=roc_auc val_metric=0.9071
Step  800 | loss 0.2427 | val_acc=0.8584 val_roc_auc=0.9056 val_loss=0.3235 val_metric_name=roc_auc val_metric=0.9056
Early stopping at step 830

--- Final (best ckpt @ step 530) ---
  train_acc=0.8958 train_roc_auc=0.9453 train_loss=0.2312 train_metric_name=roc_auc train_metric=0.9453
  val_acc=0.8648 val_roc_auc=0.9117 val_loss=0.2997 val_metric_name=roc_auc val_metric=0.9117
  test_acc=0.8728 test_roc_auc=0.9216 test_loss=0.2822 test_metric_name=roc_auc test_metric=0.9216
  test_roc_auc=0.9216

============================================================
Training TABM-minesweeper GAT-sep 3L h=512 lr=0.0001 split=0
============================================================
Training for 5000 steps
Step    1 | loss 1.1480 | val_acc=0.8000 val_roc_auc=0.5679 val_loss=1.0818 val_metric_name=roc_auc val_metric=0.5679
Step   50 | loss 0.3409 | val_acc=0.8240 val_roc_auc=0.8804 val_loss=0.3521 val_metric_name=roc_auc val_metric=0.8804
Step  100 | loss 0.3080 | val_acc=0.8272 val_roc_auc=0.8912 val_loss=0.3497 val_metric_name=roc_auc val_metric=0.8912
Step  150 | loss 0.2929 | val_acc=0.8324 val_roc_auc=0.8956 val_loss=0.3445 val_metric_name=roc_auc val_metric=0.8956
Step  200 | loss 0.2864 | val_acc=0.8376 val_roc_auc=0.9011 val_loss=0.3334 val_metric_name=roc_auc val_metric=0.9011
Step  250 | loss 0.2753 | val_acc=0.8524 val_roc_auc=0.9069 val_loss=0.3115 val_metric_name=roc_auc val_metric=0.9069
Step  300 | loss 0.2682 | val_acc=0.8616 val_roc_auc=0.9105 val_loss=0.3010 val_metric_name=roc_auc val_metric=0.9105
Step  350 | loss 0.2607 | val_acc=0.8608 val_roc_auc=0.9118 val_loss=0.2984 val_metric_name=roc_auc val_metric=0.9118
Step  400 | loss 0.2573 | val_acc=0.8604 val_roc_auc=0.9119 val_loss=0.2990 val_metric_name=roc_auc val_metric=0.9119
Step  450 | loss 0.2496 | val_acc=0.8608 val_roc_auc=0.9104 val_loss=0.3059 val_metric_name=roc_auc val_metric=0.9104
Step  500 | loss 0.2460 | val_acc=0.8620 val_roc_auc=0.9089 val_loss=0.3105 val_metric_name=roc_auc val_metric=0.9089
Step  550 | loss 0.2410 | val_acc=0.8588 val_roc_auc=0.9074 val_loss=0.3170 val_metric_name=roc_auc val_metric=0.9074
Step  600 | loss 0.2391 | val_acc=0.8592 val_roc_auc=0.9059 val_loss=0.3231 val_metric_name=roc_auc val_metric=0.9059
Step  650 | loss 0.2316 | val_acc=0.8572 val_roc_auc=0.9028 val_loss=0.3340 val_metric_name=roc_auc val_metric=0.9028
Early stopping at step 670

--- Final (best ckpt @ step 370) ---
  train_acc=0.8936 train_roc_auc=0.9446 train_loss=0.2326 train_metric_name=roc_auc train_metric=0.9446
  val_acc=0.8628 val_roc_auc=0.9120 val_loss=0.2973 val_metric_name=roc_auc val_metric=0.9120
  test_acc=0.8732 test_roc_auc=0.9217 test_loss=0.2805 test_metric_name=roc_auc test_metric=0.9217
  test_roc_auc=0.9217

============================================================
Training TABM-minesweeper GAT-sep 3L h=512 lr=1e-05 split=0
============================================================
Training for 5000 steps
Step    1 | loss 1.1480 | val_acc=0.2836 val_roc_auc=0.5630 val_loss=0.9976 val_metric_name=roc_auc val_metric=0.5630
Step   50 | loss 0.4880 | val_acc=0.8024 val_roc_auc=0.8142 val_loss=0.4217 val_metric_name=roc_auc val_metric=0.8142
Step  100 | loss 0.4267 | val_acc=0.8248 val_roc_auc=0.8464 val_loss=0.3832 val_metric_name=roc_auc val_metric=0.8464
Step  150 | loss 0.3884 | val_acc=0.8284 val_roc_auc=0.8622 val_loss=0.3671 val_metric_name=roc_auc val_metric=0.8622
Step  200 | loss 0.3675 | val_acc=0.8300 val_roc_auc=0.8739 val_loss=0.3573 val_metric_name=roc_auc val_metric=0.8739
Step  250 | loss 0.3473 | val_acc=0.8264 val_roc_auc=0.8797 val_loss=0.3571 val_metric_name=roc_auc val_metric=0.8797
Step  300 | loss 0.3407 | val_acc=0.8248 val_roc_auc=0.8831 val_loss=0.3590 val_metric_name=roc_auc val_metric=0.8831
Step  350 | loss 0.3296 | val_acc=0.8232 val_roc_auc=0.8860 val_loss=0.3582 val_metric_name=roc_auc val_metric=0.8860
Step  400 | loss 0.3269 | val_acc=0.8236 val_roc_auc=0.8880 val_loss=0.3571 val_metric_name=roc_auc val_metric=0.8880
Step  450 | loss 0.3150 | val_acc=0.8240 val_roc_auc=0.8898 val_loss=0.3564 val_metric_name=roc_auc val_metric=0.8898
Step  500 | loss 0.3150 | val_acc=0.8264 val_roc_auc=0.8912 val_loss=0.3541 val_metric_name=roc_auc val_metric=0.8912
Step  550 | loss 0.3065 | val_acc=0.8284 val_roc_auc=0.8923 val_loss=0.3531 val_metric_name=roc_auc val_metric=0.8923
Step  600 | loss 0.3050 | val_acc=0.8304 val_roc_auc=0.8932 val_loss=0.3524 val_metric_name=roc_auc val_metric=0.8932
Step  650 | loss 0.3016 | val_acc=0.8316 val_roc_auc=0.8940 val_loss=0.3508 val_metric_name=roc_auc val_metric=0.8940
Step  700 | loss 0.3021 | val_acc=0.8320 val_roc_auc=0.8947 val_loss=0.3500 val_metric_name=roc_auc val_metric=0.8947
Step  750 | loss 0.2995 | val_acc=0.8312 val_roc_auc=0.8957 val_loss=0.3464 val_metric_name=roc_auc val_metric=0.8957
Step  800 | loss 0.2966 | val_acc=0.8312 val_roc_auc=0.8966 val_loss=0.3450 val_metric_name=roc_auc val_metric=0.8966
Step  850 | loss 0.2919 | val_acc=0.8324 val_roc_auc=0.8975 val_loss=0.3415 val_metric_name=roc_auc val_metric=0.8975
Step  900 | loss 0.2903 | val_acc=0.8324 val_roc_auc=0.8986 val_loss=0.3402 val_metric_name=roc_auc val_metric=0.8986
Step  950 | loss 0.2888 | val_acc=0.8348 val_roc_auc=0.8998 val_loss=0.3367 val_metric_name=roc_auc val_metric=0.8998
Step 1000 | loss 0.2867 | val_acc=0.8408 val_roc_auc=0.9011 val_loss=0.3336 val_metric_name=roc_auc val_metric=0.9011
Step 1050 | loss 0.2864 | val_acc=0.8400 val_roc_auc=0.9023 val_loss=0.3300 val_metric_name=roc_auc val_metric=0.9023
Step 1100 | loss 0.2860 | val_acc=0.8416 val_roc_auc=0.9034 val_loss=0.3273 val_metric_name=roc_auc val_metric=0.9034
Step 1150 | loss 0.2830 | val_acc=0.8424 val_roc_auc=0.9044 val_loss=0.3252 val_metric_name=roc_auc val_metric=0.9044
Step 1200 | loss 0.2807 | val_acc=0.8476 val_roc_auc=0.9054 val_loss=0.3206 val_metric_name=roc_auc val_metric=0.9054
Step 1250 | loss 0.2778 | val_acc=0.8488 val_roc_auc=0.9063 val_loss=0.3183 val_metric_name=roc_auc val_metric=0.9063
Step 1300 | loss 0.2749 | val_acc=0.8528 val_roc_auc=0.9074 val_loss=0.3131 val_metric_name=roc_auc val_metric=0.9074
Step 1350 | loss 0.2725 | val_acc=0.8568 val_roc_auc=0.9082 val_loss=0.3105 val_metric_name=roc_auc val_metric=0.9082
Step 1400 | loss 0.2733 | val_acc=0.8556 val_roc_auc=0.9088 val_loss=0.3088 val_metric_name=roc_auc val_metric=0.9088
Step 1450 | loss 0.2735 | val_acc=0.8604 val_roc_auc=0.9094 val_loss=0.3068 val_metric_name=roc_auc val_metric=0.9094
Step 1500 | loss 0.2682 | val_acc=0.8616 val_roc_auc=0.9101 val_loss=0.3036 val_metric_name=roc_auc val_metric=0.9101
Step 1550 | loss 0.2675 | val_acc=0.8608 val_roc_auc=0.9106 val_loss=0.3026 val_metric_name=roc_auc val_metric=0.9106
Step 1600 | loss 0.2684 | val_acc=0.8616 val_roc_auc=0.9111 val_loss=0.3012 val_metric_name=roc_auc val_metric=0.9111
Step 1650 | loss 0.2646 | val_acc=0.8608 val_roc_auc=0.9110 val_loss=0.3025 val_metric_name=roc_auc val_metric=0.9110
Step 1700 | loss 0.2650 | val_acc=0.8616 val_roc_auc=0.9112 val_loss=0.3014 val_metric_name=roc_auc val_metric=0.9112
Step 1750 | loss 0.2643 | val_acc=0.8632 val_roc_auc=0.9115 val_loss=0.3012 val_metric_name=roc_auc val_metric=0.9115
Step 1800 | loss 0.2601 | val_acc=0.8628 val_roc_auc=0.9113 val_loss=0.3012 val_metric_name=roc_auc val_metric=0.9113
Step 1850 | loss 0.2599 | val_acc=0.8632 val_roc_auc=0.9114 val_loss=0.3019 val_metric_name=roc_auc val_metric=0.9114
Step 1900 | loss 0.2603 | val_acc=0.8640 val_roc_auc=0.9112 val_loss=0.3035 val_metric_name=roc_auc val_metric=0.9112
Step 1950 | loss 0.2564 | val_acc=0.8656 val_roc_auc=0.9113 val_loss=0.3021 val_metric_name=roc_auc val_metric=0.9113
Step 2000 | loss 0.2576 | val_acc=0.8640 val_roc_auc=0.9112 val_loss=0.3029 val_metric_name=roc_auc val_metric=0.9112
Step 2050 | loss 0.2566 | val_acc=0.8644 val_roc_auc=0.9110 val_loss=0.3039 val_metric_name=roc_auc val_metric=0.9110
Step 2100 | loss 0.2565 | val_acc=0.8636 val_roc_auc=0.9108 val_loss=0.3046 val_metric_name=roc_auc val_metric=0.9108
Early stopping at step 2116

--- Final (best ckpt @ step 1810) ---
  train_acc=0.8934 train_roc_auc=0.9427 train_loss=0.2377 train_metric_name=roc_auc train_metric=0.9427
  val_acc=0.8636 val_roc_auc=0.9115 val_loss=0.3013 val_metric_name=roc_auc val_metric=0.9115
  test_acc=0.8712 test_roc_auc=0.9213 test_loss=0.2841 test_metric_name=roc_auc test_metric=0.9213
  test_roc_auc=0.9213

============================================================
Training TABM-minesweeper GAT-sep 4L h=256 lr=3e-05 split=0
============================================================
Training for 5000 steps
Step    1 | loss 1.0445 | val_acc=0.6640 val_roc_auc=0.4012 val_loss=0.6362 val_metric_name=roc_auc val_metric=0.4012
Step   50 | loss 0.4892 | val_acc=0.8008 val_roc_auc=0.7962 val_loss=0.4602 val_metric_name=roc_auc val_metric=0.7962
Step  100 | loss 0.4188 | val_acc=0.8264 val_roc_auc=0.8390 val_loss=0.3927 val_metric_name=roc_auc val_metric=0.8390
Step  150 | loss 0.3806 | val_acc=0.8296 val_roc_auc=0.8677 val_loss=0.3523 val_metric_name=roc_auc val_metric=0.8677
Step  200 | loss 0.3519 | val_acc=0.8324 val_roc_auc=0.8820 val_loss=0.3385 val_metric_name=roc_auc val_metric=0.8820
Step  250 | loss 0.3350 | val_acc=0.8304 val_roc_auc=0.8864 val_loss=0.3403 val_metric_name=roc_auc val_metric=0.8864
Step  300 | loss 0.3249 | val_acc=0.8324 val_roc_auc=0.8895 val_loss=0.3388 val_metric_name=roc_auc val_metric=0.8895
Step  350 | loss 0.3131 | val_acc=0.8344 val_roc_auc=0.8917 val_loss=0.3353 val_metric_name=roc_auc val_metric=0.8917
Step  400 | loss 0.3047 | val_acc=0.8332 val_roc_auc=0.8935 val_loss=0.3331 val_metric_name=roc_auc val_metric=0.8935
Step  450 | loss 0.3051 | val_acc=0.8352 val_roc_auc=0.8952 val_loss=0.3302 val_metric_name=roc_auc val_metric=0.8952
Step  500 | loss 0.2966 | val_acc=0.8352 val_roc_auc=0.8968 val_loss=0.3281 val_metric_name=roc_auc val_metric=0.8968
Step  550 | loss 0.2931 | val_acc=0.8408 val_roc_auc=0.8984 val_loss=0.3245 val_metric_name=roc_auc val_metric=0.8984
Step  600 | loss 0.2935 | val_acc=0.8448 val_roc_auc=0.9001 val_loss=0.3204 val_metric_name=roc_auc val_metric=0.9001
Step  650 | loss 0.2884 | val_acc=0.8456 val_roc_auc=0.9020 val_loss=0.3168 val_metric_name=roc_auc val_metric=0.9020
Step  700 | loss 0.2839 | val_acc=0.8476 val_roc_auc=0.9043 val_loss=0.3105 val_metric_name=roc_auc val_metric=0.9043
Step  750 | loss 0.2799 | val_acc=0.8504 val_roc_auc=0.9066 val_loss=0.3055 val_metric_name=roc_auc val_metric=0.9066
Step  800 | loss 0.2781 | val_acc=0.8552 val_roc_auc=0.9091 val_loss=0.2992 val_metric_name=roc_auc val_metric=0.9091
Step  850 | loss 0.2716 | val_acc=0.8624 val_roc_auc=0.9119 val_loss=0.2927 val_metric_name=roc_auc val_metric=0.9119
Step  900 | loss 0.2700 | val_acc=0.8648 val_roc_auc=0.9152 val_loss=0.2874 val_metric_name=roc_auc val_metric=0.9152
Step  950 | loss 0.2628 | val_acc=0.8672 val_roc_auc=0.9177 val_loss=0.2838 val_metric_name=roc_auc val_metric=0.9177
Step 1000 | loss 0.2603 | val_acc=0.8740 val_roc_auc=0.9200 val_loss=0.2819 val_metric_name=roc_auc val_metric=0.9200
Step 1050 | loss 0.2575 | val_acc=0.8732 val_roc_auc=0.9223 val_loss=0.2789 val_metric_name=roc_auc val_metric=0.9223
Step 1100 | loss 0.2521 | val_acc=0.8764 val_roc_auc=0.9241 val_loss=0.2762 val_metric_name=roc_auc val_metric=0.9241
Step 1150 | loss 0.2501 | val_acc=0.8760 val_roc_auc=0.9253 val_loss=0.2750 val_metric_name=roc_auc val_metric=0.9253
Step 1200 | loss 0.2472 | val_acc=0.8764 val_roc_auc=0.9263 val_loss=0.2753 val_metric_name=roc_auc val_metric=0.9263
Step 1250 | loss 0.2420 | val_acc=0.8764 val_roc_auc=0.9267 val_loss=0.2755 val_metric_name=roc_auc val_metric=0.9267
Step 1300 | loss 0.2408 | val_acc=0.8764 val_roc_auc=0.9278 val_loss=0.2725 val_metric_name=roc_auc val_metric=0.9278
Step 1350 | loss 0.2398 | val_acc=0.8760 val_roc_auc=0.9282 val_loss=0.2734 val_metric_name=roc_auc val_metric=0.9282
Step 1400 | loss 0.2363 | val_acc=0.8780 val_roc_auc=0.9286 val_loss=0.2723 val_metric_name=roc_auc val_metric=0.9286
Step 1450 | loss 0.2358 | val_acc=0.8760 val_roc_auc=0.9281 val_loss=0.2754 val_metric_name=roc_auc val_metric=0.9281
Step 1500 | loss 0.2300 | val_acc=0.8780 val_roc_auc=0.9281 val_loss=0.2755 val_metric_name=roc_auc val_metric=0.9281
Step 1550 | loss 0.2308 | val_acc=0.8768 val_roc_auc=0.9287 val_loss=0.2738 val_metric_name=roc_auc val_metric=0.9287
Step 1600 | loss 0.2276 | val_acc=0.8756 val_roc_auc=0.9280 val_loss=0.2771 val_metric_name=roc_auc val_metric=0.9280
Step 1650 | loss 0.2272 | val_acc=0.8756 val_roc_auc=0.9277 val_loss=0.2794 val_metric_name=roc_auc val_metric=0.9277
Step 1700 | loss 0.2269 | val_acc=0.8764 val_roc_auc=0.9277 val_loss=0.2803 val_metric_name=roc_auc val_metric=0.9277
Step 1750 | loss 0.2241 | val_acc=0.8740 val_roc_auc=0.9272 val_loss=0.2813 val_metric_name=roc_auc val_metric=0.9272
Step 1800 | loss 0.2222 | val_acc=0.8752 val_roc_auc=0.9266 val_loss=0.2834 val_metric_name=roc_auc val_metric=0.9266
Step 1850 | loss 0.2214 | val_acc=0.8740 val_roc_auc=0.9262 val_loss=0.2867 val_metric_name=roc_auc val_metric=0.9262
Early stopping at step 1850

--- Final (best ckpt @ step 1550) ---
  train_acc=0.9108 train_roc_auc=0.9611 train_loss=0.1972 train_metric_name=roc_auc train_metric=0.9611
  val_acc=0.8768 val_roc_auc=0.9287 val_loss=0.2738 val_metric_name=roc_auc val_metric=0.9287
  test_acc=0.8892 test_roc_auc=0.9384 test_loss=0.2534 test_metric_name=roc_auc test_metric=0.9384
  test_roc_auc=0.9384

============================================================
Training TABM-minesweeper GAT-sep 4L h=256 lr=6e-05 split=0
============================================================
Training for 5000 steps
Step    1 | loss 1.0445 | val_acc=0.7968 val_roc_auc=0.4138 val_loss=0.5672 val_metric_name=roc_auc val_metric=0.4138
Step   50 | loss 0.4435 | val_acc=0.8208 val_roc_auc=0.8253 val_loss=0.4036 val_metric_name=roc_auc val_metric=0.8253
Step  100 | loss 0.3612 | val_acc=0.8284 val_roc_auc=0.8750 val_loss=0.3432 val_metric_name=roc_auc val_metric=0.8750
Step  150 | loss 0.3320 | val_acc=0.8316 val_roc_auc=0.8865 val_loss=0.3413 val_metric_name=roc_auc val_metric=0.8865
Step  200 | loss 0.3167 | val_acc=0.8324 val_roc_auc=0.8912 val_loss=0.3366 val_metric_name=roc_auc val_metric=0.8912
Step  250 | loss 0.3064 | val_acc=0.8352 val_roc_auc=0.8943 val_loss=0.3329 val_metric_name=roc_auc val_metric=0.8943
Step  300 | loss 0.3001 | val_acc=0.8368 val_roc_auc=0.8971 val_loss=0.3266 val_metric_name=roc_auc val_metric=0.8971
Step  350 | loss 0.2903 | val_acc=0.8436 val_roc_auc=0.9000 val_loss=0.3205 val_metric_name=roc_auc val_metric=0.9000
Step  400 | loss 0.2828 | val_acc=0.8456 val_roc_auc=0.9029 val_loss=0.3138 val_metric_name=roc_auc val_metric=0.9029
Step  450 | loss 0.2817 | val_acc=0.8496 val_roc_auc=0.9067 val_loss=0.3048 val_metric_name=roc_auc val_metric=0.9067
Step  500 | loss 0.2723 | val_acc=0.8616 val_roc_auc=0.9113 val_loss=0.2942 val_metric_name=roc_auc val_metric=0.9113
Step  550 | loss 0.2651 | val_acc=0.8648 val_roc_auc=0.9165 val_loss=0.2857 val_metric_name=roc_auc val_metric=0.9165
Step  600 | loss 0.2608 | val_acc=0.8724 val_roc_auc=0.9207 val_loss=0.2811 val_metric_name=roc_auc val_metric=0.9207
Step  650 | loss 0.2535 | val_acc=0.8720 val_roc_auc=0.9235 val_loss=0.2792 val_metric_name=roc_auc val_metric=0.9235
Step  700 | loss 0.2468 | val_acc=0.8760 val_roc_auc=0.9257 val_loss=0.2767 val_metric_name=roc_auc val_metric=0.9257
Step  750 | loss 0.2413 | val_acc=0.8748 val_roc_auc=0.9276 val_loss=0.2726 val_metric_name=roc_auc val_metric=0.9276
Step  800 | loss 0.2387 | val_acc=0.8760 val_roc_auc=0.9286 val_loss=0.2718 val_metric_name=roc_auc val_metric=0.9286
Step  850 | loss 0.2319 | val_acc=0.8768 val_roc_auc=0.9288 val_loss=0.2737 val_metric_name=roc_auc val_metric=0.9288
Step  900 | loss 0.2317 | val_acc=0.8744 val_roc_auc=0.9288 val_loss=0.2741 val_metric_name=roc_auc val_metric=0.9288
Step  950 | loss 0.2262 | val_acc=0.8736 val_roc_auc=0.9280 val_loss=0.2783 val_metric_name=roc_auc val_metric=0.9280
Step 1000 | loss 0.2258 | val_acc=0.8780 val_roc_auc=0.9278 val_loss=0.2810 val_metric_name=roc_auc val_metric=0.9278
Step 1050 | loss 0.2246 | val_acc=0.8752 val_roc_auc=0.9270 val_loss=0.2839 val_metric_name=roc_auc val_metric=0.9270
Step 1100 | loss 0.2185 | val_acc=0.8732 val_roc_auc=0.9256 val_loss=0.2899 val_metric_name=roc_auc val_metric=0.9256
Step 1150 | loss 0.2156 | val_acc=0.8728 val_roc_auc=0.9244 val_loss=0.2937 val_metric_name=roc_auc val_metric=0.9244
Early stopping at step 1198

--- Final (best ckpt @ step 860) ---
  train_acc=0.9098 train_roc_auc=0.9592 train_loss=0.2021 train_metric_name=roc_auc train_metric=0.9592
  val_acc=0.8760 val_roc_auc=0.9289 val_loss=0.2751 val_metric_name=roc_auc val_metric=0.9289
  test_acc=0.8908 test_roc_auc=0.9379 test_loss=0.2546 test_metric_name=roc_auc test_metric=0.9379
  test_roc_auc=0.9379

============================================================
Training TABM-minesweeper GAT-sep 4L h=256 lr=0.0001 split=0
============================================================
Training for 5000 steps
Step    1 | loss 1.0445 | val_acc=0.8000 val_roc_auc=0.4253 val_loss=0.6785 val_metric_name=roc_auc val_metric=0.4253
Step   50 | loss 0.4055 | val_acc=0.8292 val_roc_auc=0.8506 val_loss=0.3738 val_metric_name=roc_auc val_metric=0.8506
Step  100 | loss 0.3303 | val_acc=0.8296 val_roc_auc=0.8853 val_loss=0.3422 val_metric_name=roc_auc val_metric=0.8853
Step  150 | loss 0.3123 | val_acc=0.8324 val_roc_auc=0.8922 val_loss=0.3350 val_metric_name=roc_auc val_metric=0.8922
Step  200 | loss 0.3005 | val_acc=0.8360 val_roc_auc=0.8962 val_loss=0.3290 val_metric_name=roc_auc val_metric=0.8962
Step  250 | loss 0.2908 | val_acc=0.8444 val_roc_auc=0.9001 val_loss=0.3209 val_metric_name=roc_auc val_metric=0.9001
Step  300 | loss 0.2844 | val_acc=0.8484 val_roc_auc=0.9046 val_loss=0.3095 val_metric_name=roc_auc val_metric=0.9046
Step  350 | loss 0.2733 | val_acc=0.8628 val_roc_auc=0.9106 val_loss=0.2949 val_metric_name=roc_auc val_metric=0.9106
Step  400 | loss 0.2614 | val_acc=0.8696 val_roc_auc=0.9179 val_loss=0.2836 val_metric_name=roc_auc val_metric=0.9179
Step  450 | loss 0.2539 | val_acc=0.8732 val_roc_auc=0.9233 val_loss=0.2783 val_metric_name=roc_auc val_metric=0.9233
Step  500 | loss 0.2430 | val_acc=0.8760 val_roc_auc=0.9270 val_loss=0.2744 val_metric_name=roc_auc val_metric=0.9270
Step  550 | loss 0.2358 | val_acc=0.8776 val_roc_auc=0.9282 val_loss=0.2732 val_metric_name=roc_auc val_metric=0.9282
Step  600 | loss 0.2355 | val_acc=0.8748 val_roc_auc=0.9287 val_loss=0.2753 val_metric_name=roc_auc val_metric=0.9287
Step  650 | loss 0.2298 | val_acc=0.8768 val_roc_auc=0.9283 val_loss=0.2776 val_metric_name=roc_auc val_metric=0.9283
Step  700 | loss 0.2244 | val_acc=0.8748 val_roc_auc=0.9273 val_loss=0.2830 val_metric_name=roc_auc val_metric=0.9273
Step  750 | loss 0.2196 | val_acc=0.8700 val_roc_auc=0.9266 val_loss=0.2867 val_metric_name=roc_auc val_metric=0.9266
Step  800 | loss 0.2154 | val_acc=0.8684 val_roc_auc=0.9247 val_loss=0.2919 val_metric_name=roc_auc val_metric=0.9247
Step  850 | loss 0.2090 | val_acc=0.8720 val_roc_auc=0.9234 val_loss=0.3007 val_metric_name=roc_auc val_metric=0.9234
Step  900 | loss 0.2075 | val_acc=0.8740 val_roc_auc=0.9212 val_loss=0.3090 val_metric_name=roc_auc val_metric=0.9212
Early stopping at step 912

--- Final (best ckpt @ step 610) ---
  train_acc=0.9104 train_roc_auc=0.9607 train_loss=0.1989 train_metric_name=roc_auc train_metric=0.9607
  val_acc=0.8740 val_roc_auc=0.9293 val_loss=0.2739 val_metric_name=roc_auc val_metric=0.9293
  test_acc=0.8904 test_roc_auc=0.9383 test_loss=0.2546 test_metric_name=roc_auc test_metric=0.9383
  test_roc_auc=0.9383

============================================================
Training TABM-minesweeper GAT-sep 4L h=256 lr=1e-05 split=0
============================================================
Training for 5000 steps
Step    1 | loss 1.0445 | val_acc=0.4288 val_roc_auc=0.3916 val_loss=0.8090 val_metric_name=roc_auc val_metric=0.3916
Step   50 | loss 0.5541 | val_acc=0.8000 val_roc_auc=0.7464 val_loss=0.5553 val_metric_name=roc_auc val_metric=0.7464
Step  100 | loss 0.5004 | val_acc=0.8008 val_roc_auc=0.7874 val_loss=0.4865 val_metric_name=roc_auc val_metric=0.7874
Step  150 | loss 0.4742 | val_acc=0.8052 val_roc_auc=0.8067 val_loss=0.4435 val_metric_name=roc_auc val_metric=0.8067
Step  200 | loss 0.4496 | val_acc=0.8196 val_roc_auc=0.8248 val_loss=0.4152 val_metric_name=roc_auc val_metric=0.8248
Step  250 | loss 0.4260 | val_acc=0.8260 val_roc_auc=0.8404 val_loss=0.3939 val_metric_name=roc_auc val_metric=0.8404
Step  300 | loss 0.4074 | val_acc=0.8328 val_roc_auc=0.8530 val_loss=0.3757 val_metric_name=roc_auc val_metric=0.8530
Step  350 | loss 0.3878 | val_acc=0.8336 val_roc_auc=0.8630 val_loss=0.3599 val_metric_name=roc_auc val_metric=0.8630
Step  400 | loss 0.3718 | val_acc=0.8304 val_roc_auc=0.8713 val_loss=0.3472 val_metric_name=roc_auc val_metric=0.8713
Step  450 | loss 0.3631 | val_acc=0.8296 val_roc_auc=0.8778 val_loss=0.3402 val_metric_name=roc_auc val_metric=0.8778
Step  500 | loss 0.3518 | val_acc=0.8340 val_roc_auc=0.8819 val_loss=0.3379 val_metric_name=roc_auc val_metric=0.8819
Step  550 | loss 0.3430 | val_acc=0.8340 val_roc_auc=0.8842 val_loss=0.3377 val_metric_name=roc_auc val_metric=0.8842
Step  600 | loss 0.3399 | val_acc=0.8332 val_roc_auc=0.8857 val_loss=0.3381 val_metric_name=roc_auc val_metric=0.8857
Step  650 | loss 0.3338 | val_acc=0.8336 val_roc_auc=0.8871 val_loss=0.3385 val_metric_name=roc_auc val_metric=0.8871
Step  700 | loss 0.3268 | val_acc=0.8328 val_roc_auc=0.8885 val_loss=0.3386 val_metric_name=roc_auc val_metric=0.8885
Step  750 | loss 0.3226 | val_acc=0.8316 val_roc_auc=0.8895 val_loss=0.3379 val_metric_name=roc_auc val_metric=0.8895
Step  800 | loss 0.3200 | val_acc=0.8324 val_roc_auc=0.8905 val_loss=0.3377 val_metric_name=roc_auc val_metric=0.8905
Step  850 | loss 0.3161 | val_acc=0.8324 val_roc_auc=0.8914 val_loss=0.3366 val_metric_name=roc_auc val_metric=0.8914
Step  900 | loss 0.3141 | val_acc=0.8340 val_roc_auc=0.8921 val_loss=0.3352 val_metric_name=roc_auc val_metric=0.8921
Step  950 | loss 0.3090 | val_acc=0.8324 val_roc_auc=0.8930 val_loss=0.3340 val_metric_name=roc_auc val_metric=0.8930
Step 1000 | loss 0.3095 | val_acc=0.8332 val_roc_auc=0.8937 val_loss=0.3325 val_metric_name=roc_auc val_metric=0.8937
Step 1050 | loss 0.3086 | val_acc=0.8344 val_roc_auc=0.8943 val_loss=0.3318 val_metric_name=roc_auc val_metric=0.8943
Step 1100 | loss 0.3043 | val_acc=0.8352 val_roc_auc=0.8951 val_loss=0.3308 val_metric_name=roc_auc val_metric=0.8951
Step 1150 | loss 0.3021 | val_acc=0.8356 val_roc_auc=0.8958 val_loss=0.3296 val_metric_name=roc_auc val_metric=0.8958
Step 1200 | loss 0.3005 | val_acc=0.8340 val_roc_auc=0.8965 val_loss=0.3289 val_metric_name=roc_auc val_metric=0.8965
Step 1250 | loss 0.2991 | val_acc=0.8360 val_roc_auc=0.8971 val_loss=0.3279 val_metric_name=roc_auc val_metric=0.8971
Step 1300 | loss 0.2993 | val_acc=0.8400 val_roc_auc=0.8978 val_loss=0.3267 val_metric_name=roc_auc val_metric=0.8978
Step 1350 | loss 0.2978 | val_acc=0.8420 val_roc_auc=0.8984 val_loss=0.3252 val_metric_name=roc_auc val_metric=0.8984
Step 1400 | loss 0.2957 | val_acc=0.8420 val_roc_auc=0.8991 val_loss=0.3244 val_metric_name=roc_auc val_metric=0.8991
Step 1450 | loss 0.2910 | val_acc=0.8448 val_roc_auc=0.8998 val_loss=0.3227 val_metric_name=roc_auc val_metric=0.8998
Step 1500 | loss 0.2905 | val_acc=0.8448 val_roc_auc=0.9005 val_loss=0.3211 val_metric_name=roc_auc val_metric=0.9005
Step 1550 | loss 0.2896 | val_acc=0.8452 val_roc_auc=0.9012 val_loss=0.3192 val_metric_name=roc_auc val_metric=0.9012
Step 1600 | loss 0.2854 | val_acc=0.8456 val_roc_auc=0.9020 val_loss=0.3174 val_metric_name=roc_auc val_metric=0.9020
Step 1650 | loss 0.2869 | val_acc=0.8484 val_roc_auc=0.9029 val_loss=0.3152 val_metric_name=roc_auc val_metric=0.9029
Step 1700 | loss 0.2869 | val_acc=0.8468 val_roc_auc=0.9039 val_loss=0.3130 val_metric_name=roc_auc val_metric=0.9039
Step 1750 | loss 0.2839 | val_acc=0.8476 val_roc_auc=0.9048 val_loss=0.3106 val_metric_name=roc_auc val_metric=0.9048
Step 1800 | loss 0.2827 | val_acc=0.8472 val_roc_auc=0.9059 val_loss=0.3076 val_metric_name=roc_auc val_metric=0.9059
Step 1850 | loss 0.2810 | val_acc=0.8508 val_roc_auc=0.9070 val_loss=0.3049 val_metric_name=roc_auc val_metric=0.9070
Step 1900 | loss 0.2823 | val_acc=0.8524 val_roc_auc=0.9082 val_loss=0.3019 val_metric_name=roc_auc val_metric=0.9082
Step 1950 | loss 0.2788 | val_acc=0.8552 val_roc_auc=0.9094 val_loss=0.2991 val_metric_name=roc_auc val_metric=0.9094
Step 2000 | loss 0.2763 | val_acc=0.8612 val_roc_auc=0.9106 val_loss=0.2962 val_metric_name=roc_auc val_metric=0.9106
Step 2050 | loss 0.2759 | val_acc=0.8628 val_roc_auc=0.9121 val_loss=0.2929 val_metric_name=roc_auc val_metric=0.9121
Step 2100 | loss 0.2712 | val_acc=0.8628 val_roc_auc=0.9133 val_loss=0.2909 val_metric_name=roc_auc val_metric=0.9133
Step 2150 | loss 0.2709 | val_acc=0.8652 val_roc_auc=0.9146 val_loss=0.2885 val_metric_name=roc_auc val_metric=0.9146
Step 2200 | loss 0.2702 | val_acc=0.8652 val_roc_auc=0.9158 val_loss=0.2866 val_metric_name=roc_auc val_metric=0.9158
Step 2250 | loss 0.2678 | val_acc=0.8648 val_roc_auc=0.9170 val_loss=0.2852 val_metric_name=roc_auc val_metric=0.9170
Step 2300 | loss 0.2666 | val_acc=0.8660 val_roc_auc=0.9179 val_loss=0.2838 val_metric_name=roc_auc val_metric=0.9179
Step 2350 | loss 0.2640 | val_acc=0.8692 val_roc_auc=0.9191 val_loss=0.2822 val_metric_name=roc_auc val_metric=0.9191
Step 2400 | loss 0.2604 | val_acc=0.8716 val_roc_auc=0.9198 val_loss=0.2817 val_metric_name=roc_auc val_metric=0.9198
Step 2450 | loss 0.2590 | val_acc=0.8736 val_roc_auc=0.9207 val_loss=0.2811 val_metric_name=roc_auc val_metric=0.9207
Step 2500 | loss 0.2581 | val_acc=0.8740 val_roc_auc=0.9219 val_loss=0.2789 val_metric_name=roc_auc val_metric=0.9219
Step 2550 | loss 0.2536 | val_acc=0.8740 val_roc_auc=0.9225 val_loss=0.2786 val_metric_name=roc_auc val_metric=0.9225
Step 2600 | loss 0.2542 | val_acc=0.8748 val_roc_auc=0.9231 val_loss=0.2786 val_metric_name=roc_auc val_metric=0.9231
Step 2650 | loss 0.2529 | val_acc=0.8752 val_roc_auc=0.9238 val_loss=0.2768 val_metric_name=roc_auc val_metric=0.9238
Step 2700 | loss 0.2522 | val_acc=0.8768 val_roc_auc=0.9245 val_loss=0.2761 val_metric_name=roc_auc val_metric=0.9245
Step 2750 | loss 0.2500 | val_acc=0.8764 val_roc_auc=0.9252 val_loss=0.2750 val_metric_name=roc_auc val_metric=0.9252
Step 2800 | loss 0.2486 | val_acc=0.8772 val_roc_auc=0.9258 val_loss=0.2738 val_metric_name=roc_auc val_metric=0.9258
Step 2850 | loss 0.2468 | val_acc=0.8764 val_roc_auc=0.9262 val_loss=0.2741 val_metric_name=roc_auc val_metric=0.9262
Step 2900 | loss 0.2474 | val_acc=0.8764 val_roc_auc=0.9265 val_loss=0.2742 val_metric_name=roc_auc val_metric=0.9265
Step 2950 | loss 0.2433 | val_acc=0.8756 val_roc_auc=0.9268 val_loss=0.2741 val_metric_name=roc_auc val_metric=0.9268
Step 3000 | loss 0.2437 | val_acc=0.8764 val_roc_auc=0.9272 val_loss=0.2732 val_metric_name=roc_auc val_metric=0.9272
Step 3050 | loss 0.2425 | val_acc=0.8752 val_roc_auc=0.9275 val_loss=0.2731 val_metric_name=roc_auc val_metric=0.9275
Step 3100 | loss 0.2415 | val_acc=0.8756 val_roc_auc=0.9277 val_loss=0.2737 val_metric_name=roc_auc val_metric=0.9277
Step 3150 | loss 0.2405 | val_acc=0.8772 val_roc_auc=0.9278 val_loss=0.2742 val_metric_name=roc_auc val_metric=0.9278
Step 3200 | loss 0.2396 | val_acc=0.8764 val_roc_auc=0.9279 val_loss=0.2732 val_metric_name=roc_auc val_metric=0.9279
Step 3250 | loss 0.2377 | val_acc=0.8772 val_roc_auc=0.9282 val_loss=0.2730 val_metric_name=roc_auc val_metric=0.9282
Step 3300 | loss 0.2339 | val_acc=0.8780 val_roc_auc=0.9284 val_loss=0.2725 val_metric_name=roc_auc val_metric=0.9284
Step 3350 | loss 0.2341 | val_acc=0.8784 val_roc_auc=0.9285 val_loss=0.2722 val_metric_name=roc_auc val_metric=0.9285
Step 3400 | loss 0.2361 | val_acc=0.8776 val_roc_auc=0.9282 val_loss=0.2738 val_metric_name=roc_auc val_metric=0.9282
Step 3450 | loss 0.2365 | val_acc=0.8764 val_roc_auc=0.9281 val_loss=0.2747 val_metric_name=roc_auc val_metric=0.9281
Step 3500 | loss 0.2323 | val_acc=0.8768 val_roc_auc=0.9284 val_loss=0.2738 val_metric_name=roc_auc val_metric=0.9284
Step 3550 | loss 0.2321 | val_acc=0.8776 val_roc_auc=0.9284 val_loss=0.2744 val_metric_name=roc_auc val_metric=0.9284
Step 3600 | loss 0.2308 | val_acc=0.8776 val_roc_auc=0.9282 val_loss=0.2753 val_metric_name=roc_auc val_metric=0.9282
Step 3650 | loss 0.2294 | val_acc=0.8768 val_roc_auc=0.9282 val_loss=0.2758 val_metric_name=roc_auc val_metric=0.9282
Step 3700 | loss 0.2303 | val_acc=0.8768 val_roc_auc=0.9284 val_loss=0.2751 val_metric_name=roc_auc val_metric=0.9284
Step 3750 | loss 0.2270 | val_acc=0.8756 val_roc_auc=0.9281 val_loss=0.2769 val_metric_name=roc_auc val_metric=0.9281
Step 3800 | loss 0.2277 | val_acc=0.8776 val_roc_auc=0.9283 val_loss=0.2762 val_metric_name=roc_auc val_metric=0.9283
Step 3850 | loss 0.2266 | val_acc=0.8772 val_roc_auc=0.9278 val_loss=0.2783 val_metric_name=roc_auc val_metric=0.9278
Step 3900 | loss 0.2273 | val_acc=0.8748 val_roc_auc=0.9277 val_loss=0.2791 val_metric_name=roc_auc val_metric=0.9277
Step 3950 | loss 0.2287 | val_acc=0.8772 val_roc_auc=0.9277 val_loss=0.2785 val_metric_name=roc_auc val_metric=0.9277
Early stopping at step 3963

--- Final (best ckpt @ step 3630) ---
  train_acc=0.9110 train_roc_auc=0.9609 train_loss=0.1977 train_metric_name=roc_auc train_metric=0.9609
  val_acc=0.8780 val_roc_auc=0.9286 val_loss=0.2738 val_metric_name=roc_auc val_metric=0.9286
  test_acc=0.8904 test_roc_auc=0.9385 test_loss=0.2524 test_metric_name=roc_auc test_metric=0.9385
  test_roc_auc=0.9385

============================================================
Training TABM-minesweeper GAT-sep 4L h=384 lr=3e-05 split=0
============================================================
Training for 5000 steps
Step    1 | loss 0.8841 | val_acc=0.7992 val_roc_auc=0.5143 val_loss=0.5173 val_metric_name=roc_auc val_metric=0.5143
Step   50 | loss 0.4182 | val_acc=0.8280 val_roc_auc=0.8495 val_loss=0.3766 val_metric_name=roc_auc val_metric=0.8495
Step  100 | loss 0.3580 | val_acc=0.8340 val_roc_auc=0.8807 val_loss=0.3429 val_metric_name=roc_auc val_metric=0.8807
Step  150 | loss 0.3285 | val_acc=0.8320 val_roc_auc=0.8871 val_loss=0.3506 val_metric_name=roc_auc val_metric=0.8871
Step  200 | loss 0.3135 | val_acc=0.8256 val_roc_auc=0.8922 val_loss=0.3441 val_metric_name=roc_auc val_metric=0.8922
Step  250 | loss 0.3019 | val_acc=0.8324 val_roc_auc=0.8962 val_loss=0.3364 val_metric_name=roc_auc val_metric=0.8962
Step  300 | loss 0.2948 | val_acc=0.8396 val_roc_auc=0.8999 val_loss=0.3287 val_metric_name=roc_auc val_metric=0.8999
Step  350 | loss 0.2891 | val_acc=0.8448 val_roc_auc=0.9031 val_loss=0.3208 val_metric_name=roc_auc val_metric=0.9031
Step  400 | loss 0.2813 | val_acc=0.8516 val_roc_auc=0.9073 val_loss=0.3099 val_metric_name=roc_auc val_metric=0.9073
Step  450 | loss 0.2764 | val_acc=0.8624 val_roc_auc=0.9118 val_loss=0.2964 val_metric_name=roc_auc val_metric=0.9118
Step  500 | loss 0.2693 | val_acc=0.8656 val_roc_auc=0.9157 val_loss=0.2880 val_metric_name=roc_auc val_metric=0.9157
Step  550 | loss 0.2647 | val_acc=0.8680 val_roc_auc=0.9195 val_loss=0.2821 val_metric_name=roc_auc val_metric=0.9195
Step  600 | loss 0.2577 | val_acc=0.8748 val_roc_auc=0.9223 val_loss=0.2791 val_metric_name=roc_auc val_metric=0.9223
Step  650 | loss 0.2490 | val_acc=0.8744 val_roc_auc=0.9247 val_loss=0.2768 val_metric_name=roc_auc val_metric=0.9247
Step  700 | loss 0.2477 | val_acc=0.8756 val_roc_auc=0.9264 val_loss=0.2752 val_metric_name=roc_auc val_metric=0.9264
Step  750 | loss 0.2404 | val_acc=0.8792 val_roc_auc=0.9275 val_loss=0.2755 val_metric_name=roc_auc val_metric=0.9275
Step  800 | loss 0.2382 | val_acc=0.8776 val_roc_auc=0.9278 val_loss=0.2778 val_metric_name=roc_auc val_metric=0.9278
Step  850 | loss 0.2357 | val_acc=0.8780 val_roc_auc=0.9283 val_loss=0.2776 val_metric_name=roc_auc val_metric=0.9283
Step  900 | loss 0.2285 | val_acc=0.8740 val_roc_auc=0.9279 val_loss=0.2803 val_metric_name=roc_auc val_metric=0.9279
Step  950 | loss 0.2279 | val_acc=0.8740 val_roc_auc=0.9280 val_loss=0.2802 val_metric_name=roc_auc val_metric=0.9280
Step 1000 | loss 0.2260 | val_acc=0.8748 val_roc_auc=0.9272 val_loss=0.2837 val_metric_name=roc_auc val_metric=0.9272
Step 1050 | loss 0.2224 | val_acc=0.8720 val_roc_auc=0.9269 val_loss=0.2863 val_metric_name=roc_auc val_metric=0.9269
Step 1100 | loss 0.2223 | val_acc=0.8728 val_roc_auc=0.9267 val_loss=0.2882 val_metric_name=roc_auc val_metric=0.9267
Step 1150 | loss 0.2160 | val_acc=0.8716 val_roc_auc=0.9248 val_loss=0.2932 val_metric_name=roc_auc val_metric=0.9248
Early stopping at step 1190

--- Final (best ckpt @ step 890) ---
  train_acc=0.9112 train_roc_auc=0.9591 train_loss=0.2020 train_metric_name=roc_auc train_metric=0.9591
  val_acc=0.8780 val_roc_auc=0.9288 val_loss=0.2772 val_metric_name=roc_auc val_metric=0.9288
  test_acc=0.8908 test_roc_auc=0.9372 test_loss=0.2585 test_metric_name=roc_auc test_metric=0.9372
  test_roc_auc=0.9372

============================================================
Training TABM-minesweeper GAT-sep 4L h=384 lr=6e-05 split=0
============================================================
Training for 5000 steps
Step    1 | loss 0.8841 | val_acc=0.8000 val_roc_auc=0.5279 val_loss=0.7225 val_metric_name=roc_auc val_metric=0.5279
Step   50 | loss 0.3707 | val_acc=0.8316 val_roc_auc=0.8732 val_loss=0.3463 val_metric_name=roc_auc val_metric=0.8732
Step  100 | loss 0.3259 | val_acc=0.8304 val_roc_auc=0.8881 val_loss=0.3492 val_metric_name=roc_auc val_metric=0.8881
Step  150 | loss 0.3048 | val_acc=0.8300 val_roc_auc=0.8956 val_loss=0.3396 val_metric_name=roc_auc val_metric=0.8956
Step  200 | loss 0.2929 | val_acc=0.8440 val_roc_auc=0.9013 val_loss=0.3262 val_metric_name=roc_auc val_metric=0.9013
Step  250 | loss 0.2817 | val_acc=0.8484 val_roc_auc=0.9070 val_loss=0.3132 val_metric_name=roc_auc val_metric=0.9070
Step  300 | loss 0.2722 | val_acc=0.8648 val_roc_auc=0.9142 val_loss=0.2914 val_metric_name=roc_auc val_metric=0.9142
Step  350 | loss 0.2631 | val_acc=0.8692 val_roc_auc=0.9196 val_loss=0.2826 val_metric_name=roc_auc val_metric=0.9196
Step  400 | loss 0.2508 | val_acc=0.8756 val_roc_auc=0.9236 val_loss=0.2791 val_metric_name=roc_auc val_metric=0.9236
Step  450 | loss 0.2439 | val_acc=0.8776 val_roc_auc=0.9265 val_loss=0.2775 val_metric_name=roc_auc val_metric=0.9265
Step  500 | loss 0.2377 | val_acc=0.8768 val_roc_auc=0.9283 val_loss=0.2754 val_metric_name=roc_auc val_metric=0.9283
Step  550 | loss 0.2324 | val_acc=0.8756 val_roc_auc=0.9286 val_loss=0.2767 val_metric_name=roc_auc val_metric=0.9286
Step  600 | loss 0.2275 | val_acc=0.8748 val_roc_auc=0.9278 val_loss=0.2817 val_metric_name=roc_auc val_metric=0.9278
Step  650 | loss 0.2209 | val_acc=0.8732 val_roc_auc=0.9265 val_loss=0.2859 val_metric_name=roc_auc val_metric=0.9265
Step  700 | loss 0.2206 | val_acc=0.8708 val_roc_auc=0.9259 val_loss=0.2890 val_metric_name=roc_auc val_metric=0.9259
Step  750 | loss 0.2128 | val_acc=0.8708 val_roc_auc=0.9240 val_loss=0.2967 val_metric_name=roc_auc val_metric=0.9240
Step  800 | loss 0.2120 | val_acc=0.8680 val_roc_auc=0.9214 val_loss=0.3068 val_metric_name=roc_auc val_metric=0.9214
Step  850 | loss 0.2062 | val_acc=0.8692 val_roc_auc=0.9208 val_loss=0.3117 val_metric_name=roc_auc val_metric=0.9208
Early stopping at step 877

--- Final (best ckpt @ step 540) ---
  train_acc=0.9124 train_roc_auc=0.9593 train_loss=0.2021 train_metric_name=roc_auc train_metric=0.9593
  val_acc=0.8768 val_roc_auc=0.9288 val_loss=0.2772 val_metric_name=roc_auc val_metric=0.9288
  test_acc=0.8892 test_roc_auc=0.9373 test_loss=0.2588 test_metric_name=roc_auc test_metric=0.9373
  test_roc_auc=0.9373

============================================================
Training TABM-minesweeper GAT-sep 4L h=384 lr=0.0001 split=0
============================================================
Training for 5000 steps
Step    1 | loss 0.8841 | val_acc=0.8000 val_roc_auc=0.5374 val_loss=1.0930 val_metric_name=roc_auc val_metric=0.5374
Step   50 | loss 0.3425 | val_acc=0.8308 val_roc_auc=0.8820 val_loss=0.3469 val_metric_name=roc_auc val_metric=0.8820
Step  100 | loss 0.3102 | val_acc=0.8292 val_roc_auc=0.8936 val_loss=0.3392 val_metric_name=roc_auc val_metric=0.8936
Step  150 | loss 0.2913 | val_acc=0.8396 val_roc_auc=0.9016 val_loss=0.3282 val_metric_name=roc_auc val_metric=0.9016
Step  200 | loss 0.2792 | val_acc=0.8536 val_roc_auc=0.9091 val_loss=0.3052 val_metric_name=roc_auc val_metric=0.9091
Step  250 | loss 0.2650 | val_acc=0.8680 val_roc_auc=0.9169 val_loss=0.2866 val_metric_name=roc_auc val_metric=0.9169
Step  300 | loss 0.2513 | val_acc=0.8724 val_roc_auc=0.9235 val_loss=0.2780 val_metric_name=roc_auc val_metric=0.9235
Step  350 | loss 0.2428 | val_acc=0.8740 val_roc_auc=0.9274 val_loss=0.2757 val_metric_name=roc_auc val_metric=0.9274
Step  400 | loss 0.2326 | val_acc=0.8760 val_roc_auc=0.9282 val_loss=0.2769 val_metric_name=roc_auc val_metric=0.9282
Step  450 | loss 0.2259 | val_acc=0.8748 val_roc_auc=0.9275 val_loss=0.2839 val_metric_name=roc_auc val_metric=0.9275
Step  500 | loss 0.2188 | val_acc=0.8716 val_roc_auc=0.9254 val_loss=0.2890 val_metric_name=roc_auc val_metric=0.9254
Step  550 | loss 0.2142 | val_acc=0.8696 val_roc_auc=0.9231 val_loss=0.2987 val_metric_name=roc_auc val_metric=0.9231
Step  600 | loss 0.2091 | val_acc=0.8712 val_roc_auc=0.9223 val_loss=0.3066 val_metric_name=roc_auc val_metric=0.9223
Step  650 | loss 0.2027 | val_acc=0.8688 val_roc_auc=0.9203 val_loss=0.3142 val_metric_name=roc_auc val_metric=0.9203
Step  700 | loss 0.1983 | val_acc=0.8672 val_roc_auc=0.9188 val_loss=0.3262 val_metric_name=roc_auc val_metric=0.9188
Early stopping at step 736

--- Final (best ckpt @ step 400) ---
  train_acc=0.9098 train_roc_auc=0.9597 train_loss=0.2001 train_metric_name=roc_auc train_metric=0.9597
  val_acc=0.8760 val_roc_auc=0.9282 val_loss=0.2769 val_metric_name=roc_auc val_metric=0.9282
  test_acc=0.8896 test_roc_auc=0.9376 test_loss=0.2559 test_metric_name=roc_auc test_metric=0.9376
  test_roc_auc=0.9376

============================================================
Training TABM-minesweeper GAT-sep 4L h=384 lr=1e-05 split=0
============================================================
Training for 5000 steps
Step    1 | loss 0.8841 | val_acc=0.7828 val_roc_auc=0.4954 val_loss=0.5680 val_metric_name=roc_auc val_metric=0.4954
Step   50 | loss 0.4924 | val_acc=0.8004 val_roc_auc=0.8058 val_loss=0.4564 val_metric_name=roc_auc val_metric=0.8058
Step  100 | loss 0.4385 | val_acc=0.8224 val_roc_auc=0.8399 val_loss=0.3924 val_metric_name=roc_auc val_metric=0.8399
Step  150 | loss 0.4020 | val_acc=0.8288 val_roc_auc=0.8618 val_loss=0.3605 val_metric_name=roc_auc val_metric=0.8618
Step  200 | loss 0.3731 | val_acc=0.8332 val_roc_auc=0.8750 val_loss=0.3454 val_metric_name=roc_auc val_metric=0.8750
Step  250 | loss 0.3525 | val_acc=0.8324 val_roc_auc=0.8819 val_loss=0.3435 val_metric_name=roc_auc val_metric=0.8819
Step  300 | loss 0.3412 | val_acc=0.8328 val_roc_auc=0.8849 val_loss=0.3476 val_metric_name=roc_auc val_metric=0.8849
Step  350 | loss 0.3291 | val_acc=0.8300 val_roc_auc=0.8868 val_loss=0.3505 val_metric_name=roc_auc val_metric=0.8868
Step  400 | loss 0.3214 | val_acc=0.8288 val_roc_auc=0.8889 val_loss=0.3488 val_metric_name=roc_auc val_metric=0.8889
Step  450 | loss 0.3177 | val_acc=0.8272 val_roc_auc=0.8909 val_loss=0.3450 val_metric_name=roc_auc val_metric=0.8909
Step  500 | loss 0.3108 | val_acc=0.8272 val_roc_auc=0.8927 val_loss=0.3433 val_metric_name=roc_auc val_metric=0.8927
Step  550 | loss 0.3064 | val_acc=0.8300 val_roc_auc=0.8944 val_loss=0.3403 val_metric_name=roc_auc val_metric=0.8944
Step  600 | loss 0.3034 | val_acc=0.8324 val_roc_auc=0.8962 val_loss=0.3359 val_metric_name=roc_auc val_metric=0.8962
Step  650 | loss 0.2964 | val_acc=0.8348 val_roc_auc=0.8976 val_loss=0.3339 val_metric_name=roc_auc val_metric=0.8976
Step  700 | loss 0.2980 | val_acc=0.8380 val_roc_auc=0.8989 val_loss=0.3304 val_metric_name=roc_auc val_metric=0.8989
Step  750 | loss 0.2937 | val_acc=0.8424 val_roc_auc=0.9003 val_loss=0.3272 val_metric_name=roc_auc val_metric=0.9003
Step  800 | loss 0.2902 | val_acc=0.8424 val_roc_auc=0.9019 val_loss=0.3238 val_metric_name=roc_auc val_metric=0.9019
Step  850 | loss 0.2898 | val_acc=0.8476 val_roc_auc=0.9036 val_loss=0.3191 val_metric_name=roc_auc val_metric=0.9036
Step  900 | loss 0.2850 | val_acc=0.8484 val_roc_auc=0.9053 val_loss=0.3149 val_metric_name=roc_auc val_metric=0.9053
Step  950 | loss 0.2835 | val_acc=0.8512 val_roc_auc=0.9071 val_loss=0.3103 val_metric_name=roc_auc val_metric=0.9071
Step 1000 | loss 0.2785 | val_acc=0.8556 val_roc_auc=0.9091 val_loss=0.3035 val_metric_name=roc_auc val_metric=0.9091
Step 1050 | loss 0.2767 | val_acc=0.8596 val_roc_auc=0.9111 val_loss=0.2976 val_metric_name=roc_auc val_metric=0.9111
Step 1100 | loss 0.2747 | val_acc=0.8648 val_roc_auc=0.9130 val_loss=0.2933 val_metric_name=roc_auc val_metric=0.9130
Step 1150 | loss 0.2721 | val_acc=0.8648 val_roc_auc=0.9148 val_loss=0.2893 val_metric_name=roc_auc val_metric=0.9148
Step 1200 | loss 0.2708 | val_acc=0.8664 val_roc_auc=0.9166 val_loss=0.2864 val_metric_name=roc_auc val_metric=0.9166
Step 1250 | loss 0.2694 | val_acc=0.8672 val_roc_auc=0.9183 val_loss=0.2836 val_metric_name=roc_auc val_metric=0.9183
Step 1300 | loss 0.2631 | val_acc=0.8680 val_roc_auc=0.9196 val_loss=0.2825 val_metric_name=roc_auc val_metric=0.9196
Step 1350 | loss 0.2615 | val_acc=0.8712 val_roc_auc=0.9210 val_loss=0.2810 val_metric_name=roc_auc val_metric=0.9210
Step 1400 | loss 0.2587 | val_acc=0.8732 val_roc_auc=0.9221 val_loss=0.2795 val_metric_name=roc_auc val_metric=0.9221
Step 1450 | loss 0.2565 | val_acc=0.8724 val_roc_auc=0.9231 val_loss=0.2778 val_metric_name=roc_auc val_metric=0.9231
Step 1500 | loss 0.2511 | val_acc=0.8732 val_roc_auc=0.9242 val_loss=0.2773 val_metric_name=roc_auc val_metric=0.9242
Step 1550 | loss 0.2535 | val_acc=0.8732 val_roc_auc=0.9249 val_loss=0.2765 val_metric_name=roc_auc val_metric=0.9249
Step 1600 | loss 0.2508 | val_acc=0.8748 val_roc_auc=0.9258 val_loss=0.2761 val_metric_name=roc_auc val_metric=0.9258
Step 1650 | loss 0.2462 | val_acc=0.8740 val_roc_auc=0.9263 val_loss=0.2758 val_metric_name=roc_auc val_metric=0.9263
Step 1700 | loss 0.2424 | val_acc=0.8752 val_roc_auc=0.9268 val_loss=0.2761 val_metric_name=roc_auc val_metric=0.9268
Step 1750 | loss 0.2420 | val_acc=0.8772 val_roc_auc=0.9273 val_loss=0.2759 val_metric_name=roc_auc val_metric=0.9273
Step 1800 | loss 0.2452 | val_acc=0.8768 val_roc_auc=0.9276 val_loss=0.2757 val_metric_name=roc_auc val_metric=0.9276
Step 1850 | loss 0.2397 | val_acc=0.8772 val_roc_auc=0.9283 val_loss=0.2746 val_metric_name=roc_auc val_metric=0.9283
Step 1900 | loss 0.2370 | val_acc=0.8764 val_roc_auc=0.9283 val_loss=0.2759 val_metric_name=roc_auc val_metric=0.9283
Step 1950 | loss 0.2369 | val_acc=0.8764 val_roc_auc=0.9286 val_loss=0.2751 val_metric_name=roc_auc val_metric=0.9286
Step 2000 | loss 0.2347 | val_acc=0.8748 val_roc_auc=0.9283 val_loss=0.2768 val_metric_name=roc_auc val_metric=0.9283
Step 2050 | loss 0.2365 | val_acc=0.8764 val_roc_auc=0.9285 val_loss=0.2770 val_metric_name=roc_auc val_metric=0.9285
Step 2100 | loss 0.2360 | val_acc=0.8764 val_roc_auc=0.9286 val_loss=0.2769 val_metric_name=roc_auc val_metric=0.9286
Step 2150 | loss 0.2332 | val_acc=0.8764 val_roc_auc=0.9287 val_loss=0.2767 val_metric_name=roc_auc val_metric=0.9287
Step 2200 | loss 0.2312 | val_acc=0.8772 val_roc_auc=0.9281 val_loss=0.2802 val_metric_name=roc_auc val_metric=0.9281
Step 2250 | loss 0.2266 | val_acc=0.8760 val_roc_auc=0.9284 val_loss=0.2793 val_metric_name=roc_auc val_metric=0.9284
Step 2300 | loss 0.2267 | val_acc=0.8744 val_roc_auc=0.9279 val_loss=0.2814 val_metric_name=roc_auc val_metric=0.9279
Step 2350 | loss 0.2259 | val_acc=0.8752 val_roc_auc=0.9279 val_loss=0.2809 val_metric_name=roc_auc val_metric=0.9279
Step 2400 | loss 0.2233 | val_acc=0.8748 val_roc_auc=0.9274 val_loss=0.2825 val_metric_name=roc_auc val_metric=0.9274
Early stopping at step 2445

--- Final (best ckpt @ step 1960) ---
  train_acc=0.9074 train_roc_auc=0.9568 train_loss=0.2076 train_metric_name=roc_auc train_metric=0.9568
  val_acc=0.8760 val_roc_auc=0.9288 val_loss=0.2741 val_metric_name=roc_auc val_metric=0.9288
  test_acc=0.8920 test_roc_auc=0.9365 test_loss=0.2563 test_metric_name=roc_auc test_metric=0.9365
  test_roc_auc=0.9365

============================================================
Training TABM-minesweeper GAT-sep 4L h=512 lr=3e-05 split=0
============================================================
Training for 5000 steps
Step    1 | loss 1.0596 | val_acc=0.8000 val_roc_auc=0.5122 val_loss=0.5470 val_metric_name=roc_auc val_metric=0.5122
Step   50 | loss 0.4032 | val_acc=0.8304 val_roc_auc=0.8506 val_loss=0.3829 val_metric_name=roc_auc val_metric=0.8506
Step  100 | loss 0.3462 | val_acc=0.8308 val_roc_auc=0.8808 val_loss=0.3481 val_metric_name=roc_auc val_metric=0.8808
Step  150 | loss 0.3196 | val_acc=0.8296 val_roc_auc=0.8869 val_loss=0.3565 val_metric_name=roc_auc val_metric=0.8869
Step  200 | loss 0.3070 | val_acc=0.8288 val_roc_auc=0.8923 val_loss=0.3528 val_metric_name=roc_auc val_metric=0.8923
Step  250 | loss 0.2960 | val_acc=0.8324 val_roc_auc=0.8958 val_loss=0.3508 val_metric_name=roc_auc val_metric=0.8958
Step  300 | loss 0.2890 | val_acc=0.8348 val_roc_auc=0.8995 val_loss=0.3415 val_metric_name=roc_auc val_metric=0.8995
Step  350 | loss 0.2825 | val_acc=0.8408 val_roc_auc=0.9037 val_loss=0.3264 val_metric_name=roc_auc val_metric=0.9037
Step  400 | loss 0.2779 | val_acc=0.8564 val_roc_auc=0.9093 val_loss=0.3075 val_metric_name=roc_auc val_metric=0.9093
Step  450 | loss 0.2726 | val_acc=0.8632 val_roc_auc=0.9128 val_loss=0.2970 val_metric_name=roc_auc val_metric=0.9128
Step  500 | loss 0.2622 | val_acc=0.8644 val_roc_auc=0.9145 val_loss=0.2976 val_metric_name=roc_auc val_metric=0.9145
Step  550 | loss 0.2566 | val_acc=0.8688 val_roc_auc=0.9162 val_loss=0.2994 val_metric_name=roc_auc val_metric=0.9162
Step  600 | loss 0.2499 | val_acc=0.8696 val_roc_auc=0.9182 val_loss=0.2998 val_metric_name=roc_auc val_metric=0.9182
Step  650 | loss 0.2438 | val_acc=0.8728 val_roc_auc=0.9210 val_loss=0.3014 val_metric_name=roc_auc val_metric=0.9210
Step  700 | loss 0.2397 | val_acc=0.8720 val_roc_auc=0.9235 val_loss=0.2940 val_metric_name=roc_auc val_metric=0.9235
Step  750 | loss 0.2368 | val_acc=0.8708 val_roc_auc=0.9234 val_loss=0.2945 val_metric_name=roc_auc val_metric=0.9234
Step  800 | loss 0.2299 | val_acc=0.8732 val_roc_auc=0.9244 val_loss=0.2918 val_metric_name=roc_auc val_metric=0.9244
Step  850 | loss 0.2249 | val_acc=0.8692 val_roc_auc=0.9231 val_loss=0.2993 val_metric_name=roc_auc val_metric=0.9231
Step  900 | loss 0.2218 | val_acc=0.8712 val_roc_auc=0.9232 val_loss=0.3017 val_metric_name=roc_auc val_metric=0.9232
Step  950 | loss 0.2210 | val_acc=0.8708 val_roc_auc=0.9218 val_loss=0.3046 val_metric_name=roc_auc val_metric=0.9218
Step 1000 | loss 0.2170 | val_acc=0.8728 val_roc_auc=0.9207 val_loss=0.3116 val_metric_name=roc_auc val_metric=0.9207
Step 1050 | loss 0.2137 | val_acc=0.8712 val_roc_auc=0.9199 val_loss=0.3154 val_metric_name=roc_auc val_metric=0.9199
Step 1100 | loss 0.2098 | val_acc=0.8684 val_roc_auc=0.9181 val_loss=0.3208 val_metric_name=roc_auc val_metric=0.9181
Early stopping at step 1120

--- Final (best ckpt @ step 820) ---
  train_acc=0.9084 train_roc_auc=0.9581 train_loss=0.2083 train_metric_name=roc_auc train_metric=0.9581
  val_acc=0.8716 val_roc_auc=0.9249 val_loss=0.2937 val_metric_name=roc_auc val_metric=0.9249
  test_acc=0.8860 test_roc_auc=0.9316 test_loss=0.2763 test_metric_name=roc_auc test_metric=0.9316
  test_roc_auc=0.9316

============================================================
Training TABM-minesweeper GAT-sep 4L h=512 lr=6e-05 split=0
============================================================
Training for 5000 steps
Step    1 | loss 1.0596 | val_acc=0.8000 val_roc_auc=0.5308 val_loss=0.9188 val_metric_name=roc_auc val_metric=0.5308
Step   50 | loss 0.3575 | val_acc=0.8304 val_roc_auc=0.8744 val_loss=0.3472 val_metric_name=roc_auc val_metric=0.8744
Step  100 | loss 0.3176 | val_acc=0.8264 val_roc_auc=0.8878 val_loss=0.3553 val_metric_name=roc_auc val_metric=0.8878
Step  150 | loss 0.2986 | val_acc=0.8324 val_roc_auc=0.8950 val_loss=0.3522 val_metric_name=roc_auc val_metric=0.8950
Step  200 | loss 0.2888 | val_acc=0.8380 val_roc_auc=0.9009 val_loss=0.3392 val_metric_name=roc_auc val_metric=0.9009
Step  250 | loss 0.2759 | val_acc=0.8472 val_roc_auc=0.9074 val_loss=0.3180 val_metric_name=roc_auc val_metric=0.9074
Step  300 | loss 0.2666 | val_acc=0.8640 val_roc_auc=0.9128 val_loss=0.2979 val_metric_name=roc_auc val_metric=0.9128
Step  350 | loss 0.2564 | val_acc=0.8688 val_roc_auc=0.9158 val_loss=0.2978 val_metric_name=roc_auc val_metric=0.9158
Step  400 | loss 0.2468 | val_acc=0.8716 val_roc_auc=0.9196 val_loss=0.2990 val_metric_name=roc_auc val_metric=0.9196
Step  450 | loss 0.2416 | val_acc=0.8712 val_roc_auc=0.9226 val_loss=0.2955 val_metric_name=roc_auc val_metric=0.9226
Step  500 | loss 0.2293 | val_acc=0.8720 val_roc_auc=0.9248 val_loss=0.2922 val_metric_name=roc_auc val_metric=0.9248
Step  550 | loss 0.2238 | val_acc=0.8712 val_roc_auc=0.9238 val_loss=0.2988 val_metric_name=roc_auc val_metric=0.9238
Step  600 | loss 0.2179 | val_acc=0.8716 val_roc_auc=0.9232 val_loss=0.3023 val_metric_name=roc_auc val_metric=0.9232
Step  650 | loss 0.2130 | val_acc=0.8720 val_roc_auc=0.9211 val_loss=0.3093 val_metric_name=roc_auc val_metric=0.9211
Step  700 | loss 0.2085 | val_acc=0.8688 val_roc_auc=0.9180 val_loss=0.3250 val_metric_name=roc_auc val_metric=0.9180
Step  750 | loss 0.2042 | val_acc=0.8672 val_roc_auc=0.9160 val_loss=0.3326 val_metric_name=roc_auc val_metric=0.9160
Early stopping at step 790

--- Final (best ckpt @ step 490) ---
  train_acc=0.9070 train_roc_auc=0.9570 train_loss=0.2097 train_metric_name=roc_auc train_metric=0.9570
  val_acc=0.8716 val_roc_auc=0.9252 val_loss=0.2884 val_metric_name=roc_auc val_metric=0.9252
  test_acc=0.8872 test_roc_auc=0.9320 test_loss=0.2722 test_metric_name=roc_auc test_metric=0.9320
  test_roc_auc=0.9320

============================================================
Training TABM-minesweeper GAT-sep 4L h=512 lr=0.0001 split=0
============================================================
Training for 5000 steps
Step    1 | loss 1.0596 | val_acc=0.8000 val_roc_auc=0.5519 val_loss=1.4795 val_metric_name=roc_auc val_metric=0.5519
Step   50 | loss 0.3339 | val_acc=0.8268 val_roc_auc=0.8811 val_loss=0.3578 val_metric_name=roc_auc val_metric=0.8811
Step  100 | loss 0.3043 | val_acc=0.8280 val_roc_auc=0.8921 val_loss=0.3526 val_metric_name=roc_auc val_metric=0.8921
Step  150 | loss 0.2880 | val_acc=0.8348 val_roc_auc=0.8994 val_loss=0.3409 val_metric_name=roc_auc val_metric=0.8994
Step  200 | loss 0.2774 | val_acc=0.8456 val_roc_auc=0.9072 val_loss=0.3188 val_metric_name=roc_auc val_metric=0.9072
Step  250 | loss 0.2631 | val_acc=0.8600 val_roc_auc=0.9124 val_loss=0.2986 val_metric_name=roc_auc val_metric=0.9124
Step  300 | loss 0.2493 | val_acc=0.8700 val_roc_auc=0.9169 val_loss=0.2932 val_metric_name=roc_auc val_metric=0.9169
Step  350 | loss 0.2365 | val_acc=0.8760 val_roc_auc=0.9234 val_loss=0.2861 val_metric_name=roc_auc val_metric=0.9234
Step  400 | loss 0.2262 | val_acc=0.8712 val_roc_auc=0.9251 val_loss=0.2873 val_metric_name=roc_auc val_metric=0.9251
Step  450 | loss 0.2215 | val_acc=0.8708 val_roc_auc=0.9218 val_loss=0.2998 val_metric_name=roc_auc val_metric=0.9218
Step  500 | loss 0.2103 | val_acc=0.8692 val_roc_auc=0.9201 val_loss=0.3094 val_metric_name=roc_auc val_metric=0.9201
Step  550 | loss 0.2057 | val_acc=0.8704 val_roc_auc=0.9179 val_loss=0.3196 val_metric_name=roc_auc val_metric=0.9179
Step  600 | loss 0.1979 | val_acc=0.8680 val_roc_auc=0.9151 val_loss=0.3351 val_metric_name=roc_auc val_metric=0.9151
Step  650 | loss 0.1893 | val_acc=0.8628 val_roc_auc=0.9123 val_loss=0.3633 val_metric_name=roc_auc val_metric=0.9123
Early stopping at step 696

--- Final (best ckpt @ step 380) ---
  train_acc=0.9082 train_roc_auc=0.9586 train_loss=0.2028 train_metric_name=roc_auc train_metric=0.9586
  val_acc=0.8748 val_roc_auc=0.9257 val_loss=0.2827 val_metric_name=roc_auc val_metric=0.9257
  test_acc=0.8892 test_roc_auc=0.9333 test_loss=0.2679 test_metric_name=roc_auc test_metric=0.9333
  test_roc_auc=0.9333

============================================================
Training TABM-minesweeper GAT-sep 4L h=512 lr=1e-05 split=0
============================================================
Training for 5000 steps
Step    1 | loss 1.0596 | val_acc=0.6340 val_roc_auc=0.4799 val_loss=0.6572 val_metric_name=roc_auc val_metric=0.4799
Step   50 | loss 0.4774 | val_acc=0.8028 val_roc_auc=0.8029 val_loss=0.4519 val_metric_name=roc_auc val_metric=0.8029
Step  100 | loss 0.4248 | val_acc=0.8272 val_roc_auc=0.8418 val_loss=0.3984 val_metric_name=roc_auc val_metric=0.8418
Step  150 | loss 0.3833 | val_acc=0.8280 val_roc_auc=0.8625 val_loss=0.3645 val_metric_name=roc_auc val_metric=0.8625
Step  200 | loss 0.3577 | val_acc=0.8312 val_roc_auc=0.8765 val_loss=0.3484 val_metric_name=roc_auc val_metric=0.8765
Step  250 | loss 0.3385 | val_acc=0.8296 val_roc_auc=0.8817 val_loss=0.3505 val_metric_name=roc_auc val_metric=0.8817
Step  300 | loss 0.3276 | val_acc=0.8276 val_roc_auc=0.8843 val_loss=0.3547 val_metric_name=roc_auc val_metric=0.8843
Step  350 | loss 0.3199 | val_acc=0.8284 val_roc_auc=0.8867 val_loss=0.3562 val_metric_name=roc_auc val_metric=0.8867
Step  400 | loss 0.3163 | val_acc=0.8264 val_roc_auc=0.8891 val_loss=0.3570 val_metric_name=roc_auc val_metric=0.8891
Step  450 | loss 0.3106 | val_acc=0.8292 val_roc_auc=0.8913 val_loss=0.3532 val_metric_name=roc_auc val_metric=0.8913
Step  500 | loss 0.3023 | val_acc=0.8292 val_roc_auc=0.8931 val_loss=0.3537 val_metric_name=roc_auc val_metric=0.8931
Step  550 | loss 0.3002 | val_acc=0.8320 val_roc_auc=0.8945 val_loss=0.3521 val_metric_name=roc_auc val_metric=0.8945
Step  600 | loss 0.2963 | val_acc=0.8340 val_roc_auc=0.8962 val_loss=0.3499 val_metric_name=roc_auc val_metric=0.8962
Step  650 | loss 0.2933 | val_acc=0.8324 val_roc_auc=0.8976 val_loss=0.3469 val_metric_name=roc_auc val_metric=0.8976
Step  700 | loss 0.2917 | val_acc=0.8340 val_roc_auc=0.8994 val_loss=0.3417 val_metric_name=roc_auc val_metric=0.8994
Step  750 | loss 0.2887 | val_acc=0.8376 val_roc_auc=0.9015 val_loss=0.3335 val_metric_name=roc_auc val_metric=0.9015
Step  800 | loss 0.2832 | val_acc=0.8416 val_roc_auc=0.9035 val_loss=0.3279 val_metric_name=roc_auc val_metric=0.9035
Step  850 | loss 0.2824 | val_acc=0.8444 val_roc_auc=0.9059 val_loss=0.3213 val_metric_name=roc_auc val_metric=0.9059
Step  900 | loss 0.2782 | val_acc=0.8512 val_roc_auc=0.9079 val_loss=0.3121 val_metric_name=roc_auc val_metric=0.9079
Step  950 | loss 0.2762 | val_acc=0.8592 val_roc_auc=0.9103 val_loss=0.3045 val_metric_name=roc_auc val_metric=0.9103
Step 1000 | loss 0.2734 | val_acc=0.8632 val_roc_auc=0.9119 val_loss=0.2995 val_metric_name=roc_auc val_metric=0.9119
Step 1050 | loss 0.2694 | val_acc=0.8636 val_roc_auc=0.9133 val_loss=0.2968 val_metric_name=roc_auc val_metric=0.9133
Step 1100 | loss 0.2671 | val_acc=0.8640 val_roc_auc=0.9142 val_loss=0.2966 val_metric_name=roc_auc val_metric=0.9142
Step 1150 | loss 0.2628 | val_acc=0.8640 val_roc_auc=0.9149 val_loss=0.2975 val_metric_name=roc_auc val_metric=0.9149
Step 1200 | loss 0.2623 | val_acc=0.8648 val_roc_auc=0.9154 val_loss=0.2984 val_metric_name=roc_auc val_metric=0.9154
Step 1250 | loss 0.2593 | val_acc=0.8672 val_roc_auc=0.9160 val_loss=0.3004 val_metric_name=roc_auc val_metric=0.9160
Step 1300 | loss 0.2560 | val_acc=0.8664 val_roc_auc=0.9169 val_loss=0.3013 val_metric_name=roc_auc val_metric=0.9169
Step 1350 | loss 0.2536 | val_acc=0.8668 val_roc_auc=0.9179 val_loss=0.3012 val_metric_name=roc_auc val_metric=0.9179
Step 1400 | loss 0.2477 | val_acc=0.8700 val_roc_auc=0.9197 val_loss=0.2989 val_metric_name=roc_auc val_metric=0.9197
Step 1450 | loss 0.2443 | val_acc=0.8736 val_roc_auc=0.9204 val_loss=0.2973 val_metric_name=roc_auc val_metric=0.9204
Step 1500 | loss 0.2425 | val_acc=0.8752 val_roc_auc=0.9218 val_loss=0.2970 val_metric_name=roc_auc val_metric=0.9218
Step 1550 | loss 0.2413 | val_acc=0.8708 val_roc_auc=0.9220 val_loss=0.2979 val_metric_name=roc_auc val_metric=0.9220
Step 1600 | loss 0.2414 | val_acc=0.8712 val_roc_auc=0.9234 val_loss=0.2930 val_metric_name=roc_auc val_metric=0.9234
Step 1650 | loss 0.2395 | val_acc=0.8708 val_roc_auc=0.9231 val_loss=0.2953 val_metric_name=roc_auc val_metric=0.9231
Step 1700 | loss 0.2347 | val_acc=0.8720 val_roc_auc=0.9234 val_loss=0.2950 val_metric_name=roc_auc val_metric=0.9234
Step 1750 | loss 0.2311 | val_acc=0.8716 val_roc_auc=0.9236 val_loss=0.2958 val_metric_name=roc_auc val_metric=0.9236
Step 1800 | loss 0.2287 | val_acc=0.8704 val_roc_auc=0.9235 val_loss=0.2981 val_metric_name=roc_auc val_metric=0.9235
Step 1850 | loss 0.2310 | val_acc=0.8700 val_roc_auc=0.9231 val_loss=0.2985 val_metric_name=roc_auc val_metric=0.9231
Step 1900 | loss 0.2283 | val_acc=0.8700 val_roc_auc=0.9236 val_loss=0.2958 val_metric_name=roc_auc val_metric=0.9236
Step 1950 | loss 0.2288 | val_acc=0.8704 val_roc_auc=0.9236 val_loss=0.2982 val_metric_name=roc_auc val_metric=0.9236
Step 2000 | loss 0.2255 | val_acc=0.8692 val_roc_auc=0.9230 val_loss=0.3023 val_metric_name=roc_auc val_metric=0.9230
Step 2050 | loss 0.2256 | val_acc=0.8700 val_roc_auc=0.9223 val_loss=0.3037 val_metric_name=roc_auc val_metric=0.9223
Step 2100 | loss 0.2197 | val_acc=0.8720 val_roc_auc=0.9226 val_loss=0.3021 val_metric_name=roc_auc val_metric=0.9226
Step 2150 | loss 0.2190 | val_acc=0.8716 val_roc_auc=0.9222 val_loss=0.3065 val_metric_name=roc_auc val_metric=0.9222
Early stopping at step 2165

--- Final (best ckpt @ step 1820) ---
  train_acc=0.9048 train_roc_auc=0.9565 train_loss=0.2135 train_metric_name=roc_auc train_metric=0.9565
  val_acc=0.8700 val_roc_auc=0.9240 val_loss=0.2933 val_metric_name=roc_auc val_metric=0.9240
  test_acc=0.8856 test_roc_auc=0.9314 test_loss=0.2745 test_metric_name=roc_auc test_metric=0.9314
  test_roc_auc=0.9314

============================================================
Training TABM-minesweeper GAT-sep 5L h=256 lr=3e-05 split=0
============================================================
Training for 5000 steps
Step    1 | loss 1.5532 | val_acc=0.2000 val_roc_auc=0.6323 val_loss=0.9596 val_metric_name=roc_auc val_metric=0.6323
Step   50 | loss 0.4881 | val_acc=0.8008 val_roc_auc=0.8002 val_loss=0.4580 val_metric_name=roc_auc val_metric=0.8002
Step  100 | loss 0.4316 | val_acc=0.8264 val_roc_auc=0.8366 val_loss=0.3918 val_metric_name=roc_auc val_metric=0.8366
Step  150 | loss 0.3829 | val_acc=0.8300 val_roc_auc=0.8653 val_loss=0.3554 val_metric_name=roc_auc val_metric=0.8653
Step  200 | loss 0.3562 | val_acc=0.8272 val_roc_auc=0.8798 val_loss=0.3417 val_metric_name=roc_auc val_metric=0.8798
Step  250 | loss 0.3339 | val_acc=0.8284 val_roc_auc=0.8841 val_loss=0.3443 val_metric_name=roc_auc val_metric=0.8841
Step  300 | loss 0.3215 | val_acc=0.8296 val_roc_auc=0.8876 val_loss=0.3421 val_metric_name=roc_auc val_metric=0.8876
Step  350 | loss 0.3152 | val_acc=0.8272 val_roc_auc=0.8907 val_loss=0.3397 val_metric_name=roc_auc val_metric=0.8907
Step  400 | loss 0.3094 | val_acc=0.8308 val_roc_auc=0.8932 val_loss=0.3374 val_metric_name=roc_auc val_metric=0.8932
Step  450 | loss 0.3036 | val_acc=0.8332 val_roc_auc=0.8952 val_loss=0.3356 val_metric_name=roc_auc val_metric=0.8952
Step  500 | loss 0.3022 | val_acc=0.8316 val_roc_auc=0.8968 val_loss=0.3338 val_metric_name=roc_auc val_metric=0.8968
Step  550 | loss 0.2982 | val_acc=0.8360 val_roc_auc=0.8985 val_loss=0.3304 val_metric_name=roc_auc val_metric=0.8985
Step  600 | loss 0.2915 | val_acc=0.8384 val_roc_auc=0.9003 val_loss=0.3284 val_metric_name=roc_auc val_metric=0.9003
Step  650 | loss 0.2895 | val_acc=0.8412 val_roc_auc=0.9024 val_loss=0.3226 val_metric_name=roc_auc val_metric=0.9024
Step  700 | loss 0.2860 | val_acc=0.8416 val_roc_auc=0.9043 val_loss=0.3198 val_metric_name=roc_auc val_metric=0.9043
Step  750 | loss 0.2858 | val_acc=0.8464 val_roc_auc=0.9066 val_loss=0.3145 val_metric_name=roc_auc val_metric=0.9066
Step  800 | loss 0.2775 | val_acc=0.8496 val_roc_auc=0.9089 val_loss=0.3090 val_metric_name=roc_auc val_metric=0.9089
Step  850 | loss 0.2767 | val_acc=0.8524 val_roc_auc=0.9116 val_loss=0.3024 val_metric_name=roc_auc val_metric=0.9116
Step  900 | loss 0.2724 | val_acc=0.8536 val_roc_auc=0.9144 val_loss=0.2952 val_metric_name=roc_auc val_metric=0.9144
Step  950 | loss 0.2667 | val_acc=0.8584 val_roc_auc=0.9175 val_loss=0.2881 val_metric_name=roc_auc val_metric=0.9175
Step 1000 | loss 0.2634 | val_acc=0.8664 val_roc_auc=0.9215 val_loss=0.2804 val_metric_name=roc_auc val_metric=0.9215
Step 1050 | loss 0.2576 | val_acc=0.8708 val_roc_auc=0.9254 val_loss=0.2718 val_metric_name=roc_auc val_metric=0.9254
Step 1100 | loss 0.2512 | val_acc=0.8752 val_roc_auc=0.9290 val_loss=0.2651 val_metric_name=roc_auc val_metric=0.9290
Step 1150 | loss 0.2497 | val_acc=0.8764 val_roc_auc=0.9313 val_loss=0.2615 val_metric_name=roc_auc val_metric=0.9313
Step 1200 | loss 0.2435 | val_acc=0.8784 val_roc_auc=0.9328 val_loss=0.2595 val_metric_name=roc_auc val_metric=0.9328
Step 1250 | loss 0.2425 | val_acc=0.8800 val_roc_auc=0.9341 val_loss=0.2584 val_metric_name=roc_auc val_metric=0.9341
Step 1300 | loss 0.2365 | val_acc=0.8812 val_roc_auc=0.9350 val_loss=0.2579 val_metric_name=roc_auc val_metric=0.9350
Step 1350 | loss 0.2352 | val_acc=0.8788 val_roc_auc=0.9354 val_loss=0.2587 val_metric_name=roc_auc val_metric=0.9354
Step 1400 | loss 0.2313 | val_acc=0.8788 val_roc_auc=0.9354 val_loss=0.2603 val_metric_name=roc_auc val_metric=0.9354
Step 1450 | loss 0.2316 | val_acc=0.8796 val_roc_auc=0.9358 val_loss=0.2596 val_metric_name=roc_auc val_metric=0.9358
Step 1500 | loss 0.2246 | val_acc=0.8792 val_roc_auc=0.9359 val_loss=0.2629 val_metric_name=roc_auc val_metric=0.9359
Step 1550 | loss 0.2273 | val_acc=0.8800 val_roc_auc=0.9359 val_loss=0.2622 val_metric_name=roc_auc val_metric=0.9359
Step 1600 | loss 0.2168 | val_acc=0.8800 val_roc_auc=0.9357 val_loss=0.2644 val_metric_name=roc_auc val_metric=0.9357
Step 1650 | loss 0.2181 | val_acc=0.8816 val_roc_auc=0.9354 val_loss=0.2661 val_metric_name=roc_auc val_metric=0.9354
Step 1700 | loss 0.2173 | val_acc=0.8816 val_roc_auc=0.9354 val_loss=0.2671 val_metric_name=roc_auc val_metric=0.9354
Step 1750 | loss 0.2136 | val_acc=0.8808 val_roc_auc=0.9345 val_loss=0.2711 val_metric_name=roc_auc val_metric=0.9345
Step 1800 | loss 0.2128 | val_acc=0.8804 val_roc_auc=0.9343 val_loss=0.2731 val_metric_name=roc_auc val_metric=0.9343
Early stopping at step 1822

--- Final (best ckpt @ step 1520) ---
  train_acc=0.9176 train_roc_auc=0.9649 train_loss=0.1886 train_metric_name=roc_auc train_metric=0.9649
  val_acc=0.8812 val_roc_auc=0.9361 val_loss=0.2618 val_metric_name=roc_auc val_metric=0.9361
  test_acc=0.8948 test_roc_auc=0.9452 test_loss=0.2438 test_metric_name=roc_auc test_metric=0.9452
  test_roc_auc=0.9452

============================================================
Training TABM-minesweeper GAT-sep 5L h=256 lr=6e-05 split=0
============================================================
Training for 5000 steps
Step    1 | loss 1.5532 | val_acc=0.7488 val_roc_auc=0.6283 val_loss=0.5805 val_metric_name=roc_auc val_metric=0.6283
Step   50 | loss 0.4467 | val_acc=0.8140 val_roc_auc=0.8275 val_loss=0.4082 val_metric_name=roc_auc val_metric=0.8275
Step  100 | loss 0.3692 | val_acc=0.8296 val_roc_auc=0.8730 val_loss=0.3479 val_metric_name=roc_auc val_metric=0.8730
Step  150 | loss 0.3303 | val_acc=0.8272 val_roc_auc=0.8843 val_loss=0.3457 val_metric_name=roc_auc val_metric=0.8843
Step  200 | loss 0.3191 | val_acc=0.8276 val_roc_auc=0.8907 val_loss=0.3394 val_metric_name=roc_auc val_metric=0.8907
Step  250 | loss 0.3048 | val_acc=0.8312 val_roc_auc=0.8944 val_loss=0.3370 val_metric_name=roc_auc val_metric=0.8944
Step  300 | loss 0.2949 | val_acc=0.8328 val_roc_auc=0.8973 val_loss=0.3341 val_metric_name=roc_auc val_metric=0.8973
Step  350 | loss 0.2911 | val_acc=0.8388 val_roc_auc=0.9005 val_loss=0.3290 val_metric_name=roc_auc val_metric=0.9005
Step  400 | loss 0.2860 | val_acc=0.8396 val_roc_auc=0.9040 val_loss=0.3207 val_metric_name=roc_auc val_metric=0.9040
Step  450 | loss 0.2795 | val_acc=0.8484 val_roc_auc=0.9079 val_loss=0.3104 val_metric_name=roc_auc val_metric=0.9079
Step  500 | loss 0.2755 | val_acc=0.8512 val_roc_auc=0.9120 val_loss=0.3008 val_metric_name=roc_auc val_metric=0.9120
Step  550 | loss 0.2692 | val_acc=0.8584 val_roc_auc=0.9162 val_loss=0.2908 val_metric_name=roc_auc val_metric=0.9162
Step  600 | loss 0.2620 | val_acc=0.8684 val_roc_auc=0.9217 val_loss=0.2793 val_metric_name=roc_auc val_metric=0.9217
Step  650 | loss 0.2521 | val_acc=0.8740 val_roc_auc=0.9281 val_loss=0.2676 val_metric_name=roc_auc val_metric=0.9281
Step  700 | loss 0.2452 | val_acc=0.8760 val_roc_auc=0.9315 val_loss=0.2627 val_metric_name=roc_auc val_metric=0.9315
Step  750 | loss 0.2411 | val_acc=0.8756 val_roc_auc=0.9338 val_loss=0.2601 val_metric_name=roc_auc val_metric=0.9338
Step  800 | loss 0.2322 | val_acc=0.8800 val_roc_auc=0.9351 val_loss=0.2611 val_metric_name=roc_auc val_metric=0.9351
Step  850 | loss 0.2308 | val_acc=0.8808 val_roc_auc=0.9354 val_loss=0.2613 val_metric_name=roc_auc val_metric=0.9354
Step  900 | loss 0.2259 | val_acc=0.8768 val_roc_auc=0.9356 val_loss=0.2642 val_metric_name=roc_auc val_metric=0.9356
Step  950 | loss 0.2216 | val_acc=0.8792 val_roc_auc=0.9355 val_loss=0.2647 val_metric_name=roc_auc val_metric=0.9355
Step 1000 | loss 0.2199 | val_acc=0.8784 val_roc_auc=0.9351 val_loss=0.2674 val_metric_name=roc_auc val_metric=0.9351
Step 1050 | loss 0.2126 | val_acc=0.8804 val_roc_auc=0.9347 val_loss=0.2707 val_metric_name=roc_auc val_metric=0.9347
Step 1100 | loss 0.2099 | val_acc=0.8776 val_roc_auc=0.9337 val_loss=0.2759 val_metric_name=roc_auc val_metric=0.9337
Step 1150 | loss 0.2069 | val_acc=0.8788 val_roc_auc=0.9332 val_loss=0.2780 val_metric_name=roc_auc val_metric=0.9332
Early stopping at step 1180

--- Final (best ckpt @ step 880) ---
  train_acc=0.9166 train_roc_auc=0.9643 train_loss=0.1902 train_metric_name=roc_auc train_metric=0.9643
  val_acc=0.8808 val_roc_auc=0.9360 val_loss=0.2611 val_metric_name=roc_auc val_metric=0.9360
  test_acc=0.8932 test_roc_auc=0.9452 test_loss=0.2428 test_metric_name=roc_auc test_metric=0.9452
  test_roc_auc=0.9452

============================================================
Training TABM-minesweeper GAT-sep 5L h=256 lr=0.0001 split=0
============================================================
Training for 5000 steps
Step    1 | loss 1.5532 | val_acc=0.7996 val_roc_auc=0.6018 val_loss=0.5100 val_metric_name=roc_auc val_metric=0.6018
Step   50 | loss 0.4073 | val_acc=0.8272 val_roc_auc=0.8502 val_loss=0.3714 val_metric_name=roc_auc val_metric=0.8502
Step  100 | loss 0.3350 | val_acc=0.8284 val_roc_auc=0.8837 val_loss=0.3456 val_metric_name=roc_auc val_metric=0.8837
Step  150 | loss 0.3096 | val_acc=0.8292 val_roc_auc=0.8921 val_loss=0.3383 val_metric_name=roc_auc val_metric=0.8921
Step  200 | loss 0.3012 | val_acc=0.8328 val_roc_auc=0.8970 val_loss=0.3318 val_metric_name=roc_auc val_metric=0.8970
Step  250 | loss 0.2888 | val_acc=0.8408 val_roc_auc=0.9015 val_loss=0.3237 val_metric_name=roc_auc val_metric=0.9015
Step  300 | loss 0.2789 | val_acc=0.8468 val_roc_auc=0.9068 val_loss=0.3129 val_metric_name=roc_auc val_metric=0.9068
Step  350 | loss 0.2728 | val_acc=0.8532 val_roc_auc=0.9126 val_loss=0.2985 val_metric_name=roc_auc val_metric=0.9126
Step  400 | loss 0.2640 | val_acc=0.8652 val_roc_auc=0.9190 val_loss=0.2833 val_metric_name=roc_auc val_metric=0.9190
Step  450 | loss 0.2520 | val_acc=0.8736 val_roc_auc=0.9274 val_loss=0.2682 val_metric_name=roc_auc val_metric=0.9274
Step  500 | loss 0.2405 | val_acc=0.8740 val_roc_auc=0.9315 val_loss=0.2658 val_metric_name=roc_auc val_metric=0.9315
Step  550 | loss 0.2346 | val_acc=0.8780 val_roc_auc=0.9339 val_loss=0.2630 val_metric_name=roc_auc val_metric=0.9339
Step  600 | loss 0.2276 | val_acc=0.8780 val_roc_auc=0.9347 val_loss=0.2663 val_metric_name=roc_auc val_metric=0.9347
Step  650 | loss 0.2220 | val_acc=0.8792 val_roc_auc=0.9347 val_loss=0.2704 val_metric_name=roc_auc val_metric=0.9347
Step  700 | loss 0.2171 | val_acc=0.8792 val_roc_auc=0.9341 val_loss=0.2723 val_metric_name=roc_auc val_metric=0.9341
Step  750 | loss 0.2115 | val_acc=0.8784 val_roc_auc=0.9335 val_loss=0.2749 val_metric_name=roc_auc val_metric=0.9335
Step  800 | loss 0.2048 | val_acc=0.8760 val_roc_auc=0.9328 val_loss=0.2825 val_metric_name=roc_auc val_metric=0.9328
Step  850 | loss 0.2039 | val_acc=0.8768 val_roc_auc=0.9322 val_loss=0.2845 val_metric_name=roc_auc val_metric=0.9322
Step  900 | loss 0.1960 | val_acc=0.8772 val_roc_auc=0.9311 val_loss=0.2931 val_metric_name=roc_auc val_metric=0.9311
Early stopping at step 942

--- Final (best ckpt @ step 640) ---
  train_acc=0.9172 train_roc_auc=0.9655 train_loss=0.1867 train_metric_name=roc_auc train_metric=0.9655
  val_acc=0.8796 val_roc_auc=0.9353 val_loss=0.2649 val_metric_name=roc_auc val_metric=0.9353
  test_acc=0.8940 test_roc_auc=0.9452 test_loss=0.2452 test_metric_name=roc_auc test_metric=0.9452
  test_roc_auc=0.9452

============================================================
Training TABM-minesweeper GAT-sep 5L h=256 lr=1e-05 split=0
============================================================
Training for 5000 steps
Step    1 | loss 1.5532 | val_acc=0.2000 val_roc_auc=0.6353 val_loss=1.3893 val_metric_name=roc_auc val_metric=0.6353
Step   50 | loss 0.5398 | val_acc=0.8000 val_roc_auc=0.7554 val_loss=0.5697 val_metric_name=roc_auc val_metric=0.7554
Step  100 | loss 0.5056 | val_acc=0.8008 val_roc_auc=0.7857 val_loss=0.5082 val_metric_name=roc_auc val_metric=0.7857
Step  150 | loss 0.4766 | val_acc=0.8032 val_roc_auc=0.8028 val_loss=0.4608 val_metric_name=roc_auc val_metric=0.8028
Step  200 | loss 0.4594 | val_acc=0.8152 val_roc_auc=0.8185 val_loss=0.4273 val_metric_name=roc_auc val_metric=0.8185
Step  250 | loss 0.4337 | val_acc=0.8216 val_roc_auc=0.8343 val_loss=0.4018 val_metric_name=roc_auc val_metric=0.8343
Step  300 | loss 0.4152 | val_acc=0.8272 val_roc_auc=0.8483 val_loss=0.3812 val_metric_name=roc_auc val_metric=0.8483
Step  350 | loss 0.3968 | val_acc=0.8284 val_roc_auc=0.8588 val_loss=0.3646 val_metric_name=roc_auc val_metric=0.8588
Step  400 | loss 0.3807 | val_acc=0.8284 val_roc_auc=0.8675 val_loss=0.3518 val_metric_name=roc_auc val_metric=0.8675
Step  450 | loss 0.3684 | val_acc=0.8280 val_roc_auc=0.8742 val_loss=0.3437 val_metric_name=roc_auc val_metric=0.8742
Step  500 | loss 0.3600 | val_acc=0.8288 val_roc_auc=0.8786 val_loss=0.3412 val_metric_name=roc_auc val_metric=0.8786
Step  550 | loss 0.3505 | val_acc=0.8280 val_roc_auc=0.8814 val_loss=0.3407 val_metric_name=roc_auc val_metric=0.8814
Step  600 | loss 0.3418 | val_acc=0.8304 val_roc_auc=0.8831 val_loss=0.3416 val_metric_name=roc_auc val_metric=0.8831
Step  650 | loss 0.3386 | val_acc=0.8312 val_roc_auc=0.8847 val_loss=0.3410 val_metric_name=roc_auc val_metric=0.8847
Step  700 | loss 0.3340 | val_acc=0.8312 val_roc_auc=0.8859 val_loss=0.3410 val_metric_name=roc_auc val_metric=0.8859
Step  750 | loss 0.3306 | val_acc=0.8308 val_roc_auc=0.8872 val_loss=0.3402 val_metric_name=roc_auc val_metric=0.8872
Step  800 | loss 0.3239 | val_acc=0.8292 val_roc_auc=0.8885 val_loss=0.3396 val_metric_name=roc_auc val_metric=0.8885
Step  850 | loss 0.3206 | val_acc=0.8280 val_roc_auc=0.8899 val_loss=0.3381 val_metric_name=roc_auc val_metric=0.8899
Step  900 | loss 0.3152 | val_acc=0.8288 val_roc_auc=0.8910 val_loss=0.3378 val_metric_name=roc_auc val_metric=0.8910
Step  950 | loss 0.3139 | val_acc=0.8276 val_roc_auc=0.8919 val_loss=0.3369 val_metric_name=roc_auc val_metric=0.8919
Step 1000 | loss 0.3109 | val_acc=0.8292 val_roc_auc=0.8929 val_loss=0.3369 val_metric_name=roc_auc val_metric=0.8929
Step 1050 | loss 0.3079 | val_acc=0.8308 val_roc_auc=0.8937 val_loss=0.3359 val_metric_name=roc_auc val_metric=0.8937
Step 1100 | loss 0.3064 | val_acc=0.8332 val_roc_auc=0.8945 val_loss=0.3354 val_metric_name=roc_auc val_metric=0.8945
Step 1150 | loss 0.3051 | val_acc=0.8340 val_roc_auc=0.8953 val_loss=0.3351 val_metric_name=roc_auc val_metric=0.8953
Step 1200 | loss 0.3032 | val_acc=0.8336 val_roc_auc=0.8959 val_loss=0.3343 val_metric_name=roc_auc val_metric=0.8959
Step 1250 | loss 0.3011 | val_acc=0.8324 val_roc_auc=0.8965 val_loss=0.3322 val_metric_name=roc_auc val_metric=0.8965
Step 1300 | loss 0.2995 | val_acc=0.8348 val_roc_auc=0.8973 val_loss=0.3309 val_metric_name=roc_auc val_metric=0.8973
Step 1350 | loss 0.2972 | val_acc=0.8360 val_roc_auc=0.8980 val_loss=0.3308 val_metric_name=roc_auc val_metric=0.8980
Step 1400 | loss 0.2971 | val_acc=0.8376 val_roc_auc=0.8987 val_loss=0.3291 val_metric_name=roc_auc val_metric=0.8987
Step 1450 | loss 0.2956 | val_acc=0.8372 val_roc_auc=0.8994 val_loss=0.3285 val_metric_name=roc_auc val_metric=0.8994
Step 1500 | loss 0.2932 | val_acc=0.8388 val_roc_auc=0.9002 val_loss=0.3264 val_metric_name=roc_auc val_metric=0.9002
Step 1550 | loss 0.2933 | val_acc=0.8400 val_roc_auc=0.9010 val_loss=0.3259 val_metric_name=roc_auc val_metric=0.9010
Step 1600 | loss 0.2855 | val_acc=0.8408 val_roc_auc=0.9019 val_loss=0.3237 val_metric_name=roc_auc val_metric=0.9019
Step 1650 | loss 0.2896 | val_acc=0.8404 val_roc_auc=0.9028 val_loss=0.3229 val_metric_name=roc_auc val_metric=0.9028
Step 1700 | loss 0.2855 | val_acc=0.8424 val_roc_auc=0.9036 val_loss=0.3203 val_metric_name=roc_auc val_metric=0.9036
Step 1750 | loss 0.2864 | val_acc=0.8440 val_roc_auc=0.9046 val_loss=0.3185 val_metric_name=roc_auc val_metric=0.9046
Step 1800 | loss 0.2837 | val_acc=0.8464 val_roc_auc=0.9056 val_loss=0.3163 val_metric_name=roc_auc val_metric=0.9056
Step 1850 | loss 0.2820 | val_acc=0.8468 val_roc_auc=0.9066 val_loss=0.3145 val_metric_name=roc_auc val_metric=0.9066
Step 1900 | loss 0.2801 | val_acc=0.8488 val_roc_auc=0.9077 val_loss=0.3116 val_metric_name=roc_auc val_metric=0.9077
Step 1950 | loss 0.2769 | val_acc=0.8496 val_roc_auc=0.9087 val_loss=0.3101 val_metric_name=roc_auc val_metric=0.9087
Step 2000 | loss 0.2798 | val_acc=0.8528 val_roc_auc=0.9100 val_loss=0.3066 val_metric_name=roc_auc val_metric=0.9100
Step 2050 | loss 0.2738 | val_acc=0.8520 val_roc_auc=0.9111 val_loss=0.3041 val_metric_name=roc_auc val_metric=0.9111
Step 2100 | loss 0.2746 | val_acc=0.8532 val_roc_auc=0.9124 val_loss=0.3005 val_metric_name=roc_auc val_metric=0.9124
Step 2150 | loss 0.2717 | val_acc=0.8512 val_roc_auc=0.9137 val_loss=0.2974 val_metric_name=roc_auc val_metric=0.9137
Step 2200 | loss 0.2709 | val_acc=0.8552 val_roc_auc=0.9151 val_loss=0.2938 val_metric_name=roc_auc val_metric=0.9151
Step 2250 | loss 0.2689 | val_acc=0.8548 val_roc_auc=0.9165 val_loss=0.2906 val_metric_name=roc_auc val_metric=0.9165
Step 2300 | loss 0.2675 | val_acc=0.8580 val_roc_auc=0.9183 val_loss=0.2873 val_metric_name=roc_auc val_metric=0.9183
Step 2350 | loss 0.2662 | val_acc=0.8624 val_roc_auc=0.9201 val_loss=0.2833 val_metric_name=roc_auc val_metric=0.9201
Step 2400 | loss 0.2635 | val_acc=0.8656 val_roc_auc=0.9221 val_loss=0.2789 val_metric_name=roc_auc val_metric=0.9221
Step 2450 | loss 0.2630 | val_acc=0.8700 val_roc_auc=0.9241 val_loss=0.2741 val_metric_name=roc_auc val_metric=0.9241
Step 2500 | loss 0.2581 | val_acc=0.8716 val_roc_auc=0.9260 val_loss=0.2708 val_metric_name=roc_auc val_metric=0.9260
Step 2550 | loss 0.2560 | val_acc=0.8756 val_roc_auc=0.9277 val_loss=0.2671 val_metric_name=roc_auc val_metric=0.9277
Step 2600 | loss 0.2541 | val_acc=0.8788 val_roc_auc=0.9292 val_loss=0.2643 val_metric_name=roc_auc val_metric=0.9292
Step 2650 | loss 0.2501 | val_acc=0.8784 val_roc_auc=0.9302 val_loss=0.2626 val_metric_name=roc_auc val_metric=0.9302
Step 2700 | loss 0.2508 | val_acc=0.8784 val_roc_auc=0.9311 val_loss=0.2612 val_metric_name=roc_auc val_metric=0.9311
Step 2750 | loss 0.2513 | val_acc=0.8796 val_roc_auc=0.9317 val_loss=0.2604 val_metric_name=roc_auc val_metric=0.9317
Step 2800 | loss 0.2446 | val_acc=0.8808 val_roc_auc=0.9326 val_loss=0.2596 val_metric_name=roc_auc val_metric=0.9326
Step 2850 | loss 0.2436 | val_acc=0.8816 val_roc_auc=0.9332 val_loss=0.2587 val_metric_name=roc_auc val_metric=0.9332
Step 2900 | loss 0.2452 | val_acc=0.8820 val_roc_auc=0.9337 val_loss=0.2582 val_metric_name=roc_auc val_metric=0.9337
Step 2950 | loss 0.2424 | val_acc=0.8820 val_roc_auc=0.9341 val_loss=0.2582 val_metric_name=roc_auc val_metric=0.9341
Step 3000 | loss 0.2385 | val_acc=0.8808 val_roc_auc=0.9343 val_loss=0.2584 val_metric_name=roc_auc val_metric=0.9343
Step 3050 | loss 0.2366 | val_acc=0.8796 val_roc_auc=0.9346 val_loss=0.2583 val_metric_name=roc_auc val_metric=0.9346
Step 3100 | loss 0.2347 | val_acc=0.8784 val_roc_auc=0.9350 val_loss=0.2582 val_metric_name=roc_auc val_metric=0.9350
Step 3150 | loss 0.2364 | val_acc=0.8788 val_roc_auc=0.9352 val_loss=0.2583 val_metric_name=roc_auc val_metric=0.9352
Step 3200 | loss 0.2331 | val_acc=0.8776 val_roc_auc=0.9354 val_loss=0.2589 val_metric_name=roc_auc val_metric=0.9354
Step 3250 | loss 0.2322 | val_acc=0.8792 val_roc_auc=0.9357 val_loss=0.2582 val_metric_name=roc_auc val_metric=0.9357
Step 3300 | loss 0.2321 | val_acc=0.8788 val_roc_auc=0.9357 val_loss=0.2593 val_metric_name=roc_auc val_metric=0.9357
Step 3350 | loss 0.2284 | val_acc=0.8792 val_roc_auc=0.9358 val_loss=0.2593 val_metric_name=roc_auc val_metric=0.9358
Step 3400 | loss 0.2306 | val_acc=0.8792 val_roc_auc=0.9358 val_loss=0.2595 val_metric_name=roc_auc val_metric=0.9358
Step 3450 | loss 0.2253 | val_acc=0.8784 val_roc_auc=0.9360 val_loss=0.2596 val_metric_name=roc_auc val_metric=0.9360
Step 3500 | loss 0.2280 | val_acc=0.8804 val_roc_auc=0.9356 val_loss=0.2615 val_metric_name=roc_auc val_metric=0.9356
Step 3550 | loss 0.2237 | val_acc=0.8804 val_roc_auc=0.9358 val_loss=0.2615 val_metric_name=roc_auc val_metric=0.9358
Step 3600 | loss 0.2234 | val_acc=0.8800 val_roc_auc=0.9357 val_loss=0.2617 val_metric_name=roc_auc val_metric=0.9357
Step 3650 | loss 0.2209 | val_acc=0.8792 val_roc_auc=0.9356 val_loss=0.2631 val_metric_name=roc_auc val_metric=0.9356
Step 3700 | loss 0.2216 | val_acc=0.8808 val_roc_auc=0.9357 val_loss=0.2634 val_metric_name=roc_auc val_metric=0.9357
Early stopping at step 3747

--- Final (best ckpt @ step 3380) ---
  train_acc=0.9146 train_roc_auc=0.9628 train_loss=0.1933 train_metric_name=roc_auc train_metric=0.9628
  val_acc=0.8784 val_roc_auc=0.9360 val_loss=0.2594 val_metric_name=roc_auc val_metric=0.9360
  test_acc=0.8936 test_roc_auc=0.9451 test_loss=0.2412 test_metric_name=roc_auc test_metric=0.9451
  test_roc_auc=0.9451

============================================================
Training TABM-minesweeper GAT-sep 5L h=384 lr=3e-05 split=0
============================================================
Training for 5000 steps
Step    1 | loss 1.1709 | val_acc=0.7924 val_roc_auc=0.5781 val_loss=0.5195 val_metric_name=roc_auc val_metric=0.5781
Step   50 | loss 0.4387 | val_acc=0.8244 val_roc_auc=0.8349 val_loss=0.3913 val_metric_name=roc_auc val_metric=0.8349
Step  100 | loss 0.3701 | val_acc=0.8328 val_roc_auc=0.8760 val_loss=0.3466 val_metric_name=roc_auc val_metric=0.8760
Step  150 | loss 0.3357 | val_acc=0.8316 val_roc_auc=0.8862 val_loss=0.3518 val_metric_name=roc_auc val_metric=0.8862
Step  200 | loss 0.3139 | val_acc=0.8292 val_roc_auc=0.8916 val_loss=0.3499 val_metric_name=roc_auc val_metric=0.8916
Step  250 | loss 0.3076 | val_acc=0.8296 val_roc_auc=0.8959 val_loss=0.3429 val_metric_name=roc_auc val_metric=0.8959
Step  300 | loss 0.2972 | val_acc=0.8368 val_roc_auc=0.8989 val_loss=0.3364 val_metric_name=roc_auc val_metric=0.8989
Step  350 | loss 0.2914 | val_acc=0.8424 val_roc_auc=0.9019 val_loss=0.3312 val_metric_name=roc_auc val_metric=0.9019
Step  400 | loss 0.2854 | val_acc=0.8448 val_roc_auc=0.9047 val_loss=0.3249 val_metric_name=roc_auc val_metric=0.9047
Step  450 | loss 0.2792 | val_acc=0.8464 val_roc_auc=0.9072 val_loss=0.3169 val_metric_name=roc_auc val_metric=0.9072
Step  500 | loss 0.2752 | val_acc=0.8536 val_roc_auc=0.9102 val_loss=0.3072 val_metric_name=roc_auc val_metric=0.9102
Step  550 | loss 0.2725 | val_acc=0.8640 val_roc_auc=0.9130 val_loss=0.2984 val_metric_name=roc_auc val_metric=0.9130
Step  600 | loss 0.2652 | val_acc=0.8636 val_roc_auc=0.9156 val_loss=0.2937 val_metric_name=roc_auc val_metric=0.9156
Step  650 | loss 0.2580 | val_acc=0.8660 val_roc_auc=0.9189 val_loss=0.2869 val_metric_name=roc_auc val_metric=0.9189
Step  700 | loss 0.2527 | val_acc=0.8704 val_roc_auc=0.9224 val_loss=0.2814 val_metric_name=roc_auc val_metric=0.9224
Step  750 | loss 0.2457 | val_acc=0.8712 val_roc_auc=0.9252 val_loss=0.2786 val_metric_name=roc_auc val_metric=0.9252
Step  800 | loss 0.2392 | val_acc=0.8708 val_roc_auc=0.9275 val_loss=0.2759 val_metric_name=roc_auc val_metric=0.9275
Step  850 | loss 0.2374 | val_acc=0.8720 val_roc_auc=0.9297 val_loss=0.2724 val_metric_name=roc_auc val_metric=0.9297
Step  900 | loss 0.2318 | val_acc=0.8732 val_roc_auc=0.9305 val_loss=0.2732 val_metric_name=roc_auc val_metric=0.9305
Step  950 | loss 0.2295 | val_acc=0.8744 val_roc_auc=0.9316 val_loss=0.2733 val_metric_name=roc_auc val_metric=0.9316
Step 1000 | loss 0.2266 | val_acc=0.8768 val_roc_auc=0.9328 val_loss=0.2724 val_metric_name=roc_auc val_metric=0.9328
Step 1050 | loss 0.2194 | val_acc=0.8772 val_roc_auc=0.9325 val_loss=0.2760 val_metric_name=roc_auc val_metric=0.9325
Step 1100 | loss 0.2169 | val_acc=0.8780 val_roc_auc=0.9321 val_loss=0.2789 val_metric_name=roc_auc val_metric=0.9321
Step 1150 | loss 0.2161 | val_acc=0.8768 val_roc_auc=0.9321 val_loss=0.2816 val_metric_name=roc_auc val_metric=0.9321
Step 1200 | loss 0.2120 | val_acc=0.8792 val_roc_auc=0.9317 val_loss=0.2837 val_metric_name=roc_auc val_metric=0.9317
Step 1250 | loss 0.2110 | val_acc=0.8788 val_roc_auc=0.9313 val_loss=0.2861 val_metric_name=roc_auc val_metric=0.9313
Step 1300 | loss 0.2046 | val_acc=0.8788 val_roc_auc=0.9306 val_loss=0.2930 val_metric_name=roc_auc val_metric=0.9306
Early stopping at step 1300

--- Final (best ckpt @ step 1000) ---
  train_acc=0.9170 train_roc_auc=0.9644 train_loss=0.1897 train_metric_name=roc_auc train_metric=0.9644
  val_acc=0.8768 val_roc_auc=0.9328 val_loss=0.2724 val_metric_name=roc_auc val_metric=0.9328
  test_acc=0.8896 test_roc_auc=0.9418 test_loss=0.2565 test_metric_name=roc_auc test_metric=0.9418
  test_roc_auc=0.9418

============================================================
Training TABM-minesweeper GAT-sep 5L h=384 lr=6e-05 split=0
============================================================
Training for 5000 steps
Step    1 | loss 1.1709 | val_acc=0.8000 val_roc_auc=0.5788 val_loss=0.6515 val_metric_name=roc_auc val_metric=0.5788
Step   50 | loss 0.3884 | val_acc=0.8296 val_roc_auc=0.8660 val_loss=0.3559 val_metric_name=roc_auc val_metric=0.8660
Step  100 | loss 0.3286 | val_acc=0.8288 val_roc_auc=0.8870 val_loss=0.3524 val_metric_name=roc_auc val_metric=0.8870
Step  150 | loss 0.3070 | val_acc=0.8308 val_roc_auc=0.8959 val_loss=0.3408 val_metric_name=roc_auc val_metric=0.8959
Step  200 | loss 0.2908 | val_acc=0.8424 val_roc_auc=0.9005 val_loss=0.3334 val_metric_name=roc_auc val_metric=0.9005
Step  250 | loss 0.2856 | val_acc=0.8464 val_roc_auc=0.9057 val_loss=0.3206 val_metric_name=roc_auc val_metric=0.9057
Step  300 | loss 0.2754 | val_acc=0.8572 val_roc_auc=0.9099 val_loss=0.3067 val_metric_name=roc_auc val_metric=0.9099
Step  350 | loss 0.2672 | val_acc=0.8636 val_roc_auc=0.9138 val_loss=0.2973 val_metric_name=roc_auc val_metric=0.9138
Step  400 | loss 0.2582 | val_acc=0.8664 val_roc_auc=0.9190 val_loss=0.2873 val_metric_name=roc_auc val_metric=0.9190
Step  450 | loss 0.2472 | val_acc=0.8688 val_roc_auc=0.9236 val_loss=0.2828 val_metric_name=roc_auc val_metric=0.9236
Step  500 | loss 0.2405 | val_acc=0.8716 val_roc_auc=0.9280 val_loss=0.2762 val_metric_name=roc_auc val_metric=0.9280
Step  550 | loss 0.2340 | val_acc=0.8712 val_roc_auc=0.9304 val_loss=0.2746 val_metric_name=roc_auc val_metric=0.9304
Step  600 | loss 0.2290 | val_acc=0.8760 val_roc_auc=0.9316 val_loss=0.2755 val_metric_name=roc_auc val_metric=0.9316
Step  650 | loss 0.2170 | val_acc=0.8740 val_roc_auc=0.9322 val_loss=0.2750 val_metric_name=roc_auc val_metric=0.9322
Step  700 | loss 0.2146 | val_acc=0.8772 val_roc_auc=0.9313 val_loss=0.2828 val_metric_name=roc_auc val_metric=0.9313
Step  750 | loss 0.2077 | val_acc=0.8768 val_roc_auc=0.9307 val_loss=0.2857 val_metric_name=roc_auc val_metric=0.9307
Step  800 | loss 0.2021 | val_acc=0.8760 val_roc_auc=0.9297 val_loss=0.2942 val_metric_name=roc_auc val_metric=0.9297
Step  850 | loss 0.1999 | val_acc=0.8764 val_roc_auc=0.9290 val_loss=0.2985 val_metric_name=roc_auc val_metric=0.9290
Step  900 | loss 0.1921 | val_acc=0.8756 val_roc_auc=0.9278 val_loss=0.3097 val_metric_name=roc_auc val_metric=0.9278
Early stopping at step 932

--- Final (best ckpt @ step 630) ---
  train_acc=0.9184 train_roc_auc=0.9653 train_loss=0.1866 train_metric_name=roc_auc train_metric=0.9653
  val_acc=0.8744 val_roc_auc=0.9324 val_loss=0.2734 val_metric_name=roc_auc val_metric=0.9324
  test_acc=0.8884 test_roc_auc=0.9418 test_loss=0.2559 test_metric_name=roc_auc test_metric=0.9418
  test_roc_auc=0.9418

============================================================
Training TABM-minesweeper GAT-sep 5L h=384 lr=0.0001 split=0
============================================================
Training for 5000 steps
Step    1 | loss 1.1709 | val_acc=0.8000 val_roc_auc=0.5576 val_loss=1.1080 val_metric_name=roc_auc val_metric=0.5576
Step   50 | loss 0.3569 | val_acc=0.8304 val_roc_auc=0.8786 val_loss=0.3469 val_metric_name=roc_auc val_metric=0.8786
Step  100 | loss 0.3111 | val_acc=0.8284 val_roc_auc=0.8928 val_loss=0.3435 val_metric_name=roc_auc val_metric=0.8928
Step  150 | loss 0.2925 | val_acc=0.8432 val_roc_auc=0.9010 val_loss=0.3301 val_metric_name=roc_auc val_metric=0.9010
Step  200 | loss 0.2775 | val_acc=0.8476 val_roc_auc=0.9070 val_loss=0.3188 val_metric_name=roc_auc val_metric=0.9070
Step  250 | loss 0.2711 | val_acc=0.8644 val_roc_auc=0.9131 val_loss=0.2983 val_metric_name=roc_auc val_metric=0.9131
Step  300 | loss 0.2569 | val_acc=0.8636 val_roc_auc=0.9182 val_loss=0.2905 val_metric_name=roc_auc val_metric=0.9182
Step  350 | loss 0.2440 | val_acc=0.8652 val_roc_auc=0.9248 val_loss=0.2825 val_metric_name=roc_auc val_metric=0.9248
Step  400 | loss 0.2346 | val_acc=0.8720 val_roc_auc=0.9299 val_loss=0.2738 val_metric_name=roc_auc val_metric=0.9299
Step  450 | loss 0.2231 | val_acc=0.8728 val_roc_auc=0.9306 val_loss=0.2773 val_metric_name=roc_auc val_metric=0.9306
Step  500 | loss 0.2184 | val_acc=0.8788 val_roc_auc=0.9317 val_loss=0.2796 val_metric_name=roc_auc val_metric=0.9317
Step  550 | loss 0.2102 | val_acc=0.8736 val_roc_auc=0.9308 val_loss=0.2850 val_metric_name=roc_auc val_metric=0.9308
Step  600 | loss 0.2055 | val_acc=0.8748 val_roc_auc=0.9287 val_loss=0.2977 val_metric_name=roc_auc val_metric=0.9287
Step  650 | loss 0.1916 | val_acc=0.8756 val_roc_auc=0.9282 val_loss=0.3064 val_metric_name=roc_auc val_metric=0.9282
Step  700 | loss 0.1874 | val_acc=0.8692 val_roc_auc=0.9252 val_loss=0.3206 val_metric_name=roc_auc val_metric=0.9252
Step  750 | loss 0.1761 | val_acc=0.8692 val_roc_auc=0.9232 val_loss=0.3379 val_metric_name=roc_auc val_metric=0.9232
Early stopping at step 799

--- Final (best ckpt @ step 480) ---
  train_acc=0.9172 train_roc_auc=0.9660 train_loss=0.1851 train_metric_name=roc_auc train_metric=0.9660
  val_acc=0.8760 val_roc_auc=0.9320 val_loss=0.2738 val_metric_name=roc_auc val_metric=0.9320
  test_acc=0.8916 test_roc_auc=0.9411 test_loss=0.2578 test_metric_name=roc_auc test_metric=0.9411
  test_roc_auc=0.9411

============================================================
Training TABM-minesweeper GAT-sep 5L h=384 lr=1e-05 split=0
============================================================
Training for 5000 steps
Step    1 | loss 1.1709 | val_acc=0.2244 val_roc_auc=0.5516 val_loss=0.9060 val_metric_name=roc_auc val_metric=0.5516
Step   50 | loss 0.5084 | val_acc=0.8012 val_roc_auc=0.7905 val_loss=0.4799 val_metric_name=roc_auc val_metric=0.7905
Step  100 | loss 0.4558 | val_acc=0.8164 val_roc_auc=0.8225 val_loss=0.4100 val_metric_name=roc_auc val_metric=0.8225
Step  150 | loss 0.4198 | val_acc=0.8300 val_roc_auc=0.8486 val_loss=0.3804 val_metric_name=roc_auc val_metric=0.8486
Step  200 | loss 0.3865 | val_acc=0.8280 val_roc_auc=0.8659 val_loss=0.3585 val_metric_name=roc_auc val_metric=0.8659
Step  250 | loss 0.3704 | val_acc=0.8344 val_roc_auc=0.8778 val_loss=0.3467 val_metric_name=roc_auc val_metric=0.8778
Step  300 | loss 0.3490 | val_acc=0.8356 val_roc_auc=0.8837 val_loss=0.3475 val_metric_name=roc_auc val_metric=0.8837
Step  350 | loss 0.3402 | val_acc=0.8340 val_roc_auc=0.8864 val_loss=0.3512 val_metric_name=roc_auc val_metric=0.8864
Step  400 | loss 0.3295 | val_acc=0.8304 val_roc_auc=0.8884 val_loss=0.3529 val_metric_name=roc_auc val_metric=0.8884
Step  450 | loss 0.3205 | val_acc=0.8296 val_roc_auc=0.8903 val_loss=0.3515 val_metric_name=roc_auc val_metric=0.8903
Step  500 | loss 0.3159 | val_acc=0.8288 val_roc_auc=0.8925 val_loss=0.3491 val_metric_name=roc_auc val_metric=0.8925
Step  550 | loss 0.3116 | val_acc=0.8276 val_roc_auc=0.8942 val_loss=0.3461 val_metric_name=roc_auc val_metric=0.8942
Step  600 | loss 0.3081 | val_acc=0.8316 val_roc_auc=0.8957 val_loss=0.3430 val_metric_name=roc_auc val_metric=0.8957
Step  650 | loss 0.3021 | val_acc=0.8332 val_roc_auc=0.8973 val_loss=0.3404 val_metric_name=roc_auc val_metric=0.8973
Step  700 | loss 0.2995 | val_acc=0.8356 val_roc_auc=0.8985 val_loss=0.3386 val_metric_name=roc_auc val_metric=0.8985
Step  750 | loss 0.2969 | val_acc=0.8392 val_roc_auc=0.8996 val_loss=0.3368 val_metric_name=roc_auc val_metric=0.8996
Step  800 | loss 0.2919 | val_acc=0.8404 val_roc_auc=0.9006 val_loss=0.3344 val_metric_name=roc_auc val_metric=0.9006
Step  850 | loss 0.2918 | val_acc=0.8424 val_roc_auc=0.9017 val_loss=0.3304 val_metric_name=roc_auc val_metric=0.9017
Step  900 | loss 0.2883 | val_acc=0.8436 val_roc_auc=0.9030 val_loss=0.3287 val_metric_name=roc_auc val_metric=0.9030
Step  950 | loss 0.2873 | val_acc=0.8440 val_roc_auc=0.9042 val_loss=0.3260 val_metric_name=roc_auc val_metric=0.9042
Step 1000 | loss 0.2856 | val_acc=0.8440 val_roc_auc=0.9053 val_loss=0.3244 val_metric_name=roc_auc val_metric=0.9053
Step 1050 | loss 0.2818 | val_acc=0.8448 val_roc_auc=0.9065 val_loss=0.3204 val_metric_name=roc_auc val_metric=0.9065
Step 1100 | loss 0.2809 | val_acc=0.8488 val_roc_auc=0.9078 val_loss=0.3164 val_metric_name=roc_auc val_metric=0.9078
Step 1150 | loss 0.2794 | val_acc=0.8512 val_roc_auc=0.9090 val_loss=0.3131 val_metric_name=roc_auc val_metric=0.9090
Step 1200 | loss 0.2734 | val_acc=0.8548 val_roc_auc=0.9104 val_loss=0.3094 val_metric_name=roc_auc val_metric=0.9104
Step 1250 | loss 0.2755 | val_acc=0.8552 val_roc_auc=0.9116 val_loss=0.3052 val_metric_name=roc_auc val_metric=0.9116
Step 1300 | loss 0.2710 | val_acc=0.8604 val_roc_auc=0.9127 val_loss=0.3016 val_metric_name=roc_auc val_metric=0.9127
Step 1350 | loss 0.2699 | val_acc=0.8628 val_roc_auc=0.9140 val_loss=0.2985 val_metric_name=roc_auc val_metric=0.9140
Step 1400 | loss 0.2649 | val_acc=0.8644 val_roc_auc=0.9153 val_loss=0.2955 val_metric_name=roc_auc val_metric=0.9153
Step 1450 | loss 0.2649 | val_acc=0.8664 val_roc_auc=0.9169 val_loss=0.2920 val_metric_name=roc_auc val_metric=0.9169
Step 1500 | loss 0.2590 | val_acc=0.8672 val_roc_auc=0.9185 val_loss=0.2886 val_metric_name=roc_auc val_metric=0.9185
Step 1550 | loss 0.2600 | val_acc=0.8644 val_roc_auc=0.9199 val_loss=0.2862 val_metric_name=roc_auc val_metric=0.9199
Step 1600 | loss 0.2544 | val_acc=0.8668 val_roc_auc=0.9217 val_loss=0.2828 val_metric_name=roc_auc val_metric=0.9217
Step 1650 | loss 0.2504 | val_acc=0.8684 val_roc_auc=0.9231 val_loss=0.2806 val_metric_name=roc_auc val_metric=0.9231
Step 1700 | loss 0.2504 | val_acc=0.8716 val_roc_auc=0.9245 val_loss=0.2783 val_metric_name=roc_auc val_metric=0.9245
Step 1750 | loss 0.2449 | val_acc=0.8728 val_roc_auc=0.9260 val_loss=0.2764 val_metric_name=roc_auc val_metric=0.9260
Step 1800 | loss 0.2452 | val_acc=0.8708 val_roc_auc=0.9268 val_loss=0.2749 val_metric_name=roc_auc val_metric=0.9268
Step 1850 | loss 0.2425 | val_acc=0.8712 val_roc_auc=0.9279 val_loss=0.2733 val_metric_name=roc_auc val_metric=0.9279
Step 1900 | loss 0.2409 | val_acc=0.8728 val_roc_auc=0.9286 val_loss=0.2727 val_metric_name=roc_auc val_metric=0.9286
Step 1950 | loss 0.2388 | val_acc=0.8708 val_roc_auc=0.9295 val_loss=0.2719 val_metric_name=roc_auc val_metric=0.9295
Step 2000 | loss 0.2352 | val_acc=0.8736 val_roc_auc=0.9302 val_loss=0.2710 val_metric_name=roc_auc val_metric=0.9302
Step 2050 | loss 0.2317 | val_acc=0.8748 val_roc_auc=0.9307 val_loss=0.2708 val_metric_name=roc_auc val_metric=0.9307
Step 2100 | loss 0.2301 | val_acc=0.8748 val_roc_auc=0.9310 val_loss=0.2712 val_metric_name=roc_auc val_metric=0.9310
Step 2150 | loss 0.2295 | val_acc=0.8764 val_roc_auc=0.9317 val_loss=0.2707 val_metric_name=roc_auc val_metric=0.9317
Step 2200 | loss 0.2259 | val_acc=0.8764 val_roc_auc=0.9320 val_loss=0.2707 val_metric_name=roc_auc val_metric=0.9320
Step 2250 | loss 0.2251 | val_acc=0.8776 val_roc_auc=0.9324 val_loss=0.2706 val_metric_name=roc_auc val_metric=0.9324
Step 2300 | loss 0.2251 | val_acc=0.8792 val_roc_auc=0.9325 val_loss=0.2724 val_metric_name=roc_auc val_metric=0.9325
Step 2350 | loss 0.2244 | val_acc=0.8756 val_roc_auc=0.9326 val_loss=0.2729 val_metric_name=roc_auc val_metric=0.9326
Step 2400 | loss 0.2187 | val_acc=0.8768 val_roc_auc=0.9327 val_loss=0.2744 val_metric_name=roc_auc val_metric=0.9327
Step 2450 | loss 0.2216 | val_acc=0.8776 val_roc_auc=0.9328 val_loss=0.2751 val_metric_name=roc_auc val_metric=0.9328
Step 2500 | loss 0.2201 | val_acc=0.8760 val_roc_auc=0.9327 val_loss=0.2758 val_metric_name=roc_auc val_metric=0.9327
Step 2550 | loss 0.2186 | val_acc=0.8772 val_roc_auc=0.9327 val_loss=0.2777 val_metric_name=roc_auc val_metric=0.9327
Step 2600 | loss 0.2160 | val_acc=0.8768 val_roc_auc=0.9325 val_loss=0.2792 val_metric_name=roc_auc val_metric=0.9325
Step 2650 | loss 0.2156 | val_acc=0.8772 val_roc_auc=0.9323 val_loss=0.2794 val_metric_name=roc_auc val_metric=0.9323
Step 2700 | loss 0.2151 | val_acc=0.8784 val_roc_auc=0.9321 val_loss=0.2818 val_metric_name=roc_auc val_metric=0.9321
Step 2750 | loss 0.2113 | val_acc=0.8776 val_roc_auc=0.9319 val_loss=0.2837 val_metric_name=roc_auc val_metric=0.9319
Step 2800 | loss 0.2124 | val_acc=0.8796 val_roc_auc=0.9318 val_loss=0.2850 val_metric_name=roc_auc val_metric=0.9318
Early stopping at step 2840

--- Final (best ckpt @ step 2540) ---
  train_acc=0.9218 train_roc_auc=0.9670 train_loss=0.1822 train_metric_name=roc_auc train_metric=0.9670
  val_acc=0.8788 val_roc_auc=0.9330 val_loss=0.2761 val_metric_name=roc_auc val_metric=0.9330
  test_acc=0.8904 test_roc_auc=0.9425 test_loss=0.2587 test_metric_name=roc_auc test_metric=0.9425
  test_roc_auc=0.9425

============================================================
Training TABM-minesweeper GAT-sep 5L h=512 lr=3e-05 split=0
============================================================
Training for 5000 steps
Step    1 | loss 0.9149 | val_acc=0.8000 val_roc_auc=0.5359 val_loss=0.6701 val_metric_name=roc_auc val_metric=0.5359
Step   50 | loss 0.3948 | val_acc=0.8244 val_roc_auc=0.8597 val_loss=0.3721 val_metric_name=roc_auc val_metric=0.8597
Step  100 | loss 0.3382 | val_acc=0.8256 val_roc_auc=0.8822 val_loss=0.3635 val_metric_name=roc_auc val_metric=0.8822
Step  150 | loss 0.3126 | val_acc=0.8292 val_roc_auc=0.8907 val_loss=0.3523 val_metric_name=roc_auc val_metric=0.8907
Step  200 | loss 0.2979 | val_acc=0.8368 val_roc_auc=0.8970 val_loss=0.3433 val_metric_name=roc_auc val_metric=0.8970
Step  250 | loss 0.2916 | val_acc=0.8420 val_roc_auc=0.9022 val_loss=0.3300 val_metric_name=roc_auc val_metric=0.9022
Step  300 | loss 0.2839 | val_acc=0.8540 val_roc_auc=0.9073 val_loss=0.3140 val_metric_name=roc_auc val_metric=0.9073
Step  350 | loss 0.2776 | val_acc=0.8640 val_roc_auc=0.9122 val_loss=0.3007 val_metric_name=roc_auc val_metric=0.9122
Step  400 | loss 0.2666 | val_acc=0.8676 val_roc_auc=0.9163 val_loss=0.2939 val_metric_name=roc_auc val_metric=0.9163
Step  450 | loss 0.2597 | val_acc=0.8696 val_roc_auc=0.9197 val_loss=0.2948 val_metric_name=roc_auc val_metric=0.9197
Step  500 | loss 0.2475 | val_acc=0.8756 val_roc_auc=0.9238 val_loss=0.2885 val_metric_name=roc_auc val_metric=0.9238
Step  550 | loss 0.2392 | val_acc=0.8760 val_roc_auc=0.9285 val_loss=0.2786 val_metric_name=roc_auc val_metric=0.9285
Step  600 | loss 0.2330 | val_acc=0.8764 val_roc_auc=0.9304 val_loss=0.2798 val_metric_name=roc_auc val_metric=0.9304
Step  650 | loss 0.2243 | val_acc=0.8796 val_roc_auc=0.9308 val_loss=0.2848 val_metric_name=roc_auc val_metric=0.9308
Step  700 | loss 0.2190 | val_acc=0.8804 val_roc_auc=0.9309 val_loss=0.2869 val_metric_name=roc_auc val_metric=0.9309
Step  750 | loss 0.2175 | val_acc=0.8776 val_roc_auc=0.9302 val_loss=0.2905 val_metric_name=roc_auc val_metric=0.9302
Step  800 | loss 0.2107 | val_acc=0.8792 val_roc_auc=0.9289 val_loss=0.2979 val_metric_name=roc_auc val_metric=0.9289
Step  850 | loss 0.2091 | val_acc=0.8784 val_roc_auc=0.9282 val_loss=0.3031 val_metric_name=roc_auc val_metric=0.9282
Step  900 | loss 0.2044 | val_acc=0.8772 val_roc_auc=0.9280 val_loss=0.3076 val_metric_name=roc_auc val_metric=0.9280
Early stopping at step 940

--- Final (best ckpt @ step 640) ---
  train_acc=0.9118 train_roc_auc=0.9601 train_loss=0.2027 train_metric_name=roc_auc train_metric=0.9601
  val_acc=0.8772 val_roc_auc=0.9312 val_loss=0.2825 val_metric_name=roc_auc val_metric=0.9312
  test_acc=0.8880 test_roc_auc=0.9398 test_loss=0.2623 test_metric_name=roc_auc test_metric=0.9398
  test_roc_auc=0.9398

============================================================
Training TABM-minesweeper GAT-sep 5L h=512 lr=6e-05 split=0
============================================================
Training for 5000 steps
Step    1 | loss 0.9149 | val_acc=0.8000 val_roc_auc=0.5491 val_loss=1.1518 val_metric_name=roc_auc val_metric=0.5491
Step   50 | loss 0.3506 | val_acc=0.8312 val_roc_auc=0.8785 val_loss=0.3544 val_metric_name=roc_auc val_metric=0.8785
Step  100 | loss 0.3136 | val_acc=0.8308 val_roc_auc=0.8917 val_loss=0.3520 val_metric_name=roc_auc val_metric=0.8917
Step  150 | loss 0.2927 | val_acc=0.8424 val_roc_auc=0.9006 val_loss=0.3340 val_metric_name=roc_auc val_metric=0.9006
Step  200 | loss 0.2781 | val_acc=0.8552 val_roc_auc=0.9084 val_loss=0.3126 val_metric_name=roc_auc val_metric=0.9084
Step  250 | loss 0.2703 | val_acc=0.8664 val_roc_auc=0.9153 val_loss=0.2957 val_metric_name=roc_auc val_metric=0.9153
Step  300 | loss 0.2554 | val_acc=0.8728 val_roc_auc=0.9210 val_loss=0.2890 val_metric_name=roc_auc val_metric=0.9210
Step  350 | loss 0.2416 | val_acc=0.8764 val_roc_auc=0.9272 val_loss=0.2811 val_metric_name=roc_auc val_metric=0.9272
Step  400 | loss 0.2303 | val_acc=0.8772 val_roc_auc=0.9308 val_loss=0.2822 val_metric_name=roc_auc val_metric=0.9308
Step  450 | loss 0.2216 | val_acc=0.8784 val_roc_auc=0.9311 val_loss=0.2853 val_metric_name=roc_auc val_metric=0.9311
Step  500 | loss 0.2117 | val_acc=0.8756 val_roc_auc=0.9295 val_loss=0.2962 val_metric_name=roc_auc val_metric=0.9295
Step  550 | loss 0.2077 | val_acc=0.8760 val_roc_auc=0.9276 val_loss=0.3039 val_metric_name=roc_auc val_metric=0.9276
Step  600 | loss 0.1997 | val_acc=0.8788 val_roc_auc=0.9261 val_loss=0.3158 val_metric_name=roc_auc val_metric=0.9261
Step  650 | loss 0.1889 | val_acc=0.8752 val_roc_auc=0.9246 val_loss=0.3284 val_metric_name=roc_auc val_metric=0.9246
Step  700 | loss 0.1811 | val_acc=0.8744 val_roc_auc=0.9233 val_loss=0.3373 val_metric_name=roc_auc val_metric=0.9233
Step  750 | loss 0.1746 | val_acc=0.8700 val_roc_auc=0.9207 val_loss=0.3660 val_metric_name=roc_auc val_metric=0.9207
Early stopping at step 752

--- Final (best ckpt @ step 440) ---
  train_acc=0.9134 train_roc_auc=0.9623 train_loss=0.1968 train_metric_name=roc_auc train_metric=0.9623
  val_acc=0.8788 val_roc_auc=0.9314 val_loss=0.2845 val_metric_name=roc_auc val_metric=0.9314
  test_acc=0.8888 test_roc_auc=0.9394 test_loss=0.2683 test_metric_name=roc_auc test_metric=0.9394
  test_roc_auc=0.9394

============================================================
Training TABM-minesweeper GAT-sep 5L h=512 lr=0.0001 split=0
============================================================
Training for 5000 steps
Step    1 | loss 0.9149 | val_acc=0.8000 val_roc_auc=0.5583 val_loss=1.7441 val_metric_name=roc_auc val_metric=0.5583
Step   50 | loss 0.3316 | val_acc=0.8228 val_roc_auc=0.8795 val_loss=0.3613 val_metric_name=roc_auc val_metric=0.8795
Step  100 | loss 0.3006 | val_acc=0.8336 val_roc_auc=0.8969 val_loss=0.3452 val_metric_name=roc_auc val_metric=0.8969
Step  150 | loss 0.2806 | val_acc=0.8516 val_roc_auc=0.9070 val_loss=0.3172 val_metric_name=roc_auc val_metric=0.9070
Step  200 | loss 0.2652 | val_acc=0.8668 val_roc_auc=0.9147 val_loss=0.2967 val_metric_name=roc_auc val_metric=0.9147
Step  250 | loss 0.2503 | val_acc=0.8720 val_roc_auc=0.9219 val_loss=0.2890 val_metric_name=roc_auc val_metric=0.9219
Step  300 | loss 0.2309 | val_acc=0.8788 val_roc_auc=0.9309 val_loss=0.2764 val_metric_name=roc_auc val_metric=0.9309
Step  350 | loss 0.2204 | val_acc=0.8772 val_roc_auc=0.9297 val_loss=0.2886 val_metric_name=roc_auc val_metric=0.9297
Step  400 | loss 0.2101 | val_acc=0.8796 val_roc_auc=0.9294 val_loss=0.2988 val_metric_name=roc_auc val_metric=0.9294
Step  450 | loss 0.1987 | val_acc=0.8756 val_roc_auc=0.9261 val_loss=0.3174 val_metric_name=roc_auc val_metric=0.9261
Step  500 | loss 0.1875 | val_acc=0.8768 val_roc_auc=0.9238 val_loss=0.3368 val_metric_name=roc_auc val_metric=0.9238
Step  550 | loss 0.1774 | val_acc=0.8716 val_roc_auc=0.9220 val_loss=0.3556 val_metric_name=roc_auc val_metric=0.9220
Step  600 | loss 0.1643 | val_acc=0.8672 val_roc_auc=0.9208 val_loss=0.3837 val_metric_name=roc_auc val_metric=0.9208
Early stopping at step 638

--- Final (best ckpt @ step 320) ---
  train_acc=0.9130 train_roc_auc=0.9607 train_loss=0.2010 train_metric_name=roc_auc train_metric=0.9607
  val_acc=0.8804 val_roc_auc=0.9317 val_loss=0.2791 val_metric_name=roc_auc val_metric=0.9317
  test_acc=0.8892 test_roc_auc=0.9387 test_loss=0.2658 test_metric_name=roc_auc test_metric=0.9387
  test_roc_auc=0.9387

============================================================
Training TABM-minesweeper GAT-sep 5L h=512 lr=1e-05 split=0
============================================================
Training for 5000 steps
Step    1 | loss 0.9149 | val_acc=0.8012 val_roc_auc=0.5161 val_loss=0.5215 val_metric_name=roc_auc val_metric=0.5161
Step   50 | loss 0.4704 | val_acc=0.8160 val_roc_auc=0.8110 val_loss=0.4297 val_metric_name=roc_auc val_metric=0.8110
Step  100 | loss 0.4109 | val_acc=0.8272 val_roc_auc=0.8522 val_loss=0.3858 val_metric_name=roc_auc val_metric=0.8522
Step  150 | loss 0.3693 | val_acc=0.8300 val_roc_auc=0.8738 val_loss=0.3557 val_metric_name=roc_auc val_metric=0.8738
Step  200 | loss 0.3451 | val_acc=0.8272 val_roc_auc=0.8805 val_loss=0.3594 val_metric_name=roc_auc val_metric=0.8805
Step  250 | loss 0.3331 | val_acc=0.8284 val_roc_auc=0.8841 val_loss=0.3615 val_metric_name=roc_auc val_metric=0.8841
Step  300 | loss 0.3241 | val_acc=0.8276 val_roc_auc=0.8877 val_loss=0.3572 val_metric_name=roc_auc val_metric=0.8877
Step  350 | loss 0.3162 | val_acc=0.8276 val_roc_auc=0.8908 val_loss=0.3546 val_metric_name=roc_auc val_metric=0.8908
Step  400 | loss 0.3057 | val_acc=0.8324 val_roc_auc=0.8935 val_loss=0.3504 val_metric_name=roc_auc val_metric=0.8935
Step  450 | loss 0.3012 | val_acc=0.8344 val_roc_auc=0.8961 val_loss=0.3457 val_metric_name=roc_auc val_metric=0.8961
Step  500 | loss 0.2966 | val_acc=0.8388 val_roc_auc=0.8983 val_loss=0.3413 val_metric_name=roc_auc val_metric=0.8983
Step  550 | loss 0.2938 | val_acc=0.8404 val_roc_auc=0.9005 val_loss=0.3346 val_metric_name=roc_auc val_metric=0.9005
Step  600 | loss 0.2902 | val_acc=0.8428 val_roc_auc=0.9027 val_loss=0.3286 val_metric_name=roc_auc val_metric=0.9027
Step  650 | loss 0.2858 | val_acc=0.8480 val_roc_auc=0.9049 val_loss=0.3221 val_metric_name=roc_auc val_metric=0.9049
Step  700 | loss 0.2802 | val_acc=0.8548 val_roc_auc=0.9073 val_loss=0.3145 val_metric_name=roc_auc val_metric=0.9073
Step  750 | loss 0.2787 | val_acc=0.8568 val_roc_auc=0.9095 val_loss=0.3085 val_metric_name=roc_auc val_metric=0.9095
Step  800 | loss 0.2758 | val_acc=0.8640 val_roc_auc=0.9116 val_loss=0.3029 val_metric_name=roc_auc val_metric=0.9116
Step  850 | loss 0.2727 | val_acc=0.8672 val_roc_auc=0.9138 val_loss=0.2980 val_metric_name=roc_auc val_metric=0.9138
Step  900 | loss 0.2707 | val_acc=0.8656 val_roc_auc=0.9158 val_loss=0.2947 val_metric_name=roc_auc val_metric=0.9158
Step  950 | loss 0.2644 | val_acc=0.8684 val_roc_auc=0.9176 val_loss=0.2929 val_metric_name=roc_auc val_metric=0.9176
Step 1000 | loss 0.2587 | val_acc=0.8692 val_roc_auc=0.9192 val_loss=0.2925 val_metric_name=roc_auc val_metric=0.9192
Step 1050 | loss 0.2568 | val_acc=0.8716 val_roc_auc=0.9206 val_loss=0.2931 val_metric_name=roc_auc val_metric=0.9206
Step 1100 | loss 0.2525 | val_acc=0.8728 val_roc_auc=0.9225 val_loss=0.2913 val_metric_name=roc_auc val_metric=0.9225
Step 1150 | loss 0.2480 | val_acc=0.8736 val_roc_auc=0.9243 val_loss=0.2879 val_metric_name=roc_auc val_metric=0.9243
Step 1200 | loss 0.2428 | val_acc=0.8768 val_roc_auc=0.9258 val_loss=0.2832 val_metric_name=roc_auc val_metric=0.9258
Step 1250 | loss 0.2405 | val_acc=0.8748 val_roc_auc=0.9273 val_loss=0.2806 val_metric_name=roc_auc val_metric=0.9273
Step 1300 | loss 0.2353 | val_acc=0.8752 val_roc_auc=0.9288 val_loss=0.2788 val_metric_name=roc_auc val_metric=0.9288
Step 1350 | loss 0.2381 | val_acc=0.8736 val_roc_auc=0.9300 val_loss=0.2790 val_metric_name=roc_auc val_metric=0.9300
Step 1400 | loss 0.2312 | val_acc=0.8744 val_roc_auc=0.9301 val_loss=0.2803 val_metric_name=roc_auc val_metric=0.9301
Step 1450 | loss 0.2285 | val_acc=0.8764 val_roc_auc=0.9305 val_loss=0.2823 val_metric_name=roc_auc val_metric=0.9305
Step 1500 | loss 0.2271 | val_acc=0.8776 val_roc_auc=0.9308 val_loss=0.2837 val_metric_name=roc_auc val_metric=0.9308
Step 1550 | loss 0.2240 | val_acc=0.8776 val_roc_auc=0.9308 val_loss=0.2845 val_metric_name=roc_auc val_metric=0.9308
Step 1600 | loss 0.2228 | val_acc=0.8776 val_roc_auc=0.9305 val_loss=0.2859 val_metric_name=roc_auc val_metric=0.9305
Step 1650 | loss 0.2211 | val_acc=0.8784 val_roc_auc=0.9301 val_loss=0.2891 val_metric_name=roc_auc val_metric=0.9301
Step 1700 | loss 0.2169 | val_acc=0.8780 val_roc_auc=0.9300 val_loss=0.2911 val_metric_name=roc_auc val_metric=0.9300
Step 1750 | loss 0.2159 | val_acc=0.8772 val_roc_auc=0.9297 val_loss=0.2917 val_metric_name=roc_auc val_metric=0.9297
Step 1800 | loss 0.2140 | val_acc=0.8772 val_roc_auc=0.9296 val_loss=0.2948 val_metric_name=roc_auc val_metric=0.9296
Step 1850 | loss 0.2108 | val_acc=0.8760 val_roc_auc=0.9287 val_loss=0.2981 val_metric_name=roc_auc val_metric=0.9287
Early stopping at step 1870

--- Final (best ckpt @ step 1570) ---
  train_acc=0.9124 train_roc_auc=0.9613 train_loss=0.2001 train_metric_name=roc_auc train_metric=0.9613
  val_acc=0.8788 val_roc_auc=0.9308 val_loss=0.2869 val_metric_name=roc_auc val_metric=0.9308
  test_acc=0.8868 test_roc_auc=0.9396 test_loss=0.2668 test_metric_name=roc_auc test_metric=0.9396
  test_roc_auc=0.9396
  >> num_layers=1 hidden_dim=256 lr=3e-05 best_step=520 val_roc_auc=0.8716 test_roc_auc=0.8749
     val_acc=0.8272 val_loss=0.3381 val_metric=0.8716 val_metric_name=roc_auc val_roc_auc=0.8716
     test_acc=0.8336 test_loss=0.3365 test_metric=0.8749 test_metric_name=roc_auc test_roc_auc=0.8749
  >> num_layers=1 hidden_dim=256 lr=6e-05 best_step=290 val_roc_auc=0.8715 test_roc_auc=0.8749
     val_acc=0.8276 val_loss=0.3385 val_metric=0.8715 val_metric_name=roc_auc val_roc_auc=0.8715
     test_acc=0.8324 test_loss=0.3369 test_metric=0.8749 test_metric_name=roc_auc test_roc_auc=0.8749
  >> num_layers=1 hidden_dim=256 lr=0.0001 best_step=860 val_roc_auc=0.8722 test_roc_auc=0.8747
     val_acc=0.8244 val_loss=0.3389 val_metric=0.8722 val_metric_name=roc_auc val_roc_auc=0.8722
     test_acc=0.8368 test_loss=0.3359 test_metric=0.8747 test_metric_name=roc_auc test_roc_auc=0.8747
  >> num_layers=1 hidden_dim=256 lr=1e-05 best_step=1380 val_roc_auc=0.8715 test_roc_auc=0.8751
     val_acc=0.8280 val_loss=0.3383 val_metric=0.8715 val_metric_name=roc_auc val_roc_auc=0.8715
     test_acc=0.8324 test_loss=0.3366 test_metric=0.8751 test_metric_name=roc_auc test_roc_auc=0.8751
  >> num_layers=1 hidden_dim=384 lr=3e-05 best_step=2220 val_roc_auc=0.8717 test_roc_auc=0.8747
     val_acc=0.8232 val_loss=0.3413 val_metric=0.8717 val_metric_name=roc_auc val_roc_auc=0.8717
     test_acc=0.8372 test_loss=0.3383 test_metric=0.8747 test_metric_name=roc_auc test_roc_auc=0.8747
  >> num_layers=1 hidden_dim=384 lr=6e-05 best_step=1210 val_roc_auc=0.8715 test_roc_auc=0.8744
     val_acc=0.8240 val_loss=0.3408 val_metric=0.8715 val_metric_name=roc_auc val_roc_auc=0.8715
     test_acc=0.8368 test_loss=0.3377 test_metric=0.8744 test_metric_name=roc_auc test_roc_auc=0.8744
  >> num_layers=1 hidden_dim=384 lr=0.0001 best_step=960 val_roc_auc=0.8717 test_roc_auc=0.8744
     val_acc=0.8240 val_loss=0.3398 val_metric=0.8717 val_metric_name=roc_auc val_roc_auc=0.8717
     test_acc=0.8376 test_loss=0.3372 test_metric=0.8744 test_metric_name=roc_auc test_roc_auc=0.8744
  >> num_layers=1 hidden_dim=384 lr=1e-05 best_step=2900 val_roc_auc=0.8713 test_roc_auc=0.8747
     val_acc=0.8240 val_loss=0.3412 val_metric=0.8713 val_metric_name=roc_auc val_roc_auc=0.8713
     test_acc=0.8340 test_loss=0.3384 test_metric=0.8747 test_metric_name=roc_auc test_roc_auc=0.8747
  >> num_layers=1 hidden_dim=512 lr=3e-05 best_step=220 val_roc_auc=0.8699 test_roc_auc=0.8733
     val_acc=0.8256 val_loss=0.3433 val_metric=0.8699 val_metric_name=roc_auc val_roc_auc=0.8699
     test_acc=0.8360 test_loss=0.3396 test_metric=0.8733 test_metric_name=roc_auc test_roc_auc=0.8733
  >> num_layers=1 hidden_dim=512 lr=6e-05 best_step=760 val_roc_auc=0.8707 test_roc_auc=0.8745
     val_acc=0.8248 val_loss=0.3412 val_metric=0.8707 val_metric_name=roc_auc val_roc_auc=0.8707
     test_acc=0.8396 test_loss=0.3369 test_metric=0.8745 test_metric_name=roc_auc test_roc_auc=0.8745
  >> num_layers=1 hidden_dim=512 lr=0.0001 best_step=600 val_roc_auc=0.8706 test_roc_auc=0.8740
     val_acc=0.8232 val_loss=0.3402 val_metric=0.8706 val_metric_name=roc_auc val_roc_auc=0.8706
     test_acc=0.8384 test_loss=0.3366 test_metric=0.8740 test_metric_name=roc_auc test_roc_auc=0.8740
  >> num_layers=1 hidden_dim=512 lr=1e-05 best_step=570 val_roc_auc=0.8703 test_roc_auc=0.8733
     val_acc=0.8260 val_loss=0.3432 val_metric=0.8703 val_metric_name=roc_auc val_roc_auc=0.8703
     test_acc=0.8356 test_loss=0.3399 test_metric=0.8733 test_metric_name=roc_auc test_roc_auc=0.8733
  >> num_layers=2 hidden_dim=256 lr=3e-05 best_step=940 val_roc_auc=0.8931 test_roc_auc=0.9016
     val_acc=0.8396 val_loss=0.3290 val_metric=0.8931 val_metric_name=roc_auc val_roc_auc=0.8931
     test_acc=0.8512 test_loss=0.3202 test_metric=0.9016 test_metric_name=roc_auc test_roc_auc=0.9016
  >> num_layers=2 hidden_dim=256 lr=6e-05 best_step=530 val_roc_auc=0.8929 test_roc_auc=0.9013
     val_acc=0.8404 val_loss=0.3299 val_metric=0.8929 val_metric_name=roc_auc val_roc_auc=0.8929
     test_acc=0.8488 test_loss=0.3214 test_metric=0.9013 test_metric_name=roc_auc test_roc_auc=0.9013
  >> num_layers=2 hidden_dim=256 lr=0.0001 best_step=380 val_roc_auc=0.8928 test_roc_auc=0.9013
     val_acc=0.8396 val_loss=0.3302 val_metric=0.8928 val_metric_name=roc_auc val_roc_auc=0.8928
     test_acc=0.8484 test_loss=0.3212 test_metric=0.9013 test_metric_name=roc_auc test_roc_auc=0.9013
  >> num_layers=2 hidden_dim=256 lr=1e-05 best_step=2420 val_roc_auc=0.8930 test_roc_auc=0.9017
     val_acc=0.8396 val_loss=0.3307 val_metric=0.8930 val_metric_name=roc_auc val_roc_auc=0.8930
     test_acc=0.8500 test_loss=0.3218 test_metric=0.9017 test_metric_name=roc_auc test_roc_auc=0.9017
  >> num_layers=2 hidden_dim=384 lr=3e-05 best_step=720 val_roc_auc=0.8922 test_roc_auc=0.9015
     val_acc=0.8424 val_loss=0.3337 val_metric=0.8922 val_metric_name=roc_auc val_roc_auc=0.8922
     test_acc=0.8536 test_loss=0.3217 test_metric=0.9015 test_metric_name=roc_auc test_roc_auc=0.9015
  >> num_layers=2 hidden_dim=384 lr=6e-05 best_step=370 val_roc_auc=0.8921 test_roc_auc=0.9011
     val_acc=0.8408 val_loss=0.3336 val_metric=0.8921 val_metric_name=roc_auc val_roc_auc=0.8921
     test_acc=0.8524 test_loss=0.3220 test_metric=0.9011 test_metric_name=roc_auc test_roc_auc=0.9011
  >> num_layers=2 hidden_dim=384 lr=0.0001 best_step=300 val_roc_auc=0.8921 test_roc_auc=0.9016
     val_acc=0.8428 val_loss=0.3326 val_metric=0.8921 val_metric_name=roc_auc val_roc_auc=0.8921
     test_acc=0.8528 test_loss=0.3203 test_metric=0.9016 test_metric_name=roc_auc test_roc_auc=0.9016
  >> num_layers=2 hidden_dim=384 lr=1e-05 best_step=1580 val_roc_auc=0.8924 test_roc_auc=0.9012
     val_acc=0.8408 val_loss=0.3355 val_metric=0.8924 val_metric_name=roc_auc val_roc_auc=0.8924
     test_acc=0.8548 test_loss=0.3242 test_metric=0.9012 test_metric_name=roc_auc test_roc_auc=0.9012
  >> num_layers=2 hidden_dim=512 lr=3e-05 best_step=590 val_roc_auc=0.8932 test_roc_auc=0.9020
     val_acc=0.8376 val_loss=0.3377 val_metric=0.8932 val_metric_name=roc_auc val_roc_auc=0.8932
     test_acc=0.8480 test_loss=0.3296 test_metric=0.9020 test_metric_name=roc_auc test_roc_auc=0.9020
  >> num_layers=2 hidden_dim=512 lr=6e-05 best_step=390 val_roc_auc=0.8932 test_roc_auc=0.9018
     val_acc=0.8372 val_loss=0.3368 val_metric=0.8932 val_metric_name=roc_auc val_roc_auc=0.8932
     test_acc=0.8504 test_loss=0.3285 test_metric=0.9018 test_metric_name=roc_auc test_roc_auc=0.9018
  >> num_layers=2 hidden_dim=512 lr=0.0001 best_step=280 val_roc_auc=0.8931 test_roc_auc=0.9014
     val_acc=0.8376 val_loss=0.3357 val_metric=0.8931 val_metric_name=roc_auc val_roc_auc=0.8931
     test_acc=0.8484 test_loss=0.3274 test_metric=0.9014 test_metric_name=roc_auc test_roc_auc=0.9014
  >> num_layers=2 hidden_dim=512 lr=1e-05 best_step=1420 val_roc_auc=0.8931 test_roc_auc=0.9018
     val_acc=0.8376 val_loss=0.3409 val_metric=0.8931 val_metric_name=roc_auc val_roc_auc=0.8931
     test_acc=0.8456 test_loss=0.3334 test_metric=0.9018 test_metric_name=roc_auc test_roc_auc=0.9018
  >> num_layers=3 hidden_dim=256 lr=3e-05 best_step=1330 val_roc_auc=0.9130 test_roc_auc=0.9226
     val_acc=0.8640 val_loss=0.2929 val_metric=0.9130 val_metric_name=roc_auc val_roc_auc=0.9130
     test_acc=0.8776 test_loss=0.2757 test_metric=0.9226 test_metric_name=roc_auc test_roc_auc=0.9226
  >> num_layers=3 hidden_dim=256 lr=6e-05 best_step=760 val_roc_auc=0.9130 test_roc_auc=0.9223
     val_acc=0.8636 val_loss=0.2934 val_metric=0.9130 val_metric_name=roc_auc val_roc_auc=0.9130
     test_acc=0.8740 test_loss=0.2763 test_metric=0.9223 test_metric_name=roc_auc test_roc_auc=0.9223
  >> num_layers=3 hidden_dim=256 lr=0.0001 best_step=510 val_roc_auc=0.9130 test_roc_auc=0.9224
     val_acc=0.8648 val_loss=0.2923 val_metric=0.9130 val_metric_name=roc_auc val_roc_auc=0.9130
     test_acc=0.8740 test_loss=0.2757 test_metric=0.9224 test_metric_name=roc_auc test_roc_auc=0.9224
  >> num_layers=3 hidden_dim=256 lr=1e-05 best_step=3220 val_roc_auc=0.9132 test_roc_auc=0.9224
     val_acc=0.8640 val_loss=0.2927 val_metric=0.9132 val_metric_name=roc_auc val_roc_auc=0.9132
     test_acc=0.8764 test_loss=0.2762 test_metric=0.9224 test_metric_name=roc_auc test_roc_auc=0.9224
  >> num_layers=3 hidden_dim=384 lr=3e-05 best_step=960 val_roc_auc=0.9132 test_roc_auc=0.9208
     val_acc=0.8664 val_loss=0.2964 val_metric=0.9132 val_metric_name=roc_auc val_roc_auc=0.9132
     test_acc=0.8776 test_loss=0.2821 test_metric=0.9208 test_metric_name=roc_auc test_roc_auc=0.9208
  >> num_layers=3 hidden_dim=384 lr=6e-05 best_step=520 val_roc_auc=0.9131 test_roc_auc=0.9204
     val_acc=0.8688 val_loss=0.2950 val_metric=0.9131 val_metric_name=roc_auc val_roc_auc=0.9131
     test_acc=0.8764 test_loss=0.2810 test_metric=0.9204 test_metric_name=roc_auc test_roc_auc=0.9204
  >> num_layers=3 hidden_dim=384 lr=0.0001 best_step=410 val_roc_auc=0.9130 test_roc_auc=0.9208
     val_acc=0.8676 val_loss=0.2960 val_metric=0.9130 val_metric_name=roc_auc val_roc_auc=0.9130
     test_acc=0.8772 test_loss=0.2814 test_metric=0.9208 test_metric_name=roc_auc test_roc_auc=0.9208
  >> num_layers=3 hidden_dim=384 lr=1e-05 best_step=2270 val_roc_auc=0.9132 test_roc_auc=0.9212
     val_acc=0.8680 val_loss=0.2960 val_metric=0.9132 val_metric_name=roc_auc val_roc_auc=0.9132
     test_acc=0.8772 test_loss=0.2814 test_metric=0.9212 test_metric_name=roc_auc test_roc_auc=0.9212
  >> num_layers=3 hidden_dim=512 lr=3e-05 best_step=780 val_roc_auc=0.9116 test_roc_auc=0.9215
     val_acc=0.8636 val_loss=0.2997 val_metric=0.9116 val_metric_name=roc_auc val_roc_auc=0.9116
     test_acc=0.8712 test_loss=0.2827 test_metric=0.9215 test_metric_name=roc_auc test_roc_auc=0.9215
  >> num_layers=3 hidden_dim=512 lr=6e-05 best_step=530 val_roc_auc=0.9117 test_roc_auc=0.9216
     val_acc=0.8648 val_loss=0.2997 val_metric=0.9117 val_metric_name=roc_auc val_roc_auc=0.9117
     test_acc=0.8728 test_loss=0.2822 test_metric=0.9216 test_metric_name=roc_auc test_roc_auc=0.9216
  >> num_layers=3 hidden_dim=512 lr=0.0001 best_step=370 val_roc_auc=0.9120 test_roc_auc=0.9217
     val_acc=0.8628 val_loss=0.2973 val_metric=0.9120 val_metric_name=roc_auc val_roc_auc=0.9120
     test_acc=0.8732 test_loss=0.2805 test_metric=0.9217 test_metric_name=roc_auc test_roc_auc=0.9217
  >> num_layers=3 hidden_dim=512 lr=1e-05 best_step=1810 val_roc_auc=0.9115 test_roc_auc=0.9213
     val_acc=0.8636 val_loss=0.3013 val_metric=0.9115 val_metric_name=roc_auc val_roc_auc=0.9115
     test_acc=0.8712 test_loss=0.2841 test_metric=0.9213 test_metric_name=roc_auc test_roc_auc=0.9213
  >> num_layers=4 hidden_dim=256 lr=3e-05 best_step=1550 val_roc_auc=0.9287 test_roc_auc=0.9384
     val_acc=0.8768 val_loss=0.2738 val_metric=0.9287 val_metric_name=roc_auc val_roc_auc=0.9287
     test_acc=0.8892 test_loss=0.2534 test_metric=0.9384 test_metric_name=roc_auc test_roc_auc=0.9384
  >> num_layers=4 hidden_dim=256 lr=6e-05 best_step=860 val_roc_auc=0.9289 test_roc_auc=0.9379
     val_acc=0.8760 val_loss=0.2751 val_metric=0.9289 val_metric_name=roc_auc val_roc_auc=0.9289
     test_acc=0.8908 test_loss=0.2546 test_metric=0.9379 test_metric_name=roc_auc test_roc_auc=0.9379
  >> num_layers=4 hidden_dim=256 lr=0.0001 best_step=610 val_roc_auc=0.9293 test_roc_auc=0.9383
     val_acc=0.8740 val_loss=0.2739 val_metric=0.9293 val_metric_name=roc_auc val_roc_auc=0.9293
     test_acc=0.8904 test_loss=0.2546 test_metric=0.9383 test_metric_name=roc_auc test_roc_auc=0.9383
  >> num_layers=4 hidden_dim=256 lr=1e-05 best_step=3630 val_roc_auc=0.9286 test_roc_auc=0.9385
     val_acc=0.8780 val_loss=0.2738 val_metric=0.9286 val_metric_name=roc_auc val_roc_auc=0.9286
     test_acc=0.8904 test_loss=0.2524 test_metric=0.9385 test_metric_name=roc_auc test_roc_auc=0.9385
  >> num_layers=4 hidden_dim=384 lr=3e-05 best_step=890 val_roc_auc=0.9288 test_roc_auc=0.9372
     val_acc=0.8780 val_loss=0.2772 val_metric=0.9288 val_metric_name=roc_auc val_roc_auc=0.9288
     test_acc=0.8908 test_loss=0.2585 test_metric=0.9372 test_metric_name=roc_auc test_roc_auc=0.9372
  >> num_layers=4 hidden_dim=384 lr=6e-05 best_step=540 val_roc_auc=0.9288 test_roc_auc=0.9373
     val_acc=0.8768 val_loss=0.2772 val_metric=0.9288 val_metric_name=roc_auc val_roc_auc=0.9288
     test_acc=0.8892 test_loss=0.2588 test_metric=0.9373 test_metric_name=roc_auc test_roc_auc=0.9373
  >> num_layers=4 hidden_dim=384 lr=0.0001 best_step=400 val_roc_auc=0.9282 test_roc_auc=0.9376
     val_acc=0.8760 val_loss=0.2769 val_metric=0.9282 val_metric_name=roc_auc val_roc_auc=0.9282
     test_acc=0.8896 test_loss=0.2559 test_metric=0.9376 test_metric_name=roc_auc test_roc_auc=0.9376
  >> num_layers=4 hidden_dim=384 lr=1e-05 best_step=1960 val_roc_auc=0.9288 test_roc_auc=0.9365
     val_acc=0.8760 val_loss=0.2741 val_metric=0.9288 val_metric_name=roc_auc val_roc_auc=0.9288
     test_acc=0.8920 test_loss=0.2563 test_metric=0.9365 test_metric_name=roc_auc test_roc_auc=0.9365
  >> num_layers=4 hidden_dim=512 lr=3e-05 best_step=820 val_roc_auc=0.9249 test_roc_auc=0.9316
     val_acc=0.8716 val_loss=0.2937 val_metric=0.9249 val_metric_name=roc_auc val_roc_auc=0.9249
     test_acc=0.8860 test_loss=0.2763 test_metric=0.9316 test_metric_name=roc_auc test_roc_auc=0.9316
  >> num_layers=4 hidden_dim=512 lr=6e-05 best_step=490 val_roc_auc=0.9252 test_roc_auc=0.9320
     val_acc=0.8716 val_loss=0.2884 val_metric=0.9252 val_metric_name=roc_auc val_roc_auc=0.9252
     test_acc=0.8872 test_loss=0.2722 test_metric=0.9320 test_metric_name=roc_auc test_roc_auc=0.9320
  >> num_layers=4 hidden_dim=512 lr=0.0001 best_step=380 val_roc_auc=0.9257 test_roc_auc=0.9333
     val_acc=0.8748 val_loss=0.2827 val_metric=0.9257 val_metric_name=roc_auc val_roc_auc=0.9257
     test_acc=0.8892 test_loss=0.2679 test_metric=0.9333 test_metric_name=roc_auc test_roc_auc=0.9333
  >> num_layers=4 hidden_dim=512 lr=1e-05 best_step=1820 val_roc_auc=0.9240 test_roc_auc=0.9314
     val_acc=0.8700 val_loss=0.2933 val_metric=0.9240 val_metric_name=roc_auc val_roc_auc=0.9240
     test_acc=0.8856 test_loss=0.2745 test_metric=0.9314 test_metric_name=roc_auc test_roc_auc=0.9314
  >> num_layers=5 hidden_dim=256 lr=3e-05 best_step=1520 val_roc_auc=0.9361 test_roc_auc=0.9452
     val_acc=0.8812 val_loss=0.2618 val_metric=0.9361 val_metric_name=roc_auc val_roc_auc=0.9361
     test_acc=0.8948 test_loss=0.2438 test_metric=0.9452 test_metric_name=roc_auc test_roc_auc=0.9452
  >> num_layers=5 hidden_dim=256 lr=6e-05 best_step=880 val_roc_auc=0.9360 test_roc_auc=0.9452
     val_acc=0.8808 val_loss=0.2611 val_metric=0.9360 val_metric_name=roc_auc val_roc_auc=0.9360
     test_acc=0.8932 test_loss=0.2428 test_metric=0.9452 test_metric_name=roc_auc test_roc_auc=0.9452
  >> num_layers=5 hidden_dim=256 lr=0.0001 best_step=640 val_roc_auc=0.9353 test_roc_auc=0.9452
     val_acc=0.8796 val_loss=0.2649 val_metric=0.9353 val_metric_name=roc_auc val_roc_auc=0.9353
     test_acc=0.8940 test_loss=0.2452 test_metric=0.9452 test_metric_name=roc_auc test_roc_auc=0.9452
  >> num_layers=5 hidden_dim=256 lr=1e-05 best_step=3380 val_roc_auc=0.9360 test_roc_auc=0.9451
     val_acc=0.8784 val_loss=0.2594 val_metric=0.9360 val_metric_name=roc_auc val_roc_auc=0.9360
     test_acc=0.8936 test_loss=0.2412 test_metric=0.9451 test_metric_name=roc_auc test_roc_auc=0.9451
  >> num_layers=5 hidden_dim=384 lr=3e-05 best_step=1000 val_roc_auc=0.9328 test_roc_auc=0.9418
     val_acc=0.8768 val_loss=0.2724 val_metric=0.9328 val_metric_name=roc_auc val_roc_auc=0.9328
     test_acc=0.8896 test_loss=0.2565 test_metric=0.9418 test_metric_name=roc_auc test_roc_auc=0.9418
  >> num_layers=5 hidden_dim=384 lr=6e-05 best_step=630 val_roc_auc=0.9324 test_roc_auc=0.9418
     val_acc=0.8744 val_loss=0.2734 val_metric=0.9324 val_metric_name=roc_auc val_roc_auc=0.9324
     test_acc=0.8884 test_loss=0.2559 test_metric=0.9418 test_metric_name=roc_auc test_roc_auc=0.9418
  >> num_layers=5 hidden_dim=384 lr=0.0001 best_step=480 val_roc_auc=0.9320 test_roc_auc=0.9411
     val_acc=0.8760 val_loss=0.2738 val_metric=0.9320 val_metric_name=roc_auc val_roc_auc=0.9320
     test_acc=0.8916 test_loss=0.2578 test_metric=0.9411 test_metric_name=roc_auc test_roc_auc=0.9411
  >> num_layers=5 hidden_dim=384 lr=1e-05 best_step=2540 val_roc_auc=0.9330 test_roc_auc=0.9425
     val_acc=0.8788 val_loss=0.2761 val_metric=0.9330 val_metric_name=roc_auc val_roc_auc=0.9330
     test_acc=0.8904 test_loss=0.2587 test_metric=0.9425 test_metric_name=roc_auc test_roc_auc=0.9425
  >> num_layers=5 hidden_dim=512 lr=3e-05 best_step=640 val_roc_auc=0.9312 test_roc_auc=0.9398
     val_acc=0.8772 val_loss=0.2825 val_metric=0.9312 val_metric_name=roc_auc val_roc_auc=0.9312
     test_acc=0.8880 test_loss=0.2623 test_metric=0.9398 test_metric_name=roc_auc test_roc_auc=0.9398
  >> num_layers=5 hidden_dim=512 lr=6e-05 best_step=440 val_roc_auc=0.9314 test_roc_auc=0.9394
     val_acc=0.8788 val_loss=0.2845 val_metric=0.9314 val_metric_name=roc_auc val_roc_auc=0.9314
     test_acc=0.8888 test_loss=0.2683 test_metric=0.9394 test_metric_name=roc_auc test_roc_auc=0.9394
  >> num_layers=5 hidden_dim=512 lr=0.0001 best_step=320 val_roc_auc=0.9317 test_roc_auc=0.9387
     val_acc=0.8804 val_loss=0.2791 val_metric=0.9317 val_metric_name=roc_auc val_roc_auc=0.9317
     test_acc=0.8892 test_loss=0.2658 test_metric=0.9387 test_metric_name=roc_auc test_roc_auc=0.9387
  >> num_layers=5 hidden_dim=512 lr=1e-05 best_step=1570 val_roc_auc=0.9308 test_roc_auc=0.9396
     val_acc=0.8788 val_loss=0.2869 val_metric=0.9308 val_metric_name=roc_auc val_roc_auc=0.9308
     test_acc=0.8868 test_loss=0.2668 test_metric=0.9396 test_metric_name=roc_auc test_roc_auc=0.9396
  >> selected best (by val): num_layers=5 hidden_dim=256 lr=3e-05 best_step=1520 val_roc_auc=0.9361 test_roc_auc=0.9452
     val_acc=0.8812 val_loss=0.2618 val_metric=0.9361 val_metric_name=roc_auc val_roc_auc=0.9361
     test_acc=0.8948 test_loss=0.2438 test_metric=0.9452 test_metric_name=roc_auc test_roc_auc=0.9452

Done. Results saved to /home/avshmelev/diploma_yandex_graphs/results_grid/minesweeper/tabm.csv, checkpoints in /home/avshmelev/diploma_yandex_graphs/all_checkpoints/minesweeper/tabm/
Skipping: "Done." found in /home/avshmelev/diploma_yandex_graphs/results_grid/minesweeper/logs_tabm/GAT-sep_tabm_split0.log
