epoch,train_mean_member_ce,valid_pooled_accuracy,valid_pooled_ce,train_step_seconds,validation_seconds,elapsed_seconds,is_selected_so_far
1,3.740936040878296,0.07668042182922363,3.1055493354797363,0.06052117049694061,0.021998807787895203,0.0886879414319992,1
2,3.274225950241089,0.08661364018917084,2.974740982055664,0.054424598813056946,0.021933473646640778,0.17008186876773834,1
3,3.1522409915924072,0.19561058282852173,2.913722276687622,0.05439087748527527,0.02189711481332779,0.2514712065458298,1
4,3.080493211746216,0.2035638689994812,2.8968193531036377,0.05442691594362259,0.0218806192278862,0.3330315425992012,1
5,3.0227091312408447,0.22121547162532806,2.847829580307007,0.0544864684343338,0.021865688264369965,0.4145311266183853,1
6,2.9605860710144043,0.27806299924850464,2.72369122505188,0.05448322743177414,0.02189590036869049,0.4961579069495201,1
7,2.882981061935425,0.29870128631591797,2.58113169670105,0.05443718284368515,0.021866202354431152,0.5782926231622696,1
8,2.798884630203247,0.30581560730934143,2.487035036087036,0.054541654884815216,0.021957524120807648,0.659970186650753,1
9,2.706308126449585,0.32148727774620056,2.410938262939453,0.05443903058767319,0.021919548511505127,0.7458511739969254,1
10,2.6308789253234863,0.33954158425331116,2.337830066680908,0.05436255782842636,0.0218929722905159,0.8277628570795059,1
11,2.5665645599365234,0.34742775559425354,2.26462721824646,0.05446085333824158,0.021931052207946777,0.9099979549646378,1
12,2.499941825866699,0.37081781029701233,2.1905853748321533,0.054376304149627686,0.02188408374786377,0.991847388446331,1
13,2.4341888427734375,0.4010872542858124,2.1305043697357178,0.0544617623090744,0.021885976195335388,1.0738225802779198,1
14,2.372344493865967,0.41528236865997314,2.0856356620788574,0.05446360260248184,0.021865233778953552,1.1556876227259636,1
15,2.3211262226104736,0.4190073311328888,2.0428521633148193,0.05439256876707077,0.021986931562423706,1.2375871017575264,1
16,2.268740653991699,0.4284707307815552,2.0095138549804688,0.05435594916343689,0.02184358984231949,1.3190465420484543,1
17,2.2242209911346436,0.44410884380340576,1.9774956703186035,0.054480575025081635,0.0219503715634346,1.4008934050798416,1
18,2.1812262535095215,0.4567602872848511,1.943408727645874,0.05442643165588379,0.02208065241575241,1.4830673187971115,1
19,2.1384568214416504,0.4651162624359131,1.9064958095550537,0.05440608412027359,0.021875731647014618,1.5652113035321236,1
20,2.1019654273986816,0.4819624722003937,1.8599963188171387,0.05431318283081055,0.02181585133075714,1.646807812154293,1
21,2.061371326446533,0.5021644830703735,1.8166561126708984,0.054464779794216156,0.021835550665855408,1.7290847077965736,1
22,2.0257678031921387,0.5075337886810303,1.7763354778289795,0.05445586144924164,0.021916836500167847,1.8112276792526245,1
23,1.9874731302261353,0.5090774893760681,1.7444897890090942,0.05446162074804306,0.021857112646102905,1.8924908638000488,1
24,1.9486178159713745,0.5214268565177917,1.704193115234375,0.054481908679008484,0.02189580351114273,1.974068596959114,1
25,1.914812684059143,0.5330715775489807,1.666611909866333,0.05445770174264908,0.021854504942893982,2.055592879652977,1
26,1.8813217878341675,0.5378367900848389,1.6334948539733887,0.054379239678382874,0.02194099873304367,2.1373374089598656,1
27,1.8488242626190186,0.5484747290611267,1.5984952449798584,0.05444721132516861,0.021907612681388855,2.2192331850528717,1
28,1.8186578750610352,0.561998724937439,1.5648645162582397,0.054428406059741974,0.021886691451072693,2.301204927265644,1
29,1.7867456674575806,0.5667639374732971,1.5438361167907715,0.054456926882267,0.0218706876039505,2.382636271417141,1
30,1.7612848281860352,0.5681398510932922,1.5272421836853027,0.054409801959991455,0.02194817364215851,2.464129075407982,1
31,1.732386589050293,0.5781401991844177,1.4989880323410034,0.05444289743900299,0.021908648312091827,2.545580968260765,1
32,1.7074265480041504,0.5844826698303223,1.4777603149414062,0.05441656708717346,0.02190980315208435,2.6271330565214157,1
33,1.6851435899734497,0.5871673226356506,1.463727593421936,0.05442230403423309,0.021926991641521454,2.7090503349900246,1
34,1.662542700767517,0.591529905796051,1.4486626386642456,0.05443970859050751,0.021997176110744476,2.790642946958542,1
35,1.6382685899734497,0.596664309501648,1.42738676071167,0.05439814180135727,0.02194163203239441,2.8723515570163727,1
36,1.617856502532959,0.599885880947113,1.4105616807937622,0.054483331739902496,0.021855391561985016,2.9559566006064415,1
37,1.5981028079986572,0.6036443710327148,1.3974103927612305,0.05445054918527603,0.021924108266830444,3.0381455421447754,1
38,1.579105019569397,0.608980119228363,1.3787381649017334,0.05446368455886841,0.021861597895622253,3.120596759021282,1
39,1.5628927946090698,0.611396312713623,1.363025426864624,0.05437126010656357,0.021859973669052124,3.2023206278681755,1
40,1.5429670810699463,0.613745391368866,1.3498866558074951,0.054396577179431915,0.021941296756267548,3.2854312732815742,1
41,1.5236191749572754,0.6170676350593567,1.3337745666503906,0.05436902493238449,0.021847039461135864,3.3670806661248207,1
42,1.508099913597107,0.6195845007896423,1.3194481134414673,0.05447378009557724,0.021898344159126282,3.4492993876338005,1
43,1.492946982383728,0.6222355961799622,1.3073267936706543,0.05443844944238663,0.021909557282924652,3.5321245715022087,1
44,1.4806098937988281,0.6238464117050171,1.2969948053359985,0.05437150597572327,0.021872304379940033,3.6140139028429985,1
45,1.4607594013214111,0.626933753490448,1.284549593925476,0.0543578565120697,0.021918483078479767,3.6959008276462555,1
46,1.449541449546814,0.6296184062957764,1.2730578184127808,0.0546933189034462,0.02194785326719284,3.7776941061019897,1
47,1.4359320402145386,0.6309943199157715,1.264420747756958,0.054637208580970764,0.021919772028923035,3.8596889674663544,1
48,1.4213731288909912,0.6315312385559082,1.2535477876663208,0.05447714030742645,0.02190902829170227,3.941411204636097,1
49,1.4132280349731445,0.6331420540809631,1.2456125020980835,0.054269999265670776,0.021866612136363983,4.0227135717868805,1
50,1.4012128114700317,0.6349877119064331,1.2360916137695312,0.05446544289588928,0.021880261600017548,4.1042811051011086,1
51,1.38774573802948,0.6375381350517273,1.2269428968429565,0.05441576987504959,0.021865971386432648,4.185790881514549,1
52,1.379386305809021,0.6387462615966797,1.2170250415802002,0.05469322204589844,0.021943561732769012,4.267527475953102,1
53,1.372774600982666,0.6419678330421448,1.20674729347229,0.05446559935808182,0.02186521142721176,4.348900184035301,1
54,1.3580248355865479,0.642907440662384,1.200342059135437,0.05437967926263809,0.02195286750793457,4.43047870695591,1
55,1.3486568927764893,0.6454578638076782,1.1921790838241577,0.05449061840772629,0.021858960390090942,4.512069553136826,1
56,1.3408924341201782,0.6486794352531433,1.185004711151123,0.054553158581256866,0.02187604457139969,4.5941211730241776,1
57,1.3344446420669556,0.647672712802887,1.178458571434021,0.05451195687055588,0.02190614491701126,4.670608185231686,0
58,1.324288249015808,0.6510620713233948,1.1732053756713867,0.054448917508125305,0.02186691015958786,4.752174563705921,1
59,1.3163975477218628,0.6518003940582275,1.1643002033233643,0.05445200204849243,0.021969392895698547,4.835753045976162,1
60,1.3071889877319336,0.6531762480735779,1.1557930707931519,0.054465629160404205,0.021930955350399017,4.927133165299892,1
61,1.2966773509979248,0.6553910970687866,1.1505534648895264,0.0545603483915329,0.021919623017311096,5.01332114636898,1
62,1.2885085344314575,0.6553239822387695,1.1447590589523315,0.054392099380493164,0.021876469254493713,5.089644581079483,0
63,1.2840335369110107,0.6585455536842346,1.1386334896087646,0.05439499765634537,0.02188776433467865,5.172051712870598,1
64,1.274693489074707,0.6601563692092896,1.133544921875,0.054445601999759674,0.021884091198444366,5.254822917282581,1
65,1.2696690559387207,0.658814013004303,1.128411889076233,0.05437898635864258,0.021936535835266113,5.331187628209591,0
66,1.26448655128479,0.6620355844497681,1.1227120161056519,0.054777272045612335,0.021909497678279877,5.41340322047472,1
67,1.255016565322876,0.662539005279541,1.1177377700805664,0.05510885268449783,0.02194066345691681,5.496308267116547,1
68,1.2508002519607544,0.6632437109947205,1.1137080192565918,0.054606661200523376,0.021915800869464874,5.5782808139920235,1
69,1.2451858520507812,0.6673713326454163,1.1092402935028076,0.05449536442756653,0.02189672738313675,5.661208860576153,1
70,1.238228678703308,0.6668679714202881,1.1041581630706787,0.05432400852441788,0.02182113379240036,5.737415537238121,0
71,1.2354404926300049,0.6681767702102661,1.1022193431854248,0.05445241183042526,0.02189815789461136,5.819605566561222,1
72,1.2265219688415527,0.6690492630004883,1.0959876775741577,0.05446450412273407,0.021908573806285858,5.901850014925003,1
73,1.2250473499298096,0.6698210835456848,1.0922447443008423,0.05446375906467438,0.021926477551460266,5.985150098800659,1
74,1.2155747413635254,0.6718345880508423,1.088821530342102,0.054557956755161285,0.021867863833904266,6.066950738430023,1
75,1.2101565599441528,0.673244059085846,1.0858389139175415,0.05454011261463165,0.02196163684129715,6.14850515127182,1
76,1.2073129415512085,0.6702238321304321,1.0906729698181152,0.054470986127853394,0.02189365029335022,6.224925987422466,0
77,1.209303855895996,0.6722372770309448,1.0828965902328491,0.05445857346057892,0.021900750696659088,6.301340170204639,0
78,1.2041443586349487,0.6757609248161316,1.078717827796936,0.05443289130926132,0.021887965500354767,6.383333683013916,1
79,1.1945903301239014,0.6719688177108765,1.0777827501296997,0.05451218783855438,0.021874643862247467,6.459777399897575,0
80,1.190730333328247,0.673244059085846,1.07532799243927,0.054524265229701996,0.021938517689704895,6.536309950053692,0
81,1.192331314086914,0.6797543168067932,1.0662603378295898,0.05446220189332962,0.021911196410655975,6.619291067123413,1
82,1.1826485395431519,0.6742507815361023,1.0664504766464233,0.05446527898311615,0.02190643548965454,6.69571977108717,0
83,1.1844520568847656,0.6777072548866272,1.0623615980148315,0.05451175570487976,0.021879568696022034,6.7721680998802185,0
84,1.1762012243270874,0.6801905632019043,1.0589103698730469,0.054478906095027924,0.02201300859451294,6.855826407670975,1
85,1.1703649759292603,0.6759622693061829,1.0595678091049194,0.05464513599872589,0.021896816790103912,6.9324541091918945,0
86,1.1711193323135376,0.681969165802002,1.0514320135116577,0.05442984402179718,0.021888382732868195,7.0165741592645645,1
87,1.1602141857147217,0.6821705102920532,1.049161672592163,0.05440497398376465,0.021968692541122437,7.0983583852648735,1
88,1.1627639532089233,0.681600034236908,1.0462549924850464,0.05428968369960785,0.021865449845790863,7.174568191170692,0
89,1.1561120748519897,0.683143675327301,1.0432604551315308,0.05433323234319687,0.021855004131793976,7.257106624543667,1
90,1.1519612073898315,0.6835799813270569,1.0427736043930054,0.05437912791967392,0.021857857704162598,7.339091464877129,1
91,1.149373173713684,0.6839155554771423,1.0376609563827515,0.05436187982559204,0.021917901933193207,7.420842297375202,1
92,1.1491100788116455,0.6829087734222412,1.0405875444412231,0.05451230704784393,0.021868832409381866,7.497279703617096,0
93,1.1474950313568115,0.686063289642334,1.0355396270751953,0.054453134536743164,0.021885931491851807,7.579073943197727,1
94,1.1418157815933228,0.6877076029777527,1.030497670173645,0.054431140422821045,0.021922245621681213,7.660975754261017,1
95,1.1395912170410156,0.6842511296272278,1.031741738319397,0.05439929664134979,0.021861545741558075,7.7372907102108,0
96,1.1382631063461304,0.685929000377655,1.0291070938110352,0.054466813802719116,0.021874941885471344,7.813687242567539,0
97,1.1324539184570312,0.6879425048828125,1.0296419858932495,0.054439447820186615,0.021866358816623688,7.895685493946075,1
98,1.1300098896026611,0.6866002082824707,1.0257872343063354,0.05437542498111725,0.021931469440460205,7.97206199914217,0
99,1.1276443004608154,0.6890835165977478,1.0198999643325806,0.054314807057380676,0.021888040006160736,8.055503636598587,1
100,1.1257274150848389,0.6904258131980896,1.0202040672302246,0.054447464644908905,0.021922625601291656,8.136857874691486,1
101,1.1230096817016602,0.6880431771278381,1.0211265087127686,0.05450604110956192,0.02190370112657547,8.213322423398495,0
102,1.118812918663025,0.6898888945579529,1.0190073251724243,0.05435475707054138,0.021869882941246033,8.289599470794201,0
103,1.114564061164856,0.6893855333328247,1.0135135650634766,0.0543399378657341,0.021868757903575897,8.365861475467682,0
104,1.1122814416885376,0.6910969614982605,1.0156675577163696,0.05444088578224182,0.021902725100517273,8.4475357234478,1
105,1.1100611686706543,0.690761387348175,1.0153474807739258,0.05440416932106018,0.02192620187997818,8.523920722305775,0
106,1.1087599992752075,0.6913654804229736,1.0082865953445435,0.05438796430826187,0.021885909140110016,8.605834238231182,1
107,1.1076600551605225,0.6915332674980164,1.014931559562683,0.05449821799993515,0.02187928557395935,8.68751210719347,1
108,1.1061064004898071,0.690694272518158,1.0099009275436401,0.05443110316991806,0.021884329617023468,8.7638820707798,0
109,1.1030571460723877,0.6930433511734009,1.007445216178894,0.054437145590782166,0.021904356777668,8.84587650001049,1
110,1.1001123189926147,0.6932111382484436,1.0030428171157837,0.05443885922431946,0.021906770765781403,8.927533499896526,1
111,1.0999398231506348,0.692003071308136,1.0040961503982544,0.05432559549808502,0.02183939516544342,9.003753498196602,0
112,1.0995591878890991,0.6920366287231445,1.0107182264328003,0.05441270023584366,0.02193024754524231,9.080143466591835,0
113,1.0957484245300293,0.6930433511734009,1.0014594793319702,0.054342105984687805,0.021837309002876282,9.156369730830193,0
114,1.0940145254135132,0.6956273317337036,1.00002920627594,0.05442339926958084,0.022023290395736694,9.238271802663803,1
115,1.088687539100647,0.6943521499633789,1.0006310939788818,0.05448482185602188,0.021998144686222076,9.314810246229172,0
116,1.0873650312423706,0.6934460401535034,0.999971866607666,0.05433811992406845,0.02189912647008896,9.391100488603115,0
117,1.0882868766784668,0.6945870518684387,1.0035914182662964,0.05441951006650925,0.021878980100154877,9.467453122138977,0
118,1.08351469039917,0.6956273317337036,0.9946041703224182,0.05439317226409912,0.021908335387706757,9.549668185412884,1
119,1.0790029764175415,0.6947548389434814,0.995006799697876,0.05428599566221237,0.021866321563720703,9.625874504446983,0
120,1.0769966840744019,0.6957951188087463,0.9986974596977234,0.0543789267539978,0.021917201578617096,9.707393169403076,1
121,1.0778045654296875,0.6959629058837891,0.9906105399131775,0.054445862770080566,0.02187204360961914,9.789204373955727,1
122,1.0740963220596313,0.6948555111885071,0.9921340942382812,0.054335519671440125,0.021881841123104095,9.865476623177528,0
123,1.0725855827331543,0.6946206092834473,1.003159761428833,0.05433584004640579,0.021901391446590424,9.941777400672436,0
124,1.0767405033111572,0.6939494609832764,0.9929269552230835,0.05436950922012329,0.021918877959251404,10.018117979168892,0
125,1.0727100372314453,0.6972381472587585,0.9868152141571045,0.05439671874046326,0.021845974028110504,10.099977366626263,1
126,1.0695570707321167,0.6969025731086731,0.9935190677642822,0.0544632151722908,0.02188936620950699,10.176378801465034,0
127,1.0688698291778564,0.6973388195037842,0.9868916273117065,0.05442805588245392,0.021868139505386353,10.25826521217823,1
128,1.064081072807312,0.6975066065788269,0.9861228466033936,0.05440772324800491,0.021949343383312225,10.340646840631962,1
129,1.062272310256958,0.6971374750137329,0.9898678064346313,0.054389625787734985,0.021931976079940796,10.417024232447147,0
130,1.061941385269165,0.6988489031791687,0.9859285354614258,0.05437960475683212,0.021862737834453583,10.499015487730503,1
131,1.0610719919204712,0.7000234723091125,0.9822462797164917,0.05446001887321472,0.021861135959625244,10.581128634512424,1
132,1.0570746660232544,0.6963991522789001,0.986944317817688,0.054402679204940796,0.021860912442207336,10.65744812041521,0
133,1.0568087100982666,0.6995536684989929,0.9815118312835693,0.05428014695644379,0.021821118891239166,10.733603797852993,0
134,1.0586460828781128,0.6994865536689758,0.9826303124427795,0.054410502314567566,0.021878249943256378,10.809944935142994,0
135,1.0529475212097168,0.6994865536689758,0.9764447212219238,0.05456387996673584,0.021873220801353455,10.886437818408012,0
136,1.0520046949386597,0.6989831328392029,0.9785304665565491,0.054404571652412415,0.02193022519350052,10.96283707022667,0
137,1.0509618520736694,0.7000570297241211,0.9833659529685974,0.054401054978370667,0.021914206445217133,11.045441552996635,1
138,1.0512031316757202,0.7006946206092834,0.9748367071151733,0.05443721264600754,0.021914571523666382,11.127401635050774,1
139,1.0461273193359375,0.700728178024292,0.9745197296142578,0.05443572998046875,0.02186822146177292,11.209407314658165,1
140,1.0450174808502197,0.7012986540794373,0.9797675013542175,0.054387882351875305,0.021873265504837036,11.291296057403088,1
141,1.042868971824646,0.7009295225143433,0.9741559624671936,0.054451316595077515,0.02188015729188919,11.367682158946991,0
142,1.0415492057800293,0.7007952928543091,0.9716943502426147,0.054404377937316895,0.021913133561611176,11.444046936929226,0
143,1.0432698726654053,0.7007617354393005,0.9778504967689514,0.0544704794883728,0.021871156990528107,11.52044141292572,0
144,1.0393726825714111,0.7009630799293518,0.9767831563949585,0.054446056485176086,0.021922342479228973,11.596863240003586,0
145,1.0395551919937134,0.7011308670043945,0.9701520204544067,0.05436374992132187,0.021849006414413452,11.673128858208656,0
146,1.0363315343856812,0.7032114863395691,0.9702048897743225,0.05446522682905197,0.021860837936401367,11.755125284194946,1
147,1.0349520444869995,0.7029430270195007,0.9714650511741638,0.054435551166534424,0.021884553134441376,11.831501878798008,0
148,1.0341367721557617,0.7017684578895569,0.9713189005851746,0.05446943640708923,0.02184886485338211,11.907874085009098,0
149,1.0327364206314087,0.70146644115448,0.970761239528656,0.05437440425157547,0.02191968262195587,11.984224006533623,0
150,1.031234622001648,0.7029430270195007,0.970038890838623,0.054307013750076294,0.021862797439098358,12.060450978577137,0
151,1.031733512878418,0.7017349004745483,0.975491464138031,0.054412804543972015,0.02186857908964157,12.136781983077526,0
152,1.0334147214889526,0.7016677856445312,0.9689440727233887,0.05452694743871689,0.021930530667304993,12.21328929811716,0
153,1.0270767211914062,0.7042853236198425,0.96727055311203,0.05444226413965225,0.02189473807811737,12.294924899935722,1
154,1.0243600606918335,0.7035470604896545,0.9676461219787598,0.05448517948389053,0.021931231021881104,12.371397204697132,0
155,1.0266337394714355,0.7008624076843262,0.9690505266189575,0.05444859713315964,0.02186330407857895,12.447761856019497,0
156,1.0242973566055298,0.7041846513748169,0.9666053652763367,0.05441419780254364,0.021821260452270508,12.52405010163784,0
157,1.0216337442398071,0.7042853236198425,0.96540766954422,0.05436792969703674,0.021965838968753815,12.606640316545963,1
158,1.0223690271377563,0.7019698619842529,0.9690008163452148,0.05435865372419357,0.021913208067417145,12.682967826724052,0
159,1.0174518823623657,0.7041175365447998,0.9666316509246826,0.054565057158470154,0.021892838180065155,12.759504944086075,0
160,1.0186649560928345,0.7054934501647949,0.9588950276374817,0.05449485033750534,0.021935738623142242,12.84235542267561,1
161,1.0182462930679321,0.7029765844345093,0.9663546681404114,0.05442323535680771,0.02193561941385269,12.918778993189335,0
162,1.016562819480896,0.7048894166946411,0.9652678370475769,0.05427155643701553,0.021886982023715973,12.994989544153214,0
163,1.0141072273254395,0.7063995003700256,0.9584662914276123,0.05444220453500748,0.021875493228435516,13.077301807701588,1
164,1.013332486152649,0.7035806179046631,0.9649869203567505,0.05443170666694641,0.02191448211669922,13.153705283999443,0
165,1.0126947164535522,0.7046545147895813,0.9637805819511414,0.05446732044219971,0.021895363926887512,13.230122856795788,0
166,1.0109623670578003,0.7046880722045898,0.9619539380073547,0.054474055767059326,0.02188282459974289,13.306534618139267,0
167,1.00685453414917,0.7067015171051025,0.9563172459602356,0.05437903851270676,0.021902233362197876,13.388299934566021,1
168,1.0082895755767822,0.7055941224098206,0.9583653211593628,0.05447878688573837,0.021884091198444366,13.464719727635384,0
169,1.0049078464508057,0.7059968113899231,0.9591060280799866,0.05431390553712845,0.021947503089904785,13.541029639542103,0
170,1.0024384260177612,0.7037484049797058,0.9572619795799255,0.054442815482616425,0.021951936185359955,13.617481864988804,0
171,1.0036484003067017,0.7062317132949829,0.9576098918914795,0.05447731167078018,0.021938055753707886,13.69394937902689,0
172,1.0039286613464355,0.705929696559906,0.9560050368309021,0.05440555512905121,0.021939314901828766,13.770358808338642,0
173,1.0021076202392578,0.7039497494697571,0.9587517380714417,0.05448713153600693,0.021886296570301056,13.846785821020603,0
174,1.0012208223342896,0.7019698619842529,0.9722887873649597,0.05444946885108948,0.02190675586462021,13.923202283680439,0
175,1.002748727798462,0.7066008448600769,0.9548504948616028,0.054388344287872314,0.021879009902477264,13.999517306685448,0
176,0.9981420040130615,0.7068357467651367,0.9564399123191833,0.05462945997714996,0.02190927416086197,14.081209309399128,1
177,0.9963476657867432,0.7049900889396667,0.9617201685905457,0.054486893117427826,0.021927393972873688,14.157681815326214,0
178,0.9974012970924377,0.7060974836349487,0.9524217247962952,0.05445432662963867,0.021859824657440186,14.234052754938602,0
179,0.995790958404541,0.7071713805198669,0.9602887630462646,0.054469168186187744,0.021914131939411163,14.315620347857475,1
180,0.9933836460113525,0.7056276798248291,0.9587515592575073,0.0544099286198616,0.021884717047214508,14.3919672742486,0
181,0.9939668774604797,0.7057283520698547,0.9499489068984985,0.054370127618312836,0.02182190865278244,14.46821355074644,0
182,0.991127073764801,0.7077082991600037,0.9556061029434204,0.054491810500621796,0.021852344274520874,14.55029384791851,1
183,0.990193247795105,0.7056947946548462,0.9550411105155945,0.054425835609436035,0.021957501769065857,14.626733854413033,0
184,0.9915476441383362,0.7055941224098206,0.9544668197631836,0.05449672043323517,0.021994084119796753,14.703280709683895,0
185,0.9917855262756348,0.7075405120849609,0.9536898732185364,0.05447934567928314,0.021914049983024597,14.779736191034317,0
186,0.9891771078109741,0.7062317132949829,0.9536924362182617,0.05444750189781189,0.021876871585845947,14.856124989688396,0
187,0.9863660931587219,0.7074733972549438,0.9511396884918213,0.05442318320274353,0.021930202841758728,14.93253207206726,0
188,0.9871420860290527,0.707037091255188,0.9533349871635437,0.05441237986087799,0.021877996623516083,15.008873842656612,0
189,0.9854782223701477,0.7079096436500549,0.9529587030410767,0.05435905605554581,0.02184581756591797,15.09106507152319,1
190,0.9840230941772461,0.7089163661003113,0.9506620764732361,0.054388776421546936,0.021956659853458405,15.172823704779148,1
191,0.981751024723053,0.7081781029701233,0.9525251984596252,0.054464034736156464,0.02187730371952057,15.249215252697468,0
192,0.9822511076927185,0.7063995003700256,0.9522229433059692,0.05444369465112686,0.021869398653507233,15.325581781566143,0
193,0.9819517135620117,0.7076747417449951,0.949183464050293,0.05448928475379944,0.021830908954143524,15.401957832276821,0
194,0.9818071722984314,0.7073727250099182,0.9511341452598572,0.05430390685796738,0.02193126082420349,15.478245712816715,0
195,0.9791374206542969,0.7082116603851318,0.9455804228782654,0.05438105762004852,0.021826162934303284,15.554505959153175,0
196,0.9783938527107239,0.7086814641952515,0.9495943188667297,0.05433712899684906,0.0219222754240036,15.630813777446747,0
197,0.9785761833190918,0.7065672874450684,0.9546654224395752,0.05433700233697891,0.021900109946727753,15.70710014551878,0
198,0.9801365733146667,0.7086814641952515,0.9472749829292297,0.05439275503158569,0.021913044154644012,15.783455349504948,0
199,0.9765654802322388,0.7087485790252686,0.9494760036468506,0.054636240005493164,0.02192835509777069,15.860120944678783,0
200,0.9767575860023499,0.7080774307250977,0.950982928276062,0.05449400842189789,0.021945178508758545,15.936627320945263,0
201,0.9734752774238586,0.7090170383453369,0.9455078840255737,0.05553938448429108,0.021911777555942535,16.01977228373289,1
202,0.9722704887390137,0.7093190550804138,0.9467984437942505,0.05439583212137222,0.02187168598175049,16.101776160299778,1
203,0.971942126750946,0.7077418565750122,0.95087730884552,0.05443783849477768,0.02186739444732666,16.17813766747713,0
204,0.972126841545105,0.7091177105903625,0.9429828524589539,0.055178895592689514,0.021861307322978973,16.25523031502962,0
205,0.9724356532096863,0.7099902629852295,0.9467945098876953,0.054439254105091095,0.02186863124370575,16.337345883250237,1
206,0.9686803221702576,0.7071713805198669,0.9528434872627258,0.05429982393980026,0.021905601024627686,16.413605511188507,0
207,0.9685114622116089,0.7097889184951782,0.9433364272117615,0.05450719594955444,0.02190590649843216,16.49007824808359,0
208,0.96803879737854,0.7070035338401794,0.9546356797218323,0.054459042847156525,0.02187535911798477,16.566471092402935,0
209,0.9666405320167542,0.707976758480072,0.9471584558486938,0.05444791167974472,0.021885909140110016,16.64285846054554,0
210,0.9678627252578735,0.7112654447555542,0.9409787058830261,0.05448812246322632,0.021867088973522186,16.72414182126522,1
211,0.9627942442893982,0.7105942964553833,0.942689061164856,0.05445747822523117,0.021858781576156616,16.80051349848509,0
212,0.9627092480659485,0.7069364190101624,0.9506949782371521,0.05433163791894913,0.02193332463502884,16.87683679908514,0
213,0.9636274576187134,0.709453284740448,0.9454619884490967,0.0545889213681221,0.02200741320848465,16.953487567603588,0
214,0.9612904787063599,0.7096210718154907,0.9420685172080994,0.054419636726379395,0.021913811564445496,17.029880195856094,0
215,0.9601078033447266,0.7060974836349487,0.9536357522010803,0.05441632866859436,0.02189314365386963,17.10624448210001,0
216,0.961819052696228,0.7101916074752808,0.9480205774307251,0.05438411980867386,0.021841950714588165,17.1825238391757,0
217,0.9599345326423645,0.7102922797203064,0.948015034198761,0.0547577440738678,0.021881408989429474,17.259216763079166,0
218,0.9593384861946106,0.7075069546699524,0.9440196752548218,0.05443012714385986,0.021866798400878906,17.33556630462408,0
219,0.962957501411438,0.7089499235153198,0.9497501254081726,0.05431298911571503,0.021925881505012512,17.411852337419987,0
220,0.9621939659118652,0.7109969854354858,0.9445460438728333,0.05433645099401474,0.02186812460422516,17.488107189536095,0
221,0.9600492119789124,0.7090505957603455,0.9467767477035522,0.0543551966547966,0.02192627638578415,17.564443700015545,0
222,0.9574686288833618,0.7096881866455078,0.9457709193229675,0.05432543158531189,0.02188791334629059,17.640721552073956,0
223,0.9557754397392273,0.7103593945503235,0.9451183676719666,0.0543983057141304,0.021896645426750183,17.717068262398243,0
224,0.9521281123161316,0.710392951965332,0.9396741986274719,0.0543157160282135,0.021857507526874542,17.793293580412865,0
225,0.9568521976470947,0.7121043801307678,0.9368153810501099,0.054403454065322876,0.021837398409843445,17.875352658331394,1
226,0.9509835243225098,0.7105607390403748,0.9483881592750549,0.05436816066503525,0.021856576204299927,17.951633095741272,0
227,0.9539918303489685,0.7088492512702942,0.9442600607872009,0.05441633611917496,0.021872542798519135,18.027972653508186,0
228,0.9511821269989014,0.7093526124954224,0.9409874677658081,0.05439750850200653,0.02194012701511383,18.104364447295666,0
229,0.953687846660614,0.7082452178001404,0.9521640539169312,0.05459078401327133,0.02195601910352707,18.18097063153982,0
230,0.952228307723999,0.7108291983604431,0.940868616104126,0.05445726215839386,0.021892204880714417,18.257373228669167,0
231,0.9472196698188782,0.7121043801307678,0.9367629289627075,0.054405875504016876,0.02185831218957901,18.33906013518572,1
232,0.9511171579360962,0.7091512680053711,0.9468218088150024,0.05442190170288086,0.021887697279453278,18.415426060557365,0
233,0.9469791054725647,0.7085136771202087,0.9493292570114136,0.05442222207784653,0.021841660141944885,18.49174339324236,0
234,0.9498369693756104,0.7111647725105286,0.9399056434631348,0.05439659208059311,0.02194879949092865,18.56815403699875,0
235,0.9453303813934326,0.7116681337356567,0.9366487860679626,0.05449317395687103,0.02185846120119095,18.644559375941753,0
236,0.943882167339325,0.7100573778152466,0.9446491003036499,0.054459184408187866,0.02192997932434082,18.721004344522953,0
237,0.9472746253013611,0.7107956409454346,0.9414212107658386,0.0544111430644989,0.02188936620950699,18.79736466705799,0
238,0.9402815103530884,0.7109634280204773,0.9380126595497131,0.05438297241926193,0.021876968443393707,18.87367770075798,0
239,0.9457878470420837,0.7108627557754517,0.9389769434928894,0.05428314208984375,0.02191171795129776,18.949924632906914,0
240,0.9409490823745728,0.710392951965332,0.9449869394302368,0.054310090839862823,0.02184467762708664,19.026134200394154,0
241,0.9446772933006287,0.7112990021705627,0.9384899735450745,0.05437299609184265,0.02194248139858246,19.102503530681133,0
242,0.940490186214447,0.7122721672058105,0.9342838525772095,0.054434195160865784,0.021890446543693542,19.184106312692165,1
243,0.9437841176986694,0.7110641002655029,0.941257655620575,0.054471246898174286,0.0219392329454422,19.26057255268097,0
244,0.938975989818573,0.7105607390403748,0.9460428357124329,0.05443502217531204,0.021876119077205658,19.336937814950943,0
245,0.939548909664154,0.7105607390403748,0.936083197593689,0.054398372769355774,0.021852031350135803,19.413241893053055,0
246,0.9379274845123291,0.7115339040756226,0.9405272006988525,0.05436871200799942,0.021875932812690735,19.48953952640295,0
247,0.938684344291687,0.710392951965332,0.9446704387664795,0.05438316613435745,0.021861620247364044,19.565837278962135,0
248,0.9426647424697876,0.7110305428504944,0.933332622051239,0.05430959165096283,0.021870099008083344,19.642070807516575,0
249,0.9367400407791138,0.7123057246208191,0.9333081245422363,0.05466826260089874,0.02203357219696045,19.723977342247963,1
250,0.9347087144851685,0.7111647725105286,0.9446691870689392,0.054397501051425934,0.02198278158903122,19.80041578412056,0
251,0.9352438449859619,0.7083123326301575,0.9482741951942444,0.0544627383351326,0.021841242909431458,19.876774936914444,0
252,0.9337336421012878,0.7119365930557251,0.9349362254142761,0.054315075278282166,0.021866202354431152,19.953009448945522,0
253,0.9333639740943909,0.712238609790802,0.9363461136817932,0.05440833419561386,0.02185186743736267,20.029322266578674,0
254,0.9331044554710388,0.7087485790252686,0.948306143283844,0.05438118427991867,0.02187841385602951,20.10563402622938,0
255,0.9329136610031128,0.712742030620575,0.9363806247711182,0.0544055700302124,0.021886520087718964,20.186984710395336,1
256,0.9313085079193115,0.7120037078857422,0.9398882389068604,0.054441504180431366,0.021847903728485107,20.263329848647118,0
257,0.9347681403160095,0.712809145450592,0.9368142485618591,0.054389312863349915,0.021939754486083984,20.34532157331705,1
258,0.9302483201026917,0.7130440473556519,0.9381330013275146,0.05439378321170807,0.021901540458202362,20.427140198647976,1
259,0.9271270036697388,0.7123392820358276,0.9362372159957886,0.05463545024394989,0.021912194788455963,20.503745168447495,0
260,0.9286463260650635,0.7123392820358276,0.933254063129425,0.05446438491344452,0.021850720047950745,20.58012192696333,0
261,0.9246267676353455,0.7098224759101868,0.9453895688056946,0.05441103130578995,0.021869070827960968,20.656450480222702,0
262,0.9264560341835022,0.7132453918457031,0.9363191723823547,0.05440623313188553,0.021904125809669495,20.73829509317875,1
263,0.9248185157775879,0.7141178846359253,0.9329562187194824,0.05443411320447922,0.021946407854557037,20.820372991263866,1
264,0.9256058931350708,0.7113996744155884,0.9391161799430847,0.05452564358711243,0.021913930773735046,20.896876856684685,0
265,0.9268972277641296,0.7125742435455322,0.9384596943855286,0.05438533425331116,0.021968401968479156,20.97328468412161,0
266,0.9237021803855896,0.7137823104858398,0.9367336630821228,0.054374925792217255,0.021953359246253967,21.049671091139317,0
267,0.922968327999115,0.7130776047706604,0.9349344372749329,0.05433487147092819,0.021936491131782532,21.12599502503872,0
268,0.9205819964408875,0.7108963131904602,0.939197838306427,0.05430988222360611,0.021856263279914856,21.202213756740093,0
269,0.9244264364242554,0.7123057246208191,0.9433959722518921,0.05443331599235535,0.021818019449710846,21.278519429266453,0
270,0.9253900051116943,0.7153595685958862,0.9285619258880615,0.05437342822551727,0.02189043164253235,21.359949603676796,1
271,0.922756552696228,0.7121379375457764,0.938299834728241,0.05466136336326599,0.022002272307872772,21.436664387583733,0
272,0.9208698272705078,0.7121379375457764,0.9446821212768555,0.05442764610052109,0.02186528593301773,21.513010926544666,0
273,0.9196298122406006,0.712742030620575,0.9370659589767456,0.05440516024827957,0.02187521755695343,21.589348316192627,0
274,0.9161935448646545,0.7138158679008484,0.9336132407188416,0.05439252406358719,0.021906644105911255,21.665704242885113,0
275,0.9212954044342041,0.714654803276062,0.9360467195510864,0.05440744012594223,0.021909981966018677,21.74208675324917,0
276,0.9177833795547485,0.7122721672058105,0.9371304512023926,0.05446470528841019,0.02188066393136978,21.818484596908092,0
277,0.9138596653938293,0.7133796215057373,0.9339635968208313,0.054451167583465576,0.02187931537628174,21.894868440926075,0
278,0.9169454574584961,0.7137151956558228,0.9368972182273865,0.05444827675819397,0.021885119378566742,21.971248783171177,0
279,0.9166006445884705,0.7131447196006775,0.9358751773834229,0.05444987118244171,0.021842770278453827,22.047588892281055,0
280,0.9147861003875732,0.7127084732055664,0.9376072287559509,0.05437484383583069,0.022091425955295563,22.124101974070072,0
281,0.9171868562698364,0.7140507698059082,0.9310832619667053,0.054380372166633606,0.021958477795124054,22.200493074953556,0
282,0.9149945974349976,0.7129433751106262,0.9412157535552979,0.054346755146980286,0.02192629873752594,22.276817947626114,0
283,0.913885772228241,0.7139836549758911,0.9361153841018677,0.05431240051984787,0.02186223864555359,22.3530455455184,0
284,0.9106196761131287,0.7146212458610535,0.9332223534584045,0.05433254688978195,0.022039294242858887,22.429468989372253,0
285,0.9133954048156738,0.7114667892456055,0.938755989074707,0.05448070913553238,0.021862082183361053,22.505863554775715,0
286,0.9144092202186584,0.7133460640907288,0.9373633861541748,0.05439825356006622,0.021923460066318512,22.582242019474506,0
287,0.9147002696990967,0.7145541310310364,0.9319651126861572,0.05434274673461914,0.021934978663921356,22.65857195854187,0
288,0.9115856289863586,0.7128427028656006,0.9343766570091248,0.05443492531776428,0.021892212331295013,22.73495937883854,0
289,0.9105780124664307,0.7120372653007507,0.9377477765083313,0.054405100643634796,0.021955817937850952,22.81137513369322,0
290,0.9086577296257019,0.7159971594810486,0.9282006621360779,0.05460719019174576,0.021865643560886383,22.893733382225037,1
291,0.9108166694641113,0.7147890329360962,0.9318150877952576,0.0544167160987854,0.021916434168815613,22.97012187540531,0
292,0.9065783619880676,0.7120708227157593,0.9404996633529663,0.05433809012174606,0.02190302312374115,23.04641528427601,0
293,0.9089065790176392,0.7148225903511047,0.9399365782737732,0.05441579222679138,0.02188398689031601,23.12276690453291,0
294,0.907713770866394,0.7146212458610535,0.9347977042198181,0.054406844079494476,0.021852031350135803,23.19907822459936,0
295,0.9095767736434937,0.7130440473556519,0.9388476610183716,0.05461969971656799,0.02200150489807129,23.27574872225523,0
296,0.9050490260124207,0.7165340781211853,0.9289557933807373,0.0544196292757988,0.02188001573085785,23.357531905174255,1
297,0.9107096791267395,0.7141514420509338,0.9348598122596741,0.0544462725520134,0.02183302491903305,23.433865413069725,0
298,0.903633713722229,0.7141849994659424,0.936175525188446,0.054397791624069214,0.021923325955867767,23.510238640010357,0
299,0.9072536826133728,0.7127084732055664,0.9400368332862854,0.05447249859571457,0.02190200239419937,23.58666767925024,0
300,0.9035017490386963,0.7161313891410828,0.9287517666816711,0.05437532067298889,0.021854914724826813,23.66295713931322,0
301,0.9023000597953796,0.716701865196228,0.9318832159042358,0.054616957902908325,0.02191861718893051,23.74477468430996,1
302,0.8999720811843872,0.7157287001609802,0.9303404688835144,0.05436399579048157,0.021909072995185852,23.821103267371655,0
303,0.9012584686279297,0.7143192291259766,0.9367856383323669,0.054392099380493164,0.021970272064208984,23.897518515586853,0
304,0.9046268463134766,0.7149903774261475,0.931394636631012,0.05430794507265091,0.02193477749824524,23.973813094198704,0
305,0.900371789932251,0.7149232625961304,0.9347264170646667,0.05430670082569122,0.02194949984550476,24.050119906663895,0
306,0.9029370546340942,0.7154266834259033,0.9354727864265442,0.05447937548160553,0.021843530237674713,24.126497730612755,0
307,0.900759220123291,0.715023934841156,0.9299477338790894,0.05470680445432663,0.021939769387245178,24.203199543058872,0
308,0.9007183313369751,0.7129433751106262,0.9373383522033691,0.05444422364234924,0.021922998130321503,24.279620982706547,0
309,0.9002096652984619,0.7157287001609802,0.9330414533615112,0.054460570216178894,0.021879151463508606,24.35601418465376,0
310,0.898655891418457,0.7112654447555542,0.9407176375389099,0.05442166328430176,0.021885350346565247,24.43238841742277,0
311,0.9011783003807068,0.7138158679008484,0.9335320591926575,0.05440155416727066,0.02195042371749878,24.50879617035389,0
312,0.8994070291519165,0.7156951427459717,0.9372132420539856,0.05433323234319687,0.021842963993549347,24.58502399176359,0
313,0.898494303226471,0.71596360206604,0.9347032904624939,0.05472790449857712,0.022007979452610016,24.661818012595177,0
314,0.8993839621543884,0.7151917815208435,0.9325999021530151,0.05440995842218399,0.021849706768989563,24.73813197016716,0
315,0.8972625732421875,0.7130440473556519,0.9402611255645752,0.05458731949329376,0.021929994225502014,24.814702704548836,0
316,0.8978099226951599,0.7166011929512024,0.9271553158760071,0.05446496605873108,0.021889999508857727,24.89111215621233,0
317,0.8949196934700012,0.7166347503662109,0.9308567643165588,0.05444934964179993,0.021917887032032013,24.967533238232136,0
318,0.8961099982261658,0.7154266834259033,0.936985433101654,0.054409369826316833,0.021846674382686615,25.043838053941727,0
319,0.894085705280304,0.7145205736160278,0.935346782207489,0.05437910556793213,0.021868348121643066,25.12013314664364,0
320,0.8947298526763916,0.7158629298210144,0.930751383304596,0.05445475876331329,0.021903827786445618,25.1965451836586,0
321,0.8938398957252502,0.7166683077812195,0.9302250742912292,0.05446339398622513,0.021891817450523376,25.272954136133194,0
322,0.8917854428291321,0.7160307168960571,0.9331724643707275,0.0544646680355072,0.021867118775844574,25.349339477717876,0
323,0.8948652744293213,0.7156280279159546,0.934711217880249,0.054459571838378906,0.021890558302402496,25.425745137035847,0
324,0.8916412591934204,0.7144199013710022,0.9310389161109924,0.05437586456537247,0.02191884070634842,25.50210028886795,0
325,0.8912762403488159,0.7142185568809509,0.941960871219635,0.05448995530605316,0.021857760846614838,25.578500732779503,0
326,0.8928182721138,0.7172723412513733,0.9299695491790771,0.05441366881132126,0.02187376469373703,25.660451263189316,1
327,0.8906989097595215,0.7161649465560913,0.9302263259887695,0.05435542017221451,0.02191322296857834,25.736772753298283,0
328,0.8900495767593384,0.7153260111808777,0.9365048408508301,0.05434832721948624,0.021952703595161438,25.813125856220722,0
329,0.8897148966789246,0.7150911092758179,0.9353656768798828,0.05454225093126297,0.021909117698669434,25.88964257389307,0
330,0.8864601254463196,0.7167354226112366,0.9346371293067932,0.054467588663101196,0.021825380623340607,25.965988270938396,0
331,0.889033317565918,0.7158629298210144,0.9352986216545105,0.05447971075773239,0.021957144141197205,26.042479284107685,0
332,0.8889541029930115,0.7147219181060791,0.9385302662849426,0.05444861203432083,0.02195069193840027,26.118937484920025,0
333,0.8865339159965515,0.7177422046661377,0.9255012273788452,0.0543581023812294,0.021941371262073517,26.20114027708769,1
334,0.8899720311164856,0.7168696522712708,0.93345707654953,0.05428767204284668,0.02184390276670456,26.277327746152878,0
335,0.8861634731292725,0.7123392820358276,0.946336030960083,0.05469398945569992,0.021913565695285797,26.353991270065308,0
336,0.8874948620796204,0.7152588963508606,0.9338613152503967,0.05447062849998474,0.021863967180252075,26.430378258228302,0
337,0.8870283961296082,0.7154937982559204,0.9410619139671326,0.054464466869831085,0.021850675344467163,26.506747715175152,0
338,0.8865582942962646,0.715594470500946,0.9283133745193481,0.05442620813846588,0.021892495453357697,26.58311941474676,0
339,0.8827425837516785,0.716332733631134,0.9328209161758423,0.054316841065883636,0.021931253373622894,26.659421131014824,0
340,0.8851086497306824,0.713178277015686,0.9463564157485962,0.054286547005176544,0.021937280893325806,26.735691748559475,0
341,0.8834438323974609,0.7138494253158569,0.9359673857688904,0.0543266236782074,0.021879658102989197,26.81194667518139,0
342,0.885422945022583,0.7154602408409119,0.9362486600875854,0.05432505905628204,0.02187556028366089,26.88819956034422,0
343,0.8832082152366638,0.7161649465560913,0.9346665740013123,0.05463887006044388,0.02193930745124817,26.964826561510563,0
344,0.8831108808517456,0.7156951427459717,0.9349935054779053,0.05444619804620743,0.021913841366767883,27.041245363652706,0
345,0.8836328983306885,0.717943549156189,0.9351785182952881,0.05436938256025314,0.02185775339603424,27.12397813051939,1
346,0.8851281404495239,0.71596360206604,0.9259954690933228,0.054359495639801025,0.021852359175682068,27.200239092111588,0
347,0.880905032157898,0.715896487236023,0.9337825179100037,0.05445665121078491,0.02182845026254654,27.27657426893711,0
348,0.8827295899391174,0.7159300446510315,0.9403502345085144,0.05441054701805115,0.022005952894687653,27.353043138980865,0
349,0.8803233504295349,0.7159300446510315,0.9325741529464722,0.05452326685190201,0.02188938856124878,27.429533571004868,0
350,0.8809525370597839,0.7169703245162964,0.9347489476203918,0.05440203845500946,0.021926239132881165,27.505916982889175,0
351,0.8787391781806946,0.7137151956558228,0.9414299726486206,0.054340168833732605,0.021874122321605682,27.582194209098816,0
352,0.8801820278167725,0.7149568200111389,0.9310815930366516,0.05443626642227173,0.021884359419345856,27.658568628132343,0
353,0.8838695287704468,0.7119701504707336,0.9478169083595276,0.05431417375802994,0.021862588822841644,27.73479939252138,0
354,0.8823719024658203,0.7170374393463135,0.9318794012069702,0.054470159113407135,0.021890588104724884,27.811228796839714,0
355,0.8780168294906616,0.7147554755210876,0.9367330074310303,0.054474636912345886,0.02185937762260437,27.887616358697414,0
356,0.8765363097190857,0.7139500975608826,0.9445711374282837,0.05446867644786835,0.021856285631656647,27.963995903730392,0
357,0.8775926828384399,0.7156951427459717,0.9342553615570068,0.05436931550502777,0.021870851516723633,28.040290780365467,0
358,0.8806424736976624,0.7144534587860107,0.9398064613342285,0.05437137186527252,0.021877706050872803,28.116586722433567,0
359,0.8791580200195312,0.7172052264213562,0.9371985197067261,0.05436578392982483,0.021888181567192078,28.19289170205593,0
360,0.8771077990531921,0.7160978317260742,0.930960476398468,0.054422393441200256,0.021870069205760956,28.269235782325268,0
361,0.8748870491981506,0.7141178846359253,0.9425517320632935,0.05432507395744324,0.021870173513889313,28.34548284113407,0
362,0.8749164938926697,0.7171381115913391,0.9358491897583008,0.054455071687698364,0.022017650306224823,28.42200841009617,0
363,0.8760444521903992,0.716701865196228,0.9313089847564697,0.05443398654460907,0.021922461688518524,28.498417362570763,0
364,0.8775469660758972,0.7149903774261475,0.9384890198707581,0.0544278547167778,0.021870113909244537,28.574778981506824,0
365,0.8768343925476074,0.7162320613861084,0.9345307946205139,0.05446278303861618,0.02190908044576645,28.651204578578472,0
366,0.8720370531082153,0.7172052264213562,0.9326145052909851,0.05438779294490814,0.02189062535762787,28.727530412375927,0
367,0.8750700950622559,0.7147890329360962,0.9455673098564148,0.05433822423219681,0.021958045661449432,28.80387480556965,0
368,0.8749706149101257,0.7173058986663818,0.9297018647193909,0.05463075637817383,0.021926365792751312,28.880481213331223,0
369,0.8724499344825745,0.7164669632911682,0.9326585531234741,0.05448450148105621,0.021893635392189026,28.95691369473934,0
370,0.871744692325592,0.7157622575759888,0.9392242431640625,0.054449521005153656,0.021895840764045715,29.033314429223537,0
371,0.8762807846069336,0.7178764343261719,0.9311549067497253,0.05438075214624405,0.021864593029022217,29.109613716602325,0
372,0.870720624923706,0.7184804677963257,0.9274665713310242,0.054434292018413544,0.021863505244255066,29.1929534599185,1
373,0.8692083954811096,0.7131447196006775,0.9450796842575073,0.05446184426546097,0.021915219724178314,29.269389554858208,0
374,0.8682300448417664,0.7162656188011169,0.9304263591766357,0.054461799561977386,0.021852806210517883,29.345758445560932,0
375,0.8687244653701782,0.7177422046661377,0.9276264905929565,0.05443955212831497,0.021888256072998047,29.422140687704086,0
376,0.869602382183075,0.7147554755210876,0.9426396489143372,0.05438068509101868,0.021846972405910492,29.498419240117073,0
377,0.8704613447189331,0.7136480808258057,0.9399990439414978,0.05449898540973663,0.021907374262809753,29.574886046350002,0
378,0.8688117265701294,0.718748927116394,0.9305645227432251,0.05445732921361923,0.021890252828598022,29.657520972192287,1
379,0.8670395612716675,0.7164334058761597,0.934582531452179,0.05433729290962219,0.021913006901741028,29.733821146190166,0
380,0.8664197325706482,0.715023934841156,0.9368195533752441,0.054397910833358765,0.021909072995185852,29.81017667800188,0
381,0.8690820932388306,0.7164669632911682,0.9398393034934998,0.05430222302675247,0.0219261571764946,29.88645226508379,0
382,0.8690080642700195,0.7175408005714417,0.9316914677619934,0.05436718463897705,0.021948322653770447,29.9628217369318,0
383,0.8661177158355713,0.71354740858078,0.9385761618614197,0.05443853884935379,0.021870553493499756,30.0391818061471,0
384,0.8652853965759277,0.7172387838363647,0.9367141723632812,0.0548013374209404,0.021995477378368378,30.116030976176262,0
385,0.8622177839279175,0.7187153697013855,0.9265471696853638,0.05455661565065384,0.021884746849536896,30.19254831969738,0
386,0.8643201589584351,0.7162991762161255,0.9370478391647339,0.05444592982530594,0.021887600421905518,30.268945544958115,0
387,0.8659161329269409,0.7147890329360962,0.9455176591873169,0.054498590528964996,0.021874509751796722,30.345372386276722,0
388,0.8650935292243958,0.7188160419464111,0.9270175695419312,0.05459427088499069,0.021895013749599457,30.43079175055027,1
389,0.8661962747573853,0.716701865196228,0.9394873380661011,0.05451768636703491,0.021868564188480377,30.507248051464558,0
390,0.8633317351341248,0.7143192291259766,0.9374915361404419,0.0543995127081871,0.02189115434885025,30.583600468933582,0
391,0.8645185232162476,0.7179099917411804,0.9317538738250732,0.05447275936603546,0.02182719111442566,30.65995417535305,0
392,0.8629979491233826,0.7182791233062744,0.9366633296012878,0.0545475035905838,0.021902233362197876,30.73646118491888,0
393,0.8632382750511169,0.7164669632911682,0.9401070475578308,0.05451186001300812,0.021901629865169525,30.812943130731583,0
394,0.8595611453056335,0.7177422046661377,0.9399925470352173,0.054688096046447754,0.022163815796375275,30.88986835628748,0
395,0.8617340922355652,0.7186482548713684,0.9380889534950256,0.05522875487804413,0.021889790892601013,30.96711455285549,0
396,0.8616523146629333,0.718010663986206,0.9321622848510742,0.05448880046606064,0.0218973308801651,31.043549351394176,0
397,0.8639136552810669,0.7173058986663818,0.9347265958786011,0.054911188781261444,0.021864868700504303,31.12037169188261,0
398,0.8644840121269226,0.7133796215057373,0.9454346299171448,0.05452561378479004,0.02186841517686844,31.19682913273573,0
399,0.8628183603286743,0.7185140252113342,0.9287316799163818,0.0547180250287056,0.022002242505550385,31.273602813482285,0
400,0.8608382344245911,0.7199234366416931,0.9338273406028748,0.054476991295814514,0.021985553205013275,31.356064841151237,1
401,0.8572596311569214,0.7139836549758911,0.9450177550315857,0.054705746471881866,0.022287636995315552,31.43311459571123,0
402,0.861396312713623,0.7185140252113342,0.9299362897872925,0.05484630912542343,0.022000722587108612,31.51005858927965,0
403,0.8556511998176575,0.7185140252113342,0.9366156458854675,0.05459318310022354,0.021880894899368286,31.586612105369568,0
404,0.8609271049499512,0.7129433751106262,0.9540088772773743,0.05461912602186203,0.021909773349761963,31.663209974765778,0
405,0.858498752117157,0.7199905514717102,0.9275994896888733,0.05499503016471863,0.021870113909244537,31.746616527438164,1
406,0.857798159122467,0.7193194031715393,0.9316331148147583,0.054556094110012054,0.021902121603488922,31.823132626712322,0
407,0.85855633020401,0.7158629298210144,0.9458166360855103,0.054552674293518066,0.021850302815437317,31.89958567172289,0
408,0.8597026467323303,0.719487190246582,0.9282369017601013,0.05449044704437256,0.021903112530708313,31.976033002138138,0
409,0.8567965030670166,0.7197220921516418,0.9334099292755127,0.054569922387599945,0.02193821221590042,32.05260740220547,0
410,0.858519434928894,0.7160642743110657,0.9449977874755859,0.054606758058071136,0.021882861852645874,32.129152089357376,0
411,0.8585765957832336,0.7174065709114075,0.9300001859664917,0.05455275624990463,0.02186482399702072,32.2056250423193,0
412,0.8549308180809021,0.7193865180015564,0.9301044344902039,0.05448335409164429,0.021920062601566315,32.28208231180906,0
413,0.8570171594619751,0.7152924537658691,0.9455742239952087,0.05453138053417206,0.021873772144317627,32.35854250192642,0
414,0.8543269038200378,0.7159971594810486,0.9413920640945435,0.054515689611434937,0.021965347230434418,32.43507881462574,0
415,0.8540611267089844,0.7200912237167358,0.9300382137298584,0.05445272475481033,0.02185932546854019,32.51746018230915,1
416,0.85633385181427,0.7197556495666504,0.9322689771652222,0.05448310822248459,0.021882064640522003,32.59388090670109,0
417,0.8498847484588623,0.7158293724060059,0.9455205202102661,0.05473443865776062,0.02190045267343521,32.67057120800018,0
418,0.8508279323577881,0.7175072431564331,0.9384695291519165,0.05455806851387024,0.021853484213352203,32.7470375970006,0
419,0.8520631790161133,0.7187153697013855,0.9280704259872437,0.0545317605137825,0.02192511409521103,32.82355000078678,0
420,0.8539893627166748,0.7147554755210876,0.9444568753242493,0.05457233637571335,0.02189747244119644,32.9000840857625,0
421,0.8528646230697632,0.7174065709114075,0.9390455484390259,0.05452345311641693,0.021891742944717407,32.97654785960913,0
422,0.8496769070625305,0.7183797955513,0.931050717830658,0.054561369121074677,0.02188873291015625,33.053050845861435,0
423,0.8524497747421265,0.7144870162010193,0.9450176358222961,0.05489760637283325,0.021993137896060944,33.12999655306339,0
424,0.8521391749382019,0.717943549156189,0.937421441078186,0.0545513778924942,0.02205251157283783,33.20665422081947,0
425,0.8494173884391785,0.7195207476615906,0.930064857006073,0.05447977036237717,0.021953575313091278,33.28314011543989,0
426,0.8499000072479248,0.718681812286377,0.9352096915245056,0.05454903841018677,0.021886087954044342,33.35963153839111,0
427,0.8550820350646973,0.7159971594810486,0.9418818950653076,0.054453544318675995,0.02194090187549591,33.436088033020496,0
428,0.8506393432617188,0.7183462381362915,0.9372473955154419,0.054413698613643646,0.021911799907684326,33.5124686062336,0
429,0.8524554967880249,0.7193194031715393,0.9356237649917603,0.05455998331308365,0.02204716205596924,33.58912994712591,0
430,0.8496471047401428,0.7154937982559204,0.9398151636123657,0.05456038564443588,0.021914593875408173,33.66566229611635,0
431,0.8516659140586853,0.7157622575759888,0.9451057314872742,0.054531946778297424,0.021908149123191833,33.74215669929981,0
432,0.8499465584754944,0.7200241088867188,0.9297551512718201,0.0545467883348465,0.02188202738761902,33.818639293313026,0
433,0.8459042310714722,0.7185140252113342,0.9378849864006042,0.05449449270963669,0.02191692590713501,33.89509976655245,0
434,0.8473645448684692,0.7171045541763306,0.9452406167984009,0.05446958541870117,0.021900594234466553,33.97151817381382,0
435,0.8517240881919861,0.7185140252113342,0.9313253164291382,0.05453486740589142,0.021884948015213013,34.04798559099436,0
436,0.8460660576820374,0.7184804677963257,0.9367611408233643,0.054574690759181976,0.021919280290603638,34.12453444302082,0
437,0.8487057089805603,0.7165005207061768,0.9498991966247559,0.054543815553188324,0.021949991583824158,34.20109065622091,0
438,0.8502007722854614,0.718748927116394,0.9292550086975098,0.054858602583408356,0.021863050758838654,34.27787207067013,0
439,0.847441554069519,0.717440128326416,0.9358069896697998,0.05451814830303192,0.021881021559238434,34.3543231934309,0
440,0.8448593020439148,0.7182120084762573,0.9455177187919617,0.054454460740089417,0.021918006241321564,34.430754609405994,0
441,0.8490721583366394,0.7161985039710999,0.9413819313049316,0.05447598546743393,0.021868951618671417,34.50714864581823,0
442,0.8478829860687256,0.7200241088867188,0.9302334189414978,0.054397426545619965,0.021904587745666504,34.58350172638893,0
443,0.8476774096488953,0.7195207476615906,0.9308887720108032,0.05450034886598587,0.021934732794761658,34.6599897518754,0
444,0.8423654437065125,0.715225338935852,0.9476094841957092,0.054545871913433075,0.0219423770904541,34.736533276736736,0
445,0.8464004397392273,0.7175072431564331,0.9387884140014648,0.05456974357366562,0.02191958576440811,34.813075326383114,0
446,0.8424236178398132,0.7194200754165649,0.929889440536499,0.05451343208551407,0.021907523274421692,34.88955771923065,0
447,0.8444123268127441,0.7165676355361938,0.9378523230552673,0.054637059569358826,0.021995656192302704,34.96625504642725,0
448,0.8434692621231079,0.7183797955513,0.941475510597229,0.054909296333789825,0.02199120819568634,35.043225429952145,0
449,0.8411810994148254,0.7199234366416931,0.9308856129646301,0.054498009383678436,0.02182309329509735,35.11960691213608,0
450,0.8392049074172974,0.7171045541763306,0.9412931203842163,0.05470971018075943,0.02194160968065262,35.196312330663204,0
451,0.845186173915863,0.7195207476615906,0.9360709190368652,0.05456092953681946,0.02189374715089798,35.27282191067934,0
452,0.8412240743637085,0.7178093194961548,0.9385592937469482,0.05454208701848984,0.02190869301557541,35.349326469004154,0
453,0.8433696627616882,0.718681812286377,0.9383317828178406,0.054475948214530945,0.021865516901016235,35.42573109269142,0
454,0.8420395255088806,0.7186482548713684,0.9325850605964661,0.054511718451976776,0.02193646878004074,35.50223170220852,0
455,0.8435452580451965,0.718312680721283,0.9342912435531616,0.05448012053966522,0.021900154650211334,35.57865995168686,0
456,0.8389574289321899,0.7160307168960571,0.9404061436653137,0.0544542521238327,0.02193131297826767,35.655092656612396,0
457,0.8392789363861084,0.7197556495666504,0.9350945353507996,0.05453813076019287,0.021950922906398773,35.731637336313725,0
458,0.8369168639183044,0.7195207476615906,0.9328011274337769,0.05458991974592209,0.021881982684135437,35.808191165328026,0
459,0.8400574326515198,0.7177422046661377,0.9418417811393738,0.05455879867076874,0.02185593545436859,35.88466004282236,0
460,0.8376144170761108,0.7170038819313049,0.9423602223396301,0.05449972301721573,0.021974124014377594,35.96118625998497,0
461,0.8362106680870056,0.7184133529663086,0.9328616261482239,0.05453610420227051,0.0218898206949234,36.03766921907663,0
462,0.8405637741088867,0.7193865180015564,0.9335477352142334,0.05449620634317398,0.021871954202651978,36.11408939957619,0
463,0.8391638398170471,0.718748927116394,0.9403542280197144,0.05457775294780731,0.021900653839111328,36.19062001258135,0
464,0.8366883397102356,0.7189502716064453,0.9399048686027527,0.05452930927276611,0.021871060132980347,36.26707290112972,0
465,0.838640034198761,0.7195878624916077,0.9345210790634155,0.05450747162103653,0.021939143538475037,36.34358910471201,0
466,0.8375231027603149,0.7192522883415222,0.9356370568275452,0.05455928295850754,0.02191852033138275,36.42011829465628,0
467,0.8351418972015381,0.7196214199066162,0.9427606463432312,0.05454915016889572,0.021865397691726685,36.49658587574959,0
468,0.8358007073402405,0.7207959890365601,0.9337902069091797,0.05453258752822876,0.022024810314178467,36.57873299717903,1
469,0.831705629825592,0.7182120084762573,0.9370524287223816,0.05457641929388046,0.021868817508220673,36.65523515641689,0
470,0.8364294767379761,0.7188160419464111,0.9431501626968384,0.05457991361618042,0.021903447806835175,36.73177137225866,0
471,0.833107054233551,0.7189167141914368,0.9346300959587097,0.05452582985162735,0.02188580483198166,36.808235719799995,0
472,0.8348537683486938,0.720728874206543,0.9356613755226135,0.05455324053764343,0.021879903972148895,36.88472271710634,0
473,0.837424099445343,0.7191851735115051,0.9388799071311951,0.05453093349933624,0.02186061441898346,36.96116565167904,0
474,0.8342849612236023,0.719856321811676,0.9364883899688721,0.05454555153846741,0.021915674209594727,37.03767906874418,0
475,0.8296619653701782,0.7196885347366333,0.9400931000709534,0.05453746020793915,0.02187429368495941,37.11414408683777,0
476,0.8321273326873779,0.7182120084762573,0.9432862997055054,0.05460602045059204,0.021888792514801025,37.190690986812115,0
477,0.8335984945297241,0.7214000225067139,0.934563398361206,0.05458693206310272,0.02187727391719818,37.273182325065136,1
478,0.8345813751220703,0.71596360206604,0.9520866870880127,0.05450189858675003,0.02195795625448227,37.34971256554127,0
479,0.8357726335525513,0.7190845012664795,0.933634340763092,0.05444151908159256,0.021879367530345917,37.42608589679003,0
480,0.8329023122787476,0.7208295464515686,0.9407141208648682,0.05449087172746658,0.021896354854106903,37.50252768397331,0
481,0.832210123538971,0.7180442214012146,0.9471312761306763,0.05453561246395111,0.02193332463502884,37.579049572348595,0
482,0.8325657248497009,0.7185140252113342,0.9335286617279053,0.05450619012117386,0.02186141163110733,37.65547091513872,0
483,0.8317774534225464,0.7181113362312317,0.943148672580719,0.054567672312259674,0.021821968257427216,37.73191337287426,0
484,0.8328020572662354,0.7168360948562622,0.9459865093231201,0.05453108996152878,0.021898329257965088,37.80839595198631,0
485,0.8331297039985657,0.7209637761116028,0.9284616708755493,0.05456581711769104,0.021807648241519928,37.88483062386513,0
486,0.83514803647995,0.717070996761322,0.9476399421691895,0.05453019589185715,0.021883882582187653,37.96129582077265,0
487,0.8338137865066528,0.7168025374412537,0.9417893886566162,0.05443696677684784,0.02192062884569168,38.03770603239536,0
488,0.8354789018630981,0.7205275297164917,0.9319595694541931,0.05446886271238327,0.021962612867355347,38.11418951302767,0
489,0.8291866183280945,0.7177086472511292,0.9453467726707458,0.054496750235557556,0.02193102240562439,38.19067057222128,0
490,0.8295321464538574,0.7183462381362915,0.943701446056366,0.05447909235954285,0.02195098251104355,38.26715261489153,0
491,0.8294715285301208,0.7204268574714661,0.9326251745223999,0.05449840426445007,0.021907567977905273,38.343617126345634,0
492,0.8282061219215393,0.7206953167915344,0.937371551990509,0.054503366351127625,0.021920673549175262,38.42009360343218,0
493,0.8324145078659058,0.7164334058761597,0.9465283751487732,0.05449517071247101,0.0219385027885437,38.49657900631428,0
494,0.8265113234519958,0.7203933000564575,0.9409462213516235,0.05453366041183472,0.02188131958246231,38.57303970307112,0
495,0.8266729712486267,0.7206282019615173,0.932481586933136,0.05447667837142944,0.02181507647037506,38.649383306503296,0
496,0.828726589679718,0.7200241088867188,0.9398035407066345,0.0545618012547493,0.021909043192863464,38.72590730339289,0
497,0.8288853764533997,0.7169367671012878,0.9453781247138977,0.05454419553279877,0.021881498396396637,38.80238591879606,0
498,0.8264992833137512,0.7204939723014832,0.9397343993186951,0.054498739540576935,0.021847181022167206,38.878783129155636,0
499,0.8293277621269226,0.720359742641449,0.9365072250366211,0.054514095187187195,0.021916493773460388,38.95526774227619,0
500,0.8278728723526001,0.7187824845314026,0.9376149773597717,0.054495371878147125,0.021939784288406372,39.03175890445709,0
501,0.8324384093284607,0.7201583385467529,0.9416574239730835,0.05448786914348602,0.02193959802389145,39.10824014991522,0
502,0.8289381861686707,0.719050943851471,0.9362406730651855,0.05458900332450867,0.02190466970205307,39.18478610366583,0
503,0.8271288275718689,0.7175408005714417,0.9403752684593201,0.054484590888023376,0.0218992680311203,39.261222183704376,0
504,0.8286157250404358,0.7190173864364624,0.9457297325134277,0.05449935793876648,0.021937109529972076,39.3377199023962,0
505,0.8280023336410522,0.7205275297164917,0.934099555015564,0.05449026823043823,0.021869197487831116,39.41413211077452,0
506,0.8269810676574707,0.7196214199066162,0.9416170120239258,0.05443401634693146,0.0218750461935997,39.4904880002141,0
507,0.825106143951416,0.719856321811676,0.945577085018158,0.05450085550546646,0.02182382345199585,39.5668638125062,0
508,0.8256692290306091,0.7195543050765991,0.9339431524276733,0.054506659507751465,0.02189335972070694,39.64331168681383,0
509,0.8260821104049683,0.7156280279159546,0.9509732723236084,0.054515086114406586,0.021899864077568054,39.71977351605892,0
510,0.8239328265190125,0.718010663986206,0.9465563893318176,0.0544954314827919,0.02189764380455017,39.79621430486441,0
511,0.8309218287467957,0.7116345763206482,0.9653239846229553,0.05456559360027313,0.021886862814426422,39.87271921336651,0
512,0.8290826678276062,0.7201918959617615,0.9331688284873962,0.054536208510398865,0.021925754845142365,39.94923446327448,0
513,0.8244067430496216,0.7202590107917786,0.9401273727416992,0.054425135254859924,0.021895572543144226,40.02560171484947,0
514,0.8230153322219849,0.7146883606910706,0.9640536904335022,0.05447009205818176,0.021838925778865814,40.10196254402399,0
515,0.8281094431877136,0.7209302186965942,0.9376712441444397,0.054385632276535034,0.021917827427387238,40.17831367254257,0
516,0.8252356052398682,0.7198898792266846,0.9341161251068115,0.0543724000453949,0.021869853138923645,40.25460784882307,0
517,0.8177312612533569,0.7139500975608826,0.9625356793403625,0.05453412979841232,0.021911218762397766,40.33110085129738,0
518,0.8241488933563232,0.7207959890365601,0.9399783611297607,0.0548597127199173,0.0219588503241539,40.40797831118107,0
519,0.823697566986084,0.7224738597869873,0.9268959164619446,0.054536864161491394,0.021922335028648376,40.4904645383358,1
520,0.8269032835960388,0.7145541310310364,0.9621853232383728,0.05452282726764679,0.02185916155576706,40.56690988689661,0
521,0.8240909576416016,0.7175408005714417,0.9442970156669617,0.05456762760877609,0.021900177001953125,40.6434318870306,0
522,0.8250280618667603,0.7208966612815857,0.9344030618667603,0.054541341960430145,0.021917305886745453,40.71996293216944,0
523,0.8241413235664368,0.7176750898361206,0.950541079044342,0.05451757460832596,0.02191939204931259,40.79645372927189,0
524,0.8214572072029114,0.7181448936462402,0.9483997225761414,0.054856546223163605,0.02194003015756607,40.87331149727106,0
525,0.8257931470870972,0.7185140252113342,0.9438064098358154,0.05460385978221893,0.021853692829608917,40.94985544681549,0
526,0.8198888897895813,0.7195543050765991,0.9407694339752197,0.05440133810043335,0.02185618132352829,41.02616571635008,0
527,0.8226485848426819,0.7191516160964966,0.9434899091720581,0.0545608326792717,0.021880969405174255,41.10266039520502,0
528,0.8217503428459167,0.7196549773216248,0.9486207962036133,0.054537855088710785,0.02190157026052475,41.17915339767933,0
529,0.8200530409812927,0.7216349244117737,0.9370822906494141,0.054505959153175354,0.02194175124168396,41.25567337870598,0
530,0.8192607164382935,0.7190173864364624,0.9480760097503662,0.05457717180252075,0.021889328956604004,41.332193210721016,0
531,0.8216390609741211,0.719856321811676,0.9476203322410583,0.05456797778606415,0.02187924087047577,41.40869792550802,0
532,0.8191127777099609,0.7214000225067139,0.941280722618103,0.05456630140542984,0.021877773106098175,41.485197231173515,0
533,0.8206380009651184,0.720359742641449,0.939716100692749,0.05450022220611572,0.02185080200433731,41.5616028085351,0
534,0.8171906471252441,0.7189502716064453,0.9418097734451294,0.05450909584760666,0.021867133677005768,41.63803210109472,0
535,0.8165198564529419,0.7189838290214539,0.9528685808181763,0.054575614631175995,0.02185489982366562,41.714517652988434,0
536,0.8169677257537842,0.7212657928466797,0.9352696537971497,0.054542072117328644,0.021893642842769623,41.791006967425346,0
537,0.816861093044281,0.7188160419464111,0.9492709636688232,0.05457548797130585,0.021877087652683258,41.86751202493906,0
538,0.8223198056221008,0.7177422046661377,0.9521494507789612,0.05442122370004654,0.02185678482055664,41.94383752346039,0
539,0.8159433603286743,0.7205946445465088,0.9361252784729004,0.05499366670846939,0.021946348249912262,42.020837396383286,0
540,0.8190027475357056,0.7211315631866455,0.9412629008293152,0.05459661781787872,0.02188803255558014,42.0973811969161,0
541,0.8193188905715942,0.7208966612815857,0.948129415512085,0.054522305727005005,0.02185668796300888,42.17381329089403,0
542,0.8163228034973145,0.7197892069816589,0.9401116967201233,0.05437399446964264,0.02184942364692688,42.250116638839245,0
543,0.8180227875709534,0.7207624316215515,0.9386583566665649,0.0544341579079628,0.02189776301383972,42.326495103538036,0
544,0.8169142603874207,0.7199569940567017,0.9413970112800598,0.05453559756278992,0.021895594894886017,42.4029795601964,0
545,0.8137264251708984,0.7168025374412537,0.9523081183433533,0.05456508696079254,0.021878227591514587,42.479476660490036,0
546,0.8158282041549683,0.7209302186965942,0.9463161826133728,0.05452992022037506,0.02191028743982315,42.55596997588873,0
547,0.8160033226013184,0.7190173864364624,0.94391930103302,0.054504796862602234,0.02192273736000061,42.632450610399246,0
548,0.8174935579299927,0.7181113362312317,0.9438851475715637,0.05467298626899719,0.021967120468616486,42.70916689187288,0
549,0.8130953311920166,0.7214000225067139,0.9455794095993042,0.05449613928794861,0.021910056471824646,42.78562565147877,0
550,0.8104167580604553,0.721165120601654,0.9418286681175232,0.05447535216808319,0.021815665066242218,42.861969850957394,0
551,0.814938485622406,0.7198227643966675,0.9468032717704773,0.05438602715730667,0.021928809583187103,42.93834038823843,0
552,0.8142678737640381,0.7212993502616882,0.9334637522697449,0.05440746992826462,0.021935760974884033,43.01473077386618,0
553,0.8133591413497925,0.7202590107917786,0.9476233720779419,0.05443151295185089,0.021928906440734863,43.09114123135805,0
554,0.8140494227409363,0.718681812286377,0.9549446105957031,0.054480038583278656,0.021890789270401,43.16757229715586,0
555,0.8133828639984131,0.7217355966567993,0.9339115619659424,0.05450955778360367,0.02188538759946823,43.24401757121086,0
556,0.8136364817619324,0.7203261852264404,0.9429810047149658,0.05456371605396271,0.021893762052059174,43.32052884250879,0
557,0.8122500777244568,0.7178428769111633,0.9493221640586853,0.054540038108825684,0.021910041570663452,43.39703471213579,0
558,0.8135337829589844,0.7204604148864746,0.9429502487182617,0.05447045713663101,0.02194219082593918,43.473502427339554,0
559,0.80782550573349,0.720728874206543,0.9403597116470337,0.0544123575091362,0.02191193401813507,43.54988215863705,0
560,0.8120917081832886,0.7165005207061768,0.9547623991966248,0.05454356223344803,0.021926164627075195,43.62640671432018,0
561,0.815919816493988,0.7201247811317444,0.9419084191322327,0.05455855280160904,0.021851196885108948,43.702870413661,0
562,0.8126612305641174,0.7175072431564331,0.9506232142448425,0.05455406755208969,0.02188984304666519,43.77936893701553,0
563,0.809119701385498,0.7191851735115051,0.9438830614089966,0.05448974668979645,0.021913327276706696,43.85582596808672,0
564,0.8131425976753235,0.722272515296936,0.9390720129013062,0.054533153772354126,0.02189169079065323,43.932305343449116,0
565,0.811465859413147,0.7174736857414246,0.9528130888938904,0.05446338653564453,0.021913953125476837,44.00873674452305,0
566,0.8081780672073364,0.7200912237167358,0.9432656764984131,0.05448182672262192,0.021857917308807373,44.085129618644714,0
567,0.8093004822731018,0.7213664650917053,0.9418855309486389,0.054542750120162964,0.021880008280277252,44.16161482781172,0
568,0.8120839595794678,0.7166011929512024,0.9628938436508179,0.054641470313072205,0.02184201031923294,44.238164484500885,0
569,0.8122260570526123,0.7214335799217224,0.9400027990341187,0.05457409471273422,0.021921560168266296,44.31471413373947,0
570,0.8079294562339783,0.7188831567764282,0.9459381103515625,0.05452532321214676,0.02190198004245758,44.39119538664818,0
571,0.8084757328033447,0.7169367671012878,0.9535045027732849,0.05451536178588867,0.02191958576440811,44.46768532693386,0
572,0.8126670122146606,0.7205610871315002,0.939151406288147,0.05448037385940552,0.021837353706359863,44.544051468372345,0
573,0.8067322373390198,0.72022545337677,0.9435115456581116,0.054484471678733826,0.021855168044567108,44.62043992429972,0
574,0.8048348426818848,0.7189502716064453,0.950522780418396,0.054781749844551086,0.02218584716320038,44.69748157262802,0
575,0.8073793053627014,0.7196549773216248,0.945981502532959,0.054641932249069214,0.021879926323890686,44.77407427877188,0
576,0.8090789318084717,0.7208966612815857,0.9413167834281921,0.054491229355335236,0.021928653120994568,44.85054925084114,0
577,0.8114071488380432,0.720728874206543,0.944577157497406,0.054543666541576385,0.021848902106285095,44.926996275782585,0
578,0.807866096496582,0.7182120084762573,0.9480665922164917,0.054486751556396484,0.021938398480415344,45.003473684191704,0
579,0.8041349649429321,0.7201583385467529,0.9453551769256592,0.05455179512500763,0.021870329976081848,45.07995098084211,0
580,0.8099308609962463,0.7199905514717102,0.9440931081771851,0.05451582372188568,0.02190660685300827,45.15643025934696,0
581,0.8066868185997009,0.7204939723014832,0.9410714507102966,0.05479297786951065,0.021977320313453674,45.23325587064028,0
582,0.8088791966438293,0.7181448936462402,0.9530804753303528,0.054584257304668427,0.021952390670776367,45.309873320162296,0
583,0.8034101724624634,0.7197556495666504,0.9480196237564087,0.05440300703048706,0.02195528894662857,45.38628599047661,0
584,0.8029751181602478,0.7209637761116028,0.9376218914985657,0.05451176315546036,0.021899141371250153,45.462752766907215,0
585,0.8076068162918091,0.7173394560813904,0.9507109522819519,0.05451656132936478,0.02184142917394638,45.5391610711813,0
586,0.8086565136909485,0.7218027114868164,0.948239803314209,0.054518431425094604,0.021879583597183228,45.61560911685228,0
587,0.8062011003494263,0.7170038819313049,0.950203001499176,0.05451373755931854,0.021870329976081848,45.692042142152786,0
588,0.8025807738304138,0.7175072431564331,0.9545952677726746,0.05511670559644699,0.021904759109020233,45.769120559096336,0
589,0.8067270517349243,0.7209973335266113,0.9399877190589905,0.054475702345371246,0.021878063678741455,45.84553015232086,0
590,0.8064099550247192,0.7177086472511292,0.9539285898208618,0.05451080948114395,0.02191629260778427,45.92201874405146,0
591,0.8029705286026001,0.7203933000564575,0.9481522440910339,0.05455330014228821,0.021921269595623016,45.998547717928886,0
592,0.806232213973999,0.7206953167915344,0.9462072849273682,0.05441933870315552,0.021898381412029266,46.07492671906948,0
593,0.805036187171936,0.7193529605865479,0.9512455463409424,0.05451060086488724,0.02187608927488327,46.1513619273901,0
594,0.8070582151412964,0.7225074172019958,0.9387233853340149,0.0545506477355957,0.02189020812511444,46.234456583857536,1
595,0.8001998662948608,0.7205946445465088,0.9473043084144592,0.05453990399837494,0.021868161857128143,46.31091719120741,0
596,0.7985694408416748,0.718748927116394,0.9497159719467163,0.0545559823513031,0.021906107664108276,46.387428879737854,0
597,0.8023927211761475,0.7203261852264404,0.9442698955535889,0.05456068366765976,0.021905764937400818,46.46394970268011,0
598,0.8043721318244934,0.7190845012664795,0.9509384036064148,0.05453815311193466,0.02187347412109375,46.540419682860374,0
599,0.8032885789871216,0.7208966612815857,0.9473331570625305,0.05449921637773514,0.021888382732868195,46.616861276328564,0
600,0.8033792972564697,0.7230779528617859,0.9373556971549988,0.05446714907884598,0.02189967781305313,46.6986133903265,1
601,0.8008309602737427,0.720359742641449,0.954045832157135,0.054503194987773895,0.02187558263540268,46.77504803985357,0
602,0.8022385239601135,0.7162320613861084,0.9584845304489136,0.05456853657960892,0.021888218820095062,46.85156040638685,0
603,0.8030981421470642,0.7233799695968628,0.9408458471298218,0.054545626044273376,0.021897703409194946,46.933248952031136,1
604,0.8027686476707458,0.718312680721283,0.9543659687042236,0.05468623340129852,0.02192353457212448,47.009916603565216,0
605,0.7990633845329285,0.717070996761322,0.9579614996910095,0.05456491559743881,0.02191387116909027,47.0864567682147,0
606,0.8005225658416748,0.7227423191070557,0.9457725882530212,0.05455484241247177,0.021900445222854614,47.16296611726284,0
607,0.8054527044296265,0.7185140252113342,0.9512253403663635,0.05450020730495453,0.021926887333393097,47.23944649845362,0
608,0.8031718134880066,0.720359742641449,0.947233259677887,0.05454745888710022,0.02190764993429184,47.31595515459776,0
609,0.8015212416648865,0.7217355966567993,0.9422634243965149,0.05442240089178085,0.021906062960624695,47.39233120530844,0
610,0.8012575507164001,0.7193865180015564,0.9488442540168762,0.054566964507102966,0.021931305527687073,47.46888309717178,0
611,0.8020128011703491,0.721165120601654,0.9498159289360046,0.054726339876651764,0.021927081048488617,47.545591838657856,0
612,0.8015536665916443,0.7209973335266113,0.9499751925468445,0.05453447997570038,0.021886415779590607,47.622066244482994,0
613,0.7999082207679749,0.7205946445465088,0.9474576115608215,0.05456992983818054,0.021875441074371338,47.698564276099205,0
614,0.7969505786895752,0.7207959890365601,0.9462093114852905,0.054525166749954224,0.021868333220481873,47.775013349950314,0
615,0.7993910312652588,0.7191851735115051,0.9571329355239868,0.05452948808670044,0.02188185602426529,47.851474955677986,0
616,0.8003189563751221,0.7211315631866455,0.9472140669822693,0.0545334666967392,0.021900825202465057,47.927958369255066,0
617,0.7989231944084167,0.7180442214012146,0.9595658183097839,0.05455078184604645,0.02189609408378601,48.004464507102966,0
618,0.7985542416572571,0.7220711708068848,0.9436168670654297,0.05451323837041855,0.021917611360549927,48.080955639481544,0
619,0.800407350063324,0.7202590107917786,0.9494293928146362,0.05444619804620743,0.021896250545978546,48.157350942492485,0
620,0.7995988726615906,0.719856321811676,0.9509562253952026,0.05444907397031784,0.02184566855430603,48.233700931072235,0
621,0.8016894459724426,0.7197556495666504,0.9483764171600342,0.05453341454267502,0.021904751658439636,48.31019178777933,0
622,0.8008310198783875,0.7196885347366333,0.9580419063568115,0.05456000566482544,0.021928541362285614,48.38673564046621,0
623,0.8012166023254395,0.7229101061820984,0.9455969333648682,0.054811030626297,0.02198849618434906,48.46359093487263,0
624,0.7987203598022461,0.7206282019615173,0.9417572617530823,0.05452436953783035,0.021900832653045654,48.540072560310364,0
625,0.7976545095443726,0.7189838290214539,0.9568502902984619,0.05452752113342285,0.0219026580452919,48.616558864712715,0
626,0.7966797947883606,0.7215678095817566,0.9479800462722778,0.054524801671504974,0.021904170513153076,48.693042650818825,0
627,0.8006811141967773,0.7189838290214539,0.949781596660614,0.05454814434051514,0.02183670550584793,48.76948330551386,0
628,0.7966026067733765,0.718748927116394,0.9523716568946838,0.05447828024625778,0.02193102240562439,48.84594539552927,0
629,0.79489666223526,0.7198898792266846,0.9552487134933472,0.05450945347547531,0.021866463124752045,48.92237514257431,0
630,0.796984851360321,0.7202925682067871,0.9488778114318848,0.054540298879146576,0.02189253270626068,48.998861722648144,0
631,0.7938728928565979,0.7172387838363647,0.9532999992370605,0.05463158339262009,0.021955646574497223,49.07551026344299,0
632,0.8014571070671082,0.721534252166748,0.9510036110877991,0.05441320687532425,0.021916009485721588,49.151894085109234,0
633,0.7952132225036621,0.7225745320320129,0.9445102214813232,0.05452251434326172,0.021874524652957916,49.22834890335798,0
634,0.7970085144042969,0.716701865196228,0.9583629369735718,0.054544344544410706,0.021880552172660828,49.30482944846153,0
635,0.7978867888450623,0.7224738597869873,0.9460105895996094,0.05453988164663315,0.02188105136156082,49.381303891539574,0
636,0.792511522769928,0.7237491011619568,0.9440332055091858,0.05484117567539215,0.021929815411567688,49.46486120671034,1
637,0.7978154420852661,0.7152588963508606,0.9717801213264465,0.05444527417421341,0.021838583052158356,49.5412113070488,0
638,0.8013244271278381,0.721903383731842,0.945580244064331,0.05457497388124466,0.02186809480190277,49.617708310484886,0
639,0.796705424785614,0.7219704985618591,0.9516884684562683,0.05451342463493347,0.021883174777030945,49.69415894895792,0
640,0.7950530648231506,0.7156951427459717,0.9728853702545166,0.05446269363164902,0.02193731814622879,49.77061207592487,0
641,0.7960108518600464,0.7223396301269531,0.9431324601173401,0.05438898503780365,0.021914318203926086,49.84696266800165,0
642,0.7976020574569702,0.7195207476615906,0.9574175477027893,0.054528675973415375,0.021865375339984894,49.92340970784426,0
643,0.7979130148887634,0.7175408005714417,0.9552313685417175,0.05452616512775421,0.021863117814064026,49.9998584240675,0
644,0.7945652008056641,0.7229436635971069,0.9460748434066772,0.05480330437421799,0.021948732435703278,50.07665956020355,0
645,0.7932378649711609,0.7216684818267822,0.9480628371238708,0.054558075964450836,0.021907798945903778,50.15318217128515,0
646,0.7958284020423889,0.7192522883415222,0.9512955546379089,0.054670341312885284,0.02192877233028412,50.22983478754759,0
647,0.7940276265144348,0.7211986780166626,0.9507598876953125,0.054447054862976074,0.021861478686332703,50.306195832788944,0
648,0.7911556363105774,0.721467137336731,0.9490789175033569,0.05455461144447327,0.02192401885986328,50.38272911310196,0
649,0.7956101298332214,0.7202925682067871,0.9457814693450928,0.05464498698711395,0.02185496687889099,50.45927884429693,0
650,0.7938803434371948,0.7208295464515686,0.9560467004776001,0.05450949817895889,0.02185402810573578,50.535691514611244,0
651,0.7925091981887817,0.7181784510612488,0.958029568195343,0.0545317679643631,0.021883361041545868,50.61215538531542,0
652,0.7955115437507629,0.7214000225067139,0.9479876756668091,0.054559871554374695,0.021894261240959167,50.68866419792175,0
653,0.7983185648918152,0.7229101061820984,0.9454407691955566,0.05456104874610901,0.021836064755916595,50.765116184949875,0
654,0.7920238375663757,0.715594470500946,0.9721125960350037,0.05447065830230713,0.02190268784761429,50.84154424071312,0
655,0.7972956895828247,0.7201247811317444,0.9487020969390869,0.05448416620492935,0.021932758390903473,50.91801460087299,0
656,0.7975558042526245,0.7184133529663086,0.9565106630325317,0.05480390042066574,0.021993540227413177,50.99487751722336,0
657,0.7933107614517212,0.7195543050765991,0.9596225619316101,0.05453278124332428,0.021889612078666687,51.07136106491089,0
658,0.7941045761108398,0.7205275297164917,0.9544302821159363,0.054613374173641205,0.021929308772087097,51.14795861393213,0
659,0.7984059453010559,0.7161649465560913,0.9604223370552063,0.054435133934020996,0.021884918212890625,51.22433287650347,0
660,0.7951758503913879,0.7199234366416931,0.9542945027351379,0.05449919402599335,0.021929673850536346,51.30081572383642,0
661,0.7964774370193481,0.7212322354316711,0.9548088908195496,0.05442536622285843,0.02193814516067505,51.377231657505035,0
662,0.7954495549201965,0.7120372653007507,0.9740479588508606,0.054490797221660614,0.02188209444284439,51.453657038509846,0
663,0.7940322160720825,0.7231115102767944,0.9438289403915405,0.05452483147382736,0.02188149094581604,51.53011766076088,0
664,0.791755199432373,0.7233464121818542,0.9440103769302368,0.05446835607290268,0.021920129656791687,51.60655628144741,0
665,0.7943367958068848,0.7135138511657715,0.9774451851844788,0.05452747642993927,0.021914169192314148,51.68305113166571,0
666,0.7934460043907166,0.7203933000564575,0.9498761296272278,0.054564252495765686,0.021841220557689667,51.75950979441404,0
667,0.792031466960907,0.7226752042770386,0.9477203488349915,0.05454404652118683,0.021944396197795868,51.83605285733938,0
668,0.7920050024986267,0.7171045541763306,0.9551888108253479,0.05454862117767334,0.021880440413951874,51.912536427378654,0
669,0.7919014692306519,0.7205946445465088,0.9470410346984863,0.05442199856042862,0.021946199238300323,51.98897520452738,0
670,0.7902461886405945,0.7228094339370728,0.9550058245658875,0.05440957844257355,0.021869264543056488,52.065307170152664,0
671,0.7927367687225342,0.7166011929512024,0.964887261390686,0.054463133215904236,0.02192740887403488,52.14175067842007,0
672,0.7938869595527649,0.7210308909416199,0.9457688927650452,0.05451592803001404,0.021892361342906952,52.21821202337742,0
673,0.7956233024597168,0.7217355966567993,0.9612131118774414,0.054436564445495605,0.02193642407655716,52.2946335747838,0
674,0.7936415076255798,0.721836268901825,0.9482876658439636,0.0545688197016716,0.02194969356060028,52.371206663548946,0
675,0.7862638235092163,0.7219704985618591,0.9375413656234741,0.054552316665649414,0.021889030933380127,52.44770450145006,0
676,0.7920135855674744,0.720728874206543,0.9616117477416992,0.054574303328990936,0.02189769595861435,52.52423406392336,0
677,0.7893739342689514,0.7185475826263428,0.9736769795417786,0.05454511195421219,0.02184417098760605,52.6006783246994,0
678,0.7914590835571289,0.7223060727119446,0.9462600350379944,0.05446893721818924,0.021864041686058044,52.67706299573183,0
679,0.790151059627533,0.7179099917411804,0.9594849348068237,0.05449341982603073,0.02186661958694458,52.75347580015659,0
680,0.792276918888092,0.719856321811676,0.9554044008255005,0.05444642901420593,0.021837033331394196,52.82981178164482,0
681,0.7911140322685242,0.722205400466919,0.9513773322105408,0.054415710270404816,0.02193666249513626,52.9062190502882,0
682,0.7900965809822083,0.7184133529663086,0.9619104266166687,0.054539211094379425,0.021873101592063904,52.98268473893404,0
683,0.787329375743866,0.7195878624916077,0.9469247460365295,0.05450604110956192,0.02195371687412262,53.059197932481766,0
684,0.7925420999526978,0.721165120601654,0.9669712781906128,0.054591573774814606,0.02185465395450592,53.13569904118776,0
685,0.7946716547012329,0.719856321811676,0.9582565426826477,0.05455590784549713,0.021928943693637848,53.21223732829094,0
686,0.7885141372680664,0.7199234366416931,0.9481077790260315,0.05451951175928116,0.0219171941280365,53.288721799850464,0
687,0.7914662957191467,0.7217691540718079,0.9564709067344666,0.05447878688573837,0.021927110850811005,53.36517967283726,0
688,0.792776882648468,0.7180777788162231,0.9577306509017944,0.05450156331062317,0.02190413326025009,53.44163876026869,0
689,0.7890671491622925,0.7168696522712708,0.9603877067565918,0.05450014770030975,0.021954938769340515,53.51814803481102,0
690,0.7924336194992065,0.7225745320320129,0.9517726898193359,0.05455216020345688,0.021969586610794067,53.59472417831421,0
691,0.7909354567527771,0.7223731875419617,0.9491051435470581,0.05452656000852585,0.021829694509506226,53.671135015785694,0
692,0.7880668044090271,0.7175743579864502,0.9663807153701782,0.05458313971757889,0.02190452814102173,53.747676983475685,0
693,0.7895830869674683,0.7208966612815857,0.9522095322608948,0.05446895956993103,0.021872349083423615,53.82407569885254,0
694,0.7831136584281921,0.7227423191070557,0.9505272507667542,0.05454082787036896,0.021928302943706512,53.90060852468014,0
695,0.7861651182174683,0.7206617593765259,0.9582962989807129,0.05451185256242752,0.02189452201128006,53.97707214206457,0
696,0.7837114930152893,0.7217020392417908,0.9512786865234375,0.054579563438892365,0.021990105509757996,54.05369567871094,0
697,0.785592257976532,0.7219704985618591,0.949739933013916,0.05458547919988632,0.02188868820667267,54.13023569434881,0
698,0.7889959812164307,0.7178428769111633,0.9572823643684387,0.05453217774629593,0.021985970437526703,54.206808626651764,0
699,0.7848386764526367,0.72264164686203,0.9448482990264893,0.05455024540424347,0.021903865039348602,54.28332115709782,0
700,0.7860500812530518,0.7220040559768677,0.9570935368537903,0.05458095669746399,0.021868646144866943,54.35982558876276,0
701,0.783825159072876,0.717943549156189,0.9588549137115479,0.054468557238578796,0.02193862944841385,54.43628714233637,0
702,0.7858989834785461,0.7207959890365601,0.943392813205719,0.05465741455554962,0.02192731201648712,54.51292338967323,0
703,0.78449946641922,0.719487190246582,0.9640755653381348,0.054546959698200226,0.021947085857391357,54.5894767716527,0
704,0.7899215817451477,0.7220711708068848,0.9491955637931824,0.05449889600276947,0.021923840045928955,54.66595497727394,0
705,0.78818678855896,0.7197892069816589,0.9542440176010132,0.05455721914768219,0.021874919533729553,54.742441818118095,0
706,0.7826446294784546,0.7211315631866455,0.95378178358078,0.05590137839317322,0.02203289419412613,54.820434615015984,0
707,0.7833569049835205,0.7204604148864746,0.9590296745300293,0.05466775596141815,0.021941013634204865,54.89716134220362,0
708,0.7871562838554382,0.719118058681488,0.962006688117981,0.05456400662660599,0.02193523198366165,54.97372452914715,0
709,0.7870622277259827,0.7225409746170044,0.9437634944915771,0.05499202758073807,0.021946415305137634,55.0507246106863,0
710,0.7809838652610779,0.720359742641449,0.9566832780838013,0.05462970584630966,0.021893896162509918,55.127308040857315,0
711,0.7835386395454407,0.7179771065711975,0.9702326059341431,0.05455027520656586,0.02192893624305725,55.20384410768747,0
712,0.7830641865730286,0.7217020392417908,0.9439335465431213,0.05453658849000931,0.021861225366592407,55.28029265999794,0
713,0.7824238538742065,0.7215006947517395,0.9496662616729736,0.05471555143594742,0.021945804357528687,55.357010550796986,0
714,0.7836248278617859,0.7182791233062744,0.9687474370002747,0.05441669374704361,0.02186114341020584,55.43334326893091,0
715,0.7861095070838928,0.7226080894470215,0.9484174847602844,0.05457247048616409,0.021909497678279877,55.50988136231899,0
716,0.7841121554374695,0.7204604148864746,0.9608692526817322,0.054506346583366394,0.021897010505199432,55.58633878082037,0
717,0.7798501253128052,0.7207959890365601,0.9587118625640869,0.05452520400285721,0.02191954106092453,55.66283321380615,0
718,0.7810961604118347,0.7214335799217224,0.9411306977272034,0.05455130338668823,0.021893993020057678,55.73933321982622,0
719,0.7828382253646851,0.7193865180015564,0.9627895355224609,0.054557472467422485,0.021858513355255127,55.81582002341747,0
720,0.7815085649490356,0.7230108380317688,0.953671932220459,0.054538026452064514,0.021878063678741455,55.892293341457844,0
721,0.7806815505027771,0.7221047282218933,0.9479057192802429,0.05448149889707565,0.021944329142570496,55.96877424418926,0
722,0.7789953351020813,0.7185475826263428,0.9689476490020752,0.054574593901634216,0.021876424551010132,56.045279800891876,0
723,0.7833946943283081,0.7212322354316711,0.9555469155311584,0.05455663055181503,0.021871797740459442,56.12176397442818,0
724,0.7773870825767517,0.7230108380317688,0.9462394714355469,0.054530948400497437,0.021936386823654175,56.19829485565424,0
725,0.7827863693237305,0.7190845012664795,0.9678261876106262,0.05450695753097534,0.02193756401538849,56.274788938462734,0
726,0.7797478437423706,0.7223731875419617,0.9511395692825317,0.0545429065823555,0.021860547363758087,56.35124731063843,0
727,0.7770370841026306,0.7213329076766968,0.9502374529838562,0.05447935312986374,0.021933816373348236,56.427714981138706,0
728,0.7759143710136414,0.7206617593765259,0.9595527648925781,0.054441340267658234,0.021878153085708618,56.504089668393135,0
729,0.7827310562133789,0.7238497734069824,0.9470785856246948,0.05444886535406113,0.02186589688062668,56.58640915900469,1
730,0.7808106541633606,0.7245880365371704,0.9512724876403809,0.054590463638305664,0.021896980702877045,56.66851680725813,1
731,0.7785064578056335,0.7181784510612488,0.9681093096733093,0.05450693517923355,0.02184886485338211,56.74493210017681,0
732,0.7783810496330261,0.7212322354316711,0.962324321269989,0.05454717576503754,0.021928198635578156,56.82146759331226,0
733,0.7775480151176453,0.7243866920471191,0.9488778114318848,0.05474358797073364,0.02189033478498459,56.89815631508827,0
734,0.7777748703956604,0.7206617593765259,0.9589545726776123,0.05454462021589279,0.021866723895072937,56.97462598979473,0
735,0.7782717347145081,0.721534252166748,0.9592462182044983,0.05446454882621765,0.021902889013290405,57.051044553518295,0
736,0.7770329713821411,0.7226752042770386,0.9511916041374207,0.05454210191965103,0.021883994340896606,57.12752103060484,0
737,0.7770810127258301,0.721903383731842,0.9546316266059875,0.05452907830476761,0.02187749743461609,57.2039832174778,0
738,0.7781155109405518,0.7227758765220642,0.9569827318191528,0.05454512685537338,0.021927379071712494,57.28051187098026,0
739,0.7774577140808105,0.7206617593765259,0.9610199332237244,0.05445369333028793,0.021855108439922333,57.3568759188056,0
740,0.777171790599823,0.723145067691803,0.9568949341773987,0.05486859381198883,0.022017836570739746,57.43381907790899,0
741,0.7769044041633606,0.7211315631866455,0.9596388936042786,0.054543741047382355,0.021896466612815857,57.51037658005953,0
742,0.7733181715011597,0.7220711708068848,0.9538008570671082,0.05448345094919205,0.02184957265853882,57.58676531165838,0
743,0.7755855321884155,0.7232792973518372,0.9504072666168213,0.05444914847612381,0.021874509751796722,57.66314649581909,0
744,0.7765457034111023,0.7203261852264404,0.9612683057785034,0.054478079080581665,0.021853044629096985,57.73953224718571,0
745,0.7774194478988647,0.7226080894470215,0.9538059234619141,0.05435103923082352,0.02193261682987213,57.81587413698435,0
746,0.7747493982315063,0.7211315631866455,0.961458146572113,0.05438314378261566,0.02195211499929428,57.892263792455196,0
747,0.7769650220870972,0.722272515296936,0.9580427408218384,0.054625846445560455,0.02201763540506363,57.96896194666624,0
748,0.7760180830955505,0.7200912237167358,0.9625482559204102,0.054467715322971344,0.021902762353420258,58.04538668692112,0
749,0.7762745022773743,0.7231786251068115,0.959484338760376,0.05445398390293121,0.02188447117805481,58.121779412031174,0
750,0.7766954302787781,0.7225745320320129,0.9544875621795654,0.05448625236749649,0.021865464746952057,58.19818789511919,0
751,0.7760604023933411,0.7191851735115051,0.9669278860092163,0.05444885790348053,0.02188917249441147,58.27458015829325,0
752,0.779219925403595,0.7234470844268799,0.9506713151931763,0.05446058511734009,0.021875090897083282,58.35097151249647,0
753,0.7744178175926208,0.7235477566719055,0.9521187543869019,0.05445532500743866,0.021887987852096558,58.42736855149269,0
754,0.7753597497940063,0.7183462381362915,0.9716527462005615,0.05447963625192642,0.021941907703876495,58.50384708493948,0
755,0.7799034118652344,0.7215678095817566,0.9558401107788086,0.05443356931209564,0.021971434354782104,58.580307751894,0
756,0.7730757594108582,0.7214335799217224,0.9560913443565369,0.05439862608909607,0.02194099873304367,58.65670129656792,0
757,0.7798150181770325,0.7201583385467529,0.9649418592453003,0.05434182286262512,0.021928392350673676,58.733031533658504,0
758,0.7757940292358398,0.7220040559768677,0.9597013592720032,0.0544363334774971,0.021902814507484436,58.80942519009113,0
759,0.776313841342926,0.7220711708068848,0.9522513151168823,0.05439510941505432,0.02188429981470108,58.885758735239506,0
760,0.7775546908378601,0.7209637761116028,0.9602200388908386,0.05433502793312073,0.021886229515075684,58.96202798932791,0
761,0.7731527090072632,0.7192858457565308,0.9716680645942688,0.054446958005428314,0.021986007690429688,59.038514375686646,0
762,0.7738831639289856,0.7231115102767944,0.9536439180374146,0.054476507008075714,0.021901942789554596,59.11499138921499,0
763,0.773561954498291,0.7230443954467773,0.950814425945282,0.0546436682343483,0.021882615983486176,59.19157210737467,0
764,0.7723212838172913,0.7189838290214539,0.9663092494010925,0.05447249114513397,0.02185855805873871,59.26795756071806,0
765,0.7743933796882629,0.7221718430519104,0.9549458622932434,0.054459862411022186,0.021818116307258606,59.344289511442184,0
766,0.7742436528205872,0.7207959890365601,0.9531981348991394,0.0544494092464447,0.021923378109931946,59.420709438622,0
767,0.7770510315895081,0.7210644483566284,0.9683700203895569,0.054404519498348236,0.02189110964536667,59.49706217646599,0
768,0.7729661464691162,0.7220040559768677,0.9512861967086792,0.05448295176029205,0.021876007318496704,59.5734831020236,0
769,0.7729918360710144,0.720728874206543,0.9544183015823364,0.05456586927175522,0.021955586969852448,59.65005933493376,0
770,0.7747247219085693,0.7217020392417908,0.9602803587913513,0.05446767061948776,0.021855108439922333,59.726470440626144,0
771,0.7740781903266907,0.7195207476615906,0.9678996205329895,0.05445219576358795,0.021882236003875732,59.80285407602787,0
772,0.775216817855835,0.7216684818267822,0.9616853594779968,0.054363034665584564,0.02189856767654419,59.87916964292526,0
773,0.7703166604042053,0.7224738597869873,0.9509407877922058,0.054365724325180054,0.021885782480239868,59.95547706633806,0
774,0.7688892483711243,0.720359742641449,0.964616596698761,0.05447721481323242,0.02187378704547882,60.03188142180443,0
775,0.7739940881729126,0.7212322354316711,0.9659638404846191,0.05445365607738495,0.021873988211154938,60.108262315392494,0
776,0.770576000213623,0.7239504456520081,0.9526131749153137,0.05470607429742813,0.02192816138267517,60.18495152890682,0
777,0.773901641368866,0.7204939723014832,0.966271162033081,0.05446001887321472,0.021876990795135498,60.2613418251276,0
778,0.7721884250640869,0.7208295464515686,0.9677239060401917,0.05448995530605316,0.021982848644256592,60.337870858609676,0
779,0.7724156379699707,0.7220040559768677,0.9495545029640198,0.05461391061544418,0.02187500149011612,60.414431773126125,0
780,0.7729490399360657,0.721836268901825,0.9677290916442871,0.05445273220539093,0.021871216595172882,60.490810580551624,0
781,0.7723909616470337,0.7222389578819275,0.9570798873901367,0.05436491221189499,0.021940574049949646,60.567169830203056,0
782,0.7732756733894348,0.7197892069816589,0.9518061876296997,0.05436142534017563,0.021866820752620697,60.64345192909241,0
783,0.7725497484207153,0.7184804677963257,0.9701513648033142,0.05473595857620239,0.02195337414741516,60.72020423412323,0
784,0.7740836143493652,0.7249571681022644,0.9487836956977844,0.0544220507144928,0.022117212414741516,60.80339729040861,1
785,0.7745370268821716,0.7210644483566284,0.9638670682907104,0.05448683351278305,0.021889761090278625,60.87982912361622,0
786,0.7715137004852295,0.7209973335266113,0.9637970924377441,0.05442649871110916,0.021843843162059784,60.95615343004465,0
787,0.7720697522163391,0.7205946445465088,0.9550834894180298,0.05433535575866699,0.021905243396759033,61.03244250267744,0
788,0.7757267355918884,0.7208631038665771,0.9670439958572388,0.05437363684177399,0.021858952939510345,61.10873430967331,0
789,0.7725028991699219,0.7234135270118713,0.958622932434082,0.05445598065853119,0.02192920446395874,61.18517278134823,0
790,0.7693357467651367,0.7219704985618591,0.9565907120704651,0.05436041206121445,0.021869122982025146,61.261454202234745,0
791,0.7712442874908447,0.7153595685958862,0.9796438813209534,0.05432368069887161,0.02187655121088028,61.33771248906851,0
792,0.7720023989677429,0.722205400466919,0.9578042030334473,0.0543987900018692,0.0219072625041008,61.41407149285078,0
793,0.7707973122596741,0.7226080894470215,0.9584311246871948,0.05438702553510666,0.021882809698581696,61.49039611965418,0
794,0.7684046030044556,0.7209302186965942,0.9673547744750977,0.054699793457984924,0.02190329134464264,61.5670547708869,0
795,0.7710645794868469,0.7209973335266113,0.950290858745575,0.05445776879787445,0.021899044513702393,61.64346582442522,0
796,0.7699288129806519,0.7199905514717102,0.9630507230758667,0.05438461899757385,0.02193358540534973,61.72003896534443,0
797,0.7689148783683777,0.7195543050765991,0.9677199125289917,0.054432474076747894,0.021907515823841095,61.79643199592829,0
798,0.7718396186828613,0.7207959890365601,0.9525660276412964,0.054378509521484375,0.02195093035697937,61.87281562387943,0
799,0.7709580659866333,0.7208631038665771,0.9599934220314026,0.05438584089279175,0.0219053253531456,61.94915936142206,0
800,0.7686067819595337,0.7202590107917786,0.9658386707305908,0.054415151476860046,0.02190304547548294,62.02552981674671,0
801,0.7656114101409912,0.7225745320320129,0.9547062516212463,0.05461539328098297,0.02190682291984558,62.10210416465998,0
802,0.7685657143592834,0.7178428769111633,0.9695236086845398,0.05447439104318619,0.02189190685749054,62.17852362245321,0
803,0.7716233730316162,0.7221382856369019,0.9598435163497925,0.05442391335964203,0.021925508975982666,62.25492735207081,0
804,0.7701167464256287,0.7222389578819275,0.9622787833213806,0.05441468954086304,0.021891869604587555,62.331288516521454,0
805,0.768363356590271,0.7197892069816589,0.9593362808227539,0.05447740852832794,0.021856002509593964,62.40767443180084,0
806,0.7741606831550598,0.721836268901825,0.9615492820739746,0.054437704384326935,0.021947212517261505,62.48411314934492,0
807,0.774653971195221,0.7177086472511292,0.9740508198738098,0.05442112684249878,0.021928831934928894,62.5605161935091,0
808,0.7706183791160583,0.7236819863319397,0.9555897116661072,0.054420292377471924,0.02185174822807312,62.63684864342213,0
809,0.7659133076667786,0.7213664650917053,0.9632043242454529,0.05440547317266464,0.021864399313926697,62.71317230165005,0
810,0.771052896976471,0.7207959890365601,0.9586775898933411,0.054448775947093964,0.021902620792388916,62.789576664566994,0
811,0.7691221237182617,0.7226080894470215,0.9550114870071411,0.05447559803724289,0.021933279931545258,62.866039015352726,0
812,0.772826611995697,0.7210644483566284,0.9619989991188049,0.054511792957782745,0.021925419569015503,62.94254992902279,0
813,0.7670899033546448,0.721165120601654,0.9567584991455078,0.054412394762039185,0.02186340093612671,63.01888036727905,0
814,0.7656503319740295,0.7227087616920471,0.9583160877227783,0.05437220633029938,0.02184396982192993,63.095150113105774,0
815,0.7686589956283569,0.721836268901825,0.9603723287582397,0.054461605846881866,0.02191990613937378,63.171583883464336,0
816,0.7673887014389038,0.7216349244117737,0.9539420008659363,0.05444251745939255,0.02188173681497574,63.247961923480034,0
817,0.7672944664955139,0.7184469103813171,0.974510908126831,0.05447594076395035,0.021859049797058105,63.32435014843941,0
818,0.768253743648529,0.7218698263168335,0.9530209898948669,0.05440579354763031,0.021946266293525696,63.40075795352459,0
819,0.7705364227294922,0.7179099917411804,0.9713490605354309,0.0544544979929924,0.02194492518901825,63.47721543163061,0
820,0.7655484676361084,0.7226752042770386,0.9557232856750488,0.054781995713710785,0.021956011652946472,63.554009452462196,0
821,0.7640873193740845,0.721098005771637,0.9602789282798767,0.05447964370250702,0.021936364471912384,63.630486622452736,0
822,0.7666103839874268,0.7173394560813904,0.9785041809082031,0.0545513778924942,0.021985001862049103,63.707077257335186,0
823,0.7635533213615417,0.7240175604820251,0.950011670589447,0.054478876292705536,0.02186385542154312,63.78347360342741,0
824,0.7669859528541565,0.7229772806167603,0.9582364559173584,0.054455287754535675,0.021881960332393646,63.85986513644457,0
825,0.7666797637939453,0.7189502716064453,0.9700208306312561,0.05471736192703247,0.021939754486083984,63.93657100945711,0
826,0.7690728902816772,0.723514199256897,0.9546558856964111,0.05464211851358414,0.0219656303524971,64.01323422044516,0
827,0.7642741203308105,0.721903383731842,0.9592081904411316,0.05438584089279175,0.021956950426101685,64.08963042497635,0
828,0.7646859288215637,0.7209637761116028,0.9656268358230591,0.054473988711833954,0.02189008891582489,64.16604829579592,0
829,0.7667078375816345,0.7229772806167603,0.9556541442871094,0.05440341681241989,0.021932952105998993,64.24243789166212,0
830,0.7663449048995972,0.7209973335266113,0.9620530009269714,0.054372482001781464,0.02184957265853882,64.31871274113655,0
831,0.7625964879989624,0.7231115102767944,0.956855833530426,0.054402947425842285,0.02190854400396347,64.39507196098566,0
832,0.7643619179725647,0.7233464121818542,0.9604876041412354,0.05447681248188019,0.021886765956878662,64.47149204462767,0
833,0.764041543006897,0.7213329076766968,0.9609729051589966,0.05446379631757736,0.021916866302490234,64.54792691767216,0
834,0.7655549049377441,0.7224738597869873,0.9627405405044556,0.05440952628850937,0.021937839686870575,64.6243369653821,0
835,0.7628228068351746,0.723145067691803,0.9624584913253784,0.05443841964006424,0.02188105881214142,64.70070927590132,0
836,0.7628012299537659,0.7225745320320129,0.965607225894928,0.054436251521110535,0.0218958780169487,64.7770941928029,0
837,0.7650964856147766,0.7230443954467773,0.9590665102005005,0.054502859711647034,0.02197381854057312,64.85363156348467,0
838,0.7627971172332764,0.7220040559768677,0.9651439785957336,0.0545077845454216,0.021888554096221924,64.9300859645009,0
839,0.7619594931602478,0.7212993502616882,0.9622907042503357,0.05470520257949829,0.021937713027000427,65.00678417086601,0
840,0.7617141604423523,0.7216349244117737,0.9616430997848511,0.05450797826051712,0.021854035556316376,65.08320131897926,0
841,0.7639815807342529,0.7199905514717102,0.966764509677887,0.054433345794677734,0.021929502487182617,65.1596175134182,0
842,0.7658393383026123,0.7231115102767944,0.9603803157806396,0.05442741513252258,0.021899744868278503,65.23600120842457,0
843,0.7674932479858398,0.718681812286377,0.9700700044631958,0.054424360394477844,0.02190577983856201,65.31238467991352,0
844,0.7593798637390137,0.7220376133918762,0.9562869668006897,0.05446767807006836,0.02190002053976059,65.38881223648787,0
845,0.7623977065086365,0.7232121825218201,0.9630201458930969,0.054577670991420746,0.02191498875617981,65.46537586301565,0
846,0.7650352716445923,0.7195207476615906,0.9663316607475281,0.05441710352897644,0.021915778517723083,65.54178915172815,0
847,0.7614501714706421,0.7201247811317444,0.963381826877594,0.05440989136695862,0.021976493299007416,65.61823004484177,0
848,0.7601014375686646,0.7219369411468506,0.9607203602790833,0.05446838587522507,0.021912209689617157,65.69466544687748,0
849,0.7620986104011536,0.7174065709114075,0.9770177006721497,0.05452200025320053,0.021913550794124603,65.77115558087826,0
850,0.7670770883560181,0.7226080894470215,0.9557716846466064,0.0544588565826416,0.02187003195285797,65.84753729403019,0
851,0.7610793709754944,0.722205400466919,0.9684566259384155,0.05446181446313858,0.021979495882987976,65.92403696477413,0
852,0.75955730676651,0.7213329076766968,0.9664134979248047,0.05447927862405777,0.021930135786533356,66.00050523132086,0
853,0.7607085108757019,0.7216684818267822,0.9597935080528259,0.054483138024806976,0.0218651220202446,66.0769077166915,0
854,0.7622721791267395,0.7224067449569702,0.967542827129364,0.05447204411029816,0.021885201334953308,66.1533168181777,0
855,0.760722279548645,0.7197556495666504,0.9758312702178955,0.05447147786617279,0.02186591923236847,66.22970727086067,0
856,0.7604760527610779,0.72022545337677,0.9602289795875549,0.05444652587175369,0.02188723534345627,66.30609388649464,0
857,0.7666085362434387,0.7207624316215515,0.9663242697715759,0.05438806861639023,0.021891944110393524,66.38242687284946,0
858,0.7607440948486328,0.7215006947517395,0.9665692448616028,0.05443082004785538,0.021885082125663757,66.45880052447319,0
859,0.7612794041633606,0.7197892069816589,0.9637697339057922,0.05448795109987259,0.021945059299468994,66.53528890013695,0
860,0.7674515843391418,0.7184804677963257,0.9810870289802551,0.05439343303442001,0.02192586660385132,66.61166325211525,0
861,0.7633799910545349,0.7239840030670166,0.9537723660469055,0.054368630051612854,0.021865777671337128,66.68795284628868,0
862,0.7645714282989502,0.7220376133918762,0.9672185182571411,0.05440569669008255,0.021899551153182983,66.76431946456432,0
863,0.761335015296936,0.7185140252113342,0.9830276966094971,0.05444098263978958,0.021891117095947266,66.84069972485304,0
864,0.7593056559562683,0.7229101061820984,0.9592123627662659,0.05440247058868408,0.021867476403713226,66.91702350974083,0
865,0.7661255598068237,0.7207624316215515,0.9750204682350159,0.05439887195825577,0.02192467451095581,66.99339861422777,0
866,0.7641865015029907,0.7196549773216248,0.9718540906906128,0.054559797048568726,0.021901026368141174,67.06992167979479,0
867,0.7581627368927002,0.7224738597869873,0.9554307460784912,0.05447601526975632,0.021853648126125336,67.14630635082722,0
868,0.7680185437202454,0.719487190246582,0.9784403443336487,0.05447816103696823,0.02193361520767212,67.22277143597603,0
869,0.7651972770690918,0.7204604148864746,0.9616268873214722,0.0544397234916687,0.021909788250923157,67.29917493462563,0
870,0.760880708694458,0.7237155437469482,0.9558190703392029,0.054404810070991516,0.021954596042633057,67.37558822333813,0
871,0.7620784640312195,0.7225074172019958,0.9712424874305725,0.05437370389699936,0.021909542381763458,67.45191916078329,0
872,0.7662283182144165,0.7208295464515686,0.9708080887794495,0.054395534098148346,0.02185964584350586,67.52822691202164,0
873,0.7613205909729004,0.7245544791221619,0.9547140598297119,0.05444663017988205,0.021928079426288605,67.60465029627085,0
874,0.7618321180343628,0.721903383731842,0.9718188047409058,0.05459094047546387,0.021893657743930817,67.68120071291924,0
875,0.7651808857917786,0.7187153697013855,0.9745210409164429,0.05447360873222351,0.021893590688705444,67.75762110203505,0
876,0.7615383267402649,0.7201918959617615,0.9653692245483398,0.05439933389425278,0.02192509174346924,67.83399864286184,0
877,0.7602260708808899,0.7227423191070557,0.9600774645805359,0.05441058427095413,0.021896272897720337,67.91035927087069,0
878,0.7561166286468506,0.721903383731842,0.9620471000671387,0.05436190962791443,0.021957114338874817,67.98673053085804,0
879,0.7553543448448181,0.7191851735115051,0.9714685678482056,0.054404281079769135,0.02187904715538025,68.06306284666061,0
880,0.7593998908996582,0.7179771065711975,0.9806393980979919,0.05443933606147766,0.021895281970500946,68.13945077359676,0
881,0.758939266204834,0.7239504456520081,0.9532520174980164,0.054436929523944855,0.021873869001865387,68.2158138602972,0
882,0.7598051428794861,0.720359742641449,0.9699455499649048,0.05438140034675598,0.02192818373441696,68.29217557609081,0
883,0.7599425911903381,0.7215678095817566,0.971202552318573,0.05435784161090851,0.021890170872211456,68.36847053468227,0
884,0.7583243250846863,0.7218027114868164,0.9644323587417603,0.05433802306652069,0.021880514919757843,68.44475320726633,0
885,0.7561231255531311,0.7199569940567017,0.9709038734436035,0.054429151117801666,0.021854177117347717,68.5210881382227,0
886,0.7597355246543884,0.7227758765220642,0.96241295337677,0.05446508526802063,0.021934784948825836,68.59754075109959,0
887,0.758903443813324,0.7195207476615906,0.971831202507019,0.05460478365421295,0.021880075335502625,68.67408299446106,0
888,0.7589343786239624,0.7209637761116028,0.9727349281311035,0.05441486835479736,0.02197917550802231,68.75053414702415,0
889,0.758289635181427,0.7233464121818542,0.9524723887443542,0.054449766874313354,0.021882161498069763,68.82691983133554,0
890,0.756855309009552,0.7181113362312317,0.9796923995018005,0.054442279040813446,0.02188771963119507,68.90330681204796,0
891,0.7597828507423401,0.7210308909416199,0.9699808359146118,0.054432787001132965,0.02189607173204422,68.97968447953463,0
892,0.7578765749931335,0.7237826585769653,0.9544572830200195,0.05438347905874252,0.021874792873859406,69.05599404871464,0
893,0.7545731663703918,0.7192858457565308,0.9705161452293396,0.05447310209274292,0.02187051624059677,69.13239219784737,0
894,0.7570082545280457,0.7219369411468506,0.9659302830696106,0.05434059351682663,0.021893225610256195,69.2086885124445,0
895,0.7590001821517944,0.7220040559768677,0.9596803784370422,0.05454724282026291,0.02193063497543335,69.28522775322199,0
896,0.7558595538139343,0.7173058986663818,0.9785053730010986,0.05441077798604965,0.021868064999580383,69.3615619763732,0
897,0.7569049596786499,0.7220376133918762,0.962549090385437,0.054410211741924286,0.021939076483249664,69.43797713518143,0
898,0.7548283934593201,0.7221047282218933,0.9655231833457947,0.05443035066127777,0.021873101592063904,69.5143340677023,0
899,0.7572659850120544,0.7204939723014832,0.9692874550819397,0.05432205647230148,0.021946638822555542,69.59065088629723,0
900,0.7560784816741943,0.7198227643966675,0.9646878242492676,0.05457652360200882,0.02192472666501999,69.66720045357943,0
901,0.7552416324615479,0.7229101061820984,0.9641060829162598,0.05442166328430176,0.021950267255306244,69.74362919479609,0
902,0.7547836899757385,0.7220711708068848,0.968214750289917,0.05446624755859375,0.021875448524951935,69.82002553343773,0
903,0.7550290822982788,0.722205400466919,0.9598132967948914,0.05441814661026001,0.02183844894170761,69.89632909744978,0
904,0.7556660175323486,0.7196214199066162,0.9753127098083496,0.05441337078809738,0.021906860172748566,69.9726958796382,0
905,0.7555446028709412,0.7196214199066162,0.9662191271781921,0.05435805767774582,0.021872401237487793,70.04897865653038,0
906,0.7588528990745544,0.7232121825218201,0.9598925709724426,0.054356835782527924,0.021907903254032135,70.12529529631138,0
907,0.7566484808921814,0.7208966612815857,0.9698364734649658,0.05432755500078201,0.021954484283924103,70.20162913948298,0
908,0.755004346370697,0.7228429913520813,0.9626670479774475,0.05462349206209183,0.022033222019672394,70.27834029495716,0
909,0.7565304040908813,0.7211986780166626,0.9641228318214417,0.05451035499572754,0.021854452788829803,70.35475960373878,0
910,0.7573772668838501,0.7194200754165649,0.9682938456535339,0.054399922490119934,0.02195066213607788,70.4311755001545,0
911,0.7551378011703491,0.7224067449569702,0.9718874096870422,0.054354242980480194,0.021888606250286102,70.50747206062078,0
912,0.7551446557044983,0.7229436635971069,0.9697505831718445,0.05449522286653519,0.02184814214706421,70.5838684886694,0
913,0.7573264241218567,0.7221047282218933,0.9599072337150574,0.05436538904905319,0.02194812148809433,70.66023579239845,0
914,0.7554513216018677,0.7177086472511292,0.9745210409164429,0.054428741335868835,0.021964214742183685,70.73668273538351,0
915,0.7549168467521667,0.7205610871315002,0.9725935459136963,0.05456122010946274,0.02208063006401062,70.81338028609753,0
916,0.7593427896499634,0.7229101061820984,0.9629033803939819,0.054407693445682526,0.021907031536102295,70.88976579904556,0
917,0.7587423324584961,0.7190845012664795,0.9856091141700745,0.054451920092105865,0.021852441132068634,70.96612753719091,0
918,0.7531551122665405,0.7221047282218933,0.9595151543617249,0.054483845829963684,0.021943509578704834,71.04261112213135,0
919,0.7572699189186096,0.7226752042770386,0.9610905051231384,0.054361261427402496,0.021944209933280945,71.11896634846926,0
920,0.7564939260482788,0.719487190246582,0.9804294109344482,0.05434896796941757,0.02189171314239502,71.19526260346174,0
921,0.7547458410263062,0.722272515296936,0.9661370515823364,0.05448373407125473,0.021857738494873047,71.27165387570858,0
922,0.7567729353904724,0.721903383731842,0.9674599170684814,0.05456627905368805,0.021879643201828003,71.34815540909767,0
923,0.7524352073669434,0.7223731875419617,0.9748213887214661,0.054465681314468384,0.02188201993703842,71.42456670850515,0
924,0.7556074261665344,0.7220040559768677,0.965437114238739,0.054344549775123596,0.021893233060836792,71.50085859000683,0
925,0.7526490092277527,0.7212657928466797,0.9647129774093628,0.05435183644294739,0.02192017436027527,71.57719145715237,0
926,0.7517913579940796,0.7228429913520813,0.9638245701789856,0.05438835173845291,0.021920010447502136,71.65355200320482,0
927,0.7551735043525696,0.7221382856369019,0.9669396877288818,0.05437001585960388,0.021878257393836975,71.72985469549894,0
928,0.7559363842010498,0.715896487236023,0.9858779907226562,0.0543711856007576,0.021876029670238495,71.80615501850843,0
929,0.757296085357666,0.7224738597869873,0.9602421522140503,0.054400667548179626,0.02190985530614853,71.88252372294664,0
930,0.7557275295257568,0.7226080894470215,0.9639798402786255,0.05440834164619446,0.02195073664188385,71.95893082022667,0
931,0.7493455410003662,0.7151917815208435,0.9910755157470703,0.05445610731840134,0.0219254270195961,72.03538897633553,0
932,0.7557870745658875,0.722205400466919,0.9598311185836792,0.05441443622112274,0.021943360567092896,72.11180148273706,0
933,0.7550675868988037,0.7198227643966675,0.970146656036377,0.054428182542324066,0.02193824201822281,72.18822246044874,0
934,0.7555302977561951,0.7172723412513733,0.9788973331451416,0.054583996534347534,0.02186930924654007,72.26474684476852,0
935,0.7507659792900085,0.7206953167915344,0.9661517143249512,0.054364390671253204,0.02194550633430481,72.34111723303795,0
936,0.7567498087882996,0.7201247811317444,0.9788275361061096,0.054345786571502686,0.021882809698581696,72.4174007549882,0
937,0.7560456395149231,0.7201247811317444,0.9682111144065857,0.05442075431346893,0.02187448740005493,72.4937491863966,0
938,0.7506622672080994,0.7225074172019958,0.9547907114028931,0.054363615810871124,0.021859966218471527,72.57002447545528,0
939,0.7506809830665588,0.7187153697013855,0.9834633469581604,0.05466526001691818,0.021940156817436218,72.6466866582632,0
940,0.7548409700393677,0.72022545337677,0.9763672351837158,0.05441611260175705,0.021944880485534668,72.72310201078653,0
941,0.7516957521438599,0.7223731875419617,0.9616449475288391,0.054425448179244995,0.02189420908689499,72.79947555810213,0
942,0.7524994611740112,0.719118058681488,0.9751527309417725,0.05444344878196716,0.0219246968626976,72.87589793652296,0
943,0.755750298500061,0.7195878624916077,0.9733719825744629,0.0543704479932785,0.021889738738536835,72.95221117138863,0
944,0.7577835321426392,0.72505784034729,0.9578946232795715,0.05444733053445816,0.021902061998844147,73.03509425371885,1
945,0.7540140151977539,0.7218027114868164,0.9685083627700806,0.05448757857084274,0.021892085671424866,73.1115310639143,0
946,0.7528710961341858,0.7188160419464111,0.9749060869216919,0.05446171015501022,0.022018790245056152,73.18806546926498,0
947,0.752856433391571,0.7245209217071533,0.957825243473053,0.05460812896490097,0.02198251336812973,73.26471191644669,0
948,0.7514353394508362,0.7195878624916077,0.977762758731842,0.054420679807662964,0.02194616198539734,73.34114027023315,0
949,0.7524388432502747,0.721165120601654,0.9585041999816895,0.05436798930168152,0.021930523216724396,73.41749797016382,0
950,0.7501145005226135,0.7219704985618591,0.9709245562553406,0.05445843189954758,0.021876119077205658,73.49388908594847,0
951,0.7510058283805847,0.7224403023719788,0.9728423357009888,0.05530509352684021,0.022109195590019226,73.5713633671403,0
952,0.7458744049072266,0.723145067691803,0.9578183889389038,0.05467192083597183,0.02185845375061035,73.64800749719143,0
953,0.750178873538971,0.7233128547668457,0.9597816467285156,0.05453865975141525,0.021925248205661774,73.72452572733164,0
954,0.7494504451751709,0.7213329076766968,0.9694110155105591,0.05481713265180588,0.021904759109020233,73.80131863057613,0
955,0.7458350658416748,0.7220040559768677,0.9683042764663696,0.05454804003238678,0.021902628242969513,73.87782245129347,0
956,0.7516106963157654,0.7237155437469482,0.9640786647796631,0.05448848009109497,0.021917901933193207,73.95428156852722,0
957,0.7474990487098694,0.7230108380317688,0.9676476716995239,0.05454196035861969,0.021843798458576202,74.03071992844343,0
958,0.7485008239746094,0.7208295464515686,0.9634156823158264,0.054504647850990295,0.021936990320682526,74.10721433162689,0
959,0.749008297920227,0.7228765487670898,0.9655208587646484,0.054562099277973175,0.021941259503364563,74.18376984447241,0
960,0.7494567036628723,0.7215678095817566,0.9730337858200073,0.054796621203422546,0.02194608747959137,74.26056888699532,0
961,0.7499967217445374,0.721467137336731,0.9682198166847229,0.054551124572753906,0.02189674973487854,74.33708001673222,0
962,0.7495847344398499,0.7227758765220642,0.9672737717628479,0.054528407752513885,0.0219210684299469,74.41358382999897,0
963,0.7475805878639221,0.7201583385467529,0.9742488265037537,0.05447693169116974,0.02191217988729477,74.49002568423748,0
964,0.7473322153091431,0.7229101061820984,0.9619105458259583,0.054493144154548645,0.021889880299568176,74.56646221876144,0
965,0.7516699433326721,0.7218698263168335,0.969781756401062,0.05451687425374985,0.021899543702602386,74.642931856215,0
966,0.7512784004211426,0.719487190246582,0.9754034876823425,0.05471847206354141,0.02228713035583496,74.71999559551477,0
967,0.7507767677307129,0.7207959890365601,0.9738349914550781,0.05500492453575134,0.021872714161872864,74.79701303690672,0
968,0.7515801787376404,0.7232121825218201,0.9619516134262085,0.054523058235645294,0.02195577323436737,74.87356089055538,0
969,0.7498351335525513,0.7198227643966675,0.972999632358551,0.054475635290145874,0.02188018709421158,74.94997771829367,0
970,0.7510442137718201,0.7204604148864746,0.9701538681983948,0.05454874038696289,0.02196420729160309,75.02654995024204,0
971,0.7478909492492676,0.72264164686203,0.9669621586799622,0.05461189150810242,0.021929606795310974,75.10314758121967,0
972,0.7482253313064575,0.72022545337677,0.9730173349380493,0.054501429200172424,0.021899960935115814,75.17959769815207,0
973,0.7500482201576233,0.7205946445465088,0.9672694206237793,0.054640986025333405,0.02195514738559723,75.25625720620155,0
974,0.7468998432159424,0.7223060727119446,0.9668660759925842,0.05452775955200195,0.021956667304039,75.33281181752682,0
975,0.7448041439056396,0.7196214199066162,0.9797933101654053,0.05464567989110947,0.02188357710838318,75.40939488261938,0
976,0.7493501305580139,0.7230443954467773,0.9704694151878357,0.054475583136081696,0.021893613040447235,75.48581685125828,0
977,0.7494905591011047,0.7201918959617615,0.9671397805213928,0.05455757677555084,0.02185564488172531,75.56228465586901,0
978,0.7505003213882446,0.7180777788162231,0.9763389229774475,0.05456622689962387,0.02196800708770752,75.63887169957161,0
979,0.7485665678977966,0.7238497734069824,0.9631597399711609,0.05467725545167923,0.021891139447689056,75.71551939845085,0
980,0.7437308430671692,0.7223731875419617,0.9666181206703186,0.05454500764608383,0.02188965678215027,75.7920124232769,0
981,0.7488501071929932,0.7174736857414246,0.986794650554657,0.05454346537590027,0.021903805434703827,75.8685118034482,0
982,0.7522491216659546,0.7243531346321106,0.9570378065109253,0.05447503179311752,0.021903865039348602,75.9449438303709,0
983,0.7502119541168213,0.7221718430519104,0.9620440006256104,0.0555594339966774,0.02186679095029831,76.02242250740528,0
984,0.7506054639816284,0.7179771065711975,0.9890811443328857,0.054523587226867676,0.021872445940971375,76.09887429326773,0
985,0.7452547550201416,0.7225074172019958,0.9570959806442261,0.05453626066446304,0.021895289421081543,76.17535331845284,0
986,0.7511365413665771,0.7214000225067139,0.9657530784606934,0.05450350046157837,0.02190519869327545,76.25182622671127,0
987,0.7479180097579956,0.7184133529663086,0.984406590461731,0.05572275072336197,0.02193339169025421,76.3295351266861,0
988,0.7471320629119873,0.7233128547668457,0.9613111615180969,0.054605379700660706,0.02183794230222702,76.4060341194272,0
989,0.746432363986969,0.722272515296936,0.9640376567840576,0.05458700656890869,0.02186865359544754,76.48254370689392,0
990,0.742116391658783,0.7173730134963989,0.9797167181968689,0.05454334616661072,0.02190086990594864,76.55903995037079,0
991,0.7470105886459351,0.719118058681488,0.9776690006256104,0.05448691546916962,0.021876640617847443,76.63545715808868,0
992,0.7474369406700134,0.7238162159919739,0.9645125865936279,0.05445004254579544,0.02186812460422516,76.71183491498232,0
993,0.7493077516555786,0.7200912237167358,0.9689974188804626,0.05452156066894531,0.021889448165893555,76.78830032795668,0
994,0.7467794418334961,0.7196885347366333,0.9711670279502869,0.054589807987213135,0.021863937377929688,76.86480760574341,0
995,0.7481200695037842,0.7226080894470215,0.9713589549064636,0.05454760789871216,0.021877296268939972,76.94128549098969,0
996,0.7494000196456909,0.7210308909416199,0.9758799076080322,0.054474130272865295,0.021866343915462494,77.01767919957638,0
997,0.7457952499389648,0.7190845012664795,0.9770994186401367,0.054511576890945435,0.021951407194137573,77.09419549256563,0
998,0.7507246136665344,0.7230108380317688,0.9650052189826965,0.05448804050683975,0.021890409290790558,77.17062633484602,0
999,0.7497859001159668,0.7186482548713684,0.974146842956543,0.05449788272380829,0.021943360567092896,77.24712304025888,0
1000,0.7466115355491638,0.7199234366416931,0.9750177264213562,0.0549335852265358,0.021933361887931824,77.32404286414385,0
