dataset,backbone,variant,split,selected_depth,val_metric,test_metric,metric_name,source
roman-empire,GCN,BASE,0,5,0.753574550151825,0.7359688878059387,acc,results2/roman_empire/base.csv
roman-empire,GCN,BASE,1,1,0.7413945198059082,0.735262930393219,acc,results2/roman_empire/base.csv
roman-empire,GCN,BASE,2,5,0.7394527792930603,0.7290857434272766,acc,results2/roman_empire/base.csv
roman-empire,GCN,BASE,3,4,0.7449249625205994,0.7446169853210449,acc,results2/roman_empire/base.csv
roman-empire,GCN,BASE,4,1,0.7442188858985901,0.718849241733551,acc,results2/roman_empire/base.csv
roman-empire,GCN,BASE,5,5,0.7523388862609863,0.7396752238273621,acc,results2/roman_empire/base.csv
roman-empire,GCN,BASE,6,1,0.7330979704856873,0.7299681901931763,acc,results2/roman_empire/base.csv
roman-empire,GCN,BASE,7,5,0.7500441074371338,0.7426756024360657,acc,results2/roman_empire/base.csv
roman-empire,GCN,BASE,8,1,0.7309796810150146,0.7319096326828003,acc,results2/roman_empire/base.csv
roman-empire,GCN,BASE,9,4,0.7383936047554016,0.7278503179550171,acc,results2/roman_empire/base.csv
roman-empire,SAGE,BASE,0,5,0.8699029088020325,0.8609247803688049,acc,results2/roman_empire/base.csv
roman-empire,SAGE,BASE,1,5,0.8714916110038757,0.8667489886283875,acc,results2/roman_empire/base.csv
roman-empire,SAGE,BASE,2,5,0.8688437342643738,0.8715142607688904,acc,results2/roman_empire/base.csv
roman-empire,SAGE,BASE,3,5,0.8699029088020325,0.8669254779815674,acc,results2/roman_empire/base.csv
roman-empire,SAGE,BASE,4,5,0.8695498704910278,0.8660430312156677,acc,results2/roman_empire/base.csv
roman-empire,SAGE,BASE,5,5,0.8720211386680603,0.8789269328117371,acc,results2/roman_empire/base.csv
roman-empire,SAGE,BASE,6,4,0.8656663298606873,0.8619837164878845,acc,results2/roman_empire/base.csv
roman-empire,SAGE,BASE,7,5,0.870432436466217,0.8649840950965881,acc,results2/roman_empire/base.csv
roman-empire,SAGE,BASE,8,5,0.8711385726928711,0.8709847927093506,acc,results2/roman_empire/base.csv
roman-empire,SAGE,BASE,9,5,0.8691967725753784,0.8593363761901855,acc,results2/roman_empire/base.csv
roman-empire,GAT,BASE,0,5,0.8194174766540527,0.8078008890151978,acc,results2/roman_empire/base.csv
roman-empire,GAT,BASE,1,5,0.8333627581596375,0.8316272497177124,acc,results2/roman_empire/base.csv
roman-empire,GAT,BASE,2,4,0.8225948810577393,0.8303917646408081,acc,results2/roman_empire/base.csv
roman-empire,GAT,BASE,3,5,0.8416593074798584,0.8370984792709351,acc,results2/roman_empire/base.csv
roman-empire,GAT,BASE,4,5,0.8397175669670105,0.8282738924026489,acc,results2/roman_empire/base.csv
roman-empire,GAT,BASE,5,5,0.8280670642852783,0.8236851096153259,acc,results2/roman_empire/base.csv
roman-empire,GAT,BASE,6,5,0.8317740559577942,0.8425697088241577,acc,results2/roman_empire/base.csv
roman-empire,GAT,BASE,7,4,0.8252426981925964,0.8263325095176697,acc,results2/roman_empire/base.csv
roman-empire,GAT,BASE,8,4,0.8270079493522644,0.823508620262146,acc,results2/roman_empire/base.csv
roman-empire,GAT,BASE,9,3,0.8367166519165039,0.8270384669303894,acc,results2/roman_empire/base.csv
roman-empire,GAT-sep,BASE,0,5,0.8963812589645386,0.8893399238586426,acc,results2/roman_empire/base.csv
roman-empire,GAT-sep,BASE,1,5,0.8999117016792297,0.8985174298286438,acc,results2/roman_empire/base.csv
roman-empire,GAT-sep,BASE,2,5,0.8894968628883362,0.8935756683349609,acc,results2/roman_empire/base.csv
roman-empire,GAT-sep,BASE,3,5,0.8981465101242065,0.8967525362968445,acc,results2/roman_empire/base.csv
roman-empire,GAT-sep,BASE,4,5,0.89496910572052,0.8949876427650452,acc,results2/roman_empire/base.csv
roman-empire,GAT-sep,BASE,5,5,0.8924977779388428,0.8997529149055481,acc,results2/roman_empire/base.csv
roman-empire,GAT-sep,BASE,6,5,0.8872020840644836,0.8962230682373047,acc,results2/roman_empire/base.csv
roman-empire,GAT-sep,BASE,7,5,0.8866725564002991,0.8822802305221558,acc,results2/roman_empire/base.csv
roman-empire,GAT-sep,BASE,8,4,0.8891438245773315,0.8858100771903992,acc,results2/roman_empire/base.csv
roman-empire,GAT-sep,BASE,9,5,0.8917917013168335,0.8856335878372192,acc,results2/roman_empire/base.csv
roman-empire,GT,BASE,0,5,0.8827890157699585,0.8775149583816528,acc,results2/roman_empire/base.csv
roman-empire,GT,BASE,1,5,0.8902029991149902,0.8865160346031189,acc,results2/roman_empire/base.csv
roman-empire,GT,BASE,2,5,0.8781994581222534,0.8780444264411926,acc,results2/roman_empire/base.csv
roman-empire,GT,BASE,3,5,0.8914386630058289,0.8858100771903992,acc,results2/roman_empire/base.csv
roman-empire,GT,BASE,4,5,0.8827890157699585,0.8822802305221558,acc,results2/roman_empire/base.csv
roman-empire,GT,BASE,5,5,0.8813768625259399,0.8932226896286011,acc,results2/roman_empire/base.csv
roman-empire,GT,BASE,6,5,0.885966420173645,0.8859865665435791,acc,results2/roman_empire/base.csv
roman-empire,GT,BASE,7,5,0.8781994581222534,0.8757500648498535,acc,results2/roman_empire/base.csv
roman-empire,GT,BASE,8,5,0.8812003135681152,0.8762795329093933,acc,results2/roman_empire/base.csv
roman-empire,GT,BASE,9,5,0.8894968628883362,0.8835156559944153,acc,results2/roman_empire/base.csv
roman-empire,GT-sep,BASE,0,5,0.8751985430717468,0.8738086819648743,acc,results2/roman_empire/base.csv
roman-empire,GT-sep,BASE,1,5,0.8845542669296265,0.8785739541053772,acc,results2/roman_empire/base.csv
roman-empire,GT-sep,BASE,2,5,0.8753750920295715,0.8768090009689331,acc,results2/roman_empire/base.csv
roman-empire,GT-sep,BASE,3,5,0.8787290453910828,0.8755735754966736,acc,results2/roman_empire/base.csv
roman-empire,GT-sep,BASE,4,5,0.880494236946106,0.8782209157943726,acc,results2/roman_empire/base.csv
roman-empire,GT-sep,BASE,5,5,0.8743159770965576,0.8819272518157959,acc,results2/roman_empire/base.csv
roman-empire,GT-sep,BASE,6,5,0.8695498704910278,0.8757500648498535,acc,results2/roman_empire/base.csv
roman-empire,GT-sep,BASE,7,5,0.8759046792984009,0.8644546270370483,acc,results2/roman_empire/base.csv
roman-empire,GT-sep,BASE,8,5,0.8764342069625854,0.8693963885307312,acc,results2/roman_empire/base.csv
roman-empire,GT-sep,BASE,9,5,0.8815533518791199,0.8715142607688904,acc,results2/roman_empire/base.csv
roman-empire,ResNet,BASE,0,3,0.655781090259552,0.656194806098938,acc,results2/roman_empire/base.csv
roman-empire,ResNet,BASE,1,1,0.6647837162017822,0.6643134355545044,acc,results2/roman_empire/base.csv
roman-empire,ResNet,BASE,2,2,0.6552515029907227,0.6574302911758423,acc,results2/roman_empire/base.csv
roman-empire,ResNet,BASE,3,5,0.655781090259552,0.6613130569458008,acc,results2/roman_empire/base.csv
roman-empire,ResNet,BASE,4,5,0.6593115329742432,0.6567242741584778,acc,results2/roman_empire/base.csv
roman-empire,ResNet,BASE,5,5,0.6586054563522339,0.6623720526695251,acc,results2/roman_empire/base.csv
roman-empire,ResNet,BASE,6,2,0.6573697924613953,0.6560183167457581,acc,results2/roman_empire/base.csv
roman-empire,ResNet,BASE,7,2,0.6526036858558655,0.6614895462989807,acc,results2/roman_empire/base.csv
roman-empire,ResNet,BASE,8,4,0.65754634141922,0.6590186953544617,acc,results2/roman_empire/base.csv
roman-empire,ResNet,BASE,9,3,0.6619594097137451,0.6528415083885193,acc,results2/roman_empire/base.csv
roman-empire,TAG,BASE,0,5,0.8792585730552673,0.8709847927093506,acc,results2/roman_empire/base.csv
roman-empire,TAG,BASE,1,4,0.8766107559204102,0.8736321926116943,acc,results2/roman_empire/base.csv
roman-empire,TAG,BASE,2,5,0.870432436466217,0.8732791543006897,acc,results2/roman_empire/base.csv
roman-empire,TAG,BASE,3,5,0.8808472752571106,0.8709847927093506,acc,results2/roman_empire/base.csv
roman-empire,TAG,BASE,4,5,0.8838481903076172,0.8743381500244141,acc,results2/roman_empire/base.csv
roman-empire,TAG,BASE,5,5,0.8748455047607422,0.8854570984840393,acc,results2/roman_empire/base.csv
roman-empire,TAG,BASE,6,5,0.8746690154075623,0.8778679370880127,acc,results2/roman_empire/base.csv
roman-empire,TAG,BASE,7,5,0.8729037642478943,0.8761030435562134,acc,results2/roman_empire/base.csv
roman-empire,TAG,BASE,8,5,0.8691967725753784,0.8639251589775085,acc,results2/roman_empire/base.csv
roman-empire,TAG,BASE,9,4,0.8799646496772766,0.8755735754966736,acc,results2/roman_empire/base.csv
roman-empire,GCN,ENS,0,5,0.7586936950683594,0.7500882148742676,acc,results2/roman_empire/ensemble.csv
roman-empire,GCN,ENS,1,4,0.7505736947059631,0.7380868196487427,acc,results2/roman_empire/ensemble.csv
roman-empire,GCN,ENS,2,5,0.760811984539032,0.7622660994529724,acc,results2/roman_empire/ensemble.csv
roman-empire,GCN,ENS,3,4,0.7578111290931702,0.753618061542511,acc,results2/roman_empire/ensemble.csv
roman-empire,GCN,ENS,4,3,0.7560458779335022,0.7423226237297058,acc,results2/roman_empire/ensemble.csv
roman-empire,GCN,ENS,5,4,0.7583406567573547,0.753618061542511,acc,results2/roman_empire/ensemble.csv
roman-empire,GCN,ENS,6,5,0.7565754652023315,0.7619131207466125,acc,results2/roman_empire/ensemble.csv
roman-empire,GCN,ENS,7,5,0.7602823972702026,0.7509706616401672,acc,results2/roman_empire/ensemble.csv
roman-empire,GCN,ENS,8,5,0.7495145201683044,0.7545005083084106,acc,results2/roman_empire/ensemble.csv
roman-empire,GCN,ENS,9,5,0.7597528696060181,0.7571478486061096,acc,results2/roman_empire/ensemble.csv
roman-empire,SAGE,ENS,0,5,0.8762577176094055,0.8701023459434509,acc,results2/roman_empire/ensemble.csv
roman-empire,SAGE,ENS,1,5,0.8799646496772766,0.8780444264411926,acc,results2/roman_empire/ensemble.csv
roman-empire,SAGE,ENS,2,5,0.8690202832221985,0.8731026649475098,acc,results2/roman_empire/ensemble.csv
roman-empire,SAGE,ENS,3,5,0.8801411986351013,0.8768090009689331,acc,results2/roman_empire/ensemble.csv
roman-empire,SAGE,ENS,4,5,0.8723742365837097,0.8739851713180542,acc,results2/roman_empire/ensemble.csv
roman-empire,SAGE,ENS,5,5,0.8718446493148804,0.8851041197776794,acc,results2/roman_empire/ensemble.csv
roman-empire,SAGE,ENS,6,5,0.8729037642478943,0.87239670753479,acc,results2/roman_empire/ensemble.csv
roman-empire,SAGE,ENS,7,5,0.8718446493148804,0.8746911287307739,acc,results2/roman_empire/ensemble.csv
roman-empire,SAGE,ENS,8,5,0.8755516409873962,0.8755735754966736,acc,results2/roman_empire/ensemble.csv
roman-empire,SAGE,ENS,9,5,0.8727272748947144,0.8667489886283875,acc,results2/roman_empire/ensemble.csv
roman-empire,GAT,ENS,0,5,0.8400706052780151,0.8333921432495117,acc,results2/roman_empire/ensemble.csv
roman-empire,GAT,ENS,1,5,0.8458958268165588,0.8415107131004333,acc,results2/roman_empire/ensemble.csv
roman-empire,GAT,ENS,2,4,0.833892285823822,0.8363925218582153,acc,results2/roman_empire/ensemble.csv
roman-empire,GAT,ENS,3,5,0.8487201929092407,0.8432756662368774,acc,results2/roman_empire/ensemble.csv
roman-empire,GAT,ENS,4,4,0.8402470946311951,0.8367455005645752,acc,results2/roman_empire/ensemble.csv
roman-empire,GAT,ENS,5,5,0.8344218730926514,0.8390398621559143,acc,results2/roman_empire/ensemble.csv
roman-empire,GAT,ENS,6,5,0.8368932008743286,0.8469820022583008,acc,results2/roman_empire/ensemble.csv
roman-empire,GAT,ENS,7,4,0.8353044986724854,0.8404517769813538,acc,results2/roman_empire/ensemble.csv
roman-empire,GAT,ENS,8,5,0.8349514603614807,0.8342745900154114,acc,results2/roman_empire/ensemble.csv
roman-empire,GAT,ENS,9,5,0.8423653841018677,0.837274968624115,acc,results2/roman_empire/ensemble.csv
roman-empire,GAT-sep,ENS,0,5,0.9016769528388977,0.8986939191818237,acc,results2/roman_empire/ensemble.csv
roman-empire,GAT-sep,ENS,1,5,0.9048543572425842,0.9032827019691467,acc,results2/roman_empire/ensemble.csv
roman-empire,GAT-sep,ENS,2,5,0.8939099311828613,0.9002823829650879,acc,results2/roman_empire/ensemble.csv
roman-empire,GAT-sep,ENS,3,5,0.9034421443939209,0.9045181274414062,acc,results2/roman_empire/ensemble.csv
roman-empire,GAT-sep,ENS,4,5,0.9018534421920776,0.9015178084373474,acc,results2/roman_empire/ensemble.csv
roman-empire,GAT-sep,ENS,5,5,0.8999117016792297,0.9105188846588135,acc,results2/roman_empire/ensemble.csv
roman-empire,GAT-sep,ENS,6,5,0.8970873355865479,0.9034591913223267,acc,results2/roman_empire/ensemble.csv
roman-empire,GAT-sep,ENS,7,5,0.8947925567626953,0.8949876427650452,acc,results2/roman_empire/ensemble.csv
roman-empire,GAT-sep,ENS,8,5,0.8974403738975525,0.8963995575904846,acc,results2/roman_empire/ensemble.csv
roman-empire,GAT-sep,ENS,9,5,0.9055604338645935,0.9004588723182678,acc,results2/roman_empire/ensemble.csv
roman-empire,GT,ENS,0,5,0.8914386630058289,0.8859865665435791,acc,results2/roman_empire/ensemble.csv
roman-empire,GT,ENS,1,5,0.8960282206535339,0.8944581747055054,acc,results2/roman_empire/ensemble.csv
roman-empire,GT,ENS,2,5,0.8879081606864929,0.8914577960968018,acc,results2/roman_empire/ensemble.csv
roman-empire,GT,ENS,3,5,0.894086480140686,0.8900458812713623,acc,results2/roman_empire/ensemble.csv
roman-empire,GT,ENS,4,5,0.8879081606864929,0.8941051363945007,acc,results2/roman_empire/ensemble.csv
roman-empire,GT,ENS,5,5,0.888614296913147,0.8956936001777649,acc,results2/roman_empire/ensemble.csv
roman-empire,GT,ENS,6,5,0.8889673352241516,0.893399178981781,acc,results2/roman_empire/ensemble.csv
roman-empire,GT,ENS,7,5,0.8812003135681152,0.8813977837562561,acc,results2/roman_empire/ensemble.csv
roman-empire,GT,ENS,8,5,0.8919681906700134,0.8877514600753784,acc,results2/roman_empire/ensemble.csv
roman-empire,GT,ENS,9,5,0.8910855650901794,0.8866925239562988,acc,results2/roman_empire/ensemble.csv
roman-empire,GT-sep,ENS,0,5,0.8781994581222534,0.8773384690284729,acc,results2/roman_empire/ensemble.csv
roman-empire,GT-sep,ENS,1,5,0.8891438245773315,0.8879279494285583,acc,results2/roman_empire/ensemble.csv
roman-empire,GT-sep,ENS,2,5,0.8836716413497925,0.8858100771903992,acc,results2/roman_empire/ensemble.csv
roman-empire,GT-sep,ENS,3,5,0.8891438245773315,0.881574273109436,acc,results2/roman_empire/ensemble.csv
roman-empire,GT-sep,ENS,4,5,0.8838481903076172,0.8836921453475952,acc,results2/roman_empire/ensemble.csv
roman-empire,GT-sep,ENS,5,5,0.8829655647277832,0.8873984813690186,acc,results2/roman_empire/ensemble.csv
roman-empire,GT-sep,ENS,6,5,0.8810238242149353,0.8810448050498962,acc,results2/roman_empire/ensemble.csv
roman-empire,GT-sep,ENS,7,5,0.8753750920295715,0.8780444264411926,acc,results2/roman_empire/ensemble.csv
roman-empire,GT-sep,ENS,8,5,0.8820829391479492,0.8778679370880127,acc,results2/roman_empire/ensemble.csv
roman-empire,GT-sep,ENS,9,5,0.8854368925094604,0.8801623582839966,acc,results2/roman_empire/ensemble.csv
roman-empire,ResNet,ENS,0,2,0.6578993797302246,0.6583127379417419,acc,results2/roman_empire/ensemble.csv
roman-empire,ResNet,ENS,1,1,0.6670785546302795,0.6673137545585632,acc,results2/roman_empire/ensemble.csv
roman-empire,ResNet,ENS,2,2,0.6570167541503906,0.6616660356521606,acc,results2/roman_empire/ensemble.csv
roman-empire,ResNet,ENS,3,4,0.6568402051925659,0.6660783290863037,acc,results2/roman_empire/ensemble.csv
roman-empire,ResNet,ENS,4,2,0.6577228307723999,0.6604306101799011,acc,results2/roman_empire/ensemble.csv
roman-empire,ResNet,ENS,5,2,0.6586054563522339,0.6659018397331238,acc,results2/roman_empire/ensemble.csv
roman-empire,ResNet,ENS,6,1,0.655781090259552,0.6576067805290222,acc,results2/roman_empire/ensemble.csv
roman-empire,ResNet,ENS,7,1,0.6587820053100586,0.6621955037117004,acc,results2/roman_empire/ensemble.csv
roman-empire,ResNet,ENS,8,4,0.6559576392173767,0.6660783290863037,acc,results2/roman_empire/ensemble.csv
roman-empire,ResNet,ENS,9,1,0.6587820053100586,0.6507235765457153,acc,results2/roman_empire/ensemble.csv
roman-empire,TAG,ENS,0,5,0.8824359774589539,0.8775149583816528,acc,results2/roman_empire/ensemble.csv
roman-empire,TAG,ENS,1,5,0.8926742672920227,0.8932226896286011,acc,results2/roman_empire/ensemble.csv
roman-empire,TAG,ENS,2,5,0.8776698708534241,0.8859865665435791,acc,results2/roman_empire/ensemble.csv
roman-empire,TAG,ENS,3,5,0.8863194584846497,0.876985490322113,acc,results2/roman_empire/ensemble.csv
roman-empire,TAG,ENS,4,5,0.8854368925094604,0.8801623582839966,acc,results2/roman_empire/ensemble.csv
roman-empire,TAG,ENS,5,5,0.8822594881057739,0.8937521576881409,acc,results2/roman_empire/ensemble.csv
roman-empire,TAG,ENS,6,5,0.8842012286186218,0.8852806091308594,acc,results2/roman_empire/ensemble.csv
roman-empire,TAG,ENS,7,4,0.8743159770965576,0.8776914477348328,acc,results2/roman_empire/ensemble.csv
roman-empire,TAG,ENS,8,5,0.8790820837020874,0.8783974051475525,acc,results2/roman_empire/ensemble.csv
roman-empire,TAG,ENS,9,4,0.8880847096443176,0.8843981623649597,acc,results2/roman_empire/ensemble.csv
roman-empire,GCN,GNNM,0,5,0.781818151473999,0.7728555798530579,acc,results2/roman_empire/tabm.csv
roman-empire,GCN,GNNM,1,4,0.7719328999519348,0.7717966437339783,acc,results2/roman_empire/tabm.csv
roman-empire,GCN,GNNM,2,5,0.7793468236923218,0.7797387838363647,acc,results2/roman_empire/tabm.csv
roman-empire,GCN,GNNM,3,5,0.7726389765739441,0.7728555798530579,acc,results2/roman_empire/tabm.csv
roman-empire,GCN,GNNM,4,5,0.7902912497520447,0.7820331454277039,acc,results2/roman_empire/tabm.csv
roman-empire,GCN,GNNM,5,4,0.7812886238098145,0.7822096347808838,acc,results2/roman_empire/tabm.csv
roman-empire,GCN,GNNM,6,4,0.7618710994720459,0.7679138779640198,acc,results2/roman_empire/tabm.csv
roman-empire,GCN,GNNM,7,5,0.7821711897850037,0.7859159708023071,acc,results2/roman_empire/tabm.csv
roman-empire,GCN,GNNM,8,5,0.7805824875831604,0.7786798477172852,acc,results2/roman_empire/tabm.csv
roman-empire,GCN,GNNM,9,5,0.7791703343391418,0.7799152731895447,acc,results2/roman_empire/tabm.csv
roman-empire,SAGE,GNNM,0,5,0.9013239145278931,0.899929404258728,acc,results2/roman_empire/tabm.csv
roman-empire,SAGE,GNNM,1,5,0.8993821740150452,0.9094598889350891,acc,results2/roman_empire/tabm.csv
roman-empire,SAGE,GNNM,2,5,0.89496910572052,0.897987961769104,acc,results2/roman_empire/tabm.csv
roman-empire,SAGE,GNNM,3,5,0.9016769528388977,0.897987961769104,acc,results2/roman_empire/tabm.csv
roman-empire,SAGE,GNNM,4,5,0.9029126167297363,0.9011648297309875,acc,results2/roman_empire/tabm.csv
roman-empire,SAGE,GNNM,5,5,0.8960282206535339,0.9085774421691895,acc,results2/roman_empire/tabm.csv
roman-empire,SAGE,GNNM,6,5,0.8928508162498474,0.8958700895309448,acc,results2/roman_empire/tabm.csv
roman-empire,SAGE,GNNM,7,5,0.8953221440315247,0.8971055150032043,acc,results2/roman_empire/tabm.csv
roman-empire,SAGE,GNNM,8,5,0.9025595784187317,0.9002823829650879,acc,results2/roman_empire/tabm.csv
roman-empire,SAGE,GNNM,9,4,0.8979699611663818,0.8956936001777649,acc,results2/roman_empire/tabm.csv
roman-empire,GAT,GNNM,0,5,0.8298322558403015,0.8266854882240295,acc,results2/roman_empire/tabm.csv
roman-empire,GAT,GNNM,1,5,0.8358340263366699,0.8254500031471252,acc,results2/roman_empire/tabm.csv
roman-empire,GAT,GNNM,2,4,0.8227713704109192,0.8261560201644897,acc,results2/roman_empire/tabm.csv
roman-empire,GAT,GNNM,3,4,0.8337157964706421,0.8261560201644897,acc,results2/roman_empire/tabm.csv
roman-empire,GAT,GNNM,4,4,0.83565753698349,0.8319802284240723,acc,results2/roman_empire/tabm.csv
roman-empire,GAT,GNNM,5,5,0.8294792175292969,0.8303917646408081,acc,results2/roman_empire/tabm.csv
roman-empire,GAT,GNNM,6,4,0.8199470043182373,0.8187433481216431,acc,results2/roman_empire/tabm.csv
roman-empire,GAT,GNNM,7,5,0.8300088047981262,0.837274968624115,acc,results2/roman_empire/tabm.csv
roman-empire,GAT,GNNM,8,5,0.8305383920669556,0.8238615989685059,acc,results2/roman_empire/tabm.csv
roman-empire,GAT,GNNM,9,4,0.8305383920669556,0.8243910670280457,acc,results2/roman_empire/tabm.csv
roman-empire,GAT-sep,GNNM,0,4,0.9124448299407959,0.9085774421691895,acc,results2/roman_empire/tabm.csv
roman-empire,GAT-sep,GNNM,1,5,0.9140335321426392,0.9131662249565125,acc,results2/roman_empire/tabm.csv
roman-empire,GAT-sep,GNNM,2,5,0.9083847999572754,0.9105188846588135,acc,results2/roman_empire/tabm.csv
roman-empire,GAT-sep,GNNM,3,4,0.9156222343444824,0.9105188846588135,acc,results2/roman_empire/tabm.csv
roman-empire,GAT-sep,GNNM,4,5,0.9159752726554871,0.914401650428772,acc,results2/roman_empire/tabm.csv
roman-empire,GAT-sep,GNNM,5,5,0.9143865704536438,0.9182844758033752,acc,results2/roman_empire/tabm.csv
roman-empire,GAT-sep,GNNM,6,5,0.9089143872261047,0.9122837781906128,acc,results2/roman_empire/tabm.csv
roman-empire,GAT-sep,GNNM,7,4,0.9071491360664368,0.9068125486373901,acc,results2/roman_empire/tabm.csv
roman-empire,GAT-sep,GNNM,8,5,0.9145630598068237,0.9092833995819092,acc,results2/roman_empire/tabm.csv
roman-empire,GAT-sep,GNNM,9,5,0.9184466004371643,0.9151076078414917,acc,results2/roman_empire/tabm.csv
roman-empire,GT,GNNM,0,5,0.9027360677719116,0.9015178084373474,acc,results2/roman_empire/tabm.csv
roman-empire,GT,GNNM,1,5,0.9064430594444275,0.9050476551055908,acc,results2/roman_empire/tabm.csv
roman-empire,GT,GNNM,2,5,0.9004412889480591,0.9011648297309875,acc,results2/roman_empire/tabm.csv
roman-empire,GT,GNNM,3,5,0.9043247699737549,0.9009883403778076,acc,results2/roman_empire/tabm.csv
roman-empire,GT,GNNM,4,5,0.9094439148902893,0.9048711061477661,acc,results2/roman_empire/tabm.csv
roman-empire,GT,GNNM,5,5,0.9016769528388977,0.9057536125183105,acc,results2/roman_empire/tabm.csv
roman-empire,GT,GNNM,6,5,0.8970873355865479,0.8997529149055481,acc,results2/roman_empire/tabm.csv
roman-empire,GT,GNNM,7,4,0.8962047696113586,0.8958700895309448,acc,results2/roman_empire/tabm.csv
roman-empire,GT,GNNM,8,5,0.9062665104866028,0.9043416380882263,acc,results2/roman_empire/tabm.csv
roman-empire,GT,GNNM,9,5,0.9066195487976074,0.9059301018714905,acc,results2/roman_empire/tabm.csv
roman-empire,GT-sep,GNNM,0,5,0.9009708762168884,0.8983409404754639,acc,results2/roman_empire/tabm.csv
roman-empire,GT-sep,GNNM,1,5,0.9030891060829163,0.8981644511222839,acc,results2/roman_empire/tabm.csv
roman-empire,GT-sep,GNNM,2,5,0.8962047696113586,0.9016942977905273,acc,results2/roman_empire/tabm.csv
roman-empire,GT-sep,GNNM,3,5,0.9004412889480591,0.8948111534118652,acc,results2/roman_empire/tabm.csv
roman-empire,GT-sep,GNNM,4,5,0.9000882506370544,0.9004588723182678,acc,results2/roman_empire/tabm.csv
roman-empire,GT-sep,GNNM,5,5,0.8969108462333679,0.8983409404754639,acc,results2/roman_empire/tabm.csv
roman-empire,GT-sep,GNNM,6,4,0.8891438245773315,0.8868690133094788,acc,results2/roman_empire/tabm.csv
roman-empire,GT-sep,GNNM,7,5,0.89496910572052,0.8983409404754639,acc,results2/roman_empire/tabm.csv
roman-empire,GT-sep,GNNM,8,5,0.9020299911499023,0.9039886593818665,acc,results2/roman_empire/tabm.csv
roman-empire,GT-sep,GNNM,9,5,0.8992056250572205,0.9002823829650879,acc,results2/roman_empire/tabm.csv
roman-empire,ResNet,GNNM,0,3,0.6589584946632385,0.658136248588562,acc,results2/roman_empire/tabm.csv
roman-empire,ResNet,GNNM,1,1,0.6610767841339111,0.6604306101799011,acc,results2/roman_empire/tabm.csv
roman-empire,ResNet,GNNM,2,1,0.6589584946632385,0.6593716740608215,acc,results2/roman_empire/tabm.csv
roman-empire,ResNet,GNNM,3,2,0.6577228307723999,0.6673137545585632,acc,results2/roman_empire/tabm.csv
roman-empire,ResNet,GNNM,4,5,0.6568402051925659,0.6544299125671387,acc,results2/roman_empire/tabm.csv
roman-empire,ResNet,GNNM,5,5,0.6644306778907776,0.6674902439117432,acc,results2/roman_empire/tabm.csv
roman-empire,ResNet,GNNM,6,1,0.6609002351760864,0.6544299125671387,acc,results2/roman_empire/tabm.csv
roman-empire,ResNet,GNNM,7,1,0.6582524180412292,0.662725031375885,acc,results2/roman_empire/tabm.csv
roman-empire,ResNet,GNNM,8,5,0.6593115329742432,0.6613130569458008,acc,results2/roman_empire/tabm.csv
roman-empire,ResNet,GNNM,9,3,0.6637246012687683,0.6556653380393982,acc,results2/roman_empire/tabm.csv
roman-empire,TAG,GNNM,0,5,0.9018534421920776,0.893399178981781,acc,results2/roman_empire/tabm.csv
roman-empire,TAG,GNNM,1,5,0.8947925567626953,0.9009883403778076,acc,results2/roman_empire/tabm.csv
roman-empire,TAG,GNNM,2,5,0.8947925567626953,0.897987961769104,acc,results2/roman_empire/tabm.csv
roman-empire,TAG,GNNM,3,5,0.9036186933517456,0.895340621471405,acc,results2/roman_empire/tabm.csv
roman-empire,TAG,GNNM,4,5,0.9045013189315796,0.8972820043563843,acc,results2/roman_empire/tabm.csv
roman-empire,TAG,GNNM,5,5,0.8923212289810181,0.9016942977905273,acc,results2/roman_empire/tabm.csv
roman-empire,TAG,GNNM,6,5,0.8926742672920227,0.8939286470413208,acc,results2/roman_empire/tabm.csv
roman-empire,TAG,GNNM,7,5,0.8939099311828613,0.8937521576881409,acc,results2/roman_empire/tabm.csv
roman-empire,TAG,GNNM,8,4,0.893203854560852,0.8962230682373047,acc,results2/roman_empire/tabm.csv
roman-empire,TAG,GNNM,9,5,0.8992056250572205,0.8974584937095642,acc,results2/roman_empire/tabm.csv
amazon-ratings,GCN,BASE,0,2,0.5053078532218933,0.4999183416366577,acc,results2/amazon_ratings/base.csv
amazon-ratings,GCN,BASE,1,2,0.5089008808135986,0.509880781173706,acc,results2/amazon_ratings/base.csv
amazon-ratings,GCN,BASE,2,2,0.5142903923988342,0.5066143870353699,acc,results2/amazon_ratings/base.csv
amazon-ratings,GCN,BASE,3,2,0.5146170258522034,0.5049812197685242,acc,results2/amazon_ratings/base.csv
amazon-ratings,GCN,BASE,4,2,0.5169034600257874,0.49812182784080505,acc,results2/amazon_ratings/base.csv
amazon-ratings,GCN,BASE,5,2,0.5180466771125793,0.5075942873954773,acc,results2/amazon_ratings/base.csv
amazon-ratings,GCN,BASE,6,2,0.5105340480804443,0.5038380026817322,acc,results2/amazon_ratings/base.csv
amazon-ratings,GCN,BASE,7,2,0.503511369228363,0.4995917081832886,acc,results2/amazon_ratings/base.csv
amazon-ratings,GCN,BASE,8,2,0.5090641975402832,0.5012248754501343,acc,results2/amazon_ratings/base.csv
amazon-ratings,GCN,BASE,9,2,0.5026947259902954,0.49861177802085876,acc,results2/amazon_ratings/base.csv
amazon-ratings,SAGE,BASE,0,3,0.5378082394599915,0.5420545339584351,acc,results2/amazon_ratings/base.csv
amazon-ratings,SAGE,BASE,1,3,0.5485872626304626,0.5464641451835632,acc,results2/amazon_ratings/base.csv
amazon-ratings,SAGE,BASE,2,4,0.5427078008651733,0.5363383889198303,acc,results2/amazon_ratings/base.csv
amazon-ratings,SAGE,BASE,3,4,0.5474440455436707,0.5299689769744873,acc,results2/amazon_ratings/base.csv
amazon-ratings,SAGE,BASE,4,3,0.5438510775566101,0.5396047830581665,acc,results2/amazon_ratings/base.csv
amazon-ratings,SAGE,BASE,5,2,0.5438510775566101,0.5384615063667297,acc,results2/amazon_ratings/base.csv
amazon-ratings,SAGE,BASE,6,5,0.5515270233154297,0.5480973124504089,acc,results2/amazon_ratings/base.csv
amazon-ratings,SAGE,BASE,7,4,0.5361750721931458,0.5330719947814941,acc,results2/amazon_ratings/base.csv
amazon-ratings,SAGE,BASE,8,3,0.5415645837783813,0.5301322937011719,acc,results2/amazon_ratings/base.csv
amazon-ratings,SAGE,BASE,9,5,0.5392781496047974,0.5333986282348633,acc,results2/amazon_ratings/base.csv
amazon-ratings,GAT,BASE,0,1,0.5214763879776001,0.5142903923988342,acc,results2/amazon_ratings/base.csv
amazon-ratings,GAT,BASE,1,3,0.5213130712509155,0.527519166469574,acc,results2/amazon_ratings/base.csv
amazon-ratings,GAT,BASE,2,1,0.5278457999229431,0.5177200436592102,acc,results2/amazon_ratings/base.csv
amazon-ratings,GAT,BASE,3,1,0.5219663381576538,0.5106973648071289,acc,results2/amazon_ratings/base.csv
amazon-ratings,GAT,BASE,4,1,0.5255593657493591,0.5164135098457336,acc,results2/amazon_ratings/base.csv
amazon-ratings,GAT,BASE,5,1,0.5325820446014404,0.5167401432991028,acc,results2/amazon_ratings/base.csv
amazon-ratings,GAT,BASE,6,1,0.5260493159294128,0.5218030214309692,acc,results2/amazon_ratings/base.csv
amazon-ratings,GAT,BASE,7,1,0.5141270756721497,0.5084109306335449,acc,results2/amazon_ratings/base.csv
amazon-ratings,GAT,BASE,8,1,0.530458927154541,0.5195165872573853,acc,results2/amazon_ratings/base.csv
amazon-ratings,GAT,BASE,9,1,0.52523273229599,0.5178833603858948,acc,results2/amazon_ratings/base.csv
amazon-ratings,GAT-sep,BASE,0,2,0.5438510775566101,0.5546301007270813,acc,results2/amazon_ratings/base.csv
amazon-ratings,GAT-sep,BASE,1,3,0.5595296621322632,0.5422178506851196,acc,results2/amazon_ratings/base.csv
amazon-ratings,GAT-sep,BASE,2,4,0.5472807288169861,0.5418912172317505,acc,results2/amazon_ratings/base.csv
amazon-ratings,GAT-sep,BASE,3,4,0.5523436069488525,0.5415645837783813,acc,results2/amazon_ratings/base.csv
amazon-ratings,GAT-sep,BASE,4,4,0.5518536567687988,0.545810878276825,acc,results2/amazon_ratings/base.csv
amazon-ratings,GAT-sep,BASE,5,5,0.5485872626304626,0.5417279005050659,acc,results2/amazon_ratings/base.csv
amazon-ratings,GAT-sep,BASE,6,5,0.5541401505470276,0.5508737564086914,acc,results2/amazon_ratings/base.csv
amazon-ratings,GAT-sep,BASE,7,2,0.5485872626304626,0.5430344343185425,acc,results2/amazon_ratings/base.csv
amazon-ratings,GAT-sep,BASE,8,5,0.5539767742156982,0.537971556186676,acc,results2/amazon_ratings/base.csv
amazon-ratings,GAT-sep,BASE,9,3,0.5490772724151611,0.5433610677719116,acc,results2/amazon_ratings/base.csv
amazon-ratings,GT,BASE,0,4,0.5340519547462463,0.5376449227333069,acc,results2/amazon_ratings/base.csv
amazon-ratings,GT,BASE,1,2,0.5489138960838318,0.5441777110099792,acc,results2/amazon_ratings/base.csv
amazon-ratings,GT,BASE,2,3,0.5477706789970398,0.5365017056465149,acc,results2/amazon_ratings/base.csv
amazon-ratings,GT,BASE,3,3,0.5436877012252808,0.5291523933410645,acc,results2/amazon_ratings/base.csv
amazon-ratings,GT,BASE,4,3,0.5492405891418457,0.5386248230934143,acc,results2/amazon_ratings/base.csv
amazon-ratings,GT,BASE,5,3,0.5404213666915894,0.5378082394599915,acc,results2/amazon_ratings/base.csv
amazon-ratings,GT,BASE,6,4,0.5513637065887451,0.5449942946434021,acc,results2/amazon_ratings/base.csv
amazon-ratings,GT,BASE,7,3,0.5387881994247437,0.5415645837783813,acc,results2/amazon_ratings/base.csv
amazon-ratings,GT,BASE,8,2,0.5464641451835632,0.5340519547462463,acc,results2/amazon_ratings/base.csv
amazon-ratings,GT,BASE,9,5,0.5422178506851196,0.5376449227333069,acc,results2/amazon_ratings/base.csv
amazon-ratings,GT-sep,BASE,0,2,0.5394414663314819,0.5427078008651733,acc,results2/amazon_ratings/base.csv
amazon-ratings,GT-sep,BASE,1,4,0.5445043444633484,0.5415645837783813,acc,results2/amazon_ratings/base.csv
amazon-ratings,GT-sep,BASE,2,4,0.5443410277366638,0.5342152714729309,acc,results2/amazon_ratings/base.csv
amazon-ratings,GT-sep,BASE,3,5,0.5405846834182739,0.5396047830581665,acc,results2/amazon_ratings/base.csv
amazon-ratings,GT-sep,BASE,4,3,0.5489138960838318,0.5381348729133606,acc,results2/amazon_ratings/base.csv
amazon-ratings,GT-sep,BASE,5,4,0.5325820446014404,0.537971556186676,acc,results2/amazon_ratings/base.csv
amazon-ratings,GT-sep,BASE,6,5,0.5505471229553223,0.5371549725532532,acc,results2/amazon_ratings/base.csv
amazon-ratings,GT-sep,BASE,7,5,0.5325820446014404,0.5351951718330383,acc,results2/amazon_ratings/base.csv
amazon-ratings,GT-sep,BASE,8,2,0.5453209280967712,0.5332353115081787,acc,results2/amazon_ratings/base.csv
amazon-ratings,GT-sep,BASE,9,2,0.5472807288169861,0.5355218052864075,acc,results2/amazon_ratings/base.csv
amazon-ratings,ResNet,BASE,0,2,0.4773803651332855,0.48750612139701843,acc,results2/amazon_ratings/base.csv
amazon-ratings,ResNet,BASE,1,1,0.49273231625556946,0.47885024547576904,acc,results2/amazon_ratings/base.csv
amazon-ratings,ResNet,BASE,2,4,0.4839131236076355,0.4822799265384674,acc,results2/amazon_ratings/base.csv
amazon-ratings,ResNet,BASE,3,1,0.4995917081832886,0.4848930239677429,acc,results2/amazon_ratings/base.csv
amazon-ratings,ResNet,BASE,4,2,0.49289563298225403,0.47558385133743286,acc,results2/amazon_ratings/base.csv
amazon-ratings,ResNet,BASE,5,1,0.49109911918640137,0.4791768789291382,acc,results2/amazon_ratings/base.csv
amazon-ratings,ResNet,BASE,6,1,0.4899559020996094,0.4822799265384674,acc,results2/amazon_ratings/base.csv
amazon-ratings,ResNet,BASE,7,1,0.48130002617836,0.48211660981178284,acc,results2/amazon_ratings/base.csv
amazon-ratings,ResNet,BASE,8,2,0.48325982689857483,0.4773803651332855,acc,results2/amazon_ratings/base.csv
amazon-ratings,ResNet,BASE,9,2,0.48962926864624023,0.4909358024597168,acc,results2/amazon_ratings/base.csv
amazon-ratings,TAG,BASE,0,3,0.5226196050643921,0.5218030214309692,acc,results2/amazon_ratings/base.csv
amazon-ratings,TAG,BASE,1,2,0.5312755107879639,0.5229462385177612,acc,results2/amazon_ratings/base.csv
amazon-ratings,TAG,BASE,2,1,0.5284990668296814,0.5216397047042847,acc,results2/amazon_ratings/base.csv
amazon-ratings,TAG,BASE,3,4,0.5267025828361511,0.5206598043441772,acc,results2/amazon_ratings/base.csv
amazon-ratings,TAG,BASE,4,2,0.5400947332382202,0.52523273229599,acc,results2/amazon_ratings/base.csv
amazon-ratings,TAG,BASE,5,3,0.5289890766143799,0.5232728719711304,acc,results2/amazon_ratings/base.csv
amazon-ratings,TAG,BASE,6,2,0.529315710067749,0.5247427821159363,acc,results2/amazon_ratings/base.csv
amazon-ratings,TAG,BASE,7,2,0.520006537437439,0.5232728719711304,acc,results2/amazon_ratings/base.csv
amazon-ratings,TAG,BASE,8,2,0.531602144241333,0.5235995650291443,acc,results2/amazon_ratings/base.csv
amazon-ratings,TAG,BASE,9,2,0.527519166469574,0.5180466771125793,acc,results2/amazon_ratings/base.csv
amazon-ratings,GCN,ENS,0,2,0.5100440979003906,0.5025314092636108,acc,results2/amazon_ratings/ensemble.csv
amazon-ratings,GCN,ENS,1,2,0.5103707313537598,0.5144537091255188,acc,results2/amazon_ratings/ensemble.csv
amazon-ratings,GCN,ENS,2,3,0.5092275142669678,0.5049812197685242,acc,results2/amazon_ratings/ensemble.csv
amazon-ratings,GCN,ENS,3,2,0.5167401432991028,0.5054711699485779,acc,results2/amazon_ratings/ensemble.csv
amazon-ratings,GCN,ENS,4,2,0.5146170258522034,0.50285804271698,acc,results2/amazon_ratings/ensemble.csv
amazon-ratings,GCN,ENS,5,2,0.5185366868972778,0.5134738087654114,acc,results2/amazon_ratings/ensemble.csv
amazon-ratings,GCN,ENS,6,2,0.5141270756721497,0.5120038986206055,acc,results2/amazon_ratings/ensemble.csv
amazon-ratings,GCN,ENS,7,2,0.503511369228363,0.5004082918167114,acc,results2/amazon_ratings/ensemble.csv
amazon-ratings,GCN,ENS,8,2,0.5149436593055725,0.5082476139068604,acc,results2/amazon_ratings/ensemble.csv
amazon-ratings,GCN,ENS,9,2,0.5048179030418396,0.5031847357749939,acc,results2/amazon_ratings/ensemble.csv
amazon-ratings,SAGE,ENS,0,3,0.5461375117301941,0.557406485080719,acc,results2/amazon_ratings/ensemble.csv
amazon-ratings,SAGE,ENS,1,4,0.5552833676338196,0.5461375117301941,acc,results2/amazon_ratings/ensemble.csv
amazon-ratings,SAGE,ENS,2,2,0.5489138960838318,0.5516903400421143,acc,results2/amazon_ratings/ensemble.csv
amazon-ratings,SAGE,ENS,3,3,0.5565899014472961,0.5467907786369324,acc,results2/amazon_ratings/ensemble.csv
amazon-ratings,SAGE,ENS,4,4,0.5595296621322632,0.5518536567687988,acc,results2/amazon_ratings/ensemble.csv
amazon-ratings,SAGE,ENS,5,4,0.5472807288169861,0.5507104396820068,acc,results2/amazon_ratings/ensemble.csv
amazon-ratings,SAGE,ENS,6,3,0.5549567341804504,0.552180290222168,acc,results2/amazon_ratings/ensemble.csv
amazon-ratings,SAGE,ENS,7,4,0.5459741950035095,0.5415645837783813,acc,results2/amazon_ratings/ensemble.csv
amazon-ratings,SAGE,ENS,8,3,0.549893856048584,0.5441777110099792,acc,results2/amazon_ratings/ensemble.csv
amazon-ratings,SAGE,ENS,9,4,0.5464641451835632,0.5505471229553223,acc,results2/amazon_ratings/ensemble.csv
amazon-ratings,GAT,ENS,0,1,0.5309488773345947,0.530458927154541,acc,results2/amazon_ratings/ensemble.csv
amazon-ratings,GAT,ENS,1,1,0.5317654609680176,0.535685122013092,acc,results2/amazon_ratings/ensemble.csv
amazon-ratings,GAT,ENS,2,1,0.5350318551063538,0.5345419049263,acc,results2/amazon_ratings/ensemble.csv
amazon-ratings,GAT,ENS,3,1,0.5404213666915894,0.5340519547462463,acc,results2/amazon_ratings/ensemble.csv
amazon-ratings,GAT,ENS,4,1,0.5312755107879639,0.5299689769744873,acc,results2/amazon_ratings/ensemble.csv
amazon-ratings,GAT,ENS,5,1,0.5389515161514282,0.5392781496047974,acc,results2/amazon_ratings/ensemble.csv
amazon-ratings,GAT,ENS,6,1,0.5441777110099792,0.5324187278747559,acc,results2/amazon_ratings/ensemble.csv
amazon-ratings,GAT,ENS,7,1,0.5227829217910767,0.5234362483024597,acc,results2/amazon_ratings/ensemble.csv
amazon-ratings,GAT,ENS,8,2,0.5307855606079102,0.5178833603858948,acc,results2/amazon_ratings/ensemble.csv
amazon-ratings,GAT,ENS,9,1,0.5407480001449585,0.5244161486625671,acc,results2/amazon_ratings/ensemble.csv
amazon-ratings,GAT-sep,ENS,0,2,0.5578964352607727,0.5613261461257935,acc,results2/amazon_ratings/ensemble.csv
amazon-ratings,GAT-sep,ENS,1,2,0.5621427297592163,0.5629593133926392,acc,results2/amazon_ratings/ensemble.csv
amazon-ratings,GAT-sep,ENS,2,2,0.5557733178138733,0.5595296621322632,acc,results2/amazon_ratings/ensemble.csv
amazon-ratings,GAT-sep,ENS,3,2,0.5611628293991089,0.5482606291770935,acc,results2/amazon_ratings/ensemble.csv
amazon-ratings,GAT-sep,ENS,4,2,0.5665523409843445,0.5567532181739807,acc,results2/amazon_ratings/ensemble.csv
amazon-ratings,GAT-sep,ENS,5,5,0.5534868240356445,0.5578964352607727,acc,results2/amazon_ratings/ensemble.csv
amazon-ratings,GAT-sep,ENS,6,2,0.558549702167511,0.5578964352607727,acc,results2/amazon_ratings/ensemble.csv
amazon-ratings,GAT-sep,ENS,7,2,0.5502204895019531,0.5536501407623291,acc,results2/amazon_ratings/ensemble.csv
amazon-ratings,GAT-sep,ENS,8,2,0.5580597519874573,0.5534868240356445,acc,results2/amazon_ratings/ensemble.csv
amazon-ratings,GAT-sep,ENS,9,5,0.5583863854408264,0.5466274619102478,acc,results2/amazon_ratings/ensemble.csv
amazon-ratings,GT,ENS,0,4,0.5482606291770935,0.5449942946434021,acc,results2/amazon_ratings/ensemble.csv
amazon-ratings,GT,ENS,1,4,0.5634492635726929,0.5529968738555908,acc,results2/amazon_ratings/ensemble.csv
amazon-ratings,GT,ENS,2,3,0.552180290222168,0.5512003898620605,acc,results2/amazon_ratings/ensemble.csv
amazon-ratings,GT,ENS,3,2,0.5531601905822754,0.5490772724151611,acc,results2/amazon_ratings/ensemble.csv
amazon-ratings,GT,ENS,4,2,0.5587130188941956,0.5538134574890137,acc,results2/amazon_ratings/ensemble.csv
amazon-ratings,GT,ENS,5,2,0.5464641451835632,0.5528335571289062,acc,results2/amazon_ratings/ensemble.csv
amazon-ratings,GT,ENS,6,2,0.5649191737174988,0.5598562955856323,acc,results2/amazon_ratings/ensemble.csv
amazon-ratings,GT,ENS,7,5,0.5469540953636169,0.5490772724151611,acc,results2/amazon_ratings/ensemble.csv
amazon-ratings,GT,ENS,8,5,0.556263267993927,0.5469540953636169,acc,results2/amazon_ratings/ensemble.csv
amazon-ratings,GT,ENS,9,5,0.5512003898620605,0.549893856048584,acc,results2/amazon_ratings/ensemble.csv
amazon-ratings,GT-sep,ENS,0,3,0.5516903400421143,0.5495672225952148,acc,results2/amazon_ratings/ensemble.csv
amazon-ratings,GT-sep,ENS,1,2,0.5569165349006653,0.5547934174537659,acc,results2/amazon_ratings/ensemble.csv
amazon-ratings,GT-sep,ENS,2,5,0.5525069236755371,0.5469540953636169,acc,results2/amazon_ratings/ensemble.csv
amazon-ratings,GT-sep,ENS,3,2,0.5520169734954834,0.552180290222168,acc,results2/amazon_ratings/ensemble.csv
amazon-ratings,GT-sep,ENS,4,3,0.5580597519874573,0.5476073622703552,acc,results2/amazon_ratings/ensemble.csv
amazon-ratings,GT-sep,ENS,5,5,0.5464641451835632,0.5420545339584351,acc,results2/amazon_ratings/ensemble.csv
amazon-ratings,GT-sep,ENS,6,5,0.558549702167511,0.5552833676338196,acc,results2/amazon_ratings/ensemble.csv
amazon-ratings,GT-sep,ENS,7,5,0.5451576113700867,0.5454842448234558,acc,results2/amazon_ratings/ensemble.csv
amazon-ratings,GT-sep,ENS,8,4,0.5503838062286377,0.5435243844985962,acc,results2/amazon_ratings/ensemble.csv
amazon-ratings,GT-sep,ENS,9,2,0.5539767742156982,0.552180290222168,acc,results2/amazon_ratings/ensemble.csv
amazon-ratings,ResNet,ENS,0,5,0.48423975706100464,0.5043279528617859,acc,results2/amazon_ratings/ensemble.csv
amazon-ratings,ResNet,ENS,1,4,0.49926507472991943,0.4968152940273285,acc,results2/amazon_ratings/ensemble.csv
amazon-ratings,ResNet,ENS,2,1,0.4909358024597168,0.49436551332473755,acc,results2/amazon_ratings/ensemble.csv
amazon-ratings,ResNet,ENS,3,2,0.504654586315155,0.5043279528617859,acc,results2/amazon_ratings/ensemble.csv
amazon-ratings,ResNet,ENS,4,1,0.4974685609340668,0.4883227050304413,acc,results2/amazon_ratings/ensemble.csv
amazon-ratings,ResNet,ENS,5,1,0.5038380026817322,0.48962926864624023,acc,results2/amazon_ratings/ensemble.csv
amazon-ratings,ResNet,ENS,6,2,0.5004082918167114,0.49485546350479126,acc,results2/amazon_ratings/ensemble.csv
amazon-ratings,ResNet,ENS,7,4,0.48587292432785034,0.4914257526397705,acc,results2/amazon_ratings/ensemble.csv
amazon-ratings,ResNet,ENS,8,4,0.4951820969581604,0.48636287450790405,acc,results2/amazon_ratings/ensemble.csv
amazon-ratings,ResNet,ENS,9,4,0.4984484612941742,0.5012248754501343,acc,results2/amazon_ratings/ensemble.csv
amazon-ratings,TAG,ENS,0,2,0.5317654609680176,0.5337253212928772,acc,results2/amazon_ratings/ensemble.csv
amazon-ratings,TAG,ENS,1,2,0.5420545339584351,0.5363383889198303,acc,results2/amazon_ratings/ensemble.csv
amazon-ratings,TAG,ENS,2,5,0.5337253212928772,0.5307855606079102,acc,results2/amazon_ratings/ensemble.csv
amazon-ratings,TAG,ENS,3,2,0.5412379503250122,0.5371549725532532,acc,results2/amazon_ratings/ensemble.csv
amazon-ratings,TAG,ENS,4,2,0.5487505793571472,0.5410746335983276,acc,results2/amazon_ratings/ensemble.csv
amazon-ratings,TAG,ENS,5,2,0.5389515161514282,0.5440143942832947,acc,results2/amazon_ratings/ensemble.csv
amazon-ratings,TAG,ENS,6,2,0.5430344343185425,0.5430344343185425,acc,results2/amazon_ratings/ensemble.csv
amazon-ratings,TAG,ENS,7,2,0.5291523933410645,0.532745361328125,acc,results2/amazon_ratings/ensemble.csv
amazon-ratings,TAG,ENS,8,3,0.5386248230934143,0.537971556186676,acc,results2/amazon_ratings/ensemble.csv
amazon-ratings,TAG,ENS,9,2,0.5392781496047974,0.5353584885597229,acc,results2/amazon_ratings/ensemble.csv
amazon-ratings,GCN,GNNM,0,3,0.5044912695884705,0.49109911918640137,acc,results2/amazon_ratings/tabm.csv
amazon-ratings,GCN,GNNM,1,2,0.5023680925369263,0.4946921467781067,acc,results2/amazon_ratings/tabm.csv
amazon-ratings,GCN,GNNM,2,3,0.5018781423568726,0.4982851445674896,acc,results2/amazon_ratings/tabm.csv
amazon-ratings,GCN,GNNM,3,2,0.5157602429389954,0.5013881921768188,acc,results2/amazon_ratings/tabm.csv
amazon-ratings,GCN,GNNM,4,2,0.5131471157073975,0.5033480525016785,acc,results2/amazon_ratings/tabm.csv
amazon-ratings,GCN,GNNM,5,2,0.5170667767524719,0.51216721534729,acc,results2/amazon_ratings/tabm.csv
amazon-ratings,GCN,GNNM,6,2,0.5147803425788879,0.5000816583633423,acc,results2/amazon_ratings/tabm.csv
amazon-ratings,GCN,GNNM,7,2,0.5036746859550476,0.499428391456604,acc,results2/amazon_ratings/tabm.csv
amazon-ratings,GCN,GNNM,8,1,0.5066143870353699,0.49338558316230774,acc,results2/amazon_ratings/tabm.csv
amazon-ratings,GCN,GNNM,9,2,0.5085742473602295,0.5038380026817322,acc,results2/amazon_ratings/tabm.csv
amazon-ratings,SAGE,GNNM,0,2,0.5518536567687988,0.5590396523475647,acc,results2/amazon_ratings/tabm.csv
amazon-ratings,SAGE,GNNM,1,2,0.5598562955856323,0.5512003898620605,acc,results2/amazon_ratings/tabm.csv
amazon-ratings,SAGE,GNNM,2,4,0.5583863854408264,0.5546301007270813,acc,results2/amazon_ratings/tabm.csv
amazon-ratings,SAGE,GNNM,3,3,0.5611628293991089,0.5503838062286377,acc,results2/amazon_ratings/tabm.csv
amazon-ratings,SAGE,GNNM,4,2,0.567858874797821,0.5515270233154297,acc,results2/amazon_ratings/tabm.csv
amazon-ratings,SAGE,GNNM,5,3,0.5543034672737122,0.5611628293991089,acc,results2/amazon_ratings/tabm.csv
amazon-ratings,SAGE,GNNM,6,3,0.5688387751579285,0.5606728792190552,acc,results2/amazon_ratings/tabm.csv
amazon-ratings,SAGE,GNNM,7,3,0.5523436069488525,0.5490772724151611,acc,results2/amazon_ratings/tabm.csv
amazon-ratings,SAGE,GNNM,8,4,0.5598562955856323,0.5484239459037781,acc,results2/amazon_ratings/tabm.csv
amazon-ratings,SAGE,GNNM,9,4,0.5556100010871887,0.5547934174537659,acc,results2/amazon_ratings/tabm.csv
amazon-ratings,GAT,GNNM,0,1,0.5340519547462463,0.5350318551063538,acc,results2/amazon_ratings/tabm.csv
amazon-ratings,GAT,GNNM,1,1,0.5271925330162048,0.5239261984825134,acc,results2/amazon_ratings/tabm.csv
amazon-ratings,GAT,GNNM,2,1,0.5330719947814941,0.5353584885597229,acc,results2/amazon_ratings/tabm.csv
amazon-ratings,GAT,GNNM,3,1,0.5351951718330383,0.5280091166496277,acc,results2/amazon_ratings/tabm.csv
amazon-ratings,GAT,GNNM,4,1,0.5399314165115356,0.5283357501029968,acc,results2/amazon_ratings/tabm.csv
amazon-ratings,GAT,GNNM,5,1,0.5397680997848511,0.5330719947814941,acc,results2/amazon_ratings/tabm.csv
amazon-ratings,GAT,GNNM,6,1,0.5402580499649048,0.5262126326560974,acc,results2/amazon_ratings/tabm.csv
amazon-ratings,GAT,GNNM,7,1,0.5183733701705933,0.521149754524231,acc,results2/amazon_ratings/tabm.csv
amazon-ratings,GAT,GNNM,8,1,0.535685122013092,0.5273558497428894,acc,results2/amazon_ratings/tabm.csv
amazon-ratings,GAT,GNNM,9,1,0.5366650223731995,0.5307855606079102,acc,results2/amazon_ratings/tabm.csv
amazon-ratings,GAT-sep,GNNM,0,3,0.5623060464859009,0.5582230687141418,acc,results2/amazon_ratings/tabm.csv
amazon-ratings,GAT-sep,GNNM,1,2,0.5629593133926392,0.5556100010871887,acc,results2/amazon_ratings/tabm.csv
amazon-ratings,GAT-sep,GNNM,2,2,0.5660623908042908,0.5587130188941956,acc,results2/amazon_ratings/tabm.csv
amazon-ratings,GAT-sep,GNNM,3,2,0.5621427297592163,0.5583863854408264,acc,results2/amazon_ratings/tabm.csv
amazon-ratings,GAT-sep,GNNM,4,4,0.5732483863830566,0.5575698018074036,acc,results2/amazon_ratings/tabm.csv
amazon-ratings,GAT-sep,GNNM,5,4,0.5570798516273499,0.5596929788589478,acc,results2/amazon_ratings/tabm.csv
amazon-ratings,GAT-sep,GNNM,6,5,0.5707986354827881,0.5658990740776062,acc,results2/amazon_ratings/tabm.csv
amazon-ratings,GAT-sep,GNNM,7,3,0.5552833676338196,0.5606728792190552,acc,results2/amazon_ratings/tabm.csv
amazon-ratings,GAT-sep,GNNM,8,2,0.5634492635726929,0.5531601905822754,acc,results2/amazon_ratings/tabm.csv
amazon-ratings,GAT-sep,GNNM,9,4,0.559203028678894,0.5485872626304626,acc,results2/amazon_ratings/tabm.csv
amazon-ratings,GT,GNNM,0,4,0.5582230687141418,0.5546301007270813,acc,results2/amazon_ratings/tabm.csv
amazon-ratings,GT,GNNM,1,2,0.5642658472061157,0.5611628293991089,acc,results2/amazon_ratings/tabm.csv
amazon-ratings,GT,GNNM,2,3,0.5598562955856323,0.5544667840003967,acc,results2/amazon_ratings/tabm.csv
amazon-ratings,GT,GNNM,3,2,0.5583863854408264,0.5484239459037781,acc,results2/amazon_ratings/tabm.csv
amazon-ratings,GT,GNNM,4,3,0.5611628293991089,0.5621427297592163,acc,results2/amazon_ratings/tabm.csv
amazon-ratings,GT,GNNM,5,5,0.5582230687141418,0.5583863854408264,acc,results2/amazon_ratings/tabm.csv
amazon-ratings,GT,GNNM,6,2,0.5670422911643982,0.5582230687141418,acc,results2/amazon_ratings/tabm.csv
amazon-ratings,GT,GNNM,7,2,0.5508737564086914,0.5512003898620605,acc,results2/amazon_ratings/tabm.csv
amazon-ratings,GT,GNNM,8,3,0.5605095624923706,0.5518536567687988,acc,results2/amazon_ratings/tabm.csv
amazon-ratings,GT,GNNM,9,4,0.5547934174537659,0.5523436069488525,acc,results2/amazon_ratings/tabm.csv
amazon-ratings,GT-sep,GNNM,0,3,0.5580597519874573,0.557406485080719,acc,results2/amazon_ratings/tabm.csv
amazon-ratings,GT-sep,GNNM,1,2,0.5652458071708679,0.5536501407623291,acc,results2/amazon_ratings/tabm.csv
amazon-ratings,GT-sep,GNNM,2,4,0.5598562955856323,0.5534868240356445,acc,results2/amazon_ratings/tabm.csv
amazon-ratings,GT-sep,GNNM,3,5,0.5564265847206116,0.5428711175918579,acc,results2/amazon_ratings/tabm.csv
amazon-ratings,GT-sep,GNNM,4,3,0.5650824904441833,0.5531601905822754,acc,results2/amazon_ratings/tabm.csv
amazon-ratings,GT-sep,GNNM,5,3,0.559203028678894,0.5554466843605042,acc,results2/amazon_ratings/tabm.csv
amazon-ratings,GT-sep,GNNM,6,2,0.5714519023895264,0.5590396523475647,acc,results2/amazon_ratings/tabm.csv
amazon-ratings,GT-sep,GNNM,7,2,0.5515270233154297,0.5512003898620605,acc,results2/amazon_ratings/tabm.csv
amazon-ratings,GT-sep,GNNM,8,3,0.5606728792190552,0.5480973124504089,acc,results2/amazon_ratings/tabm.csv
amazon-ratings,GT-sep,GNNM,9,3,0.5609995126724243,0.5575698018074036,acc,results2/amazon_ratings/tabm.csv
amazon-ratings,ResNet,GNNM,0,4,0.488812655210495,0.4999183416366577,acc,results2/amazon_ratings/tabm.csv
amazon-ratings,ResNet,GNNM,1,5,0.4924056828022003,0.4937122166156769,acc,results2/amazon_ratings/tabm.csv
amazon-ratings,ResNet,GNNM,2,5,0.49436551332473755,0.4935488998889923,acc,results2/amazon_ratings/tabm.csv
amazon-ratings,ResNet,GNNM,3,3,0.503511369228363,0.49126243591308594,acc,results2/amazon_ratings/tabm.csv
amazon-ratings,ResNet,GNNM,4,4,0.503511369228363,0.499428391456604,acc,results2/amazon_ratings/tabm.csv
amazon-ratings,ResNet,GNNM,5,5,0.5077576041221619,0.4951820969581604,acc,results2/amazon_ratings/tabm.csv
amazon-ratings,ResNet,GNNM,6,3,0.5067777037620544,0.4956720471382141,acc,results2/amazon_ratings/tabm.csv
amazon-ratings,ResNet,GNNM,7,5,0.48848602175712585,0.49534541368484497,acc,results2/amazon_ratings/tabm.csv
amazon-ratings,ResNet,GNNM,8,5,0.49273231625556946,0.4834231436252594,acc,results2/amazon_ratings/tabm.csv
amazon-ratings,ResNet,GNNM,9,3,0.49175241589546204,0.4968152940273285,acc,results2/amazon_ratings/tabm.csv
amazon-ratings,TAG,GNNM,0,2,0.5466274619102478,0.5324187278747559,acc,results2/amazon_ratings/tabm.csv
amazon-ratings,TAG,GNNM,1,1,0.544667661190033,0.5396047830581665,acc,results2/amazon_ratings/tabm.csv
amazon-ratings,TAG,GNNM,2,1,0.5436877012252808,0.5392781496047974,acc,results2/amazon_ratings/tabm.csv
amazon-ratings,TAG,GNNM,3,2,0.5469540953636169,0.5387881994247437,acc,results2/amazon_ratings/tabm.csv
amazon-ratings,TAG,GNNM,4,2,0.5490772724151611,0.5381348729133606,acc,results2/amazon_ratings/tabm.csv
amazon-ratings,TAG,GNNM,5,2,0.5400947332382202,0.5433610677719116,acc,results2/amazon_ratings/tabm.csv
amazon-ratings,TAG,GNNM,6,2,0.5454842448234558,0.5438510775566101,acc,results2/amazon_ratings/tabm.csv
amazon-ratings,TAG,GNNM,7,2,0.5343785881996155,0.5394414663314819,acc,results2/amazon_ratings/tabm.csv
amazon-ratings,TAG,GNNM,8,3,0.5436877012252808,0.5320920944213867,acc,results2/amazon_ratings/tabm.csv
amazon-ratings,TAG,GNNM,9,3,0.5373182892799377,0.535685122013092,acc,results2/amazon_ratings/tabm.csv
minesweeper,GCN,BASE,0,2,0.8825930000000001,0.897009,roc_auc,results/minesweeper/base.csv
minesweeper,GCN,BASE,1,4,0.9081359999999999,0.898969,roc_auc,results/minesweeper/base.csv
minesweeper,GCN,BASE,2,2,0.8915599999999999,0.8957249999999999,roc_auc,results/minesweeper/base.csv
minesweeper,GCN,BASE,3,4,0.8854569999999999,0.8918380000000001,roc_auc,results/minesweeper/base.csv
minesweeper,GCN,BASE,4,4,0.8916890000000001,0.8937729999999999,roc_auc,results/minesweeper/base.csv
minesweeper,GCN,BASE,5,2,0.8920680000000001,0.903737,roc_auc,results/minesweeper/base.csv
minesweeper,GCN,BASE,6,2,0.916045,0.885437,roc_auc,results/minesweeper/base.csv
minesweeper,GCN,BASE,7,2,0.8905940000000001,0.893604,roc_auc,results/minesweeper/base.csv
minesweeper,GCN,BASE,8,5,0.9036360000000001,0.9034829999999999,roc_auc,results/minesweeper/base.csv
minesweeper,GCN,BASE,9,4,0.8862909999999999,0.9006860000000001,roc_auc,results/minesweeper/base.csv
minesweeper,SAGE,BASE,0,5,0.927684,0.9420660000000001,roc_auc,results/minesweeper/base.csv
minesweeper,SAGE,BASE,1,5,0.940926,0.9422040000000002,roc_auc,results/minesweeper/base.csv
minesweeper,SAGE,BASE,2,5,0.93719,0.941347,roc_auc,results/minesweeper/base.csv
minesweeper,SAGE,BASE,3,5,0.936014,0.931058,roc_auc,results/minesweeper/base.csv
minesweeper,SAGE,BASE,4,5,0.9389409999999999,0.9360850000000001,roc_auc,results/minesweeper/base.csv
minesweeper,SAGE,BASE,5,5,0.928134,0.93684,roc_auc,results/minesweeper/base.csv
minesweeper,SAGE,BASE,6,5,0.942324,0.92476,roc_auc,results/minesweeper/base.csv
minesweeper,SAGE,BASE,7,5,0.9399190000000001,0.9425569999999999,roc_auc,results/minesweeper/base.csv
minesweeper,SAGE,BASE,8,5,0.93842,0.936663,roc_auc,results/minesweeper/base.csv
minesweeper,SAGE,BASE,9,5,0.9336909999999999,0.938842,roc_auc,results/minesweeper/base.csv
minesweeper,GAT,BASE,0,5,0.914395,0.922925,roc_auc,results/minesweeper/base.csv
minesweeper,GAT,BASE,1,5,0.920701,0.9293329999999999,roc_auc,results/minesweeper/base.csv
minesweeper,GAT,BASE,2,4,0.9187390000000002,0.92391,roc_auc,results/minesweeper/base.csv
minesweeper,GAT,BASE,3,5,0.913729,0.9180689999999999,roc_auc,results/minesweeper/base.csv
minesweeper,GAT,BASE,4,4,0.923454,0.92577,roc_auc,results/minesweeper/base.csv
minesweeper,GAT,BASE,5,5,0.9163540000000001,0.923172,roc_auc,results/minesweeper/base.csv
minesweeper,GAT,BASE,6,5,0.936324,0.913965,roc_auc,results/minesweeper/base.csv
minesweeper,GAT,BASE,7,5,0.926215,0.9197360000000001,roc_auc,results/minesweeper/base.csv
minesweeper,GAT,BASE,8,5,0.925258,0.9283000000000001,roc_auc,results/minesweeper/base.csv
minesweeper,GAT,BASE,9,5,0.915457,0.930327,roc_auc,results/minesweeper/base.csv
minesweeper,GAT-sep,BASE,0,5,0.927541,0.9372309999999999,roc_auc,results/minesweeper/base.csv
minesweeper,GAT-sep,BASE,1,5,0.936668,0.935054,roc_auc,results/minesweeper/base.csv
minesweeper,GAT-sep,BASE,2,5,0.929415,0.9315570000000001,roc_auc,results/minesweeper/base.csv
minesweeper,GAT-sep,BASE,3,5,0.9293359999999999,0.9307059999999999,roc_auc,results/minesweeper/base.csv
minesweeper,GAT-sep,BASE,4,5,0.935941,0.937022,roc_auc,results/minesweeper/base.csv
minesweeper,GAT-sep,BASE,5,5,0.9306929999999999,0.9358049999999999,roc_auc,results/minesweeper/base.csv
minesweeper,GAT-sep,BASE,6,5,0.9374530000000001,0.921436,roc_auc,results/minesweeper/base.csv
minesweeper,GAT-sep,BASE,7,5,0.933122,0.938564,roc_auc,results/minesweeper/base.csv
minesweeper,GAT-sep,BASE,8,5,0.934211,0.9370839999999999,roc_auc,results/minesweeper/base.csv
minesweeper,GAT-sep,BASE,9,5,0.928497,0.9346129999999999,roc_auc,results/minesweeper/base.csv
minesweeper,GT,BASE,0,5,0.9152089999999999,0.9259579999999998,roc_auc,results/minesweeper/base.csv
minesweeper,GT,BASE,1,5,0.9269250000000001,0.922034,roc_auc,results/minesweeper/base.csv
minesweeper,GT,BASE,2,5,0.924311,0.920565,roc_auc,results/minesweeper/base.csv
minesweeper,GT,BASE,3,4,0.917627,0.920151,roc_auc,results/minesweeper/base.csv
minesweeper,GT,BASE,4,5,0.9293020000000001,0.9263560000000001,roc_auc,results/minesweeper/base.csv
minesweeper,GT,BASE,5,5,0.9212349999999999,0.9266559999999999,roc_auc,results/minesweeper/base.csv
minesweeper,GT,BASE,6,5,0.932204,0.9126599999999999,roc_auc,results/minesweeper/base.csv
minesweeper,GT,BASE,7,4,0.9222489999999999,0.9253799999999999,roc_auc,results/minesweeper/base.csv
minesweeper,GT,BASE,8,5,0.917189,0.9182760000000001,roc_auc,results/minesweeper/base.csv
minesweeper,GT,BASE,9,5,0.923697,0.9323830000000001,roc_auc,results/minesweeper/base.csv
minesweeper,GT-sep,BASE,0,5,0.913351,0.920838,roc_auc,results/minesweeper/base.csv
minesweeper,GT-sep,BASE,1,5,0.923952,0.9198459999999999,roc_auc,results/minesweeper/base.csv
minesweeper,GT-sep,BASE,2,5,0.918609,0.913286,roc_auc,results/minesweeper/base.csv
minesweeper,GT-sep,BASE,3,5,0.9139990000000001,0.9194819999999999,roc_auc,results/minesweeper/base.csv
minesweeper,GT-sep,BASE,4,5,0.927289,0.925855,roc_auc,results/minesweeper/base.csv
minesweeper,GT-sep,BASE,5,5,0.9197459999999998,0.92763,roc_auc,results/minesweeper/base.csv
minesweeper,GT-sep,BASE,6,4,0.928617,0.9061139999999999,roc_auc,results/minesweeper/base.csv
minesweeper,GT-sep,BASE,7,5,0.9218,0.9232649999999999,roc_auc,results/minesweeper/base.csv
minesweeper,GT-sep,BASE,8,5,0.916377,0.918945,roc_auc,results/minesweeper/base.csv
minesweeper,GT-sep,BASE,9,5,0.918825,0.9243169999999999,roc_auc,results/minesweeper/base.csv
minesweeper,ResNet,BASE,0,4,0.5185639999999999,0.507489,roc_auc,results/minesweeper/base.csv
minesweeper,ResNet,BASE,1,4,0.520923,0.5163584999999999,roc_auc,results/minesweeper/base.csv
minesweeper,ResNet,BASE,2,3,0.5128649999999999,0.524655,roc_auc,results/minesweeper/base.csv
minesweeper,ResNet,BASE,3,1,0.5258695,0.5195734999999999,roc_auc,results/minesweeper/base.csv
minesweeper,ResNet,BASE,4,4,0.521126,0.4960645,roc_auc,results/minesweeper/base.csv
minesweeper,ResNet,BASE,5,2,0.5371925,0.49721550000000003,roc_auc,results/minesweeper/base.csv
minesweeper,ResNet,BASE,6,3,0.518818,0.4945650000000001,roc_auc,results/minesweeper/base.csv
minesweeper,ResNet,BASE,7,2,0.517722,0.513856,roc_auc,results/minesweeper/base.csv
minesweeper,ResNet,BASE,8,5,0.5354485,0.486877,roc_auc,results/minesweeper/base.csv
minesweeper,ResNet,BASE,9,2,0.5242519999999999,0.5122820000000001,roc_auc,results/minesweeper/base.csv
minesweeper,TAG,BASE,0,5,0.9298730000000001,0.942631,roc_auc,results/minesweeper/base.csv
minesweeper,TAG,BASE,1,5,0.9411200000000001,0.9414039999999999,roc_auc,results/minesweeper/base.csv
minesweeper,TAG,BASE,2,5,0.940509,0.945696,roc_auc,results/minesweeper/base.csv
minesweeper,TAG,BASE,3,4,0.935309,0.936086,roc_auc,results/minesweeper/base.csv
minesweeper,TAG,BASE,4,5,0.946182,0.93846,roc_auc,results/minesweeper/base.csv
minesweeper,TAG,BASE,5,5,0.934324,0.940287,roc_auc,results/minesweeper/base.csv
minesweeper,TAG,BASE,6,5,0.9458709999999999,0.9260809999999999,roc_auc,results/minesweeper/base.csv
minesweeper,TAG,BASE,7,5,0.945066,0.946203,roc_auc,results/minesweeper/base.csv
minesweeper,TAG,BASE,8,5,0.941185,0.9418930000000001,roc_auc,results/minesweeper/base.csv
minesweeper,TAG,BASE,9,5,0.93666,0.941511,roc_auc,results/minesweeper/base.csv
minesweeper,GCN,ENS,0,2,0.8829020000000002,0.897745,roc_auc,results/minesweeper/ensemble.csv
minesweeper,GCN,ENS,1,4,0.910746,0.901618,roc_auc,results/minesweeper/ensemble.csv
minesweeper,GCN,ENS,2,4,0.8958740000000001,0.9044659999999999,roc_auc,results/minesweeper/ensemble.csv
minesweeper,GCN,ENS,3,4,0.884984,0.891804,roc_auc,results/minesweeper/ensemble.csv
minesweeper,GCN,ENS,4,4,0.8967470000000001,0.897092,roc_auc,results/minesweeper/ensemble.csv
minesweeper,GCN,ENS,5,3,0.890575,0.9035870000000001,roc_auc,results/minesweeper/ensemble.csv
minesweeper,GCN,ENS,6,2,0.918129,0.8900990000000001,roc_auc,results/minesweeper/ensemble.csv
minesweeper,GCN,ENS,7,2,0.890354,0.8936710000000001,roc_auc,results/minesweeper/ensemble.csv
minesweeper,GCN,ENS,8,5,0.904175,0.904976,roc_auc,results/minesweeper/ensemble.csv
minesweeper,GCN,ENS,9,4,0.890642,0.905243,roc_auc,results/minesweeper/ensemble.csv
minesweeper,SAGE,ENS,0,5,0.928655,0.942741,roc_auc,results/minesweeper/ensemble.csv
minesweeper,SAGE,ENS,1,5,0.9422110000000001,0.94252,roc_auc,results/minesweeper/ensemble.csv
minesweeper,SAGE,ENS,2,5,0.937769,0.9428580000000001,roc_auc,results/minesweeper/ensemble.csv
minesweeper,SAGE,ENS,3,5,0.9363800000000001,0.932529,roc_auc,results/minesweeper/ensemble.csv
minesweeper,SAGE,ENS,4,5,0.9407310000000001,0.93688,roc_auc,results/minesweeper/ensemble.csv
minesweeper,SAGE,ENS,5,5,0.927766,0.938714,roc_auc,results/minesweeper/ensemble.csv
minesweeper,SAGE,ENS,6,5,0.9435830000000001,0.929311,roc_auc,results/minesweeper/ensemble.csv
minesweeper,SAGE,ENS,7,4,0.939088,0.9420359999999999,roc_auc,results/minesweeper/ensemble.csv
minesweeper,SAGE,ENS,8,5,0.940116,0.938374,roc_auc,results/minesweeper/ensemble.csv
minesweeper,SAGE,ENS,9,5,0.935528,0.941417,roc_auc,results/minesweeper/ensemble.csv
minesweeper,GAT,ENS,0,4,0.917384,0.9255400000000001,roc_auc,results/minesweeper/ensemble.csv
minesweeper,GAT,ENS,1,5,0.928518,0.931982,roc_auc,results/minesweeper/ensemble.csv
minesweeper,GAT,ENS,2,4,0.922178,0.9227739999999999,roc_auc,results/minesweeper/ensemble.csv
minesweeper,GAT,ENS,3,5,0.9195289999999999,0.9252800000000001,roc_auc,results/minesweeper/ensemble.csv
minesweeper,GAT,ENS,4,5,0.930875,0.9307570000000001,roc_auc,results/minesweeper/ensemble.csv
minesweeper,GAT,ENS,5,4,0.917775,0.9242960000000001,roc_auc,results/minesweeper/ensemble.csv
minesweeper,GAT,ENS,6,5,0.937643,0.9171630000000001,roc_auc,results/minesweeper/ensemble.csv
minesweeper,GAT,ENS,7,5,0.929697,0.9265599999999999,roc_auc,results/minesweeper/ensemble.csv
minesweeper,GAT,ENS,8,5,0.9278759999999999,0.9343579999999999,roc_auc,results/minesweeper/ensemble.csv
minesweeper,GAT,ENS,9,5,0.9226509999999999,0.938127,roc_auc,results/minesweeper/ensemble.csv
minesweeper,GAT-sep,ENS,0,5,0.928411,0.9399660000000001,roc_auc,results/minesweeper/ensemble.csv
minesweeper,GAT-sep,ENS,1,5,0.936602,0.9366180000000001,roc_auc,results/minesweeper/ensemble.csv
minesweeper,GAT-sep,ENS,2,5,0.933557,0.9354070000000001,roc_auc,results/minesweeper/ensemble.csv
minesweeper,GAT-sep,ENS,3,5,0.929414,0.932306,roc_auc,results/minesweeper/ensemble.csv
minesweeper,GAT-sep,ENS,4,5,0.937214,0.9376140000000001,roc_auc,results/minesweeper/ensemble.csv
minesweeper,GAT-sep,ENS,5,5,0.9342439999999999,0.93988,roc_auc,results/minesweeper/ensemble.csv
minesweeper,GAT-sep,ENS,6,5,0.942493,0.9280909999999999,roc_auc,results/minesweeper/ensemble.csv
minesweeper,GAT-sep,ENS,7,5,0.9378130000000001,0.939709,roc_auc,results/minesweeper/ensemble.csv
minesweeper,GAT-sep,ENS,8,5,0.9344930000000001,0.9379569999999999,roc_auc,results/minesweeper/ensemble.csv
minesweeper,GAT-sep,ENS,9,5,0.9336519999999999,0.9434370000000001,roc_auc,results/minesweeper/ensemble.csv
minesweeper,GT,ENS,0,5,0.919161,0.927727,roc_auc,results/minesweeper/ensemble.csv
minesweeper,GT,ENS,1,5,0.929809,0.92879,roc_auc,results/minesweeper/ensemble.csv
minesweeper,GT,ENS,2,5,0.9262319999999998,0.923379,roc_auc,results/minesweeper/ensemble.csv
minesweeper,GT,ENS,3,5,0.9212899999999999,0.92476,roc_auc,results/minesweeper/ensemble.csv
minesweeper,GT,ENS,4,5,0.9307380000000001,0.925724,roc_auc,results/minesweeper/ensemble.csv
minesweeper,GT,ENS,5,5,0.923948,0.930035,roc_auc,results/minesweeper/ensemble.csv
minesweeper,GT,ENS,6,5,0.932271,0.914189,roc_auc,results/minesweeper/ensemble.csv
minesweeper,GT,ENS,7,5,0.924677,0.9302450000000001,roc_auc,results/minesweeper/ensemble.csv
minesweeper,GT,ENS,8,5,0.918959,0.919984,roc_auc,results/minesweeper/ensemble.csv
minesweeper,GT,ENS,9,5,0.9257089999999999,0.9342570000000001,roc_auc,results/minesweeper/ensemble.csv
minesweeper,GT-sep,ENS,0,5,0.917741,0.9238939999999999,roc_auc,results/minesweeper/ensemble.csv
minesweeper,GT-sep,ENS,1,5,0.9272210000000001,0.922833,roc_auc,results/minesweeper/ensemble.csv
minesweeper,GT-sep,ENS,2,5,0.9273780000000001,0.9217519999999999,roc_auc,results/minesweeper/ensemble.csv
minesweeper,GT-sep,ENS,3,5,0.918334,0.9223429999999999,roc_auc,results/minesweeper/ensemble.csv
minesweeper,GT-sep,ENS,4,5,0.9274359999999999,0.926629,roc_auc,results/minesweeper/ensemble.csv
minesweeper,GT-sep,ENS,5,5,0.922526,0.932929,roc_auc,results/minesweeper/ensemble.csv
minesweeper,GT-sep,ENS,6,5,0.9334429999999999,0.9159160000000001,roc_auc,results/minesweeper/ensemble.csv
minesweeper,GT-sep,ENS,7,5,0.922752,0.9299580000000001,roc_auc,results/minesweeper/ensemble.csv
minesweeper,GT-sep,ENS,8,5,0.919596,0.920744,roc_auc,results/minesweeper/ensemble.csv
minesweeper,GT-sep,ENS,9,5,0.921762,0.9311130000000001,roc_auc,results/minesweeper/ensemble.csv
minesweeper,ResNet,ENS,0,5,0.515953,0.521903,roc_auc,results/minesweeper/ensemble.csv
minesweeper,ResNet,ENS,1,3,0.520923,0.5163584999999999,roc_auc,results/minesweeper/ensemble.csv
minesweeper,ResNet,ENS,2,2,0.512718,0.5123610000000001,roc_auc,results/minesweeper/ensemble.csv
minesweeper,ResNet,ENS,3,3,0.5220585,0.5218935,roc_auc,results/minesweeper/ensemble.csv
minesweeper,ResNet,ENS,4,2,0.5211239999999999,0.5007495,roc_auc,results/minesweeper/ensemble.csv
minesweeper,ResNet,ENS,5,2,0.5329485,0.49895449999999997,roc_auc,results/minesweeper/ensemble.csv
minesweeper,ResNet,ENS,6,4,0.5168459999999999,0.503409,roc_auc,results/minesweeper/ensemble.csv
minesweeper,ResNet,ENS,7,1,0.5199999999999999,0.5195379999999999,roc_auc,results/minesweeper/ensemble.csv
minesweeper,ResNet,ENS,8,2,0.5353975,0.487908,roc_auc,results/minesweeper/ensemble.csv
minesweeper,ResNet,ENS,9,3,0.5242519999999999,0.5122820000000001,roc_auc,results/minesweeper/ensemble.csv
minesweeper,TAG,ENS,0,5,0.929868,0.9434150000000001,roc_auc,results/minesweeper/ensemble.csv
minesweeper,TAG,ENS,1,5,0.9430459999999999,0.94432,roc_auc,results/minesweeper/ensemble.csv
minesweeper,TAG,ENS,2,5,0.9420759999999999,0.9462239999999998,roc_auc,results/minesweeper/ensemble.csv
minesweeper,TAG,ENS,3,5,0.9355760000000001,0.9380339999999999,roc_auc,results/minesweeper/ensemble.csv
minesweeper,TAG,ENS,4,5,0.9453510000000002,0.938961,roc_auc,results/minesweeper/ensemble.csv
minesweeper,TAG,ENS,5,5,0.933562,0.9411889999999999,roc_auc,results/minesweeper/ensemble.csv
minesweeper,TAG,ENS,6,4,0.9477709999999999,0.9271630000000001,roc_auc,results/minesweeper/ensemble.csv
minesweeper,TAG,ENS,7,5,0.9435239999999999,0.944278,roc_auc,results/minesweeper/ensemble.csv
minesweeper,TAG,ENS,8,5,0.94182,0.945344,roc_auc,results/minesweeper/ensemble.csv
minesweeper,TAG,ENS,9,5,0.939352,0.9450719999999999,roc_auc,results/minesweeper/ensemble.csv
minesweeper,GCN,GNNM,0,4,0.8678359999999999,0.888682,roc_auc,results/minesweeper/tabm.csv
minesweeper,GCN,GNNM,1,4,0.893336,0.887758,roc_auc,results/minesweeper/tabm.csv
minesweeper,GCN,GNNM,2,4,0.881457,0.880584,roc_auc,results/minesweeper/tabm.csv
minesweeper,GCN,GNNM,3,4,0.8724409999999999,0.882981,roc_auc,results/minesweeper/tabm.csv
minesweeper,GCN,GNNM,4,4,0.8849389999999999,0.882829,roc_auc,results/minesweeper/tabm.csv
minesweeper,GCN,GNNM,5,4,0.8825719999999999,0.8953590000000001,roc_auc,results/minesweeper/tabm.csv
minesweeper,GCN,GNNM,6,3,0.907779,0.8823189999999999,roc_auc,results/minesweeper/tabm.csv
minesweeper,GCN,GNNM,7,5,0.8824889999999999,0.8838630000000001,roc_auc,results/minesweeper/tabm.csv
minesweeper,GCN,GNNM,8,4,0.895648,0.892233,roc_auc,results/minesweeper/tabm.csv
minesweeper,GCN,GNNM,9,4,0.877504,0.900513,roc_auc,results/minesweeper/tabm.csv
minesweeper,SAGE,GNNM,0,5,0.928637,0.942642,roc_auc,results/minesweeper/tabm.csv
minesweeper,SAGE,GNNM,1,5,0.943142,0.9428380000000002,roc_auc,results/minesweeper/tabm.csv
minesweeper,SAGE,GNNM,2,5,0.940155,0.944789,roc_auc,results/minesweeper/tabm.csv
minesweeper,SAGE,GNNM,3,5,0.937127,0.933622,roc_auc,results/minesweeper/tabm.csv
minesweeper,SAGE,GNNM,4,5,0.9375090000000001,0.93701,roc_auc,results/minesweeper/tabm.csv
minesweeper,SAGE,GNNM,5,5,0.9327379999999998,0.9403689999999999,roc_auc,results/minesweeper/tabm.csv
minesweeper,SAGE,GNNM,6,5,0.9482409999999999,0.9307630000000001,roc_auc,results/minesweeper/tabm.csv
minesweeper,SAGE,GNNM,7,5,0.9419639999999999,0.9440749999999999,roc_auc,results/minesweeper/tabm.csv
minesweeper,SAGE,GNNM,8,5,0.9394579999999999,0.939523,roc_auc,results/minesweeper/tabm.csv
minesweeper,SAGE,GNNM,9,5,0.9342440000000001,0.9453070000000001,roc_auc,results/minesweeper/tabm.csv
minesweeper,GAT,GNNM,0,3,0.900828,0.906822,roc_auc,results/minesweeper/tabm.csv
minesweeper,GAT,GNNM,1,4,0.9179989999999999,0.9190790000000001,roc_auc,results/minesweeper/tabm.csv
minesweeper,GAT,GNNM,2,4,0.908731,0.9088569999999999,roc_auc,results/minesweeper/tabm.csv
minesweeper,GAT,GNNM,3,4,0.903736,0.9088550000000001,roc_auc,results/minesweeper/tabm.csv
minesweeper,GAT,GNNM,4,4,0.9052600000000001,0.9054740000000001,roc_auc,results/minesweeper/tabm.csv
minesweeper,GAT,GNNM,5,3,0.909179,0.918506,roc_auc,results/minesweeper/tabm.csv
minesweeper,GAT,GNNM,6,5,0.9247540000000001,0.899388,roc_auc,results/minesweeper/tabm.csv
minesweeper,GAT,GNNM,7,4,0.9056230000000001,0.9034410000000002,roc_auc,results/minesweeper/tabm.csv
minesweeper,GAT,GNNM,8,4,0.914681,0.9177169999999999,roc_auc,results/minesweeper/tabm.csv
minesweeper,GAT,GNNM,9,4,0.9007210000000001,0.9224559999999999,roc_auc,results/minesweeper/tabm.csv
minesweeper,GAT-sep,GNNM,0,5,0.9311579999999999,0.9397679999999999,roc_auc,results/minesweeper/tabm.csv
minesweeper,GAT-sep,GNNM,1,5,0.9421959999999999,0.943061,roc_auc,results/minesweeper/tabm.csv
minesweeper,GAT-sep,GNNM,2,5,0.9312579999999999,0.9361970000000001,roc_auc,results/minesweeper/tabm.csv
minesweeper,GAT-sep,GNNM,3,5,0.9341320000000001,0.9358430000000001,roc_auc,results/minesweeper/tabm.csv
minesweeper,GAT-sep,GNNM,4,5,0.9344630000000002,0.934453,roc_auc,results/minesweeper/tabm.csv
minesweeper,GAT-sep,GNNM,5,5,0.9340329999999999,0.9376369999999999,roc_auc,results/minesweeper/tabm.csv
minesweeper,GAT-sep,GNNM,6,5,0.943085,0.9278329999999999,roc_auc,results/minesweeper/tabm.csv
minesweeper,GAT-sep,GNNM,7,5,0.93964,0.9427319999999999,roc_auc,results/minesweeper/tabm.csv
minesweeper,GAT-sep,GNNM,8,5,0.929393,0.9318299999999999,roc_auc,results/minesweeper/tabm.csv
minesweeper,GAT-sep,GNNM,9,5,0.927859,0.9407599999999999,roc_auc,results/minesweeper/tabm.csv
minesweeper,GT,GNNM,0,5,0.925455,0.9322889999999999,roc_auc,results/minesweeper/tabm.csv
minesweeper,GT,GNNM,1,5,0.9299419999999999,0.927363,roc_auc,results/minesweeper/tabm.csv
minesweeper,GT,GNNM,2,5,0.929209,0.929198,roc_auc,results/minesweeper/tabm.csv
minesweeper,GT,GNNM,3,5,0.9239290000000001,0.926515,roc_auc,results/minesweeper/tabm.csv
minesweeper,GT,GNNM,4,5,0.9285680000000001,0.923706,roc_auc,results/minesweeper/tabm.csv
minesweeper,GT,GNNM,5,5,0.923413,0.9316180000000001,roc_auc,results/minesweeper/tabm.csv
minesweeper,GT,GNNM,6,5,0.938128,0.920686,roc_auc,results/minesweeper/tabm.csv
minesweeper,GT,GNNM,7,5,0.929733,0.9360030000000001,roc_auc,results/minesweeper/tabm.csv
minesweeper,GT,GNNM,8,5,0.920929,0.924335,roc_auc,results/minesweeper/tabm.csv
minesweeper,GT,GNNM,9,5,0.9184659999999999,0.9311989999999999,roc_auc,results/minesweeper/tabm.csv
minesweeper,GT-sep,GNNM,0,5,0.9161060000000001,0.925993,roc_auc,results/minesweeper/tabm.csv
minesweeper,GT-sep,GNNM,1,5,0.9296360000000001,0.9246840000000001,roc_auc,results/minesweeper/tabm.csv
minesweeper,GT-sep,GNNM,2,5,0.9239730000000002,0.9242670000000001,roc_auc,results/minesweeper/tabm.csv
minesweeper,GT-sep,GNNM,3,5,0.915999,0.921588,roc_auc,results/minesweeper/tabm.csv
minesweeper,GT-sep,GNNM,4,5,0.927639,0.923812,roc_auc,results/minesweeper/tabm.csv
minesweeper,GT-sep,GNNM,5,5,0.9231370000000001,0.9287120000000001,roc_auc,results/minesweeper/tabm.csv
minesweeper,GT-sep,GNNM,6,5,0.9408289999999999,0.9212480000000001,roc_auc,results/minesweeper/tabm.csv
minesweeper,GT-sep,GNNM,7,5,0.9270529999999999,0.929792,roc_auc,results/minesweeper/tabm.csv
minesweeper,GT-sep,GNNM,8,5,0.9200549999999998,0.922805,roc_auc,results/minesweeper/tabm.csv
minesweeper,GT-sep,GNNM,9,5,0.9150289999999999,0.9275669999999999,roc_auc,results/minesweeper/tabm.csv
minesweeper,ResNet,GNNM,0,3,0.526509,0.5101209999999999,roc_auc,results/minesweeper/tabm.csv
minesweeper,ResNet,GNNM,1,1,0.521693,0.5149675,roc_auc,results/minesweeper/tabm.csv
minesweeper,ResNet,GNNM,2,1,0.5132329999999999,0.5292650000000001,roc_auc,results/minesweeper/tabm.csv
minesweeper,ResNet,GNNM,3,2,0.5151695,0.5149275,roc_auc,results/minesweeper/tabm.csv
minesweeper,ResNet,GNNM,4,1,0.5225259999999999,0.4925905,roc_auc,results/minesweeper/tabm.csv
minesweeper,ResNet,GNNM,5,2,0.5371925,0.49721550000000003,roc_auc,results/minesweeper/tabm.csv
minesweeper,ResNet,GNNM,6,1,0.520034,0.501117,roc_auc,results/minesweeper/tabm.csv
minesweeper,ResNet,GNNM,7,5,0.51263,0.5117659999999999,roc_auc,results/minesweeper/tabm.csv
minesweeper,ResNet,GNNM,8,5,0.5353985,0.487129,roc_auc,results/minesweeper/tabm.csv
minesweeper,ResNet,GNNM,9,4,0.52439,0.5083420000000001,roc_auc,results/minesweeper/tabm.csv
minesweeper,TAG,GNNM,0,5,0.9269109999999999,0.941737,roc_auc,results/minesweeper/tabm.csv
minesweeper,TAG,GNNM,1,5,0.9456829999999999,0.9462829999999999,roc_auc,results/minesweeper/tabm.csv
minesweeper,TAG,GNNM,2,5,0.944804,0.947316,roc_auc,results/minesweeper/tabm.csv
minesweeper,TAG,GNNM,3,5,0.9361029999999999,0.934254,roc_auc,results/minesweeper/tabm.csv
minesweeper,TAG,GNNM,4,5,0.9446699999999999,0.9381609999999999,roc_auc,results/minesweeper/tabm.csv
minesweeper,TAG,GNNM,5,5,0.9351480000000001,0.9425830000000001,roc_auc,results/minesweeper/tabm.csv
minesweeper,TAG,GNNM,6,5,0.9473590000000001,0.9327850000000001,roc_auc,results/minesweeper/tabm.csv
minesweeper,TAG,GNNM,7,5,0.943063,0.945184,roc_auc,results/minesweeper/tabm.csv
minesweeper,TAG,GNNM,8,5,0.940944,0.942547,roc_auc,results/minesweeper/tabm.csv
minesweeper,TAG,GNNM,9,4,0.931991,0.940271,roc_auc,results/minesweeper/tabm.csv
questions,GCN,BASE,0,5,0.7698602427999932,0.770500382120898,roc_auc,results/questions/base.csv
questions,GCN,BASE,1,2,0.7800218208267669,0.7699463645410278,roc_auc,results/questions/base.csv
questions,GCN,BASE,2,5,0.7765308349063955,0.7566805353848569,roc_auc,results/questions/base.csv
questions,GCN,BASE,3,4,0.7818637756957554,0.7674987127951625,roc_auc,results/questions/base.csv
questions,GCN,BASE,4,3,0.7738360205277408,0.7792374436920038,roc_auc,results/questions/base.csv
questions,GCN,BASE,5,2,0.7662691581663579,0.7576125178650178,roc_auc,results/questions/base.csv
questions,GCN,BASE,6,5,0.7707941510947935,0.7556242193073799,roc_auc,results/questions/base.csv
questions,GCN,BASE,7,5,0.76998585687154,0.7719436677603098,roc_auc,results/questions/base.csv
questions,GCN,BASE,8,5,0.7568339019448246,0.7549627230096811,roc_auc,results/questions/base.csv
questions,GCN,BASE,9,4,0.7707700211858292,0.7488542145279825,roc_auc,results/questions/base.csv
questions,SAGE,BASE,0,5,0.7356830553775638,0.7335565642828941,roc_auc,results/questions/base.csv
questions,SAGE,BASE,1,3,0.7611055885561886,0.7360361941220339,roc_auc,results/questions/base.csv
questions,SAGE,BASE,2,5,0.732082157144589,0.7489164390488307,roc_auc,results/questions/base.csv
questions,SAGE,BASE,3,5,0.7509423941718765,0.7398109944609786,roc_auc,results/questions/base.csv
questions,SAGE,BASE,4,5,0.7389760374994949,0.7524053991027663,roc_auc,results/questions/base.csv
questions,SAGE,BASE,5,4,0.7443739789527157,0.736450524002041,roc_auc,results/questions/base.csv
questions,SAGE,BASE,6,3,0.7518998551050922,0.7233489721986843,roc_auc,results/questions/base.csv
questions,SAGE,BASE,7,5,0.7595508835125758,0.7381415532810447,roc_auc,results/questions/base.csv
questions,SAGE,BASE,8,1,0.7531105069012693,0.7262796432306879,roc_auc,results/questions/base.csv
questions,SAGE,BASE,9,1,0.7641682397289137,0.7313769743875098,roc_auc,results/questions/base.csv
questions,GAT,BASE,0,3,0.7610774177533786,0.7638368170599087,roc_auc,results/questions/base.csv
questions,GAT,BASE,1,5,0.7770842064550393,0.7791073378756848,roc_auc,results/questions/base.csv
questions,GAT,BASE,2,3,0.7760620912202922,0.77515533041336,roc_auc,results/questions/base.csv
questions,GAT,BASE,3,4,0.7741251176188744,0.7770397290289512,roc_auc,results/questions/base.csv
questions,GAT,BASE,4,4,0.7879994689110945,0.7734222793800175,roc_auc,results/questions/base.csv
questions,GAT,BASE,5,2,0.7807810470533225,0.7733837209570802,roc_auc,results/questions/base.csv
questions,GAT,BASE,6,3,0.7672679516709096,0.766549875435514,roc_auc,results/questions/base.csv
questions,GAT,BASE,7,4,0.7862028875072882,0.7757359002006423,roc_auc,results/questions/base.csv
questions,GAT,BASE,8,5,0.7714324968683073,0.7565925667672572,roc_auc,results/questions/base.csv
questions,GAT,BASE,9,2,0.76732417782242,0.7760704580140334,roc_auc,results/questions/base.csv
questions,GAT-sep,BASE,0,4,0.7780022975367866,0.7718665509144349,roc_auc,results/questions/base.csv
questions,GAT-sep,BASE,1,4,0.7915046556869808,0.7834662867776934,roc_auc,results/questions/base.csv
questions,GAT-sep,BASE,2,5,0.7635392457383001,0.7714098529469486,roc_auc,results/questions/base.csv
questions,GAT-sep,BASE,3,2,0.7752852005149253,0.7715438838721892,roc_auc,results/questions/base.csv
questions,GAT-sep,BASE,4,4,0.7775609164747241,0.7794967317696007,roc_auc,results/questions/base.csv
questions,GAT-sep,BASE,5,3,0.7742621616472993,0.7853241331858725,roc_auc,results/questions/base.csv
questions,GAT-sep,BASE,6,5,0.7786494178226508,0.7662940506893184,roc_auc,results/questions/base.csv
questions,GAT-sep,BASE,7,5,0.7847875355742976,0.7816681251140014,roc_auc,results/questions/base.csv
questions,GAT-sep,BASE,8,3,0.7780062229765223,0.7683876345215639,roc_auc,results/questions/base.csv
questions,GAT-sep,BASE,9,5,0.7828012630679622,0.7778212874819042,roc_auc,results/questions/base.csv
questions,GT,BASE,0,4,0.7826260037291678,0.7743384459801113,roc_auc,results/questions/base.csv
questions,GT,BASE,1,4,0.7929522193166272,0.786585363037942,roc_auc,results/questions/base.csv
questions,GT,BASE,2,5,0.7717617719896783,0.7791893033855218,roc_auc,results/questions/base.csv
questions,GT,BASE,3,3,0.7730961905916446,0.7745782239574796,roc_auc,results/questions/base.csv
questions,GT,BASE,4,4,0.7831329627256407,0.7751456330854358,roc_auc,results/questions/base.csv
questions,GT,BASE,5,5,0.7732259610111472,0.7896872380855627,roc_auc,results/questions/base.csv
questions,GT,BASE,6,4,0.7817448579625813,0.7663389585531587,roc_auc,results/questions/base.csv
questions,GT,BASE,7,4,0.7841389143850048,0.7859658884945822,roc_auc,results/questions/base.csv
questions,GT,BASE,8,4,0.7767698249138424,0.7671559584307877,roc_auc,results/questions/base.csv
questions,GT,BASE,9,4,0.7834355679476299,0.7792147011491334,roc_auc,results/questions/base.csv
questions,GT-sep,BASE,0,4,0.775181753632475,0.7705742665241314,roc_auc,results/questions/base.csv
questions,GT-sep,BASE,1,4,0.7929218548857293,0.7836266390215858,roc_auc,results/questions/base.csv
questions,GT-sep,BASE,2,2,0.7706756951780591,0.7704609001429201,roc_auc,results/questions/base.csv
questions,GT-sep,BASE,3,3,0.7740269816254783,0.7670397059400751,roc_auc,results/questions/base.csv
questions,GT-sep,BASE,4,4,0.7761888598329378,0.7668537250438111,roc_auc,results/questions/base.csv
questions,GT-sep,BASE,5,2,0.7657198275115599,0.7868449974486793,roc_auc,results/questions/base.csv
questions,GT-sep,BASE,6,3,0.7740573460563762,0.7667269671145139,roc_auc,results/questions/base.csv
questions,GT-sep,BASE,7,4,0.7733370278648495,0.7751810745101118,roc_auc,results/questions/base.csv
questions,GT-sep,BASE,8,3,0.7793943277395816,0.7638473224984934,roc_auc,results/questions/base.csv
questions,GT-sep,BASE,9,5,0.7842809229401544,0.7754426714753099,roc_auc,results/questions/base.csv
questions,ResNet,BASE,0,5,0.7147501861697522,0.7092923490391565,roc_auc,results/questions/base.csv
questions,ResNet,BASE,1,4,0.7287429933787068,0.7098125414156714,roc_auc,results/questions/base.csv
questions,ResNet,BASE,2,5,0.7118178826870789,0.7047899027727431,roc_auc,results/questions/base.csv
questions,ResNet,BASE,3,4,0.7103100520120764,0.6966377978753617,roc_auc,results/questions/base.csv
questions,ResNet,BASE,4,1,0.7104036852951873,0.7135094167980809,roc_auc,results/questions/base.csv
questions,ResNet,BASE,5,5,0.7052941482084407,0.7027321066983139,roc_auc,results/questions/base.csv
questions,ResNet,BASE,6,4,0.7172383376917261,0.6947341200483019,roc_auc,results/questions/base.csv
questions,ResNet,BASE,7,1,0.727165428421338,0.7150564869351594,roc_auc,results/questions/base.csv
questions,ResNet,BASE,8,1,0.7337762152988241,0.7070258295255929,roc_auc,results/questions/base.csv
questions,ResNet,BASE,9,2,0.7369708305191394,0.6983925524521541,roc_auc,results/questions/base.csv
questions,TAG,BASE,0,4,0.7819268136397486,0.7848533510040198,roc_auc,results/questions/base.csv
questions,TAG,BASE,1,3,0.7958983772924857,0.7960858582943324,roc_auc,results/questions/base.csv
questions,TAG,BASE,2,5,0.798088657210975,0.7792081208194704,roc_auc,results/questions/base.csv
questions,TAG,BASE,3,5,0.781030658838878,0.7845242190764912,roc_auc,results/questions/base.csv
questions,TAG,BASE,4,5,0.7755397768272057,0.79645689653182,roc_auc,results/questions/base.csv
questions,TAG,BASE,5,4,0.7844691131392549,0.7841482167306614,roc_auc,results/questions/base.csv
questions,TAG,BASE,6,5,0.7877104872740708,0.7610250537393589,roc_auc,results/questions/base.csv
questions,TAG,BASE,7,3,0.7795519225995649,0.7988125391067837,roc_auc,results/questions/base.csv
questions,TAG,BASE,8,4,0.7852107903411092,0.7792614561230545,roc_auc,results/questions/base.csv
questions,TAG,BASE,9,4,0.7914495840765691,0.7677001632383533,roc_auc,results/questions/base.csv
questions,GCN,ENS,0,4,0.7719389940483407,0.7766290933691057,roc_auc,results/questions/ensemble.csv
questions,GCN,ENS,1,2,0.7836333408378504,0.7776762893405587,roc_auc,results/questions/ensemble.csv
questions,GCN,ENS,2,2,0.7822806804865234,0.7593470696753013,roc_auc,results/questions/ensemble.csv
questions,GCN,ENS,3,3,0.7783036327635673,0.7685463705441354,roc_auc,results/questions/ensemble.csv
questions,GCN,ENS,4,2,0.7734908127392065,0.7802180282561664,roc_auc,results/questions/ensemble.csv
questions,GCN,ENS,5,2,0.7699417534015667,0.7652388890556419,roc_auc,results/questions/ensemble.csv
questions,GCN,ENS,6,3,0.7723310762054851,0.7565181051421237,roc_auc,results/questions/ensemble.csv
questions,GCN,ENS,7,2,0.7753491620917976,0.7787395320808388,roc_auc,results/questions/ensemble.csv
questions,GCN,ENS,8,2,0.7605871996028378,0.7648380661681009,roc_auc,results/questions/ensemble.csv
questions,GCN,ENS,9,4,0.775659271830929,0.7453093793941017,roc_auc,results/questions/ensemble.csv
questions,SAGE,ENS,0,5,0.7450978762216487,0.7407292390599133,roc_auc,results/questions/ensemble.csv
questions,SAGE,ENS,1,5,0.7624928851404789,0.7522392746398712,roc_auc,results/questions/ensemble.csv
questions,SAGE,ENS,2,5,0.7388999532410855,0.7508529030798251,roc_auc,results/questions/ensemble.csv
questions,SAGE,ENS,3,5,0.7485576895323531,0.7407548677122848,roc_auc,results/questions/ensemble.csv
questions,SAGE,ENS,4,1,0.7384648067009566,0.7654623893754229,roc_auc,results/questions/ensemble.csv
questions,SAGE,ENS,5,5,0.752548360840275,0.7438842185223581,roc_auc,results/questions/ensemble.csv
questions,SAGE,ENS,6,4,0.755785809535355,0.7337110288634039,roc_auc,results/questions/ensemble.csv
questions,SAGE,ENS,7,5,0.7603581386488406,0.7445691500292075,roc_auc,results/questions/ensemble.csv
questions,SAGE,ENS,8,5,0.7575106939369275,0.7362684682146989,roc_auc,results/questions/ensemble.csv
questions,SAGE,ENS,9,1,0.7665721097506768,0.7306830382190165,roc_auc,results/questions/ensemble.csv
questions,GAT,ENS,0,5,0.7708584590339955,0.7775805859494954,roc_auc,results/questions/ensemble.csv
questions,GAT,ENS,1,3,0.7915907844529495,0.7960485697595755,roc_auc,results/questions/ensemble.csv
questions,GAT,ENS,2,2,0.7792493173775752,0.7768761443424173,roc_auc,results/questions/ensemble.csv
questions,GAT,ENS,3,3,0.7852572028932799,0.7702162735015896,roc_auc,results/questions/ensemble.csv
questions,GAT,ENS,4,3,0.78950452868746,0.7830067027007058,roc_auc,results/questions/ensemble.csv
questions,GAT,ENS,5,2,0.7811051267397491,0.7808850658841078,roc_auc,results/questions/ensemble.csv
questions,GAT,ENS,6,4,0.7821673045506237,0.7812854269941285,roc_auc,results/questions/ensemble.csv
questions,GAT,ENS,7,5,0.7899238580145356,0.7945794245790321,roc_auc,results/questions/ensemble.csv
questions,GAT,ENS,8,4,0.7775997090556431,0.7714581086978105,roc_auc,results/questions/ensemble.csv
questions,GAT,ENS,9,5,0.7788092063107217,0.7675945316306056,roc_auc,results/questions/ensemble.csv
questions,GAT-sep,ENS,0,2,0.7834539251511006,0.7786223560350858,roc_auc,results/questions/ensemble.csv
questions,GAT-sep,ENS,1,5,0.7937978052173711,0.7905185530663182,roc_auc,results/questions/ensemble.csv
questions,GAT-sep,ENS,2,5,0.779341218849038,0.7804693506715401,roc_auc,results/questions/ensemble.csv
questions,GAT-sep,ENS,3,2,0.7827287578869588,0.7750767127905447,roc_auc,results/questions/ensemble.csv
questions,GAT-sep,ENS,4,4,0.7787264257139395,0.7849569046129266,roc_auc,results/questions/ensemble.csv
questions,GAT-sep,ENS,5,5,0.7782941655265574,0.7940357969933667,roc_auc,results/questions/ensemble.csv
questions,GAT-sep,ENS,6,5,0.7804184056941967,0.7694191300573296,roc_auc,results/questions/ensemble.csv
questions,GAT-sep,ENS,7,5,0.7862240156093956,0.7892368895589794,roc_auc,results/questions/ensemble.csv
questions,GAT-sep,ENS,8,3,0.7835412084581681,0.7712626613623822,roc_auc,results/questions/ensemble.csv
questions,GAT-sep,ENS,9,3,0.7900016740845934,0.7708530647019571,roc_auc,results/questions/ensemble.csv
questions,GT,ENS,0,5,0.7842287376824897,0.7758394538095491,roc_auc,results/questions/ensemble.csv
questions,GT,ENS,1,5,0.7982268557804986,0.792832058442563,roc_auc,results/questions/ensemble.csv
questions,GT,ENS,2,5,0.7815690213532376,0.7807345264125198,roc_auc,results/questions/ensemble.csv
questions,GT,ENS,3,5,0.7793632705840245,0.7776311505879583,roc_auc,results/questions/ensemble.csv
questions,GT,ENS,4,4,0.781712068995376,0.7804745456686424,roc_auc,results/questions/ensemble.csv
questions,GT,ENS,5,5,0.7753595529616866,0.7931270188335962,roc_auc,results/questions/ensemble.csv
questions,GT,ENS,6,5,0.7828434038180674,0.7685833127457523,roc_auc,results/questions/ensemble.csv
questions,GT,ENS,7,4,0.781508177037332,0.7941182242807238,roc_auc,results/questions/ensemble.csv
questions,GT,ENS,8,3,0.7836949933325252,0.7718634339161736,roc_auc,results/questions/ensemble.csv
questions,GT,ENS,9,5,0.7854460858170398,0.7826203103606714,roc_auc,results/questions/ensemble.csv
questions,GT-sep,ENS,0,5,0.7809590772907539,0.7817234229720463,roc_auc,results/questions/ensemble.csv
questions,GT-sep,ENS,1,5,0.7964179207869353,0.7917946752434144,roc_auc,results/questions/ensemble.csv
questions,GT-sep,ENS,2,4,0.7743090360159096,0.7762824138958091,roc_auc,results/questions/ensemble.csv
questions,GT-sep,ENS,3,4,0.7817367761748899,0.7694403718232593,roc_auc,results/questions/ensemble.csv
questions,GT-sep,ENS,4,5,0.7740987940818224,0.7757565647446716,roc_auc,results/questions/ensemble.csv
questions,GT-sep,ENS,5,3,0.7753851837740794,0.7900310314493579,roc_auc,results/questions/ensemble.csv
questions,GT-sep,ENS,6,2,0.7821634945649978,0.7747930659487565,roc_auc,results/questions/ensemble.csv
questions,GT-sep,ENS,7,4,0.779002361036547,0.7864201621300873,roc_auc,results/questions/ensemble.csv
questions,GT-sep,ENS,8,5,0.7816225920602209,0.7643742106490513,roc_auc,results/questions/ensemble.csv
questions,GT-sep,ENS,9,5,0.7849671821692673,0.7725614106379688,roc_auc,results/questions/ensemble.csv
questions,ResNet,ENS,0,4,0.7145611877918825,0.7083149969176351,roc_auc,results/questions/ensemble.csv
questions,ResNet,ENS,1,1,0.7323901887097426,0.7168766984754416,roc_auc,results/questions/ensemble.csv
questions,ResNet,ENS,2,1,0.7168620727476347,0.7149761376466431,roc_auc,results/questions/ensemble.csv
questions,ResNet,ENS,3,1,0.7141722228957046,0.7008898452814418,roc_auc,results/questions/ensemble.csv
questions,ResNet,ENS,4,3,0.7148814574926831,0.7123750603196886,roc_auc,results/questions/ensemble.csv
questions,ResNet,ENS,5,1,0.7100394275785232,0.7077380059061343,roc_auc,results/questions/ensemble.csv
questions,ResNet,ENS,6,4,0.717460240490911,0.69355612559425,roc_auc,results/questions/ensemble.csv
questions,ResNet,ENS,7,1,0.7319541185367346,0.71964136048893,roc_auc,results/questions/ensemble.csv
questions,ResNet,ENS,8,1,0.7353784874357066,0.7085374582379955,roc_auc,results/questions/ensemble.csv
questions,ResNet,ENS,9,2,0.740220863712196,0.6999862621187738,roc_auc,results/questions/ensemble.csv
questions,TAG,ENS,0,5,0.7827225233650256,0.7856436832298567,roc_auc,results/questions/ensemble.csv
questions,TAG,ENS,1,4,0.7986514959966287,0.8025402381386672,roc_auc,results/questions/ensemble.csv
questions,TAG,ENS,2,3,0.8033612155008687,0.7837453158442794,roc_auc,results/questions/ensemble.csv
questions,TAG,ENS,3,4,0.7813899520288174,0.7797492086287747,roc_auc,results/questions/ensemble.csv
questions,TAG,ENS,4,5,0.7785490882011672,0.7985503649196853,roc_auc,results/questions/ensemble.csv
questions,TAG,ENS,5,4,0.7854939992726391,0.7891970612478614,roc_auc,results/questions/ensemble.csv
questions,TAG,ENS,6,5,0.7871108186273661,0.7692443472659307,roc_auc,results/questions/ensemble.csv
questions,TAG,ENS,7,5,0.7830894365262168,0.7998800532891257,roc_auc,results/questions/ensemble.csv
questions,TAG,ENS,8,5,0.7869902845366539,0.7836524985627175,roc_auc,results/questions/ensemble.csv
questions,TAG,ENS,9,5,0.7987720300873411,0.7691382538806628,roc_auc,results/questions/ensemble.csv
questions,GCN,GNNM,0,4,0.7760423485675031,0.7814996917635053,roc_auc,results/questions/tabm.csv
questions,GCN,GNNM,1,3,0.7906968232801668,0.7948424068767909,roc_auc,results/questions/tabm.csv
questions,GCN,GNNM,2,4,0.7874828117693919,0.7665994010745563,roc_auc,results/questions/tabm.csv
questions,GCN,GNNM,3,5,0.77832926357596,0.7628322200646951,roc_auc,results/questions/tabm.csv
questions,GCN,GNNM,4,3,0.7802541144958406,0.7861606431637302,roc_auc,results/questions/tabm.csv
questions,GCN,GNNM,5,3,0.7663649850775562,0.7771188084292868,roc_auc,results/questions/tabm.csv
questions,GCN,GNNM,6,2,0.7758436520444036,0.7697913227386177,roc_auc,results/questions/tabm.csv
questions,GCN,GNNM,7,2,0.7856887703560027,0.7811507034026077,roc_auc,results/questions/tabm.csv
questions,GCN,GNNM,8,3,0.7679747617315809,0.7660832492513432,roc_auc,results/questions/tabm.csv
questions,GCN,GNNM,9,5,0.782190741734929,0.7641138835720338,roc_auc,results/questions/tabm.csv
questions,SAGE,GNNM,0,4,0.7748635621056521,0.7681723307527666,roc_auc,results/questions/tabm.csv
questions,SAGE,GNNM,1,5,0.7887679314664404,0.7895949980259012,roc_auc,results/questions/tabm.csv
questions,SAGE,GNNM,2,5,0.7717785128356107,0.7815620317287334,roc_auc,results/questions/tabm.csv
questions,SAGE,GNNM,3,4,0.7773686853817778,0.7667090732356059,roc_auc,results/questions/tabm.csv
questions,SAGE,GNNM,4,5,0.7589539857645082,0.7858087686933313,roc_auc,results/questions/tabm.csv
questions,SAGE,GNNM,5,4,0.7632945984794693,0.7627219706817452,roc_auc,results/questions/tabm.csv
questions,SAGE,GNNM,6,5,0.773462988298726,0.7516859497262813,roc_auc,results/questions/tabm.csv
questions,SAGE,GNNM,7,4,0.7796138060024592,0.7668252102819383,roc_auc,results/questions/tabm.csv
questions,SAGE,GNNM,8,5,0.7717154748916175,0.7659463322166014,roc_auc,results/questions/tabm.csv
questions,SAGE,GNNM,9,3,0.7803173833480537,0.762783502536313,roc_auc,results/questions/tabm.csv
questions,GAT,GNNM,0,4,0.792635182330903,0.7942206234458301,roc_auc,results/questions/tabm.csv
questions,GAT,GNNM,1,4,0.7992507028268938,0.8099522291155343,roc_auc,results/questions/tabm.csv
questions,GAT,GNNM,2,2,0.7938849730703289,0.7847390610677683,roc_auc,results/questions/tabm.csv
questions,GAT,GNNM,3,4,0.7880692031934609,0.7753062162180884,roc_auc,results/questions/tabm.csv
questions,GAT,GNNM,4,5,0.7868338442177696,0.7953959626791408,roc_auc,results/questions/tabm.csv
questions,GAT,GNNM,5,4,0.7788665870033309,0.7965918510121008,roc_auc,results/questions/tabm.csv
questions,GAT,GNNM,6,3,0.7876908600753916,0.786437017009575,roc_auc,results/questions/tabm.csv
questions,GAT,GNNM,7,3,0.7987939663682178,0.7920013206837078,roc_auc,results/questions/tabm.csv
questions,GAT,GNNM,8,2,0.787007949015465,0.7840208815794638,roc_auc,results/questions/tabm.csv
questions,GAT,GNNM,9,4,0.7785658290470996,0.7939243931666162,roc_auc,results/questions/tabm.csv
questions,GAT-sep,GNNM,0,3,0.7922938999821045,0.7835495221757109,roc_auc,results/questions/tabm.csv
questions,GAT-sep,GNNM,1,2,0.8027886785699854,0.8041914391065528,roc_auc,results/questions/tabm.csv
questions,GAT-sep,GNNM,2,4,0.7849783812179254,0.7918670588697072,roc_auc,results/questions/tabm.csv
questions,GAT-sep,GNNM,3,5,0.7913292808940766,0.7801189769780817,roc_auc,results/questions/tabm.csv
questions,GAT-sep,GNNM,4,2,0.7781320679562891,0.8062786734978954,roc_auc,results/questions/tabm.csv
questions,GAT-sep,GNNM,5,4,0.7820408823003077,0.7913213532852007,roc_auc,results/questions/tabm.csv
questions,GAT-sep,GNNM,6,5,0.7889185990798306,0.7778507257988174,roc_auc,results/questions/tabm.csv
questions,GAT-sep,GNNM,7,4,0.7937490835830028,0.7967557820317749,roc_auc,results/questions/tabm.csv
questions,GAT-sep,GNNM,8,3,0.7871436075945714,0.7836887480980539,roc_auc,results/questions/tabm.csv
questions,GAT-sep,GNNM,9,4,0.7902196514440423,0.794322214500276,roc_auc,results/questions/tabm.csv
questions,GT,GNNM,0,5,0.7877457007775834,0.7870512965558323,roc_auc,results/questions/tabm.csv
questions,GT,GNNM,1,5,0.8022074825808612,0.7992147473268854,roc_auc,results/questions/tabm.csv
questions,GT,GNNM,2,4,0.7807442171922715,0.7912909914132471,roc_auc,results/questions/tabm.csv
questions,GT,GNNM,3,4,0.7914861830294004,0.7833272917441108,roc_auc,results/questions/tabm.csv
questions,GT,GNNM,4,4,0.7765748229222589,0.7913473282707124,roc_auc,results/questions/tabm.csv
questions,GT,GNNM,5,5,0.7853015372714731,0.7934517638746827,roc_auc,results/questions/tabm.csv
questions,GT,GNNM,6,3,0.789922588019327,0.7640502737186251,roc_auc,results/questions/tabm.csv
questions,GT,GNNM,7,5,0.7905826391654976,0.7917501137127143,roc_auc,results/questions/tabm.csv
questions,GT,GNNM,8,2,0.7850003174988022,0.7774910011105749,roc_auc,results/questions/tabm.csv
questions,GT,GNNM,9,5,0.7834515006147931,0.7868929068664008,roc_auc,results/questions/tabm.csv
questions,GT-sep,GNNM,0,2,0.7863468587823055,0.7842151744710915,roc_auc,results/questions/tabm.csv
questions,GT-sep,GNNM,1,5,0.8043401508985215,0.7962967751766876,roc_auc,results/questions/tabm.csv
questions,GT-sep,GNNM,2,5,0.7853476034613143,0.7958166420000508,roc_auc,results/questions/tabm.csv
questions,GT-sep,GNNM,3,3,0.7916692932476663,0.7817050673156181,roc_auc,results/questions/tabm.csv
questions,GT-sep,GNNM,4,2,0.7795957951613182,0.7925902024663537,roc_auc,results/questions/tabm.csv
questions,GT-sep,GNNM,5,5,0.7820473477304608,0.787570796266067,roc_auc,results/questions/tabm.csv
questions,GT-sep,GNNM,6,4,0.7893748737220674,0.7708838883514312,roc_auc,results/questions/tabm.csv
questions,GT-sep,GNNM,7,3,0.7876524138568024,0.7894179063469011,roc_auc,results/questions/tabm.csv
questions,GT-sep,GNNM,8,3,0.7854635193876314,0.7810531529014635,roc_auc,results/questions/tabm.csv
questions,GT-sep,GNNM,9,3,0.7821930508171264,0.7827244411914784,roc_auc,results/questions/tabm.csv
questions,ResNet,GNNM,0,1,0.7149614671908284,0.7064026607620715,roc_auc,results/questions/tabm.csv
questions,ResNet,GNNM,1,3,0.7422742150563704,0.7208896605704338,roc_auc,results/questions/tabm.csv
questions,ResNet,GNNM,2,5,0.7282991877803371,0.7291954219376647,roc_auc,results/questions/tabm.csv
questions,ResNet,GNNM,3,5,0.718757944685936,0.7127385946724727,roc_auc,results/questions/tabm.csv
questions,ResNet,GNNM,4,1,0.7016745464096658,0.7274124989321396,roc_auc,results/questions/tabm.csv
questions,ResNet,GNNM,5,5,0.7077558607392528,0.7027494233553215,roc_auc,results/questions/tabm.csv
questions,ResNet,GNNM,6,4,0.7247121440405475,0.7080547852849975,roc_auc,results/questions/tabm.csv
questions,ResNet,GNNM,7,4,0.7243468472368946,0.7089684121087301,roc_auc,results/questions/tabm.csv
questions,ResNet,GNNM,8,5,0.7324415657886382,0.720436079601209,roc_auc,results/questions/tabm.csv
questions,ResNet,GNNM,9,1,0.7362543223132385,0.7152218032873942,roc_auc,results/questions/tabm.csv
questions,TAG,GNNM,0,5,0.7914016706209699,0.7931810468034606,roc_auc,results/questions/tabm.csv
questions,TAG,GNNM,1,4,0.8029641688169995,0.8093396812349778,roc_auc,results/questions/tabm.csv
questions,TAG,GNNM,2,5,0.8038237246650388,0.7844506810063978,roc_auc,results/questions/tabm.csv
questions,TAG,GNNM,3,4,0.7850612772688176,0.7851783269338666,roc_auc,results/questions/tabm.csv
questions,TAG,GNNM,4,5,0.7805291261855695,0.7988472878651794,roc_auc,results/questions/tabm.csv
questions,TAG,GNNM,5,5,0.7840537092519151,0.7987099090529174,roc_auc,results/questions/tabm.csv
questions,TAG,GNNM,6,5,0.7909923858014536,0.7789998591578563,roc_auc,results/questions/tabm.csv
questions,TAG,GNNM,7,5,0.7923054453930922,0.7990355776490445,roc_auc,results/questions/tabm.csv
questions,TAG,GNNM,8,2,0.7827113243163674,0.784603760254347,roc_auc,results/questions/tabm.csv
questions,TAG,GNNM,9,5,0.7985690617621761,0.782382494937764,roc_auc,results/questions/tabm.csv
tolokers,GCN,BASE,0,3,0.8462544245895163,0.8353901808154999,roc_auc,results3/tolokers/base.csv
tolokers,GCN,BASE,1,3,0.8469170098396624,0.8516453424215557,roc_auc,results3/tolokers/base.csv
tolokers,GCN,BASE,2,3,0.8378030682585007,0.8519063034631225,roc_auc,results3/tolokers/base.csv
tolokers,GCN,BASE,3,3,0.8306028846898,0.8387362436250946,roc_auc,results3/tolokers/base.csv
tolokers,GCN,BASE,4,4,0.8241189177593212,0.8537228634407815,roc_auc,results3/tolokers/base.csv
tolokers,GCN,BASE,5,4,0.8465259759215434,0.8264060038662903,roc_auc,results3/tolokers/base.csv
tolokers,GCN,BASE,6,3,0.8515924448988403,0.8375466679680826,roc_auc,results3/tolokers/base.csv
tolokers,GCN,BASE,7,5,0.8414608647009068,0.8243400058021468,roc_auc,results3/tolokers/base.csv
tolokers,GCN,BASE,8,3,0.8379435960728246,0.8463081807558516,roc_auc,results3/tolokers/base.csv
tolokers,GCN,BASE,9,3,0.8359266485541929,0.8442764126465109,roc_auc,results3/tolokers/base.csv
tolokers,SAGE,BASE,0,4,0.8359836743339185,0.8299086433008251,roc_auc,results3/tolokers/base.csv
tolokers,SAGE,BASE,1,5,0.8249702311852265,0.8295104235296032,roc_auc,results3/tolokers/base.csv
tolokers,SAGE,BASE,2,5,0.8092406202775525,0.8285594408248809,roc_auc,results3/tolokers/base.csv
tolokers,SAGE,BASE,3,2,0.8285363790530734,0.831995992722915,roc_auc,results3/tolokers/base.csv
tolokers,SAGE,BASE,4,5,0.8322281194119827,0.8336681768516034,roc_auc,results3/tolokers/base.csv
tolokers,SAGE,BASE,5,4,0.845631893160844,0.8262277369729605,roc_auc,results3/tolokers/base.csv
tolokers,SAGE,BASE,6,5,0.8341422168636093,0.8348787649561178,roc_auc,results3/tolokers/base.csv
tolokers,SAGE,BASE,7,2,0.834888643587519,0.8196908323369367,roc_auc,results3/tolokers/base.csv
tolokers,SAGE,BASE,8,5,0.8277902917683286,0.8320515740356643,roc_auc,results3/tolokers/base.csv
tolokers,SAGE,BASE,9,5,0.8274236974700919,0.8300902992985909,roc_auc,results3/tolokers/base.csv
tolokers,GAT,BASE,0,3,0.8384846621018889,0.8377835663681543,roc_auc,results3/tolokers/base.csv
tolokers,GAT,BASE,1,3,0.8481790446552587,0.8456730625845582,roc_auc,results3/tolokers/base.csv
tolokers,GAT,BASE,2,2,0.8237333148678427,0.8455042851836487,roc_auc,results3/tolokers/base.csv
tolokers,GAT,BASE,3,2,0.8364907964464793,0.8441852457371843,roc_auc,results3/tolokers/base.csv
tolokers,GAT,BASE,4,4,0.8389429049746846,0.8459794376255664,roc_auc,results3/tolokers/base.csv
tolokers,GAT,BASE,5,5,0.857706423139432,0.8326744914309884,roc_auc,results3/tolokers/base.csv
tolokers,GAT,BASE,6,4,0.8451532839381461,0.8329781551884479,roc_auc,results3/tolokers/base.csv
tolokers,GAT,BASE,7,3,0.8549949830891407,0.8305461338452236,roc_auc,results3/tolokers/base.csv
tolokers,GAT,BASE,8,2,0.834158849382696,0.8438920882034764,roc_auc,results3/tolokers/base.csv
tolokers,GAT,BASE,9,3,0.8336632682017464,0.8423558071626688,roc_auc,results3/tolokers/base.csv
tolokers,GAT-sep,BASE,0,4,0.8361384585931739,0.8402311775917838,roc_auc,results3/tolokers/base.csv
tolokers,GAT-sep,BASE,1,3,0.8431383730545045,0.8371203186300425,roc_auc,results3/tolokers/base.csv
tolokers,GAT-sep,BASE,2,3,0.8250927687238037,0.8396601134943293,roc_auc,results3/tolokers/base.csv
tolokers,GAT-sep,BASE,3,5,0.8337338715480734,0.8485538013550996,roc_auc,results3/tolokers/base.csv
tolokers,GAT-sep,BASE,4,2,0.8336653048367366,0.8395448839435077,roc_auc,results3/tolokers/base.csv
tolokers,GAT-sep,BASE,5,5,0.8600628098230978,0.8336973231497523,roc_auc,results3/tolokers/base.csv
tolokers,GAT-sep,BASE,6,5,0.8470765462472285,0.8402030480249656,roc_auc,results3/tolokers/base.csv
tolokers,GAT-sep,BASE,7,3,0.8520072395585119,0.8314801710277663,roc_auc,results3/tolokers/base.csv
tolokers,GAT-sep,BASE,8,4,0.8437541156998761,0.8477112699923273,roc_auc,results3/tolokers/base.csv
tolokers,GAT-sep,BASE,9,5,0.8350868760598988,0.8455961299138625,roc_auc,results3/tolokers/base.csv
tolokers,GT,BASE,0,5,0.8263008327121596,0.8285272443327396,roc_auc,results3/tolokers/base.csv
tolokers,GT,BASE,1,5,0.831930770703413,0.8319444783354888,roc_auc,results3/tolokers/base.csv
tolokers,GT,BASE,2,5,0.8168881846657678,0.8264392170897624,roc_auc,results3/tolokers/base.csv
tolokers,GT,BASE,3,5,0.8280285780621824,0.8314727149980072,roc_auc,results3/tolokers/base.csv
tolokers,GT,BASE,4,5,0.8271093768032706,0.8331970913350089,roc_auc,results3/tolokers/base.csv
tolokers,GT,BASE,5,5,0.8502917140184303,0.8213440374807837,roc_auc,results3/tolokers/base.csv
tolokers,GT,BASE,6,5,0.8456862034272493,0.8345466327213966,roc_auc,results3/tolokers/base.csv
tolokers,GT,BASE,7,3,0.8435368746342543,0.8142919889704985,roc_auc,results3/tolokers/base.csv
tolokers,GT,BASE,8,5,0.8320543265594853,0.8293192780394166,roc_auc,results3/tolokers/base.csv
tolokers,GT,BASE,9,5,0.8288153980467314,0.8410879431931871,roc_auc,results3/tolokers/base.csv
tolokers,GT-sep,BASE,0,3,0.829042822287304,0.8291386387729816,roc_auc,results3/tolokers/base.csv
tolokers,GT-sep,BASE,1,4,0.8321894233471689,0.8259959222295427,roc_auc,results3/tolokers/base.csv
tolokers,GT-sep,BASE,2,5,0.8154238441078113,0.8322372969587533,roc_auc,results3/tolokers/base.csv
tolokers,GT-sep,BASE,3,4,0.8253239267951918,0.8362771094463831,roc_auc,results3/tolokers/base.csv
tolokers,GT-sep,BASE,4,5,0.8264868453745983,0.838690151804766,roc_auc,results3/tolokers/base.csv
tolokers,GT-sep,BASE,5,3,0.8486474707030057,0.8191939896266291,roc_auc,results3/tolokers/base.csv
tolokers,GT-sep,BASE,6,5,0.8412673843768372,0.8372152135542488,roc_auc,results3/tolokers/base.csv
tolokers,GT-sep,BASE,7,3,0.8442293305309236,0.8126367503639899,roc_auc,results3/tolokers/base.csv
tolokers,GT-sep,BASE,8,5,0.835469763438057,0.8338871129981645,roc_auc,results3/tolokers/base.csv
tolokers,GT-sep,BASE,9,3,0.824345663121564,0.8362666032226318,roc_auc,results3/tolokers/base.csv
tolokers,ResNet,BASE,0,2,0.7366861776298729,0.7203771937673014,roc_auc,results3/tolokers/base.csv
tolokers,ResNet,BASE,1,2,0.7503217883284522,0.7293705212984879,roc_auc,results3/tolokers/base.csv
tolokers,ResNet,BASE,2,4,0.7321427844058933,0.7434190370063092,roc_auc,results3/tolokers/base.csv
tolokers,ResNet,BASE,3,1,0.7338752819042265,0.7333154388619116,roc_auc,results3/tolokers/base.csv
tolokers,ResNet,BASE,4,5,0.7526418550214593,0.7279779382857638,roc_auc,results3/tolokers/base.csv
tolokers,ResNet,BASE,5,4,0.7296485854212237,0.7149664885353374,roc_auc,results3/tolokers/base.csv
tolokers,ResNet,BASE,6,5,0.751900519885025,0.7416844933559997,roc_auc,results3/tolokers/base.csv
tolokers,ResNet,BASE,7,3,0.7550579829981711,0.7078225952948387,roc_auc,results3/tolokers/base.csv
tolokers,ResNet,BASE,8,1,0.7564540962839558,0.7307444642368144,roc_auc,results3/tolokers/base.csv
tolokers,ResNet,BASE,9,4,0.7385510564025695,0.741405231150479,roc_auc,results3/tolokers/base.csv
tolokers,TAG,BASE,0,3,0.8526182300555729,0.848994046021327,roc_auc,results3/tolokers/base.csv
tolokers,TAG,BASE,1,2,0.8505557976888266,0.8515375689004933,roc_auc,results3/tolokers/base.csv
tolokers,TAG,BASE,2,2,0.8432089764008315,0.8567100200906111,roc_auc,results3/tolokers/base.csv
tolokers,TAG,BASE,3,5,0.8443087592955416,0.8526790192745147,roc_auc,results3/tolokers/base.csv
tolokers,TAG,BASE,4,4,0.8384113432422414,0.859613804771317,roc_auc,results3/tolokers/base.csv
tolokers,TAG,BASE,5,5,0.8532808153057192,0.8294765324852439,roc_auc,results3/tolokers/base.csv
tolokers,TAG,BASE,6,5,0.8573377922062051,0.8437460178022878,roc_auc,results3/tolokers/base.csv
tolokers,TAG,BASE,7,2,0.8500656475345175,0.8416671411412878,roc_auc,results3/tolokers/base.csv
tolokers,TAG,BASE,8,5,0.8433311745002438,0.8478776750201313,roc_auc,results3/tolokers/base.csv
tolokers,TAG,BASE,9,5,0.8527302449800342,0.8491648568848978,roc_auc,results3/tolokers/base.csv
tolokers,GCN,ENS,0,3,0.8455191993580526,0.8380567281856905,roc_auc,results3/tolokers/ensemble.csv
tolokers,GCN,ENS,1,4,0.8463596507306768,0.8452873824997492,roc_auc,results3/tolokers/ensemble.csv
tolokers,GCN,ENS,2,3,0.838868228358377,0.8508021332378962,roc_auc,results3/tolokers/ensemble.csv
tolokers,GCN,ENS,3,3,0.8338560696474855,0.8450508230101212,roc_auc,results3/tolokers/ensemble.csv
tolokers,GCN,ENS,4,3,0.8251596382393156,0.8519408723283689,roc_auc,results3/tolokers/ensemble.csv
tolokers,GCN,ENS,5,5,0.8499000012219811,0.8259810101700246,roc_auc,results3/tolokers/ensemble.csv
tolokers,GCN,ENS,6,4,0.8528666995243778,0.8347187992267419,roc_auc,results3/tolokers/ensemble.csv
tolokers,GCN,ENS,7,5,0.8453793504220586,0.8304119253095609,roc_auc,results3/tolokers/ensemble.csv
tolokers,GCN,ENS,8,3,0.8369829832357786,0.8436924699522,roc_auc,results3/tolokers/ensemble.csv
tolokers,GCN,ENS,9,3,0.8349701089871271,0.8446742935072892,roc_auc,results3/tolokers/ensemble.csv
tolokers,SAGE,ENS,0,4,0.8351439018396244,0.8288959788953688,roc_auc,results3/tolokers/ensemble.csv
tolokers,SAGE,ENS,1,4,0.8270808639134076,0.8327544742956762,roc_auc,results3/tolokers/ensemble.csv
tolokers,SAGE,ENS,2,3,0.8143505374679738,0.8341806094423163,roc_auc,results3/tolokers/ensemble.csv
tolokers,SAGE,ENS,3,5,0.8307678521240066,0.836852579379604,roc_auc,results3/tolokers/ensemble.csv
tolokers,SAGE,ENS,4,5,0.8301371741553736,0.8331882796634754,roc_auc,results3/tolokers/ensemble.csv
tolokers,SAGE,ENS,5,5,0.8410202726646924,0.8268079516523918,roc_auc,results3/tolokers/ensemble.csv
tolokers,SAGE,ENS,6,5,0.8330665341496166,0.8319688798874275,roc_auc,results3/tolokers/ensemble.csv
tolokers,SAGE,ENS,7,2,0.8354317462515733,0.8225532699435241,roc_auc,results3/tolokers/ensemble.csv
tolokers,SAGE,ENS,8,2,0.825835122177733,0.8265347898348557,roc_auc,results3/tolokers/ensemble.csv
tolokers,SAGE,ENS,9,5,0.8313163858147015,0.8303505825192706,roc_auc,results3/tolokers/ensemble.csv
tolokers,GAT,ENS,0,3,0.8440331346935339,0.8442906468851419,roc_auc,results3/tolokers/ensemble.csv
tolokers,GAT,ENS,1,4,0.8491627393555272,0.845945546581207,roc_auc,results3/tolokers/ensemble.csv
tolokers,GAT,ENS,2,2,0.8276694514255767,0.8462248087867279,roc_auc,results3/tolokers/ensemble.csv
tolokers,GAT,ENS,3,2,0.8433562929984562,0.8484561951473446,roc_auc,results3/tolokers/ensemble.csv
tolokers,GAT,ENS,4,2,0.8446597393921866,0.8568543959395818,roc_auc,results3/tolokers/ensemble.csv
tolokers,GAT,ENS,5,3,0.8628699717179287,0.837354844657009,roc_auc,results3/tolokers/ensemble.csv
tolokers,GAT,ENS,6,3,0.854216309644553,0.8430742973030863,roc_auc,results3/tolokers/ensemble.csv
tolokers,GAT,ENS,7,3,0.8560194104892132,0.8358921071824613,roc_auc,results3/tolokers/ensemble.csv
tolokers,GAT,ENS,8,3,0.8437262816883432,0.8507085939554646,roc_auc,results3/tolokers/ensemble.csv
tolokers,GAT,ENS,9,2,0.8372022609363905,0.843923267964287,roc_auc,results3/tolokers/ensemble.csv
tolokers,GAT-sep,ENS,0,4,0.8409231930634928,0.8423066651483478,roc_auc,results3/tolokers/ensemble.csv
tolokers,GAT-sep,ENS,1,4,0.8469108999346919,0.8427014958151339,roc_auc,results3/tolokers/ensemble.csv
tolokers,GAT-sep,ENS,2,2,0.8272804541424477,0.842916365036372,roc_auc,results3/tolokers/ensemble.csv
tolokers,GAT-sep,ENS,3,4,0.8401384097139342,0.8518168311060139,roc_auc,results3/tolokers/ensemble.csv
tolokers,GAT-sep,ENS,4,5,0.8389591980546062,0.8485212659525146,roc_auc,results3/tolokers/ensemble.csv
tolokers,GAT-sep,ENS,5,5,0.8625651553477283,0.8352251314294701,roc_auc,results3/tolokers/ensemble.csv
tolokers,GAT-sep,ENS,6,3,0.8529793933271692,0.8452948385295083,roc_auc,results3/tolokers/ensemble.csv
tolokers,GAT-sep,ENS,7,3,0.8552936895543706,0.833418738765119,roc_auc,results3/tolokers/ensemble.csv
tolokers,GAT-sep,ENS,8,4,0.844911942691807,0.8469805790759405,roc_auc,results3/tolokers/ensemble.csv
tolokers,GAT-sep,ENS,9,5,0.8380128416624915,0.846212946921202,roc_auc,results3/tolokers/ensemble.csv
tolokers,GT,ENS,0,5,0.8371934355180997,0.8400359651762742,roc_auc,results3/tolokers/ensemble.csv
tolokers,GT,ENS,1,4,0.8358092026030911,0.8312327664039433,roc_auc,results3/tolokers/ensemble.csv
tolokers,GT,ENS,2,5,0.8254780321761174,0.8412252019228424,roc_auc,results3/tolokers/ensemble.csv
tolokers,GT,ENS,3,5,0.8353122636654814,0.8470680179703873,roc_auc,results3/tolokers/ensemble.csv
tolokers,GT,ENS,4,5,0.8278812614645578,0.8399888566246146,roc_auc,results3/tolokers/ensemble.csv
tolokers,GT,ENS,5,3,0.8561850568017498,0.8290081582521982,roc_auc,results3/tolokers/ensemble.csv
tolokers,GT,ENS,6,5,0.8458837570212993,0.8380543558125854,roc_auc,results3/tolokers/ensemble.csv
tolokers,GT,ENS,7,5,0.8489672223964677,0.8293328344571604,roc_auc,results3/tolokers/ensemble.csv
tolokers,GT,ENS,8,5,0.8389483360013252,0.8395381057346359,roc_auc,results3/tolokers/ensemble.csv
tolokers,GT,ENS,9,5,0.8319619991065962,0.8444770476291181,roc_auc,results3/tolokers/ensemble.csv
tolokers,GT-sep,ENS,0,5,0.8314345106441333,0.8344500432449724,roc_auc,results3/tolokers/ensemble.csv
tolokers,GT-sep,ENS,1,3,0.8344595924829161,0.8339013472367954,roc_auc,results3/tolokers/ensemble.csv
tolokers,GT-sep,ENS,2,5,0.8226532194447047,0.8454148128265402,roc_auc,results3/tolokers/ensemble.csv
tolokers,GT-sep,ENS,3,5,0.8358913468810294,0.8448786565047759,roc_auc,results3/tolokers/ensemble.csv
tolokers,GT-sep,ENS,4,5,0.8316062668616405,0.8489232137386161,roc_auc,results3/tolokers/ensemble.csv
tolokers,GT-sep,ENS,5,4,0.8523575407768269,0.8285241941387472,roc_auc,results3/tolokers/ensemble.csv
tolokers,GT-sep,ENS,6,5,0.8454051477986013,0.8374094092384277,roc_auc,results3/tolokers/ensemble.csv
tolokers,GT-sep,ENS,7,4,0.8438810659475987,0.8198446976783278,roc_auc,results3/tolokers/ensemble.csv
tolokers,GT-sep,ENS,8,4,0.8375349113181237,0.8404348627683831,roc_auc,results3/tolokers/ensemble.csv
tolokers,GT-sep,ENS,9,3,0.8348356910777736,0.8457167820317817,roc_auc,results3/tolokers/ensemble.csv
tolokers,ResNet,ENS,0,1,0.7373616615682904,0.7217016557808633,roc_auc,results3/tolokers/ensemble.csv
tolokers,ResNet,ENS,1,2,0.7532878077525189,0.7363764779884445,roc_auc,results3/tolokers/ensemble.csv
tolokers,ResNet,ENS,2,2,0.7346318918030874,0.7416926272066459,roc_auc,results3/tolokers/ensemble.csv
tolokers,ResNet,ENS,3,1,0.7426450321720441,0.7400156983317472,roc_auc,results3/tolokers/ensemble.csv
tolokers,ResNet,ENS,4,5,0.7525821137284132,0.7380910259225819,roc_auc,results3/tolokers/ensemble.csv
tolokers,ResNet,ENS,5,5,0.7465261795850424,0.7276112371857961,roc_auc,results3/tolokers/ensemble.csv
tolokers,ResNet,ENS,6,3,0.7499059753512856,0.7407253768006313,roc_auc,results3/tolokers/ensemble.csv
tolokers,ResNet,ENS,7,2,0.7539507324418303,0.70855938659921,roc_auc,results3/tolokers/ensemble.csv
tolokers,ResNet,ENS,8,1,0.751569566699117,0.7292044551811273,roc_auc,results3/tolokers/ensemble.csv
tolokers,ResNet,ENS,9,1,0.7295280845176366,0.7408724639331505,roc_auc,results3/tolokers/ensemble.csv
tolokers,TAG,ENS,0,3,0.8526609993903672,0.8482674220302633,roc_auc,results3/tolokers/ensemble.csv
tolokers,TAG,ENS,1,5,0.854207484226262,0.8502727551250038,roc_auc,results3/tolokers/ensemble.csv
tolokers,TAG,ENS,2,2,0.842103762479481,0.8566673173747184,roc_auc,results3/tolokers/ensemble.csv
tolokers,TAG,ENS,3,5,0.8449889953822697,0.8529515032711636,roc_auc,results3/tolokers/ensemble.csv
tolokers,TAG,ENS,4,4,0.838207679743221,0.8591345854040762,roc_auc,results3/tolokers/ensemble.csv
tolokers,TAG,ENS,5,5,0.8558741305265788,0.8338267869392049,roc_auc,results3/tolokers/ensemble.csv
tolokers,TAG,ENS,6,4,0.8549881943058402,0.842513061608496,roc_auc,results3/tolokers/ensemble.csv
tolokers,TAG,ENS,7,5,0.8542251350628437,0.8411174284017797,roc_auc,results3/tolokers/ensemble.csv
tolokers,TAG,ENS,8,5,0.846100998086921,0.8471696911034653,roc_auc,results3/tolokers/ensemble.csv
tolokers,TAG,ENS,9,5,0.8542719776676183,0.8486802149505598,roc_auc,results3/tolokers/ensemble.csv
tolokers,GCN,GNNM,0,2,0.8348031049179303,0.8323494763155825,roc_auc,results3/tolokers/tabm.csv
tolokers,GCN,GNNM,1,2,0.8358492564245651,0.8348997774036205,roc_auc,results3/tolokers/tabm.csv
tolokers,GCN,GNNM,2,3,0.8288473053282446,0.8380455441410519,roc_auc,results3/tolokers/tabm.csv
tolokers,GCN,GNNM,3,2,0.8204875975717879,0.8313595189098472,roc_auc,results3/tolokers/tabm.csv
tolokers,GCN,GNNM,4,2,0.8208528341133644,0.8490194643045965,roc_auc,results3/tolokers/tabm.csv
tolokers,GCN,GNNM,5,2,0.8348336544427835,0.8256210872789288,roc_auc,results3/tolokers/tabm.csv
tolokers,GCN,GNNM,6,2,0.8425871238504894,0.8356894387371926,roc_auc,results3/tolokers/tabm.csv
tolokers,GCN,GNNM,7,2,0.8459896620407897,0.8282666222016164,roc_auc,results3/tolokers/tabm.csv
tolokers,GCN,GNNM,8,4,0.8319572469582857,0.8284753910348699,roc_auc,results3/tolokers/tabm.csv
tolokers,GCN,GNNM,9,2,0.8159058477221595,0.8273356352130662,roc_auc,results3/tolokers/tabm.csv
tolokers,SAGE,GNNM,0,3,0.8378342966616836,0.8365167191300034,roc_auc,results3/tolokers/tabm.csv
tolokers,SAGE,GNNM,1,4,0.8383414187742445,0.840051893967123,roc_auc,results3/tolokers/tabm.csv
tolokers,SAGE,GNNM,2,2,0.8157239083297012,0.8383634421371422,roc_auc,results3/tolokers/tabm.csv
tolokers,SAGE,GNNM,3,3,0.8309009122766999,0.8343914117382311,roc_auc,results3/tolokers/tabm.csv
tolokers,SAGE,GNNM,4,5,0.8324243152493722,0.8398702379693571,roc_auc,results3/tolokers/tabm.csv
tolokers,SAGE,GNNM,5,4,0.8478844114600094,0.8331137193658851,roc_auc,results3/tolokers/tabm.csv
tolokers,SAGE,GNNM,6,4,0.8403800903994385,0.8362710090583984,roc_auc,results3/tolokers/tabm.csv
tolokers,SAGE,GNNM,7,3,0.8358546874512056,0.824945299854404,roc_auc,results3/tolokers/tabm.csv
tolokers,SAGE,GNNM,8,2,0.8296986187541497,0.828490303094388,roc_auc,results3/tolokers/tabm.csv
tolokers,SAGE,GNNM,9,5,0.8301962365700896,0.8349767100743164,roc_auc,results3/tolokers/tabm.csv
tolokers,GAT,GNNM,0,3,0.8378920013197395,0.8411143782077873,roc_auc,results3/tolokers/tabm.csv
tolokers,GAT,GNNM,1,3,0.8439211197690727,0.8405263685881534,roc_auc,results3/tolokers/tabm.csv
tolokers,GAT,GNNM,2,3,0.82660361244737,0.8394608341534967,roc_auc,results3/tolokers/tabm.csv
tolokers,GAT,GNNM,3,2,0.8377134563189316,0.8515592591688831,roc_auc,results3/tolokers/tabm.csv
tolokers,GAT,GNNM,4,3,0.8409815765998787,0.8513857370217635,roc_auc,results3/tolokers/tabm.csv
tolokers,GAT,GNNM,5,3,0.8545258781630639,0.825530937100933,roc_auc,results3/tolokers/tabm.csv
tolokers,GAT,GNNM,6,3,0.8458993712228906,0.8344625829313854,roc_auc,results3/tolokers/tabm.csv
tolokers,GAT,GNNM,7,3,0.853407765553442,0.8328846159060161,roc_auc,results3/tolokers/tabm.csv
tolokers,GAT,GNNM,8,3,0.8386638859810267,0.8413072182501918,roc_auc,results3/tolokers/tabm.csv
tolokers,GAT,GNNM,9,2,0.8292254405580922,0.8387914860274002,roc_auc,results3/tolokers/tabm.csv
tolokers,GAT-sep,GNNM,0,4,0.8498185358223727,0.8499531625766954,roc_auc,results3/tolokers/tabm.csv
tolokers,GAT-sep,GNNM,1,3,0.8474105543856219,0.8426194794877844,roc_auc,results3/tolokers/tabm.csv
tolokers,GAT-sep,GNNM,2,5,0.8332824174585782,0.8568855757003924,roc_auc,results3/tolokers/tabm.csv
tolokers,GAT-sep,GNNM,3,4,0.8421988054456905,0.850779765148619,roc_auc,results3/tolokers/tabm.csv
tolokers,GAT-sep,GNNM,4,5,0.8445714852092778,0.8558241081910587,roc_auc,results3/tolokers/tabm.csv
tolokers,GAT-sep,GNNM,5,3,0.8663356455929256,0.838981614786256,roc_auc,results3/tolokers/tabm.csv
tolokers,GAT-sep,GNNM,6,4,0.8512618311520973,0.8412923061906739,roc_auc,results3/tolokers/tabm.csv
tolokers,GAT-sep,GNNM,7,4,0.8615488744876165,0.8407412378093914,roc_auc,results3/tolokers/tabm.csv
tolokers,GAT-sep,GNNM,8,5,0.8474920197852301,0.8561460731124724,roc_auc,results3/tolokers/tabm.csv
tolokers,GAT-sep,GNNM,9,5,0.8416434829716948,0.8499606186064546,roc_auc,results3/tolokers/tabm.csv
tolokers,GT,GNNM,0,5,0.8469903286993099,0.8463430885315417,roc_auc,results3/tolokers/tabm.csv
tolokers,GT,GNNM,1,5,0.8338099059210411,0.8310212862871412,roc_auc,results3/tolokers/tabm.csv
tolokers,GT,GNNM,2,5,0.8301500728436447,0.8517266809280181,roc_auc,results3/tolokers/tabm.csv
tolokers,GT,GNNM,3,5,0.8418912735621696,0.850695715358608,roc_auc,results3/tolokers/tabm.csv
tolokers,GT,GNNM,4,2,0.8346340642137435,0.843364404642802,roc_auc,results3/tolokers/tabm.csv
tolokers,GT,GNNM,5,5,0.8586066158051021,0.8355315064704782,roc_auc,results3/tolokers/tabm.csv
tolokers,GT,GNNM,6,5,0.853526569261204,0.8382448234818847,roc_auc,results3/tolokers/tabm.csv
tolokers,GT,GNNM,7,3,0.8594701490409486,0.8373785683880607,roc_auc,results3/tolokers/tabm.csv
tolokers,GT,GNNM,8,5,0.8391540361353358,0.844609561612563,roc_auc,results3/tolokers/tabm.csv
tolokers,GT,GNNM,9,2,0.8344650235095566,0.8404053775597906,roc_auc,results3/tolokers/tabm.csv
tolokers,GT-sep,GNNM,0,5,0.8425864449721592,0.8487784989792018,roc_auc,results3/tolokers/tabm.csv
tolokers,GT-sep,GNNM,1,5,0.839246363588225,0.8364011506687381,roc_auc,results3/tolokers/tabm.csv
tolokers,GT-sep,GNNM,2,5,0.8298551002092304,0.8534524129067942,roc_auc,results3/tolokers/tabm.csv
tolokers,GT-sep,GNNM,3,4,0.8448009460848408,0.8505859083748837,roc_auc,results3/tolokers/tabm.csv
tolokers,GT-sep,GNNM,4,5,0.8388247801452529,0.856578522838497,roc_auc,results3/tolokers/tabm.csv
tolokers,GT-sep,GNNM,5,5,0.8578191169422235,0.8314381461327607,roc_auc,results3/tolokers/tabm.csv
tolokers,GT-sep,GNNM,6,4,0.8564647546737378,0.8433728774038918,roc_auc,results3/tolokers/tabm.csv
tolokers,GT-sep,GNNM,7,4,0.8566107135147025,0.8347594684799731,roc_auc,results3/tolokers/tabm.csv
tolokers,GT-sep,GNNM,8,5,0.841176414680608,0.8462471768760049,roc_auc,results3/tolokers/tabm.csv
tolokers,GT-sep,GNNM,9,2,0.8276837078705082,0.8405056950510942,roc_auc,results3/tolokers/tabm.csv
tolokers,ResNet,GNNM,0,2,0.7329618511111202,0.7151498390853214,roc_auc,results3/tolokers/tabm.csv
tolokers,ResNet,GNNM,1,5,0.7654838569521892,0.7365805020754876,roc_auc,results3/tolokers/tabm.csv
tolokers,ResNet,GNNM,2,5,0.7381399955737132,0.7497275160033512,roc_auc,results3/tolokers/tabm.csv
tolokers,ResNet,GNNM,3,1,0.7500838414737634,0.745861225662841,roc_auc,results3/tolokers/tabm.csv
tolokers,ResNet,GNNM,4,1,0.754066141757942,0.7406660674730025,roc_auc,results3/tolokers/tabm.csv
tolokers,ResNet,GNNM,5,1,0.7587812911994286,0.7371895241426243,roc_auc,results3/tolokers/tabm.csv
tolokers,ResNet,GNNM,6,2,0.750539368833239,0.7462028473899829,roc_auc,results3/tolokers/tabm.csv
tolokers,ResNet,GNNM,7,1,0.7629064953720864,0.7250195890236397,roc_auc,results3/tolokers/tabm.csv
tolokers,ResNet,GNNM,8,1,0.7541818905132185,0.7352418058232948,roc_auc,results3/tolokers/tabm.csv
tolokers,ResNet,GNNM,9,1,0.7470757315932324,0.748267489812352,roc_auc,results3/tolokers/tabm.csv
tolokers,TAG,GNNM,0,5,0.8564484615938162,0.854491173416407,roc_auc,results3/tolokers/tabm.csv
tolokers,TAG,GNNM,1,5,0.8565726963282186,0.8546792687126012,roc_auc,results3/tolokers/tabm.csv
tolokers,TAG,GNNM,2,1,0.8400039918045806,0.8548982048591623,roc_auc,results3/tolokers/tabm.csv
tolokers,TAG,GNNM,3,1,0.8424771455610183,0.8500341621727143,roc_auc,results3/tolokers/tabm.csv
tolokers,TAG,GNNM,4,5,0.8433909157932895,0.8652519189109316,roc_auc,results3/tolokers/tabm.csv
tolokers,TAG,GNNM,5,5,0.8602732621054189,0.836746839321203,roc_auc,results3/tolokers/tabm.csv
tolokers,TAG,GNNM,6,4,0.8571511006654366,0.8427001401733594,roc_auc,results3/tolokers/tabm.csv
tolokers,TAG,GNNM,7,5,0.8590030807498618,0.8430980210341378,roc_auc,results3/tolokers/tabm.csv
tolokers,TAG,GNNM,8,5,0.8496651093197776,0.851704312838741,roc_auc,results3/tolokers/tabm.csv
tolokers,TAG,GNNM,9,4,0.854806933791712,0.8505679461213733,roc_auc,results3/tolokers/tabm.csv
