dataset,model,num_layers,hidden_dim,lr,split,best_step,train_metric_name,train_metric,train_acc,train_loss,train_roc_auc,train_f1_macro,train_f1_weighted,train_prec_macro,train_rec_macro,val_metric_name,val_metric,val_acc,val_loss,val_roc_auc,val_f1_macro,val_f1_weighted,val_prec_macro,val_rec_macro,test_metric_name,test_metric,test_acc,test_loss,test_roc_auc,test_f1_macro,test_f1_weighted,test_prec_macro,test_rec_macro
questions,ResNet,1,512,3e-05,0,1240,roc_auc,0.8634866563912509,0.9734668731689453,0.09890837222337723,0.8634866563912509,,,,,roc_auc,0.7149614671908284,0.9725266098976135,0.12474425137042999,0.7149614671908284,,,,,roc_auc,0.7064026607620715,0.9721199870109558,0.12657347321510315,0.7064026607620715,,,,
questions,ResNet,2,512,3e-05,0,1420,roc_auc,0.8951981481160776,0.9758381247520447,0.08849817514419556,0.8951981481160776,,,,,roc_auc,0.7146459311085327,0.970973014831543,0.13292355835437775,0.7146459311085327,,,,,roc_auc,0.7059421531300434,0.9704030752182007,0.13550400733947754,0.7059421531300434,,,,
questions,ResNet,3,512,3e-05,0,740,roc_auc,0.8232480416096611,0.9727718830108643,0.10893790423870087,0.8232480416096611,,,,,roc_auc,0.711897199660565,0.9724448323249817,0.12413042038679123,0.711897199660565,,,,,roc_auc,0.7032347515290609,0.9715477228164673,0.12636226415634155,0.7032347515290609,,,,
questions,ResNet,4,512,3e-05,0,990,roc_auc,0.8498729427520796,0.9739983677864075,0.10086890310049057,0.8498729427520796,,,,,roc_auc,0.7148017941568676,0.9713000655174255,0.12793956696987152,0.7148017941568676,,,,,roc_auc,0.7079107106986924,0.9703212976455688,0.13030438125133514,0.7079107106986924,,,,
questions,ResNet,5,512,3e-05,0,960,roc_auc,0.8287113878161277,0.9733442664146423,0.10544764250516891,0.8287113878161277,,,,,roc_auc,0.7128626269273621,0.9711365699768066,0.12628769874572754,0.7128626269273621,,,,,roc_auc,0.7080367759617094,0.9697489738464355,0.12893548607826233,0.7080367759617094,,,,
questions,ResNet,1,512,3e-05,1,770,roc_auc,0.8089406796783448,0.9721586108207703,0.11280578374862671,0.8089406796783448,,,,,roc_auc,0.7378624826097246,0.9734259843826294,0.11748158931732178,0.7378624826097246,,,,,roc_auc,0.7234093496094517,0.9725288152694702,0.11952608823776245,0.7234093496094517,,,,
questions,ResNet,2,512,3e-05,1,770,roc_auc,0.8239602780134966,0.9722403883934021,0.11235138028860092,0.8239602780134966,,,,,roc_auc,0.7386001189177333,0.9728536605834961,0.12030207365751266,0.7386001189177333,,,,,roc_auc,0.7218062889480478,0.972610592842102,0.1227157860994339,0.7218062889480478,,,,
questions,ResNet,3,512,3e-05,1,820,roc_auc,0.8337495453994423,0.9724448323249817,0.10852287709712982,0.8337495453994423,,,,,roc_auc,0.7422742150563704,0.9721994996070862,0.11997351795434952,0.7422742150563704,,,,,roc_auc,0.7208896605704338,0.9721199870109558,0.12300783395767212,0.7208896605704338,,,,
questions,ResNet,4,512,3e-05,1,760,roc_auc,0.8101471173995116,0.9717906713485718,0.11385692656040192,0.8101471173995116,,,,,roc_auc,0.741575255875171,0.9721994996070862,0.12005706131458282,0.741575255875171,,,,,roc_auc,0.7185165858940822,0.9722017645835876,0.12295681238174438,0.7185165858940822,,,,
questions,ResNet,5,512,3e-05,1,690,roc_auc,0.8084784591494496,0.9717906713485718,0.11376280337572098,0.8084784591494496,,,,,roc_auc,0.7403597550063787,0.9720360040664673,0.1201496496796608,0.7403597550063787,,,,,roc_auc,0.7212568891433796,0.9718747138977051,0.1227564737200737,0.7212568891433796,,,,
questions,ResNet,1,512,3e-05,2,1160,roc_auc,0.8501399592446992,0.9730580449104309,0.10330236703157425,0.8501399592446992,,,,,roc_auc,0.7182711901586917,0.972281277179718,0.12342139333486557,0.7182711901586917,,,,,roc_auc,0.7164399723857042,0.971792995929718,0.12392668426036835,0.7164399723857042,,,,
questions,ResNet,2,512,3e-05,2,1250,roc_auc,0.885635661465459,0.9752657413482666,0.09271963685750961,0.885635661465459,,,,,roc_auc,0.7264693555928857,0.9714636206626892,0.1293242871761322,0.7264693555928857,,,,,roc_auc,0.7270067119362562,0.9707301259040833,0.12939532101154327,0.7270067119362562,,,,
questions,ResNet,3,512,3e-05,2,1300,roc_auc,0.8783788511161527,0.9749795794487,0.0947321355342865,0.8783788511161527,,,,,roc_auc,0.7257605828123466,0.970973014831543,0.13052770495414734,0.7257605828123466,,,,,roc_auc,0.7233498957537248,0.9704848527908325,0.1307046115398407,0.7233498957537248,,,,
questions,ResNet,4,512,3e-05,2,1250,roc_auc,0.8769598912422285,0.9751430749893188,0.09389446675777435,0.8769598912422285,,,,,roc_auc,0.7260116955013307,0.9703189134597778,0.13103598356246948,0.7260116955013307,,,,,roc_auc,0.7283164284279477,0.97015780210495,0.12988325953483582,0.7283164284279477,,,,
questions,ResNet,5,512,3e-05,2,1220,roc_auc,0.8855363132039094,0.9757972359657288,0.09008130431175232,0.8855363132039094,,,,,roc_auc,0.7282991877803371,0.970237135887146,0.12996871769428253,0.7282991877803371,,,,,roc_auc,0.7291954219376647,0.970239520072937,0.1304498314857483,0.7291954219376647,,,,
questions,ResNet,1,512,3e-05,3,1370,roc_auc,0.863299678460304,0.9742436408996582,0.09804747253656387,0.863299678460304,,,,,roc_auc,0.7148525939652136,0.9725266098976135,0.12424777448177338,0.7148525939652136,,,,,roc_auc,0.7091407705681481,0.9726923108100891,0.12510015070438385,0.7091407705681481,,,,
questions,ResNet,2,512,3e-05,3,1140,roc_auc,0.8656199885700431,0.9744071960449219,0.09830276668071747,0.8656199885700431,,,,,roc_auc,0.713798036125591,0.9721994996070862,0.12645888328552246,0.713798036125591,,,,,roc_auc,0.708673567162077,0.9719564914703369,0.12846636772155762,0.708673567162077,,,,
questions,ResNet,3,512,3e-05,3,1180,roc_auc,0.8641866257959118,0.9744889736175537,0.09898369014263153,0.8641866257959118,,,,,roc_auc,0.7127035311639505,0.9720360040664673,0.12890847027301788,0.7127035311639505,,,,,roc_auc,0.7052307848601622,0.9715477228164673,0.13089507818222046,0.7052307848601622,,,,
questions,ResNet,4,512,3e-05,3,1140,roc_auc,0.8717764057981053,0.9747751355171204,0.09592896699905396,0.8717764057981053,,,,,roc_auc,0.7174683222786022,0.970973014831543,0.13031233847141266,0.7174683222786022,,,,,roc_auc,0.7101071554735644,0.9707301259040833,0.13232867419719696,0.7101071554735644,,,,
questions,ResNet,5,512,3e-05,3,1010,roc_auc,0.8709205156180547,0.9751839637756348,0.09465549886226654,0.8709205156180547,,,,,roc_auc,0.718757944685936,0.970973014831543,0.12975452840328217,0.718757944685936,,,,,roc_auc,0.7127385946724727,0.9705665707588196,0.13187377154827118,0.7127385946724727,,,,
questions,ResNet,1,512,3e-05,4,1180,roc_auc,0.8386182163494564,0.9730580449104309,0.1051284596323967,0.8386182163494564,,,,,roc_auc,0.7016745464096658,0.972281277179718,0.12416405230760574,0.7016745464096658,,,,,roc_auc,0.7274124989321396,0.9719564914703369,0.12030336260795593,0.7274124989321396,,,,
questions,ResNet,2,512,3e-05,4,1040,roc_auc,0.8521375462538027,0.973630428314209,0.10231310874223709,0.8521375462538027,,,,,roc_auc,0.6975472928897586,0.9718724489212036,0.12789225578308105,0.6975472928897586,,,,,roc_auc,0.7318414071284596,0.9717112183570862,0.12403091043233871,0.7318414071284596,,,,
questions,ResNet,3,512,3e-05,4,310,roc_auc,0.7632894319080524,0.9721177220344543,0.12157116085290909,0.7632894319080524,,,,,roc_auc,0.6948077977705811,0.9721177220344543,0.12655682861804962,0.6948077977705811,,,,,roc_auc,0.7126512032767732,0.9724470376968384,0.12368210405111313,0.7126512032767732,,,,
questions,ResNet,4,512,3e-05,4,1160,roc_auc,0.8442819331636158,0.9738348126411438,0.10384336858987808,0.8442819331636158,,,,,roc_auc,0.7016628855445681,0.9717906713485718,0.12888450920581818,0.7016628855445681,,,,,roc_auc,0.7321229759714067,0.9708936214447021,0.12694396078586578,0.7321229759714067,,,,
questions,ResNet,5,512,3e-05,4,290,roc_auc,0.7593508592672128,0.971586287021637,0.12189973145723343,0.7593508592672128,,,,,roc_auc,0.696546536665339,0.9717088937759399,0.12586051225662231,0.696546536665339,,,,,roc_auc,0.7101057701410038,0.9715477228164673,0.12335379421710968,0.7101057701410038,,,,
questions,ResNet,1,512,3e-05,6,1050,roc_auc,0.8525447817628689,0.9733442664146423,0.10072647035121918,0.8525447817628689,,,,,roc_auc,0.713549809789354,0.9717088937759399,0.12441094219684601,0.713549809789354,,,,,roc_auc,0.6963660418047188,0.9720382690429688,0.12579479813575745,0.6963660418047188,,,,
questions,ResNet,2,512,3e-05,6,1450,roc_auc,0.8665382528329553,0.9741619229316711,0.09881778806447983,0.8665382528329553,,,,,roc_auc,0.7180372801320796,0.9705641865730286,0.1303386241197586,0.7180372801320796,,,,,roc_auc,0.7057375856885911,0.970239520072937,0.13276106119155884,0.7057375856885911,,,,
questions,ResNet,3,512,3e-05,6,1120,roc_auc,0.8658241980268893,0.9747751355171204,0.0981450006365776,0.8658241980268893,,,,,roc_auc,0.7192333847104123,0.9699918031692505,0.1316680610179901,0.7192333847104123,,,,,roc_auc,0.7048262677524596,0.9690949320793152,0.13484780490398407,0.7048262677524596,,,,
questions,ResNet,4,512,3e-05,6,1070,roc_auc,0.8573771712588539,0.9744480848312378,0.09909318387508392,0.8573771712588539,,,,,roc_auc,0.7247121440405475,0.9690924286842346,0.13075853884220123,0.7247121440405475,,,,,roc_auc,0.7080547852849975,0.9683590531349182,0.13388943672180176,0.7080547852849975,,,,
questions,ResNet,5,512,3e-05,6,1020,roc_auc,0.8524732868053271,0.9735077619552612,0.10149077326059341,0.8524732868053271,,,,,roc_auc,0.7246831650589682,0.9683564901351929,0.1317780464887619,0.7246831650589682,,,,,roc_auc,0.7079005515932478,0.9685226082801819,0.13444393873214722,0.7079005515932478,,,,
questions,ResNet,1,512,3e-05,5,1300,roc_auc,0.8904929313221227,0.9751839637756348,0.0911027044057846,0.8904929313221227,,,,,roc_auc,0.7066384958638565,0.9717906713485718,0.12809646129608154,0.7066384958638565,,,,,roc_auc,0.6930133061192447,0.9721199870109558,0.13150210678577423,0.6930133061192447,,,,
questions,ResNet,2,512,3e-05,5,1200,roc_auc,0.8805330804888327,0.9745707511901855,0.0944480150938034,0.8805330804888327,,,,,roc_auc,0.703566723816451,0.9711365699768066,0.13113513588905334,0.703566723816451,,,,,roc_auc,0.6942128886723665,0.971057116985321,0.13390956819057465,0.6942128886723665,,,,
questions,ResNet,3,512,3e-05,5,1300,roc_auc,0.8615413989574494,0.97432541847229,0.09808234125375748,0.8615413989574494,,,,,roc_auc,0.7045285720058418,0.9712183475494385,0.12796300649642944,0.7045285720058418,,,,,roc_auc,0.7013913356683883,0.9704848527908325,0.12967295944690704,0.7013913356683883,,,,
questions,ResNet,4,512,3e-05,5,1270,roc_auc,0.8841324200913243,0.9756336808204651,0.09160970896482468,0.8841324200913243,,,,,roc_auc,0.7076247048704316,0.9700735807418823,0.13267481327056885,0.7076247048704316,,,,,roc_auc,0.6988649508553273,0.9699125289916992,0.13527218997478485,0.6988649508553273,,,,
questions,ResNet,5,512,3e-05,5,1180,roc_auc,0.8834551374192543,0.9757563471794128,0.09129408001899719,0.8834551374192543,,,,,roc_auc,0.7077558607392528,0.9708095192909241,0.1326708346605301,0.7077558607392528,,,,,roc_auc,0.7027494233553215,0.9704848527908325,0.13502439856529236,0.7027494233553215,,,,
questions,ResNet,1,512,3e-05,7,1160,roc_auc,0.8345746670592107,0.9730989336967468,0.1056366115808487,0.8345746670592107,,,,,roc_auc,0.7216902481686092,0.9727718830108643,0.12107396870851517,0.7216902481686092,,,,,roc_auc,0.7165556476545166,0.9729375839233398,0.1201465055346489,0.7165556476545166,,,,
questions,ResNet,2,512,3e-05,7,1200,roc_auc,0.842992541664502,0.9735077619552612,0.10317171365022659,0.842992541664502,,,,,roc_auc,0.7203487868659404,0.9721994996070862,0.1233167052268982,0.7203487868659404,,,,,roc_auc,0.7097551655587853,0.9730193614959717,0.12304174154996872,0.7097551655587853,,,,
questions,ResNet,3,512,3e-05,7,950,roc_auc,0.8189328287988731,0.9726083278656006,0.1083650290966034,0.8189328287988731,,,,,roc_auc,0.7222555114905702,0.9717088937759399,0.12242903560400009,0.7222555114905702,,,,,roc_auc,0.7119773544304089,0.9728558659553528,0.12184710800647736,0.7119773544304089,,,,
questions,ResNet,4,512,3e-05,7,820,roc_auc,0.8282278082769052,0.9731807112693787,0.1058385968208313,0.8282278082769052,,,,,roc_auc,0.7243468472368946,0.9718724489212036,0.12271374464035034,0.7243468472368946,,,,,roc_auc,0.7089684121087301,0.9725288152694702,0.12257815152406693,0.7089684121087301,,,,
questions,ResNet,5,512,3e-05,7,1020,roc_auc,0.8328041205571814,0.9730580449104309,0.10466835647821426,0.8328041205571814,,,,,roc_auc,0.7241922541837682,0.9712183475494385,0.12549978494644165,0.7241922541837682,,,,,roc_auc,0.7100846438194542,0.9718747138977051,0.1252056509256363,0.7100846438194542,,,,
questions,ResNet,1,512,3e-05,8,1390,roc_auc,0.8667813703248302,0.9728536605834961,0.10091113299131393,0.8667813703248302,,,,,roc_auc,0.7281818864047013,0.9730989336967468,0.12002871185541153,0.7281818864047013,,,,,roc_auc,0.7189971808482392,0.9734281897544861,0.12143634259700775,0.7189971808482392,,,,
questions,ResNet,2,512,3e-05,8,1090,roc_auc,0.8519652598583377,0.9724857211112976,0.10578781366348267,0.8519652598583377,,,,,roc_auc,0.7307426585617882,0.9730989336967468,0.12230515480041504,0.7307426585617882,,,,,roc_auc,0.7224789833506114,0.9726923108100891,0.12435347586870193,0.7224789833506114,,,,
questions,ResNet,3,512,3e-05,8,1050,roc_auc,0.8656661413504667,0.9735895395278931,0.10142414271831512,0.8656661413504667,,,,,roc_auc,0.7281912381876012,0.972281277179718,0.12361551821231842,0.7281912381876012,,,,,roc_auc,0.7216312752678887,0.9717112183570862,0.12648844718933105,0.7216312752678887,,,,
questions,ResNet,4,512,3e-05,8,1130,roc_auc,0.8738945268979214,0.9735486507415771,0.0984177514910698,0.8738945268979214,,,,,roc_auc,0.7294733560777931,0.9718724489212036,0.12431658804416656,0.7294733560777931,,,,,roc_auc,0.7200045485085741,0.9704030752182007,0.12828369438648224,0.7200045485085741,,,,
questions,ResNet,5,512,3e-05,8,1230,roc_auc,0.8676142562734876,0.9737939834594727,0.09897347539663315,0.8676142562734876,,,,,roc_auc,0.7324415657886382,0.9714636206626892,0.12361637502908707,0.7324415657886382,,,,,roc_auc,0.720436079601209,0.9704848527908325,0.12773361802101135,0.720436079601209,,,,
questions,ResNet,1,512,3e-05,9,1720,roc_auc,0.8912335405734606,0.9748160243034363,0.09096213430166245,0.8912335405734606,,,,,roc_auc,0.7362543223132385,0.9725266098976135,0.12361270934343338,0.7362543223132385,,,,,roc_auc,0.7152218032873942,0.9723653197288513,0.12397219985723495,0.7152218032873942,,,,
questions,ResNet,2,512,3e-05,9,1360,roc_auc,0.9094892887449562,0.976410448551178,0.08552492409944534,0.9094892887449562,,,,,roc_auc,0.7332158010494778,0.9716271758079529,0.13419842720031738,0.7332158010494778,,,,,roc_auc,0.7125077059123684,0.9711388945579529,0.13368846476078033,0.7125077059123684,,,,
questions,ResNet,3,512,3e-05,9,1630,roc_auc,0.9089235636065556,0.9773916602134705,0.08296539634466171,0.9089235636065556,,,,,roc_auc,0.7332453573016064,0.9700735807418823,0.13582250475883484,0.7332453573016064,,,,,roc_auc,0.713173127318989,0.97015780210495,0.13568341732025146,0.713173127318989,,,,
questions,ResNet,4,512,3e-05,9,1590,roc_auc,0.9071173706481017,0.9775143265724182,0.0829535722732544,0.9071173706481017,,,,,roc_auc,0.7359880851358606,0.9701553583145142,0.13561590015888214,0.7359880851358606,,,,,roc_auc,0.7108613536084449,0.9695854783058167,0.1367017775774002,0.7108613536084449,,,,
questions,ResNet,5,512,3e-05,9,1270,roc_auc,0.9149976331907476,0.9782093167304993,0.07982348650693893,0.9149976331907476,,,,,roc_auc,0.7325350836176391,0.9699918031692505,0.1370556503534317,0.7325350836176391,,,,,roc_auc,0.708485392822592,0.9690131545066833,0.13891465961933136,0.708485392822592,,,,
questions,GCN,1,512,3e-05,0,1880,roc_auc,0.8925280697804641,0.9726083278656006,0.09481434524059296,0.8925280697804641,,,,,roc_auc,0.7472074537173337,0.971545398235321,0.12243472784757614,0.7472074537173337,,,,,roc_auc,0.7419939322433844,0.9712206721305847,0.1253570318222046,0.7419939322433844,,,,
questions,GCN,2,512,3e-05,0,1250,roc_auc,0.8878991104260834,0.9733442664146423,0.09465743601322174,0.8878991104260834,,,,,roc_auc,0.7743026860398663,0.9719542264938354,0.12112297862768173,0.7743026860398663,,,,,roc_auc,0.7725980065064453,0.970239520072937,0.12520115077495575,0.7725980065064453,,,,
questions,GCN,3,512,3e-05,0,900,roc_auc,0.8700043583926479,0.9724448323249817,0.09883210062980652,0.8700043583926479,,,,,roc_auc,0.7743987438592845,0.9721994996070862,0.11703255027532578,0.7743987438592845,,,,,roc_auc,0.7777902329436701,0.9704030752182007,0.1206214651465416,0.7777902329436701,,,,
questions,GCN,4,512,3e-05,0,960,roc_auc,0.8643200330198755,0.9724857211112976,0.10022935271263123,0.8643200330198755,,,,,roc_auc,0.7760423485675031,0.9719542264938354,0.11618354916572571,0.7760423485675031,,,,,roc_auc,0.7814996917635053,0.9707301259040833,0.12007425725460052,0.7814996917635053,,,,
questions,GCN,5,512,3e-05,0,730,roc_auc,0.8632930109854585,0.9727718830108643,0.10030108690261841,0.8632930109854585,,,,,roc_auc,0.7729470238816827,0.9717906713485718,0.11643972992897034,0.7729470238816827,,,,,roc_auc,0.7823034155374282,0.970239520072937,0.11966478079557419,0.7823034155374282,,,,
questions,GCN,1,512,3e-05,1,1630,roc_auc,0.8672043075928395,0.9716271758079529,0.10183590650558472,0.8672043075928395,,,,,roc_auc,0.7544047474729981,0.9728536605834961,0.11669113487005234,0.7544047474729981,,,,,roc_auc,0.7618520972780525,0.9714659452438354,0.11818896979093552,0.7618520972780525,,,,
questions,GCN,2,512,3e-05,1,1580,roc_auc,0.9060392313065365,0.973630428314209,0.0890558511018753,0.9060392313065365,,,,,roc_auc,0.7880003925439736,0.9717088937759399,0.11829227209091187,0.7880003925439736,,,,,roc_auc,0.792752632709087,0.9713841676712036,0.11806894838809967,0.792752632709087,,,,
questions,GCN,3,512,3e-05,1,1150,roc_auc,0.890831933452251,0.9727718830108643,0.09352680295705795,0.890831933452251,,,,,roc_auc,0.7906968232801668,0.9721177220344543,0.1128409281373024,0.7906968232801668,,,,,roc_auc,0.7948424068767909,0.9721199870109558,0.11316806823015213,0.7948424068767909,,,,
questions,GCN,4,512,3e-05,1,1140,roc_auc,0.8838709742595061,0.9722403883934021,0.09574787318706512,0.8838709742595061,,,,,roc_auc,0.7885843594317348,0.9721177220344543,0.11417865008115768,0.7885843594317348,,,,,roc_auc,0.7909149890674172,0.9711388945579529,0.11470381915569305,0.7909149890674172,,,,
questions,GCN,5,512,3e-05,1,980,roc_auc,0.9057835293166848,0.9737122058868408,0.08872245997190475,0.9057835293166848,,,,,roc_auc,0.7872982006476975,0.9714636206626892,0.11506333947181702,0.7872982006476975,,,,,roc_auc,0.7943279867192785,0.9715477228164673,0.11465617269277573,0.7943279867192785,,,,
questions,GCN,1,512,3e-05,2,1350,roc_auc,0.8550671365648939,0.9723630547523499,0.10248986631631851,0.8550671365648939,,,,,roc_auc,0.7510145529905501,0.9713818430900574,0.12044577300548553,0.7510145529905501,,,,,roc_auc,0.730418324255557,0.9716294407844543,0.12245748192071915,0.730418324255557,,,,
questions,GCN,2,512,3e-05,2,1490,roc_auc,0.9012318953523948,0.9747342467308044,0.09007977694272995,0.9012318953523948,,,,,roc_auc,0.7869979045079059,0.9690924286842346,0.12464553117752075,0.7869979045079059,,,,,roc_auc,0.7618133079663549,0.970239520072937,0.12574996054172516,0.7618133079663549,,,,
questions,GCN,3,512,3e-05,2,1080,roc_auc,0.8761637485640396,0.9739983677864075,0.09554067999124527,0.8761637485640396,,,,,roc_auc,0.7864949864052786,0.970237135887146,0.11735173314809799,0.7864949864052786,,,,,roc_auc,0.7644866534752222,0.9707301259040833,0.11932326853275299,0.7644866534752222,,,,
questions,GCN,4,512,3e-05,2,940,roc_auc,0.8699530679043348,0.9739574790000916,0.09688038378953934,0.8699530679043348,,,,,roc_auc,0.7874828117693919,0.9704824090003967,0.11719580739736557,0.7874828117693919,,,,,roc_auc,0.7665994010745563,0.9708936214447021,0.11861031502485275,0.7665994010745563,,,,
questions,GCN,5,512,3e-05,2,830,roc_auc,0.8583135329534893,0.9730989336967468,0.09958194941282272,0.8583135329534893,,,,,roc_auc,0.7858251216597683,0.9699918031692505,0.11716839671134949,0.7858251216597683,,,,,roc_auc,0.7629380825612029,0.971057116985321,0.1183418557047844,0.7629380825612029,,,,
questions,GCN,1,512,3e-05,4,1420,roc_auc,0.8450305376120626,0.9721994996070862,0.1054048091173172,0.8450305376120626,,,,,roc_auc,0.7501554589589503,0.9713818430900574,0.12018163502216339,0.7501554589589503,,,,,roc_auc,0.7546658000641872,0.9715477228164673,0.1190214678645134,0.7546658000641872,,,,
questions,GCN,2,512,3e-05,4,1030,roc_auc,0.8754110166311644,0.9728127717971802,0.09821414202451706,0.8754110166311644,,,,,roc_auc,0.7749211737064811,0.9713818430900574,0.11893006414175034,0.7749211737064811,,,,,roc_auc,0.7835430572904281,0.9708936214447021,0.11664904654026031,0.7835430572904281,,,,
questions,GCN,3,512,3e-05,4,990,roc_auc,0.8729326787085303,0.9727718830108643,0.09830692410469055,0.8729326787085303,,,,,roc_auc,0.7802541144958406,0.9708912372589111,0.11629383265972137,0.7802541144958406,,,,,roc_auc,0.7861606431637302,0.9705665707588196,0.11554180830717087,0.7861606431637302,,,,
questions,GCN,4,512,3e-05,4,760,roc_auc,0.8602453688470175,0.9726083278656006,0.10062408447265625,0.8602453688470175,,,,,roc_auc,0.7777322503737827,0.9712183475494385,0.11588197946548462,0.7777322503737827,,,,,roc_auc,0.7877805587046217,0.9706483483314514,0.11442340910434723,0.7877805587046217,,,,
questions,GCN,5,512,3e-05,4,840,roc_auc,0.8619280547714298,0.9729762673377991,0.09998605400323868,0.8619280547714298,,,,,roc_auc,0.7796775366711116,0.9706459641456604,0.11664640158414841,0.7796775366711116,,,,,roc_auc,0.7848862526523346,0.9705665707588196,0.1159057766199112,0.7848862526523346,,,,
questions,GCN,1,512,3e-05,3,1880,roc_auc,0.9003535782115004,0.972894549369812,0.09258092194795609,0.9003535782115004,,,,,roc_auc,0.7390510826709153,0.9716271758079529,0.12542226910591125,0.7390510826709153,,,,,roc_auc,0.7496510116391024,0.9719564914703369,0.12327861785888672,0.7496510116391024,,,,
questions,GCN,2,512,3e-05,3,1520,roc_auc,0.907213255286355,0.9740392565727234,0.08926669508218765,0.907213255286355,,,,,roc_auc,0.7689571607525298,0.9710547924041748,0.12531517446041107,0.7689571607525298,,,,,roc_auc,0.7726477630342476,0.9713023900985718,0.12634219229221344,0.7726477630342476,,,,
questions,GCN,3,512,3e-05,3,1520,roc_auc,0.9126034901777416,0.9749795794487,0.08647987246513367,0.9126034901777416,,,,,roc_auc,0.777425257895618,0.9720360040664673,0.12021524459123611,0.777425257895618,,,,,roc_auc,0.7699169262241146,0.9723653197288513,0.12143164873123169,0.7699169262241146,,,,
questions,GCN,4,512,3e-05,3,1400,roc_auc,0.8998038723308454,0.974366307258606,0.0907314196228981,0.8998038723308454,,,,,roc_auc,0.7771987369320379,0.9720360040664673,0.12020646035671234,0.7771987369320379,,,,,roc_auc,0.7669092537906163,0.9719564914703369,0.12105455249547958,0.7669092537906163,,,,
questions,GCN,5,512,3e-05,3,1030,roc_auc,0.9121171974669368,0.9748160243034363,0.0875602439045906,0.9121171974669368,,,,,roc_auc,0.77832926357596,0.9717906713485718,0.12141526490449905,0.77832926357596,,,,,roc_auc,0.7628322200646951,0.971792995929718,0.12335279583930969,0.7628322200646951,,,,
questions,GCN,1,512,3e-05,5,1790,roc_auc,0.887313844679586,0.9733850955963135,0.09480185061693192,0.887313844679586,,,,,roc_auc,0.7323391579931766,0.9708095192909241,0.12730872631072998,0.7323391579931766,,,,,roc_auc,0.7251898482829957,0.970975399017334,0.1273975968360901,0.7251898482829957,,,,
questions,GCN,2,512,3e-05,5,1170,roc_auc,0.891457752454843,0.9735077619552612,0.0928831622004509,0.891457752454843,,,,,roc_auc,0.7648038146037903,0.9699100852012634,0.12616164982318878,0.7648038146037903,,,,,roc_auc,0.769355635648301,0.9714659452438354,0.12410501390695572,0.769355635648301,,,,
questions,GCN,3,512,3e-05,5,920,roc_auc,0.8787911666060533,0.9734259843826294,0.0966339260339737,0.8787911666060533,,,,,roc_auc,0.7663649850775562,0.9707277417182922,0.12236393988132477,0.7663649850775562,,,,,roc_auc,0.7771188084292868,0.9714659452438354,0.12013006210327148,0.7771188084292868,,,,
questions,GCN,4,512,3e-05,5,970,roc_auc,0.8666279895398576,0.9731398224830627,0.09974401444196701,0.8666279895398576,,,,,roc_auc,0.7654390431163373,0.9705641865730286,0.12276621162891388,0.7654390431163373,,,,,roc_auc,0.7784158260391726,0.9713841676712036,0.11991367489099503,0.7784158260391726,,,,
questions,GCN,5,512,3e-05,5,770,roc_auc,0.8592733029689024,0.973017156124115,0.10139178484678268,0.8592733029689024,,,,,roc_auc,0.7626249646421788,0.9704006314277649,0.12312153726816177,0.7626249646421788,,,,,roc_auc,0.777562114848687,0.971057116985321,0.11986631155014038,0.777562114848687,,,,
questions,GCN,1,512,3e-05,6,2040,roc_auc,0.8787782646092744,0.9729762673377991,0.096855029463768,0.8787782646092744,,,,,roc_auc,0.7493702555576722,0.9712183475494385,0.12250463664531708,0.7493702555576722,,,,,roc_auc,0.7274089201563578,0.9713841676712036,0.12506134808063507,0.7274089201563578,,,,
questions,GCN,2,512,3e-05,6,1380,roc_auc,0.8996225805148099,0.9742436408996582,0.09136991202831268,0.8996225805148099,,,,,roc_auc,0.7758436520444036,0.970237135887146,0.12532015144824982,0.7758436520444036,,,,,roc_auc,0.7697913227386177,0.9700760245323181,0.12732961773872375,0.7697913227386177,,,,
questions,GCN,3,512,3e-05,6,980,roc_auc,0.874693613655912,0.9733033776283264,0.09723272919654846,0.874693613655912,,,,,roc_auc,0.773988535406889,0.9704824090003967,0.11950907111167908,0.773988535406889,,,,,roc_auc,0.7662541069338202,0.9696672558784485,0.1212049201130867,0.7662541069338202,,,,
questions,GCN,4,512,3e-05,6,1010,roc_auc,0.8826779003515577,0.9738348126411438,0.09488971531391144,0.8826779003515577,,,,,roc_auc,0.7743337431954234,0.9704824090003967,0.11981138586997986,0.7743337431954234,,,,,roc_auc,0.769169539307657,0.9700760245323181,0.12101585417985916,0.769169539307657,,,,
questions,GCN,5,512,3e-05,6,800,roc_auc,0.8756066824838797,0.9735077619552612,0.09640402346849442,0.8756066824838797,,,,,roc_auc,0.7751220638576681,0.9699100852012634,0.11985338479280472,0.7751220638576681,,,,,roc_auc,0.7662808900299924,0.9699942469596863,0.12149712443351746,0.7662808900299924,,,,
questions,GCN,1,512,3e-05,8,1160,roc_auc,0.8481612489825606,0.9716271758079529,0.10586654394865036,0.8481612489825606,,,,,roc_auc,0.7340617333125515,0.971545398235321,0.12205030769109726,0.7340617333125515,,,,,roc_auc,0.7352378962339734,0.9725288152694702,0.12073177099227905,0.7352378962339734,,,,
questions,GCN,2,512,3e-05,8,980,roc_auc,0.850097270087572,0.9714636206626892,0.10541015863418579,0.850097270087572,,,,,roc_auc,0.7672919661257641,0.9716271758079529,0.11899751424789429,0.7672919661257641,,,,,roc_auc,0.7634115199637966,0.9721199870109558,0.11852507293224335,0.7634115199637966,,,,
questions,GCN,3,512,3e-05,8,1080,roc_auc,0.8563840350056862,0.9719542264938354,0.10259868949651718,0.8563840350056862,,,,,roc_auc,0.7679747617315809,0.9718724489212036,0.11721488833427429,0.7679747617315809,,,,,roc_auc,0.7660832492513432,0.9722017645835876,0.11602594703435898,0.7660832492513432,,,,
questions,GCN,4,512,3e-05,8,770,roc_auc,0.8492177695420513,0.9717906713485718,0.10380234569311142,0.8492177695420513,,,,,roc_auc,0.764216037730403,0.9716271758079529,0.11744353175163269,0.764216037730403,,,,,roc_auc,0.7674009314052583,0.971792995929718,0.11566393822431564,0.7674009314052583,,,,
questions,GCN,5,512,3e-05,8,850,roc_auc,0.8549561274382466,0.9714636206626892,0.10323569178581238,0.8549561274382466,,,,,roc_auc,0.7647983882606262,0.9712183475494385,0.11817513406276703,0.7647983882606262,,,,,roc_auc,0.7712917533461554,0.9714659452438354,0.11589978635311127,0.7712917533461554,,,,
questions,GCN,1,512,3e-05,7,1200,roc_auc,0.8206818142458826,0.9717088937759399,0.11027013510465622,0.8206818142458826,,,,,roc_auc,0.7497885457977591,0.9708095192909241,0.11979209631681442,0.7497885457977591,,,,,roc_auc,0.7535324825852152,0.9719564914703369,0.11798632889986038,0.7535324825852152,,,,
questions,GCN,2,512,3e-05,7,1060,roc_auc,0.8781608448931763,0.9726492166519165,0.09819653630256653,0.8781608448931763,,,,,roc_auc,0.7856887703560027,0.9703189134597778,0.12058039009571075,0.7856887703560027,,,,,roc_auc,0.7811507034026077,0.9722017645835876,0.11725494265556335,0.7811507034026077,,,,
questions,GCN,3,512,3e-05,7,1180,roc_auc,0.8632451263933867,0.9723630547523499,0.10040641576051712,0.8632451263933867,,,,,roc_auc,0.7693349266000497,0.9703189134597778,0.11944904178380966,0.7693349266000497,,,,,roc_auc,0.7750845630083882,0.9721199870109558,0.11494152992963791,0.7750845630083882,,,,
questions,GCN,4,512,3e-05,7,1050,roc_auc,0.8649916295770338,0.972281277179718,0.09985426813364029,0.8649916295770338,,,,,roc_auc,0.7696868307269569,0.9699100852012634,0.1202317550778389,0.7696868307269569,,,,,roc_auc,0.7756872981166403,0.9718747138977051,0.11560740321874619,0.7756872981166403,,,,
questions,GCN,5,512,3e-05,7,930,roc_auc,0.8607255136264713,0.9717497825622559,0.10106005519628525,0.8607255136264713,,,,,roc_auc,0.769500718701834,0.970237135887146,0.12000575661659241,0.769500718701834,,,,,roc_auc,0.7759340027568118,0.9721199870109558,0.115374356508255,0.7759340027568118,,,,
questions,SAGE,1,512,3e-05,0,1040,roc_auc,0.9179997575463693,0.9762469530105591,0.08111562579870224,0.9179997575463693,,,,,roc_auc,0.752431290372859,0.9718724489212036,0.12419267743825912,0.752431290372859,,,,,roc_auc,0.7427151132855702,0.9708118438720703,0.1278541386127472,0.7427151132855702,,,,
questions,SAGE,2,512,3e-05,0,850,roc_auc,0.9518075784077724,0.9803352355957031,0.06403005123138428,0.9518075784077724,,,,,roc_auc,0.7682829087508443,0.9687653183937073,0.1333293467760086,0.7682829087508443,,,,,roc_auc,0.7617496981129461,0.9666421413421631,0.13980825245380402,0.7617496981129461,,,,
questions,SAGE,3,512,3e-05,0,850,roc_auc,0.9711697810412806,0.983074426651001,0.05519188195466995,0.9711697810412806,,,,,roc_auc,0.7739879581363398,0.9638593792915344,0.1466614007949829,0.7739879581363398,,,,,roc_auc,0.7665511453236945,0.9605919122695923,0.15598006546497345,0.7665511453236945,,,,
questions,SAGE,4,512,3e-05,0,830,roc_auc,0.9532028413256441,0.9796402454376221,0.06817056238651276,0.9532028413256441,,,,,roc_auc,0.7748635621056521,0.9628781676292419,0.14346374571323395,0.7748635621056521,,,,,roc_auc,0.7681723307527666,0.9601013660430908,0.1515485942363739,0.7681723307527666,,,,
questions,SAGE,5,512,3e-05,0,770,roc_auc,0.9406099151989562,0.9761242866516113,0.07883420586585999,0.9406099151989562,,,,,roc_auc,0.7709515150465569,0.9632052183151245,0.14358234405517578,0.7709515150465569,,,,,roc_auc,0.7703182108891757,0.9591202735900879,0.15245552361011505,0.7703182108891757,,,,
questions,GCN,1,512,3e-05,9,1260,roc_auc,0.8511326625449549,0.9718315601348877,0.10493265837430954,0.8511326625449549,,,,,roc_auc,0.7400372916774904,0.9719542264938354,0.12149086594581604,0.7400372916774904,,,,,roc_auc,0.7286738442285892,0.9718747138977051,0.121817447245121,0.7286738442285892,,,,
questions,GCN,2,512,3e-05,9,1420,roc_auc,0.8947556413764438,0.9731807112693787,0.09322554618120193,0.8947556413764438,,,,,roc_auc,0.7746915354819343,0.9696647524833679,0.1236293613910675,0.7746915354819343,,,,,roc_auc,0.76428266325567,0.9714659452438354,0.12130774557590485,0.76428266325567,,,,
questions,GCN,3,512,3e-05,9,1100,roc_auc,0.8958025215177597,0.9735077619552612,0.09230705350637436,0.8958025215177597,,,,,roc_auc,0.779776365389167,0.9698283076286316,0.11979173868894577,0.779776365389167,,,,,roc_auc,0.7625535373312492,0.9715477228164673,0.11763264238834381,0.7625535373312492,,,,
questions,GCN,4,512,3e-05,9,1360,roc_auc,0.8901063043716698,0.973630428314209,0.09333007782697678,0.8901063043716698,,,,,roc_auc,0.7778191873185205,0.9701553583145142,0.11984630674123764,0.7778191873185205,,,,,roc_auc,0.7635979626375808,0.971792995929718,0.11692317575216293,0.7635979626375808,,,,
questions,GCN,5,512,3e-05,9,1400,roc_auc,0.9032556327173857,0.9741619229316711,0.08976651728153229,0.9032556327173857,,,,,roc_auc,0.782190741734929,0.969501256942749,0.12094758450984955,0.782190741734929,,,,,roc_auc,0.7641138835720338,0.9715477228164673,0.11870153248310089,0.7641138835720338,,,,
questions,SAGE,1,512,3e-05,1,1150,roc_auc,0.9189568143902004,0.9754292964935303,0.08135762065649033,0.9189568143902004,,,,,roc_auc,0.7699895514030561,0.9726083278656006,0.11815435439348221,0.7699895514030561,,,,,roc_auc,0.7616580352751847,0.9730193614959717,0.11970242857933044,0.7616580352751847,,,,
questions,SAGE,2,512,3e-05,1,880,roc_auc,0.9352914061733313,0.9791087508201599,0.0729214996099472,0.9352914061733313,,,,,roc_auc,0.781714839894013,0.9694194793701172,0.12407077103853226,0.781714839894013,,,,,roc_auc,0.7828449651242528,0.9706483483314514,0.1234636977314949,0.7828449651242528,,,,
questions,SAGE,3,512,3e-05,1,730,roc_auc,0.9217841412234673,0.9759607315063477,0.08372050523757935,0.9217841412234673,,,,,roc_auc,0.787250518100318,0.9675388336181641,0.12657390534877777,0.787250518100318,,,,,roc_auc,0.7830543812296673,0.9681955575942993,0.12684032320976257,0.7830543812296673,,,,
questions,SAGE,4,512,3e-05,1,850,roc_auc,0.9248478314831813,0.9768601655960083,0.08629369735717773,0.9248478314831813,,,,,roc_auc,0.7822202979870576,0.9656582474708557,0.1321977823972702,0.7822202979870576,,,,,roc_auc,0.787254016887204,0.9660698175430298,0.13025090098381042,0.787254016887204,,,,
questions,SAGE,5,512,3e-05,1,830,roc_auc,0.9284526551558919,0.9755110740661621,0.08991459757089615,0.9284526551558919,,,,,roc_auc,0.7887679314664404,0.9622240662574768,0.13867072761058807,0.7887679314664404,,,,,roc_auc,0.7895949980259012,0.9628812074661255,0.13823746144771576,0.7895949980259012,,,,
questions,SAGE,1,512,3e-05,2,780,roc_auc,0.9135335596233887,0.9753884077072144,0.08313719928264618,0.9135335596233887,,,,,roc_auc,0.7553223767383059,0.9710547924041748,0.12221666425466537,0.7553223767383059,,,,,roc_auc,0.7600770244903707,0.9712206721305847,0.12110023945569992,0.7600770244903707,,,,
questions,SAGE,2,512,3e-05,2,860,roc_auc,0.922696488463248,0.9765331149101257,0.08056378364562988,0.922696488463248,,,,,roc_auc,0.762475682478107,0.9692559242248535,0.1268610805273056,0.762475682478107,,,,,roc_auc,0.7715616623067172,0.969421923160553,0.12444882094860077,0.7715616623067172,,,,
questions,SAGE,3,512,3e-05,2,690,roc_auc,0.9202021890099232,0.9746525287628174,0.0889446958899498,0.9202021890099232,,,,,roc_auc,0.7656509014079629,0.964186429977417,0.13455000519752502,0.7656509014079629,,,,,roc_auc,0.7755877850610354,0.9652522206306458,0.1316366046667099,0.7755877850610354,,,,
questions,SAGE,4,512,3e-05,2,870,roc_auc,0.9324043895652576,0.9760833978652954,0.08598604798316956,0.9324043895652576,,,,,roc_auc,0.7665357417060654,0.9620605111122131,0.14214666187763214,0.7665357417060654,,,,,roc_auc,0.7816130581447164,0.9630447030067444,0.13739365339279175,0.7816130581447164,,,,
questions,SAGE,5,512,3e-05,2,790,roc_auc,0.9342055314064042,0.9724448323249817,0.09666457772254944,0.9342055314064042,,,,,roc_auc,0.7717785128356107,0.9559280276298523,0.15288370847702026,0.7717785128356107,,,,,roc_auc,0.7815620317287334,0.9581391215324402,0.1479235738515854,0.7815620317287334,,,,
questions,SAGE,1,512,3e-05,4,1110,roc_auc,0.9329975350547541,0.9773098826408386,0.0749744176864624,0.9329975350547541,,,,,roc_auc,0.7370951745954777,0.9704006314277649,0.1274431198835373,0.7370951745954777,,,,,roc_auc,0.7667320466672363,0.970975399017334,0.12187657505273819,0.7667320466672363,,,,
questions,SAGE,2,512,3e-05,4,730,roc_auc,0.9102060567226041,0.9752657413482666,0.08602286130189896,0.9102060567226041,,,,,roc_auc,0.7453114663249225,0.9704006314277649,0.12527774274349213,0.7453114663249225,,,,,roc_auc,0.7829710303872697,0.9700760245323181,0.12035579979419708,0.7829710303872697,,,,
questions,SAGE,3,512,3e-05,4,700,roc_auc,0.9206199019794608,0.9742028117179871,0.08732116967439651,0.9206199019794608,,,,,roc_auc,0.7546775655346392,0.9675388336181641,0.13271814584732056,0.7546775655346392,,,,,roc_auc,0.7868172907974667,0.966805636882782,0.12828993797302246,0.7868172907974667,,,,
questions,SAGE,4,512,3e-05,4,520,roc_auc,0.9002909443568918,0.9722403883934021,0.09690923988819122,0.9002909443568918,,,,,roc_auc,0.7589034168643818,0.9665576815605164,0.1314568966627121,0.7589034168643818,,,,,roc_auc,0.7864998187523233,0.9661515951156616,0.12919878959655762,0.7864998187523233,,,,
questions,SAGE,5,512,3e-05,4,720,roc_auc,0.9090140796286996,0.973017156124115,0.09519967436790466,0.9090140796286996,,,,,roc_auc,0.7589539857645082,0.9657399654388428,0.13433325290679932,0.7589539857645082,,,,,roc_auc,0.7858087686933313,0.9650887250900269,0.1317140907049179,0.7858087686933313,,,,
questions,SAGE,1,512,3e-05,3,940,roc_auc,0.9407825190932235,0.9781684279441833,0.0708746612071991,0.9407825190932235,,,,,roc_auc,0.7480671250194829,0.9719542264938354,0.125660240650177,0.7480671250194829,,,,,roc_auc,0.7477438704806412,0.9716294407844543,0.1273893415927887,0.7477438704806412,,,,
questions,SAGE,2,512,3e-05,3,780,roc_auc,0.9485104688014132,0.980989396572113,0.06603560596704483,0.9485104688014132,,,,,roc_auc,0.7699646133153225,0.9688470959663391,0.12870196998119354,0.7699646133153225,,,,,roc_auc,0.7577826828812146,0.9698307514190674,0.1343183070421219,0.7577826828812146,,,,
questions,SAGE,3,512,3e-05,3,1010,roc_auc,0.9608946538974421,0.982461154460907,0.06285775452852249,0.9608946538974421,,,,,roc_auc,0.7701749707035197,0.9638593792915344,0.13935382664203644,0.7701749707035197,,,,,roc_auc,0.761343911117063,0.9634535312652588,0.14556370675563812,0.761343911117063,,,,
questions,SAGE,4,512,3e-05,3,740,roc_auc,0.9437217498224894,0.9792314171791077,0.07551724463701248,0.9437217498224894,,,,,roc_auc,0.7773686853817778,0.9636140465736389,0.135405495762825,0.7773686853817778,,,,,roc_auc,0.7667090732356059,0.9637805223464966,0.14259245991706848,0.7667090732356059,,,,
questions,SAGE,5,512,3e-05,3,930,roc_auc,0.9582851312424593,0.9816026091575623,0.06880256533622742,0.9582851312424593,,,,,roc_auc,0.7749279854989639,0.962142288684845,0.13963058590888977,0.7749279854989639,,,,,roc_auc,0.761386163760162,0.9627176523208618,0.14790064096450806,0.761386163760162,,,,
questions,SAGE,1,512,3e-05,5,930,roc_auc,0.9277509250760553,0.9765740036964417,0.07815571129322052,0.9277509250760553,,,,,roc_auc,0.74443597780972,0.9717906713485718,0.12439767271280289,0.74443597780972,,,,,roc_auc,0.7352275062397687,0.9712206721305847,0.12766173481941223,0.7352275062397687,,,,
questions,SAGE,2,512,3e-05,5,860,roc_auc,0.9474578159546034,0.9797220230102539,0.06904318183660507,0.9474578159546034,,,,,roc_auc,0.7564567133678541,0.9681112170219421,0.1335480958223343,0.7564567133678541,,,,,roc_auc,0.748246168978248,0.9671326875686646,0.1377093642950058,0.748246168978248,,,,
questions,SAGE,3,512,3e-05,5,770,roc_auc,0.9368741088385895,0.9769010543823242,0.0793604925274849,0.9368741088385895,,,,,roc_auc,0.7615575913963597,0.9650040864944458,0.13615170121192932,0.7615575913963597,,,,,roc_auc,0.7582157147507902,0.9645981192588806,0.13874970376491547,0.7582157147507902,,,,
questions,SAGE,4,512,3e-05,5,760,roc_auc,0.9462065531752766,0.9766148924827576,0.08128734678030014,0.9462065531752766,,,,,roc_auc,0.7632945984794693,0.9604251980781555,0.1463446021080017,0.7632945984794693,,,,,roc_auc,0.7627219706817452,0.9601831436157227,0.14625899493694305,0.7627219706817452,,,,
questions,SAGE,5,512,3e-05,5,810,roc_auc,0.9344281846573034,0.9742436408996582,0.08808913081884384,0.9344281846573034,,,,,roc_auc,0.7626168828544875,0.9600163698196411,0.14673975110054016,0.7626168828544875,,,,,roc_auc,0.7666927955780185,0.9601013660430908,0.1451556384563446,0.7666927955780185,,,,
questions,SAGE,1,512,3e-05,6,1080,roc_auc,0.9157972394922329,0.9754292964935303,0.0831669420003891,0.9157972394922329,,,,,roc_auc,0.7546735246407934,0.9714636206626892,0.12245344370603561,0.7546735246407934,,,,,roc_auc,0.7271596757398253,0.9707301259040833,0.12718579173088074,0.7271596757398253,,,,
questions,SAGE,2,512,3e-05,6,1060,roc_auc,0.952616363310993,0.9800490736961365,0.06633201986551285,0.952616363310993,,,,,roc_auc,0.7577627302587904,0.9659035205841064,0.1349859982728958,0.7577627302587904,,,,,roc_auc,0.7463919013458507,0.9667238593101501,0.1390228271484375,0.7463919013458507,,,,
questions,SAGE,3,512,3e-05,6,920,roc_auc,0.9334356545382124,0.9761242866516113,0.08052843809127808,0.9334356545382124,,,,,roc_auc,0.7666264886364292,0.9618969559669495,0.13881035149097443,0.7666264886364292,,,,,roc_auc,0.7544426460775463,0.9627176523208618,0.14143118262290955,0.7544426460775463,,,,
questions,SAGE,4,512,3e-05,6,980,roc_auc,0.9386090088841937,0.9748160243034363,0.08186262100934982,0.9386090088841937,,,,,roc_auc,0.7702247314248769,0.9609975814819336,0.14145368337631226,0.7702247314248769,,,,,roc_auc,0.7566327414115153,0.9602648615837097,0.14422643184661865,0.7566327414115153,,,,
questions,SAGE,5,512,3e-05,6,720,roc_auc,0.9209075847577485,0.9716680645942688,0.09720631688833237,0.9209075847577485,,,,,roc_auc,0.773462988298726,0.9582175016403198,0.1465594619512558,0.773462988298726,,,,,roc_auc,0.7516859497262813,0.959038496017456,0.15012626349925995,0.7516859497262813,,,,
questions,SAGE,1,512,3e-05,7,1010,roc_auc,0.8862013866038596,0.9735895395278931,0.09358437359333038,0.8862013866038596,,,,,roc_auc,0.7523490870466261,0.9723630547523499,0.11839891970157623,0.7523490870466261,,,,,roc_auc,0.7385532279403106,0.9728558659553528,0.11957015097141266,0.7385532279403106,,,,
questions,SAGE,2,512,3e-05,7,830,roc_auc,0.9202223646156243,0.976287841796875,0.07952709496021271,0.9202223646156243,,,,,roc_auc,0.769067534881573,0.9708095192909241,0.12155863642692566,0.769067534881573,,,,,roc_auc,0.7517262398149196,0.9718747138977051,0.12492034584283829,0.7517262398149196,,,,
questions,SAGE,3,512,3e-05,7,860,roc_auc,0.9170252671319468,0.9760425090789795,0.08532800525426865,0.9170252671319468,,,,,roc_auc,0.7763964463224979,0.9691741466522217,0.1257804036140442,0.7763964463224979,,,,,roc_auc,0.7616777762641738,0.9682773351669312,0.1296038180589676,0.7616777762641738,,,,
questions,SAGE,4,512,3e-05,7,710,roc_auc,0.9329952836996114,0.9780049324035645,0.07699664682149887,0.9329952836996114,,,,,roc_auc,0.7796138060024592,0.9670482277870178,0.12767526507377625,0.7796138060024592,,,,,roc_auc,0.7668252102819383,0.9672961831092834,0.1321917325258255,0.7668252102819383,,,,
questions,SAGE,5,512,3e-05,7,660,roc_auc,0.9140171102990837,0.9746933579444885,0.0904933288693428,0.9140171102990837,,,,,roc_auc,0.7793417961195874,0.9659852981567383,0.13133080303668976,0.7793417961195874,,,,,roc_auc,0.767152379655006,0.9659063220024109,0.13453559577465057,0.767152379655006,,,,
questions,SAGE,1,512,3e-05,8,1060,roc_auc,0.9304212343198888,0.9762060642242432,0.07767126709222794,0.9304212343198888,,,,,roc_auc,0.7608849557522124,0.9717906713485718,0.11997798830270767,0.7608849557522124,,,,,roc_auc,0.7463348718221048,0.9722835421562195,0.1227152869105339,0.7463348718221048,,,,
questions,SAGE,2,512,3e-05,8,810,roc_auc,0.9337273782103459,0.9769010543823242,0.0774921327829361,0.9337273782103459,,,,,roc_auc,0.7692242061086769,0.9700735807418823,0.12369014322757721,0.7692242061086769,,,,,roc_auc,0.757517622584615,0.9696672558784485,0.12701423466205597,0.757517622584615,,,,
questions,SAGE,3,512,3e-05,8,810,roc_auc,0.9318350276223959,0.9766557812690735,0.0800427496433258,0.9318350276223959,,,,,roc_auc,0.7657954499535298,0.9683564901351929,0.12867218255996704,0.7657954499535298,,,,,roc_auc,0.7633045030234884,0.9672144651412964,0.1311541348695755,0.7633045030234884,,,,
questions,SAGE,4,512,3e-05,8,870,roc_auc,0.9269178948097605,0.9757563471794128,0.08382275700569153,0.9269178948097605,,,,,roc_auc,0.7700866483094633,0.9664759039878845,0.13129273056983948,0.7700866483094633,,,,,roc_auc,0.7665182436753797,0.9652522206306458,0.1340329647064209,0.7665182436753797,,,,
questions,SAGE,5,512,3e-05,8,650,roc_auc,0.9173822801032161,0.9721994996070862,0.09699229896068573,0.9173822801032161,,,,,roc_auc,0.7717154748916175,0.9639411568641663,0.13800933957099915,0.7717154748916175,,,,,roc_auc,0.7659463322166014,0.9612460136413574,0.14198395609855652,0.7659463322166014,,,,
questions,SAGE,1,512,3e-05,9,1230,roc_auc,0.9440182071131278,0.9774734377861023,0.07094212621450424,0.9440182071131278,,,,,roc_auc,0.7705996109196496,0.9724448323249817,0.12319877743721008,0.7705996109196496,,,,,roc_auc,0.7464650930828036,0.9725288152694702,0.12449387460947037,0.7464650930828036,,,,
questions,SAGE,2,512,3e-05,9,940,roc_auc,0.9621123483943219,0.9818479418754578,0.05992160364985466,0.9621123483943219,,,,,roc_auc,0.7754253618043168,0.968928873538971,0.13021649420261383,0.7754253618043168,,,,,roc_auc,0.7533355344728463,0.9690949320793152,0.13213977217674255,0.7533355344728463,,,,
questions,SAGE,3,512,3e-05,9,880,roc_auc,0.9604988194817266,0.9812755584716797,0.06485195457935333,0.9604988194817266,,,,,roc_auc,0.7803173833480537,0.9645134806632996,0.13685855269432068,0.7803173833480537,,,,,roc_auc,0.762783502536313,0.9652522206306458,0.13687211275100708,0.762783502536313,,,,
questions,SAGE,4,512,3e-05,9,790,roc_auc,0.9548260395199418,0.9773507714271545,0.08015383034944534,0.9548260395199418,,,,,roc_auc,0.7789526003151898,0.9587081074714661,0.1484157294034958,0.7789526003151898,,,,,roc_auc,0.7744242211544901,0.9596925973892212,0.14498302340507507,0.7744242211544901,,,,
questions,SAGE,5,512,3e-05,9,870,roc_auc,0.9387556356037383,0.9737530946731567,0.09355214983224869,0.9387556356037383,,,,,roc_auc,0.7772809402582709,0.9580539464950562,0.1491462141275406,0.7772809402582709,,,,,roc_auc,0.7780661450119947,0.9578121304512024,0.14645139873027802,0.7780661450119947,,,,
questions,GAT,1,512,3e-05,0,1720,roc_auc,0.9166702457440729,0.9744071960449219,0.08502691239118576,0.9166702457440729,,,,,roc_auc,0.7623467202373737,0.971545398235321,0.11862104386091232,0.7623467202373737,,,,,roc_auc,0.7663921784123627,0.9697489738464355,0.12268874049186707,0.7663921784123627,,,,
questions,GAT,2,512,3e-05,0,1530,roc_auc,0.9355484358854464,0.9754701852798462,0.07890856266021729,0.9355484358854464,,,,,roc_auc,0.7817335434598133,0.9690106511116028,0.13005602359771729,0.7817335434598133,,,,,roc_auc,0.7903655892627491,0.9671326875686646,0.1321006566286087,0.7903655892627491,,,,
questions,GAT,3,512,3e-05,0,1640,roc_auc,0.9154408037915129,0.9746525287628174,0.08535370230674744,0.9154408037915129,,,,,roc_auc,0.7873262559963978,0.9713000655174255,0.11775042116641998,0.7873262559963978,,,,,roc_auc,0.7929683982554045,0.9690949320793152,0.12082880735397339,0.7929683982554045,,,,
questions,GAT,4,512,3e-05,0,1420,roc_auc,0.9065634218289085,0.9752248525619507,0.08745982497930527,0.9065634218289085,,,,,roc_auc,0.792635182330903,0.9714636206626892,0.1153956949710846,0.792635182330903,,,,,roc_auc,0.7942206234458301,0.9699942469596863,0.11846625059843063,0.7942206234458301,,,,
questions,GAT,5,512,3e-05,0,1400,roc_auc,0.9020063326579268,0.9742436408996582,0.09088890254497528,0.9020063326579268,,,,,roc_auc,0.7886995826333927,0.9714636206626892,0.11629635840654373,0.7886995826333927,,,,,roc_auc,0.7904458231068854,0.97015780210495,0.1195334941148758,0.7904458231068854,,,,
questions,GAT,1,512,3e-05,1,1500,roc_auc,0.8860659877965006,0.972281277179718,0.09567881375551224,0.8860659877965006,,,,,roc_auc,0.770274723054454,0.9718724489212036,0.11500736325979233,0.770274723054454,,,,,roc_auc,0.779508507096366,0.9714659452438354,0.11476325988769531,0.779508507096366,,,,
questions,GAT,2,512,3e-05,1,1690,roc_auc,0.9327960964965452,0.9748160243034363,0.08127263933420181,0.9327960964965452,,,,,roc_auc,0.7938100433530182,0.9672117829322815,0.12613698840141296,0.7938100433530182,,,,,roc_auc,0.8059657037835741,0.967623233795166,0.11963309347629547,0.8059657037835741,,,,
questions,GAT,3,512,3e-05,1,1370,roc_auc,0.9239242563312148,0.9757972359657288,0.08258736878633499,0.9239242563312148,,,,,roc_auc,0.798375560674021,0.9705641865730286,0.1175311729311943,0.798375560674021,,,,,roc_auc,0.8144790341461388,0.9712206721305847,0.1125725731253624,0.8144790341461388,,,,
questions,GAT,4,512,3e-05,1,1770,roc_auc,0.9467597226792281,0.9771054983139038,0.07683616876602173,0.9467597226792281,,,,,roc_auc,0.7992507028268938,0.9697465300559998,0.12110809236764908,0.7992507028268938,,,,,roc_auc,0.8099522291155343,0.97015780210495,0.11633656173944473,0.8099522291155343,,,,
questions,GAT,5,512,3e-05,1,2030,roc_auc,0.9339955203805368,0.9756336808204651,0.08179692924022675,0.9339955203805368,,,,,roc_auc,0.7992352319761702,0.9691741466522217,0.12121162563562393,0.7992352319761702,,,,,roc_auc,0.8087744655502425,0.97015780210495,0.11689134687185287,0.8087744655502425,,,,
questions,GAT,1,512,3e-05,2,1280,roc_auc,0.8763714793712369,0.972894549369812,0.09736888855695724,0.8763714793712369,,,,,roc_auc,0.7698468501232473,0.9703189134597778,0.11837015300989151,0.7698468501232473,,,,,roc_auc,0.7545986114349967,0.9707301259040833,0.1191151961684227,0.7545986114349967,,,,
questions,GAT,2,512,3e-05,2,1610,roc_auc,0.9205844287042009,0.9735486507415771,0.08582620322704315,0.9205844287042009,,,,,roc_auc,0.7938849730703289,0.9658217430114746,0.1304454654455185,0.7938849730703289,,,,,roc_auc,0.7847390610677683,0.965988039970398,0.12629735469818115,0.7847390610677683,,,,
questions,GAT,3,512,3e-05,2,1480,roc_auc,0.894696673189824,0.974938690662384,0.0900992676615715,0.894696673189824,,,,,roc_auc,0.7889449226168828,0.9706459641456604,0.11764156818389893,0.7889449226168828,,,,,roc_auc,0.7901074556289525,0.9711388945579529,0.11472062021493912,0.7901074556289525,,,,
questions,GAT,4,512,3e-05,2,1280,roc_auc,0.8783006309567105,0.9740801453590393,0.0950903668999672,0.8783006309567105,,,,,roc_auc,0.786461504713414,0.9703189134597778,0.11730064451694489,0.786461504713414,,,,,roc_auc,0.7911977123541649,0.9720382690429688,0.11363212019205093,0.7911977123541649,,,,
questions,GAT,5,512,3e-05,2,1230,roc_auc,0.887764000253999,0.9744889736175537,0.09279470890760422,0.887764000253999,,,,,roc_auc,0.786341663347361,0.970237135887146,0.11813058704137802,0.786341663347361,,,,,roc_auc,0.7887936985839593,0.9716294407844543,0.11484306305646896,0.7887936985839593,,,,
questions,GAT,1,512,3e-05,3,1640,roc_auc,0.9218441773606036,0.9745707511901855,0.08259019255638123,0.9218441773606036,,,,,roc_auc,0.7591208169532815,0.9711365699768066,0.12003073841333389,0.7591208169532815,,,,,roc_auc,0.7578096968661469,0.9708118438720703,0.12041033059358597,0.7578096968661469,,,,
questions,GAT,2,512,3e-05,3,1980,roc_auc,0.9558748823811255,0.9776778221130371,0.0707729160785675,0.9558748823811255,,,,,roc_auc,0.7833023339048312,0.9643499851226807,0.13400328159332275,0.7833023339048312,,,,,roc_auc,0.780285563218497,0.9650887250900269,0.13417933881282806,0.780285563218497,,,,
questions,GAT,3,512,3e-05,3,1610,roc_auc,0.9368879633317748,0.9768601655960083,0.07625915855169296,0.9368879633317748,,,,,roc_auc,0.7855273655103938,0.9698283076286316,0.12228956073522568,0.7855273655103938,,,,,roc_auc,0.7761131724346526,0.971057116985321,0.12075487524271011,0.7761131724346526,,,,
questions,GAT,4,512,3e-05,3,1640,roc_auc,0.9211279577899776,0.9753884077072144,0.08365165442228317,0.9211279577899776,,,,,roc_auc,0.7880692031934609,0.9707277417182922,0.1180848553776741,0.7880692031934609,,,,,roc_auc,0.7753062162180884,0.9712206721305847,0.11706899851560593,0.7753062162180884,,,,
questions,GAT,5,512,3e-05,3,1670,roc_auc,0.9296181355315796,0.9760425090789795,0.08163608610630035,0.9296181355315796,,,,,roc_auc,0.7873630858574487,0.9695829749107361,0.12111545354127884,0.7873630858574487,,,,,roc_auc,0.7789114287627363,0.9708936214447021,0.11865772306919098,0.7789114287627363,,,,
questions,GAT,1,512,3e-05,4,1660,roc_auc,0.9294938780458237,0.9750613570213318,0.08088718354701996,0.9294938780458237,,,,,roc_auc,0.7672842307004024,0.970237135887146,0.12242477387189865,0.7672842307004024,,,,,roc_auc,0.7811600543973919,0.9699125289916992,0.11827241629362106,0.7811600543973919,,,,
questions,GAT,2,512,3e-05,4,1660,roc_auc,0.9232055544972262,0.9733850955963135,0.08460380882024765,0.9232055544972262,,,,,roc_auc,0.7853504898140612,0.9665576815605164,0.12669071555137634,0.7853504898140612,,,,,roc_auc,0.8007274150387085,0.9673779606819153,0.12545453011989594,0.8007274150387085,,,,
questions,GAT,3,512,3e-05,4,1630,roc_auc,0.9297283653429854,0.9748569130897522,0.08172625303268433,0.9297283653429854,,,,,roc_auc,0.7851710741273112,0.9694194793701172,0.11894949525594711,0.7851710741273112,,,,,roc_auc,0.7984378066491344,0.9712206721305847,0.11438579857349396,0.7984378066491344,,,,
questions,GAT,4,512,3e-05,4,1820,roc_auc,0.9120248919060896,0.9733033776283264,0.08958394080400467,0.9120248919060896,,,,,roc_auc,0.7856582904709951,0.9685200452804565,0.11789534986019135,0.7856582904709951,,,,,roc_auc,0.7990901828408091,0.97015780210495,0.11492271721363068,0.7990901828408091,,,,
questions,GAT,5,512,3e-05,4,1430,roc_auc,0.9158562654059077,0.9737122058868408,0.08745218813419342,0.9158562654059077,,,,,roc_auc,0.7868338442177696,0.968928873538971,0.11783334612846375,0.7868338442177696,,,,,roc_auc,0.7953959626791408,0.971057116985321,0.11424371600151062,0.7953959626791408,,,,
questions,GAT,1,512,3e-05,5,1760,roc_auc,0.8996060705770973,0.973630428314209,0.08999524265527725,0.8996060705770973,,,,,roc_auc,0.7528957622568969,0.9696647524833679,0.12299589812755585,0.7528957622568969,,,,,roc_auc,0.766505775682334,0.970975399017334,0.11998844146728516,0.766505775682334,,,,
questions,GAT,2,512,3e-05,5,1410,roc_auc,0.8885554381772105,0.9725266098976135,0.095907062292099,0.8885554381772105,,,,,roc_auc,0.7783449653349035,0.9661487936973572,0.1303570568561554,0.7783449653349035,,,,,roc_auc,0.7928938211858908,0.967623233795166,0.12402303516864777,0.7928938211858908,,,,
questions,GAT,3,512,3e-05,5,1220,roc_auc,0.8754591032679286,0.974366307258606,0.09455028176307678,0.8754591032679286,,,,,roc_auc,0.7769680596205024,0.971545398235321,0.11748621612787247,0.7769680596205024,,,,,roc_auc,0.7948590308675184,0.9720382690429688,0.11383681744337082,0.7948590308675184,,,,
questions,GAT,4,512,3e-05,5,1360,roc_auc,0.8815880424178398,0.9740801453590393,0.09509474784135818,0.8815880424178398,,,,,roc_auc,0.7788665870033309,0.9704006314277649,0.12069826573133469,0.7788665870033309,,,,,roc_auc,0.7965918510121008,0.9703212976455688,0.11590501666069031,0.7965918510121008,,,,
questions,GAT,5,512,3e-05,5,970,roc_auc,0.8687672098782537,0.9737122058868408,0.09737659990787506,0.8687672098782537,,,,,roc_auc,0.7768987871545758,0.9706459641456604,0.11967959254980087,0.7768987871545758,,,,,roc_auc,0.7958861395168422,0.970975399017334,0.11512500792741776,0.7958861395168422,,,,
questions,GAT,1,512,3e-05,6,2360,roc_auc,0.9547784724266722,0.9787408113479614,0.06824299693107605,0.9547784724266722,,,,,roc_auc,0.768503079738381,0.9697465300559998,0.12434881925582886,0.768503079738381,,,,,roc_auc,0.7532468731889663,0.9706483483314514,0.1265849620103836,0.7532468731889663,,,,
questions,GAT,2,512,3e-05,6,1830,roc_auc,0.9393692164706833,0.9758381247520447,0.07981167733669281,0.9393692164706833,,,,,roc_auc,0.7840995445335366,0.9657399654388428,0.1312105804681778,0.7840995445335366,,,,,roc_auc,0.7805876811610933,0.9664785861968994,0.132208451628685,0.7805876811610933,,,,
questions,GAT,3,512,3e-05,6,1740,roc_auc,0.9352910309474742,0.9767375588417053,0.07911260426044464,0.9352910309474742,,,,,roc_auc,0.7876908600753916,0.9688470959663391,0.12224089354276657,0.7876908600753916,,,,,roc_auc,0.786437017009575,0.9697489738464355,0.12315169721841812,0.786437017009575,,,,
questions,GAT,4,512,3e-05,6,2020,roc_auc,0.9304240629455807,0.976410448551178,0.08630365133285522,0.9304240629455807,,,,,roc_auc,0.7859747501861698,0.968928873538971,0.12424467504024506,0.7859747501861698,,,,,roc_auc,0.781567573058976,0.9690949320793152,0.12495402991771698,0.781567573058976,,,,
questions,GAT,5,512,3e-05,6,1460,roc_auc,0.9147993118935052,0.9744071960449219,0.09110713005065918,0.9147993118935052,,,,,roc_auc,0.7876211257930255,0.9679476618766785,0.12416572123765945,0.7876211257930255,,,,,roc_auc,0.780084112775306,0.968604326248169,0.12590382993221283,0.780084112775306,,,,
questions,GAT,1,512,3e-05,7,1740,roc_auc,0.882249652194494,0.9725674390792847,0.09690861403942108,0.882249652194494,,,,,roc_auc,0.7641429552788506,0.9704006314277649,0.11837372928857803,0.7641429552788506,,,,,roc_auc,0.7748452468085402,0.971057116985321,0.11528807878494263,0.7748452468085402,,,,
questions,GAT,2,512,3e-05,7,1760,roc_auc,0.9046145853177009,0.9723221659660339,0.09102237224578857,0.9046145853177009,,,,,roc_auc,0.7919803266196768,0.9675388336181641,0.12394336611032486,0.7919803266196768,,,,,roc_auc,0.7940460715431912,0.97015780210495,0.11947468668222427,0.7940460715431912,,,,
questions,GAT,3,512,3e-05,7,1130,roc_auc,0.8884597267201219,0.9740392565727234,0.09288673847913742,0.8884597267201219,,,,,roc_auc,0.7987939663682178,0.9717906713485718,0.11344151198863983,0.7987939663682178,,,,,roc_auc,0.7920013206837078,0.972610592842102,0.11150030791759491,0.7920013206837078,,,,
questions,GAT,4,512,3e-05,7,1370,roc_auc,0.8909631181845996,0.9742436408996582,0.09250354766845703,0.8909631181845996,,,,,roc_auc,0.7943074196583713,0.9710547924041748,0.1159488707780838,0.7943074196583713,,,,,roc_auc,0.7875821098153122,0.972610592842102,0.11356674879789352,0.7875821098153122,,,,
questions,GAT,5,512,3e-05,7,1210,roc_auc,0.8888645376928805,0.9739983677864075,0.09445333480834961,0.8888645376928805,,,,,roc_auc,0.7942480762458941,0.9712183475494385,0.11713889986276627,0.7942480762458941,,,,,roc_auc,0.7884583326599077,0.9724470376968384,0.11445364356040955,0.7884583326599077,,,,
questions,GAT,1,512,3e-05,8,1700,roc_auc,0.8794544793308279,0.9719951152801514,0.09814229607582092,0.8794544793308279,,,,,roc_auc,0.7560040178030237,0.970973014831543,0.1183086708188057,0.7560040178030237,,,,,roc_auc,0.7585137921400849,0.9718747138977051,0.11727588623762131,0.7585137921400849,,,,
questions,GAT,2,512,3e-05,8,1380,roc_auc,0.9021489473471531,0.9721586108207703,0.09228332340717316,0.9021489473471531,,,,,roc_auc,0.787007949015465,0.9692559242248535,0.12086352705955505,0.787007949015465,,,,,roc_auc,0.7840208815794638,0.9683590531349182,0.12370599806308746,0.7840208815794638,,,,
questions,GAT,3,512,3e-05,8,1050,roc_auc,0.8509555270768752,0.9720768928527832,0.10346407443284988,0.8509555270768752,,,,,roc_auc,0.7810687586951376,0.9717906713485718,0.11494715511798859,0.7810687586951376,,,,,roc_auc,0.7821944360426591,0.9718747138977051,0.11414019018411636,0.7821944360426591,,,,
questions,GAT,4,512,3e-05,8,1080,roc_auc,0.8522121584723112,0.9719133377075195,0.1038861870765686,0.8522121584723112,,,,,roc_auc,0.7818214040374303,0.9713000655174255,0.11530477553606033,0.7818214040374303,,,,,roc_auc,0.781264185228199,0.9722017645835876,0.11440839618444443,0.781264185228199,,,,
questions,GAT,5,512,3e-05,8,1030,roc_auc,0.8703947664651992,0.9728127717971802,0.09970226138830185,0.8703947664651992,,,,,roc_auc,0.7763595010073372,0.9721994996070862,0.11677993088960648,0.7763595010073372,,,,,roc_auc,0.7797789932788282,0.9718747138977051,0.11527974158525467,0.7797789932788282,,,,
questions,GAT,1,512,3e-05,9,1470,roc_auc,0.8985989643766343,0.9729354381561279,0.09222546964883804,0.8985989643766343,,,,,roc_auc,0.7561091964971223,0.9708095192909241,0.1207427829504013,0.7561091964971223,,,,,roc_auc,0.7754225841531808,0.971057116985321,0.11592333763837814,0.7754225841531808,,,,
questions,GAT,2,512,3e-05,9,1700,roc_auc,0.9250726494986405,0.9739983677864075,0.08392710238695145,0.9250726494986405,,,,,roc_auc,0.7733191324778184,0.9674570560455322,0.13007359206676483,0.7733191324778184,,,,,roc_auc,0.795360983031985,0.9672961831092834,0.12344031780958176,0.795360983031985,,,,
questions,GAT,3,512,3e-05,9,1490,roc_auc,0.9245424264990272,0.9751430749893188,0.08159366250038147,0.9245424264990272,,,,,roc_auc,0.7757798059216413,0.9723630547523499,0.11811772733926773,0.7757798059216413,,,,,roc_auc,0.7864043462500201,0.9730193614959717,0.11365345865488052,0.7864043462500201,,,,
questions,GAT,4,512,3e-05,9,1870,roc_auc,0.9176876562238425,0.9744480848312378,0.08517804741859436,0.9176876562238425,,,,,roc_auc,0.7785658290470996,0.9724448323249817,0.11646858602762222,0.7785658290470996,,,,,roc_auc,0.7939243931666162,0.9730193614959717,0.11170729249715805,0.7939243931666162,,,,
questions,GAT,5,512,3e-05,9,1110,roc_auc,0.8659577784320178,0.9727309942245483,0.09913207590579987,0.8659577784320178,,,,,roc_auc,0.7766480208279214,0.9718724489212036,0.11638016253709793,0.7766480208279214,,,,,roc_auc,0.7958470038720045,0.9722017645835876,0.11178730428218842,0.7958470038720045,,,,
questions,GAT-sep,1,512,3e-05,0,1100,roc_auc,0.9348336594911938,0.9776778221130371,0.07455522567033768,0.9348336594911938,,,,,roc_auc,0.7761813553157959,0.9711365699768066,0.12114172428846359,0.7761813553157959,,,,,roc_auc,0.7682739218072124,0.9687678813934326,0.1274687945842743,0.7682739218072124,,,,
questions,GAT-sep,2,512,3e-05,0,1080,roc_auc,0.9486389403621796,0.979067862033844,0.07258725166320801,0.9486389403621796,,,,,roc_auc,0.7898340347170509,0.9645952582359314,0.13250339031219482,0.7898340347170509,,,,,roc_auc,0.7795918579387637,0.9610824584960938,0.14415544271469116,0.7795918579387637,,,,
questions,GAT-sep,3,512,3e-05,0,940,roc_auc,0.951693798382488,0.9748160243034363,0.08173748850822449,0.951693798382488,,,,,roc_auc,0.7922938999821045,0.9565004110336304,0.14792348444461823,0.7922938999821045,,,,,roc_auc,0.7835495221757109,0.9520071744918823,0.16272060573101044,0.7835495221757109,,,,
questions,GAT-sep,4,512,3e-05,0,1030,roc_auc,0.9443390829480052,0.9745298624038696,0.08544139564037323,0.9443390829480052,,,,,roc_auc,0.7887450715526846,0.9576451182365417,0.14604882895946503,0.7887450715526846,,,,,roc_auc,0.7839136337503955,0.9531518220901489,0.15927579998970032,0.7839136337503955,,,,
questions,GAT-sep,5,512,3e-05,0,1180,roc_auc,0.9496358577374457,0.9758381247520447,0.08135783672332764,0.9496358577374457,,,,,roc_auc,0.7902632930975759,0.9580539464950562,0.1468786746263504,0.7902632930975759,,,,,roc_auc,0.7859959040333957,0.9533970952033997,0.16129866242408752,0.7859959040333957,,,,
questions,GAT-sep,1,512,3e-05,1,1090,roc_auc,0.9151487914841049,0.97432541847229,0.08541921526193619,0.9151487914841049,,,,,roc_auc,0.7880874449428213,0.9724448323249817,0.11386459320783615,0.7880874449428213,,,,,roc_auc,0.7907568302667457,0.9724470376968384,0.11368440836668015,0.7907568302667457,,,,
questions,GAT-sep,2,512,3e-05,1,930,roc_auc,0.9320653297080743,0.9752248525619507,0.08995568007230759,0.9320653297080743,,,,,roc_auc,0.8027886785699854,0.9657399654388428,0.13062721490859985,0.8027886785699854,,,,,roc_auc,0.8041914391065528,0.9657427668571472,0.12921610474586487,0.8041914391065528,,,,
questions,GAT-sep,3,512,3e-05,1,760,roc_auc,0.9152412413625894,0.9737939834594727,0.09550198167562485,0.9152412413625894,,,,,roc_auc,0.8011067430972874,0.9661487936973572,0.12864184379577637,0.8011067430972874,,,,,roc_auc,0.8016974941642866,0.9671326875686646,0.1268627941608429,0.8016974941642866,,,,
questions,GAT-sep,4,512,3e-05,1,890,roc_auc,0.9290314843357637,0.9718724489212036,0.09418827295303345,0.9290314843357637,,,,,roc_auc,0.7994013704402843,0.9605069756507874,0.1404161900281906,0.7994013704402843,,,,,roc_auc,0.8060155757557566,0.9603466391563416,0.13684315979480743,0.8060155757557566,,,,
questions,GAT-sep,5,512,3e-05,1,1030,roc_auc,0.9376637572230979,0.9706050753593445,0.09705620259046555,0.9376637572230979,,,,,roc_auc,0.7989733820549676,0.9568274617195129,0.15061481297016144,0.7989733820549676,,,,,roc_auc,0.803894862494199,0.9556863307952881,0.14609920978546143,0.803894862494199,,,,
questions,GAT-sep,1,512,3e-05,2,990,roc_auc,0.9252715769299598,0.9759199023246765,0.08009376376867294,0.9252715769299598,,,,,roc_auc,0.7761826253110047,0.9699100852012634,0.12074083834886551,0.7761826253110047,,,,,roc_auc,0.7706789745768385,0.9705665707588196,0.12085331231355667,0.7706789745768385,,,,
questions,GAT-sep,2,512,3e-05,2,930,roc_auc,0.964965623538784,0.9811528921127319,0.0695386752486229,0.964965623538784,,,,,roc_auc,0.7836174081706874,0.960098147392273,0.1429177224636078,0.7836174081706874,,,,,roc_auc,0.7934881288543993,0.9637805223464966,0.13748595118522644,0.7934881288543993,,,,
questions,GAT-sep,3,512,3e-05,2,850,roc_auc,0.9356213451558342,0.9737939834594727,0.09219754487276077,0.9356213451558342,,,,,roc_auc,0.7835109594813803,0.9579722285270691,0.1459919661283493,0.7835109594813803,,,,,roc_auc,0.7901319298375236,0.9628812074661255,0.13951219618320465,0.7901319298375236,,,,
questions,GAT-sep,4,512,3e-05,2,920,roc_auc,0.94416235156931,0.9738348126411438,0.08751241862773895,0.94416235156931,,,,,roc_auc,0.7849783812179254,0.9551921486854553,0.15066882967948914,0.7849783812179254,,,,,roc_auc,0.7918670588697072,0.9595290422439575,0.14346101880073547,0.7918670588697072,,,,
questions,GAT-sep,5,512,3e-05,2,1040,roc_auc,0.9505897973203101,0.9720768928527832,0.09061454236507416,0.9505897973203101,,,,,roc_auc,0.7833250783644771,0.9497956037521362,0.16265103220939636,0.7833250783644771,,,,,roc_auc,0.7904378574446618,0.9533153176307678,0.15390434861183167,0.7904378574446618,,,,
questions,GAT-sep,1,512,3e-05,3,1030,roc_auc,0.9511330666343396,0.9791496396064758,0.0674334242939949,0.9511330666343396,,,,,roc_auc,0.7798522187393565,0.9717088937759399,0.11983855068683624,0.7798522187393565,,,,,roc_auc,0.7701259959963889,0.9704848527908325,0.12490906566381454,0.7701259959963889,,,,
questions,GAT-sep,2,512,3e-05,3,1140,roc_auc,0.9648134550219651,0.981030285358429,0.06485351175069809,0.9648134550219651,,,,,roc_auc,0.789717887882514,0.9629599452018738,0.1345183104276657,0.789717887882514,,,,,roc_auc,0.7831050613125103,0.9623088836669922,0.13971823453903198,0.7831050613125103,,,,
questions,GAT-sep,3,512,3e-05,3,950,roc_auc,0.9705503697417868,0.9812755584716797,0.062378667294979095,0.9705503697417868,,,,,roc_auc,0.7882504661459686,0.9606704711914062,0.1396007537841797,0.7882504661459686,,,,,roc_auc,0.7823988880397313,0.9609189629554749,0.14530399441719055,0.7823988880397313,,,,
questions,GAT-sep,4,512,3e-05,3,1050,roc_auc,0.9747748933492659,0.9794358015060425,0.06658933311700821,0.9747748933492659,,,,,roc_auc,0.7887734732637145,0.9551103711128235,0.15463033318519592,0.7887734732637145,,,,,roc_auc,0.7752882068948002,0.9563404321670532,0.16051125526428223,0.7752882068948002,,,,
questions,GAT-sep,5,512,3e-05,3,1090,roc_auc,0.9607217613679002,0.9774734377861023,0.07416114956140518,0.9607217613679002,,,,,roc_auc,0.7913292808940766,0.9558463096618652,0.15041232109069824,0.7913292808940766,,,,,roc_auc,0.7801189769780817,0.956585705280304,0.15582652390003204,0.7801189769780817,,,,
questions,GAT-sep,1,512,3e-05,4,870,roc_auc,0.9289695432058143,0.9758381247520447,0.07928463071584702,0.9289695432058143,,,,,roc_auc,0.7659658602197092,0.9705641865730286,0.12245169281959534,0.7659658602197092,,,,,roc_auc,0.7929741704744071,0.9704030752182007,0.11688273400068283,0.7929741704744071,,,,
questions,GAT-sep,2,512,3e-05,4,730,roc_auc,0.9287532399309585,0.9739983677864075,0.08489185571670532,0.9287532399309585,,,,,roc_auc,0.7781320679562891,0.9668029546737671,0.13061222434043884,0.7781320679562891,,,,,roc_auc,0.8062786734978954,0.9654157161712646,0.125785231590271,0.8062786734978954,,,,
questions,GAT-sep,3,512,3e-05,4,520,roc_auc,0.8802991127351656,0.9703189134597778,0.10560538619756699,0.8802991127351656,,,,,roc_auc,0.77527134602174,0.9665576815605164,0.1299554705619812,0.77527134602174,,,,,roc_auc,0.800369768349307,0.9660698175430298,0.1279594749212265,0.800369768349307,,,,
questions,GAT-sep,4,512,3e-05,4,650,roc_auc,0.8914618222122161,0.9676206111907959,0.11274001002311707,0.8914618222122161,,,,,roc_auc,0.7769740632342159,0.9602616429328918,0.14289437234401703,0.7769740632342159,,,,,roc_auc,0.8023507939110016,0.9609189629554749,0.14120915532112122,0.8023507939110016,,,,
questions,GAT-sep,5,512,3e-05,4,770,roc_auc,0.8989484439672342,0.9669665098190308,0.11224597692489624,0.8989484439672342,,,,,roc_auc,0.7754078127796153,0.9579722285270691,0.14682923257350922,0.7754078127796153,,,,,roc_auc,0.8035328289183555,0.959201991558075,0.14424265921115875,0.8035328289183555,,,,
questions,GAT-sep,1,512,3e-05,5,1210,roc_auc,0.9370287307552431,0.9771054983139038,0.07523144781589508,0.9370287307552431,,,,,roc_auc,0.7603420905275675,0.9713818430900574,0.1235368475317955,0.7603420905275675,,,,,roc_auc,0.7641038399109693,0.9703212976455688,0.12435570359230042,0.7641038399109693,,,,
questions,GAT-sep,2,512,3e-05,5,680,roc_auc,0.9247809258265072,0.9746525287628174,0.09014594554901123,0.9247809258265072,,,,,roc_auc,0.7755796084951134,0.9651676416397095,0.13507871329784393,0.7755796084951134,,,,,roc_auc,0.7874367653408265,0.9654974937438965,0.13151045143604279,0.7874367653408265,,,,
questions,GAT-sep,3,512,3e-05,5,840,roc_auc,0.9256925803416287,0.9726083278656006,0.09481556713581085,0.9256925803416287,,,,,roc_auc,0.780105640510538,0.9592804908752441,0.14390318095684052,0.780105640510538,,,,,roc_auc,0.7870504884451719,0.96157306432724,0.1388654112815857,0.7870504884451719,,,,
questions,GAT-sep,4,512,3e-05,5,1040,roc_auc,0.9320806273776331,0.9710547924041748,0.09811700135469437,0.9320806273776331,,,,,roc_auc,0.7820408823003077,0.9524121284484863,0.15459704399108887,0.7820408823003077,,,,,roc_auc,0.7913213532852007,0.9561769366264343,0.14780785143375397,0.7913213532852007,,,,
questions,GAT-sep,5,512,3e-05,5,1000,roc_auc,0.9429826703381073,0.9711774587631226,0.09385290741920471,0.9429826703381073,,,,,roc_auc,0.779362808767585,0.9510220885276794,0.15787798166275024,0.779362808767585,,,,,roc_auc,0.7914156713437033,0.9549505114555359,0.1503177136182785,0.7914156713437033,,,,
questions,GAT-sep,1,512,3e-05,6,710,roc_auc,0.9202128973786143,0.9760016202926636,0.08272680640220642,0.9202128973786143,,,,,roc_auc,0.7749276391366342,0.9704006314277649,0.11909160763025284,0.7749276391366342,,,,,roc_auc,0.7520804231729195,0.9704030752182007,0.12307272106409073,0.7520804231729195,,,,
questions,GAT-sep,2,512,3e-05,6,910,roc_auc,0.9307903699726952,0.9760833978652954,0.0838736742734909,0.9307903699726952,,,,,roc_auc,0.7855962916139907,0.9650858640670776,0.12933523952960968,0.7855962916139907,,,,,roc_auc,0.7713091854475431,0.9666421413421631,0.13214817643165588,0.7713091854475431,,,,
questions,GAT-sep,3,512,3e-05,6,950,roc_auc,0.9366408626731091,0.9742436408996582,0.08904383331537247,0.9366408626731091,,,,,roc_auc,0.7868124852074423,0.9602616429328918,0.14257340133190155,0.7868124852074423,,,,,roc_auc,0.7736679450207684,0.9617365598678589,0.14415127038955688,0.7736679450207684,,,,
questions,GAT-sep,4,512,3e-05,6,950,roc_auc,0.9498657845972672,0.9708912372589111,0.09483534097671509,0.9498657845972672,,,,,roc_auc,0.7871266358404193,0.9495502710342407,0.16229021549224854,0.7871266358404193,,,,,roc_auc,0.7749431436428244,0.9511078596115112,0.1618260145187378,0.7749431436428244,,,,
questions,GAT-sep,5,512,3e-05,6,970,roc_auc,0.9401957524432976,0.973630428314209,0.09301592409610748,0.9401957524432976,,,,,roc_auc,0.7889185990798306,0.9579722285270691,0.14833563566207886,0.7889185990798306,,,,,roc_auc,0.7778507257988174,0.9596925973892212,0.14902222156524658,0.7778507257988174,,,,
questions,GAT-sep,1,512,3e-05,7,1070,roc_auc,0.9151616357538286,0.9751430749893188,0.08377926051616669,0.9151616357538286,,,,,roc_auc,0.7707887247516294,0.9719542264938354,0.11738729476928711,0.7707887247516294,,,,,roc_auc,0.7662521443793595,0.9717112183570862,0.11876198649406433,0.7662521443793595,,,,
questions,GAT-sep,2,512,3e-05,7,690,roc_auc,0.9192331826657199,0.9750613570213318,0.08855397999286652,0.9192331826657199,,,,,roc_auc,0.7913945124661576,0.9665576815605164,0.1279950886964798,0.7913945124661576,,,,,roc_auc,0.7940721619730828,0.9670509099960327,0.12654420733451843,0.7940721619730828,,,,
questions,GAT-sep,3,512,3e-05,7,780,roc_auc,0.9039577957501341,0.9720360040664673,0.09946051239967346,0.9039577957501341,,,,,roc_auc,0.7920663399315356,0.9644317030906677,0.13241876661777496,0.7920663399315356,,,,,roc_auc,0.7964411960961328,0.9656609892845154,0.1298176646232605,0.7964411960961328,,,,
questions,GAT-sep,4,512,3e-05,7,760,roc_auc,0.917732769917277,0.9718315601348877,0.09519520401954651,0.917732769917277,,,,,roc_auc,0.7937490835830028,0.9613246321678162,0.1376597136259079,0.7937490835830028,,,,,roc_auc,0.7967557820317749,0.9629629254341125,0.135006844997406,0.7967557820317749,,,,
questions,GAT-sep,5,512,3e-05,7,760,roc_auc,0.9165489612016463,0.9690106511116028,0.10350512713193893,0.9165489612016463,,,,,roc_auc,0.7926933712022814,0.957399845123291,0.1463986039161682,0.7926933712022814,,,,,roc_auc,0.794078857747126,0.9599378705024719,0.1440340280532837,0.794078857747126,,,,
questions,GAT-sep,1,512,3e-05,8,1310,roc_auc,0.9495497866985321,0.9780866503715515,0.07068092375993729,0.9495497866985321,,,,,roc_auc,0.7700510884436208,0.9711365699768066,0.12234064191579819,0.7700510884436208,,,,,roc_auc,0.7682380186050162,0.9713841676712036,0.12170307338237762,0.7682380186050162,,,,
questions,GAT-sep,2,512,3e-05,8,860,roc_auc,0.9170100849164978,0.9742028117179871,0.09197166562080383,0.9170100849164978,,,,,roc_auc,0.7868348833047585,0.9687653183937073,0.1259801983833313,0.7868348833047585,,,,,roc_auc,0.7839080924201529,0.9670509099960327,0.12744833528995514,0.7839080924201529,,,,
questions,GAT-sep,3,512,3e-05,8,820,roc_auc,0.9296962979639668,0.9727718830108643,0.09688321501016617,0.9296962979639668,,,,,roc_auc,0.7871436075945714,0.962714672088623,0.13890695571899414,0.7871436075945714,,,,,roc_auc,0.7836887480980539,0.9602648615837097,0.14102524518966675,0.7836887480980539,,,,
questions,GAT-sep,4,512,3e-05,8,750,roc_auc,0.9078834952577225,0.9696647524833679,0.10954222828149796,0.9078834952577225,,,,,roc_auc,0.7839344451564114,0.9624693393707275,0.14188584685325623,0.7839344451564114,,,,,roc_auc,0.7808846041065876,0.9603466391563416,0.14340288937091827,0.7808846041065876,,,,
questions,GAT-sep,5,512,3e-05,8,630,roc_auc,0.9123231675989586,0.9673753380775452,0.11498493701219559,0.9123231675989586,,,,,roc_auc,0.783220361486818,0.9586263298988342,0.15057994425296783,0.783220361486818,,,,,roc_auc,0.7836231756901842,0.9562586545944214,0.15287387371063232,0.7836231756901842,,,,
questions,GAT-sep,1,512,3e-05,9,1250,roc_auc,0.9627338955948485,0.9798855185508728,0.06177462637424469,0.9627338955948485,,,,,roc_auc,0.7735570833982762,0.9704824090003967,0.12626340985298157,0.7735570833982762,,,,,roc_auc,0.7667969264088255,0.9713023900985718,0.12312033027410507,0.7667969264088255,,,,
questions,GAT-sep,2,512,3e-05,9,950,roc_auc,0.9474514082515053,0.9770646095275879,0.07657907158136368,0.9474514082515053,,,,,roc_auc,0.7894962159915488,0.9640228748321533,0.1347339004278183,0.7894962159915488,,,,,roc_auc,0.7903601633768866,0.9652522206306458,0.1305275410413742,0.7903601633768866,,,,
questions,GAT-sep,3,512,3e-05,9,950,roc_auc,0.9531367438477392,0.9751839637756348,0.0831344872713089,0.9531367438477392,,,,,roc_auc,0.7886987744546237,0.9557645320892334,0.14973649382591248,0.7886987744546237,,,,,roc_auc,0.7898374312240106,0.9579756259918213,0.1455327272415161,0.7898374312240106,,,,
questions,GAT-sep,4,512,3e-05,9,1020,roc_auc,0.9409735667815435,0.9699100852012634,0.09930948168039322,0.9409735667815435,,,,,roc_auc,0.7902196514440423,0.9504497051239014,0.1585346758365631,0.7902196514440423,,,,,roc_auc,0.794322214500276,0.95298832654953,0.15410614013671875,0.794322214500276,,,,
questions,GAT-sep,5,512,3e-05,9,660,roc_auc,0.9306769651732678,0.968887984752655,0.10157641768455505,0.9306769651732678,,,,,roc_auc,0.7891938416777791,0.9546197652816772,0.15396414697170258,0.7891938416777791,,,,,roc_auc,0.7969852854593185,0.9554410576820374,0.14922551810741425,0.7969852854593185,,,,
questions,GT,1,512,3e-05,0,890,roc_auc,0.9424654647893829,0.9780458211898804,0.07224839925765991,0.9424654647893829,,,,,roc_auc,0.7705224875742513,0.9694194793701172,0.12422901391983032,0.7705224875742513,,,,,roc_auc,0.765099663133299,0.9672961831092834,0.13020724058151245,0.765099663133299,,,,
questions,GT,2,512,3e-05,0,770,roc_auc,0.9261528092871285,0.9726901054382324,0.09230943024158478,0.9261528092871285,,,,,roc_auc,0.7849997402282527,0.9636140465736389,0.13413119316101074,0.7849997402282527,,,,,roc_auc,0.7851745172693249,0.9589567184448242,0.14079582691192627,0.7851745172693249,,,,
questions,GT,3,512,3e-05,0,790,roc_auc,0.9141591477177609,0.9685200452804565,0.10698821395635605,0.9141591477177609,,,,,roc_auc,0.7873205987450138,0.9573180675506592,0.1447572559118271,0.7873205987450138,,,,,roc_auc,0.7828554705628374,0.9547052383422852,0.152506485581398,0.7828554705628374,,,,
questions,GT,4,512,3e-05,0,740,roc_auc,0.9096299984413695,0.9687244296073914,0.11120510846376419,0.9096299984413695,,,,,roc_auc,0.7839567277996178,0.9584627747535706,0.1465998739004135,0.7839567277996178,,,,,roc_auc,0.7869251158484354,0.9545417428016663,0.15298663079738617,0.7869251158484354,,,,
questions,GT,5,512,3e-05,0,870,roc_auc,0.9284616028494075,0.9687244296073914,0.10669468343257904,0.9284616028494075,,,,,roc_auc,0.7877457007775834,0.9573180675506592,0.14898033440113068,0.7877457007775834,,,,,roc_auc,0.7870512965558323,0.9529065489768982,0.15698973834514618,0.7870512965558323,,,,
questions,GT,1,512,3e-05,1,790,roc_auc,0.8911335573143065,0.9728536605834961,0.09392330795526505,0.8911335573143065,,,,,roc_auc,0.7803656431659827,0.972281277179718,0.11526278406381607,0.7803656431659827,,,,,roc_auc,0.7731258182120436,0.9722017645835876,0.11629942059516907,0.7731258182120436,,,,
questions,GT,2,512,3e-05,1,740,roc_auc,0.9080837215477778,0.9710956811904907,0.10388603061437607,0.9080837215477778,,,,,roc_auc,0.8005350143451732,0.9640228748321533,0.13224270939826965,0.8005350143451732,,,,,roc_auc,0.7984856006224761,0.9645981192588806,0.13078224658966064,0.7984856006224761,,,,
questions,GT,3,512,3e-05,1,710,roc_auc,0.8943998695368558,0.9708912372589111,0.11024003475904465,0.8943998695368558,,,,,roc_auc,0.7994917710083185,0.9664759039878845,0.13289019465446472,0.7994917710083185,,,,,roc_auc,0.7975294902668844,0.9666421413421631,0.13147327303886414,0.7975294902668844,,,,
questions,GT,4,512,3e-05,1,780,roc_auc,0.9058878421049592,0.9692559242248535,0.11371413618326187,0.9058878421049592,,,,,roc_auc,0.8010132252682864,0.9622240662574768,0.1418106108903885,0.8010132252682864,,,,,roc_auc,0.8009556485780716,0.962390661239624,0.1393909454345703,0.8009556485780716,,,,
questions,GT,5,512,3e-05,1,730,roc_auc,0.8897016954436037,0.9693785905838013,0.11955873668193817,0.8897016954436037,,,,,roc_auc,0.8022074825808612,0.9644317030906677,0.1415349543094635,0.8022074825808612,,,,,roc_auc,0.7992147473268854,0.9641075730323792,0.13993173837661743,0.7992147473268854,,,,
questions,GT,1,512,3e-05,2,920,roc_auc,0.9380366451344752,0.9779640436172485,0.07649412006139755,0.9380366451344752,,,,,roc_auc,0.77225095105323,0.968928873538971,0.12313800305128098,0.77225095105323,,,,,roc_auc,0.7710465494829246,0.9695854783058167,0.1231558620929718,0.7710465494829246,,,,
questions,GT,2,512,3e-05,2,800,roc_auc,0.9594002736262404,0.9693785905838013,0.0915408581495285,0.9594002736262404,,,,,roc_auc,0.7784487585796835,0.9487326145172119,0.16009429097175598,0.7784487585796835,,,,,roc_auc,0.7902621510982224,0.9534788727760315,0.15194247663021088,0.7902621510982224,,,,
questions,GT,3,512,3e-05,2,680,roc_auc,0.9163309838421974,0.9683564901351929,0.11325766146183014,0.9163309838421974,,,,,roc_auc,0.7790498126757067,0.9554374814033508,0.15255334973335266,0.7790498126757067,,,,,roc_auc,0.7885484947207285,0.9614095091819763,0.14576543867588043,0.7885484947207285,,,,
questions,GT,4,512,3e-05,2,710,roc_auc,0.9267659572011615,0.9668847322463989,0.11526122689247131,0.9267659572011615,,,,,roc_auc,0.7807442171922715,0.9511038661003113,0.16030363738536835,0.7807442171922715,,,,,roc_auc,0.7912909914132471,0.9583026766777039,0.1520346701145172,0.7912909914132471,,,,
questions,GT,5,512,3e-05,2,710,roc_auc,0.9242126895612166,0.9688470959663391,0.11350349336862564,0.9242126895612166,,,,,roc_auc,0.7778082191780822,0.9538021087646484,0.15703265368938446,0.7778082191780822,,,,,roc_auc,0.7909148736230371,0.9593655467033386,0.14879676699638367,0.7909148736230371,,,,
questions,GT,1,512,3e-05,3,990,roc_auc,0.9494876435238904,0.978331983089447,0.06924600899219513,0.9494876435238904,,,,,roc_auc,0.761580913126555,0.9712183475494385,0.12338210642337799,0.761580913126555,,,,,roc_auc,0.749499548612474,0.969421923160553,0.1280105710029602,0.749499548612474,,,,
questions,GT,2,512,3e-05,3,850,roc_auc,0.9708895161895525,0.9778413772583008,0.06927414238452911,0.9708895161895525,,,,,roc_auc,0.7873658567560858,0.9607522487640381,0.1392751932144165,0.7873658567560858,,,,,roc_auc,0.7764722044566148,0.9578938484191895,0.14754830300807953,0.7764722044566148,,,,
questions,GT,3,512,3e-05,3,880,roc_auc,0.964224754515699,0.974938690662384,0.07924298942089081,0.964224754515699,,,,,roc_auc,0.7871841319871384,0.9571545720100403,0.14245571196079254,0.7871841319871384,,,,,roc_auc,0.7805144894241403,0.9557681083679199,0.14927813410758972,0.7805144894241403,,,,
questions,GT,4,512,3e-05,3,840,roc_auc,0.96009432600777,0.9679885506629944,0.09597086161375046,0.96009432600777,,,,,roc_auc,0.7914861830294004,0.9504497051239014,0.15494483709335327,0.7914861830294004,,,,,roc_auc,0.7833272917441108,0.9474286437034607,0.16461731493473053,0.7833272917441108,,,,
questions,GT,5,512,3e-05,3,810,roc_auc,0.9568386355633294,0.9685609340667725,0.09554452449083328,0.9568386355633294,,,,,roc_auc,0.7879779944466573,0.9512673616409302,0.1544649600982666,0.7879779944466573,,,,,roc_auc,0.7837733688286319,0.9491456151008606,0.16147615015506744,0.7837733688286319,,,,
questions,GT,1,512,3e-05,4,910,roc_auc,0.9155718442062243,0.9752657413482666,0.08677520602941513,0.9155718442062243,,,,,roc_auc,0.7616975217775315,0.9694194793701172,0.12401378899812698,0.7616975217775315,,,,,roc_auc,0.7868680863246896,0.9708118438720703,0.11804467439651489,0.7868680863246896,,,,
questions,GT,2,512,3e-05,4,860,roc_auc,0.915879702590213,0.9712183475494385,0.09406739473342896,0.915879702590213,,,,,roc_auc,0.7756802844789268,0.9635323286056519,0.13352002203464508,0.7756802844789268,,,,,roc_auc,0.7927078402896268,0.9634535312652588,0.12946747243404388,0.7927078402896268,,,,
questions,GT,3,512,3e-05,4,750,roc_auc,0.8913523428525247,0.9690515398979187,0.10835208743810654,0.8913523428525247,,,,,roc_auc,0.7751482719406104,0.9632869958877563,0.13755132257938385,0.7751482719406104,,,,,roc_auc,0.797358517140027,0.9624723792076111,0.13373610377311707,0.797358517140027,,,,
questions,GT,4,512,3e-05,4,730,roc_auc,0.8941589745365961,0.9710547924041748,0.10652276873588562,0.8941589745365961,,,,,roc_auc,0.7765748229222589,0.9641046524047852,0.13580851256847382,0.7765748229222589,,,,,roc_auc,0.7913473282707124,0.9632082581520081,0.1333836317062378,0.7913473282707124,,,,
questions,GT,5,512,3e-05,4,630,roc_auc,0.8903958632792431,0.9694603681564331,0.11350366473197937,0.8903958632792431,,,,,roc_auc,0.7732963880181725,0.9625511169433594,0.14100921154022217,0.7732963880181725,,,,,roc_auc,0.7979460135901124,0.9618183374404907,0.13808301091194153,0.7979460135901124,,,,
questions,GT,1,512,3e-05,5,970,roc_auc,0.9455133089725162,0.9789860844612122,0.0716177374124527,0.9455133089725162,,,,,roc_auc,0.7583899924377557,0.9695829749107361,0.12502481043338776,0.7583899924377557,,,,,roc_auc,0.7652668265956144,0.9687678813934326,0.1265212446451187,0.7652668265956144,,,,
questions,GT,2,512,3e-05,5,890,roc_auc,0.9131557649123414,0.9706868529319763,0.09882637113332748,0.9131557649123414,,,,,roc_auc,0.7803650658954332,0.9630417227745056,0.1356683075428009,0.7803650658954332,,,,,roc_auc,0.786999462029189,0.9636170268058777,0.13460078835487366,0.786999462029189,,,,
questions,GT,3,512,3e-05,5,710,roc_auc,0.9004692055025428,0.9686836004257202,0.10794030129909515,0.9004692055025428,,,,,roc_auc,0.7821337074046493,0.9605886936187744,0.14172828197479248,0.7821337074046493,,,,,roc_auc,0.7908352170008012,0.960837185382843,0.1378963589668274,0.7908352170008012,,,,
questions,GT,4,512,3e-05,5,720,roc_auc,0.9074006084431591,0.9640228748321533,0.11595594882965088,0.9074006084431591,,,,,roc_auc,0.783087358352239,0.9518397450447083,0.15412664413452148,0.783087358352239,,,,,roc_auc,0.7918919948557985,0.9545417428016663,0.14954911172389984,0.7918919948557985,,,,
questions,GT,5,512,3e-05,5,730,roc_auc,0.9064064042394748,0.964186429977417,0.11612024158239365,0.9064064042394748,,,,,roc_auc,0.7853015372714731,0.9519215226173401,0.15516577661037445,0.7853015372714731,,,,,roc_auc,0.7934517638746827,0.9531518220901489,0.15094183385372162,0.7934517638746827,,,,
questions,GT,1,512,3e-05,6,840,roc_auc,0.9217916746041366,0.9754701852798462,0.08241865783929825,0.9217916746041366,,,,,roc_auc,0.7731962893049086,0.9691741466522217,0.12122524529695511,0.7731962893049086,,,,,roc_auc,0.7429834060248113,0.9706483483314514,0.1252421885728836,0.7429834060248113,,,,
questions,GT,2,512,3e-05,6,810,roc_auc,0.9291613413458486,0.9732624888420105,0.09326551854610443,0.9291613413458486,,,,,roc_auc,0.7844535268344215,0.9612428545951843,0.1350696086883545,0.7844535268344215,,,,,roc_auc,0.7636496817198442,0.9639440774917603,0.13734346628189087,0.7636496817198442,,,,
questions,GT,3,512,3e-05,6,750,roc_auc,0.9265772474585664,0.9678250551223755,0.10858552902936935,0.9265772474585664,,,,,roc_auc,0.789922588019327,0.9552739262580872,0.1498052030801773,0.789922588019327,,,,,roc_auc,0.7640502737186251,0.9577303528785706,0.1532893180847168,0.7640502737186251,,,,
questions,GT,4,512,3e-05,6,780,roc_auc,0.9182172730893787,0.9659852981567383,0.1141369417309761,0.9182172730893787,,,,,roc_auc,0.7870100271894429,0.9534750580787659,0.15351827442646027,0.7870100271894429,,,,,roc_auc,0.7688446788221903,0.9560133814811707,0.15581528842449188,0.7688446788221903,,,,
questions,GT,5,512,3e-05,6,800,roc_auc,0.9544428184657303,0.966843843460083,0.10417468845844269,0.9544428184657303,,,,,roc_auc,0.7883662666181759,0.9462796449661255,0.1650058925151825,0.7883662666181759,,,,,roc_auc,0.7653845798632677,0.9503719806671143,0.16760215163230896,0.7653845798632677,,,,
questions,GT,1,512,3e-05,7,960,roc_auc,0.9303095613321095,0.976287841796875,0.07882606238126755,0.9303095613321095,,,,,roc_auc,0.7728386124725074,0.9690106511116028,0.12076953798532486,0.7728386124725074,,,,,roc_auc,0.7602710864932385,0.971057116985321,0.1223711222410202,0.7602710864932385,,,,
questions,GT,2,512,3e-05,7,920,roc_auc,0.9246921127524838,0.9726901054382324,0.08890622109174728,0.9246921127524838,,,,,roc_auc,0.7896071673911412,0.9632869958877563,0.13113775849342346,0.7896071673911412,,,,,roc_auc,0.7877296477330187,0.9636988043785095,0.1300048530101776,0.7877296477330187,,,,
questions,GT,3,512,3e-05,7,800,roc_auc,0.9154340208625578,0.9654538035392761,0.1084025427699089,0.9154340208625578,,,,,roc_auc,0.7894220944530073,0.955355703830719,0.14864635467529297,0.7894220944530073,,,,,roc_auc,0.7890708805404643,0.955604612827301,0.14689476788043976,0.7890708805404643,,,,
questions,GT,4,512,3e-05,7,750,roc_auc,0.9221154367917612,0.9658217430114746,0.10667259246110916,0.9221154367917612,,,,,roc_auc,0.7897811567347268,0.9548650979995728,0.14954248070716858,0.7897811567347268,,,,,roc_auc,0.7923827489154001,0.9548687934875488,0.14809583127498627,0.7923827489154001,,,,
questions,GT,5,512,3e-05,7,820,roc_auc,0.902663641768988,0.9640228748321533,0.11686258018016815,0.902663641768988,,,,,roc_auc,0.7905826391654976,0.9548650979995728,0.15042322874069214,0.7905826391654976,,,,,roc_auc,0.7917501137127143,0.9554410576820374,0.14858859777450562,0.7917501137127143,,,,
questions,GT,1,512,3e-05,8,1000,roc_auc,0.9302589058414006,0.9755110740661621,0.08372072875499725,0.9302589058414006,,,,,roc_auc,0.7726221360164869,0.9704824090003967,0.1226850375533104,0.7726221360164869,,,,,roc_auc,0.7573810518830133,0.9693402051925659,0.125685453414917,0.7573810518830133,,,,
questions,GT,2,512,3e-05,8,880,roc_auc,0.9240829768687691,0.9712591767311096,0.09685400128364563,0.9240829768687691,,,,,roc_auc,0.7850003174988022,0.9639411568641663,0.13526828587055206,0.7850003174988022,,,,,roc_auc,0.7774910011105749,0.9622271060943604,0.13821996748447418,0.7774910011105749,,,,
questions,GT,3,512,3e-05,8,800,roc_auc,0.9150104197334165,0.966843843460083,0.1108933836221695,0.9150104197334165,,,,,roc_auc,0.7837910511519434,0.9598528146743774,0.14622089266777039,0.7837910511519434,,,,,roc_auc,0.7745012225559849,0.9569945335388184,0.14986607432365417,0.7745012225559849,,,,
questions,GT,4,512,3e-05,8,800,roc_auc,0.9065704356660836,0.9676614999771118,0.11674417555332184,0.9065704356660836,,,,,roc_auc,0.7830740811296031,0.9618152379989624,0.14772653579711914,0.7830740811296031,,,,,roc_auc,0.7764804010075985,0.9585479497909546,0.15098722279071808,0.7764804010075985,,,,
questions,GT,5,512,3e-05,8,890,roc_auc,0.9265860219709172,0.962101399898529,0.12187609821557999,0.9265860219709172,,,,,roc_auc,0.7825610030653065,0.9482420086860657,0.16589640080928802,0.7825610030653065,,,,,roc_auc,0.7751694146277266,0.9459570050239563,0.16977542638778687,0.7751694146277266,,,,
questions,GT,1,512,3e-05,9,1010,roc_auc,0.943026860398663,0.976410448551178,0.07280236482620239,0.943026860398663,,,,,roc_auc,0.7672658734969318,0.9683564901351929,0.12615324556827545,0.7672658734969318,,,,,roc_auc,0.7587779288816441,0.97015780210495,0.12400385737419128,0.7587779288816441,,,,
questions,GT,2,512,3e-05,9,730,roc_auc,0.9292319992610938,0.9704824090003967,0.09391957521438599,0.9292319992610938,,,,,roc_auc,0.7767604731309423,0.9585445523262024,0.14156801998615265,0.7767604731309423,,,,,roc_auc,0.7835330136293635,0.9610007405281067,0.1359032541513443,0.7835330136293635,,,,
questions,GT,3,512,3e-05,9,750,roc_auc,0.9230357503651236,0.9652494192123413,0.11007291078567505,0.9230357503651236,,,,,roc_auc,0.7785571699888587,0.952085018157959,0.15556399524211884,0.7785571699888587,,,,,roc_auc,0.7875194235169438,0.9533153176307678,0.14805510640144348,0.7875194235169438,,,,
questions,GT,4,512,3e-05,9,840,roc_auc,0.9372068764467842,0.9678658843040466,0.10327407717704773,0.9372068764467842,,,,,roc_auc,0.7807175472928898,0.9537203907966614,0.1546456664800644,0.7807175472928898,,,,,roc_auc,0.789052293995276,0.954787015914917,0.14795032143592834,0.789052293995276,,,,
questions,GT,5,512,3e-05,9,800,roc_auc,0.9331247077567844,0.9636549353599548,0.11093049496412277,0.9331247077567844,,,,,roc_auc,0.7834515006147931,0.9484873414039612,0.1609533578157425,0.7834515006147931,,,,,roc_auc,0.7868929068664008,0.9508625268936157,0.15533311665058136,0.7868929068664008,,,,
questions,GT-sep,1,512,3e-05,0,920,roc_auc,0.9405798682668606,0.9768601655960083,0.07189060747623444,0.9405798682668606,,,,,roc_auc,0.7695197686299637,0.9714636206626892,0.12143077701330185,0.7695197686299637,,,,,roc_auc,0.7614232214061587,0.9700760245323181,0.12668578326702118,0.7614232214061587,,,,
questions,GT-sep,2,512,3e-05,0,730,roc_auc,0.9356121954176264,0.9765331149101257,0.07666470110416412,0.9356121954176264,,,,,roc_auc,0.7863468587823055,0.9677841663360596,0.12475922703742981,0.7863468587823055,,,,,roc_auc,0.7842151744710915,0.9652522206306458,0.13063570857048035,0.7842151744710915,,,,
questions,GT-sep,3,512,3e-05,0,750,roc_auc,0.9252186989476358,0.9740392565727234,0.08497341722249985,0.9252186989476358,,,,,roc_auc,0.7850284883016123,0.9654129147529602,0.12749075889587402,0.7850284883016123,,,,,roc_auc,0.7863166085211806,0.9619000554084778,0.13442932069301605,0.7863166085211806,,,,
questions,GT-sep,4,512,3e-05,0,680,roc_auc,0.919760807947861,0.9739983677864075,0.08722170442342758,0.919760807947861,,,,,roc_auc,0.7852819100727939,0.9659852981567383,0.12763121724128723,0.7852819100727939,,,,,roc_auc,0.7861043063062647,0.9618183374404907,0.1345357596874237,0.7861043063062647,,,,
questions,GT-sep,5,512,3e-05,0,810,roc_auc,0.9278159834669715,0.9737939834594727,0.08567634224891663,0.9278159834669715,,,,,roc_auc,0.7852151775972845,0.9636958241462708,0.1316666305065155,0.7852151775972845,,,,,roc_auc,0.7866034878056102,0.9609189629554749,0.13909874856472015,0.7866034878056102,,,,
questions,GT-sep,1,512,3e-05,1,680,roc_auc,0.9018806897228524,0.9731398224830627,0.0897025540471077,0.9018806897228524,,,,,roc_auc,0.786650272183064,0.9726083278656006,0.11330487579107285,0.786650272183064,,,,,roc_auc,0.7855958892565152,0.9722017645835876,0.11350123584270477,0.7855958892565152,,,,
questions,GT-sep,2,512,3e-05,1,740,roc_auc,0.9146466526967194,0.9727718830108643,0.08960709720849991,0.9146466526967194,,,,,roc_auc,0.7994482448088946,0.9677023887634277,0.12028037011623383,0.7994482448088946,,,,,roc_auc,0.8007677051273467,0.9683590531349182,0.11976746469736099,0.8007677051273467,,,,
questions,GT-sep,3,512,3e-05,1,690,roc_auc,0.9135272673744004,0.9710139036178589,0.09659508615732193,0.9135272673744004,,,,,roc_auc,0.8042390130982688,0.9642682075500488,0.12776322662830353,0.8042390130982688,,,,,roc_auc,0.8034400116367935,0.9646798968315125,0.12650947272777557,0.8034400116367935,,,,
questions,GT-sep,4,512,3e-05,1,700,roc_auc,0.9032361209728164,0.970973014831543,0.09996821731328964,0.9032361209728164,,,,,roc_auc,0.8017579042769976,0.9663123488426208,0.12594100832939148,0.8017579042769976,,,,,roc_auc,0.79740919722287,0.9665603637695312,0.12532396614551544,0.79740919722287,,,,
questions,GT-sep,5,512,3e-05,1,730,roc_auc,0.8938079940425678,0.968887984752655,0.10949813574552536,0.8938079940425678,,,,,roc_auc,0.8043401508985215,0.9645134806632996,0.13261185586452484,0.8043401508985215,,,,,roc_auc,0.7962967751766876,0.9638622999191284,0.13298846781253815,0.7962967751766876,,,,
questions,GT-sep,1,512,3e-05,2,880,roc_auc,0.9439193783950725,0.9768601655960083,0.07106722891330719,0.9439193783950725,,,,,roc_auc,0.7695774956849026,0.9705641865730286,0.1220465749502182,0.7695774956849026,,,,,roc_auc,0.7730574751390528,0.9713841676712036,0.12045759707689285,0.7730574751390528,,,,
questions,GT-sep,2,512,3e-05,2,670,roc_auc,0.9147769715232439,0.974366307258606,0.08771883696317673,0.9147769715232439,,,,,roc_auc,0.7795767452331885,0.9674570560455322,0.12389963120222092,0.7795767452331885,,,,,roc_auc,0.7845194858569091,0.9685226082801819,0.12217804789543152,0.7845194858569091,,,,
questions,GT-sep,3,512,3e-05,2,760,roc_auc,0.9429123876487193,0.9717088937759399,0.08430024236440659,0.9429123876487193,,,,,roc_auc,0.7839711595633525,0.9584627747535706,0.14002053439617157,0.7839711595633525,,,,,roc_auc,0.7916070781258298,0.9605101943016052,0.13373243808746338,0.7916070781258298,,,,
questions,GT-sep,4,512,3e-05,2,830,roc_auc,0.9626056260787743,0.9740392565727234,0.0793723538517952,0.9626056260787743,,,,,roc_auc,0.7807405226607554,0.9531480073928833,0.1531696617603302,0.7807405226607554,,,,,roc_auc,0.791038399109693,0.9584661722183228,0.1435452401638031,0.791038399109693,,,,
questions,GT-sep,5,512,3e-05,2,900,roc_auc,0.9496699744269146,0.9731398224830627,0.08483659476041794,0.9496699744269146,,,,,roc_auc,0.7853476034613143,0.9552739262580872,0.146343395113945,0.7853476034613143,,,,,roc_auc,0.7958166420000508,0.9605101943016052,0.13758495450019836,0.7958166420000508,,,,
questions,GT-sep,1,512,3e-05,3,860,roc_auc,0.947512887565015,0.9764922261238098,0.07057154178619385,0.947512887565015,,,,,roc_auc,0.7722308620381114,0.9726901054382324,0.11951617896556854,0.7722308620381114,,,,,roc_auc,0.7528906118321255,0.9719564914703369,0.12471051514148712,0.7528906118321255,,,,
questions,GT-sep,2,512,3e-05,3,770,roc_auc,0.9412123258807705,0.9766966700553894,0.07581182569265366,0.9412123258807705,,,,,roc_auc,0.7876483729629565,0.9681112170219421,0.1233292669057846,0.7876483729629565,,,,,roc_auc,0.7755283312053086,0.965006947517395,0.13067704439163208,0.7755283312053086,,,,
questions,GT-sep,3,512,3e-05,3,780,roc_auc,0.9445443892188952,0.975674569606781,0.07641743123531342,0.9445443892188952,,,,,roc_auc,0.7916692932476663,0.966230571269989,0.12687614560127258,0.7916692932476663,,,,,roc_auc,0.7817050673156181,0.9629629254341125,0.13362665474414825,0.7817050673156181,,,,
questions,GT-sep,4,512,3e-05,3,760,roc_auc,0.9402358150194251,0.9734259843826294,0.08307692408561707,0.9402358150194251,,,,,roc_auc,0.7883229713269718,0.9628781676292419,0.13194890320301056,0.7883229713269718,,,,,roc_auc,0.780177045501248,0.9598560929298401,0.1398085504770279,0.780177045501248,,,,
questions,GT-sep,5,512,3e-05,3,880,roc_auc,0.9670763555755675,0.9793131947517395,0.06613224744796753,0.9670763555755675,,,,,roc_auc,0.7899395597734791,0.9626328945159912,0.1325288712978363,0.7899395597734791,,,,,roc_auc,0.7799549305140276,0.9612460136413574,0.14070431888103485,0.7799549305140276,,,,
questions,GT-sep,1,512,3e-05,4,800,roc_auc,0.9112122392901881,0.9738348126411438,0.08600259572267532,0.9112122392901881,,,,,roc_auc,0.7694659670147609,0.9712183475494385,0.11813831329345703,0.7694659670147609,,,,,roc_auc,0.7861918131463442,0.9722835421562195,0.11415904760360718,0.7861918131463442,,,,
questions,GT-sep,2,512,3e-05,4,780,roc_auc,0.9066821663809177,0.9735486507415771,0.08887176215648651,0.9066821663809177,,,,,roc_auc,0.7795957951613182,0.9696647524833679,0.12133867293596268,0.7795957951613182,,,,,roc_auc,0.7925902024663537,0.9695037007331848,0.11895333230495453,0.7925902024663537,,,,
questions,GT-sep,3,512,3e-05,4,740,roc_auc,0.9268806897228523,0.9717906713485718,0.08999887853860855,0.9268806897228523,,,,,roc_auc,0.7770110085493769,0.9616516828536987,0.1353520154953003,0.7770110085493769,,,,,roc_auc,0.7989186324920515,0.9626359343528748,0.13062818348407745,0.7989186324920515,,,,
questions,GT-sep,4,512,3e-05,4,620,roc_auc,0.9095189893147222,0.9722403883934021,0.09287223219871521,0.9095189893147222,,,,,roc_auc,0.7758620092478743,0.9660670757293701,0.12955310940742493,0.7758620092478743,,,,,roc_auc,0.7949307218275308,0.9660698175430298,0.12560027837753296,0.7949307218275308,,,,
questions,GT-sep,5,512,3e-05,4,620,roc_auc,0.8858706394425875,0.971586287021637,0.10228905081748962,0.8858706394425875,,,,,roc_auc,0.7748191122733492,0.9672935605049133,0.12908363342285156,0.7748191122733492,,,,,roc_auc,0.7952366494346688,0.9654157161712646,0.12652669847011566,0.7952366494346688,,,,
questions,GT-sep,1,512,3e-05,5,940,roc_auc,0.9404563323692916,0.9768601655960083,0.07335707545280457,0.9404563323692916,,,,,roc_auc,0.7549964497861212,0.9726901054382324,0.12125696241855621,0.7549964497861212,,,,,roc_auc,0.768182028080691,0.9708936214447021,0.12194297462701797,0.768182028080691,,,,
questions,GT-sep,2,512,3e-05,5,730,roc_auc,0.9198668814113109,0.9744480848312378,0.08422956615686417,0.9198668814113109,,,,,roc_auc,0.7748566348590593,0.9683564901351929,0.1250590831041336,0.7748566348590593,,,,,roc_auc,0.787686009757359,0.9664785861968994,0.12447971850633621,0.787686009757359,,,,
questions,GT-sep,3,512,3e-05,5,770,roc_auc,0.9105123276125823,0.9728127717971802,0.09017583727836609,0.9105123276125823,,,,,roc_auc,0.7786017352752714,0.9661487936973572,0.12845097482204437,0.7786017352752714,,,,,roc_auc,0.7867907385900548,0.9657427668571472,0.126872718334198,0.7867907385900548,,,,
questions,GT-sep,4,512,3e-05,5,740,roc_auc,0.898948068741377,0.9724448323249817,0.09322330355644226,0.898948068741377,,,,,roc_auc,0.7801492821640719,0.9678658843040466,0.12624326348304749,0.7801492821640719,,,,,roc_auc,0.7882444142236711,0.9663150906562805,0.12515249848365784,0.7882444142236711,,,,
questions,GT-sep,5,512,3e-05,5,790,roc_auc,0.9103003250033193,0.9737530946731567,0.0915476456284523,0.9103003250033193,,,,,roc_auc,0.7820473477304608,0.9660670757293701,0.12857194244861603,0.7820473477304608,,,,,roc_auc,0.787570796266067,0.9657427668571472,0.12693700194358826,0.787570796266067,,,,
questions,GT-sep,1,512,3e-05,6,1040,roc_auc,0.9261900143740367,0.9757154583930969,0.07924221456050873,0.9261900143740367,,,,,roc_auc,0.7648487262525328,0.9707277417182922,0.1210034042596817,0.7648487262525328,,,,,roc_auc,0.7429707071430056,0.9715477228164673,0.12370666116476059,0.7429707071430056,,,,
questions,GT-sep,2,512,3e-05,6,730,roc_auc,0.9275413470030999,0.9754292964935303,0.08162224292755127,0.9275413470030999,,,,,roc_auc,0.784154847052168,0.9669665098190308,0.12410663068294525,0.784154847052168,,,,,roc_auc,0.7636321341740762,0.9690949320793152,0.12702549993991852,0.7636321341740762,,,,
questions,GT-sep,3,512,3e-05,6,750,roc_auc,0.9172017964659497,0.9731398224830627,0.08947564661502838,0.9172017964659497,,,,,roc_auc,0.7854485103533473,0.9636958241462708,0.12785285711288452,0.7854485103533473,,,,,roc_auc,0.7676064224017511,0.9664785861968994,0.13042961061000824,0.7676064224017511,,,,
questions,GT-sep,4,512,3e-05,6,670,roc_auc,0.9164280230215496,0.9720360040664673,0.09412481635808945,0.9164280230215496,,,,,roc_auc,0.7893748737220674,0.961406409740448,0.13235323131084442,0.7893748737220674,,,,,roc_auc,0.7708838883514312,0.9636988043785095,0.13486632704734802,0.7708838883514312,,,,
questions,GT-sep,5,512,3e-05,6,780,roc_auc,0.9214124078531886,0.9712591767311096,0.09495553374290466,0.9214124078531886,,,,,roc_auc,0.7874398628405175,0.9593622088432312,0.13690915703773499,0.7874398628405175,,,,,roc_auc,0.7659777330879756,0.960837185382843,0.13930438458919525,0.7659777330879756,,,,
questions,GT-sep,1,512,3e-05,7,980,roc_auc,0.9315920833116857,0.9759199023246765,0.07664214074611664,0.9315920833116857,,,,,roc_auc,0.772189644920885,0.9717088937759399,0.11902818083763123,0.772189644920885,,,,,roc_auc,0.7710288864927767,0.9719564914703369,0.11859311908483505,0.7710288864927767,,,,
questions,GT-sep,2,512,3e-05,7,860,roc_auc,0.9368255315218583,0.9758381247520447,0.07821632921695709,0.9368255315218583,,,,,roc_auc,0.7874032638876862,0.9663123488426208,0.1259678453207016,0.7874032638876862,,,,,roc_auc,0.7908780468658005,0.9660698175430298,0.12423506379127502,0.7908780468658005,,,,
questions,GT-sep,3,512,3e-05,7,740,roc_auc,0.9212169440451657,0.9753066301345825,0.08404646068811417,0.9212169440451657,,,,,roc_auc,0.7876524138568024,0.9672117829322815,0.12301874160766602,0.7876524138568024,,,,,roc_auc,0.7894179063469011,0.9668874144554138,0.12254250049591064,0.7894179063469011,,,,
questions,GT-sep,4,512,3e-05,7,680,roc_auc,0.8992284779107425,0.9719133377075195,0.09696809202432632,0.8992284779107425,,,,,roc_auc,0.7855809362173771,0.9645952582359314,0.12947215139865875,0.7855809362173771,,,,,roc_auc,0.7968631453052233,0.9654157161712646,0.1256781965494156,0.7968631453052233,,,,
questions,GT-sep,5,512,3e-05,7,840,roc_auc,0.9258444890867003,0.9732216000556946,0.08840646594762802,0.9258444890867003,,,,,roc_auc,0.7873673576595144,0.9618152379989624,0.13345324993133545,0.7873673576595144,,,,,roc_auc,0.7922899316338381,0.9626359343528748,0.1309511512517929,0.7922899316338381,,,,
questions,GT-sep,1,512,3e-05,8,1040,roc_auc,0.9531312309139925,0.9773507714271545,0.068028524518013,0.9531312309139925,,,,,roc_auc,0.7693281148075668,0.972281277179718,0.12003123015165329,0.7693281148075668,,,,,roc_auc,0.7625058588022876,0.9720382690429688,0.12151889503002167,0.7625058588022876,,,,
questions,GT-sep,2,512,3e-05,8,880,roc_auc,0.924533305624347,0.9735486507415771,0.08501746505498886,0.924533305624347,,,,,roc_auc,0.7849938520686489,0.9680294394493103,0.1242733895778656,0.7849938520686489,,,,,roc_auc,0.7798354455806737,0.9672961831092834,0.12560589611530304,0.7798354455806737,,,,
questions,GT-sep,3,512,3e-05,8,730,roc_auc,0.9128462324437594,0.9716271758079529,0.09395687282085419,0.9128462324437594,,,,,roc_auc,0.7854635193876314,0.9668029546737671,0.12700173258781433,0.7854635193876314,,,,,roc_auc,0.7810531529014635,0.9662333130836487,0.12882383167743683,0.7810531529014635,,,,
questions,GT-sep,4,512,3e-05,8,640,roc_auc,0.9046463929249722,0.970973014831543,0.1007019579410553,0.9046463929249722,,,,,roc_auc,0.7841162853794688,0.966230571269989,0.13110463321208954,0.7841162853794688,,,,,roc_auc,0.7780238923688956,0.9645164012908936,0.13303834199905396,0.7780238923688956,,,,
questions,GT-sep,5,512,3e-05,8,790,roc_auc,0.9163849297750377,0.9685200452804565,0.10437989979982376,0.9163849297750377,,,,,roc_auc,0.7844676122358265,0.9619787335395813,0.14096349477767944,0.7844676122358265,,,,,roc_auc,0.7810012029304402,0.9597743153572083,0.1435725837945938,0.7810012029304402,,,,
questions,GT-sep,1,512,3e-05,9,850,roc_auc,0.9201190331872839,0.974366307258606,0.08237224817276001,0.9201190331872839,,,,,roc_auc,0.7670853032690831,0.9726901054382324,0.12019901722669601,0.7670853032690831,,,,,roc_auc,0.7581974745387421,0.972774088382721,0.11782446503639221,0.7581974745387421,,,,
questions,GT-sep,2,512,3e-05,9,790,roc_auc,0.9385499541069913,0.9748978018760681,0.0774480476975441,0.9385499541069913,,,,,roc_auc,0.7765071668138706,0.9659035205841064,0.12886591255664825,0.7765071668138706,,,,,roc_auc,0.7755345652018315,0.9681955575942993,0.12478984892368317,0.7755345652018315,,,,
questions,GT-sep,3,512,3e-05,9,720,roc_auc,0.9240697573731882,0.9729762673377991,0.08659831434488297,0.9240697573731882,,,,,roc_auc,0.7821930508171264,0.9654129147529602,0.1297045350074768,0.7821930508171264,,,,,roc_auc,0.7827244411914784,0.9670509099960327,0.12550637125968933,0.7827244411914784,,,,
questions,GT-sep,4,512,3e-05,9,630,roc_auc,0.9150204642409758,0.9719542264938354,0.09188538789749146,0.9150204642409758,,,,,roc_auc,0.7786987167275687,0.9638593792915344,0.13257648050785065,0.7786987167275687,,,,,roc_auc,0.7804103585933333,0.9666421413421631,0.12805649638175964,0.7804103585933333,,,,
questions,GT-sep,5,512,3e-05,9,650,roc_auc,0.9238801239977139,0.9738757014274597,0.0867559090256691,0.9238801239977139,,,,,roc_auc,0.7802625426458618,0.9658217430114746,0.12963755428791046,0.7802625426458618,,,,,roc_auc,0.7809080393157382,0.9672961831092834,0.12575963139533997,0.7809080393157382,,,,
questions,TAG,1,512,3e-05,0,830,roc_auc,0.8850026265809998,0.9737530946731567,0.09312577545642853,0.8850026265809998,,,,,roc_auc,0.7809452227975685,0.9729354381561279,0.11673479527235031,0.7809452227975685,,,,,roc_auc,0.7775586515172854,0.9715477228164673,0.11994659900665283,0.7775586515172854,,,,
questions,TAG,2,512,3e-05,0,790,roc_auc,0.9088948155331958,0.9756336808204651,0.0851435512304306,0.9088948155331958,,,,,roc_auc,0.788489802515745,0.9718724489212036,0.12112672626972198,0.788489802515745,,,,,roc_auc,0.7834795628813994,0.9698307514190674,0.1265847533941269,0.7834795628813994,,,,
questions,TAG,3,512,3e-05,0,750,roc_auc,0.887159078445295,0.9744480848312378,0.09219135344028473,0.887159078445295,,,,,roc_auc,0.7888200012699952,0.972281277179718,0.11802056431770325,0.7888200012699952,,,,,roc_auc,0.7911930945789629,0.9697489738464355,0.1227206140756607,0.7911930945789629,,,,
questions,TAG,4,512,3e-05,0,580,roc_auc,0.8779963227866004,0.9739983677864075,0.09505502879619598,0.8779963227866004,,,,,roc_auc,0.7902248468789868,0.972281277179718,0.11745603382587433,0.7902248468789868,,,,,roc_auc,0.7915839892498192,0.97015780210495,0.1221621111035347,0.7915839892498192,,,,
questions,TAG,5,512,3e-05,0,690,roc_auc,0.8908457879454363,0.9741210341453552,0.0903087928891182,0.8908457879454363,,,,,roc_auc,0.7914016706209699,0.9707277417182922,0.11887390911579132,0.7914016706209699,,,,,roc_auc,0.7931810468034606,0.967623233795166,0.12496037781238556,0.7931810468034606,,,,
questions,TAG,1,512,3e-05,1,890,roc_auc,0.8771247597111339,0.9730989336967468,0.09664145857095718,0.8771247597111339,,,,,roc_auc,0.7943032633104158,0.9735077619552612,0.11061685532331467,0.7943032633104158,,,,,roc_auc,0.7975477304789327,0.9731011390686035,0.11125925183296204,0.7975477304789327,,,,
questions,TAG,2,512,3e-05,1,720,roc_auc,0.883572929474857,0.9735895395278931,0.0940152034163475,0.883572929474857,,,,,roc_auc,0.7966044946284976,0.9727718830108643,0.11193767189979553,0.7966044946284976,,,,,roc_auc,0.8039566252375269,0.9724470376968384,0.11222241818904877,0.8039566252375269,,,,
questions,TAG,3,512,3e-05,1,760,roc_auc,0.8950357041834798,0.9737122058868408,0.091420017182827,0.8950357041834798,,,,,roc_auc,0.8011653937851053,0.9711365699768066,0.1147732213139534,0.8011653937851053,,,,,roc_auc,0.8067343324659612,0.9714659452438354,0.11464060097932816,0.8067343324659612,,,,
questions,TAG,4,512,3e-05,1,1060,roc_auc,0.9234164891559726,0.9735077619552612,0.08571192622184753,0.9234164891559726,,,,,roc_auc,0.8029641688169995,0.96345055103302,0.12845778465270996,0.8029641688169995,,,,,roc_auc,0.8093396812349778,0.9649251699447632,0.12716199457645416,0.8093396812349778,,,,
questions,TAG,5,512,3e-05,1,820,roc_auc,0.9092739956935616,0.9708503484725952,0.09441513568162918,0.9092739956935616,,,,,roc_auc,0.8024329644574523,0.9619787335395813,0.13101407885551453,0.8024329644574523,,,,,roc_auc,0.8101290899057743,0.9625541567802429,0.1288203001022339,0.8101290899057743,,,,
questions,TAG,1,512,3e-05,2,1070,roc_auc,0.9071427994158021,0.9749795794487,0.08514995872974396,0.9071427994158021,,,,,roc_auc,0.7838503945644205,0.9718724489212036,0.11715667694807053,0.7838503945644205,,,,,roc_auc,0.7748660267969495,0.9715477228164673,0.11882493644952774,0.7748660267969495,,,,
questions,TAG,2,512,3e-05,2,780,roc_auc,0.9081488953928037,0.9753066301345825,0.08516234904527664,0.9081488953928037,,,,,roc_auc,0.7948487839795877,0.9694194793701172,0.11987819522619247,0.7948487839795877,,,,,roc_auc,0.7809527162908183,0.9705665707588196,0.12121722847223282,0.7809527162908183,,,,
questions,TAG,3,512,3e-05,2,940,roc_auc,0.9094678720075737,0.9748160243034363,0.08657439053058624,0.9094678720075737,,,,,roc_auc,0.8005221989389768,0.9667211771011353,0.12342171370983124,0.8005221989389768,,,,,roc_auc,0.780626470472791,0.9685226082801819,0.12521132826805115,0.780626470472791,,,,
questions,TAG,4,512,3e-05,2,870,roc_auc,0.922894896351073,0.9738757014274597,0.08499928563833237,0.922894896351073,,,,,roc_auc,0.8021713454444694,0.9618152379989624,0.1300034523010254,0.8021713454444694,,,,,roc_auc,0.7832729174411062,0.9636988043785095,0.13188490271568298,0.7832729174411062,,,,
questions,TAG,5,512,3e-05,2,830,roc_auc,0.9120576808732949,0.9733442664146423,0.08958461880683899,0.9120576808732949,,,,,roc_auc,0.8038237246650388,0.9635323286056519,0.12919574975967407,0.8038237246650388,,,,,roc_auc,0.7844506810063978,0.9645981192588806,0.13142719864845276,0.7844506810063978,,,,
questions,TAG,1,512,3e-05,4,660,roc_auc,0.8882569027125944,0.9734668731689453,0.0926501676440239,0.8882569027125944,,,,,roc_auc,0.773137292254761,0.9719542264938354,0.118123859167099,0.773137292254761,,,,,roc_auc,0.7882163612393185,0.9714659452438354,0.1144610345363617,0.7882163612393185,,,,
questions,TAG,2,512,3e-05,4,590,roc_auc,0.9099386072770725,0.9746525287628174,0.08614584803581238,0.9099386072770725,,,,,roc_auc,0.7749139000975587,0.9690924286842346,0.12416495382785797,0.7749139000975587,,,,,roc_auc,0.7966332955445395,0.9693402051925659,0.11885997653007507,0.7966332955445395,,,,
questions,TAG,3,512,3e-05,4,850,roc_auc,0.9055458670315017,0.9731807112693787,0.08932452648878098,0.9055458670315017,,,,,roc_auc,0.7771273862921335,0.9671300053596497,0.1264232099056244,0.7771273862921335,,,,,roc_auc,0.7991887723413738,0.9678685069084167,0.12170889973640442,0.7991887723413738,,,,
questions,TAG,4,512,3e-05,4,870,roc_auc,0.915473765939883,0.9700735807418823,0.09520388394594193,0.915473765939883,,,,,roc_auc,0.7789208504349734,0.96017986536026,0.14013008773326874,0.7789208504349734,,,,,roc_auc,0.7996355420921755,0.9610824584960938,0.1364719569683075,0.7996355420921755,,,,
questions,TAG,5,512,3e-05,4,850,roc_auc,0.9096267657262931,0.9666802883148193,0.10296935588121414,0.9096267657262931,,,,,roc_auc,0.7805291261855695,0.9559280276298523,0.14450998604297638,0.7805291261855695,,,,,roc_auc,0.7988472878651794,0.9578938484191895,0.14199607074260712,0.7988472878651794,,,,
questions,TAG,1,512,3e-05,3,830,roc_auc,0.8985374850631246,0.9742436408996582,0.08905784040689468,0.8985374850631246,,,,,roc_auc,0.7755478586148972,0.9725266098976135,0.1170501559972763,0.7755478586148972,,,,,roc_auc,0.7761555405221319,0.9722835421562195,0.11878252774477005,0.7761555405221319,,,,
questions,TAG,2,512,3e-05,3,910,roc_auc,0.9024322140057381,0.9752657413482666,0.08706601709127426,0.9024322140057381,,,,,roc_auc,0.7822343833884626,0.9718724489212036,0.12042359262704849,0.7822343833884626,,,,,roc_auc,0.7807431847410236,0.9708118438720703,0.12329992651939392,0.7807431847410236,,,,
questions,TAG,3,512,3e-05,3,890,roc_auc,0.9154543407858962,0.9758381247520447,0.08187824487686157,0.9154543407858962,,,,,roc_auc,0.783884799889164,0.9697465300559998,0.12381872534751892,0.783884799889164,,,,,roc_auc,0.786629924568642,0.968604326248169,0.125729501247406,0.786629924568642,,,,
questions,TAG,4,512,3e-05,3,830,roc_auc,0.899003717622338,0.9736713171005249,0.08941473066806793,0.899003717622338,,,,,roc_auc,0.7850612772688176,0.968274712562561,0.12266475707292557,0.7850612772688176,,,,,roc_auc,0.7851783269338666,0.9673779606819153,0.12525750696659088,0.7851783269338666,,,,
questions,TAG,5,512,3e-05,3,900,roc_auc,0.9086762031761425,0.9751839637756348,0.0854860469698906,0.9086762031761425,,,,,roc_auc,0.7849593312897956,0.9672117829322815,0.12488514930009842,0.7849593312897956,,,,,roc_auc,0.7858312803474413,0.9660698175430298,0.1278742551803589,0.7858312803474413,,,,
questions,TAG,1,512,3e-05,5,870,roc_auc,0.9072914177187423,0.9747342467308044,0.08552176505327225,0.9072914177187423,,,,,roc_auc,0.7743569494715088,0.9719542264938354,0.11976002156734467,0.7743569494715088,,,,,roc_auc,0.7699476344292084,0.9719564914703369,0.1215156838297844,0.7699476344292084,,,,
questions,TAG,2,512,3e-05,5,780,roc_auc,0.9088419664143994,0.9756336808204651,0.08496347069740295,0.9088419664143994,,,,,roc_auc,0.7808686767227198,0.9710547924041748,0.12207861989736557,0.7808686767227198,,,,,roc_auc,0.7832971607609169,0.9708118438720703,0.12133148312568665,0.7832971607609169,,,,
questions,TAG,3,512,3e-05,5,920,roc_auc,0.9088828371692962,0.9752657413482666,0.08539386093616486,0.9088828371692962,,,,,roc_auc,0.7816822818350276,0.9691741466522217,0.12345215678215027,0.7816822818350276,,,,,roc_auc,0.7918190340076056,0.9690949320793152,0.120595283806324,0.7918190340076056,,,,
questions,TAG,4,512,3e-05,5,820,roc_auc,0.8972134573310473,0.9733850955963135,0.09071847796440125,0.8972134573310473,,,,,roc_auc,0.7811345675377679,0.9677841663360596,0.12518416345119476,0.7811345675377679,,,,,roc_auc,0.7947443945981265,0.9688496589660645,0.12071854621171951,0.7947443945981265,,,,
questions,TAG,5,512,3e-05,5,810,roc_auc,0.9018592441219427,0.9734668731689453,0.09044799208641052,0.9018592441219427,,,,,roc_auc,0.7840537092519151,0.9661487936973572,0.12718814611434937,0.7840537092519151,,,,,roc_auc,0.7987099090529174,0.9667238593101501,0.12206333130598068,0.7987099090529174,,,,
questions,TAG,1,512,3e-05,6,940,roc_auc,0.8976921589341276,0.9744071960449219,0.09019142389297485,0.8976921589341276,,,,,roc_auc,0.7784584567249133,0.9716271758079529,0.11710535734891891,0.7784584567249133,,,,,roc_auc,0.7641225419005377,0.9721199870109558,0.11873991042375565,0.7641225419005377,,,,
questions,TAG,2,512,3e-05,6,820,roc_auc,0.8963220361486819,0.9748569130897522,0.08985211700201035,0.8963220361486819,,,,,roc_auc,0.7876908600753916,0.9712183475494385,0.11853033304214478,0.7876908600753916,,,,,roc_auc,0.7713546705332838,0.9704848527908325,0.12212953716516495,0.7713546705332838,,,,
questions,TAG,3,512,3e-05,6,870,roc_auc,0.907259003977394,0.9737122058868408,0.0894610732793808,0.907259003977394,,,,,roc_auc,0.7908360609366792,0.9659035205841064,0.12752138078212738,0.7908360609366792,,,,,roc_auc,0.7786313606967299,0.9654157161712646,0.1305174082517624,0.7786313606967299,,,,
questions,TAG,4,512,3e-05,6,900,roc_auc,0.8999682501197837,0.9730580449104309,0.09253568202257156,0.8999682501197837,,,,,roc_auc,0.7908007319790566,0.9655764698982239,0.12813208997249603,0.7908007319790566,,,,,roc_auc,0.7787857098328597,0.9655792713165283,0.13085442781448364,0.7787857098328597,,,,
questions,TAG,5,512,3e-05,6,820,roc_auc,0.898629559715752,0.970973014831543,0.0980980396270752,0.898629559715752,,,,,roc_auc,0.7909923858014536,0.9625511169433594,0.1336248219013214,0.7909923858014536,,,,,roc_auc,0.7789998591578563,0.963371753692627,0.13490287959575653,0.7789998591578563,,,,
questions,TAG,1,512,3e-05,8,810,roc_auc,0.8881646260152746,0.9727718830108643,0.09431403130292892,0.8881646260152746,,,,,roc_auc,0.7820971084518181,0.9728536605834961,0.11445669829845428,0.7820971084518181,,,,,roc_auc,0.7760402115864597,0.9737551808357239,0.11383796483278275,0.7760402115864597,,,,
questions,TAG,2,512,3e-05,8,730,roc_auc,0.8902682287607734,0.9731398224830627,0.0935107097029686,0.8902682287607734,,,,,roc_auc,0.7827113243163674,0.9721177220344543,0.11771465092897415,0.7827113243163674,,,,,roc_auc,0.784603760254347,0.9728558659553528,0.11578039824962616,0.784603760254347,,,,
questions,TAG,3,512,3e-05,8,670,roc_auc,0.8795164204607775,0.9731807112693787,0.0963125005364418,0.8795164204607775,,,,,roc_auc,0.7792567064406075,0.9716271758079529,0.11805077642202377,0.7792567064406075,,,,,roc_auc,0.7856767003225515,0.9722835421562195,0.11534113436937332,0.7856767003225515,,,,
questions,TAG,4,512,3e-05,8,680,roc_auc,0.8962198592614401,0.9723630547523499,0.0935729369521141,0.8962198592614401,,,,,roc_auc,0.7805239307506249,0.9691741466522217,0.12338872998952866,0.7805239307506249,,,,,roc_auc,0.7878154229073975,0.9688496589660645,0.12087159603834152,0.7878154229073975,,,,
questions,TAG,5,512,3e-05,8,820,roc_auc,0.8954311056462833,0.970973014831543,0.09687575697898865,0.8954311056462833,,,,,roc_auc,0.7808903820953766,0.9678658843040466,0.12651506066322327,0.7808903820953766,,,,,roc_auc,0.7885708909304587,0.9672144651412964,0.12364745140075684,0.7885708909304587,,,,
questions,TAG,1,512,3e-05,7,870,roc_auc,0.8826175178520917,0.9735486507415771,0.09394532442092896,0.8826175178520917,,,,,roc_auc,0.7827578523226482,0.9725266098976135,0.11496821790933609,0.7827578523226482,,,,,roc_auc,0.7882295218986445,0.973591685295105,0.11177483946084976,0.7882295218986445,,,,
questions,TAG,2,512,3e-05,7,800,roc_auc,0.9068720306646116,0.9746525287628174,0.08618509769439697,0.9068720306646116,,,,,roc_auc,0.7918505562001743,0.9705641865730286,0.12062545865774155,0.7918505562001743,,,,,roc_auc,0.7958158338893904,0.9715477228164673,0.1160983294248581,0.7958158338893904,,,,
questions,TAG,3,512,3e-05,7,690,roc_auc,0.8935794237685376,0.973630428314209,0.09107587486505508,0.8935794237685376,,,,,roc_auc,0.790999428502156,0.9683564901351929,0.120076984167099,0.790999428502156,,,,,roc_auc,0.7989829350117407,0.9708936214447021,0.11459818482398987,0.7989829350117407,,,,
questions,TAG,4,512,3e-05,7,810,roc_auc,0.894951307229159,0.9733442664146423,0.09088651090860367,0.894951307229159,,,,,roc_auc,0.7921918385489728,0.9681112170219421,0.1219969317317009,0.7921918385489728,,,,,roc_auc,0.7993442759213039,0.9699125289916992,0.11560267955064774,0.7993442759213039,,,,
questions,TAG,5,512,3e-05,7,840,roc_auc,0.8930774292987895,0.9725266098976135,0.09549413621425629,0.8930774292987895,,,,,roc_auc,0.7923054453930922,0.966230571269989,0.12557321786880493,0.7923054453930922,,,,,roc_auc,0.7990355776490445,0.9675414562225342,0.11938094347715378,0.7990355776490445,,,,
questions,TAG,1,512,3e-05,9,1030,roc_auc,0.9099404256793032,0.9742436408996582,0.08537927269935608,0.9099404256793032,,,,,roc_auc,0.7825015441987196,0.9716271758079529,0.11928992718458176,0.7825015441987196,,,,,roc_auc,0.7726223652706362,0.9722017645835876,0.11710570007562637,0.7726223652706362,,,,
questions,TAG,2,512,3e-05,9,760,roc_auc,0.9225827661650186,0.9755927920341492,0.08006856590509415,0.9225827661650186,,,,,roc_auc,0.7940730478153196,0.9688470959663391,0.12336157262325287,0.7940730478153196,,,,,roc_auc,0.7796896393286679,0.9699942469596863,0.12235404551029205,0.7796896393286679,,,,
questions,TAG,3,512,3e-05,9,630,roc_auc,0.9144986982549111,0.9747751355171204,0.08319619297981262,0.9144986982549111,,,,,roc_auc,0.7973706481016458,0.9686836004257202,0.12222350388765335,0.7973706481016458,,,,,roc_auc,0.7815829271615229,0.9695037007331848,0.12158139050006866,0.7815829271615229,,,,
questions,TAG,4,512,3e-05,9,920,roc_auc,0.9029993245934572,0.9737939834594727,0.08763600140810013,0.9029993245934572,,,,,roc_auc,0.7966924706602243,0.9677841663360596,0.12144879996776581,0.7966924706602243,,,,,roc_auc,0.7809429035185138,0.9688496589660645,0.12101607769727707,0.7809429035185138,,,,
questions,TAG,5,512,3e-05,9,890,roc_auc,0.8988677992714846,0.9713000655174255,0.09220137447118759,0.8988677992714846,,,,,roc_auc,0.7985690617621761,0.9653311371803284,0.12610192596912384,0.7985690617621761,,,,,roc_auc,0.782382494937764,0.9660698175430298,0.12567546963691711,0.782382494937764,,,,
