epoch,train_mean_member_ce,valid_pooled_accuracy,valid_pooled_ce,train_step_seconds,validation_seconds,elapsed_seconds,is_selected_so_far
1,3.8432597517967224,0.0762777253985405,3.271977663040161,0.3446201682090759,0.08600001782178879,0.4464767351746559,1
2,3.348971128463745,0.07631128281354904,3.032999277114868,0.21806517243385315,0.08616325259208679,0.763901598751545,1
3,3.186067283153534,0.24557870626449585,2.882086753845215,0.2172132357954979,0.08608261495828629,1.0801766589283943,1
4,3.10468327999115,0.2598409354686737,2.8346874713897705,0.21744446456432343,0.08607899397611618,1.397024817764759,1
5,3.039106249809265,0.2106446474790573,2.8117008209228516,0.21784932166337967,0.08612538129091263,1.7010641768574715,0
6,2.979751765727997,0.2557803988456726,2.730478286743164,0.21747303009033203,0.08616548776626587,2.0047684758901596,0
7,2.912710726261139,0.2975267469882965,2.590080976486206,0.2174801230430603,0.08606060594320297,2.325647994875908,1
8,2.832890212535858,0.310312420129776,2.467228651046753,0.21758191287517548,0.08621202409267426,2.646142728626728,1
9,2.7461435794830322,0.33269572257995605,2.3626723289489746,0.21778884530067444,0.08609317988157272,2.9637319520115852,1
10,2.6585981249809265,0.35397160053253174,2.2759783267974854,0.21752551943063736,0.08607477694749832,3.2807444632053375,1
11,2.5812565088272095,0.37796568870544434,2.2039859294891357,0.21752319484949112,0.08615314960479736,3.5978375747799873,1
12,2.5122504830360413,0.38752976059913635,2.1438980102539062,0.21760952472686768,0.08620069921016693,3.914532646536827,1
13,2.444209098815918,0.40068456530570984,2.0928573608398438,0.21773772686719894,0.0860733836889267,4.2315341010689735,1
14,2.3821094632148743,0.4248799979686737,2.040203332901001,0.21760697662830353,0.08606327325105667,4.549201846122742,1
15,2.3268120884895325,0.44283363223075867,1.9934707880020142,0.21796337515115738,0.08609458059072495,4.869867868721485,1
16,2.275333821773529,0.4544447660446167,1.9508696794509888,0.21809104084968567,0.08623577654361725,5.188920751214027,1
17,2.2295663952827454,0.4708546996116638,1.9082527160644531,0.2187192216515541,0.08615043759346008,5.51305640488863,1
18,2.1825931072235107,0.4864928126335144,1.866234540939331,0.21793904900550842,0.08609037846326828,5.831231407821178,1
19,2.141642987728119,0.5012584328651428,1.822116494178772,0.21752751618623734,0.08608373254537582,6.1480743661522865,1
20,2.0985979437828064,0.5118963718414307,1.7798131704330444,0.21761096268892288,0.08612890541553497,6.46488393843174,1
21,2.0583726465702057,0.519715428352356,1.742164969444275,0.21762655675411224,0.08608357608318329,6.782848834991455,1
22,2.018646389245987,0.53401118516922,1.6984915733337402,0.2174510881304741,0.08610941469669342,7.1006786450743675,1
23,1.9796885550022125,0.5422664880752563,1.6606618165969849,0.21792993694543839,0.08623159676790237,7.419457569718361,1
24,1.9419966340065002,0.547568678855896,1.6290733814239502,0.2176976054906845,0.08615583181381226,7.736279107630253,1
25,1.907703012228012,0.5556897521018982,1.596772313117981,0.21769698709249496,0.08612118661403656,8.05266111344099,1
26,1.8741078674793243,0.5657907724380493,1.5655702352523804,0.21756114810705185,0.08614110201597214,8.369227141141891,1
27,1.842696100473404,0.5696499943733215,1.54193115234375,0.21763579547405243,0.08611775934696198,8.68684609234333,1
28,1.812400609254837,0.5770998597145081,1.5169191360473633,0.2178887277841568,0.08629582077264786,9.004600569605827,1
29,1.783280611038208,0.583543062210083,1.491689682006836,0.21764017641544342,0.08610792458057404,9.32207077741623,1
30,1.7553583979606628,0.590221107006073,1.4695587158203125,0.2175787165760994,0.08611021935939789,9.640284076333046,1
31,1.7291199266910553,0.5938454270362854,1.4495477676391602,0.21767942607402802,0.08613201230764389,9.957590721547604,1
32,1.7044439613819122,0.5983757376670837,1.4307502508163452,0.21772505342960358,0.0862063616514206,10.274417661130428,1
33,1.682096391916275,0.6019665002822876,1.4131760597229004,0.21749861538410187,0.08605880290269852,10.593113355338573,1
34,1.6588838994503021,0.6038792729377747,1.3981478214263916,0.2177627831697464,0.08614090085029602,10.910494670271873,1
35,1.637829840183258,0.6069331169128418,1.382179617881775,0.21791697293519974,0.08605623245239258,11.227637127041817,1
36,1.6173081398010254,0.6096848845481873,1.367383360862732,0.21754544228315353,0.08626141399145126,11.544637776911259,1
37,1.5958426594734192,0.6121346354484558,1.3538368940353394,0.21754861623048782,0.08615606278181076,11.863392822444439,1
38,1.5777901709079742,0.6147186160087585,1.3381601572036743,0.21757224947214127,0.08611103892326355,12.180923156440258,1
39,1.5611359775066376,0.6177388429641724,1.3246454000473022,0.21760444343090057,0.08611737936735153,12.497813954949379,1
40,1.5435588657855988,0.6212959885597229,1.3101506233215332,0.21786034107208252,0.0861908495426178,12.816020548343658,1
41,1.5268469750881195,0.6251215934753418,1.297873854637146,0.21828441321849823,0.08625862002372742,13.13452559709549,1
42,1.5107930600643158,0.6267659664154053,1.2866801023483276,0.21778590977191925,0.0861063227057457,13.451976172626019,1
43,1.4962530136108398,0.6293163895606995,1.2745362520217896,0.21744515001773834,0.08607500046491623,13.768968597054482,1
44,1.4818362593650818,0.6315983533859253,1.263840913772583,0.21784021705389023,0.08629057556390762,14.08617977052927,1
45,1.46890988945961,0.6332427263259888,1.2551971673965454,0.21756450831890106,0.08612088114023209,14.410208888351917,1
46,1.4546249508857727,0.6349541544914246,1.2450157403945923,0.21765288710594177,0.0859958752989769,14.728116057813168,1
47,1.4429587125778198,0.6370347738265991,1.2359843254089355,0.21783722937107086,0.08612792193889618,15.046091072261333,1
48,1.4304560720920563,0.6377730369567871,1.2270647287368774,0.21756508946418762,0.08607466518878937,15.36346111446619,1
49,1.418735295534134,0.6397194266319275,1.2181777954101562,0.2181074544787407,0.0863473042845726,15.681813292205334,1
50,1.4064332246780396,0.6419342756271362,1.2101093530654907,0.2177284210920334,0.08609681576490402,15.998475007712841,1
51,1.397174745798111,0.6419678330421448,1.2022475004196167,0.21739833056926727,0.0861053466796875,16.315366126596928,1
52,1.3854731023311615,0.6447531580924988,1.194120168685913,0.21756138652563095,0.08608507364988327,16.633098132908344,1
53,1.3759207725524902,0.6463304162025452,1.1861225366592407,0.2173697128891945,0.08614358305931091,16.950122706592083,1
54,1.366117000579834,0.6472700238227844,1.1787182092666626,0.21728703379631042,0.08611459285020828,17.26728855073452,1
55,1.3582742512226105,0.6504244804382324,1.1717450618743896,0.21726051717996597,0.08608628064393997,17.583289965987206,1
56,1.347223699092865,0.6509949564933777,1.1641292572021484,0.21718604117631912,0.08602236211299896,17.899678245186806,1
57,1.3405941128730774,0.653243362903595,1.1589277982711792,0.21741677820682526,0.08609757572412491,18.21581406891346,1
58,1.3317457735538483,0.6538809537887573,1.1517730951309204,0.2168763279914856,0.08609165251255035,18.53154894709587,1
59,1.3242479264736176,0.6546863913536072,1.1454124450683594,0.2174176350235939,0.08611836284399033,18.847914151847363,1
60,1.3147808611392975,0.6570019125938416,1.1423864364624023,0.21730569750070572,0.08607495576143265,19.164878480136395,1
61,1.3085958659648895,0.6557937860488892,1.1363626718521118,0.21726465225219727,0.08614761382341385,19.468356162309647,0
62,1.2997674643993378,0.6588811278343201,1.1292966604232788,0.21734309941530228,0.08613502979278564,19.786770924925804,1
63,1.2934700846672058,0.6586462259292603,1.123487949371338,0.21720563620328903,0.08618317544460297,20.090218476951122,0
64,1.2862935066223145,0.6608275175094604,1.119565725326538,0.2172212153673172,0.08609593659639359,20.406652115285397,1
65,1.2789473235607147,0.6616328954696655,1.1140801906585693,0.21739725023508072,0.08599286526441574,20.723117403686047,1
66,1.271827071905136,0.6620691418647766,1.1088504791259766,0.21725700050592422,0.0860813707113266,21.039456121623516,1
67,1.266847550868988,0.6644182205200195,1.1041243076324463,0.2185150533914566,0.0863342434167862,21.358793668448925,1
68,1.261108636856079,0.665693461894989,1.0999354124069214,0.2177739068865776,0.08614341914653778,21.679718978703022,1
69,1.2530227303504944,0.6671028733253479,1.0950522422790527,0.21761005371809006,0.08612184226512909,22.00035172700882,1
70,1.2490754127502441,0.6685794591903687,1.0919634103775024,0.21780752390623093,0.08620720356702805,22.31768114119768,1
71,1.242473155260086,0.6684452295303345,1.0876903533935547,0.21840448677539825,0.0862305760383606,22.622379064559937,0
72,1.2382392883300781,0.6703580617904663,1.0831934213638306,0.2173946648836136,0.08608733117580414,22.939204171299934,1
73,1.2317478358745575,0.6708614230155945,1.0796293020248413,0.21778376400470734,0.08611831068992615,23.255940072238445,1
74,1.226702868938446,0.6707271933555603,1.0750763416290283,0.21749624609947205,0.0860445573925972,23.55954436212778,0
75,1.221795529127121,0.6726064085960388,1.0729008913040161,0.21752767264842987,0.0861268863081932,23.876888290047646,1
76,1.2171761691570282,0.6739823222160339,1.069461464881897,0.21749282628297806,0.08612780272960663,24.194487772881985,1
77,1.214006930589676,0.673680305480957,1.064469814300537,0.21763621270656586,0.0861254334449768,24.49830812960863,0
78,1.2089233100414276,0.6765663027763367,1.0607788562774658,0.217476025223732,0.08608529716730118,24.814919538795948,1
79,1.2029048204421997,0.6751232743263245,1.0590176582336426,0.21760892122983932,0.08606532961130142,25.11865147948265,0
80,1.1983030140399933,0.6765327453613281,1.0556390285491943,0.218231201171875,0.0862579494714737,25.423199519515038,0
81,1.1941367089748383,0.6789153814315796,1.0525766611099243,0.21812238544225693,0.0862141102552414,25.741336338222027,1
82,1.191984474658966,0.6775394678115845,1.049991250038147,0.21760796010494232,0.08628236502408981,26.045317448675632,0
83,1.185748428106308,0.6801234483718872,1.0474365949630737,0.21757513284683228,0.08608978986740112,26.36363183706999,1
84,1.1834583282470703,0.6803919076919556,1.0432543754577637,0.21785321831703186,0.0860825628042221,26.685558654367924,1
85,1.1791965663433075,0.6809288859367371,1.0410552024841309,0.21752269566059113,0.08607053011655807,27.009089902043343,1
86,1.1755788624286652,0.682774543762207,1.039043664932251,0.21784143894910812,0.08611424267292023,27.327118270099163,1
87,1.1715437471866608,0.6827074289321899,1.0341886281967163,0.21837854385375977,0.08627905696630478,27.631841607391834,0
88,1.1670136749744415,0.6850229501724243,1.0331140756607056,0.2176268920302391,0.08613848686218262,27.949161924421787,1
89,1.164675772190094,0.6836806535720825,1.0317649841308594,0.21789081394672394,0.08612300455570221,28.25327029079199,0
90,1.1607883274555206,0.6834457516670227,1.029008150100708,0.21753227710723877,0.08615687489509583,28.557017251849174,0
91,1.1571094393730164,0.6878082752227783,1.027496099472046,0.2173834592103958,0.0861586481332779,28.877931721508503,1
92,1.1544167399406433,0.68512362241745,1.0240893363952637,0.21745137125253677,0.08605274558067322,29.181496635079384,0
93,1.1525264978408813,0.6871371269226074,1.0243200063705444,0.21751722693443298,0.0861426293849945,29.485208958387375,0
94,1.1487395763397217,0.6878082752227783,1.0217463970184326,0.21758776903152466,0.08610498905181885,29.802304849028587,1
95,1.1448256075382233,0.6871371269226074,1.0204869508743286,0.21748051792383194,0.086074098944664,30.105916880071163,0
96,1.142641693353653,0.6890499591827393,1.0160325765609741,0.21745949983596802,0.08613283187150955,30.425309360027313,1
97,1.1370696723461151,0.68995600938797,1.014325737953186,0.21772287786006927,0.0861060693860054,30.74201112985611,1
98,1.1365568339824677,0.6886808276176453,1.0126242637634277,0.21753936260938644,0.08613729476928711,31.045746684074402,0
99,1.1342256963253021,0.690694272518158,1.0109890699386597,0.21748599410057068,0.0863390862941742,31.36590836197138,1
100,1.130140244960785,0.6906607151031494,1.0098892450332642,0.21773097664117813,0.08612868934869766,31.66984787583351,0
101,1.1283311247825623,0.6905936002731323,1.0067691802978516,0.21759819239377975,0.08609827607870102,31.973603330552578,0
102,1.1243607699871063,0.6921708583831787,1.0066088438034058,0.2175295054912567,0.08607909083366394,32.289927177131176,1
103,1.1234494745731354,0.6921708583831787,1.00404953956604,0.21781885623931885,0.08613179624080658,32.60915392637253,1
104,1.1189340651035309,0.692741334438324,1.0018575191497803,0.217620387673378,0.08608663082122803,32.9259080439806,1
105,1.1171705424785614,0.6933453679084778,1.0033594369888306,0.2175634503364563,0.08608492463827133,33.243580751121044,1
106,1.1143299639225006,0.6934460401535034,0.9978739023208618,0.21751125901937485,0.08614067733287811,33.56469222903252,1
107,1.1123712658882141,0.6945199370384216,0.9962517023086548,0.21783659607172012,0.0861380398273468,33.8818718418479,1
108,1.1080975234508514,0.6939159035682678,0.9985620975494385,0.21754556894302368,0.08612112700939178,34.185598492622375,0
109,1.1070706844329834,0.6948555111885071,0.9956695437431335,0.21760061383247375,0.08613337576389313,34.50226070731878,1
110,1.1053350567817688,0.6948219537734985,0.992974042892456,0.2175193578004837,0.0860665887594223,34.805909745395184,0
111,1.1023851335048676,0.6948555111885071,0.9940141439437866,0.21743052452802658,0.08607091009616852,35.12213350087404,1
112,1.1006972193717957,0.6945199370384216,0.9911216497421265,0.21756910532712936,0.08612442761659622,35.42588963359594,0
113,1.0990032255649567,0.6957280039787292,0.9929121732711792,0.21746698021888733,0.08612538874149323,35.744807966053486,1
114,1.0969506204128265,0.6975401639938354,0.9856332540512085,0.21755695343017578,0.08609718084335327,36.06325822323561,1
115,1.093494862318039,0.6974059343338013,0.9868248701095581,0.21753427386283875,0.08607794344425201,36.36692977696657,0
116,1.0922276973724365,0.6955602169036865,0.9904608130455017,0.21743791550397873,0.08604718744754791,36.670471251010895,0
117,1.0915434658527374,0.6974730491638184,0.9815961718559265,0.21745402365922928,0.08609700202941895,36.9740789309144,0
118,1.0880980491638184,0.6981106400489807,0.9828832745552063,0.21748808771371841,0.08608182519674301,37.29163025319576,1
119,1.084983915090561,0.6982113122940063,0.9842851161956787,0.2174859493970871,0.08613517135381699,37.608404003083706,1
120,1.083542138338089,0.698311984539032,0.9810106754302979,0.21751216799020767,0.08607745170593262,37.92671851068735,1
121,1.0827021598815918,0.6997550129890442,0.9818113446235657,0.21750593185424805,0.08606362342834473,38.244438119232655,1
122,1.0803627669811249,0.6996878981590271,0.9788252115249634,0.2175968661904335,0.08611850440502167,38.548205487430096,0
123,1.0781581699848175,0.7004261612892151,0.9768495559692383,0.2182958722114563,0.08612829446792603,38.86655700951815,1
124,1.0764406621456146,0.6998892426490784,0.9768625497817993,0.21758577227592468,0.08609558641910553,39.17030078917742,0
125,1.0744456350803375,0.7002248167991638,0.9751390814781189,0.21732421219348907,0.08610385656356812,39.47379960864782,0
126,1.0720088481903076,0.7025067806243896,0.9734846949577332,0.21737731248140335,0.08610467612743378,39.79069513082504,1
127,1.0704634487628937,0.7008288502693176,0.9751137495040894,0.21744508296251297,0.08596494048833847,40.09416310489178,0
128,1.0701216459274292,0.7015671133995056,0.9715376496315002,0.2176886424422264,0.08610641956329346,40.398015446960926,0
129,1.0668588876724243,0.7021040916442871,0.9692742228507996,0.21750780194997787,0.0861595943570137,40.701742723584175,0
130,1.064838021993637,0.7012986540794373,0.9715719223022461,0.21756092458963394,0.0861479714512825,41.00551053136587,0
131,1.0643241703510284,0.7019698619842529,0.968873143196106,0.21780190616846085,0.0861557126045227,41.30952180176973,0
132,1.0634438693523407,0.7026074528694153,0.9678484797477722,0.2178291231393814,0.08614408224821091,41.627353087067604,1
133,1.0589846670627594,0.7027081251144409,0.9673225283622742,0.2174554169178009,0.08614851534366608,41.945383816957474,1
134,1.0579359829425812,0.70203697681427,0.9683479070663452,0.21788951754570007,0.08613427728414536,42.249509520828724,0
135,1.0583283007144928,0.7022718787193298,0.9663536548614502,0.21749011427164078,0.08609017729759216,42.55314617604017,0
136,1.0563818216323853,0.7035470604896545,0.9635338187217712,0.2200998142361641,0.0861317366361618,42.873924531042576,1
137,1.0528558492660522,0.7041846513748169,0.9633482694625854,0.21755842119455338,0.0861673504114151,43.191317200660706,1
138,1.0527734458446503,0.7038155198097229,0.9626623392105103,0.21726957708597183,0.08607354760169983,43.49472317844629,0
139,1.0502278208732605,0.7034463882446289,0.9630484580993652,0.21769385784864426,0.08610336482524872,43.79857558012009,0
140,1.0477703213691711,0.7042853236198425,0.9615289568901062,0.21743767708539963,0.0860503688454628,44.11731930822134,1
141,1.0477495193481445,0.7033121585845947,0.9616720080375671,0.2175043225288391,0.08618396520614624,44.42106559872627,0
142,1.0451472997665405,0.7052249908447266,0.9574407935142517,0.21762410551309586,0.08612753450870514,44.73774088174105,1
143,1.0428034365177155,0.7043524384498596,0.9578379392623901,0.21751123666763306,0.08613823354244232,45.041449815034866,0
144,1.0429383516311646,0.7049900889396667,0.9582785964012146,0.2175453081727028,0.08613815158605576,45.345190063118935,0
145,1.0414831638336182,0.7043859958648682,0.9594508409500122,0.21807681769132614,0.08620179444551468,45.6495279148221,0
146,1.0416552126407623,0.7049229741096497,0.9573810696601868,0.21773721277713776,0.08624979108572006,45.95363596826792,0
147,1.041601836681366,0.7060303688049316,0.95321124792099,0.21774239838123322,0.0860547125339508,46.27059415727854,1
148,1.0403012037277222,0.7032114863395691,0.9600890278816223,0.21815510094165802,0.08624020218849182,46.57504899054766,0
149,1.0369206368923187,0.7054598927497864,0.9560650587081909,0.217439703643322,0.08602768927812576,46.87857211381197,0
150,1.033774495124817,0.7060303688049316,0.9517051577568054,0.2175334244966507,0.08616887778043747,47.19520002603531,1
151,1.0323565006256104,0.7047216296195984,0.9542713165283203,0.2172076180577278,0.08605014532804489,47.4985306635499,0
152,1.0327436029911041,0.7057954668998718,0.9523531198501587,0.21730686724185944,0.08627372235059738,47.80217083543539,0
153,1.0316380560398102,0.7054598927497864,0.9516884088516235,0.2172299176454544,0.08603806048631668,48.105492889881134,0
154,1.0278772115707397,0.7051243185997009,0.9528929591178894,0.21750009804964066,0.08608706295490265,48.40913139283657,0
155,1.0295608341693878,0.7071042656898499,0.9498438835144043,0.21724289655685425,0.08604348450899124,48.72630079835653,1
156,1.026715874671936,0.7069364190101624,0.9476780295372009,0.21738388389348984,0.08604057878255844,49.02978475391865,0
157,1.0265226364135742,0.7053927779197693,0.9502377510070801,0.21691841632127762,0.08609777688980103,49.332859829068184,0
158,1.0242061614990234,0.7069364190101624,0.9481043219566345,0.21720941364765167,0.08615097403526306,49.63627206534147,0
159,1.0236110091209412,0.7068693041801453,0.9490649104118347,0.2174459472298622,0.08609624952077866,49.93986988812685,0
160,1.0199121534824371,0.7054934501647949,0.9503363966941833,0.21735841780900955,0.08614766597747803,50.24343440681696,0
161,1.0204008221626282,0.707238495349884,0.945285439491272,0.21776432543992996,0.0862121433019638,50.560998395085335,1
162,1.0188832581043243,0.7074062824249268,0.9463768601417542,0.2171783223748207,0.08608295023441315,50.87803027033806,1
163,1.0195614099502563,0.7074062824249268,0.9452551007270813,0.2173917070031166,0.08621924370527267,51.19459990411997,1
164,1.0179890990257263,0.7078760862350464,0.9446710348129272,0.21729471534490585,0.0859072357416153,51.51105345785618,1
165,1.016096591949463,0.7078760862350464,0.9444945454597473,0.21728480607271194,0.08607213944196701,51.826575979590416,1
166,1.0127742886543274,0.7078089714050293,0.9448127746582031,0.21750172972679138,0.08625038713216782,52.130390241742134,0
167,1.0134896337985992,0.7088492512702942,0.9435315132141113,0.2174842655658722,0.08613425493240356,52.44875729829073,1
168,1.0106225907802582,0.7083794474601746,0.9421156644821167,0.21738916635513306,0.08614422380924225,52.75236165523529,0
169,1.010694980621338,0.7082787752151489,0.9426167607307434,0.21731576323509216,0.0861155092716217,53.055869959294796,0
170,1.0106407403945923,0.7082452178001404,0.9421229958534241,0.21710249036550522,0.08604909479618073,53.35907984524965,0
171,1.0077512115240097,0.7082452178001404,0.9402710795402527,0.21716192364692688,0.08608263731002808,53.66238010674715,0
172,1.0071164667606354,0.7084801197052002,0.9416266679763794,0.21726614236831665,0.08610182255506516,53.96580494195223,0
173,1.0051679462194443,0.70871502161026,0.9434174299240112,0.21697403490543365,0.08606377243995667,54.268890745937824,0
174,1.0051376670598984,0.7093526124954224,0.9387572407722473,0.21710031479597092,0.08614490181207657,54.5867924541235,1
175,1.0029337257146835,0.7097553610801697,0.9389292597770691,0.21729211509227753,0.08617880195379257,54.904141776263714,1
176,1.002232387661934,0.7090505957603455,0.9401012063026428,0.21715611964464188,0.08613134920597076,55.2075018286705,0
177,1.0019747167825699,0.7093190550804138,0.9395713210105896,0.21719904243946075,0.08615665882825851,55.51091219484806,0
178,1.0014632791280746,0.7089499235153198,0.9394108057022095,0.21695654839277267,0.08607743680477142,55.81400156021118,0
179,0.9996086955070496,0.7093526124954224,0.9382386207580566,0.21730157732963562,0.08629448711872101,56.117654114961624,0
180,0.9974246174097061,0.7094868421554565,0.9389241933822632,0.2173244133591652,0.08621534705162048,56.42125105112791,0
181,0.9960409700870514,0.7099231481552124,0.9377025961875916,0.21738828718662262,0.08605936169624329,56.73737317323685,1
182,0.9981403350830078,0.7102922797203064,0.9342731237411499,0.21745061874389648,0.08614110946655273,57.055080868303776,1
183,0.9943845272064209,0.7100573778152466,0.9373780488967896,0.2178492695093155,0.0861109122633934,57.35910003632307,0
184,0.9927808791399002,0.709956705570221,0.9372569918632507,0.21747206151485443,0.08608459681272507,57.66271401196718,0
185,0.9941740185022354,0.7110305428504944,0.9328804612159729,0.21743814647197723,0.08606185019016266,57.97940132766962,1
186,0.9910761713981628,0.7102587223052979,0.9347944855690002,0.21713655441999435,0.0859265848994255,58.28252439200878,0
187,0.9911477416753769,0.7092183828353882,0.9366702437400818,0.217399463057518,0.08606387674808502,58.58603724837303,0
188,0.9908602982759476,0.7110641002655029,0.9329322576522827,0.21733681857585907,0.08608481287956238,58.90232206881046,1
189,0.990250825881958,0.7106278538703918,0.9312134385108948,0.21727467328310013,0.08600907027721405,59.20566716790199,0
190,0.988202765583992,0.7100573778152466,0.9336562752723694,0.2172367349267006,0.08612058311700821,59.50907849520445,0
191,0.9880148023366928,0.7092854976654053,0.9371704459190369,0.2173464521765709,0.08604636043310165,59.81253907084465,0
192,0.9850357174873352,0.71113121509552,0.9298979043960571,0.21699278056621552,0.08616618067026138,60.12893930077553,1
193,0.985759824514389,0.7110641002655029,0.930801272392273,0.2176811471581459,0.0860888808965683,60.43280155211687,0
194,0.9844370484352112,0.7102587223052979,0.9348158836364746,0.21718982607126236,0.08609583228826523,60.73613950610161,0
195,0.981719434261322,0.7106278538703918,0.9319254159927368,0.21743108332157135,0.08601545542478561,61.039637207984924,0
196,0.9835658818483353,0.7109634280204773,0.9323423504829407,0.21739758551120758,0.08613670617341995,61.34322580695152,0
197,0.9811442494392395,0.7111647725105286,0.9316509962081909,0.21759847551584244,0.08610672503709793,61.66153717786074,1
198,0.980965718626976,0.7107285261154175,0.9302510023117065,0.21733279526233673,0.08614522218704224,61.9650973752141,0
199,0.9795564711093903,0.7109634280204773,0.9316734671592712,0.2172721102833748,0.08611961454153061,62.268539756536484,0
200,0.9782513529062271,0.7121714949607849,0.9291351437568665,0.217030331492424,0.08616553246974945,62.58500508219004,1
201,0.9778840243816376,0.710392951965332,0.9296743273735046,0.2173415720462799,0.08597690612077713,62.88838070631027,0
202,0.9769446700811386,0.7104265093803406,0.934002161026001,0.21792439371347427,0.08632838726043701,63.192706637084484,0
203,0.9770375341176987,0.7116010189056396,0.9273381233215332,0.21728014945983887,0.08628302067518234,63.49632937461138,0
204,0.9754997938871384,0.7115339040756226,0.9269976615905762,0.217104934155941,0.08611521869897842,63.79960160702467,0
205,0.9746858179569244,0.7117352485656738,0.9308105707168579,0.21730207651853561,0.08610506355762482,64.10306830704212,0
206,0.9742318689823151,0.7106614112854004,0.9302223324775696,0.21736788004636765,0.08600389957427979,64.40650373697281,0
207,0.9719810336828232,0.7123392820358276,0.9258764386177063,0.21711201965808868,0.08609264343976974,64.72437580674887,1
208,0.9726174473762512,0.7125071287155151,0.9253519177436829,0.2171650230884552,0.08614814281463623,65.04092517495155,1
209,0.9713950753211975,0.7109969854354858,0.9299322962760925,0.21713785082101822,0.08607389777898788,65.34419591724873,0
210,0.9694752395153046,0.7113996744155884,0.9285190105438232,0.21702280640602112,0.0860862210392952,65.64735865592957,0
211,0.9677300006151199,0.7128762602806091,0.9236598014831543,0.21736913174390793,0.08612053096294403,65.96461969614029,1
212,0.9681166112422943,0.7123392820358276,0.9261268973350525,0.21723343431949615,0.08614879846572876,66.26805976778269,0
213,0.9666389524936676,0.7121379375457764,0.9275259375572205,0.217390775680542,0.0860542356967926,66.57155981659889,0
214,0.9679931402206421,0.7124735713005066,0.9267649054527283,0.21695853024721146,0.0860510990023613,66.87461824715137,0
215,0.9672344326972961,0.712742030620575,0.9259073734283447,0.21712709963321686,0.08609477430582047,67.17791569977999,0
216,0.9655075222253799,0.7127084732055664,0.9229920506477356,0.21722884476184845,0.08612218499183655,67.48132559657097,0
217,0.9639131426811218,0.712238609790802,0.9257310628890991,0.2172580286860466,0.08611779659986496,67.7847501784563,0
218,0.9638425558805466,0.7124064564704895,0.925076961517334,0.217407688498497,0.08606474846601486,68.08827336132526,0
219,0.9624665379524231,0.7123392820358276,0.923335611820221,0.21719536185264587,0.08611850440502167,68.3916440680623,0
220,0.9629199355840683,0.7119701504707336,0.9276348352432251,0.2173844426870346,0.08615320175886154,68.69523552060127,0
221,0.9610077738761902,0.7126749157905579,0.9242888689041138,0.2174958512187004,0.08613526076078415,68.99892351031303,0
222,0.9610998779535294,0.7129433751106262,0.9210696220397949,0.2171465903520584,0.08612021803855896,69.31738957762718,1
223,0.960281640291214,0.7128427028656006,0.9255813956260681,0.21759367734193802,0.08615612983703613,69.6212653145194,0
224,0.9585574567317963,0.7125071287155151,0.9218263030052185,0.21741043776273727,0.08613400906324387,69.9248679280281,0
225,0.9581780880689621,0.7132453918457031,0.9225721955299377,0.21737509965896606,0.08607413619756699,70.24225357174873,1
226,0.9574051946401596,0.712742030620575,0.9257661700248718,0.21727673709392548,0.08615101128816605,70.54574082046747,0
227,0.9568075686693192,0.7132789492607117,0.9216647148132324,0.21742458641529083,0.08607780188322067,70.86360018700361,1
228,0.9546887874603271,0.7130776047706604,0.9212842583656311,0.2182292565703392,0.08626464754343033,71.16816195845604,0
229,0.955267608165741,0.7134467363357544,0.922776997089386,0.21759618073701859,0.08613400906324387,71.48847206681967,1
230,0.9537924528121948,0.7140172123908997,0.9207516312599182,0.21757357567548752,0.08613758534193039,71.80574656277895,1
231,0.9529668539762497,0.7140843272209167,0.9221740961074829,0.21761417388916016,0.08614170551300049,72.12254706025124,1
232,0.9516466110944748,0.7133796215057373,0.9212296605110168,0.21751277893781662,0.08602015674114227,72.42614311724901,0
233,0.9526678770780563,0.7143863439559937,0.918079137802124,0.21765375137329102,0.085982546210289,72.74285136163235,1
234,0.9495835304260254,0.7141514420509338,0.9214192032814026,0.2173658087849617,0.08609353750944138,73.04637632519007,0
235,0.9515091627836227,0.7136816382408142,0.9211809039115906,0.217381551861763,0.08611295372247696,73.34992604702711,0
236,0.9500704854726791,0.7134802937507629,0.9229471683502197,0.2175452560186386,0.08609706908464432,73.65362427383661,0
237,0.9461486339569092,0.7147554755210876,0.9209223985671997,0.21785544604063034,0.08621371537446976,73.9730911180377,1
238,0.9494084715843201,0.7141178846359253,0.9176915884017944,0.2178381159901619,0.0860561802983284,74.2770683541894,0
239,0.9485066086053848,0.7134802937507629,0.9218937158584595,0.2175728753209114,0.0861324816942215,74.58083843439817,0
240,0.9465351104736328,0.7141514420509338,0.9196056723594666,0.21764034032821655,0.08613777160644531,74.88469234853983,0
241,0.9466910362243652,0.7146883606910706,0.9163312911987305,0.21745924651622772,0.08614279329776764,75.18835179507732,0
242,0.9471428692340851,0.7141849994659424,0.9240722060203552,0.2175643891096115,0.08606457710266113,75.49203480780125,0
243,0.9452648162841797,0.7144534587860107,0.9207863807678223,0.21735043078660965,0.086155965924263,75.7955917045474,0
244,0.9438026696443558,0.7137823104858398,0.9162135720252991,0.2174791842699051,0.08610502630472183,76.09925742447376,0
245,0.9448825567960739,0.7141849994659424,0.9212504625320435,0.21762220561504364,0.08616263419389725,76.40309756994247,0
246,0.9424403756856918,0.7147890329360962,0.9183960556983948,0.2175460010766983,0.08613467216491699,76.72037713974714,1
247,0.9410408288240433,0.7151917815208435,0.9146919250488281,0.2181578129529953,0.0860949233174324,77.03784815222025,1
248,0.9407433569431305,0.7148561477661133,0.918527364730835,0.2176191434264183,0.08614830672740936,77.34168946743011,0
249,0.9412530362606049,0.7153931260108948,0.9204842448234558,0.2177121639251709,0.08606413751840591,77.65866281837225,1
250,0.9403973072767258,0.7145205736160278,0.9158461689949036,0.21827742457389832,0.08614853769540787,77.9631594195962,0
251,0.9380222260951996,0.7145205736160278,0.9165759682655334,0.21742039918899536,0.086143858730793,78.26677869260311,0
252,0.9403116554021835,0.7142185568809509,0.9207363128662109,0.21735316514968872,0.08611077815294266,78.57030826807022,0
253,0.9381100833415985,0.7146212458610535,0.9141610264778137,0.2177063673734665,0.0861702486872673,78.87425094097853,0
254,0.9369413256645203,0.7154937982559204,0.9141702055931091,0.2175496369600296,0.0861356183886528,79.1911935210228,1
255,0.936578780412674,0.7145205736160278,0.9202284216880798,0.2176363617181778,0.08616627007722855,79.49505638331175,0
256,0.9357967376708984,0.7152924537658691,0.9164968729019165,0.21757300198078156,0.08616916090250015,79.79886063933372,0
257,0.9351863712072372,0.7154937982559204,0.9135951995849609,0.21757668256759644,0.08616979420185089,80.1176063939929,1
258,0.9341920614242554,0.71596360206604,0.914855420589447,0.21759560704231262,0.08617471158504486,80.43474879860878,1
259,0.9359254986047745,0.7149903774261475,0.9158461689949036,0.21767479926347733,0.08641877770423889,80.73890313506126,0
260,0.9335476458072662,0.7150575518608093,0.9174233675003052,0.2181238830089569,0.08614785969257355,81.04328386485577,0
261,0.9326049834489822,0.7158293724060059,0.9115641117095947,0.217513769865036,0.08613117039203644,81.34699486196041,0
262,0.9337540715932846,0.7157622575759888,0.9129337668418884,0.21802276372909546,0.08606766909360886,81.65114412456751,0
263,0.9318432807922363,0.7154602408409119,0.9176239967346191,0.21832873672246933,0.08625037968158722,81.95578081905842,0
264,0.9313746839761734,0.7156280279159546,0.9139965772628784,0.21757564693689346,0.0861760824918747,82.25960065424442,0
265,0.9310903251171112,0.7159971594810486,0.9111371040344238,0.21785395592451096,0.08616713434457779,82.57732018083334,1
266,0.9300831407308578,0.7157622575759888,0.9162761569023132,0.21885008364915848,0.0863867998123169,82.88267171382904,0
267,0.9287146180868149,0.7165676355361938,0.9153498411178589,0.21767443418502808,0.08609278500080109,83.20216879248619,1
268,0.9293622821569443,0.7160642743110657,0.9135177135467529,0.21757832914590836,0.08606037497520447,83.50587828457355,0
269,0.9260983616113663,0.7154266834259033,0.9168463945388794,0.21766969561576843,0.0861157551407814,83.80972228944302,0
270,0.9269884824752808,0.7165676355361938,0.9122671484947205,0.2175818309187889,0.08609148114919662,84.12632884085178,1
271,0.9261414557695389,0.715158224105835,0.9191284775733948,0.217731811106205,0.08603895455598831,84.43016724288464,0
272,0.9268793761730194,0.715594470500946,0.9138776063919067,0.2178390547633171,0.0861671194434166,84.7342349588871,0
273,0.924796536564827,0.7159971594810486,0.9081144332885742,0.21761105209589005,0.08608191460371017,85.03800968080759,0
274,0.9259216487407684,0.7149232625961304,0.9161474704742432,0.2176918238401413,0.08619123697280884,85.34195940941572,0
275,0.9236932694911957,0.7147890329360962,0.9150845408439636,0.217723086476326,0.08620847761631012,85.64598958194256,0
276,0.9248306155204773,0.7161985039710999,0.9123731851577759,0.21896902471780777,0.0864143893122673,85.9514921233058,0
277,0.9215701669454575,0.7160642743110657,0.9140639901161194,0.21753473579883575,0.08611394464969635,86.25520347803831,0
278,0.9220807701349258,0.7173394560813904,0.9103121161460876,0.2174622043967247,0.08609969913959503,86.57286643236876,1
279,0.9210540801286697,0.7170374393463135,0.9124523997306824,0.2176516279578209,0.08611370623111725,86.8767131716013,0
280,0.9208969175815582,0.71596360206604,0.9127286076545715,0.21760647743940353,0.08605428040027618,87.18043349683285,0
281,0.9191917926073074,0.7159971594810486,0.9116998314857483,0.2174992859363556,0.08615110069513321,87.48415414243937,0
282,0.9183876067399979,0.7159300446510315,0.9139413237571716,0.2175084576010704,0.0861484631896019,87.78786636143923,0
283,0.9189503788948059,0.7168360948562622,0.9107622504234314,0.2175353616476059,0.08630035817623138,88.09176506102085,0
284,0.9185575693845749,0.7167354226112366,0.9133666753768921,0.21746518462896347,0.08610063046216965,88.39539190381765,0
285,0.9169225692749023,0.716332733631134,0.9122374653816223,0.218502014875412,0.0862826481461525,88.70024175941944,0
286,0.9171300977468491,0.7169032096862793,0.9136245250701904,0.21764828264713287,0.08611127734184265,89.00408193469048,0
287,0.915783241391182,0.7177422046661377,0.9121303558349609,0.21753915399312973,0.08621976524591446,89.32102733850479,1
288,0.9160780906677246,0.7165005207061768,0.9104602336883545,0.2177794650197029,0.0860963687300682,89.6249777302146,0
289,0.9159621894359589,0.7166347503662109,0.9138678312301636,0.2176223173737526,0.08603856712579727,89.92871369421482,0
290,0.9147902429103851,0.7176079154014587,0.9090179204940796,0.21747659146785736,0.08614739030599594,90.23239465802908,0
291,0.9141580611467361,0.7171381115913391,0.9082533717155457,0.21764902025461197,0.08601723611354828,90.53613641858101,0
292,0.9139192402362823,0.7172387838363647,0.9094555377960205,0.21805830299854279,0.08607609570026398,90.84033741056919,0
293,0.912901297211647,0.7168360948562622,0.9085857272148132,0.21759437024593353,0.08612290024757385,91.14411991089582,0
294,0.9111904352903366,0.717070996761322,0.9114294648170471,0.2175670936703682,0.08616489171981812,91.44791953265667,0
295,0.9132015407085419,0.7169703245162964,0.9107784032821655,0.21757952868938446,0.0861269161105156,91.75168574601412,0
296,0.9118583500385284,0.7168360948562622,0.9090986251831055,0.21763025969266891,0.08612410724163055,92.05550558120012,0
297,0.9096895307302475,0.7179099917411804,0.9114029407501221,0.2175186276435852,0.08606602996587753,92.37249947339296,1
298,0.9107692092657089,0.7178093194961548,0.9102732539176941,0.21806687116622925,0.0861949548125267,92.67683374881744,0
299,0.9103777259588242,0.7176414728164673,0.9103667736053467,0.2184591442346573,0.08619419485330582,92.9815885424614,0
300,0.909920260310173,0.7180442214012146,0.9079883098602295,0.21833905577659607,0.086244136095047,93.3009550049901,1
301,0.9088753014802933,0.7171045541763306,0.9088824391365051,0.21755454689264297,0.08613575249910355,93.60473027825356,0
302,0.9098192751407623,0.7172723412513733,0.912472665309906,0.21793778985738754,0.08614413440227509,93.90888440608978,0
303,0.9088851511478424,0.718681812286377,0.9060054421424866,0.21773646771907806,0.08622275292873383,94.22741498053074,1
304,0.9068093299865723,0.7181784510612488,0.9087291955947876,0.21743927150964737,0.08610906451940536,94.5310381129384,0
305,0.9052650928497314,0.7185475826263428,0.9098896384239197,0.2174975723028183,0.08614926040172577,94.83474665135145,0
306,0.904718205332756,0.7182455658912659,0.9069531559944153,0.21754740923643112,0.08606326580047607,95.13842178881168,0
307,0.9052204638719559,0.717943549156189,0.9100930094718933,0.2176455482840538,0.08609173446893692,95.44222106784582,0
308,0.9044064283370972,0.7185475826263428,0.9077773690223694,0.21773778647184372,0.08620577305555344,95.7462423145771,0
309,0.9042873382568359,0.719050943851471,0.9045296907424927,0.21803884208202362,0.0863988846540451,96.06458552181721,1
310,0.9060939848423004,0.7177086472511292,0.9107672572135925,0.21767336130142212,0.08609145134687424,96.36845034360886,0
311,0.904467299580574,0.7180777788162231,0.9096158742904663,0.21713821589946747,0.0860786885023117,96.67172306776047,0
312,0.9035814255475998,0.7193194031715393,0.9074158668518066,0.21734801679849625,0.08611328154802322,96.98807633668184,1
313,0.9011272341012955,0.7191851735115051,0.9059336185455322,0.21708402037620544,0.08607545495033264,97.29128712415695,0
314,0.9024039506912231,0.7178764343261719,0.9077738523483276,0.2172684744000435,0.0859823003411293,97.59459524601698,0
315,0.9017259180545807,0.718681812286377,0.9082765579223633,0.21727290749549866,0.08613254874944687,97.89805833995342,0
316,0.9018222242593765,0.7188831567764282,0.906223714351654,0.21711908280849457,0.08618439733982086,98.20141711086035,0
317,0.9003111124038696,0.7181113362312317,0.910325288772583,0.21721486747264862,0.08613381534814835,98.50482551008463,0
318,0.8995812237262726,0.7188495993614197,0.9080383777618408,0.21742168813943863,0.0861407145857811,98.80844123661518,0
319,0.9003667235374451,0.7195878624916077,0.9047890305519104,0.2171594724059105,0.0861196294426918,99.12593199312687,1
320,0.899838000535965,0.718748927116394,0.9079614281654358,0.2172582969069481,0.08607294410467148,99.42932078242302,0
321,0.8973878920078278,0.7188160419464111,0.9103755354881287,0.21713637560606003,0.08607612550258636,99.73258527368307,0
322,0.8986482620239258,0.7198898792266846,0.9035749435424805,0.21727914363145828,0.08609633892774582,100.05048817396164,1
323,0.8974915146827698,0.7191851735115051,0.9079132080078125,0.21724792569875717,0.08615262061357498,100.35394491255283,0
324,0.8960721045732498,0.7188495993614197,0.9100396633148193,0.21710949391126633,0.08613860607147217,100.65724809467793,0
325,0.895802304148674,0.7201583385467529,0.9040168523788452,0.2173338681459427,0.08614715933799744,100.9741625264287,1
326,0.8946202248334885,0.7202925682067871,0.9067534804344177,0.21780869364738464,0.08632651716470718,101.2912695556879,1
327,0.8960497677326202,0.7182791233062744,0.9098343253135681,0.21752876043319702,0.08612000197172165,101.59500253200531,0
328,0.8938882648944855,0.7188160419464111,0.9090907573699951,0.21732325106859207,0.08608956634998322,101.89848238229752,0
329,0.8929605931043625,0.7205275297164917,0.9046876430511475,0.21754606068134308,0.08625809103250504,102.21630198508501,1
330,0.893452450633049,0.7192187309265137,0.9111320376396179,0.21842235326766968,0.08616475760936737,102.52098955959082,0
331,0.893493041396141,0.7178764343261719,0.912356436252594,0.21736212074756622,0.08617788553237915,102.82462446391582,0
332,0.8933993875980377,0.721098005771637,0.9018005132675171,0.2195861041545868,0.0859997570514679,103.1441022157669,1
333,0.8928741961717606,0.7205610871315002,0.9076493382453918,0.21723413467407227,0.08624623715877533,103.44764501601458,0
334,0.8925087153911591,0.7185475826263428,0.9112050533294678,0.217593252658844,0.08605200052261353,103.75134943425655,0
335,0.8917577415704727,0.7194200754165649,0.9039151668548584,0.21784023940563202,0.08614787459373474,104.05539290606976,0
336,0.8905331939458847,0.719118058681488,0.9094247221946716,0.21746042370796204,0.08607769012451172,104.35898840427399,0
337,0.8913702815771103,0.7195207476615906,0.9092811346054077,0.21779797971248627,0.08609534054994583,104.66293662786484,0
338,0.890035480260849,0.7203261852264404,0.9048452973365784,0.21763741970062256,0.08605343103408813,104.96668142080307,0
339,0.888567715883255,0.7191851735115051,0.9068747162818909,0.21784935891628265,0.08617325872182846,105.27076511830091,0
340,0.8890941739082336,0.7199234366416931,0.9074781537055969,0.2173008993268013,0.08610380440950394,105.57422109693289,0
341,0.8873775899410248,0.72022545337677,0.9071833491325378,0.21752718091011047,0.08611313998699188,105.87791556864977,0
342,0.8880388736724854,0.7197220921516418,0.9086424112319946,0.2178066447377205,0.08657914400100708,106.18237172067165,0
343,0.8869667202234268,0.7194536328315735,0.9069072604179382,0.21822820603847504,0.0861535295844078,106.48690457642078,0
344,0.8854492753744125,0.719050943851471,0.9064252376556396,0.21750915795564651,0.08611202985048294,106.79058639705181,0
345,0.8865251541137695,0.7197556495666504,0.9078165888786316,0.21745021641254425,0.08607837557792664,107.09417053312063,0
346,0.8860529959201813,0.7208966612815857,0.9061729311943054,0.21764526516199112,0.08614207059144974,107.39801540970802,0
347,0.8844631463289261,0.7201247811317444,0.9050148725509644,0.21752697974443436,0.08609464764595032,107.70169168710709,0
348,0.8859201818704605,0.7203933000564575,0.9093857407569885,0.21759574115276337,0.08615704625844955,108.0055066421628,0
349,0.8858292102813721,0.721534252166748,0.9044923186302185,0.2174704372882843,0.08613405376672745,108.32793675363064,1
350,0.8829894661903381,0.7209302186965942,0.9045680165290833,0.2181134670972824,0.0862315222620964,108.63234892487526,0
351,0.8844650685787201,0.7186482548713684,0.9088829159736633,0.21767068654298782,0.08607093244791031,108.93619290739298,0
352,0.8836994767189026,0.7208631038665771,0.9015939831733704,0.2176404818892479,0.08646214008331299,109.24035495519638,0
353,0.8824509829282761,0.7202590107917786,0.9062204360961914,0.2182774692773819,0.08605613559484482,109.5448153167963,0
354,0.884511187672615,0.7185475826263428,0.9097460508346558,0.21759220212697983,0.08610445261001587,109.84856478869915,0
355,0.8831461369991302,0.719487190246582,0.9048625826835632,0.21758479624986649,0.08616442233324051,110.15237089246511,0
356,0.8832931071519852,0.7210644483566284,0.9041534662246704,0.21746773272752762,0.08611620962619781,110.45601993054152,0
357,0.8813118785619736,0.7200912237167358,0.9052700996398926,0.21769116073846817,0.08613546937704086,110.75989882647991,0
358,0.8805436193943024,0.7202925682067871,0.905867338180542,0.21742285043001175,0.08614037185907364,111.06351268291473,0
359,0.8801539689302444,0.7212993502616882,0.9053061008453369,0.21757786720991135,0.08609197288751602,111.36725958436728,0
360,0.881133645772934,0.7199569940567017,0.9033660888671875,0.2176518663764,0.08611427247524261,111.6711011081934,0
361,0.8805139809846878,0.7197892069816589,0.906173586845398,0.21738619357347488,0.08604548126459122,111.97459281980991,0
362,0.8788264393806458,0.721165120601654,0.902951180934906,0.2179959937930107,0.0862249881029129,112.27887056022882,0
363,0.8792700618505478,0.721098005771637,0.903639018535614,0.21831578761339188,0.08627322316169739,112.58356623351574,0
364,0.8793007433414459,0.7212657928466797,0.9063905477523804,0.2175743356347084,0.08614782989025116,112.88735552877188,0
365,0.8766357600688934,0.7210644483566284,0.904201090335846,0.21741128712892532,0.08602163940668106,113.19085764884949,0
366,0.877416580915451,0.7212657928466797,0.9009999632835388,0.21733343601226807,0.08613472431898117,113.4943874552846,0
367,0.8774513304233551,0.7202925682067871,0.9064425230026245,0.21761739253997803,0.08611742407083511,113.79817943274975,0
368,0.8767032474279404,0.7205275297164917,0.9064475297927856,0.21759633719921112,0.08611999452114105,114.10198783874512,0
369,0.8765860497951508,0.7218027114868164,0.9025152325630188,0.21775616705417633,0.08619295060634613,114.42069026082754,1
370,0.8773375302553177,0.721467137336731,0.9056892991065979,0.217586949467659,0.08614332228899002,114.7244855388999,0
371,0.8769991993904114,0.7206953167915344,0.9060826301574707,0.21740804612636566,0.08611959964036942,115.02806808054447,0
372,0.8750523030757904,0.721534252166748,0.9023452997207642,0.21773367375135422,0.08604352921247482,115.33190579712391,0
373,0.8741247951984406,0.7225745320320129,0.9010823965072632,0.21770261228084564,0.08613956719636917,115.65067429095507,1
374,0.8736889809370041,0.721165120601654,0.9077305197715759,0.21777645498514175,0.08604627102613449,115.95460242033005,0
375,0.8733217418193817,0.7212657928466797,0.9064183831214905,0.2174312025308609,0.0860813781619072,116.25816936790943,0
376,0.8741690367460251,0.7226080894470215,0.8997628092765808,0.2177313193678856,0.0861358791589737,116.57492222636938,1
377,0.8741464614868164,0.7206282019615173,0.9082947373390198,0.21726426482200623,0.08613533526659012,116.87838287651539,0
378,0.8724100440740585,0.7205946445465088,0.9084001779556274,0.21769698709249496,0.08601298183202744,117.18215426802635,0
379,0.874832421541214,0.7222389578819275,0.9036411046981812,0.21738484501838684,0.08612488955259323,117.48571909219027,0
380,0.8741498291492462,0.7208631038665771,0.9079499244689941,0.21753865480422974,0.08612324297428131,117.78944618999958,0
381,0.8717194348573685,0.7223060727119446,0.9011446237564087,0.2180679813027382,0.08606814593076706,118.09367598593235,0
382,0.8707607835531235,0.7214335799217224,0.9041681885719299,0.2176184430718422,0.08607473969459534,118.39744269102812,0
383,0.8713767230510712,0.720359742641449,0.9065660238265991,0.21809817850589752,0.0860990583896637,118.70170032978058,0
384,0.8709321022033691,0.721903383731842,0.9010146260261536,0.21789822727441788,0.08605018258094788,119.00574500113726,0
385,0.8685337454080582,0.7211315631866455,0.9067803621292114,0.21873220056295395,0.08628632128238678,119.31084534525871,0
386,0.8699590265750885,0.7227423191070557,0.9049533009529114,0.21803335845470428,0.08607299625873566,119.63074192404747,1
387,0.8694841414690018,0.7231115102767944,0.9010967016220093,0.21770286560058594,0.08624202758073807,119.94973624497652,1
388,0.8688306361436844,0.7214335799217224,0.9041627049446106,0.217771977186203,0.08615168929100037,120.25373248010874,0
389,0.8679071813821793,0.7208295464515686,0.9049935936927795,0.21791613101959229,0.08610723167657852,120.55784327536821,0
390,0.8674633353948593,0.7229101061820984,0.8993299603462219,0.21864262968301773,0.08626533299684525,120.86281784623861,0
391,0.8679535090923309,0.7212322354316711,0.9062749743461609,0.21800975501537323,0.08613067865371704,121.16703374683857,0
392,0.8671580255031586,0.7208295464515686,0.9063234329223633,0.21786922961473465,0.08613208681344986,121.47111508995295,0
393,0.8671763837337494,0.7226080894470215,0.9004942774772644,0.21775136142969131,0.08610165119171143,121.77505035698414,0
394,0.868131011724472,0.7211986780166626,0.9065201282501221,0.21755046397447586,0.08615916967391968,122.07884113490582,0
395,0.8670256435871124,0.722205400466919,0.904535174369812,0.2173139899969101,0.08609380573034286,122.3823220282793,0
396,0.8660186976194382,0.7222389578819275,0.901726245880127,0.2174016237258911,0.0860806331038475,122.68587677180767,0
397,0.8645491898059845,0.7212657928466797,0.9068275690078735,0.21756594628095627,0.08607977628707886,122.98960776627064,0
398,0.8665235042572021,0.72264164686203,0.9016147255897522,0.21793963760137558,0.08613922446966171,123.29380868375301,0
399,0.8654684275388718,0.7224403023719788,0.9027005434036255,0.2176649123430252,0.08620517700910568,123.59776428341866,0
400,0.8654657453298569,0.7200576663017273,0.9100306630134583,0.2183164283633232,0.08624701201915741,123.90240889042616,0
401,0.8649348616600037,0.7223731875419617,0.8989567160606384,0.2177114263176918,0.08621641248464584,124.20643824338913,0
402,0.8656395822763443,0.7213329076766968,0.9033024311065674,0.21837589889764786,0.08616866171360016,124.51110588014126,0
403,0.8626031130552292,0.720359742641449,0.9099476933479309,0.2194644883275032,0.08646628260612488,124.81712155789137,0
404,0.8631380647420883,0.7224067449569702,0.9007675051689148,0.2177807316184044,0.08610209822654724,125.12109807133675,0
405,0.8648683428764343,0.7227423191070557,0.9015306234359741,0.2179645374417305,0.08621693402528763,125.42535346001387,0
406,0.8627317994832993,0.7208631038665771,0.9107897877693176,0.21755387634038925,0.08611362427473068,125.72912550717592,0
407,0.8628063946962357,0.7229436635971069,0.8985170722007751,0.21749713271856308,0.08624063432216644,126.03295433521271,0
408,0.8629840314388275,0.7237491011619568,0.9025091528892517,0.2176266387104988,0.0861627534031868,126.35168447345495,1
409,0.8609613329172134,0.7213664650917053,0.910729169845581,0.21767869591712952,0.08611992001533508,126.6555597409606,0
410,0.8609303086996078,0.7230443954467773,0.899488627910614,0.21781406551599503,0.08614601194858551,126.95960874855518,0
411,0.861329972743988,0.7234135270118713,0.9005809426307678,0.21746323257684708,0.08616572618484497,127.26329663395882,0
412,0.8609191179275513,0.7214335799217224,0.9080045223236084,0.21765915304422379,0.08614031225442886,127.56715947389603,0
413,0.8598363548517227,0.7222389578819275,0.9005509614944458,0.21769888699054718,0.08612024039030075,127.87105917930603,0
414,0.8619924783706665,0.7230779528617859,0.8979462385177612,0.21765749156475067,0.08615629374980927,128.1749554425478,0
415,0.8586713224649429,0.7211986780166626,0.9106743335723877,0.21785742044448853,0.08616418391466141,128.47907579690218,0
416,0.8582130670547485,0.7221047282218933,0.9060834646224976,0.2182317152619362,0.08633151650428772,128.78373516350985,0
417,0.8577580451965332,0.7228094339370728,0.8989041447639465,0.2176206335425377,0.08617821335792542,129.08762927353382,0
418,0.8573385924100876,0.721165120601654,0.9079465866088867,0.21762848645448685,0.08619864284992218,129.391545265913,0
419,0.856030747294426,0.7225745320320129,0.9034435749053955,0.21859121322631836,0.08644761890172958,129.69673532247543,0
420,0.8576433062553406,0.7231786251068115,0.9039754271507263,0.21765614300966263,0.08615875244140625,130.0006610378623,0
421,0.8573088198900223,0.7229772806167603,0.901835024356842,0.21747712045907974,0.08613423258066177,130.30432339012623,0
422,0.8553151488304138,0.7219704985618591,0.9017455577850342,0.21754326671361923,0.08615023642778397,130.60807317495346,0
423,0.8563608676195145,0.7234135270118713,0.9058480262756348,0.21792708337306976,0.0863850936293602,130.91244979947805,0
424,0.8540328443050385,0.7232792973518372,0.9023534059524536,0.21824778616428375,0.08611775934696198,131.21694757789373,0
425,0.8542885482311249,0.7232457399368286,0.899477481842041,0.2174401581287384,0.08612988889217377,131.52058961242437,0
426,0.8555187731981277,0.7234470844268799,0.9060149788856506,0.2171575129032135,0.08614213019609451,131.82394236326218,0
427,0.8545229583978653,0.722272515296936,0.9052561521530151,0.21736036986112595,0.08608996868133545,132.12746062874794,0
428,0.8544186502695084,0.7252927422523499,0.8960716724395752,0.21800103783607483,0.08623594045639038,132.44682650268078,1
429,0.8553489595651627,0.723514199256897,0.9064679741859436,0.2177756056189537,0.08618348836898804,132.75088081508875,0
430,0.8542542308568954,0.7222389578819275,0.9075222611427307,0.21773235499858856,0.08614248037338257,133.054828196764,0
431,0.8529316931962967,0.7241182327270508,0.8979513645172119,0.2175917625427246,0.08613266795873642,133.35864067077637,0
432,0.8539691269397736,0.7234470844268799,0.9041299223899841,0.21749211847782135,0.08606506139039993,133.66226271539927,0
433,0.8515346944332123,0.7227758765220642,0.9058100581169128,0.21754810959100723,0.08617144078016281,133.9660383760929,0
434,0.8516236692667007,0.7230779528617859,0.9013552665710449,0.2175203114748001,0.08608727902173996,134.26970060914755,0
435,0.8527069240808487,0.7233799695968628,0.9052067995071411,0.21748211979866028,0.08629126846790314,134.57352896779776,0
436,0.8507105112075806,0.721836268901825,0.9068580269813538,0.21753783524036407,0.08606112003326416,134.8771829083562,0
437,0.8522472381591797,0.7224738597869873,0.9041598439216614,0.2177589014172554,0.08616197109222412,135.18115793913603,0
438,0.8502068370580673,0.7239504456520081,0.8987670540809631,0.2173147052526474,0.08622615784406662,135.48475366830826,0
439,0.8498497605323792,0.723514199256897,0.9061948657035828,0.21847914159297943,0.0862002745270729,135.78951278328896,0
440,0.849464476108551,0.7234470844268799,0.9092443585395813,0.21757099777460098,0.08612458407878876,136.0932646021247,0
441,0.8504604995250702,0.7240846753120422,0.8980682492256165,0.21828261017799377,0.08630432188510895,136.3979219198227,0
442,0.8500205427408218,0.7220040559768677,0.9049680829048157,0.21764365583658218,0.08632133156061172,136.70198338478804,0
443,0.8493131995201111,0.7228094339370728,0.9084017872810364,0.21729329228401184,0.08612896502017975,137.00546679645777,0
444,0.8501530885696411,0.7249571681022644,0.8986348509788513,0.2172999083995819,0.08625536412000656,137.30907207727432,0
445,0.8478426486253738,0.7224738597869873,0.9030606746673584,0.21708940714597702,0.08608032017946243,137.6123109832406,0
446,0.8501774221658707,0.7232792973518372,0.9061551094055176,0.21772586554288864,0.08615811169147491,137.91626872867346,0
447,0.8474858552217484,0.7227087616920471,0.903517484664917,0.21731603890657425,0.08610215783119202,138.219742000103,0
448,0.847889170050621,0.724252462387085,0.9016852378845215,0.21731343865394592,0.08616522699594498,138.52328000217676,0
449,0.8474039882421494,0.7245544791221619,0.9016216993331909,0.21713393181562424,0.08609245717525482,138.82656042277813,0
450,0.8470460623502731,0.7230443954467773,0.9055265784263611,0.21741387993097305,0.0861438661813736,139.1301731467247,0
451,0.8461114764213562,0.7246551513671875,0.9017035961151123,0.21724318712949753,0.08606594800949097,139.4335599243641,0
452,0.8454787582159042,0.7255947589874268,0.8964529633522034,0.21732518076896667,0.08609361201524734,139.7503058090806,1
453,0.8449475169181824,0.7237491011619568,0.9041141271591187,0.2170572653412819,0.08612993359565735,140.05355445295572,0
454,0.8456611782312393,0.7226752042770386,0.9090949892997742,0.21727591007947922,0.08614139258861542,140.35702753067017,0
455,0.8445891737937927,0.7247222661972046,0.90001380443573,0.21698342263698578,0.08610711991786957,140.66017153859138,0
456,0.8459161072969437,0.7240846753120422,0.9015246033668518,0.2174110859632492,0.08614333719015121,140.96380427479744,0
457,0.8435600101947784,0.7244873642921448,0.9023244380950928,0.2173869013786316,0.08610567450523376,141.26735546439886,0
458,0.8436947017908096,0.7249571681022644,0.8992566466331482,0.21715859323740005,0.08610322326421738,141.57068824023008,0
459,0.8448948711156845,0.7237491011619568,0.9025894999504089,0.21760427206754684,0.0861237570643425,141.87447275221348,0
460,0.8440430909395218,0.7239840030670166,0.9073486328125,0.21736643463373184,0.08615879714488983,142.17805516719818,0
461,0.8433786928653717,0.725426971912384,0.897588849067688,0.21731797605752945,0.0861588567495346,142.48159163445234,0
462,0.8435427844524384,0.7244873642921448,0.8992975950241089,0.21732743084430695,0.08609737455844879,142.78507977724075,0
463,0.8426332771778107,0.724319577217102,0.9045148491859436,0.21715299785137177,0.08610963076353073,143.08840176463127,0
464,0.8413610607385635,0.7248564958572388,0.9020077586174011,0.21727706491947174,0.08614316582679749,143.39188097417355,0
465,0.842044398188591,0.723883330821991,0.9021719694137573,0.21729512512683868,0.08607352524995804,143.69530580937862,0
466,0.8419727832078934,0.7249571681022644,0.9039776921272278,0.21735277771949768,0.08610308915376663,143.99881718307734,0
467,0.8406007438898087,0.7241517901420593,0.9008777141571045,0.2171647921204567,0.08606773614883423,144.30210677534342,0
468,0.8393679559230804,0.7249236106872559,0.9018246531486511,0.21734432131052017,0.08613111078739166,144.60563950240612,0
469,0.8403084427118301,0.7258297204971313,0.900644063949585,0.2173883318901062,0.0861644595861435,144.92419873178005,1
470,0.839115783572197,0.72505784034729,0.9012788534164429,0.2176903784275055,0.08610069751739502,145.2280975803733,0
471,0.840701162815094,0.72505784034729,0.9033488035202026,0.2178622931241989,0.08616093546152115,145.53217546641827,0
472,0.8384309858083725,0.7254940867424011,0.900818943977356,0.2173279970884323,0.08616366982460022,145.8357785642147,0
473,0.8386175781488419,0.7249236106872559,0.9014801383018494,0.2175041064620018,0.0860975831747055,146.13945458084345,0
474,0.8403923511505127,0.7246551513671875,0.9047234058380127,0.21804369986057281,0.08623111993074417,146.44379748404026,0
475,0.8396178781986237,0.7267357707023621,0.8975683450698853,0.2176819071173668,0.08608799427747726,146.76176796853542,1
476,0.838094174861908,0.7240846753120422,0.9057343006134033,0.21742933243513107,0.08615650236606598,147.06544928252697,0
477,0.83793143928051,0.724688708782196,0.904194712638855,0.2172057405114174,0.08613310754299164,147.36884582787752,0
478,0.8372349292039871,0.7268700003623962,0.8972310423851013,0.21744105219841003,0.08616399019956589,147.68664824962616,1
479,0.8371194005012512,0.7246551513671875,0.9049830436706543,0.21732407808303833,0.08608266711235046,147.9901189133525,0
480,0.8370141535997391,0.7247222661972046,0.9069835543632507,0.21739351749420166,0.08619532734155655,148.29376906901598,0
481,0.83921018242836,0.7258968353271484,0.8975189328193665,0.21721813082695007,0.08613379299640656,148.59717950224876,0
482,0.8382989466190338,0.7247893810272217,0.9015100598335266,0.21718839555978775,0.08613861352205276,148.9005650281906,0
483,0.835249587893486,0.7251249551773071,0.905438244342804,0.2172287106513977,0.08612191677093506,149.20398169010878,0
484,0.8351345509290695,0.7252927422523499,0.9006680250167847,0.21733823418617249,0.08610939234495163,149.50748922675848,0
485,0.835797131061554,0.72505784034729,0.9035352468490601,0.2172214686870575,0.08614929765462875,149.8109178096056,0
486,0.8338527381420135,0.7255947589874268,0.9029865860939026,0.21749655902385712,0.0861721932888031,150.11464348435402,0
487,0.8341178297996521,0.7255612015724182,0.9020918011665344,0.21735966205596924,0.08626656234264374,150.41833493113518,0
488,0.8357558697462082,0.72505784034729,0.9025932550430298,0.21748404949903488,0.08612098544836044,150.7220041155815,0
489,0.834287092089653,0.7258632779121399,0.9009456038475037,0.21875008195638657,0.08615622669458389,151.02697187662125,0
490,0.832664966583252,0.7257626056671143,0.9039306044578552,0.2174980193376541,0.08610940724611282,151.3306377157569,0
491,0.8346278369426727,0.7247558236122131,0.9077265858650208,0.21740670502185822,0.08601851761341095,151.63412754237652,0
492,0.8331904411315918,0.7263330817222595,0.8993600606918335,0.21726617962121964,0.08615022897720337,151.9376053661108,0
493,0.8327134698629379,0.7258968353271484,0.8989041447639465,0.21734072268009186,0.08613043278455734,152.24113480746746,0
494,0.8326537758111954,0.7245209217071533,0.9054831266403198,0.21713905781507492,0.08638577908277512,152.5447183996439,0
495,0.8322065472602844,0.7246551513671875,0.9015056490898132,0.21757115423679352,0.08610792458057404,152.84847799688578,0
496,0.8323255032300949,0.7265008687973022,0.8991701602935791,0.2172926515340805,0.08615124225616455,153.15199786424637,0
497,0.8315938711166382,0.7255276441574097,0.9040079712867737,0.21704301983118057,0.0860869288444519,153.45518416911364,0
498,0.8317899256944656,0.7251920700073242,0.9007927775382996,0.21726060658693314,0.08611879497766495,153.75861513614655,0
499,0.8298560529947281,0.7260981798171997,0.9009100794792175,0.21734705567359924,0.08609037846326828,154.0621112510562,0
500,0.8319411724805832,0.724990725517273,0.9040220975875854,0.21750729531049728,0.08614050596952438,154.36581845581532,0
501,0.8322641551494598,0.7262659668922424,0.9016650915145874,0.21770036965608597,0.08615194261074066,154.6697403267026,0
502,0.8318892121315002,0.7253934144973755,0.9031370878219604,0.21771040558815002,0.08614544570446014,154.97366612404585,0
503,0.8310755491256714,0.7256283760070801,0.9021366238594055,0.21732572466135025,0.08594201505184174,155.27699413895607,0
504,0.8310250490903854,0.7266350984573364,0.9014944434165955,0.21728865802288055,0.08610131591558456,155.5804475992918,0
505,0.8299697637557983,0.7248564958572388,0.9030542969703674,0.21729107946157455,0.08612856268882751,155.88392130285501,0
506,0.8308085650205612,0.7251585125923157,0.9048799276351929,0.21729334443807602,0.08624009788036346,156.18751075863838,0
507,0.8302240818738937,0.7269371151924133,0.899249792098999,0.21746249496936798,0.086159847676754,156.50612723082304,1
508,0.828313946723938,0.7263330817222595,0.9004648327827454,0.21720971167087555,0.08610271662473679,156.80950125306845,0
509,0.8291853368282318,0.7258297204971313,0.9018365144729614,0.21740174293518066,0.08607902377843857,157.11305014044046,0
510,0.8298896104097366,0.7253598570823669,0.9017171263694763,0.2173219472169876,0.0861067995429039,157.41653595864773,0
511,0.8284010738134384,0.7250242829322815,0.9057239294052124,0.2171320766210556,0.08618810027837753,157.71991135179996,0
512,0.8277888894081116,0.72505784034729,0.904107391834259,0.2173728421330452,0.08614770323038101,158.02348775416613,0
513,0.8271955996751785,0.7264001965522766,0.8964365124702454,0.21705082058906555,0.0860571637749672,158.3266523629427,0
514,0.8281408399343491,0.7247558236122131,0.9095799922943115,0.2172175869345665,0.08611736446619034,158.63005159795284,0
515,0.828371673822403,0.7262659668922424,0.9040648937225342,0.21772152185440063,0.08618272095918655,158.93401146680117,0
516,0.8265216648578644,0.7263330817222595,0.8988369703292847,0.2173110768198967,0.0860782340168953,159.23746718466282,0
517,0.8274582028388977,0.7255947589874268,0.9048539400100708,0.2173546627163887,0.08609846979379654,159.5409782603383,0
518,0.8257867246866226,0.7268028855323792,0.9036787748336792,0.21732182055711746,0.08612220734357834,159.84448039531708,0
519,0.8262134194374084,0.7252927422523499,0.9027630686759949,0.21821116656064987,0.08626636862754822,160.14901819080114,0
520,0.824621856212616,0.7264001965522766,0.9019807577133179,0.2173222005367279,0.08610571175813675,160.45250252634287,0
521,0.8240306377410889,0.7259975075721741,0.903136670589447,0.21739473938941956,0.0861000046133995,160.7560564726591,0
522,0.8219065219163895,0.7255276441574097,0.9058836102485657,0.2171963006258011,0.08618589490652084,161.05949722230434,0
523,0.8256711512804031,0.7256954908370972,0.9014684557914734,0.2171611487865448,0.08615092188119888,161.36286702007055,0
524,0.8258814811706543,0.7264001965522766,0.9003645181655884,0.2180371880531311,0.08647841215133667,161.66744305193424,0
525,0.8224311918020248,0.7261988520622253,0.9036808609962463,0.21838724613189697,0.08623980730772018,161.97218562662601,0
526,0.8251711428165436,0.7251920700073242,0.9069284200668335,0.21791955083608627,0.08594071865081787,162.27619021385908,0
527,0.8232650756835938,0.7264337539672852,0.9012771248817444,0.21739056706428528,0.08610029518604279,162.57973965257406,0
528,0.8243109583854675,0.7268028855323792,0.9010746479034424,0.21746216714382172,0.08613801747560501,162.88339582830667,0
529,0.8226921856403351,0.7267693281173706,0.9041287302970886,0.21998805552721024,0.0861404687166214,163.18957406282425,0
530,0.8250139802694321,0.7253598570823669,0.9056032299995422,0.21788804978132248,0.08619215339422226,163.49371318519115,0
531,0.8228598684072495,0.7268700003623962,0.9011646509170532,0.21738263964653015,0.08618113398551941,163.79735933244228,0
532,0.820937380194664,0.7260310649871826,0.9040400981903076,0.2179248034954071,0.08611159026622772,164.10146102309227,0
533,0.8227737694978714,0.726668655872345,0.901779294013977,0.21846677362918854,0.08618978410959244,164.40617498755455,0
534,0.8221988379955292,0.7267693281173706,0.9019801020622253,0.21754976361989975,0.08608276396989822,164.70986901968718,0
535,0.8211038708686829,0.7245880365371704,0.9080853462219238,0.2177715003490448,0.08615055680274963,165.01384707540274,0
536,0.8195774853229523,0.7272055745124817,0.9010602235794067,0.2177155837416649,0.08604439347982407,165.33114711940289,1
537,0.822766974568367,0.7263330817222595,0.8999038338661194,0.21763262897729874,0.08607964962720871,165.63491865247488,0
538,0.8220890760421753,0.7245880365371704,0.9059922099113464,0.21749845147132874,0.0861709862947464,165.9386507049203,0
539,0.8225502520799637,0.7265008687973022,0.9057104587554932,0.21793969720602036,0.0862145647406578,166.24286276847124,0
540,0.823264554142952,0.727037787437439,0.9024215936660767,0.21740476042032242,0.086168572306633,166.5465453788638,0
541,0.820194736123085,0.7257290482521057,0.9022207856178284,0.21718014031648636,0.08594829589128494,166.84973087906837,0
542,0.8199255019426346,0.7256283760070801,0.9041393995285034,0.217116579413414,0.0861259400844574,167.15302795916796,0
543,0.821337953209877,0.7275411486625671,0.9022145867347717,0.21787574887275696,0.08618373423814774,167.4724343419075,1
544,0.8184583187103271,0.7267357707023621,0.9022850394248962,0.21765175461769104,0.08617442101240158,167.77634577453136,0
545,0.8191415667533875,0.7245880365371704,0.9075309038162231,0.21731673181056976,0.08630020916461945,168.08004615455866,0
546,0.8189071267843246,0.7276418209075928,0.9024226069450378,0.21811514347791672,0.08623480051755905,168.39877265691757,1
547,0.8190651088953018,0.7271384596824646,0.9019613862037659,0.21731124818325043,0.08607088029384613,168.70224924385548,0
548,0.8200815767049789,0.7272055745124817,0.900802731513977,0.21721404045820236,0.0861048623919487,169.0056456848979,0
549,0.8177676349878311,0.727104902267456,0.9017444849014282,0.2174450382590294,0.08613630384206772,169.30929239839315,0
550,0.8166981339454651,0.7270042300224304,0.9052798748016357,0.21750906109809875,0.08612766116857529,169.61299635469913,0
551,0.8187706917524338,0.7269371151924133,0.9005687236785889,0.21742525696754456,0.0861520767211914,169.91665685921907,0
552,0.8173716068267822,0.728145182132721,0.9020021557807922,0.21760320663452148,0.08619996160268784,170.23425291478634,1
553,0.8157955855131149,0.7269706726074219,0.9012985825538635,0.21743150055408478,0.08612203598022461,170.5378811508417,0
554,0.8162760734558105,0.7278096079826355,0.9029731154441833,0.21739605069160461,0.0859915241599083,170.84132906794548,0
555,0.816488653421402,0.727037787437439,0.9072690010070801,0.21720415353775024,0.08618417382240295,171.14477701485157,0
556,0.8174061328172684,0.7273398041725159,0.9009217619895935,0.21745244413614273,0.08614758402109146,171.44844897836447,0
557,0.818546861410141,0.725930392742157,0.9037708640098572,0.21781961619853973,0.0861680656671524,171.75250440835953,0
558,0.8165538460016251,0.7268364429473877,0.9052442908287048,0.21924813091754913,0.08628513664007187,172.05816993117332,0
559,0.8172413259744644,0.7279102802276611,0.9015977382659912,0.21735826134681702,0.08611921966075897,172.3617076948285,0
560,0.8159162849187851,0.726668655872345,0.905852735042572,0.21735742688179016,0.08614221960306168,172.66528064757586,0
561,0.8151900619268417,0.7263666391372681,0.9080142378807068,0.2173987254500389,0.08610345423221588,172.96885136514902,0
562,0.8167588412761688,0.7284472584724426,0.899579644203186,0.21762004494667053,0.08622287958860397,173.28641544282436,1
563,0.8161066621541977,0.7260646224021912,0.906843364238739,0.21726185828447342,0.0861121267080307,173.58986162394285,0
564,0.8141882866621017,0.7253262996673584,0.9078503251075745,0.21748272329568863,0.08613672107458115,173.89353908598423,0
565,0.8159779906272888,0.7282794713973999,0.8990968465805054,0.21727729588747025,0.0861208364367485,174.19700837135315,0
566,0.815333366394043,0.7260646224021912,0.9093890190124512,0.21742894500494003,0.08613921701908112,174.50065079331398,0
567,0.8130176514387131,0.7269035577774048,0.9027237892150879,0.21736063063144684,0.08629503846168518,174.80436611175537,0
568,0.8148016184568405,0.7268700003623962,0.9014827013015747,0.2175801321864128,0.08612857758998871,175.10814585536718,0
569,0.8152409344911575,0.7267357707023621,0.9054731130599976,0.21741139143705368,0.08610299229621887,175.41173439472914,0
570,0.8140831887722015,0.7269706726074219,0.905160129070282,0.21739235520362854,0.08615575730800629,175.71534775942564,0
571,0.8127023875713348,0.7271384596824646,0.900837779045105,0.21738481521606445,0.0861440971493721,176.01894575357437,0
572,0.8127562254667282,0.7267693281173706,0.9017165899276733,0.2174648866057396,0.08618731051683426,176.3226584047079,0
573,0.8128919452428818,0.7273398041725159,0.9062985777854919,0.21745821833610535,0.08612702041864395,176.62632870674133,0
574,0.811576634645462,0.727406919002533,0.9025526642799377,0.2174137458205223,0.08611012250185013,176.92992659658194,0
575,0.8128801584243774,0.7261652946472168,0.9054009914398193,0.21738722175359726,0.08612434566020966,177.23350097239017,0
576,0.8123290985822678,0.7272726893424988,0.9018295407295227,0.2172815427184105,0.0862344279885292,177.53708703815937,0
577,0.8100775182247162,0.7291855216026306,0.9016731381416321,0.2177150920033455,0.08611996471881866,177.8549731373787,1
578,0.8100759834051132,0.7264001965522766,0.9091510772705078,0.21764066815376282,0.08617710322141647,178.1588624790311,0
579,0.8116629868745804,0.7268028855323792,0.9051043391227722,0.2172294184565544,0.08614261448383331,178.4623002782464,0
580,0.8108022660017014,0.7283801436424255,0.9020130038261414,0.21758250147104263,0.08614520728588104,178.76608641445637,0
581,0.8109899014234543,0.7272055745124817,0.9053868651390076,0.21776922792196274,0.08616065979003906,179.0700789988041,0
582,0.8091455698013306,0.7281787395477295,0.9034214615821838,0.2175499126315117,0.0861038938164711,179.37384858727455,0
583,0.8101530522108078,0.7278767228126526,0.9016883373260498,0.21743307262659073,0.08615389466285706,179.67752262204885,0
584,0.8108133673667908,0.7272726893424988,0.9057802557945251,0.2174929454922676,0.08605746179819107,179.98115051537752,0
585,0.8104657083749771,0.7274404764175415,0.9025908708572388,0.2172921895980835,0.08610453456640244,180.28461032360792,0
586,0.8089616745710373,0.7274404764175415,0.9053775668144226,0.21702104806900024,0.08609501272439957,180.58779427409172,0
587,0.8090499490499496,0.7287492752075195,0.9028086066246033,0.21718668192625046,0.08608858287334442,180.89112803339958,0
588,0.8093963265419006,0.7284808158874512,0.904367208480835,0.21776604652404785,0.08618491888046265,181.1951401233673,0
589,0.8097200244665146,0.7276418209075928,0.9076708555221558,0.21726243942975998,0.0860954150557518,181.49857331067324,0
590,0.8085865378379822,0.7279773950576782,0.9018182754516602,0.21731596440076828,0.08611205965280533,181.8020598590374,0
591,0.8099622875452042,0.7269371151924133,0.9053887128829956,0.21807020902633667,0.08622217178344727,182.10642961412668,0
592,0.8092384040355682,0.7270042300224304,0.9052664041519165,0.21730348467826843,0.08610782772302628,182.40990269184113,0
593,0.8087780475616455,0.7276082634925842,0.900327205657959,0.2173153981566429,0.08613308519124985,182.71340510249138,0
594,0.8101756274700165,0.7262324094772339,0.9087861180305481,0.21711234003305435,0.08610283583402634,183.01669389754534,0
595,0.8095531612634659,0.727776050567627,0.9051406383514404,0.21744566410779953,0.08617284893989563,183.32036851346493,0
596,0.8097808063030243,0.7279773950576782,0.9005696177482605,0.21714408695697784,0.08615392446517944,183.6237390115857,0
597,0.8063428401947021,0.7248229384422302,0.90896075963974,0.21737749129533768,0.08612781018018723,183.9272992387414,0
598,0.8078910857439041,0.7276082634925842,0.9047673344612122,0.21725254505872726,0.0861164778470993,184.2307499796152,0
599,0.8072134703397751,0.7279438376426697,0.9045857787132263,0.21746822446584702,0.08608744293451309,184.53436329215765,0
600,0.8077520877122879,0.7269706726074219,0.904016375541687,0.21764656901359558,0.08622165769338608,184.83830934762955,0
601,0.8070506602525711,0.7262659668922424,0.9058393836021423,0.21754685044288635,0.08618441224098206,185.14211656153202,0
602,0.8066633492708206,0.7267693281173706,0.9078518152236938,0.21793164312839508,0.0859864205121994,185.44615349173546,0
603,0.8059727102518082,0.7283801436424255,0.9065539240837097,0.21740824729204178,0.08612246811389923,185.74974832683802,0
604,0.8050058484077454,0.7278096079826355,0.9008002281188965,0.21732868254184723,0.08608673512935638,186.05322393774986,0
605,0.8050189316272736,0.7255276441574097,0.909904420375824,0.21748093515634537,0.08618265390396118,186.35695030540228,0
606,0.8049976080656052,0.7276418209075928,0.9070133566856384,0.21725299209356308,0.08614468574523926,186.66041254997253,0
607,0.80558080971241,0.7283130288124084,0.9020761251449585,0.21701835840940475,0.08613076061010361,186.96362318843603,0
608,0.8034593164920807,0.7276418209075928,0.9050468802452087,0.21728397905826569,0.08610942214727402,187.26707620173693,0
609,0.8081710487604141,0.7280445098876953,0.9078976511955261,0.21723884344100952,0.0861087441444397,187.57048070430756,0
610,0.8042058199644089,0.7280780673027039,0.9002792835235596,0.2173340618610382,0.08616290986537933,187.87403623014688,0
611,0.8044984042644501,0.7264001965522766,0.9069453477859497,0.21741224825382233,0.08610821515321732,188.17763516306877,0
612,0.8060263246297836,0.7273062467575073,0.9114886522293091,0.217388316988945,0.08611691743135452,188.48122163116932,0
613,0.8043992519378662,0.7291855216026306,0.9020760655403137,0.21733474731445312,0.08616635203361511,188.7847819700837,0
614,0.8038789331912994,0.726668655872345,0.9057926535606384,0.21728350222110748,0.08611512184143066,189.08825241029263,0
615,0.8023544251918793,0.7253598570823669,0.9097498655319214,0.21726296097040176,0.08615720272064209,189.3917344585061,0
616,0.8037189543247223,0.7285814881324768,0.9020142555236816,0.21735652536153793,0.08613653481006622,189.69529432058334,0
617,0.8034635037183762,0.7268028855323792,0.90671706199646,0.21717441082000732,0.08605092763900757,189.99859738349915,0
618,0.8024908602237701,0.7258632779121399,0.9090527892112732,0.21799390017986298,0.0862598642706871,190.3029082417488,0
619,0.8033487051725388,0.728145182132721,0.90096116065979,0.21729692816734314,0.08618976175785065,190.60647133737803,0
620,0.8020282089710236,0.7277089357376099,0.9048871994018555,0.21743794530630112,0.08620276302099228,190.9101831316948,0
621,0.8041530251502991,0.7268700003623962,0.909935474395752,0.21745990961790085,0.08616632223129272,191.2138780876994,0
622,0.8034455180168152,0.7276082634925842,0.9040470123291016,0.21743285655975342,0.08613041043281555,191.517514385283,0
623,0.8028867989778519,0.7285479307174683,0.9016669392585754,0.21742764860391617,0.0861169621348381,191.8211169615388,0
624,0.8017286509275436,0.7276753783226013,0.908349871635437,0.21733179688453674,0.08613962680101395,192.12465670704842,0
625,0.8035650998353958,0.7266350984573364,0.9051557183265686,0.2172851264476776,0.08613722026348114,192.42814335227013,0
626,0.8026465326547623,0.7285814881324768,0.9030011892318726,0.21746399253606796,0.08606359362602234,192.731725782156,0
627,0.8021781593561172,0.7284137010574341,0.9079141616821289,0.21720585972070694,0.08606741577386856,193.03506693989038,0
628,0.8043105751276016,0.7272391319274902,0.9047157764434814,0.21745924651622772,0.08613033592700958,193.33871457725763,0
629,0.8016814291477203,0.7285143733024597,0.9023289084434509,0.21730101108551025,0.08613858371973038,193.6422250494361,0
630,0.801352471113205,0.7267022132873535,0.9077047109603882,0.2175702080130577,0.08613978326320648,193.94599948078394,0
631,0.801140695810318,0.727843165397644,0.9040123224258423,0.21735569089651108,0.0861487090587616,194.2495685517788,0
632,0.8007942289113998,0.7287492752075195,0.9065552949905396,0.21739668399095535,0.08614308387041092,194.5531679019332,0
633,0.801388293504715,0.7284137010574341,0.9038093090057373,0.21763265877962112,0.08608563244342804,194.8569491803646,0
634,0.8008062243461609,0.7284808158874512,0.9050173163414001,0.21773403882980347,0.08629810810089111,195.16107330471277,0
635,0.8002482652664185,0.7289841771125793,0.907209038734436,0.21796908229589462,0.0862538143992424,195.4653813317418,0
636,0.7995796650648117,0.7280445098876953,0.9053036570549011,0.2175283432006836,0.08612818270921707,195.76916030794382,0
637,0.7996900379657745,0.7280780673027039,0.9008674621582031,0.21735385805368423,0.08606349676847458,196.07263512909412,0
638,0.8006573468446732,0.7288499474525452,0.9032410979270935,0.2174348458647728,0.08621785789728165,196.37634831666946,0
639,0.7984811514616013,0.7262324094772339,0.9087092876434326,0.2176346555352211,0.08619505167007446,196.68027263134718,0
640,0.7983688563108444,0.7277424931526184,0.9034118056297302,0.21728339046239853,0.0861964002251625,196.98381602019072,0
641,0.7981732189655304,0.7289506196975708,0.9023985862731934,0.21737388521432877,0.0860835537314415,197.28733371198177,0
642,0.7966128289699554,0.7277424931526184,0.9054269194602966,0.2173609584569931,0.08615881949663162,197.59091582894325,0
643,0.7979682087898254,0.7275411486625671,0.9047386646270752,0.21747177839279175,0.0861639603972435,197.89462024718523,0
644,0.7993300408124924,0.7285479307174683,0.9069814085960388,0.21733657270669937,0.08607674390077591,198.1981049850583,0
645,0.7969328612089157,0.7285814881324768,0.9034401774406433,0.21730072051286697,0.08630780130624771,198.50177841633558,0
646,0.7973657250404358,0.7273062467575073,0.9034826159477234,0.21748992800712585,0.08612126111984253,198.80548180639744,0
647,0.7987236529588699,0.7276082634925842,0.9057492613792419,0.21727721393108368,0.086113840341568,199.10893312096596,0
648,0.7971358001232147,0.7285814881324768,0.9045632481575012,0.21725165843963623,0.08617644757032394,199.41241415590048,0
649,0.7978785485029221,0.7268364429473877,0.9088954329490662,0.21714067459106445,0.08614470064640045,199.7157675102353,0
650,0.7974713444709778,0.7286150455474854,0.9029110670089722,0.21741380542516708,0.08616064488887787,200.01940458267927,0
651,0.7964047640562057,0.7284472584724426,0.9031938314437866,0.21714697033166885,0.08623167872428894,200.3228477165103,0
652,0.7960008084774017,0.7276753783226013,0.9091320037841797,0.21768738329410553,0.08618780225515366,200.62679659575224,0
653,0.7972782701253891,0.7280109524726868,0.9041556715965271,0.21732208877801895,0.08631971478462219,200.93050815165043,0
654,0.796290397644043,0.7273062467575073,0.9056667685508728,0.21720797568559647,0.08608309179544449,201.2338571548462,0
655,0.7948016822338104,0.7276753783226013,0.9098615646362305,0.2174113616347313,0.08613844960927963,201.5374737381935,0
656,0.7958450019359589,0.7282459139823914,0.9071710109710693,0.21756501495838165,0.08619946986436844,201.84129789471626,0
657,0.7956076860427856,0.727776050567627,0.9043502807617188,0.21739204227924347,0.0861484557390213,202.14491043239832,0
658,0.7967272996902466,0.7285479307174683,0.9066242575645447,0.2174147143959999,0.08618319034576416,202.44857682287693,0
659,0.7981709092855453,0.7276082634925842,0.9066261053085327,0.217387393116951,0.08618247509002686,202.75221502780914,0
660,0.7962832301855087,0.7283130288124084,0.9044806957244873,0.2172025367617607,0.08615665137767792,203.05563542991877,0
661,0.7939196676015854,0.7282459139823914,0.9085999131202698,0.21733801066875458,0.08614835888147354,203.3591863438487,0
662,0.7937383949756622,0.7293533086776733,0.9036658406257629,0.21756158769130707,0.08614948391914368,203.68033024668694,1
663,0.7951349318027496,0.7289506196975708,0.9027876853942871,0.21766642481088638,0.08611831814050674,203.98419092595577,0
664,0.7943536192178726,0.7275747060775757,0.908091127872467,0.21709281206130981,0.08619039505720139,204.28752604871988,0
665,0.7928666025400162,0.7301586866378784,0.9044210314750671,0.21743591129779816,0.08615075051784515,204.6090542897582,1
666,0.7922935485839844,0.7288163900375366,0.9067142605781555,0.21747291088104248,0.08611489087343216,204.91271752119064,0
667,0.7947388291358948,0.7267357707023621,0.913407027721405,0.21746786683797836,0.08621487766504288,205.21646663546562,0
668,0.7936013638973236,0.7287828326225281,0.9034256339073181,0.21745271980762482,0.08616969734430313,205.52016885578632,0
669,0.7934109270572662,0.729084849357605,0.9045882821083069,0.21752488613128662,0.08616799861192703,205.82393754273653,0
670,0.7931939959526062,0.7268028855323792,0.9129922389984131,0.2174304947257042,0.086131252348423,206.12758220732212,0
671,0.7920748144388199,0.7292861938476562,0.9032137989997864,0.21737752854824066,0.08614076673984528,206.43118051439524,0
672,0.7934116274118423,0.7295546531677246,0.9045413136482239,0.21799513697624207,0.08642121404409409,206.73565860837698,0
673,0.791443943977356,0.728715717792511,0.9086846709251404,0.217145137488842,0.08600962162017822,207.03887886554003,0
674,0.7940153926610947,0.7284137010574341,0.9095377326011658,0.2173672914505005,0.08620758354663849,207.34251471608877,0
675,0.7916536331176758,0.7296888828277588,0.9013718962669373,0.21719542145729065,0.0861310213804245,207.64593298733234,0
676,0.7925631403923035,0.7277089357376099,0.9083445072174072,0.21772029250860214,0.08612283319234848,207.94985672831535,0
677,0.7914716303348541,0.7284472584724426,0.9107105135917664,0.21731235086917877,0.08608920872211456,208.25331792235374,0
678,0.7907147109508514,0.7288163900375366,0.9040539264678955,0.2176082357764244,0.08614588528871536,208.5571394711733,0
679,0.7917754054069519,0.7277089357376099,0.905193030834198,0.21743351966142654,0.08611463010311127,208.86076067388058,0
680,0.7907927483320236,0.727406919002533,0.9158288836479187,0.21779263764619827,0.08617822825908661,209.16479850560427,0
681,0.7893256396055222,0.7281787395477295,0.9077395796775818,0.2184361070394516,0.08614568412303925,209.46949892491102,0
682,0.7909733057022095,0.7293533086776733,0.9026021361351013,0.21803562343120575,0.08619928359985352,209.77385290712118,0
683,0.7903346866369247,0.7273733615875244,0.9093887209892273,0.21772629767656326,0.08601153641939163,210.07769121974707,0
684,0.7914293259382248,0.7285814881324768,0.905235767364502,0.21781869232654572,0.08613403141498566,210.38172268867493,0
685,0.7894374579191208,0.7298566699028015,0.9055920839309692,0.2175689935684204,0.08610039949417114,210.68546015024185,0
686,0.790520653128624,0.7276082634925842,0.9083219766616821,0.21741119027137756,0.08608444780111313,210.9890256151557,0
687,0.7893462479114532,0.7286150455474854,0.9042810797691345,0.21824385970830917,0.08611267060041428,211.29344756156206,0
688,0.7901506274938583,0.7298566699028015,0.906029462814331,0.21808915585279465,0.08622261881828308,211.59782942384481,0
689,0.7897858619689941,0.7272391319274902,0.910327672958374,0.21759378165006638,0.08609158545732498,211.9015700519085,0
690,0.7893669605255127,0.7283801436424255,0.9039932489395142,0.21755366772413254,0.08610454946756363,212.20528238266706,0
691,0.7899886220693588,0.729084849357605,0.9074820876121521,0.21764197945594788,0.08613638579845428,212.509117603302,0
692,0.7888930141925812,0.7253934144973755,0.9146135449409485,0.2176094651222229,0.08604742586612701,212.81283244490623,0
693,0.7894788831472397,0.7286821603775024,0.9040284752845764,0.21743923425674438,0.086098812520504,213.11642830073833,0
694,0.7871781438589096,0.729823112487793,0.902948260307312,0.21763373911380768,0.0861494168639183,213.42026791721582,0
695,0.7883186191320419,0.7277424931526184,0.9074925780296326,0.21763621270656586,0.08611545711755753,213.72407437860966,0
696,0.7877430021762848,0.7285143733024597,0.9093614816665649,0.21773334592580795,0.0861157774925232,214.02798283100128,0
697,0.7882080227136612,0.7282794713973999,0.9086153507232666,0.2175346240401268,0.08620945364236832,214.33177921175957,0
698,0.7876148074865341,0.728212296962738,0.9064796566963196,0.21749429404735565,0.08612289279699326,214.63546315580606,0
699,0.7863970547914505,0.7296888828277588,0.9040572643280029,0.21758724749088287,0.08608642220497131,214.93919479846954,0
700,0.787245437502861,0.7289170622825623,0.9087043404579163,0.21749603003263474,0.0860733613371849,215.24283242225647,0
701,0.7883364856243134,0.7276082634925842,0.9094959497451782,0.21762175112962723,0.08614498376846313,215.546653971076,0
702,0.7874676287174225,0.7285479307174683,0.9090279936790466,0.2183615192770958,0.08640385419130325,215.85149166733027,0
703,0.7870687395334244,0.728346586227417,0.9061300158500671,0.21758238971233368,0.0860847607254982,216.15524343401194,0
704,0.7871934622526169,0.7287492752075195,0.9075515866279602,0.2175408899784088,0.08632277697324753,216.45917204022408,0
705,0.7865607291460037,0.7294875383377075,0.9072619676589966,0.21748747676610947,0.08614625036716461,216.76286168396473,0
706,0.7870969474315643,0.7298566699028015,0.904967188835144,0.21768679469823837,0.08615025132894516,217.06675615161657,0
707,0.7860420048236847,0.7276082634925842,0.9111284613609314,0.21742840856313705,0.0860861986875534,217.37033013254404,0
708,0.7851309180259705,0.7292861938476562,0.9082807302474976,0.21739793568849564,0.08614131808280945,217.67392539978027,0
709,0.785902127623558,0.7291855216026306,0.90342116355896,0.2174505740404129,0.0860619843006134,217.97749466449022,0
710,0.787155032157898,0.7275075912475586,0.9097208976745605,0.21743502467870712,0.08606500923633575,218.28104522824287,0
711,0.7846111059188843,0.7278096079826355,0.9117500185966492,0.21758968383073807,0.08610495924949646,218.58479197323322,0
712,0.7874742746353149,0.7287828326225281,0.906985342502594,0.21757550537586212,0.0861387848854065,218.88856229931116,0
713,0.7851533591747284,0.728346586227417,0.9086513519287109,0.21758370846509933,0.08609306067228317,219.1923044025898,0
714,0.785174623131752,0.727037787437439,0.9111121892929077,0.21749573200941086,0.0861530750989914,219.4960061237216,0
715,0.7853543907403946,0.7284808158874512,0.9061917066574097,0.21743179112672806,0.08605663478374481,219.7995533645153,0
716,0.7853381335735321,0.7287492752075195,0.9095358848571777,0.2175673246383667,0.08616504818201065,220.10334220528603,0
717,0.7850121855735779,0.7277424931526184,0.9091308116912842,0.21747835725545883,0.08609899878501892,220.40697778761387,0
718,0.7854303419589996,0.7285143733024597,0.9060121178627014,0.21743900328874588,0.08607600629329681,220.71055450290442,0
719,0.785832017660141,0.728715717792511,0.9097378253936768,0.21775326132774353,0.08614803850650787,221.01451451331377,0
720,0.7844845652580261,0.727406919002533,0.9101070165634155,0.21734576672315598,0.08626584708690643,221.31818156689405,0
721,0.7847555428743362,0.7289170622825623,0.9044720530509949,0.21767549216747284,0.08612293750047684,221.6220427751541,0
722,0.781473234295845,0.727843165397644,0.9110255241394043,0.2180858850479126,0.08621469885110855,221.92640015482903,0
723,0.7833168506622314,0.7276082634925842,0.9115369319915771,0.21752741932868958,0.08605416119098663,222.23003868758678,0
724,0.783414825797081,0.7300244569778442,0.9040297269821167,0.217639721930027,0.08615820109844208,222.53388786315918,0
725,0.7821912914514542,0.7295546531677246,0.9047600030899048,0.21735123544931412,0.08610264956951141,222.83740037679672,0
726,0.7826634645462036,0.7259975075721741,0.9174358248710632,0.21761071681976318,0.08612940460443497,223.1412085443735,0
727,0.7832191437482834,0.7301586866378784,0.9088114500045776,0.21850278228521347,0.08603990823030472,223.44580330699682,0
728,0.7820762991905212,0.7291855216026306,0.9051382541656494,0.2176303267478943,0.08614882081747055,223.74963802099228,0
729,0.7836728096008301,0.727843165397644,0.9116377830505371,0.21827229857444763,0.08619018644094467,224.0541629269719,0
730,0.7829176187515259,0.7288499474525452,0.9088158011436462,0.2190820649266243,0.0862169861793518,224.35955145210028,0
731,0.7839144468307495,0.7285814881324768,0.9095113277435303,0.21772556751966476,0.08614320307970047,224.66352793574333,0
732,0.7832504510879517,0.7284472584724426,0.912554919719696,0.21766990423202515,0.08611101657152176,224.96738655865192,0
733,0.7813331782817841,0.7288163900375366,0.9072610139846802,0.21770919114351273,0.08663025498390198,225.27180368453264,0
734,0.7838305830955505,0.7304607033729553,0.9052709341049194,0.21842022240161896,0.08609850704669952,225.59076185524464,1
735,0.7818482518196106,0.7290177345275879,0.9131349325180054,0.21763668954372406,0.08605479449033737,225.8945190012455,0
736,0.7812065035104752,0.7290512919425964,0.9072408080101013,0.21733517944812775,0.08608156442642212,226.19799902290106,0
737,0.7822082489728928,0.7304607033729553,0.9044044017791748,0.21761150658130646,0.0861748680472374,226.5148120224476,1
738,0.7811688631772995,0.7273398041725159,0.9131256937980652,0.21730700135231018,0.0860929787158966,226.8182877227664,0
739,0.7814452052116394,0.7282459139823914,0.9073790311813354,0.217454195022583,0.08599338680505753,227.12179029732943,0
740,0.7801554054021835,0.7298902273178101,0.90693598985672,0.2176385447382927,0.08612490445375443,227.42561003565788,0
741,0.780969113111496,0.7286821603775024,0.9091381430625916,0.21752481907606125,0.08613965660333633,227.72932665795088,0
742,0.7815658748149872,0.7292526364326477,0.9037055373191833,0.21762624382972717,0.08610303699970245,228.03311271220446,0
743,0.7803227603435516,0.7285479307174683,0.909142792224884,0.21772915869951248,0.08605523407459259,228.33695750683546,0
744,0.7808153033256531,0.7286486029624939,0.911906898021698,0.21745361387729645,0.08618400245904922,228.64064733684063,0
745,0.7809712141752243,0.7303264737129211,0.9046700596809387,0.21796665340662003,0.08613326400518417,228.94482411444187,0
746,0.7786139100790024,0.7289841771125793,0.906999409198761,0.21744507551193237,0.08607279509305954,229.24839286506176,0
747,0.7803389877080917,0.7292861938476562,0.9096952676773071,0.2174653708934784,0.08618193119764328,229.5520909950137,0
748,0.779236763715744,0.728145182132721,0.9107585549354553,0.21843743324279785,0.08634405583143234,229.85693380236626,0
749,0.7803694605827332,0.7289170622825623,0.9097098708152771,0.21763847023248672,0.08615083992481232,230.16078030318022,0
750,0.778674840927124,0.7300244569778442,0.905031144618988,0.21782653778791428,0.08622278273105621,230.46489436924458,0
751,0.7782991975545883,0.7282794713973999,0.9100551009178162,0.21726995706558228,0.08615262806415558,230.76838310807943,0
752,0.7814676612615585,0.728212296962738,0.9142877459526062,0.2174283266067505,0.08612862229347229,231.07199535518885,0
753,0.7786772549152374,0.7296217679977417,0.90351402759552,0.21763811260461807,0.08617167919874191,231.3758604079485,0
754,0.7780067771673203,0.7282794713973999,0.9072682857513428,0.21763059496879578,0.08612153679132462,231.6796716824174,0
755,0.7767052203416824,0.7280445098876953,0.9124239087104797,0.2174002006649971,0.08616870641708374,231.9833030179143,0
756,0.7771183401346207,0.7285814881324768,0.9093589782714844,0.2171986699104309,0.08610550314188004,232.28665989637375,0
757,0.778602123260498,0.7290177345275879,0.9082633852958679,0.21780682355165482,0.08611460030078888,232.5906422585249,0
758,0.7789164930582047,0.7297224402427673,0.9085269570350647,0.21733836084604263,0.08611010760068893,232.89414770901203,0
759,0.7768262028694153,0.7300580143928528,0.9082349538803101,0.21755051612854004,0.08611833304166794,233.1978733986616,0
760,0.7787168174982071,0.728145182132721,0.9117029905319214,0.21752385795116425,0.08613025397062302,233.50158337503672,0
761,0.7800795286893845,0.7279102802276611,0.9078221321105957,0.2177237793803215,0.08609206229448318,233.80546030402184,0
762,0.7776729762554169,0.7293197512626648,0.9118804931640625,0.2176504209637642,0.08619372546672821,234.10936225950718,0
763,0.7805710285902023,0.7276418209075928,0.913155734539032,0.21748997271060944,0.08614254742860794,234.41304691135883,0
764,0.7783228754997253,0.7276418209075928,0.9080907702445984,0.21773697435855865,0.08612413704395294,234.71697860211134,0
765,0.7761003524065018,0.7291184067726135,0.9097705483436584,0.21756190061569214,0.0861416831612587,235.02073807269335,0
766,0.7777484953403473,0.7286486029624939,0.9107316136360168,0.21748993545770645,0.08613317459821701,235.32441843301058,0
767,0.7768318355083466,0.7301586866378784,0.9102061986923218,0.217487670481205,0.08615811914205551,235.62811954319477,0
768,0.7772033363580704,0.7291855216026306,0.9096972942352295,0.2174021154642105,0.0861070305109024,235.9316866248846,0
769,0.7748614251613617,0.727406919002533,0.9096390008926392,0.21758140623569489,0.08622247725725174,236.23554805666208,0
770,0.7765500247478485,0.7296553254127502,0.9118675589561462,0.21745509654283524,0.08615574240684509,236.53921688348055,0
771,0.7774020582437515,0.7278767228126526,0.9139138460159302,0.2175748199224472,0.08613219112157822,236.84298013150692,0
772,0.7776026725769043,0.730561375617981,0.9054723381996155,0.21732491999864578,0.08609354496002197,237.1598905697465,1
773,0.7775963097810745,0.728715717792511,0.9149485230445862,0.217515230178833,0.08610480278730392,237.46357134729624,0
774,0.7759237885475159,0.7282794713973999,0.9137545228004456,0.21755487471818924,0.08609603345394135,237.76727931201458,0
775,0.7760142087936401,0.7309305667877197,0.903894305229187,0.2174423560500145,0.08603724837303162,238.08403426408768,1
776,0.77780781686306,0.7273398041725159,0.9169555306434631,0.2179310917854309,0.08624843508005142,238.38830941915512,0
777,0.7778410613536835,0.7284472584724426,0.9140403866767883,0.21773108839988708,0.08632513135671616,238.6924610361457,0
778,0.7774265855550766,0.7315346002578735,0.9038169384002686,0.21884240955114365,0.08616722375154495,239.01283603906631,1
779,0.7766917794942856,0.7284137010574341,0.9137219190597534,0.21778880059719086,0.08605757355690002,239.3167500346899,0
780,0.7752827405929565,0.7282459139823914,0.9167118072509766,0.21764038503170013,0.08610086143016815,239.62055444717407,0
781,0.7772102206945419,0.7303264737129211,0.907500147819519,0.2174963355064392,0.08617250621318817,239.92428582906723,0
782,0.7764131128787994,0.7299908995628357,0.905879020690918,0.21800655871629715,0.08608365058898926,240.2284639775753,0
783,0.7775958329439163,0.7265679836273193,0.9156355261802673,0.21740664541721344,0.08619019389152527,240.5321155935526,0
784,0.7747573852539062,0.7291184067726135,0.9129396080970764,0.2175186723470688,0.08614193648099899,240.83583544194698,0
785,0.7755467742681503,0.7309641242027283,0.9043769240379333,0.21757473796606064,0.08613414317369461,241.1395983994007,0
786,0.7754463106393814,0.7287828326225281,0.9107436537742615,0.21783137321472168,0.08601586520671844,241.44350361824036,0
787,0.7748442143201828,0.7304271459579468,0.9116817116737366,0.21741461008787155,0.08613137155771255,241.74711310863495,0
788,0.7744736224412918,0.7303264737129211,0.9116827249526978,0.2174898087978363,0.08607645332813263,242.0507354065776,0
789,0.7754198461771011,0.7291184067726135,0.9087653160095215,0.21757639199495316,0.08617160469293594,242.35453944653273,0
790,0.7774076610803604,0.7291855216026306,0.9094827771186829,0.21733840554952621,0.08611080795526505,242.65805852413177,0
791,0.7744459360837936,0.7299573421478271,0.9093816876411438,0.2176649421453476,0.08603979647159576,242.96181919425726,0
792,0.7743639349937439,0.730259358882904,0.9101409912109375,0.2176094353199005,0.08614950627088547,243.26563746482134,0
793,0.7747214585542679,0.7298566699028015,0.9088452458381653,0.21771206706762314,0.08608482778072357,243.56949737668037,0
794,0.7714190036058426,0.7309976816177368,0.9083776473999023,0.2175178974866867,0.08619634062051773,243.87326668202877,0
795,0.7736000567674637,0.728715717792511,0.9137158393859863,0.21759850531816483,0.08614630997180939,244.17707015573978,0
796,0.7726810723543167,0.7282794713973999,0.9093778133392334,0.21788596361875534,0.08600089699029922,244.4810322523117,0
797,0.7746430486440659,0.7291184067726135,0.911344051361084,0.21789994835853577,0.0861697867512703,244.7851569056511,0
798,0.7736930251121521,0.7307291626930237,0.910813570022583,0.21841196715831757,0.08643697202205658,245.09010104089975,0
799,0.7739644348621368,0.7290512919425964,0.9145375490188599,0.21790452301502228,0.08612125366926193,245.39423452317715,0
800,0.7741786241531372,0.7293197512626648,0.9112967848777771,0.21784957498311996,0.08620557188987732,245.69837313890457,0
801,0.7715038955211639,0.729084849357605,0.9081882238388062,0.21771620213985443,0.08615414053201675,246.0023161917925,0
802,0.7749666571617126,0.7291855216026306,0.9136269092559814,0.2177383229136467,0.08626178652048111,246.30639488250017,0
803,0.7727100849151611,0.7304271459579468,0.9109363555908203,0.2180950716137886,0.08642002195119858,246.61099688708782,0
804,0.7706412822008133,0.7303600311279297,0.9100064635276794,0.2179586961865425,0.08614842593669891,246.91523906588554,0
805,0.7720857560634613,0.7300244569778442,0.9129173755645752,0.21758685261011124,0.08616562932729721,247.21905186027288,0
806,0.7722857296466827,0.7316017150878906,0.9082701206207275,0.21716134995222092,0.08609788864850998,247.53643430769444,1
807,0.7694788426160812,0.730561375617981,0.9084544777870178,0.2173256352543831,0.08608018606901169,247.83990075439215,0
808,0.7709615528583527,0.728212296962738,0.9204615354537964,0.21733015775680542,0.0861944779753685,248.14347811043262,0
809,0.7698244005441666,0.729823112487793,0.9114118814468384,0.21735217422246933,0.08609922230243683,248.44697906076908,0
810,0.7703297436237335,0.730192244052887,0.9054651260375977,0.21727808564901352,0.08614694327116013,248.75047106295824,0
811,0.7719140648841858,0.7260981798171997,0.9190348982810974,0.2173357605934143,0.08616282045841217,249.05403004586697,0
812,0.772077739238739,0.7284137010574341,0.9148411750793457,0.21724048256874084,0.08606889843940735,249.35739815235138,0
813,0.7709135711193085,0.7299908995628357,0.9080125689506531,0.21716435253620148,0.08606189489364624,249.66068971902132,0
814,0.7696047127246857,0.7289506196975708,0.9117372035980225,0.2173290103673935,0.08610482513904572,249.9641759544611,0
815,0.7703916132450104,0.7301586866378784,0.9137794971466064,0.2170131877064705,0.0860581323504448,250.2673167809844,0
816,0.770163893699646,0.7287492752075195,0.9159502983093262,0.21718372404575348,0.08613921701908112,250.57069022208452,0
817,0.7694772034883499,0.7299237847328186,0.9101493954658508,0.21792639046907425,0.08642307668924332,250.87509843707085,0
818,0.769877478480339,0.7293868660926819,0.9100508689880371,0.21734929829835892,0.08614912629127502,251.17865232378244,0
819,0.769721120595932,0.7277424931526184,0.9184167981147766,0.2171286717057228,0.08606148511171341,251.48189955949783,0
820,0.770037829875946,0.7303935885429382,0.9123994708061218,0.21731270849704742,0.08607371151447296,251.78534442186356,0
821,0.7697456330060959,0.7311990261077881,0.9072735905647278,0.2175152525305748,0.0861125960946083,252.08902994543314,0
822,0.7704896479845047,0.7298566699028015,0.911679744720459,0.2178092524409294,0.08609875291585922,252.39299459010363,0
823,0.7676232755184174,0.730192244052887,0.9124693274497986,0.21720274537801743,0.08614189177751541,252.69639709591866,0
824,0.7694344818592072,0.7300915718078613,0.9094169735908508,0.21692722290754318,0.08616261929273605,252.9995496943593,0
825,0.7690178006887436,0.7293197512626648,0.9150802493095398,0.21721039712429047,0.08610159903764725,253.30291813611984,0
826,0.7682227790355682,0.7297559976577759,0.9126719832420349,0.21754367649555206,0.08620999753475189,253.6067301928997,0
827,0.768477663397789,0.7300915718078613,0.913193941116333,0.21876048296689987,0.08627646416425705,253.9118908420205,0
828,0.7670203894376755,0.7285143733024597,0.9167184829711914,0.2177296206355095,0.08609378337860107,254.21581415832043,0
829,0.7699844241142273,0.7297224402427673,0.9090027809143066,0.21799445152282715,0.0861835852265358,254.52006605267525,0
830,0.7709763795137405,0.729453980922699,0.9163919687271118,0.21736369282007217,0.08619699627161026,254.82371001690626,0
831,0.7674200236797333,0.7287828326225281,0.91499263048172,0.21760396659374237,0.08614694327116013,255.1275155171752,0
832,0.767101377248764,0.7297895550727844,0.9102152585983276,0.2174544259905815,0.08607344329357147,255.4311065375805,0
833,0.7682620733976364,0.7301586866378784,0.9124176502227783,0.21756263822317123,0.08615667372941971,255.734877794981,0
834,0.7676674872636795,0.7288499474525452,0.9114972949028015,0.21749138832092285,0.08614804595708847,256.0385707691312,0
835,0.7688598036766052,0.7300244569778442,0.9107106328010559,0.21790345758199692,0.08626793324947357,256.3428090810776,0
836,0.7661329060792923,0.730561375617981,0.9141229391098022,0.2178943231701851,0.0861281082034111,256.64693247526884,0
837,0.7670859098434448,0.7281787395477295,0.9156711101531982,0.21794281154870987,0.08620139956474304,256.95117232203484,0
838,0.7677177339792252,0.7309641242027283,0.9072454571723938,0.21749844402074814,0.08611274510622025,257.25486155599356,0
839,0.7658863067626953,0.7309976816177368,0.9101393222808838,0.21742824465036392,0.086110919713974,257.55847975611687,0
840,0.7671625316143036,0.7291855216026306,0.9191981554031372,0.21762213110923767,0.08609291911125183,257.8622723892331,0
841,0.7687729895114899,0.7305278182029724,0.9138909578323364,0.2175203487277031,0.08610158413648605,258.1659636646509,0
842,0.7668807804584503,0.7301586866378784,0.9111232757568359,0.21770501136779785,0.08615957945585251,258.46991197019815,0
843,0.7660009562969208,0.7309305667877197,0.9127908945083618,0.21771391481161118,0.08616290241479874,258.7738636806607,0
844,0.76569864153862,0.728212296962738,0.9168775677680969,0.21766666322946548,0.08612386882305145,259.0777337923646,0
845,0.7666379064321518,0.7302929162979126,0.9116856455802917,0.21760545670986176,0.08617760241031647,259.38157630711794,0
846,0.7649285048246384,0.7315346002578735,0.9122012853622437,0.2174980416893959,0.08611550182104111,259.6852603331208,0
847,0.7649651914834976,0.7297224402427673,0.9166710376739502,0.21807803958654404,0.0861600935459137,259.9895569756627,0
848,0.7637937068939209,0.7306956052780151,0.9091360569000244,0.21745146811008453,0.08603010326623917,260.2931109070778,0
849,0.7658914029598236,0.7320044040679932,0.9113220572471619,0.21766621619462967,0.08625670522451401,260.61139752715826,1
850,0.7665003389120102,0.7313668131828308,0.9129032492637634,0.21779384464025497,0.08617978543043137,260.9154716357589,0
851,0.764758512377739,0.7308298349380493,0.9117640256881714,0.21754766255617142,0.0861106589436531,261.2191917821765,0
852,0.7659295946359634,0.7300244569778442,0.9154582619667053,0.21741165220737457,0.08622346818447113,261.52287811785936,0
853,0.7640763223171234,0.7300580143928528,0.9126025438308716,0.21774822473526,0.08610627055168152,261.82683189958334,0
854,0.7662914544343948,0.7304942607879639,0.9126750826835632,0.21770040690898895,0.08618557453155518,262.13078387081623,0
855,0.7646416127681732,0.7295210957527161,0.9159970879554749,0.2183857187628746,0.08642562478780746,262.4357004612684,0
856,0.7654681205749512,0.7303935885429382,0.9140183329582214,0.21795516461133957,0.08617672324180603,262.7399481385946,0
857,0.7662380784749985,0.7316017150878906,0.9113195538520813,0.21756234765052795,0.0861332044005394,263.04369758069515,0
858,0.7661598026752472,0.7290512919425964,0.9132899641990662,0.21759085357189178,0.08611102402210236,263.3474556580186,0
859,0.7634583711624146,0.7303935885429382,0.9117849469184875,0.21772990375757217,0.08609639108181,263.65134923160076,0
860,0.7641030550003052,0.7324742078781128,0.9128739237785339,0.21760772168636322,0.08616866171360016,263.96881932765245,1
861,0.7656515538692474,0.7285143733024597,0.9179747700691223,0.21759533882141113,0.08609550446271896,264.27257320284843,0
862,0.764556810259819,0.730561375617981,0.9121088981628418,0.21774064004421234,0.0861322358250618,264.5765060633421,0
863,0.763958066701889,0.7304607033729553,0.909243106842041,0.21751409769058228,0.08616181463003159,264.88023545593023,0
864,0.764360100030899,0.7299573421478271,0.9158444404602051,0.21758441627025604,0.08615205436944962,265.1840321421623,0
865,0.7631037831306458,0.7297895550727844,0.9152728915214539,0.21826756745576859,0.0861930400133133,265.488555110991,0
866,0.7636138200759888,0.7302258014678955,0.9118942618370056,0.2176949828863144,0.08614121377468109,265.79252361506224,0
867,0.7629981637001038,0.7299237847328186,0.9151504039764404,0.21764250099658966,0.08634647727012634,266.09658166766167,0
868,0.762068584561348,0.7299908995628357,0.9141649007797241,0.217527873814106,0.0861939862370491,266.40036776661873,0
869,0.7661430835723877,0.7302258014678955,0.9134806990623474,0.21817520260810852,0.0864594504237175,266.7050636932254,0
870,0.7639661878347397,0.7299237847328186,0.9173609018325806,0.21835632622241974,0.0861605629324913,267.00968561321497,0
871,0.7625436186790466,0.7288835048675537,0.9123377799987793,0.21755769848823547,0.08609478920698166,267.31339740008116,0
872,0.7645399868488312,0.7299237847328186,0.9132847189903259,0.2177007868885994,0.08618012815713882,267.6173438280821,0
873,0.7632484585046768,0.7305949330329895,0.9164732098579407,0.21763893216848373,0.08614087104797363,267.9211822450161,0
874,0.7629291713237762,0.7295882105827332,0.9156171083450317,0.21762224286794662,0.08618275821208954,268.2250496521592,0
875,0.761878490447998,0.7298902273178101,0.9134163856506348,0.21779585629701614,0.08616688847541809,268.5290827900171,0
876,0.7634463459253311,0.7300580143928528,0.9159399271011353,0.21755973249673843,0.08623155951499939,268.83295526355505,0
877,0.7621064335107803,0.730192244052887,0.9168524146080017,0.21803635358810425,0.08610955625772476,269.13721740990877,0
878,0.7610219269990921,0.730561375617981,0.9113327264785767,0.2176608294248581,0.08610093593597412,269.44103941321373,0
879,0.7620416432619095,0.7300915718078613,0.9130268096923828,0.21760417520999908,0.08604124188423157,269.7447678670287,0
880,0.7632227391004562,0.7309305667877197,0.9161635041236877,0.21775661408901215,0.08612167835235596,270.0486953705549,0
881,0.7614145427942276,0.7295882105827332,0.9135785102844238,0.21758858114480972,0.08604729920625687,270.3523867353797,0
882,0.7618736028671265,0.7307291626930237,0.9121747612953186,0.21762260049581528,0.08624434471130371,270.65630888193846,0
883,0.7601414024829865,0.7300244569778442,0.9170851111412048,0.21753929555416107,0.08613967895507812,270.96004454791546,0
884,0.7606892436742783,0.7313332557678223,0.9131765961647034,0.21744737774133682,0.086097851395607,271.26364462822676,0
885,0.762421190738678,0.7306956052780151,0.9133239984512329,0.21832680702209473,0.08652950078248978,271.5685628801584,0
886,0.7627360820770264,0.7299908995628357,0.916964054107666,0.21851254254579544,0.08618034422397614,271.87338879704475,0
887,0.7605687379837036,0.7302258014678955,0.9165868759155273,0.21765810251235962,0.08623834699392319,272.1773513779044,0
888,0.7592250555753708,0.7303264737129211,0.915858268737793,0.2177754044532776,0.08599434047937393,272.4812208637595,0
889,0.7618048638105392,0.7286821603775024,0.9170659184455872,0.21762733161449432,0.08616646379232407,272.78507294505835,0
890,0.7600827217102051,0.7304942607879639,0.9167307019233704,0.21753796190023422,0.08615443855524063,273.088825635612,0
891,0.7585689574480057,0.7295210957527161,0.9170953631401062,0.21758396923542023,0.08619944006204605,273.3926701620221,0
892,0.7619694918394089,0.7296553254127502,0.9135926365852356,0.2175229862332344,0.08612950146198273,273.6964018791914,0
893,0.7600714713335037,0.7297224402427673,0.9166091084480286,0.21764596551656723,0.08616768568754196,274.0002707540989,0
894,0.7585729509592056,0.7297895550727844,0.9156147241592407,0.21837549656629562,0.08629240840673447,274.30500676482916,0
895,0.7600354701280594,0.7319372892379761,0.9113106727600098,0.21787522733211517,0.08612073212862015,274.6090699881315,0
896,0.7606533318758011,0.7305949330329895,0.9154080152511597,0.21825291216373444,0.08622404932975769,274.9136141613126,0
897,0.7594702541828156,0.7286486029624939,0.9194318056106567,0.21783602982759476,0.08605342358350754,275.2175652310252,0
898,0.7586291134357452,0.7302929162979126,0.9135629534721375,0.2177537903189659,0.08608487993478775,275.5214591473341,0
899,0.7584986686706543,0.7305278182029724,0.9176391363143921,0.2175770178437233,0.0861487090587616,275.8252471834421,0
900,0.7594844549894333,0.729823112487793,0.9169559478759766,0.21814896911382675,0.08622686564922333,276.1296798735857,0
901,0.758240595459938,0.7312996983528137,0.9125324487686157,0.21753206104040146,0.08610761910676956,276.4333738684654,0
902,0.7577970623970032,0.7287828326225281,0.9158306121826172,0.21757487207651138,0.0861700102686882,276.73717753589153,0
903,0.7576061636209488,0.7296553254127502,0.921421229839325,0.2174566462635994,0.08613085746765137,277.0408271327615,0
904,0.7582783848047256,0.7306620478630066,0.9130552411079407,0.21728801727294922,0.08612276613712311,277.34431356936693,0
905,0.7599230110645294,0.7288499474525452,0.9139794111251831,0.21746893972158432,0.08615321666002274,277.64798779785633,0
906,0.7593166530132294,0.7309976816177368,0.9193108081817627,0.21775292605161667,0.08609949052333832,277.9519028812647,0
907,0.7610966563224792,0.7308633923530579,0.9141759276390076,0.2174833118915558,0.08611062169075012,278.25555668771267,0
908,0.7591801881790161,0.7295882105827332,0.9158563017845154,0.21754677593708038,0.08612780272960663,278.5593008995056,0
909,0.7592992335557938,0.7306620478630066,0.9170880913734436,0.21742147952318192,0.08613696694374084,278.86292484402657,0
910,0.7578858435153961,0.7300580143928528,0.9150066375732422,0.21733546257019043,0.0861438661813736,279.16646165400743,0
911,0.7586979866027832,0.7298566699028015,0.9153953194618225,0.21723970770835876,0.08615704625844955,279.46992932260036,0
912,0.7571783810853958,0.7301251292228699,0.916121244430542,0.21737032383680344,0.08612220734357834,279.77347307652235,0
913,0.758720874786377,0.7293533086776733,0.9165285229682922,0.2173280492424965,0.086182601749897,280.07704892754555,0
914,0.7571147382259369,0.7307291626930237,0.9120267033576965,0.2172437235713005,0.08613725751638412,280.3804925456643,0
915,0.7569732517004013,0.7295882105827332,0.9141785502433777,0.21799784153699875,0.08617517352104187,280.68472105264664,0
916,0.7566162198781967,0.7301251292228699,0.9172542691230774,0.21717318892478943,0.08617214858531952,280.9881245344877,0
917,0.7567653805017471,0.7310647964477539,0.9148053526878357,0.21727906167507172,0.08617603033781052,281.2916542068124,0
918,0.7574072331190109,0.7295210957527161,0.920158326625824,0.2180875837802887,0.08638649433851242,281.59619764983654,0
919,0.757457360625267,0.7306620478630066,0.9147221446037292,0.21718408167362213,0.0862090140581131,281.8996531441808,0
920,0.7564219981431961,0.7304942607879639,0.914989173412323,0.21728840470314026,0.08618789166212082,282.20318134874105,0
921,0.7550778090953827,0.7295210957527161,0.9211521148681641,0.21715271472930908,0.0861465334892273,282.50654896348715,0
922,0.756448358297348,0.7309976816177368,0.9147114157676697,0.21739182621240616,0.08614326268434525,282.8101450279355,0
923,0.7573164403438568,0.7287492752075195,0.9157518148422241,0.2172141969203949,0.0860770121216774,283.11350498348475,0
924,0.7575607746839523,0.7311990261077881,0.9146600365638733,0.218446247279644,0.08613549172878265,283.4181467220187,0
925,0.7569037675857544,0.7293533086776733,0.9197927117347717,0.2182777300477028,0.08612454682588577,283.72261349856853,0
926,0.7567475885152817,0.7308970093727112,0.9134061336517334,0.21758224815130234,0.08612799644470215,284.0263883769512,0
927,0.760130763053894,0.7310312390327454,0.9174496531486511,0.21801766008138657,0.08624318987131119,284.3307288810611,0
928,0.7566570937633514,0.7297224402427673,0.9165322780609131,0.2175244241952896,0.08605291694402695,284.6343746110797,0
929,0.7578857988119125,0.7305949330329895,0.9171842336654663,0.21773287653923035,0.08620119094848633,284.9383720755577,0
930,0.7567329853773117,0.7292861938476562,0.9174156188964844,0.21778780966997147,0.08612554520368576,285.24240930378437,0
931,0.7552781254053116,0.7300244569778442,0.9142647385597229,0.21756089478731155,0.08613959699869156,285.5462106987834,0
932,0.7569872587919235,0.7315681576728821,0.9138806462287903,0.21803166717290878,0.08621639758348465,285.8505358248949,0
933,0.7566576898097992,0.7289170622825623,0.9236434698104858,0.21750875562429428,0.08616545051336288,286.1543032005429,0
934,0.7557426393032074,0.7315346002578735,0.9110991358757019,0.21751513332128525,0.08630433678627014,286.4582017213106,0
935,0.755161315202713,0.7318366169929504,0.9121319651603699,0.2174329310655594,0.08604174852371216,286.7617521956563,0
936,0.756397619843483,0.7296553254127502,0.9205896854400635,0.2174275889992714,0.08608929067850113,287.0653273910284,0
937,0.7543682605028152,0.7318366169929504,0.9154387712478638,0.21713265776634216,0.08607786148786545,287.3686006590724,0
938,0.755607396364212,0.7303264737129211,0.9144558906555176,0.21727686375379562,0.08619336783885956,287.67212272435427,0
939,0.7563464045524597,0.7295546531677246,0.9190931916236877,0.2176598459482193,0.08624041080474854,287.976103708148,0
940,0.7564442157745361,0.7294875383377075,0.9149587154388428,0.2179255485534668,0.08643679320812225,288.28053591400385,0
941,0.7569278627634048,0.7301251292228699,0.916385293006897,0.2180931344628334,0.0861542671918869,288.5849251449108,0
942,0.7556108385324478,0.7298902273178101,0.9200433492660522,0.2174742966890335,0.0862092599272728,288.88868867605925,0
943,0.7574079185724258,0.7315681576728821,0.9148281216621399,0.21752270311117172,0.08607563376426697,289.1923846229911,0
944,0.7560823410749435,0.7297224402427673,0.9178463816642761,0.21741165220737457,0.08615889400243759,289.4960245192051,0
945,0.7568672448396683,0.7298902273178101,0.9174959063529968,0.2170482948422432,0.08617769926786423,289.7993127182126,0
946,0.7558648586273193,0.7309305667877197,0.9144377112388611,0.21801750361919403,0.08624117821455002,290.1036363616586,0
947,0.7540001720190048,0.7297224402427673,0.9193391799926758,0.21731557697057724,0.0859924778342247,290.40701524168253,0
948,0.7547778934240341,0.7288163900375366,0.9191111326217651,0.21751006692647934,0.08616603165864944,290.71075589954853,0
949,0.7529877126216888,0.7294204235076904,0.9169347286224365,0.21722747385501862,0.08629483729600906,291.0143444314599,0
950,0.7526412159204483,0.7312996983528137,0.9144304394721985,0.21816570311784744,0.08617377281188965,291.318785905838,0
951,0.7559783011674881,0.7294875383377075,0.9211767911911011,0.21823371201753616,0.08627103269100189,291.6234034970403,0
952,0.7552539557218552,0.7283801436424255,0.9186788201332092,0.21724679321050644,0.08617371320724487,291.926893286407,0
953,0.7540708482265472,0.7297559976577759,0.9150527119636536,0.21737555414438248,0.08614705502986908,292.2304786220193,0
954,0.7550330460071564,0.7298902273178101,0.9185792803764343,0.21733903884887695,0.08615784347057343,292.5340366885066,0
955,0.7534155696630478,0.7314674854278564,0.914490818977356,0.21738579124212265,0.08616821467876434,292.83765241503716,0
956,0.7521852105855942,0.729084849357605,0.9218864440917969,0.21740572154521942,0.08609915524721146,293.1412383392453,0
957,0.752583459019661,0.7298566699028015,0.9221335053443909,0.21761344373226166,0.08609983325004578,293.445013217628,0
958,0.753755122423172,0.7328433394432068,0.9123495817184448,0.2172214835882187,0.08614560216665268,293.7626019567251,1
959,0.7535110116004944,0.729084849357605,0.9192904233932495,0.21744031459093094,0.08602826297283173,294.06613702327013,0
960,0.7518340945243835,0.7288499474525452,0.9209237694740295,0.2174627110362053,0.08616245537996292,294.3698325455189,0
961,0.7551664412021637,0.7318366169929504,0.91474848985672,0.2174827978014946,0.08609997481107712,294.67348393052816,0
962,0.7523432821035385,0.7304607033729553,0.9199723601341248,0.21753527224063873,0.08611800521612167,294.97721529752016,0
963,0.7532660663127899,0.729823112487793,0.9192640781402588,0.21723540872335434,0.08617059141397476,295.2806840762496,0
964,0.7543157190084457,0.7298566699028015,0.9152492880821228,0.21746870130300522,0.0861658826470375,295.58437022566795,0
965,0.7506548762321472,0.730628490447998,0.9190894365310669,0.21711789816617966,0.08617646992206573,295.88772939890623,0
966,0.750942587852478,0.730561375617981,0.917300820350647,0.21766198426485062,0.08610515296459198,296.1915582716465,0
967,0.7538534700870514,0.7287492752075195,0.9203005433082581,0.2171589955687523,0.08606177568435669,296.49482928961515,0
968,0.752370223402977,0.732239305973053,0.9180738925933838,0.2173657789826393,0.08611401915550232,296.7983885705471,0
969,0.7517599761486053,0.7299573421478271,0.9187444448471069,0.21741946041584015,0.08617715537548065,297.1020433753729,0
970,0.7537792325019836,0.7297559976577759,0.9184017777442932,0.21759552508592606,0.08613262325525284,297.4058485105634,0
971,0.7524772137403488,0.7321386337280273,0.9183127880096436,0.2174912989139557,0.0861460268497467,297.7095562070608,0
972,0.7528165131807327,0.7298902273178101,0.921484112739563,0.21761026233434677,0.08601369708776474,298.0132479965687,0
973,0.7518446743488312,0.7318366169929504,0.9156813025474548,0.21734432876110077,0.08615518361330032,298.31684382259846,0
974,0.7527637779712677,0.7298902273178101,0.9192460179328918,0.21798700094223022,0.0861518383026123,298.62105349451303,0
975,0.7542326897382736,0.7310983538627625,0.9189618825912476,0.21741118282079697,0.08619523793458939,298.92471927404404,0
976,0.7517868429422379,0.7304271459579468,0.9188622832298279,0.2175382897257805,0.08610798418521881,299.2284361422062,0
977,0.7519477009773254,0.7305278182029724,0.9186820983886719,0.2171221673488617,0.08610374480485916,299.53171664476395,0
978,0.7521696388721466,0.7310983538627625,0.9158163070678711,0.21741002798080444,0.0861450582742691,299.83532532304525,0
979,0.7531644552946091,0.730628490447998,0.9193785786628723,0.21752748638391495,0.08617115765810013,300.13908360153437,0
980,0.7511575371026993,0.7301586866378784,0.9216395616531372,0.21746531873941422,0.0860949233174324,300.44270930439234,0
981,0.7521101385354996,0.7314003705978394,0.9195313453674316,0.21739394217729568,0.08618518710136414,300.74638943374157,0
982,0.751872330904007,0.7311990261077881,0.9167984127998352,0.21725920587778091,0.08609143644571304,301.0497984364629,0
983,0.7519426643848419,0.7304271459579468,0.9169968962669373,0.21741145849227905,0.08610210567712784,301.3533720895648,0
984,0.7512648403644562,0.7307962775230408,0.9182108044624329,0.2179601788520813,0.08609648793935776,301.657486975193,0
985,0.7515318840742111,0.7300244569778442,0.9195325970649719,0.21761858463287354,0.0860619843006134,301.9612234905362,0
986,0.7499028444290161,0.7294204235076904,0.9192101359367371,0.21770287305116653,0.08598159998655319,302.2649639621377,0
987,0.7512790858745575,0.7313332557678223,0.9203765988349915,0.2175142467021942,0.08618469536304474,302.5687149986625,0
988,0.7498755007982254,0.7313668131828308,0.9165346622467041,0.21760649979114532,0.08612178266048431,302.87250620126724,0
989,0.7512663006782532,0.7303600311279297,0.9187182784080505,0.21750367432832718,0.08617747575044632,303.1762397363782,0
990,0.7515991181135178,0.7296888828277588,0.9208410978317261,0.21762055903673172,0.08603962510824203,303.4799689128995,0
991,0.7508352696895599,0.7321721911430359,0.9166193604469299,0.21752118319272995,0.08610465377569199,303.783657155931,0
992,0.7473516464233398,0.7315346002578735,0.9188434481620789,0.2174128144979477,0.08607770502567291,304.087204284966,0
993,0.747735783457756,0.730259358882904,0.9198084473609924,0.21829932928085327,0.08625952899456024,304.391822129488,0
994,0.7496241480112076,0.7317023873329163,0.9126816391944885,0.2175126075744629,0.08627927303314209,304.69572673738,0
995,0.7499522268772125,0.7321386337280273,0.9182185530662537,0.2176094949245453,0.08611099421977997,304.99950328469276,0
996,0.7481379508972168,0.7288163900375366,0.92820805311203,0.2174295112490654,0.08603250235319138,305.3030186444521,0
997,0.7485958784818649,0.7310312390327454,0.9154667258262634,0.2175864651799202,0.08614003658294678,305.6068088337779,0
998,0.7498189061880112,0.7312996983528137,0.9135955572128296,0.21788163483142853,0.08615046739578247,305.9109158962965,0
999,0.7493939846754074,0.7303264737129211,0.921726405620575,0.21748627722263336,0.08608277887105942,306.2145689949393,0
1000,0.7472560703754425,0.7299908995628357,0.9231152534484863,0.2176276296377182,0.08612477779388428,306.51838720589876,0
