dataset,model,num_layers,hidden_dim,lr,split,best_step,train_metric_name,train_metric,train_acc,train_loss,train_roc_auc,train_f1_macro,train_f1_weighted,train_prec_macro,train_rec_macro,val_metric_name,val_metric,val_acc,val_loss,val_roc_auc,val_f1_macro,val_f1_weighted,val_prec_macro,val_rec_macro,test_metric_name,test_metric,test_acc,test_loss,test_roc_auc,test_f1_macro,test_f1_weighted,test_prec_macro,test_rec_macro
tolokers,ResNet,1,512,3e-05,0,230,roc_auc,0.739322953233928,0.7832964658737183,0.4549325704574585,0.739322953233928,,,,,roc_auc,0.7366529125916995,0.783599853515625,0.4617941081523895,0.7366529125916995,,,,,roc_auc,0.7219355039869425,0.7823129296302795,0.4693879187107086,0.7219355039869425,,,,
dataset,model,num_layers,hidden_dim,lr,split,best_step,train_metric_name,train_metric,train_acc,train_loss,train_roc_auc,train_f1_macro,train_f1_weighted,train_prec_macro,train_rec_macro,val_metric_name,val_metric,val_acc,val_loss,val_roc_auc,val_f1_macro,val_f1_weighted,val_prec_macro,val_rec_macro,test_metric_name,test_metric,test_acc,test_loss,test_roc_auc,test_f1_macro,test_f1_weighted,test_prec_macro,test_rec_macro
tolokers,ResNet,1,512,3e-05,1,460,roc_auc,0.7275188292778227,0.7817656397819519,0.4597148597240448,0.7275188292778227,,,,,roc_auc,0.7470102198343808,0.7822388410568237,0.4508277177810669,0.7470102198343808,,,,,roc_auc,0.7293007057471077,0.7826530933380127,0.46025213599205017,0.7293007057471077,,,,
tolokers,ResNet,1,512,3e-05,2,270,roc_auc,0.7269218819848768,0.7817656397819519,0.4640354812145233,0.7269218819848768,,,,,roc_auc,0.7300491236359636,0.781898558139801,0.46668246388435364,0.7300491236359636,,,,,roc_auc,0.7406365822644098,0.781632661819458,0.4539555013179779,0.7406365822644098,,,,
tolokers,ResNet,1,512,3e-05,3,1680,roc_auc,0.738241155852763,0.7826160788536072,0.450307160615921,0.738241155852763,,,,,roc_auc,0.7338752819042265,0.7842803597450256,0.457204133272171,0.7338752819042265,,,,,roc_auc,0.7333154388619116,0.7833333611488342,0.4599831700325012,0.7333154388619116,,,,
tolokers,ResNet,1,512,3e-05,4,850,roc_auc,0.7441660273225489,0.7834665775299072,0.44602328538894653,0.7441660273225489,,,,,roc_auc,0.7352564598667498,0.7812180519104004,0.4535861909389496,0.7352564598667498,,,,,roc_auc,0.7363768168988881,0.7823129296302795,0.4630945920944214,0.7363768168988881,,,,
tolokers,ResNet,1,512,3e-05,5,400,roc_auc,0.7390028572068158,0.7853376865386963,0.4554602801799774,0.7390028572068158,,,,,roc_auc,0.7295589734816548,0.7791765928268433,0.45613858103752136,0.7295589734816548,,,,,roc_auc,0.7159852533287784,0.7812924981117249,0.46473729610443115,0.7159852533287784,,,,
tolokers,ResNet,1,512,3e-05,7,440,roc_auc,0.739026260254096,0.7831264138221741,0.45097100734710693,0.739026260254096,,,,,roc_auc,0.7547409468180294,0.7853010892868042,0.4485620856285095,0.7547409468180294,,,,,roc_auc,0.711114771343902,0.7778911590576172,0.47178390622138977,0.711114771343902,,,,
tolokers,ResNet,1,512,3e-05,6,4880,roc_auc,0.7631206301592697,0.7836366891860962,0.44044336676597595,0.7631206301592697,,,,,roc_auc,0.7447648297576812,0.7842803597450256,0.45583483576774597,0.7447648297576812,,,,,roc_auc,0.7410812327664039,0.7795918583869934,0.45592549443244934,0.7410812327664039,,,,
tolokers,ResNet,1,512,3e-05,9,490,roc_auc,0.7407586793083822,0.7838068008422852,0.4505671560764313,0.7407586793083822,,,,,roc_auc,0.7168649670268796,0.7808778285980225,0.46153509616851807,0.7168649670268796,,,,,roc_auc,0.7335296302622624,0.7829931974411011,0.4513006806373596,0.7335296302622624,,,,
tolokers,ResNet,1,512,3e-05,8,4990,roc_auc,0.7701933532632328,0.7851675748825073,0.4368744492530823,0.7701933532632328,,,,,roc_auc,0.7501642885558765,0.7832595705986023,0.45626887679100037,0.7501642885558765,,,,,roc_auc,0.7290377112428795,0.7775510549545288,0.46886807680130005,0.7290377112428795,,,,
tolokers,ResNet,2,512,3e-05,0,140,roc_auc,0.7390560228250939,0.782275915145874,0.4508614242076874,0.7390560228250939,,,,,roc_auc,0.7366861776298729,0.7829193472862244,0.4597961902618408,0.7366861776298729,,,,,roc_auc,0.7203771937673014,0.7829931974411011,0.4675421714782715,0.7203771937673014,,,,
tolokers,ResNet,2,512,3e-05,1,810,roc_auc,0.7304070705693452,0.7826160788536072,0.45286205410957336,0.7304070705693452,,,,,roc_auc,0.7503217883284522,0.783599853515625,0.44919976592063904,0.7503217883284522,,,,,roc_auc,0.7293705212984879,0.781632661819458,0.45510080456733704,0.7293705212984879,,,,
tolokers,ResNet,2,512,3e-05,2,780,roc_auc,0.7461431608494831,0.7826160788536072,0.4472840428352356,0.7461431608494831,,,,,roc_auc,0.7317279897462218,0.7812180519104004,0.4617963433265686,0.7317279897462218,,,,,roc_auc,0.7423596029596371,0.7840136289596558,0.4414178133010864,0.7423596029596371,,,,
tolokers,ResNet,2,512,3e-05,3,170,roc_auc,0.7366041296542386,0.7827861905097961,0.4526975750923157,0.7366041296542386,,,,,roc_auc,0.73290991691887,0.781898558139801,0.4592812955379486,0.73290991691887,,,,,roc_auc,0.7338231267064141,0.7812924981117249,0.4590560495853424,0.7338231267064141,,,,
tolokers,ResNet,2,512,3e-05,4,460,roc_auc,0.7415328453289214,0.7841469645500183,0.4490649402141571,0.7415328453289214,,,,,roc_auc,0.7354105652476751,0.7808778285980225,0.4551195502281189,0.7354105652476751,,,,,roc_auc,0.7340254562412392,0.7806122303009033,0.4675007462501526,0.7340254562412392,,,,
tolokers,ResNet,2,512,3e-05,5,260,roc_auc,0.7382261473767897,0.7849974632263184,0.45725950598716736,0.7382261473767897,,,,,roc_auc,0.7286370567094225,0.7784960865974426,0.45719027519226074,0.7286370567094225,,,,,roc_auc,0.7151745795477037,0.781632661819458,0.4650775194168091,0.7151745795477037,,,,
tolokers,ResNet,2,512,3e-05,7,200,roc_auc,0.7375169332918183,0.7829563021659851,0.4508987069129944,0.7375169332918183,,,,,roc_auc,0.7540620684879615,0.7859815955162048,0.44833555817604065,0.7540620684879615,,,,,roc_auc,0.7094205580363799,0.7785714268684387,0.4722242057323456,0.7094205580363799,,,,
tolokers,ResNet,2,512,3e-05,6,4840,roc_auc,0.7713388306752219,0.7863582372665405,0.4311818778514862,0.7713388306752219,,,,,roc_auc,0.74570270017067,0.7863218784332275,0.4617028832435608,0.74570270017067,,,,,roc_auc,0.7391758782525235,0.7772108912467957,0.46718353033065796,0.7391758782525235,,,,
tolokers,ResNet,2,512,3e-05,8,3080,roc_auc,0.7699271012035949,0.7866984605789185,0.4335560202598572,0.7699271012035949,,,,,roc_auc,0.7509463563921146,0.7822388410568237,0.45569688081741333,0.7509463563921146,,,,,roc_auc,0.7263698082309146,0.7755101919174194,0.46917593479156494,0.7263698082309146,,,,
tolokers,ResNet,3,512,3e-05,0,110,roc_auc,0.7381209184576781,0.7807450294494629,0.45053228735923767,0.7381209184576781,,,,,roc_auc,0.7342422156416283,0.7812180519104004,0.45985284447669983,0.7342422156416283,,,,,roc_auc,0.7204476871395687,0.7802721261978149,0.4671390950679779,0.7204476871395687,,,,
tolokers,ResNet,3,512,3e-05,1,460,roc_auc,0.7309412705616121,0.782446026802063,0.4526703655719757,0.7309412705616121,,,,,roc_auc,0.7496578453216458,0.783599853515625,0.4491145610809326,0.7496578453216458,,,,,roc_auc,0.7302571110189275,0.7823129296302795,0.45463451743125916,0.7302571110189275,,,,
tolokers,ResNet,3,512,3e-05,2,150,roc_auc,0.7276970655292108,0.7817656397819519,0.45650187134742737,0.7276970655292108,,,,,roc_auc,0.7313023330332691,0.781898558139801,0.46090036630630493,0.7313023330332691,,,,,roc_auc,0.7400278991077166,0.781632661819458,0.44642534852027893,0.7400278991077166,,,,
tolokers,ResNet,2,512,3e-05,9,4290,roc_auc,0.7693938339414734,0.7899302840232849,0.43022286891937256,0.7693938339414734,,,,,roc_auc,0.7357802144983973,0.7832595705986023,0.4610944986343384,0.7357802144983973,,,,,roc_auc,0.7370753113231335,0.7795918583869934,0.460206538438797,0.7370753113231335,,,,
tolokers,ResNet,3,512,3e-05,3,180,roc_auc,0.7357163401432809,0.7826160788536072,0.45345747470855713,0.7357163401432809,,,,,roc_auc,0.729721904280871,0.7825790643692017,0.46176236867904663,0.729721904280871,,,,,roc_auc,0.7323258203666198,0.7819728255271912,0.46147119998931885,0.7323258203666198,,,,
tolokers,ResNet,3,512,3e-05,5,210,roc_auc,0.7381264300448999,0.7843170762062073,0.4564085006713867,0.7381264300448999,,,,,roc_auc,0.7275569612862844,0.7791765928268433,0.4560163915157318,0.7275569612862844,,,,,roc_auc,0.7147272177621609,0.7823129296302795,0.4643598198890686,0.7147272177621609,,,,
tolokers,ResNet,3,512,3e-05,4,350,roc_auc,0.739249097965156,0.7841469645500183,0.4512890875339508,0.739249097965156,,,,,roc_auc,0.7346637990846004,0.7815583348274231,0.4551919102668762,0.7346637990846004,,,,,roc_auc,0.7320821437576763,0.7829931974411011,0.470458984375,0.7320821437576763,,,,
tolokers,ResNet,3,512,3e-05,7,170,roc_auc,0.7371080583136103,0.7829563021659851,0.45183229446411133,0.7371080583136103,,,,,roc_auc,0.7550579829981711,0.7853010892868042,0.44881492853164673,0.7550579829981711,,,,,roc_auc,0.7078225952948387,0.7778911590576172,0.4727060794830322,0.7078225952948387,,,,
tolokers,ResNet,3,512,3e-05,8,840,roc_auc,0.7468700120135643,0.781255304813385,0.4486039876937866,0.7468700120135643,,,,,roc_auc,0.7395690344585063,0.7829193472862244,0.44742274284362793,0.7395690344585063,,,,,roc_auc,0.7229732477652245,0.781632661819458,0.4613759219646454,0.7229732477652245,,,,
tolokers,ResNet,3,512,3e-05,6,4610,roc_auc,0.7770890272269018,0.7916312217712402,0.4258238971233368,0.7770890272269018,,,,,roc_auc,0.7508380752984689,0.7849608659744263,0.46463412046432495,0.7508380752984689,,,,,roc_auc,0.7402027768966106,0.7778911590576172,0.471836656332016,0.7402027768966106,,,,
tolokers,ResNet,4,512,3e-05,0,80,roc_auc,0.7339762048668841,0.782275915145874,0.4515824615955353,0.7339762048668841,,,,,roc_auc,0.7348206199788462,0.7839400768280029,0.4587894082069397,0.7348206199788462,,,,,roc_auc,0.7191937184982743,0.7850340008735657,0.4670162796974182,0.7191937184982743,,,,
tolokers,ResNet,3,512,3e-05,9,3950,roc_auc,0.7705572028135211,0.7901003956794739,0.42862245440483093,0.7705572028135211,,,,,roc_auc,0.7357839483292126,0.7822388410568237,0.4600895047187805,0.7357839483292126,,,,,roc_auc,0.7381442348622261,0.7778911590576172,0.45957788825035095,0.7381442348622261,,,,
tolokers,ResNet,4,512,3e-05,1,590,roc_auc,0.7305638540273931,0.782446026802063,0.45234641432762146,0.7305638540273931,,,,,roc_auc,0.7496985780214498,0.783599853515625,0.4495442807674408,0.7496985780214498,,,,,roc_auc,0.7303848802561621,0.7823129296302795,0.45410871505737305,0.7303848802561621,,,,
tolokers,ResNet,4,512,3e-05,3,250,roc_auc,0.7375836658940269,0.7831264138221741,0.45377317070961,0.7375836658940269,,,,,roc_auc,0.7311570530706346,0.7832595705986023,0.46138668060302734,0.7311570530706346,,,,,roc_auc,0.7364035908239319,0.7829931974411011,0.4625677764415741,0.7364035908239319,,,,
tolokers,ResNet,4,512,3e-05,2,900,roc_auc,0.7460414932636532,0.7826160788536072,0.44710248708724976,0.7460414932636532,,,,,roc_auc,0.7321427844058933,0.7815583348274231,0.4624604880809784,0.7321427844058933,,,,,roc_auc,0.7434190370063092,0.7829931974411011,0.4415530264377594,0.7434190370063092,,,,
tolokers,ResNet,4,512,3e-05,5,130,roc_auc,0.7386324785455107,0.7819356918334961,0.45530250668525696,0.7386324785455107,,,,,roc_auc,0.7296485854212237,0.7771350741386414,0.4537901282310486,0.7296485854212237,,,,,roc_auc,0.7149664885353374,0.781632661819458,0.46254509687423706,0.7149664885353374,,,,
tolokers,ResNet,4,512,3e-05,4,390,roc_auc,0.7399343154472999,0.7831264138221741,0.4507301449775696,0.7399343154472999,,,,,roc_auc,0.7339862785111927,0.7805375456809998,0.4560779333114624,0.7339862785111927,,,,,roc_auc,0.7339786866000233,0.7802721261978149,0.4686499536037445,0.7339786866000233,,,,
tolokers,ResNet,4,512,3e-05,7,170,roc_auc,0.7362044971838333,0.7843170762062073,0.4522479176521301,0.7362044971838333,,,,,roc_auc,0.7525529219602205,0.7853010892868042,0.4499821364879608,0.7525529219602205,,,,,roc_auc,0.7066479316973449,0.7789115905761719,0.47322890162467957,0.7066479316973449,,,,
tolokers,ResNet,4,512,3e-05,8,800,roc_auc,0.7501430468868182,0.7815955281257629,0.4451679587364197,0.7501430468868182,,,,,roc_auc,0.7401698417806164,0.7842803597450256,0.44714075326919556,0.7401698417806164,,,,,roc_auc,0.723852381455905,0.7829931974411011,0.45879578590393066,0.723852381455905,,,,
tolokers,ResNet,4,512,3e-05,6,4340,roc_auc,0.7764096605065776,0.7931621074676514,0.42569246888160706,0.7764096605065776,,,,,roc_auc,0.7511476438169798,0.781898558139801,0.4639863669872284,0.7511476438169798,,,,,roc_auc,0.7397791388421192,0.7785714268684387,0.47029057145118713,0.7397791388421192,,,,
tolokers,ResNet,5,512,3e-05,0,100,roc_auc,0.733785249568061,0.7819356918334961,0.45188888907432556,0.733785249568061,,,,,roc_auc,0.7339855996328626,0.7808778285980225,0.4595664143562317,0.7339855996328626,,,,,roc_auc,0.7190920453651964,0.7823129296302795,0.4680943191051483,0.7190920453651964,,,,
tolokers,ResNet,4,512,3e-05,9,3600,roc_auc,0.771327298738881,0.790440559387207,0.4283176064491272,0.771327298738881,,,,,roc_auc,0.7385510564025695,0.7812180519104004,0.46092480421066284,0.7385510564025695,,,,,roc_auc,0.741405231150479,0.7802721261978149,0.4578595757484436,0.741405231150479,,,,
tolokers,ResNet,5,512,3e-05,1,840,roc_auc,0.7312869742708933,0.782275915145874,0.4504120945930481,0.7312869742708933,,,,,roc_auc,0.7481439466455942,0.7839400768280029,0.4485887289047241,0.7481439466455942,,,,,roc_auc,0.7314568539892472,0.7826530933380127,0.4535834789276123,0.7314568539892472,,,,
tolokers,ResNet,5,512,3e-05,2,150,roc_auc,0.7287488459584294,0.7838068008422852,0.45590269565582275,0.7287488459584294,,,,,roc_auc,0.7308345858638522,0.7822388410568237,0.4620068669319153,0.7308345858638522,,,,,roc_auc,0.7421596457979172,0.7840136289596558,0.44490453600883484,0.7421596457979172,,,,
tolokers,ResNet,5,512,3e-05,3,140,roc_auc,0.7360879059156797,0.782446026802063,0.45395779609680176,0.7360879059156797,,,,,roc_auc,0.7298902661067278,0.7812180519104004,0.46194225549697876,0.7298902661067278,,,,,roc_auc,0.7323034522773426,0.7826530933380127,0.4610144793987274,0.7323034522773426,,,,
tolokers,ResNet,5,512,3e-05,5,150,roc_auc,0.737913767571788,0.7827861905097961,0.4551506042480469,0.737913767571788,,,,,roc_auc,0.7285046754350591,0.7771350741386414,0.45338207483291626,0.7285046754350591,,,,,roc_auc,0.7139795813235944,0.7812924981117249,0.4617057740688324,0.7139795813235944,,,,
tolokers,ResNet,5,512,3e-05,4,4700,roc_auc,0.7846989181008664,0.789590060710907,0.4186483919620514,0.7846989181008664,,,,,roc_auc,0.7526418550214593,0.776114284992218,0.4632273018360138,0.7526418550214593,,,,,roc_auc,0.7279779382857638,0.7795918583869934,0.4846014082431793,0.7279779382857638,,,,
tolokers,ResNet,5,512,3e-05,7,100,roc_auc,0.7371953957726636,0.7804048657417297,0.45371171832084656,0.7371953957726636,,,,,roc_auc,0.753808167992516,0.7870023846626282,0.45128700137138367,0.753808167992516,,,,,roc_auc,0.7069149931268962,0.776190459728241,0.4755839407444,0.7069149931268962,,,,
tolokers,ResNet,5,512,3e-05,6,4030,roc_auc,0.775452848964873,0.7918013334274292,0.4254947900772095,0.775452848964873,,,,,roc_auc,0.751900519885025,0.781898558139801,0.4591921865940094,0.751900519885025,,,,,roc_auc,0.7416844933559997,0.7778911590576172,0.46763142943382263,0.7416844933559997,,,,
tolokers,ResNet,5,512,3e-05,9,730,roc_auc,0.7457201253317975,0.7826160788536072,0.4455738961696625,0.7457201253317975,,,,,roc_auc,0.7210577195933792,0.7812180519104004,0.4583252966403961,0.7210577195933792,,,,,roc_auc,0.7366130374780726,0.781632661819458,0.4488135874271393,0.7366130374780726,,,,
tolokers,ResNet,5,512,3e-05,8,870,roc_auc,0.7496203788308923,0.7821058034896851,0.44461488723754883,0.7496203788308923,,,,,roc_auc,0.7401005961909495,0.7846205830574036,0.448394775390625,0.7401005961909495,,,,,roc_auc,0.7227048306938988,0.7819728255271912,0.45963799953460693,0.7227048306938988,,,,
tolokers,GCN,1,512,3e-05,0,2170,roc_auc,0.8477579202356313,0.8166354894638062,0.37996193766593933,0.8477579202356313,,,,,roc_auc,0.8144978540655987,0.8040149211883545,0.4197149872779846,0.8144978540655987,,,,,roc_auc,0.8052779879022529,0.7982993125915527,0.42756903171539307,0.8052779879022529,,,,
tolokers,GCN,1,512,3e-05,1,4700,roc_auc,0.8556106601219536,0.8191869258880615,0.3632962107658386,0.8556106601219536,,,,,roc_auc,0.8280672741269964,0.8060564398765564,0.4088614284992218,0.8280672741269964,,,,,roc_auc,0.8160448337847621,0.807823121547699,0.41120555996894836,0.8160448337847621,,,,
tolokers,GCN,1,512,3e-05,2,3230,roc_auc,0.8514298244364444,0.8147644400596619,0.3790602385997772,0.8514298244364444,,,,,roc_auc,0.8126064990380295,0.8012929558753967,0.4241541028022766,0.8126064990380295,,,,,roc_auc,0.8223899151097122,0.8136054277420044,0.4122098684310913,0.8223899151097122,,,,
tolokers,GCN,1,512,3e-05,3,3560,roc_auc,0.8571591617503308,0.8202075362205505,0.36960747838020325,0.8571591617503308,,,,,roc_auc,0.814980536558277,0.7965294122695923,0.42429298162460327,0.814980536558277,,,,,roc_auc,0.8203747536121075,0.8010204434394836,0.4284040629863739,0.8203747536121075,,,,
tolokers,GCN,1,512,3e-05,4,4990,roc_auc,0.8614483637199855,0.8261609077453613,0.3564291298389435,0.8614483637199855,,,,,roc_auc,0.8051741390804457,0.8029941916465759,0.454716295003891,0.8051741390804457,,,,,roc_auc,0.8274661157338496,0.8064625859260559,0.4257601201534271,0.8274661157338496,,,,
tolokers,GCN,1,512,3e-05,5,4550,roc_auc,0.857643248695704,0.8273516297340393,0.36180078983306885,0.857643248695704,,,,,roc_auc,0.8435178660410124,0.8111602067947388,0.3981640934944153,0.8435178660410124,,,,,roc_auc,0.8077510174091516,0.7993197441101074,0.43597495555877686,0.8077510174091516,,,,
tolokers,GCN,1,512,3e-05,6,4160,roc_auc,0.8619532251095025,0.824289858341217,0.3600205183029175,0.8619532251095025,,,,,roc_auc,0.8189214252643212,0.8033344149589539,0.4239310622215271,0.8189214252643212,,,,,roc_auc,0.8209461566200054,0.8017007112503052,0.4145108461380005,0.8209461566200054,,,,
tolokers,GCN,1,512,3e-05,7,2860,roc_auc,0.8493173602448026,0.8229290843009949,0.3713502287864685,0.8493173602448026,,,,,roc_auc,0.8292505590563048,0.8033344149589539,0.4024854004383087,0.8292505590563048,,,,,roc_auc,0.8069850798066314,0.7972789406776428,0.4333285093307495,0.8069850798066314,,,,
tolokers,GCN,1,512,3e-05,9,2830,roc_auc,0.8459616515632219,0.8196972608566284,0.3733536899089813,0.8459616515632219,,,,,roc_auc,0.8111462317500533,0.8036746978759766,0.4203302264213562,0.8111462317500533,,,,,roc_auc,0.8250018978984841,0.8040816187858582,0.40605852007865906,0.8250018978984841,,,,
tolokers,GCN,1,512,3e-05,8,4700,roc_auc,0.8567613099465665,0.8232693076133728,0.3648313581943512,0.8567613099465665,,,,,roc_auc,0.819738794773723,0.7978904247283936,0.4232217073440552,0.819738794773723,,,,,roc_auc,0.8274478145698955,0.8085033893585205,0.4055793583393097,0.8274478145698955,,,,
tolokers,GCN,2,512,3e-05,1,1180,roc_auc,0.8531307850467417,0.8271815180778503,0.37355130910873413,0.8531307850467417,,,,,roc_auc,0.8405090772821513,0.8159237504005432,0.3971388638019562,0.8405090772821513,,,,,roc_auc,0.8400525717880103,0.82517009973526,0.39278265833854675,0.8400525717880103,,,,
tolokers,GCN,2,512,3e-05,0,1040,roc_auc,0.8554554877432474,0.8237795829772949,0.375457227230072,0.8554554877432474,,,,,roc_auc,0.8367691365618071,0.8097992539405823,0.4021892845630646,0.8367691365618071,,,,,roc_auc,0.8285333447207243,0.8122448921203613,0.41084760427474976,0.8285333447207243,,,,
tolokers,GCN,2,512,3e-05,3,2590,roc_auc,0.8678257788975061,0.8297329545021057,0.35747280716896057,0.8678257788975061,,,,,roc_auc,0.8265662741392164,0.8080979585647583,0.42427900433540344,0.8265662741392164,,,,,roc_auc,0.8314788153859919,0.8057823181152344,0.42138341069221497,0.8314788153859919,,,,
tolokers,GCN,2,512,3e-05,2,3230,roc_auc,0.873462012784169,0.8395985960960388,0.3590206801891327,0.873462012784169,,,,,roc_auc,0.8273965423368894,0.8166042566299438,0.44117435812950134,0.8273965423368894,,,,,roc_auc,0.841934202570839,0.8207483291625977,0.423043429851532,0.841934202570839,,,,
tolokers,GCN,2,512,3e-05,4,1040,roc_auc,0.8628825635087477,0.8293927907943726,0.3623180389404297,0.8628825635087477,,,,,roc_auc,0.8236647481565059,0.8040149211883545,0.42572134733200073,0.8236647481565059,,,,,roc_auc,0.8498823302939844,0.8176870942115784,0.389860600233078,0.8498823302939844,,,,
tolokers,GCN,2,512,3e-05,5,940,roc_auc,0.8509303050468502,0.8278619050979614,0.3732450604438782,0.8509303050468502,,,,,roc_auc,0.8361011202850201,0.8210275173187256,0.39700445532798767,0.8361011202850201,,,,,roc_auc,0.8211983059900387,0.8074830174446106,0.41878098249435425,0.8211983059900387,,,,
tolokers,GCN,2,512,3e-05,6,1930,roc_auc,0.8605731236691636,0.8270114064216614,0.37310850620269775,0.8605731236691636,,,,,roc_auc,0.835579062849198,0.8128615021705627,0.4089849591255188,0.835579062849198,,,,,roc_auc,0.8278131600280888,0.7982993125915527,0.42433246970176697,0.8278131600280888,,,,
tolokers,GCN,2,512,3e-05,7,1950,roc_auc,0.8556793429781021,0.8232693076133728,0.37424546480178833,0.8556793429781021,,,,,roc_auc,0.835688362260339,0.8080979585647583,0.4073563814163208,0.835688362260339,,,,,roc_auc,0.8195234105778016,0.7969387769699097,0.43313661217689514,0.8195234105778016,,,,
tolokers,GCN,2,512,3e-05,8,1060,roc_auc,0.8541167656038968,0.8219085335731506,0.375765860080719,0.8541167656038968,,,,,roc_auc,0.8304671090237865,0.8053759336471558,0.41393107175827026,0.8304671090237865,,,,,roc_auc,0.8349465470448364,0.8102040886878967,0.4021746516227722,0.8349465470448364,,,,
tolokers,GCN,2,512,3e-05,9,1910,roc_auc,0.855148534731818,0.8111923933029175,0.38599351048469543,0.855148534731818,,,,,roc_auc,0.8243768915247471,0.7910853624343872,0.4408589005470276,0.8243768915247471,,,,,roc_auc,0.8357562040945804,0.7982993125915527,0.42407122254371643,0.8357562040945804,,,,
tolokers,GCN,3,512,3e-05,0,860,roc_auc,0.8572064766067888,0.8270114064216614,0.3714151680469513,0.8572064766067888,,,,,roc_auc,0.8462544245895163,0.820347011089325,0.3871515989303589,0.8462544245895163,,,,,roc_auc,0.8353901808154999,0.8156462907791138,0.3961009085178375,0.8353901808154999,,,,
tolokers,GCN,3,512,3e-05,1,1960,roc_auc,0.8641169046654823,0.8297329545021057,0.36192288994789124,0.8641169046654823,,,,,roc_auc,0.8469170098396624,0.818305492401123,0.3952440023422241,0.8469170098396624,,,,,roc_auc,0.8516453424215557,0.8214285969734192,0.3797752261161804,0.8516453424215557,,,,
tolokers,GCN,3,512,3e-05,2,1750,roc_auc,0.8744089882625239,0.8346657752990723,0.3535498082637787,0.8744089882625239,,,,,roc_auc,0.8378030682585007,0.818305492401123,0.405571848154068,0.8378030682585007,,,,,roc_auc,0.8519063034631225,0.8285714387893677,0.3981746733188629,0.8519063034631225,,,,
tolokers,GCN,3,512,3e-05,3,1390,roc_auc,0.8615407887980128,0.8300731778144836,0.3701855540275574,0.8615407887980128,,,,,roc_auc,0.8306028846898,0.8155835270881653,0.4118342399597168,0.8306028846898,,,,,roc_auc,0.8387362436250946,0.8193877935409546,0.40465134382247925,0.8387362436250946,,,,
tolokers,GCN,3,512,3e-05,4,1190,roc_auc,0.8661174412396967,0.8353461623191833,0.356965571641922,0.8661174412396967,,,,,roc_auc,0.8236912244113787,0.8091187477111816,0.42212769389152527,0.8236912244113787,,,,,roc_auc,0.8522513142947004,0.8214285969734192,0.38303911685943604,0.8522513142947004,,,,
tolokers,GCN,3,512,3e-05,5,860,roc_auc,0.8596840622534626,0.8339853882789612,0.36426666378974915,0.8596840622534626,,,,,roc_auc,0.8461688859199277,0.818305492401123,0.38900890946388245,0.8461688859199277,,,,,roc_auc,0.8306559408289478,0.8112245202064514,0.40650510787963867,0.8306559408289478,,,,
tolokers,GCN,3,512,3e-05,6,1800,roc_auc,0.8721398254064838,0.8310937285423279,0.3546982407569885,0.8721398254064838,,,,,roc_auc,0.8515917660205102,0.8295338153839111,0.38764339685440063,0.8515917660205102,,,,,roc_auc,0.8375473457889699,0.8085033893585205,0.4053865373134613,0.8375473457889699,,,,
tolokers,GCN,3,512,3e-05,7,1250,roc_auc,0.8607849382057798,0.8275216817855835,0.3697585165500641,0.8607849382057798,,,,,roc_auc,0.8398010071838904,0.8060564398765564,0.4075677990913391,0.8398010071838904,,,,,roc_auc,0.8319071981866937,0.8040816187858582,0.4211239814758301,0.8319071981866937,,,,
tolokers,GCN,3,512,3e-05,8,1250,roc_auc,0.8656066442947101,0.8344956636428833,0.36178866028785706,0.8656066442947101,,,,,roc_auc,0.8379435960728246,0.8149030208587646,0.4066050946712494,0.8379435960728246,,,,,roc_auc,0.8463081807558516,0.8187074661254883,0.3919832706451416,0.8463081807558516,,,,
tolokers,GCN,4,512,3e-05,0,720,roc_auc,0.850167925343601,0.8203776478767395,0.3778568506240845,0.850167925343601,,,,,roc_auc,0.8424058633363611,0.8210275173187256,0.3884618580341339,0.8424058633363611,,,,,roc_auc,0.8304393770554919,0.8170068264007568,0.40146735310554504,0.8304393770554919,,,,
tolokers,GCN,3,512,3e-05,9,1920,roc_auc,0.871835077029943,0.8358564376831055,0.3530725836753845,0.871835077029943,,,,,roc_auc,0.8359266485541929,0.8149030208587646,0.4140094816684723,0.8359266485541929,,,,,roc_auc,0.8442757348256237,0.8129251599311829,0.40111541748046875,0.8442757348256237,,,,
tolokers,GCN,4,512,3e-05,1,1380,roc_auc,0.8608647290300216,0.8276917934417725,0.37051302194595337,0.8608647290300216,,,,,roc_auc,0.8447493513317557,0.8172847628593445,0.40015485882759094,0.8447493513317557,,,,,roc_auc,0.8426025339656048,0.8214285969734192,0.39323869347572327,0.8426025339656048,,,,
tolokers,GCN,4,512,3e-05,2,1190,roc_auc,0.8629280976985647,0.8220785856246948,0.3705088794231415,0.8629280976985647,,,,,roc_auc,0.8283415409723439,0.7965294122695923,0.4169544279575348,0.8283415409723439,,,,,roc_auc,0.8410611692681431,0.8074830174446106,0.4092068374156952,0.8410611692681431,,,,
tolokers,GCN,4,512,3e-05,3,970,roc_auc,0.856632762773824,0.8248001337051392,0.3714978098869324,0.856632762773824,,,,,roc_auc,0.8256110923288106,0.814222514629364,0.4079740047454834,0.8256110923288106,,,,,roc_auc,0.8374226267457276,0.8221088647842407,0.3941943645477295,0.8374226267457276,,,,
tolokers,GCN,4,512,3e-05,4,1030,roc_auc,0.8636362094660918,0.832794725894928,0.3627278506755829,0.8636362094660918,,,,,roc_auc,0.8241189177593213,0.8118407130241394,0.4226803779602051,0.8241189177593213,,,,,roc_auc,0.8537235412616687,0.8217687010765076,0.382646769285202,0.8537235412616687,,,,
tolokers,GCN,4,512,3e-05,5,860,roc_auc,0.8595232934938852,0.8319442272186279,0.3660193383693695,0.8595232934938852,,,,,roc_auc,0.8465259759215434,0.818305492401123,0.3892386555671692,0.8465259759215434,,,,,roc_auc,0.8264060038662903,0.8047618865966797,0.4083253741264343,0.8264060038662903,,,,
tolokers,GCN,4,512,3e-05,6,1540,roc_auc,0.8677113922642414,0.8268412947654724,0.36960843205451965,0.8677113922642414,,,,,roc_auc,0.8479427949963952,0.8121809959411621,0.39794278144836426,0.8479427949963952,,,,,roc_auc,0.8320658082742951,0.793537437915802,0.41994813084602356,0.8320658082742951,,,,
tolokers,GCN,4,512,3e-05,7,1150,roc_auc,0.8592828187037155,0.8310937285423279,0.3811674416065216,0.8592828187037155,,,,,roc_auc,0.840884496998679,0.8145627379417419,0.41922813653945923,0.840884496998679,,,,,roc_auc,0.826958427889347,0.8139455914497375,0.43332287669181824,0.826958427889347,,,,
tolokers,GCN,4,512,3e-05,8,790,roc_auc,0.8620383579336669,0.8290525674819946,0.36591845750808716,0.8620383579336669,,,,,roc_auc,0.8376781546457681,0.8152432441711426,0.4033489525318146,0.8376781546457681,,,,,roc_auc,0.8457584680163436,0.8190476298332214,0.39317843317985535,0.8457584680163436,,,,
tolokers,GCN,4,512,3e-05,9,990,roc_auc,0.8627782673197814,0.8341554999351501,0.3646542429924011,0.8627782673197814,,,,,roc_auc,0.8304813654687179,0.8162640333175659,0.41015535593032837,0.8304813654687179,,,,,roc_auc,0.8378140683080777,0.8142857551574707,0.40220046043395996,0.8378140683080777,,,,
tolokers,GCN,5,512,3e-05,0,670,roc_auc,0.8511640811387041,0.8140840530395508,0.3850775957107544,0.8511640811387041,,,,,roc_auc,0.8406618249064166,0.8111602067947388,0.4008263945579529,0.8406618249064166,,,,,roc_auc,0.830581719441801,0.7993197441101074,0.41554802656173706,0.830581719441801,,,,
tolokers,GCN,5,512,3e-05,1,1000,roc_auc,0.8513940415163275,0.8219085335731506,0.3814474642276764,0.8513940415163275,,,,,roc_auc,0.8384554703336958,0.814222514629364,0.40496814250946045,0.8384554703336958,,,,,roc_auc,0.8338254312974306,0.8122448921203613,0.4028485119342804,0.8338254312974306,,,,
tolokers,GCN,5,512,3e-05,2,990,roc_auc,0.8623715121828124,0.8278619050979614,0.36723077297210693,0.8623715121828124,,,,,roc_auc,0.8302424002965342,0.8101394772529602,0.41179952025413513,0.8302424002965342,,,,,roc_auc,0.8378076290096494,0.8217687010765076,0.40860238671302795,0.8378076290096494,,,,
tolokers,GCN,5,512,3e-05,3,640,roc_auc,0.8529869750170773,0.8232693076133728,0.37580862641334534,0.8529869750170773,,,,,roc_auc,0.8229763655298171,0.8094589710235596,0.40961089730262756,0.8229763655298171,,,,,roc_auc,0.8353640847113434,0.8187074661254883,0.39549121260643005,0.8353640847113434,,,,
tolokers,GCN,5,512,3e-05,4,890,roc_auc,0.8589901958190624,0.8293927907943726,0.36616334319114685,0.8589901958190624,,,,,roc_auc,0.8204271774004119,0.8104797005653381,0.42408451437950134,0.8204271774004119,,,,,roc_auc,0.8542861325980333,0.8278911709785461,0.3786690831184387,0.8542861325980333,,,,
tolokers,GCN,5,512,3e-05,5,790,roc_auc,0.8576647862826938,0.832624614238739,0.3658941686153412,0.8576647862826938,,,,,roc_auc,0.8455884449477196,0.8196665048599243,0.3858880400657654,0.8455884449477196,,,,,roc_auc,0.8233707219334705,0.8034013509750366,0.40838128328323364,0.8233707219334705,,,,
tolokers,GCN,5,512,3e-05,6,1040,roc_auc,0.8597329033956126,0.8319442272186279,0.37168651819229126,0.8597329033956126,,,,,roc_auc,0.8467676566070477,0.8244300484657288,0.3941437602043152,0.8467676566070477,,,,,roc_auc,0.8339555729077703,0.8136054277420044,0.41133809089660645,0.8339555729077703,,,,
tolokers,GCN,5,512,3e-05,7,990,roc_auc,0.8559608578946618,0.8263310194015503,0.37512698769569397,0.8559608578946618,,,,,roc_auc,0.8414635802142267,0.8087784647941589,0.4017721712589264,0.8414635802142267,,,,,roc_auc,0.8243596626078753,0.8017007112503052,0.4244248569011688,0.8243596626078753,,,,
tolokers,GCN,5,512,3e-05,8,560,roc_auc,0.8568330453740994,0.8275216817855835,0.3739411234855652,0.8568330453740994,,,,,roc_auc,0.8370495133121253,0.8155835270881653,0.40173399448394775,0.8370495133121253,,,,,roc_auc,0.8405155234539583,0.8139455914497375,0.39912548661231995,0.8405155234539583,,,,
tolokers,SAGE,1,512,3e-05,0,1880,roc_auc,0.8612268827073187,0.8225889205932617,0.36104118824005127,0.8612268827073187,,,,,roc_auc,0.8058550540455037,0.7985709309577942,0.4334977865219116,0.8058550540455037,,,,,roc_auc,0.7995426064653268,0.7843537330627441,0.4344363212585449,0.7995426064653268,,,,
tolokers,SAGE,1,512,3e-05,1,520,roc_auc,0.8032512598640453,0.7892498970031738,0.4141806662082672,0.8032512598640453,,,,,roc_auc,0.8021015357585585,0.7924463748931885,0.41958892345428467,0.8021015357585585,,,,,roc_auc,0.7867256913095227,0.7901360392570496,0.42227238416671753,0.7867256913095227,,,,
tolokers,GCN,5,512,3e-05,9,990,roc_auc,0.8560207222112556,0.83160400390625,0.37033960223197937,0.8560207222112556,,,,,roc_auc,0.8257149607133111,0.8152432441711426,0.4091574549674988,0.8257149607133111,,,,,roc_auc,0.8299723584642206,0.813265323638916,0.405900239944458,0.8299723584642206,,,,
tolokers,SAGE,1,512,3e-05,2,1090,roc_auc,0.8320570193200635,0.8045586347579956,0.38742172718048096,0.8320570193200635,,,,,roc_auc,0.7972237949570202,0.7890438437461853,0.4318506419658661,0.7972237949570202,,,,,roc_auc,0.8112187490679963,0.7996598482131958,0.40627583861351013,0.8112187490679963,,,,
tolokers,SAGE,1,512,3e-05,3,2100,roc_auc,0.8483624989570382,0.8159551024436951,0.37267202138900757,0.8483624989570382,,,,,roc_auc,0.8121462195302434,0.7961891293525696,0.42050763964653015,0.8121462195302434,,,,,roc_auc,0.8139893419443699,0.8051020503044128,0.42640629410743713,0.8139893419443699,,,,
tolokers,SAGE,1,512,3e-05,4,2340,roc_auc,0.8611254695024377,0.824459969997406,0.36142486333847046,0.8611254695024377,,,,,roc_auc,0.8072691576070354,0.7992514371871948,0.4344748556613922,0.8072691576070354,,,,,roc_auc,0.8066665039896538,0.7891156673431396,0.4437471330165863,0.8066665039896538,,,,
tolokers,SAGE,1,512,3e-05,5,1700,roc_auc,0.8467869481544493,0.8173158764839172,0.37813273072242737,0.8467869481544493,,,,,roc_auc,0.8188039793132196,0.8006124496459961,0.4123815894126892,0.8188039793132196,,,,,roc_auc,0.798560443999794,0.7874149680137634,0.42982327938079834,0.798560443999794,,,,
tolokers,SAGE,1,512,3e-05,7,2160,roc_auc,0.853441638566051,0.8178261518478394,0.3745957911014557,0.853441638566051,,,,,roc_auc,0.8048363971112369,0.7924463748931885,0.43814194202423096,0.8048363971112369,,,,,roc_auc,0.7933025873778905,0.7925170063972473,0.4500459134578705,0.7933025873778905,,,,
tolokers,SAGE,1,512,3e-05,6,3230,roc_auc,0.8813987831772113,0.833645224571228,0.3361426591873169,0.8813987831772113,,,,,roc_auc,0.8079914841502275,0.7968696355819702,0.4581299126148224,0.8079914841502275,,,,,roc_auc,0.8056612956139566,0.7969387769699097,0.4507175087928772,0.8056612956139566,,,,
tolokers,SAGE,1,512,3e-05,8,1640,roc_auc,0.8428581191954506,0.815274715423584,0.37672677636146545,0.8428581191954506,,,,,roc_auc,0.8158155569042606,0.7941476702690125,0.4205979108810425,0.8158155569042606,,,,,roc_auc,0.8056104590474176,0.7925170063972473,0.4283495545387268,0.8056104590474176,,,,
tolokers,SAGE,1,512,3e-05,9,1790,roc_auc,0.8505433916238796,0.824459969997406,0.3709007501602173,0.8505433916238796,,,,,roc_auc,0.8037457790739828,0.7934671640396118,0.43130627274513245,0.8037457790739828,,,,,roc_auc,0.8127733312727579,0.7891156673431396,0.41519924998283386,0.8127733312727579,,,,
tolokers,SAGE,2,512,3e-05,1,920,roc_auc,0.8548733793389758,0.8149345517158508,0.3870885968208313,0.8548733793389758,,,,,roc_auc,0.8231637359489158,0.7948281764984131,0.4422409236431122,0.8231637359489158,,,,,roc_auc,0.8238634977184549,0.8081632852554321,0.4320032000541687,0.8238634977184549,,,,
tolokers,SAGE,2,512,3e-05,0,940,roc_auc,0.8590890652144568,0.8203776478767395,0.3797239363193512,0.8590890652144568,,,,,roc_auc,0.8288018204801298,0.8050357103347778,0.42050302028656006,0.8288018204801298,,,,,roc_auc,0.8258878097980364,0.8020408153533936,0.42071741819381714,0.8258878097980364,,,,
tolokers,SAGE,2,512,3e-05,2,880,roc_auc,0.859785814632942,0.8105120062828064,0.3888742923736572,0.859785814632942,,,,,roc_auc,0.8088930345725579,0.7995916604995728,0.45108944177627563,0.8088930345725579,,,,,roc_auc,0.8278680635199509,0.8108843564987183,0.4238298237323761,0.8278680635199509,,,,
tolokers,SAGE,2,512,3e-05,3,1380,roc_auc,0.8686571806315024,0.8271815180778503,0.36221322417259216,0.8686571806315024,,,,,roc_auc,0.8285363790530734,0.8019734621047974,0.4250801205635071,0.8285363790530734,,,,,roc_auc,0.8319959927229149,0.8108843564987183,0.4312461018562317,0.8319959927229149,,,,
tolokers,SAGE,2,512,3e-05,4,1260,roc_auc,0.873112747741606,0.8351760506629944,0.35549798607826233,0.873112747741606,,,,,roc_auc,0.8280591275870357,0.8053759336471558,0.4289056360721588,0.8280591275870357,,,,,roc_auc,0.8292453955627135,0.8085033893585205,0.4358042776584625,0.8292453955627135,,,,
tolokers,SAGE,2,512,3e-05,5,1100,roc_auc,0.862482591863744,0.8270114064216614,0.36487916111946106,0.862482591863744,,,,,roc_auc,0.8402517823950555,0.800952672958374,0.4094616174697876,0.8402517823950555,,,,,roc_auc,0.8233551320530652,0.8020408153533936,0.42081066966056824,0.8233551320530652,,,,
tolokers,SAGE,2,512,3e-05,6,1400,roc_auc,0.879184990574338,0.8302432298660278,0.37279006838798523,0.879184990574338,,,,,roc_auc,0.8268262845396321,0.8053759336471558,0.46709251403808594,0.8268262845396321,,,,,roc_auc,0.8300113331652337,0.809183657169342,0.44767963886260986,0.8300113331652337,,,,
tolokers,SAGE,2,512,3e-05,7,1050,roc_auc,0.8662734615548985,0.8251403570175171,0.3751731216907501,0.8662734615548985,,,,,roc_auc,0.834888643587519,0.8094589710235596,0.43516117334365845,0.834888643587519,,,,,roc_auc,0.8196915101578238,0.7982993125915527,0.44953954219818115,0.8196915101578238,,,,
tolokers,SAGE,2,512,3e-05,8,810,roc_auc,0.8513765740245169,0.815274715423584,0.3825018107891083,0.8513765740245169,,,,,roc_auc,0.8244984107458293,0.8002721667289734,0.42081278562545776,0.8244984107458293,,,,,roc_auc,0.8254306196096294,0.7993197441101074,0.422844260931015,0.8254306196096294,,,,
tolokers,SAGE,2,512,3e-05,9,1550,roc_auc,0.8826091277311187,0.8363667726516724,0.3557676374912262,0.8826091277311187,,,,,roc_auc,0.8236179055517312,0.8040149211883545,0.46323883533477783,0.8236179055517312,,,,,roc_auc,0.8282025681277774,0.8034013509750366,0.45109596848487854,0.8282025681277774,,,,
tolokers,SAGE,3,512,3e-05,0,780,roc_auc,0.8646160848804783,0.825310468673706,0.37637415528297424,0.8646160848804783,,,,,roc_auc,0.832550586618765,0.8074174523353577,0.42248958349227905,0.832550586618765,,,,,roc_auc,0.8286214614360584,0.809183657169342,0.42293304204940796,0.8286214614360584,,,,
tolokers,SAGE,3,512,3e-05,2,330,roc_auc,0.8283712937543711,0.7970743775367737,0.407646507024765,0.8283712937543711,,,,,roc_auc,0.8076248898519909,0.7910853624343872,0.42990902066230774,0.8076248898519909,,,,,roc_auc,0.8182009820269014,0.7986394762992859,0.4108901619911194,0.8182009820269014,,,,
tolokers,SAGE,3,512,3e-05,1,850,roc_auc,0.8551371723827762,0.8171457648277283,0.38979020714759827,0.8551371723827762,,,,,roc_auc,0.8236796834797674,0.7975501418113708,0.45271986722946167,0.8236796834797674,,,,,roc_auc,0.8256509113979649,0.8074830174446106,0.4371360242366791,0.8256509113979649,,,,
tolokers,SAGE,3,512,3e-05,3,710,roc_auc,0.8562552614459557,0.8185065388679504,0.3788788616657257,0.8562552614459557,,,,,roc_auc,0.8284182542236416,0.8036746978759766,0.4216174781322479,0.8284182542236416,,,,,roc_auc,0.8321071553484135,0.8085033893585205,0.4223858714103699,0.8321071553484135,,,,
tolokers,SAGE,3,512,3e-05,4,1180,roc_auc,0.87653620654919,0.8341554999351501,0.3688385486602783,0.87653620654919,,,,,roc_auc,0.8306863867243987,0.8077577352523804,0.45165398716926575,0.8306863867243987,,,,,roc_auc,0.8303563439968116,0.8095238208770752,0.4594239890575409,0.8303563439968116,,,,
tolokers,SAGE,3,512,3e-05,5,710,roc_auc,0.8536031704684748,0.8125531673431396,0.4065176844596863,0.8536031704684748,,,,,roc_auc,0.838867549480047,0.8012929558753967,0.4419654905796051,0.838867549480047,,,,,roc_auc,0.8230372340569749,0.7993197441101074,0.45213162899017334,0.8230372340569749,,,,
tolokers,SAGE,3,512,3e-05,6,1140,roc_auc,0.8747950537489985,0.8270114064216614,0.39047542214393616,0.8747950537489985,,,,,roc_auc,0.83210049028593,0.8077577352523804,0.46612101793289185,0.83210049028593,,,,,roc_auc,0.8300784374330651,0.8108843564987183,0.4584769308567047,0.8300784374330651,,,,
tolokers,SAGE,3,512,3e-05,7,830,roc_auc,0.8584810947470674,0.8210580348968506,0.3799281120300293,0.8584810947470674,,,,,roc_auc,0.8327393147945239,0.8118407130241394,0.4288988709449768,0.8327393147945239,,,,,roc_auc,0.8252367628358943,0.8020408153533936,0.4310751259326935,0.8252367628358943,,,,
tolokers,SAGE,3,512,3e-05,8,950,roc_auc,0.8651618168090861,0.823609471321106,0.3909519910812378,0.8651618168090861,,,,,roc_auc,0.8213423053893435,0.7999319434165955,0.4697549641132355,0.8213423053893435,,,,,roc_auc,0.8242125754753558,0.7986394762992859,0.46652135252952576,0.8242125754753558,,,,
tolokers,SAGE,4,512,3e-05,0,760,roc_auc,0.8684217934603067,0.8249702453613281,0.3714978098869324,0.8684217934603067,,,,,roc_auc,0.8359836743339185,0.808438241481781,0.4187154471874237,0.8359836743339185,,,,,roc_auc,0.8299086433008251,0.8085033893585205,0.4223492443561554,0.8299086433008251,,,,
tolokers,SAGE,3,512,3e-05,9,1110,roc_auc,0.8690034778963306,0.8305834531784058,0.3673073947429657,0.8690034778963306,,,,,roc_auc,0.8253999611681595,0.8050357103347778,0.44471994042396545,0.8253999611681595,,,,,roc_auc,0.8290762792513604,0.8030612468719482,0.4345695674419403,0.8290762792513604,,,,
tolokers,SAGE,4,512,3e-05,2,410,roc_auc,0.8401155533938827,0.8014968633651733,0.3929644525051117,0.8401155533938827,,,,,roc_auc,0.8087396080699624,0.795508623123169,0.42165571451187134,0.8087396080699624,,,,,roc_auc,0.8214362211214412,0.8047618865966797,0.4066075086593628,0.8214362211214412,,,,
tolokers,SAGE,4,512,3e-05,1,860,roc_auc,0.8647855025923115,0.8232693076133728,0.3595007061958313,0.8647855025923115,,,,,roc_auc,0.8234040588777599,0.8006124496459961,0.4374525547027588,0.8234040588777599,,,,,roc_auc,0.8284340439607515,0.809183657169342,0.42092230916023254,0.8284340439607515,,,,
tolokers,SAGE,4,512,3e-05,3,910,roc_auc,0.8613817159114265,0.8188467621803284,0.3881314992904663,0.8613817159114265,,,,,roc_auc,0.8273496997321146,0.8057162165641785,0.4403717815876007,0.8273496997321146,,,,,roc_auc,0.8310782232416648,0.8105442523956299,0.44242966175079346,0.8310782232416648,,,,
tolokers,SAGE,4,512,3e-05,4,1030,roc_auc,0.870927615392286,0.8278619050979614,0.3651887774467468,0.870927615392286,,,,,roc_auc,0.8313191013280218,0.8087784647941589,0.42885836958885193,0.8313191013280218,,,,,roc_auc,0.8351648053705105,0.8081632852554321,0.42882969975471497,0.8351648053705105,,,,
tolokers,SAGE,4,512,3e-05,5,880,roc_auc,0.8664636537108754,0.8275216817855835,0.37865838408470154,0.8664636537108754,,,,,roc_auc,0.845631893160844,0.8063967227935791,0.42873072624206543,0.845631893160844,,,,,roc_auc,0.8262277369729605,0.8037415146827698,0.4409058392047882,0.8262277369729605,,,,
tolokers,SAGE,4,512,3e-05,6,980,roc_auc,0.876039994111929,0.8287124037742615,0.380648672580719,0.876039994111929,,,,,roc_auc,0.8322892184616888,0.8070772290229797,0.4578736424446106,0.8322892184616888,,,,,roc_auc,0.8311765072703068,0.8108843564987183,0.44814765453338623,0.8311765072703068,,,,
tolokers,SAGE,4,512,3e-05,7,600,roc_auc,0.8564552048716326,0.8213981986045837,0.3751882016658783,0.8564552048716326,,,,,roc_auc,0.8317664821475365,0.8108199834823608,0.4200490713119507,0.8317664821475365,,,,,roc_auc,0.8246443473804934,0.8010204434394836,0.42014214396476746,0.8246443473804934,,,,
tolokers,SAGE,4,512,3e-05,8,490,roc_auc,0.8454128670632296,0.8127232789993286,0.3839697241783142,0.8454128670632296,,,,,roc_auc,0.821797832748819,0.800952672958374,0.41375255584716797,0.821797832748819,,,,,roc_auc,0.8252943776113051,0.8037415146827698,0.41427770256996155,0.8252943776113051,,,,
tolokers,SAGE,4,512,3e-05,9,1220,roc_auc,0.8679233763881566,0.8268412947654724,0.39874398708343506,0.8679233763881566,,,,,roc_auc,0.8242811696802076,0.8036746978759766,0.482881098985672,0.8242811696802076,,,,,roc_auc,0.8257502121579379,0.8030612468719482,0.47832190990448,0.8257502121579379,,,,
tolokers,SAGE,5,512,3e-05,0,740,roc_auc,0.867557067822031,0.8271815180778503,0.36722883582115173,0.867557067822031,,,,,roc_auc,0.8340142482983914,0.8033344149589539,0.41420286893844604,0.8340142482983914,,,,,roc_auc,0.828355077827394,0.8071428537368774,0.41898247599601746,0.828355077827394,,,,
tolokers,SAGE,5,512,3e-05,2,470,roc_auc,0.8494030018308645,0.8101718425750732,0.3839401602745056,0.8494030018308645,,,,,roc_auc,0.8092419780342126,0.7972099184989929,0.42838814854621887,0.8092419780342126,,,,,roc_auc,0.8285580851831065,0.8125850558280945,0.40594515204429626,0.8285580851831065,,,,
tolokers,SAGE,5,512,3e-05,1,860,roc_auc,0.8631845984885025,0.8195271492004395,0.37320616841316223,0.8631845984885025,,,,,roc_auc,0.8249709100635566,0.7978904247283936,0.4431293308734894,0.8249709100635566,,,,,roc_auc,0.8295104235296032,0.8068027496337891,0.4278794527053833,0.8295104235296032,,,,
tolokers,SAGE,5,512,3e-05,3,1110,roc_auc,0.869853619026881,0.8232693076133728,0.39289209246635437,0.869853619026881,,,,,roc_auc,0.8257142818349811,0.8063967227935791,0.47387638688087463,0.8257142818349811,,,,,roc_auc,0.8267300022503653,0.8122448921203613,0.47961369156837463,0.8267300022503653,,,,
tolokers,SAGE,5,512,3e-05,4,970,roc_auc,0.8714858967810296,0.8300731778144836,0.3495044708251953,0.8714858967810296,,,,,roc_auc,0.8322281194119827,0.8033344149589539,0.41250863671302795,0.8322281194119827,,,,,roc_auc,0.8336681768516034,0.8081632852554321,0.4129412770271301,0.8336681768516034,,,,
tolokers,SAGE,5,512,3e-05,5,760,roc_auc,0.8625000593555546,0.815444827079773,0.39024361968040466,0.8625000593555546,,,,,roc_auc,0.8427887507145193,0.800952672958374,0.4322335124015808,0.8427887507145193,,,,,roc_auc,0.8240485428206568,0.7996598482131958,0.44355589151382446,0.8240485428206568,,,,
tolokers,SAGE,5,512,3e-05,6,1100,roc_auc,0.8816409538403723,0.8321143388748169,0.3500480055809021,0.8816409538403723,,,,,roc_auc,0.8341425563027743,0.8074174523353577,0.4322303533554077,0.8341425563027743,,,,,roc_auc,0.8348787649561179,0.8098639845848083,0.42429879307746887,0.8348787649561179,,,,
tolokers,SAGE,5,512,3e-05,7,630,roc_auc,0.8504448614030838,0.8191869258880615,0.39099884033203125,0.8504448614030838,,,,,roc_auc,0.8303435531677142,0.8060564398765564,0.43243351578712463,0.8303435531677142,,,,,roc_auc,0.8232724379048284,0.7986394762992859,0.4302702844142914,0.8232724379048284,,,,
tolokers,SAGE,5,512,3e-05,8,650,roc_auc,0.8600412978990846,0.825310468673706,0.3653568923473358,0.8600412978990846,,,,,roc_auc,0.8277902917683286,0.8074174523353577,0.42401617765426636,0.8277902917683286,,,,,roc_auc,0.8320515740356643,0.8051020503044128,0.41617316007614136,0.8320515740356643,,,,
tolokers,GAT,1,512,3e-05,0,840,roc_auc,0.8405156946261854,0.8098316192626953,0.38576313853263855,0.8405156946261854,,,,,roc_auc,0.8017885728483969,0.7941476702690125,0.4277852773666382,0.8017885728483969,,,,,roc_auc,0.8044920545835603,0.7877551317214966,0.42156147956848145,0.8044920545835603,,,,
tolokers,SAGE,5,512,3e-05,9,850,roc_auc,0.868128916194705,0.8290525674819946,0.35762324929237366,0.868128916194705,,,,,roc_auc,0.8274230185917619,0.8053759336471558,0.4240400195121765,0.8274230185917619,,,,,roc_auc,0.8300902992985909,0.8040816187858582,0.42004457116127014,0.8300902992985909,,,,
tolokers,GAT,1,512,3e-05,1,2070,roc_auc,0.8574673018728545,0.8198673129081726,0.3644682765007019,0.8574673018728545,,,,,roc_auc,0.8193525130039145,0.7972099184989929,0.4287777841091156,0.8193525130039145,,,,,roc_auc,0.8120009543718093,0.8034013509750366,0.43388473987579346,0.8120009543718093,,,,
tolokers,GAT,1,512,3e-05,3,1210,roc_auc,0.8532803610445764,0.8140840530395508,0.3686344623565674,0.8532803610445764,,,,,roc_auc,0.8113580417890345,0.7781558036804199,0.41953933238983154,0.8113580417890345,,,,,roc_auc,0.819501381398968,0.8010204434394836,0.4163190722465515,0.819501381398968,,,,
tolokers,GAT,1,512,3e-05,2,1990,roc_auc,0.8809839726435337,0.8368770480155945,0.33673974871635437,0.8809839726435337,,,,,roc_auc,0.7994043521531984,0.7842803597450256,0.4513542950153351,0.7994043521531984,,,,,roc_auc,0.8256407440846572,0.8006802797317505,0.41412392258644104,0.8256407440846572,,,,
tolokers,GAT,1,512,3e-05,4,1400,roc_auc,0.8620955088534747,0.8215683102607727,0.3595510721206665,0.8620955088534747,,,,,roc_auc,0.808394058999958,0.795508623123169,0.4314649999141693,0.808394058999958,,,,,roc_auc,0.8185880177534847,0.7972789406776428,0.42536282539367676,0.8185880177534847,,,,
tolokers,GAT,1,512,3e-05,5,2370,roc_auc,0.8807693599164816,0.8353461623191833,0.34456494450569153,0.8807693599164816,,,,,roc_auc,0.8358010560631303,0.8060564398765564,0.4135003089904785,0.8358010560631303,,,,,roc_auc,0.7941098720545293,0.7914966344833374,0.45979568362236023,0.7941098720545293,,,,
tolokers,GAT,1,512,3e-05,6,2120,roc_auc,0.8760362631913481,0.8295628428459167,0.3494483530521393,0.8760362631913481,,,,,roc_auc,0.8152880684417978,0.806736946105957,0.4299761652946472,0.8152880684417978,,,,,roc_auc,0.8152727957942569,0.7969387769699097,0.4204052686691284,0.8152727957942569,,,,
tolokers,GAT,1,512,3e-05,7,1130,roc_auc,0.8566736333129151,0.8174859881401062,0.3691614270210266,0.8566736333129151,,,,,roc_auc,0.8201725980266363,0.8053759336471558,0.41311582922935486,0.8201725980266363,,,,,roc_auc,0.8048187642511841,0.7921769022941589,0.4370400309562683,0.8048187642511841,,,,
tolokers,GAT,1,512,3e-05,8,1750,roc_auc,0.8727078580649275,0.8230991959571838,0.36594316363334656,0.8727078580649275,,,,,roc_auc,0.8129934596861681,0.7995916604995728,0.4444434940814972,0.8129934596861681,,,,,roc_auc,0.808709456143633,0.7952380776405334,0.44568926095962524,0.808709456143633,,,,
tolokers,GAT,1,512,3e-05,9,1540,roc_auc,0.8523266020742561,0.8181663751602173,0.37192660570144653,0.8523266020742561,,,,,roc_auc,0.8061992453588482,0.7900646328926086,0.4256882071495056,0.8061992453588482,,,,,roc_auc,0.8201981812709953,0.8010204434394836,0.4062424600124359,0.8201981812709953,,,,
tolokers,GAT,2,512,3e-05,0,740,roc_auc,0.8725280107341978,0.8348358869552612,0.3650650680065155,0.8725280107341978,,,,,roc_auc,0.8331710814124472,0.8138822317123413,0.4210844039916992,0.8331710814124472,,,,,roc_auc,0.8363675985348223,0.8176870942115784,0.4150310158729553,0.8363675985348223,,,,
tolokers,GAT,2,512,3e-05,1,1060,roc_auc,0.8682562762563535,0.83245450258255,0.3612930476665497,0.8682562762563535,,,,,roc_auc,0.840655715001446,0.81252121925354,0.41261717677116394,0.840655715001446,,,,,roc_auc,0.841326197235033,0.8190476298332214,0.40450552105903625,0.841326197235033,,,,
tolokers,GAT,2,512,3e-05,2,1370,roc_auc,0.8954868240843812,0.8515053987503052,0.3261171877384186,0.8954868240843812,,,,,roc_auc,0.8237625066360356,0.8057162165641785,0.4400612711906433,0.8237625066360356,,,,,roc_auc,0.8455219085267156,0.8159863948822021,0.4094650149345398,0.8455219085267156,,,,
tolokers,GAT,2,512,3e-05,3,1480,roc_auc,0.8903277240638273,0.8453818559646606,0.34230130910873413,0.8903277240638273,,,,,roc_auc,0.8364602469216261,0.8111602067947388,0.4314822852611542,0.8364602469216261,,,,,roc_auc,0.8442293040948515,0.8193877935409546,0.42562419176101685,0.8442293040948515,,,,
tolokers,GAT,2,512,3e-05,4,1770,roc_auc,0.914492387904491,0.8620513677597046,0.2930627465248108,0.914492387904491,,,,,roc_auc,0.8354249574682726,0.8115004897117615,0.455459326505661,0.8354249574682726,,,,,roc_auc,0.846972445225294,0.8214285969734192,0.430869996547699,0.846972445225294,,,,
tolokers,GAT,2,512,3e-05,5,1180,roc_auc,0.8855391722918773,0.8431706428527832,0.33753877878189087,0.8855391722918773,,,,,roc_auc,0.8529074322241819,0.8169445395469666,0.39348191022872925,0.8529074322241819,,,,,roc_auc,0.8277053865070262,0.800000011920929,0.4281700849533081,0.8277053865070262,,,,
tolokers,GAT,2,512,3e-05,6,1280,roc_auc,0.8945463777170428,0.848953902721405,0.3315373659133911,0.8945463777170428,,,,,roc_auc,0.8450480577969857,0.8189859986305237,0.409574419260025,0.8450480577969857,,,,,roc_auc,0.8381384056025963,0.809183657169342,0.4206557869911194,0.8381384056025963,,,,
tolokers,GAT,2,512,3e-05,7,1190,roc_auc,0.8769555959399443,0.831774115562439,0.37708935141563416,0.8769555959399443,,,,,roc_auc,0.8472639166663272,0.8244300484657288,0.4249703884124756,0.8472639166663272,,,,,roc_auc,0.8323569323453416,0.8193877935409546,0.44459718465805054,0.8323569323453416,,,,
tolokers,GAT,2,512,3e-05,8,1240,roc_auc,0.8825938648741967,0.8436809182167053,0.3467528223991394,0.8825938648741967,,,,,roc_auc,0.8342002609608301,0.818305492401123,0.4278077185153961,0.8342002609608301,,,,,roc_auc,0.8438754815917403,0.8122448921203613,0.41435056924819946,0.8438754815917403,,,,
tolokers,GAT,2,512,3e-05,9,1360,roc_auc,0.8844511849742941,0.8436809182167053,0.34741950035095215,0.8844511849742941,,,,,roc_auc,0.8260394645550835,0.8121809959411621,0.4455190896987915,0.8260394645550835,,,,,roc_auc,0.8346039085863638,0.8122448921203613,0.43471720814704895,0.8346039085863638,,,,
tolokers,GAT,3,512,3e-05,1,1160,roc_auc,0.8743732901360566,0.8404490947723389,0.3613731563091278,0.8743732901360566,,,,,roc_auc,0.8481953377351803,0.8138822317123413,0.4161413013935089,0.8481953377351803,,,,,roc_auc,0.8456703513010095,0.8139455914497375,0.42167121171951294,0.8456703513010095,,,,
tolokers,GAT,3,512,3e-05,0,1340,roc_auc,0.9018800108807212,0.8526960611343384,0.3231281340122223,0.9018800108807212,,,,,roc_auc,0.8385281103150131,0.8094589710235596,0.43656685948371887,0.8385281103150131,,,,,roc_auc,0.8378276247258215,0.8088435530662537,0.44092071056365967,0.8378276247258215,,,,
tolokers,GAT,3,512,3e-05,3,1030,roc_auc,0.8727966370160234,0.8213981986045837,0.37190887331962585,0.8727966370160234,,,,,roc_auc,0.8343584396117358,0.7931268811225891,0.43455198407173157,0.8343584396117358,,,,,roc_auc,0.8456018913914036,0.8102040886878967,0.418051540851593,0.8456018913914036,,,,
tolokers,GAT,3,512,3e-05,2,1260,roc_auc,0.8916054795691395,0.8453818559646606,0.34449946880340576,0.8916054795691395,,,,,roc_auc,0.8217890073305282,0.7999319434165955,0.48053428530693054,0.8217890073305282,,,,,roc_auc,0.8404917997229067,0.8115646243095398,0.45654213428497314,0.8404917997229067,,,,
tolokers,GAT,3,512,3e-05,4,1180,roc_auc,0.89656005730694,0.8520156741142273,0.33126986026763916,0.89656005730694,,,,,roc_auc,0.8364928330814695,0.8091187477111816,0.4594966471195221,0.8364928330814695,,,,,roc_auc,0.8505276157785858,0.8217687010765076,0.44061678647994995,0.8505276157785858,,,,
tolokers,GAT,3,512,3e-05,5,1680,roc_auc,0.911653072548768,0.8690253496170044,0.30363547801971436,0.911653072548768,,,,,roc_auc,0.8562033865166617,0.8149030208587646,0.4444724917411804,0.8562033865166617,,,,,roc_auc,0.8297408826312463,0.8040816187858582,0.49153056740760803,0.8297408826312463,,,,
tolokers,GAT,3,512,3e-05,6,1080,roc_auc,0.8780584221462019,0.8460623025894165,0.3662015199661255,0.8780584221462019,,,,,roc_auc,0.8432775431121683,0.8230690360069275,0.4363613426685333,0.8432775431121683,,,,,roc_auc,0.8355335399331397,0.8149660229682922,0.44646087288856506,0.8355335399331397,,,,
tolokers,GAT,3,512,3e-05,7,1170,roc_auc,0.8917022291232948,0.8472529649734497,0.36630043387413025,0.8917022291232948,,,,,roc_auc,0.855007202899082,0.8230690360069275,0.4494771361351013,0.855007202899082,,,,,roc_auc,0.8305563011585315,0.811904788017273,0.482201486825943,0.8305563011585315,,,,
tolokers,GAT,3,512,3e-05,8,840,roc_auc,0.8678878478489885,0.8297329545021057,0.365301251411438,0.8678878478489885,,,,,roc_auc,0.8320855549626686,0.8060564398765564,0.43095582723617554,0.8320855549626686,,,,,roc_auc,0.8379167581724865,0.8122448921203613,0.4139050543308258,0.8379167581724865,,,,
tolokers,GAT,3,512,3e-05,9,1600,roc_auc,0.9012386317154026,0.8586494326591492,0.3255062699317932,0.9012386317154026,,,,,roc_auc,0.8336558005401156,0.8159237504005432,0.47708240151405334,0.8336558005401156,,,,,roc_auc,0.8423269997749634,0.8136054277420044,0.45969530940055847,0.8423269997749634,,,,
tolokers,GAT,4,512,3e-05,0,860,roc_auc,0.877166392952766,0.8395985960960388,0.3558022379875183,0.877166392952766,,,,,roc_auc,0.8364005056285803,0.8152432441711426,0.4191984236240387,0.8364005056285803,,,,,roc_auc,0.8344812230057832,0.8105442523956299,0.4259626269340515,0.8344812230057832,,,,
tolokers,GAT,4,512,3e-05,1,1000,roc_auc,0.8772143861584204,0.8389182090759277,0.35927078127861023,0.8772143861584204,,,,,roc_auc,0.8387928728637396,0.8087784647941589,0.4360481798648834,0.8387928728637396,,,,,roc_auc,0.842898741693305,0.8088435530662537,0.4349488914012909,0.842898741693305,,,,
tolokers,GAT,4,512,3e-05,2,1090,roc_auc,0.8923380967013914,0.8458921909332275,0.3395695388317108,0.8923380967013914,,,,,roc_auc,0.8205150921441557,0.7975501418113708,0.47064515948295593,0.8205150921441557,,,,,roc_auc,0.8385247635082925,0.8071428537368774,0.4464195966720581,0.8385247635082925,,,,
tolokers,GAT,4,512,3e-05,3,1590,roc_auc,0.9020531595131351,0.8508250117301941,0.33347055315971375,0.9020531595131351,,,,,roc_auc,0.8317637666342163,0.7941476702690125,0.46682846546173096,0.8317637666342163,,,,,roc_auc,0.8411472525208159,0.8098639845848083,0.45970386266708374,0.8411472525208159,,,,
tolokers,GAT,4,512,3e-05,4,1300,roc_auc,0.8986174904200134,0.8520156741142273,0.3312285840511322,0.8986174904200134,,,,,roc_auc,0.8389653079595768,0.8074174523353577,0.47717204689979553,0.8389653079595768,,,,,roc_auc,0.8459326679843506,0.8241496682167053,0.4644964933395386,0.8459326679843506,,,,
tolokers,GAT,4,512,3e-05,5,1240,roc_auc,0.8912700358914559,0.840959370136261,0.3511604368686676,0.8912700358914559,,,,,roc_auc,0.8551721703332885,0.8012929558753967,0.43951109051704407,0.8551721703332885,,,,,roc_auc,0.8324081078223242,0.7846938967704773,0.4778587818145752,0.8324081078223242,,,,
tolokers,GAT,4,512,3e-05,6,1180,roc_auc,0.8971246134257517,0.8555877208709717,0.33801260590553284,0.8971246134257517,,,,,roc_auc,0.8451919800029599,0.8210275173187256,0.4502406418323517,0.8451919800029599,,,,,roc_auc,0.8329910337853043,0.8088435530662537,0.4728469252586365,0.8329910337853043,,,,
tolokers,GAT,4,512,3e-05,8,600,roc_auc,0.8494817751313115,0.8185065388679504,0.38806623220443726,0.8494817751313115,,,,,roc_auc,0.8262825029972478,0.8036746978759766,0.4363894462585449,0.8262825029972478,,,,,roc_auc,0.8315926892950393,0.8071428537368774,0.41860318183898926,0.8315926892950393,,,,
tolokers,GAT,4,512,3e-05,7,1410,roc_auc,0.9098234799720791,0.8593298196792603,0.3090367615222931,0.9098234799720791,,,,,roc_auc,0.849509646182192,0.8189859986305237,0.44246986508369446,0.849509646182192,,,,,roc_auc,0.8291755800113333,0.7959184050559998,0.4746532142162323,0.8291755800113333,,,,
tolokers,GAT,4,512,3e-05,9,880,roc_auc,0.874982617301839,0.824459969997406,0.3755626380443573,0.874982617301839,,,,,roc_auc,0.8240822583294977,0.7853010892868042,0.4734715521335602,0.8240822583294977,,,,,roc_auc,0.8379435320975303,0.7901360392570496,0.4470351040363312,0.8379435320975303,,,,
tolokers,GAT,5,512,3e-05,0,1250,roc_auc,0.9160383457233814,0.8608607053756714,0.3042111396789551,0.9160383457233814,,,,,roc_auc,0.8351635893111965,0.795168399810791,0.46577394008636475,0.8351635893111965,,,,,roc_auc,0.8368495291856117,0.788095235824585,0.4715766906738281,0.8368495291856117,,,,
tolokers,GAT,5,512,3e-05,1,1040,roc_auc,0.8812342834970529,0.8455519676208496,0.35041600465774536,0.8812342834970529,,,,,roc_auc,0.8436801179618986,0.818305492401123,0.42470818758010864,0.8436801179618986,,,,,roc_auc,0.8459543582527405,0.811904788017273,0.42281877994537354,0.8459543582527405,,,,
tolokers,GAT,5,512,3e-05,3,670,roc_auc,0.8477150146489509,0.7902704477310181,0.4173825681209564,0.8477150146489509,,,,,roc_auc,0.8228894691035683,0.7750935554504395,0.44923675060272217,0.8228894691035683,,,,,roc_auc,0.843175292615277,0.7884353995323181,0.41920486092567444,0.843175292615277,,,,
tolokers,GAT,5,512,3e-05,2,1290,roc_auc,0.9129166675146032,0.8588195443153381,0.3029067814350128,0.9129166675146032,,,,,roc_auc,0.8207401403105732,0.7904048562049866,0.4695427119731903,0.8207401403105732,,,,,roc_auc,0.8371420088984327,0.8037415146827698,0.4455074965953827,0.8371420088984327,,,,
tolokers,GAT,5,512,3e-05,4,1220,roc_auc,0.8985332055323447,0.8470828533172607,0.3351829946041107,0.8985332055323447,,,,,roc_auc,0.8339443238303945,0.7965294122695923,0.48789873719215393,0.8339443238303945,,,,,roc_auc,0.8414617614124702,0.811904788017273,0.4681210517883301,0.8414617614124702,,,,
tolokers,GAT,5,512,3e-05,5,1190,roc_auc,0.890288295016779,0.8360265493392944,0.3713896870613098,0.890288295016779,,,,,roc_auc,0.8576955610861511,0.8002721667289734,0.4601806402206421,0.8576955610861511,,,,,roc_auc,0.8326799139980857,0.7891156673431396,0.5007014274597168,0.8326799139980857,,,,
tolokers,GAT,5,512,3e-05,7,770,roc_auc,0.8691159142756554,0.8280320167541504,0.3635335862636566,0.8691159142756554,,,,,roc_auc,0.8348519841576952,0.8097992539405823,0.41034916043281555,0.8348519841576952,,,,,roc_auc,0.8179047742992009,0.7850340008735657,0.4385412633419037,0.8179047742992009,,,,
tolokers,GAT,5,512,3e-05,6,1210,roc_auc,0.907175543883427,0.8622214794158936,0.31211185455322266,0.907175543883427,,,,,roc_auc,0.842883114802399,0.8230690360069275,0.44363299012184143,0.842883114802399,,,,,roc_auc,0.8419247130784185,0.8098639845848083,0.4488309621810913,0.8419247130784185,,,,
tolokers,GAT,5,512,3e-05,8,530,roc_auc,0.8405467291019267,0.7861881256103516,0.4112519919872284,0.8405467291019267,,,,,roc_auc,0.8171868911309976,0.7682884931564331,0.45542529225349426,0.8171868911309976,,,,,roc_auc,0.8257132709195861,0.781632661819458,0.4341243505477905,0.8257132709195861,,,,
tolokers,GAT-sep,1,512,3e-05,0,610,roc_auc,0.8325613719476831,0.8038782477378845,0.3934086859226227,0.8325613719476831,,,,,roc_auc,0.8044735366438156,0.7968696355819702,0.4296259880065918,0.8044735366438156,,,,,roc_auc,0.8002821090532468,0.7891156673431396,0.4267030954360962,0.8002821090532468,,,,
tolokers,GAT,5,512,3e-05,9,1360,roc_auc,0.9171167513585639,0.8620513677597046,0.30797111988067627,0.9171167513585639,,,,,roc_auc,0.8280550543170552,0.7873426079750061,0.5196393728256226,0.8280550543170552,,,,,roc_auc,0.840337595471072,0.7911564707756042,0.4907946288585663,0.840337595471072,,,,
tolokers,GAT-sep,1,512,3e-05,1,530,roc_auc,0.8196011713733926,0.7977547645568848,0.40777865052223206,0.8196011713733926,,,,,roc_auc,0.8126451951028432,0.7961891293525696,0.420506089925766,0.8126451951028432,,,,,roc_auc,0.8045435689709867,0.7986394762992859,0.4219309389591217,0.8045435689709867,,,,
tolokers,GAT-sep,1,512,3e-05,2,1060,roc_auc,0.8715905321445943,0.8265011310577393,0.35093948245048523,0.8715905321445943,,,,,roc_auc,0.8006799645353961,0.7934671640396118,0.44232621788978577,0.8006799645353961,,,,,roc_auc,0.8244525240694196,0.8112245202064514,0.4064343273639679,0.8244525240694196,,,,
tolokers,GAT-sep,1,512,3e-05,3,1720,roc_auc,0.8950302102814673,0.8445314168930054,0.3213377296924591,0.8950302102814673,,,,,roc_auc,0.8149493081550939,0.7965294122695923,0.44116300344467163,0.8149493081550939,,,,,roc_auc,0.8231141667276707,0.8047618865966797,0.4445553421974182,0.8231141667276707,,,,
tolokers,GAT-sep,1,512,3e-05,4,1310,roc_auc,0.8915421387129139,0.8455519676208496,0.3230159282684326,0.8915421387129139,,,,,roc_auc,0.8058136424673696,0.7917658686637878,0.45381495356559753,0.8058136424673696,,,,,roc_auc,0.8231775429806224,0.7952380776405334,0.4411699175834656,0.8231775429806224,,,,
tolokers,GAT-sep,1,512,3e-05,5,1050,roc_auc,0.8733658567855609,0.8343256115913391,0.34796789288520813,0.8733658567855609,,,,,roc_auc,0.8351140311931016,0.8087784647941589,0.40580615401268005,0.8351140311931016,,,,,roc_auc,0.7973471446117306,0.7823129296302795,0.4464247524738312,0.7973471446117306,,,,
tolokers,GAT-sep,1,512,3e-05,6,1590,roc_auc,0.8832343961030197,0.8360265493392944,0.3451491594314575,0.8832343961030197,,,,,roc_auc,0.8135616808484349,0.7961891293525696,0.4462321400642395,0.8135616808484349,,,,,roc_auc,0.8068661222409301,0.7904762029647827,0.4532739818096161,0.8068661222409301,,,,
tolokers,GAT-sep,1,512,3e-05,7,1230,roc_auc,0.8732701247552007,0.8248001337051392,0.35735559463500977,0.8732701247552007,,,,,roc_auc,0.8117436446805131,0.7972099184989929,0.44036486744880676,0.8117436446805131,,,,,roc_auc,0.8004617315883512,0.7901360392570496,0.4526248574256897,0.8004617315883512,,,,
tolokers,GAT-sep,1,512,3e-05,8,930,roc_auc,0.8435922626133946,0.8157849907875061,0.3795555531978607,0.8435922626133946,,,,,roc_auc,0.8128780503700566,0.800952672958374,0.42136427760124207,0.8128780503700566,,,,,roc_auc,0.8116064626154669,0.7979592084884644,0.41931551694869995,0.8116064626154669,,,,
tolokers,GAT-sep,1,512,3e-05,9,1230,roc_auc,0.8725849920667063,0.8322843909263611,0.3485177159309387,0.8725849920667063,,,,,roc_auc,0.797980744295046,0.7846205830574036,0.44624850153923035,0.797980744295046,,,,,roc_auc,0.8157631992061362,0.8020408153533936,0.41540977358818054,0.8157631992061362,,,,
tolokers,GAT-sep,2,512,3e-05,0,530,roc_auc,0.8723428214035451,0.8321143388748169,0.36249855160713196,0.8723428214035451,,,,,roc_auc,0.8295567331831655,0.8050357103347778,0.4271824061870575,0.8295567331831655,,,,,roc_auc,0.8312256492846278,0.801360547542572,0.42144301533699036,0.8312256492846278,,,,
tolokers,GAT-sep,2,512,3e-05,1,660,roc_auc,0.8684446877456897,0.8270114064216614,0.3616805374622345,0.8684446877456897,,,,,roc_auc,0.838686967844249,0.802653968334198,0.41705265641212463,0.838686967844249,,,,,roc_auc,0.8427136965911031,0.8125850558280945,0.40267232060432434,0.8427136965911031,,,,
tolokers,GAT-sep,2,512,3e-05,2,500,roc_auc,0.8702317139102964,0.8276917934417725,0.3577022850513458,0.8702317139102964,,,,,roc_auc,0.821558188698305,0.8006124496459961,0.42860352993011475,0.821558188698305,,,,,roc_auc,0.8420873900913431,0.8166666626930237,0.4016773998737335,0.8420873900913431,,,,
tolokers,GAT-sep,2,512,3e-05,3,900,roc_auc,0.8815704055239332,0.8370471596717834,0.3455510437488556,0.8815704055239332,,,,,roc_auc,0.8332858118502285,0.795508623123169,0.4255196452140808,0.8332858118502285,,,,,roc_auc,0.8369637420051027,0.8112245202064514,0.42123156785964966,0.8369637420051027,,,,
tolokers,GAT-sep,2,512,3e-05,4,760,roc_auc,0.8852896245812042,0.8394284844398499,0.3371026813983917,0.8852896245812042,,,,,roc_auc,0.8336958543615897,0.8036746978759766,0.42475542426109314,0.8336958543615897,,,,,roc_auc,0.8395638629283491,0.8098639845848083,0.4200698137283325,0.8395638629283491,,,,
tolokers,GAT-sep,2,512,3e-05,5,830,roc_auc,0.883914865140788,0.8436809182167053,0.3471226990222931,0.883914865140788,,,,,roc_auc,0.8525890382873801,0.8172847628593445,0.40756940841674805,0.8525890382873801,,,,,roc_auc,0.8235628841549879,0.7931972742080688,0.4515799582004547,0.8235628841549879,,,,
tolokers,GAT-sep,2,512,3e-05,6,810,roc_auc,0.8993584173299226,0.8535465598106384,0.3255683183670044,0.8993584173299226,,,,,roc_auc,0.8453664517337872,0.8036746978759766,0.4308237135410309,0.8453664517337872,,,,,roc_auc,0.8397516193140994,0.801360547542572,0.43883591890335083,0.8397516193140994,,,,
tolokers,GAT-sep,2,512,3e-05,7,420,roc_auc,0.8564146735071402,0.8195271492004395,0.3777647614479065,0.8564146735071402,,,,,roc_auc,0.8432178018191223,0.8152432441711426,0.4014175236225128,0.8432178018191223,,,,,roc_auc,0.8202222439124905,0.793537437915802,0.43455496430397034,0.8202222439124905,,,,
tolokers,GAT-sep,2,512,3e-05,8,540,roc_auc,0.8598901956155579,0.8241197466850281,0.3721331059932709,0.8598901956155579,,,,,roc_auc,0.828522801486472,0.8029941916465759,0.42429396510124207,0.828522801486472,,,,,roc_auc,0.8420121519728655,0.809183657169342,0.40219250321388245,0.8420121519728655,,,,
tolokers,GAT-sep,3,512,3e-05,0,270,roc_auc,0.8487176147614213,0.8055791854858398,0.40082117915153503,0.8487176147614213,,,,,roc_auc,0.8312580022783158,0.8040149211883545,0.4294443428516388,0.8312580022783158,,,,,roc_auc,0.8304142976826661,0.7942177057266235,0.428940087556839,0.8304142976826661,,,,
tolokers,GAT-sep,2,512,3e-05,9,660,roc_auc,0.8789630007997737,0.8346657752990723,0.35054856538772583,0.8789630007997737,,,,,roc_auc,0.8340468344582348,0.8087784647941589,0.4325522184371948,0.8340468344582348,,,,,roc_auc,0.8415908862914792,0.8003401756286621,0.4125269055366516,0.8415908862914792,,,,
tolokers,GAT-sep,3,512,3e-05,2,320,roc_auc,0.8479823690260331,0.807960569858551,0.3902459442615509,0.8479823690260331,,,,,roc_auc,0.8251039702162498,0.795508623123169,0.424426794052124,0.8251039702162498,,,,,roc_auc,0.8396635025987653,0.8136054277420044,0.40655335783958435,0.8396635025987653,,,,
tolokers,GAT-sep,3,512,3e-05,1,430,roc_auc,0.8515353077365048,0.8156149387359619,0.40953460335731506,0.8515353077365048,,,,,roc_auc,0.8431085024079815,0.8104797005653381,0.4281814396381378,0.8431085024079815,,,,,roc_auc,0.8371162517047196,0.8003401756286621,0.44184836745262146,0.8371162517047196,,,,
tolokers,GAT-sep,3,512,3e-05,4,340,roc_auc,0.8556540744705315,0.815104603767395,0.38407188653945923,0.8556540744705315,,,,,roc_auc,0.8322050375487604,0.7989111542701721,0.42080000042915344,0.8322050375487604,,,,,roc_auc,0.846283779203913,0.8074830174446106,0.4006044566631317,0.846283779203913,,,,
tolokers,GAT-sep,3,512,3e-05,3,520,roc_auc,0.8622625523431198,0.7969042658805847,0.414890319108963,0.8622625523431198,,,,,roc_auc,0.8324847354207483,0.7788363099098206,0.4644310474395752,0.8324847354207483,,,,,roc_auc,0.8454581933633201,0.7969387769699097,0.4372430741786957,0.8454581933633201,,,,
tolokers,GAT-sep,3,512,3e-05,6,500,roc_auc,0.8609019534421811,0.8011566996574402,0.4091663360595703,0.8609019534421811,,,,,roc_auc,0.8415694852337174,0.7924463748931885,0.4426962733268738,0.8415694852337174,,,,,roc_auc,0.8377513698760131,0.7914966344833374,0.44978412985801697,0.8377513698760131,,,,
tolokers,GAT-sep,3,512,3e-05,5,870,roc_auc,0.8925154002226342,0.848953902721405,0.348956823348999,0.8925154002226342,,,,,roc_auc,0.8542169885228829,0.8162640333175659,0.4433478116989136,0.8542169885228829,,,,,roc_auc,0.8265334341930813,0.793537437915802,0.4912761449813843,0.8265334341930813,,,,
tolokers,GAT-sep,3,512,3e-05,7,650,roc_auc,0.875541577039779,0.8249702453613281,0.36988264322280884,0.875541577039779,,,,,roc_auc,0.8520269270300838,0.814222514629364,0.4196999967098236,0.8520269270300838,,,,,roc_auc,0.8314828823113148,0.7860544323921204,0.45341622829437256,0.8314828823113148,,,,
tolokers,GAT-sep,3,512,3e-05,8,970,roc_auc,0.8894697819175168,0.8382378220558167,0.3630259931087494,0.8894697819175168,,,,,roc_auc,0.8391628615536267,0.7975501418113708,0.48535504937171936,0.8391628615536267,,,,,roc_auc,0.8408686681361824,0.7952380776405334,0.46946224570274353,0.8408686681361824,,,,
tolokers,GAT-sep,3,512,3e-05,9,810,roc_auc,0.8876712238165689,0.8363667726516724,0.3504643142223358,0.8876712238165689,,,,,roc_auc,0.8347969950129598,0.7978904247283936,0.46538710594177246,0.8347969950129598,,,,,roc_auc,0.8496366202223794,0.8061224818229675,0.43177229166030884,0.8496366202223794,,,,
tolokers,GAT-sep,4,512,3e-05,0,780,roc_auc,0.8902481876205341,0.8443613052368164,0.36425691843032837,0.8902481876205341,,,,,roc_auc,0.8361235232699126,0.8108199834823608,0.4748479723930359,0.8361235232699126,,,,,roc_auc,0.8402271106664605,0.8064625859260559,0.461526483297348,0.8402271106664605,,,,
tolokers,GAT-sep,4,512,3e-05,1,300,roc_auc,0.843611510771846,0.8083007335662842,0.4098759591579437,0.843611510771846,,,,,roc_auc,0.8418070926492411,0.8097992539405823,0.41197502613067627,0.8418070926492411,,,,,roc_auc,0.8339914974147912,0.809183657169342,0.4256047010421753,0.8339914974147912,,,,
tolokers,GAT-sep,4,512,3e-05,2,280,roc_auc,0.8492647881820716,0.8040482997894287,0.40111687779426575,0.8492647881820716,,,,,roc_auc,0.8223422931695336,0.7829193472862244,0.44156789779663086,0.8223422931695336,,,,,roc_auc,0.8416142711120871,0.8037415146827698,0.41845545172691345,0.8416142711120871,,,,
tolokers,GAT-sep,4,512,3e-05,3,690,roc_auc,0.8653746488694971,0.7952032685279846,0.4211297035217285,0.8653746488694971,,,,,roc_auc,0.8297841574237381,0.7754337787628174,0.4784640967845917,0.8297841574237381,,,,,roc_auc,0.8457876143144927,0.7904762029647827,0.44541019201278687,0.8457876143144927,,,,
tolokers,GAT-sep,4,512,3e-05,4,380,roc_auc,0.8510660596798056,0.7911209464073181,0.41481339931488037,0.8510660596798056,,,,,roc_auc,0.8300597820257457,0.7842803597450256,0.45059216022491455,0.8300597820257457,,,,,roc_auc,0.8411275957150874,0.7914966344833374,0.43058866262435913,0.8411275957150874,,,,
tolokers,GAT-sep,4,512,3e-05,5,790,roc_auc,0.8898307484837199,0.8404490947723389,0.35645613074302673,0.8898307484837199,,,,,roc_auc,0.8555482689281462,0.8074174523353577,0.4368775486946106,0.8555482689281462,,,,,roc_auc,0.8254997573401224,0.7850340008735657,0.4884927570819855,0.8254997573401224,,,,
tolokers,GAT-sep,4,512,3e-05,6,480,roc_auc,0.865520493946751,0.8169757127761841,0.3935738503932953,0.865520493946751,,,,,roc_auc,0.843832865586164,0.7944878935813904,0.43325275182724,0.843832865586164,,,,,roc_auc,0.8398736270737929,0.7972789406776428,0.44030919671058655,0.8398736270737929,,,,
tolokers,GAT-sep,4,512,3e-05,7,600,roc_auc,0.8788024016274953,0.8283721804618835,0.359618604183197,0.8788024016274953,,,,,roc_auc,0.8501369297591748,0.8121809959411621,0.41500499844551086,0.8501369297591748,,,,,roc_auc,0.8331706563204087,0.7877551317214966,0.4390462636947632,0.8331706563204087,,,,
tolokers,GAT-sep,4,512,3e-05,8,900,roc_auc,0.9007043469294863,0.8521857857704163,0.33124932646751404,0.9007043469294863,,,,,roc_auc,0.8437412170116048,0.8135420083999634,0.4633699059486389,0.8437412170116048,,,,,roc_auc,0.8477417719322504,0.8125850558280945,0.44870299100875854,0.8477417719322504,,,,
tolokers,GAT-sep,4,512,3e-05,9,680,roc_auc,0.8796011578064087,0.8188467621803284,0.38996002078056335,0.8796011578064087,,,,,roc_auc,0.8322620633284862,0.7880231142044067,0.4927390217781067,0.8322620633284862,,,,,roc_auc,0.8438032936672549,0.7887755036354065,0.4685821533203125,0.8438032936672549,,,,
tolokers,GAT-sep,5,512,3e-05,0,260,roc_auc,0.8441278193040546,0.8062595725059509,0.41643598675727844,0.8441278193040546,,,,,roc_auc,0.8300658919307164,0.808438241481781,0.43813663721084595,0.8300658919307164,,,,,roc_auc,0.8253374192376414,0.7952380776405334,0.4413081705570221,0.8253374192376414,,,,
tolokers,GAT-sep,5,512,3e-05,1,370,roc_auc,0.849959163378369,0.8086409568786621,0.40833568572998047,0.849959163378369,,,,,roc_auc,0.8422361437538443,0.8023136854171753,0.42338576912879944,0.8422361437538443,,,,,roc_auc,0.8372599497328029,0.7952380776405334,0.43229052424430847,0.8372599497328029,,,,
tolokers,GAT-sep,5,512,3e-05,2,300,roc_auc,0.8484889262885411,0.8149345517158508,0.39379164576530457,0.8484889262885411,,,,,roc_auc,0.8250564487331452,0.8029941916465759,0.4276160001754761,0.8250564487331452,,,,,roc_auc,0.8423551293417817,0.8125850558280945,0.4064366817474365,0.8423551293417817,,,,
tolokers,GAT-sep,5,512,3e-05,4,400,roc_auc,0.8574695065077429,0.7807450294494629,0.4195820093154907,0.8574695065077429,,,,,roc_auc,0.8333513236090802,0.7676079869270325,0.46091675758361816,0.8333513236090802,,,,,roc_auc,0.8469080522410115,0.7843537330627441,0.4350774586200714,0.8469080522410115,,,,
tolokers,GAT-sep,5,512,3e-05,3,500,roc_auc,0.8667242245959921,0.7967341542243958,0.4092770218849182,0.8667242245959921,,,,,roc_auc,0.8337338715480735,0.7676079869270325,0.4561029374599457,0.8337338715480735,,,,,roc_auc,0.848544311862679,0.7931972742080688,0.43032339215278625,0.848544311862679,,,,
tolokers,GAT-sep,5,512,3e-05,5,740,roc_auc,0.8899938914654852,0.8435108065605164,0.34370288252830505,0.8899938914654852,,,,,roc_auc,0.8600546632831372,0.8162640333175659,0.40773600339889526,0.8600546632831372,,,,,roc_auc,0.83370749046306,0.7993197441101074,0.45338329672813416,0.83370749046306,,,,
tolokers,GAT-sep,5,512,3e-05,6,880,roc_auc,0.8999195817027514,0.8532063364982605,0.33968496322631836,0.8999195817027514,,,,,roc_auc,0.8471057380154213,0.8091187477111816,0.4619390070438385,0.8471057380154213,,,,,roc_auc,0.8401996589205296,0.7925170063972473,0.48704543709754944,0.8401996589205296,,,,
tolokers,GAT-sep,5,512,3e-05,7,540,roc_auc,0.8687765700900916,0.8261609077453613,0.37578845024108887,0.8687765700900916,,,,,roc_auc,0.8516304620853242,0.8128615021705627,0.411772757768631,0.8516304620853242,,,,,roc_auc,0.832410819105873,0.7952380776405334,0.4434240758419037,0.832410819105873,,,,
tolokers,GAT-sep,5,512,3e-05,8,530,roc_auc,0.8584249613510547,0.8135737776756287,0.4111187756061554,0.8584249613510547,,,,,roc_auc,0.8388838425599686,0.7938073873519897,0.45885029435157776,0.8388838425599686,,,,,roc_auc,0.8386305035666936,0.8017007112503052,0.4500535726547241,0.8386305035666936,,,,
tolokers,GT,1,512,3e-05,0,350,roc_auc,0.8210423242414191,0.7980949282646179,0.40071752667427063,0.8210423242414191,,,,,roc_auc,0.7969678578265844,0.7917658686637878,0.43047410249710083,0.7969678578265844,,,,,roc_auc,0.7862210536590127,0.7802721261978149,0.4360657334327698,0.7862210536590127,,,,
tolokers,GT,1,512,3e-05,1,380,roc_auc,0.811640065202925,0.7945228815078735,0.4072577953338623,0.811640065202925,,,,,roc_auc,0.8118610906316149,0.7958489060401917,0.4148859679698944,0.8118610906316149,,,,,roc_auc,0.7926735695945817,0.789455771446228,0.4237183630466461,0.7926735695945817,,,,
tolokers,GT,1,512,3e-05,2,430,roc_auc,0.8349971543251206,0.8088110685348511,0.389755517244339,0.8349971543251206,,,,,roc_auc,0.7931702124481846,0.7917658686637878,0.4405748248100281,0.7931702124481846,,,,,roc_auc,0.8184863446204067,0.7976190447807312,0.40286684036254883,0.8184863446204067,,,,
tolokers,GT,1,512,3e-05,3,470,roc_auc,0.8295713782766809,0.8043885231018066,0.3963911235332489,0.8295713782766809,,,,,roc_auc,0.7949441215246521,0.7883633375167847,0.43433520197868347,0.7949441215246521,,,,,roc_auc,0.8092696751068923,0.8023809790611267,0.4266956150531769,0.8092696751068923,,,,
tolokers,GT,1,512,3e-05,4,820,roc_auc,0.8575434465701648,0.8198673129081726,0.3633359968662262,0.8575434465701648,,,,,roc_auc,0.8012393602793719,0.7972099184989929,0.44393327832221985,0.8012393602793719,,,,,roc_auc,0.8185805617237256,0.800000011920929,0.4388265311717987,0.8185805617237256,,,,
tolokers,GAT-sep,5,512,3e-05,9,450,roc_auc,0.8667927378648417,0.815274715423584,0.3839108645915985,0.8667927378648417,,,,,roc_auc,0.8350746562499576,0.7975501418113708,0.44620567560195923,0.8350746562499576,,,,,roc_auc,0.845583251317006,0.7996598482131958,0.4232090711593628,0.845583251317006,,,,
tolokers,GT,1,512,3e-05,5,900,roc_auc,0.8573001735895593,0.8186766505241394,0.37225261330604553,0.8573001735895593,,,,,roc_auc,0.8230802339143174,0.7995916604995728,0.42844143509864807,0.8230802339143174,,,,,roc_auc,0.7877051424915069,0.7778911590576172,0.46754923462867737,0.7877051424915069,,,,
tolokers,GT,1,512,3e-05,6,420,roc_auc,0.8336643677412396,0.8057492971420288,0.39472314715385437,0.8336643677412396,,,,,roc_auc,0.7977682553777348,0.7914256453514099,0.4337170422077179,0.7977682553777348,,,,,roc_auc,0.7982459351081395,0.7891156673431396,0.42789721488952637,0.7982459351081395,,,,
tolokers,GT,1,512,3e-05,7,470,roc_auc,0.8364218572251312,0.8096615076065063,0.38976165652275085,0.8364218572251312,,,,,roc_auc,0.8064979518240782,0.8033344149589539,0.4219988286495209,0.8064979518240782,,,,,roc_auc,0.7951279590270831,0.787074863910675,0.43589773774147034,0.7951279590270831,,,,
tolokers,GT,1,512,3e-05,8,680,roc_auc,0.8445538225994748,0.8195271492004395,0.37964722514152527,0.8445538225994748,,,,,roc_auc,0.8104089698835995,0.795508623123169,0.4266414940357208,0.8104089698835995,,,,,roc_auc,0.801855331332406,0.7887755036354065,0.43451833724975586,0.801855331332406,,,,
tolokers,GT,1,512,3e-05,9,430,roc_auc,0.8306998121651075,0.8074502348899841,0.3936607241630554,0.8306998121651075,,,,,roc_auc,0.7855640596381036,0.776114284992218,0.4437531530857086,0.7855640596381036,,,,,roc_auc,0.806243204845606,0.7850340008735657,0.4160623848438263,0.806243204845606,,,,
tolokers,GT,2,512,3e-05,1,190,roc_auc,0.809173417937045,0.7935023307800293,0.4090172052383423,0.809173417937045,,,,,roc_auc,0.8218650417034958,0.7975501418113708,0.4019627869129181,0.8218650417034958,,,,,roc_auc,0.8098204045777311,0.7976190447807312,0.40865686535835266,0.8098204045777311,,,,
tolokers,GT,2,512,3e-05,0,690,roc_auc,0.8870889458249981,0.8341554999351501,0.36078062653541565,0.8870889458249981,,,,,roc_auc,0.8160416233881731,0.7791765928268433,0.49278825521469116,0.8160416233881731,,,,,roc_auc,0.8135236789948729,0.7727891206741333,0.5005473494529724,0.8135236789948729,,,,
tolokers,GT,2,512,3e-05,2,570,roc_auc,0.8702644442590289,0.8222486972808838,0.37292253971099854,0.8702644442590289,,,,,roc_auc,0.8078523140925638,0.7897243499755859,0.47548025846481323,0.8078523140925638,,,,,roc_auc,0.8280273514284398,0.8047618865966797,0.45200735330581665,0.8280273514284398,,,,
tolokers,GT,2,512,3e-05,3,550,roc_auc,0.860263287673649,0.8111923933029175,0.38484036922454834,0.860263287673649,,,,,roc_auc,0.820656638275975,0.7839400768280029,0.44625425338745117,0.820656638275975,,,,,roc_auc,0.8258989938426751,0.7948979735374451,0.44334638118743896,0.8258989938426751,,,,
tolokers,GT,2,512,3e-05,4,630,roc_auc,0.8832688223247434,0.8077904582023621,0.3845243453979492,0.8832688223247434,,,,,roc_auc,0.8172649621389555,0.7638652324676514,0.49729210138320923,0.8172649621389555,,,,,roc_auc,0.8291850695037538,0.7653061151504517,0.48290011286735535,0.8291850695037538,,,,
tolokers,GT,2,512,3e-05,5,800,roc_auc,0.8963437487068968,0.850144624710083,0.3379497826099396,0.8963437487068968,,,,,roc_auc,0.8435708185507578,0.8091187477111816,0.4491208791732788,0.8435708185507578,,,,,roc_auc,0.809069379034729,0.7826530933380127,0.5166765451431274,0.809069379034729,,,,
tolokers,GT,2,512,3e-05,6,690,roc_auc,0.8896463222959136,0.8428304195404053,0.35057634115219116,0.8896463222959136,,,,,roc_auc,0.8303659561526064,0.7931268811225891,0.460758775472641,0.8303659561526064,,,,,roc_auc,0.8222889197975214,0.7748299241065979,0.47562047839164734,0.8222889197975214,,,,
tolokers,GT,2,512,3e-05,7,500,roc_auc,0.860540223733132,0.8225889205932617,0.3847772479057312,0.860540223733132,,,,,roc_auc,0.8411682681406473,0.8121809959411621,0.42136460542678833,0.8411682681406473,,,,,roc_auc,0.814220817777344,0.7789115905761719,0.46743065118789673,0.814220817777344,,,,
tolokers,GT,2,512,3e-05,8,430,roc_auc,0.8503695646422691,0.8122130036354065,0.3918754756450653,0.8503695646422691,,,,,roc_auc,0.8220435867043038,0.7934671640396118,0.44401752948760986,0.8220435867043038,,,,,roc_auc,0.8349370575524159,0.8037415146827698,0.418856680393219,0.8349370575524159,,,,
tolokers,GT,2,512,3e-05,9,410,roc_auc,0.8549836958770614,0.8117026686668396,0.3922399878501892,0.8549836958770614,,,,,roc_auc,0.8214549991921348,0.7968696355819702,0.4442732036113739,0.8214549991921348,,,,,roc_auc,0.8270861971265816,0.7928571701049805,0.4360193908214569,0.8270861971265816,,,,
tolokers,GT,3,512,3e-05,0,270,roc_auc,0.8446039356463684,0.7977547645568848,0.40587714314460754,0.8446039356463684,,,,,roc_auc,0.8195439566929935,0.7801973223686218,0.4378804862499237,0.8195439566929935,,,,,roc_auc,0.8215239989263317,0.7744898200035095,0.43694594502449036,0.8215239989263317,,,,
tolokers,GT,3,512,3e-05,1,450,roc_auc,0.8637578035595695,0.8008164763450623,0.39777663350105286,0.8637578035595695,,,,,roc_auc,0.8285309480264328,0.7771350741386414,0.45565465092658997,0.8285309480264328,,,,,roc_auc,0.8314435686998582,0.7714285850524902,0.4546433389186859,0.8314435686998582,,,,
tolokers,GT,3,512,3e-05,2,280,roc_auc,0.848838615299352,0.8089811205863953,0.3912392854690552,0.848838615299352,,,,,roc_auc,0.8127830074038471,0.783599853515625,0.4398052394390106,0.8127830074038471,,,,,roc_auc,0.8340619907870586,0.7948979735374451,0.41181692481040955,0.8340619907870586,,,,
tolokers,GT,3,512,3e-05,3,690,roc_auc,0.8879038127973289,0.8213981986045837,0.3691217303276062,0.8879038127973289,,,,,roc_auc,0.8247224405947517,0.7713508009910583,0.4610435664653778,0.8247224405947517,,,,,roc_auc,0.8390412630243285,0.7877551317214966,0.444841593503952,0.8390412630243285,,,,
tolokers,GT,3,512,3e-05,4,270,roc_auc,0.8468453709790003,0.7975846529006958,0.39767056703567505,0.8468453709790003,,,,,roc_auc,0.8174014166832992,0.7764545679092407,0.4390960931777954,0.8174014166832992,,,,,roc_auc,0.8348008155540914,0.7928571701049805,0.4161679744720459,0.8348008155540914,,,,
tolokers,GT,3,512,3e-05,6,260,roc_auc,0.8456649585833897,0.7912910580635071,0.41495683789253235,0.8456649585833897,,,,,roc_auc,0.8346876956018188,0.7788363099098206,0.42726635932922363,0.8346876956018188,,,,,roc_auc,0.8316923289654554,0.7765306234359741,0.43795523047447205,0.8316923289654554,,,,
tolokers,GT,3,512,3e-05,5,810,roc_auc,0.9051015760086883,0.8193570375442505,0.3989541828632355,0.9051015760086883,,,,,roc_auc,0.8448559352295764,0.7716910243034363,0.549875020980835,0.8448559352295764,,,,,roc_auc,0.8131044467761483,0.7397959232330322,0.6159140467643738,0.8131044467761483,,,,
tolokers,GT,3,512,3e-05,7,260,roc_auc,0.8369269729955968,0.7865283489227295,0.4242387115955353,0.8369269729955968,,,,,roc_auc,0.8435368746342543,0.7927866578102112,0.41750040650367737,0.8435368746342543,,,,,roc_auc,0.8142919889704985,0.7629252076148987,0.4618171453475952,0.8142919889704985,,,,
tolokers,GT,3,512,3e-05,9,230,roc_auc,0.8398298835884944,0.8013267517089844,0.39996621012687683,0.8398298835884944,,,,,roc_auc,0.8216932854859886,0.7921061515808105,0.4264877140522003,0.8216932854859886,,,,,roc_auc,0.8301770603721508,0.7897959351539612,0.41231197118759155,0.8301770603721508,,,,
tolokers,GT,3,512,3e-05,8,730,roc_auc,0.8903095782228201,0.8312638401985168,0.3772456645965576,0.8903095782228201,,,,,roc_auc,0.8267991294064294,0.7713508009910583,0.5212472677230835,0.8267991294064294,,,,,roc_auc,0.8279534689517364,0.7700680494308472,0.5159497857093811,0.8279534689517364,,,,
tolokers,GT,4,512,3e-05,0,220,roc_auc,0.8418625569558945,0.7969042658805847,0.4037262797355652,0.8418625569558945,,,,,roc_auc,0.8237000498296695,0.7880231142044067,0.4274393916130066,0.8237000498296695,,,,,roc_auc,0.8221448828589941,0.781632661819458,0.42822667956352234,0.8221448828589941,,,,
tolokers,GT,4,512,3e-05,1,200,roc_auc,0.8243218882256895,0.8014968633651733,0.402483195066452,0.8243218882256895,,,,,roc_auc,0.8272668765758463,0.7944878935813904,0.4017461836338043,0.8272668765758463,,,,,roc_auc,0.8215121370608061,0.8057823181152344,0.40305471420288086,0.8215121370608061,,,,
tolokers,GT,4,512,3e-05,2,170,roc_auc,0.8252710683389332,0.8031978607177734,0.3977581858634949,0.8252710683389332,,,,,roc_auc,0.8142201928286009,0.7876828908920288,0.41248375177383423,0.8142201928286009,,,,,roc_auc,0.8221994474404127,0.8010204434394836,0.3945002853870392,0.8221994474404127,,,,
tolokers,GT,4,512,3e-05,4,370,roc_auc,0.8577815471381464,0.7720701098442078,0.43911969661712646,0.8577815471381464,,,,,roc_auc,0.8232452013485239,0.7431098818778992,0.4902918338775635,0.8232452013485239,,,,,roc_auc,0.8387504778637255,0.7642857432365417,0.4599660038948059,0.8387504778637255,,,,
tolokers,GT,4,512,3e-05,3,600,roc_auc,0.8786004231542287,0.7950331568717957,0.4029842019081116,0.8786004231542287,,,,,roc_auc,0.8270075450537603,0.7516161799430847,0.46735748648643494,0.8270075450537603,,,,,roc_auc,0.8354454232178056,0.7666666507720947,0.45929577946662903,0.8354454232178056,,,,
tolokers,GT,4,512,3e-05,5,650,roc_auc,0.8826507614130557,0.8037081360816956,0.4181338846683502,0.8826507614130557,,,,,roc_auc,0.840355650779556,0.7699897885322571,0.5138053297996521,0.840355650779556,,,,,roc_auc,0.819167554612029,0.7547619342803955,0.5474808216094971,0.819167554612029,,,,
tolokers,GT,4,512,3e-05,6,750,roc_auc,0.9096584715300233,0.8452118039131165,0.34011054039001465,0.9096584715300233,,,,,roc_auc,0.8356055391040706,0.7832595705986023,0.4765125513076782,0.8356055391040706,,,,,roc_auc,0.8311310932708653,0.7768707871437073,0.4965885877609253,0.8311310932708653,,,,
tolokers,GT,4,512,3e-05,7,250,roc_auc,0.8354461366995735,0.781255304813385,0.43627220392227173,0.8354461366995735,,,,,roc_auc,0.8412314038253436,0.7856413722038269,0.4300299882888794,0.8412314038253436,,,,,roc_auc,0.8133172825347248,0.7595238089561462,0.4784697890281677,0.8133172825347248,,,,
tolokers,GT,4,512,3e-05,8,210,roc_auc,0.8357904837104615,0.7938424944877625,0.4112384617328644,0.8357904837104615,,,,,roc_auc,0.8227910317457086,0.7788363099098206,0.43842342495918274,0.8227910317457086,,,,,roc_auc,0.8324094634640986,0.7840136289596558,0.41997236013412476,0.8324094634640986,,,,
tolokers,GT,4,512,3e-05,9,230,roc_auc,0.8414234106447914,0.7929919958114624,0.40910249948501587,0.8414234106447914,,,,,roc_auc,0.8211508617002644,0.7873426079750061,0.43726983666419983,0.8211508617002644,,,,,roc_auc,0.8281957899189056,0.7806122303009033,0.4263448417186737,0.8281957899189056,,,,
tolokers,GT,5,512,3e-05,0,630,roc_auc,0.8885219585026662,0.8363667726516724,0.3534192740917206,0.8885219585026662,,,,,roc_auc,0.8263008327121596,0.781898558139801,0.4513215124607086,0.8263008327121596,,,,,roc_auc,0.8285272443327396,0.7823129296302795,0.45581114292144775,0.8285272443327396,,,,
tolokers,GT,5,512,3e-05,1,290,roc_auc,0.8473493844320215,0.7946929931640625,0.4144211411476135,0.8473493844320215,,,,,roc_auc,0.831930770703413,0.7825790643692017,0.44098159670829773,0.831930770703413,,,,,roc_auc,0.8319444783354888,0.7744898200035095,0.4442543089389801,0.8319444783354888,,,,
tolokers,GT,5,512,3e-05,2,170,roc_auc,0.8290172517767661,0.807110071182251,0.4045940637588501,0.8290172517767661,,,,,roc_auc,0.816888863544098,0.795508623123169,0.42349928617477417,0.816888863544098,,,,,roc_auc,0.8264392170897624,0.8040816187858582,0.40392693877220154,0.8264392170897624,,,,
tolokers,GT,5,512,3e-05,3,720,roc_auc,0.9092099131238183,0.8397687077522278,0.33733871579170227,0.9092099131238183,,,,,roc_auc,0.8280285780621824,0.7716910243034363,0.46381646394729614,0.8280285780621824,,,,,roc_auc,0.8314727149980072,0.7819728255271912,0.458490252494812,0.8314727149980072,,,,
tolokers,GT,5,512,3e-05,4,700,roc_auc,0.8992132506018654,0.8188467621803284,0.3655287027359009,0.8992132506018654,,,,,roc_auc,0.8271093768032706,0.7662469744682312,0.4845027029514313,0.8271093768032706,,,,,roc_auc,0.8331970913350089,0.7741496562957764,0.4748809337615967,0.8331970913350089,,,,
tolokers,GT,5,512,3e-05,5,600,roc_auc,0.883798189078985,0.8123830556869507,0.39744511246681213,0.883798189078985,,,,,roc_auc,0.8502917140184303,0.7822388410568237,0.46552547812461853,0.8502917140184303,,,,,roc_auc,0.8213440374807837,0.7510204315185547,0.5131191611289978,0.8213440374807837,,,,
tolokers,GT,5,512,3e-05,6,600,roc_auc,0.8841700940259821,0.8241197466850281,0.37879085540771484,0.8841700940259821,,,,,roc_auc,0.8456862034272493,0.7931268811225891,0.44316214323043823,0.8456862034272493,,,,,roc_auc,0.8345466327213967,0.7863945960998535,0.46520423889160156,0.8345466327213967,,,,
tolokers,GT,5,512,3e-05,7,630,roc_auc,0.881702174855359,0.815444827079773,0.3769885003566742,0.881702174855359,,,,,roc_auc,0.8427100008282317,0.7856413722038269,0.45073267817497253,0.8427100008282317,,,,,roc_auc,0.8210403737233244,0.7646258473396301,0.4872874319553375,0.8210403737233244,,,,
tolokers,GT,5,512,3e-05,8,600,roc_auc,0.8716397124613425,0.8103418946266174,0.40489017963409424,0.8716397124613425,,,,,roc_auc,0.8320543265594853,0.7771350741386414,0.49489039182662964,0.8320543265594853,,,,,roc_auc,0.8293192780394166,0.7744898200035095,0.49156859517097473,0.8293192780394166,,,,
tolokers,GT-sep,1,512,3e-05,0,1210,roc_auc,0.8688444050097446,0.8319442272186279,0.3537004590034485,0.8688444050097446,,,,,roc_auc,0.7983466597149524,0.781898558139801,0.4644528925418854,0.7983466597149524,,,,,roc_auc,0.8031174338243467,0.7891156673431396,0.4411412179470062,0.8031174338243467,,,,
tolokers,GT-sep,1,512,3e-05,1,670,roc_auc,0.8405355363401841,0.8156149387359619,0.3819570541381836,0.8405355363401841,,,,,roc_auc,0.8110953158752983,0.8002721667289734,0.42621874809265137,0.8110953158752983,,,,,roc_auc,0.8043686911820924,0.7986394762992859,0.42920994758605957,0.8043686911820924,,,,
tolokers,GT,5,512,3e-05,9,690,roc_auc,0.9000131938918724,0.8329647779464722,0.3497236967086792,0.9000131938918724,,,,,roc_auc,0.8288153980467312,0.7754337787628174,0.4779510796070099,0.8288153980467312,,,,,roc_auc,0.8410879431931871,0.7782313227653503,0.4506455361843109,0.8410879431931871,,,,
tolokers,GT-sep,1,512,3e-05,3,670,roc_auc,0.8445990176146937,0.8130634427070618,0.38077858090400696,0.8445990176146937,,,,,roc_auc,0.7948259966952202,0.7825790643692017,0.436965674161911,0.7948259966952202,,,,,roc_auc,0.8059693652071828,0.801360547542572,0.435604065656662,0.8059693652071828,,,,
tolokers,GT-sep,1,512,3e-05,2,1120,roc_auc,0.8768509605763798,0.8275216817855835,0.34317898750305176,0.8768509605763798,,,,,roc_auc,0.7893067158717679,0.7849608659744263,0.4723384976387024,0.7893067158717679,,,,,roc_auc,0.8145576947582756,0.8003401756286621,0.4327474534511566,0.8145576947582756,,,,
tolokers,GT-sep,1,512,3e-05,4,840,roc_auc,0.8649683177007761,0.8230991959571838,0.35557281970977783,0.8649683177007761,,,,,roc_auc,0.8012115262678392,0.7887036204338074,0.4528157114982605,0.8012115262678392,,,,,roc_auc,0.8167755247011489,0.7972789406776428,0.4470597803592682,0.8167755247011489,,,,
tolokers,GT-sep,1,512,3e-05,5,1020,roc_auc,0.8523921475653709,0.8186766505241394,0.3692174553871155,0.8523921475653709,,,,,roc_auc,0.8179309417807522,0.7975501418113708,0.4250226616859436,0.8179309417807522,,,,,roc_auc,0.7910806905096941,0.7840136289596558,0.45034003257751465,0.7910806905096941,,,,
tolokers,GT-sep,1,512,3e-05,7,550,roc_auc,0.8450080621802009,0.8142541646957397,0.38149136304855347,0.8450080621802009,,,,,roc_auc,0.8095454366477531,0.7978904247283936,0.42341068387031555,0.8095454366477531,,,,,roc_auc,0.7969350295123214,0.7867347002029419,0.4373236298561096,0.7969350295123214,,,,
tolokers,GT-sep,1,512,3e-05,6,1660,roc_auc,0.8887083349444128,0.8414696455001831,0.329703152179718,0.8887083349444128,,,,,roc_auc,0.7938911812347168,0.7812180519104004,0.4723489284515381,0.7938911812347168,,,,,roc_auc,0.7994260212727308,0.7840136289596558,0.46396157145500183,0.7994260212727308,,,,
tolokers,GT-sep,1,512,3e-05,8,1040,roc_auc,0.8571909593689181,0.8261609077453613,0.3640459477901459,0.8571909593689181,,,,,roc_auc,0.806946011521923,0.7921061515808105,0.4397255480289459,0.806946011521923,,,,,roc_auc,0.8006840568393484,0.7901360392570496,0.44773513078689575,0.8006840568393484,,,,
tolokers,GT-sep,1,512,3e-05,9,720,roc_auc,0.8450777625601441,0.8147644400596619,0.37920790910720825,0.8450777625601441,,,,,roc_auc,0.7853271311009099,0.7750935554504395,0.4534933269023895,0.7853271311009099,,,,,roc_auc,0.8042178760346937,0.7833333611488342,0.4232857823371887,0.8042178760346937,,,,
tolokers,GT-sep,2,512,3e-05,1,280,roc_auc,0.830198766489821,0.799625813961029,0.4002169668674469,0.830198766489821,,,,,roc_auc,0.823725847206212,0.7938073873519897,0.4132516086101532,0.823725847206212,,,,,roc_auc,0.8219845782191748,0.7938775420188904,0.4117559492588043,0.8219845782191748,,,,
tolokers,GT-sep,2,512,3e-05,0,780,roc_auc,0.8866429312282802,0.8307535648345947,0.35722386837005615,0.8866429312282802,,,,,roc_auc,0.8188555740663047,0.7825790643692017,0.4737450182437897,0.8188555740663047,,,,,roc_auc,0.8193054911625712,0.7741496562957764,0.4705497622489929,0.8193054911625712,,,,
tolokers,GT-sep,2,512,3e-05,2,270,roc_auc,0.8330224798140238,0.807110071182251,0.39338210225105286,0.8330224798140238,,,,,roc_auc,0.8103342932672921,0.7921061515808105,0.4195499122142792,0.8103342932672921,,,,,roc_auc,0.8283893077821971,0.8027210831642151,0.3961891829967499,0.8283893077821971,,,,
tolokers,GT-sep,2,512,3e-05,3,690,roc_auc,0.8708277284730971,0.8227589726448059,0.3698333203792572,0.8708277284730971,,,,,roc_auc,0.8232709987250664,0.7856413722038269,0.44650742411613464,0.8232709987250664,,,,,roc_auc,0.8211603480203563,0.7965986728668213,0.4501630961894989,0.8211603480203563,,,,
tolokers,GT-sep,2,512,3e-05,4,630,roc_auc,0.8853145539141766,0.8367069363594055,0.341891884803772,0.8853145539141766,,,,,roc_auc,0.8174129576149105,0.7866621017456055,0.45357102155685425,0.8174129576149105,,,,,roc_auc,0.8279270339371363,0.7962585091590881,0.4415595829486847,0.8279270339371363,,,,
tolokers,GT-sep,2,512,3e-05,6,590,roc_auc,0.8752224137428121,0.8307535648345947,0.35852086544036865,0.8752224137428121,,,,,roc_auc,0.8287855274002082,0.8023136854171753,0.43319010734558105,0.8287855274002082,,,,,roc_auc,0.8275955795233021,0.7914966344833374,0.43795299530029297,0.8275955795233021,,,,
tolokers,GT-sep,2,512,3e-05,5,710,roc_auc,0.8830430168359488,0.841809868812561,0.3500719964504242,0.8830430168359488,,,,,roc_auc,0.8419802066234084,0.8094589710235596,0.42646655440330505,0.8419802066234084,,,,,roc_auc,0.8176207673474701,0.7857142686843872,0.46728840470314026,0.8176207673474701,,,,
tolokers,GT-sep,2,512,3e-05,7,410,roc_auc,0.8455200462362813,0.8042184114456177,0.3937166631221771,0.8455200462362813,,,,,roc_auc,0.834109970142931,0.8101394772529602,0.4134799540042877,0.834109970142931,,,,,roc_auc,0.8079109831385276,0.7775510549545288,0.44915422797203064,0.8079109831385276,,,,
tolokers,GT-sep,2,512,3e-05,8,440,roc_auc,0.8493277898636994,0.8157849907875061,0.38328462839126587,0.8493277898636994,,,,,roc_auc,0.8188650783629257,0.7887036204338074,0.43416446447372437,0.8188650783629257,,,,,roc_auc,0.8326107762675928,0.8034013509750366,0.41127991676330566,0.8326107762675928,,,,
tolokers,GT-sep,2,512,3e-05,9,380,roc_auc,0.8553612819985796,0.8113625049591064,0.38497427105903625,0.8553612819985796,,,,,roc_auc,0.8217828974255577,0.795168399810791,0.43270614743232727,0.8217828974255577,,,,,roc_auc,0.8306115435608372,0.789455771446228,0.42084771394729614,0.8306115435608372,,,,
tolokers,GT-sep,3,512,3e-05,0,650,roc_auc,0.9029378964527086,0.8504847884178162,0.31798461079597473,0.9029378964527086,,,,,roc_auc,0.829042822287304,0.7965294122695923,0.4362494647502899,0.829042822287304,,,,,roc_auc,0.8291386387729816,0.7901360392570496,0.43366384506225586,0.8291386387729816,,,,
tolokers,GT-sep,3,512,3e-05,1,430,roc_auc,0.8587103767754942,0.8076203465461731,0.3846450746059418,0.8587103767754942,,,,,roc_auc,0.8299905364360788,0.7924463748931885,0.42746564745903015,0.8299905364360788,,,,,roc_auc,0.8286109552123071,0.7829931974411011,0.4272851347923279,0.8286109552123071,,,,
tolokers,GT-sep,3,512,3e-05,2,300,roc_auc,0.8482613401331056,0.8098316192626953,0.38796183466911316,0.8482613401331056,,,,,roc_auc,0.8143383176580327,0.7887036204338074,0.4329560697078705,0.8143383176580327,,,,,roc_auc,0.8329781551884479,0.8040816187858582,0.40817713737487793,0.8329781551884479,,,,
tolokers,GT-sep,3,512,3e-05,3,770,roc_auc,0.8805617002686942,0.8168056011199951,0.37400200963020325,0.8805617002686942,,,,,roc_auc,0.8251976554257991,0.770330011844635,0.4543033242225647,0.8251976554257991,,,,,roc_auc,0.8340565682199611,0.7887755036354065,0.4484652280807495,0.8340565682199611,,,,
tolokers,GT-sep,3,512,3e-05,4,420,roc_auc,0.8625793414178992,0.7776833176612854,0.4219505786895752,0.8625793414178992,,,,,roc_auc,0.8209987929543292,0.7492344379425049,0.4797150194644928,0.8209987929543292,,,,,roc_auc,0.8361659468208846,0.767346978187561,0.4538104832172394,0.8361659468208846,,,,
tolokers,GT-sep,3,512,3e-05,5,850,roc_auc,0.9046452165867234,0.8481034636497498,0.32888999581336975,0.9046452165867234,,,,,roc_auc,0.8486474707030057,0.8087784647941589,0.4460545480251312,0.8486474707030057,,,,,roc_auc,0.8191939896266291,0.789455771446228,0.4910191297531128,0.8191939896266291,,,,
tolokers,GT-sep,3,512,3e-05,7,330,roc_auc,0.8471882764978459,0.8064296841621399,0.3977390229701996,0.8471882764978459,,,,,roc_auc,0.8442293305309236,0.81252121925354,0.4041541814804077,0.8442293305309236,,,,,roc_auc,0.812637428184877,0.7789115905761719,0.44787904620170593,0.812637428184877,,,,
tolokers,GT-sep,3,512,3e-05,6,900,roc_auc,0.9101953849190763,0.8390883207321167,0.34374547004699707,0.9101953849190763,,,,,roc_auc,0.8392511157365354,0.7808778285980225,0.46880805492401123,0.8392511157365354,,,,,roc_auc,0.8335543029425561,0.7727891206741333,0.4850682318210602,0.8335543029425561,,,,
tolokers,GT-sep,3,512,3e-05,9,280,roc_auc,0.8486614813654083,0.8088110685348511,0.39053770899772644,0.8486614813654083,,,,,roc_auc,0.824345663121564,0.7999319434165955,0.42472898960113525,0.824345663121564,,,,,roc_auc,0.8362666032226318,0.7976190447807312,0.4096430242061615,0.8362666032226318,,,,
tolokers,GT-sep,3,512,3e-05,8,730,roc_auc,0.882173627546947,0.8183364868164062,0.3799974322319031,0.882173627546947,,,,,roc_auc,0.8267943772581191,0.7710105180740356,0.49986833333969116,0.8267943772581191,,,,,roc_auc,0.8279134775193926,0.768367350101471,0.48572126030921936,0.8279134775193926,,,,
tolokers,GT-sep,4,512,3e-05,0,310,roc_auc,0.8407666838289014,0.8001360893249512,0.4029318690299988,0.8407666838289014,,,,,roc_auc,0.8203939123622387,0.7900646328926086,0.4325771629810333,0.8203939123622387,,,,,roc_auc,0.819672192262539,0.7833333611488342,0.427598237991333,0.819672192262539,,,,
tolokers,GT-sep,4,512,3e-05,1,520,roc_auc,0.8686882151072435,0.7941827178001404,0.38840678334236145,0.8686882151072435,,,,,roc_auc,0.8321894233471689,0.776114284992218,0.4389517903327942,0.8321894233471689,,,,,roc_auc,0.8259959222295427,0.7557823061943054,0.4511234164237976,0.8259959222295427,,,,
tolokers,GT-sep,4,512,3e-05,2,200,roc_auc,0.8264880267975067,0.8043885231018066,0.39646196365356445,0.8264880267975067,,,,,roc_auc,0.812533859056712,0.7941476702690125,0.4139166474342346,0.812533859056712,,,,,roc_auc,0.8235394993343799,0.8030612468719482,0.393829882144928,0.8235394993343799,,,,
tolokers,GT-sep,4,512,3e-05,4,510,roc_auc,0.8720333245826288,0.789590060710907,0.3998352289199829,0.8720333245826288,,,,,roc_auc,0.8219268196315319,0.7485539317131042,0.47099941968917847,0.8219268196315319,,,,,roc_auc,0.8384264794796504,0.7690476179122925,0.443642795085907,0.8384264794796504,,,,
tolokers,GT-sep,4,512,3e-05,3,720,roc_auc,0.8877805228308596,0.8256506323814392,0.3591974377632141,0.8877805228308596,,,,,roc_auc,0.8253239267951917,0.7733922600746155,0.447513610124588,0.8253239267951917,,,,,roc_auc,0.8362771094463831,0.7833333611488342,0.4373713433742523,0.8362771094463831,,,,
tolokers,GT-sep,4,512,3e-05,5,510,roc_auc,0.8576244245055004,0.7513182759284973,0.45613932609558105,0.8576244245055004,,,,,roc_auc,0.8404574825290662,0.7403878569602966,0.4900570511817932,0.8404574825290662,,,,,roc_auc,0.814013404585865,0.7204082012176514,0.5112139582633972,0.814013404585865,,,,
tolokers,GT-sep,4,512,3e-05,6,860,roc_auc,0.9182719800402533,0.8552474975585938,0.3137602210044861,0.9182719800402533,,,,,roc_auc,0.8411798090722584,0.7890438437461853,0.45164236426353455,0.8411798090722584,,,,,roc_auc,0.8297984974066573,0.773809552192688,0.46954837441444397,0.8297984974066573,,,,
tolokers,GT-sep,4,512,3e-05,7,340,roc_auc,0.8421608610150682,0.7809151411056519,0.4163983166217804,0.8421608610150682,,,,,roc_auc,0.8412083219621214,0.781898558139801,0.422344833612442,0.8412083219621214,,,,,roc_auc,0.8134209891304642,0.7551020383834839,0.4590184986591339,0.8134209891304642,,,,
tolokers,GT-sep,4,512,3e-05,8,290,roc_auc,0.844909531959405,0.8101718425750732,0.3941551744937897,0.844909531959405,,,,,roc_auc,0.8301432840603442,0.8036746978759766,0.4212843179702759,0.8301432840603442,,,,,roc_auc,0.8377032445930227,0.7989795804023743,0.4083642363548279,0.8377032445930227,,,,
tolokers,GT-sep,4,512,3e-05,9,490,roc_auc,0.8681262027979191,0.7754720449447632,0.4301416873931885,0.8681262027979191,,,,,roc_auc,0.821577876169877,0.7346035838127136,0.4909147322177887,0.821577876169877,,,,,roc_auc,0.8377022278616919,0.7462584972381592,0.47044020891189575,0.8377022278616919,,,,
tolokers,GT-sep,5,512,3e-05,0,630,roc_auc,0.9010709098765608,0.849974513053894,0.3234882354736328,0.9010709098765608,,,,,roc_auc,0.8266755735503571,0.7910853624343872,0.43671557307243347,0.8266755735503571,,,,,roc_auc,0.8307233840072228,0.7921769022941589,0.4370248317718506,0.8307233840072228,,,,
tolokers,GT-sep,5,512,3e-05,1,290,roc_auc,0.8420758977782029,0.7829563021659851,0.4176226258277893,0.8420758977782029,,,,,roc_auc,0.829382261452338,0.7822388410568237,0.4382369816303253,0.829382261452338,,,,,roc_auc,0.8256976810391807,0.7795918583869934,0.4444071054458618,0.8256976810391807,,,,
tolokers,GT-sep,5,512,3e-05,2,360,roc_auc,0.8555212028216614,0.7940126061439514,0.4007866084575653,0.8555212028216614,,,,,roc_auc,0.8154238441078113,0.7733922600746155,0.4582535922527313,0.8154238441078113,,,,,roc_auc,0.8322372969587533,0.781632661819458,0.43704643845558167,0.8322372969587533,,,,
tolokers,GT-sep,5,512,3e-05,3,740,roc_auc,0.8911032467827594,0.8178261518478394,0.3716476559638977,0.8911032467827594,,,,,roc_auc,0.823934941731873,0.7665872573852539,0.4693876802921295,0.823934941731873,,,,,roc_auc,0.8338728787595335,0.7772108912467957,0.4595068395137787,0.8338728787595335,,,,
tolokers,GT-sep,5,512,3e-05,4,780,roc_auc,0.8997876427840265,0.8178261518478394,0.35601815581321716,0.8997876427840265,,,,,roc_auc,0.8264868453745983,0.7659067511558533,0.4778350293636322,0.8264868453745983,,,,,roc_auc,0.838690151804766,0.775170087814331,0.4505966603755951,0.838690151804766,,,,
tolokers,GT-sep,5,512,3e-05,5,700,roc_auc,0.8867227220525218,0.797924816608429,0.4032529592514038,0.8867227220525218,,,,,roc_auc,0.8456088112976217,0.7631847262382507,0.47371765971183777,0.8456088112976217,,,,,roc_auc,0.8139157983781101,0.7387754917144775,0.5206129550933838,0.8139157983781101,,,,
tolokers,GT-sep,5,512,3e-05,6,720,roc_auc,0.9049765053755782,0.8464024662971497,0.33379918336868286,0.9049765053755782,,,,,roc_auc,0.8412673843768372,0.7941476702690125,0.4460633099079132,0.8412673843768372,,,,,roc_auc,0.8372152135542488,0.7799319624900818,0.4557446241378784,0.8372152135542488,,,,
tolokers,GT-sep,5,512,3e-05,7,340,roc_auc,0.8454344046502195,0.7938424944877625,0.4076491594314575,0.8454344046502195,,,,,roc_auc,0.8421044413578109,0.7931268811225891,0.41617146134376526,0.8421044413578109,,,,,roc_auc,0.8154747864186385,0.7612245082855225,0.4505072236061096,0.8154747864186385,,,,
tolokers,GT-sep,5,512,3e-05,9,260,roc_auc,0.8429285827182401,0.7887396216392517,0.42116716504096985,0.8429285827182401,,,,,roc_auc,0.8217292660374822,0.7679482698440552,0.4485207796096802,0.8217292660374822,,,,,roc_auc,0.8311971808073659,0.7680272459983826,0.43897539377212524,0.8311971808073659,,,,
tolokers,GT-sep,5,512,3e-05,8,560,roc_auc,0.8798277264380495,0.806089460849762,0.39467117190361023,0.8798277264380495,,,,,roc_auc,0.8354697634380572,0.7614834904670715,0.4945116937160492,0.8354697634380572,,,,,roc_auc,0.8338871129981645,0.7653061151504517,0.4805052876472473,0.8338871129981645,,,,
tolokers,TAG,1,512,3e-05,0,1640,roc_auc,0.8889786570992295,0.8433406949043274,0.3302650451660156,0.8889786570992295,,,,,roc_auc,0.8421261654643731,0.8118407130241394,0.40428364276885986,0.8421261654643731,,,,,roc_auc,0.8342012829793755,0.8081632852554321,0.41604188084602356,0.8342012829793755,,,,
tolokers,TAG,1,512,3e-05,1,1340,roc_auc,0.8756299320226271,0.8305834531784058,0.34853971004486084,0.8756299320226271,,,,,roc_auc,0.8486746258362083,0.8176250457763672,0.39294594526290894,0.8486746258362083,,,,,roc_auc,0.8449925304138233,0.8193877935409546,0.38943395018577576,0.8449925304138233,,,,
tolokers,TAG,1,512,3e-05,2,1690,roc_auc,0.8834490088300716,0.8322843909263611,0.35023579001426697,0.8834490088300716,,,,,roc_auc,0.8335743351405074,0.8080979585647583,0.42030373215675354,0.8335743351405074,,,,,roc_auc,0.8494424245382008,0.8153061270713806,0.4036957323551178,0.8494424245382008,,,,
tolokers,TAG,1,512,3e-05,3,1370,roc_auc,0.8706038732382423,0.8338152766227722,0.3517693281173706,0.8706038732382423,,,,,roc_auc,0.8372782953093579,0.8043552041053772,0.40183189511299133,0.8372782953093579,,,,,roc_auc,0.847648910470706,0.8224489688873291,0.38554272055625916,0.847648910470706,,,,
tolokers,TAG,1,512,3e-05,5,1090,roc_auc,0.8775665341850686,0.8402789831161499,0.3464944362640381,0.8775665341850686,,,,,roc_auc,0.8456556539023964,0.8196665048599243,0.39786747097969055,0.8456556539023964,,,,,roc_auc,0.8265002209696093,0.8061224818229675,0.42304497957229614,0.8265002209696093,,,,
tolokers,TAG,1,512,3e-05,4,1430,roc_auc,0.8904235408878369,0.8460623025894165,0.3269006907939911,0.8904235408878369,,,,,roc_auc,0.8276212510641419,0.8029941916465759,0.4324028491973877,0.8276212510641419,,,,,roc_auc,0.8582934096830781,0.8183673620223999,0.3975452184677124,0.8582934096830781,,,,
tolokers,TAG,1,512,3e-05,7,1470,roc_auc,0.8886789963416628,0.8453818559646606,0.3297123908996582,0.8886789963416628,,,,,roc_auc,0.8468681305998977,0.8186457753181458,0.4011131525039673,0.8468681305998977,,,,,roc_auc,0.8307481244696052,0.8098639845848083,0.42795392870903015,0.8307481244696052,,,,
tolokers,TAG,1,512,3e-05,6,1970,roc_auc,0.8913393123031516,0.8436809182167053,0.3328586220741272,0.8913393123031516,,,,,roc_auc,0.844342024333715,0.8149030208587646,0.41170889139175415,0.844342024333715,,,,,roc_auc,0.8450528564727828,0.8204081654548645,0.40216732025146484,0.8450528564727828,,,,
tolokers,TAG,1,512,3e-05,9,1530,roc_auc,0.882095447802047,0.8390883207321167,0.3391683101654053,0.882095447802047,,,,,roc_auc,0.8453508375321959,0.8152432441711426,0.4060162305831909,0.8453508375321959,,,,,roc_auc,0.8557607319381068,0.819727897644043,0.3842364549636841,0.8557607319381068,,,,
tolokers,TAG,1,512,3e-05,8,1940,roc_auc,0.8935804084611854,0.8506549000740051,0.32676851749420166,0.8935804084611854,,,,,roc_auc,0.8410161993947122,0.8155835270881653,0.43238091468811035,0.8410161993947122,,,,,roc_auc,0.8367122704559565,0.8085033893585205,0.4311639070510864,0.8367122704559565,,,,
tolokers,TAG,2,512,3e-05,0,810,roc_auc,0.8803364883354464,0.8394284844398499,0.35535427927970886,0.8803364883354464,,,,,roc_auc,0.85138878139982,0.8240898251533508,0.40735605359077454,0.85138878139982,,,,,roc_auc,0.8470717459852669,0.8183673620223999,0.41322752833366394,0.8470717459852669,,,,
tolokers,TAG,2,512,3e-05,1,790,roc_auc,0.8719202098541075,0.83160400390625,0.35149499773979187,0.8719202098541075,,,,,roc_auc,0.8505557976888266,0.8264715671539307,0.388650506734848,0.8505557976888266,,,,,roc_auc,0.8515375689004933,0.8221088647842407,0.3854841887950897,0.8515375689004933,,,,
tolokers,TAG,2,512,3e-05,2,860,roc_auc,0.8758459014480722,0.8343256115913391,0.36444294452667236,0.8758459014480722,,,,,roc_auc,0.8432089764008315,0.814222514629364,0.419048547744751,0.8432089764008315,,,,,roc_auc,0.8567100200906111,0.8295918703079224,0.400354266166687,0.8567100200906111,,,,
tolokers,TAG,2,512,3e-05,3,640,roc_auc,0.8747998021933743,0.8385779857635498,0.3499200642108917,0.8747998021933743,,,,,roc_auc,0.8376163767177318,0.8077577352523804,0.40378931164741516,0.8376163767177318,,,,,roc_auc,0.8476624668884497,0.8214285969734192,0.39341601729393005,0.8476624668884497,,,,
tolokers,TAG,2,512,3e-05,5,650,roc_auc,0.8724940084807217,0.8394284844398499,0.3549749255180359,0.8724940084807217,,,,,roc_auc,0.8458925824395901,0.820347011089325,0.39787229895591736,0.8458925824395901,,,,,roc_auc,0.8302275580282461,0.8037415146827698,0.4216407537460327,0.8302275580282461,,,,
tolokers,TAG,2,512,3e-05,4,1400,roc_auc,0.8966202607981322,0.8535465598106384,0.35144925117492676,0.8966202607981322,,,,,roc_auc,0.8294067010722205,0.8108199834823608,0.5009188055992126,0.8294067010722205,,,,,roc_auc,0.8512474615607776,0.8234694004058838,0.46563833951950073,0.8512474615607776,,,,
tolokers,TAG,2,512,3e-05,6,870,roc_auc,0.8798050017399657,0.8452118039131165,0.35013681650161743,0.8798050017399657,,,,,roc_auc,0.8478762649200484,0.818305492401123,0.4135070741176605,0.8478762649200484,,,,,roc_auc,0.8412543482209913,0.8200680613517761,0.41531020402908325,0.8412543482209913,,,,
tolokers,TAG,2,512,3e-05,7,870,roc_auc,0.8837840285395073,0.8438510298728943,0.3429889380931854,0.8837840285395073,,,,,roc_auc,0.8500656475345175,0.8247703313827515,0.40962767601013184,0.8500656475345175,,,,,roc_auc,0.8416671411412878,0.8129251599311829,0.42452311515808105,0.8416671411412878,,,,
tolokers,TAG,2,512,3e-05,8,1100,roc_auc,0.8897239932789162,0.8479333519935608,0.3402062952518463,0.8897239932789162,,,,,roc_auc,0.8388010194037004,0.8169445395469666,0.45043328404426575,0.8388010194037004,,,,,roc_auc,0.8417688142743656,0.8108843564987183,0.43847134709358215,0.8417688142743656,,,,
tolokers,TAG,2,512,3e-05,9,1430,roc_auc,0.893780182299563,0.8530362248420715,0.32235729694366455,0.893780182299563,,,,,roc_auc,0.848569399695048,0.8230690360069275,0.41499561071395874,0.848569399695048,,,,,roc_auc,0.8501131283060713,0.8221088647842407,0.40701982378959656,0.8501131283060713,,,,
tolokers,TAG,3,512,3e-05,0,720,roc_auc,0.8849340000149237,0.8390883207321167,0.341068834066391,0.8849340000149237,,,,,roc_auc,0.8526053313673017,0.8152432441711426,0.40195780992507935,0.8526053313673017,,,,,roc_auc,0.848997435125763,0.8187074661254883,0.40649527311325073,0.848997435125763,,,,
tolokers,TAG,3,512,3e-05,1,560,roc_auc,0.8640574643171364,0.83160400390625,0.3679580092430115,0.8640574643171364,,,,,roc_auc,0.8495592043002869,0.8210275173187256,0.3981560468673706,0.8495592043002869,,,,,roc_auc,0.8474245517570472,0.8241496682167053,0.39536041021347046,0.8474245517570472,,,,
tolokers,TAG,3,512,3e-05,2,640,roc_auc,0.8649088773524302,0.8312638401985168,0.38074791431427,0.8649088773524302,,,,,roc_auc,0.8392551890065159,0.8179652690887451,0.4246944487094879,0.8392551890065159,,,,,roc_auc,0.8520157715364032,0.8299319744110107,0.40578749775886536,0.8520157715364032,,,,
tolokers,TAG,3,512,3e-05,3,670,roc_auc,0.8731185137097764,0.8348358869552612,0.35532498359680176,0.8731185137097764,,,,,roc_auc,0.839117376705512,0.8172847628593445,0.40504515171051025,0.839117376705512,,,,,roc_auc,0.8477668513050763,0.8248299360275269,0.3941228985786438,0.8477668513050763,,,,
tolokers,TAG,3,512,3e-05,4,880,roc_auc,0.8862077702187064,0.8440210819244385,0.3699924349784851,0.8862077702187064,,,,,roc_auc,0.8324087010477809,0.8145627379417419,0.48043832182884216,0.8324087010477809,,,,,roc_auc,0.85615624042578,0.8221088647842407,0.44980502128601074,0.85615624042578,,,,
tolokers,TAG,3,512,3e-05,5,450,roc_auc,0.8637673852419706,0.8309236168861389,0.3866559565067291,0.8637673852419706,,,,,roc_auc,0.8454879709548696,0.814222514629364,0.4225287437438965,0.8454879709548696,,,,,roc_auc,0.8256353215175596,0.8074830174446106,0.4458164870738983,0.8256353215175596,,,,
tolokers,TAG,3,512,3e-05,6,610,roc_auc,0.8633463847718745,0.8309236168861389,0.414607971906662,0.8633463847718745,,,,,roc_auc,0.8478138081136822,0.8166042566299438,0.4506019949913025,0.8478138081136822,,,,,roc_auc,0.839691971076027,0.8153061270713806,0.4550142288208008,0.839691971076027,,,,
tolokers,TAG,3,512,3e-05,7,370,roc_auc,0.8600392628514952,0.83245450258255,0.3801112771034241,0.8600392628514952,,,,,roc_auc,0.8460779162236985,0.8166042566299438,0.4126244783401489,0.8460779162236985,,,,,roc_auc,0.8337122352092705,0.8044217824935913,0.4268377125263214,0.8337122352092705,,,,
tolokers,TAG,3,512,3e-05,8,770,roc_auc,0.8860490365067187,0.8426603078842163,0.3611881732940674,0.8860490365067187,,,,,roc_auc,0.8405742496018378,0.8145627379417419,0.4564632773399353,0.8405742496018378,,,,,roc_auc,0.8439913889634492,0.8156462907791138,0.4472128450870514,0.8439913889634492,,,,
tolokers,TAG,3,512,3e-05,9,1190,roc_auc,0.8859247290164547,0.8469127416610718,0.37333816289901733,0.8859247290164547,,,,,roc_auc,0.8477085819725217,0.8169445395469666,0.4616429805755615,0.8477085819725217,,,,,roc_auc,0.8419548761078982,0.8159863948822021,0.4602578282356262,0.8419548761078982,,,,
tolokers,TAG,4,512,3e-05,0,460,roc_auc,0.8742167610589573,0.8361966609954834,0.3564243018627167,0.8742167610589573,,,,,roc_auc,0.8516576172185268,0.820347011089325,0.3947836756706238,0.8516576172185268,,,,,roc_auc,0.8460224792519027,0.8125850558280945,0.4008750915527344,0.8460224792519027,,,,
tolokers,TAG,4,512,3e-05,1,680,roc_auc,0.8709859534231874,0.8353461623191833,0.3672718107700348,0.8709859534231874,,,,,roc_auc,0.8492007565420112,0.8254508376121521,0.4166494309902191,0.8492007565420112,,,,,roc_auc,0.8459719815958072,0.8234694004058838,0.4165458083152771,0.8459719815958072,,,,
tolokers,TAG,4,512,3e-05,2,420,roc_auc,0.8572533674949988,0.8251403570175171,0.379840224981308,0.8572533674949988,,,,,roc_auc,0.8374351162036039,0.814222514629364,0.41380685567855835,0.8374351162036039,,,,,roc_auc,0.850757397059342,0.8272109031677246,0.3926829993724823,0.850757397059342,,,,
tolokers,TAG,4,512,3e-05,3,900,roc_auc,0.8860195283166697,0.8414696455001831,0.34208616614341736,0.8860195283166697,,,,,roc_auc,0.8418179547025224,0.8172847628593445,0.40840432047843933,0.8418179547025224,,,,,roc_auc,0.8505493060469757,0.8272109031677246,0.399430513381958,0.8505493060469757,,,,
tolokers,TAG,4,512,3e-05,4,1070,roc_auc,0.8923268191459991,0.8430005311965942,0.37456268072128296,0.8923268191459991,,,,,roc_auc,0.8383936924056598,0.8135420083999634,0.48443007469177246,0.8383936924056598,,,,,roc_auc,0.8596673526214045,0.8227891325950623,0.4563862681388855,0.8596673526214045,,,,
tolokers,TAG,4,512,3e-05,5,810,roc_auc,0.8869979622390136,0.8443613052368164,0.3549084961414337,0.8869979622390136,,,,,roc_auc,0.8515177682825328,0.8213678002357483,0.4142802655696869,0.8515177682825328,,,,,roc_auc,0.8325538393130691,0.8057823181152344,0.4435194730758667,0.8325538393130691,,,,
tolokers,TAG,4,512,3e-05,6,750,roc_auc,0.8819784325656456,0.8433406949043274,0.3719335198402405,0.8819784325656456,,,,,roc_auc,0.8548123648183524,0.8247703313827515,0.43556877970695496,0.8548123648183524,,,,,roc_auc,0.8428065580526477,0.8183673620223999,0.44562283158302307,0.8428065580526477,,,,
tolokers,TAG,4,512,3e-05,7,420,roc_auc,0.8635554859117047,0.8230991959571838,0.4026423394680023,0.8635554859117047,,,,,roc_auc,0.8471240677303332,0.8135420083999634,0.4407828748226166,0.8471240677303332,,,,,roc_auc,0.836728538157249,0.8047618865966797,0.4485310912132263,0.836728538157249,,,,
tolokers,TAG,4,512,3e-05,8,1030,roc_auc,0.8992478464108884,0.8504847884178162,0.33202996850013733,0.8992478464108884,,,,,roc_auc,0.8427486968930454,0.8159237504005432,0.45751702785491943,0.8427486968930454,,,,,roc_auc,0.8443675795558375,0.8153061270713806,0.4455468952655792,0.8443675795558375,,,,
tolokers,TAG,4,512,3e-05,9,740,roc_auc,0.8794283483485927,0.8397687077522278,0.3633841574192047,0.8794283483485927,,,,,roc_auc,0.8499128999102523,0.8169445395469666,0.42353492975234985,0.8499128999102523,,,,,roc_auc,0.8472106992671401,0.8139455914497375,0.4199104309082031,0.8472106992671401,,,,
tolokers,TAG,5,512,3e-05,0,500,roc_auc,0.8782587047464772,0.8373873233795166,0.35116198658943176,0.8782587047464772,,,,,roc_auc,0.852068338608218,0.820006787776947,0.39586856961250305,0.852068338608218,,,,,roc_auc,0.8483914632526185,0.8149660229682922,0.39858826994895935,0.8483914632526185,,,,
tolokers,TAG,5,512,3e-05,1,590,roc_auc,0.8637722184799956,0.8261609077453613,0.37596574425697327,0.8637722184799956,,,,,roc_auc,0.8489488926815558,0.8230690360069275,0.40808889269828796,0.8489488926815558,,,,,roc_auc,0.8460736547288853,0.8204081654548645,0.4054795503616333,0.8460736547288853,,,,
tolokers,TAG,5,512,3e-05,2,340,roc_auc,0.8612563061037181,0.8275216817855835,0.38224005699157715,0.8612563061037181,,,,,roc_auc,0.8378112147984613,0.814222514629364,0.41961783170700073,0.8378112147984613,,,,,roc_auc,0.8521137166546016,0.8265306353569031,0.3974490761756897,0.8521137166546016,,,,
tolokers,TAG,5,512,3e-05,3,690,roc_auc,0.885295729723973,0.8441911935806274,0.3385809361934662,0.885295729723973,,,,,roc_auc,0.8445015607412807,0.8196665048599243,0.3999670445919037,0.8445015607412807,,,,,roc_auc,0.850804844521445,0.8282312750816345,0.3957858085632324,0.850804844521445,,,,
tolokers,TAG,5,512,3e-05,4,720,roc_auc,0.8870105964927991,0.8389182090759277,0.3680386543273926,0.8870105964927991,,,,,roc_auc,0.8367555589952058,0.8145627379417419,0.45981165766716003,0.8367555589952058,,,,,roc_auc,0.8574854471855521,0.8244898319244385,0.4352714419364929,0.8574854471855521,,,,
tolokers,TAG,5,512,3e-05,5,580,roc_auc,0.879179309399817,0.8377275466918945,0.38519784808158875,0.879179309399817,,,,,roc_auc,0.8532909984806702,0.8169445395469666,0.43244853615760803,0.8532909984806702,,,,,roc_auc,0.8294683986345975,0.8095238208770752,0.4667012095451355,0.8294683986345975,,,,
tolokers,TAG,5,512,3e-05,6,630,roc_auc,0.8791726107015012,0.8378975987434387,0.3815663456916809,0.8791726107015012,,,,,roc_auc,0.8569005945616415,0.8220483064651489,0.4339328110218048,0.8569005945616415,,,,,roc_auc,0.8433000116585193,0.8170068264007568,0.4457213878631592,0.8433000116585193,,,,
tolokers,TAG,5,512,3e-05,7,1030,roc_auc,0.9013317351426263,0.8560979962348938,0.3323647975921631,0.9013317351426263,,,,,roc_auc,0.8473087226361117,0.8234093189239502,0.45498132705688477,0.8473087226361117,,,,,roc_auc,0.837867955068609,0.8163265585899353,0.46950459480285645,0.837867955068609,,,,
tolokers,TAG,5,512,3e-05,8,640,roc_auc,0.8829198116631292,0.8390883207321167,0.36489999294281006,0.8829198116631292,,,,,roc_auc,0.8433311745002438,0.8149030208587646,0.4427712857723236,0.8433311745002438,,,,,roc_auc,0.8478780139305749,0.8204081654548645,0.4345308244228363,0.8478780139305749,,,,
tolokers,TAG,5,512,3e-05,9,940,roc_auc,0.8994416846937966,0.857458770275116,0.3132316768169403,0.8994416846937966,,,,,roc_auc,0.8529020011975413,0.8240898251533508,0.4036846458911896,0.8529020011975413,,,,,roc_auc,0.8492902537490273,0.8244898319244385,0.40705570578575134,0.8492902537490273,,,,
