epoch,train_mean_member_ce,valid_pooled_accuracy,valid_pooled_ce,train_step_seconds,validation_seconds,elapsed_seconds,is_selected_so_far
1,4.138144254684448,0.0762777253985405,3.6516637802124023,0.23268753290176392,0.08543369174003601,0.32638631016016006,1
2,3.637116312980652,0.19712069630622864,3.0579473972320557,0.22332140803337097,0.08544124662876129,0.6406552419066429,1
3,3.4065648317337036,0.25672000646591187,2.8879730701446533,0.22308552265167236,0.08549164980649948,0.9548939317464828,1
4,3.320193648338318,0.304271936416626,2.849905252456665,0.22336741536855698,0.08547019958496094,1.2695638164877892,1
5,3.2481449246406555,0.14953520894050598,2.8801019191741943,0.22325512766838074,0.08551138639450073,1.5784013271331787,0
6,3.1955184936523438,0.08077451586723328,2.916893243789673,0.22367984056472778,0.08548370003700256,1.8876236379146576,0
7,3.1554314494132996,0.08194905519485474,2.915952205657959,0.22334599494934082,0.08549682796001434,2.1965618431568146,0
8,3.1185351610183716,0.13466894626617432,2.8713035583496094,0.22309619188308716,0.0853661447763443,2.505086451768875,0
9,3.0863077044487,0.2544380724430084,2.813652753829956,0.22320638597011566,0.08552003651857376,2.8138712719082832,0
10,3.0559548139572144,0.2886338233947754,2.765890121459961,0.22322861850261688,0.08549503237009048,3.122646704316139,0
11,3.027959406375885,0.29215744137763977,2.7280986309051514,0.2235143929719925,0.08551668375730515,3.431734621524811,0
12,2.9973480105400085,0.28950634598731995,2.6957547664642334,0.22325894981622696,0.0854802280664444,3.740532174706459,0
13,2.9619820713996887,0.28470751643180847,2.6617257595062256,0.22325705736875534,0.08551669120788574,4.049359269440174,0
14,2.9255690574645996,0.2881304621696472,2.61151385307312,0.22322803735733032,0.08555347472429276,4.358199506998062,0
15,2.883877396583557,0.30058053135871887,2.5397286415100098,0.22316058725118637,0.08547115325927734,4.66688809543848,0
16,2.8359062671661377,0.31350043416023254,2.467042922973633,0.223285511136055,0.08551333844661713,4.981102667748928,1
17,2.7878958582878113,0.3265545666217804,2.408688545227051,0.2232462465763092,0.08546295017004013,5.296588592231274,1
18,2.742674767971039,0.3415215015411377,2.3601953983306885,0.22309071570634842,0.08540771901607513,5.610557973384857,1
19,2.698849141597748,0.35736095905303955,2.313720941543579,0.223225437104702,0.08547046035528183,5.924855671823025,1
20,2.6565648913383484,0.37299907207489014,2.2623672485351562,0.22329525649547577,0.08560529351234436,6.24083086848259,1
21,2.615524649620056,0.3853820562362671,2.2114484310150146,0.22324981540441513,0.08546701073646545,6.555523455142975,1
22,2.5726929306983948,0.39340245723724365,2.1627094745635986,0.2232159599661827,0.08548887073993683,6.869668170809746,1
23,2.5373806953430176,0.39873820543289185,2.1175155639648438,0.2231782153248787,0.08549243956804276,7.184625834226608,1
24,2.497644364833832,0.4051142632961273,2.0774996280670166,0.22310376167297363,0.08548673242330551,7.4988468289375305,1
25,2.4634880423545837,0.41558438539505005,2.0395522117614746,0.22309190034866333,0.08540157973766327,7.812796533107758,1
26,2.4265700578689575,0.43169233202934265,2.0022084712982178,0.22321531176567078,0.08545316010713577,8.127883419394493,1
27,2.3878249526023865,0.45071980357170105,1.9637115001678467,0.22308657318353653,0.08540471643209457,8.441802747547626,1
28,2.352301001548767,0.46313631534576416,1.9270033836364746,0.22339578717947006,0.08549171686172485,8.756313070654869,1
29,2.3154584169387817,0.47276753187179565,1.8951917886734009,0.22316236048936844,0.08557432144880295,9.07573227584362,1
30,2.2845993041992188,0.4757877588272095,1.8679370880126953,0.2233291119337082,0.08543186634778976,9.391989685595036,1
31,2.2511067390441895,0.4792778193950653,1.8410401344299316,0.22327721118927002,0.08540619164705276,9.706866480410099,1
32,2.220561146736145,0.48572099208831787,1.8132530450820923,0.22329839318990707,0.08554282784461975,10.022192381322384,1
33,2.1910571455955505,0.49186211824417114,1.789251446723938,0.22333035618066788,0.08546354621648788,10.336583346128464,1
34,2.1623573899269104,0.4956541955471039,1.771439790725708,0.22327391803264618,0.08555918186903,10.651189133524895,1
35,2.1353347301483154,0.49954694509506226,1.755435585975647,0.2233072593808174,0.08535978943109512,10.96640694886446,1
36,2.1068248748779297,0.5060572028160095,1.7347755432128906,0.22336284816265106,0.08553071320056915,11.281618036329746,1
37,2.0820011496543884,0.5150508284568787,1.709107756614685,0.2231891006231308,0.08551978319883347,11.597215630114079,1
38,2.0527167916297913,0.5221651792526245,1.6828150749206543,0.2234703078866005,0.08537553250789642,11.912439614534378,1
39,2.0319953560829163,0.5272995233535767,1.6601033210754395,0.22322355955839157,0.08535649627447128,12.226679384708405,1
40,2.0083549320697784,0.5300177931785583,1.6399307250976562,0.22336698323488235,0.08550287038087845,12.541225261986256,1
41,1.983130306005478,0.5360246896743774,1.619362473487854,0.22328761219978333,0.08545244485139847,12.857113756239414,1
42,1.9611243605613708,0.5424342751502991,1.5986753702163696,0.2240551933646202,0.08542781323194504,13.174656875431538,1
43,1.9380420446395874,0.5469982028007507,1.58050537109375,0.22340929508209229,0.08538604527711868,13.491187669336796,1
44,1.9179090857505798,0.5502197742462158,1.5639595985412598,0.22329781204462051,0.08548494428396225,13.806697607040405,1
45,1.897419512271881,0.5533742308616638,1.5479774475097656,0.223667673766613,0.08555714040994644,14.127160042524338,1
46,1.878805249929428,0.5590119957923889,1.5283764600753784,0.22338545322418213,0.08564227819442749,14.441744178533554,1
47,1.85666885972023,0.566327691078186,1.506889820098877,0.2237306833267212,0.08547288924455643,14.757425747811794,1
48,1.8377838730812073,0.5701533555984497,1.4911484718322754,0.22333641350269318,0.08545290678739548,15.072618253529072,1
49,1.8209909200668335,0.5731064677238464,1.47859525680542,0.22333450615406036,0.0855284109711647,15.38734496384859,1
50,1.8036062717437744,0.5764287114143372,1.463139533996582,0.22365231812000275,0.08550595492124557,15.70233366638422,1
51,1.78835791349411,0.5813953280448914,1.4467395544052124,0.22328167408704758,0.08539345860481262,16.01746091246605,1
52,1.7696908712387085,0.5846840143203735,1.4350496530532837,0.22337302565574646,0.0855298563838005,16.332405254244804,1
53,1.7559185326099396,0.5872344374656677,1.424155354499817,0.2232503518462181,0.08546227961778641,16.64668133109808,1
54,1.741162270307541,0.5888788104057312,1.4149019718170166,0.223363496363163,0.0855020061135292,16.960863396525383,1
55,1.7255294620990753,0.5931071043014526,1.4005688428878784,0.22320891916751862,0.0855095311999321,17.276303358376026,1
56,1.7113093733787537,0.5952883958816528,1.3884068727493286,0.2233823835849762,0.08539967983961105,17.59067477285862,1
57,1.698090374469757,0.5988120436668396,1.3767712116241455,0.2232392132282257,0.0855148583650589,17.905094891786575,1
58,1.6844496428966522,0.6009261608123779,1.3656420707702637,0.2232913002371788,0.08546389639377594,18.219483248889446,1
59,1.6696559488773346,0.6030067801475525,1.3560720682144165,0.22330977767705917,0.08554506301879883,18.535579971969128,1
60,1.6580135524272919,0.6048524975776672,1.3483201265335083,0.22349931299686432,0.0854320153594017,18.851631373167038,1
61,1.6477664411067963,0.6064296960830688,1.3398725986480713,0.22375479340553284,0.08579502254724503,19.167237773537636,1
62,1.6349071562290192,0.608241856098175,1.332414984703064,0.2235875055193901,0.08551744371652603,19.48242524266243,1
63,1.6231481432914734,0.6101882457733154,1.3235201835632324,0.22342607378959656,0.08553348481655121,19.797117196023464,1
64,1.6116203963756561,0.6121010780334473,1.314399003982544,0.22369757294654846,0.08568906038999557,20.111898481845856,1
65,1.6033264994621277,0.612637996673584,1.307821273803711,0.22328683733940125,0.08547872304916382,20.42604547739029,1
66,1.5921990275382996,0.6147857308387756,1.2997342348098755,0.22323504835367203,0.08542381227016449,20.741112411022186,1
67,1.5815022587776184,0.6164971590042114,1.2904671430587769,0.22321827709674835,0.08559481799602509,21.058500088751316,1
68,1.5720746219158173,0.6178730726242065,1.285910964012146,0.22335248440504074,0.08551480621099472,21.374406822025776,1
69,1.55983567237854,0.6192489266395569,1.278232216835022,0.22323602437973022,0.08549456298351288,21.68841515481472,1
70,1.5506306290626526,0.6197187304496765,1.2699998617172241,0.22314752638339996,0.08543989062309265,22.002511635422707,1
71,1.5427954196929932,0.6214973330497742,1.2643879652023315,0.22321803122758865,0.08549559861421585,22.316722698509693,1
72,1.533540815114975,0.6236115097999573,1.256810188293457,0.22319313138723373,0.08547400683164597,22.631255619227886,1
73,1.5250847041606903,0.6250209212303162,1.249632716178894,0.22324954718351364,0.0855913758277893,22.945937871932983,1
74,1.5162083208560944,0.624517560005188,1.2476011514663696,0.22317445278167725,0.08551665395498276,23.254694238305092,0
75,1.5097061693668365,0.6266988515853882,1.241580605506897,0.22322970628738403,0.08552109450101852,23.570651806890965,1
76,1.4999607801437378,0.6291150450706482,1.2333799600601196,0.22341106832027435,0.08555500209331512,23.886391520500183,1
77,1.490563690662384,0.6300546526908875,1.2298753261566162,0.22312556207180023,0.08544579148292542,24.2004856467247,1
78,1.483114093542099,0.6314976811408997,1.2245935201644897,0.22318125516176224,0.08551516383886337,24.515141710639,1
79,1.4756665527820587,0.6336118578910828,1.217026948928833,0.22358614951372147,0.08562605828046799,24.830120585858822,1
80,1.4706588089466095,0.6334776282310486,1.215904951095581,0.22320155799388885,0.08551584184169769,25.138917170464993,0
81,1.4648688435554504,0.6344843506813049,1.2103536128997803,0.22320407629013062,0.08541747182607651,25.453051529824734,1
82,1.4560940265655518,0.6371354460716248,1.2048454284667969,0.22322959452867508,0.08551188558340073,25.768981114029884,1
83,1.4513735175132751,0.637336790561676,1.2039555311203003,0.22323434054851532,0.08545123785734177,26.084600396454334,1
84,1.4438241720199585,0.6397865414619446,1.1961398124694824,0.22332747280597687,0.08542992919683456,26.39885985851288,1
85,1.4387695789337158,0.6420349478721619,1.1881548166275024,0.2233484908938408,0.08550490438938141,26.713913075625896,1
86,1.4339411556720734,0.6414980292320251,1.1896008253097534,0.22312071174383163,0.0854494497179985,27.022554516792297,0
87,1.427176058292389,0.6436121463775635,1.1837592124938965,0.22334076464176178,0.08553463220596313,27.33744265884161,1
88,1.4199454188346863,0.644149124622345,1.179342269897461,0.22378214448690414,0.08542785793542862,27.65940384566784,1
89,1.415578842163086,0.6467666625976562,1.1724117994308472,0.22359881550073624,0.08566812425851822,27.975586012005806,1
90,1.4113581776618958,0.6462632417678833,1.1729832887649536,0.22394071519374847,0.08542314171791077,28.285029985010624,0
91,1.4050591588020325,0.6469008922576904,1.1700109243392944,0.223812535405159,0.08549464493989944,28.600913748145103,1
92,1.4015561938285828,0.6475720405578613,1.1657317876815796,0.22321981936693192,0.08552181720733643,28.915755167603493,1
93,1.39412721991539,0.6495184302330017,1.1582221984863281,0.22316137701272964,0.08550476282835007,29.23001354187727,1
94,1.3879772126674652,0.6490486264228821,1.1621437072753906,0.22313298285007477,0.08543998003005981,29.538642808794975,0
95,1.386815220117569,0.6507600545883179,1.1551672220230103,0.22320152074098587,0.08560764789581299,29.852709725499153,1
96,1.3793439865112305,0.6516997218132019,1.1499465703964233,0.22330515831708908,0.08542434871196747,30.168484680354595,1
97,1.3749803602695465,0.6514312028884888,1.1505273580551147,0.2232382521033287,0.0855017676949501,30.47728080302477,0
98,1.3726284801959991,0.6537131667137146,1.1438798904418945,0.22358684986829758,0.08553069829940796,30.792834781110287,1
99,1.3676712810993195,0.6530755758285522,1.1434497833251953,0.2232266440987587,0.08544283360242844,31.101559549570084,0
100,1.3624423146247864,0.6544514894485474,1.1402603387832642,0.2231440767645836,0.08552806079387665,31.41606779396534,1
101,1.3603355884552002,0.654921293258667,1.1371960639953613,0.22342542558908463,0.08553068339824677,31.730646036565304,1
102,1.3546139001846313,0.6558273434638977,1.1359775066375732,0.22308863699436188,0.08543521910905838,32.04496030509472,1
103,1.350236564874649,0.6558273434638977,1.1306430101394653,0.22319995611906052,0.08549990504980087,32.35963640362024,1
104,1.346536636352539,0.6563307046890259,1.134316325187683,0.2232102006673813,0.08543802052736282,32.674144342541695,1
105,1.3417350947856903,0.6573710441589355,1.1263930797576904,0.2231523096561432,0.08545640856027603,32.98928914964199,1
106,1.3391644656658173,0.6578744053840637,1.1245065927505493,0.22309723496437073,0.08547019213438034,33.30466841906309,1
107,1.3364797830581665,0.658444881439209,1.1242295503616333,0.2231225222349167,0.08551853150129318,33.61852231621742,1
108,1.3316583931446075,0.6586462259292603,1.1182312965393066,0.22304054349660873,0.08541049808263779,33.93233096599579,1
109,1.3281760513782501,0.6596194505691528,1.119859218597412,0.22347240895032883,0.08557839691638947,34.24656278640032,1
110,1.3256531953811646,0.6603241562843323,1.1146267652511597,0.22312228381633759,0.08536972105503082,34.56073447316885,1
111,1.3225208520889282,0.660491943359375,1.1109315156936646,0.22342325747013092,0.08583634346723557,34.87644810974598,1
112,1.3190093040466309,0.6607939600944519,1.1144756078720093,0.22380051761865616,0.08551303297281265,35.1915442571044,1
113,1.3162615299224854,0.6611966490745544,1.1087764501571655,0.22331396490335464,0.08544515073299408,35.50757858902216,1
114,1.3123862743377686,0.6615657806396484,1.1089420318603516,0.2230943664908409,0.08550567179918289,35.82162508368492,1
115,1.3082005977630615,0.6623376607894897,1.1055828332901,0.22310123592615128,0.08553871512413025,36.13599729537964,1
116,1.3080577850341797,0.6629416942596436,1.10430908203125,0.22315716743469238,0.08550500869750977,36.45025070756674,1
117,1.304699182510376,0.6628410220146179,1.1029701232910156,0.2231629118323326,0.08541518449783325,36.75888783484697,0
118,1.302242785692215,0.6633108258247375,1.1000274419784546,0.222924143075943,0.08545483648777008,37.074461594223976,1
119,1.3003758490085602,0.6641833186149597,1.09599769115448,0.2231409177184105,0.08543885499238968,37.38926524668932,1
120,1.2968338429927826,0.6649887561798096,1.0949734449386597,0.22321202605962753,0.08552800863981247,37.7045062482357,1
121,1.2933707535266876,0.6636799573898315,1.0969606637954712,0.22314955294132233,0.08554128557443619,38.013263426721096,0
122,1.2891667187213898,0.6650894284248352,1.0940238237380981,0.22335386276245117,0.08545533567667007,38.32816981524229,1
123,1.2867587804794312,0.6661632657051086,1.0914809703826904,0.2230292335152626,0.0855221226811409,38.64222248643637,1
124,1.2832091748714447,0.6664988398551941,1.0883129835128784,0.22300106287002563,0.0856354683637619,38.95647420734167,1
125,1.2827537953853607,0.6644182205200195,1.0914522409439087,0.22323478013277054,0.0854717567563057,39.265246011316776,0
126,1.2810776233673096,0.6665995121002197,1.0891473293304443,0.22312220931053162,0.08546610176563263,39.58086076378822,1
127,1.2775181829929352,0.6678076386451721,1.083296298980713,0.22317513078451157,0.08557110279798508,39.8974609002471,1
128,1.2746460437774658,0.6650558710098267,1.0905967950820923,0.22311335057020187,0.08551381528377533,40.20615108311176,0
129,1.2718449234962463,0.6682103276252747,1.0826255083084106,0.22310593724250793,0.08549441397190094,40.52074012905359,1
130,1.2691071033477783,0.6690157055854797,1.0808300971984863,0.2236834317445755,0.08562985807657242,40.83576852083206,1
131,1.266606718301773,0.6684116721153259,1.0817689895629883,0.2232670783996582,0.0855051800608635,41.1446179151535,0
132,1.2654789984226227,0.6688814759254456,1.077589988708496,0.2232438176870346,0.0855315551161766,41.453469440340996,0
133,1.2641682624816895,0.6696868538856506,1.0783826112747192,0.22309549152851105,0.08548237383365631,41.76810114830732,1
134,1.2607966363430023,0.6706600785255432,1.076490044593811,0.22319117933511734,0.08557815849781036,42.08444778621197,1
135,1.257083773612976,0.6703245043754578,1.0739293098449707,0.22326401621103287,0.08538360148668289,42.393166452646255,0
136,1.2575977444648743,0.6710292100906372,1.0747692584991455,0.2231387495994568,0.08552604168653488,42.70788011699915,1
137,1.2550100088119507,0.6718010306358337,1.0719211101531982,0.2231719046831131,0.08545782417058945,43.02179715037346,1
138,1.2510551810264587,0.670156717300415,1.0735334157943726,0.22328747808933258,0.08556417375802994,43.330704025924206,0
139,1.2497968077659607,0.6711298823356628,1.0701425075531006,0.22315819561481476,0.08554580807685852,43.639480262994766,0
140,1.2481864094734192,0.6735460758209229,1.065332055091858,0.2230396568775177,0.08542772382497787,43.953592628240585,1
141,1.2464416325092316,0.6718681454658508,1.0703800916671753,0.22314760833978653,0.08549223840236664,44.26229174435139,0
142,1.2429158687591553,0.6735125184059143,1.065071940422058,0.22300762683153152,0.08548557013273239,44.57086651772261,0
143,1.2401424050331116,0.6735796332359314,1.0643035173416138,0.22327638417482376,0.08545766025781631,44.88575256615877,1
144,1.2393414676189423,0.6738145351409912,1.0672365427017212,0.22331006824970245,0.08547957241535187,45.19982462376356,1
145,1.2374623715877533,0.6746870279312134,1.0611501932144165,0.2231774926185608,0.08551128953695297,45.51441513001919,1
146,1.2367703020572662,0.6734789609909058,1.0639172792434692,0.22315643727779388,0.08565571159124374,45.823296904563904,0
147,1.2338122725486755,0.6750897169113159,1.0605360269546509,0.22331896424293518,0.08542759716510773,46.138326212763786,1
148,1.2314700484275818,0.6752575039863586,1.0586111545562744,0.2231495901942253,0.08548726886510849,46.45244985073805,1
149,1.2308681011199951,0.6751232743263245,1.0631489753723145,0.22316504269838333,0.08550611138343811,46.76118475198746,0
150,1.2270973324775696,0.6774723529815674,1.0535048246383667,0.22325412184000015,0.0855436697602272,47.07810077816248,1
151,1.2270853519439697,0.6766669750213623,1.0545716285705566,0.22301708906888962,0.08545254915952682,47.38664557784796,0
152,1.226889580488205,0.6755260229110718,1.0593459606170654,0.22329292446374893,0.08541855961084366,47.69542359560728,0
153,1.222624659538269,0.6771032214164734,1.0534722805023193,0.2231723591685295,0.08552587032318115,48.00420054793358,0
154,1.2230007946491241,0.6766334176063538,1.055464744567871,0.2231728434562683,0.08542922139167786,48.31287685036659,0
155,1.2213099896907806,0.6777072548866272,1.052755355834961,0.22312907129526138,0.08542096614837646,48.6274041980505,1
156,1.2188914716243744,0.677942156791687,1.0514500141143799,0.22330237925052643,0.08551552891731262,48.94176475703716,1
157,1.218359649181366,0.6768683195114136,1.05238938331604,0.22299466282129288,0.08565422892570496,49.25048088282347,0
158,1.2143960893154144,0.679183840751648,1.0453715324401855,0.22313684225082397,0.08543092012405396,49.56575037539005,1
159,1.2141287326812744,0.6777743697166443,1.0508562326431274,0.2231089472770691,0.08541706204414368,49.87434044480324,0
160,1.210706114768982,0.6765663027763367,1.0539841651916504,0.22317595779895782,0.08566679060459137,50.18326012045145,0
161,1.2098933458328247,0.6798549890518188,1.0431482791900635,0.22313791513442993,0.08537032455205917,50.49735602736473,1
162,1.2069720029830933,0.6781100034713745,1.0480915307998657,0.22319719940423965,0.08582720160484314,50.806444734334946,0
163,1.20592400431633,0.6798549890518188,1.0442465543746948,0.22378717362880707,0.0854305550456047,51.115795470774174,0
164,1.205137014389038,0.6790496110916138,1.0457552671432495,0.22330327332019806,0.08539664000272751,51.42455533891916,0
165,1.2022362649440765,0.679250955581665,1.0439846515655518,0.22320882976055145,0.08540894836187363,51.733230493962765,0
166,1.2026477754116058,0.6803919076919556,1.0403473377227783,0.22357607632875443,0.08558908849954605,52.050497099757195,1
167,1.203373908996582,0.678881824016571,1.046562910079956,0.2234097719192505,0.08547139912843704,52.359471917152405,0
168,1.199331670999527,0.6808282136917114,1.0405004024505615,0.22310615330934525,0.08539271354675293,52.674511075019836,1
169,1.196582853794098,0.6804925799369812,1.0399746894836426,0.2232240065932274,0.0854339674115181,52.98324344307184,0
170,1.1952848434448242,0.681969165802002,1.038746953010559,0.22340525686740875,0.08558511734008789,53.299238339066505,1
171,1.1961311399936676,0.6832779049873352,1.0370064973831177,0.2234220653772354,0.08546427637338638,53.61429505050182,1
172,1.194432407617569,0.6807275414466858,1.0391286611557007,0.223218135535717,0.08539512008428574,53.922997295856476,0
173,1.1939387023448944,0.6830430030822754,1.034498691558838,0.22321157157421112,0.08542301505804062,54.231707371771336,0
174,1.1898285448551178,0.682405412197113,1.0365716218948364,0.22314349561929703,0.0855126604437828,54.540450878441334,0
175,1.190906137228012,0.6807946562767029,1.0389256477355957,0.22330644726753235,0.08549154549837112,54.84931370615959,0
176,1.1872276365756989,0.6833115220069885,1.0327560901641846,0.22300956398248672,0.08550616353750229,55.16354036331177,1
177,1.1850274503231049,0.6846873760223389,1.0315289497375488,0.22322741895914078,0.08551350980997086,55.47821234166622,1
178,1.1852017641067505,0.6827409863471985,1.035590648651123,0.22325558960437775,0.08553685247898102,55.78706835210323,0
179,1.1863752007484436,0.6834121942520142,1.0319756269454956,0.22308199852705002,0.08552735298871994,56.0957488194108,0
180,1.183599591255188,0.6846202611923218,1.0324100255966187,0.22351910918951035,0.08559588342905045,56.40494252741337,0
181,1.1811550855636597,0.6838819980621338,1.0308932065963745,0.22406041622161865,0.08550083637237549,56.714599058032036,0
182,1.1790278553962708,0.6855934262275696,1.0271449089050293,0.22336417436599731,0.08549866080284119,57.0295237749815,1
183,1.1777945160865784,0.6841168999671936,1.0320608615875244,0.22310379147529602,0.08554594963788986,57.338230572640896,0
184,1.1772555708885193,0.6854591965675354,1.0276166200637817,0.22430196404457092,0.08559473603963852,57.64819384366274,0
185,1.176840990781784,0.6858618855476379,1.024582028388977,0.22313524037599564,0.08552958816289902,57.96240285784006,1
186,1.175041675567627,0.6837142109870911,1.0309935808181763,0.22314588725566864,0.08556648343801498,58.2711693122983,0
187,1.1730587780475616,0.6865666508674622,1.0242871046066284,0.2234679013490677,0.08586191385984421,58.5875895395875,1
188,1.172361820936203,0.6842175722122192,1.029004693031311,0.22360087931156158,0.08546822518110275,58.8967552036047,0
189,1.1700645089149475,0.686801552772522,1.0243784189224243,0.22336960583925247,0.08542041480541229,59.21190247684717,1
190,1.1711129546165466,0.6870364546775818,1.0214409828186035,0.22352343052625656,0.08553062379360199,59.52622766792774,1
191,1.16967111825943,0.6856940984725952,1.0260900259017944,0.2231793850660324,0.08547358214855194,59.83493805676699,0
192,1.167230099439621,0.6874727010726929,1.0199004411697388,0.22320925444364548,0.08547307550907135,60.149643532931805,1
193,1.1656153500080109,0.6856605410575867,1.024497389793396,0.22328244149684906,0.08548710495233536,60.45847091823816,0
194,1.1651021838188171,0.6872377991676331,1.0231021642684937,0.2230716198682785,0.08546467125415802,60.76706289499998,0
195,1.164041817188263,0.6873384714126587,1.0200868844985962,0.22413837909698486,0.08547645062208176,61.07673217356205,0
196,1.1633078455924988,0.6861639618873596,1.0245935916900635,0.22313014417886734,0.08546596020460129,61.38539130985737,0
197,1.1635969281196594,0.6878753900527954,1.016890287399292,0.2232479527592659,0.08551851660013199,61.69980142265558,1
198,1.160509467124939,0.6877747178077698,1.0187132358551025,0.22323360294103622,0.08541115373373032,62.00850075483322,0
199,1.1587127149105072,0.6867679953575134,1.0232516527175903,0.22319167852401733,0.08550787717103958,62.31725249439478,0
200,1.159900039434433,0.6893184185028076,1.0148844718933105,0.2231859266757965,0.08558917790651321,62.63146514445543,1
201,1.1570819020271301,0.6875733733177185,1.0187572240829468,0.22335953265428543,0.08549913763999939,62.94037859886885,0
202,1.1577251255512238,0.6876740455627441,1.0197933912277222,0.22317063808441162,0.08561980724334717,63.249245546758175,0
203,1.1556513011455536,0.6896875500679016,1.0140551328659058,0.22319503128528595,0.0855017602443695,63.56382259726524,1
204,1.1543828547000885,0.686063289642334,1.021175503730774,0.22330878674983978,0.0855555459856987,63.872743263840675,0
205,1.1539766490459442,0.6895533204078674,1.0117216110229492,0.2233181670308113,0.0855177715420723,64.18164438009262,0
206,1.1522717475891113,0.6894190907478333,1.0161399841308594,0.22328706085681915,0.08553438633680344,64.49052853137255,0
207,1.1494397819042206,0.6882445216178894,1.0160316228866577,0.22325707972049713,0.08548079431056976,64.79932264983654,0
208,1.1499565541744232,0.6904258131980896,1.0102425813674927,0.2234828621149063,0.0855073630809784,65.11428354680538,1
209,1.1485455334186554,0.6905936002731323,1.0127458572387695,0.22317207604646683,0.0854230746626854,65.43237401545048,1
210,1.1475997269153595,0.6875062584877014,1.0190057754516602,0.22327370196580887,0.08551651984453201,65.74122248589993,0
211,1.1467519402503967,0.6899224519729614,1.0093929767608643,0.22328273206949234,0.08553308993577957,66.05009789019823,0
212,1.1463095843791962,0.6892513036727905,1.015579342842102,0.22325394302606583,0.08547845482826233,66.35889152437449,0
213,1.1464995741844177,0.6899224519729614,1.0101865530014038,0.22311878949403763,0.0854843333363533,66.66755347698927,0
214,1.1448563933372498,0.68995600938797,1.0115336179733276,0.22332049906253815,0.08548559248447418,66.9764169305563,0
215,1.1425590515136719,0.6903586983680725,1.010850191116333,0.22317861765623093,0.08546414226293564,67.28511583805084,0
216,1.142546385526657,0.690761387348175,1.0054014921188354,0.22322136163711548,0.08548038452863693,67.60105011612177,1
217,1.141760677099228,0.6897546648979187,1.011826753616333,0.2236272096633911,0.08579270541667938,67.91053024679422,0
218,1.1391923129558563,0.6904929280281067,1.010396957397461,0.22377527505159378,0.08538822829723358,68.21983800083399,0
219,1.1389292478561401,0.690761387348175,1.0060138702392578,0.2232571467757225,0.08548758178949356,68.52864103764296,0
220,1.1399628818035126,0.6911640763282776,1.0078320503234863,0.22316022962331772,0.08541343361139297,68.84412733465433,1
221,1.135843575000763,0.6911976337432861,1.0053011178970337,0.2231297567486763,0.08541448414325714,69.15888714790344,1
222,1.1366421282291412,0.689217746257782,1.0111159086227417,0.2230072319507599,0.08554239571094513,69.46752126514912,0
223,1.1360169649124146,0.6916674971580505,1.0034321546554565,0.22322382777929306,0.08553149551153183,69.78261186182499,1
224,1.135613888502121,0.6914325952529907,1.0047736167907715,0.2233089879155159,0.08553244918584824,70.09151550382376,0
225,1.1317967176437378,0.6902915835380554,1.0086283683776855,0.2234547808766365,0.08556293696165085,70.40059994161129,0
226,1.1320290863513947,0.6913319230079651,1.0033619403839111,0.2235988974571228,0.08538956940174103,70.70967201888561,0
227,1.1313709616661072,0.690761387348175,1.005695104598999,0.2239295095205307,0.08539799600839615,71.01911497116089,0
228,1.131562978029251,0.6936473846435547,0.9990861415863037,0.22314968705177307,0.08529307693243027,71.33693335950375,1
229,1.128551572561264,0.6908956170082092,1.0048969984054565,0.2231297865509987,0.08544447273015976,71.64556457847357,0
230,1.129080891609192,0.6915668249130249,1.0055937767028809,0.2231164649128914,0.08539093285799026,71.954126521945,0
231,1.1280108094215393,0.6928084492683411,0.998434841632843,0.22339464724063873,0.0855480432510376,72.26312537491322,0
232,1.1277205049991608,0.6918017268180847,1.0029098987579346,0.22306499630212784,0.08560624718666077,72.5718585178256,0
233,1.1286186575889587,0.6925735473632812,1.003421425819397,0.22324741631746292,0.08550172299146652,72.88067496567965,0
234,1.1272622346878052,0.693110466003418,0.9975919127464294,0.2254451885819435,0.08544787764549255,73.19164172559977,0
235,1.1268281638622284,0.6914661526679993,1.0059654712677002,0.22337980568408966,0.08552209287881851,73.50062479823828,0
236,1.125919222831726,0.6941508054733276,0.996966540813446,0.22324537485837936,0.08548613637685776,73.81592162698507,1
237,1.1222479939460754,0.6924728751182556,1.0006461143493652,0.22338685393333435,0.08542042970657349,74.12478639930487,0
238,1.1226559281349182,0.6928755640983582,1.0007164478302002,0.2230984792113304,0.08547034114599228,74.43340606242418,0
239,1.1227622032165527,0.6939830183982849,0.9944831728935242,0.22308505326509476,0.08555363118648529,74.74210275709629,0
240,1.1237581074237823,0.6907949447631836,1.0078626871109009,0.22318919748067856,0.08539553731679916,75.05074228346348,0
241,1.121080368757248,0.6943857073783875,0.9952309131622314,0.22362113744020462,0.08564698696136475,75.36590798944235,1
242,1.1189974248409271,0.6932111382484436,0.9970343112945557,0.22312171012163162,0.08539420366287231,75.67447788268328,0
243,1.1186065971851349,0.6932446956634521,0.9987141489982605,0.22323060035705566,0.085490882396698,75.98325479775667,0
244,1.1187939643859863,0.6942850351333618,0.9932006001472473,0.22311018407344818,0.0855112224817276,76.29192999005318,0
245,1.1179229617118835,0.6926071047782898,1.0010066032409668,0.22375334054231644,0.08552557975053787,76.6012675985694,0
246,1.1161079704761505,0.6932111382484436,0.9955726265907288,0.22321976721286774,0.08552004396915436,76.91011074185371,0
247,1.114725261926651,0.6948555111885071,0.9936266541481018,0.22327008098363876,0.08539219200611115,77.22629724442959,1
248,1.1147134602069855,0.6932446956634521,0.9963934421539307,0.22304484993219376,0.08550713211297989,77.53490983694792,0
249,1.1143971383571625,0.6946206092834473,0.990936815738678,0.22351577132940292,0.0854487419128418,77.84395380318165,0
250,1.1114078760147095,0.6955937743186951,0.9938009977340698,0.22301025688648224,0.08534082025289536,78.15905977040529,1
251,1.112839162349701,0.6946541666984558,0.99383145570755,0.22374500334262848,0.08558733761310577,78.46846114099026,0
252,1.110079675912857,0.693848729133606,0.9946099519729614,0.22321779280900955,0.08540920168161392,78.77716040611267,0
253,1.111439824104309,0.6948890686035156,0.9944393634796143,0.22328896820545197,0.08548305928707123,79.08599492907524,0
254,1.1096786856651306,0.6943521499633789,0.9924870133399963,0.22353428602218628,0.0854605957865715,79.39504772424698,0
255,1.1095280051231384,0.6950568556785583,0.989754855632782,0.22336938232183456,0.08544964343309402,79.70393388718367,0
256,1.1094825565814972,0.695157527923584,0.9935691952705383,0.2232571542263031,0.08549289405345917,80.01275557279587,0
257,1.1081366539001465,0.6943521499633789,0.994856059551239,0.2235153466463089,0.08548244833946228,80.32181377708912,0
258,1.1065644025802612,0.695157527923584,0.9898166060447693,0.22311186790466309,0.08545748889446259,80.63045481592417,0
259,1.1060788929462433,0.6954259872436523,0.9922956228256226,0.2232843115925789,0.08552014827728271,80.93932622671127,0
260,1.106380969285965,0.6957280039787292,0.9883240461349487,0.2231440469622612,0.08550480753183365,81.25479935854673,1
261,1.1065426170825958,0.6945870518684387,0.9912752509117126,0.22338053584098816,0.0855267196893692,81.56377577036619,0
262,1.10463085770607,0.6971039175987244,0.9881097674369812,0.22343187034130096,0.08559505641460419,81.89313185214996,1
263,1.1045576333999634,0.6963655948638916,0.9866589307785034,0.22336646169424057,0.08544880896806717,82.2020189166069,0
264,1.1030435264110565,0.6947548389434814,0.9932460188865662,0.22318072617053986,0.08559607714414597,82.51086701452732,0
265,1.1055518686771393,0.6970032453536987,0.9885257482528687,0.22399528324604034,0.08543621748685837,82.820387147367,0
266,1.101908564567566,0.6970032453536987,0.9856995940208435,0.22305502742528915,0.08547159284353256,83.1290083527565,0
267,1.1011901497840881,0.6959964632987976,0.9877549409866333,0.2232605591416359,0.08549323678016663,83.43781143426895,0
268,1.1008169949054718,0.69720458984375,0.9879900217056274,0.22326795756816864,0.08552805334329605,83.7550719678402,1
269,1.0995084345340729,0.6958286762237549,0.9905633926391602,0.22281993925571442,0.08542841672897339,84.06337794661522,0
270,1.1004723608493805,0.6966341137886047,0.9852808117866516,0.22316227853298187,0.0855259820818901,84.37213783711195,0
271,1.0976416170597076,0.6959629058837891,0.9891073703765869,0.2231491431593895,0.08542796224355698,84.68078649789095,0
272,1.0967947840690613,0.69720458984375,0.9839520454406738,0.2231544777750969,0.0854785293340683,85.00817210972309,1
273,1.0968076288700104,0.6969696879386902,0.9843563437461853,0.22328105568885803,0.08546506613492966,85.31705459207296,0
274,1.0984964668750763,0.6969696879386902,0.9854921102523804,0.22300931811332703,0.08543578535318375,85.62556729465723,0
275,1.0967482924461365,0.6978757381439209,0.984402596950531,0.22320092469453812,0.08543971925973892,85.94447950273752,1
276,1.0961935818195343,0.6954931020736694,0.9884146451950073,0.22335606813430786,0.08549021184444427,86.25339433550835,0
277,1.09630486369133,0.6987482309341431,0.978374719619751,0.22332113236188889,0.08551149070262909,86.57441184669733,1
278,1.0944860577583313,0.6979092955589294,0.984112560749054,0.22325220704078674,0.08547690510749817,86.88323859125376,0
279,1.093682885169983,0.6981777548789978,0.9841547012329102,0.22323499619960785,0.08539820462465286,87.19192711263895,0
280,1.0925085544586182,0.6977415084838867,0.9833675622940063,0.22293899208307266,0.08546313643455505,87.50037975609303,0
281,1.0935154855251312,0.6975066065788269,0.9839392900466919,0.22320868074893951,0.08551151305437088,87.80915509909391,0
282,1.0924321115016937,0.6980770826339722,0.9812936186790466,0.22341539710760117,0.08552971482276917,88.1181571483612,0
283,1.0925918519496918,0.6971374750137329,0.9846547245979309,0.22307885438203812,0.08559408038854599,88.42688920348883,0
284,1.0906249582767487,0.6988489031791687,0.9818745851516724,0.22325464338064194,0.08545699715614319,88.74144128710032,1
285,1.0893093049526215,0.6986140012741089,0.9798147082328796,0.22301335632801056,0.08548276871442795,89.04998720437288,0
286,1.0895982384681702,0.6970032453536987,0.9851394295692444,0.2232576534152031,0.0858984887599945,89.35921479016542,0
287,1.0887838006019592,0.6989495754241943,0.9790964722633362,0.22375735640525818,0.08549761027097702,89.67600405961275,1
288,1.0890579521656036,0.6956944465637207,0.9865372776985168,0.2237437441945076,0.0855078399181366,89.98532092571259,0
289,1.0893072485923767,0.698681116104126,0.9777917861938477,0.22323128581047058,0.08548346906900406,90.29409378767014,0
290,1.0864888429641724,0.6982784271240234,0.9827515482902527,0.22316671162843704,0.08550577610731125,90.60282527655363,0
291,1.0855761766433716,0.6987146735191345,0.979839026927948,0.223938450217247,0.08572559058666229,90.91255605965853,0
292,1.0853654444217682,0.6987817883491516,0.978678286075592,0.22351115942001343,0.0854005292057991,91.22157897800207,0
293,1.0848063230514526,0.6969361305236816,0.9854939579963684,0.22328869998455048,0.08549565076828003,91.53042996674776,0
294,1.0863783359527588,0.6989831328392029,0.9755288362503052,0.22322658449411392,0.08551356196403503,91.84633107483387,1
295,1.0840052962303162,0.6976072788238525,0.9849676489830017,0.2231716886162758,0.0853717029094696,92.15492997318506,0
296,1.0826898217201233,0.6994194388389587,0.9768873453140259,0.22310252487659454,0.08549876511096954,92.47051773965359,1
297,1.081969976425171,0.6988824605941772,0.9769097566604614,0.22332392632961273,0.08551745861768723,92.77941934764385,0
298,1.082664966583252,0.6974730491638184,0.9802771210670471,0.22313626110553741,0.08544083684682846,93.08805252611637,0
299,1.0823498368263245,0.6993523240089417,0.9745103120803833,0.2234063744544983,0.08554208278656006,93.3970665037632,0
300,1.0818035900592804,0.6985468864440918,0.9801622629165649,0.22329892963171005,0.08553791791200638,93.70597328990698,0
301,1.080079436302185,0.6995201110839844,0.9809527397155762,0.22324805706739426,0.08566506206989288,94.02111811935902,1
302,1.0800907015800476,0.69905024766922,0.9758325219154358,0.22382666170597076,0.08549249172210693,94.3305239379406,0
303,1.0809727311134338,0.6989160180091858,0.9801439046859741,0.22329048812389374,0.08550085872411728,94.63939566910267,0
304,1.0791178047657013,0.7001577019691467,0.9737132787704468,0.2235204130411148,0.08553948253393173,94.95604507625103,1
305,1.0788467526435852,0.6987146735191345,0.9751040935516357,0.22326816618442535,0.08536763489246368,95.26475644856691,0
306,1.0776225626468658,0.6989831328392029,0.9802706241607666,0.22350535541772842,0.08546923846006393,95.57382019609213,0
307,1.0785369277000427,0.7001912593841553,0.9711798429489136,0.22347353398799896,0.08550909161567688,95.88930097967386,1
308,1.077663093805313,0.6960635781288147,0.9827874898910522,0.22325429320335388,0.08552399277687073,96.19814886152744,0
309,1.0784905850887299,0.7004932761192322,0.9746490120887756,0.2233836129307747,0.08530832082033157,96.51834270358086,1
310,1.076320618391037,0.6995536684989929,0.9763838648796082,0.22377193719148636,0.08552318811416626,96.82771448791027,0
311,1.0752736628055573,0.6980099678039551,0.9795005917549133,0.22347261756658554,0.08552253991365433,97.13680389523506,0
312,1.0729268491268158,0.7011979818344116,0.9701823592185974,0.223089337348938,0.08541728556156158,97.4545870795846,1
313,1.0756773054599762,0.6991509199142456,0.9776303768157959,0.2232896089553833,0.08549299091100693,97.76343662291765,0
314,1.074063777923584,0.6984126567840576,0.9748817682266235,0.22320257127285004,0.08544258028268814,98.07213938236237,0
315,1.0720307528972626,0.7009966373443604,0.9719855189323425,0.22334439307451248,0.08546143770217896,98.38101866096258,0
316,1.0722988843917847,0.6984126567840576,0.9812184572219849,0.22332125157117844,0.08540194481611252,98.68982827663422,0
317,1.0733403861522675,0.7001241445541382,0.9709751009941101,0.22320814430713654,0.08550586551427841,98.99860049039125,0
318,1.0718277096748352,0.6997550129890442,0.975740373134613,0.22334689646959305,0.08551255613565445,99.3075292930007,0
319,1.070788562297821,0.7007952928543091,0.9725021123886108,0.2233569398522377,0.08555535972118378,99.61651573330164,0
320,1.0708345472812653,0.7005268335342407,0.9698848128318787,0.22356504946947098,0.0855015441775322,99.9256829097867,0
321,1.0707290470600128,0.6973052620887756,0.9830751419067383,0.22374775260686874,0.08545631170272827,100.23498713225126,0
322,1.0705254673957825,0.701097309589386,0.9689164161682129,0.22340097278356552,0.08557736873626709,100.54404490441084,0
323,1.0699833035469055,0.7004261612892151,0.9698340892791748,0.22336682677268982,0.08552555739879608,100.85301364213228,0
324,1.0684139728546143,0.6987146735191345,0.9787273406982422,0.22333834320306778,0.08555491268634796,101.16198883205652,0
325,1.0702328085899353,0.7012315392494202,0.9688282012939453,0.2234002649784088,0.0855427011847496,101.47763346135616,1
326,1.068541556596756,0.7005939483642578,0.9696354866027832,0.22340893000364304,0.08554106205701828,101.7866533100605,0
327,1.0666723549365997,0.6994529962539673,0.9761860370635986,0.2233673632144928,0.08542803674936295,102.09554684907198,0
328,1.067769855260849,0.7017013430595398,0.9686099886894226,0.2234843149781227,0.08547002822160721,102.41066236793995,1
329,1.0672420263290405,0.7003254890441895,0.9716023802757263,0.22380785644054413,0.08565545827150345,102.72022833675146,0
330,1.065099447965622,0.7017013430595398,0.9714801907539368,0.22341036796569824,0.08550523221492767,103.02925749868155,0
331,1.0661962032318115,0.7010301947593689,0.9690065383911133,0.2233741655945778,0.08554574102163315,103.33827005326748,0
332,1.0658990740776062,0.6993523240089417,0.9766806960105896,0.22336504608392715,0.08546503633260727,103.64716719835997,0
333,1.0644709467887878,0.7027081251144409,0.9670814871788025,0.22345855832099915,0.08536089956760406,103.96281899511814,1
334,1.0654660165309906,0.7013322114944458,0.9677793979644775,0.22339289635419846,0.08570947498083115,104.27198772877455,0
335,1.0643862783908844,0.6994865536689758,0.9745407104492188,0.22322654724121094,0.08549242466688156,104.58076924830675,0
336,1.0635481774806976,0.7022718787193298,0.9666918516159058,0.22297925502061844,0.08552753925323486,104.88933564722538,0
337,1.0638064444065094,0.7022383213043213,0.9694268107414246,0.22314952313899994,0.08547624200582504,105.19803943485022,0
338,1.0628244578838348,0.7017013430595398,0.9690432548522949,0.22303131222724915,0.08557397872209549,105.50670127570629,0
339,1.0613349676132202,0.7021376490592957,0.9667624235153198,0.2232585996389389,0.08555465936660767,105.8155784457922,0
340,1.062664806842804,0.7012986540794373,0.9718114733695984,0.22314254939556122,0.08553525805473328,106.12431280314922,0
341,1.0605025589466095,0.7032450437545776,0.9644536972045898,0.22323067486286163,0.08555188775062561,106.43957928568125,1
342,1.059533804655075,0.7022047638893127,0.9669823050498962,0.22292468696832657,0.08549873530864716,106.74805846810341,0
343,1.0595062375068665,0.7008959650993347,0.9731489419937134,0.2231554463505745,0.08551784604787827,107.05679119378328,0
344,1.0603527426719666,0.7032786011695862,0.9622598886489868,0.2232087403535843,0.08553627133369446,107.37109064310789,1
345,1.0607514083385468,0.7009630799293518,0.9679906964302063,0.2232557311654091,0.08554039150476456,107.679965890944,0
346,1.0577093362808228,0.7019027471542358,0.9673504829406738,0.22300714999437332,0.08548266440629959,107.98851297050714,0
347,1.0591992735862732,0.7034463882446289,0.9633042812347412,0.22308432310819626,0.08545547723770142,108.30274306237698,1
348,1.0584136247634888,0.7024732232093811,0.9655474424362183,0.2229786068201065,0.0854145810008049,108.61119432002306,0
349,1.0578881204128265,0.7025067806243896,0.9669463634490967,0.2230781689286232,0.08549219369888306,108.91982006281614,0
350,1.0559203922748566,0.7029430270195007,0.9667723774909973,0.22299817949533463,0.08549568802118301,109.22837755084038,0
351,1.0576801598072052,0.7026410102844238,0.9660896062850952,0.2230938896536827,0.08550513535737991,109.53703439980745,0
352,1.054619699716568,0.7026074528694153,0.9618026614189148,0.22369025647640228,0.08532918244600296,109.84613417834044,0
353,1.056648850440979,0.702775239944458,0.9662595987319946,0.22293579578399658,0.08555714786052704,110.15470467507839,0
354,1.0550428628921509,0.7021040916442871,0.9677631855010986,0.22313294559717178,0.08545585721731186,110.46337439864874,0
355,1.0559290945529938,0.7026410102844238,0.9616296887397766,0.22320688515901566,0.08562397956848145,110.77226373553276,0
356,1.0540011525154114,0.7026410102844238,0.9641386270523071,0.22300009429454803,0.08552943915128708,111.08084975928068,0
357,1.0528806447982788,0.7020034193992615,0.9666470885276794,0.22310617566108704,0.08551723510026932,111.38952949643135,0
358,1.0546075105667114,0.7033792734146118,0.9634726047515869,0.22308097779750824,0.0854186937212944,111.69809298962355,0
359,1.052679181098938,0.7026745676994324,0.9635493755340576,0.22300485521554947,0.08542874455451965,112.00658314675093,0
360,1.0522694885730743,0.7021712064743042,0.967028796672821,0.22303456813097,0.08555994927883148,112.31523440778255,0
361,1.051771730184555,0.7028759121894836,0.962068498134613,0.22334599494934082,0.0854281485080719,112.62410135567188,0
362,1.0528282821178436,0.7028759121894836,0.9653569459915161,0.2231735959649086,0.08553944528102875,112.93288447707891,0
363,1.0526831448078156,0.70388263463974,0.9620148539543152,0.22361504286527634,0.08555819094181061,113.24867016077042,1
364,1.050064742565155,0.7030772566795349,0.9638376832008362,0.22329936176538467,0.08551901578903198,113.55756917595863,0
365,1.0501947402954102,0.7021376490592957,0.9670401215553284,0.22304124385118484,0.08537515252828598,113.86604599654675,0
366,1.0507650077342987,0.7045538425445557,0.958286464214325,0.2230478748679161,0.0853700041770935,114.18141610175371,1
367,1.0508115887641907,0.7020705342292786,0.9653905034065247,0.22348494827747345,0.08553854376077652,114.49050660431385,0
368,1.0494198203086853,0.7026074528694153,0.9661027789115906,0.2232271209359169,0.08543577045202255,114.799225628376,0
369,1.0487681329250336,0.7041175365447998,0.9613270163536072,0.22309993207454681,0.0855066254734993,115.10790975391865,0
370,1.0485309064388275,0.7032786011695862,0.9636637568473816,0.22307028621435165,0.0854259803891182,115.41646628826857,0
371,1.0488023161888123,0.703144371509552,0.9612353444099426,0.22336874902248383,0.08560787886381149,115.72550193965435,0
372,1.0473313927650452,0.7033792734146118,0.9614754915237427,0.22404580563306808,0.08544391393661499,116.03509917855263,0
373,1.0461366772651672,0.7027081251144409,0.9654219150543213,0.22339728474617004,0.0855136290192604,116.3441172838211,0
374,1.0488059222698212,0.7041175365447998,0.9573319554328918,0.22318433970212936,0.08541446924209595,116.65277409553528,0
375,1.0485407710075378,0.7031779289245605,0.9633498787879944,0.2233346700668335,0.08542674034833908,116.96164989471436,0
376,1.0465857088565826,0.702406108379364,0.9622930288314819,0.22325732558965683,0.08542536199092865,117.27038121968508,0
377,1.0449475347995758,0.7037819623947144,0.959486722946167,0.22316211462020874,0.08540761470794678,117.57900163531303,0
378,1.046988070011139,0.703513503074646,0.9640260934829712,0.22312217205762863,0.08557973057031631,117.88775787502527,0
379,1.0455466210842133,0.7032786011695862,0.9597940444946289,0.22320591658353806,0.0856185108423233,118.19664847105742,0
380,1.0450220108032227,0.7030436992645264,0.9602625370025635,0.22336191684007645,0.08542311191558838,118.50549436360598,0
381,1.0439052879810333,0.7043859958648682,0.959782600402832,0.22326693683862686,0.08547956496477127,118.81429313868284,0
382,1.0453621745109558,0.70388263463974,0.9588131308555603,0.22309619188308716,0.08552318811416626,119.12296993285418,0
383,1.042803019285202,0.7028423547744751,0.9609541893005371,0.22341370582580566,0.08541274070739746,119.43185465037823,0
384,1.0434601604938507,0.7037484049797058,0.9609652757644653,0.22326865047216415,0.08546651154756546,119.74064692854881,0
385,1.0430946946144104,0.7043524384498596,0.9574036002159119,0.22345849871635437,0.08555679023265839,120.04972495883703,0
386,1.0421430170536041,0.7034128308296204,0.961937665939331,0.22349168360233307,0.08552331477403641,120.35884950309992,0
387,1.04253551363945,0.7044195532798767,0.9570255875587463,0.223982036113739,0.08552376180887222,120.66843677312136,0
388,1.04263836145401,0.7045873999595642,0.9580807089805603,0.2233511433005333,0.08551952242851257,120.98423826694489,1
389,1.0415374338626862,0.7031779289245605,0.961092472076416,0.2233341634273529,0.08548367023468018,121.29311792552471,0
390,1.0395047962665558,0.7043859958648682,0.9566463232040405,0.22323203086853027,0.08550933003425598,121.601930975914,0
391,1.0409067571163177,0.7044531106948853,0.9587171673774719,0.22341156005859375,0.08542057126760483,121.91082242876291,0
392,1.0397007763385773,0.7042182087898254,0.9575209021568298,0.22314581274986267,0.08552093058824539,122.21955825388432,0
393,1.040553867816925,0.704251766204834,0.9559557437896729,0.22357191890478134,0.08551569283008575,122.52870757877827,0
394,1.0398100018501282,0.7044531106948853,0.9582300186157227,0.2242879942059517,0.08557849377393723,122.83867049217224,0
395,1.0382387936115265,0.7042182087898254,0.9560853838920593,0.2233862280845642,0.08550373464822769,123.14767002314329,0
396,1.0387731790542603,0.7042853236198425,0.957530677318573,0.22320999205112457,0.08544785529375076,123.45638722926378,0
397,1.0371474921703339,0.7052249908447266,0.9560860395431519,0.22329703718423843,0.08540254831314087,123.77146547287703,1
398,1.0379462242126465,0.7043524384498596,0.9577034711837769,0.2232300043106079,0.08551981300115585,124.08027208596468,0
399,1.0363956987857819,0.7045202851295471,0.9552257657051086,0.2231227159500122,0.08545898646116257,124.38891093432903,0
400,1.0382073521614075,0.7049565315246582,0.9572761654853821,0.22330602258443832,0.08538530766963959,124.6976715028286,0
401,1.0354469120502472,0.7050907611846924,0.9559505581855774,0.22310364246368408,0.085475392639637,125.00629768520594,0
402,1.0354557633399963,0.7047887444496155,0.9571181535720825,0.22323859483003616,0.08555489778518677,125.31514258682728,0
403,1.0365509986877441,0.7048558592796326,0.9573811292648315,0.22327617555856705,0.0855480507016182,125.62402699887753,0
404,1.0351433157920837,0.7044867277145386,0.9581012725830078,0.22343290597200394,0.08550374954938889,125.93304685503244,0
405,1.0350502133369446,0.7042182087898254,0.9566181898117065,0.22326216846704483,0.0855008214712143,126.24186358600855,0
406,1.0356227457523346,0.7054263353347778,0.9544948935508728,0.22321391105651855,0.08544886857271194,126.55735751986504,1
407,1.033926010131836,0.7048558592796326,0.9579123854637146,0.22313415259122849,0.08543744683265686,126.86598455905914,0
408,1.0351836681365967,0.7044195532798767,0.9542567729949951,0.22317668795585632,0.08544439822435379,127.17466220259666,0
409,1.035247415304184,0.7049229741096497,0.9552286863327026,0.2232525497674942,0.08545474708080292,127.48342336714268,0
410,1.032562017440796,0.705560564994812,0.9581707715988159,0.2230333909392357,0.08552735298871994,127.79934687167406,1
411,1.0323383212089539,0.7057283520698547,0.9555792212486267,0.22334320843219757,0.08556097000837326,128.11454766988754,1
412,1.0328885614871979,0.7049229741096497,0.9523162245750427,0.22325631976127625,0.08547905832529068,128.42334097623825,0
413,1.033037692308426,0.7052921056747437,0.9550678133964539,0.22359270602464676,0.0854596197605133,128.73249079287052,0
414,1.0317670404911041,0.7052921056747437,0.9546075463294983,0.22321182489395142,0.08550457656383514,129.04127061367035,0
415,1.0303362607955933,0.7052585482597351,0.9535964727401733,0.22346451878547668,0.08547098189592361,129.35025756806135,0
416,1.0323039591312408,0.7050236463546753,0.9560972452163696,0.22348760068416595,0.08551813662052155,129.65931844711304,0
417,1.0326213538646698,0.7054598927497864,0.9536295533180237,0.2231025993824005,0.08548600226640701,129.96796557307243,0
418,1.031753033399582,0.7050572037696838,0.9552869200706482,0.22321390360593796,0.0854436457157135,130.27668012678623,0
419,1.0311919748783112,0.7050572037696838,0.9544150829315186,0.22307512909173965,0.0854366198182106,130.58524829894304,0
420,1.0316585004329681,0.7055941224098206,0.953484296798706,0.2232794612646103,0.08542054891586304,130.89400804787874,0
421,1.0303724110126495,0.7049900889396667,0.9532812833786011,0.22316841781139374,0.08557742834091187,131.20281183719635,0
422,1.0302369892597198,0.7047887444496155,0.9530280828475952,0.2231692373752594,0.0854656770825386,131.51150707155466,0
423,1.0293598771095276,0.7051243185997009,0.9555095434188843,0.22315825521945953,0.08535539358854294,131.82007597386837,0
424,1.0285116136074066,0.7064330577850342,0.9507282376289368,0.22326061129570007,0.08544918894767761,132.13478061556816,1
425,1.0282505750656128,0.7044531106948853,0.9581806659698486,0.22325224429368973,0.08550320565700531,132.44358687102795,0
426,1.029606968164444,0.705191433429718,0.9533466100692749,0.22318220883607864,0.08548883348703384,132.7523391842842,0
427,1.0274264514446259,0.7053592205047607,0.9539576172828674,0.22328012436628342,0.08539927750825882,133.0610746666789,0
428,1.0275397300720215,0.7055941224098206,0.9530450105667114,0.2253386750817299,0.0854591578245163,133.37192790955305,0
429,1.026173174381256,0.7052921056747437,0.9535906910896301,0.2232266142964363,0.08564133942127228,133.680849455297,0
430,1.0268856883049011,0.7054934501647949,0.9538537859916687,0.2234654352068901,0.08547855168581009,133.9898461177945,0
431,1.0269076526165009,0.7059968113899231,0.9504686594009399,0.22341583669185638,0.08542255312204361,134.29873632639647,0
432,1.0274091362953186,0.7059632539749146,0.9535498023033142,0.22309988737106323,0.08554508537054062,134.60743256658316,0
433,1.0275308191776276,0.7055941224098206,0.9524139761924744,0.22324618697166443,0.0854341983795166,134.91616737097502,0
434,1.0249662101268768,0.7061310410499573,0.9511385560035706,0.2236032411456108,0.08560788631439209,135.22543563693762,0
435,1.0243755877017975,0.7054598927497864,0.9542464017868042,0.22324062883853912,0.08545991778373718,135.53418923169374,0
436,1.0247410535812378,0.7062317132949829,0.9490285515785217,0.22316332906484604,0.08543834835290909,135.8428411781788,0
437,1.0241585671901703,0.7034128308296204,0.9603528380393982,0.22327407449483871,0.08556708693504333,136.15173970162868,0
438,1.0251120626926422,0.7067350745201111,0.9497031569480896,0.22325056791305542,0.0853998139500618,136.46762684732676,1
439,1.026479810476303,0.7038490772247314,0.9597448706626892,0.2231239527463913,0.08533938229084015,136.77615066617727,0
440,1.0245166420936584,0.7053592205047607,0.9503160715103149,0.22338934242725372,0.0855150818824768,137.08511044830084,0
441,1.0252143144607544,0.7061645984649658,0.9503394961357117,0.2232920378446579,0.08540146797895432,137.39385776221752,0
442,1.022021621465683,0.7063659429550171,0.95306795835495,0.22317639738321304,0.0854683443903923,137.70257106423378,0
443,1.0240098237991333,0.7061981558799744,0.9478708505630493,0.22317823767662048,0.08554071187973022,138.01135832816362,0
444,1.0256182551383972,0.7040168642997742,0.9583777189254761,0.2230222299695015,0.08536510914564133,138.3197981491685,0
445,1.024435430765152,0.7069028615951538,0.9480164051055908,0.22304724156856537,0.08546708524227142,138.63600117713213,1
446,1.0212536752223969,0.7057619094848633,0.9480682015419006,0.2235994189977646,0.08555444329977036,138.945253752172,0
447,1.0221394002437592,0.7029765844345093,0.9617655277252197,0.2232004627585411,0.0854514017701149,139.25399819016457,0
448,1.0236264169216156,0.7067350745201111,0.9470397233963013,0.22320178151130676,0.08549086004495621,139.5627464801073,0
449,1.0230647325515747,0.7052249908447266,0.9556229114532471,0.22319907695055008,0.08548571169376373,139.8714925199747,0
450,1.023345023393631,0.7062317132949829,0.9513147473335266,0.22312980145215988,0.08549915999174118,140.18017696589231,0
451,1.0211834013462067,0.7067015171051025,0.9491091370582581,0.22317542135715485,0.08546125143766403,140.4888802692294,0
452,1.0204938054084778,0.7056612372398376,0.9527814388275146,0.22316893935203552,0.08549243956804276,140.79759769141674,0
453,1.020789921283722,0.7060974836349487,0.9469839334487915,0.22355715930461884,0.08550024777650833,141.10671190917492,0
454,1.0215772688388824,0.7060303688049316,0.9485642313957214,0.22342626005411148,0.0855141207575798,141.41572134196758,0
455,1.0201618373394012,0.705560564994812,0.9505977034568787,0.2234874665737152,0.08547437191009521,141.72479531168938,0
456,1.0180284678936005,0.7063659429550171,0.9473990201950073,0.22333098948001862,0.08548550307750702,142.0336741283536,0
457,1.0195114314556122,0.7056276798248291,0.9501962661743164,0.22325021028518677,0.08546832948923111,142.34244763106108,0
458,1.0182669460773468,0.7064666152000427,0.9517648816108704,0.22366772592067719,0.08547720313072205,142.65166179090738,0
459,1.0183037221431732,0.7074398398399353,0.9447850584983826,0.22331248968839645,0.08555522561073303,142.9662594050169,1
460,1.018905133008957,0.7058625817298889,0.9512033462524414,0.2231491580605507,0.08550558984279633,143.274975836277,0
461,1.0183458626270294,0.7065001726150513,0.9507930874824524,0.22330781072378159,0.08554686605930328,143.58389484882355,0
462,1.0185261070728302,0.7079432010650635,0.9437870383262634,0.22321709990501404,0.08542642742395401,143.8978903517127,1
463,1.0184697210788727,0.7053256630897522,0.9516341686248779,0.22314287722110748,0.08551039546728134,144.20659504830837,0
464,1.017989605665207,0.7069028615951538,0.9472690224647522,0.2232336476445198,0.08552967011928558,144.51543084532022,0
465,1.0187066793441772,0.7069364190101624,0.9486616253852844,0.2231336012482643,0.0855095311999321,144.82413037866354,0
466,1.015413612127304,0.707238495349884,0.949293851852417,0.2230420932173729,0.08556754887104034,145.132796138525,0
467,1.0173846185207367,0.7074062824249268,0.9446974396705627,0.22337277978658676,0.0854988619685173,145.44172532111406,0
468,1.0187559127807617,0.7065001726150513,0.9503437876701355,0.22331659495830536,0.0853814035654068,145.75047709792852,0
469,1.0165654420852661,0.7073056101799011,0.9458214044570923,0.22305165231227875,0.08535433560609818,146.05893909186125,0
470,1.015988141298294,0.7073056101799011,0.9476125836372375,0.22325849533081055,0.08543995022773743,146.36769311130047,0
471,1.0155484974384308,0.705929696559906,0.9509962797164917,0.22323108464479446,0.08542265743017197,146.67640297859907,0
472,1.0153984427452087,0.7082452178001404,0.9450627565383911,0.22320237010717392,0.08542618900537491,146.9920560643077,1
473,1.0158133208751678,0.7073391675949097,0.9473329782485962,0.22341562062501907,0.08555267751216888,147.30108228325844,0
474,1.0160782933235168,0.707037091255188,0.9489830732345581,0.22335903346538544,0.08541937172412872,147.60994891822338,0
475,1.0141809284687042,0.7072049379348755,0.9465317726135254,0.22318574786186218,0.08560154587030411,147.918791487813,0
476,1.0151914060115814,0.7063995003700256,0.9531387686729431,0.22342947125434875,0.085477814078331,148.2277557477355,0
477,1.0136593580245972,0.7084130048751831,0.9422264099121094,0.22325149923563004,0.08555150032043457,148.5434237420559,1
478,1.015015721321106,0.707238495349884,0.9448665380477905,0.2233579456806183,0.08542865514755249,148.8522656261921,0
479,1.0130065381526947,0.7052921056747437,0.9520217180252075,0.22309643775224686,0.08541181683540344,149.16082990169525,0
480,1.0144620537757874,0.7073391675949097,0.9426950812339783,0.2233172506093979,0.08546130359172821,149.46966399252415,0
481,1.0158825516700745,0.7055270075798035,0.9518811106681824,0.22316133230924606,0.08552748709917068,149.77841973304749,0
482,1.0114373564720154,0.7066008448600769,0.9477568864822388,0.22328157722949982,0.08553821593523026,150.08729635179043,0
483,1.0131486058235168,0.706667959690094,0.9439901113510132,0.22318752110004425,0.08548498898744583,150.39602659642696,0
484,1.014635294675827,0.7039497494697571,0.9551302194595337,0.22316574305295944,0.0855468213558197,150.70479582995176,0
485,1.0144492983818054,0.7081109881401062,0.9443812966346741,0.223528690636158,0.08550357818603516,151.01388306170702,0
486,1.0111108124256134,0.7077418565750122,0.9442112445831299,0.22325102239847183,0.08550341427326202,151.32269222289324,0
487,1.011256217956543,0.7036141753196716,0.9583759307861328,0.22311100363731384,0.08538539707660675,151.63124204427004,0
488,1.0128208696842194,0.707238495349884,0.9425139427185059,0.2233005091547966,0.08558471500873566,151.94018144905567,0
489,1.013032704591751,0.7070706486701965,0.9456559419631958,0.22327040135860443,0.08551891893148422,152.2490290030837,0
490,1.0127833485603333,0.7056612372398376,0.9493178129196167,0.22335927933454514,0.08549336344003677,152.557950720191,0
491,1.010850578546524,0.7076411843299866,0.9423202872276306,0.2232942208647728,0.08552097529172897,152.86682201176882,0
492,1.011429250240326,0.7064330577850342,0.9485462307929993,0.2235906571149826,0.08554454147815704,153.1760109513998,0
493,1.0108276307582855,0.7067686319351196,0.9477839469909668,0.2233116179704666,0.08558348566293716,153.48496171087027,0
494,1.0111438035964966,0.7080103158950806,0.942755937576294,0.22376517951488495,0.08552511036396027,153.79431408643723,0
495,1.0111219882965088,0.7055270075798035,0.9523340463638306,0.2232346534729004,0.08546815812587738,154.10307130217552,0
496,1.010187029838562,0.7075405120849609,0.9440585970878601,0.22347407788038254,0.085546113550663,154.4121472314,0
497,1.0090481638908386,0.7082787752151489,0.9413822889328003,0.22371398657560349,0.08559758216142654,154.72151543200016,0
498,1.0088379085063934,0.7042182087898254,0.9519734978675842,0.22323047369718552,0.08544187247753143,155.0302431061864,0
499,1.0095925331115723,0.7084130048751831,0.9413095712661743,0.22357425093650818,0.08547058701515198,155.34491435438395,1
500,1.0085366666316986,0.7074733972549438,0.9467833042144775,0.2234213948249817,0.08541874587535858,155.65381741523743,0
501,1.006147414445877,0.7069028615951538,0.9479873180389404,0.22305850684642792,0.08545952290296555,155.96241092681885,0
502,1.0088849663734436,0.7082452178001404,0.9412220120429993,0.22305412590503693,0.08548157662153244,156.27102690190077,0
503,1.0091435313224792,0.7074733972549438,0.9442232251167297,0.22318772226572037,0.085479736328125,156.57974836975336,0
504,1.0072230845689774,0.7074733972549438,0.9449175000190735,0.22322861850261688,0.08560307323932648,156.88864185661077,0
505,1.0076653063297272,0.7087821364402771,0.9405456185340881,0.22304361313581467,0.08549267798662186,157.20334491878748,1
506,1.0068375170230865,0.7084801197052002,0.9433607459068298,0.22307512164115906,0.08549800515174866,157.5119709521532,0
507,1.0055020451545715,0.7081781029701233,0.9439125657081604,0.22324782609939575,0.0854453518986702,157.820746794343,0
508,1.0053500086069107,0.7082116603851318,0.9418984055519104,0.22321727871894836,0.08551396429538727,158.12954623997211,0
509,1.0047737658023834,0.7077418565750122,0.9440298080444336,0.2231062650680542,0.08546312898397446,158.43817011266947,0
510,1.0059883892536163,0.7081109881401062,0.9404363036155701,0.22312931716442108,0.08547978103160858,158.74683824181557,0
511,1.0059921890497208,0.7079096436500549,0.9413374066352844,0.22295256704092026,0.08546276390552521,159.05531875789165,0
512,1.0042833983898163,0.7082452178001404,0.9448696374893188,0.22299546748399734,0.08546539396047592,159.36383552104235,0
513,1.0052392482757568,0.7075405120849609,0.9413336515426636,0.22321657091379166,0.08544889837503433,159.67256985604763,0
514,1.0045212507247925,0.707607626914978,0.9434125423431396,0.22340700030326843,0.08561859279870987,159.9816886857152,0
515,1.0057026594877243,0.7082116603851318,0.9434605240821838,0.22301990538835526,0.08535123616456985,160.29015657305717,0
516,1.0055324137210846,0.7078089714050293,0.9397072792053223,0.22297586500644684,0.085478276014328,160.59867218136787,0
517,1.003953605890274,0.7078089714050293,0.9437838792800903,0.22347836941480637,0.0855092704296112,160.90774071216583,0
518,1.0037147998809814,0.7076747417449951,0.9428170919418335,0.22312510758638382,0.08551160246133804,161.21644316613674,0
519,1.0037102550268173,0.7087821364402771,0.9414114356040955,0.22315672039985657,0.08553901314735413,161.52520433813334,0
520,1.0036152601242065,0.7085472345352173,0.9400002956390381,0.2230728268623352,0.0855163112282753,161.83385182917118,0
521,1.0025845617055893,0.7082787752151489,0.941750705242157,0.22311972081661224,0.08546132594347,162.1424943730235,0
522,1.002385452389717,0.7084465622901917,0.9411396980285645,0.22306053340435028,0.0855015441775322,162.4511201158166,0
523,1.002219796180725,0.7086479067802429,0.9414169192314148,0.22310718894004822,0.08552157133817673,162.75980919599533,0
524,1.0037657022476196,0.7101244926452637,0.9393391609191895,0.22302716225385666,0.08538700640201569,163.07536824792624,1
525,1.001835122704506,0.7086814641952515,0.9418982863426208,0.22309112548828125,0.08551477640867233,163.38403788208961,0
526,1.0006640702486038,0.7085472345352173,0.9411688446998596,0.2232050970196724,0.08549313992261887,163.69279973953962,0
527,1.0041226744651794,0.7085136771202087,0.9407153129577637,0.22301357984542847,0.08544935286045074,164.00135075300932,0
528,0.9987947195768356,0.7088156938552856,0.940841555595398,0.22328658401966095,0.08549990504980087,164.31021200865507,0
529,1.0016546994447708,0.7091177105903625,0.9392291903495789,0.2231137678027153,0.08546693623065948,164.61885042488575,0
530,1.001206561923027,0.7086814641952515,0.940203070640564,0.22309188544750214,0.08536215871572495,164.9273657426238,0
531,1.0007701069116592,0.7086814641952515,0.9368935823440552,0.22352471947669983,0.0854724794626236,165.23642390221357,0
532,1.0006489753723145,0.7086814641952515,0.939224898815155,0.2231592833995819,0.08547818660736084,165.5451337173581,0
533,0.9999822378158569,0.7077754139900208,0.9454382061958313,0.22366667538881302,0.08547526597976685,165.85433546453714,0
534,1.0006167888641357,0.7099231481552124,0.9368523955345154,0.22317147254943848,0.08548001199960709,166.16309759020805,0
535,0.9999165832996368,0.70871502161026,0.9390474557876587,0.22341392189264297,0.08560586720705032,166.47218385338783,0
536,1.0010533183813095,0.7081109881401062,0.9409227967262268,0.2233746126294136,0.08557261526584625,166.78123758733273,0
537,0.9994997829198837,0.7090505957603455,0.9417924880981445,0.22318752855062485,0.08552884310483932,167.0900376290083,0
538,1.0004497021436691,0.7085136771202087,0.9434062242507935,0.22304866462945938,0.0855841264128685,167.39874440431595,0
539,0.9998095333576202,0.7098224759101868,0.9357510805130005,0.22305069863796234,0.08547920733690262,167.7073495388031,0
540,0.999236524105072,0.7081781029701233,0.9399878978729248,0.22305437922477722,0.08546283841133118,168.01594264805317,0
541,0.9974412024021149,0.7078425288200378,0.9424834251403809,0.2232920452952385,0.0855308547616005,168.324850179255,0
542,0.9993160516023636,0.7101244926452637,0.9368606209754944,0.2230520322918892,0.0854719802737236,168.63923064619303,1
543,0.9975867867469788,0.7082116603851318,0.9416072964668274,0.2234141007065773,0.08541221916675568,168.948131673038,0
544,0.9982201755046844,0.7088492512702942,0.9394680261611938,0.22306157648563385,0.08546596765518188,169.25672727823257,0
545,0.9970454573631287,0.7098895907402039,0.9360580444335938,0.2231215238571167,0.08545173704624176,169.565374083817,0
546,0.996232882142067,0.7085807919502258,0.9424916505813599,0.22322704643011093,0.08561137318611145,169.87428107857704,0
547,0.9975096583366394,0.7101916074752808,0.9379361271858215,0.22329211980104446,0.08540846407413483,170.18940191715956,1
548,0.9952322393655777,0.7089499235153198,0.9390255212783813,0.2231859639286995,0.0854920893907547,170.4981455951929,0
549,0.9953799843788147,0.7091177105903625,0.9399056434631348,0.2231675460934639,0.08549613505601883,170.80688248574734,0
550,0.9973284602165222,0.7099902629852295,0.9373791217803955,0.22315256297588348,0.08548837900161743,171.11559692770243,0
551,0.9962184876203537,0.7088156938552856,0.9395524263381958,0.22334188967943192,0.08546418696641922,171.42448092997074,0
552,0.9967790246009827,0.7088156938552856,0.9397156834602356,0.22320222109556198,0.08551216125488281,171.73327585309744,0
553,0.9944992363452911,0.7093861699104309,0.9385491609573364,0.223200261592865,0.0854458436369896,172.0420038625598,0
554,0.9970456957817078,0.7088828086853027,0.9381458163261414,0.22344832122325897,0.0855860710144043,172.35110775381327,0
555,0.995606005191803,0.7097553610801697,0.9373471736907959,0.223141610622406,0.08556176722049713,172.6599074229598,0
556,0.9944715350866318,0.7086479067802429,0.9405674338340759,0.22326214611530304,0.08553951233625412,172.9687913507223,0
557,0.9952790141105652,0.7088492512702942,0.9395495653152466,0.22357957065105438,0.08550278097391129,173.27793300896883,0
558,0.9952677339315414,0.7094868421554565,0.939742386341095,0.22314845770597458,0.08540993183851242,173.58659799396992,0
559,0.9936517179012299,0.7104936242103577,0.9361929893493652,0.22312043607234955,0.08542516827583313,173.901711858809,1
560,0.9956284165382385,0.7093861699104309,0.937003493309021,0.2231355905532837,0.08546685427427292,174.2103739604354,0
561,0.9947579205036163,0.709084153175354,0.9399123787879944,0.2229176163673401,0.08550108224153519,174.51885214447975,0
562,0.9938928782939911,0.7097217440605164,0.936543345451355,0.22298270463943481,0.08543746918439865,174.82733289897442,0
563,0.993298813700676,0.7088828086853027,0.9396604895591736,0.22307736426591873,0.0854051262140274,175.13587361574173,0
564,0.9913424104452133,0.709453284740448,0.9382419586181641,0.22331440448760986,0.08563503623008728,175.44487903267145,0
565,0.9940917640924454,0.7091512680053711,0.9382532238960266,0.22300900518894196,0.08563903719186783,175.75359582155943,0
566,0.9930493384599686,0.7100573778152466,0.9354537129402161,0.22327790409326553,0.0854298546910286,176.06239591538906,0
567,0.9933036267757416,0.709956705570221,0.935878336429596,0.22328486293554306,0.08551025390625,176.37124890089035,0
568,0.9922858774662018,0.7096210718154907,0.9405457973480225,0.22313157469034195,0.08546113967895508,176.67991761118174,0
569,0.9934473037719727,0.709453284740448,0.9382492303848267,0.2231374830007553,0.08554189652204514,176.98865384608507,0
570,0.9939861446619034,0.7099231481552124,0.9350517988204956,0.22323333472013474,0.0855434462428093,177.2974922284484,0
571,0.9915309995412827,0.709453284740448,0.9381039142608643,0.22326339781284332,0.08554970473051071,177.60637969523668,0
572,0.9920999258756638,0.709453284740448,0.9357764720916748,0.2233116552233696,0.08542868494987488,177.91520453244448,0
573,0.9919924437999725,0.7100909352302551,0.9385061264038086,0.22311615198850632,0.08548961579799652,178.22388483583927,0
574,0.9916052669286728,0.7092519402503967,0.9363757967948914,0.22354747354984283,0.08551199734210968,178.53304835408926,0
575,0.9919381886720657,0.7091177105903625,0.9377847909927368,0.2231372445821762,0.08545433729887009,178.84170677512884,0
576,0.99082812666893,0.7100573778152466,0.9359219074249268,0.22305632382631302,0.08552128076553345,179.15035849064589,0
577,0.9900056272745132,0.7108963131904602,0.9330018758773804,0.22339388728141785,0.08557009696960449,179.46523687243462,1
578,0.9905655086040497,0.7098895907402039,0.9376435279846191,0.22301523387432098,0.085429348051548,179.77374757826328,0
579,0.9894997924566269,0.7089834809303284,0.9384520649909973,0.2229486182332039,0.08545324206352234,180.08222851157188,0
580,0.9886931031942368,0.7099231481552124,0.9381242990493774,0.22335077822208405,0.08537473529577255,180.39101406931877,0
581,0.9892478585243225,0.7106614112854004,0.9392947554588318,0.22315751761198044,0.08559045195579529,180.69986927509308,0
582,0.9904525429010391,0.7100909352302551,0.9345253705978394,0.22335754334926605,0.08548188209533691,181.00878035277128,0
583,0.9903143644332886,0.7084465622901917,0.9384267926216125,0.22342641651630402,0.08554884046316147,181.31781789660454,0
584,0.9909094274044037,0.7104936242103577,0.9363863468170166,0.22318035364151,0.08552798628807068,181.6266036555171,0
585,0.9906795471906662,0.7102587223052979,0.9352443814277649,0.22298629581928253,0.08534480631351471,181.93501409888268,0
586,0.9899556040763855,0.7095539569854736,0.935567319393158,0.22298963367938995,0.08549584448337555,182.24356005340815,0
587,0.9867312014102936,0.7103258371353149,0.9379608631134033,0.22320064157247543,0.08553213626146317,182.55235537141562,0
588,0.9885131567716599,0.7087821364402771,0.9380368590354919,0.22322000563144684,0.0854860469698906,182.86112727969885,0
589,0.9879646748304367,0.7105942964553833,0.9311599731445312,0.22318848967552185,0.08538413792848587,183.1697687357664,0
590,0.9882315546274185,0.7095539569854736,0.939960777759552,0.22297991067171097,0.08550932258367538,183.47832530736923,0
591,0.9893258959054947,0.7091512680053711,0.9368883967399597,0.22319548577070236,0.08546056598424911,183.787060841918,0
592,0.9881209880113602,0.7108291983604431,0.9327989220619202,0.22316546738147736,0.08542026579380035,184.09571797400713,0
593,0.9876077324151993,0.7093526124954224,0.9411936402320862,0.2233058512210846,0.08541614562273026,184.40451574325562,0
594,0.9879411607980728,0.710762083530426,0.93470299243927,0.2230829894542694,0.08543737232685089,184.7131189107895,0
595,0.9883750677108765,0.7100909352302551,0.9345179796218872,0.22310882061719894,0.08552177250385284,185.0218064263463,0
596,0.9882278442382812,0.709956705570221,0.9345905184745789,0.22306890785694122,0.085591621696949,185.33052650094032,0
597,0.986822247505188,0.7105271816253662,0.9356189966201782,0.2229723483324051,0.08548133075237274,185.639042198658,0
598,0.9875054061412811,0.7102251648902893,0.9345419406890869,0.22320076078176498,0.08546018600463867,185.94776307046413,0
599,0.9871795624494553,0.7112990021705627,0.9341775178909302,0.22303112596273422,0.08541543781757355,186.2619168162346,1
600,0.9861418753862381,0.7110976576805115,0.9313971400260925,0.22296208888292313,0.08540504425764084,186.57033959031105,0
601,0.9852794408798218,0.7106278538703918,0.9332642555236816,0.22303199768066406,0.08549197763204575,186.87891955673695,0
602,0.985970064997673,0.709453284740448,0.9368494153022766,0.22318651527166367,0.0854506716132164,187.1876105889678,0
603,0.9859418421983719,0.7117688059806824,0.9332270622253418,0.22315624356269836,0.08558310568332672,187.50349552184343,1
604,0.9838301688432693,0.7096210718154907,0.9355398416519165,0.22310209274291992,0.0854867696762085,187.81216567009687,0
605,0.9858936965465546,0.7103593945503235,0.9330933690071106,0.22292351722717285,0.08536945283412933,188.12051224708557,0
606,0.9845201373100281,0.7105607390403748,0.9341486692428589,0.22291246056556702,0.08551313728094101,188.42899588495493,0
607,0.9857652187347412,0.7098895907402039,0.9348751306533813,0.2231389880180359,0.0854334607720375,188.7376200184226,0
608,0.9856123775243759,0.7104265093803406,0.934117317199707,0.2238868921995163,0.08565686643123627,189.04722371697426,0
609,0.9857143312692642,0.7096881866455078,0.9384329319000244,0.22337696701288223,0.0856829583644867,189.35639630258083,0
610,0.9852075576782227,0.7099902629852295,0.9302682876586914,0.2234078124165535,0.0855366513133049,189.66541043668985,0
611,0.9851741790771484,0.7106949687004089,0.934515118598938,0.22355454415082932,0.08560959994792938,189.97463960200548,0
612,0.9853286147117615,0.7117016911506653,0.9315467476844788,0.22337830811738968,0.08567503094673157,190.2838065996766,0
613,0.9846828430891037,0.7098895907402039,0.9339685440063477,0.22346142679452896,0.08543971180915833,190.59279185533524,0
614,0.9842722564935684,0.7089163661003113,0.9406387209892273,0.22330881655216217,0.08563260734081268,190.90179246664047,0
615,0.98478564620018,0.7116010189056396,0.9289292097091675,0.22317275404930115,0.08540858328342438,191.21043230593204,0
616,0.9842929244041443,0.7097553610801697,0.9347465634346008,0.22315147519111633,0.08554036170244217,191.51917566359043,0
617,0.9832653105258942,0.7103593945503235,0.9343675971031189,0.2232002466917038,0.08562223613262177,191.82806713879108,0
618,0.9837782382965088,0.7102587223052979,0.9325476884841919,0.22322923690080643,0.08533217757940292,192.13668248802423,0
619,0.983331486582756,0.7105271816253662,0.9327986240386963,0.22308030724525452,0.08549544215202332,192.44530840218067,0
620,0.9827551245689392,0.7112318873405457,0.9340983629226685,0.22311393916606903,0.085430808365345,192.75390940904617,0
621,0.9837726503610611,0.7098224759101868,0.934985876083374,0.22356046736240387,0.08568812906742096,193.06321536004543,0
622,0.9824454933404922,0.7107956409454346,0.9330509305000305,0.22609303146600723,0.08543767780065536,193.37488386034966,0
623,0.9825888872146606,0.712238609790802,0.9289808869361877,0.22337929159402847,0.08548874408006668,193.6901019141078,1
624,0.9818446487188339,0.7098224759101868,0.9335862994194031,0.22316166013479233,0.0854211375117302,193.9987438544631,0
625,0.9816021621227264,0.7096546292304993,0.9368520379066467,0.22360926121473312,0.08547734469175339,194.30788657069206,0
626,0.9813190549612045,0.7117352485656738,0.9318650960922241,0.22327301651239395,0.08546169847249985,194.61668226867914,0
627,0.9824220985174179,0.7105271816253662,0.9355554580688477,0.22316471487283707,0.08559639006853104,194.9254993647337,0
628,0.9823485761880875,0.7108291983604431,0.932205855846405,0.22324251383543015,0.08548253774642944,195.23428212851286,0
629,0.9818362891674042,0.7109298706054688,0.9316588044166565,0.22369082272052765,0.08552318811416626,195.54355484247208,0
630,0.9818743616342545,0.7100573778152466,0.9375596046447754,0.22337864339351654,0.0854654610157013,195.8524659126997,0
631,0.9831633567810059,0.7103258371353149,0.930783212184906,0.2231650874018669,0.0854550302028656,196.1611627265811,0
632,0.9813308268785477,0.7085472345352173,0.9403101205825806,0.22315038740634918,0.08552129566669464,196.4698904082179,0
633,0.9825777858495712,0.711500346660614,0.9299079775810242,0.22300135344266891,0.08546648174524307,196.77841157466173,0
634,0.9810972958803177,0.7110305428504944,0.9288975596427917,0.22290482372045517,0.0854063555598259,197.08677427470684,0
635,0.9806287437677383,0.7075069546699524,0.9458552002906799,0.22308802604675293,0.0854126513004303,197.39532248675823,0
636,0.9824294596910477,0.7112990021705627,0.93116295337677,0.2231139913201332,0.0854102373123169,197.7039024233818,0
637,0.9811524003744125,0.710762083530426,0.9318956732749939,0.22300656139850616,0.08551456779241562,198.0124798193574,0
638,0.9805526435375214,0.7098560333251953,0.9349184632301331,0.22304551303386688,0.08548054844141006,198.32106096297503,0
639,0.9809323698282242,0.7109969854354858,0.9305902123451233,0.2230277881026268,0.08545925468206406,198.629599891603,0
640,0.9793061912059784,0.7109969854354858,0.9335482716560364,0.22293798625469208,0.08548296988010406,198.93807526677847,0
641,0.9803957939147949,0.7113996744155884,0.9302010536193848,0.2230268269777298,0.08553630858659744,199.24668911844492,0
642,0.9783112108707428,0.7116681337356567,0.9310763478279114,0.2231590896844864,0.08552999049425125,199.5554554760456,0
643,0.979219451546669,0.7094868421554565,0.9393157362937927,0.22304118424654007,0.08548053354024887,199.86403165012598,0
644,0.9791391640901566,0.7117688059806824,0.9271261692047119,0.22291923314332962,0.08542630076408386,200.17243333905935,0
645,0.9784902930259705,0.7109969854354858,0.9291502833366394,0.22308232635259628,0.085506372153759,200.48107843101025,0
646,0.9780332446098328,0.7103258371353149,0.9347297549247742,0.2232831045985222,0.0854133665561676,200.7898272871971,0
647,0.9791568517684937,0.7111983299255371,0.9308451414108276,0.22316589206457138,0.0854354277253151,201.09849120676517,0
648,0.9766581654548645,0.7108963131904602,0.9341769814491272,0.22294223308563232,0.08532027900218964,201.40680588036776,0
649,0.9789614379405975,0.7120037078857422,0.930658757686615,0.22304857522249222,0.0853569358587265,201.71527483314276,0
650,0.9775345921516418,0.7113661170005798,0.9302969574928284,0.22306152433156967,0.08548334240913391,202.02387051284313,0
651,0.9791147708892822,0.7109634280204773,0.934011697769165,0.2230646014213562,0.08551624417304993,202.33250565826893,0
652,0.9787208437919617,0.7115674614906311,0.9304625391960144,0.2231232300400734,0.08544018119573593,202.6411210373044,0
653,0.9774936139583588,0.7113325595855713,0.9313321709632874,0.223057359457016,0.08546578139066696,202.94969841092825,0
654,0.9758485555648804,0.7113996744155884,0.9331890344619751,0.22296274453401566,0.08550574630498886,203.25822346657515,0
655,0.9783839136362076,0.7117688059806824,0.929918110370636,0.22345995903015137,0.0857437402009964,203.56753384321928,0
656,0.9775597304105759,0.7108963131904602,0.9294731020927429,0.223036028444767,0.08554933220148087,203.8761851415038,0
657,0.975385770201683,0.7119030356407166,0.9334297776222229,0.2230747789144516,0.08556722104549408,204.18488601595163,0
658,0.9769255518913269,0.712238609790802,0.9278651475906372,0.22321010380983353,0.08553332090377808,204.49929743260145,1
659,0.9764326512813568,0.7109634280204773,0.9311509132385254,0.2230156660079956,0.08541496098041534,204.80778532475233,0
660,0.9753401875495911,0.7121714949607849,0.9309724569320679,0.22336173802614212,0.08556214720010757,205.1167652979493,0
661,0.9762331545352936,0.7112990021705627,0.9301015138626099,0.22312019765377045,0.08549085259437561,205.4254317060113,0
662,0.9754000455141068,0.7113661170005798,0.9310994148254395,0.2230440378189087,0.08550646901130676,205.73403929173946,0
663,0.9775254726409912,0.7120708227157593,0.9292586445808411,0.22296007722616196,0.08540229499340057,206.04245772212744,0
664,0.9753599017858505,0.7099231481552124,0.9358461499214172,0.222873292863369,0.08558958768844604,206.35097663104534,0
665,0.9760174304246902,0.7124064564704895,0.928106427192688,0.22325528413057327,0.0854945182800293,206.66532454639673,1
666,0.9743586182594299,0.7119030356407166,0.9291813373565674,0.22327519208192825,0.08561588823795319,206.97426844388247,0
667,0.9748382270336151,0.710762083530426,0.934701681137085,0.22310148924589157,0.08542905747890472,207.28285451978445,0
668,0.9746361970901489,0.7122050523757935,0.9279817342758179,0.22289664298295975,0.08549864590167999,207.5913195014,0
669,0.9732121229171753,0.7112318873405457,0.9289706349372864,0.22304651886224747,0.08549758046865463,207.89991925656796,0
670,0.9742893576622009,0.712238609790802,0.9301545023918152,0.2233143225312233,0.08553663641214371,208.20883920043707,0
671,0.9738733321428299,0.7114667892456055,0.930393397808075,0.22430763393640518,0.08557067066431046,208.51876869797707,0
672,0.9736159145832062,0.7119030356407166,0.9309518933296204,0.22302015870809555,0.08551140129566193,208.82735296338797,0
673,0.9732324182987213,0.712809145450592,0.9274311661720276,0.2236214131116867,0.0854317843914032,209.1420290991664,1
674,0.9734908193349838,0.7110976576805115,0.9314290285110474,0.2230762541294098,0.08538663387298584,209.45054709911346,0
675,0.9744302481412888,0.7112654447555542,0.9300354719161987,0.22287517786026,0.085482656955719,209.75895684212446,0
676,0.9725471138954163,0.7123057246208191,0.9270254373550415,0.2229805812239647,0.08542633056640625,210.06742700189352,0
677,0.9748382717370987,0.7095539569854736,0.9336792230606079,0.22299990057945251,0.0854184627532959,210.3759031072259,0
678,0.9735034108161926,0.712238609790802,0.9304835796356201,0.22312089800834656,0.08543820679187775,210.6845227330923,0
679,0.9747548997402191,0.7114332318305969,0.9343734383583069,0.22340916097164154,0.08549938350915909,210.9934848472476,0
680,0.9736461937427521,0.7122050523757935,0.9270423054695129,0.2234574407339096,0.08554399758577347,211.30254121124744,0
681,0.972064197063446,0.7120037078857422,0.9270866513252258,0.2232268825173378,0.08547443151473999,211.61132740974426,0
682,0.9730929732322693,0.7116681337356567,0.9337345957756042,0.22340893745422363,0.08560877293348312,211.9204057753086,0
683,0.9738293588161469,0.7120372653007507,0.9245011806488037,0.22303815186023712,0.08551017194986343,212.22900973260403,0
684,0.9733012467622757,0.7111983299255371,0.9323489665985107,0.2233320102095604,0.08549953997135162,212.53789257258177,0
685,0.9730639308691025,0.7111647725105286,0.9331180453300476,0.2230578288435936,0.08544837683439255,212.84645441919565,0
686,0.971995010972023,0.7125742435455322,0.9253499507904053,0.22310960292816162,0.08545473217964172,213.15507298707962,0
687,0.9716559797525406,0.7106949687004089,0.9304000735282898,0.22297457605600357,0.0854749083518982,213.46357929706573,0
688,0.9719389081001282,0.7126078009605408,0.9305945634841919,0.22305447608232498,0.08553348481655121,213.77222403883934,0
689,0.97100929915905,0.7119365930557251,0.9266575574874878,0.22292744368314743,0.085521399974823,214.08073364198208,0
690,0.9699931591749191,0.7117352485656738,0.9298053979873657,0.2231280729174614,0.08552458882331848,214.38944207131863,0
691,0.970845103263855,0.7121714949607849,0.9310096502304077,0.22317872941493988,0.08547130227088928,214.69814370572567,0
692,0.9711061865091324,0.7119365930557251,0.9312545657157898,0.22305315732955933,0.08540061116218567,215.0066542774439,0
693,0.9695084095001221,0.7119701504707336,0.9269931316375732,0.22357776015996933,0.08540960401296616,215.31570171564817,0
694,0.9695772230625153,0.7121379375457764,0.9271792769432068,0.2229861542582512,0.08551079779863358,215.62426052242517,0
695,0.9710991382598877,0.71113121509552,0.9307476878166199,0.2231859639286995,0.08546829223632812,215.93298064172268,0
696,0.9689259082078934,0.712440013885498,0.9276852011680603,0.22303348034620285,0.08546049147844315,216.2415255010128,0
697,0.9697011709213257,0.7118023633956909,0.9273812174797058,0.22318647801876068,0.08550083637237549,216.55026860535145,0
698,0.9701997339725494,0.7117688059806824,0.9328227639198303,0.22301079332828522,0.08552472293376923,216.85886021703482,0
699,0.9699312448501587,0.7134131789207458,0.9240637421607971,0.223149873316288,0.08538248389959335,217.17380967736244,1
700,0.9703236073255539,0.7123057246208191,0.9262025356292725,0.223114013671875,0.08544749021530151,217.48242285847664,0
701,0.9694524556398392,0.7117352485656738,0.9296626448631287,0.2230941653251648,0.08546900004148483,217.79104249179363,0
702,0.9688840210437775,0.7121714949607849,0.9251697063446045,0.2237081453204155,0.0854746401309967,218.10028441995382,0
703,0.9695578962564468,0.7117352485656738,0.9307287931442261,0.22316370904445648,0.08550967276096344,218.4090714380145,0
704,0.9680279344320297,0.7132453918457031,0.9281684160232544,0.22327522188425064,0.08560493588447571,218.71801421046257,0
705,0.9702115654945374,0.7115674614906311,0.9253350496292114,0.2229873538017273,0.0854807123541832,219.02655193954706,0
706,0.969232589006424,0.7123057246208191,0.9277864098548889,0.22329672425985336,0.08547361195087433,219.33538495749235,0
707,0.9680138826370239,0.7131447196006775,0.9278147220611572,0.2230338156223297,0.08547161519527435,219.64394500106573,0
708,0.9686109572649002,0.7118023633956909,0.928983211517334,0.22309979796409607,0.08554026484489441,219.95264042913914,0
709,0.9693054407835007,0.7129098176956177,0.9270015954971313,0.22316215932369232,0.08544378727674484,220.26130289584398,0
710,0.9675844460725784,0.7128427028656006,0.9263454675674438,0.22292744368314743,0.08548741042613983,220.5697691515088,0
711,0.9684250503778458,0.7120708227157593,0.9282927513122559,0.22313731163740158,0.08561976253986359,220.87858415395021,0
712,0.9668763428926468,0.7124064564704895,0.926379382610321,0.22318077832460403,0.0855071097612381,221.18734305351973,0
713,0.9685730785131454,0.7138829827308655,0.9236013293266296,0.22314707189798355,0.08558543771505356,221.5021452307701,1
714,0.9674610644578934,0.712440013885498,0.9292904138565063,0.22289662063121796,0.08551346510648727,221.81061029434204,0
715,0.9672134816646576,0.711500346660614,0.9288075566291809,0.22323548048734665,0.08549239486455917,222.1194122582674,0
716,0.9675628244876862,0.7130776047706604,0.9249009490013123,0.2233460322022438,0.08554527908563614,222.428363122046,0
717,0.9674348533153534,0.7121714949607849,0.9288907051086426,0.2231098636984825,0.08548792451620102,222.737015850842,0
718,0.967005267739296,0.7122721672058105,0.9285014867782593,0.22325468063354492,0.08561881631612778,223.04594150930643,0
719,0.9678331762552261,0.7124735713005066,0.9277819991111755,0.2230670005083084,0.08547784388065338,223.35455050319433,0
720,0.9671086072921753,0.7119701504707336,0.9272069334983826,0.22320867329835892,0.08549582958221436,223.6633114144206,0
721,0.9658489227294922,0.7126413583755493,0.925281822681427,0.2229708507657051,0.08552394062280655,223.97186574339867,0
722,0.9657805562019348,0.7123057246208191,0.9332262277603149,0.2231433093547821,0.08557265996932983,224.2806393802166,0
723,0.968360424041748,0.7128762602806091,0.9251541495323181,0.2244482859969139,0.08565179258584976,224.59087439626455,0
724,0.9670135080814362,0.7128762602806091,0.9245149493217468,0.22318313270807266,0.08551527559757233,224.89966487884521,0
725,0.967180922627449,0.7123057246208191,0.9304591417312622,0.22328124940395355,0.0855201780796051,225.20852331072092,0
726,0.9667636752128601,0.7137823104858398,0.9254661202430725,0.22346848994493484,0.08545386791229248,225.51753523945808,0
727,0.9678640514612198,0.7120372653007507,0.9237398505210876,0.22345352172851562,0.08567219972610474,225.8267239406705,0
728,0.964345782995224,0.7116010189056396,0.9260569214820862,0.22362070530653,0.08554953336715698,226.13600862026215,0
729,0.9642316102981567,0.7128762602806091,0.9282923936843872,0.22332372516393661,0.08551882952451706,226.44491112977266,0
730,0.9652708917856216,0.7101916074752808,0.9339601993560791,0.22324083745479584,0.08555489033460617,226.75376100838184,0
731,0.9665004462003708,0.7133796215057373,0.9217045903205872,0.22334056347608566,0.08550460636615753,227.0626950711012,0
732,0.9666203856468201,0.7119701504707336,0.9293758273124695,0.2230151742696762,0.08542077988386154,227.37119432538748,0
733,0.9650836884975433,0.7109969854354858,0.9301599264144897,0.22301270812749863,0.08540906012058258,227.67967170476913,0
734,0.9664831012487411,0.7136480808258057,0.9220803380012512,0.22296664863824844,0.08545563369989395,227.98815414309502,0
735,0.9648454040288925,0.7129433751106262,0.9265053868293762,0.22300255298614502,0.08549072593450546,228.29670399427414,0
736,0.9651154577732086,0.7109969854354858,0.9332672357559204,0.22301415354013443,0.08553798496723175,228.60530681163073,0
737,0.9650651812553406,0.7132453918457031,0.9247845411300659,0.22312524914741516,0.08555863052606583,228.9140486419201,0
738,0.9651952385902405,0.7139836549758911,0.924822986125946,0.22297421097755432,0.08533293753862381,229.22854994237423,1
739,0.963967427611351,0.7117688059806824,0.9286065101623535,0.22306512296199799,0.08551725745201111,229.53719282150269,0
740,0.9637982696294785,0.7135809659957886,0.9260842800140381,0.2231282889842987,0.08542328327894211,229.8457950130105,0
741,0.9633021205663681,0.7127084732055664,0.9246124625205994,0.22323650121688843,0.08541566878557205,230.1545084863901,0
742,0.9632904380559921,0.7135809659957886,0.9235263466835022,0.22306746989488602,0.08550216257572174,230.46313586086035,0
743,0.9633726477622986,0.7128762602806091,0.9278537034988403,0.2233501821756363,0.08553940057754517,230.77208410948515,0
744,0.963361844420433,0.712440013885498,0.9286239743232727,0.2231317088007927,0.08549879491329193,231.08079669624567,0
745,0.9624002873897552,0.7135809659957886,0.92295241355896,0.2232021614909172,0.08553789556026459,231.38959292322397,0
746,0.9633873105049133,0.7115674614906311,0.9295379519462585,0.22310268878936768,0.08556392043828964,231.6983275860548,0
747,0.9630623012781143,0.7125071287155151,0.9269355535507202,0.22300653159618378,0.08545281738042831,232.00684660673141,0
748,0.9622912704944611,0.7140843272209167,0.9226223230361938,0.2233302816748619,0.0854986235499382,232.32145036011934,1
749,0.9624473303556442,0.7124064564704895,0.9285411834716797,0.22301837801933289,0.08552640676498413,232.63006133586168,0
750,0.9630885124206543,0.7117688059806824,0.9261116981506348,0.22300797700881958,0.085546113550663,232.938674621284,0
751,0.9615914523601532,0.7141178846359253,0.9238014221191406,0.2232738584280014,0.08544042706489563,233.25352063775063,1
752,0.9624794274568558,0.7124735713005066,0.927372932434082,0.22316255420446396,0.08543869853019714,233.56220334023237,0
753,0.9617286026477814,0.7124735713005066,0.9262910485267639,0.2231483906507492,0.08549530804157257,233.87090769410133,0
754,0.9624344259500504,0.7129769325256348,0.9256624579429626,0.2231750562787056,0.08555030077695847,234.17969401180744,0
755,0.9620409458875656,0.7133460640907288,0.9220099449157715,0.2232505828142166,0.08555151522159576,234.4885989204049,0
756,0.9617023915052414,0.712440013885498,0.9317004680633545,0.2230762541294098,0.0854760929942131,234.7972157895565,0
757,0.961857482790947,0.7134467363357544,0.9243503212928772,0.2231530323624611,0.08542059361934662,235.10585908591747,0
758,0.9611313492059708,0.7127755880355835,0.9243342280387878,0.22305148094892502,0.08546149730682373,235.41443672031164,0
759,0.9617852717638016,0.713178277015686,0.9268912076950073,0.22325368225574493,0.08548736572265625,235.72323075681925,0
760,0.9622293561697006,0.7134131789207458,0.9229058027267456,0.22303614765405655,0.08546215295791626,236.03178519010544,0
761,0.9601357579231262,0.7121714949607849,0.9268195629119873,0.22316456586122513,0.08549164980649948,236.34049708396196,0
762,0.9600213319063187,0.7128762602806091,0.9252055287361145,0.2236407771706581,0.08537682890892029,236.64958698302507,0
763,0.96153424680233,0.7132453918457031,0.9237282276153564,0.22339248657226562,0.08551108092069626,236.95858182013035,0
764,0.9607190042734146,0.7116345763206482,0.9290348291397095,0.2230231687426567,0.08555897325277328,237.26722826063633,0
765,0.9607711732387543,0.7122721672058105,0.9252493381500244,0.223358616232872,0.08540365099906921,237.57604640722275,0
766,0.9588814526796341,0.712809145450592,0.9226862788200378,0.22311429679393768,0.08547787368297577,237.88470305502415,0
767,0.9594385176897049,0.7116010189056396,0.9296380877494812,0.22314085066318512,0.08540471643209457,238.19330045580864,0
768,0.9618245661258698,0.7140507698059082,0.9223596453666687,0.22305676341056824,0.08546695113182068,238.50187424570322,0
769,0.9607435017824173,0.7127084732055664,0.9255357384681702,0.22299887239933014,0.08541779965162277,238.81034737825394,0
770,0.959146186709404,0.7129098176956177,0.9280869364738464,0.22307638078927994,0.08550974726676941,239.1189992427826,0
771,0.9602582603693008,0.7138829827308655,0.9225682020187378,0.22320130467414856,0.08552900701761246,239.42780897021294,0
772,0.9586859345436096,0.7122721672058105,0.9282246828079224,0.2232283279299736,0.08552335947751999,239.73666881024837,0
773,0.9601833373308182,0.7136145234107971,0.9254376888275146,0.2233123481273651,0.08547775447368622,240.045535415411,0
774,0.9572027772665024,0.7128427028656006,0.9241459369659424,0.22319168597459793,0.08550389111042023,240.35428579896688,0
775,0.9594690203666687,0.710762083530426,0.9313153624534607,0.22310195863246918,0.08550974726676941,240.66295482963324,0
776,0.9594538658857346,0.7141849994659424,0.9238070249557495,0.22291535139083862,0.08541397005319595,240.97721802443266,1
777,0.959270715713501,0.7124064564704895,0.9290268421173096,0.22315146774053574,0.08550069481134415,241.28592858463526,0
778,0.9595785439014435,0.7130440473556519,0.9229434728622437,0.22424772381782532,0.0855281874537468,241.59576093405485,0
779,0.9577576965093613,0.7130776047706604,0.9249585866928101,0.22328966110944748,0.08543620258569717,241.904561676085,0
780,0.9587807655334473,0.7132453918457031,0.9267627596855164,0.22331225872039795,0.08553708344697952,242.21346955746412,0
781,0.9582721441984177,0.7135809659957886,0.9222518801689148,0.22296421229839325,0.08537247776985168,242.52186197787523,0
782,0.9597180038690567,0.7126413583755493,0.9261937141418457,0.22304082661867142,0.08541937172412872,242.8303878158331,0
783,0.9595575034618378,0.7124735713005066,0.9268476963043213,0.22307590395212173,0.08542303740978241,243.13895228505135,0
784,0.9583211690187454,0.713178277015686,0.9224079251289368,0.2231828048825264,0.0854928195476532,243.44768888503313,0
785,0.9578264653682709,0.7127755880355835,0.9269919395446777,0.2232845574617386,0.08552172780036926,243.7565966397524,0
786,0.9590744078159332,0.7129433751106262,0.9235879778862,0.22306375950574875,0.08541027456521988,244.06512843072414,0
787,0.9568402022123337,0.7136816382408142,0.9242032766342163,0.22305113077163696,0.08539125323295593,244.37362825870514,0
788,0.9580634981393814,0.7123057246208191,0.9274309277534485,0.22313321381807327,0.08542332798242569,244.68224062025547,0
789,0.957735612988472,0.7134467363357544,0.9266785979270935,0.22313681989908218,0.08554736524820328,244.99098309129477,0
790,0.95805823802948,0.7133460640907288,0.9251469373703003,0.22321581095457077,0.08546045422554016,245.29971402138472,0
791,0.9579109996557236,0.7123057246208191,0.9244704246520996,0.22303655743598938,0.08540907502174377,245.60821828246117,0
792,0.9584999531507492,0.7138829827308655,0.9234986305236816,0.2231183648109436,0.08555953949689865,245.91695581376553,0
793,0.9566927254199982,0.712742030620575,0.9277970790863037,0.22325583547353745,0.08550643920898438,246.22577641904354,0
794,0.9595119208097458,0.7134131789207458,0.9231014847755432,0.22295597195625305,0.08546657115221024,246.53425420075655,0
795,0.9576658308506012,0.7130776047706604,0.9241977334022522,0.22311369329690933,0.08540520071983337,246.8428528085351,0
796,0.9553125649690628,0.7128427028656006,0.9229233860969543,0.2231014519929886,0.08557772636413574,247.15158993005753,0
797,0.9573012739419937,0.7135809659957886,0.9216262698173523,0.22317813336849213,0.08548376709222794,247.4603097513318,0
798,0.9572975337505341,0.7142185568809509,0.9235348701477051,0.22308079153299332,0.08542878925800323,247.77489452809095,1
799,0.9541037678718567,0.7110641002655029,0.9296026825904846,0.2228992059826851,0.08549298346042633,248.0833453387022,0
800,0.9549390524625778,0.7139500975608826,0.9227766394615173,0.22319267690181732,0.08549360185861588,248.3920963704586,0
801,0.9533799439668655,0.7138494253158569,0.9227368831634521,0.22324159741401672,0.08543485403060913,248.70082943886518,0
802,0.9557717889547348,0.7133125066757202,0.924465537071228,0.2230490744113922,0.08553064614534378,249.00945848226547,0
803,0.9564611315727234,0.71354740858078,0.9240306615829468,0.2231193333864212,0.08544380217790604,249.3180772587657,0
804,0.9559345841407776,0.7119030356407166,0.9288290739059448,0.22301989793777466,0.08553338795900345,249.62668591737747,0
805,0.9550981372594833,0.7139836549758911,0.9205547571182251,0.22319768369197845,0.08556089550256729,249.9355004131794,0
806,0.9559535831212997,0.7137151956558228,0.9215322136878967,0.22300463169813156,0.08543561398983002,250.2439962103963,0
807,0.9546917378902435,0.7130104899406433,0.9249657988548279,0.22313203662633896,0.08549509942531586,250.55268033593893,0
808,0.9548746347427368,0.7130776047706604,0.9246988296508789,0.2229284569621086,0.0854669138789177,250.86115066707134,0
809,0.9537304937839508,0.714285671710968,0.9220399260520935,0.22310753166675568,0.08547025173902512,251.17613960802555,1
810,0.953872337937355,0.7130776047706604,0.9252244830131531,0.22304122895002365,0.085495226085186,251.48473246395588,0
811,0.9543643146753311,0.7133125066757202,0.9224499464035034,0.2232004553079605,0.08546871691942215,251.7934551909566,0
812,0.953923836350441,0.713111162185669,0.9258305430412292,0.22339322417974472,0.08560130000114441,252.102510727942,0
813,0.9549654126167297,0.7132789492607117,0.9255874156951904,0.2238914594054222,0.08557458221912384,252.41203400492668,0
814,0.9546721577644348,0.7136145234107971,0.9206769466400146,0.22334697097539902,0.08549559116363525,252.7209800630808,0
815,0.9558415859937668,0.7104600667953491,0.9341161251068115,0.22338935732841492,0.08545725792646408,253.02990875393152,0
816,0.9555368721485138,0.7143192291259766,0.9214040040969849,0.22330542653799057,0.08543898910284042,253.34697726368904,1
817,0.9556593894958496,0.71354740858078,0.9228417277336121,0.22444387525320053,0.08555936813354492,253.65704418718815,0
818,0.9533371329307556,0.7121714949607849,0.9301263093948364,0.22325831651687622,0.08549488335847855,253.96585454791784,0
819,0.9558671861886978,0.7128427028656006,0.9229124188423157,0.22311408817768097,0.08556769043207169,254.2745889350772,0
820,0.9553926885128021,0.7090170383453369,0.9333274364471436,0.22360651940107346,0.0854608342051506,254.58372405171394,0
821,0.9570624530315399,0.7139500975608826,0.923043429851532,0.22340242564678192,0.08543533086776733,254.8926820755005,0
822,0.9519430994987488,0.7140507698059082,0.9239732623100281,0.22317563742399216,0.08552733063697815,255.20145236700773,0
823,0.9546932727098465,0.7091177105903625,0.936967670917511,0.22333713620901108,0.08550623059272766,255.51034806668758,0
824,0.9579026252031326,0.71354740858078,0.9207895398139954,0.22338072210550308,0.08554984629154205,255.8193364739418,0
825,0.9541194885969162,0.7144534587860107,0.9233067035675049,0.22351260483264923,0.08543430268764496,256.1363129094243,1
826,0.9544177651405334,0.7096881866455078,0.935300350189209,0.22344493865966797,0.08554839342832565,256.44539518654346,0
827,0.9563139528036118,0.71354740858078,0.9204896092414856,0.22334758937358856,0.08550570905208588,256.754319883883,0
828,0.9522821009159088,0.7139836549758911,0.9231011867523193,0.22319751232862473,0.08545102924108505,257.0630295202136,0
829,0.9554274678230286,0.7105271816253662,0.9323649406433105,0.22342326492071152,0.08548901230096817,257.37199979275465,0
830,0.9540151655673981,0.7138158679008484,0.9207671880722046,0.22320301085710526,0.08553420007228851,257.68079440295696,0
831,0.9528791457414627,0.714654803276062,0.9250888228416443,0.22319615632295609,0.08552825450897217,257.99588357657194,1
832,0.9548579752445221,0.7113996744155884,0.9317875504493713,0.22340811043977737,0.0854087769985199,258.3047566637397,0
833,0.9525635838508606,0.7138158679008484,0.9199625253677368,0.22329023480415344,0.08547499775886536,258.6136132180691,0
834,0.9534919559955597,0.7154602408409119,0.9240958094596863,0.22335123270750046,0.08537283539772034,258.92848908901215,1
835,0.9524535536766052,0.7116345763206482,0.930652916431427,0.22334237396717072,0.08586927503347397,259.23776557296515,0
836,0.9528905600309372,0.7134467363357544,0.918527364730835,0.22396565973758698,0.08564075082540512,259.547485999763,0
837,0.9547906965017319,0.7149232625961304,0.9222754836082458,0.22336166352033615,0.08544771373271942,259.8564023524523,0
838,0.9541602581739426,0.71354740858078,0.9262344837188721,0.22319425642490387,0.08535613864660263,260.1650200113654,0
839,0.9520685523748398,0.7133125066757202,0.9201470613479614,0.22351641952991486,0.08545354753732681,260.4740444943309,0
840,0.9516501277685165,0.7151246666908264,0.9221686720848083,0.22351983934640884,0.08549731224775314,260.7831223011017,0
841,0.9526425749063492,0.7142521142959595,0.9243046045303345,0.22356556355953217,0.08550356328487396,261.0922547727823,0
842,0.9510731399059296,0.7138494253158569,0.9202660918235779,0.22332898527383804,0.08552530407905579,261.40121790766716,0
843,0.9509209096431732,0.7151246666908264,0.9211640357971191,0.22307033836841583,0.08543351292610168,261.7097798064351,0
844,0.9519051611423492,0.7135809659957886,0.9239756464958191,0.22288965433835983,0.0853806585073471,262.0181019976735,0
845,0.9502691775560379,0.713111162185669,0.921017050743103,0.22287695854902267,0.08538027107715607,262.3264112919569,0
846,0.9488459229469299,0.7147554755210876,0.9230539202690125,0.22320974618196487,0.08545573055744171,262.635137565434,0
847,0.949074849486351,0.7144199013710022,0.9236910343170166,0.22304821759462357,0.0853312537074089,262.9435745701194,0
848,0.9514266550540924,0.7143863439559937,0.9210979342460632,0.2228945568203926,0.08541437983512878,263.251937545836,0
849,0.9500637203454971,0.7142185568809509,0.9223791360855103,0.2230042889714241,0.08551715314388275,263.56051506102085,0
850,0.9505845308303833,0.7154602408409119,0.9206719994544983,0.2231849655508995,0.08557505160570145,263.8755500614643,1
851,0.9505710750818253,0.7145205736160278,0.9230045080184937,0.22290661931037903,0.08552046120166779,264.1840550675988,0
852,0.9510945379734039,0.7135809659957886,0.9264377951622009,0.22303061932325363,0.0853591188788414,264.4925150051713,0
853,0.9494818598031998,0.7149232625961304,0.920387327671051,0.2231382504105568,0.08538974821567535,264.80110105127096,0
854,0.9489114135503769,0.7143863439559937,0.9174323678016663,0.2230779305100441,0.08555333316326141,265.10978911817074,0
855,0.9488987326622009,0.7137823104858398,0.9246141910552979,0.22348611056804657,0.08555267751216888,265.41891080886126,0
856,0.9499489367008209,0.7142185568809509,0.9224941730499268,0.2230149656534195,0.08544526994228363,265.727444909513,0
857,0.9480713158845901,0.7144534587860107,0.9229629039764404,0.2231794074177742,0.08553904294967651,266.036227196455,0
858,0.9482947885990143,0.7145876884460449,0.9213063716888428,0.22342076152563095,0.08560418337583542,266.34532035142183,0
859,0.9491365551948547,0.7143192291259766,0.9206746816635132,0.22318287938833237,0.08542612940073013,266.65400775521994,0
860,0.9501166343688965,0.7150911092758179,0.9192599654197693,0.22339501231908798,0.08554627746343613,266.96301643550396,0
861,0.9477662295103073,0.7149232625961304,0.9255170226097107,0.2230694442987442,0.0855104923248291,267.2716581597924,0
862,0.9478485137224197,0.7143192291259766,0.9230825304985046,0.22319481521844864,0.08537693321704865,267.5802953466773,0
863,0.9479440450668335,0.7145205736160278,0.9203910827636719,0.2232234627008438,0.08540001511573792,267.88898760825396,0
864,0.9495020061731339,0.7147219181060791,0.9211079478263855,0.22316453605890274,0.0854509025812149,268.19767674803734,0
865,0.9487880319356918,0.7154937982559204,0.9199827909469604,0.2229900360107422,0.08551812171936035,268.5132787525654,1
866,0.9486782997846603,0.7143863439559937,0.9225732088088989,0.22321154922246933,0.08540402352809906,268.8219585567713,0
867,0.9471374750137329,0.7149232625961304,0.9224721193313599,0.2232806459069252,0.08544719964265823,269.1307454109192,0
868,0.9474159777164459,0.7141178846359253,0.9240440726280212,0.22356219589710236,0.08551496267318726,269.43990268558264,0
869,0.9469874203205109,0.7148897051811218,0.9200567007064819,0.2232603058218956,0.0856415182352066,269.74886210262775,0
870,0.9479625225067139,0.7153595685958862,0.9198737740516663,0.22316274046897888,0.08551723510026932,270.0576209947467,0
871,0.9478942900896072,0.715023934841156,0.9210079908370972,0.2230534330010414,0.08549697697162628,270.36622385680676,0
872,0.9461314082145691,0.7132453918457031,0.9209704995155334,0.2230076715350151,0.08544564992189407,270.674779124558,0
873,0.948004424571991,0.7144199013710022,0.9233320951461792,0.22308871895074844,0.08545210212469101,270.98339650034904,0
874,0.9468603283166885,0.7148225903511047,0.9217435121536255,0.2232518047094345,0.08553751558065414,271.29224544018507,0
875,0.94806207716465,0.7144870162010193,0.9205446243286133,0.22347041219472885,0.08555378764867783,271.60134659707546,0
876,0.9458000212907791,0.7150911092758179,0.9221678376197815,0.22315605729818344,0.08537641167640686,271.9099508225918,0
877,0.9453589916229248,0.7144534587860107,0.9232816696166992,0.22316227853298187,0.0854845866560936,272.2186669409275,0
878,0.9475884139537811,0.7136816382408142,0.918673038482666,0.22300631552934647,0.08543665707111359,272.5271863490343,0
879,0.9462258815765381,0.7145876884460449,0.9245486855506897,0.22308269143104553,0.08551961183547974,272.8358475342393,0
880,0.9462997019290924,0.7144534587860107,0.9237477779388428,0.22317983210086823,0.08542658388614655,273.14451771974564,0
881,0.9466555118560791,0.715023934841156,0.9173815846443176,0.22329923510551453,0.08554050326347351,273.4534255415201,0
882,0.9462955743074417,0.7139836549758911,0.9257455468177795,0.22304074466228485,0.08552871644496918,273.76205438375473,0
883,0.9467157572507858,0.7138494253158569,0.9235366582870483,0.2230222299695015,0.08553821593523026,274.07067615538836,0
884,0.9454174190759659,0.7141514420509338,0.9181442856788635,0.22309043258428574,0.0854746624827385,274.37931952625513,0
885,0.9462995678186417,0.7147890329360962,0.9228209257125854,0.2232196256518364,0.08545931428670883,274.68806597590446,0
886,0.9470647126436234,0.7143527865409851,0.920415461063385,0.22305621951818466,0.08543796092271805,274.9966263100505,0
887,0.9456088244915009,0.7136480808258057,0.9218839406967163,0.22307135164737701,0.08549854159355164,275.30525574088097,0
888,0.9468002319335938,0.7156951427459717,0.9186811447143555,0.2232617810368538,0.08554515987634659,275.61993288993835,1
889,0.946033239364624,0.7143192291259766,0.9229395389556885,0.22311761230230331,0.08561252802610397,275.9287448376417,0
890,0.9438254982233047,0.7144199013710022,0.9236690402030945,0.223244309425354,0.08545094728469849,276.23750291764736,0
891,0.9453780502080917,0.715158224105835,0.9180658459663391,0.22310245782136917,0.08551511913537979,276.5461863875389,0
892,0.9452782273292542,0.7147554755210876,0.919856071472168,0.2231389433145523,0.08544640988111496,276.85484417527914,0
893,0.9454342275857925,0.7142185568809509,0.923426628112793,0.22316154837608337,0.08542753756046295,277.1635011509061,0
894,0.9450335800647736,0.7151246666908264,0.9212837815284729,0.22323142737150192,0.08540134876966476,277.4722046032548,0
895,0.9440567940473557,0.715225338935852,0.9192950129508972,0.22325222939252853,0.08544214814901352,277.780958019197,0
896,0.9440372735261917,0.7148561477661133,0.9188645482063293,0.22323638945817947,0.0855179950594902,278.0898002907634,0
897,0.9450447857379913,0.7145876884460449,0.9202550053596497,0.22331849485635757,0.08539330214262009,278.39865351468325,0
898,0.9441246837377548,0.7154266834259033,0.9196282029151917,0.22308790683746338,0.08536002784967422,278.7071817442775,0
899,0.9444261938333511,0.7157287001609802,0.9180484414100647,0.22335296869277954,0.08559484034776688,279.021914511919,1
900,0.9449929296970367,0.712742030620575,0.9266997575759888,0.2232402265071869,0.08543264865875244,279.3306730389595,0
901,0.9445920586585999,0.7153931260108948,0.9178794026374817,0.22333405166864395,0.08551029860973358,279.6395921930671,0
902,0.9441790878772736,0.7154266834259033,0.9187608361244202,0.2233719378709793,0.08550574630498886,279.9486062154174,0
903,0.9450658559799194,0.7150575518608093,0.9231217503547668,0.22339758276939392,0.08540776371955872,280.25749472528696,0
904,0.9449990391731262,0.7153260111808777,0.9176173806190491,0.22313540428876877,0.08550382405519485,280.566233061254,0
905,0.9434461444616318,0.7145541310310364,0.9201355576515198,0.22362735122442245,0.08550136536359787,280.87545645982027,0
906,0.9437902569770813,0.7148225903511047,0.9200056195259094,0.22351717203855515,0.08554906398057938,281.1846382021904,0
907,0.9428187310695648,0.7141849994659424,0.9208502173423767,0.22327952086925507,0.08543477207422256,281.4934517070651,0
908,0.9427454918622971,0.715225338935852,0.9207302331924438,0.22334959357976913,0.08545678108930588,281.80233104526997,0
909,0.9432727247476578,0.7157622575759888,0.920275092124939,0.22330490499734879,0.08558192849159241,282.11842830479145,1
910,0.9424662441015244,0.7147554755210876,0.922623872756958,0.22320754081010818,0.08547662198543549,282.42719826102257,0
911,0.9429416209459305,0.7154602408409119,0.9172183871269226,0.22319650650024414,0.08548001945018768,282.73594488203526,0
912,0.9434841424226761,0.7149568200111389,0.9215012788772583,0.22325710207223892,0.08543285727500916,283.04472962766886,0
913,0.942844957113266,0.714285671710968,0.92389976978302,0.2234891951084137,0.08546295762062073,283.3537483587861,0
914,0.9419651627540588,0.7149903774261475,0.9187976121902466,0.22314312309026718,0.08553597331047058,283.66252226382494,0
915,0.9429539889097214,0.7144534587860107,0.9231981635093689,0.22344504296779633,0.08542297035455704,283.97152473032475,0
916,0.9421932250261307,0.7151917815208435,0.921538233757019,0.22315825521945953,0.08550646156072617,284.2802616432309,0
917,0.9432462751865387,0.7156280279159546,0.9202139973640442,0.22318635880947113,0.08533428609371185,284.58886874467134,0
918,0.9431696832180023,0.7154266834259033,0.9211956858634949,0.22322294116020203,0.08551505953073502,284.8976983577013,0
919,0.942704901099205,0.714654803276062,0.9215242266654968,0.2232087329030037,0.08542998880147934,285.20642587542534,0
920,0.9429013878107071,0.7154602408409119,0.9195714592933655,0.22314947843551636,0.08552035689353943,285.5151610225439,0
921,0.9397355616092682,0.7150911092758179,0.9220001101493835,0.2230965718626976,0.08553189784288406,285.8238549605012,0
922,0.9425230920314789,0.715158224105835,0.9182330965995789,0.22374531626701355,0.08554518222808838,286.1332267969847,0
923,0.942941814661026,0.7153260111808777,0.9192017316818237,0.22383274137973785,0.08545097708702087,286.4426154717803,0
924,0.9412863254547119,0.7145876884460449,0.921775758266449,0.22329161316156387,0.08544322103261948,286.75142830610275,0
925,0.9417447596788406,0.715527355670929,0.9192278981208801,0.2230651006102562,0.08552321046590805,287.0600967928767,0
926,0.9421910345554352,0.7154602408409119,0.9208066463470459,0.22323671728372574,0.0855398178100586,287.36894185841084,0
927,0.9398373663425446,0.714654803276062,0.9234424829483032,0.22331823408603668,0.08541475981473923,287.6777781173587,0
928,0.9411916434764862,0.715158224105835,0.9198322296142578,0.22309771925210953,0.08549311012029648,287.9864433556795,0
929,0.9417765438556671,0.7156280279159546,0.9197306036949158,0.22304383665323257,0.08554869890213013,288.2950926274061,0
930,0.9407233893871307,0.7148225903511047,0.92155522108078,0.22313161194324493,0.0854945033788681,288.6037892103195,0
931,0.9407293349504471,0.7153260111808777,0.9197173714637756,0.22296173870563507,0.08547849208116531,288.9122960418463,0
932,0.9405554085969925,0.7148561477661133,0.9214175343513489,0.22309155017137527,0.08548770099878311,289.22092834860086,0
933,0.9419724494218826,0.7152588963508606,0.9206693768501282,0.2230934500694275,0.0853961780667305,289.5294756516814,0
934,0.9406887590885162,0.7142185568809509,0.9214804172515869,0.22312276810407639,0.08543486893177032,289.8380883783102,0
935,0.9417084455490112,0.7157958149909973,0.919958770275116,0.22324208915233612,0.08545058965682983,290.15367958694696,1
936,0.9410411417484283,0.715225338935852,0.918405294418335,0.22311577200889587,0.08554732799530029,290.46242528408766,0
937,0.9414483606815338,0.7144199013710022,0.9239983558654785,0.22336003184318542,0.08545027673244476,290.77130365371704,0
938,0.9406484216451645,0.7161985039710999,0.9188981056213379,0.22294791042804718,0.08551369607448578,291.08594646304846,1
939,0.9411143809556961,0.7162656188011169,0.9173014760017395,0.22320854663848877,0.08552983403205872,291.4008675441146,1
940,0.9405259042978287,0.7146212458610535,0.9231955409049988,0.22313673794269562,0.085504449903965,291.70957332104445,0
941,0.9403157830238342,0.7155609130859375,0.920444130897522,0.22308547794818878,0.08552773296833038,292.0182555690408,0
942,0.9403500854969025,0.7146212458610535,0.9209119081497192,0.22342449426651,0.08536075800657272,292.32713997364044,0
943,0.940770760178566,0.7157287001609802,0.9178587794303894,0.22314175963401794,0.08558839559555054,292.6359379068017,0
944,0.9385148882865906,0.715896487236023,0.9223735332489014,0.22340159863233566,0.08554233610630035,292.94495061039925,0
945,0.940138578414917,0.7153931260108948,0.9226129651069641,0.2232881858944893,0.08549237996339798,293.2537923678756,0
946,0.9393222481012344,0.715896487236023,0.9172012209892273,0.22321215271949768,0.08539260923862457,293.5624776482582,0
947,0.9379911124706268,0.7143192291259766,0.9231711030006409,0.22320900112390518,0.08552882075309753,293.8712673038244,0
948,0.9394368380308151,0.7157622575759888,0.9200132489204407,0.22308291494846344,0.08543477207422256,294.1798822581768,0
949,0.9388251006603241,0.7154602408409119,0.9176879525184631,0.2230948880314827,0.08548776060342789,294.4885340705514,0
950,0.9393301755189896,0.7127084732055664,0.9272517561912537,0.2231847047805786,0.08550003916025162,294.79728607833385,0
951,0.940560519695282,0.7157958149909973,0.9201164245605469,0.2233739122748375,0.08551323413848877,295.1062317863107,0
952,0.9412446767091751,0.7141178846359253,0.9202654957771301,0.2230711132287979,0.08553073555231094,295.41490653157234,0
953,0.9402062296867371,0.7148561477661133,0.9216821789741516,0.22314172238111496,0.08546075224876404,295.72357554733753,0
954,0.9397407025098801,0.7156951427459717,0.9206106066703796,0.22315678000450134,0.0855100229382515,296.032307587564,0
955,0.9407216608524323,0.7125742435455322,0.9266073703765869,0.22335127741098404,0.08552554249763489,296.34124824404716,0
956,0.9401602149009705,0.7158629298210144,0.9164958596229553,0.22349021583795547,0.08584129810333252,296.65066093951464,0
957,0.938259169459343,0.7161313891410828,0.9198084473609924,0.2239231988787651,0.08548622578382492,296.9602377191186,0
958,0.9392350614070892,0.713178277015686,0.9274114966392517,0.22331736981868744,0.08554550260305405,297.2691653519869,0
959,0.939182847738266,0.7158293724060059,0.9154323935508728,0.22342019528150558,0.08545928448438644,297.57809587568045,0
960,0.9373879730701447,0.7158629298210144,0.9222902655601501,0.22320570051670074,0.08550236374139786,297.88685884326696,0
961,0.9383706599473953,0.7140507698059082,0.9212133884429932,0.22340494394302368,0.08539895713329315,298.19572734832764,0
962,0.938119187951088,0.716332733631134,0.9168864488601685,0.2235071063041687,0.0855075791478157,298.5115700215101,1
963,0.9382733106613159,0.7160307168960571,0.9187234044075012,0.22335928678512573,0.08543344587087631,298.82043597847223,0
964,0.9379206150770187,0.7141178846359253,0.9223389625549316,0.22316841781139374,0.08550676703453064,299.129180803895,0
965,0.9383563697338104,0.7154937982559204,0.9201158881187439,0.2232608050107956,0.08549480140209198,299.43800266087055,0
966,0.9376555681228638,0.7165005207061768,0.9194891452789307,0.22317824512720108,0.08545321226119995,299.75269758701324,1
967,0.9366360157728195,0.7157958149909973,0.9172536730766296,0.22317549586296082,0.08549794554710388,300.0614340156317,0
968,0.9372698813676834,0.715225338935852,0.9224184155464172,0.22309276461601257,0.08543383330106735,300.3700164183974,0
969,0.9356602132320404,0.7159971594810486,0.9199469089508057,0.22313424199819565,0.08543252944946289,300.6786424294114,0
970,0.9376233816146851,0.7164669632911682,0.9164227843284607,0.22317630052566528,0.08559377491474152,300.98747735470533,0
971,0.9375659227371216,0.7156615853309631,0.9207605123519897,0.22320719808340073,0.08543586730957031,301.29618337005377,0
972,0.9367378205060959,0.7151246666908264,0.9225106835365295,0.22380146384239197,0.08555445075035095,301.6056137084961,0
973,0.9369624704122543,0.7159971594810486,0.9174548983573914,0.22376246750354767,0.0855579525232315,301.9150214418769,0
974,0.9369512349367142,0.7163662910461426,0.9168749451637268,0.22323621809482574,0.08545754849910736,302.2237741202116,0
975,0.9369150698184967,0.7145541310310364,0.9249787926673889,0.22335759550333023,0.08545470982789993,302.53264904767275,0
976,0.9363671541213989,0.715225338935852,0.9191548824310303,0.2234480157494545,0.08552142232656479,302.84167888760567,0
977,0.9371688365936279,0.7163998484611511,0.9179824590682983,0.22329283505678177,0.08555756509304047,303.1505935639143,0
978,0.9346942007541656,0.7170374393463135,0.9209735989570618,0.22311823070049286,0.08541182428598404,303.465900786221,1
979,0.9377760291099548,0.7154266834259033,0.9178735613822937,0.2232363373041153,0.08545715361833572,303.7746539413929,0
980,0.9353039264678955,0.7148561477661133,0.9215447306632996,0.2232387661933899,0.08544567972421646,304.0833987817168,0
981,0.9344754368066788,0.7164669632911682,0.9182462692260742,0.2233557477593422,0.08551931381225586,304.3923496082425,0
982,0.9365565031766891,0.7164669632911682,0.9155288934707642,0.22312768548727036,0.08570137619972229,304.7012389302254,0
983,0.9348357021808624,0.7139500975608826,0.9245267510414124,0.22322140634059906,0.08545037358999252,305.00998095422983,0
984,0.9370046854019165,0.715158224105835,0.920651376247406,0.22327406704425812,0.0855068564414978,305.3188143223524,0
985,0.9351537972688675,0.7168696522712708,0.9167073965072632,0.22330113500356674,0.0854543074965477,305.62765600532293,0
986,0.9353269338607788,0.7141849994659424,0.9218785166740417,0.22332171350717545,0.08545497059822083,305.93651547282934,0
987,0.9370554983615875,0.7152588963508606,0.9170534610748291,0.2234223708510399,0.0855385810136795,306.24554444104433,0
988,0.9350005388259888,0.715527355670929,0.9208370447158813,0.22342520207166672,0.0854218527674675,306.55447917431593,0
989,0.9361802190542221,0.7144534587860107,0.9219937920570374,0.22369859367609024,0.08545030653476715,306.8636905103922,0
990,0.9371133893728256,0.7164669632911682,0.915073037147522,0.22324251383543015,0.08562566339969635,307.1726306155324,0
991,0.9350104629993439,0.7154266834259033,0.919879674911499,0.22345905750989914,0.08557608723640442,307.4817248657346,0
992,0.9339398890733719,0.7121714949607849,0.9288978576660156,0.2231828197836876,0.08547385782003403,307.7904359996319,0
993,0.9359217435121536,0.716701865196228,0.91078120470047,0.22336136549711227,0.08543054014444351,308.09933153539896,0
994,0.9367746263742447,0.7150575518608093,0.9222949743270874,0.22343779355287552,0.08553145825862885,308.40837271511555,0
995,0.9352332800626755,0.7133125066757202,0.9285253286361694,0.22332807630300522,0.08552667498588562,308.7172894999385,0
996,0.9349396228790283,0.717070996761322,0.9139295816421509,0.2233867421746254,0.08543131500482559,309.0325531736016,1
997,0.9340370148420334,0.7160978317260742,0.9201245903968811,0.22318680584430695,0.08539793640375137,309.3411985784769,0
998,0.9367834776639938,0.715158224105835,0.9219449758529663,0.22318612784147263,0.08560279756784439,309.65004701167345,0
999,0.9353499263525009,0.7162320613861084,0.9171278476715088,0.22341206669807434,0.08546710759401321,309.95900993049145,0
1000,0.9355094730854034,0.7142521142959595,0.9203651547431946,0.2232963815331459,0.0855378806591034,310.267910502851,0
