Loading data...

============================================================
Training roman-empire GAT-sep 4L h=256 lr=3e-05 split=5
============================================================
Training for 5000 steps
Step    1 | loss 3.0938 | val_acc=0.0641 val_loss=2.9839 val_f1_macro=0.0290 val_f1_weighted=0.0427 val_prec_macro=0.0723 val_rec_macro=0.0595 val_metric_name=acc val_metric=0.0641
Step   50 | loss 1.9972 | val_acc=0.4936 val_loss=1.7398 val_f1_macro=0.2337 val_f1_weighted=0.4213 val_prec_macro=0.2527 val_rec_macro=0.2642 val_metric_name=acc val_metric=0.4936
Step  100 | loss 1.4799 | val_acc=0.5910 val_loss=1.3181 val_f1_macro=0.3791 val_f1_weighted=0.5361 val_prec_macro=0.4726 val_rec_macro=0.3937 val_metric_name=acc val_metric=0.5910
Step  150 | loss 1.2209 | val_acc=0.6611 val_loss=1.0724 val_f1_macro=0.4919 val_f1_weighted=0.6188 val_prec_macro=0.5378 val_rec_macro=0.5016 val_metric_name=acc val_metric=0.6611
Step  200 | loss 1.0334 | val_acc=0.7049 val_loss=0.9041 val_f1_macro=0.5527 val_f1_weighted=0.6721 val_prec_macro=0.6169 val_rec_macro=0.5628 val_metric_name=acc val_metric=0.7049
Step  250 | loss 0.9069 | val_acc=0.7342 val_loss=0.8040 val_f1_macro=0.6190 val_f1_weighted=0.7122 val_prec_macro=0.6639 val_rec_macro=0.6231 val_metric_name=acc val_metric=0.7342
Step  300 | loss 0.8041 | val_acc=0.7569 val_loss=0.7365 val_f1_macro=0.6640 val_f1_weighted=0.7415 val_prec_macro=0.6981 val_rec_macro=0.6676 val_metric_name=acc val_metric=0.7569
Step  350 | loss 0.7325 | val_acc=0.7698 val_loss=0.6859 val_f1_macro=0.6941 val_f1_weighted=0.7593 val_prec_macro=0.7184 val_rec_macro=0.6964 val_metric_name=acc val_metric=0.7698
Step  400 | loss 0.6636 | val_acc=0.7908 val_loss=0.6454 val_f1_macro=0.7317 val_f1_weighted=0.7832 val_prec_macro=0.7482 val_rec_macro=0.7335 val_metric_name=acc val_metric=0.7908
Step  450 | loss 0.6178 | val_acc=0.8009 val_loss=0.6134 val_f1_macro=0.7487 val_f1_weighted=0.7953 val_prec_macro=0.7567 val_rec_macro=0.7535 val_metric_name=acc val_metric=0.8009
Step  500 | loss 0.5659 | val_acc=0.8117 val_loss=0.5831 val_f1_macro=0.7639 val_f1_weighted=0.8073 val_prec_macro=0.7683 val_rec_macro=0.7714 val_metric_name=acc val_metric=0.8117
Step  550 | loss 0.5179 | val_acc=0.8194 val_loss=0.5604 val_f1_macro=0.7739 val_f1_weighted=0.8159 val_prec_macro=0.7762 val_rec_macro=0.7825 val_metric_name=acc val_metric=0.8194
Step  600 | loss 0.4803 | val_acc=0.8267 val_loss=0.5414 val_f1_macro=0.7821 val_f1_weighted=0.8237 val_prec_macro=0.7838 val_rec_macro=0.7907 val_metric_name=acc val_metric=0.8267
Step  650 | loss 0.4373 | val_acc=0.8342 val_loss=0.5249 val_f1_macro=0.7896 val_f1_weighted=0.8311 val_prec_macro=0.7922 val_rec_macro=0.7974 val_metric_name=acc val_metric=0.8342
Step  700 | loss 0.4095 | val_acc=0.8420 val_loss=0.5099 val_f1_macro=0.7990 val_f1_weighted=0.8392 val_prec_macro=0.8016 val_rec_macro=0.8058 val_metric_name=acc val_metric=0.8420
Step  750 | loss 0.3811 | val_acc=0.8473 val_loss=0.4981 val_f1_macro=0.8083 val_f1_weighted=0.8454 val_prec_macro=0.8075 val_rec_macro=0.8163 val_metric_name=acc val_metric=0.8473
Step  800 | loss 0.3568 | val_acc=0.8507 val_loss=0.4906 val_f1_macro=0.8125 val_f1_weighted=0.8484 val_prec_macro=0.8125 val_rec_macro=0.8193 val_metric_name=acc val_metric=0.8507
Step  850 | loss 0.3230 | val_acc=0.8531 val_loss=0.4838 val_f1_macro=0.8142 val_f1_weighted=0.8507 val_prec_macro=0.8133 val_rec_macro=0.8220 val_metric_name=acc val_metric=0.8531
Step  900 | loss 0.3013 | val_acc=0.8570 val_loss=0.4804 val_f1_macro=0.8207 val_f1_weighted=0.8547 val_prec_macro=0.8204 val_rec_macro=0.8271 val_metric_name=acc val_metric=0.8570
Step  950 | loss 0.2713 | val_acc=0.8590 val_loss=0.4768 val_f1_macro=0.8237 val_f1_weighted=0.8568 val_prec_macro=0.8219 val_rec_macro=0.8313 val_metric_name=acc val_metric=0.8590
Step 1000 | loss 0.2540 | val_acc=0.8627 val_loss=0.4743 val_f1_macro=0.8280 val_f1_weighted=0.8605 val_prec_macro=0.8260 val_rec_macro=0.8350 val_metric_name=acc val_metric=0.8627
Step 1050 | loss 0.2291 | val_acc=0.8639 val_loss=0.4764 val_f1_macro=0.8309 val_f1_weighted=0.8621 val_prec_macro=0.8291 val_rec_macro=0.8379 val_metric_name=acc val_metric=0.8639
Step 1100 | loss 0.2095 | val_acc=0.8646 val_loss=0.4802 val_f1_macro=0.8307 val_f1_weighted=0.8623 val_prec_macro=0.8300 val_rec_macro=0.8366 val_metric_name=acc val_metric=0.8646
Step 1150 | loss 0.2011 | val_acc=0.8669 val_loss=0.4850 val_f1_macro=0.8334 val_f1_weighted=0.8650 val_prec_macro=0.8311 val_rec_macro=0.8403 val_metric_name=acc val_metric=0.8669
Step 1200 | loss 0.1762 | val_acc=0.8687 val_loss=0.4874 val_f1_macro=0.8356 val_f1_weighted=0.8668 val_prec_macro=0.8337 val_rec_macro=0.8420 val_metric_name=acc val_metric=0.8687
Step 1250 | loss 0.1700 | val_acc=0.8713 val_loss=0.4912 val_f1_macro=0.8381 val_f1_weighted=0.8699 val_prec_macro=0.8353 val_rec_macro=0.8446 val_metric_name=acc val_metric=0.8713
Step 1300 | loss 0.1573 | val_acc=0.8713 val_loss=0.4995 val_f1_macro=0.8392 val_f1_weighted=0.8698 val_prec_macro=0.8363 val_rec_macro=0.8462 val_metric_name=acc val_metric=0.8713
Step 1350 | loss 0.1444 | val_acc=0.8734 val_loss=0.5045 val_f1_macro=0.8416 val_f1_weighted=0.8718 val_prec_macro=0.8395 val_rec_macro=0.8479 val_metric_name=acc val_metric=0.8734
Step 1400 | loss 0.1381 | val_acc=0.8748 val_loss=0.5103 val_f1_macro=0.8449 val_f1_weighted=0.8732 val_prec_macro=0.8427 val_rec_macro=0.8509 val_metric_name=acc val_metric=0.8748
Step 1450 | loss 0.1246 | val_acc=0.8764 val_loss=0.5167 val_f1_macro=0.8452 val_f1_weighted=0.8747 val_prec_macro=0.8437 val_rec_macro=0.8504 val_metric_name=acc val_metric=0.8764
Step 1500 | loss 0.1174 | val_acc=0.8768 val_loss=0.5203 val_f1_macro=0.8458 val_f1_weighted=0.8752 val_prec_macro=0.8437 val_rec_macro=0.8515 val_metric_name=acc val_metric=0.8768
Step 1550 | loss 0.1108 | val_acc=0.8778 val_loss=0.5274 val_f1_macro=0.8475 val_f1_weighted=0.8764 val_prec_macro=0.8464 val_rec_macro=0.8521 val_metric_name=acc val_metric=0.8778
Step 1600 | loss 0.1014 | val_acc=0.8770 val_loss=0.5346 val_f1_macro=0.8458 val_f1_weighted=0.8753 val_prec_macro=0.8459 val_rec_macro=0.8493 val_metric_name=acc val_metric=0.8770
Step 1650 | loss 0.0922 | val_acc=0.8784 val_loss=0.5399 val_f1_macro=0.8480 val_f1_weighted=0.8768 val_prec_macro=0.8475 val_rec_macro=0.8521 val_metric_name=acc val_metric=0.8784
Step 1700 | loss 0.0861 | val_acc=0.8786 val_loss=0.5467 val_f1_macro=0.8468 val_f1_weighted=0.8767 val_prec_macro=0.8467 val_rec_macro=0.8510 val_metric_name=acc val_metric=0.8786
Step 1750 | loss 0.0834 | val_acc=0.8780 val_loss=0.5534 val_f1_macro=0.8464 val_f1_weighted=0.8762 val_prec_macro=0.8456 val_rec_macro=0.8514 val_metric_name=acc val_metric=0.8780
Step 1800 | loss 0.0786 | val_acc=0.8789 val_loss=0.5590 val_f1_macro=0.8497 val_f1_weighted=0.8775 val_prec_macro=0.8493 val_rec_macro=0.8536 val_metric_name=acc val_metric=0.8789
Step 1850 | loss 0.0731 | val_acc=0.8801 val_loss=0.5593 val_f1_macro=0.8499 val_f1_weighted=0.8786 val_prec_macro=0.8494 val_rec_macro=0.8537 val_metric_name=acc val_metric=0.8801
Step 1900 | loss 0.0737 | val_acc=0.8787 val_loss=0.5648 val_f1_macro=0.8492 val_f1_weighted=0.8774 val_prec_macro=0.8498 val_rec_macro=0.8518 val_metric_name=acc val_metric=0.8787
Step 1950 | loss 0.0669 | val_acc=0.8807 val_loss=0.5732 val_f1_macro=0.8506 val_f1_weighted=0.8790 val_prec_macro=0.8511 val_rec_macro=0.8538 val_metric_name=acc val_metric=0.8807
Step 2000 | loss 0.0610 | val_acc=0.8816 val_loss=0.5756 val_f1_macro=0.8527 val_f1_weighted=0.8800 val_prec_macro=0.8536 val_rec_macro=0.8552 val_metric_name=acc val_metric=0.8816
Step 2050 | loss 0.0590 | val_acc=0.8800 val_loss=0.5867 val_f1_macro=0.8506 val_f1_weighted=0.8784 val_prec_macro=0.8520 val_rec_macro=0.8531 val_metric_name=acc val_metric=0.8800
Step 2100 | loss 0.0575 | val_acc=0.8824 val_loss=0.5842 val_f1_macro=0.8522 val_f1_weighted=0.8807 val_prec_macro=0.8531 val_rec_macro=0.8547 val_metric_name=acc val_metric=0.8824
Step 2150 | loss 0.0542 | val_acc=0.8817 val_loss=0.5898 val_f1_macro=0.8536 val_f1_weighted=0.8803 val_prec_macro=0.8549 val_rec_macro=0.8552 val_metric_name=acc val_metric=0.8817
Step 2200 | loss 0.0483 | val_acc=0.8812 val_loss=0.5975 val_f1_macro=0.8520 val_f1_weighted=0.8796 val_prec_macro=0.8524 val_rec_macro=0.8551 val_metric_name=acc val_metric=0.8812
Step 2250 | loss 0.0490 | val_acc=0.8828 val_loss=0.6000 val_f1_macro=0.8549 val_f1_weighted=0.8812 val_prec_macro=0.8562 val_rec_macro=0.8571 val_metric_name=acc val_metric=0.8828
Step 2300 | loss 0.0493 | val_acc=0.8828 val_loss=0.6018 val_f1_macro=0.8525 val_f1_weighted=0.8810 val_prec_macro=0.8531 val_rec_macro=0.8552 val_metric_name=acc val_metric=0.8828
Step 2350 | loss 0.0464 | val_acc=0.8837 val_loss=0.6119 val_f1_macro=0.8541 val_f1_weighted=0.8819 val_prec_macro=0.8551 val_rec_macro=0.8568 val_metric_name=acc val_metric=0.8837
Step 2400 | loss 0.0424 | val_acc=0.8826 val_loss=0.6104 val_f1_macro=0.8532 val_f1_weighted=0.8810 val_prec_macro=0.8543 val_rec_macro=0.8556 val_metric_name=acc val_metric=0.8826
Step 2450 | loss 0.0427 | val_acc=0.8831 val_loss=0.6180 val_f1_macro=0.8556 val_f1_weighted=0.8816 val_prec_macro=0.8560 val_rec_macro=0.8585 val_metric_name=acc val_metric=0.8831
Step 2500 | loss 0.0409 | val_acc=0.8831 val_loss=0.6206 val_f1_macro=0.8535 val_f1_weighted=0.8812 val_prec_macro=0.8549 val_rec_macro=0.8561 val_metric_name=acc val_metric=0.8831
Step 2550 | loss 0.0347 | val_acc=0.8851 val_loss=0.6227 val_f1_macro=0.8568 val_f1_weighted=0.8835 val_prec_macro=0.8580 val_rec_macro=0.8590 val_metric_name=acc val_metric=0.8851
Step 2600 | loss 0.0342 | val_acc=0.8847 val_loss=0.6243 val_f1_macro=0.8550 val_f1_weighted=0.8829 val_prec_macro=0.8559 val_rec_macro=0.8575 val_metric_name=acc val_metric=0.8847
Step 2650 | loss 0.0314 | val_acc=0.8844 val_loss=0.6270 val_f1_macro=0.8550 val_f1_weighted=0.8827 val_prec_macro=0.8570 val_rec_macro=0.8565 val_metric_name=acc val_metric=0.8844
Step 2700 | loss 0.0312 | val_acc=0.8842 val_loss=0.6347 val_f1_macro=0.8546 val_f1_weighted=0.8824 val_prec_macro=0.8556 val_rec_macro=0.8568 val_metric_name=acc val_metric=0.8842
Step 2750 | loss 0.0308 | val_acc=0.8837 val_loss=0.6362 val_f1_macro=0.8550 val_f1_weighted=0.8819 val_prec_macro=0.8560 val_rec_macro=0.8573 val_metric_name=acc val_metric=0.8837
Step 2800 | loss 0.0316 | val_acc=0.8847 val_loss=0.6398 val_f1_macro=0.8559 val_f1_weighted=0.8829 val_prec_macro=0.8570 val_rec_macro=0.8581 val_metric_name=acc val_metric=0.8847
Step 2850 | loss 0.0283 | val_acc=0.8842 val_loss=0.6466 val_f1_macro=0.8554 val_f1_weighted=0.8823 val_prec_macro=0.8567 val_rec_macro=0.8578 val_metric_name=acc val_metric=0.8842
Step 2900 | loss 0.0283 | val_acc=0.8842 val_loss=0.6503 val_f1_macro=0.8552 val_f1_weighted=0.8823 val_prec_macro=0.8568 val_rec_macro=0.8577 val_metric_name=acc val_metric=0.8842
Step 2950 | loss 0.0276 | val_acc=0.8847 val_loss=0.6473 val_f1_macro=0.8573 val_f1_weighted=0.8831 val_prec_macro=0.8581 val_rec_macro=0.8598 val_metric_name=acc val_metric=0.8847
Step 3000 | loss 0.0282 | val_acc=0.8838 val_loss=0.6556 val_f1_macro=0.8561 val_f1_weighted=0.8822 val_prec_macro=0.8562 val_rec_macro=0.8595 val_metric_name=acc val_metric=0.8838
Step 3050 | loss 0.0271 | val_acc=0.8846 val_loss=0.6567 val_f1_macro=0.8567 val_f1_weighted=0.8829 val_prec_macro=0.8569 val_rec_macro=0.8597 val_metric_name=acc val_metric=0.8846
Step 3100 | loss 0.0238 | val_acc=0.8860 val_loss=0.6586 val_f1_macro=0.8580 val_f1_weighted=0.8843 val_prec_macro=0.8589 val_rec_macro=0.8604 val_metric_name=acc val_metric=0.8860
Step 3150 | loss 0.0224 | val_acc=0.8854 val_loss=0.6600 val_f1_macro=0.8580 val_f1_weighted=0.8838 val_prec_macro=0.8588 val_rec_macro=0.8605 val_metric_name=acc val_metric=0.8854
Step 3200 | loss 0.0227 | val_acc=0.8861 val_loss=0.6588 val_f1_macro=0.8585 val_f1_weighted=0.8844 val_prec_macro=0.8588 val_rec_macro=0.8611 val_metric_name=acc val_metric=0.8861
Step 3250 | loss 0.0213 | val_acc=0.8861 val_loss=0.6632 val_f1_macro=0.8582 val_f1_weighted=0.8842 val_prec_macro=0.8592 val_rec_macro=0.8608 val_metric_name=acc val_metric=0.8861
Step 3300 | loss 0.0256 | val_acc=0.8865 val_loss=0.6667 val_f1_macro=0.8591 val_f1_weighted=0.8847 val_prec_macro=0.8591 val_rec_macro=0.8623 val_metric_name=acc val_metric=0.8865
Step 3350 | loss 0.0231 | val_acc=0.8877 val_loss=0.6686 val_f1_macro=0.8592 val_f1_weighted=0.8858 val_prec_macro=0.8610 val_rec_macro=0.8610 val_metric_name=acc val_metric=0.8877
Step 3400 | loss 0.0246 | val_acc=0.8872 val_loss=0.6711 val_f1_macro=0.8588 val_f1_weighted=0.8856 val_prec_macro=0.8594 val_rec_macro=0.8612 val_metric_name=acc val_metric=0.8872
Step 3450 | loss 0.0197 | val_acc=0.8870 val_loss=0.6739 val_f1_macro=0.8584 val_f1_weighted=0.8853 val_prec_macro=0.8594 val_rec_macro=0.8608 val_metric_name=acc val_metric=0.8870
Step 3500 | loss 0.0205 | val_acc=0.8872 val_loss=0.6795 val_f1_macro=0.8584 val_f1_weighted=0.8853 val_prec_macro=0.8594 val_rec_macro=0.8607 val_metric_name=acc val_metric=0.8872
Step 3550 | loss 0.0174 | val_acc=0.8865 val_loss=0.6806 val_f1_macro=0.8582 val_f1_weighted=0.8848 val_prec_macro=0.8596 val_rec_macro=0.8600 val_metric_name=acc val_metric=0.8865
Step 3600 | loss 0.0161 | val_acc=0.8883 val_loss=0.6847 val_f1_macro=0.8582 val_f1_weighted=0.8862 val_prec_macro=0.8595 val_rec_macro=0.8606 val_metric_name=acc val_metric=0.8883
Step 3650 | loss 0.0188 | val_acc=0.8877 val_loss=0.6896 val_f1_macro=0.8593 val_f1_weighted=0.8860 val_prec_macro=0.8601 val_rec_macro=0.8618 val_metric_name=acc val_metric=0.8877
Step 3700 | loss 0.0160 | val_acc=0.8893 val_loss=0.6865 val_f1_macro=0.8611 val_f1_weighted=0.8876 val_prec_macro=0.8627 val_rec_macro=0.8624 val_metric_name=acc val_metric=0.8893
Step 3750 | loss 0.0152 | val_acc=0.8890 val_loss=0.6904 val_f1_macro=0.8602 val_f1_weighted=0.8872 val_prec_macro=0.8619 val_rec_macro=0.8617 val_metric_name=acc val_metric=0.8890
Step 3800 | loss 0.0161 | val_acc=0.8890 val_loss=0.6907 val_f1_macro=0.8602 val_f1_weighted=0.8872 val_prec_macro=0.8620 val_rec_macro=0.8616 val_metric_name=acc val_metric=0.8890
Step 3850 | loss 0.0200 | val_acc=0.8884 val_loss=0.6984 val_f1_macro=0.8600 val_f1_weighted=0.8869 val_prec_macro=0.8615 val_rec_macro=0.8615 val_metric_name=acc val_metric=0.8884
Step 3900 | loss 0.0149 | val_acc=0.8886 val_loss=0.6994 val_f1_macro=0.8597 val_f1_weighted=0.8866 val_prec_macro=0.8614 val_rec_macro=0.8613 val_metric_name=acc val_metric=0.8886
Step 3950 | loss 0.0159 | val_acc=0.8883 val_loss=0.7028 val_f1_macro=0.8590 val_f1_weighted=0.8865 val_prec_macro=0.8610 val_rec_macro=0.8603 val_metric_name=acc val_metric=0.8883
Step 4000 | loss 0.0138 | val_acc=0.8904 val_loss=0.7055 val_f1_macro=0.8621 val_f1_weighted=0.8885 val_prec_macro=0.8634 val_rec_macro=0.8640 val_metric_name=acc val_metric=0.8904
Step 4050 | loss 0.0132 | val_acc=0.8898 val_loss=0.7048 val_f1_macro=0.8608 val_f1_weighted=0.8879 val_prec_macro=0.8625 val_rec_macro=0.8621 val_metric_name=acc val_metric=0.8898
Step 4100 | loss 0.0139 | val_acc=0.8879 val_loss=0.7061 val_f1_macro=0.8603 val_f1_weighted=0.8862 val_prec_macro=0.8616 val_rec_macro=0.8622 val_metric_name=acc val_metric=0.8879
Step 4150 | loss 0.0118 | val_acc=0.8893 val_loss=0.7096 val_f1_macro=0.8606 val_f1_weighted=0.8875 val_prec_macro=0.8617 val_rec_macro=0.8628 val_metric_name=acc val_metric=0.8893
Step 4200 | loss 0.0164 | val_acc=0.8898 val_loss=0.7070 val_f1_macro=0.8615 val_f1_weighted=0.8882 val_prec_macro=0.8614 val_rec_macro=0.8642 val_metric_name=acc val_metric=0.8898
Step 4250 | loss 0.0128 | val_acc=0.8888 val_loss=0.7062 val_f1_macro=0.8598 val_f1_weighted=0.8871 val_prec_macro=0.8605 val_rec_macro=0.8618 val_metric_name=acc val_metric=0.8888
Step 4300 | loss 0.0180 | val_acc=0.8900 val_loss=0.7163 val_f1_macro=0.8616 val_f1_weighted=0.8881 val_prec_macro=0.8645 val_rec_macro=0.8622 val_metric_name=acc val_metric=0.8900
Step 4350 | loss 0.0143 | val_acc=0.8888 val_loss=0.7154 val_f1_macro=0.8597 val_f1_weighted=0.8870 val_prec_macro=0.8606 val_rec_macro=0.8618 val_metric_name=acc val_metric=0.8888
Step 4400 | loss 0.0132 | val_acc=0.8895 val_loss=0.7180 val_f1_macro=0.8618 val_f1_weighted=0.8879 val_prec_macro=0.8627 val_rec_macro=0.8636 val_metric_name=acc val_metric=0.8895
Step 4450 | loss 0.0121 | val_acc=0.8907 val_loss=0.7143 val_f1_macro=0.8627 val_f1_weighted=0.8891 val_prec_macro=0.8638 val_rec_macro=0.8643 val_metric_name=acc val_metric=0.8907
Step 4500 | loss 0.0120 | val_acc=0.8900 val_loss=0.7176 val_f1_macro=0.8616 val_f1_weighted=0.8882 val_prec_macro=0.8627 val_rec_macro=0.8635 val_metric_name=acc val_metric=0.8900
Step 4550 | loss 0.0108 | val_acc=0.8897 val_loss=0.7187 val_f1_macro=0.8614 val_f1_weighted=0.8880 val_prec_macro=0.8631 val_rec_macro=0.8622 val_metric_name=acc val_metric=0.8897
Step 4600 | loss 0.0114 | val_acc=0.8897 val_loss=0.7273 val_f1_macro=0.8619 val_f1_weighted=0.8879 val_prec_macro=0.8629 val_rec_macro=0.8639 val_metric_name=acc val_metric=0.8897
Step 4650 | loss 0.0112 | val_acc=0.8907 val_loss=0.7198 val_f1_macro=0.8622 val_f1_weighted=0.8890 val_prec_macro=0.8643 val_rec_macro=0.8627 val_metric_name=acc val_metric=0.8907
Step 4700 | loss 0.0109 | val_acc=0.8913 val_loss=0.7290 val_f1_macro=0.8628 val_f1_weighted=0.8894 val_prec_macro=0.8643 val_rec_macro=0.8645 val_metric_name=acc val_metric=0.8913
Step 4750 | loss 0.0116 | val_acc=0.8911 val_loss=0.7318 val_f1_macro=0.8628 val_f1_weighted=0.8895 val_prec_macro=0.8644 val_rec_macro=0.8640 val_metric_name=acc val_metric=0.8911
Step 4800 | loss 0.0118 | val_acc=0.8904 val_loss=0.7308 val_f1_macro=0.8624 val_f1_weighted=0.8887 val_prec_macro=0.8638 val_rec_macro=0.8638 val_metric_name=acc val_metric=0.8904
Step 4850 | loss 0.0115 | val_acc=0.8913 val_loss=0.7329 val_f1_macro=0.8630 val_f1_weighted=0.8897 val_prec_macro=0.8625 val_rec_macro=0.8663 val_metric_name=acc val_metric=0.8913
Step 4900 | loss 0.0103 | val_acc=0.8904 val_loss=0.7327 val_f1_macro=0.8634 val_f1_weighted=0.8888 val_prec_macro=0.8631 val_rec_macro=0.8662 val_metric_name=acc val_metric=0.8904
Step 4950 | loss 0.0069 | val_acc=0.8890 val_loss=0.7413 val_f1_macro=0.8612 val_f1_weighted=0.8872 val_prec_macro=0.8616 val_rec_macro=0.8640 val_metric_name=acc val_metric=0.8890
Step 5000 | loss 0.0095 | val_acc=0.8890 val_loss=0.7453 val_f1_macro=0.8607 val_f1_weighted=0.8871 val_prec_macro=0.8610 val_rec_macro=0.8636 val_metric_name=acc val_metric=0.8890

--- Final (best ckpt @ step 4670) ---
  train_acc=1.0000 train_loss=0.0001 train_f1_macro=1.0000 train_f1_weighted=1.0000 train_prec_macro=1.0000 train_rec_macro=1.0000 train_metric_name=acc train_metric=1.0000
  val_acc=0.8923 val_loss=0.7298 val_f1_macro=0.8643 val_f1_weighted=0.8905 val_prec_macro=0.8649 val_rec_macro=0.8671 val_metric_name=acc val_metric=0.8923
  test_acc=0.8966 test_loss=0.6572 test_f1_macro=0.8683 test_f1_weighted=0.8956 test_prec_macro=0.8716 test_rec_macro=0.8679 test_metric_name=acc test_metric=0.8966
  test_acc=0.8966

============================================================
Training roman-empire GAT-sep 4L h=256 lr=6e-05 split=5
============================================================
Training for 5000 steps
Step    1 | loss 3.0938 | val_acc=0.1116 val_loss=2.8791 val_f1_macro=0.0409 val_f1_weighted=0.0607 val_prec_macro=0.1347 val_rec_macro=0.0747 val_metric_name=acc val_metric=0.1116
Step   50 | loss 1.5487 | val_acc=0.5696 val_loss=1.3804 val_f1_macro=0.3472 val_f1_weighted=0.5118 val_prec_macro=0.4047 val_rec_macro=0.3606 val_metric_name=acc val_metric=0.5696
Step  100 | loss 1.0913 | val_acc=0.6923 val_loss=0.9589 val_f1_macro=0.5317 val_f1_weighted=0.6551 val_prec_macro=0.5518 val_rec_macro=0.5454 val_metric_name=acc val_metric=0.6923
Step  150 | loss 0.8515 | val_acc=0.7458 val_loss=0.7690 val_f1_macro=0.6438 val_f1_weighted=0.7277 val_prec_macro=0.6805 val_rec_macro=0.6475 val_metric_name=acc val_metric=0.7458
Step  200 | loss 0.7000 | val_acc=0.7804 val_loss=0.6712 val_f1_macro=0.7125 val_f1_weighted=0.7715 val_prec_macro=0.7316 val_rec_macro=0.7150 val_metric_name=acc val_metric=0.7804
Step  250 | loss 0.5970 | val_acc=0.8044 val_loss=0.6033 val_f1_macro=0.7548 val_f1_weighted=0.8000 val_prec_macro=0.7597 val_rec_macro=0.7608 val_metric_name=acc val_metric=0.8044
Step  300 | loss 0.5064 | val_acc=0.8205 val_loss=0.5584 val_f1_macro=0.7741 val_f1_weighted=0.8165 val_prec_macro=0.7764 val_rec_macro=0.7830 val_metric_name=acc val_metric=0.8205
Step  350 | loss 0.4418 | val_acc=0.8362 val_loss=0.5221 val_f1_macro=0.7925 val_f1_weighted=0.8335 val_prec_macro=0.7938 val_rec_macro=0.8005 val_metric_name=acc val_metric=0.8362
Step  400 | loss 0.3729 | val_acc=0.8484 val_loss=0.4958 val_f1_macro=0.8088 val_f1_weighted=0.8459 val_prec_macro=0.8086 val_rec_macro=0.8163 val_metric_name=acc val_metric=0.8484
Step  450 | loss 0.3249 | val_acc=0.8537 val_loss=0.4840 val_f1_macro=0.8159 val_f1_weighted=0.8513 val_prec_macro=0.8147 val_rec_macro=0.8234 val_metric_name=acc val_metric=0.8537
Step  500 | loss 0.2756 | val_acc=0.8586 val_loss=0.4785 val_f1_macro=0.8242 val_f1_weighted=0.8568 val_prec_macro=0.8223 val_rec_macro=0.8314 val_metric_name=acc val_metric=0.8586
Step  550 | loss 0.2339 | val_acc=0.8634 val_loss=0.4793 val_f1_macro=0.8287 val_f1_weighted=0.8612 val_prec_macro=0.8273 val_rec_macro=0.8361 val_metric_name=acc val_metric=0.8634
Step  600 | loss 0.1979 | val_acc=0.8664 val_loss=0.4867 val_f1_macro=0.8323 val_f1_weighted=0.8643 val_prec_macro=0.8304 val_rec_macro=0.8400 val_metric_name=acc val_metric=0.8664
Step  650 | loss 0.1653 | val_acc=0.8692 val_loss=0.4947 val_f1_macro=0.8356 val_f1_weighted=0.8671 val_prec_macro=0.8342 val_rec_macro=0.8428 val_metric_name=acc val_metric=0.8692
Step  700 | loss 0.1483 | val_acc=0.8727 val_loss=0.5037 val_f1_macro=0.8422 val_f1_weighted=0.8711 val_prec_macro=0.8406 val_rec_macro=0.8480 val_metric_name=acc val_metric=0.8727
Step  750 | loss 0.1260 | val_acc=0.8743 val_loss=0.5177 val_f1_macro=0.8434 val_f1_weighted=0.8726 val_prec_macro=0.8421 val_rec_macro=0.8492 val_metric_name=acc val_metric=0.8743
Step  800 | loss 0.1161 | val_acc=0.8759 val_loss=0.5240 val_f1_macro=0.8467 val_f1_weighted=0.8744 val_prec_macro=0.8459 val_rec_macro=0.8510 val_metric_name=acc val_metric=0.8759
Step  850 | loss 0.0960 | val_acc=0.8778 val_loss=0.5366 val_f1_macro=0.8471 val_f1_weighted=0.8764 val_prec_macro=0.8453 val_rec_macro=0.8525 val_metric_name=acc val_metric=0.8778
Step  900 | loss 0.0879 | val_acc=0.8784 val_loss=0.5496 val_f1_macro=0.8484 val_f1_weighted=0.8768 val_prec_macro=0.8475 val_rec_macro=0.8532 val_metric_name=acc val_metric=0.8784
Step  950 | loss 0.0794 | val_acc=0.8786 val_loss=0.5563 val_f1_macro=0.8493 val_f1_weighted=0.8770 val_prec_macro=0.8484 val_rec_macro=0.8541 val_metric_name=acc val_metric=0.8786
Step 1000 | loss 0.0662 | val_acc=0.8814 val_loss=0.5640 val_f1_macro=0.8528 val_f1_weighted=0.8800 val_prec_macro=0.8518 val_rec_macro=0.8572 val_metric_name=acc val_metric=0.8814
Step 1050 | loss 0.0577 | val_acc=0.8814 val_loss=0.5743 val_f1_macro=0.8521 val_f1_weighted=0.8802 val_prec_macro=0.8512 val_rec_macro=0.8563 val_metric_name=acc val_metric=0.8814
Step 1100 | loss 0.0541 | val_acc=0.8803 val_loss=0.5845 val_f1_macro=0.8502 val_f1_weighted=0.8789 val_prec_macro=0.8496 val_rec_macro=0.8544 val_metric_name=acc val_metric=0.8803
Step 1150 | loss 0.0509 | val_acc=0.8800 val_loss=0.5957 val_f1_macro=0.8508 val_f1_weighted=0.8787 val_prec_macro=0.8502 val_rec_macro=0.8548 val_metric_name=acc val_metric=0.8800
Step 1200 | loss 0.0441 | val_acc=0.8835 val_loss=0.6016 val_f1_macro=0.8535 val_f1_weighted=0.8817 val_prec_macro=0.8541 val_rec_macro=0.8570 val_metric_name=acc val_metric=0.8835
Step 1250 | loss 0.0419 | val_acc=0.8847 val_loss=0.6060 val_f1_macro=0.8564 val_f1_weighted=0.8835 val_prec_macro=0.8556 val_rec_macro=0.8602 val_metric_name=acc val_metric=0.8847
Step 1300 | loss 0.0410 | val_acc=0.8842 val_loss=0.6169 val_f1_macro=0.8562 val_f1_weighted=0.8827 val_prec_macro=0.8544 val_rec_macro=0.8616 val_metric_name=acc val_metric=0.8842
Step 1350 | loss 0.0373 | val_acc=0.8854 val_loss=0.6229 val_f1_macro=0.8571 val_f1_weighted=0.8837 val_prec_macro=0.8578 val_rec_macro=0.8604 val_metric_name=acc val_metric=0.8854
Step 1400 | loss 0.0347 | val_acc=0.8847 val_loss=0.6268 val_f1_macro=0.8580 val_f1_weighted=0.8835 val_prec_macro=0.8564 val_rec_macro=0.8624 val_metric_name=acc val_metric=0.8847
Step 1450 | loss 0.0347 | val_acc=0.8844 val_loss=0.6373 val_f1_macro=0.8570 val_f1_weighted=0.8826 val_prec_macro=0.8589 val_rec_macro=0.8584 val_metric_name=acc val_metric=0.8844
Step 1500 | loss 0.0312 | val_acc=0.8838 val_loss=0.6355 val_f1_macro=0.8549 val_f1_weighted=0.8824 val_prec_macro=0.8533 val_rec_macro=0.8599 val_metric_name=acc val_metric=0.8838
Step 1550 | loss 0.0311 | val_acc=0.8844 val_loss=0.6451 val_f1_macro=0.8578 val_f1_weighted=0.8829 val_prec_macro=0.8578 val_rec_macro=0.8613 val_metric_name=acc val_metric=0.8844
Step 1600 | loss 0.0274 | val_acc=0.8830 val_loss=0.6520 val_f1_macro=0.8546 val_f1_weighted=0.8812 val_prec_macro=0.8549 val_rec_macro=0.8580 val_metric_name=acc val_metric=0.8830
Step 1650 | loss 0.0235 | val_acc=0.8854 val_loss=0.6535 val_f1_macro=0.8586 val_f1_weighted=0.8838 val_prec_macro=0.8592 val_rec_macro=0.8612 val_metric_name=acc val_metric=0.8854
Step 1700 | loss 0.0242 | val_acc=0.8863 val_loss=0.6591 val_f1_macro=0.8584 val_f1_weighted=0.8843 val_prec_macro=0.8589 val_rec_macro=0.8620 val_metric_name=acc val_metric=0.8863
Step 1750 | loss 0.0244 | val_acc=0.8838 val_loss=0.6661 val_f1_macro=0.8553 val_f1_weighted=0.8818 val_prec_macro=0.8572 val_rec_macro=0.8578 val_metric_name=acc val_metric=0.8838
Step 1800 | loss 0.0219 | val_acc=0.8861 val_loss=0.6649 val_f1_macro=0.8597 val_f1_weighted=0.8844 val_prec_macro=0.8604 val_rec_macro=0.8625 val_metric_name=acc val_metric=0.8861
Step 1850 | loss 0.0200 | val_acc=0.8867 val_loss=0.6688 val_f1_macro=0.8587 val_f1_weighted=0.8850 val_prec_macro=0.8585 val_rec_macro=0.8618 val_metric_name=acc val_metric=0.8867
Step 1900 | loss 0.0208 | val_acc=0.8863 val_loss=0.6744 val_f1_macro=0.8591 val_f1_weighted=0.8849 val_prec_macro=0.8609 val_rec_macro=0.8602 val_metric_name=acc val_metric=0.8863
Step 1950 | loss 0.0190 | val_acc=0.8851 val_loss=0.6847 val_f1_macro=0.8564 val_f1_weighted=0.8829 val_prec_macro=0.8585 val_rec_macro=0.8582 val_metric_name=acc val_metric=0.8851
Step 2000 | loss 0.0182 | val_acc=0.8858 val_loss=0.6891 val_f1_macro=0.8565 val_f1_weighted=0.8840 val_prec_macro=0.8578 val_rec_macro=0.8590 val_metric_name=acc val_metric=0.8858
Step 2050 | loss 0.0175 | val_acc=0.8870 val_loss=0.6967 val_f1_macro=0.8595 val_f1_weighted=0.8852 val_prec_macro=0.8610 val_rec_macro=0.8622 val_metric_name=acc val_metric=0.8870
Step 2100 | loss 0.0169 | val_acc=0.8872 val_loss=0.6845 val_f1_macro=0.8589 val_f1_weighted=0.8852 val_prec_macro=0.8593 val_rec_macro=0.8619 val_metric_name=acc val_metric=0.8872
Step 2150 | loss 0.0152 | val_acc=0.8861 val_loss=0.6915 val_f1_macro=0.8577 val_f1_weighted=0.8843 val_prec_macro=0.8590 val_rec_macro=0.8599 val_metric_name=acc val_metric=0.8861
Step 2200 | loss 0.0123 | val_acc=0.8874 val_loss=0.6992 val_f1_macro=0.8587 val_f1_weighted=0.8854 val_prec_macro=0.8586 val_rec_macro=0.8627 val_metric_name=acc val_metric=0.8874
Step 2250 | loss 0.0166 | val_acc=0.8868 val_loss=0.7031 val_f1_macro=0.8604 val_f1_weighted=0.8849 val_prec_macro=0.8612 val_rec_macro=0.8633 val_metric_name=acc val_metric=0.8868
Step 2300 | loss 0.0154 | val_acc=0.8884 val_loss=0.6998 val_f1_macro=0.8601 val_f1_weighted=0.8863 val_prec_macro=0.8599 val_rec_macro=0.8638 val_metric_name=acc val_metric=0.8884
Step 2350 | loss 0.0139 | val_acc=0.8886 val_loss=0.7067 val_f1_macro=0.8618 val_f1_weighted=0.8865 val_prec_macro=0.8627 val_rec_macro=0.8641 val_metric_name=acc val_metric=0.8886
Step 2400 | loss 0.0133 | val_acc=0.8865 val_loss=0.7098 val_f1_macro=0.8568 val_f1_weighted=0.8844 val_prec_macro=0.8573 val_rec_macro=0.8598 val_metric_name=acc val_metric=0.8865
Step 2450 | loss 0.0129 | val_acc=0.8883 val_loss=0.7160 val_f1_macro=0.8608 val_f1_weighted=0.8862 val_prec_macro=0.8618 val_rec_macro=0.8636 val_metric_name=acc val_metric=0.8883
Step 2500 | loss 0.0126 | val_acc=0.8888 val_loss=0.7145 val_f1_macro=0.8603 val_f1_weighted=0.8866 val_prec_macro=0.8615 val_rec_macro=0.8633 val_metric_name=acc val_metric=0.8888
Step 2550 | loss 0.0092 | val_acc=0.8883 val_loss=0.7110 val_f1_macro=0.8606 val_f1_weighted=0.8862 val_prec_macro=0.8612 val_rec_macro=0.8634 val_metric_name=acc val_metric=0.8883
Step 2600 | loss 0.0101 | val_acc=0.8877 val_loss=0.7221 val_f1_macro=0.8597 val_f1_weighted=0.8857 val_prec_macro=0.8602 val_rec_macro=0.8629 val_metric_name=acc val_metric=0.8877
Step 2650 | loss 0.0083 | val_acc=0.8900 val_loss=0.7188 val_f1_macro=0.8630 val_f1_weighted=0.8882 val_prec_macro=0.8633 val_rec_macro=0.8655 val_metric_name=acc val_metric=0.8900
Step 2700 | loss 0.0082 | val_acc=0.8900 val_loss=0.7239 val_f1_macro=0.8633 val_f1_weighted=0.8883 val_prec_macro=0.8637 val_rec_macro=0.8655 val_metric_name=acc val_metric=0.8900
Step 2750 | loss 0.0086 | val_acc=0.8900 val_loss=0.7240 val_f1_macro=0.8645 val_f1_weighted=0.8885 val_prec_macro=0.8646 val_rec_macro=0.8671 val_metric_name=acc val_metric=0.8900
Step 2800 | loss 0.0100 | val_acc=0.8897 val_loss=0.7361 val_f1_macro=0.8623 val_f1_weighted=0.8879 val_prec_macro=0.8636 val_rec_macro=0.8645 val_metric_name=acc val_metric=0.8897
Step 2850 | loss 0.0089 | val_acc=0.8876 val_loss=0.7409 val_f1_macro=0.8582 val_f1_weighted=0.8854 val_prec_macro=0.8578 val_rec_macro=0.8627 val_metric_name=acc val_metric=0.8876
Step 2900 | loss 0.0082 | val_acc=0.8890 val_loss=0.7428 val_f1_macro=0.8614 val_f1_weighted=0.8867 val_prec_macro=0.8622 val_rec_macro=0.8651 val_metric_name=acc val_metric=0.8890
Step 2950 | loss 0.0076 | val_acc=0.8897 val_loss=0.7352 val_f1_macro=0.8622 val_f1_weighted=0.8879 val_prec_macro=0.8623 val_rec_macro=0.8656 val_metric_name=acc val_metric=0.8897
Step 3000 | loss 0.0095 | val_acc=0.8886 val_loss=0.7454 val_f1_macro=0.8604 val_f1_weighted=0.8867 val_prec_macro=0.8604 val_rec_macro=0.8643 val_metric_name=acc val_metric=0.8886
Step 3050 | loss 0.0081 | val_acc=0.8888 val_loss=0.7446 val_f1_macro=0.8616 val_f1_weighted=0.8873 val_prec_macro=0.8597 val_rec_macro=0.8664 val_metric_name=acc val_metric=0.8888
Step 3100 | loss 0.0072 | val_acc=0.8904 val_loss=0.7419 val_f1_macro=0.8629 val_f1_weighted=0.8885 val_prec_macro=0.8625 val_rec_macro=0.8665 val_metric_name=acc val_metric=0.8904
Step 3150 | loss 0.0067 | val_acc=0.8881 val_loss=0.7464 val_f1_macro=0.8598 val_f1_weighted=0.8862 val_prec_macro=0.8598 val_rec_macro=0.8629 val_metric_name=acc val_metric=0.8881
Step 3200 | loss 0.0071 | val_acc=0.8904 val_loss=0.7511 val_f1_macro=0.8623 val_f1_weighted=0.8885 val_prec_macro=0.8610 val_rec_macro=0.8666 val_metric_name=acc val_metric=0.8904
Early stopping at step 3225

--- Final (best ckpt @ step 2920) ---
  train_acc=1.0000 train_loss=0.0000 train_f1_macro=1.0000 train_f1_weighted=1.0000 train_prec_macro=1.0000 train_rec_macro=1.0000 train_metric_name=acc train_metric=1.0000
  val_acc=0.8909 val_loss=0.7371 val_f1_macro=0.8643 val_f1_weighted=0.8891 val_prec_macro=0.8644 val_rec_macro=0.8673 val_metric_name=acc val_metric=0.8909
  test_acc=0.8975 test_loss=0.6691 test_f1_macro=0.8695 test_f1_weighted=0.8963 test_prec_macro=0.8732 test_rec_macro=0.8681 test_metric_name=acc test_metric=0.8975
  test_acc=0.8975

============================================================
Training roman-empire GAT-sep 4L h=256 lr=0.0001 split=5
============================================================
Training for 5000 steps
Step    1 | loss 3.0938 | val_acc=0.1523 val_loss=2.7614 val_f1_macro=0.0530 val_f1_weighted=0.0927 val_prec_macro=0.1414 val_rec_macro=0.0818 val_metric_name=acc val_metric=0.1523
Step   50 | loss 1.2734 | val_acc=0.6445 val_loss=1.1391 val_f1_macro=0.4689 val_f1_weighted=0.6015 val_prec_macro=0.5015 val_rec_macro=0.4802 val_metric_name=acc val_metric=0.6445
Step  100 | loss 0.8357 | val_acc=0.7479 val_loss=0.7631 val_f1_macro=0.6473 val_f1_weighted=0.7305 val_prec_macro=0.6800 val_rec_macro=0.6525 val_metric_name=acc val_metric=0.7479
Step  150 | loss 0.6316 | val_acc=0.7931 val_loss=0.6298 val_f1_macro=0.7371 val_f1_weighted=0.7871 val_prec_macro=0.7440 val_rec_macro=0.7436 val_metric_name=acc val_metric=0.7931
Step  200 | loss 0.4915 | val_acc=0.8221 val_loss=0.5519 val_f1_macro=0.7770 val_f1_weighted=0.8191 val_prec_macro=0.7778 val_rec_macro=0.7858 val_metric_name=acc val_metric=0.8221
Step  250 | loss 0.3892 | val_acc=0.8443 val_loss=0.5046 val_f1_macro=0.8046 val_f1_weighted=0.8427 val_prec_macro=0.8030 val_rec_macro=0.8125 val_metric_name=acc val_metric=0.8443
Step  300 | loss 0.3012 | val_acc=0.8537 val_loss=0.4839 val_f1_macro=0.8162 val_f1_weighted=0.8513 val_prec_macro=0.8158 val_rec_macro=0.8229 val_metric_name=acc val_metric=0.8537
Step  350 | loss 0.2382 | val_acc=0.8634 val_loss=0.4787 val_f1_macro=0.8294 val_f1_weighted=0.8611 val_prec_macro=0.8277 val_rec_macro=0.8374 val_metric_name=acc val_metric=0.8634
Step  400 | loss 0.1765 | val_acc=0.8688 val_loss=0.4872 val_f1_macro=0.8367 val_f1_weighted=0.8672 val_prec_macro=0.8333 val_rec_macro=0.8441 val_metric_name=acc val_metric=0.8688
Step  450 | loss 0.1408 | val_acc=0.8710 val_loss=0.5086 val_f1_macro=0.8386 val_f1_weighted=0.8686 val_prec_macro=0.8371 val_rec_macro=0.8453 val_metric_name=acc val_metric=0.8710
Step  500 | loss 0.1113 | val_acc=0.8738 val_loss=0.5214 val_f1_macro=0.8441 val_f1_weighted=0.8726 val_prec_macro=0.8425 val_rec_macro=0.8492 val_metric_name=acc val_metric=0.8738
Step  550 | loss 0.0919 | val_acc=0.8777 val_loss=0.5418 val_f1_macro=0.8476 val_f1_weighted=0.8763 val_prec_macro=0.8466 val_rec_macro=0.8523 val_metric_name=acc val_metric=0.8777
Step  600 | loss 0.0756 | val_acc=0.8782 val_loss=0.5642 val_f1_macro=0.8482 val_f1_weighted=0.8766 val_prec_macro=0.8483 val_rec_macro=0.8529 val_metric_name=acc val_metric=0.8782
Step  650 | loss 0.0590 | val_acc=0.8789 val_loss=0.5779 val_f1_macro=0.8490 val_f1_weighted=0.8774 val_prec_macro=0.8489 val_rec_macro=0.8536 val_metric_name=acc val_metric=0.8789
Step  700 | loss 0.0552 | val_acc=0.8810 val_loss=0.5863 val_f1_macro=0.8521 val_f1_weighted=0.8796 val_prec_macro=0.8522 val_rec_macro=0.8556 val_metric_name=acc val_metric=0.8810
Step  750 | loss 0.0464 | val_acc=0.8787 val_loss=0.6068 val_f1_macro=0.8483 val_f1_weighted=0.8771 val_prec_macro=0.8487 val_rec_macro=0.8522 val_metric_name=acc val_metric=0.8787
Step  800 | loss 0.0433 | val_acc=0.8830 val_loss=0.6037 val_f1_macro=0.8540 val_f1_weighted=0.8815 val_prec_macro=0.8539 val_rec_macro=0.8579 val_metric_name=acc val_metric=0.8830
Step  850 | loss 0.0371 | val_acc=0.8824 val_loss=0.6196 val_f1_macro=0.8535 val_f1_weighted=0.8807 val_prec_macro=0.8536 val_rec_macro=0.8572 val_metric_name=acc val_metric=0.8824
Step  900 | loss 0.0349 | val_acc=0.8826 val_loss=0.6307 val_f1_macro=0.8531 val_f1_weighted=0.8810 val_prec_macro=0.8521 val_rec_macro=0.8577 val_metric_name=acc val_metric=0.8826
Step  950 | loss 0.0331 | val_acc=0.8831 val_loss=0.6330 val_f1_macro=0.8534 val_f1_weighted=0.8812 val_prec_macro=0.8535 val_rec_macro=0.8568 val_metric_name=acc val_metric=0.8831
Step 1000 | loss 0.0265 | val_acc=0.8847 val_loss=0.6424 val_f1_macro=0.8565 val_f1_weighted=0.8828 val_prec_macro=0.8575 val_rec_macro=0.8590 val_metric_name=acc val_metric=0.8847
Step 1050 | loss 0.0220 | val_acc=0.8835 val_loss=0.6501 val_f1_macro=0.8539 val_f1_weighted=0.8819 val_prec_macro=0.8539 val_rec_macro=0.8572 val_metric_name=acc val_metric=0.8835
Step 1100 | loss 0.0216 | val_acc=0.8835 val_loss=0.6611 val_f1_macro=0.8538 val_f1_weighted=0.8816 val_prec_macro=0.8528 val_rec_macro=0.8584 val_metric_name=acc val_metric=0.8835
Step 1150 | loss 0.0209 | val_acc=0.8840 val_loss=0.6682 val_f1_macro=0.8554 val_f1_weighted=0.8826 val_prec_macro=0.8549 val_rec_macro=0.8593 val_metric_name=acc val_metric=0.8840
Step 1200 | loss 0.0204 | val_acc=0.8860 val_loss=0.6709 val_f1_macro=0.8578 val_f1_weighted=0.8841 val_prec_macro=0.8564 val_rec_macro=0.8623 val_metric_name=acc val_metric=0.8860
Step 1250 | loss 0.0165 | val_acc=0.8876 val_loss=0.6759 val_f1_macro=0.8607 val_f1_weighted=0.8859 val_prec_macro=0.8613 val_rec_macro=0.8637 val_metric_name=acc val_metric=0.8876
Step 1300 | loss 0.0166 | val_acc=0.8858 val_loss=0.6844 val_f1_macro=0.8562 val_f1_weighted=0.8839 val_prec_macro=0.8534 val_rec_macro=0.8630 val_metric_name=acc val_metric=0.8858
Step 1350 | loss 0.0155 | val_acc=0.8856 val_loss=0.6854 val_f1_macro=0.8567 val_f1_weighted=0.8839 val_prec_macro=0.8562 val_rec_macro=0.8605 val_metric_name=acc val_metric=0.8856
Step 1400 | loss 0.0146 | val_acc=0.8863 val_loss=0.6906 val_f1_macro=0.8584 val_f1_weighted=0.8847 val_prec_macro=0.8568 val_rec_macro=0.8629 val_metric_name=acc val_metric=0.8863
Step 1450 | loss 0.0163 | val_acc=0.8872 val_loss=0.7006 val_f1_macro=0.8592 val_f1_weighted=0.8853 val_prec_macro=0.8597 val_rec_macro=0.8620 val_metric_name=acc val_metric=0.8872
Step 1500 | loss 0.0150 | val_acc=0.8877 val_loss=0.6987 val_f1_macro=0.8583 val_f1_weighted=0.8858 val_prec_macro=0.8571 val_rec_macro=0.8630 val_metric_name=acc val_metric=0.8877
Step 1550 | loss 0.0139 | val_acc=0.8876 val_loss=0.7003 val_f1_macro=0.8607 val_f1_weighted=0.8863 val_prec_macro=0.8588 val_rec_macro=0.8650 val_metric_name=acc val_metric=0.8876
Step 1600 | loss 0.0123 | val_acc=0.8868 val_loss=0.7064 val_f1_macro=0.8569 val_f1_weighted=0.8848 val_prec_macro=0.8559 val_rec_macro=0.8611 val_metric_name=acc val_metric=0.8868
Step 1650 | loss 0.0100 | val_acc=0.8863 val_loss=0.7105 val_f1_macro=0.8583 val_f1_weighted=0.8845 val_prec_macro=0.8580 val_rec_macro=0.8618 val_metric_name=acc val_metric=0.8863
Step 1700 | loss 0.0112 | val_acc=0.8898 val_loss=0.7146 val_f1_macro=0.8616 val_f1_weighted=0.8878 val_prec_macro=0.8625 val_rec_macro=0.8644 val_metric_name=acc val_metric=0.8898
Step 1750 | loss 0.0119 | val_acc=0.8865 val_loss=0.7219 val_f1_macro=0.8581 val_f1_weighted=0.8844 val_prec_macro=0.8599 val_rec_macro=0.8605 val_metric_name=acc val_metric=0.8865
Step 1800 | loss 0.0091 | val_acc=0.8868 val_loss=0.7173 val_f1_macro=0.8579 val_f1_weighted=0.8851 val_prec_macro=0.8574 val_rec_macro=0.8613 val_metric_name=acc val_metric=0.8868
Step 1850 | loss 0.0079 | val_acc=0.8886 val_loss=0.7272 val_f1_macro=0.8601 val_f1_weighted=0.8867 val_prec_macro=0.8600 val_rec_macro=0.8629 val_metric_name=acc val_metric=0.8886
Step 1900 | loss 0.0091 | val_acc=0.8879 val_loss=0.7367 val_f1_macro=0.8592 val_f1_weighted=0.8863 val_prec_macro=0.8596 val_rec_macro=0.8623 val_metric_name=acc val_metric=0.8879
Step 1950 | loss 0.0072 | val_acc=0.8870 val_loss=0.7443 val_f1_macro=0.8591 val_f1_weighted=0.8851 val_prec_macro=0.8597 val_rec_macro=0.8619 val_metric_name=acc val_metric=0.8870
Step 2000 | loss 0.0080 | val_acc=0.8881 val_loss=0.7457 val_f1_macro=0.8601 val_f1_weighted=0.8863 val_prec_macro=0.8603 val_rec_macro=0.8631 val_metric_name=acc val_metric=0.8881
Step 2050 | loss 0.0088 | val_acc=0.8868 val_loss=0.7501 val_f1_macro=0.8575 val_f1_weighted=0.8849 val_prec_macro=0.8586 val_rec_macro=0.8605 val_metric_name=acc val_metric=0.8868
Step 2100 | loss 0.0067 | val_acc=0.8920 val_loss=0.7347 val_f1_macro=0.8650 val_f1_weighted=0.8905 val_prec_macro=0.8654 val_rec_macro=0.8670 val_metric_name=acc val_metric=0.8920
Step 2150 | loss 0.0083 | val_acc=0.8909 val_loss=0.7431 val_f1_macro=0.8634 val_f1_weighted=0.8891 val_prec_macro=0.8640 val_rec_macro=0.8654 val_metric_name=acc val_metric=0.8909
Step 2200 | loss 0.0044 | val_acc=0.8902 val_loss=0.7524 val_f1_macro=0.8620 val_f1_weighted=0.8883 val_prec_macro=0.8622 val_rec_macro=0.8652 val_metric_name=acc val_metric=0.8902
Step 2250 | loss 0.0083 | val_acc=0.8909 val_loss=0.7504 val_f1_macro=0.8645 val_f1_weighted=0.8893 val_prec_macro=0.8639 val_rec_macro=0.8674 val_metric_name=acc val_metric=0.8909
Step 2300 | loss 0.0076 | val_acc=0.8913 val_loss=0.7497 val_f1_macro=0.8626 val_f1_weighted=0.8892 val_prec_macro=0.8614 val_rec_macro=0.8669 val_metric_name=acc val_metric=0.8913
Step 2350 | loss 0.0051 | val_acc=0.8921 val_loss=0.7527 val_f1_macro=0.8649 val_f1_weighted=0.8900 val_prec_macro=0.8650 val_rec_macro=0.8679 val_metric_name=acc val_metric=0.8921
Step 2400 | loss 0.0066 | val_acc=0.8909 val_loss=0.7558 val_f1_macro=0.8630 val_f1_weighted=0.8891 val_prec_macro=0.8623 val_rec_macro=0.8661 val_metric_name=acc val_metric=0.8909
Step 2450 | loss 0.0065 | val_acc=0.8907 val_loss=0.7579 val_f1_macro=0.8635 val_f1_weighted=0.8887 val_prec_macro=0.8635 val_rec_macro=0.8664 val_metric_name=acc val_metric=0.8907
Step 2500 | loss 0.0053 | val_acc=0.8914 val_loss=0.7635 val_f1_macro=0.8631 val_f1_weighted=0.8891 val_prec_macro=0.8664 val_rec_macro=0.8641 val_metric_name=acc val_metric=0.8914
Step 2550 | loss 0.0038 | val_acc=0.8925 val_loss=0.7516 val_f1_macro=0.8663 val_f1_weighted=0.8907 val_prec_macro=0.8658 val_rec_macro=0.8690 val_metric_name=acc val_metric=0.8925
Step 2600 | loss 0.0050 | val_acc=0.8916 val_loss=0.7621 val_f1_macro=0.8650 val_f1_weighted=0.8896 val_prec_macro=0.8654 val_rec_macro=0.8675 val_metric_name=acc val_metric=0.8916
Step 2650 | loss 0.0039 | val_acc=0.8913 val_loss=0.7608 val_f1_macro=0.8654 val_f1_weighted=0.8896 val_prec_macro=0.8652 val_rec_macro=0.8679 val_metric_name=acc val_metric=0.8913
Step 2700 | loss 0.0034 | val_acc=0.8937 val_loss=0.7675 val_f1_macro=0.8666 val_f1_weighted=0.8917 val_prec_macro=0.8676 val_rec_macro=0.8683 val_metric_name=acc val_metric=0.8937
Step 2750 | loss 0.0026 | val_acc=0.8932 val_loss=0.7710 val_f1_macro=0.8685 val_f1_weighted=0.8918 val_prec_macro=0.8680 val_rec_macro=0.8710 val_metric_name=acc val_metric=0.8932
Step 2800 | loss 0.0046 | val_acc=0.8891 val_loss=0.7886 val_f1_macro=0.8618 val_f1_weighted=0.8872 val_prec_macro=0.8617 val_rec_macro=0.8650 val_metric_name=acc val_metric=0.8891
Step 2850 | loss 0.0042 | val_acc=0.8904 val_loss=0.7834 val_f1_macro=0.8622 val_f1_weighted=0.8883 val_prec_macro=0.8621 val_rec_macro=0.8653 val_metric_name=acc val_metric=0.8904
Step 2900 | loss 0.0038 | val_acc=0.8909 val_loss=0.7885 val_f1_macro=0.8628 val_f1_weighted=0.8887 val_prec_macro=0.8623 val_rec_macro=0.8672 val_metric_name=acc val_metric=0.8909
Step 2950 | loss 0.0027 | val_acc=0.8932 val_loss=0.7771 val_f1_macro=0.8660 val_f1_weighted=0.8913 val_prec_macro=0.8641 val_rec_macro=0.8703 val_metric_name=acc val_metric=0.8932
Step 3000 | loss 0.0047 | val_acc=0.8898 val_loss=0.7928 val_f1_macro=0.8633 val_f1_weighted=0.8880 val_prec_macro=0.8631 val_rec_macro=0.8667 val_metric_name=acc val_metric=0.8898
Step 3050 | loss 0.0042 | val_acc=0.8927 val_loss=0.7837 val_f1_macro=0.8654 val_f1_weighted=0.8911 val_prec_macro=0.8647 val_rec_macro=0.8687 val_metric_name=acc val_metric=0.8927
Step 3100 | loss 0.0037 | val_acc=0.8939 val_loss=0.7691 val_f1_macro=0.8681 val_f1_weighted=0.8926 val_prec_macro=0.8665 val_rec_macro=0.8722 val_metric_name=acc val_metric=0.8939
Step 3150 | loss 0.0024 | val_acc=0.8929 val_loss=0.7825 val_f1_macro=0.8637 val_f1_weighted=0.8907 val_prec_macro=0.8641 val_rec_macro=0.8664 val_metric_name=acc val_metric=0.8929
Step 3200 | loss 0.0036 | val_acc=0.8923 val_loss=0.7855 val_f1_macro=0.8642 val_f1_weighted=0.8906 val_prec_macro=0.8627 val_rec_macro=0.8680 val_metric_name=acc val_metric=0.8923
Early stopping at step 3240

--- Final (best ckpt @ step 2940) ---
  train_acc=1.0000 train_loss=0.0000 train_f1_macro=1.0000 train_f1_weighted=1.0000 train_prec_macro=1.0000 train_rec_macro=1.0000 train_metric_name=acc train_metric=1.0000
  val_acc=0.8951 val_loss=0.7754 val_f1_macro=0.8680 val_f1_weighted=0.8931 val_prec_macro=0.8684 val_rec_macro=0.8705 val_metric_name=acc val_metric=0.8951
  test_acc=0.8990 test_loss=0.7152 test_f1_macro=0.8703 test_f1_weighted=0.8978 test_prec_macro=0.8727 test_rec_macro=0.8700 test_metric_name=acc test_metric=0.8990
  test_acc=0.8990

============================================================
Training roman-empire GAT-sep 4L h=256 lr=1e-05 split=5
============================================================
Training for 5000 steps
Step    1 | loss 3.0938 | val_acc=0.0330 val_loss=3.0606 val_f1_macro=0.0203 val_f1_weighted=0.0253 val_prec_macro=0.0974 val_rec_macro=0.0534 val_metric_name=acc val_metric=0.0330
Step   50 | loss 2.5107 | val_acc=0.3403 val_loss=2.3230 val_f1_macro=0.1142 val_f1_weighted=0.2506 val_prec_macro=0.1305 val_rec_macro=0.1491 val_metric_name=acc val_metric=0.3403
Step  100 | loss 2.2022 | val_acc=0.4731 val_loss=1.9203 val_f1_macro=0.2179 val_f1_weighted=0.3976 val_prec_macro=0.2930 val_rec_macro=0.2464 val_metric_name=acc val_metric=0.4731
Step  150 | loss 1.9150 | val_acc=0.5077 val_loss=1.6571 val_f1_macro=0.2521 val_f1_weighted=0.4377 val_prec_macro=0.3243 val_rec_macro=0.2788 val_metric_name=acc val_metric=0.5077
Step  200 | loss 1.6946 | val_acc=0.5453 val_loss=1.4862 val_f1_macro=0.3067 val_f1_weighted=0.4814 val_prec_macro=0.3542 val_rec_macro=0.3228 val_metric_name=acc val_metric=0.5453
Step  250 | loss 1.5395 | val_acc=0.5758 val_loss=1.3671 val_f1_macro=0.3532 val_f1_weighted=0.5176 val_prec_macro=0.4223 val_rec_macro=0.3684 val_metric_name=acc val_metric=0.5758
Step  300 | loss 1.4209 | val_acc=0.6072 val_loss=1.2683 val_f1_macro=0.4014 val_f1_weighted=0.5542 val_prec_macro=0.4849 val_rec_macro=0.4165 val_metric_name=acc val_metric=0.6072
Step  350 | loss 1.3287 | val_acc=0.6334 val_loss=1.1757 val_f1_macro=0.4413 val_f1_weighted=0.5846 val_prec_macro=0.4968 val_rec_macro=0.4538 val_metric_name=acc val_metric=0.6334
Step  400 | loss 1.2426 | val_acc=0.6563 val_loss=1.0927 val_f1_macro=0.4832 val_f1_weighted=0.6128 val_prec_macro=0.5220 val_rec_macro=0.4937 val_metric_name=acc val_metric=0.6563
Step  450 | loss 1.1753 | val_acc=0.6745 val_loss=1.0202 val_f1_macro=0.5076 val_f1_weighted=0.6330 val_prec_macro=0.5380 val_rec_macro=0.5210 val_metric_name=acc val_metric=0.6745
Step  500 | loss 1.1061 | val_acc=0.6911 val_loss=0.9597 val_f1_macro=0.5296 val_f1_weighted=0.6535 val_prec_macro=0.5549 val_rec_macro=0.5427 val_metric_name=acc val_metric=0.6911
Step  550 | loss 1.0528 | val_acc=0.7020 val_loss=0.9093 val_f1_macro=0.5484 val_f1_weighted=0.6680 val_prec_macro=0.6195 val_rec_macro=0.5586 val_metric_name=acc val_metric=0.7020
Step  600 | loss 0.9919 | val_acc=0.7142 val_loss=0.8677 val_f1_macro=0.5714 val_f1_weighted=0.6850 val_prec_macro=0.6276 val_rec_macro=0.5776 val_metric_name=acc val_metric=0.7142
Step  650 | loss 0.9451 | val_acc=0.7202 val_loss=0.8333 val_f1_macro=0.5914 val_f1_weighted=0.6941 val_prec_macro=0.6450 val_rec_macro=0.5946 val_metric_name=acc val_metric=0.7202
Step  700 | loss 0.9059 | val_acc=0.7336 val_loss=0.8029 val_f1_macro=0.6164 val_f1_weighted=0.7116 val_prec_macro=0.6645 val_rec_macro=0.6195 val_metric_name=acc val_metric=0.7336
Step  750 | loss 0.8770 | val_acc=0.7435 val_loss=0.7771 val_f1_macro=0.6357 val_f1_weighted=0.7242 val_prec_macro=0.6795 val_rec_macro=0.6388 val_metric_name=acc val_metric=0.7435
Step  800 | loss 0.8459 | val_acc=0.7508 val_loss=0.7537 val_f1_macro=0.6520 val_f1_weighted=0.7337 val_prec_macro=0.6922 val_rec_macro=0.6547 val_metric_name=acc val_metric=0.7508
Step  850 | loss 0.8078 | val_acc=0.7559 val_loss=0.7320 val_f1_macro=0.6636 val_f1_weighted=0.7407 val_prec_macro=0.7055 val_rec_macro=0.6657 val_metric_name=acc val_metric=0.7559
Step  900 | loss 0.7878 | val_acc=0.7635 val_loss=0.7133 val_f1_macro=0.6778 val_f1_weighted=0.7504 val_prec_macro=0.7160 val_rec_macro=0.6792 val_metric_name=acc val_metric=0.7635
Step  950 | loss 0.7517 | val_acc=0.7675 val_loss=0.6963 val_f1_macro=0.6872 val_f1_weighted=0.7558 val_prec_macro=0.7187 val_rec_macro=0.6884 val_metric_name=acc val_metric=0.7675
Step 1000 | loss 0.7300 | val_acc=0.7732 val_loss=0.6804 val_f1_macro=0.6976 val_f1_weighted=0.7624 val_prec_macro=0.7234 val_rec_macro=0.6989 val_metric_name=acc val_metric=0.7732
Step 1050 | loss 0.7026 | val_acc=0.7811 val_loss=0.6650 val_f1_macro=0.7149 val_f1_weighted=0.7721 val_prec_macro=0.7376 val_rec_macro=0.7156 val_metric_name=acc val_metric=0.7811
Step 1100 | loss 0.6820 | val_acc=0.7871 val_loss=0.6506 val_f1_macro=0.7249 val_f1_weighted=0.7793 val_prec_macro=0.7428 val_rec_macro=0.7265 val_metric_name=acc val_metric=0.7871
Step 1150 | loss 0.6670 | val_acc=0.7910 val_loss=0.6380 val_f1_macro=0.7324 val_f1_weighted=0.7839 val_prec_macro=0.7489 val_rec_macro=0.7335 val_metric_name=acc val_metric=0.7910
Step 1200 | loss 0.6394 | val_acc=0.7961 val_loss=0.6261 val_f1_macro=0.7396 val_f1_weighted=0.7897 val_prec_macro=0.7526 val_rec_macro=0.7424 val_metric_name=acc val_metric=0.7961
Step 1250 | loss 0.6278 | val_acc=0.8000 val_loss=0.6145 val_f1_macro=0.7471 val_f1_weighted=0.7944 val_prec_macro=0.7564 val_rec_macro=0.7510 val_metric_name=acc val_metric=0.8000
Step 1300 | loss 0.6041 | val_acc=0.8044 val_loss=0.6040 val_f1_macro=0.7536 val_f1_weighted=0.7994 val_prec_macro=0.7609 val_rec_macro=0.7587 val_metric_name=acc val_metric=0.8044
Step 1350 | loss 0.5904 | val_acc=0.8078 val_loss=0.5942 val_f1_macro=0.7578 val_f1_weighted=0.8028 val_prec_macro=0.7638 val_rec_macro=0.7638 val_metric_name=acc val_metric=0.8078
Step 1400 | loss 0.5739 | val_acc=0.8136 val_loss=0.5844 val_f1_macro=0.7648 val_f1_weighted=0.8093 val_prec_macro=0.7695 val_rec_macro=0.7716 val_metric_name=acc val_metric=0.8136
Step 1450 | loss 0.5528 | val_acc=0.8166 val_loss=0.5744 val_f1_macro=0.7693 val_f1_weighted=0.8125 val_prec_macro=0.7736 val_rec_macro=0.7768 val_metric_name=acc val_metric=0.8166
Step 1500 | loss 0.5436 | val_acc=0.8187 val_loss=0.5668 val_f1_macro=0.7716 val_f1_weighted=0.8148 val_prec_macro=0.7744 val_rec_macro=0.7800 val_metric_name=acc val_metric=0.8187
Step 1550 | loss 0.5227 | val_acc=0.8198 val_loss=0.5574 val_f1_macro=0.7733 val_f1_weighted=0.8158 val_prec_macro=0.7760 val_rec_macro=0.7816 val_metric_name=acc val_metric=0.8198
Step 1600 | loss 0.5121 | val_acc=0.8229 val_loss=0.5517 val_f1_macro=0.7774 val_f1_weighted=0.8195 val_prec_macro=0.7800 val_rec_macro=0.7858 val_metric_name=acc val_metric=0.8229
Step 1650 | loss 0.4932 | val_acc=0.8256 val_loss=0.5438 val_f1_macro=0.7811 val_f1_weighted=0.8226 val_prec_macro=0.7835 val_rec_macro=0.7894 val_metric_name=acc val_metric=0.8256
Step 1700 | loss 0.4805 | val_acc=0.8277 val_loss=0.5375 val_f1_macro=0.7847 val_f1_weighted=0.8249 val_prec_macro=0.7867 val_rec_macro=0.7928 val_metric_name=acc val_metric=0.8277
Step 1750 | loss 0.4636 | val_acc=0.8311 val_loss=0.5316 val_f1_macro=0.7870 val_f1_weighted=0.8281 val_prec_macro=0.7895 val_rec_macro=0.7944 val_metric_name=acc val_metric=0.8311
Step 1800 | loss 0.4562 | val_acc=0.8342 val_loss=0.5254 val_f1_macro=0.7909 val_f1_weighted=0.8312 val_prec_macro=0.7941 val_rec_macro=0.7980 val_metric_name=acc val_metric=0.8342
Step 1850 | loss 0.4412 | val_acc=0.8392 val_loss=0.5189 val_f1_macro=0.7970 val_f1_weighted=0.8363 val_prec_macro=0.8004 val_rec_macro=0.8035 val_metric_name=acc val_metric=0.8392
Step 1900 | loss 0.4293 | val_acc=0.8404 val_loss=0.5127 val_f1_macro=0.7976 val_f1_weighted=0.8379 val_prec_macro=0.8001 val_rec_macro=0.8043 val_metric_name=acc val_metric=0.8404
Step 1950 | loss 0.4141 | val_acc=0.8422 val_loss=0.5080 val_f1_macro=0.8010 val_f1_weighted=0.8395 val_prec_macro=0.8036 val_rec_macro=0.8073 val_metric_name=acc val_metric=0.8422
Step 2000 | loss 0.4001 | val_acc=0.8457 val_loss=0.5029 val_f1_macro=0.8053 val_f1_weighted=0.8436 val_prec_macro=0.8069 val_rec_macro=0.8117 val_metric_name=acc val_metric=0.8457
Step 2050 | loss 0.3902 | val_acc=0.8466 val_loss=0.4993 val_f1_macro=0.8065 val_f1_weighted=0.8444 val_prec_macro=0.8080 val_rec_macro=0.8133 val_metric_name=acc val_metric=0.8466
Step 2100 | loss 0.3781 | val_acc=0.8477 val_loss=0.4941 val_f1_macro=0.8089 val_f1_weighted=0.8455 val_prec_macro=0.8100 val_rec_macro=0.8150 val_metric_name=acc val_metric=0.8477
Step 2150 | loss 0.3712 | val_acc=0.8489 val_loss=0.4915 val_f1_macro=0.8090 val_f1_weighted=0.8466 val_prec_macro=0.8101 val_rec_macro=0.8150 val_metric_name=acc val_metric=0.8489
Step 2200 | loss 0.3664 | val_acc=0.8501 val_loss=0.4881 val_f1_macro=0.8116 val_f1_weighted=0.8481 val_prec_macro=0.8119 val_rec_macro=0.8180 val_metric_name=acc val_metric=0.8501
Step 2250 | loss 0.3448 | val_acc=0.8514 val_loss=0.4866 val_f1_macro=0.8129 val_f1_weighted=0.8491 val_prec_macro=0.8125 val_rec_macro=0.8202 val_metric_name=acc val_metric=0.8514
Step 2300 | loss 0.3394 | val_acc=0.8528 val_loss=0.4822 val_f1_macro=0.8141 val_f1_weighted=0.8504 val_prec_macro=0.8142 val_rec_macro=0.8207 val_metric_name=acc val_metric=0.8528
Step 2350 | loss 0.3345 | val_acc=0.8537 val_loss=0.4810 val_f1_macro=0.8152 val_f1_weighted=0.8511 val_prec_macro=0.8155 val_rec_macro=0.8217 val_metric_name=acc val_metric=0.8537
Step 2400 | loss 0.3210 | val_acc=0.8551 val_loss=0.4788 val_f1_macro=0.8164 val_f1_weighted=0.8527 val_prec_macro=0.8164 val_rec_macro=0.8230 val_metric_name=acc val_metric=0.8551
Step 2450 | loss 0.3148 | val_acc=0.8561 val_loss=0.4777 val_f1_macro=0.8191 val_f1_weighted=0.8540 val_prec_macro=0.8188 val_rec_macro=0.8258 val_metric_name=acc val_metric=0.8561
Step 2500 | loss 0.3075 | val_acc=0.8563 val_loss=0.4766 val_f1_macro=0.8187 val_f1_weighted=0.8542 val_prec_macro=0.8187 val_rec_macro=0.8251 val_metric_name=acc val_metric=0.8563
Step 2550 | loss 0.2969 | val_acc=0.8579 val_loss=0.4756 val_f1_macro=0.8210 val_f1_weighted=0.8559 val_prec_macro=0.8201 val_rec_macro=0.8278 val_metric_name=acc val_metric=0.8579
Step 2600 | loss 0.2824 | val_acc=0.8598 val_loss=0.4738 val_f1_macro=0.8236 val_f1_weighted=0.8576 val_prec_macro=0.8230 val_rec_macro=0.8302 val_metric_name=acc val_metric=0.8598
Step 2650 | loss 0.2699 | val_acc=0.8600 val_loss=0.4731 val_f1_macro=0.8250 val_f1_weighted=0.8580 val_prec_macro=0.8243 val_rec_macro=0.8312 val_metric_name=acc val_metric=0.8600
Step 2700 | loss 0.2669 | val_acc=0.8598 val_loss=0.4740 val_f1_macro=0.8246 val_f1_weighted=0.8577 val_prec_macro=0.8236 val_rec_macro=0.8311 val_metric_name=acc val_metric=0.8598
Step 2750 | loss 0.2601 | val_acc=0.8618 val_loss=0.4735 val_f1_macro=0.8265 val_f1_weighted=0.8596 val_prec_macro=0.8261 val_rec_macro=0.8324 val_metric_name=acc val_metric=0.8618
Step 2800 | loss 0.2585 | val_acc=0.8628 val_loss=0.4745 val_f1_macro=0.8272 val_f1_weighted=0.8604 val_prec_macro=0.8266 val_rec_macro=0.8339 val_metric_name=acc val_metric=0.8628
Step 2850 | loss 0.2460 | val_acc=0.8637 val_loss=0.4743 val_f1_macro=0.8302 val_f1_weighted=0.8616 val_prec_macro=0.8293 val_rec_macro=0.8367 val_metric_name=acc val_metric=0.8637
Step 2900 | loss 0.2400 | val_acc=0.8643 val_loss=0.4751 val_f1_macro=0.8304 val_f1_weighted=0.8622 val_prec_macro=0.8294 val_rec_macro=0.8366 val_metric_name=acc val_metric=0.8643
Step 2950 | loss 0.2308 | val_acc=0.8650 val_loss=0.4748 val_f1_macro=0.8316 val_f1_weighted=0.8630 val_prec_macro=0.8309 val_rec_macro=0.8372 val_metric_name=acc val_metric=0.8650
Step 3000 | loss 0.2235 | val_acc=0.8660 val_loss=0.4774 val_f1_macro=0.8328 val_f1_weighted=0.8639 val_prec_macro=0.8319 val_rec_macro=0.8387 val_metric_name=acc val_metric=0.8660
Step 3050 | loss 0.2232 | val_acc=0.8673 val_loss=0.4775 val_f1_macro=0.8341 val_f1_weighted=0.8653 val_prec_macro=0.8329 val_rec_macro=0.8401 val_metric_name=acc val_metric=0.8673
Step 3100 | loss 0.2094 | val_acc=0.8678 val_loss=0.4779 val_f1_macro=0.8352 val_f1_weighted=0.8661 val_prec_macro=0.8337 val_rec_macro=0.8409 val_metric_name=acc val_metric=0.8678
Step 3150 | loss 0.2049 | val_acc=0.8664 val_loss=0.4794 val_f1_macro=0.8328 val_f1_weighted=0.8646 val_prec_macro=0.8311 val_rec_macro=0.8389 val_metric_name=acc val_metric=0.8664
Step 3200 | loss 0.1986 | val_acc=0.8671 val_loss=0.4807 val_f1_macro=0.8343 val_f1_weighted=0.8653 val_prec_macro=0.8336 val_rec_macro=0.8392 val_metric_name=acc val_metric=0.8671
Step 3250 | loss 0.1885 | val_acc=0.8681 val_loss=0.4815 val_f1_macro=0.8345 val_f1_weighted=0.8663 val_prec_macro=0.8331 val_rec_macro=0.8400 val_metric_name=acc val_metric=0.8681
Step 3300 | loss 0.1937 | val_acc=0.8681 val_loss=0.4842 val_f1_macro=0.8351 val_f1_weighted=0.8662 val_prec_macro=0.8333 val_rec_macro=0.8413 val_metric_name=acc val_metric=0.8681
Step 3350 | loss 0.1796 | val_acc=0.8690 val_loss=0.4840 val_f1_macro=0.8360 val_f1_weighted=0.8671 val_prec_macro=0.8344 val_rec_macro=0.8419 val_metric_name=acc val_metric=0.8690
Step 3400 | loss 0.1841 | val_acc=0.8703 val_loss=0.4863 val_f1_macro=0.8376 val_f1_weighted=0.8686 val_prec_macro=0.8358 val_rec_macro=0.8434 val_metric_name=acc val_metric=0.8703
Step 3450 | loss 0.1667 | val_acc=0.8708 val_loss=0.4873 val_f1_macro=0.8387 val_f1_weighted=0.8691 val_prec_macro=0.8380 val_rec_macro=0.8435 val_metric_name=acc val_metric=0.8708
Step 3500 | loss 0.1615 | val_acc=0.8724 val_loss=0.4894 val_f1_macro=0.8404 val_f1_weighted=0.8705 val_prec_macro=0.8392 val_rec_macro=0.8453 val_metric_name=acc val_metric=0.8724
Step 3550 | loss 0.1588 | val_acc=0.8727 val_loss=0.4922 val_f1_macro=0.8408 val_f1_weighted=0.8709 val_prec_macro=0.8399 val_rec_macro=0.8458 val_metric_name=acc val_metric=0.8727
Step 3600 | loss 0.1526 | val_acc=0.8733 val_loss=0.4950 val_f1_macro=0.8413 val_f1_weighted=0.8714 val_prec_macro=0.8405 val_rec_macro=0.8462 val_metric_name=acc val_metric=0.8733
Step 3650 | loss 0.1506 | val_acc=0.8736 val_loss=0.4973 val_f1_macro=0.8418 val_f1_weighted=0.8719 val_prec_macro=0.8409 val_rec_macro=0.8467 val_metric_name=acc val_metric=0.8736
Step 3700 | loss 0.1491 | val_acc=0.8736 val_loss=0.4984 val_f1_macro=0.8422 val_f1_weighted=0.8719 val_prec_macro=0.8414 val_rec_macro=0.8467 val_metric_name=acc val_metric=0.8736
Step 3750 | loss 0.1423 | val_acc=0.8756 val_loss=0.5000 val_f1_macro=0.8445 val_f1_weighted=0.8738 val_prec_macro=0.8438 val_rec_macro=0.8486 val_metric_name=acc val_metric=0.8756
Step 3800 | loss 0.1412 | val_acc=0.8752 val_loss=0.5025 val_f1_macro=0.8442 val_f1_weighted=0.8735 val_prec_macro=0.8432 val_rec_macro=0.8488 val_metric_name=acc val_metric=0.8752
Step 3850 | loss 0.1365 | val_acc=0.8750 val_loss=0.5050 val_f1_macro=0.8442 val_f1_weighted=0.8734 val_prec_macro=0.8431 val_rec_macro=0.8487 val_metric_name=acc val_metric=0.8750
Step 3900 | loss 0.1314 | val_acc=0.8750 val_loss=0.5088 val_f1_macro=0.8448 val_f1_weighted=0.8733 val_prec_macro=0.8437 val_rec_macro=0.8494 val_metric_name=acc val_metric=0.8750
Step 3950 | loss 0.1286 | val_acc=0.8750 val_loss=0.5102 val_f1_macro=0.8445 val_f1_weighted=0.8732 val_prec_macro=0.8441 val_rec_macro=0.8487 val_metric_name=acc val_metric=0.8750
Step 4000 | loss 0.1193 | val_acc=0.8761 val_loss=0.5115 val_f1_macro=0.8451 val_f1_weighted=0.8744 val_prec_macro=0.8442 val_rec_macro=0.8495 val_metric_name=acc val_metric=0.8761
Step 4050 | loss 0.1204 | val_acc=0.8759 val_loss=0.5158 val_f1_macro=0.8453 val_f1_weighted=0.8743 val_prec_macro=0.8448 val_rec_macro=0.8494 val_metric_name=acc val_metric=0.8759
Step 4100 | loss 0.1208 | val_acc=0.8764 val_loss=0.5165 val_f1_macro=0.8460 val_f1_weighted=0.8746 val_prec_macro=0.8456 val_rec_macro=0.8499 val_metric_name=acc val_metric=0.8764
Step 4150 | loss 0.1173 | val_acc=0.8773 val_loss=0.5174 val_f1_macro=0.8475 val_f1_weighted=0.8758 val_prec_macro=0.8467 val_rec_macro=0.8515 val_metric_name=acc val_metric=0.8773
Step 4200 | loss 0.1163 | val_acc=0.8770 val_loss=0.5189 val_f1_macro=0.8471 val_f1_weighted=0.8754 val_prec_macro=0.8466 val_rec_macro=0.8510 val_metric_name=acc val_metric=0.8770
Step 4250 | loss 0.1090 | val_acc=0.8773 val_loss=0.5219 val_f1_macro=0.8471 val_f1_weighted=0.8757 val_prec_macro=0.8475 val_rec_macro=0.8501 val_metric_name=acc val_metric=0.8773
Step 4300 | loss 0.1098 | val_acc=0.8771 val_loss=0.5243 val_f1_macro=0.8470 val_f1_weighted=0.8756 val_prec_macro=0.8470 val_rec_macro=0.8504 val_metric_name=acc val_metric=0.8771
Step 4350 | loss 0.1048 | val_acc=0.8775 val_loss=0.5264 val_f1_macro=0.8482 val_f1_weighted=0.8760 val_prec_macro=0.8476 val_rec_macro=0.8524 val_metric_name=acc val_metric=0.8775
Step 4400 | loss 0.1060 | val_acc=0.8784 val_loss=0.5300 val_f1_macro=0.8494 val_f1_weighted=0.8768 val_prec_macro=0.8497 val_rec_macro=0.8525 val_metric_name=acc val_metric=0.8784
Step 4450 | loss 0.0953 | val_acc=0.8786 val_loss=0.5310 val_f1_macro=0.8497 val_f1_weighted=0.8771 val_prec_macro=0.8493 val_rec_macro=0.8533 val_metric_name=acc val_metric=0.8786
Step 4500 | loss 0.0974 | val_acc=0.8784 val_loss=0.5343 val_f1_macro=0.8486 val_f1_weighted=0.8769 val_prec_macro=0.8486 val_rec_macro=0.8517 val_metric_name=acc val_metric=0.8784
Step 4550 | loss 0.0930 | val_acc=0.8793 val_loss=0.5354 val_f1_macro=0.8499 val_f1_weighted=0.8777 val_prec_macro=0.8504 val_rec_macro=0.8526 val_metric_name=acc val_metric=0.8793
Step 4600 | loss 0.0880 | val_acc=0.8791 val_loss=0.5409 val_f1_macro=0.8491 val_f1_weighted=0.8776 val_prec_macro=0.8494 val_rec_macro=0.8523 val_metric_name=acc val_metric=0.8791
Step 4650 | loss 0.0864 | val_acc=0.8798 val_loss=0.5414 val_f1_macro=0.8495 val_f1_weighted=0.8783 val_prec_macro=0.8500 val_rec_macro=0.8522 val_metric_name=acc val_metric=0.8798
Step 4700 | loss 0.0884 | val_acc=0.8798 val_loss=0.5447 val_f1_macro=0.8507 val_f1_weighted=0.8783 val_prec_macro=0.8513 val_rec_macro=0.8536 val_metric_name=acc val_metric=0.8798
Step 4750 | loss 0.0842 | val_acc=0.8789 val_loss=0.5468 val_f1_macro=0.8485 val_f1_weighted=0.8773 val_prec_macro=0.8486 val_rec_macro=0.8515 val_metric_name=acc val_metric=0.8789
Step 4800 | loss 0.0853 | val_acc=0.8807 val_loss=0.5469 val_f1_macro=0.8523 val_f1_weighted=0.8793 val_prec_macro=0.8527 val_rec_macro=0.8548 val_metric_name=acc val_metric=0.8807
Step 4850 | loss 0.0880 | val_acc=0.8801 val_loss=0.5508 val_f1_macro=0.8503 val_f1_weighted=0.8787 val_prec_macro=0.8498 val_rec_macro=0.8540 val_metric_name=acc val_metric=0.8801
Step 4900 | loss 0.0797 | val_acc=0.8808 val_loss=0.5499 val_f1_macro=0.8509 val_f1_weighted=0.8792 val_prec_macro=0.8518 val_rec_macro=0.8530 val_metric_name=acc val_metric=0.8808
Step 4950 | loss 0.0763 | val_acc=0.8805 val_loss=0.5550 val_f1_macro=0.8503 val_f1_weighted=0.8790 val_prec_macro=0.8513 val_rec_macro=0.8526 val_metric_name=acc val_metric=0.8805
Step 5000 | loss 0.0771 | val_acc=0.8805 val_loss=0.5580 val_f1_macro=0.8504 val_f1_weighted=0.8789 val_prec_macro=0.8507 val_rec_macro=0.8535 val_metric_name=acc val_metric=0.8805

--- Final (best ckpt @ step 4830) ---
  train_acc=0.9985 train_loss=0.0077 train_f1_macro=0.9984 train_f1_weighted=0.9985 train_prec_macro=0.9982 train_rec_macro=0.9985 train_metric_name=acc train_metric=0.9985
  val_acc=0.8812 val_loss=0.5493 val_f1_macro=0.8514 val_f1_weighted=0.8798 val_prec_macro=0.8514 val_rec_macro=0.8545 val_metric_name=acc val_metric=0.8812
  test_acc=0.8879 test_loss=0.4959 test_f1_macro=0.8586 test_f1_weighted=0.8872 test_prec_macro=0.8607 test_rec_macro=0.8597 test_metric_name=acc test_metric=0.8879
  test_acc=0.8879

============================================================
Training roman-empire GAT-sep 4L h=384 lr=3e-05 split=5
============================================================
Training for 5000 steps
Step    1 | loss 3.0326 | val_acc=0.1045 val_loss=2.8214 val_f1_macro=0.0360 val_f1_weighted=0.0551 val_prec_macro=0.0674 val_rec_macro=0.0653 val_metric_name=acc val_metric=0.1045
Step   50 | loss 1.6217 | val_acc=0.5663 val_loss=1.4199 val_f1_macro=0.3375 val_f1_weighted=0.5143 val_prec_macro=0.4924 val_rec_macro=0.3448 val_metric_name=acc val_metric=0.5663
Step  100 | loss 1.1649 | val_acc=0.6754 val_loss=1.0283 val_f1_macro=0.5179 val_f1_weighted=0.6416 val_prec_macro=0.6113 val_rec_macro=0.5327 val_metric_name=acc val_metric=0.6754
Step  150 | loss 0.9200 | val_acc=0.7244 val_loss=0.8417 val_f1_macro=0.6146 val_f1_weighted=0.7069 val_prec_macro=0.6526 val_rec_macro=0.6219 val_metric_name=acc val_metric=0.7244
Step  200 | loss 0.7796 | val_acc=0.7564 val_loss=0.7354 val_f1_macro=0.6715 val_f1_weighted=0.7458 val_prec_macro=0.6854 val_rec_macro=0.6793 val_metric_name=acc val_metric=0.7564
Step  250 | loss 0.6713 | val_acc=0.7788 val_loss=0.6648 val_f1_macro=0.7133 val_f1_weighted=0.7726 val_prec_macro=0.7177 val_rec_macro=0.7243 val_metric_name=acc val_metric=0.7788
Step  300 | loss 0.5917 | val_acc=0.7977 val_loss=0.6133 val_f1_macro=0.7430 val_f1_weighted=0.7938 val_prec_macro=0.7416 val_rec_macro=0.7590 val_metric_name=acc val_metric=0.7977
Step  350 | loss 0.5210 | val_acc=0.8147 val_loss=0.5749 val_f1_macro=0.7659 val_f1_weighted=0.8118 val_prec_macro=0.7636 val_rec_macro=0.7818 val_metric_name=acc val_metric=0.8147
Step  400 | loss 0.4614 | val_acc=0.8259 val_loss=0.5454 val_f1_macro=0.7802 val_f1_weighted=0.8235 val_prec_macro=0.7770 val_rec_macro=0.7959 val_metric_name=acc val_metric=0.8259
Step  450 | loss 0.4030 | val_acc=0.8380 val_loss=0.5205 val_f1_macro=0.7954 val_f1_weighted=0.8354 val_prec_macro=0.7915 val_rec_macro=0.8107 val_metric_name=acc val_metric=0.8380
Step  500 | loss 0.3596 | val_acc=0.8471 val_loss=0.5058 val_f1_macro=0.8063 val_f1_weighted=0.8449 val_prec_macro=0.8043 val_rec_macro=0.8177 val_metric_name=acc val_metric=0.8471
Step  550 | loss 0.3100 | val_acc=0.8524 val_loss=0.4952 val_f1_macro=0.8146 val_f1_weighted=0.8504 val_prec_macro=0.8123 val_rec_macro=0.8253 val_metric_name=acc val_metric=0.8524
Step  600 | loss 0.2810 | val_acc=0.8593 val_loss=0.4904 val_f1_macro=0.8231 val_f1_weighted=0.8572 val_prec_macro=0.8210 val_rec_macro=0.8326 val_metric_name=acc val_metric=0.8593
Step  650 | loss 0.2448 | val_acc=0.8623 val_loss=0.4902 val_f1_macro=0.8272 val_f1_weighted=0.8603 val_prec_macro=0.8248 val_rec_macro=0.8360 val_metric_name=acc val_metric=0.8623
Step  700 | loss 0.2148 | val_acc=0.8630 val_loss=0.4901 val_f1_macro=0.8281 val_f1_weighted=0.8611 val_prec_macro=0.8246 val_rec_macro=0.8371 val_metric_name=acc val_metric=0.8630
Step  750 | loss 0.1969 | val_acc=0.8658 val_loss=0.5011 val_f1_macro=0.8315 val_f1_weighted=0.8640 val_prec_macro=0.8289 val_rec_macro=0.8398 val_metric_name=acc val_metric=0.8658
Step  800 | loss 0.1568 | val_acc=0.8701 val_loss=0.5067 val_f1_macro=0.8382 val_f1_weighted=0.8685 val_prec_macro=0.8369 val_rec_macro=0.8441 val_metric_name=acc val_metric=0.8701
Step  850 | loss 0.1474 | val_acc=0.8697 val_loss=0.5127 val_f1_macro=0.8369 val_f1_weighted=0.8681 val_prec_macro=0.8354 val_rec_macro=0.8434 val_metric_name=acc val_metric=0.8697
Step  900 | loss 0.1301 | val_acc=0.8711 val_loss=0.5263 val_f1_macro=0.8376 val_f1_weighted=0.8694 val_prec_macro=0.8365 val_rec_macro=0.8436 val_metric_name=acc val_metric=0.8711
Step  950 | loss 0.1104 | val_acc=0.8715 val_loss=0.5383 val_f1_macro=0.8374 val_f1_weighted=0.8698 val_prec_macro=0.8353 val_rec_macro=0.8439 val_metric_name=acc val_metric=0.8715
Step 1000 | loss 0.0984 | val_acc=0.8722 val_loss=0.5485 val_f1_macro=0.8395 val_f1_weighted=0.8705 val_prec_macro=0.8376 val_rec_macro=0.8457 val_metric_name=acc val_metric=0.8722
Step 1050 | loss 0.0884 | val_acc=0.8748 val_loss=0.5608 val_f1_macro=0.8416 val_f1_weighted=0.8730 val_prec_macro=0.8407 val_rec_macro=0.8472 val_metric_name=acc val_metric=0.8748
Step 1100 | loss 0.0766 | val_acc=0.8736 val_loss=0.5728 val_f1_macro=0.8422 val_f1_weighted=0.8723 val_prec_macro=0.8409 val_rec_macro=0.8477 val_metric_name=acc val_metric=0.8736
Step 1150 | loss 0.0702 | val_acc=0.8754 val_loss=0.5775 val_f1_macro=0.8430 val_f1_weighted=0.8738 val_prec_macro=0.8418 val_rec_macro=0.8482 val_metric_name=acc val_metric=0.8754
Step 1200 | loss 0.0641 | val_acc=0.8750 val_loss=0.5902 val_f1_macro=0.8424 val_f1_weighted=0.8736 val_prec_macro=0.8412 val_rec_macro=0.8475 val_metric_name=acc val_metric=0.8750
Step 1250 | loss 0.0577 | val_acc=0.8757 val_loss=0.6037 val_f1_macro=0.8440 val_f1_weighted=0.8741 val_prec_macro=0.8436 val_rec_macro=0.8493 val_metric_name=acc val_metric=0.8757
Step 1300 | loss 0.0551 | val_acc=0.8759 val_loss=0.6074 val_f1_macro=0.8426 val_f1_weighted=0.8742 val_prec_macro=0.8418 val_rec_macro=0.8480 val_metric_name=acc val_metric=0.8759
Step 1350 | loss 0.0472 | val_acc=0.8775 val_loss=0.6119 val_f1_macro=0.8459 val_f1_weighted=0.8760 val_prec_macro=0.8453 val_rec_macro=0.8501 val_metric_name=acc val_metric=0.8775
Step 1400 | loss 0.0399 | val_acc=0.8770 val_loss=0.6205 val_f1_macro=0.8454 val_f1_weighted=0.8755 val_prec_macro=0.8446 val_rec_macro=0.8503 val_metric_name=acc val_metric=0.8770
Step 1450 | loss 0.0403 | val_acc=0.8780 val_loss=0.6300 val_f1_macro=0.8476 val_f1_weighted=0.8764 val_prec_macro=0.8475 val_rec_macro=0.8518 val_metric_name=acc val_metric=0.8780
Step 1500 | loss 0.0357 | val_acc=0.8777 val_loss=0.6347 val_f1_macro=0.8466 val_f1_weighted=0.8759 val_prec_macro=0.8465 val_rec_macro=0.8511 val_metric_name=acc val_metric=0.8777
Step 1550 | loss 0.0364 | val_acc=0.8780 val_loss=0.6431 val_f1_macro=0.8476 val_f1_weighted=0.8764 val_prec_macro=0.8478 val_rec_macro=0.8512 val_metric_name=acc val_metric=0.8780
Step 1600 | loss 0.0291 | val_acc=0.8803 val_loss=0.6466 val_f1_macro=0.8501 val_f1_weighted=0.8788 val_prec_macro=0.8501 val_rec_macro=0.8539 val_metric_name=acc val_metric=0.8803
Step 1650 | loss 0.0284 | val_acc=0.8780 val_loss=0.6550 val_f1_macro=0.8464 val_f1_weighted=0.8763 val_prec_macro=0.8457 val_rec_macro=0.8510 val_metric_name=acc val_metric=0.8780
Step 1700 | loss 0.0292 | val_acc=0.8803 val_loss=0.6558 val_f1_macro=0.8501 val_f1_weighted=0.8787 val_prec_macro=0.8505 val_rec_macro=0.8531 val_metric_name=acc val_metric=0.8803
Step 1750 | loss 0.0261 | val_acc=0.8803 val_loss=0.6657 val_f1_macro=0.8518 val_f1_weighted=0.8789 val_prec_macro=0.8528 val_rec_macro=0.8543 val_metric_name=acc val_metric=0.8803
Step 1800 | loss 0.0267 | val_acc=0.8810 val_loss=0.6651 val_f1_macro=0.8500 val_f1_weighted=0.8794 val_prec_macro=0.8501 val_rec_macro=0.8534 val_metric_name=acc val_metric=0.8810
Step 1850 | loss 0.0231 | val_acc=0.8801 val_loss=0.6746 val_f1_macro=0.8500 val_f1_weighted=0.8787 val_prec_macro=0.8498 val_rec_macro=0.8537 val_metric_name=acc val_metric=0.8801
Step 1900 | loss 0.0217 | val_acc=0.8796 val_loss=0.6814 val_f1_macro=0.8472 val_f1_weighted=0.8778 val_prec_macro=0.8472 val_rec_macro=0.8513 val_metric_name=acc val_metric=0.8796
Step 1950 | loss 0.0238 | val_acc=0.8807 val_loss=0.6792 val_f1_macro=0.8507 val_f1_weighted=0.8791 val_prec_macro=0.8518 val_rec_macro=0.8529 val_metric_name=acc val_metric=0.8807
Step 2000 | loss 0.0202 | val_acc=0.8812 val_loss=0.6898 val_f1_macro=0.8511 val_f1_weighted=0.8795 val_prec_macro=0.8522 val_rec_macro=0.8537 val_metric_name=acc val_metric=0.8812
Step 2050 | loss 0.0203 | val_acc=0.8816 val_loss=0.6873 val_f1_macro=0.8507 val_f1_weighted=0.8800 val_prec_macro=0.8510 val_rec_macro=0.8538 val_metric_name=acc val_metric=0.8816
Step 2100 | loss 0.0154 | val_acc=0.8814 val_loss=0.6911 val_f1_macro=0.8516 val_f1_weighted=0.8800 val_prec_macro=0.8507 val_rec_macro=0.8556 val_metric_name=acc val_metric=0.8814
Step 2150 | loss 0.0163 | val_acc=0.8819 val_loss=0.7000 val_f1_macro=0.8515 val_f1_weighted=0.8803 val_prec_macro=0.8527 val_rec_macro=0.8540 val_metric_name=acc val_metric=0.8819
Step 2200 | loss 0.0147 | val_acc=0.8812 val_loss=0.7062 val_f1_macro=0.8515 val_f1_weighted=0.8797 val_prec_macro=0.8519 val_rec_macro=0.8545 val_metric_name=acc val_metric=0.8812
Step 2250 | loss 0.0174 | val_acc=0.8831 val_loss=0.7120 val_f1_macro=0.8525 val_f1_weighted=0.8816 val_prec_macro=0.8534 val_rec_macro=0.8548 val_metric_name=acc val_metric=0.8831
Step 2300 | loss 0.0151 | val_acc=0.8819 val_loss=0.7104 val_f1_macro=0.8507 val_f1_weighted=0.8804 val_prec_macro=0.8515 val_rec_macro=0.8535 val_metric_name=acc val_metric=0.8819
Step 2350 | loss 0.0134 | val_acc=0.8826 val_loss=0.7172 val_f1_macro=0.8535 val_f1_weighted=0.8811 val_prec_macro=0.8545 val_rec_macro=0.8557 val_metric_name=acc val_metric=0.8826
Step 2400 | loss 0.0136 | val_acc=0.8835 val_loss=0.7202 val_f1_macro=0.8535 val_f1_weighted=0.8819 val_prec_macro=0.8547 val_rec_macro=0.8561 val_metric_name=acc val_metric=0.8835
Step 2450 | loss 0.0124 | val_acc=0.8830 val_loss=0.7212 val_f1_macro=0.8513 val_f1_weighted=0.8815 val_prec_macro=0.8515 val_rec_macro=0.8543 val_metric_name=acc val_metric=0.8830
Step 2500 | loss 0.0118 | val_acc=0.8838 val_loss=0.7200 val_f1_macro=0.8535 val_f1_weighted=0.8823 val_prec_macro=0.8534 val_rec_macro=0.8565 val_metric_name=acc val_metric=0.8838
Step 2550 | loss 0.0126 | val_acc=0.8851 val_loss=0.7217 val_f1_macro=0.8550 val_f1_weighted=0.8836 val_prec_macro=0.8558 val_rec_macro=0.8575 val_metric_name=acc val_metric=0.8851
Step 2600 | loss 0.0104 | val_acc=0.8824 val_loss=0.7306 val_f1_macro=0.8522 val_f1_weighted=0.8812 val_prec_macro=0.8514 val_rec_macro=0.8560 val_metric_name=acc val_metric=0.8824
Step 2650 | loss 0.0118 | val_acc=0.8847 val_loss=0.7289 val_f1_macro=0.8539 val_f1_weighted=0.8832 val_prec_macro=0.8545 val_rec_macro=0.8567 val_metric_name=acc val_metric=0.8847
Step 2700 | loss 0.0109 | val_acc=0.8840 val_loss=0.7351 val_f1_macro=0.8528 val_f1_weighted=0.8824 val_prec_macro=0.8527 val_rec_macro=0.8557 val_metric_name=acc val_metric=0.8840
Step 2750 | loss 0.0109 | val_acc=0.8856 val_loss=0.7420 val_f1_macro=0.8547 val_f1_weighted=0.8840 val_prec_macro=0.8549 val_rec_macro=0.8576 val_metric_name=acc val_metric=0.8856
Step 2800 | loss 0.0104 | val_acc=0.8853 val_loss=0.7427 val_f1_macro=0.8558 val_f1_weighted=0.8837 val_prec_macro=0.8567 val_rec_macro=0.8579 val_metric_name=acc val_metric=0.8853
Step 2850 | loss 0.0119 | val_acc=0.8833 val_loss=0.7474 val_f1_macro=0.8538 val_f1_weighted=0.8815 val_prec_macro=0.8548 val_rec_macro=0.8565 val_metric_name=acc val_metric=0.8833
Step 2900 | loss 0.0073 | val_acc=0.8838 val_loss=0.7475 val_f1_macro=0.8535 val_f1_weighted=0.8822 val_prec_macro=0.8534 val_rec_macro=0.8563 val_metric_name=acc val_metric=0.8838
Step 2950 | loss 0.0086 | val_acc=0.8837 val_loss=0.7572 val_f1_macro=0.8544 val_f1_weighted=0.8820 val_prec_macro=0.8552 val_rec_macro=0.8569 val_metric_name=acc val_metric=0.8837
Step 3000 | loss 0.0088 | val_acc=0.8842 val_loss=0.7615 val_f1_macro=0.8544 val_f1_weighted=0.8826 val_prec_macro=0.8540 val_rec_macro=0.8577 val_metric_name=acc val_metric=0.8842
Step 3050 | loss 0.0091 | val_acc=0.8835 val_loss=0.7603 val_f1_macro=0.8530 val_f1_weighted=0.8816 val_prec_macro=0.8551 val_rec_macro=0.8545 val_metric_name=acc val_metric=0.8835
Step 3100 | loss 0.0073 | val_acc=0.8846 val_loss=0.7541 val_f1_macro=0.8544 val_f1_weighted=0.8830 val_prec_macro=0.8550 val_rec_macro=0.8566 val_metric_name=acc val_metric=0.8846
Step 3150 | loss 0.0063 | val_acc=0.8849 val_loss=0.7630 val_f1_macro=0.8552 val_f1_weighted=0.8831 val_prec_macro=0.8568 val_rec_macro=0.8568 val_metric_name=acc val_metric=0.8849
Step 3200 | loss 0.0080 | val_acc=0.8865 val_loss=0.7651 val_f1_macro=0.8589 val_f1_weighted=0.8851 val_prec_macro=0.8597 val_rec_macro=0.8606 val_metric_name=acc val_metric=0.8865
Step 3250 | loss 0.0057 | val_acc=0.8868 val_loss=0.7636 val_f1_macro=0.8583 val_f1_weighted=0.8852 val_prec_macro=0.8588 val_rec_macro=0.8606 val_metric_name=acc val_metric=0.8868
Step 3300 | loss 0.0072 | val_acc=0.8870 val_loss=0.7677 val_f1_macro=0.8593 val_f1_weighted=0.8857 val_prec_macro=0.8604 val_rec_macro=0.8607 val_metric_name=acc val_metric=0.8870
Step 3350 | loss 0.0075 | val_acc=0.8867 val_loss=0.7703 val_f1_macro=0.8584 val_f1_weighted=0.8852 val_prec_macro=0.8587 val_rec_macro=0.8606 val_metric_name=acc val_metric=0.8867
Step 3400 | loss 0.0079 | val_acc=0.8868 val_loss=0.7704 val_f1_macro=0.8576 val_f1_weighted=0.8851 val_prec_macro=0.8593 val_rec_macro=0.8591 val_metric_name=acc val_metric=0.8868
Step 3450 | loss 0.0059 | val_acc=0.8883 val_loss=0.7724 val_f1_macro=0.8586 val_f1_weighted=0.8864 val_prec_macro=0.8609 val_rec_macro=0.8594 val_metric_name=acc val_metric=0.8883
Step 3500 | loss 0.0069 | val_acc=0.8868 val_loss=0.7770 val_f1_macro=0.8573 val_f1_weighted=0.8851 val_prec_macro=0.8587 val_rec_macro=0.8589 val_metric_name=acc val_metric=0.8868
Step 3550 | loss 0.0065 | val_acc=0.8860 val_loss=0.7742 val_f1_macro=0.8566 val_f1_weighted=0.8844 val_prec_macro=0.8587 val_rec_macro=0.8571 val_metric_name=acc val_metric=0.8860
Step 3600 | loss 0.0046 | val_acc=0.8870 val_loss=0.7784 val_f1_macro=0.8591 val_f1_weighted=0.8855 val_prec_macro=0.8612 val_rec_macro=0.8598 val_metric_name=acc val_metric=0.8870
Step 3650 | loss 0.0058 | val_acc=0.8874 val_loss=0.7754 val_f1_macro=0.8587 val_f1_weighted=0.8859 val_prec_macro=0.8604 val_rec_macro=0.8592 val_metric_name=acc val_metric=0.8874
Step 3700 | loss 0.0056 | val_acc=0.8883 val_loss=0.7831 val_f1_macro=0.8593 val_f1_weighted=0.8866 val_prec_macro=0.8614 val_rec_macro=0.8602 val_metric_name=acc val_metric=0.8883
Step 3750 | loss 0.0058 | val_acc=0.8893 val_loss=0.7890 val_f1_macro=0.8586 val_f1_weighted=0.8874 val_prec_macro=0.8594 val_rec_macro=0.8611 val_metric_name=acc val_metric=0.8893
Step 3800 | loss 0.0048 | val_acc=0.8886 val_loss=0.7876 val_f1_macro=0.8584 val_f1_weighted=0.8870 val_prec_macro=0.8579 val_rec_macro=0.8618 val_metric_name=acc val_metric=0.8886
Step 3850 | loss 0.0058 | val_acc=0.8900 val_loss=0.7900 val_f1_macro=0.8618 val_f1_weighted=0.8882 val_prec_macro=0.8643 val_rec_macro=0.8623 val_metric_name=acc val_metric=0.8900
Step 3900 | loss 0.0062 | val_acc=0.8893 val_loss=0.7887 val_f1_macro=0.8614 val_f1_weighted=0.8878 val_prec_macro=0.8643 val_rec_macro=0.8611 val_metric_name=acc val_metric=0.8893
Step 3950 | loss 0.0045 | val_acc=0.8902 val_loss=0.7919 val_f1_macro=0.8630 val_f1_weighted=0.8886 val_prec_macro=0.8651 val_rec_macro=0.8638 val_metric_name=acc val_metric=0.8902
Step 4000 | loss 0.0049 | val_acc=0.8904 val_loss=0.7904 val_f1_macro=0.8617 val_f1_weighted=0.8888 val_prec_macro=0.8628 val_rec_macro=0.8633 val_metric_name=acc val_metric=0.8904
Step 4050 | loss 0.0051 | val_acc=0.8884 val_loss=0.7954 val_f1_macro=0.8599 val_f1_weighted=0.8867 val_prec_macro=0.8623 val_rec_macro=0.8602 val_metric_name=acc val_metric=0.8884
Step 4100 | loss 0.0041 | val_acc=0.8897 val_loss=0.8027 val_f1_macro=0.8600 val_f1_weighted=0.8877 val_prec_macro=0.8607 val_rec_macro=0.8626 val_metric_name=acc val_metric=0.8897
Step 4150 | loss 0.0027 | val_acc=0.8895 val_loss=0.8059 val_f1_macro=0.8600 val_f1_weighted=0.8876 val_prec_macro=0.8602 val_rec_macro=0.8628 val_metric_name=acc val_metric=0.8895
Step 4200 | loss 0.0046 | val_acc=0.8893 val_loss=0.8062 val_f1_macro=0.8606 val_f1_weighted=0.8875 val_prec_macro=0.8633 val_rec_macro=0.8611 val_metric_name=acc val_metric=0.8893
Step 4250 | loss 0.0030 | val_acc=0.8900 val_loss=0.8036 val_f1_macro=0.8627 val_f1_weighted=0.8886 val_prec_macro=0.8641 val_rec_macro=0.8635 val_metric_name=acc val_metric=0.8900
Step 4300 | loss 0.0027 | val_acc=0.8883 val_loss=0.8117 val_f1_macro=0.8579 val_f1_weighted=0.8862 val_prec_macro=0.8600 val_rec_macro=0.8591 val_metric_name=acc val_metric=0.8883
Step 4350 | loss 0.0039 | val_acc=0.8911 val_loss=0.8172 val_f1_macro=0.8617 val_f1_weighted=0.8892 val_prec_macro=0.8631 val_rec_macro=0.8636 val_metric_name=acc val_metric=0.8911
Step 4400 | loss 0.0031 | val_acc=0.8890 val_loss=0.8198 val_f1_macro=0.8588 val_f1_weighted=0.8870 val_prec_macro=0.8616 val_rec_macro=0.8595 val_metric_name=acc val_metric=0.8890
Step 4450 | loss 0.0033 | val_acc=0.8897 val_loss=0.8237 val_f1_macro=0.8604 val_f1_weighted=0.8878 val_prec_macro=0.8634 val_rec_macro=0.8611 val_metric_name=acc val_metric=0.8897
Step 4500 | loss 0.0024 | val_acc=0.8895 val_loss=0.8214 val_f1_macro=0.8578 val_f1_weighted=0.8875 val_prec_macro=0.8606 val_rec_macro=0.8582 val_metric_name=acc val_metric=0.8895
Step 4550 | loss 0.0027 | val_acc=0.8891 val_loss=0.8246 val_f1_macro=0.8593 val_f1_weighted=0.8873 val_prec_macro=0.8621 val_rec_macro=0.8595 val_metric_name=acc val_metric=0.8891
Step 4600 | loss 0.0025 | val_acc=0.8895 val_loss=0.8227 val_f1_macro=0.8605 val_f1_weighted=0.8877 val_prec_macro=0.8639 val_rec_macro=0.8600 val_metric_name=acc val_metric=0.8895
Step 4650 | loss 0.0041 | val_acc=0.8891 val_loss=0.8287 val_f1_macro=0.8604 val_f1_weighted=0.8873 val_prec_macro=0.8629 val_rec_macro=0.8610 val_metric_name=acc val_metric=0.8891
Step 4700 | loss 0.0037 | val_acc=0.8897 val_loss=0.8329 val_f1_macro=0.8613 val_f1_weighted=0.8877 val_prec_macro=0.8649 val_rec_macro=0.8613 val_metric_name=acc val_metric=0.8897
Early stopping at step 4727

--- Final (best ckpt @ step 4140) ---
  train_acc=1.0000 train_loss=0.0000 train_f1_macro=1.0000 train_f1_weighted=1.0000 train_prec_macro=1.0000 train_rec_macro=1.0000 train_metric_name=acc train_metric=1.0000
  val_acc=0.8914 val_loss=0.8027 val_f1_macro=0.8627 val_f1_weighted=0.8895 val_prec_macro=0.8647 val_rec_macro=0.8636 val_metric_name=acc val_metric=0.8914
  test_acc=0.8992 test_loss=0.7112 test_f1_macro=0.8691 test_f1_weighted=0.8982 test_prec_macro=0.8720 test_rec_macro=0.8683 test_metric_name=acc test_metric=0.8992
  test_acc=0.8992

============================================================
Training roman-empire GAT-sep 4L h=384 lr=6e-05 split=5
============================================================
Training for 5000 steps
Step    1 | loss 3.0326 | val_acc=0.1762 val_loss=2.6706 val_f1_macro=0.0531 val_f1_weighted=0.1118 val_prec_macro=0.0899 val_rec_macro=0.0829 val_metric_name=acc val_metric=0.1762
Step   50 | loss 1.2262 | val_acc=0.6554 val_loss=1.1050 val_f1_macro=0.4895 val_f1_weighted=0.6187 val_prec_macro=0.5647 val_rec_macro=0.5043 val_metric_name=acc val_metric=0.6554
Step  100 | loss 0.8236 | val_acc=0.7432 val_loss=0.7735 val_f1_macro=0.6472 val_f1_weighted=0.7303 val_prec_macro=0.6625 val_rec_macro=0.6581 val_metric_name=acc val_metric=0.7432
Step  150 | loss 0.6264 | val_acc=0.7861 val_loss=0.6411 val_f1_macro=0.7243 val_f1_weighted=0.7810 val_prec_macro=0.7248 val_rec_macro=0.7373 val_metric_name=acc val_metric=0.7861
Step  200 | loss 0.5000 | val_acc=0.8199 val_loss=0.5649 val_f1_macro=0.7733 val_f1_weighted=0.8173 val_prec_macro=0.7692 val_rec_macro=0.7890 val_metric_name=acc val_metric=0.8199
Step  250 | loss 0.3927 | val_acc=0.8406 val_loss=0.5174 val_f1_macro=0.7983 val_f1_weighted=0.8386 val_prec_macro=0.7934 val_rec_macro=0.8132 val_metric_name=acc val_metric=0.8406
Step  300 | loss 0.3088 | val_acc=0.8533 val_loss=0.4972 val_f1_macro=0.8154 val_f1_weighted=0.8514 val_prec_macro=0.8129 val_rec_macro=0.8257 val_metric_name=acc val_metric=0.8533
Step  350 | loss 0.2411 | val_acc=0.8621 val_loss=0.4943 val_f1_macro=0.8252 val_f1_weighted=0.8600 val_prec_macro=0.8229 val_rec_macro=0.8342 val_metric_name=acc val_metric=0.8621
Step  400 | loss 0.1899 | val_acc=0.8646 val_loss=0.5003 val_f1_macro=0.8307 val_f1_weighted=0.8628 val_prec_macro=0.8283 val_rec_macro=0.8386 val_metric_name=acc val_metric=0.8646
Step  450 | loss 0.1425 | val_acc=0.8681 val_loss=0.5179 val_f1_macro=0.8352 val_f1_weighted=0.8666 val_prec_macro=0.8330 val_rec_macro=0.8418 val_metric_name=acc val_metric=0.8681
Step  500 | loss 0.1141 | val_acc=0.8710 val_loss=0.5400 val_f1_macro=0.8385 val_f1_weighted=0.8694 val_prec_macro=0.8369 val_rec_macro=0.8450 val_metric_name=acc val_metric=0.8710
Step  550 | loss 0.0882 | val_acc=0.8731 val_loss=0.5608 val_f1_macro=0.8408 val_f1_weighted=0.8714 val_prec_macro=0.8388 val_rec_macro=0.8475 val_metric_name=acc val_metric=0.8731
Step  600 | loss 0.0765 | val_acc=0.8731 val_loss=0.5841 val_f1_macro=0.8395 val_f1_weighted=0.8716 val_prec_macro=0.8374 val_rec_macro=0.8467 val_metric_name=acc val_metric=0.8731
Step  650 | loss 0.0625 | val_acc=0.8764 val_loss=0.5911 val_f1_macro=0.8454 val_f1_weighted=0.8749 val_prec_macro=0.8443 val_rec_macro=0.8504 val_metric_name=acc val_metric=0.8764
Step  700 | loss 0.0488 | val_acc=0.8754 val_loss=0.6058 val_f1_macro=0.8431 val_f1_weighted=0.8739 val_prec_macro=0.8413 val_rec_macro=0.8490 val_metric_name=acc val_metric=0.8754
Step  750 | loss 0.0464 | val_acc=0.8768 val_loss=0.6181 val_f1_macro=0.8442 val_f1_weighted=0.8757 val_prec_macro=0.8410 val_rec_macro=0.8511 val_metric_name=acc val_metric=0.8768
Step  800 | loss 0.0356 | val_acc=0.8780 val_loss=0.6367 val_f1_macro=0.8482 val_f1_weighted=0.8765 val_prec_macro=0.8480 val_rec_macro=0.8522 val_metric_name=acc val_metric=0.8780
Step  850 | loss 0.0329 | val_acc=0.8793 val_loss=0.6409 val_f1_macro=0.8481 val_f1_weighted=0.8777 val_prec_macro=0.8478 val_rec_macro=0.8519 val_metric_name=acc val_metric=0.8793
Step  900 | loss 0.0317 | val_acc=0.8784 val_loss=0.6544 val_f1_macro=0.8477 val_f1_weighted=0.8767 val_prec_macro=0.8468 val_rec_macro=0.8522 val_metric_name=acc val_metric=0.8784
Step  950 | loss 0.0254 | val_acc=0.8775 val_loss=0.6740 val_f1_macro=0.8466 val_f1_weighted=0.8760 val_prec_macro=0.8456 val_rec_macro=0.8515 val_metric_name=acc val_metric=0.8775
Step 1000 | loss 0.0243 | val_acc=0.8786 val_loss=0.6765 val_f1_macro=0.8474 val_f1_weighted=0.8769 val_prec_macro=0.8469 val_rec_macro=0.8517 val_metric_name=acc val_metric=0.8786
Step 1050 | loss 0.0206 | val_acc=0.8787 val_loss=0.6830 val_f1_macro=0.8478 val_f1_weighted=0.8771 val_prec_macro=0.8474 val_rec_macro=0.8522 val_metric_name=acc val_metric=0.8787
Step 1100 | loss 0.0186 | val_acc=0.8789 val_loss=0.6893 val_f1_macro=0.8495 val_f1_weighted=0.8775 val_prec_macro=0.8495 val_rec_macro=0.8533 val_metric_name=acc val_metric=0.8789
Step 1150 | loss 0.0172 | val_acc=0.8812 val_loss=0.6955 val_f1_macro=0.8515 val_f1_weighted=0.8797 val_prec_macro=0.8507 val_rec_macro=0.8558 val_metric_name=acc val_metric=0.8812
Step 1200 | loss 0.0181 | val_acc=0.8817 val_loss=0.7062 val_f1_macro=0.8517 val_f1_weighted=0.8804 val_prec_macro=0.8513 val_rec_macro=0.8560 val_metric_name=acc val_metric=0.8817
Step 1250 | loss 0.0165 | val_acc=0.8821 val_loss=0.7158 val_f1_macro=0.8515 val_f1_weighted=0.8803 val_prec_macro=0.8510 val_rec_macro=0.8561 val_metric_name=acc val_metric=0.8821
Step 1300 | loss 0.0154 | val_acc=0.8808 val_loss=0.7186 val_f1_macro=0.8494 val_f1_weighted=0.8791 val_prec_macro=0.8505 val_rec_macro=0.8524 val_metric_name=acc val_metric=0.8808
Step 1350 | loss 0.0115 | val_acc=0.8821 val_loss=0.7146 val_f1_macro=0.8536 val_f1_weighted=0.8809 val_prec_macro=0.8533 val_rec_macro=0.8566 val_metric_name=acc val_metric=0.8821
Step 1400 | loss 0.0101 | val_acc=0.8805 val_loss=0.7311 val_f1_macro=0.8503 val_f1_weighted=0.8789 val_prec_macro=0.8505 val_rec_macro=0.8540 val_metric_name=acc val_metric=0.8805
Step 1450 | loss 0.0108 | val_acc=0.8835 val_loss=0.7280 val_f1_macro=0.8545 val_f1_weighted=0.8820 val_prec_macro=0.8554 val_rec_macro=0.8569 val_metric_name=acc val_metric=0.8835
Step 1500 | loss 0.0099 | val_acc=0.8846 val_loss=0.7340 val_f1_macro=0.8535 val_f1_weighted=0.8827 val_prec_macro=0.8535 val_rec_macro=0.8568 val_metric_name=acc val_metric=0.8846
Step 1550 | loss 0.0114 | val_acc=0.8842 val_loss=0.7437 val_f1_macro=0.8541 val_f1_weighted=0.8828 val_prec_macro=0.8530 val_rec_macro=0.8582 val_metric_name=acc val_metric=0.8842
Step 1600 | loss 0.0067 | val_acc=0.8877 val_loss=0.7405 val_f1_macro=0.8598 val_f1_weighted=0.8864 val_prec_macro=0.8594 val_rec_macro=0.8629 val_metric_name=acc val_metric=0.8877
Step 1650 | loss 0.0086 | val_acc=0.8844 val_loss=0.7445 val_f1_macro=0.8552 val_f1_weighted=0.8831 val_prec_macro=0.8534 val_rec_macro=0.8597 val_metric_name=acc val_metric=0.8844
Step 1700 | loss 0.0089 | val_acc=0.8840 val_loss=0.7519 val_f1_macro=0.8552 val_f1_weighted=0.8826 val_prec_macro=0.8543 val_rec_macro=0.8589 val_metric_name=acc val_metric=0.8840
Step 1750 | loss 0.0071 | val_acc=0.8844 val_loss=0.7553 val_f1_macro=0.8562 val_f1_weighted=0.8831 val_prec_macro=0.8562 val_rec_macro=0.8587 val_metric_name=acc val_metric=0.8844
Step 1800 | loss 0.0073 | val_acc=0.8858 val_loss=0.7575 val_f1_macro=0.8566 val_f1_weighted=0.8843 val_prec_macro=0.8579 val_rec_macro=0.8581 val_metric_name=acc val_metric=0.8858
Step 1850 | loss 0.0069 | val_acc=0.8861 val_loss=0.7665 val_f1_macro=0.8584 val_f1_weighted=0.8848 val_prec_macro=0.8593 val_rec_macro=0.8600 val_metric_name=acc val_metric=0.8861
Step 1900 | loss 0.0060 | val_acc=0.8837 val_loss=0.7722 val_f1_macro=0.8531 val_f1_weighted=0.8820 val_prec_macro=0.8534 val_rec_macro=0.8561 val_metric_name=acc val_metric=0.8837
Step 1950 | loss 0.0080 | val_acc=0.8838 val_loss=0.7695 val_f1_macro=0.8551 val_f1_weighted=0.8825 val_prec_macro=0.8557 val_rec_macro=0.8571 val_metric_name=acc val_metric=0.8838
Step 2000 | loss 0.0058 | val_acc=0.8854 val_loss=0.7710 val_f1_macro=0.8552 val_f1_weighted=0.8836 val_prec_macro=0.8558 val_rec_macro=0.8579 val_metric_name=acc val_metric=0.8854
Step 2050 | loss 0.0083 | val_acc=0.8868 val_loss=0.7729 val_f1_macro=0.8582 val_f1_weighted=0.8855 val_prec_macro=0.8584 val_rec_macro=0.8606 val_metric_name=acc val_metric=0.8868
Step 2100 | loss 0.0035 | val_acc=0.8867 val_loss=0.7717 val_f1_macro=0.8572 val_f1_weighted=0.8854 val_prec_macro=0.8551 val_rec_macro=0.8616 val_metric_name=acc val_metric=0.8867
Step 2150 | loss 0.0048 | val_acc=0.8881 val_loss=0.7883 val_f1_macro=0.8583 val_f1_weighted=0.8861 val_prec_macro=0.8600 val_rec_macro=0.8607 val_metric_name=acc val_metric=0.8881
Step 2200 | loss 0.0050 | val_acc=0.8867 val_loss=0.7875 val_f1_macro=0.8585 val_f1_weighted=0.8852 val_prec_macro=0.8588 val_rec_macro=0.8613 val_metric_name=acc val_metric=0.8867
Step 2250 | loss 0.0050 | val_acc=0.8865 val_loss=0.7969 val_f1_macro=0.8570 val_f1_weighted=0.8849 val_prec_macro=0.8587 val_rec_macro=0.8592 val_metric_name=acc val_metric=0.8865
Step 2300 | loss 0.0050 | val_acc=0.8872 val_loss=0.7950 val_f1_macro=0.8592 val_f1_weighted=0.8857 val_prec_macro=0.8611 val_rec_macro=0.8602 val_metric_name=acc val_metric=0.8872
Step 2350 | loss 0.0041 | val_acc=0.8867 val_loss=0.7962 val_f1_macro=0.8581 val_f1_weighted=0.8852 val_prec_macro=0.8575 val_rec_macro=0.8615 val_metric_name=acc val_metric=0.8867
Early stopping at step 2360

--- Final (best ckpt @ step 2060) ---
  train_acc=1.0000 train_loss=0.0000 train_f1_macro=1.0000 train_f1_weighted=1.0000 train_prec_macro=1.0000 train_rec_macro=1.0000 train_metric_name=acc train_metric=1.0000
  val_acc=0.8900 val_loss=0.7747 val_f1_macro=0.8606 val_f1_weighted=0.8884 val_prec_macro=0.8600 val_rec_macro=0.8641 val_metric_name=acc val_metric=0.8900
  test_acc=0.8973 test_loss=0.6975 test_f1_macro=0.8688 test_f1_weighted=0.8963 test_prec_macro=0.8705 test_rec_macro=0.8693 test_metric_name=acc test_metric=0.8973
  test_acc=0.8973

============================================================
Training roman-empire GAT-sep 4L h=384 lr=0.0001 split=5
============================================================
Training for 5000 steps
Step    1 | loss 3.0326 | val_acc=0.2334 val_loss=2.5612 val_f1_macro=0.0688 val_f1_weighted=0.1539 val_prec_macro=0.0883 val_rec_macro=0.1023 val_metric_name=acc val_metric=0.2334
Step   50 | loss 0.9775 | val_acc=0.7105 val_loss=0.8962 val_f1_macro=0.5823 val_f1_weighted=0.6890 val_prec_macro=0.6412 val_rec_macro=0.5927 val_metric_name=acc val_metric=0.7105
Step  100 | loss 0.6189 | val_acc=0.7868 val_loss=0.6378 val_f1_macro=0.7268 val_f1_weighted=0.7818 val_prec_macro=0.7268 val_rec_macro=0.7392 val_metric_name=acc val_metric=0.7868
Step  150 | loss 0.4304 | val_acc=0.8298 val_loss=0.5341 val_f1_macro=0.7854 val_f1_weighted=0.8276 val_prec_macro=0.7813 val_rec_macro=0.8013 val_metric_name=acc val_metric=0.8298
Step  200 | loss 0.2962 | val_acc=0.8558 val_loss=0.4915 val_f1_macro=0.8177 val_f1_weighted=0.8532 val_prec_macro=0.8140 val_rec_macro=0.8282 val_metric_name=acc val_metric=0.8558
Step  250 | loss 0.1955 | val_acc=0.8632 val_loss=0.4971 val_f1_macro=0.8292 val_f1_weighted=0.8613 val_prec_macro=0.8251 val_rec_macro=0.8388 val_metric_name=acc val_metric=0.8632
Step  300 | loss 0.1292 | val_acc=0.8685 val_loss=0.5273 val_f1_macro=0.8345 val_f1_weighted=0.8671 val_prec_macro=0.8299 val_rec_macro=0.8434 val_metric_name=acc val_metric=0.8685
Step  350 | loss 0.0896 | val_acc=0.8724 val_loss=0.5632 val_f1_macro=0.8377 val_f1_weighted=0.8709 val_prec_macro=0.8362 val_rec_macro=0.8437 val_metric_name=acc val_metric=0.8724
Step  400 | loss 0.0667 | val_acc=0.8740 val_loss=0.5863 val_f1_macro=0.8411 val_f1_weighted=0.8724 val_prec_macro=0.8407 val_rec_macro=0.8459 val_metric_name=acc val_metric=0.8740
Step  450 | loss 0.0495 | val_acc=0.8733 val_loss=0.6195 val_f1_macro=0.8410 val_f1_weighted=0.8715 val_prec_macro=0.8393 val_rec_macro=0.8471 val_metric_name=acc val_metric=0.8733
Step  500 | loss 0.0405 | val_acc=0.8748 val_loss=0.6402 val_f1_macro=0.8417 val_f1_weighted=0.8731 val_prec_macro=0.8398 val_rec_macro=0.8479 val_metric_name=acc val_metric=0.8748
Step  550 | loss 0.0304 | val_acc=0.8775 val_loss=0.6537 val_f1_macro=0.8466 val_f1_weighted=0.8760 val_prec_macro=0.8447 val_rec_macro=0.8528 val_metric_name=acc val_metric=0.8775
Step  600 | loss 0.0285 | val_acc=0.8736 val_loss=0.6683 val_f1_macro=0.8410 val_f1_weighted=0.8720 val_prec_macro=0.8388 val_rec_macro=0.8473 val_metric_name=acc val_metric=0.8736
Step  650 | loss 0.0236 | val_acc=0.8787 val_loss=0.6724 val_f1_macro=0.8483 val_f1_weighted=0.8771 val_prec_macro=0.8472 val_rec_macro=0.8525 val_metric_name=acc val_metric=0.8787
Step  700 | loss 0.0173 | val_acc=0.8789 val_loss=0.6830 val_f1_macro=0.8479 val_f1_weighted=0.8774 val_prec_macro=0.8459 val_rec_macro=0.8532 val_metric_name=acc val_metric=0.8789
Step  750 | loss 0.0167 | val_acc=0.8810 val_loss=0.6947 val_f1_macro=0.8494 val_f1_weighted=0.8798 val_prec_macro=0.8474 val_rec_macro=0.8543 val_metric_name=acc val_metric=0.8810
Step  800 | loss 0.0146 | val_acc=0.8798 val_loss=0.7164 val_f1_macro=0.8493 val_f1_weighted=0.8781 val_prec_macro=0.8488 val_rec_macro=0.8533 val_metric_name=acc val_metric=0.8798
Step  850 | loss 0.0129 | val_acc=0.8807 val_loss=0.7194 val_f1_macro=0.8500 val_f1_weighted=0.8791 val_prec_macro=0.8497 val_rec_macro=0.8529 val_metric_name=acc val_metric=0.8807
Step  900 | loss 0.0137 | val_acc=0.8849 val_loss=0.7248 val_f1_macro=0.8542 val_f1_weighted=0.8833 val_prec_macro=0.8525 val_rec_macro=0.8588 val_metric_name=acc val_metric=0.8849
Step  950 | loss 0.0106 | val_acc=0.8814 val_loss=0.7438 val_f1_macro=0.8508 val_f1_weighted=0.8799 val_prec_macro=0.8499 val_rec_macro=0.8549 val_metric_name=acc val_metric=0.8814
Step 1000 | loss 0.0110 | val_acc=0.8844 val_loss=0.7398 val_f1_macro=0.8532 val_f1_weighted=0.8821 val_prec_macro=0.8553 val_rec_macro=0.8555 val_metric_name=acc val_metric=0.8844
Step 1050 | loss 0.0080 | val_acc=0.8830 val_loss=0.7450 val_f1_macro=0.8523 val_f1_weighted=0.8810 val_prec_macro=0.8524 val_rec_macro=0.8559 val_metric_name=acc val_metric=0.8830
Step 1100 | loss 0.0083 | val_acc=0.8835 val_loss=0.7496 val_f1_macro=0.8537 val_f1_weighted=0.8820 val_prec_macro=0.8541 val_rec_macro=0.8563 val_metric_name=acc val_metric=0.8835
Step 1150 | loss 0.0080 | val_acc=0.8863 val_loss=0.7541 val_f1_macro=0.8577 val_f1_weighted=0.8846 val_prec_macro=0.8574 val_rec_macro=0.8605 val_metric_name=acc val_metric=0.8863
Step 1200 | loss 0.0085 | val_acc=0.8854 val_loss=0.7706 val_f1_macro=0.8549 val_f1_weighted=0.8839 val_prec_macro=0.8548 val_rec_macro=0.8585 val_metric_name=acc val_metric=0.8854
Step 1250 | loss 0.0078 | val_acc=0.8851 val_loss=0.7738 val_f1_macro=0.8533 val_f1_weighted=0.8831 val_prec_macro=0.8529 val_rec_macro=0.8576 val_metric_name=acc val_metric=0.8851
Step 1300 | loss 0.0070 | val_acc=0.8847 val_loss=0.7816 val_f1_macro=0.8514 val_f1_weighted=0.8826 val_prec_macro=0.8533 val_rec_macro=0.8540 val_metric_name=acc val_metric=0.8847
Step 1350 | loss 0.0044 | val_acc=0.8883 val_loss=0.7726 val_f1_macro=0.8580 val_f1_weighted=0.8866 val_prec_macro=0.8582 val_rec_macro=0.8607 val_metric_name=acc val_metric=0.8883
Step 1400 | loss 0.0043 | val_acc=0.8865 val_loss=0.7833 val_f1_macro=0.8556 val_f1_weighted=0.8849 val_prec_macro=0.8542 val_rec_macro=0.8601 val_metric_name=acc val_metric=0.8865
Step 1450 | loss 0.0044 | val_acc=0.8879 val_loss=0.7765 val_f1_macro=0.8579 val_f1_weighted=0.8864 val_prec_macro=0.8583 val_rec_macro=0.8602 val_metric_name=acc val_metric=0.8879
Step 1500 | loss 0.0047 | val_acc=0.8888 val_loss=0.7916 val_f1_macro=0.8581 val_f1_weighted=0.8868 val_prec_macro=0.8601 val_rec_macro=0.8598 val_metric_name=acc val_metric=0.8888
Step 1550 | loss 0.0059 | val_acc=0.8872 val_loss=0.8042 val_f1_macro=0.8558 val_f1_weighted=0.8851 val_prec_macro=0.8555 val_rec_macro=0.8603 val_metric_name=acc val_metric=0.8872
Step 1600 | loss 0.0027 | val_acc=0.8888 val_loss=0.7963 val_f1_macro=0.8594 val_f1_weighted=0.8874 val_prec_macro=0.8589 val_rec_macro=0.8619 val_metric_name=acc val_metric=0.8888
Step 1650 | loss 0.0035 | val_acc=0.8895 val_loss=0.7986 val_f1_macro=0.8603 val_f1_weighted=0.8877 val_prec_macro=0.8585 val_rec_macro=0.8648 val_metric_name=acc val_metric=0.8895
Step 1700 | loss 0.0040 | val_acc=0.8907 val_loss=0.7968 val_f1_macro=0.8622 val_f1_weighted=0.8893 val_prec_macro=0.8609 val_rec_macro=0.8659 val_metric_name=acc val_metric=0.8907
Step 1750 | loss 0.0031 | val_acc=0.8879 val_loss=0.8163 val_f1_macro=0.8582 val_f1_weighted=0.8862 val_prec_macro=0.8591 val_rec_macro=0.8605 val_metric_name=acc val_metric=0.8879
Step 1800 | loss 0.0027 | val_acc=0.8876 val_loss=0.8114 val_f1_macro=0.8582 val_f1_weighted=0.8859 val_prec_macro=0.8605 val_rec_macro=0.8587 val_metric_name=acc val_metric=0.8876
Step 1850 | loss 0.0036 | val_acc=0.8897 val_loss=0.8181 val_f1_macro=0.8613 val_f1_weighted=0.8885 val_prec_macro=0.8607 val_rec_macro=0.8641 val_metric_name=acc val_metric=0.8897
Step 1900 | loss 0.0027 | val_acc=0.8897 val_loss=0.8170 val_f1_macro=0.8591 val_f1_weighted=0.8879 val_prec_macro=0.8581 val_rec_macro=0.8632 val_metric_name=acc val_metric=0.8897
Step 1950 | loss 0.0046 | val_acc=0.8879 val_loss=0.8309 val_f1_macro=0.8583 val_f1_weighted=0.8864 val_prec_macro=0.8581 val_rec_macro=0.8617 val_metric_name=acc val_metric=0.8879
Step 2000 | loss 0.0027 | val_acc=0.8897 val_loss=0.8234 val_f1_macro=0.8618 val_f1_weighted=0.8878 val_prec_macro=0.8641 val_rec_macro=0.8627 val_metric_name=acc val_metric=0.8897
Early stopping at step 2010

--- Final (best ckpt @ step 1710) ---
  train_acc=1.0000 train_loss=0.0000 train_f1_macro=1.0000 train_f1_weighted=1.0000 train_prec_macro=1.0000 train_rec_macro=1.0000 train_metric_name=acc train_metric=1.0000
  val_acc=0.8920 val_loss=0.8068 val_f1_macro=0.8617 val_f1_weighted=0.8897 val_prec_macro=0.8630 val_rec_macro=0.8647 val_metric_name=acc val_metric=0.8920
  test_acc=0.8989 test_loss=0.7361 test_f1_macro=0.8679 test_f1_weighted=0.8977 test_prec_macro=0.8707 test_rec_macro=0.8675 test_metric_name=acc test_metric=0.8989
  test_acc=0.8989

============================================================
Training roman-empire GAT-sep 4L h=384 lr=1e-05 split=5
============================================================
Training for 5000 steps
Step    1 | loss 3.0326 | val_acc=0.0667 val_loss=2.9582 val_f1_macro=0.0254 val_f1_weighted=0.0337 val_prec_macro=0.0473 val_rec_macro=0.0585 val_metric_name=acc val_metric=0.0667
Step   50 | loss 2.2851 | val_acc=0.4314 val_loss=2.0511 val_f1_macro=0.1762 val_f1_weighted=0.3429 val_prec_macro=0.2121 val_rec_macro=0.2079 val_metric_name=acc val_metric=0.4314
Step  100 | loss 1.8396 | val_acc=0.5253 val_loss=1.5747 val_f1_macro=0.2704 val_f1_weighted=0.4615 val_prec_macro=0.3845 val_rec_macro=0.2921 val_metric_name=acc val_metric=0.5253
Step  150 | loss 1.5221 | val_acc=0.5914 val_loss=1.3297 val_f1_macro=0.3907 val_f1_weighted=0.5455 val_prec_macro=0.4704 val_rec_macro=0.3943 val_metric_name=acc val_metric=0.5914
Step  200 | loss 1.3414 | val_acc=0.6335 val_loss=1.1811 val_f1_macro=0.4570 val_f1_weighted=0.5930 val_prec_macro=0.5236 val_rec_macro=0.4654 val_metric_name=acc val_metric=0.6335
Step  250 | loss 1.2025 | val_acc=0.6660 val_loss=1.0619 val_f1_macro=0.5036 val_f1_weighted=0.6301 val_prec_macro=0.5467 val_rec_macro=0.5170 val_metric_name=acc val_metric=0.6660
Step  300 | loss 1.0986 | val_acc=0.6881 val_loss=0.9694 val_f1_macro=0.5370 val_f1_weighted=0.6563 val_prec_macro=0.6142 val_rec_macro=0.5513 val_metric_name=acc val_metric=0.6881
Step  350 | loss 1.0073 | val_acc=0.7059 val_loss=0.8992 val_f1_macro=0.5737 val_f1_weighted=0.6816 val_prec_macro=0.6338 val_rec_macro=0.5846 val_metric_name=acc val_metric=0.7059
Step  400 | loss 0.9322 | val_acc=0.7227 val_loss=0.8459 val_f1_macro=0.6071 val_f1_weighted=0.7040 val_prec_macro=0.6479 val_rec_macro=0.6141 val_metric_name=acc val_metric=0.7227
Step  450 | loss 0.8788 | val_acc=0.7365 val_loss=0.8020 val_f1_macro=0.6342 val_f1_weighted=0.7217 val_prec_macro=0.6561 val_rec_macro=0.6424 val_metric_name=acc val_metric=0.7365
Step  500 | loss 0.8276 | val_acc=0.7483 val_loss=0.7651 val_f1_macro=0.6547 val_f1_weighted=0.7357 val_prec_macro=0.6733 val_rec_macro=0.6634 val_metric_name=acc val_metric=0.7483
Step  550 | loss 0.7763 | val_acc=0.7568 val_loss=0.7335 val_f1_macro=0.6734 val_f1_weighted=0.7465 val_prec_macro=0.6892 val_rec_macro=0.6801 val_metric_name=acc val_metric=0.7568
Step  600 | loss 0.7451 | val_acc=0.7628 val_loss=0.7068 val_f1_macro=0.6865 val_f1_weighted=0.7540 val_prec_macro=0.6973 val_rec_macro=0.6943 val_metric_name=acc val_metric=0.7628
Step  650 | loss 0.6965 | val_acc=0.7703 val_loss=0.6828 val_f1_macro=0.6993 val_f1_weighted=0.7633 val_prec_macro=0.7059 val_rec_macro=0.7084 val_metric_name=acc val_metric=0.7703
Step  700 | loss 0.6739 | val_acc=0.7781 val_loss=0.6610 val_f1_macro=0.7130 val_f1_weighted=0.7729 val_prec_macro=0.7177 val_rec_macro=0.7227 val_metric_name=acc val_metric=0.7781
Step  750 | loss 0.6441 | val_acc=0.7855 val_loss=0.6430 val_f1_macro=0.7243 val_f1_weighted=0.7805 val_prec_macro=0.7273 val_rec_macro=0.7367 val_metric_name=acc val_metric=0.7855
Step  800 | loss 0.6082 | val_acc=0.7940 val_loss=0.6244 val_f1_macro=0.7369 val_f1_weighted=0.7897 val_prec_macro=0.7377 val_rec_macro=0.7510 val_metric_name=acc val_metric=0.7940
Step  850 | loss 0.5819 | val_acc=0.8012 val_loss=0.6093 val_f1_macro=0.7484 val_f1_weighted=0.7970 val_prec_macro=0.7485 val_rec_macro=0.7651 val_metric_name=acc val_metric=0.8012
Step  900 | loss 0.5627 | val_acc=0.8058 val_loss=0.5943 val_f1_macro=0.7534 val_f1_weighted=0.8021 val_prec_macro=0.7520 val_rec_macro=0.7700 val_metric_name=acc val_metric=0.8058
Step  950 | loss 0.5445 | val_acc=0.8127 val_loss=0.5805 val_f1_macro=0.7636 val_f1_weighted=0.8096 val_prec_macro=0.7610 val_rec_macro=0.7806 val_metric_name=acc val_metric=0.8127
Step 1000 | loss 0.5091 | val_acc=0.8168 val_loss=0.5679 val_f1_macro=0.7693 val_f1_weighted=0.8140 val_prec_macro=0.7665 val_rec_macro=0.7856 val_metric_name=acc val_metric=0.8168
Step 1050 | loss 0.4907 | val_acc=0.8222 val_loss=0.5572 val_f1_macro=0.7746 val_f1_weighted=0.8197 val_prec_macro=0.7718 val_rec_macro=0.7905 val_metric_name=acc val_metric=0.8222
Step 1100 | loss 0.4683 | val_acc=0.8254 val_loss=0.5473 val_f1_macro=0.7802 val_f1_weighted=0.8229 val_prec_macro=0.7782 val_rec_macro=0.7957 val_metric_name=acc val_metric=0.8254
Step 1150 | loss 0.4437 | val_acc=0.8275 val_loss=0.5364 val_f1_macro=0.7814 val_f1_weighted=0.8251 val_prec_macro=0.7784 val_rec_macro=0.7968 val_metric_name=acc val_metric=0.8275
Step 1200 | loss 0.4249 | val_acc=0.8312 val_loss=0.5284 val_f1_macro=0.7869 val_f1_weighted=0.8292 val_prec_macro=0.7840 val_rec_macro=0.8014 val_metric_name=acc val_metric=0.8312
Step 1250 | loss 0.4125 | val_acc=0.8364 val_loss=0.5210 val_f1_macro=0.7930 val_f1_weighted=0.8341 val_prec_macro=0.7896 val_rec_macro=0.8073 val_metric_name=acc val_metric=0.8364
Step 1300 | loss 0.3966 | val_acc=0.8413 val_loss=0.5148 val_f1_macro=0.7977 val_f1_weighted=0.8389 val_prec_macro=0.7952 val_rec_macro=0.8112 val_metric_name=acc val_metric=0.8413
Step 1350 | loss 0.3754 | val_acc=0.8454 val_loss=0.5070 val_f1_macro=0.8030 val_f1_weighted=0.8431 val_prec_macro=0.7998 val_rec_macro=0.8160 val_metric_name=acc val_metric=0.8454
Step 1400 | loss 0.3512 | val_acc=0.8477 val_loss=0.5033 val_f1_macro=0.8057 val_f1_weighted=0.8455 val_prec_macro=0.8029 val_rec_macro=0.8184 val_metric_name=acc val_metric=0.8477
Step 1450 | loss 0.3393 | val_acc=0.8498 val_loss=0.4990 val_f1_macro=0.8097 val_f1_weighted=0.8476 val_prec_macro=0.8073 val_rec_macro=0.8215 val_metric_name=acc val_metric=0.8498
Step 1500 | loss 0.3215 | val_acc=0.8535 val_loss=0.4959 val_f1_macro=0.8138 val_f1_weighted=0.8512 val_prec_macro=0.8118 val_rec_macro=0.8246 val_metric_name=acc val_metric=0.8535
Step 1550 | loss 0.3071 | val_acc=0.8551 val_loss=0.4928 val_f1_macro=0.8182 val_f1_weighted=0.8532 val_prec_macro=0.8168 val_rec_macro=0.8280 val_metric_name=acc val_metric=0.8551
Step 1600 | loss 0.2941 | val_acc=0.8575 val_loss=0.4928 val_f1_macro=0.8204 val_f1_weighted=0.8555 val_prec_macro=0.8185 val_rec_macro=0.8305 val_metric_name=acc val_metric=0.8575
Step 1650 | loss 0.2792 | val_acc=0.8586 val_loss=0.4922 val_f1_macro=0.8224 val_f1_weighted=0.8566 val_prec_macro=0.8199 val_rec_macro=0.8323 val_metric_name=acc val_metric=0.8586
Step 1700 | loss 0.2688 | val_acc=0.8598 val_loss=0.4859 val_f1_macro=0.8239 val_f1_weighted=0.8578 val_prec_macro=0.8215 val_rec_macro=0.8328 val_metric_name=acc val_metric=0.8598
Step 1750 | loss 0.2551 | val_acc=0.8602 val_loss=0.4883 val_f1_macro=0.8247 val_f1_weighted=0.8582 val_prec_macro=0.8219 val_rec_macro=0.8339 val_metric_name=acc val_metric=0.8602
Step 1800 | loss 0.2477 | val_acc=0.8621 val_loss=0.4874 val_f1_macro=0.8268 val_f1_weighted=0.8601 val_prec_macro=0.8242 val_rec_macro=0.8356 val_metric_name=acc val_metric=0.8621
Step 1850 | loss 0.2374 | val_acc=0.8623 val_loss=0.4894 val_f1_macro=0.8271 val_f1_weighted=0.8604 val_prec_macro=0.8245 val_rec_macro=0.8358 val_metric_name=acc val_metric=0.8623
Step 1900 | loss 0.2271 | val_acc=0.8623 val_loss=0.4903 val_f1_macro=0.8264 val_f1_weighted=0.8601 val_prec_macro=0.8238 val_rec_macro=0.8349 val_metric_name=acc val_metric=0.8623
Step 1950 | loss 0.2159 | val_acc=0.8634 val_loss=0.4894 val_f1_macro=0.8287 val_f1_weighted=0.8615 val_prec_macro=0.8264 val_rec_macro=0.8363 val_metric_name=acc val_metric=0.8634
Step 2000 | loss 0.2091 | val_acc=0.8658 val_loss=0.4937 val_f1_macro=0.8322 val_f1_weighted=0.8640 val_prec_macro=0.8305 val_rec_macro=0.8394 val_metric_name=acc val_metric=0.8658
Step 2050 | loss 0.1908 | val_acc=0.8674 val_loss=0.4951 val_f1_macro=0.8341 val_f1_weighted=0.8654 val_prec_macro=0.8333 val_rec_macro=0.8404 val_metric_name=acc val_metric=0.8674
Step 2100 | loss 0.1829 | val_acc=0.8671 val_loss=0.4991 val_f1_macro=0.8332 val_f1_weighted=0.8651 val_prec_macro=0.8318 val_rec_macro=0.8399 val_metric_name=acc val_metric=0.8671
Step 2150 | loss 0.1734 | val_acc=0.8680 val_loss=0.5016 val_f1_macro=0.8345 val_f1_weighted=0.8659 val_prec_macro=0.8339 val_rec_macro=0.8406 val_metric_name=acc val_metric=0.8680
Step 2200 | loss 0.1637 | val_acc=0.8694 val_loss=0.5039 val_f1_macro=0.8357 val_f1_weighted=0.8674 val_prec_macro=0.8347 val_rec_macro=0.8419 val_metric_name=acc val_metric=0.8694
Step 2250 | loss 0.1633 | val_acc=0.8692 val_loss=0.5098 val_f1_macro=0.8352 val_f1_weighted=0.8673 val_prec_macro=0.8345 val_rec_macro=0.8413 val_metric_name=acc val_metric=0.8692
Step 2300 | loss 0.1536 | val_acc=0.8703 val_loss=0.5115 val_f1_macro=0.8363 val_f1_weighted=0.8684 val_prec_macro=0.8364 val_rec_macro=0.8417 val_metric_name=acc val_metric=0.8703
Step 2350 | loss 0.1453 | val_acc=0.8720 val_loss=0.5144 val_f1_macro=0.8395 val_f1_weighted=0.8704 val_prec_macro=0.8395 val_rec_macro=0.8444 val_metric_name=acc val_metric=0.8720
Step 2400 | loss 0.1361 | val_acc=0.8718 val_loss=0.5175 val_f1_macro=0.8394 val_f1_weighted=0.8702 val_prec_macro=0.8395 val_rec_macro=0.8443 val_metric_name=acc val_metric=0.8718
Step 2450 | loss 0.1317 | val_acc=0.8720 val_loss=0.5219 val_f1_macro=0.8393 val_f1_weighted=0.8703 val_prec_macro=0.8390 val_rec_macro=0.8443 val_metric_name=acc val_metric=0.8720
Step 2500 | loss 0.1238 | val_acc=0.8729 val_loss=0.5226 val_f1_macro=0.8403 val_f1_weighted=0.8711 val_prec_macro=0.8403 val_rec_macro=0.8451 val_metric_name=acc val_metric=0.8729
Step 2550 | loss 0.1184 | val_acc=0.8733 val_loss=0.5289 val_f1_macro=0.8403 val_f1_weighted=0.8713 val_prec_macro=0.8402 val_rec_macro=0.8455 val_metric_name=acc val_metric=0.8733
Step 2600 | loss 0.1162 | val_acc=0.8733 val_loss=0.5335 val_f1_macro=0.8406 val_f1_weighted=0.8716 val_prec_macro=0.8397 val_rec_macro=0.8463 val_metric_name=acc val_metric=0.8733
Step 2650 | loss 0.1145 | val_acc=0.8740 val_loss=0.5390 val_f1_macro=0.8411 val_f1_weighted=0.8722 val_prec_macro=0.8405 val_rec_macro=0.8468 val_metric_name=acc val_metric=0.8740
Step 2700 | loss 0.1054 | val_acc=0.8736 val_loss=0.5430 val_f1_macro=0.8410 val_f1_weighted=0.8718 val_prec_macro=0.8407 val_rec_macro=0.8461 val_metric_name=acc val_metric=0.8736
Step 2750 | loss 0.0993 | val_acc=0.8734 val_loss=0.5471 val_f1_macro=0.8411 val_f1_weighted=0.8717 val_prec_macro=0.8403 val_rec_macro=0.8463 val_metric_name=acc val_metric=0.8734
Step 2800 | loss 0.0949 | val_acc=0.8738 val_loss=0.5500 val_f1_macro=0.8416 val_f1_weighted=0.8719 val_prec_macro=0.8409 val_rec_macro=0.8469 val_metric_name=acc val_metric=0.8738
Step 2850 | loss 0.0872 | val_acc=0.8738 val_loss=0.5560 val_f1_macro=0.8404 val_f1_weighted=0.8720 val_prec_macro=0.8397 val_rec_macro=0.8457 val_metric_name=acc val_metric=0.8738
Step 2900 | loss 0.0827 | val_acc=0.8745 val_loss=0.5556 val_f1_macro=0.8418 val_f1_weighted=0.8728 val_prec_macro=0.8405 val_rec_macro=0.8474 val_metric_name=acc val_metric=0.8745
Step 2950 | loss 0.0852 | val_acc=0.8750 val_loss=0.5609 val_f1_macro=0.8434 val_f1_weighted=0.8732 val_prec_macro=0.8427 val_rec_macro=0.8482 val_metric_name=acc val_metric=0.8750
Step 3000 | loss 0.0860 | val_acc=0.8752 val_loss=0.5645 val_f1_macro=0.8439 val_f1_weighted=0.8735 val_prec_macro=0.8433 val_rec_macro=0.8486 val_metric_name=acc val_metric=0.8752
Step 3050 | loss 0.0771 | val_acc=0.8754 val_loss=0.5674 val_f1_macro=0.8432 val_f1_weighted=0.8736 val_prec_macro=0.8427 val_rec_macro=0.8476 val_metric_name=acc val_metric=0.8754
Step 3100 | loss 0.0720 | val_acc=0.8747 val_loss=0.5708 val_f1_macro=0.8427 val_f1_weighted=0.8731 val_prec_macro=0.8414 val_rec_macro=0.8480 val_metric_name=acc val_metric=0.8747
Step 3150 | loss 0.0743 | val_acc=0.8763 val_loss=0.5762 val_f1_macro=0.8451 val_f1_weighted=0.8747 val_prec_macro=0.8445 val_rec_macro=0.8495 val_metric_name=acc val_metric=0.8763
Step 3200 | loss 0.0710 | val_acc=0.8761 val_loss=0.5797 val_f1_macro=0.8446 val_f1_weighted=0.8746 val_prec_macro=0.8445 val_rec_macro=0.8485 val_metric_name=acc val_metric=0.8761
Step 3250 | loss 0.0632 | val_acc=0.8764 val_loss=0.5832 val_f1_macro=0.8441 val_f1_weighted=0.8748 val_prec_macro=0.8438 val_rec_macro=0.8484 val_metric_name=acc val_metric=0.8764
Step 3300 | loss 0.0639 | val_acc=0.8759 val_loss=0.5886 val_f1_macro=0.8443 val_f1_weighted=0.8742 val_prec_macro=0.8445 val_rec_macro=0.8483 val_metric_name=acc val_metric=0.8759
Step 3350 | loss 0.0652 | val_acc=0.8759 val_loss=0.5879 val_f1_macro=0.8444 val_f1_weighted=0.8743 val_prec_macro=0.8439 val_rec_macro=0.8487 val_metric_name=acc val_metric=0.8759
Step 3400 | loss 0.0611 | val_acc=0.8763 val_loss=0.5896 val_f1_macro=0.8453 val_f1_weighted=0.8746 val_prec_macro=0.8457 val_rec_macro=0.8486 val_metric_name=acc val_metric=0.8763
Step 3450 | loss 0.0531 | val_acc=0.8763 val_loss=0.5967 val_f1_macro=0.8452 val_f1_weighted=0.8745 val_prec_macro=0.8463 val_rec_macro=0.8484 val_metric_name=acc val_metric=0.8763
Step 3500 | loss 0.0562 | val_acc=0.8768 val_loss=0.5981 val_f1_macro=0.8453 val_f1_weighted=0.8750 val_prec_macro=0.8453 val_rec_macro=0.8491 val_metric_name=acc val_metric=0.8768
Step 3550 | loss 0.0563 | val_acc=0.8770 val_loss=0.5998 val_f1_macro=0.8456 val_f1_weighted=0.8753 val_prec_macro=0.8467 val_rec_macro=0.8483 val_metric_name=acc val_metric=0.8770
Step 3600 | loss 0.0496 | val_acc=0.8778 val_loss=0.6046 val_f1_macro=0.8463 val_f1_weighted=0.8761 val_prec_macro=0.8475 val_rec_macro=0.8493 val_metric_name=acc val_metric=0.8778
Step 3650 | loss 0.0492 | val_acc=0.8777 val_loss=0.6055 val_f1_macro=0.8470 val_f1_weighted=0.8762 val_prec_macro=0.8467 val_rec_macro=0.8507 val_metric_name=acc val_metric=0.8777
Step 3700 | loss 0.0508 | val_acc=0.8768 val_loss=0.6097 val_f1_macro=0.8458 val_f1_weighted=0.8753 val_prec_macro=0.8458 val_rec_macro=0.8493 val_metric_name=acc val_metric=0.8768
Step 3750 | loss 0.0445 | val_acc=0.8780 val_loss=0.6158 val_f1_macro=0.8463 val_f1_weighted=0.8763 val_prec_macro=0.8468 val_rec_macro=0.8496 val_metric_name=acc val_metric=0.8780
Step 3800 | loss 0.0435 | val_acc=0.8768 val_loss=0.6171 val_f1_macro=0.8460 val_f1_weighted=0.8754 val_prec_macro=0.8456 val_rec_macro=0.8499 val_metric_name=acc val_metric=0.8768
Step 3850 | loss 0.0457 | val_acc=0.8791 val_loss=0.6183 val_f1_macro=0.8487 val_f1_weighted=0.8776 val_prec_macro=0.8491 val_rec_macro=0.8516 val_metric_name=acc val_metric=0.8791
Step 3900 | loss 0.0455 | val_acc=0.8782 val_loss=0.6235 val_f1_macro=0.8480 val_f1_weighted=0.8767 val_prec_macro=0.8485 val_rec_macro=0.8513 val_metric_name=acc val_metric=0.8782
Step 3950 | loss 0.0413 | val_acc=0.8784 val_loss=0.6249 val_f1_macro=0.8486 val_f1_weighted=0.8769 val_prec_macro=0.8486 val_rec_macro=0.8517 val_metric_name=acc val_metric=0.8784
Step 4000 | loss 0.0416 | val_acc=0.8770 val_loss=0.6273 val_f1_macro=0.8465 val_f1_weighted=0.8755 val_prec_macro=0.8460 val_rec_macro=0.8504 val_metric_name=acc val_metric=0.8770
Step 4050 | loss 0.0400 | val_acc=0.8793 val_loss=0.6292 val_f1_macro=0.8496 val_f1_weighted=0.8779 val_prec_macro=0.8498 val_rec_macro=0.8525 val_metric_name=acc val_metric=0.8793
Step 4100 | loss 0.0359 | val_acc=0.8796 val_loss=0.6348 val_f1_macro=0.8496 val_f1_weighted=0.8780 val_prec_macro=0.8507 val_rec_macro=0.8522 val_metric_name=acc val_metric=0.8796
Step 4150 | loss 0.0349 | val_acc=0.8780 val_loss=0.6367 val_f1_macro=0.8472 val_f1_weighted=0.8763 val_prec_macro=0.8471 val_rec_macro=0.8511 val_metric_name=acc val_metric=0.8780
Step 4200 | loss 0.0360 | val_acc=0.8800 val_loss=0.6374 val_f1_macro=0.8505 val_f1_weighted=0.8786 val_prec_macro=0.8507 val_rec_macro=0.8534 val_metric_name=acc val_metric=0.8800
Step 4250 | loss 0.0342 | val_acc=0.8798 val_loss=0.6412 val_f1_macro=0.8498 val_f1_weighted=0.8783 val_prec_macro=0.8504 val_rec_macro=0.8527 val_metric_name=acc val_metric=0.8798
Step 4300 | loss 0.0316 | val_acc=0.8800 val_loss=0.6417 val_f1_macro=0.8495 val_f1_weighted=0.8786 val_prec_macro=0.8496 val_rec_macro=0.8526 val_metric_name=acc val_metric=0.8800
Step 4350 | loss 0.0328 | val_acc=0.8798 val_loss=0.6464 val_f1_macro=0.8489 val_f1_weighted=0.8783 val_prec_macro=0.8487 val_rec_macro=0.8524 val_metric_name=acc val_metric=0.8798
Step 4400 | loss 0.0306 | val_acc=0.8800 val_loss=0.6507 val_f1_macro=0.8488 val_f1_weighted=0.8784 val_prec_macro=0.8491 val_rec_macro=0.8524 val_metric_name=acc val_metric=0.8800
Step 4450 | loss 0.0302 | val_acc=0.8796 val_loss=0.6526 val_f1_macro=0.8493 val_f1_weighted=0.8781 val_prec_macro=0.8499 val_rec_macro=0.8522 val_metric_name=acc val_metric=0.8796
Step 4500 | loss 0.0266 | val_acc=0.8801 val_loss=0.6512 val_f1_macro=0.8500 val_f1_weighted=0.8788 val_prec_macro=0.8502 val_rec_macro=0.8528 val_metric_name=acc val_metric=0.8801
Step 4550 | loss 0.0255 | val_acc=0.8796 val_loss=0.6570 val_f1_macro=0.8486 val_f1_weighted=0.8781 val_prec_macro=0.8490 val_rec_macro=0.8517 val_metric_name=acc val_metric=0.8796
Step 4600 | loss 0.0289 | val_acc=0.8807 val_loss=0.6575 val_f1_macro=0.8503 val_f1_weighted=0.8792 val_prec_macro=0.8510 val_rec_macro=0.8530 val_metric_name=acc val_metric=0.8807
Step 4650 | loss 0.0297 | val_acc=0.8801 val_loss=0.6633 val_f1_macro=0.8493 val_f1_weighted=0.8785 val_prec_macro=0.8501 val_rec_macro=0.8521 val_metric_name=acc val_metric=0.8801
Step 4700 | loss 0.0254 | val_acc=0.8800 val_loss=0.6640 val_f1_macro=0.8501 val_f1_weighted=0.8783 val_prec_macro=0.8517 val_rec_macro=0.8523 val_metric_name=acc val_metric=0.8800
Step 4750 | loss 0.0256 | val_acc=0.8801 val_loss=0.6666 val_f1_macro=0.8492 val_f1_weighted=0.8785 val_prec_macro=0.8498 val_rec_macro=0.8523 val_metric_name=acc val_metric=0.8801
Step 4800 | loss 0.0276 | val_acc=0.8800 val_loss=0.6698 val_f1_macro=0.8490 val_f1_weighted=0.8783 val_prec_macro=0.8500 val_rec_macro=0.8519 val_metric_name=acc val_metric=0.8800
Step 4850 | loss 0.0278 | val_acc=0.8805 val_loss=0.6708 val_f1_macro=0.8501 val_f1_weighted=0.8790 val_prec_macro=0.8507 val_rec_macro=0.8529 val_metric_name=acc val_metric=0.8805
Step 4900 | loss 0.0249 | val_acc=0.8810 val_loss=0.6720 val_f1_macro=0.8504 val_f1_weighted=0.8795 val_prec_macro=0.8515 val_rec_macro=0.8528 val_metric_name=acc val_metric=0.8810
Step 4950 | loss 0.0215 | val_acc=0.8812 val_loss=0.6748 val_f1_macro=0.8498 val_f1_weighted=0.8797 val_prec_macro=0.8500 val_rec_macro=0.8530 val_metric_name=acc val_metric=0.8812
Step 5000 | loss 0.0249 | val_acc=0.8817 val_loss=0.6768 val_f1_macro=0.8512 val_f1_weighted=0.8802 val_prec_macro=0.8519 val_rec_macro=0.8538 val_metric_name=acc val_metric=0.8817

--- Final (best ckpt @ step 4970) ---
  train_acc=0.9999 train_loss=0.0005 train_f1_macro=0.9999 train_f1_weighted=0.9999 train_prec_macro=1.0000 train_rec_macro=0.9998 train_metric_name=acc train_metric=0.9999
  val_acc=0.8817 val_loss=0.6762 val_f1_macro=0.8510 val_f1_weighted=0.8802 val_prec_macro=0.8521 val_rec_macro=0.8536 val_metric_name=acc val_metric=0.8817
  test_acc=0.8939 test_loss=0.6050 test_f1_macro=0.8656 test_f1_weighted=0.8934 test_prec_macro=0.8684 test_rec_macro=0.8659 test_metric_name=acc test_metric=0.8939
  test_acc=0.8939

============================================================
Training roman-empire GAT-sep 4L h=512 lr=3e-05 split=5
============================================================
Training for 5000 steps
Step    1 | loss 3.0983 | val_acc=0.1375 val_loss=2.7758 val_f1_macro=0.0442 val_f1_weighted=0.0828 val_prec_macro=0.1117 val_rec_macro=0.0800 val_metric_name=acc val_metric=0.1375
Step   50 | loss 1.4109 | val_acc=0.6148 val_loss=1.2683 val_f1_macro=0.4258 val_f1_weighted=0.5711 val_prec_macro=0.4908 val_rec_macro=0.4368 val_metric_name=acc val_metric=0.6148
Step  100 | loss 0.9798 | val_acc=0.7163 val_loss=0.8928 val_f1_macro=0.5977 val_f1_weighted=0.6947 val_prec_macro=0.6906 val_rec_macro=0.6099 val_metric_name=acc val_metric=0.7163
Step  150 | loss 0.7600 | val_acc=0.7598 val_loss=0.7451 val_f1_macro=0.6837 val_f1_weighted=0.7492 val_prec_macro=0.7070 val_rec_macro=0.6933 val_metric_name=acc val_metric=0.7598
Step  200 | loss 0.6281 | val_acc=0.7894 val_loss=0.6622 val_f1_macro=0.7344 val_f1_weighted=0.7830 val_prec_macro=0.7400 val_rec_macro=0.7470 val_metric_name=acc val_metric=0.7894
Step  250 | loss 0.5321 | val_acc=0.8069 val_loss=0.6101 val_f1_macro=0.7577 val_f1_weighted=0.8024 val_prec_macro=0.7590 val_rec_macro=0.7761 val_metric_name=acc val_metric=0.8069
Step  300 | loss 0.4402 | val_acc=0.8221 val_loss=0.5684 val_f1_macro=0.7786 val_f1_weighted=0.8181 val_prec_macro=0.7806 val_rec_macro=0.7931 val_metric_name=acc val_metric=0.8221
Step  350 | loss 0.3737 | val_acc=0.8380 val_loss=0.5380 val_f1_macro=0.7974 val_f1_weighted=0.8349 val_prec_macro=0.7977 val_rec_macro=0.8101 val_metric_name=acc val_metric=0.8380
Step  400 | loss 0.3183 | val_acc=0.8492 val_loss=0.5206 val_f1_macro=0.8126 val_f1_weighted=0.8468 val_prec_macro=0.8117 val_rec_macro=0.8243 val_metric_name=acc val_metric=0.8492
Step  450 | loss 0.2689 | val_acc=0.8545 val_loss=0.5139 val_f1_macro=0.8204 val_f1_weighted=0.8523 val_prec_macro=0.8206 val_rec_macro=0.8304 val_metric_name=acc val_metric=0.8545
Step  500 | loss 0.2231 | val_acc=0.8628 val_loss=0.5066 val_f1_macro=0.8315 val_f1_weighted=0.8609 val_prec_macro=0.8306 val_rec_macro=0.8404 val_metric_name=acc val_metric=0.8628
Step  550 | loss 0.1812 | val_acc=0.8662 val_loss=0.5176 val_f1_macro=0.8349 val_f1_weighted=0.8644 val_prec_macro=0.8340 val_rec_macro=0.8442 val_metric_name=acc val_metric=0.8662
Step  600 | loss 0.1567 | val_acc=0.8711 val_loss=0.5269 val_f1_macro=0.8409 val_f1_weighted=0.8694 val_prec_macro=0.8401 val_rec_macro=0.8483 val_metric_name=acc val_metric=0.8711
Step  650 | loss 0.1285 | val_acc=0.8704 val_loss=0.5412 val_f1_macro=0.8422 val_f1_weighted=0.8683 val_prec_macro=0.8433 val_rec_macro=0.8478 val_metric_name=acc val_metric=0.8704
Step  700 | loss 0.1098 | val_acc=0.8717 val_loss=0.5528 val_f1_macro=0.8418 val_f1_weighted=0.8700 val_prec_macro=0.8434 val_rec_macro=0.8470 val_metric_name=acc val_metric=0.8717
Step  750 | loss 0.0923 | val_acc=0.8736 val_loss=0.5650 val_f1_macro=0.8451 val_f1_weighted=0.8720 val_prec_macro=0.8471 val_rec_macro=0.8490 val_metric_name=acc val_metric=0.8736
Step  800 | loss 0.0763 | val_acc=0.8750 val_loss=0.5817 val_f1_macro=0.8483 val_f1_weighted=0.8729 val_prec_macro=0.8511 val_rec_macro=0.8518 val_metric_name=acc val_metric=0.8750
Step  850 | loss 0.0650 | val_acc=0.8747 val_loss=0.5968 val_f1_macro=0.8459 val_f1_weighted=0.8730 val_prec_macro=0.8473 val_rec_macro=0.8512 val_metric_name=acc val_metric=0.8747
Step  900 | loss 0.0587 | val_acc=0.8752 val_loss=0.6116 val_f1_macro=0.8466 val_f1_weighted=0.8737 val_prec_macro=0.8476 val_rec_macro=0.8523 val_metric_name=acc val_metric=0.8752
Step  950 | loss 0.0493 | val_acc=0.8763 val_loss=0.6163 val_f1_macro=0.8497 val_f1_weighted=0.8745 val_prec_macro=0.8528 val_rec_macro=0.8524 val_metric_name=acc val_metric=0.8763
Step 1000 | loss 0.0447 | val_acc=0.8763 val_loss=0.6320 val_f1_macro=0.8484 val_f1_weighted=0.8741 val_prec_macro=0.8507 val_rec_macro=0.8520 val_metric_name=acc val_metric=0.8763
Step 1050 | loss 0.0404 | val_acc=0.8784 val_loss=0.6389 val_f1_macro=0.8510 val_f1_weighted=0.8766 val_prec_macro=0.8533 val_rec_macro=0.8543 val_metric_name=acc val_metric=0.8784
Step 1100 | loss 0.0335 | val_acc=0.8803 val_loss=0.6538 val_f1_macro=0.8530 val_f1_weighted=0.8784 val_prec_macro=0.8562 val_rec_macro=0.8550 val_metric_name=acc val_metric=0.8803
Step 1150 | loss 0.0319 | val_acc=0.8786 val_loss=0.6634 val_f1_macro=0.8511 val_f1_weighted=0.8767 val_prec_macro=0.8545 val_rec_macro=0.8534 val_metric_name=acc val_metric=0.8786
Step 1200 | loss 0.0298 | val_acc=0.8798 val_loss=0.6689 val_f1_macro=0.8523 val_f1_weighted=0.8779 val_prec_macro=0.8564 val_rec_macro=0.8535 val_metric_name=acc val_metric=0.8798
Step 1250 | loss 0.0260 | val_acc=0.8798 val_loss=0.6705 val_f1_macro=0.8529 val_f1_weighted=0.8782 val_prec_macro=0.8563 val_rec_macro=0.8537 val_metric_name=acc val_metric=0.8798
Step 1300 | loss 0.0232 | val_acc=0.8812 val_loss=0.6823 val_f1_macro=0.8536 val_f1_weighted=0.8793 val_prec_macro=0.8567 val_rec_macro=0.8553 val_metric_name=acc val_metric=0.8812
Step 1350 | loss 0.0227 | val_acc=0.8793 val_loss=0.6966 val_f1_macro=0.8524 val_f1_weighted=0.8776 val_prec_macro=0.8572 val_rec_macro=0.8530 val_metric_name=acc val_metric=0.8793
Step 1400 | loss 0.0170 | val_acc=0.8798 val_loss=0.7001 val_f1_macro=0.8520 val_f1_weighted=0.8780 val_prec_macro=0.8545 val_rec_macro=0.8548 val_metric_name=acc val_metric=0.8798
Step 1450 | loss 0.0191 | val_acc=0.8803 val_loss=0.7099 val_f1_macro=0.8540 val_f1_weighted=0.8787 val_prec_macro=0.8559 val_rec_macro=0.8572 val_metric_name=acc val_metric=0.8803
Step 1500 | loss 0.0153 | val_acc=0.8819 val_loss=0.7110 val_f1_macro=0.8547 val_f1_weighted=0.8801 val_prec_macro=0.8575 val_rec_macro=0.8568 val_metric_name=acc val_metric=0.8819
Step 1550 | loss 0.0144 | val_acc=0.8817 val_loss=0.7251 val_f1_macro=0.8547 val_f1_weighted=0.8798 val_prec_macro=0.8582 val_rec_macro=0.8569 val_metric_name=acc val_metric=0.8817
Step 1600 | loss 0.0141 | val_acc=0.8816 val_loss=0.7219 val_f1_macro=0.8536 val_f1_weighted=0.8796 val_prec_macro=0.8564 val_rec_macro=0.8559 val_metric_name=acc val_metric=0.8816
Step 1650 | loss 0.0137 | val_acc=0.8840 val_loss=0.7269 val_f1_macro=0.8573 val_f1_weighted=0.8823 val_prec_macro=0.8606 val_rec_macro=0.8588 val_metric_name=acc val_metric=0.8840
Step 1700 | loss 0.0136 | val_acc=0.8816 val_loss=0.7380 val_f1_macro=0.8541 val_f1_weighted=0.8797 val_prec_macro=0.8592 val_rec_macro=0.8539 val_metric_name=acc val_metric=0.8816
Step 1750 | loss 0.0109 | val_acc=0.8830 val_loss=0.7431 val_f1_macro=0.8561 val_f1_weighted=0.8811 val_prec_macro=0.8593 val_rec_macro=0.8582 val_metric_name=acc val_metric=0.8830
Step 1800 | loss 0.0106 | val_acc=0.8814 val_loss=0.7463 val_f1_macro=0.8551 val_f1_weighted=0.8799 val_prec_macro=0.8577 val_rec_macro=0.8573 val_metric_name=acc val_metric=0.8814
Step 1850 | loss 0.0113 | val_acc=0.8814 val_loss=0.7511 val_f1_macro=0.8551 val_f1_weighted=0.8797 val_prec_macro=0.8568 val_rec_macro=0.8576 val_metric_name=acc val_metric=0.8814
Step 1900 | loss 0.0081 | val_acc=0.8823 val_loss=0.7546 val_f1_macro=0.8550 val_f1_weighted=0.8804 val_prec_macro=0.8597 val_rec_macro=0.8552 val_metric_name=acc val_metric=0.8823
Step 1950 | loss 0.0108 | val_acc=0.8849 val_loss=0.7596 val_f1_macro=0.8571 val_f1_weighted=0.8830 val_prec_macro=0.8601 val_rec_macro=0.8584 val_metric_name=acc val_metric=0.8849
Step 2000 | loss 0.0102 | val_acc=0.8842 val_loss=0.7670 val_f1_macro=0.8572 val_f1_weighted=0.8823 val_prec_macro=0.8607 val_rec_macro=0.8582 val_metric_name=acc val_metric=0.8842
Step 2050 | loss 0.0084 | val_acc=0.8844 val_loss=0.7738 val_f1_macro=0.8573 val_f1_weighted=0.8826 val_prec_macro=0.8602 val_rec_macro=0.8590 val_metric_name=acc val_metric=0.8844
Step 2100 | loss 0.0076 | val_acc=0.8844 val_loss=0.7639 val_f1_macro=0.8585 val_f1_weighted=0.8830 val_prec_macro=0.8606 val_rec_macro=0.8598 val_metric_name=acc val_metric=0.8844
Step 2150 | loss 0.0079 | val_acc=0.8831 val_loss=0.7775 val_f1_macro=0.8557 val_f1_weighted=0.8814 val_prec_macro=0.8605 val_rec_macro=0.8564 val_metric_name=acc val_metric=0.8831
Step 2200 | loss 0.0069 | val_acc=0.8858 val_loss=0.7798 val_f1_macro=0.8589 val_f1_weighted=0.8838 val_prec_macro=0.8621 val_rec_macro=0.8601 val_metric_name=acc val_metric=0.8858
Step 2250 | loss 0.0068 | val_acc=0.8870 val_loss=0.7843 val_f1_macro=0.8614 val_f1_weighted=0.8852 val_prec_macro=0.8656 val_rec_macro=0.8616 val_metric_name=acc val_metric=0.8870
Step 2300 | loss 0.0074 | val_acc=0.8860 val_loss=0.7829 val_f1_macro=0.8587 val_f1_weighted=0.8841 val_prec_macro=0.8612 val_rec_macro=0.8604 val_metric_name=acc val_metric=0.8860
Step 2350 | loss 0.0069 | val_acc=0.8861 val_loss=0.7839 val_f1_macro=0.8589 val_f1_weighted=0.8844 val_prec_macro=0.8613 val_rec_macro=0.8607 val_metric_name=acc val_metric=0.8861
Step 2400 | loss 0.0060 | val_acc=0.8849 val_loss=0.7939 val_f1_macro=0.8578 val_f1_weighted=0.8832 val_prec_macro=0.8594 val_rec_macro=0.8603 val_metric_name=acc val_metric=0.8849
Step 2450 | loss 0.0064 | val_acc=0.8846 val_loss=0.7978 val_f1_macro=0.8570 val_f1_weighted=0.8824 val_prec_macro=0.8603 val_rec_macro=0.8582 val_metric_name=acc val_metric=0.8846
Step 2500 | loss 0.0074 | val_acc=0.8847 val_loss=0.8018 val_f1_macro=0.8578 val_f1_weighted=0.8829 val_prec_macro=0.8614 val_rec_macro=0.8588 val_metric_name=acc val_metric=0.8847
Step 2550 | loss 0.0056 | val_acc=0.8842 val_loss=0.7983 val_f1_macro=0.8567 val_f1_weighted=0.8824 val_prec_macro=0.8598 val_rec_macro=0.8574 val_metric_name=acc val_metric=0.8842
Step 2600 | loss 0.0054 | val_acc=0.8853 val_loss=0.8027 val_f1_macro=0.8584 val_f1_weighted=0.8833 val_prec_macro=0.8609 val_rec_macro=0.8601 val_metric_name=acc val_metric=0.8853
Step 2650 | loss 0.0057 | val_acc=0.8858 val_loss=0.8038 val_f1_macro=0.8598 val_f1_weighted=0.8839 val_prec_macro=0.8639 val_rec_macro=0.8600 val_metric_name=acc val_metric=0.8858
Early stopping at step 2660

--- Final (best ckpt @ step 2360) ---
  train_acc=1.0000 train_loss=0.0000 train_f1_macro=1.0000 train_f1_weighted=1.0000 train_prec_macro=1.0000 train_rec_macro=1.0000 train_metric_name=acc train_metric=1.0000
  val_acc=0.8884 val_loss=0.7858 val_f1_macro=0.8627 val_f1_weighted=0.8867 val_prec_macro=0.8651 val_rec_macro=0.8641 val_metric_name=acc val_metric=0.8884
  test_acc=0.8953 test_loss=0.6972 test_f1_macro=0.8683 test_f1_weighted=0.8944 test_prec_macro=0.8708 test_rec_macro=0.8682 test_metric_name=acc test_metric=0.8953
  test_acc=0.8953

============================================================
Training roman-empire GAT-sep 4L h=512 lr=6e-05 split=5
============================================================
Training for 5000 steps
Step    1 | loss 3.0983 | val_acc=0.2154 val_loss=2.6159 val_f1_macro=0.0511 val_f1_weighted=0.1082 val_prec_macro=0.1029 val_rec_macro=0.0907 val_metric_name=acc val_metric=0.2154
Step   50 | loss 1.0611 | val_acc=0.6927 val_loss=0.9622 val_f1_macro=0.5513 val_f1_weighted=0.6671 val_prec_macro=0.6109 val_rec_macro=0.5659 val_metric_name=acc val_metric=0.6927
Step  100 | loss 0.6749 | val_acc=0.7744 val_loss=0.6938 val_f1_macro=0.7083 val_f1_weighted=0.7662 val_prec_macro=0.7171 val_rec_macro=0.7210 val_metric_name=acc val_metric=0.7744
Step  150 | loss 0.4914 | val_acc=0.8134 val_loss=0.5885 val_f1_macro=0.7671 val_f1_weighted=0.8098 val_prec_macro=0.7689 val_rec_macro=0.7825 val_metric_name=acc val_metric=0.8134
Step  200 | loss 0.3559 | val_acc=0.8432 val_loss=0.5293 val_f1_macro=0.8035 val_f1_weighted=0.8406 val_prec_macro=0.8052 val_rec_macro=0.8145 val_metric_name=acc val_metric=0.8432
Step  250 | loss 0.2601 | val_acc=0.8556 val_loss=0.5116 val_f1_macro=0.8219 val_f1_weighted=0.8534 val_prec_macro=0.8203 val_rec_macro=0.8336 val_metric_name=acc val_metric=0.8556
Step  300 | loss 0.1790 | val_acc=0.8651 val_loss=0.5187 val_f1_macro=0.8348 val_f1_weighted=0.8632 val_prec_macro=0.8344 val_rec_macro=0.8430 val_metric_name=acc val_metric=0.8651
Step  350 | loss 0.1261 | val_acc=0.8715 val_loss=0.5403 val_f1_macro=0.8431 val_f1_weighted=0.8693 val_prec_macro=0.8435 val_rec_macro=0.8495 val_metric_name=acc val_metric=0.8715
Step  400 | loss 0.0924 | val_acc=0.8745 val_loss=0.5570 val_f1_macro=0.8474 val_f1_weighted=0.8730 val_prec_macro=0.8486 val_rec_macro=0.8506 val_metric_name=acc val_metric=0.8745
Step  450 | loss 0.0706 | val_acc=0.8748 val_loss=0.5985 val_f1_macro=0.8474 val_f1_weighted=0.8730 val_prec_macro=0.8482 val_rec_macro=0.8530 val_metric_name=acc val_metric=0.8748
Step  500 | loss 0.0527 | val_acc=0.8761 val_loss=0.6123 val_f1_macro=0.8488 val_f1_weighted=0.8742 val_prec_macro=0.8519 val_rec_macro=0.8502 val_metric_name=acc val_metric=0.8761
Step  550 | loss 0.0397 | val_acc=0.8773 val_loss=0.6445 val_f1_macro=0.8492 val_f1_weighted=0.8752 val_prec_macro=0.8530 val_rec_macro=0.8515 val_metric_name=acc val_metric=0.8773
Step  600 | loss 0.0358 | val_acc=0.8798 val_loss=0.6534 val_f1_macro=0.8509 val_f1_weighted=0.8780 val_prec_macro=0.8520 val_rec_macro=0.8546 val_metric_name=acc val_metric=0.8798
Step  650 | loss 0.0295 | val_acc=0.8807 val_loss=0.6724 val_f1_macro=0.8523 val_f1_weighted=0.8788 val_prec_macro=0.8558 val_rec_macro=0.8539 val_metric_name=acc val_metric=0.8807
Step  700 | loss 0.0243 | val_acc=0.8791 val_loss=0.6780 val_f1_macro=0.8503 val_f1_weighted=0.8776 val_prec_macro=0.8506 val_rec_macro=0.8545 val_metric_name=acc val_metric=0.8791
Step  750 | loss 0.0205 | val_acc=0.8787 val_loss=0.6972 val_f1_macro=0.8490 val_f1_weighted=0.8770 val_prec_macro=0.8517 val_rec_macro=0.8513 val_metric_name=acc val_metric=0.8787
Step  800 | loss 0.0164 | val_acc=0.8807 val_loss=0.7131 val_f1_macro=0.8512 val_f1_weighted=0.8785 val_prec_macro=0.8533 val_rec_macro=0.8545 val_metric_name=acc val_metric=0.8807
Step  850 | loss 0.0157 | val_acc=0.8803 val_loss=0.7232 val_f1_macro=0.8523 val_f1_weighted=0.8782 val_prec_macro=0.8551 val_rec_macro=0.8551 val_metric_name=acc val_metric=0.8803
Step  900 | loss 0.0131 | val_acc=0.8803 val_loss=0.7250 val_f1_macro=0.8511 val_f1_weighted=0.8785 val_prec_macro=0.8508 val_rec_macro=0.8562 val_metric_name=acc val_metric=0.8803
Step  950 | loss 0.0111 | val_acc=0.8823 val_loss=0.7338 val_f1_macro=0.8531 val_f1_weighted=0.8801 val_prec_macro=0.8572 val_rec_macro=0.8538 val_metric_name=acc val_metric=0.8823
Step 1000 | loss 0.0110 | val_acc=0.8823 val_loss=0.7471 val_f1_macro=0.8539 val_f1_weighted=0.8801 val_prec_macro=0.8566 val_rec_macro=0.8557 val_metric_name=acc val_metric=0.8823
Step 1050 | loss 0.0100 | val_acc=0.8846 val_loss=0.7554 val_f1_macro=0.8573 val_f1_weighted=0.8825 val_prec_macro=0.8597 val_rec_macro=0.8592 val_metric_name=acc val_metric=0.8846
Step 1100 | loss 0.0076 | val_acc=0.8830 val_loss=0.7675 val_f1_macro=0.8553 val_f1_weighted=0.8813 val_prec_macro=0.8579 val_rec_macro=0.8571 val_metric_name=acc val_metric=0.8830
Step 1150 | loss 0.0084 | val_acc=0.8814 val_loss=0.7828 val_f1_macro=0.8524 val_f1_weighted=0.8793 val_prec_macro=0.8542 val_rec_macro=0.8556 val_metric_name=acc val_metric=0.8814
Step 1200 | loss 0.0085 | val_acc=0.8840 val_loss=0.7795 val_f1_macro=0.8565 val_f1_weighted=0.8821 val_prec_macro=0.8582 val_rec_macro=0.8588 val_metric_name=acc val_metric=0.8840
Step 1250 | loss 0.0077 | val_acc=0.8838 val_loss=0.7830 val_f1_macro=0.8589 val_f1_weighted=0.8823 val_prec_macro=0.8621 val_rec_macro=0.8595 val_metric_name=acc val_metric=0.8838
Step 1300 | loss 0.0071 | val_acc=0.8840 val_loss=0.7866 val_f1_macro=0.8564 val_f1_weighted=0.8819 val_prec_macro=0.8593 val_rec_macro=0.8578 val_metric_name=acc val_metric=0.8840
Step 1350 | loss 0.0059 | val_acc=0.8854 val_loss=0.7974 val_f1_macro=0.8588 val_f1_weighted=0.8836 val_prec_macro=0.8631 val_rec_macro=0.8590 val_metric_name=acc val_metric=0.8854
Step 1400 | loss 0.0046 | val_acc=0.8831 val_loss=0.8099 val_f1_macro=0.8540 val_f1_weighted=0.8812 val_prec_macro=0.8550 val_rec_macro=0.8582 val_metric_name=acc val_metric=0.8831
Step 1450 | loss 0.0052 | val_acc=0.8833 val_loss=0.8187 val_f1_macro=0.8568 val_f1_weighted=0.8815 val_prec_macro=0.8598 val_rec_macro=0.8585 val_metric_name=acc val_metric=0.8833
Step 1500 | loss 0.0043 | val_acc=0.8863 val_loss=0.8161 val_f1_macro=0.8600 val_f1_weighted=0.8842 val_prec_macro=0.8630 val_rec_macro=0.8614 val_metric_name=acc val_metric=0.8863
Step 1550 | loss 0.0036 | val_acc=0.8846 val_loss=0.8358 val_f1_macro=0.8572 val_f1_weighted=0.8822 val_prec_macro=0.8606 val_rec_macro=0.8592 val_metric_name=acc val_metric=0.8846
Step 1600 | loss 0.0037 | val_acc=0.8854 val_loss=0.8174 val_f1_macro=0.8582 val_f1_weighted=0.8833 val_prec_macro=0.8608 val_rec_macro=0.8596 val_metric_name=acc val_metric=0.8854
Step 1650 | loss 0.0044 | val_acc=0.8863 val_loss=0.8283 val_f1_macro=0.8587 val_f1_weighted=0.8839 val_prec_macro=0.8618 val_rec_macro=0.8609 val_metric_name=acc val_metric=0.8863
Step 1700 | loss 0.0041 | val_acc=0.8851 val_loss=0.8368 val_f1_macro=0.8580 val_f1_weighted=0.8830 val_prec_macro=0.8625 val_rec_macro=0.8582 val_metric_name=acc val_metric=0.8851
Step 1750 | loss 0.0033 | val_acc=0.8870 val_loss=0.8342 val_f1_macro=0.8597 val_f1_weighted=0.8848 val_prec_macro=0.8641 val_rec_macro=0.8597 val_metric_name=acc val_metric=0.8870
Step 1800 | loss 0.0032 | val_acc=0.8842 val_loss=0.8415 val_f1_macro=0.8577 val_f1_weighted=0.8825 val_prec_macro=0.8604 val_rec_macro=0.8601 val_metric_name=acc val_metric=0.8842
Step 1850 | loss 0.0040 | val_acc=0.8861 val_loss=0.8328 val_f1_macro=0.8564 val_f1_weighted=0.8841 val_prec_macro=0.8580 val_rec_macro=0.8589 val_metric_name=acc val_metric=0.8861
Step 1900 | loss 0.0018 | val_acc=0.8856 val_loss=0.8381 val_f1_macro=0.8564 val_f1_weighted=0.8830 val_prec_macro=0.8598 val_rec_macro=0.8580 val_metric_name=acc val_metric=0.8856
Step 1950 | loss 0.0030 | val_acc=0.8876 val_loss=0.8470 val_f1_macro=0.8606 val_f1_weighted=0.8853 val_prec_macro=0.8630 val_rec_macro=0.8628 val_metric_name=acc val_metric=0.8876
Early stopping at step 1980

--- Final (best ckpt @ step 1680) ---
  train_acc=1.0000 train_loss=0.0000 train_f1_macro=1.0000 train_f1_weighted=1.0000 train_prec_macro=1.0000 train_rec_macro=1.0000 train_metric_name=acc train_metric=1.0000
  val_acc=0.8884 val_loss=0.8271 val_f1_macro=0.8603 val_f1_weighted=0.8863 val_prec_macro=0.8617 val_rec_macro=0.8630 val_metric_name=acc val_metric=0.8884
  test_acc=0.8946 test_loss=0.7264 test_f1_macro=0.8676 test_f1_weighted=0.8935 test_prec_macro=0.8698 test_rec_macro=0.8673 test_metric_name=acc test_metric=0.8946
  test_acc=0.8946

============================================================
Training roman-empire GAT-sep 4L h=512 lr=0.0001 split=5
============================================================
Training for 5000 steps
Step    1 | loss 3.0983 | val_acc=0.2378 val_loss=2.6024 val_f1_macro=0.0419 val_f1_weighted=0.1046 val_prec_macro=0.0561 val_rec_macro=0.0951 val_metric_name=acc val_metric=0.2378
Step   50 | loss 0.8334 | val_acc=0.7395 val_loss=0.7992 val_f1_macro=0.6421 val_f1_weighted=0.7234 val_prec_macro=0.6694 val_rec_macro=0.6579 val_metric_name=acc val_metric=0.7395
Step  100 | loss 0.4914 | val_acc=0.8097 val_loss=0.5945 val_f1_macro=0.7608 val_f1_weighted=0.8057 val_prec_macro=0.7620 val_rec_macro=0.7772 val_metric_name=acc val_metric=0.8097
Step  150 | loss 0.2997 | val_acc=0.8489 val_loss=0.5091 val_f1_macro=0.8135 val_f1_weighted=0.8471 val_prec_macro=0.8123 val_rec_macro=0.8252 val_metric_name=acc val_metric=0.8489
Step  200 | loss 0.1727 | val_acc=0.8680 val_loss=0.5146 val_f1_macro=0.8369 val_f1_weighted=0.8658 val_prec_macro=0.8363 val_rec_macro=0.8452 val_metric_name=acc val_metric=0.8680
Step  250 | loss 0.1043 | val_acc=0.8708 val_loss=0.5551 val_f1_macro=0.8396 val_f1_weighted=0.8688 val_prec_macro=0.8391 val_rec_macro=0.8460 val_metric_name=acc val_metric=0.8708
Step  300 | loss 0.0617 | val_acc=0.8747 val_loss=0.6009 val_f1_macro=0.8462 val_f1_weighted=0.8732 val_prec_macro=0.8463 val_rec_macro=0.8513 val_metric_name=acc val_metric=0.8747
Step  350 | loss 0.0401 | val_acc=0.8764 val_loss=0.6377 val_f1_macro=0.8470 val_f1_weighted=0.8741 val_prec_macro=0.8497 val_rec_macro=0.8502 val_metric_name=acc val_metric=0.8764
Step  400 | loss 0.0318 | val_acc=0.8777 val_loss=0.6711 val_f1_macro=0.8492 val_f1_weighted=0.8757 val_prec_macro=0.8517 val_rec_macro=0.8516 val_metric_name=acc val_metric=0.8777
Step  450 | loss 0.0239 | val_acc=0.8773 val_loss=0.6954 val_f1_macro=0.8467 val_f1_weighted=0.8748 val_prec_macro=0.8486 val_rec_macro=0.8510 val_metric_name=acc val_metric=0.8773
Step  500 | loss 0.0194 | val_acc=0.8796 val_loss=0.7113 val_f1_macro=0.8511 val_f1_weighted=0.8776 val_prec_macro=0.8543 val_rec_macro=0.8531 val_metric_name=acc val_metric=0.8796
Step  550 | loss 0.0147 | val_acc=0.8800 val_loss=0.7345 val_f1_macro=0.8488 val_f1_weighted=0.8776 val_prec_macro=0.8541 val_rec_macro=0.8498 val_metric_name=acc val_metric=0.8800
Step  600 | loss 0.0136 | val_acc=0.8824 val_loss=0.7322 val_f1_macro=0.8532 val_f1_weighted=0.8804 val_prec_macro=0.8550 val_rec_macro=0.8558 val_metric_name=acc val_metric=0.8824
Step  650 | loss 0.0123 | val_acc=0.8828 val_loss=0.7483 val_f1_macro=0.8537 val_f1_weighted=0.8807 val_prec_macro=0.8563 val_rec_macro=0.8555 val_metric_name=acc val_metric=0.8828
Step  700 | loss 0.0084 | val_acc=0.8833 val_loss=0.7494 val_f1_macro=0.8549 val_f1_weighted=0.8813 val_prec_macro=0.8566 val_rec_macro=0.8580 val_metric_name=acc val_metric=0.8833
Step  750 | loss 0.0080 | val_acc=0.8810 val_loss=0.7715 val_f1_macro=0.8525 val_f1_weighted=0.8794 val_prec_macro=0.8563 val_rec_macro=0.8536 val_metric_name=acc val_metric=0.8810
Step  800 | loss 0.0067 | val_acc=0.8831 val_loss=0.7915 val_f1_macro=0.8540 val_f1_weighted=0.8809 val_prec_macro=0.8552 val_rec_macro=0.8575 val_metric_name=acc val_metric=0.8831
Step  850 | loss 0.0071 | val_acc=0.8830 val_loss=0.7881 val_f1_macro=0.8552 val_f1_weighted=0.8810 val_prec_macro=0.8557 val_rec_macro=0.8592 val_metric_name=acc val_metric=0.8830
Step  900 | loss 0.0057 | val_acc=0.8835 val_loss=0.7894 val_f1_macro=0.8553 val_f1_weighted=0.8816 val_prec_macro=0.8570 val_rec_macro=0.8578 val_metric_name=acc val_metric=0.8835
Step  950 | loss 0.0051 | val_acc=0.8856 val_loss=0.8032 val_f1_macro=0.8570 val_f1_weighted=0.8833 val_prec_macro=0.8637 val_rec_macro=0.8548 val_metric_name=acc val_metric=0.8856
Step 1000 | loss 0.0047 | val_acc=0.8840 val_loss=0.8102 val_f1_macro=0.8562 val_f1_weighted=0.8819 val_prec_macro=0.8594 val_rec_macro=0.8566 val_metric_name=acc val_metric=0.8840
Step 1050 | loss 0.0038 | val_acc=0.8860 val_loss=0.8206 val_f1_macro=0.8583 val_f1_weighted=0.8838 val_prec_macro=0.8619 val_rec_macro=0.8591 val_metric_name=acc val_metric=0.8860
Step 1100 | loss 0.0032 | val_acc=0.8847 val_loss=0.8344 val_f1_macro=0.8557 val_f1_weighted=0.8829 val_prec_macro=0.8580 val_rec_macro=0.8573 val_metric_name=acc val_metric=0.8847
Step 1150 | loss 0.0042 | val_acc=0.8817 val_loss=0.8541 val_f1_macro=0.8511 val_f1_weighted=0.8795 val_prec_macro=0.8524 val_rec_macro=0.8543 val_metric_name=acc val_metric=0.8817
Step 1200 | loss 0.0036 | val_acc=0.8853 val_loss=0.8508 val_f1_macro=0.8566 val_f1_weighted=0.8830 val_prec_macro=0.8582 val_rec_macro=0.8598 val_metric_name=acc val_metric=0.8853
Step 1250 | loss 0.0033 | val_acc=0.8842 val_loss=0.8490 val_f1_macro=0.8565 val_f1_weighted=0.8825 val_prec_macro=0.8576 val_rec_macro=0.8586 val_metric_name=acc val_metric=0.8842
Early stopping at step 1255

--- Final (best ckpt @ step 860) ---
  train_acc=1.0000 train_loss=0.0000 train_f1_macro=1.0000 train_f1_weighted=1.0000 train_prec_macro=1.0000 train_rec_macro=1.0000 train_metric_name=acc train_metric=1.0000
  val_acc=0.8865 val_loss=0.7772 val_f1_macro=0.8583 val_f1_weighted=0.8843 val_prec_macro=0.8613 val_rec_macro=0.8592 val_metric_name=acc val_metric=0.8865
  test_acc=0.8946 test_loss=0.6904 test_f1_macro=0.8672 test_f1_weighted=0.8937 test_prec_macro=0.8704 test_rec_macro=0.8657 test_metric_name=acc test_metric=0.8946
  test_acc=0.8946

============================================================
Training roman-empire GAT-sep 4L h=512 lr=1e-05 split=5
============================================================
Training for 5000 steps
Step    1 | loss 3.0983 | val_acc=0.0706 val_loss=2.9731 val_f1_macro=0.0269 val_f1_weighted=0.0365 val_prec_macro=0.0584 val_rec_macro=0.0922 val_metric_name=acc val_metric=0.0706
Step   50 | loss 2.0756 | val_acc=0.4856 val_loss=1.8060 val_f1_macro=0.2182 val_f1_weighted=0.4031 val_prec_macro=0.2458 val_rec_macro=0.2523 val_metric_name=acc val_metric=0.4856
Step  100 | loss 1.5888 | val_acc=0.5781 val_loss=1.4034 val_f1_macro=0.3470 val_f1_weighted=0.5238 val_prec_macro=0.4851 val_rec_macro=0.3561 val_metric_name=acc val_metric=0.5781
Step  150 | loss 1.3214 | val_acc=0.6392 val_loss=1.1800 val_f1_macro=0.4663 val_f1_weighted=0.5980 val_prec_macro=0.5087 val_rec_macro=0.4794 val_metric_name=acc val_metric=0.6392
Step  200 | loss 1.1492 | val_acc=0.6784 val_loss=1.0194 val_f1_macro=0.5230 val_f1_weighted=0.6452 val_prec_macro=0.5440 val_rec_macro=0.5390 val_metric_name=acc val_metric=0.6784
Step  250 | loss 1.0151 | val_acc=0.7098 val_loss=0.9117 val_f1_macro=0.5841 val_f1_weighted=0.6849 val_prec_macro=0.6302 val_rec_macro=0.5966 val_metric_name=acc val_metric=0.7098
Step  300 | loss 0.9018 | val_acc=0.7315 val_loss=0.8383 val_f1_macro=0.6242 val_f1_weighted=0.7133 val_prec_macro=0.6773 val_rec_macro=0.6354 val_metric_name=acc val_metric=0.7315
Step  350 | loss 0.8330 | val_acc=0.7486 val_loss=0.7847 val_f1_macro=0.6549 val_f1_weighted=0.7346 val_prec_macro=0.6889 val_rec_macro=0.6671 val_metric_name=acc val_metric=0.7486
Step  400 | loss 0.7653 | val_acc=0.7603 val_loss=0.7445 val_f1_macro=0.6821 val_f1_weighted=0.7492 val_prec_macro=0.7109 val_rec_macro=0.6910 val_metric_name=acc val_metric=0.7603
Step  450 | loss 0.7156 | val_acc=0.7719 val_loss=0.7116 val_f1_macro=0.7034 val_f1_weighted=0.7624 val_prec_macro=0.7166 val_rec_macro=0.7151 val_metric_name=acc val_metric=0.7719
Step  500 | loss 0.6690 | val_acc=0.7834 val_loss=0.6806 val_f1_macro=0.7247 val_f1_weighted=0.7754 val_prec_macro=0.7324 val_rec_macro=0.7372 val_metric_name=acc val_metric=0.7834
Step  550 | loss 0.6212 | val_acc=0.7903 val_loss=0.6581 val_f1_macro=0.7356 val_f1_weighted=0.7842 val_prec_macro=0.7395 val_rec_macro=0.7508 val_metric_name=acc val_metric=0.7903
Step  600 | loss 0.5917 | val_acc=0.7975 val_loss=0.6381 val_f1_macro=0.7467 val_f1_weighted=0.7917 val_prec_macro=0.7495 val_rec_macro=0.7622 val_metric_name=acc val_metric=0.7975
Step  650 | loss 0.5487 | val_acc=0.8051 val_loss=0.6165 val_f1_macro=0.7568 val_f1_weighted=0.8001 val_prec_macro=0.7590 val_rec_macro=0.7727 val_metric_name=acc val_metric=0.8051
Step  700 | loss 0.5195 | val_acc=0.8086 val_loss=0.6008 val_f1_macro=0.7613 val_f1_weighted=0.8043 val_prec_macro=0.7635 val_rec_macro=0.7769 val_metric_name=acc val_metric=0.8086
Step  750 | loss 0.4962 | val_acc=0.8148 val_loss=0.5849 val_f1_macro=0.7684 val_f1_weighted=0.8104 val_prec_macro=0.7691 val_rec_macro=0.7845 val_metric_name=acc val_metric=0.8148
Step  800 | loss 0.4598 | val_acc=0.8194 val_loss=0.5729 val_f1_macro=0.7756 val_f1_weighted=0.8156 val_prec_macro=0.7787 val_rec_macro=0.7897 val_metric_name=acc val_metric=0.8194
Step  850 | loss 0.4324 | val_acc=0.8261 val_loss=0.5595 val_f1_macro=0.7844 val_f1_weighted=0.8232 val_prec_macro=0.7861 val_rec_macro=0.7977 val_metric_name=acc val_metric=0.8261
Step  900 | loss 0.4124 | val_acc=0.8323 val_loss=0.5504 val_f1_macro=0.7913 val_f1_weighted=0.8295 val_prec_macro=0.7930 val_rec_macro=0.8049 val_metric_name=acc val_metric=0.8323
Step  950 | loss 0.3890 | val_acc=0.8388 val_loss=0.5369 val_f1_macro=0.7997 val_f1_weighted=0.8360 val_prec_macro=0.8011 val_rec_macro=0.8114 val_metric_name=acc val_metric=0.8388
Step 1000 | loss 0.3625 | val_acc=0.8420 val_loss=0.5323 val_f1_macro=0.8037 val_f1_weighted=0.8389 val_prec_macro=0.8051 val_rec_macro=0.8147 val_metric_name=acc val_metric=0.8420
Step 1050 | loss 0.3418 | val_acc=0.8470 val_loss=0.5260 val_f1_macro=0.8099 val_f1_weighted=0.8446 val_prec_macro=0.8104 val_rec_macro=0.8215 val_metric_name=acc val_metric=0.8470
Step 1100 | loss 0.3186 | val_acc=0.8517 val_loss=0.5173 val_f1_macro=0.8142 val_f1_weighted=0.8494 val_prec_macro=0.8143 val_rec_macro=0.8246 val_metric_name=acc val_metric=0.8517
Step 1150 | loss 0.3008 | val_acc=0.8533 val_loss=0.5143 val_f1_macro=0.8166 val_f1_weighted=0.8511 val_prec_macro=0.8168 val_rec_macro=0.8272 val_metric_name=acc val_metric=0.8533
Step 1200 | loss 0.2813 | val_acc=0.8561 val_loss=0.5085 val_f1_macro=0.8220 val_f1_weighted=0.8539 val_prec_macro=0.8228 val_rec_macro=0.8304 val_metric_name=acc val_metric=0.8561
Step 1250 | loss 0.2545 | val_acc=0.8579 val_loss=0.5069 val_f1_macro=0.8236 val_f1_weighted=0.8559 val_prec_macro=0.8244 val_rec_macro=0.8322 val_metric_name=acc val_metric=0.8579
Step 1300 | loss 0.2457 | val_acc=0.8604 val_loss=0.5081 val_f1_macro=0.8269 val_f1_weighted=0.8583 val_prec_macro=0.8274 val_rec_macro=0.8357 val_metric_name=acc val_metric=0.8604
Step 1350 | loss 0.2333 | val_acc=0.8613 val_loss=0.5107 val_f1_macro=0.8282 val_f1_weighted=0.8592 val_prec_macro=0.8292 val_rec_macro=0.8364 val_metric_name=acc val_metric=0.8613
Step 1400 | loss 0.2085 | val_acc=0.8644 val_loss=0.5125 val_f1_macro=0.8319 val_f1_weighted=0.8624 val_prec_macro=0.8322 val_rec_macro=0.8409 val_metric_name=acc val_metric=0.8644
Step 1450 | loss 0.2003 | val_acc=0.8655 val_loss=0.5128 val_f1_macro=0.8339 val_f1_weighted=0.8635 val_prec_macro=0.8347 val_rec_macro=0.8414 val_metric_name=acc val_metric=0.8655
Step 1500 | loss 0.1872 | val_acc=0.8678 val_loss=0.5143 val_f1_macro=0.8376 val_f1_weighted=0.8658 val_prec_macro=0.8378 val_rec_macro=0.8456 val_metric_name=acc val_metric=0.8678
Step 1550 | loss 0.1777 | val_acc=0.8690 val_loss=0.5175 val_f1_macro=0.8403 val_f1_weighted=0.8670 val_prec_macro=0.8412 val_rec_macro=0.8471 val_metric_name=acc val_metric=0.8690
Step 1600 | loss 0.1648 | val_acc=0.8710 val_loss=0.5202 val_f1_macro=0.8431 val_f1_weighted=0.8691 val_prec_macro=0.8438 val_rec_macro=0.8496 val_metric_name=acc val_metric=0.8710
Step 1650 | loss 0.1522 | val_acc=0.8715 val_loss=0.5249 val_f1_macro=0.8437 val_f1_weighted=0.8697 val_prec_macro=0.8438 val_rec_macro=0.8500 val_metric_name=acc val_metric=0.8715
Step 1700 | loss 0.1417 | val_acc=0.8718 val_loss=0.5301 val_f1_macro=0.8435 val_f1_weighted=0.8700 val_prec_macro=0.8444 val_rec_macro=0.8491 val_metric_name=acc val_metric=0.8718
Step 1750 | loss 0.1339 | val_acc=0.8715 val_loss=0.5351 val_f1_macro=0.8433 val_f1_weighted=0.8700 val_prec_macro=0.8440 val_rec_macro=0.8497 val_metric_name=acc val_metric=0.8715
Step 1800 | loss 0.1259 | val_acc=0.8722 val_loss=0.5405 val_f1_macro=0.8444 val_f1_weighted=0.8704 val_prec_macro=0.8459 val_rec_macro=0.8497 val_metric_name=acc val_metric=0.8722
Step 1850 | loss 0.1177 | val_acc=0.8736 val_loss=0.5443 val_f1_macro=0.8457 val_f1_weighted=0.8719 val_prec_macro=0.8465 val_rec_macro=0.8511 val_metric_name=acc val_metric=0.8736
Step 1900 | loss 0.1085 | val_acc=0.8740 val_loss=0.5493 val_f1_macro=0.8460 val_f1_weighted=0.8723 val_prec_macro=0.8478 val_rec_macro=0.8505 val_metric_name=acc val_metric=0.8740
Step 1950 | loss 0.1049 | val_acc=0.8736 val_loss=0.5531 val_f1_macro=0.8467 val_f1_weighted=0.8719 val_prec_macro=0.8480 val_rec_macro=0.8513 val_metric_name=acc val_metric=0.8736
Step 2000 | loss 0.0995 | val_acc=0.8738 val_loss=0.5587 val_f1_macro=0.8460 val_f1_weighted=0.8722 val_prec_macro=0.8472 val_rec_macro=0.8509 val_metric_name=acc val_metric=0.8738
Step 2050 | loss 0.0905 | val_acc=0.8731 val_loss=0.5643 val_f1_macro=0.8456 val_f1_weighted=0.8716 val_prec_macro=0.8477 val_rec_macro=0.8499 val_metric_name=acc val_metric=0.8731
Step 2100 | loss 0.0915 | val_acc=0.8734 val_loss=0.5687 val_f1_macro=0.8467 val_f1_weighted=0.8721 val_prec_macro=0.8477 val_rec_macro=0.8514 val_metric_name=acc val_metric=0.8734
Step 2150 | loss 0.0809 | val_acc=0.8764 val_loss=0.5784 val_f1_macro=0.8500 val_f1_weighted=0.8749 val_prec_macro=0.8514 val_rec_macro=0.8548 val_metric_name=acc val_metric=0.8764
Step 2200 | loss 0.0765 | val_acc=0.8756 val_loss=0.5819 val_f1_macro=0.8488 val_f1_weighted=0.8739 val_prec_macro=0.8508 val_rec_macro=0.8530 val_metric_name=acc val_metric=0.8756
Step 2250 | loss 0.0732 | val_acc=0.8756 val_loss=0.5885 val_f1_macro=0.8494 val_f1_weighted=0.8739 val_prec_macro=0.8518 val_rec_macro=0.8531 val_metric_name=acc val_metric=0.8756
Step 2300 | loss 0.0659 | val_acc=0.8770 val_loss=0.5891 val_f1_macro=0.8507 val_f1_weighted=0.8756 val_prec_macro=0.8520 val_rec_macro=0.8550 val_metric_name=acc val_metric=0.8770
Step 2350 | loss 0.0646 | val_acc=0.8748 val_loss=0.5949 val_f1_macro=0.8477 val_f1_weighted=0.8736 val_prec_macro=0.8494 val_rec_macro=0.8519 val_metric_name=acc val_metric=0.8748
Step 2400 | loss 0.0586 | val_acc=0.8754 val_loss=0.5992 val_f1_macro=0.8483 val_f1_weighted=0.8739 val_prec_macro=0.8510 val_rec_macro=0.8515 val_metric_name=acc val_metric=0.8754
Step 2450 | loss 0.0600 | val_acc=0.8777 val_loss=0.6029 val_f1_macro=0.8522 val_f1_weighted=0.8763 val_prec_macro=0.8541 val_rec_macro=0.8557 val_metric_name=acc val_metric=0.8777
Step 2500 | loss 0.0594 | val_acc=0.8754 val_loss=0.6123 val_f1_macro=0.8497 val_f1_weighted=0.8738 val_prec_macro=0.8524 val_rec_macro=0.8528 val_metric_name=acc val_metric=0.8754
Step 2550 | loss 0.0523 | val_acc=0.8778 val_loss=0.6137 val_f1_macro=0.8519 val_f1_weighted=0.8763 val_prec_macro=0.8538 val_rec_macro=0.8556 val_metric_name=acc val_metric=0.8778
Step 2600 | loss 0.0501 | val_acc=0.8778 val_loss=0.6176 val_f1_macro=0.8520 val_f1_weighted=0.8763 val_prec_macro=0.8547 val_rec_macro=0.8547 val_metric_name=acc val_metric=0.8778
Step 2650 | loss 0.0527 | val_acc=0.8771 val_loss=0.6223 val_f1_macro=0.8512 val_f1_weighted=0.8755 val_prec_macro=0.8540 val_rec_macro=0.8540 val_metric_name=acc val_metric=0.8771
Step 2700 | loss 0.0478 | val_acc=0.8791 val_loss=0.6267 val_f1_macro=0.8533 val_f1_weighted=0.8776 val_prec_macro=0.8550 val_rec_macro=0.8570 val_metric_name=acc val_metric=0.8791
Step 2750 | loss 0.0461 | val_acc=0.8784 val_loss=0.6307 val_f1_macro=0.8530 val_f1_weighted=0.8769 val_prec_macro=0.8555 val_rec_macro=0.8560 val_metric_name=acc val_metric=0.8784
Step 2800 | loss 0.0385 | val_acc=0.8784 val_loss=0.6350 val_f1_macro=0.8527 val_f1_weighted=0.8766 val_prec_macro=0.8554 val_rec_macro=0.8553 val_metric_name=acc val_metric=0.8784
Step 2850 | loss 0.0385 | val_acc=0.8787 val_loss=0.6386 val_f1_macro=0.8526 val_f1_weighted=0.8772 val_prec_macro=0.8556 val_rec_macro=0.8550 val_metric_name=acc val_metric=0.8787
Step 2900 | loss 0.0352 | val_acc=0.8789 val_loss=0.6391 val_f1_macro=0.8526 val_f1_weighted=0.8774 val_prec_macro=0.8545 val_rec_macro=0.8556 val_metric_name=acc val_metric=0.8789
Step 2950 | loss 0.0374 | val_acc=0.8789 val_loss=0.6461 val_f1_macro=0.8530 val_f1_weighted=0.8776 val_prec_macro=0.8545 val_rec_macro=0.8565 val_metric_name=acc val_metric=0.8789
Step 3000 | loss 0.0340 | val_acc=0.8789 val_loss=0.6517 val_f1_macro=0.8523 val_f1_weighted=0.8771 val_prec_macro=0.8548 val_rec_macro=0.8556 val_metric_name=acc val_metric=0.8789
Step 3050 | loss 0.0331 | val_acc=0.8787 val_loss=0.6533 val_f1_macro=0.8525 val_f1_weighted=0.8772 val_prec_macro=0.8543 val_rec_macro=0.8559 val_metric_name=acc val_metric=0.8787
Step 3100 | loss 0.0300 | val_acc=0.8793 val_loss=0.6567 val_f1_macro=0.8534 val_f1_weighted=0.8776 val_prec_macro=0.8558 val_rec_macro=0.8564 val_metric_name=acc val_metric=0.8793
Step 3150 | loss 0.0316 | val_acc=0.8798 val_loss=0.6615 val_f1_macro=0.8538 val_f1_weighted=0.8780 val_prec_macro=0.8566 val_rec_macro=0.8565 val_metric_name=acc val_metric=0.8798
Step 3200 | loss 0.0291 | val_acc=0.8803 val_loss=0.6634 val_f1_macro=0.8546 val_f1_weighted=0.8785 val_prec_macro=0.8585 val_rec_macro=0.8558 val_metric_name=acc val_metric=0.8803
Step 3250 | loss 0.0258 | val_acc=0.8789 val_loss=0.6696 val_f1_macro=0.8523 val_f1_weighted=0.8770 val_prec_macro=0.8548 val_rec_macro=0.8552 val_metric_name=acc val_metric=0.8789
Step 3300 | loss 0.0279 | val_acc=0.8789 val_loss=0.6747 val_f1_macro=0.8530 val_f1_weighted=0.8772 val_prec_macro=0.8559 val_rec_macro=0.8555 val_metric_name=acc val_metric=0.8789
Step 3350 | loss 0.0277 | val_acc=0.8798 val_loss=0.6724 val_f1_macro=0.8541 val_f1_weighted=0.8782 val_prec_macro=0.8562 val_rec_macro=0.8567 val_metric_name=acc val_metric=0.8798
Step 3400 | loss 0.0257 | val_acc=0.8812 val_loss=0.6763 val_f1_macro=0.8557 val_f1_weighted=0.8795 val_prec_macro=0.8598 val_rec_macro=0.8564 val_metric_name=acc val_metric=0.8812
Step 3450 | loss 0.0260 | val_acc=0.8808 val_loss=0.6817 val_f1_macro=0.8545 val_f1_weighted=0.8791 val_prec_macro=0.8590 val_rec_macro=0.8554 val_metric_name=acc val_metric=0.8808
Step 3500 | loss 0.0238 | val_acc=0.8800 val_loss=0.6853 val_f1_macro=0.8538 val_f1_weighted=0.8782 val_prec_macro=0.8578 val_rec_macro=0.8553 val_metric_name=acc val_metric=0.8800
Step 3550 | loss 0.0258 | val_acc=0.8824 val_loss=0.6857 val_f1_macro=0.8557 val_f1_weighted=0.8806 val_prec_macro=0.8607 val_rec_macro=0.8560 val_metric_name=acc val_metric=0.8824
Step 3600 | loss 0.0236 | val_acc=0.8814 val_loss=0.6877 val_f1_macro=0.8556 val_f1_weighted=0.8796 val_prec_macro=0.8598 val_rec_macro=0.8568 val_metric_name=acc val_metric=0.8814
Step 3650 | loss 0.0190 | val_acc=0.8833 val_loss=0.6859 val_f1_macro=0.8579 val_f1_weighted=0.8817 val_prec_macro=0.8619 val_rec_macro=0.8587 val_metric_name=acc val_metric=0.8833
Step 3700 | loss 0.0236 | val_acc=0.8819 val_loss=0.6932 val_f1_macro=0.8570 val_f1_weighted=0.8802 val_prec_macro=0.8604 val_rec_macro=0.8583 val_metric_name=acc val_metric=0.8819
Step 3750 | loss 0.0210 | val_acc=0.8828 val_loss=0.6990 val_f1_macro=0.8584 val_f1_weighted=0.8811 val_prec_macro=0.8617 val_rec_macro=0.8599 val_metric_name=acc val_metric=0.8828
Step 3800 | loss 0.0197 | val_acc=0.8814 val_loss=0.6984 val_f1_macro=0.8550 val_f1_weighted=0.8796 val_prec_macro=0.8593 val_rec_macro=0.8559 val_metric_name=acc val_metric=0.8814
Step 3850 | loss 0.0160 | val_acc=0.8812 val_loss=0.7037 val_f1_macro=0.8550 val_f1_weighted=0.8795 val_prec_macro=0.8584 val_rec_macro=0.8568 val_metric_name=acc val_metric=0.8812
Step 3900 | loss 0.0177 | val_acc=0.8805 val_loss=0.7092 val_f1_macro=0.8541 val_f1_weighted=0.8788 val_prec_macro=0.8580 val_rec_macro=0.8556 val_metric_name=acc val_metric=0.8805
Early stopping at step 3941

--- Final (best ckpt @ step 3640) ---
  train_acc=0.9998 train_loss=0.0005 train_f1_macro=0.9998 train_f1_weighted=0.9998 train_prec_macro=0.9999 train_rec_macro=0.9997 train_metric_name=acc train_metric=0.9998
  val_acc=0.8833 val_loss=0.6862 val_f1_macro=0.8582 val_f1_weighted=0.8817 val_prec_macro=0.8618 val_rec_macro=0.8594 val_metric_name=acc val_metric=0.8833
  test_acc=0.8878 test_loss=0.6267 test_f1_macro=0.8602 test_f1_weighted=0.8870 test_prec_macro=0.8617 test_rec_macro=0.8611 test_metric_name=acc test_metric=0.8878
  test_acc=0.8878
  >> num_layers=4 hidden_dim=256 lr=3e-05 best_step=4670 val_acc=0.8923 test_acc=0.8966
     val_acc=0.8923 val_f1_macro=0.8643 val_f1_weighted=0.8905 val_loss=0.7298 val_metric=0.8923 val_metric_name=acc val_prec_macro=0.8649 val_rec_macro=0.8671
     test_acc=0.8966 test_f1_macro=0.8683 test_f1_weighted=0.8956 test_loss=0.6572 test_metric=0.8966 test_metric_name=acc test_prec_macro=0.8716 test_rec_macro=0.8679
  >> num_layers=4 hidden_dim=256 lr=6e-05 best_step=2920 val_acc=0.8909 test_acc=0.8975
     val_acc=0.8909 val_f1_macro=0.8643 val_f1_weighted=0.8891 val_loss=0.7371 val_metric=0.8909 val_metric_name=acc val_prec_macro=0.8644 val_rec_macro=0.8673
     test_acc=0.8975 test_f1_macro=0.8695 test_f1_weighted=0.8963 test_loss=0.6691 test_metric=0.8975 test_metric_name=acc test_prec_macro=0.8732 test_rec_macro=0.8681
  >> num_layers=4 hidden_dim=256 lr=0.0001 best_step=2940 val_acc=0.8951 test_acc=0.8990
     val_acc=0.8951 val_f1_macro=0.8680 val_f1_weighted=0.8931 val_loss=0.7754 val_metric=0.8951 val_metric_name=acc val_prec_macro=0.8684 val_rec_macro=0.8705
     test_acc=0.8990 test_f1_macro=0.8703 test_f1_weighted=0.8978 test_loss=0.7152 test_metric=0.8990 test_metric_name=acc test_prec_macro=0.8727 test_rec_macro=0.8700
  >> num_layers=4 hidden_dim=256 lr=1e-05 best_step=4830 val_acc=0.8812 test_acc=0.8879
     val_acc=0.8812 val_f1_macro=0.8514 val_f1_weighted=0.8798 val_loss=0.5493 val_metric=0.8812 val_metric_name=acc val_prec_macro=0.8514 val_rec_macro=0.8545
     test_acc=0.8879 test_f1_macro=0.8586 test_f1_weighted=0.8872 test_loss=0.4959 test_metric=0.8879 test_metric_name=acc test_prec_macro=0.8607 test_rec_macro=0.8597
  >> num_layers=4 hidden_dim=384 lr=3e-05 best_step=4140 val_acc=0.8914 test_acc=0.8992
     val_acc=0.8914 val_f1_macro=0.8627 val_f1_weighted=0.8895 val_loss=0.8027 val_metric=0.8914 val_metric_name=acc val_prec_macro=0.8647 val_rec_macro=0.8636
     test_acc=0.8992 test_f1_macro=0.8691 test_f1_weighted=0.8982 test_loss=0.7112 test_metric=0.8992 test_metric_name=acc test_prec_macro=0.8720 test_rec_macro=0.8683
  >> num_layers=4 hidden_dim=384 lr=6e-05 best_step=2060 val_acc=0.8900 test_acc=0.8973
     val_acc=0.8900 val_f1_macro=0.8606 val_f1_weighted=0.8884 val_loss=0.7747 val_metric=0.8900 val_metric_name=acc val_prec_macro=0.8600 val_rec_macro=0.8641
     test_acc=0.8973 test_f1_macro=0.8688 test_f1_weighted=0.8963 test_loss=0.6975 test_metric=0.8973 test_metric_name=acc test_prec_macro=0.8705 test_rec_macro=0.8693
  >> num_layers=4 hidden_dim=384 lr=0.0001 best_step=1710 val_acc=0.8920 test_acc=0.8989
     val_acc=0.8920 val_f1_macro=0.8617 val_f1_weighted=0.8897 val_loss=0.8068 val_metric=0.8920 val_metric_name=acc val_prec_macro=0.8630 val_rec_macro=0.8647
     test_acc=0.8989 test_f1_macro=0.8679 test_f1_weighted=0.8977 test_loss=0.7361 test_metric=0.8989 test_metric_name=acc test_prec_macro=0.8707 test_rec_macro=0.8675
  >> num_layers=4 hidden_dim=384 lr=1e-05 best_step=4970 val_acc=0.8817 test_acc=0.8939
     val_acc=0.8817 val_f1_macro=0.8510 val_f1_weighted=0.8802 val_loss=0.6762 val_metric=0.8817 val_metric_name=acc val_prec_macro=0.8521 val_rec_macro=0.8536
     test_acc=0.8939 test_f1_macro=0.8656 test_f1_weighted=0.8934 test_loss=0.6050 test_metric=0.8939 test_metric_name=acc test_prec_macro=0.8684 test_rec_macro=0.8659
  >> num_layers=4 hidden_dim=512 lr=3e-05 best_step=2360 val_acc=0.8884 test_acc=0.8953
     val_acc=0.8884 val_f1_macro=0.8627 val_f1_weighted=0.8867 val_loss=0.7858 val_metric=0.8884 val_metric_name=acc val_prec_macro=0.8651 val_rec_macro=0.8641
     test_acc=0.8953 test_f1_macro=0.8683 test_f1_weighted=0.8944 test_loss=0.6972 test_metric=0.8953 test_metric_name=acc test_prec_macro=0.8708 test_rec_macro=0.8682
  >> num_layers=4 hidden_dim=512 lr=6e-05 best_step=1680 val_acc=0.8884 test_acc=0.8946
     val_acc=0.8884 val_f1_macro=0.8603 val_f1_weighted=0.8863 val_loss=0.8271 val_metric=0.8884 val_metric_name=acc val_prec_macro=0.8617 val_rec_macro=0.8630
     test_acc=0.8946 test_f1_macro=0.8676 test_f1_weighted=0.8935 test_loss=0.7264 test_metric=0.8946 test_metric_name=acc test_prec_macro=0.8698 test_rec_macro=0.8673
  >> num_layers=4 hidden_dim=512 lr=0.0001 best_step=860 val_acc=0.8865 test_acc=0.8946
     val_acc=0.8865 val_f1_macro=0.8583 val_f1_weighted=0.8843 val_loss=0.7772 val_metric=0.8865 val_metric_name=acc val_prec_macro=0.8613 val_rec_macro=0.8592
     test_acc=0.8946 test_f1_macro=0.8672 test_f1_weighted=0.8937 test_loss=0.6904 test_metric=0.8946 test_metric_name=acc test_prec_macro=0.8704 test_rec_macro=0.8657
  >> num_layers=4 hidden_dim=512 lr=1e-05 best_step=3640 val_acc=0.8833 test_acc=0.8878
     val_acc=0.8833 val_f1_macro=0.8582 val_f1_weighted=0.8817 val_loss=0.6862 val_metric=0.8833 val_metric_name=acc val_prec_macro=0.8618 val_rec_macro=0.8594
     test_acc=0.8878 test_f1_macro=0.8602 test_f1_weighted=0.8870 test_loss=0.6267 test_metric=0.8878 test_metric_name=acc test_prec_macro=0.8617 test_rec_macro=0.8611
  >> selected best (by val): num_layers=4 hidden_dim=256 lr=0.0001 val_acc=0.8951 test_acc=0.8990
     val_acc=0.8951 val_f1_macro=0.8680 val_f1_weighted=0.8931 val_loss=0.7754 val_metric=0.8951 val_metric_name=acc val_prec_macro=0.8684 val_rec_macro=0.8705
     test_acc=0.8990 test_f1_macro=0.8703 test_f1_weighted=0.8978 test_loss=0.7152 test_metric=0.8990 test_metric_name=acc test_prec_macro=0.8727 test_rec_macro=0.8700

Done. Results saved to /home/avshmelev/diploma_yandex_graphs/results_grid/roman_empire/base.csv, checkpoints in /home/avshmelev/diploma_yandex_graphs/all_checkpoints/roman_empire/base/
