Loading data...

============================================================
Training roman-empire GAT 5L h=256 lr=3e-05 split=6
============================================================
Training for 5000 steps
Step    1 | loss 3.0835 | val_acc=0.0609 val_loss=2.9809 val_f1_macro=0.0288 val_f1_weighted=0.0355 val_prec_macro=0.0612 val_rec_macro=0.0669 val_metric_name=acc val_metric=0.0609
Step   50 | loss 2.4298 | val_acc=0.2950 val_loss=2.3253 val_f1_macro=0.1092 val_f1_weighted=0.2317 val_prec_macro=0.1148 val_rec_macro=0.1360 val_metric_name=acc val_metric=0.2950
Step  100 | loss 2.0763 | val_acc=0.4090 val_loss=1.9472 val_f1_macro=0.2212 val_f1_weighted=0.3540 val_prec_macro=0.2498 val_rec_macro=0.2503 val_metric_name=acc val_metric=0.4090
Step  150 | loss 1.8044 | val_acc=0.4918 val_loss=1.6610 val_f1_macro=0.2955 val_f1_weighted=0.4342 val_prec_macro=0.3045 val_rec_macro=0.3301 val_metric_name=acc val_metric=0.4918
Step  200 | loss 1.6076 | val_acc=0.5352 val_loss=1.4715 val_f1_macro=0.3531 val_f1_weighted=0.4824 val_prec_macro=0.3799 val_rec_macro=0.3832 val_metric_name=acc val_metric=0.5352
Step  250 | loss 1.4655 | val_acc=0.5792 val_loss=1.3268 val_f1_macro=0.4210 val_f1_weighted=0.5362 val_prec_macro=0.4571 val_rec_macro=0.4499 val_metric_name=acc val_metric=0.5792
Step  300 | loss 1.3322 | val_acc=0.6132 val_loss=1.2163 val_f1_macro=0.4695 val_f1_weighted=0.5801 val_prec_macro=0.5170 val_rec_macro=0.4916 val_metric_name=acc val_metric=0.6132
Step  350 | loss 1.2243 | val_acc=0.6434 val_loss=1.1277 val_f1_macro=0.5160 val_f1_weighted=0.6174 val_prec_macro=0.5489 val_rec_macro=0.5342 val_metric_name=acc val_metric=0.6434
Step  400 | loss 1.1407 | val_acc=0.6674 val_loss=1.0519 val_f1_macro=0.5468 val_f1_weighted=0.6460 val_prec_macro=0.5716 val_rec_macro=0.5635 val_metric_name=acc val_metric=0.6674
Step  450 | loss 1.0580 | val_acc=0.6856 val_loss=0.9867 val_f1_macro=0.5730 val_f1_weighted=0.6681 val_prec_macro=0.5912 val_rec_macro=0.5878 val_metric_name=acc val_metric=0.6856
Step  500 | loss 0.9866 | val_acc=0.7034 val_loss=0.9320 val_f1_macro=0.6034 val_f1_weighted=0.6891 val_prec_macro=0.6183 val_rec_macro=0.6157 val_metric_name=acc val_metric=0.7034
Step  550 | loss 0.9212 | val_acc=0.7162 val_loss=0.8845 val_f1_macro=0.6234 val_f1_weighted=0.7033 val_prec_macro=0.6325 val_rec_macro=0.6368 val_metric_name=acc val_metric=0.7162
Step  600 | loss 0.8678 | val_acc=0.7278 val_loss=0.8472 val_f1_macro=0.6423 val_f1_weighted=0.7172 val_prec_macro=0.6476 val_rec_macro=0.6557 val_metric_name=acc val_metric=0.7278
Step  650 | loss 0.8215 | val_acc=0.7370 val_loss=0.8151 val_f1_macro=0.6588 val_f1_weighted=0.7282 val_prec_macro=0.6606 val_rec_macro=0.6720 val_metric_name=acc val_metric=0.7370
Step  700 | loss 0.7772 | val_acc=0.7430 val_loss=0.7888 val_f1_macro=0.6690 val_f1_weighted=0.7350 val_prec_macro=0.6686 val_rec_macro=0.6827 val_metric_name=acc val_metric=0.7430
Step  750 | loss 0.7386 | val_acc=0.7513 val_loss=0.7670 val_f1_macro=0.6823 val_f1_weighted=0.7440 val_prec_macro=0.6805 val_rec_macro=0.6956 val_metric_name=acc val_metric=0.7513
Step  800 | loss 0.6985 | val_acc=0.7569 val_loss=0.7466 val_f1_macro=0.6897 val_f1_weighted=0.7500 val_prec_macro=0.6863 val_rec_macro=0.7048 val_metric_name=acc val_metric=0.7569
Step  850 | loss 0.6715 | val_acc=0.7612 val_loss=0.7298 val_f1_macro=0.6959 val_f1_weighted=0.7551 val_prec_macro=0.6925 val_rec_macro=0.7098 val_metric_name=acc val_metric=0.7612
Step  900 | loss 0.6345 | val_acc=0.7684 val_loss=0.7137 val_f1_macro=0.7061 val_f1_weighted=0.7632 val_prec_macro=0.7040 val_rec_macro=0.7176 val_metric_name=acc val_metric=0.7684
Step  950 | loss 0.6052 | val_acc=0.7737 val_loss=0.7012 val_f1_macro=0.7098 val_f1_weighted=0.7682 val_prec_macro=0.7051 val_rec_macro=0.7237 val_metric_name=acc val_metric=0.7737
Step 1000 | loss 0.5837 | val_acc=0.7785 val_loss=0.6912 val_f1_macro=0.7162 val_f1_weighted=0.7736 val_prec_macro=0.7111 val_rec_macro=0.7299 val_metric_name=acc val_metric=0.7785
Step 1050 | loss 0.5520 | val_acc=0.7829 val_loss=0.6828 val_f1_macro=0.7225 val_f1_weighted=0.7782 val_prec_macro=0.7180 val_rec_macro=0.7361 val_metric_name=acc val_metric=0.7829
Step 1100 | loss 0.5329 | val_acc=0.7882 val_loss=0.6727 val_f1_macro=0.7287 val_f1_weighted=0.7837 val_prec_macro=0.7243 val_rec_macro=0.7421 val_metric_name=acc val_metric=0.7882
Step 1150 | loss 0.5058 | val_acc=0.7926 val_loss=0.6648 val_f1_macro=0.7358 val_f1_weighted=0.7881 val_prec_macro=0.7312 val_rec_macro=0.7482 val_metric_name=acc val_metric=0.7926
Step 1200 | loss 0.4839 | val_acc=0.7974 val_loss=0.6596 val_f1_macro=0.7405 val_f1_weighted=0.7934 val_prec_macro=0.7343 val_rec_macro=0.7543 val_metric_name=acc val_metric=0.7974
Step 1250 | loss 0.4706 | val_acc=0.7995 val_loss=0.6523 val_f1_macro=0.7455 val_f1_weighted=0.7961 val_prec_macro=0.7396 val_rec_macro=0.7578 val_metric_name=acc val_metric=0.7995
Step 1300 | loss 0.4494 | val_acc=0.8018 val_loss=0.6485 val_f1_macro=0.7468 val_f1_weighted=0.7982 val_prec_macro=0.7417 val_rec_macro=0.7586 val_metric_name=acc val_metric=0.8018
Step 1350 | loss 0.4313 | val_acc=0.8032 val_loss=0.6438 val_f1_macro=0.7485 val_f1_weighted=0.8000 val_prec_macro=0.7420 val_rec_macro=0.7612 val_metric_name=acc val_metric=0.8032
Step 1400 | loss 0.4124 | val_acc=0.8042 val_loss=0.6392 val_f1_macro=0.7500 val_f1_weighted=0.8013 val_prec_macro=0.7426 val_rec_macro=0.7632 val_metric_name=acc val_metric=0.8042
Step 1450 | loss 0.3919 | val_acc=0.8041 val_loss=0.6376 val_f1_macro=0.7511 val_f1_weighted=0.8010 val_prec_macro=0.7445 val_rec_macro=0.7637 val_metric_name=acc val_metric=0.8041
Step 1500 | loss 0.3827 | val_acc=0.8060 val_loss=0.6370 val_f1_macro=0.7525 val_f1_weighted=0.8033 val_prec_macro=0.7461 val_rec_macro=0.7654 val_metric_name=acc val_metric=0.8060
Step 1550 | loss 0.3559 | val_acc=0.8095 val_loss=0.6378 val_f1_macro=0.7563 val_f1_weighted=0.8065 val_prec_macro=0.7496 val_rec_macro=0.7702 val_metric_name=acc val_metric=0.8095
Step 1600 | loss 0.3456 | val_acc=0.8094 val_loss=0.6361 val_f1_macro=0.7573 val_f1_weighted=0.8068 val_prec_macro=0.7504 val_rec_macro=0.7698 val_metric_name=acc val_metric=0.8094
Step 1650 | loss 0.3329 | val_acc=0.8090 val_loss=0.6356 val_f1_macro=0.7573 val_f1_weighted=0.8066 val_prec_macro=0.7498 val_rec_macro=0.7709 val_metric_name=acc val_metric=0.8090
Step 1700 | loss 0.3179 | val_acc=0.8117 val_loss=0.6367 val_f1_macro=0.7598 val_f1_weighted=0.8091 val_prec_macro=0.7515 val_rec_macro=0.7741 val_metric_name=acc val_metric=0.8117
Step 1750 | loss 0.3022 | val_acc=0.8131 val_loss=0.6371 val_f1_macro=0.7624 val_f1_weighted=0.8108 val_prec_macro=0.7546 val_rec_macro=0.7755 val_metric_name=acc val_metric=0.8131
Step 1800 | loss 0.2905 | val_acc=0.8143 val_loss=0.6384 val_f1_macro=0.7643 val_f1_weighted=0.8115 val_prec_macro=0.7580 val_rec_macro=0.7755 val_metric_name=acc val_metric=0.8143
Step 1850 | loss 0.2839 | val_acc=0.8145 val_loss=0.6424 val_f1_macro=0.7664 val_f1_weighted=0.8124 val_prec_macro=0.7598 val_rec_macro=0.7780 val_metric_name=acc val_metric=0.8145
Step 1900 | loss 0.2725 | val_acc=0.8148 val_loss=0.6424 val_f1_macro=0.7676 val_f1_weighted=0.8128 val_prec_macro=0.7599 val_rec_macro=0.7806 val_metric_name=acc val_metric=0.8148
Step 1950 | loss 0.2720 | val_acc=0.8166 val_loss=0.6458 val_f1_macro=0.7695 val_f1_weighted=0.8145 val_prec_macro=0.7630 val_rec_macro=0.7808 val_metric_name=acc val_metric=0.8166
Step 2000 | loss 0.2596 | val_acc=0.8164 val_loss=0.6473 val_f1_macro=0.7692 val_f1_weighted=0.8146 val_prec_macro=0.7629 val_rec_macro=0.7799 val_metric_name=acc val_metric=0.8164
Step 2050 | loss 0.2471 | val_acc=0.8169 val_loss=0.6502 val_f1_macro=0.7699 val_f1_weighted=0.8147 val_prec_macro=0.7632 val_rec_macro=0.7817 val_metric_name=acc val_metric=0.8169
Step 2100 | loss 0.2405 | val_acc=0.8185 val_loss=0.6543 val_f1_macro=0.7714 val_f1_weighted=0.8164 val_prec_macro=0.7642 val_rec_macro=0.7837 val_metric_name=acc val_metric=0.8185
Step 2150 | loss 0.2301 | val_acc=0.8187 val_loss=0.6577 val_f1_macro=0.7726 val_f1_weighted=0.8168 val_prec_macro=0.7659 val_rec_macro=0.7838 val_metric_name=acc val_metric=0.8187
Step 2200 | loss 0.2130 | val_acc=0.8199 val_loss=0.6586 val_f1_macro=0.7743 val_f1_weighted=0.8178 val_prec_macro=0.7665 val_rec_macro=0.7865 val_metric_name=acc val_metric=0.8199
Step 2250 | loss 0.2104 | val_acc=0.8212 val_loss=0.6619 val_f1_macro=0.7766 val_f1_weighted=0.8187 val_prec_macro=0.7691 val_rec_macro=0.7881 val_metric_name=acc val_metric=0.8212
Step 2300 | loss 0.2071 | val_acc=0.8212 val_loss=0.6645 val_f1_macro=0.7759 val_f1_weighted=0.8190 val_prec_macro=0.7690 val_rec_macro=0.7874 val_metric_name=acc val_metric=0.8212
Step 2350 | loss 0.1948 | val_acc=0.8207 val_loss=0.6689 val_f1_macro=0.7740 val_f1_weighted=0.8186 val_prec_macro=0.7666 val_rec_macro=0.7855 val_metric_name=acc val_metric=0.8207
Step 2400 | loss 0.1933 | val_acc=0.8210 val_loss=0.6724 val_f1_macro=0.7759 val_f1_weighted=0.8190 val_prec_macro=0.7676 val_rec_macro=0.7885 val_metric_name=acc val_metric=0.8210
Step 2450 | loss 0.1872 | val_acc=0.8215 val_loss=0.6747 val_f1_macro=0.7761 val_f1_weighted=0.8196 val_prec_macro=0.7697 val_rec_macro=0.7862 val_metric_name=acc val_metric=0.8215
Step 2500 | loss 0.1884 | val_acc=0.8214 val_loss=0.6781 val_f1_macro=0.7768 val_f1_weighted=0.8197 val_prec_macro=0.7696 val_rec_macro=0.7877 val_metric_name=acc val_metric=0.8214
Step 2550 | loss 0.1738 | val_acc=0.8221 val_loss=0.6798 val_f1_macro=0.7766 val_f1_weighted=0.8203 val_prec_macro=0.7700 val_rec_macro=0.7864 val_metric_name=acc val_metric=0.8221
Step 2600 | loss 0.1664 | val_acc=0.8242 val_loss=0.6851 val_f1_macro=0.7808 val_f1_weighted=0.8225 val_prec_macro=0.7732 val_rec_macro=0.7918 val_metric_name=acc val_metric=0.8242
Step 2650 | loss 0.1633 | val_acc=0.8245 val_loss=0.6877 val_f1_macro=0.7821 val_f1_weighted=0.8234 val_prec_macro=0.7739 val_rec_macro=0.7938 val_metric_name=acc val_metric=0.8245
Step 2700 | loss 0.1571 | val_acc=0.8254 val_loss=0.6913 val_f1_macro=0.7835 val_f1_weighted=0.8242 val_prec_macro=0.7754 val_rec_macro=0.7951 val_metric_name=acc val_metric=0.8254
Step 2750 | loss 0.1536 | val_acc=0.8267 val_loss=0.6927 val_f1_macro=0.7842 val_f1_weighted=0.8250 val_prec_macro=0.7766 val_rec_macro=0.7948 val_metric_name=acc val_metric=0.8267
Step 2800 | loss 0.1510 | val_acc=0.8259 val_loss=0.6997 val_f1_macro=0.7850 val_f1_weighted=0.8245 val_prec_macro=0.7769 val_rec_macro=0.7965 val_metric_name=acc val_metric=0.8259
Step 2850 | loss 0.1436 | val_acc=0.8279 val_loss=0.7016 val_f1_macro=0.7857 val_f1_weighted=0.8261 val_prec_macro=0.7766 val_rec_macro=0.7985 val_metric_name=acc val_metric=0.8279
Step 2900 | loss 0.1422 | val_acc=0.8258 val_loss=0.7058 val_f1_macro=0.7840 val_f1_weighted=0.8243 val_prec_macro=0.7754 val_rec_macro=0.7961 val_metric_name=acc val_metric=0.8258
Step 2950 | loss 0.1345 | val_acc=0.8277 val_loss=0.7070 val_f1_macro=0.7861 val_f1_weighted=0.8262 val_prec_macro=0.7778 val_rec_macro=0.7975 val_metric_name=acc val_metric=0.8277
Step 3000 | loss 0.1290 | val_acc=0.8282 val_loss=0.7087 val_f1_macro=0.7877 val_f1_weighted=0.8267 val_prec_macro=0.7805 val_rec_macro=0.7981 val_metric_name=acc val_metric=0.8282
Step 3050 | loss 0.1306 | val_acc=0.8281 val_loss=0.7144 val_f1_macro=0.7870 val_f1_weighted=0.8268 val_prec_macro=0.7782 val_rec_macro=0.7989 val_metric_name=acc val_metric=0.8281
Step 3100 | loss 0.1222 | val_acc=0.8295 val_loss=0.7159 val_f1_macro=0.7893 val_f1_weighted=0.8282 val_prec_macro=0.7814 val_rec_macro=0.8001 val_metric_name=acc val_metric=0.8295
Step 3150 | loss 0.1216 | val_acc=0.8291 val_loss=0.7183 val_f1_macro=0.7872 val_f1_weighted=0.8278 val_prec_macro=0.7790 val_rec_macro=0.7984 val_metric_name=acc val_metric=0.8291
Step 3200 | loss 0.1242 | val_acc=0.8284 val_loss=0.7268 val_f1_macro=0.7881 val_f1_weighted=0.8269 val_prec_macro=0.7787 val_rec_macro=0.8007 val_metric_name=acc val_metric=0.8284
Step 3250 | loss 0.1131 | val_acc=0.8318 val_loss=0.7239 val_f1_macro=0.7921 val_f1_weighted=0.8307 val_prec_macro=0.7864 val_rec_macro=0.8002 val_metric_name=acc val_metric=0.8318
Step 3300 | loss 0.1192 | val_acc=0.8288 val_loss=0.7291 val_f1_macro=0.7892 val_f1_weighted=0.8276 val_prec_macro=0.7818 val_rec_macro=0.7994 val_metric_name=acc val_metric=0.8288
Step 3350 | loss 0.1088 | val_acc=0.8318 val_loss=0.7289 val_f1_macro=0.7913 val_f1_weighted=0.8306 val_prec_macro=0.7848 val_rec_macro=0.8003 val_metric_name=acc val_metric=0.8318
Step 3400 | loss 0.1025 | val_acc=0.8286 val_loss=0.7404 val_f1_macro=0.7876 val_f1_weighted=0.8277 val_prec_macro=0.7795 val_rec_macro=0.7985 val_metric_name=acc val_metric=0.8286
Step 3450 | loss 0.1073 | val_acc=0.8314 val_loss=0.7364 val_f1_macro=0.7914 val_f1_weighted=0.8305 val_prec_macro=0.7839 val_rec_macro=0.8012 val_metric_name=acc val_metric=0.8314
Step 3500 | loss 0.0996 | val_acc=0.8302 val_loss=0.7427 val_f1_macro=0.7913 val_f1_weighted=0.8291 val_prec_macro=0.7835 val_rec_macro=0.8015 val_metric_name=acc val_metric=0.8302
Step 3550 | loss 0.1004 | val_acc=0.8342 val_loss=0.7422 val_f1_macro=0.7961 val_f1_weighted=0.8330 val_prec_macro=0.7890 val_rec_macro=0.8053 val_metric_name=acc val_metric=0.8342
Step 3600 | loss 0.0960 | val_acc=0.8321 val_loss=0.7479 val_f1_macro=0.7924 val_f1_weighted=0.8306 val_prec_macro=0.7858 val_rec_macro=0.8014 val_metric_name=acc val_metric=0.8321
Step 3650 | loss 0.0960 | val_acc=0.8337 val_loss=0.7511 val_f1_macro=0.7950 val_f1_weighted=0.8325 val_prec_macro=0.7880 val_rec_macro=0.8043 val_metric_name=acc val_metric=0.8337
Step 3700 | loss 0.0895 | val_acc=0.8335 val_loss=0.7562 val_f1_macro=0.7940 val_f1_weighted=0.8323 val_prec_macro=0.7855 val_rec_macro=0.8052 val_metric_name=acc val_metric=0.8335
Step 3750 | loss 0.0915 | val_acc=0.8358 val_loss=0.7570 val_f1_macro=0.7973 val_f1_weighted=0.8346 val_prec_macro=0.7911 val_rec_macro=0.8056 val_metric_name=acc val_metric=0.8358
Step 3800 | loss 0.0883 | val_acc=0.8344 val_loss=0.7575 val_f1_macro=0.7950 val_f1_weighted=0.8334 val_prec_macro=0.7877 val_rec_macro=0.8047 val_metric_name=acc val_metric=0.8344
Step 3850 | loss 0.0905 | val_acc=0.8353 val_loss=0.7585 val_f1_macro=0.7974 val_f1_weighted=0.8345 val_prec_macro=0.7912 val_rec_macro=0.8057 val_metric_name=acc val_metric=0.8353
Step 3900 | loss 0.0836 | val_acc=0.8367 val_loss=0.7613 val_f1_macro=0.7993 val_f1_weighted=0.8356 val_prec_macro=0.7932 val_rec_macro=0.8078 val_metric_name=acc val_metric=0.8367
Step 3950 | loss 0.0829 | val_acc=0.8378 val_loss=0.7678 val_f1_macro=0.7988 val_f1_weighted=0.8366 val_prec_macro=0.7913 val_rec_macro=0.8086 val_metric_name=acc val_metric=0.8378
Step 4000 | loss 0.0790 | val_acc=0.8355 val_loss=0.7700 val_f1_macro=0.7982 val_f1_weighted=0.8346 val_prec_macro=0.7918 val_rec_macro=0.8068 val_metric_name=acc val_metric=0.8355
Step 4050 | loss 0.0816 | val_acc=0.8355 val_loss=0.7738 val_f1_macro=0.7982 val_f1_weighted=0.8345 val_prec_macro=0.7919 val_rec_macro=0.8069 val_metric_name=acc val_metric=0.8355
Step 4100 | loss 0.0758 | val_acc=0.8364 val_loss=0.7737 val_f1_macro=0.7990 val_f1_weighted=0.8351 val_prec_macro=0.7930 val_rec_macro=0.8074 val_metric_name=acc val_metric=0.8364
Step 4150 | loss 0.0801 | val_acc=0.8369 val_loss=0.7761 val_f1_macro=0.7985 val_f1_weighted=0.8358 val_prec_macro=0.7931 val_rec_macro=0.8060 val_metric_name=acc val_metric=0.8369
Step 4200 | loss 0.0741 | val_acc=0.8376 val_loss=0.7820 val_f1_macro=0.7992 val_f1_weighted=0.8363 val_prec_macro=0.7932 val_rec_macro=0.8073 val_metric_name=acc val_metric=0.8376
Step 4250 | loss 0.0733 | val_acc=0.8376 val_loss=0.7883 val_f1_macro=0.7995 val_f1_weighted=0.8363 val_prec_macro=0.7919 val_rec_macro=0.8099 val_metric_name=acc val_metric=0.8376
Step 4300 | loss 0.0771 | val_acc=0.8367 val_loss=0.7865 val_f1_macro=0.7973 val_f1_weighted=0.8355 val_prec_macro=0.7900 val_rec_macro=0.8068 val_metric_name=acc val_metric=0.8367
Step 4350 | loss 0.0721 | val_acc=0.8374 val_loss=0.7901 val_f1_macro=0.7975 val_f1_weighted=0.8361 val_prec_macro=0.7911 val_rec_macro=0.8059 val_metric_name=acc val_metric=0.8374
Step 4400 | loss 0.0709 | val_acc=0.8385 val_loss=0.7930 val_f1_macro=0.8005 val_f1_weighted=0.8371 val_prec_macro=0.7939 val_rec_macro=0.8092 val_metric_name=acc val_metric=0.8385
Step 4450 | loss 0.0673 | val_acc=0.8371 val_loss=0.7947 val_f1_macro=0.7990 val_f1_weighted=0.8358 val_prec_macro=0.7926 val_rec_macro=0.8073 val_metric_name=acc val_metric=0.8371
Step 4500 | loss 0.0715 | val_acc=0.8381 val_loss=0.7965 val_f1_macro=0.8000 val_f1_weighted=0.8369 val_prec_macro=0.7944 val_rec_macro=0.8076 val_metric_name=acc val_metric=0.8381
Step 4550 | loss 0.0641 | val_acc=0.8383 val_loss=0.7985 val_f1_macro=0.7999 val_f1_weighted=0.8372 val_prec_macro=0.7928 val_rec_macro=0.8093 val_metric_name=acc val_metric=0.8383
Step 4600 | loss 0.0600 | val_acc=0.8381 val_loss=0.8045 val_f1_macro=0.8003 val_f1_weighted=0.8369 val_prec_macro=0.7931 val_rec_macro=0.8097 val_metric_name=acc val_metric=0.8381
Step 4650 | loss 0.0608 | val_acc=0.8380 val_loss=0.8003 val_f1_macro=0.8004 val_f1_weighted=0.8370 val_prec_macro=0.7951 val_rec_macro=0.8075 val_metric_name=acc val_metric=0.8380
Step 4700 | loss 0.0604 | val_acc=0.8385 val_loss=0.8051 val_f1_macro=0.8021 val_f1_weighted=0.8375 val_prec_macro=0.7956 val_rec_macro=0.8107 val_metric_name=acc val_metric=0.8385
Step 4750 | loss 0.0568 | val_acc=0.8383 val_loss=0.8089 val_f1_macro=0.8008 val_f1_weighted=0.8370 val_prec_macro=0.7949 val_rec_macro=0.8086 val_metric_name=acc val_metric=0.8383
Step 4800 | loss 0.0624 | val_acc=0.8385 val_loss=0.8129 val_f1_macro=0.8014 val_f1_weighted=0.8371 val_prec_macro=0.7953 val_rec_macro=0.8096 val_metric_name=acc val_metric=0.8385
Step 4850 | loss 0.0637 | val_acc=0.8411 val_loss=0.8138 val_f1_macro=0.8040 val_f1_weighted=0.8397 val_prec_macro=0.7978 val_rec_macro=0.8122 val_metric_name=acc val_metric=0.8411
Step 4900 | loss 0.0585 | val_acc=0.8406 val_loss=0.8170 val_f1_macro=0.8022 val_f1_weighted=0.8392 val_prec_macro=0.7956 val_rec_macro=0.8111 val_metric_name=acc val_metric=0.8406
Step 4950 | loss 0.0570 | val_acc=0.8406 val_loss=0.8170 val_f1_macro=0.8048 val_f1_weighted=0.8396 val_prec_macro=0.7997 val_rec_macro=0.8114 val_metric_name=acc val_metric=0.8406
Step 5000 | loss 0.0554 | val_acc=0.8392 val_loss=0.8234 val_f1_macro=0.8017 val_f1_weighted=0.8377 val_prec_macro=0.7960 val_rec_macro=0.8091 val_metric_name=acc val_metric=0.8392

--- Final (best ckpt @ step 4860) ---
  train_acc=1.0000 train_loss=0.0018 train_f1_macro=1.0000 train_f1_weighted=1.0000 train_prec_macro=1.0000 train_rec_macro=1.0000 train_metric_name=acc train_metric=1.0000
  val_acc=0.8417 val_loss=0.8140 val_f1_macro=0.8044 val_f1_weighted=0.8403 val_prec_macro=0.7979 val_rec_macro=0.8128 val_metric_name=acc val_metric=0.8417
  test_acc=0.8495 test_loss=0.7586 test_f1_macro=0.8108 test_f1_weighted=0.8475 test_prec_macro=0.8060 test_rec_macro=0.8191 test_metric_name=acc test_metric=0.8495
  test_acc=0.8495

============================================================
Training roman-empire GAT 5L h=256 lr=6e-05 split=6
============================================================
Training for 5000 steps
Step    1 | loss 3.0835 | val_acc=0.0902 val_loss=2.8767 val_f1_macro=0.0375 val_f1_weighted=0.0600 val_prec_macro=0.0390 val_rec_macro=0.0674 val_metric_name=acc val_metric=0.0902
Step   50 | loss 2.1654 | val_acc=0.3703 val_loss=2.0557 val_f1_macro=0.1917 val_f1_weighted=0.3209 val_prec_macro=0.2048 val_rec_macro=0.2151 val_metric_name=acc val_metric=0.3703
Step  100 | loss 1.6835 | val_acc=0.5222 val_loss=1.5509 val_f1_macro=0.3271 val_f1_weighted=0.4664 val_prec_macro=0.3534 val_rec_macro=0.3629 val_metric_name=acc val_metric=0.5222
Step  150 | loss 1.3994 | val_acc=0.5968 val_loss=1.2713 val_f1_macro=0.4456 val_f1_weighted=0.5589 val_prec_macro=0.4879 val_rec_macro=0.4720 val_metric_name=acc val_metric=0.5968
Step  200 | loss 1.1942 | val_acc=0.6526 val_loss=1.1033 val_f1_macro=0.5271 val_f1_weighted=0.6291 val_prec_macro=0.5555 val_rec_macro=0.5447 val_metric_name=acc val_metric=0.6526
Step  250 | loss 1.0449 | val_acc=0.6888 val_loss=0.9768 val_f1_macro=0.5792 val_f1_weighted=0.6720 val_prec_macro=0.5982 val_rec_macro=0.5929 val_metric_name=acc val_metric=0.6888
Step  300 | loss 0.9108 | val_acc=0.7186 val_loss=0.8794 val_f1_macro=0.6259 val_f1_weighted=0.7065 val_prec_macro=0.6352 val_rec_macro=0.6381 val_metric_name=acc val_metric=0.7186
Step  350 | loss 0.8170 | val_acc=0.7382 val_loss=0.8136 val_f1_macro=0.6610 val_f1_weighted=0.7293 val_prec_macro=0.6628 val_rec_macro=0.6737 val_metric_name=acc val_metric=0.7382
Step  400 | loss 0.7398 | val_acc=0.7516 val_loss=0.7673 val_f1_macro=0.6808 val_f1_weighted=0.7437 val_prec_macro=0.6804 val_rec_macro=0.6950 val_metric_name=acc val_metric=0.7516
Step  450 | loss 0.6716 | val_acc=0.7619 val_loss=0.7305 val_f1_macro=0.6964 val_f1_weighted=0.7556 val_prec_macro=0.6920 val_rec_macro=0.7116 val_metric_name=acc val_metric=0.7619
Step  500 | loss 0.6074 | val_acc=0.7723 val_loss=0.7021 val_f1_macro=0.7112 val_f1_weighted=0.7672 val_prec_macro=0.7072 val_rec_macro=0.7242 val_metric_name=acc val_metric=0.7723
Step  550 | loss 0.5596 | val_acc=0.7809 val_loss=0.6808 val_f1_macro=0.7214 val_f1_weighted=0.7761 val_prec_macro=0.7156 val_rec_macro=0.7351 val_metric_name=acc val_metric=0.7809
Step  600 | loss 0.5156 | val_acc=0.7885 val_loss=0.6662 val_f1_macro=0.7311 val_f1_weighted=0.7848 val_prec_macro=0.7248 val_rec_macro=0.7458 val_metric_name=acc val_metric=0.7885
Step  650 | loss 0.4749 | val_acc=0.7977 val_loss=0.6512 val_f1_macro=0.7429 val_f1_weighted=0.7943 val_prec_macro=0.7378 val_rec_macro=0.7548 val_metric_name=acc val_metric=0.7977
Step  700 | loss 0.4364 | val_acc=0.8011 val_loss=0.6448 val_f1_macro=0.7470 val_f1_weighted=0.7978 val_prec_macro=0.7407 val_rec_macro=0.7606 val_metric_name=acc val_metric=0.8011
Step  750 | loss 0.4010 | val_acc=0.8026 val_loss=0.6409 val_f1_macro=0.7521 val_f1_weighted=0.8000 val_prec_macro=0.7448 val_rec_macro=0.7659 val_metric_name=acc val_metric=0.8026
Step  800 | loss 0.3734 | val_acc=0.8064 val_loss=0.6386 val_f1_macro=0.7573 val_f1_weighted=0.8039 val_prec_macro=0.7493 val_rec_macro=0.7718 val_metric_name=acc val_metric=0.8064
Step  850 | loss 0.3450 | val_acc=0.8067 val_loss=0.6350 val_f1_macro=0.7579 val_f1_weighted=0.8047 val_prec_macro=0.7492 val_rec_macro=0.7725 val_metric_name=acc val_metric=0.8067
Step  900 | loss 0.3243 | val_acc=0.8127 val_loss=0.6351 val_f1_macro=0.7638 val_f1_weighted=0.8103 val_prec_macro=0.7550 val_rec_macro=0.7783 val_metric_name=acc val_metric=0.8127
Step  950 | loss 0.2961 | val_acc=0.8147 val_loss=0.6356 val_f1_macro=0.7666 val_f1_weighted=0.8125 val_prec_macro=0.7589 val_rec_macro=0.7799 val_metric_name=acc val_metric=0.8147
Step 1000 | loss 0.2833 | val_acc=0.8159 val_loss=0.6374 val_f1_macro=0.7691 val_f1_weighted=0.8137 val_prec_macro=0.7622 val_rec_macro=0.7817 val_metric_name=acc val_metric=0.8159
Step 1050 | loss 0.2501 | val_acc=0.8191 val_loss=0.6387 val_f1_macro=0.7718 val_f1_weighted=0.8171 val_prec_macro=0.7646 val_rec_macro=0.7837 val_metric_name=acc val_metric=0.8191
Step 1100 | loss 0.2444 | val_acc=0.8169 val_loss=0.6486 val_f1_macro=0.7698 val_f1_weighted=0.8151 val_prec_macro=0.7621 val_rec_macro=0.7827 val_metric_name=acc val_metric=0.8169
Step 1150 | loss 0.2260 | val_acc=0.8191 val_loss=0.6466 val_f1_macro=0.7721 val_f1_weighted=0.8168 val_prec_macro=0.7649 val_rec_macro=0.7839 val_metric_name=acc val_metric=0.8191
Step 1200 | loss 0.2128 | val_acc=0.8187 val_loss=0.6578 val_f1_macro=0.7715 val_f1_weighted=0.8167 val_prec_macro=0.7634 val_rec_macro=0.7845 val_metric_name=acc val_metric=0.8187
Step 1250 | loss 0.1984 | val_acc=0.8208 val_loss=0.6609 val_f1_macro=0.7741 val_f1_weighted=0.8185 val_prec_macro=0.7654 val_rec_macro=0.7876 val_metric_name=acc val_metric=0.8208
Step 1300 | loss 0.1952 | val_acc=0.8219 val_loss=0.6620 val_f1_macro=0.7773 val_f1_weighted=0.8202 val_prec_macro=0.7700 val_rec_macro=0.7887 val_metric_name=acc val_metric=0.8219
Step 1350 | loss 0.1782 | val_acc=0.8235 val_loss=0.6660 val_f1_macro=0.7785 val_f1_weighted=0.8220 val_prec_macro=0.7705 val_rec_macro=0.7908 val_metric_name=acc val_metric=0.8235
Step 1400 | loss 0.1657 | val_acc=0.8259 val_loss=0.6727 val_f1_macro=0.7827 val_f1_weighted=0.8243 val_prec_macro=0.7754 val_rec_macro=0.7937 val_metric_name=acc val_metric=0.8259
Step 1450 | loss 0.1502 | val_acc=0.8254 val_loss=0.6829 val_f1_macro=0.7840 val_f1_weighted=0.8238 val_prec_macro=0.7761 val_rec_macro=0.7958 val_metric_name=acc val_metric=0.8254
Step 1500 | loss 0.1477 | val_acc=0.8274 val_loss=0.6902 val_f1_macro=0.7852 val_f1_weighted=0.8258 val_prec_macro=0.7772 val_rec_macro=0.7970 val_metric_name=acc val_metric=0.8274
Step 1550 | loss 0.1343 | val_acc=0.8291 val_loss=0.6951 val_f1_macro=0.7869 val_f1_weighted=0.8274 val_prec_macro=0.7802 val_rec_macro=0.7973 val_metric_name=acc val_metric=0.8291
Step 1600 | loss 0.1287 | val_acc=0.8304 val_loss=0.7022 val_f1_macro=0.7894 val_f1_weighted=0.8289 val_prec_macro=0.7824 val_rec_macro=0.7993 val_metric_name=acc val_metric=0.8304
Step 1650 | loss 0.1253 | val_acc=0.8281 val_loss=0.7105 val_f1_macro=0.7884 val_f1_weighted=0.8269 val_prec_macro=0.7793 val_rec_macro=0.8017 val_metric_name=acc val_metric=0.8281
Step 1700 | loss 0.1153 | val_acc=0.8311 val_loss=0.7143 val_f1_macro=0.7913 val_f1_weighted=0.8295 val_prec_macro=0.7839 val_rec_macro=0.8024 val_metric_name=acc val_metric=0.8311
Step 1750 | loss 0.1098 | val_acc=0.8309 val_loss=0.7196 val_f1_macro=0.7936 val_f1_weighted=0.8297 val_prec_macro=0.7840 val_rec_macro=0.8067 val_metric_name=acc val_metric=0.8309
Step 1800 | loss 0.0993 | val_acc=0.8309 val_loss=0.7259 val_f1_macro=0.7914 val_f1_weighted=0.8294 val_prec_macro=0.7840 val_rec_macro=0.8017 val_metric_name=acc val_metric=0.8309
Step 1850 | loss 0.0994 | val_acc=0.8311 val_loss=0.7297 val_f1_macro=0.7914 val_f1_weighted=0.8299 val_prec_macro=0.7845 val_rec_macro=0.8012 val_metric_name=acc val_metric=0.8311
Step 1900 | loss 0.0966 | val_acc=0.8350 val_loss=0.7344 val_f1_macro=0.7972 val_f1_weighted=0.8334 val_prec_macro=0.7901 val_rec_macro=0.8075 val_metric_name=acc val_metric=0.8350
Step 1950 | loss 0.1015 | val_acc=0.8353 val_loss=0.7411 val_f1_macro=0.7963 val_f1_weighted=0.8337 val_prec_macro=0.7887 val_rec_macro=0.8068 val_metric_name=acc val_metric=0.8353
Step 2000 | loss 0.0937 | val_acc=0.8351 val_loss=0.7500 val_f1_macro=0.7959 val_f1_weighted=0.8335 val_prec_macro=0.7867 val_rec_macro=0.8085 val_metric_name=acc val_metric=0.8351
Step 2050 | loss 0.0897 | val_acc=0.8337 val_loss=0.7558 val_f1_macro=0.7940 val_f1_weighted=0.8323 val_prec_macro=0.7844 val_rec_macro=0.8067 val_metric_name=acc val_metric=0.8337
Step 2100 | loss 0.0831 | val_acc=0.8351 val_loss=0.7613 val_f1_macro=0.7959 val_f1_weighted=0.8338 val_prec_macro=0.7862 val_rec_macro=0.8093 val_metric_name=acc val_metric=0.8351
Step 2150 | loss 0.0823 | val_acc=0.8360 val_loss=0.7638 val_f1_macro=0.7971 val_f1_weighted=0.8346 val_prec_macro=0.7887 val_rec_macro=0.8084 val_metric_name=acc val_metric=0.8360
Step 2200 | loss 0.0754 | val_acc=0.8381 val_loss=0.7687 val_f1_macro=0.7993 val_f1_weighted=0.8363 val_prec_macro=0.7889 val_rec_macro=0.8130 val_metric_name=acc val_metric=0.8381
Step 2250 | loss 0.0740 | val_acc=0.8367 val_loss=0.7764 val_f1_macro=0.7982 val_f1_weighted=0.8349 val_prec_macro=0.7892 val_rec_macro=0.8103 val_metric_name=acc val_metric=0.8367
Step 2300 | loss 0.0728 | val_acc=0.8369 val_loss=0.7736 val_f1_macro=0.7993 val_f1_weighted=0.8357 val_prec_macro=0.7916 val_rec_macro=0.8096 val_metric_name=acc val_metric=0.8369
Step 2350 | loss 0.0648 | val_acc=0.8372 val_loss=0.7804 val_f1_macro=0.7996 val_f1_weighted=0.8360 val_prec_macro=0.7930 val_rec_macro=0.8086 val_metric_name=acc val_metric=0.8372
Step 2400 | loss 0.0675 | val_acc=0.8399 val_loss=0.7910 val_f1_macro=0.8033 val_f1_weighted=0.8384 val_prec_macro=0.7956 val_rec_macro=0.8133 val_metric_name=acc val_metric=0.8399
Step 2450 | loss 0.0664 | val_acc=0.8378 val_loss=0.7889 val_f1_macro=0.7983 val_f1_weighted=0.8363 val_prec_macro=0.7910 val_rec_macro=0.8081 val_metric_name=acc val_metric=0.8378
Step 2500 | loss 0.0641 | val_acc=0.8376 val_loss=0.7961 val_f1_macro=0.7996 val_f1_weighted=0.8361 val_prec_macro=0.7919 val_rec_macro=0.8099 val_metric_name=acc val_metric=0.8376
Step 2550 | loss 0.0593 | val_acc=0.8395 val_loss=0.7933 val_f1_macro=0.8021 val_f1_weighted=0.8381 val_prec_macro=0.7953 val_rec_macro=0.8109 val_metric_name=acc val_metric=0.8395
Step 2600 | loss 0.0595 | val_acc=0.8411 val_loss=0.7987 val_f1_macro=0.8049 val_f1_weighted=0.8400 val_prec_macro=0.7985 val_rec_macro=0.8135 val_metric_name=acc val_metric=0.8411
Step 2650 | loss 0.0550 | val_acc=0.8401 val_loss=0.8041 val_f1_macro=0.8023 val_f1_weighted=0.8393 val_prec_macro=0.7946 val_rec_macro=0.8122 val_metric_name=acc val_metric=0.8401
Step 2700 | loss 0.0523 | val_acc=0.8410 val_loss=0.8098 val_f1_macro=0.8034 val_f1_weighted=0.8400 val_prec_macro=0.7959 val_rec_macro=0.8131 val_metric_name=acc val_metric=0.8410
Step 2750 | loss 0.0522 | val_acc=0.8420 val_loss=0.8104 val_f1_macro=0.8061 val_f1_weighted=0.8407 val_prec_macro=0.7986 val_rec_macro=0.8154 val_metric_name=acc val_metric=0.8420
Step 2800 | loss 0.0535 | val_acc=0.8408 val_loss=0.8152 val_f1_macro=0.8044 val_f1_weighted=0.8393 val_prec_macro=0.7976 val_rec_macro=0.8134 val_metric_name=acc val_metric=0.8408
Step 2850 | loss 0.0495 | val_acc=0.8427 val_loss=0.8206 val_f1_macro=0.8079 val_f1_weighted=0.8412 val_prec_macro=0.7999 val_rec_macro=0.8180 val_metric_name=acc val_metric=0.8427
Step 2900 | loss 0.0486 | val_acc=0.8415 val_loss=0.8324 val_f1_macro=0.8036 val_f1_weighted=0.8399 val_prec_macro=0.7942 val_rec_macro=0.8153 val_metric_name=acc val_metric=0.8415
Step 2950 | loss 0.0464 | val_acc=0.8418 val_loss=0.8256 val_f1_macro=0.8047 val_f1_weighted=0.8404 val_prec_macro=0.7967 val_rec_macro=0.8148 val_metric_name=acc val_metric=0.8418
Step 3000 | loss 0.0423 | val_acc=0.8420 val_loss=0.8333 val_f1_macro=0.8063 val_f1_weighted=0.8405 val_prec_macro=0.7980 val_rec_macro=0.8172 val_metric_name=acc val_metric=0.8420
Step 3050 | loss 0.0442 | val_acc=0.8431 val_loss=0.8340 val_f1_macro=0.8084 val_f1_weighted=0.8418 val_prec_macro=0.7987 val_rec_macro=0.8205 val_metric_name=acc val_metric=0.8431
Step 3100 | loss 0.0401 | val_acc=0.8411 val_loss=0.8416 val_f1_macro=0.8038 val_f1_weighted=0.8394 val_prec_macro=0.7961 val_rec_macro=0.8138 val_metric_name=acc val_metric=0.8411
Step 3150 | loss 0.0403 | val_acc=0.8431 val_loss=0.8375 val_f1_macro=0.8089 val_f1_weighted=0.8416 val_prec_macro=0.8012 val_rec_macro=0.8191 val_metric_name=acc val_metric=0.8431
Step 3200 | loss 0.0423 | val_acc=0.8422 val_loss=0.8516 val_f1_macro=0.8078 val_f1_weighted=0.8408 val_prec_macro=0.7971 val_rec_macro=0.8215 val_metric_name=acc val_metric=0.8422
Step 3250 | loss 0.0383 | val_acc=0.8425 val_loss=0.8485 val_f1_macro=0.8069 val_f1_weighted=0.8413 val_prec_macro=0.8002 val_rec_macro=0.8155 val_metric_name=acc val_metric=0.8425
Step 3300 | loss 0.0417 | val_acc=0.8434 val_loss=0.8460 val_f1_macro=0.8088 val_f1_weighted=0.8423 val_prec_macro=0.8015 val_rec_macro=0.8183 val_metric_name=acc val_metric=0.8434
Step 3350 | loss 0.0383 | val_acc=0.8448 val_loss=0.8525 val_f1_macro=0.8092 val_f1_weighted=0.8438 val_prec_macro=0.8027 val_rec_macro=0.8176 val_metric_name=acc val_metric=0.8448
Step 3400 | loss 0.0336 | val_acc=0.8459 val_loss=0.8605 val_f1_macro=0.8111 val_f1_weighted=0.8446 val_prec_macro=0.8033 val_rec_macro=0.8207 val_metric_name=acc val_metric=0.8459
Step 3450 | loss 0.0377 | val_acc=0.8436 val_loss=0.8622 val_f1_macro=0.8082 val_f1_weighted=0.8421 val_prec_macro=0.7995 val_rec_macro=0.8189 val_metric_name=acc val_metric=0.8436
Step 3500 | loss 0.0353 | val_acc=0.8459 val_loss=0.8634 val_f1_macro=0.8113 val_f1_weighted=0.8446 val_prec_macro=0.8039 val_rec_macro=0.8204 val_metric_name=acc val_metric=0.8459
Step 3550 | loss 0.0362 | val_acc=0.8468 val_loss=0.8652 val_f1_macro=0.8096 val_f1_weighted=0.8452 val_prec_macro=0.8013 val_rec_macro=0.8199 val_metric_name=acc val_metric=0.8468
Step 3600 | loss 0.0348 | val_acc=0.8445 val_loss=0.8739 val_f1_macro=0.8099 val_f1_weighted=0.8429 val_prec_macro=0.8013 val_rec_macro=0.8206 val_metric_name=acc val_metric=0.8445
Step 3650 | loss 0.0315 | val_acc=0.8454 val_loss=0.8694 val_f1_macro=0.8096 val_f1_weighted=0.8441 val_prec_macro=0.8014 val_rec_macro=0.8200 val_metric_name=acc val_metric=0.8454
Step 3700 | loss 0.0304 | val_acc=0.8454 val_loss=0.8811 val_f1_macro=0.8099 val_f1_weighted=0.8439 val_prec_macro=0.8014 val_rec_macro=0.8206 val_metric_name=acc val_metric=0.8454
Step 3750 | loss 0.0332 | val_acc=0.8454 val_loss=0.8853 val_f1_macro=0.8099 val_f1_weighted=0.8439 val_prec_macro=0.8030 val_rec_macro=0.8188 val_metric_name=acc val_metric=0.8454
Step 3800 | loss 0.0296 | val_acc=0.8454 val_loss=0.8819 val_f1_macro=0.8100 val_f1_weighted=0.8441 val_prec_macro=0.8012 val_rec_macro=0.8208 val_metric_name=acc val_metric=0.8454
Step 3850 | loss 0.0333 | val_acc=0.8466 val_loss=0.8844 val_f1_macro=0.8133 val_f1_weighted=0.8454 val_prec_macro=0.8061 val_rec_macro=0.8222 val_metric_name=acc val_metric=0.8466
Step 3900 | loss 0.0287 | val_acc=0.8480 val_loss=0.8907 val_f1_macro=0.8136 val_f1_weighted=0.8465 val_prec_macro=0.8048 val_rec_macro=0.8241 val_metric_name=acc val_metric=0.8480
Step 3950 | loss 0.0285 | val_acc=0.8462 val_loss=0.8974 val_f1_macro=0.8109 val_f1_weighted=0.8447 val_prec_macro=0.8018 val_rec_macro=0.8220 val_metric_name=acc val_metric=0.8462
Step 4000 | loss 0.0280 | val_acc=0.8462 val_loss=0.8954 val_f1_macro=0.8111 val_f1_weighted=0.8450 val_prec_macro=0.8025 val_rec_macro=0.8217 val_metric_name=acc val_metric=0.8462
Step 4050 | loss 0.0340 | val_acc=0.8459 val_loss=0.9002 val_f1_macro=0.8115 val_f1_weighted=0.8447 val_prec_macro=0.8055 val_rec_macro=0.8191 val_metric_name=acc val_metric=0.8459
Step 4100 | loss 0.0277 | val_acc=0.8462 val_loss=0.8967 val_f1_macro=0.8120 val_f1_weighted=0.8448 val_prec_macro=0.8045 val_rec_macro=0.8213 val_metric_name=acc val_metric=0.8462
Step 4150 | loss 0.0297 | val_acc=0.8473 val_loss=0.9031 val_f1_macro=0.8124 val_f1_weighted=0.8460 val_prec_macro=0.8043 val_rec_macro=0.8221 val_metric_name=acc val_metric=0.8473
Step 4200 | loss 0.0262 | val_acc=0.8478 val_loss=0.9086 val_f1_macro=0.8132 val_f1_weighted=0.8463 val_prec_macro=0.8070 val_rec_macro=0.8211 val_metric_name=acc val_metric=0.8478
Step 4250 | loss 0.0247 | val_acc=0.8464 val_loss=0.9212 val_f1_macro=0.8095 val_f1_weighted=0.8450 val_prec_macro=0.8002 val_rec_macro=0.8209 val_metric_name=acc val_metric=0.8464
Step 4300 | loss 0.0270 | val_acc=0.8471 val_loss=0.9164 val_f1_macro=0.8129 val_f1_weighted=0.8460 val_prec_macro=0.8042 val_rec_macro=0.8233 val_metric_name=acc val_metric=0.8471
Step 4350 | loss 0.0256 | val_acc=0.8477 val_loss=0.9137 val_f1_macro=0.8115 val_f1_weighted=0.8462 val_prec_macro=0.8038 val_rec_macro=0.8208 val_metric_name=acc val_metric=0.8477
Step 4400 | loss 0.0261 | val_acc=0.8496 val_loss=0.9183 val_f1_macro=0.8135 val_f1_weighted=0.8481 val_prec_macro=0.8059 val_rec_macro=0.8228 val_metric_name=acc val_metric=0.8496
Step 4450 | loss 0.0230 | val_acc=0.8492 val_loss=0.9260 val_f1_macro=0.8131 val_f1_weighted=0.8477 val_prec_macro=0.8050 val_rec_macro=0.8228 val_metric_name=acc val_metric=0.8492
Step 4500 | loss 0.0275 | val_acc=0.8508 val_loss=0.9249 val_f1_macro=0.8149 val_f1_weighted=0.8491 val_prec_macro=0.8074 val_rec_macro=0.8247 val_metric_name=acc val_metric=0.8508
Step 4550 | loss 0.0219 | val_acc=0.8501 val_loss=0.9233 val_f1_macro=0.8148 val_f1_weighted=0.8487 val_prec_macro=0.8067 val_rec_macro=0.8250 val_metric_name=acc val_metric=0.8501
Step 4600 | loss 0.0207 | val_acc=0.8505 val_loss=0.9353 val_f1_macro=0.8158 val_f1_weighted=0.8491 val_prec_macro=0.8077 val_rec_macro=0.8258 val_metric_name=acc val_metric=0.8505
Step 4650 | loss 0.0200 | val_acc=0.8500 val_loss=0.9234 val_f1_macro=0.8158 val_f1_weighted=0.8485 val_prec_macro=0.8083 val_rec_macro=0.8250 val_metric_name=acc val_metric=0.8500
Step 4700 | loss 0.0209 | val_acc=0.8492 val_loss=0.9400 val_f1_macro=0.8154 val_f1_weighted=0.8478 val_prec_macro=0.8084 val_rec_macro=0.8242 val_metric_name=acc val_metric=0.8492
Step 4750 | loss 0.0197 | val_acc=0.8500 val_loss=0.9372 val_f1_macro=0.8161 val_f1_weighted=0.8484 val_prec_macro=0.8094 val_rec_macro=0.8247 val_metric_name=acc val_metric=0.8500
Step 4800 | loss 0.0219 | val_acc=0.8503 val_loss=0.9374 val_f1_macro=0.8177 val_f1_weighted=0.8489 val_prec_macro=0.8113 val_rec_macro=0.8254 val_metric_name=acc val_metric=0.8503
Step 4850 | loss 0.0221 | val_acc=0.8512 val_loss=0.9382 val_f1_macro=0.8160 val_f1_weighted=0.8499 val_prec_macro=0.8089 val_rec_macro=0.8248 val_metric_name=acc val_metric=0.8512
Step 4900 | loss 0.0205 | val_acc=0.8478 val_loss=0.9503 val_f1_macro=0.8125 val_f1_weighted=0.8463 val_prec_macro=0.8040 val_rec_macro=0.8233 val_metric_name=acc val_metric=0.8478
Step 4950 | loss 0.0200 | val_acc=0.8498 val_loss=0.9460 val_f1_macro=0.8169 val_f1_weighted=0.8486 val_prec_macro=0.8110 val_rec_macro=0.8239 val_metric_name=acc val_metric=0.8498
Early stopping at step 4962

--- Final (best ckpt @ step 4660) ---
  train_acc=1.0000 train_loss=0.0001 train_f1_macro=1.0000 train_f1_weighted=1.0000 train_prec_macro=1.0000 train_rec_macro=1.0000 train_metric_name=acc train_metric=1.0000
  val_acc=0.8521 val_loss=0.9277 val_f1_macro=0.8194 val_f1_weighted=0.8505 val_prec_macro=0.8133 val_rec_macro=0.8270 val_metric_name=acc val_metric=0.8521
  test_acc=0.8539 test_loss=0.8650 test_f1_macro=0.8161 test_f1_weighted=0.8516 test_prec_macro=0.8138 test_rec_macro=0.8222 test_metric_name=acc test_metric=0.8539
  test_acc=0.8539

============================================================
Training roman-empire GAT 5L h=256 lr=0.0001 split=6
============================================================
Training for 5000 steps
Step    1 | loss 3.0835 | val_acc=0.1319 val_loss=2.7723 val_f1_macro=0.0365 val_f1_weighted=0.0683 val_prec_macro=0.0747 val_rec_macro=0.0647 val_metric_name=acc val_metric=0.1319
Step   50 | loss 1.9069 | val_acc=0.4579 val_loss=1.7739 val_f1_macro=0.2650 val_f1_weighted=0.4019 val_prec_macro=0.2788 val_rec_macro=0.3026 val_metric_name=acc val_metric=0.4579
Step  100 | loss 1.3945 | val_acc=0.5956 val_loss=1.2774 val_f1_macro=0.4449 val_f1_weighted=0.5586 val_prec_macro=0.4676 val_rec_macro=0.4721 val_metric_name=acc val_metric=0.5956
Step  150 | loss 1.0962 | val_acc=0.6756 val_loss=1.0254 val_f1_macro=0.5571 val_f1_weighted=0.6556 val_prec_macro=0.5811 val_rec_macro=0.5733 val_metric_name=acc val_metric=0.6756
Step  200 | loss 0.8944 | val_acc=0.7199 val_loss=0.8700 val_f1_macro=0.6283 val_f1_weighted=0.7077 val_prec_macro=0.6382 val_rec_macro=0.6396 val_metric_name=acc val_metric=0.7199
Step  250 | loss 0.7620 | val_acc=0.7462 val_loss=0.7782 val_f1_macro=0.6727 val_f1_weighted=0.7381 val_prec_macro=0.6694 val_rec_macro=0.6886 val_metric_name=acc val_metric=0.7462
Step  300 | loss 0.6459 | val_acc=0.7635 val_loss=0.7191 val_f1_macro=0.6972 val_f1_weighted=0.7573 val_prec_macro=0.6928 val_rec_macro=0.7118 val_metric_name=acc val_metric=0.7635
Step  350 | loss 0.5687 | val_acc=0.7786 val_loss=0.6822 val_f1_macro=0.7226 val_f1_weighted=0.7741 val_prec_macro=0.7151 val_rec_macro=0.7382 val_metric_name=acc val_metric=0.7786
Step  400 | loss 0.4929 | val_acc=0.7917 val_loss=0.6548 val_f1_macro=0.7387 val_f1_weighted=0.7881 val_prec_macro=0.7344 val_rec_macro=0.7497 val_metric_name=acc val_metric=0.7917
Step  450 | loss 0.4357 | val_acc=0.8030 val_loss=0.6412 val_f1_macro=0.7538 val_f1_weighted=0.8003 val_prec_macro=0.7459 val_rec_macro=0.7671 val_metric_name=acc val_metric=0.8030
Step  500 | loss 0.3751 | val_acc=0.8069 val_loss=0.6345 val_f1_macro=0.7570 val_f1_weighted=0.8046 val_prec_macro=0.7499 val_rec_macro=0.7702 val_metric_name=acc val_metric=0.8069
Step  550 | loss 0.3378 | val_acc=0.8097 val_loss=0.6282 val_f1_macro=0.7623 val_f1_weighted=0.8075 val_prec_macro=0.7535 val_rec_macro=0.7758 val_metric_name=acc val_metric=0.8097
Step  600 | loss 0.3026 | val_acc=0.8132 val_loss=0.6314 val_f1_macro=0.7667 val_f1_weighted=0.8112 val_prec_macro=0.7569 val_rec_macro=0.7819 val_metric_name=acc val_metric=0.8132
Step  650 | loss 0.2663 | val_acc=0.8171 val_loss=0.6327 val_f1_macro=0.7707 val_f1_weighted=0.8149 val_prec_macro=0.7626 val_rec_macro=0.7837 val_metric_name=acc val_metric=0.8171
Step  700 | loss 0.2397 | val_acc=0.8199 val_loss=0.6435 val_f1_macro=0.7762 val_f1_weighted=0.8182 val_prec_macro=0.7683 val_rec_macro=0.7894 val_metric_name=acc val_metric=0.8199
Step  750 | loss 0.2123 | val_acc=0.8198 val_loss=0.6551 val_f1_macro=0.7756 val_f1_weighted=0.8184 val_prec_macro=0.7683 val_rec_macro=0.7875 val_metric_name=acc val_metric=0.8198
Step  800 | loss 0.1916 | val_acc=0.8238 val_loss=0.6634 val_f1_macro=0.7821 val_f1_weighted=0.8223 val_prec_macro=0.7741 val_rec_macro=0.7945 val_metric_name=acc val_metric=0.8238
Step  850 | loss 0.1741 | val_acc=0.8274 val_loss=0.6689 val_f1_macro=0.7847 val_f1_weighted=0.8257 val_prec_macro=0.7756 val_rec_macro=0.7984 val_metric_name=acc val_metric=0.8274
Step  900 | loss 0.1656 | val_acc=0.8302 val_loss=0.6776 val_f1_macro=0.7887 val_f1_weighted=0.8283 val_prec_macro=0.7808 val_rec_macro=0.8008 val_metric_name=acc val_metric=0.8302
Step  950 | loss 0.1443 | val_acc=0.8267 val_loss=0.6928 val_f1_macro=0.7851 val_f1_weighted=0.8250 val_prec_macro=0.7772 val_rec_macro=0.7979 val_metric_name=acc val_metric=0.8267
Step 1000 | loss 0.1393 | val_acc=0.8314 val_loss=0.6947 val_f1_macro=0.7918 val_f1_weighted=0.8301 val_prec_macro=0.7845 val_rec_macro=0.8024 val_metric_name=acc val_metric=0.8314
Step 1050 | loss 0.1177 | val_acc=0.8307 val_loss=0.7035 val_f1_macro=0.7909 val_f1_weighted=0.8289 val_prec_macro=0.7818 val_rec_macro=0.8039 val_metric_name=acc val_metric=0.8307
Step 1100 | loss 0.1151 | val_acc=0.8321 val_loss=0.7192 val_f1_macro=0.7937 val_f1_weighted=0.8303 val_prec_macro=0.7841 val_rec_macro=0.8072 val_metric_name=acc val_metric=0.8321
Step 1150 | loss 0.1075 | val_acc=0.8330 val_loss=0.7228 val_f1_macro=0.7951 val_f1_weighted=0.8311 val_prec_macro=0.7879 val_rec_macro=0.8060 val_metric_name=acc val_metric=0.8330
Step 1200 | loss 0.0992 | val_acc=0.8348 val_loss=0.7328 val_f1_macro=0.7977 val_f1_weighted=0.8334 val_prec_macro=0.7901 val_rec_macro=0.8088 val_metric_name=acc val_metric=0.8348
Step 1250 | loss 0.0916 | val_acc=0.8355 val_loss=0.7490 val_f1_macro=0.7961 val_f1_weighted=0.8335 val_prec_macro=0.7855 val_rec_macro=0.8108 val_metric_name=acc val_metric=0.8355
Step 1300 | loss 0.0933 | val_acc=0.8351 val_loss=0.7474 val_f1_macro=0.7993 val_f1_weighted=0.8340 val_prec_macro=0.7904 val_rec_macro=0.8115 val_metric_name=acc val_metric=0.8351
Step 1350 | loss 0.0816 | val_acc=0.8367 val_loss=0.7541 val_f1_macro=0.8006 val_f1_weighted=0.8348 val_prec_macro=0.7912 val_rec_macro=0.8137 val_metric_name=acc val_metric=0.8367
Step 1400 | loss 0.0772 | val_acc=0.8380 val_loss=0.7668 val_f1_macro=0.8016 val_f1_weighted=0.8363 val_prec_macro=0.7943 val_rec_macro=0.8115 val_metric_name=acc val_metric=0.8380
Step 1450 | loss 0.0681 | val_acc=0.8374 val_loss=0.7735 val_f1_macro=0.8014 val_f1_weighted=0.8354 val_prec_macro=0.7947 val_rec_macro=0.8110 val_metric_name=acc val_metric=0.8374
Step 1500 | loss 0.0675 | val_acc=0.8381 val_loss=0.7892 val_f1_macro=0.8007 val_f1_weighted=0.8363 val_prec_macro=0.7919 val_rec_macro=0.8123 val_metric_name=acc val_metric=0.8381
Step 1550 | loss 0.0606 | val_acc=0.8404 val_loss=0.7887 val_f1_macro=0.8053 val_f1_weighted=0.8384 val_prec_macro=0.7998 val_rec_macro=0.8139 val_metric_name=acc val_metric=0.8404
Step 1600 | loss 0.0598 | val_acc=0.8369 val_loss=0.7969 val_f1_macro=0.7997 val_f1_weighted=0.8350 val_prec_macro=0.7923 val_rec_macro=0.8096 val_metric_name=acc val_metric=0.8369
Step 1650 | loss 0.0591 | val_acc=0.8404 val_loss=0.8092 val_f1_macro=0.8045 val_f1_weighted=0.8385 val_prec_macro=0.7958 val_rec_macro=0.8170 val_metric_name=acc val_metric=0.8404
Step 1700 | loss 0.0523 | val_acc=0.8415 val_loss=0.8144 val_f1_macro=0.8055 val_f1_weighted=0.8399 val_prec_macro=0.7981 val_rec_macro=0.8158 val_metric_name=acc val_metric=0.8415
Step 1750 | loss 0.0509 | val_acc=0.8427 val_loss=0.8144 val_f1_macro=0.8106 val_f1_weighted=0.8413 val_prec_macro=0.8012 val_rec_macro=0.8222 val_metric_name=acc val_metric=0.8427
Step 1800 | loss 0.0433 | val_acc=0.8429 val_loss=0.8203 val_f1_macro=0.8089 val_f1_weighted=0.8412 val_prec_macro=0.8023 val_rec_macro=0.8177 val_metric_name=acc val_metric=0.8429
Step 1850 | loss 0.0439 | val_acc=0.8422 val_loss=0.8246 val_f1_macro=0.8080 val_f1_weighted=0.8410 val_prec_macro=0.8031 val_rec_macro=0.8151 val_metric_name=acc val_metric=0.8422
Step 1900 | loss 0.0454 | val_acc=0.8452 val_loss=0.8315 val_f1_macro=0.8116 val_f1_weighted=0.8434 val_prec_macro=0.8029 val_rec_macro=0.8228 val_metric_name=acc val_metric=0.8452
Step 1950 | loss 0.0514 | val_acc=0.8418 val_loss=0.8389 val_f1_macro=0.8064 val_f1_weighted=0.8397 val_prec_macro=0.7980 val_rec_macro=0.8174 val_metric_name=acc val_metric=0.8418
Step 2000 | loss 0.0435 | val_acc=0.8436 val_loss=0.8486 val_f1_macro=0.8079 val_f1_weighted=0.8415 val_prec_macro=0.7991 val_rec_macro=0.8201 val_metric_name=acc val_metric=0.8436
Step 2050 | loss 0.0435 | val_acc=0.8422 val_loss=0.8461 val_f1_macro=0.8074 val_f1_weighted=0.8405 val_prec_macro=0.8003 val_rec_macro=0.8170 val_metric_name=acc val_metric=0.8422
Step 2100 | loss 0.0366 | val_acc=0.8432 val_loss=0.8618 val_f1_macro=0.8088 val_f1_weighted=0.8413 val_prec_macro=0.8022 val_rec_macro=0.8180 val_metric_name=acc val_metric=0.8432
Step 2150 | loss 0.0402 | val_acc=0.8404 val_loss=0.8626 val_f1_macro=0.8059 val_f1_weighted=0.8389 val_prec_macro=0.7967 val_rec_macro=0.8177 val_metric_name=acc val_metric=0.8404
Step 2200 | loss 0.0388 | val_acc=0.8441 val_loss=0.8712 val_f1_macro=0.8106 val_f1_weighted=0.8423 val_prec_macro=0.7994 val_rec_macro=0.8252 val_metric_name=acc val_metric=0.8441
Step 2250 | loss 0.0356 | val_acc=0.8441 val_loss=0.8796 val_f1_macro=0.8094 val_f1_weighted=0.8422 val_prec_macro=0.8009 val_rec_macro=0.8205 val_metric_name=acc val_metric=0.8441
Early stopping at step 2260

--- Final (best ckpt @ step 1960) ---
  train_acc=1.0000 train_loss=0.0008 train_f1_macro=1.0000 train_f1_weighted=1.0000 train_prec_macro=1.0000 train_rec_macro=1.0000 train_metric_name=acc train_metric=1.0000
  val_acc=0.8464 val_loss=0.8377 val_f1_macro=0.8129 val_f1_weighted=0.8444 val_prec_macro=0.8069 val_rec_macro=0.8214 val_metric_name=acc val_metric=0.8464
  test_acc=0.8517 test_loss=0.7608 test_f1_macro=0.8117 test_f1_weighted=0.8491 test_prec_macro=0.8083 test_rec_macro=0.8190 test_metric_name=acc test_metric=0.8517
  test_acc=0.8517

============================================================
Training roman-empire GAT 5L h=256 lr=1e-05 split=6
============================================================
Training for 5000 steps
Step    1 | loss 3.0835 | val_acc=0.0514 val_loss=3.0612 val_f1_macro=0.0240 val_f1_weighted=0.0255 val_prec_macro=0.0686 val_rec_macro=0.0656 val_metric_name=acc val_metric=0.0514
Step   50 | loss 2.6291 | val_acc=0.1682 val_loss=2.5698 val_f1_macro=0.0337 val_f1_weighted=0.0798 val_prec_macro=0.0847 val_rec_macro=0.0684 val_metric_name=acc val_metric=0.1682
Step  100 | loss 2.5098 | val_acc=0.2402 val_loss=2.4171 val_f1_macro=0.0760 val_f1_weighted=0.1678 val_prec_macro=0.0750 val_rec_macro=0.1056 val_metric_name=acc val_metric=0.2402
Step  150 | loss 2.3676 | val_acc=0.3102 val_loss=2.2633 val_f1_macro=0.1242 val_f1_weighted=0.2504 val_prec_macro=0.1831 val_rec_macro=0.1534 val_metric_name=acc val_metric=0.3102
Step  200 | loss 2.2302 | val_acc=0.3571 val_loss=2.1140 val_f1_macro=0.1703 val_f1_weighted=0.3018 val_prec_macro=0.2042 val_rec_macro=0.1930 val_metric_name=acc val_metric=0.3571
Step  250 | loss 2.1064 | val_acc=0.3984 val_loss=1.9769 val_f1_macro=0.2090 val_f1_weighted=0.3423 val_prec_macro=0.2561 val_rec_macro=0.2370 val_metric_name=acc val_metric=0.3984
Step  300 | loss 1.9853 | val_acc=0.4334 val_loss=1.8590 val_f1_macro=0.2395 val_f1_weighted=0.3757 val_prec_macro=0.2620 val_rec_macro=0.2729 val_metric_name=acc val_metric=0.4334
Step  350 | loss 1.8948 | val_acc=0.4635 val_loss=1.7586 val_f1_macro=0.2673 val_f1_weighted=0.4050 val_prec_macro=0.2818 val_rec_macro=0.3000 val_metric_name=acc val_metric=0.4635
Step  400 | loss 1.8182 | val_acc=0.4846 val_loss=1.6739 val_f1_macro=0.2870 val_f1_weighted=0.4251 val_prec_macro=0.2938 val_rec_macro=0.3218 val_metric_name=acc val_metric=0.4846
Step  450 | loss 1.7419 | val_acc=0.5050 val_loss=1.5991 val_f1_macro=0.3084 val_f1_weighted=0.4459 val_prec_macro=0.3190 val_rec_macro=0.3444 val_metric_name=acc val_metric=0.5050
Step  500 | loss 1.6726 | val_acc=0.5218 val_loss=1.5327 val_f1_macro=0.3290 val_f1_weighted=0.4647 val_prec_macro=0.3527 val_rec_macro=0.3635 val_metric_name=acc val_metric=0.5218
Step  550 | loss 1.6089 | val_acc=0.5343 val_loss=1.4713 val_f1_macro=0.3525 val_f1_weighted=0.4808 val_prec_macro=0.3785 val_rec_macro=0.3833 val_metric_name=acc val_metric=0.5343
Step  600 | loss 1.5559 | val_acc=0.5511 val_loss=1.4165 val_f1_macro=0.3776 val_f1_weighted=0.5006 val_prec_macro=0.4537 val_rec_macro=0.4059 val_metric_name=acc val_metric=0.5511
Step  650 | loss 1.5151 | val_acc=0.5658 val_loss=1.3668 val_f1_macro=0.4007 val_f1_weighted=0.5179 val_prec_macro=0.4329 val_rec_macro=0.4305 val_metric_name=acc val_metric=0.5658
Step  700 | loss 1.4555 | val_acc=0.5772 val_loss=1.3237 val_f1_macro=0.4180 val_f1_weighted=0.5334 val_prec_macro=0.4871 val_rec_macro=0.4449 val_metric_name=acc val_metric=0.5772
Step  750 | loss 1.4076 | val_acc=0.5914 val_loss=1.2813 val_f1_macro=0.4353 val_f1_weighted=0.5509 val_prec_macro=0.4795 val_rec_macro=0.4627 val_metric_name=acc val_metric=0.5914
Step  800 | loss 1.3742 | val_acc=0.6039 val_loss=1.2427 val_f1_macro=0.4560 val_f1_weighted=0.5675 val_prec_macro=0.5044 val_rec_macro=0.4802 val_metric_name=acc val_metric=0.6039
Step  850 | loss 1.3320 | val_acc=0.6164 val_loss=1.2084 val_f1_macro=0.4753 val_f1_weighted=0.5831 val_prec_macro=0.5225 val_rec_macro=0.4972 val_metric_name=acc val_metric=0.6164
Step  900 | loss 1.2871 | val_acc=0.6249 val_loss=1.1764 val_f1_macro=0.4902 val_f1_weighted=0.5943 val_prec_macro=0.5298 val_rec_macro=0.5092 val_metric_name=acc val_metric=0.6249
Step  950 | loss 1.2505 | val_acc=0.6358 val_loss=1.1448 val_f1_macro=0.5034 val_f1_weighted=0.6080 val_prec_macro=0.5397 val_rec_macro=0.5216 val_metric_name=acc val_metric=0.6358
Step 1000 | loss 1.2194 | val_acc=0.6494 val_loss=1.1149 val_f1_macro=0.5220 val_f1_weighted=0.6244 val_prec_macro=0.5528 val_rec_macro=0.5392 val_metric_name=acc val_metric=0.6494
Step 1050 | loss 1.1835 | val_acc=0.6570 val_loss=1.0895 val_f1_macro=0.5333 val_f1_weighted=0.6332 val_prec_macro=0.5611 val_rec_macro=0.5500 val_metric_name=acc val_metric=0.6570
Step 1100 | loss 1.1566 | val_acc=0.6627 val_loss=1.0636 val_f1_macro=0.5398 val_f1_weighted=0.6403 val_prec_macro=0.5681 val_rec_macro=0.5559 val_metric_name=acc val_metric=0.6627
Step 1150 | loss 1.1302 | val_acc=0.6695 val_loss=1.0394 val_f1_macro=0.5486 val_f1_weighted=0.6483 val_prec_macro=0.5743 val_rec_macro=0.5645 val_metric_name=acc val_metric=0.6695
Step 1200 | loss 1.0939 | val_acc=0.6754 val_loss=1.0164 val_f1_macro=0.5566 val_f1_weighted=0.6556 val_prec_macro=0.5789 val_rec_macro=0.5718 val_metric_name=acc val_metric=0.6754
Step 1250 | loss 1.0692 | val_acc=0.6844 val_loss=0.9932 val_f1_macro=0.5704 val_f1_weighted=0.6663 val_prec_macro=0.5913 val_rec_macro=0.5837 val_metric_name=acc val_metric=0.6844
Step 1300 | loss 1.0467 | val_acc=0.6907 val_loss=0.9734 val_f1_macro=0.5818 val_f1_weighted=0.6735 val_prec_macro=0.5999 val_rec_macro=0.5952 val_metric_name=acc val_metric=0.6907
Step 1350 | loss 1.0223 | val_acc=0.6951 val_loss=0.9524 val_f1_macro=0.5907 val_f1_weighted=0.6786 val_prec_macro=0.6096 val_rec_macro=0.6021 val_metric_name=acc val_metric=0.6951
Step 1400 | loss 0.9937 | val_acc=0.7024 val_loss=0.9348 val_f1_macro=0.6008 val_f1_weighted=0.6870 val_prec_macro=0.6183 val_rec_macro=0.6116 val_metric_name=acc val_metric=0.7024
Step 1450 | loss 0.9738 | val_acc=0.7071 val_loss=0.9184 val_f1_macro=0.6098 val_f1_weighted=0.6923 val_prec_macro=0.6245 val_rec_macro=0.6208 val_metric_name=acc val_metric=0.7071
Step 1500 | loss 0.9508 | val_acc=0.7116 val_loss=0.9009 val_f1_macro=0.6167 val_f1_weighted=0.6976 val_prec_macro=0.6279 val_rec_macro=0.6295 val_metric_name=acc val_metric=0.7116
Step 1550 | loss 0.9300 | val_acc=0.7158 val_loss=0.8874 val_f1_macro=0.6229 val_f1_weighted=0.7023 val_prec_macro=0.6309 val_rec_macro=0.6369 val_metric_name=acc val_metric=0.7158
Step 1600 | loss 0.9014 | val_acc=0.7202 val_loss=0.8734 val_f1_macro=0.6299 val_f1_weighted=0.7074 val_prec_macro=0.6376 val_rec_macro=0.6434 val_metric_name=acc val_metric=0.7202
Step 1650 | loss 0.8803 | val_acc=0.7236 val_loss=0.8606 val_f1_macro=0.6368 val_f1_weighted=0.7114 val_prec_macro=0.6443 val_rec_macro=0.6500 val_metric_name=acc val_metric=0.7236
Step 1700 | loss 0.8622 | val_acc=0.7287 val_loss=0.8471 val_f1_macro=0.6437 val_f1_weighted=0.7173 val_prec_macro=0.6493 val_rec_macro=0.6565 val_metric_name=acc val_metric=0.7287
Step 1750 | loss 0.8526 | val_acc=0.7315 val_loss=0.8358 val_f1_macro=0.6496 val_f1_weighted=0.7211 val_prec_macro=0.6543 val_rec_macro=0.6626 val_metric_name=acc val_metric=0.7315
Step 1800 | loss 0.8325 | val_acc=0.7343 val_loss=0.8248 val_f1_macro=0.6535 val_f1_weighted=0.7239 val_prec_macro=0.6577 val_rec_macro=0.6669 val_metric_name=acc val_metric=0.7343
Step 1850 | loss 0.8233 | val_acc=0.7370 val_loss=0.8139 val_f1_macro=0.6599 val_f1_weighted=0.7276 val_prec_macro=0.6616 val_rec_macro=0.6740 val_metric_name=acc val_metric=0.7370
Step 1900 | loss 0.8059 | val_acc=0.7402 val_loss=0.8045 val_f1_macro=0.6646 val_f1_weighted=0.7313 val_prec_macro=0.6656 val_rec_macro=0.6790 val_metric_name=acc val_metric=0.7402
Step 1950 | loss 0.7880 | val_acc=0.7417 val_loss=0.7956 val_f1_macro=0.6670 val_f1_weighted=0.7331 val_prec_macro=0.6668 val_rec_macro=0.6815 val_metric_name=acc val_metric=0.7417
Step 2000 | loss 0.7754 | val_acc=0.7462 val_loss=0.7862 val_f1_macro=0.6731 val_f1_weighted=0.7379 val_prec_macro=0.6728 val_rec_macro=0.6862 val_metric_name=acc val_metric=0.7462
Step 2050 | loss 0.7658 | val_acc=0.7476 val_loss=0.7774 val_f1_macro=0.6756 val_f1_weighted=0.7395 val_prec_macro=0.6740 val_rec_macro=0.6898 val_metric_name=acc val_metric=0.7476
Step 2100 | loss 0.7390 | val_acc=0.7495 val_loss=0.7693 val_f1_macro=0.6787 val_f1_weighted=0.7420 val_prec_macro=0.6780 val_rec_macro=0.6919 val_metric_name=acc val_metric=0.7495
Step 2150 | loss 0.7286 | val_acc=0.7539 val_loss=0.7616 val_f1_macro=0.6850 val_f1_weighted=0.7465 val_prec_macro=0.6841 val_rec_macro=0.6976 val_metric_name=acc val_metric=0.7539
Step 2200 | loss 0.7094 | val_acc=0.7555 val_loss=0.7553 val_f1_macro=0.6879 val_f1_weighted=0.7484 val_prec_macro=0.6860 val_rec_macro=0.7018 val_metric_name=acc val_metric=0.7555
Step 2250 | loss 0.7035 | val_acc=0.7569 val_loss=0.7468 val_f1_macro=0.6904 val_f1_weighted=0.7501 val_prec_macro=0.6883 val_rec_macro=0.7034 val_metric_name=acc val_metric=0.7569
Step 2300 | loss 0.6992 | val_acc=0.7599 val_loss=0.7410 val_f1_macro=0.6956 val_f1_weighted=0.7534 val_prec_macro=0.6931 val_rec_macro=0.7089 val_metric_name=acc val_metric=0.7599
Step 2350 | loss 0.6847 | val_acc=0.7612 val_loss=0.7367 val_f1_macro=0.6963 val_f1_weighted=0.7546 val_prec_macro=0.6930 val_rec_macro=0.7105 val_metric_name=acc val_metric=0.7612
Step 2400 | loss 0.6738 | val_acc=0.7633 val_loss=0.7292 val_f1_macro=0.6989 val_f1_weighted=0.7570 val_prec_macro=0.6962 val_rec_macro=0.7125 val_metric_name=acc val_metric=0.7633
Step 2450 | loss 0.6569 | val_acc=0.7663 val_loss=0.7230 val_f1_macro=0.7027 val_f1_weighted=0.7603 val_prec_macro=0.6996 val_rec_macro=0.7157 val_metric_name=acc val_metric=0.7663
Step 2500 | loss 0.6473 | val_acc=0.7668 val_loss=0.7188 val_f1_macro=0.7011 val_f1_weighted=0.7608 val_prec_macro=0.6975 val_rec_macro=0.7149 val_metric_name=acc val_metric=0.7668
Step 2550 | loss 0.6277 | val_acc=0.7700 val_loss=0.7142 val_f1_macro=0.7057 val_f1_weighted=0.7641 val_prec_macro=0.7016 val_rec_macro=0.7193 val_metric_name=acc val_metric=0.7700
Step 2600 | loss 0.6213 | val_acc=0.7711 val_loss=0.7081 val_f1_macro=0.7068 val_f1_weighted=0.7652 val_prec_macro=0.7032 val_rec_macro=0.7200 val_metric_name=acc val_metric=0.7711
Step 2650 | loss 0.6055 | val_acc=0.7739 val_loss=0.7042 val_f1_macro=0.7102 val_f1_weighted=0.7681 val_prec_macro=0.7068 val_rec_macro=0.7230 val_metric_name=acc val_metric=0.7739
Step 2700 | loss 0.5954 | val_acc=0.7748 val_loss=0.6999 val_f1_macro=0.7107 val_f1_weighted=0.7692 val_prec_macro=0.7070 val_rec_macro=0.7237 val_metric_name=acc val_metric=0.7748
Step 2750 | loss 0.5902 | val_acc=0.7771 val_loss=0.6957 val_f1_macro=0.7133 val_f1_weighted=0.7717 val_prec_macro=0.7096 val_rec_macro=0.7263 val_metric_name=acc val_metric=0.7771
Step 2800 | loss 0.5844 | val_acc=0.7785 val_loss=0.6917 val_f1_macro=0.7152 val_f1_weighted=0.7733 val_prec_macro=0.7108 val_rec_macro=0.7289 val_metric_name=acc val_metric=0.7785
Step 2850 | loss 0.5700 | val_acc=0.7802 val_loss=0.6878 val_f1_macro=0.7187 val_f1_weighted=0.7753 val_prec_macro=0.7135 val_rec_macro=0.7330 val_metric_name=acc val_metric=0.7802
Step 2900 | loss 0.5681 | val_acc=0.7806 val_loss=0.6847 val_f1_macro=0.7193 val_f1_weighted=0.7756 val_prec_macro=0.7140 val_rec_macro=0.7338 val_metric_name=acc val_metric=0.7806
Step 2950 | loss 0.5465 | val_acc=0.7816 val_loss=0.6821 val_f1_macro=0.7198 val_f1_weighted=0.7767 val_prec_macro=0.7150 val_rec_macro=0.7343 val_metric_name=acc val_metric=0.7816
Step 3000 | loss 0.5436 | val_acc=0.7852 val_loss=0.6781 val_f1_macro=0.7260 val_f1_weighted=0.7806 val_prec_macro=0.7214 val_rec_macro=0.7391 val_metric_name=acc val_metric=0.7852
Step 3050 | loss 0.5404 | val_acc=0.7873 val_loss=0.6750 val_f1_macro=0.7291 val_f1_weighted=0.7828 val_prec_macro=0.7243 val_rec_macro=0.7419 val_metric_name=acc val_metric=0.7873
Step 3100 | loss 0.5266 | val_acc=0.7871 val_loss=0.6737 val_f1_macro=0.7274 val_f1_weighted=0.7823 val_prec_macro=0.7221 val_rec_macro=0.7417 val_metric_name=acc val_metric=0.7871
Step 3150 | loss 0.5169 | val_acc=0.7873 val_loss=0.6691 val_f1_macro=0.7297 val_f1_weighted=0.7829 val_prec_macro=0.7245 val_rec_macro=0.7424 val_metric_name=acc val_metric=0.7873
Step 3200 | loss 0.5207 | val_acc=0.7898 val_loss=0.6659 val_f1_macro=0.7325 val_f1_weighted=0.7857 val_prec_macro=0.7269 val_rec_macro=0.7458 val_metric_name=acc val_metric=0.7898
Step 3250 | loss 0.5013 | val_acc=0.7917 val_loss=0.6634 val_f1_macro=0.7340 val_f1_weighted=0.7875 val_prec_macro=0.7277 val_rec_macro=0.7481 val_metric_name=acc val_metric=0.7917
Step 3300 | loss 0.5020 | val_acc=0.7936 val_loss=0.6616 val_f1_macro=0.7367 val_f1_weighted=0.7895 val_prec_macro=0.7307 val_rec_macro=0.7503 val_metric_name=acc val_metric=0.7936
Step 3350 | loss 0.4852 | val_acc=0.7929 val_loss=0.6584 val_f1_macro=0.7360 val_f1_weighted=0.7888 val_prec_macro=0.7300 val_rec_macro=0.7500 val_metric_name=acc val_metric=0.7929
Step 3400 | loss 0.4798 | val_acc=0.7944 val_loss=0.6581 val_f1_macro=0.7376 val_f1_weighted=0.7906 val_prec_macro=0.7313 val_rec_macro=0.7519 val_metric_name=acc val_metric=0.7944
Step 3450 | loss 0.4725 | val_acc=0.7947 val_loss=0.6555 val_f1_macro=0.7381 val_f1_weighted=0.7909 val_prec_macro=0.7316 val_rec_macro=0.7525 val_metric_name=acc val_metric=0.7947
Step 3500 | loss 0.4615 | val_acc=0.7972 val_loss=0.6537 val_f1_macro=0.7416 val_f1_weighted=0.7935 val_prec_macro=0.7354 val_rec_macro=0.7553 val_metric_name=acc val_metric=0.7972
Step 3550 | loss 0.4663 | val_acc=0.7989 val_loss=0.6523 val_f1_macro=0.7441 val_f1_weighted=0.7952 val_prec_macro=0.7384 val_rec_macro=0.7573 val_metric_name=acc val_metric=0.7989
Step 3600 | loss 0.4471 | val_acc=0.8005 val_loss=0.6511 val_f1_macro=0.7450 val_f1_weighted=0.7969 val_prec_macro=0.7397 val_rec_macro=0.7577 val_metric_name=acc val_metric=0.8005
Step 3650 | loss 0.4427 | val_acc=0.8012 val_loss=0.6496 val_f1_macro=0.7460 val_f1_weighted=0.7977 val_prec_macro=0.7404 val_rec_macro=0.7589 val_metric_name=acc val_metric=0.8012
Step 3700 | loss 0.4331 | val_acc=0.8028 val_loss=0.6475 val_f1_macro=0.7486 val_f1_weighted=0.7993 val_prec_macro=0.7429 val_rec_macro=0.7616 val_metric_name=acc val_metric=0.8028
Step 3750 | loss 0.4293 | val_acc=0.8039 val_loss=0.6466 val_f1_macro=0.7498 val_f1_weighted=0.8002 val_prec_macro=0.7442 val_rec_macro=0.7624 val_metric_name=acc val_metric=0.8039
Step 3800 | loss 0.4233 | val_acc=0.8049 val_loss=0.6450 val_f1_macro=0.7513 val_f1_weighted=0.8015 val_prec_macro=0.7459 val_rec_macro=0.7633 val_metric_name=acc val_metric=0.8049
Step 3850 | loss 0.4216 | val_acc=0.8051 val_loss=0.6448 val_f1_macro=0.7524 val_f1_weighted=0.8018 val_prec_macro=0.7472 val_rec_macro=0.7643 val_metric_name=acc val_metric=0.8051
Step 3900 | loss 0.4060 | val_acc=0.8069 val_loss=0.6425 val_f1_macro=0.7546 val_f1_weighted=0.8037 val_prec_macro=0.7494 val_rec_macro=0.7658 val_metric_name=acc val_metric=0.8069
Step 3950 | loss 0.4019 | val_acc=0.8069 val_loss=0.6424 val_f1_macro=0.7542 val_f1_weighted=0.8038 val_prec_macro=0.7488 val_rec_macro=0.7654 val_metric_name=acc val_metric=0.8069
Step 4000 | loss 0.3963 | val_acc=0.8081 val_loss=0.6408 val_f1_macro=0.7555 val_f1_weighted=0.8050 val_prec_macro=0.7504 val_rec_macro=0.7667 val_metric_name=acc val_metric=0.8081
Step 4050 | loss 0.3959 | val_acc=0.8090 val_loss=0.6396 val_f1_macro=0.7559 val_f1_weighted=0.8060 val_prec_macro=0.7505 val_rec_macro=0.7668 val_metric_name=acc val_metric=0.8090
Step 4100 | loss 0.3928 | val_acc=0.8090 val_loss=0.6389 val_f1_macro=0.7566 val_f1_weighted=0.8059 val_prec_macro=0.7508 val_rec_macro=0.7679 val_metric_name=acc val_metric=0.8090
Step 4150 | loss 0.3758 | val_acc=0.8086 val_loss=0.6403 val_f1_macro=0.7560 val_f1_weighted=0.8057 val_prec_macro=0.7502 val_rec_macro=0.7677 val_metric_name=acc val_metric=0.8086
Step 4200 | loss 0.3778 | val_acc=0.8086 val_loss=0.6395 val_f1_macro=0.7559 val_f1_weighted=0.8055 val_prec_macro=0.7503 val_rec_macro=0.7673 val_metric_name=acc val_metric=0.8086
Step 4250 | loss 0.3669 | val_acc=0.8078 val_loss=0.6396 val_f1_macro=0.7551 val_f1_weighted=0.8048 val_prec_macro=0.7484 val_rec_macro=0.7674 val_metric_name=acc val_metric=0.8078
Step 4300 | loss 0.3677 | val_acc=0.8078 val_loss=0.6391 val_f1_macro=0.7543 val_f1_weighted=0.8047 val_prec_macro=0.7485 val_rec_macro=0.7660 val_metric_name=acc val_metric=0.8078
Step 4350 | loss 0.3581 | val_acc=0.8092 val_loss=0.6391 val_f1_macro=0.7568 val_f1_weighted=0.8062 val_prec_macro=0.7514 val_rec_macro=0.7683 val_metric_name=acc val_metric=0.8092
Early stopping at step 4373

--- Final (best ckpt @ step 4070) ---
  train_acc=0.9425 train_loss=0.1820 train_f1_macro=0.9260 train_f1_weighted=0.9421 train_prec_macro=0.9241 train_rec_macro=0.9297 train_metric_name=acc train_metric=0.9425
  val_acc=0.8097 val_loss=0.6393 val_f1_macro=0.7573 val_f1_weighted=0.8068 val_prec_macro=0.7513 val_rec_macro=0.7686 val_metric_name=acc val_metric=0.8097
  test_acc=0.8136 test_loss=0.6080 test_f1_macro=0.7606 test_f1_weighted=0.8106 test_prec_macro=0.7548 test_rec_macro=0.7737 test_metric_name=acc test_metric=0.8136
  test_acc=0.8136

============================================================
Training roman-empire GAT 5L h=384 lr=3e-05 split=6
============================================================
Training for 5000 steps
Step    1 | loss 2.8796 | val_acc=0.1343 val_loss=2.6523 val_f1_macro=0.0401 val_f1_weighted=0.0927 val_prec_macro=0.0387 val_rec_macro=0.0579 val_metric_name=acc val_metric=0.1343
Step   50 | loss 2.2031 | val_acc=0.3290 val_loss=2.0851 val_f1_macro=0.1764 val_f1_weighted=0.2861 val_prec_macro=0.2550 val_rec_macro=0.1936 val_metric_name=acc val_metric=0.3290
Step  100 | loss 1.7395 | val_acc=0.4971 val_loss=1.5826 val_f1_macro=0.3377 val_f1_weighted=0.4539 val_prec_macro=0.3647 val_rec_macro=0.3673 val_metric_name=acc val_metric=0.4971
Step  150 | loss 1.4542 | val_acc=0.5668 val_loss=1.3409 val_f1_macro=0.4277 val_f1_weighted=0.5314 val_prec_macro=0.4564 val_rec_macro=0.4548 val_metric_name=acc val_metric=0.5668
Step  200 | loss 1.2778 | val_acc=0.6177 val_loss=1.1884 val_f1_macro=0.5064 val_f1_weighted=0.5959 val_prec_macro=0.5184 val_rec_macro=0.5296 val_metric_name=acc val_metric=0.6177
Step  250 | loss 1.1368 | val_acc=0.6558 val_loss=1.0655 val_f1_macro=0.5554 val_f1_weighted=0.6418 val_prec_macro=0.5668 val_rec_macro=0.5727 val_metric_name=acc val_metric=0.6558
Step  300 | loss 1.0201 | val_acc=0.6891 val_loss=0.9718 val_f1_macro=0.6011 val_f1_weighted=0.6797 val_prec_macro=0.6094 val_rec_macro=0.6176 val_metric_name=acc val_metric=0.6891
Step  350 | loss 0.9125 | val_acc=0.7096 val_loss=0.8991 val_f1_macro=0.6277 val_f1_weighted=0.7028 val_prec_macro=0.6334 val_rec_macro=0.6430 val_metric_name=acc val_metric=0.7096
Step  400 | loss 0.8211 | val_acc=0.7253 val_loss=0.8448 val_f1_macro=0.6509 val_f1_weighted=0.7206 val_prec_macro=0.6526 val_rec_macro=0.6657 val_metric_name=acc val_metric=0.7253
Step  450 | loss 0.7583 | val_acc=0.7412 val_loss=0.8068 val_f1_macro=0.6756 val_f1_weighted=0.7377 val_prec_macro=0.6757 val_rec_macro=0.6887 val_metric_name=acc val_metric=0.7412
Step  500 | loss 0.6980 | val_acc=0.7538 val_loss=0.7778 val_f1_macro=0.6905 val_f1_weighted=0.7502 val_prec_macro=0.6905 val_rec_macro=0.7041 val_metric_name=acc val_metric=0.7538
Step  550 | loss 0.6451 | val_acc=0.7620 val_loss=0.7517 val_f1_macro=0.7030 val_f1_weighted=0.7597 val_prec_macro=0.7009 val_rec_macro=0.7147 val_metric_name=acc val_metric=0.7620
Step  600 | loss 0.5986 | val_acc=0.7670 val_loss=0.7330 val_f1_macro=0.7084 val_f1_weighted=0.7647 val_prec_macro=0.7040 val_rec_macro=0.7219 val_metric_name=acc val_metric=0.7670
Step  650 | loss 0.5496 | val_acc=0.7728 val_loss=0.7188 val_f1_macro=0.7159 val_f1_weighted=0.7708 val_prec_macro=0.7112 val_rec_macro=0.7292 val_metric_name=acc val_metric=0.7728
Step  700 | loss 0.5085 | val_acc=0.7783 val_loss=0.7053 val_f1_macro=0.7223 val_f1_weighted=0.7761 val_prec_macro=0.7161 val_rec_macro=0.7358 val_metric_name=acc val_metric=0.7783
Step  750 | loss 0.4740 | val_acc=0.7825 val_loss=0.7016 val_f1_macro=0.7283 val_f1_weighted=0.7807 val_prec_macro=0.7219 val_rec_macro=0.7423 val_metric_name=acc val_metric=0.7825
Step  800 | loss 0.4492 | val_acc=0.7859 val_loss=0.6945 val_f1_macro=0.7317 val_f1_weighted=0.7843 val_prec_macro=0.7238 val_rec_macro=0.7469 val_metric_name=acc val_metric=0.7859
Step  850 | loss 0.4082 | val_acc=0.7892 val_loss=0.6823 val_f1_macro=0.7374 val_f1_weighted=0.7879 val_prec_macro=0.7300 val_rec_macro=0.7510 val_metric_name=acc val_metric=0.7892
Step  900 | loss 0.3840 | val_acc=0.7924 val_loss=0.6858 val_f1_macro=0.7406 val_f1_weighted=0.7909 val_prec_macro=0.7313 val_rec_macro=0.7563 val_metric_name=acc val_metric=0.7924
Step  950 | loss 0.3639 | val_acc=0.7954 val_loss=0.6850 val_f1_macro=0.7433 val_f1_weighted=0.7940 val_prec_macro=0.7348 val_rec_macro=0.7580 val_metric_name=acc val_metric=0.7954
Step 1000 | loss 0.3407 | val_acc=0.7965 val_loss=0.6894 val_f1_macro=0.7499 val_f1_weighted=0.7961 val_prec_macro=0.7432 val_rec_macro=0.7628 val_metric_name=acc val_metric=0.7965
Step 1050 | loss 0.3185 | val_acc=0.8004 val_loss=0.6855 val_f1_macro=0.7523 val_f1_weighted=0.7992 val_prec_macro=0.7441 val_rec_macro=0.7668 val_metric_name=acc val_metric=0.8004
Step 1100 | loss 0.2967 | val_acc=0.8011 val_loss=0.6896 val_f1_macro=0.7552 val_f1_weighted=0.8003 val_prec_macro=0.7469 val_rec_macro=0.7687 val_metric_name=acc val_metric=0.8011
Step 1150 | loss 0.2773 | val_acc=0.8018 val_loss=0.6970 val_f1_macro=0.7569 val_f1_weighted=0.8011 val_prec_macro=0.7483 val_rec_macro=0.7708 val_metric_name=acc val_metric=0.8018
Step 1200 | loss 0.2553 | val_acc=0.8019 val_loss=0.6963 val_f1_macro=0.7563 val_f1_weighted=0.8015 val_prec_macro=0.7470 val_rec_macro=0.7702 val_metric_name=acc val_metric=0.8019
Step 1250 | loss 0.2488 | val_acc=0.8028 val_loss=0.7034 val_f1_macro=0.7564 val_f1_weighted=0.8022 val_prec_macro=0.7496 val_rec_macro=0.7681 val_metric_name=acc val_metric=0.8028
Step 1300 | loss 0.2264 | val_acc=0.8042 val_loss=0.7082 val_f1_macro=0.7591 val_f1_weighted=0.8038 val_prec_macro=0.7508 val_rec_macro=0.7714 val_metric_name=acc val_metric=0.8042
Step 1350 | loss 0.2198 | val_acc=0.8064 val_loss=0.7178 val_f1_macro=0.7630 val_f1_weighted=0.8061 val_prec_macro=0.7541 val_rec_macro=0.7754 val_metric_name=acc val_metric=0.8064
Step 1400 | loss 0.1976 | val_acc=0.8083 val_loss=0.7190 val_f1_macro=0.7662 val_f1_weighted=0.8078 val_prec_macro=0.7591 val_rec_macro=0.7759 val_metric_name=acc val_metric=0.8083
Step 1450 | loss 0.1898 | val_acc=0.8081 val_loss=0.7266 val_f1_macro=0.7625 val_f1_weighted=0.8075 val_prec_macro=0.7562 val_rec_macro=0.7717 val_metric_name=acc val_metric=0.8081
Step 1500 | loss 0.1768 | val_acc=0.8083 val_loss=0.7357 val_f1_macro=0.7638 val_f1_weighted=0.8078 val_prec_macro=0.7563 val_rec_macro=0.7745 val_metric_name=acc val_metric=0.8083
Step 1550 | loss 0.1673 | val_acc=0.8083 val_loss=0.7435 val_f1_macro=0.7646 val_f1_weighted=0.8078 val_prec_macro=0.7577 val_rec_macro=0.7742 val_metric_name=acc val_metric=0.8083
Step 1600 | loss 0.1552 | val_acc=0.8071 val_loss=0.7494 val_f1_macro=0.7609 val_f1_weighted=0.8064 val_prec_macro=0.7516 val_rec_macro=0.7726 val_metric_name=acc val_metric=0.8071
Step 1650 | loss 0.1454 | val_acc=0.8117 val_loss=0.7531 val_f1_macro=0.7674 val_f1_weighted=0.8110 val_prec_macro=0.7591 val_rec_macro=0.7784 val_metric_name=acc val_metric=0.8117
Step 1700 | loss 0.1439 | val_acc=0.8108 val_loss=0.7658 val_f1_macro=0.7665 val_f1_weighted=0.8102 val_prec_macro=0.7577 val_rec_macro=0.7780 val_metric_name=acc val_metric=0.8108
Step 1750 | loss 0.1376 | val_acc=0.8106 val_loss=0.7715 val_f1_macro=0.7644 val_f1_weighted=0.8100 val_prec_macro=0.7577 val_rec_macro=0.7740 val_metric_name=acc val_metric=0.8106
Step 1800 | loss 0.1317 | val_acc=0.8115 val_loss=0.7776 val_f1_macro=0.7658 val_f1_weighted=0.8107 val_prec_macro=0.7595 val_rec_macro=0.7747 val_metric_name=acc val_metric=0.8115
Step 1850 | loss 0.1252 | val_acc=0.8109 val_loss=0.7837 val_f1_macro=0.7665 val_f1_weighted=0.8105 val_prec_macro=0.7602 val_rec_macro=0.7753 val_metric_name=acc val_metric=0.8109
Step 1900 | loss 0.1207 | val_acc=0.8113 val_loss=0.7921 val_f1_macro=0.7669 val_f1_weighted=0.8109 val_prec_macro=0.7621 val_rec_macro=0.7742 val_metric_name=acc val_metric=0.8113
Step 1950 | loss 0.1128 | val_acc=0.8129 val_loss=0.7941 val_f1_macro=0.7693 val_f1_weighted=0.8124 val_prec_macro=0.7636 val_rec_macro=0.7773 val_metric_name=acc val_metric=0.8129
Step 2000 | loss 0.1051 | val_acc=0.8125 val_loss=0.8032 val_f1_macro=0.7680 val_f1_weighted=0.8116 val_prec_macro=0.7617 val_rec_macro=0.7767 val_metric_name=acc val_metric=0.8125
Step 2050 | loss 0.1036 | val_acc=0.8129 val_loss=0.8141 val_f1_macro=0.7688 val_f1_weighted=0.8122 val_prec_macro=0.7632 val_rec_macro=0.7764 val_metric_name=acc val_metric=0.8129
Step 2100 | loss 0.0975 | val_acc=0.8136 val_loss=0.8189 val_f1_macro=0.7699 val_f1_weighted=0.8127 val_prec_macro=0.7640 val_rec_macro=0.7782 val_metric_name=acc val_metric=0.8136
Step 2150 | loss 0.0919 | val_acc=0.8143 val_loss=0.8202 val_f1_macro=0.7708 val_f1_weighted=0.8136 val_prec_macro=0.7659 val_rec_macro=0.7782 val_metric_name=acc val_metric=0.8143
Step 2200 | loss 0.0869 | val_acc=0.8171 val_loss=0.8251 val_f1_macro=0.7730 val_f1_weighted=0.8165 val_prec_macro=0.7670 val_rec_macro=0.7814 val_metric_name=acc val_metric=0.8171
Step 2250 | loss 0.0866 | val_acc=0.8152 val_loss=0.8324 val_f1_macro=0.7709 val_f1_weighted=0.8142 val_prec_macro=0.7641 val_rec_macro=0.7801 val_metric_name=acc val_metric=0.8152
Step 2300 | loss 0.0820 | val_acc=0.8131 val_loss=0.8352 val_f1_macro=0.7690 val_f1_weighted=0.8124 val_prec_macro=0.7633 val_rec_macro=0.7768 val_metric_name=acc val_metric=0.8131
Step 2350 | loss 0.0778 | val_acc=0.8155 val_loss=0.8460 val_f1_macro=0.7715 val_f1_weighted=0.8150 val_prec_macro=0.7637 val_rec_macro=0.7816 val_metric_name=acc val_metric=0.8155
Step 2400 | loss 0.0748 | val_acc=0.8145 val_loss=0.8531 val_f1_macro=0.7719 val_f1_weighted=0.8144 val_prec_macro=0.7659 val_rec_macro=0.7802 val_metric_name=acc val_metric=0.8145
Step 2450 | loss 0.0704 | val_acc=0.8177 val_loss=0.8523 val_f1_macro=0.7741 val_f1_weighted=0.8167 val_prec_macro=0.7665 val_rec_macro=0.7839 val_metric_name=acc val_metric=0.8177
Step 2500 | loss 0.0697 | val_acc=0.8177 val_loss=0.8598 val_f1_macro=0.7742 val_f1_weighted=0.8168 val_prec_macro=0.7685 val_rec_macro=0.7819 val_metric_name=acc val_metric=0.8177
Step 2550 | loss 0.0650 | val_acc=0.8171 val_loss=0.8643 val_f1_macro=0.7754 val_f1_weighted=0.8163 val_prec_macro=0.7682 val_rec_macro=0.7853 val_metric_name=acc val_metric=0.8171
Step 2600 | loss 0.0646 | val_acc=0.8169 val_loss=0.8696 val_f1_macro=0.7733 val_f1_weighted=0.8160 val_prec_macro=0.7672 val_rec_macro=0.7816 val_metric_name=acc val_metric=0.8169
Step 2650 | loss 0.0662 | val_acc=0.8168 val_loss=0.8747 val_f1_macro=0.7718 val_f1_weighted=0.8157 val_prec_macro=0.7639 val_rec_macro=0.7821 val_metric_name=acc val_metric=0.8168
Step 2700 | loss 0.0633 | val_acc=0.8159 val_loss=0.8859 val_f1_macro=0.7730 val_f1_weighted=0.8150 val_prec_macro=0.7673 val_rec_macro=0.7812 val_metric_name=acc val_metric=0.8159
Step 2750 | loss 0.0567 | val_acc=0.8194 val_loss=0.8849 val_f1_macro=0.7764 val_f1_weighted=0.8182 val_prec_macro=0.7689 val_rec_macro=0.7862 val_metric_name=acc val_metric=0.8194
Step 2800 | loss 0.0544 | val_acc=0.8189 val_loss=0.8901 val_f1_macro=0.7769 val_f1_weighted=0.8182 val_prec_macro=0.7706 val_rec_macro=0.7854 val_metric_name=acc val_metric=0.8189
Step 2850 | loss 0.0518 | val_acc=0.8178 val_loss=0.8976 val_f1_macro=0.7755 val_f1_weighted=0.8170 val_prec_macro=0.7680 val_rec_macro=0.7851 val_metric_name=acc val_metric=0.8178
Step 2900 | loss 0.0531 | val_acc=0.8189 val_loss=0.8973 val_f1_macro=0.7769 val_f1_weighted=0.8182 val_prec_macro=0.7726 val_rec_macro=0.7831 val_metric_name=acc val_metric=0.8189
Step 2950 | loss 0.0498 | val_acc=0.8205 val_loss=0.9007 val_f1_macro=0.7791 val_f1_weighted=0.8198 val_prec_macro=0.7738 val_rec_macro=0.7863 val_metric_name=acc val_metric=0.8205
Step 3000 | loss 0.0512 | val_acc=0.8210 val_loss=0.9048 val_f1_macro=0.7797 val_f1_weighted=0.8202 val_prec_macro=0.7783 val_rec_macro=0.7834 val_metric_name=acc val_metric=0.8210
Step 3050 | loss 0.0526 | val_acc=0.8207 val_loss=0.9137 val_f1_macro=0.7766 val_f1_weighted=0.8193 val_prec_macro=0.7703 val_rec_macro=0.7850 val_metric_name=acc val_metric=0.8207
Step 3100 | loss 0.0435 | val_acc=0.8205 val_loss=0.9156 val_f1_macro=0.7765 val_f1_weighted=0.8193 val_prec_macro=0.7713 val_rec_macro=0.7836 val_metric_name=acc val_metric=0.8205
Step 3150 | loss 0.0454 | val_acc=0.8215 val_loss=0.9190 val_f1_macro=0.7799 val_f1_weighted=0.8207 val_prec_macro=0.7753 val_rec_macro=0.7866 val_metric_name=acc val_metric=0.8215
Step 3200 | loss 0.0444 | val_acc=0.8222 val_loss=0.9206 val_f1_macro=0.7816 val_f1_weighted=0.8216 val_prec_macro=0.7774 val_rec_macro=0.7878 val_metric_name=acc val_metric=0.8222
Step 3250 | loss 0.0441 | val_acc=0.8212 val_loss=0.9245 val_f1_macro=0.7800 val_f1_weighted=0.8206 val_prec_macro=0.7746 val_rec_macro=0.7874 val_metric_name=acc val_metric=0.8212
Step 3300 | loss 0.0437 | val_acc=0.8203 val_loss=0.9382 val_f1_macro=0.7801 val_f1_weighted=0.8197 val_prec_macro=0.7750 val_rec_macro=0.7875 val_metric_name=acc val_metric=0.8203
Step 3350 | loss 0.0407 | val_acc=0.8214 val_loss=0.9368 val_f1_macro=0.7808 val_f1_weighted=0.8204 val_prec_macro=0.7764 val_rec_macro=0.7870 val_metric_name=acc val_metric=0.8214
Step 3400 | loss 0.0398 | val_acc=0.8231 val_loss=0.9429 val_f1_macro=0.7820 val_f1_weighted=0.8224 val_prec_macro=0.7770 val_rec_macro=0.7893 val_metric_name=acc val_metric=0.8231
Step 3450 | loss 0.0366 | val_acc=0.8233 val_loss=0.9443 val_f1_macro=0.7831 val_f1_weighted=0.8226 val_prec_macro=0.7789 val_rec_macro=0.7894 val_metric_name=acc val_metric=0.8233
Step 3500 | loss 0.0394 | val_acc=0.8244 val_loss=0.9427 val_f1_macro=0.7854 val_f1_weighted=0.8242 val_prec_macro=0.7821 val_rec_macro=0.7907 val_metric_name=acc val_metric=0.8244
Step 3550 | loss 0.0361 | val_acc=0.8222 val_loss=0.9548 val_f1_macro=0.7816 val_f1_weighted=0.8213 val_prec_macro=0.7786 val_rec_macro=0.7870 val_metric_name=acc val_metric=0.8222
Step 3600 | loss 0.0333 | val_acc=0.8242 val_loss=0.9498 val_f1_macro=0.7833 val_f1_weighted=0.8233 val_prec_macro=0.7769 val_rec_macro=0.7913 val_metric_name=acc val_metric=0.8242
Step 3650 | loss 0.0357 | val_acc=0.8251 val_loss=0.9581 val_f1_macro=0.7836 val_f1_weighted=0.8239 val_prec_macro=0.7790 val_rec_macro=0.7901 val_metric_name=acc val_metric=0.8251
Step 3700 | loss 0.0334 | val_acc=0.8240 val_loss=0.9608 val_f1_macro=0.7839 val_f1_weighted=0.8232 val_prec_macro=0.7792 val_rec_macro=0.7901 val_metric_name=acc val_metric=0.8240
Step 3750 | loss 0.0321 | val_acc=0.8237 val_loss=0.9691 val_f1_macro=0.7833 val_f1_weighted=0.8227 val_prec_macro=0.7790 val_rec_macro=0.7894 val_metric_name=acc val_metric=0.8237
Step 3800 | loss 0.0353 | val_acc=0.8247 val_loss=0.9722 val_f1_macro=0.7836 val_f1_weighted=0.8233 val_prec_macro=0.7804 val_rec_macro=0.7883 val_metric_name=acc val_metric=0.8247
Step 3850 | loss 0.0295 | val_acc=0.8259 val_loss=0.9745 val_f1_macro=0.7842 val_f1_weighted=0.8249 val_prec_macro=0.7800 val_rec_macro=0.7902 val_metric_name=acc val_metric=0.8259
Step 3900 | loss 0.0283 | val_acc=0.8284 val_loss=0.9783 val_f1_macro=0.7878 val_f1_weighted=0.8272 val_prec_macro=0.7823 val_rec_macro=0.7950 val_metric_name=acc val_metric=0.8284
Step 3950 | loss 0.0278 | val_acc=0.8254 val_loss=0.9826 val_f1_macro=0.7847 val_f1_weighted=0.8243 val_prec_macro=0.7814 val_rec_macro=0.7898 val_metric_name=acc val_metric=0.8254
Step 4000 | loss 0.0259 | val_acc=0.8279 val_loss=0.9873 val_f1_macro=0.7879 val_f1_weighted=0.8268 val_prec_macro=0.7834 val_rec_macro=0.7940 val_metric_name=acc val_metric=0.8279
Step 4050 | loss 0.0237 | val_acc=0.8277 val_loss=0.9898 val_f1_macro=0.7873 val_f1_weighted=0.8264 val_prec_macro=0.7825 val_rec_macro=0.7940 val_metric_name=acc val_metric=0.8277
Step 4100 | loss 0.0263 | val_acc=0.8267 val_loss=0.9949 val_f1_macro=0.7872 val_f1_weighted=0.8256 val_prec_macro=0.7814 val_rec_macro=0.7947 val_metric_name=acc val_metric=0.8267
Step 4150 | loss 0.0231 | val_acc=0.8268 val_loss=1.0017 val_f1_macro=0.7861 val_f1_weighted=0.8255 val_prec_macro=0.7797 val_rec_macro=0.7943 val_metric_name=acc val_metric=0.8268
Step 4200 | loss 0.0258 | val_acc=0.8277 val_loss=1.0010 val_f1_macro=0.7876 val_f1_weighted=0.8269 val_prec_macro=0.7848 val_rec_macro=0.7920 val_metric_name=acc val_metric=0.8277
Step 4250 | loss 0.0238 | val_acc=0.8275 val_loss=1.0100 val_f1_macro=0.7876 val_f1_weighted=0.8266 val_prec_macro=0.7812 val_rec_macro=0.7956 val_metric_name=acc val_metric=0.8275
Step 4300 | loss 0.0255 | val_acc=0.8270 val_loss=1.0038 val_f1_macro=0.7879 val_f1_weighted=0.8259 val_prec_macro=0.7844 val_rec_macro=0.7929 val_metric_name=acc val_metric=0.8270
Step 4350 | loss 0.0229 | val_acc=0.8265 val_loss=1.0122 val_f1_macro=0.7875 val_f1_weighted=0.8256 val_prec_macro=0.7831 val_rec_macro=0.7934 val_metric_name=acc val_metric=0.8265
Step 4400 | loss 0.0228 | val_acc=0.8295 val_loss=1.0154 val_f1_macro=0.7911 val_f1_weighted=0.8281 val_prec_macro=0.7872 val_rec_macro=0.7966 val_metric_name=acc val_metric=0.8295
Step 4450 | loss 0.0197 | val_acc=0.8291 val_loss=1.0170 val_f1_macro=0.7890 val_f1_weighted=0.8279 val_prec_macro=0.7850 val_rec_macro=0.7946 val_metric_name=acc val_metric=0.8291
Step 4500 | loss 0.0233 | val_acc=0.8300 val_loss=1.0193 val_f1_macro=0.7903 val_f1_weighted=0.8287 val_prec_macro=0.7847 val_rec_macro=0.7973 val_metric_name=acc val_metric=0.8300
Step 4550 | loss 0.0205 | val_acc=0.8286 val_loss=1.0242 val_f1_macro=0.7890 val_f1_weighted=0.8274 val_prec_macro=0.7845 val_rec_macro=0.7952 val_metric_name=acc val_metric=0.8286
Step 4600 | loss 0.0203 | val_acc=0.8245 val_loss=1.0258 val_f1_macro=0.7837 val_f1_weighted=0.8239 val_prec_macro=0.7798 val_rec_macro=0.7891 val_metric_name=acc val_metric=0.8245
Step 4650 | loss 0.0187 | val_acc=0.8289 val_loss=1.0332 val_f1_macro=0.7884 val_f1_weighted=0.8275 val_prec_macro=0.7854 val_rec_macro=0.7931 val_metric_name=acc val_metric=0.8289
Step 4700 | loss 0.0208 | val_acc=0.8263 val_loss=1.0359 val_f1_macro=0.7847 val_f1_weighted=0.8255 val_prec_macro=0.7802 val_rec_macro=0.7911 val_metric_name=acc val_metric=0.8263
Step 4750 | loss 0.0206 | val_acc=0.8284 val_loss=1.0389 val_f1_macro=0.7885 val_f1_weighted=0.8275 val_prec_macro=0.7850 val_rec_macro=0.7936 val_metric_name=acc val_metric=0.8284
Early stopping at step 4779

--- Final (best ckpt @ step 4420) ---
  train_acc=1.0000 train_loss=0.0003 train_f1_macro=1.0000 train_f1_weighted=1.0000 train_prec_macro=1.0000 train_rec_macro=1.0000 train_metric_name=acc train_metric=1.0000
  val_acc=0.8309 val_loss=1.0135 val_f1_macro=0.7889 val_f1_weighted=0.8292 val_prec_macro=0.7836 val_rec_macro=0.7959 val_metric_name=acc val_metric=0.8309
  test_acc=0.8390 test_loss=0.9101 test_f1_macro=0.7993 test_f1_weighted=0.8376 test_prec_macro=0.7938 test_rec_macro=0.8074 test_metric_name=acc test_metric=0.8390
  test_acc=0.8390

============================================================
Training roman-empire GAT 5L h=384 lr=6e-05 split=6
============================================================
Training for 5000 steps
Step    1 | loss 2.8796 | val_acc=0.1437 val_loss=2.6341 val_f1_macro=0.0413 val_f1_weighted=0.0954 val_prec_macro=0.0580 val_rec_macro=0.0616 val_metric_name=acc val_metric=0.1437
Step   50 | loss 1.8424 | val_acc=0.4650 val_loss=1.6948 val_f1_macro=0.3016 val_f1_weighted=0.4200 val_prec_macro=0.3340 val_rec_macro=0.3350 val_metric_name=acc val_metric=0.4650
Step  100 | loss 1.3483 | val_acc=0.6007 val_loss=1.2521 val_f1_macro=0.4797 val_f1_weighted=0.5727 val_prec_macro=0.4989 val_rec_macro=0.5039 val_metric_name=acc val_metric=0.6007
Step  150 | loss 1.0690 | val_acc=0.6715 val_loss=1.0204 val_f1_macro=0.5761 val_f1_weighted=0.6585 val_prec_macro=0.5871 val_rec_macro=0.5939 val_metric_name=acc val_metric=0.6715
Step  200 | loss 0.8791 | val_acc=0.7154 val_loss=0.8786 val_f1_macro=0.6357 val_f1_weighted=0.7088 val_prec_macro=0.6366 val_rec_macro=0.6520 val_metric_name=acc val_metric=0.7154
Step  250 | loss 0.7476 | val_acc=0.7430 val_loss=0.7950 val_f1_macro=0.6734 val_f1_weighted=0.7387 val_prec_macro=0.6735 val_rec_macro=0.6882 val_metric_name=acc val_metric=0.7430
Step  300 | loss 0.6478 | val_acc=0.7647 val_loss=0.7459 val_f1_macro=0.7026 val_f1_weighted=0.7619 val_prec_macro=0.6967 val_rec_macro=0.7190 val_metric_name=acc val_metric=0.7647
Step  350 | loss 0.5654 | val_acc=0.7744 val_loss=0.7183 val_f1_macro=0.7170 val_f1_weighted=0.7728 val_prec_macro=0.7110 val_rec_macro=0.7312 val_metric_name=acc val_metric=0.7744
Step  400 | loss 0.4815 | val_acc=0.7827 val_loss=0.6950 val_f1_macro=0.7280 val_f1_weighted=0.7809 val_prec_macro=0.7217 val_rec_macro=0.7410 val_metric_name=acc val_metric=0.7827
Step  450 | loss 0.4260 | val_acc=0.7883 val_loss=0.6847 val_f1_macro=0.7363 val_f1_weighted=0.7867 val_prec_macro=0.7302 val_rec_macro=0.7490 val_metric_name=acc val_metric=0.7883
Step  500 | loss 0.3743 | val_acc=0.7944 val_loss=0.6854 val_f1_macro=0.7467 val_f1_weighted=0.7930 val_prec_macro=0.7368 val_rec_macro=0.7631 val_metric_name=acc val_metric=0.7944
Step  550 | loss 0.3238 | val_acc=0.8007 val_loss=0.6851 val_f1_macro=0.7554 val_f1_weighted=0.8000 val_prec_macro=0.7455 val_rec_macro=0.7707 val_metric_name=acc val_metric=0.8007
Step  600 | loss 0.2886 | val_acc=0.8018 val_loss=0.6923 val_f1_macro=0.7551 val_f1_weighted=0.8016 val_prec_macro=0.7473 val_rec_macro=0.7678 val_metric_name=acc val_metric=0.8018
Step  650 | loss 0.2475 | val_acc=0.8042 val_loss=0.7035 val_f1_macro=0.7573 val_f1_weighted=0.8035 val_prec_macro=0.7488 val_rec_macro=0.7703 val_metric_name=acc val_metric=0.8042
Step  700 | loss 0.2240 | val_acc=0.8037 val_loss=0.7169 val_f1_macro=0.7581 val_f1_weighted=0.8032 val_prec_macro=0.7504 val_rec_macro=0.7700 val_metric_name=acc val_metric=0.8037
Step  750 | loss 0.1917 | val_acc=0.8067 val_loss=0.7283 val_f1_macro=0.7619 val_f1_weighted=0.8065 val_prec_macro=0.7530 val_rec_macro=0.7746 val_metric_name=acc val_metric=0.8067
Step  800 | loss 0.1791 | val_acc=0.8101 val_loss=0.7400 val_f1_macro=0.7647 val_f1_weighted=0.8090 val_prec_macro=0.7561 val_rec_macro=0.7774 val_metric_name=acc val_metric=0.8101
Step  850 | loss 0.1531 | val_acc=0.8101 val_loss=0.7441 val_f1_macro=0.7642 val_f1_weighted=0.8095 val_prec_macro=0.7561 val_rec_macro=0.7751 val_metric_name=acc val_metric=0.8101
Step  900 | loss 0.1401 | val_acc=0.8127 val_loss=0.7610 val_f1_macro=0.7689 val_f1_weighted=0.8120 val_prec_macro=0.7595 val_rec_macro=0.7813 val_metric_name=acc val_metric=0.8127
Step  950 | loss 0.1312 | val_acc=0.8138 val_loss=0.7736 val_f1_macro=0.7678 val_f1_weighted=0.8129 val_prec_macro=0.7619 val_rec_macro=0.7762 val_metric_name=acc val_metric=0.8138
Step 1000 | loss 0.1231 | val_acc=0.8125 val_loss=0.7925 val_f1_macro=0.7688 val_f1_weighted=0.8129 val_prec_macro=0.7628 val_rec_macro=0.7781 val_metric_name=acc val_metric=0.8125
Step 1050 | loss 0.1127 | val_acc=0.8159 val_loss=0.7980 val_f1_macro=0.7705 val_f1_weighted=0.8150 val_prec_macro=0.7632 val_rec_macro=0.7807 val_metric_name=acc val_metric=0.8159
Step 1100 | loss 0.1008 | val_acc=0.8157 val_loss=0.8114 val_f1_macro=0.7707 val_f1_weighted=0.8155 val_prec_macro=0.7651 val_rec_macro=0.7787 val_metric_name=acc val_metric=0.8157
Step 1150 | loss 0.0906 | val_acc=0.8148 val_loss=0.8273 val_f1_macro=0.7691 val_f1_weighted=0.8138 val_prec_macro=0.7619 val_rec_macro=0.7794 val_metric_name=acc val_metric=0.8148
Step 1200 | loss 0.0888 | val_acc=0.8203 val_loss=0.8276 val_f1_macro=0.7774 val_f1_weighted=0.8195 val_prec_macro=0.7701 val_rec_macro=0.7867 val_metric_name=acc val_metric=0.8203
Step 1250 | loss 0.0811 | val_acc=0.8169 val_loss=0.8390 val_f1_macro=0.7717 val_f1_weighted=0.8164 val_prec_macro=0.7654 val_rec_macro=0.7805 val_metric_name=acc val_metric=0.8169
Step 1300 | loss 0.0712 | val_acc=0.8191 val_loss=0.8457 val_f1_macro=0.7728 val_f1_weighted=0.8180 val_prec_macro=0.7678 val_rec_macro=0.7802 val_metric_name=acc val_metric=0.8191
Step 1350 | loss 0.0717 | val_acc=0.8189 val_loss=0.8596 val_f1_macro=0.7750 val_f1_weighted=0.8183 val_prec_macro=0.7689 val_rec_macro=0.7832 val_metric_name=acc val_metric=0.8189
Step 1400 | loss 0.0611 | val_acc=0.8198 val_loss=0.8664 val_f1_macro=0.7754 val_f1_weighted=0.8192 val_prec_macro=0.7689 val_rec_macro=0.7837 val_metric_name=acc val_metric=0.8198
Step 1450 | loss 0.0593 | val_acc=0.8198 val_loss=0.8748 val_f1_macro=0.7759 val_f1_weighted=0.8190 val_prec_macro=0.7686 val_rec_macro=0.7860 val_metric_name=acc val_metric=0.8198
Step 1500 | loss 0.0591 | val_acc=0.8208 val_loss=0.8843 val_f1_macro=0.7760 val_f1_weighted=0.8200 val_prec_macro=0.7700 val_rec_macro=0.7844 val_metric_name=acc val_metric=0.8208
Step 1550 | loss 0.0510 | val_acc=0.8180 val_loss=0.8944 val_f1_macro=0.7723 val_f1_weighted=0.8171 val_prec_macro=0.7649 val_rec_macro=0.7827 val_metric_name=acc val_metric=0.8180
Step 1600 | loss 0.0483 | val_acc=0.8222 val_loss=0.9026 val_f1_macro=0.7788 val_f1_weighted=0.8208 val_prec_macro=0.7708 val_rec_macro=0.7889 val_metric_name=acc val_metric=0.8222
Step 1650 | loss 0.0439 | val_acc=0.8233 val_loss=0.9067 val_f1_macro=0.7793 val_f1_weighted=0.8225 val_prec_macro=0.7720 val_rec_macro=0.7887 val_metric_name=acc val_metric=0.8233
Step 1700 | loss 0.0446 | val_acc=0.8235 val_loss=0.9219 val_f1_macro=0.7793 val_f1_weighted=0.8225 val_prec_macro=0.7710 val_rec_macro=0.7901 val_metric_name=acc val_metric=0.8235
Step 1750 | loss 0.0397 | val_acc=0.8235 val_loss=0.9190 val_f1_macro=0.7812 val_f1_weighted=0.8222 val_prec_macro=0.7771 val_rec_macro=0.7875 val_metric_name=acc val_metric=0.8235
Step 1800 | loss 0.0404 | val_acc=0.8233 val_loss=0.9264 val_f1_macro=0.7779 val_f1_weighted=0.8220 val_prec_macro=0.7724 val_rec_macro=0.7859 val_metric_name=acc val_metric=0.8233
Step 1850 | loss 0.0401 | val_acc=0.8238 val_loss=0.9342 val_f1_macro=0.7817 val_f1_weighted=0.8230 val_prec_macro=0.7784 val_rec_macro=0.7875 val_metric_name=acc val_metric=0.8238
Step 1900 | loss 0.0377 | val_acc=0.8238 val_loss=0.9488 val_f1_macro=0.7797 val_f1_weighted=0.8233 val_prec_macro=0.7759 val_rec_macro=0.7861 val_metric_name=acc val_metric=0.8238
Step 1950 | loss 0.0353 | val_acc=0.8251 val_loss=0.9522 val_f1_macro=0.7813 val_f1_weighted=0.8240 val_prec_macro=0.7782 val_rec_macro=0.7873 val_metric_name=acc val_metric=0.8251
Step 2000 | loss 0.0323 | val_acc=0.8247 val_loss=0.9619 val_f1_macro=0.7802 val_f1_weighted=0.8235 val_prec_macro=0.7761 val_rec_macro=0.7863 val_metric_name=acc val_metric=0.8247
Step 2050 | loss 0.0321 | val_acc=0.8256 val_loss=0.9666 val_f1_macro=0.7818 val_f1_weighted=0.8242 val_prec_macro=0.7784 val_rec_macro=0.7873 val_metric_name=acc val_metric=0.8256
Step 2100 | loss 0.0303 | val_acc=0.8261 val_loss=0.9736 val_f1_macro=0.7826 val_f1_weighted=0.8244 val_prec_macro=0.7750 val_rec_macro=0.7929 val_metric_name=acc val_metric=0.8261
Step 2150 | loss 0.0287 | val_acc=0.8272 val_loss=0.9755 val_f1_macro=0.7839 val_f1_weighted=0.8261 val_prec_macro=0.7809 val_rec_macro=0.7892 val_metric_name=acc val_metric=0.8272
Step 2200 | loss 0.0266 | val_acc=0.8254 val_loss=0.9796 val_f1_macro=0.7834 val_f1_weighted=0.8246 val_prec_macro=0.7785 val_rec_macro=0.7903 val_metric_name=acc val_metric=0.8254
Step 2250 | loss 0.0265 | val_acc=0.8288 val_loss=0.9868 val_f1_macro=0.7858 val_f1_weighted=0.8273 val_prec_macro=0.7817 val_rec_macro=0.7920 val_metric_name=acc val_metric=0.8288
Step 2300 | loss 0.0253 | val_acc=0.8289 val_loss=0.9897 val_f1_macro=0.7876 val_f1_weighted=0.8275 val_prec_macro=0.7845 val_rec_macro=0.7924 val_metric_name=acc val_metric=0.8289
Step 2350 | loss 0.0242 | val_acc=0.8270 val_loss=0.9994 val_f1_macro=0.7850 val_f1_weighted=0.8255 val_prec_macro=0.7803 val_rec_macro=0.7919 val_metric_name=acc val_metric=0.8270
Step 2400 | loss 0.0226 | val_acc=0.8288 val_loss=1.0040 val_f1_macro=0.7874 val_f1_weighted=0.8282 val_prec_macro=0.7817 val_rec_macro=0.7952 val_metric_name=acc val_metric=0.8288
Step 2450 | loss 0.0207 | val_acc=0.8305 val_loss=1.0043 val_f1_macro=0.7880 val_f1_weighted=0.8291 val_prec_macro=0.7817 val_rec_macro=0.7963 val_metric_name=acc val_metric=0.8305
Step 2500 | loss 0.0217 | val_acc=0.8289 val_loss=1.0154 val_f1_macro=0.7850 val_f1_weighted=0.8278 val_prec_macro=0.7807 val_rec_macro=0.7913 val_metric_name=acc val_metric=0.8289
Step 2550 | loss 0.0188 | val_acc=0.8321 val_loss=1.0190 val_f1_macro=0.7902 val_f1_weighted=0.8308 val_prec_macro=0.7852 val_rec_macro=0.7972 val_metric_name=acc val_metric=0.8321
Step 2600 | loss 0.0193 | val_acc=0.8320 val_loss=1.0201 val_f1_macro=0.7886 val_f1_weighted=0.8307 val_prec_macro=0.7849 val_rec_macro=0.7946 val_metric_name=acc val_metric=0.8320
Step 2650 | loss 0.0198 | val_acc=0.8321 val_loss=1.0242 val_f1_macro=0.7905 val_f1_weighted=0.8308 val_prec_macro=0.7876 val_rec_macro=0.7949 val_metric_name=acc val_metric=0.8321
Step 2700 | loss 0.0199 | val_acc=0.8314 val_loss=1.0373 val_f1_macro=0.7887 val_f1_weighted=0.8299 val_prec_macro=0.7857 val_rec_macro=0.7937 val_metric_name=acc val_metric=0.8314
Step 2750 | loss 0.0192 | val_acc=0.8320 val_loss=1.0366 val_f1_macro=0.7902 val_f1_weighted=0.8308 val_prec_macro=0.7860 val_rec_macro=0.7960 val_metric_name=acc val_metric=0.8320
Step 2800 | loss 0.0177 | val_acc=0.8295 val_loss=1.0403 val_f1_macro=0.7865 val_f1_weighted=0.8288 val_prec_macro=0.7825 val_rec_macro=0.7922 val_metric_name=acc val_metric=0.8295
Step 2850 | loss 0.0146 | val_acc=0.8295 val_loss=1.0507 val_f1_macro=0.7864 val_f1_weighted=0.8279 val_prec_macro=0.7805 val_rec_macro=0.7945 val_metric_name=acc val_metric=0.8295
Step 2900 | loss 0.0169 | val_acc=0.8327 val_loss=1.0515 val_f1_macro=0.7896 val_f1_weighted=0.8312 val_prec_macro=0.7856 val_rec_macro=0.7957 val_metric_name=acc val_metric=0.8327
Step 2950 | loss 0.0167 | val_acc=0.8325 val_loss=1.0549 val_f1_macro=0.7920 val_f1_weighted=0.8316 val_prec_macro=0.7888 val_rec_macro=0.7968 val_metric_name=acc val_metric=0.8325
Step 3000 | loss 0.0167 | val_acc=0.8318 val_loss=1.0574 val_f1_macro=0.7892 val_f1_weighted=0.8305 val_prec_macro=0.7889 val_rec_macro=0.7914 val_metric_name=acc val_metric=0.8318
Step 3050 | loss 0.0159 | val_acc=0.8304 val_loss=1.0651 val_f1_macro=0.7886 val_f1_weighted=0.8290 val_prec_macro=0.7854 val_rec_macro=0.7936 val_metric_name=acc val_metric=0.8304
Step 3100 | loss 0.0150 | val_acc=0.8316 val_loss=1.0658 val_f1_macro=0.7882 val_f1_weighted=0.8302 val_prec_macro=0.7848 val_rec_macro=0.7932 val_metric_name=acc val_metric=0.8316
Step 3150 | loss 0.0148 | val_acc=0.8325 val_loss=1.0671 val_f1_macro=0.7915 val_f1_weighted=0.8307 val_prec_macro=0.7883 val_rec_macro=0.7967 val_metric_name=acc val_metric=0.8325
Step 3200 | loss 0.0145 | val_acc=0.8330 val_loss=1.0675 val_f1_macro=0.7913 val_f1_weighted=0.8316 val_prec_macro=0.7863 val_rec_macro=0.7977 val_metric_name=acc val_metric=0.8330
Step 3250 | loss 0.0151 | val_acc=0.8325 val_loss=1.0789 val_f1_macro=0.7928 val_f1_weighted=0.8314 val_prec_macro=0.7883 val_rec_macro=0.7990 val_metric_name=acc val_metric=0.8325
Step 3300 | loss 0.0149 | val_acc=0.8311 val_loss=1.0894 val_f1_macro=0.7907 val_f1_weighted=0.8298 val_prec_macro=0.7871 val_rec_macro=0.7960 val_metric_name=acc val_metric=0.8311
Step 3350 | loss 0.0143 | val_acc=0.8307 val_loss=1.0866 val_f1_macro=0.7905 val_f1_weighted=0.8297 val_prec_macro=0.7874 val_rec_macro=0.7954 val_metric_name=acc val_metric=0.8307
Step 3400 | loss 0.0131 | val_acc=0.8337 val_loss=1.0917 val_f1_macro=0.7937 val_f1_weighted=0.8325 val_prec_macro=0.7888 val_rec_macro=0.8004 val_metric_name=acc val_metric=0.8337
Step 3450 | loss 0.0123 | val_acc=0.8341 val_loss=1.0894 val_f1_macro=0.7957 val_f1_weighted=0.8333 val_prec_macro=0.7927 val_rec_macro=0.8002 val_metric_name=acc val_metric=0.8341
Step 3500 | loss 0.0118 | val_acc=0.8342 val_loss=1.0901 val_f1_macro=0.7938 val_f1_weighted=0.8334 val_prec_macro=0.7898 val_rec_macro=0.7990 val_metric_name=acc val_metric=0.8342
Step 3550 | loss 0.0119 | val_acc=0.8337 val_loss=1.1025 val_f1_macro=0.7916 val_f1_weighted=0.8319 val_prec_macro=0.7897 val_rec_macro=0.7957 val_metric_name=acc val_metric=0.8337
Step 3600 | loss 0.0101 | val_acc=0.8351 val_loss=1.0990 val_f1_macro=0.7942 val_f1_weighted=0.8336 val_prec_macro=0.7906 val_rec_macro=0.7995 val_metric_name=acc val_metric=0.8351
Step 3650 | loss 0.0111 | val_acc=0.8321 val_loss=1.1068 val_f1_macro=0.7914 val_f1_weighted=0.8307 val_prec_macro=0.7858 val_rec_macro=0.7987 val_metric_name=acc val_metric=0.8321
Step 3700 | loss 0.0101 | val_acc=0.8339 val_loss=1.1118 val_f1_macro=0.7932 val_f1_weighted=0.8329 val_prec_macro=0.7900 val_rec_macro=0.7980 val_metric_name=acc val_metric=0.8339
Early stopping at step 3720

--- Final (best ckpt @ step 3420) ---
  train_acc=1.0000 train_loss=0.0001 train_f1_macro=1.0000 train_f1_weighted=1.0000 train_prec_macro=1.0000 train_rec_macro=1.0000 train_metric_name=acc train_metric=1.0000
  val_acc=0.8369 val_loss=1.0908 val_f1_macro=0.7952 val_f1_weighted=0.8353 val_prec_macro=0.7922 val_rec_macro=0.8002 val_metric_name=acc val_metric=0.8369
  test_acc=0.8459 test_loss=0.9720 test_f1_macro=0.8092 test_f1_weighted=0.8446 test_prec_macro=0.8049 test_rec_macro=0.8152 test_metric_name=acc test_metric=0.8459
  test_acc=0.8459

============================================================
Training roman-empire GAT 5L h=384 lr=0.0001 split=6
============================================================
Training for 5000 steps
Step    1 | loss 2.8796 | val_acc=0.1417 val_loss=2.6581 val_f1_macro=0.0348 val_f1_weighted=0.0814 val_prec_macro=0.0432 val_rec_macro=0.0615 val_metric_name=acc val_metric=0.1417
Step   50 | loss 1.5611 | val_acc=0.5409 val_loss=1.4339 val_f1_macro=0.3842 val_f1_weighted=0.4971 val_prec_macro=0.4249 val_rec_macro=0.4132 val_metric_name=acc val_metric=0.5409
Step  100 | loss 1.0706 | val_acc=0.6699 val_loss=1.0297 val_f1_macro=0.5740 val_f1_weighted=0.6562 val_prec_macro=0.5831 val_rec_macro=0.5928 val_metric_name=acc val_metric=0.6699
Step  150 | loss 0.8005 | val_acc=0.7365 val_loss=0.8211 val_f1_macro=0.6660 val_f1_weighted=0.7312 val_prec_macro=0.6640 val_rec_macro=0.6821 val_metric_name=acc val_metric=0.7365
Step  200 | loss 0.6271 | val_acc=0.7652 val_loss=0.7368 val_f1_macro=0.7021 val_f1_weighted=0.7616 val_prec_macro=0.6945 val_rec_macro=0.7197 val_metric_name=acc val_metric=0.7652
Step  250 | loss 0.5067 | val_acc=0.7822 val_loss=0.6924 val_f1_macro=0.7250 val_f1_weighted=0.7803 val_prec_macro=0.7160 val_rec_macro=0.7399 val_metric_name=acc val_metric=0.7822
Step  300 | loss 0.4142 | val_acc=0.7924 val_loss=0.6805 val_f1_macro=0.7412 val_f1_weighted=0.7910 val_prec_macro=0.7294 val_rec_macro=0.7600 val_metric_name=acc val_metric=0.7924
Step  350 | loss 0.3390 | val_acc=0.8002 val_loss=0.6808 val_f1_macro=0.7525 val_f1_weighted=0.7987 val_prec_macro=0.7397 val_rec_macro=0.7725 val_metric_name=acc val_metric=0.8002
Step  400 | loss 0.2708 | val_acc=0.8028 val_loss=0.6940 val_f1_macro=0.7576 val_f1_weighted=0.8018 val_prec_macro=0.7458 val_rec_macro=0.7740 val_metric_name=acc val_metric=0.8028
Step  450 | loss 0.2248 | val_acc=0.8069 val_loss=0.7125 val_f1_macro=0.7629 val_f1_weighted=0.8053 val_prec_macro=0.7531 val_rec_macro=0.7773 val_metric_name=acc val_metric=0.8069
Step  500 | loss 0.1883 | val_acc=0.8090 val_loss=0.7341 val_f1_macro=0.7643 val_f1_weighted=0.8077 val_prec_macro=0.7537 val_rec_macro=0.7792 val_metric_name=acc val_metric=0.8090
Step  550 | loss 0.1562 | val_acc=0.8115 val_loss=0.7532 val_f1_macro=0.7667 val_f1_weighted=0.8105 val_prec_macro=0.7574 val_rec_macro=0.7795 val_metric_name=acc val_metric=0.8115
Step  600 | loss 0.1355 | val_acc=0.8131 val_loss=0.7695 val_f1_macro=0.7696 val_f1_weighted=0.8121 val_prec_macro=0.7610 val_rec_macro=0.7818 val_metric_name=acc val_metric=0.8131
Step  650 | loss 0.1130 | val_acc=0.8148 val_loss=0.7918 val_f1_macro=0.7712 val_f1_weighted=0.8137 val_prec_macro=0.7628 val_rec_macro=0.7828 val_metric_name=acc val_metric=0.8148
Step  700 | loss 0.1031 | val_acc=0.8155 val_loss=0.8161 val_f1_macro=0.7720 val_f1_weighted=0.8144 val_prec_macro=0.7634 val_rec_macro=0.7838 val_metric_name=acc val_metric=0.8155
Step  750 | loss 0.0810 | val_acc=0.8182 val_loss=0.8310 val_f1_macro=0.7758 val_f1_weighted=0.8173 val_prec_macro=0.7654 val_rec_macro=0.7891 val_metric_name=acc val_metric=0.8182
Step  800 | loss 0.0806 | val_acc=0.8157 val_loss=0.8472 val_f1_macro=0.7701 val_f1_weighted=0.8138 val_prec_macro=0.7593 val_rec_macro=0.7844 val_metric_name=acc val_metric=0.8157
Step  850 | loss 0.0654 | val_acc=0.8228 val_loss=0.8479 val_f1_macro=0.7787 val_f1_weighted=0.8216 val_prec_macro=0.7699 val_rec_macro=0.7903 val_metric_name=acc val_metric=0.8228
Step  900 | loss 0.0596 | val_acc=0.8201 val_loss=0.8711 val_f1_macro=0.7772 val_f1_weighted=0.8188 val_prec_macro=0.7687 val_rec_macro=0.7882 val_metric_name=acc val_metric=0.8201
Step  950 | loss 0.0593 | val_acc=0.8215 val_loss=0.8865 val_f1_macro=0.7787 val_f1_weighted=0.8203 val_prec_macro=0.7700 val_rec_macro=0.7900 val_metric_name=acc val_metric=0.8215
Step 1000 | loss 0.0567 | val_acc=0.8208 val_loss=0.8968 val_f1_macro=0.7769 val_f1_weighted=0.8203 val_prec_macro=0.7688 val_rec_macro=0.7878 val_metric_name=acc val_metric=0.8208
Step 1050 | loss 0.0508 | val_acc=0.8221 val_loss=0.9094 val_f1_macro=0.7786 val_f1_weighted=0.8208 val_prec_macro=0.7704 val_rec_macro=0.7891 val_metric_name=acc val_metric=0.8221
Step 1100 | loss 0.0436 | val_acc=0.8217 val_loss=0.9213 val_f1_macro=0.7804 val_f1_weighted=0.8211 val_prec_macro=0.7738 val_rec_macro=0.7887 val_metric_name=acc val_metric=0.8217
Step 1150 | loss 0.0388 | val_acc=0.8214 val_loss=0.9345 val_f1_macro=0.7760 val_f1_weighted=0.8200 val_prec_macro=0.7675 val_rec_macro=0.7870 val_metric_name=acc val_metric=0.8214
Step 1200 | loss 0.0423 | val_acc=0.8242 val_loss=0.9388 val_f1_macro=0.7833 val_f1_weighted=0.8234 val_prec_macro=0.7766 val_rec_macro=0.7916 val_metric_name=acc val_metric=0.8242
Step 1250 | loss 0.0338 | val_acc=0.8251 val_loss=0.9584 val_f1_macro=0.7808 val_f1_weighted=0.8242 val_prec_macro=0.7732 val_rec_macro=0.7909 val_metric_name=acc val_metric=0.8251
Step 1300 | loss 0.0294 | val_acc=0.8274 val_loss=0.9623 val_f1_macro=0.7840 val_f1_weighted=0.8260 val_prec_macro=0.7796 val_rec_macro=0.7912 val_metric_name=acc val_metric=0.8274
Step 1350 | loss 0.0307 | val_acc=0.8254 val_loss=0.9714 val_f1_macro=0.7828 val_f1_weighted=0.8241 val_prec_macro=0.7776 val_rec_macro=0.7901 val_metric_name=acc val_metric=0.8254
Step 1400 | loss 0.0269 | val_acc=0.8258 val_loss=0.9910 val_f1_macro=0.7841 val_f1_weighted=0.8243 val_prec_macro=0.7801 val_rec_macro=0.7900 val_metric_name=acc val_metric=0.8258
Step 1450 | loss 0.0248 | val_acc=0.8240 val_loss=0.9845 val_f1_macro=0.7809 val_f1_weighted=0.8231 val_prec_macro=0.7747 val_rec_macro=0.7897 val_metric_name=acc val_metric=0.8240
Step 1500 | loss 0.0272 | val_acc=0.8261 val_loss=0.9965 val_f1_macro=0.7850 val_f1_weighted=0.8251 val_prec_macro=0.7806 val_rec_macro=0.7911 val_metric_name=acc val_metric=0.8261
Step 1550 | loss 0.0217 | val_acc=0.8252 val_loss=1.0094 val_f1_macro=0.7834 val_f1_weighted=0.8238 val_prec_macro=0.7781 val_rec_macro=0.7908 val_metric_name=acc val_metric=0.8252
Step 1600 | loss 0.0215 | val_acc=0.8279 val_loss=1.0105 val_f1_macro=0.7856 val_f1_weighted=0.8262 val_prec_macro=0.7793 val_rec_macro=0.7937 val_metric_name=acc val_metric=0.8279
Step 1650 | loss 0.0186 | val_acc=0.8268 val_loss=1.0179 val_f1_macro=0.7846 val_f1_weighted=0.8255 val_prec_macro=0.7785 val_rec_macro=0.7927 val_metric_name=acc val_metric=0.8268
Step 1700 | loss 0.0202 | val_acc=0.8289 val_loss=1.0246 val_f1_macro=0.7870 val_f1_weighted=0.8279 val_prec_macro=0.7804 val_rec_macro=0.7954 val_metric_name=acc val_metric=0.8289
Step 1750 | loss 0.0175 | val_acc=0.8282 val_loss=1.0257 val_f1_macro=0.7865 val_f1_weighted=0.8267 val_prec_macro=0.7816 val_rec_macro=0.7938 val_metric_name=acc val_metric=0.8282
Step 1800 | loss 0.0185 | val_acc=0.8293 val_loss=1.0385 val_f1_macro=0.7879 val_f1_weighted=0.8275 val_prec_macro=0.7837 val_rec_macro=0.7942 val_metric_name=acc val_metric=0.8293
Step 1850 | loss 0.0168 | val_acc=0.8293 val_loss=1.0303 val_f1_macro=0.7883 val_f1_weighted=0.8281 val_prec_macro=0.7863 val_rec_macro=0.7921 val_metric_name=acc val_metric=0.8293
Step 1900 | loss 0.0175 | val_acc=0.8305 val_loss=1.0536 val_f1_macro=0.7885 val_f1_weighted=0.8294 val_prec_macro=0.7809 val_rec_macro=0.7985 val_metric_name=acc val_metric=0.8305
Step 1950 | loss 0.0172 | val_acc=0.8320 val_loss=1.0590 val_f1_macro=0.7897 val_f1_weighted=0.8303 val_prec_macro=0.7858 val_rec_macro=0.7960 val_metric_name=acc val_metric=0.8320
Step 2000 | loss 0.0151 | val_acc=0.8305 val_loss=1.0610 val_f1_macro=0.7888 val_f1_weighted=0.8290 val_prec_macro=0.7851 val_rec_macro=0.7949 val_metric_name=acc val_metric=0.8305
Step 2050 | loss 0.0146 | val_acc=0.8295 val_loss=1.0687 val_f1_macro=0.7875 val_f1_weighted=0.8282 val_prec_macro=0.7832 val_rec_macro=0.7942 val_metric_name=acc val_metric=0.8295
Step 2100 | loss 0.0143 | val_acc=0.8286 val_loss=1.0795 val_f1_macro=0.7864 val_f1_weighted=0.8269 val_prec_macro=0.7816 val_rec_macro=0.7936 val_metric_name=acc val_metric=0.8286
Step 2150 | loss 0.0143 | val_acc=0.8321 val_loss=1.0794 val_f1_macro=0.7881 val_f1_weighted=0.8308 val_prec_macro=0.7842 val_rec_macro=0.7941 val_metric_name=acc val_metric=0.8321
Step 2200 | loss 0.0118 | val_acc=0.8305 val_loss=1.0770 val_f1_macro=0.7893 val_f1_weighted=0.8289 val_prec_macro=0.7844 val_rec_macro=0.7961 val_metric_name=acc val_metric=0.8305
Step 2250 | loss 0.0119 | val_acc=0.8348 val_loss=1.0835 val_f1_macro=0.7966 val_f1_weighted=0.8335 val_prec_macro=0.7942 val_rec_macro=0.8009 val_metric_name=acc val_metric=0.8348
Step 2300 | loss 0.0121 | val_acc=0.8334 val_loss=1.0876 val_f1_macro=0.7929 val_f1_weighted=0.8317 val_prec_macro=0.7895 val_rec_macro=0.7981 val_metric_name=acc val_metric=0.8334
Step 2350 | loss 0.0103 | val_acc=0.8314 val_loss=1.1060 val_f1_macro=0.7912 val_f1_weighted=0.8296 val_prec_macro=0.7868 val_rec_macro=0.7977 val_metric_name=acc val_metric=0.8314
Step 2400 | loss 0.0101 | val_acc=0.8328 val_loss=1.1042 val_f1_macro=0.7928 val_f1_weighted=0.8320 val_prec_macro=0.7874 val_rec_macro=0.7995 val_metric_name=acc val_metric=0.8328
Step 2450 | loss 0.0095 | val_acc=0.8318 val_loss=1.1100 val_f1_macro=0.7929 val_f1_weighted=0.8306 val_prec_macro=0.7871 val_rec_macro=0.8005 val_metric_name=acc val_metric=0.8318
Step 2500 | loss 0.0093 | val_acc=0.8334 val_loss=1.1091 val_f1_macro=0.7940 val_f1_weighted=0.8321 val_prec_macro=0.7911 val_rec_macro=0.7989 val_metric_name=acc val_metric=0.8334
Step 2550 | loss 0.0089 | val_acc=0.8316 val_loss=1.1217 val_f1_macro=0.7932 val_f1_weighted=0.8303 val_prec_macro=0.7875 val_rec_macro=0.8006 val_metric_name=acc val_metric=0.8316
Step 2600 | loss 0.0097 | val_acc=0.8334 val_loss=1.1206 val_f1_macro=0.7936 val_f1_weighted=0.8319 val_prec_macro=0.7890 val_rec_macro=0.7999 val_metric_name=acc val_metric=0.8334
Step 2650 | loss 0.0081 | val_acc=0.8367 val_loss=1.1112 val_f1_macro=0.7967 val_f1_weighted=0.8354 val_prec_macro=0.7933 val_rec_macro=0.8019 val_metric_name=acc val_metric=0.8367
Step 2700 | loss 0.0104 | val_acc=0.8350 val_loss=1.1273 val_f1_macro=0.7939 val_f1_weighted=0.8329 val_prec_macro=0.7909 val_rec_macro=0.7991 val_metric_name=acc val_metric=0.8350
Step 2750 | loss 0.0098 | val_acc=0.8335 val_loss=1.1300 val_f1_macro=0.7940 val_f1_weighted=0.8322 val_prec_macro=0.7900 val_rec_macro=0.7996 val_metric_name=acc val_metric=0.8335
Step 2800 | loss 0.0096 | val_acc=0.8314 val_loss=1.1367 val_f1_macro=0.7947 val_f1_weighted=0.8310 val_prec_macro=0.7909 val_rec_macro=0.8001 val_metric_name=acc val_metric=0.8314
Step 2850 | loss 0.0062 | val_acc=0.8323 val_loss=1.1409 val_f1_macro=0.7932 val_f1_weighted=0.8310 val_prec_macro=0.7895 val_rec_macro=0.7992 val_metric_name=acc val_metric=0.8323
Step 2900 | loss 0.0085 | val_acc=0.8351 val_loss=1.1375 val_f1_macro=0.7967 val_f1_weighted=0.8338 val_prec_macro=0.7944 val_rec_macro=0.8007 val_metric_name=acc val_metric=0.8351
Step 2950 | loss 0.0076 | val_acc=0.8351 val_loss=1.1586 val_f1_macro=0.7975 val_f1_weighted=0.8338 val_prec_macro=0.7932 val_rec_macro=0.8038 val_metric_name=acc val_metric=0.8351
Step 3000 | loss 0.0077 | val_acc=0.8334 val_loss=1.1548 val_f1_macro=0.7937 val_f1_weighted=0.8318 val_prec_macro=0.7918 val_rec_macro=0.7975 val_metric_name=acc val_metric=0.8334
Step 3050 | loss 0.0082 | val_acc=0.8344 val_loss=1.1675 val_f1_macro=0.7941 val_f1_weighted=0.8329 val_prec_macro=0.7893 val_rec_macro=0.8006 val_metric_name=acc val_metric=0.8344
Step 3100 | loss 0.0065 | val_acc=0.8369 val_loss=1.1617 val_f1_macro=0.7978 val_f1_weighted=0.8354 val_prec_macro=0.7963 val_rec_macro=0.8006 val_metric_name=acc val_metric=0.8369
Step 3150 | loss 0.0080 | val_acc=0.8344 val_loss=1.1489 val_f1_macro=0.7953 val_f1_weighted=0.8328 val_prec_macro=0.7930 val_rec_macro=0.7996 val_metric_name=acc val_metric=0.8344
Step 3200 | loss 0.0059 | val_acc=0.8332 val_loss=1.1595 val_f1_macro=0.7926 val_f1_weighted=0.8316 val_prec_macro=0.7883 val_rec_macro=0.7989 val_metric_name=acc val_metric=0.8332
Step 3250 | loss 0.0071 | val_acc=0.8348 val_loss=1.1706 val_f1_macro=0.7955 val_f1_weighted=0.8332 val_prec_macro=0.7906 val_rec_macro=0.8026 val_metric_name=acc val_metric=0.8348
Step 3300 | loss 0.0085 | val_acc=0.8348 val_loss=1.1712 val_f1_macro=0.7939 val_f1_weighted=0.8330 val_prec_macro=0.7908 val_rec_macro=0.7986 val_metric_name=acc val_metric=0.8348
Step 3350 | loss 0.0072 | val_acc=0.8380 val_loss=1.1721 val_f1_macro=0.7968 val_f1_weighted=0.8366 val_prec_macro=0.7951 val_rec_macro=0.8003 val_metric_name=acc val_metric=0.8380
Step 3400 | loss 0.0062 | val_acc=0.8372 val_loss=1.1788 val_f1_macro=0.7972 val_f1_weighted=0.8354 val_prec_macro=0.7935 val_rec_macro=0.8029 val_metric_name=acc val_metric=0.8372
Step 3450 | loss 0.0060 | val_acc=0.8360 val_loss=1.1833 val_f1_macro=0.7941 val_f1_weighted=0.8347 val_prec_macro=0.7887 val_rec_macro=0.8013 val_metric_name=acc val_metric=0.8360
Step 3500 | loss 0.0047 | val_acc=0.8353 val_loss=1.1893 val_f1_macro=0.7959 val_f1_weighted=0.8339 val_prec_macro=0.7921 val_rec_macro=0.8007 val_metric_name=acc val_metric=0.8353
Step 3550 | loss 0.0055 | val_acc=0.8362 val_loss=1.1910 val_f1_macro=0.7969 val_f1_weighted=0.8343 val_prec_macro=0.7923 val_rec_macro=0.8033 val_metric_name=acc val_metric=0.8362
Step 3600 | loss 0.0052 | val_acc=0.8380 val_loss=1.1888 val_f1_macro=0.7994 val_f1_weighted=0.8363 val_prec_macro=0.7973 val_rec_macro=0.8029 val_metric_name=acc val_metric=0.8380
Step 3650 | loss 0.0068 | val_acc=0.8383 val_loss=1.1836 val_f1_macro=0.8004 val_f1_weighted=0.8368 val_prec_macro=0.7975 val_rec_macro=0.8046 val_metric_name=acc val_metric=0.8383
Step 3700 | loss 0.0050 | val_acc=0.8367 val_loss=1.2107 val_f1_macro=0.7977 val_f1_weighted=0.8355 val_prec_macro=0.7965 val_rec_macro=0.8004 val_metric_name=acc val_metric=0.8367
Step 3750 | loss 0.0041 | val_acc=0.8387 val_loss=1.2002 val_f1_macro=0.8004 val_f1_weighted=0.8369 val_prec_macro=0.7975 val_rec_macro=0.8050 val_metric_name=acc val_metric=0.8387
Step 3800 | loss 0.0066 | val_acc=0.8353 val_loss=1.2107 val_f1_macro=0.7977 val_f1_weighted=0.8340 val_prec_macro=0.7984 val_rec_macro=0.7986 val_metric_name=acc val_metric=0.8353
Step 3850 | loss 0.0053 | val_acc=0.8385 val_loss=1.2009 val_f1_macro=0.7997 val_f1_weighted=0.8368 val_prec_macro=0.7966 val_rec_macro=0.8046 val_metric_name=acc val_metric=0.8385
Step 3900 | loss 0.0038 | val_acc=0.8381 val_loss=1.2159 val_f1_macro=0.8010 val_f1_weighted=0.8365 val_prec_macro=0.7973 val_rec_macro=0.8061 val_metric_name=acc val_metric=0.8381
Step 3950 | loss 0.0055 | val_acc=0.8365 val_loss=1.2204 val_f1_macro=0.7959 val_f1_weighted=0.8348 val_prec_macro=0.7917 val_rec_macro=0.8023 val_metric_name=acc val_metric=0.8365
Early stopping at step 3960

--- Final (best ckpt @ step 3660) ---
  train_acc=1.0000 train_loss=0.0000 train_f1_macro=1.0000 train_f1_weighted=1.0000 train_prec_macro=1.0000 train_rec_macro=1.0000 train_metric_name=acc train_metric=1.0000
  val_acc=0.8411 val_loss=1.1925 val_f1_macro=0.8033 val_f1_weighted=0.8395 val_prec_macro=0.8016 val_rec_macro=0.8066 val_metric_name=acc val_metric=0.8411
  test_acc=0.8516 test_loss=1.0537 test_f1_macro=0.8164 test_f1_weighted=0.8501 test_prec_macro=0.8153 test_rec_macro=0.8198 test_metric_name=acc test_metric=0.8516
  test_acc=0.8516

============================================================
Training roman-empire GAT 5L h=384 lr=1e-05 split=6
============================================================
Training for 5000 steps
Step    1 | loss 2.8796 | val_acc=0.1257 val_loss=2.6942 val_f1_macro=0.0363 val_f1_weighted=0.0837 val_prec_macro=0.0348 val_rec_macro=0.0557 val_metric_name=acc val_metric=0.1257
Step   50 | loss 2.5304 | val_acc=0.2397 val_loss=2.4350 val_f1_macro=0.0810 val_f1_weighted=0.1737 val_prec_macro=0.0839 val_rec_macro=0.1115 val_metric_name=acc val_metric=0.2397
Step  100 | loss 2.3223 | val_acc=0.2934 val_loss=2.2015 val_f1_macro=0.1276 val_f1_weighted=0.2410 val_prec_macro=0.2528 val_rec_macro=0.1524 val_metric_name=acc val_metric=0.2934
Step  150 | loss 2.0919 | val_acc=0.3744 val_loss=1.9509 val_f1_macro=0.2164 val_f1_weighted=0.3286 val_prec_macro=0.2718 val_rec_macro=0.2422 val_metric_name=acc val_metric=0.3744
Step  200 | loss 1.9166 | val_acc=0.4411 val_loss=1.7697 val_f1_macro=0.2822 val_f1_weighted=0.3956 val_prec_macro=0.3239 val_rec_macro=0.3120 val_metric_name=acc val_metric=0.4411
Step  250 | loss 1.7807 | val_acc=0.4837 val_loss=1.6205 val_f1_macro=0.3225 val_f1_weighted=0.4390 val_prec_macro=0.3541 val_rec_macro=0.3540 val_metric_name=acc val_metric=0.4837
Step  300 | loss 1.6609 | val_acc=0.5174 val_loss=1.5061 val_f1_macro=0.3607 val_f1_weighted=0.4724 val_prec_macro=0.4455 val_rec_macro=0.3924 val_metric_name=acc val_metric=0.5174
Step  350 | loss 1.5602 | val_acc=0.5430 val_loss=1.4217 val_f1_macro=0.3915 val_f1_weighted=0.5014 val_prec_macro=0.4200 val_rec_macro=0.4210 val_metric_name=acc val_metric=0.5430
Step  400 | loss 1.4751 | val_acc=0.5654 val_loss=1.3504 val_f1_macro=0.4245 val_f1_weighted=0.5293 val_prec_macro=0.4561 val_rec_macro=0.4522 val_metric_name=acc val_metric=0.5654
Step  450 | loss 1.4041 | val_acc=0.5891 val_loss=1.2910 val_f1_macro=0.4628 val_f1_weighted=0.5590 val_prec_macro=0.4917 val_rec_macro=0.4865 val_metric_name=acc val_metric=0.5891
Step  500 | loss 1.3388 | val_acc=0.6071 val_loss=1.2368 val_f1_macro=0.4911 val_f1_weighted=0.5812 val_prec_macro=0.5113 val_rec_macro=0.5138 val_metric_name=acc val_metric=0.6071
Step  550 | loss 1.2786 | val_acc=0.6141 val_loss=1.1897 val_f1_macro=0.5019 val_f1_weighted=0.5921 val_prec_macro=0.5189 val_rec_macro=0.5234 val_metric_name=acc val_metric=0.6141
Step  600 | loss 1.2278 | val_acc=0.6244 val_loss=1.1436 val_f1_macro=0.5188 val_f1_weighted=0.6056 val_prec_macro=0.5308 val_rec_macro=0.5401 val_metric_name=acc val_metric=0.6244
Step  650 | loss 1.1662 | val_acc=0.6397 val_loss=1.1030 val_f1_macro=0.5379 val_f1_weighted=0.6247 val_prec_macro=0.5500 val_rec_macro=0.5566 val_metric_name=acc val_metric=0.6397
Step  700 | loss 1.1117 | val_acc=0.6579 val_loss=1.0616 val_f1_macro=0.5597 val_f1_weighted=0.6451 val_prec_macro=0.5726 val_rec_macro=0.5767 val_metric_name=acc val_metric=0.6579
Step  750 | loss 1.0765 | val_acc=0.6676 val_loss=1.0290 val_f1_macro=0.5738 val_f1_weighted=0.6573 val_prec_macro=0.5883 val_rec_macro=0.5906 val_metric_name=acc val_metric=0.6676
Step  800 | loss 1.0426 | val_acc=0.6798 val_loss=0.9946 val_f1_macro=0.5906 val_f1_weighted=0.6700 val_prec_macro=0.6025 val_rec_macro=0.6065 val_metric_name=acc val_metric=0.6798
Step  850 | loss 0.9922 | val_acc=0.6900 val_loss=0.9648 val_f1_macro=0.6030 val_f1_weighted=0.6819 val_prec_macro=0.6150 val_rec_macro=0.6172 val_metric_name=acc val_metric=0.6900
Step  900 | loss 0.9597 | val_acc=0.6969 val_loss=0.9381 val_f1_macro=0.6123 val_f1_weighted=0.6896 val_prec_macro=0.6213 val_rec_macro=0.6271 val_metric_name=acc val_metric=0.6969
Step  950 | loss 0.9282 | val_acc=0.7024 val_loss=0.9157 val_f1_macro=0.6212 val_f1_weighted=0.6960 val_prec_macro=0.6302 val_rec_macro=0.6356 val_metric_name=acc val_metric=0.7024
Step 1000 | loss 0.8931 | val_acc=0.7110 val_loss=0.8945 val_f1_macro=0.6303 val_f1_weighted=0.7048 val_prec_macro=0.6371 val_rec_macro=0.6451 val_metric_name=acc val_metric=0.7110
Step 1050 | loss 0.8635 | val_acc=0.7199 val_loss=0.8747 val_f1_macro=0.6419 val_f1_weighted=0.7139 val_prec_macro=0.6485 val_rec_macro=0.6555 val_metric_name=acc val_metric=0.7199
Step 1100 | loss 0.8379 | val_acc=0.7250 val_loss=0.8576 val_f1_macro=0.6494 val_f1_weighted=0.7199 val_prec_macro=0.6531 val_rec_macro=0.6636 val_metric_name=acc val_metric=0.7250
Step 1150 | loss 0.8169 | val_acc=0.7283 val_loss=0.8436 val_f1_macro=0.6553 val_f1_weighted=0.7241 val_prec_macro=0.6577 val_rec_macro=0.6691 val_metric_name=acc val_metric=0.7283
Step 1200 | loss 0.7800 | val_acc=0.7336 val_loss=0.8296 val_f1_macro=0.6630 val_f1_weighted=0.7298 val_prec_macro=0.6643 val_rec_macro=0.6762 val_metric_name=acc val_metric=0.7336
Step 1250 | loss 0.7626 | val_acc=0.7386 val_loss=0.8163 val_f1_macro=0.6701 val_f1_weighted=0.7347 val_prec_macro=0.6724 val_rec_macro=0.6828 val_metric_name=acc val_metric=0.7386
Step 1300 | loss 0.7351 | val_acc=0.7433 val_loss=0.8038 val_f1_macro=0.6761 val_f1_weighted=0.7394 val_prec_macro=0.6762 val_rec_macro=0.6892 val_metric_name=acc val_metric=0.7433
Step 1350 | loss 0.7213 | val_acc=0.7497 val_loss=0.7906 val_f1_macro=0.6832 val_f1_weighted=0.7456 val_prec_macro=0.6846 val_rec_macro=0.6950 val_metric_name=acc val_metric=0.7497
Step 1400 | loss 0.6987 | val_acc=0.7538 val_loss=0.7815 val_f1_macro=0.6886 val_f1_weighted=0.7497 val_prec_macro=0.6898 val_rec_macro=0.7003 val_metric_name=acc val_metric=0.7538
Step 1450 | loss 0.6770 | val_acc=0.7568 val_loss=0.7743 val_f1_macro=0.6928 val_f1_weighted=0.7536 val_prec_macro=0.6917 val_rec_macro=0.7055 val_metric_name=acc val_metric=0.7568
Step 1500 | loss 0.6638 | val_acc=0.7575 val_loss=0.7641 val_f1_macro=0.6954 val_f1_weighted=0.7546 val_prec_macro=0.6944 val_rec_macro=0.7071 val_metric_name=acc val_metric=0.7575
Step 1550 | loss 0.6498 | val_acc=0.7606 val_loss=0.7577 val_f1_macro=0.7008 val_f1_weighted=0.7579 val_prec_macro=0.6997 val_rec_macro=0.7127 val_metric_name=acc val_metric=0.7606
Step 1600 | loss 0.6274 | val_acc=0.7613 val_loss=0.7478 val_f1_macro=0.7010 val_f1_weighted=0.7587 val_prec_macro=0.6987 val_rec_macro=0.7130 val_metric_name=acc val_metric=0.7613
Step 1650 | loss 0.6094 | val_acc=0.7661 val_loss=0.7408 val_f1_macro=0.7043 val_f1_weighted=0.7634 val_prec_macro=0.7029 val_rec_macro=0.7163 val_metric_name=acc val_metric=0.7661
Step 1700 | loss 0.5984 | val_acc=0.7675 val_loss=0.7360 val_f1_macro=0.7090 val_f1_weighted=0.7654 val_prec_macro=0.7069 val_rec_macro=0.7208 val_metric_name=acc val_metric=0.7675
Step 1750 | loss 0.5920 | val_acc=0.7688 val_loss=0.7306 val_f1_macro=0.7108 val_f1_weighted=0.7664 val_prec_macro=0.7072 val_rec_macro=0.7234 val_metric_name=acc val_metric=0.7688
Step 1800 | loss 0.5702 | val_acc=0.7728 val_loss=0.7242 val_f1_macro=0.7148 val_f1_weighted=0.7707 val_prec_macro=0.7113 val_rec_macro=0.7275 val_metric_name=acc val_metric=0.7728
Step 1850 | loss 0.5497 | val_acc=0.7739 val_loss=0.7205 val_f1_macro=0.7167 val_f1_weighted=0.7719 val_prec_macro=0.7127 val_rec_macro=0.7297 val_metric_name=acc val_metric=0.7739
Step 1900 | loss 0.5376 | val_acc=0.7760 val_loss=0.7170 val_f1_macro=0.7175 val_f1_weighted=0.7741 val_prec_macro=0.7123 val_rec_macro=0.7317 val_metric_name=acc val_metric=0.7760
Step 1950 | loss 0.5243 | val_acc=0.7776 val_loss=0.7104 val_f1_macro=0.7209 val_f1_weighted=0.7757 val_prec_macro=0.7181 val_rec_macro=0.7324 val_metric_name=acc val_metric=0.7776
Step 2000 | loss 0.5134 | val_acc=0.7783 val_loss=0.7082 val_f1_macro=0.7233 val_f1_weighted=0.7766 val_prec_macro=0.7183 val_rec_macro=0.7361 val_metric_name=acc val_metric=0.7783
Step 2050 | loss 0.4917 | val_acc=0.7797 val_loss=0.7048 val_f1_macro=0.7240 val_f1_weighted=0.7781 val_prec_macro=0.7179 val_rec_macro=0.7380 val_metric_name=acc val_metric=0.7797
Step 2100 | loss 0.4831 | val_acc=0.7816 val_loss=0.7023 val_f1_macro=0.7262 val_f1_weighted=0.7798 val_prec_macro=0.7214 val_rec_macro=0.7389 val_metric_name=acc val_metric=0.7816
Step 2150 | loss 0.4767 | val_acc=0.7834 val_loss=0.6980 val_f1_macro=0.7279 val_f1_weighted=0.7815 val_prec_macro=0.7222 val_rec_macro=0.7412 val_metric_name=acc val_metric=0.7834
Step 2200 | loss 0.4532 | val_acc=0.7855 val_loss=0.6990 val_f1_macro=0.7324 val_f1_weighted=0.7841 val_prec_macro=0.7263 val_rec_macro=0.7461 val_metric_name=acc val_metric=0.7855
Step 2250 | loss 0.4519 | val_acc=0.7862 val_loss=0.6936 val_f1_macro=0.7327 val_f1_weighted=0.7845 val_prec_macro=0.7252 val_rec_macro=0.7470 val_metric_name=acc val_metric=0.7862
Step 2300 | loss 0.4428 | val_acc=0.7868 val_loss=0.6928 val_f1_macro=0.7341 val_f1_weighted=0.7853 val_prec_macro=0.7268 val_rec_macro=0.7487 val_metric_name=acc val_metric=0.7868
Step 2350 | loss 0.4257 | val_acc=0.7883 val_loss=0.6924 val_f1_macro=0.7361 val_f1_weighted=0.7870 val_prec_macro=0.7282 val_rec_macro=0.7510 val_metric_name=acc val_metric=0.7883
Step 2400 | loss 0.4082 | val_acc=0.7891 val_loss=0.6932 val_f1_macro=0.7376 val_f1_weighted=0.7878 val_prec_macro=0.7295 val_rec_macro=0.7528 val_metric_name=acc val_metric=0.7891
Step 2450 | loss 0.3967 | val_acc=0.7915 val_loss=0.6905 val_f1_macro=0.7414 val_f1_weighted=0.7903 val_prec_macro=0.7332 val_rec_macro=0.7562 val_metric_name=acc val_metric=0.7915
Step 2500 | loss 0.3856 | val_acc=0.7928 val_loss=0.6877 val_f1_macro=0.7422 val_f1_weighted=0.7917 val_prec_macro=0.7336 val_rec_macro=0.7566 val_metric_name=acc val_metric=0.7928
Step 2550 | loss 0.3867 | val_acc=0.7933 val_loss=0.6893 val_f1_macro=0.7440 val_f1_weighted=0.7926 val_prec_macro=0.7367 val_rec_macro=0.7575 val_metric_name=acc val_metric=0.7933
Step 2600 | loss 0.3858 | val_acc=0.7942 val_loss=0.6881 val_f1_macro=0.7448 val_f1_weighted=0.7932 val_prec_macro=0.7357 val_rec_macro=0.7599 val_metric_name=acc val_metric=0.7942
Step 2650 | loss 0.3676 | val_acc=0.7951 val_loss=0.6908 val_f1_macro=0.7473 val_f1_weighted=0.7945 val_prec_macro=0.7379 val_rec_macro=0.7626 val_metric_name=acc val_metric=0.7951
Step 2700 | loss 0.3575 | val_acc=0.7963 val_loss=0.6889 val_f1_macro=0.7486 val_f1_weighted=0.7955 val_prec_macro=0.7403 val_rec_macro=0.7626 val_metric_name=acc val_metric=0.7963
Step 2750 | loss 0.3469 | val_acc=0.7952 val_loss=0.6885 val_f1_macro=0.7466 val_f1_weighted=0.7946 val_prec_macro=0.7387 val_rec_macro=0.7602 val_metric_name=acc val_metric=0.7952
Step 2800 | loss 0.3398 | val_acc=0.7966 val_loss=0.6897 val_f1_macro=0.7492 val_f1_weighted=0.7962 val_prec_macro=0.7413 val_rec_macro=0.7626 val_metric_name=acc val_metric=0.7966
Step 2850 | loss 0.3370 | val_acc=0.7977 val_loss=0.6907 val_f1_macro=0.7509 val_f1_weighted=0.7970 val_prec_macro=0.7433 val_rec_macro=0.7645 val_metric_name=acc val_metric=0.7977
Step 2900 | loss 0.3296 | val_acc=0.7984 val_loss=0.6888 val_f1_macro=0.7516 val_f1_weighted=0.7980 val_prec_macro=0.7439 val_rec_macro=0.7651 val_metric_name=acc val_metric=0.7984
Step 2950 | loss 0.3147 | val_acc=0.7979 val_loss=0.6885 val_f1_macro=0.7497 val_f1_weighted=0.7974 val_prec_macro=0.7429 val_rec_macro=0.7622 val_metric_name=acc val_metric=0.7979
Step 3000 | loss 0.3090 | val_acc=0.7977 val_loss=0.6918 val_f1_macro=0.7513 val_f1_weighted=0.7971 val_prec_macro=0.7454 val_rec_macro=0.7627 val_metric_name=acc val_metric=0.7977
Step 3050 | loss 0.3099 | val_acc=0.7993 val_loss=0.6922 val_f1_macro=0.7512 val_f1_weighted=0.7984 val_prec_macro=0.7442 val_rec_macro=0.7633 val_metric_name=acc val_metric=0.7993
Step 3100 | loss 0.2894 | val_acc=0.7996 val_loss=0.6949 val_f1_macro=0.7529 val_f1_weighted=0.7992 val_prec_macro=0.7455 val_rec_macro=0.7650 val_metric_name=acc val_metric=0.7996
Step 3150 | loss 0.2919 | val_acc=0.8000 val_loss=0.6958 val_f1_macro=0.7527 val_f1_weighted=0.7994 val_prec_macro=0.7452 val_rec_macro=0.7650 val_metric_name=acc val_metric=0.8000
Step 3200 | loss 0.2823 | val_acc=0.7998 val_loss=0.6965 val_f1_macro=0.7535 val_f1_weighted=0.7991 val_prec_macro=0.7459 val_rec_macro=0.7653 val_metric_name=acc val_metric=0.7998
Step 3250 | loss 0.2729 | val_acc=0.8009 val_loss=0.7013 val_f1_macro=0.7534 val_f1_weighted=0.8002 val_prec_macro=0.7456 val_rec_macro=0.7661 val_metric_name=acc val_metric=0.8009
Step 3300 | loss 0.2720 | val_acc=0.7995 val_loss=0.7035 val_f1_macro=0.7526 val_f1_weighted=0.7987 val_prec_macro=0.7442 val_rec_macro=0.7653 val_metric_name=acc val_metric=0.7995
Step 3350 | loss 0.2679 | val_acc=0.8011 val_loss=0.7018 val_f1_macro=0.7538 val_f1_weighted=0.8007 val_prec_macro=0.7443 val_rec_macro=0.7673 val_metric_name=acc val_metric=0.8011
Step 3400 | loss 0.2617 | val_acc=0.8019 val_loss=0.7062 val_f1_macro=0.7548 val_f1_weighted=0.8016 val_prec_macro=0.7478 val_rec_macro=0.7657 val_metric_name=acc val_metric=0.8019
Step 3450 | loss 0.2457 | val_acc=0.8002 val_loss=0.7067 val_f1_macro=0.7540 val_f1_weighted=0.7998 val_prec_macro=0.7449 val_rec_macro=0.7670 val_metric_name=acc val_metric=0.8002
Step 3500 | loss 0.2516 | val_acc=0.8009 val_loss=0.7070 val_f1_macro=0.7543 val_f1_weighted=0.8005 val_prec_macro=0.7476 val_rec_macro=0.7646 val_metric_name=acc val_metric=0.8009
Step 3550 | loss 0.2480 | val_acc=0.8021 val_loss=0.7096 val_f1_macro=0.7557 val_f1_weighted=0.8019 val_prec_macro=0.7486 val_rec_macro=0.7662 val_metric_name=acc val_metric=0.8021
Step 3600 | loss 0.2360 | val_acc=0.8021 val_loss=0.7104 val_f1_macro=0.7557 val_f1_weighted=0.8018 val_prec_macro=0.7480 val_rec_macro=0.7667 val_metric_name=acc val_metric=0.8021
Step 3650 | loss 0.2344 | val_acc=0.8034 val_loss=0.7143 val_f1_macro=0.7578 val_f1_weighted=0.8029 val_prec_macro=0.7503 val_rec_macro=0.7684 val_metric_name=acc val_metric=0.8034
Step 3700 | loss 0.2255 | val_acc=0.8014 val_loss=0.7139 val_f1_macro=0.7551 val_f1_weighted=0.8008 val_prec_macro=0.7480 val_rec_macro=0.7653 val_metric_name=acc val_metric=0.8014
Step 3750 | loss 0.2189 | val_acc=0.8014 val_loss=0.7174 val_f1_macro=0.7560 val_f1_weighted=0.8013 val_prec_macro=0.7491 val_rec_macro=0.7662 val_metric_name=acc val_metric=0.8014
Step 3800 | loss 0.2172 | val_acc=0.8023 val_loss=0.7199 val_f1_macro=0.7572 val_f1_weighted=0.8020 val_prec_macro=0.7492 val_rec_macro=0.7684 val_metric_name=acc val_metric=0.8023
Step 3850 | loss 0.2047 | val_acc=0.8021 val_loss=0.7226 val_f1_macro=0.7565 val_f1_weighted=0.8018 val_prec_macro=0.7485 val_rec_macro=0.7678 val_metric_name=acc val_metric=0.8021
Step 3900 | loss 0.1990 | val_acc=0.8035 val_loss=0.7241 val_f1_macro=0.7585 val_f1_weighted=0.8031 val_prec_macro=0.7512 val_rec_macro=0.7689 val_metric_name=acc val_metric=0.8035
Step 3950 | loss 0.1975 | val_acc=0.8048 val_loss=0.7264 val_f1_macro=0.7590 val_f1_weighted=0.8039 val_prec_macro=0.7521 val_rec_macro=0.7689 val_metric_name=acc val_metric=0.8048
Step 4000 | loss 0.1899 | val_acc=0.8042 val_loss=0.7298 val_f1_macro=0.7586 val_f1_weighted=0.8036 val_prec_macro=0.7518 val_rec_macro=0.7687 val_metric_name=acc val_metric=0.8042
Step 4050 | loss 0.1878 | val_acc=0.8046 val_loss=0.7303 val_f1_macro=0.7580 val_f1_weighted=0.8039 val_prec_macro=0.7505 val_rec_macro=0.7690 val_metric_name=acc val_metric=0.8046
Step 4100 | loss 0.1870 | val_acc=0.8048 val_loss=0.7355 val_f1_macro=0.7581 val_f1_weighted=0.8040 val_prec_macro=0.7525 val_rec_macro=0.7668 val_metric_name=acc val_metric=0.8048
Step 4150 | loss 0.1838 | val_acc=0.8064 val_loss=0.7383 val_f1_macro=0.7611 val_f1_weighted=0.8055 val_prec_macro=0.7533 val_rec_macro=0.7717 val_metric_name=acc val_metric=0.8064
Step 4200 | loss 0.1808 | val_acc=0.8053 val_loss=0.7415 val_f1_macro=0.7597 val_f1_weighted=0.8048 val_prec_macro=0.7531 val_rec_macro=0.7693 val_metric_name=acc val_metric=0.8053
Step 4250 | loss 0.1736 | val_acc=0.8041 val_loss=0.7445 val_f1_macro=0.7580 val_f1_weighted=0.8035 val_prec_macro=0.7529 val_rec_macro=0.7662 val_metric_name=acc val_metric=0.8041
Step 4300 | loss 0.1695 | val_acc=0.8053 val_loss=0.7457 val_f1_macro=0.7607 val_f1_weighted=0.8049 val_prec_macro=0.7552 val_rec_macro=0.7691 val_metric_name=acc val_metric=0.8053
Step 4350 | loss 0.1657 | val_acc=0.8060 val_loss=0.7497 val_f1_macro=0.7607 val_f1_weighted=0.8053 val_prec_macro=0.7542 val_rec_macro=0.7699 val_metric_name=acc val_metric=0.8060
Step 4400 | loss 0.1639 | val_acc=0.8062 val_loss=0.7499 val_f1_macro=0.7604 val_f1_weighted=0.8055 val_prec_macro=0.7541 val_rec_macro=0.7692 val_metric_name=acc val_metric=0.8062
Step 4450 | loss 0.1553 | val_acc=0.8083 val_loss=0.7547 val_f1_macro=0.7622 val_f1_weighted=0.8072 val_prec_macro=0.7556 val_rec_macro=0.7717 val_metric_name=acc val_metric=0.8083
Step 4500 | loss 0.1573 | val_acc=0.8083 val_loss=0.7559 val_f1_macro=0.7626 val_f1_weighted=0.8072 val_prec_macro=0.7567 val_rec_macro=0.7712 val_metric_name=acc val_metric=0.8083
Step 4550 | loss 0.1526 | val_acc=0.8079 val_loss=0.7574 val_f1_macro=0.7621 val_f1_weighted=0.8069 val_prec_macro=0.7558 val_rec_macro=0.7710 val_metric_name=acc val_metric=0.8079
Step 4600 | loss 0.1528 | val_acc=0.8074 val_loss=0.7622 val_f1_macro=0.7628 val_f1_weighted=0.8068 val_prec_macro=0.7573 val_rec_macro=0.7712 val_metric_name=acc val_metric=0.8074
Step 4650 | loss 0.1479 | val_acc=0.8092 val_loss=0.7660 val_f1_macro=0.7652 val_f1_weighted=0.8084 val_prec_macro=0.7587 val_rec_macro=0.7743 val_metric_name=acc val_metric=0.8092
Step 4700 | loss 0.1431 | val_acc=0.8083 val_loss=0.7703 val_f1_macro=0.7633 val_f1_weighted=0.8073 val_prec_macro=0.7577 val_rec_macro=0.7716 val_metric_name=acc val_metric=0.8083
Step 4750 | loss 0.1426 | val_acc=0.8085 val_loss=0.7716 val_f1_macro=0.7631 val_f1_weighted=0.8079 val_prec_macro=0.7562 val_rec_macro=0.7729 val_metric_name=acc val_metric=0.8085
Step 4800 | loss 0.1404 | val_acc=0.8097 val_loss=0.7706 val_f1_macro=0.7653 val_f1_weighted=0.8091 val_prec_macro=0.7595 val_rec_macro=0.7731 val_metric_name=acc val_metric=0.8097
Step 4850 | loss 0.1367 | val_acc=0.8102 val_loss=0.7752 val_f1_macro=0.7653 val_f1_weighted=0.8095 val_prec_macro=0.7591 val_rec_macro=0.7741 val_metric_name=acc val_metric=0.8102
Step 4900 | loss 0.1415 | val_acc=0.8099 val_loss=0.7785 val_f1_macro=0.7651 val_f1_weighted=0.8093 val_prec_macro=0.7594 val_rec_macro=0.7735 val_metric_name=acc val_metric=0.8099
Step 4950 | loss 0.1362 | val_acc=0.8094 val_loss=0.7838 val_f1_macro=0.7652 val_f1_weighted=0.8089 val_prec_macro=0.7602 val_rec_macro=0.7727 val_metric_name=acc val_metric=0.8094
Step 5000 | loss 0.1305 | val_acc=0.8097 val_loss=0.7835 val_f1_macro=0.7659 val_f1_weighted=0.8095 val_prec_macro=0.7612 val_rec_macro=0.7732 val_metric_name=acc val_metric=0.8097

--- Final (best ckpt @ step 4880) ---
  train_acc=0.9966 train_loss=0.0194 train_f1_macro=0.9952 train_f1_weighted=0.9966 train_prec_macro=0.9945 train_rec_macro=0.9959 train_metric_name=acc train_metric=0.9966
  val_acc=0.8117 val_loss=0.7763 val_f1_macro=0.7670 val_f1_weighted=0.8107 val_prec_macro=0.7608 val_rec_macro=0.7757 val_metric_name=acc val_metric=0.8117
  test_acc=0.8196 test_loss=0.7166 test_f1_macro=0.7728 test_f1_weighted=0.8192 test_prec_macro=0.7631 test_rec_macro=0.7869 test_metric_name=acc test_metric=0.8196
  test_acc=0.8196

============================================================
Training roman-empire GAT 5L h=512 lr=3e-05 split=6
============================================================
Training for 5000 steps
Step    1 | loss 3.1212 | val_acc=0.1156 val_loss=2.8482 val_f1_macro=0.0419 val_f1_weighted=0.0738 val_prec_macro=0.0746 val_rec_macro=0.0694 val_metric_name=acc val_metric=0.1156
Step   50 | loss 2.0304 | val_acc=0.3959 val_loss=1.9500 val_f1_macro=0.2163 val_f1_weighted=0.3447 val_prec_macro=0.2414 val_rec_macro=0.2481 val_metric_name=acc val_metric=0.3959
Step  100 | loss 1.5850 | val_acc=0.5241 val_loss=1.5084 val_f1_macro=0.3699 val_f1_weighted=0.4784 val_prec_macro=0.3874 val_rec_macro=0.4023 val_metric_name=acc val_metric=0.5241
Step  150 | loss 1.3119 | val_acc=0.6025 val_loss=1.2681 val_f1_macro=0.4818 val_f1_weighted=0.5741 val_prec_macro=0.5117 val_rec_macro=0.5043 val_metric_name=acc val_metric=0.6025
Step  200 | loss 1.1218 | val_acc=0.6535 val_loss=1.1017 val_f1_macro=0.5491 val_f1_weighted=0.6370 val_prec_macro=0.5616 val_rec_macro=0.5702 val_metric_name=acc val_metric=0.6535
Step  250 | loss 0.9710 | val_acc=0.6888 val_loss=0.9742 val_f1_macro=0.5920 val_f1_weighted=0.6772 val_prec_macro=0.5976 val_rec_macro=0.6110 val_metric_name=acc val_metric=0.6888
Step  300 | loss 0.8463 | val_acc=0.7153 val_loss=0.8948 val_f1_macro=0.6320 val_f1_weighted=0.7077 val_prec_macro=0.6320 val_rec_macro=0.6516 val_metric_name=acc val_metric=0.7153
Step  350 | loss 0.7660 | val_acc=0.7368 val_loss=0.8328 val_f1_macro=0.6622 val_f1_weighted=0.7303 val_prec_macro=0.6638 val_rec_macro=0.6773 val_metric_name=acc val_metric=0.7368
Step  400 | loss 0.6810 | val_acc=0.7492 val_loss=0.7883 val_f1_macro=0.6809 val_f1_weighted=0.7449 val_prec_macro=0.6798 val_rec_macro=0.6946 val_metric_name=acc val_metric=0.7492
Step  450 | loss 0.6193 | val_acc=0.7608 val_loss=0.7597 val_f1_macro=0.6960 val_f1_weighted=0.7577 val_prec_macro=0.6927 val_rec_macro=0.7087 val_metric_name=acc val_metric=0.7608
Step  500 | loss 0.5623 | val_acc=0.7716 val_loss=0.7314 val_f1_macro=0.7104 val_f1_weighted=0.7685 val_prec_macro=0.7097 val_rec_macro=0.7184 val_metric_name=acc val_metric=0.7716
Step  550 | loss 0.5032 | val_acc=0.7765 val_loss=0.7265 val_f1_macro=0.7173 val_f1_weighted=0.7747 val_prec_macro=0.7128 val_rec_macro=0.7290 val_metric_name=acc val_metric=0.7765
Step  600 | loss 0.4587 | val_acc=0.7836 val_loss=0.7100 val_f1_macro=0.7272 val_f1_weighted=0.7816 val_prec_macro=0.7236 val_rec_macro=0.7370 val_metric_name=acc val_metric=0.7836
Step  650 | loss 0.4193 | val_acc=0.7876 val_loss=0.7073 val_f1_macro=0.7321 val_f1_weighted=0.7861 val_prec_macro=0.7274 val_rec_macro=0.7434 val_metric_name=acc val_metric=0.7876
Step  700 | loss 0.3904 | val_acc=0.7892 val_loss=0.7061 val_f1_macro=0.7371 val_f1_weighted=0.7882 val_prec_macro=0.7322 val_rec_macro=0.7471 val_metric_name=acc val_metric=0.7892
Step  750 | loss 0.3436 | val_acc=0.7956 val_loss=0.7055 val_f1_macro=0.7408 val_f1_weighted=0.7939 val_prec_macro=0.7380 val_rec_macro=0.7506 val_metric_name=acc val_metric=0.7956
Step  800 | loss 0.3210 | val_acc=0.7981 val_loss=0.7084 val_f1_macro=0.7460 val_f1_weighted=0.7972 val_prec_macro=0.7424 val_rec_macro=0.7557 val_metric_name=acc val_metric=0.7981
Step  850 | loss 0.2827 | val_acc=0.7986 val_loss=0.7145 val_f1_macro=0.7463 val_f1_weighted=0.7976 val_prec_macro=0.7411 val_rec_macro=0.7579 val_metric_name=acc val_metric=0.7986
Step  900 | loss 0.2613 | val_acc=0.8012 val_loss=0.7153 val_f1_macro=0.7530 val_f1_weighted=0.8007 val_prec_macro=0.7469 val_rec_macro=0.7640 val_metric_name=acc val_metric=0.8012
Step  950 | loss 0.2507 | val_acc=0.8004 val_loss=0.7244 val_f1_macro=0.7512 val_f1_weighted=0.8001 val_prec_macro=0.7450 val_rec_macro=0.7622 val_metric_name=acc val_metric=0.8004
Step 1000 | loss 0.2275 | val_acc=0.8005 val_loss=0.7329 val_f1_macro=0.7508 val_f1_weighted=0.8003 val_prec_macro=0.7448 val_rec_macro=0.7609 val_metric_name=acc val_metric=0.8005
Step 1050 | loss 0.2040 | val_acc=0.8023 val_loss=0.7411 val_f1_macro=0.7533 val_f1_weighted=0.8021 val_prec_macro=0.7473 val_rec_macro=0.7636 val_metric_name=acc val_metric=0.8023
Step 1100 | loss 0.1880 | val_acc=0.8025 val_loss=0.7537 val_f1_macro=0.7527 val_f1_weighted=0.8020 val_prec_macro=0.7481 val_rec_macro=0.7616 val_metric_name=acc val_metric=0.8025
Step 1150 | loss 0.1759 | val_acc=0.8041 val_loss=0.7594 val_f1_macro=0.7574 val_f1_weighted=0.8040 val_prec_macro=0.7532 val_rec_macro=0.7659 val_metric_name=acc val_metric=0.8041
Step 1200 | loss 0.1599 | val_acc=0.8053 val_loss=0.7664 val_f1_macro=0.7588 val_f1_weighted=0.8053 val_prec_macro=0.7535 val_rec_macro=0.7679 val_metric_name=acc val_metric=0.8053
Step 1250 | loss 0.1464 | val_acc=0.8056 val_loss=0.7735 val_f1_macro=0.7596 val_f1_weighted=0.8058 val_prec_macro=0.7550 val_rec_macro=0.7678 val_metric_name=acc val_metric=0.8056
Step 1300 | loss 0.1413 | val_acc=0.8108 val_loss=0.7795 val_f1_macro=0.7651 val_f1_weighted=0.8104 val_prec_macro=0.7598 val_rec_macro=0.7738 val_metric_name=acc val_metric=0.8108
Step 1350 | loss 0.1230 | val_acc=0.8078 val_loss=0.7955 val_f1_macro=0.7631 val_f1_weighted=0.8076 val_prec_macro=0.7570 val_rec_macro=0.7733 val_metric_name=acc val_metric=0.8078
Step 1400 | loss 0.1160 | val_acc=0.8086 val_loss=0.8000 val_f1_macro=0.7645 val_f1_weighted=0.8085 val_prec_macro=0.7596 val_rec_macro=0.7729 val_metric_name=acc val_metric=0.8086
Step 1450 | loss 0.1106 | val_acc=0.8118 val_loss=0.8126 val_f1_macro=0.7683 val_f1_weighted=0.8114 val_prec_macro=0.7589 val_rec_macro=0.7818 val_metric_name=acc val_metric=0.8118
Step 1500 | loss 0.1066 | val_acc=0.8109 val_loss=0.8191 val_f1_macro=0.7678 val_f1_weighted=0.8113 val_prec_macro=0.7627 val_rec_macro=0.7762 val_metric_name=acc val_metric=0.8109
Step 1550 | loss 0.0932 | val_acc=0.8106 val_loss=0.8281 val_f1_macro=0.7689 val_f1_weighted=0.8105 val_prec_macro=0.7626 val_rec_macro=0.7787 val_metric_name=acc val_metric=0.8106
Step 1600 | loss 0.0907 | val_acc=0.8129 val_loss=0.8342 val_f1_macro=0.7721 val_f1_weighted=0.8131 val_prec_macro=0.7661 val_rec_macro=0.7815 val_metric_name=acc val_metric=0.8129
Step 1650 | loss 0.0866 | val_acc=0.8125 val_loss=0.8395 val_f1_macro=0.7711 val_f1_weighted=0.8126 val_prec_macro=0.7632 val_rec_macro=0.7822 val_metric_name=acc val_metric=0.8125
Step 1700 | loss 0.0770 | val_acc=0.8147 val_loss=0.8526 val_f1_macro=0.7736 val_f1_weighted=0.8144 val_prec_macro=0.7653 val_rec_macro=0.7846 val_metric_name=acc val_metric=0.8147
Step 1750 | loss 0.0748 | val_acc=0.8152 val_loss=0.8582 val_f1_macro=0.7727 val_f1_weighted=0.8149 val_prec_macro=0.7663 val_rec_macro=0.7819 val_metric_name=acc val_metric=0.8152
Step 1800 | loss 0.0689 | val_acc=0.8168 val_loss=0.8629 val_f1_macro=0.7759 val_f1_weighted=0.8166 val_prec_macro=0.7697 val_rec_macro=0.7851 val_metric_name=acc val_metric=0.8168
Step 1850 | loss 0.0716 | val_acc=0.8155 val_loss=0.8723 val_f1_macro=0.7742 val_f1_weighted=0.8152 val_prec_macro=0.7682 val_rec_macro=0.7828 val_metric_name=acc val_metric=0.8155
Step 1900 | loss 0.0607 | val_acc=0.8159 val_loss=0.8765 val_f1_macro=0.7755 val_f1_weighted=0.8160 val_prec_macro=0.7699 val_rec_macro=0.7836 val_metric_name=acc val_metric=0.8159
Step 1950 | loss 0.0604 | val_acc=0.8182 val_loss=0.8844 val_f1_macro=0.7782 val_f1_weighted=0.8186 val_prec_macro=0.7736 val_rec_macro=0.7855 val_metric_name=acc val_metric=0.8182
Step 2000 | loss 0.0614 | val_acc=0.8178 val_loss=0.8953 val_f1_macro=0.7795 val_f1_weighted=0.8178 val_prec_macro=0.7733 val_rec_macro=0.7883 val_metric_name=acc val_metric=0.8178
Step 2050 | loss 0.0542 | val_acc=0.8173 val_loss=0.9028 val_f1_macro=0.7776 val_f1_weighted=0.8172 val_prec_macro=0.7702 val_rec_macro=0.7877 val_metric_name=acc val_metric=0.8173
Step 2100 | loss 0.0546 | val_acc=0.8177 val_loss=0.9051 val_f1_macro=0.7788 val_f1_weighted=0.8177 val_prec_macro=0.7743 val_rec_macro=0.7860 val_metric_name=acc val_metric=0.8177
Step 2150 | loss 0.0505 | val_acc=0.8203 val_loss=0.9124 val_f1_macro=0.7826 val_f1_weighted=0.8201 val_prec_macro=0.7773 val_rec_macro=0.7903 val_metric_name=acc val_metric=0.8203
Step 2200 | loss 0.0482 | val_acc=0.8168 val_loss=0.9220 val_f1_macro=0.7759 val_f1_weighted=0.8168 val_prec_macro=0.7689 val_rec_macro=0.7857 val_metric_name=acc val_metric=0.8168
Step 2250 | loss 0.0443 | val_acc=0.8175 val_loss=0.9271 val_f1_macro=0.7767 val_f1_weighted=0.8171 val_prec_macro=0.7703 val_rec_macro=0.7858 val_metric_name=acc val_metric=0.8175
Step 2300 | loss 0.0457 | val_acc=0.8185 val_loss=0.9259 val_f1_macro=0.7811 val_f1_weighted=0.8189 val_prec_macro=0.7763 val_rec_macro=0.7883 val_metric_name=acc val_metric=0.8185
Step 2350 | loss 0.0440 | val_acc=0.8196 val_loss=0.9393 val_f1_macro=0.7802 val_f1_weighted=0.8191 val_prec_macro=0.7737 val_rec_macro=0.7884 val_metric_name=acc val_metric=0.8196
Step 2400 | loss 0.0409 | val_acc=0.8187 val_loss=0.9444 val_f1_macro=0.7797 val_f1_weighted=0.8187 val_prec_macro=0.7745 val_rec_macro=0.7870 val_metric_name=acc val_metric=0.8187
Step 2450 | loss 0.0383 | val_acc=0.8212 val_loss=0.9473 val_f1_macro=0.7824 val_f1_weighted=0.8207 val_prec_macro=0.7755 val_rec_macro=0.7917 val_metric_name=acc val_metric=0.8212
Step 2500 | loss 0.0360 | val_acc=0.8194 val_loss=0.9520 val_f1_macro=0.7787 val_f1_weighted=0.8192 val_prec_macro=0.7707 val_rec_macro=0.7892 val_metric_name=acc val_metric=0.8194
Step 2550 | loss 0.0356 | val_acc=0.8199 val_loss=0.9544 val_f1_macro=0.7805 val_f1_weighted=0.8197 val_prec_macro=0.7752 val_rec_macro=0.7880 val_metric_name=acc val_metric=0.8199
Step 2600 | loss 0.0321 | val_acc=0.8201 val_loss=0.9660 val_f1_macro=0.7811 val_f1_weighted=0.8199 val_prec_macro=0.7744 val_rec_macro=0.7901 val_metric_name=acc val_metric=0.8201
Step 2650 | loss 0.0326 | val_acc=0.8207 val_loss=0.9683 val_f1_macro=0.7804 val_f1_weighted=0.8202 val_prec_macro=0.7730 val_rec_macro=0.7899 val_metric_name=acc val_metric=0.8207
Step 2700 | loss 0.0326 | val_acc=0.8196 val_loss=0.9796 val_f1_macro=0.7794 val_f1_weighted=0.8192 val_prec_macro=0.7727 val_rec_macro=0.7883 val_metric_name=acc val_metric=0.8196
Step 2750 | loss 0.0289 | val_acc=0.8196 val_loss=0.9848 val_f1_macro=0.7805 val_f1_weighted=0.8192 val_prec_macro=0.7744 val_rec_macro=0.7890 val_metric_name=acc val_metric=0.8196
Step 2800 | loss 0.0288 | val_acc=0.8252 val_loss=0.9879 val_f1_macro=0.7860 val_f1_weighted=0.8248 val_prec_macro=0.7787 val_rec_macro=0.7962 val_metric_name=acc val_metric=0.8252
Step 2850 | loss 0.0280 | val_acc=0.8228 val_loss=0.9932 val_f1_macro=0.7836 val_f1_weighted=0.8225 val_prec_macro=0.7765 val_rec_macro=0.7934 val_metric_name=acc val_metric=0.8228
Step 2900 | loss 0.0278 | val_acc=0.8222 val_loss=0.9984 val_f1_macro=0.7827 val_f1_weighted=0.8219 val_prec_macro=0.7766 val_rec_macro=0.7909 val_metric_name=acc val_metric=0.8222
Step 2950 | loss 0.0261 | val_acc=0.8214 val_loss=1.0020 val_f1_macro=0.7827 val_f1_weighted=0.8212 val_prec_macro=0.7773 val_rec_macro=0.7904 val_metric_name=acc val_metric=0.8214
Step 3000 | loss 0.0226 | val_acc=0.8231 val_loss=1.0070 val_f1_macro=0.7841 val_f1_weighted=0.8225 val_prec_macro=0.7778 val_rec_macro=0.7927 val_metric_name=acc val_metric=0.8231
Step 3050 | loss 0.0244 | val_acc=0.8201 val_loss=1.0200 val_f1_macro=0.7820 val_f1_weighted=0.8200 val_prec_macro=0.7752 val_rec_macro=0.7911 val_metric_name=acc val_metric=0.8201
Step 3100 | loss 0.0242 | val_acc=0.8235 val_loss=1.0172 val_f1_macro=0.7856 val_f1_weighted=0.8229 val_prec_macro=0.7782 val_rec_macro=0.7954 val_metric_name=acc val_metric=0.8235
Step 3150 | loss 0.0252 | val_acc=0.8251 val_loss=1.0171 val_f1_macro=0.7850 val_f1_weighted=0.8243 val_prec_macro=0.7787 val_rec_macro=0.7939 val_metric_name=acc val_metric=0.8251
Step 3200 | loss 0.0228 | val_acc=0.8240 val_loss=1.0218 val_f1_macro=0.7866 val_f1_weighted=0.8236 val_prec_macro=0.7785 val_rec_macro=0.7972 val_metric_name=acc val_metric=0.8240
Step 3250 | loss 0.0219 | val_acc=0.8245 val_loss=1.0193 val_f1_macro=0.7872 val_f1_weighted=0.8238 val_prec_macro=0.7806 val_rec_macro=0.7961 val_metric_name=acc val_metric=0.8245
Step 3300 | loss 0.0172 | val_acc=0.8251 val_loss=1.0260 val_f1_macro=0.7860 val_f1_weighted=0.8247 val_prec_macro=0.7802 val_rec_macro=0.7936 val_metric_name=acc val_metric=0.8251
Step 3350 | loss 0.0184 | val_acc=0.8252 val_loss=1.0351 val_f1_macro=0.7873 val_f1_weighted=0.8247 val_prec_macro=0.7821 val_rec_macro=0.7946 val_metric_name=acc val_metric=0.8252
Step 3400 | loss 0.0187 | val_acc=0.8244 val_loss=1.0404 val_f1_macro=0.7860 val_f1_weighted=0.8238 val_prec_macro=0.7782 val_rec_macro=0.7963 val_metric_name=acc val_metric=0.8244
Step 3450 | loss 0.0184 | val_acc=0.8238 val_loss=1.0464 val_f1_macro=0.7867 val_f1_weighted=0.8234 val_prec_macro=0.7802 val_rec_macro=0.7959 val_metric_name=acc val_metric=0.8238
Step 3500 | loss 0.0166 | val_acc=0.8256 val_loss=1.0454 val_f1_macro=0.7888 val_f1_weighted=0.8250 val_prec_macro=0.7823 val_rec_macro=0.7975 val_metric_name=acc val_metric=0.8256
Step 3550 | loss 0.0163 | val_acc=0.8244 val_loss=1.0589 val_f1_macro=0.7865 val_f1_weighted=0.8239 val_prec_macro=0.7805 val_rec_macro=0.7950 val_metric_name=acc val_metric=0.8244
Step 3600 | loss 0.0167 | val_acc=0.8263 val_loss=1.0576 val_f1_macro=0.7889 val_f1_weighted=0.8258 val_prec_macro=0.7830 val_rec_macro=0.7972 val_metric_name=acc val_metric=0.8263
Step 3650 | loss 0.0169 | val_acc=0.8274 val_loss=1.0674 val_f1_macro=0.7896 val_f1_weighted=0.8272 val_prec_macro=0.7829 val_rec_macro=0.7982 val_metric_name=acc val_metric=0.8274
Step 3700 | loss 0.0172 | val_acc=0.8284 val_loss=1.0723 val_f1_macro=0.7901 val_f1_weighted=0.8277 val_prec_macro=0.7833 val_rec_macro=0.7990 val_metric_name=acc val_metric=0.8284
Step 3750 | loss 0.0162 | val_acc=0.8244 val_loss=1.0766 val_f1_macro=0.7855 val_f1_weighted=0.8241 val_prec_macro=0.7781 val_rec_macro=0.7951 val_metric_name=acc val_metric=0.8244
Step 3800 | loss 0.0161 | val_acc=0.8274 val_loss=1.0780 val_f1_macro=0.7883 val_f1_weighted=0.8270 val_prec_macro=0.7808 val_rec_macro=0.7979 val_metric_name=acc val_metric=0.8274
Step 3850 | loss 0.0172 | val_acc=0.8263 val_loss=1.0850 val_f1_macro=0.7886 val_f1_weighted=0.8260 val_prec_macro=0.7831 val_rec_macro=0.7963 val_metric_name=acc val_metric=0.8263
Step 3900 | loss 0.0148 | val_acc=0.8279 val_loss=1.0903 val_f1_macro=0.7914 val_f1_weighted=0.8273 val_prec_macro=0.7830 val_rec_macro=0.8023 val_metric_name=acc val_metric=0.8279
Step 3950 | loss 0.0125 | val_acc=0.8259 val_loss=1.0920 val_f1_macro=0.7872 val_f1_weighted=0.8256 val_prec_macro=0.7799 val_rec_macro=0.7966 val_metric_name=acc val_metric=0.8259
Step 4000 | loss 0.0148 | val_acc=0.8268 val_loss=1.0895 val_f1_macro=0.7894 val_f1_weighted=0.8265 val_prec_macro=0.7824 val_rec_macro=0.7983 val_metric_name=acc val_metric=0.8268
Step 4050 | loss 0.0114 | val_acc=0.8279 val_loss=1.0983 val_f1_macro=0.7902 val_f1_weighted=0.8273 val_prec_macro=0.7837 val_rec_macro=0.7985 val_metric_name=acc val_metric=0.8279
Step 4100 | loss 0.0130 | val_acc=0.8282 val_loss=1.1020 val_f1_macro=0.7904 val_f1_weighted=0.8275 val_prec_macro=0.7854 val_rec_macro=0.7976 val_metric_name=acc val_metric=0.8282
Step 4150 | loss 0.0111 | val_acc=0.8277 val_loss=1.1026 val_f1_macro=0.7884 val_f1_weighted=0.8272 val_prec_macro=0.7822 val_rec_macro=0.7963 val_metric_name=acc val_metric=0.8277
Step 4200 | loss 0.0105 | val_acc=0.8275 val_loss=1.1100 val_f1_macro=0.7906 val_f1_weighted=0.8272 val_prec_macro=0.7843 val_rec_macro=0.7988 val_metric_name=acc val_metric=0.8275
Step 4250 | loss 0.0129 | val_acc=0.8300 val_loss=1.1075 val_f1_macro=0.7933 val_f1_weighted=0.8297 val_prec_macro=0.7865 val_rec_macro=0.8019 val_metric_name=acc val_metric=0.8300
Step 4300 | loss 0.0117 | val_acc=0.8291 val_loss=1.1193 val_f1_macro=0.7913 val_f1_weighted=0.8284 val_prec_macro=0.7849 val_rec_macro=0.8002 val_metric_name=acc val_metric=0.8291
Step 4350 | loss 0.0122 | val_acc=0.8282 val_loss=1.1195 val_f1_macro=0.7900 val_f1_weighted=0.8276 val_prec_macro=0.7837 val_rec_macro=0.7982 val_metric_name=acc val_metric=0.8282
Step 4400 | loss 0.0117 | val_acc=0.8289 val_loss=1.1192 val_f1_macro=0.7914 val_f1_weighted=0.8283 val_prec_macro=0.7841 val_rec_macro=0.8008 val_metric_name=acc val_metric=0.8289
Step 4450 | loss 0.0115 | val_acc=0.8295 val_loss=1.1235 val_f1_macro=0.7930 val_f1_weighted=0.8290 val_prec_macro=0.7845 val_rec_macro=0.8038 val_metric_name=acc val_metric=0.8295
Step 4500 | loss 0.0113 | val_acc=0.8304 val_loss=1.1274 val_f1_macro=0.7951 val_f1_weighted=0.8300 val_prec_macro=0.7897 val_rec_macro=0.8027 val_metric_name=acc val_metric=0.8304
Step 4550 | loss 0.0096 | val_acc=0.8293 val_loss=1.1314 val_f1_macro=0.7918 val_f1_weighted=0.8284 val_prec_macro=0.7856 val_rec_macro=0.8001 val_metric_name=acc val_metric=0.8293
Step 4600 | loss 0.0113 | val_acc=0.8298 val_loss=1.1308 val_f1_macro=0.7924 val_f1_weighted=0.8291 val_prec_macro=0.7854 val_rec_macro=0.8012 val_metric_name=acc val_metric=0.8298
Step 4650 | loss 0.0102 | val_acc=0.8289 val_loss=1.1390 val_f1_macro=0.7910 val_f1_weighted=0.8284 val_prec_macro=0.7839 val_rec_macro=0.7999 val_metric_name=acc val_metric=0.8289
Step 4700 | loss 0.0093 | val_acc=0.8275 val_loss=1.1475 val_f1_macro=0.7899 val_f1_weighted=0.8266 val_prec_macro=0.7828 val_rec_macro=0.7992 val_metric_name=acc val_metric=0.8275
Step 4750 | loss 0.0094 | val_acc=0.8309 val_loss=1.1429 val_f1_macro=0.7935 val_f1_weighted=0.8302 val_prec_macro=0.7866 val_rec_macro=0.8022 val_metric_name=acc val_metric=0.8309
Step 4800 | loss 0.0093 | val_acc=0.8286 val_loss=1.1499 val_f1_macro=0.7915 val_f1_weighted=0.8281 val_prec_macro=0.7848 val_rec_macro=0.8001 val_metric_name=acc val_metric=0.8286
Step 4850 | loss 0.0078 | val_acc=0.8298 val_loss=1.1499 val_f1_macro=0.7909 val_f1_weighted=0.8290 val_prec_macro=0.7822 val_rec_macro=0.8016 val_metric_name=acc val_metric=0.8298
Step 4900 | loss 0.0077 | val_acc=0.8295 val_loss=1.1572 val_f1_macro=0.7922 val_f1_weighted=0.8288 val_prec_macro=0.7862 val_rec_macro=0.8003 val_metric_name=acc val_metric=0.8295
Early stopping at step 4907

--- Final (best ckpt @ step 4320) ---
  train_acc=1.0000 train_loss=0.0001 train_f1_macro=1.0000 train_f1_weighted=1.0000 train_prec_macro=1.0000 train_rec_macro=1.0000 train_metric_name=acc train_metric=1.0000
  val_acc=0.8318 val_loss=1.1116 val_f1_macro=0.7949 val_f1_weighted=0.8312 val_prec_macro=0.7881 val_rec_macro=0.8036 val_metric_name=acc val_metric=0.8318
  test_acc=0.8419 test_loss=1.0080 test_f1_macro=0.8015 test_f1_weighted=0.8405 test_prec_macro=0.8010 test_rec_macro=0.8047 test_metric_name=acc test_metric=0.8419
  test_acc=0.8419

============================================================
Training roman-empire GAT 5L h=512 lr=6e-05 split=6
============================================================
Training for 5000 steps
Step    1 | loss 3.1212 | val_acc=0.1447 val_loss=2.6828 val_f1_macro=0.0239 val_f1_weighted=0.0574 val_prec_macro=0.0252 val_rec_macro=0.0588 val_metric_name=acc val_metric=0.1447
Step   50 | loss 1.6757 | val_acc=0.5017 val_loss=1.6066 val_f1_macro=0.3346 val_f1_weighted=0.4546 val_prec_macro=0.3567 val_rec_macro=0.3670 val_metric_name=acc val_metric=0.5017
Step  100 | loss 1.2040 | val_acc=0.6312 val_loss=1.1702 val_f1_macro=0.5185 val_f1_weighted=0.6088 val_prec_macro=0.5309 val_rec_macro=0.5431 val_metric_name=acc val_metric=0.6312
Step  150 | loss 0.9161 | val_acc=0.7011 val_loss=0.9341 val_f1_macro=0.6089 val_f1_weighted=0.6913 val_prec_macro=0.6121 val_rec_macro=0.6249 val_metric_name=acc val_metric=0.7011
Step  200 | loss 0.7379 | val_acc=0.7416 val_loss=0.8092 val_f1_macro=0.6686 val_f1_weighted=0.7359 val_prec_macro=0.6639 val_rec_macro=0.6858 val_metric_name=acc val_metric=0.7416
Step  250 | loss 0.6090 | val_acc=0.7672 val_loss=0.7363 val_f1_macro=0.7051 val_f1_weighted=0.7641 val_prec_macro=0.7015 val_rec_macro=0.7158 val_metric_name=acc val_metric=0.7672
Step  300 | loss 0.4954 | val_acc=0.7779 val_loss=0.7083 val_f1_macro=0.7185 val_f1_weighted=0.7754 val_prec_macro=0.7124 val_rec_macro=0.7300 val_metric_name=acc val_metric=0.7779
Step  350 | loss 0.4227 | val_acc=0.7896 val_loss=0.6933 val_f1_macro=0.7339 val_f1_weighted=0.7877 val_prec_macro=0.7297 val_rec_macro=0.7444 val_metric_name=acc val_metric=0.7896
Step  400 | loss 0.3588 | val_acc=0.7944 val_loss=0.6943 val_f1_macro=0.7434 val_f1_weighted=0.7935 val_prec_macro=0.7365 val_rec_macro=0.7555 val_metric_name=acc val_metric=0.7944
Step  450 | loss 0.3035 | val_acc=0.7993 val_loss=0.7038 val_f1_macro=0.7495 val_f1_weighted=0.7988 val_prec_macro=0.7409 val_rec_macro=0.7626 val_metric_name=acc val_metric=0.7993
Step  500 | loss 0.2526 | val_acc=0.7991 val_loss=0.7144 val_f1_macro=0.7499 val_f1_weighted=0.7994 val_prec_macro=0.7473 val_rec_macro=0.7566 val_metric_name=acc val_metric=0.7991
Step  550 | loss 0.2085 | val_acc=0.8007 val_loss=0.7341 val_f1_macro=0.7535 val_f1_weighted=0.8008 val_prec_macro=0.7459 val_rec_macro=0.7648 val_metric_name=acc val_metric=0.8007
Step  600 | loss 0.1787 | val_acc=0.8034 val_loss=0.7458 val_f1_macro=0.7562 val_f1_weighted=0.8034 val_prec_macro=0.7509 val_rec_macro=0.7652 val_metric_name=acc val_metric=0.8034
Step  650 | loss 0.1538 | val_acc=0.8069 val_loss=0.7631 val_f1_macro=0.7600 val_f1_weighted=0.8062 val_prec_macro=0.7528 val_rec_macro=0.7711 val_metric_name=acc val_metric=0.8069
Step  700 | loss 0.1409 | val_acc=0.8074 val_loss=0.7796 val_f1_macro=0.7643 val_f1_weighted=0.8077 val_prec_macro=0.7574 val_rec_macro=0.7744 val_metric_name=acc val_metric=0.8074
Step  750 | loss 0.1195 | val_acc=0.8101 val_loss=0.7922 val_f1_macro=0.7638 val_f1_weighted=0.8091 val_prec_macro=0.7574 val_rec_macro=0.7743 val_metric_name=acc val_metric=0.8101
Step  800 | loss 0.1061 | val_acc=0.8104 val_loss=0.8109 val_f1_macro=0.7676 val_f1_weighted=0.8111 val_prec_macro=0.7617 val_rec_macro=0.7764 val_metric_name=acc val_metric=0.8104
Step  850 | loss 0.0876 | val_acc=0.8113 val_loss=0.8282 val_f1_macro=0.7683 val_f1_weighted=0.8116 val_prec_macro=0.7618 val_rec_macro=0.7781 val_metric_name=acc val_metric=0.8113
Step  900 | loss 0.0818 | val_acc=0.8154 val_loss=0.8388 val_f1_macro=0.7729 val_f1_weighted=0.8152 val_prec_macro=0.7668 val_rec_macro=0.7809 val_metric_name=acc val_metric=0.8154
Step  950 | loss 0.0779 | val_acc=0.8159 val_loss=0.8514 val_f1_macro=0.7733 val_f1_weighted=0.8158 val_prec_macro=0.7664 val_rec_macro=0.7833 val_metric_name=acc val_metric=0.8159
Step 1000 | loss 0.0697 | val_acc=0.8145 val_loss=0.8608 val_f1_macro=0.7723 val_f1_weighted=0.8149 val_prec_macro=0.7668 val_rec_macro=0.7801 val_metric_name=acc val_metric=0.8145
Step 1050 | loss 0.0608 | val_acc=0.8178 val_loss=0.8785 val_f1_macro=0.7761 val_f1_weighted=0.8181 val_prec_macro=0.7709 val_rec_macro=0.7839 val_metric_name=acc val_metric=0.8178
Step 1100 | loss 0.0578 | val_acc=0.8169 val_loss=0.8937 val_f1_macro=0.7750 val_f1_weighted=0.8168 val_prec_macro=0.7689 val_rec_macro=0.7835 val_metric_name=acc val_metric=0.8169
Step 1150 | loss 0.0531 | val_acc=0.8145 val_loss=0.9052 val_f1_macro=0.7750 val_f1_weighted=0.8152 val_prec_macro=0.7695 val_rec_macro=0.7833 val_metric_name=acc val_metric=0.8145
Step 1200 | loss 0.0478 | val_acc=0.8155 val_loss=0.9124 val_f1_macro=0.7753 val_f1_weighted=0.8163 val_prec_macro=0.7684 val_rec_macro=0.7847 val_metric_name=acc val_metric=0.8155
Step 1250 | loss 0.0432 | val_acc=0.8203 val_loss=0.9193 val_f1_macro=0.7817 val_f1_weighted=0.8210 val_prec_macro=0.7754 val_rec_macro=0.7902 val_metric_name=acc val_metric=0.8203
Step 1300 | loss 0.0397 | val_acc=0.8210 val_loss=0.9294 val_f1_macro=0.7815 val_f1_weighted=0.8208 val_prec_macro=0.7754 val_rec_macro=0.7898 val_metric_name=acc val_metric=0.8210
Step 1350 | loss 0.0357 | val_acc=0.8199 val_loss=0.9431 val_f1_macro=0.7809 val_f1_weighted=0.8202 val_prec_macro=0.7761 val_rec_macro=0.7881 val_metric_name=acc val_metric=0.8199
Step 1400 | loss 0.0314 | val_acc=0.8198 val_loss=0.9502 val_f1_macro=0.7806 val_f1_weighted=0.8198 val_prec_macro=0.7745 val_rec_macro=0.7885 val_metric_name=acc val_metric=0.8198
Step 1450 | loss 0.0315 | val_acc=0.8217 val_loss=0.9597 val_f1_macro=0.7822 val_f1_weighted=0.8213 val_prec_macro=0.7762 val_rec_macro=0.7907 val_metric_name=acc val_metric=0.8217
Step 1500 | loss 0.0306 | val_acc=0.8231 val_loss=0.9691 val_f1_macro=0.7855 val_f1_weighted=0.8234 val_prec_macro=0.7829 val_rec_macro=0.7907 val_metric_name=acc val_metric=0.8231
Step 1550 | loss 0.0298 | val_acc=0.8238 val_loss=0.9771 val_f1_macro=0.7876 val_f1_weighted=0.8238 val_prec_macro=0.7829 val_rec_macro=0.7940 val_metric_name=acc val_metric=0.8238
Step 1600 | loss 0.0262 | val_acc=0.8235 val_loss=0.9876 val_f1_macro=0.7857 val_f1_weighted=0.8237 val_prec_macro=0.7798 val_rec_macro=0.7939 val_metric_name=acc val_metric=0.8235
Step 1650 | loss 0.0263 | val_acc=0.8252 val_loss=0.9860 val_f1_macro=0.7877 val_f1_weighted=0.8253 val_prec_macro=0.7825 val_rec_macro=0.7946 val_metric_name=acc val_metric=0.8252
Step 1700 | loss 0.0221 | val_acc=0.8263 val_loss=1.0017 val_f1_macro=0.7892 val_f1_weighted=0.8260 val_prec_macro=0.7826 val_rec_macro=0.7974 val_metric_name=acc val_metric=0.8263
Step 1750 | loss 0.0241 | val_acc=0.8237 val_loss=1.0089 val_f1_macro=0.7862 val_f1_weighted=0.8236 val_prec_macro=0.7816 val_rec_macro=0.7931 val_metric_name=acc val_metric=0.8237
Step 1800 | loss 0.0205 | val_acc=0.8265 val_loss=1.0092 val_f1_macro=0.7876 val_f1_weighted=0.8258 val_prec_macro=0.7819 val_rec_macro=0.7953 val_metric_name=acc val_metric=0.8265
Step 1850 | loss 0.0216 | val_acc=0.8268 val_loss=1.0148 val_f1_macro=0.7904 val_f1_weighted=0.8266 val_prec_macro=0.7846 val_rec_macro=0.7980 val_metric_name=acc val_metric=0.8268
Step 1900 | loss 0.0176 | val_acc=0.8254 val_loss=1.0204 val_f1_macro=0.7876 val_f1_weighted=0.8252 val_prec_macro=0.7847 val_rec_macro=0.7924 val_metric_name=acc val_metric=0.8254
Step 1950 | loss 0.0181 | val_acc=0.8258 val_loss=1.0283 val_f1_macro=0.7894 val_f1_weighted=0.8255 val_prec_macro=0.7855 val_rec_macro=0.7949 val_metric_name=acc val_metric=0.8258
Step 2000 | loss 0.0168 | val_acc=0.8295 val_loss=1.0382 val_f1_macro=0.7940 val_f1_weighted=0.8291 val_prec_macro=0.7884 val_rec_macro=0.8014 val_metric_name=acc val_metric=0.8295
Step 2050 | loss 0.0165 | val_acc=0.8270 val_loss=1.0483 val_f1_macro=0.7902 val_f1_weighted=0.8267 val_prec_macro=0.7858 val_rec_macro=0.7966 val_metric_name=acc val_metric=0.8270
Step 2100 | loss 0.0180 | val_acc=0.8244 val_loss=1.0537 val_f1_macro=0.7872 val_f1_weighted=0.8240 val_prec_macro=0.7829 val_rec_macro=0.7934 val_metric_name=acc val_metric=0.8244
Step 2150 | loss 0.0167 | val_acc=0.8277 val_loss=1.0533 val_f1_macro=0.7912 val_f1_weighted=0.8273 val_prec_macro=0.7876 val_rec_macro=0.7965 val_metric_name=acc val_metric=0.8277
Step 2200 | loss 0.0141 | val_acc=0.8284 val_loss=1.0665 val_f1_macro=0.7906 val_f1_weighted=0.8281 val_prec_macro=0.7837 val_rec_macro=0.7998 val_metric_name=acc val_metric=0.8284
Step 2250 | loss 0.0135 | val_acc=0.8275 val_loss=1.0691 val_f1_macro=0.7897 val_f1_weighted=0.8271 val_prec_macro=0.7874 val_rec_macro=0.7940 val_metric_name=acc val_metric=0.8275
Step 2300 | loss 0.0144 | val_acc=0.8267 val_loss=1.0642 val_f1_macro=0.7896 val_f1_weighted=0.8267 val_prec_macro=0.7877 val_rec_macro=0.7933 val_metric_name=acc val_metric=0.8267
Step 2350 | loss 0.0139 | val_acc=0.8321 val_loss=1.0714 val_f1_macro=0.7950 val_f1_weighted=0.8311 val_prec_macro=0.7899 val_rec_macro=0.8015 val_metric_name=acc val_metric=0.8321
Step 2400 | loss 0.0133 | val_acc=0.8275 val_loss=1.0818 val_f1_macro=0.7909 val_f1_weighted=0.8272 val_prec_macro=0.7832 val_rec_macro=0.8002 val_metric_name=acc val_metric=0.8275
Step 2450 | loss 0.0123 | val_acc=0.8312 val_loss=1.0843 val_f1_macro=0.7944 val_f1_weighted=0.8303 val_prec_macro=0.7870 val_rec_macro=0.8038 val_metric_name=acc val_metric=0.8312
Step 2500 | loss 0.0116 | val_acc=0.8293 val_loss=1.0894 val_f1_macro=0.7927 val_f1_weighted=0.8288 val_prec_macro=0.7881 val_rec_macro=0.7986 val_metric_name=acc val_metric=0.8293
Step 2550 | loss 0.0117 | val_acc=0.8307 val_loss=1.0978 val_f1_macro=0.7938 val_f1_weighted=0.8302 val_prec_macro=0.7881 val_rec_macro=0.8015 val_metric_name=acc val_metric=0.8307
Step 2600 | loss 0.0088 | val_acc=0.8309 val_loss=1.0976 val_f1_macro=0.7937 val_f1_weighted=0.8304 val_prec_macro=0.7900 val_rec_macro=0.7992 val_metric_name=acc val_metric=0.8309
Step 2650 | loss 0.0095 | val_acc=0.8312 val_loss=1.1067 val_f1_macro=0.7932 val_f1_weighted=0.8304 val_prec_macro=0.7854 val_rec_macro=0.8026 val_metric_name=acc val_metric=0.8312
Step 2700 | loss 0.0097 | val_acc=0.8330 val_loss=1.1151 val_f1_macro=0.7973 val_f1_weighted=0.8323 val_prec_macro=0.7899 val_rec_macro=0.8065 val_metric_name=acc val_metric=0.8330
Step 2750 | loss 0.0082 | val_acc=0.8328 val_loss=1.1154 val_f1_macro=0.8000 val_f1_weighted=0.8320 val_prec_macro=0.7955 val_rec_macro=0.8061 val_metric_name=acc val_metric=0.8328
Step 2800 | loss 0.0080 | val_acc=0.8314 val_loss=1.1175 val_f1_macro=0.7956 val_f1_weighted=0.8311 val_prec_macro=0.7899 val_rec_macro=0.8031 val_metric_name=acc val_metric=0.8314
Step 2850 | loss 0.0077 | val_acc=0.8332 val_loss=1.1279 val_f1_macro=0.7979 val_f1_weighted=0.8330 val_prec_macro=0.7913 val_rec_macro=0.8059 val_metric_name=acc val_metric=0.8332
Step 2900 | loss 0.0078 | val_acc=0.8321 val_loss=1.1357 val_f1_macro=0.7966 val_f1_weighted=0.8318 val_prec_macro=0.7904 val_rec_macro=0.8043 val_metric_name=acc val_metric=0.8321
Step 2950 | loss 0.0078 | val_acc=0.8330 val_loss=1.1304 val_f1_macro=0.7986 val_f1_weighted=0.8327 val_prec_macro=0.7928 val_rec_macro=0.8054 val_metric_name=acc val_metric=0.8330
Step 3000 | loss 0.0076 | val_acc=0.8344 val_loss=1.1442 val_f1_macro=0.7988 val_f1_weighted=0.8335 val_prec_macro=0.7920 val_rec_macro=0.8069 val_metric_name=acc val_metric=0.8344
Step 3050 | loss 0.0074 | val_acc=0.8316 val_loss=1.1410 val_f1_macro=0.7945 val_f1_weighted=0.8312 val_prec_macro=0.7884 val_rec_macro=0.8023 val_metric_name=acc val_metric=0.8316
Step 3100 | loss 0.0067 | val_acc=0.8341 val_loss=1.1485 val_f1_macro=0.7981 val_f1_weighted=0.8337 val_prec_macro=0.7914 val_rec_macro=0.8064 val_metric_name=acc val_metric=0.8341
Step 3150 | loss 0.0086 | val_acc=0.8335 val_loss=1.1495 val_f1_macro=0.7967 val_f1_weighted=0.8329 val_prec_macro=0.7914 val_rec_macro=0.8042 val_metric_name=acc val_metric=0.8335
Step 3200 | loss 0.0063 | val_acc=0.8346 val_loss=1.1487 val_f1_macro=0.8016 val_f1_weighted=0.8343 val_prec_macro=0.7936 val_rec_macro=0.8114 val_metric_name=acc val_metric=0.8346
Step 3250 | loss 0.0079 | val_acc=0.8353 val_loss=1.1588 val_f1_macro=0.8002 val_f1_weighted=0.8342 val_prec_macro=0.7944 val_rec_macro=0.8075 val_metric_name=acc val_metric=0.8353
Step 3300 | loss 0.0048 | val_acc=0.8339 val_loss=1.1567 val_f1_macro=0.8012 val_f1_weighted=0.8335 val_prec_macro=0.7957 val_rec_macro=0.8081 val_metric_name=acc val_metric=0.8339
Step 3350 | loss 0.0062 | val_acc=0.8332 val_loss=1.1621 val_f1_macro=0.7982 val_f1_weighted=0.8323 val_prec_macro=0.7925 val_rec_macro=0.8050 val_metric_name=acc val_metric=0.8332
Step 3400 | loss 0.0051 | val_acc=0.8358 val_loss=1.1678 val_f1_macro=0.8016 val_f1_weighted=0.8349 val_prec_macro=0.7957 val_rec_macro=0.8090 val_metric_name=acc val_metric=0.8358
Step 3450 | loss 0.0061 | val_acc=0.8304 val_loss=1.1835 val_f1_macro=0.7950 val_f1_weighted=0.8297 val_prec_macro=0.7901 val_rec_macro=0.8011 val_metric_name=acc val_metric=0.8304
Step 3500 | loss 0.0055 | val_acc=0.8339 val_loss=1.1819 val_f1_macro=0.7998 val_f1_weighted=0.8332 val_prec_macro=0.7938 val_rec_macro=0.8072 val_metric_name=acc val_metric=0.8339
Step 3550 | loss 0.0056 | val_acc=0.8348 val_loss=1.1919 val_f1_macro=0.8006 val_f1_weighted=0.8344 val_prec_macro=0.7958 val_rec_macro=0.8067 val_metric_name=acc val_metric=0.8348
Early stopping at step 3588

--- Final (best ckpt @ step 3280) ---
  train_acc=1.0000 train_loss=0.0000 train_f1_macro=1.0000 train_f1_weighted=1.0000 train_prec_macro=1.0000 train_rec_macro=1.0000 train_metric_name=acc train_metric=1.0000
  val_acc=0.8374 val_loss=1.1541 val_f1_macro=0.8046 val_f1_weighted=0.8373 val_prec_macro=0.7990 val_rec_macro=0.8114 val_metric_name=acc val_metric=0.8374
  test_acc=0.8420 test_loss=1.0420 test_f1_macro=0.8039 test_f1_weighted=0.8413 test_prec_macro=0.8031 test_rec_macro=0.8068 test_metric_name=acc test_metric=0.8420
  test_acc=0.8420

============================================================
Training roman-empire GAT 5L h=512 lr=0.0001 split=6
============================================================
Training for 5000 steps
Step    1 | loss 3.1212 | val_acc=0.1412 val_loss=2.6663 val_f1_macro=0.0177 val_f1_weighted=0.0432 val_prec_macro=0.0303 val_rec_macro=0.0570 val_metric_name=acc val_metric=0.1412
Step   50 | loss 1.4159 | val_acc=0.5658 val_loss=1.3709 val_f1_macro=0.4223 val_f1_weighted=0.5262 val_prec_macro=0.4824 val_rec_macro=0.4537 val_metric_name=acc val_metric=0.5658
Step  100 | loss 0.9252 | val_acc=0.6983 val_loss=0.9381 val_f1_macro=0.6044 val_f1_weighted=0.6871 val_prec_macro=0.6038 val_rec_macro=0.6245 val_metric_name=acc val_metric=0.6983
Step  150 | loss 0.6623 | val_acc=0.7552 val_loss=0.7680 val_f1_macro=0.6927 val_f1_weighted=0.7508 val_prec_macro=0.6892 val_rec_macro=0.7057 val_metric_name=acc val_metric=0.7552
Step  200 | loss 0.5049 | val_acc=0.7806 val_loss=0.7094 val_f1_macro=0.7231 val_f1_weighted=0.7778 val_prec_macro=0.7147 val_rec_macro=0.7371 val_metric_name=acc val_metric=0.7806
Step  250 | loss 0.3843 | val_acc=0.7958 val_loss=0.6778 val_f1_macro=0.7437 val_f1_weighted=0.7943 val_prec_macro=0.7374 val_rec_macro=0.7549 val_metric_name=acc val_metric=0.7958
Step  300 | loss 0.2849 | val_acc=0.8026 val_loss=0.6844 val_f1_macro=0.7516 val_f1_weighted=0.8018 val_prec_macro=0.7457 val_rec_macro=0.7614 val_metric_name=acc val_metric=0.8026
Step  350 | loss 0.2244 | val_acc=0.8056 val_loss=0.7111 val_f1_macro=0.7575 val_f1_weighted=0.8056 val_prec_macro=0.7515 val_rec_macro=0.7672 val_metric_name=acc val_metric=0.8056
Step  400 | loss 0.1758 | val_acc=0.8076 val_loss=0.7409 val_f1_macro=0.7622 val_f1_weighted=0.8078 val_prec_macro=0.7537 val_rec_macro=0.7737 val_metric_name=acc val_metric=0.8076
Step  450 | loss 0.1402 | val_acc=0.8071 val_loss=0.7712 val_f1_macro=0.7594 val_f1_weighted=0.8070 val_prec_macro=0.7500 val_rec_macro=0.7717 val_metric_name=acc val_metric=0.8071
Step  500 | loss 0.1145 | val_acc=0.8092 val_loss=0.7959 val_f1_macro=0.7645 val_f1_weighted=0.8096 val_prec_macro=0.7599 val_rec_macro=0.7719 val_metric_name=acc val_metric=0.8092
Step  550 | loss 0.0898 | val_acc=0.8115 val_loss=0.8214 val_f1_macro=0.7680 val_f1_weighted=0.8117 val_prec_macro=0.7617 val_rec_macro=0.7770 val_metric_name=acc val_metric=0.8115
Step  600 | loss 0.0783 | val_acc=0.8131 val_loss=0.8378 val_f1_macro=0.7703 val_f1_weighted=0.8132 val_prec_macro=0.7642 val_rec_macro=0.7789 val_metric_name=acc val_metric=0.8131
Step  650 | loss 0.0648 | val_acc=0.8152 val_loss=0.8586 val_f1_macro=0.7707 val_f1_weighted=0.8148 val_prec_macro=0.7623 val_rec_macro=0.7821 val_metric_name=acc val_metric=0.8152
Step  700 | loss 0.0587 | val_acc=0.8152 val_loss=0.8676 val_f1_macro=0.7729 val_f1_weighted=0.8153 val_prec_macro=0.7660 val_rec_macro=0.7818 val_metric_name=acc val_metric=0.8152
Step  750 | loss 0.0520 | val_acc=0.8189 val_loss=0.8897 val_f1_macro=0.7767 val_f1_weighted=0.8185 val_prec_macro=0.7697 val_rec_macro=0.7867 val_metric_name=acc val_metric=0.8189
Step  800 | loss 0.0457 | val_acc=0.8194 val_loss=0.9043 val_f1_macro=0.7803 val_f1_weighted=0.8199 val_prec_macro=0.7739 val_rec_macro=0.7887 val_metric_name=acc val_metric=0.8194
Step  850 | loss 0.0378 | val_acc=0.8192 val_loss=0.9183 val_f1_macro=0.7753 val_f1_weighted=0.8187 val_prec_macro=0.7706 val_rec_macro=0.7828 val_metric_name=acc val_metric=0.8192
Step  900 | loss 0.0339 | val_acc=0.8228 val_loss=0.9262 val_f1_macro=0.7823 val_f1_weighted=0.8227 val_prec_macro=0.7780 val_rec_macro=0.7881 val_metric_name=acc val_metric=0.8228
Step  950 | loss 0.0330 | val_acc=0.8249 val_loss=0.9407 val_f1_macro=0.7847 val_f1_weighted=0.8249 val_prec_macro=0.7793 val_rec_macro=0.7923 val_metric_name=acc val_metric=0.8249
Step 1000 | loss 0.0299 | val_acc=0.8258 val_loss=0.9468 val_f1_macro=0.7860 val_f1_weighted=0.8255 val_prec_macro=0.7820 val_rec_macro=0.7920 val_metric_name=acc val_metric=0.8258
Step 1050 | loss 0.0252 | val_acc=0.8268 val_loss=0.9653 val_f1_macro=0.7869 val_f1_weighted=0.8268 val_prec_macro=0.7804 val_rec_macro=0.7955 val_metric_name=acc val_metric=0.8268
Step 1100 | loss 0.0251 | val_acc=0.8231 val_loss=0.9756 val_f1_macro=0.7825 val_f1_weighted=0.8227 val_prec_macro=0.7774 val_rec_macro=0.7898 val_metric_name=acc val_metric=0.8231
Step 1150 | loss 0.0234 | val_acc=0.8231 val_loss=0.9887 val_f1_macro=0.7838 val_f1_weighted=0.8239 val_prec_macro=0.7787 val_rec_macro=0.7914 val_metric_name=acc val_metric=0.8231
Step 1200 | loss 0.0216 | val_acc=0.8270 val_loss=0.9877 val_f1_macro=0.7896 val_f1_weighted=0.8271 val_prec_macro=0.7825 val_rec_macro=0.7982 val_metric_name=acc val_metric=0.8270
Step 1250 | loss 0.0188 | val_acc=0.8279 val_loss=1.0007 val_f1_macro=0.7895 val_f1_weighted=0.8282 val_prec_macro=0.7825 val_rec_macro=0.7989 val_metric_name=acc val_metric=0.8279
Step 1300 | loss 0.0167 | val_acc=0.8293 val_loss=1.0033 val_f1_macro=0.7905 val_f1_weighted=0.8289 val_prec_macro=0.7846 val_rec_macro=0.7980 val_metric_name=acc val_metric=0.8293
Step 1350 | loss 0.0159 | val_acc=0.8279 val_loss=1.0185 val_f1_macro=0.7887 val_f1_weighted=0.8281 val_prec_macro=0.7841 val_rec_macro=0.7955 val_metric_name=acc val_metric=0.8279
Step 1400 | loss 0.0134 | val_acc=0.8268 val_loss=1.0277 val_f1_macro=0.7879 val_f1_weighted=0.8272 val_prec_macro=0.7819 val_rec_macro=0.7958 val_metric_name=acc val_metric=0.8268
Step 1450 | loss 0.0140 | val_acc=0.8289 val_loss=1.0280 val_f1_macro=0.7916 val_f1_weighted=0.8280 val_prec_macro=0.7869 val_rec_macro=0.7982 val_metric_name=acc val_metric=0.8289
Step 1500 | loss 0.0129 | val_acc=0.8293 val_loss=1.0505 val_f1_macro=0.7913 val_f1_weighted=0.8291 val_prec_macro=0.7865 val_rec_macro=0.7982 val_metric_name=acc val_metric=0.8293
Step 1550 | loss 0.0138 | val_acc=0.8305 val_loss=1.0553 val_f1_macro=0.7926 val_f1_weighted=0.8308 val_prec_macro=0.7878 val_rec_macro=0.7992 val_metric_name=acc val_metric=0.8305
Step 1600 | loss 0.0117 | val_acc=0.8321 val_loss=1.0694 val_f1_macro=0.7964 val_f1_weighted=0.8322 val_prec_macro=0.7898 val_rec_macro=0.8045 val_metric_name=acc val_metric=0.8321
Step 1650 | loss 0.0113 | val_acc=0.8342 val_loss=1.0589 val_f1_macro=0.7993 val_f1_weighted=0.8343 val_prec_macro=0.7935 val_rec_macro=0.8065 val_metric_name=acc val_metric=0.8342
Step 1700 | loss 0.0102 | val_acc=0.8321 val_loss=1.0732 val_f1_macro=0.7953 val_f1_weighted=0.8320 val_prec_macro=0.7893 val_rec_macro=0.8025 val_metric_name=acc val_metric=0.8321
Step 1750 | loss 0.0110 | val_acc=0.8332 val_loss=1.0765 val_f1_macro=0.7946 val_f1_weighted=0.8334 val_prec_macro=0.7918 val_rec_macro=0.7990 val_metric_name=acc val_metric=0.8332
Step 1800 | loss 0.0091 | val_acc=0.8318 val_loss=1.0815 val_f1_macro=0.7945 val_f1_weighted=0.8317 val_prec_macro=0.7878 val_rec_macro=0.8026 val_metric_name=acc val_metric=0.8318
Step 1850 | loss 0.0098 | val_acc=0.8337 val_loss=1.0851 val_f1_macro=0.7981 val_f1_weighted=0.8337 val_prec_macro=0.7913 val_rec_macro=0.8063 val_metric_name=acc val_metric=0.8337
Step 1900 | loss 0.0079 | val_acc=0.8312 val_loss=1.0895 val_f1_macro=0.7925 val_f1_weighted=0.8312 val_prec_macro=0.7900 val_rec_macro=0.7964 val_metric_name=acc val_metric=0.8312
Step 1950 | loss 0.0072 | val_acc=0.8318 val_loss=1.0945 val_f1_macro=0.7937 val_f1_weighted=0.8311 val_prec_macro=0.7892 val_rec_macro=0.8002 val_metric_name=acc val_metric=0.8318
Step 2000 | loss 0.0078 | val_acc=0.8348 val_loss=1.1072 val_f1_macro=0.7988 val_f1_weighted=0.8345 val_prec_macro=0.7944 val_rec_macro=0.8049 val_metric_name=acc val_metric=0.8348
Step 2050 | loss 0.0084 | val_acc=0.8323 val_loss=1.1083 val_f1_macro=0.7963 val_f1_weighted=0.8320 val_prec_macro=0.7912 val_rec_macro=0.8034 val_metric_name=acc val_metric=0.8323
Step 2100 | loss 0.0077 | val_acc=0.8304 val_loss=1.1180 val_f1_macro=0.7921 val_f1_weighted=0.8300 val_prec_macro=0.7860 val_rec_macro=0.8001 val_metric_name=acc val_metric=0.8304
Step 2150 | loss 0.0074 | val_acc=0.8341 val_loss=1.1098 val_f1_macro=0.7977 val_f1_weighted=0.8335 val_prec_macro=0.7930 val_rec_macro=0.8039 val_metric_name=acc val_metric=0.8341
Step 2200 | loss 0.0064 | val_acc=0.8350 val_loss=1.1212 val_f1_macro=0.7981 val_f1_weighted=0.8345 val_prec_macro=0.7910 val_rec_macro=0.8071 val_metric_name=acc val_metric=0.8350
Step 2250 | loss 0.0065 | val_acc=0.8341 val_loss=1.1391 val_f1_macro=0.7968 val_f1_weighted=0.8335 val_prec_macro=0.7921 val_rec_macro=0.8034 val_metric_name=acc val_metric=0.8341
Step 2300 | loss 0.0069 | val_acc=0.8346 val_loss=1.1250 val_f1_macro=0.7982 val_f1_weighted=0.8346 val_prec_macro=0.7944 val_rec_macro=0.8034 val_metric_name=acc val_metric=0.8346
Step 2350 | loss 0.0070 | val_acc=0.8350 val_loss=1.1390 val_f1_macro=0.7985 val_f1_weighted=0.8339 val_prec_macro=0.7923 val_rec_macro=0.8064 val_metric_name=acc val_metric=0.8350
Step 2400 | loss 0.0055 | val_acc=0.8344 val_loss=1.1406 val_f1_macro=0.7980 val_f1_weighted=0.8340 val_prec_macro=0.7915 val_rec_macro=0.8063 val_metric_name=acc val_metric=0.8344
Step 2450 | loss 0.0067 | val_acc=0.8360 val_loss=1.1537 val_f1_macro=0.8010 val_f1_weighted=0.8355 val_prec_macro=0.7949 val_rec_macro=0.8088 val_metric_name=acc val_metric=0.8360
Step 2500 | loss 0.0042 | val_acc=0.8360 val_loss=1.1491 val_f1_macro=0.8014 val_f1_weighted=0.8356 val_prec_macro=0.7974 val_rec_macro=0.8066 val_metric_name=acc val_metric=0.8360
Step 2550 | loss 0.0053 | val_acc=0.8365 val_loss=1.1586 val_f1_macro=0.8017 val_f1_weighted=0.8363 val_prec_macro=0.7964 val_rec_macro=0.8085 val_metric_name=acc val_metric=0.8365
Step 2600 | loss 0.0047 | val_acc=0.8365 val_loss=1.1713 val_f1_macro=0.8001 val_f1_weighted=0.8362 val_prec_macro=0.7946 val_rec_macro=0.8074 val_metric_name=acc val_metric=0.8365
Step 2650 | loss 0.0046 | val_acc=0.8350 val_loss=1.1702 val_f1_macro=0.7986 val_f1_weighted=0.8343 val_prec_macro=0.7925 val_rec_macro=0.8058 val_metric_name=acc val_metric=0.8350
Step 2700 | loss 0.0047 | val_acc=0.8369 val_loss=1.1755 val_f1_macro=0.8019 val_f1_weighted=0.8359 val_prec_macro=0.7957 val_rec_macro=0.8107 val_metric_name=acc val_metric=0.8369
Step 2750 | loss 0.0034 | val_acc=0.8392 val_loss=1.1765 val_f1_macro=0.8075 val_f1_weighted=0.8392 val_prec_macro=0.8025 val_rec_macro=0.8145 val_metric_name=acc val_metric=0.8392
Step 2800 | loss 0.0035 | val_acc=0.8380 val_loss=1.1732 val_f1_macro=0.8071 val_f1_weighted=0.8375 val_prec_macro=0.8015 val_rec_macro=0.8144 val_metric_name=acc val_metric=0.8380
Step 2850 | loss 0.0039 | val_acc=0.8388 val_loss=1.1699 val_f1_macro=0.8040 val_f1_weighted=0.8383 val_prec_macro=0.7967 val_rec_macro=0.8128 val_metric_name=acc val_metric=0.8388
Step 2900 | loss 0.0041 | val_acc=0.8348 val_loss=1.1841 val_f1_macro=0.8020 val_f1_weighted=0.8347 val_prec_macro=0.7992 val_rec_macro=0.8056 val_metric_name=acc val_metric=0.8348
Step 2950 | loss 0.0040 | val_acc=0.8371 val_loss=1.1837 val_f1_macro=0.8036 val_f1_weighted=0.8368 val_prec_macro=0.7957 val_rec_macro=0.8128 val_metric_name=acc val_metric=0.8371
Step 3000 | loss 0.0033 | val_acc=0.8383 val_loss=1.1863 val_f1_macro=0.8040 val_f1_weighted=0.8375 val_prec_macro=0.7979 val_rec_macro=0.8112 val_metric_name=acc val_metric=0.8383
Early stopping at step 3030

--- Final (best ckpt @ step 2730) ---
  train_acc=1.0000 train_loss=0.0000 train_f1_macro=1.0000 train_f1_weighted=1.0000 train_prec_macro=1.0000 train_rec_macro=1.0000 train_metric_name=acc train_metric=1.0000
  val_acc=0.8425 val_loss=1.1640 val_f1_macro=0.8084 val_f1_weighted=0.8421 val_prec_macro=0.8042 val_rec_macro=0.8141 val_metric_name=acc val_metric=0.8425
  test_acc=0.8470 test_loss=1.0780 test_f1_macro=0.8093 test_f1_weighted=0.8462 test_prec_macro=0.8086 test_rec_macro=0.8126 test_metric_name=acc test_metric=0.8470
  test_acc=0.8470

============================================================
Training roman-empire GAT 5L h=512 lr=1e-05 split=6
============================================================
Training for 5000 steps
Step    1 | loss 3.1212 | val_acc=0.0300 val_loss=3.0508 val_f1_macro=0.0227 val_f1_weighted=0.0156 val_prec_macro=0.0482 val_rec_macro=0.0644 val_metric_name=acc val_metric=0.0300
Step   50 | loss 2.4725 | val_acc=0.2524 val_loss=2.3689 val_f1_macro=0.0926 val_f1_weighted=0.1884 val_prec_macro=0.0910 val_rec_macro=0.1204 val_metric_name=acc val_metric=0.2524
Step  100 | loss 2.1705 | val_acc=0.3492 val_loss=2.0721 val_f1_macro=0.1699 val_f1_weighted=0.2903 val_prec_macro=0.1871 val_rec_macro=0.2004 val_metric_name=acc val_metric=0.3492
Step  150 | loss 1.9268 | val_acc=0.4357 val_loss=1.8374 val_f1_macro=0.2579 val_f1_weighted=0.3853 val_prec_macro=0.2837 val_rec_macro=0.2915 val_metric_name=acc val_metric=0.4357
Step  200 | loss 1.7439 | val_acc=0.4858 val_loss=1.6625 val_f1_macro=0.3163 val_f1_weighted=0.4367 val_prec_macro=0.3499 val_rec_macro=0.3486 val_metric_name=acc val_metric=0.4858
Step  250 | loss 1.6033 | val_acc=0.5190 val_loss=1.5285 val_f1_macro=0.3642 val_f1_weighted=0.4724 val_prec_macro=0.3832 val_rec_macro=0.3952 val_metric_name=acc val_metric=0.5190
Step  300 | loss 1.4917 | val_acc=0.5490 val_loss=1.4296 val_f1_macro=0.4038 val_f1_weighted=0.5072 val_prec_macro=0.4451 val_rec_macro=0.4351 val_metric_name=acc val_metric=0.5490
Step  350 | loss 1.4024 | val_acc=0.5769 val_loss=1.3454 val_f1_macro=0.4444 val_f1_weighted=0.5421 val_prec_macro=0.4903 val_rec_macro=0.4714 val_metric_name=acc val_metric=0.5769
Step  400 | loss 1.3102 | val_acc=0.6039 val_loss=1.2694 val_f1_macro=0.4855 val_f1_weighted=0.5764 val_prec_macro=0.5179 val_rec_macro=0.5057 val_metric_name=acc val_metric=0.6039
Step  450 | loss 1.2443 | val_acc=0.6212 val_loss=1.2055 val_f1_macro=0.5089 val_f1_weighted=0.5982 val_prec_macro=0.5302 val_rec_macro=0.5287 val_metric_name=acc val_metric=0.6212
Step  500 | loss 1.1755 | val_acc=0.6401 val_loss=1.1477 val_f1_macro=0.5282 val_f1_weighted=0.6207 val_prec_macro=0.5425 val_rec_macro=0.5505 val_metric_name=acc val_metric=0.6401
Step  550 | loss 1.1123 | val_acc=0.6544 val_loss=1.1004 val_f1_macro=0.5466 val_f1_weighted=0.6375 val_prec_macro=0.5598 val_rec_macro=0.5692 val_metric_name=acc val_metric=0.6544
Step  600 | loss 1.0606 | val_acc=0.6694 val_loss=1.0499 val_f1_macro=0.5630 val_f1_weighted=0.6548 val_prec_macro=0.5725 val_rec_macro=0.5841 val_metric_name=acc val_metric=0.6694
Step  650 | loss 0.9976 | val_acc=0.6796 val_loss=1.0125 val_f1_macro=0.5796 val_f1_weighted=0.6669 val_prec_macro=0.5881 val_rec_macro=0.5998 val_metric_name=acc val_metric=0.6796
Step  700 | loss 0.9580 | val_acc=0.6884 val_loss=0.9751 val_f1_macro=0.5920 val_f1_weighted=0.6771 val_prec_macro=0.5989 val_rec_macro=0.6105 val_metric_name=acc val_metric=0.6884
Step  750 | loss 0.9055 | val_acc=0.6980 val_loss=0.9411 val_f1_macro=0.6070 val_f1_weighted=0.6881 val_prec_macro=0.6125 val_rec_macro=0.6250 val_metric_name=acc val_metric=0.6980
Step  800 | loss 0.8677 | val_acc=0.7098 val_loss=0.9123 val_f1_macro=0.6218 val_f1_weighted=0.7007 val_prec_macro=0.6260 val_rec_macro=0.6391 val_metric_name=acc val_metric=0.7098
Step  850 | loss 0.8325 | val_acc=0.7162 val_loss=0.8868 val_f1_macro=0.6316 val_f1_weighted=0.7082 val_prec_macro=0.6355 val_rec_macro=0.6492 val_metric_name=acc val_metric=0.7162
Step  900 | loss 0.7946 | val_acc=0.7229 val_loss=0.8637 val_f1_macro=0.6450 val_f1_weighted=0.7160 val_prec_macro=0.6500 val_rec_macro=0.6610 val_metric_name=acc val_metric=0.7229
Step  950 | loss 0.7754 | val_acc=0.7308 val_loss=0.8456 val_f1_macro=0.6571 val_f1_weighted=0.7244 val_prec_macro=0.6610 val_rec_macro=0.6733 val_metric_name=acc val_metric=0.7308
Step 1000 | loss 0.7425 | val_acc=0.7359 val_loss=0.8261 val_f1_macro=0.6640 val_f1_weighted=0.7302 val_prec_macro=0.6653 val_rec_macro=0.6793 val_metric_name=acc val_metric=0.7359
Step 1050 | loss 0.7120 | val_acc=0.7432 val_loss=0.8109 val_f1_macro=0.6743 val_f1_weighted=0.7378 val_prec_macro=0.6762 val_rec_macro=0.6883 val_metric_name=acc val_metric=0.7432
Step 1100 | loss 0.6860 | val_acc=0.7476 val_loss=0.7970 val_f1_macro=0.6797 val_f1_weighted=0.7433 val_prec_macro=0.6803 val_rec_macro=0.6926 val_metric_name=acc val_metric=0.7476
Step 1150 | loss 0.6601 | val_acc=0.7515 val_loss=0.7860 val_f1_macro=0.6845 val_f1_weighted=0.7476 val_prec_macro=0.6856 val_rec_macro=0.6957 val_metric_name=acc val_metric=0.7515
Step 1200 | loss 0.6410 | val_acc=0.7573 val_loss=0.7781 val_f1_macro=0.6915 val_f1_weighted=0.7540 val_prec_macro=0.6907 val_rec_macro=0.7035 val_metric_name=acc val_metric=0.7573
Step 1250 | loss 0.6119 | val_acc=0.7624 val_loss=0.7663 val_f1_macro=0.6963 val_f1_weighted=0.7593 val_prec_macro=0.6942 val_rec_macro=0.7093 val_metric_name=acc val_metric=0.7624
Step 1300 | loss 0.6007 | val_acc=0.7645 val_loss=0.7563 val_f1_macro=0.7012 val_f1_weighted=0.7619 val_prec_macro=0.6996 val_rec_macro=0.7114 val_metric_name=acc val_metric=0.7645
Step 1350 | loss 0.5646 | val_acc=0.7670 val_loss=0.7534 val_f1_macro=0.7033 val_f1_weighted=0.7642 val_prec_macro=0.7027 val_rec_macro=0.7139 val_metric_name=acc val_metric=0.7670
Step 1400 | loss 0.5526 | val_acc=0.7688 val_loss=0.7452 val_f1_macro=0.7065 val_f1_weighted=0.7660 val_prec_macro=0.7055 val_rec_macro=0.7174 val_metric_name=acc val_metric=0.7688
Step 1450 | loss 0.5372 | val_acc=0.7711 val_loss=0.7415 val_f1_macro=0.7096 val_f1_weighted=0.7683 val_prec_macro=0.7104 val_rec_macro=0.7183 val_metric_name=acc val_metric=0.7711
Step 1500 | loss 0.5113 | val_acc=0.7733 val_loss=0.7351 val_f1_macro=0.7139 val_f1_weighted=0.7707 val_prec_macro=0.7129 val_rec_macro=0.7238 val_metric_name=acc val_metric=0.7733
Step 1550 | loss 0.4930 | val_acc=0.7753 val_loss=0.7311 val_f1_macro=0.7166 val_f1_weighted=0.7730 val_prec_macro=0.7150 val_rec_macro=0.7266 val_metric_name=acc val_metric=0.7753
Step 1600 | loss 0.4821 | val_acc=0.7783 val_loss=0.7275 val_f1_macro=0.7211 val_f1_weighted=0.7763 val_prec_macro=0.7208 val_rec_macro=0.7297 val_metric_name=acc val_metric=0.7783
Step 1650 | loss 0.4667 | val_acc=0.7799 val_loss=0.7200 val_f1_macro=0.7245 val_f1_weighted=0.7780 val_prec_macro=0.7230 val_rec_macro=0.7337 val_metric_name=acc val_metric=0.7799
Step 1700 | loss 0.4521 | val_acc=0.7809 val_loss=0.7202 val_f1_macro=0.7254 val_f1_weighted=0.7792 val_prec_macro=0.7238 val_rec_macro=0.7349 val_metric_name=acc val_metric=0.7809
Step 1750 | loss 0.4272 | val_acc=0.7818 val_loss=0.7158 val_f1_macro=0.7279 val_f1_weighted=0.7800 val_prec_macro=0.7246 val_rec_macro=0.7385 val_metric_name=acc val_metric=0.7818
Step 1800 | loss 0.4164 | val_acc=0.7843 val_loss=0.7167 val_f1_macro=0.7301 val_f1_weighted=0.7821 val_prec_macro=0.7279 val_rec_macro=0.7398 val_metric_name=acc val_metric=0.7843
Step 1850 | loss 0.4034 | val_acc=0.7859 val_loss=0.7137 val_f1_macro=0.7311 val_f1_weighted=0.7839 val_prec_macro=0.7289 val_rec_macro=0.7403 val_metric_name=acc val_metric=0.7859
Step 1900 | loss 0.3914 | val_acc=0.7887 val_loss=0.7138 val_f1_macro=0.7351 val_f1_weighted=0.7872 val_prec_macro=0.7337 val_rec_macro=0.7436 val_metric_name=acc val_metric=0.7887
Step 1950 | loss 0.3787 | val_acc=0.7894 val_loss=0.7132 val_f1_macro=0.7359 val_f1_weighted=0.7880 val_prec_macro=0.7347 val_rec_macro=0.7438 val_metric_name=acc val_metric=0.7894
Step 2000 | loss 0.3600 | val_acc=0.7919 val_loss=0.7136 val_f1_macro=0.7402 val_f1_weighted=0.7905 val_prec_macro=0.7381 val_rec_macro=0.7495 val_metric_name=acc val_metric=0.7919
Step 2050 | loss 0.3504 | val_acc=0.7908 val_loss=0.7168 val_f1_macro=0.7356 val_f1_weighted=0.7891 val_prec_macro=0.7286 val_rec_macro=0.7491 val_metric_name=acc val_metric=0.7908
Step 2100 | loss 0.3444 | val_acc=0.7917 val_loss=0.7121 val_f1_macro=0.7382 val_f1_weighted=0.7900 val_prec_macro=0.7350 val_rec_macro=0.7482 val_metric_name=acc val_metric=0.7917
Step 2150 | loss 0.3328 | val_acc=0.7936 val_loss=0.7146 val_f1_macro=0.7416 val_f1_weighted=0.7922 val_prec_macro=0.7372 val_rec_macro=0.7525 val_metric_name=acc val_metric=0.7936
Step 2200 | loss 0.3186 | val_acc=0.7942 val_loss=0.7170 val_f1_macro=0.7409 val_f1_weighted=0.7927 val_prec_macro=0.7363 val_rec_macro=0.7519 val_metric_name=acc val_metric=0.7942
Step 2250 | loss 0.3038 | val_acc=0.7929 val_loss=0.7215 val_f1_macro=0.7398 val_f1_weighted=0.7917 val_prec_macro=0.7354 val_rec_macro=0.7509 val_metric_name=acc val_metric=0.7929
Step 2300 | loss 0.3017 | val_acc=0.7954 val_loss=0.7166 val_f1_macro=0.7439 val_f1_weighted=0.7944 val_prec_macro=0.7410 val_rec_macro=0.7529 val_metric_name=acc val_metric=0.7954
Step 2350 | loss 0.2897 | val_acc=0.7972 val_loss=0.7200 val_f1_macro=0.7450 val_f1_weighted=0.7956 val_prec_macro=0.7390 val_rec_macro=0.7572 val_metric_name=acc val_metric=0.7972
Step 2400 | loss 0.2821 | val_acc=0.7966 val_loss=0.7215 val_f1_macro=0.7449 val_f1_weighted=0.7954 val_prec_macro=0.7401 val_rec_macro=0.7554 val_metric_name=acc val_metric=0.7966
Step 2450 | loss 0.2736 | val_acc=0.7970 val_loss=0.7250 val_f1_macro=0.7453 val_f1_weighted=0.7957 val_prec_macro=0.7401 val_rec_macro=0.7569 val_metric_name=acc val_metric=0.7970
Step 2500 | loss 0.2611 | val_acc=0.7958 val_loss=0.7272 val_f1_macro=0.7449 val_f1_weighted=0.7950 val_prec_macro=0.7376 val_rec_macro=0.7580 val_metric_name=acc val_metric=0.7958
Step 2550 | loss 0.2578 | val_acc=0.7981 val_loss=0.7248 val_f1_macro=0.7468 val_f1_weighted=0.7971 val_prec_macro=0.7423 val_rec_macro=0.7565 val_metric_name=acc val_metric=0.7981
Step 2600 | loss 0.2531 | val_acc=0.7991 val_loss=0.7294 val_f1_macro=0.7484 val_f1_weighted=0.7982 val_prec_macro=0.7428 val_rec_macro=0.7600 val_metric_name=acc val_metric=0.7991
Step 2650 | loss 0.2302 | val_acc=0.7984 val_loss=0.7308 val_f1_macro=0.7472 val_f1_weighted=0.7976 val_prec_macro=0.7414 val_rec_macro=0.7593 val_metric_name=acc val_metric=0.7984
Step 2700 | loss 0.2313 | val_acc=0.7975 val_loss=0.7367 val_f1_macro=0.7462 val_f1_weighted=0.7966 val_prec_macro=0.7403 val_rec_macro=0.7580 val_metric_name=acc val_metric=0.7975
Step 2750 | loss 0.2299 | val_acc=0.7995 val_loss=0.7388 val_f1_macro=0.7493 val_f1_weighted=0.7987 val_prec_macro=0.7417 val_rec_macro=0.7625 val_metric_name=acc val_metric=0.7995
Step 2800 | loss 0.2165 | val_acc=0.8009 val_loss=0.7416 val_f1_macro=0.7513 val_f1_weighted=0.8002 val_prec_macro=0.7461 val_rec_macro=0.7619 val_metric_name=acc val_metric=0.8009
Step 2850 | loss 0.2150 | val_acc=0.8007 val_loss=0.7456 val_f1_macro=0.7515 val_f1_weighted=0.8001 val_prec_macro=0.7473 val_rec_macro=0.7615 val_metric_name=acc val_metric=0.8007
Step 2900 | loss 0.2072 | val_acc=0.8014 val_loss=0.7488 val_f1_macro=0.7534 val_f1_weighted=0.8010 val_prec_macro=0.7486 val_rec_macro=0.7632 val_metric_name=acc val_metric=0.8014
Step 2950 | loss 0.1966 | val_acc=0.8011 val_loss=0.7483 val_f1_macro=0.7530 val_f1_weighted=0.8006 val_prec_macro=0.7483 val_rec_macro=0.7627 val_metric_name=acc val_metric=0.8011
Step 3000 | loss 0.1880 | val_acc=0.8034 val_loss=0.7527 val_f1_macro=0.7553 val_f1_weighted=0.8027 val_prec_macro=0.7514 val_rec_macro=0.7648 val_metric_name=acc val_metric=0.8034
Step 3050 | loss 0.1861 | val_acc=0.8028 val_loss=0.7568 val_f1_macro=0.7536 val_f1_weighted=0.8018 val_prec_macro=0.7480 val_rec_macro=0.7644 val_metric_name=acc val_metric=0.8028
Step 3100 | loss 0.1777 | val_acc=0.8041 val_loss=0.7590 val_f1_macro=0.7561 val_f1_weighted=0.8035 val_prec_macro=0.7506 val_rec_macro=0.7664 val_metric_name=acc val_metric=0.8041
Step 3150 | loss 0.1724 | val_acc=0.8044 val_loss=0.7617 val_f1_macro=0.7579 val_f1_weighted=0.8033 val_prec_macro=0.7529 val_rec_macro=0.7678 val_metric_name=acc val_metric=0.8044
Step 3200 | loss 0.1710 | val_acc=0.8051 val_loss=0.7655 val_f1_macro=0.7599 val_f1_weighted=0.8047 val_prec_macro=0.7552 val_rec_macro=0.7692 val_metric_name=acc val_metric=0.8051
Step 3250 | loss 0.1627 | val_acc=0.8049 val_loss=0.7678 val_f1_macro=0.7565 val_f1_weighted=0.8039 val_prec_macro=0.7515 val_rec_macro=0.7660 val_metric_name=acc val_metric=0.8049
Step 3300 | loss 0.1551 | val_acc=0.8088 val_loss=0.7686 val_f1_macro=0.7630 val_f1_weighted=0.8079 val_prec_macro=0.7587 val_rec_macro=0.7714 val_metric_name=acc val_metric=0.8088
Step 3350 | loss 0.1555 | val_acc=0.8071 val_loss=0.7755 val_f1_macro=0.7617 val_f1_weighted=0.8065 val_prec_macro=0.7551 val_rec_macro=0.7726 val_metric_name=acc val_metric=0.8071
Step 3400 | loss 0.1503 | val_acc=0.8065 val_loss=0.7774 val_f1_macro=0.7594 val_f1_weighted=0.8058 val_prec_macro=0.7549 val_rec_macro=0.7683 val_metric_name=acc val_metric=0.8065
Step 3450 | loss 0.1451 | val_acc=0.8065 val_loss=0.7810 val_f1_macro=0.7605 val_f1_weighted=0.8056 val_prec_macro=0.7547 val_rec_macro=0.7707 val_metric_name=acc val_metric=0.8065
Step 3500 | loss 0.1427 | val_acc=0.8079 val_loss=0.7828 val_f1_macro=0.7623 val_f1_weighted=0.8070 val_prec_macro=0.7571 val_rec_macro=0.7719 val_metric_name=acc val_metric=0.8079
Step 3550 | loss 0.1381 | val_acc=0.8085 val_loss=0.7906 val_f1_macro=0.7633 val_f1_weighted=0.8082 val_prec_macro=0.7584 val_rec_macro=0.7724 val_metric_name=acc val_metric=0.8085
Step 3600 | loss 0.1315 | val_acc=0.8088 val_loss=0.7892 val_f1_macro=0.7622 val_f1_weighted=0.8081 val_prec_macro=0.7565 val_rec_macro=0.7718 val_metric_name=acc val_metric=0.8088
Step 3650 | loss 0.1350 | val_acc=0.8062 val_loss=0.7996 val_f1_macro=0.7602 val_f1_weighted=0.8057 val_prec_macro=0.7550 val_rec_macro=0.7691 val_metric_name=acc val_metric=0.8062
Step 3700 | loss 0.1310 | val_acc=0.8092 val_loss=0.7981 val_f1_macro=0.7646 val_f1_weighted=0.8084 val_prec_macro=0.7579 val_rec_macro=0.7753 val_metric_name=acc val_metric=0.8092
Step 3750 | loss 0.1236 | val_acc=0.8102 val_loss=0.8023 val_f1_macro=0.7660 val_f1_weighted=0.8097 val_prec_macro=0.7593 val_rec_macro=0.7765 val_metric_name=acc val_metric=0.8102
Step 3800 | loss 0.1201 | val_acc=0.8092 val_loss=0.8050 val_f1_macro=0.7637 val_f1_weighted=0.8083 val_prec_macro=0.7582 val_rec_macro=0.7733 val_metric_name=acc val_metric=0.8092
Step 3850 | loss 0.1175 | val_acc=0.8090 val_loss=0.8076 val_f1_macro=0.7637 val_f1_weighted=0.8083 val_prec_macro=0.7602 val_rec_macro=0.7717 val_metric_name=acc val_metric=0.8090
Step 3900 | loss 0.1144 | val_acc=0.8086 val_loss=0.8117 val_f1_macro=0.7636 val_f1_weighted=0.8084 val_prec_macro=0.7575 val_rec_macro=0.7736 val_metric_name=acc val_metric=0.8086
Step 3950 | loss 0.1130 | val_acc=0.8117 val_loss=0.8148 val_f1_macro=0.7690 val_f1_weighted=0.8112 val_prec_macro=0.7651 val_rec_macro=0.7763 val_metric_name=acc val_metric=0.8117
Step 4000 | loss 0.1072 | val_acc=0.8108 val_loss=0.8198 val_f1_macro=0.7667 val_f1_weighted=0.8102 val_prec_macro=0.7617 val_rec_macro=0.7759 val_metric_name=acc val_metric=0.8108
Step 4050 | loss 0.1060 | val_acc=0.8111 val_loss=0.8210 val_f1_macro=0.7658 val_f1_weighted=0.8103 val_prec_macro=0.7612 val_rec_macro=0.7745 val_metric_name=acc val_metric=0.8111
Step 4100 | loss 0.1047 | val_acc=0.8109 val_loss=0.8239 val_f1_macro=0.7684 val_f1_weighted=0.8104 val_prec_macro=0.7650 val_rec_macro=0.7758 val_metric_name=acc val_metric=0.8109
Step 4150 | loss 0.0993 | val_acc=0.8108 val_loss=0.8278 val_f1_macro=0.7676 val_f1_weighted=0.8101 val_prec_macro=0.7616 val_rec_macro=0.7774 val_metric_name=acc val_metric=0.8108
Step 4200 | loss 0.0959 | val_acc=0.8092 val_loss=0.8350 val_f1_macro=0.7663 val_f1_weighted=0.8090 val_prec_macro=0.7619 val_rec_macro=0.7750 val_metric_name=acc val_metric=0.8092
Step 4250 | loss 0.1002 | val_acc=0.8118 val_loss=0.8356 val_f1_macro=0.7698 val_f1_weighted=0.8115 val_prec_macro=0.7645 val_rec_macro=0.7787 val_metric_name=acc val_metric=0.8118
Step 4300 | loss 0.0914 | val_acc=0.8122 val_loss=0.8407 val_f1_macro=0.7714 val_f1_weighted=0.8121 val_prec_macro=0.7665 val_rec_macro=0.7804 val_metric_name=acc val_metric=0.8122
Step 4350 | loss 0.0951 | val_acc=0.8134 val_loss=0.8419 val_f1_macro=0.7717 val_f1_weighted=0.8131 val_prec_macro=0.7671 val_rec_macro=0.7796 val_metric_name=acc val_metric=0.8134
Step 4400 | loss 0.0916 | val_acc=0.8154 val_loss=0.8442 val_f1_macro=0.7735 val_f1_weighted=0.8150 val_prec_macro=0.7677 val_rec_macro=0.7831 val_metric_name=acc val_metric=0.8154
Step 4450 | loss 0.0897 | val_acc=0.8127 val_loss=0.8506 val_f1_macro=0.7706 val_f1_weighted=0.8129 val_prec_macro=0.7655 val_rec_macro=0.7790 val_metric_name=acc val_metric=0.8127
Step 4500 | loss 0.0838 | val_acc=0.8150 val_loss=0.8526 val_f1_macro=0.7730 val_f1_weighted=0.8147 val_prec_macro=0.7674 val_rec_macro=0.7823 val_metric_name=acc val_metric=0.8150
Step 4550 | loss 0.0817 | val_acc=0.8150 val_loss=0.8558 val_f1_macro=0.7733 val_f1_weighted=0.8145 val_prec_macro=0.7681 val_rec_macro=0.7818 val_metric_name=acc val_metric=0.8150
Step 4600 | loss 0.0856 | val_acc=0.8152 val_loss=0.8567 val_f1_macro=0.7750 val_f1_weighted=0.8151 val_prec_macro=0.7695 val_rec_macro=0.7838 val_metric_name=acc val_metric=0.8152
Step 4650 | loss 0.0811 | val_acc=0.8150 val_loss=0.8582 val_f1_macro=0.7737 val_f1_weighted=0.8149 val_prec_macro=0.7675 val_rec_macro=0.7829 val_metric_name=acc val_metric=0.8150
Step 4700 | loss 0.0782 | val_acc=0.8162 val_loss=0.8656 val_f1_macro=0.7754 val_f1_weighted=0.8159 val_prec_macro=0.7688 val_rec_macro=0.7856 val_metric_name=acc val_metric=0.8162
Step 4750 | loss 0.0749 | val_acc=0.8150 val_loss=0.8659 val_f1_macro=0.7737 val_f1_weighted=0.8147 val_prec_macro=0.7671 val_rec_macro=0.7839 val_metric_name=acc val_metric=0.8150
Step 4800 | loss 0.0726 | val_acc=0.8164 val_loss=0.8727 val_f1_macro=0.7768 val_f1_weighted=0.8162 val_prec_macro=0.7700 val_rec_macro=0.7872 val_metric_name=acc val_metric=0.8164
Step 4850 | loss 0.0726 | val_acc=0.8157 val_loss=0.8750 val_f1_macro=0.7756 val_f1_weighted=0.8154 val_prec_macro=0.7702 val_rec_macro=0.7844 val_metric_name=acc val_metric=0.8157
Step 4900 | loss 0.0705 | val_acc=0.8169 val_loss=0.8786 val_f1_macro=0.7754 val_f1_weighted=0.8163 val_prec_macro=0.7691 val_rec_macro=0.7857 val_metric_name=acc val_metric=0.8169
Step 4950 | loss 0.0706 | val_acc=0.8157 val_loss=0.8809 val_f1_macro=0.7749 val_f1_weighted=0.8152 val_prec_macro=0.7673 val_rec_macro=0.7862 val_metric_name=acc val_metric=0.8157
Step 5000 | loss 0.0648 | val_acc=0.8175 val_loss=0.8831 val_f1_macro=0.7769 val_f1_weighted=0.8172 val_prec_macro=0.7708 val_rec_macro=0.7864 val_metric_name=acc val_metric=0.8175

--- Final (best ckpt @ step 4980) ---
  train_acc=0.9993 train_loss=0.0050 train_f1_macro=0.9990 train_f1_weighted=0.9993 train_prec_macro=0.9988 train_rec_macro=0.9991 train_metric_name=acc train_metric=0.9993
  val_acc=0.8182 val_loss=0.8840 val_f1_macro=0.7785 val_f1_weighted=0.8180 val_prec_macro=0.7736 val_rec_macro=0.7866 val_metric_name=acc val_metric=0.8182
  test_acc=0.8232 test_loss=0.8250 test_f1_macro=0.7769 test_f1_weighted=0.8220 test_prec_macro=0.7727 test_rec_macro=0.7857 test_metric_name=acc test_metric=0.8232
  test_acc=0.8232
  >> num_layers=5 hidden_dim=256 lr=3e-05 best_step=4860 val_acc=0.8417 test_acc=0.8495
     val_acc=0.8417 val_f1_macro=0.8044 val_f1_weighted=0.8403 val_loss=0.8140 val_metric=0.8417 val_metric_name=acc val_prec_macro=0.7979 val_rec_macro=0.8128
     test_acc=0.8495 test_f1_macro=0.8108 test_f1_weighted=0.8475 test_loss=0.7586 test_metric=0.8495 test_metric_name=acc test_prec_macro=0.8060 test_rec_macro=0.8191
  >> num_layers=5 hidden_dim=256 lr=6e-05 best_step=4660 val_acc=0.8521 test_acc=0.8539
     val_acc=0.8521 val_f1_macro=0.8194 val_f1_weighted=0.8505 val_loss=0.9277 val_metric=0.8521 val_metric_name=acc val_prec_macro=0.8133 val_rec_macro=0.8270
     test_acc=0.8539 test_f1_macro=0.8161 test_f1_weighted=0.8516 test_loss=0.8650 test_metric=0.8539 test_metric_name=acc test_prec_macro=0.8138 test_rec_macro=0.8222
  >> num_layers=5 hidden_dim=256 lr=0.0001 best_step=1960 val_acc=0.8464 test_acc=0.8517
     val_acc=0.8464 val_f1_macro=0.8129 val_f1_weighted=0.8444 val_loss=0.8377 val_metric=0.8464 val_metric_name=acc val_prec_macro=0.8069 val_rec_macro=0.8214
     test_acc=0.8517 test_f1_macro=0.8117 test_f1_weighted=0.8491 test_loss=0.7608 test_metric=0.8517 test_metric_name=acc test_prec_macro=0.8083 test_rec_macro=0.8190
  >> num_layers=5 hidden_dim=256 lr=1e-05 best_step=4070 val_acc=0.8097 test_acc=0.8136
     val_acc=0.8097 val_f1_macro=0.7573 val_f1_weighted=0.8068 val_loss=0.6393 val_metric=0.8097 val_metric_name=acc val_prec_macro=0.7513 val_rec_macro=0.7686
     test_acc=0.8136 test_f1_macro=0.7606 test_f1_weighted=0.8106 test_loss=0.6080 test_metric=0.8136 test_metric_name=acc test_prec_macro=0.7548 test_rec_macro=0.7737
  >> num_layers=5 hidden_dim=384 lr=3e-05 best_step=4420 val_acc=0.8309 test_acc=0.8390
     val_acc=0.8309 val_f1_macro=0.7889 val_f1_weighted=0.8292 val_loss=1.0135 val_metric=0.8309 val_metric_name=acc val_prec_macro=0.7836 val_rec_macro=0.7959
     test_acc=0.8390 test_f1_macro=0.7993 test_f1_weighted=0.8376 test_loss=0.9101 test_metric=0.8390 test_metric_name=acc test_prec_macro=0.7938 test_rec_macro=0.8074
  >> num_layers=5 hidden_dim=384 lr=6e-05 best_step=3420 val_acc=0.8369 test_acc=0.8459
     val_acc=0.8369 val_f1_macro=0.7952 val_f1_weighted=0.8353 val_loss=1.0908 val_metric=0.8369 val_metric_name=acc val_prec_macro=0.7922 val_rec_macro=0.8002
     test_acc=0.8459 test_f1_macro=0.8092 test_f1_weighted=0.8446 test_loss=0.9720 test_metric=0.8459 test_metric_name=acc test_prec_macro=0.8049 test_rec_macro=0.8152
  >> num_layers=5 hidden_dim=384 lr=0.0001 best_step=3660 val_acc=0.8411 test_acc=0.8516
     val_acc=0.8411 val_f1_macro=0.8033 val_f1_weighted=0.8395 val_loss=1.1925 val_metric=0.8411 val_metric_name=acc val_prec_macro=0.8016 val_rec_macro=0.8066
     test_acc=0.8516 test_f1_macro=0.8164 test_f1_weighted=0.8501 test_loss=1.0537 test_metric=0.8516 test_metric_name=acc test_prec_macro=0.8153 test_rec_macro=0.8198
  >> num_layers=5 hidden_dim=384 lr=1e-05 best_step=4880 val_acc=0.8117 test_acc=0.8196
     val_acc=0.8117 val_f1_macro=0.7670 val_f1_weighted=0.8107 val_loss=0.7763 val_metric=0.8117 val_metric_name=acc val_prec_macro=0.7608 val_rec_macro=0.7757
     test_acc=0.8196 test_f1_macro=0.7728 test_f1_weighted=0.8192 test_loss=0.7166 test_metric=0.8196 test_metric_name=acc test_prec_macro=0.7631 test_rec_macro=0.7869
  >> num_layers=5 hidden_dim=512 lr=3e-05 best_step=4320 val_acc=0.8318 test_acc=0.8419
     val_acc=0.8318 val_f1_macro=0.7949 val_f1_weighted=0.8312 val_loss=1.1116 val_metric=0.8318 val_metric_name=acc val_prec_macro=0.7881 val_rec_macro=0.8036
     test_acc=0.8419 test_f1_macro=0.8015 test_f1_weighted=0.8405 test_loss=1.0080 test_metric=0.8419 test_metric_name=acc test_prec_macro=0.8010 test_rec_macro=0.8047
  >> num_layers=5 hidden_dim=512 lr=6e-05 best_step=3280 val_acc=0.8374 test_acc=0.8420
     val_acc=0.8374 val_f1_macro=0.8046 val_f1_weighted=0.8373 val_loss=1.1541 val_metric=0.8374 val_metric_name=acc val_prec_macro=0.7990 val_rec_macro=0.8114
     test_acc=0.8420 test_f1_macro=0.8039 test_f1_weighted=0.8413 test_loss=1.0420 test_metric=0.8420 test_metric_name=acc test_prec_macro=0.8031 test_rec_macro=0.8068
  >> num_layers=5 hidden_dim=512 lr=0.0001 best_step=2730 val_acc=0.8425 test_acc=0.8470
     val_acc=0.8425 val_f1_macro=0.8084 val_f1_weighted=0.8421 val_loss=1.1640 val_metric=0.8425 val_metric_name=acc val_prec_macro=0.8042 val_rec_macro=0.8141
     test_acc=0.8470 test_f1_macro=0.8093 test_f1_weighted=0.8462 test_loss=1.0780 test_metric=0.8470 test_metric_name=acc test_prec_macro=0.8086 test_rec_macro=0.8126
  >> num_layers=5 hidden_dim=512 lr=1e-05 best_step=4980 val_acc=0.8182 test_acc=0.8232
     val_acc=0.8182 val_f1_macro=0.7785 val_f1_weighted=0.8180 val_loss=0.8840 val_metric=0.8182 val_metric_name=acc val_prec_macro=0.7736 val_rec_macro=0.7866
     test_acc=0.8232 test_f1_macro=0.7769 test_f1_weighted=0.8220 test_loss=0.8250 test_metric=0.8232 test_metric_name=acc test_prec_macro=0.7727 test_rec_macro=0.7857
  >> selected best (by val): num_layers=5 hidden_dim=256 lr=6e-05 val_acc=0.8521 test_acc=0.8539
     val_acc=0.8521 val_f1_macro=0.8194 val_f1_weighted=0.8505 val_loss=0.9277 val_metric=0.8521 val_metric_name=acc val_prec_macro=0.8133 val_rec_macro=0.8270
     test_acc=0.8539 test_f1_macro=0.8161 test_f1_weighted=0.8516 test_loss=0.8650 test_metric=0.8539 test_metric_name=acc test_prec_macro=0.8138 test_rec_macro=0.8222

Done. Results saved to /home/avshmelev/diploma_yandex_graphs/results_grid/roman_empire/base.csv, checkpoints in /home/avshmelev/diploma_yandex_graphs/all_checkpoints/roman_empire/base/
