Loading data...

============================================================
Training roman-empire GCN 5L h=256 lr=3e-05 split=6
============================================================
Training for 5000 steps
Step    1 | loss 3.0350 | val_acc=0.0976 val_loss=2.9353 val_f1_macro=0.0163 val_f1_weighted=0.0330 val_prec_macro=0.0175 val_rec_macro=0.0508 val_metric_name=acc val_metric=0.0976
Step   50 | loss 2.3207 | val_acc=0.2902 val_loss=2.1939 val_f1_macro=0.1263 val_f1_weighted=0.2395 val_prec_macro=0.1356 val_rec_macro=0.1500 val_metric_name=acc val_metric=0.2902
Step  100 | loss 1.9638 | val_acc=0.4169 val_loss=1.8185 val_f1_macro=0.2452 val_f1_weighted=0.3711 val_prec_macro=0.2916 val_rec_macro=0.2674 val_metric_name=acc val_metric=0.4169
Step  150 | loss 1.7108 | val_acc=0.5087 val_loss=1.5499 val_f1_macro=0.3539 val_f1_weighted=0.4708 val_prec_macro=0.3863 val_rec_macro=0.3679 val_metric_name=acc val_metric=0.5087
Step  200 | loss 1.5151 | val_acc=0.5513 val_loss=1.3764 val_f1_macro=0.4033 val_f1_weighted=0.5163 val_prec_macro=0.5135 val_rec_macro=0.4223 val_metric_name=acc val_metric=0.5513
Step  250 | loss 1.3726 | val_acc=0.5859 val_loss=1.2711 val_f1_macro=0.4565 val_f1_weighted=0.5598 val_prec_macro=0.5109 val_rec_macro=0.4672 val_metric_name=acc val_metric=0.5859
Step  300 | loss 1.2650 | val_acc=0.6062 val_loss=1.1905 val_f1_macro=0.4907 val_f1_weighted=0.5859 val_prec_macro=0.5223 val_rec_macro=0.4965 val_metric_name=acc val_metric=0.6062
Step  350 | loss 1.1728 | val_acc=0.6261 val_loss=1.1258 val_f1_macro=0.5216 val_f1_weighted=0.6095 val_prec_macro=0.5427 val_rec_macro=0.5234 val_metric_name=acc val_metric=0.6261
Step  400 | loss 1.0929 | val_acc=0.6461 val_loss=1.0672 val_f1_macro=0.5477 val_f1_weighted=0.6339 val_prec_macro=0.5646 val_rec_macro=0.5476 val_metric_name=acc val_metric=0.6461
Step  450 | loss 1.0081 | val_acc=0.6630 val_loss=1.0176 val_f1_macro=0.5719 val_f1_weighted=0.6529 val_prec_macro=0.5864 val_rec_macro=0.5712 val_metric_name=acc val_metric=0.6630
Step  500 | loss 0.9420 | val_acc=0.6766 val_loss=0.9782 val_f1_macro=0.5877 val_f1_weighted=0.6679 val_prec_macro=0.5987 val_rec_macro=0.5895 val_metric_name=acc val_metric=0.6766
Step  550 | loss 0.8867 | val_acc=0.6913 val_loss=0.9405 val_f1_macro=0.6060 val_f1_weighted=0.6834 val_prec_macro=0.6166 val_rec_macro=0.6056 val_metric_name=acc val_metric=0.6913
Step  600 | loss 0.8323 | val_acc=0.7015 val_loss=0.9122 val_f1_macro=0.6234 val_f1_weighted=0.6949 val_prec_macro=0.6344 val_rec_macro=0.6217 val_metric_name=acc val_metric=0.7015
Step  650 | loss 0.7826 | val_acc=0.7117 val_loss=0.8885 val_f1_macro=0.6383 val_f1_weighted=0.7067 val_prec_macro=0.6495 val_rec_macro=0.6359 val_metric_name=acc val_metric=0.7117
Step  700 | loss 0.7274 | val_acc=0.7183 val_loss=0.8684 val_f1_macro=0.6474 val_f1_weighted=0.7139 val_prec_macro=0.6534 val_rec_macro=0.6483 val_metric_name=acc val_metric=0.7183
Step  750 | loss 0.6899 | val_acc=0.7262 val_loss=0.8506 val_f1_macro=0.6571 val_f1_weighted=0.7219 val_prec_macro=0.6640 val_rec_macro=0.6566 val_metric_name=acc val_metric=0.7262
Step  800 | loss 0.6514 | val_acc=0.7315 val_loss=0.8392 val_f1_macro=0.6664 val_f1_weighted=0.7275 val_prec_macro=0.6724 val_rec_macro=0.6667 val_metric_name=acc val_metric=0.7315
Step  850 | loss 0.6204 | val_acc=0.7349 val_loss=0.8301 val_f1_macro=0.6696 val_f1_weighted=0.7308 val_prec_macro=0.6735 val_rec_macro=0.6707 val_metric_name=acc val_metric=0.7349
Step  900 | loss 0.5861 | val_acc=0.7393 val_loss=0.8248 val_f1_macro=0.6741 val_f1_weighted=0.7360 val_prec_macro=0.6762 val_rec_macro=0.6760 val_metric_name=acc val_metric=0.7393
Step  950 | loss 0.5439 | val_acc=0.7414 val_loss=0.8224 val_f1_macro=0.6805 val_f1_weighted=0.7388 val_prec_macro=0.6825 val_rec_macro=0.6822 val_metric_name=acc val_metric=0.7414
Step 1000 | loss 0.5145 | val_acc=0.7433 val_loss=0.8196 val_f1_macro=0.6839 val_f1_weighted=0.7412 val_prec_macro=0.6861 val_rec_macro=0.6841 val_metric_name=acc val_metric=0.7433
Step 1050 | loss 0.4815 | val_acc=0.7453 val_loss=0.8259 val_f1_macro=0.6847 val_f1_weighted=0.7427 val_prec_macro=0.6859 val_rec_macro=0.6867 val_metric_name=acc val_metric=0.7453
Step 1100 | loss 0.4546 | val_acc=0.7444 val_loss=0.8290 val_f1_macro=0.6842 val_f1_weighted=0.7420 val_prec_macro=0.6865 val_rec_macro=0.6849 val_metric_name=acc val_metric=0.7444
Step 1150 | loss 0.4338 | val_acc=0.7474 val_loss=0.8301 val_f1_macro=0.6876 val_f1_weighted=0.7456 val_prec_macro=0.6898 val_rec_macro=0.6882 val_metric_name=acc val_metric=0.7474
Step 1200 | loss 0.4058 | val_acc=0.7483 val_loss=0.8361 val_f1_macro=0.6901 val_f1_weighted=0.7468 val_prec_macro=0.6936 val_rec_macro=0.6902 val_metric_name=acc val_metric=0.7483
Step 1250 | loss 0.3851 | val_acc=0.7502 val_loss=0.8468 val_f1_macro=0.6891 val_f1_weighted=0.7483 val_prec_macro=0.6889 val_rec_macro=0.6918 val_metric_name=acc val_metric=0.7502
Step 1300 | loss 0.3632 | val_acc=0.7485 val_loss=0.8566 val_f1_macro=0.6885 val_f1_weighted=0.7467 val_prec_macro=0.6902 val_rec_macro=0.6897 val_metric_name=acc val_metric=0.7485
Step 1350 | loss 0.3483 | val_acc=0.7474 val_loss=0.8665 val_f1_macro=0.6864 val_f1_weighted=0.7463 val_prec_macro=0.6845 val_rec_macro=0.6909 val_metric_name=acc val_metric=0.7474
Step 1400 | loss 0.3306 | val_acc=0.7463 val_loss=0.8773 val_f1_macro=0.6845 val_f1_weighted=0.7444 val_prec_macro=0.6842 val_rec_macro=0.6885 val_metric_name=acc val_metric=0.7463
Step 1450 | loss 0.3059 | val_acc=0.7476 val_loss=0.8872 val_f1_macro=0.6858 val_f1_weighted=0.7462 val_prec_macro=0.6848 val_rec_macro=0.6901 val_metric_name=acc val_metric=0.7476
Step 1500 | loss 0.2967 | val_acc=0.7474 val_loss=0.8958 val_f1_macro=0.6884 val_f1_weighted=0.7465 val_prec_macro=0.6884 val_rec_macro=0.6915 val_metric_name=acc val_metric=0.7474
Step 1550 | loss 0.2768 | val_acc=0.7479 val_loss=0.9065 val_f1_macro=0.6903 val_f1_weighted=0.7468 val_prec_macro=0.6892 val_rec_macro=0.6944 val_metric_name=acc val_metric=0.7479
Step 1600 | loss 0.2698 | val_acc=0.7472 val_loss=0.9178 val_f1_macro=0.6883 val_f1_weighted=0.7461 val_prec_macro=0.6872 val_rec_macro=0.6919 val_metric_name=acc val_metric=0.7472
Early stopping at step 1622

--- Final (best ckpt @ step 1290) ---
  train_acc=0.9553 train_loss=0.1621 train_f1_macro=0.9439 train_f1_weighted=0.9552 train_prec_macro=0.9442 train_rec_macro=0.9440 train_metric_name=acc train_metric=0.9553
  val_acc=0.7509 val_loss=0.8554 val_f1_macro=0.6905 val_f1_weighted=0.7487 val_prec_macro=0.6908 val_rec_macro=0.6933 val_metric_name=acc val_metric=0.7509
  test_acc=0.7462 test_loss=0.8194 test_f1_macro=0.6899 test_f1_weighted=0.7448 test_prec_macro=0.6891 test_rec_macro=0.6938 test_metric_name=acc test_metric=0.7462
  test_acc=0.7462

============================================================
Training roman-empire GCN 5L h=256 lr=6e-05 split=6
============================================================
Training for 5000 steps
Step    1 | loss 3.0350 | val_acc=0.1343 val_loss=2.8419 val_f1_macro=0.0165 val_f1_weighted=0.0392 val_prec_macro=0.0195 val_rec_macro=0.0541 val_metric_name=acc val_metric=0.1343
Step   50 | loss 2.0327 | val_acc=0.3892 val_loss=1.8965 val_f1_macro=0.2184 val_f1_weighted=0.3399 val_prec_macro=0.2173 val_rec_macro=0.2453 val_metric_name=acc val_metric=0.3892
Step  100 | loss 1.5754 | val_acc=0.5391 val_loss=1.4302 val_f1_macro=0.3889 val_f1_weighted=0.5033 val_prec_macro=0.4314 val_rec_macro=0.4064 val_metric_name=acc val_metric=0.5391
Step  150 | loss 1.3130 | val_acc=0.5966 val_loss=1.2253 val_f1_macro=0.4727 val_f1_weighted=0.5734 val_prec_macro=0.5083 val_rec_macro=0.4789 val_metric_name=acc val_metric=0.5966
Step  200 | loss 1.1314 | val_acc=0.6365 val_loss=1.0967 val_f1_macro=0.5358 val_f1_weighted=0.6229 val_prec_macro=0.5512 val_rec_macro=0.5377 val_metric_name=acc val_metric=0.6365
Step  250 | loss 0.9827 | val_acc=0.6710 val_loss=1.0017 val_f1_macro=0.5787 val_f1_weighted=0.6608 val_prec_macro=0.5912 val_rec_macro=0.5798 val_metric_name=acc val_metric=0.6710
Step  300 | loss 0.8695 | val_acc=0.6957 val_loss=0.9319 val_f1_macro=0.6158 val_f1_weighted=0.6890 val_prec_macro=0.6259 val_rec_macro=0.6155 val_metric_name=acc val_metric=0.6957
Step  350 | loss 0.7741 | val_acc=0.7153 val_loss=0.8820 val_f1_macro=0.6412 val_f1_weighted=0.7094 val_prec_macro=0.6510 val_rec_macro=0.6396 val_metric_name=acc val_metric=0.7153
Step  400 | loss 0.6893 | val_acc=0.7289 val_loss=0.8443 val_f1_macro=0.6625 val_f1_weighted=0.7249 val_prec_macro=0.6707 val_rec_macro=0.6606 val_metric_name=acc val_metric=0.7289
Step  450 | loss 0.6115 | val_acc=0.7380 val_loss=0.8264 val_f1_macro=0.6757 val_f1_weighted=0.7351 val_prec_macro=0.6792 val_rec_macro=0.6772 val_metric_name=acc val_metric=0.7380
Step  500 | loss 0.5469 | val_acc=0.7446 val_loss=0.8137 val_f1_macro=0.6838 val_f1_weighted=0.7420 val_prec_macro=0.6867 val_rec_macro=0.6845 val_metric_name=acc val_metric=0.7446
Step  550 | loss 0.4959 | val_acc=0.7463 val_loss=0.8180 val_f1_macro=0.6908 val_f1_weighted=0.7445 val_prec_macro=0.6918 val_rec_macro=0.6917 val_metric_name=acc val_metric=0.7463
Step  600 | loss 0.4440 | val_acc=0.7488 val_loss=0.8287 val_f1_macro=0.6925 val_f1_weighted=0.7474 val_prec_macro=0.6947 val_rec_macro=0.6924 val_metric_name=acc val_metric=0.7488
Step  650 | loss 0.4032 | val_acc=0.7462 val_loss=0.8476 val_f1_macro=0.6862 val_f1_weighted=0.7450 val_prec_macro=0.6852 val_rec_macro=0.6892 val_metric_name=acc val_metric=0.7462
Step  700 | loss 0.3557 | val_acc=0.7504 val_loss=0.8619 val_f1_macro=0.6910 val_f1_weighted=0.7495 val_prec_macro=0.6916 val_rec_macro=0.6928 val_metric_name=acc val_metric=0.7504
Step  750 | loss 0.3271 | val_acc=0.7500 val_loss=0.8788 val_f1_macro=0.6906 val_f1_weighted=0.7490 val_prec_macro=0.6885 val_rec_macro=0.6950 val_metric_name=acc val_metric=0.7500
Step  800 | loss 0.2978 | val_acc=0.7502 val_loss=0.8997 val_f1_macro=0.6918 val_f1_weighted=0.7487 val_prec_macro=0.6922 val_rec_macro=0.6944 val_metric_name=acc val_metric=0.7502
Step  850 | loss 0.2735 | val_acc=0.7486 val_loss=0.9164 val_f1_macro=0.6917 val_f1_weighted=0.7477 val_prec_macro=0.6881 val_rec_macro=0.6986 val_metric_name=acc val_metric=0.7486
Step  900 | loss 0.2503 | val_acc=0.7488 val_loss=0.9351 val_f1_macro=0.6901 val_f1_weighted=0.7486 val_prec_macro=0.6895 val_rec_macro=0.6933 val_metric_name=acc val_metric=0.7488
Step  950 | loss 0.2197 | val_acc=0.7502 val_loss=0.9569 val_f1_macro=0.6952 val_f1_weighted=0.7498 val_prec_macro=0.6916 val_rec_macro=0.7014 val_metric_name=acc val_metric=0.7502
Step 1000 | loss 0.2023 | val_acc=0.7499 val_loss=0.9751 val_f1_macro=0.6937 val_f1_weighted=0.7494 val_prec_macro=0.6916 val_rec_macro=0.6989 val_metric_name=acc val_metric=0.7499
Step 1050 | loss 0.1850 | val_acc=0.7490 val_loss=0.9957 val_f1_macro=0.6927 val_f1_weighted=0.7480 val_prec_macro=0.6879 val_rec_macro=0.7004 val_metric_name=acc val_metric=0.7490
Step 1100 | loss 0.1721 | val_acc=0.7499 val_loss=1.0028 val_f1_macro=0.6942 val_f1_weighted=0.7488 val_prec_macro=0.6901 val_rec_macro=0.7013 val_metric_name=acc val_metric=0.7499
Step 1150 | loss 0.1614 | val_acc=0.7506 val_loss=1.0189 val_f1_macro=0.6941 val_f1_weighted=0.7504 val_prec_macro=0.6915 val_rec_macro=0.6995 val_metric_name=acc val_metric=0.7506
Step 1200 | loss 0.1462 | val_acc=0.7492 val_loss=1.0347 val_f1_macro=0.6940 val_f1_weighted=0.7481 val_prec_macro=0.6910 val_rec_macro=0.6997 val_metric_name=acc val_metric=0.7492
Step 1250 | loss 0.1359 | val_acc=0.7516 val_loss=1.0571 val_f1_macro=0.6960 val_f1_weighted=0.7501 val_prec_macro=0.6901 val_rec_macro=0.7052 val_metric_name=acc val_metric=0.7516
Step 1300 | loss 0.1257 | val_acc=0.7518 val_loss=1.0639 val_f1_macro=0.6957 val_f1_weighted=0.7506 val_prec_macro=0.6915 val_rec_macro=0.7030 val_metric_name=acc val_metric=0.7518
Step 1350 | loss 0.1205 | val_acc=0.7522 val_loss=1.0782 val_f1_macro=0.6971 val_f1_weighted=0.7509 val_prec_macro=0.6925 val_rec_macro=0.7041 val_metric_name=acc val_metric=0.7522
Step 1400 | loss 0.1121 | val_acc=0.7518 val_loss=1.0985 val_f1_macro=0.6954 val_f1_weighted=0.7499 val_prec_macro=0.6915 val_rec_macro=0.7027 val_metric_name=acc val_metric=0.7518
Step 1450 | loss 0.1006 | val_acc=0.7530 val_loss=1.1016 val_f1_macro=0.6983 val_f1_weighted=0.7516 val_prec_macro=0.6944 val_rec_macro=0.7053 val_metric_name=acc val_metric=0.7530
Step 1500 | loss 0.0991 | val_acc=0.7564 val_loss=1.1110 val_f1_macro=0.7044 val_f1_weighted=0.7554 val_prec_macro=0.7004 val_rec_macro=0.7105 val_metric_name=acc val_metric=0.7564
Step 1550 | loss 0.0895 | val_acc=0.7562 val_loss=1.1231 val_f1_macro=0.7028 val_f1_weighted=0.7553 val_prec_macro=0.6981 val_rec_macro=0.7103 val_metric_name=acc val_metric=0.7562
Step 1600 | loss 0.0910 | val_acc=0.7553 val_loss=1.1314 val_f1_macro=0.7010 val_f1_weighted=0.7540 val_prec_macro=0.6970 val_rec_macro=0.7075 val_metric_name=acc val_metric=0.7553
Step 1650 | loss 0.0858 | val_acc=0.7575 val_loss=1.1457 val_f1_macro=0.7037 val_f1_weighted=0.7556 val_prec_macro=0.6980 val_rec_macro=0.7121 val_metric_name=acc val_metric=0.7575
Step 1700 | loss 0.0807 | val_acc=0.7576 val_loss=1.1597 val_f1_macro=0.7026 val_f1_weighted=0.7551 val_prec_macro=0.6970 val_rec_macro=0.7112 val_metric_name=acc val_metric=0.7576
Step 1750 | loss 0.0732 | val_acc=0.7573 val_loss=1.1671 val_f1_macro=0.7049 val_f1_weighted=0.7554 val_prec_macro=0.7011 val_rec_macro=0.7113 val_metric_name=acc val_metric=0.7573
Step 1800 | loss 0.0698 | val_acc=0.7580 val_loss=1.1764 val_f1_macro=0.7058 val_f1_weighted=0.7557 val_prec_macro=0.7014 val_rec_macro=0.7124 val_metric_name=acc val_metric=0.7580
Step 1850 | loss 0.0718 | val_acc=0.7560 val_loss=1.1906 val_f1_macro=0.7012 val_f1_weighted=0.7540 val_prec_macro=0.6966 val_rec_macro=0.7090 val_metric_name=acc val_metric=0.7560
Step 1900 | loss 0.0643 | val_acc=0.7585 val_loss=1.1956 val_f1_macro=0.7035 val_f1_weighted=0.7562 val_prec_macro=0.6997 val_rec_macro=0.7103 val_metric_name=acc val_metric=0.7585
Step 1950 | loss 0.0637 | val_acc=0.7587 val_loss=1.2072 val_f1_macro=0.7088 val_f1_weighted=0.7568 val_prec_macro=0.7038 val_rec_macro=0.7165 val_metric_name=acc val_metric=0.7587
Step 2000 | loss 0.0566 | val_acc=0.7599 val_loss=1.2145 val_f1_macro=0.7077 val_f1_weighted=0.7575 val_prec_macro=0.7031 val_rec_macro=0.7151 val_metric_name=acc val_metric=0.7599
Step 2050 | loss 0.0568 | val_acc=0.7603 val_loss=1.2201 val_f1_macro=0.7102 val_f1_weighted=0.7583 val_prec_macro=0.7050 val_rec_macro=0.7176 val_metric_name=acc val_metric=0.7603
Step 2100 | loss 0.0577 | val_acc=0.7606 val_loss=1.2359 val_f1_macro=0.7094 val_f1_weighted=0.7581 val_prec_macro=0.7053 val_rec_macro=0.7164 val_metric_name=acc val_metric=0.7606
Step 2150 | loss 0.0511 | val_acc=0.7622 val_loss=1.2352 val_f1_macro=0.7090 val_f1_weighted=0.7597 val_prec_macro=0.7042 val_rec_macro=0.7160 val_metric_name=acc val_metric=0.7622
Step 2200 | loss 0.0504 | val_acc=0.7608 val_loss=1.2396 val_f1_macro=0.7091 val_f1_weighted=0.7586 val_prec_macro=0.7046 val_rec_macro=0.7163 val_metric_name=acc val_metric=0.7608
Step 2250 | loss 0.0472 | val_acc=0.7622 val_loss=1.2494 val_f1_macro=0.7144 val_f1_weighted=0.7604 val_prec_macro=0.7124 val_rec_macro=0.7194 val_metric_name=acc val_metric=0.7622
Step 2300 | loss 0.0473 | val_acc=0.7603 val_loss=1.2587 val_f1_macro=0.7080 val_f1_weighted=0.7584 val_prec_macro=0.7034 val_rec_macro=0.7148 val_metric_name=acc val_metric=0.7603
Step 2350 | loss 0.0482 | val_acc=0.7620 val_loss=1.2746 val_f1_macro=0.7104 val_f1_weighted=0.7593 val_prec_macro=0.7059 val_rec_macro=0.7179 val_metric_name=acc val_metric=0.7620
Step 2400 | loss 0.0438 | val_acc=0.7612 val_loss=1.2713 val_f1_macro=0.7101 val_f1_weighted=0.7590 val_prec_macro=0.7061 val_rec_macro=0.7169 val_metric_name=acc val_metric=0.7612
Step 2450 | loss 0.0451 | val_acc=0.7629 val_loss=1.2851 val_f1_macro=0.7113 val_f1_weighted=0.7606 val_prec_macro=0.7059 val_rec_macro=0.7190 val_metric_name=acc val_metric=0.7629
Step 2500 | loss 0.0395 | val_acc=0.7628 val_loss=1.2898 val_f1_macro=0.7134 val_f1_weighted=0.7603 val_prec_macro=0.7084 val_rec_macro=0.7214 val_metric_name=acc val_metric=0.7628
Step 2550 | loss 0.0398 | val_acc=0.7642 val_loss=1.2920 val_f1_macro=0.7140 val_f1_weighted=0.7616 val_prec_macro=0.7104 val_rec_macro=0.7205 val_metric_name=acc val_metric=0.7642
Step 2600 | loss 0.0358 | val_acc=0.7658 val_loss=1.3124 val_f1_macro=0.7161 val_f1_weighted=0.7630 val_prec_macro=0.7102 val_rec_macro=0.7247 val_metric_name=acc val_metric=0.7658
Step 2650 | loss 0.0382 | val_acc=0.7638 val_loss=1.3099 val_f1_macro=0.7138 val_f1_weighted=0.7624 val_prec_macro=0.7084 val_rec_macro=0.7220 val_metric_name=acc val_metric=0.7638
Step 2700 | loss 0.0375 | val_acc=0.7638 val_loss=1.3241 val_f1_macro=0.7114 val_f1_weighted=0.7613 val_prec_macro=0.7057 val_rec_macro=0.7198 val_metric_name=acc val_metric=0.7638
Step 2750 | loss 0.0356 | val_acc=0.7643 val_loss=1.3241 val_f1_macro=0.7143 val_f1_weighted=0.7617 val_prec_macro=0.7079 val_rec_macro=0.7238 val_metric_name=acc val_metric=0.7643
Step 2800 | loss 0.0353 | val_acc=0.7672 val_loss=1.3236 val_f1_macro=0.7170 val_f1_weighted=0.7649 val_prec_macro=0.7121 val_rec_macro=0.7243 val_metric_name=acc val_metric=0.7672
Step 2850 | loss 0.0320 | val_acc=0.7682 val_loss=1.3355 val_f1_macro=0.7185 val_f1_weighted=0.7657 val_prec_macro=0.7132 val_rec_macro=0.7268 val_metric_name=acc val_metric=0.7682
Step 2900 | loss 0.0308 | val_acc=0.7675 val_loss=1.3447 val_f1_macro=0.7185 val_f1_weighted=0.7645 val_prec_macro=0.7138 val_rec_macro=0.7258 val_metric_name=acc val_metric=0.7675
Step 2950 | loss 0.0289 | val_acc=0.7629 val_loss=1.3499 val_f1_macro=0.7125 val_f1_weighted=0.7605 val_prec_macro=0.7073 val_rec_macro=0.7208 val_metric_name=acc val_metric=0.7629
Step 3000 | loss 0.0277 | val_acc=0.7656 val_loss=1.3555 val_f1_macro=0.7160 val_f1_weighted=0.7635 val_prec_macro=0.7132 val_rec_macro=0.7215 val_metric_name=acc val_metric=0.7656
Step 3050 | loss 0.0305 | val_acc=0.7661 val_loss=1.3651 val_f1_macro=0.7155 val_f1_weighted=0.7637 val_prec_macro=0.7109 val_rec_macro=0.7237 val_metric_name=acc val_metric=0.7661
Step 3100 | loss 0.0235 | val_acc=0.7661 val_loss=1.3758 val_f1_macro=0.7176 val_f1_weighted=0.7642 val_prec_macro=0.7116 val_rec_macro=0.7264 val_metric_name=acc val_metric=0.7661
Step 3150 | loss 0.0249 | val_acc=0.7668 val_loss=1.3696 val_f1_macro=0.7177 val_f1_weighted=0.7642 val_prec_macro=0.7127 val_rec_macro=0.7256 val_metric_name=acc val_metric=0.7668
Step 3200 | loss 0.0238 | val_acc=0.7686 val_loss=1.3771 val_f1_macro=0.7181 val_f1_weighted=0.7655 val_prec_macro=0.7138 val_rec_macro=0.7259 val_metric_name=acc val_metric=0.7686
Step 3250 | loss 0.0241 | val_acc=0.7684 val_loss=1.3861 val_f1_macro=0.7186 val_f1_weighted=0.7655 val_prec_macro=0.7152 val_rec_macro=0.7245 val_metric_name=acc val_metric=0.7684
Step 3300 | loss 0.0230 | val_acc=0.7672 val_loss=1.3919 val_f1_macro=0.7149 val_f1_weighted=0.7642 val_prec_macro=0.7082 val_rec_macro=0.7251 val_metric_name=acc val_metric=0.7672
Step 3350 | loss 0.0252 | val_acc=0.7693 val_loss=1.3858 val_f1_macro=0.7188 val_f1_weighted=0.7667 val_prec_macro=0.7148 val_rec_macro=0.7260 val_metric_name=acc val_metric=0.7693
Step 3400 | loss 0.0203 | val_acc=0.7703 val_loss=1.3936 val_f1_macro=0.7202 val_f1_weighted=0.7675 val_prec_macro=0.7159 val_rec_macro=0.7276 val_metric_name=acc val_metric=0.7703
Step 3450 | loss 0.0215 | val_acc=0.7719 val_loss=1.3947 val_f1_macro=0.7227 val_f1_weighted=0.7698 val_prec_macro=0.7173 val_rec_macro=0.7305 val_metric_name=acc val_metric=0.7719
Step 3500 | loss 0.0230 | val_acc=0.7711 val_loss=1.3968 val_f1_macro=0.7216 val_f1_weighted=0.7688 val_prec_macro=0.7176 val_rec_macro=0.7276 val_metric_name=acc val_metric=0.7711
Step 3550 | loss 0.0232 | val_acc=0.7703 val_loss=1.4054 val_f1_macro=0.7195 val_f1_weighted=0.7673 val_prec_macro=0.7145 val_rec_macro=0.7278 val_metric_name=acc val_metric=0.7703
Step 3600 | loss 0.0210 | val_acc=0.7709 val_loss=1.4193 val_f1_macro=0.7202 val_f1_weighted=0.7683 val_prec_macro=0.7139 val_rec_macro=0.7293 val_metric_name=acc val_metric=0.7709
Step 3650 | loss 0.0203 | val_acc=0.7705 val_loss=1.4224 val_f1_macro=0.7212 val_f1_weighted=0.7681 val_prec_macro=0.7182 val_rec_macro=0.7267 val_metric_name=acc val_metric=0.7705
Step 3700 | loss 0.0180 | val_acc=0.7732 val_loss=1.4271 val_f1_macro=0.7233 val_f1_weighted=0.7701 val_prec_macro=0.7187 val_rec_macro=0.7310 val_metric_name=acc val_metric=0.7732
Step 3750 | loss 0.0194 | val_acc=0.7707 val_loss=1.4389 val_f1_macro=0.7200 val_f1_weighted=0.7681 val_prec_macro=0.7151 val_rec_macro=0.7278 val_metric_name=acc val_metric=0.7707
Step 3800 | loss 0.0215 | val_acc=0.7725 val_loss=1.4408 val_f1_macro=0.7228 val_f1_weighted=0.7705 val_prec_macro=0.7180 val_rec_macro=0.7308 val_metric_name=acc val_metric=0.7725
Step 3850 | loss 0.0186 | val_acc=0.7732 val_loss=1.4581 val_f1_macro=0.7240 val_f1_weighted=0.7703 val_prec_macro=0.7183 val_rec_macro=0.7336 val_metric_name=acc val_metric=0.7732
Step 3900 | loss 0.0155 | val_acc=0.7707 val_loss=1.4474 val_f1_macro=0.7227 val_f1_weighted=0.7686 val_prec_macro=0.7170 val_rec_macro=0.7309 val_metric_name=acc val_metric=0.7707
Step 3950 | loss 0.0171 | val_acc=0.7711 val_loss=1.4668 val_f1_macro=0.7225 val_f1_weighted=0.7680 val_prec_macro=0.7189 val_rec_macro=0.7299 val_metric_name=acc val_metric=0.7711
Step 4000 | loss 0.0185 | val_acc=0.7735 val_loss=1.4594 val_f1_macro=0.7240 val_f1_weighted=0.7711 val_prec_macro=0.7222 val_rec_macro=0.7285 val_metric_name=acc val_metric=0.7735
Step 4050 | loss 0.0155 | val_acc=0.7742 val_loss=1.4729 val_f1_macro=0.7244 val_f1_weighted=0.7713 val_prec_macro=0.7193 val_rec_macro=0.7327 val_metric_name=acc val_metric=0.7742
Step 4100 | loss 0.0173 | val_acc=0.7725 val_loss=1.4664 val_f1_macro=0.7209 val_f1_weighted=0.7693 val_prec_macro=0.7180 val_rec_macro=0.7265 val_metric_name=acc val_metric=0.7725
Step 4150 | loss 0.0160 | val_acc=0.7735 val_loss=1.4743 val_f1_macro=0.7247 val_f1_weighted=0.7703 val_prec_macro=0.7199 val_rec_macro=0.7325 val_metric_name=acc val_metric=0.7735
Step 4200 | loss 0.0169 | val_acc=0.7733 val_loss=1.4765 val_f1_macro=0.7254 val_f1_weighted=0.7705 val_prec_macro=0.7220 val_rec_macro=0.7314 val_metric_name=acc val_metric=0.7733
Step 4250 | loss 0.0144 | val_acc=0.7714 val_loss=1.4854 val_f1_macro=0.7246 val_f1_weighted=0.7694 val_prec_macro=0.7209 val_rec_macro=0.7311 val_metric_name=acc val_metric=0.7714
Step 4300 | loss 0.0138 | val_acc=0.7737 val_loss=1.4992 val_f1_macro=0.7264 val_f1_weighted=0.7711 val_prec_macro=0.7226 val_rec_macro=0.7329 val_metric_name=acc val_metric=0.7737
Step 4350 | loss 0.0155 | val_acc=0.7753 val_loss=1.4944 val_f1_macro=0.7268 val_f1_weighted=0.7723 val_prec_macro=0.7225 val_rec_macro=0.7348 val_metric_name=acc val_metric=0.7753
Step 4400 | loss 0.0122 | val_acc=0.7749 val_loss=1.4996 val_f1_macro=0.7258 val_f1_weighted=0.7719 val_prec_macro=0.7217 val_rec_macro=0.7323 val_metric_name=acc val_metric=0.7749
Step 4450 | loss 0.0137 | val_acc=0.7795 val_loss=1.4948 val_f1_macro=0.7314 val_f1_weighted=0.7763 val_prec_macro=0.7248 val_rec_macro=0.7408 val_metric_name=acc val_metric=0.7795
Step 4500 | loss 0.0121 | val_acc=0.7772 val_loss=1.4993 val_f1_macro=0.7299 val_f1_weighted=0.7750 val_prec_macro=0.7263 val_rec_macro=0.7352 val_metric_name=acc val_metric=0.7772
Step 4550 | loss 0.0110 | val_acc=0.7751 val_loss=1.5110 val_f1_macro=0.7269 val_f1_weighted=0.7718 val_prec_macro=0.7228 val_rec_macro=0.7341 val_metric_name=acc val_metric=0.7751
Step 4600 | loss 0.0121 | val_acc=0.7755 val_loss=1.5133 val_f1_macro=0.7260 val_f1_weighted=0.7724 val_prec_macro=0.7207 val_rec_macro=0.7338 val_metric_name=acc val_metric=0.7755
Step 4650 | loss 0.0115 | val_acc=0.7778 val_loss=1.5253 val_f1_macro=0.7325 val_f1_weighted=0.7752 val_prec_macro=0.7262 val_rec_macro=0.7418 val_metric_name=acc val_metric=0.7778
Step 4700 | loss 0.0124 | val_acc=0.7771 val_loss=1.5240 val_f1_macro=0.7301 val_f1_weighted=0.7739 val_prec_macro=0.7239 val_rec_macro=0.7391 val_metric_name=acc val_metric=0.7771
Step 4750 | loss 0.0102 | val_acc=0.7753 val_loss=1.5187 val_f1_macro=0.7271 val_f1_weighted=0.7725 val_prec_macro=0.7228 val_rec_macro=0.7340 val_metric_name=acc val_metric=0.7753
Early stopping at step 4750

--- Final (best ckpt @ step 4450) ---
  train_acc=1.0000 train_loss=0.0001 train_f1_macro=1.0000 train_f1_weighted=1.0000 train_prec_macro=1.0000 train_rec_macro=1.0000 train_metric_name=acc train_metric=1.0000
  val_acc=0.7795 val_loss=1.4948 val_f1_macro=0.7314 val_f1_weighted=0.7763 val_prec_macro=0.7248 val_rec_macro=0.7408 val_metric_name=acc val_metric=0.7795
  test_acc=0.7790 test_loss=1.3888 test_f1_macro=0.7338 test_f1_weighted=0.7774 test_prec_macro=0.7305 test_rec_macro=0.7390 test_metric_name=acc test_metric=0.7790
  test_acc=0.7790

============================================================
Training roman-empire GCN 5L h=256 lr=0.0001 split=6
============================================================
Training for 5000 steps
Step    1 | loss 3.0350 | val_acc=0.1370 val_loss=2.7560 val_f1_macro=0.0156 val_f1_weighted=0.0388 val_prec_macro=0.0202 val_rec_macro=0.0546 val_metric_name=acc val_metric=0.1370
Step   50 | loss 1.7997 | val_acc=0.4724 val_loss=1.6568 val_f1_macro=0.3082 val_f1_weighted=0.4335 val_prec_macro=0.3522 val_rec_macro=0.3218 val_metric_name=acc val_metric=0.4724
Step  100 | loss 1.3013 | val_acc=0.5984 val_loss=1.2220 val_f1_macro=0.4751 val_f1_weighted=0.5757 val_prec_macro=0.5094 val_rec_macro=0.4817 val_metric_name=acc val_metric=0.5984
Step  150 | loss 1.0436 | val_acc=0.6563 val_loss=1.0369 val_f1_macro=0.5582 val_f1_weighted=0.6439 val_prec_macro=0.5727 val_rec_macro=0.5606 val_metric_name=acc val_metric=0.6563
Step  200 | loss 0.8494 | val_acc=0.6981 val_loss=0.9194 val_f1_macro=0.6166 val_f1_weighted=0.6911 val_prec_macro=0.6289 val_rec_macro=0.6153 val_metric_name=acc val_metric=0.6981
Step  250 | loss 0.7048 | val_acc=0.7264 val_loss=0.8501 val_f1_macro=0.6597 val_f1_weighted=0.7222 val_prec_macro=0.6652 val_rec_macro=0.6608 val_metric_name=acc val_metric=0.7264
Step  300 | loss 0.5940 | val_acc=0.7403 val_loss=0.8184 val_f1_macro=0.6798 val_f1_weighted=0.7374 val_prec_macro=0.6815 val_rec_macro=0.6830 val_metric_name=acc val_metric=0.7403
Step  350 | loss 0.5027 | val_acc=0.7469 val_loss=0.8104 val_f1_macro=0.6894 val_f1_weighted=0.7444 val_prec_macro=0.6908 val_rec_macro=0.6907 val_metric_name=acc val_metric=0.7469
Step  400 | loss 0.4232 | val_acc=0.7486 val_loss=0.8329 val_f1_macro=0.6904 val_f1_weighted=0.7471 val_prec_macro=0.6923 val_rec_macro=0.6915 val_metric_name=acc val_metric=0.7486
Step  450 | loss 0.3576 | val_acc=0.7495 val_loss=0.8545 val_f1_macro=0.6896 val_f1_weighted=0.7480 val_prec_macro=0.6900 val_rec_macro=0.6924 val_metric_name=acc val_metric=0.7495
Step  500 | loss 0.3016 | val_acc=0.7515 val_loss=0.8763 val_f1_macro=0.6941 val_f1_weighted=0.7507 val_prec_macro=0.6949 val_rec_macro=0.6962 val_metric_name=acc val_metric=0.7515
Step  550 | loss 0.2657 | val_acc=0.7502 val_loss=0.9105 val_f1_macro=0.6934 val_f1_weighted=0.7494 val_prec_macro=0.6917 val_rec_macro=0.6988 val_metric_name=acc val_metric=0.7502
Step  600 | loss 0.2247 | val_acc=0.7515 val_loss=0.9385 val_f1_macro=0.6932 val_f1_weighted=0.7506 val_prec_macro=0.6891 val_rec_macro=0.7004 val_metric_name=acc val_metric=0.7515
Step  650 | loss 0.2021 | val_acc=0.7506 val_loss=0.9788 val_f1_macro=0.6956 val_f1_weighted=0.7499 val_prec_macro=0.6899 val_rec_macro=0.7047 val_metric_name=acc val_metric=0.7506
Step  700 | loss 0.1705 | val_acc=0.7522 val_loss=1.0052 val_f1_macro=0.6990 val_f1_weighted=0.7512 val_prec_macro=0.6943 val_rec_macro=0.7067 val_metric_name=acc val_metric=0.7522
Step  750 | loss 0.1580 | val_acc=0.7518 val_loss=1.0221 val_f1_macro=0.6946 val_f1_weighted=0.7507 val_prec_macro=0.6898 val_rec_macro=0.7023 val_metric_name=acc val_metric=0.7518
Step  800 | loss 0.1393 | val_acc=0.7530 val_loss=1.0527 val_f1_macro=0.6979 val_f1_weighted=0.7517 val_prec_macro=0.6938 val_rec_macro=0.7056 val_metric_name=acc val_metric=0.7530
Step  850 | loss 0.1293 | val_acc=0.7523 val_loss=1.0703 val_f1_macro=0.6961 val_f1_weighted=0.7510 val_prec_macro=0.6910 val_rec_macro=0.7039 val_metric_name=acc val_metric=0.7523
Step  900 | loss 0.1157 | val_acc=0.7546 val_loss=1.0946 val_f1_macro=0.6975 val_f1_weighted=0.7537 val_prec_macro=0.6938 val_rec_macro=0.7038 val_metric_name=acc val_metric=0.7546
Step  950 | loss 0.0986 | val_acc=0.7543 val_loss=1.1115 val_f1_macro=0.6983 val_f1_weighted=0.7522 val_prec_macro=0.6928 val_rec_macro=0.7061 val_metric_name=acc val_metric=0.7543
Step 1000 | loss 0.0906 | val_acc=0.7566 val_loss=1.1287 val_f1_macro=0.7048 val_f1_weighted=0.7549 val_prec_macro=0.6988 val_rec_macro=0.7144 val_metric_name=acc val_metric=0.7566
Step 1050 | loss 0.0843 | val_acc=0.7552 val_loss=1.1455 val_f1_macro=0.7011 val_f1_weighted=0.7535 val_prec_macro=0.6941 val_rec_macro=0.7111 val_metric_name=acc val_metric=0.7552
Step 1100 | loss 0.0798 | val_acc=0.7571 val_loss=1.1560 val_f1_macro=0.7038 val_f1_weighted=0.7552 val_prec_macro=0.6985 val_rec_macro=0.7117 val_metric_name=acc val_metric=0.7571
Step 1150 | loss 0.0755 | val_acc=0.7582 val_loss=1.1673 val_f1_macro=0.7042 val_f1_weighted=0.7564 val_prec_macro=0.7016 val_rec_macro=0.7091 val_metric_name=acc val_metric=0.7582
Step 1200 | loss 0.0685 | val_acc=0.7594 val_loss=1.1893 val_f1_macro=0.7055 val_f1_weighted=0.7572 val_prec_macro=0.7022 val_rec_macro=0.7112 val_metric_name=acc val_metric=0.7594
Step 1250 | loss 0.0620 | val_acc=0.7576 val_loss=1.2071 val_f1_macro=0.7051 val_f1_weighted=0.7552 val_prec_macro=0.6997 val_rec_macro=0.7131 val_metric_name=acc val_metric=0.7576
Step 1300 | loss 0.0586 | val_acc=0.7589 val_loss=1.2067 val_f1_macro=0.7088 val_f1_weighted=0.7570 val_prec_macro=0.7031 val_rec_macro=0.7171 val_metric_name=acc val_metric=0.7589
Step 1350 | loss 0.0542 | val_acc=0.7612 val_loss=1.2227 val_f1_macro=0.7098 val_f1_weighted=0.7591 val_prec_macro=0.7042 val_rec_macro=0.7179 val_metric_name=acc val_metric=0.7612
Step 1400 | loss 0.0509 | val_acc=0.7631 val_loss=1.2443 val_f1_macro=0.7100 val_f1_weighted=0.7600 val_prec_macro=0.7070 val_rec_macro=0.7166 val_metric_name=acc val_metric=0.7631
Step 1450 | loss 0.0444 | val_acc=0.7633 val_loss=1.2443 val_f1_macro=0.7129 val_f1_weighted=0.7604 val_prec_macro=0.7088 val_rec_macro=0.7209 val_metric_name=acc val_metric=0.7633
Step 1500 | loss 0.0445 | val_acc=0.7650 val_loss=1.2510 val_f1_macro=0.7167 val_f1_weighted=0.7625 val_prec_macro=0.7146 val_rec_macro=0.7220 val_metric_name=acc val_metric=0.7650
Step 1550 | loss 0.0389 | val_acc=0.7624 val_loss=1.2727 val_f1_macro=0.7155 val_f1_weighted=0.7605 val_prec_macro=0.7087 val_rec_macro=0.7254 val_metric_name=acc val_metric=0.7624
Step 1600 | loss 0.0410 | val_acc=0.7659 val_loss=1.2735 val_f1_macro=0.7166 val_f1_weighted=0.7633 val_prec_macro=0.7114 val_rec_macro=0.7252 val_metric_name=acc val_metric=0.7659
Step 1650 | loss 0.0412 | val_acc=0.7656 val_loss=1.2838 val_f1_macro=0.7176 val_f1_weighted=0.7635 val_prec_macro=0.7107 val_rec_macro=0.7275 val_metric_name=acc val_metric=0.7656
Step 1700 | loss 0.0379 | val_acc=0.7693 val_loss=1.3049 val_f1_macro=0.7216 val_f1_weighted=0.7660 val_prec_macro=0.7179 val_rec_macro=0.7286 val_metric_name=acc val_metric=0.7693
Step 1750 | loss 0.0329 | val_acc=0.7673 val_loss=1.3078 val_f1_macro=0.7201 val_f1_weighted=0.7644 val_prec_macro=0.7148 val_rec_macro=0.7280 val_metric_name=acc val_metric=0.7673
Step 1800 | loss 0.0312 | val_acc=0.7672 val_loss=1.3220 val_f1_macro=0.7173 val_f1_weighted=0.7638 val_prec_macro=0.7120 val_rec_macro=0.7259 val_metric_name=acc val_metric=0.7672
Step 1850 | loss 0.0335 | val_acc=0.7677 val_loss=1.3232 val_f1_macro=0.7198 val_f1_weighted=0.7651 val_prec_macro=0.7150 val_rec_macro=0.7279 val_metric_name=acc val_metric=0.7677
Step 1900 | loss 0.0297 | val_acc=0.7675 val_loss=1.3336 val_f1_macro=0.7166 val_f1_weighted=0.7645 val_prec_macro=0.7123 val_rec_macro=0.7235 val_metric_name=acc val_metric=0.7675
Step 1950 | loss 0.0297 | val_acc=0.7686 val_loss=1.3456 val_f1_macro=0.7213 val_f1_weighted=0.7663 val_prec_macro=0.7161 val_rec_macro=0.7293 val_metric_name=acc val_metric=0.7686
Step 2000 | loss 0.0259 | val_acc=0.7700 val_loss=1.3554 val_f1_macro=0.7213 val_f1_weighted=0.7672 val_prec_macro=0.7147 val_rec_macro=0.7310 val_metric_name=acc val_metric=0.7700
Step 2050 | loss 0.0261 | val_acc=0.7703 val_loss=1.3502 val_f1_macro=0.7226 val_f1_weighted=0.7678 val_prec_macro=0.7159 val_rec_macro=0.7322 val_metric_name=acc val_metric=0.7703
Step 2100 | loss 0.0286 | val_acc=0.7721 val_loss=1.3651 val_f1_macro=0.7237 val_f1_weighted=0.7692 val_prec_macro=0.7197 val_rec_macro=0.7302 val_metric_name=acc val_metric=0.7721
Step 2150 | loss 0.0242 | val_acc=0.7723 val_loss=1.3677 val_f1_macro=0.7207 val_f1_weighted=0.7687 val_prec_macro=0.7158 val_rec_macro=0.7283 val_metric_name=acc val_metric=0.7723
Step 2200 | loss 0.0226 | val_acc=0.7723 val_loss=1.3708 val_f1_macro=0.7249 val_f1_weighted=0.7693 val_prec_macro=0.7180 val_rec_macro=0.7352 val_metric_name=acc val_metric=0.7723
Step 2250 | loss 0.0219 | val_acc=0.7709 val_loss=1.3773 val_f1_macro=0.7244 val_f1_weighted=0.7685 val_prec_macro=0.7222 val_rec_macro=0.7305 val_metric_name=acc val_metric=0.7709
Step 2300 | loss 0.0222 | val_acc=0.7693 val_loss=1.3898 val_f1_macro=0.7209 val_f1_weighted=0.7677 val_prec_macro=0.7167 val_rec_macro=0.7277 val_metric_name=acc val_metric=0.7693
Step 2350 | loss 0.0236 | val_acc=0.7725 val_loss=1.4147 val_f1_macro=0.7247 val_f1_weighted=0.7699 val_prec_macro=0.7174 val_rec_macro=0.7349 val_metric_name=acc val_metric=0.7725
Step 2400 | loss 0.0199 | val_acc=0.7705 val_loss=1.4177 val_f1_macro=0.7220 val_f1_weighted=0.7682 val_prec_macro=0.7168 val_rec_macro=0.7304 val_metric_name=acc val_metric=0.7705
Step 2450 | loss 0.0223 | val_acc=0.7711 val_loss=1.4208 val_f1_macro=0.7226 val_f1_weighted=0.7687 val_prec_macro=0.7182 val_rec_macro=0.7297 val_metric_name=acc val_metric=0.7711
Step 2500 | loss 0.0188 | val_acc=0.7721 val_loss=1.4300 val_f1_macro=0.7233 val_f1_weighted=0.7694 val_prec_macro=0.7160 val_rec_macro=0.7340 val_metric_name=acc val_metric=0.7721
Step 2550 | loss 0.0195 | val_acc=0.7735 val_loss=1.4267 val_f1_macro=0.7244 val_f1_weighted=0.7713 val_prec_macro=0.7219 val_rec_macro=0.7298 val_metric_name=acc val_metric=0.7735
Step 2600 | loss 0.0178 | val_acc=0.7733 val_loss=1.4472 val_f1_macro=0.7230 val_f1_weighted=0.7706 val_prec_macro=0.7161 val_rec_macro=0.7329 val_metric_name=acc val_metric=0.7733
Step 2650 | loss 0.0186 | val_acc=0.7719 val_loss=1.4373 val_f1_macro=0.7228 val_f1_weighted=0.7702 val_prec_macro=0.7168 val_rec_macro=0.7316 val_metric_name=acc val_metric=0.7719
Step 2700 | loss 0.0182 | val_acc=0.7732 val_loss=1.4480 val_f1_macro=0.7242 val_f1_weighted=0.7705 val_prec_macro=0.7190 val_rec_macro=0.7317 val_metric_name=acc val_metric=0.7732
Step 2750 | loss 0.0162 | val_acc=0.7733 val_loss=1.4581 val_f1_macro=0.7228 val_f1_weighted=0.7709 val_prec_macro=0.7152 val_rec_macro=0.7335 val_metric_name=acc val_metric=0.7733
Step 2800 | loss 0.0167 | val_acc=0.7718 val_loss=1.4640 val_f1_macro=0.7223 val_f1_weighted=0.7691 val_prec_macro=0.7163 val_rec_macro=0.7318 val_metric_name=acc val_metric=0.7718
Step 2850 | loss 0.0159 | val_acc=0.7725 val_loss=1.4784 val_f1_macro=0.7231 val_f1_weighted=0.7699 val_prec_macro=0.7177 val_rec_macro=0.7316 val_metric_name=acc val_metric=0.7725
Step 2900 | loss 0.0145 | val_acc=0.7755 val_loss=1.4685 val_f1_macro=0.7279 val_f1_weighted=0.7724 val_prec_macro=0.7260 val_rec_macro=0.7322 val_metric_name=acc val_metric=0.7755
Step 2950 | loss 0.0136 | val_acc=0.7732 val_loss=1.4836 val_f1_macro=0.7229 val_f1_weighted=0.7707 val_prec_macro=0.7153 val_rec_macro=0.7334 val_metric_name=acc val_metric=0.7732
Step 3000 | loss 0.0135 | val_acc=0.7737 val_loss=1.4907 val_f1_macro=0.7243 val_f1_weighted=0.7714 val_prec_macro=0.7230 val_rec_macro=0.7280 val_metric_name=acc val_metric=0.7737
Step 3050 | loss 0.0145 | val_acc=0.7758 val_loss=1.4912 val_f1_macro=0.7276 val_f1_weighted=0.7727 val_prec_macro=0.7249 val_rec_macro=0.7336 val_metric_name=acc val_metric=0.7758
Step 3100 | loss 0.0104 | val_acc=0.7712 val_loss=1.5084 val_f1_macro=0.7213 val_f1_weighted=0.7685 val_prec_macro=0.7161 val_rec_macro=0.7295 val_metric_name=acc val_metric=0.7712
Step 3150 | loss 0.0114 | val_acc=0.7742 val_loss=1.4976 val_f1_macro=0.7247 val_f1_weighted=0.7715 val_prec_macro=0.7191 val_rec_macro=0.7331 val_metric_name=acc val_metric=0.7742
Step 3200 | loss 0.0114 | val_acc=0.7758 val_loss=1.5108 val_f1_macro=0.7270 val_f1_weighted=0.7731 val_prec_macro=0.7198 val_rec_macro=0.7372 val_metric_name=acc val_metric=0.7758
Step 3250 | loss 0.0118 | val_acc=0.7756 val_loss=1.5153 val_f1_macro=0.7239 val_f1_weighted=0.7730 val_prec_macro=0.7195 val_rec_macro=0.7310 val_metric_name=acc val_metric=0.7756
Step 3300 | loss 0.0110 | val_acc=0.7748 val_loss=1.5360 val_f1_macro=0.7234 val_f1_weighted=0.7716 val_prec_macro=0.7165 val_rec_macro=0.7340 val_metric_name=acc val_metric=0.7748
Step 3350 | loss 0.0111 | val_acc=0.7758 val_loss=1.5160 val_f1_macro=0.7259 val_f1_weighted=0.7728 val_prec_macro=0.7221 val_rec_macro=0.7328 val_metric_name=acc val_metric=0.7758
Step 3400 | loss 0.0097 | val_acc=0.7781 val_loss=1.5276 val_f1_macro=0.7284 val_f1_weighted=0.7745 val_prec_macro=0.7230 val_rec_macro=0.7369 val_metric_name=acc val_metric=0.7781
Step 3450 | loss 0.0103 | val_acc=0.7786 val_loss=1.5152 val_f1_macro=0.7321 val_f1_weighted=0.7764 val_prec_macro=0.7267 val_rec_macro=0.7404 val_metric_name=acc val_metric=0.7786
Step 3500 | loss 0.0121 | val_acc=0.7790 val_loss=1.5243 val_f1_macro=0.7295 val_f1_weighted=0.7761 val_prec_macro=0.7253 val_rec_macro=0.7364 val_metric_name=acc val_metric=0.7790
Step 3550 | loss 0.0109 | val_acc=0.7809 val_loss=1.5314 val_f1_macro=0.7326 val_f1_weighted=0.7777 val_prec_macro=0.7293 val_rec_macro=0.7398 val_metric_name=acc val_metric=0.7809
Step 3600 | loss 0.0099 | val_acc=0.7774 val_loss=1.5558 val_f1_macro=0.7286 val_f1_weighted=0.7739 val_prec_macro=0.7226 val_rec_macro=0.7383 val_metric_name=acc val_metric=0.7774
Step 3650 | loss 0.0100 | val_acc=0.7781 val_loss=1.5464 val_f1_macro=0.7302 val_f1_weighted=0.7752 val_prec_macro=0.7268 val_rec_macro=0.7365 val_metric_name=acc val_metric=0.7781
Step 3700 | loss 0.0097 | val_acc=0.7767 val_loss=1.5683 val_f1_macro=0.7286 val_f1_weighted=0.7739 val_prec_macro=0.7234 val_rec_macro=0.7380 val_metric_name=acc val_metric=0.7767
Step 3750 | loss 0.0085 | val_acc=0.7767 val_loss=1.5702 val_f1_macro=0.7282 val_f1_weighted=0.7740 val_prec_macro=0.7227 val_rec_macro=0.7366 val_metric_name=acc val_metric=0.7767
Step 3800 | loss 0.0101 | val_acc=0.7776 val_loss=1.5809 val_f1_macro=0.7295 val_f1_weighted=0.7746 val_prec_macro=0.7240 val_rec_macro=0.7388 val_metric_name=acc val_metric=0.7776
Step 3850 | loss 0.0082 | val_acc=0.7762 val_loss=1.5846 val_f1_macro=0.7264 val_f1_weighted=0.7727 val_prec_macro=0.7182 val_rec_macro=0.7382 val_metric_name=acc val_metric=0.7762
Early stopping at step 3858

--- Final (best ckpt @ step 3550) ---
  train_acc=1.0000 train_loss=0.0001 train_f1_macro=1.0000 train_f1_weighted=1.0000 train_prec_macro=1.0000 train_rec_macro=1.0000 train_metric_name=acc train_metric=1.0000
  val_acc=0.7809 val_loss=1.5314 val_f1_macro=0.7326 val_f1_weighted=0.7777 val_prec_macro=0.7293 val_rec_macro=0.7398 val_metric_name=acc val_metric=0.7809
  test_acc=0.7856 test_loss=1.4255 test_f1_macro=0.7391 test_f1_weighted=0.7842 test_prec_macro=0.7357 test_rec_macro=0.7448 test_metric_name=acc test_metric=0.7856
  test_acc=0.7856

============================================================
Training roman-empire GCN 5L h=256 lr=1e-05 split=6
============================================================
Training for 5000 steps
Step    1 | loss 3.0350 | val_acc=0.0452 val_loss=3.0118 val_f1_macro=0.0118 val_f1_weighted=0.0226 val_prec_macro=0.0106 val_rec_macro=0.0465 val_metric_name=acc val_metric=0.0452
Step   50 | loss 2.5983 | val_acc=0.1869 val_loss=2.5093 val_f1_macro=0.0650 val_f1_weighted=0.1399 val_prec_macro=0.0626 val_rec_macro=0.0833 val_metric_name=acc val_metric=0.1869
Step  100 | loss 2.4229 | val_acc=0.2678 val_loss=2.2956 val_f1_macro=0.1051 val_f1_weighted=0.2136 val_prec_macro=0.1299 val_rec_macro=0.1302 val_metric_name=acc val_metric=0.2678
Step  150 | loss 2.2512 | val_acc=0.3107 val_loss=2.1091 val_f1_macro=0.1447 val_f1_weighted=0.2594 val_prec_macro=0.1427 val_rec_macro=0.1686 val_metric_name=acc val_metric=0.3107
Step  200 | loss 2.1151 | val_acc=0.3564 val_loss=1.9660 val_f1_macro=0.1889 val_f1_weighted=0.3066 val_prec_macro=0.2296 val_rec_macro=0.2110 val_metric_name=acc val_metric=0.3564
Step  250 | loss 1.9972 | val_acc=0.4025 val_loss=1.8515 val_f1_macro=0.2319 val_f1_weighted=0.3554 val_prec_macro=0.2610 val_rec_macro=0.2542 val_metric_name=acc val_metric=0.4025
Step  300 | loss 1.9108 | val_acc=0.4408 val_loss=1.7489 val_f1_macro=0.2712 val_f1_weighted=0.3979 val_prec_macro=0.2986 val_rec_macro=0.2888 val_metric_name=acc val_metric=0.4408
Step  350 | loss 1.8199 | val_acc=0.4741 val_loss=1.6514 val_f1_macro=0.3123 val_f1_weighted=0.4339 val_prec_macro=0.3604 val_rec_macro=0.3257 val_metric_name=acc val_metric=0.4741
Step  400 | loss 1.7283 | val_acc=0.5029 val_loss=1.5640 val_f1_macro=0.3469 val_f1_weighted=0.4647 val_prec_macro=0.3867 val_rec_macro=0.3594 val_metric_name=acc val_metric=0.5029
Step  450 | loss 1.6481 | val_acc=0.5211 val_loss=1.4906 val_f1_macro=0.3671 val_f1_weighted=0.4833 val_prec_macro=0.3910 val_rec_macro=0.3824 val_metric_name=acc val_metric=0.5211
Step  500 | loss 1.5719 | val_acc=0.5363 val_loss=1.4309 val_f1_macro=0.3840 val_f1_weighted=0.4998 val_prec_macro=0.3928 val_rec_macro=0.4041 val_metric_name=acc val_metric=0.5363
Step  550 | loss 1.5259 | val_acc=0.5509 val_loss=1.3822 val_f1_macro=0.4008 val_f1_weighted=0.5157 val_prec_macro=0.5132 val_rec_macro=0.4196 val_metric_name=acc val_metric=0.5509
Step  600 | loss 1.4666 | val_acc=0.5624 val_loss=1.3404 val_f1_macro=0.4185 val_f1_weighted=0.5307 val_prec_macro=0.4904 val_rec_macro=0.4357 val_metric_name=acc val_metric=0.5624
Step  650 | loss 1.4244 | val_acc=0.5746 val_loss=1.3057 val_f1_macro=0.4383 val_f1_weighted=0.5456 val_prec_macro=0.5038 val_rec_macro=0.4522 val_metric_name=acc val_metric=0.5746
Step  700 | loss 1.3736 | val_acc=0.5827 val_loss=1.2730 val_f1_macro=0.4548 val_f1_weighted=0.5562 val_prec_macro=0.5114 val_rec_macro=0.4658 val_metric_name=acc val_metric=0.5827
Step  750 | loss 1.3393 | val_acc=0.5928 val_loss=1.2422 val_f1_macro=0.4700 val_f1_weighted=0.5688 val_prec_macro=0.5164 val_rec_macro=0.4788 val_metric_name=acc val_metric=0.5928
Step  800 | loss 1.2934 | val_acc=0.5998 val_loss=1.2140 val_f1_macro=0.4768 val_f1_weighted=0.5771 val_prec_macro=0.5078 val_rec_macro=0.4856 val_metric_name=acc val_metric=0.5998
Step  850 | loss 1.2706 | val_acc=0.6076 val_loss=1.1887 val_f1_macro=0.4947 val_f1_weighted=0.5874 val_prec_macro=0.5264 val_rec_macro=0.5005 val_metric_name=acc val_metric=0.6076
Step  900 | loss 1.2346 | val_acc=0.6147 val_loss=1.1655 val_f1_macro=0.5045 val_f1_weighted=0.5964 val_prec_macro=0.5303 val_rec_macro=0.5090 val_metric_name=acc val_metric=0.6147
Step  950 | loss 1.2018 | val_acc=0.6224 val_loss=1.1419 val_f1_macro=0.5169 val_f1_weighted=0.6055 val_prec_macro=0.5398 val_rec_macro=0.5196 val_metric_name=acc val_metric=0.6224
Step 1000 | loss 1.1687 | val_acc=0.6267 val_loss=1.1213 val_f1_macro=0.5221 val_f1_weighted=0.6106 val_prec_macro=0.5412 val_rec_macro=0.5247 val_metric_name=acc val_metric=0.6267
Step 1050 | loss 1.1304 | val_acc=0.6328 val_loss=1.1010 val_f1_macro=0.5295 val_f1_weighted=0.6176 val_prec_macro=0.5449 val_rec_macro=0.5339 val_metric_name=acc val_metric=0.6328
Step 1100 | loss 1.1029 | val_acc=0.6399 val_loss=1.0804 val_f1_macro=0.5398 val_f1_weighted=0.6262 val_prec_macro=0.5553 val_rec_macro=0.5421 val_metric_name=acc val_metric=0.6399
Step 1150 | loss 1.0852 | val_acc=0.6470 val_loss=1.0621 val_f1_macro=0.5479 val_f1_weighted=0.6345 val_prec_macro=0.5626 val_rec_macro=0.5507 val_metric_name=acc val_metric=0.6470
Step 1200 | loss 1.0509 | val_acc=0.6517 val_loss=1.0449 val_f1_macro=0.5561 val_f1_weighted=0.6404 val_prec_macro=0.5697 val_rec_macro=0.5580 val_metric_name=acc val_metric=0.6517
Step 1250 | loss 1.0181 | val_acc=0.6579 val_loss=1.0268 val_f1_macro=0.5635 val_f1_weighted=0.6472 val_prec_macro=0.5770 val_rec_macro=0.5642 val_metric_name=acc val_metric=0.6579
Step 1300 | loss 0.9957 | val_acc=0.6628 val_loss=1.0116 val_f1_macro=0.5695 val_f1_weighted=0.6528 val_prec_macro=0.5836 val_rec_macro=0.5698 val_metric_name=acc val_metric=0.6628
Step 1350 | loss 0.9751 | val_acc=0.6657 val_loss=0.9961 val_f1_macro=0.5738 val_f1_weighted=0.6568 val_prec_macro=0.5851 val_rec_macro=0.5753 val_metric_name=acc val_metric=0.6657
Step 1400 | loss 0.9533 | val_acc=0.6738 val_loss=0.9822 val_f1_macro=0.5819 val_f1_weighted=0.6652 val_prec_macro=0.5935 val_rec_macro=0.5831 val_metric_name=acc val_metric=0.6738
Step 1450 | loss 0.9282 | val_acc=0.6782 val_loss=0.9691 val_f1_macro=0.5892 val_f1_weighted=0.6699 val_prec_macro=0.6019 val_rec_macro=0.5893 val_metric_name=acc val_metric=0.6782
Step 1500 | loss 0.9027 | val_acc=0.6856 val_loss=0.9545 val_f1_macro=0.5995 val_f1_weighted=0.6780 val_prec_macro=0.6101 val_rec_macro=0.5993 val_metric_name=acc val_metric=0.6856
Step 1550 | loss 0.8834 | val_acc=0.6890 val_loss=0.9441 val_f1_macro=0.6051 val_f1_weighted=0.6813 val_prec_macro=0.6147 val_rec_macro=0.6056 val_metric_name=acc val_metric=0.6890
Step 1600 | loss 0.8742 | val_acc=0.6927 val_loss=0.9330 val_f1_macro=0.6092 val_f1_weighted=0.6851 val_prec_macro=0.6175 val_rec_macro=0.6103 val_metric_name=acc val_metric=0.6927
Step 1650 | loss 0.8510 | val_acc=0.6980 val_loss=0.9219 val_f1_macro=0.6174 val_f1_weighted=0.6915 val_prec_macro=0.6273 val_rec_macro=0.6171 val_metric_name=acc val_metric=0.6980
Step 1700 | loss 0.8265 | val_acc=0.7027 val_loss=0.9119 val_f1_macro=0.6252 val_f1_weighted=0.6963 val_prec_macro=0.6346 val_rec_macro=0.6252 val_metric_name=acc val_metric=0.7027
Step 1750 | loss 0.8129 | val_acc=0.7052 val_loss=0.9025 val_f1_macro=0.6293 val_f1_weighted=0.6989 val_prec_macro=0.6409 val_rec_macro=0.6274 val_metric_name=acc val_metric=0.7052
Step 1800 | loss 0.7815 | val_acc=0.7079 val_loss=0.8952 val_f1_macro=0.6320 val_f1_weighted=0.7016 val_prec_macro=0.6423 val_rec_macro=0.6312 val_metric_name=acc val_metric=0.7079
Step 1850 | loss 0.7747 | val_acc=0.7128 val_loss=0.8879 val_f1_macro=0.6397 val_f1_weighted=0.7074 val_prec_macro=0.6498 val_rec_macro=0.6388 val_metric_name=acc val_metric=0.7128
Step 1900 | loss 0.7521 | val_acc=0.7142 val_loss=0.8800 val_f1_macro=0.6420 val_f1_weighted=0.7096 val_prec_macro=0.6505 val_rec_macro=0.6411 val_metric_name=acc val_metric=0.7142
Step 1950 | loss 0.7389 | val_acc=0.7167 val_loss=0.8721 val_f1_macro=0.6460 val_f1_weighted=0.7119 val_prec_macro=0.6547 val_rec_macro=0.6451 val_metric_name=acc val_metric=0.7167
Step 2000 | loss 0.7180 | val_acc=0.7207 val_loss=0.8654 val_f1_macro=0.6507 val_f1_weighted=0.7159 val_prec_macro=0.6574 val_rec_macro=0.6509 val_metric_name=acc val_metric=0.7207
Step 2050 | loss 0.7162 | val_acc=0.7225 val_loss=0.8600 val_f1_macro=0.6525 val_f1_weighted=0.7179 val_prec_macro=0.6583 val_rec_macro=0.6534 val_metric_name=acc val_metric=0.7225
Step 2100 | loss 0.6924 | val_acc=0.7230 val_loss=0.8554 val_f1_macro=0.6546 val_f1_weighted=0.7190 val_prec_macro=0.6616 val_rec_macro=0.6539 val_metric_name=acc val_metric=0.7230
Step 2150 | loss 0.6746 | val_acc=0.7252 val_loss=0.8496 val_f1_macro=0.6552 val_f1_weighted=0.7206 val_prec_macro=0.6614 val_rec_macro=0.6554 val_metric_name=acc val_metric=0.7252
Step 2200 | loss 0.6671 | val_acc=0.7283 val_loss=0.8452 val_f1_macro=0.6614 val_f1_weighted=0.7241 val_prec_macro=0.6687 val_rec_macro=0.6602 val_metric_name=acc val_metric=0.7283
Step 2250 | loss 0.6512 | val_acc=0.7289 val_loss=0.8422 val_f1_macro=0.6624 val_f1_weighted=0.7252 val_prec_macro=0.6692 val_rec_macro=0.6608 val_metric_name=acc val_metric=0.7289
Step 2300 | loss 0.6369 | val_acc=0.7327 val_loss=0.8387 val_f1_macro=0.6675 val_f1_weighted=0.7288 val_prec_macro=0.6730 val_rec_macro=0.6673 val_metric_name=acc val_metric=0.7327
Step 2350 | loss 0.6295 | val_acc=0.7338 val_loss=0.8350 val_f1_macro=0.6669 val_f1_weighted=0.7294 val_prec_macro=0.6728 val_rec_macro=0.6662 val_metric_name=acc val_metric=0.7338
Step 2400 | loss 0.6107 | val_acc=0.7366 val_loss=0.8327 val_f1_macro=0.6701 val_f1_weighted=0.7322 val_prec_macro=0.6740 val_rec_macro=0.6712 val_metric_name=acc val_metric=0.7366
Step 2450 | loss 0.6055 | val_acc=0.7382 val_loss=0.8292 val_f1_macro=0.6742 val_f1_weighted=0.7346 val_prec_macro=0.6798 val_rec_macro=0.6737 val_metric_name=acc val_metric=0.7382
Step 2500 | loss 0.5803 | val_acc=0.7382 val_loss=0.8264 val_f1_macro=0.6738 val_f1_weighted=0.7343 val_prec_macro=0.6783 val_rec_macro=0.6740 val_metric_name=acc val_metric=0.7382
Step 2550 | loss 0.5702 | val_acc=0.7391 val_loss=0.8250 val_f1_macro=0.6765 val_f1_weighted=0.7357 val_prec_macro=0.6797 val_rec_macro=0.6775 val_metric_name=acc val_metric=0.7391
Step 2600 | loss 0.5590 | val_acc=0.7400 val_loss=0.8242 val_f1_macro=0.6772 val_f1_weighted=0.7368 val_prec_macro=0.6821 val_rec_macro=0.6764 val_metric_name=acc val_metric=0.7400
Step 2650 | loss 0.5420 | val_acc=0.7395 val_loss=0.8240 val_f1_macro=0.6774 val_f1_weighted=0.7363 val_prec_macro=0.6824 val_rec_macro=0.6764 val_metric_name=acc val_metric=0.7395
Step 2700 | loss 0.5408 | val_acc=0.7417 val_loss=0.8235 val_f1_macro=0.6800 val_f1_weighted=0.7387 val_prec_macro=0.6823 val_rec_macro=0.6814 val_metric_name=acc val_metric=0.7417
Step 2750 | loss 0.5211 | val_acc=0.7430 val_loss=0.8215 val_f1_macro=0.6821 val_f1_weighted=0.7399 val_prec_macro=0.6865 val_rec_macro=0.6812 val_metric_name=acc val_metric=0.7430
Step 2800 | loss 0.5159 | val_acc=0.7428 val_loss=0.8232 val_f1_macro=0.6815 val_f1_weighted=0.7401 val_prec_macro=0.6842 val_rec_macro=0.6820 val_metric_name=acc val_metric=0.7428
Step 2850 | loss 0.5002 | val_acc=0.7453 val_loss=0.8243 val_f1_macro=0.6849 val_f1_weighted=0.7425 val_prec_macro=0.6879 val_rec_macro=0.6853 val_metric_name=acc val_metric=0.7453
Step 2900 | loss 0.4918 | val_acc=0.7453 val_loss=0.8225 val_f1_macro=0.6838 val_f1_weighted=0.7430 val_prec_macro=0.6870 val_rec_macro=0.6838 val_metric_name=acc val_metric=0.7453
Step 2950 | loss 0.4814 | val_acc=0.7477 val_loss=0.8242 val_f1_macro=0.6889 val_f1_weighted=0.7456 val_prec_macro=0.6919 val_rec_macro=0.6887 val_metric_name=acc val_metric=0.7477
Step 3000 | loss 0.4680 | val_acc=0.7472 val_loss=0.8254 val_f1_macro=0.6877 val_f1_weighted=0.7450 val_prec_macro=0.6900 val_rec_macro=0.6883 val_metric_name=acc val_metric=0.7472
Step 3050 | loss 0.4600 | val_acc=0.7469 val_loss=0.8296 val_f1_macro=0.6875 val_f1_weighted=0.7451 val_prec_macro=0.6890 val_rec_macro=0.6888 val_metric_name=acc val_metric=0.7469
Step 3100 | loss 0.4491 | val_acc=0.7477 val_loss=0.8304 val_f1_macro=0.6909 val_f1_weighted=0.7460 val_prec_macro=0.6921 val_rec_macro=0.6923 val_metric_name=acc val_metric=0.7477
Step 3150 | loss 0.4377 | val_acc=0.7469 val_loss=0.8326 val_f1_macro=0.6879 val_f1_weighted=0.7446 val_prec_macro=0.6900 val_rec_macro=0.6890 val_metric_name=acc val_metric=0.7469
Step 3200 | loss 0.4369 | val_acc=0.7476 val_loss=0.8342 val_f1_macro=0.6883 val_f1_weighted=0.7453 val_prec_macro=0.6901 val_rec_macro=0.6891 val_metric_name=acc val_metric=0.7476
Step 3250 | loss 0.4320 | val_acc=0.7485 val_loss=0.8361 val_f1_macro=0.6906 val_f1_weighted=0.7470 val_prec_macro=0.6917 val_rec_macro=0.6920 val_metric_name=acc val_metric=0.7485
Step 3300 | loss 0.4200 | val_acc=0.7483 val_loss=0.8396 val_f1_macro=0.6899 val_f1_weighted=0.7467 val_prec_macro=0.6909 val_rec_macro=0.6920 val_metric_name=acc val_metric=0.7483
Step 3350 | loss 0.4156 | val_acc=0.7481 val_loss=0.8402 val_f1_macro=0.6887 val_f1_weighted=0.7463 val_prec_macro=0.6893 val_rec_macro=0.6908 val_metric_name=acc val_metric=0.7481
Step 3400 | loss 0.3953 | val_acc=0.7477 val_loss=0.8445 val_f1_macro=0.6890 val_f1_weighted=0.7460 val_prec_macro=0.6890 val_rec_macro=0.6919 val_metric_name=acc val_metric=0.7477
Step 3450 | loss 0.3924 | val_acc=0.7474 val_loss=0.8483 val_f1_macro=0.6897 val_f1_weighted=0.7458 val_prec_macro=0.6897 val_rec_macro=0.6926 val_metric_name=acc val_metric=0.7474
Step 3500 | loss 0.3960 | val_acc=0.7483 val_loss=0.8493 val_f1_macro=0.6906 val_f1_weighted=0.7467 val_prec_macro=0.6898 val_rec_macro=0.6944 val_metric_name=acc val_metric=0.7483
Step 3550 | loss 0.3798 | val_acc=0.7465 val_loss=0.8544 val_f1_macro=0.6884 val_f1_weighted=0.7453 val_prec_macro=0.6891 val_rec_macro=0.6906 val_metric_name=acc val_metric=0.7465
Step 3600 | loss 0.3756 | val_acc=0.7490 val_loss=0.8577 val_f1_macro=0.6893 val_f1_weighted=0.7477 val_prec_macro=0.6879 val_rec_macro=0.6933 val_metric_name=acc val_metric=0.7490
Step 3650 | loss 0.3642 | val_acc=0.7492 val_loss=0.8596 val_f1_macro=0.6905 val_f1_weighted=0.7479 val_prec_macro=0.6902 val_rec_macro=0.6938 val_metric_name=acc val_metric=0.7492
Step 3700 | loss 0.3532 | val_acc=0.7479 val_loss=0.8639 val_f1_macro=0.6895 val_f1_weighted=0.7469 val_prec_macro=0.6900 val_rec_macro=0.6923 val_metric_name=acc val_metric=0.7479
Step 3750 | loss 0.3484 | val_acc=0.7492 val_loss=0.8670 val_f1_macro=0.6909 val_f1_weighted=0.7478 val_prec_macro=0.6904 val_rec_macro=0.6944 val_metric_name=acc val_metric=0.7492
Step 3800 | loss 0.3409 | val_acc=0.7486 val_loss=0.8686 val_f1_macro=0.6902 val_f1_weighted=0.7471 val_prec_macro=0.6888 val_rec_macro=0.6944 val_metric_name=acc val_metric=0.7486
Step 3850 | loss 0.3428 | val_acc=0.7470 val_loss=0.8764 val_f1_macro=0.6890 val_f1_weighted=0.7457 val_prec_macro=0.6880 val_rec_macro=0.6929 val_metric_name=acc val_metric=0.7470
Early stopping at step 3880

--- Final (best ckpt @ step 3580) ---
  train_acc=0.9538 train_loss=0.1624 train_f1_macro=0.9422 train_f1_weighted=0.9537 train_prec_macro=0.9418 train_rec_macro=0.9430 train_metric_name=acc train_metric=0.9538
  val_acc=0.7502 val_loss=0.8557 val_f1_macro=0.6921 val_f1_weighted=0.7487 val_prec_macro=0.6914 val_rec_macro=0.6958 val_metric_name=acc val_metric=0.7502
  test_acc=0.7464 test_loss=0.8214 test_f1_macro=0.6900 test_f1_weighted=0.7457 test_prec_macro=0.6912 test_rec_macro=0.6927 test_metric_name=acc test_metric=0.7464
  test_acc=0.7464

============================================================
Training roman-empire GCN 5L h=384 lr=3e-05 split=6
============================================================
Training for 5000 steps
Step    1 | loss 3.0660 | val_acc=0.1100 val_loss=2.8456 val_f1_macro=0.0350 val_f1_weighted=0.0593 val_prec_macro=0.0604 val_rec_macro=0.0566 val_metric_name=acc val_metric=0.1100
Step   50 | loss 2.1602 | val_acc=0.3492 val_loss=2.0423 val_f1_macro=0.1833 val_f1_weighted=0.3046 val_prec_macro=0.2420 val_rec_macro=0.2034 val_metric_name=acc val_metric=0.3492
Step  100 | loss 1.7726 | val_acc=0.4733 val_loss=1.6488 val_f1_macro=0.3340 val_f1_weighted=0.4396 val_prec_macro=0.3505 val_rec_macro=0.3547 val_metric_name=acc val_metric=0.4733
Step  150 | loss 1.4699 | val_acc=0.5502 val_loss=1.3784 val_f1_macro=0.4135 val_f1_weighted=0.5221 val_prec_macro=0.4385 val_rec_macro=0.4393 val_metric_name=acc val_metric=0.5502
Step  200 | loss 1.2763 | val_acc=0.5875 val_loss=1.2412 val_f1_macro=0.4723 val_f1_weighted=0.5682 val_prec_macro=0.4852 val_rec_macro=0.4897 val_metric_name=acc val_metric=0.5875
Step  250 | loss 1.1334 | val_acc=0.6198 val_loss=1.1504 val_f1_macro=0.5178 val_f1_weighted=0.6076 val_prec_macro=0.5241 val_rec_macro=0.5293 val_metric_name=acc val_metric=0.6198
Step  300 | loss 1.0175 | val_acc=0.6457 val_loss=1.0795 val_f1_macro=0.5456 val_f1_weighted=0.6368 val_prec_macro=0.5498 val_rec_macro=0.5552 val_metric_name=acc val_metric=0.6457
Step  350 | loss 0.9206 | val_acc=0.6613 val_loss=1.0255 val_f1_macro=0.5649 val_f1_weighted=0.6532 val_prec_macro=0.5675 val_rec_macro=0.5750 val_metric_name=acc val_metric=0.6613
Step  400 | loss 0.8340 | val_acc=0.6784 val_loss=0.9777 val_f1_macro=0.5867 val_f1_weighted=0.6718 val_prec_macro=0.5882 val_rec_macro=0.5940 val_metric_name=acc val_metric=0.6784
Step  450 | loss 0.7583 | val_acc=0.6911 val_loss=0.9452 val_f1_macro=0.6076 val_f1_weighted=0.6851 val_prec_macro=0.6080 val_rec_macro=0.6153 val_metric_name=acc val_metric=0.6911
Step  500 | loss 0.6916 | val_acc=0.7015 val_loss=0.9214 val_f1_macro=0.6221 val_f1_weighted=0.6970 val_prec_macro=0.6236 val_rec_macro=0.6284 val_metric_name=acc val_metric=0.7015
Step  550 | loss 0.6350 | val_acc=0.7086 val_loss=0.9044 val_f1_macro=0.6339 val_f1_weighted=0.7038 val_prec_macro=0.6349 val_rec_macro=0.6395 val_metric_name=acc val_metric=0.7086
Step  600 | loss 0.5765 | val_acc=0.7162 val_loss=0.8982 val_f1_macro=0.6450 val_f1_weighted=0.7131 val_prec_macro=0.6442 val_rec_macro=0.6513 val_metric_name=acc val_metric=0.7162
Step  650 | loss 0.5208 | val_acc=0.7169 val_loss=0.8964 val_f1_macro=0.6484 val_f1_weighted=0.7138 val_prec_macro=0.6515 val_rec_macro=0.6512 val_metric_name=acc val_metric=0.7169
Step  700 | loss 0.4798 | val_acc=0.7200 val_loss=0.9071 val_f1_macro=0.6536 val_f1_weighted=0.7176 val_prec_macro=0.6531 val_rec_macro=0.6592 val_metric_name=acc val_metric=0.7200
Step  750 | loss 0.4399 | val_acc=0.7234 val_loss=0.9089 val_f1_macro=0.6566 val_f1_weighted=0.7206 val_prec_macro=0.6543 val_rec_macro=0.6639 val_metric_name=acc val_metric=0.7234
Step  800 | loss 0.4023 | val_acc=0.7248 val_loss=0.9291 val_f1_macro=0.6619 val_f1_weighted=0.7240 val_prec_macro=0.6636 val_rec_macro=0.6641 val_metric_name=acc val_metric=0.7248
Step  850 | loss 0.3600 | val_acc=0.7276 val_loss=0.9411 val_f1_macro=0.6620 val_f1_weighted=0.7257 val_prec_macro=0.6609 val_rec_macro=0.6671 val_metric_name=acc val_metric=0.7276
Step  900 | loss 0.3327 | val_acc=0.7234 val_loss=0.9666 val_f1_macro=0.6604 val_f1_weighted=0.7228 val_prec_macro=0.6566 val_rec_macro=0.6669 val_metric_name=acc val_metric=0.7234
Step  950 | loss 0.2995 | val_acc=0.7262 val_loss=0.9834 val_f1_macro=0.6602 val_f1_weighted=0.7251 val_prec_macro=0.6580 val_rec_macro=0.6652 val_metric_name=acc val_metric=0.7262
Step 1000 | loss 0.2809 | val_acc=0.7237 val_loss=1.0023 val_f1_macro=0.6593 val_f1_weighted=0.7234 val_prec_macro=0.6597 val_rec_macro=0.6616 val_metric_name=acc val_metric=0.7237
Step 1050 | loss 0.2558 | val_acc=0.7234 val_loss=1.0291 val_f1_macro=0.6586 val_f1_weighted=0.7226 val_prec_macro=0.6590 val_rec_macro=0.6615 val_metric_name=acc val_metric=0.7234
Step 1100 | loss 0.2343 | val_acc=0.7239 val_loss=1.0466 val_f1_macro=0.6601 val_f1_weighted=0.7227 val_prec_macro=0.6571 val_rec_macro=0.6664 val_metric_name=acc val_metric=0.7239
Step 1150 | loss 0.2189 | val_acc=0.7255 val_loss=1.0607 val_f1_macro=0.6618 val_f1_weighted=0.7241 val_prec_macro=0.6597 val_rec_macro=0.6664 val_metric_name=acc val_metric=0.7255
Step 1200 | loss 0.2019 | val_acc=0.7241 val_loss=1.0780 val_f1_macro=0.6643 val_f1_weighted=0.7242 val_prec_macro=0.6623 val_rec_macro=0.6686 val_metric_name=acc val_metric=0.7241
Step 1250 | loss 0.1797 | val_acc=0.7244 val_loss=1.0994 val_f1_macro=0.6623 val_f1_weighted=0.7238 val_prec_macro=0.6597 val_rec_macro=0.6674 val_metric_name=acc val_metric=0.7244
Step 1300 | loss 0.1688 | val_acc=0.7241 val_loss=1.1110 val_f1_macro=0.6621 val_f1_weighted=0.7234 val_prec_macro=0.6601 val_rec_macro=0.6667 val_metric_name=acc val_metric=0.7241
Step 1350 | loss 0.1545 | val_acc=0.7280 val_loss=1.1323 val_f1_macro=0.6690 val_f1_weighted=0.7271 val_prec_macro=0.6652 val_rec_macro=0.6758 val_metric_name=acc val_metric=0.7280
Step 1400 | loss 0.1461 | val_acc=0.7289 val_loss=1.1428 val_f1_macro=0.6671 val_f1_weighted=0.7273 val_prec_macro=0.6656 val_rec_macro=0.6714 val_metric_name=acc val_metric=0.7289
Step 1450 | loss 0.1440 | val_acc=0.7303 val_loss=1.1572 val_f1_macro=0.6684 val_f1_weighted=0.7288 val_prec_macro=0.6670 val_rec_macro=0.6722 val_metric_name=acc val_metric=0.7303
Step 1500 | loss 0.1292 | val_acc=0.7266 val_loss=1.1789 val_f1_macro=0.6672 val_f1_weighted=0.7257 val_prec_macro=0.6653 val_rec_macro=0.6718 val_metric_name=acc val_metric=0.7266
Step 1550 | loss 0.1254 | val_acc=0.7292 val_loss=1.1859 val_f1_macro=0.6690 val_f1_weighted=0.7288 val_prec_macro=0.6690 val_rec_macro=0.6716 val_metric_name=acc val_metric=0.7292
Step 1600 | loss 0.1146 | val_acc=0.7301 val_loss=1.2025 val_f1_macro=0.6696 val_f1_weighted=0.7292 val_prec_macro=0.6664 val_rec_macro=0.6757 val_metric_name=acc val_metric=0.7301
Step 1650 | loss 0.1021 | val_acc=0.7303 val_loss=1.2171 val_f1_macro=0.6704 val_f1_weighted=0.7288 val_prec_macro=0.6669 val_rec_macro=0.6764 val_metric_name=acc val_metric=0.7303
Step 1700 | loss 0.1043 | val_acc=0.7299 val_loss=1.2277 val_f1_macro=0.6691 val_f1_weighted=0.7289 val_prec_macro=0.6662 val_rec_macro=0.6751 val_metric_name=acc val_metric=0.7299
Step 1750 | loss 0.0960 | val_acc=0.7317 val_loss=1.2330 val_f1_macro=0.6702 val_f1_weighted=0.7308 val_prec_macro=0.6673 val_rec_macro=0.6752 val_metric_name=acc val_metric=0.7317
Step 1800 | loss 0.0883 | val_acc=0.7335 val_loss=1.2408 val_f1_macro=0.6730 val_f1_weighted=0.7322 val_prec_macro=0.6697 val_rec_macro=0.6789 val_metric_name=acc val_metric=0.7335
Step 1850 | loss 0.0792 | val_acc=0.7308 val_loss=1.2503 val_f1_macro=0.6713 val_f1_weighted=0.7295 val_prec_macro=0.6691 val_rec_macro=0.6761 val_metric_name=acc val_metric=0.7308
Step 1900 | loss 0.0806 | val_acc=0.7372 val_loss=1.2631 val_f1_macro=0.6792 val_f1_weighted=0.7355 val_prec_macro=0.6762 val_rec_macro=0.6847 val_metric_name=acc val_metric=0.7372
Step 1950 | loss 0.0718 | val_acc=0.7357 val_loss=1.2718 val_f1_macro=0.6786 val_f1_weighted=0.7344 val_prec_macro=0.6758 val_rec_macro=0.6840 val_metric_name=acc val_metric=0.7357
Step 2000 | loss 0.0708 | val_acc=0.7350 val_loss=1.2787 val_f1_macro=0.6753 val_f1_weighted=0.7332 val_prec_macro=0.6722 val_rec_macro=0.6808 val_metric_name=acc val_metric=0.7350
Step 2050 | loss 0.0662 | val_acc=0.7361 val_loss=1.3026 val_f1_macro=0.6776 val_f1_weighted=0.7349 val_prec_macro=0.6741 val_rec_macro=0.6836 val_metric_name=acc val_metric=0.7361
Step 2100 | loss 0.0683 | val_acc=0.7356 val_loss=1.3049 val_f1_macro=0.6787 val_f1_weighted=0.7345 val_prec_macro=0.6743 val_rec_macro=0.6858 val_metric_name=acc val_metric=0.7356
Step 2150 | loss 0.0638 | val_acc=0.7366 val_loss=1.3144 val_f1_macro=0.6790 val_f1_weighted=0.7347 val_prec_macro=0.6768 val_rec_macro=0.6845 val_metric_name=acc val_metric=0.7366
Step 2200 | loss 0.0582 | val_acc=0.7382 val_loss=1.3234 val_f1_macro=0.6816 val_f1_weighted=0.7374 val_prec_macro=0.6764 val_rec_macro=0.6891 val_metric_name=acc val_metric=0.7382
Step 2250 | loss 0.0582 | val_acc=0.7363 val_loss=1.3292 val_f1_macro=0.6810 val_f1_weighted=0.7357 val_prec_macro=0.6808 val_rec_macro=0.6843 val_metric_name=acc val_metric=0.7363
Step 2300 | loss 0.0554 | val_acc=0.7393 val_loss=1.3384 val_f1_macro=0.6828 val_f1_weighted=0.7376 val_prec_macro=0.6795 val_rec_macro=0.6892 val_metric_name=acc val_metric=0.7393
Step 2350 | loss 0.0517 | val_acc=0.7386 val_loss=1.3447 val_f1_macro=0.6831 val_f1_weighted=0.7374 val_prec_macro=0.6813 val_rec_macro=0.6880 val_metric_name=acc val_metric=0.7386
Step 2400 | loss 0.0472 | val_acc=0.7395 val_loss=1.3506 val_f1_macro=0.6841 val_f1_weighted=0.7381 val_prec_macro=0.6809 val_rec_macro=0.6896 val_metric_name=acc val_metric=0.7395
Step 2450 | loss 0.0464 | val_acc=0.7386 val_loss=1.3558 val_f1_macro=0.6834 val_f1_weighted=0.7374 val_prec_macro=0.6809 val_rec_macro=0.6880 val_metric_name=acc val_metric=0.7386
Step 2500 | loss 0.0430 | val_acc=0.7365 val_loss=1.3725 val_f1_macro=0.6809 val_f1_weighted=0.7353 val_prec_macro=0.6785 val_rec_macro=0.6853 val_metric_name=acc val_metric=0.7365
Step 2550 | loss 0.0443 | val_acc=0.7395 val_loss=1.3667 val_f1_macro=0.6863 val_f1_weighted=0.7382 val_prec_macro=0.6862 val_rec_macro=0.6887 val_metric_name=acc val_metric=0.7395
Step 2600 | loss 0.0410 | val_acc=0.7391 val_loss=1.3763 val_f1_macro=0.6857 val_f1_weighted=0.7380 val_prec_macro=0.6826 val_rec_macro=0.6915 val_metric_name=acc val_metric=0.7391
Step 2650 | loss 0.0385 | val_acc=0.7396 val_loss=1.3976 val_f1_macro=0.6835 val_f1_weighted=0.7377 val_prec_macro=0.6804 val_rec_macro=0.6894 val_metric_name=acc val_metric=0.7396
Step 2700 | loss 0.0366 | val_acc=0.7416 val_loss=1.4009 val_f1_macro=0.6855 val_f1_weighted=0.7397 val_prec_macro=0.6819 val_rec_macro=0.6920 val_metric_name=acc val_metric=0.7416
Step 2750 | loss 0.0354 | val_acc=0.7423 val_loss=1.4014 val_f1_macro=0.6891 val_f1_weighted=0.7406 val_prec_macro=0.6848 val_rec_macro=0.6952 val_metric_name=acc val_metric=0.7423
Step 2800 | loss 0.0338 | val_acc=0.7432 val_loss=1.4069 val_f1_macro=0.6893 val_f1_weighted=0.7413 val_prec_macro=0.6861 val_rec_macro=0.6949 val_metric_name=acc val_metric=0.7432
Step 2850 | loss 0.0363 | val_acc=0.7425 val_loss=1.4121 val_f1_macro=0.6878 val_f1_weighted=0.7407 val_prec_macro=0.6848 val_rec_macro=0.6935 val_metric_name=acc val_metric=0.7425
Step 2900 | loss 0.0337 | val_acc=0.7433 val_loss=1.4179 val_f1_macro=0.6873 val_f1_weighted=0.7413 val_prec_macro=0.6828 val_rec_macro=0.6938 val_metric_name=acc val_metric=0.7433
Step 2950 | loss 0.0308 | val_acc=0.7407 val_loss=1.4300 val_f1_macro=0.6855 val_f1_weighted=0.7390 val_prec_macro=0.6811 val_rec_macro=0.6918 val_metric_name=acc val_metric=0.7407
Step 3000 | loss 0.0289 | val_acc=0.7416 val_loss=1.4412 val_f1_macro=0.6853 val_f1_weighted=0.7394 val_prec_macro=0.6799 val_rec_macro=0.6930 val_metric_name=acc val_metric=0.7416
Step 3050 | loss 0.0284 | val_acc=0.7440 val_loss=1.4513 val_f1_macro=0.6901 val_f1_weighted=0.7421 val_prec_macro=0.6856 val_rec_macro=0.6969 val_metric_name=acc val_metric=0.7440
Step 3100 | loss 0.0283 | val_acc=0.7426 val_loss=1.4567 val_f1_macro=0.6884 val_f1_weighted=0.7412 val_prec_macro=0.6837 val_rec_macro=0.6956 val_metric_name=acc val_metric=0.7426
Step 3150 | loss 0.0245 | val_acc=0.7447 val_loss=1.4565 val_f1_macro=0.6908 val_f1_weighted=0.7428 val_prec_macro=0.6890 val_rec_macro=0.6952 val_metric_name=acc val_metric=0.7447
Step 3200 | loss 0.0280 | val_acc=0.7447 val_loss=1.4688 val_f1_macro=0.6895 val_f1_weighted=0.7426 val_prec_macro=0.6848 val_rec_macro=0.6972 val_metric_name=acc val_metric=0.7447
Step 3250 | loss 0.0257 | val_acc=0.7449 val_loss=1.4685 val_f1_macro=0.6901 val_f1_weighted=0.7428 val_prec_macro=0.6880 val_rec_macro=0.6945 val_metric_name=acc val_metric=0.7449
Step 3300 | loss 0.0247 | val_acc=0.7444 val_loss=1.4731 val_f1_macro=0.6885 val_f1_weighted=0.7426 val_prec_macro=0.6862 val_rec_macro=0.6929 val_metric_name=acc val_metric=0.7444
Step 3350 | loss 0.0246 | val_acc=0.7462 val_loss=1.4876 val_f1_macro=0.6917 val_f1_weighted=0.7448 val_prec_macro=0.6877 val_rec_macro=0.6976 val_metric_name=acc val_metric=0.7462
Step 3400 | loss 0.0217 | val_acc=0.7439 val_loss=1.4886 val_f1_macro=0.6899 val_f1_weighted=0.7423 val_prec_macro=0.6847 val_rec_macro=0.6971 val_metric_name=acc val_metric=0.7439
Step 3450 | loss 0.0236 | val_acc=0.7446 val_loss=1.4855 val_f1_macro=0.6882 val_f1_weighted=0.7421 val_prec_macro=0.6843 val_rec_macro=0.6944 val_metric_name=acc val_metric=0.7446
Step 3500 | loss 0.0205 | val_acc=0.7462 val_loss=1.4882 val_f1_macro=0.6915 val_f1_weighted=0.7440 val_prec_macro=0.6883 val_rec_macro=0.6969 val_metric_name=acc val_metric=0.7462
Step 3550 | loss 0.0191 | val_acc=0.7460 val_loss=1.5016 val_f1_macro=0.6926 val_f1_weighted=0.7445 val_prec_macro=0.6874 val_rec_macro=0.7000 val_metric_name=acc val_metric=0.7460
Step 3600 | loss 0.0193 | val_acc=0.7455 val_loss=1.5160 val_f1_macro=0.6901 val_f1_weighted=0.7427 val_prec_macro=0.6867 val_rec_macro=0.6955 val_metric_name=acc val_metric=0.7455
Step 3650 | loss 0.0196 | val_acc=0.7442 val_loss=1.5150 val_f1_macro=0.6881 val_f1_weighted=0.7419 val_prec_macro=0.6861 val_rec_macro=0.6933 val_metric_name=acc val_metric=0.7442
Step 3700 | loss 0.0186 | val_acc=0.7456 val_loss=1.5114 val_f1_macro=0.6907 val_f1_weighted=0.7436 val_prec_macro=0.6880 val_rec_macro=0.6958 val_metric_name=acc val_metric=0.7456
Step 3750 | loss 0.0179 | val_acc=0.7465 val_loss=1.5181 val_f1_macro=0.6924 val_f1_weighted=0.7440 val_prec_macro=0.6892 val_rec_macro=0.6977 val_metric_name=acc val_metric=0.7465
Step 3800 | loss 0.0167 | val_acc=0.7486 val_loss=1.5283 val_f1_macro=0.6954 val_f1_weighted=0.7469 val_prec_macro=0.6917 val_rec_macro=0.7014 val_metric_name=acc val_metric=0.7486
Step 3850 | loss 0.0175 | val_acc=0.7465 val_loss=1.5306 val_f1_macro=0.6918 val_f1_weighted=0.7443 val_prec_macro=0.6876 val_rec_macro=0.6983 val_metric_name=acc val_metric=0.7465
Step 3900 | loss 0.0176 | val_acc=0.7469 val_loss=1.5449 val_f1_macro=0.6922 val_f1_weighted=0.7446 val_prec_macro=0.6883 val_rec_macro=0.6986 val_metric_name=acc val_metric=0.7469
Step 3950 | loss 0.0171 | val_acc=0.7477 val_loss=1.5446 val_f1_macro=0.6937 val_f1_weighted=0.7456 val_prec_macro=0.6891 val_rec_macro=0.7005 val_metric_name=acc val_metric=0.7477
Step 4000 | loss 0.0149 | val_acc=0.7492 val_loss=1.5553 val_f1_macro=0.6935 val_f1_weighted=0.7467 val_prec_macro=0.6906 val_rec_macro=0.6982 val_metric_name=acc val_metric=0.7492
Step 4050 | loss 0.0168 | val_acc=0.7474 val_loss=1.5564 val_f1_macro=0.6939 val_f1_weighted=0.7446 val_prec_macro=0.6903 val_rec_macro=0.7000 val_metric_name=acc val_metric=0.7474
Step 4100 | loss 0.0154 | val_acc=0.7476 val_loss=1.5618 val_f1_macro=0.6938 val_f1_weighted=0.7448 val_prec_macro=0.6901 val_rec_macro=0.7002 val_metric_name=acc val_metric=0.7476
Step 4150 | loss 0.0147 | val_acc=0.7476 val_loss=1.5777 val_f1_macro=0.6924 val_f1_weighted=0.7449 val_prec_macro=0.6881 val_rec_macro=0.6989 val_metric_name=acc val_metric=0.7476
Step 4200 | loss 0.0127 | val_acc=0.7493 val_loss=1.5817 val_f1_macro=0.6947 val_f1_weighted=0.7469 val_prec_macro=0.6926 val_rec_macro=0.6994 val_metric_name=acc val_metric=0.7493
Step 4250 | loss 0.0136 | val_acc=0.7488 val_loss=1.5800 val_f1_macro=0.6946 val_f1_weighted=0.7463 val_prec_macro=0.6921 val_rec_macro=0.6995 val_metric_name=acc val_metric=0.7488
Step 4300 | loss 0.0136 | val_acc=0.7460 val_loss=1.5975 val_f1_macro=0.6930 val_f1_weighted=0.7435 val_prec_macro=0.6885 val_rec_macro=0.7004 val_metric_name=acc val_metric=0.7460
Step 4350 | loss 0.0136 | val_acc=0.7486 val_loss=1.5831 val_f1_macro=0.6953 val_f1_weighted=0.7463 val_prec_macro=0.6921 val_rec_macro=0.7014 val_metric_name=acc val_metric=0.7486
Step 4400 | loss 0.0108 | val_acc=0.7497 val_loss=1.5881 val_f1_macro=0.6966 val_f1_weighted=0.7469 val_prec_macro=0.6928 val_rec_macro=0.7024 val_metric_name=acc val_metric=0.7497
Step 4450 | loss 0.0134 | val_acc=0.7493 val_loss=1.5909 val_f1_macro=0.6937 val_f1_weighted=0.7472 val_prec_macro=0.6923 val_rec_macro=0.6968 val_metric_name=acc val_metric=0.7493
Step 4500 | loss 0.0130 | val_acc=0.7506 val_loss=1.5911 val_f1_macro=0.6999 val_f1_weighted=0.7488 val_prec_macro=0.6948 val_rec_macro=0.7068 val_metric_name=acc val_metric=0.7506
Step 4550 | loss 0.0111 | val_acc=0.7495 val_loss=1.6093 val_f1_macro=0.6959 val_f1_weighted=0.7468 val_prec_macro=0.6932 val_rec_macro=0.7011 val_metric_name=acc val_metric=0.7495
Step 4600 | loss 0.0117 | val_acc=0.7469 val_loss=1.6259 val_f1_macro=0.6938 val_f1_weighted=0.7438 val_prec_macro=0.6889 val_rec_macro=0.7016 val_metric_name=acc val_metric=0.7469
Step 4650 | loss 0.0101 | val_acc=0.7504 val_loss=1.6177 val_f1_macro=0.6980 val_f1_weighted=0.7483 val_prec_macro=0.6946 val_rec_macro=0.7036 val_metric_name=acc val_metric=0.7504
Early stopping at step 4680

--- Final (best ckpt @ step 4380) ---
  train_acc=1.0000 train_loss=0.0002 train_f1_macro=1.0000 train_f1_weighted=1.0000 train_prec_macro=1.0000 train_rec_macro=1.0000 train_metric_name=acc train_metric=1.0000
  val_acc=0.7541 val_loss=1.5758 val_f1_macro=0.7010 val_f1_weighted=0.7515 val_prec_macro=0.6976 val_rec_macro=0.7066 val_metric_name=acc val_metric=0.7541
  test_acc=0.7619 test_loss=1.4579 test_f1_macro=0.7114 test_f1_weighted=0.7606 test_prec_macro=0.7091 test_rec_macro=0.7157 test_metric_name=acc test_metric=0.7619
  test_acc=0.7619

============================================================
Training roman-empire GCN 5L h=384 lr=6e-05 split=6
============================================================
Training for 5000 steps
Step    1 | loss 3.0660 | val_acc=0.1375 val_loss=2.7111 val_f1_macro=0.0201 val_f1_weighted=0.0460 val_prec_macro=0.0757 val_rec_macro=0.0558 val_metric_name=acc val_metric=0.1375
Step   50 | loss 1.8675 | val_acc=0.4300 val_loss=1.7581 val_f1_macro=0.2846 val_f1_weighted=0.3931 val_prec_macro=0.3250 val_rec_macro=0.3028 val_metric_name=acc val_metric=0.4300
Step  100 | loss 1.3676 | val_acc=0.5793 val_loss=1.2950 val_f1_macro=0.4572 val_f1_weighted=0.5573 val_prec_macro=0.4789 val_rec_macro=0.4770 val_metric_name=acc val_metric=0.5793
Step  150 | loss 1.0886 | val_acc=0.6328 val_loss=1.1140 val_f1_macro=0.5332 val_f1_weighted=0.6212 val_prec_macro=0.5386 val_rec_macro=0.5432 val_metric_name=acc val_metric=0.6328
Step  200 | loss 0.8985 | val_acc=0.6657 val_loss=1.0090 val_f1_macro=0.5734 val_f1_weighted=0.6577 val_prec_macro=0.5764 val_rec_macro=0.5820 val_metric_name=acc val_metric=0.6657
Step  250 | loss 0.7557 | val_acc=0.6934 val_loss=0.9339 val_f1_macro=0.6103 val_f1_weighted=0.6873 val_prec_macro=0.6108 val_rec_macro=0.6174 val_metric_name=acc val_metric=0.6934
Step  300 | loss 0.6333 | val_acc=0.7135 val_loss=0.8965 val_f1_macro=0.6375 val_f1_weighted=0.7086 val_prec_macro=0.6379 val_rec_macro=0.6441 val_metric_name=acc val_metric=0.7135
Step  350 | loss 0.5410 | val_acc=0.7230 val_loss=0.8837 val_f1_macro=0.6520 val_f1_weighted=0.7196 val_prec_macro=0.6523 val_rec_macro=0.6573 val_metric_name=acc val_metric=0.7230
Step  400 | loss 0.4550 | val_acc=0.7267 val_loss=0.8935 val_f1_macro=0.6630 val_f1_weighted=0.7241 val_prec_macro=0.6590 val_rec_macro=0.6704 val_metric_name=acc val_metric=0.7267
Step  450 | loss 0.3829 | val_acc=0.7280 val_loss=0.9158 val_f1_macro=0.6658 val_f1_weighted=0.7273 val_prec_macro=0.6607 val_rec_macro=0.6741 val_metric_name=acc val_metric=0.7280
Step  500 | loss 0.3206 | val_acc=0.7299 val_loss=0.9579 val_f1_macro=0.6696 val_f1_weighted=0.7293 val_prec_macro=0.6647 val_rec_macro=0.6776 val_metric_name=acc val_metric=0.7299
Step  550 | loss 0.2714 | val_acc=0.7255 val_loss=0.9922 val_f1_macro=0.6621 val_f1_weighted=0.7251 val_prec_macro=0.6588 val_rec_macro=0.6694 val_metric_name=acc val_metric=0.7255
Step  600 | loss 0.2356 | val_acc=0.7259 val_loss=1.0353 val_f1_macro=0.6636 val_f1_weighted=0.7251 val_prec_macro=0.6614 val_rec_macro=0.6701 val_metric_name=acc val_metric=0.7259
Step  650 | loss 0.1972 | val_acc=0.7283 val_loss=1.0618 val_f1_macro=0.6632 val_f1_weighted=0.7264 val_prec_macro=0.6582 val_rec_macro=0.6714 val_metric_name=acc val_metric=0.7283
Step  700 | loss 0.1734 | val_acc=0.7257 val_loss=1.0932 val_f1_macro=0.6625 val_f1_weighted=0.7243 val_prec_macro=0.6619 val_rec_macro=0.6671 val_metric_name=acc val_metric=0.7257
Step  750 | loss 0.1534 | val_acc=0.7315 val_loss=1.1129 val_f1_macro=0.6686 val_f1_weighted=0.7291 val_prec_macro=0.6680 val_rec_macro=0.6734 val_metric_name=acc val_metric=0.7315
Step  800 | loss 0.1340 | val_acc=0.7319 val_loss=1.1416 val_f1_macro=0.6706 val_f1_weighted=0.7305 val_prec_macro=0.6659 val_rec_macro=0.6783 val_metric_name=acc val_metric=0.7319
Step  850 | loss 0.1145 | val_acc=0.7320 val_loss=1.1668 val_f1_macro=0.6712 val_f1_weighted=0.7300 val_prec_macro=0.6681 val_rec_macro=0.6777 val_metric_name=acc val_metric=0.7320
Step  900 | loss 0.1046 | val_acc=0.7372 val_loss=1.1836 val_f1_macro=0.6789 val_f1_weighted=0.7355 val_prec_macro=0.6736 val_rec_macro=0.6866 val_metric_name=acc val_metric=0.7372
Step  950 | loss 0.0897 | val_acc=0.7347 val_loss=1.2069 val_f1_macro=0.6753 val_f1_weighted=0.7331 val_prec_macro=0.6720 val_rec_macro=0.6816 val_metric_name=acc val_metric=0.7347
Step 1000 | loss 0.0889 | val_acc=0.7363 val_loss=1.2188 val_f1_macro=0.6771 val_f1_weighted=0.7341 val_prec_macro=0.6759 val_rec_macro=0.6815 val_metric_name=acc val_metric=0.7363
Step 1050 | loss 0.0796 | val_acc=0.7386 val_loss=1.2437 val_f1_macro=0.6782 val_f1_weighted=0.7360 val_prec_macro=0.6766 val_rec_macro=0.6831 val_metric_name=acc val_metric=0.7386
Step 1100 | loss 0.0705 | val_acc=0.7405 val_loss=1.2654 val_f1_macro=0.6828 val_f1_weighted=0.7373 val_prec_macro=0.6795 val_rec_macro=0.6895 val_metric_name=acc val_metric=0.7405
Step 1150 | loss 0.0663 | val_acc=0.7393 val_loss=1.2773 val_f1_macro=0.6816 val_f1_weighted=0.7368 val_prec_macro=0.6783 val_rec_macro=0.6873 val_metric_name=acc val_metric=0.7393
Step 1200 | loss 0.0590 | val_acc=0.7391 val_loss=1.2898 val_f1_macro=0.6808 val_f1_weighted=0.7365 val_prec_macro=0.6771 val_rec_macro=0.6870 val_metric_name=acc val_metric=0.7391
Step 1250 | loss 0.0534 | val_acc=0.7407 val_loss=1.3020 val_f1_macro=0.6827 val_f1_weighted=0.7385 val_prec_macro=0.6801 val_rec_macro=0.6878 val_metric_name=acc val_metric=0.7407
Step 1300 | loss 0.0507 | val_acc=0.7370 val_loss=1.3148 val_f1_macro=0.6801 val_f1_weighted=0.7348 val_prec_macro=0.6759 val_rec_macro=0.6880 val_metric_name=acc val_metric=0.7370
Step 1350 | loss 0.0448 | val_acc=0.7417 val_loss=1.3301 val_f1_macro=0.6861 val_f1_weighted=0.7392 val_prec_macro=0.6786 val_rec_macro=0.6959 val_metric_name=acc val_metric=0.7417
Step 1400 | loss 0.0453 | val_acc=0.7416 val_loss=1.3415 val_f1_macro=0.6826 val_f1_weighted=0.7386 val_prec_macro=0.6791 val_rec_macro=0.6888 val_metric_name=acc val_metric=0.7416
Step 1450 | loss 0.0430 | val_acc=0.7469 val_loss=1.3527 val_f1_macro=0.6922 val_f1_weighted=0.7437 val_prec_macro=0.6862 val_rec_macro=0.7006 val_metric_name=acc val_metric=0.7469
Step 1500 | loss 0.0372 | val_acc=0.7421 val_loss=1.3730 val_f1_macro=0.6861 val_f1_weighted=0.7400 val_prec_macro=0.6796 val_rec_macro=0.6949 val_metric_name=acc val_metric=0.7421
Step 1550 | loss 0.0374 | val_acc=0.7402 val_loss=1.3794 val_f1_macro=0.6851 val_f1_weighted=0.7386 val_prec_macro=0.6822 val_rec_macro=0.6903 val_metric_name=acc val_metric=0.7402
Step 1600 | loss 0.0324 | val_acc=0.7440 val_loss=1.4046 val_f1_macro=0.6867 val_f1_weighted=0.7412 val_prec_macro=0.6826 val_rec_macro=0.6943 val_metric_name=acc val_metric=0.7440
Step 1650 | loss 0.0286 | val_acc=0.7455 val_loss=1.4131 val_f1_macro=0.6886 val_f1_weighted=0.7418 val_prec_macro=0.6836 val_rec_macro=0.6972 val_metric_name=acc val_metric=0.7455
Step 1700 | loss 0.0292 | val_acc=0.7417 val_loss=1.4238 val_f1_macro=0.6838 val_f1_weighted=0.7393 val_prec_macro=0.6774 val_rec_macro=0.6934 val_metric_name=acc val_metric=0.7417
Step 1750 | loss 0.0272 | val_acc=0.7435 val_loss=1.4357 val_f1_macro=0.6880 val_f1_weighted=0.7409 val_prec_macro=0.6845 val_rec_macro=0.6944 val_metric_name=acc val_metric=0.7435
Step 1800 | loss 0.0255 | val_acc=0.7490 val_loss=1.4294 val_f1_macro=0.6939 val_f1_weighted=0.7465 val_prec_macro=0.6882 val_rec_macro=0.7021 val_metric_name=acc val_metric=0.7490
Step 1850 | loss 0.0213 | val_acc=0.7437 val_loss=1.4522 val_f1_macro=0.6888 val_f1_weighted=0.7410 val_prec_macro=0.6853 val_rec_macro=0.6949 val_metric_name=acc val_metric=0.7437
Step 1900 | loss 0.0238 | val_acc=0.7483 val_loss=1.4547 val_f1_macro=0.6933 val_f1_weighted=0.7457 val_prec_macro=0.6884 val_rec_macro=0.7009 val_metric_name=acc val_metric=0.7483
Step 1950 | loss 0.0194 | val_acc=0.7477 val_loss=1.4631 val_f1_macro=0.6933 val_f1_weighted=0.7448 val_prec_macro=0.6881 val_rec_macro=0.7009 val_metric_name=acc val_metric=0.7477
Step 2000 | loss 0.0195 | val_acc=0.7504 val_loss=1.4683 val_f1_macro=0.6946 val_f1_weighted=0.7476 val_prec_macro=0.6902 val_rec_macro=0.7018 val_metric_name=acc val_metric=0.7504
Step 2050 | loss 0.0177 | val_acc=0.7479 val_loss=1.4990 val_f1_macro=0.6945 val_f1_weighted=0.7451 val_prec_macro=0.6883 val_rec_macro=0.7042 val_metric_name=acc val_metric=0.7479
Step 2100 | loss 0.0198 | val_acc=0.7488 val_loss=1.4840 val_f1_macro=0.6949 val_f1_weighted=0.7466 val_prec_macro=0.6893 val_rec_macro=0.7026 val_metric_name=acc val_metric=0.7488
Step 2150 | loss 0.0187 | val_acc=0.7509 val_loss=1.5024 val_f1_macro=0.6953 val_f1_weighted=0.7472 val_prec_macro=0.6927 val_rec_macro=0.7010 val_metric_name=acc val_metric=0.7509
Step 2200 | loss 0.0169 | val_acc=0.7508 val_loss=1.5135 val_f1_macro=0.6958 val_f1_weighted=0.7481 val_prec_macro=0.6896 val_rec_macro=0.7048 val_metric_name=acc val_metric=0.7508
Step 2250 | loss 0.0158 | val_acc=0.7522 val_loss=1.5133 val_f1_macro=0.7000 val_f1_weighted=0.7497 val_prec_macro=0.6973 val_rec_macro=0.7052 val_metric_name=acc val_metric=0.7522
Step 2300 | loss 0.0161 | val_acc=0.7502 val_loss=1.5256 val_f1_macro=0.6959 val_f1_weighted=0.7475 val_prec_macro=0.6916 val_rec_macro=0.7025 val_metric_name=acc val_metric=0.7502
Step 2350 | loss 0.0150 | val_acc=0.7516 val_loss=1.5216 val_f1_macro=0.6970 val_f1_weighted=0.7494 val_prec_macro=0.6930 val_rec_macro=0.7033 val_metric_name=acc val_metric=0.7516
Step 2400 | loss 0.0124 | val_acc=0.7509 val_loss=1.5333 val_f1_macro=0.6959 val_f1_weighted=0.7485 val_prec_macro=0.6926 val_rec_macro=0.7019 val_metric_name=acc val_metric=0.7509
Step 2450 | loss 0.0128 | val_acc=0.7525 val_loss=1.5261 val_f1_macro=0.6988 val_f1_weighted=0.7498 val_prec_macro=0.6950 val_rec_macro=0.7044 val_metric_name=acc val_metric=0.7525
Step 2500 | loss 0.0114 | val_acc=0.7508 val_loss=1.5512 val_f1_macro=0.6947 val_f1_weighted=0.7477 val_prec_macro=0.6943 val_rec_macro=0.6973 val_metric_name=acc val_metric=0.7508
Step 2550 | loss 0.0139 | val_acc=0.7525 val_loss=1.5462 val_f1_macro=0.6987 val_f1_weighted=0.7498 val_prec_macro=0.6984 val_rec_macro=0.7013 val_metric_name=acc val_metric=0.7525
Step 2600 | loss 0.0115 | val_acc=0.7532 val_loss=1.5727 val_f1_macro=0.7024 val_f1_weighted=0.7503 val_prec_macro=0.6976 val_rec_macro=0.7100 val_metric_name=acc val_metric=0.7532
Step 2650 | loss 0.0107 | val_acc=0.7516 val_loss=1.5809 val_f1_macro=0.6996 val_f1_weighted=0.7482 val_prec_macro=0.6949 val_rec_macro=0.7070 val_metric_name=acc val_metric=0.7516
Step 2700 | loss 0.0099 | val_acc=0.7511 val_loss=1.5837 val_f1_macro=0.6974 val_f1_weighted=0.7477 val_prec_macro=0.6941 val_rec_macro=0.7037 val_metric_name=acc val_metric=0.7511
Step 2750 | loss 0.0095 | val_acc=0.7566 val_loss=1.5856 val_f1_macro=0.7053 val_f1_weighted=0.7534 val_prec_macro=0.7016 val_rec_macro=0.7114 val_metric_name=acc val_metric=0.7566
Step 2800 | loss 0.0096 | val_acc=0.7534 val_loss=1.5943 val_f1_macro=0.6993 val_f1_weighted=0.7495 val_prec_macro=0.6976 val_rec_macro=0.7037 val_metric_name=acc val_metric=0.7534
Step 2850 | loss 0.0100 | val_acc=0.7532 val_loss=1.5996 val_f1_macro=0.7007 val_f1_weighted=0.7493 val_prec_macro=0.6985 val_rec_macro=0.7057 val_metric_name=acc val_metric=0.7532
Step 2900 | loss 0.0105 | val_acc=0.7583 val_loss=1.5930 val_f1_macro=0.7076 val_f1_weighted=0.7557 val_prec_macro=0.7030 val_rec_macro=0.7139 val_metric_name=acc val_metric=0.7583
Step 2950 | loss 0.0087 | val_acc=0.7564 val_loss=1.6194 val_f1_macro=0.7042 val_f1_weighted=0.7534 val_prec_macro=0.7014 val_rec_macro=0.7093 val_metric_name=acc val_metric=0.7564
Step 3000 | loss 0.0080 | val_acc=0.7560 val_loss=1.6225 val_f1_macro=0.7049 val_f1_weighted=0.7530 val_prec_macro=0.6995 val_rec_macro=0.7124 val_metric_name=acc val_metric=0.7560
Step 3050 | loss 0.0079 | val_acc=0.7571 val_loss=1.6283 val_f1_macro=0.7039 val_f1_weighted=0.7537 val_prec_macro=0.7005 val_rec_macro=0.7103 val_metric_name=acc val_metric=0.7571
Step 3100 | loss 0.0089 | val_acc=0.7541 val_loss=1.6227 val_f1_macro=0.7008 val_f1_weighted=0.7515 val_prec_macro=0.6971 val_rec_macro=0.7070 val_metric_name=acc val_metric=0.7541
Step 3150 | loss 0.0076 | val_acc=0.7555 val_loss=1.6443 val_f1_macro=0.7045 val_f1_weighted=0.7524 val_prec_macro=0.7050 val_rec_macro=0.7071 val_metric_name=acc val_metric=0.7555
Step 3200 | loss 0.0090 | val_acc=0.7557 val_loss=1.6519 val_f1_macro=0.7046 val_f1_weighted=0.7523 val_prec_macro=0.6987 val_rec_macro=0.7137 val_metric_name=acc val_metric=0.7557
Step 3250 | loss 0.0071 | val_acc=0.7568 val_loss=1.6443 val_f1_macro=0.7044 val_f1_weighted=0.7536 val_prec_macro=0.7022 val_rec_macro=0.7086 val_metric_name=acc val_metric=0.7568
Step 3300 | loss 0.0077 | val_acc=0.7552 val_loss=1.6446 val_f1_macro=0.7068 val_f1_weighted=0.7531 val_prec_macro=0.7045 val_rec_macro=0.7107 val_metric_name=acc val_metric=0.7552
Step 3350 | loss 0.0072 | val_acc=0.7582 val_loss=1.6532 val_f1_macro=0.7053 val_f1_weighted=0.7556 val_prec_macro=0.7017 val_rec_macro=0.7115 val_metric_name=acc val_metric=0.7582
Step 3400 | loss 0.0064 | val_acc=0.7566 val_loss=1.6701 val_f1_macro=0.7045 val_f1_weighted=0.7539 val_prec_macro=0.7021 val_rec_macro=0.7092 val_metric_name=acc val_metric=0.7566
Step 3450 | loss 0.0076 | val_acc=0.7585 val_loss=1.6583 val_f1_macro=0.7054 val_f1_weighted=0.7559 val_prec_macro=0.7034 val_rec_macro=0.7100 val_metric_name=acc val_metric=0.7585
Step 3500 | loss 0.0061 | val_acc=0.7557 val_loss=1.6598 val_f1_macro=0.7011 val_f1_weighted=0.7529 val_prec_macro=0.7020 val_rec_macro=0.7029 val_metric_name=acc val_metric=0.7557
Step 3550 | loss 0.0059 | val_acc=0.7562 val_loss=1.6851 val_f1_macro=0.7043 val_f1_weighted=0.7537 val_prec_macro=0.7003 val_rec_macro=0.7102 val_metric_name=acc val_metric=0.7562
Step 3600 | loss 0.0061 | val_acc=0.7548 val_loss=1.7043 val_f1_macro=0.7019 val_f1_weighted=0.7512 val_prec_macro=0.6992 val_rec_macro=0.7077 val_metric_name=acc val_metric=0.7548
Step 3650 | loss 0.0060 | val_acc=0.7564 val_loss=1.6926 val_f1_macro=0.7055 val_f1_weighted=0.7540 val_prec_macro=0.7032 val_rec_macro=0.7100 val_metric_name=acc val_metric=0.7564
Step 3700 | loss 0.0063 | val_acc=0.7578 val_loss=1.6865 val_f1_macro=0.7078 val_f1_weighted=0.7553 val_prec_macro=0.7064 val_rec_macro=0.7115 val_metric_name=acc val_metric=0.7578
Step 3750 | loss 0.0061 | val_acc=0.7594 val_loss=1.6824 val_f1_macro=0.7090 val_f1_weighted=0.7564 val_prec_macro=0.7052 val_rec_macro=0.7150 val_metric_name=acc val_metric=0.7594
Step 3800 | loss 0.0045 | val_acc=0.7589 val_loss=1.6936 val_f1_macro=0.7074 val_f1_weighted=0.7559 val_prec_macro=0.7022 val_rec_macro=0.7154 val_metric_name=acc val_metric=0.7589
Step 3850 | loss 0.0054 | val_acc=0.7598 val_loss=1.7048 val_f1_macro=0.7085 val_f1_weighted=0.7566 val_prec_macro=0.7039 val_rec_macro=0.7155 val_metric_name=acc val_metric=0.7598
Step 3900 | loss 0.0052 | val_acc=0.7527 val_loss=1.7216 val_f1_macro=0.7007 val_f1_weighted=0.7500 val_prec_macro=0.6988 val_rec_macro=0.7048 val_metric_name=acc val_metric=0.7527
Step 3950 | loss 0.0055 | val_acc=0.7598 val_loss=1.7174 val_f1_macro=0.7101 val_f1_weighted=0.7566 val_prec_macro=0.7052 val_rec_macro=0.7176 val_metric_name=acc val_metric=0.7598
Step 4000 | loss 0.0043 | val_acc=0.7598 val_loss=1.7288 val_f1_macro=0.7101 val_f1_weighted=0.7570 val_prec_macro=0.7073 val_rec_macro=0.7157 val_metric_name=acc val_metric=0.7598
Step 4050 | loss 0.0060 | val_acc=0.7626 val_loss=1.7427 val_f1_macro=0.7103 val_f1_weighted=0.7590 val_prec_macro=0.7063 val_rec_macro=0.7170 val_metric_name=acc val_metric=0.7626
Step 4100 | loss 0.0039 | val_acc=0.7619 val_loss=1.7261 val_f1_macro=0.7101 val_f1_weighted=0.7586 val_prec_macro=0.7090 val_rec_macro=0.7137 val_metric_name=acc val_metric=0.7619
Step 4150 | loss 0.0036 | val_acc=0.7582 val_loss=1.7562 val_f1_macro=0.7065 val_f1_weighted=0.7548 val_prec_macro=0.7025 val_rec_macro=0.7133 val_metric_name=acc val_metric=0.7582
Step 4200 | loss 0.0041 | val_acc=0.7575 val_loss=1.7500 val_f1_macro=0.7067 val_f1_weighted=0.7549 val_prec_macro=0.7046 val_rec_macro=0.7109 val_metric_name=acc val_metric=0.7575
Step 4250 | loss 0.0041 | val_acc=0.7559 val_loss=1.7553 val_f1_macro=0.7068 val_f1_weighted=0.7532 val_prec_macro=0.7047 val_rec_macro=0.7116 val_metric_name=acc val_metric=0.7559
Step 4300 | loss 0.0037 | val_acc=0.7550 val_loss=1.7614 val_f1_macro=0.7028 val_f1_weighted=0.7522 val_prec_macro=0.7008 val_rec_macro=0.7078 val_metric_name=acc val_metric=0.7550
Step 4350 | loss 0.0042 | val_acc=0.7605 val_loss=1.7654 val_f1_macro=0.7095 val_f1_weighted=0.7571 val_prec_macro=0.7083 val_rec_macro=0.7133 val_metric_name=acc val_metric=0.7605
Step 4400 | loss 0.0037 | val_acc=0.7608 val_loss=1.7432 val_f1_macro=0.7097 val_f1_weighted=0.7573 val_prec_macro=0.7031 val_rec_macro=0.7191 val_metric_name=acc val_metric=0.7608
Step 4450 | loss 0.0040 | val_acc=0.7557 val_loss=1.7760 val_f1_macro=0.7029 val_f1_weighted=0.7530 val_prec_macro=0.7042 val_rec_macro=0.7045 val_metric_name=acc val_metric=0.7557
Step 4500 | loss 0.0040 | val_acc=0.7580 val_loss=1.7638 val_f1_macro=0.7074 val_f1_weighted=0.7547 val_prec_macro=0.7043 val_rec_macro=0.7122 val_metric_name=acc val_metric=0.7580
Step 4550 | loss 0.0031 | val_acc=0.7612 val_loss=1.7651 val_f1_macro=0.7085 val_f1_weighted=0.7575 val_prec_macro=0.7072 val_rec_macro=0.7128 val_metric_name=acc val_metric=0.7612
Step 4600 | loss 0.0038 | val_acc=0.7582 val_loss=1.8143 val_f1_macro=0.7075 val_f1_weighted=0.7543 val_prec_macro=0.7024 val_rec_macro=0.7153 val_metric_name=acc val_metric=0.7582
Step 4650 | loss 0.0025 | val_acc=0.7576 val_loss=1.7932 val_f1_macro=0.7066 val_f1_weighted=0.7549 val_prec_macro=0.7034 val_rec_macro=0.7126 val_metric_name=acc val_metric=0.7576
Step 4700 | loss 0.0034 | val_acc=0.7589 val_loss=1.7903 val_f1_macro=0.7045 val_f1_weighted=0.7550 val_prec_macro=0.7020 val_rec_macro=0.7102 val_metric_name=acc val_metric=0.7589
Step 4750 | loss 0.0034 | val_acc=0.7603 val_loss=1.7763 val_f1_macro=0.7081 val_f1_weighted=0.7575 val_prec_macro=0.7052 val_rec_macro=0.7126 val_metric_name=acc val_metric=0.7603
Step 4800 | loss 0.0029 | val_acc=0.7575 val_loss=1.8046 val_f1_macro=0.7065 val_f1_weighted=0.7543 val_prec_macro=0.7043 val_rec_macro=0.7109 val_metric_name=acc val_metric=0.7575
Step 4850 | loss 0.0032 | val_acc=0.7605 val_loss=1.7939 val_f1_macro=0.7081 val_f1_weighted=0.7567 val_prec_macro=0.7100 val_rec_macro=0.7090 val_metric_name=acc val_metric=0.7605
Early stopping at step 4890

--- Final (best ckpt @ step 4590) ---
  train_acc=1.0000 train_loss=0.0000 train_f1_macro=1.0000 train_f1_weighted=1.0000 train_prec_macro=1.0000 train_rec_macro=1.0000 train_metric_name=acc train_metric=1.0000
  val_acc=0.7628 val_loss=1.7762 val_f1_macro=0.7111 val_f1_weighted=0.7586 val_prec_macro=0.7112 val_rec_macro=0.7139 val_metric_name=acc val_metric=0.7628
  test_acc=0.7713 test_loss=1.6489 test_f1_macro=0.7173 test_f1_weighted=0.7683 test_prec_macro=0.7163 test_rec_macro=0.7214 test_metric_name=acc test_metric=0.7713
  test_acc=0.7713

============================================================
Training roman-empire GCN 5L h=384 lr=0.0001 split=6
============================================================
Training for 5000 steps
Step    1 | loss 3.0660 | val_acc=0.1402 val_loss=2.6520 val_f1_macro=0.0154 val_f1_weighted=0.0376 val_prec_macro=0.0533 val_rec_macro=0.0560 val_metric_name=acc val_metric=0.1402
Step   50 | loss 1.6140 | val_acc=0.5169 val_loss=1.5019 val_f1_macro=0.3706 val_f1_weighted=0.4849 val_prec_macro=0.3790 val_rec_macro=0.3915 val_metric_name=acc val_metric=0.5169
Step  100 | loss 1.1023 | val_acc=0.6376 val_loss=1.1124 val_f1_macro=0.5374 val_f1_weighted=0.6241 val_prec_macro=0.5463 val_rec_macro=0.5447 val_metric_name=acc val_metric=0.6376
Step  150 | loss 0.8264 | val_acc=0.6817 val_loss=0.9641 val_f1_macro=0.5952 val_f1_weighted=0.6751 val_prec_macro=0.5957 val_rec_macro=0.6034 val_metric_name=acc val_metric=0.6817
Step  200 | loss 0.6341 | val_acc=0.7132 val_loss=0.8884 val_f1_macro=0.6396 val_f1_weighted=0.7093 val_prec_macro=0.6377 val_rec_macro=0.6480 val_metric_name=acc val_metric=0.7132
Step  250 | loss 0.4869 | val_acc=0.7303 val_loss=0.8706 val_f1_macro=0.6656 val_f1_weighted=0.7275 val_prec_macro=0.6653 val_rec_macro=0.6693 val_metric_name=acc val_metric=0.7303
Step  300 | loss 0.3744 | val_acc=0.7340 val_loss=0.9017 val_f1_macro=0.6690 val_f1_weighted=0.7309 val_prec_macro=0.6662 val_rec_macro=0.6755 val_metric_name=acc val_metric=0.7340
Step  350 | loss 0.2923 | val_acc=0.7301 val_loss=0.9617 val_f1_macro=0.6660 val_f1_weighted=0.7276 val_prec_macro=0.6620 val_rec_macro=0.6765 val_metric_name=acc val_metric=0.7301
Step  400 | loss 0.2304 | val_acc=0.7343 val_loss=1.0091 val_f1_macro=0.6713 val_f1_weighted=0.7318 val_prec_macro=0.6656 val_rec_macro=0.6799 val_metric_name=acc val_metric=0.7343
Step  450 | loss 0.1825 | val_acc=0.7359 val_loss=1.0528 val_f1_macro=0.6763 val_f1_weighted=0.7343 val_prec_macro=0.6733 val_rec_macro=0.6822 val_metric_name=acc val_metric=0.7359
Step  500 | loss 0.1462 | val_acc=0.7377 val_loss=1.0955 val_f1_macro=0.6799 val_f1_weighted=0.7357 val_prec_macro=0.6771 val_rec_macro=0.6864 val_metric_name=acc val_metric=0.7377
Step  550 | loss 0.1194 | val_acc=0.7379 val_loss=1.1271 val_f1_macro=0.6799 val_f1_weighted=0.7363 val_prec_macro=0.6764 val_rec_macro=0.6864 val_metric_name=acc val_metric=0.7379
Step  600 | loss 0.1042 | val_acc=0.7359 val_loss=1.1727 val_f1_macro=0.6772 val_f1_weighted=0.7346 val_prec_macro=0.6741 val_rec_macro=0.6831 val_metric_name=acc val_metric=0.7359
Step  650 | loss 0.0844 | val_acc=0.7391 val_loss=1.1943 val_f1_macro=0.6821 val_f1_weighted=0.7366 val_prec_macro=0.6777 val_rec_macro=0.6893 val_metric_name=acc val_metric=0.7391
Step  700 | loss 0.0741 | val_acc=0.7402 val_loss=1.2224 val_f1_macro=0.6812 val_f1_weighted=0.7376 val_prec_macro=0.6761 val_rec_macro=0.6890 val_metric_name=acc val_metric=0.7402
Step  750 | loss 0.0661 | val_acc=0.7416 val_loss=1.2434 val_f1_macro=0.6837 val_f1_weighted=0.7390 val_prec_macro=0.6790 val_rec_macro=0.6913 val_metric_name=acc val_metric=0.7416
Step  800 | loss 0.0571 | val_acc=0.7419 val_loss=1.2668 val_f1_macro=0.6877 val_f1_weighted=0.7399 val_prec_macro=0.6812 val_rec_macro=0.6968 val_metric_name=acc val_metric=0.7419
Step  850 | loss 0.0462 | val_acc=0.7417 val_loss=1.3008 val_f1_macro=0.6842 val_f1_weighted=0.7393 val_prec_macro=0.6754 val_rec_macro=0.6958 val_metric_name=acc val_metric=0.7417
Step  900 | loss 0.0438 | val_acc=0.7446 val_loss=1.3140 val_f1_macro=0.6913 val_f1_weighted=0.7423 val_prec_macro=0.6852 val_rec_macro=0.6993 val_metric_name=acc val_metric=0.7446
Step  950 | loss 0.0361 | val_acc=0.7453 val_loss=1.3326 val_f1_macro=0.6889 val_f1_weighted=0.7428 val_prec_macro=0.6840 val_rec_macro=0.6964 val_metric_name=acc val_metric=0.7453
Step 1000 | loss 0.0382 | val_acc=0.7467 val_loss=1.3486 val_f1_macro=0.6954 val_f1_weighted=0.7445 val_prec_macro=0.6929 val_rec_macro=0.7005 val_metric_name=acc val_metric=0.7467
Step 1050 | loss 0.0324 | val_acc=0.7453 val_loss=1.3771 val_f1_macro=0.6889 val_f1_weighted=0.7425 val_prec_macro=0.6860 val_rec_macro=0.6946 val_metric_name=acc val_metric=0.7453
Step 1100 | loss 0.0306 | val_acc=0.7522 val_loss=1.3908 val_f1_macro=0.6952 val_f1_weighted=0.7485 val_prec_macro=0.6905 val_rec_macro=0.7027 val_metric_name=acc val_metric=0.7522
Step 1150 | loss 0.0276 | val_acc=0.7481 val_loss=1.4029 val_f1_macro=0.6952 val_f1_weighted=0.7459 val_prec_macro=0.6912 val_rec_macro=0.7009 val_metric_name=acc val_metric=0.7481
Step 1200 | loss 0.0239 | val_acc=0.7490 val_loss=1.4152 val_f1_macro=0.6957 val_f1_weighted=0.7460 val_prec_macro=0.6914 val_rec_macro=0.7020 val_metric_name=acc val_metric=0.7490
Step 1250 | loss 0.0230 | val_acc=0.7474 val_loss=1.4327 val_f1_macro=0.6924 val_f1_weighted=0.7438 val_prec_macro=0.6912 val_rec_macro=0.6960 val_metric_name=acc val_metric=0.7474
Step 1300 | loss 0.0211 | val_acc=0.7483 val_loss=1.4422 val_f1_macro=0.6962 val_f1_weighted=0.7464 val_prec_macro=0.6924 val_rec_macro=0.7022 val_metric_name=acc val_metric=0.7483
Step 1350 | loss 0.0186 | val_acc=0.7500 val_loss=1.4496 val_f1_macro=0.6949 val_f1_weighted=0.7471 val_prec_macro=0.6900 val_rec_macro=0.7023 val_metric_name=acc val_metric=0.7500
Step 1400 | loss 0.0188 | val_acc=0.7520 val_loss=1.4618 val_f1_macro=0.6982 val_f1_weighted=0.7487 val_prec_macro=0.6943 val_rec_macro=0.7047 val_metric_name=acc val_metric=0.7520
Step 1450 | loss 0.0197 | val_acc=0.7545 val_loss=1.4808 val_f1_macro=0.7028 val_f1_weighted=0.7505 val_prec_macro=0.6977 val_rec_macro=0.7103 val_metric_name=acc val_metric=0.7545
Step 1500 | loss 0.0167 | val_acc=0.7499 val_loss=1.5010 val_f1_macro=0.6999 val_f1_weighted=0.7481 val_prec_macro=0.6952 val_rec_macro=0.7060 val_metric_name=acc val_metric=0.7499
Step 1550 | loss 0.0163 | val_acc=0.7511 val_loss=1.5064 val_f1_macro=0.6993 val_f1_weighted=0.7490 val_prec_macro=0.6964 val_rec_macro=0.7040 val_metric_name=acc val_metric=0.7511
Step 1600 | loss 0.0132 | val_acc=0.7532 val_loss=1.5185 val_f1_macro=0.7015 val_f1_weighted=0.7501 val_prec_macro=0.6979 val_rec_macro=0.7080 val_metric_name=acc val_metric=0.7532
Step 1650 | loss 0.0123 | val_acc=0.7560 val_loss=1.5222 val_f1_macro=0.7025 val_f1_weighted=0.7514 val_prec_macro=0.6987 val_rec_macro=0.7100 val_metric_name=acc val_metric=0.7560
Step 1700 | loss 0.0121 | val_acc=0.7534 val_loss=1.5303 val_f1_macro=0.7015 val_f1_weighted=0.7503 val_prec_macro=0.6956 val_rec_macro=0.7099 val_metric_name=acc val_metric=0.7534
Step 1750 | loss 0.0112 | val_acc=0.7515 val_loss=1.5492 val_f1_macro=0.6992 val_f1_weighted=0.7487 val_prec_macro=0.6963 val_rec_macro=0.7049 val_metric_name=acc val_metric=0.7515
Step 1800 | loss 0.0127 | val_acc=0.7582 val_loss=1.5396 val_f1_macro=0.7053 val_f1_weighted=0.7552 val_prec_macro=0.7011 val_rec_macro=0.7118 val_metric_name=acc val_metric=0.7582
Step 1850 | loss 0.0095 | val_acc=0.7522 val_loss=1.5612 val_f1_macro=0.7000 val_f1_weighted=0.7494 val_prec_macro=0.6976 val_rec_macro=0.7043 val_metric_name=acc val_metric=0.7522
Step 1900 | loss 0.0112 | val_acc=0.7559 val_loss=1.5606 val_f1_macro=0.7043 val_f1_weighted=0.7533 val_prec_macro=0.6984 val_rec_macro=0.7127 val_metric_name=acc val_metric=0.7559
Step 1950 | loss 0.0084 | val_acc=0.7566 val_loss=1.5746 val_f1_macro=0.7032 val_f1_weighted=0.7527 val_prec_macro=0.6996 val_rec_macro=0.7092 val_metric_name=acc val_metric=0.7566
Step 2000 | loss 0.0087 | val_acc=0.7569 val_loss=1.5885 val_f1_macro=0.7035 val_f1_weighted=0.7531 val_prec_macro=0.6976 val_rec_macro=0.7126 val_metric_name=acc val_metric=0.7569
Step 2050 | loss 0.0077 | val_acc=0.7568 val_loss=1.6069 val_f1_macro=0.7037 val_f1_weighted=0.7535 val_prec_macro=0.6999 val_rec_macro=0.7105 val_metric_name=acc val_metric=0.7568
Step 2100 | loss 0.0076 | val_acc=0.7562 val_loss=1.5966 val_f1_macro=0.7057 val_f1_weighted=0.7532 val_prec_macro=0.7024 val_rec_macro=0.7114 val_metric_name=acc val_metric=0.7562
Step 2150 | loss 0.0094 | val_acc=0.7576 val_loss=1.6077 val_f1_macro=0.7034 val_f1_weighted=0.7537 val_prec_macro=0.7013 val_rec_macro=0.7079 val_metric_name=acc val_metric=0.7576
Step 2200 | loss 0.0075 | val_acc=0.7562 val_loss=1.6175 val_f1_macro=0.7037 val_f1_weighted=0.7529 val_prec_macro=0.6970 val_rec_macro=0.7131 val_metric_name=acc val_metric=0.7562
Step 2250 | loss 0.0074 | val_acc=0.7559 val_loss=1.6360 val_f1_macro=0.7033 val_f1_weighted=0.7524 val_prec_macro=0.7015 val_rec_macro=0.7079 val_metric_name=acc val_metric=0.7559
Step 2300 | loss 0.0071 | val_acc=0.7564 val_loss=1.6307 val_f1_macro=0.7047 val_f1_weighted=0.7534 val_prec_macro=0.7015 val_rec_macro=0.7103 val_metric_name=acc val_metric=0.7564
Step 2350 | loss 0.0073 | val_acc=0.7582 val_loss=1.6345 val_f1_macro=0.7055 val_f1_weighted=0.7551 val_prec_macro=0.7025 val_rec_macro=0.7111 val_metric_name=acc val_metric=0.7582
Step 2400 | loss 0.0052 | val_acc=0.7555 val_loss=1.6493 val_f1_macro=0.7008 val_f1_weighted=0.7519 val_prec_macro=0.6973 val_rec_macro=0.7077 val_metric_name=acc val_metric=0.7555
Step 2450 | loss 0.0054 | val_acc=0.7566 val_loss=1.6196 val_f1_macro=0.7038 val_f1_weighted=0.7537 val_prec_macro=0.6989 val_rec_macro=0.7109 val_metric_name=acc val_metric=0.7566
Step 2500 | loss 0.0051 | val_acc=0.7585 val_loss=1.6546 val_f1_macro=0.7071 val_f1_weighted=0.7550 val_prec_macro=0.7041 val_rec_macro=0.7126 val_metric_name=acc val_metric=0.7585
Step 2550 | loss 0.0062 | val_acc=0.7553 val_loss=1.6623 val_f1_macro=0.7045 val_f1_weighted=0.7526 val_prec_macro=0.7022 val_rec_macro=0.7089 val_metric_name=acc val_metric=0.7553
Step 2600 | loss 0.0055 | val_acc=0.7592 val_loss=1.6768 val_f1_macro=0.7064 val_f1_weighted=0.7554 val_prec_macro=0.7029 val_rec_macro=0.7132 val_metric_name=acc val_metric=0.7592
Step 2650 | loss 0.0041 | val_acc=0.7569 val_loss=1.6827 val_f1_macro=0.7025 val_f1_weighted=0.7531 val_prec_macro=0.6989 val_rec_macro=0.7091 val_metric_name=acc val_metric=0.7569
Step 2700 | loss 0.0042 | val_acc=0.7582 val_loss=1.6869 val_f1_macro=0.7038 val_f1_weighted=0.7539 val_prec_macro=0.7023 val_rec_macro=0.7089 val_metric_name=acc val_metric=0.7582
Step 2750 | loss 0.0041 | val_acc=0.7583 val_loss=1.6877 val_f1_macro=0.7065 val_f1_weighted=0.7551 val_prec_macro=0.7036 val_rec_macro=0.7121 val_metric_name=acc val_metric=0.7583
Step 2800 | loss 0.0040 | val_acc=0.7569 val_loss=1.6956 val_f1_macro=0.7031 val_f1_weighted=0.7521 val_prec_macro=0.7013 val_rec_macro=0.7079 val_metric_name=acc val_metric=0.7569
Step 2850 | loss 0.0044 | val_acc=0.7564 val_loss=1.7096 val_f1_macro=0.7035 val_f1_weighted=0.7520 val_prec_macro=0.7018 val_rec_macro=0.7083 val_metric_name=acc val_metric=0.7564
Step 2900 | loss 0.0049 | val_acc=0.7585 val_loss=1.7090 val_f1_macro=0.7088 val_f1_weighted=0.7553 val_prec_macro=0.7037 val_rec_macro=0.7161 val_metric_name=acc val_metric=0.7585
Step 2950 | loss 0.0042 | val_acc=0.7585 val_loss=1.7472 val_f1_macro=0.7044 val_f1_weighted=0.7544 val_prec_macro=0.7032 val_rec_macro=0.7085 val_metric_name=acc val_metric=0.7585
Step 3000 | loss 0.0038 | val_acc=0.7608 val_loss=1.7182 val_f1_macro=0.7067 val_f1_weighted=0.7566 val_prec_macro=0.7018 val_rec_macro=0.7151 val_metric_name=acc val_metric=0.7608
Step 3050 | loss 0.0038 | val_acc=0.7599 val_loss=1.7379 val_f1_macro=0.7095 val_f1_weighted=0.7568 val_prec_macro=0.7052 val_rec_macro=0.7159 val_metric_name=acc val_metric=0.7599
Step 3100 | loss 0.0044 | val_acc=0.7592 val_loss=1.7116 val_f1_macro=0.7033 val_f1_weighted=0.7558 val_prec_macro=0.6976 val_rec_macro=0.7125 val_metric_name=acc val_metric=0.7592
Step 3150 | loss 0.0044 | val_acc=0.7594 val_loss=1.7308 val_f1_macro=0.7086 val_f1_weighted=0.7555 val_prec_macro=0.7108 val_rec_macro=0.7096 val_metric_name=acc val_metric=0.7594
Step 3200 | loss 0.0032 | val_acc=0.7619 val_loss=1.7577 val_f1_macro=0.7133 val_f1_weighted=0.7584 val_prec_macro=0.7068 val_rec_macro=0.7227 val_metric_name=acc val_metric=0.7619
Step 3250 | loss 0.0037 | val_acc=0.7589 val_loss=1.7504 val_f1_macro=0.7043 val_f1_weighted=0.7550 val_prec_macro=0.7013 val_rec_macro=0.7096 val_metric_name=acc val_metric=0.7589
Step 3300 | loss 0.0037 | val_acc=0.7594 val_loss=1.7666 val_f1_macro=0.7103 val_f1_weighted=0.7567 val_prec_macro=0.7060 val_rec_macro=0.7163 val_metric_name=acc val_metric=0.7594
Step 3350 | loss 0.0037 | val_acc=0.7617 val_loss=1.7616 val_f1_macro=0.7104 val_f1_weighted=0.7582 val_prec_macro=0.7081 val_rec_macro=0.7147 val_metric_name=acc val_metric=0.7617
Step 3400 | loss 0.0032 | val_acc=0.7594 val_loss=1.7789 val_f1_macro=0.7089 val_f1_weighted=0.7560 val_prec_macro=0.7054 val_rec_macro=0.7150 val_metric_name=acc val_metric=0.7594
Step 3450 | loss 0.0039 | val_acc=0.7580 val_loss=1.7827 val_f1_macro=0.7060 val_f1_weighted=0.7539 val_prec_macro=0.7052 val_rec_macro=0.7105 val_metric_name=acc val_metric=0.7580
Step 3500 | loss 0.0028 | val_acc=0.7601 val_loss=1.7757 val_f1_macro=0.7093 val_f1_weighted=0.7570 val_prec_macro=0.7086 val_rec_macro=0.7121 val_metric_name=acc val_metric=0.7601
Early stopping at step 3518

--- Final (best ckpt @ step 3030) ---
  train_acc=1.0000 train_loss=0.0000 train_f1_macro=1.0000 train_f1_weighted=1.0000 train_prec_macro=1.0000 train_rec_macro=1.0000 train_metric_name=acc train_metric=1.0000
  val_acc=0.7647 val_loss=1.7194 val_f1_macro=0.7141 val_f1_weighted=0.7605 val_prec_macro=0.7137 val_rec_macro=0.7168 val_metric_name=acc val_metric=0.7647
  test_acc=0.7737 test_loss=1.5954 test_f1_macro=0.7223 test_f1_weighted=0.7706 test_prec_macro=0.7221 test_rec_macro=0.7252 test_metric_name=acc test_metric=0.7737
  test_acc=0.7737

============================================================
Training roman-empire GCN 5L h=384 lr=1e-05 split=6
============================================================
Training for 5000 steps
Step    1 | loss 3.0660 | val_acc=0.0432 val_loss=2.9842 val_f1_macro=0.0278 val_f1_weighted=0.0309 val_prec_macro=0.0326 val_rec_macro=0.0675 val_metric_name=acc val_metric=0.0432
Step   50 | loss 2.5062 | val_acc=0.2323 val_loss=2.4147 val_f1_macro=0.0789 val_f1_weighted=0.1713 val_prec_macro=0.1493 val_rec_macro=0.1045 val_metric_name=acc val_metric=0.2323
Step  100 | loss 2.2581 | val_acc=0.3260 val_loss=2.1334 val_f1_macro=0.1561 val_f1_weighted=0.2791 val_prec_macro=0.2031 val_rec_macro=0.1760 val_metric_name=acc val_metric=0.3260
Step  150 | loss 2.0532 | val_acc=0.3755 val_loss=1.9266 val_f1_macro=0.2160 val_f1_weighted=0.3324 val_prec_macro=0.2307 val_rec_macro=0.2346 val_metric_name=acc val_metric=0.3755
Step  200 | loss 1.9118 | val_acc=0.4233 val_loss=1.7883 val_f1_macro=0.2820 val_f1_weighted=0.3868 val_prec_macro=0.3171 val_rec_macro=0.2973 val_metric_name=acc val_metric=0.4233
Step  250 | loss 1.7813 | val_acc=0.4678 val_loss=1.6629 val_f1_macro=0.3293 val_f1_weighted=0.4350 val_prec_macro=0.3465 val_rec_macro=0.3485 val_metric_name=acc val_metric=0.4678
Step  300 | loss 1.6627 | val_acc=0.5011 val_loss=1.5454 val_f1_macro=0.3625 val_f1_weighted=0.4693 val_prec_macro=0.4007 val_rec_macro=0.3863 val_metric_name=acc val_metric=0.5011
Step  350 | loss 1.5523 | val_acc=0.5274 val_loss=1.4488 val_f1_macro=0.3870 val_f1_weighted=0.4968 val_prec_macro=0.4181 val_rec_macro=0.4127 val_metric_name=acc val_metric=0.5274
Step  400 | loss 1.4603 | val_acc=0.5499 val_loss=1.3780 val_f1_macro=0.4130 val_f1_weighted=0.5223 val_prec_macro=0.4413 val_rec_macro=0.4371 val_metric_name=acc val_metric=0.5499
Step  450 | loss 1.3874 | val_acc=0.5733 val_loss=1.3197 val_f1_macro=0.4484 val_f1_weighted=0.5501 val_prec_macro=0.4737 val_rec_macro=0.4681 val_metric_name=acc val_metric=0.5733
Step  500 | loss 1.3214 | val_acc=0.5806 val_loss=1.2759 val_f1_macro=0.4622 val_f1_weighted=0.5604 val_prec_macro=0.4809 val_rec_macro=0.4816 val_metric_name=acc val_metric=0.5806
Step  550 | loss 1.2631 | val_acc=0.5944 val_loss=1.2358 val_f1_macro=0.4797 val_f1_weighted=0.5764 val_prec_macro=0.4931 val_rec_macro=0.4959 val_metric_name=acc val_metric=0.5944
Step  600 | loss 1.2063 | val_acc=0.6074 val_loss=1.2008 val_f1_macro=0.5000 val_f1_weighted=0.5924 val_prec_macro=0.5108 val_rec_macro=0.5128 val_metric_name=acc val_metric=0.6074
Step  650 | loss 1.1544 | val_acc=0.6159 val_loss=1.1701 val_f1_macro=0.5124 val_f1_weighted=0.6033 val_prec_macro=0.5192 val_rec_macro=0.5235 val_metric_name=acc val_metric=0.6159
Step  700 | loss 1.1125 | val_acc=0.6270 val_loss=1.1428 val_f1_macro=0.5252 val_f1_weighted=0.6158 val_prec_macro=0.5312 val_rec_macro=0.5371 val_metric_name=acc val_metric=0.6270
Step  750 | loss 1.0782 | val_acc=0.6367 val_loss=1.1153 val_f1_macro=0.5346 val_f1_weighted=0.6259 val_prec_macro=0.5415 val_rec_macro=0.5443 val_metric_name=acc val_metric=0.6367
Step  800 | loss 1.0330 | val_acc=0.6432 val_loss=1.0924 val_f1_macro=0.5422 val_f1_weighted=0.6337 val_prec_macro=0.5455 val_rec_macro=0.5537 val_metric_name=acc val_metric=0.6432
Step  850 | loss 0.9909 | val_acc=0.6510 val_loss=1.0706 val_f1_macro=0.5513 val_f1_weighted=0.6420 val_prec_macro=0.5557 val_rec_macro=0.5610 val_metric_name=acc val_metric=0.6510
Step  900 | loss 0.9660 | val_acc=0.6549 val_loss=1.0501 val_f1_macro=0.5564 val_f1_weighted=0.6471 val_prec_macro=0.5595 val_rec_macro=0.5660 val_metric_name=acc val_metric=0.6549
Step  950 | loss 0.9249 | val_acc=0.6620 val_loss=1.0291 val_f1_macro=0.5653 val_f1_weighted=0.6535 val_prec_macro=0.5705 val_rec_macro=0.5741 val_metric_name=acc val_metric=0.6620
Step 1000 | loss 0.8953 | val_acc=0.6681 val_loss=1.0121 val_f1_macro=0.5740 val_f1_weighted=0.6608 val_prec_macro=0.5769 val_rec_macro=0.5829 val_metric_name=acc val_metric=0.6681
Step 1050 | loss 0.8569 | val_acc=0.6726 val_loss=1.0009 val_f1_macro=0.5805 val_f1_weighted=0.6656 val_prec_macro=0.5842 val_rec_macro=0.5885 val_metric_name=acc val_metric=0.6726
Step 1100 | loss 0.8382 | val_acc=0.6778 val_loss=0.9853 val_f1_macro=0.5873 val_f1_weighted=0.6714 val_prec_macro=0.5888 val_rec_macro=0.5962 val_metric_name=acc val_metric=0.6778
Step 1150 | loss 0.8046 | val_acc=0.6831 val_loss=0.9732 val_f1_macro=0.5967 val_f1_weighted=0.6782 val_prec_macro=0.5970 val_rec_macro=0.6049 val_metric_name=acc val_metric=0.6831
Step 1200 | loss 0.7788 | val_acc=0.6861 val_loss=0.9575 val_f1_macro=0.5997 val_f1_weighted=0.6805 val_prec_macro=0.6021 val_rec_macro=0.6058 val_metric_name=acc val_metric=0.6861
Step 1250 | loss 0.7566 | val_acc=0.6897 val_loss=0.9510 val_f1_macro=0.6046 val_f1_weighted=0.6848 val_prec_macro=0.6063 val_rec_macro=0.6111 val_metric_name=acc val_metric=0.6897
Step 1300 | loss 0.7275 | val_acc=0.6955 val_loss=0.9405 val_f1_macro=0.6111 val_f1_weighted=0.6900 val_prec_macro=0.6114 val_rec_macro=0.6192 val_metric_name=acc val_metric=0.6955
Step 1350 | loss 0.6951 | val_acc=0.6969 val_loss=0.9351 val_f1_macro=0.6138 val_f1_weighted=0.6921 val_prec_macro=0.6130 val_rec_macro=0.6224 val_metric_name=acc val_metric=0.6969
Step 1400 | loss 0.6761 | val_acc=0.7008 val_loss=0.9260 val_f1_macro=0.6212 val_f1_weighted=0.6966 val_prec_macro=0.6207 val_rec_macro=0.6296 val_metric_name=acc val_metric=0.7008
Step 1450 | loss 0.6642 | val_acc=0.7015 val_loss=0.9210 val_f1_macro=0.6239 val_f1_weighted=0.6972 val_prec_macro=0.6233 val_rec_macro=0.6319 val_metric_name=acc val_metric=0.7015
Step 1500 | loss 0.6275 | val_acc=0.7050 val_loss=0.9149 val_f1_macro=0.6299 val_f1_weighted=0.7015 val_prec_macro=0.6296 val_rec_macro=0.6367 val_metric_name=acc val_metric=0.7050
Step 1550 | loss 0.6219 | val_acc=0.7075 val_loss=0.9098 val_f1_macro=0.6318 val_f1_weighted=0.7039 val_prec_macro=0.6315 val_rec_macro=0.6385 val_metric_name=acc val_metric=0.7075
Step 1600 | loss 0.5920 | val_acc=0.7112 val_loss=0.9087 val_f1_macro=0.6371 val_f1_weighted=0.7074 val_prec_macro=0.6364 val_rec_macro=0.6444 val_metric_name=acc val_metric=0.7112
Step 1650 | loss 0.5704 | val_acc=0.7133 val_loss=0.9045 val_f1_macro=0.6398 val_f1_weighted=0.7098 val_prec_macro=0.6394 val_rec_macro=0.6456 val_metric_name=acc val_metric=0.7133
Step 1700 | loss 0.5509 | val_acc=0.7135 val_loss=0.9059 val_f1_macro=0.6416 val_f1_weighted=0.7109 val_prec_macro=0.6403 val_rec_macro=0.6477 val_metric_name=acc val_metric=0.7135
Step 1750 | loss 0.5373 | val_acc=0.7147 val_loss=0.9071 val_f1_macro=0.6455 val_f1_weighted=0.7120 val_prec_macro=0.6457 val_rec_macro=0.6507 val_metric_name=acc val_metric=0.7147
Step 1800 | loss 0.5202 | val_acc=0.7181 val_loss=0.9064 val_f1_macro=0.6493 val_f1_weighted=0.7158 val_prec_macro=0.6487 val_rec_macro=0.6547 val_metric_name=acc val_metric=0.7181
Step 1850 | loss 0.4923 | val_acc=0.7192 val_loss=0.9087 val_f1_macro=0.6509 val_f1_weighted=0.7169 val_prec_macro=0.6504 val_rec_macro=0.6565 val_metric_name=acc val_metric=0.7192
Step 1900 | loss 0.4833 | val_acc=0.7200 val_loss=0.9130 val_f1_macro=0.6521 val_f1_weighted=0.7178 val_prec_macro=0.6519 val_rec_macro=0.6574 val_metric_name=acc val_metric=0.7200
Step 1950 | loss 0.4660 | val_acc=0.7214 val_loss=0.9149 val_f1_macro=0.6563 val_f1_weighted=0.7199 val_prec_macro=0.6555 val_rec_macro=0.6617 val_metric_name=acc val_metric=0.7214
Step 2000 | loss 0.4480 | val_acc=0.7234 val_loss=0.9170 val_f1_macro=0.6573 val_f1_weighted=0.7216 val_prec_macro=0.6567 val_rec_macro=0.6626 val_metric_name=acc val_metric=0.7234
Step 2050 | loss 0.4289 | val_acc=0.7234 val_loss=0.9267 val_f1_macro=0.6578 val_f1_weighted=0.7216 val_prec_macro=0.6571 val_rec_macro=0.6632 val_metric_name=acc val_metric=0.7234
Step 2100 | loss 0.4261 | val_acc=0.7237 val_loss=0.9282 val_f1_macro=0.6597 val_f1_weighted=0.7221 val_prec_macro=0.6575 val_rec_macro=0.6659 val_metric_name=acc val_metric=0.7237
Step 2150 | loss 0.4110 | val_acc=0.7241 val_loss=0.9323 val_f1_macro=0.6563 val_f1_weighted=0.7214 val_prec_macro=0.6573 val_rec_macro=0.6596 val_metric_name=acc val_metric=0.7241
Step 2200 | loss 0.3975 | val_acc=0.7248 val_loss=0.9418 val_f1_macro=0.6590 val_f1_weighted=0.7232 val_prec_macro=0.6571 val_rec_macro=0.6645 val_metric_name=acc val_metric=0.7248
Step 2250 | loss 0.3779 | val_acc=0.7243 val_loss=0.9441 val_f1_macro=0.6567 val_f1_weighted=0.7228 val_prec_macro=0.6571 val_rec_macro=0.6605 val_metric_name=acc val_metric=0.7243
Step 2300 | loss 0.3705 | val_acc=0.7239 val_loss=0.9515 val_f1_macro=0.6562 val_f1_weighted=0.7221 val_prec_macro=0.6549 val_rec_macro=0.6613 val_metric_name=acc val_metric=0.7239
Step 2350 | loss 0.3499 | val_acc=0.7250 val_loss=0.9610 val_f1_macro=0.6589 val_f1_weighted=0.7240 val_prec_macro=0.6574 val_rec_macro=0.6639 val_metric_name=acc val_metric=0.7250
Step 2400 | loss 0.3425 | val_acc=0.7255 val_loss=0.9658 val_f1_macro=0.6595 val_f1_weighted=0.7245 val_prec_macro=0.6606 val_rec_macro=0.6618 val_metric_name=acc val_metric=0.7255
Step 2450 | loss 0.3318 | val_acc=0.7244 val_loss=0.9745 val_f1_macro=0.6585 val_f1_weighted=0.7233 val_prec_macro=0.6590 val_rec_macro=0.6615 val_metric_name=acc val_metric=0.7244
Step 2500 | loss 0.3182 | val_acc=0.7250 val_loss=0.9814 val_f1_macro=0.6602 val_f1_weighted=0.7242 val_prec_macro=0.6614 val_rec_macro=0.6617 val_metric_name=acc val_metric=0.7250
Step 2550 | loss 0.3099 | val_acc=0.7252 val_loss=0.9877 val_f1_macro=0.6582 val_f1_weighted=0.7243 val_prec_macro=0.6604 val_rec_macro=0.6590 val_metric_name=acc val_metric=0.7252
Step 2600 | loss 0.3012 | val_acc=0.7234 val_loss=0.9970 val_f1_macro=0.6575 val_f1_weighted=0.7227 val_prec_macro=0.6573 val_rec_macro=0.6609 val_metric_name=acc val_metric=0.7234
Step 2650 | loss 0.2925 | val_acc=0.7227 val_loss=1.0059 val_f1_macro=0.6556 val_f1_weighted=0.7215 val_prec_macro=0.6543 val_rec_macro=0.6599 val_metric_name=acc val_metric=0.7227
Step 2700 | loss 0.2725 | val_acc=0.7227 val_loss=1.0133 val_f1_macro=0.6552 val_f1_weighted=0.7217 val_prec_macro=0.6544 val_rec_macro=0.6595 val_metric_name=acc val_metric=0.7227
Step 2750 | loss 0.2667 | val_acc=0.7243 val_loss=1.0163 val_f1_macro=0.6581 val_f1_weighted=0.7241 val_prec_macro=0.6571 val_rec_macro=0.6618 val_metric_name=acc val_metric=0.7243
Early stopping at step 2790

--- Final (best ckpt @ step 2490) ---
  train_acc=0.9658 train_loss=0.1282 train_f1_macro=0.9577 train_f1_weighted=0.9658 train_prec_macro=0.9537 train_rec_macro=0.9622 train_metric_name=acc train_metric=0.9658
  val_acc=0.7273 val_loss=0.9804 val_f1_macro=0.6634 val_f1_weighted=0.7265 val_prec_macro=0.6633 val_rec_macro=0.6664 val_metric_name=acc val_metric=0.7273
  test_acc=0.7261 test_loss=0.9215 test_f1_macro=0.6705 test_f1_weighted=0.7273 test_prec_macro=0.6661 test_rec_macro=0.6789 test_metric_name=acc test_metric=0.7261
  test_acc=0.7261

============================================================
Training roman-empire GCN 5L h=512 lr=3e-05 split=6
============================================================
Training for 5000 steps
Step    1 | loss 2.9944 | val_acc=0.1686 val_loss=2.7216 val_f1_macro=0.0499 val_f1_weighted=0.1099 val_prec_macro=0.0464 val_rec_macro=0.0737 val_metric_name=acc val_metric=0.1686
Step   50 | loss 1.9222 | val_acc=0.4235 val_loss=1.7908 val_f1_macro=0.2677 val_f1_weighted=0.3834 val_prec_macro=0.2980 val_rec_macro=0.2852 val_metric_name=acc val_metric=0.4235
Step  100 | loss 1.4932 | val_acc=0.5564 val_loss=1.3847 val_f1_macro=0.4144 val_f1_weighted=0.5273 val_prec_macro=0.4319 val_rec_macro=0.4314 val_metric_name=acc val_metric=0.5564
Step  150 | loss 1.2301 | val_acc=0.6078 val_loss=1.2052 val_f1_macro=0.4992 val_f1_weighted=0.5908 val_prec_macro=0.5150 val_rec_macro=0.5076 val_metric_name=acc val_metric=0.6078
Step  200 | loss 1.0573 | val_acc=0.6427 val_loss=1.0995 val_f1_macro=0.5445 val_f1_weighted=0.6304 val_prec_macro=0.5532 val_rec_macro=0.5510 val_metric_name=acc val_metric=0.6427
Step  250 | loss 0.9110 | val_acc=0.6671 val_loss=1.0269 val_f1_macro=0.5769 val_f1_weighted=0.6596 val_prec_macro=0.5792 val_rec_macro=0.5833 val_metric_name=acc val_metric=0.6671
Step  300 | loss 0.7981 | val_acc=0.6842 val_loss=0.9759 val_f1_macro=0.6024 val_f1_weighted=0.6800 val_prec_macro=0.6053 val_rec_macro=0.6083 val_metric_name=acc val_metric=0.6842
Step  350 | loss 0.7012 | val_acc=0.6996 val_loss=0.9425 val_f1_macro=0.6217 val_f1_weighted=0.6945 val_prec_macro=0.6209 val_rec_macro=0.6304 val_metric_name=acc val_metric=0.6996
Step  400 | loss 0.6087 | val_acc=0.7089 val_loss=0.9265 val_f1_macro=0.6347 val_f1_weighted=0.7060 val_prec_macro=0.6339 val_rec_macro=0.6409 val_metric_name=acc val_metric=0.7089
Step  450 | loss 0.5382 | val_acc=0.7146 val_loss=0.9289 val_f1_macro=0.6448 val_f1_weighted=0.7128 val_prec_macro=0.6447 val_rec_macro=0.6498 val_metric_name=acc val_metric=0.7146
Step  500 | loss 0.4677 | val_acc=0.7197 val_loss=0.9380 val_f1_macro=0.6514 val_f1_weighted=0.7173 val_prec_macro=0.6461 val_rec_macro=0.6622 val_metric_name=acc val_metric=0.7197
Step  550 | loss 0.4209 | val_acc=0.7177 val_loss=0.9572 val_f1_macro=0.6571 val_f1_weighted=0.7150 val_prec_macro=0.6521 val_rec_macro=0.6678 val_metric_name=acc val_metric=0.7177
Step  600 | loss 0.3628 | val_acc=0.7176 val_loss=0.9800 val_f1_macro=0.6588 val_f1_weighted=0.7177 val_prec_macro=0.6577 val_rec_macro=0.6644 val_metric_name=acc val_metric=0.7176
Step  650 | loss 0.3198 | val_acc=0.7142 val_loss=1.0142 val_f1_macro=0.6527 val_f1_weighted=0.7129 val_prec_macro=0.6495 val_rec_macro=0.6617 val_metric_name=acc val_metric=0.7142
Step  700 | loss 0.2762 | val_acc=0.7177 val_loss=1.0403 val_f1_macro=0.6570 val_f1_weighted=0.7170 val_prec_macro=0.6539 val_rec_macro=0.6649 val_metric_name=acc val_metric=0.7177
Step  750 | loss 0.2502 | val_acc=0.7146 val_loss=1.0751 val_f1_macro=0.6536 val_f1_weighted=0.7134 val_prec_macro=0.6490 val_rec_macro=0.6622 val_metric_name=acc val_metric=0.7146
Step  800 | loss 0.2283 | val_acc=0.7153 val_loss=1.1040 val_f1_macro=0.6556 val_f1_weighted=0.7146 val_prec_macro=0.6500 val_rec_macro=0.6648 val_metric_name=acc val_metric=0.7153
Step  850 | loss 0.1975 | val_acc=0.7151 val_loss=1.1298 val_f1_macro=0.6551 val_f1_weighted=0.7148 val_prec_macro=0.6516 val_rec_macro=0.6619 val_metric_name=acc val_metric=0.7151
Step  900 | loss 0.1813 | val_acc=0.7154 val_loss=1.1579 val_f1_macro=0.6588 val_f1_weighted=0.7152 val_prec_macro=0.6529 val_rec_macro=0.6687 val_metric_name=acc val_metric=0.7154
Step  950 | loss 0.1572 | val_acc=0.7139 val_loss=1.1764 val_f1_macro=0.6561 val_f1_weighted=0.7134 val_prec_macro=0.6542 val_rec_macro=0.6615 val_metric_name=acc val_metric=0.7139
Early stopping at step 993

--- Final (best ckpt @ step 500) ---
  train_acc=0.9185 train_loss=0.2578 train_f1_macro=0.8984 train_f1_weighted=0.9185 train_prec_macro=0.8912 train_rec_macro=0.9082 train_metric_name=acc train_metric=0.9185
  val_acc=0.7197 val_loss=0.9380 val_f1_macro=0.6514 val_f1_weighted=0.7173 val_prec_macro=0.6461 val_rec_macro=0.6622 val_metric_name=acc val_metric=0.7197
  test_acc=0.7188 test_loss=0.8937 test_f1_macro=0.6610 test_f1_weighted=0.7184 test_prec_macro=0.6564 test_rec_macro=0.6727 test_metric_name=acc test_metric=0.7188
  test_acc=0.7188

============================================================
Training roman-empire GCN 5L h=512 lr=6e-05 split=6
============================================================
Training for 5000 steps
Step    1 | loss 2.9944 | val_acc=0.1640 val_loss=2.6219 val_f1_macro=0.0392 val_f1_weighted=0.0911 val_prec_macro=0.0387 val_rec_macro=0.0678 val_metric_name=acc val_metric=0.1640
Step   50 | loss 1.6034 | val_acc=0.5229 val_loss=1.4794 val_f1_macro=0.3778 val_f1_weighted=0.4894 val_prec_macro=0.3903 val_rec_macro=0.3946 val_metric_name=acc val_metric=0.5229
Step  100 | loss 1.1463 | val_acc=0.6265 val_loss=1.1403 val_f1_macro=0.5239 val_f1_weighted=0.6148 val_prec_macro=0.5322 val_rec_macro=0.5328 val_metric_name=acc val_metric=0.6265
Step  150 | loss 0.8771 | val_acc=0.6731 val_loss=1.0043 val_f1_macro=0.5874 val_f1_weighted=0.6664 val_prec_macro=0.5889 val_rec_macro=0.5949 val_metric_name=acc val_metric=0.6731
Step  200 | loss 0.6958 | val_acc=0.6997 val_loss=0.9347 val_f1_macro=0.6236 val_f1_weighted=0.6946 val_prec_macro=0.6244 val_rec_macro=0.6302 val_metric_name=acc val_metric=0.6997
Step  250 | loss 0.5513 | val_acc=0.7149 val_loss=0.9150 val_f1_macro=0.6444 val_f1_weighted=0.7104 val_prec_macro=0.6442 val_rec_macro=0.6510 val_metric_name=acc val_metric=0.7149
Step  300 | loss 0.4356 | val_acc=0.7209 val_loss=0.9353 val_f1_macro=0.6594 val_f1_weighted=0.7192 val_prec_macro=0.6591 val_rec_macro=0.6649 val_metric_name=acc val_metric=0.7209
Step  350 | loss 0.3473 | val_acc=0.7181 val_loss=0.9837 val_f1_macro=0.6579 val_f1_weighted=0.7165 val_prec_macro=0.6520 val_rec_macro=0.6682 val_metric_name=acc val_metric=0.7181
Step  400 | loss 0.2695 | val_acc=0.7179 val_loss=1.0358 val_f1_macro=0.6578 val_f1_weighted=0.7168 val_prec_macro=0.6536 val_rec_macro=0.6671 val_metric_name=acc val_metric=0.7179
Step  450 | loss 0.2183 | val_acc=0.7190 val_loss=1.0818 val_f1_macro=0.6588 val_f1_weighted=0.7187 val_prec_macro=0.6586 val_rec_macro=0.6633 val_metric_name=acc val_metric=0.7190
Step  500 | loss 0.1765 | val_acc=0.7176 val_loss=1.1399 val_f1_macro=0.6591 val_f1_weighted=0.7168 val_prec_macro=0.6544 val_rec_macro=0.6665 val_metric_name=acc val_metric=0.7176
Step  550 | loss 0.1487 | val_acc=0.7197 val_loss=1.1746 val_f1_macro=0.6596 val_f1_weighted=0.7175 val_prec_macro=0.6580 val_rec_macro=0.6651 val_metric_name=acc val_metric=0.7197
Step  600 | loss 0.1226 | val_acc=0.7207 val_loss=1.2080 val_f1_macro=0.6598 val_f1_weighted=0.7198 val_prec_macro=0.6579 val_rec_macro=0.6653 val_metric_name=acc val_metric=0.7207
Step  650 | loss 0.1013 | val_acc=0.7237 val_loss=1.2537 val_f1_macro=0.6643 val_f1_weighted=0.7223 val_prec_macro=0.6607 val_rec_macro=0.6723 val_metric_name=acc val_metric=0.7237
Step  700 | loss 0.0841 | val_acc=0.7227 val_loss=1.2760 val_f1_macro=0.6616 val_f1_weighted=0.7206 val_prec_macro=0.6598 val_rec_macro=0.6677 val_metric_name=acc val_metric=0.7227
Step  750 | loss 0.0795 | val_acc=0.7222 val_loss=1.3121 val_f1_macro=0.6628 val_f1_weighted=0.7206 val_prec_macro=0.6578 val_rec_macro=0.6717 val_metric_name=acc val_metric=0.7222
Step  800 | loss 0.0720 | val_acc=0.7278 val_loss=1.3401 val_f1_macro=0.6690 val_f1_weighted=0.7259 val_prec_macro=0.6638 val_rec_macro=0.6787 val_metric_name=acc val_metric=0.7278
Step  850 | loss 0.0594 | val_acc=0.7283 val_loss=1.3485 val_f1_macro=0.6705 val_f1_weighted=0.7274 val_prec_macro=0.6670 val_rec_macro=0.6764 val_metric_name=acc val_metric=0.7283
Step  900 | loss 0.0543 | val_acc=0.7292 val_loss=1.3769 val_f1_macro=0.6725 val_f1_weighted=0.7274 val_prec_macro=0.6659 val_rec_macro=0.6831 val_metric_name=acc val_metric=0.7292
Step  950 | loss 0.0447 | val_acc=0.7290 val_loss=1.3940 val_f1_macro=0.6736 val_f1_weighted=0.7280 val_prec_macro=0.6713 val_rec_macro=0.6793 val_metric_name=acc val_metric=0.7290
Step 1000 | loss 0.0410 | val_acc=0.7280 val_loss=1.4199 val_f1_macro=0.6714 val_f1_weighted=0.7261 val_prec_macro=0.6674 val_rec_macro=0.6800 val_metric_name=acc val_metric=0.7280
Step 1050 | loss 0.0407 | val_acc=0.7297 val_loss=1.4228 val_f1_macro=0.6732 val_f1_weighted=0.7276 val_prec_macro=0.6682 val_rec_macro=0.6825 val_metric_name=acc val_metric=0.7297
Step 1100 | loss 0.0326 | val_acc=0.7296 val_loss=1.4511 val_f1_macro=0.6734 val_f1_weighted=0.7270 val_prec_macro=0.6690 val_rec_macro=0.6812 val_metric_name=acc val_metric=0.7296
Step 1150 | loss 0.0312 | val_acc=0.7331 val_loss=1.4686 val_f1_macro=0.6771 val_f1_weighted=0.7310 val_prec_macro=0.6735 val_rec_macro=0.6847 val_metric_name=acc val_metric=0.7331
Step 1200 | loss 0.0294 | val_acc=0.7312 val_loss=1.4789 val_f1_macro=0.6764 val_f1_weighted=0.7297 val_prec_macro=0.6758 val_rec_macro=0.6809 val_metric_name=acc val_metric=0.7312
Step 1250 | loss 0.0265 | val_acc=0.7327 val_loss=1.5059 val_f1_macro=0.6759 val_f1_weighted=0.7306 val_prec_macro=0.6739 val_rec_macro=0.6821 val_metric_name=acc val_metric=0.7327
Step 1300 | loss 0.0262 | val_acc=0.7356 val_loss=1.5144 val_f1_macro=0.6813 val_f1_weighted=0.7330 val_prec_macro=0.6788 val_rec_macro=0.6890 val_metric_name=acc val_metric=0.7356
Step 1350 | loss 0.0197 | val_acc=0.7340 val_loss=1.5196 val_f1_macro=0.6822 val_f1_weighted=0.7325 val_prec_macro=0.6778 val_rec_macro=0.6898 val_metric_name=acc val_metric=0.7340
Step 1400 | loss 0.0212 | val_acc=0.7372 val_loss=1.5416 val_f1_macro=0.6825 val_f1_weighted=0.7346 val_prec_macro=0.6763 val_rec_macro=0.6925 val_metric_name=acc val_metric=0.7372
Step 1450 | loss 0.0179 | val_acc=0.7400 val_loss=1.5513 val_f1_macro=0.6854 val_f1_weighted=0.7382 val_prec_macro=0.6846 val_rec_macro=0.6907 val_metric_name=acc val_metric=0.7400
Step 1500 | loss 0.0154 | val_acc=0.7375 val_loss=1.5665 val_f1_macro=0.6827 val_f1_weighted=0.7349 val_prec_macro=0.6795 val_rec_macro=0.6901 val_metric_name=acc val_metric=0.7375
Step 1550 | loss 0.0167 | val_acc=0.7419 val_loss=1.5726 val_f1_macro=0.6907 val_f1_weighted=0.7406 val_prec_macro=0.6872 val_rec_macro=0.6972 val_metric_name=acc val_metric=0.7419
Step 1600 | loss 0.0145 | val_acc=0.7391 val_loss=1.5777 val_f1_macro=0.6837 val_f1_weighted=0.7365 val_prec_macro=0.6817 val_rec_macro=0.6890 val_metric_name=acc val_metric=0.7391
Step 1650 | loss 0.0140 | val_acc=0.7410 val_loss=1.5900 val_f1_macro=0.6863 val_f1_weighted=0.7385 val_prec_macro=0.6862 val_rec_macro=0.6895 val_metric_name=acc val_metric=0.7410
Step 1700 | loss 0.0138 | val_acc=0.7400 val_loss=1.6109 val_f1_macro=0.6870 val_f1_weighted=0.7378 val_prec_macro=0.6832 val_rec_macro=0.6945 val_metric_name=acc val_metric=0.7400
Step 1750 | loss 0.0130 | val_acc=0.7430 val_loss=1.6081 val_f1_macro=0.6880 val_f1_weighted=0.7402 val_prec_macro=0.6860 val_rec_macro=0.6933 val_metric_name=acc val_metric=0.7430
Step 1800 | loss 0.0132 | val_acc=0.7470 val_loss=1.6204 val_f1_macro=0.6964 val_f1_weighted=0.7447 val_prec_macro=0.6923 val_rec_macro=0.7045 val_metric_name=acc val_metric=0.7470
Step 1850 | loss 0.0109 | val_acc=0.7460 val_loss=1.6390 val_f1_macro=0.6945 val_f1_weighted=0.7435 val_prec_macro=0.6898 val_rec_macro=0.7029 val_metric_name=acc val_metric=0.7460
Step 1900 | loss 0.0092 | val_acc=0.7440 val_loss=1.6575 val_f1_macro=0.6935 val_f1_weighted=0.7425 val_prec_macro=0.6894 val_rec_macro=0.7010 val_metric_name=acc val_metric=0.7440
Step 1950 | loss 0.0097 | val_acc=0.7472 val_loss=1.6630 val_f1_macro=0.6977 val_f1_weighted=0.7450 val_prec_macro=0.6943 val_rec_macro=0.7045 val_metric_name=acc val_metric=0.7472
Step 2000 | loss 0.0088 | val_acc=0.7423 val_loss=1.6811 val_f1_macro=0.6922 val_f1_weighted=0.7406 val_prec_macro=0.6914 val_rec_macro=0.6969 val_metric_name=acc val_metric=0.7423
Step 2050 | loss 0.0093 | val_acc=0.7435 val_loss=1.6844 val_f1_macro=0.6925 val_f1_weighted=0.7408 val_prec_macro=0.6918 val_rec_macro=0.6976 val_metric_name=acc val_metric=0.7435
Step 2100 | loss 0.0078 | val_acc=0.7455 val_loss=1.6828 val_f1_macro=0.6928 val_f1_weighted=0.7425 val_prec_macro=0.6933 val_rec_macro=0.6966 val_metric_name=acc val_metric=0.7455
Step 2150 | loss 0.0079 | val_acc=0.7451 val_loss=1.6942 val_f1_macro=0.6942 val_f1_weighted=0.7432 val_prec_macro=0.6919 val_rec_macro=0.6995 val_metric_name=acc val_metric=0.7451
Step 2200 | loss 0.0083 | val_acc=0.7455 val_loss=1.6950 val_f1_macro=0.6945 val_f1_weighted=0.7429 val_prec_macro=0.6923 val_rec_macro=0.6995 val_metric_name=acc val_metric=0.7455
Step 2250 | loss 0.0071 | val_acc=0.7467 val_loss=1.7241 val_f1_macro=0.6941 val_f1_weighted=0.7441 val_prec_macro=0.6907 val_rec_macro=0.7014 val_metric_name=acc val_metric=0.7467
Step 2300 | loss 0.0089 | val_acc=0.7495 val_loss=1.7184 val_f1_macro=0.6969 val_f1_weighted=0.7464 val_prec_macro=0.6954 val_rec_macro=0.7018 val_metric_name=acc val_metric=0.7495
Step 2350 | loss 0.0063 | val_acc=0.7442 val_loss=1.7191 val_f1_macro=0.6921 val_f1_weighted=0.7423 val_prec_macro=0.6889 val_rec_macro=0.6991 val_metric_name=acc val_metric=0.7442
Step 2400 | loss 0.0064 | val_acc=0.7472 val_loss=1.7381 val_f1_macro=0.6959 val_f1_weighted=0.7451 val_prec_macro=0.6914 val_rec_macro=0.7048 val_metric_name=acc val_metric=0.7472
Step 2450 | loss 0.0052 | val_acc=0.7460 val_loss=1.7425 val_f1_macro=0.6946 val_f1_weighted=0.7426 val_prec_macro=0.6935 val_rec_macro=0.7000 val_metric_name=acc val_metric=0.7460
Step 2500 | loss 0.0060 | val_acc=0.7462 val_loss=1.7530 val_f1_macro=0.6964 val_f1_weighted=0.7445 val_prec_macro=0.6936 val_rec_macro=0.7025 val_metric_name=acc val_metric=0.7462
Step 2550 | loss 0.0051 | val_acc=0.7490 val_loss=1.7392 val_f1_macro=0.6990 val_f1_weighted=0.7464 val_prec_macro=0.6960 val_rec_macro=0.7051 val_metric_name=acc val_metric=0.7490
Step 2600 | loss 0.0047 | val_acc=0.7506 val_loss=1.7567 val_f1_macro=0.7019 val_f1_weighted=0.7486 val_prec_macro=0.6978 val_rec_macro=0.7092 val_metric_name=acc val_metric=0.7506
Step 2650 | loss 0.0044 | val_acc=0.7511 val_loss=1.7594 val_f1_macro=0.7022 val_f1_weighted=0.7492 val_prec_macro=0.7010 val_rec_macro=0.7065 val_metric_name=acc val_metric=0.7511
Step 2700 | loss 0.0054 | val_acc=0.7495 val_loss=1.7764 val_f1_macro=0.6991 val_f1_weighted=0.7480 val_prec_macro=0.6989 val_rec_macro=0.7036 val_metric_name=acc val_metric=0.7495
Step 2750 | loss 0.0048 | val_acc=0.7506 val_loss=1.7745 val_f1_macro=0.7003 val_f1_weighted=0.7481 val_prec_macro=0.6992 val_rec_macro=0.7047 val_metric_name=acc val_metric=0.7506
Step 2800 | loss 0.0043 | val_acc=0.7472 val_loss=1.7919 val_f1_macro=0.6963 val_f1_weighted=0.7444 val_prec_macro=0.6943 val_rec_macro=0.7020 val_metric_name=acc val_metric=0.7472
Step 2850 | loss 0.0041 | val_acc=0.7483 val_loss=1.8168 val_f1_macro=0.6980 val_f1_weighted=0.7451 val_prec_macro=0.6949 val_rec_macro=0.7049 val_metric_name=acc val_metric=0.7483
Step 2900 | loss 0.0035 | val_acc=0.7481 val_loss=1.7937 val_f1_macro=0.6982 val_f1_weighted=0.7460 val_prec_macro=0.6951 val_rec_macro=0.7041 val_metric_name=acc val_metric=0.7481
Step 2950 | loss 0.0035 | val_acc=0.7483 val_loss=1.8079 val_f1_macro=0.6964 val_f1_weighted=0.7458 val_prec_macro=0.6966 val_rec_macro=0.7002 val_metric_name=acc val_metric=0.7483
Step 3000 | loss 0.0044 | val_acc=0.7467 val_loss=1.8291 val_f1_macro=0.6962 val_f1_weighted=0.7441 val_prec_macro=0.6955 val_rec_macro=0.7009 val_metric_name=acc val_metric=0.7467
Step 3050 | loss 0.0035 | val_acc=0.7499 val_loss=1.8209 val_f1_macro=0.6972 val_f1_weighted=0.7474 val_prec_macro=0.6985 val_rec_macro=0.6999 val_metric_name=acc val_metric=0.7499
Step 3100 | loss 0.0033 | val_acc=0.7483 val_loss=1.8080 val_f1_macro=0.6976 val_f1_weighted=0.7451 val_prec_macro=0.6960 val_rec_macro=0.7035 val_metric_name=acc val_metric=0.7483
Step 3150 | loss 0.0032 | val_acc=0.7500 val_loss=1.8311 val_f1_macro=0.6990 val_f1_weighted=0.7479 val_prec_macro=0.6952 val_rec_macro=0.7051 val_metric_name=acc val_metric=0.7500
Step 3200 | loss 0.0036 | val_acc=0.7486 val_loss=1.8309 val_f1_macro=0.6972 val_f1_weighted=0.7457 val_prec_macro=0.6976 val_rec_macro=0.6994 val_metric_name=acc val_metric=0.7486
Step 3250 | loss 0.0032 | val_acc=0.7490 val_loss=1.8448 val_f1_macro=0.6987 val_f1_weighted=0.7460 val_prec_macro=0.6969 val_rec_macro=0.7034 val_metric_name=acc val_metric=0.7490
Step 3300 | loss 0.0030 | val_acc=0.7463 val_loss=1.8728 val_f1_macro=0.6966 val_f1_weighted=0.7437 val_prec_macro=0.6941 val_rec_macro=0.7023 val_metric_name=acc val_metric=0.7463
Step 3350 | loss 0.0037 | val_acc=0.7492 val_loss=1.8424 val_f1_macro=0.6973 val_f1_weighted=0.7459 val_prec_macro=0.6996 val_rec_macro=0.6989 val_metric_name=acc val_metric=0.7492
Step 3400 | loss 0.0030 | val_acc=0.7472 val_loss=1.8374 val_f1_macro=0.6948 val_f1_weighted=0.7447 val_prec_macro=0.6964 val_rec_macro=0.6965 val_metric_name=acc val_metric=0.7472
Step 3450 | loss 0.0033 | val_acc=0.7499 val_loss=1.8656 val_f1_macro=0.6969 val_f1_weighted=0.7477 val_prec_macro=0.6993 val_rec_macro=0.6988 val_metric_name=acc val_metric=0.7499
Step 3500 | loss 0.0036 | val_acc=0.7453 val_loss=1.8820 val_f1_macro=0.6960 val_f1_weighted=0.7429 val_prec_macro=0.6976 val_rec_macro=0.6979 val_metric_name=acc val_metric=0.7453
Step 3550 | loss 0.0027 | val_acc=0.7500 val_loss=1.8766 val_f1_macro=0.7006 val_f1_weighted=0.7466 val_prec_macro=0.6996 val_rec_macro=0.7044 val_metric_name=acc val_metric=0.7500
Step 3600 | loss 0.0030 | val_acc=0.7502 val_loss=1.8584 val_f1_macro=0.6971 val_f1_weighted=0.7469 val_prec_macro=0.6974 val_rec_macro=0.7010 val_metric_name=acc val_metric=0.7502
Step 3650 | loss 0.0024 | val_acc=0.7500 val_loss=1.8824 val_f1_macro=0.6986 val_f1_weighted=0.7469 val_prec_macro=0.6972 val_rec_macro=0.7042 val_metric_name=acc val_metric=0.7500
Step 3700 | loss 0.0022 | val_acc=0.7476 val_loss=1.9006 val_f1_macro=0.6960 val_f1_weighted=0.7445 val_prec_macro=0.6961 val_rec_macro=0.7002 val_metric_name=acc val_metric=0.7476
Step 3750 | loss 0.0023 | val_acc=0.7513 val_loss=1.8834 val_f1_macro=0.7024 val_f1_weighted=0.7497 val_prec_macro=0.7036 val_rec_macro=0.7047 val_metric_name=acc val_metric=0.7513
Step 3800 | loss 0.0024 | val_acc=0.7534 val_loss=1.9069 val_f1_macro=0.7023 val_f1_weighted=0.7502 val_prec_macro=0.7030 val_rec_macro=0.7064 val_metric_name=acc val_metric=0.7534
Step 3850 | loss 0.0020 | val_acc=0.7529 val_loss=1.9133 val_f1_macro=0.7014 val_f1_weighted=0.7490 val_prec_macro=0.6994 val_rec_macro=0.7080 val_metric_name=acc val_metric=0.7529
Step 3900 | loss 0.0024 | val_acc=0.7523 val_loss=1.9125 val_f1_macro=0.7029 val_f1_weighted=0.7487 val_prec_macro=0.7007 val_rec_macro=0.7092 val_metric_name=acc val_metric=0.7523
Step 3950 | loss 0.0023 | val_acc=0.7515 val_loss=1.8959 val_f1_macro=0.6992 val_f1_weighted=0.7480 val_prec_macro=0.6991 val_rec_macro=0.7036 val_metric_name=acc val_metric=0.7515
Step 4000 | loss 0.0017 | val_acc=0.7508 val_loss=1.9221 val_f1_macro=0.7001 val_f1_weighted=0.7476 val_prec_macro=0.6994 val_rec_macro=0.7042 val_metric_name=acc val_metric=0.7508
Step 4050 | loss 0.0021 | val_acc=0.7527 val_loss=1.9220 val_f1_macro=0.7024 val_f1_weighted=0.7483 val_prec_macro=0.7018 val_rec_macro=0.7079 val_metric_name=acc val_metric=0.7527
Step 4100 | loss 0.0028 | val_acc=0.7513 val_loss=1.9190 val_f1_macro=0.7018 val_f1_weighted=0.7484 val_prec_macro=0.7014 val_rec_macro=0.7066 val_metric_name=acc val_metric=0.7513
Step 4150 | loss 0.0015 | val_acc=0.7504 val_loss=1.9286 val_f1_macro=0.7006 val_f1_weighted=0.7475 val_prec_macro=0.6990 val_rec_macro=0.7063 val_metric_name=acc val_metric=0.7504
Step 4200 | loss 0.0023 | val_acc=0.7508 val_loss=1.9255 val_f1_macro=0.7001 val_f1_weighted=0.7476 val_prec_macro=0.7018 val_rec_macro=0.7021 val_metric_name=acc val_metric=0.7508
Step 4250 | loss 0.0016 | val_acc=0.7497 val_loss=1.9342 val_f1_macro=0.7039 val_f1_weighted=0.7474 val_prec_macro=0.6996 val_rec_macro=0.7120 val_metric_name=acc val_metric=0.7497
Step 4300 | loss 0.0018 | val_acc=0.7530 val_loss=1.9481 val_f1_macro=0.7065 val_f1_weighted=0.7508 val_prec_macro=0.7058 val_rec_macro=0.7100 val_metric_name=acc val_metric=0.7530
Step 4350 | loss 0.0014 | val_acc=0.7550 val_loss=1.9590 val_f1_macro=0.7081 val_f1_weighted=0.7528 val_prec_macro=0.7050 val_rec_macro=0.7141 val_metric_name=acc val_metric=0.7550
Step 4400 | loss 0.0020 | val_acc=0.7555 val_loss=1.9694 val_f1_macro=0.7044 val_f1_weighted=0.7525 val_prec_macro=0.7036 val_rec_macro=0.7085 val_metric_name=acc val_metric=0.7555
Step 4450 | loss 0.0018 | val_acc=0.7529 val_loss=1.9677 val_f1_macro=0.7047 val_f1_weighted=0.7497 val_prec_macro=0.7032 val_rec_macro=0.7092 val_metric_name=acc val_metric=0.7529
Step 4500 | loss 0.0016 | val_acc=0.7534 val_loss=1.9549 val_f1_macro=0.7022 val_f1_weighted=0.7503 val_prec_macro=0.7028 val_rec_macro=0.7045 val_metric_name=acc val_metric=0.7534
Step 4550 | loss 0.0012 | val_acc=0.7534 val_loss=1.9742 val_f1_macro=0.7063 val_f1_weighted=0.7502 val_prec_macro=0.7037 val_rec_macro=0.7130 val_metric_name=acc val_metric=0.7534
Step 4600 | loss 0.0015 | val_acc=0.7522 val_loss=1.9841 val_f1_macro=0.7006 val_f1_weighted=0.7486 val_prec_macro=0.6992 val_rec_macro=0.7072 val_metric_name=acc val_metric=0.7522
Step 4650 | loss 0.0013 | val_acc=0.7534 val_loss=1.9835 val_f1_macro=0.7056 val_f1_weighted=0.7510 val_prec_macro=0.7033 val_rec_macro=0.7113 val_metric_name=acc val_metric=0.7534
Step 4700 | loss 0.0011 | val_acc=0.7523 val_loss=1.9893 val_f1_macro=0.7039 val_f1_weighted=0.7490 val_prec_macro=0.7057 val_rec_macro=0.7058 val_metric_name=acc val_metric=0.7523
Step 4750 | loss 0.0014 | val_acc=0.7553 val_loss=1.9706 val_f1_macro=0.7072 val_f1_weighted=0.7530 val_prec_macro=0.7079 val_rec_macro=0.7090 val_metric_name=acc val_metric=0.7553
Step 4800 | loss 0.0013 | val_acc=0.7534 val_loss=2.0149 val_f1_macro=0.7033 val_f1_weighted=0.7505 val_prec_macro=0.7010 val_rec_macro=0.7091 val_metric_name=acc val_metric=0.7534
Step 4850 | loss 0.0012 | val_acc=0.7504 val_loss=2.0236 val_f1_macro=0.7017 val_f1_weighted=0.7485 val_prec_macro=0.7003 val_rec_macro=0.7066 val_metric_name=acc val_metric=0.7504
Step 4900 | loss 0.0016 | val_acc=0.7583 val_loss=1.9977 val_f1_macro=0.7058 val_f1_weighted=0.7540 val_prec_macro=0.7099 val_rec_macro=0.7066 val_metric_name=acc val_metric=0.7583
Step 4950 | loss 0.0017 | val_acc=0.7543 val_loss=1.9974 val_f1_macro=0.7025 val_f1_weighted=0.7505 val_prec_macro=0.7023 val_rec_macro=0.7066 val_metric_name=acc val_metric=0.7543
Step 5000 | loss 0.0011 | val_acc=0.7532 val_loss=1.9925 val_f1_macro=0.7029 val_f1_weighted=0.7507 val_prec_macro=0.7009 val_rec_macro=0.7086 val_metric_name=acc val_metric=0.7532

--- Final (best ckpt @ step 4900) ---
  train_acc=1.0000 train_loss=0.0000 train_f1_macro=1.0000 train_f1_weighted=1.0000 train_prec_macro=1.0000 train_rec_macro=1.0000 train_metric_name=acc train_metric=1.0000
  val_acc=0.7583 val_loss=1.9977 val_f1_macro=0.7058 val_f1_weighted=0.7540 val_prec_macro=0.7099 val_rec_macro=0.7066 val_metric_name=acc val_metric=0.7583
  test_acc=0.7577 test_loss=1.8483 test_f1_macro=0.7073 test_f1_weighted=0.7551 test_prec_macro=0.7085 test_rec_macro=0.7095 test_metric_name=acc test_metric=0.7577
  test_acc=0.7577

============================================================
Training roman-empire GCN 5L h=512 lr=0.0001 split=6
============================================================
Training for 5000 steps
Step    1 | loss 2.9944 | val_acc=0.1550 val_loss=2.6519 val_f1_macro=0.0304 val_f1_weighted=0.0722 val_prec_macro=0.0877 val_rec_macro=0.0631 val_metric_name=acc val_metric=0.1550
Step   50 | loss 1.3831 | val_acc=0.5758 val_loss=1.3028 val_f1_macro=0.4447 val_f1_weighted=0.5487 val_prec_macro=0.4813 val_rec_macro=0.4635 val_metric_name=acc val_metric=0.5758
Step  100 | loss 0.9249 | val_acc=0.6676 val_loss=1.0090 val_f1_macro=0.5820 val_f1_weighted=0.6624 val_prec_macro=0.5839 val_rec_macro=0.5883 val_metric_name=acc val_metric=0.6676
Step  150 | loss 0.6445 | val_acc=0.7068 val_loss=0.9168 val_f1_macro=0.6343 val_f1_weighted=0.7027 val_prec_macro=0.6327 val_rec_macro=0.6433 val_metric_name=acc val_metric=0.7068
Step  200 | loss 0.4661 | val_acc=0.7236 val_loss=0.9122 val_f1_macro=0.6588 val_f1_weighted=0.7216 val_prec_macro=0.6579 val_rec_macro=0.6652 val_metric_name=acc val_metric=0.7236
Step  250 | loss 0.3324 | val_acc=0.7232 val_loss=0.9642 val_f1_macro=0.6644 val_f1_weighted=0.7224 val_prec_macro=0.6614 val_rec_macro=0.6721 val_metric_name=acc val_metric=0.7232
Step  300 | loss 0.2321 | val_acc=0.7220 val_loss=1.0463 val_f1_macro=0.6605 val_f1_weighted=0.7200 val_prec_macro=0.6621 val_rec_macro=0.6640 val_metric_name=acc val_metric=0.7220
Step  350 | loss 0.1701 | val_acc=0.7214 val_loss=1.1277 val_f1_macro=0.6633 val_f1_weighted=0.7207 val_prec_macro=0.6560 val_rec_macro=0.6749 val_metric_name=acc val_metric=0.7214
Step  400 | loss 0.1264 | val_acc=0.7214 val_loss=1.1848 val_f1_macro=0.6616 val_f1_weighted=0.7193 val_prec_macro=0.6582 val_rec_macro=0.6711 val_metric_name=acc val_metric=0.7214
Step  450 | loss 0.0977 | val_acc=0.7234 val_loss=1.2267 val_f1_macro=0.6620 val_f1_weighted=0.7219 val_prec_macro=0.6590 val_rec_macro=0.6686 val_metric_name=acc val_metric=0.7234
Step  500 | loss 0.0801 | val_acc=0.7259 val_loss=1.2908 val_f1_macro=0.6663 val_f1_weighted=0.7244 val_prec_macro=0.6590 val_rec_macro=0.6775 val_metric_name=acc val_metric=0.7259
Step  550 | loss 0.0660 | val_acc=0.7313 val_loss=1.3082 val_f1_macro=0.6733 val_f1_weighted=0.7284 val_prec_macro=0.6690 val_rec_macro=0.6816 val_metric_name=acc val_metric=0.7313
Step  600 | loss 0.0530 | val_acc=0.7269 val_loss=1.3491 val_f1_macro=0.6693 val_f1_weighted=0.7253 val_prec_macro=0.6676 val_rec_macro=0.6745 val_metric_name=acc val_metric=0.7269
Step  650 | loss 0.0435 | val_acc=0.7359 val_loss=1.3801 val_f1_macro=0.6795 val_f1_weighted=0.7333 val_prec_macro=0.6764 val_rec_macro=0.6872 val_metric_name=acc val_metric=0.7359
Step  700 | loss 0.0361 | val_acc=0.7335 val_loss=1.4002 val_f1_macro=0.6774 val_f1_weighted=0.7318 val_prec_macro=0.6748 val_rec_macro=0.6839 val_metric_name=acc val_metric=0.7335
Step  750 | loss 0.0347 | val_acc=0.7357 val_loss=1.4328 val_f1_macro=0.6795 val_f1_weighted=0.7333 val_prec_macro=0.6749 val_rec_macro=0.6878 val_metric_name=acc val_metric=0.7357
Step  800 | loss 0.0306 | val_acc=0.7349 val_loss=1.4592 val_f1_macro=0.6797 val_f1_weighted=0.7324 val_prec_macro=0.6752 val_rec_macro=0.6891 val_metric_name=acc val_metric=0.7349
Step  850 | loss 0.0255 | val_acc=0.7407 val_loss=1.4674 val_f1_macro=0.6862 val_f1_weighted=0.7384 val_prec_macro=0.6855 val_rec_macro=0.6889 val_metric_name=acc val_metric=0.7407
Step  900 | loss 0.0225 | val_acc=0.7405 val_loss=1.4974 val_f1_macro=0.6847 val_f1_weighted=0.7375 val_prec_macro=0.6782 val_rec_macro=0.6942 val_metric_name=acc val_metric=0.7405
Step  950 | loss 0.0200 | val_acc=0.7389 val_loss=1.5119 val_f1_macro=0.6892 val_f1_weighted=0.7370 val_prec_macro=0.6875 val_rec_macro=0.6942 val_metric_name=acc val_metric=0.7389
Step 1000 | loss 0.0171 | val_acc=0.7387 val_loss=1.5409 val_f1_macro=0.6841 val_f1_weighted=0.7360 val_prec_macro=0.6812 val_rec_macro=0.6909 val_metric_name=acc val_metric=0.7387
Step 1050 | loss 0.0177 | val_acc=0.7412 val_loss=1.5317 val_f1_macro=0.6878 val_f1_weighted=0.7388 val_prec_macro=0.6846 val_rec_macro=0.6950 val_metric_name=acc val_metric=0.7412
Step 1100 | loss 0.0137 | val_acc=0.7380 val_loss=1.5713 val_f1_macro=0.6847 val_f1_weighted=0.7354 val_prec_macro=0.6803 val_rec_macro=0.6929 val_metric_name=acc val_metric=0.7380
Step 1150 | loss 0.0134 | val_acc=0.7426 val_loss=1.5810 val_f1_macro=0.6890 val_f1_weighted=0.7399 val_prec_macro=0.6853 val_rec_macro=0.6964 val_metric_name=acc val_metric=0.7426
Step 1200 | loss 0.0131 | val_acc=0.7432 val_loss=1.5948 val_f1_macro=0.6900 val_f1_weighted=0.7410 val_prec_macro=0.6894 val_rec_macro=0.6943 val_metric_name=acc val_metric=0.7432
Step 1250 | loss 0.0117 | val_acc=0.7423 val_loss=1.6097 val_f1_macro=0.6903 val_f1_weighted=0.7398 val_prec_macro=0.6866 val_rec_macro=0.6982 val_metric_name=acc val_metric=0.7423
Step 1300 | loss 0.0112 | val_acc=0.7451 val_loss=1.6181 val_f1_macro=0.6931 val_f1_weighted=0.7418 val_prec_macro=0.6906 val_rec_macro=0.7004 val_metric_name=acc val_metric=0.7451
Step 1350 | loss 0.0086 | val_acc=0.7439 val_loss=1.6185 val_f1_macro=0.6944 val_f1_weighted=0.7424 val_prec_macro=0.6930 val_rec_macro=0.6983 val_metric_name=acc val_metric=0.7439
Step 1400 | loss 0.0101 | val_acc=0.7428 val_loss=1.6498 val_f1_macro=0.6882 val_f1_weighted=0.7396 val_prec_macro=0.6826 val_rec_macro=0.6977 val_metric_name=acc val_metric=0.7428
Step 1450 | loss 0.0076 | val_acc=0.7467 val_loss=1.6478 val_f1_macro=0.6956 val_f1_weighted=0.7443 val_prec_macro=0.6944 val_rec_macro=0.7005 val_metric_name=acc val_metric=0.7467
Step 1500 | loss 0.0064 | val_acc=0.7462 val_loss=1.6674 val_f1_macro=0.6926 val_f1_weighted=0.7428 val_prec_macro=0.6889 val_rec_macro=0.7011 val_metric_name=acc val_metric=0.7462
Step 1550 | loss 0.0073 | val_acc=0.7465 val_loss=1.6729 val_f1_macro=0.6948 val_f1_weighted=0.7443 val_prec_macro=0.6920 val_rec_macro=0.7000 val_metric_name=acc val_metric=0.7465
Step 1600 | loss 0.0057 | val_acc=0.7500 val_loss=1.6732 val_f1_macro=0.6967 val_f1_weighted=0.7470 val_prec_macro=0.6959 val_rec_macro=0.7011 val_metric_name=acc val_metric=0.7500
Step 1650 | loss 0.0062 | val_acc=0.7485 val_loss=1.6883 val_f1_macro=0.6981 val_f1_weighted=0.7448 val_prec_macro=0.6957 val_rec_macro=0.7037 val_metric_name=acc val_metric=0.7485
Step 1700 | loss 0.0064 | val_acc=0.7449 val_loss=1.7043 val_f1_macro=0.6947 val_f1_weighted=0.7426 val_prec_macro=0.6911 val_rec_macro=0.7025 val_metric_name=acc val_metric=0.7449
Step 1750 | loss 0.0059 | val_acc=0.7485 val_loss=1.6999 val_f1_macro=0.6989 val_f1_weighted=0.7454 val_prec_macro=0.6988 val_rec_macro=0.7021 val_metric_name=acc val_metric=0.7485
Step 1800 | loss 0.0064 | val_acc=0.7451 val_loss=1.7202 val_f1_macro=0.6960 val_f1_weighted=0.7421 val_prec_macro=0.6955 val_rec_macro=0.7002 val_metric_name=acc val_metric=0.7451
Step 1850 | loss 0.0049 | val_acc=0.7506 val_loss=1.7414 val_f1_macro=0.7017 val_f1_weighted=0.7476 val_prec_macro=0.6981 val_rec_macro=0.7105 val_metric_name=acc val_metric=0.7506
Step 1900 | loss 0.0042 | val_acc=0.7476 val_loss=1.7560 val_f1_macro=0.6988 val_f1_weighted=0.7453 val_prec_macro=0.6952 val_rec_macro=0.7055 val_metric_name=acc val_metric=0.7476
Step 1950 | loss 0.0042 | val_acc=0.7486 val_loss=1.7534 val_f1_macro=0.6993 val_f1_weighted=0.7451 val_prec_macro=0.6970 val_rec_macro=0.7056 val_metric_name=acc val_metric=0.7486
Step 2000 | loss 0.0042 | val_acc=0.7476 val_loss=1.7744 val_f1_macro=0.6988 val_f1_weighted=0.7454 val_prec_macro=0.6982 val_rec_macro=0.7041 val_metric_name=acc val_metric=0.7476
Step 2050 | loss 0.0045 | val_acc=0.7470 val_loss=1.7821 val_f1_macro=0.6949 val_f1_weighted=0.7442 val_prec_macro=0.6931 val_rec_macro=0.7013 val_metric_name=acc val_metric=0.7470
Step 2100 | loss 0.0035 | val_acc=0.7502 val_loss=1.7695 val_f1_macro=0.6997 val_f1_weighted=0.7469 val_prec_macro=0.6986 val_rec_macro=0.7048 val_metric_name=acc val_metric=0.7502
Step 2150 | loss 0.0041 | val_acc=0.7508 val_loss=1.7743 val_f1_macro=0.7003 val_f1_weighted=0.7486 val_prec_macro=0.7012 val_rec_macro=0.7023 val_metric_name=acc val_metric=0.7508
Step 2200 | loss 0.0039 | val_acc=0.7508 val_loss=1.7873 val_f1_macro=0.7013 val_f1_weighted=0.7479 val_prec_macro=0.6995 val_rec_macro=0.7056 val_metric_name=acc val_metric=0.7508
Step 2250 | loss 0.0030 | val_acc=0.7493 val_loss=1.8018 val_f1_macro=0.6974 val_f1_weighted=0.7461 val_prec_macro=0.6963 val_rec_macro=0.7023 val_metric_name=acc val_metric=0.7493
Step 2300 | loss 0.0041 | val_acc=0.7522 val_loss=1.8008 val_f1_macro=0.7027 val_f1_weighted=0.7489 val_prec_macro=0.7019 val_rec_macro=0.7072 val_metric_name=acc val_metric=0.7522
Step 2350 | loss 0.0028 | val_acc=0.7490 val_loss=1.7982 val_f1_macro=0.6998 val_f1_weighted=0.7461 val_prec_macro=0.6975 val_rec_macro=0.7045 val_metric_name=acc val_metric=0.7490
Step 2400 | loss 0.0030 | val_acc=0.7506 val_loss=1.8246 val_f1_macro=0.7026 val_f1_weighted=0.7478 val_prec_macro=0.7000 val_rec_macro=0.7085 val_metric_name=acc val_metric=0.7506
Step 2450 | loss 0.0023 | val_acc=0.7520 val_loss=1.8236 val_f1_macro=0.7007 val_f1_weighted=0.7485 val_prec_macro=0.7014 val_rec_macro=0.7046 val_metric_name=acc val_metric=0.7520
Step 2500 | loss 0.0027 | val_acc=0.7499 val_loss=1.8279 val_f1_macro=0.7020 val_f1_weighted=0.7473 val_prec_macro=0.7035 val_rec_macro=0.7047 val_metric_name=acc val_metric=0.7499
Step 2550 | loss 0.0023 | val_acc=0.7518 val_loss=1.8139 val_f1_macro=0.7040 val_f1_weighted=0.7496 val_prec_macro=0.7048 val_rec_macro=0.7052 val_metric_name=acc val_metric=0.7518
Step 2600 | loss 0.0027 | val_acc=0.7497 val_loss=1.8411 val_f1_macro=0.7013 val_f1_weighted=0.7478 val_prec_macro=0.6998 val_rec_macro=0.7049 val_metric_name=acc val_metric=0.7497
Step 2650 | loss 0.0024 | val_acc=0.7509 val_loss=1.8417 val_f1_macro=0.6999 val_f1_weighted=0.7488 val_prec_macro=0.6991 val_rec_macro=0.7044 val_metric_name=acc val_metric=0.7509
Step 2700 | loss 0.0022 | val_acc=0.7513 val_loss=1.8637 val_f1_macro=0.7030 val_f1_weighted=0.7485 val_prec_macro=0.7004 val_rec_macro=0.7096 val_metric_name=acc val_metric=0.7513
Step 2750 | loss 0.0028 | val_acc=0.7525 val_loss=1.8526 val_f1_macro=0.7016 val_f1_weighted=0.7492 val_prec_macro=0.7021 val_rec_macro=0.7049 val_metric_name=acc val_metric=0.7525
Step 2800 | loss 0.0022 | val_acc=0.7530 val_loss=1.8707 val_f1_macro=0.7048 val_f1_weighted=0.7508 val_prec_macro=0.7015 val_rec_macro=0.7111 val_metric_name=acc val_metric=0.7530
Step 2850 | loss 0.0027 | val_acc=0.7571 val_loss=1.9038 val_f1_macro=0.7081 val_f1_weighted=0.7528 val_prec_macro=0.7076 val_rec_macro=0.7118 val_metric_name=acc val_metric=0.7571
Step 2900 | loss 0.0017 | val_acc=0.7530 val_loss=1.8635 val_f1_macro=0.7008 val_f1_weighted=0.7501 val_prec_macro=0.7053 val_rec_macro=0.7001 val_metric_name=acc val_metric=0.7530
Step 2950 | loss 0.0023 | val_acc=0.7569 val_loss=1.8896 val_f1_macro=0.7051 val_f1_weighted=0.7542 val_prec_macro=0.7054 val_rec_macro=0.7099 val_metric_name=acc val_metric=0.7569
Step 3000 | loss 0.0023 | val_acc=0.7538 val_loss=1.9183 val_f1_macro=0.7002 val_f1_weighted=0.7503 val_prec_macro=0.7003 val_rec_macro=0.7052 val_metric_name=acc val_metric=0.7538
Step 3050 | loss 0.0018 | val_acc=0.7518 val_loss=1.8957 val_f1_macro=0.7019 val_f1_weighted=0.7484 val_prec_macro=0.7036 val_rec_macro=0.7044 val_metric_name=acc val_metric=0.7518
Step 3100 | loss 0.0015 | val_acc=0.7543 val_loss=1.8730 val_f1_macro=0.7021 val_f1_weighted=0.7508 val_prec_macro=0.7022 val_rec_macro=0.7061 val_metric_name=acc val_metric=0.7543
Step 3150 | loss 0.0015 | val_acc=0.7518 val_loss=1.9222 val_f1_macro=0.6990 val_f1_weighted=0.7482 val_prec_macro=0.6981 val_rec_macro=0.7041 val_metric_name=acc val_metric=0.7518
Step 3200 | loss 0.0020 | val_acc=0.7546 val_loss=1.8824 val_f1_macro=0.7048 val_f1_weighted=0.7513 val_prec_macro=0.7041 val_rec_macro=0.7074 val_metric_name=acc val_metric=0.7546
Step 3250 | loss 0.0013 | val_acc=0.7553 val_loss=1.8836 val_f1_macro=0.7019 val_f1_weighted=0.7518 val_prec_macro=0.7046 val_rec_macro=0.7035 val_metric_name=acc val_metric=0.7553
Step 3300 | loss 0.0014 | val_acc=0.7562 val_loss=1.9239 val_f1_macro=0.7078 val_f1_weighted=0.7532 val_prec_macro=0.7074 val_rec_macro=0.7111 val_metric_name=acc val_metric=0.7562
Step 3350 | loss 0.0016 | val_acc=0.7576 val_loss=1.9034 val_f1_macro=0.7050 val_f1_weighted=0.7538 val_prec_macro=0.7086 val_rec_macro=0.7060 val_metric_name=acc val_metric=0.7576
Step 3400 | loss 0.0016 | val_acc=0.7560 val_loss=1.9008 val_f1_macro=0.7086 val_f1_weighted=0.7538 val_prec_macro=0.7065 val_rec_macro=0.7132 val_metric_name=acc val_metric=0.7560
Step 3450 | loss 0.0019 | val_acc=0.7525 val_loss=1.9306 val_f1_macro=0.7035 val_f1_weighted=0.7495 val_prec_macro=0.7077 val_rec_macro=0.7042 val_metric_name=acc val_metric=0.7525
Step 3500 | loss 0.0020 | val_acc=0.7557 val_loss=1.9326 val_f1_macro=0.7074 val_f1_weighted=0.7535 val_prec_macro=0.7090 val_rec_macro=0.7089 val_metric_name=acc val_metric=0.7557
Step 3550 | loss 0.0023 | val_acc=0.7530 val_loss=1.9392 val_f1_macro=0.6994 val_f1_weighted=0.7492 val_prec_macro=0.7017 val_rec_macro=0.7012 val_metric_name=acc val_metric=0.7530
Step 3600 | loss 0.0013 | val_acc=0.7576 val_loss=1.9191 val_f1_macro=0.7104 val_f1_weighted=0.7545 val_prec_macro=0.7127 val_rec_macro=0.7114 val_metric_name=acc val_metric=0.7576
Step 3650 | loss 0.0013 | val_acc=0.7543 val_loss=1.9659 val_f1_macro=0.7060 val_f1_weighted=0.7515 val_prec_macro=0.7064 val_rec_macro=0.7090 val_metric_name=acc val_metric=0.7543
Step 3700 | loss 0.0015 | val_acc=0.7525 val_loss=2.0015 val_f1_macro=0.7001 val_f1_weighted=0.7478 val_prec_macro=0.7032 val_rec_macro=0.7025 val_metric_name=acc val_metric=0.7525
Step 3750 | loss 0.0015 | val_acc=0.7585 val_loss=1.9568 val_f1_macro=0.7130 val_f1_weighted=0.7560 val_prec_macro=0.7192 val_rec_macro=0.7105 val_metric_name=acc val_metric=0.7585
Step 3800 | loss 0.0013 | val_acc=0.7576 val_loss=1.9613 val_f1_macro=0.7070 val_f1_weighted=0.7549 val_prec_macro=0.7090 val_rec_macro=0.7084 val_metric_name=acc val_metric=0.7576
Step 3850 | loss 0.0013 | val_acc=0.7592 val_loss=1.9908 val_f1_macro=0.7081 val_f1_weighted=0.7550 val_prec_macro=0.7073 val_rec_macro=0.7128 val_metric_name=acc val_metric=0.7592
Step 3900 | loss 0.0012 | val_acc=0.7598 val_loss=1.9688 val_f1_macro=0.7091 val_f1_weighted=0.7558 val_prec_macro=0.7093 val_rec_macro=0.7123 val_metric_name=acc val_metric=0.7598
Step 3950 | loss 0.0012 | val_acc=0.7575 val_loss=1.9598 val_f1_macro=0.7086 val_f1_weighted=0.7548 val_prec_macro=0.7092 val_rec_macro=0.7109 val_metric_name=acc val_metric=0.7575
Step 4000 | loss 0.0013 | val_acc=0.7559 val_loss=1.9824 val_f1_macro=0.7059 val_f1_weighted=0.7526 val_prec_macro=0.7068 val_rec_macro=0.7081 val_metric_name=acc val_metric=0.7559
Step 4050 | loss 0.0011 | val_acc=0.7590 val_loss=1.9695 val_f1_macro=0.7110 val_f1_weighted=0.7553 val_prec_macro=0.7105 val_rec_macro=0.7147 val_metric_name=acc val_metric=0.7590
Step 4100 | loss 0.0012 | val_acc=0.7576 val_loss=1.9625 val_f1_macro=0.7125 val_f1_weighted=0.7553 val_prec_macro=0.7123 val_rec_macro=0.7157 val_metric_name=acc val_metric=0.7576
Step 4150 | loss 0.0009 | val_acc=0.7562 val_loss=1.9636 val_f1_macro=0.7071 val_f1_weighted=0.7531 val_prec_macro=0.7056 val_rec_macro=0.7110 val_metric_name=acc val_metric=0.7562
Step 4200 | loss 0.0015 | val_acc=0.7541 val_loss=1.9720 val_f1_macro=0.7012 val_f1_weighted=0.7516 val_prec_macro=0.6996 val_rec_macro=0.7061 val_metric_name=acc val_metric=0.7541
Step 4250 | loss 0.0009 | val_acc=0.7552 val_loss=1.9762 val_f1_macro=0.7016 val_f1_weighted=0.7519 val_prec_macro=0.7019 val_rec_macro=0.7058 val_metric_name=acc val_metric=0.7552
Step 4300 | loss 0.0009 | val_acc=0.7580 val_loss=1.9977 val_f1_macro=0.7090 val_f1_weighted=0.7557 val_prec_macro=0.7051 val_rec_macro=0.7151 val_metric_name=acc val_metric=0.7580
Step 4350 | loss 0.0020 | val_acc=0.7590 val_loss=2.0166 val_f1_macro=0.7095 val_f1_weighted=0.7560 val_prec_macro=0.7098 val_rec_macro=0.7125 val_metric_name=acc val_metric=0.7590
Step 4400 | loss 0.0012 | val_acc=0.7568 val_loss=1.9918 val_f1_macro=0.7051 val_f1_weighted=0.7540 val_prec_macro=0.7045 val_rec_macro=0.7091 val_metric_name=acc val_metric=0.7568
Step 4450 | loss 0.0014 | val_acc=0.7589 val_loss=1.9915 val_f1_macro=0.7118 val_f1_weighted=0.7559 val_prec_macro=0.7142 val_rec_macro=0.7128 val_metric_name=acc val_metric=0.7589
Step 4500 | loss 0.0010 | val_acc=0.7587 val_loss=1.9857 val_f1_macro=0.7067 val_f1_weighted=0.7554 val_prec_macro=0.7091 val_rec_macro=0.7079 val_metric_name=acc val_metric=0.7587
Step 4550 | loss 0.0011 | val_acc=0.7589 val_loss=1.9848 val_f1_macro=0.7113 val_f1_weighted=0.7555 val_prec_macro=0.7094 val_rec_macro=0.7164 val_metric_name=acc val_metric=0.7589
Step 4600 | loss 0.0011 | val_acc=0.7638 val_loss=2.0235 val_f1_macro=0.7183 val_f1_weighted=0.7603 val_prec_macro=0.7174 val_rec_macro=0.7226 val_metric_name=acc val_metric=0.7638
Step 4650 | loss 0.0009 | val_acc=0.7592 val_loss=2.0287 val_f1_macro=0.7104 val_f1_weighted=0.7565 val_prec_macro=0.7109 val_rec_macro=0.7141 val_metric_name=acc val_metric=0.7592
Step 4700 | loss 0.0006 | val_acc=0.7645 val_loss=1.9795 val_f1_macro=0.7139 val_f1_weighted=0.7605 val_prec_macro=0.7179 val_rec_macro=0.7137 val_metric_name=acc val_metric=0.7645
Step 4750 | loss 0.0008 | val_acc=0.7585 val_loss=1.9995 val_f1_macro=0.7111 val_f1_weighted=0.7566 val_prec_macro=0.7126 val_rec_macro=0.7119 val_metric_name=acc val_metric=0.7585
Step 4800 | loss 0.0010 | val_acc=0.7569 val_loss=2.0154 val_f1_macro=0.7069 val_f1_weighted=0.7542 val_prec_macro=0.7102 val_rec_macro=0.7080 val_metric_name=acc val_metric=0.7569
Step 4850 | loss 0.0010 | val_acc=0.7569 val_loss=2.0231 val_f1_macro=0.7046 val_f1_weighted=0.7531 val_prec_macro=0.7038 val_rec_macro=0.7095 val_metric_name=acc val_metric=0.7569
Step 4900 | loss 0.0008 | val_acc=0.7620 val_loss=2.0102 val_f1_macro=0.7104 val_f1_weighted=0.7581 val_prec_macro=0.7177 val_rec_macro=0.7069 val_metric_name=acc val_metric=0.7620
Step 4950 | loss 0.0014 | val_acc=0.7608 val_loss=2.0169 val_f1_macro=0.7101 val_f1_weighted=0.7571 val_prec_macro=0.7125 val_rec_macro=0.7119 val_metric_name=acc val_metric=0.7608
Step 5000 | loss 0.0008 | val_acc=0.7532 val_loss=2.0347 val_f1_macro=0.7041 val_f1_weighted=0.7496 val_prec_macro=0.7065 val_rec_macro=0.7065 val_metric_name=acc val_metric=0.7532

--- Final (best ckpt @ step 4700) ---
  train_acc=1.0000 train_loss=0.0000 train_f1_macro=1.0000 train_f1_weighted=1.0000 train_prec_macro=1.0000 train_rec_macro=1.0000 train_metric_name=acc train_metric=1.0000
  val_acc=0.7645 val_loss=1.9795 val_f1_macro=0.7139 val_f1_weighted=0.7605 val_prec_macro=0.7179 val_rec_macro=0.7137 val_metric_name=acc val_metric=0.7645
  test_acc=0.7688 test_loss=1.8303 test_f1_macro=0.7190 test_f1_weighted=0.7665 test_prec_macro=0.7204 test_rec_macro=0.7207 test_metric_name=acc test_metric=0.7688
  test_acc=0.7688

============================================================
Training roman-empire GCN 5L h=512 lr=1e-05 split=6
============================================================
Training for 5000 steps
Step    1 | loss 2.9944 | val_acc=0.0796 val_loss=2.8835 val_f1_macro=0.0358 val_f1_weighted=0.0682 val_prec_macro=0.0543 val_rec_macro=0.0730 val_metric_name=acc val_metric=0.0796
Step   50 | loss 2.3534 | val_acc=0.2990 val_loss=2.2221 val_f1_macro=0.1320 val_f1_weighted=0.2463 val_prec_macro=0.1522 val_rec_macro=0.1518 val_metric_name=acc val_metric=0.2990
Step  100 | loss 2.0272 | val_acc=0.3862 val_loss=1.8918 val_f1_macro=0.2367 val_f1_weighted=0.3440 val_prec_macro=0.3066 val_rec_macro=0.2496 val_metric_name=acc val_metric=0.3862
Step  150 | loss 1.8158 | val_acc=0.4611 val_loss=1.6858 val_f1_macro=0.3198 val_f1_weighted=0.4254 val_prec_macro=0.3502 val_rec_macro=0.3327 val_metric_name=acc val_metric=0.4611
Step  200 | loss 1.6502 | val_acc=0.5080 val_loss=1.5196 val_f1_macro=0.3688 val_f1_weighted=0.4762 val_prec_macro=0.3975 val_rec_macro=0.3846 val_metric_name=acc val_metric=0.5080
Step  250 | loss 1.5030 | val_acc=0.5485 val_loss=1.4033 val_f1_macro=0.4119 val_f1_weighted=0.5198 val_prec_macro=0.4424 val_rec_macro=0.4278 val_metric_name=acc val_metric=0.5485
Step  300 | loss 1.3968 | val_acc=0.5739 val_loss=1.3194 val_f1_macro=0.4451 val_f1_weighted=0.5493 val_prec_macro=0.4685 val_rec_macro=0.4608 val_metric_name=acc val_metric=0.5739
Step  350 | loss 1.3128 | val_acc=0.5928 val_loss=1.2537 val_f1_macro=0.4777 val_f1_weighted=0.5729 val_prec_macro=0.4989 val_rec_macro=0.4887 val_metric_name=acc val_metric=0.5928
Step  400 | loss 1.2191 | val_acc=0.6065 val_loss=1.2034 val_f1_macro=0.4967 val_f1_weighted=0.5901 val_prec_macro=0.5115 val_rec_macro=0.5049 val_metric_name=acc val_metric=0.6065
Step  450 | loss 1.1533 | val_acc=0.6238 val_loss=1.1622 val_f1_macro=0.5183 val_f1_weighted=0.6097 val_prec_macro=0.5288 val_rec_macro=0.5259 val_metric_name=acc val_metric=0.6238
Step  500 | loss 1.0879 | val_acc=0.6320 val_loss=1.1251 val_f1_macro=0.5330 val_f1_weighted=0.6210 val_prec_macro=0.5415 val_rec_macro=0.5388 val_metric_name=acc val_metric=0.6320
Step  550 | loss 1.0397 | val_acc=0.6406 val_loss=1.0969 val_f1_macro=0.5423 val_f1_weighted=0.6305 val_prec_macro=0.5481 val_rec_macro=0.5503 val_metric_name=acc val_metric=0.6406
Step  600 | loss 0.9866 | val_acc=0.6517 val_loss=1.0675 val_f1_macro=0.5608 val_f1_weighted=0.6431 val_prec_macro=0.5649 val_rec_macro=0.5682 val_metric_name=acc val_metric=0.6517
Step  650 | loss 0.9391 | val_acc=0.6597 val_loss=1.0435 val_f1_macro=0.5704 val_f1_weighted=0.6530 val_prec_macro=0.5727 val_rec_macro=0.5776 val_metric_name=acc val_metric=0.6597
Step  700 | loss 0.8826 | val_acc=0.6690 val_loss=1.0200 val_f1_macro=0.5819 val_f1_weighted=0.6631 val_prec_macro=0.5840 val_rec_macro=0.5885 val_metric_name=acc val_metric=0.6690
Step  750 | loss 0.8400 | val_acc=0.6747 val_loss=1.0030 val_f1_macro=0.5898 val_f1_weighted=0.6689 val_prec_macro=0.5911 val_rec_macro=0.5975 val_metric_name=acc val_metric=0.6747
Step  800 | loss 0.8067 | val_acc=0.6817 val_loss=0.9864 val_f1_macro=0.5972 val_f1_weighted=0.6765 val_prec_macro=0.5987 val_rec_macro=0.6051 val_metric_name=acc val_metric=0.6817
Step  850 | loss 0.7627 | val_acc=0.6884 val_loss=0.9721 val_f1_macro=0.6068 val_f1_weighted=0.6837 val_prec_macro=0.6052 val_rec_macro=0.6170 val_metric_name=acc val_metric=0.6884
Step  900 | loss 0.7292 | val_acc=0.6959 val_loss=0.9586 val_f1_macro=0.6152 val_f1_weighted=0.6916 val_prec_macro=0.6144 val_rec_macro=0.6232 val_metric_name=acc val_metric=0.6959
Step  950 | loss 0.6935 | val_acc=0.6999 val_loss=0.9488 val_f1_macro=0.6198 val_f1_weighted=0.6956 val_prec_macro=0.6204 val_rec_macro=0.6265 val_metric_name=acc val_metric=0.6999
Step 1000 | loss 0.6593 | val_acc=0.7027 val_loss=0.9460 val_f1_macro=0.6286 val_f1_weighted=0.6988 val_prec_macro=0.6286 val_rec_macro=0.6357 val_metric_name=acc val_metric=0.7027
Step 1050 | loss 0.6362 | val_acc=0.7061 val_loss=0.9403 val_f1_macro=0.6325 val_f1_weighted=0.7023 val_prec_macro=0.6301 val_rec_macro=0.6416 val_metric_name=acc val_metric=0.7061
Step 1100 | loss 0.5984 | val_acc=0.7063 val_loss=0.9399 val_f1_macro=0.6325 val_f1_weighted=0.7027 val_prec_macro=0.6306 val_rec_macro=0.6407 val_metric_name=acc val_metric=0.7063
Step 1150 | loss 0.5717 | val_acc=0.7079 val_loss=0.9395 val_f1_macro=0.6338 val_f1_weighted=0.7053 val_prec_macro=0.6315 val_rec_macro=0.6422 val_metric_name=acc val_metric=0.7079
Step 1200 | loss 0.5464 | val_acc=0.7087 val_loss=0.9425 val_f1_macro=0.6348 val_f1_weighted=0.7062 val_prec_macro=0.6327 val_rec_macro=0.6425 val_metric_name=acc val_metric=0.7087
Step 1250 | loss 0.5219 | val_acc=0.7094 val_loss=0.9412 val_f1_macro=0.6395 val_f1_weighted=0.7074 val_prec_macro=0.6379 val_rec_macro=0.6475 val_metric_name=acc val_metric=0.7094
Step 1300 | loss 0.4958 | val_acc=0.7137 val_loss=0.9445 val_f1_macro=0.6443 val_f1_weighted=0.7118 val_prec_macro=0.6425 val_rec_macro=0.6516 val_metric_name=acc val_metric=0.7137
Step 1350 | loss 0.4692 | val_acc=0.7154 val_loss=0.9522 val_f1_macro=0.6488 val_f1_weighted=0.7131 val_prec_macro=0.6458 val_rec_macro=0.6578 val_metric_name=acc val_metric=0.7154
Step 1400 | loss 0.4465 | val_acc=0.7153 val_loss=0.9619 val_f1_macro=0.6502 val_f1_weighted=0.7134 val_prec_macro=0.6470 val_rec_macro=0.6594 val_metric_name=acc val_metric=0.7153
Step 1450 | loss 0.4303 | val_acc=0.7140 val_loss=0.9681 val_f1_macro=0.6493 val_f1_weighted=0.7121 val_prec_macro=0.6458 val_rec_macro=0.6578 val_metric_name=acc val_metric=0.7140
Step 1500 | loss 0.4032 | val_acc=0.7124 val_loss=0.9797 val_f1_macro=0.6478 val_f1_weighted=0.7112 val_prec_macro=0.6427 val_rec_macro=0.6580 val_metric_name=acc val_metric=0.7124
Step 1550 | loss 0.3931 | val_acc=0.7119 val_loss=0.9882 val_f1_macro=0.6480 val_f1_weighted=0.7109 val_prec_macro=0.6430 val_rec_macro=0.6577 val_metric_name=acc val_metric=0.7119
Step 1600 | loss 0.3701 | val_acc=0.7153 val_loss=0.9977 val_f1_macro=0.6523 val_f1_weighted=0.7141 val_prec_macro=0.6489 val_rec_macro=0.6607 val_metric_name=acc val_metric=0.7153
Step 1650 | loss 0.3529 | val_acc=0.7153 val_loss=1.0062 val_f1_macro=0.6536 val_f1_weighted=0.7143 val_prec_macro=0.6496 val_rec_macro=0.6623 val_metric_name=acc val_metric=0.7153
Step 1700 | loss 0.3396 | val_acc=0.7163 val_loss=1.0209 val_f1_macro=0.6553 val_f1_weighted=0.7151 val_prec_macro=0.6505 val_rec_macro=0.6648 val_metric_name=acc val_metric=0.7163
Step 1750 | loss 0.3153 | val_acc=0.7147 val_loss=1.0331 val_f1_macro=0.6537 val_f1_weighted=0.7135 val_prec_macro=0.6502 val_rec_macro=0.6620 val_metric_name=acc val_metric=0.7147
Step 1800 | loss 0.3068 | val_acc=0.7147 val_loss=1.0442 val_f1_macro=0.6534 val_f1_weighted=0.7140 val_prec_macro=0.6478 val_rec_macro=0.6638 val_metric_name=acc val_metric=0.7147
Step 1850 | loss 0.2957 | val_acc=0.7135 val_loss=1.0517 val_f1_macro=0.6504 val_f1_weighted=0.7122 val_prec_macro=0.6458 val_rec_macro=0.6599 val_metric_name=acc val_metric=0.7135
Step 1900 | loss 0.2735 | val_acc=0.7140 val_loss=1.0652 val_f1_macro=0.6520 val_f1_weighted=0.7132 val_prec_macro=0.6464 val_rec_macro=0.6627 val_metric_name=acc val_metric=0.7140
Step 1950 | loss 0.2657 | val_acc=0.7121 val_loss=1.0797 val_f1_macro=0.6499 val_f1_weighted=0.7112 val_prec_macro=0.6457 val_rec_macro=0.6593 val_metric_name=acc val_metric=0.7121
Step 2000 | loss 0.2508 | val_acc=0.7105 val_loss=1.0935 val_f1_macro=0.6483 val_f1_weighted=0.7100 val_prec_macro=0.6447 val_rec_macro=0.6568 val_metric_name=acc val_metric=0.7105
Step 2050 | loss 0.2395 | val_acc=0.7100 val_loss=1.1005 val_f1_macro=0.6485 val_f1_weighted=0.7097 val_prec_macro=0.6461 val_rec_macro=0.6551 val_metric_name=acc val_metric=0.7100
Step 2100 | loss 0.2322 | val_acc=0.7124 val_loss=1.1079 val_f1_macro=0.6497 val_f1_weighted=0.7114 val_prec_macro=0.6465 val_rec_macro=0.6572 val_metric_name=acc val_metric=0.7124
Early stopping at step 2128

--- Final (best ckpt @ step 1710) ---
  train_acc=0.9614 train_loss=0.1419 train_f1_macro=0.9517 train_f1_weighted=0.9615 train_prec_macro=0.9453 train_rec_macro=0.9594 train_metric_name=acc train_metric=0.9614
  val_acc=0.7170 val_loss=1.0232 val_f1_macro=0.6573 val_f1_weighted=0.7159 val_prec_macro=0.6525 val_rec_macro=0.6666 val_metric_name=acc val_metric=0.7170
  test_acc=0.7181 test_loss=0.9682 test_f1_macro=0.6618 test_f1_weighted=0.7192 test_prec_macro=0.6587 test_rec_macro=0.6723 test_metric_name=acc test_metric=0.7181
  test_acc=0.7181
  >> num_layers=5 hidden_dim=256 lr=3e-05 best_step=1290 val_acc=0.7509 test_acc=0.7462
     val_acc=0.7509 val_f1_macro=0.6905 val_f1_weighted=0.7487 val_loss=0.8554 val_metric=0.7509 val_metric_name=acc val_prec_macro=0.6908 val_rec_macro=0.6933
     test_acc=0.7462 test_f1_macro=0.6899 test_f1_weighted=0.7448 test_loss=0.8194 test_metric=0.7462 test_metric_name=acc test_prec_macro=0.6891 test_rec_macro=0.6938
  >> num_layers=5 hidden_dim=256 lr=6e-05 best_step=4450 val_acc=0.7795 test_acc=0.7790
     val_acc=0.7795 val_f1_macro=0.7314 val_f1_weighted=0.7763 val_loss=1.4948 val_metric=0.7795 val_metric_name=acc val_prec_macro=0.7248 val_rec_macro=0.7408
     test_acc=0.7790 test_f1_macro=0.7338 test_f1_weighted=0.7774 test_loss=1.3888 test_metric=0.7790 test_metric_name=acc test_prec_macro=0.7305 test_rec_macro=0.7390
  >> num_layers=5 hidden_dim=256 lr=0.0001 best_step=3550 val_acc=0.7809 test_acc=0.7856
     val_acc=0.7809 val_f1_macro=0.7326 val_f1_weighted=0.7777 val_loss=1.5314 val_metric=0.7809 val_metric_name=acc val_prec_macro=0.7293 val_rec_macro=0.7398
     test_acc=0.7856 test_f1_macro=0.7391 test_f1_weighted=0.7842 test_loss=1.4255 test_metric=0.7856 test_metric_name=acc test_prec_macro=0.7357 test_rec_macro=0.7448
  >> num_layers=5 hidden_dim=256 lr=1e-05 best_step=3580 val_acc=0.7502 test_acc=0.7464
     val_acc=0.7502 val_f1_macro=0.6921 val_f1_weighted=0.7487 val_loss=0.8557 val_metric=0.7502 val_metric_name=acc val_prec_macro=0.6914 val_rec_macro=0.6958
     test_acc=0.7464 test_f1_macro=0.6900 test_f1_weighted=0.7457 test_loss=0.8214 test_metric=0.7464 test_metric_name=acc test_prec_macro=0.6912 test_rec_macro=0.6927
  >> num_layers=5 hidden_dim=384 lr=3e-05 best_step=4380 val_acc=0.7541 test_acc=0.7619
     val_acc=0.7541 val_f1_macro=0.7010 val_f1_weighted=0.7515 val_loss=1.5758 val_metric=0.7541 val_metric_name=acc val_prec_macro=0.6976 val_rec_macro=0.7066
     test_acc=0.7619 test_f1_macro=0.7114 test_f1_weighted=0.7606 test_loss=1.4579 test_metric=0.7619 test_metric_name=acc test_prec_macro=0.7091 test_rec_macro=0.7157
  >> num_layers=5 hidden_dim=384 lr=6e-05 best_step=4590 val_acc=0.7628 test_acc=0.7713
     val_acc=0.7628 val_f1_macro=0.7111 val_f1_weighted=0.7586 val_loss=1.7762 val_metric=0.7628 val_metric_name=acc val_prec_macro=0.7112 val_rec_macro=0.7139
     test_acc=0.7713 test_f1_macro=0.7173 test_f1_weighted=0.7683 test_loss=1.6489 test_metric=0.7713 test_metric_name=acc test_prec_macro=0.7163 test_rec_macro=0.7214
  >> num_layers=5 hidden_dim=384 lr=0.0001 best_step=3030 val_acc=0.7647 test_acc=0.7737
     val_acc=0.7647 val_f1_macro=0.7141 val_f1_weighted=0.7605 val_loss=1.7194 val_metric=0.7647 val_metric_name=acc val_prec_macro=0.7137 val_rec_macro=0.7168
     test_acc=0.7737 test_f1_macro=0.7223 test_f1_weighted=0.7706 test_loss=1.5954 test_metric=0.7737 test_metric_name=acc test_prec_macro=0.7221 test_rec_macro=0.7252
  >> num_layers=5 hidden_dim=384 lr=1e-05 best_step=2490 val_acc=0.7273 test_acc=0.7261
     val_acc=0.7273 val_f1_macro=0.6634 val_f1_weighted=0.7265 val_loss=0.9804 val_metric=0.7273 val_metric_name=acc val_prec_macro=0.6633 val_rec_macro=0.6664
     test_acc=0.7261 test_f1_macro=0.6705 test_f1_weighted=0.7273 test_loss=0.9215 test_metric=0.7261 test_metric_name=acc test_prec_macro=0.6661 test_rec_macro=0.6789
  >> num_layers=5 hidden_dim=512 lr=3e-05 best_step=500 val_acc=0.7197 test_acc=0.7188
     val_acc=0.7197 val_f1_macro=0.6514 val_f1_weighted=0.7173 val_loss=0.9380 val_metric=0.7197 val_metric_name=acc val_prec_macro=0.6461 val_rec_macro=0.6622
     test_acc=0.7188 test_f1_macro=0.6610 test_f1_weighted=0.7184 test_loss=0.8937 test_metric=0.7188 test_metric_name=acc test_prec_macro=0.6564 test_rec_macro=0.6727
  >> num_layers=5 hidden_dim=512 lr=6e-05 best_step=4900 val_acc=0.7583 test_acc=0.7577
     val_acc=0.7583 val_f1_macro=0.7058 val_f1_weighted=0.7540 val_loss=1.9977 val_metric=0.7583 val_metric_name=acc val_prec_macro=0.7099 val_rec_macro=0.7066
     test_acc=0.7577 test_f1_macro=0.7073 test_f1_weighted=0.7551 test_loss=1.8483 test_metric=0.7577 test_metric_name=acc test_prec_macro=0.7085 test_rec_macro=0.7095
  >> num_layers=5 hidden_dim=512 lr=0.0001 best_step=4700 val_acc=0.7645 test_acc=0.7688
     val_acc=0.7645 val_f1_macro=0.7139 val_f1_weighted=0.7605 val_loss=1.9795 val_metric=0.7645 val_metric_name=acc val_prec_macro=0.7179 val_rec_macro=0.7137
     test_acc=0.7688 test_f1_macro=0.7190 test_f1_weighted=0.7665 test_loss=1.8303 test_metric=0.7688 test_metric_name=acc test_prec_macro=0.7204 test_rec_macro=0.7207
  >> num_layers=5 hidden_dim=512 lr=1e-05 best_step=1710 val_acc=0.7170 test_acc=0.7181
     val_acc=0.7170 val_f1_macro=0.6573 val_f1_weighted=0.7159 val_loss=1.0232 val_metric=0.7170 val_metric_name=acc val_prec_macro=0.6525 val_rec_macro=0.6666
     test_acc=0.7181 test_f1_macro=0.6618 test_f1_weighted=0.7192 test_loss=0.9682 test_metric=0.7181 test_metric_name=acc test_prec_macro=0.6587 test_rec_macro=0.6723
  >> selected best (by val): num_layers=5 hidden_dim=256 lr=0.0001 val_acc=0.7809 test_acc=0.7856
     val_acc=0.7809 val_f1_macro=0.7326 val_f1_weighted=0.7777 val_loss=1.5314 val_metric=0.7809 val_metric_name=acc val_prec_macro=0.7293 val_rec_macro=0.7398
     test_acc=0.7856 test_f1_macro=0.7391 test_f1_weighted=0.7842 test_loss=1.4255 test_metric=0.7856 test_metric_name=acc test_prec_macro=0.7357 test_rec_macro=0.7448

Done. Results saved to /home/avshmelev/diploma_yandex_graphs/results_grid/roman_empire/base.csv, checkpoints in /home/avshmelev/diploma_yandex_graphs/all_checkpoints/roman_empire/base/
