Loading data...

============================================================
Training roman-empire GCN 1L h=256 lr=3e-05 split=9
============================================================
Training for 5000 steps
Step    1 | loss 3.1742 | val_acc=0.0392 val_loss=3.1774 val_f1_macro=0.0099 val_f1_weighted=0.0085 val_prec_macro=0.0319 val_rec_macro=0.0584 val_metric_name=acc val_metric=0.0392
Step   50 | loss 2.4679 | val_acc=0.2874 val_loss=2.3711 val_f1_macro=0.0957 val_f1_weighted=0.2105 val_prec_macro=0.1156 val_rec_macro=0.1285 val_metric_name=acc val_metric=0.2874
Step  100 | loss 2.1079 | val_acc=0.4118 val_loss=1.9730 val_f1_macro=0.1952 val_f1_weighted=0.3493 val_prec_macro=0.2588 val_rec_macro=0.2236 val_metric_name=acc val_metric=0.4118
Step  150 | loss 1.8537 | val_acc=0.4745 val_loss=1.7284 val_f1_macro=0.2676 val_f1_weighted=0.4175 val_prec_macro=0.3832 val_rec_macro=0.2853 val_metric_name=acc val_metric=0.4745
Step  200 | loss 1.6720 | val_acc=0.5269 val_loss=1.5696 val_f1_macro=0.3348 val_f1_weighted=0.4753 val_prec_macro=0.5109 val_rec_macro=0.3450 val_metric_name=acc val_metric=0.5269
Step  250 | loss 1.5343 | val_acc=0.5562 val_loss=1.4467 val_f1_macro=0.3842 val_f1_weighted=0.5121 val_prec_macro=0.5145 val_rec_macro=0.3865 val_metric_name=acc val_metric=0.5562
Step  300 | loss 1.4264 | val_acc=0.5838 val_loss=1.3455 val_f1_macro=0.4263 val_f1_weighted=0.5450 val_prec_macro=0.5417 val_rec_macro=0.4265 val_metric_name=acc val_metric=0.5838
Step  350 | loss 1.3273 | val_acc=0.6081 val_loss=1.2602 val_f1_macro=0.4602 val_f1_weighted=0.5754 val_prec_macro=0.5903 val_rec_macro=0.4572 val_metric_name=acc val_metric=0.6081
Step  400 | loss 1.2433 | val_acc=0.6274 val_loss=1.1899 val_f1_macro=0.4926 val_f1_weighted=0.5995 val_prec_macro=0.5803 val_rec_macro=0.4869 val_metric_name=acc val_metric=0.6274
Step  450 | loss 1.1710 | val_acc=0.6434 val_loss=1.1310 val_f1_macro=0.5200 val_f1_weighted=0.6201 val_prec_macro=0.6148 val_rec_macro=0.5106 val_metric_name=acc val_metric=0.6434
Step  500 | loss 1.1057 | val_acc=0.6590 val_loss=1.0836 val_f1_macro=0.5394 val_f1_weighted=0.6386 val_prec_macro=0.6306 val_rec_macro=0.5293 val_metric_name=acc val_metric=0.6590
Step  550 | loss 1.0568 | val_acc=0.6718 val_loss=1.0442 val_f1_macro=0.5608 val_f1_weighted=0.6542 val_prec_macro=0.6359 val_rec_macro=0.5487 val_metric_name=acc val_metric=0.6718
Step  600 | loss 1.0053 | val_acc=0.6800 val_loss=1.0127 val_f1_macro=0.5758 val_f1_weighted=0.6642 val_prec_macro=0.6390 val_rec_macro=0.5628 val_metric_name=acc val_metric=0.6800
Step  650 | loss 0.9587 | val_acc=0.6906 val_loss=0.9855 val_f1_macro=0.5943 val_f1_weighted=0.6767 val_prec_macro=0.6526 val_rec_macro=0.5801 val_metric_name=acc val_metric=0.6906
Step  700 | loss 0.9242 | val_acc=0.6953 val_loss=0.9636 val_f1_macro=0.6025 val_f1_weighted=0.6824 val_prec_macro=0.6620 val_rec_macro=0.5874 val_metric_name=acc val_metric=0.6953
Step  750 | loss 0.8944 | val_acc=0.6990 val_loss=0.9425 val_f1_macro=0.6134 val_f1_weighted=0.6873 val_prec_macro=0.6691 val_rec_macro=0.5975 val_metric_name=acc val_metric=0.6990
Step  800 | loss 0.8574 | val_acc=0.7029 val_loss=0.9290 val_f1_macro=0.6195 val_f1_weighted=0.6916 val_prec_macro=0.6700 val_rec_macro=0.6034 val_metric_name=acc val_metric=0.7029
Step  850 | loss 0.8310 | val_acc=0.7066 val_loss=0.9126 val_f1_macro=0.6248 val_f1_weighted=0.6960 val_prec_macro=0.6701 val_rec_macro=0.6103 val_metric_name=acc val_metric=0.7066
Step  900 | loss 0.7961 | val_acc=0.7107 val_loss=0.9013 val_f1_macro=0.6301 val_f1_weighted=0.7000 val_prec_macro=0.6724 val_rec_macro=0.6159 val_metric_name=acc val_metric=0.7107
Step  950 | loss 0.7765 | val_acc=0.7147 val_loss=0.8914 val_f1_macro=0.6386 val_f1_weighted=0.7050 val_prec_macro=0.6805 val_rec_macro=0.6235 val_metric_name=acc val_metric=0.7147
Step 1000 | loss 0.7536 | val_acc=0.7154 val_loss=0.8819 val_f1_macro=0.6392 val_f1_weighted=0.7062 val_prec_macro=0.6777 val_rec_macro=0.6248 val_metric_name=acc val_metric=0.7154
Step 1050 | loss 0.7319 | val_acc=0.7176 val_loss=0.8731 val_f1_macro=0.6411 val_f1_weighted=0.7083 val_prec_macro=0.6762 val_rec_macro=0.6283 val_metric_name=acc val_metric=0.7176
Step 1100 | loss 0.7082 | val_acc=0.7214 val_loss=0.8669 val_f1_macro=0.6454 val_f1_weighted=0.7119 val_prec_macro=0.6774 val_rec_macro=0.6341 val_metric_name=acc val_metric=0.7214
Step 1150 | loss 0.6908 | val_acc=0.7222 val_loss=0.8575 val_f1_macro=0.6480 val_f1_weighted=0.7127 val_prec_macro=0.6800 val_rec_macro=0.6360 val_metric_name=acc val_metric=0.7222
Step 1200 | loss 0.6691 | val_acc=0.7255 val_loss=0.8548 val_f1_macro=0.6525 val_f1_weighted=0.7162 val_prec_macro=0.6827 val_rec_macro=0.6418 val_metric_name=acc val_metric=0.7255
Step 1250 | loss 0.6504 | val_acc=0.7269 val_loss=0.8501 val_f1_macro=0.6553 val_f1_weighted=0.7179 val_prec_macro=0.6846 val_rec_macro=0.6454 val_metric_name=acc val_metric=0.7269
Step 1300 | loss 0.6314 | val_acc=0.7292 val_loss=0.8471 val_f1_macro=0.6589 val_f1_weighted=0.7206 val_prec_macro=0.6862 val_rec_macro=0.6484 val_metric_name=acc val_metric=0.7292
Step 1350 | loss 0.6212 | val_acc=0.7301 val_loss=0.8449 val_f1_macro=0.6596 val_f1_weighted=0.7215 val_prec_macro=0.6853 val_rec_macro=0.6502 val_metric_name=acc val_metric=0.7301
Step 1400 | loss 0.5970 | val_acc=0.7303 val_loss=0.8436 val_f1_macro=0.6593 val_f1_weighted=0.7219 val_prec_macro=0.6835 val_rec_macro=0.6502 val_metric_name=acc val_metric=0.7303
Step 1450 | loss 0.5819 | val_acc=0.7354 val_loss=0.8368 val_f1_macro=0.6650 val_f1_weighted=0.7276 val_prec_macro=0.6861 val_rec_macro=0.6569 val_metric_name=acc val_metric=0.7354
Step 1500 | loss 0.5653 | val_acc=0.7345 val_loss=0.8375 val_f1_macro=0.6661 val_f1_weighted=0.7271 val_prec_macro=0.6853 val_rec_macro=0.6595 val_metric_name=acc val_metric=0.7345
Step 1550 | loss 0.5516 | val_acc=0.7350 val_loss=0.8377 val_f1_macro=0.6663 val_f1_weighted=0.7276 val_prec_macro=0.6837 val_rec_macro=0.6602 val_metric_name=acc val_metric=0.7350
Step 1600 | loss 0.5325 | val_acc=0.7345 val_loss=0.8412 val_f1_macro=0.6657 val_f1_weighted=0.7269 val_prec_macro=0.6818 val_rec_macro=0.6609 val_metric_name=acc val_metric=0.7345
Step 1650 | loss 0.5229 | val_acc=0.7361 val_loss=0.8405 val_f1_macro=0.6665 val_f1_weighted=0.7283 val_prec_macro=0.6819 val_rec_macro=0.6611 val_metric_name=acc val_metric=0.7361
Step 1700 | loss 0.5058 | val_acc=0.7373 val_loss=0.8410 val_f1_macro=0.6688 val_f1_weighted=0.7299 val_prec_macro=0.6834 val_rec_macro=0.6638 val_metric_name=acc val_metric=0.7373
Step 1750 | loss 0.4944 | val_acc=0.7382 val_loss=0.8416 val_f1_macro=0.6702 val_f1_weighted=0.7311 val_prec_macro=0.6842 val_rec_macro=0.6654 val_metric_name=acc val_metric=0.7382
Step 1800 | loss 0.4757 | val_acc=0.7384 val_loss=0.8462 val_f1_macro=0.6701 val_f1_weighted=0.7311 val_prec_macro=0.6845 val_rec_macro=0.6647 val_metric_name=acc val_metric=0.7384
Step 1850 | loss 0.4727 | val_acc=0.7382 val_loss=0.8455 val_f1_macro=0.6715 val_f1_weighted=0.7313 val_prec_macro=0.6841 val_rec_macro=0.6668 val_metric_name=acc val_metric=0.7382
Step 1900 | loss 0.4581 | val_acc=0.7380 val_loss=0.8538 val_f1_macro=0.6704 val_f1_weighted=0.7310 val_prec_macro=0.6829 val_rec_macro=0.6665 val_metric_name=acc val_metric=0.7380
Step 1950 | loss 0.4445 | val_acc=0.7387 val_loss=0.8573 val_f1_macro=0.6706 val_f1_weighted=0.7314 val_prec_macro=0.6826 val_rec_macro=0.6668 val_metric_name=acc val_metric=0.7387
Step 2000 | loss 0.4351 | val_acc=0.7400 val_loss=0.8613 val_f1_macro=0.6737 val_f1_weighted=0.7325 val_prec_macro=0.6846 val_rec_macro=0.6708 val_metric_name=acc val_metric=0.7400
Step 2050 | loss 0.4210 | val_acc=0.7409 val_loss=0.8634 val_f1_macro=0.6733 val_f1_weighted=0.7338 val_prec_macro=0.6848 val_rec_macro=0.6692 val_metric_name=acc val_metric=0.7409
Step 2100 | loss 0.4104 | val_acc=0.7396 val_loss=0.8749 val_f1_macro=0.6732 val_f1_weighted=0.7321 val_prec_macro=0.6834 val_rec_macro=0.6705 val_metric_name=acc val_metric=0.7396
Step 2150 | loss 0.3991 | val_acc=0.7405 val_loss=0.8817 val_f1_macro=0.6751 val_f1_weighted=0.7339 val_prec_macro=0.6864 val_rec_macro=0.6715 val_metric_name=acc val_metric=0.7405
Step 2200 | loss 0.3858 | val_acc=0.7389 val_loss=0.8839 val_f1_macro=0.6724 val_f1_weighted=0.7321 val_prec_macro=0.6828 val_rec_macro=0.6691 val_metric_name=acc val_metric=0.7389
Step 2250 | loss 0.3721 | val_acc=0.7396 val_loss=0.8938 val_f1_macro=0.6745 val_f1_weighted=0.7326 val_prec_macro=0.6845 val_rec_macro=0.6716 val_metric_name=acc val_metric=0.7396
Step 2300 | loss 0.3604 | val_acc=0.7391 val_loss=0.8974 val_f1_macro=0.6739 val_f1_weighted=0.7325 val_prec_macro=0.6844 val_rec_macro=0.6707 val_metric_name=acc val_metric=0.7391
Step 2350 | loss 0.3557 | val_acc=0.7393 val_loss=0.9028 val_f1_macro=0.6754 val_f1_weighted=0.7336 val_prec_macro=0.6839 val_rec_macro=0.6729 val_metric_name=acc val_metric=0.7393
Step 2400 | loss 0.3476 | val_acc=0.7382 val_loss=0.9158 val_f1_macro=0.6730 val_f1_weighted=0.7318 val_prec_macro=0.6813 val_rec_macro=0.6709 val_metric_name=acc val_metric=0.7382
Step 2450 | loss 0.3440 | val_acc=0.7386 val_loss=0.9224 val_f1_macro=0.6740 val_f1_weighted=0.7325 val_prec_macro=0.6834 val_rec_macro=0.6713 val_metric_name=acc val_metric=0.7386
Early stopping at step 2470

--- Final (best ckpt @ step 2170) ---
  train_acc=0.9249 train_loss=0.2399 train_f1_macro=0.9145 train_f1_weighted=0.9236 train_prec_macro=0.9224 train_rec_macro=0.9101 train_metric_name=acc train_metric=0.9249
  val_acc=0.7414 val_loss=0.8805 val_f1_macro=0.6757 val_f1_weighted=0.7343 val_prec_macro=0.6849 val_rec_macro=0.6733 val_metric_name=acc val_metric=0.7414
  test_acc=0.7457 test_loss=0.8899 test_f1_macro=0.6826 test_f1_weighted=0.7393 test_prec_macro=0.6929 test_rec_macro=0.6822 test_metric_name=acc test_metric=0.7457
  test_acc=0.7457

============================================================
Training roman-empire GCN 1L h=256 lr=6e-05 split=9
============================================================
Training for 5000 steps
Step    1 | loss 3.1742 | val_acc=0.0401 val_loss=3.1303 val_f1_macro=0.0111 val_f1_weighted=0.0119 val_prec_macro=0.0362 val_rec_macro=0.0567 val_metric_name=acc val_metric=0.0401
Step   50 | loss 2.1880 | val_acc=0.3972 val_loss=2.0455 val_f1_macro=0.1855 val_f1_weighted=0.3342 val_prec_macro=0.1982 val_rec_macro=0.2123 val_metric_name=acc val_metric=0.3972
Step  100 | loss 1.7129 | val_acc=0.5094 val_loss=1.6169 val_f1_macro=0.3159 val_f1_weighted=0.4564 val_prec_macro=0.4313 val_rec_macro=0.3289 val_metric_name=acc val_metric=0.5094
Step  150 | loss 1.4601 | val_acc=0.5726 val_loss=1.3826 val_f1_macro=0.4104 val_f1_weighted=0.5317 val_prec_macro=0.5273 val_rec_macro=0.4121 val_metric_name=acc val_metric=0.5726
Step  200 | loss 1.2760 | val_acc=0.6207 val_loss=1.2194 val_f1_macro=0.4814 val_f1_weighted=0.5909 val_prec_macro=0.5716 val_rec_macro=0.4772 val_metric_name=acc val_metric=0.6207
Step  250 | loss 1.1342 | val_acc=0.6508 val_loss=1.1059 val_f1_macro=0.5293 val_f1_weighted=0.6290 val_prec_macro=0.6208 val_rec_macro=0.5206 val_metric_name=acc val_metric=0.6508
Step  300 | loss 1.0330 | val_acc=0.6766 val_loss=1.0287 val_f1_macro=0.5701 val_f1_weighted=0.6604 val_prec_macro=0.6386 val_rec_macro=0.5572 val_metric_name=acc val_metric=0.6766
Step  350 | loss 0.9490 | val_acc=0.6918 val_loss=0.9772 val_f1_macro=0.5950 val_f1_weighted=0.6775 val_prec_macro=0.6573 val_rec_macro=0.5802 val_metric_name=acc val_metric=0.6918
Step  400 | loss 0.8830 | val_acc=0.7001 val_loss=0.9390 val_f1_macro=0.6131 val_f1_weighted=0.6879 val_prec_macro=0.6648 val_rec_macro=0.5985 val_metric_name=acc val_metric=0.7001
Step  450 | loss 0.8204 | val_acc=0.7084 val_loss=0.9096 val_f1_macro=0.6283 val_f1_weighted=0.6983 val_prec_macro=0.6729 val_rec_macro=0.6138 val_metric_name=acc val_metric=0.7084
Step  500 | loss 0.7686 | val_acc=0.7156 val_loss=0.8869 val_f1_macro=0.6387 val_f1_weighted=0.7059 val_prec_macro=0.6798 val_rec_macro=0.6247 val_metric_name=acc val_metric=0.7156
Step  550 | loss 0.7320 | val_acc=0.7188 val_loss=0.8702 val_f1_macro=0.6436 val_f1_weighted=0.7098 val_prec_macro=0.6776 val_rec_macro=0.6303 val_metric_name=acc val_metric=0.7188
Step  600 | loss 0.6887 | val_acc=0.7239 val_loss=0.8602 val_f1_macro=0.6505 val_f1_weighted=0.7145 val_prec_macro=0.6817 val_rec_macro=0.6389 val_metric_name=acc val_metric=0.7239
Step  650 | loss 0.6487 | val_acc=0.7260 val_loss=0.8530 val_f1_macro=0.6541 val_f1_weighted=0.7172 val_prec_macro=0.6843 val_rec_macro=0.6440 val_metric_name=acc val_metric=0.7260
Step  700 | loss 0.6180 | val_acc=0.7299 val_loss=0.8482 val_f1_macro=0.6594 val_f1_weighted=0.7213 val_prec_macro=0.6830 val_rec_macro=0.6515 val_metric_name=acc val_metric=0.7299
Step  750 | loss 0.5907 | val_acc=0.7329 val_loss=0.8375 val_f1_macro=0.6631 val_f1_weighted=0.7255 val_prec_macro=0.6871 val_rec_macro=0.6541 val_metric_name=acc val_metric=0.7329
Step  800 | loss 0.5577 | val_acc=0.7354 val_loss=0.8389 val_f1_macro=0.6660 val_f1_weighted=0.7280 val_prec_macro=0.6877 val_rec_macro=0.6575 val_metric_name=acc val_metric=0.7354
Step  850 | loss 0.5322 | val_acc=0.7368 val_loss=0.8383 val_f1_macro=0.6692 val_f1_weighted=0.7296 val_prec_macro=0.6845 val_rec_macro=0.6635 val_metric_name=acc val_metric=0.7368
Step  900 | loss 0.4990 | val_acc=0.7370 val_loss=0.8426 val_f1_macro=0.6698 val_f1_weighted=0.7297 val_prec_macro=0.6853 val_rec_macro=0.6642 val_metric_name=acc val_metric=0.7370
Step  950 | loss 0.4814 | val_acc=0.7405 val_loss=0.8449 val_f1_macro=0.6740 val_f1_weighted=0.7330 val_prec_macro=0.6878 val_rec_macro=0.6689 val_metric_name=acc val_metric=0.7405
Step 1000 | loss 0.4562 | val_acc=0.7402 val_loss=0.8575 val_f1_macro=0.6745 val_f1_weighted=0.7326 val_prec_macro=0.6860 val_rec_macro=0.6710 val_metric_name=acc val_metric=0.7402
Step 1050 | loss 0.4325 | val_acc=0.7402 val_loss=0.8599 val_f1_macro=0.6757 val_f1_weighted=0.7335 val_prec_macro=0.6861 val_rec_macro=0.6724 val_metric_name=acc val_metric=0.7402
Step 1100 | loss 0.4148 | val_acc=0.7414 val_loss=0.8671 val_f1_macro=0.6764 val_f1_weighted=0.7348 val_prec_macro=0.6883 val_rec_macro=0.6719 val_metric_name=acc val_metric=0.7414
Step 1150 | loss 0.3954 | val_acc=0.7405 val_loss=0.8793 val_f1_macro=0.6751 val_f1_weighted=0.7340 val_prec_macro=0.6880 val_rec_macro=0.6694 val_metric_name=acc val_metric=0.7405
Step 1200 | loss 0.3715 | val_acc=0.7387 val_loss=0.8985 val_f1_macro=0.6744 val_f1_weighted=0.7318 val_prec_macro=0.6846 val_rec_macro=0.6711 val_metric_name=acc val_metric=0.7387
Step 1250 | loss 0.3462 | val_acc=0.7400 val_loss=0.9070 val_f1_macro=0.6762 val_f1_weighted=0.7336 val_prec_macro=0.6859 val_rec_macro=0.6734 val_metric_name=acc val_metric=0.7400
Step 1300 | loss 0.3307 | val_acc=0.7382 val_loss=0.9249 val_f1_macro=0.6765 val_f1_weighted=0.7325 val_prec_macro=0.6862 val_rec_macro=0.6728 val_metric_name=acc val_metric=0.7382
Early stopping at step 1310

--- Final (best ckpt @ step 1010) ---
  train_acc=0.9036 train_loss=0.3005 train_f1_macro=0.8885 train_f1_weighted=0.9020 train_prec_macro=0.9013 train_rec_macro=0.8807 train_metric_name=acc train_metric=0.9036
  val_acc=0.7428 val_loss=0.8488 val_f1_macro=0.6763 val_f1_weighted=0.7361 val_prec_macro=0.6903 val_rec_macro=0.6712 val_metric_name=acc val_metric=0.7428
  test_acc=0.7450 test_loss=0.8575 test_f1_macro=0.6789 test_f1_weighted=0.7386 test_prec_macro=0.6938 test_rec_macro=0.6760 test_metric_name=acc test_metric=0.7450
  test_acc=0.7450

============================================================
Training roman-empire GCN 1L h=256 lr=0.0001 split=9
============================================================
Training for 5000 steps
Step    1 | loss 3.1742 | val_acc=0.0461 val_loss=3.0707 val_f1_macro=0.0150 val_f1_weighted=0.0194 val_prec_macro=0.0191 val_rec_macro=0.0568 val_metric_name=acc val_metric=0.0461
Step   50 | loss 1.9090 | val_acc=0.4572 val_loss=1.7816 val_f1_macro=0.2531 val_f1_weighted=0.4020 val_prec_macro=0.3781 val_rec_macro=0.2716 val_metric_name=acc val_metric=0.4572
Step  100 | loss 1.4313 | val_acc=0.5785 val_loss=1.3681 val_f1_macro=0.4190 val_f1_weighted=0.5389 val_prec_macro=0.5034 val_rec_macro=0.4213 val_metric_name=acc val_metric=0.5785
Step  150 | loss 1.1701 | val_acc=0.6399 val_loss=1.1362 val_f1_macro=0.5155 val_f1_weighted=0.6164 val_prec_macro=0.6007 val_rec_macro=0.5081 val_metric_name=acc val_metric=0.6399
Step  200 | loss 1.0027 | val_acc=0.6796 val_loss=1.0110 val_f1_macro=0.5754 val_f1_weighted=0.6643 val_prec_macro=0.6379 val_rec_macro=0.5626 val_metric_name=acc val_metric=0.6796
Step  250 | loss 0.8813 | val_acc=0.6985 val_loss=0.9391 val_f1_macro=0.6116 val_f1_weighted=0.6872 val_prec_macro=0.6615 val_rec_macro=0.5968 val_metric_name=acc val_metric=0.6985
Step  300 | loss 0.7975 | val_acc=0.7112 val_loss=0.8932 val_f1_macro=0.6355 val_f1_weighted=0.7020 val_prec_macro=0.6770 val_rec_macro=0.6204 val_metric_name=acc val_metric=0.7112
Step  350 | loss 0.7246 | val_acc=0.7190 val_loss=0.8731 val_f1_macro=0.6458 val_f1_weighted=0.7099 val_prec_macro=0.6796 val_rec_macro=0.6336 val_metric_name=acc val_metric=0.7190
Step  400 | loss 0.6674 | val_acc=0.7289 val_loss=0.8486 val_f1_macro=0.6592 val_f1_weighted=0.7207 val_prec_macro=0.6862 val_rec_macro=0.6488 val_metric_name=acc val_metric=0.7289
Step  450 | loss 0.6082 | val_acc=0.7357 val_loss=0.8404 val_f1_macro=0.6677 val_f1_weighted=0.7280 val_prec_macro=0.6881 val_rec_macro=0.6601 val_metric_name=acc val_metric=0.7357
Step  500 | loss 0.5594 | val_acc=0.7357 val_loss=0.8364 val_f1_macro=0.6662 val_f1_weighted=0.7282 val_prec_macro=0.6844 val_rec_macro=0.6603 val_metric_name=acc val_metric=0.7357
Step  550 | loss 0.5213 | val_acc=0.7382 val_loss=0.8396 val_f1_macro=0.6695 val_f1_weighted=0.7308 val_prec_macro=0.6864 val_rec_macro=0.6627 val_metric_name=acc val_metric=0.7382
Step  600 | loss 0.4777 | val_acc=0.7382 val_loss=0.8482 val_f1_macro=0.6697 val_f1_weighted=0.7309 val_prec_macro=0.6834 val_rec_macro=0.6650 val_metric_name=acc val_metric=0.7382
Step  650 | loss 0.4384 | val_acc=0.7396 val_loss=0.8624 val_f1_macro=0.6722 val_f1_weighted=0.7324 val_prec_macro=0.6851 val_rec_macro=0.6681 val_metric_name=acc val_metric=0.7396
Step  700 | loss 0.4051 | val_acc=0.7402 val_loss=0.8745 val_f1_macro=0.6756 val_f1_weighted=0.7340 val_prec_macro=0.6836 val_rec_macro=0.6732 val_metric_name=acc val_metric=0.7402
Step  750 | loss 0.3761 | val_acc=0.7382 val_loss=0.8903 val_f1_macro=0.6754 val_f1_weighted=0.7328 val_prec_macro=0.6819 val_rec_macro=0.6737 val_metric_name=acc val_metric=0.7382
Step  800 | loss 0.3449 | val_acc=0.7391 val_loss=0.9161 val_f1_macro=0.6747 val_f1_weighted=0.7335 val_prec_macro=0.6860 val_rec_macro=0.6704 val_metric_name=acc val_metric=0.7391
Step  850 | loss 0.3187 | val_acc=0.7393 val_loss=0.9443 val_f1_macro=0.6762 val_f1_weighted=0.7333 val_prec_macro=0.6834 val_rec_macro=0.6756 val_metric_name=acc val_metric=0.7393
Step  900 | loss 0.2876 | val_acc=0.7384 val_loss=0.9688 val_f1_macro=0.6773 val_f1_weighted=0.7331 val_prec_macro=0.6833 val_rec_macro=0.6769 val_metric_name=acc val_metric=0.7384
Step  950 | loss 0.2722 | val_acc=0.7405 val_loss=0.9849 val_f1_macro=0.6796 val_f1_weighted=0.7350 val_prec_macro=0.6849 val_rec_macro=0.6799 val_metric_name=acc val_metric=0.7405
Step 1000 | loss 0.2472 | val_acc=0.7414 val_loss=1.0100 val_f1_macro=0.6793 val_f1_weighted=0.7365 val_prec_macro=0.6863 val_rec_macro=0.6768 val_metric_name=acc val_metric=0.7414
Step 1050 | loss 0.2268 | val_acc=0.7400 val_loss=1.0353 val_f1_macro=0.6799 val_f1_weighted=0.7352 val_prec_macro=0.6844 val_rec_macro=0.6801 val_metric_name=acc val_metric=0.7400
Step 1100 | loss 0.2190 | val_acc=0.7396 val_loss=1.0634 val_f1_macro=0.6790 val_f1_weighted=0.7351 val_prec_macro=0.6851 val_rec_macro=0.6778 val_metric_name=acc val_metric=0.7396
Step 1150 | loss 0.2042 | val_acc=0.7412 val_loss=1.0762 val_f1_macro=0.6805 val_f1_weighted=0.7369 val_prec_macro=0.6865 val_rec_macro=0.6783 val_metric_name=acc val_metric=0.7412
Step 1200 | loss 0.1857 | val_acc=0.7400 val_loss=1.1103 val_f1_macro=0.6784 val_f1_weighted=0.7349 val_prec_macro=0.6825 val_rec_macro=0.6788 val_metric_name=acc val_metric=0.7400
Step 1250 | loss 0.1686 | val_acc=0.7409 val_loss=1.1286 val_f1_macro=0.6796 val_f1_weighted=0.7361 val_prec_macro=0.6851 val_rec_macro=0.6786 val_metric_name=acc val_metric=0.7409
Step 1300 | loss 0.1567 | val_acc=0.7423 val_loss=1.1584 val_f1_macro=0.6822 val_f1_weighted=0.7375 val_prec_macro=0.6871 val_rec_macro=0.6814 val_metric_name=acc val_metric=0.7423
Step 1350 | loss 0.1528 | val_acc=0.7407 val_loss=1.1757 val_f1_macro=0.6813 val_f1_weighted=0.7362 val_prec_macro=0.6851 val_rec_macro=0.6816 val_metric_name=acc val_metric=0.7407
Step 1400 | loss 0.1407 | val_acc=0.7393 val_loss=1.2027 val_f1_macro=0.6788 val_f1_weighted=0.7348 val_prec_macro=0.6810 val_rec_macro=0.6812 val_metric_name=acc val_metric=0.7393
Step 1450 | loss 0.1308 | val_acc=0.7395 val_loss=1.2166 val_f1_macro=0.6797 val_f1_weighted=0.7355 val_prec_macro=0.6823 val_rec_macro=0.6812 val_metric_name=acc val_metric=0.7395
Step 1500 | loss 0.1293 | val_acc=0.7400 val_loss=1.2311 val_f1_macro=0.6793 val_f1_weighted=0.7360 val_prec_macro=0.6815 val_rec_macro=0.6817 val_metric_name=acc val_metric=0.7400
Step 1550 | loss 0.1166 | val_acc=0.7380 val_loss=1.2526 val_f1_macro=0.6794 val_f1_weighted=0.7342 val_prec_macro=0.6811 val_rec_macro=0.6820 val_metric_name=acc val_metric=0.7380
Step 1600 | loss 0.1095 | val_acc=0.7407 val_loss=1.2728 val_f1_macro=0.6821 val_f1_weighted=0.7368 val_prec_macro=0.6845 val_rec_macro=0.6837 val_metric_name=acc val_metric=0.7407
Step 1650 | loss 0.1035 | val_acc=0.7350 val_loss=1.2939 val_f1_macro=0.6736 val_f1_weighted=0.7306 val_prec_macro=0.6737 val_rec_macro=0.6774 val_metric_name=acc val_metric=0.7350
Step 1700 | loss 0.0974 | val_acc=0.7395 val_loss=1.3093 val_f1_macro=0.6800 val_f1_weighted=0.7349 val_prec_macro=0.6797 val_rec_macro=0.6848 val_metric_name=acc val_metric=0.7395
Early stopping at step 1739

--- Final (best ckpt @ step 1300) ---
  train_acc=0.9925 train_loss=0.0369 train_f1_macro=0.9921 train_f1_weighted=0.9925 train_prec_macro=0.9926 train_rec_macro=0.9917 train_metric_name=acc train_metric=0.9925
  val_acc=0.7423 val_loss=1.1584 val_f1_macro=0.6822 val_f1_weighted=0.7375 val_prec_macro=0.6871 val_rec_macro=0.6814 val_metric_name=acc val_metric=0.7423
  test_acc=0.7346 test_loss=1.1811 test_f1_macro=0.6716 test_f1_weighted=0.7295 test_prec_macro=0.6775 test_rec_macro=0.6720 test_metric_name=acc test_metric=0.7346
  test_acc=0.7346

============================================================
Training roman-empire GCN 1L h=256 lr=1e-05 split=9
============================================================
Training for 5000 steps
Step    1 | loss 3.1742 | val_acc=0.0394 val_loss=3.2099 val_f1_macro=0.0102 val_f1_weighted=0.0075 val_prec_macro=0.0334 val_rec_macro=0.0599 val_metric_name=acc val_metric=0.0394
Step   50 | loss 2.7596 | val_acc=0.1416 val_loss=2.6563 val_f1_macro=0.0362 val_f1_weighted=0.0771 val_prec_macro=0.0670 val_rec_macro=0.0612 val_metric_name=acc val_metric=0.1416
Step  100 | loss 2.5560 | val_acc=0.2364 val_loss=2.4562 val_f1_macro=0.0745 val_f1_weighted=0.1655 val_prec_macro=0.0618 val_rec_macro=0.1035 val_metric_name=acc val_metric=0.2364
Step  150 | loss 2.4353 | val_acc=0.3022 val_loss=2.3205 val_f1_macro=0.1124 val_f1_weighted=0.2305 val_prec_macro=0.2154 val_rec_macro=0.1394 val_metric_name=acc val_metric=0.3022
Step  200 | loss 2.2957 | val_acc=0.3633 val_loss=2.1722 val_f1_macro=0.1614 val_f1_weighted=0.2994 val_prec_macro=0.2015 val_rec_macro=0.1839 val_metric_name=acc val_metric=0.3633
Step  250 | loss 2.1736 | val_acc=0.4016 val_loss=2.0327 val_f1_macro=0.1871 val_f1_weighted=0.3375 val_prec_macro=0.2013 val_rec_macro=0.2148 val_metric_name=acc val_metric=0.4016
Step  300 | loss 2.0657 | val_acc=0.4256 val_loss=1.9194 val_f1_macro=0.2036 val_f1_weighted=0.3624 val_prec_macro=0.2897 val_rec_macro=0.2332 val_metric_name=acc val_metric=0.4256
Step  350 | loss 1.9695 | val_acc=0.4484 val_loss=1.8299 val_f1_macro=0.2274 val_f1_weighted=0.3871 val_prec_macro=0.3525 val_rec_macro=0.2539 val_metric_name=acc val_metric=0.4484
Step  400 | loss 1.8862 | val_acc=0.4665 val_loss=1.7563 val_f1_macro=0.2589 val_f1_weighted=0.4090 val_prec_macro=0.3879 val_rec_macro=0.2771 val_metric_name=acc val_metric=0.4665
Step  450 | loss 1.8216 | val_acc=0.4874 val_loss=1.6933 val_f1_macro=0.2827 val_f1_weighted=0.4310 val_prec_macro=0.4039 val_rec_macro=0.2985 val_metric_name=acc val_metric=0.4874
Step  500 | loss 1.7537 | val_acc=0.5054 val_loss=1.6376 val_f1_macro=0.3049 val_f1_weighted=0.4503 val_prec_macro=0.4493 val_rec_macro=0.3179 val_metric_name=acc val_metric=0.5054
Step  550 | loss 1.6945 | val_acc=0.5222 val_loss=1.5871 val_f1_macro=0.3264 val_f1_weighted=0.4692 val_prec_macro=0.4762 val_rec_macro=0.3374 val_metric_name=acc val_metric=0.5222
Step  600 | loss 1.6478 | val_acc=0.5350 val_loss=1.5412 val_f1_macro=0.3467 val_f1_weighted=0.4856 val_prec_macro=0.5150 val_rec_macro=0.3535 val_metric_name=acc val_metric=0.5350
Step  650 | loss 1.5948 | val_acc=0.5440 val_loss=1.4980 val_f1_macro=0.3612 val_f1_weighted=0.4969 val_prec_macro=0.4622 val_rec_macro=0.3668 val_metric_name=acc val_metric=0.5440
Step  700 | loss 1.5531 | val_acc=0.5543 val_loss=1.4586 val_f1_macro=0.3802 val_f1_weighted=0.5094 val_prec_macro=0.5211 val_rec_macro=0.3821 val_metric_name=acc val_metric=0.5543
Step  750 | loss 1.5114 | val_acc=0.5649 val_loss=1.4206 val_f1_macro=0.3987 val_f1_weighted=0.5226 val_prec_macro=0.5314 val_rec_macro=0.3989 val_metric_name=acc val_metric=0.5649
Step  800 | loss 1.4723 | val_acc=0.5732 val_loss=1.3859 val_f1_macro=0.4096 val_f1_weighted=0.5318 val_prec_macro=0.5333 val_rec_macro=0.4109 val_metric_name=acc val_metric=0.5732
Step  850 | loss 1.4326 | val_acc=0.5816 val_loss=1.3533 val_f1_macro=0.4225 val_f1_weighted=0.5424 val_prec_macro=0.5415 val_rec_macro=0.4227 val_metric_name=acc val_metric=0.5816
Step  900 | loss 1.3925 | val_acc=0.5915 val_loss=1.3220 val_f1_macro=0.4370 val_f1_weighted=0.5541 val_prec_macro=0.5789 val_rec_macro=0.4365 val_metric_name=acc val_metric=0.5915
Step  950 | loss 1.3622 | val_acc=0.6004 val_loss=1.2924 val_f1_macro=0.4486 val_f1_weighted=0.5652 val_prec_macro=0.5837 val_rec_macro=0.4468 val_metric_name=acc val_metric=0.6004
Step 1000 | loss 1.3308 | val_acc=0.6078 val_loss=1.2649 val_f1_macro=0.4589 val_f1_weighted=0.5743 val_prec_macro=0.5883 val_rec_macro=0.4570 val_metric_name=acc val_metric=0.6078
Step 1050 | loss 1.2987 | val_acc=0.6138 val_loss=1.2390 val_f1_macro=0.4713 val_f1_weighted=0.5823 val_prec_macro=0.5992 val_rec_macro=0.4674 val_metric_name=acc val_metric=0.6138
Step 1100 | loss 1.2709 | val_acc=0.6196 val_loss=1.2141 val_f1_macro=0.4813 val_f1_weighted=0.5900 val_prec_macro=0.5751 val_rec_macro=0.4759 val_metric_name=acc val_metric=0.6196
Step 1150 | loss 1.2461 | val_acc=0.6289 val_loss=1.1912 val_f1_macro=0.4955 val_f1_weighted=0.6011 val_prec_macro=0.5949 val_rec_macro=0.4890 val_metric_name=acc val_metric=0.6289
Step 1200 | loss 1.2186 | val_acc=0.6330 val_loss=1.1694 val_f1_macro=0.5016 val_f1_weighted=0.6067 val_prec_macro=0.5981 val_rec_macro=0.4943 val_metric_name=acc val_metric=0.6330
Step 1250 | loss 1.1917 | val_acc=0.6371 val_loss=1.1498 val_f1_macro=0.5089 val_f1_weighted=0.6118 val_prec_macro=0.6057 val_rec_macro=0.5002 val_metric_name=acc val_metric=0.6371
Step 1300 | loss 1.1673 | val_acc=0.6438 val_loss=1.1304 val_f1_macro=0.5196 val_f1_weighted=0.6204 val_prec_macro=0.6151 val_rec_macro=0.5092 val_metric_name=acc val_metric=0.6438
Step 1350 | loss 1.1510 | val_acc=0.6505 val_loss=1.1128 val_f1_macro=0.5272 val_f1_weighted=0.6278 val_prec_macro=0.6207 val_rec_macro=0.5171 val_metric_name=acc val_metric=0.6505
Step 1400 | loss 1.1228 | val_acc=0.6561 val_loss=1.0964 val_f1_macro=0.5346 val_f1_weighted=0.6348 val_prec_macro=0.6288 val_rec_macro=0.5234 val_metric_name=acc val_metric=0.6561
Step 1450 | loss 1.1075 | val_acc=0.6598 val_loss=1.0817 val_f1_macro=0.5418 val_f1_weighted=0.6396 val_prec_macro=0.6262 val_rec_macro=0.5302 val_metric_name=acc val_metric=0.6598
Step 1500 | loss 1.0795 | val_acc=0.6639 val_loss=1.0670 val_f1_macro=0.5472 val_f1_weighted=0.6442 val_prec_macro=0.6299 val_rec_macro=0.5365 val_metric_name=acc val_metric=0.6639
Step 1550 | loss 1.0621 | val_acc=0.6688 val_loss=1.0532 val_f1_macro=0.5553 val_f1_weighted=0.6500 val_prec_macro=0.6308 val_rec_macro=0.5437 val_metric_name=acc val_metric=0.6688
Step 1600 | loss 1.0465 | val_acc=0.6720 val_loss=1.0406 val_f1_macro=0.5602 val_f1_weighted=0.6541 val_prec_macro=0.6342 val_rec_macro=0.5488 val_metric_name=acc val_metric=0.6720
Step 1650 | loss 1.0284 | val_acc=0.6756 val_loss=1.0284 val_f1_macro=0.5672 val_f1_weighted=0.6586 val_prec_macro=0.6371 val_rec_macro=0.5554 val_metric_name=acc val_metric=0.6756
Step 1700 | loss 1.0160 | val_acc=0.6782 val_loss=1.0177 val_f1_macro=0.5721 val_f1_weighted=0.6620 val_prec_macro=0.6373 val_rec_macro=0.5593 val_metric_name=acc val_metric=0.6782
Step 1750 | loss 0.9988 | val_acc=0.6824 val_loss=1.0084 val_f1_macro=0.5788 val_f1_weighted=0.6668 val_prec_macro=0.6433 val_rec_macro=0.5656 val_metric_name=acc val_metric=0.6824
Step 1800 | loss 0.9762 | val_acc=0.6879 val_loss=0.9980 val_f1_macro=0.5883 val_f1_weighted=0.6733 val_prec_macro=0.6545 val_rec_macro=0.5729 val_metric_name=acc val_metric=0.6879
Step 1850 | loss 0.9718 | val_acc=0.6891 val_loss=0.9894 val_f1_macro=0.5910 val_f1_weighted=0.6748 val_prec_macro=0.6552 val_rec_macro=0.5758 val_metric_name=acc val_metric=0.6891
Step 1900 | loss 0.9528 | val_acc=0.6914 val_loss=0.9801 val_f1_macro=0.5960 val_f1_weighted=0.6776 val_prec_macro=0.6587 val_rec_macro=0.5808 val_metric_name=acc val_metric=0.6914
Step 1950 | loss 0.9390 | val_acc=0.6932 val_loss=0.9714 val_f1_macro=0.5982 val_f1_weighted=0.6795 val_prec_macro=0.6577 val_rec_macro=0.5838 val_metric_name=acc val_metric=0.6932
Step 2000 | loss 0.9273 | val_acc=0.6946 val_loss=0.9636 val_f1_macro=0.6012 val_f1_weighted=0.6812 val_prec_macro=0.6589 val_rec_macro=0.5866 val_metric_name=acc val_metric=0.6946
Step 2050 | loss 0.9125 | val_acc=0.6960 val_loss=0.9564 val_f1_macro=0.6063 val_f1_weighted=0.6834 val_prec_macro=0.6663 val_rec_macro=0.5902 val_metric_name=acc val_metric=0.6960
Step 2100 | loss 0.9018 | val_acc=0.6976 val_loss=0.9484 val_f1_macro=0.6096 val_f1_weighted=0.6854 val_prec_macro=0.6669 val_rec_macro=0.5938 val_metric_name=acc val_metric=0.6976
Step 2150 | loss 0.8862 | val_acc=0.6996 val_loss=0.9431 val_f1_macro=0.6130 val_f1_weighted=0.6875 val_prec_macro=0.6684 val_rec_macro=0.5976 val_metric_name=acc val_metric=0.6996
Step 2200 | loss 0.8765 | val_acc=0.7004 val_loss=0.9371 val_f1_macro=0.6153 val_f1_weighted=0.6885 val_prec_macro=0.6657 val_rec_macro=0.5995 val_metric_name=acc val_metric=0.7004
Step 2250 | loss 0.8612 | val_acc=0.7022 val_loss=0.9308 val_f1_macro=0.6188 val_f1_weighted=0.6906 val_prec_macro=0.6683 val_rec_macro=0.6031 val_metric_name=acc val_metric=0.7022
Step 2300 | loss 0.8495 | val_acc=0.7036 val_loss=0.9256 val_f1_macro=0.6202 val_f1_weighted=0.6923 val_prec_macro=0.6673 val_rec_macro=0.6054 val_metric_name=acc val_metric=0.7036
Step 2350 | loss 0.8486 | val_acc=0.7047 val_loss=0.9197 val_f1_macro=0.6226 val_f1_weighted=0.6939 val_prec_macro=0.6694 val_rec_macro=0.6074 val_metric_name=acc val_metric=0.7047
Step 2400 | loss 0.8331 | val_acc=0.7063 val_loss=0.9167 val_f1_macro=0.6237 val_f1_weighted=0.6954 val_prec_macro=0.6702 val_rec_macro=0.6090 val_metric_name=acc val_metric=0.7063
Step 2450 | loss 0.8285 | val_acc=0.7071 val_loss=0.9095 val_f1_macro=0.6256 val_f1_weighted=0.6966 val_prec_macro=0.6712 val_rec_macro=0.6110 val_metric_name=acc val_metric=0.7071
Step 2500 | loss 0.8055 | val_acc=0.7100 val_loss=0.9052 val_f1_macro=0.6305 val_f1_weighted=0.6996 val_prec_macro=0.6760 val_rec_macro=0.6158 val_metric_name=acc val_metric=0.7100
Step 2550 | loss 0.8009 | val_acc=0.7112 val_loss=0.9005 val_f1_macro=0.6329 val_f1_weighted=0.7010 val_prec_macro=0.6775 val_rec_macro=0.6183 val_metric_name=acc val_metric=0.7112
Step 2600 | loss 0.7949 | val_acc=0.7116 val_loss=0.8975 val_f1_macro=0.6333 val_f1_weighted=0.7015 val_prec_macro=0.6750 val_rec_macro=0.6190 val_metric_name=acc val_metric=0.7116
Step 2650 | loss 0.7818 | val_acc=0.7124 val_loss=0.8934 val_f1_macro=0.6346 val_f1_weighted=0.7026 val_prec_macro=0.6758 val_rec_macro=0.6202 val_metric_name=acc val_metric=0.7124
Step 2700 | loss 0.7735 | val_acc=0.7149 val_loss=0.8889 val_f1_macro=0.6375 val_f1_weighted=0.7054 val_prec_macro=0.6790 val_rec_macro=0.6223 val_metric_name=acc val_metric=0.7149
Step 2750 | loss 0.7654 | val_acc=0.7169 val_loss=0.8866 val_f1_macro=0.6405 val_f1_weighted=0.7073 val_prec_macro=0.6801 val_rec_macro=0.6259 val_metric_name=acc val_metric=0.7169
Step 2800 | loss 0.7606 | val_acc=0.7172 val_loss=0.8810 val_f1_macro=0.6411 val_f1_weighted=0.7076 val_prec_macro=0.6793 val_rec_macro=0.6275 val_metric_name=acc val_metric=0.7172
Step 2850 | loss 0.7436 | val_acc=0.7163 val_loss=0.8797 val_f1_macro=0.6405 val_f1_weighted=0.7070 val_prec_macro=0.6781 val_rec_macro=0.6272 val_metric_name=acc val_metric=0.7163
Step 2900 | loss 0.7349 | val_acc=0.7167 val_loss=0.8759 val_f1_macro=0.6404 val_f1_weighted=0.7071 val_prec_macro=0.6787 val_rec_macro=0.6270 val_metric_name=acc val_metric=0.7167
Step 2950 | loss 0.7276 | val_acc=0.7192 val_loss=0.8718 val_f1_macro=0.6432 val_f1_weighted=0.7094 val_prec_macro=0.6775 val_rec_macro=0.6307 val_metric_name=acc val_metric=0.7192
Step 3000 | loss 0.7191 | val_acc=0.7186 val_loss=0.8715 val_f1_macro=0.6427 val_f1_weighted=0.7089 val_prec_macro=0.6777 val_rec_macro=0.6310 val_metric_name=acc val_metric=0.7186
Step 3050 | loss 0.7114 | val_acc=0.7192 val_loss=0.8674 val_f1_macro=0.6427 val_f1_weighted=0.7097 val_prec_macro=0.6756 val_rec_macro=0.6311 val_metric_name=acc val_metric=0.7192
Step 3100 | loss 0.7061 | val_acc=0.7206 val_loss=0.8644 val_f1_macro=0.6452 val_f1_weighted=0.7115 val_prec_macro=0.6776 val_rec_macro=0.6340 val_metric_name=acc val_metric=0.7206
Step 3150 | loss 0.6941 | val_acc=0.7222 val_loss=0.8634 val_f1_macro=0.6473 val_f1_weighted=0.7128 val_prec_macro=0.6782 val_rec_macro=0.6367 val_metric_name=acc val_metric=0.7222
Step 3200 | loss 0.6886 | val_acc=0.7229 val_loss=0.8616 val_f1_macro=0.6484 val_f1_weighted=0.7133 val_prec_macro=0.6809 val_rec_macro=0.6370 val_metric_name=acc val_metric=0.7229
Step 3250 | loss 0.6767 | val_acc=0.7229 val_loss=0.8575 val_f1_macro=0.6480 val_f1_weighted=0.7135 val_prec_macro=0.6787 val_rec_macro=0.6372 val_metric_name=acc val_metric=0.7229
Step 3300 | loss 0.6705 | val_acc=0.7255 val_loss=0.8557 val_f1_macro=0.6540 val_f1_weighted=0.7167 val_prec_macro=0.6841 val_rec_macro=0.6431 val_metric_name=acc val_metric=0.7255
Step 3350 | loss 0.6705 | val_acc=0.7246 val_loss=0.8518 val_f1_macro=0.6524 val_f1_weighted=0.7159 val_prec_macro=0.6818 val_rec_macro=0.6422 val_metric_name=acc val_metric=0.7246
Step 3400 | loss 0.6580 | val_acc=0.7266 val_loss=0.8507 val_f1_macro=0.6564 val_f1_weighted=0.7181 val_prec_macro=0.6852 val_rec_macro=0.6461 val_metric_name=acc val_metric=0.7266
Step 3450 | loss 0.6545 | val_acc=0.7264 val_loss=0.8503 val_f1_macro=0.6567 val_f1_weighted=0.7180 val_prec_macro=0.6853 val_rec_macro=0.6462 val_metric_name=acc val_metric=0.7264
Step 3500 | loss 0.6472 | val_acc=0.7287 val_loss=0.8474 val_f1_macro=0.6589 val_f1_weighted=0.7203 val_prec_macro=0.6866 val_rec_macro=0.6490 val_metric_name=acc val_metric=0.7287
Step 3550 | loss 0.6395 | val_acc=0.7282 val_loss=0.8467 val_f1_macro=0.6579 val_f1_weighted=0.7197 val_prec_macro=0.6840 val_rec_macro=0.6481 val_metric_name=acc val_metric=0.7282
Step 3600 | loss 0.6263 | val_acc=0.7297 val_loss=0.8447 val_f1_macro=0.6604 val_f1_weighted=0.7214 val_prec_macro=0.6861 val_rec_macro=0.6507 val_metric_name=acc val_metric=0.7297
Step 3650 | loss 0.6238 | val_acc=0.7297 val_loss=0.8452 val_f1_macro=0.6598 val_f1_weighted=0.7214 val_prec_macro=0.6851 val_rec_macro=0.6501 val_metric_name=acc val_metric=0.7297
Step 3700 | loss 0.6171 | val_acc=0.7312 val_loss=0.8425 val_f1_macro=0.6609 val_f1_weighted=0.7230 val_prec_macro=0.6856 val_rec_macro=0.6514 val_metric_name=acc val_metric=0.7312
Step 3750 | loss 0.6121 | val_acc=0.7297 val_loss=0.8433 val_f1_macro=0.6592 val_f1_weighted=0.7215 val_prec_macro=0.6824 val_rec_macro=0.6505 val_metric_name=acc val_metric=0.7297
Step 3800 | loss 0.6066 | val_acc=0.7322 val_loss=0.8411 val_f1_macro=0.6622 val_f1_weighted=0.7241 val_prec_macro=0.6849 val_rec_macro=0.6541 val_metric_name=acc val_metric=0.7322
Step 3850 | loss 0.5962 | val_acc=0.7336 val_loss=0.8388 val_f1_macro=0.6643 val_f1_weighted=0.7253 val_prec_macro=0.6852 val_rec_macro=0.6574 val_metric_name=acc val_metric=0.7336
Step 3900 | loss 0.5905 | val_acc=0.7340 val_loss=0.8377 val_f1_macro=0.6640 val_f1_weighted=0.7260 val_prec_macro=0.6852 val_rec_macro=0.6563 val_metric_name=acc val_metric=0.7340
Step 3950 | loss 0.5848 | val_acc=0.7349 val_loss=0.8373 val_f1_macro=0.6643 val_f1_weighted=0.7268 val_prec_macro=0.6844 val_rec_macro=0.6572 val_metric_name=acc val_metric=0.7349
Step 4000 | loss 0.5746 | val_acc=0.7342 val_loss=0.8382 val_f1_macro=0.6642 val_f1_weighted=0.7262 val_prec_macro=0.6843 val_rec_macro=0.6572 val_metric_name=acc val_metric=0.7342
Step 4050 | loss 0.5689 | val_acc=0.7357 val_loss=0.8365 val_f1_macro=0.6655 val_f1_weighted=0.7281 val_prec_macro=0.6848 val_rec_macro=0.6588 val_metric_name=acc val_metric=0.7357
Step 4100 | loss 0.5631 | val_acc=0.7363 val_loss=0.8368 val_f1_macro=0.6671 val_f1_weighted=0.7287 val_prec_macro=0.6867 val_rec_macro=0.6600 val_metric_name=acc val_metric=0.7363
Step 4150 | loss 0.5624 | val_acc=0.7368 val_loss=0.8364 val_f1_macro=0.6674 val_f1_weighted=0.7291 val_prec_macro=0.6868 val_rec_macro=0.6608 val_metric_name=acc val_metric=0.7368
Step 4200 | loss 0.5531 | val_acc=0.7375 val_loss=0.8357 val_f1_macro=0.6696 val_f1_weighted=0.7302 val_prec_macro=0.6885 val_rec_macro=0.6628 val_metric_name=acc val_metric=0.7375
Step 4250 | loss 0.5533 | val_acc=0.7375 val_loss=0.8364 val_f1_macro=0.6691 val_f1_weighted=0.7302 val_prec_macro=0.6881 val_rec_macro=0.6621 val_metric_name=acc val_metric=0.7375
Step 4300 | loss 0.5380 | val_acc=0.7366 val_loss=0.8362 val_f1_macro=0.6684 val_f1_weighted=0.7293 val_prec_macro=0.6864 val_rec_macro=0.6621 val_metric_name=acc val_metric=0.7366
Step 4350 | loss 0.5367 | val_acc=0.7373 val_loss=0.8354 val_f1_macro=0.6696 val_f1_weighted=0.7302 val_prec_macro=0.6871 val_rec_macro=0.6629 val_metric_name=acc val_metric=0.7373
Step 4400 | loss 0.5286 | val_acc=0.7373 val_loss=0.8384 val_f1_macro=0.6690 val_f1_weighted=0.7299 val_prec_macro=0.6859 val_rec_macro=0.6630 val_metric_name=acc val_metric=0.7373
Step 4450 | loss 0.5277 | val_acc=0.7365 val_loss=0.8375 val_f1_macro=0.6669 val_f1_weighted=0.7289 val_prec_macro=0.6834 val_rec_macro=0.6611 val_metric_name=acc val_metric=0.7365
Step 4500 | loss 0.5182 | val_acc=0.7372 val_loss=0.8373 val_f1_macro=0.6674 val_f1_weighted=0.7296 val_prec_macro=0.6826 val_rec_macro=0.6622 val_metric_name=acc val_metric=0.7372
Step 4550 | loss 0.5151 | val_acc=0.7386 val_loss=0.8395 val_f1_macro=0.6707 val_f1_weighted=0.7312 val_prec_macro=0.6864 val_rec_macro=0.6647 val_metric_name=acc val_metric=0.7386
Step 4600 | loss 0.5147 | val_acc=0.7395 val_loss=0.8382 val_f1_macro=0.6719 val_f1_weighted=0.7323 val_prec_macro=0.6863 val_rec_macro=0.6670 val_metric_name=acc val_metric=0.7395
Step 4650 | loss 0.5116 | val_acc=0.7384 val_loss=0.8409 val_f1_macro=0.6701 val_f1_weighted=0.7310 val_prec_macro=0.6844 val_rec_macro=0.6653 val_metric_name=acc val_metric=0.7384
Step 4700 | loss 0.4938 | val_acc=0.7372 val_loss=0.8429 val_f1_macro=0.6691 val_f1_weighted=0.7299 val_prec_macro=0.6838 val_rec_macro=0.6640 val_metric_name=acc val_metric=0.7372
Step 4750 | loss 0.4885 | val_acc=0.7380 val_loss=0.8433 val_f1_macro=0.6710 val_f1_weighted=0.7306 val_prec_macro=0.6853 val_rec_macro=0.6663 val_metric_name=acc val_metric=0.7380
Step 4800 | loss 0.4855 | val_acc=0.7387 val_loss=0.8418 val_f1_macro=0.6723 val_f1_weighted=0.7314 val_prec_macro=0.6868 val_rec_macro=0.6668 val_metric_name=acc val_metric=0.7387
Step 4850 | loss 0.4827 | val_acc=0.7382 val_loss=0.8445 val_f1_macro=0.6713 val_f1_weighted=0.7308 val_prec_macro=0.6852 val_rec_macro=0.6667 val_metric_name=acc val_metric=0.7382
Step 4900 | loss 0.4788 | val_acc=0.7372 val_loss=0.8459 val_f1_macro=0.6707 val_f1_weighted=0.7301 val_prec_macro=0.6840 val_rec_macro=0.6657 val_metric_name=acc val_metric=0.7372
Step 4950 | loss 0.4762 | val_acc=0.7384 val_loss=0.8451 val_f1_macro=0.6736 val_f1_weighted=0.7314 val_prec_macro=0.6868 val_rec_macro=0.6686 val_metric_name=acc val_metric=0.7384
Step 5000 | loss 0.4713 | val_acc=0.7375 val_loss=0.8469 val_f1_macro=0.6708 val_f1_weighted=0.7303 val_prec_macro=0.6831 val_rec_macro=0.6668 val_metric_name=acc val_metric=0.7375

--- Final (best ckpt @ step 4580) ---
  train_acc=0.8799 train_loss=0.3703 train_f1_macro=0.8602 train_f1_weighted=0.8775 train_prec_macro=0.8739 train_rec_macro=0.8527 train_metric_name=acc train_metric=0.8799
  val_acc=0.7395 val_loss=0.8387 val_f1_macro=0.6720 val_f1_weighted=0.7323 val_prec_macro=0.6859 val_rec_macro=0.6674 val_metric_name=acc val_metric=0.7395
  test_acc=0.7418 test_loss=0.8456 test_f1_macro=0.6755 test_f1_weighted=0.7356 test_prec_macro=0.6876 test_rec_macro=0.6745 test_metric_name=acc test_metric=0.7418
  test_acc=0.7418

============================================================
Training roman-empire GCN 1L h=384 lr=3e-05 split=9
============================================================
Training for 5000 steps
Step    1 | loss 3.1409 | val_acc=0.0065 val_loss=3.0770 val_f1_macro=0.0070 val_f1_weighted=0.0068 val_prec_macro=0.0223 val_rec_macro=0.0127 val_metric_name=acc val_metric=0.0065
Step   50 | loss 2.2979 | val_acc=0.3552 val_loss=2.1801 val_f1_macro=0.1439 val_f1_weighted=0.2866 val_prec_macro=0.1586 val_rec_macro=0.1716 val_metric_name=acc val_metric=0.3552
Step  100 | loss 1.8638 | val_acc=0.4667 val_loss=1.7463 val_f1_macro=0.2773 val_f1_weighted=0.4186 val_prec_macro=0.3611 val_rec_macro=0.2919 val_metric_name=acc val_metric=0.4667
Step  150 | loss 1.6084 | val_acc=0.5320 val_loss=1.5175 val_f1_macro=0.3587 val_f1_weighted=0.4902 val_prec_macro=0.4176 val_rec_macro=0.3662 val_metric_name=acc val_metric=0.5320
Step  200 | loss 1.4375 | val_acc=0.5799 val_loss=1.3664 val_f1_macro=0.4275 val_f1_weighted=0.5454 val_prec_macro=0.5108 val_rec_macro=0.4281 val_metric_name=acc val_metric=0.5799
Step  250 | loss 1.3019 | val_acc=0.6166 val_loss=1.2534 val_f1_macro=0.4751 val_f1_weighted=0.5882 val_prec_macro=0.5306 val_rec_macro=0.4733 val_metric_name=acc val_metric=0.6166
Step  300 | loss 1.1995 | val_acc=0.6415 val_loss=1.1648 val_f1_macro=0.5126 val_f1_weighted=0.6192 val_prec_macro=0.5604 val_rec_macro=0.5061 val_metric_name=acc val_metric=0.6415
Step  350 | loss 1.1011 | val_acc=0.6583 val_loss=1.0999 val_f1_macro=0.5359 val_f1_weighted=0.6388 val_prec_macro=0.5843 val_rec_macro=0.5259 val_metric_name=acc val_metric=0.6583
Step  400 | loss 1.0306 | val_acc=0.6745 val_loss=1.0466 val_f1_macro=0.5643 val_f1_weighted=0.6583 val_prec_macro=0.6315 val_rec_macro=0.5496 val_metric_name=acc val_metric=0.6745
Step  450 | loss 0.9693 | val_acc=0.6865 val_loss=1.0091 val_f1_macro=0.5882 val_f1_weighted=0.6725 val_prec_macro=0.6517 val_rec_macro=0.5705 val_metric_name=acc val_metric=0.6865
Step  500 | loss 0.9229 | val_acc=0.6939 val_loss=0.9768 val_f1_macro=0.6004 val_f1_weighted=0.6821 val_prec_macro=0.6571 val_rec_macro=0.5820 val_metric_name=acc val_metric=0.6939
Step  550 | loss 0.8722 | val_acc=0.6999 val_loss=0.9521 val_f1_macro=0.6118 val_f1_weighted=0.6882 val_prec_macro=0.6650 val_rec_macro=0.5941 val_metric_name=acc val_metric=0.6999
Step  600 | loss 0.8264 | val_acc=0.7077 val_loss=0.9343 val_f1_macro=0.6225 val_f1_weighted=0.6965 val_prec_macro=0.6677 val_rec_macro=0.6068 val_metric_name=acc val_metric=0.7077
Step  650 | loss 0.7919 | val_acc=0.7121 val_loss=0.9191 val_f1_macro=0.6282 val_f1_weighted=0.7020 val_prec_macro=0.6702 val_rec_macro=0.6132 val_metric_name=acc val_metric=0.7121
Step  700 | loss 0.7590 | val_acc=0.7142 val_loss=0.9044 val_f1_macro=0.6308 val_f1_weighted=0.7039 val_prec_macro=0.6703 val_rec_macro=0.6164 val_metric_name=acc val_metric=0.7142
Step  750 | loss 0.7206 | val_acc=0.7179 val_loss=0.8965 val_f1_macro=0.6360 val_f1_weighted=0.7086 val_prec_macro=0.6731 val_rec_macro=0.6231 val_metric_name=acc val_metric=0.7179
Step  800 | loss 0.6866 | val_acc=0.7214 val_loss=0.8888 val_f1_macro=0.6410 val_f1_weighted=0.7120 val_prec_macro=0.6730 val_rec_macro=0.6298 val_metric_name=acc val_metric=0.7214
Step  850 | loss 0.6601 | val_acc=0.7234 val_loss=0.8819 val_f1_macro=0.6461 val_f1_weighted=0.7146 val_prec_macro=0.6753 val_rec_macro=0.6350 val_metric_name=acc val_metric=0.7234
Step  900 | loss 0.6406 | val_acc=0.7255 val_loss=0.8783 val_f1_macro=0.6482 val_f1_weighted=0.7171 val_prec_macro=0.6773 val_rec_macro=0.6366 val_metric_name=acc val_metric=0.7255
Step  950 | loss 0.6068 | val_acc=0.7310 val_loss=0.8725 val_f1_macro=0.6532 val_f1_weighted=0.7221 val_prec_macro=0.6798 val_rec_macro=0.6429 val_metric_name=acc val_metric=0.7310
Step 1000 | loss 0.5817 | val_acc=0.7294 val_loss=0.8746 val_f1_macro=0.6513 val_f1_weighted=0.7206 val_prec_macro=0.6784 val_rec_macro=0.6410 val_metric_name=acc val_metric=0.7294
Step 1050 | loss 0.5529 | val_acc=0.7324 val_loss=0.8737 val_f1_macro=0.6575 val_f1_weighted=0.7246 val_prec_macro=0.6872 val_rec_macro=0.6441 val_metric_name=acc val_metric=0.7324
Step 1100 | loss 0.5418 | val_acc=0.7333 val_loss=0.8763 val_f1_macro=0.6587 val_f1_weighted=0.7253 val_prec_macro=0.6857 val_rec_macro=0.6467 val_metric_name=acc val_metric=0.7333
Step 1150 | loss 0.5118 | val_acc=0.7333 val_loss=0.8746 val_f1_macro=0.6592 val_f1_weighted=0.7256 val_prec_macro=0.6838 val_rec_macro=0.6482 val_metric_name=acc val_metric=0.7333
Step 1200 | loss 0.4851 | val_acc=0.7329 val_loss=0.8861 val_f1_macro=0.6598 val_f1_weighted=0.7251 val_prec_macro=0.6827 val_rec_macro=0.6494 val_metric_name=acc val_metric=0.7329
Step 1250 | loss 0.4605 | val_acc=0.7338 val_loss=0.8901 val_f1_macro=0.6591 val_f1_weighted=0.7259 val_prec_macro=0.6826 val_rec_macro=0.6482 val_metric_name=acc val_metric=0.7338
Step 1300 | loss 0.4452 | val_acc=0.7356 val_loss=0.8979 val_f1_macro=0.6624 val_f1_weighted=0.7283 val_prec_macro=0.6844 val_rec_macro=0.6519 val_metric_name=acc val_metric=0.7356
Step 1350 | loss 0.4223 | val_acc=0.7343 val_loss=0.9075 val_f1_macro=0.6600 val_f1_weighted=0.7269 val_prec_macro=0.6811 val_rec_macro=0.6495 val_metric_name=acc val_metric=0.7343
Step 1400 | loss 0.4052 | val_acc=0.7347 val_loss=0.9131 val_f1_macro=0.6628 val_f1_weighted=0.7279 val_prec_macro=0.6828 val_rec_macro=0.6527 val_metric_name=acc val_metric=0.7347
Step 1450 | loss 0.3904 | val_acc=0.7347 val_loss=0.9204 val_f1_macro=0.6607 val_f1_weighted=0.7273 val_prec_macro=0.6813 val_rec_macro=0.6500 val_metric_name=acc val_metric=0.7347
Step 1500 | loss 0.3668 | val_acc=0.7333 val_loss=0.9282 val_f1_macro=0.6587 val_f1_weighted=0.7267 val_prec_macro=0.6789 val_rec_macro=0.6483 val_metric_name=acc val_metric=0.7333
Step 1550 | loss 0.3511 | val_acc=0.7345 val_loss=0.9421 val_f1_macro=0.6645 val_f1_weighted=0.7277 val_prec_macro=0.6813 val_rec_macro=0.6560 val_metric_name=acc val_metric=0.7345
Step 1600 | loss 0.3332 | val_acc=0.7352 val_loss=0.9578 val_f1_macro=0.6662 val_f1_weighted=0.7290 val_prec_macro=0.6827 val_rec_macro=0.6573 val_metric_name=acc val_metric=0.7352
Step 1650 | loss 0.3093 | val_acc=0.7329 val_loss=0.9615 val_f1_macro=0.6617 val_f1_weighted=0.7268 val_prec_macro=0.6775 val_rec_macro=0.6531 val_metric_name=acc val_metric=0.7329
Step 1700 | loss 0.2953 | val_acc=0.7335 val_loss=0.9806 val_f1_macro=0.6639 val_f1_weighted=0.7268 val_prec_macro=0.6824 val_rec_macro=0.6541 val_metric_name=acc val_metric=0.7335
Early stopping at step 1732

--- Final (best ckpt @ step 1330) ---
  train_acc=0.9100 train_loss=0.2747 train_f1_macro=0.8930 train_f1_weighted=0.9084 train_prec_macro=0.9121 train_rec_macro=0.8803 train_metric_name=acc train_metric=0.9100
  val_acc=0.7366 val_loss=0.9014 val_f1_macro=0.6615 val_f1_weighted=0.7289 val_prec_macro=0.6861 val_rec_macro=0.6492 val_metric_name=acc val_metric=0.7366
  test_acc=0.7400 test_loss=0.9078 test_f1_macro=0.6695 test_f1_weighted=0.7323 test_prec_macro=0.6891 test_rec_macro=0.6635 test_metric_name=acc test_metric=0.7400
  test_acc=0.7400

============================================================
Training roman-empire GCN 1L h=384 lr=6e-05 split=9
============================================================
Training for 5000 steps
Step    1 | loss 3.1409 | val_acc=0.0203 val_loss=2.9933 val_f1_macro=0.0151 val_f1_weighted=0.0237 val_prec_macro=0.0312 val_rec_macro=0.0191 val_metric_name=acc val_metric=0.0203
Step   50 | loss 1.9422 | val_acc=0.4434 val_loss=1.8264 val_f1_macro=0.2553 val_f1_weighted=0.3949 val_prec_macro=0.3043 val_rec_macro=0.2701 val_metric_name=acc val_metric=0.4434
Step  100 | loss 1.4842 | val_acc=0.5656 val_loss=1.4153 val_f1_macro=0.4058 val_f1_weighted=0.5280 val_prec_macro=0.4508 val_rec_macro=0.4115 val_metric_name=acc val_metric=0.5656
Step  150 | loss 1.2376 | val_acc=0.6307 val_loss=1.1991 val_f1_macro=0.4991 val_f1_weighted=0.6076 val_prec_macro=0.5449 val_rec_macro=0.4948 val_metric_name=acc val_metric=0.6307
Step  200 | loss 1.0634 | val_acc=0.6680 val_loss=1.0689 val_f1_macro=0.5544 val_f1_weighted=0.6509 val_prec_macro=0.6221 val_rec_macro=0.5411 val_metric_name=acc val_metric=0.6680
Step  250 | loss 0.9426 | val_acc=0.6911 val_loss=0.9916 val_f1_macro=0.5951 val_f1_weighted=0.6781 val_prec_macro=0.6527 val_rec_macro=0.5780 val_metric_name=acc val_metric=0.6911
Step  300 | loss 0.8506 | val_acc=0.7040 val_loss=0.9449 val_f1_macro=0.6166 val_f1_weighted=0.6923 val_prec_macro=0.6676 val_rec_macro=0.5999 val_metric_name=acc val_metric=0.7040
Step  350 | loss 0.7665 | val_acc=0.7149 val_loss=0.9183 val_f1_macro=0.6310 val_f1_weighted=0.7043 val_prec_macro=0.6716 val_rec_macro=0.6165 val_metric_name=acc val_metric=0.7149
Step  400 | loss 0.7098 | val_acc=0.7200 val_loss=0.8945 val_f1_macro=0.6393 val_f1_weighted=0.7106 val_prec_macro=0.6766 val_rec_macro=0.6259 val_metric_name=acc val_metric=0.7200
Step  450 | loss 0.6604 | val_acc=0.7243 val_loss=0.8818 val_f1_macro=0.6451 val_f1_weighted=0.7154 val_prec_macro=0.6772 val_rec_macro=0.6342 val_metric_name=acc val_metric=0.7243
Step  500 | loss 0.6157 | val_acc=0.7285 val_loss=0.8726 val_f1_macro=0.6534 val_f1_weighted=0.7205 val_prec_macro=0.6816 val_rec_macro=0.6418 val_metric_name=acc val_metric=0.7285
Step  550 | loss 0.5591 | val_acc=0.7326 val_loss=0.8692 val_f1_macro=0.6568 val_f1_weighted=0.7249 val_prec_macro=0.6824 val_rec_macro=0.6459 val_metric_name=acc val_metric=0.7326
Step  600 | loss 0.5147 | val_acc=0.7324 val_loss=0.8776 val_f1_macro=0.6586 val_f1_weighted=0.7246 val_prec_macro=0.6814 val_rec_macro=0.6489 val_metric_name=acc val_metric=0.7324
Step  650 | loss 0.4735 | val_acc=0.7357 val_loss=0.8863 val_f1_macro=0.6621 val_f1_weighted=0.7281 val_prec_macro=0.6862 val_rec_macro=0.6503 val_metric_name=acc val_metric=0.7357
Step  700 | loss 0.4422 | val_acc=0.7375 val_loss=0.8973 val_f1_macro=0.6646 val_f1_weighted=0.7300 val_prec_macro=0.6900 val_rec_macro=0.6519 val_metric_name=acc val_metric=0.7375
Step  750 | loss 0.3971 | val_acc=0.7333 val_loss=0.9117 val_f1_macro=0.6618 val_f1_weighted=0.7263 val_prec_macro=0.6810 val_rec_macro=0.6527 val_metric_name=acc val_metric=0.7333
Step  800 | loss 0.3637 | val_acc=0.7365 val_loss=0.9357 val_f1_macro=0.6675 val_f1_weighted=0.7302 val_prec_macro=0.6855 val_rec_macro=0.6576 val_metric_name=acc val_metric=0.7365
Step  850 | loss 0.3318 | val_acc=0.7349 val_loss=0.9541 val_f1_macro=0.6654 val_f1_weighted=0.7284 val_prec_macro=0.6817 val_rec_macro=0.6571 val_metric_name=acc val_metric=0.7349
Step  900 | loss 0.3053 | val_acc=0.7329 val_loss=0.9776 val_f1_macro=0.6636 val_f1_weighted=0.7271 val_prec_macro=0.6821 val_rec_macro=0.6527 val_metric_name=acc val_metric=0.7329
Step  950 | loss 0.2783 | val_acc=0.7329 val_loss=1.0021 val_f1_macro=0.6655 val_f1_weighted=0.7268 val_prec_macro=0.6821 val_rec_macro=0.6559 val_metric_name=acc val_metric=0.7329
Early stopping at step 990

--- Final (best ckpt @ step 690) ---
  train_acc=0.9090 train_loss=0.2837 train_f1_macro=0.8915 train_f1_weighted=0.9075 train_prec_macro=0.9083 train_rec_macro=0.8808 train_metric_name=acc train_metric=0.9090
  val_acc=0.7384 val_loss=0.8945 val_f1_macro=0.6645 val_f1_weighted=0.7311 val_prec_macro=0.6861 val_rec_macro=0.6542 val_metric_name=acc val_metric=0.7384
  test_acc=0.7418 test_loss=0.9018 test_f1_macro=0.6739 test_f1_weighted=0.7347 test_prec_macro=0.6907 test_rec_macro=0.6693 test_metric_name=acc test_metric=0.7418
  test_acc=0.7418

============================================================
Training roman-empire GCN 1L h=384 lr=0.0001 split=9
============================================================
Training for 5000 steps
Step    1 | loss 3.1409 | val_acc=0.0863 val_loss=2.8956 val_f1_macro=0.0395 val_f1_weighted=0.0756 val_prec_macro=0.0494 val_rec_macro=0.0482 val_metric_name=acc val_metric=0.0863
Step   50 | loss 1.6707 | val_acc=0.5084 val_loss=1.5882 val_f1_macro=0.3224 val_f1_weighted=0.4641 val_prec_macro=0.3861 val_rec_macro=0.3392 val_metric_name=acc val_metric=0.5084
Step  100 | loss 1.2138 | val_acc=0.6330 val_loss=1.1895 val_f1_macro=0.5022 val_f1_weighted=0.6098 val_prec_macro=0.5476 val_rec_macro=0.4984 val_metric_name=acc val_metric=0.6330
Step  150 | loss 0.9790 | val_acc=0.6853 val_loss=1.0123 val_f1_macro=0.5854 val_f1_weighted=0.6707 val_prec_macro=0.6434 val_rec_macro=0.5693 val_metric_name=acc val_metric=0.6853
Step  200 | loss 0.8261 | val_acc=0.7063 val_loss=0.9342 val_f1_macro=0.6222 val_f1_weighted=0.6960 val_prec_macro=0.6672 val_rec_macro=0.6062 val_metric_name=acc val_metric=0.7063
Step  250 | loss 0.7226 | val_acc=0.7181 val_loss=0.8922 val_f1_macro=0.6362 val_f1_weighted=0.7089 val_prec_macro=0.6711 val_rec_macro=0.6242 val_metric_name=acc val_metric=0.7181
Step  300 | loss 0.6337 | val_acc=0.7248 val_loss=0.8777 val_f1_macro=0.6475 val_f1_weighted=0.7163 val_prec_macro=0.6777 val_rec_macro=0.6349 val_metric_name=acc val_metric=0.7248
Step  350 | loss 0.5470 | val_acc=0.7290 val_loss=0.8723 val_f1_macro=0.6538 val_f1_weighted=0.7216 val_prec_macro=0.6808 val_rec_macro=0.6419 val_metric_name=acc val_metric=0.7290
Step  400 | loss 0.4857 | val_acc=0.7350 val_loss=0.8865 val_f1_macro=0.6617 val_f1_weighted=0.7275 val_prec_macro=0.6863 val_rec_macro=0.6502 val_metric_name=acc val_metric=0.7350
Step  450 | loss 0.4348 | val_acc=0.7352 val_loss=0.9004 val_f1_macro=0.6639 val_f1_weighted=0.7283 val_prec_macro=0.6830 val_rec_macro=0.6550 val_metric_name=acc val_metric=0.7352
Step  500 | loss 0.3811 | val_acc=0.7359 val_loss=0.9260 val_f1_macro=0.6642 val_f1_weighted=0.7289 val_prec_macro=0.6836 val_rec_macro=0.6542 val_metric_name=acc val_metric=0.7359
Step  550 | loss 0.3206 | val_acc=0.7333 val_loss=0.9567 val_f1_macro=0.6637 val_f1_weighted=0.7277 val_prec_macro=0.6826 val_rec_macro=0.6526 val_metric_name=acc val_metric=0.7333
Step  600 | loss 0.2815 | val_acc=0.7319 val_loss=0.9989 val_f1_macro=0.6640 val_f1_weighted=0.7266 val_prec_macro=0.6770 val_rec_macro=0.6573 val_metric_name=acc val_metric=0.7319
Step  650 | loss 0.2398 | val_acc=0.7320 val_loss=1.0419 val_f1_macro=0.6613 val_f1_weighted=0.7265 val_prec_macro=0.6782 val_rec_macro=0.6521 val_metric_name=acc val_metric=0.7320
Step  700 | loss 0.2174 | val_acc=0.7315 val_loss=1.0808 val_f1_macro=0.6632 val_f1_weighted=0.7257 val_prec_macro=0.6767 val_rec_macro=0.6555 val_metric_name=acc val_metric=0.7315
Step  750 | loss 0.1844 | val_acc=0.7317 val_loss=1.1233 val_f1_macro=0.6638 val_f1_weighted=0.7261 val_prec_macro=0.6756 val_rec_macro=0.6576 val_metric_name=acc val_metric=0.7317
Early stopping at step 795

--- Final (best ckpt @ step 410) ---
  train_acc=0.8924 train_loss=0.3274 train_f1_macro=0.8681 train_f1_weighted=0.8902 train_prec_macro=0.8916 train_rec_macro=0.8538 train_metric_name=acc train_metric=0.8924
  val_acc=0.7375 val_loss=0.8842 val_f1_macro=0.6634 val_f1_weighted=0.7296 val_prec_macro=0.6889 val_rec_macro=0.6514 val_metric_name=acc val_metric=0.7375
  test_acc=0.7402 test_loss=0.8949 test_f1_macro=0.6683 test_f1_weighted=0.7329 test_prec_macro=0.6914 test_rec_macro=0.6604 test_metric_name=acc test_metric=0.7402
  test_acc=0.7402

============================================================
Training roman-empire GCN 1L h=384 lr=1e-05 split=9
============================================================
Training for 5000 steps
Step    1 | loss 3.1409 | val_acc=0.0048 val_loss=3.1377 val_f1_macro=0.0061 val_f1_weighted=0.0047 val_prec_macro=0.0283 val_rec_macro=0.0110 val_metric_name=acc val_metric=0.0048
Step   50 | loss 2.6023 | val_acc=0.2247 val_loss=2.5049 val_f1_macro=0.0687 val_f1_weighted=0.1539 val_prec_macro=0.0599 val_rec_macro=0.0968 val_metric_name=acc val_metric=0.2247
Step  100 | loss 2.4237 | val_acc=0.3109 val_loss=2.3097 val_f1_macro=0.1092 val_f1_weighted=0.2351 val_prec_macro=0.1163 val_rec_macro=0.1407 val_metric_name=acc val_metric=0.3109
Step  150 | loss 2.2334 | val_acc=0.3765 val_loss=2.1010 val_f1_macro=0.1660 val_f1_weighted=0.3120 val_prec_macro=0.3143 val_rec_macro=0.1914 val_metric_name=acc val_metric=0.3765
Step  200 | loss 2.0647 | val_acc=0.4152 val_loss=1.9221 val_f1_macro=0.2136 val_f1_weighted=0.3600 val_prec_macro=0.2961 val_rec_macro=0.2312 val_metric_name=acc val_metric=0.4152
Step  250 | loss 1.9179 | val_acc=0.4561 val_loss=1.7892 val_f1_macro=0.2621 val_f1_weighted=0.4065 val_prec_macro=0.3048 val_rec_macro=0.2758 val_metric_name=acc val_metric=0.4561
Step  300 | loss 1.8071 | val_acc=0.4842 val_loss=1.6884 val_f1_macro=0.2925 val_f1_weighted=0.4362 val_prec_macro=0.3762 val_rec_macro=0.3051 val_metric_name=acc val_metric=0.4842
Step  350 | loss 1.7134 | val_acc=0.5075 val_loss=1.6074 val_f1_macro=0.3188 val_f1_weighted=0.4612 val_prec_macro=0.3994 val_rec_macro=0.3302 val_metric_name=acc val_metric=0.5075
Step  400 | loss 1.6376 | val_acc=0.5262 val_loss=1.5387 val_f1_macro=0.3468 val_f1_weighted=0.4830 val_prec_macro=0.4103 val_rec_macro=0.3542 val_metric_name=acc val_metric=0.5262
Step  450 | loss 1.5664 | val_acc=0.5458 val_loss=1.4789 val_f1_macro=0.3723 val_f1_weighted=0.5047 val_prec_macro=0.4270 val_rec_macro=0.3777 val_metric_name=acc val_metric=0.5458
Step  500 | loss 1.5093 | val_acc=0.5626 val_loss=1.4267 val_f1_macro=0.3984 val_f1_weighted=0.5245 val_prec_macro=0.4519 val_rec_macro=0.4013 val_metric_name=acc val_metric=0.5626
Step  550 | loss 1.4547 | val_acc=0.5762 val_loss=1.3794 val_f1_macro=0.4221 val_f1_weighted=0.5407 val_prec_macro=0.5118 val_rec_macro=0.4228 val_metric_name=acc val_metric=0.5762
Step  600 | loss 1.4064 | val_acc=0.5917 val_loss=1.3365 val_f1_macro=0.4419 val_f1_weighted=0.5589 val_prec_macro=0.5203 val_rec_macro=0.4421 val_metric_name=acc val_metric=0.5917
Step  650 | loss 1.3604 | val_acc=0.6002 val_loss=1.2970 val_f1_macro=0.4534 val_f1_weighted=0.5695 val_prec_macro=0.5137 val_rec_macro=0.4525 val_metric_name=acc val_metric=0.6002
Step  700 | loss 1.3200 | val_acc=0.6150 val_loss=1.2615 val_f1_macro=0.4711 val_f1_weighted=0.5862 val_prec_macro=0.5258 val_rec_macro=0.4691 val_metric_name=acc val_metric=0.6150
Step  750 | loss 1.2751 | val_acc=0.6240 val_loss=1.2287 val_f1_macro=0.4831 val_f1_weighted=0.5969 val_prec_macro=0.5383 val_rec_macro=0.4800 val_metric_name=acc val_metric=0.6240
Step  800 | loss 1.2369 | val_acc=0.6311 val_loss=1.1982 val_f1_macro=0.4952 val_f1_weighted=0.6061 val_prec_macro=0.5478 val_rec_macro=0.4906 val_metric_name=acc val_metric=0.6311
Step  850 | loss 1.1958 | val_acc=0.6408 val_loss=1.1700 val_f1_macro=0.5123 val_f1_weighted=0.6184 val_prec_macro=0.5642 val_rec_macro=0.5047 val_metric_name=acc val_metric=0.6408
Step  900 | loss 1.1707 | val_acc=0.6464 val_loss=1.1456 val_f1_macro=0.5206 val_f1_weighted=0.6254 val_prec_macro=0.5718 val_rec_macro=0.5116 val_metric_name=acc val_metric=0.6464
Step  950 | loss 1.1332 | val_acc=0.6523 val_loss=1.1215 val_f1_macro=0.5264 val_f1_weighted=0.6319 val_prec_macro=0.5736 val_rec_macro=0.5177 val_metric_name=acc val_metric=0.6523
Step 1000 | loss 1.1106 | val_acc=0.6575 val_loss=1.0998 val_f1_macro=0.5350 val_f1_weighted=0.6381 val_prec_macro=0.5811 val_rec_macro=0.5253 val_metric_name=acc val_metric=0.6575
Step 1050 | loss 1.0785 | val_acc=0.6628 val_loss=1.0810 val_f1_macro=0.5427 val_f1_weighted=0.6444 val_prec_macro=0.5911 val_rec_macro=0.5315 val_metric_name=acc val_metric=0.6628
Step 1100 | loss 1.0614 | val_acc=0.6697 val_loss=1.0633 val_f1_macro=0.5559 val_f1_weighted=0.6525 val_prec_macro=0.6123 val_rec_macro=0.5424 val_metric_name=acc val_metric=0.6697
Step 1150 | loss 1.0321 | val_acc=0.6754 val_loss=1.0469 val_f1_macro=0.5666 val_f1_weighted=0.6595 val_prec_macro=0.6335 val_rec_macro=0.5503 val_metric_name=acc val_metric=0.6754
Step 1200 | loss 1.0062 | val_acc=0.6791 val_loss=1.0317 val_f1_macro=0.5735 val_f1_weighted=0.6638 val_prec_macro=0.6388 val_rec_macro=0.5572 val_metric_name=acc val_metric=0.6791
Step 1250 | loss 0.9883 | val_acc=0.6835 val_loss=1.0189 val_f1_macro=0.5822 val_f1_weighted=0.6691 val_prec_macro=0.6493 val_rec_macro=0.5645 val_metric_name=acc val_metric=0.6835
Step 1300 | loss 0.9640 | val_acc=0.6870 val_loss=1.0057 val_f1_macro=0.5885 val_f1_weighted=0.6733 val_prec_macro=0.6528 val_rec_macro=0.5697 val_metric_name=acc val_metric=0.6870
Step 1350 | loss 0.9434 | val_acc=0.6923 val_loss=0.9946 val_f1_macro=0.5966 val_f1_weighted=0.6791 val_prec_macro=0.6583 val_rec_macro=0.5778 val_metric_name=acc val_metric=0.6923
Step 1400 | loss 0.9318 | val_acc=0.6946 val_loss=0.9842 val_f1_macro=0.6005 val_f1_weighted=0.6820 val_prec_macro=0.6604 val_rec_macro=0.5819 val_metric_name=acc val_metric=0.6946
Step 1450 | loss 0.9140 | val_acc=0.6959 val_loss=0.9725 val_f1_macro=0.6025 val_f1_weighted=0.6835 val_prec_macro=0.6573 val_rec_macro=0.5844 val_metric_name=acc val_metric=0.6959
Step 1500 | loss 0.8906 | val_acc=0.6960 val_loss=0.9654 val_f1_macro=0.6064 val_f1_weighted=0.6846 val_prec_macro=0.6604 val_rec_macro=0.5885 val_metric_name=acc val_metric=0.6960
Step 1550 | loss 0.8754 | val_acc=0.6983 val_loss=0.9562 val_f1_macro=0.6099 val_f1_weighted=0.6868 val_prec_macro=0.6637 val_rec_macro=0.5915 val_metric_name=acc val_metric=0.6983
Step 1600 | loss 0.8612 | val_acc=0.7003 val_loss=0.9494 val_f1_macro=0.6124 val_f1_weighted=0.6890 val_prec_macro=0.6642 val_rec_macro=0.5945 val_metric_name=acc val_metric=0.7003
Step 1650 | loss 0.8384 | val_acc=0.7034 val_loss=0.9411 val_f1_macro=0.6171 val_f1_weighted=0.6924 val_prec_macro=0.6625 val_rec_macro=0.6005 val_metric_name=acc val_metric=0.7034
Step 1700 | loss 0.8290 | val_acc=0.7073 val_loss=0.9350 val_f1_macro=0.6217 val_f1_weighted=0.6964 val_prec_macro=0.6660 val_rec_macro=0.6061 val_metric_name=acc val_metric=0.7073
Step 1750 | loss 0.8197 | val_acc=0.7086 val_loss=0.9294 val_f1_macro=0.6230 val_f1_weighted=0.6978 val_prec_macro=0.6660 val_rec_macro=0.6068 val_metric_name=acc val_metric=0.7086
Step 1800 | loss 0.8032 | val_acc=0.7110 val_loss=0.9234 val_f1_macro=0.6268 val_f1_weighted=0.7003 val_prec_macro=0.6689 val_rec_macro=0.6115 val_metric_name=acc val_metric=0.7110
Step 1850 | loss 0.7887 | val_acc=0.7114 val_loss=0.9193 val_f1_macro=0.6262 val_f1_weighted=0.7009 val_prec_macro=0.6664 val_rec_macro=0.6117 val_metric_name=acc val_metric=0.7114
Step 1900 | loss 0.7768 | val_acc=0.7132 val_loss=0.9148 val_f1_macro=0.6294 val_f1_weighted=0.7030 val_prec_macro=0.6681 val_rec_macro=0.6154 val_metric_name=acc val_metric=0.7132
Step 1950 | loss 0.7666 | val_acc=0.7147 val_loss=0.9101 val_f1_macro=0.6305 val_f1_weighted=0.7045 val_prec_macro=0.6686 val_rec_macro=0.6178 val_metric_name=acc val_metric=0.7147
Step 2000 | loss 0.7542 | val_acc=0.7151 val_loss=0.9064 val_f1_macro=0.6309 val_f1_weighted=0.7048 val_prec_macro=0.6678 val_rec_macro=0.6181 val_metric_name=acc val_metric=0.7151
Step 2050 | loss 0.7417 | val_acc=0.7154 val_loss=0.9029 val_f1_macro=0.6304 val_f1_weighted=0.7051 val_prec_macro=0.6660 val_rec_macro=0.6178 val_metric_name=acc val_metric=0.7154
Step 2100 | loss 0.7308 | val_acc=0.7169 val_loss=0.8988 val_f1_macro=0.6338 val_f1_weighted=0.7069 val_prec_macro=0.6700 val_rec_macro=0.6207 val_metric_name=acc val_metric=0.7169
Step 2150 | loss 0.7140 | val_acc=0.7179 val_loss=0.8955 val_f1_macro=0.6355 val_f1_weighted=0.7081 val_prec_macro=0.6706 val_rec_macro=0.6229 val_metric_name=acc val_metric=0.7179
Step 2200 | loss 0.7040 | val_acc=0.7207 val_loss=0.8915 val_f1_macro=0.6388 val_f1_weighted=0.7110 val_prec_macro=0.6733 val_rec_macro=0.6265 val_metric_name=acc val_metric=0.7207
Step 2250 | loss 0.6902 | val_acc=0.7214 val_loss=0.8892 val_f1_macro=0.6408 val_f1_weighted=0.7117 val_prec_macro=0.6748 val_rec_macro=0.6288 val_metric_name=acc val_metric=0.7214
Step 2300 | loss 0.6846 | val_acc=0.7214 val_loss=0.8877 val_f1_macro=0.6412 val_f1_weighted=0.7119 val_prec_macro=0.6761 val_rec_macro=0.6292 val_metric_name=acc val_metric=0.7214
Step 2350 | loss 0.6764 | val_acc=0.7227 val_loss=0.8848 val_f1_macro=0.6432 val_f1_weighted=0.7134 val_prec_macro=0.6751 val_rec_macro=0.6312 val_metric_name=acc val_metric=0.7227
Step 2400 | loss 0.6576 | val_acc=0.7239 val_loss=0.8832 val_f1_macro=0.6460 val_f1_weighted=0.7146 val_prec_macro=0.6777 val_rec_macro=0.6344 val_metric_name=acc val_metric=0.7239
Step 2450 | loss 0.6495 | val_acc=0.7250 val_loss=0.8790 val_f1_macro=0.6472 val_f1_weighted=0.7159 val_prec_macro=0.6767 val_rec_macro=0.6359 val_metric_name=acc val_metric=0.7250
Step 2500 | loss 0.6369 | val_acc=0.7246 val_loss=0.8779 val_f1_macro=0.6445 val_f1_weighted=0.7156 val_prec_macro=0.6744 val_rec_macro=0.6335 val_metric_name=acc val_metric=0.7246
Step 2550 | loss 0.6289 | val_acc=0.7257 val_loss=0.8779 val_f1_macro=0.6466 val_f1_weighted=0.7168 val_prec_macro=0.6751 val_rec_macro=0.6360 val_metric_name=acc val_metric=0.7257
Step 2600 | loss 0.6146 | val_acc=0.7259 val_loss=0.8762 val_f1_macro=0.6477 val_f1_weighted=0.7174 val_prec_macro=0.6736 val_rec_macro=0.6374 val_metric_name=acc val_metric=0.7259
Step 2650 | loss 0.6034 | val_acc=0.7264 val_loss=0.8743 val_f1_macro=0.6490 val_f1_weighted=0.7181 val_prec_macro=0.6777 val_rec_macro=0.6383 val_metric_name=acc val_metric=0.7264
Step 2700 | loss 0.5968 | val_acc=0.7278 val_loss=0.8768 val_f1_macro=0.6500 val_f1_weighted=0.7191 val_prec_macro=0.6776 val_rec_macro=0.6395 val_metric_name=acc val_metric=0.7278
Step 2750 | loss 0.5891 | val_acc=0.7290 val_loss=0.8726 val_f1_macro=0.6515 val_f1_weighted=0.7203 val_prec_macro=0.6787 val_rec_macro=0.6409 val_metric_name=acc val_metric=0.7290
Step 2800 | loss 0.5811 | val_acc=0.7278 val_loss=0.8742 val_f1_macro=0.6511 val_f1_weighted=0.7195 val_prec_macro=0.6800 val_rec_macro=0.6393 val_metric_name=acc val_metric=0.7278
Step 2850 | loss 0.5654 | val_acc=0.7310 val_loss=0.8739 val_f1_macro=0.6560 val_f1_weighted=0.7227 val_prec_macro=0.6829 val_rec_macro=0.6447 val_metric_name=acc val_metric=0.7310
Step 2900 | loss 0.5580 | val_acc=0.7303 val_loss=0.8722 val_f1_macro=0.6538 val_f1_weighted=0.7223 val_prec_macro=0.6789 val_rec_macro=0.6437 val_metric_name=acc val_metric=0.7303
Step 2950 | loss 0.5479 | val_acc=0.7312 val_loss=0.8734 val_f1_macro=0.6562 val_f1_weighted=0.7229 val_prec_macro=0.6843 val_rec_macro=0.6443 val_metric_name=acc val_metric=0.7312
Step 3000 | loss 0.5430 | val_acc=0.7313 val_loss=0.8733 val_f1_macro=0.6579 val_f1_weighted=0.7236 val_prec_macro=0.6863 val_rec_macro=0.6454 val_metric_name=acc val_metric=0.7313
Step 3050 | loss 0.5240 | val_acc=0.7322 val_loss=0.8755 val_f1_macro=0.6575 val_f1_weighted=0.7243 val_prec_macro=0.6841 val_rec_macro=0.6457 val_metric_name=acc val_metric=0.7322
Step 3100 | loss 0.5275 | val_acc=0.7315 val_loss=0.8760 val_f1_macro=0.6562 val_f1_weighted=0.7237 val_prec_macro=0.6794 val_rec_macro=0.6460 val_metric_name=acc val_metric=0.7315
Step 3150 | loss 0.5187 | val_acc=0.7315 val_loss=0.8782 val_f1_macro=0.6574 val_f1_weighted=0.7238 val_prec_macro=0.6816 val_rec_macro=0.6465 val_metric_name=acc val_metric=0.7315
Step 3200 | loss 0.5032 | val_acc=0.7319 val_loss=0.8783 val_f1_macro=0.6581 val_f1_weighted=0.7243 val_prec_macro=0.6811 val_rec_macro=0.6475 val_metric_name=acc val_metric=0.7319
Step 3250 | loss 0.5029 | val_acc=0.7317 val_loss=0.8795 val_f1_macro=0.6578 val_f1_weighted=0.7240 val_prec_macro=0.6806 val_rec_macro=0.6474 val_metric_name=acc val_metric=0.7317
Step 3300 | loss 0.4895 | val_acc=0.7308 val_loss=0.8808 val_f1_macro=0.6565 val_f1_weighted=0.7231 val_prec_macro=0.6786 val_rec_macro=0.6465 val_metric_name=acc val_metric=0.7308
Step 3350 | loss 0.4716 | val_acc=0.7326 val_loss=0.8821 val_f1_macro=0.6584 val_f1_weighted=0.7251 val_prec_macro=0.6795 val_rec_macro=0.6488 val_metric_name=acc val_metric=0.7326
Step 3400 | loss 0.4764 | val_acc=0.7315 val_loss=0.8862 val_f1_macro=0.6570 val_f1_weighted=0.7240 val_prec_macro=0.6787 val_rec_macro=0.6471 val_metric_name=acc val_metric=0.7315
Step 3450 | loss 0.4588 | val_acc=0.7336 val_loss=0.8869 val_f1_macro=0.6589 val_f1_weighted=0.7261 val_prec_macro=0.6830 val_rec_macro=0.6473 val_metric_name=acc val_metric=0.7336
Step 3500 | loss 0.4619 | val_acc=0.7331 val_loss=0.8898 val_f1_macro=0.6589 val_f1_weighted=0.7256 val_prec_macro=0.6796 val_rec_macro=0.6492 val_metric_name=acc val_metric=0.7331
Step 3550 | loss 0.4525 | val_acc=0.7354 val_loss=0.8932 val_f1_macro=0.6630 val_f1_weighted=0.7281 val_prec_macro=0.6850 val_rec_macro=0.6524 val_metric_name=acc val_metric=0.7354
Step 3600 | loss 0.4400 | val_acc=0.7352 val_loss=0.8941 val_f1_macro=0.6626 val_f1_weighted=0.7278 val_prec_macro=0.6839 val_rec_macro=0.6521 val_metric_name=acc val_metric=0.7352
Step 3650 | loss 0.4342 | val_acc=0.7343 val_loss=0.8986 val_f1_macro=0.6608 val_f1_weighted=0.7271 val_prec_macro=0.6822 val_rec_macro=0.6504 val_metric_name=acc val_metric=0.7343
Step 3700 | loss 0.4193 | val_acc=0.7352 val_loss=0.9017 val_f1_macro=0.6618 val_f1_weighted=0.7281 val_prec_macro=0.6822 val_rec_macro=0.6517 val_metric_name=acc val_metric=0.7352
Step 3750 | loss 0.4178 | val_acc=0.7359 val_loss=0.9044 val_f1_macro=0.6631 val_f1_weighted=0.7284 val_prec_macro=0.6835 val_rec_macro=0.6525 val_metric_name=acc val_metric=0.7359
Step 3800 | loss 0.4131 | val_acc=0.7354 val_loss=0.9064 val_f1_macro=0.6640 val_f1_weighted=0.7288 val_prec_macro=0.6835 val_rec_macro=0.6541 val_metric_name=acc val_metric=0.7354
Step 3850 | loss 0.3997 | val_acc=0.7350 val_loss=0.9109 val_f1_macro=0.6615 val_f1_weighted=0.7277 val_prec_macro=0.6802 val_rec_macro=0.6516 val_metric_name=acc val_metric=0.7350
Step 3900 | loss 0.3956 | val_acc=0.7356 val_loss=0.9138 val_f1_macro=0.6625 val_f1_weighted=0.7286 val_prec_macro=0.6802 val_rec_macro=0.6533 val_metric_name=acc val_metric=0.7356
Step 3950 | loss 0.3818 | val_acc=0.7347 val_loss=0.9167 val_f1_macro=0.6621 val_f1_weighted=0.7276 val_prec_macro=0.6813 val_rec_macro=0.6521 val_metric_name=acc val_metric=0.7347
Step 4000 | loss 0.3776 | val_acc=0.7352 val_loss=0.9222 val_f1_macro=0.6642 val_f1_weighted=0.7284 val_prec_macro=0.6812 val_rec_macro=0.6559 val_metric_name=acc val_metric=0.7352
Step 4050 | loss 0.3729 | val_acc=0.7345 val_loss=0.9274 val_f1_macro=0.6623 val_f1_weighted=0.7275 val_prec_macro=0.6801 val_rec_macro=0.6536 val_metric_name=acc val_metric=0.7345
Step 4100 | loss 0.3707 | val_acc=0.7349 val_loss=0.9295 val_f1_macro=0.6633 val_f1_weighted=0.7282 val_prec_macro=0.6816 val_rec_macro=0.6537 val_metric_name=acc val_metric=0.7349
Step 4150 | loss 0.3513 | val_acc=0.7350 val_loss=0.9329 val_f1_macro=0.6630 val_f1_weighted=0.7283 val_prec_macro=0.6796 val_rec_macro=0.6548 val_metric_name=acc val_metric=0.7350
Step 4200 | loss 0.3533 | val_acc=0.7350 val_loss=0.9381 val_f1_macro=0.6649 val_f1_weighted=0.7286 val_prec_macro=0.6814 val_rec_macro=0.6565 val_metric_name=acc val_metric=0.7350
Step 4250 | loss 0.3445 | val_acc=0.7347 val_loss=0.9415 val_f1_macro=0.6642 val_f1_weighted=0.7283 val_prec_macro=0.6807 val_rec_macro=0.6559 val_metric_name=acc val_metric=0.7347
Early stopping at step 4268

--- Final (best ckpt @ step 3730) ---
  train_acc=0.9163 train_loss=0.2614 train_f1_macro=0.9008 train_f1_weighted=0.9150 train_prec_macro=0.9164 train_rec_macro=0.8905 train_metric_name=acc train_metric=0.9163
  val_acc=0.7366 val_loss=0.9036 val_f1_macro=0.6645 val_f1_weighted=0.7294 val_prec_macro=0.6837 val_rec_macro=0.6548 val_metric_name=acc val_metric=0.7366
  test_acc=0.7411 test_loss=0.9098 test_f1_macro=0.6721 test_f1_weighted=0.7338 test_prec_macro=0.6897 test_rec_macro=0.6673 test_metric_name=acc test_metric=0.7411
  test_acc=0.7411

============================================================
Training roman-empire GCN 1L h=512 lr=3e-05 split=9
============================================================
Training for 5000 steps
Step    1 | loss 2.9832 | val_acc=0.0715 val_loss=2.8604 val_f1_macro=0.0305 val_f1_weighted=0.0451 val_prec_macro=0.0400 val_rec_macro=0.0648 val_metric_name=acc val_metric=0.0715
Step   50 | loss 2.0691 | val_acc=0.4099 val_loss=1.9416 val_f1_macro=0.2065 val_f1_weighted=0.3591 val_prec_macro=0.3259 val_rec_macro=0.2220 val_metric_name=acc val_metric=0.4099
Step  100 | loss 1.6433 | val_acc=0.5236 val_loss=1.5517 val_f1_macro=0.3624 val_f1_weighted=0.4841 val_prec_macro=0.4295 val_rec_macro=0.3662 val_metric_name=acc val_metric=0.5236
Step  150 | loss 1.4017 | val_acc=0.5855 val_loss=1.3413 val_f1_macro=0.4481 val_f1_weighted=0.5519 val_prec_macro=0.4976 val_rec_macro=0.4548 val_metric_name=acc val_metric=0.5855
Step  200 | loss 1.2369 | val_acc=0.6272 val_loss=1.2023 val_f1_macro=0.5039 val_f1_weighted=0.6017 val_prec_macro=0.5454 val_rec_macro=0.5047 val_metric_name=acc val_metric=0.6272
Step  250 | loss 1.1082 | val_acc=0.6528 val_loss=1.1056 val_f1_macro=0.5389 val_f1_weighted=0.6315 val_prec_macro=0.5982 val_rec_macro=0.5346 val_metric_name=acc val_metric=0.6528
Step  300 | loss 1.0141 | val_acc=0.6745 val_loss=1.0374 val_f1_macro=0.5701 val_f1_weighted=0.6570 val_prec_macro=0.6234 val_rec_macro=0.5619 val_metric_name=acc val_metric=0.6745
Step  350 | loss 0.9263 | val_acc=0.6886 val_loss=0.9946 val_f1_macro=0.5944 val_f1_weighted=0.6737 val_prec_macro=0.6371 val_rec_macro=0.5849 val_metric_name=acc val_metric=0.6886
Step  400 | loss 0.8558 | val_acc=0.6989 val_loss=0.9642 val_f1_macro=0.6063 val_f1_weighted=0.6849 val_prec_macro=0.6423 val_rec_macro=0.5970 val_metric_name=acc val_metric=0.6989
Step  450 | loss 0.8035 | val_acc=0.7086 val_loss=0.9383 val_f1_macro=0.6228 val_f1_weighted=0.6963 val_prec_macro=0.6561 val_rec_macro=0.6129 val_metric_name=acc val_metric=0.7086
Step  500 | loss 0.7540 | val_acc=0.7130 val_loss=0.9250 val_f1_macro=0.6287 val_f1_weighted=0.7010 val_prec_macro=0.6602 val_rec_macro=0.6187 val_metric_name=acc val_metric=0.7130
Step  550 | loss 0.7101 | val_acc=0.7170 val_loss=0.9111 val_f1_macro=0.6338 val_f1_weighted=0.7055 val_prec_macro=0.6616 val_rec_macro=0.6245 val_metric_name=acc val_metric=0.7170
Step  600 | loss 0.6652 | val_acc=0.7229 val_loss=0.8983 val_f1_macro=0.6430 val_f1_weighted=0.7128 val_prec_macro=0.6696 val_rec_macro=0.6336 val_metric_name=acc val_metric=0.7229
Step  650 | loss 0.6295 | val_acc=0.7259 val_loss=0.8951 val_f1_macro=0.6485 val_f1_weighted=0.7160 val_prec_macro=0.6757 val_rec_macro=0.6381 val_metric_name=acc val_metric=0.7259
Step  700 | loss 0.5950 | val_acc=0.7306 val_loss=0.8899 val_f1_macro=0.6534 val_f1_weighted=0.7209 val_prec_macro=0.6790 val_rec_macro=0.6437 val_metric_name=acc val_metric=0.7306
Step  750 | loss 0.5605 | val_acc=0.7303 val_loss=0.8940 val_f1_macro=0.6525 val_f1_weighted=0.7206 val_prec_macro=0.6779 val_rec_macro=0.6439 val_metric_name=acc val_metric=0.7303
Step  800 | loss 0.5271 | val_acc=0.7331 val_loss=0.8932 val_f1_macro=0.6570 val_f1_weighted=0.7236 val_prec_macro=0.6811 val_rec_macro=0.6485 val_metric_name=acc val_metric=0.7331
Step  850 | loss 0.4944 | val_acc=0.7357 val_loss=0.9003 val_f1_macro=0.6627 val_f1_weighted=0.7270 val_prec_macro=0.6872 val_rec_macro=0.6530 val_metric_name=acc val_metric=0.7357
Step  900 | loss 0.4657 | val_acc=0.7375 val_loss=0.9061 val_f1_macro=0.6657 val_f1_weighted=0.7291 val_prec_macro=0.6874 val_rec_macro=0.6569 val_metric_name=acc val_metric=0.7375
Step  950 | loss 0.4313 | val_acc=0.7359 val_loss=0.9174 val_f1_macro=0.6645 val_f1_weighted=0.7276 val_prec_macro=0.6851 val_rec_macro=0.6553 val_metric_name=acc val_metric=0.7359
Step 1000 | loss 0.4081 | val_acc=0.7354 val_loss=0.9322 val_f1_macro=0.6650 val_f1_weighted=0.7272 val_prec_macro=0.6845 val_rec_macro=0.6561 val_metric_name=acc val_metric=0.7354
Step 1050 | loss 0.3795 | val_acc=0.7327 val_loss=0.9401 val_f1_macro=0.6623 val_f1_weighted=0.7254 val_prec_macro=0.6778 val_rec_macro=0.6553 val_metric_name=acc val_metric=0.7327
Step 1100 | loss 0.3494 | val_acc=0.7315 val_loss=0.9604 val_f1_macro=0.6601 val_f1_weighted=0.7237 val_prec_macro=0.6762 val_rec_macro=0.6532 val_metric_name=acc val_metric=0.7315
Step 1150 | loss 0.3270 | val_acc=0.7315 val_loss=0.9737 val_f1_macro=0.6590 val_f1_weighted=0.7238 val_prec_macro=0.6733 val_rec_macro=0.6532 val_metric_name=acc val_metric=0.7315
Step 1200 | loss 0.3055 | val_acc=0.7292 val_loss=0.9909 val_f1_macro=0.6583 val_f1_weighted=0.7219 val_prec_macro=0.6718 val_rec_macro=0.6528 val_metric_name=acc val_metric=0.7292
Early stopping at step 1201

--- Final (best ckpt @ step 900) ---
  train_acc=0.8975 train_loss=0.3141 train_f1_macro=0.8794 train_f1_weighted=0.8955 train_prec_macro=0.8967 train_rec_macro=0.8678 train_metric_name=acc train_metric=0.8975
  val_acc=0.7375 val_loss=0.9061 val_f1_macro=0.6657 val_f1_weighted=0.7291 val_prec_macro=0.6874 val_rec_macro=0.6569 val_metric_name=acc val_metric=0.7375
  test_acc=0.7271 test_loss=0.9356 test_f1_macro=0.6496 test_f1_weighted=0.7192 test_prec_macro=0.6657 test_rec_macro=0.6481 test_metric_name=acc test_metric=0.7271
  test_acc=0.7271

============================================================
Training roman-empire GCN 1L h=512 lr=6e-05 split=9
============================================================
Training for 5000 steps
Step    1 | loss 2.9832 | val_acc=0.1139 val_loss=2.7677 val_f1_macro=0.0438 val_f1_weighted=0.0755 val_prec_macro=0.0577 val_rec_macro=0.0663 val_metric_name=acc val_metric=0.1139
Step   50 | loss 1.7178 | val_acc=0.4966 val_loss=1.6312 val_f1_macro=0.3248 val_f1_weighted=0.4556 val_prec_macro=0.4081 val_rec_macro=0.3336 val_metric_name=acc val_metric=0.4966
Step  100 | loss 1.2929 | val_acc=0.6131 val_loss=1.2534 val_f1_macro=0.4849 val_f1_weighted=0.5844 val_prec_macro=0.5293 val_rec_macro=0.4889 val_metric_name=acc val_metric=0.6131
Step  150 | loss 1.0505 | val_acc=0.6655 val_loss=1.0676 val_f1_macro=0.5534 val_f1_weighted=0.6461 val_prec_macro=0.6110 val_rec_macro=0.5484 val_metric_name=acc val_metric=0.6655
Step  200 | loss 0.8955 | val_acc=0.6923 val_loss=0.9800 val_f1_macro=0.6001 val_f1_weighted=0.6784 val_prec_macro=0.6388 val_rec_macro=0.5916 val_metric_name=acc val_metric=0.6923
Step  250 | loss 0.7873 | val_acc=0.7105 val_loss=0.9304 val_f1_macro=0.6252 val_f1_weighted=0.6979 val_prec_macro=0.6582 val_rec_macro=0.6151 val_metric_name=acc val_metric=0.7105
Step  300 | loss 0.7104 | val_acc=0.7174 val_loss=0.9075 val_f1_macro=0.6357 val_f1_weighted=0.7065 val_prec_macro=0.6649 val_rec_macro=0.6253 val_metric_name=acc val_metric=0.7174
Step  350 | loss 0.6276 | val_acc=0.7260 val_loss=0.8919 val_f1_macro=0.6496 val_f1_weighted=0.7174 val_prec_macro=0.6763 val_rec_macro=0.6388 val_metric_name=acc val_metric=0.7260
Step  400 | loss 0.5612 | val_acc=0.7310 val_loss=0.8967 val_f1_macro=0.6544 val_f1_weighted=0.7214 val_prec_macro=0.6816 val_rec_macro=0.6451 val_metric_name=acc val_metric=0.7310
Step  450 | loss 0.5043 | val_acc=0.7350 val_loss=0.8982 val_f1_macro=0.6614 val_f1_weighted=0.7264 val_prec_macro=0.6827 val_rec_macro=0.6528 val_metric_name=acc val_metric=0.7350
Step  500 | loss 0.4478 | val_acc=0.7349 val_loss=0.9125 val_f1_macro=0.6612 val_f1_weighted=0.7267 val_prec_macro=0.6806 val_rec_macro=0.6538 val_metric_name=acc val_metric=0.7349
Step  550 | loss 0.3948 | val_acc=0.7342 val_loss=0.9286 val_f1_macro=0.6635 val_f1_weighted=0.7265 val_prec_macro=0.6801 val_rec_macro=0.6579 val_metric_name=acc val_metric=0.7342
Step  600 | loss 0.3455 | val_acc=0.7319 val_loss=0.9569 val_f1_macro=0.6611 val_f1_weighted=0.7249 val_prec_macro=0.6759 val_rec_macro=0.6544 val_metric_name=acc val_metric=0.7319
Step  650 | loss 0.3048 | val_acc=0.7299 val_loss=0.9926 val_f1_macro=0.6592 val_f1_weighted=0.7231 val_prec_macro=0.6746 val_rec_macro=0.6514 val_metric_name=acc val_metric=0.7299
Step  700 | loss 0.2693 | val_acc=0.7299 val_loss=1.0288 val_f1_macro=0.6601 val_f1_weighted=0.7226 val_prec_macro=0.6724 val_rec_macro=0.6549 val_metric_name=acc val_metric=0.7299
Step  750 | loss 0.2350 | val_acc=0.7280 val_loss=1.0682 val_f1_macro=0.6591 val_f1_weighted=0.7215 val_prec_macro=0.6707 val_rec_macro=0.6549 val_metric_name=acc val_metric=0.7280
Early stopping at step 780

--- Final (best ckpt @ step 480) ---
  train_acc=0.8945 train_loss=0.3174 train_f1_macro=0.8765 train_f1_weighted=0.8926 train_prec_macro=0.8931 train_rec_macro=0.8654 train_metric_name=acc train_metric=0.8945
  val_acc=0.7391 val_loss=0.8984 val_f1_macro=0.6665 val_f1_weighted=0.7308 val_prec_macro=0.6853 val_rec_macro=0.6589 val_metric_name=acc val_metric=0.7391
  test_acc=0.7298 test_loss=0.9253 test_f1_macro=0.6528 test_f1_weighted=0.7217 test_prec_macro=0.6667 test_rec_macro=0.6530 test_metric_name=acc test_metric=0.7298
  test_acc=0.7298

============================================================
Training roman-empire GCN 1L h=512 lr=0.0001 split=9
============================================================
Training for 5000 steps
Step    1 | loss 2.9832 | val_acc=0.1442 val_loss=2.6715 val_f1_macro=0.0447 val_f1_weighted=0.0892 val_prec_macro=0.0684 val_rec_macro=0.0644 val_metric_name=acc val_metric=0.1442
Step   50 | loss 1.4729 | val_acc=0.5592 val_loss=1.4170 val_f1_macro=0.4145 val_f1_weighted=0.5237 val_prec_macro=0.4510 val_rec_macro=0.4243 val_metric_name=acc val_metric=0.5592
Step  100 | loss 1.0420 | val_acc=0.6644 val_loss=1.0650 val_f1_macro=0.5537 val_f1_weighted=0.6449 val_prec_macro=0.6106 val_rec_macro=0.5500 val_metric_name=acc val_metric=0.6644
Step  150 | loss 0.8223 | val_acc=0.7029 val_loss=0.9513 val_f1_macro=0.6122 val_f1_weighted=0.6894 val_prec_macro=0.6494 val_rec_macro=0.6027 val_metric_name=acc val_metric=0.7029
Step  200 | loss 0.6825 | val_acc=0.7193 val_loss=0.9021 val_f1_macro=0.6392 val_f1_weighted=0.7087 val_prec_macro=0.6649 val_rec_macro=0.6306 val_metric_name=acc val_metric=0.7193
Step  250 | loss 0.5764 | val_acc=0.7331 val_loss=0.8860 val_f1_macro=0.6568 val_f1_weighted=0.7238 val_prec_macro=0.6837 val_rec_macro=0.6461 val_metric_name=acc val_metric=0.7331
Step  300 | loss 0.4915 | val_acc=0.7363 val_loss=0.8950 val_f1_macro=0.6633 val_f1_weighted=0.7279 val_prec_macro=0.6886 val_rec_macro=0.6526 val_metric_name=acc val_metric=0.7363
Step  350 | loss 0.3986 | val_acc=0.7359 val_loss=0.9218 val_f1_macro=0.6637 val_f1_weighted=0.7281 val_prec_macro=0.6804 val_rec_macro=0.6576 val_metric_name=acc val_metric=0.7359
Step  400 | loss 0.3277 | val_acc=0.7306 val_loss=0.9800 val_f1_macro=0.6585 val_f1_weighted=0.7223 val_prec_macro=0.6719 val_rec_macro=0.6545 val_metric_name=acc val_metric=0.7306
Step  450 | loss 0.2661 | val_acc=0.7287 val_loss=1.0399 val_f1_macro=0.6586 val_f1_weighted=0.7211 val_prec_macro=0.6739 val_rec_macro=0.6531 val_metric_name=acc val_metric=0.7287
Step  500 | loss 0.2153 | val_acc=0.7294 val_loss=1.0907 val_f1_macro=0.6591 val_f1_weighted=0.7221 val_prec_macro=0.6695 val_rec_macro=0.6554 val_metric_name=acc val_metric=0.7294
Step  550 | loss 0.1767 | val_acc=0.7260 val_loss=1.1478 val_f1_macro=0.6595 val_f1_weighted=0.7199 val_prec_macro=0.6651 val_rec_macro=0.6598 val_metric_name=acc val_metric=0.7260
Step  600 | loss 0.1444 | val_acc=0.7237 val_loss=1.2116 val_f1_macro=0.6546 val_f1_weighted=0.7167 val_prec_macro=0.6622 val_rec_macro=0.6546 val_metric_name=acc val_metric=0.7237
Step  650 | loss 0.1223 | val_acc=0.7222 val_loss=1.2636 val_f1_macro=0.6526 val_f1_weighted=0.7162 val_prec_macro=0.6597 val_rec_macro=0.6517 val_metric_name=acc val_metric=0.7222
Early stopping at step 668

--- Final (best ckpt @ step 270) ---
  train_acc=0.8695 train_loss=0.3938 train_f1_macro=0.8423 train_f1_weighted=0.8666 train_prec_macro=0.8642 train_rec_macro=0.8291 train_metric_name=acc train_metric=0.8695
  val_acc=0.7370 val_loss=0.8844 val_f1_macro=0.6618 val_f1_weighted=0.7275 val_prec_macro=0.6840 val_rec_macro=0.6531 val_metric_name=acc val_metric=0.7370
  test_acc=0.7250 test_loss=0.9115 test_f1_macro=0.6506 test_f1_weighted=0.7165 test_prec_macro=0.6706 test_rec_macro=0.6485 test_metric_name=acc test_metric=0.7250
  test_acc=0.7250

============================================================
Training roman-empire GCN 1L h=512 lr=1e-05 split=9
============================================================
Training for 5000 steps
Step    1 | loss 2.9832 | val_acc=0.0561 val_loss=2.9314 val_f1_macro=0.0222 val_f1_weighted=0.0277 val_prec_macro=0.0386 val_rec_macro=0.0636 val_metric_name=acc val_metric=0.0561
Step   50 | loss 2.4657 | val_acc=0.2775 val_loss=2.3755 val_f1_macro=0.0945 val_f1_weighted=0.2056 val_prec_macro=0.0845 val_rec_macro=0.1248 val_metric_name=acc val_metric=0.2775
Step  100 | loss 2.2218 | val_acc=0.3728 val_loss=2.0901 val_f1_macro=0.1636 val_f1_weighted=0.3119 val_prec_macro=0.2025 val_rec_macro=0.1863 val_metric_name=acc val_metric=0.3728
Step  150 | loss 1.9899 | val_acc=0.4397 val_loss=1.8580 val_f1_macro=0.2406 val_f1_weighted=0.3906 val_prec_macro=0.3088 val_rec_macro=0.2521 val_metric_name=acc val_metric=0.4397
Step  200 | loss 1.8238 | val_acc=0.4803 val_loss=1.6990 val_f1_macro=0.2946 val_f1_weighted=0.4349 val_prec_macro=0.4215 val_rec_macro=0.3038 val_metric_name=acc val_metric=0.4803
Step  250 | loss 1.6896 | val_acc=0.5133 val_loss=1.5841 val_f1_macro=0.3438 val_f1_weighted=0.4717 val_prec_macro=0.4158 val_rec_macro=0.3478 val_metric_name=acc val_metric=0.5133
Step  300 | loss 1.5880 | val_acc=0.5414 val_loss=1.4926 val_f1_macro=0.3876 val_f1_weighted=0.5033 val_prec_macro=0.4482 val_rec_macro=0.3905 val_metric_name=acc val_metric=0.5414
Step  350 | loss 1.5039 | val_acc=0.5620 val_loss=1.4180 val_f1_macro=0.4167 val_f1_weighted=0.5263 val_prec_macro=0.4988 val_rec_macro=0.4183 val_metric_name=acc val_metric=0.5620
Step  400 | loss 1.4209 | val_acc=0.5815 val_loss=1.3544 val_f1_macro=0.4408 val_f1_weighted=0.5473 val_prec_macro=0.5026 val_rec_macro=0.4451 val_metric_name=acc val_metric=0.5815
Step  450 | loss 1.3599 | val_acc=0.5988 val_loss=1.2991 val_f1_macro=0.4627 val_f1_weighted=0.5667 val_prec_macro=0.5132 val_rec_macro=0.4671 val_metric_name=acc val_metric=0.5988
Step  500 | loss 1.2964 | val_acc=0.6129 val_loss=1.2494 val_f1_macro=0.4832 val_f1_weighted=0.5840 val_prec_macro=0.5307 val_rec_macro=0.4854 val_metric_name=acc val_metric=0.6129
Step  550 | loss 1.2477 | val_acc=0.6259 val_loss=1.2067 val_f1_macro=0.5027 val_f1_weighted=0.6000 val_prec_macro=0.5435 val_rec_macro=0.5036 val_metric_name=acc val_metric=0.6259
Step  600 | loss 1.1992 | val_acc=0.6358 val_loss=1.1680 val_f1_macro=0.5150 val_f1_weighted=0.6113 val_prec_macro=0.5582 val_rec_macro=0.5139 val_metric_name=acc val_metric=0.6358
Step  650 | loss 1.1525 | val_acc=0.6464 val_loss=1.1341 val_f1_macro=0.5298 val_f1_weighted=0.6239 val_prec_macro=0.5716 val_rec_macro=0.5269 val_metric_name=acc val_metric=0.6464
Step  700 | loss 1.1089 | val_acc=0.6537 val_loss=1.1042 val_f1_macro=0.5399 val_f1_weighted=0.6322 val_prec_macro=0.6002 val_rec_macro=0.5351 val_metric_name=acc val_metric=0.6537
Step  750 | loss 1.0745 | val_acc=0.6613 val_loss=1.0796 val_f1_macro=0.5501 val_f1_weighted=0.6415 val_prec_macro=0.6134 val_rec_macro=0.5443 val_metric_name=acc val_metric=0.6613
Step  800 | loss 1.0406 | val_acc=0.6681 val_loss=1.0556 val_f1_macro=0.5603 val_f1_weighted=0.6492 val_prec_macro=0.6200 val_rec_macro=0.5541 val_metric_name=acc val_metric=0.6681
Step  850 | loss 1.0082 | val_acc=0.6736 val_loss=1.0359 val_f1_macro=0.5704 val_f1_weighted=0.6562 val_prec_macro=0.6272 val_rec_macro=0.5621 val_metric_name=acc val_metric=0.6736
Step  900 | loss 0.9796 | val_acc=0.6803 val_loss=1.0179 val_f1_macro=0.5798 val_f1_weighted=0.6642 val_prec_macro=0.6309 val_rec_macro=0.5708 val_metric_name=acc val_metric=0.6803
Step  950 | loss 0.9461 | val_acc=0.6849 val_loss=1.0044 val_f1_macro=0.5861 val_f1_weighted=0.6693 val_prec_macro=0.6339 val_rec_macro=0.5767 val_metric_name=acc val_metric=0.6849
Step 1000 | loss 0.9230 | val_acc=0.6891 val_loss=0.9898 val_f1_macro=0.5951 val_f1_weighted=0.6746 val_prec_macro=0.6408 val_rec_macro=0.5833 val_metric_name=acc val_metric=0.6891
Step 1050 | loss 0.8991 | val_acc=0.6934 val_loss=0.9773 val_f1_macro=0.5987 val_f1_weighted=0.6791 val_prec_macro=0.6409 val_rec_macro=0.5883 val_metric_name=acc val_metric=0.6934
Step 1100 | loss 0.8746 | val_acc=0.6981 val_loss=0.9662 val_f1_macro=0.6055 val_f1_weighted=0.6838 val_prec_macro=0.6441 val_rec_macro=0.5954 val_metric_name=acc val_metric=0.6981
Step 1150 | loss 0.8507 | val_acc=0.7011 val_loss=0.9566 val_f1_macro=0.6111 val_f1_weighted=0.6878 val_prec_macro=0.6476 val_rec_macro=0.6010 val_metric_name=acc val_metric=0.7011
Step 1200 | loss 0.8346 | val_acc=0.7041 val_loss=0.9491 val_f1_macro=0.6164 val_f1_weighted=0.6913 val_prec_macro=0.6517 val_rec_macro=0.6066 val_metric_name=acc val_metric=0.7041
Step 1250 | loss 0.8218 | val_acc=0.7075 val_loss=0.9410 val_f1_macro=0.6201 val_f1_weighted=0.6950 val_prec_macro=0.6540 val_rec_macro=0.6099 val_metric_name=acc val_metric=0.7075
Step 1300 | loss 0.7945 | val_acc=0.7084 val_loss=0.9350 val_f1_macro=0.6223 val_f1_weighted=0.6963 val_prec_macro=0.6546 val_rec_macro=0.6128 val_metric_name=acc val_metric=0.7084
Step 1350 | loss 0.7731 | val_acc=0.7121 val_loss=0.9269 val_f1_macro=0.6281 val_f1_weighted=0.7005 val_prec_macro=0.6608 val_rec_macro=0.6174 val_metric_name=acc val_metric=0.7121
Step 1400 | loss 0.7644 | val_acc=0.7124 val_loss=0.9239 val_f1_macro=0.6289 val_f1_weighted=0.7006 val_prec_macro=0.6624 val_rec_macro=0.6179 val_metric_name=acc val_metric=0.7124
Step 1450 | loss 0.7429 | val_acc=0.7153 val_loss=0.9179 val_f1_macro=0.6340 val_f1_weighted=0.7039 val_prec_macro=0.6657 val_rec_macro=0.6236 val_metric_name=acc val_metric=0.7153
Step 1500 | loss 0.7282 | val_acc=0.7140 val_loss=0.9136 val_f1_macro=0.6319 val_f1_weighted=0.7026 val_prec_macro=0.6619 val_rec_macro=0.6218 val_metric_name=acc val_metric=0.7140
Step 1550 | loss 0.7092 | val_acc=0.7163 val_loss=0.9119 val_f1_macro=0.6357 val_f1_weighted=0.7053 val_prec_macro=0.6634 val_rec_macro=0.6258 val_metric_name=acc val_metric=0.7163
Step 1600 | loss 0.6892 | val_acc=0.7181 val_loss=0.9066 val_f1_macro=0.6372 val_f1_weighted=0.7072 val_prec_macro=0.6648 val_rec_macro=0.6268 val_metric_name=acc val_metric=0.7181
Step 1650 | loss 0.6768 | val_acc=0.7197 val_loss=0.9023 val_f1_macro=0.6384 val_f1_weighted=0.7093 val_prec_macro=0.6647 val_rec_macro=0.6288 val_metric_name=acc val_metric=0.7197
Step 1700 | loss 0.6616 | val_acc=0.7223 val_loss=0.9000 val_f1_macro=0.6433 val_f1_weighted=0.7118 val_prec_macro=0.6712 val_rec_macro=0.6325 val_metric_name=acc val_metric=0.7223
Step 1750 | loss 0.6577 | val_acc=0.7234 val_loss=0.8950 val_f1_macro=0.6442 val_f1_weighted=0.7137 val_prec_macro=0.6710 val_rec_macro=0.6345 val_metric_name=acc val_metric=0.7234
Step 1800 | loss 0.6355 | val_acc=0.7252 val_loss=0.8966 val_f1_macro=0.6474 val_f1_weighted=0.7153 val_prec_macro=0.6738 val_rec_macro=0.6376 val_metric_name=acc val_metric=0.7252
Step 1850 | loss 0.6219 | val_acc=0.7262 val_loss=0.8947 val_f1_macro=0.6494 val_f1_weighted=0.7171 val_prec_macro=0.6767 val_rec_macro=0.6387 val_metric_name=acc val_metric=0.7262
Step 1900 | loss 0.6101 | val_acc=0.7264 val_loss=0.8928 val_f1_macro=0.6487 val_f1_weighted=0.7167 val_prec_macro=0.6740 val_rec_macro=0.6396 val_metric_name=acc val_metric=0.7264
Step 1950 | loss 0.5949 | val_acc=0.7271 val_loss=0.8927 val_f1_macro=0.6497 val_f1_weighted=0.7173 val_prec_macro=0.6754 val_rec_macro=0.6403 val_metric_name=acc val_metric=0.7271
Step 2000 | loss 0.5892 | val_acc=0.7287 val_loss=0.8942 val_f1_macro=0.6500 val_f1_weighted=0.7191 val_prec_macro=0.6751 val_rec_macro=0.6413 val_metric_name=acc val_metric=0.7287
Step 2050 | loss 0.5723 | val_acc=0.7303 val_loss=0.8923 val_f1_macro=0.6524 val_f1_weighted=0.7206 val_prec_macro=0.6769 val_rec_macro=0.6436 val_metric_name=acc val_metric=0.7303
Step 2100 | loss 0.5542 | val_acc=0.7320 val_loss=0.8897 val_f1_macro=0.6552 val_f1_weighted=0.7229 val_prec_macro=0.6810 val_rec_macro=0.6464 val_metric_name=acc val_metric=0.7320
Step 2150 | loss 0.5429 | val_acc=0.7338 val_loss=0.8938 val_f1_macro=0.6560 val_f1_weighted=0.7242 val_prec_macro=0.6818 val_rec_macro=0.6467 val_metric_name=acc val_metric=0.7338
Step 2200 | loss 0.5329 | val_acc=0.7350 val_loss=0.8935 val_f1_macro=0.6609 val_f1_weighted=0.7260 val_prec_macro=0.6878 val_rec_macro=0.6504 val_metric_name=acc val_metric=0.7350
Step 2250 | loss 0.5226 | val_acc=0.7350 val_loss=0.8948 val_f1_macro=0.6609 val_f1_weighted=0.7264 val_prec_macro=0.6853 val_rec_macro=0.6517 val_metric_name=acc val_metric=0.7350
Step 2300 | loss 0.5142 | val_acc=0.7342 val_loss=0.8986 val_f1_macro=0.6607 val_f1_weighted=0.7254 val_prec_macro=0.6839 val_rec_macro=0.6514 val_metric_name=acc val_metric=0.7342
Step 2350 | loss 0.4953 | val_acc=0.7357 val_loss=0.8988 val_f1_macro=0.6638 val_f1_weighted=0.7277 val_prec_macro=0.6853 val_rec_macro=0.6549 val_metric_name=acc val_metric=0.7357
Step 2400 | loss 0.4951 | val_acc=0.7370 val_loss=0.8987 val_f1_macro=0.6656 val_f1_weighted=0.7289 val_prec_macro=0.6874 val_rec_macro=0.6563 val_metric_name=acc val_metric=0.7370
Step 2450 | loss 0.4744 | val_acc=0.7356 val_loss=0.9046 val_f1_macro=0.6643 val_f1_weighted=0.7276 val_prec_macro=0.6868 val_rec_macro=0.6552 val_metric_name=acc val_metric=0.7356
Step 2500 | loss 0.4568 | val_acc=0.7356 val_loss=0.9062 val_f1_macro=0.6629 val_f1_weighted=0.7277 val_prec_macro=0.6819 val_rec_macro=0.6553 val_metric_name=acc val_metric=0.7356
Step 2550 | loss 0.4468 | val_acc=0.7363 val_loss=0.9108 val_f1_macro=0.6650 val_f1_weighted=0.7286 val_prec_macro=0.6831 val_rec_macro=0.6577 val_metric_name=acc val_metric=0.7363
Step 2600 | loss 0.4366 | val_acc=0.7345 val_loss=0.9152 val_f1_macro=0.6636 val_f1_weighted=0.7269 val_prec_macro=0.6842 val_rec_macro=0.6545 val_metric_name=acc val_metric=0.7345
Step 2650 | loss 0.4285 | val_acc=0.7357 val_loss=0.9234 val_f1_macro=0.6649 val_f1_weighted=0.7280 val_prec_macro=0.6830 val_rec_macro=0.6574 val_metric_name=acc val_metric=0.7357
Step 2700 | loss 0.4180 | val_acc=0.7356 val_loss=0.9240 val_f1_macro=0.6640 val_f1_weighted=0.7280 val_prec_macro=0.6819 val_rec_macro=0.6564 val_metric_name=acc val_metric=0.7356
Step 2750 | loss 0.4085 | val_acc=0.7345 val_loss=0.9274 val_f1_macro=0.6639 val_f1_weighted=0.7273 val_prec_macro=0.6815 val_rec_macro=0.6563 val_metric_name=acc val_metric=0.7345
Step 2800 | loss 0.3914 | val_acc=0.7333 val_loss=0.9330 val_f1_macro=0.6626 val_f1_weighted=0.7260 val_prec_macro=0.6782 val_rec_macro=0.6561 val_metric_name=acc val_metric=0.7333
Step 2850 | loss 0.3820 | val_acc=0.7338 val_loss=0.9353 val_f1_macro=0.6629 val_f1_weighted=0.7269 val_prec_macro=0.6800 val_rec_macro=0.6550 val_metric_name=acc val_metric=0.7338
Step 2900 | loss 0.3822 | val_acc=0.7335 val_loss=0.9408 val_f1_macro=0.6636 val_f1_weighted=0.7264 val_prec_macro=0.6808 val_rec_macro=0.6561 val_metric_name=acc val_metric=0.7335
Early stopping at step 2934

--- Final (best ckpt @ step 2400) ---
  train_acc=0.8900 train_loss=0.3330 train_f1_macro=0.8703 train_f1_weighted=0.8880 train_prec_macro=0.8887 train_rec_macro=0.8580 train_metric_name=acc train_metric=0.8900
  val_acc=0.7370 val_loss=0.8987 val_f1_macro=0.6656 val_f1_weighted=0.7289 val_prec_macro=0.6874 val_rec_macro=0.6563 val_metric_name=acc val_metric=0.7370
  test_acc=0.7271 test_loss=0.9274 test_f1_macro=0.6494 test_f1_weighted=0.7193 test_prec_macro=0.6673 test_rec_macro=0.6473 test_metric_name=acc test_metric=0.7271
  test_acc=0.7271
  >> num_layers=1 hidden_dim=256 lr=3e-05 best_step=2170 val_acc=0.7414 test_acc=0.7457
     val_acc=0.7414 val_f1_macro=0.6757 val_f1_weighted=0.7343 val_loss=0.8805 val_metric=0.7414 val_metric_name=acc val_prec_macro=0.6849 val_rec_macro=0.6733
     test_acc=0.7457 test_f1_macro=0.6826 test_f1_weighted=0.7393 test_loss=0.8899 test_metric=0.7457 test_metric_name=acc test_prec_macro=0.6929 test_rec_macro=0.6822
  >> num_layers=1 hidden_dim=256 lr=6e-05 best_step=1010 val_acc=0.7428 test_acc=0.7450
     val_acc=0.7428 val_f1_macro=0.6763 val_f1_weighted=0.7361 val_loss=0.8488 val_metric=0.7428 val_metric_name=acc val_prec_macro=0.6903 val_rec_macro=0.6712
     test_acc=0.7450 test_f1_macro=0.6789 test_f1_weighted=0.7386 test_loss=0.8575 test_metric=0.7450 test_metric_name=acc test_prec_macro=0.6938 test_rec_macro=0.6760
  >> num_layers=1 hidden_dim=256 lr=0.0001 best_step=1300 val_acc=0.7423 test_acc=0.7346
     val_acc=0.7423 val_f1_macro=0.6822 val_f1_weighted=0.7375 val_loss=1.1584 val_metric=0.7423 val_metric_name=acc val_prec_macro=0.6871 val_rec_macro=0.6814
     test_acc=0.7346 test_f1_macro=0.6716 test_f1_weighted=0.7295 test_loss=1.1811 test_metric=0.7346 test_metric_name=acc test_prec_macro=0.6775 test_rec_macro=0.6720
  >> num_layers=1 hidden_dim=256 lr=1e-05 best_step=4580 val_acc=0.7395 test_acc=0.7418
     val_acc=0.7395 val_f1_macro=0.6720 val_f1_weighted=0.7323 val_loss=0.8387 val_metric=0.7395 val_metric_name=acc val_prec_macro=0.6859 val_rec_macro=0.6674
     test_acc=0.7418 test_f1_macro=0.6755 test_f1_weighted=0.7356 test_loss=0.8456 test_metric=0.7418 test_metric_name=acc test_prec_macro=0.6876 test_rec_macro=0.6745
  >> num_layers=1 hidden_dim=384 lr=3e-05 best_step=1330 val_acc=0.7366 test_acc=0.7400
     val_acc=0.7366 val_f1_macro=0.6615 val_f1_weighted=0.7289 val_loss=0.9014 val_metric=0.7366 val_metric_name=acc val_prec_macro=0.6861 val_rec_macro=0.6492
     test_acc=0.7400 test_f1_macro=0.6695 test_f1_weighted=0.7323 test_loss=0.9078 test_metric=0.7400 test_metric_name=acc test_prec_macro=0.6891 test_rec_macro=0.6635
  >> num_layers=1 hidden_dim=384 lr=6e-05 best_step=690 val_acc=0.7384 test_acc=0.7418
     val_acc=0.7384 val_f1_macro=0.6645 val_f1_weighted=0.7311 val_loss=0.8945 val_metric=0.7384 val_metric_name=acc val_prec_macro=0.6861 val_rec_macro=0.6542
     test_acc=0.7418 test_f1_macro=0.6739 test_f1_weighted=0.7347 test_loss=0.9018 test_metric=0.7418 test_metric_name=acc test_prec_macro=0.6907 test_rec_macro=0.6693
  >> num_layers=1 hidden_dim=384 lr=0.0001 best_step=410 val_acc=0.7375 test_acc=0.7402
     val_acc=0.7375 val_f1_macro=0.6634 val_f1_weighted=0.7296 val_loss=0.8842 val_metric=0.7375 val_metric_name=acc val_prec_macro=0.6889 val_rec_macro=0.6514
     test_acc=0.7402 test_f1_macro=0.6683 test_f1_weighted=0.7329 test_loss=0.8949 test_metric=0.7402 test_metric_name=acc test_prec_macro=0.6914 test_rec_macro=0.6604
  >> num_layers=1 hidden_dim=384 lr=1e-05 best_step=3730 val_acc=0.7366 test_acc=0.7411
     val_acc=0.7366 val_f1_macro=0.6645 val_f1_weighted=0.7294 val_loss=0.9036 val_metric=0.7366 val_metric_name=acc val_prec_macro=0.6837 val_rec_macro=0.6548
     test_acc=0.7411 test_f1_macro=0.6721 test_f1_weighted=0.7338 test_loss=0.9098 test_metric=0.7411 test_metric_name=acc test_prec_macro=0.6897 test_rec_macro=0.6673
  >> num_layers=1 hidden_dim=512 lr=3e-05 best_step=900 val_acc=0.7375 test_acc=0.7271
     val_acc=0.7375 val_f1_macro=0.6657 val_f1_weighted=0.7291 val_loss=0.9061 val_metric=0.7375 val_metric_name=acc val_prec_macro=0.6874 val_rec_macro=0.6569
     test_acc=0.7271 test_f1_macro=0.6496 test_f1_weighted=0.7192 test_loss=0.9356 test_metric=0.7271 test_metric_name=acc test_prec_macro=0.6657 test_rec_macro=0.6481
  >> num_layers=1 hidden_dim=512 lr=6e-05 best_step=480 val_acc=0.7391 test_acc=0.7298
     val_acc=0.7391 val_f1_macro=0.6665 val_f1_weighted=0.7308 val_loss=0.8984 val_metric=0.7391 val_metric_name=acc val_prec_macro=0.6853 val_rec_macro=0.6589
     test_acc=0.7298 test_f1_macro=0.6528 test_f1_weighted=0.7217 test_loss=0.9253 test_metric=0.7298 test_metric_name=acc test_prec_macro=0.6667 test_rec_macro=0.6530
  >> num_layers=1 hidden_dim=512 lr=0.0001 best_step=270 val_acc=0.7370 test_acc=0.7250
     val_acc=0.7370 val_f1_macro=0.6618 val_f1_weighted=0.7275 val_loss=0.8844 val_metric=0.7370 val_metric_name=acc val_prec_macro=0.6840 val_rec_macro=0.6531
     test_acc=0.7250 test_f1_macro=0.6506 test_f1_weighted=0.7165 test_loss=0.9115 test_metric=0.7250 test_metric_name=acc test_prec_macro=0.6706 test_rec_macro=0.6485
  >> num_layers=1 hidden_dim=512 lr=1e-05 best_step=2400 val_acc=0.7370 test_acc=0.7271
     val_acc=0.7370 val_f1_macro=0.6656 val_f1_weighted=0.7289 val_loss=0.8987 val_metric=0.7370 val_metric_name=acc val_prec_macro=0.6874 val_rec_macro=0.6563
     test_acc=0.7271 test_f1_macro=0.6494 test_f1_weighted=0.7193 test_loss=0.9274 test_metric=0.7271 test_metric_name=acc test_prec_macro=0.6673 test_rec_macro=0.6473
  >> selected best (by val): num_layers=1 hidden_dim=256 lr=6e-05 val_acc=0.7428 test_acc=0.7450
     val_acc=0.7428 val_f1_macro=0.6763 val_f1_weighted=0.7361 val_loss=0.8488 val_metric=0.7428 val_metric_name=acc val_prec_macro=0.6903 val_rec_macro=0.6712
     test_acc=0.7450 test_f1_macro=0.6789 test_f1_weighted=0.7386 test_loss=0.8575 test_metric=0.7450 test_metric_name=acc test_prec_macro=0.6938 test_rec_macro=0.6760

Done. Results saved to /home/avshmelev/diploma_yandex_graphs/results_grid/roman_empire/base.csv, checkpoints in /home/avshmelev/diploma_yandex_graphs/all_checkpoints/roman_empire/base/
