Loading data...

============================================================
Training roman-empire GT-sep 3L h=256 lr=3e-05 split=4
============================================================
Training for 5000 steps
Step    1 | loss 3.0363 | val_acc=0.1324 val_loss=2.9093 val_f1_macro=0.0504 val_f1_weighted=0.1029 val_prec_macro=0.0783 val_rec_macro=0.0667 val_metric_name=acc val_metric=0.1324
Step   50 | loss 1.7245 | val_acc=0.5327 val_loss=1.5341 val_f1_macro=0.2786 val_f1_weighted=0.4602 val_prec_macro=0.3435 val_rec_macro=0.3007 val_metric_name=acc val_metric=0.5327
Step  100 | loss 1.2925 | val_acc=0.6328 val_loss=1.1552 val_f1_macro=0.4490 val_f1_weighted=0.5882 val_prec_macro=0.4721 val_rec_macro=0.4523 val_metric_name=acc val_metric=0.6328
Step  150 | loss 1.0774 | val_acc=0.6925 val_loss=0.9850 val_f1_macro=0.5316 val_f1_weighted=0.6582 val_prec_macro=0.5740 val_rec_macro=0.5398 val_metric_name=acc val_metric=0.6925
Step  200 | loss 0.9447 | val_acc=0.7186 val_loss=0.8782 val_f1_macro=0.5690 val_f1_weighted=0.6891 val_prec_macro=0.6460 val_rec_macro=0.5813 val_metric_name=acc val_metric=0.7186
Step  250 | loss 0.8524 | val_acc=0.7387 val_loss=0.8037 val_f1_macro=0.6062 val_f1_weighted=0.7162 val_prec_macro=0.6748 val_rec_macro=0.6147 val_metric_name=acc val_metric=0.7387
Step  300 | loss 0.7815 | val_acc=0.7564 val_loss=0.7488 val_f1_macro=0.6422 val_f1_weighted=0.7382 val_prec_macro=0.7117 val_rec_macro=0.6492 val_metric_name=acc val_metric=0.7564
Step  350 | loss 0.7101 | val_acc=0.7719 val_loss=0.7068 val_f1_macro=0.6702 val_f1_weighted=0.7558 val_prec_macro=0.7258 val_rec_macro=0.6750 val_metric_name=acc val_metric=0.7719
Step  400 | loss 0.6572 | val_acc=0.7822 val_loss=0.6718 val_f1_macro=0.6872 val_f1_weighted=0.7684 val_prec_macro=0.7363 val_rec_macro=0.6921 val_metric_name=acc val_metric=0.7822
Step  450 | loss 0.6122 | val_acc=0.7938 val_loss=0.6422 val_f1_macro=0.7115 val_f1_weighted=0.7826 val_prec_macro=0.7584 val_rec_macro=0.7149 val_metric_name=acc val_metric=0.7938
Step  500 | loss 0.5717 | val_acc=0.8034 val_loss=0.6144 val_f1_macro=0.7323 val_f1_weighted=0.7940 val_prec_macro=0.7659 val_rec_macro=0.7329 val_metric_name=acc val_metric=0.8034
Step  550 | loss 0.5274 | val_acc=0.8125 val_loss=0.5952 val_f1_macro=0.7563 val_f1_weighted=0.8060 val_prec_macro=0.7756 val_rec_macro=0.7562 val_metric_name=acc val_metric=0.8125
Step  600 | loss 0.4856 | val_acc=0.8201 val_loss=0.5786 val_f1_macro=0.7705 val_f1_weighted=0.8144 val_prec_macro=0.7838 val_rec_macro=0.7723 val_metric_name=acc val_metric=0.8201
Step  650 | loss 0.4516 | val_acc=0.8261 val_loss=0.5645 val_f1_macro=0.7805 val_f1_weighted=0.8214 val_prec_macro=0.7884 val_rec_macro=0.7833 val_metric_name=acc val_metric=0.8261
Step  700 | loss 0.4187 | val_acc=0.8302 val_loss=0.5565 val_f1_macro=0.7879 val_f1_weighted=0.8258 val_prec_macro=0.7941 val_rec_macro=0.7914 val_metric_name=acc val_metric=0.8302
Step  750 | loss 0.3937 | val_acc=0.8350 val_loss=0.5521 val_f1_macro=0.7933 val_f1_weighted=0.8306 val_prec_macro=0.7987 val_rec_macro=0.7969 val_metric_name=acc val_metric=0.8350
Step  800 | loss 0.3658 | val_acc=0.8348 val_loss=0.5475 val_f1_macro=0.7961 val_f1_weighted=0.8312 val_prec_macro=0.8003 val_rec_macro=0.7988 val_metric_name=acc val_metric=0.8348
Step  850 | loss 0.3276 | val_acc=0.8388 val_loss=0.5481 val_f1_macro=0.8030 val_f1_weighted=0.8359 val_prec_macro=0.8063 val_rec_macro=0.8049 val_metric_name=acc val_metric=0.8388
Step  900 | loss 0.3067 | val_acc=0.8417 val_loss=0.5494 val_f1_macro=0.8077 val_f1_weighted=0.8390 val_prec_macro=0.8118 val_rec_macro=0.8082 val_metric_name=acc val_metric=0.8417
Step  950 | loss 0.2828 | val_acc=0.8427 val_loss=0.5537 val_f1_macro=0.8092 val_f1_weighted=0.8402 val_prec_macro=0.8110 val_rec_macro=0.8116 val_metric_name=acc val_metric=0.8427
Step 1000 | loss 0.2606 | val_acc=0.8436 val_loss=0.5576 val_f1_macro=0.8093 val_f1_weighted=0.8412 val_prec_macro=0.8106 val_rec_macro=0.8113 val_metric_name=acc val_metric=0.8436
Step 1050 | loss 0.2437 | val_acc=0.8454 val_loss=0.5626 val_f1_macro=0.8113 val_f1_weighted=0.8430 val_prec_macro=0.8127 val_rec_macro=0.8134 val_metric_name=acc val_metric=0.8454
Step 1100 | loss 0.2223 | val_acc=0.8462 val_loss=0.5723 val_f1_macro=0.8123 val_f1_weighted=0.8439 val_prec_macro=0.8132 val_rec_macro=0.8143 val_metric_name=acc val_metric=0.8462
Step 1150 | loss 0.2011 | val_acc=0.8484 val_loss=0.5805 val_f1_macro=0.8147 val_f1_weighted=0.8463 val_prec_macro=0.8150 val_rec_macro=0.8171 val_metric_name=acc val_metric=0.8484
Step 1200 | loss 0.1930 | val_acc=0.8473 val_loss=0.5895 val_f1_macro=0.8131 val_f1_weighted=0.8454 val_prec_macro=0.8130 val_rec_macro=0.8158 val_metric_name=acc val_metric=0.8473
Step 1250 | loss 0.1720 | val_acc=0.8498 val_loss=0.5961 val_f1_macro=0.8169 val_f1_weighted=0.8478 val_prec_macro=0.8182 val_rec_macro=0.8179 val_metric_name=acc val_metric=0.8498
Step 1300 | loss 0.1572 | val_acc=0.8489 val_loss=0.6052 val_f1_macro=0.8146 val_f1_weighted=0.8466 val_prec_macro=0.8155 val_rec_macro=0.8161 val_metric_name=acc val_metric=0.8489
Step 1350 | loss 0.1401 | val_acc=0.8492 val_loss=0.6149 val_f1_macro=0.8158 val_f1_weighted=0.8472 val_prec_macro=0.8161 val_rec_macro=0.8178 val_metric_name=acc val_metric=0.8492
Step 1400 | loss 0.1334 | val_acc=0.8485 val_loss=0.6231 val_f1_macro=0.8147 val_f1_weighted=0.8464 val_prec_macro=0.8154 val_rec_macro=0.8162 val_metric_name=acc val_metric=0.8485
Step 1450 | loss 0.1255 | val_acc=0.8492 val_loss=0.6315 val_f1_macro=0.8153 val_f1_weighted=0.8471 val_prec_macro=0.8165 val_rec_macro=0.8166 val_metric_name=acc val_metric=0.8492
Step 1500 | loss 0.1116 | val_acc=0.8492 val_loss=0.6433 val_f1_macro=0.8155 val_f1_weighted=0.8469 val_prec_macro=0.8166 val_rec_macro=0.8167 val_metric_name=acc val_metric=0.8492
Step 1550 | loss 0.1128 | val_acc=0.8484 val_loss=0.6507 val_f1_macro=0.8141 val_f1_weighted=0.8461 val_prec_macro=0.8146 val_rec_macro=0.8159 val_metric_name=acc val_metric=0.8484
Step 1600 | loss 0.1017 | val_acc=0.8496 val_loss=0.6595 val_f1_macro=0.8160 val_f1_weighted=0.8473 val_prec_macro=0.8168 val_rec_macro=0.8177 val_metric_name=acc val_metric=0.8496
Step 1650 | loss 0.0957 | val_acc=0.8507 val_loss=0.6662 val_f1_macro=0.8171 val_f1_weighted=0.8485 val_prec_macro=0.8155 val_rec_macro=0.8208 val_metric_name=acc val_metric=0.8507
Step 1700 | loss 0.0895 | val_acc=0.8519 val_loss=0.6750 val_f1_macro=0.8187 val_f1_weighted=0.8500 val_prec_macro=0.8182 val_rec_macro=0.8217 val_metric_name=acc val_metric=0.8519
Step 1750 | loss 0.0814 | val_acc=0.8508 val_loss=0.6804 val_f1_macro=0.8178 val_f1_weighted=0.8488 val_prec_macro=0.8184 val_rec_macro=0.8192 val_metric_name=acc val_metric=0.8508
Step 1800 | loss 0.0778 | val_acc=0.8515 val_loss=0.6912 val_f1_macro=0.8177 val_f1_weighted=0.8495 val_prec_macro=0.8167 val_rec_macro=0.8215 val_metric_name=acc val_metric=0.8515
Step 1850 | loss 0.0737 | val_acc=0.8526 val_loss=0.6933 val_f1_macro=0.8199 val_f1_weighted=0.8505 val_prec_macro=0.8201 val_rec_macro=0.8221 val_metric_name=acc val_metric=0.8526
Step 1900 | loss 0.0672 | val_acc=0.8533 val_loss=0.7025 val_f1_macro=0.8223 val_f1_weighted=0.8514 val_prec_macro=0.8228 val_rec_macro=0.8237 val_metric_name=acc val_metric=0.8533
Step 1950 | loss 0.0625 | val_acc=0.8531 val_loss=0.7122 val_f1_macro=0.8198 val_f1_weighted=0.8510 val_prec_macro=0.8179 val_rec_macro=0.8240 val_metric_name=acc val_metric=0.8531
Step 2000 | loss 0.0600 | val_acc=0.8538 val_loss=0.7187 val_f1_macro=0.8221 val_f1_weighted=0.8519 val_prec_macro=0.8206 val_rec_macro=0.8256 val_metric_name=acc val_metric=0.8538
Step 2050 | loss 0.0625 | val_acc=0.8533 val_loss=0.7220 val_f1_macro=0.8212 val_f1_weighted=0.8514 val_prec_macro=0.8207 val_rec_macro=0.8241 val_metric_name=acc val_metric=0.8533
Step 2100 | loss 0.0561 | val_acc=0.8554 val_loss=0.7278 val_f1_macro=0.8242 val_f1_weighted=0.8534 val_prec_macro=0.8236 val_rec_macro=0.8268 val_metric_name=acc val_metric=0.8554
Step 2150 | loss 0.0531 | val_acc=0.8549 val_loss=0.7365 val_f1_macro=0.8242 val_f1_weighted=0.8530 val_prec_macro=0.8231 val_rec_macro=0.8273 val_metric_name=acc val_metric=0.8549
Step 2200 | loss 0.0506 | val_acc=0.8545 val_loss=0.7446 val_f1_macro=0.8230 val_f1_weighted=0.8526 val_prec_macro=0.8230 val_rec_macro=0.8253 val_metric_name=acc val_metric=0.8545
Step 2250 | loss 0.0515 | val_acc=0.8547 val_loss=0.7468 val_f1_macro=0.8237 val_f1_weighted=0.8530 val_prec_macro=0.8220 val_rec_macro=0.8273 val_metric_name=acc val_metric=0.8547
Step 2300 | loss 0.0462 | val_acc=0.8551 val_loss=0.7527 val_f1_macro=0.8235 val_f1_weighted=0.8532 val_prec_macro=0.8229 val_rec_macro=0.8261 val_metric_name=acc val_metric=0.8551
Step 2350 | loss 0.0450 | val_acc=0.8547 val_loss=0.7569 val_f1_macro=0.8227 val_f1_weighted=0.8529 val_prec_macro=0.8224 val_rec_macro=0.8251 val_metric_name=acc val_metric=0.8547
Step 2400 | loss 0.0387 | val_acc=0.8558 val_loss=0.7603 val_f1_macro=0.8247 val_f1_weighted=0.8540 val_prec_macro=0.8242 val_rec_macro=0.8270 val_metric_name=acc val_metric=0.8558
Step 2450 | loss 0.0393 | val_acc=0.8554 val_loss=0.7675 val_f1_macro=0.8254 val_f1_weighted=0.8537 val_prec_macro=0.8240 val_rec_macro=0.8285 val_metric_name=acc val_metric=0.8554
Step 2500 | loss 0.0384 | val_acc=0.8563 val_loss=0.7743 val_f1_macro=0.8262 val_f1_weighted=0.8543 val_prec_macro=0.8263 val_rec_macro=0.8281 val_metric_name=acc val_metric=0.8563
Step 2550 | loss 0.0359 | val_acc=0.8565 val_loss=0.7780 val_f1_macro=0.8262 val_f1_weighted=0.8547 val_prec_macro=0.8250 val_rec_macro=0.8290 val_metric_name=acc val_metric=0.8565
Step 2600 | loss 0.0352 | val_acc=0.8565 val_loss=0.7805 val_f1_macro=0.8272 val_f1_weighted=0.8546 val_prec_macro=0.8271 val_rec_macro=0.8293 val_metric_name=acc val_metric=0.8565
Step 2650 | loss 0.0333 | val_acc=0.8567 val_loss=0.7863 val_f1_macro=0.8275 val_f1_weighted=0.8548 val_prec_macro=0.8267 val_rec_macro=0.8301 val_metric_name=acc val_metric=0.8567
Step 2700 | loss 0.0313 | val_acc=0.8579 val_loss=0.7920 val_f1_macro=0.8271 val_f1_weighted=0.8560 val_prec_macro=0.8267 val_rec_macro=0.8294 val_metric_name=acc val_metric=0.8579
Step 2750 | loss 0.0304 | val_acc=0.8586 val_loss=0.7942 val_f1_macro=0.8294 val_f1_weighted=0.8568 val_prec_macro=0.8298 val_rec_macro=0.8308 val_metric_name=acc val_metric=0.8586
Step 2800 | loss 0.0317 | val_acc=0.8590 val_loss=0.8010 val_f1_macro=0.8307 val_f1_weighted=0.8570 val_prec_macro=0.8311 val_rec_macro=0.8323 val_metric_name=acc val_metric=0.8590
Step 2850 | loss 0.0280 | val_acc=0.8584 val_loss=0.8048 val_f1_macro=0.8297 val_f1_weighted=0.8567 val_prec_macro=0.8279 val_rec_macro=0.8331 val_metric_name=acc val_metric=0.8584
Step 2900 | loss 0.0268 | val_acc=0.8581 val_loss=0.8126 val_f1_macro=0.8296 val_f1_weighted=0.8564 val_prec_macro=0.8285 val_rec_macro=0.8326 val_metric_name=acc val_metric=0.8581
Step 2950 | loss 0.0275 | val_acc=0.8588 val_loss=0.8192 val_f1_macro=0.8304 val_f1_weighted=0.8570 val_prec_macro=0.8302 val_rec_macro=0.8329 val_metric_name=acc val_metric=0.8588
Step 3000 | loss 0.0275 | val_acc=0.8584 val_loss=0.8241 val_f1_macro=0.8292 val_f1_weighted=0.8566 val_prec_macro=0.8290 val_rec_macro=0.8315 val_metric_name=acc val_metric=0.8584
Step 3050 | loss 0.0231 | val_acc=0.8586 val_loss=0.8260 val_f1_macro=0.8296 val_f1_weighted=0.8568 val_prec_macro=0.8294 val_rec_macro=0.8318 val_metric_name=acc val_metric=0.8586
Step 3100 | loss 0.0253 | val_acc=0.8581 val_loss=0.8329 val_f1_macro=0.8277 val_f1_weighted=0.8562 val_prec_macro=0.8274 val_rec_macro=0.8303 val_metric_name=acc val_metric=0.8581
Step 3150 | loss 0.0269 | val_acc=0.8595 val_loss=0.8365 val_f1_macro=0.8289 val_f1_weighted=0.8576 val_prec_macro=0.8284 val_rec_macro=0.8318 val_metric_name=acc val_metric=0.8595
Step 3200 | loss 0.0227 | val_acc=0.8602 val_loss=0.8404 val_f1_macro=0.8311 val_f1_weighted=0.8584 val_prec_macro=0.8306 val_rec_macro=0.8337 val_metric_name=acc val_metric=0.8602
Step 3250 | loss 0.0214 | val_acc=0.8611 val_loss=0.8434 val_f1_macro=0.8329 val_f1_weighted=0.8594 val_prec_macro=0.8317 val_rec_macro=0.8362 val_metric_name=acc val_metric=0.8611
Step 3300 | loss 0.0223 | val_acc=0.8602 val_loss=0.8431 val_f1_macro=0.8318 val_f1_weighted=0.8585 val_prec_macro=0.8307 val_rec_macro=0.8351 val_metric_name=acc val_metric=0.8602
Step 3350 | loss 0.0233 | val_acc=0.8593 val_loss=0.8527 val_f1_macro=0.8302 val_f1_weighted=0.8577 val_prec_macro=0.8286 val_rec_macro=0.8339 val_metric_name=acc val_metric=0.8593
Step 3400 | loss 0.0174 | val_acc=0.8616 val_loss=0.8550 val_f1_macro=0.8340 val_f1_weighted=0.8598 val_prec_macro=0.8336 val_rec_macro=0.8365 val_metric_name=acc val_metric=0.8616
Step 3450 | loss 0.0229 | val_acc=0.8604 val_loss=0.8560 val_f1_macro=0.8305 val_f1_weighted=0.8586 val_prec_macro=0.8289 val_rec_macro=0.8344 val_metric_name=acc val_metric=0.8604
Step 3500 | loss 0.0156 | val_acc=0.8613 val_loss=0.8575 val_f1_macro=0.8321 val_f1_weighted=0.8593 val_prec_macro=0.8319 val_rec_macro=0.8344 val_metric_name=acc val_metric=0.8613
Step 3550 | loss 0.0204 | val_acc=0.8607 val_loss=0.8627 val_f1_macro=0.8321 val_f1_weighted=0.8589 val_prec_macro=0.8315 val_rec_macro=0.8347 val_metric_name=acc val_metric=0.8607
Step 3600 | loss 0.0199 | val_acc=0.8625 val_loss=0.8676 val_f1_macro=0.8340 val_f1_weighted=0.8606 val_prec_macro=0.8337 val_rec_macro=0.8363 val_metric_name=acc val_metric=0.8625
Step 3650 | loss 0.0186 | val_acc=0.8623 val_loss=0.8681 val_f1_macro=0.8331 val_f1_weighted=0.8604 val_prec_macro=0.8325 val_rec_macro=0.8359 val_metric_name=acc val_metric=0.8623
Step 3700 | loss 0.0158 | val_acc=0.8627 val_loss=0.8710 val_f1_macro=0.8356 val_f1_weighted=0.8608 val_prec_macro=0.8343 val_rec_macro=0.8390 val_metric_name=acc val_metric=0.8627
Step 3750 | loss 0.0174 | val_acc=0.8625 val_loss=0.8742 val_f1_macro=0.8348 val_f1_weighted=0.8605 val_prec_macro=0.8341 val_rec_macro=0.8374 val_metric_name=acc val_metric=0.8625
Step 3800 | loss 0.0158 | val_acc=0.8635 val_loss=0.8753 val_f1_macro=0.8345 val_f1_weighted=0.8619 val_prec_macro=0.8335 val_rec_macro=0.8371 val_metric_name=acc val_metric=0.8635
Step 3850 | loss 0.0164 | val_acc=0.8616 val_loss=0.8805 val_f1_macro=0.8342 val_f1_weighted=0.8599 val_prec_macro=0.8334 val_rec_macro=0.8366 val_metric_name=acc val_metric=0.8616
Step 3900 | loss 0.0156 | val_acc=0.8628 val_loss=0.8801 val_f1_macro=0.8355 val_f1_weighted=0.8612 val_prec_macro=0.8343 val_rec_macro=0.8383 val_metric_name=acc val_metric=0.8628
Step 3950 | loss 0.0168 | val_acc=0.8627 val_loss=0.8856 val_f1_macro=0.8339 val_f1_weighted=0.8607 val_prec_macro=0.8345 val_rec_macro=0.8354 val_metric_name=acc val_metric=0.8627
Step 4000 | loss 0.0153 | val_acc=0.8639 val_loss=0.8872 val_f1_macro=0.8361 val_f1_weighted=0.8623 val_prec_macro=0.8350 val_rec_macro=0.8389 val_metric_name=acc val_metric=0.8639
Step 4050 | loss 0.0129 | val_acc=0.8620 val_loss=0.8937 val_f1_macro=0.8331 val_f1_weighted=0.8602 val_prec_macro=0.8322 val_rec_macro=0.8361 val_metric_name=acc val_metric=0.8620
Step 4100 | loss 0.0151 | val_acc=0.8623 val_loss=0.8962 val_f1_macro=0.8344 val_f1_weighted=0.8604 val_prec_macro=0.8336 val_rec_macro=0.8372 val_metric_name=acc val_metric=0.8623
Step 4150 | loss 0.0153 | val_acc=0.8613 val_loss=0.9015 val_f1_macro=0.8342 val_f1_weighted=0.8594 val_prec_macro=0.8337 val_rec_macro=0.8365 val_metric_name=acc val_metric=0.8613
Step 4200 | loss 0.0130 | val_acc=0.8628 val_loss=0.9000 val_f1_macro=0.8348 val_f1_weighted=0.8610 val_prec_macro=0.8341 val_rec_macro=0.8374 val_metric_name=acc val_metric=0.8628
Step 4250 | loss 0.0144 | val_acc=0.8623 val_loss=0.9050 val_f1_macro=0.8344 val_f1_weighted=0.8604 val_prec_macro=0.8343 val_rec_macro=0.8363 val_metric_name=acc val_metric=0.8623
Early stopping at step 4298

--- Final (best ckpt @ step 3790) ---
  train_acc=0.9999 train_loss=0.0003 train_f1_macro=0.9999 train_f1_weighted=0.9999 train_prec_macro=1.0000 train_rec_macro=0.9998 train_metric_name=acc train_metric=0.9999
  val_acc=0.8641 val_loss=0.8767 val_f1_macro=0.8363 val_f1_weighted=0.8624 val_prec_macro=0.8350 val_rec_macro=0.8395 val_metric_name=acc val_metric=0.8641
  test_acc=0.8600 test_loss=0.8495 test_f1_macro=0.8312 test_f1_weighted=0.8583 test_prec_macro=0.8274 test_rec_macro=0.8368 test_metric_name=acc test_metric=0.8600
  test_acc=0.8600

============================================================
Training roman-empire GT-sep 3L h=256 lr=6e-05 split=4
============================================================
Training for 5000 steps
Step    1 | loss 3.0363 | val_acc=0.1601 val_loss=2.8055 val_f1_macro=0.0543 val_f1_weighted=0.1187 val_prec_macro=0.0608 val_rec_macro=0.0761 val_metric_name=acc val_metric=0.1601
Step   50 | loss 1.3472 | val_acc=0.6152 val_loss=1.2152 val_f1_macro=0.4275 val_f1_weighted=0.5683 val_prec_macro=0.4676 val_rec_macro=0.4309 val_metric_name=acc val_metric=0.6152
Step  100 | loss 0.9830 | val_acc=0.7098 val_loss=0.9151 val_f1_macro=0.5579 val_f1_weighted=0.6798 val_prec_macro=0.6378 val_rec_macro=0.5683 val_metric_name=acc val_metric=0.7098
Step  150 | loss 0.8055 | val_acc=0.7495 val_loss=0.7742 val_f1_macro=0.6258 val_f1_weighted=0.7291 val_prec_macro=0.6770 val_rec_macro=0.6343 val_metric_name=acc val_metric=0.7495
Step  200 | loss 0.6868 | val_acc=0.7767 val_loss=0.6943 val_f1_macro=0.6794 val_f1_weighted=0.7619 val_prec_macro=0.7362 val_rec_macro=0.6848 val_metric_name=acc val_metric=0.7767
Step  250 | loss 0.5999 | val_acc=0.7977 val_loss=0.6338 val_f1_macro=0.7186 val_f1_weighted=0.7873 val_prec_macro=0.7622 val_rec_macro=0.7203 val_metric_name=acc val_metric=0.7977
Step  300 | loss 0.5219 | val_acc=0.8143 val_loss=0.5913 val_f1_macro=0.7604 val_f1_weighted=0.8078 val_prec_macro=0.7779 val_rec_macro=0.7610 val_metric_name=acc val_metric=0.8143
Step  350 | loss 0.4450 | val_acc=0.8259 val_loss=0.5666 val_f1_macro=0.7796 val_f1_weighted=0.8210 val_prec_macro=0.7867 val_rec_macro=0.7825 val_metric_name=acc val_metric=0.8259
Step  400 | loss 0.3878 | val_acc=0.8330 val_loss=0.5517 val_f1_macro=0.7930 val_f1_weighted=0.8290 val_prec_macro=0.7989 val_rec_macro=0.7949 val_metric_name=acc val_metric=0.8330
Step  450 | loss 0.3340 | val_acc=0.8367 val_loss=0.5493 val_f1_macro=0.7993 val_f1_weighted=0.8336 val_prec_macro=0.8013 val_rec_macro=0.8027 val_metric_name=acc val_metric=0.8367
Step  500 | loss 0.2915 | val_acc=0.8424 val_loss=0.5524 val_f1_macro=0.8068 val_f1_weighted=0.8396 val_prec_macro=0.8081 val_rec_macro=0.8088 val_metric_name=acc val_metric=0.8424
Step  550 | loss 0.2445 | val_acc=0.8466 val_loss=0.5639 val_f1_macro=0.8123 val_f1_weighted=0.8442 val_prec_macro=0.8128 val_rec_macro=0.8149 val_metric_name=acc val_metric=0.8466
Step  600 | loss 0.2136 | val_acc=0.8466 val_loss=0.5797 val_f1_macro=0.8130 val_f1_weighted=0.8445 val_prec_macro=0.8123 val_rec_macro=0.8165 val_metric_name=acc val_metric=0.8466
Step  650 | loss 0.1780 | val_acc=0.8496 val_loss=0.5920 val_f1_macro=0.8148 val_f1_weighted=0.8476 val_prec_macro=0.8154 val_rec_macro=0.8167 val_metric_name=acc val_metric=0.8496
Step  700 | loss 0.1545 | val_acc=0.8487 val_loss=0.6087 val_f1_macro=0.8127 val_f1_weighted=0.8461 val_prec_macro=0.8137 val_rec_macro=0.8145 val_metric_name=acc val_metric=0.8487
Step  750 | loss 0.1379 | val_acc=0.8501 val_loss=0.6292 val_f1_macro=0.8156 val_f1_weighted=0.8474 val_prec_macro=0.8181 val_rec_macro=0.8164 val_metric_name=acc val_metric=0.8501
Step  800 | loss 0.1164 | val_acc=0.8515 val_loss=0.6426 val_f1_macro=0.8172 val_f1_weighted=0.8492 val_prec_macro=0.8191 val_rec_macro=0.8177 val_metric_name=acc val_metric=0.8515
Step  850 | loss 0.1009 | val_acc=0.8515 val_loss=0.6576 val_f1_macro=0.8164 val_f1_weighted=0.8494 val_prec_macro=0.8167 val_rec_macro=0.8186 val_metric_name=acc val_metric=0.8515
Step  900 | loss 0.0884 | val_acc=0.8528 val_loss=0.6802 val_f1_macro=0.8182 val_f1_weighted=0.8506 val_prec_macro=0.8182 val_rec_macro=0.8204 val_metric_name=acc val_metric=0.8528
Step  950 | loss 0.0765 | val_acc=0.8531 val_loss=0.6887 val_f1_macro=0.8187 val_f1_weighted=0.8511 val_prec_macro=0.8176 val_rec_macro=0.8218 val_metric_name=acc val_metric=0.8531
Step 1000 | loss 0.0697 | val_acc=0.8544 val_loss=0.7040 val_f1_macro=0.8203 val_f1_weighted=0.8523 val_prec_macro=0.8200 val_rec_macro=0.8227 val_metric_name=acc val_metric=0.8544
Step 1050 | loss 0.0659 | val_acc=0.8542 val_loss=0.7170 val_f1_macro=0.8224 val_f1_weighted=0.8523 val_prec_macro=0.8223 val_rec_macro=0.8247 val_metric_name=acc val_metric=0.8542
Step 1100 | loss 0.0549 | val_acc=0.8521 val_loss=0.7308 val_f1_macro=0.8182 val_f1_weighted=0.8499 val_prec_macro=0.8170 val_rec_macro=0.8216 val_metric_name=acc val_metric=0.8521
Step 1150 | loss 0.0514 | val_acc=0.8526 val_loss=0.7411 val_f1_macro=0.8201 val_f1_weighted=0.8509 val_prec_macro=0.8186 val_rec_macro=0.8235 val_metric_name=acc val_metric=0.8526
Step 1200 | loss 0.0512 | val_acc=0.8538 val_loss=0.7510 val_f1_macro=0.8213 val_f1_weighted=0.8517 val_prec_macro=0.8200 val_rec_macro=0.8248 val_metric_name=acc val_metric=0.8538
Step 1250 | loss 0.0421 | val_acc=0.8544 val_loss=0.7577 val_f1_macro=0.8227 val_f1_weighted=0.8526 val_prec_macro=0.8235 val_rec_macro=0.8239 val_metric_name=acc val_metric=0.8544
Step 1300 | loss 0.0348 | val_acc=0.8530 val_loss=0.7715 val_f1_macro=0.8208 val_f1_weighted=0.8511 val_prec_macro=0.8188 val_rec_macro=0.8251 val_metric_name=acc val_metric=0.8530
Step 1350 | loss 0.0339 | val_acc=0.8551 val_loss=0.7770 val_f1_macro=0.8239 val_f1_weighted=0.8532 val_prec_macro=0.8227 val_rec_macro=0.8272 val_metric_name=acc val_metric=0.8551
Step 1400 | loss 0.0315 | val_acc=0.8551 val_loss=0.7882 val_f1_macro=0.8241 val_f1_weighted=0.8532 val_prec_macro=0.8228 val_rec_macro=0.8274 val_metric_name=acc val_metric=0.8551
Step 1450 | loss 0.0339 | val_acc=0.8556 val_loss=0.7991 val_f1_macro=0.8228 val_f1_weighted=0.8534 val_prec_macro=0.8232 val_rec_macro=0.8249 val_metric_name=acc val_metric=0.8556
Step 1500 | loss 0.0273 | val_acc=0.8561 val_loss=0.8064 val_f1_macro=0.8244 val_f1_weighted=0.8542 val_prec_macro=0.8228 val_rec_macro=0.8280 val_metric_name=acc val_metric=0.8561
Step 1550 | loss 0.0281 | val_acc=0.8551 val_loss=0.8146 val_f1_macro=0.8231 val_f1_weighted=0.8529 val_prec_macro=0.8220 val_rec_macro=0.8267 val_metric_name=acc val_metric=0.8551
Step 1600 | loss 0.0255 | val_acc=0.8575 val_loss=0.8173 val_f1_macro=0.8263 val_f1_weighted=0.8557 val_prec_macro=0.8240 val_rec_macro=0.8307 val_metric_name=acc val_metric=0.8575
Step 1650 | loss 0.0247 | val_acc=0.8560 val_loss=0.8253 val_f1_macro=0.8249 val_f1_weighted=0.8542 val_prec_macro=0.8234 val_rec_macro=0.8280 val_metric_name=acc val_metric=0.8560
Step 1700 | loss 0.0258 | val_acc=0.8563 val_loss=0.8334 val_f1_macro=0.8254 val_f1_weighted=0.8547 val_prec_macro=0.8250 val_rec_macro=0.8278 val_metric_name=acc val_metric=0.8563
Step 1750 | loss 0.0216 | val_acc=0.8593 val_loss=0.8417 val_f1_macro=0.8284 val_f1_weighted=0.8570 val_prec_macro=0.8303 val_rec_macro=0.8292 val_metric_name=acc val_metric=0.8593
Step 1800 | loss 0.0211 | val_acc=0.8593 val_loss=0.8452 val_f1_macro=0.8290 val_f1_weighted=0.8571 val_prec_macro=0.8264 val_rec_macro=0.8339 val_metric_name=acc val_metric=0.8593
Step 1850 | loss 0.0190 | val_acc=0.8600 val_loss=0.8483 val_f1_macro=0.8288 val_f1_weighted=0.8581 val_prec_macro=0.8283 val_rec_macro=0.8317 val_metric_name=acc val_metric=0.8600
Step 1900 | loss 0.0192 | val_acc=0.8598 val_loss=0.8558 val_f1_macro=0.8304 val_f1_weighted=0.8579 val_prec_macro=0.8303 val_rec_macro=0.8325 val_metric_name=acc val_metric=0.8598
Step 1950 | loss 0.0176 | val_acc=0.8605 val_loss=0.8630 val_f1_macro=0.8297 val_f1_weighted=0.8585 val_prec_macro=0.8296 val_rec_macro=0.8322 val_metric_name=acc val_metric=0.8605
Step 2000 | loss 0.0141 | val_acc=0.8600 val_loss=0.8698 val_f1_macro=0.8315 val_f1_weighted=0.8581 val_prec_macro=0.8301 val_rec_macro=0.8351 val_metric_name=acc val_metric=0.8600
Step 2050 | loss 0.0187 | val_acc=0.8605 val_loss=0.8723 val_f1_macro=0.8305 val_f1_weighted=0.8587 val_prec_macro=0.8301 val_rec_macro=0.8333 val_metric_name=acc val_metric=0.8605
Step 2100 | loss 0.0167 | val_acc=0.8593 val_loss=0.8763 val_f1_macro=0.8289 val_f1_weighted=0.8575 val_prec_macro=0.8290 val_rec_macro=0.8306 val_metric_name=acc val_metric=0.8593
Step 2150 | loss 0.0147 | val_acc=0.8593 val_loss=0.8890 val_f1_macro=0.8311 val_f1_weighted=0.8575 val_prec_macro=0.8312 val_rec_macro=0.8326 val_metric_name=acc val_metric=0.8593
Step 2200 | loss 0.0154 | val_acc=0.8588 val_loss=0.8931 val_f1_macro=0.8289 val_f1_weighted=0.8567 val_prec_macro=0.8290 val_rec_macro=0.8312 val_metric_name=acc val_metric=0.8588
Step 2250 | loss 0.0146 | val_acc=0.8602 val_loss=0.8935 val_f1_macro=0.8310 val_f1_weighted=0.8583 val_prec_macro=0.8308 val_rec_macro=0.8331 val_metric_name=acc val_metric=0.8602
Step 2300 | loss 0.0147 | val_acc=0.8600 val_loss=0.9024 val_f1_macro=0.8307 val_f1_weighted=0.8580 val_prec_macro=0.8308 val_rec_macro=0.8327 val_metric_name=acc val_metric=0.8600
Step 2350 | loss 0.0126 | val_acc=0.8611 val_loss=0.9005 val_f1_macro=0.8303 val_f1_weighted=0.8590 val_prec_macro=0.8316 val_rec_macro=0.8315 val_metric_name=acc val_metric=0.8611
Step 2400 | loss 0.0117 | val_acc=0.8613 val_loss=0.9050 val_f1_macro=0.8330 val_f1_weighted=0.8594 val_prec_macro=0.8334 val_rec_macro=0.8343 val_metric_name=acc val_metric=0.8613
Step 2450 | loss 0.0120 | val_acc=0.8598 val_loss=0.9066 val_f1_macro=0.8300 val_f1_weighted=0.8580 val_prec_macro=0.8301 val_rec_macro=0.8316 val_metric_name=acc val_metric=0.8598
Step 2500 | loss 0.0116 | val_acc=0.8625 val_loss=0.9124 val_f1_macro=0.8339 val_f1_weighted=0.8606 val_prec_macro=0.8333 val_rec_macro=0.8360 val_metric_name=acc val_metric=0.8625
Step 2550 | loss 0.0114 | val_acc=0.8602 val_loss=0.9197 val_f1_macro=0.8302 val_f1_weighted=0.8580 val_prec_macro=0.8295 val_rec_macro=0.8329 val_metric_name=acc val_metric=0.8602
Step 2600 | loss 0.0108 | val_acc=0.8637 val_loss=0.9219 val_f1_macro=0.8345 val_f1_weighted=0.8617 val_prec_macro=0.8349 val_rec_macro=0.8357 val_metric_name=acc val_metric=0.8637
Step 2650 | loss 0.0085 | val_acc=0.8609 val_loss=0.9277 val_f1_macro=0.8318 val_f1_weighted=0.8588 val_prec_macro=0.8310 val_rec_macro=0.8344 val_metric_name=acc val_metric=0.8609
Step 2700 | loss 0.0093 | val_acc=0.8586 val_loss=0.9362 val_f1_macro=0.8285 val_f1_weighted=0.8565 val_prec_macro=0.8272 val_rec_macro=0.8317 val_metric_name=acc val_metric=0.8586
Step 2750 | loss 0.0094 | val_acc=0.8602 val_loss=0.9326 val_f1_macro=0.8326 val_f1_weighted=0.8582 val_prec_macro=0.8314 val_rec_macro=0.8357 val_metric_name=acc val_metric=0.8602
Step 2800 | loss 0.0106 | val_acc=0.8623 val_loss=0.9418 val_f1_macro=0.8341 val_f1_weighted=0.8599 val_prec_macro=0.8340 val_rec_macro=0.8365 val_metric_name=acc val_metric=0.8623
Step 2850 | loss 0.0075 | val_acc=0.8634 val_loss=0.9395 val_f1_macro=0.8359 val_f1_weighted=0.8614 val_prec_macro=0.8349 val_rec_macro=0.8386 val_metric_name=acc val_metric=0.8634
Step 2900 | loss 0.0098 | val_acc=0.8618 val_loss=0.9514 val_f1_macro=0.8345 val_f1_weighted=0.8598 val_prec_macro=0.8349 val_rec_macro=0.8360 val_metric_name=acc val_metric=0.8618
Step 2950 | loss 0.0084 | val_acc=0.8625 val_loss=0.9570 val_f1_macro=0.8341 val_f1_weighted=0.8604 val_prec_macro=0.8351 val_rec_macro=0.8354 val_metric_name=acc val_metric=0.8625
Step 3000 | loss 0.0099 | val_acc=0.8628 val_loss=0.9643 val_f1_macro=0.8365 val_f1_weighted=0.8611 val_prec_macro=0.8355 val_rec_macro=0.8394 val_metric_name=acc val_metric=0.8628
Step 3050 | loss 0.0072 | val_acc=0.8635 val_loss=0.9635 val_f1_macro=0.8355 val_f1_weighted=0.8618 val_prec_macro=0.8335 val_rec_macro=0.8389 val_metric_name=acc val_metric=0.8635
Step 3100 | loss 0.0092 | val_acc=0.8613 val_loss=0.9682 val_f1_macro=0.8333 val_f1_weighted=0.8592 val_prec_macro=0.8333 val_rec_macro=0.8354 val_metric_name=acc val_metric=0.8613
Step 3150 | loss 0.0090 | val_acc=0.8630 val_loss=0.9692 val_f1_macro=0.8339 val_f1_weighted=0.8611 val_prec_macro=0.8348 val_rec_macro=0.8347 val_metric_name=acc val_metric=0.8630
Step 3200 | loss 0.0063 | val_acc=0.8653 val_loss=0.9703 val_f1_macro=0.8365 val_f1_weighted=0.8632 val_prec_macro=0.8357 val_rec_macro=0.8395 val_metric_name=acc val_metric=0.8653
Step 3250 | loss 0.0060 | val_acc=0.8628 val_loss=0.9740 val_f1_macro=0.8337 val_f1_weighted=0.8608 val_prec_macro=0.8324 val_rec_macro=0.8368 val_metric_name=acc val_metric=0.8628
Step 3300 | loss 0.0067 | val_acc=0.8641 val_loss=0.9722 val_f1_macro=0.8361 val_f1_weighted=0.8619 val_prec_macro=0.8353 val_rec_macro=0.8388 val_metric_name=acc val_metric=0.8641
Step 3350 | loss 0.0075 | val_acc=0.8627 val_loss=0.9901 val_f1_macro=0.8353 val_f1_weighted=0.8609 val_prec_macro=0.8344 val_rec_macro=0.8380 val_metric_name=acc val_metric=0.8627
Step 3400 | loss 0.0059 | val_acc=0.8641 val_loss=0.9902 val_f1_macro=0.8356 val_f1_weighted=0.8619 val_prec_macro=0.8370 val_rec_macro=0.8362 val_metric_name=acc val_metric=0.8641
Step 3450 | loss 0.0083 | val_acc=0.8637 val_loss=0.9857 val_f1_macro=0.8368 val_f1_weighted=0.8617 val_prec_macro=0.8355 val_rec_macro=0.8400 val_metric_name=acc val_metric=0.8637
Step 3500 | loss 0.0053 | val_acc=0.8651 val_loss=0.9908 val_f1_macro=0.8379 val_f1_weighted=0.8631 val_prec_macro=0.8374 val_rec_macro=0.8401 val_metric_name=acc val_metric=0.8651
Step 3550 | loss 0.0076 | val_acc=0.8651 val_loss=0.9920 val_f1_macro=0.8377 val_f1_weighted=0.8631 val_prec_macro=0.8360 val_rec_macro=0.8415 val_metric_name=acc val_metric=0.8651
Step 3600 | loss 0.0078 | val_acc=0.8637 val_loss=0.9975 val_f1_macro=0.8361 val_f1_weighted=0.8615 val_prec_macro=0.8356 val_rec_macro=0.8385 val_metric_name=acc val_metric=0.8637
Step 3650 | loss 0.0063 | val_acc=0.8653 val_loss=0.9971 val_f1_macro=0.8378 val_f1_weighted=0.8630 val_prec_macro=0.8376 val_rec_macro=0.8396 val_metric_name=acc val_metric=0.8653
Step 3700 | loss 0.0046 | val_acc=0.8662 val_loss=0.9983 val_f1_macro=0.8381 val_f1_weighted=0.8639 val_prec_macro=0.8369 val_rec_macro=0.8414 val_metric_name=acc val_metric=0.8662
Step 3750 | loss 0.0061 | val_acc=0.8673 val_loss=1.0008 val_f1_macro=0.8389 val_f1_weighted=0.8649 val_prec_macro=0.8398 val_rec_macro=0.8403 val_metric_name=acc val_metric=0.8673
Step 3800 | loss 0.0050 | val_acc=0.8681 val_loss=1.0020 val_f1_macro=0.8411 val_f1_weighted=0.8663 val_prec_macro=0.8414 val_rec_macro=0.8425 val_metric_name=acc val_metric=0.8681
Step 3850 | loss 0.0048 | val_acc=0.8660 val_loss=1.0154 val_f1_macro=0.8397 val_f1_weighted=0.8639 val_prec_macro=0.8402 val_rec_macro=0.8410 val_metric_name=acc val_metric=0.8660
Step 3900 | loss 0.0046 | val_acc=0.8653 val_loss=1.0061 val_f1_macro=0.8386 val_f1_weighted=0.8636 val_prec_macro=0.8391 val_rec_macro=0.8393 val_metric_name=acc val_metric=0.8653
Step 3950 | loss 0.0063 | val_acc=0.8655 val_loss=1.0163 val_f1_macro=0.8361 val_f1_weighted=0.8631 val_prec_macro=0.8365 val_rec_macro=0.8380 val_metric_name=acc val_metric=0.8655
Step 4000 | loss 0.0054 | val_acc=0.8657 val_loss=1.0111 val_f1_macro=0.8370 val_f1_weighted=0.8637 val_prec_macro=0.8366 val_rec_macro=0.8393 val_metric_name=acc val_metric=0.8657
Step 4050 | loss 0.0045 | val_acc=0.8630 val_loss=1.0221 val_f1_macro=0.8354 val_f1_weighted=0.8609 val_prec_macro=0.8358 val_rec_macro=0.8371 val_metric_name=acc val_metric=0.8630
Step 4100 | loss 0.0051 | val_acc=0.8650 val_loss=1.0257 val_f1_macro=0.8376 val_f1_weighted=0.8628 val_prec_macro=0.8370 val_rec_macro=0.8398 val_metric_name=acc val_metric=0.8650
Early stopping at step 4103

--- Final (best ckpt @ step 3800) ---
  train_acc=1.0000 train_loss=0.0000 train_f1_macro=1.0000 train_f1_weighted=1.0000 train_prec_macro=1.0000 train_rec_macro=1.0000 train_metric_name=acc train_metric=1.0000
  val_acc=0.8681 val_loss=1.0020 val_f1_macro=0.8411 val_f1_weighted=0.8663 val_prec_macro=0.8414 val_rec_macro=0.8425 val_metric_name=acc val_metric=0.8681
  test_acc=0.8607 test_loss=0.9680 test_f1_macro=0.8319 test_f1_weighted=0.8588 test_prec_macro=0.8304 test_rec_macro=0.8360 test_metric_name=acc test_metric=0.8607
  test_acc=0.8607

============================================================
Training roman-empire GT-sep 3L h=256 lr=0.0001 split=4
============================================================
Training for 5000 steps
Step    1 | loss 3.0363 | val_acc=0.1871 val_loss=2.6905 val_f1_macro=0.0547 val_f1_weighted=0.1224 val_prec_macro=0.0495 val_rec_macro=0.0853 val_metric_name=acc val_metric=0.1871
Step   50 | loss 1.1140 | val_acc=0.6778 val_loss=1.0314 val_f1_macro=0.5119 val_f1_weighted=0.6420 val_prec_macro=0.5743 val_rec_macro=0.5172 val_metric_name=acc val_metric=0.6778
Step  100 | loss 0.7993 | val_acc=0.7502 val_loss=0.7727 val_f1_macro=0.6242 val_f1_weighted=0.7299 val_prec_macro=0.6723 val_rec_macro=0.6326 val_metric_name=acc val_metric=0.7502
Step  150 | loss 0.6297 | val_acc=0.7875 val_loss=0.6572 val_f1_macro=0.6971 val_f1_weighted=0.7747 val_prec_macro=0.7376 val_rec_macro=0.7009 val_metric_name=acc val_metric=0.7875
Step  200 | loss 0.5037 | val_acc=0.8125 val_loss=0.5879 val_f1_macro=0.7587 val_f1_weighted=0.8064 val_prec_macro=0.7733 val_rec_macro=0.7606 val_metric_name=acc val_metric=0.8125
Step  250 | loss 0.4060 | val_acc=0.8316 val_loss=0.5534 val_f1_macro=0.7902 val_f1_weighted=0.8280 val_prec_macro=0.7948 val_rec_macro=0.7926 val_metric_name=acc val_metric=0.8316
Step  300 | loss 0.3196 | val_acc=0.8390 val_loss=0.5507 val_f1_macro=0.8015 val_f1_weighted=0.8355 val_prec_macro=0.8048 val_rec_macro=0.8032 val_metric_name=acc val_metric=0.8390
Step  350 | loss 0.2440 | val_acc=0.8443 val_loss=0.5620 val_f1_macro=0.8106 val_f1_weighted=0.8417 val_prec_macro=0.8147 val_rec_macro=0.8097 val_metric_name=acc val_metric=0.8443
Step  400 | loss 0.1882 | val_acc=0.8477 val_loss=0.5871 val_f1_macro=0.8131 val_f1_weighted=0.8455 val_prec_macro=0.8144 val_rec_macro=0.8141 val_metric_name=acc val_metric=0.8477
Step  450 | loss 0.1496 | val_acc=0.8484 val_loss=0.6156 val_f1_macro=0.8123 val_f1_weighted=0.8462 val_prec_macro=0.8124 val_rec_macro=0.8148 val_metric_name=acc val_metric=0.8484
Step  500 | loss 0.1203 | val_acc=0.8507 val_loss=0.6444 val_f1_macro=0.8154 val_f1_weighted=0.8482 val_prec_macro=0.8167 val_rec_macro=0.8166 val_metric_name=acc val_metric=0.8507
Step  550 | loss 0.0942 | val_acc=0.8521 val_loss=0.6694 val_f1_macro=0.8177 val_f1_weighted=0.8499 val_prec_macro=0.8176 val_rec_macro=0.8200 val_metric_name=acc val_metric=0.8521
Step  600 | loss 0.0819 | val_acc=0.8508 val_loss=0.6980 val_f1_macro=0.8169 val_f1_weighted=0.8489 val_prec_macro=0.8156 val_rec_macro=0.8205 val_metric_name=acc val_metric=0.8508
Step  650 | loss 0.0640 | val_acc=0.8505 val_loss=0.7147 val_f1_macro=0.8166 val_f1_weighted=0.8485 val_prec_macro=0.8151 val_rec_macro=0.8202 val_metric_name=acc val_metric=0.8505
Step  700 | loss 0.0577 | val_acc=0.8542 val_loss=0.7343 val_f1_macro=0.8225 val_f1_weighted=0.8521 val_prec_macro=0.8218 val_rec_macro=0.8249 val_metric_name=acc val_metric=0.8542
Step  750 | loss 0.0523 | val_acc=0.8517 val_loss=0.7546 val_f1_macro=0.8198 val_f1_weighted=0.8496 val_prec_macro=0.8213 val_rec_macro=0.8209 val_metric_name=acc val_metric=0.8517
Step  800 | loss 0.0443 | val_acc=0.8537 val_loss=0.7696 val_f1_macro=0.8196 val_f1_weighted=0.8516 val_prec_macro=0.8191 val_rec_macro=0.8222 val_metric_name=acc val_metric=0.8537
Step  850 | loss 0.0377 | val_acc=0.8537 val_loss=0.7781 val_f1_macro=0.8221 val_f1_weighted=0.8518 val_prec_macro=0.8226 val_rec_macro=0.8237 val_metric_name=acc val_metric=0.8537
Step  900 | loss 0.0348 | val_acc=0.8533 val_loss=0.8038 val_f1_macro=0.8213 val_f1_weighted=0.8514 val_prec_macro=0.8229 val_rec_macro=0.8217 val_metric_name=acc val_metric=0.8533
Step  950 | loss 0.0288 | val_acc=0.8547 val_loss=0.8038 val_f1_macro=0.8235 val_f1_weighted=0.8533 val_prec_macro=0.8241 val_rec_macro=0.8247 val_metric_name=acc val_metric=0.8547
Step 1000 | loss 0.0270 | val_acc=0.8545 val_loss=0.8207 val_f1_macro=0.8227 val_f1_weighted=0.8526 val_prec_macro=0.8233 val_rec_macro=0.8241 val_metric_name=acc val_metric=0.8545
Step 1050 | loss 0.0267 | val_acc=0.8563 val_loss=0.8360 val_f1_macro=0.8254 val_f1_weighted=0.8544 val_prec_macro=0.8265 val_rec_macro=0.8269 val_metric_name=acc val_metric=0.8563
Step 1100 | loss 0.0216 | val_acc=0.8545 val_loss=0.8405 val_f1_macro=0.8218 val_f1_weighted=0.8524 val_prec_macro=0.8228 val_rec_macro=0.8230 val_metric_name=acc val_metric=0.8545
Step 1150 | loss 0.0225 | val_acc=0.8561 val_loss=0.8490 val_f1_macro=0.8247 val_f1_weighted=0.8547 val_prec_macro=0.8248 val_rec_macro=0.8264 val_metric_name=acc val_metric=0.8561
Step 1200 | loss 0.0203 | val_acc=0.8577 val_loss=0.8623 val_f1_macro=0.8250 val_f1_weighted=0.8557 val_prec_macro=0.8248 val_rec_macro=0.8282 val_metric_name=acc val_metric=0.8577
Step 1250 | loss 0.0170 | val_acc=0.8553 val_loss=0.8596 val_f1_macro=0.8244 val_f1_weighted=0.8535 val_prec_macro=0.8260 val_rec_macro=0.8248 val_metric_name=acc val_metric=0.8553
Step 1300 | loss 0.0132 | val_acc=0.8554 val_loss=0.8794 val_f1_macro=0.8256 val_f1_weighted=0.8535 val_prec_macro=0.8257 val_rec_macro=0.8277 val_metric_name=acc val_metric=0.8554
Step 1350 | loss 0.0131 | val_acc=0.8563 val_loss=0.8793 val_f1_macro=0.8238 val_f1_weighted=0.8546 val_prec_macro=0.8227 val_rec_macro=0.8270 val_metric_name=acc val_metric=0.8563
Step 1400 | loss 0.0124 | val_acc=0.8584 val_loss=0.8893 val_f1_macro=0.8296 val_f1_weighted=0.8565 val_prec_macro=0.8301 val_rec_macro=0.8309 val_metric_name=acc val_metric=0.8584
Step 1450 | loss 0.0165 | val_acc=0.8572 val_loss=0.9015 val_f1_macro=0.8273 val_f1_weighted=0.8555 val_prec_macro=0.8277 val_rec_macro=0.8289 val_metric_name=acc val_metric=0.8572
Step 1500 | loss 0.0125 | val_acc=0.8574 val_loss=0.9063 val_f1_macro=0.8280 val_f1_weighted=0.8557 val_prec_macro=0.8251 val_rec_macro=0.8326 val_metric_name=acc val_metric=0.8574
Step 1550 | loss 0.0123 | val_acc=0.8595 val_loss=0.9146 val_f1_macro=0.8305 val_f1_weighted=0.8573 val_prec_macro=0.8292 val_rec_macro=0.8339 val_metric_name=acc val_metric=0.8595
Step 1600 | loss 0.0102 | val_acc=0.8597 val_loss=0.9130 val_f1_macro=0.8298 val_f1_weighted=0.8576 val_prec_macro=0.8270 val_rec_macro=0.8346 val_metric_name=acc val_metric=0.8597
Step 1650 | loss 0.0100 | val_acc=0.8577 val_loss=0.9267 val_f1_macro=0.8286 val_f1_weighted=0.8558 val_prec_macro=0.8269 val_rec_macro=0.8322 val_metric_name=acc val_metric=0.8577
Step 1700 | loss 0.0126 | val_acc=0.8584 val_loss=0.9283 val_f1_macro=0.8300 val_f1_weighted=0.8569 val_prec_macro=0.8304 val_rec_macro=0.8315 val_metric_name=acc val_metric=0.8584
Step 1750 | loss 0.0100 | val_acc=0.8605 val_loss=0.9419 val_f1_macro=0.8317 val_f1_weighted=0.8582 val_prec_macro=0.8321 val_rec_macro=0.8338 val_metric_name=acc val_metric=0.8605
Step 1800 | loss 0.0102 | val_acc=0.8597 val_loss=0.9406 val_f1_macro=0.8322 val_f1_weighted=0.8575 val_prec_macro=0.8300 val_rec_macro=0.8364 val_metric_name=acc val_metric=0.8597
Step 1850 | loss 0.0095 | val_acc=0.8605 val_loss=0.9491 val_f1_macro=0.8326 val_f1_weighted=0.8588 val_prec_macro=0.8316 val_rec_macro=0.8358 val_metric_name=acc val_metric=0.8605
Step 1900 | loss 0.0091 | val_acc=0.8613 val_loss=0.9535 val_f1_macro=0.8334 val_f1_weighted=0.8591 val_prec_macro=0.8342 val_rec_macro=0.8350 val_metric_name=acc val_metric=0.8613
Step 1950 | loss 0.0089 | val_acc=0.8602 val_loss=0.9604 val_f1_macro=0.8317 val_f1_weighted=0.8579 val_prec_macro=0.8330 val_rec_macro=0.8323 val_metric_name=acc val_metric=0.8602
Step 2000 | loss 0.0062 | val_acc=0.8605 val_loss=0.9660 val_f1_macro=0.8330 val_f1_weighted=0.8586 val_prec_macro=0.8316 val_rec_macro=0.8368 val_metric_name=acc val_metric=0.8605
Step 2050 | loss 0.0093 | val_acc=0.8607 val_loss=0.9709 val_f1_macro=0.8306 val_f1_weighted=0.8586 val_prec_macro=0.8293 val_rec_macro=0.8340 val_metric_name=acc val_metric=0.8607
Step 2100 | loss 0.0082 | val_acc=0.8602 val_loss=0.9688 val_f1_macro=0.8310 val_f1_weighted=0.8582 val_prec_macro=0.8301 val_rec_macro=0.8335 val_metric_name=acc val_metric=0.8602
Step 2150 | loss 0.0059 | val_acc=0.8605 val_loss=0.9823 val_f1_macro=0.8321 val_f1_weighted=0.8586 val_prec_macro=0.8326 val_rec_macro=0.8333 val_metric_name=acc val_metric=0.8605
Step 2200 | loss 0.0072 | val_acc=0.8597 val_loss=0.9825 val_f1_macro=0.8297 val_f1_weighted=0.8573 val_prec_macro=0.8297 val_rec_macro=0.8321 val_metric_name=acc val_metric=0.8597
Step 2250 | loss 0.0075 | val_acc=0.8618 val_loss=0.9908 val_f1_macro=0.8337 val_f1_weighted=0.8594 val_prec_macro=0.8341 val_rec_macro=0.8353 val_metric_name=acc val_metric=0.8618
Step 2300 | loss 0.0075 | val_acc=0.8630 val_loss=0.9918 val_f1_macro=0.8349 val_f1_weighted=0.8609 val_prec_macro=0.8361 val_rec_macro=0.8360 val_metric_name=acc val_metric=0.8630
Step 2350 | loss 0.0054 | val_acc=0.8614 val_loss=0.9906 val_f1_macro=0.8316 val_f1_weighted=0.8591 val_prec_macro=0.8315 val_rec_macro=0.8341 val_metric_name=acc val_metric=0.8614
Step 2400 | loss 0.0063 | val_acc=0.8600 val_loss=0.9927 val_f1_macro=0.8304 val_f1_weighted=0.8579 val_prec_macro=0.8295 val_rec_macro=0.8335 val_metric_name=acc val_metric=0.8600
Step 2450 | loss 0.0059 | val_acc=0.8620 val_loss=0.9954 val_f1_macro=0.8315 val_f1_weighted=0.8598 val_prec_macro=0.8313 val_rec_macro=0.8335 val_metric_name=acc val_metric=0.8620
Step 2500 | loss 0.0056 | val_acc=0.8620 val_loss=1.0025 val_f1_macro=0.8337 val_f1_weighted=0.8598 val_prec_macro=0.8319 val_rec_macro=0.8371 val_metric_name=acc val_metric=0.8620
Step 2550 | loss 0.0054 | val_acc=0.8618 val_loss=1.0137 val_f1_macro=0.8318 val_f1_weighted=0.8594 val_prec_macro=0.8304 val_rec_macro=0.8355 val_metric_name=acc val_metric=0.8618
Step 2600 | loss 0.0057 | val_acc=0.8630 val_loss=1.0131 val_f1_macro=0.8347 val_f1_weighted=0.8607 val_prec_macro=0.8368 val_rec_macro=0.8348 val_metric_name=acc val_metric=0.8630
Step 2650 | loss 0.0037 | val_acc=0.8632 val_loss=1.0115 val_f1_macro=0.8342 val_f1_weighted=0.8608 val_prec_macro=0.8340 val_rec_macro=0.8365 val_metric_name=acc val_metric=0.8632
Step 2700 | loss 0.0049 | val_acc=0.8611 val_loss=1.0224 val_f1_macro=0.8306 val_f1_weighted=0.8582 val_prec_macro=0.8321 val_rec_macro=0.8315 val_metric_name=acc val_metric=0.8611
Step 2750 | loss 0.0041 | val_acc=0.8614 val_loss=1.0202 val_f1_macro=0.8325 val_f1_weighted=0.8593 val_prec_macro=0.8338 val_rec_macro=0.8327 val_metric_name=acc val_metric=0.8614
Step 2800 | loss 0.0042 | val_acc=0.8628 val_loss=1.0348 val_f1_macro=0.8344 val_f1_weighted=0.8598 val_prec_macro=0.8366 val_rec_macro=0.8349 val_metric_name=acc val_metric=0.8628
Step 2850 | loss 0.0034 | val_acc=0.8630 val_loss=1.0232 val_f1_macro=0.8356 val_f1_weighted=0.8608 val_prec_macro=0.8350 val_rec_macro=0.8385 val_metric_name=acc val_metric=0.8630
Step 2900 | loss 0.0061 | val_acc=0.8618 val_loss=1.0337 val_f1_macro=0.8339 val_f1_weighted=0.8594 val_prec_macro=0.8345 val_rec_macro=0.8353 val_metric_name=acc val_metric=0.8618
Step 2950 | loss 0.0037 | val_acc=0.8641 val_loss=1.0431 val_f1_macro=0.8366 val_f1_weighted=0.8618 val_prec_macro=0.8374 val_rec_macro=0.8381 val_metric_name=acc val_metric=0.8641
Step 3000 | loss 0.0055 | val_acc=0.8639 val_loss=1.0449 val_f1_macro=0.8360 val_f1_weighted=0.8618 val_prec_macro=0.8369 val_rec_macro=0.8375 val_metric_name=acc val_metric=0.8639
Step 3050 | loss 0.0040 | val_acc=0.8635 val_loss=1.0518 val_f1_macro=0.8359 val_f1_weighted=0.8613 val_prec_macro=0.8350 val_rec_macro=0.8390 val_metric_name=acc val_metric=0.8635
Step 3100 | loss 0.0048 | val_acc=0.8632 val_loss=1.0512 val_f1_macro=0.8344 val_f1_weighted=0.8608 val_prec_macro=0.8367 val_rec_macro=0.8346 val_metric_name=acc val_metric=0.8632
Step 3150 | loss 0.0041 | val_acc=0.8651 val_loss=1.0534 val_f1_macro=0.8379 val_f1_weighted=0.8631 val_prec_macro=0.8389 val_rec_macro=0.8390 val_metric_name=acc val_metric=0.8651
Step 3200 | loss 0.0035 | val_acc=0.8657 val_loss=1.0559 val_f1_macro=0.8368 val_f1_weighted=0.8630 val_prec_macro=0.8376 val_rec_macro=0.8387 val_metric_name=acc val_metric=0.8657
Step 3250 | loss 0.0032 | val_acc=0.8643 val_loss=1.0545 val_f1_macro=0.8349 val_f1_weighted=0.8616 val_prec_macro=0.8335 val_rec_macro=0.8386 val_metric_name=acc val_metric=0.8643
Step 3300 | loss 0.0034 | val_acc=0.8651 val_loss=1.0460 val_f1_macro=0.8372 val_f1_weighted=0.8627 val_prec_macro=0.8383 val_rec_macro=0.8382 val_metric_name=acc val_metric=0.8651
Step 3350 | loss 0.0033 | val_acc=0.8618 val_loss=1.0673 val_f1_macro=0.8322 val_f1_weighted=0.8598 val_prec_macro=0.8323 val_rec_macro=0.8341 val_metric_name=acc val_metric=0.8618
Step 3400 | loss 0.0037 | val_acc=0.8630 val_loss=1.0797 val_f1_macro=0.8344 val_f1_weighted=0.8607 val_prec_macro=0.8363 val_rec_macro=0.8353 val_metric_name=acc val_metric=0.8630
Step 3450 | loss 0.0046 | val_acc=0.8632 val_loss=1.0637 val_f1_macro=0.8350 val_f1_weighted=0.8611 val_prec_macro=0.8347 val_rec_macro=0.8375 val_metric_name=acc val_metric=0.8632
Step 3500 | loss 0.0023 | val_acc=0.8650 val_loss=1.0752 val_f1_macro=0.8362 val_f1_weighted=0.8623 val_prec_macro=0.8379 val_rec_macro=0.8370 val_metric_name=acc val_metric=0.8650
Step 3550 | loss 0.0053 | val_acc=0.8635 val_loss=1.0805 val_f1_macro=0.8352 val_f1_weighted=0.8610 val_prec_macro=0.8357 val_rec_macro=0.8373 val_metric_name=acc val_metric=0.8635
Step 3600 | loss 0.0036 | val_acc=0.8639 val_loss=1.0833 val_f1_macro=0.8366 val_f1_weighted=0.8618 val_prec_macro=0.8370 val_rec_macro=0.8379 val_metric_name=acc val_metric=0.8639
Step 3650 | loss 0.0027 | val_acc=0.8657 val_loss=1.0791 val_f1_macro=0.8381 val_f1_weighted=0.8635 val_prec_macro=0.8384 val_rec_macro=0.8397 val_metric_name=acc val_metric=0.8657
Step 3700 | loss 0.0018 | val_acc=0.8683 val_loss=1.0760 val_f1_macro=0.8415 val_f1_weighted=0.8659 val_prec_macro=0.8424 val_rec_macro=0.8425 val_metric_name=acc val_metric=0.8683
Step 3750 | loss 0.0035 | val_acc=0.8643 val_loss=1.0769 val_f1_macro=0.8365 val_f1_weighted=0.8618 val_prec_macro=0.8402 val_rec_macro=0.8359 val_metric_name=acc val_metric=0.8643
Step 3800 | loss 0.0026 | val_acc=0.8662 val_loss=1.0754 val_f1_macro=0.8385 val_f1_weighted=0.8638 val_prec_macro=0.8413 val_rec_macro=0.8384 val_metric_name=acc val_metric=0.8662
Step 3850 | loss 0.0023 | val_acc=0.8664 val_loss=1.0988 val_f1_macro=0.8393 val_f1_weighted=0.8638 val_prec_macro=0.8419 val_rec_macro=0.8393 val_metric_name=acc val_metric=0.8664
Step 3900 | loss 0.0033 | val_acc=0.8657 val_loss=1.0867 val_f1_macro=0.8388 val_f1_weighted=0.8637 val_prec_macro=0.8398 val_rec_macro=0.8394 val_metric_name=acc val_metric=0.8657
Step 3950 | loss 0.0034 | val_acc=0.8660 val_loss=1.0932 val_f1_macro=0.8396 val_f1_weighted=0.8637 val_prec_macro=0.8411 val_rec_macro=0.8407 val_metric_name=acc val_metric=0.8660
Step 4000 | loss 0.0037 | val_acc=0.8671 val_loss=1.0987 val_f1_macro=0.8401 val_f1_weighted=0.8651 val_prec_macro=0.8401 val_rec_macro=0.8422 val_metric_name=acc val_metric=0.8671
Step 4050 | loss 0.0032 | val_acc=0.8653 val_loss=1.1116 val_f1_macro=0.8378 val_f1_weighted=0.8630 val_prec_macro=0.8386 val_rec_macro=0.8399 val_metric_name=acc val_metric=0.8653
Step 4100 | loss 0.0029 | val_acc=0.8662 val_loss=1.1155 val_f1_macro=0.8378 val_f1_weighted=0.8636 val_prec_macro=0.8381 val_rec_macro=0.8395 val_metric_name=acc val_metric=0.8662
Step 4150 | loss 0.0026 | val_acc=0.8665 val_loss=1.1019 val_f1_macro=0.8406 val_f1_weighted=0.8643 val_prec_macro=0.8398 val_rec_macro=0.8431 val_metric_name=acc val_metric=0.8665
Step 4200 | loss 0.0018 | val_acc=0.8669 val_loss=1.1083 val_f1_macro=0.8404 val_f1_weighted=0.8647 val_prec_macro=0.8410 val_rec_macro=0.8410 val_metric_name=acc val_metric=0.8669
Step 4250 | loss 0.0026 | val_acc=0.8635 val_loss=1.1138 val_f1_macro=0.8366 val_f1_weighted=0.8609 val_prec_macro=0.8353 val_rec_macro=0.8399 val_metric_name=acc val_metric=0.8635
Step 4300 | loss 0.0019 | val_acc=0.8650 val_loss=1.1162 val_f1_macro=0.8371 val_f1_weighted=0.8625 val_prec_macro=0.8379 val_rec_macro=0.8386 val_metric_name=acc val_metric=0.8650
Step 4350 | loss 0.0021 | val_acc=0.8660 val_loss=1.1340 val_f1_macro=0.8395 val_f1_weighted=0.8638 val_prec_macro=0.8412 val_rec_macro=0.8394 val_metric_name=acc val_metric=0.8660
Step 4400 | loss 0.0019 | val_acc=0.8697 val_loss=1.1212 val_f1_macro=0.8434 val_f1_weighted=0.8675 val_prec_macro=0.8451 val_rec_macro=0.8437 val_metric_name=acc val_metric=0.8697
Step 4450 | loss 0.0015 | val_acc=0.8673 val_loss=1.1354 val_f1_macro=0.8402 val_f1_weighted=0.8648 val_prec_macro=0.8410 val_rec_macro=0.8417 val_metric_name=acc val_metric=0.8673
Step 4500 | loss 0.0041 | val_acc=0.8651 val_loss=1.1389 val_f1_macro=0.8382 val_f1_weighted=0.8628 val_prec_macro=0.8381 val_rec_macro=0.8409 val_metric_name=acc val_metric=0.8651
Step 4550 | loss 0.0026 | val_acc=0.8651 val_loss=1.1274 val_f1_macro=0.8380 val_f1_weighted=0.8626 val_prec_macro=0.8392 val_rec_macro=0.8393 val_metric_name=acc val_metric=0.8651
Step 4600 | loss 0.0032 | val_acc=0.8655 val_loss=1.1275 val_f1_macro=0.8365 val_f1_weighted=0.8631 val_prec_macro=0.8371 val_rec_macro=0.8383 val_metric_name=acc val_metric=0.8655
Step 4650 | loss 0.0017 | val_acc=0.8664 val_loss=1.1355 val_f1_macro=0.8391 val_f1_weighted=0.8637 val_prec_macro=0.8417 val_rec_macro=0.8393 val_metric_name=acc val_metric=0.8664
Step 4700 | loss 0.0017 | val_acc=0.8658 val_loss=1.1366 val_f1_macro=0.8392 val_f1_weighted=0.8634 val_prec_macro=0.8408 val_rec_macro=0.8396 val_metric_name=acc val_metric=0.8658
Early stopping at step 4704

--- Final (best ckpt @ step 4400) ---
  train_acc=1.0000 train_loss=0.0000 train_f1_macro=1.0000 train_f1_weighted=1.0000 train_prec_macro=1.0000 train_rec_macro=1.0000 train_metric_name=acc train_metric=1.0000
  val_acc=0.8697 val_loss=1.1212 val_f1_macro=0.8434 val_f1_weighted=0.8675 val_prec_macro=0.8451 val_rec_macro=0.8437 val_metric_name=acc val_metric=0.8697
  test_acc=0.8653 test_loss=1.0786 test_f1_macro=0.8341 test_f1_weighted=0.8629 test_prec_macro=0.8309 test_rec_macro=0.8404 test_metric_name=acc test_metric=0.8653
  test_acc=0.8653

============================================================
Training roman-empire GT-sep 3L h=256 lr=1e-05 split=4
============================================================
Training for 5000 steps
Step    1 | loss 3.0363 | val_acc=0.0909 val_loss=2.9860 val_f1_macro=0.0348 val_f1_weighted=0.0623 val_prec_macro=0.0715 val_rec_macro=0.0508 val_metric_name=acc val_metric=0.0909
Step   50 | loss 2.3291 | val_acc=0.3968 val_loss=2.1340 val_f1_macro=0.1480 val_f1_weighted=0.3000 val_prec_macro=0.1642 val_rec_macro=0.1844 val_metric_name=acc val_metric=0.3968
Step  100 | loss 1.9227 | val_acc=0.5024 val_loss=1.6982 val_f1_macro=0.2439 val_f1_weighted=0.4228 val_prec_macro=0.3065 val_rec_macro=0.2733 val_metric_name=acc val_metric=0.5024
Step  150 | loss 1.6588 | val_acc=0.5516 val_loss=1.4595 val_f1_macro=0.3019 val_f1_weighted=0.4832 val_prec_macro=0.3629 val_rec_macro=0.3195 val_metric_name=acc val_metric=0.5516
Step  200 | loss 1.4837 | val_acc=0.5896 val_loss=1.3037 val_f1_macro=0.3767 val_f1_weighted=0.5341 val_prec_macro=0.4321 val_rec_macro=0.3795 val_metric_name=acc val_metric=0.5896
Step  250 | loss 1.3517 | val_acc=0.6238 val_loss=1.1923 val_f1_macro=0.4330 val_f1_weighted=0.5766 val_prec_macro=0.4736 val_rec_macro=0.4339 val_metric_name=acc val_metric=0.6238
Step  300 | loss 1.2514 | val_acc=0.6501 val_loss=1.1105 val_f1_macro=0.4713 val_f1_weighted=0.6069 val_prec_macro=0.5069 val_rec_macro=0.4764 val_metric_name=acc val_metric=0.6501
Step  350 | loss 1.1634 | val_acc=0.6729 val_loss=1.0477 val_f1_macro=0.5012 val_f1_weighted=0.6334 val_prec_macro=0.5569 val_rec_macro=0.5067 val_metric_name=acc val_metric=0.6729
Step  400 | loss 1.0959 | val_acc=0.6888 val_loss=0.9967 val_f1_macro=0.5265 val_f1_weighted=0.6537 val_prec_macro=0.5778 val_rec_macro=0.5325 val_metric_name=acc val_metric=0.6888
Step  450 | loss 1.0461 | val_acc=0.7006 val_loss=0.9530 val_f1_macro=0.5416 val_f1_weighted=0.6671 val_prec_macro=0.5783 val_rec_macro=0.5510 val_metric_name=acc val_metric=0.7006
Step  500 | loss 0.9959 | val_acc=0.7105 val_loss=0.9144 val_f1_macro=0.5556 val_f1_weighted=0.6786 val_prec_macro=0.6404 val_rec_macro=0.5669 val_metric_name=acc val_metric=0.7105
Step  550 | loss 0.9587 | val_acc=0.7184 val_loss=0.8811 val_f1_macro=0.5691 val_f1_weighted=0.6886 val_prec_macro=0.6490 val_rec_macro=0.5799 val_metric_name=acc val_metric=0.7184
Step  600 | loss 0.9156 | val_acc=0.7229 val_loss=0.8511 val_f1_macro=0.5768 val_f1_weighted=0.6954 val_prec_macro=0.6564 val_rec_macro=0.5876 val_metric_name=acc val_metric=0.7229
Step  650 | loss 0.8823 | val_acc=0.7306 val_loss=0.8250 val_f1_macro=0.5891 val_f1_weighted=0.7049 val_prec_macro=0.6658 val_rec_macro=0.5999 val_metric_name=acc val_metric=0.7306
Step  700 | loss 0.8497 | val_acc=0.7409 val_loss=0.8019 val_f1_macro=0.6087 val_f1_weighted=0.7182 val_prec_macro=0.6792 val_rec_macro=0.6168 val_metric_name=acc val_metric=0.7409
Step  750 | loss 0.8225 | val_acc=0.7460 val_loss=0.7810 val_f1_macro=0.6190 val_f1_weighted=0.7250 val_prec_macro=0.6764 val_rec_macro=0.6275 val_metric_name=acc val_metric=0.7460
Step  800 | loss 0.8035 | val_acc=0.7530 val_loss=0.7620 val_f1_macro=0.6352 val_f1_weighted=0.7342 val_prec_macro=0.6845 val_rec_macro=0.6416 val_metric_name=acc val_metric=0.7530
Step  850 | loss 0.7669 | val_acc=0.7589 val_loss=0.7453 val_f1_macro=0.6460 val_f1_weighted=0.7411 val_prec_macro=0.7170 val_rec_macro=0.6525 val_metric_name=acc val_metric=0.7589
Step  900 | loss 0.7506 | val_acc=0.7635 val_loss=0.7290 val_f1_macro=0.6564 val_f1_weighted=0.7460 val_prec_macro=0.7197 val_rec_macro=0.6618 val_metric_name=acc val_metric=0.7635
Step  950 | loss 0.7292 | val_acc=0.7695 val_loss=0.7146 val_f1_macro=0.6677 val_f1_weighted=0.7534 val_prec_macro=0.7259 val_rec_macro=0.6728 val_metric_name=acc val_metric=0.7695
Step 1000 | loss 0.7087 | val_acc=0.7718 val_loss=0.6997 val_f1_macro=0.6719 val_f1_weighted=0.7562 val_prec_macro=0.7175 val_rec_macro=0.6771 val_metric_name=acc val_metric=0.7718
Step 1050 | loss 0.6864 | val_acc=0.7769 val_loss=0.6872 val_f1_macro=0.6804 val_f1_weighted=0.7622 val_prec_macro=0.7317 val_rec_macro=0.6851 val_metric_name=acc val_metric=0.7769
Step 1100 | loss 0.6727 | val_acc=0.7816 val_loss=0.6744 val_f1_macro=0.6861 val_f1_weighted=0.7675 val_prec_macro=0.7314 val_rec_macro=0.6916 val_metric_name=acc val_metric=0.7816
Step 1150 | loss 0.6505 | val_acc=0.7864 val_loss=0.6635 val_f1_macro=0.6950 val_f1_weighted=0.7729 val_prec_macro=0.7500 val_rec_macro=0.7005 val_metric_name=acc val_metric=0.7864
Step 1200 | loss 0.6292 | val_acc=0.7898 val_loss=0.6522 val_f1_macro=0.7022 val_f1_weighted=0.7773 val_prec_macro=0.7561 val_rec_macro=0.7074 val_metric_name=acc val_metric=0.7898
Step 1250 | loss 0.6181 | val_acc=0.7938 val_loss=0.6410 val_f1_macro=0.7115 val_f1_weighted=0.7823 val_prec_macro=0.7559 val_rec_macro=0.7156 val_metric_name=acc val_metric=0.7938
Step 1300 | loss 0.5974 | val_acc=0.7981 val_loss=0.6314 val_f1_macro=0.7181 val_f1_weighted=0.7871 val_prec_macro=0.7639 val_rec_macro=0.7206 val_metric_name=acc val_metric=0.7981
Step 1350 | loss 0.5829 | val_acc=0.8019 val_loss=0.6224 val_f1_macro=0.7272 val_f1_weighted=0.7922 val_prec_macro=0.7695 val_rec_macro=0.7284 val_metric_name=acc val_metric=0.8019
Step 1400 | loss 0.5644 | val_acc=0.8034 val_loss=0.6131 val_f1_macro=0.7318 val_f1_weighted=0.7943 val_prec_macro=0.7637 val_rec_macro=0.7326 val_metric_name=acc val_metric=0.8034
Step 1450 | loss 0.5487 | val_acc=0.8083 val_loss=0.6060 val_f1_macro=0.7426 val_f1_weighted=0.8004 val_prec_macro=0.7703 val_rec_macro=0.7425 val_metric_name=acc val_metric=0.8083
Step 1500 | loss 0.5360 | val_acc=0.8097 val_loss=0.5982 val_f1_macro=0.7467 val_f1_weighted=0.8023 val_prec_macro=0.7713 val_rec_macro=0.7462 val_metric_name=acc val_metric=0.8097
Step 1550 | loss 0.5232 | val_acc=0.8147 val_loss=0.5911 val_f1_macro=0.7610 val_f1_weighted=0.8084 val_prec_macro=0.7810 val_rec_macro=0.7606 val_metric_name=acc val_metric=0.8147
Step 1600 | loss 0.5051 | val_acc=0.8164 val_loss=0.5849 val_f1_macro=0.7659 val_f1_weighted=0.8103 val_prec_macro=0.7828 val_rec_macro=0.7663 val_metric_name=acc val_metric=0.8164
Step 1650 | loss 0.4903 | val_acc=0.8194 val_loss=0.5793 val_f1_macro=0.7706 val_f1_weighted=0.8138 val_prec_macro=0.7849 val_rec_macro=0.7716 val_metric_name=acc val_metric=0.8194
Step 1700 | loss 0.4820 | val_acc=0.8219 val_loss=0.5747 val_f1_macro=0.7747 val_f1_weighted=0.8164 val_prec_macro=0.7877 val_rec_macro=0.7757 val_metric_name=acc val_metric=0.8219
Step 1750 | loss 0.4665 | val_acc=0.8245 val_loss=0.5692 val_f1_macro=0.7788 val_f1_weighted=0.8197 val_prec_macro=0.7886 val_rec_macro=0.7811 val_metric_name=acc val_metric=0.8245
Step 1800 | loss 0.4593 | val_acc=0.8247 val_loss=0.5664 val_f1_macro=0.7789 val_f1_weighted=0.8199 val_prec_macro=0.7867 val_rec_macro=0.7817 val_metric_name=acc val_metric=0.8247
Step 1850 | loss 0.4432 | val_acc=0.8277 val_loss=0.5626 val_f1_macro=0.7845 val_f1_weighted=0.8232 val_prec_macro=0.7912 val_rec_macro=0.7881 val_metric_name=acc val_metric=0.8277
Step 1900 | loss 0.4343 | val_acc=0.8281 val_loss=0.5601 val_f1_macro=0.7844 val_f1_weighted=0.8235 val_prec_macro=0.7909 val_rec_macro=0.7879 val_metric_name=acc val_metric=0.8281
Step 1950 | loss 0.4131 | val_acc=0.8293 val_loss=0.5568 val_f1_macro=0.7864 val_f1_weighted=0.8249 val_prec_macro=0.7917 val_rec_macro=0.7905 val_metric_name=acc val_metric=0.8293
Step 2000 | loss 0.4078 | val_acc=0.8311 val_loss=0.5544 val_f1_macro=0.7901 val_f1_weighted=0.8268 val_prec_macro=0.7957 val_rec_macro=0.7938 val_metric_name=acc val_metric=0.8311
Step 2050 | loss 0.4036 | val_acc=0.8321 val_loss=0.5523 val_f1_macro=0.7905 val_f1_weighted=0.8280 val_prec_macro=0.7970 val_rec_macro=0.7935 val_metric_name=acc val_metric=0.8321
Step 2100 | loss 0.3841 | val_acc=0.8320 val_loss=0.5492 val_f1_macro=0.7919 val_f1_weighted=0.8279 val_prec_macro=0.7978 val_rec_macro=0.7946 val_metric_name=acc val_metric=0.8320
Step 2150 | loss 0.3791 | val_acc=0.8332 val_loss=0.5487 val_f1_macro=0.7943 val_f1_weighted=0.8293 val_prec_macro=0.8007 val_rec_macro=0.7963 val_metric_name=acc val_metric=0.8332
Step 2200 | loss 0.3631 | val_acc=0.8341 val_loss=0.5487 val_f1_macro=0.7955 val_f1_weighted=0.8303 val_prec_macro=0.8004 val_rec_macro=0.7979 val_metric_name=acc val_metric=0.8341
Step 2250 | loss 0.3573 | val_acc=0.8360 val_loss=0.5482 val_f1_macro=0.7987 val_f1_weighted=0.8323 val_prec_macro=0.8034 val_rec_macro=0.8010 val_metric_name=acc val_metric=0.8360
Step 2300 | loss 0.3532 | val_acc=0.8376 val_loss=0.5470 val_f1_macro=0.8024 val_f1_weighted=0.8345 val_prec_macro=0.8057 val_rec_macro=0.8046 val_metric_name=acc val_metric=0.8376
Step 2350 | loss 0.3364 | val_acc=0.8381 val_loss=0.5471 val_f1_macro=0.8028 val_f1_weighted=0.8350 val_prec_macro=0.8074 val_rec_macro=0.8040 val_metric_name=acc val_metric=0.8381
Step 2400 | loss 0.3302 | val_acc=0.8401 val_loss=0.5464 val_f1_macro=0.8061 val_f1_weighted=0.8373 val_prec_macro=0.8095 val_rec_macro=0.8076 val_metric_name=acc val_metric=0.8401
Step 2450 | loss 0.3233 | val_acc=0.8413 val_loss=0.5476 val_f1_macro=0.8062 val_f1_weighted=0.8385 val_prec_macro=0.8089 val_rec_macro=0.8077 val_metric_name=acc val_metric=0.8413
Step 2500 | loss 0.3055 | val_acc=0.8406 val_loss=0.5487 val_f1_macro=0.8051 val_f1_weighted=0.8379 val_prec_macro=0.8079 val_rec_macro=0.8065 val_metric_name=acc val_metric=0.8406
Step 2550 | loss 0.2967 | val_acc=0.8415 val_loss=0.5505 val_f1_macro=0.8074 val_f1_weighted=0.8389 val_prec_macro=0.8089 val_rec_macro=0.8101 val_metric_name=acc val_metric=0.8415
Step 2600 | loss 0.2879 | val_acc=0.8413 val_loss=0.5514 val_f1_macro=0.8065 val_f1_weighted=0.8387 val_prec_macro=0.8082 val_rec_macro=0.8089 val_metric_name=acc val_metric=0.8413
Step 2650 | loss 0.2834 | val_acc=0.8417 val_loss=0.5524 val_f1_macro=0.8069 val_f1_weighted=0.8390 val_prec_macro=0.8090 val_rec_macro=0.8086 val_metric_name=acc val_metric=0.8417
Step 2700 | loss 0.2685 | val_acc=0.8417 val_loss=0.5556 val_f1_macro=0.8067 val_f1_weighted=0.8389 val_prec_macro=0.8078 val_rec_macro=0.8094 val_metric_name=acc val_metric=0.8417
Step 2750 | loss 0.2608 | val_acc=0.8425 val_loss=0.5575 val_f1_macro=0.8068 val_f1_weighted=0.8399 val_prec_macro=0.8075 val_rec_macro=0.8099 val_metric_name=acc val_metric=0.8425
Step 2800 | loss 0.2523 | val_acc=0.8422 val_loss=0.5591 val_f1_macro=0.8065 val_f1_weighted=0.8396 val_prec_macro=0.8073 val_rec_macro=0.8095 val_metric_name=acc val_metric=0.8422
Step 2850 | loss 0.2448 | val_acc=0.8422 val_loss=0.5619 val_f1_macro=0.8068 val_f1_weighted=0.8395 val_prec_macro=0.8072 val_rec_macro=0.8101 val_metric_name=acc val_metric=0.8422
Step 2900 | loss 0.2360 | val_acc=0.8431 val_loss=0.5642 val_f1_macro=0.8079 val_f1_weighted=0.8406 val_prec_macro=0.8081 val_rec_macro=0.8112 val_metric_name=acc val_metric=0.8431
Step 2950 | loss 0.2392 | val_acc=0.8432 val_loss=0.5674 val_f1_macro=0.8086 val_f1_weighted=0.8406 val_prec_macro=0.8090 val_rec_macro=0.8116 val_metric_name=acc val_metric=0.8432
Step 3000 | loss 0.2298 | val_acc=0.8445 val_loss=0.5703 val_f1_macro=0.8098 val_f1_weighted=0.8421 val_prec_macro=0.8115 val_rec_macro=0.8113 val_metric_name=acc val_metric=0.8445
Step 3050 | loss 0.2161 | val_acc=0.8464 val_loss=0.5728 val_f1_macro=0.8106 val_f1_weighted=0.8440 val_prec_macro=0.8116 val_rec_macro=0.8129 val_metric_name=acc val_metric=0.8464
Step 3100 | loss 0.2134 | val_acc=0.8464 val_loss=0.5762 val_f1_macro=0.8115 val_f1_weighted=0.8440 val_prec_macro=0.8127 val_rec_macro=0.8135 val_metric_name=acc val_metric=0.8464
Step 3150 | loss 0.2070 | val_acc=0.8470 val_loss=0.5800 val_f1_macro=0.8113 val_f1_weighted=0.8445 val_prec_macro=0.8122 val_rec_macro=0.8139 val_metric_name=acc val_metric=0.8470
Step 3200 | loss 0.2137 | val_acc=0.8482 val_loss=0.5822 val_f1_macro=0.8130 val_f1_weighted=0.8459 val_prec_macro=0.8139 val_rec_macro=0.8152 val_metric_name=acc val_metric=0.8482
Step 3250 | loss 0.1992 | val_acc=0.8485 val_loss=0.5839 val_f1_macro=0.8137 val_f1_weighted=0.8463 val_prec_macro=0.8145 val_rec_macro=0.8157 val_metric_name=acc val_metric=0.8485
Step 3300 | loss 0.1847 | val_acc=0.8496 val_loss=0.5882 val_f1_macro=0.8146 val_f1_weighted=0.8472 val_prec_macro=0.8156 val_rec_macro=0.8167 val_metric_name=acc val_metric=0.8496
Step 3350 | loss 0.1917 | val_acc=0.8494 val_loss=0.5917 val_f1_macro=0.8151 val_f1_weighted=0.8472 val_prec_macro=0.8160 val_rec_macro=0.8170 val_metric_name=acc val_metric=0.8494
Step 3400 | loss 0.1761 | val_acc=0.8491 val_loss=0.5944 val_f1_macro=0.8147 val_f1_weighted=0.8469 val_prec_macro=0.8155 val_rec_macro=0.8167 val_metric_name=acc val_metric=0.8491
Step 3450 | loss 0.1850 | val_acc=0.8491 val_loss=0.5979 val_f1_macro=0.8148 val_f1_weighted=0.8468 val_prec_macro=0.8153 val_rec_macro=0.8172 val_metric_name=acc val_metric=0.8491
Step 3500 | loss 0.1650 | val_acc=0.8498 val_loss=0.6006 val_f1_macro=0.8167 val_f1_weighted=0.8477 val_prec_macro=0.8172 val_rec_macro=0.8188 val_metric_name=acc val_metric=0.8498
Step 3550 | loss 0.1663 | val_acc=0.8501 val_loss=0.6046 val_f1_macro=0.8167 val_f1_weighted=0.8480 val_prec_macro=0.8174 val_rec_macro=0.8185 val_metric_name=acc val_metric=0.8501
Step 3600 | loss 0.1587 | val_acc=0.8498 val_loss=0.6085 val_f1_macro=0.8157 val_f1_weighted=0.8475 val_prec_macro=0.8166 val_rec_macro=0.8171 val_metric_name=acc val_metric=0.8498
Step 3650 | loss 0.1558 | val_acc=0.8508 val_loss=0.6112 val_f1_macro=0.8165 val_f1_weighted=0.8485 val_prec_macro=0.8176 val_rec_macro=0.8179 val_metric_name=acc val_metric=0.8508
Step 3700 | loss 0.1526 | val_acc=0.8508 val_loss=0.6141 val_f1_macro=0.8177 val_f1_weighted=0.8486 val_prec_macro=0.8185 val_rec_macro=0.8192 val_metric_name=acc val_metric=0.8508
Step 3750 | loss 0.1426 | val_acc=0.8523 val_loss=0.6164 val_f1_macro=0.8196 val_f1_weighted=0.8502 val_prec_macro=0.8208 val_rec_macro=0.8206 val_metric_name=acc val_metric=0.8523
Step 3800 | loss 0.1396 | val_acc=0.8523 val_loss=0.6189 val_f1_macro=0.8201 val_f1_weighted=0.8502 val_prec_macro=0.8208 val_rec_macro=0.8215 val_metric_name=acc val_metric=0.8523
Step 3850 | loss 0.1446 | val_acc=0.8514 val_loss=0.6246 val_f1_macro=0.8178 val_f1_weighted=0.8492 val_prec_macro=0.8182 val_rec_macro=0.8198 val_metric_name=acc val_metric=0.8514
Step 3900 | loss 0.1377 | val_acc=0.8507 val_loss=0.6267 val_f1_macro=0.8192 val_f1_weighted=0.8487 val_prec_macro=0.8198 val_rec_macro=0.8208 val_metric_name=acc val_metric=0.8507
Step 3950 | loss 0.1299 | val_acc=0.8501 val_loss=0.6294 val_f1_macro=0.8180 val_f1_weighted=0.8482 val_prec_macro=0.8192 val_rec_macro=0.8192 val_metric_name=acc val_metric=0.8501
Step 4000 | loss 0.1330 | val_acc=0.8507 val_loss=0.6328 val_f1_macro=0.8191 val_f1_weighted=0.8486 val_prec_macro=0.8207 val_rec_macro=0.8199 val_metric_name=acc val_metric=0.8507
Step 4050 | loss 0.1236 | val_acc=0.8501 val_loss=0.6357 val_f1_macro=0.8188 val_f1_weighted=0.8482 val_prec_macro=0.8197 val_rec_macro=0.8200 val_metric_name=acc val_metric=0.8501
Step 4100 | loss 0.1177 | val_acc=0.8498 val_loss=0.6397 val_f1_macro=0.8180 val_f1_weighted=0.8476 val_prec_macro=0.8189 val_rec_macro=0.8196 val_metric_name=acc val_metric=0.8498
Early stopping at step 4148

--- Final (best ckpt @ step 3740) ---
  train_acc=0.9935 train_loss=0.0325 train_f1_macro=0.9907 train_f1_weighted=0.9935 train_prec_macro=0.9903 train_rec_macro=0.9911 train_metric_name=acc train_metric=0.9935
  val_acc=0.8523 val_loss=0.6146 val_f1_macro=0.8197 val_f1_weighted=0.8502 val_prec_macro=0.8207 val_rec_macro=0.8207 val_metric_name=acc val_metric=0.8523
  test_acc=0.8422 test_loss=0.6265 test_f1_macro=0.8109 test_f1_weighted=0.8396 test_prec_macro=0.8071 test_rec_macro=0.8176 test_metric_name=acc test_metric=0.8422
  test_acc=0.8422

============================================================
Training roman-empire GT-sep 3L h=384 lr=3e-05 split=4
============================================================
Training for 5000 steps
Step    1 | loss 3.0660 | val_acc=0.1534 val_loss=2.8541 val_f1_macro=0.0656 val_f1_weighted=0.1138 val_prec_macro=0.0747 val_rec_macro=0.1000 val_metric_name=acc val_metric=0.1534
Step   50 | loss 1.4173 | val_acc=0.5940 val_loss=1.2776 val_f1_macro=0.3882 val_f1_weighted=0.5404 val_prec_macro=0.4564 val_rec_macro=0.3963 val_metric_name=acc val_metric=0.5940
Step  100 | loss 1.0288 | val_acc=0.7003 val_loss=0.9644 val_f1_macro=0.5532 val_f1_weighted=0.6694 val_prec_macro=0.5927 val_rec_macro=0.5615 val_metric_name=acc val_metric=0.7003
Step  150 | loss 0.8531 | val_acc=0.7361 val_loss=0.8215 val_f1_macro=0.6076 val_f1_weighted=0.7149 val_prec_macro=0.6749 val_rec_macro=0.6185 val_metric_name=acc val_metric=0.7361
Step  200 | loss 0.7483 | val_acc=0.7566 val_loss=0.7452 val_f1_macro=0.6508 val_f1_weighted=0.7416 val_prec_macro=0.6864 val_rec_macro=0.6599 val_metric_name=acc val_metric=0.7566
Step  250 | loss 0.6619 | val_acc=0.7741 val_loss=0.6950 val_f1_macro=0.6850 val_f1_weighted=0.7622 val_prec_macro=0.7275 val_rec_macro=0.6897 val_metric_name=acc val_metric=0.7741
Step  300 | loss 0.5922 | val_acc=0.7901 val_loss=0.6524 val_f1_macro=0.7203 val_f1_weighted=0.7818 val_prec_macro=0.7511 val_rec_macro=0.7218 val_metric_name=acc val_metric=0.7901
Step  350 | loss 0.5298 | val_acc=0.8018 val_loss=0.6199 val_f1_macro=0.7445 val_f1_weighted=0.7963 val_prec_macro=0.7612 val_rec_macro=0.7459 val_metric_name=acc val_metric=0.8018
Step  400 | loss 0.4755 | val_acc=0.8141 val_loss=0.5998 val_f1_macro=0.7691 val_f1_weighted=0.8099 val_prec_macro=0.7800 val_rec_macro=0.7710 val_metric_name=acc val_metric=0.8141
Step  450 | loss 0.4313 | val_acc=0.8212 val_loss=0.5826 val_f1_macro=0.7819 val_f1_weighted=0.8172 val_prec_macro=0.7886 val_rec_macro=0.7844 val_metric_name=acc val_metric=0.8212
Step  500 | loss 0.3844 | val_acc=0.8279 val_loss=0.5705 val_f1_macro=0.7935 val_f1_weighted=0.8247 val_prec_macro=0.8008 val_rec_macro=0.7939 val_metric_name=acc val_metric=0.8279
Step  550 | loss 0.3372 | val_acc=0.8344 val_loss=0.5676 val_f1_macro=0.7995 val_f1_weighted=0.8316 val_prec_macro=0.8039 val_rec_macro=0.8013 val_metric_name=acc val_metric=0.8344
Step  600 | loss 0.2974 | val_acc=0.8390 val_loss=0.5658 val_f1_macro=0.8071 val_f1_weighted=0.8367 val_prec_macro=0.8100 val_rec_macro=0.8098 val_metric_name=acc val_metric=0.8390
Step  650 | loss 0.2634 | val_acc=0.8432 val_loss=0.5676 val_f1_macro=0.8133 val_f1_weighted=0.8415 val_prec_macro=0.8162 val_rec_macro=0.8147 val_metric_name=acc val_metric=0.8432
Step  700 | loss 0.2318 | val_acc=0.8441 val_loss=0.5788 val_f1_macro=0.8151 val_f1_weighted=0.8420 val_prec_macro=0.8184 val_rec_macro=0.8154 val_metric_name=acc val_metric=0.8441
Step  750 | loss 0.2147 | val_acc=0.8447 val_loss=0.5902 val_f1_macro=0.8165 val_f1_weighted=0.8430 val_prec_macro=0.8192 val_rec_macro=0.8166 val_metric_name=acc val_metric=0.8447
Step  800 | loss 0.1798 | val_acc=0.8448 val_loss=0.6043 val_f1_macro=0.8181 val_f1_weighted=0.8434 val_prec_macro=0.8185 val_rec_macro=0.8202 val_metric_name=acc val_metric=0.8448
Step  850 | loss 0.1565 | val_acc=0.8470 val_loss=0.6201 val_f1_macro=0.8213 val_f1_weighted=0.8453 val_prec_macro=0.8226 val_rec_macro=0.8223 val_metric_name=acc val_metric=0.8470
Step  900 | loss 0.1372 | val_acc=0.8475 val_loss=0.6329 val_f1_macro=0.8205 val_f1_weighted=0.8458 val_prec_macro=0.8229 val_rec_macro=0.8203 val_metric_name=acc val_metric=0.8475
Step  950 | loss 0.1197 | val_acc=0.8466 val_loss=0.6503 val_f1_macro=0.8196 val_f1_weighted=0.8452 val_prec_macro=0.8211 val_rec_macro=0.8203 val_metric_name=acc val_metric=0.8466
Step 1000 | loss 0.1083 | val_acc=0.8480 val_loss=0.6659 val_f1_macro=0.8201 val_f1_weighted=0.8466 val_prec_macro=0.8227 val_rec_macro=0.8194 val_metric_name=acc val_metric=0.8480
Step 1050 | loss 0.0953 | val_acc=0.8473 val_loss=0.6792 val_f1_macro=0.8176 val_f1_weighted=0.8459 val_prec_macro=0.8190 val_rec_macro=0.8179 val_metric_name=acc val_metric=0.8473
Step 1100 | loss 0.0837 | val_acc=0.8492 val_loss=0.6921 val_f1_macro=0.8198 val_f1_weighted=0.8478 val_prec_macro=0.8213 val_rec_macro=0.8200 val_metric_name=acc val_metric=0.8492
Step 1150 | loss 0.0756 | val_acc=0.8494 val_loss=0.7074 val_f1_macro=0.8199 val_f1_weighted=0.8479 val_prec_macro=0.8209 val_rec_macro=0.8209 val_metric_name=acc val_metric=0.8494
Step 1200 | loss 0.0701 | val_acc=0.8492 val_loss=0.7228 val_f1_macro=0.8209 val_f1_weighted=0.8481 val_prec_macro=0.8219 val_rec_macro=0.8218 val_metric_name=acc val_metric=0.8492
Step 1250 | loss 0.0625 | val_acc=0.8500 val_loss=0.7336 val_f1_macro=0.8220 val_f1_weighted=0.8488 val_prec_macro=0.8233 val_rec_macro=0.8229 val_metric_name=acc val_metric=0.8500
Step 1300 | loss 0.0558 | val_acc=0.8517 val_loss=0.7447 val_f1_macro=0.8235 val_f1_weighted=0.8502 val_prec_macro=0.8250 val_rec_macro=0.8239 val_metric_name=acc val_metric=0.8517
Step 1350 | loss 0.0522 | val_acc=0.8531 val_loss=0.7519 val_f1_macro=0.8253 val_f1_weighted=0.8517 val_prec_macro=0.8262 val_rec_macro=0.8263 val_metric_name=acc val_metric=0.8531
Step 1400 | loss 0.0463 | val_acc=0.8531 val_loss=0.7620 val_f1_macro=0.8244 val_f1_weighted=0.8516 val_prec_macro=0.8261 val_rec_macro=0.8247 val_metric_name=acc val_metric=0.8531
Step 1450 | loss 0.0452 | val_acc=0.8523 val_loss=0.7714 val_f1_macro=0.8226 val_f1_weighted=0.8504 val_prec_macro=0.8235 val_rec_macro=0.8236 val_metric_name=acc val_metric=0.8523
Step 1500 | loss 0.0384 | val_acc=0.8540 val_loss=0.7751 val_f1_macro=0.8251 val_f1_weighted=0.8521 val_prec_macro=0.8270 val_rec_macro=0.8253 val_metric_name=acc val_metric=0.8540
Step 1550 | loss 0.0353 | val_acc=0.8528 val_loss=0.7865 val_f1_macro=0.8248 val_f1_weighted=0.8512 val_prec_macro=0.8256 val_rec_macro=0.8261 val_metric_name=acc val_metric=0.8528
Step 1600 | loss 0.0359 | val_acc=0.8538 val_loss=0.7948 val_f1_macro=0.8250 val_f1_weighted=0.8522 val_prec_macro=0.8265 val_rec_macro=0.8253 val_metric_name=acc val_metric=0.8538
Step 1650 | loss 0.0344 | val_acc=0.8533 val_loss=0.8051 val_f1_macro=0.8259 val_f1_weighted=0.8518 val_prec_macro=0.8275 val_rec_macro=0.8263 val_metric_name=acc val_metric=0.8533
Step 1700 | loss 0.0306 | val_acc=0.8568 val_loss=0.8108 val_f1_macro=0.8293 val_f1_weighted=0.8551 val_prec_macro=0.8328 val_rec_macro=0.8276 val_metric_name=acc val_metric=0.8568
Step 1750 | loss 0.0306 | val_acc=0.8538 val_loss=0.8209 val_f1_macro=0.8271 val_f1_weighted=0.8522 val_prec_macro=0.8291 val_rec_macro=0.8270 val_metric_name=acc val_metric=0.8538
Step 1800 | loss 0.0249 | val_acc=0.8561 val_loss=0.8224 val_f1_macro=0.8298 val_f1_weighted=0.8546 val_prec_macro=0.8321 val_rec_macro=0.8294 val_metric_name=acc val_metric=0.8561
Step 1850 | loss 0.0258 | val_acc=0.8553 val_loss=0.8318 val_f1_macro=0.8276 val_f1_weighted=0.8536 val_prec_macro=0.8286 val_rec_macro=0.8285 val_metric_name=acc val_metric=0.8553
Step 1900 | loss 0.0238 | val_acc=0.8563 val_loss=0.8379 val_f1_macro=0.8306 val_f1_weighted=0.8547 val_prec_macro=0.8314 val_rec_macro=0.8318 val_metric_name=acc val_metric=0.8563
Step 1950 | loss 0.0218 | val_acc=0.8579 val_loss=0.8414 val_f1_macro=0.8320 val_f1_weighted=0.8562 val_prec_macro=0.8348 val_rec_macro=0.8312 val_metric_name=acc val_metric=0.8579
Step 2000 | loss 0.0193 | val_acc=0.8581 val_loss=0.8494 val_f1_macro=0.8320 val_f1_weighted=0.8561 val_prec_macro=0.8357 val_rec_macro=0.8308 val_metric_name=acc val_metric=0.8581
Step 2050 | loss 0.0209 | val_acc=0.8591 val_loss=0.8489 val_f1_macro=0.8326 val_f1_weighted=0.8573 val_prec_macro=0.8347 val_rec_macro=0.8328 val_metric_name=acc val_metric=0.8591
Step 2100 | loss 0.0196 | val_acc=0.8577 val_loss=0.8577 val_f1_macro=0.8307 val_f1_weighted=0.8559 val_prec_macro=0.8337 val_rec_macro=0.8299 val_metric_name=acc val_metric=0.8577
Step 2150 | loss 0.0168 | val_acc=0.8586 val_loss=0.8613 val_f1_macro=0.8312 val_f1_weighted=0.8566 val_prec_macro=0.8338 val_rec_macro=0.8308 val_metric_name=acc val_metric=0.8586
Step 2200 | loss 0.0163 | val_acc=0.8591 val_loss=0.8648 val_f1_macro=0.8332 val_f1_weighted=0.8574 val_prec_macro=0.8363 val_rec_macro=0.8321 val_metric_name=acc val_metric=0.8591
Step 2250 | loss 0.0167 | val_acc=0.8598 val_loss=0.8695 val_f1_macro=0.8325 val_f1_weighted=0.8581 val_prec_macro=0.8340 val_rec_macro=0.8328 val_metric_name=acc val_metric=0.8598
Step 2300 | loss 0.0146 | val_acc=0.8600 val_loss=0.8773 val_f1_macro=0.8331 val_f1_weighted=0.8582 val_prec_macro=0.8356 val_rec_macro=0.8329 val_metric_name=acc val_metric=0.8600
Step 2350 | loss 0.0151 | val_acc=0.8583 val_loss=0.8900 val_f1_macro=0.8318 val_f1_weighted=0.8564 val_prec_macro=0.8337 val_rec_macro=0.8321 val_metric_name=acc val_metric=0.8583
Step 2400 | loss 0.0125 | val_acc=0.8597 val_loss=0.8899 val_f1_macro=0.8338 val_f1_weighted=0.8582 val_prec_macro=0.8359 val_rec_macro=0.8338 val_metric_name=acc val_metric=0.8597
Step 2450 | loss 0.0153 | val_acc=0.8604 val_loss=0.8933 val_f1_macro=0.8359 val_f1_weighted=0.8588 val_prec_macro=0.8396 val_rec_macro=0.8342 val_metric_name=acc val_metric=0.8604
Step 2500 | loss 0.0127 | val_acc=0.8600 val_loss=0.8923 val_f1_macro=0.8338 val_f1_weighted=0.8582 val_prec_macro=0.8380 val_rec_macro=0.8317 val_metric_name=acc val_metric=0.8600
Step 2550 | loss 0.0141 | val_acc=0.8588 val_loss=0.9013 val_f1_macro=0.8337 val_f1_weighted=0.8571 val_prec_macro=0.8368 val_rec_macro=0.8324 val_metric_name=acc val_metric=0.8588
Early stopping at step 2559

--- Final (best ckpt @ step 2240) ---
  train_acc=0.9999 train_loss=0.0004 train_f1_macro=0.9999 train_f1_weighted=0.9999 train_prec_macro=1.0000 train_rec_macro=0.9998 train_metric_name=acc train_metric=0.9999
  val_acc=0.8609 val_loss=0.8709 val_f1_macro=0.8332 val_f1_weighted=0.8589 val_prec_macro=0.8354 val_rec_macro=0.8331 val_metric_name=acc val_metric=0.8609
  test_acc=0.8530 test_loss=0.8911 test_f1_macro=0.8192 test_f1_weighted=0.8501 test_prec_macro=0.8163 test_rec_macro=0.8256 test_metric_name=acc test_metric=0.8530
  test_acc=0.8530

============================================================
Training roman-empire GT-sep 3L h=384 lr=6e-05 split=4
============================================================
Training for 5000 steps
Step    1 | loss 3.0660 | val_acc=0.1730 val_loss=2.6718 val_f1_macro=0.0677 val_f1_weighted=0.1323 val_prec_macro=0.0703 val_rec_macro=0.0884 val_metric_name=acc val_metric=0.1730
Step   50 | loss 1.0904 | val_acc=0.6854 val_loss=1.0194 val_f1_macro=0.5330 val_f1_weighted=0.6529 val_prec_macro=0.5770 val_rec_macro=0.5413 val_metric_name=acc val_metric=0.6854
Step  100 | loss 0.7794 | val_acc=0.7502 val_loss=0.7740 val_f1_macro=0.6384 val_f1_weighted=0.7337 val_prec_macro=0.6862 val_rec_macro=0.6482 val_metric_name=acc val_metric=0.7502
Step  150 | loss 0.6295 | val_acc=0.7786 val_loss=0.6755 val_f1_macro=0.7001 val_f1_weighted=0.7686 val_prec_macro=0.7370 val_rec_macro=0.7028 val_metric_name=acc val_metric=0.7786
Step  200 | loss 0.5210 | val_acc=0.8041 val_loss=0.6135 val_f1_macro=0.7487 val_f1_weighted=0.7985 val_prec_macro=0.7657 val_rec_macro=0.7486 val_metric_name=acc val_metric=0.8041
Step  250 | loss 0.4210 | val_acc=0.8205 val_loss=0.5833 val_f1_macro=0.7812 val_f1_weighted=0.8170 val_prec_macro=0.7866 val_rec_macro=0.7847 val_metric_name=acc val_metric=0.8205
Step  300 | loss 0.3394 | val_acc=0.8357 val_loss=0.5690 val_f1_macro=0.8031 val_f1_weighted=0.8324 val_prec_macro=0.8078 val_rec_macro=0.8050 val_metric_name=acc val_metric=0.8357
Step  350 | loss 0.2675 | val_acc=0.8434 val_loss=0.5715 val_f1_macro=0.8138 val_f1_weighted=0.8416 val_prec_macro=0.8192 val_rec_macro=0.8134 val_metric_name=acc val_metric=0.8434
Step  400 | loss 0.2068 | val_acc=0.8455 val_loss=0.5937 val_f1_macro=0.8177 val_f1_weighted=0.8437 val_prec_macro=0.8215 val_rec_macro=0.8172 val_metric_name=acc val_metric=0.8455
Step  450 | loss 0.1671 | val_acc=0.8457 val_loss=0.6178 val_f1_macro=0.8183 val_f1_weighted=0.8442 val_prec_macro=0.8190 val_rec_macro=0.8197 val_metric_name=acc val_metric=0.8457
Step  500 | loss 0.1295 | val_acc=0.8464 val_loss=0.6493 val_f1_macro=0.8201 val_f1_weighted=0.8452 val_prec_macro=0.8202 val_rec_macro=0.8223 val_metric_name=acc val_metric=0.8464
Step  550 | loss 0.0999 | val_acc=0.8471 val_loss=0.6789 val_f1_macro=0.8197 val_f1_weighted=0.8457 val_prec_macro=0.8210 val_rec_macro=0.8205 val_metric_name=acc val_metric=0.8471
Step  600 | loss 0.0784 | val_acc=0.8480 val_loss=0.7015 val_f1_macro=0.8194 val_f1_weighted=0.8468 val_prec_macro=0.8198 val_rec_macro=0.8208 val_metric_name=acc val_metric=0.8480
Step  650 | loss 0.0645 | val_acc=0.8459 val_loss=0.7253 val_f1_macro=0.8174 val_f1_weighted=0.8449 val_prec_macro=0.8182 val_rec_macro=0.8185 val_metric_name=acc val_metric=0.8459
Step  700 | loss 0.0553 | val_acc=0.8515 val_loss=0.7509 val_f1_macro=0.8242 val_f1_weighted=0.8498 val_prec_macro=0.8271 val_rec_macro=0.8236 val_metric_name=acc val_metric=0.8515
Step  750 | loss 0.0509 | val_acc=0.8503 val_loss=0.7603 val_f1_macro=0.8220 val_f1_weighted=0.8487 val_prec_macro=0.8235 val_rec_macro=0.8226 val_metric_name=acc val_metric=0.8503
Step  800 | loss 0.0386 | val_acc=0.8494 val_loss=0.7755 val_f1_macro=0.8208 val_f1_weighted=0.8481 val_prec_macro=0.8215 val_rec_macro=0.8217 val_metric_name=acc val_metric=0.8494
Step  850 | loss 0.0366 | val_acc=0.8519 val_loss=0.7955 val_f1_macro=0.8239 val_f1_weighted=0.8505 val_prec_macro=0.8267 val_rec_macro=0.8232 val_metric_name=acc val_metric=0.8519
Step  900 | loss 0.0320 | val_acc=0.8538 val_loss=0.8031 val_f1_macro=0.8260 val_f1_weighted=0.8523 val_prec_macro=0.8275 val_rec_macro=0.8263 val_metric_name=acc val_metric=0.8538
Step  950 | loss 0.0269 | val_acc=0.8523 val_loss=0.8163 val_f1_macro=0.8266 val_f1_weighted=0.8509 val_prec_macro=0.8265 val_rec_macro=0.8287 val_metric_name=acc val_metric=0.8523
Step 1000 | loss 0.0270 | val_acc=0.8542 val_loss=0.8275 val_f1_macro=0.8263 val_f1_weighted=0.8527 val_prec_macro=0.8283 val_rec_macro=0.8260 val_metric_name=acc val_metric=0.8542
Step 1050 | loss 0.0227 | val_acc=0.8561 val_loss=0.8402 val_f1_macro=0.8294 val_f1_weighted=0.8545 val_prec_macro=0.8321 val_rec_macro=0.8284 val_metric_name=acc val_metric=0.8561
Step 1100 | loss 0.0208 | val_acc=0.8554 val_loss=0.8491 val_f1_macro=0.8272 val_f1_weighted=0.8538 val_prec_macro=0.8286 val_rec_macro=0.8280 val_metric_name=acc val_metric=0.8554
Step 1150 | loss 0.0167 | val_acc=0.8588 val_loss=0.8558 val_f1_macro=0.8320 val_f1_weighted=0.8571 val_prec_macro=0.8327 val_rec_macro=0.8332 val_metric_name=acc val_metric=0.8588
Step 1200 | loss 0.0175 | val_acc=0.8584 val_loss=0.8700 val_f1_macro=0.8321 val_f1_weighted=0.8570 val_prec_macro=0.8332 val_rec_macro=0.8327 val_metric_name=acc val_metric=0.8584
Step 1250 | loss 0.0165 | val_acc=0.8575 val_loss=0.8801 val_f1_macro=0.8317 val_f1_weighted=0.8561 val_prec_macro=0.8324 val_rec_macro=0.8331 val_metric_name=acc val_metric=0.8575
Step 1300 | loss 0.0141 | val_acc=0.8586 val_loss=0.8853 val_f1_macro=0.8323 val_f1_weighted=0.8570 val_prec_macro=0.8338 val_rec_macro=0.8328 val_metric_name=acc val_metric=0.8586
Step 1350 | loss 0.0138 | val_acc=0.8600 val_loss=0.8899 val_f1_macro=0.8335 val_f1_weighted=0.8585 val_prec_macro=0.8356 val_rec_macro=0.8330 val_metric_name=acc val_metric=0.8600
Step 1400 | loss 0.0125 | val_acc=0.8597 val_loss=0.8953 val_f1_macro=0.8341 val_f1_weighted=0.8580 val_prec_macro=0.8385 val_rec_macro=0.8317 val_metric_name=acc val_metric=0.8597
Step 1450 | loss 0.0118 | val_acc=0.8600 val_loss=0.9090 val_f1_macro=0.8324 val_f1_weighted=0.8580 val_prec_macro=0.8343 val_rec_macro=0.8319 val_metric_name=acc val_metric=0.8600
Step 1500 | loss 0.0105 | val_acc=0.8598 val_loss=0.9070 val_f1_macro=0.8315 val_f1_weighted=0.8577 val_prec_macro=0.8328 val_rec_macro=0.8322 val_metric_name=acc val_metric=0.8598
Step 1550 | loss 0.0090 | val_acc=0.8618 val_loss=0.9212 val_f1_macro=0.8356 val_f1_weighted=0.8599 val_prec_macro=0.8380 val_rec_macro=0.8351 val_metric_name=acc val_metric=0.8618
Step 1600 | loss 0.0106 | val_acc=0.8591 val_loss=0.9280 val_f1_macro=0.8322 val_f1_weighted=0.8573 val_prec_macro=0.8337 val_rec_macro=0.8324 val_metric_name=acc val_metric=0.8591
Step 1650 | loss 0.0099 | val_acc=0.8597 val_loss=0.9387 val_f1_macro=0.8341 val_f1_weighted=0.8580 val_prec_macro=0.8374 val_rec_macro=0.8330 val_metric_name=acc val_metric=0.8597
Step 1700 | loss 0.0088 | val_acc=0.8611 val_loss=0.9392 val_f1_macro=0.8350 val_f1_weighted=0.8595 val_prec_macro=0.8387 val_rec_macro=0.8329 val_metric_name=acc val_metric=0.8611
Step 1750 | loss 0.0100 | val_acc=0.8597 val_loss=0.9481 val_f1_macro=0.8330 val_f1_weighted=0.8580 val_prec_macro=0.8342 val_rec_macro=0.8337 val_metric_name=acc val_metric=0.8597
Step 1800 | loss 0.0080 | val_acc=0.8627 val_loss=0.9513 val_f1_macro=0.8371 val_f1_weighted=0.8608 val_prec_macro=0.8408 val_rec_macro=0.8355 val_metric_name=acc val_metric=0.8627
Step 1850 | loss 0.0089 | val_acc=0.8598 val_loss=0.9629 val_f1_macro=0.8346 val_f1_weighted=0.8583 val_prec_macro=0.8358 val_rec_macro=0.8353 val_metric_name=acc val_metric=0.8598
Step 1900 | loss 0.0081 | val_acc=0.8595 val_loss=0.9637 val_f1_macro=0.8332 val_f1_weighted=0.8578 val_prec_macro=0.8353 val_rec_macro=0.8326 val_metric_name=acc val_metric=0.8595
Step 1950 | loss 0.0061 | val_acc=0.8623 val_loss=0.9629 val_f1_macro=0.8357 val_f1_weighted=0.8602 val_prec_macro=0.8393 val_rec_macro=0.8341 val_metric_name=acc val_metric=0.8623
Step 2000 | loss 0.0054 | val_acc=0.8621 val_loss=0.9716 val_f1_macro=0.8351 val_f1_weighted=0.8601 val_prec_macro=0.8397 val_rec_macro=0.8326 val_metric_name=acc val_metric=0.8621
Step 2050 | loss 0.0053 | val_acc=0.8632 val_loss=0.9683 val_f1_macro=0.8372 val_f1_weighted=0.8615 val_prec_macro=0.8387 val_rec_macro=0.8373 val_metric_name=acc val_metric=0.8632
Step 2100 | loss 0.0054 | val_acc=0.8616 val_loss=0.9788 val_f1_macro=0.8347 val_f1_weighted=0.8596 val_prec_macro=0.8379 val_rec_macro=0.8335 val_metric_name=acc val_metric=0.8616
Step 2150 | loss 0.0050 | val_acc=0.8635 val_loss=0.9771 val_f1_macro=0.8359 val_f1_weighted=0.8615 val_prec_macro=0.8402 val_rec_macro=0.8339 val_metric_name=acc val_metric=0.8635
Step 2200 | loss 0.0049 | val_acc=0.8611 val_loss=0.9805 val_f1_macro=0.8329 val_f1_weighted=0.8590 val_prec_macro=0.8373 val_rec_macro=0.8307 val_metric_name=acc val_metric=0.8611
Step 2250 | loss 0.0054 | val_acc=0.8632 val_loss=0.9842 val_f1_macro=0.8365 val_f1_weighted=0.8615 val_prec_macro=0.8395 val_rec_macro=0.8354 val_metric_name=acc val_metric=0.8632
Step 2300 | loss 0.0043 | val_acc=0.8628 val_loss=0.9942 val_f1_macro=0.8365 val_f1_weighted=0.8610 val_prec_macro=0.8401 val_rec_macro=0.8352 val_metric_name=acc val_metric=0.8628
Step 2350 | loss 0.0049 | val_acc=0.8613 val_loss=1.0110 val_f1_macro=0.8351 val_f1_weighted=0.8593 val_prec_macro=0.8392 val_rec_macro=0.8337 val_metric_name=acc val_metric=0.8613
Step 2400 | loss 0.0036 | val_acc=0.8653 val_loss=1.0014 val_f1_macro=0.8396 val_f1_weighted=0.8637 val_prec_macro=0.8435 val_rec_macro=0.8374 val_metric_name=acc val_metric=0.8653
Early stopping at step 2420

--- Final (best ckpt @ step 2120) ---
  train_acc=1.0000 train_loss=0.0000 train_f1_macro=1.0000 train_f1_weighted=1.0000 train_prec_macro=1.0000 train_rec_macro=1.0000 train_metric_name=acc train_metric=1.0000
  val_acc=0.8662 val_loss=0.9716 val_f1_macro=0.8397 val_f1_weighted=0.8643 val_prec_macro=0.8446 val_rec_macro=0.8370 val_metric_name=acc val_metric=0.8662
  test_acc=0.8625 test_loss=0.9876 test_f1_macro=0.8298 test_f1_weighted=0.8599 test_prec_macro=0.8264 test_rec_macro=0.8367 test_metric_name=acc test_metric=0.8625
  test_acc=0.8625

============================================================
Training roman-empire GT-sep 3L h=384 lr=0.0001 split=4
============================================================
Training for 5000 steps
Step    1 | loss 3.0660 | val_acc=0.2058 val_loss=2.5174 val_f1_macro=0.0645 val_f1_weighted=0.1451 val_prec_macro=0.0799 val_rec_macro=0.0916 val_metric_name=acc val_metric=0.2058
Step   50 | loss 0.9058 | val_acc=0.7206 val_loss=0.8739 val_f1_macro=0.5824 val_f1_weighted=0.6967 val_prec_macro=0.5987 val_rec_macro=0.5932 val_metric_name=acc val_metric=0.7206
Step  100 | loss 0.6245 | val_acc=0.7799 val_loss=0.6772 val_f1_macro=0.7028 val_f1_weighted=0.7703 val_prec_macro=0.7406 val_rec_macro=0.7057 val_metric_name=acc val_metric=0.7799
Step  150 | loss 0.4619 | val_acc=0.8131 val_loss=0.5961 val_f1_macro=0.7681 val_f1_weighted=0.8091 val_prec_macro=0.7801 val_rec_macro=0.7683 val_metric_name=acc val_metric=0.8131
Step  200 | loss 0.3377 | val_acc=0.8342 val_loss=0.5652 val_f1_macro=0.8022 val_f1_weighted=0.8316 val_prec_macro=0.8088 val_rec_macro=0.8013 val_metric_name=acc val_metric=0.8342
Step  250 | loss 0.2311 | val_acc=0.8432 val_loss=0.5869 val_f1_macro=0.8131 val_f1_weighted=0.8415 val_prec_macro=0.8149 val_rec_macro=0.8143 val_metric_name=acc val_metric=0.8432
Step  300 | loss 0.1550 | val_acc=0.8431 val_loss=0.6326 val_f1_macro=0.8152 val_f1_weighted=0.8411 val_prec_macro=0.8185 val_rec_macro=0.8145 val_metric_name=acc val_metric=0.8431
Step  350 | loss 0.1022 | val_acc=0.8489 val_loss=0.6761 val_f1_macro=0.8217 val_f1_weighted=0.8473 val_prec_macro=0.8243 val_rec_macro=0.8209 val_metric_name=acc val_metric=0.8489
Step  400 | loss 0.0727 | val_acc=0.8477 val_loss=0.7168 val_f1_macro=0.8190 val_f1_weighted=0.8461 val_prec_macro=0.8217 val_rec_macro=0.8182 val_metric_name=acc val_metric=0.8477
Step  450 | loss 0.0570 | val_acc=0.8489 val_loss=0.7477 val_f1_macro=0.8222 val_f1_weighted=0.8476 val_prec_macro=0.8237 val_rec_macro=0.8226 val_metric_name=acc val_metric=0.8489
Step  500 | loss 0.0430 | val_acc=0.8512 val_loss=0.7735 val_f1_macro=0.8242 val_f1_weighted=0.8502 val_prec_macro=0.8283 val_rec_macro=0.8223 val_metric_name=acc val_metric=0.8512
Step  550 | loss 0.0332 | val_acc=0.8538 val_loss=0.8003 val_f1_macro=0.8265 val_f1_weighted=0.8524 val_prec_macro=0.8291 val_rec_macro=0.8256 val_metric_name=acc val_metric=0.8538
Step  600 | loss 0.0270 | val_acc=0.8542 val_loss=0.8198 val_f1_macro=0.8267 val_f1_weighted=0.8528 val_prec_macro=0.8286 val_rec_macro=0.8267 val_metric_name=acc val_metric=0.8542
Step  650 | loss 0.0211 | val_acc=0.8545 val_loss=0.8411 val_f1_macro=0.8269 val_f1_weighted=0.8530 val_prec_macro=0.8298 val_rec_macro=0.8257 val_metric_name=acc val_metric=0.8545
Step  700 | loss 0.0204 | val_acc=0.8575 val_loss=0.8627 val_f1_macro=0.8313 val_f1_weighted=0.8557 val_prec_macro=0.8353 val_rec_macro=0.8295 val_metric_name=acc val_metric=0.8575
Step  750 | loss 0.0190 | val_acc=0.8574 val_loss=0.8628 val_f1_macro=0.8321 val_f1_weighted=0.8559 val_prec_macro=0.8359 val_rec_macro=0.8304 val_metric_name=acc val_metric=0.8574
Step  800 | loss 0.0140 | val_acc=0.8600 val_loss=0.8704 val_f1_macro=0.8324 val_f1_weighted=0.8582 val_prec_macro=0.8350 val_rec_macro=0.8317 val_metric_name=acc val_metric=0.8600
Step  850 | loss 0.0158 | val_acc=0.8602 val_loss=0.8860 val_f1_macro=0.8373 val_f1_weighted=0.8587 val_prec_macro=0.8414 val_rec_macro=0.8349 val_metric_name=acc val_metric=0.8602
Step  900 | loss 0.0130 | val_acc=0.8600 val_loss=0.8943 val_f1_macro=0.8344 val_f1_weighted=0.8585 val_prec_macro=0.8376 val_rec_macro=0.8331 val_metric_name=acc val_metric=0.8600
Step  950 | loss 0.0108 | val_acc=0.8600 val_loss=0.9008 val_f1_macro=0.8360 val_f1_weighted=0.8584 val_prec_macro=0.8395 val_rec_macro=0.8342 val_metric_name=acc val_metric=0.8600
Step 1000 | loss 0.0112 | val_acc=0.8611 val_loss=0.9148 val_f1_macro=0.8349 val_f1_weighted=0.8591 val_prec_macro=0.8383 val_rec_macro=0.8330 val_metric_name=acc val_metric=0.8611
Step 1050 | loss 0.0095 | val_acc=0.8609 val_loss=0.9360 val_f1_macro=0.8361 val_f1_weighted=0.8589 val_prec_macro=0.8409 val_rec_macro=0.8334 val_metric_name=acc val_metric=0.8609
Step 1100 | loss 0.0096 | val_acc=0.8595 val_loss=0.9408 val_f1_macro=0.8323 val_f1_weighted=0.8577 val_prec_macro=0.8361 val_rec_macro=0.8310 val_metric_name=acc val_metric=0.8595
Step 1150 | loss 0.0064 | val_acc=0.8627 val_loss=0.9439 val_f1_macro=0.8371 val_f1_weighted=0.8607 val_prec_macro=0.8411 val_rec_macro=0.8351 val_metric_name=acc val_metric=0.8627
Step 1200 | loss 0.0078 | val_acc=0.8623 val_loss=0.9532 val_f1_macro=0.8369 val_f1_weighted=0.8606 val_prec_macro=0.8412 val_rec_macro=0.8347 val_metric_name=acc val_metric=0.8623
Step 1250 | loss 0.0070 | val_acc=0.8628 val_loss=0.9615 val_f1_macro=0.8377 val_f1_weighted=0.8612 val_prec_macro=0.8400 val_rec_macro=0.8378 val_metric_name=acc val_metric=0.8628
Step 1300 | loss 0.0063 | val_acc=0.8627 val_loss=0.9651 val_f1_macro=0.8359 val_f1_weighted=0.8606 val_prec_macro=0.8399 val_rec_macro=0.8340 val_metric_name=acc val_metric=0.8627
Step 1350 | loss 0.0060 | val_acc=0.8639 val_loss=0.9760 val_f1_macro=0.8368 val_f1_weighted=0.8622 val_prec_macro=0.8409 val_rec_macro=0.8344 val_metric_name=acc val_metric=0.8639
Step 1400 | loss 0.0049 | val_acc=0.8635 val_loss=0.9748 val_f1_macro=0.8366 val_f1_weighted=0.8618 val_prec_macro=0.8423 val_rec_macro=0.8333 val_metric_name=acc val_metric=0.8635
Step 1450 | loss 0.0054 | val_acc=0.8630 val_loss=0.9848 val_f1_macro=0.8366 val_f1_weighted=0.8609 val_prec_macro=0.8403 val_rec_macro=0.8345 val_metric_name=acc val_metric=0.8630
Step 1500 | loss 0.0045 | val_acc=0.8627 val_loss=0.9903 val_f1_macro=0.8352 val_f1_weighted=0.8606 val_prec_macro=0.8366 val_rec_macro=0.8356 val_metric_name=acc val_metric=0.8627
Step 1550 | loss 0.0041 | val_acc=0.8621 val_loss=1.0062 val_f1_macro=0.8346 val_f1_weighted=0.8601 val_prec_macro=0.8383 val_rec_macro=0.8328 val_metric_name=acc val_metric=0.8621
Step 1600 | loss 0.0042 | val_acc=0.8630 val_loss=1.0169 val_f1_macro=0.8391 val_f1_weighted=0.8613 val_prec_macro=0.8437 val_rec_macro=0.8366 val_metric_name=acc val_metric=0.8630
Step 1650 | loss 0.0047 | val_acc=0.8616 val_loss=1.0201 val_f1_macro=0.8363 val_f1_weighted=0.8598 val_prec_macro=0.8402 val_rec_macro=0.8348 val_metric_name=acc val_metric=0.8616
Step 1700 | loss 0.0043 | val_acc=0.8625 val_loss=1.0203 val_f1_macro=0.8371 val_f1_weighted=0.8611 val_prec_macro=0.8414 val_rec_macro=0.8344 val_metric_name=acc val_metric=0.8625
Step 1750 | loss 0.0045 | val_acc=0.8627 val_loss=1.0371 val_f1_macro=0.8358 val_f1_weighted=0.8610 val_prec_macro=0.8371 val_rec_macro=0.8366 val_metric_name=acc val_metric=0.8627
Step 1800 | loss 0.0043 | val_acc=0.8632 val_loss=1.0397 val_f1_macro=0.8365 val_f1_weighted=0.8615 val_prec_macro=0.8392 val_rec_macro=0.8359 val_metric_name=acc val_metric=0.8632
Step 1850 | loss 0.0045 | val_acc=0.8593 val_loss=1.0453 val_f1_macro=0.8333 val_f1_weighted=0.8578 val_prec_macro=0.8360 val_rec_macro=0.8325 val_metric_name=acc val_metric=0.8593
Early stopping at step 1880

--- Final (best ckpt @ step 1580) ---
  train_acc=1.0000 train_loss=0.0000 train_f1_macro=1.0000 train_f1_weighted=1.0000 train_prec_macro=1.0000 train_rec_macro=1.0000 train_metric_name=acc train_metric=1.0000
  val_acc=0.8650 val_loss=1.0081 val_f1_macro=0.8385 val_f1_weighted=0.8629 val_prec_macro=0.8447 val_rec_macro=0.8349 val_metric_name=acc val_metric=0.8650
  test_acc=0.8572 test_loss=1.0303 test_f1_macro=0.8251 test_f1_weighted=0.8545 test_prec_macro=0.8248 test_rec_macro=0.8292 test_metric_name=acc test_metric=0.8572
  test_acc=0.8572

============================================================
Training roman-empire GT-sep 3L h=384 lr=1e-05 split=4
============================================================
Training for 5000 steps
Step    1 | loss 3.0660 | val_acc=0.1350 val_loss=3.0032 val_f1_macro=0.0628 val_f1_weighted=0.1028 val_prec_macro=0.0709 val_rec_macro=0.0975 val_metric_name=acc val_metric=0.1350
Step   50 | loss 2.0508 | val_acc=0.4703 val_loss=1.8556 val_f1_macro=0.2076 val_f1_weighted=0.3803 val_prec_macro=0.3230 val_rec_macro=0.2407 val_metric_name=acc val_metric=0.4703
Step  100 | loss 1.5917 | val_acc=0.5592 val_loss=1.4135 val_f1_macro=0.3200 val_f1_weighted=0.4907 val_prec_macro=0.3799 val_rec_macro=0.3375 val_metric_name=acc val_metric=0.5592
Step  150 | loss 1.3446 | val_acc=0.6258 val_loss=1.1977 val_f1_macro=0.4396 val_f1_weighted=0.5771 val_prec_macro=0.4764 val_rec_macro=0.4448 val_metric_name=acc val_metric=0.6258
Step  200 | loss 1.1785 | val_acc=0.6651 val_loss=1.0668 val_f1_macro=0.4955 val_f1_weighted=0.6246 val_prec_macro=0.5746 val_rec_macro=0.5015 val_metric_name=acc val_metric=0.6651
Step  250 | loss 1.0684 | val_acc=0.6937 val_loss=0.9827 val_f1_macro=0.5455 val_f1_weighted=0.6616 val_prec_macro=0.5890 val_rec_macro=0.5537 val_metric_name=acc val_metric=0.6937
Step  300 | loss 0.9814 | val_acc=0.7098 val_loss=0.9175 val_f1_macro=0.5660 val_f1_weighted=0.6811 val_prec_macro=0.5993 val_rec_macro=0.5754 val_metric_name=acc val_metric=0.7098
Step  350 | loss 0.9125 | val_acc=0.7248 val_loss=0.8634 val_f1_macro=0.5866 val_f1_weighted=0.6996 val_prec_macro=0.6092 val_rec_macro=0.5971 val_metric_name=acc val_metric=0.7248
Step  400 | loss 0.8622 | val_acc=0.7349 val_loss=0.8211 val_f1_macro=0.6061 val_f1_weighted=0.7133 val_prec_macro=0.6727 val_rec_macro=0.6168 val_metric_name=acc val_metric=0.7349
Step  450 | loss 0.8132 | val_acc=0.7446 val_loss=0.7898 val_f1_macro=0.6258 val_f1_weighted=0.7260 val_prec_macro=0.6837 val_rec_macro=0.6354 val_metric_name=acc val_metric=0.7446
Step  500 | loss 0.7776 | val_acc=0.7502 val_loss=0.7634 val_f1_macro=0.6397 val_f1_weighted=0.7336 val_prec_macro=0.6898 val_rec_macro=0.6486 val_metric_name=acc val_metric=0.7502
Step  550 | loss 0.7430 | val_acc=0.7587 val_loss=0.7422 val_f1_macro=0.6538 val_f1_weighted=0.7434 val_prec_macro=0.6874 val_rec_macro=0.6631 val_metric_name=acc val_metric=0.7587
Step  600 | loss 0.7061 | val_acc=0.7665 val_loss=0.7217 val_f1_macro=0.6688 val_f1_weighted=0.7530 val_prec_macro=0.7118 val_rec_macro=0.6763 val_metric_name=acc val_metric=0.7665
Step  650 | loss 0.6767 | val_acc=0.7721 val_loss=0.7033 val_f1_macro=0.6810 val_f1_weighted=0.7600 val_prec_macro=0.7261 val_rec_macro=0.6865 val_metric_name=acc val_metric=0.7721
Step  700 | loss 0.6496 | val_acc=0.7802 val_loss=0.6855 val_f1_macro=0.6972 val_f1_weighted=0.7698 val_prec_macro=0.7451 val_rec_macro=0.6999 val_metric_name=acc val_metric=0.7802
Step  750 | loss 0.6377 | val_acc=0.7836 val_loss=0.6708 val_f1_macro=0.7073 val_f1_weighted=0.7741 val_prec_macro=0.7486 val_rec_macro=0.7094 val_metric_name=acc val_metric=0.7836
Step  800 | loss 0.6022 | val_acc=0.7901 val_loss=0.6560 val_f1_macro=0.7189 val_f1_weighted=0.7814 val_prec_macro=0.7542 val_rec_macro=0.7207 val_metric_name=acc val_metric=0.7901
Step  850 | loss 0.5774 | val_acc=0.7952 val_loss=0.6430 val_f1_macro=0.7288 val_f1_weighted=0.7877 val_prec_macro=0.7512 val_rec_macro=0.7308 val_metric_name=acc val_metric=0.7952
Step  900 | loss 0.5607 | val_acc=0.8000 val_loss=0.6311 val_f1_macro=0.7409 val_f1_weighted=0.7938 val_prec_macro=0.7618 val_rec_macro=0.7413 val_metric_name=acc val_metric=0.8000
Step  950 | loss 0.5411 | val_acc=0.8030 val_loss=0.6210 val_f1_macro=0.7461 val_f1_weighted=0.7974 val_prec_macro=0.7653 val_rec_macro=0.7456 val_metric_name=acc val_metric=0.8030
Step 1000 | loss 0.5136 | val_acc=0.8081 val_loss=0.6118 val_f1_macro=0.7571 val_f1_weighted=0.8032 val_prec_macro=0.7727 val_rec_macro=0.7569 val_metric_name=acc val_metric=0.8081
Step 1050 | loss 0.4989 | val_acc=0.8120 val_loss=0.6037 val_f1_macro=0.7647 val_f1_weighted=0.8073 val_prec_macro=0.7774 val_rec_macro=0.7654 val_metric_name=acc val_metric=0.8120
Step 1100 | loss 0.4707 | val_acc=0.8154 val_loss=0.5963 val_f1_macro=0.7711 val_f1_weighted=0.8109 val_prec_macro=0.7830 val_rec_macro=0.7717 val_metric_name=acc val_metric=0.8154
Step 1150 | loss 0.4601 | val_acc=0.8178 val_loss=0.5899 val_f1_macro=0.7773 val_f1_weighted=0.8139 val_prec_macro=0.7857 val_rec_macro=0.7795 val_metric_name=acc val_metric=0.8178
Step 1200 | loss 0.4407 | val_acc=0.8215 val_loss=0.5847 val_f1_macro=0.7820 val_f1_weighted=0.8176 val_prec_macro=0.7901 val_rec_macro=0.7842 val_metric_name=acc val_metric=0.8215
Step 1250 | loss 0.4247 | val_acc=0.8233 val_loss=0.5790 val_f1_macro=0.7848 val_f1_weighted=0.8195 val_prec_macro=0.7912 val_rec_macro=0.7880 val_metric_name=acc val_metric=0.8233
Step 1300 | loss 0.4054 | val_acc=0.8244 val_loss=0.5760 val_f1_macro=0.7861 val_f1_weighted=0.8205 val_prec_macro=0.7930 val_rec_macro=0.7887 val_metric_name=acc val_metric=0.8244
Step 1350 | loss 0.3905 | val_acc=0.8282 val_loss=0.5705 val_f1_macro=0.7916 val_f1_weighted=0.8249 val_prec_macro=0.7982 val_rec_macro=0.7933 val_metric_name=acc val_metric=0.8282
Step 1400 | loss 0.3711 | val_acc=0.8305 val_loss=0.5669 val_f1_macro=0.7941 val_f1_weighted=0.8275 val_prec_macro=0.8004 val_rec_macro=0.7951 val_metric_name=acc val_metric=0.8305
Step 1450 | loss 0.3622 | val_acc=0.8346 val_loss=0.5659 val_f1_macro=0.7992 val_f1_weighted=0.8317 val_prec_macro=0.8055 val_rec_macro=0.8002 val_metric_name=acc val_metric=0.8346
Step 1500 | loss 0.3441 | val_acc=0.8360 val_loss=0.5628 val_f1_macro=0.8004 val_f1_weighted=0.8331 val_prec_macro=0.8062 val_rec_macro=0.8018 val_metric_name=acc val_metric=0.8360
Step 1550 | loss 0.3316 | val_acc=0.8385 val_loss=0.5615 val_f1_macro=0.8044 val_f1_weighted=0.8359 val_prec_macro=0.8101 val_rec_macro=0.8047 val_metric_name=acc val_metric=0.8385
Step 1600 | loss 0.3187 | val_acc=0.8392 val_loss=0.5622 val_f1_macro=0.8068 val_f1_weighted=0.8367 val_prec_macro=0.8119 val_rec_macro=0.8069 val_metric_name=acc val_metric=0.8392
Step 1650 | loss 0.3086 | val_acc=0.8402 val_loss=0.5627 val_f1_macro=0.8079 val_f1_weighted=0.8378 val_prec_macro=0.8133 val_rec_macro=0.8077 val_metric_name=acc val_metric=0.8402
Step 1700 | loss 0.2834 | val_acc=0.8413 val_loss=0.5643 val_f1_macro=0.8096 val_f1_weighted=0.8392 val_prec_macro=0.8145 val_rec_macro=0.8092 val_metric_name=acc val_metric=0.8413
Step 1750 | loss 0.2770 | val_acc=0.8431 val_loss=0.5670 val_f1_macro=0.8114 val_f1_weighted=0.8408 val_prec_macro=0.8159 val_rec_macro=0.8115 val_metric_name=acc val_metric=0.8431
Step 1800 | loss 0.2607 | val_acc=0.8440 val_loss=0.5683 val_f1_macro=0.8122 val_f1_weighted=0.8420 val_prec_macro=0.8166 val_rec_macro=0.8123 val_metric_name=acc val_metric=0.8440
Step 1850 | loss 0.2485 | val_acc=0.8455 val_loss=0.5703 val_f1_macro=0.8144 val_f1_weighted=0.8436 val_prec_macro=0.8172 val_rec_macro=0.8155 val_metric_name=acc val_metric=0.8455
Step 1900 | loss 0.2376 | val_acc=0.8464 val_loss=0.5744 val_f1_macro=0.8164 val_f1_weighted=0.8446 val_prec_macro=0.8198 val_rec_macro=0.8167 val_metric_name=acc val_metric=0.8464
Step 1950 | loss 0.2281 | val_acc=0.8459 val_loss=0.5787 val_f1_macro=0.8162 val_f1_weighted=0.8441 val_prec_macro=0.8196 val_rec_macro=0.8164 val_metric_name=acc val_metric=0.8459
Step 2000 | loss 0.2132 | val_acc=0.8450 val_loss=0.5830 val_f1_macro=0.8159 val_f1_weighted=0.8433 val_prec_macro=0.8185 val_rec_macro=0.8166 val_metric_name=acc val_metric=0.8450
Step 2050 | loss 0.2147 | val_acc=0.8462 val_loss=0.5846 val_f1_macro=0.8170 val_f1_weighted=0.8444 val_prec_macro=0.8208 val_rec_macro=0.8162 val_metric_name=acc val_metric=0.8462
Step 2100 | loss 0.1955 | val_acc=0.8452 val_loss=0.5925 val_f1_macro=0.8155 val_f1_weighted=0.8433 val_prec_macro=0.8163 val_rec_macro=0.8176 val_metric_name=acc val_metric=0.8452
Step 2150 | loss 0.1885 | val_acc=0.8477 val_loss=0.5964 val_f1_macro=0.8197 val_f1_weighted=0.8459 val_prec_macro=0.8208 val_rec_macro=0.8213 val_metric_name=acc val_metric=0.8477
Step 2200 | loss 0.1769 | val_acc=0.8461 val_loss=0.6023 val_f1_macro=0.8173 val_f1_weighted=0.8442 val_prec_macro=0.8186 val_rec_macro=0.8185 val_metric_name=acc val_metric=0.8461
Step 2250 | loss 0.1660 | val_acc=0.8471 val_loss=0.6066 val_f1_macro=0.8190 val_f1_weighted=0.8454 val_prec_macro=0.8202 val_rec_macro=0.8201 val_metric_name=acc val_metric=0.8471
Step 2300 | loss 0.1642 | val_acc=0.8462 val_loss=0.6133 val_f1_macro=0.8180 val_f1_weighted=0.8445 val_prec_macro=0.8186 val_rec_macro=0.8195 val_metric_name=acc val_metric=0.8462
Step 2350 | loss 0.1567 | val_acc=0.8466 val_loss=0.6209 val_f1_macro=0.8176 val_f1_weighted=0.8449 val_prec_macro=0.8173 val_rec_macro=0.8200 val_metric_name=acc val_metric=0.8466
Step 2400 | loss 0.1420 | val_acc=0.8475 val_loss=0.6238 val_f1_macro=0.8197 val_f1_weighted=0.8459 val_prec_macro=0.8201 val_rec_macro=0.8211 val_metric_name=acc val_metric=0.8475
Step 2450 | loss 0.1454 | val_acc=0.8489 val_loss=0.6293 val_f1_macro=0.8217 val_f1_weighted=0.8473 val_prec_macro=0.8222 val_rec_macro=0.8230 val_metric_name=acc val_metric=0.8489
Step 2500 | loss 0.1318 | val_acc=0.8482 val_loss=0.6361 val_f1_macro=0.8204 val_f1_weighted=0.8466 val_prec_macro=0.8216 val_rec_macro=0.8212 val_metric_name=acc val_metric=0.8482
Step 2550 | loss 0.1299 | val_acc=0.8487 val_loss=0.6395 val_f1_macro=0.8210 val_f1_weighted=0.8471 val_prec_macro=0.8227 val_rec_macro=0.8212 val_metric_name=acc val_metric=0.8487
Step 2600 | loss 0.1214 | val_acc=0.8484 val_loss=0.6445 val_f1_macro=0.8208 val_f1_weighted=0.8468 val_prec_macro=0.8216 val_rec_macro=0.8218 val_metric_name=acc val_metric=0.8484
Step 2650 | loss 0.1133 | val_acc=0.8480 val_loss=0.6532 val_f1_macro=0.8201 val_f1_weighted=0.8465 val_prec_macro=0.8209 val_rec_macro=0.8211 val_metric_name=acc val_metric=0.8480
Step 2700 | loss 0.1118 | val_acc=0.8500 val_loss=0.6595 val_f1_macro=0.8215 val_f1_weighted=0.8485 val_prec_macro=0.8224 val_rec_macro=0.8225 val_metric_name=acc val_metric=0.8500
Step 2750 | loss 0.1077 | val_acc=0.8496 val_loss=0.6655 val_f1_macro=0.8217 val_f1_weighted=0.8480 val_prec_macro=0.8229 val_rec_macro=0.8223 val_metric_name=acc val_metric=0.8496
Step 2800 | loss 0.1071 | val_acc=0.8501 val_loss=0.6692 val_f1_macro=0.8217 val_f1_weighted=0.8485 val_prec_macro=0.8227 val_rec_macro=0.8229 val_metric_name=acc val_metric=0.8501
Step 2850 | loss 0.0986 | val_acc=0.8501 val_loss=0.6740 val_f1_macro=0.8214 val_f1_weighted=0.8486 val_prec_macro=0.8208 val_rec_macro=0.8240 val_metric_name=acc val_metric=0.8501
Step 2900 | loss 0.0932 | val_acc=0.8492 val_loss=0.6788 val_f1_macro=0.8206 val_f1_weighted=0.8478 val_prec_macro=0.8203 val_rec_macro=0.8227 val_metric_name=acc val_metric=0.8492
Step 2950 | loss 0.0835 | val_acc=0.8494 val_loss=0.6846 val_f1_macro=0.8200 val_f1_weighted=0.8479 val_prec_macro=0.8199 val_rec_macro=0.8219 val_metric_name=acc val_metric=0.8494
Step 3000 | loss 0.0817 | val_acc=0.8501 val_loss=0.6903 val_f1_macro=0.8217 val_f1_weighted=0.8488 val_prec_macro=0.8225 val_rec_macro=0.8224 val_metric_name=acc val_metric=0.8501
Step 3050 | loss 0.0815 | val_acc=0.8489 val_loss=0.6960 val_f1_macro=0.8203 val_f1_weighted=0.8475 val_prec_macro=0.8212 val_rec_macro=0.8212 val_metric_name=acc val_metric=0.8489
Step 3100 | loss 0.0813 | val_acc=0.8492 val_loss=0.7010 val_f1_macro=0.8198 val_f1_weighted=0.8479 val_prec_macro=0.8209 val_rec_macro=0.8203 val_metric_name=acc val_metric=0.8492
Step 3150 | loss 0.0754 | val_acc=0.8505 val_loss=0.7062 val_f1_macro=0.8220 val_f1_weighted=0.8491 val_prec_macro=0.8223 val_rec_macro=0.8233 val_metric_name=acc val_metric=0.8505
Step 3200 | loss 0.0756 | val_acc=0.8494 val_loss=0.7115 val_f1_macro=0.8203 val_f1_weighted=0.8480 val_prec_macro=0.8204 val_rec_macro=0.8219 val_metric_name=acc val_metric=0.8494
Step 3250 | loss 0.0706 | val_acc=0.8505 val_loss=0.7145 val_f1_macro=0.8225 val_f1_weighted=0.8490 val_prec_macro=0.8233 val_rec_macro=0.8234 val_metric_name=acc val_metric=0.8505
Step 3300 | loss 0.0709 | val_acc=0.8498 val_loss=0.7190 val_f1_macro=0.8218 val_f1_weighted=0.8483 val_prec_macro=0.8222 val_rec_macro=0.8232 val_metric_name=acc val_metric=0.8498
Step 3350 | loss 0.0663 | val_acc=0.8494 val_loss=0.7216 val_f1_macro=0.8202 val_f1_weighted=0.8478 val_prec_macro=0.8197 val_rec_macro=0.8225 val_metric_name=acc val_metric=0.8494
Step 3400 | loss 0.0614 | val_acc=0.8496 val_loss=0.7281 val_f1_macro=0.8209 val_f1_weighted=0.8480 val_prec_macro=0.8216 val_rec_macro=0.8220 val_metric_name=acc val_metric=0.8496
Early stopping at step 3436

--- Final (best ckpt @ step 3120) ---
  train_acc=0.9993 train_loss=0.0066 train_f1_macro=0.9990 train_f1_weighted=0.9993 train_prec_macro=0.9993 train_rec_macro=0.9988 train_metric_name=acc train_metric=0.9993
  val_acc=0.8512 val_loss=0.7007 val_f1_macro=0.8226 val_f1_weighted=0.8498 val_prec_macro=0.8225 val_rec_macro=0.8244 val_metric_name=acc val_metric=0.8512
  test_acc=0.8459 test_loss=0.7216 test_f1_macro=0.8089 test_f1_weighted=0.8430 test_prec_macro=0.8052 test_rec_macro=0.8163 test_metric_name=acc test_metric=0.8459
  test_acc=0.8459

============================================================
Training roman-empire GT-sep 3L h=512 lr=3e-05 split=4
============================================================
Training for 5000 steps
Step    1 | loss 3.0566 | val_acc=0.1066 val_loss=2.7720 val_f1_macro=0.0374 val_f1_weighted=0.0739 val_prec_macro=0.0576 val_rec_macro=0.0528 val_metric_name=acc val_metric=0.1066
Step   50 | loss 1.2029 | val_acc=0.6556 val_loss=1.1074 val_f1_macro=0.4968 val_f1_weighted=0.6200 val_prec_macro=0.5393 val_rec_macro=0.5048 val_metric_name=acc val_metric=0.6556
Step  100 | loss 0.8703 | val_acc=0.7299 val_loss=0.8482 val_f1_macro=0.6012 val_f1_weighted=0.7095 val_prec_macro=0.6500 val_rec_macro=0.6109 val_metric_name=acc val_metric=0.7299
Step  150 | loss 0.7124 | val_acc=0.7601 val_loss=0.7355 val_f1_macro=0.6635 val_f1_weighted=0.7462 val_prec_macro=0.6975 val_rec_macro=0.6714 val_metric_name=acc val_metric=0.7601
Step  200 | loss 0.6089 | val_acc=0.7825 val_loss=0.6711 val_f1_macro=0.7093 val_f1_weighted=0.7741 val_prec_macro=0.7300 val_rec_macro=0.7140 val_metric_name=acc val_metric=0.7825
Step  250 | loss 0.5282 | val_acc=0.8030 val_loss=0.6254 val_f1_macro=0.7441 val_f1_weighted=0.7964 val_prec_macro=0.7578 val_rec_macro=0.7483 val_metric_name=acc val_metric=0.8030
Step  300 | loss 0.4453 | val_acc=0.8203 val_loss=0.5943 val_f1_macro=0.7761 val_f1_weighted=0.8162 val_prec_macro=0.7818 val_rec_macro=0.7813 val_metric_name=acc val_metric=0.8203
Step  350 | loss 0.3876 | val_acc=0.8282 val_loss=0.5754 val_f1_macro=0.7895 val_f1_weighted=0.8244 val_prec_macro=0.7947 val_rec_macro=0.7938 val_metric_name=acc val_metric=0.8282
Step  400 | loss 0.3285 | val_acc=0.8364 val_loss=0.5666 val_f1_macro=0.8016 val_f1_weighted=0.8336 val_prec_macro=0.8038 val_rec_macro=0.8064 val_metric_name=acc val_metric=0.8364
Step  450 | loss 0.2754 | val_acc=0.8418 val_loss=0.5686 val_f1_macro=0.8088 val_f1_weighted=0.8394 val_prec_macro=0.8116 val_rec_macro=0.8115 val_metric_name=acc val_metric=0.8418
Step  500 | loss 0.2334 | val_acc=0.8424 val_loss=0.5835 val_f1_macro=0.8102 val_f1_weighted=0.8402 val_prec_macro=0.8116 val_rec_macro=0.8142 val_metric_name=acc val_metric=0.8424
Step  550 | loss 0.1948 | val_acc=0.8489 val_loss=0.5978 val_f1_macro=0.8196 val_f1_weighted=0.8467 val_prec_macro=0.8210 val_rec_macro=0.8219 val_metric_name=acc val_metric=0.8489
Step  600 | loss 0.1617 | val_acc=0.8482 val_loss=0.6161 val_f1_macro=0.8162 val_f1_weighted=0.8459 val_prec_macro=0.8178 val_rec_macro=0.8185 val_metric_name=acc val_metric=0.8482
Step  650 | loss 0.1298 | val_acc=0.8492 val_loss=0.6387 val_f1_macro=0.8188 val_f1_weighted=0.8474 val_prec_macro=0.8186 val_rec_macro=0.8220 val_metric_name=acc val_metric=0.8492
Step  700 | loss 0.1113 | val_acc=0.8480 val_loss=0.6584 val_f1_macro=0.8176 val_f1_weighted=0.8463 val_prec_macro=0.8172 val_rec_macro=0.8211 val_metric_name=acc val_metric=0.8480
Step  750 | loss 0.0928 | val_acc=0.8487 val_loss=0.6820 val_f1_macro=0.8181 val_f1_weighted=0.8467 val_prec_macro=0.8185 val_rec_macro=0.8210 val_metric_name=acc val_metric=0.8487
Step  800 | loss 0.0806 | val_acc=0.8489 val_loss=0.7004 val_f1_macro=0.8195 val_f1_weighted=0.8473 val_prec_macro=0.8209 val_rec_macro=0.8212 val_metric_name=acc val_metric=0.8489
Step  850 | loss 0.0642 | val_acc=0.8485 val_loss=0.7254 val_f1_macro=0.8178 val_f1_weighted=0.8468 val_prec_macro=0.8201 val_rec_macro=0.8190 val_metric_name=acc val_metric=0.8485
Early stopping at step 880

--- Final (best ckpt @ step 580) ---
  train_acc=0.9878 train_loss=0.0496 train_f1_macro=0.9839 train_f1_weighted=0.9878 train_prec_macro=0.9824 train_rec_macro=0.9856 train_metric_name=acc train_metric=0.9878
  val_acc=0.8519 val_loss=0.6042 val_f1_macro=0.8215 val_f1_weighted=0.8499 val_prec_macro=0.8233 val_rec_macro=0.8238 val_metric_name=acc val_metric=0.8519
  test_acc=0.8360 test_loss=0.6441 test_f1_macro=0.7979 test_f1_weighted=0.8334 test_prec_macro=0.7918 test_rec_macro=0.8078 test_metric_name=acc test_metric=0.8360
  test_acc=0.8360

============================================================
Training roman-empire GT-sep 3L h=512 lr=6e-05 split=4
============================================================
Training for 5000 steps
Step    1 | loss 3.0566 | val_acc=0.2009 val_loss=2.5937 val_f1_macro=0.0672 val_f1_weighted=0.1480 val_prec_macro=0.0727 val_rec_macro=0.0897 val_metric_name=acc val_metric=0.2009
Step   50 | loss 0.9309 | val_acc=0.7158 val_loss=0.9007 val_f1_macro=0.5784 val_f1_weighted=0.6920 val_prec_macro=0.6445 val_rec_macro=0.5906 val_metric_name=acc val_metric=0.7158
Step  100 | loss 0.6488 | val_acc=0.7728 val_loss=0.7010 val_f1_macro=0.6878 val_f1_weighted=0.7624 val_prec_macro=0.7068 val_rec_macro=0.6967 val_metric_name=acc val_metric=0.7728
Step  150 | loss 0.4928 | val_acc=0.8101 val_loss=0.6119 val_f1_macro=0.7563 val_f1_weighted=0.8048 val_prec_macro=0.7666 val_rec_macro=0.7608 val_metric_name=acc val_metric=0.8101
Step  200 | loss 0.3721 | val_acc=0.8293 val_loss=0.5748 val_f1_macro=0.7915 val_f1_weighted=0.8257 val_prec_macro=0.7958 val_rec_macro=0.7966 val_metric_name=acc val_metric=0.8293
Step  250 | loss 0.2719 | val_acc=0.8390 val_loss=0.5809 val_f1_macro=0.8069 val_f1_weighted=0.8365 val_prec_macro=0.8096 val_rec_macro=0.8109 val_metric_name=acc val_metric=0.8390
Step  300 | loss 0.1923 | val_acc=0.8452 val_loss=0.5999 val_f1_macro=0.8120 val_f1_weighted=0.8431 val_prec_macro=0.8137 val_rec_macro=0.8144 val_metric_name=acc val_metric=0.8452
Step  350 | loss 0.1370 | val_acc=0.8455 val_loss=0.6434 val_f1_macro=0.8132 val_f1_weighted=0.8436 val_prec_macro=0.8141 val_rec_macro=0.8159 val_metric_name=acc val_metric=0.8455
Step  400 | loss 0.1009 | val_acc=0.8462 val_loss=0.6815 val_f1_macro=0.8149 val_f1_weighted=0.8445 val_prec_macro=0.8163 val_rec_macro=0.8170 val_metric_name=acc val_metric=0.8462
Step  450 | loss 0.0711 | val_acc=0.8473 val_loss=0.7113 val_f1_macro=0.8152 val_f1_weighted=0.8458 val_prec_macro=0.8163 val_rec_macro=0.8166 val_metric_name=acc val_metric=0.8473
Step  500 | loss 0.0565 | val_acc=0.8448 val_loss=0.7540 val_f1_macro=0.8104 val_f1_weighted=0.8428 val_prec_macro=0.8133 val_rec_macro=0.8109 val_metric_name=acc val_metric=0.8448
Step  550 | loss 0.0447 | val_acc=0.8475 val_loss=0.7825 val_f1_macro=0.8152 val_f1_weighted=0.8453 val_prec_macro=0.8181 val_rec_macro=0.8153 val_metric_name=acc val_metric=0.8475
Step  600 | loss 0.0352 | val_acc=0.8482 val_loss=0.8036 val_f1_macro=0.8165 val_f1_weighted=0.8462 val_prec_macro=0.8171 val_rec_macro=0.8185 val_metric_name=acc val_metric=0.8482
Step  650 | loss 0.0305 | val_acc=0.8491 val_loss=0.8242 val_f1_macro=0.8196 val_f1_weighted=0.8474 val_prec_macro=0.8212 val_rec_macro=0.8207 val_metric_name=acc val_metric=0.8491
Step  700 | loss 0.0247 | val_acc=0.8496 val_loss=0.8371 val_f1_macro=0.8198 val_f1_weighted=0.8478 val_prec_macro=0.8221 val_rec_macro=0.8202 val_metric_name=acc val_metric=0.8496
Step  750 | loss 0.0204 | val_acc=0.8480 val_loss=0.8646 val_f1_macro=0.8181 val_f1_weighted=0.8463 val_prec_macro=0.8194 val_rec_macro=0.8195 val_metric_name=acc val_metric=0.8480
Step  800 | loss 0.0209 | val_acc=0.8492 val_loss=0.8818 val_f1_macro=0.8206 val_f1_weighted=0.8474 val_prec_macro=0.8232 val_rec_macro=0.8213 val_metric_name=acc val_metric=0.8492
Step  850 | loss 0.0145 | val_acc=0.8507 val_loss=0.9009 val_f1_macro=0.8218 val_f1_weighted=0.8489 val_prec_macro=0.8249 val_rec_macro=0.8224 val_metric_name=acc val_metric=0.8507
Step  900 | loss 0.0208 | val_acc=0.8515 val_loss=0.9086 val_f1_macro=0.8235 val_f1_weighted=0.8497 val_prec_macro=0.8254 val_rec_macro=0.8242 val_metric_name=acc val_metric=0.8515
Step  950 | loss 0.0145 | val_acc=0.8521 val_loss=0.9236 val_f1_macro=0.8226 val_f1_weighted=0.8502 val_prec_macro=0.8265 val_rec_macro=0.8223 val_metric_name=acc val_metric=0.8521
Step 1000 | loss 0.0108 | val_acc=0.8514 val_loss=0.9198 val_f1_macro=0.8229 val_f1_weighted=0.8498 val_prec_macro=0.8262 val_rec_macro=0.8219 val_metric_name=acc val_metric=0.8514
Step 1050 | loss 0.0100 | val_acc=0.8528 val_loss=0.9393 val_f1_macro=0.8259 val_f1_weighted=0.8510 val_prec_macro=0.8283 val_rec_macro=0.8261 val_metric_name=acc val_metric=0.8528
Step 1100 | loss 0.0119 | val_acc=0.8530 val_loss=0.9484 val_f1_macro=0.8245 val_f1_weighted=0.8514 val_prec_macro=0.8257 val_rec_macro=0.8257 val_metric_name=acc val_metric=0.8530
Step 1150 | loss 0.0084 | val_acc=0.8530 val_loss=0.9539 val_f1_macro=0.8232 val_f1_weighted=0.8511 val_prec_macro=0.8246 val_rec_macro=0.8247 val_metric_name=acc val_metric=0.8530
Step 1200 | loss 0.0096 | val_acc=0.8544 val_loss=0.9588 val_f1_macro=0.8285 val_f1_weighted=0.8527 val_prec_macro=0.8315 val_rec_macro=0.8279 val_metric_name=acc val_metric=0.8544
Step 1250 | loss 0.0076 | val_acc=0.8540 val_loss=0.9687 val_f1_macro=0.8258 val_f1_weighted=0.8524 val_prec_macro=0.8280 val_rec_macro=0.8263 val_metric_name=acc val_metric=0.8540
Step 1300 | loss 0.0065 | val_acc=0.8547 val_loss=0.9769 val_f1_macro=0.8259 val_f1_weighted=0.8527 val_prec_macro=0.8305 val_rec_macro=0.8246 val_metric_name=acc val_metric=0.8547
Step 1350 | loss 0.0071 | val_acc=0.8542 val_loss=0.9846 val_f1_macro=0.8266 val_f1_weighted=0.8525 val_prec_macro=0.8291 val_rec_macro=0.8266 val_metric_name=acc val_metric=0.8542
Step 1400 | loss 0.0074 | val_acc=0.8545 val_loss=0.9884 val_f1_macro=0.8257 val_f1_weighted=0.8524 val_prec_macro=0.8284 val_rec_macro=0.8259 val_metric_name=acc val_metric=0.8545
Step 1450 | loss 0.0056 | val_acc=0.8565 val_loss=0.9927 val_f1_macro=0.8280 val_f1_weighted=0.8547 val_prec_macro=0.8306 val_rec_macro=0.8289 val_metric_name=acc val_metric=0.8565
Step 1500 | loss 0.0043 | val_acc=0.8561 val_loss=1.0101 val_f1_macro=0.8273 val_f1_weighted=0.8539 val_prec_macro=0.8301 val_rec_macro=0.8280 val_metric_name=acc val_metric=0.8561
Step 1550 | loss 0.0053 | val_acc=0.8558 val_loss=1.0072 val_f1_macro=0.8282 val_f1_weighted=0.8541 val_prec_macro=0.8307 val_rec_macro=0.8294 val_metric_name=acc val_metric=0.8558
Step 1600 | loss 0.0052 | val_acc=0.8565 val_loss=1.0181 val_f1_macro=0.8293 val_f1_weighted=0.8544 val_prec_macro=0.8340 val_rec_macro=0.8280 val_metric_name=acc val_metric=0.8565
Step 1650 | loss 0.0039 | val_acc=0.8547 val_loss=1.0154 val_f1_macro=0.8271 val_f1_weighted=0.8529 val_prec_macro=0.8284 val_rec_macro=0.8282 val_metric_name=acc val_metric=0.8547
Step 1700 | loss 0.0051 | val_acc=0.8581 val_loss=1.0269 val_f1_macro=0.8300 val_f1_weighted=0.8558 val_prec_macro=0.8346 val_rec_macro=0.8283 val_metric_name=acc val_metric=0.8581
Step 1750 | loss 0.0047 | val_acc=0.8558 val_loss=1.0377 val_f1_macro=0.8292 val_f1_weighted=0.8539 val_prec_macro=0.8333 val_rec_macro=0.8284 val_metric_name=acc val_metric=0.8558
Step 1800 | loss 0.0030 | val_acc=0.8574 val_loss=1.0429 val_f1_macro=0.8302 val_f1_weighted=0.8557 val_prec_macro=0.8340 val_rec_macro=0.8290 val_metric_name=acc val_metric=0.8574
Step 1850 | loss 0.0029 | val_acc=0.8575 val_loss=1.0521 val_f1_macro=0.8310 val_f1_weighted=0.8556 val_prec_macro=0.8347 val_rec_macro=0.8300 val_metric_name=acc val_metric=0.8575
Step 1900 | loss 0.0032 | val_acc=0.8588 val_loss=1.0473 val_f1_macro=0.8285 val_f1_weighted=0.8568 val_prec_macro=0.8311 val_rec_macro=0.8285 val_metric_name=acc val_metric=0.8588
Step 1950 | loss 0.0033 | val_acc=0.8584 val_loss=1.0560 val_f1_macro=0.8319 val_f1_weighted=0.8560 val_prec_macro=0.8352 val_rec_macro=0.8311 val_metric_name=acc val_metric=0.8584
Step 2000 | loss 0.0036 | val_acc=0.8597 val_loss=1.0537 val_f1_macro=0.8315 val_f1_weighted=0.8579 val_prec_macro=0.8347 val_rec_macro=0.8314 val_metric_name=acc val_metric=0.8597
Step 2050 | loss 0.0032 | val_acc=0.8577 val_loss=1.0565 val_f1_macro=0.8275 val_f1_weighted=0.8555 val_prec_macro=0.8316 val_rec_macro=0.8268 val_metric_name=acc val_metric=0.8577
Step 2100 | loss 0.0029 | val_acc=0.8597 val_loss=1.0615 val_f1_macro=0.8312 val_f1_weighted=0.8578 val_prec_macro=0.8330 val_rec_macro=0.8318 val_metric_name=acc val_metric=0.8597
Step 2150 | loss 0.0027 | val_acc=0.8581 val_loss=1.0657 val_f1_macro=0.8296 val_f1_weighted=0.8560 val_prec_macro=0.8339 val_rec_macro=0.8280 val_metric_name=acc val_metric=0.8581
Step 2200 | loss 0.0022 | val_acc=0.8583 val_loss=1.0724 val_f1_macro=0.8295 val_f1_weighted=0.8563 val_prec_macro=0.8332 val_rec_macro=0.8291 val_metric_name=acc val_metric=0.8583
Step 2250 | loss 0.0033 | val_acc=0.8591 val_loss=1.0750 val_f1_macro=0.8307 val_f1_weighted=0.8574 val_prec_macro=0.8331 val_rec_macro=0.8316 val_metric_name=acc val_metric=0.8591
Step 2300 | loss 0.0028 | val_acc=0.8586 val_loss=1.0792 val_f1_macro=0.8288 val_f1_weighted=0.8565 val_prec_macro=0.8328 val_rec_macro=0.8286 val_metric_name=acc val_metric=0.8586
Step 2350 | loss 0.0015 | val_acc=0.8607 val_loss=1.0738 val_f1_macro=0.8321 val_f1_weighted=0.8590 val_prec_macro=0.8340 val_rec_macro=0.8331 val_metric_name=acc val_metric=0.8607
Step 2400 | loss 0.0026 | val_acc=0.8607 val_loss=1.0872 val_f1_macro=0.8335 val_f1_weighted=0.8590 val_prec_macro=0.8379 val_rec_macro=0.8321 val_metric_name=acc val_metric=0.8607
Step 2450 | loss 0.0018 | val_acc=0.8588 val_loss=1.0968 val_f1_macro=0.8307 val_f1_weighted=0.8568 val_prec_macro=0.8314 val_rec_macro=0.8330 val_metric_name=acc val_metric=0.8588
Step 2500 | loss 0.0014 | val_acc=0.8605 val_loss=1.0967 val_f1_macro=0.8337 val_f1_weighted=0.8588 val_prec_macro=0.8389 val_rec_macro=0.8314 val_metric_name=acc val_metric=0.8605
Step 2550 | loss 0.0024 | val_acc=0.8584 val_loss=1.1067 val_f1_macro=0.8300 val_f1_weighted=0.8562 val_prec_macro=0.8361 val_rec_macro=0.8283 val_metric_name=acc val_metric=0.8584
Step 2600 | loss 0.0019 | val_acc=0.8593 val_loss=1.1059 val_f1_macro=0.8317 val_f1_weighted=0.8572 val_prec_macro=0.8358 val_rec_macro=0.8311 val_metric_name=acc val_metric=0.8593
Step 2650 | loss 0.0018 | val_acc=0.8600 val_loss=1.1079 val_f1_macro=0.8323 val_f1_weighted=0.8581 val_prec_macro=0.8361 val_rec_macro=0.8313 val_metric_name=acc val_metric=0.8600
Step 2700 | loss 0.0021 | val_acc=0.8586 val_loss=1.1239 val_f1_macro=0.8298 val_f1_weighted=0.8568 val_prec_macro=0.8315 val_rec_macro=0.8323 val_metric_name=acc val_metric=0.8586
Step 2750 | loss 0.0016 | val_acc=0.8586 val_loss=1.1117 val_f1_macro=0.8312 val_f1_weighted=0.8565 val_prec_macro=0.8369 val_rec_macro=0.8289 val_metric_name=acc val_metric=0.8586
Step 2800 | loss 0.0019 | val_acc=0.8584 val_loss=1.1254 val_f1_macro=0.8308 val_f1_weighted=0.8564 val_prec_macro=0.8337 val_rec_macro=0.8306 val_metric_name=acc val_metric=0.8584
Step 2850 | loss 0.0014 | val_acc=0.8605 val_loss=1.1240 val_f1_macro=0.8312 val_f1_weighted=0.8580 val_prec_macro=0.8363 val_rec_macro=0.8293 val_metric_name=acc val_metric=0.8605
Early stopping at step 2867

--- Final (best ckpt @ step 2560) ---
  train_acc=1.0000 train_loss=0.0000 train_f1_macro=1.0000 train_f1_weighted=1.0000 train_prec_macro=1.0000 train_rec_macro=1.0000 train_metric_name=acc train_metric=1.0000
  val_acc=0.8625 val_loss=1.0896 val_f1_macro=0.8364 val_f1_weighted=0.8607 val_prec_macro=0.8425 val_rec_macro=0.8335 val_metric_name=acc val_metric=0.8625
  test_acc=0.8576 test_loss=1.1195 test_f1_macro=0.8279 test_f1_weighted=0.8552 test_prec_macro=0.8280 test_rec_macro=0.8302 test_metric_name=acc test_metric=0.8576
  test_acc=0.8576

============================================================
Training roman-empire GT-sep 3L h=512 lr=0.0001 split=4
============================================================
Training for 5000 steps
Step    1 | loss 3.0566 | val_acc=0.2394 val_loss=2.4956 val_f1_macro=0.0753 val_f1_weighted=0.1679 val_prec_macro=0.0751 val_rec_macro=0.1030 val_metric_name=acc val_metric=0.2394
Step   50 | loss 0.7738 | val_acc=0.7483 val_loss=0.7751 val_f1_macro=0.6367 val_f1_weighted=0.7324 val_prec_macro=0.6747 val_rec_macro=0.6447 val_metric_name=acc val_metric=0.7483
Step  100 | loss 0.4996 | val_acc=0.8028 val_loss=0.6195 val_f1_macro=0.7474 val_f1_weighted=0.7976 val_prec_macro=0.7568 val_rec_macro=0.7531 val_metric_name=acc val_metric=0.8028
Step  150 | loss 0.3255 | val_acc=0.8337 val_loss=0.5746 val_f1_macro=0.8002 val_f1_weighted=0.8315 val_prec_macro=0.8029 val_rec_macro=0.8042 val_metric_name=acc val_metric=0.8337
Step  200 | loss 0.1957 | val_acc=0.8448 val_loss=0.6073 val_f1_macro=0.8140 val_f1_weighted=0.8433 val_prec_macro=0.8149 val_rec_macro=0.8167 val_metric_name=acc val_metric=0.8448
Step  250 | loss 0.1136 | val_acc=0.8445 val_loss=0.6694 val_f1_macro=0.8135 val_f1_weighted=0.8423 val_prec_macro=0.8153 val_rec_macro=0.8154 val_metric_name=acc val_metric=0.8445
Step  300 | loss 0.0668 | val_acc=0.8443 val_loss=0.7278 val_f1_macro=0.8118 val_f1_weighted=0.8424 val_prec_macro=0.8129 val_rec_macro=0.8137 val_metric_name=acc val_metric=0.8443
Step  350 | loss 0.0477 | val_acc=0.8441 val_loss=0.7795 val_f1_macro=0.8116 val_f1_weighted=0.8424 val_prec_macro=0.8151 val_rec_macro=0.8112 val_metric_name=acc val_metric=0.8441
Step  400 | loss 0.0334 | val_acc=0.8468 val_loss=0.8188 val_f1_macro=0.8160 val_f1_weighted=0.8452 val_prec_macro=0.8185 val_rec_macro=0.8172 val_metric_name=acc val_metric=0.8468
Step  450 | loss 0.0256 | val_acc=0.8485 val_loss=0.8483 val_f1_macro=0.8168 val_f1_weighted=0.8465 val_prec_macro=0.8188 val_rec_macro=0.8173 val_metric_name=acc val_metric=0.8485
Step  500 | loss 0.0216 | val_acc=0.8473 val_loss=0.8790 val_f1_macro=0.8145 val_f1_weighted=0.8451 val_prec_macro=0.8154 val_rec_macro=0.8167 val_metric_name=acc val_metric=0.8473
Step  550 | loss 0.0168 | val_acc=0.8462 val_loss=0.9038 val_f1_macro=0.8137 val_f1_weighted=0.8439 val_prec_macro=0.8185 val_rec_macro=0.8122 val_metric_name=acc val_metric=0.8462
Step  600 | loss 0.0141 | val_acc=0.8485 val_loss=0.9217 val_f1_macro=0.8168 val_f1_weighted=0.8462 val_prec_macro=0.8191 val_rec_macro=0.8176 val_metric_name=acc val_metric=0.8485
Step  650 | loss 0.0139 | val_acc=0.8507 val_loss=0.9333 val_f1_macro=0.8192 val_f1_weighted=0.8484 val_prec_macro=0.8225 val_rec_macro=0.8185 val_metric_name=acc val_metric=0.8507
Step  700 | loss 0.0111 | val_acc=0.8526 val_loss=0.9400 val_f1_macro=0.8210 val_f1_weighted=0.8502 val_prec_macro=0.8242 val_rec_macro=0.8206 val_metric_name=acc val_metric=0.8526
Step  750 | loss 0.0087 | val_acc=0.8503 val_loss=0.9622 val_f1_macro=0.8202 val_f1_weighted=0.8484 val_prec_macro=0.8219 val_rec_macro=0.8221 val_metric_name=acc val_metric=0.8503
Step  800 | loss 0.0099 | val_acc=0.8524 val_loss=0.9727 val_f1_macro=0.8208 val_f1_weighted=0.8503 val_prec_macro=0.8229 val_rec_macro=0.8216 val_metric_name=acc val_metric=0.8524
Step  850 | loss 0.0064 | val_acc=0.8519 val_loss=0.9892 val_f1_macro=0.8224 val_f1_weighted=0.8502 val_prec_macro=0.8257 val_rec_macro=0.8226 val_metric_name=acc val_metric=0.8519
Step  900 | loss 0.0107 | val_acc=0.8547 val_loss=1.0018 val_f1_macro=0.8245 val_f1_weighted=0.8521 val_prec_macro=0.8267 val_rec_macro=0.8254 val_metric_name=acc val_metric=0.8547
Step  950 | loss 0.0069 | val_acc=0.8514 val_loss=1.0080 val_f1_macro=0.8203 val_f1_weighted=0.8489 val_prec_macro=0.8244 val_rec_macro=0.8195 val_metric_name=acc val_metric=0.8514
Step 1000 | loss 0.0054 | val_acc=0.8528 val_loss=1.0031 val_f1_macro=0.8217 val_f1_weighted=0.8509 val_prec_macro=0.8243 val_rec_macro=0.8217 val_metric_name=acc val_metric=0.8528
Step 1050 | loss 0.0038 | val_acc=0.8507 val_loss=1.0240 val_f1_macro=0.8193 val_f1_weighted=0.8486 val_prec_macro=0.8216 val_rec_macro=0.8199 val_metric_name=acc val_metric=0.8507
Step 1100 | loss 0.0057 | val_acc=0.8514 val_loss=1.0407 val_f1_macro=0.8204 val_f1_weighted=0.8496 val_prec_macro=0.8225 val_rec_macro=0.8205 val_metric_name=acc val_metric=0.8514
Step 1150 | loss 0.0039 | val_acc=0.8510 val_loss=1.0452 val_f1_macro=0.8195 val_f1_weighted=0.8489 val_prec_macro=0.8227 val_rec_macro=0.8197 val_metric_name=acc val_metric=0.8510
Step 1200 | loss 0.0048 | val_acc=0.8544 val_loss=1.0411 val_f1_macro=0.8249 val_f1_weighted=0.8528 val_prec_macro=0.8285 val_rec_macro=0.8238 val_metric_name=acc val_metric=0.8544
Step 1250 | loss 0.0038 | val_acc=0.8547 val_loss=1.0563 val_f1_macro=0.8227 val_f1_weighted=0.8526 val_prec_macro=0.8248 val_rec_macro=0.8234 val_metric_name=acc val_metric=0.8547
Step 1300 | loss 0.0034 | val_acc=0.8542 val_loss=1.0477 val_f1_macro=0.8248 val_f1_weighted=0.8523 val_prec_macro=0.8296 val_rec_macro=0.8224 val_metric_name=acc val_metric=0.8542
Step 1350 | loss 0.0033 | val_acc=0.8538 val_loss=1.0679 val_f1_macro=0.8232 val_f1_weighted=0.8519 val_prec_macro=0.8262 val_rec_macro=0.8233 val_metric_name=acc val_metric=0.8538
Step 1400 | loss 0.0042 | val_acc=0.8558 val_loss=1.0655 val_f1_macro=0.8239 val_f1_weighted=0.8533 val_prec_macro=0.8267 val_rec_macro=0.8238 val_metric_name=acc val_metric=0.8558
Step 1450 | loss 0.0025 | val_acc=0.8565 val_loss=1.0795 val_f1_macro=0.8257 val_f1_weighted=0.8546 val_prec_macro=0.8289 val_rec_macro=0.8257 val_metric_name=acc val_metric=0.8565
Step 1500 | loss 0.0022 | val_acc=0.8574 val_loss=1.0901 val_f1_macro=0.8265 val_f1_weighted=0.8554 val_prec_macro=0.8305 val_rec_macro=0.8256 val_metric_name=acc val_metric=0.8574
Step 1550 | loss 0.0027 | val_acc=0.8544 val_loss=1.0905 val_f1_macro=0.8236 val_f1_weighted=0.8524 val_prec_macro=0.8266 val_rec_macro=0.8257 val_metric_name=acc val_metric=0.8544
Step 1600 | loss 0.0023 | val_acc=0.8568 val_loss=1.1009 val_f1_macro=0.8272 val_f1_weighted=0.8544 val_prec_macro=0.8304 val_rec_macro=0.8269 val_metric_name=acc val_metric=0.8568
Step 1650 | loss 0.0020 | val_acc=0.8542 val_loss=1.1104 val_f1_macro=0.8229 val_f1_weighted=0.8516 val_prec_macro=0.8284 val_rec_macro=0.8213 val_metric_name=acc val_metric=0.8542
Step 1700 | loss 0.0028 | val_acc=0.8583 val_loss=1.1040 val_f1_macro=0.8281 val_f1_weighted=0.8555 val_prec_macro=0.8319 val_rec_macro=0.8274 val_metric_name=acc val_metric=0.8583
Step 1750 | loss 0.0024 | val_acc=0.8528 val_loss=1.1237 val_f1_macro=0.8203 val_f1_weighted=0.8502 val_prec_macro=0.8225 val_rec_macro=0.8222 val_metric_name=acc val_metric=0.8528
Step 1800 | loss 0.0018 | val_acc=0.8570 val_loss=1.1085 val_f1_macro=0.8293 val_f1_weighted=0.8552 val_prec_macro=0.8309 val_rec_macro=0.8303 val_metric_name=acc val_metric=0.8570
Step 1850 | loss 0.0014 | val_acc=0.8561 val_loss=1.1178 val_f1_macro=0.8290 val_f1_weighted=0.8545 val_prec_macro=0.8299 val_rec_macro=0.8305 val_metric_name=acc val_metric=0.8561
Early stopping at step 1860

--- Final (best ckpt @ step 1560) ---
  train_acc=1.0000 train_loss=0.0000 train_f1_macro=1.0000 train_f1_weighted=1.0000 train_prec_macro=1.0000 train_rec_macro=1.0000 train_metric_name=acc train_metric=1.0000
  val_acc=0.8590 val_loss=1.0934 val_f1_macro=0.8295 val_f1_weighted=0.8563 val_prec_macro=0.8313 val_rec_macro=0.8301 val_metric_name=acc val_metric=0.8590
  test_acc=0.8512 test_loss=1.1267 test_f1_macro=0.8185 test_f1_weighted=0.8483 test_prec_macro=0.8143 test_rec_macro=0.8252 test_metric_name=acc test_metric=0.8512
  test_acc=0.8512

============================================================
Training roman-empire GT-sep 3L h=512 lr=1e-05 split=4
============================================================
Training for 5000 steps
Step    1 | loss 3.0566 | val_acc=0.0791 val_loss=2.9488 val_f1_macro=0.0292 val_f1_weighted=0.0482 val_prec_macro=0.0263 val_rec_macro=0.0482 val_metric_name=acc val_metric=0.0791
Step   50 | loss 1.8176 | val_acc=0.5151 val_loss=1.6242 val_f1_macro=0.2492 val_f1_weighted=0.4350 val_prec_macro=0.3202 val_rec_macro=0.2787 val_metric_name=acc val_metric=0.5151
Step  100 | loss 1.3582 | val_acc=0.6184 val_loss=1.2206 val_f1_macro=0.4277 val_f1_weighted=0.5718 val_prec_macro=0.4888 val_rec_macro=0.4310 val_metric_name=acc val_metric=0.6184
Step  150 | loss 1.1263 | val_acc=0.6763 val_loss=1.0369 val_f1_macro=0.5244 val_f1_weighted=0.6431 val_prec_macro=0.5700 val_rec_macro=0.5305 val_metric_name=acc val_metric=0.6763
Step  200 | loss 0.9963 | val_acc=0.7017 val_loss=0.9376 val_f1_macro=0.5609 val_f1_weighted=0.6747 val_prec_macro=0.5817 val_rec_macro=0.5700 val_metric_name=acc val_metric=0.7017
Step  250 | loss 0.9109 | val_acc=0.7225 val_loss=0.8636 val_f1_macro=0.5927 val_f1_weighted=0.7001 val_prec_macro=0.6463 val_rec_macro=0.6016 val_metric_name=acc val_metric=0.7225
Step  300 | loss 0.8295 | val_acc=0.7402 val_loss=0.8074 val_f1_macro=0.6217 val_f1_weighted=0.7222 val_prec_macro=0.6633 val_rec_macro=0.6289 val_metric_name=acc val_metric=0.7402
Step  350 | loss 0.7742 | val_acc=0.7518 val_loss=0.7669 val_f1_macro=0.6451 val_f1_weighted=0.7360 val_prec_macro=0.6736 val_rec_macro=0.6527 val_metric_name=acc val_metric=0.7518
Step  400 | loss 0.7187 | val_acc=0.7620 val_loss=0.7338 val_f1_macro=0.6649 val_f1_weighted=0.7484 val_prec_macro=0.6939 val_rec_macro=0.6726 val_metric_name=acc val_metric=0.7620
Step  450 | loss 0.6815 | val_acc=0.7709 val_loss=0.7090 val_f1_macro=0.6801 val_f1_weighted=0.7584 val_prec_macro=0.7065 val_rec_macro=0.6875 val_metric_name=acc val_metric=0.7709
Step  500 | loss 0.6412 | val_acc=0.7808 val_loss=0.6859 val_f1_macro=0.7033 val_f1_weighted=0.7709 val_prec_macro=0.7281 val_rec_macro=0.7093 val_metric_name=acc val_metric=0.7808
Step  550 | loss 0.6090 | val_acc=0.7869 val_loss=0.6654 val_f1_macro=0.7146 val_f1_weighted=0.7786 val_prec_macro=0.7335 val_rec_macro=0.7204 val_metric_name=acc val_metric=0.7869
Step  600 | loss 0.5737 | val_acc=0.7956 val_loss=0.6466 val_f1_macro=0.7318 val_f1_weighted=0.7886 val_prec_macro=0.7488 val_rec_macro=0.7356 val_metric_name=acc val_metric=0.7956
Step  650 | loss 0.5383 | val_acc=0.8034 val_loss=0.6309 val_f1_macro=0.7448 val_f1_weighted=0.7972 val_prec_macro=0.7607 val_rec_macro=0.7475 val_metric_name=acc val_metric=0.8034
Step  700 | loss 0.5114 | val_acc=0.8078 val_loss=0.6162 val_f1_macro=0.7531 val_f1_weighted=0.8022 val_prec_macro=0.7648 val_rec_macro=0.7572 val_metric_name=acc val_metric=0.8078
Step  750 | loss 0.4868 | val_acc=0.8132 val_loss=0.6050 val_f1_macro=0.7627 val_f1_weighted=0.8083 val_prec_macro=0.7714 val_rec_macro=0.7679 val_metric_name=acc val_metric=0.8132
Step  800 | loss 0.4560 | val_acc=0.8194 val_loss=0.5940 val_f1_macro=0.7743 val_f1_weighted=0.8150 val_prec_macro=0.7805 val_rec_macro=0.7794 val_metric_name=acc val_metric=0.8194
Step  850 | loss 0.4302 | val_acc=0.8219 val_loss=0.5861 val_f1_macro=0.7802 val_f1_weighted=0.8178 val_prec_macro=0.7857 val_rec_macro=0.7850 val_metric_name=acc val_metric=0.8219
Step  900 | loss 0.4142 | val_acc=0.8261 val_loss=0.5790 val_f1_macro=0.7860 val_f1_weighted=0.8220 val_prec_macro=0.7910 val_rec_macro=0.7913 val_metric_name=acc val_metric=0.8261
Step  950 | loss 0.3889 | val_acc=0.8293 val_loss=0.5743 val_f1_macro=0.7907 val_f1_weighted=0.8258 val_prec_macro=0.7952 val_rec_macro=0.7957 val_metric_name=acc val_metric=0.8293
Step 1000 | loss 0.3592 | val_acc=0.8337 val_loss=0.5664 val_f1_macro=0.7967 val_f1_weighted=0.8303 val_prec_macro=0.8015 val_rec_macro=0.8008 val_metric_name=acc val_metric=0.8337
Step 1050 | loss 0.3464 | val_acc=0.8380 val_loss=0.5663 val_f1_macro=0.8035 val_f1_weighted=0.8349 val_prec_macro=0.8069 val_rec_macro=0.8085 val_metric_name=acc val_metric=0.8380
Step 1100 | loss 0.3240 | val_acc=0.8380 val_loss=0.5646 val_f1_macro=0.8035 val_f1_weighted=0.8352 val_prec_macro=0.8073 val_rec_macro=0.8074 val_metric_name=acc val_metric=0.8380
Step 1150 | loss 0.3052 | val_acc=0.8388 val_loss=0.5646 val_f1_macro=0.8049 val_f1_weighted=0.8362 val_prec_macro=0.8063 val_rec_macro=0.8097 val_metric_name=acc val_metric=0.8388
Step 1200 | loss 0.2839 | val_acc=0.8415 val_loss=0.5675 val_f1_macro=0.8087 val_f1_weighted=0.8391 val_prec_macro=0.8101 val_rec_macro=0.8132 val_metric_name=acc val_metric=0.8415
Step 1250 | loss 0.2642 | val_acc=0.8440 val_loss=0.5668 val_f1_macro=0.8118 val_f1_weighted=0.8418 val_prec_macro=0.8148 val_rec_macro=0.8134 val_metric_name=acc val_metric=0.8440
Step 1300 | loss 0.2531 | val_acc=0.8468 val_loss=0.5720 val_f1_macro=0.8162 val_f1_weighted=0.8445 val_prec_macro=0.8190 val_rec_macro=0.8188 val_metric_name=acc val_metric=0.8468
Step 1350 | loss 0.2351 | val_acc=0.8475 val_loss=0.5784 val_f1_macro=0.8177 val_f1_weighted=0.8452 val_prec_macro=0.8193 val_rec_macro=0.8214 val_metric_name=acc val_metric=0.8475
Step 1400 | loss 0.2287 | val_acc=0.8485 val_loss=0.5840 val_f1_macro=0.8178 val_f1_weighted=0.8462 val_prec_macro=0.8195 val_rec_macro=0.8209 val_metric_name=acc val_metric=0.8485
Step 1450 | loss 0.2065 | val_acc=0.8501 val_loss=0.5886 val_f1_macro=0.8193 val_f1_weighted=0.8479 val_prec_macro=0.8207 val_rec_macro=0.8226 val_metric_name=acc val_metric=0.8501
Step 1500 | loss 0.1915 | val_acc=0.8508 val_loss=0.5958 val_f1_macro=0.8189 val_f1_weighted=0.8485 val_prec_macro=0.8198 val_rec_macro=0.8224 val_metric_name=acc val_metric=0.8508
Step 1550 | loss 0.1831 | val_acc=0.8515 val_loss=0.6007 val_f1_macro=0.8205 val_f1_weighted=0.8493 val_prec_macro=0.8214 val_rec_macro=0.8236 val_metric_name=acc val_metric=0.8515
Step 1600 | loss 0.1745 | val_acc=0.8496 val_loss=0.6081 val_f1_macro=0.8188 val_f1_weighted=0.8475 val_prec_macro=0.8205 val_rec_macro=0.8212 val_metric_name=acc val_metric=0.8496
Step 1650 | loss 0.1567 | val_acc=0.8484 val_loss=0.6165 val_f1_macro=0.8174 val_f1_weighted=0.8462 val_prec_macro=0.8185 val_rec_macro=0.8200 val_metric_name=acc val_metric=0.8484
Step 1700 | loss 0.1505 | val_acc=0.8471 val_loss=0.6240 val_f1_macro=0.8159 val_f1_weighted=0.8450 val_prec_macro=0.8164 val_rec_macro=0.8189 val_metric_name=acc val_metric=0.8471
Step 1750 | loss 0.1388 | val_acc=0.8478 val_loss=0.6293 val_f1_macro=0.8174 val_f1_weighted=0.8458 val_prec_macro=0.8187 val_rec_macro=0.8194 val_metric_name=acc val_metric=0.8478
Step 1800 | loss 0.1276 | val_acc=0.8478 val_loss=0.6376 val_f1_macro=0.8183 val_f1_weighted=0.8459 val_prec_macro=0.8195 val_rec_macro=0.8205 val_metric_name=acc val_metric=0.8478
Early stopping at step 1830

--- Final (best ckpt @ step 1530) ---
  train_acc=0.9838 train_loss=0.0591 train_f1_macro=0.9786 train_f1_weighted=0.9837 train_prec_macro=0.9765 train_rec_macro=0.9809 train_metric_name=acc train_metric=0.9838
  val_acc=0.8517 val_loss=0.5989 val_f1_macro=0.8207 val_f1_weighted=0.8496 val_prec_macro=0.8215 val_rec_macro=0.8240 val_metric_name=acc val_metric=0.8517
  test_acc=0.8366 test_loss=0.6338 test_f1_macro=0.7974 test_f1_weighted=0.8336 test_prec_macro=0.7919 test_rec_macro=0.8078 test_metric_name=acc test_metric=0.8366
  test_acc=0.8366
  >> num_layers=3 hidden_dim=256 lr=3e-05 best_step=3790 val_acc=0.8641 test_acc=0.8600
     val_acc=0.8641 val_f1_macro=0.8363 val_f1_weighted=0.8624 val_loss=0.8767 val_metric=0.8641 val_metric_name=acc val_prec_macro=0.8350 val_rec_macro=0.8395
     test_acc=0.8600 test_f1_macro=0.8312 test_f1_weighted=0.8583 test_loss=0.8495 test_metric=0.8600 test_metric_name=acc test_prec_macro=0.8274 test_rec_macro=0.8368
  >> num_layers=3 hidden_dim=256 lr=6e-05 best_step=3800 val_acc=0.8681 test_acc=0.8607
     val_acc=0.8681 val_f1_macro=0.8411 val_f1_weighted=0.8663 val_loss=1.0020 val_metric=0.8681 val_metric_name=acc val_prec_macro=0.8414 val_rec_macro=0.8425
     test_acc=0.8607 test_f1_macro=0.8319 test_f1_weighted=0.8588 test_loss=0.9680 test_metric=0.8607 test_metric_name=acc test_prec_macro=0.8304 test_rec_macro=0.8360
  >> num_layers=3 hidden_dim=256 lr=0.0001 best_step=4400 val_acc=0.8697 test_acc=0.8653
     val_acc=0.8697 val_f1_macro=0.8434 val_f1_weighted=0.8675 val_loss=1.1212 val_metric=0.8697 val_metric_name=acc val_prec_macro=0.8451 val_rec_macro=0.8437
     test_acc=0.8653 test_f1_macro=0.8341 test_f1_weighted=0.8629 test_loss=1.0786 test_metric=0.8653 test_metric_name=acc test_prec_macro=0.8309 test_rec_macro=0.8404
  >> num_layers=3 hidden_dim=256 lr=1e-05 best_step=3740 val_acc=0.8523 test_acc=0.8422
     val_acc=0.8523 val_f1_macro=0.8197 val_f1_weighted=0.8502 val_loss=0.6146 val_metric=0.8523 val_metric_name=acc val_prec_macro=0.8207 val_rec_macro=0.8207
     test_acc=0.8422 test_f1_macro=0.8109 test_f1_weighted=0.8396 test_loss=0.6265 test_metric=0.8422 test_metric_name=acc test_prec_macro=0.8071 test_rec_macro=0.8176
  >> num_layers=3 hidden_dim=384 lr=3e-05 best_step=2240 val_acc=0.8609 test_acc=0.8530
     val_acc=0.8609 val_f1_macro=0.8332 val_f1_weighted=0.8589 val_loss=0.8709 val_metric=0.8609 val_metric_name=acc val_prec_macro=0.8354 val_rec_macro=0.8331
     test_acc=0.8530 test_f1_macro=0.8192 test_f1_weighted=0.8501 test_loss=0.8911 test_metric=0.8530 test_metric_name=acc test_prec_macro=0.8163 test_rec_macro=0.8256
  >> num_layers=3 hidden_dim=384 lr=6e-05 best_step=2120 val_acc=0.8662 test_acc=0.8625
     val_acc=0.8662 val_f1_macro=0.8397 val_f1_weighted=0.8643 val_loss=0.9716 val_metric=0.8662 val_metric_name=acc val_prec_macro=0.8446 val_rec_macro=0.8370
     test_acc=0.8625 test_f1_macro=0.8298 test_f1_weighted=0.8599 test_loss=0.9876 test_metric=0.8625 test_metric_name=acc test_prec_macro=0.8264 test_rec_macro=0.8367
  >> num_layers=3 hidden_dim=384 lr=0.0001 best_step=1580 val_acc=0.8650 test_acc=0.8572
     val_acc=0.8650 val_f1_macro=0.8385 val_f1_weighted=0.8629 val_loss=1.0081 val_metric=0.8650 val_metric_name=acc val_prec_macro=0.8447 val_rec_macro=0.8349
     test_acc=0.8572 test_f1_macro=0.8251 test_f1_weighted=0.8545 test_loss=1.0303 test_metric=0.8572 test_metric_name=acc test_prec_macro=0.8248 test_rec_macro=0.8292
  >> num_layers=3 hidden_dim=384 lr=1e-05 best_step=3120 val_acc=0.8512 test_acc=0.8459
     val_acc=0.8512 val_f1_macro=0.8226 val_f1_weighted=0.8498 val_loss=0.7007 val_metric=0.8512 val_metric_name=acc val_prec_macro=0.8225 val_rec_macro=0.8244
     test_acc=0.8459 test_f1_macro=0.8089 test_f1_weighted=0.8430 test_loss=0.7216 test_metric=0.8459 test_metric_name=acc test_prec_macro=0.8052 test_rec_macro=0.8163
  >> num_layers=3 hidden_dim=512 lr=3e-05 best_step=580 val_acc=0.8519 test_acc=0.8360
     val_acc=0.8519 val_f1_macro=0.8215 val_f1_weighted=0.8499 val_loss=0.6042 val_metric=0.8519 val_metric_name=acc val_prec_macro=0.8233 val_rec_macro=0.8238
     test_acc=0.8360 test_f1_macro=0.7979 test_f1_weighted=0.8334 test_loss=0.6441 test_metric=0.8360 test_metric_name=acc test_prec_macro=0.7918 test_rec_macro=0.8078
  >> num_layers=3 hidden_dim=512 lr=6e-05 best_step=2560 val_acc=0.8625 test_acc=0.8576
     val_acc=0.8625 val_f1_macro=0.8364 val_f1_weighted=0.8607 val_loss=1.0896 val_metric=0.8625 val_metric_name=acc val_prec_macro=0.8425 val_rec_macro=0.8335
     test_acc=0.8576 test_f1_macro=0.8279 test_f1_weighted=0.8552 test_loss=1.1195 test_metric=0.8576 test_metric_name=acc test_prec_macro=0.8280 test_rec_macro=0.8302
  >> num_layers=3 hidden_dim=512 lr=0.0001 best_step=1560 val_acc=0.8590 test_acc=0.8512
     val_acc=0.8590 val_f1_macro=0.8295 val_f1_weighted=0.8563 val_loss=1.0934 val_metric=0.8590 val_metric_name=acc val_prec_macro=0.8313 val_rec_macro=0.8301
     test_acc=0.8512 test_f1_macro=0.8185 test_f1_weighted=0.8483 test_loss=1.1267 test_metric=0.8512 test_metric_name=acc test_prec_macro=0.8143 test_rec_macro=0.8252
  >> num_layers=3 hidden_dim=512 lr=1e-05 best_step=1530 val_acc=0.8517 test_acc=0.8366
     val_acc=0.8517 val_f1_macro=0.8207 val_f1_weighted=0.8496 val_loss=0.5989 val_metric=0.8517 val_metric_name=acc val_prec_macro=0.8215 val_rec_macro=0.8240
     test_acc=0.8366 test_f1_macro=0.7974 test_f1_weighted=0.8336 test_loss=0.6338 test_metric=0.8366 test_metric_name=acc test_prec_macro=0.7919 test_rec_macro=0.8078
  >> selected best (by val): num_layers=3 hidden_dim=256 lr=0.0001 val_acc=0.8697 test_acc=0.8653
     val_acc=0.8697 val_f1_macro=0.8434 val_f1_weighted=0.8675 val_loss=1.1212 val_metric=0.8697 val_metric_name=acc val_prec_macro=0.8451 val_rec_macro=0.8437
     test_acc=0.8653 test_f1_macro=0.8341 test_f1_weighted=0.8629 test_loss=1.0786 test_metric=0.8653 test_metric_name=acc test_prec_macro=0.8309 test_rec_macro=0.8404

Done. Results saved to /home/avshmelev/diploma_yandex_graphs/results_grid/roman_empire/base.csv, checkpoints in /home/avshmelev/diploma_yandex_graphs/all_checkpoints/roman_empire/base/
Skipping: "Done." found in /home/avshmelev/diploma_yandex_graphs/results_grid/roman_empire/logs_base/GT-sep_3L_split4.log
