Loading data...

============================================================
Training roman-empire GT-sep 3L h=256 lr=3e-05 split=7
============================================================
Training for 5000 steps
Step    1 | loss 3.1324 | val_acc=0.0438 val_loss=3.0684 val_f1_macro=0.0270 val_f1_weighted=0.0302 val_prec_macro=0.0328 val_rec_macro=0.0532 val_metric_name=acc val_metric=0.0438
Step   50 | loss 1.7369 | val_acc=0.5156 val_loss=1.5620 val_f1_macro=0.2578 val_f1_weighted=0.4429 val_prec_macro=0.3158 val_rec_macro=0.2820 val_metric_name=acc val_metric=0.5156
Step  100 | loss 1.3077 | val_acc=0.6330 val_loss=1.1779 val_f1_macro=0.4507 val_f1_weighted=0.5899 val_prec_macro=0.4993 val_rec_macro=0.4518 val_metric_name=acc val_metric=0.6330
Step  150 | loss 1.0899 | val_acc=0.6853 val_loss=0.9968 val_f1_macro=0.5213 val_f1_weighted=0.6507 val_prec_macro=0.5493 val_rec_macro=0.5297 val_metric_name=acc val_metric=0.6853
Step  200 | loss 0.9377 | val_acc=0.7144 val_loss=0.8857 val_f1_macro=0.5676 val_f1_weighted=0.6858 val_prec_macro=0.5965 val_rec_macro=0.5756 val_metric_name=acc val_metric=0.7144
Step  250 | loss 0.8415 | val_acc=0.7379 val_loss=0.8114 val_f1_macro=0.6094 val_f1_weighted=0.7168 val_prec_macro=0.6772 val_rec_macro=0.6122 val_metric_name=acc val_metric=0.7379
Step  300 | loss 0.7576 | val_acc=0.7523 val_loss=0.7615 val_f1_macro=0.6432 val_f1_weighted=0.7356 val_prec_macro=0.7107 val_rec_macro=0.6429 val_metric_name=acc val_metric=0.7523
Step  350 | loss 0.6986 | val_acc=0.7606 val_loss=0.7224 val_f1_macro=0.6628 val_f1_weighted=0.7468 val_prec_macro=0.7192 val_rec_macro=0.6614 val_metric_name=acc val_metric=0.7606
Step  400 | loss 0.6398 | val_acc=0.7695 val_loss=0.6930 val_f1_macro=0.6833 val_f1_weighted=0.7589 val_prec_macro=0.7290 val_rec_macro=0.6806 val_metric_name=acc val_metric=0.7695
Step  450 | loss 0.5855 | val_acc=0.7818 val_loss=0.6661 val_f1_macro=0.7101 val_f1_weighted=0.7740 val_prec_macro=0.7449 val_rec_macro=0.7054 val_metric_name=acc val_metric=0.7818
Step  500 | loss 0.5434 | val_acc=0.7905 val_loss=0.6470 val_f1_macro=0.7250 val_f1_weighted=0.7839 val_prec_macro=0.7560 val_rec_macro=0.7194 val_metric_name=acc val_metric=0.7905
Step  550 | loss 0.4956 | val_acc=0.7961 val_loss=0.6288 val_f1_macro=0.7366 val_f1_weighted=0.7903 val_prec_macro=0.7654 val_rec_macro=0.7293 val_metric_name=acc val_metric=0.7961
Step  600 | loss 0.4678 | val_acc=0.8035 val_loss=0.6172 val_f1_macro=0.7483 val_f1_weighted=0.7982 val_prec_macro=0.7708 val_rec_macro=0.7422 val_metric_name=acc val_metric=0.8035
Step  650 | loss 0.4325 | val_acc=0.8088 val_loss=0.6072 val_f1_macro=0.7586 val_f1_weighted=0.8048 val_prec_macro=0.7756 val_rec_macro=0.7531 val_metric_name=acc val_metric=0.8088
Step  700 | loss 0.3974 | val_acc=0.8175 val_loss=0.6000 val_f1_macro=0.7722 val_f1_weighted=0.8140 val_prec_macro=0.7855 val_rec_macro=0.7679 val_metric_name=acc val_metric=0.8175
Step  750 | loss 0.3634 | val_acc=0.8194 val_loss=0.5976 val_f1_macro=0.7768 val_f1_weighted=0.8160 val_prec_macro=0.7879 val_rec_macro=0.7729 val_metric_name=acc val_metric=0.8194
Step  800 | loss 0.3400 | val_acc=0.8237 val_loss=0.5954 val_f1_macro=0.7811 val_f1_weighted=0.8206 val_prec_macro=0.7916 val_rec_macro=0.7769 val_metric_name=acc val_metric=0.8237
Step  850 | loss 0.3127 | val_acc=0.8233 val_loss=0.5986 val_f1_macro=0.7825 val_f1_weighted=0.8201 val_prec_macro=0.7906 val_rec_macro=0.7803 val_metric_name=acc val_metric=0.8233
Step  900 | loss 0.2823 | val_acc=0.8263 val_loss=0.5992 val_f1_macro=0.7868 val_f1_weighted=0.8237 val_prec_macro=0.7934 val_rec_macro=0.7850 val_metric_name=acc val_metric=0.8263
Step  950 | loss 0.2695 | val_acc=0.8297 val_loss=0.6054 val_f1_macro=0.7917 val_f1_weighted=0.8270 val_prec_macro=0.7974 val_rec_macro=0.7906 val_metric_name=acc val_metric=0.8297
Step 1000 | loss 0.2515 | val_acc=0.8304 val_loss=0.6134 val_f1_macro=0.7935 val_f1_weighted=0.8276 val_prec_macro=0.7996 val_rec_macro=0.7925 val_metric_name=acc val_metric=0.8304
Step 1050 | loss 0.2236 | val_acc=0.8328 val_loss=0.6185 val_f1_macro=0.7962 val_f1_weighted=0.8304 val_prec_macro=0.8006 val_rec_macro=0.7962 val_metric_name=acc val_metric=0.8328
Step 1100 | loss 0.2005 | val_acc=0.8339 val_loss=0.6264 val_f1_macro=0.7979 val_f1_weighted=0.8317 val_prec_macro=0.8024 val_rec_macro=0.7979 val_metric_name=acc val_metric=0.8339
Step 1150 | loss 0.1890 | val_acc=0.8344 val_loss=0.6357 val_f1_macro=0.7987 val_f1_weighted=0.8322 val_prec_macro=0.8034 val_rec_macro=0.7976 val_metric_name=acc val_metric=0.8344
Step 1200 | loss 0.1770 | val_acc=0.8353 val_loss=0.6460 val_f1_macro=0.8000 val_f1_weighted=0.8331 val_prec_macro=0.8049 val_rec_macro=0.7992 val_metric_name=acc val_metric=0.8353
Step 1250 | loss 0.1603 | val_acc=0.8358 val_loss=0.6538 val_f1_macro=0.8000 val_f1_weighted=0.8339 val_prec_macro=0.8048 val_rec_macro=0.7990 val_metric_name=acc val_metric=0.8358
Step 1300 | loss 0.1423 | val_acc=0.8372 val_loss=0.6642 val_f1_macro=0.8017 val_f1_weighted=0.8351 val_prec_macro=0.8067 val_rec_macro=0.8005 val_metric_name=acc val_metric=0.8372
Step 1350 | loss 0.1388 | val_acc=0.8381 val_loss=0.6754 val_f1_macro=0.8023 val_f1_weighted=0.8360 val_prec_macro=0.8052 val_rec_macro=0.8030 val_metric_name=acc val_metric=0.8381
Step 1400 | loss 0.1247 | val_acc=0.8401 val_loss=0.6835 val_f1_macro=0.8054 val_f1_weighted=0.8378 val_prec_macro=0.8097 val_rec_macro=0.8053 val_metric_name=acc val_metric=0.8401
Step 1450 | loss 0.1246 | val_acc=0.8399 val_loss=0.6922 val_f1_macro=0.8047 val_f1_weighted=0.8379 val_prec_macro=0.8082 val_rec_macro=0.8048 val_metric_name=acc val_metric=0.8399
Step 1500 | loss 0.1112 | val_acc=0.8408 val_loss=0.7006 val_f1_macro=0.8068 val_f1_weighted=0.8390 val_prec_macro=0.8098 val_rec_macro=0.8073 val_metric_name=acc val_metric=0.8408
Step 1550 | loss 0.0984 | val_acc=0.8411 val_loss=0.7103 val_f1_macro=0.8069 val_f1_weighted=0.8393 val_prec_macro=0.8102 val_rec_macro=0.8075 val_metric_name=acc val_metric=0.8411
Step 1600 | loss 0.0999 | val_acc=0.8434 val_loss=0.7154 val_f1_macro=0.8099 val_f1_weighted=0.8418 val_prec_macro=0.8140 val_rec_macro=0.8093 val_metric_name=acc val_metric=0.8434
Step 1650 | loss 0.0877 | val_acc=0.8429 val_loss=0.7219 val_f1_macro=0.8100 val_f1_weighted=0.8414 val_prec_macro=0.8143 val_rec_macro=0.8092 val_metric_name=acc val_metric=0.8429
Step 1700 | loss 0.0836 | val_acc=0.8427 val_loss=0.7344 val_f1_macro=0.8089 val_f1_weighted=0.8410 val_prec_macro=0.8127 val_rec_macro=0.8082 val_metric_name=acc val_metric=0.8427
Step 1750 | loss 0.0775 | val_acc=0.8432 val_loss=0.7395 val_f1_macro=0.8100 val_f1_weighted=0.8417 val_prec_macro=0.8137 val_rec_macro=0.8095 val_metric_name=acc val_metric=0.8432
Step 1800 | loss 0.0787 | val_acc=0.8441 val_loss=0.7470 val_f1_macro=0.8114 val_f1_weighted=0.8425 val_prec_macro=0.8147 val_rec_macro=0.8112 val_metric_name=acc val_metric=0.8441
Step 1850 | loss 0.0696 | val_acc=0.8431 val_loss=0.7541 val_f1_macro=0.8106 val_f1_weighted=0.8414 val_prec_macro=0.8144 val_rec_macro=0.8096 val_metric_name=acc val_metric=0.8431
Step 1900 | loss 0.0673 | val_acc=0.8422 val_loss=0.7607 val_f1_macro=0.8103 val_f1_weighted=0.8407 val_prec_macro=0.8133 val_rec_macro=0.8102 val_metric_name=acc val_metric=0.8422
Step 1950 | loss 0.0590 | val_acc=0.8431 val_loss=0.7685 val_f1_macro=0.8116 val_f1_weighted=0.8415 val_prec_macro=0.8150 val_rec_macro=0.8109 val_metric_name=acc val_metric=0.8431
Step 2000 | loss 0.0625 | val_acc=0.8438 val_loss=0.7739 val_f1_macro=0.8115 val_f1_weighted=0.8420 val_prec_macro=0.8143 val_rec_macro=0.8113 val_metric_name=acc val_metric=0.8438
Step 2050 | loss 0.0597 | val_acc=0.8452 val_loss=0.7826 val_f1_macro=0.8129 val_f1_weighted=0.8436 val_prec_macro=0.8160 val_rec_macro=0.8130 val_metric_name=acc val_metric=0.8452
Step 2100 | loss 0.0576 | val_acc=0.8443 val_loss=0.7892 val_f1_macro=0.8122 val_f1_weighted=0.8426 val_prec_macro=0.8151 val_rec_macro=0.8123 val_metric_name=acc val_metric=0.8443
Step 2150 | loss 0.0504 | val_acc=0.8450 val_loss=0.7955 val_f1_macro=0.8115 val_f1_weighted=0.8434 val_prec_macro=0.8135 val_rec_macro=0.8127 val_metric_name=acc val_metric=0.8450
Step 2200 | loss 0.0501 | val_acc=0.8441 val_loss=0.8051 val_f1_macro=0.8116 val_f1_weighted=0.8425 val_prec_macro=0.8135 val_rec_macro=0.8132 val_metric_name=acc val_metric=0.8441
Step 2250 | loss 0.0446 | val_acc=0.8459 val_loss=0.8047 val_f1_macro=0.8135 val_f1_weighted=0.8444 val_prec_macro=0.8160 val_rec_macro=0.8139 val_metric_name=acc val_metric=0.8459
Step 2300 | loss 0.0431 | val_acc=0.8462 val_loss=0.8098 val_f1_macro=0.8138 val_f1_weighted=0.8445 val_prec_macro=0.8165 val_rec_macro=0.8143 val_metric_name=acc val_metric=0.8462
Step 2350 | loss 0.0445 | val_acc=0.8464 val_loss=0.8111 val_f1_macro=0.8136 val_f1_weighted=0.8449 val_prec_macro=0.8166 val_rec_macro=0.8130 val_metric_name=acc val_metric=0.8464
Step 2400 | loss 0.0387 | val_acc=0.8470 val_loss=0.8190 val_f1_macro=0.8151 val_f1_weighted=0.8453 val_prec_macro=0.8170 val_rec_macro=0.8161 val_metric_name=acc val_metric=0.8470
Step 2450 | loss 0.0399 | val_acc=0.8478 val_loss=0.8263 val_f1_macro=0.8155 val_f1_weighted=0.8463 val_prec_macro=0.8167 val_rec_macro=0.8173 val_metric_name=acc val_metric=0.8478
Step 2500 | loss 0.0390 | val_acc=0.8464 val_loss=0.8298 val_f1_macro=0.8144 val_f1_weighted=0.8450 val_prec_macro=0.8160 val_rec_macro=0.8158 val_metric_name=acc val_metric=0.8464
Step 2550 | loss 0.0364 | val_acc=0.8475 val_loss=0.8339 val_f1_macro=0.8153 val_f1_weighted=0.8461 val_prec_macro=0.8175 val_rec_macro=0.8157 val_metric_name=acc val_metric=0.8475
Step 2600 | loss 0.0327 | val_acc=0.8475 val_loss=0.8399 val_f1_macro=0.8158 val_f1_weighted=0.8462 val_prec_macro=0.8173 val_rec_macro=0.8170 val_metric_name=acc val_metric=0.8475
Step 2650 | loss 0.0335 | val_acc=0.8484 val_loss=0.8456 val_f1_macro=0.8166 val_f1_weighted=0.8470 val_prec_macro=0.8179 val_rec_macro=0.8182 val_metric_name=acc val_metric=0.8484
Step 2700 | loss 0.0317 | val_acc=0.8468 val_loss=0.8478 val_f1_macro=0.8142 val_f1_weighted=0.8452 val_prec_macro=0.8153 val_rec_macro=0.8159 val_metric_name=acc val_metric=0.8468
Step 2750 | loss 0.0318 | val_acc=0.8484 val_loss=0.8579 val_f1_macro=0.8157 val_f1_weighted=0.8467 val_prec_macro=0.8182 val_rec_macro=0.8165 val_metric_name=acc val_metric=0.8484
Step 2800 | loss 0.0309 | val_acc=0.8473 val_loss=0.8583 val_f1_macro=0.8148 val_f1_weighted=0.8459 val_prec_macro=0.8166 val_rec_macro=0.8157 val_metric_name=acc val_metric=0.8473
Step 2850 | loss 0.0297 | val_acc=0.8491 val_loss=0.8593 val_f1_macro=0.8160 val_f1_weighted=0.8476 val_prec_macro=0.8179 val_rec_macro=0.8173 val_metric_name=acc val_metric=0.8491
Step 2900 | loss 0.0273 | val_acc=0.8466 val_loss=0.8682 val_f1_macro=0.8143 val_f1_weighted=0.8452 val_prec_macro=0.8158 val_rec_macro=0.8158 val_metric_name=acc val_metric=0.8466
Step 2950 | loss 0.0276 | val_acc=0.8478 val_loss=0.8714 val_f1_macro=0.8153 val_f1_weighted=0.8462 val_prec_macro=0.8170 val_rec_macro=0.8166 val_metric_name=acc val_metric=0.8478
Step 3000 | loss 0.0257 | val_acc=0.8489 val_loss=0.8710 val_f1_macro=0.8163 val_f1_weighted=0.8474 val_prec_macro=0.8189 val_rec_macro=0.8167 val_metric_name=acc val_metric=0.8489
Step 3050 | loss 0.0237 | val_acc=0.8500 val_loss=0.8745 val_f1_macro=0.8169 val_f1_weighted=0.8483 val_prec_macro=0.8189 val_rec_macro=0.8178 val_metric_name=acc val_metric=0.8500
Step 3100 | loss 0.0239 | val_acc=0.8480 val_loss=0.8797 val_f1_macro=0.8153 val_f1_weighted=0.8467 val_prec_macro=0.8172 val_rec_macro=0.8161 val_metric_name=acc val_metric=0.8480
Step 3150 | loss 0.0254 | val_acc=0.8482 val_loss=0.8844 val_f1_macro=0.8156 val_f1_weighted=0.8469 val_prec_macro=0.8179 val_rec_macro=0.8159 val_metric_name=acc val_metric=0.8482
Step 3200 | loss 0.0199 | val_acc=0.8484 val_loss=0.8904 val_f1_macro=0.8157 val_f1_weighted=0.8469 val_prec_macro=0.8176 val_rec_macro=0.8169 val_metric_name=acc val_metric=0.8484
Step 3250 | loss 0.0199 | val_acc=0.8500 val_loss=0.8936 val_f1_macro=0.8164 val_f1_weighted=0.8483 val_prec_macro=0.8187 val_rec_macro=0.8169 val_metric_name=acc val_metric=0.8500
Step 3300 | loss 0.0184 | val_acc=0.8487 val_loss=0.8951 val_f1_macro=0.8156 val_f1_weighted=0.8474 val_prec_macro=0.8174 val_rec_macro=0.8165 val_metric_name=acc val_metric=0.8487
Step 3350 | loss 0.0197 | val_acc=0.8501 val_loss=0.8975 val_f1_macro=0.8165 val_f1_weighted=0.8487 val_prec_macro=0.8184 val_rec_macro=0.8174 val_metric_name=acc val_metric=0.8501
Step 3400 | loss 0.0203 | val_acc=0.8505 val_loss=0.9039 val_f1_macro=0.8177 val_f1_weighted=0.8490 val_prec_macro=0.8191 val_rec_macro=0.8190 val_metric_name=acc val_metric=0.8505
Step 3450 | loss 0.0208 | val_acc=0.8491 val_loss=0.9061 val_f1_macro=0.8161 val_f1_weighted=0.8477 val_prec_macro=0.8185 val_rec_macro=0.8167 val_metric_name=acc val_metric=0.8491
Step 3500 | loss 0.0192 | val_acc=0.8507 val_loss=0.9056 val_f1_macro=0.8189 val_f1_weighted=0.8494 val_prec_macro=0.8214 val_rec_macro=0.8197 val_metric_name=acc val_metric=0.8507
Step 3550 | loss 0.0154 | val_acc=0.8500 val_loss=0.9095 val_f1_macro=0.8172 val_f1_weighted=0.8485 val_prec_macro=0.8191 val_rec_macro=0.8181 val_metric_name=acc val_metric=0.8500
Step 3600 | loss 0.0178 | val_acc=0.8501 val_loss=0.9156 val_f1_macro=0.8173 val_f1_weighted=0.8488 val_prec_macro=0.8191 val_rec_macro=0.8181 val_metric_name=acc val_metric=0.8501
Step 3650 | loss 0.0164 | val_acc=0.8496 val_loss=0.9224 val_f1_macro=0.8161 val_f1_weighted=0.8479 val_prec_macro=0.8171 val_rec_macro=0.8181 val_metric_name=acc val_metric=0.8496
Step 3700 | loss 0.0181 | val_acc=0.8494 val_loss=0.9236 val_f1_macro=0.8160 val_f1_weighted=0.8477 val_prec_macro=0.8178 val_rec_macro=0.8173 val_metric_name=acc val_metric=0.8494
Step 3750 | loss 0.0152 | val_acc=0.8498 val_loss=0.9259 val_f1_macro=0.8163 val_f1_weighted=0.8480 val_prec_macro=0.8193 val_rec_macro=0.8171 val_metric_name=acc val_metric=0.8498
Early stopping at step 3760

--- Final (best ckpt @ step 3460) ---
  train_acc=1.0000 train_loss=0.0004 train_f1_macro=1.0000 train_f1_weighted=1.0000 train_prec_macro=1.0000 train_rec_macro=1.0000 train_metric_name=acc train_metric=1.0000
  val_acc=0.8514 val_loss=0.9085 val_f1_macro=0.8185 val_f1_weighted=0.8496 val_prec_macro=0.8204 val_rec_macro=0.8194 val_metric_name=acc val_metric=0.8514
  test_acc=0.8512 test_loss=0.9108 test_f1_macro=0.8153 test_f1_weighted=0.8491 test_prec_macro=0.8187 test_rec_macro=0.8152 test_metric_name=acc test_metric=0.8512
  test_acc=0.8512

============================================================
Training roman-empire GT-sep 3L h=256 lr=6e-05 split=7
============================================================
Training for 5000 steps
Step    1 | loss 3.1324 | val_acc=0.0563 val_loss=2.9512 val_f1_macro=0.0323 val_f1_weighted=0.0435 val_prec_macro=0.0396 val_rec_macro=0.0541 val_metric_name=acc val_metric=0.0563
Step   50 | loss 1.3588 | val_acc=0.6164 val_loss=1.2394 val_f1_macro=0.4224 val_f1_weighted=0.5698 val_prec_macro=0.4754 val_rec_macro=0.4209 val_metric_name=acc val_metric=0.6164
Step  100 | loss 0.9828 | val_acc=0.7077 val_loss=0.9204 val_f1_macro=0.5589 val_f1_weighted=0.6784 val_prec_macro=0.5926 val_rec_macro=0.5655 val_metric_name=acc val_metric=0.7077
Step  150 | loss 0.7944 | val_acc=0.7437 val_loss=0.7864 val_f1_macro=0.6217 val_f1_weighted=0.7242 val_prec_macro=0.6770 val_rec_macro=0.6242 val_metric_name=acc val_metric=0.7437
Step  200 | loss 0.6650 | val_acc=0.7643 val_loss=0.7109 val_f1_macro=0.6711 val_f1_weighted=0.7515 val_prec_macro=0.7159 val_rec_macro=0.6695 val_metric_name=acc val_metric=0.7643
Step  250 | loss 0.5750 | val_acc=0.7834 val_loss=0.6608 val_f1_macro=0.7149 val_f1_weighted=0.7761 val_prec_macro=0.7490 val_rec_macro=0.7083 val_metric_name=acc val_metric=0.7834
Step  300 | loss 0.4932 | val_acc=0.7970 val_loss=0.6270 val_f1_macro=0.7381 val_f1_weighted=0.7914 val_prec_macro=0.7628 val_rec_macro=0.7329 val_metric_name=acc val_metric=0.7970
Step  350 | loss 0.4257 | val_acc=0.8104 val_loss=0.6060 val_f1_macro=0.7610 val_f1_weighted=0.8064 val_prec_macro=0.7783 val_rec_macro=0.7555 val_metric_name=acc val_metric=0.8104
Step  400 | loss 0.3731 | val_acc=0.8203 val_loss=0.5989 val_f1_macro=0.7773 val_f1_weighted=0.8171 val_prec_macro=0.7871 val_rec_macro=0.7747 val_metric_name=acc val_metric=0.8203
Step  450 | loss 0.3128 | val_acc=0.8235 val_loss=0.5984 val_f1_macro=0.7818 val_f1_weighted=0.8207 val_prec_macro=0.7901 val_rec_macro=0.7789 val_metric_name=acc val_metric=0.8235
Step  500 | loss 0.2698 | val_acc=0.8274 val_loss=0.6074 val_f1_macro=0.7885 val_f1_weighted=0.8243 val_prec_macro=0.7944 val_rec_macro=0.7880 val_metric_name=acc val_metric=0.8274
Step  550 | loss 0.2248 | val_acc=0.8295 val_loss=0.6209 val_f1_macro=0.7909 val_f1_weighted=0.8269 val_prec_macro=0.7959 val_rec_macro=0.7904 val_metric_name=acc val_metric=0.8295
Step  600 | loss 0.1990 | val_acc=0.8339 val_loss=0.6364 val_f1_macro=0.7976 val_f1_weighted=0.8318 val_prec_macro=0.8015 val_rec_macro=0.7983 val_metric_name=acc val_metric=0.8339
Step  650 | loss 0.1714 | val_acc=0.8348 val_loss=0.6532 val_f1_macro=0.7998 val_f1_weighted=0.8327 val_prec_macro=0.8033 val_rec_macro=0.8000 val_metric_name=acc val_metric=0.8348
Step  700 | loss 0.1406 | val_acc=0.8372 val_loss=0.6713 val_f1_macro=0.8017 val_f1_weighted=0.8352 val_prec_macro=0.8050 val_rec_macro=0.8021 val_metric_name=acc val_metric=0.8372
Step  750 | loss 0.1230 | val_acc=0.8413 val_loss=0.6912 val_f1_macro=0.8081 val_f1_weighted=0.8393 val_prec_macro=0.8117 val_rec_macro=0.8079 val_metric_name=acc val_metric=0.8413
Step  800 | loss 0.1117 | val_acc=0.8417 val_loss=0.7039 val_f1_macro=0.8090 val_f1_weighted=0.8401 val_prec_macro=0.8133 val_rec_macro=0.8080 val_metric_name=acc val_metric=0.8417
Step  850 | loss 0.0935 | val_acc=0.8410 val_loss=0.7261 val_f1_macro=0.8080 val_f1_weighted=0.8391 val_prec_macro=0.8128 val_rec_macro=0.8070 val_metric_name=acc val_metric=0.8410
Step  900 | loss 0.0831 | val_acc=0.8417 val_loss=0.7390 val_f1_macro=0.8078 val_f1_weighted=0.8404 val_prec_macro=0.8096 val_rec_macro=0.8093 val_metric_name=acc val_metric=0.8417
Step  950 | loss 0.0777 | val_acc=0.8425 val_loss=0.7504 val_f1_macro=0.8102 val_f1_weighted=0.8412 val_prec_macro=0.8133 val_rec_macro=0.8106 val_metric_name=acc val_metric=0.8425
Step 1000 | loss 0.0711 | val_acc=0.8438 val_loss=0.7668 val_f1_macro=0.8112 val_f1_weighted=0.8423 val_prec_macro=0.8155 val_rec_macro=0.8101 val_metric_name=acc val_metric=0.8438
Step 1050 | loss 0.0643 | val_acc=0.8432 val_loss=0.7783 val_f1_macro=0.8125 val_f1_weighted=0.8418 val_prec_macro=0.8174 val_rec_macro=0.8108 val_metric_name=acc val_metric=0.8432
Step 1100 | loss 0.0516 | val_acc=0.8452 val_loss=0.7879 val_f1_macro=0.8129 val_f1_weighted=0.8441 val_prec_macro=0.8152 val_rec_macro=0.8135 val_metric_name=acc val_metric=0.8452
Step 1150 | loss 0.0498 | val_acc=0.8459 val_loss=0.8018 val_f1_macro=0.8144 val_f1_weighted=0.8447 val_prec_macro=0.8174 val_rec_macro=0.8146 val_metric_name=acc val_metric=0.8459
Step 1200 | loss 0.0470 | val_acc=0.8464 val_loss=0.8175 val_f1_macro=0.8155 val_f1_weighted=0.8447 val_prec_macro=0.8193 val_rec_macro=0.8152 val_metric_name=acc val_metric=0.8464
Step 1250 | loss 0.0412 | val_acc=0.8468 val_loss=0.8172 val_f1_macro=0.8153 val_f1_weighted=0.8455 val_prec_macro=0.8197 val_rec_macro=0.8137 val_metric_name=acc val_metric=0.8468
Step 1300 | loss 0.0358 | val_acc=0.8459 val_loss=0.8269 val_f1_macro=0.8141 val_f1_weighted=0.8446 val_prec_macro=0.8187 val_rec_macro=0.8123 val_metric_name=acc val_metric=0.8459
Step 1350 | loss 0.0355 | val_acc=0.8470 val_loss=0.8381 val_f1_macro=0.8151 val_f1_weighted=0.8456 val_prec_macro=0.8169 val_rec_macro=0.8162 val_metric_name=acc val_metric=0.8470
Step 1400 | loss 0.0329 | val_acc=0.8468 val_loss=0.8478 val_f1_macro=0.8138 val_f1_weighted=0.8453 val_prec_macro=0.8166 val_rec_macro=0.8139 val_metric_name=acc val_metric=0.8468
Step 1450 | loss 0.0351 | val_acc=0.8478 val_loss=0.8558 val_f1_macro=0.8151 val_f1_weighted=0.8463 val_prec_macro=0.8158 val_rec_macro=0.8172 val_metric_name=acc val_metric=0.8478
Step 1500 | loss 0.0302 | val_acc=0.8462 val_loss=0.8649 val_f1_macro=0.8139 val_f1_weighted=0.8447 val_prec_macro=0.8156 val_rec_macro=0.8154 val_metric_name=acc val_metric=0.8462
Step 1550 | loss 0.0253 | val_acc=0.8470 val_loss=0.8742 val_f1_macro=0.8161 val_f1_weighted=0.8452 val_prec_macro=0.8171 val_rec_macro=0.8184 val_metric_name=acc val_metric=0.8470
Step 1600 | loss 0.0281 | val_acc=0.8491 val_loss=0.8711 val_f1_macro=0.8182 val_f1_weighted=0.8478 val_prec_macro=0.8210 val_rec_macro=0.8180 val_metric_name=acc val_metric=0.8491
Step 1650 | loss 0.0244 | val_acc=0.8500 val_loss=0.8736 val_f1_macro=0.8178 val_f1_weighted=0.8487 val_prec_macro=0.8187 val_rec_macro=0.8191 val_metric_name=acc val_metric=0.8500
Step 1700 | loss 0.0225 | val_acc=0.8480 val_loss=0.8903 val_f1_macro=0.8156 val_f1_weighted=0.8461 val_prec_macro=0.8176 val_rec_macro=0.8166 val_metric_name=acc val_metric=0.8480
Step 1750 | loss 0.0219 | val_acc=0.8494 val_loss=0.8917 val_f1_macro=0.8176 val_f1_weighted=0.8479 val_prec_macro=0.8193 val_rec_macro=0.8187 val_metric_name=acc val_metric=0.8494
Step 1800 | loss 0.0242 | val_acc=0.8484 val_loss=0.8974 val_f1_macro=0.8159 val_f1_weighted=0.8466 val_prec_macro=0.8179 val_rec_macro=0.8171 val_metric_name=acc val_metric=0.8484
Step 1850 | loss 0.0205 | val_acc=0.8478 val_loss=0.9077 val_f1_macro=0.8158 val_f1_weighted=0.8462 val_prec_macro=0.8192 val_rec_macro=0.8153 val_metric_name=acc val_metric=0.8478
Step 1900 | loss 0.0202 | val_acc=0.8496 val_loss=0.9120 val_f1_macro=0.8184 val_f1_weighted=0.8482 val_prec_macro=0.8204 val_rec_macro=0.8186 val_metric_name=acc val_metric=0.8496
Step 1950 | loss 0.0164 | val_acc=0.8484 val_loss=0.9220 val_f1_macro=0.8160 val_f1_weighted=0.8466 val_prec_macro=0.8162 val_rec_macro=0.8183 val_metric_name=acc val_metric=0.8484
Step 2000 | loss 0.0191 | val_acc=0.8503 val_loss=0.9263 val_f1_macro=0.8179 val_f1_weighted=0.8483 val_prec_macro=0.8198 val_rec_macro=0.8187 val_metric_name=acc val_metric=0.8503
Step 2050 | loss 0.0186 | val_acc=0.8492 val_loss=0.9344 val_f1_macro=0.8157 val_f1_weighted=0.8476 val_prec_macro=0.8168 val_rec_macro=0.8178 val_metric_name=acc val_metric=0.8492
Step 2100 | loss 0.0170 | val_acc=0.8523 val_loss=0.9374 val_f1_macro=0.8194 val_f1_weighted=0.8504 val_prec_macro=0.8206 val_rec_macro=0.8202 val_metric_name=acc val_metric=0.8523
Step 2150 | loss 0.0145 | val_acc=0.8526 val_loss=0.9453 val_f1_macro=0.8219 val_f1_weighted=0.8509 val_prec_macro=0.8225 val_rec_macro=0.8239 val_metric_name=acc val_metric=0.8526
Step 2200 | loss 0.0161 | val_acc=0.8492 val_loss=0.9528 val_f1_macro=0.8164 val_f1_weighted=0.8476 val_prec_macro=0.8177 val_rec_macro=0.8181 val_metric_name=acc val_metric=0.8492
Step 2250 | loss 0.0124 | val_acc=0.8512 val_loss=0.9504 val_f1_macro=0.8195 val_f1_weighted=0.8495 val_prec_macro=0.8213 val_rec_macro=0.8202 val_metric_name=acc val_metric=0.8512
Step 2300 | loss 0.0136 | val_acc=0.8508 val_loss=0.9503 val_f1_macro=0.8182 val_f1_weighted=0.8492 val_prec_macro=0.8185 val_rec_macro=0.8203 val_metric_name=acc val_metric=0.8508
Step 2350 | loss 0.0141 | val_acc=0.8507 val_loss=0.9534 val_f1_macro=0.8197 val_f1_weighted=0.8493 val_prec_macro=0.8212 val_rec_macro=0.8198 val_metric_name=acc val_metric=0.8507
Step 2400 | loss 0.0122 | val_acc=0.8524 val_loss=0.9602 val_f1_macro=0.8203 val_f1_weighted=0.8505 val_prec_macro=0.8208 val_rec_macro=0.8223 val_metric_name=acc val_metric=0.8524
Step 2450 | loss 0.0135 | val_acc=0.8523 val_loss=0.9682 val_f1_macro=0.8204 val_f1_weighted=0.8504 val_prec_macro=0.8211 val_rec_macro=0.8223 val_metric_name=acc val_metric=0.8523
Step 2500 | loss 0.0130 | val_acc=0.8507 val_loss=0.9646 val_f1_macro=0.8165 val_f1_weighted=0.8490 val_prec_macro=0.8172 val_rec_macro=0.8187 val_metric_name=acc val_metric=0.8507
Step 2550 | loss 0.0126 | val_acc=0.8510 val_loss=0.9773 val_f1_macro=0.8181 val_f1_weighted=0.8493 val_prec_macro=0.8192 val_rec_macro=0.8195 val_metric_name=acc val_metric=0.8510
Early stopping at step 2590

--- Final (best ckpt @ step 2290) ---
  train_acc=1.0000 train_loss=0.0002 train_f1_macro=1.0000 train_f1_weighted=1.0000 train_prec_macro=1.0000 train_rec_macro=1.0000 train_metric_name=acc train_metric=1.0000
  val_acc=0.8531 val_loss=0.9491 val_f1_macro=0.8203 val_f1_weighted=0.8513 val_prec_macro=0.8198 val_rec_macro=0.8233 val_metric_name=acc val_metric=0.8531
  test_acc=0.8539 test_loss=0.9550 test_f1_macro=0.8199 test_f1_weighted=0.8517 test_prec_macro=0.8236 test_rec_macro=0.8196 test_metric_name=acc test_metric=0.8539
  test_acc=0.8539

============================================================
Training roman-empire GT-sep 3L h=256 lr=0.0001 split=7
============================================================
Training for 5000 steps
Step    1 | loss 3.1324 | val_acc=0.0863 val_loss=2.8138 val_f1_macro=0.0409 val_f1_weighted=0.0634 val_prec_macro=0.0464 val_rec_macro=0.0593 val_metric_name=acc val_metric=0.0863
Step   50 | loss 1.1161 | val_acc=0.6747 val_loss=1.0425 val_f1_macro=0.5044 val_f1_weighted=0.6378 val_prec_macro=0.5301 val_rec_macro=0.5135 val_metric_name=acc val_metric=0.6747
Step  100 | loss 0.7810 | val_acc=0.7462 val_loss=0.7799 val_f1_macro=0.6246 val_f1_weighted=0.7273 val_prec_macro=0.6779 val_rec_macro=0.6282 val_metric_name=acc val_metric=0.7462
Step  150 | loss 0.6062 | val_acc=0.7751 val_loss=0.6780 val_f1_macro=0.6964 val_f1_weighted=0.7667 val_prec_macro=0.7352 val_rec_macro=0.6926 val_metric_name=acc val_metric=0.7751
Step  200 | loss 0.4755 | val_acc=0.8005 val_loss=0.6246 val_f1_macro=0.7417 val_f1_weighted=0.7951 val_prec_macro=0.7674 val_rec_macro=0.7358 val_metric_name=acc val_metric=0.8005
Step  250 | loss 0.3791 | val_acc=0.8175 val_loss=0.6021 val_f1_macro=0.7719 val_f1_weighted=0.8141 val_prec_macro=0.7837 val_rec_macro=0.7678 val_metric_name=acc val_metric=0.8175
Step  300 | loss 0.2963 | val_acc=0.8237 val_loss=0.6039 val_f1_macro=0.7818 val_f1_weighted=0.8204 val_prec_macro=0.7896 val_rec_macro=0.7793 val_metric_name=acc val_metric=0.8237
Step  350 | loss 0.2242 | val_acc=0.8286 val_loss=0.6213 val_f1_macro=0.7911 val_f1_weighted=0.8265 val_prec_macro=0.7959 val_rec_macro=0.7907 val_metric_name=acc val_metric=0.8286
Step  400 | loss 0.1844 | val_acc=0.8321 val_loss=0.6524 val_f1_macro=0.7953 val_f1_weighted=0.8302 val_prec_macro=0.7996 val_rec_macro=0.7955 val_metric_name=acc val_metric=0.8321
Step  450 | loss 0.1441 | val_acc=0.8344 val_loss=0.6847 val_f1_macro=0.7991 val_f1_weighted=0.8328 val_prec_macro=0.8024 val_rec_macro=0.7997 val_metric_name=acc val_metric=0.8344
Step  500 | loss 0.1149 | val_acc=0.8364 val_loss=0.7095 val_f1_macro=0.8005 val_f1_weighted=0.8343 val_prec_macro=0.8026 val_rec_macro=0.8019 val_metric_name=acc val_metric=0.8364
Step  550 | loss 0.0905 | val_acc=0.8394 val_loss=0.7481 val_f1_macro=0.8059 val_f1_weighted=0.8378 val_prec_macro=0.8101 val_rec_macro=0.8055 val_metric_name=acc val_metric=0.8394
Step  600 | loss 0.0775 | val_acc=0.8394 val_loss=0.7631 val_f1_macro=0.8062 val_f1_weighted=0.8377 val_prec_macro=0.8097 val_rec_macro=0.8062 val_metric_name=acc val_metric=0.8394
Step  650 | loss 0.0658 | val_acc=0.8387 val_loss=0.7836 val_f1_macro=0.8049 val_f1_weighted=0.8373 val_prec_macro=0.8094 val_rec_macro=0.8034 val_metric_name=acc val_metric=0.8387
Step  700 | loss 0.0532 | val_acc=0.8417 val_loss=0.7982 val_f1_macro=0.8087 val_f1_weighted=0.8405 val_prec_macro=0.8114 val_rec_macro=0.8090 val_metric_name=acc val_metric=0.8417
Step  750 | loss 0.0465 | val_acc=0.8429 val_loss=0.8185 val_f1_macro=0.8118 val_f1_weighted=0.8414 val_prec_macro=0.8158 val_rec_macro=0.8111 val_metric_name=acc val_metric=0.8429
Step  800 | loss 0.0440 | val_acc=0.8443 val_loss=0.8306 val_f1_macro=0.8136 val_f1_weighted=0.8430 val_prec_macro=0.8174 val_rec_macro=0.8128 val_metric_name=acc val_metric=0.8443
Step  850 | loss 0.0346 | val_acc=0.8441 val_loss=0.8543 val_f1_macro=0.8132 val_f1_weighted=0.8426 val_prec_macro=0.8175 val_rec_macro=0.8121 val_metric_name=acc val_metric=0.8441
Step  900 | loss 0.0310 | val_acc=0.8432 val_loss=0.8627 val_f1_macro=0.8107 val_f1_weighted=0.8421 val_prec_macro=0.8116 val_rec_macro=0.8126 val_metric_name=acc val_metric=0.8432
Step  950 | loss 0.0306 | val_acc=0.8462 val_loss=0.8735 val_f1_macro=0.8145 val_f1_weighted=0.8450 val_prec_macro=0.8172 val_rec_macro=0.8154 val_metric_name=acc val_metric=0.8462
Step 1000 | loss 0.0277 | val_acc=0.8464 val_loss=0.8798 val_f1_macro=0.8158 val_f1_weighted=0.8449 val_prec_macro=0.8191 val_rec_macro=0.8153 val_metric_name=acc val_metric=0.8464
Step 1050 | loss 0.0273 | val_acc=0.8462 val_loss=0.8935 val_f1_macro=0.8153 val_f1_weighted=0.8446 val_prec_macro=0.8179 val_rec_macro=0.8155 val_metric_name=acc val_metric=0.8462
Step 1100 | loss 0.0214 | val_acc=0.8466 val_loss=0.9040 val_f1_macro=0.8167 val_f1_weighted=0.8455 val_prec_macro=0.8190 val_rec_macro=0.8169 val_metric_name=acc val_metric=0.8466
Step 1150 | loss 0.0225 | val_acc=0.8478 val_loss=0.9181 val_f1_macro=0.8177 val_f1_weighted=0.8461 val_prec_macro=0.8207 val_rec_macro=0.8179 val_metric_name=acc val_metric=0.8478
Step 1200 | loss 0.0205 | val_acc=0.8489 val_loss=0.9289 val_f1_macro=0.8165 val_f1_weighted=0.8472 val_prec_macro=0.8188 val_rec_macro=0.8169 val_metric_name=acc val_metric=0.8489
Step 1250 | loss 0.0176 | val_acc=0.8477 val_loss=0.9256 val_f1_macro=0.8161 val_f1_weighted=0.8464 val_prec_macro=0.8175 val_rec_macro=0.8170 val_metric_name=acc val_metric=0.8477
Step 1300 | loss 0.0147 | val_acc=0.8470 val_loss=0.9318 val_f1_macro=0.8146 val_f1_weighted=0.8456 val_prec_macro=0.8162 val_rec_macro=0.8152 val_metric_name=acc val_metric=0.8470
Step 1350 | loss 0.0159 | val_acc=0.8468 val_loss=0.9481 val_f1_macro=0.8115 val_f1_weighted=0.8453 val_prec_macro=0.8109 val_rec_macro=0.8143 val_metric_name=acc val_metric=0.8468
Step 1400 | loss 0.0156 | val_acc=0.8505 val_loss=0.9467 val_f1_macro=0.8178 val_f1_weighted=0.8489 val_prec_macro=0.8194 val_rec_macro=0.8186 val_metric_name=acc val_metric=0.8505
Step 1450 | loss 0.0150 | val_acc=0.8461 val_loss=0.9621 val_f1_macro=0.8134 val_f1_weighted=0.8444 val_prec_macro=0.8119 val_rec_macro=0.8168 val_metric_name=acc val_metric=0.8461
Step 1500 | loss 0.0133 | val_acc=0.8459 val_loss=0.9687 val_f1_macro=0.8126 val_f1_weighted=0.8441 val_prec_macro=0.8123 val_rec_macro=0.8155 val_metric_name=acc val_metric=0.8459
Step 1550 | loss 0.0111 | val_acc=0.8473 val_loss=0.9768 val_f1_macro=0.8152 val_f1_weighted=0.8456 val_prec_macro=0.8164 val_rec_macro=0.8171 val_metric_name=acc val_metric=0.8473
Step 1600 | loss 0.0130 | val_acc=0.8491 val_loss=0.9684 val_f1_macro=0.8159 val_f1_weighted=0.8475 val_prec_macro=0.8151 val_rec_macro=0.8189 val_metric_name=acc val_metric=0.8491
Step 1650 | loss 0.0121 | val_acc=0.8512 val_loss=0.9662 val_f1_macro=0.8188 val_f1_weighted=0.8497 val_prec_macro=0.8190 val_rec_macro=0.8208 val_metric_name=acc val_metric=0.8512
Step 1700 | loss 0.0089 | val_acc=0.8487 val_loss=0.9875 val_f1_macro=0.8144 val_f1_weighted=0.8467 val_prec_macro=0.8154 val_rec_macro=0.8162 val_metric_name=acc val_metric=0.8487
Step 1750 | loss 0.0097 | val_acc=0.8523 val_loss=0.9855 val_f1_macro=0.8201 val_f1_weighted=0.8504 val_prec_macro=0.8224 val_rec_macro=0.8199 val_metric_name=acc val_metric=0.8523
Step 1800 | loss 0.0116 | val_acc=0.8505 val_loss=0.9830 val_f1_macro=0.8181 val_f1_weighted=0.8490 val_prec_macro=0.8192 val_rec_macro=0.8192 val_metric_name=acc val_metric=0.8505
Step 1850 | loss 0.0089 | val_acc=0.8496 val_loss=1.0060 val_f1_macro=0.8159 val_f1_weighted=0.8476 val_prec_macro=0.8197 val_rec_macro=0.8145 val_metric_name=acc val_metric=0.8496
Step 1900 | loss 0.0102 | val_acc=0.8537 val_loss=1.0103 val_f1_macro=0.8223 val_f1_weighted=0.8521 val_prec_macro=0.8246 val_rec_macro=0.8217 val_metric_name=acc val_metric=0.8537
Step 1950 | loss 0.0073 | val_acc=0.8507 val_loss=1.0192 val_f1_macro=0.8178 val_f1_weighted=0.8489 val_prec_macro=0.8195 val_rec_macro=0.8186 val_metric_name=acc val_metric=0.8507
Step 2000 | loss 0.0086 | val_acc=0.8519 val_loss=1.0264 val_f1_macro=0.8178 val_f1_weighted=0.8495 val_prec_macro=0.8194 val_rec_macro=0.8186 val_metric_name=acc val_metric=0.8519
Step 2050 | loss 0.0086 | val_acc=0.8517 val_loss=1.0280 val_f1_macro=0.8186 val_f1_weighted=0.8502 val_prec_macro=0.8184 val_rec_macro=0.8210 val_metric_name=acc val_metric=0.8517
Step 2100 | loss 0.0078 | val_acc=0.8535 val_loss=1.0326 val_f1_macro=0.8202 val_f1_weighted=0.8515 val_prec_macro=0.8229 val_rec_macro=0.8194 val_metric_name=acc val_metric=0.8535
Step 2150 | loss 0.0074 | val_acc=0.8528 val_loss=1.0370 val_f1_macro=0.8215 val_f1_weighted=0.8508 val_prec_macro=0.8209 val_rec_macro=0.8247 val_metric_name=acc val_metric=0.8528
Step 2200 | loss 0.0082 | val_acc=0.8500 val_loss=1.0526 val_f1_macro=0.8159 val_f1_weighted=0.8480 val_prec_macro=0.8168 val_rec_macro=0.8185 val_metric_name=acc val_metric=0.8500
Step 2250 | loss 0.0060 | val_acc=0.8523 val_loss=1.0483 val_f1_macro=0.8212 val_f1_weighted=0.8506 val_prec_macro=0.8227 val_rec_macro=0.8218 val_metric_name=acc val_metric=0.8523
Step 2300 | loss 0.0069 | val_acc=0.8524 val_loss=1.0441 val_f1_macro=0.8218 val_f1_weighted=0.8510 val_prec_macro=0.8225 val_rec_macro=0.8237 val_metric_name=acc val_metric=0.8524
Step 2350 | loss 0.0056 | val_acc=0.8537 val_loss=1.0458 val_f1_macro=0.8232 val_f1_weighted=0.8524 val_prec_macro=0.8251 val_rec_macro=0.8228 val_metric_name=acc val_metric=0.8537
Step 2400 | loss 0.0065 | val_acc=0.8537 val_loss=1.0471 val_f1_macro=0.8210 val_f1_weighted=0.8519 val_prec_macro=0.8212 val_rec_macro=0.8234 val_metric_name=acc val_metric=0.8537
Step 2450 | loss 0.0069 | val_acc=0.8517 val_loss=1.0612 val_f1_macro=0.8181 val_f1_weighted=0.8498 val_prec_macro=0.8204 val_rec_macro=0.8182 val_metric_name=acc val_metric=0.8517
Step 2500 | loss 0.0063 | val_acc=0.8531 val_loss=1.0454 val_f1_macro=0.8198 val_f1_weighted=0.8512 val_prec_macro=0.8213 val_rec_macro=0.8213 val_metric_name=acc val_metric=0.8531
Step 2550 | loss 0.0064 | val_acc=0.8531 val_loss=1.0712 val_f1_macro=0.8224 val_f1_weighted=0.8511 val_prec_macro=0.8250 val_rec_macro=0.8228 val_metric_name=acc val_metric=0.8531
Step 2600 | loss 0.0043 | val_acc=0.8537 val_loss=1.0721 val_f1_macro=0.8210 val_f1_weighted=0.8519 val_prec_macro=0.8227 val_rec_macro=0.8216 val_metric_name=acc val_metric=0.8537
Step 2650 | loss 0.0050 | val_acc=0.8530 val_loss=1.0899 val_f1_macro=0.8180 val_f1_weighted=0.8509 val_prec_macro=0.8189 val_rec_macro=0.8196 val_metric_name=acc val_metric=0.8530
Step 2700 | loss 0.0054 | val_acc=0.8554 val_loss=1.0803 val_f1_macro=0.8236 val_f1_weighted=0.8534 val_prec_macro=0.8247 val_rec_macro=0.8247 val_metric_name=acc val_metric=0.8554
Step 2750 | loss 0.0056 | val_acc=0.8553 val_loss=1.0896 val_f1_macro=0.8241 val_f1_weighted=0.8530 val_prec_macro=0.8272 val_rec_macro=0.8234 val_metric_name=acc val_metric=0.8553
Step 2800 | loss 0.0055 | val_acc=0.8540 val_loss=1.0902 val_f1_macro=0.8214 val_f1_weighted=0.8522 val_prec_macro=0.8237 val_rec_macro=0.8212 val_metric_name=acc val_metric=0.8540
Step 2850 | loss 0.0058 | val_acc=0.8554 val_loss=1.0855 val_f1_macro=0.8223 val_f1_weighted=0.8538 val_prec_macro=0.8245 val_rec_macro=0.8225 val_metric_name=acc val_metric=0.8554
Step 2900 | loss 0.0049 | val_acc=0.8545 val_loss=1.0874 val_f1_macro=0.8205 val_f1_weighted=0.8529 val_prec_macro=0.8213 val_rec_macro=0.8221 val_metric_name=acc val_metric=0.8545
Step 2950 | loss 0.0047 | val_acc=0.8560 val_loss=1.0923 val_f1_macro=0.8233 val_f1_weighted=0.8540 val_prec_macro=0.8239 val_rec_macro=0.8255 val_metric_name=acc val_metric=0.8560
Step 3000 | loss 0.0044 | val_acc=0.8549 val_loss=1.0927 val_f1_macro=0.8208 val_f1_weighted=0.8529 val_prec_macro=0.8227 val_rec_macro=0.8208 val_metric_name=acc val_metric=0.8549
Step 3050 | loss 0.0031 | val_acc=0.8533 val_loss=1.0923 val_f1_macro=0.8207 val_f1_weighted=0.8516 val_prec_macro=0.8230 val_rec_macro=0.8211 val_metric_name=acc val_metric=0.8533
Step 3100 | loss 0.0031 | val_acc=0.8567 val_loss=1.1007 val_f1_macro=0.8253 val_f1_weighted=0.8548 val_prec_macro=0.8252 val_rec_macro=0.8282 val_metric_name=acc val_metric=0.8567
Step 3150 | loss 0.0047 | val_acc=0.8565 val_loss=1.0997 val_f1_macro=0.8248 val_f1_weighted=0.8548 val_prec_macro=0.8275 val_rec_macro=0.8246 val_metric_name=acc val_metric=0.8565
Step 3200 | loss 0.0037 | val_acc=0.8563 val_loss=1.1074 val_f1_macro=0.8249 val_f1_weighted=0.8547 val_prec_macro=0.8280 val_rec_macro=0.8240 val_metric_name=acc val_metric=0.8563
Step 3250 | loss 0.0031 | val_acc=0.8558 val_loss=1.1091 val_f1_macro=0.8217 val_f1_weighted=0.8537 val_prec_macro=0.8238 val_rec_macro=0.8216 val_metric_name=acc val_metric=0.8558
Step 3300 | loss 0.0029 | val_acc=0.8556 val_loss=1.1160 val_f1_macro=0.8225 val_f1_weighted=0.8537 val_prec_macro=0.8250 val_rec_macro=0.8229 val_metric_name=acc val_metric=0.8556
Step 3350 | loss 0.0029 | val_acc=0.8554 val_loss=1.1093 val_f1_macro=0.8216 val_f1_weighted=0.8534 val_prec_macro=0.8245 val_rec_macro=0.8210 val_metric_name=acc val_metric=0.8554
Step 3400 | loss 0.0036 | val_acc=0.8556 val_loss=1.1104 val_f1_macro=0.8230 val_f1_weighted=0.8536 val_prec_macro=0.8229 val_rec_macro=0.8250 val_metric_name=acc val_metric=0.8556
Step 3450 | loss 0.0037 | val_acc=0.8556 val_loss=1.1161 val_f1_macro=0.8250 val_f1_weighted=0.8538 val_prec_macro=0.8275 val_rec_macro=0.8251 val_metric_name=acc val_metric=0.8556
Step 3500 | loss 0.0042 | val_acc=0.8558 val_loss=1.1120 val_f1_macro=0.8231 val_f1_weighted=0.8543 val_prec_macro=0.8254 val_rec_macro=0.8226 val_metric_name=acc val_metric=0.8558
Step 3550 | loss 0.0020 | val_acc=0.8579 val_loss=1.1216 val_f1_macro=0.8255 val_f1_weighted=0.8560 val_prec_macro=0.8265 val_rec_macro=0.8266 val_metric_name=acc val_metric=0.8579
Step 3600 | loss 0.0025 | val_acc=0.8560 val_loss=1.1290 val_f1_macro=0.8236 val_f1_weighted=0.8543 val_prec_macro=0.8249 val_rec_macro=0.8245 val_metric_name=acc val_metric=0.8560
Step 3650 | loss 0.0026 | val_acc=0.8579 val_loss=1.1207 val_f1_macro=0.8260 val_f1_weighted=0.8563 val_prec_macro=0.8265 val_rec_macro=0.8277 val_metric_name=acc val_metric=0.8579
Step 3700 | loss 0.0039 | val_acc=0.8560 val_loss=1.1236 val_f1_macro=0.8221 val_f1_weighted=0.8543 val_prec_macro=0.8251 val_rec_macro=0.8212 val_metric_name=acc val_metric=0.8560
Step 3750 | loss 0.0021 | val_acc=0.8565 val_loss=1.1375 val_f1_macro=0.8228 val_f1_weighted=0.8546 val_prec_macro=0.8260 val_rec_macro=0.8220 val_metric_name=acc val_metric=0.8565
Step 3800 | loss 0.0034 | val_acc=0.8581 val_loss=1.1281 val_f1_macro=0.8278 val_f1_weighted=0.8562 val_prec_macro=0.8307 val_rec_macro=0.8269 val_metric_name=acc val_metric=0.8581
Step 3850 | loss 0.0043 | val_acc=0.8575 val_loss=1.1223 val_f1_macro=0.8273 val_f1_weighted=0.8557 val_prec_macro=0.8307 val_rec_macro=0.8256 val_metric_name=acc val_metric=0.8575
Step 3900 | loss 0.0025 | val_acc=0.8590 val_loss=1.1410 val_f1_macro=0.8273 val_f1_weighted=0.8568 val_prec_macro=0.8291 val_rec_macro=0.8275 val_metric_name=acc val_metric=0.8590
Step 3950 | loss 0.0025 | val_acc=0.8581 val_loss=1.1345 val_f1_macro=0.8260 val_f1_weighted=0.8564 val_prec_macro=0.8277 val_rec_macro=0.8267 val_metric_name=acc val_metric=0.8581
Step 4000 | loss 0.0038 | val_acc=0.8558 val_loss=1.1406 val_f1_macro=0.8230 val_f1_weighted=0.8536 val_prec_macro=0.8246 val_rec_macro=0.8239 val_metric_name=acc val_metric=0.8558
Step 4050 | loss 0.0018 | val_acc=0.8577 val_loss=1.1446 val_f1_macro=0.8246 val_f1_weighted=0.8562 val_prec_macro=0.8250 val_rec_macro=0.8264 val_metric_name=acc val_metric=0.8577
Step 4100 | loss 0.0032 | val_acc=0.8579 val_loss=1.1633 val_f1_macro=0.8235 val_f1_weighted=0.8556 val_prec_macro=0.8237 val_rec_macro=0.8259 val_metric_name=acc val_metric=0.8579
Step 4150 | loss 0.0032 | val_acc=0.8567 val_loss=1.1445 val_f1_macro=0.8259 val_f1_weighted=0.8554 val_prec_macro=0.8265 val_rec_macro=0.8281 val_metric_name=acc val_metric=0.8567
Step 4200 | loss 0.0021 | val_acc=0.8563 val_loss=1.1558 val_f1_macro=0.8228 val_f1_weighted=0.8543 val_prec_macro=0.8261 val_rec_macro=0.8216 val_metric_name=acc val_metric=0.8563
Step 4250 | loss 0.0021 | val_acc=0.8556 val_loss=1.1690 val_f1_macro=0.8218 val_f1_weighted=0.8535 val_prec_macro=0.8233 val_rec_macro=0.8238 val_metric_name=acc val_metric=0.8556
Step 4300 | loss 0.0019 | val_acc=0.8574 val_loss=1.1607 val_f1_macro=0.8243 val_f1_weighted=0.8552 val_prec_macro=0.8249 val_rec_macro=0.8262 val_metric_name=acc val_metric=0.8574
Step 4350 | loss 0.0019 | val_acc=0.8590 val_loss=1.1619 val_f1_macro=0.8274 val_f1_weighted=0.8570 val_prec_macro=0.8305 val_rec_macro=0.8266 val_metric_name=acc val_metric=0.8590
Step 4400 | loss 0.0026 | val_acc=0.8584 val_loss=1.1715 val_f1_macro=0.8247 val_f1_weighted=0.8556 val_prec_macro=0.8269 val_rec_macro=0.8258 val_metric_name=acc val_metric=0.8584
Step 4450 | loss 0.0021 | val_acc=0.8579 val_loss=1.1576 val_f1_macro=0.8245 val_f1_weighted=0.8558 val_prec_macro=0.8267 val_rec_macro=0.8247 val_metric_name=acc val_metric=0.8579
Step 4500 | loss 0.0016 | val_acc=0.8581 val_loss=1.1694 val_f1_macro=0.8239 val_f1_weighted=0.8558 val_prec_macro=0.8227 val_rec_macro=0.8277 val_metric_name=acc val_metric=0.8581
Step 4550 | loss 0.0039 | val_acc=0.8584 val_loss=1.1832 val_f1_macro=0.8256 val_f1_weighted=0.8559 val_prec_macro=0.8284 val_rec_macro=0.8259 val_metric_name=acc val_metric=0.8584
Early stopping at step 4560

--- Final (best ckpt @ step 4260) ---
  train_acc=1.0000 train_loss=0.0000 train_f1_macro=1.0000 train_f1_weighted=1.0000 train_prec_macro=1.0000 train_rec_macro=1.0000 train_metric_name=acc train_metric=1.0000
  val_acc=0.8607 val_loss=1.1552 val_f1_macro=0.8293 val_f1_weighted=0.8591 val_prec_macro=0.8299 val_rec_macro=0.8310 val_metric_name=acc val_metric=0.8607
  test_acc=0.8581 test_loss=1.1796 test_f1_macro=0.8262 test_f1_weighted=0.8561 test_prec_macro=0.8275 test_rec_macro=0.8281 test_metric_name=acc test_metric=0.8581
  test_acc=0.8581

============================================================
Training roman-empire GT-sep 3L h=256 lr=1e-05 split=7
============================================================
Training for 5000 steps
Step    1 | loss 3.1324 | val_acc=0.0388 val_loss=3.1521 val_f1_macro=0.0245 val_f1_weighted=0.0247 val_prec_macro=0.0399 val_rec_macro=0.0534 val_metric_name=acc val_metric=0.0388
Step   50 | loss 2.3392 | val_acc=0.3951 val_loss=2.1556 val_f1_macro=0.1701 val_f1_weighted=0.3183 val_prec_macro=0.2310 val_rec_macro=0.1967 val_metric_name=acc val_metric=0.3951
Step  100 | loss 1.9358 | val_acc=0.4800 val_loss=1.7337 val_f1_macro=0.2226 val_f1_weighted=0.4024 val_prec_macro=0.2723 val_rec_macro=0.2513 val_metric_name=acc val_metric=0.4800
Step  150 | loss 1.6820 | val_acc=0.5312 val_loss=1.4899 val_f1_macro=0.2720 val_f1_weighted=0.4621 val_prec_macro=0.3616 val_rec_macro=0.2936 val_metric_name=acc val_metric=0.5312
Step  200 | loss 1.4985 | val_acc=0.5815 val_loss=1.3305 val_f1_macro=0.3643 val_f1_weighted=0.5262 val_prec_macro=0.4431 val_rec_macro=0.3653 val_metric_name=acc val_metric=0.5815
Step  250 | loss 1.3745 | val_acc=0.6196 val_loss=1.2170 val_f1_macro=0.4293 val_f1_weighted=0.5741 val_prec_macro=0.4811 val_rec_macro=0.4261 val_metric_name=acc val_metric=0.6196
Step  300 | loss 1.2605 | val_acc=0.6471 val_loss=1.1310 val_f1_macro=0.4696 val_f1_weighted=0.6057 val_prec_macro=0.5181 val_rec_macro=0.4690 val_metric_name=acc val_metric=0.6471
Step  350 | loss 1.1810 | val_acc=0.6680 val_loss=1.0642 val_f1_macro=0.4959 val_f1_weighted=0.6299 val_prec_macro=0.5248 val_rec_macro=0.4983 val_metric_name=acc val_metric=0.6680
Step  400 | loss 1.1073 | val_acc=0.6828 val_loss=1.0096 val_f1_macro=0.5167 val_f1_weighted=0.6468 val_prec_macro=0.5393 val_rec_macro=0.5236 val_metric_name=acc val_metric=0.6828
Step  450 | loss 1.0512 | val_acc=0.6948 val_loss=0.9635 val_f1_macro=0.5354 val_f1_weighted=0.6620 val_prec_macro=0.5646 val_rec_macro=0.5431 val_metric_name=acc val_metric=0.6948
Step  500 | loss 0.9976 | val_acc=0.7047 val_loss=0.9243 val_f1_macro=0.5533 val_f1_weighted=0.6744 val_prec_macro=0.5843 val_rec_macro=0.5607 val_metric_name=acc val_metric=0.7047
Step  550 | loss 0.9473 | val_acc=0.7123 val_loss=0.8894 val_f1_macro=0.5632 val_f1_weighted=0.6833 val_prec_macro=0.5914 val_rec_macro=0.5708 val_metric_name=acc val_metric=0.7123
Step  600 | loss 0.9137 | val_acc=0.7207 val_loss=0.8585 val_f1_macro=0.5775 val_f1_weighted=0.6941 val_prec_macro=0.6052 val_rec_macro=0.5848 val_metric_name=acc val_metric=0.7207
Step  650 | loss 0.8716 | val_acc=0.7299 val_loss=0.8336 val_f1_macro=0.5916 val_f1_weighted=0.7055 val_prec_macro=0.6686 val_rec_macro=0.5980 val_metric_name=acc val_metric=0.7299
Step  700 | loss 0.8444 | val_acc=0.7372 val_loss=0.8113 val_f1_macro=0.6086 val_f1_weighted=0.7155 val_prec_macro=0.6780 val_rec_macro=0.6111 val_metric_name=acc val_metric=0.7372
Step  750 | loss 0.8081 | val_acc=0.7405 val_loss=0.7923 val_f1_macro=0.6143 val_f1_weighted=0.7200 val_prec_macro=0.6717 val_rec_macro=0.6172 val_metric_name=acc val_metric=0.7405
Step  800 | loss 0.7789 | val_acc=0.7485 val_loss=0.7745 val_f1_macro=0.6319 val_f1_weighted=0.7299 val_prec_macro=0.7109 val_rec_macro=0.6337 val_metric_name=acc val_metric=0.7485
Step  850 | loss 0.7655 | val_acc=0.7530 val_loss=0.7582 val_f1_macro=0.6451 val_f1_weighted=0.7365 val_prec_macro=0.7131 val_rec_macro=0.6443 val_metric_name=acc val_metric=0.7530
Step  900 | loss 0.7243 | val_acc=0.7559 val_loss=0.7430 val_f1_macro=0.6514 val_f1_weighted=0.7402 val_prec_macro=0.7210 val_rec_macro=0.6511 val_metric_name=acc val_metric=0.7559
Step  950 | loss 0.7134 | val_acc=0.7587 val_loss=0.7307 val_f1_macro=0.6586 val_f1_weighted=0.7441 val_prec_macro=0.7163 val_rec_macro=0.6582 val_metric_name=acc val_metric=0.7587
Step 1000 | loss 0.6892 | val_acc=0.7612 val_loss=0.7178 val_f1_macro=0.6656 val_f1_weighted=0.7475 val_prec_macro=0.7216 val_rec_macro=0.6645 val_metric_name=acc val_metric=0.7612
Step 1050 | loss 0.6629 | val_acc=0.7654 val_loss=0.7062 val_f1_macro=0.6745 val_f1_weighted=0.7531 val_prec_macro=0.7264 val_rec_macro=0.6725 val_metric_name=acc val_metric=0.7654
Step 1100 | loss 0.6390 | val_acc=0.7689 val_loss=0.6958 val_f1_macro=0.6828 val_f1_weighted=0.7583 val_prec_macro=0.7324 val_rec_macro=0.6792 val_metric_name=acc val_metric=0.7689
Step 1150 | loss 0.6242 | val_acc=0.7728 val_loss=0.6857 val_f1_macro=0.6896 val_f1_weighted=0.7630 val_prec_macro=0.7321 val_rec_macro=0.6868 val_metric_name=acc val_metric=0.7728
Step 1200 | loss 0.6091 | val_acc=0.7769 val_loss=0.6772 val_f1_macro=0.6992 val_f1_weighted=0.7678 val_prec_macro=0.7370 val_rec_macro=0.6953 val_metric_name=acc val_metric=0.7769
Step 1250 | loss 0.5905 | val_acc=0.7804 val_loss=0.6681 val_f1_macro=0.7079 val_f1_weighted=0.7723 val_prec_macro=0.7433 val_rec_macro=0.7032 val_metric_name=acc val_metric=0.7804
Step 1300 | loss 0.5777 | val_acc=0.7838 val_loss=0.6596 val_f1_macro=0.7141 val_f1_weighted=0.7762 val_prec_macro=0.7477 val_rec_macro=0.7089 val_metric_name=acc val_metric=0.7838
Step 1350 | loss 0.5625 | val_acc=0.7862 val_loss=0.6520 val_f1_macro=0.7190 val_f1_weighted=0.7793 val_prec_macro=0.7530 val_rec_macro=0.7138 val_metric_name=acc val_metric=0.7862
Step 1400 | loss 0.5444 | val_acc=0.7883 val_loss=0.6455 val_f1_macro=0.7232 val_f1_weighted=0.7814 val_prec_macro=0.7568 val_rec_macro=0.7176 val_metric_name=acc val_metric=0.7883
Step 1450 | loss 0.5298 | val_acc=0.7901 val_loss=0.6391 val_f1_macro=0.7268 val_f1_weighted=0.7839 val_prec_macro=0.7572 val_rec_macro=0.7205 val_metric_name=acc val_metric=0.7901
Step 1500 | loss 0.5138 | val_acc=0.7944 val_loss=0.6333 val_f1_macro=0.7340 val_f1_weighted=0.7883 val_prec_macro=0.7643 val_rec_macro=0.7266 val_metric_name=acc val_metric=0.7944
Step 1550 | loss 0.4918 | val_acc=0.7977 val_loss=0.6284 val_f1_macro=0.7397 val_f1_weighted=0.7921 val_prec_macro=0.7672 val_rec_macro=0.7322 val_metric_name=acc val_metric=0.7977
Step 1600 | loss 0.4859 | val_acc=0.7996 val_loss=0.6233 val_f1_macro=0.7431 val_f1_weighted=0.7943 val_prec_macro=0.7684 val_rec_macro=0.7361 val_metric_name=acc val_metric=0.7996
Step 1650 | loss 0.4670 | val_acc=0.8023 val_loss=0.6186 val_f1_macro=0.7476 val_f1_weighted=0.7972 val_prec_macro=0.7706 val_rec_macro=0.7409 val_metric_name=acc val_metric=0.8023
Step 1700 | loss 0.4591 | val_acc=0.8049 val_loss=0.6142 val_f1_macro=0.7517 val_f1_weighted=0.8002 val_prec_macro=0.7751 val_rec_macro=0.7444 val_metric_name=acc val_metric=0.8049
Step 1750 | loss 0.4391 | val_acc=0.8078 val_loss=0.6116 val_f1_macro=0.7553 val_f1_weighted=0.8032 val_prec_macro=0.7754 val_rec_macro=0.7484 val_metric_name=acc val_metric=0.8078
Step 1800 | loss 0.4361 | val_acc=0.8097 val_loss=0.6070 val_f1_macro=0.7587 val_f1_weighted=0.8054 val_prec_macro=0.7774 val_rec_macro=0.7521 val_metric_name=acc val_metric=0.8097
Step 1850 | loss 0.4143 | val_acc=0.8104 val_loss=0.6042 val_f1_macro=0.7622 val_f1_weighted=0.8065 val_prec_macro=0.7793 val_rec_macro=0.7559 val_metric_name=acc val_metric=0.8104
Step 1900 | loss 0.4123 | val_acc=0.8136 val_loss=0.6019 val_f1_macro=0.7665 val_f1_weighted=0.8094 val_prec_macro=0.7806 val_rec_macro=0.7618 val_metric_name=acc val_metric=0.8136
Step 1950 | loss 0.3936 | val_acc=0.8148 val_loss=0.6000 val_f1_macro=0.7698 val_f1_weighted=0.8110 val_prec_macro=0.7824 val_rec_macro=0.7659 val_metric_name=acc val_metric=0.8148
Step 2000 | loss 0.3903 | val_acc=0.8180 val_loss=0.5981 val_f1_macro=0.7739 val_f1_weighted=0.8143 val_prec_macro=0.7855 val_rec_macro=0.7699 val_metric_name=acc val_metric=0.8180
Step 2050 | loss 0.3784 | val_acc=0.8191 val_loss=0.5975 val_f1_macro=0.7764 val_f1_weighted=0.8156 val_prec_macro=0.7882 val_rec_macro=0.7723 val_metric_name=acc val_metric=0.8191
Step 2100 | loss 0.3661 | val_acc=0.8203 val_loss=0.5954 val_f1_macro=0.7769 val_f1_weighted=0.8169 val_prec_macro=0.7877 val_rec_macro=0.7731 val_metric_name=acc val_metric=0.8203
Step 2150 | loss 0.3525 | val_acc=0.8212 val_loss=0.5968 val_f1_macro=0.7779 val_f1_weighted=0.8177 val_prec_macro=0.7891 val_rec_macro=0.7740 val_metric_name=acc val_metric=0.8212
Step 2200 | loss 0.3417 | val_acc=0.8226 val_loss=0.5958 val_f1_macro=0.7808 val_f1_weighted=0.8193 val_prec_macro=0.7911 val_rec_macro=0.7771 val_metric_name=acc val_metric=0.8226
Step 2250 | loss 0.3332 | val_acc=0.8221 val_loss=0.5955 val_f1_macro=0.7802 val_f1_weighted=0.8189 val_prec_macro=0.7889 val_rec_macro=0.7775 val_metric_name=acc val_metric=0.8221
Step 2300 | loss 0.3222 | val_acc=0.8229 val_loss=0.5956 val_f1_macro=0.7810 val_f1_weighted=0.8197 val_prec_macro=0.7906 val_rec_macro=0.7777 val_metric_name=acc val_metric=0.8229
Step 2350 | loss 0.3163 | val_acc=0.8240 val_loss=0.5956 val_f1_macro=0.7832 val_f1_weighted=0.8209 val_prec_macro=0.7916 val_rec_macro=0.7805 val_metric_name=acc val_metric=0.8240
Step 2400 | loss 0.3010 | val_acc=0.8256 val_loss=0.5963 val_f1_macro=0.7856 val_f1_weighted=0.8224 val_prec_macro=0.7939 val_rec_macro=0.7830 val_metric_name=acc val_metric=0.8256
Step 2450 | loss 0.2928 | val_acc=0.8277 val_loss=0.5980 val_f1_macro=0.7877 val_f1_weighted=0.8246 val_prec_macro=0.7953 val_rec_macro=0.7856 val_metric_name=acc val_metric=0.8277
Step 2500 | loss 0.2897 | val_acc=0.8274 val_loss=0.5995 val_f1_macro=0.7882 val_f1_weighted=0.8243 val_prec_macro=0.7964 val_rec_macro=0.7858 val_metric_name=acc val_metric=0.8274
Step 2550 | loss 0.2766 | val_acc=0.8281 val_loss=0.6011 val_f1_macro=0.7895 val_f1_weighted=0.8252 val_prec_macro=0.7969 val_rec_macro=0.7876 val_metric_name=acc val_metric=0.8281
Step 2600 | loss 0.2657 | val_acc=0.8300 val_loss=0.6024 val_f1_macro=0.7918 val_f1_weighted=0.8270 val_prec_macro=0.7990 val_rec_macro=0.7898 val_metric_name=acc val_metric=0.8300
Step 2650 | loss 0.2615 | val_acc=0.8305 val_loss=0.6057 val_f1_macro=0.7921 val_f1_weighted=0.8275 val_prec_macro=0.7990 val_rec_macro=0.7903 val_metric_name=acc val_metric=0.8305
Step 2700 | loss 0.2521 | val_acc=0.8318 val_loss=0.6077 val_f1_macro=0.7936 val_f1_weighted=0.8287 val_prec_macro=0.8002 val_rec_macro=0.7920 val_metric_name=acc val_metric=0.8318
Step 2750 | loss 0.2482 | val_acc=0.8309 val_loss=0.6108 val_f1_macro=0.7923 val_f1_weighted=0.8278 val_prec_macro=0.7985 val_rec_macro=0.7908 val_metric_name=acc val_metric=0.8309
Step 2800 | loss 0.2357 | val_acc=0.8325 val_loss=0.6126 val_f1_macro=0.7944 val_f1_weighted=0.8297 val_prec_macro=0.8004 val_rec_macro=0.7929 val_metric_name=acc val_metric=0.8325
Step 2850 | loss 0.2328 | val_acc=0.8332 val_loss=0.6140 val_f1_macro=0.7956 val_f1_weighted=0.8304 val_prec_macro=0.8013 val_rec_macro=0.7944 val_metric_name=acc val_metric=0.8332
Step 2900 | loss 0.2218 | val_acc=0.8330 val_loss=0.6172 val_f1_macro=0.7945 val_f1_weighted=0.8303 val_prec_macro=0.7993 val_rec_macro=0.7938 val_metric_name=acc val_metric=0.8330
Step 2950 | loss 0.2222 | val_acc=0.8337 val_loss=0.6193 val_f1_macro=0.7957 val_f1_weighted=0.8310 val_prec_macro=0.8003 val_rec_macro=0.7951 val_metric_name=acc val_metric=0.8337
Step 3000 | loss 0.2089 | val_acc=0.8339 val_loss=0.6218 val_f1_macro=0.7964 val_f1_weighted=0.8314 val_prec_macro=0.8009 val_rec_macro=0.7959 val_metric_name=acc val_metric=0.8339
Step 3050 | loss 0.2029 | val_acc=0.8350 val_loss=0.6258 val_f1_macro=0.7987 val_f1_weighted=0.8326 val_prec_macro=0.8026 val_rec_macro=0.7990 val_metric_name=acc val_metric=0.8350
Step 3100 | loss 0.2001 | val_acc=0.8355 val_loss=0.6285 val_f1_macro=0.7996 val_f1_weighted=0.8334 val_prec_macro=0.8038 val_rec_macro=0.7993 val_metric_name=acc val_metric=0.8355
Step 3150 | loss 0.1883 | val_acc=0.8362 val_loss=0.6308 val_f1_macro=0.8002 val_f1_weighted=0.8340 val_prec_macro=0.8045 val_rec_macro=0.7998 val_metric_name=acc val_metric=0.8362
Step 3200 | loss 0.1867 | val_acc=0.8365 val_loss=0.6345 val_f1_macro=0.8005 val_f1_weighted=0.8343 val_prec_macro=0.8046 val_rec_macro=0.8004 val_metric_name=acc val_metric=0.8365
Step 3250 | loss 0.1777 | val_acc=0.8362 val_loss=0.6384 val_f1_macro=0.7993 val_f1_weighted=0.8339 val_prec_macro=0.8028 val_rec_macro=0.7998 val_metric_name=acc val_metric=0.8362
Step 3300 | loss 0.1823 | val_acc=0.8372 val_loss=0.6415 val_f1_macro=0.8007 val_f1_weighted=0.8350 val_prec_macro=0.8044 val_rec_macro=0.8010 val_metric_name=acc val_metric=0.8372
Step 3350 | loss 0.1710 | val_acc=0.8372 val_loss=0.6452 val_f1_macro=0.8006 val_f1_weighted=0.8350 val_prec_macro=0.8045 val_rec_macro=0.8006 val_metric_name=acc val_metric=0.8372
Step 3400 | loss 0.1639 | val_acc=0.8383 val_loss=0.6481 val_f1_macro=0.8019 val_f1_weighted=0.8358 val_prec_macro=0.8059 val_rec_macro=0.8019 val_metric_name=acc val_metric=0.8383
Step 3450 | loss 0.1703 | val_acc=0.8374 val_loss=0.6505 val_f1_macro=0.8015 val_f1_weighted=0.8352 val_prec_macro=0.8052 val_rec_macro=0.8016 val_metric_name=acc val_metric=0.8374
Step 3500 | loss 0.1572 | val_acc=0.8380 val_loss=0.6534 val_f1_macro=0.8005 val_f1_weighted=0.8357 val_prec_macro=0.8033 val_rec_macro=0.8015 val_metric_name=acc val_metric=0.8380
Step 3550 | loss 0.1480 | val_acc=0.8372 val_loss=0.6557 val_f1_macro=0.8006 val_f1_weighted=0.8353 val_prec_macro=0.8037 val_rec_macro=0.8011 val_metric_name=acc val_metric=0.8372
Step 3600 | loss 0.1509 | val_acc=0.8376 val_loss=0.6603 val_f1_macro=0.8010 val_f1_weighted=0.8356 val_prec_macro=0.8045 val_rec_macro=0.8013 val_metric_name=acc val_metric=0.8376
Step 3650 | loss 0.1438 | val_acc=0.8371 val_loss=0.6662 val_f1_macro=0.8008 val_f1_weighted=0.8348 val_prec_macro=0.8042 val_rec_macro=0.8018 val_metric_name=acc val_metric=0.8371
Step 3700 | loss 0.1391 | val_acc=0.8385 val_loss=0.6683 val_f1_macro=0.8025 val_f1_weighted=0.8366 val_prec_macro=0.8059 val_rec_macro=0.8030 val_metric_name=acc val_metric=0.8385
Step 3750 | loss 0.1352 | val_acc=0.8392 val_loss=0.6705 val_f1_macro=0.8034 val_f1_weighted=0.8373 val_prec_macro=0.8075 val_rec_macro=0.8030 val_metric_name=acc val_metric=0.8392
Step 3800 | loss 0.1320 | val_acc=0.8388 val_loss=0.6747 val_f1_macro=0.8036 val_f1_weighted=0.8369 val_prec_macro=0.8073 val_rec_macro=0.8037 val_metric_name=acc val_metric=0.8388
Step 3850 | loss 0.1285 | val_acc=0.8392 val_loss=0.6782 val_f1_macro=0.8035 val_f1_weighted=0.8372 val_prec_macro=0.8074 val_rec_macro=0.8034 val_metric_name=acc val_metric=0.8392
Step 3900 | loss 0.1263 | val_acc=0.8383 val_loss=0.6821 val_f1_macro=0.8034 val_f1_weighted=0.8366 val_prec_macro=0.8069 val_rec_macro=0.8034 val_metric_name=acc val_metric=0.8383
Step 3950 | loss 0.1193 | val_acc=0.8395 val_loss=0.6861 val_f1_macro=0.8042 val_f1_weighted=0.8376 val_prec_macro=0.8079 val_rec_macro=0.8042 val_metric_name=acc val_metric=0.8395
Step 4000 | loss 0.1176 | val_acc=0.8402 val_loss=0.6887 val_f1_macro=0.8059 val_f1_weighted=0.8385 val_prec_macro=0.8092 val_rec_macro=0.8062 val_metric_name=acc val_metric=0.8402
Step 4050 | loss 0.1149 | val_acc=0.8402 val_loss=0.6911 val_f1_macro=0.8051 val_f1_weighted=0.8385 val_prec_macro=0.8083 val_rec_macro=0.8055 val_metric_name=acc val_metric=0.8402
Step 4100 | loss 0.1138 | val_acc=0.8413 val_loss=0.6969 val_f1_macro=0.8065 val_f1_weighted=0.8395 val_prec_macro=0.8097 val_rec_macro=0.8072 val_metric_name=acc val_metric=0.8413
Step 4150 | loss 0.1052 | val_acc=0.8418 val_loss=0.6998 val_f1_macro=0.8073 val_f1_weighted=0.8400 val_prec_macro=0.8104 val_rec_macro=0.8082 val_metric_name=acc val_metric=0.8418
Step 4200 | loss 0.1059 | val_acc=0.8413 val_loss=0.7022 val_f1_macro=0.8063 val_f1_weighted=0.8393 val_prec_macro=0.8101 val_rec_macro=0.8063 val_metric_name=acc val_metric=0.8413
Step 4250 | loss 0.1032 | val_acc=0.8415 val_loss=0.7032 val_f1_macro=0.8078 val_f1_weighted=0.8398 val_prec_macro=0.8110 val_rec_macro=0.8079 val_metric_name=acc val_metric=0.8415
Step 4300 | loss 0.1021 | val_acc=0.8417 val_loss=0.7090 val_f1_macro=0.8068 val_f1_weighted=0.8399 val_prec_macro=0.8106 val_rec_macro=0.8067 val_metric_name=acc val_metric=0.8417
Step 4350 | loss 0.0980 | val_acc=0.8417 val_loss=0.7126 val_f1_macro=0.8072 val_f1_weighted=0.8400 val_prec_macro=0.8100 val_rec_macro=0.8082 val_metric_name=acc val_metric=0.8417
Step 4400 | loss 0.0964 | val_acc=0.8425 val_loss=0.7166 val_f1_macro=0.8079 val_f1_weighted=0.8408 val_prec_macro=0.8120 val_rec_macro=0.8078 val_metric_name=acc val_metric=0.8425
Step 4450 | loss 0.0939 | val_acc=0.8417 val_loss=0.7179 val_f1_macro=0.8071 val_f1_weighted=0.8402 val_prec_macro=0.8106 val_rec_macro=0.8071 val_metric_name=acc val_metric=0.8417
Step 4500 | loss 0.0954 | val_acc=0.8420 val_loss=0.7204 val_f1_macro=0.8072 val_f1_weighted=0.8404 val_prec_macro=0.8096 val_rec_macro=0.8081 val_metric_name=acc val_metric=0.8420
Step 4550 | loss 0.0875 | val_acc=0.8434 val_loss=0.7253 val_f1_macro=0.8096 val_f1_weighted=0.8418 val_prec_macro=0.8122 val_rec_macro=0.8105 val_metric_name=acc val_metric=0.8434
Step 4600 | loss 0.0918 | val_acc=0.8432 val_loss=0.7288 val_f1_macro=0.8093 val_f1_weighted=0.8416 val_prec_macro=0.8125 val_rec_macro=0.8096 val_metric_name=acc val_metric=0.8432
Step 4650 | loss 0.0918 | val_acc=0.8440 val_loss=0.7323 val_f1_macro=0.8103 val_f1_weighted=0.8424 val_prec_macro=0.8131 val_rec_macro=0.8111 val_metric_name=acc val_metric=0.8440
Step 4700 | loss 0.0835 | val_acc=0.8434 val_loss=0.7323 val_f1_macro=0.8096 val_f1_weighted=0.8420 val_prec_macro=0.8125 val_rec_macro=0.8101 val_metric_name=acc val_metric=0.8434
Step 4750 | loss 0.0816 | val_acc=0.8434 val_loss=0.7366 val_f1_macro=0.8102 val_f1_weighted=0.8420 val_prec_macro=0.8126 val_rec_macro=0.8109 val_metric_name=acc val_metric=0.8434
Step 4800 | loss 0.0769 | val_acc=0.8432 val_loss=0.7404 val_f1_macro=0.8091 val_f1_weighted=0.8416 val_prec_macro=0.8115 val_rec_macro=0.8100 val_metric_name=acc val_metric=0.8432
Step 4850 | loss 0.0750 | val_acc=0.8438 val_loss=0.7439 val_f1_macro=0.8098 val_f1_weighted=0.8421 val_prec_macro=0.8115 val_rec_macro=0.8115 val_metric_name=acc val_metric=0.8438
Step 4900 | loss 0.0722 | val_acc=0.8431 val_loss=0.7469 val_f1_macro=0.8089 val_f1_weighted=0.8415 val_prec_macro=0.8115 val_rec_macro=0.8094 val_metric_name=acc val_metric=0.8431
Step 4950 | loss 0.0756 | val_acc=0.8436 val_loss=0.7507 val_f1_macro=0.8107 val_f1_weighted=0.8420 val_prec_macro=0.8127 val_rec_macro=0.8120 val_metric_name=acc val_metric=0.8436
Step 5000 | loss 0.0709 | val_acc=0.8455 val_loss=0.7509 val_f1_macro=0.8125 val_f1_weighted=0.8439 val_prec_macro=0.8151 val_rec_macro=0.8133 val_metric_name=acc val_metric=0.8455

--- Final (best ckpt @ step 5000) ---
  train_acc=0.9989 train_loss=0.0059 train_f1_macro=0.9988 train_f1_weighted=0.9989 train_prec_macro=0.9989 train_rec_macro=0.9987 train_metric_name=acc train_metric=0.9989
  val_acc=0.8455 val_loss=0.7509 val_f1_macro=0.8125 val_f1_weighted=0.8439 val_prec_macro=0.8151 val_rec_macro=0.8133 val_metric_name=acc val_metric=0.8455
  test_acc=0.8456 test_loss=0.7429 test_f1_macro=0.8074 test_f1_weighted=0.8433 test_prec_macro=0.8124 test_rec_macro=0.8060 test_metric_name=acc test_metric=0.8456
  test_acc=0.8456

============================================================
Training roman-empire GT-sep 3L h=384 lr=3e-05 split=7
============================================================
Training for 5000 steps
Step    1 | loss 3.0398 | val_acc=0.1606 val_loss=2.7961 val_f1_macro=0.0765 val_f1_weighted=0.1355 val_prec_macro=0.0740 val_rec_macro=0.0963 val_metric_name=acc val_metric=0.1606
Step   50 | loss 1.4188 | val_acc=0.6072 val_loss=1.2623 val_f1_macro=0.4214 val_f1_weighted=0.5583 val_prec_macro=0.5063 val_rec_macro=0.4222 val_metric_name=acc val_metric=0.6072
Step  100 | loss 1.0339 | val_acc=0.6967 val_loss=0.9680 val_f1_macro=0.5418 val_f1_weighted=0.6639 val_prec_macro=0.5780 val_rec_macro=0.5530 val_metric_name=acc val_metric=0.6967
Step  150 | loss 0.8490 | val_acc=0.7271 val_loss=0.8404 val_f1_macro=0.5991 val_f1_weighted=0.7067 val_prec_macro=0.6557 val_rec_macro=0.6022 val_metric_name=acc val_metric=0.7271
Step  200 | loss 0.7346 | val_acc=0.7486 val_loss=0.7690 val_f1_macro=0.6404 val_f1_weighted=0.7338 val_prec_macro=0.6783 val_rec_macro=0.6395 val_metric_name=acc val_metric=0.7486
Step  250 | loss 0.6421 | val_acc=0.7656 val_loss=0.7147 val_f1_macro=0.6771 val_f1_weighted=0.7550 val_prec_macro=0.7101 val_rec_macro=0.6760 val_metric_name=acc val_metric=0.7656
Step  300 | loss 0.5690 | val_acc=0.7774 val_loss=0.6759 val_f1_macro=0.7030 val_f1_weighted=0.7695 val_prec_macro=0.7245 val_rec_macro=0.7014 val_metric_name=acc val_metric=0.7774
Step  350 | loss 0.5090 | val_acc=0.7887 val_loss=0.6479 val_f1_macro=0.7208 val_f1_weighted=0.7826 val_prec_macro=0.7375 val_rec_macro=0.7188 val_metric_name=acc val_metric=0.7887
Step  400 | loss 0.4539 | val_acc=0.8009 val_loss=0.6319 val_f1_macro=0.7431 val_f1_weighted=0.7958 val_prec_macro=0.7529 val_rec_macro=0.7440 val_metric_name=acc val_metric=0.8009
Step  450 | loss 0.3954 | val_acc=0.8115 val_loss=0.6177 val_f1_macro=0.7602 val_f1_weighted=0.8076 val_prec_macro=0.7684 val_rec_macro=0.7604 val_metric_name=acc val_metric=0.8115
Step  500 | loss 0.3558 | val_acc=0.8196 val_loss=0.6106 val_f1_macro=0.7745 val_f1_weighted=0.8164 val_prec_macro=0.7803 val_rec_macro=0.7747 val_metric_name=acc val_metric=0.8196
Step  550 | loss 0.3129 | val_acc=0.8224 val_loss=0.6098 val_f1_macro=0.7824 val_f1_weighted=0.8198 val_prec_macro=0.7855 val_rec_macro=0.7846 val_metric_name=acc val_metric=0.8224
Step  600 | loss 0.2722 | val_acc=0.8268 val_loss=0.6102 val_f1_macro=0.7892 val_f1_weighted=0.8242 val_prec_macro=0.7933 val_rec_macro=0.7888 val_metric_name=acc val_metric=0.8268
Step  650 | loss 0.2440 | val_acc=0.8300 val_loss=0.6181 val_f1_macro=0.7947 val_f1_weighted=0.8279 val_prec_macro=0.8001 val_rec_macro=0.7930 val_metric_name=acc val_metric=0.8300
Step  700 | loss 0.2087 | val_acc=0.8314 val_loss=0.6281 val_f1_macro=0.7954 val_f1_weighted=0.8293 val_prec_macro=0.7992 val_rec_macro=0.7947 val_metric_name=acc val_metric=0.8314
Step  750 | loss 0.1845 | val_acc=0.8328 val_loss=0.6464 val_f1_macro=0.7966 val_f1_weighted=0.8306 val_prec_macro=0.8003 val_rec_macro=0.7964 val_metric_name=acc val_metric=0.8328
Step  800 | loss 0.1615 | val_acc=0.8357 val_loss=0.6557 val_f1_macro=0.8009 val_f1_weighted=0.8336 val_prec_macro=0.8044 val_rec_macro=0.8007 val_metric_name=acc val_metric=0.8357
Step  850 | loss 0.1420 | val_acc=0.8371 val_loss=0.6729 val_f1_macro=0.8022 val_f1_weighted=0.8351 val_prec_macro=0.8055 val_rec_macro=0.8022 val_metric_name=acc val_metric=0.8371
Step  900 | loss 0.1204 | val_acc=0.8385 val_loss=0.6866 val_f1_macro=0.8035 val_f1_weighted=0.8368 val_prec_macro=0.8054 val_rec_macro=0.8045 val_metric_name=acc val_metric=0.8385
Step  950 | loss 0.1145 | val_acc=0.8390 val_loss=0.6926 val_f1_macro=0.8039 val_f1_weighted=0.8375 val_prec_macro=0.8083 val_rec_macro=0.8021 val_metric_name=acc val_metric=0.8390
Step 1000 | loss 0.0944 | val_acc=0.8410 val_loss=0.7117 val_f1_macro=0.8067 val_f1_weighted=0.8395 val_prec_macro=0.8081 val_rec_macro=0.8080 val_metric_name=acc val_metric=0.8410
Step 1050 | loss 0.0864 | val_acc=0.8427 val_loss=0.7270 val_f1_macro=0.8089 val_f1_weighted=0.8413 val_prec_macro=0.8121 val_rec_macro=0.8083 val_metric_name=acc val_metric=0.8427
Step 1100 | loss 0.0841 | val_acc=0.8420 val_loss=0.7339 val_f1_macro=0.8087 val_f1_weighted=0.8405 val_prec_macro=0.8105 val_rec_macro=0.8097 val_metric_name=acc val_metric=0.8420
Step 1150 | loss 0.0754 | val_acc=0.8431 val_loss=0.7544 val_f1_macro=0.8092 val_f1_weighted=0.8416 val_prec_macro=0.8123 val_rec_macro=0.8089 val_metric_name=acc val_metric=0.8431
Step 1200 | loss 0.0664 | val_acc=0.8438 val_loss=0.7596 val_f1_macro=0.8110 val_f1_weighted=0.8421 val_prec_macro=0.8143 val_rec_macro=0.8097 val_metric_name=acc val_metric=0.8438
Step 1250 | loss 0.0574 | val_acc=0.8438 val_loss=0.7764 val_f1_macro=0.8095 val_f1_weighted=0.8424 val_prec_macro=0.8124 val_rec_macro=0.8096 val_metric_name=acc val_metric=0.8438
Step 1300 | loss 0.0553 | val_acc=0.8454 val_loss=0.7800 val_f1_macro=0.8120 val_f1_weighted=0.8440 val_prec_macro=0.8156 val_rec_macro=0.8106 val_metric_name=acc val_metric=0.8454
Step 1350 | loss 0.0490 | val_acc=0.8436 val_loss=0.7955 val_f1_macro=0.8095 val_f1_weighted=0.8420 val_prec_macro=0.8129 val_rec_macro=0.8089 val_metric_name=acc val_metric=0.8436
Step 1400 | loss 0.0459 | val_acc=0.8475 val_loss=0.8005 val_f1_macro=0.8141 val_f1_weighted=0.8459 val_prec_macro=0.8177 val_rec_macro=0.8131 val_metric_name=acc val_metric=0.8475
Step 1450 | loss 0.0414 | val_acc=0.8455 val_loss=0.8085 val_f1_macro=0.8112 val_f1_weighted=0.8440 val_prec_macro=0.8142 val_rec_macro=0.8105 val_metric_name=acc val_metric=0.8455
Step 1500 | loss 0.0412 | val_acc=0.8461 val_loss=0.8265 val_f1_macro=0.8103 val_f1_weighted=0.8441 val_prec_macro=0.8128 val_rec_macro=0.8109 val_metric_name=acc val_metric=0.8461
Step 1550 | loss 0.0380 | val_acc=0.8448 val_loss=0.8296 val_f1_macro=0.8107 val_f1_weighted=0.8432 val_prec_macro=0.8121 val_rec_macro=0.8117 val_metric_name=acc val_metric=0.8448
Step 1600 | loss 0.0328 | val_acc=0.8461 val_loss=0.8336 val_f1_macro=0.8126 val_f1_weighted=0.8447 val_prec_macro=0.8151 val_rec_macro=0.8120 val_metric_name=acc val_metric=0.8461
Step 1650 | loss 0.0324 | val_acc=0.8470 val_loss=0.8490 val_f1_macro=0.8124 val_f1_weighted=0.8453 val_prec_macro=0.8143 val_rec_macro=0.8133 val_metric_name=acc val_metric=0.8470
Step 1700 | loss 0.0294 | val_acc=0.8468 val_loss=0.8553 val_f1_macro=0.8126 val_f1_weighted=0.8450 val_prec_macro=0.8145 val_rec_macro=0.8135 val_metric_name=acc val_metric=0.8468
Step 1750 | loss 0.0271 | val_acc=0.8485 val_loss=0.8553 val_f1_macro=0.8152 val_f1_weighted=0.8468 val_prec_macro=0.8178 val_rec_macro=0.8153 val_metric_name=acc val_metric=0.8485
Step 1800 | loss 0.0263 | val_acc=0.8489 val_loss=0.8651 val_f1_macro=0.8167 val_f1_weighted=0.8472 val_prec_macro=0.8189 val_rec_macro=0.8169 val_metric_name=acc val_metric=0.8489
Step 1850 | loss 0.0232 | val_acc=0.8484 val_loss=0.8749 val_f1_macro=0.8153 val_f1_weighted=0.8468 val_prec_macro=0.8176 val_rec_macro=0.8153 val_metric_name=acc val_metric=0.8484
Step 1900 | loss 0.0229 | val_acc=0.8482 val_loss=0.8746 val_f1_macro=0.8156 val_f1_weighted=0.8464 val_prec_macro=0.8176 val_rec_macro=0.8160 val_metric_name=acc val_metric=0.8482
Step 1950 | loss 0.0225 | val_acc=0.8482 val_loss=0.8812 val_f1_macro=0.8157 val_f1_weighted=0.8466 val_prec_macro=0.8188 val_rec_macro=0.8155 val_metric_name=acc val_metric=0.8482
Step 2000 | loss 0.0205 | val_acc=0.8478 val_loss=0.8905 val_f1_macro=0.8142 val_f1_weighted=0.8459 val_prec_macro=0.8183 val_rec_macro=0.8131 val_metric_name=acc val_metric=0.8478
Step 2050 | loss 0.0235 | val_acc=0.8478 val_loss=0.8946 val_f1_macro=0.8156 val_f1_weighted=0.8464 val_prec_macro=0.8186 val_rec_macro=0.8151 val_metric_name=acc val_metric=0.8478
Step 2100 | loss 0.0187 | val_acc=0.8484 val_loss=0.8995 val_f1_macro=0.8167 val_f1_weighted=0.8469 val_prec_macro=0.8195 val_rec_macro=0.8164 val_metric_name=acc val_metric=0.8484
Step 2150 | loss 0.0174 | val_acc=0.8498 val_loss=0.9122 val_f1_macro=0.8176 val_f1_weighted=0.8481 val_prec_macro=0.8205 val_rec_macro=0.8174 val_metric_name=acc val_metric=0.8498
Step 2200 | loss 0.0176 | val_acc=0.8515 val_loss=0.9194 val_f1_macro=0.8201 val_f1_weighted=0.8500 val_prec_macro=0.8217 val_rec_macro=0.8215 val_metric_name=acc val_metric=0.8515
Step 2250 | loss 0.0167 | val_acc=0.8510 val_loss=0.9204 val_f1_macro=0.8204 val_f1_weighted=0.8494 val_prec_macro=0.8233 val_rec_macro=0.8204 val_metric_name=acc val_metric=0.8510
Step 2300 | loss 0.0140 | val_acc=0.8524 val_loss=0.9228 val_f1_macro=0.8209 val_f1_weighted=0.8510 val_prec_macro=0.8232 val_rec_macro=0.8215 val_metric_name=acc val_metric=0.8524
Step 2350 | loss 0.0145 | val_acc=0.8507 val_loss=0.9293 val_f1_macro=0.8184 val_f1_weighted=0.8491 val_prec_macro=0.8204 val_rec_macro=0.8189 val_metric_name=acc val_metric=0.8507
Step 2400 | loss 0.0130 | val_acc=0.8524 val_loss=0.9333 val_f1_macro=0.8210 val_f1_weighted=0.8508 val_prec_macro=0.8235 val_rec_macro=0.8209 val_metric_name=acc val_metric=0.8524
Step 2450 | loss 0.0143 | val_acc=0.8533 val_loss=0.9368 val_f1_macro=0.8219 val_f1_weighted=0.8520 val_prec_macro=0.8233 val_rec_macro=0.8226 val_metric_name=acc val_metric=0.8533
Step 2500 | loss 0.0140 | val_acc=0.8514 val_loss=0.9482 val_f1_macro=0.8211 val_f1_weighted=0.8497 val_prec_macro=0.8229 val_rec_macro=0.8215 val_metric_name=acc val_metric=0.8514
Step 2550 | loss 0.0130 | val_acc=0.8496 val_loss=0.9478 val_f1_macro=0.8178 val_f1_weighted=0.8478 val_prec_macro=0.8208 val_rec_macro=0.8172 val_metric_name=acc val_metric=0.8496
Step 2600 | loss 0.0120 | val_acc=0.8530 val_loss=0.9556 val_f1_macro=0.8228 val_f1_weighted=0.8513 val_prec_macro=0.8255 val_rec_macro=0.8226 val_metric_name=acc val_metric=0.8530
Step 2650 | loss 0.0125 | val_acc=0.8507 val_loss=0.9584 val_f1_macro=0.8196 val_f1_weighted=0.8490 val_prec_macro=0.8225 val_rec_macro=0.8192 val_metric_name=acc val_metric=0.8507
Step 2700 | loss 0.0120 | val_acc=0.8530 val_loss=0.9632 val_f1_macro=0.8224 val_f1_weighted=0.8513 val_prec_macro=0.8253 val_rec_macro=0.8213 val_metric_name=acc val_metric=0.8530
Step 2750 | loss 0.0114 | val_acc=0.8514 val_loss=0.9597 val_f1_macro=0.8196 val_f1_weighted=0.8498 val_prec_macro=0.8238 val_rec_macro=0.8177 val_metric_name=acc val_metric=0.8514
Early stopping at step 2750

--- Final (best ckpt @ step 2450) ---
  train_acc=1.0000 train_loss=0.0002 train_f1_macro=1.0000 train_f1_weighted=1.0000 train_prec_macro=1.0000 train_rec_macro=1.0000 train_metric_name=acc train_metric=1.0000
  val_acc=0.8533 val_loss=0.9368 val_f1_macro=0.8219 val_f1_weighted=0.8520 val_prec_macro=0.8233 val_rec_macro=0.8226 val_metric_name=acc val_metric=0.8533
  test_acc=0.8516 test_loss=0.9350 test_f1_macro=0.8119 test_f1_weighted=0.8494 test_prec_macro=0.8151 test_rec_macro=0.8120 test_metric_name=acc test_metric=0.8516
  test_acc=0.8516

============================================================
Training roman-empire GT-sep 3L h=384 lr=6e-05 split=7
============================================================
Training for 5000 steps
Step    1 | loss 3.0398 | val_acc=0.2086 val_loss=2.6282 val_f1_macro=0.0809 val_f1_weighted=0.1645 val_prec_macro=0.0965 val_rec_macro=0.1015 val_metric_name=acc val_metric=0.2086
Step   50 | loss 1.0933 | val_acc=0.6775 val_loss=1.0171 val_f1_macro=0.5132 val_f1_weighted=0.6417 val_prec_macro=0.5562 val_rec_macro=0.5256 val_metric_name=acc val_metric=0.6775
Step  100 | loss 0.7735 | val_acc=0.7393 val_loss=0.7963 val_f1_macro=0.6217 val_f1_weighted=0.7222 val_prec_macro=0.6730 val_rec_macro=0.6237 val_metric_name=acc val_metric=0.7393
Step  150 | loss 0.6052 | val_acc=0.7721 val_loss=0.6938 val_f1_macro=0.6905 val_f1_weighted=0.7634 val_prec_macro=0.7202 val_rec_macro=0.6891 val_metric_name=acc val_metric=0.7721
Step  200 | loss 0.4887 | val_acc=0.7924 val_loss=0.6439 val_f1_macro=0.7273 val_f1_weighted=0.7859 val_prec_macro=0.7404 val_rec_macro=0.7267 val_metric_name=acc val_metric=0.7924
Step  250 | loss 0.3914 | val_acc=0.8099 val_loss=0.6206 val_f1_macro=0.7574 val_f1_weighted=0.8058 val_prec_macro=0.7664 val_rec_macro=0.7574 val_metric_name=acc val_metric=0.8099
Step  300 | loss 0.3097 | val_acc=0.8240 val_loss=0.6124 val_f1_macro=0.7826 val_f1_weighted=0.8208 val_prec_macro=0.7874 val_rec_macro=0.7827 val_metric_name=acc val_metric=0.8240
Step  350 | loss 0.2431 | val_acc=0.8281 val_loss=0.6234 val_f1_macro=0.7912 val_f1_weighted=0.8258 val_prec_macro=0.7946 val_rec_macro=0.7914 val_metric_name=acc val_metric=0.8281
Step  400 | loss 0.1931 | val_acc=0.8314 val_loss=0.6496 val_f1_macro=0.7935 val_f1_weighted=0.8286 val_prec_macro=0.7970 val_rec_macro=0.7935 val_metric_name=acc val_metric=0.8314
Step  450 | loss 0.1511 | val_acc=0.8346 val_loss=0.6750 val_f1_macro=0.7974 val_f1_weighted=0.8323 val_prec_macro=0.7999 val_rec_macro=0.7975 val_metric_name=acc val_metric=0.8346
Step  500 | loss 0.1191 | val_acc=0.8374 val_loss=0.6959 val_f1_macro=0.8026 val_f1_weighted=0.8359 val_prec_macro=0.8043 val_rec_macro=0.8035 val_metric_name=acc val_metric=0.8374
Step  550 | loss 0.0938 | val_acc=0.8376 val_loss=0.7246 val_f1_macro=0.8035 val_f1_weighted=0.8358 val_prec_macro=0.8066 val_rec_macro=0.8034 val_metric_name=acc val_metric=0.8376
Step  600 | loss 0.0750 | val_acc=0.8401 val_loss=0.7467 val_f1_macro=0.8048 val_f1_weighted=0.8384 val_prec_macro=0.8063 val_rec_macro=0.8052 val_metric_name=acc val_metric=0.8401
Step  650 | loss 0.0626 | val_acc=0.8406 val_loss=0.7726 val_f1_macro=0.8053 val_f1_weighted=0.8392 val_prec_macro=0.8072 val_rec_macro=0.8053 val_metric_name=acc val_metric=0.8406
Step  700 | loss 0.0513 | val_acc=0.8406 val_loss=0.7894 val_f1_macro=0.8060 val_f1_weighted=0.8393 val_prec_macro=0.8060 val_rec_macro=0.8083 val_metric_name=acc val_metric=0.8406
Step  750 | loss 0.0451 | val_acc=0.8420 val_loss=0.8177 val_f1_macro=0.8064 val_f1_weighted=0.8404 val_prec_macro=0.8066 val_rec_macro=0.8093 val_metric_name=acc val_metric=0.8420
Step  800 | loss 0.0391 | val_acc=0.8429 val_loss=0.8241 val_f1_macro=0.8088 val_f1_weighted=0.8419 val_prec_macro=0.8120 val_rec_macro=0.8087 val_metric_name=acc val_metric=0.8429
Step  850 | loss 0.0338 | val_acc=0.8425 val_loss=0.8408 val_f1_macro=0.8079 val_f1_weighted=0.8408 val_prec_macro=0.8099 val_rec_macro=0.8086 val_metric_name=acc val_metric=0.8425
Step  900 | loss 0.0279 | val_acc=0.8434 val_loss=0.8566 val_f1_macro=0.8098 val_f1_weighted=0.8422 val_prec_macro=0.8109 val_rec_macro=0.8114 val_metric_name=acc val_metric=0.8434
Step  950 | loss 0.0285 | val_acc=0.8447 val_loss=0.8670 val_f1_macro=0.8115 val_f1_weighted=0.8435 val_prec_macro=0.8144 val_rec_macro=0.8111 val_metric_name=acc val_metric=0.8447
Step 1000 | loss 0.0230 | val_acc=0.8455 val_loss=0.8841 val_f1_macro=0.8106 val_f1_weighted=0.8440 val_prec_macro=0.8123 val_rec_macro=0.8112 val_metric_name=acc val_metric=0.8455
Step 1050 | loss 0.0209 | val_acc=0.8457 val_loss=0.8928 val_f1_macro=0.8118 val_f1_weighted=0.8443 val_prec_macro=0.8155 val_rec_macro=0.8102 val_metric_name=acc val_metric=0.8457
Step 1100 | loss 0.0228 | val_acc=0.8475 val_loss=0.9020 val_f1_macro=0.8160 val_f1_weighted=0.8464 val_prec_macro=0.8187 val_rec_macro=0.8150 val_metric_name=acc val_metric=0.8475
Step 1150 | loss 0.0190 | val_acc=0.8459 val_loss=0.9155 val_f1_macro=0.8129 val_f1_weighted=0.8447 val_prec_macro=0.8149 val_rec_macro=0.8131 val_metric_name=acc val_metric=0.8459
Step 1200 | loss 0.0169 | val_acc=0.8494 val_loss=0.9220 val_f1_macro=0.8168 val_f1_weighted=0.8482 val_prec_macro=0.8195 val_rec_macro=0.8161 val_metric_name=acc val_metric=0.8494
Step 1250 | loss 0.0144 | val_acc=0.8473 val_loss=0.9420 val_f1_macro=0.8150 val_f1_weighted=0.8461 val_prec_macro=0.8184 val_rec_macro=0.8138 val_metric_name=acc val_metric=0.8473
Step 1300 | loss 0.0159 | val_acc=0.8487 val_loss=0.9430 val_f1_macro=0.8160 val_f1_weighted=0.8472 val_prec_macro=0.8191 val_rec_macro=0.8153 val_metric_name=acc val_metric=0.8487
Step 1350 | loss 0.0123 | val_acc=0.8468 val_loss=0.9551 val_f1_macro=0.8143 val_f1_weighted=0.8450 val_prec_macro=0.8178 val_rec_macro=0.8134 val_metric_name=acc val_metric=0.8468
Step 1400 | loss 0.0119 | val_acc=0.8484 val_loss=0.9658 val_f1_macro=0.8156 val_f1_weighted=0.8464 val_prec_macro=0.8200 val_rec_macro=0.8139 val_metric_name=acc val_metric=0.8484
Step 1450 | loss 0.0124 | val_acc=0.8489 val_loss=0.9657 val_f1_macro=0.8157 val_f1_weighted=0.8474 val_prec_macro=0.8164 val_rec_macro=0.8170 val_metric_name=acc val_metric=0.8489
Step 1500 | loss 0.0119 | val_acc=0.8496 val_loss=0.9806 val_f1_macro=0.8171 val_f1_weighted=0.8477 val_prec_macro=0.8175 val_rec_macro=0.8188 val_metric_name=acc val_metric=0.8496
Step 1550 | loss 0.0106 | val_acc=0.8498 val_loss=0.9832 val_f1_macro=0.8176 val_f1_weighted=0.8480 val_prec_macro=0.8199 val_rec_macro=0.8173 val_metric_name=acc val_metric=0.8498
Step 1600 | loss 0.0092 | val_acc=0.8519 val_loss=0.9857 val_f1_macro=0.8202 val_f1_weighted=0.8506 val_prec_macro=0.8236 val_rec_macro=0.8187 val_metric_name=acc val_metric=0.8519
Step 1650 | loss 0.0092 | val_acc=0.8508 val_loss=0.9999 val_f1_macro=0.8198 val_f1_weighted=0.8491 val_prec_macro=0.8214 val_rec_macro=0.8205 val_metric_name=acc val_metric=0.8508
Step 1700 | loss 0.0084 | val_acc=0.8514 val_loss=1.0128 val_f1_macro=0.8188 val_f1_weighted=0.8496 val_prec_macro=0.8209 val_rec_macro=0.8194 val_metric_name=acc val_metric=0.8514
Step 1750 | loss 0.0075 | val_acc=0.8503 val_loss=1.0062 val_f1_macro=0.8183 val_f1_weighted=0.8486 val_prec_macro=0.8221 val_rec_macro=0.8169 val_metric_name=acc val_metric=0.8503
Step 1800 | loss 0.0081 | val_acc=0.8510 val_loss=1.0170 val_f1_macro=0.8184 val_f1_weighted=0.8493 val_prec_macro=0.8198 val_rec_macro=0.8192 val_metric_name=acc val_metric=0.8510
Step 1850 | loss 0.0064 | val_acc=0.8508 val_loss=1.0249 val_f1_macro=0.8189 val_f1_weighted=0.8492 val_prec_macro=0.8230 val_rec_macro=0.8170 val_metric_name=acc val_metric=0.8508
Step 1900 | loss 0.0064 | val_acc=0.8512 val_loss=1.0244 val_f1_macro=0.8184 val_f1_weighted=0.8496 val_prec_macro=0.8210 val_rec_macro=0.8177 val_metric_name=acc val_metric=0.8512
Step 1950 | loss 0.0068 | val_acc=0.8523 val_loss=1.0252 val_f1_macro=0.8194 val_f1_weighted=0.8507 val_prec_macro=0.8228 val_rec_macro=0.8179 val_metric_name=acc val_metric=0.8523
Step 2000 | loss 0.0058 | val_acc=0.8523 val_loss=1.0400 val_f1_macro=0.8202 val_f1_weighted=0.8504 val_prec_macro=0.8241 val_rec_macro=0.8185 val_metric_name=acc val_metric=0.8523
Step 2050 | loss 0.0080 | val_acc=0.8519 val_loss=1.0385 val_f1_macro=0.8195 val_f1_weighted=0.8500 val_prec_macro=0.8231 val_rec_macro=0.8181 val_metric_name=acc val_metric=0.8519
Step 2100 | loss 0.0062 | val_acc=0.8515 val_loss=1.0532 val_f1_macro=0.8188 val_f1_weighted=0.8500 val_prec_macro=0.8215 val_rec_macro=0.8182 val_metric_name=acc val_metric=0.8515
Step 2150 | loss 0.0052 | val_acc=0.8507 val_loss=1.0563 val_f1_macro=0.8171 val_f1_weighted=0.8490 val_prec_macro=0.8186 val_rec_macro=0.8174 val_metric_name=acc val_metric=0.8507
Step 2200 | loss 0.0048 | val_acc=0.8498 val_loss=1.0705 val_f1_macro=0.8174 val_f1_weighted=0.8480 val_prec_macro=0.8185 val_rec_macro=0.8188 val_metric_name=acc val_metric=0.8498
Step 2250 | loss 0.0049 | val_acc=0.8521 val_loss=1.0697 val_f1_macro=0.8217 val_f1_weighted=0.8499 val_prec_macro=0.8228 val_rec_macro=0.8229 val_metric_name=acc val_metric=0.8521
Step 2300 | loss 0.0039 | val_acc=0.8515 val_loss=1.0736 val_f1_macro=0.8188 val_f1_weighted=0.8497 val_prec_macro=0.8198 val_rec_macro=0.8202 val_metric_name=acc val_metric=0.8515
Step 2350 | loss 0.0049 | val_acc=0.8510 val_loss=1.0741 val_f1_macro=0.8174 val_f1_weighted=0.8489 val_prec_macro=0.8207 val_rec_macro=0.8162 val_metric_name=acc val_metric=0.8510
Step 2400 | loss 0.0031 | val_acc=0.8517 val_loss=1.0785 val_f1_macro=0.8195 val_f1_weighted=0.8498 val_prec_macro=0.8244 val_rec_macro=0.8171 val_metric_name=acc val_metric=0.8517
Step 2450 | loss 0.0046 | val_acc=0.8524 val_loss=1.0845 val_f1_macro=0.8203 val_f1_weighted=0.8510 val_prec_macro=0.8230 val_rec_macro=0.8195 val_metric_name=acc val_metric=0.8524
Step 2500 | loss 0.0046 | val_acc=0.8498 val_loss=1.0936 val_f1_macro=0.8175 val_f1_weighted=0.8477 val_prec_macro=0.8177 val_rec_macro=0.8199 val_metric_name=acc val_metric=0.8498
Step 2550 | loss 0.0038 | val_acc=0.8515 val_loss=1.0894 val_f1_macro=0.8188 val_f1_weighted=0.8500 val_prec_macro=0.8211 val_rec_macro=0.8183 val_metric_name=acc val_metric=0.8515
Step 2600 | loss 0.0036 | val_acc=0.8523 val_loss=1.0912 val_f1_macro=0.8204 val_f1_weighted=0.8508 val_prec_macro=0.8225 val_rec_macro=0.8205 val_metric_name=acc val_metric=0.8523
Step 2650 | loss 0.0037 | val_acc=0.8512 val_loss=1.0894 val_f1_macro=0.8176 val_f1_weighted=0.8492 val_prec_macro=0.8207 val_rec_macro=0.8163 val_metric_name=acc val_metric=0.8512
Step 2700 | loss 0.0041 | val_acc=0.8507 val_loss=1.0934 val_f1_macro=0.8190 val_f1_weighted=0.8489 val_prec_macro=0.8223 val_rec_macro=0.8177 val_metric_name=acc val_metric=0.8507
Step 2750 | loss 0.0039 | val_acc=0.8507 val_loss=1.1030 val_f1_macro=0.8183 val_f1_weighted=0.8489 val_prec_macro=0.8220 val_rec_macro=0.8165 val_metric_name=acc val_metric=0.8507
Step 2800 | loss 0.0045 | val_acc=0.8503 val_loss=1.0960 val_f1_macro=0.8179 val_f1_weighted=0.8487 val_prec_macro=0.8210 val_rec_macro=0.8173 val_metric_name=acc val_metric=0.8503
Step 2850 | loss 0.0027 | val_acc=0.8500 val_loss=1.1157 val_f1_macro=0.8177 val_f1_weighted=0.8486 val_prec_macro=0.8208 val_rec_macro=0.8166 val_metric_name=acc val_metric=0.8500
Early stopping at step 2885

--- Final (best ckpt @ step 2320) ---
  train_acc=1.0000 train_loss=0.0000 train_f1_macro=1.0000 train_f1_weighted=1.0000 train_prec_macro=1.0000 train_rec_macro=1.0000 train_metric_name=acc train_metric=1.0000
  val_acc=0.8544 val_loss=1.0757 val_f1_macro=0.8230 val_f1_weighted=0.8525 val_prec_macro=0.8268 val_rec_macro=0.8216 val_metric_name=acc val_metric=0.8544
  test_acc=0.8509 test_loss=1.0603 test_f1_macro=0.8129 test_f1_weighted=0.8485 test_prec_macro=0.8166 test_rec_macro=0.8129 test_metric_name=acc test_metric=0.8509
  test_acc=0.8509

============================================================
Training roman-empire GT-sep 3L h=384 lr=0.0001 split=7
============================================================
Training for 5000 steps
Step    1 | loss 3.0398 | val_acc=0.2491 val_loss=2.4949 val_f1_macro=0.0774 val_f1_weighted=0.1722 val_prec_macro=0.1332 val_rec_macro=0.1106 val_metric_name=acc val_metric=0.2491
Step   50 | loss 0.8978 | val_acc=0.7151 val_loss=0.8789 val_f1_macro=0.5777 val_f1_weighted=0.6910 val_prec_macro=0.6266 val_rec_macro=0.5867 val_metric_name=acc val_metric=0.7151
Step  100 | loss 0.6043 | val_acc=0.7709 val_loss=0.6973 val_f1_macro=0.6896 val_f1_weighted=0.7621 val_prec_macro=0.7208 val_rec_macro=0.6879 val_metric_name=acc val_metric=0.7709
Step  150 | loss 0.4312 | val_acc=0.8028 val_loss=0.6272 val_f1_macro=0.7445 val_f1_weighted=0.7977 val_prec_macro=0.7560 val_rec_macro=0.7440 val_metric_name=acc val_metric=0.8028
Step  200 | loss 0.3060 | val_acc=0.8231 val_loss=0.6097 val_f1_macro=0.7816 val_f1_weighted=0.8202 val_prec_macro=0.7876 val_rec_macro=0.7793 val_metric_name=acc val_metric=0.8231
Step  250 | loss 0.2062 | val_acc=0.8307 val_loss=0.6413 val_f1_macro=0.7943 val_f1_weighted=0.8284 val_prec_macro=0.7975 val_rec_macro=0.7947 val_metric_name=acc val_metric=0.8307
Step  300 | loss 0.1412 | val_acc=0.8357 val_loss=0.6808 val_f1_macro=0.7986 val_f1_weighted=0.8334 val_prec_macro=0.8040 val_rec_macro=0.7960 val_metric_name=acc val_metric=0.8357
Step  350 | loss 0.0968 | val_acc=0.8387 val_loss=0.7277 val_f1_macro=0.8031 val_f1_weighted=0.8371 val_prec_macro=0.8029 val_rec_macro=0.8057 val_metric_name=acc val_metric=0.8387
Step  400 | loss 0.0724 | val_acc=0.8358 val_loss=0.7712 val_f1_macro=0.8001 val_f1_weighted=0.8340 val_prec_macro=0.8037 val_rec_macro=0.7993 val_metric_name=acc val_metric=0.8358
Step  450 | loss 0.0555 | val_acc=0.8388 val_loss=0.8015 val_f1_macro=0.8038 val_f1_weighted=0.8375 val_prec_macro=0.8066 val_rec_macro=0.8025 val_metric_name=acc val_metric=0.8388
Step  500 | loss 0.0426 | val_acc=0.8385 val_loss=0.8325 val_f1_macro=0.8020 val_f1_weighted=0.8373 val_prec_macro=0.8019 val_rec_macro=0.8044 val_metric_name=acc val_metric=0.8385
Step  550 | loss 0.0341 | val_acc=0.8401 val_loss=0.8545 val_f1_macro=0.8040 val_f1_weighted=0.8386 val_prec_macro=0.8056 val_rec_macro=0.8052 val_metric_name=acc val_metric=0.8401
Step  600 | loss 0.0274 | val_acc=0.8422 val_loss=0.8719 val_f1_macro=0.8059 val_f1_weighted=0.8408 val_prec_macro=0.8086 val_rec_macro=0.8057 val_metric_name=acc val_metric=0.8422
Step  650 | loss 0.0226 | val_acc=0.8425 val_loss=0.8998 val_f1_macro=0.8092 val_f1_weighted=0.8414 val_prec_macro=0.8096 val_rec_macro=0.8114 val_metric_name=acc val_metric=0.8425
Step  700 | loss 0.0208 | val_acc=0.8454 val_loss=0.9113 val_f1_macro=0.8121 val_f1_weighted=0.8436 val_prec_macro=0.8135 val_rec_macro=0.8131 val_metric_name=acc val_metric=0.8454
Step  750 | loss 0.0176 | val_acc=0.8447 val_loss=0.9381 val_f1_macro=0.8085 val_f1_weighted=0.8429 val_prec_macro=0.8085 val_rec_macro=0.8118 val_metric_name=acc val_metric=0.8447
Step  800 | loss 0.0152 | val_acc=0.8461 val_loss=0.9320 val_f1_macro=0.8129 val_f1_weighted=0.8455 val_prec_macro=0.8149 val_rec_macro=0.8132 val_metric_name=acc val_metric=0.8461
Step  850 | loss 0.0133 | val_acc=0.8455 val_loss=0.9536 val_f1_macro=0.8109 val_f1_weighted=0.8441 val_prec_macro=0.8125 val_rec_macro=0.8119 val_metric_name=acc val_metric=0.8455
Step  900 | loss 0.0107 | val_acc=0.8461 val_loss=0.9623 val_f1_macro=0.8116 val_f1_weighted=0.8449 val_prec_macro=0.8134 val_rec_macro=0.8120 val_metric_name=acc val_metric=0.8461
Step  950 | loss 0.0117 | val_acc=0.8470 val_loss=0.9708 val_f1_macro=0.8127 val_f1_weighted=0.8457 val_prec_macro=0.8162 val_rec_macro=0.8111 val_metric_name=acc val_metric=0.8470
Step 1000 | loss 0.0096 | val_acc=0.8487 val_loss=0.9907 val_f1_macro=0.8152 val_f1_weighted=0.8469 val_prec_macro=0.8176 val_rec_macro=0.8151 val_metric_name=acc val_metric=0.8487
Step 1050 | loss 0.0085 | val_acc=0.8473 val_loss=0.9966 val_f1_macro=0.8137 val_f1_weighted=0.8459 val_prec_macro=0.8193 val_rec_macro=0.8103 val_metric_name=acc val_metric=0.8473
Step 1100 | loss 0.0111 | val_acc=0.8464 val_loss=1.0054 val_f1_macro=0.8133 val_f1_weighted=0.8453 val_prec_macro=0.8165 val_rec_macro=0.8116 val_metric_name=acc val_metric=0.8464
Step 1150 | loss 0.0083 | val_acc=0.8496 val_loss=1.0102 val_f1_macro=0.8170 val_f1_weighted=0.8484 val_prec_macro=0.8217 val_rec_macro=0.8139 val_metric_name=acc val_metric=0.8496
Step 1200 | loss 0.0076 | val_acc=0.8508 val_loss=1.0203 val_f1_macro=0.8179 val_f1_weighted=0.8492 val_prec_macro=0.8219 val_rec_macro=0.8161 val_metric_name=acc val_metric=0.8508
Step 1250 | loss 0.0062 | val_acc=0.8480 val_loss=1.0383 val_f1_macro=0.8143 val_f1_weighted=0.8466 val_prec_macro=0.8190 val_rec_macro=0.8121 val_metric_name=acc val_metric=0.8480
Step 1300 | loss 0.0070 | val_acc=0.8508 val_loss=1.0376 val_f1_macro=0.8170 val_f1_weighted=0.8495 val_prec_macro=0.8213 val_rec_macro=0.8149 val_metric_name=acc val_metric=0.8508
Step 1350 | loss 0.0052 | val_acc=0.8503 val_loss=1.0506 val_f1_macro=0.8166 val_f1_weighted=0.8485 val_prec_macro=0.8218 val_rec_macro=0.8139 val_metric_name=acc val_metric=0.8503
Step 1400 | loss 0.0050 | val_acc=0.8480 val_loss=1.0557 val_f1_macro=0.8154 val_f1_weighted=0.8463 val_prec_macro=0.8211 val_rec_macro=0.8122 val_metric_name=acc val_metric=0.8480
Step 1450 | loss 0.0060 | val_acc=0.8519 val_loss=1.0580 val_f1_macro=0.8208 val_f1_weighted=0.8505 val_prec_macro=0.8253 val_rec_macro=0.8181 val_metric_name=acc val_metric=0.8519
Step 1500 | loss 0.0055 | val_acc=0.8489 val_loss=1.0722 val_f1_macro=0.8150 val_f1_weighted=0.8470 val_prec_macro=0.8160 val_rec_macro=0.8161 val_metric_name=acc val_metric=0.8489
Step 1550 | loss 0.0055 | val_acc=0.8507 val_loss=1.0736 val_f1_macro=0.8180 val_f1_weighted=0.8487 val_prec_macro=0.8222 val_rec_macro=0.8157 val_metric_name=acc val_metric=0.8507
Step 1600 | loss 0.0040 | val_acc=0.8533 val_loss=1.0748 val_f1_macro=0.8191 val_f1_weighted=0.8515 val_prec_macro=0.8238 val_rec_macro=0.8165 val_metric_name=acc val_metric=0.8533
Step 1650 | loss 0.0038 | val_acc=0.8519 val_loss=1.0816 val_f1_macro=0.8187 val_f1_weighted=0.8501 val_prec_macro=0.8213 val_rec_macro=0.8182 val_metric_name=acc val_metric=0.8519
Step 1700 | loss 0.0043 | val_acc=0.8505 val_loss=1.0965 val_f1_macro=0.8170 val_f1_weighted=0.8488 val_prec_macro=0.8203 val_rec_macro=0.8161 val_metric_name=acc val_metric=0.8505
Step 1750 | loss 0.0032 | val_acc=0.8501 val_loss=1.0999 val_f1_macro=0.8159 val_f1_weighted=0.8481 val_prec_macro=0.8208 val_rec_macro=0.8143 val_metric_name=acc val_metric=0.8501
Step 1800 | loss 0.0038 | val_acc=0.8523 val_loss=1.0991 val_f1_macro=0.8186 val_f1_weighted=0.8508 val_prec_macro=0.8221 val_rec_macro=0.8171 val_metric_name=acc val_metric=0.8523
Step 1850 | loss 0.0030 | val_acc=0.8523 val_loss=1.1056 val_f1_macro=0.8208 val_f1_weighted=0.8504 val_prec_macro=0.8245 val_rec_macro=0.8192 val_metric_name=acc val_metric=0.8523
Step 1900 | loss 0.0036 | val_acc=0.8524 val_loss=1.1120 val_f1_macro=0.8193 val_f1_weighted=0.8509 val_prec_macro=0.8262 val_rec_macro=0.8150 val_metric_name=acc val_metric=0.8524
Step 1950 | loss 0.0032 | val_acc=0.8530 val_loss=1.1159 val_f1_macro=0.8218 val_f1_weighted=0.8517 val_prec_macro=0.8250 val_rec_macro=0.8208 val_metric_name=acc val_metric=0.8530
Step 2000 | loss 0.0029 | val_acc=0.8508 val_loss=1.1331 val_f1_macro=0.8196 val_f1_weighted=0.8486 val_prec_macro=0.8250 val_rec_macro=0.8169 val_metric_name=acc val_metric=0.8508
Step 2050 | loss 0.0036 | val_acc=0.8514 val_loss=1.1140 val_f1_macro=0.8204 val_f1_weighted=0.8502 val_prec_macro=0.8260 val_rec_macro=0.8170 val_metric_name=acc val_metric=0.8514
Step 2100 | loss 0.0044 | val_acc=0.8510 val_loss=1.1377 val_f1_macro=0.8174 val_f1_weighted=0.8492 val_prec_macro=0.8228 val_rec_macro=0.8147 val_metric_name=acc val_metric=0.8510
Step 2150 | loss 0.0024 | val_acc=0.8531 val_loss=1.1369 val_f1_macro=0.8208 val_f1_weighted=0.8515 val_prec_macro=0.8254 val_rec_macro=0.8182 val_metric_name=acc val_metric=0.8531
Step 2200 | loss 0.0020 | val_acc=0.8505 val_loss=1.1496 val_f1_macro=0.8189 val_f1_weighted=0.8489 val_prec_macro=0.8204 val_rec_macro=0.8196 val_metric_name=acc val_metric=0.8505
Early stopping at step 2220

--- Final (best ckpt @ step 1920) ---
  train_acc=1.0000 train_loss=0.0000 train_f1_macro=1.0000 train_f1_weighted=1.0000 train_prec_macro=1.0000 train_rec_macro=1.0000 train_metric_name=acc train_metric=1.0000
  val_acc=0.8542 val_loss=1.1171 val_f1_macro=0.8229 val_f1_weighted=0.8525 val_prec_macro=0.8287 val_rec_macro=0.8197 val_metric_name=acc val_metric=0.8542
  test_acc=0.8528 test_loss=1.1103 test_f1_macro=0.8161 test_f1_weighted=0.8507 test_prec_macro=0.8204 test_rec_macro=0.8162 test_metric_name=acc test_metric=0.8528
  test_acc=0.8528

============================================================
Training roman-empire GT-sep 3L h=384 lr=1e-05 split=7
============================================================
Training for 5000 steps
Step    1 | loss 3.0398 | val_acc=0.0485 val_loss=2.9412 val_f1_macro=0.0340 val_f1_weighted=0.0423 val_prec_macro=0.0367 val_rec_macro=0.0570 val_metric_name=acc val_metric=0.0485
Step   50 | loss 2.0267 | val_acc=0.4706 val_loss=1.8281 val_f1_macro=0.2068 val_f1_weighted=0.3827 val_prec_macro=0.2676 val_rec_macro=0.2419 val_metric_name=acc val_metric=0.4706
Step  100 | loss 1.5909 | val_acc=0.5582 val_loss=1.3999 val_f1_macro=0.3167 val_f1_weighted=0.4906 val_prec_macro=0.3959 val_rec_macro=0.3327 val_metric_name=acc val_metric=0.5582
Step  150 | loss 1.3494 | val_acc=0.6259 val_loss=1.1981 val_f1_macro=0.4469 val_f1_weighted=0.5790 val_prec_macro=0.5199 val_rec_macro=0.4516 val_metric_name=acc val_metric=0.6259
Step  200 | loss 1.1933 | val_acc=0.6634 val_loss=1.0738 val_f1_macro=0.4952 val_f1_weighted=0.6237 val_prec_macro=0.5592 val_rec_macro=0.5027 val_metric_name=acc val_metric=0.6634
Step  250 | loss 1.0745 | val_acc=0.6900 val_loss=0.9896 val_f1_macro=0.5312 val_f1_weighted=0.6547 val_prec_macro=0.5777 val_rec_macro=0.5417 val_metric_name=acc val_metric=0.6900
Step  300 | loss 0.9889 | val_acc=0.7070 val_loss=0.9267 val_f1_macro=0.5598 val_f1_weighted=0.6778 val_prec_macro=0.5943 val_rec_macro=0.5688 val_metric_name=acc val_metric=0.7070
Step  350 | loss 0.9217 | val_acc=0.7170 val_loss=0.8795 val_f1_macro=0.5766 val_f1_weighted=0.6919 val_prec_macro=0.6556 val_rec_macro=0.5832 val_metric_name=acc val_metric=0.7170
Step  400 | loss 0.8643 | val_acc=0.7273 val_loss=0.8446 val_f1_macro=0.5955 val_f1_weighted=0.7054 val_prec_macro=0.6621 val_rec_macro=0.5996 val_metric_name=acc val_metric=0.7273
Step  450 | loss 0.8085 | val_acc=0.7350 val_loss=0.8151 val_f1_macro=0.6108 val_f1_weighted=0.7161 val_prec_macro=0.6639 val_rec_macro=0.6136 val_metric_name=acc val_metric=0.7350
Step  500 | loss 0.7729 | val_acc=0.7416 val_loss=0.7904 val_f1_macro=0.6234 val_f1_weighted=0.7247 val_prec_macro=0.6607 val_rec_macro=0.6243 val_metric_name=acc val_metric=0.7416
Step  550 | loss 0.7330 | val_acc=0.7511 val_loss=0.7676 val_f1_macro=0.6430 val_f1_weighted=0.7363 val_prec_macro=0.6891 val_rec_macro=0.6423 val_metric_name=acc val_metric=0.7511
Step  600 | loss 0.6952 | val_acc=0.7552 val_loss=0.7461 val_f1_macro=0.6589 val_f1_weighted=0.7424 val_prec_macro=0.7051 val_rec_macro=0.6552 val_metric_name=acc val_metric=0.7552
Step  650 | loss 0.6701 | val_acc=0.7612 val_loss=0.7270 val_f1_macro=0.6674 val_f1_weighted=0.7492 val_prec_macro=0.7082 val_rec_macro=0.6651 val_metric_name=acc val_metric=0.7612
Step  700 | loss 0.6348 | val_acc=0.7665 val_loss=0.7088 val_f1_macro=0.6791 val_f1_weighted=0.7560 val_prec_macro=0.7123 val_rec_macro=0.6771 val_metric_name=acc val_metric=0.7665
Step  750 | loss 0.6062 | val_acc=0.7696 val_loss=0.6939 val_f1_macro=0.6858 val_f1_weighted=0.7602 val_prec_macro=0.7132 val_rec_macro=0.6849 val_metric_name=acc val_metric=0.7696
Step  800 | loss 0.5814 | val_acc=0.7753 val_loss=0.6809 val_f1_macro=0.6977 val_f1_weighted=0.7667 val_prec_macro=0.7211 val_rec_macro=0.6965 val_metric_name=acc val_metric=0.7753
Step  850 | loss 0.5551 | val_acc=0.7793 val_loss=0.6692 val_f1_macro=0.7065 val_f1_weighted=0.7719 val_prec_macro=0.7253 val_rec_macro=0.7055 val_metric_name=acc val_metric=0.7793
Step  900 | loss 0.5287 | val_acc=0.7822 val_loss=0.6573 val_f1_macro=0.7115 val_f1_weighted=0.7758 val_prec_macro=0.7294 val_rec_macro=0.7104 val_metric_name=acc val_metric=0.7822
Step  950 | loss 0.5143 | val_acc=0.7878 val_loss=0.6490 val_f1_macro=0.7218 val_f1_weighted=0.7817 val_prec_macro=0.7378 val_rec_macro=0.7208 val_metric_name=acc val_metric=0.7878
Step 1000 | loss 0.4889 | val_acc=0.7931 val_loss=0.6411 val_f1_macro=0.7312 val_f1_weighted=0.7879 val_prec_macro=0.7455 val_rec_macro=0.7294 val_metric_name=acc val_metric=0.7931
Step 1050 | loss 0.4686 | val_acc=0.7982 val_loss=0.6341 val_f1_macro=0.7399 val_f1_weighted=0.7932 val_prec_macro=0.7526 val_rec_macro=0.7382 val_metric_name=acc val_metric=0.7982
Step 1100 | loss 0.4501 | val_acc=0.8028 val_loss=0.6280 val_f1_macro=0.7464 val_f1_weighted=0.7982 val_prec_macro=0.7579 val_rec_macro=0.7451 val_metric_name=acc val_metric=0.8028
Step 1150 | loss 0.4401 | val_acc=0.8083 val_loss=0.6225 val_f1_macro=0.7553 val_f1_weighted=0.8040 val_prec_macro=0.7666 val_rec_macro=0.7542 val_metric_name=acc val_metric=0.8083
Step 1200 | loss 0.4169 | val_acc=0.8118 val_loss=0.6165 val_f1_macro=0.7617 val_f1_weighted=0.8081 val_prec_macro=0.7708 val_rec_macro=0.7612 val_metric_name=acc val_metric=0.8118
Step 1250 | loss 0.3844 | val_acc=0.8127 val_loss=0.6146 val_f1_macro=0.7640 val_f1_weighted=0.8091 val_prec_macro=0.7726 val_rec_macro=0.7637 val_metric_name=acc val_metric=0.8127
Step 1300 | loss 0.3772 | val_acc=0.8162 val_loss=0.6100 val_f1_macro=0.7698 val_f1_weighted=0.8130 val_prec_macro=0.7776 val_rec_macro=0.7693 val_metric_name=acc val_metric=0.8162
Step 1350 | loss 0.3652 | val_acc=0.8198 val_loss=0.6082 val_f1_macro=0.7759 val_f1_weighted=0.8167 val_prec_macro=0.7830 val_rec_macro=0.7755 val_metric_name=acc val_metric=0.8198
Step 1400 | loss 0.3489 | val_acc=0.8226 val_loss=0.6057 val_f1_macro=0.7804 val_f1_weighted=0.8196 val_prec_macro=0.7865 val_rec_macro=0.7797 val_metric_name=acc val_metric=0.8226
Step 1450 | loss 0.3304 | val_acc=0.8226 val_loss=0.6037 val_f1_macro=0.7812 val_f1_weighted=0.8195 val_prec_macro=0.7864 val_rec_macro=0.7816 val_metric_name=acc val_metric=0.8226
Step 1500 | loss 0.3150 | val_acc=0.8240 val_loss=0.6058 val_f1_macro=0.7841 val_f1_weighted=0.8210 val_prec_macro=0.7878 val_rec_macro=0.7857 val_metric_name=acc val_metric=0.8240
Step 1550 | loss 0.3001 | val_acc=0.8240 val_loss=0.6069 val_f1_macro=0.7852 val_f1_weighted=0.8211 val_prec_macro=0.7883 val_rec_macro=0.7868 val_metric_name=acc val_metric=0.8240
Step 1600 | loss 0.2876 | val_acc=0.8256 val_loss=0.6075 val_f1_macro=0.7872 val_f1_weighted=0.8230 val_prec_macro=0.7907 val_rec_macro=0.7882 val_metric_name=acc val_metric=0.8256
Step 1650 | loss 0.2689 | val_acc=0.8282 val_loss=0.6095 val_f1_macro=0.7910 val_f1_weighted=0.8255 val_prec_macro=0.7946 val_rec_macro=0.7919 val_metric_name=acc val_metric=0.8282
Step 1700 | loss 0.2651 | val_acc=0.8284 val_loss=0.6129 val_f1_macro=0.7911 val_f1_weighted=0.8260 val_prec_macro=0.7951 val_rec_macro=0.7917 val_metric_name=acc val_metric=0.8284
Step 1750 | loss 0.2510 | val_acc=0.8297 val_loss=0.6142 val_f1_macro=0.7929 val_f1_weighted=0.8275 val_prec_macro=0.7962 val_rec_macro=0.7935 val_metric_name=acc val_metric=0.8297
Step 1800 | loss 0.2368 | val_acc=0.8298 val_loss=0.6188 val_f1_macro=0.7935 val_f1_weighted=0.8277 val_prec_macro=0.7972 val_rec_macro=0.7939 val_metric_name=acc val_metric=0.8298
Step 1850 | loss 0.2264 | val_acc=0.8304 val_loss=0.6229 val_f1_macro=0.7936 val_f1_weighted=0.8282 val_prec_macro=0.7982 val_rec_macro=0.7931 val_metric_name=acc val_metric=0.8304
Step 1900 | loss 0.2172 | val_acc=0.8323 val_loss=0.6276 val_f1_macro=0.7954 val_f1_weighted=0.8299 val_prec_macro=0.7988 val_rec_macro=0.7962 val_metric_name=acc val_metric=0.8323
Step 1950 | loss 0.2038 | val_acc=0.8321 val_loss=0.6301 val_f1_macro=0.7964 val_f1_weighted=0.8299 val_prec_macro=0.8002 val_rec_macro=0.7964 val_metric_name=acc val_metric=0.8321
Step 2000 | loss 0.1972 | val_acc=0.8321 val_loss=0.6352 val_f1_macro=0.7957 val_f1_weighted=0.8297 val_prec_macro=0.7998 val_rec_macro=0.7958 val_metric_name=acc val_metric=0.8321
Step 2050 | loss 0.1950 | val_acc=0.8327 val_loss=0.6366 val_f1_macro=0.7971 val_f1_weighted=0.8305 val_prec_macro=0.8016 val_rec_macro=0.7962 val_metric_name=acc val_metric=0.8327
Step 2100 | loss 0.1771 | val_acc=0.8335 val_loss=0.6406 val_f1_macro=0.7992 val_f1_weighted=0.8318 val_prec_macro=0.8031 val_rec_macro=0.7986 val_metric_name=acc val_metric=0.8335
Step 2150 | loss 0.1673 | val_acc=0.8342 val_loss=0.6498 val_f1_macro=0.7994 val_f1_weighted=0.8323 val_prec_macro=0.8033 val_rec_macro=0.7989 val_metric_name=acc val_metric=0.8342
Step 2200 | loss 0.1652 | val_acc=0.8348 val_loss=0.6552 val_f1_macro=0.8008 val_f1_weighted=0.8330 val_prec_macro=0.8043 val_rec_macro=0.8006 val_metric_name=acc val_metric=0.8348
Step 2250 | loss 0.1522 | val_acc=0.8357 val_loss=0.6597 val_f1_macro=0.8020 val_f1_weighted=0.8338 val_prec_macro=0.8058 val_rec_macro=0.8011 val_metric_name=acc val_metric=0.8357
Step 2300 | loss 0.1444 | val_acc=0.8362 val_loss=0.6637 val_f1_macro=0.8018 val_f1_weighted=0.8345 val_prec_macro=0.8053 val_rec_macro=0.8010 val_metric_name=acc val_metric=0.8362
Step 2350 | loss 0.1419 | val_acc=0.8372 val_loss=0.6690 val_f1_macro=0.8031 val_f1_weighted=0.8354 val_prec_macro=0.8067 val_rec_macro=0.8024 val_metric_name=acc val_metric=0.8372
Step 2400 | loss 0.1376 | val_acc=0.8378 val_loss=0.6733 val_f1_macro=0.8046 val_f1_weighted=0.8361 val_prec_macro=0.8085 val_rec_macro=0.8034 val_metric_name=acc val_metric=0.8378
Step 2450 | loss 0.1254 | val_acc=0.8381 val_loss=0.6806 val_f1_macro=0.8052 val_f1_weighted=0.8364 val_prec_macro=0.8095 val_rec_macro=0.8039 val_metric_name=acc val_metric=0.8381
Step 2500 | loss 0.1266 | val_acc=0.8394 val_loss=0.6869 val_f1_macro=0.8054 val_f1_weighted=0.8376 val_prec_macro=0.8089 val_rec_macro=0.8044 val_metric_name=acc val_metric=0.8394
Step 2550 | loss 0.1195 | val_acc=0.8392 val_loss=0.6895 val_f1_macro=0.8053 val_f1_weighted=0.8374 val_prec_macro=0.8082 val_rec_macro=0.8046 val_metric_name=acc val_metric=0.8392
Step 2600 | loss 0.1118 | val_acc=0.8392 val_loss=0.6951 val_f1_macro=0.8049 val_f1_weighted=0.8375 val_prec_macro=0.8082 val_rec_macro=0.8040 val_metric_name=acc val_metric=0.8392
Step 2650 | loss 0.1082 | val_acc=0.8394 val_loss=0.7010 val_f1_macro=0.8057 val_f1_weighted=0.8378 val_prec_macro=0.8093 val_rec_macro=0.8046 val_metric_name=acc val_metric=0.8394
Step 2700 | loss 0.1029 | val_acc=0.8427 val_loss=0.7035 val_f1_macro=0.8083 val_f1_weighted=0.8412 val_prec_macro=0.8114 val_rec_macro=0.8074 val_metric_name=acc val_metric=0.8427
Step 2750 | loss 0.0939 | val_acc=0.8413 val_loss=0.7101 val_f1_macro=0.8082 val_f1_weighted=0.8398 val_prec_macro=0.8111 val_rec_macro=0.8077 val_metric_name=acc val_metric=0.8413
Step 2800 | loss 0.0943 | val_acc=0.8413 val_loss=0.7109 val_f1_macro=0.8090 val_f1_weighted=0.8402 val_prec_macro=0.8127 val_rec_macro=0.8074 val_metric_name=acc val_metric=0.8413
Step 2850 | loss 0.0889 | val_acc=0.8422 val_loss=0.7197 val_f1_macro=0.8086 val_f1_weighted=0.8407 val_prec_macro=0.8108 val_rec_macro=0.8085 val_metric_name=acc val_metric=0.8422
Step 2900 | loss 0.0865 | val_acc=0.8424 val_loss=0.7221 val_f1_macro=0.8096 val_f1_weighted=0.8408 val_prec_macro=0.8129 val_rec_macro=0.8086 val_metric_name=acc val_metric=0.8424
Step 2950 | loss 0.0812 | val_acc=0.8443 val_loss=0.7306 val_f1_macro=0.8111 val_f1_weighted=0.8429 val_prec_macro=0.8136 val_rec_macro=0.8109 val_metric_name=acc val_metric=0.8443
Step 3000 | loss 0.0778 | val_acc=0.8440 val_loss=0.7341 val_f1_macro=0.8117 val_f1_weighted=0.8425 val_prec_macro=0.8148 val_rec_macro=0.8109 val_metric_name=acc val_metric=0.8440
Step 3050 | loss 0.0742 | val_acc=0.8448 val_loss=0.7370 val_f1_macro=0.8126 val_f1_weighted=0.8435 val_prec_macro=0.8157 val_rec_macro=0.8118 val_metric_name=acc val_metric=0.8448
Step 3100 | loss 0.0758 | val_acc=0.8441 val_loss=0.7426 val_f1_macro=0.8109 val_f1_weighted=0.8426 val_prec_macro=0.8135 val_rec_macro=0.8105 val_metric_name=acc val_metric=0.8441
Step 3150 | loss 0.0694 | val_acc=0.8455 val_loss=0.7481 val_f1_macro=0.8117 val_f1_weighted=0.8441 val_prec_macro=0.8141 val_rec_macro=0.8116 val_metric_name=acc val_metric=0.8455
Step 3200 | loss 0.0688 | val_acc=0.8462 val_loss=0.7501 val_f1_macro=0.8127 val_f1_weighted=0.8448 val_prec_macro=0.8160 val_rec_macro=0.8118 val_metric_name=acc val_metric=0.8462
Step 3250 | loss 0.0663 | val_acc=0.8475 val_loss=0.7541 val_f1_macro=0.8137 val_f1_weighted=0.8461 val_prec_macro=0.8156 val_rec_macro=0.8140 val_metric_name=acc val_metric=0.8475
Step 3300 | loss 0.0605 | val_acc=0.8464 val_loss=0.7606 val_f1_macro=0.8127 val_f1_weighted=0.8452 val_prec_macro=0.8152 val_rec_macro=0.8126 val_metric_name=acc val_metric=0.8464
Step 3350 | loss 0.0602 | val_acc=0.8466 val_loss=0.7655 val_f1_macro=0.8132 val_f1_weighted=0.8452 val_prec_macro=0.8164 val_rec_macro=0.8123 val_metric_name=acc val_metric=0.8466
Step 3400 | loss 0.0567 | val_acc=0.8455 val_loss=0.7690 val_f1_macro=0.8120 val_f1_weighted=0.8442 val_prec_macro=0.8144 val_rec_macro=0.8122 val_metric_name=acc val_metric=0.8455
Step 3450 | loss 0.0575 | val_acc=0.8466 val_loss=0.7741 val_f1_macro=0.8136 val_f1_weighted=0.8450 val_prec_macro=0.8167 val_rec_macro=0.8130 val_metric_name=acc val_metric=0.8466
Step 3500 | loss 0.0578 | val_acc=0.8468 val_loss=0.7756 val_f1_macro=0.8132 val_f1_weighted=0.8455 val_prec_macro=0.8155 val_rec_macro=0.8131 val_metric_name=acc val_metric=0.8468
Step 3550 | loss 0.0526 | val_acc=0.8484 val_loss=0.7768 val_f1_macro=0.8147 val_f1_weighted=0.8469 val_prec_macro=0.8178 val_rec_macro=0.8136 val_metric_name=acc val_metric=0.8484
Step 3600 | loss 0.0504 | val_acc=0.8484 val_loss=0.7848 val_f1_macro=0.8143 val_f1_weighted=0.8470 val_prec_macro=0.8169 val_rec_macro=0.8139 val_metric_name=acc val_metric=0.8484
Step 3650 | loss 0.0495 | val_acc=0.8477 val_loss=0.7908 val_f1_macro=0.8140 val_f1_weighted=0.8462 val_prec_macro=0.8168 val_rec_macro=0.8136 val_metric_name=acc val_metric=0.8477
Step 3700 | loss 0.0509 | val_acc=0.8487 val_loss=0.7868 val_f1_macro=0.8148 val_f1_weighted=0.8475 val_prec_macro=0.8181 val_rec_macro=0.8137 val_metric_name=acc val_metric=0.8487
Step 3750 | loss 0.0456 | val_acc=0.8475 val_loss=0.7946 val_f1_macro=0.8130 val_f1_weighted=0.8462 val_prec_macro=0.8163 val_rec_macro=0.8118 val_metric_name=acc val_metric=0.8475
Step 3800 | loss 0.0480 | val_acc=0.8489 val_loss=0.7999 val_f1_macro=0.8152 val_f1_weighted=0.8475 val_prec_macro=0.8184 val_rec_macro=0.8141 val_metric_name=acc val_metric=0.8489
Step 3850 | loss 0.0448 | val_acc=0.8484 val_loss=0.8055 val_f1_macro=0.8131 val_f1_weighted=0.8468 val_prec_macro=0.8153 val_rec_macro=0.8133 val_metric_name=acc val_metric=0.8484
Step 3900 | loss 0.0401 | val_acc=0.8477 val_loss=0.8080 val_f1_macro=0.8134 val_f1_weighted=0.8462 val_prec_macro=0.8168 val_rec_macro=0.8125 val_metric_name=acc val_metric=0.8477
Step 3950 | loss 0.0429 | val_acc=0.8492 val_loss=0.8105 val_f1_macro=0.8146 val_f1_weighted=0.8477 val_prec_macro=0.8182 val_rec_macro=0.8134 val_metric_name=acc val_metric=0.8492
Step 4000 | loss 0.0438 | val_acc=0.8478 val_loss=0.8146 val_f1_macro=0.8125 val_f1_weighted=0.8464 val_prec_macro=0.8160 val_rec_macro=0.8117 val_metric_name=acc val_metric=0.8478
Step 4050 | loss 0.0383 | val_acc=0.8489 val_loss=0.8175 val_f1_macro=0.8150 val_f1_weighted=0.8474 val_prec_macro=0.8187 val_rec_macro=0.8137 val_metric_name=acc val_metric=0.8489
Step 4100 | loss 0.0387 | val_acc=0.8487 val_loss=0.8197 val_f1_macro=0.8140 val_f1_weighted=0.8471 val_prec_macro=0.8170 val_rec_macro=0.8132 val_metric_name=acc val_metric=0.8487
Early stopping at step 4135

--- Final (best ckpt @ step 3830) ---
  train_acc=0.9994 train_loss=0.0023 train_f1_macro=0.9991 train_f1_weighted=0.9994 train_prec_macro=0.9991 train_rec_macro=0.9991 train_metric_name=acc train_metric=0.9994
  val_acc=0.8498 val_loss=0.8047 val_f1_macro=0.8152 val_f1_weighted=0.8483 val_prec_macro=0.8172 val_rec_macro=0.8156 val_metric_name=acc val_metric=0.8498
  test_acc=0.8450 test_loss=0.8114 test_f1_macro=0.8063 test_f1_weighted=0.8428 test_prec_macro=0.8085 test_rec_macro=0.8077 test_metric_name=acc test_metric=0.8450
  test_acc=0.8450

============================================================
Training roman-empire GT-sep 3L h=512 lr=3e-05 split=7
============================================================
Training for 5000 steps
Step    1 | loss 3.1195 | val_acc=0.1387 val_loss=2.8141 val_f1_macro=0.0576 val_f1_weighted=0.1015 val_prec_macro=0.0652 val_rec_macro=0.0862 val_metric_name=acc val_metric=0.1387
Step   50 | loss 1.2252 | val_acc=0.6538 val_loss=1.1228 val_f1_macro=0.4814 val_f1_weighted=0.6137 val_prec_macro=0.5222 val_rec_macro=0.4950 val_metric_name=acc val_metric=0.6538
Step  100 | loss 0.8771 | val_acc=0.7214 val_loss=0.8635 val_f1_macro=0.5896 val_f1_weighted=0.7004 val_prec_macro=0.6573 val_rec_macro=0.5981 val_metric_name=acc val_metric=0.7214
Step  150 | loss 0.7186 | val_acc=0.7509 val_loss=0.7605 val_f1_macro=0.6491 val_f1_weighted=0.7386 val_prec_macro=0.6977 val_rec_macro=0.6482 val_metric_name=acc val_metric=0.7509
Step  200 | loss 0.5940 | val_acc=0.7728 val_loss=0.7027 val_f1_macro=0.6945 val_f1_weighted=0.7648 val_prec_macro=0.7274 val_rec_macro=0.6906 val_metric_name=acc val_metric=0.7728
Step  250 | loss 0.5205 | val_acc=0.7924 val_loss=0.6605 val_f1_macro=0.7338 val_f1_weighted=0.7870 val_prec_macro=0.7499 val_rec_macro=0.7323 val_metric_name=acc val_metric=0.7924
Step  300 | loss 0.4370 | val_acc=0.8065 val_loss=0.6381 val_f1_macro=0.7579 val_f1_weighted=0.8018 val_prec_macro=0.7674 val_rec_macro=0.7584 val_metric_name=acc val_metric=0.8065
Step  350 | loss 0.3726 | val_acc=0.8168 val_loss=0.6233 val_f1_macro=0.7715 val_f1_weighted=0.8126 val_prec_macro=0.7796 val_rec_macro=0.7712 val_metric_name=acc val_metric=0.8168
Step  400 | loss 0.3177 | val_acc=0.8240 val_loss=0.6192 val_f1_macro=0.7807 val_f1_weighted=0.8205 val_prec_macro=0.7873 val_rec_macro=0.7808 val_metric_name=acc val_metric=0.8240
Step  450 | loss 0.2662 | val_acc=0.8314 val_loss=0.6216 val_f1_macro=0.7910 val_f1_weighted=0.8282 val_prec_macro=0.7981 val_rec_macro=0.7900 val_metric_name=acc val_metric=0.8314
Step  500 | loss 0.2193 | val_acc=0.8334 val_loss=0.6357 val_f1_macro=0.7961 val_f1_weighted=0.8306 val_prec_macro=0.8007 val_rec_macro=0.7965 val_metric_name=acc val_metric=0.8334
Step  550 | loss 0.1902 | val_acc=0.8355 val_loss=0.6472 val_f1_macro=0.8000 val_f1_weighted=0.8331 val_prec_macro=0.8050 val_rec_macro=0.7995 val_metric_name=acc val_metric=0.8355
Step  600 | loss 0.1573 | val_acc=0.8346 val_loss=0.6660 val_f1_macro=0.7989 val_f1_weighted=0.8324 val_prec_macro=0.8036 val_rec_macro=0.7984 val_metric_name=acc val_metric=0.8346
Step  650 | loss 0.1269 | val_acc=0.8395 val_loss=0.6838 val_f1_macro=0.8052 val_f1_weighted=0.8374 val_prec_macro=0.8096 val_rec_macro=0.8046 val_metric_name=acc val_metric=0.8395
Step  700 | loss 0.1123 | val_acc=0.8399 val_loss=0.7048 val_f1_macro=0.8067 val_f1_weighted=0.8378 val_prec_macro=0.8119 val_rec_macro=0.8049 val_metric_name=acc val_metric=0.8399
Step  750 | loss 0.0941 | val_acc=0.8394 val_loss=0.7212 val_f1_macro=0.8079 val_f1_weighted=0.8375 val_prec_macro=0.8097 val_rec_macro=0.8091 val_metric_name=acc val_metric=0.8394
Step  800 | loss 0.0756 | val_acc=0.8408 val_loss=0.7373 val_f1_macro=0.8083 val_f1_weighted=0.8391 val_prec_macro=0.8116 val_rec_macro=0.8078 val_metric_name=acc val_metric=0.8408
Step  850 | loss 0.0709 | val_acc=0.8417 val_loss=0.7539 val_f1_macro=0.8088 val_f1_weighted=0.8397 val_prec_macro=0.8123 val_rec_macro=0.8079 val_metric_name=acc val_metric=0.8417
Step  900 | loss 0.0616 | val_acc=0.8424 val_loss=0.7759 val_f1_macro=0.8096 val_f1_weighted=0.8404 val_prec_macro=0.8133 val_rec_macro=0.8088 val_metric_name=acc val_metric=0.8424
Step  950 | loss 0.0528 | val_acc=0.8422 val_loss=0.7866 val_f1_macro=0.8088 val_f1_weighted=0.8402 val_prec_macro=0.8124 val_rec_macro=0.8081 val_metric_name=acc val_metric=0.8422
Step 1000 | loss 0.0448 | val_acc=0.8427 val_loss=0.8050 val_f1_macro=0.8093 val_f1_weighted=0.8409 val_prec_macro=0.8116 val_rec_macro=0.8104 val_metric_name=acc val_metric=0.8427
Step 1050 | loss 0.0362 | val_acc=0.8441 val_loss=0.8154 val_f1_macro=0.8095 val_f1_weighted=0.8424 val_prec_macro=0.8137 val_rec_macro=0.8082 val_metric_name=acc val_metric=0.8441
Step 1100 | loss 0.0352 | val_acc=0.8443 val_loss=0.8276 val_f1_macro=0.8119 val_f1_weighted=0.8425 val_prec_macro=0.8136 val_rec_macro=0.8132 val_metric_name=acc val_metric=0.8443
Step 1150 | loss 0.0351 | val_acc=0.8466 val_loss=0.8335 val_f1_macro=0.8138 val_f1_weighted=0.8445 val_prec_macro=0.8177 val_rec_macro=0.8130 val_metric_name=acc val_metric=0.8466
Step 1200 | loss 0.0278 | val_acc=0.8452 val_loss=0.8452 val_f1_macro=0.8140 val_f1_weighted=0.8435 val_prec_macro=0.8183 val_rec_macro=0.8120 val_metric_name=acc val_metric=0.8452
Step 1250 | loss 0.0298 | val_acc=0.8457 val_loss=0.8577 val_f1_macro=0.8131 val_f1_weighted=0.8436 val_prec_macro=0.8159 val_rec_macro=0.8129 val_metric_name=acc val_metric=0.8457
Step 1300 | loss 0.0241 | val_acc=0.8482 val_loss=0.8678 val_f1_macro=0.8163 val_f1_weighted=0.8465 val_prec_macro=0.8177 val_rec_macro=0.8168 val_metric_name=acc val_metric=0.8482
Step 1350 | loss 0.0204 | val_acc=0.8466 val_loss=0.8773 val_f1_macro=0.8135 val_f1_weighted=0.8446 val_prec_macro=0.8153 val_rec_macro=0.8140 val_metric_name=acc val_metric=0.8466
Step 1400 | loss 0.0216 | val_acc=0.8484 val_loss=0.8868 val_f1_macro=0.8163 val_f1_weighted=0.8465 val_prec_macro=0.8194 val_rec_macro=0.8152 val_metric_name=acc val_metric=0.8484
Step 1450 | loss 0.0194 | val_acc=0.8482 val_loss=0.8934 val_f1_macro=0.8140 val_f1_weighted=0.8461 val_prec_macro=0.8149 val_rec_macro=0.8156 val_metric_name=acc val_metric=0.8482
Step 1500 | loss 0.0182 | val_acc=0.8494 val_loss=0.8975 val_f1_macro=0.8167 val_f1_weighted=0.8478 val_prec_macro=0.8180 val_rec_macro=0.8181 val_metric_name=acc val_metric=0.8494
Step 1550 | loss 0.0153 | val_acc=0.8477 val_loss=0.8998 val_f1_macro=0.8152 val_f1_weighted=0.8458 val_prec_macro=0.8175 val_rec_macro=0.8147 val_metric_name=acc val_metric=0.8477
Step 1600 | loss 0.0152 | val_acc=0.8471 val_loss=0.9123 val_f1_macro=0.8165 val_f1_weighted=0.8453 val_prec_macro=0.8193 val_rec_macro=0.8159 val_metric_name=acc val_metric=0.8471
Step 1650 | loss 0.0151 | val_acc=0.8487 val_loss=0.9217 val_f1_macro=0.8178 val_f1_weighted=0.8468 val_prec_macro=0.8202 val_rec_macro=0.8179 val_metric_name=acc val_metric=0.8487
Step 1700 | loss 0.0136 | val_acc=0.8491 val_loss=0.9244 val_f1_macro=0.8181 val_f1_weighted=0.8473 val_prec_macro=0.8200 val_rec_macro=0.8182 val_metric_name=acc val_metric=0.8491
Step 1750 | loss 0.0138 | val_acc=0.8492 val_loss=0.9327 val_f1_macro=0.8164 val_f1_weighted=0.8475 val_prec_macro=0.8168 val_rec_macro=0.8189 val_metric_name=acc val_metric=0.8492
Step 1800 | loss 0.0119 | val_acc=0.8482 val_loss=0.9444 val_f1_macro=0.8163 val_f1_weighted=0.8459 val_prec_macro=0.8186 val_rec_macro=0.8167 val_metric_name=acc val_metric=0.8482
Step 1850 | loss 0.0107 | val_acc=0.8487 val_loss=0.9485 val_f1_macro=0.8148 val_f1_weighted=0.8467 val_prec_macro=0.8160 val_rec_macro=0.8161 val_metric_name=acc val_metric=0.8487
Step 1900 | loss 0.0113 | val_acc=0.8473 val_loss=0.9516 val_f1_macro=0.8167 val_f1_weighted=0.8453 val_prec_macro=0.8196 val_rec_macro=0.8159 val_metric_name=acc val_metric=0.8473
Step 1950 | loss 0.0110 | val_acc=0.8477 val_loss=0.9566 val_f1_macro=0.8167 val_f1_weighted=0.8459 val_prec_macro=0.8201 val_rec_macro=0.8152 val_metric_name=acc val_metric=0.8477
Step 2000 | loss 0.0098 | val_acc=0.8478 val_loss=0.9655 val_f1_macro=0.8165 val_f1_weighted=0.8459 val_prec_macro=0.8198 val_rec_macro=0.8153 val_metric_name=acc val_metric=0.8478
Step 2050 | loss 0.0100 | val_acc=0.8480 val_loss=0.9723 val_f1_macro=0.8155 val_f1_weighted=0.8460 val_prec_macro=0.8184 val_rec_macro=0.8152 val_metric_name=acc val_metric=0.8480
Early stopping at step 2077

--- Final (best ckpt @ step 1520) ---
  train_acc=0.9999 train_loss=0.0006 train_f1_macro=0.9999 train_f1_weighted=0.9999 train_prec_macro=1.0000 train_rec_macro=0.9998 train_metric_name=acc train_metric=0.9999
  val_acc=0.8508 val_loss=0.9033 val_f1_macro=0.8190 val_f1_weighted=0.8490 val_prec_macro=0.8214 val_rec_macro=0.8191 val_metric_name=acc val_metric=0.8508
  test_acc=0.8479 test_loss=0.9297 test_f1_macro=0.8088 test_f1_weighted=0.8458 test_prec_macro=0.8100 test_rec_macro=0.8095 test_metric_name=acc test_metric=0.8479
  test_acc=0.8479

============================================================
Training roman-empire GT-sep 3L h=512 lr=6e-05 split=7
============================================================
Training for 5000 steps
Step    1 | loss 3.1195 | val_acc=0.2021 val_loss=2.5957 val_f1_macro=0.0611 val_f1_weighted=0.1313 val_prec_macro=0.0675 val_rec_macro=0.0970 val_metric_name=acc val_metric=0.2021
Step   50 | loss 0.9391 | val_acc=0.7094 val_loss=0.9102 val_f1_macro=0.5713 val_f1_weighted=0.6856 val_prec_macro=0.5937 val_rec_macro=0.5802 val_metric_name=acc val_metric=0.7094
Step  100 | loss 0.6419 | val_acc=0.7640 val_loss=0.7268 val_f1_macro=0.6739 val_f1_weighted=0.7550 val_prec_macro=0.7113 val_rec_macro=0.6702 val_metric_name=acc val_metric=0.7640
Step  150 | loss 0.4871 | val_acc=0.7972 val_loss=0.6496 val_f1_macro=0.7417 val_f1_weighted=0.7926 val_prec_macro=0.7565 val_rec_macro=0.7393 val_metric_name=acc val_metric=0.7972
Step  200 | loss 0.3587 | val_acc=0.8196 val_loss=0.6199 val_f1_macro=0.7762 val_f1_weighted=0.8158 val_prec_macro=0.7822 val_rec_macro=0.7771 val_metric_name=acc val_metric=0.8196
Step  250 | loss 0.2709 | val_acc=0.8314 val_loss=0.6222 val_f1_macro=0.7908 val_f1_weighted=0.8282 val_prec_macro=0.7960 val_rec_macro=0.7910 val_metric_name=acc val_metric=0.8314
Step  300 | loss 0.1966 | val_acc=0.8346 val_loss=0.6555 val_f1_macro=0.7982 val_f1_weighted=0.8319 val_prec_macro=0.8013 val_rec_macro=0.7996 val_metric_name=acc val_metric=0.8346
Step  350 | loss 0.1372 | val_acc=0.8357 val_loss=0.6945 val_f1_macro=0.8017 val_f1_weighted=0.8335 val_prec_macro=0.8047 val_rec_macro=0.8024 val_metric_name=acc val_metric=0.8357
Step  400 | loss 0.0944 | val_acc=0.8376 val_loss=0.7212 val_f1_macro=0.8059 val_f1_weighted=0.8360 val_prec_macro=0.8091 val_rec_macro=0.8055 val_metric_name=acc val_metric=0.8376
Step  450 | loss 0.0709 | val_acc=0.8415 val_loss=0.7525 val_f1_macro=0.8089 val_f1_weighted=0.8392 val_prec_macro=0.8105 val_rec_macro=0.8099 val_metric_name=acc val_metric=0.8415
Step  500 | loss 0.0562 | val_acc=0.8427 val_loss=0.7929 val_f1_macro=0.8099 val_f1_weighted=0.8405 val_prec_macro=0.8143 val_rec_macro=0.8082 val_metric_name=acc val_metric=0.8427
Step  550 | loss 0.0446 | val_acc=0.8441 val_loss=0.8145 val_f1_macro=0.8108 val_f1_weighted=0.8423 val_prec_macro=0.8151 val_rec_macro=0.8098 val_metric_name=acc val_metric=0.8441
Step  600 | loss 0.0366 | val_acc=0.8441 val_loss=0.8351 val_f1_macro=0.8128 val_f1_weighted=0.8425 val_prec_macro=0.8136 val_rec_macro=0.8152 val_metric_name=acc val_metric=0.8441
Step  650 | loss 0.0283 | val_acc=0.8445 val_loss=0.8480 val_f1_macro=0.8116 val_f1_weighted=0.8424 val_prec_macro=0.8136 val_rec_macro=0.8119 val_metric_name=acc val_metric=0.8445
Step  700 | loss 0.0267 | val_acc=0.8462 val_loss=0.8679 val_f1_macro=0.8135 val_f1_weighted=0.8439 val_prec_macro=0.8171 val_rec_macro=0.8125 val_metric_name=acc val_metric=0.8462
Step  750 | loss 0.0222 | val_acc=0.8455 val_loss=0.8793 val_f1_macro=0.8142 val_f1_weighted=0.8437 val_prec_macro=0.8160 val_rec_macro=0.8148 val_metric_name=acc val_metric=0.8455
Step  800 | loss 0.0186 | val_acc=0.8440 val_loss=0.9003 val_f1_macro=0.8124 val_f1_weighted=0.8426 val_prec_macro=0.8134 val_rec_macro=0.8141 val_metric_name=acc val_metric=0.8440
Step  850 | loss 0.0183 | val_acc=0.8434 val_loss=0.9156 val_f1_macro=0.8106 val_f1_weighted=0.8417 val_prec_macro=0.8126 val_rec_macro=0.8108 val_metric_name=acc val_metric=0.8434
Step  900 | loss 0.0165 | val_acc=0.8462 val_loss=0.9304 val_f1_macro=0.8142 val_f1_weighted=0.8443 val_prec_macro=0.8157 val_rec_macro=0.8148 val_metric_name=acc val_metric=0.8462
Step  950 | loss 0.0139 | val_acc=0.8478 val_loss=0.9460 val_f1_macro=0.8160 val_f1_weighted=0.8454 val_prec_macro=0.8190 val_rec_macro=0.8160 val_metric_name=acc val_metric=0.8478
Step 1000 | loss 0.0113 | val_acc=0.8457 val_loss=0.9607 val_f1_macro=0.8135 val_f1_weighted=0.8438 val_prec_macro=0.8145 val_rec_macro=0.8153 val_metric_name=acc val_metric=0.8457
Step 1050 | loss 0.0085 | val_acc=0.8468 val_loss=0.9657 val_f1_macro=0.8129 val_f1_weighted=0.8448 val_prec_macro=0.8152 val_rec_macro=0.8131 val_metric_name=acc val_metric=0.8468
Step 1100 | loss 0.0102 | val_acc=0.8480 val_loss=0.9788 val_f1_macro=0.8172 val_f1_weighted=0.8461 val_prec_macro=0.8169 val_rec_macro=0.8205 val_metric_name=acc val_metric=0.8480
Step 1150 | loss 0.0099 | val_acc=0.8470 val_loss=0.9768 val_f1_macro=0.8147 val_f1_weighted=0.8450 val_prec_macro=0.8157 val_rec_macro=0.8162 val_metric_name=acc val_metric=0.8470
Step 1200 | loss 0.0080 | val_acc=0.8459 val_loss=0.9821 val_f1_macro=0.8142 val_f1_weighted=0.8441 val_prec_macro=0.8149 val_rec_macro=0.8154 val_metric_name=acc val_metric=0.8459
Step 1250 | loss 0.0085 | val_acc=0.8500 val_loss=0.9933 val_f1_macro=0.8187 val_f1_weighted=0.8478 val_prec_macro=0.8218 val_rec_macro=0.8179 val_metric_name=acc val_metric=0.8500
Step 1300 | loss 0.0064 | val_acc=0.8505 val_loss=0.9993 val_f1_macro=0.8197 val_f1_weighted=0.8487 val_prec_macro=0.8221 val_rec_macro=0.8195 val_metric_name=acc val_metric=0.8505
Step 1350 | loss 0.0058 | val_acc=0.8498 val_loss=1.0146 val_f1_macro=0.8175 val_f1_weighted=0.8477 val_prec_macro=0.8187 val_rec_macro=0.8190 val_metric_name=acc val_metric=0.8498
Step 1400 | loss 0.0069 | val_acc=0.8523 val_loss=1.0176 val_f1_macro=0.8214 val_f1_weighted=0.8503 val_prec_macro=0.8234 val_rec_macro=0.8222 val_metric_name=acc val_metric=0.8523
Step 1450 | loss 0.0057 | val_acc=0.8501 val_loss=1.0276 val_f1_macro=0.8204 val_f1_weighted=0.8481 val_prec_macro=0.8210 val_rec_macro=0.8230 val_metric_name=acc val_metric=0.8501
Step 1500 | loss 0.0050 | val_acc=0.8507 val_loss=1.0253 val_f1_macro=0.8203 val_f1_weighted=0.8486 val_prec_macro=0.8219 val_rec_macro=0.8219 val_metric_name=acc val_metric=0.8507
Step 1550 | loss 0.0048 | val_acc=0.8508 val_loss=1.0252 val_f1_macro=0.8206 val_f1_weighted=0.8492 val_prec_macro=0.8221 val_rec_macro=0.8211 val_metric_name=acc val_metric=0.8508
Step 1600 | loss 0.0046 | val_acc=0.8519 val_loss=1.0323 val_f1_macro=0.8202 val_f1_weighted=0.8502 val_prec_macro=0.8207 val_rec_macro=0.8224 val_metric_name=acc val_metric=0.8519
Step 1650 | loss 0.0043 | val_acc=0.8512 val_loss=1.0520 val_f1_macro=0.8212 val_f1_weighted=0.8492 val_prec_macro=0.8237 val_rec_macro=0.8220 val_metric_name=acc val_metric=0.8512
Step 1700 | loss 0.0043 | val_acc=0.8496 val_loss=1.0456 val_f1_macro=0.8193 val_f1_weighted=0.8482 val_prec_macro=0.8207 val_rec_macro=0.8201 val_metric_name=acc val_metric=0.8496
Step 1750 | loss 0.0039 | val_acc=0.8492 val_loss=1.0547 val_f1_macro=0.8176 val_f1_weighted=0.8473 val_prec_macro=0.8182 val_rec_macro=0.8198 val_metric_name=acc val_metric=0.8492
Step 1800 | loss 0.0036 | val_acc=0.8503 val_loss=1.0662 val_f1_macro=0.8190 val_f1_weighted=0.8479 val_prec_macro=0.8220 val_rec_macro=0.8190 val_metric_name=acc val_metric=0.8503
Step 1850 | loss 0.0031 | val_acc=0.8514 val_loss=1.0606 val_f1_macro=0.8189 val_f1_weighted=0.8491 val_prec_macro=0.8211 val_rec_macro=0.8194 val_metric_name=acc val_metric=0.8514
Early stopping at step 1891

--- Final (best ckpt @ step 1570) ---
  train_acc=1.0000 train_loss=0.0000 train_f1_macro=1.0000 train_f1_weighted=1.0000 train_prec_macro=1.0000 train_rec_macro=1.0000 train_metric_name=acc train_metric=1.0000
  val_acc=0.8528 val_loss=1.0372 val_f1_macro=0.8218 val_f1_weighted=0.8503 val_prec_macro=0.8251 val_rec_macro=0.8220 val_metric_name=acc val_metric=0.8528
  test_acc=0.8507 test_loss=1.0888 test_f1_macro=0.8137 test_f1_weighted=0.8487 test_prec_macro=0.8140 test_rec_macro=0.8159 test_metric_name=acc test_metric=0.8507
  test_acc=0.8507

============================================================
Training roman-empire GT-sep 3L h=512 lr=0.0001 split=7
============================================================
Training for 5000 steps
Step    1 | loss 3.1195 | val_acc=0.2816 val_loss=2.4715 val_f1_macro=0.0877 val_f1_weighted=0.1967 val_prec_macro=0.0800 val_rec_macro=0.1298 val_metric_name=acc val_metric=0.2816
Step   50 | loss 0.7700 | val_acc=0.7382 val_loss=0.8023 val_f1_macro=0.6174 val_f1_weighted=0.7215 val_prec_macro=0.6774 val_rec_macro=0.6235 val_metric_name=acc val_metric=0.7382
Step  100 | loss 0.4835 | val_acc=0.7928 val_loss=0.6577 val_f1_macro=0.7352 val_f1_weighted=0.7882 val_prec_macro=0.7510 val_rec_macro=0.7337 val_metric_name=acc val_metric=0.7928
Step  150 | loss 0.3153 | val_acc=0.8268 val_loss=0.6219 val_f1_macro=0.7843 val_f1_weighted=0.8234 val_prec_macro=0.7876 val_rec_macro=0.7865 val_metric_name=acc val_metric=0.8268
Step  200 | loss 0.1895 | val_acc=0.8344 val_loss=0.6475 val_f1_macro=0.7972 val_f1_weighted=0.8322 val_prec_macro=0.7997 val_rec_macro=0.7978 val_metric_name=acc val_metric=0.8344
Step  250 | loss 0.1153 | val_acc=0.8360 val_loss=0.7141 val_f1_macro=0.8002 val_f1_weighted=0.8334 val_prec_macro=0.8065 val_rec_macro=0.7978 val_metric_name=acc val_metric=0.8360
Step  300 | loss 0.0719 | val_acc=0.8392 val_loss=0.7695 val_f1_macro=0.8055 val_f1_weighted=0.8374 val_prec_macro=0.8071 val_rec_macro=0.8068 val_metric_name=acc val_metric=0.8392
Step  350 | loss 0.0470 | val_acc=0.8424 val_loss=0.8197 val_f1_macro=0.8090 val_f1_weighted=0.8404 val_prec_macro=0.8121 val_rec_macro=0.8090 val_metric_name=acc val_metric=0.8424
Step  400 | loss 0.0324 | val_acc=0.8392 val_loss=0.8467 val_f1_macro=0.8058 val_f1_weighted=0.8375 val_prec_macro=0.8082 val_rec_macro=0.8057 val_metric_name=acc val_metric=0.8392
Step  450 | loss 0.0241 | val_acc=0.8462 val_loss=0.8679 val_f1_macro=0.8152 val_f1_weighted=0.8442 val_prec_macro=0.8184 val_rec_macro=0.8146 val_metric_name=acc val_metric=0.8462
Step  500 | loss 0.0225 | val_acc=0.8410 val_loss=0.9092 val_f1_macro=0.8093 val_f1_weighted=0.8395 val_prec_macro=0.8122 val_rec_macro=0.8091 val_metric_name=acc val_metric=0.8410
Step  550 | loss 0.0163 | val_acc=0.8441 val_loss=0.9257 val_f1_macro=0.8128 val_f1_weighted=0.8424 val_prec_macro=0.8168 val_rec_macro=0.8117 val_metric_name=acc val_metric=0.8441
Step  600 | loss 0.0148 | val_acc=0.8432 val_loss=0.9366 val_f1_macro=0.8103 val_f1_weighted=0.8417 val_prec_macro=0.8125 val_rec_macro=0.8110 val_metric_name=acc val_metric=0.8432
Step  650 | loss 0.0123 | val_acc=0.8441 val_loss=0.9516 val_f1_macro=0.8125 val_f1_weighted=0.8427 val_prec_macro=0.8130 val_rec_macro=0.8141 val_metric_name=acc val_metric=0.8441
Step  700 | loss 0.0116 | val_acc=0.8471 val_loss=0.9616 val_f1_macro=0.8167 val_f1_weighted=0.8451 val_prec_macro=0.8202 val_rec_macro=0.8157 val_metric_name=acc val_metric=0.8471
Step  750 | loss 0.0094 | val_acc=0.8441 val_loss=0.9757 val_f1_macro=0.8136 val_f1_weighted=0.8428 val_prec_macro=0.8162 val_rec_macro=0.8131 val_metric_name=acc val_metric=0.8441
Step  800 | loss 0.0078 | val_acc=0.8464 val_loss=0.9963 val_f1_macro=0.8159 val_f1_weighted=0.8452 val_prec_macro=0.8176 val_rec_macro=0.8172 val_metric_name=acc val_metric=0.8464
Step  850 | loss 0.0083 | val_acc=0.8475 val_loss=1.0156 val_f1_macro=0.8155 val_f1_weighted=0.8453 val_prec_macro=0.8172 val_rec_macro=0.8166 val_metric_name=acc val_metric=0.8475
Step  900 | loss 0.0072 | val_acc=0.8494 val_loss=1.0213 val_f1_macro=0.8188 val_f1_weighted=0.8474 val_prec_macro=0.8205 val_rec_macro=0.8192 val_metric_name=acc val_metric=0.8494
Step  950 | loss 0.0059 | val_acc=0.8473 val_loss=1.0463 val_f1_macro=0.8155 val_f1_weighted=0.8448 val_prec_macro=0.8187 val_rec_macro=0.8157 val_metric_name=acc val_metric=0.8473
Step 1000 | loss 0.0052 | val_acc=0.8473 val_loss=1.0515 val_f1_macro=0.8158 val_f1_weighted=0.8457 val_prec_macro=0.8171 val_rec_macro=0.8175 val_metric_name=acc val_metric=0.8473
Step 1050 | loss 0.0036 | val_acc=0.8477 val_loss=1.0647 val_f1_macro=0.8164 val_f1_weighted=0.8460 val_prec_macro=0.8192 val_rec_macro=0.8167 val_metric_name=acc val_metric=0.8477
Step 1100 | loss 0.0046 | val_acc=0.8459 val_loss=1.0837 val_f1_macro=0.8138 val_f1_weighted=0.8439 val_prec_macro=0.8132 val_rec_macro=0.8184 val_metric_name=acc val_metric=0.8459
Step 1150 | loss 0.0048 | val_acc=0.8478 val_loss=1.0691 val_f1_macro=0.8157 val_f1_weighted=0.8459 val_prec_macro=0.8167 val_rec_macro=0.8176 val_metric_name=acc val_metric=0.8478
Step 1200 | loss 0.0038 | val_acc=0.8457 val_loss=1.0813 val_f1_macro=0.8133 val_f1_weighted=0.8439 val_prec_macro=0.8146 val_rec_macro=0.8142 val_metric_name=acc val_metric=0.8457
Step 1250 | loss 0.0036 | val_acc=0.8489 val_loss=1.0831 val_f1_macro=0.8164 val_f1_weighted=0.8467 val_prec_macro=0.8193 val_rec_macro=0.8163 val_metric_name=acc val_metric=0.8489
Step 1300 | loss 0.0029 | val_acc=0.8471 val_loss=1.0907 val_f1_macro=0.8158 val_f1_weighted=0.8451 val_prec_macro=0.8179 val_rec_macro=0.8167 val_metric_name=acc val_metric=0.8471
Step 1350 | loss 0.0025 | val_acc=0.8475 val_loss=1.1099 val_f1_macro=0.8158 val_f1_weighted=0.8455 val_prec_macro=0.8165 val_rec_macro=0.8183 val_metric_name=acc val_metric=0.8475
Step 1400 | loss 0.0038 | val_acc=0.8478 val_loss=1.0997 val_f1_macro=0.8161 val_f1_weighted=0.8462 val_prec_macro=0.8172 val_rec_macro=0.8179 val_metric_name=acc val_metric=0.8478
Step 1450 | loss 0.0025 | val_acc=0.8480 val_loss=1.1212 val_f1_macro=0.8156 val_f1_weighted=0.8460 val_prec_macro=0.8162 val_rec_macro=0.8185 val_metric_name=acc val_metric=0.8480
Step 1500 | loss 0.0025 | val_acc=0.8498 val_loss=1.1086 val_f1_macro=0.8194 val_f1_weighted=0.8479 val_prec_macro=0.8193 val_rec_macro=0.8222 val_metric_name=acc val_metric=0.8498
Step 1550 | loss 0.0027 | val_acc=0.8487 val_loss=1.1023 val_f1_macro=0.8188 val_f1_weighted=0.8472 val_prec_macro=0.8208 val_rec_macro=0.8189 val_metric_name=acc val_metric=0.8487
Step 1600 | loss 0.0022 | val_acc=0.8501 val_loss=1.1216 val_f1_macro=0.8191 val_f1_weighted=0.8485 val_prec_macro=0.8184 val_rec_macro=0.8225 val_metric_name=acc val_metric=0.8501
Step 1650 | loss 0.0025 | val_acc=0.8496 val_loss=1.1317 val_f1_macro=0.8186 val_f1_weighted=0.8473 val_prec_macro=0.8213 val_rec_macro=0.8194 val_metric_name=acc val_metric=0.8496
Step 1700 | loss 0.0026 | val_acc=0.8480 val_loss=1.1231 val_f1_macro=0.8189 val_f1_weighted=0.8469 val_prec_macro=0.8193 val_rec_macro=0.8209 val_metric_name=acc val_metric=0.8480
Step 1750 | loss 0.0018 | val_acc=0.8519 val_loss=1.1346 val_f1_macro=0.8206 val_f1_weighted=0.8498 val_prec_macro=0.8196 val_rec_macro=0.8247 val_metric_name=acc val_metric=0.8519
Step 1800 | loss 0.0016 | val_acc=0.8514 val_loss=1.1379 val_f1_macro=0.8206 val_f1_weighted=0.8489 val_prec_macro=0.8236 val_rec_macro=0.8210 val_metric_name=acc val_metric=0.8514
Step 1850 | loss 0.0014 | val_acc=0.8496 val_loss=1.1456 val_f1_macro=0.8204 val_f1_weighted=0.8480 val_prec_macro=0.8218 val_rec_macro=0.8224 val_metric_name=acc val_metric=0.8496
Step 1900 | loss 0.0027 | val_acc=0.8540 val_loss=1.1335 val_f1_macro=0.8245 val_f1_weighted=0.8523 val_prec_macro=0.8279 val_rec_macro=0.8234 val_metric_name=acc val_metric=0.8540
Step 1950 | loss 0.0023 | val_acc=0.8507 val_loss=1.1690 val_f1_macro=0.8194 val_f1_weighted=0.8485 val_prec_macro=0.8216 val_rec_macro=0.8202 val_metric_name=acc val_metric=0.8507
Step 2000 | loss 0.0015 | val_acc=0.8554 val_loss=1.1490 val_f1_macro=0.8232 val_f1_weighted=0.8535 val_prec_macro=0.8267 val_rec_macro=0.8227 val_metric_name=acc val_metric=0.8554
Step 2050 | loss 0.0013 | val_acc=0.8545 val_loss=1.1661 val_f1_macro=0.8246 val_f1_weighted=0.8524 val_prec_macro=0.8277 val_rec_macro=0.8242 val_metric_name=acc val_metric=0.8545
Step 2100 | loss 0.0018 | val_acc=0.8487 val_loss=1.2051 val_f1_macro=0.8153 val_f1_weighted=0.8464 val_prec_macro=0.8159 val_rec_macro=0.8188 val_metric_name=acc val_metric=0.8487
Step 2150 | loss 0.0011 | val_acc=0.8533 val_loss=1.1698 val_f1_macro=0.8216 val_f1_weighted=0.8511 val_prec_macro=0.8247 val_rec_macro=0.8213 val_metric_name=acc val_metric=0.8533
Step 2200 | loss 0.0032 | val_acc=0.8501 val_loss=1.1884 val_f1_macro=0.8172 val_f1_weighted=0.8478 val_prec_macro=0.8179 val_rec_macro=0.8199 val_metric_name=acc val_metric=0.8501
Step 2250 | loss 0.0013 | val_acc=0.8524 val_loss=1.1651 val_f1_macro=0.8204 val_f1_weighted=0.8505 val_prec_macro=0.8215 val_rec_macro=0.8212 val_metric_name=acc val_metric=0.8524
Step 2300 | loss 0.0011 | val_acc=0.8508 val_loss=1.1895 val_f1_macro=0.8186 val_f1_weighted=0.8490 val_prec_macro=0.8229 val_rec_macro=0.8174 val_metric_name=acc val_metric=0.8508
Early stopping at step 2302

--- Final (best ckpt @ step 2000) ---
  train_acc=1.0000 train_loss=0.0000 train_f1_macro=1.0000 train_f1_weighted=1.0000 train_prec_macro=1.0000 train_rec_macro=1.0000 train_metric_name=acc train_metric=1.0000
  val_acc=0.8554 val_loss=1.1490 val_f1_macro=0.8232 val_f1_weighted=0.8535 val_prec_macro=0.8267 val_rec_macro=0.8227 val_metric_name=acc val_metric=0.8554
  test_acc=0.8525 test_loss=1.2094 test_f1_macro=0.8151 test_f1_weighted=0.8503 test_prec_macro=0.8166 test_rec_macro=0.8159 test_metric_name=acc test_metric=0.8525
  test_acc=0.8525

============================================================
Training roman-empire GT-sep 3L h=512 lr=1e-05 split=7
============================================================
Training for 5000 steps
Step    1 | loss 3.1195 | val_acc=0.0341 val_loss=3.0277 val_f1_macro=0.0206 val_f1_weighted=0.0210 val_prec_macro=0.0420 val_rec_macro=0.0556 val_metric_name=acc val_metric=0.0341
Step   50 | loss 1.8082 | val_acc=0.5094 val_loss=1.6071 val_f1_macro=0.2385 val_f1_weighted=0.4250 val_prec_macro=0.3978 val_rec_macro=0.2704 val_metric_name=acc val_metric=0.5094
Step  100 | loss 1.3749 | val_acc=0.6168 val_loss=1.2358 val_f1_macro=0.4393 val_f1_weighted=0.5708 val_prec_macro=0.5150 val_rec_macro=0.4459 val_metric_name=acc val_metric=0.6168
Step  150 | loss 1.1575 | val_acc=0.6685 val_loss=1.0550 val_f1_macro=0.5015 val_f1_weighted=0.6318 val_prec_macro=0.5474 val_rec_macro=0.5110 val_metric_name=acc val_metric=0.6685
Step  200 | loss 1.0074 | val_acc=0.6997 val_loss=0.9487 val_f1_macro=0.5477 val_f1_weighted=0.6699 val_prec_macro=0.5843 val_rec_macro=0.5572 val_metric_name=acc val_metric=0.6997
Step  250 | loss 0.9246 | val_acc=0.7170 val_loss=0.8753 val_f1_macro=0.5789 val_f1_weighted=0.6938 val_prec_macro=0.6530 val_rec_macro=0.5876 val_metric_name=acc val_metric=0.7170
Step  300 | loss 0.8304 | val_acc=0.7331 val_loss=0.8263 val_f1_macro=0.6140 val_f1_weighted=0.7159 val_prec_macro=0.6837 val_rec_macro=0.6162 val_metric_name=acc val_metric=0.7331
Step  350 | loss 0.7707 | val_acc=0.7414 val_loss=0.7903 val_f1_macro=0.6297 val_f1_weighted=0.7264 val_prec_macro=0.6806 val_rec_macro=0.6316 val_metric_name=acc val_metric=0.7414
Step  400 | loss 0.7230 | val_acc=0.7530 val_loss=0.7604 val_f1_macro=0.6513 val_f1_weighted=0.7405 val_prec_macro=0.6984 val_rec_macro=0.6500 val_metric_name=acc val_metric=0.7530
Step  450 | loss 0.6711 | val_acc=0.7613 val_loss=0.7341 val_f1_macro=0.6684 val_f1_weighted=0.7510 val_prec_macro=0.7146 val_rec_macro=0.6648 val_metric_name=acc val_metric=0.7613
Step  500 | loss 0.6272 | val_acc=0.7680 val_loss=0.7127 val_f1_macro=0.6841 val_f1_weighted=0.7594 val_prec_macro=0.7248 val_rec_macro=0.6794 val_metric_name=acc val_metric=0.7680
Step  550 | loss 0.5937 | val_acc=0.7760 val_loss=0.6938 val_f1_macro=0.7013 val_f1_weighted=0.7689 val_prec_macro=0.7347 val_rec_macro=0.6958 val_metric_name=acc val_metric=0.7760
Step  600 | loss 0.5578 | val_acc=0.7822 val_loss=0.6791 val_f1_macro=0.7157 val_f1_weighted=0.7755 val_prec_macro=0.7407 val_rec_macro=0.7106 val_metric_name=acc val_metric=0.7822
Step  650 | loss 0.5242 | val_acc=0.7901 val_loss=0.6669 val_f1_macro=0.7299 val_f1_weighted=0.7845 val_prec_macro=0.7493 val_rec_macro=0.7266 val_metric_name=acc val_metric=0.7901
Step  700 | loss 0.4978 | val_acc=0.7961 val_loss=0.6561 val_f1_macro=0.7409 val_f1_weighted=0.7908 val_prec_macro=0.7575 val_rec_macro=0.7387 val_metric_name=acc val_metric=0.7961
Step  750 | loss 0.4702 | val_acc=0.8023 val_loss=0.6434 val_f1_macro=0.7519 val_f1_weighted=0.7980 val_prec_macro=0.7672 val_rec_macro=0.7495 val_metric_name=acc val_metric=0.8023
Step  800 | loss 0.4406 | val_acc=0.8071 val_loss=0.6364 val_f1_macro=0.7593 val_f1_weighted=0.8025 val_prec_macro=0.7710 val_rec_macro=0.7583 val_metric_name=acc val_metric=0.8071
Step  850 | loss 0.4217 | val_acc=0.8106 val_loss=0.6295 val_f1_macro=0.7636 val_f1_weighted=0.8067 val_prec_macro=0.7744 val_rec_macro=0.7620 val_metric_name=acc val_metric=0.8106
Step  900 | loss 0.3937 | val_acc=0.8148 val_loss=0.6239 val_f1_macro=0.7691 val_f1_weighted=0.8108 val_prec_macro=0.7777 val_rec_macro=0.7692 val_metric_name=acc val_metric=0.8148
Step  950 | loss 0.3684 | val_acc=0.8173 val_loss=0.6200 val_f1_macro=0.7723 val_f1_weighted=0.8134 val_prec_macro=0.7799 val_rec_macro=0.7718 val_metric_name=acc val_metric=0.8173
Step 1000 | loss 0.3526 | val_acc=0.8199 val_loss=0.6180 val_f1_macro=0.7767 val_f1_weighted=0.8165 val_prec_macro=0.7833 val_rec_macro=0.7773 val_metric_name=acc val_metric=0.8199
Step 1050 | loss 0.3225 | val_acc=0.8237 val_loss=0.6149 val_f1_macro=0.7802 val_f1_weighted=0.8204 val_prec_macro=0.7875 val_rec_macro=0.7803 val_metric_name=acc val_metric=0.8237
Step 1100 | loss 0.3125 | val_acc=0.8252 val_loss=0.6180 val_f1_macro=0.7817 val_f1_weighted=0.8216 val_prec_macro=0.7874 val_rec_macro=0.7831 val_metric_name=acc val_metric=0.8252
Step 1150 | loss 0.2970 | val_acc=0.8282 val_loss=0.6161 val_f1_macro=0.7855 val_f1_weighted=0.8248 val_prec_macro=0.7913 val_rec_macro=0.7861 val_metric_name=acc val_metric=0.8282
Step 1200 | loss 0.2670 | val_acc=0.8302 val_loss=0.6200 val_f1_macro=0.7882 val_f1_weighted=0.8272 val_prec_macro=0.7946 val_rec_macro=0.7879 val_metric_name=acc val_metric=0.8302
Step 1250 | loss 0.2598 | val_acc=0.8314 val_loss=0.6225 val_f1_macro=0.7914 val_f1_weighted=0.8286 val_prec_macro=0.7968 val_rec_macro=0.7923 val_metric_name=acc val_metric=0.8314
Step 1300 | loss 0.2433 | val_acc=0.8332 val_loss=0.6259 val_f1_macro=0.7933 val_f1_weighted=0.8304 val_prec_macro=0.7978 val_rec_macro=0.7939 val_metric_name=acc val_metric=0.8332
Step 1350 | loss 0.2232 | val_acc=0.8350 val_loss=0.6330 val_f1_macro=0.7972 val_f1_weighted=0.8322 val_prec_macro=0.8001 val_rec_macro=0.7998 val_metric_name=acc val_metric=0.8350
Step 1400 | loss 0.2146 | val_acc=0.8357 val_loss=0.6341 val_f1_macro=0.7991 val_f1_weighted=0.8332 val_prec_macro=0.8042 val_rec_macro=0.7989 val_metric_name=acc val_metric=0.8357
Step 1450 | loss 0.1994 | val_acc=0.8362 val_loss=0.6408 val_f1_macro=0.8004 val_f1_weighted=0.8339 val_prec_macro=0.8040 val_rec_macro=0.8011 val_metric_name=acc val_metric=0.8362
Step 1500 | loss 0.1875 | val_acc=0.8376 val_loss=0.6508 val_f1_macro=0.8017 val_f1_weighted=0.8351 val_prec_macro=0.8059 val_rec_macro=0.8024 val_metric_name=acc val_metric=0.8376
Step 1550 | loss 0.1714 | val_acc=0.8378 val_loss=0.6542 val_f1_macro=0.8027 val_f1_weighted=0.8355 val_prec_macro=0.8066 val_rec_macro=0.8037 val_metric_name=acc val_metric=0.8378
Step 1600 | loss 0.1672 | val_acc=0.8390 val_loss=0.6611 val_f1_macro=0.8038 val_f1_weighted=0.8367 val_prec_macro=0.8075 val_rec_macro=0.8046 val_metric_name=acc val_metric=0.8390
Step 1650 | loss 0.1558 | val_acc=0.8392 val_loss=0.6677 val_f1_macro=0.8047 val_f1_weighted=0.8368 val_prec_macro=0.8075 val_rec_macro=0.8058 val_metric_name=acc val_metric=0.8392
Step 1700 | loss 0.1388 | val_acc=0.8397 val_loss=0.6748 val_f1_macro=0.8061 val_f1_weighted=0.8375 val_prec_macro=0.8093 val_rec_macro=0.8067 val_metric_name=acc val_metric=0.8397
Step 1750 | loss 0.1336 | val_acc=0.8390 val_loss=0.6813 val_f1_macro=0.8044 val_f1_weighted=0.8366 val_prec_macro=0.8082 val_rec_macro=0.8050 val_metric_name=acc val_metric=0.8390
Step 1800 | loss 0.1235 | val_acc=0.8397 val_loss=0.6901 val_f1_macro=0.8055 val_f1_weighted=0.8375 val_prec_macro=0.8086 val_rec_macro=0.8067 val_metric_name=acc val_metric=0.8397
Step 1850 | loss 0.1192 | val_acc=0.8411 val_loss=0.6960 val_f1_macro=0.8070 val_f1_weighted=0.8392 val_prec_macro=0.8101 val_rec_macro=0.8077 val_metric_name=acc val_metric=0.8411
Step 1900 | loss 0.1096 | val_acc=0.8401 val_loss=0.7004 val_f1_macro=0.8059 val_f1_weighted=0.8382 val_prec_macro=0.8092 val_rec_macro=0.8060 val_metric_name=acc val_metric=0.8401
Step 1950 | loss 0.1067 | val_acc=0.8390 val_loss=0.7070 val_f1_macro=0.8040 val_f1_weighted=0.8372 val_prec_macro=0.8071 val_rec_macro=0.8042 val_metric_name=acc val_metric=0.8390
Step 2000 | loss 0.1017 | val_acc=0.8395 val_loss=0.7139 val_f1_macro=0.8050 val_f1_weighted=0.8377 val_prec_macro=0.8089 val_rec_macro=0.8044 val_metric_name=acc val_metric=0.8395
Early stopping at step 2025

--- Final (best ckpt @ step 1720) ---
  train_acc=0.9921 train_loss=0.0335 train_f1_macro=0.9888 train_f1_weighted=0.9920 train_prec_macro=0.9899 train_rec_macro=0.9879 train_metric_name=acc train_metric=0.9921
  val_acc=0.8417 val_loss=0.6769 val_f1_macro=0.8076 val_f1_weighted=0.8394 val_prec_macro=0.8114 val_rec_macro=0.8079 val_metric_name=acc val_metric=0.8417
  test_acc=0.8383 test_loss=0.6847 test_f1_macro=0.7973 test_f1_weighted=0.8361 test_prec_macro=0.7989 test_rec_macro=0.7993 test_metric_name=acc test_metric=0.8383
  test_acc=0.8383
  >> num_layers=3 hidden_dim=256 lr=3e-05 best_step=3460 val_acc=0.8514 test_acc=0.8512
     val_acc=0.8514 val_f1_macro=0.8185 val_f1_weighted=0.8496 val_loss=0.9085 val_metric=0.8514 val_metric_name=acc val_prec_macro=0.8204 val_rec_macro=0.8194
     test_acc=0.8512 test_f1_macro=0.8153 test_f1_weighted=0.8491 test_loss=0.9108 test_metric=0.8512 test_metric_name=acc test_prec_macro=0.8187 test_rec_macro=0.8152
  >> num_layers=3 hidden_dim=256 lr=6e-05 best_step=2290 val_acc=0.8531 test_acc=0.8539
     val_acc=0.8531 val_f1_macro=0.8203 val_f1_weighted=0.8513 val_loss=0.9491 val_metric=0.8531 val_metric_name=acc val_prec_macro=0.8198 val_rec_macro=0.8233
     test_acc=0.8539 test_f1_macro=0.8199 test_f1_weighted=0.8517 test_loss=0.9550 test_metric=0.8539 test_metric_name=acc test_prec_macro=0.8236 test_rec_macro=0.8196
  >> num_layers=3 hidden_dim=256 lr=0.0001 best_step=4260 val_acc=0.8607 test_acc=0.8581
     val_acc=0.8607 val_f1_macro=0.8293 val_f1_weighted=0.8591 val_loss=1.1552 val_metric=0.8607 val_metric_name=acc val_prec_macro=0.8299 val_rec_macro=0.8310
     test_acc=0.8581 test_f1_macro=0.8262 test_f1_weighted=0.8561 test_loss=1.1796 test_metric=0.8581 test_metric_name=acc test_prec_macro=0.8275 test_rec_macro=0.8281
  >> num_layers=3 hidden_dim=256 lr=1e-05 best_step=5000 val_acc=0.8455 test_acc=0.8456
     val_acc=0.8455 val_f1_macro=0.8125 val_f1_weighted=0.8439 val_loss=0.7509 val_metric=0.8455 val_metric_name=acc val_prec_macro=0.8151 val_rec_macro=0.8133
     test_acc=0.8456 test_f1_macro=0.8074 test_f1_weighted=0.8433 test_loss=0.7429 test_metric=0.8456 test_metric_name=acc test_prec_macro=0.8124 test_rec_macro=0.8060
  >> num_layers=3 hidden_dim=384 lr=3e-05 best_step=2450 val_acc=0.8533 test_acc=0.8516
     val_acc=0.8533 val_f1_macro=0.8219 val_f1_weighted=0.8520 val_loss=0.9368 val_metric=0.8533 val_metric_name=acc val_prec_macro=0.8233 val_rec_macro=0.8226
     test_acc=0.8516 test_f1_macro=0.8119 test_f1_weighted=0.8494 test_loss=0.9350 test_metric=0.8516 test_metric_name=acc test_prec_macro=0.8151 test_rec_macro=0.8120
  >> num_layers=3 hidden_dim=384 lr=6e-05 best_step=2320 val_acc=0.8544 test_acc=0.8509
     val_acc=0.8544 val_f1_macro=0.8230 val_f1_weighted=0.8525 val_loss=1.0757 val_metric=0.8544 val_metric_name=acc val_prec_macro=0.8268 val_rec_macro=0.8216
     test_acc=0.8509 test_f1_macro=0.8129 test_f1_weighted=0.8485 test_loss=1.0603 test_metric=0.8509 test_metric_name=acc test_prec_macro=0.8166 test_rec_macro=0.8129
  >> num_layers=3 hidden_dim=384 lr=0.0001 best_step=1920 val_acc=0.8542 test_acc=0.8528
     val_acc=0.8542 val_f1_macro=0.8229 val_f1_weighted=0.8525 val_loss=1.1171 val_metric=0.8542 val_metric_name=acc val_prec_macro=0.8287 val_rec_macro=0.8197
     test_acc=0.8528 test_f1_macro=0.8161 test_f1_weighted=0.8507 test_loss=1.1103 test_metric=0.8528 test_metric_name=acc test_prec_macro=0.8204 test_rec_macro=0.8162
  >> num_layers=3 hidden_dim=384 lr=1e-05 best_step=3830 val_acc=0.8498 test_acc=0.8450
     val_acc=0.8498 val_f1_macro=0.8152 val_f1_weighted=0.8483 val_loss=0.8047 val_metric=0.8498 val_metric_name=acc val_prec_macro=0.8172 val_rec_macro=0.8156
     test_acc=0.8450 test_f1_macro=0.8063 test_f1_weighted=0.8428 test_loss=0.8114 test_metric=0.8450 test_metric_name=acc test_prec_macro=0.8085 test_rec_macro=0.8077
  >> num_layers=3 hidden_dim=512 lr=3e-05 best_step=1520 val_acc=0.8508 test_acc=0.8479
     val_acc=0.8508 val_f1_macro=0.8190 val_f1_weighted=0.8490 val_loss=0.9033 val_metric=0.8508 val_metric_name=acc val_prec_macro=0.8214 val_rec_macro=0.8191
     test_acc=0.8479 test_f1_macro=0.8088 test_f1_weighted=0.8458 test_loss=0.9297 test_metric=0.8479 test_metric_name=acc test_prec_macro=0.8100 test_rec_macro=0.8095
  >> num_layers=3 hidden_dim=512 lr=6e-05 best_step=1570 val_acc=0.8528 test_acc=0.8507
     val_acc=0.8528 val_f1_macro=0.8218 val_f1_weighted=0.8503 val_loss=1.0372 val_metric=0.8528 val_metric_name=acc val_prec_macro=0.8251 val_rec_macro=0.8220
     test_acc=0.8507 test_f1_macro=0.8137 test_f1_weighted=0.8487 test_loss=1.0888 test_metric=0.8507 test_metric_name=acc test_prec_macro=0.8140 test_rec_macro=0.8159
  >> num_layers=3 hidden_dim=512 lr=0.0001 best_step=2000 val_acc=0.8554 test_acc=0.8525
     val_acc=0.8554 val_f1_macro=0.8232 val_f1_weighted=0.8535 val_loss=1.1490 val_metric=0.8554 val_metric_name=acc val_prec_macro=0.8267 val_rec_macro=0.8227
     test_acc=0.8525 test_f1_macro=0.8151 test_f1_weighted=0.8503 test_loss=1.2094 test_metric=0.8525 test_metric_name=acc test_prec_macro=0.8166 test_rec_macro=0.8159
  >> num_layers=3 hidden_dim=512 lr=1e-05 best_step=1720 val_acc=0.8417 test_acc=0.8383
     val_acc=0.8417 val_f1_macro=0.8076 val_f1_weighted=0.8394 val_loss=0.6769 val_metric=0.8417 val_metric_name=acc val_prec_macro=0.8114 val_rec_macro=0.8079
     test_acc=0.8383 test_f1_macro=0.7973 test_f1_weighted=0.8361 test_loss=0.6847 test_metric=0.8383 test_metric_name=acc test_prec_macro=0.7989 test_rec_macro=0.7993
  >> selected best (by val): num_layers=3 hidden_dim=256 lr=0.0001 val_acc=0.8607 test_acc=0.8581
     val_acc=0.8607 val_f1_macro=0.8293 val_f1_weighted=0.8591 val_loss=1.1552 val_metric=0.8607 val_metric_name=acc val_prec_macro=0.8299 val_rec_macro=0.8310
     test_acc=0.8581 test_f1_macro=0.8262 test_f1_weighted=0.8561 test_loss=1.1796 test_metric=0.8581 test_metric_name=acc test_prec_macro=0.8275 test_rec_macro=0.8281

Done. Results saved to /home/avshmelev/diploma_yandex_graphs/results_grid/roman_empire/base.csv, checkpoints in /home/avshmelev/diploma_yandex_graphs/all_checkpoints/roman_empire/base/
Skipping: "Done." found in /home/avshmelev/diploma_yandex_graphs/results_grid/roman_empire/logs_base/GT-sep_3L_split7.log
