Loading data...

============================================================
Training roman-empire GT-sep 4L h=256 lr=3e-05 split=1
============================================================
Training for 5000 steps
Step    1 | loss 3.0058 | val_acc=0.0838 val_loss=2.8117 val_f1_macro=0.0556 val_f1_weighted=0.0879 val_prec_macro=0.0757 val_rec_macro=0.0700 val_metric_name=acc val_metric=0.0838
Step   50 | loss 1.6415 | val_acc=0.5490 val_loss=1.4283 val_f1_macro=0.2839 val_f1_weighted=0.4734 val_prec_macro=0.4803 val_rec_macro=0.3068 val_metric_name=acc val_metric=0.5490
Step  100 | loss 1.2410 | val_acc=0.6616 val_loss=1.0660 val_f1_macro=0.4889 val_f1_weighted=0.6215 val_prec_macro=0.5635 val_rec_macro=0.4912 val_metric_name=acc val_metric=0.6616
Step  150 | loss 1.0288 | val_acc=0.7149 val_loss=0.8965 val_f1_macro=0.5680 val_f1_weighted=0.6849 val_prec_macro=0.6070 val_rec_macro=0.5770 val_metric_name=acc val_metric=0.7149
Step  200 | loss 0.8994 | val_acc=0.7432 val_loss=0.7983 val_f1_macro=0.6153 val_f1_weighted=0.7215 val_prec_macro=0.7269 val_rec_macro=0.6234 val_metric_name=acc val_metric=0.7432
Step  250 | loss 0.8118 | val_acc=0.7585 val_loss=0.7342 val_f1_macro=0.6373 val_f1_weighted=0.7391 val_prec_macro=0.6881 val_rec_macro=0.6475 val_metric_name=acc val_metric=0.7585
Step  300 | loss 0.7400 | val_acc=0.7758 val_loss=0.6860 val_f1_macro=0.6736 val_f1_weighted=0.7613 val_prec_macro=0.7480 val_rec_macro=0.6781 val_metric_name=acc val_metric=0.7758
Step  350 | loss 0.6832 | val_acc=0.7945 val_loss=0.6476 val_f1_macro=0.7058 val_f1_weighted=0.7826 val_prec_macro=0.7610 val_rec_macro=0.7073 val_metric_name=acc val_metric=0.7945
Step  400 | loss 0.6304 | val_acc=0.8044 val_loss=0.6156 val_f1_macro=0.7316 val_f1_weighted=0.7954 val_prec_macro=0.7722 val_rec_macro=0.7313 val_metric_name=acc val_metric=0.8044
Step  450 | loss 0.5814 | val_acc=0.8127 val_loss=0.5902 val_f1_macro=0.7474 val_f1_weighted=0.8052 val_prec_macro=0.7744 val_rec_macro=0.7482 val_metric_name=acc val_metric=0.8127
Step  500 | loss 0.5323 | val_acc=0.8194 val_loss=0.5698 val_f1_macro=0.7588 val_f1_weighted=0.8130 val_prec_macro=0.7803 val_rec_macro=0.7598 val_metric_name=acc val_metric=0.8194
Step  550 | loss 0.4927 | val_acc=0.8318 val_loss=0.5518 val_f1_macro=0.7817 val_f1_weighted=0.8268 val_prec_macro=0.7955 val_rec_macro=0.7817 val_metric_name=acc val_metric=0.8318
Step  600 | loss 0.4548 | val_acc=0.8383 val_loss=0.5365 val_f1_macro=0.7929 val_f1_weighted=0.8342 val_prec_macro=0.8002 val_rec_macro=0.7945 val_metric_name=acc val_metric=0.8383
Step  650 | loss 0.4208 | val_acc=0.8440 val_loss=0.5254 val_f1_macro=0.8025 val_f1_weighted=0.8399 val_prec_macro=0.8070 val_rec_macro=0.8053 val_metric_name=acc val_metric=0.8440
Step  700 | loss 0.3848 | val_acc=0.8485 val_loss=0.5156 val_f1_macro=0.8084 val_f1_weighted=0.8448 val_prec_macro=0.8112 val_rec_macro=0.8111 val_metric_name=acc val_metric=0.8485
Step  750 | loss 0.3517 | val_acc=0.8535 val_loss=0.5077 val_f1_macro=0.8168 val_f1_weighted=0.8500 val_prec_macro=0.8198 val_rec_macro=0.8193 val_metric_name=acc val_metric=0.8535
Step  800 | loss 0.3189 | val_acc=0.8551 val_loss=0.5036 val_f1_macro=0.8180 val_f1_weighted=0.8520 val_prec_macro=0.8189 val_rec_macro=0.8217 val_metric_name=acc val_metric=0.8551
Step  850 | loss 0.2954 | val_acc=0.8581 val_loss=0.5002 val_f1_macro=0.8219 val_f1_weighted=0.8552 val_prec_macro=0.8229 val_rec_macro=0.8251 val_metric_name=acc val_metric=0.8581
Step  900 | loss 0.2677 | val_acc=0.8598 val_loss=0.4998 val_f1_macro=0.8233 val_f1_weighted=0.8569 val_prec_macro=0.8245 val_rec_macro=0.8264 val_metric_name=acc val_metric=0.8598
Step  950 | loss 0.2499 | val_acc=0.8602 val_loss=0.5014 val_f1_macro=0.8239 val_f1_weighted=0.8572 val_prec_macro=0.8247 val_rec_macro=0.8273 val_metric_name=acc val_metric=0.8602
Step 1000 | loss 0.2228 | val_acc=0.8632 val_loss=0.5062 val_f1_macro=0.8273 val_f1_weighted=0.8603 val_prec_macro=0.8283 val_rec_macro=0.8304 val_metric_name=acc val_metric=0.8632
Step 1050 | loss 0.2110 | val_acc=0.8627 val_loss=0.5087 val_f1_macro=0.8262 val_f1_weighted=0.8599 val_prec_macro=0.8263 val_rec_macro=0.8302 val_metric_name=acc val_metric=0.8627
Step 1100 | loss 0.1875 | val_acc=0.8665 val_loss=0.5116 val_f1_macro=0.8316 val_f1_weighted=0.8639 val_prec_macro=0.8334 val_rec_macro=0.8335 val_metric_name=acc val_metric=0.8665
Step 1150 | loss 0.1784 | val_acc=0.8664 val_loss=0.5192 val_f1_macro=0.8317 val_f1_weighted=0.8638 val_prec_macro=0.8324 val_rec_macro=0.8342 val_metric_name=acc val_metric=0.8664
Step 1200 | loss 0.1570 | val_acc=0.8667 val_loss=0.5267 val_f1_macro=0.8317 val_f1_weighted=0.8644 val_prec_macro=0.8324 val_rec_macro=0.8345 val_metric_name=acc val_metric=0.8667
Step 1250 | loss 0.1479 | val_acc=0.8664 val_loss=0.5323 val_f1_macro=0.8320 val_f1_weighted=0.8641 val_prec_macro=0.8318 val_rec_macro=0.8349 val_metric_name=acc val_metric=0.8664
Step 1300 | loss 0.1361 | val_acc=0.8641 val_loss=0.5416 val_f1_macro=0.8306 val_f1_weighted=0.8620 val_prec_macro=0.8303 val_rec_macro=0.8335 val_metric_name=acc val_metric=0.8641
Step 1350 | loss 0.1233 | val_acc=0.8673 val_loss=0.5484 val_f1_macro=0.8335 val_f1_weighted=0.8651 val_prec_macro=0.8334 val_rec_macro=0.8361 val_metric_name=acc val_metric=0.8673
Step 1400 | loss 0.1173 | val_acc=0.8660 val_loss=0.5538 val_f1_macro=0.8326 val_f1_weighted=0.8639 val_prec_macro=0.8330 val_rec_macro=0.8348 val_metric_name=acc val_metric=0.8660
Step 1450 | loss 0.1089 | val_acc=0.8660 val_loss=0.5623 val_f1_macro=0.8307 val_f1_weighted=0.8637 val_prec_macro=0.8314 val_rec_macro=0.8329 val_metric_name=acc val_metric=0.8660
Step 1500 | loss 0.0946 | val_acc=0.8671 val_loss=0.5705 val_f1_macro=0.8327 val_f1_weighted=0.8647 val_prec_macro=0.8343 val_rec_macro=0.8337 val_metric_name=acc val_metric=0.8671
Step 1550 | loss 0.0916 | val_acc=0.8678 val_loss=0.5769 val_f1_macro=0.8340 val_f1_weighted=0.8653 val_prec_macro=0.8345 val_rec_macro=0.8365 val_metric_name=acc val_metric=0.8678
Step 1600 | loss 0.0825 | val_acc=0.8680 val_loss=0.5847 val_f1_macro=0.8333 val_f1_weighted=0.8656 val_prec_macro=0.8342 val_rec_macro=0.8355 val_metric_name=acc val_metric=0.8680
Step 1650 | loss 0.0772 | val_acc=0.8697 val_loss=0.5911 val_f1_macro=0.8368 val_f1_weighted=0.8676 val_prec_macro=0.8385 val_rec_macro=0.8374 val_metric_name=acc val_metric=0.8697
Step 1700 | loss 0.0768 | val_acc=0.8690 val_loss=0.5963 val_f1_macro=0.8338 val_f1_weighted=0.8668 val_prec_macro=0.8346 val_rec_macro=0.8356 val_metric_name=acc val_metric=0.8690
Step 1750 | loss 0.0687 | val_acc=0.8695 val_loss=0.6018 val_f1_macro=0.8355 val_f1_weighted=0.8673 val_prec_macro=0.8372 val_rec_macro=0.8365 val_metric_name=acc val_metric=0.8695
Step 1800 | loss 0.0640 | val_acc=0.8695 val_loss=0.6092 val_f1_macro=0.8348 val_f1_weighted=0.8674 val_prec_macro=0.8354 val_rec_macro=0.8367 val_metric_name=acc val_metric=0.8695
Step 1850 | loss 0.0602 | val_acc=0.8697 val_loss=0.6137 val_f1_macro=0.8350 val_f1_weighted=0.8675 val_prec_macro=0.8362 val_rec_macro=0.8363 val_metric_name=acc val_metric=0.8697
Step 1900 | loss 0.0555 | val_acc=0.8703 val_loss=0.6206 val_f1_macro=0.8344 val_f1_weighted=0.8680 val_prec_macro=0.8349 val_rec_macro=0.8365 val_metric_name=acc val_metric=0.8703
Step 1950 | loss 0.0534 | val_acc=0.8710 val_loss=0.6236 val_f1_macro=0.8367 val_f1_weighted=0.8688 val_prec_macro=0.8368 val_rec_macro=0.8395 val_metric_name=acc val_metric=0.8710
Step 2000 | loss 0.0481 | val_acc=0.8717 val_loss=0.6315 val_f1_macro=0.8361 val_f1_weighted=0.8694 val_prec_macro=0.8367 val_rec_macro=0.8380 val_metric_name=acc val_metric=0.8717
Step 2050 | loss 0.0501 | val_acc=0.8722 val_loss=0.6350 val_f1_macro=0.8364 val_f1_weighted=0.8700 val_prec_macro=0.8382 val_rec_macro=0.8372 val_metric_name=acc val_metric=0.8722
Step 2100 | loss 0.0465 | val_acc=0.8724 val_loss=0.6400 val_f1_macro=0.8373 val_f1_weighted=0.8703 val_prec_macro=0.8389 val_rec_macro=0.8384 val_metric_name=acc val_metric=0.8724
Step 2150 | loss 0.0445 | val_acc=0.8720 val_loss=0.6459 val_f1_macro=0.8367 val_f1_weighted=0.8699 val_prec_macro=0.8375 val_rec_macro=0.8385 val_metric_name=acc val_metric=0.8720
Step 2200 | loss 0.0411 | val_acc=0.8734 val_loss=0.6486 val_f1_macro=0.8381 val_f1_weighted=0.8715 val_prec_macro=0.8383 val_rec_macro=0.8400 val_metric_name=acc val_metric=0.8734
Step 2250 | loss 0.0394 | val_acc=0.8741 val_loss=0.6538 val_f1_macro=0.8394 val_f1_weighted=0.8721 val_prec_macro=0.8399 val_rec_macro=0.8414 val_metric_name=acc val_metric=0.8741
Step 2300 | loss 0.0392 | val_acc=0.8748 val_loss=0.6627 val_f1_macro=0.8411 val_f1_weighted=0.8729 val_prec_macro=0.8419 val_rec_macro=0.8425 val_metric_name=acc val_metric=0.8748
Step 2350 | loss 0.0356 | val_acc=0.8736 val_loss=0.6659 val_f1_macro=0.8385 val_f1_weighted=0.8716 val_prec_macro=0.8389 val_rec_macro=0.8407 val_metric_name=acc val_metric=0.8736
Step 2400 | loss 0.0336 | val_acc=0.8743 val_loss=0.6698 val_f1_macro=0.8402 val_f1_weighted=0.8723 val_prec_macro=0.8413 val_rec_macro=0.8416 val_metric_name=acc val_metric=0.8743
Step 2450 | loss 0.0342 | val_acc=0.8741 val_loss=0.6718 val_f1_macro=0.8397 val_f1_weighted=0.8721 val_prec_macro=0.8409 val_rec_macro=0.8411 val_metric_name=acc val_metric=0.8741
Step 2500 | loss 0.0285 | val_acc=0.8745 val_loss=0.6774 val_f1_macro=0.8403 val_f1_weighted=0.8727 val_prec_macro=0.8411 val_rec_macro=0.8420 val_metric_name=acc val_metric=0.8745
Step 2550 | loss 0.0300 | val_acc=0.8770 val_loss=0.6797 val_f1_macro=0.8426 val_f1_weighted=0.8750 val_prec_macro=0.8424 val_rec_macro=0.8453 val_metric_name=acc val_metric=0.8770
Step 2600 | loss 0.0292 | val_acc=0.8770 val_loss=0.6838 val_f1_macro=0.8424 val_f1_weighted=0.8752 val_prec_macro=0.8429 val_rec_macro=0.8440 val_metric_name=acc val_metric=0.8770
Step 2650 | loss 0.0238 | val_acc=0.8763 val_loss=0.6879 val_f1_macro=0.8427 val_f1_weighted=0.8743 val_prec_macro=0.8440 val_rec_macro=0.8437 val_metric_name=acc val_metric=0.8763
Step 2700 | loss 0.0277 | val_acc=0.8759 val_loss=0.6945 val_f1_macro=0.8430 val_f1_weighted=0.8740 val_prec_macro=0.8436 val_rec_macro=0.8451 val_metric_name=acc val_metric=0.8759
Step 2750 | loss 0.0261 | val_acc=0.8759 val_loss=0.6985 val_f1_macro=0.8419 val_f1_weighted=0.8742 val_prec_macro=0.8422 val_rec_macro=0.8437 val_metric_name=acc val_metric=0.8759
Step 2800 | loss 0.0231 | val_acc=0.8752 val_loss=0.6995 val_f1_macro=0.8412 val_f1_weighted=0.8731 val_prec_macro=0.8430 val_rec_macro=0.8417 val_metric_name=acc val_metric=0.8752
Step 2850 | loss 0.0250 | val_acc=0.8766 val_loss=0.7045 val_f1_macro=0.8429 val_f1_weighted=0.8747 val_prec_macro=0.8434 val_rec_macro=0.8446 val_metric_name=acc val_metric=0.8766
Step 2900 | loss 0.0215 | val_acc=0.8764 val_loss=0.7081 val_f1_macro=0.8424 val_f1_weighted=0.8745 val_prec_macro=0.8439 val_rec_macro=0.8431 val_metric_name=acc val_metric=0.8764
Step 2950 | loss 0.0241 | val_acc=0.8764 val_loss=0.7095 val_f1_macro=0.8431 val_f1_weighted=0.8746 val_prec_macro=0.8445 val_rec_macro=0.8438 val_metric_name=acc val_metric=0.8764
Step 3000 | loss 0.0248 | val_acc=0.8780 val_loss=0.7104 val_f1_macro=0.8453 val_f1_weighted=0.8759 val_prec_macro=0.8463 val_rec_macro=0.8471 val_metric_name=acc val_metric=0.8780
Step 3050 | loss 0.0206 | val_acc=0.8775 val_loss=0.7150 val_f1_macro=0.8437 val_f1_weighted=0.8755 val_prec_macro=0.8437 val_rec_macro=0.8461 val_metric_name=acc val_metric=0.8775
Step 3100 | loss 0.0215 | val_acc=0.8787 val_loss=0.7198 val_f1_macro=0.8457 val_f1_weighted=0.8767 val_prec_macro=0.8472 val_rec_macro=0.8468 val_metric_name=acc val_metric=0.8787
Step 3150 | loss 0.0178 | val_acc=0.8771 val_loss=0.7224 val_f1_macro=0.8437 val_f1_weighted=0.8752 val_prec_macro=0.8448 val_rec_macro=0.8452 val_metric_name=acc val_metric=0.8771
Step 3200 | loss 0.0195 | val_acc=0.8791 val_loss=0.7199 val_f1_macro=0.8470 val_f1_weighted=0.8773 val_prec_macro=0.8477 val_rec_macro=0.8485 val_metric_name=acc val_metric=0.8791
Step 3250 | loss 0.0184 | val_acc=0.8784 val_loss=0.7273 val_f1_macro=0.8438 val_f1_weighted=0.8765 val_prec_macro=0.8444 val_rec_macro=0.8456 val_metric_name=acc val_metric=0.8784
Step 3300 | loss 0.0165 | val_acc=0.8782 val_loss=0.7278 val_f1_macro=0.8448 val_f1_weighted=0.8763 val_prec_macro=0.8445 val_rec_macro=0.8473 val_metric_name=acc val_metric=0.8782
Step 3350 | loss 0.0146 | val_acc=0.8770 val_loss=0.7354 val_f1_macro=0.8434 val_f1_weighted=0.8748 val_prec_macro=0.8450 val_rec_macro=0.8443 val_metric_name=acc val_metric=0.8770
Step 3400 | loss 0.0179 | val_acc=0.8782 val_loss=0.7356 val_f1_macro=0.8454 val_f1_weighted=0.8762 val_prec_macro=0.8460 val_rec_macro=0.8471 val_metric_name=acc val_metric=0.8782
Step 3450 | loss 0.0181 | val_acc=0.8784 val_loss=0.7362 val_f1_macro=0.8450 val_f1_weighted=0.8764 val_prec_macro=0.8460 val_rec_macro=0.8465 val_metric_name=acc val_metric=0.8784
Step 3500 | loss 0.0155 | val_acc=0.8794 val_loss=0.7399 val_f1_macro=0.8456 val_f1_weighted=0.8774 val_prec_macro=0.8457 val_rec_macro=0.8480 val_metric_name=acc val_metric=0.8794
Step 3550 | loss 0.0156 | val_acc=0.8793 val_loss=0.7460 val_f1_macro=0.8452 val_f1_weighted=0.8771 val_prec_macro=0.8458 val_rec_macro=0.8469 val_metric_name=acc val_metric=0.8793
Step 3600 | loss 0.0143 | val_acc=0.8796 val_loss=0.7395 val_f1_macro=0.8467 val_f1_weighted=0.8778 val_prec_macro=0.8484 val_rec_macro=0.8471 val_metric_name=acc val_metric=0.8796
Step 3650 | loss 0.0139 | val_acc=0.8789 val_loss=0.7528 val_f1_macro=0.8451 val_f1_weighted=0.8769 val_prec_macro=0.8457 val_rec_macro=0.8469 val_metric_name=acc val_metric=0.8789
Step 3700 | loss 0.0131 | val_acc=0.8789 val_loss=0.7553 val_f1_macro=0.8451 val_f1_weighted=0.8769 val_prec_macro=0.8451 val_rec_macro=0.8476 val_metric_name=acc val_metric=0.8789
Step 3750 | loss 0.0137 | val_acc=0.8805 val_loss=0.7510 val_f1_macro=0.8473 val_f1_weighted=0.8784 val_prec_macro=0.8483 val_rec_macro=0.8486 val_metric_name=acc val_metric=0.8805
Step 3800 | loss 0.0148 | val_acc=0.8794 val_loss=0.7544 val_f1_macro=0.8461 val_f1_weighted=0.8775 val_prec_macro=0.8458 val_rec_macro=0.8489 val_metric_name=acc val_metric=0.8794
Step 3850 | loss 0.0141 | val_acc=0.8778 val_loss=0.7669 val_f1_macro=0.8436 val_f1_weighted=0.8759 val_prec_macro=0.8435 val_rec_macro=0.8466 val_metric_name=acc val_metric=0.8778
Step 3900 | loss 0.0120 | val_acc=0.8801 val_loss=0.7631 val_f1_macro=0.8466 val_f1_weighted=0.8782 val_prec_macro=0.8457 val_rec_macro=0.8502 val_metric_name=acc val_metric=0.8801
Step 3950 | loss 0.0133 | val_acc=0.8794 val_loss=0.7689 val_f1_macro=0.8453 val_f1_weighted=0.8774 val_prec_macro=0.8452 val_rec_macro=0.8479 val_metric_name=acc val_metric=0.8794
Step 4000 | loss 0.0105 | val_acc=0.8791 val_loss=0.7693 val_f1_macro=0.8453 val_f1_weighted=0.8769 val_prec_macro=0.8460 val_rec_macro=0.8475 val_metric_name=acc val_metric=0.8791
Early stopping at step 4040

--- Final (best ckpt @ step 3740) ---
  train_acc=1.0000 train_loss=0.0001 train_f1_macro=1.0000 train_f1_weighted=1.0000 train_prec_macro=1.0000 train_rec_macro=1.0000 train_metric_name=acc train_metric=1.0000
  val_acc=0.8810 val_loss=0.7495 val_f1_macro=0.8478 val_f1_weighted=0.8791 val_prec_macro=0.8491 val_rec_macro=0.8490 val_metric_name=acc val_metric=0.8810
  test_acc=0.8796 test_loss=0.7365 test_f1_macro=0.8508 test_f1_weighted=0.8781 test_prec_macro=0.8555 test_rec_macro=0.8483 test_metric_name=acc test_metric=0.8796
  test_acc=0.8796

============================================================
Training roman-empire GT-sep 4L h=256 lr=6e-05 split=1
============================================================
Training for 5000 steps
Step    1 | loss 3.0058 | val_acc=0.1343 val_loss=2.6866 val_f1_macro=0.0671 val_f1_weighted=0.1217 val_prec_macro=0.0839 val_rec_macro=0.0709 val_metric_name=acc val_metric=0.1343
Step   50 | loss 1.2926 | val_acc=0.6440 val_loss=1.1264 val_f1_macro=0.4655 val_f1_weighted=0.6025 val_prec_macro=0.5321 val_rec_macro=0.4666 val_metric_name=acc val_metric=0.6440
Step  100 | loss 0.9462 | val_acc=0.7331 val_loss=0.8324 val_f1_macro=0.5994 val_f1_weighted=0.7087 val_prec_macro=0.7324 val_rec_macro=0.6083 val_metric_name=acc val_metric=0.7331
Step  150 | loss 0.7740 | val_acc=0.7675 val_loss=0.7098 val_f1_macro=0.6533 val_f1_weighted=0.7501 val_prec_macro=0.7223 val_rec_macro=0.6627 val_metric_name=acc val_metric=0.7675
Step  200 | loss 0.6521 | val_acc=0.7963 val_loss=0.6366 val_f1_macro=0.7155 val_f1_weighted=0.7860 val_prec_macro=0.7607 val_rec_macro=0.7151 val_metric_name=acc val_metric=0.7963
Step  250 | loss 0.5641 | val_acc=0.8152 val_loss=0.5854 val_f1_macro=0.7505 val_f1_weighted=0.8081 val_prec_macro=0.7749 val_rec_macro=0.7512 val_metric_name=acc val_metric=0.8152
Step  300 | loss 0.4833 | val_acc=0.8327 val_loss=0.5517 val_f1_macro=0.7804 val_f1_weighted=0.8278 val_prec_macro=0.7940 val_rec_macro=0.7803 val_metric_name=acc val_metric=0.8327
Step  350 | loss 0.4211 | val_acc=0.8450 val_loss=0.5256 val_f1_macro=0.8045 val_f1_weighted=0.8415 val_prec_macro=0.8093 val_rec_macro=0.8063 val_metric_name=acc val_metric=0.8450
Step  400 | loss 0.3643 | val_acc=0.8528 val_loss=0.5109 val_f1_macro=0.8151 val_f1_weighted=0.8493 val_prec_macro=0.8198 val_rec_macro=0.8168 val_metric_name=acc val_metric=0.8528
Step  450 | loss 0.3051 | val_acc=0.8572 val_loss=0.5043 val_f1_macro=0.8202 val_f1_weighted=0.8543 val_prec_macro=0.8214 val_rec_macro=0.8234 val_metric_name=acc val_metric=0.8572
Step  500 | loss 0.2526 | val_acc=0.8611 val_loss=0.5056 val_f1_macro=0.8251 val_f1_weighted=0.8583 val_prec_macro=0.8250 val_rec_macro=0.8289 val_metric_name=acc val_metric=0.8611
Step  550 | loss 0.2136 | val_acc=0.8609 val_loss=0.5109 val_f1_macro=0.8234 val_f1_weighted=0.8578 val_prec_macro=0.8240 val_rec_macro=0.8269 val_metric_name=acc val_metric=0.8609
Step  600 | loss 0.1779 | val_acc=0.8630 val_loss=0.5233 val_f1_macro=0.8271 val_f1_weighted=0.8602 val_prec_macro=0.8268 val_rec_macro=0.8310 val_metric_name=acc val_metric=0.8630
Step  650 | loss 0.1557 | val_acc=0.8621 val_loss=0.5343 val_f1_macro=0.8274 val_f1_weighted=0.8597 val_prec_macro=0.8279 val_rec_macro=0.8300 val_metric_name=acc val_metric=0.8621
Step  700 | loss 0.1346 | val_acc=0.8637 val_loss=0.5483 val_f1_macro=0.8297 val_f1_weighted=0.8616 val_prec_macro=0.8297 val_rec_macro=0.8328 val_metric_name=acc val_metric=0.8637
Step  750 | loss 0.1110 | val_acc=0.8678 val_loss=0.5560 val_f1_macro=0.8348 val_f1_weighted=0.8656 val_prec_macro=0.8366 val_rec_macro=0.8358 val_metric_name=acc val_metric=0.8678
Step  800 | loss 0.0954 | val_acc=0.8660 val_loss=0.5781 val_f1_macro=0.8294 val_f1_weighted=0.8635 val_prec_macro=0.8298 val_rec_macro=0.8323 val_metric_name=acc val_metric=0.8660
Step  850 | loss 0.0845 | val_acc=0.8692 val_loss=0.5856 val_f1_macro=0.8361 val_f1_weighted=0.8671 val_prec_macro=0.8378 val_rec_macro=0.8370 val_metric_name=acc val_metric=0.8692
Step  900 | loss 0.0719 | val_acc=0.8690 val_loss=0.6011 val_f1_macro=0.8340 val_f1_weighted=0.8668 val_prec_macro=0.8351 val_rec_macro=0.8361 val_metric_name=acc val_metric=0.8690
Step  950 | loss 0.0684 | val_acc=0.8690 val_loss=0.6117 val_f1_macro=0.8351 val_f1_weighted=0.8668 val_prec_macro=0.8359 val_rec_macro=0.8367 val_metric_name=acc val_metric=0.8690
Step 1000 | loss 0.0574 | val_acc=0.8699 val_loss=0.6223 val_f1_macro=0.8338 val_f1_weighted=0.8678 val_prec_macro=0.8347 val_rec_macro=0.8354 val_metric_name=acc val_metric=0.8699
Step 1050 | loss 0.0564 | val_acc=0.8710 val_loss=0.6265 val_f1_macro=0.8368 val_f1_weighted=0.8688 val_prec_macro=0.8382 val_rec_macro=0.8378 val_metric_name=acc val_metric=0.8710
Step 1100 | loss 0.0474 | val_acc=0.8710 val_loss=0.6399 val_f1_macro=0.8355 val_f1_weighted=0.8689 val_prec_macro=0.8370 val_rec_macro=0.8364 val_metric_name=acc val_metric=0.8710
Step 1150 | loss 0.0446 | val_acc=0.8717 val_loss=0.6501 val_f1_macro=0.8354 val_f1_weighted=0.8693 val_prec_macro=0.8366 val_rec_macro=0.8369 val_metric_name=acc val_metric=0.8717
Step 1200 | loss 0.0363 | val_acc=0.8736 val_loss=0.6601 val_f1_macro=0.8395 val_f1_weighted=0.8715 val_prec_macro=0.8404 val_rec_macro=0.8410 val_metric_name=acc val_metric=0.8736
Step 1250 | loss 0.0351 | val_acc=0.8748 val_loss=0.6635 val_f1_macro=0.8413 val_f1_weighted=0.8728 val_prec_macro=0.8425 val_rec_macro=0.8423 val_metric_name=acc val_metric=0.8748
Step 1300 | loss 0.0333 | val_acc=0.8733 val_loss=0.6698 val_f1_macro=0.8394 val_f1_weighted=0.8713 val_prec_macro=0.8404 val_rec_macro=0.8406 val_metric_name=acc val_metric=0.8733
Step 1350 | loss 0.0330 | val_acc=0.8736 val_loss=0.6743 val_f1_macro=0.8392 val_f1_weighted=0.8716 val_prec_macro=0.8406 val_rec_macro=0.8399 val_metric_name=acc val_metric=0.8736
Step 1400 | loss 0.0279 | val_acc=0.8745 val_loss=0.6814 val_f1_macro=0.8413 val_f1_weighted=0.8727 val_prec_macro=0.8427 val_rec_macro=0.8422 val_metric_name=acc val_metric=0.8745
Step 1450 | loss 0.0298 | val_acc=0.8740 val_loss=0.6882 val_f1_macro=0.8398 val_f1_weighted=0.8720 val_prec_macro=0.8419 val_rec_macro=0.8398 val_metric_name=acc val_metric=0.8740
Step 1500 | loss 0.0226 | val_acc=0.8756 val_loss=0.6995 val_f1_macro=0.8400 val_f1_weighted=0.8733 val_prec_macro=0.8423 val_rec_macro=0.8398 val_metric_name=acc val_metric=0.8756
Step 1550 | loss 0.0246 | val_acc=0.8780 val_loss=0.7080 val_f1_macro=0.8440 val_f1_weighted=0.8759 val_prec_macro=0.8456 val_rec_macro=0.8450 val_metric_name=acc val_metric=0.8780
Step 1600 | loss 0.0209 | val_acc=0.8771 val_loss=0.7107 val_f1_macro=0.8428 val_f1_weighted=0.8751 val_prec_macro=0.8443 val_rec_macro=0.8438 val_metric_name=acc val_metric=0.8771
Step 1650 | loss 0.0200 | val_acc=0.8778 val_loss=0.7129 val_f1_macro=0.8433 val_f1_weighted=0.8757 val_prec_macro=0.8456 val_rec_macro=0.8435 val_metric_name=acc val_metric=0.8778
Step 1700 | loss 0.0202 | val_acc=0.8782 val_loss=0.7104 val_f1_macro=0.8450 val_f1_weighted=0.8765 val_prec_macro=0.8467 val_rec_macro=0.8452 val_metric_name=acc val_metric=0.8782
Step 1750 | loss 0.0198 | val_acc=0.8773 val_loss=0.7228 val_f1_macro=0.8441 val_f1_weighted=0.8755 val_prec_macro=0.8453 val_rec_macro=0.8450 val_metric_name=acc val_metric=0.8773
Step 1800 | loss 0.0165 | val_acc=0.8787 val_loss=0.7294 val_f1_macro=0.8446 val_f1_weighted=0.8769 val_prec_macro=0.8438 val_rec_macro=0.8474 val_metric_name=acc val_metric=0.8787
Step 1850 | loss 0.0168 | val_acc=0.8770 val_loss=0.7313 val_f1_macro=0.8444 val_f1_weighted=0.8751 val_prec_macro=0.8455 val_rec_macro=0.8454 val_metric_name=acc val_metric=0.8770
Step 1900 | loss 0.0144 | val_acc=0.8784 val_loss=0.7386 val_f1_macro=0.8458 val_f1_weighted=0.8765 val_prec_macro=0.8472 val_rec_macro=0.8464 val_metric_name=acc val_metric=0.8784
Step 1950 | loss 0.0136 | val_acc=0.8787 val_loss=0.7336 val_f1_macro=0.8455 val_f1_weighted=0.8767 val_prec_macro=0.8456 val_rec_macro=0.8477 val_metric_name=acc val_metric=0.8787
Step 2000 | loss 0.0141 | val_acc=0.8793 val_loss=0.7428 val_f1_macro=0.8457 val_f1_weighted=0.8773 val_prec_macro=0.8470 val_rec_macro=0.8464 val_metric_name=acc val_metric=0.8793
Step 2050 | loss 0.0142 | val_acc=0.8796 val_loss=0.7435 val_f1_macro=0.8461 val_f1_weighted=0.8777 val_prec_macro=0.8478 val_rec_macro=0.8465 val_metric_name=acc val_metric=0.8796
Step 2100 | loss 0.0131 | val_acc=0.8801 val_loss=0.7470 val_f1_macro=0.8463 val_f1_weighted=0.8781 val_prec_macro=0.8491 val_rec_macro=0.8456 val_metric_name=acc val_metric=0.8801
Step 2150 | loss 0.0126 | val_acc=0.8810 val_loss=0.7584 val_f1_macro=0.8472 val_f1_weighted=0.8790 val_prec_macro=0.8477 val_rec_macro=0.8488 val_metric_name=acc val_metric=0.8810
Step 2200 | loss 0.0136 | val_acc=0.8805 val_loss=0.7551 val_f1_macro=0.8476 val_f1_weighted=0.8788 val_prec_macro=0.8480 val_rec_macro=0.8490 val_metric_name=acc val_metric=0.8805
Step 2250 | loss 0.0116 | val_acc=0.8828 val_loss=0.7639 val_f1_macro=0.8502 val_f1_weighted=0.8807 val_prec_macro=0.8514 val_rec_macro=0.8513 val_metric_name=acc val_metric=0.8828
Step 2300 | loss 0.0112 | val_acc=0.8812 val_loss=0.7706 val_f1_macro=0.8481 val_f1_weighted=0.8793 val_prec_macro=0.8486 val_rec_macro=0.8500 val_metric_name=acc val_metric=0.8812
Step 2350 | loss 0.0097 | val_acc=0.8821 val_loss=0.7652 val_f1_macro=0.8487 val_f1_weighted=0.8803 val_prec_macro=0.8495 val_rec_macro=0.8499 val_metric_name=acc val_metric=0.8821
Step 2400 | loss 0.0098 | val_acc=0.8814 val_loss=0.7675 val_f1_macro=0.8476 val_f1_weighted=0.8793 val_prec_macro=0.8486 val_rec_macro=0.8491 val_metric_name=acc val_metric=0.8814
Step 2450 | loss 0.0105 | val_acc=0.8817 val_loss=0.7718 val_f1_macro=0.8483 val_f1_weighted=0.8797 val_prec_macro=0.8495 val_rec_macro=0.8493 val_metric_name=acc val_metric=0.8817
Step 2500 | loss 0.0084 | val_acc=0.8800 val_loss=0.7825 val_f1_macro=0.8458 val_f1_weighted=0.8779 val_prec_macro=0.8470 val_rec_macro=0.8473 val_metric_name=acc val_metric=0.8800
Step 2550 | loss 0.0088 | val_acc=0.8823 val_loss=0.7825 val_f1_macro=0.8488 val_f1_weighted=0.8802 val_prec_macro=0.8491 val_rec_macro=0.8507 val_metric_name=acc val_metric=0.8823
Step 2600 | loss 0.0078 | val_acc=0.8821 val_loss=0.7833 val_f1_macro=0.8503 val_f1_weighted=0.8804 val_prec_macro=0.8519 val_rec_macro=0.8507 val_metric_name=acc val_metric=0.8821
Step 2650 | loss 0.0062 | val_acc=0.8819 val_loss=0.7886 val_f1_macro=0.8484 val_f1_weighted=0.8798 val_prec_macro=0.8487 val_rec_macro=0.8502 val_metric_name=acc val_metric=0.8819
Step 2700 | loss 0.0088 | val_acc=0.8823 val_loss=0.7963 val_f1_macro=0.8494 val_f1_weighted=0.8802 val_prec_macro=0.8498 val_rec_macro=0.8515 val_metric_name=acc val_metric=0.8823
Step 2750 | loss 0.0090 | val_acc=0.8826 val_loss=0.8025 val_f1_macro=0.8495 val_f1_weighted=0.8807 val_prec_macro=0.8510 val_rec_macro=0.8503 val_metric_name=acc val_metric=0.8826
Step 2800 | loss 0.0059 | val_acc=0.8823 val_loss=0.8036 val_f1_macro=0.8479 val_f1_weighted=0.8799 val_prec_macro=0.8508 val_rec_macro=0.8478 val_metric_name=acc val_metric=0.8823
Step 2850 | loss 0.0081 | val_acc=0.8821 val_loss=0.8091 val_f1_macro=0.8500 val_f1_weighted=0.8803 val_prec_macro=0.8488 val_rec_macro=0.8535 val_metric_name=acc val_metric=0.8821
Step 2900 | loss 0.0057 | val_acc=0.8817 val_loss=0.8106 val_f1_macro=0.8494 val_f1_weighted=0.8798 val_prec_macro=0.8504 val_rec_macro=0.8505 val_metric_name=acc val_metric=0.8817
Step 2950 | loss 0.0073 | val_acc=0.8837 val_loss=0.8118 val_f1_macro=0.8521 val_f1_weighted=0.8817 val_prec_macro=0.8533 val_rec_macro=0.8530 val_metric_name=acc val_metric=0.8837
Step 3000 | loss 0.0093 | val_acc=0.8824 val_loss=0.8084 val_f1_macro=0.8500 val_f1_weighted=0.8802 val_prec_macro=0.8510 val_rec_macro=0.8519 val_metric_name=acc val_metric=0.8824
Step 3050 | loss 0.0069 | val_acc=0.8844 val_loss=0.8103 val_f1_macro=0.8522 val_f1_weighted=0.8825 val_prec_macro=0.8509 val_rec_macro=0.8556 val_metric_name=acc val_metric=0.8844
Step 3100 | loss 0.0070 | val_acc=0.8831 val_loss=0.8141 val_f1_macro=0.8499 val_f1_weighted=0.8812 val_prec_macro=0.8529 val_rec_macro=0.8494 val_metric_name=acc val_metric=0.8831
Step 3150 | loss 0.0047 | val_acc=0.8835 val_loss=0.8203 val_f1_macro=0.8499 val_f1_weighted=0.8815 val_prec_macro=0.8494 val_rec_macro=0.8533 val_metric_name=acc val_metric=0.8835
Step 3200 | loss 0.0064 | val_acc=0.8833 val_loss=0.8121 val_f1_macro=0.8497 val_f1_weighted=0.8816 val_prec_macro=0.8501 val_rec_macro=0.8515 val_metric_name=acc val_metric=0.8833
Step 3250 | loss 0.0058 | val_acc=0.8837 val_loss=0.8290 val_f1_macro=0.8518 val_f1_weighted=0.8817 val_prec_macro=0.8538 val_rec_macro=0.8523 val_metric_name=acc val_metric=0.8837
Step 3300 | loss 0.0052 | val_acc=0.8842 val_loss=0.8253 val_f1_macro=0.8529 val_f1_weighted=0.8824 val_prec_macro=0.8529 val_rec_macro=0.8550 val_metric_name=acc val_metric=0.8842
Step 3350 | loss 0.0044 | val_acc=0.8831 val_loss=0.8342 val_f1_macro=0.8514 val_f1_weighted=0.8811 val_prec_macro=0.8542 val_rec_macro=0.8507 val_metric_name=acc val_metric=0.8831
Step 3400 | loss 0.0057 | val_acc=0.8835 val_loss=0.8395 val_f1_macro=0.8522 val_f1_weighted=0.8815 val_prec_macro=0.8539 val_rec_macro=0.8525 val_metric_name=acc val_metric=0.8835
Step 3450 | loss 0.0061 | val_acc=0.8821 val_loss=0.8435 val_f1_macro=0.8496 val_f1_weighted=0.8799 val_prec_macro=0.8508 val_rec_macro=0.8505 val_metric_name=acc val_metric=0.8821
Step 3500 | loss 0.0050 | val_acc=0.8833 val_loss=0.8418 val_f1_macro=0.8512 val_f1_weighted=0.8813 val_prec_macro=0.8517 val_rec_macro=0.8529 val_metric_name=acc val_metric=0.8833
Step 3550 | loss 0.0058 | val_acc=0.8853 val_loss=0.8470 val_f1_macro=0.8531 val_f1_weighted=0.8831 val_prec_macro=0.8537 val_rec_macro=0.8549 val_metric_name=acc val_metric=0.8853
Step 3600 | loss 0.0044 | val_acc=0.8840 val_loss=0.8319 val_f1_macro=0.8524 val_f1_weighted=0.8822 val_prec_macro=0.8533 val_rec_macro=0.8531 val_metric_name=acc val_metric=0.8840
Early stopping at step 3610

--- Final (best ckpt @ step 3310) ---
  train_acc=1.0000 train_loss=0.0000 train_f1_macro=1.0000 train_f1_weighted=1.0000 train_prec_macro=1.0000 train_rec_macro=1.0000 train_metric_name=acc train_metric=1.0000
  val_acc=0.8860 val_loss=0.8229 val_f1_macro=0.8548 val_f1_weighted=0.8840 val_prec_macro=0.8562 val_rec_macro=0.8554 val_metric_name=acc val_metric=0.8860
  test_acc=0.8809 test_loss=0.8156 test_f1_macro=0.8531 test_f1_weighted=0.8790 test_prec_macro=0.8576 test_rec_macro=0.8506 test_metric_name=acc test_metric=0.8809
  test_acc=0.8809

============================================================
Training roman-empire GT-sep 4L h=256 lr=0.0001 split=1
============================================================
Training for 5000 steps
Step    1 | loss 3.0058 | val_acc=0.2332 val_loss=2.5662 val_f1_macro=0.0728 val_f1_weighted=0.1607 val_prec_macro=0.1865 val_rec_macro=0.1001 val_metric_name=acc val_metric=0.2332
Step   50 | loss 1.0726 | val_acc=0.7045 val_loss=0.9421 val_f1_macro=0.5558 val_f1_weighted=0.6729 val_prec_macro=0.5907 val_rec_macro=0.5665 val_metric_name=acc val_metric=0.7045
Step  100 | loss 0.7705 | val_acc=0.7672 val_loss=0.7083 val_f1_macro=0.6526 val_f1_weighted=0.7496 val_prec_macro=0.7259 val_rec_macro=0.6619 val_metric_name=acc val_metric=0.7672
Step  150 | loss 0.6005 | val_acc=0.8092 val_loss=0.6063 val_f1_macro=0.7422 val_f1_weighted=0.8015 val_prec_macro=0.7690 val_rec_macro=0.7439 val_metric_name=acc val_metric=0.8092
Step  200 | loss 0.4704 | val_acc=0.8314 val_loss=0.5502 val_f1_macro=0.7795 val_f1_weighted=0.8263 val_prec_macro=0.7925 val_rec_macro=0.7799 val_metric_name=acc val_metric=0.8314
Step  250 | loss 0.3710 | val_acc=0.8500 val_loss=0.5195 val_f1_macro=0.8111 val_f1_weighted=0.8467 val_prec_macro=0.8152 val_rec_macro=0.8121 val_metric_name=acc val_metric=0.8500
Step  300 | loss 0.2870 | val_acc=0.8542 val_loss=0.5111 val_f1_macro=0.8165 val_f1_weighted=0.8513 val_prec_macro=0.8168 val_rec_macro=0.8202 val_metric_name=acc val_metric=0.8542
Step  350 | loss 0.2238 | val_acc=0.8591 val_loss=0.5117 val_f1_macro=0.8218 val_f1_weighted=0.8563 val_prec_macro=0.8222 val_rec_macro=0.8248 val_metric_name=acc val_metric=0.8591
Step  400 | loss 0.1732 | val_acc=0.8621 val_loss=0.5275 val_f1_macro=0.8279 val_f1_weighted=0.8600 val_prec_macro=0.8292 val_rec_macro=0.8295 val_metric_name=acc val_metric=0.8621
Step  450 | loss 0.1314 | val_acc=0.8621 val_loss=0.5525 val_f1_macro=0.8265 val_f1_weighted=0.8598 val_prec_macro=0.8280 val_rec_macro=0.8280 val_metric_name=acc val_metric=0.8621
Step  500 | loss 0.1010 | val_acc=0.8644 val_loss=0.5754 val_f1_macro=0.8312 val_f1_weighted=0.8625 val_prec_macro=0.8318 val_rec_macro=0.8329 val_metric_name=acc val_metric=0.8644
Step  550 | loss 0.0777 | val_acc=0.8664 val_loss=0.5997 val_f1_macro=0.8337 val_f1_weighted=0.8642 val_prec_macro=0.8337 val_rec_macro=0.8363 val_metric_name=acc val_metric=0.8664
Step  600 | loss 0.0650 | val_acc=0.8680 val_loss=0.6137 val_f1_macro=0.8351 val_f1_weighted=0.8659 val_prec_macro=0.8360 val_rec_macro=0.8365 val_metric_name=acc val_metric=0.8680
Step  650 | loss 0.0573 | val_acc=0.8664 val_loss=0.6340 val_f1_macro=0.8332 val_f1_weighted=0.8643 val_prec_macro=0.8343 val_rec_macro=0.8348 val_metric_name=acc val_metric=0.8664
Step  700 | loss 0.0466 | val_acc=0.8695 val_loss=0.6474 val_f1_macro=0.8352 val_f1_weighted=0.8676 val_prec_macro=0.8358 val_rec_macro=0.8370 val_metric_name=acc val_metric=0.8695
Step  750 | loss 0.0383 | val_acc=0.8710 val_loss=0.6518 val_f1_macro=0.8378 val_f1_weighted=0.8688 val_prec_macro=0.8398 val_rec_macro=0.8383 val_metric_name=acc val_metric=0.8710
Step  800 | loss 0.0346 | val_acc=0.8706 val_loss=0.6796 val_f1_macro=0.8356 val_f1_weighted=0.8679 val_prec_macro=0.8369 val_rec_macro=0.8379 val_metric_name=acc val_metric=0.8706
Step  850 | loss 0.0305 | val_acc=0.8726 val_loss=0.6798 val_f1_macro=0.8385 val_f1_weighted=0.8702 val_prec_macro=0.8405 val_rec_macro=0.8396 val_metric_name=acc val_metric=0.8726
Step  900 | loss 0.0254 | val_acc=0.8745 val_loss=0.6918 val_f1_macro=0.8405 val_f1_weighted=0.8724 val_prec_macro=0.8415 val_rec_macro=0.8419 val_metric_name=acc val_metric=0.8745
Step  950 | loss 0.0273 | val_acc=0.8736 val_loss=0.6983 val_f1_macro=0.8402 val_f1_weighted=0.8717 val_prec_macro=0.8410 val_rec_macro=0.8421 val_metric_name=acc val_metric=0.8736
Step 1000 | loss 0.0221 | val_acc=0.8747 val_loss=0.7108 val_f1_macro=0.8400 val_f1_weighted=0.8727 val_prec_macro=0.8408 val_rec_macro=0.8413 val_metric_name=acc val_metric=0.8747
Step 1050 | loss 0.0234 | val_acc=0.8771 val_loss=0.7076 val_f1_macro=0.8437 val_f1_weighted=0.8751 val_prec_macro=0.8455 val_rec_macro=0.8440 val_metric_name=acc val_metric=0.8771
Step 1100 | loss 0.0203 | val_acc=0.8777 val_loss=0.7220 val_f1_macro=0.8457 val_f1_weighted=0.8756 val_prec_macro=0.8462 val_rec_macro=0.8477 val_metric_name=acc val_metric=0.8777
Step 1150 | loss 0.0163 | val_acc=0.8780 val_loss=0.7336 val_f1_macro=0.8449 val_f1_weighted=0.8758 val_prec_macro=0.8470 val_rec_macro=0.8457 val_metric_name=acc val_metric=0.8780
Step 1200 | loss 0.0145 | val_acc=0.8777 val_loss=0.7429 val_f1_macro=0.8457 val_f1_weighted=0.8756 val_prec_macro=0.8472 val_rec_macro=0.8465 val_metric_name=acc val_metric=0.8777
Step 1250 | loss 0.0146 | val_acc=0.8789 val_loss=0.7464 val_f1_macro=0.8462 val_f1_weighted=0.8769 val_prec_macro=0.8476 val_rec_macro=0.8470 val_metric_name=acc val_metric=0.8789
Step 1300 | loss 0.0140 | val_acc=0.8759 val_loss=0.7510 val_f1_macro=0.8434 val_f1_weighted=0.8742 val_prec_macro=0.8439 val_rec_macro=0.8447 val_metric_name=acc val_metric=0.8759
Step 1350 | loss 0.0158 | val_acc=0.8791 val_loss=0.7491 val_f1_macro=0.8480 val_f1_weighted=0.8774 val_prec_macro=0.8479 val_rec_macro=0.8501 val_metric_name=acc val_metric=0.8791
Step 1400 | loss 0.0125 | val_acc=0.8784 val_loss=0.7541 val_f1_macro=0.8471 val_f1_weighted=0.8766 val_prec_macro=0.8483 val_rec_macro=0.8483 val_metric_name=acc val_metric=0.8784
Step 1450 | loss 0.0142 | val_acc=0.8789 val_loss=0.7645 val_f1_macro=0.8464 val_f1_weighted=0.8771 val_prec_macro=0.8481 val_rec_macro=0.8467 val_metric_name=acc val_metric=0.8789
Step 1500 | loss 0.0091 | val_acc=0.8787 val_loss=0.7749 val_f1_macro=0.8451 val_f1_weighted=0.8765 val_prec_macro=0.8470 val_rec_macro=0.8452 val_metric_name=acc val_metric=0.8787
Step 1550 | loss 0.0118 | val_acc=0.8793 val_loss=0.7780 val_f1_macro=0.8471 val_f1_weighted=0.8772 val_prec_macro=0.8484 val_rec_macro=0.8480 val_metric_name=acc val_metric=0.8793
Step 1600 | loss 0.0099 | val_acc=0.8778 val_loss=0.7822 val_f1_macro=0.8465 val_f1_weighted=0.8758 val_prec_macro=0.8479 val_rec_macro=0.8472 val_metric_name=acc val_metric=0.8778
Step 1650 | loss 0.0094 | val_acc=0.8796 val_loss=0.7850 val_f1_macro=0.8476 val_f1_weighted=0.8777 val_prec_macro=0.8485 val_rec_macro=0.8487 val_metric_name=acc val_metric=0.8796
Step 1700 | loss 0.0087 | val_acc=0.8810 val_loss=0.7831 val_f1_macro=0.8493 val_f1_weighted=0.8793 val_prec_macro=0.8528 val_rec_macro=0.8477 val_metric_name=acc val_metric=0.8810
Step 1750 | loss 0.0093 | val_acc=0.8817 val_loss=0.7969 val_f1_macro=0.8508 val_f1_weighted=0.8799 val_prec_macro=0.8522 val_rec_macro=0.8512 val_metric_name=acc val_metric=0.8817
Step 1800 | loss 0.0073 | val_acc=0.8801 val_loss=0.8065 val_f1_macro=0.8489 val_f1_weighted=0.8783 val_prec_macro=0.8484 val_rec_macro=0.8516 val_metric_name=acc val_metric=0.8801
Step 1850 | loss 0.0079 | val_acc=0.8778 val_loss=0.8059 val_f1_macro=0.8459 val_f1_weighted=0.8762 val_prec_macro=0.8449 val_rec_macro=0.8488 val_metric_name=acc val_metric=0.8778
Step 1900 | loss 0.0069 | val_acc=0.8803 val_loss=0.8118 val_f1_macro=0.8497 val_f1_weighted=0.8784 val_prec_macro=0.8518 val_rec_macro=0.8493 val_metric_name=acc val_metric=0.8803
Step 1950 | loss 0.0063 | val_acc=0.8808 val_loss=0.8027 val_f1_macro=0.8489 val_f1_weighted=0.8789 val_prec_macro=0.8500 val_rec_macro=0.8499 val_metric_name=acc val_metric=0.8808
Step 2000 | loss 0.0076 | val_acc=0.8796 val_loss=0.8127 val_f1_macro=0.8482 val_f1_weighted=0.8777 val_prec_macro=0.8487 val_rec_macro=0.8497 val_metric_name=acc val_metric=0.8796
Step 2050 | loss 0.0062 | val_acc=0.8808 val_loss=0.8102 val_f1_macro=0.8484 val_f1_weighted=0.8788 val_prec_macro=0.8510 val_rec_macro=0.8479 val_metric_name=acc val_metric=0.8808
Step 2100 | loss 0.0056 | val_acc=0.8814 val_loss=0.8144 val_f1_macro=0.8487 val_f1_weighted=0.8793 val_prec_macro=0.8521 val_rec_macro=0.8476 val_metric_name=acc val_metric=0.8814
Step 2150 | loss 0.0065 | val_acc=0.8808 val_loss=0.8335 val_f1_macro=0.8493 val_f1_weighted=0.8788 val_prec_macro=0.8512 val_rec_macro=0.8494 val_metric_name=acc val_metric=0.8808
Step 2200 | loss 0.0067 | val_acc=0.8814 val_loss=0.8258 val_f1_macro=0.8511 val_f1_weighted=0.8797 val_prec_macro=0.8509 val_rec_macro=0.8530 val_metric_name=acc val_metric=0.8814
Step 2250 | loss 0.0058 | val_acc=0.8837 val_loss=0.8331 val_f1_macro=0.8527 val_f1_weighted=0.8817 val_prec_macro=0.8533 val_rec_macro=0.8542 val_metric_name=acc val_metric=0.8837
Step 2300 | loss 0.0054 | val_acc=0.8826 val_loss=0.8296 val_f1_macro=0.8502 val_f1_weighted=0.8809 val_prec_macro=0.8509 val_rec_macro=0.8512 val_metric_name=acc val_metric=0.8826
Step 2350 | loss 0.0049 | val_acc=0.8823 val_loss=0.8281 val_f1_macro=0.8514 val_f1_weighted=0.8806 val_prec_macro=0.8530 val_rec_macro=0.8514 val_metric_name=acc val_metric=0.8823
Step 2400 | loss 0.0051 | val_acc=0.8838 val_loss=0.8252 val_f1_macro=0.8522 val_f1_weighted=0.8820 val_prec_macro=0.8532 val_rec_macro=0.8531 val_metric_name=acc val_metric=0.8838
Step 2450 | loss 0.0046 | val_acc=0.8833 val_loss=0.8277 val_f1_macro=0.8521 val_f1_weighted=0.8816 val_prec_macro=0.8532 val_rec_macro=0.8527 val_metric_name=acc val_metric=0.8833
Step 2500 | loss 0.0037 | val_acc=0.8819 val_loss=0.8412 val_f1_macro=0.8505 val_f1_weighted=0.8799 val_prec_macro=0.8533 val_rec_macro=0.8502 val_metric_name=acc val_metric=0.8819
Step 2550 | loss 0.0049 | val_acc=0.8831 val_loss=0.8358 val_f1_macro=0.8525 val_f1_weighted=0.8812 val_prec_macro=0.8543 val_rec_macro=0.8522 val_metric_name=acc val_metric=0.8831
Step 2600 | loss 0.0037 | val_acc=0.8842 val_loss=0.8427 val_f1_macro=0.8525 val_f1_weighted=0.8824 val_prec_macro=0.8547 val_rec_macro=0.8523 val_metric_name=acc val_metric=0.8842
Step 2650 | loss 0.0031 | val_acc=0.8821 val_loss=0.8473 val_f1_macro=0.8499 val_f1_weighted=0.8800 val_prec_macro=0.8516 val_rec_macro=0.8500 val_metric_name=acc val_metric=0.8821
Step 2700 | loss 0.0037 | val_acc=0.8838 val_loss=0.8552 val_f1_macro=0.8525 val_f1_weighted=0.8821 val_prec_macro=0.8541 val_rec_macro=0.8526 val_metric_name=acc val_metric=0.8838
Step 2750 | loss 0.0044 | val_acc=0.8835 val_loss=0.8566 val_f1_macro=0.8521 val_f1_weighted=0.8815 val_prec_macro=0.8556 val_rec_macro=0.8507 val_metric_name=acc val_metric=0.8835
Step 2800 | loss 0.0033 | val_acc=0.8846 val_loss=0.8658 val_f1_macro=0.8541 val_f1_weighted=0.8823 val_prec_macro=0.8572 val_rec_macro=0.8533 val_metric_name=acc val_metric=0.8846
Step 2850 | loss 0.0036 | val_acc=0.8847 val_loss=0.8640 val_f1_macro=0.8543 val_f1_weighted=0.8829 val_prec_macro=0.8562 val_rec_macro=0.8545 val_metric_name=acc val_metric=0.8847
Step 2900 | loss 0.0029 | val_acc=0.8828 val_loss=0.8670 val_f1_macro=0.8514 val_f1_weighted=0.8810 val_prec_macro=0.8540 val_rec_macro=0.8507 val_metric_name=acc val_metric=0.8828
Step 2950 | loss 0.0039 | val_acc=0.8851 val_loss=0.8756 val_f1_macro=0.8559 val_f1_weighted=0.8833 val_prec_macro=0.8565 val_rec_macro=0.8571 val_metric_name=acc val_metric=0.8851
Step 3000 | loss 0.0050 | val_acc=0.8838 val_loss=0.8712 val_f1_macro=0.8519 val_f1_weighted=0.8813 val_prec_macro=0.8561 val_rec_macro=0.8509 val_metric_name=acc val_metric=0.8838
Step 3050 | loss 0.0033 | val_acc=0.8856 val_loss=0.8683 val_f1_macro=0.8540 val_f1_weighted=0.8838 val_prec_macro=0.8544 val_rec_macro=0.8553 val_metric_name=acc val_metric=0.8856
Step 3100 | loss 0.0033 | val_acc=0.8842 val_loss=0.8797 val_f1_macro=0.8535 val_f1_weighted=0.8822 val_prec_macro=0.8583 val_rec_macro=0.8515 val_metric_name=acc val_metric=0.8842
Step 3150 | loss 0.0020 | val_acc=0.8831 val_loss=0.8708 val_f1_macro=0.8495 val_f1_weighted=0.8810 val_prec_macro=0.8496 val_rec_macro=0.8517 val_metric_name=acc val_metric=0.8831
Step 3200 | loss 0.0030 | val_acc=0.8844 val_loss=0.8660 val_f1_macro=0.8524 val_f1_weighted=0.8826 val_prec_macro=0.8534 val_rec_macro=0.8537 val_metric_name=acc val_metric=0.8844
Step 3250 | loss 0.0035 | val_acc=0.8833 val_loss=0.8846 val_f1_macro=0.8528 val_f1_weighted=0.8817 val_prec_macro=0.8527 val_rec_macro=0.8551 val_metric_name=acc val_metric=0.8833
Step 3300 | loss 0.0027 | val_acc=0.8847 val_loss=0.8788 val_f1_macro=0.8559 val_f1_weighted=0.8832 val_prec_macro=0.8553 val_rec_macro=0.8582 val_metric_name=acc val_metric=0.8847
Step 3350 | loss 0.0021 | val_acc=0.8872 val_loss=0.8860 val_f1_macro=0.8573 val_f1_weighted=0.8853 val_prec_macro=0.8605 val_rec_macro=0.8565 val_metric_name=acc val_metric=0.8872
Step 3400 | loss 0.0032 | val_acc=0.8838 val_loss=0.9065 val_f1_macro=0.8537 val_f1_weighted=0.8819 val_prec_macro=0.8563 val_rec_macro=0.8533 val_metric_name=acc val_metric=0.8838
Step 3450 | loss 0.0031 | val_acc=0.8853 val_loss=0.8971 val_f1_macro=0.8543 val_f1_weighted=0.8834 val_prec_macro=0.8561 val_rec_macro=0.8542 val_metric_name=acc val_metric=0.8853
Step 3500 | loss 0.0023 | val_acc=0.8835 val_loss=0.8995 val_f1_macro=0.8530 val_f1_weighted=0.8816 val_prec_macro=0.8532 val_rec_macro=0.8550 val_metric_name=acc val_metric=0.8835
Step 3550 | loss 0.0036 | val_acc=0.8854 val_loss=0.9066 val_f1_macro=0.8529 val_f1_weighted=0.8833 val_prec_macro=0.8533 val_rec_macro=0.8554 val_metric_name=acc val_metric=0.8854
Step 3600 | loss 0.0021 | val_acc=0.8854 val_loss=0.8866 val_f1_macro=0.8560 val_f1_weighted=0.8840 val_prec_macro=0.8583 val_rec_macro=0.8550 val_metric_name=acc val_metric=0.8854
Step 3650 | loss 0.0029 | val_acc=0.8853 val_loss=0.8938 val_f1_macro=0.8559 val_f1_weighted=0.8834 val_prec_macro=0.8581 val_rec_macro=0.8564 val_metric_name=acc val_metric=0.8853
Step 3700 | loss 0.0029 | val_acc=0.8870 val_loss=0.9056 val_f1_macro=0.8565 val_f1_weighted=0.8848 val_prec_macro=0.8563 val_rec_macro=0.8590 val_metric_name=acc val_metric=0.8870
Step 3750 | loss 0.0027 | val_acc=0.8877 val_loss=0.8945 val_f1_macro=0.8597 val_f1_weighted=0.8864 val_prec_macro=0.8603 val_rec_macro=0.8603 val_metric_name=acc val_metric=0.8877
Step 3800 | loss 0.0036 | val_acc=0.8846 val_loss=0.9156 val_f1_macro=0.8548 val_f1_weighted=0.8832 val_prec_macro=0.8533 val_rec_macro=0.8579 val_metric_name=acc val_metric=0.8846
Step 3850 | loss 0.0035 | val_acc=0.8828 val_loss=0.9256 val_f1_macro=0.8519 val_f1_weighted=0.8811 val_prec_macro=0.8529 val_rec_macro=0.8530 val_metric_name=acc val_metric=0.8828
Step 3900 | loss 0.0024 | val_acc=0.8835 val_loss=0.9231 val_f1_macro=0.8525 val_f1_weighted=0.8813 val_prec_macro=0.8547 val_rec_macro=0.8534 val_metric_name=acc val_metric=0.8835
Step 3950 | loss 0.0022 | val_acc=0.8835 val_loss=0.9297 val_f1_macro=0.8534 val_f1_weighted=0.8816 val_prec_macro=0.8533 val_rec_macro=0.8558 val_metric_name=acc val_metric=0.8835
Early stopping at step 3971

--- Final (best ckpt @ step 3670) ---
  train_acc=1.0000 train_loss=0.0000 train_f1_macro=1.0000 train_f1_weighted=1.0000 train_prec_macro=1.0000 train_rec_macro=1.0000 train_metric_name=acc train_metric=1.0000
  val_acc=0.8879 val_loss=0.8994 val_f1_macro=0.8603 val_f1_weighted=0.8865 val_prec_macro=0.8605 val_rec_macro=0.8617 val_metric_name=acc val_metric=0.8879
  test_acc=0.8828 test_loss=0.8960 test_f1_macro=0.8542 test_f1_weighted=0.8809 test_prec_macro=0.8597 test_rec_macro=0.8520 test_metric_name=acc test_metric=0.8828
  test_acc=0.8828

============================================================
Training roman-empire GT-sep 4L h=256 lr=1e-05 split=1
============================================================
Training for 5000 steps
Step    1 | loss 3.0058 | val_acc=0.0671 val_loss=2.9108 val_f1_macro=0.0469 val_f1_weighted=0.0744 val_prec_macro=0.0790 val_rec_macro=0.0688 val_metric_name=acc val_metric=0.0671
Step   50 | loss 2.2585 | val_acc=0.3989 val_loss=2.0657 val_f1_macro=0.1337 val_f1_weighted=0.2916 val_prec_macro=0.1529 val_rec_macro=0.1765 val_metric_name=acc val_metric=0.3989
Step  100 | loss 1.8385 | val_acc=0.5135 val_loss=1.5851 val_f1_macro=0.2393 val_f1_weighted=0.4265 val_prec_macro=0.3785 val_rec_macro=0.2740 val_metric_name=acc val_metric=0.5135
Step  150 | loss 1.5638 | val_acc=0.5693 val_loss=1.3535 val_f1_macro=0.3322 val_f1_weighted=0.5045 val_prec_macro=0.4783 val_rec_macro=0.3418 val_metric_name=acc val_metric=0.5693
Step  200 | loss 1.4046 | val_acc=0.6169 val_loss=1.2065 val_f1_macro=0.4263 val_f1_weighted=0.5694 val_prec_macro=0.4834 val_rec_macro=0.4265 val_metric_name=acc val_metric=0.6169
Step  250 | loss 1.2886 | val_acc=0.6523 val_loss=1.1007 val_f1_macro=0.4763 val_f1_weighted=0.6106 val_prec_macro=0.5503 val_rec_macro=0.4782 val_metric_name=acc val_metric=0.6523
Step  300 | loss 1.1891 | val_acc=0.6775 val_loss=1.0202 val_f1_macro=0.5159 val_f1_weighted=0.6400 val_prec_macro=0.5841 val_rec_macro=0.5195 val_metric_name=acc val_metric=0.6775
Step  350 | loss 1.1129 | val_acc=0.6967 val_loss=0.9570 val_f1_macro=0.5443 val_f1_weighted=0.6632 val_prec_macro=0.5951 val_rec_macro=0.5506 val_metric_name=acc val_metric=0.6967
Step  400 | loss 1.0497 | val_acc=0.7123 val_loss=0.9056 val_f1_macro=0.5663 val_f1_weighted=0.6819 val_prec_macro=0.6075 val_rec_macro=0.5748 val_metric_name=acc val_metric=0.7123
Step  450 | loss 0.9993 | val_acc=0.7225 val_loss=0.8636 val_f1_macro=0.5820 val_f1_weighted=0.6950 val_prec_macro=0.6156 val_rec_macro=0.5908 val_metric_name=acc val_metric=0.7225
Step  500 | loss 0.9496 | val_acc=0.7335 val_loss=0.8292 val_f1_macro=0.6000 val_f1_weighted=0.7089 val_prec_macro=0.7080 val_rec_macro=0.6080 val_metric_name=acc val_metric=0.7335
Step  550 | loss 0.9124 | val_acc=0.7432 val_loss=0.8002 val_f1_macro=0.6142 val_f1_weighted=0.7205 val_prec_macro=0.7273 val_rec_macro=0.6225 val_metric_name=acc val_metric=0.7432
Step  600 | loss 0.8737 | val_acc=0.7495 val_loss=0.7747 val_f1_macro=0.6248 val_f1_weighted=0.7286 val_prec_macro=0.7354 val_rec_macro=0.6332 val_metric_name=acc val_metric=0.7495
Step  650 | loss 0.8491 | val_acc=0.7559 val_loss=0.7517 val_f1_macro=0.6341 val_f1_weighted=0.7360 val_prec_macro=0.7418 val_rec_macro=0.6434 val_metric_name=acc val_metric=0.7559
Step  700 | loss 0.8115 | val_acc=0.7601 val_loss=0.7317 val_f1_macro=0.6413 val_f1_weighted=0.7413 val_prec_macro=0.7192 val_rec_macro=0.6513 val_metric_name=acc val_metric=0.7601
Step  750 | loss 0.7845 | val_acc=0.7663 val_loss=0.7130 val_f1_macro=0.6541 val_f1_weighted=0.7494 val_prec_macro=0.7316 val_rec_macro=0.6622 val_metric_name=acc val_metric=0.7663
Step  800 | loss 0.7545 | val_acc=0.7735 val_loss=0.6960 val_f1_macro=0.6680 val_f1_weighted=0.7583 val_prec_macro=0.7391 val_rec_macro=0.6739 val_metric_name=acc val_metric=0.7735
Step  850 | loss 0.7351 | val_acc=0.7795 val_loss=0.6811 val_f1_macro=0.6796 val_f1_weighted=0.7654 val_prec_macro=0.7527 val_rec_macro=0.6826 val_metric_name=acc val_metric=0.7795
Step  900 | loss 0.7131 | val_acc=0.7848 val_loss=0.6664 val_f1_macro=0.6884 val_f1_weighted=0.7714 val_prec_macro=0.7560 val_rec_macro=0.6911 val_metric_name=acc val_metric=0.7848
Step  950 | loss 0.6898 | val_acc=0.7899 val_loss=0.6533 val_f1_macro=0.6977 val_f1_weighted=0.7773 val_prec_macro=0.7547 val_rec_macro=0.6999 val_metric_name=acc val_metric=0.7899
Step 1000 | loss 0.6633 | val_acc=0.7966 val_loss=0.6404 val_f1_macro=0.7118 val_f1_weighted=0.7857 val_prec_macro=0.7653 val_rec_macro=0.7118 val_metric_name=acc val_metric=0.7966
Step 1050 | loss 0.6530 | val_acc=0.7993 val_loss=0.6288 val_f1_macro=0.7218 val_f1_weighted=0.7891 val_prec_macro=0.7712 val_rec_macro=0.7210 val_metric_name=acc val_metric=0.7993
Step 1100 | loss 0.6332 | val_acc=0.8019 val_loss=0.6184 val_f1_macro=0.7273 val_f1_weighted=0.7923 val_prec_macro=0.7715 val_rec_macro=0.7275 val_metric_name=acc val_metric=0.8019
Step 1150 | loss 0.6175 | val_acc=0.8062 val_loss=0.6066 val_f1_macro=0.7363 val_f1_weighted=0.7975 val_prec_macro=0.7752 val_rec_macro=0.7360 val_metric_name=acc val_metric=0.8062
Step 1200 | loss 0.5959 | val_acc=0.8086 val_loss=0.5978 val_f1_macro=0.7429 val_f1_weighted=0.8007 val_prec_macro=0.7752 val_rec_macro=0.7430 val_metric_name=acc val_metric=0.8086
Step 1250 | loss 0.5833 | val_acc=0.8120 val_loss=0.5891 val_f1_macro=0.7463 val_f1_weighted=0.8046 val_prec_macro=0.7707 val_rec_macro=0.7475 val_metric_name=acc val_metric=0.8120
Step 1300 | loss 0.5682 | val_acc=0.8132 val_loss=0.5804 val_f1_macro=0.7498 val_f1_weighted=0.8063 val_prec_macro=0.7720 val_rec_macro=0.7504 val_metric_name=acc val_metric=0.8132
Step 1350 | loss 0.5461 | val_acc=0.8169 val_loss=0.5728 val_f1_macro=0.7552 val_f1_weighted=0.8103 val_prec_macro=0.7765 val_rec_macro=0.7560 val_metric_name=acc val_metric=0.8169
Step 1400 | loss 0.5356 | val_acc=0.8217 val_loss=0.5662 val_f1_macro=0.7621 val_f1_weighted=0.8153 val_prec_macro=0.7838 val_rec_macro=0.7624 val_metric_name=acc val_metric=0.8217
Step 1450 | loss 0.5153 | val_acc=0.8247 val_loss=0.5599 val_f1_macro=0.7698 val_f1_weighted=0.8190 val_prec_macro=0.7880 val_rec_macro=0.7688 val_metric_name=acc val_metric=0.8247
Step 1500 | loss 0.4924 | val_acc=0.8288 val_loss=0.5526 val_f1_macro=0.7759 val_f1_weighted=0.8234 val_prec_macro=0.7905 val_rec_macro=0.7753 val_metric_name=acc val_metric=0.8288
Step 1550 | loss 0.4872 | val_acc=0.8342 val_loss=0.5475 val_f1_macro=0.7858 val_f1_weighted=0.8291 val_prec_macro=0.7982 val_rec_macro=0.7859 val_metric_name=acc val_metric=0.8342
Step 1600 | loss 0.4677 | val_acc=0.8351 val_loss=0.5417 val_f1_macro=0.7884 val_f1_weighted=0.8304 val_prec_macro=0.7979 val_rec_macro=0.7897 val_metric_name=acc val_metric=0.8351
Step 1650 | loss 0.4570 | val_acc=0.8388 val_loss=0.5363 val_f1_macro=0.7937 val_f1_weighted=0.8343 val_prec_macro=0.8016 val_rec_macro=0.7957 val_metric_name=acc val_metric=0.8388
Step 1700 | loss 0.4446 | val_acc=0.8392 val_loss=0.5323 val_f1_macro=0.7952 val_f1_weighted=0.8347 val_prec_macro=0.8014 val_rec_macro=0.7983 val_metric_name=acc val_metric=0.8392
Step 1750 | loss 0.4320 | val_acc=0.8422 val_loss=0.5270 val_f1_macro=0.8004 val_f1_weighted=0.8380 val_prec_macro=0.8045 val_rec_macro=0.8040 val_metric_name=acc val_metric=0.8422
Step 1800 | loss 0.4149 | val_acc=0.8447 val_loss=0.5232 val_f1_macro=0.8044 val_f1_weighted=0.8406 val_prec_macro=0.8083 val_rec_macro=0.8080 val_metric_name=acc val_metric=0.8447
Step 1850 | loss 0.4024 | val_acc=0.8455 val_loss=0.5200 val_f1_macro=0.8049 val_f1_weighted=0.8416 val_prec_macro=0.8075 val_rec_macro=0.8087 val_metric_name=acc val_metric=0.8455
Step 1900 | loss 0.3949 | val_acc=0.8468 val_loss=0.5166 val_f1_macro=0.8060 val_f1_weighted=0.8429 val_prec_macro=0.8090 val_rec_macro=0.8088 val_metric_name=acc val_metric=0.8468
Step 1950 | loss 0.3866 | val_acc=0.8489 val_loss=0.5137 val_f1_macro=0.8093 val_f1_weighted=0.8453 val_prec_macro=0.8109 val_rec_macro=0.8134 val_metric_name=acc val_metric=0.8489
Step 2000 | loss 0.3707 | val_acc=0.8505 val_loss=0.5115 val_f1_macro=0.8120 val_f1_weighted=0.8471 val_prec_macro=0.8136 val_rec_macro=0.8158 val_metric_name=acc val_metric=0.8505
Step 2050 | loss 0.3597 | val_acc=0.8538 val_loss=0.5071 val_f1_macro=0.8176 val_f1_weighted=0.8508 val_prec_macro=0.8191 val_rec_macro=0.8207 val_metric_name=acc val_metric=0.8538
Step 2100 | loss 0.3555 | val_acc=0.8540 val_loss=0.5053 val_f1_macro=0.8192 val_f1_weighted=0.8510 val_prec_macro=0.8213 val_rec_macro=0.8220 val_metric_name=acc val_metric=0.8540
Step 2150 | loss 0.3404 | val_acc=0.8547 val_loss=0.5043 val_f1_macro=0.8190 val_f1_weighted=0.8519 val_prec_macro=0.8201 val_rec_macro=0.8225 val_metric_name=acc val_metric=0.8547
Step 2200 | loss 0.3227 | val_acc=0.8547 val_loss=0.5030 val_f1_macro=0.8193 val_f1_weighted=0.8517 val_prec_macro=0.8208 val_rec_macro=0.8226 val_metric_name=acc val_metric=0.8547
Step 2250 | loss 0.3173 | val_acc=0.8567 val_loss=0.5009 val_f1_macro=0.8201 val_f1_weighted=0.8538 val_prec_macro=0.8207 val_rec_macro=0.8243 val_metric_name=acc val_metric=0.8567
Step 2300 | loss 0.3042 | val_acc=0.8581 val_loss=0.5004 val_f1_macro=0.8223 val_f1_weighted=0.8554 val_prec_macro=0.8223 val_rec_macro=0.8266 val_metric_name=acc val_metric=0.8581
Step 2350 | loss 0.3009 | val_acc=0.8577 val_loss=0.5002 val_f1_macro=0.8207 val_f1_weighted=0.8549 val_prec_macro=0.8212 val_rec_macro=0.8250 val_metric_name=acc val_metric=0.8577
Step 2400 | loss 0.2873 | val_acc=0.8588 val_loss=0.5001 val_f1_macro=0.8218 val_f1_weighted=0.8561 val_prec_macro=0.8221 val_rec_macro=0.8257 val_metric_name=acc val_metric=0.8588
Step 2450 | loss 0.2803 | val_acc=0.8586 val_loss=0.4982 val_f1_macro=0.8208 val_f1_weighted=0.8559 val_prec_macro=0.8203 val_rec_macro=0.8255 val_metric_name=acc val_metric=0.8586
Step 2500 | loss 0.2668 | val_acc=0.8600 val_loss=0.4992 val_f1_macro=0.8226 val_f1_weighted=0.8573 val_prec_macro=0.8226 val_rec_macro=0.8269 val_metric_name=acc val_metric=0.8600
Step 2550 | loss 0.2572 | val_acc=0.8593 val_loss=0.4985 val_f1_macro=0.8221 val_f1_weighted=0.8567 val_prec_macro=0.8217 val_rec_macro=0.8262 val_metric_name=acc val_metric=0.8593
Step 2600 | loss 0.2530 | val_acc=0.8609 val_loss=0.4993 val_f1_macro=0.8237 val_f1_weighted=0.8583 val_prec_macro=0.8235 val_rec_macro=0.8278 val_metric_name=acc val_metric=0.8609
Step 2650 | loss 0.2411 | val_acc=0.8616 val_loss=0.5002 val_f1_macro=0.8249 val_f1_weighted=0.8591 val_prec_macro=0.8241 val_rec_macro=0.8291 val_metric_name=acc val_metric=0.8616
Step 2700 | loss 0.2365 | val_acc=0.8618 val_loss=0.5007 val_f1_macro=0.8247 val_f1_weighted=0.8590 val_prec_macro=0.8247 val_rec_macro=0.8284 val_metric_name=acc val_metric=0.8618
Step 2750 | loss 0.2266 | val_acc=0.8625 val_loss=0.5033 val_f1_macro=0.8263 val_f1_weighted=0.8597 val_prec_macro=0.8261 val_rec_macro=0.8301 val_metric_name=acc val_metric=0.8625
Step 2800 | loss 0.2237 | val_acc=0.8630 val_loss=0.5032 val_f1_macro=0.8270 val_f1_weighted=0.8602 val_prec_macro=0.8270 val_rec_macro=0.8306 val_metric_name=acc val_metric=0.8630
Step 2850 | loss 0.2190 | val_acc=0.8650 val_loss=0.5047 val_f1_macro=0.8299 val_f1_weighted=0.8621 val_prec_macro=0.8298 val_rec_macro=0.8339 val_metric_name=acc val_metric=0.8650
Step 2900 | loss 0.2084 | val_acc=0.8646 val_loss=0.5067 val_f1_macro=0.8288 val_f1_weighted=0.8618 val_prec_macro=0.8280 val_rec_macro=0.8331 val_metric_name=acc val_metric=0.8646
Step 2950 | loss 0.2028 | val_acc=0.8653 val_loss=0.5084 val_f1_macro=0.8300 val_f1_weighted=0.8626 val_prec_macro=0.8294 val_rec_macro=0.8341 val_metric_name=acc val_metric=0.8653
Step 3000 | loss 0.1991 | val_acc=0.8665 val_loss=0.5089 val_f1_macro=0.8318 val_f1_weighted=0.8641 val_prec_macro=0.8310 val_rec_macro=0.8358 val_metric_name=acc val_metric=0.8665
Step 3050 | loss 0.1861 | val_acc=0.8653 val_loss=0.5105 val_f1_macro=0.8305 val_f1_weighted=0.8629 val_prec_macro=0.8293 val_rec_macro=0.8347 val_metric_name=acc val_metric=0.8653
Step 3100 | loss 0.1845 | val_acc=0.8671 val_loss=0.5136 val_f1_macro=0.8320 val_f1_weighted=0.8646 val_prec_macro=0.8322 val_rec_macro=0.8349 val_metric_name=acc val_metric=0.8671
Step 3150 | loss 0.1748 | val_acc=0.8676 val_loss=0.5165 val_f1_macro=0.8318 val_f1_weighted=0.8650 val_prec_macro=0.8319 val_rec_macro=0.8352 val_metric_name=acc val_metric=0.8676
Step 3200 | loss 0.1714 | val_acc=0.8676 val_loss=0.5173 val_f1_macro=0.8330 val_f1_weighted=0.8653 val_prec_macro=0.8340 val_rec_macro=0.8351 val_metric_name=acc val_metric=0.8676
Step 3250 | loss 0.1643 | val_acc=0.8673 val_loss=0.5210 val_f1_macro=0.8321 val_f1_weighted=0.8648 val_prec_macro=0.8315 val_rec_macro=0.8359 val_metric_name=acc val_metric=0.8673
Step 3300 | loss 0.1579 | val_acc=0.8680 val_loss=0.5218 val_f1_macro=0.8338 val_f1_weighted=0.8657 val_prec_macro=0.8338 val_rec_macro=0.8367 val_metric_name=acc val_metric=0.8680
Step 3350 | loss 0.1474 | val_acc=0.8658 val_loss=0.5253 val_f1_macro=0.8311 val_f1_weighted=0.8635 val_prec_macro=0.8305 val_rec_macro=0.8346 val_metric_name=acc val_metric=0.8658
Step 3400 | loss 0.1534 | val_acc=0.8665 val_loss=0.5280 val_f1_macro=0.8312 val_f1_weighted=0.8642 val_prec_macro=0.8308 val_rec_macro=0.8346 val_metric_name=acc val_metric=0.8665
Step 3450 | loss 0.1501 | val_acc=0.8674 val_loss=0.5306 val_f1_macro=0.8323 val_f1_weighted=0.8651 val_prec_macro=0.8320 val_rec_macro=0.8357 val_metric_name=acc val_metric=0.8674
Step 3500 | loss 0.1371 | val_acc=0.8687 val_loss=0.5329 val_f1_macro=0.8342 val_f1_weighted=0.8664 val_prec_macro=0.8343 val_rec_macro=0.8370 val_metric_name=acc val_metric=0.8687
Step 3550 | loss 0.1391 | val_acc=0.8688 val_loss=0.5372 val_f1_macro=0.8341 val_f1_weighted=0.8666 val_prec_macro=0.8333 val_rec_macro=0.8378 val_metric_name=acc val_metric=0.8688
Step 3600 | loss 0.1352 | val_acc=0.8688 val_loss=0.5393 val_f1_macro=0.8344 val_f1_weighted=0.8668 val_prec_macro=0.8340 val_rec_macro=0.8373 val_metric_name=acc val_metric=0.8688
Step 3650 | loss 0.1314 | val_acc=0.8688 val_loss=0.5422 val_f1_macro=0.8351 val_f1_weighted=0.8668 val_prec_macro=0.8350 val_rec_macro=0.8379 val_metric_name=acc val_metric=0.8688
Step 3700 | loss 0.1249 | val_acc=0.8674 val_loss=0.5455 val_f1_macro=0.8335 val_f1_weighted=0.8653 val_prec_macro=0.8334 val_rec_macro=0.8363 val_metric_name=acc val_metric=0.8674
Step 3750 | loss 0.1183 | val_acc=0.8681 val_loss=0.5478 val_f1_macro=0.8349 val_f1_weighted=0.8661 val_prec_macro=0.8359 val_rec_macro=0.8366 val_metric_name=acc val_metric=0.8681
Step 3800 | loss 0.1174 | val_acc=0.8687 val_loss=0.5506 val_f1_macro=0.8347 val_f1_weighted=0.8666 val_prec_macro=0.8338 val_rec_macro=0.8382 val_metric_name=acc val_metric=0.8687
Step 3850 | loss 0.1148 | val_acc=0.8690 val_loss=0.5540 val_f1_macro=0.8357 val_f1_weighted=0.8671 val_prec_macro=0.8352 val_rec_macro=0.8389 val_metric_name=acc val_metric=0.8690
Step 3900 | loss 0.1103 | val_acc=0.8690 val_loss=0.5558 val_f1_macro=0.8350 val_f1_weighted=0.8670 val_prec_macro=0.8346 val_rec_macro=0.8380 val_metric_name=acc val_metric=0.8690
Step 3950 | loss 0.1089 | val_acc=0.8695 val_loss=0.5589 val_f1_macro=0.8356 val_f1_weighted=0.8675 val_prec_macro=0.8352 val_rec_macro=0.8386 val_metric_name=acc val_metric=0.8695
Step 4000 | loss 0.1036 | val_acc=0.8695 val_loss=0.5641 val_f1_macro=0.8361 val_f1_weighted=0.8675 val_prec_macro=0.8358 val_rec_macro=0.8393 val_metric_name=acc val_metric=0.8695
Step 4050 | loss 0.0971 | val_acc=0.8699 val_loss=0.5648 val_f1_macro=0.8368 val_f1_weighted=0.8680 val_prec_macro=0.8364 val_rec_macro=0.8395 val_metric_name=acc val_metric=0.8699
Step 4100 | loss 0.1052 | val_acc=0.8694 val_loss=0.5667 val_f1_macro=0.8345 val_f1_weighted=0.8673 val_prec_macro=0.8342 val_rec_macro=0.8375 val_metric_name=acc val_metric=0.8694
Step 4150 | loss 0.0975 | val_acc=0.8701 val_loss=0.5711 val_f1_macro=0.8359 val_f1_weighted=0.8679 val_prec_macro=0.8358 val_rec_macro=0.8388 val_metric_name=acc val_metric=0.8701
Step 4200 | loss 0.0921 | val_acc=0.8697 val_loss=0.5733 val_f1_macro=0.8361 val_f1_weighted=0.8676 val_prec_macro=0.8362 val_rec_macro=0.8387 val_metric_name=acc val_metric=0.8697
Step 4250 | loss 0.0929 | val_acc=0.8704 val_loss=0.5761 val_f1_macro=0.8367 val_f1_weighted=0.8683 val_prec_macro=0.8366 val_rec_macro=0.8393 val_metric_name=acc val_metric=0.8704
Step 4300 | loss 0.0907 | val_acc=0.8699 val_loss=0.5777 val_f1_macro=0.8356 val_f1_weighted=0.8677 val_prec_macro=0.8352 val_rec_macro=0.8386 val_metric_name=acc val_metric=0.8699
Step 4350 | loss 0.0886 | val_acc=0.8706 val_loss=0.5799 val_f1_macro=0.8368 val_f1_weighted=0.8686 val_prec_macro=0.8363 val_rec_macro=0.8398 val_metric_name=acc val_metric=0.8706
Step 4400 | loss 0.0896 | val_acc=0.8703 val_loss=0.5839 val_f1_macro=0.8362 val_f1_weighted=0.8681 val_prec_macro=0.8364 val_rec_macro=0.8387 val_metric_name=acc val_metric=0.8703
Step 4450 | loss 0.0837 | val_acc=0.8704 val_loss=0.5873 val_f1_macro=0.8359 val_f1_weighted=0.8682 val_prec_macro=0.8353 val_rec_macro=0.8391 val_metric_name=acc val_metric=0.8704
Early stopping at step 4470

--- Final (best ckpt @ step 4170) ---
  train_acc=0.9981 train_loss=0.0108 train_f1_macro=0.9977 train_f1_weighted=0.9981 train_prec_macro=0.9979 train_rec_macro=0.9974 train_metric_name=acc train_metric=0.9981
  val_acc=0.8713 val_loss=0.5719 val_f1_macro=0.8373 val_f1_weighted=0.8693 val_prec_macro=0.8366 val_rec_macro=0.8406 val_metric_name=acc val_metric=0.8713
  test_acc=0.8701 test_loss=0.5631 test_f1_macro=0.8411 test_f1_weighted=0.8683 test_prec_macro=0.8457 test_rec_macro=0.8393 test_metric_name=acc test_metric=0.8701
  test_acc=0.8701

============================================================
Training roman-empire GT-sep 4L h=384 lr=3e-05 split=1
============================================================
Training for 5000 steps
Step    1 | loss 3.0901 | val_acc=0.1112 val_loss=2.8465 val_f1_macro=0.0525 val_f1_weighted=0.1003 val_prec_macro=0.0673 val_rec_macro=0.0705 val_metric_name=acc val_metric=0.1112
Step   50 | loss 1.3667 | val_acc=0.6198 val_loss=1.1880 val_f1_macro=0.4324 val_f1_weighted=0.5726 val_prec_macro=0.5260 val_rec_macro=0.4301 val_metric_name=acc val_metric=0.6198
Step  100 | loss 1.0092 | val_acc=0.7105 val_loss=0.8899 val_f1_macro=0.5678 val_f1_weighted=0.6791 val_prec_macro=0.6004 val_rec_macro=0.5815 val_metric_name=acc val_metric=0.7105
Step  150 | loss 0.8436 | val_acc=0.7488 val_loss=0.7610 val_f1_macro=0.6319 val_f1_weighted=0.7288 val_prec_macro=0.6758 val_rec_macro=0.6443 val_metric_name=acc val_metric=0.7488
Step  200 | loss 0.7238 | val_acc=0.7762 val_loss=0.6871 val_f1_macro=0.6852 val_f1_weighted=0.7618 val_prec_macro=0.7412 val_rec_macro=0.6909 val_metric_name=acc val_metric=0.7762
Step  250 | loss 0.6473 | val_acc=0.7975 val_loss=0.6345 val_f1_macro=0.7269 val_f1_weighted=0.7872 val_prec_macro=0.7611 val_rec_macro=0.7305 val_metric_name=acc val_metric=0.7975
Step  300 | loss 0.5689 | val_acc=0.8097 val_loss=0.5938 val_f1_macro=0.7475 val_f1_weighted=0.8022 val_prec_macro=0.7644 val_rec_macro=0.7518 val_metric_name=acc val_metric=0.8097
Step  350 | loss 0.5057 | val_acc=0.8254 val_loss=0.5640 val_f1_macro=0.7732 val_f1_weighted=0.8200 val_prec_macro=0.7806 val_rec_macro=0.7769 val_metric_name=acc val_metric=0.8254
Step  400 | loss 0.4460 | val_acc=0.8376 val_loss=0.5418 val_f1_macro=0.7916 val_f1_weighted=0.8331 val_prec_macro=0.7940 val_rec_macro=0.7979 val_metric_name=acc val_metric=0.8376
Step  450 | loss 0.3992 | val_acc=0.8447 val_loss=0.5261 val_f1_macro=0.8041 val_f1_weighted=0.8417 val_prec_macro=0.8026 val_rec_macro=0.8110 val_metric_name=acc val_metric=0.8447
Step  500 | loss 0.3433 | val_acc=0.8508 val_loss=0.5174 val_f1_macro=0.8121 val_f1_weighted=0.8481 val_prec_macro=0.8095 val_rec_macro=0.8194 val_metric_name=acc val_metric=0.8508
Step  550 | loss 0.2987 | val_acc=0.8535 val_loss=0.5169 val_f1_macro=0.8146 val_f1_weighted=0.8510 val_prec_macro=0.8114 val_rec_macro=0.8224 val_metric_name=acc val_metric=0.8535
Step  600 | loss 0.2559 | val_acc=0.8574 val_loss=0.5210 val_f1_macro=0.8187 val_f1_weighted=0.8550 val_prec_macro=0.8162 val_rec_macro=0.8248 val_metric_name=acc val_metric=0.8574
Step  650 | loss 0.2271 | val_acc=0.8605 val_loss=0.5277 val_f1_macro=0.8229 val_f1_weighted=0.8584 val_prec_macro=0.8198 val_rec_macro=0.8303 val_metric_name=acc val_metric=0.8605
Step  700 | loss 0.1959 | val_acc=0.8625 val_loss=0.5347 val_f1_macro=0.8272 val_f1_weighted=0.8607 val_prec_macro=0.8245 val_rec_macro=0.8332 val_metric_name=acc val_metric=0.8625
Step  750 | loss 0.1747 | val_acc=0.8630 val_loss=0.5461 val_f1_macro=0.8286 val_f1_weighted=0.8614 val_prec_macro=0.8254 val_rec_macro=0.8349 val_metric_name=acc val_metric=0.8630
Step  800 | loss 0.1443 | val_acc=0.8641 val_loss=0.5625 val_f1_macro=0.8304 val_f1_weighted=0.8623 val_prec_macro=0.8275 val_rec_macro=0.8361 val_metric_name=acc val_metric=0.8641
Step  850 | loss 0.1263 | val_acc=0.8664 val_loss=0.5775 val_f1_macro=0.8337 val_f1_weighted=0.8646 val_prec_macro=0.8312 val_rec_macro=0.8386 val_metric_name=acc val_metric=0.8664
Step  900 | loss 0.1114 | val_acc=0.8646 val_loss=0.5914 val_f1_macro=0.8317 val_f1_weighted=0.8630 val_prec_macro=0.8293 val_rec_macro=0.8368 val_metric_name=acc val_metric=0.8646
Step  950 | loss 0.0946 | val_acc=0.8680 val_loss=0.6007 val_f1_macro=0.8363 val_f1_weighted=0.8663 val_prec_macro=0.8338 val_rec_macro=0.8411 val_metric_name=acc val_metric=0.8680
Step 1000 | loss 0.0863 | val_acc=0.8650 val_loss=0.6168 val_f1_macro=0.8327 val_f1_weighted=0.8630 val_prec_macro=0.8298 val_rec_macro=0.8385 val_metric_name=acc val_metric=0.8650
Step 1050 | loss 0.0772 | val_acc=0.8673 val_loss=0.6223 val_f1_macro=0.8356 val_f1_weighted=0.8657 val_prec_macro=0.8326 val_rec_macro=0.8408 val_metric_name=acc val_metric=0.8673
Step 1100 | loss 0.0637 | val_acc=0.8683 val_loss=0.6345 val_f1_macro=0.8365 val_f1_weighted=0.8665 val_prec_macro=0.8340 val_rec_macro=0.8418 val_metric_name=acc val_metric=0.8683
Step 1150 | loss 0.0585 | val_acc=0.8683 val_loss=0.6481 val_f1_macro=0.8364 val_f1_weighted=0.8665 val_prec_macro=0.8334 val_rec_macro=0.8424 val_metric_name=acc val_metric=0.8683
Step 1200 | loss 0.0532 | val_acc=0.8680 val_loss=0.6572 val_f1_macro=0.8363 val_f1_weighted=0.8663 val_prec_macro=0.8332 val_rec_macro=0.8416 val_metric_name=acc val_metric=0.8680
Step 1250 | loss 0.0488 | val_acc=0.8692 val_loss=0.6691 val_f1_macro=0.8378 val_f1_weighted=0.8675 val_prec_macro=0.8341 val_rec_macro=0.8438 val_metric_name=acc val_metric=0.8692
Step 1300 | loss 0.0399 | val_acc=0.8724 val_loss=0.6793 val_f1_macro=0.8426 val_f1_weighted=0.8707 val_prec_macro=0.8404 val_rec_macro=0.8470 val_metric_name=acc val_metric=0.8724
Step 1350 | loss 0.0407 | val_acc=0.8726 val_loss=0.6892 val_f1_macro=0.8417 val_f1_weighted=0.8709 val_prec_macro=0.8394 val_rec_macro=0.8459 val_metric_name=acc val_metric=0.8726
Step 1400 | loss 0.0388 | val_acc=0.8722 val_loss=0.6949 val_f1_macro=0.8402 val_f1_weighted=0.8704 val_prec_macro=0.8374 val_rec_macro=0.8456 val_metric_name=acc val_metric=0.8722
Step 1450 | loss 0.0367 | val_acc=0.8724 val_loss=0.7060 val_f1_macro=0.8422 val_f1_weighted=0.8708 val_prec_macro=0.8395 val_rec_macro=0.8469 val_metric_name=acc val_metric=0.8724
Step 1500 | loss 0.0299 | val_acc=0.8727 val_loss=0.7107 val_f1_macro=0.8408 val_f1_weighted=0.8709 val_prec_macro=0.8377 val_rec_macro=0.8462 val_metric_name=acc val_metric=0.8727
Step 1550 | loss 0.0289 | val_acc=0.8711 val_loss=0.7207 val_f1_macro=0.8411 val_f1_weighted=0.8696 val_prec_macro=0.8374 val_rec_macro=0.8469 val_metric_name=acc val_metric=0.8711
Step 1600 | loss 0.0276 | val_acc=0.8727 val_loss=0.7252 val_f1_macro=0.8419 val_f1_weighted=0.8711 val_prec_macro=0.8388 val_rec_macro=0.8474 val_metric_name=acc val_metric=0.8727
Step 1650 | loss 0.0219 | val_acc=0.8720 val_loss=0.7367 val_f1_macro=0.8412 val_f1_weighted=0.8701 val_prec_macro=0.8387 val_rec_macro=0.8466 val_metric_name=acc val_metric=0.8720
Step 1700 | loss 0.0232 | val_acc=0.8713 val_loss=0.7376 val_f1_macro=0.8400 val_f1_weighted=0.8694 val_prec_macro=0.8376 val_rec_macro=0.8453 val_metric_name=acc val_metric=0.8713
Step 1750 | loss 0.0223 | val_acc=0.8715 val_loss=0.7461 val_f1_macro=0.8400 val_f1_weighted=0.8697 val_prec_macro=0.8363 val_rec_macro=0.8460 val_metric_name=acc val_metric=0.8715
Early stopping at step 1770

--- Final (best ckpt @ step 1470) ---
  train_acc=1.0000 train_loss=0.0009 train_f1_macro=1.0000 train_f1_weighted=1.0000 train_prec_macro=1.0000 train_rec_macro=1.0000 train_metric_name=acc train_metric=1.0000
  val_acc=0.8731 val_loss=0.7101 val_f1_macro=0.8423 val_f1_weighted=0.8713 val_prec_macro=0.8391 val_rec_macro=0.8479 val_metric_name=acc val_metric=0.8731
  test_acc=0.8699 test_loss=0.6886 test_f1_macro=0.8391 test_f1_weighted=0.8677 test_prec_macro=0.8419 test_rec_macro=0.8387 test_metric_name=acc test_metric=0.8699
  test_acc=0.8699

============================================================
Training roman-empire GT-sep 4L h=384 lr=6e-05 split=1
============================================================
Training for 5000 steps
Step    1 | loss 3.0901 | val_acc=0.1986 val_loss=2.6398 val_f1_macro=0.0599 val_f1_weighted=0.1363 val_prec_macro=0.0722 val_rec_macro=0.0845 val_metric_name=acc val_metric=0.1986
Step   50 | loss 1.0655 | val_acc=0.6976 val_loss=0.9403 val_f1_macro=0.5466 val_f1_weighted=0.6628 val_prec_macro=0.5790 val_rec_macro=0.5623 val_metric_name=acc val_metric=0.6976
Step  100 | loss 0.7690 | val_acc=0.7649 val_loss=0.7161 val_f1_macro=0.6545 val_f1_weighted=0.7470 val_prec_macro=0.7464 val_rec_macro=0.6660 val_metric_name=acc val_metric=0.7649
Step  150 | loss 0.6122 | val_acc=0.8002 val_loss=0.6170 val_f1_macro=0.7327 val_f1_weighted=0.7910 val_prec_macro=0.7566 val_rec_macro=0.7370 val_metric_name=acc val_metric=0.8002
Step  200 | loss 0.4848 | val_acc=0.8279 val_loss=0.5581 val_f1_macro=0.7756 val_f1_weighted=0.8232 val_prec_macro=0.7798 val_rec_macro=0.7804 val_metric_name=acc val_metric=0.8279
Step  250 | loss 0.3914 | val_acc=0.8404 val_loss=0.5285 val_f1_macro=0.7980 val_f1_weighted=0.8374 val_prec_macro=0.7955 val_rec_macro=0.8061 val_metric_name=acc val_metric=0.8404
Step  300 | loss 0.3005 | val_acc=0.8512 val_loss=0.5209 val_f1_macro=0.8128 val_f1_weighted=0.8488 val_prec_macro=0.8089 val_rec_macro=0.8211 val_metric_name=acc val_metric=0.8512
Step  350 | loss 0.2335 | val_acc=0.8583 val_loss=0.5298 val_f1_macro=0.8220 val_f1_weighted=0.8562 val_prec_macro=0.8193 val_rec_macro=0.8285 val_metric_name=acc val_metric=0.8583
Step  400 | loss 0.1791 | val_acc=0.8605 val_loss=0.5439 val_f1_macro=0.8246 val_f1_weighted=0.8584 val_prec_macro=0.8224 val_rec_macro=0.8306 val_metric_name=acc val_metric=0.8605
Step  450 | loss 0.1412 | val_acc=0.8635 val_loss=0.5755 val_f1_macro=0.8298 val_f1_weighted=0.8614 val_prec_macro=0.8278 val_rec_macro=0.8353 val_metric_name=acc val_metric=0.8635
Step  500 | loss 0.1015 | val_acc=0.8650 val_loss=0.5995 val_f1_macro=0.8329 val_f1_weighted=0.8629 val_prec_macro=0.8314 val_rec_macro=0.8371 val_metric_name=acc val_metric=0.8650
Step  550 | loss 0.0789 | val_acc=0.8657 val_loss=0.6212 val_f1_macro=0.8341 val_f1_weighted=0.8637 val_prec_macro=0.8338 val_rec_macro=0.8365 val_metric_name=acc val_metric=0.8657
Step  600 | loss 0.0615 | val_acc=0.8671 val_loss=0.6479 val_f1_macro=0.8345 val_f1_weighted=0.8651 val_prec_macro=0.8333 val_rec_macro=0.8382 val_metric_name=acc val_metric=0.8671
Step  650 | loss 0.0516 | val_acc=0.8664 val_loss=0.6641 val_f1_macro=0.8335 val_f1_weighted=0.8645 val_prec_macro=0.8315 val_rec_macro=0.8376 val_metric_name=acc val_metric=0.8664
Step  700 | loss 0.0430 | val_acc=0.8673 val_loss=0.6820 val_f1_macro=0.8360 val_f1_weighted=0.8656 val_prec_macro=0.8329 val_rec_macro=0.8412 val_metric_name=acc val_metric=0.8673
Step  750 | loss 0.0409 | val_acc=0.8710 val_loss=0.6918 val_f1_macro=0.8374 val_f1_weighted=0.8690 val_prec_macro=0.8360 val_rec_macro=0.8417 val_metric_name=acc val_metric=0.8710
Step  800 | loss 0.0311 | val_acc=0.8694 val_loss=0.7141 val_f1_macro=0.8362 val_f1_weighted=0.8675 val_prec_macro=0.8339 val_rec_macro=0.8412 val_metric_name=acc val_metric=0.8694
Step  850 | loss 0.0275 | val_acc=0.8718 val_loss=0.7263 val_f1_macro=0.8385 val_f1_weighted=0.8699 val_prec_macro=0.8365 val_rec_macro=0.8425 val_metric_name=acc val_metric=0.8718
Step  900 | loss 0.0243 | val_acc=0.8717 val_loss=0.7420 val_f1_macro=0.8385 val_f1_weighted=0.8697 val_prec_macro=0.8354 val_rec_macro=0.8446 val_metric_name=acc val_metric=0.8717
Step  950 | loss 0.0222 | val_acc=0.8710 val_loss=0.7480 val_f1_macro=0.8418 val_f1_weighted=0.8695 val_prec_macro=0.8388 val_rec_macro=0.8469 val_metric_name=acc val_metric=0.8710
Step 1000 | loss 0.0202 | val_acc=0.8715 val_loss=0.7635 val_f1_macro=0.8392 val_f1_weighted=0.8695 val_prec_macro=0.8368 val_rec_macro=0.8442 val_metric_name=acc val_metric=0.8715
Step 1050 | loss 0.0192 | val_acc=0.8697 val_loss=0.7657 val_f1_macro=0.8379 val_f1_weighted=0.8680 val_prec_macro=0.8354 val_rec_macro=0.8425 val_metric_name=acc val_metric=0.8697
Step 1100 | loss 0.0148 | val_acc=0.8740 val_loss=0.7753 val_f1_macro=0.8417 val_f1_weighted=0.8719 val_prec_macro=0.8392 val_rec_macro=0.8469 val_metric_name=acc val_metric=0.8740
Step 1150 | loss 0.0145 | val_acc=0.8738 val_loss=0.7854 val_f1_macro=0.8410 val_f1_weighted=0.8718 val_prec_macro=0.8385 val_rec_macro=0.8466 val_metric_name=acc val_metric=0.8738
Step 1200 | loss 0.0122 | val_acc=0.8750 val_loss=0.7896 val_f1_macro=0.8448 val_f1_weighted=0.8733 val_prec_macro=0.8419 val_rec_macro=0.8496 val_metric_name=acc val_metric=0.8750
Step 1250 | loss 0.0123 | val_acc=0.8748 val_loss=0.7974 val_f1_macro=0.8433 val_f1_weighted=0.8730 val_prec_macro=0.8406 val_rec_macro=0.8486 val_metric_name=acc val_metric=0.8748
Step 1300 | loss 0.0105 | val_acc=0.8736 val_loss=0.8084 val_f1_macro=0.8428 val_f1_weighted=0.8718 val_prec_macro=0.8410 val_rec_macro=0.8465 val_metric_name=acc val_metric=0.8736
Step 1350 | loss 0.0109 | val_acc=0.8754 val_loss=0.8148 val_f1_macro=0.8443 val_f1_weighted=0.8736 val_prec_macro=0.8421 val_rec_macro=0.8493 val_metric_name=acc val_metric=0.8754
Step 1400 | loss 0.0094 | val_acc=0.8748 val_loss=0.8179 val_f1_macro=0.8436 val_f1_weighted=0.8730 val_prec_macro=0.8403 val_rec_macro=0.8496 val_metric_name=acc val_metric=0.8748
Step 1450 | loss 0.0093 | val_acc=0.8750 val_loss=0.8256 val_f1_macro=0.8446 val_f1_weighted=0.8732 val_prec_macro=0.8425 val_rec_macro=0.8486 val_metric_name=acc val_metric=0.8750
Step 1500 | loss 0.0090 | val_acc=0.8764 val_loss=0.8313 val_f1_macro=0.8459 val_f1_weighted=0.8748 val_prec_macro=0.8438 val_rec_macro=0.8502 val_metric_name=acc val_metric=0.8764
Step 1550 | loss 0.0073 | val_acc=0.8743 val_loss=0.8370 val_f1_macro=0.8426 val_f1_weighted=0.8725 val_prec_macro=0.8404 val_rec_macro=0.8470 val_metric_name=acc val_metric=0.8743
Step 1600 | loss 0.0087 | val_acc=0.8759 val_loss=0.8390 val_f1_macro=0.8442 val_f1_weighted=0.8739 val_prec_macro=0.8425 val_rec_macro=0.8486 val_metric_name=acc val_metric=0.8759
Step 1650 | loss 0.0060 | val_acc=0.8761 val_loss=0.8481 val_f1_macro=0.8461 val_f1_weighted=0.8744 val_prec_macro=0.8444 val_rec_macro=0.8503 val_metric_name=acc val_metric=0.8761
Step 1700 | loss 0.0055 | val_acc=0.8787 val_loss=0.8469 val_f1_macro=0.8490 val_f1_weighted=0.8771 val_prec_macro=0.8479 val_rec_macro=0.8526 val_metric_name=acc val_metric=0.8787
Step 1750 | loss 0.0062 | val_acc=0.8750 val_loss=0.8607 val_f1_macro=0.8441 val_f1_weighted=0.8730 val_prec_macro=0.8422 val_rec_macro=0.8483 val_metric_name=acc val_metric=0.8750
Step 1800 | loss 0.0063 | val_acc=0.8761 val_loss=0.8668 val_f1_macro=0.8444 val_f1_weighted=0.8741 val_prec_macro=0.8432 val_rec_macro=0.8482 val_metric_name=acc val_metric=0.8761
Step 1850 | loss 0.0047 | val_acc=0.8756 val_loss=0.8739 val_f1_macro=0.8447 val_f1_weighted=0.8739 val_prec_macro=0.8428 val_rec_macro=0.8486 val_metric_name=acc val_metric=0.8756
Step 1900 | loss 0.0062 | val_acc=0.8729 val_loss=0.8878 val_f1_macro=0.8405 val_f1_weighted=0.8707 val_prec_macro=0.8367 val_rec_macro=0.8468 val_metric_name=acc val_metric=0.8729
Step 1950 | loss 0.0055 | val_acc=0.8748 val_loss=0.8825 val_f1_macro=0.8427 val_f1_weighted=0.8728 val_prec_macro=0.8397 val_rec_macro=0.8481 val_metric_name=acc val_metric=0.8748
Step 2000 | loss 0.0050 | val_acc=0.8738 val_loss=0.8854 val_f1_macro=0.8424 val_f1_weighted=0.8722 val_prec_macro=0.8396 val_rec_macro=0.8471 val_metric_name=acc val_metric=0.8738
Early stopping at step 2000

--- Final (best ckpt @ step 1700) ---
  train_acc=1.0000 train_loss=0.0001 train_f1_macro=1.0000 train_f1_weighted=1.0000 train_prec_macro=1.0000 train_rec_macro=1.0000 train_metric_name=acc train_metric=1.0000
  val_acc=0.8787 val_loss=0.8469 val_f1_macro=0.8490 val_f1_weighted=0.8771 val_prec_macro=0.8479 val_rec_macro=0.8526 val_metric_name=acc val_metric=0.8787
  test_acc=0.8770 test_loss=0.8233 test_f1_macro=0.8450 test_f1_weighted=0.8752 test_prec_macro=0.8473 test_rec_macro=0.8451 test_metric_name=acc test_metric=0.8770
  test_acc=0.8770

============================================================
Training roman-empire GT-sep 4L h=384 lr=0.0001 split=1
============================================================
Training for 5000 steps
Step    1 | loss 3.0901 | val_acc=0.2556 val_loss=2.4854 val_f1_macro=0.0561 val_f1_weighted=0.1355 val_prec_macro=0.0458 val_rec_macro=0.1036 val_metric_name=acc val_metric=0.2556
Step   50 | loss 0.8876 | val_acc=0.7319 val_loss=0.8109 val_f1_macro=0.6055 val_f1_weighted=0.7102 val_prec_macro=0.6626 val_rec_macro=0.6166 val_metric_name=acc val_metric=0.7319
Step  100 | loss 0.6086 | val_acc=0.7996 val_loss=0.6207 val_f1_macro=0.7291 val_f1_weighted=0.7898 val_prec_macro=0.7568 val_rec_macro=0.7334 val_metric_name=acc val_metric=0.7996
Step  150 | loss 0.4372 | val_acc=0.8339 val_loss=0.5449 val_f1_macro=0.7904 val_f1_weighted=0.8297 val_prec_macro=0.7910 val_rec_macro=0.7967 val_metric_name=acc val_metric=0.8339
Step  200 | loss 0.2970 | val_acc=0.8528 val_loss=0.5159 val_f1_macro=0.8145 val_f1_weighted=0.8505 val_prec_macro=0.8107 val_rec_macro=0.8217 val_metric_name=acc val_metric=0.8528
Step  250 | loss 0.1954 | val_acc=0.8602 val_loss=0.5404 val_f1_macro=0.8234 val_f1_weighted=0.8580 val_prec_macro=0.8203 val_rec_macro=0.8300 val_metric_name=acc val_metric=0.8602
Step  300 | loss 0.1249 | val_acc=0.8650 val_loss=0.5790 val_f1_macro=0.8321 val_f1_weighted=0.8628 val_prec_macro=0.8290 val_rec_macro=0.8385 val_metric_name=acc val_metric=0.8650
Step  350 | loss 0.0869 | val_acc=0.8643 val_loss=0.6179 val_f1_macro=0.8342 val_f1_weighted=0.8632 val_prec_macro=0.8320 val_rec_macro=0.8392 val_metric_name=acc val_metric=0.8643
Step  400 | loss 0.0616 | val_acc=0.8674 val_loss=0.6503 val_f1_macro=0.8367 val_f1_weighted=0.8658 val_prec_macro=0.8356 val_rec_macro=0.8399 val_metric_name=acc val_metric=0.8674
Step  450 | loss 0.0483 | val_acc=0.8687 val_loss=0.6927 val_f1_macro=0.8364 val_f1_weighted=0.8666 val_prec_macro=0.8349 val_rec_macro=0.8407 val_metric_name=acc val_metric=0.8687
Step  500 | loss 0.0325 | val_acc=0.8708 val_loss=0.7025 val_f1_macro=0.8399 val_f1_weighted=0.8692 val_prec_macro=0.8385 val_rec_macro=0.8431 val_metric_name=acc val_metric=0.8708
Step  550 | loss 0.0264 | val_acc=0.8710 val_loss=0.7300 val_f1_macro=0.8378 val_f1_weighted=0.8685 val_prec_macro=0.8363 val_rec_macro=0.8421 val_metric_name=acc val_metric=0.8710
Step  600 | loss 0.0224 | val_acc=0.8729 val_loss=0.7454 val_f1_macro=0.8416 val_f1_weighted=0.8708 val_prec_macro=0.8411 val_rec_macro=0.8442 val_metric_name=acc val_metric=0.8729
Step  650 | loss 0.0189 | val_acc=0.8706 val_loss=0.7522 val_f1_macro=0.8383 val_f1_weighted=0.8686 val_prec_macro=0.8372 val_rec_macro=0.8415 val_metric_name=acc val_metric=0.8706
Step  700 | loss 0.0161 | val_acc=0.8711 val_loss=0.7731 val_f1_macro=0.8385 val_f1_weighted=0.8693 val_prec_macro=0.8365 val_rec_macro=0.8427 val_metric_name=acc val_metric=0.8711
Step  750 | loss 0.0159 | val_acc=0.8736 val_loss=0.7816 val_f1_macro=0.8394 val_f1_weighted=0.8714 val_prec_macro=0.8386 val_rec_macro=0.8432 val_metric_name=acc val_metric=0.8736
Step  800 | loss 0.0129 | val_acc=0.8727 val_loss=0.7982 val_f1_macro=0.8395 val_f1_weighted=0.8709 val_prec_macro=0.8377 val_rec_macro=0.8432 val_metric_name=acc val_metric=0.8727
Step  850 | loss 0.0122 | val_acc=0.8720 val_loss=0.8159 val_f1_macro=0.8387 val_f1_weighted=0.8698 val_prec_macro=0.8375 val_rec_macro=0.8420 val_metric_name=acc val_metric=0.8720
Step  900 | loss 0.0095 | val_acc=0.8740 val_loss=0.8181 val_f1_macro=0.8400 val_f1_weighted=0.8717 val_prec_macro=0.8384 val_rec_macro=0.8442 val_metric_name=acc val_metric=0.8740
Step  950 | loss 0.0094 | val_acc=0.8731 val_loss=0.8251 val_f1_macro=0.8413 val_f1_weighted=0.8717 val_prec_macro=0.8373 val_rec_macro=0.8473 val_metric_name=acc val_metric=0.8731
Step 1000 | loss 0.0083 | val_acc=0.8708 val_loss=0.8454 val_f1_macro=0.8348 val_f1_weighted=0.8683 val_prec_macro=0.8320 val_rec_macro=0.8408 val_metric_name=acc val_metric=0.8708
Step 1050 | loss 0.0087 | val_acc=0.8738 val_loss=0.8359 val_f1_macro=0.8418 val_f1_weighted=0.8717 val_prec_macro=0.8406 val_rec_macro=0.8452 val_metric_name=acc val_metric=0.8738
Step 1100 | loss 0.0063 | val_acc=0.8740 val_loss=0.8537 val_f1_macro=0.8408 val_f1_weighted=0.8717 val_prec_macro=0.8371 val_rec_macro=0.8470 val_metric_name=acc val_metric=0.8740
Step 1150 | loss 0.0067 | val_acc=0.8729 val_loss=0.8534 val_f1_macro=0.8404 val_f1_weighted=0.8708 val_prec_macro=0.8382 val_rec_macro=0.8453 val_metric_name=acc val_metric=0.8729
Step 1200 | loss 0.0048 | val_acc=0.8759 val_loss=0.8600 val_f1_macro=0.8452 val_f1_weighted=0.8742 val_prec_macro=0.8419 val_rec_macro=0.8501 val_metric_name=acc val_metric=0.8759
Step 1250 | loss 0.0058 | val_acc=0.8743 val_loss=0.8658 val_f1_macro=0.8419 val_f1_weighted=0.8722 val_prec_macro=0.8401 val_rec_macro=0.8459 val_metric_name=acc val_metric=0.8743
Step 1300 | loss 0.0048 | val_acc=0.8752 val_loss=0.8752 val_f1_macro=0.8452 val_f1_weighted=0.8735 val_prec_macro=0.8422 val_rec_macro=0.8501 val_metric_name=acc val_metric=0.8752
Step 1350 | loss 0.0053 | val_acc=0.8770 val_loss=0.8863 val_f1_macro=0.8452 val_f1_weighted=0.8751 val_prec_macro=0.8418 val_rec_macro=0.8508 val_metric_name=acc val_metric=0.8770
Step 1400 | loss 0.0044 | val_acc=0.8734 val_loss=0.8868 val_f1_macro=0.8429 val_f1_weighted=0.8715 val_prec_macro=0.8394 val_rec_macro=0.8487 val_metric_name=acc val_metric=0.8734
Step 1450 | loss 0.0039 | val_acc=0.8741 val_loss=0.8917 val_f1_macro=0.8412 val_f1_weighted=0.8721 val_prec_macro=0.8383 val_rec_macro=0.8461 val_metric_name=acc val_metric=0.8741
Step 1500 | loss 0.0045 | val_acc=0.8768 val_loss=0.9013 val_f1_macro=0.8452 val_f1_weighted=0.8745 val_prec_macro=0.8436 val_rec_macro=0.8491 val_metric_name=acc val_metric=0.8768
Step 1550 | loss 0.0044 | val_acc=0.8766 val_loss=0.9006 val_f1_macro=0.8437 val_f1_weighted=0.8744 val_prec_macro=0.8438 val_rec_macro=0.8457 val_metric_name=acc val_metric=0.8766
Step 1600 | loss 0.0047 | val_acc=0.8763 val_loss=0.9078 val_f1_macro=0.8448 val_f1_weighted=0.8744 val_prec_macro=0.8417 val_rec_macro=0.8502 val_metric_name=acc val_metric=0.8763
Step 1650 | loss 0.0030 | val_acc=0.8782 val_loss=0.9055 val_f1_macro=0.8476 val_f1_weighted=0.8763 val_prec_macro=0.8466 val_rec_macro=0.8510 val_metric_name=acc val_metric=0.8782
Step 1700 | loss 0.0028 | val_acc=0.8771 val_loss=0.9075 val_f1_macro=0.8464 val_f1_weighted=0.8754 val_prec_macro=0.8442 val_rec_macro=0.8511 val_metric_name=acc val_metric=0.8771
Step 1750 | loss 0.0030 | val_acc=0.8778 val_loss=0.9206 val_f1_macro=0.8467 val_f1_weighted=0.8757 val_prec_macro=0.8474 val_rec_macro=0.8482 val_metric_name=acc val_metric=0.8778
Step 1800 | loss 0.0031 | val_acc=0.8768 val_loss=0.9259 val_f1_macro=0.8446 val_f1_weighted=0.8745 val_prec_macro=0.8432 val_rec_macro=0.8488 val_metric_name=acc val_metric=0.8768
Step 1850 | loss 0.0021 | val_acc=0.8763 val_loss=0.9391 val_f1_macro=0.8450 val_f1_weighted=0.8742 val_prec_macro=0.8421 val_rec_macro=0.8503 val_metric_name=acc val_metric=0.8763
Step 1900 | loss 0.0034 | val_acc=0.8766 val_loss=0.9419 val_f1_macro=0.8456 val_f1_weighted=0.8746 val_prec_macro=0.8428 val_rec_macro=0.8503 val_metric_name=acc val_metric=0.8766
Step 1950 | loss 0.0028 | val_acc=0.8787 val_loss=0.9331 val_f1_macro=0.8469 val_f1_weighted=0.8768 val_prec_macro=0.8441 val_rec_macro=0.8517 val_metric_name=acc val_metric=0.8787
Step 2000 | loss 0.0028 | val_acc=0.8784 val_loss=0.9361 val_f1_macro=0.8465 val_f1_weighted=0.8767 val_prec_macro=0.8437 val_rec_macro=0.8513 val_metric_name=acc val_metric=0.8784
Step 2050 | loss 0.0021 | val_acc=0.8773 val_loss=0.9369 val_f1_macro=0.8470 val_f1_weighted=0.8754 val_prec_macro=0.8455 val_rec_macro=0.8505 val_metric_name=acc val_metric=0.8773
Step 2100 | loss 0.0017 | val_acc=0.8786 val_loss=0.9359 val_f1_macro=0.8475 val_f1_weighted=0.8772 val_prec_macro=0.8440 val_rec_macro=0.8526 val_metric_name=acc val_metric=0.8786
Step 2150 | loss 0.0022 | val_acc=0.8766 val_loss=0.9534 val_f1_macro=0.8447 val_f1_weighted=0.8747 val_prec_macro=0.8427 val_rec_macro=0.8484 val_metric_name=acc val_metric=0.8766
Step 2200 | loss 0.0016 | val_acc=0.8796 val_loss=0.9433 val_f1_macro=0.8462 val_f1_weighted=0.8774 val_prec_macro=0.8459 val_rec_macro=0.8485 val_metric_name=acc val_metric=0.8796
Step 2250 | loss 0.0030 | val_acc=0.8789 val_loss=0.9464 val_f1_macro=0.8465 val_f1_weighted=0.8770 val_prec_macro=0.8461 val_rec_macro=0.8490 val_metric_name=acc val_metric=0.8789
Step 2300 | loss 0.0020 | val_acc=0.8777 val_loss=0.9677 val_f1_macro=0.8429 val_f1_weighted=0.8753 val_prec_macro=0.8382 val_rec_macro=0.8503 val_metric_name=acc val_metric=0.8777
Step 2350 | loss 0.0017 | val_acc=0.8773 val_loss=0.9681 val_f1_macro=0.8437 val_f1_weighted=0.8751 val_prec_macro=0.8411 val_rec_macro=0.8496 val_metric_name=acc val_metric=0.8773
Early stopping at step 2360

--- Final (best ckpt @ step 2060) ---
  train_acc=1.0000 train_loss=0.0000 train_f1_macro=1.0000 train_f1_weighted=1.0000 train_prec_macro=1.0000 train_rec_macro=1.0000 train_metric_name=acc train_metric=1.0000
  val_acc=0.8814 val_loss=0.9311 val_f1_macro=0.8510 val_f1_weighted=0.8797 val_prec_macro=0.8481 val_rec_macro=0.8560 val_metric_name=acc val_metric=0.8814
  test_acc=0.8766 test_loss=0.9186 test_f1_macro=0.8468 test_f1_weighted=0.8747 test_prec_macro=0.8476 test_rec_macro=0.8474 test_metric_name=acc test_metric=0.8766
  test_acc=0.8766

============================================================
Training roman-empire GT-sep 4L h=384 lr=1e-05 split=1
============================================================
Training for 5000 steps
Step    1 | loss 3.0901 | val_acc=0.0477 val_loss=3.0259 val_f1_macro=0.0326 val_f1_weighted=0.0528 val_prec_macro=0.0746 val_rec_macro=0.0553 val_metric_name=acc val_metric=0.0477
Step   50 | loss 1.9657 | val_acc=0.4895 val_loss=1.7444 val_f1_macro=0.2235 val_f1_weighted=0.4041 val_prec_macro=0.2436 val_rec_macro=0.2549 val_metric_name=acc val_metric=0.4895
Step  100 | loss 1.5350 | val_acc=0.5751 val_loss=1.3236 val_f1_macro=0.3368 val_f1_weighted=0.5126 val_prec_macro=0.4374 val_rec_macro=0.3484 val_metric_name=acc val_metric=0.5751
Step  150 | loss 1.3024 | val_acc=0.6447 val_loss=1.1092 val_f1_macro=0.4689 val_f1_weighted=0.5992 val_prec_macro=0.5319 val_rec_macro=0.4706 val_metric_name=acc val_metric=0.6447
Step  200 | loss 1.1509 | val_acc=0.6849 val_loss=0.9881 val_f1_macro=0.5253 val_f1_weighted=0.6453 val_prec_macro=0.5974 val_rec_macro=0.5361 val_metric_name=acc val_metric=0.6849
Step  250 | loss 1.0495 | val_acc=0.7049 val_loss=0.9073 val_f1_macro=0.5607 val_f1_weighted=0.6713 val_prec_macro=0.6021 val_rec_macro=0.5716 val_metric_name=acc val_metric=0.7049
Step  300 | loss 0.9634 | val_acc=0.7223 val_loss=0.8474 val_f1_macro=0.5863 val_f1_weighted=0.6942 val_prec_macro=0.6687 val_rec_macro=0.5983 val_metric_name=acc val_metric=0.7223
Step  350 | loss 0.9069 | val_acc=0.7356 val_loss=0.8011 val_f1_macro=0.6089 val_f1_weighted=0.7117 val_prec_macro=0.6795 val_rec_macro=0.6193 val_metric_name=acc val_metric=0.7356
Step  400 | loss 0.8489 | val_acc=0.7477 val_loss=0.7630 val_f1_macro=0.6306 val_f1_weighted=0.7273 val_prec_macro=0.6745 val_rec_macro=0.6429 val_metric_name=acc val_metric=0.7477
Step  450 | loss 0.8063 | val_acc=0.7587 val_loss=0.7322 val_f1_macro=0.6479 val_f1_weighted=0.7406 val_prec_macro=0.7155 val_rec_macro=0.6586 val_metric_name=acc val_metric=0.7587
Step  500 | loss 0.7606 | val_acc=0.7679 val_loss=0.7055 val_f1_macro=0.6655 val_f1_weighted=0.7514 val_prec_macro=0.7215 val_rec_macro=0.6737 val_metric_name=acc val_metric=0.7679
Step  550 | loss 0.7265 | val_acc=0.7763 val_loss=0.6825 val_f1_macro=0.6856 val_f1_weighted=0.7622 val_prec_macro=0.7389 val_rec_macro=0.6916 val_metric_name=acc val_metric=0.7763
Step  600 | loss 0.6944 | val_acc=0.7861 val_loss=0.6619 val_f1_macro=0.7071 val_f1_weighted=0.7738 val_prec_macro=0.7518 val_rec_macro=0.7116 val_metric_name=acc val_metric=0.7861
Step  650 | loss 0.6646 | val_acc=0.7928 val_loss=0.6432 val_f1_macro=0.7162 val_f1_weighted=0.7814 val_prec_macro=0.7530 val_rec_macro=0.7210 val_metric_name=acc val_metric=0.7928
Step  700 | loss 0.6328 | val_acc=0.7986 val_loss=0.6273 val_f1_macro=0.7295 val_f1_weighted=0.7888 val_prec_macro=0.7609 val_rec_macro=0.7337 val_metric_name=acc val_metric=0.7986
Step  750 | loss 0.6062 | val_acc=0.8053 val_loss=0.6117 val_f1_macro=0.7418 val_f1_weighted=0.7965 val_prec_macro=0.7662 val_rec_macro=0.7448 val_metric_name=acc val_metric=0.8053
Step  800 | loss 0.5778 | val_acc=0.8074 val_loss=0.5980 val_f1_macro=0.7433 val_f1_weighted=0.7996 val_prec_macro=0.7579 val_rec_macro=0.7484 val_metric_name=acc val_metric=0.8074
Step  850 | loss 0.5545 | val_acc=0.8147 val_loss=0.5855 val_f1_macro=0.7567 val_f1_weighted=0.8078 val_prec_macro=0.7686 val_rec_macro=0.7606 val_metric_name=acc val_metric=0.8147
Step  900 | loss 0.5330 | val_acc=0.8177 val_loss=0.5744 val_f1_macro=0.7633 val_f1_weighted=0.8115 val_prec_macro=0.7709 val_rec_macro=0.7684 val_metric_name=acc val_metric=0.8177
Step  950 | loss 0.5017 | val_acc=0.8245 val_loss=0.5632 val_f1_macro=0.7718 val_f1_weighted=0.8188 val_prec_macro=0.7783 val_rec_macro=0.7762 val_metric_name=acc val_metric=0.8245
Step 1000 | loss 0.4898 | val_acc=0.8286 val_loss=0.5559 val_f1_macro=0.7800 val_f1_weighted=0.8235 val_prec_macro=0.7839 val_rec_macro=0.7861 val_metric_name=acc val_metric=0.8286
Step 1050 | loss 0.4682 | val_acc=0.8337 val_loss=0.5482 val_f1_macro=0.7870 val_f1_weighted=0.8292 val_prec_macro=0.7905 val_rec_macro=0.7926 val_metric_name=acc val_metric=0.8337
Step 1100 | loss 0.4373 | val_acc=0.8372 val_loss=0.5397 val_f1_macro=0.7940 val_f1_weighted=0.8330 val_prec_macro=0.7956 val_rec_macro=0.8002 val_metric_name=acc val_metric=0.8372
Step 1150 | loss 0.4211 | val_acc=0.8397 val_loss=0.5344 val_f1_macro=0.7971 val_f1_weighted=0.8358 val_prec_macro=0.7979 val_rec_macro=0.8034 val_metric_name=acc val_metric=0.8397
Step 1200 | loss 0.4050 | val_acc=0.8422 val_loss=0.5286 val_f1_macro=0.8007 val_f1_weighted=0.8386 val_prec_macro=0.8004 val_rec_macro=0.8075 val_metric_name=acc val_metric=0.8422
Step 1250 | loss 0.3831 | val_acc=0.8455 val_loss=0.5252 val_f1_macro=0.8055 val_f1_weighted=0.8423 val_prec_macro=0.8041 val_rec_macro=0.8127 val_metric_name=acc val_metric=0.8455
Step 1300 | loss 0.3650 | val_acc=0.8466 val_loss=0.5220 val_f1_macro=0.8065 val_f1_weighted=0.8436 val_prec_macro=0.8043 val_rec_macro=0.8137 val_metric_name=acc val_metric=0.8466
Step 1350 | loss 0.3522 | val_acc=0.8498 val_loss=0.5186 val_f1_macro=0.8106 val_f1_weighted=0.8471 val_prec_macro=0.8071 val_rec_macro=0.8188 val_metric_name=acc val_metric=0.8498
Step 1400 | loss 0.3391 | val_acc=0.8523 val_loss=0.5173 val_f1_macro=0.8128 val_f1_weighted=0.8496 val_prec_macro=0.8087 val_rec_macro=0.8214 val_metric_name=acc val_metric=0.8523
Step 1450 | loss 0.3215 | val_acc=0.8545 val_loss=0.5157 val_f1_macro=0.8159 val_f1_weighted=0.8521 val_prec_macro=0.8118 val_rec_macro=0.8249 val_metric_name=acc val_metric=0.8545
Step 1500 | loss 0.3026 | val_acc=0.8563 val_loss=0.5154 val_f1_macro=0.8179 val_f1_weighted=0.8538 val_prec_macro=0.8139 val_rec_macro=0.8265 val_metric_name=acc val_metric=0.8563
Step 1550 | loss 0.2884 | val_acc=0.8575 val_loss=0.5158 val_f1_macro=0.8195 val_f1_weighted=0.8553 val_prec_macro=0.8146 val_rec_macro=0.8288 val_metric_name=acc val_metric=0.8575
Step 1600 | loss 0.2743 | val_acc=0.8575 val_loss=0.5165 val_f1_macro=0.8192 val_f1_weighted=0.8554 val_prec_macro=0.8143 val_rec_macro=0.8281 val_metric_name=acc val_metric=0.8575
Step 1650 | loss 0.2548 | val_acc=0.8600 val_loss=0.5203 val_f1_macro=0.8216 val_f1_weighted=0.8578 val_prec_macro=0.8174 val_rec_macro=0.8303 val_metric_name=acc val_metric=0.8600
Step 1700 | loss 0.2503 | val_acc=0.8591 val_loss=0.5213 val_f1_macro=0.8218 val_f1_weighted=0.8570 val_prec_macro=0.8181 val_rec_macro=0.8298 val_metric_name=acc val_metric=0.8591
Step 1750 | loss 0.2452 | val_acc=0.8602 val_loss=0.5218 val_f1_macro=0.8230 val_f1_weighted=0.8582 val_prec_macro=0.8190 val_rec_macro=0.8309 val_metric_name=acc val_metric=0.8602
Step 1800 | loss 0.2306 | val_acc=0.8628 val_loss=0.5265 val_f1_macro=0.8264 val_f1_weighted=0.8611 val_prec_macro=0.8221 val_rec_macro=0.8349 val_metric_name=acc val_metric=0.8628
Step 1850 | loss 0.2136 | val_acc=0.8639 val_loss=0.5273 val_f1_macro=0.8278 val_f1_weighted=0.8622 val_prec_macro=0.8242 val_rec_macro=0.8352 val_metric_name=acc val_metric=0.8639
Step 1900 | loss 0.2034 | val_acc=0.8639 val_loss=0.5320 val_f1_macro=0.8286 val_f1_weighted=0.8622 val_prec_macro=0.8251 val_rec_macro=0.8356 val_metric_name=acc val_metric=0.8639
Step 1950 | loss 0.1940 | val_acc=0.8639 val_loss=0.5336 val_f1_macro=0.8286 val_f1_weighted=0.8623 val_prec_macro=0.8255 val_rec_macro=0.8351 val_metric_name=acc val_metric=0.8639
Step 2000 | loss 0.1850 | val_acc=0.8650 val_loss=0.5399 val_f1_macro=0.8288 val_f1_weighted=0.8633 val_prec_macro=0.8259 val_rec_macro=0.8351 val_metric_name=acc val_metric=0.8650
Step 2050 | loss 0.1769 | val_acc=0.8653 val_loss=0.5427 val_f1_macro=0.8305 val_f1_weighted=0.8637 val_prec_macro=0.8271 val_rec_macro=0.8371 val_metric_name=acc val_metric=0.8653
Step 2100 | loss 0.1627 | val_acc=0.8662 val_loss=0.5474 val_f1_macro=0.8306 val_f1_weighted=0.8646 val_prec_macro=0.8266 val_rec_macro=0.8379 val_metric_name=acc val_metric=0.8662
Step 2150 | loss 0.1567 | val_acc=0.8660 val_loss=0.5523 val_f1_macro=0.8311 val_f1_weighted=0.8644 val_prec_macro=0.8277 val_rec_macro=0.8379 val_metric_name=acc val_metric=0.8660
Step 2200 | loss 0.1472 | val_acc=0.8673 val_loss=0.5584 val_f1_macro=0.8329 val_f1_weighted=0.8655 val_prec_macro=0.8296 val_rec_macro=0.8394 val_metric_name=acc val_metric=0.8673
Step 2250 | loss 0.1410 | val_acc=0.8667 val_loss=0.5629 val_f1_macro=0.8327 val_f1_weighted=0.8650 val_prec_macro=0.8295 val_rec_macro=0.8392 val_metric_name=acc val_metric=0.8667
Step 2300 | loss 0.1311 | val_acc=0.8657 val_loss=0.5691 val_f1_macro=0.8304 val_f1_weighted=0.8639 val_prec_macro=0.8266 val_rec_macro=0.8376 val_metric_name=acc val_metric=0.8657
Step 2350 | loss 0.1239 | val_acc=0.8671 val_loss=0.5702 val_f1_macro=0.8346 val_f1_weighted=0.8653 val_prec_macro=0.8333 val_rec_macro=0.8389 val_metric_name=acc val_metric=0.8671
Step 2400 | loss 0.1250 | val_acc=0.8678 val_loss=0.5785 val_f1_macro=0.8353 val_f1_weighted=0.8660 val_prec_macro=0.8330 val_rec_macro=0.8403 val_metric_name=acc val_metric=0.8678
Step 2450 | loss 0.1163 | val_acc=0.8665 val_loss=0.5801 val_f1_macro=0.8335 val_f1_weighted=0.8648 val_prec_macro=0.8320 val_rec_macro=0.8379 val_metric_name=acc val_metric=0.8665
Step 2500 | loss 0.1148 | val_acc=0.8687 val_loss=0.5878 val_f1_macro=0.8356 val_f1_weighted=0.8670 val_prec_macro=0.8335 val_rec_macro=0.8404 val_metric_name=acc val_metric=0.8687
Step 2550 | loss 0.1016 | val_acc=0.8688 val_loss=0.5910 val_f1_macro=0.8362 val_f1_weighted=0.8672 val_prec_macro=0.8345 val_rec_macro=0.8407 val_metric_name=acc val_metric=0.8688
Step 2600 | loss 0.1025 | val_acc=0.8692 val_loss=0.5958 val_f1_macro=0.8368 val_f1_weighted=0.8675 val_prec_macro=0.8341 val_rec_macro=0.8422 val_metric_name=acc val_metric=0.8692
Step 2650 | loss 0.0951 | val_acc=0.8701 val_loss=0.6012 val_f1_macro=0.8376 val_f1_weighted=0.8684 val_prec_macro=0.8356 val_rec_macro=0.8421 val_metric_name=acc val_metric=0.8701
Step 2700 | loss 0.0898 | val_acc=0.8692 val_loss=0.6091 val_f1_macro=0.8369 val_f1_weighted=0.8675 val_prec_macro=0.8337 val_rec_macro=0.8425 val_metric_name=acc val_metric=0.8692
Step 2750 | loss 0.0848 | val_acc=0.8710 val_loss=0.6109 val_f1_macro=0.8389 val_f1_weighted=0.8692 val_prec_macro=0.8369 val_rec_macro=0.8435 val_metric_name=acc val_metric=0.8710
Step 2800 | loss 0.0860 | val_acc=0.8706 val_loss=0.6185 val_f1_macro=0.8379 val_f1_weighted=0.8689 val_prec_macro=0.8349 val_rec_macro=0.8435 val_metric_name=acc val_metric=0.8706
Step 2850 | loss 0.0754 | val_acc=0.8708 val_loss=0.6194 val_f1_macro=0.8386 val_f1_weighted=0.8691 val_prec_macro=0.8362 val_rec_macro=0.8434 val_metric_name=acc val_metric=0.8708
Step 2900 | loss 0.0809 | val_acc=0.8708 val_loss=0.6257 val_f1_macro=0.8397 val_f1_weighted=0.8691 val_prec_macro=0.8363 val_rec_macro=0.8454 val_metric_name=acc val_metric=0.8708
Step 2950 | loss 0.0740 | val_acc=0.8703 val_loss=0.6311 val_f1_macro=0.8390 val_f1_weighted=0.8685 val_prec_macro=0.8359 val_rec_macro=0.8447 val_metric_name=acc val_metric=0.8703
Step 3000 | loss 0.0688 | val_acc=0.8720 val_loss=0.6337 val_f1_macro=0.8407 val_f1_weighted=0.8703 val_prec_macro=0.8389 val_rec_macro=0.8452 val_metric_name=acc val_metric=0.8720
Step 3050 | loss 0.0657 | val_acc=0.8727 val_loss=0.6368 val_f1_macro=0.8432 val_f1_weighted=0.8712 val_prec_macro=0.8409 val_rec_macro=0.8477 val_metric_name=acc val_metric=0.8727
Step 3100 | loss 0.0631 | val_acc=0.8720 val_loss=0.6431 val_f1_macro=0.8421 val_f1_weighted=0.8704 val_prec_macro=0.8397 val_rec_macro=0.8466 val_metric_name=acc val_metric=0.8720
Step 3150 | loss 0.0631 | val_acc=0.8734 val_loss=0.6489 val_f1_macro=0.8434 val_f1_weighted=0.8718 val_prec_macro=0.8412 val_rec_macro=0.8479 val_metric_name=acc val_metric=0.8734
Step 3200 | loss 0.0594 | val_acc=0.8727 val_loss=0.6527 val_f1_macro=0.8421 val_f1_weighted=0.8711 val_prec_macro=0.8397 val_rec_macro=0.8468 val_metric_name=acc val_metric=0.8727
Step 3250 | loss 0.0577 | val_acc=0.8724 val_loss=0.6557 val_f1_macro=0.8424 val_f1_weighted=0.8709 val_prec_macro=0.8387 val_rec_macro=0.8486 val_metric_name=acc val_metric=0.8724
Step 3300 | loss 0.0503 | val_acc=0.8734 val_loss=0.6622 val_f1_macro=0.8433 val_f1_weighted=0.8718 val_prec_macro=0.8406 val_rec_macro=0.8485 val_metric_name=acc val_metric=0.8734
Step 3350 | loss 0.0499 | val_acc=0.8727 val_loss=0.6644 val_f1_macro=0.8424 val_f1_weighted=0.8711 val_prec_macro=0.8399 val_rec_macro=0.8472 val_metric_name=acc val_metric=0.8727
Step 3400 | loss 0.0474 | val_acc=0.8727 val_loss=0.6665 val_f1_macro=0.8421 val_f1_weighted=0.8714 val_prec_macro=0.8383 val_rec_macro=0.8478 val_metric_name=acc val_metric=0.8727
Step 3450 | loss 0.0475 | val_acc=0.8726 val_loss=0.6708 val_f1_macro=0.8420 val_f1_weighted=0.8709 val_prec_macro=0.8385 val_rec_macro=0.8479 val_metric_name=acc val_metric=0.8726
Step 3500 | loss 0.0474 | val_acc=0.8745 val_loss=0.6768 val_f1_macro=0.8446 val_f1_weighted=0.8730 val_prec_macro=0.8415 val_rec_macro=0.8499 val_metric_name=acc val_metric=0.8745
Step 3550 | loss 0.0439 | val_acc=0.8726 val_loss=0.6812 val_f1_macro=0.8423 val_f1_weighted=0.8710 val_prec_macro=0.8381 val_rec_macro=0.8488 val_metric_name=acc val_metric=0.8726
Step 3600 | loss 0.0448 | val_acc=0.8747 val_loss=0.6846 val_f1_macro=0.8444 val_f1_weighted=0.8731 val_prec_macro=0.8408 val_rec_macro=0.8502 val_metric_name=acc val_metric=0.8747
Step 3650 | loss 0.0435 | val_acc=0.8733 val_loss=0.6860 val_f1_macro=0.8427 val_f1_weighted=0.8717 val_prec_macro=0.8390 val_rec_macro=0.8482 val_metric_name=acc val_metric=0.8733
Step 3700 | loss 0.0384 | val_acc=0.8743 val_loss=0.6910 val_f1_macro=0.8439 val_f1_weighted=0.8728 val_prec_macro=0.8405 val_rec_macro=0.8495 val_metric_name=acc val_metric=0.8743
Step 3750 | loss 0.0401 | val_acc=0.8738 val_loss=0.6922 val_f1_macro=0.8431 val_f1_weighted=0.8721 val_prec_macro=0.8399 val_rec_macro=0.8482 val_metric_name=acc val_metric=0.8738
Step 3800 | loss 0.0406 | val_acc=0.8741 val_loss=0.6954 val_f1_macro=0.8439 val_f1_weighted=0.8726 val_prec_macro=0.8405 val_rec_macro=0.8495 val_metric_name=acc val_metric=0.8741
Step 3850 | loss 0.0373 | val_acc=0.8738 val_loss=0.6996 val_f1_macro=0.8432 val_f1_weighted=0.8724 val_prec_macro=0.8391 val_rec_macro=0.8496 val_metric_name=acc val_metric=0.8738
Step 3900 | loss 0.0344 | val_acc=0.8738 val_loss=0.7065 val_f1_macro=0.8431 val_f1_weighted=0.8722 val_prec_macro=0.8401 val_rec_macro=0.8486 val_metric_name=acc val_metric=0.8738
Step 3950 | loss 0.0318 | val_acc=0.8748 val_loss=0.7039 val_f1_macro=0.8449 val_f1_weighted=0.8734 val_prec_macro=0.8422 val_rec_macro=0.8496 val_metric_name=acc val_metric=0.8748
Step 4000 | loss 0.0314 | val_acc=0.8736 val_loss=0.7113 val_f1_macro=0.8435 val_f1_weighted=0.8721 val_prec_macro=0.8396 val_rec_macro=0.8494 val_metric_name=acc val_metric=0.8736
Step 4050 | loss 0.0322 | val_acc=0.8736 val_loss=0.7131 val_f1_macro=0.8428 val_f1_weighted=0.8718 val_prec_macro=0.8408 val_rec_macro=0.8471 val_metric_name=acc val_metric=0.8736
Step 4100 | loss 0.0321 | val_acc=0.8745 val_loss=0.7142 val_f1_macro=0.8441 val_f1_weighted=0.8729 val_prec_macro=0.8409 val_rec_macro=0.8495 val_metric_name=acc val_metric=0.8745
Step 4150 | loss 0.0300 | val_acc=0.8740 val_loss=0.7169 val_f1_macro=0.8433 val_f1_weighted=0.8723 val_prec_macro=0.8397 val_rec_macro=0.8490 val_metric_name=acc val_metric=0.8740
Step 4200 | loss 0.0288 | val_acc=0.8745 val_loss=0.7262 val_f1_macro=0.8434 val_f1_weighted=0.8729 val_prec_macro=0.8398 val_rec_macro=0.8493 val_metric_name=acc val_metric=0.8745
Step 4250 | loss 0.0280 | val_acc=0.8741 val_loss=0.7240 val_f1_macro=0.8427 val_f1_weighted=0.8724 val_prec_macro=0.8399 val_rec_macro=0.8476 val_metric_name=acc val_metric=0.8741
Step 4300 | loss 0.0268 | val_acc=0.8745 val_loss=0.7277 val_f1_macro=0.8430 val_f1_weighted=0.8730 val_prec_macro=0.8390 val_rec_macro=0.8495 val_metric_name=acc val_metric=0.8745
Step 4350 | loss 0.0229 | val_acc=0.8740 val_loss=0.7296 val_f1_macro=0.8424 val_f1_weighted=0.8725 val_prec_macro=0.8385 val_rec_macro=0.8482 val_metric_name=acc val_metric=0.8740
Step 4400 | loss 0.0250 | val_acc=0.8747 val_loss=0.7310 val_f1_macro=0.8442 val_f1_weighted=0.8732 val_prec_macro=0.8411 val_rec_macro=0.8492 val_metric_name=acc val_metric=0.8747
Early stopping at step 4420

--- Final (best ckpt @ step 4120) ---
  train_acc=1.0000 train_loss=0.0007 train_f1_macro=1.0000 train_f1_weighted=1.0000 train_prec_macro=1.0000 train_rec_macro=1.0000 train_metric_name=acc train_metric=1.0000
  val_acc=0.8756 val_loss=0.7146 val_f1_macro=0.8459 val_f1_weighted=0.8742 val_prec_macro=0.8420 val_rec_macro=0.8519 val_metric_name=acc val_metric=0.8756
  test_acc=0.8742 test_loss=0.6914 test_f1_macro=0.8430 test_f1_weighted=0.8721 test_prec_macro=0.8445 test_rec_macro=0.8438 test_metric_name=acc test_metric=0.8742
  test_acc=0.8742

============================================================
Training roman-empire GT-sep 4L h=512 lr=3e-05 split=1
============================================================
Training for 5000 steps
Step    1 | loss 3.1022 | val_acc=0.1216 val_loss=2.7698 val_f1_macro=0.0482 val_f1_weighted=0.0945 val_prec_macro=0.0540 val_rec_macro=0.0587 val_metric_name=acc val_metric=0.1216
Step   50 | loss 1.1628 | val_acc=0.6798 val_loss=1.0203 val_f1_macro=0.5148 val_f1_weighted=0.6444 val_prec_macro=0.5632 val_rec_macro=0.5250 val_metric_name=acc val_metric=0.6798
Step  100 | loss 0.8534 | val_acc=0.7455 val_loss=0.7740 val_f1_macro=0.6309 val_f1_weighted=0.7259 val_prec_macro=0.6895 val_rec_macro=0.6385 val_metric_name=acc val_metric=0.7455
Step  150 | loss 0.6931 | val_acc=0.7839 val_loss=0.6742 val_f1_macro=0.7036 val_f1_weighted=0.7725 val_prec_macro=0.7325 val_rec_macro=0.7062 val_metric_name=acc val_metric=0.7839
Step  200 | loss 0.5844 | val_acc=0.8025 val_loss=0.6154 val_f1_macro=0.7408 val_f1_weighted=0.7944 val_prec_macro=0.7523 val_rec_macro=0.7468 val_metric_name=acc val_metric=0.8025
Step  250 | loss 0.4895 | val_acc=0.8194 val_loss=0.5800 val_f1_macro=0.7694 val_f1_weighted=0.8134 val_prec_macro=0.7718 val_rec_macro=0.7785 val_metric_name=acc val_metric=0.8194
Step  300 | loss 0.4171 | val_acc=0.8320 val_loss=0.5570 val_f1_macro=0.7873 val_f1_weighted=0.8272 val_prec_macro=0.7846 val_rec_macro=0.7992 val_metric_name=acc val_metric=0.8320
Step  350 | loss 0.3495 | val_acc=0.8447 val_loss=0.5449 val_f1_macro=0.8033 val_f1_weighted=0.8414 val_prec_macro=0.8006 val_rec_macro=0.8136 val_metric_name=acc val_metric=0.8447
Step  400 | loss 0.2861 | val_acc=0.8519 val_loss=0.5425 val_f1_macro=0.8137 val_f1_weighted=0.8489 val_prec_macro=0.8100 val_rec_macro=0.8236 val_metric_name=acc val_metric=0.8519
Step  450 | loss 0.2361 | val_acc=0.8547 val_loss=0.5453 val_f1_macro=0.8184 val_f1_weighted=0.8520 val_prec_macro=0.8156 val_rec_macro=0.8267 val_metric_name=acc val_metric=0.8547
Step  500 | loss 0.1938 | val_acc=0.8565 val_loss=0.5580 val_f1_macro=0.8190 val_f1_weighted=0.8540 val_prec_macro=0.8168 val_rec_macro=0.8256 val_metric_name=acc val_metric=0.8565
Step  550 | loss 0.1593 | val_acc=0.8602 val_loss=0.5757 val_f1_macro=0.8239 val_f1_weighted=0.8575 val_prec_macro=0.8218 val_rec_macro=0.8306 val_metric_name=acc val_metric=0.8602
Step  600 | loss 0.1292 | val_acc=0.8623 val_loss=0.5947 val_f1_macro=0.8275 val_f1_weighted=0.8603 val_prec_macro=0.8237 val_rec_macro=0.8349 val_metric_name=acc val_metric=0.8623
Step  650 | loss 0.1055 | val_acc=0.8627 val_loss=0.6091 val_f1_macro=0.8279 val_f1_weighted=0.8609 val_prec_macro=0.8262 val_rec_macro=0.8330 val_metric_name=acc val_metric=0.8627
Step  700 | loss 0.0856 | val_acc=0.8646 val_loss=0.6306 val_f1_macro=0.8309 val_f1_weighted=0.8628 val_prec_macro=0.8289 val_rec_macro=0.8373 val_metric_name=acc val_metric=0.8646
Step  750 | loss 0.0730 | val_acc=0.8655 val_loss=0.6483 val_f1_macro=0.8323 val_f1_weighted=0.8635 val_prec_macro=0.8305 val_rec_macro=0.8369 val_metric_name=acc val_metric=0.8655
Step  800 | loss 0.0575 | val_acc=0.8664 val_loss=0.6649 val_f1_macro=0.8326 val_f1_weighted=0.8644 val_prec_macro=0.8318 val_rec_macro=0.8369 val_metric_name=acc val_metric=0.8664
Step  850 | loss 0.0488 | val_acc=0.8680 val_loss=0.6774 val_f1_macro=0.8353 val_f1_weighted=0.8659 val_prec_macro=0.8327 val_rec_macro=0.8412 val_metric_name=acc val_metric=0.8680
Step  900 | loss 0.0456 | val_acc=0.8680 val_loss=0.6956 val_f1_macro=0.8353 val_f1_weighted=0.8666 val_prec_macro=0.8324 val_rec_macro=0.8414 val_metric_name=acc val_metric=0.8680
Step  950 | loss 0.0414 | val_acc=0.8695 val_loss=0.7112 val_f1_macro=0.8382 val_f1_weighted=0.8679 val_prec_macro=0.8342 val_rec_macro=0.8448 val_metric_name=acc val_metric=0.8695
Step 1000 | loss 0.0341 | val_acc=0.8694 val_loss=0.7197 val_f1_macro=0.8388 val_f1_weighted=0.8675 val_prec_macro=0.8368 val_rec_macro=0.8435 val_metric_name=acc val_metric=0.8694
Step 1050 | loss 0.0285 | val_acc=0.8688 val_loss=0.7327 val_f1_macro=0.8386 val_f1_weighted=0.8672 val_prec_macro=0.8362 val_rec_macro=0.8432 val_metric_name=acc val_metric=0.8688
Step 1100 | loss 0.0276 | val_acc=0.8697 val_loss=0.7379 val_f1_macro=0.8404 val_f1_weighted=0.8683 val_prec_macro=0.8374 val_rec_macro=0.8456 val_metric_name=acc val_metric=0.8697
Step 1150 | loss 0.0246 | val_acc=0.8713 val_loss=0.7497 val_f1_macro=0.8417 val_f1_weighted=0.8699 val_prec_macro=0.8387 val_rec_macro=0.8465 val_metric_name=acc val_metric=0.8713
Step 1200 | loss 0.0213 | val_acc=0.8701 val_loss=0.7521 val_f1_macro=0.8415 val_f1_weighted=0.8687 val_prec_macro=0.8380 val_rec_macro=0.8469 val_metric_name=acc val_metric=0.8701
Step 1250 | loss 0.0194 | val_acc=0.8697 val_loss=0.7656 val_f1_macro=0.8402 val_f1_weighted=0.8683 val_prec_macro=0.8371 val_rec_macro=0.8455 val_metric_name=acc val_metric=0.8697
Step 1300 | loss 0.0173 | val_acc=0.8703 val_loss=0.7767 val_f1_macro=0.8401 val_f1_weighted=0.8690 val_prec_macro=0.8359 val_rec_macro=0.8464 val_metric_name=acc val_metric=0.8703
Step 1350 | loss 0.0187 | val_acc=0.8706 val_loss=0.7832 val_f1_macro=0.8405 val_f1_weighted=0.8692 val_prec_macro=0.8376 val_rec_macro=0.8455 val_metric_name=acc val_metric=0.8706
Step 1400 | loss 0.0155 | val_acc=0.8713 val_loss=0.7929 val_f1_macro=0.8408 val_f1_weighted=0.8698 val_prec_macro=0.8385 val_rec_macro=0.8458 val_metric_name=acc val_metric=0.8713
Step 1450 | loss 0.0169 | val_acc=0.8703 val_loss=0.7999 val_f1_macro=0.8397 val_f1_weighted=0.8688 val_prec_macro=0.8356 val_rec_macro=0.8462 val_metric_name=acc val_metric=0.8703
Step 1500 | loss 0.0135 | val_acc=0.8708 val_loss=0.8088 val_f1_macro=0.8406 val_f1_weighted=0.8692 val_prec_macro=0.8376 val_rec_macro=0.8463 val_metric_name=acc val_metric=0.8708
Step 1550 | loss 0.0129 | val_acc=0.8726 val_loss=0.8105 val_f1_macro=0.8424 val_f1_weighted=0.8710 val_prec_macro=0.8390 val_rec_macro=0.8481 val_metric_name=acc val_metric=0.8726
Step 1600 | loss 0.0131 | val_acc=0.8722 val_loss=0.8199 val_f1_macro=0.8427 val_f1_weighted=0.8705 val_prec_macro=0.8400 val_rec_macro=0.8477 val_metric_name=acc val_metric=0.8722
Step 1650 | loss 0.0112 | val_acc=0.8717 val_loss=0.8232 val_f1_macro=0.8411 val_f1_weighted=0.8700 val_prec_macro=0.8382 val_rec_macro=0.8463 val_metric_name=acc val_metric=0.8717
Step 1700 | loss 0.0102 | val_acc=0.8697 val_loss=0.8316 val_f1_macro=0.8395 val_f1_weighted=0.8683 val_prec_macro=0.8351 val_rec_macro=0.8463 val_metric_name=acc val_metric=0.8697
Step 1750 | loss 0.0087 | val_acc=0.8715 val_loss=0.8368 val_f1_macro=0.8415 val_f1_weighted=0.8701 val_prec_macro=0.8375 val_rec_macro=0.8480 val_metric_name=acc val_metric=0.8715
Step 1800 | loss 0.0091 | val_acc=0.8724 val_loss=0.8412 val_f1_macro=0.8421 val_f1_weighted=0.8710 val_prec_macro=0.8391 val_rec_macro=0.8476 val_metric_name=acc val_metric=0.8724
Step 1850 | loss 0.0098 | val_acc=0.8711 val_loss=0.8541 val_f1_macro=0.8402 val_f1_weighted=0.8696 val_prec_macro=0.8369 val_rec_macro=0.8456 val_metric_name=acc val_metric=0.8711
Step 1900 | loss 0.0077 | val_acc=0.8718 val_loss=0.8539 val_f1_macro=0.8412 val_f1_weighted=0.8703 val_prec_macro=0.8381 val_rec_macro=0.8468 val_metric_name=acc val_metric=0.8718
Step 1950 | loss 0.0078 | val_acc=0.8729 val_loss=0.8617 val_f1_macro=0.8434 val_f1_weighted=0.8714 val_prec_macro=0.8410 val_rec_macro=0.8483 val_metric_name=acc val_metric=0.8729
Step 2000 | loss 0.0067 | val_acc=0.8738 val_loss=0.8617 val_f1_macro=0.8432 val_f1_weighted=0.8720 val_prec_macro=0.8426 val_rec_macro=0.8463 val_metric_name=acc val_metric=0.8738
Step 2050 | loss 0.0080 | val_acc=0.8745 val_loss=0.8617 val_f1_macro=0.8455 val_f1_weighted=0.8731 val_prec_macro=0.8435 val_rec_macro=0.8494 val_metric_name=acc val_metric=0.8745
Step 2100 | loss 0.0064 | val_acc=0.8745 val_loss=0.8716 val_f1_macro=0.8440 val_f1_weighted=0.8728 val_prec_macro=0.8410 val_rec_macro=0.8492 val_metric_name=acc val_metric=0.8745
Step 2150 | loss 0.0061 | val_acc=0.8741 val_loss=0.8715 val_f1_macro=0.8453 val_f1_weighted=0.8727 val_prec_macro=0.8434 val_rec_macro=0.8494 val_metric_name=acc val_metric=0.8741
Step 2200 | loss 0.0054 | val_acc=0.8738 val_loss=0.8787 val_f1_macro=0.8447 val_f1_weighted=0.8724 val_prec_macro=0.8428 val_rec_macro=0.8483 val_metric_name=acc val_metric=0.8738
Step 2250 | loss 0.0057 | val_acc=0.8750 val_loss=0.8912 val_f1_macro=0.8462 val_f1_weighted=0.8736 val_prec_macro=0.8437 val_rec_macro=0.8511 val_metric_name=acc val_metric=0.8750
Step 2300 | loss 0.0057 | val_acc=0.8734 val_loss=0.8903 val_f1_macro=0.8432 val_f1_weighted=0.8719 val_prec_macro=0.8398 val_rec_macro=0.8487 val_metric_name=acc val_metric=0.8734
Step 2350 | loss 0.0055 | val_acc=0.8757 val_loss=0.8910 val_f1_macro=0.8459 val_f1_weighted=0.8744 val_prec_macro=0.8434 val_rec_macro=0.8502 val_metric_name=acc val_metric=0.8757
Step 2400 | loss 0.0053 | val_acc=0.8768 val_loss=0.8871 val_f1_macro=0.8477 val_f1_weighted=0.8754 val_prec_macro=0.8467 val_rec_macro=0.8504 val_metric_name=acc val_metric=0.8768
Step 2450 | loss 0.0049 | val_acc=0.8764 val_loss=0.8997 val_f1_macro=0.8466 val_f1_weighted=0.8749 val_prec_macro=0.8452 val_rec_macro=0.8500 val_metric_name=acc val_metric=0.8764
Step 2500 | loss 0.0047 | val_acc=0.8745 val_loss=0.8988 val_f1_macro=0.8447 val_f1_weighted=0.8730 val_prec_macro=0.8439 val_rec_macro=0.8476 val_metric_name=acc val_metric=0.8745
Step 2550 | loss 0.0050 | val_acc=0.8759 val_loss=0.9002 val_f1_macro=0.8457 val_f1_weighted=0.8746 val_prec_macro=0.8427 val_rec_macro=0.8506 val_metric_name=acc val_metric=0.8759
Step 2600 | loss 0.0045 | val_acc=0.8748 val_loss=0.9002 val_f1_macro=0.8447 val_f1_weighted=0.8736 val_prec_macro=0.8420 val_rec_macro=0.8489 val_metric_name=acc val_metric=0.8748
Step 2650 | loss 0.0039 | val_acc=0.8752 val_loss=0.9169 val_f1_macro=0.8448 val_f1_weighted=0.8736 val_prec_macro=0.8430 val_rec_macro=0.8483 val_metric_name=acc val_metric=0.8752
Step 2700 | loss 0.0045 | val_acc=0.8768 val_loss=0.9117 val_f1_macro=0.8476 val_f1_weighted=0.8753 val_prec_macro=0.8454 val_rec_macro=0.8518 val_metric_name=acc val_metric=0.8768
Step 2750 | loss 0.0040 | val_acc=0.8748 val_loss=0.9158 val_f1_macro=0.8447 val_f1_weighted=0.8733 val_prec_macro=0.8433 val_rec_macro=0.8481 val_metric_name=acc val_metric=0.8748
Early stopping at step 2755

--- Final (best ckpt @ step 2400) ---
  train_acc=1.0000 train_loss=0.0000 train_f1_macro=1.0000 train_f1_weighted=1.0000 train_prec_macro=1.0000 train_rec_macro=1.0000 train_metric_name=acc train_metric=1.0000
  val_acc=0.8768 val_loss=0.8871 val_f1_macro=0.8477 val_f1_weighted=0.8754 val_prec_macro=0.8467 val_rec_macro=0.8504 val_metric_name=acc val_metric=0.8768
  test_acc=0.8745 test_loss=0.8542 test_f1_macro=0.8446 test_f1_weighted=0.8725 test_prec_macro=0.8500 test_rec_macro=0.8416 test_metric_name=acc test_metric=0.8745
  test_acc=0.8745

============================================================
Training roman-empire GT-sep 4L h=512 lr=6e-05 split=1
============================================================
Training for 5000 steps
Step    1 | loss 3.1022 | val_acc=0.2085 val_loss=2.5622 val_f1_macro=0.0585 val_f1_weighted=0.1315 val_prec_macro=0.0695 val_rec_macro=0.0878 val_metric_name=acc val_metric=0.2085
Step   50 | loss 0.9007 | val_acc=0.7331 val_loss=0.8180 val_f1_macro=0.6036 val_f1_weighted=0.7109 val_prec_macro=0.6687 val_rec_macro=0.6164 val_metric_name=acc val_metric=0.7331
Step  100 | loss 0.6318 | val_acc=0.7928 val_loss=0.6415 val_f1_macro=0.7204 val_f1_weighted=0.7835 val_prec_macro=0.7407 val_rec_macro=0.7241 val_metric_name=acc val_metric=0.7928
Step  150 | loss 0.4647 | val_acc=0.8233 val_loss=0.5690 val_f1_macro=0.7766 val_f1_weighted=0.8185 val_prec_macro=0.7764 val_rec_macro=0.7865 val_metric_name=acc val_metric=0.8233
Step  200 | loss 0.3386 | val_acc=0.8445 val_loss=0.5400 val_f1_macro=0.8031 val_f1_weighted=0.8415 val_prec_macro=0.7993 val_rec_macro=0.8122 val_metric_name=acc val_metric=0.8445
Step  250 | loss 0.2381 | val_acc=0.8524 val_loss=0.5479 val_f1_macro=0.8157 val_f1_weighted=0.8500 val_prec_macro=0.8118 val_rec_macro=0.8238 val_metric_name=acc val_metric=0.8524
Step  300 | loss 0.1624 | val_acc=0.8561 val_loss=0.5801 val_f1_macro=0.8195 val_f1_weighted=0.8537 val_prec_macro=0.8174 val_rec_macro=0.8264 val_metric_name=acc val_metric=0.8561
Step  350 | loss 0.1069 | val_acc=0.8623 val_loss=0.6159 val_f1_macro=0.8287 val_f1_weighted=0.8602 val_prec_macro=0.8270 val_rec_macro=0.8340 val_metric_name=acc val_metric=0.8623
Step  400 | loss 0.0749 | val_acc=0.8655 val_loss=0.6438 val_f1_macro=0.8331 val_f1_weighted=0.8637 val_prec_macro=0.8288 val_rec_macro=0.8405 val_metric_name=acc val_metric=0.8655
Step  450 | loss 0.0573 | val_acc=0.8660 val_loss=0.6783 val_f1_macro=0.8338 val_f1_weighted=0.8642 val_prec_macro=0.8319 val_rec_macro=0.8386 val_metric_name=acc val_metric=0.8660
Step  500 | loss 0.0431 | val_acc=0.8650 val_loss=0.7063 val_f1_macro=0.8306 val_f1_weighted=0.8629 val_prec_macro=0.8295 val_rec_macro=0.8353 val_metric_name=acc val_metric=0.8650
Step  550 | loss 0.0362 | val_acc=0.8685 val_loss=0.7260 val_f1_macro=0.8385 val_f1_weighted=0.8669 val_prec_macro=0.8359 val_rec_macro=0.8430 val_metric_name=acc val_metric=0.8685
Step  600 | loss 0.0281 | val_acc=0.8678 val_loss=0.7518 val_f1_macro=0.8365 val_f1_weighted=0.8662 val_prec_macro=0.8332 val_rec_macro=0.8423 val_metric_name=acc val_metric=0.8678
Step  650 | loss 0.0222 | val_acc=0.8678 val_loss=0.7698 val_f1_macro=0.8350 val_f1_weighted=0.8660 val_prec_macro=0.8321 val_rec_macro=0.8404 val_metric_name=acc val_metric=0.8678
Step  700 | loss 0.0186 | val_acc=0.8683 val_loss=0.7924 val_f1_macro=0.8376 val_f1_weighted=0.8667 val_prec_macro=0.8348 val_rec_macro=0.8436 val_metric_name=acc val_metric=0.8683
Step  750 | loss 0.0164 | val_acc=0.8694 val_loss=0.7982 val_f1_macro=0.8384 val_f1_weighted=0.8678 val_prec_macro=0.8351 val_rec_macro=0.8441 val_metric_name=acc val_metric=0.8694
Step  800 | loss 0.0129 | val_acc=0.8669 val_loss=0.8157 val_f1_macro=0.8339 val_f1_weighted=0.8653 val_prec_macro=0.8324 val_rec_macro=0.8380 val_metric_name=acc val_metric=0.8669
Step  850 | loss 0.0120 | val_acc=0.8699 val_loss=0.8228 val_f1_macro=0.8401 val_f1_weighted=0.8684 val_prec_macro=0.8373 val_rec_macro=0.8450 val_metric_name=acc val_metric=0.8699
Step  900 | loss 0.0122 | val_acc=0.8692 val_loss=0.8334 val_f1_macro=0.8394 val_f1_weighted=0.8680 val_prec_macro=0.8360 val_rec_macro=0.8451 val_metric_name=acc val_metric=0.8692
Step  950 | loss 0.0119 | val_acc=0.8703 val_loss=0.8547 val_f1_macro=0.8398 val_f1_weighted=0.8684 val_prec_macro=0.8363 val_rec_macro=0.8464 val_metric_name=acc val_metric=0.8703
Step 1000 | loss 0.0101 | val_acc=0.8710 val_loss=0.8621 val_f1_macro=0.8409 val_f1_weighted=0.8692 val_prec_macro=0.8385 val_rec_macro=0.8459 val_metric_name=acc val_metric=0.8710
Step 1050 | loss 0.0078 | val_acc=0.8699 val_loss=0.8775 val_f1_macro=0.8377 val_f1_weighted=0.8676 val_prec_macro=0.8369 val_rec_macro=0.8416 val_metric_name=acc val_metric=0.8699
Step 1100 | loss 0.0080 | val_acc=0.8715 val_loss=0.8723 val_f1_macro=0.8413 val_f1_weighted=0.8701 val_prec_macro=0.8385 val_rec_macro=0.8461 val_metric_name=acc val_metric=0.8715
Step 1150 | loss 0.0064 | val_acc=0.8713 val_loss=0.8829 val_f1_macro=0.8397 val_f1_weighted=0.8697 val_prec_macro=0.8369 val_rec_macro=0.8451 val_metric_name=acc val_metric=0.8713
Step 1200 | loss 0.0060 | val_acc=0.8715 val_loss=0.8826 val_f1_macro=0.8400 val_f1_weighted=0.8699 val_prec_macro=0.8382 val_rec_macro=0.8442 val_metric_name=acc val_metric=0.8715
Step 1250 | loss 0.0054 | val_acc=0.8720 val_loss=0.8909 val_f1_macro=0.8421 val_f1_weighted=0.8705 val_prec_macro=0.8401 val_rec_macro=0.8464 val_metric_name=acc val_metric=0.8720
Step 1300 | loss 0.0051 | val_acc=0.8727 val_loss=0.9040 val_f1_macro=0.8428 val_f1_weighted=0.8712 val_prec_macro=0.8411 val_rec_macro=0.8470 val_metric_name=acc val_metric=0.8727
Step 1350 | loss 0.0048 | val_acc=0.8697 val_loss=0.9135 val_f1_macro=0.8386 val_f1_weighted=0.8682 val_prec_macro=0.8354 val_rec_macro=0.8440 val_metric_name=acc val_metric=0.8697
Step 1400 | loss 0.0044 | val_acc=0.8733 val_loss=0.9202 val_f1_macro=0.8422 val_f1_weighted=0.8714 val_prec_macro=0.8395 val_rec_macro=0.8477 val_metric_name=acc val_metric=0.8733
Step 1450 | loss 0.0052 | val_acc=0.8720 val_loss=0.9225 val_f1_macro=0.8416 val_f1_weighted=0.8709 val_prec_macro=0.8370 val_rec_macro=0.8483 val_metric_name=acc val_metric=0.8720
Step 1500 | loss 0.0039 | val_acc=0.8711 val_loss=0.9346 val_f1_macro=0.8399 val_f1_weighted=0.8693 val_prec_macro=0.8380 val_rec_macro=0.8443 val_metric_name=acc val_metric=0.8711
Step 1550 | loss 0.0045 | val_acc=0.8708 val_loss=0.9308 val_f1_macro=0.8372 val_f1_weighted=0.8687 val_prec_macro=0.8352 val_rec_macro=0.8426 val_metric_name=acc val_metric=0.8708
Step 1600 | loss 0.0044 | val_acc=0.8708 val_loss=0.9474 val_f1_macro=0.8386 val_f1_weighted=0.8688 val_prec_macro=0.8350 val_rec_macro=0.8450 val_metric_name=acc val_metric=0.8708
Step 1650 | loss 0.0033 | val_acc=0.8740 val_loss=0.9434 val_f1_macro=0.8437 val_f1_weighted=0.8722 val_prec_macro=0.8409 val_rec_macro=0.8489 val_metric_name=acc val_metric=0.8740
Step 1700 | loss 0.0032 | val_acc=0.8711 val_loss=0.9463 val_f1_macro=0.8390 val_f1_weighted=0.8700 val_prec_macro=0.8355 val_rec_macro=0.8449 val_metric_name=acc val_metric=0.8711
Step 1750 | loss 0.0030 | val_acc=0.8736 val_loss=0.9584 val_f1_macro=0.8408 val_f1_weighted=0.8719 val_prec_macro=0.8378 val_rec_macro=0.8465 val_metric_name=acc val_metric=0.8736
Step 1800 | loss 0.0032 | val_acc=0.8718 val_loss=0.9609 val_f1_macro=0.8388 val_f1_weighted=0.8703 val_prec_macro=0.8375 val_rec_macro=0.8427 val_metric_name=acc val_metric=0.8718
Step 1850 | loss 0.0031 | val_acc=0.8699 val_loss=0.9799 val_f1_macro=0.8367 val_f1_weighted=0.8679 val_prec_macro=0.8347 val_rec_macro=0.8416 val_metric_name=acc val_metric=0.8699
Step 1900 | loss 0.0025 | val_acc=0.8713 val_loss=0.9700 val_f1_macro=0.8396 val_f1_weighted=0.8694 val_prec_macro=0.8374 val_rec_macro=0.8447 val_metric_name=acc val_metric=0.8713
Step 1950 | loss 0.0023 | val_acc=0.8711 val_loss=0.9796 val_f1_macro=0.8386 val_f1_weighted=0.8691 val_prec_macro=0.8362 val_rec_macro=0.8436 val_metric_name=acc val_metric=0.8711
Early stopping at step 1955

--- Final (best ckpt @ step 1650) ---
  train_acc=1.0000 train_loss=0.0000 train_f1_macro=1.0000 train_f1_weighted=1.0000 train_prec_macro=1.0000 train_rec_macro=1.0000 train_metric_name=acc train_metric=1.0000
  val_acc=0.8740 val_loss=0.9434 val_f1_macro=0.8437 val_f1_weighted=0.8722 val_prec_macro=0.8409 val_rec_macro=0.8489 val_metric_name=acc val_metric=0.8740
  test_acc=0.8735 test_loss=0.9188 test_f1_macro=0.8451 test_f1_weighted=0.8710 test_prec_macro=0.8474 test_rec_macro=0.8453 test_metric_name=acc test_metric=0.8735
  test_acc=0.8735

============================================================
Training roman-empire GT-sep 4L h=512 lr=0.0001 split=1
============================================================
Training for 5000 steps
Step    1 | loss 3.1022 | val_acc=0.2452 val_loss=2.4691 val_f1_macro=0.0552 val_f1_weighted=0.1325 val_prec_macro=0.0792 val_rec_macro=0.0995 val_metric_name=acc val_metric=0.2452
Step   50 | loss 0.7493 | val_acc=0.7652 val_loss=0.7157 val_f1_macro=0.6631 val_f1_weighted=0.7489 val_prec_macro=0.7065 val_rec_macro=0.6688 val_metric_name=acc val_metric=0.7652
Step  100 | loss 0.4714 | val_acc=0.8215 val_loss=0.5712 val_f1_macro=0.7726 val_f1_weighted=0.8160 val_prec_macro=0.7767 val_rec_macro=0.7788 val_metric_name=acc val_metric=0.8215
Step  150 | loss 0.2872 | val_acc=0.8462 val_loss=0.5443 val_f1_macro=0.8058 val_f1_weighted=0.8438 val_prec_macro=0.7998 val_rec_macro=0.8176 val_metric_name=acc val_metric=0.8462
Step  200 | loss 0.1602 | val_acc=0.8565 val_loss=0.5766 val_f1_macro=0.8211 val_f1_weighted=0.8545 val_prec_macro=0.8163 val_rec_macro=0.8291 val_metric_name=acc val_metric=0.8565
Step  250 | loss 0.0952 | val_acc=0.8616 val_loss=0.6305 val_f1_macro=0.8251 val_f1_weighted=0.8595 val_prec_macro=0.8230 val_rec_macro=0.8303 val_metric_name=acc val_metric=0.8616
Step  300 | loss 0.0552 | val_acc=0.8644 val_loss=0.6938 val_f1_macro=0.8320 val_f1_weighted=0.8626 val_prec_macro=0.8311 val_rec_macro=0.8361 val_metric_name=acc val_metric=0.8644
Step  350 | loss 0.0350 | val_acc=0.8658 val_loss=0.7264 val_f1_macro=0.8325 val_f1_weighted=0.8638 val_prec_macro=0.8302 val_rec_macro=0.8381 val_metric_name=acc val_metric=0.8658
Step  400 | loss 0.0241 | val_acc=0.8680 val_loss=0.7467 val_f1_macro=0.8379 val_f1_weighted=0.8664 val_prec_macro=0.8358 val_rec_macro=0.8419 val_metric_name=acc val_metric=0.8680
Step  450 | loss 0.0207 | val_acc=0.8664 val_loss=0.7830 val_f1_macro=0.8355 val_f1_weighted=0.8647 val_prec_macro=0.8344 val_rec_macro=0.8395 val_metric_name=acc val_metric=0.8664
Step  500 | loss 0.0161 | val_acc=0.8680 val_loss=0.8154 val_f1_macro=0.8357 val_f1_weighted=0.8663 val_prec_macro=0.8332 val_rec_macro=0.8421 val_metric_name=acc val_metric=0.8680
Step  550 | loss 0.0148 | val_acc=0.8694 val_loss=0.8274 val_f1_macro=0.8395 val_f1_weighted=0.8677 val_prec_macro=0.8367 val_rec_macro=0.8450 val_metric_name=acc val_metric=0.8694
Step  600 | loss 0.0116 | val_acc=0.8681 val_loss=0.8477 val_f1_macro=0.8372 val_f1_weighted=0.8662 val_prec_macro=0.8353 val_rec_macro=0.8424 val_metric_name=acc val_metric=0.8681
Step  650 | loss 0.0085 | val_acc=0.8699 val_loss=0.8491 val_f1_macro=0.8374 val_f1_weighted=0.8683 val_prec_macro=0.8350 val_rec_macro=0.8427 val_metric_name=acc val_metric=0.8699
Step  700 | loss 0.0080 | val_acc=0.8699 val_loss=0.8778 val_f1_macro=0.8384 val_f1_weighted=0.8679 val_prec_macro=0.8367 val_rec_macro=0.8432 val_metric_name=acc val_metric=0.8699
Step  750 | loss 0.0069 | val_acc=0.8681 val_loss=0.8789 val_f1_macro=0.8352 val_f1_weighted=0.8663 val_prec_macro=0.8332 val_rec_macro=0.8396 val_metric_name=acc val_metric=0.8681
Step  800 | loss 0.0055 | val_acc=0.8674 val_loss=0.9026 val_f1_macro=0.8339 val_f1_weighted=0.8655 val_prec_macro=0.8338 val_rec_macro=0.8371 val_metric_name=acc val_metric=0.8674
Step  850 | loss 0.0053 | val_acc=0.8717 val_loss=0.9036 val_f1_macro=0.8405 val_f1_weighted=0.8699 val_prec_macro=0.8375 val_rec_macro=0.8460 val_metric_name=acc val_metric=0.8717
Step  900 | loss 0.0056 | val_acc=0.8718 val_loss=0.9053 val_f1_macro=0.8402 val_f1_weighted=0.8703 val_prec_macro=0.8377 val_rec_macro=0.8453 val_metric_name=acc val_metric=0.8718
Step  950 | loss 0.0064 | val_acc=0.8694 val_loss=0.9202 val_f1_macro=0.8361 val_f1_weighted=0.8672 val_prec_macro=0.8347 val_rec_macro=0.8410 val_metric_name=acc val_metric=0.8694
Step 1000 | loss 0.0052 | val_acc=0.8697 val_loss=0.9385 val_f1_macro=0.8366 val_f1_weighted=0.8677 val_prec_macro=0.8326 val_rec_macro=0.8440 val_metric_name=acc val_metric=0.8697
Step 1050 | loss 0.0032 | val_acc=0.8720 val_loss=0.9480 val_f1_macro=0.8383 val_f1_weighted=0.8696 val_prec_macro=0.8385 val_rec_macro=0.8412 val_metric_name=acc val_metric=0.8720
Step 1100 | loss 0.0045 | val_acc=0.8738 val_loss=0.9456 val_f1_macro=0.8431 val_f1_weighted=0.8719 val_prec_macro=0.8415 val_rec_macro=0.8470 val_metric_name=acc val_metric=0.8738
Step 1150 | loss 0.0035 | val_acc=0.8720 val_loss=0.9478 val_f1_macro=0.8400 val_f1_weighted=0.8701 val_prec_macro=0.8392 val_rec_macro=0.8440 val_metric_name=acc val_metric=0.8720
Step 1200 | loss 0.0032 | val_acc=0.8731 val_loss=0.9435 val_f1_macro=0.8421 val_f1_weighted=0.8713 val_prec_macro=0.8428 val_rec_macro=0.8437 val_metric_name=acc val_metric=0.8731
Step 1250 | loss 0.0026 | val_acc=0.8711 val_loss=0.9553 val_f1_macro=0.8408 val_f1_weighted=0.8696 val_prec_macro=0.8390 val_rec_macro=0.8450 val_metric_name=acc val_metric=0.8711
Step 1300 | loss 0.0024 | val_acc=0.8724 val_loss=0.9693 val_f1_macro=0.8395 val_f1_weighted=0.8705 val_prec_macro=0.8401 val_rec_macro=0.8425 val_metric_name=acc val_metric=0.8724
Step 1350 | loss 0.0021 | val_acc=0.8711 val_loss=0.9763 val_f1_macro=0.8388 val_f1_weighted=0.8695 val_prec_macro=0.8382 val_rec_macro=0.8423 val_metric_name=acc val_metric=0.8711
Early stopping at step 1363

--- Final (best ckpt @ step 890) ---
  train_acc=1.0000 train_loss=0.0000 train_f1_macro=1.0000 train_f1_weighted=1.0000 train_prec_macro=1.0000 train_rec_macro=1.0000 train_metric_name=acc train_metric=1.0000
  val_acc=0.8740 val_loss=0.9026 val_f1_macro=0.8431 val_f1_weighted=0.8721 val_prec_macro=0.8422 val_rec_macro=0.8467 val_metric_name=acc val_metric=0.8740
  test_acc=0.8720 test_loss=0.8928 test_f1_macro=0.8433 test_f1_weighted=0.8697 test_prec_macro=0.8478 test_rec_macro=0.8416 test_metric_name=acc test_metric=0.8720
  test_acc=0.8720

============================================================
Training roman-empire GT-sep 4L h=512 lr=1e-05 split=1
============================================================
Training for 5000 steps
Step    1 | loss 3.1022 | val_acc=0.0277 val_loss=2.9854 val_f1_macro=0.0191 val_f1_weighted=0.0218 val_prec_macro=0.0394 val_rec_macro=0.0359 val_metric_name=acc val_metric=0.0277
Step   50 | loss 1.7291 | val_acc=0.5292 val_loss=1.5098 val_f1_macro=0.2603 val_f1_weighted=0.4519 val_prec_macro=0.4201 val_rec_macro=0.2861 val_metric_name=acc val_metric=0.5292
Step  100 | loss 1.3133 | val_acc=0.6450 val_loss=1.1255 val_f1_macro=0.4674 val_f1_weighted=0.6017 val_prec_macro=0.5327 val_rec_macro=0.4739 val_metric_name=acc val_metric=0.6450
Step  150 | loss 1.0996 | val_acc=0.6978 val_loss=0.9510 val_f1_macro=0.5425 val_f1_weighted=0.6640 val_prec_macro=0.5860 val_rec_macro=0.5516 val_metric_name=acc val_metric=0.6978
Step  200 | loss 0.9648 | val_acc=0.7248 val_loss=0.8502 val_f1_macro=0.5882 val_f1_weighted=0.6980 val_prec_macro=0.6639 val_rec_macro=0.5986 val_metric_name=acc val_metric=0.7248
Step  250 | loss 0.8756 | val_acc=0.7428 val_loss=0.7863 val_f1_macro=0.6248 val_f1_weighted=0.7218 val_prec_macro=0.6715 val_rec_macro=0.6324 val_metric_name=acc val_metric=0.7428
Step  300 | loss 0.8047 | val_acc=0.7587 val_loss=0.7395 val_f1_macro=0.6529 val_f1_weighted=0.7414 val_prec_macro=0.7051 val_rec_macro=0.6592 val_metric_name=acc val_metric=0.7587
Step  350 | loss 0.7486 | val_acc=0.7716 val_loss=0.7036 val_f1_macro=0.6770 val_f1_weighted=0.7563 val_prec_macro=0.7211 val_rec_macro=0.6823 val_metric_name=acc val_metric=0.7716
Step  400 | loss 0.6953 | val_acc=0.7832 val_loss=0.6740 val_f1_macro=0.7022 val_f1_weighted=0.7714 val_prec_macro=0.7334 val_rec_macro=0.7048 val_metric_name=acc val_metric=0.7832
Step  450 | loss 0.6506 | val_acc=0.7919 val_loss=0.6474 val_f1_macro=0.7193 val_f1_weighted=0.7823 val_prec_macro=0.7444 val_rec_macro=0.7214 val_metric_name=acc val_metric=0.7919
Step  500 | loss 0.6090 | val_acc=0.7984 val_loss=0.6273 val_f1_macro=0.7320 val_f1_weighted=0.7897 val_prec_macro=0.7517 val_rec_macro=0.7347 val_metric_name=acc val_metric=0.7984
Step  550 | loss 0.5695 | val_acc=0.8035 val_loss=0.6090 val_f1_macro=0.7447 val_f1_weighted=0.7962 val_prec_macro=0.7550 val_rec_macro=0.7499 val_metric_name=acc val_metric=0.8035
Step  600 | loss 0.5431 | val_acc=0.8113 val_loss=0.5948 val_f1_macro=0.7590 val_f1_weighted=0.8047 val_prec_macro=0.7652 val_rec_macro=0.7661 val_metric_name=acc val_metric=0.8113
Step  650 | loss 0.5065 | val_acc=0.8182 val_loss=0.5818 val_f1_macro=0.7678 val_f1_weighted=0.8123 val_prec_macro=0.7700 val_rec_macro=0.7771 val_metric_name=acc val_metric=0.8182
Step  700 | loss 0.4765 | val_acc=0.8249 val_loss=0.5719 val_f1_macro=0.7758 val_f1_weighted=0.8194 val_prec_macro=0.7758 val_rec_macro=0.7862 val_metric_name=acc val_metric=0.8249
Step  750 | loss 0.4529 | val_acc=0.8300 val_loss=0.5609 val_f1_macro=0.7847 val_f1_weighted=0.8247 val_prec_macro=0.7835 val_rec_macro=0.7950 val_metric_name=acc val_metric=0.8300
Step  800 | loss 0.4238 | val_acc=0.8351 val_loss=0.5538 val_f1_macro=0.7903 val_f1_weighted=0.8303 val_prec_macro=0.7881 val_rec_macro=0.8016 val_metric_name=acc val_metric=0.8351
Step  850 | loss 0.3871 | val_acc=0.8381 val_loss=0.5474 val_f1_macro=0.7951 val_f1_weighted=0.8343 val_prec_macro=0.7922 val_rec_macro=0.8063 val_metric_name=acc val_metric=0.8381
Step  900 | loss 0.3738 | val_acc=0.8410 val_loss=0.5444 val_f1_macro=0.7988 val_f1_weighted=0.8374 val_prec_macro=0.7947 val_rec_macro=0.8103 val_metric_name=acc val_metric=0.8410
Step  950 | loss 0.3514 | val_acc=0.8468 val_loss=0.5397 val_f1_macro=0.8066 val_f1_weighted=0.8437 val_prec_macro=0.8028 val_rec_macro=0.8167 val_metric_name=acc val_metric=0.8468
Step 1000 | loss 0.3232 | val_acc=0.8491 val_loss=0.5371 val_f1_macro=0.8091 val_f1_weighted=0.8460 val_prec_macro=0.8063 val_rec_macro=0.8174 val_metric_name=acc val_metric=0.8491
Step 1050 | loss 0.3008 | val_acc=0.8517 val_loss=0.5356 val_f1_macro=0.8131 val_f1_weighted=0.8488 val_prec_macro=0.8104 val_rec_macro=0.8212 val_metric_name=acc val_metric=0.8517
Step 1100 | loss 0.2831 | val_acc=0.8545 val_loss=0.5371 val_f1_macro=0.8185 val_f1_weighted=0.8519 val_prec_macro=0.8154 val_rec_macro=0.8267 val_metric_name=acc val_metric=0.8545
Step 1150 | loss 0.2654 | val_acc=0.8551 val_loss=0.5392 val_f1_macro=0.8187 val_f1_weighted=0.8525 val_prec_macro=0.8163 val_rec_macro=0.8257 val_metric_name=acc val_metric=0.8551
Step 1200 | loss 0.2456 | val_acc=0.8572 val_loss=0.5402 val_f1_macro=0.8214 val_f1_weighted=0.8546 val_prec_macro=0.8189 val_rec_macro=0.8287 val_metric_name=acc val_metric=0.8572
Step 1250 | loss 0.2318 | val_acc=0.8581 val_loss=0.5442 val_f1_macro=0.8221 val_f1_weighted=0.8556 val_prec_macro=0.8197 val_rec_macro=0.8292 val_metric_name=acc val_metric=0.8581
Step 1300 | loss 0.2118 | val_acc=0.8598 val_loss=0.5489 val_f1_macro=0.8245 val_f1_weighted=0.8575 val_prec_macro=0.8213 val_rec_macro=0.8322 val_metric_name=acc val_metric=0.8598
Step 1350 | loss 0.2002 | val_acc=0.8583 val_loss=0.5516 val_f1_macro=0.8220 val_f1_weighted=0.8560 val_prec_macro=0.8186 val_rec_macro=0.8297 val_metric_name=acc val_metric=0.8583
Step 1400 | loss 0.1815 | val_acc=0.8607 val_loss=0.5573 val_f1_macro=0.8245 val_f1_weighted=0.8585 val_prec_macro=0.8220 val_rec_macro=0.8311 val_metric_name=acc val_metric=0.8607
Step 1450 | loss 0.1764 | val_acc=0.8621 val_loss=0.5622 val_f1_macro=0.8273 val_f1_weighted=0.8601 val_prec_macro=0.8256 val_rec_macro=0.8328 val_metric_name=acc val_metric=0.8621
Step 1500 | loss 0.1626 | val_acc=0.8627 val_loss=0.5672 val_f1_macro=0.8282 val_f1_weighted=0.8606 val_prec_macro=0.8270 val_rec_macro=0.8332 val_metric_name=acc val_metric=0.8627
Step 1550 | loss 0.1435 | val_acc=0.8639 val_loss=0.5749 val_f1_macro=0.8305 val_f1_weighted=0.8619 val_prec_macro=0.8275 val_rec_macro=0.8371 val_metric_name=acc val_metric=0.8639
Step 1600 | loss 0.1417 | val_acc=0.8643 val_loss=0.5803 val_f1_macro=0.8323 val_f1_weighted=0.8624 val_prec_macro=0.8297 val_rec_macro=0.8380 val_metric_name=acc val_metric=0.8643
Step 1650 | loss 0.1264 | val_acc=0.8637 val_loss=0.5870 val_f1_macro=0.8303 val_f1_weighted=0.8619 val_prec_macro=0.8282 val_rec_macro=0.8358 val_metric_name=acc val_metric=0.8637
Step 1700 | loss 0.1161 | val_acc=0.8655 val_loss=0.5952 val_f1_macro=0.8322 val_f1_weighted=0.8635 val_prec_macro=0.8292 val_rec_macro=0.8388 val_metric_name=acc val_metric=0.8655
Step 1750 | loss 0.1104 | val_acc=0.8655 val_loss=0.6019 val_f1_macro=0.8329 val_f1_weighted=0.8636 val_prec_macro=0.8306 val_rec_macro=0.8386 val_metric_name=acc val_metric=0.8655
Step 1800 | loss 0.0984 | val_acc=0.8650 val_loss=0.6085 val_f1_macro=0.8325 val_f1_weighted=0.8633 val_prec_macro=0.8299 val_rec_macro=0.8386 val_metric_name=acc val_metric=0.8650
Step 1850 | loss 0.1011 | val_acc=0.8658 val_loss=0.6156 val_f1_macro=0.8333 val_f1_weighted=0.8640 val_prec_macro=0.8310 val_rec_macro=0.8392 val_metric_name=acc val_metric=0.8658
Step 1900 | loss 0.0876 | val_acc=0.8671 val_loss=0.6230 val_f1_macro=0.8349 val_f1_weighted=0.8653 val_prec_macro=0.8332 val_rec_macro=0.8400 val_metric_name=acc val_metric=0.8671
Step 1950 | loss 0.0829 | val_acc=0.8669 val_loss=0.6277 val_f1_macro=0.8349 val_f1_weighted=0.8652 val_prec_macro=0.8319 val_rec_macro=0.8413 val_metric_name=acc val_metric=0.8669
Step 2000 | loss 0.0776 | val_acc=0.8687 val_loss=0.6346 val_f1_macro=0.8369 val_f1_weighted=0.8669 val_prec_macro=0.8342 val_rec_macro=0.8429 val_metric_name=acc val_metric=0.8687
Step 2050 | loss 0.0736 | val_acc=0.8692 val_loss=0.6364 val_f1_macro=0.8375 val_f1_weighted=0.8676 val_prec_macro=0.8351 val_rec_macro=0.8430 val_metric_name=acc val_metric=0.8692
Step 2100 | loss 0.0670 | val_acc=0.8701 val_loss=0.6473 val_f1_macro=0.8384 val_f1_weighted=0.8684 val_prec_macro=0.8356 val_rec_macro=0.8446 val_metric_name=acc val_metric=0.8701
Step 2150 | loss 0.0657 | val_acc=0.8683 val_loss=0.6518 val_f1_macro=0.8370 val_f1_weighted=0.8668 val_prec_macro=0.8338 val_rec_macro=0.8432 val_metric_name=acc val_metric=0.8683
Step 2200 | loss 0.0588 | val_acc=0.8697 val_loss=0.6577 val_f1_macro=0.8379 val_f1_weighted=0.8681 val_prec_macro=0.8362 val_rec_macro=0.8428 val_metric_name=acc val_metric=0.8697
Step 2250 | loss 0.0578 | val_acc=0.8706 val_loss=0.6654 val_f1_macro=0.8393 val_f1_weighted=0.8690 val_prec_macro=0.8367 val_rec_macro=0.8450 val_metric_name=acc val_metric=0.8706
Step 2300 | loss 0.0559 | val_acc=0.8701 val_loss=0.6697 val_f1_macro=0.8379 val_f1_weighted=0.8685 val_prec_macro=0.8345 val_rec_macro=0.8442 val_metric_name=acc val_metric=0.8701
Step 2350 | loss 0.0514 | val_acc=0.8687 val_loss=0.6768 val_f1_macro=0.8361 val_f1_weighted=0.8670 val_prec_macro=0.8339 val_rec_macro=0.8415 val_metric_name=acc val_metric=0.8687
Step 2400 | loss 0.0489 | val_acc=0.8706 val_loss=0.6817 val_f1_macro=0.8387 val_f1_weighted=0.8689 val_prec_macro=0.8361 val_rec_macro=0.8441 val_metric_name=acc val_metric=0.8706
Step 2450 | loss 0.0462 | val_acc=0.8711 val_loss=0.6838 val_f1_macro=0.8387 val_f1_weighted=0.8694 val_prec_macro=0.8359 val_rec_macro=0.8440 val_metric_name=acc val_metric=0.8711
Step 2500 | loss 0.0432 | val_acc=0.8726 val_loss=0.6879 val_f1_macro=0.8409 val_f1_weighted=0.8709 val_prec_macro=0.8388 val_rec_macro=0.8457 val_metric_name=acc val_metric=0.8726
Step 2550 | loss 0.0406 | val_acc=0.8708 val_loss=0.6989 val_f1_macro=0.8390 val_f1_weighted=0.8693 val_prec_macro=0.8353 val_rec_macro=0.8452 val_metric_name=acc val_metric=0.8708
Step 2600 | loss 0.0415 | val_acc=0.8718 val_loss=0.6977 val_f1_macro=0.8406 val_f1_weighted=0.8704 val_prec_macro=0.8376 val_rec_macro=0.8461 val_metric_name=acc val_metric=0.8718
Step 2650 | loss 0.0337 | val_acc=0.8706 val_loss=0.7065 val_f1_macro=0.8394 val_f1_weighted=0.8690 val_prec_macro=0.8366 val_rec_macro=0.8447 val_metric_name=acc val_metric=0.8706
Step 2700 | loss 0.0356 | val_acc=0.8718 val_loss=0.7095 val_f1_macro=0.8411 val_f1_weighted=0.8703 val_prec_macro=0.8374 val_rec_macro=0.8472 val_metric_name=acc val_metric=0.8718
Step 2750 | loss 0.0340 | val_acc=0.8731 val_loss=0.7121 val_f1_macro=0.8429 val_f1_weighted=0.8717 val_prec_macro=0.8395 val_rec_macro=0.8488 val_metric_name=acc val_metric=0.8731
Step 2800 | loss 0.0353 | val_acc=0.8710 val_loss=0.7216 val_f1_macro=0.8401 val_f1_weighted=0.8693 val_prec_macro=0.8364 val_rec_macro=0.8469 val_metric_name=acc val_metric=0.8710
Step 2850 | loss 0.0308 | val_acc=0.8718 val_loss=0.7198 val_f1_macro=0.8410 val_f1_weighted=0.8702 val_prec_macro=0.8383 val_rec_macro=0.8461 val_metric_name=acc val_metric=0.8718
Step 2900 | loss 0.0307 | val_acc=0.8722 val_loss=0.7279 val_f1_macro=0.8406 val_f1_weighted=0.8704 val_prec_macro=0.8384 val_rec_macro=0.8459 val_metric_name=acc val_metric=0.8722
Step 2950 | loss 0.0285 | val_acc=0.8727 val_loss=0.7281 val_f1_macro=0.8431 val_f1_weighted=0.8711 val_prec_macro=0.8410 val_rec_macro=0.8475 val_metric_name=acc val_metric=0.8727
Step 3000 | loss 0.0257 | val_acc=0.8718 val_loss=0.7353 val_f1_macro=0.8411 val_f1_weighted=0.8702 val_prec_macro=0.8384 val_rec_macro=0.8463 val_metric_name=acc val_metric=0.8718
Step 3050 | loss 0.0285 | val_acc=0.8727 val_loss=0.7367 val_f1_macro=0.8426 val_f1_weighted=0.8712 val_prec_macro=0.8397 val_rec_macro=0.8478 val_metric_name=acc val_metric=0.8727
Step 3100 | loss 0.0260 | val_acc=0.8745 val_loss=0.7398 val_f1_macro=0.8449 val_f1_weighted=0.8730 val_prec_macro=0.8431 val_rec_macro=0.8491 val_metric_name=acc val_metric=0.8745
Step 3150 | loss 0.0241 | val_acc=0.8738 val_loss=0.7457 val_f1_macro=0.8438 val_f1_weighted=0.8721 val_prec_macro=0.8415 val_rec_macro=0.8485 val_metric_name=acc val_metric=0.8738
Step 3200 | loss 0.0229 | val_acc=0.8733 val_loss=0.7512 val_f1_macro=0.8440 val_f1_weighted=0.8717 val_prec_macro=0.8420 val_rec_macro=0.8480 val_metric_name=acc val_metric=0.8733
Step 3250 | loss 0.0237 | val_acc=0.8726 val_loss=0.7555 val_f1_macro=0.8424 val_f1_weighted=0.8710 val_prec_macro=0.8401 val_rec_macro=0.8469 val_metric_name=acc val_metric=0.8726
Step 3300 | loss 0.0215 | val_acc=0.8738 val_loss=0.7610 val_f1_macro=0.8434 val_f1_weighted=0.8722 val_prec_macro=0.8407 val_rec_macro=0.8487 val_metric_name=acc val_metric=0.8738
Step 3350 | loss 0.0213 | val_acc=0.8740 val_loss=0.7601 val_f1_macro=0.8446 val_f1_weighted=0.8726 val_prec_macro=0.8418 val_rec_macro=0.8492 val_metric_name=acc val_metric=0.8740
Step 3400 | loss 0.0198 | val_acc=0.8740 val_loss=0.7628 val_f1_macro=0.8445 val_f1_weighted=0.8726 val_prec_macro=0.8421 val_rec_macro=0.8489 val_metric_name=acc val_metric=0.8740
Step 3450 | loss 0.0207 | val_acc=0.8729 val_loss=0.7691 val_f1_macro=0.8428 val_f1_weighted=0.8715 val_prec_macro=0.8402 val_rec_macro=0.8476 val_metric_name=acc val_metric=0.8729
Early stopping at step 3490

--- Final (best ckpt @ step 3190) ---
  train_acc=1.0000 train_loss=0.0005 train_f1_macro=1.0000 train_f1_weighted=1.0000 train_prec_macro=1.0000 train_rec_macro=1.0000 train_metric_name=acc train_metric=1.0000
  val_acc=0.8752 val_loss=0.7499 val_f1_macro=0.8460 val_f1_weighted=0.8736 val_prec_macro=0.8443 val_rec_macro=0.8498 val_metric_name=acc val_metric=0.8752
  test_acc=0.8717 test_loss=0.7243 test_f1_macro=0.8422 test_f1_weighted=0.8697 test_prec_macro=0.8498 test_rec_macro=0.8378 test_metric_name=acc test_metric=0.8717
  test_acc=0.8717
  >> num_layers=4 hidden_dim=256 lr=3e-05 best_step=3740 val_acc=0.8810 test_acc=0.8796
     val_acc=0.8810 val_f1_macro=0.8478 val_f1_weighted=0.8791 val_loss=0.7495 val_metric=0.8810 val_metric_name=acc val_prec_macro=0.8491 val_rec_macro=0.8490
     test_acc=0.8796 test_f1_macro=0.8508 test_f1_weighted=0.8781 test_loss=0.7365 test_metric=0.8796 test_metric_name=acc test_prec_macro=0.8555 test_rec_macro=0.8483
  >> num_layers=4 hidden_dim=256 lr=6e-05 best_step=3310 val_acc=0.8860 test_acc=0.8809
     val_acc=0.8860 val_f1_macro=0.8548 val_f1_weighted=0.8840 val_loss=0.8229 val_metric=0.8860 val_metric_name=acc val_prec_macro=0.8562 val_rec_macro=0.8554
     test_acc=0.8809 test_f1_macro=0.8531 test_f1_weighted=0.8790 test_loss=0.8156 test_metric=0.8809 test_metric_name=acc test_prec_macro=0.8576 test_rec_macro=0.8506
  >> num_layers=4 hidden_dim=256 lr=0.0001 best_step=3670 val_acc=0.8879 test_acc=0.8828
     val_acc=0.8879 val_f1_macro=0.8603 val_f1_weighted=0.8865 val_loss=0.8994 val_metric=0.8879 val_metric_name=acc val_prec_macro=0.8605 val_rec_macro=0.8617
     test_acc=0.8828 test_f1_macro=0.8542 test_f1_weighted=0.8809 test_loss=0.8960 test_metric=0.8828 test_metric_name=acc test_prec_macro=0.8597 test_rec_macro=0.8520
  >> num_layers=4 hidden_dim=256 lr=1e-05 best_step=4170 val_acc=0.8713 test_acc=0.8701
     val_acc=0.8713 val_f1_macro=0.8373 val_f1_weighted=0.8693 val_loss=0.5719 val_metric=0.8713 val_metric_name=acc val_prec_macro=0.8366 val_rec_macro=0.8406
     test_acc=0.8701 test_f1_macro=0.8411 test_f1_weighted=0.8683 test_loss=0.5631 test_metric=0.8701 test_metric_name=acc test_prec_macro=0.8457 test_rec_macro=0.8393
  >> num_layers=4 hidden_dim=384 lr=3e-05 best_step=1470 val_acc=0.8731 test_acc=0.8699
     val_acc=0.8731 val_f1_macro=0.8423 val_f1_weighted=0.8713 val_loss=0.7101 val_metric=0.8731 val_metric_name=acc val_prec_macro=0.8391 val_rec_macro=0.8479
     test_acc=0.8699 test_f1_macro=0.8391 test_f1_weighted=0.8677 test_loss=0.6886 test_metric=0.8699 test_metric_name=acc test_prec_macro=0.8419 test_rec_macro=0.8387
  >> num_layers=4 hidden_dim=384 lr=6e-05 best_step=1700 val_acc=0.8787 test_acc=0.8770
     val_acc=0.8787 val_f1_macro=0.8490 val_f1_weighted=0.8771 val_loss=0.8469 val_metric=0.8787 val_metric_name=acc val_prec_macro=0.8479 val_rec_macro=0.8526
     test_acc=0.8770 test_f1_macro=0.8450 test_f1_weighted=0.8752 test_loss=0.8233 test_metric=0.8770 test_metric_name=acc test_prec_macro=0.8473 test_rec_macro=0.8451
  >> num_layers=4 hidden_dim=384 lr=0.0001 best_step=2060 val_acc=0.8814 test_acc=0.8766
     val_acc=0.8814 val_f1_macro=0.8510 val_f1_weighted=0.8797 val_loss=0.9311 val_metric=0.8814 val_metric_name=acc val_prec_macro=0.8481 val_rec_macro=0.8560
     test_acc=0.8766 test_f1_macro=0.8468 test_f1_weighted=0.8747 test_loss=0.9186 test_metric=0.8766 test_metric_name=acc test_prec_macro=0.8476 test_rec_macro=0.8474
  >> num_layers=4 hidden_dim=384 lr=1e-05 best_step=4120 val_acc=0.8756 test_acc=0.8742
     val_acc=0.8756 val_f1_macro=0.8459 val_f1_weighted=0.8742 val_loss=0.7146 val_metric=0.8756 val_metric_name=acc val_prec_macro=0.8420 val_rec_macro=0.8519
     test_acc=0.8742 test_f1_macro=0.8430 test_f1_weighted=0.8721 test_loss=0.6914 test_metric=0.8742 test_metric_name=acc test_prec_macro=0.8445 test_rec_macro=0.8438
  >> num_layers=4 hidden_dim=512 lr=3e-05 best_step=2400 val_acc=0.8768 test_acc=0.8745
     val_acc=0.8768 val_f1_macro=0.8477 val_f1_weighted=0.8754 val_loss=0.8871 val_metric=0.8768 val_metric_name=acc val_prec_macro=0.8467 val_rec_macro=0.8504
     test_acc=0.8745 test_f1_macro=0.8446 test_f1_weighted=0.8725 test_loss=0.8542 test_metric=0.8745 test_metric_name=acc test_prec_macro=0.8500 test_rec_macro=0.8416
  >> num_layers=4 hidden_dim=512 lr=6e-05 best_step=1650 val_acc=0.8740 test_acc=0.8735
     val_acc=0.8740 val_f1_macro=0.8437 val_f1_weighted=0.8722 val_loss=0.9434 val_metric=0.8740 val_metric_name=acc val_prec_macro=0.8409 val_rec_macro=0.8489
     test_acc=0.8735 test_f1_macro=0.8451 test_f1_weighted=0.8710 test_loss=0.9188 test_metric=0.8735 test_metric_name=acc test_prec_macro=0.8474 test_rec_macro=0.8453
  >> num_layers=4 hidden_dim=512 lr=0.0001 best_step=890 val_acc=0.8740 test_acc=0.8720
     val_acc=0.8740 val_f1_macro=0.8431 val_f1_weighted=0.8721 val_loss=0.9026 val_metric=0.8740 val_metric_name=acc val_prec_macro=0.8422 val_rec_macro=0.8467
     test_acc=0.8720 test_f1_macro=0.8433 test_f1_weighted=0.8697 test_loss=0.8928 test_metric=0.8720 test_metric_name=acc test_prec_macro=0.8478 test_rec_macro=0.8416
  >> num_layers=4 hidden_dim=512 lr=1e-05 best_step=3190 val_acc=0.8752 test_acc=0.8717
     val_acc=0.8752 val_f1_macro=0.8460 val_f1_weighted=0.8736 val_loss=0.7499 val_metric=0.8752 val_metric_name=acc val_prec_macro=0.8443 val_rec_macro=0.8498
     test_acc=0.8717 test_f1_macro=0.8422 test_f1_weighted=0.8697 test_loss=0.7243 test_metric=0.8717 test_metric_name=acc test_prec_macro=0.8498 test_rec_macro=0.8378
  >> selected best (by val): num_layers=4 hidden_dim=256 lr=0.0001 val_acc=0.8879 test_acc=0.8828
     val_acc=0.8879 val_f1_macro=0.8603 val_f1_weighted=0.8865 val_loss=0.8994 val_metric=0.8879 val_metric_name=acc val_prec_macro=0.8605 val_rec_macro=0.8617
     test_acc=0.8828 test_f1_macro=0.8542 test_f1_weighted=0.8809 test_loss=0.8960 test_metric=0.8828 test_metric_name=acc test_prec_macro=0.8597 test_rec_macro=0.8520

Done. Results saved to /home/avshmelev/diploma_yandex_graphs/results_grid/roman_empire/base.csv, checkpoints in /home/avshmelev/diploma_yandex_graphs/all_checkpoints/roman_empire/base/
