Loading data...

============================================================
Training roman-empire SAGE 3L h=256 lr=3e-05 split=9
============================================================
Training for 5000 steps
Step    1 | loss 3.1525 | val_acc=0.0431 val_loss=3.1023 val_f1_macro=0.0235 val_f1_weighted=0.0198 val_prec_macro=0.0261 val_rec_macro=0.0577 val_metric_name=acc val_metric=0.0431
Step   50 | loss 1.8145 | val_acc=0.5061 val_loss=1.6551 val_f1_macro=0.2278 val_f1_weighted=0.4098 val_prec_macro=0.2099 val_rec_macro=0.2690 val_metric_name=acc val_metric=0.5061
Step  100 | loss 1.3916 | val_acc=0.6143 val_loss=1.2253 val_f1_macro=0.4282 val_f1_weighted=0.5549 val_prec_macro=0.5391 val_rec_macro=0.4336 val_metric_name=acc val_metric=0.6143
Step  150 | loss 1.1610 | val_acc=0.6731 val_loss=1.0293 val_f1_macro=0.5086 val_f1_weighted=0.6280 val_prec_macro=0.5363 val_rec_macro=0.5242 val_metric_name=acc val_metric=0.6731
Step  200 | loss 0.9987 | val_acc=0.7128 val_loss=0.9065 val_f1_macro=0.5630 val_f1_weighted=0.6784 val_prec_macro=0.5940 val_rec_macro=0.5783 val_metric_name=acc val_metric=0.7128
Step  250 | loss 0.8914 | val_acc=0.7350 val_loss=0.8283 val_f1_macro=0.5975 val_f1_weighted=0.7077 val_prec_macro=0.6189 val_rec_macro=0.6099 val_metric_name=acc val_metric=0.7350
Step  300 | loss 0.8126 | val_acc=0.7513 val_loss=0.7769 val_f1_macro=0.6226 val_f1_weighted=0.7271 val_prec_macro=0.6351 val_rec_macro=0.6354 val_metric_name=acc val_metric=0.7513
Step  350 | loss 0.7525 | val_acc=0.7612 val_loss=0.7390 val_f1_macro=0.6369 val_f1_weighted=0.7393 val_prec_macro=0.6444 val_rec_macro=0.6504 val_metric_name=acc val_metric=0.7612
Step  400 | loss 0.6899 | val_acc=0.7712 val_loss=0.7062 val_f1_macro=0.6530 val_f1_weighted=0.7514 val_prec_macro=0.6849 val_rec_macro=0.6645 val_metric_name=acc val_metric=0.7712
Step  450 | loss 0.6502 | val_acc=0.7762 val_loss=0.6859 val_f1_macro=0.6637 val_f1_weighted=0.7578 val_prec_macro=0.6865 val_rec_macro=0.6736 val_metric_name=acc val_metric=0.7762
Step  500 | loss 0.6023 | val_acc=0.7855 val_loss=0.6630 val_f1_macro=0.6902 val_f1_weighted=0.7708 val_prec_macro=0.7338 val_rec_macro=0.6929 val_metric_name=acc val_metric=0.7855
Step  550 | loss 0.5579 | val_acc=0.7928 val_loss=0.6459 val_f1_macro=0.7105 val_f1_weighted=0.7814 val_prec_macro=0.7416 val_rec_macro=0.7100 val_metric_name=acc val_metric=0.7928
Step  600 | loss 0.5156 | val_acc=0.8016 val_loss=0.6331 val_f1_macro=0.7308 val_f1_weighted=0.7929 val_prec_macro=0.7520 val_rec_macro=0.7289 val_metric_name=acc val_metric=0.8016
Step  650 | loss 0.4845 | val_acc=0.8074 val_loss=0.6227 val_f1_macro=0.7427 val_f1_weighted=0.7997 val_prec_macro=0.7600 val_rec_macro=0.7400 val_metric_name=acc val_metric=0.8074
Step  700 | loss 0.4500 | val_acc=0.8117 val_loss=0.6163 val_f1_macro=0.7517 val_f1_weighted=0.8048 val_prec_macro=0.7668 val_rec_macro=0.7488 val_metric_name=acc val_metric=0.8117
Step  750 | loss 0.4162 | val_acc=0.8132 val_loss=0.6114 val_f1_macro=0.7552 val_f1_weighted=0.8065 val_prec_macro=0.7669 val_rec_macro=0.7533 val_metric_name=acc val_metric=0.8132
Step  800 | loss 0.3833 | val_acc=0.8184 val_loss=0.6058 val_f1_macro=0.7621 val_f1_weighted=0.8127 val_prec_macro=0.7720 val_rec_macro=0.7601 val_metric_name=acc val_metric=0.8184
Step  850 | loss 0.3502 | val_acc=0.8180 val_loss=0.6088 val_f1_macro=0.7633 val_f1_weighted=0.8126 val_prec_macro=0.7738 val_rec_macro=0.7608 val_metric_name=acc val_metric=0.8180
Step  900 | loss 0.3198 | val_acc=0.8219 val_loss=0.6076 val_f1_macro=0.7712 val_f1_weighted=0.8169 val_prec_macro=0.7802 val_rec_macro=0.7690 val_metric_name=acc val_metric=0.8219
Step  950 | loss 0.3033 | val_acc=0.8235 val_loss=0.6109 val_f1_macro=0.7746 val_f1_weighted=0.8191 val_prec_macro=0.7824 val_rec_macro=0.7727 val_metric_name=acc val_metric=0.8235
Step 1000 | loss 0.2725 | val_acc=0.8284 val_loss=0.6173 val_f1_macro=0.7829 val_f1_weighted=0.8242 val_prec_macro=0.7893 val_rec_macro=0.7821 val_metric_name=acc val_metric=0.8284
Step 1050 | loss 0.2622 | val_acc=0.8297 val_loss=0.6234 val_f1_macro=0.7858 val_f1_weighted=0.8255 val_prec_macro=0.7926 val_rec_macro=0.7842 val_metric_name=acc val_metric=0.8297
Step 1100 | loss 0.2358 | val_acc=0.8312 val_loss=0.6310 val_f1_macro=0.7868 val_f1_weighted=0.8271 val_prec_macro=0.7926 val_rec_macro=0.7868 val_metric_name=acc val_metric=0.8312
Step 1150 | loss 0.2175 | val_acc=0.8328 val_loss=0.6390 val_f1_macro=0.7889 val_f1_weighted=0.8290 val_prec_macro=0.7930 val_rec_macro=0.7896 val_metric_name=acc val_metric=0.8328
Step 1200 | loss 0.1953 | val_acc=0.8344 val_loss=0.6479 val_f1_macro=0.7904 val_f1_weighted=0.8304 val_prec_macro=0.7948 val_rec_macro=0.7909 val_metric_name=acc val_metric=0.8344
Step 1250 | loss 0.1805 | val_acc=0.8346 val_loss=0.6550 val_f1_macro=0.7917 val_f1_weighted=0.8308 val_prec_macro=0.7972 val_rec_macro=0.7914 val_metric_name=acc val_metric=0.8346
Step 1300 | loss 0.1697 | val_acc=0.8376 val_loss=0.6603 val_f1_macro=0.7952 val_f1_weighted=0.8341 val_prec_macro=0.7992 val_rec_macro=0.7957 val_metric_name=acc val_metric=0.8376
Step 1350 | loss 0.1554 | val_acc=0.8365 val_loss=0.6761 val_f1_macro=0.7936 val_f1_weighted=0.8328 val_prec_macro=0.7986 val_rec_macro=0.7933 val_metric_name=acc val_metric=0.8365
Step 1400 | loss 0.1392 | val_acc=0.8378 val_loss=0.6815 val_f1_macro=0.7953 val_f1_weighted=0.8346 val_prec_macro=0.7988 val_rec_macro=0.7961 val_metric_name=acc val_metric=0.8378
Step 1450 | loss 0.1331 | val_acc=0.8402 val_loss=0.6933 val_f1_macro=0.7984 val_f1_weighted=0.8368 val_prec_macro=0.8040 val_rec_macro=0.7975 val_metric_name=acc val_metric=0.8402
Step 1500 | loss 0.1204 | val_acc=0.8397 val_loss=0.7045 val_f1_macro=0.7972 val_f1_weighted=0.8362 val_prec_macro=0.8003 val_rec_macro=0.7980 val_metric_name=acc val_metric=0.8397
Step 1550 | loss 0.1194 | val_acc=0.8401 val_loss=0.7126 val_f1_macro=0.7986 val_f1_weighted=0.8366 val_prec_macro=0.8025 val_rec_macro=0.7993 val_metric_name=acc val_metric=0.8401
Step 1600 | loss 0.1062 | val_acc=0.8415 val_loss=0.7214 val_f1_macro=0.8001 val_f1_weighted=0.8381 val_prec_macro=0.8034 val_rec_macro=0.8014 val_metric_name=acc val_metric=0.8415
Step 1650 | loss 0.0929 | val_acc=0.8408 val_loss=0.7294 val_f1_macro=0.7993 val_f1_weighted=0.8372 val_prec_macro=0.8026 val_rec_macro=0.7998 val_metric_name=acc val_metric=0.8408
Step 1700 | loss 0.0898 | val_acc=0.8413 val_loss=0.7385 val_f1_macro=0.8009 val_f1_weighted=0.8378 val_prec_macro=0.8038 val_rec_macro=0.8027 val_metric_name=acc val_metric=0.8413
Step 1750 | loss 0.0844 | val_acc=0.8417 val_loss=0.7483 val_f1_macro=0.8004 val_f1_weighted=0.8380 val_prec_macro=0.8020 val_rec_macro=0.8030 val_metric_name=acc val_metric=0.8417
Step 1800 | loss 0.0786 | val_acc=0.8431 val_loss=0.7539 val_f1_macro=0.8019 val_f1_weighted=0.8396 val_prec_macro=0.8041 val_rec_macro=0.8037 val_metric_name=acc val_metric=0.8431
Step 1850 | loss 0.0725 | val_acc=0.8418 val_loss=0.7635 val_f1_macro=0.8002 val_f1_weighted=0.8384 val_prec_macro=0.8028 val_rec_macro=0.8014 val_metric_name=acc val_metric=0.8418
Step 1900 | loss 0.0666 | val_acc=0.8422 val_loss=0.7751 val_f1_macro=0.8007 val_f1_weighted=0.8386 val_prec_macro=0.8040 val_rec_macro=0.8018 val_metric_name=acc val_metric=0.8422
Step 1950 | loss 0.0683 | val_acc=0.8427 val_loss=0.7833 val_f1_macro=0.8021 val_f1_weighted=0.8390 val_prec_macro=0.8034 val_rec_macro=0.8047 val_metric_name=acc val_metric=0.8427
Step 2000 | loss 0.0603 | val_acc=0.8427 val_loss=0.7902 val_f1_macro=0.8014 val_f1_weighted=0.8391 val_prec_macro=0.8032 val_rec_macro=0.8036 val_metric_name=acc val_metric=0.8427
Step 2050 | loss 0.0647 | val_acc=0.8417 val_loss=0.7953 val_f1_macro=0.7989 val_f1_weighted=0.8378 val_prec_macro=0.8013 val_rec_macro=0.8006 val_metric_name=acc val_metric=0.8417
Step 2100 | loss 0.0571 | val_acc=0.8420 val_loss=0.8074 val_f1_macro=0.8002 val_f1_weighted=0.8384 val_prec_macro=0.8026 val_rec_macro=0.8020 val_metric_name=acc val_metric=0.8420
Step 2150 | loss 0.0511 | val_acc=0.8429 val_loss=0.8100 val_f1_macro=0.8023 val_f1_weighted=0.8395 val_prec_macro=0.8038 val_rec_macro=0.8042 val_metric_name=acc val_metric=0.8429
Step 2200 | loss 0.0487 | val_acc=0.8425 val_loss=0.8218 val_f1_macro=0.8013 val_f1_weighted=0.8387 val_prec_macro=0.8040 val_rec_macro=0.8024 val_metric_name=acc val_metric=0.8425
Step 2250 | loss 0.0457 | val_acc=0.8431 val_loss=0.8240 val_f1_macro=0.8020 val_f1_weighted=0.8396 val_prec_macro=0.8037 val_rec_macro=0.8036 val_metric_name=acc val_metric=0.8431
Step 2300 | loss 0.0477 | val_acc=0.8427 val_loss=0.8305 val_f1_macro=0.8008 val_f1_weighted=0.8392 val_prec_macro=0.8030 val_rec_macro=0.8026 val_metric_name=acc val_metric=0.8427
Step 2350 | loss 0.0495 | val_acc=0.8447 val_loss=0.8413 val_f1_macro=0.8048 val_f1_weighted=0.8413 val_prec_macro=0.8060 val_rec_macro=0.8071 val_metric_name=acc val_metric=0.8447
Step 2400 | loss 0.0425 | val_acc=0.8454 val_loss=0.8430 val_f1_macro=0.8040 val_f1_weighted=0.8420 val_prec_macro=0.8050 val_rec_macro=0.8067 val_metric_name=acc val_metric=0.8454
Step 2450 | loss 0.0404 | val_acc=0.8445 val_loss=0.8514 val_f1_macro=0.8032 val_f1_weighted=0.8409 val_prec_macro=0.8050 val_rec_macro=0.8053 val_metric_name=acc val_metric=0.8445
Step 2500 | loss 0.0405 | val_acc=0.8447 val_loss=0.8568 val_f1_macro=0.8031 val_f1_weighted=0.8412 val_prec_macro=0.8034 val_rec_macro=0.8060 val_metric_name=acc val_metric=0.8447
Step 2550 | loss 0.0362 | val_acc=0.8457 val_loss=0.8549 val_f1_macro=0.8055 val_f1_weighted=0.8423 val_prec_macro=0.8081 val_rec_macro=0.8061 val_metric_name=acc val_metric=0.8457
Step 2600 | loss 0.0324 | val_acc=0.8454 val_loss=0.8615 val_f1_macro=0.8059 val_f1_weighted=0.8421 val_prec_macro=0.8078 val_rec_macro=0.8073 val_metric_name=acc val_metric=0.8454
Step 2650 | loss 0.0340 | val_acc=0.8478 val_loss=0.8641 val_f1_macro=0.8071 val_f1_weighted=0.8447 val_prec_macro=0.8090 val_rec_macro=0.8085 val_metric_name=acc val_metric=0.8478
Step 2700 | loss 0.0331 | val_acc=0.8473 val_loss=0.8706 val_f1_macro=0.8066 val_f1_weighted=0.8439 val_prec_macro=0.8084 val_rec_macro=0.8081 val_metric_name=acc val_metric=0.8473
Step 2750 | loss 0.0292 | val_acc=0.8461 val_loss=0.8775 val_f1_macro=0.8062 val_f1_weighted=0.8424 val_prec_macro=0.8073 val_rec_macro=0.8083 val_metric_name=acc val_metric=0.8461
Step 2800 | loss 0.0331 | val_acc=0.8464 val_loss=0.8803 val_f1_macro=0.8057 val_f1_weighted=0.8432 val_prec_macro=0.8067 val_rec_macro=0.8082 val_metric_name=acc val_metric=0.8464
Step 2850 | loss 0.0273 | val_acc=0.8455 val_loss=0.8882 val_f1_macro=0.8052 val_f1_weighted=0.8420 val_prec_macro=0.8062 val_rec_macro=0.8080 val_metric_name=acc val_metric=0.8455
Step 2900 | loss 0.0254 | val_acc=0.8457 val_loss=0.8889 val_f1_macro=0.8063 val_f1_weighted=0.8425 val_prec_macro=0.8060 val_rec_macro=0.8091 val_metric_name=acc val_metric=0.8457
Step 2950 | loss 0.0278 | val_acc=0.8466 val_loss=0.8979 val_f1_macro=0.8071 val_f1_weighted=0.8435 val_prec_macro=0.8062 val_rec_macro=0.8109 val_metric_name=acc val_metric=0.8466
Step 3000 | loss 0.0254 | val_acc=0.8466 val_loss=0.9003 val_f1_macro=0.8080 val_f1_weighted=0.8438 val_prec_macro=0.8083 val_rec_macro=0.8107 val_metric_name=acc val_metric=0.8466
Step 3050 | loss 0.0253 | val_acc=0.8478 val_loss=0.9007 val_f1_macro=0.8092 val_f1_weighted=0.8448 val_prec_macro=0.8089 val_rec_macro=0.8123 val_metric_name=acc val_metric=0.8478
Step 3100 | loss 0.0251 | val_acc=0.8485 val_loss=0.8987 val_f1_macro=0.8101 val_f1_weighted=0.8455 val_prec_macro=0.8093 val_rec_macro=0.8137 val_metric_name=acc val_metric=0.8485
Step 3150 | loss 0.0225 | val_acc=0.8498 val_loss=0.9067 val_f1_macro=0.8108 val_f1_weighted=0.8466 val_prec_macro=0.8117 val_rec_macro=0.8127 val_metric_name=acc val_metric=0.8498
Step 3200 | loss 0.0257 | val_acc=0.8491 val_loss=0.9103 val_f1_macro=0.8106 val_f1_weighted=0.8461 val_prec_macro=0.8105 val_rec_macro=0.8131 val_metric_name=acc val_metric=0.8491
Step 3250 | loss 0.0212 | val_acc=0.8492 val_loss=0.9196 val_f1_macro=0.8116 val_f1_weighted=0.8461 val_prec_macro=0.8109 val_rec_macro=0.8149 val_metric_name=acc val_metric=0.8492
Step 3300 | loss 0.0223 | val_acc=0.8491 val_loss=0.9227 val_f1_macro=0.8110 val_f1_weighted=0.8460 val_prec_macro=0.8112 val_rec_macro=0.8140 val_metric_name=acc val_metric=0.8491
Step 3350 | loss 0.0220 | val_acc=0.8501 val_loss=0.9272 val_f1_macro=0.8125 val_f1_weighted=0.8471 val_prec_macro=0.8109 val_rec_macro=0.8173 val_metric_name=acc val_metric=0.8501
Step 3400 | loss 0.0170 | val_acc=0.8508 val_loss=0.9289 val_f1_macro=0.8115 val_f1_weighted=0.8480 val_prec_macro=0.8113 val_rec_macro=0.8149 val_metric_name=acc val_metric=0.8508
Step 3450 | loss 0.0197 | val_acc=0.8501 val_loss=0.9312 val_f1_macro=0.8121 val_f1_weighted=0.8470 val_prec_macro=0.8132 val_rec_macro=0.8138 val_metric_name=acc val_metric=0.8501
Step 3500 | loss 0.0217 | val_acc=0.8496 val_loss=0.9375 val_f1_macro=0.8120 val_f1_weighted=0.8463 val_prec_macro=0.8128 val_rec_macro=0.8145 val_metric_name=acc val_metric=0.8496
Step 3550 | loss 0.0179 | val_acc=0.8496 val_loss=0.9409 val_f1_macro=0.8117 val_f1_weighted=0.8465 val_prec_macro=0.8121 val_rec_macro=0.8145 val_metric_name=acc val_metric=0.8496
Step 3600 | loss 0.0196 | val_acc=0.8508 val_loss=0.9458 val_f1_macro=0.8134 val_f1_weighted=0.8477 val_prec_macro=0.8138 val_rec_macro=0.8159 val_metric_name=acc val_metric=0.8508
Step 3650 | loss 0.0172 | val_acc=0.8501 val_loss=0.9427 val_f1_macro=0.8125 val_f1_weighted=0.8469 val_prec_macro=0.8128 val_rec_macro=0.8150 val_metric_name=acc val_metric=0.8501
Step 3700 | loss 0.0156 | val_acc=0.8510 val_loss=0.9511 val_f1_macro=0.8124 val_f1_weighted=0.8479 val_prec_macro=0.8117 val_rec_macro=0.8164 val_metric_name=acc val_metric=0.8510
Step 3750 | loss 0.0147 | val_acc=0.8503 val_loss=0.9427 val_f1_macro=0.8120 val_f1_weighted=0.8476 val_prec_macro=0.8111 val_rec_macro=0.8157 val_metric_name=acc val_metric=0.8503
Step 3800 | loss 0.0180 | val_acc=0.8503 val_loss=0.9461 val_f1_macro=0.8122 val_f1_weighted=0.8476 val_prec_macro=0.8108 val_rec_macro=0.8163 val_metric_name=acc val_metric=0.8503
Step 3850 | loss 0.0136 | val_acc=0.8515 val_loss=0.9523 val_f1_macro=0.8137 val_f1_weighted=0.8487 val_prec_macro=0.8128 val_rec_macro=0.8172 val_metric_name=acc val_metric=0.8515
Step 3900 | loss 0.0143 | val_acc=0.8510 val_loss=0.9566 val_f1_macro=0.8140 val_f1_weighted=0.8479 val_prec_macro=0.8146 val_rec_macro=0.8160 val_metric_name=acc val_metric=0.8510
Step 3950 | loss 0.0159 | val_acc=0.8517 val_loss=0.9541 val_f1_macro=0.8143 val_f1_weighted=0.8490 val_prec_macro=0.8131 val_rec_macro=0.8179 val_metric_name=acc val_metric=0.8517
Step 4000 | loss 0.0145 | val_acc=0.8514 val_loss=0.9647 val_f1_macro=0.8143 val_f1_weighted=0.8481 val_prec_macro=0.8144 val_rec_macro=0.8172 val_metric_name=acc val_metric=0.8514
Step 4050 | loss 0.0130 | val_acc=0.8526 val_loss=0.9664 val_f1_macro=0.8150 val_f1_weighted=0.8494 val_prec_macro=0.8137 val_rec_macro=0.8191 val_metric_name=acc val_metric=0.8526
Step 4100 | loss 0.0141 | val_acc=0.8535 val_loss=0.9718 val_f1_macro=0.8159 val_f1_weighted=0.8505 val_prec_macro=0.8139 val_rec_macro=0.8212 val_metric_name=acc val_metric=0.8535
Step 4150 | loss 0.0139 | val_acc=0.8528 val_loss=0.9714 val_f1_macro=0.8157 val_f1_weighted=0.8498 val_prec_macro=0.8130 val_rec_macro=0.8214 val_metric_name=acc val_metric=0.8528
Step 4200 | loss 0.0130 | val_acc=0.8530 val_loss=0.9700 val_f1_macro=0.8166 val_f1_weighted=0.8504 val_prec_macro=0.8146 val_rec_macro=0.8206 val_metric_name=acc val_metric=0.8530
Step 4250 | loss 0.0106 | val_acc=0.8533 val_loss=0.9742 val_f1_macro=0.8169 val_f1_weighted=0.8503 val_prec_macro=0.8163 val_rec_macro=0.8205 val_metric_name=acc val_metric=0.8533
Step 4300 | loss 0.0113 | val_acc=0.8535 val_loss=0.9707 val_f1_macro=0.8174 val_f1_weighted=0.8508 val_prec_macro=0.8163 val_rec_macro=0.8209 val_metric_name=acc val_metric=0.8535
Step 4350 | loss 0.0117 | val_acc=0.8533 val_loss=0.9821 val_f1_macro=0.8163 val_f1_weighted=0.8503 val_prec_macro=0.8161 val_rec_macro=0.8190 val_metric_name=acc val_metric=0.8533
Step 4400 | loss 0.0146 | val_acc=0.8554 val_loss=0.9761 val_f1_macro=0.8194 val_f1_weighted=0.8527 val_prec_macro=0.8181 val_rec_macro=0.8233 val_metric_name=acc val_metric=0.8554
Step 4450 | loss 0.0092 | val_acc=0.8530 val_loss=0.9814 val_f1_macro=0.8157 val_f1_weighted=0.8501 val_prec_macro=0.8137 val_rec_macro=0.8204 val_metric_name=acc val_metric=0.8530
Step 4500 | loss 0.0116 | val_acc=0.8554 val_loss=0.9841 val_f1_macro=0.8182 val_f1_weighted=0.8528 val_prec_macro=0.8156 val_rec_macro=0.8229 val_metric_name=acc val_metric=0.8554
Step 4550 | loss 0.0125 | val_acc=0.8540 val_loss=0.9863 val_f1_macro=0.8177 val_f1_weighted=0.8515 val_prec_macro=0.8148 val_rec_macro=0.8231 val_metric_name=acc val_metric=0.8540
Step 4600 | loss 0.0107 | val_acc=0.8556 val_loss=0.9858 val_f1_macro=0.8194 val_f1_weighted=0.8528 val_prec_macro=0.8194 val_rec_macro=0.8214 val_metric_name=acc val_metric=0.8556
Step 4650 | loss 0.0110 | val_acc=0.8537 val_loss=0.9857 val_f1_macro=0.8176 val_f1_weighted=0.8510 val_prec_macro=0.8159 val_rec_macro=0.8220 val_metric_name=acc val_metric=0.8537
Step 4700 | loss 0.0087 | val_acc=0.8556 val_loss=0.9896 val_f1_macro=0.8192 val_f1_weighted=0.8533 val_prec_macro=0.8186 val_rec_macro=0.8217 val_metric_name=acc val_metric=0.8556
Step 4750 | loss 0.0113 | val_acc=0.8526 val_loss=0.9966 val_f1_macro=0.8160 val_f1_weighted=0.8498 val_prec_macro=0.8151 val_rec_macro=0.8194 val_metric_name=acc val_metric=0.8526
Step 4800 | loss 0.0114 | val_acc=0.8556 val_loss=0.9941 val_f1_macro=0.8188 val_f1_weighted=0.8530 val_prec_macro=0.8172 val_rec_macro=0.8226 val_metric_name=acc val_metric=0.8556
Step 4850 | loss 0.0086 | val_acc=0.8544 val_loss=1.0059 val_f1_macro=0.8174 val_f1_weighted=0.8515 val_prec_macro=0.8161 val_rec_macro=0.8211 val_metric_name=acc val_metric=0.8544
Step 4900 | loss 0.0090 | val_acc=0.8554 val_loss=1.0033 val_f1_macro=0.8184 val_f1_weighted=0.8529 val_prec_macro=0.8179 val_rec_macro=0.8209 val_metric_name=acc val_metric=0.8554
Step 4950 | loss 0.0100 | val_acc=0.8547 val_loss=1.0099 val_f1_macro=0.8171 val_f1_weighted=0.8519 val_prec_macro=0.8154 val_rec_macro=0.8216 val_metric_name=acc val_metric=0.8547
Step 5000 | loss 0.0086 | val_acc=0.8545 val_loss=1.0096 val_f1_macro=0.8182 val_f1_weighted=0.8517 val_prec_macro=0.8164 val_rec_macro=0.8229 val_metric_name=acc val_metric=0.8545

--- Final (best ckpt @ step 4860) ---
  train_acc=0.9997 train_loss=0.0004 train_f1_macro=0.9997 train_f1_weighted=0.9997 train_prec_macro=0.9999 train_rec_macro=0.9995 train_metric_name=acc train_metric=0.9997
  val_acc=0.8572 val_loss=1.0067 val_f1_macro=0.8216 val_f1_weighted=0.8543 val_prec_macro=0.8209 val_rec_macro=0.8250 val_metric_name=acc val_metric=0.8572
  test_acc=0.8466 test_loss=1.0628 test_f1_macro=0.8078 test_f1_weighted=0.8444 test_prec_macro=0.8042 test_rec_macro=0.8141 test_metric_name=acc test_metric=0.8466
  test_acc=0.8466

============================================================
Training roman-empire SAGE 3L h=256 lr=6e-05 split=9
============================================================
Training for 5000 steps
Step    1 | loss 3.1525 | val_acc=0.0485 val_loss=2.9748 val_f1_macro=0.0267 val_f1_weighted=0.0244 val_prec_macro=0.0589 val_rec_macro=0.0589 val_metric_name=acc val_metric=0.0485
Step   50 | loss 1.4532 | val_acc=0.5914 val_loss=1.2905 val_f1_macro=0.3858 val_f1_weighted=0.5264 val_prec_macro=0.4645 val_rec_macro=0.3902 val_metric_name=acc val_metric=0.5914
Step  100 | loss 1.0429 | val_acc=0.7008 val_loss=0.9485 val_f1_macro=0.5493 val_f1_weighted=0.6647 val_prec_macro=0.5830 val_rec_macro=0.5649 val_metric_name=acc val_metric=0.7008
Step  150 | loss 0.8443 | val_acc=0.7426 val_loss=0.8004 val_f1_macro=0.6110 val_f1_weighted=0.7179 val_prec_macro=0.6242 val_rec_macro=0.6246 val_metric_name=acc val_metric=0.7426
Step  200 | loss 0.7219 | val_acc=0.7650 val_loss=0.7266 val_f1_macro=0.6435 val_f1_weighted=0.7437 val_prec_macro=0.6499 val_rec_macro=0.6576 val_metric_name=acc val_metric=0.7650
Step  250 | loss 0.6291 | val_acc=0.7781 val_loss=0.6774 val_f1_macro=0.6719 val_f1_weighted=0.7616 val_prec_macro=0.7027 val_rec_macro=0.6802 val_metric_name=acc val_metric=0.7781
Step  300 | loss 0.5506 | val_acc=0.7951 val_loss=0.6439 val_f1_macro=0.7163 val_f1_weighted=0.7845 val_prec_macro=0.7440 val_rec_macro=0.7156 val_metric_name=acc val_metric=0.7951
Step  350 | loss 0.4863 | val_acc=0.8065 val_loss=0.6223 val_f1_macro=0.7423 val_f1_weighted=0.7989 val_prec_macro=0.7576 val_rec_macro=0.7403 val_metric_name=acc val_metric=0.8065
Step  400 | loss 0.4134 | val_acc=0.8132 val_loss=0.6104 val_f1_macro=0.7544 val_f1_weighted=0.8075 val_prec_macro=0.7654 val_rec_macro=0.7533 val_metric_name=acc val_metric=0.8132
Step  450 | loss 0.3648 | val_acc=0.8196 val_loss=0.6102 val_f1_macro=0.7646 val_f1_weighted=0.8143 val_prec_macro=0.7736 val_rec_macro=0.7635 val_metric_name=acc val_metric=0.8196
Step  500 | loss 0.3130 | val_acc=0.8238 val_loss=0.6124 val_f1_macro=0.7738 val_f1_weighted=0.8193 val_prec_macro=0.7793 val_rec_macro=0.7742 val_metric_name=acc val_metric=0.8238
Step  550 | loss 0.2607 | val_acc=0.8297 val_loss=0.6192 val_f1_macro=0.7826 val_f1_weighted=0.8261 val_prec_macro=0.7857 val_rec_macro=0.7838 val_metric_name=acc val_metric=0.8297
Step  600 | loss 0.2226 | val_acc=0.8309 val_loss=0.6349 val_f1_macro=0.7856 val_f1_weighted=0.8272 val_prec_macro=0.7902 val_rec_macro=0.7865 val_metric_name=acc val_metric=0.8309
Step  650 | loss 0.1955 | val_acc=0.8334 val_loss=0.6511 val_f1_macro=0.7889 val_f1_weighted=0.8302 val_prec_macro=0.7919 val_rec_macro=0.7901 val_metric_name=acc val_metric=0.8334
Step  700 | loss 0.1660 | val_acc=0.8360 val_loss=0.6684 val_f1_macro=0.7931 val_f1_weighted=0.8325 val_prec_macro=0.7966 val_rec_macro=0.7941 val_metric_name=acc val_metric=0.8360
Step  750 | loss 0.1451 | val_acc=0.8360 val_loss=0.6904 val_f1_macro=0.7919 val_f1_weighted=0.8326 val_prec_macro=0.7938 val_rec_macro=0.7945 val_metric_name=acc val_metric=0.8360
Step  800 | loss 0.1185 | val_acc=0.8378 val_loss=0.7058 val_f1_macro=0.7941 val_f1_weighted=0.8347 val_prec_macro=0.7953 val_rec_macro=0.7968 val_metric_name=acc val_metric=0.8378
Step  850 | loss 0.0979 | val_acc=0.8387 val_loss=0.7307 val_f1_macro=0.7953 val_f1_weighted=0.8355 val_prec_macro=0.7974 val_rec_macro=0.7978 val_metric_name=acc val_metric=0.8387
Step  900 | loss 0.0880 | val_acc=0.8402 val_loss=0.7432 val_f1_macro=0.7979 val_f1_weighted=0.8369 val_prec_macro=0.8013 val_rec_macro=0.7988 val_metric_name=acc val_metric=0.8402
Step  950 | loss 0.0858 | val_acc=0.8413 val_loss=0.7590 val_f1_macro=0.7998 val_f1_weighted=0.8380 val_prec_macro=0.8018 val_rec_macro=0.8012 val_metric_name=acc val_metric=0.8413
Step 1000 | loss 0.0744 | val_acc=0.8420 val_loss=0.7760 val_f1_macro=0.8001 val_f1_weighted=0.8389 val_prec_macro=0.8021 val_rec_macro=0.8014 val_metric_name=acc val_metric=0.8420
Step 1050 | loss 0.0684 | val_acc=0.8404 val_loss=0.7976 val_f1_macro=0.7973 val_f1_weighted=0.8366 val_prec_macro=0.7997 val_rec_macro=0.7998 val_metric_name=acc val_metric=0.8404
Step 1100 | loss 0.0557 | val_acc=0.8395 val_loss=0.8087 val_f1_macro=0.7984 val_f1_weighted=0.8360 val_prec_macro=0.7991 val_rec_macro=0.8012 val_metric_name=acc val_metric=0.8395
Step 1150 | loss 0.0516 | val_acc=0.8422 val_loss=0.8194 val_f1_macro=0.8007 val_f1_weighted=0.8391 val_prec_macro=0.8021 val_rec_macro=0.8030 val_metric_name=acc val_metric=0.8422
Step 1200 | loss 0.0451 | val_acc=0.8429 val_loss=0.8328 val_f1_macro=0.8021 val_f1_weighted=0.8399 val_prec_macro=0.8033 val_rec_macro=0.8041 val_metric_name=acc val_metric=0.8429
Step 1250 | loss 0.0433 | val_acc=0.8418 val_loss=0.8412 val_f1_macro=0.8020 val_f1_weighted=0.8388 val_prec_macro=0.8025 val_rec_macro=0.8047 val_metric_name=acc val_metric=0.8418
Step 1300 | loss 0.0394 | val_acc=0.8440 val_loss=0.8470 val_f1_macro=0.8028 val_f1_weighted=0.8407 val_prec_macro=0.8031 val_rec_macro=0.8057 val_metric_name=acc val_metric=0.8440
Step 1350 | loss 0.0370 | val_acc=0.8427 val_loss=0.8672 val_f1_macro=0.8038 val_f1_weighted=0.8394 val_prec_macro=0.8062 val_rec_macro=0.8046 val_metric_name=acc val_metric=0.8427
Step 1400 | loss 0.0319 | val_acc=0.8432 val_loss=0.8683 val_f1_macro=0.8030 val_f1_weighted=0.8405 val_prec_macro=0.8046 val_rec_macro=0.8042 val_metric_name=acc val_metric=0.8432
Step 1450 | loss 0.0324 | val_acc=0.8436 val_loss=0.8796 val_f1_macro=0.8035 val_f1_weighted=0.8406 val_prec_macro=0.8046 val_rec_macro=0.8057 val_metric_name=acc val_metric=0.8436
Step 1500 | loss 0.0294 | val_acc=0.8462 val_loss=0.8915 val_f1_macro=0.8078 val_f1_weighted=0.8433 val_prec_macro=0.8088 val_rec_macro=0.8099 val_metric_name=acc val_metric=0.8462
Step 1550 | loss 0.0293 | val_acc=0.8454 val_loss=0.8952 val_f1_macro=0.8074 val_f1_weighted=0.8423 val_prec_macro=0.8078 val_rec_macro=0.8100 val_metric_name=acc val_metric=0.8454
Step 1600 | loss 0.0284 | val_acc=0.8462 val_loss=0.9033 val_f1_macro=0.8086 val_f1_weighted=0.8433 val_prec_macro=0.8090 val_rec_macro=0.8114 val_metric_name=acc val_metric=0.8462
Step 1650 | loss 0.0245 | val_acc=0.8464 val_loss=0.9091 val_f1_macro=0.8076 val_f1_weighted=0.8436 val_prec_macro=0.8075 val_rec_macro=0.8109 val_metric_name=acc val_metric=0.8464
Step 1700 | loss 0.0239 | val_acc=0.8462 val_loss=0.9177 val_f1_macro=0.8079 val_f1_weighted=0.8433 val_prec_macro=0.8090 val_rec_macro=0.8100 val_metric_name=acc val_metric=0.8462
Step 1750 | loss 0.0192 | val_acc=0.8464 val_loss=0.9213 val_f1_macro=0.8070 val_f1_weighted=0.8435 val_prec_macro=0.8050 val_rec_macro=0.8127 val_metric_name=acc val_metric=0.8464
Step 1800 | loss 0.0225 | val_acc=0.8496 val_loss=0.9159 val_f1_macro=0.8115 val_f1_weighted=0.8472 val_prec_macro=0.8111 val_rec_macro=0.8143 val_metric_name=acc val_metric=0.8496
Step 1850 | loss 0.0191 | val_acc=0.8492 val_loss=0.9298 val_f1_macro=0.8115 val_f1_weighted=0.8465 val_prec_macro=0.8118 val_rec_macro=0.8144 val_metric_name=acc val_metric=0.8492
Step 1900 | loss 0.0172 | val_acc=0.8487 val_loss=0.9412 val_f1_macro=0.8103 val_f1_weighted=0.8453 val_prec_macro=0.8109 val_rec_macro=0.8127 val_metric_name=acc val_metric=0.8487
Step 1950 | loss 0.0180 | val_acc=0.8496 val_loss=0.9477 val_f1_macro=0.8119 val_f1_weighted=0.8465 val_prec_macro=0.8116 val_rec_macro=0.8153 val_metric_name=acc val_metric=0.8496
Step 2000 | loss 0.0153 | val_acc=0.8475 val_loss=0.9525 val_f1_macro=0.8096 val_f1_weighted=0.8444 val_prec_macro=0.8089 val_rec_macro=0.8129 val_metric_name=acc val_metric=0.8475
Step 2050 | loss 0.0185 | val_acc=0.8500 val_loss=0.9613 val_f1_macro=0.8128 val_f1_weighted=0.8470 val_prec_macro=0.8129 val_rec_macro=0.8152 val_metric_name=acc val_metric=0.8500
Step 2100 | loss 0.0159 | val_acc=0.8489 val_loss=0.9640 val_f1_macro=0.8100 val_f1_weighted=0.8464 val_prec_macro=0.8091 val_rec_macro=0.8142 val_metric_name=acc val_metric=0.8489
Step 2150 | loss 0.0139 | val_acc=0.8503 val_loss=0.9645 val_f1_macro=0.8129 val_f1_weighted=0.8475 val_prec_macro=0.8136 val_rec_macro=0.8152 val_metric_name=acc val_metric=0.8503
Step 2200 | loss 0.0133 | val_acc=0.8496 val_loss=0.9723 val_f1_macro=0.8124 val_f1_weighted=0.8465 val_prec_macro=0.8126 val_rec_macro=0.8149 val_metric_name=acc val_metric=0.8496
Step 2250 | loss 0.0132 | val_acc=0.8507 val_loss=0.9735 val_f1_macro=0.8131 val_f1_weighted=0.8476 val_prec_macro=0.8132 val_rec_macro=0.8150 val_metric_name=acc val_metric=0.8507
Step 2300 | loss 0.0139 | val_acc=0.8491 val_loss=0.9892 val_f1_macro=0.8108 val_f1_weighted=0.8461 val_prec_macro=0.8111 val_rec_macro=0.8132 val_metric_name=acc val_metric=0.8491
Step 2350 | loss 0.0174 | val_acc=0.8510 val_loss=0.9871 val_f1_macro=0.8126 val_f1_weighted=0.8483 val_prec_macro=0.8105 val_rec_macro=0.8172 val_metric_name=acc val_metric=0.8510
Step 2400 | loss 0.0108 | val_acc=0.8489 val_loss=0.9890 val_f1_macro=0.8100 val_f1_weighted=0.8462 val_prec_macro=0.8091 val_rec_macro=0.8141 val_metric_name=acc val_metric=0.8489
Step 2450 | loss 0.0119 | val_acc=0.8521 val_loss=0.9919 val_f1_macro=0.8142 val_f1_weighted=0.8494 val_prec_macro=0.8146 val_rec_macro=0.8166 val_metric_name=acc val_metric=0.8521
Step 2500 | loss 0.0131 | val_acc=0.8507 val_loss=1.0040 val_f1_macro=0.8120 val_f1_weighted=0.8479 val_prec_macro=0.8107 val_rec_macro=0.8154 val_metric_name=acc val_metric=0.8507
Step 2550 | loss 0.0106 | val_acc=0.8524 val_loss=0.9994 val_f1_macro=0.8132 val_f1_weighted=0.8497 val_prec_macro=0.8105 val_rec_macro=0.8190 val_metric_name=acc val_metric=0.8524
Step 2600 | loss 0.0101 | val_acc=0.8533 val_loss=1.0070 val_f1_macro=0.8146 val_f1_weighted=0.8505 val_prec_macro=0.8146 val_rec_macro=0.8176 val_metric_name=acc val_metric=0.8533
Step 2650 | loss 0.0095 | val_acc=0.8528 val_loss=0.9968 val_f1_macro=0.8150 val_f1_weighted=0.8500 val_prec_macro=0.8148 val_rec_macro=0.8177 val_metric_name=acc val_metric=0.8528
Step 2700 | loss 0.0109 | val_acc=0.8533 val_loss=1.0057 val_f1_macro=0.8144 val_f1_weighted=0.8505 val_prec_macro=0.8138 val_rec_macro=0.8177 val_metric_name=acc val_metric=0.8533
Step 2750 | loss 0.0093 | val_acc=0.8514 val_loss=1.0120 val_f1_macro=0.8122 val_f1_weighted=0.8480 val_prec_macro=0.8116 val_rec_macro=0.8156 val_metric_name=acc val_metric=0.8514
Step 2800 | loss 0.0109 | val_acc=0.8519 val_loss=1.0120 val_f1_macro=0.8125 val_f1_weighted=0.8491 val_prec_macro=0.8127 val_rec_macro=0.8159 val_metric_name=acc val_metric=0.8519
Step 2850 | loss 0.0090 | val_acc=0.8512 val_loss=1.0300 val_f1_macro=0.8143 val_f1_weighted=0.8485 val_prec_macro=0.8130 val_rec_macro=0.8184 val_metric_name=acc val_metric=0.8512
Step 2900 | loss 0.0079 | val_acc=0.8508 val_loss=1.0254 val_f1_macro=0.8121 val_f1_weighted=0.8476 val_prec_macro=0.8115 val_rec_macro=0.8152 val_metric_name=acc val_metric=0.8508
Step 2950 | loss 0.0089 | val_acc=0.8558 val_loss=1.0218 val_f1_macro=0.8191 val_f1_weighted=0.8531 val_prec_macro=0.8171 val_rec_macro=0.8241 val_metric_name=acc val_metric=0.8558
Step 3000 | loss 0.0085 | val_acc=0.8528 val_loss=1.0328 val_f1_macro=0.8147 val_f1_weighted=0.8501 val_prec_macro=0.8122 val_rec_macro=0.8201 val_metric_name=acc val_metric=0.8528
Step 3050 | loss 0.0090 | val_acc=0.8538 val_loss=1.0249 val_f1_macro=0.8168 val_f1_weighted=0.8510 val_prec_macro=0.8160 val_rec_macro=0.8201 val_metric_name=acc val_metric=0.8538
Step 3100 | loss 0.0093 | val_acc=0.8537 val_loss=1.0290 val_f1_macro=0.8158 val_f1_weighted=0.8509 val_prec_macro=0.8143 val_rec_macro=0.8202 val_metric_name=acc val_metric=0.8537
Step 3150 | loss 0.0060 | val_acc=0.8560 val_loss=1.0267 val_f1_macro=0.8193 val_f1_weighted=0.8534 val_prec_macro=0.8187 val_rec_macro=0.8219 val_metric_name=acc val_metric=0.8560
Step 3200 | loss 0.0085 | val_acc=0.8547 val_loss=1.0341 val_f1_macro=0.8184 val_f1_weighted=0.8522 val_prec_macro=0.8166 val_rec_macro=0.8224 val_metric_name=acc val_metric=0.8547
Step 3250 | loss 0.0069 | val_acc=0.8540 val_loss=1.0376 val_f1_macro=0.8167 val_f1_weighted=0.8511 val_prec_macro=0.8160 val_rec_macro=0.8204 val_metric_name=acc val_metric=0.8540
Step 3300 | loss 0.0075 | val_acc=0.8535 val_loss=1.0467 val_f1_macro=0.8167 val_f1_weighted=0.8508 val_prec_macro=0.8168 val_rec_macro=0.8196 val_metric_name=acc val_metric=0.8535
Step 3350 | loss 0.0069 | val_acc=0.8535 val_loss=1.0478 val_f1_macro=0.8143 val_f1_weighted=0.8503 val_prec_macro=0.8138 val_rec_macro=0.8182 val_metric_name=acc val_metric=0.8535
Step 3400 | loss 0.0049 | val_acc=0.8537 val_loss=1.0587 val_f1_macro=0.8156 val_f1_weighted=0.8507 val_prec_macro=0.8149 val_rec_macro=0.8195 val_metric_name=acc val_metric=0.8537
Step 3450 | loss 0.0071 | val_acc=0.8563 val_loss=1.0478 val_f1_macro=0.8207 val_f1_weighted=0.8537 val_prec_macro=0.8216 val_rec_macro=0.8226 val_metric_name=acc val_metric=0.8563
Step 3500 | loss 0.0084 | val_acc=0.8545 val_loss=1.0505 val_f1_macro=0.8184 val_f1_weighted=0.8518 val_prec_macro=0.8180 val_rec_macro=0.8220 val_metric_name=acc val_metric=0.8545
Step 3550 | loss 0.0064 | val_acc=0.8551 val_loss=1.0579 val_f1_macro=0.8184 val_f1_weighted=0.8523 val_prec_macro=0.8185 val_rec_macro=0.8217 val_metric_name=acc val_metric=0.8551
Step 3600 | loss 0.0070 | val_acc=0.8535 val_loss=1.0596 val_f1_macro=0.8169 val_f1_weighted=0.8506 val_prec_macro=0.8155 val_rec_macro=0.8214 val_metric_name=acc val_metric=0.8535
Step 3650 | loss 0.0064 | val_acc=0.8530 val_loss=1.0581 val_f1_macro=0.8162 val_f1_weighted=0.8499 val_prec_macro=0.8164 val_rec_macro=0.8194 val_metric_name=acc val_metric=0.8530
Step 3700 | loss 0.0058 | val_acc=0.8538 val_loss=1.0704 val_f1_macro=0.8165 val_f1_weighted=0.8506 val_prec_macro=0.8146 val_rec_macro=0.8224 val_metric_name=acc val_metric=0.8538
Step 3750 | loss 0.0043 | val_acc=0.8568 val_loss=1.0529 val_f1_macro=0.8196 val_f1_weighted=0.8546 val_prec_macro=0.8190 val_rec_macro=0.8229 val_metric_name=acc val_metric=0.8568
Step 3800 | loss 0.0059 | val_acc=0.8570 val_loss=1.0560 val_f1_macro=0.8203 val_f1_weighted=0.8543 val_prec_macro=0.8204 val_rec_macro=0.8229 val_metric_name=acc val_metric=0.8570
Step 3850 | loss 0.0042 | val_acc=0.8570 val_loss=1.0659 val_f1_macro=0.8214 val_f1_weighted=0.8545 val_prec_macro=0.8203 val_rec_macro=0.8256 val_metric_name=acc val_metric=0.8570
Step 3900 | loss 0.0052 | val_acc=0.8549 val_loss=1.0785 val_f1_macro=0.8180 val_f1_weighted=0.8520 val_prec_macro=0.8168 val_rec_macro=0.8227 val_metric_name=acc val_metric=0.8549
Step 3950 | loss 0.0051 | val_acc=0.8575 val_loss=1.0650 val_f1_macro=0.8212 val_f1_weighted=0.8550 val_prec_macro=0.8178 val_rec_macro=0.8272 val_metric_name=acc val_metric=0.8575
Step 4000 | loss 0.0041 | val_acc=0.8570 val_loss=1.0765 val_f1_macro=0.8222 val_f1_weighted=0.8543 val_prec_macro=0.8211 val_rec_macro=0.8259 val_metric_name=acc val_metric=0.8570
Step 4050 | loss 0.0036 | val_acc=0.8570 val_loss=1.0775 val_f1_macro=0.8211 val_f1_weighted=0.8538 val_prec_macro=0.8192 val_rec_macro=0.8262 val_metric_name=acc val_metric=0.8570
Step 4100 | loss 0.0059 | val_acc=0.8572 val_loss=1.0797 val_f1_macro=0.8215 val_f1_weighted=0.8544 val_prec_macro=0.8190 val_rec_macro=0.8271 val_metric_name=acc val_metric=0.8572
Step 4150 | loss 0.0043 | val_acc=0.8568 val_loss=1.0867 val_f1_macro=0.8211 val_f1_weighted=0.8541 val_prec_macro=0.8196 val_rec_macro=0.8258 val_metric_name=acc val_metric=0.8568
Step 4200 | loss 0.0047 | val_acc=0.8545 val_loss=1.0928 val_f1_macro=0.8189 val_f1_weighted=0.8519 val_prec_macro=0.8179 val_rec_macro=0.8227 val_metric_name=acc val_metric=0.8545
Step 4250 | loss 0.0037 | val_acc=0.8560 val_loss=1.0945 val_f1_macro=0.8190 val_f1_weighted=0.8528 val_prec_macro=0.8162 val_rec_macro=0.8254 val_metric_name=acc val_metric=0.8560
Step 4300 | loss 0.0030 | val_acc=0.8591 val_loss=1.0768 val_f1_macro=0.8234 val_f1_weighted=0.8568 val_prec_macro=0.8249 val_rec_macro=0.8244 val_metric_name=acc val_metric=0.8591
Step 4350 | loss 0.0040 | val_acc=0.8570 val_loss=1.0928 val_f1_macro=0.8205 val_f1_weighted=0.8541 val_prec_macro=0.8208 val_rec_macro=0.8232 val_metric_name=acc val_metric=0.8570
Step 4400 | loss 0.0057 | val_acc=0.8593 val_loss=1.0843 val_f1_macro=0.8231 val_f1_weighted=0.8570 val_prec_macro=0.8231 val_rec_macro=0.8255 val_metric_name=acc val_metric=0.8593
Step 4450 | loss 0.0025 | val_acc=0.8586 val_loss=1.0893 val_f1_macro=0.8236 val_f1_weighted=0.8556 val_prec_macro=0.8227 val_rec_macro=0.8276 val_metric_name=acc val_metric=0.8586
Step 4500 | loss 0.0049 | val_acc=0.8574 val_loss=1.0957 val_f1_macro=0.8217 val_f1_weighted=0.8547 val_prec_macro=0.8217 val_rec_macro=0.8236 val_metric_name=acc val_metric=0.8574
Step 4550 | loss 0.0049 | val_acc=0.8583 val_loss=1.1008 val_f1_macro=0.8224 val_f1_weighted=0.8557 val_prec_macro=0.8200 val_rec_macro=0.8276 val_metric_name=acc val_metric=0.8583
Step 4600 | loss 0.0032 | val_acc=0.8586 val_loss=1.0927 val_f1_macro=0.8224 val_f1_weighted=0.8559 val_prec_macro=0.8235 val_rec_macro=0.8241 val_metric_name=acc val_metric=0.8586
Step 4650 | loss 0.0035 | val_acc=0.8586 val_loss=1.1062 val_f1_macro=0.8243 val_f1_weighted=0.8560 val_prec_macro=0.8237 val_rec_macro=0.8280 val_metric_name=acc val_metric=0.8586
Step 4700 | loss 0.0029 | val_acc=0.8600 val_loss=1.1054 val_f1_macro=0.8244 val_f1_weighted=0.8578 val_prec_macro=0.8256 val_rec_macro=0.8255 val_metric_name=acc val_metric=0.8600
Step 4750 | loss 0.0032 | val_acc=0.8579 val_loss=1.1204 val_f1_macro=0.8231 val_f1_weighted=0.8554 val_prec_macro=0.8225 val_rec_macro=0.8266 val_metric_name=acc val_metric=0.8579
Step 4800 | loss 0.0030 | val_acc=0.8625 val_loss=1.1021 val_f1_macro=0.8268 val_f1_weighted=0.8602 val_prec_macro=0.8261 val_rec_macro=0.8298 val_metric_name=acc val_metric=0.8625
Step 4850 | loss 0.0019 | val_acc=0.8574 val_loss=1.1145 val_f1_macro=0.8210 val_f1_weighted=0.8547 val_prec_macro=0.8181 val_rec_macro=0.8269 val_metric_name=acc val_metric=0.8574
Step 4900 | loss 0.0042 | val_acc=0.8579 val_loss=1.1143 val_f1_macro=0.8224 val_f1_weighted=0.8556 val_prec_macro=0.8236 val_rec_macro=0.8235 val_metric_name=acc val_metric=0.8579
Step 4950 | loss 0.0041 | val_acc=0.8567 val_loss=1.1228 val_f1_macro=0.8196 val_f1_weighted=0.8542 val_prec_macro=0.8192 val_rec_macro=0.8229 val_metric_name=acc val_metric=0.8567
Step 5000 | loss 0.0032 | val_acc=0.8581 val_loss=1.1138 val_f1_macro=0.8213 val_f1_weighted=0.8554 val_prec_macro=0.8189 val_rec_macro=0.8257 val_metric_name=acc val_metric=0.8581

--- Final (best ckpt @ step 4800) ---
  train_acc=1.0000 train_loss=0.0000 train_f1_macro=1.0000 train_f1_weighted=1.0000 train_prec_macro=1.0000 train_rec_macro=1.0000 train_metric_name=acc train_metric=1.0000
  val_acc=0.8625 val_loss=1.1021 val_f1_macro=0.8268 val_f1_weighted=0.8602 val_prec_macro=0.8261 val_rec_macro=0.8298 val_metric_name=acc val_metric=0.8625
  test_acc=0.8532 test_loss=1.1665 test_f1_macro=0.8155 test_f1_weighted=0.8515 test_prec_macro=0.8125 test_rec_macro=0.8201 test_metric_name=acc test_metric=0.8532
  test_acc=0.8532

============================================================
Training roman-empire SAGE 3L h=256 lr=0.0001 split=9
============================================================
Training for 5000 steps
Step    1 | loss 3.1525 | val_acc=0.0782 val_loss=2.8202 val_f1_macro=0.0467 val_f1_weighted=0.0637 val_prec_macro=0.1199 val_rec_macro=0.0732 val_metric_name=acc val_metric=0.0782
Step   50 | loss 1.2027 | val_acc=0.6554 val_loss=1.0840 val_f1_macro=0.4871 val_f1_weighted=0.6098 val_prec_macro=0.5249 val_rec_macro=0.4976 val_metric_name=acc val_metric=0.6554
Step  100 | loss 0.8313 | val_acc=0.7435 val_loss=0.7963 val_f1_macro=0.6136 val_f1_weighted=0.7193 val_prec_macro=0.6237 val_rec_macro=0.6277 val_metric_name=acc val_metric=0.7435
Step  150 | loss 0.6602 | val_acc=0.7742 val_loss=0.6944 val_f1_macro=0.6590 val_f1_weighted=0.7559 val_prec_macro=0.6889 val_rec_macro=0.6698 val_metric_name=acc val_metric=0.7742
Step  200 | loss 0.5358 | val_acc=0.7947 val_loss=0.6453 val_f1_macro=0.7190 val_f1_weighted=0.7844 val_prec_macro=0.7427 val_rec_macro=0.7171 val_metric_name=acc val_metric=0.7947
Step  250 | loss 0.4328 | val_acc=0.8102 val_loss=0.6153 val_f1_macro=0.7493 val_f1_weighted=0.8039 val_prec_macro=0.7603 val_rec_macro=0.7488 val_metric_name=acc val_metric=0.8102
Step  300 | loss 0.3395 | val_acc=0.8185 val_loss=0.6079 val_f1_macro=0.7637 val_f1_weighted=0.8140 val_prec_macro=0.7724 val_rec_macro=0.7624 val_metric_name=acc val_metric=0.8185
Step  350 | loss 0.2684 | val_acc=0.8297 val_loss=0.6210 val_f1_macro=0.7820 val_f1_weighted=0.8258 val_prec_macro=0.7885 val_rec_macro=0.7819 val_metric_name=acc val_metric=0.8297
Step  400 | loss 0.2023 | val_acc=0.8316 val_loss=0.6492 val_f1_macro=0.7860 val_f1_weighted=0.8281 val_prec_macro=0.7872 val_rec_macro=0.7893 val_metric_name=acc val_metric=0.8316
Step  450 | loss 0.1617 | val_acc=0.8334 val_loss=0.6803 val_f1_macro=0.7886 val_f1_weighted=0.8302 val_prec_macro=0.7898 val_rec_macro=0.7917 val_metric_name=acc val_metric=0.8334
Step  500 | loss 0.1300 | val_acc=0.8365 val_loss=0.7067 val_f1_macro=0.7909 val_f1_weighted=0.8335 val_prec_macro=0.7911 val_rec_macro=0.7944 val_metric_name=acc val_metric=0.8365
Step  550 | loss 0.0995 | val_acc=0.8394 val_loss=0.7278 val_f1_macro=0.7953 val_f1_weighted=0.8364 val_prec_macro=0.7955 val_rec_macro=0.7976 val_metric_name=acc val_metric=0.8394
Step  600 | loss 0.0820 | val_acc=0.8374 val_loss=0.7671 val_f1_macro=0.7934 val_f1_weighted=0.8342 val_prec_macro=0.7955 val_rec_macro=0.7950 val_metric_name=acc val_metric=0.8374
Step  650 | loss 0.0719 | val_acc=0.8410 val_loss=0.7858 val_f1_macro=0.7998 val_f1_weighted=0.8379 val_prec_macro=0.8003 val_rec_macro=0.8018 val_metric_name=acc val_metric=0.8410
Step  700 | loss 0.0595 | val_acc=0.8424 val_loss=0.8076 val_f1_macro=0.8027 val_f1_weighted=0.8395 val_prec_macro=0.8034 val_rec_macro=0.8052 val_metric_name=acc val_metric=0.8424
Step  750 | loss 0.0510 | val_acc=0.8411 val_loss=0.8297 val_f1_macro=0.7986 val_f1_weighted=0.8382 val_prec_macro=0.8002 val_rec_macro=0.8002 val_metric_name=acc val_metric=0.8411
Step  800 | loss 0.0428 | val_acc=0.8427 val_loss=0.8467 val_f1_macro=0.8031 val_f1_weighted=0.8400 val_prec_macro=0.8030 val_rec_macro=0.8065 val_metric_name=acc val_metric=0.8427
Step  850 | loss 0.0332 | val_acc=0.8440 val_loss=0.8737 val_f1_macro=0.8029 val_f1_weighted=0.8407 val_prec_macro=0.8038 val_rec_macro=0.8056 val_metric_name=acc val_metric=0.8440
Step  900 | loss 0.0296 | val_acc=0.8459 val_loss=0.8817 val_f1_macro=0.8057 val_f1_weighted=0.8432 val_prec_macro=0.8063 val_rec_macro=0.8086 val_metric_name=acc val_metric=0.8459
Step  950 | loss 0.0324 | val_acc=0.8478 val_loss=0.8908 val_f1_macro=0.8085 val_f1_weighted=0.8449 val_prec_macro=0.8084 val_rec_macro=0.8114 val_metric_name=acc val_metric=0.8478
Step 1000 | loss 0.0290 | val_acc=0.8470 val_loss=0.9066 val_f1_macro=0.8100 val_f1_weighted=0.8439 val_prec_macro=0.8093 val_rec_macro=0.8134 val_metric_name=acc val_metric=0.8470
Step 1050 | loss 0.0255 | val_acc=0.8487 val_loss=0.9202 val_f1_macro=0.8084 val_f1_weighted=0.8455 val_prec_macro=0.8066 val_rec_macro=0.8140 val_metric_name=acc val_metric=0.8487
Step 1100 | loss 0.0202 | val_acc=0.8466 val_loss=0.9248 val_f1_macro=0.8073 val_f1_weighted=0.8435 val_prec_macro=0.8051 val_rec_macro=0.8117 val_metric_name=acc val_metric=0.8466
Step 1150 | loss 0.0202 | val_acc=0.8480 val_loss=0.9412 val_f1_macro=0.8089 val_f1_weighted=0.8453 val_prec_macro=0.8069 val_rec_macro=0.8141 val_metric_name=acc val_metric=0.8480
Step 1200 | loss 0.0174 | val_acc=0.8485 val_loss=0.9422 val_f1_macro=0.8093 val_f1_weighted=0.8459 val_prec_macro=0.8082 val_rec_macro=0.8127 val_metric_name=acc val_metric=0.8485
Step 1250 | loss 0.0181 | val_acc=0.8489 val_loss=0.9526 val_f1_macro=0.8110 val_f1_weighted=0.8460 val_prec_macro=0.8096 val_rec_macro=0.8148 val_metric_name=acc val_metric=0.8489
Step 1300 | loss 0.0145 | val_acc=0.8491 val_loss=0.9567 val_f1_macro=0.8104 val_f1_weighted=0.8460 val_prec_macro=0.8076 val_rec_macro=0.8166 val_metric_name=acc val_metric=0.8491
Step 1350 | loss 0.0154 | val_acc=0.8494 val_loss=0.9712 val_f1_macro=0.8123 val_f1_weighted=0.8464 val_prec_macro=0.8105 val_rec_macro=0.8166 val_metric_name=acc val_metric=0.8494
Step 1400 | loss 0.0128 | val_acc=0.8512 val_loss=0.9720 val_f1_macro=0.8129 val_f1_weighted=0.8488 val_prec_macro=0.8124 val_rec_macro=0.8158 val_metric_name=acc val_metric=0.8512
Step 1450 | loss 0.0138 | val_acc=0.8498 val_loss=0.9702 val_f1_macro=0.8116 val_f1_weighted=0.8473 val_prec_macro=0.8107 val_rec_macro=0.8150 val_metric_name=acc val_metric=0.8498
Step 1500 | loss 0.0124 | val_acc=0.8510 val_loss=0.9858 val_f1_macro=0.8126 val_f1_weighted=0.8485 val_prec_macro=0.8104 val_rec_macro=0.8180 val_metric_name=acc val_metric=0.8510
Step 1550 | loss 0.0139 | val_acc=0.8523 val_loss=0.9882 val_f1_macro=0.8163 val_f1_weighted=0.8497 val_prec_macro=0.8131 val_rec_macro=0.8221 val_metric_name=acc val_metric=0.8523
Step 1600 | loss 0.0133 | val_acc=0.8533 val_loss=0.9934 val_f1_macro=0.8162 val_f1_weighted=0.8509 val_prec_macro=0.8145 val_rec_macro=0.8207 val_metric_name=acc val_metric=0.8533
Step 1650 | loss 0.0114 | val_acc=0.8514 val_loss=1.0002 val_f1_macro=0.8127 val_f1_weighted=0.8486 val_prec_macro=0.8106 val_rec_macro=0.8171 val_metric_name=acc val_metric=0.8514
Step 1700 | loss 0.0105 | val_acc=0.8514 val_loss=0.9986 val_f1_macro=0.8127 val_f1_weighted=0.8488 val_prec_macro=0.8124 val_rec_macro=0.8161 val_metric_name=acc val_metric=0.8514
Step 1750 | loss 0.0085 | val_acc=0.8526 val_loss=1.0029 val_f1_macro=0.8157 val_f1_weighted=0.8499 val_prec_macro=0.8150 val_rec_macro=0.8193 val_metric_name=acc val_metric=0.8526
Step 1800 | loss 0.0107 | val_acc=0.8531 val_loss=1.0087 val_f1_macro=0.8153 val_f1_weighted=0.8509 val_prec_macro=0.8126 val_rec_macro=0.8201 val_metric_name=acc val_metric=0.8531
Step 1850 | loss 0.0097 | val_acc=0.8537 val_loss=1.0046 val_f1_macro=0.8162 val_f1_weighted=0.8513 val_prec_macro=0.8144 val_rec_macro=0.8203 val_metric_name=acc val_metric=0.8537
Step 1900 | loss 0.0094 | val_acc=0.8501 val_loss=1.0245 val_f1_macro=0.8122 val_f1_weighted=0.8469 val_prec_macro=0.8105 val_rec_macro=0.8165 val_metric_name=acc val_metric=0.8501
Step 1950 | loss 0.0088 | val_acc=0.8496 val_loss=1.0348 val_f1_macro=0.8126 val_f1_weighted=0.8466 val_prec_macro=0.8106 val_rec_macro=0.8175 val_metric_name=acc val_metric=0.8496
Step 2000 | loss 0.0057 | val_acc=0.8514 val_loss=1.0349 val_f1_macro=0.8138 val_f1_weighted=0.8485 val_prec_macro=0.8110 val_rec_macro=0.8187 val_metric_name=acc val_metric=0.8514
Step 2050 | loss 0.0074 | val_acc=0.8517 val_loss=1.0451 val_f1_macro=0.8115 val_f1_weighted=0.8486 val_prec_macro=0.8123 val_rec_macro=0.8137 val_metric_name=acc val_metric=0.8517
Step 2100 | loss 0.0080 | val_acc=0.8510 val_loss=1.0470 val_f1_macro=0.8152 val_f1_weighted=0.8484 val_prec_macro=0.8123 val_rec_macro=0.8212 val_metric_name=acc val_metric=0.8510
Step 2150 | loss 0.0077 | val_acc=0.8545 val_loss=1.0356 val_f1_macro=0.8189 val_f1_weighted=0.8519 val_prec_macro=0.8178 val_rec_macro=0.8232 val_metric_name=acc val_metric=0.8545
Step 2200 | loss 0.0060 | val_acc=0.8538 val_loss=1.0419 val_f1_macro=0.8180 val_f1_weighted=0.8507 val_prec_macro=0.8179 val_rec_macro=0.8202 val_metric_name=acc val_metric=0.8538
Step 2250 | loss 0.0067 | val_acc=0.8538 val_loss=1.0449 val_f1_macro=0.8159 val_f1_weighted=0.8510 val_prec_macro=0.8151 val_rec_macro=0.8185 val_metric_name=acc val_metric=0.8538
Step 2300 | loss 0.0062 | val_acc=0.8519 val_loss=1.0590 val_f1_macro=0.8170 val_f1_weighted=0.8492 val_prec_macro=0.8150 val_rec_macro=0.8212 val_metric_name=acc val_metric=0.8519
Step 2350 | loss 0.0083 | val_acc=0.8560 val_loss=1.0635 val_f1_macro=0.8192 val_f1_weighted=0.8533 val_prec_macro=0.8172 val_rec_macro=0.8233 val_metric_name=acc val_metric=0.8560
Step 2400 | loss 0.0051 | val_acc=0.8533 val_loss=1.0520 val_f1_macro=0.8182 val_f1_weighted=0.8515 val_prec_macro=0.8169 val_rec_macro=0.8220 val_metric_name=acc val_metric=0.8533
Step 2450 | loss 0.0057 | val_acc=0.8565 val_loss=1.0599 val_f1_macro=0.8208 val_f1_weighted=0.8541 val_prec_macro=0.8212 val_rec_macro=0.8223 val_metric_name=acc val_metric=0.8565
Step 2500 | loss 0.0069 | val_acc=0.8528 val_loss=1.0891 val_f1_macro=0.8161 val_f1_weighted=0.8497 val_prec_macro=0.8152 val_rec_macro=0.8195 val_metric_name=acc val_metric=0.8528
Early stopping at step 2514

--- Final (best ckpt @ step 2210) ---
  train_acc=0.9998 train_loss=0.0003 train_f1_macro=0.9998 train_f1_weighted=0.9998 train_prec_macro=0.9999 train_rec_macro=0.9997 train_metric_name=acc train_metric=0.9998
  val_acc=0.8568 val_loss=1.0361 val_f1_macro=0.8215 val_f1_weighted=0.8543 val_prec_macro=0.8214 val_rec_macro=0.8239 val_metric_name=acc val_metric=0.8568
  test_acc=0.8480 test_loss=1.0913 test_f1_macro=0.8101 test_f1_weighted=0.8460 test_prec_macro=0.8094 test_rec_macro=0.8128 test_metric_name=acc test_metric=0.8480
  test_acc=0.8480

============================================================
Training roman-empire SAGE 3L h=256 lr=1e-05 split=9
============================================================
Training for 5000 steps
Step    1 | loss 3.1525 | val_acc=0.0399 val_loss=3.1915 val_f1_macro=0.0204 val_f1_weighted=0.0162 val_prec_macro=0.0228 val_rec_macro=0.0568 val_metric_name=acc val_metric=0.0399
Step   50 | loss 2.3577 | val_acc=0.4079 val_loss=2.1153 val_f1_macro=0.1682 val_f1_weighted=0.3136 val_prec_macro=0.1663 val_rec_macro=0.2025 val_metric_name=acc val_metric=0.4079
Step  100 | loss 1.9955 | val_acc=0.4787 val_loss=1.7952 val_f1_macro=0.2122 val_f1_weighted=0.3843 val_prec_macro=0.2039 val_rec_macro=0.2516 val_metric_name=acc val_metric=0.4787
Step  150 | loss 1.7673 | val_acc=0.5230 val_loss=1.5770 val_f1_macro=0.2430 val_f1_weighted=0.4311 val_prec_macro=0.3715 val_rec_macro=0.2804 val_metric_name=acc val_metric=0.5230
Step  200 | loss 1.5871 | val_acc=0.5557 val_loss=1.4006 val_f1_macro=0.2962 val_f1_weighted=0.4767 val_prec_macro=0.4471 val_rec_macro=0.3183 val_metric_name=acc val_metric=0.5557
Step  250 | loss 1.4518 | val_acc=0.6032 val_loss=1.2691 val_f1_macro=0.4023 val_f1_weighted=0.5387 val_prec_macro=0.5263 val_rec_macro=0.4065 val_metric_name=acc val_metric=0.6032
Step  300 | loss 1.3452 | val_acc=0.6282 val_loss=1.1739 val_f1_macro=0.4452 val_f1_weighted=0.5704 val_prec_macro=0.5183 val_rec_macro=0.4531 val_metric_name=acc val_metric=0.6282
Step  350 | loss 1.2591 | val_acc=0.6505 val_loss=1.1005 val_f1_macro=0.4762 val_f1_weighted=0.5996 val_prec_macro=0.5213 val_rec_macro=0.4866 val_metric_name=acc val_metric=0.6505
Step  400 | loss 1.1740 | val_acc=0.6722 val_loss=1.0407 val_f1_macro=0.5065 val_f1_weighted=0.6251 val_prec_macro=0.5429 val_rec_macro=0.5215 val_metric_name=acc val_metric=0.6722
Step  450 | loss 1.1182 | val_acc=0.6893 val_loss=0.9898 val_f1_macro=0.5292 val_f1_weighted=0.6469 val_prec_macro=0.5560 val_rec_macro=0.5466 val_metric_name=acc val_metric=0.6893
Step  500 | loss 1.0559 | val_acc=0.7019 val_loss=0.9461 val_f1_macro=0.5475 val_f1_weighted=0.6631 val_prec_macro=0.5843 val_rec_macro=0.5638 val_metric_name=acc val_metric=0.7019
Step  550 | loss 1.0098 | val_acc=0.7132 val_loss=0.9081 val_f1_macro=0.5625 val_f1_weighted=0.6781 val_prec_macro=0.5944 val_rec_macro=0.5774 val_metric_name=acc val_metric=0.7132
Step  600 | loss 0.9583 | val_acc=0.7206 val_loss=0.8768 val_f1_macro=0.5750 val_f1_weighted=0.6885 val_prec_macro=0.6038 val_rec_macro=0.5884 val_metric_name=acc val_metric=0.7206
Step  650 | loss 0.9262 | val_acc=0.7282 val_loss=0.8500 val_f1_macro=0.5871 val_f1_weighted=0.6984 val_prec_macro=0.6112 val_rec_macro=0.5998 val_metric_name=acc val_metric=0.7282
Step  700 | loss 0.8914 | val_acc=0.7357 val_loss=0.8280 val_f1_macro=0.5985 val_f1_weighted=0.7077 val_prec_macro=0.6209 val_rec_macro=0.6106 val_metric_name=acc val_metric=0.7357
Step  750 | loss 0.8573 | val_acc=0.7412 val_loss=0.8077 val_f1_macro=0.6062 val_f1_weighted=0.7143 val_prec_macro=0.6227 val_rec_macro=0.6198 val_metric_name=acc val_metric=0.7412
Step  800 | loss 0.8376 | val_acc=0.7467 val_loss=0.7896 val_f1_macro=0.6145 val_f1_weighted=0.7213 val_prec_macro=0.6282 val_rec_macro=0.6276 val_metric_name=acc val_metric=0.7467
Step  850 | loss 0.8030 | val_acc=0.7534 val_loss=0.7731 val_f1_macro=0.6259 val_f1_weighted=0.7296 val_prec_macro=0.6379 val_rec_macro=0.6384 val_metric_name=acc val_metric=0.7534
Step  900 | loss 0.7783 | val_acc=0.7557 val_loss=0.7585 val_f1_macro=0.6290 val_f1_weighted=0.7321 val_prec_macro=0.6391 val_rec_macro=0.6415 val_metric_name=acc val_metric=0.7557
Step  950 | loss 0.7656 | val_acc=0.7582 val_loss=0.7455 val_f1_macro=0.6327 val_f1_weighted=0.7353 val_prec_macro=0.6413 val_rec_macro=0.6459 val_metric_name=acc val_metric=0.7582
Step 1000 | loss 0.7351 | val_acc=0.7624 val_loss=0.7339 val_f1_macro=0.6392 val_f1_weighted=0.7405 val_prec_macro=0.6470 val_rec_macro=0.6522 val_metric_name=acc val_metric=0.7624
Step 1050 | loss 0.7259 | val_acc=0.7661 val_loss=0.7223 val_f1_macro=0.6446 val_f1_weighted=0.7450 val_prec_macro=0.6519 val_rec_macro=0.6568 val_metric_name=acc val_metric=0.7661
Step 1100 | loss 0.7045 | val_acc=0.7686 val_loss=0.7117 val_f1_macro=0.6496 val_f1_weighted=0.7481 val_prec_macro=0.6555 val_rec_macro=0.6616 val_metric_name=acc val_metric=0.7686
Step 1150 | loss 0.6882 | val_acc=0.7703 val_loss=0.7021 val_f1_macro=0.6530 val_f1_weighted=0.7507 val_prec_macro=0.6689 val_rec_macro=0.6636 val_metric_name=acc val_metric=0.7703
Step 1200 | loss 0.6619 | val_acc=0.7735 val_loss=0.6932 val_f1_macro=0.6591 val_f1_weighted=0.7548 val_prec_macro=0.6791 val_rec_macro=0.6693 val_metric_name=acc val_metric=0.7735
Step 1250 | loss 0.6482 | val_acc=0.7760 val_loss=0.6847 val_f1_macro=0.6645 val_f1_weighted=0.7579 val_prec_macro=0.6887 val_rec_macro=0.6738 val_metric_name=acc val_metric=0.7760
Step 1300 | loss 0.6319 | val_acc=0.7795 val_loss=0.6764 val_f1_macro=0.6739 val_f1_weighted=0.7629 val_prec_macro=0.7074 val_rec_macro=0.6811 val_metric_name=acc val_metric=0.7795
Step 1350 | loss 0.6151 | val_acc=0.7822 val_loss=0.6691 val_f1_macro=0.6843 val_f1_weighted=0.7669 val_prec_macro=0.7235 val_rec_macro=0.6885 val_metric_name=acc val_metric=0.7822
Step 1400 | loss 0.5905 | val_acc=0.7850 val_loss=0.6617 val_f1_macro=0.6913 val_f1_weighted=0.7707 val_prec_macro=0.7320 val_rec_macro=0.6933 val_metric_name=acc val_metric=0.7850
Step 1450 | loss 0.5843 | val_acc=0.7883 val_loss=0.6564 val_f1_macro=0.6993 val_f1_weighted=0.7751 val_prec_macro=0.7383 val_rec_macro=0.7000 val_metric_name=acc val_metric=0.7883
Step 1500 | loss 0.5616 | val_acc=0.7903 val_loss=0.6495 val_f1_macro=0.7062 val_f1_weighted=0.7778 val_prec_macro=0.7429 val_rec_macro=0.7058 val_metric_name=acc val_metric=0.7903
Step 1550 | loss 0.5594 | val_acc=0.7954 val_loss=0.6445 val_f1_macro=0.7163 val_f1_weighted=0.7841 val_prec_macro=0.7468 val_rec_macro=0.7147 val_metric_name=acc val_metric=0.7954
Step 1600 | loss 0.5320 | val_acc=0.7991 val_loss=0.6392 val_f1_macro=0.7269 val_f1_weighted=0.7892 val_prec_macro=0.7532 val_rec_macro=0.7240 val_metric_name=acc val_metric=0.7991
Step 1650 | loss 0.5206 | val_acc=0.8011 val_loss=0.6345 val_f1_macro=0.7297 val_f1_weighted=0.7914 val_prec_macro=0.7535 val_rec_macro=0.7273 val_metric_name=acc val_metric=0.8011
Step 1700 | loss 0.5142 | val_acc=0.8051 val_loss=0.6294 val_f1_macro=0.7371 val_f1_weighted=0.7960 val_prec_macro=0.7575 val_rec_macro=0.7346 val_metric_name=acc val_metric=0.8051
Step 1750 | loss 0.5002 | val_acc=0.8053 val_loss=0.6256 val_f1_macro=0.7381 val_f1_weighted=0.7968 val_prec_macro=0.7569 val_rec_macro=0.7356 val_metric_name=acc val_metric=0.8053
Step 1800 | loss 0.4871 | val_acc=0.8076 val_loss=0.6229 val_f1_macro=0.7432 val_f1_weighted=0.7998 val_prec_macro=0.7609 val_rec_macro=0.7400 val_metric_name=acc val_metric=0.8076
Step 1850 | loss 0.4612 | val_acc=0.8095 val_loss=0.6186 val_f1_macro=0.7472 val_f1_weighted=0.8022 val_prec_macro=0.7636 val_rec_macro=0.7440 val_metric_name=acc val_metric=0.8095
Step 1900 | loss 0.4557 | val_acc=0.8111 val_loss=0.6174 val_f1_macro=0.7503 val_f1_weighted=0.8040 val_prec_macro=0.7662 val_rec_macro=0.7474 val_metric_name=acc val_metric=0.8111
Step 1950 | loss 0.4455 | val_acc=0.8131 val_loss=0.6131 val_f1_macro=0.7547 val_f1_weighted=0.8065 val_prec_macro=0.7699 val_rec_macro=0.7513 val_metric_name=acc val_metric=0.8131
Step 2000 | loss 0.4270 | val_acc=0.8152 val_loss=0.6105 val_f1_macro=0.7594 val_f1_weighted=0.8091 val_prec_macro=0.7717 val_rec_macro=0.7570 val_metric_name=acc val_metric=0.8152
Step 2050 | loss 0.4288 | val_acc=0.8155 val_loss=0.6091 val_f1_macro=0.7582 val_f1_weighted=0.8095 val_prec_macro=0.7697 val_rec_macro=0.7563 val_metric_name=acc val_metric=0.8155
Step 2100 | loss 0.4121 | val_acc=0.8166 val_loss=0.6086 val_f1_macro=0.7612 val_f1_weighted=0.8106 val_prec_macro=0.7720 val_rec_macro=0.7594 val_metric_name=acc val_metric=0.8166
Step 2150 | loss 0.3955 | val_acc=0.8164 val_loss=0.6079 val_f1_macro=0.7617 val_f1_weighted=0.8105 val_prec_macro=0.7725 val_rec_macro=0.7596 val_metric_name=acc val_metric=0.8164
Step 2200 | loss 0.3873 | val_acc=0.8185 val_loss=0.6068 val_f1_macro=0.7634 val_f1_weighted=0.8129 val_prec_macro=0.7722 val_rec_macro=0.7630 val_metric_name=acc val_metric=0.8185
Step 2250 | loss 0.3766 | val_acc=0.8192 val_loss=0.6048 val_f1_macro=0.7650 val_f1_weighted=0.8132 val_prec_macro=0.7756 val_rec_macro=0.7633 val_metric_name=acc val_metric=0.8192
Step 2300 | loss 0.3676 | val_acc=0.8191 val_loss=0.6049 val_f1_macro=0.7641 val_f1_weighted=0.8132 val_prec_macro=0.7744 val_rec_macro=0.7620 val_metric_name=acc val_metric=0.8191
Step 2350 | loss 0.3570 | val_acc=0.8215 val_loss=0.6071 val_f1_macro=0.7699 val_f1_weighted=0.8160 val_prec_macro=0.7791 val_rec_macro=0.7684 val_metric_name=acc val_metric=0.8215
Step 2400 | loss 0.3457 | val_acc=0.8221 val_loss=0.6050 val_f1_macro=0.7716 val_f1_weighted=0.8169 val_prec_macro=0.7792 val_rec_macro=0.7706 val_metric_name=acc val_metric=0.8221
Step 2450 | loss 0.3356 | val_acc=0.8237 val_loss=0.6067 val_f1_macro=0.7734 val_f1_weighted=0.8185 val_prec_macro=0.7830 val_rec_macro=0.7705 val_metric_name=acc val_metric=0.8237
Step 2500 | loss 0.3254 | val_acc=0.8245 val_loss=0.6068 val_f1_macro=0.7752 val_f1_weighted=0.8195 val_prec_macro=0.7839 val_rec_macro=0.7730 val_metric_name=acc val_metric=0.8245
Step 2550 | loss 0.3154 | val_acc=0.8247 val_loss=0.6084 val_f1_macro=0.7756 val_f1_weighted=0.8198 val_prec_macro=0.7843 val_rec_macro=0.7733 val_metric_name=acc val_metric=0.8247
Step 2600 | loss 0.3015 | val_acc=0.8254 val_loss=0.6103 val_f1_macro=0.7778 val_f1_weighted=0.8205 val_prec_macro=0.7867 val_rec_macro=0.7757 val_metric_name=acc val_metric=0.8254
Step 2650 | loss 0.2974 | val_acc=0.8263 val_loss=0.6111 val_f1_macro=0.7799 val_f1_weighted=0.8216 val_prec_macro=0.7877 val_rec_macro=0.7780 val_metric_name=acc val_metric=0.8263
Step 2700 | loss 0.2837 | val_acc=0.8286 val_loss=0.6129 val_f1_macro=0.7836 val_f1_weighted=0.8242 val_prec_macro=0.7912 val_rec_macro=0.7818 val_metric_name=acc val_metric=0.8286
Step 2750 | loss 0.2770 | val_acc=0.8289 val_loss=0.6153 val_f1_macro=0.7841 val_f1_weighted=0.8243 val_prec_macro=0.7914 val_rec_macro=0.7824 val_metric_name=acc val_metric=0.8289
Step 2800 | loss 0.2706 | val_acc=0.8300 val_loss=0.6180 val_f1_macro=0.7857 val_f1_weighted=0.8255 val_prec_macro=0.7929 val_rec_macro=0.7845 val_metric_name=acc val_metric=0.8300
Step 2850 | loss 0.2621 | val_acc=0.8302 val_loss=0.6176 val_f1_macro=0.7851 val_f1_weighted=0.8257 val_prec_macro=0.7928 val_rec_macro=0.7830 val_metric_name=acc val_metric=0.8302
Step 2900 | loss 0.2493 | val_acc=0.8309 val_loss=0.6198 val_f1_macro=0.7854 val_f1_weighted=0.8267 val_prec_macro=0.7900 val_rec_macro=0.7854 val_metric_name=acc val_metric=0.8309
Step 2950 | loss 0.2476 | val_acc=0.8325 val_loss=0.6223 val_f1_macro=0.7882 val_f1_weighted=0.8286 val_prec_macro=0.7942 val_rec_macro=0.7871 val_metric_name=acc val_metric=0.8325
Step 3000 | loss 0.2344 | val_acc=0.8337 val_loss=0.6246 val_f1_macro=0.7888 val_f1_weighted=0.8298 val_prec_macro=0.7944 val_rec_macro=0.7878 val_metric_name=acc val_metric=0.8337
Step 3050 | loss 0.2247 | val_acc=0.8348 val_loss=0.6287 val_f1_macro=0.7906 val_f1_weighted=0.8309 val_prec_macro=0.7957 val_rec_macro=0.7902 val_metric_name=acc val_metric=0.8348
Step 3100 | loss 0.2168 | val_acc=0.8348 val_loss=0.6298 val_f1_macro=0.7908 val_f1_weighted=0.8308 val_prec_macro=0.7950 val_rec_macro=0.7908 val_metric_name=acc val_metric=0.8348
Step 3150 | loss 0.2100 | val_acc=0.8351 val_loss=0.6350 val_f1_macro=0.7903 val_f1_weighted=0.8312 val_prec_macro=0.7959 val_rec_macro=0.7895 val_metric_name=acc val_metric=0.8351
Step 3200 | loss 0.2094 | val_acc=0.8358 val_loss=0.6365 val_f1_macro=0.7917 val_f1_weighted=0.8321 val_prec_macro=0.7958 val_rec_macro=0.7923 val_metric_name=acc val_metric=0.8358
Step 3250 | loss 0.2075 | val_acc=0.8346 val_loss=0.6411 val_f1_macro=0.7896 val_f1_weighted=0.8305 val_prec_macro=0.7935 val_rec_macro=0.7901 val_metric_name=acc val_metric=0.8346
Step 3300 | loss 0.1974 | val_acc=0.8360 val_loss=0.6447 val_f1_macro=0.7918 val_f1_weighted=0.8321 val_prec_macro=0.7975 val_rec_macro=0.7913 val_metric_name=acc val_metric=0.8360
Step 3350 | loss 0.1946 | val_acc=0.8360 val_loss=0.6468 val_f1_macro=0.7920 val_f1_weighted=0.8322 val_prec_macro=0.7972 val_rec_macro=0.7921 val_metric_name=acc val_metric=0.8360
Step 3400 | loss 0.1807 | val_acc=0.8364 val_loss=0.6485 val_f1_macro=0.7923 val_f1_weighted=0.8326 val_prec_macro=0.7960 val_rec_macro=0.7932 val_metric_name=acc val_metric=0.8364
Step 3450 | loss 0.1820 | val_acc=0.8367 val_loss=0.6528 val_f1_macro=0.7928 val_f1_weighted=0.8327 val_prec_macro=0.7972 val_rec_macro=0.7932 val_metric_name=acc val_metric=0.8367
Step 3500 | loss 0.1773 | val_acc=0.8376 val_loss=0.6555 val_f1_macro=0.7937 val_f1_weighted=0.8339 val_prec_macro=0.7973 val_rec_macro=0.7943 val_metric_name=acc val_metric=0.8376
Step 3550 | loss 0.1673 | val_acc=0.8371 val_loss=0.6596 val_f1_macro=0.7929 val_f1_weighted=0.8332 val_prec_macro=0.7971 val_rec_macro=0.7930 val_metric_name=acc val_metric=0.8371
Step 3600 | loss 0.1612 | val_acc=0.8376 val_loss=0.6605 val_f1_macro=0.7947 val_f1_weighted=0.8342 val_prec_macro=0.7983 val_rec_macro=0.7952 val_metric_name=acc val_metric=0.8376
Step 3650 | loss 0.1583 | val_acc=0.8378 val_loss=0.6658 val_f1_macro=0.7949 val_f1_weighted=0.8340 val_prec_macro=0.7990 val_rec_macro=0.7956 val_metric_name=acc val_metric=0.8378
Step 3700 | loss 0.1520 | val_acc=0.8394 val_loss=0.6670 val_f1_macro=0.7968 val_f1_weighted=0.8358 val_prec_macro=0.8007 val_rec_macro=0.7972 val_metric_name=acc val_metric=0.8394
Step 3750 | loss 0.1509 | val_acc=0.8385 val_loss=0.6724 val_f1_macro=0.7959 val_f1_weighted=0.8348 val_prec_macro=0.8004 val_rec_macro=0.7962 val_metric_name=acc val_metric=0.8385
Step 3800 | loss 0.1470 | val_acc=0.8388 val_loss=0.6756 val_f1_macro=0.7966 val_f1_weighted=0.8350 val_prec_macro=0.8008 val_rec_macro=0.7970 val_metric_name=acc val_metric=0.8388
Step 3850 | loss 0.1455 | val_acc=0.8401 val_loss=0.6798 val_f1_macro=0.7973 val_f1_weighted=0.8361 val_prec_macro=0.8015 val_rec_macro=0.7981 val_metric_name=acc val_metric=0.8401
Step 3900 | loss 0.1401 | val_acc=0.8417 val_loss=0.6831 val_f1_macro=0.7998 val_f1_weighted=0.8382 val_prec_macro=0.8049 val_rec_macro=0.7996 val_metric_name=acc val_metric=0.8417
Step 3950 | loss 0.1369 | val_acc=0.8411 val_loss=0.6869 val_f1_macro=0.7992 val_f1_weighted=0.8375 val_prec_macro=0.8027 val_rec_macro=0.8005 val_metric_name=acc val_metric=0.8411
Step 4000 | loss 0.1300 | val_acc=0.8418 val_loss=0.6900 val_f1_macro=0.8002 val_f1_weighted=0.8382 val_prec_macro=0.8042 val_rec_macro=0.8009 val_metric_name=acc val_metric=0.8418
Step 4050 | loss 0.1281 | val_acc=0.8420 val_loss=0.6948 val_f1_macro=0.7997 val_f1_weighted=0.8383 val_prec_macro=0.8039 val_rec_macro=0.8002 val_metric_name=acc val_metric=0.8420
Step 4100 | loss 0.1211 | val_acc=0.8418 val_loss=0.6994 val_f1_macro=0.7992 val_f1_weighted=0.8383 val_prec_macro=0.8021 val_rec_macro=0.8005 val_metric_name=acc val_metric=0.8418
Step 4150 | loss 0.1179 | val_acc=0.8415 val_loss=0.7016 val_f1_macro=0.7989 val_f1_weighted=0.8376 val_prec_macro=0.8023 val_rec_macro=0.7999 val_metric_name=acc val_metric=0.8415
Step 4200 | loss 0.1156 | val_acc=0.8429 val_loss=0.7049 val_f1_macro=0.8005 val_f1_weighted=0.8394 val_prec_macro=0.8036 val_rec_macro=0.8020 val_metric_name=acc val_metric=0.8429
Step 4250 | loss 0.1073 | val_acc=0.8427 val_loss=0.7080 val_f1_macro=0.8010 val_f1_weighted=0.8391 val_prec_macro=0.8048 val_rec_macro=0.8015 val_metric_name=acc val_metric=0.8427
Step 4300 | loss 0.1075 | val_acc=0.8429 val_loss=0.7124 val_f1_macro=0.8011 val_f1_weighted=0.8391 val_prec_macro=0.8045 val_rec_macro=0.8020 val_metric_name=acc val_metric=0.8429
Step 4350 | loss 0.1038 | val_acc=0.8431 val_loss=0.7159 val_f1_macro=0.8008 val_f1_weighted=0.8394 val_prec_macro=0.8051 val_rec_macro=0.8009 val_metric_name=acc val_metric=0.8431
Step 4400 | loss 0.1024 | val_acc=0.8448 val_loss=0.7188 val_f1_macro=0.8033 val_f1_weighted=0.8414 val_prec_macro=0.8070 val_rec_macro=0.8038 val_metric_name=acc val_metric=0.8448
Step 4450 | loss 0.0988 | val_acc=0.8447 val_loss=0.7231 val_f1_macro=0.8033 val_f1_weighted=0.8411 val_prec_macro=0.8065 val_rec_macro=0.8046 val_metric_name=acc val_metric=0.8447
Step 4500 | loss 0.0956 | val_acc=0.8436 val_loss=0.7258 val_f1_macro=0.8018 val_f1_weighted=0.8400 val_prec_macro=0.8052 val_rec_macro=0.8026 val_metric_name=acc val_metric=0.8436
Step 4550 | loss 0.0974 | val_acc=0.8443 val_loss=0.7281 val_f1_macro=0.8029 val_f1_weighted=0.8409 val_prec_macro=0.8063 val_rec_macro=0.8037 val_metric_name=acc val_metric=0.8443
Step 4600 | loss 0.0921 | val_acc=0.8445 val_loss=0.7349 val_f1_macro=0.8035 val_f1_weighted=0.8409 val_prec_macro=0.8062 val_rec_macro=0.8049 val_metric_name=acc val_metric=0.8445
Step 4650 | loss 0.0939 | val_acc=0.8450 val_loss=0.7366 val_f1_macro=0.8035 val_f1_weighted=0.8412 val_prec_macro=0.8062 val_rec_macro=0.8047 val_metric_name=acc val_metric=0.8450
Step 4700 | loss 0.0840 | val_acc=0.8455 val_loss=0.7374 val_f1_macro=0.8042 val_f1_weighted=0.8419 val_prec_macro=0.8065 val_rec_macro=0.8061 val_metric_name=acc val_metric=0.8455
Step 4750 | loss 0.0896 | val_acc=0.8452 val_loss=0.7422 val_f1_macro=0.8033 val_f1_weighted=0.8415 val_prec_macro=0.8065 val_rec_macro=0.8039 val_metric_name=acc val_metric=0.8452
Step 4800 | loss 0.0904 | val_acc=0.8461 val_loss=0.7444 val_f1_macro=0.8055 val_f1_weighted=0.8427 val_prec_macro=0.8083 val_rec_macro=0.8066 val_metric_name=acc val_metric=0.8461
Step 4850 | loss 0.0819 | val_acc=0.8452 val_loss=0.7500 val_f1_macro=0.8049 val_f1_weighted=0.8416 val_prec_macro=0.8070 val_rec_macro=0.8067 val_metric_name=acc val_metric=0.8452
Step 4900 | loss 0.0794 | val_acc=0.8443 val_loss=0.7530 val_f1_macro=0.8031 val_f1_weighted=0.8407 val_prec_macro=0.8052 val_rec_macro=0.8049 val_metric_name=acc val_metric=0.8443
Step 4950 | loss 0.0831 | val_acc=0.8454 val_loss=0.7568 val_f1_macro=0.8046 val_f1_weighted=0.8418 val_prec_macro=0.8071 val_rec_macro=0.8060 val_metric_name=acc val_metric=0.8454
Step 5000 | loss 0.0727 | val_acc=0.8448 val_loss=0.7629 val_f1_macro=0.8043 val_f1_weighted=0.8411 val_prec_macro=0.8069 val_rec_macro=0.8057 val_metric_name=acc val_metric=0.8448

--- Final (best ckpt @ step 4690) ---
  train_acc=0.9965 train_loss=0.0134 train_f1_macro=0.9957 train_f1_weighted=0.9965 train_prec_macro=0.9955 train_rec_macro=0.9959 train_metric_name=acc train_metric=0.9965
  val_acc=0.8462 val_loss=0.7358 val_f1_macro=0.8057 val_f1_weighted=0.8428 val_prec_macro=0.8079 val_rec_macro=0.8076 val_metric_name=acc val_metric=0.8462
  test_acc=0.8336 test_loss=0.7868 test_f1_macro=0.7889 test_f1_weighted=0.8310 test_prec_macro=0.7856 test_rec_macro=0.7953 test_metric_name=acc test_metric=0.8336
  test_acc=0.8336

============================================================
Training roman-empire SAGE 3L h=384 lr=3e-05 split=9
============================================================
Training for 5000 steps
Step    1 | loss 2.9237 | val_acc=0.1160 val_loss=2.7378 val_f1_macro=0.0466 val_f1_weighted=0.0959 val_prec_macro=0.0728 val_rec_macro=0.0552 val_metric_name=acc val_metric=0.1160
Step   50 | loss 1.4734 | val_acc=0.5933 val_loss=1.2852 val_f1_macro=0.3721 val_f1_weighted=0.5326 val_prec_macro=0.4648 val_rec_macro=0.3835 val_metric_name=acc val_metric=0.5933
Step  100 | loss 1.0647 | val_acc=0.6992 val_loss=0.9671 val_f1_macro=0.5454 val_f1_weighted=0.6625 val_prec_macro=0.5864 val_rec_macro=0.5587 val_metric_name=acc val_metric=0.6992
Step  150 | loss 0.8734 | val_acc=0.7354 val_loss=0.8318 val_f1_macro=0.6026 val_f1_weighted=0.7098 val_prec_macro=0.6152 val_rec_macro=0.6176 val_metric_name=acc val_metric=0.7354
Step  200 | loss 0.7583 | val_acc=0.7548 val_loss=0.7605 val_f1_macro=0.6357 val_f1_weighted=0.7334 val_prec_macro=0.6595 val_rec_macro=0.6484 val_metric_name=acc val_metric=0.7548
Step  250 | loss 0.6740 | val_acc=0.7705 val_loss=0.7148 val_f1_macro=0.6701 val_f1_weighted=0.7531 val_prec_macro=0.6938 val_rec_macro=0.6758 val_metric_name=acc val_metric=0.7705
Step  300 | loss 0.5994 | val_acc=0.7820 val_loss=0.6811 val_f1_macro=0.6996 val_f1_weighted=0.7692 val_prec_macro=0.7330 val_rec_macro=0.6991 val_metric_name=acc val_metric=0.7820
Step  350 | loss 0.5312 | val_acc=0.7947 val_loss=0.6556 val_f1_macro=0.7231 val_f1_weighted=0.7852 val_prec_macro=0.7452 val_rec_macro=0.7220 val_metric_name=acc val_metric=0.7947
Step  400 | loss 0.4777 | val_acc=0.8016 val_loss=0.6381 val_f1_macro=0.7374 val_f1_weighted=0.7943 val_prec_macro=0.7494 val_rec_macro=0.7370 val_metric_name=acc val_metric=0.8016
Step  450 | loss 0.4267 | val_acc=0.8086 val_loss=0.6297 val_f1_macro=0.7506 val_f1_weighted=0.8029 val_prec_macro=0.7599 val_rec_macro=0.7500 val_metric_name=acc val_metric=0.8086
Step  500 | loss 0.3784 | val_acc=0.8143 val_loss=0.6360 val_f1_macro=0.7593 val_f1_weighted=0.8085 val_prec_macro=0.7676 val_rec_macro=0.7595 val_metric_name=acc val_metric=0.8143
Step  550 | loss 0.3276 | val_acc=0.8184 val_loss=0.6375 val_f1_macro=0.7629 val_f1_weighted=0.8134 val_prec_macro=0.7667 val_rec_macro=0.7647 val_metric_name=acc val_metric=0.8184
Step  600 | loss 0.2827 | val_acc=0.8199 val_loss=0.6470 val_f1_macro=0.7667 val_f1_weighted=0.8150 val_prec_macro=0.7687 val_rec_macro=0.7701 val_metric_name=acc val_metric=0.8199
Step  650 | loss 0.2526 | val_acc=0.8252 val_loss=0.6571 val_f1_macro=0.7747 val_f1_weighted=0.8210 val_prec_macro=0.7769 val_rec_macro=0.7773 val_metric_name=acc val_metric=0.8252
Step  700 | loss 0.2172 | val_acc=0.8245 val_loss=0.6741 val_f1_macro=0.7761 val_f1_weighted=0.8205 val_prec_macro=0.7769 val_rec_macro=0.7801 val_metric_name=acc val_metric=0.8245
Step  750 | loss 0.1847 | val_acc=0.8295 val_loss=0.6877 val_f1_macro=0.7833 val_f1_weighted=0.8251 val_prec_macro=0.7839 val_rec_macro=0.7868 val_metric_name=acc val_metric=0.8295
Step  800 | loss 0.1663 | val_acc=0.8302 val_loss=0.7071 val_f1_macro=0.7845 val_f1_weighted=0.8257 val_prec_macro=0.7852 val_rec_macro=0.7880 val_metric_name=acc val_metric=0.8302
Step  850 | loss 0.1421 | val_acc=0.8323 val_loss=0.7198 val_f1_macro=0.7872 val_f1_weighted=0.8283 val_prec_macro=0.7874 val_rec_macro=0.7913 val_metric_name=acc val_metric=0.8323
Step  900 | loss 0.1293 | val_acc=0.8311 val_loss=0.7391 val_f1_macro=0.7865 val_f1_weighted=0.8270 val_prec_macro=0.7859 val_rec_macro=0.7910 val_metric_name=acc val_metric=0.8311
Step  950 | loss 0.1033 | val_acc=0.8342 val_loss=0.7544 val_f1_macro=0.7904 val_f1_weighted=0.8300 val_prec_macro=0.7890 val_rec_macro=0.7960 val_metric_name=acc val_metric=0.8342
Step 1000 | loss 0.1012 | val_acc=0.8357 val_loss=0.7725 val_f1_macro=0.7933 val_f1_weighted=0.8314 val_prec_macro=0.7934 val_rec_macro=0.7971 val_metric_name=acc val_metric=0.8357
Step 1050 | loss 0.0870 | val_acc=0.8350 val_loss=0.7870 val_f1_macro=0.7922 val_f1_weighted=0.8309 val_prec_macro=0.7925 val_rec_macro=0.7954 val_metric_name=acc val_metric=0.8350
Step 1100 | loss 0.0754 | val_acc=0.8390 val_loss=0.8051 val_f1_macro=0.7984 val_f1_weighted=0.8346 val_prec_macro=0.7980 val_rec_macro=0.8030 val_metric_name=acc val_metric=0.8390
Step 1150 | loss 0.0632 | val_acc=0.8413 val_loss=0.8132 val_f1_macro=0.8002 val_f1_weighted=0.8371 val_prec_macro=0.8011 val_rec_macro=0.8036 val_metric_name=acc val_metric=0.8413
Step 1200 | loss 0.0610 | val_acc=0.8394 val_loss=0.8310 val_f1_macro=0.7984 val_f1_weighted=0.8352 val_prec_macro=0.7979 val_rec_macro=0.8031 val_metric_name=acc val_metric=0.8394
Step 1250 | loss 0.0528 | val_acc=0.8408 val_loss=0.8408 val_f1_macro=0.8001 val_f1_weighted=0.8369 val_prec_macro=0.7990 val_rec_macro=0.8052 val_metric_name=acc val_metric=0.8408
Step 1300 | loss 0.0508 | val_acc=0.8392 val_loss=0.8595 val_f1_macro=0.7968 val_f1_weighted=0.8348 val_prec_macro=0.7968 val_rec_macro=0.8019 val_metric_name=acc val_metric=0.8392
Step 1350 | loss 0.0450 | val_acc=0.8415 val_loss=0.8635 val_f1_macro=0.7999 val_f1_weighted=0.8374 val_prec_macro=0.7995 val_rec_macro=0.8051 val_metric_name=acc val_metric=0.8415
Step 1400 | loss 0.0443 | val_acc=0.8422 val_loss=0.8823 val_f1_macro=0.8012 val_f1_weighted=0.8375 val_prec_macro=0.8014 val_rec_macro=0.8066 val_metric_name=acc val_metric=0.8422
Step 1450 | loss 0.0338 | val_acc=0.8418 val_loss=0.8880 val_f1_macro=0.7993 val_f1_weighted=0.8377 val_prec_macro=0.7975 val_rec_macro=0.8061 val_metric_name=acc val_metric=0.8418
Step 1500 | loss 0.0352 | val_acc=0.8436 val_loss=0.9015 val_f1_macro=0.8016 val_f1_weighted=0.8393 val_prec_macro=0.7997 val_rec_macro=0.8085 val_metric_name=acc val_metric=0.8436
Step 1550 | loss 0.0318 | val_acc=0.8434 val_loss=0.9189 val_f1_macro=0.8022 val_f1_weighted=0.8391 val_prec_macro=0.8003 val_rec_macro=0.8087 val_metric_name=acc val_metric=0.8434
Step 1600 | loss 0.0284 | val_acc=0.8443 val_loss=0.9215 val_f1_macro=0.8035 val_f1_weighted=0.8398 val_prec_macro=0.8028 val_rec_macro=0.8090 val_metric_name=acc val_metric=0.8443
Step 1650 | loss 0.0264 | val_acc=0.8466 val_loss=0.9264 val_f1_macro=0.8056 val_f1_weighted=0.8425 val_prec_macro=0.8049 val_rec_macro=0.8111 val_metric_name=acc val_metric=0.8466
Step 1700 | loss 0.0256 | val_acc=0.8457 val_loss=0.9349 val_f1_macro=0.8039 val_f1_weighted=0.8412 val_prec_macro=0.8034 val_rec_macro=0.8098 val_metric_name=acc val_metric=0.8457
Step 1750 | loss 0.0269 | val_acc=0.8477 val_loss=0.9435 val_f1_macro=0.8067 val_f1_weighted=0.8436 val_prec_macro=0.8074 val_rec_macro=0.8112 val_metric_name=acc val_metric=0.8477
Step 1800 | loss 0.0229 | val_acc=0.8455 val_loss=0.9474 val_f1_macro=0.8042 val_f1_weighted=0.8414 val_prec_macro=0.8031 val_rec_macro=0.8097 val_metric_name=acc val_metric=0.8455
Step 1850 | loss 0.0197 | val_acc=0.8454 val_loss=0.9552 val_f1_macro=0.8053 val_f1_weighted=0.8413 val_prec_macro=0.8048 val_rec_macro=0.8106 val_metric_name=acc val_metric=0.8454
Step 1900 | loss 0.0205 | val_acc=0.8459 val_loss=0.9689 val_f1_macro=0.8059 val_f1_weighted=0.8417 val_prec_macro=0.8051 val_rec_macro=0.8112 val_metric_name=acc val_metric=0.8459
Step 1950 | loss 0.0173 | val_acc=0.8471 val_loss=0.9736 val_f1_macro=0.8065 val_f1_weighted=0.8432 val_prec_macro=0.8046 val_rec_macro=0.8127 val_metric_name=acc val_metric=0.8471
Step 2000 | loss 0.0160 | val_acc=0.8478 val_loss=0.9755 val_f1_macro=0.8071 val_f1_weighted=0.8437 val_prec_macro=0.8060 val_rec_macro=0.8131 val_metric_name=acc val_metric=0.8478
Step 2050 | loss 0.0154 | val_acc=0.8477 val_loss=0.9899 val_f1_macro=0.8068 val_f1_weighted=0.8431 val_prec_macro=0.8062 val_rec_macro=0.8129 val_metric_name=acc val_metric=0.8477
Step 2100 | loss 0.0165 | val_acc=0.8478 val_loss=0.9925 val_f1_macro=0.8089 val_f1_weighted=0.8437 val_prec_macro=0.8079 val_rec_macro=0.8148 val_metric_name=acc val_metric=0.8478
Step 2150 | loss 0.0146 | val_acc=0.8480 val_loss=0.9976 val_f1_macro=0.8074 val_f1_weighted=0.8440 val_prec_macro=0.8075 val_rec_macro=0.8127 val_metric_name=acc val_metric=0.8480
Step 2200 | loss 0.0128 | val_acc=0.8484 val_loss=0.9986 val_f1_macro=0.8089 val_f1_weighted=0.8443 val_prec_macro=0.8096 val_rec_macro=0.8133 val_metric_name=acc val_metric=0.8484
Step 2250 | loss 0.0126 | val_acc=0.8485 val_loss=1.0032 val_f1_macro=0.8088 val_f1_weighted=0.8444 val_prec_macro=0.8088 val_rec_macro=0.8136 val_metric_name=acc val_metric=0.8485
Step 2300 | loss 0.0133 | val_acc=0.8501 val_loss=1.0124 val_f1_macro=0.8104 val_f1_weighted=0.8461 val_prec_macro=0.8109 val_rec_macro=0.8154 val_metric_name=acc val_metric=0.8501
Step 2350 | loss 0.0121 | val_acc=0.8480 val_loss=1.0186 val_f1_macro=0.8076 val_f1_weighted=0.8438 val_prec_macro=0.8075 val_rec_macro=0.8123 val_metric_name=acc val_metric=0.8480
Step 2400 | loss 0.0127 | val_acc=0.8500 val_loss=1.0198 val_f1_macro=0.8097 val_f1_weighted=0.8460 val_prec_macro=0.8084 val_rec_macro=0.8158 val_metric_name=acc val_metric=0.8500
Step 2450 | loss 0.0113 | val_acc=0.8494 val_loss=1.0218 val_f1_macro=0.8094 val_f1_weighted=0.8452 val_prec_macro=0.8094 val_rec_macro=0.8145 val_metric_name=acc val_metric=0.8494
Step 2500 | loss 0.0095 | val_acc=0.8501 val_loss=1.0251 val_f1_macro=0.8091 val_f1_weighted=0.8460 val_prec_macro=0.8097 val_rec_macro=0.8145 val_metric_name=acc val_metric=0.8501
Step 2550 | loss 0.0104 | val_acc=0.8501 val_loss=1.0322 val_f1_macro=0.8095 val_f1_weighted=0.8459 val_prec_macro=0.8087 val_rec_macro=0.8154 val_metric_name=acc val_metric=0.8501
Step 2600 | loss 0.0095 | val_acc=0.8500 val_loss=1.0360 val_f1_macro=0.8092 val_f1_weighted=0.8458 val_prec_macro=0.8079 val_rec_macro=0.8153 val_metric_name=acc val_metric=0.8500
Step 2650 | loss 0.0099 | val_acc=0.8503 val_loss=1.0413 val_f1_macro=0.8092 val_f1_weighted=0.8463 val_prec_macro=0.8092 val_rec_macro=0.8139 val_metric_name=acc val_metric=0.8503
Step 2700 | loss 0.0073 | val_acc=0.8494 val_loss=1.0455 val_f1_macro=0.8083 val_f1_weighted=0.8452 val_prec_macro=0.8079 val_rec_macro=0.8136 val_metric_name=acc val_metric=0.8494
Step 2750 | loss 0.0076 | val_acc=0.8512 val_loss=1.0480 val_f1_macro=0.8092 val_f1_weighted=0.8471 val_prec_macro=0.8088 val_rec_macro=0.8150 val_metric_name=acc val_metric=0.8512
Step 2800 | loss 0.0081 | val_acc=0.8514 val_loss=1.0559 val_f1_macro=0.8099 val_f1_weighted=0.8473 val_prec_macro=0.8108 val_rec_macro=0.8139 val_metric_name=acc val_metric=0.8514
Step 2850 | loss 0.0082 | val_acc=0.8528 val_loss=1.0619 val_f1_macro=0.8126 val_f1_weighted=0.8488 val_prec_macro=0.8126 val_rec_macro=0.8171 val_metric_name=acc val_metric=0.8528
Step 2900 | loss 0.0078 | val_acc=0.8517 val_loss=1.0623 val_f1_macro=0.8111 val_f1_weighted=0.8475 val_prec_macro=0.8105 val_rec_macro=0.8166 val_metric_name=acc val_metric=0.8517
Step 2950 | loss 0.0078 | val_acc=0.8494 val_loss=1.0626 val_f1_macro=0.8087 val_f1_weighted=0.8454 val_prec_macro=0.8068 val_rec_macro=0.8153 val_metric_name=acc val_metric=0.8494
Step 3000 | loss 0.0064 | val_acc=0.8503 val_loss=1.0786 val_f1_macro=0.8100 val_f1_weighted=0.8459 val_prec_macro=0.8107 val_rec_macro=0.8144 val_metric_name=acc val_metric=0.8503
Step 3050 | loss 0.0070 | val_acc=0.8523 val_loss=1.0720 val_f1_macro=0.8115 val_f1_weighted=0.8483 val_prec_macro=0.8112 val_rec_macro=0.8169 val_metric_name=acc val_metric=0.8523
Step 3100 | loss 0.0088 | val_acc=0.8530 val_loss=1.0720 val_f1_macro=0.8128 val_f1_weighted=0.8493 val_prec_macro=0.8116 val_rec_macro=0.8190 val_metric_name=acc val_metric=0.8530
Step 3150 | loss 0.0080 | val_acc=0.8521 val_loss=1.0744 val_f1_macro=0.8112 val_f1_weighted=0.8483 val_prec_macro=0.8109 val_rec_macro=0.8169 val_metric_name=acc val_metric=0.8521
Step 3200 | loss 0.0057 | val_acc=0.8530 val_loss=1.0731 val_f1_macro=0.8120 val_f1_weighted=0.8490 val_prec_macro=0.8118 val_rec_macro=0.8173 val_metric_name=acc val_metric=0.8530
Step 3250 | loss 0.0048 | val_acc=0.8515 val_loss=1.0997 val_f1_macro=0.8113 val_f1_weighted=0.8470 val_prec_macro=0.8123 val_rec_macro=0.8165 val_metric_name=acc val_metric=0.8515
Step 3300 | loss 0.0063 | val_acc=0.8519 val_loss=1.0891 val_f1_macro=0.8105 val_f1_weighted=0.8480 val_prec_macro=0.8093 val_rec_macro=0.8172 val_metric_name=acc val_metric=0.8519
Step 3350 | loss 0.0050 | val_acc=0.8515 val_loss=1.0918 val_f1_macro=0.8112 val_f1_weighted=0.8477 val_prec_macro=0.8120 val_rec_macro=0.8152 val_metric_name=acc val_metric=0.8515
Step 3400 | loss 0.0058 | val_acc=0.8505 val_loss=1.0981 val_f1_macro=0.8092 val_f1_weighted=0.8469 val_prec_macro=0.8092 val_rec_macro=0.8137 val_metric_name=acc val_metric=0.8505
Step 3450 | loss 0.0060 | val_acc=0.8505 val_loss=1.1022 val_f1_macro=0.8094 val_f1_weighted=0.8466 val_prec_macro=0.8092 val_rec_macro=0.8140 val_metric_name=acc val_metric=0.8505
Step 3500 | loss 0.0048 | val_acc=0.8521 val_loss=1.1077 val_f1_macro=0.8105 val_f1_weighted=0.8481 val_prec_macro=0.8108 val_rec_macro=0.8154 val_metric_name=acc val_metric=0.8521
Step 3550 | loss 0.0046 | val_acc=0.8517 val_loss=1.1029 val_f1_macro=0.8100 val_f1_weighted=0.8479 val_prec_macro=0.8109 val_rec_macro=0.8146 val_metric_name=acc val_metric=0.8517
Step 3600 | loss 0.0048 | val_acc=0.8542 val_loss=1.1063 val_f1_macro=0.8140 val_f1_weighted=0.8500 val_prec_macro=0.8148 val_rec_macro=0.8183 val_metric_name=acc val_metric=0.8542
Step 3650 | loss 0.0042 | val_acc=0.8533 val_loss=1.1164 val_f1_macro=0.8132 val_f1_weighted=0.8493 val_prec_macro=0.8128 val_rec_macro=0.8194 val_metric_name=acc val_metric=0.8533
Step 3700 | loss 0.0033 | val_acc=0.8526 val_loss=1.1113 val_f1_macro=0.8137 val_f1_weighted=0.8493 val_prec_macro=0.8107 val_rec_macro=0.8210 val_metric_name=acc val_metric=0.8526
Step 3750 | loss 0.0044 | val_acc=0.8524 val_loss=1.1179 val_f1_macro=0.8123 val_f1_weighted=0.8486 val_prec_macro=0.8137 val_rec_macro=0.8147 val_metric_name=acc val_metric=0.8524
Step 3800 | loss 0.0043 | val_acc=0.8512 val_loss=1.1276 val_f1_macro=0.8110 val_f1_weighted=0.8474 val_prec_macro=0.8095 val_rec_macro=0.8170 val_metric_name=acc val_metric=0.8512
Step 3850 | loss 0.0038 | val_acc=0.8521 val_loss=1.1182 val_f1_macro=0.8102 val_f1_weighted=0.8483 val_prec_macro=0.8097 val_rec_macro=0.8154 val_metric_name=acc val_metric=0.8521
Step 3900 | loss 0.0045 | val_acc=0.8533 val_loss=1.1181 val_f1_macro=0.8138 val_f1_weighted=0.8495 val_prec_macro=0.8124 val_rec_macro=0.8195 val_metric_name=acc val_metric=0.8533
Step 3950 | loss 0.0025 | val_acc=0.8545 val_loss=1.1170 val_f1_macro=0.8152 val_f1_weighted=0.8510 val_prec_macro=0.8133 val_rec_macro=0.8221 val_metric_name=acc val_metric=0.8545
Step 4000 | loss 0.0034 | val_acc=0.8537 val_loss=1.1237 val_f1_macro=0.8134 val_f1_weighted=0.8500 val_prec_macro=0.8142 val_rec_macro=0.8177 val_metric_name=acc val_metric=0.8537
Step 4050 | loss 0.0029 | val_acc=0.8531 val_loss=1.1306 val_f1_macro=0.8145 val_f1_weighted=0.8493 val_prec_macro=0.8135 val_rec_macro=0.8204 val_metric_name=acc val_metric=0.8531
Step 4100 | loss 0.0031 | val_acc=0.8537 val_loss=1.1297 val_f1_macro=0.8143 val_f1_weighted=0.8501 val_prec_macro=0.8137 val_rec_macro=0.8195 val_metric_name=acc val_metric=0.8537
Step 4150 | loss 0.0028 | val_acc=0.8519 val_loss=1.1373 val_f1_macro=0.8115 val_f1_weighted=0.8481 val_prec_macro=0.8111 val_rec_macro=0.8169 val_metric_name=acc val_metric=0.8519
Step 4200 | loss 0.0039 | val_acc=0.8535 val_loss=1.1377 val_f1_macro=0.8148 val_f1_weighted=0.8499 val_prec_macro=0.8141 val_rec_macro=0.8192 val_metric_name=acc val_metric=0.8535
Step 4250 | loss 0.0045 | val_acc=0.8537 val_loss=1.1460 val_f1_macro=0.8135 val_f1_weighted=0.8500 val_prec_macro=0.8135 val_rec_macro=0.8184 val_metric_name=acc val_metric=0.8537
Step 4300 | loss 0.0032 | val_acc=0.8519 val_loss=1.1547 val_f1_macro=0.8110 val_f1_weighted=0.8482 val_prec_macro=0.8115 val_rec_macro=0.8157 val_metric_name=acc val_metric=0.8519
Step 4350 | loss 0.0026 | val_acc=0.8524 val_loss=1.1521 val_f1_macro=0.8118 val_f1_weighted=0.8487 val_prec_macro=0.8110 val_rec_macro=0.8185 val_metric_name=acc val_metric=0.8524
Early stopping at step 4390

--- Final (best ckpt @ step 4090) ---
  train_acc=1.0000 train_loss=0.0000 train_f1_macro=1.0000 train_f1_weighted=1.0000 train_prec_macro=1.0000 train_rec_macro=1.0000 train_metric_name=acc train_metric=1.0000
  val_acc=0.8563 val_loss=1.1292 val_f1_macro=0.8170 val_f1_weighted=0.8530 val_prec_macro=0.8152 val_rec_macro=0.8228 val_metric_name=acc val_metric=0.8563
  test_acc=0.8440 test_loss=1.1383 test_f1_macro=0.8037 test_f1_weighted=0.8412 test_prec_macro=0.7981 test_rec_macro=0.8123 test_metric_name=acc test_metric=0.8440
  test_acc=0.8440

============================================================
Training roman-empire SAGE 3L h=384 lr=6e-05 split=9
============================================================
Training for 5000 steps
Step    1 | loss 2.9237 | val_acc=0.2328 val_loss=2.6055 val_f1_macro=0.0791 val_f1_weighted=0.1727 val_prec_macro=0.1278 val_rec_macro=0.1041 val_metric_name=acc val_metric=0.2328
Step   50 | loss 1.1203 | val_acc=0.6817 val_loss=1.0221 val_f1_macro=0.5175 val_f1_weighted=0.6410 val_prec_macro=0.5667 val_rec_macro=0.5303 val_metric_name=acc val_metric=0.6817
Step  100 | loss 0.7980 | val_acc=0.7485 val_loss=0.7844 val_f1_macro=0.6226 val_f1_weighted=0.7260 val_prec_macro=0.6310 val_rec_macro=0.6366 val_metric_name=acc val_metric=0.7485
Step  150 | loss 0.6335 | val_acc=0.7771 val_loss=0.6986 val_f1_macro=0.6838 val_f1_weighted=0.7623 val_prec_macro=0.7131 val_rec_macro=0.6883 val_metric_name=acc val_metric=0.7771
Step  200 | loss 0.5158 | val_acc=0.7961 val_loss=0.6491 val_f1_macro=0.7268 val_f1_weighted=0.7871 val_prec_macro=0.7446 val_rec_macro=0.7255 val_metric_name=acc val_metric=0.7961
Step  250 | loss 0.4190 | val_acc=0.8094 val_loss=0.6344 val_f1_macro=0.7528 val_f1_weighted=0.8027 val_prec_macro=0.7630 val_rec_macro=0.7513 val_metric_name=acc val_metric=0.8094
Step  300 | loss 0.3285 | val_acc=0.8161 val_loss=0.6420 val_f1_macro=0.7617 val_f1_weighted=0.8107 val_prec_macro=0.7642 val_rec_macro=0.7652 val_metric_name=acc val_metric=0.8161
Step  350 | loss 0.2536 | val_acc=0.8229 val_loss=0.6610 val_f1_macro=0.7722 val_f1_weighted=0.8178 val_prec_macro=0.7731 val_rec_macro=0.7761 val_metric_name=acc val_metric=0.8229
Step  400 | loss 0.1896 | val_acc=0.8268 val_loss=0.6877 val_f1_macro=0.7787 val_f1_weighted=0.8225 val_prec_macro=0.7794 val_rec_macro=0.7820 val_metric_name=acc val_metric=0.8268
Step  450 | loss 0.1476 | val_acc=0.8307 val_loss=0.7163 val_f1_macro=0.7837 val_f1_weighted=0.8269 val_prec_macro=0.7844 val_rec_macro=0.7869 val_metric_name=acc val_metric=0.8307
Step  500 | loss 0.1173 | val_acc=0.8335 val_loss=0.7519 val_f1_macro=0.7907 val_f1_weighted=0.8294 val_prec_macro=0.7911 val_rec_macro=0.7935 val_metric_name=acc val_metric=0.8335
Step  550 | loss 0.0858 | val_acc=0.8328 val_loss=0.7823 val_f1_macro=0.7894 val_f1_weighted=0.8283 val_prec_macro=0.7869 val_rec_macro=0.7958 val_metric_name=acc val_metric=0.8328
Step  600 | loss 0.0690 | val_acc=0.8385 val_loss=0.8147 val_f1_macro=0.7954 val_f1_weighted=0.8338 val_prec_macro=0.7949 val_rec_macro=0.8016 val_metric_name=acc val_metric=0.8385
Step  650 | loss 0.0609 | val_acc=0.8395 val_loss=0.8367 val_f1_macro=0.7982 val_f1_weighted=0.8355 val_prec_macro=0.7976 val_rec_macro=0.8033 val_metric_name=acc val_metric=0.8395
Step  700 | loss 0.0501 | val_acc=0.8406 val_loss=0.8623 val_f1_macro=0.7997 val_f1_weighted=0.8365 val_prec_macro=0.7986 val_rec_macro=0.8060 val_metric_name=acc val_metric=0.8406
Step  750 | loss 0.0399 | val_acc=0.8427 val_loss=0.8881 val_f1_macro=0.8010 val_f1_weighted=0.8384 val_prec_macro=0.8014 val_rec_macro=0.8062 val_metric_name=acc val_metric=0.8427
Step  800 | loss 0.0370 | val_acc=0.8417 val_loss=0.9046 val_f1_macro=0.8008 val_f1_weighted=0.8373 val_prec_macro=0.8000 val_rec_macro=0.8070 val_metric_name=acc val_metric=0.8417
Step  850 | loss 0.0339 | val_acc=0.8440 val_loss=0.9237 val_f1_macro=0.8028 val_f1_weighted=0.8394 val_prec_macro=0.8040 val_rec_macro=0.8078 val_metric_name=acc val_metric=0.8440
Step  900 | loss 0.0278 | val_acc=0.8462 val_loss=0.9277 val_f1_macro=0.8050 val_f1_weighted=0.8423 val_prec_macro=0.8040 val_rec_macro=0.8116 val_metric_name=acc val_metric=0.8462
Step  950 | loss 0.0210 | val_acc=0.8450 val_loss=0.9462 val_f1_macro=0.8052 val_f1_weighted=0.8409 val_prec_macro=0.8053 val_rec_macro=0.8103 val_metric_name=acc val_metric=0.8450
Step 1000 | loss 0.0227 | val_acc=0.8464 val_loss=0.9634 val_f1_macro=0.8040 val_f1_weighted=0.8416 val_prec_macro=0.8060 val_rec_macro=0.8090 val_metric_name=acc val_metric=0.8464
Step 1050 | loss 0.0196 | val_acc=0.8455 val_loss=0.9733 val_f1_macro=0.8054 val_f1_weighted=0.8413 val_prec_macro=0.8045 val_rec_macro=0.8111 val_metric_name=acc val_metric=0.8455
Step 1100 | loss 0.0178 | val_acc=0.8485 val_loss=0.9928 val_f1_macro=0.8082 val_f1_weighted=0.8443 val_prec_macro=0.8079 val_rec_macro=0.8140 val_metric_name=acc val_metric=0.8485
Step 1150 | loss 0.0149 | val_acc=0.8491 val_loss=0.9861 val_f1_macro=0.8087 val_f1_weighted=0.8452 val_prec_macro=0.8081 val_rec_macro=0.8134 val_metric_name=acc val_metric=0.8491
Step 1200 | loss 0.0142 | val_acc=0.8491 val_loss=0.9994 val_f1_macro=0.8075 val_f1_weighted=0.8448 val_prec_macro=0.8059 val_rec_macro=0.8151 val_metric_name=acc val_metric=0.8491
Step 1250 | loss 0.0116 | val_acc=0.8468 val_loss=1.0039 val_f1_macro=0.8081 val_f1_weighted=0.8426 val_prec_macro=0.8070 val_rec_macro=0.8138 val_metric_name=acc val_metric=0.8468
Step 1300 | loss 0.0143 | val_acc=0.8464 val_loss=1.0205 val_f1_macro=0.8067 val_f1_weighted=0.8423 val_prec_macro=0.8073 val_rec_macro=0.8107 val_metric_name=acc val_metric=0.8464
Step 1350 | loss 0.0117 | val_acc=0.8473 val_loss=1.0317 val_f1_macro=0.8063 val_f1_weighted=0.8425 val_prec_macro=0.8078 val_rec_macro=0.8110 val_metric_name=acc val_metric=0.8473
Step 1400 | loss 0.0119 | val_acc=0.8505 val_loss=1.0353 val_f1_macro=0.8095 val_f1_weighted=0.8456 val_prec_macro=0.8114 val_rec_macro=0.8141 val_metric_name=acc val_metric=0.8505
Step 1450 | loss 0.0078 | val_acc=0.8489 val_loss=1.0403 val_f1_macro=0.8069 val_f1_weighted=0.8444 val_prec_macro=0.8070 val_rec_macro=0.8128 val_metric_name=acc val_metric=0.8489
Step 1500 | loss 0.0085 | val_acc=0.8501 val_loss=1.0462 val_f1_macro=0.8089 val_f1_weighted=0.8458 val_prec_macro=0.8072 val_rec_macro=0.8161 val_metric_name=acc val_metric=0.8501
Step 1550 | loss 0.0083 | val_acc=0.8466 val_loss=1.0658 val_f1_macro=0.8027 val_f1_weighted=0.8420 val_prec_macro=0.7995 val_rec_macro=0.8122 val_metric_name=acc val_metric=0.8466
Step 1600 | loss 0.0072 | val_acc=0.8489 val_loss=1.0624 val_f1_macro=0.8063 val_f1_weighted=0.8441 val_prec_macro=0.8063 val_rec_macro=0.8117 val_metric_name=acc val_metric=0.8489
Step 1650 | loss 0.0075 | val_acc=0.8515 val_loss=1.0572 val_f1_macro=0.8105 val_f1_weighted=0.8477 val_prec_macro=0.8106 val_rec_macro=0.8151 val_metric_name=acc val_metric=0.8515
Step 1700 | loss 0.0063 | val_acc=0.8503 val_loss=1.0698 val_f1_macro=0.8081 val_f1_weighted=0.8460 val_prec_macro=0.8079 val_rec_macro=0.8140 val_metric_name=acc val_metric=0.8503
Step 1750 | loss 0.0091 | val_acc=0.8505 val_loss=1.0844 val_f1_macro=0.8086 val_f1_weighted=0.8460 val_prec_macro=0.8093 val_rec_macro=0.8137 val_metric_name=acc val_metric=0.8505
Step 1800 | loss 0.0063 | val_acc=0.8515 val_loss=1.0728 val_f1_macro=0.8093 val_f1_weighted=0.8478 val_prec_macro=0.8077 val_rec_macro=0.8159 val_metric_name=acc val_metric=0.8515
Step 1850 | loss 0.0050 | val_acc=0.8519 val_loss=1.0817 val_f1_macro=0.8109 val_f1_weighted=0.8481 val_prec_macro=0.8102 val_rec_macro=0.8166 val_metric_name=acc val_metric=0.8519
Step 1900 | loss 0.0068 | val_acc=0.8492 val_loss=1.1002 val_f1_macro=0.8087 val_f1_weighted=0.8451 val_prec_macro=0.8087 val_rec_macro=0.8132 val_metric_name=acc val_metric=0.8492
Step 1950 | loss 0.0050 | val_acc=0.8498 val_loss=1.1027 val_f1_macro=0.8081 val_f1_weighted=0.8457 val_prec_macro=0.8070 val_rec_macro=0.8146 val_metric_name=acc val_metric=0.8498
Early stopping at step 1991

--- Final (best ckpt @ step 1690) ---
  train_acc=1.0000 train_loss=0.0002 train_f1_macro=1.0000 train_f1_weighted=1.0000 train_prec_macro=1.0000 train_rec_macro=1.0000 train_metric_name=acc train_metric=1.0000
  val_acc=0.8530 val_loss=1.0654 val_f1_macro=0.8122 val_f1_weighted=0.8486 val_prec_macro=0.8151 val_rec_macro=0.8158 val_metric_name=acc val_metric=0.8530
  test_acc=0.8449 test_loss=1.0530 test_f1_macro=0.8015 test_f1_weighted=0.8416 test_prec_macro=0.7981 test_rec_macro=0.8081 test_metric_name=acc test_metric=0.8449
  test_acc=0.8449

============================================================
Training roman-empire SAGE 3L h=384 lr=0.0001 split=9
============================================================
Training for 5000 steps
Step    1 | loss 2.9237 | val_acc=0.2893 val_loss=2.4905 val_f1_macro=0.0935 val_f1_weighted=0.2098 val_prec_macro=0.0829 val_rec_macro=0.1268 val_metric_name=acc val_metric=0.2893
Step   50 | loss 0.9150 | val_acc=0.7243 val_loss=0.8720 val_f1_macro=0.5852 val_f1_weighted=0.6952 val_prec_macro=0.5992 val_rec_macro=0.6013 val_metric_name=acc val_metric=0.7243
Step  100 | loss 0.6325 | val_acc=0.7771 val_loss=0.6936 val_f1_macro=0.6873 val_f1_weighted=0.7632 val_prec_macro=0.7222 val_rec_macro=0.6900 val_metric_name=acc val_metric=0.7771
Step  150 | loss 0.4560 | val_acc=0.8041 val_loss=0.6363 val_f1_macro=0.7441 val_f1_weighted=0.7970 val_prec_macro=0.7529 val_rec_macro=0.7448 val_metric_name=acc val_metric=0.8041
Step  200 | loss 0.3150 | val_acc=0.8162 val_loss=0.6392 val_f1_macro=0.7618 val_f1_weighted=0.8115 val_prec_macro=0.7650 val_rec_macro=0.7640 val_metric_name=acc val_metric=0.8162
Step  250 | loss 0.2137 | val_acc=0.8244 val_loss=0.6828 val_f1_macro=0.7742 val_f1_weighted=0.8196 val_prec_macro=0.7740 val_rec_macro=0.7786 val_metric_name=acc val_metric=0.8244
Step  300 | loss 0.1367 | val_acc=0.8297 val_loss=0.7370 val_f1_macro=0.7834 val_f1_weighted=0.8260 val_prec_macro=0.7808 val_rec_macro=0.7902 val_metric_name=acc val_metric=0.8297
Step  350 | loss 0.0920 | val_acc=0.8355 val_loss=0.7913 val_f1_macro=0.7902 val_f1_weighted=0.8307 val_prec_macro=0.7875 val_rec_macro=0.7972 val_metric_name=acc val_metric=0.8355
Step  400 | loss 0.0634 | val_acc=0.8376 val_loss=0.8315 val_f1_macro=0.7952 val_f1_weighted=0.8339 val_prec_macro=0.7931 val_rec_macro=0.8008 val_metric_name=acc val_metric=0.8376
Step  450 | loss 0.0494 | val_acc=0.8413 val_loss=0.8671 val_f1_macro=0.7983 val_f1_weighted=0.8375 val_prec_macro=0.7980 val_rec_macro=0.8029 val_metric_name=acc val_metric=0.8413
Step  500 | loss 0.0389 | val_acc=0.8424 val_loss=0.8992 val_f1_macro=0.8002 val_f1_weighted=0.8379 val_prec_macro=0.7999 val_rec_macro=0.8049 val_metric_name=acc val_metric=0.8424
Step  550 | loss 0.0288 | val_acc=0.8459 val_loss=0.9181 val_f1_macro=0.8052 val_f1_weighted=0.8418 val_prec_macro=0.8031 val_rec_macro=0.8117 val_metric_name=acc val_metric=0.8459
Step  600 | loss 0.0234 | val_acc=0.8454 val_loss=0.9566 val_f1_macro=0.8043 val_f1_weighted=0.8406 val_prec_macro=0.8048 val_rec_macro=0.8096 val_metric_name=acc val_metric=0.8454
Step  650 | loss 0.0208 | val_acc=0.8450 val_loss=0.9619 val_f1_macro=0.8039 val_f1_weighted=0.8410 val_prec_macro=0.8045 val_rec_macro=0.8084 val_metric_name=acc val_metric=0.8450
Step  700 | loss 0.0208 | val_acc=0.8459 val_loss=0.9993 val_f1_macro=0.8047 val_f1_weighted=0.8413 val_prec_macro=0.8063 val_rec_macro=0.8092 val_metric_name=acc val_metric=0.8459
Step  750 | loss 0.0158 | val_acc=0.8450 val_loss=1.0015 val_f1_macro=0.8018 val_f1_weighted=0.8405 val_prec_macro=0.8022 val_rec_macro=0.8067 val_metric_name=acc val_metric=0.8450
Step  800 | loss 0.0157 | val_acc=0.8459 val_loss=1.0099 val_f1_macro=0.8037 val_f1_weighted=0.8420 val_prec_macro=0.8031 val_rec_macro=0.8084 val_metric_name=acc val_metric=0.8459
Step  850 | loss 0.0153 | val_acc=0.8471 val_loss=1.0204 val_f1_macro=0.8056 val_f1_weighted=0.8429 val_prec_macro=0.8054 val_rec_macro=0.8111 val_metric_name=acc val_metric=0.8471
Step  900 | loss 0.0123 | val_acc=0.8468 val_loss=1.0289 val_f1_macro=0.8036 val_f1_weighted=0.8428 val_prec_macro=0.8040 val_rec_macro=0.8076 val_metric_name=acc val_metric=0.8468
Step  950 | loss 0.0083 | val_acc=0.8466 val_loss=1.0413 val_f1_macro=0.8056 val_f1_weighted=0.8426 val_prec_macro=0.8042 val_rec_macro=0.8109 val_metric_name=acc val_metric=0.8466
Step 1000 | loss 0.0098 | val_acc=0.8452 val_loss=1.0568 val_f1_macro=0.8009 val_f1_weighted=0.8402 val_prec_macro=0.8058 val_rec_macro=0.8036 val_metric_name=acc val_metric=0.8452
Step 1050 | loss 0.0079 | val_acc=0.8450 val_loss=1.0736 val_f1_macro=0.8022 val_f1_weighted=0.8405 val_prec_macro=0.8021 val_rec_macro=0.8078 val_metric_name=acc val_metric=0.8450
Step 1100 | loss 0.0074 | val_acc=0.8496 val_loss=1.0823 val_f1_macro=0.8075 val_f1_weighted=0.8455 val_prec_macro=0.8080 val_rec_macro=0.8128 val_metric_name=acc val_metric=0.8496
Step 1150 | loss 0.0067 | val_acc=0.8487 val_loss=1.0778 val_f1_macro=0.8061 val_f1_weighted=0.8452 val_prec_macro=0.8044 val_rec_macro=0.8114 val_metric_name=acc val_metric=0.8487
Step 1200 | loss 0.0059 | val_acc=0.8484 val_loss=1.0918 val_f1_macro=0.8058 val_f1_weighted=0.8444 val_prec_macro=0.8030 val_rec_macro=0.8137 val_metric_name=acc val_metric=0.8484
Step 1250 | loss 0.0055 | val_acc=0.8473 val_loss=1.0841 val_f1_macro=0.8059 val_f1_weighted=0.8434 val_prec_macro=0.8023 val_rec_macro=0.8136 val_metric_name=acc val_metric=0.8473
Step 1300 | loss 0.0065 | val_acc=0.8484 val_loss=1.0956 val_f1_macro=0.8068 val_f1_weighted=0.8448 val_prec_macro=0.8053 val_rec_macro=0.8128 val_metric_name=acc val_metric=0.8484
Step 1350 | loss 0.0052 | val_acc=0.8505 val_loss=1.1118 val_f1_macro=0.8090 val_f1_weighted=0.8463 val_prec_macro=0.8102 val_rec_macro=0.8127 val_metric_name=acc val_metric=0.8505
Step 1400 | loss 0.0058 | val_acc=0.8508 val_loss=1.1199 val_f1_macro=0.8096 val_f1_weighted=0.8463 val_prec_macro=0.8112 val_rec_macro=0.8136 val_metric_name=acc val_metric=0.8508
Step 1450 | loss 0.0034 | val_acc=0.8491 val_loss=1.1096 val_f1_macro=0.8056 val_f1_weighted=0.8451 val_prec_macro=0.8048 val_rec_macro=0.8117 val_metric_name=acc val_metric=0.8491
Step 1500 | loss 0.0032 | val_acc=0.8501 val_loss=1.1262 val_f1_macro=0.8072 val_f1_weighted=0.8462 val_prec_macro=0.8049 val_rec_macro=0.8140 val_metric_name=acc val_metric=0.8501
Step 1550 | loss 0.0041 | val_acc=0.8487 val_loss=1.1512 val_f1_macro=0.8058 val_f1_weighted=0.8444 val_prec_macro=0.8036 val_rec_macro=0.8135 val_metric_name=acc val_metric=0.8487
Step 1600 | loss 0.0036 | val_acc=0.8514 val_loss=1.1371 val_f1_macro=0.8075 val_f1_weighted=0.8471 val_prec_macro=0.8062 val_rec_macro=0.8139 val_metric_name=acc val_metric=0.8514
Step 1650 | loss 0.0034 | val_acc=0.8524 val_loss=1.1239 val_f1_macro=0.8110 val_f1_weighted=0.8489 val_prec_macro=0.8119 val_rec_macro=0.8131 val_metric_name=acc val_metric=0.8524
Step 1700 | loss 0.0033 | val_acc=0.8531 val_loss=1.1321 val_f1_macro=0.8115 val_f1_weighted=0.8489 val_prec_macro=0.8151 val_rec_macro=0.8139 val_metric_name=acc val_metric=0.8531
Step 1750 | loss 0.0051 | val_acc=0.8556 val_loss=1.1432 val_f1_macro=0.8140 val_f1_weighted=0.8513 val_prec_macro=0.8131 val_rec_macro=0.8212 val_metric_name=acc val_metric=0.8556
Step 1800 | loss 0.0033 | val_acc=0.8540 val_loss=1.1348 val_f1_macro=0.8109 val_f1_weighted=0.8499 val_prec_macro=0.8112 val_rec_macro=0.8171 val_metric_name=acc val_metric=0.8540
Step 1850 | loss 0.0024 | val_acc=0.8556 val_loss=1.1303 val_f1_macro=0.8165 val_f1_weighted=0.8521 val_prec_macro=0.8162 val_rec_macro=0.8209 val_metric_name=acc val_metric=0.8556
Step 1900 | loss 0.0032 | val_acc=0.8514 val_loss=1.1498 val_f1_macro=0.8096 val_f1_weighted=0.8480 val_prec_macro=0.8097 val_rec_macro=0.8124 val_metric_name=acc val_metric=0.8514
Step 1950 | loss 0.0022 | val_acc=0.8507 val_loss=1.1764 val_f1_macro=0.8084 val_f1_weighted=0.8467 val_prec_macro=0.8062 val_rec_macro=0.8164 val_metric_name=acc val_metric=0.8507
Step 2000 | loss 0.0018 | val_acc=0.8533 val_loss=1.1808 val_f1_macro=0.8108 val_f1_weighted=0.8487 val_prec_macro=0.8129 val_rec_macro=0.8162 val_metric_name=acc val_metric=0.8533
Step 2050 | loss 0.0030 | val_acc=0.8498 val_loss=1.1986 val_f1_macro=0.8103 val_f1_weighted=0.8451 val_prec_macro=0.8116 val_rec_macro=0.8151 val_metric_name=acc val_metric=0.8498
Step 2100 | loss 0.0019 | val_acc=0.8523 val_loss=1.2007 val_f1_macro=0.8095 val_f1_weighted=0.8470 val_prec_macro=0.8110 val_rec_macro=0.8160 val_metric_name=acc val_metric=0.8523
Early stopping at step 2120

--- Final (best ckpt @ step 1820) ---
  train_acc=1.0000 train_loss=0.0000 train_f1_macro=1.0000 train_f1_weighted=1.0000 train_prec_macro=1.0000 train_rec_macro=1.0000 train_metric_name=acc train_metric=1.0000
  val_acc=0.8574 val_loss=1.1304 val_f1_macro=0.8168 val_f1_weighted=0.8538 val_prec_macro=0.8163 val_rec_macro=0.8216 val_metric_name=acc val_metric=0.8574
  test_acc=0.8484 test_loss=1.1431 test_f1_macro=0.8067 test_f1_weighted=0.8458 test_prec_macro=0.8037 test_rec_macro=0.8119 test_metric_name=acc test_metric=0.8484
  test_acc=0.8484

============================================================
Training roman-empire SAGE 3L h=384 lr=1e-05 split=9
============================================================
Training for 5000 steps
Step    1 | loss 2.9237 | val_acc=0.0560 val_loss=2.8499 val_f1_macro=0.0303 val_f1_weighted=0.0574 val_prec_macro=0.0548 val_rec_macro=0.0322 val_metric_name=acc val_metric=0.0560
Step   50 | loss 2.0778 | val_acc=0.4687 val_loss=1.8380 val_f1_macro=0.2118 val_f1_weighted=0.3816 val_prec_macro=0.2731 val_rec_macro=0.2462 val_metric_name=acc val_metric=0.4687
Step  100 | loss 1.6550 | val_acc=0.5495 val_loss=1.4419 val_f1_macro=0.2887 val_f1_weighted=0.4753 val_prec_macro=0.3700 val_rec_macro=0.3144 val_metric_name=acc val_metric=0.5495
Step  150 | loss 1.3957 | val_acc=0.6240 val_loss=1.2046 val_f1_macro=0.4154 val_f1_weighted=0.5667 val_prec_macro=0.4984 val_rec_macro=0.4261 val_metric_name=acc val_metric=0.6240
Step  200 | loss 1.2252 | val_acc=0.6628 val_loss=1.0765 val_f1_macro=0.4772 val_f1_weighted=0.6128 val_prec_macro=0.5331 val_rec_macro=0.4911 val_metric_name=acc val_metric=0.6628
Step  250 | loss 1.1113 | val_acc=0.6907 val_loss=0.9904 val_f1_macro=0.5295 val_f1_weighted=0.6509 val_prec_macro=0.5759 val_rec_macro=0.5419 val_metric_name=acc val_metric=0.6907
Step  300 | loss 1.0129 | val_acc=0.7098 val_loss=0.9246 val_f1_macro=0.5595 val_f1_weighted=0.6754 val_prec_macro=0.5980 val_rec_macro=0.5744 val_metric_name=acc val_metric=0.7098
Step  350 | loss 0.9439 | val_acc=0.7244 val_loss=0.8746 val_f1_macro=0.5854 val_f1_weighted=0.6953 val_prec_macro=0.6103 val_rec_macro=0.5989 val_metric_name=acc val_metric=0.7244
Step  400 | loss 0.8880 | val_acc=0.7333 val_loss=0.8366 val_f1_macro=0.5991 val_f1_weighted=0.7070 val_prec_macro=0.6163 val_rec_macro=0.6125 val_metric_name=acc val_metric=0.7333
Step  450 | loss 0.8408 | val_acc=0.7417 val_loss=0.8068 val_f1_macro=0.6102 val_f1_weighted=0.7163 val_prec_macro=0.6254 val_rec_macro=0.6240 val_metric_name=acc val_metric=0.7417
Step  500 | loss 0.8021 | val_acc=0.7497 val_loss=0.7810 val_f1_macro=0.6245 val_f1_weighted=0.7269 val_prec_macro=0.6356 val_rec_macro=0.6373 val_metric_name=acc val_metric=0.7497
Step  550 | loss 0.7548 | val_acc=0.7562 val_loss=0.7595 val_f1_macro=0.6355 val_f1_weighted=0.7347 val_prec_macro=0.6521 val_rec_macro=0.6479 val_metric_name=acc val_metric=0.7562
Step  600 | loss 0.7202 | val_acc=0.7606 val_loss=0.7422 val_f1_macro=0.6472 val_f1_weighted=0.7409 val_prec_macro=0.6761 val_rec_macro=0.6568 val_metric_name=acc val_metric=0.7606
Step  650 | loss 0.6941 | val_acc=0.7666 val_loss=0.7239 val_f1_macro=0.6600 val_f1_weighted=0.7487 val_prec_macro=0.6862 val_rec_macro=0.6678 val_metric_name=acc val_metric=0.7666
Step  700 | loss 0.6648 | val_acc=0.7721 val_loss=0.7112 val_f1_macro=0.6716 val_f1_weighted=0.7555 val_prec_macro=0.6960 val_rec_macro=0.6767 val_metric_name=acc val_metric=0.7721
Step  750 | loss 0.6373 | val_acc=0.7758 val_loss=0.6981 val_f1_macro=0.6824 val_f1_weighted=0.7609 val_prec_macro=0.7128 val_rec_macro=0.6852 val_metric_name=acc val_metric=0.7758
Step  800 | loss 0.6168 | val_acc=0.7790 val_loss=0.6860 val_f1_macro=0.6885 val_f1_weighted=0.7649 val_prec_macro=0.7193 val_rec_macro=0.6898 val_metric_name=acc val_metric=0.7790
Step  850 | loss 0.5872 | val_acc=0.7848 val_loss=0.6771 val_f1_macro=0.7036 val_f1_weighted=0.7724 val_prec_macro=0.7342 val_rec_macro=0.7033 val_metric_name=acc val_metric=0.7848
Step  900 | loss 0.5769 | val_acc=0.7885 val_loss=0.6682 val_f1_macro=0.7103 val_f1_weighted=0.7774 val_prec_macro=0.7398 val_rec_macro=0.7094 val_metric_name=acc val_metric=0.7885
Step  950 | loss 0.5494 | val_acc=0.7945 val_loss=0.6587 val_f1_macro=0.7220 val_f1_weighted=0.7844 val_prec_macro=0.7463 val_rec_macro=0.7210 val_metric_name=acc val_metric=0.7945
Step 1000 | loss 0.5260 | val_acc=0.7954 val_loss=0.6539 val_f1_macro=0.7261 val_f1_weighted=0.7861 val_prec_macro=0.7434 val_rec_macro=0.7261 val_metric_name=acc val_metric=0.7954
Step 1050 | loss 0.5043 | val_acc=0.7965 val_loss=0.6475 val_f1_macro=0.7277 val_f1_weighted=0.7874 val_prec_macro=0.7433 val_rec_macro=0.7276 val_metric_name=acc val_metric=0.7965
Step 1100 | loss 0.4782 | val_acc=0.8012 val_loss=0.6414 val_f1_macro=0.7345 val_f1_weighted=0.7935 val_prec_macro=0.7487 val_rec_macro=0.7332 val_metric_name=acc val_metric=0.8012
Step 1150 | loss 0.4616 | val_acc=0.8039 val_loss=0.6388 val_f1_macro=0.7414 val_f1_weighted=0.7968 val_prec_macro=0.7537 val_rec_macro=0.7399 val_metric_name=acc val_metric=0.8039
Step 1200 | loss 0.4491 | val_acc=0.8072 val_loss=0.6365 val_f1_macro=0.7460 val_f1_weighted=0.8006 val_prec_macro=0.7576 val_rec_macro=0.7450 val_metric_name=acc val_metric=0.8072
Step 1250 | loss 0.4277 | val_acc=0.8102 val_loss=0.6340 val_f1_macro=0.7526 val_f1_weighted=0.8040 val_prec_macro=0.7619 val_rec_macro=0.7528 val_metric_name=acc val_metric=0.8102
Step 1300 | loss 0.4063 | val_acc=0.8129 val_loss=0.6317 val_f1_macro=0.7565 val_f1_weighted=0.8071 val_prec_macro=0.7658 val_rec_macro=0.7554 val_metric_name=acc val_metric=0.8129
Step 1350 | loss 0.3907 | val_acc=0.8145 val_loss=0.6316 val_f1_macro=0.7585 val_f1_weighted=0.8088 val_prec_macro=0.7662 val_rec_macro=0.7581 val_metric_name=acc val_metric=0.8145
Step 1400 | loss 0.3761 | val_acc=0.8150 val_loss=0.6329 val_f1_macro=0.7590 val_f1_weighted=0.8094 val_prec_macro=0.7649 val_rec_macro=0.7600 val_metric_name=acc val_metric=0.8150
Step 1450 | loss 0.3483 | val_acc=0.8162 val_loss=0.6322 val_f1_macro=0.7614 val_f1_weighted=0.8112 val_prec_macro=0.7665 val_rec_macro=0.7625 val_metric_name=acc val_metric=0.8162
Step 1500 | loss 0.3394 | val_acc=0.8177 val_loss=0.6362 val_f1_macro=0.7623 val_f1_weighted=0.8125 val_prec_macro=0.7672 val_rec_macro=0.7638 val_metric_name=acc val_metric=0.8177
Step 1550 | loss 0.3239 | val_acc=0.8171 val_loss=0.6400 val_f1_macro=0.7620 val_f1_weighted=0.8116 val_prec_macro=0.7673 val_rec_macro=0.7630 val_metric_name=acc val_metric=0.8171
Step 1600 | loss 0.3095 | val_acc=0.8182 val_loss=0.6398 val_f1_macro=0.7645 val_f1_weighted=0.8133 val_prec_macro=0.7682 val_rec_macro=0.7664 val_metric_name=acc val_metric=0.8182
Step 1650 | loss 0.2874 | val_acc=0.8194 val_loss=0.6428 val_f1_macro=0.7659 val_f1_weighted=0.8146 val_prec_macro=0.7691 val_rec_macro=0.7682 val_metric_name=acc val_metric=0.8194
Step 1700 | loss 0.2749 | val_acc=0.8207 val_loss=0.6497 val_f1_macro=0.7686 val_f1_weighted=0.8157 val_prec_macro=0.7723 val_rec_macro=0.7705 val_metric_name=acc val_metric=0.8207
Step 1750 | loss 0.2657 | val_acc=0.8224 val_loss=0.6521 val_f1_macro=0.7710 val_f1_weighted=0.8178 val_prec_macro=0.7737 val_rec_macro=0.7731 val_metric_name=acc val_metric=0.8224
Step 1800 | loss 0.2512 | val_acc=0.8226 val_loss=0.6570 val_f1_macro=0.7719 val_f1_weighted=0.8182 val_prec_macro=0.7734 val_rec_macro=0.7751 val_metric_name=acc val_metric=0.8226
Step 1850 | loss 0.2343 | val_acc=0.8238 val_loss=0.6618 val_f1_macro=0.7729 val_f1_weighted=0.8194 val_prec_macro=0.7750 val_rec_macro=0.7753 val_metric_name=acc val_metric=0.8238
Step 1900 | loss 0.2277 | val_acc=0.8258 val_loss=0.6677 val_f1_macro=0.7775 val_f1_weighted=0.8215 val_prec_macro=0.7780 val_rec_macro=0.7812 val_metric_name=acc val_metric=0.8258
Step 1950 | loss 0.2140 | val_acc=0.8274 val_loss=0.6735 val_f1_macro=0.7792 val_f1_weighted=0.8230 val_prec_macro=0.7794 val_rec_macro=0.7830 val_metric_name=acc val_metric=0.8274
Step 2000 | loss 0.1998 | val_acc=0.8275 val_loss=0.6772 val_f1_macro=0.7810 val_f1_weighted=0.8234 val_prec_macro=0.7816 val_rec_macro=0.7848 val_metric_name=acc val_metric=0.8275
Step 2050 | loss 0.1926 | val_acc=0.8291 val_loss=0.6843 val_f1_macro=0.7833 val_f1_weighted=0.8246 val_prec_macro=0.7825 val_rec_macro=0.7886 val_metric_name=acc val_metric=0.8291
Step 2100 | loss 0.1827 | val_acc=0.8298 val_loss=0.6910 val_f1_macro=0.7852 val_f1_weighted=0.8254 val_prec_macro=0.7850 val_rec_macro=0.7895 val_metric_name=acc val_metric=0.8298
Step 2150 | loss 0.1737 | val_acc=0.8300 val_loss=0.6938 val_f1_macro=0.7856 val_f1_weighted=0.8259 val_prec_macro=0.7852 val_rec_macro=0.7899 val_metric_name=acc val_metric=0.8300
Step 2200 | loss 0.1627 | val_acc=0.8316 val_loss=0.7027 val_f1_macro=0.7857 val_f1_weighted=0.8268 val_prec_macro=0.7865 val_rec_macro=0.7897 val_metric_name=acc val_metric=0.8316
Step 2250 | loss 0.1556 | val_acc=0.8323 val_loss=0.7080 val_f1_macro=0.7861 val_f1_weighted=0.8277 val_prec_macro=0.7875 val_rec_macro=0.7892 val_metric_name=acc val_metric=0.8323
Step 2300 | loss 0.1480 | val_acc=0.8332 val_loss=0.7130 val_f1_macro=0.7893 val_f1_weighted=0.8289 val_prec_macro=0.7895 val_rec_macro=0.7933 val_metric_name=acc val_metric=0.8332
Step 2350 | loss 0.1400 | val_acc=0.8330 val_loss=0.7195 val_f1_macro=0.7885 val_f1_weighted=0.8286 val_prec_macro=0.7894 val_rec_macro=0.7915 val_metric_name=acc val_metric=0.8330
Step 2400 | loss 0.1347 | val_acc=0.8334 val_loss=0.7265 val_f1_macro=0.7899 val_f1_weighted=0.8287 val_prec_macro=0.7907 val_rec_macro=0.7933 val_metric_name=acc val_metric=0.8334
Step 2450 | loss 0.1281 | val_acc=0.8335 val_loss=0.7323 val_f1_macro=0.7900 val_f1_weighted=0.8293 val_prec_macro=0.7903 val_rec_macro=0.7936 val_metric_name=acc val_metric=0.8335
Step 2500 | loss 0.1206 | val_acc=0.8341 val_loss=0.7357 val_f1_macro=0.7922 val_f1_weighted=0.8299 val_prec_macro=0.7933 val_rec_macro=0.7949 val_metric_name=acc val_metric=0.8341
Step 2550 | loss 0.1170 | val_acc=0.8355 val_loss=0.7417 val_f1_macro=0.7937 val_f1_weighted=0.8310 val_prec_macro=0.7955 val_rec_macro=0.7959 val_metric_name=acc val_metric=0.8355
Step 2600 | loss 0.1099 | val_acc=0.8355 val_loss=0.7463 val_f1_macro=0.7936 val_f1_weighted=0.8311 val_prec_macro=0.7941 val_rec_macro=0.7972 val_metric_name=acc val_metric=0.8355
Step 2650 | loss 0.1085 | val_acc=0.8358 val_loss=0.7552 val_f1_macro=0.7941 val_f1_weighted=0.8316 val_prec_macro=0.7937 val_rec_macro=0.7986 val_metric_name=acc val_metric=0.8358
Step 2700 | loss 0.0991 | val_acc=0.8360 val_loss=0.7609 val_f1_macro=0.7945 val_f1_weighted=0.8317 val_prec_macro=0.7945 val_rec_macro=0.7986 val_metric_name=acc val_metric=0.8360
Step 2750 | loss 0.0959 | val_acc=0.8362 val_loss=0.7659 val_f1_macro=0.7938 val_f1_weighted=0.8319 val_prec_macro=0.7934 val_rec_macro=0.7985 val_metric_name=acc val_metric=0.8362
Step 2800 | loss 0.0937 | val_acc=0.8394 val_loss=0.7702 val_f1_macro=0.7976 val_f1_weighted=0.8353 val_prec_macro=0.7981 val_rec_macro=0.8009 val_metric_name=acc val_metric=0.8394
Step 2850 | loss 0.0850 | val_acc=0.8392 val_loss=0.7770 val_f1_macro=0.7983 val_f1_weighted=0.8350 val_prec_macro=0.7987 val_rec_macro=0.8016 val_metric_name=acc val_metric=0.8392
Step 2900 | loss 0.0846 | val_acc=0.8383 val_loss=0.7846 val_f1_macro=0.7964 val_f1_weighted=0.8339 val_prec_macro=0.7967 val_rec_macro=0.8004 val_metric_name=acc val_metric=0.8383
Step 2950 | loss 0.0836 | val_acc=0.8399 val_loss=0.7912 val_f1_macro=0.7996 val_f1_weighted=0.8357 val_prec_macro=0.7990 val_rec_macro=0.8042 val_metric_name=acc val_metric=0.8399
Step 3000 | loss 0.0757 | val_acc=0.8385 val_loss=0.7932 val_f1_macro=0.7972 val_f1_weighted=0.8345 val_prec_macro=0.7956 val_rec_macro=0.8024 val_metric_name=acc val_metric=0.8385
Step 3050 | loss 0.0742 | val_acc=0.8381 val_loss=0.7978 val_f1_macro=0.7980 val_f1_weighted=0.8343 val_prec_macro=0.7956 val_rec_macro=0.8041 val_metric_name=acc val_metric=0.8381
Step 3100 | loss 0.0768 | val_acc=0.8397 val_loss=0.8033 val_f1_macro=0.7996 val_f1_weighted=0.8361 val_prec_macro=0.7974 val_rec_macro=0.8053 val_metric_name=acc val_metric=0.8397
Step 3150 | loss 0.0679 | val_acc=0.8392 val_loss=0.8091 val_f1_macro=0.7989 val_f1_weighted=0.8353 val_prec_macro=0.7970 val_rec_macro=0.8045 val_metric_name=acc val_metric=0.8392
Step 3200 | loss 0.0647 | val_acc=0.8406 val_loss=0.8153 val_f1_macro=0.8004 val_f1_weighted=0.8365 val_prec_macro=0.7984 val_rec_macro=0.8063 val_metric_name=acc val_metric=0.8406
Step 3250 | loss 0.0588 | val_acc=0.8404 val_loss=0.8270 val_f1_macro=0.8001 val_f1_weighted=0.8362 val_prec_macro=0.8000 val_rec_macro=0.8048 val_metric_name=acc val_metric=0.8404
Step 3300 | loss 0.0620 | val_acc=0.8408 val_loss=0.8272 val_f1_macro=0.8007 val_f1_weighted=0.8369 val_prec_macro=0.7993 val_rec_macro=0.8057 val_metric_name=acc val_metric=0.8408
Step 3350 | loss 0.0522 | val_acc=0.8402 val_loss=0.8341 val_f1_macro=0.7989 val_f1_weighted=0.8361 val_prec_macro=0.7973 val_rec_macro=0.8048 val_metric_name=acc val_metric=0.8402
Step 3400 | loss 0.0562 | val_acc=0.8415 val_loss=0.8340 val_f1_macro=0.8018 val_f1_weighted=0.8378 val_prec_macro=0.8003 val_rec_macro=0.8067 val_metric_name=acc val_metric=0.8415
Step 3450 | loss 0.0522 | val_acc=0.8413 val_loss=0.8424 val_f1_macro=0.8014 val_f1_weighted=0.8376 val_prec_macro=0.7993 val_rec_macro=0.8071 val_metric_name=acc val_metric=0.8413
Step 3500 | loss 0.0520 | val_acc=0.8427 val_loss=0.8493 val_f1_macro=0.8032 val_f1_weighted=0.8388 val_prec_macro=0.8020 val_rec_macro=0.8085 val_metric_name=acc val_metric=0.8427
Step 3550 | loss 0.0488 | val_acc=0.8420 val_loss=0.8525 val_f1_macro=0.8017 val_f1_weighted=0.8380 val_prec_macro=0.8009 val_rec_macro=0.8065 val_metric_name=acc val_metric=0.8420
Step 3600 | loss 0.0441 | val_acc=0.8429 val_loss=0.8579 val_f1_macro=0.8024 val_f1_weighted=0.8390 val_prec_macro=0.8018 val_rec_macro=0.8074 val_metric_name=acc val_metric=0.8429
Step 3650 | loss 0.0468 | val_acc=0.8431 val_loss=0.8613 val_f1_macro=0.8029 val_f1_weighted=0.8390 val_prec_macro=0.8018 val_rec_macro=0.8087 val_metric_name=acc val_metric=0.8431
Step 3700 | loss 0.0411 | val_acc=0.8436 val_loss=0.8656 val_f1_macro=0.8032 val_f1_weighted=0.8396 val_prec_macro=0.8015 val_rec_macro=0.8092 val_metric_name=acc val_metric=0.8436
Step 3750 | loss 0.0435 | val_acc=0.8427 val_loss=0.8752 val_f1_macro=0.8029 val_f1_weighted=0.8384 val_prec_macro=0.8024 val_rec_macro=0.8083 val_metric_name=acc val_metric=0.8427
Step 3800 | loss 0.0404 | val_acc=0.8431 val_loss=0.8769 val_f1_macro=0.8027 val_f1_weighted=0.8389 val_prec_macro=0.8016 val_rec_macro=0.8081 val_metric_name=acc val_metric=0.8431
Step 3850 | loss 0.0403 | val_acc=0.8450 val_loss=0.8824 val_f1_macro=0.8057 val_f1_weighted=0.8408 val_prec_macro=0.8048 val_rec_macro=0.8117 val_metric_name=acc val_metric=0.8450
Step 3900 | loss 0.0366 | val_acc=0.8443 val_loss=0.8839 val_f1_macro=0.8043 val_f1_weighted=0.8405 val_prec_macro=0.8037 val_rec_macro=0.8087 val_metric_name=acc val_metric=0.8443
Step 3950 | loss 0.0351 | val_acc=0.8448 val_loss=0.8870 val_f1_macro=0.8043 val_f1_weighted=0.8408 val_prec_macro=0.8028 val_rec_macro=0.8108 val_metric_name=acc val_metric=0.8448
Step 4000 | loss 0.0341 | val_acc=0.8443 val_loss=0.8933 val_f1_macro=0.8038 val_f1_weighted=0.8400 val_prec_macro=0.8025 val_rec_macro=0.8104 val_metric_name=acc val_metric=0.8443
Step 4050 | loss 0.0312 | val_acc=0.8448 val_loss=0.8981 val_f1_macro=0.8050 val_f1_weighted=0.8404 val_prec_macro=0.8042 val_rec_macro=0.8112 val_metric_name=acc val_metric=0.8448
Step 4100 | loss 0.0328 | val_acc=0.8448 val_loss=0.8996 val_f1_macro=0.8040 val_f1_weighted=0.8408 val_prec_macro=0.8025 val_rec_macro=0.8101 val_metric_name=acc val_metric=0.8448
Step 4150 | loss 0.0305 | val_acc=0.8455 val_loss=0.9031 val_f1_macro=0.8047 val_f1_weighted=0.8415 val_prec_macro=0.8030 val_rec_macro=0.8112 val_metric_name=acc val_metric=0.8455
Step 4200 | loss 0.0286 | val_acc=0.8455 val_loss=0.9102 val_f1_macro=0.8051 val_f1_weighted=0.8415 val_prec_macro=0.8034 val_rec_macro=0.8114 val_metric_name=acc val_metric=0.8455
Step 4250 | loss 0.0340 | val_acc=0.8462 val_loss=0.9128 val_f1_macro=0.8058 val_f1_weighted=0.8421 val_prec_macro=0.8051 val_rec_macro=0.8113 val_metric_name=acc val_metric=0.8462
Step 4300 | loss 0.0312 | val_acc=0.8450 val_loss=0.9191 val_f1_macro=0.8043 val_f1_weighted=0.8408 val_prec_macro=0.8037 val_rec_macro=0.8098 val_metric_name=acc val_metric=0.8450
Step 4350 | loss 0.0279 | val_acc=0.8468 val_loss=0.9245 val_f1_macro=0.8057 val_f1_weighted=0.8427 val_prec_macro=0.8050 val_rec_macro=0.8115 val_metric_name=acc val_metric=0.8468
Step 4400 | loss 0.0304 | val_acc=0.8461 val_loss=0.9273 val_f1_macro=0.8062 val_f1_weighted=0.8417 val_prec_macro=0.8055 val_rec_macro=0.8119 val_metric_name=acc val_metric=0.8461
Step 4450 | loss 0.0254 | val_acc=0.8455 val_loss=0.9316 val_f1_macro=0.8056 val_f1_weighted=0.8413 val_prec_macro=0.8054 val_rec_macro=0.8107 val_metric_name=acc val_metric=0.8455
Step 4500 | loss 0.0274 | val_acc=0.8461 val_loss=0.9360 val_f1_macro=0.8061 val_f1_weighted=0.8419 val_prec_macro=0.8062 val_rec_macro=0.8107 val_metric_name=acc val_metric=0.8461
Step 4550 | loss 0.0223 | val_acc=0.8464 val_loss=0.9398 val_f1_macro=0.8060 val_f1_weighted=0.8422 val_prec_macro=0.8051 val_rec_macro=0.8121 val_metric_name=acc val_metric=0.8464
Step 4600 | loss 0.0271 | val_acc=0.8471 val_loss=0.9440 val_f1_macro=0.8079 val_f1_weighted=0.8430 val_prec_macro=0.8078 val_rec_macro=0.8134 val_metric_name=acc val_metric=0.8471
Step 4650 | loss 0.0249 | val_acc=0.8471 val_loss=0.9464 val_f1_macro=0.8076 val_f1_weighted=0.8429 val_prec_macro=0.8071 val_rec_macro=0.8132 val_metric_name=acc val_metric=0.8471
Step 4700 | loss 0.0238 | val_acc=0.8470 val_loss=0.9516 val_f1_macro=0.8068 val_f1_weighted=0.8428 val_prec_macro=0.8051 val_rec_macro=0.8132 val_metric_name=acc val_metric=0.8470
Step 4750 | loss 0.0236 | val_acc=0.8480 val_loss=0.9548 val_f1_macro=0.8081 val_f1_weighted=0.8440 val_prec_macro=0.8074 val_rec_macro=0.8139 val_metric_name=acc val_metric=0.8480
Step 4800 | loss 0.0192 | val_acc=0.8471 val_loss=0.9580 val_f1_macro=0.8072 val_f1_weighted=0.8429 val_prec_macro=0.8064 val_rec_macro=0.8133 val_metric_name=acc val_metric=0.8471
Step 4850 | loss 0.0216 | val_acc=0.8489 val_loss=0.9601 val_f1_macro=0.8086 val_f1_weighted=0.8446 val_prec_macro=0.8089 val_rec_macro=0.8139 val_metric_name=acc val_metric=0.8489
Step 4900 | loss 0.0222 | val_acc=0.8468 val_loss=0.9664 val_f1_macro=0.8066 val_f1_weighted=0.8424 val_prec_macro=0.8066 val_rec_macro=0.8118 val_metric_name=acc val_metric=0.8468
Step 4950 | loss 0.0225 | val_acc=0.8471 val_loss=0.9695 val_f1_macro=0.8061 val_f1_weighted=0.8430 val_prec_macro=0.8055 val_rec_macro=0.8112 val_metric_name=acc val_metric=0.8471
Step 5000 | loss 0.0181 | val_acc=0.8480 val_loss=0.9736 val_f1_macro=0.8075 val_f1_weighted=0.8439 val_prec_macro=0.8068 val_rec_macro=0.8134 val_metric_name=acc val_metric=0.8480

--- Final (best ckpt @ step 4840) ---
  train_acc=0.9996 train_loss=0.0011 train_f1_macro=0.9996 train_f1_weighted=0.9996 train_prec_macro=0.9996 train_rec_macro=0.9996 train_metric_name=acc train_metric=0.9996
  val_acc=0.8492 val_loss=0.9566 val_f1_macro=0.8083 val_f1_weighted=0.8454 val_prec_macro=0.8072 val_rec_macro=0.8141 val_metric_name=acc val_metric=0.8492
  test_acc=0.8375 test_loss=0.9531 test_f1_macro=0.7946 test_f1_weighted=0.8348 test_prec_macro=0.7908 test_rec_macro=0.8007 test_metric_name=acc test_metric=0.8375
  test_acc=0.8375

============================================================
Training roman-empire SAGE 3L h=512 lr=3e-05 split=9
============================================================
Training for 5000 steps
Step    1 | loss 2.9676 | val_acc=0.2304 val_loss=2.6638 val_f1_macro=0.0795 val_f1_weighted=0.1651 val_prec_macro=0.0880 val_rec_macro=0.1122 val_metric_name=acc val_metric=0.2304
Step   50 | loss 1.2583 | val_acc=0.6613 val_loss=1.1172 val_f1_macro=0.4944 val_f1_weighted=0.6181 val_prec_macro=0.5432 val_rec_macro=0.5121 val_metric_name=acc val_metric=0.6613
Step  100 | loss 0.9106 | val_acc=0.7294 val_loss=0.8682 val_f1_macro=0.5963 val_f1_weighted=0.7031 val_prec_macro=0.6131 val_rec_macro=0.6087 val_metric_name=acc val_metric=0.7294
Step  150 | loss 0.7503 | val_acc=0.7539 val_loss=0.7716 val_f1_macro=0.6425 val_f1_weighted=0.7342 val_prec_macro=0.6986 val_rec_macro=0.6531 val_metric_name=acc val_metric=0.7539
Step  200 | loss 0.6361 | val_acc=0.7756 val_loss=0.7109 val_f1_macro=0.6899 val_f1_weighted=0.7628 val_prec_macro=0.7173 val_rec_macro=0.6912 val_metric_name=acc val_metric=0.7756
Step  250 | loss 0.5438 | val_acc=0.7885 val_loss=0.6791 val_f1_macro=0.7176 val_f1_weighted=0.7794 val_prec_macro=0.7301 val_rec_macro=0.7185 val_metric_name=acc val_metric=0.7885
Step  300 | loss 0.4721 | val_acc=0.7972 val_loss=0.6630 val_f1_macro=0.7337 val_f1_weighted=0.7900 val_prec_macro=0.7416 val_rec_macro=0.7348 val_metric_name=acc val_metric=0.7972
Step  350 | loss 0.4031 | val_acc=0.8046 val_loss=0.6564 val_f1_macro=0.7448 val_f1_weighted=0.7989 val_prec_macro=0.7498 val_rec_macro=0.7463 val_metric_name=acc val_metric=0.8046
Step  400 | loss 0.3409 | val_acc=0.8122 val_loss=0.6568 val_f1_macro=0.7549 val_f1_weighted=0.8068 val_prec_macro=0.7593 val_rec_macro=0.7561 val_metric_name=acc val_metric=0.8122
Step  450 | loss 0.2858 | val_acc=0.8155 val_loss=0.6688 val_f1_macro=0.7626 val_f1_weighted=0.8107 val_prec_macro=0.7658 val_rec_macro=0.7640 val_metric_name=acc val_metric=0.8155
Step  500 | loss 0.2341 | val_acc=0.8185 val_loss=0.6906 val_f1_macro=0.7670 val_f1_weighted=0.8141 val_prec_macro=0.7706 val_rec_macro=0.7686 val_metric_name=acc val_metric=0.8185
Step  550 | loss 0.1932 | val_acc=0.8222 val_loss=0.7067 val_f1_macro=0.7721 val_f1_weighted=0.8184 val_prec_macro=0.7761 val_rec_macro=0.7728 val_metric_name=acc val_metric=0.8222
Step  600 | loss 0.1632 | val_acc=0.8247 val_loss=0.7333 val_f1_macro=0.7757 val_f1_weighted=0.8207 val_prec_macro=0.7814 val_rec_macro=0.7761 val_metric_name=acc val_metric=0.8247
Step  650 | loss 0.1308 | val_acc=0.8251 val_loss=0.7493 val_f1_macro=0.7779 val_f1_weighted=0.8212 val_prec_macro=0.7792 val_rec_macro=0.7802 val_metric_name=acc val_metric=0.8251
Step  700 | loss 0.1063 | val_acc=0.8293 val_loss=0.7740 val_f1_macro=0.7847 val_f1_weighted=0.8257 val_prec_macro=0.7869 val_rec_macro=0.7863 val_metric_name=acc val_metric=0.8293
Step  750 | loss 0.0928 | val_acc=0.8300 val_loss=0.8005 val_f1_macro=0.7864 val_f1_weighted=0.8268 val_prec_macro=0.7895 val_rec_macro=0.7873 val_metric_name=acc val_metric=0.8300
Step  800 | loss 0.0720 | val_acc=0.8341 val_loss=0.8155 val_f1_macro=0.7904 val_f1_weighted=0.8304 val_prec_macro=0.7927 val_rec_macro=0.7919 val_metric_name=acc val_metric=0.8341
Step  850 | loss 0.0634 | val_acc=0.8328 val_loss=0.8389 val_f1_macro=0.7910 val_f1_weighted=0.8298 val_prec_macro=0.7940 val_rec_macro=0.7919 val_metric_name=acc val_metric=0.8328
Step  900 | loss 0.0553 | val_acc=0.8364 val_loss=0.8624 val_f1_macro=0.7925 val_f1_weighted=0.8327 val_prec_macro=0.7931 val_rec_macro=0.7960 val_metric_name=acc val_metric=0.8364
Step  950 | loss 0.0480 | val_acc=0.8383 val_loss=0.8789 val_f1_macro=0.7952 val_f1_weighted=0.8352 val_prec_macro=0.7969 val_rec_macro=0.7964 val_metric_name=acc val_metric=0.8383
Step 1000 | loss 0.0400 | val_acc=0.8362 val_loss=0.8998 val_f1_macro=0.7923 val_f1_weighted=0.8327 val_prec_macro=0.7953 val_rec_macro=0.7924 val_metric_name=acc val_metric=0.8362
Step 1050 | loss 0.0373 | val_acc=0.8404 val_loss=0.9158 val_f1_macro=0.7979 val_f1_weighted=0.8371 val_prec_macro=0.7996 val_rec_macro=0.7998 val_metric_name=acc val_metric=0.8404
Step 1100 | loss 0.0320 | val_acc=0.8404 val_loss=0.9215 val_f1_macro=0.7988 val_f1_weighted=0.8371 val_prec_macro=0.8004 val_rec_macro=0.8003 val_metric_name=acc val_metric=0.8404
Step 1150 | loss 0.0298 | val_acc=0.8406 val_loss=0.9378 val_f1_macro=0.7995 val_f1_weighted=0.8373 val_prec_macro=0.8024 val_rec_macro=0.7999 val_metric_name=acc val_metric=0.8406
Step 1200 | loss 0.0257 | val_acc=0.8388 val_loss=0.9569 val_f1_macro=0.7975 val_f1_weighted=0.8356 val_prec_macro=0.7981 val_rec_macro=0.8005 val_metric_name=acc val_metric=0.8388
Step 1250 | loss 0.0248 | val_acc=0.8404 val_loss=0.9666 val_f1_macro=0.7999 val_f1_weighted=0.8375 val_prec_macro=0.8019 val_rec_macro=0.8013 val_metric_name=acc val_metric=0.8404
Step 1300 | loss 0.0217 | val_acc=0.8413 val_loss=0.9817 val_f1_macro=0.8002 val_f1_weighted=0.8378 val_prec_macro=0.8007 val_rec_macro=0.8034 val_metric_name=acc val_metric=0.8413
Step 1350 | loss 0.0195 | val_acc=0.8418 val_loss=0.9900 val_f1_macro=0.8007 val_f1_weighted=0.8384 val_prec_macro=0.8008 val_rec_macro=0.8043 val_metric_name=acc val_metric=0.8418
Step 1400 | loss 0.0195 | val_acc=0.8425 val_loss=0.9965 val_f1_macro=0.8017 val_f1_weighted=0.8388 val_prec_macro=0.8047 val_rec_macro=0.8025 val_metric_name=acc val_metric=0.8425
Step 1450 | loss 0.0155 | val_acc=0.8424 val_loss=1.0103 val_f1_macro=0.8019 val_f1_weighted=0.8391 val_prec_macro=0.8018 val_rec_macro=0.8056 val_metric_name=acc val_metric=0.8424
Step 1500 | loss 0.0143 | val_acc=0.8420 val_loss=1.0185 val_f1_macro=0.8013 val_f1_weighted=0.8390 val_prec_macro=0.8032 val_rec_macro=0.8028 val_metric_name=acc val_metric=0.8420
Step 1550 | loss 0.0149 | val_acc=0.8438 val_loss=1.0219 val_f1_macro=0.8026 val_f1_weighted=0.8404 val_prec_macro=0.8039 val_rec_macro=0.8046 val_metric_name=acc val_metric=0.8438
Step 1600 | loss 0.0126 | val_acc=0.8448 val_loss=1.0265 val_f1_macro=0.8042 val_f1_weighted=0.8417 val_prec_macro=0.8048 val_rec_macro=0.8073 val_metric_name=acc val_metric=0.8448
Step 1650 | loss 0.0111 | val_acc=0.8450 val_loss=1.0430 val_f1_macro=0.8044 val_f1_weighted=0.8416 val_prec_macro=0.8042 val_rec_macro=0.8095 val_metric_name=acc val_metric=0.8450
Step 1700 | loss 0.0104 | val_acc=0.8448 val_loss=1.0443 val_f1_macro=0.8037 val_f1_weighted=0.8420 val_prec_macro=0.8030 val_rec_macro=0.8077 val_metric_name=acc val_metric=0.8448
Step 1750 | loss 0.0106 | val_acc=0.8492 val_loss=1.0451 val_f1_macro=0.8093 val_f1_weighted=0.8464 val_prec_macro=0.8092 val_rec_macro=0.8127 val_metric_name=acc val_metric=0.8492
Step 1800 | loss 0.0089 | val_acc=0.8448 val_loss=1.0674 val_f1_macro=0.8041 val_f1_weighted=0.8417 val_prec_macro=0.8059 val_rec_macro=0.8065 val_metric_name=acc val_metric=0.8448
Step 1850 | loss 0.0083 | val_acc=0.8462 val_loss=1.0681 val_f1_macro=0.8050 val_f1_weighted=0.8429 val_prec_macro=0.8053 val_rec_macro=0.8079 val_metric_name=acc val_metric=0.8462
Step 1900 | loss 0.0096 | val_acc=0.8440 val_loss=1.0695 val_f1_macro=0.8021 val_f1_weighted=0.8409 val_prec_macro=0.8028 val_rec_macro=0.8047 val_metric_name=acc val_metric=0.8440
Step 1950 | loss 0.0088 | val_acc=0.8464 val_loss=1.0799 val_f1_macro=0.8044 val_f1_weighted=0.8430 val_prec_macro=0.8068 val_rec_macro=0.8054 val_metric_name=acc val_metric=0.8464
Step 2000 | loss 0.0096 | val_acc=0.8450 val_loss=1.0880 val_f1_macro=0.8042 val_f1_weighted=0.8420 val_prec_macro=0.8066 val_rec_macro=0.8051 val_metric_name=acc val_metric=0.8450
Step 2050 | loss 0.0063 | val_acc=0.8475 val_loss=1.0839 val_f1_macro=0.8071 val_f1_weighted=0.8446 val_prec_macro=0.8062 val_rec_macro=0.8111 val_metric_name=acc val_metric=0.8475
Early stopping at step 2052

--- Final (best ckpt @ step 1750) ---
  train_acc=0.9996 train_loss=0.0008 train_f1_macro=0.9995 train_f1_weighted=0.9996 train_prec_macro=0.9995 train_rec_macro=0.9994 train_metric_name=acc train_metric=0.9996
  val_acc=0.8492 val_loss=1.0451 val_f1_macro=0.8093 val_f1_weighted=0.8464 val_prec_macro=0.8092 val_rec_macro=0.8127 val_metric_name=acc val_metric=0.8492
  test_acc=0.8389 test_loss=1.0703 test_f1_macro=0.7925 test_f1_weighted=0.8357 test_prec_macro=0.7882 test_rec_macro=0.8002 test_metric_name=acc test_metric=0.8389
  test_acc=0.8389

============================================================
Training roman-empire SAGE 3L h=512 lr=6e-05 split=9
============================================================
Training for 5000 steps
Step    1 | loss 2.9676 | val_acc=0.2701 val_loss=2.4924 val_f1_macro=0.0921 val_f1_weighted=0.2005 val_prec_macro=0.0779 val_rec_macro=0.1219 val_metric_name=acc val_metric=0.2701
Step   50 | loss 0.9696 | val_acc=0.7158 val_loss=0.9148 val_f1_macro=0.5757 val_f1_weighted=0.6857 val_prec_macro=0.5989 val_rec_macro=0.5893 val_metric_name=acc val_metric=0.7158
Step  100 | loss 0.6799 | val_acc=0.7633 val_loss=0.7377 val_f1_macro=0.6663 val_f1_weighted=0.7485 val_prec_macro=0.6962 val_rec_macro=0.6724 val_metric_name=acc val_metric=0.7633
Step  150 | loss 0.5152 | val_acc=0.7889 val_loss=0.6737 val_f1_macro=0.7200 val_f1_weighted=0.7813 val_prec_macro=0.7295 val_rec_macro=0.7216 val_metric_name=acc val_metric=0.7889
Step  200 | loss 0.3819 | val_acc=0.8072 val_loss=0.6501 val_f1_macro=0.7469 val_f1_weighted=0.8016 val_prec_macro=0.7510 val_rec_macro=0.7485 val_metric_name=acc val_metric=0.8072
Step  250 | loss 0.2758 | val_acc=0.8159 val_loss=0.6697 val_f1_macro=0.7591 val_f1_weighted=0.8105 val_prec_macro=0.7646 val_rec_macro=0.7583 val_metric_name=acc val_metric=0.8159
Step  300 | loss 0.1961 | val_acc=0.8208 val_loss=0.7078 val_f1_macro=0.7691 val_f1_weighted=0.8170 val_prec_macro=0.7748 val_rec_macro=0.7696 val_metric_name=acc val_metric=0.8208
Step  350 | loss 0.1427 | val_acc=0.8272 val_loss=0.7382 val_f1_macro=0.7801 val_f1_weighted=0.8235 val_prec_macro=0.7837 val_rec_macro=0.7811 val_metric_name=acc val_metric=0.8272
Step  400 | loss 0.0976 | val_acc=0.8289 val_loss=0.7856 val_f1_macro=0.7833 val_f1_weighted=0.8249 val_prec_macro=0.7874 val_rec_macro=0.7838 val_metric_name=acc val_metric=0.8289
Step  450 | loss 0.0709 | val_acc=0.8330 val_loss=0.8316 val_f1_macro=0.7879 val_f1_weighted=0.8297 val_prec_macro=0.7897 val_rec_macro=0.7903 val_metric_name=acc val_metric=0.8330
Step  500 | loss 0.0502 | val_acc=0.8376 val_loss=0.8675 val_f1_macro=0.7951 val_f1_weighted=0.8345 val_prec_macro=0.7975 val_rec_macro=0.7965 val_metric_name=acc val_metric=0.8376
Step  550 | loss 0.0401 | val_acc=0.8372 val_loss=0.9117 val_f1_macro=0.7938 val_f1_weighted=0.8338 val_prec_macro=0.7950 val_rec_macro=0.7970 val_metric_name=acc val_metric=0.8372
Step  600 | loss 0.0326 | val_acc=0.8408 val_loss=0.9300 val_f1_macro=0.7977 val_f1_weighted=0.8374 val_prec_macro=0.7984 val_rec_macro=0.8007 val_metric_name=acc val_metric=0.8408
Step  650 | loss 0.0267 | val_acc=0.8374 val_loss=0.9537 val_f1_macro=0.7955 val_f1_weighted=0.8343 val_prec_macro=0.7949 val_rec_macro=0.7997 val_metric_name=acc val_metric=0.8374
Step  700 | loss 0.0209 | val_acc=0.8413 val_loss=0.9746 val_f1_macro=0.7986 val_f1_weighted=0.8380 val_prec_macro=0.7983 val_rec_macro=0.8018 val_metric_name=acc val_metric=0.8413
Step  750 | loss 0.0190 | val_acc=0.8408 val_loss=0.9910 val_f1_macro=0.7981 val_f1_weighted=0.8378 val_prec_macro=0.7992 val_rec_macro=0.8013 val_metric_name=acc val_metric=0.8408
Step  800 | loss 0.0139 | val_acc=0.8452 val_loss=1.0123 val_f1_macro=0.8039 val_f1_weighted=0.8420 val_prec_macro=0.8051 val_rec_macro=0.8071 val_metric_name=acc val_metric=0.8452
Step  850 | loss 0.0129 | val_acc=0.8457 val_loss=1.0201 val_f1_macro=0.8047 val_f1_weighted=0.8430 val_prec_macro=0.8063 val_rec_macro=0.8055 val_metric_name=acc val_metric=0.8457
Step  900 | loss 0.0122 | val_acc=0.8448 val_loss=1.0331 val_f1_macro=0.8030 val_f1_weighted=0.8417 val_prec_macro=0.8027 val_rec_macro=0.8066 val_metric_name=acc val_metric=0.8448
Step  950 | loss 0.0098 | val_acc=0.8438 val_loss=1.0525 val_f1_macro=0.8025 val_f1_weighted=0.8411 val_prec_macro=0.8020 val_rec_macro=0.8054 val_metric_name=acc val_metric=0.8438
Step 1000 | loss 0.0090 | val_acc=0.8441 val_loss=1.0692 val_f1_macro=0.8019 val_f1_weighted=0.8412 val_prec_macro=0.8033 val_rec_macro=0.8032 val_metric_name=acc val_metric=0.8441
Step 1050 | loss 0.0089 | val_acc=0.8462 val_loss=1.0869 val_f1_macro=0.8029 val_f1_weighted=0.8428 val_prec_macro=0.8035 val_rec_macro=0.8058 val_metric_name=acc val_metric=0.8462
Step 1100 | loss 0.0088 | val_acc=0.8484 val_loss=1.0749 val_f1_macro=0.8083 val_f1_weighted=0.8457 val_prec_macro=0.8082 val_rec_macro=0.8112 val_metric_name=acc val_metric=0.8484
Step 1150 | loss 0.0068 | val_acc=0.8477 val_loss=1.0833 val_f1_macro=0.8065 val_f1_weighted=0.8448 val_prec_macro=0.8073 val_rec_macro=0.8092 val_metric_name=acc val_metric=0.8477
Step 1200 | loss 0.0056 | val_acc=0.8475 val_loss=1.1077 val_f1_macro=0.8053 val_f1_weighted=0.8444 val_prec_macro=0.8053 val_rec_macro=0.8093 val_metric_name=acc val_metric=0.8475
Step 1250 | loss 0.0065 | val_acc=0.8489 val_loss=1.1067 val_f1_macro=0.8084 val_f1_weighted=0.8462 val_prec_macro=0.8085 val_rec_macro=0.8110 val_metric_name=acc val_metric=0.8489
Step 1300 | loss 0.0072 | val_acc=0.8491 val_loss=1.1195 val_f1_macro=0.8076 val_f1_weighted=0.8459 val_prec_macro=0.8074 val_rec_macro=0.8114 val_metric_name=acc val_metric=0.8491
Step 1350 | loss 0.0061 | val_acc=0.8487 val_loss=1.1309 val_f1_macro=0.8089 val_f1_weighted=0.8458 val_prec_macro=0.8081 val_rec_macro=0.8128 val_metric_name=acc val_metric=0.8487
Step 1400 | loss 0.0064 | val_acc=0.8480 val_loss=1.1346 val_f1_macro=0.8068 val_f1_weighted=0.8447 val_prec_macro=0.8070 val_rec_macro=0.8095 val_metric_name=acc val_metric=0.8480
Step 1450 | loss 0.0040 | val_acc=0.8482 val_loss=1.1446 val_f1_macro=0.8057 val_f1_weighted=0.8452 val_prec_macro=0.8049 val_rec_macro=0.8089 val_metric_name=acc val_metric=0.8482
Step 1500 | loss 0.0045 | val_acc=0.8482 val_loss=1.1495 val_f1_macro=0.8057 val_f1_weighted=0.8452 val_prec_macro=0.8043 val_rec_macro=0.8103 val_metric_name=acc val_metric=0.8482
Step 1550 | loss 0.0039 | val_acc=0.8482 val_loss=1.1533 val_f1_macro=0.8045 val_f1_weighted=0.8448 val_prec_macro=0.8032 val_rec_macro=0.8092 val_metric_name=acc val_metric=0.8482
Step 1600 | loss 0.0037 | val_acc=0.8512 val_loss=1.1548 val_f1_macro=0.8100 val_f1_weighted=0.8482 val_prec_macro=0.8102 val_rec_macro=0.8137 val_metric_name=acc val_metric=0.8512
Step 1650 | loss 0.0031 | val_acc=0.8484 val_loss=1.1761 val_f1_macro=0.8056 val_f1_weighted=0.8452 val_prec_macro=0.8036 val_rec_macro=0.8122 val_metric_name=acc val_metric=0.8484
Step 1700 | loss 0.0031 | val_acc=0.8519 val_loss=1.1538 val_f1_macro=0.8101 val_f1_weighted=0.8496 val_prec_macro=0.8099 val_rec_macro=0.8128 val_metric_name=acc val_metric=0.8519
Step 1750 | loss 0.0035 | val_acc=0.8512 val_loss=1.1686 val_f1_macro=0.8104 val_f1_weighted=0.8483 val_prec_macro=0.8100 val_rec_macro=0.8139 val_metric_name=acc val_metric=0.8512
Step 1800 | loss 0.0022 | val_acc=0.8498 val_loss=1.1896 val_f1_macro=0.8092 val_f1_weighted=0.8469 val_prec_macro=0.8092 val_rec_macro=0.8119 val_metric_name=acc val_metric=0.8498
Step 1850 | loss 0.0024 | val_acc=0.8489 val_loss=1.1890 val_f1_macro=0.8068 val_f1_weighted=0.8457 val_prec_macro=0.8071 val_rec_macro=0.8094 val_metric_name=acc val_metric=0.8489
Step 1900 | loss 0.0022 | val_acc=0.8471 val_loss=1.1927 val_f1_macro=0.8057 val_f1_weighted=0.8442 val_prec_macro=0.8073 val_rec_macro=0.8070 val_metric_name=acc val_metric=0.8471
Step 1950 | loss 0.0024 | val_acc=0.8492 val_loss=1.1910 val_f1_macro=0.8066 val_f1_weighted=0.8460 val_prec_macro=0.8081 val_rec_macro=0.8087 val_metric_name=acc val_metric=0.8492
Step 2000 | loss 0.0040 | val_acc=0.8501 val_loss=1.1980 val_f1_macro=0.8084 val_f1_weighted=0.8474 val_prec_macro=0.8096 val_rec_macro=0.8097 val_metric_name=acc val_metric=0.8501
Step 2050 | loss 0.0019 | val_acc=0.8501 val_loss=1.2078 val_f1_macro=0.8089 val_f1_weighted=0.8473 val_prec_macro=0.8077 val_rec_macro=0.8123 val_metric_name=acc val_metric=0.8501
Step 2100 | loss 0.0019 | val_acc=0.8510 val_loss=1.1984 val_f1_macro=0.8090 val_f1_weighted=0.8481 val_prec_macro=0.8098 val_rec_macro=0.8109 val_metric_name=acc val_metric=0.8510
Step 2150 | loss 0.0026 | val_acc=0.8494 val_loss=1.2093 val_f1_macro=0.8074 val_f1_weighted=0.8466 val_prec_macro=0.8055 val_rec_macro=0.8122 val_metric_name=acc val_metric=0.8494
Step 2200 | loss 0.0021 | val_acc=0.8507 val_loss=1.2147 val_f1_macro=0.8066 val_f1_weighted=0.8479 val_prec_macro=0.8056 val_rec_macro=0.8105 val_metric_name=acc val_metric=0.8507
Step 2250 | loss 0.0014 | val_acc=0.8512 val_loss=1.2131 val_f1_macro=0.8086 val_f1_weighted=0.8476 val_prec_macro=0.8094 val_rec_macro=0.8118 val_metric_name=acc val_metric=0.8512
Step 2300 | loss 0.0010 | val_acc=0.8519 val_loss=1.2125 val_f1_macro=0.8087 val_f1_weighted=0.8489 val_prec_macro=0.8085 val_rec_macro=0.8124 val_metric_name=acc val_metric=0.8519
Step 2350 | loss 0.0009 | val_acc=0.8523 val_loss=1.2299 val_f1_macro=0.8124 val_f1_weighted=0.8489 val_prec_macro=0.8114 val_rec_macro=0.8159 val_metric_name=acc val_metric=0.8523
Step 2400 | loss 0.0015 | val_acc=0.8515 val_loss=1.2444 val_f1_macro=0.8106 val_f1_weighted=0.8485 val_prec_macro=0.8122 val_rec_macro=0.8115 val_metric_name=acc val_metric=0.8515
Step 2450 | loss 0.0016 | val_acc=0.8531 val_loss=1.2509 val_f1_macro=0.8114 val_f1_weighted=0.8498 val_prec_macro=0.8114 val_rec_macro=0.8153 val_metric_name=acc val_metric=0.8531
Step 2500 | loss 0.0011 | val_acc=0.8538 val_loss=1.2437 val_f1_macro=0.8125 val_f1_weighted=0.8506 val_prec_macro=0.8139 val_rec_macro=0.8139 val_metric_name=acc val_metric=0.8538
Step 2550 | loss 0.0013 | val_acc=0.8510 val_loss=1.2503 val_f1_macro=0.8075 val_f1_weighted=0.8479 val_prec_macro=0.8064 val_rec_macro=0.8118 val_metric_name=acc val_metric=0.8510
Step 2600 | loss 0.0017 | val_acc=0.8503 val_loss=1.2585 val_f1_macro=0.8080 val_f1_weighted=0.8476 val_prec_macro=0.8102 val_rec_macro=0.8092 val_metric_name=acc val_metric=0.8503
Step 2650 | loss 0.0014 | val_acc=0.8500 val_loss=1.2557 val_f1_macro=0.8085 val_f1_weighted=0.8468 val_prec_macro=0.8087 val_rec_macro=0.8116 val_metric_name=acc val_metric=0.8500
Step 2700 | loss 0.0012 | val_acc=0.8505 val_loss=1.2676 val_f1_macro=0.8101 val_f1_weighted=0.8476 val_prec_macro=0.8088 val_rec_macro=0.8141 val_metric_name=acc val_metric=0.8505
Step 2750 | loss 0.0015 | val_acc=0.8512 val_loss=1.2908 val_f1_macro=0.8116 val_f1_weighted=0.8480 val_prec_macro=0.8120 val_rec_macro=0.8149 val_metric_name=acc val_metric=0.8512
Step 2800 | loss 0.0023 | val_acc=0.8533 val_loss=1.2739 val_f1_macro=0.8134 val_f1_weighted=0.8507 val_prec_macro=0.8123 val_rec_macro=0.8169 val_metric_name=acc val_metric=0.8533
Step 2850 | loss 0.0008 | val_acc=0.8515 val_loss=1.2736 val_f1_macro=0.8102 val_f1_weighted=0.8486 val_prec_macro=0.8098 val_rec_macro=0.8129 val_metric_name=acc val_metric=0.8515
Step 2900 | loss 0.0020 | val_acc=0.8475 val_loss=1.2886 val_f1_macro=0.8059 val_f1_weighted=0.8440 val_prec_macro=0.8093 val_rec_macro=0.8050 val_metric_name=acc val_metric=0.8475
Step 2950 | loss 0.0015 | val_acc=0.8512 val_loss=1.2963 val_f1_macro=0.8087 val_f1_weighted=0.8479 val_prec_macro=0.8083 val_rec_macro=0.8127 val_metric_name=acc val_metric=0.8512
Step 3000 | loss 0.0018 | val_acc=0.8530 val_loss=1.2880 val_f1_macro=0.8140 val_f1_weighted=0.8500 val_prec_macro=0.8163 val_rec_macro=0.8139 val_metric_name=acc val_metric=0.8530
Step 3050 | loss 0.0009 | val_acc=0.8508 val_loss=1.2992 val_f1_macro=0.8097 val_f1_weighted=0.8478 val_prec_macro=0.8124 val_rec_macro=0.8099 val_metric_name=acc val_metric=0.8508
Step 3100 | loss 0.0010 | val_acc=0.8491 val_loss=1.3011 val_f1_macro=0.8070 val_f1_weighted=0.8463 val_prec_macro=0.8097 val_rec_macro=0.8068 val_metric_name=acc val_metric=0.8491
Early stopping at step 3131

--- Final (best ckpt @ step 2830) ---
  train_acc=1.0000 train_loss=0.0000 train_f1_macro=1.0000 train_f1_weighted=1.0000 train_prec_macro=1.0000 train_rec_macro=1.0000 train_metric_name=acc train_metric=1.0000
  val_acc=0.8554 val_loss=1.2648 val_f1_macro=0.8141 val_f1_weighted=0.8527 val_prec_macro=0.8152 val_rec_macro=0.8158 val_metric_name=acc val_metric=0.8554
  test_acc=0.8470 test_loss=1.2967 test_f1_macro=0.8045 test_f1_weighted=0.8445 test_prec_macro=0.8013 test_rec_macro=0.8103 test_metric_name=acc test_metric=0.8470
  test_acc=0.8470

============================================================
Training roman-empire SAGE 3L h=512 lr=0.0001 split=9
============================================================
Training for 5000 steps
Step    1 | loss 2.9676 | val_acc=0.3147 val_loss=2.4148 val_f1_macro=0.1015 val_f1_weighted=0.2251 val_prec_macro=0.0995 val_rec_macro=0.1374 val_metric_name=acc val_metric=0.3147
Step   50 | loss 0.8027 | val_acc=0.7446 val_loss=0.8039 val_f1_macro=0.6222 val_f1_weighted=0.7231 val_prec_macro=0.6554 val_rec_macro=0.6362 val_metric_name=acc val_metric=0.7446
Step  100 | loss 0.5199 | val_acc=0.7899 val_loss=0.6709 val_f1_macro=0.7205 val_f1_weighted=0.7823 val_prec_macro=0.7279 val_rec_macro=0.7239 val_metric_name=acc val_metric=0.7899
Step  150 | loss 0.3301 | val_acc=0.8094 val_loss=0.6596 val_f1_macro=0.7510 val_f1_weighted=0.8041 val_prec_macro=0.7540 val_rec_macro=0.7538 val_metric_name=acc val_metric=0.8094
Step  200 | loss 0.1927 | val_acc=0.8192 val_loss=0.7063 val_f1_macro=0.7661 val_f1_weighted=0.8153 val_prec_macro=0.7667 val_rec_macro=0.7705 val_metric_name=acc val_metric=0.8192
Step  250 | loss 0.1070 | val_acc=0.8289 val_loss=0.7677 val_f1_macro=0.7810 val_f1_weighted=0.8256 val_prec_macro=0.7851 val_rec_macro=0.7808 val_metric_name=acc val_metric=0.8289
Step  300 | loss 0.0659 | val_acc=0.8332 val_loss=0.8414 val_f1_macro=0.7859 val_f1_weighted=0.8295 val_prec_macro=0.7887 val_rec_macro=0.7905 val_metric_name=acc val_metric=0.8332
Step  350 | loss 0.0477 | val_acc=0.8374 val_loss=0.8796 val_f1_macro=0.7939 val_f1_weighted=0.8345 val_prec_macro=0.7947 val_rec_macro=0.7975 val_metric_name=acc val_metric=0.8374
Step  400 | loss 0.0311 | val_acc=0.8410 val_loss=0.9336 val_f1_macro=0.7972 val_f1_weighted=0.8370 val_prec_macro=0.7990 val_rec_macro=0.8014 val_metric_name=acc val_metric=0.8410
Step  450 | loss 0.0233 | val_acc=0.8408 val_loss=0.9789 val_f1_macro=0.7980 val_f1_weighted=0.8381 val_prec_macro=0.7986 val_rec_macro=0.8010 val_metric_name=acc val_metric=0.8408
Step  500 | loss 0.0164 | val_acc=0.8418 val_loss=1.0022 val_f1_macro=0.7981 val_f1_weighted=0.8387 val_prec_macro=0.7975 val_rec_macro=0.8025 val_metric_name=acc val_metric=0.8418
Step  550 | loss 0.0145 | val_acc=0.8417 val_loss=1.0387 val_f1_macro=0.7980 val_f1_weighted=0.8381 val_prec_macro=0.7956 val_rec_macro=0.8040 val_metric_name=acc val_metric=0.8417
Step  600 | loss 0.0114 | val_acc=0.8425 val_loss=1.0529 val_f1_macro=0.7994 val_f1_weighted=0.8390 val_prec_macro=0.7987 val_rec_macro=0.8030 val_metric_name=acc val_metric=0.8425
Step  650 | loss 0.0112 | val_acc=0.8443 val_loss=1.0673 val_f1_macro=0.8018 val_f1_weighted=0.8417 val_prec_macro=0.7988 val_rec_macro=0.8074 val_metric_name=acc val_metric=0.8443
Step  700 | loss 0.0088 | val_acc=0.8447 val_loss=1.0786 val_f1_macro=0.8033 val_f1_weighted=0.8413 val_prec_macro=0.8035 val_rec_macro=0.8061 val_metric_name=acc val_metric=0.8447
Step  750 | loss 0.0077 | val_acc=0.8464 val_loss=1.1060 val_f1_macro=0.8036 val_f1_weighted=0.8430 val_prec_macro=0.8044 val_rec_macro=0.8067 val_metric_name=acc val_metric=0.8464
Step  800 | loss 0.0059 | val_acc=0.8473 val_loss=1.1050 val_f1_macro=0.8047 val_f1_weighted=0.8438 val_prec_macro=0.8056 val_rec_macro=0.8074 val_metric_name=acc val_metric=0.8473
Step  850 | loss 0.0059 | val_acc=0.8471 val_loss=1.1179 val_f1_macro=0.8043 val_f1_weighted=0.8441 val_prec_macro=0.8045 val_rec_macro=0.8070 val_metric_name=acc val_metric=0.8471
Step  900 | loss 0.0053 | val_acc=0.8457 val_loss=1.1326 val_f1_macro=0.8022 val_f1_weighted=0.8425 val_prec_macro=0.8004 val_rec_macro=0.8068 val_metric_name=acc val_metric=0.8457
Step  950 | loss 0.0043 | val_acc=0.8491 val_loss=1.1430 val_f1_macro=0.8084 val_f1_weighted=0.8464 val_prec_macro=0.8079 val_rec_macro=0.8109 val_metric_name=acc val_metric=0.8491
Step 1000 | loss 0.0034 | val_acc=0.8454 val_loss=1.1533 val_f1_macro=0.8032 val_f1_weighted=0.8417 val_prec_macro=0.8053 val_rec_macro=0.8046 val_metric_name=acc val_metric=0.8454
Step 1050 | loss 0.0044 | val_acc=0.8477 val_loss=1.1762 val_f1_macro=0.8046 val_f1_weighted=0.8439 val_prec_macro=0.8043 val_rec_macro=0.8089 val_metric_name=acc val_metric=0.8477
Step 1100 | loss 0.0038 | val_acc=0.8507 val_loss=1.1615 val_f1_macro=0.8107 val_f1_weighted=0.8481 val_prec_macro=0.8106 val_rec_macro=0.8128 val_metric_name=acc val_metric=0.8507
Step 1150 | loss 0.0032 | val_acc=0.8475 val_loss=1.1632 val_f1_macro=0.8054 val_f1_weighted=0.8446 val_prec_macro=0.8051 val_rec_macro=0.8090 val_metric_name=acc val_metric=0.8475
Step 1200 | loss 0.0027 | val_acc=0.8448 val_loss=1.2013 val_f1_macro=0.8012 val_f1_weighted=0.8417 val_prec_macro=0.7997 val_rec_macro=0.8060 val_metric_name=acc val_metric=0.8448
Step 1250 | loss 0.0027 | val_acc=0.8503 val_loss=1.1973 val_f1_macro=0.8093 val_f1_weighted=0.8473 val_prec_macro=0.8091 val_rec_macro=0.8120 val_metric_name=acc val_metric=0.8503
Step 1300 | loss 0.0042 | val_acc=0.8498 val_loss=1.2078 val_f1_macro=0.8068 val_f1_weighted=0.8462 val_prec_macro=0.8076 val_rec_macro=0.8097 val_metric_name=acc val_metric=0.8498
Step 1350 | loss 0.0025 | val_acc=0.8512 val_loss=1.2225 val_f1_macro=0.8103 val_f1_weighted=0.8479 val_prec_macro=0.8109 val_rec_macro=0.8124 val_metric_name=acc val_metric=0.8512
Step 1400 | loss 0.0024 | val_acc=0.8523 val_loss=1.2040 val_f1_macro=0.8120 val_f1_weighted=0.8494 val_prec_macro=0.8114 val_rec_macro=0.8146 val_metric_name=acc val_metric=0.8523
Step 1450 | loss 0.0020 | val_acc=0.8501 val_loss=1.2249 val_f1_macro=0.8099 val_f1_weighted=0.8476 val_prec_macro=0.8078 val_rec_macro=0.8140 val_metric_name=acc val_metric=0.8501
Step 1500 | loss 0.0026 | val_acc=0.8505 val_loss=1.2366 val_f1_macro=0.8093 val_f1_weighted=0.8474 val_prec_macro=0.8096 val_rec_macro=0.8132 val_metric_name=acc val_metric=0.8505
Step 1550 | loss 0.0019 | val_acc=0.8470 val_loss=1.2369 val_f1_macro=0.8058 val_f1_weighted=0.8438 val_prec_macro=0.8030 val_rec_macro=0.8112 val_metric_name=acc val_metric=0.8470
Step 1600 | loss 0.0023 | val_acc=0.8503 val_loss=1.2342 val_f1_macro=0.8101 val_f1_weighted=0.8471 val_prec_macro=0.8100 val_rec_macro=0.8135 val_metric_name=acc val_metric=0.8503
Step 1650 | loss 0.0012 | val_acc=0.8477 val_loss=1.2433 val_f1_macro=0.8037 val_f1_weighted=0.8448 val_prec_macro=0.8001 val_rec_macro=0.8110 val_metric_name=acc val_metric=0.8477
Step 1700 | loss 0.0017 | val_acc=0.8494 val_loss=1.2238 val_f1_macro=0.8079 val_f1_weighted=0.8470 val_prec_macro=0.8100 val_rec_macro=0.8082 val_metric_name=acc val_metric=0.8494
Step 1750 | loss 0.0025 | val_acc=0.8505 val_loss=1.2293 val_f1_macro=0.8107 val_f1_weighted=0.8475 val_prec_macro=0.8091 val_rec_macro=0.8151 val_metric_name=acc val_metric=0.8505
Step 1800 | loss 0.0014 | val_acc=0.8501 val_loss=1.2653 val_f1_macro=0.8092 val_f1_weighted=0.8472 val_prec_macro=0.8074 val_rec_macro=0.8138 val_metric_name=acc val_metric=0.8501
Step 1850 | loss 0.0019 | val_acc=0.8482 val_loss=1.2855 val_f1_macro=0.8035 val_f1_weighted=0.8447 val_prec_macro=0.8011 val_rec_macro=0.8104 val_metric_name=acc val_metric=0.8482
Step 1900 | loss 0.0014 | val_acc=0.8508 val_loss=1.2561 val_f1_macro=0.8089 val_f1_weighted=0.8478 val_prec_macro=0.8078 val_rec_macro=0.8127 val_metric_name=acc val_metric=0.8508
Step 1950 | loss 0.0008 | val_acc=0.8526 val_loss=1.2659 val_f1_macro=0.8089 val_f1_weighted=0.8494 val_prec_macro=0.8093 val_rec_macro=0.8116 val_metric_name=acc val_metric=0.8526
Step 2000 | loss 0.0027 | val_acc=0.8531 val_loss=1.2591 val_f1_macro=0.8129 val_f1_weighted=0.8501 val_prec_macro=0.8154 val_rec_macro=0.8132 val_metric_name=acc val_metric=0.8531
Step 2050 | loss 0.0013 | val_acc=0.8521 val_loss=1.2749 val_f1_macro=0.8089 val_f1_weighted=0.8488 val_prec_macro=0.8096 val_rec_macro=0.8117 val_metric_name=acc val_metric=0.8521
Step 2100 | loss 0.0011 | val_acc=0.8537 val_loss=1.2495 val_f1_macro=0.8134 val_f1_weighted=0.8511 val_prec_macro=0.8136 val_rec_macro=0.8156 val_metric_name=acc val_metric=0.8537
Step 2150 | loss 0.0015 | val_acc=0.8542 val_loss=1.2667 val_f1_macro=0.8143 val_f1_weighted=0.8513 val_prec_macro=0.8128 val_rec_macro=0.8192 val_metric_name=acc val_metric=0.8542
Step 2200 | loss 0.0013 | val_acc=0.8537 val_loss=1.2830 val_f1_macro=0.8122 val_f1_weighted=0.8506 val_prec_macro=0.8144 val_rec_macro=0.8132 val_metric_name=acc val_metric=0.8537
Step 2250 | loss 0.0010 | val_acc=0.8544 val_loss=1.2957 val_f1_macro=0.8145 val_f1_weighted=0.8505 val_prec_macro=0.8182 val_rec_macro=0.8143 val_metric_name=acc val_metric=0.8544
Step 2300 | loss 0.0007 | val_acc=0.8554 val_loss=1.2875 val_f1_macro=0.8131 val_f1_weighted=0.8525 val_prec_macro=0.8116 val_rec_macro=0.8173 val_metric_name=acc val_metric=0.8554
Step 2350 | loss 0.0006 | val_acc=0.8526 val_loss=1.3115 val_f1_macro=0.8114 val_f1_weighted=0.8492 val_prec_macro=0.8147 val_rec_macro=0.8107 val_metric_name=acc val_metric=0.8526
Step 2400 | loss 0.0011 | val_acc=0.8521 val_loss=1.3175 val_f1_macro=0.8102 val_f1_weighted=0.8492 val_prec_macro=0.8099 val_rec_macro=0.8125 val_metric_name=acc val_metric=0.8521
Step 2450 | loss 0.0009 | val_acc=0.8528 val_loss=1.3170 val_f1_macro=0.8120 val_f1_weighted=0.8499 val_prec_macro=0.8090 val_rec_macro=0.8189 val_metric_name=acc val_metric=0.8528
Step 2500 | loss 0.0010 | val_acc=0.8542 val_loss=1.2853 val_f1_macro=0.8140 val_f1_weighted=0.8516 val_prec_macro=0.8153 val_rec_macro=0.8147 val_metric_name=acc val_metric=0.8542
Step 2550 | loss 0.0010 | val_acc=0.8538 val_loss=1.2926 val_f1_macro=0.8100 val_f1_weighted=0.8512 val_prec_macro=0.8098 val_rec_macro=0.8125 val_metric_name=acc val_metric=0.8538
Step 2600 | loss 0.0006 | val_acc=0.8540 val_loss=1.3202 val_f1_macro=0.8108 val_f1_weighted=0.8514 val_prec_macro=0.8132 val_rec_macro=0.8120 val_metric_name=acc val_metric=0.8540
Step 2650 | loss 0.0006 | val_acc=0.8537 val_loss=1.3214 val_f1_macro=0.8129 val_f1_weighted=0.8504 val_prec_macro=0.8115 val_rec_macro=0.8169 val_metric_name=acc val_metric=0.8537
Step 2700 | loss 0.0008 | val_acc=0.8521 val_loss=1.3205 val_f1_macro=0.8130 val_f1_weighted=0.8494 val_prec_macro=0.8129 val_rec_macro=0.8153 val_metric_name=acc val_metric=0.8521
Step 2750 | loss 0.0004 | val_acc=0.8531 val_loss=1.3415 val_f1_macro=0.8134 val_f1_weighted=0.8499 val_prec_macro=0.8128 val_rec_macro=0.8178 val_metric_name=acc val_metric=0.8531
Step 2800 | loss 0.0014 | val_acc=0.8533 val_loss=1.3240 val_f1_macro=0.8155 val_f1_weighted=0.8509 val_prec_macro=0.8166 val_rec_macro=0.8164 val_metric_name=acc val_metric=0.8533
Step 2850 | loss 0.0008 | val_acc=0.8508 val_loss=1.3394 val_f1_macro=0.8092 val_f1_weighted=0.8474 val_prec_macro=0.8081 val_rec_macro=0.8129 val_metric_name=acc val_metric=0.8508
Step 2900 | loss 0.0009 | val_acc=0.8531 val_loss=1.3368 val_f1_macro=0.8130 val_f1_weighted=0.8503 val_prec_macro=0.8180 val_rec_macro=0.8111 val_metric_name=acc val_metric=0.8531
Step 2950 | loss 0.0012 | val_acc=0.8519 val_loss=1.3459 val_f1_macro=0.8136 val_f1_weighted=0.8492 val_prec_macro=0.8143 val_rec_macro=0.8164 val_metric_name=acc val_metric=0.8519
Step 3000 | loss 0.0007 | val_acc=0.8551 val_loss=1.3034 val_f1_macro=0.8170 val_f1_weighted=0.8523 val_prec_macro=0.8206 val_rec_macro=0.8154 val_metric_name=acc val_metric=0.8551
Step 3050 | loss 0.0005 | val_acc=0.8508 val_loss=1.3469 val_f1_macro=0.8132 val_f1_weighted=0.8486 val_prec_macro=0.8132 val_rec_macro=0.8151 val_metric_name=acc val_metric=0.8508
Step 3100 | loss 0.0013 | val_acc=0.8523 val_loss=1.3470 val_f1_macro=0.8109 val_f1_weighted=0.8496 val_prec_macro=0.8142 val_rec_macro=0.8101 val_metric_name=acc val_metric=0.8523
Step 3150 | loss 0.0005 | val_acc=0.8556 val_loss=1.3301 val_f1_macro=0.8185 val_f1_weighted=0.8531 val_prec_macro=0.8205 val_rec_macro=0.8196 val_metric_name=acc val_metric=0.8556
Step 3200 | loss 0.0006 | val_acc=0.8531 val_loss=1.3640 val_f1_macro=0.8136 val_f1_weighted=0.8503 val_prec_macro=0.8144 val_rec_macro=0.8149 val_metric_name=acc val_metric=0.8531
Step 3250 | loss 0.0008 | val_acc=0.8514 val_loss=1.3611 val_f1_macro=0.8125 val_f1_weighted=0.8485 val_prec_macro=0.8137 val_rec_macro=0.8128 val_metric_name=acc val_metric=0.8514
Step 3300 | loss 0.0008 | val_acc=0.8553 val_loss=1.3339 val_f1_macro=0.8161 val_f1_weighted=0.8523 val_prec_macro=0.8152 val_rec_macro=0.8200 val_metric_name=acc val_metric=0.8553
Step 3350 | loss 0.0006 | val_acc=0.8544 val_loss=1.3674 val_f1_macro=0.8151 val_f1_weighted=0.8517 val_prec_macro=0.8157 val_rec_macro=0.8176 val_metric_name=acc val_metric=0.8544
Step 3400 | loss 0.0011 | val_acc=0.8549 val_loss=1.3658 val_f1_macro=0.8129 val_f1_weighted=0.8517 val_prec_macro=0.8167 val_rec_macro=0.8124 val_metric_name=acc val_metric=0.8549
Step 3450 | loss 0.0007 | val_acc=0.8540 val_loss=1.3600 val_f1_macro=0.8139 val_f1_weighted=0.8507 val_prec_macro=0.8160 val_rec_macro=0.8150 val_metric_name=acc val_metric=0.8540
Step 3500 | loss 0.0008 | val_acc=0.8545 val_loss=1.3490 val_f1_macro=0.8140 val_f1_weighted=0.8520 val_prec_macro=0.8150 val_rec_macro=0.8159 val_metric_name=acc val_metric=0.8545
Step 3550 | loss 0.0007 | val_acc=0.8535 val_loss=1.3466 val_f1_macro=0.8151 val_f1_weighted=0.8513 val_prec_macro=0.8146 val_rec_macro=0.8182 val_metric_name=acc val_metric=0.8535
Step 3600 | loss 0.0002 | val_acc=0.8535 val_loss=1.3657 val_f1_macro=0.8129 val_f1_weighted=0.8509 val_prec_macro=0.8136 val_rec_macro=0.8143 val_metric_name=acc val_metric=0.8535
Early stopping at step 3608

--- Final (best ckpt @ step 3290) ---
  train_acc=1.0000 train_loss=0.0000 train_f1_macro=1.0000 train_f1_weighted=1.0000 train_prec_macro=1.0000 train_rec_macro=1.0000 train_metric_name=acc train_metric=1.0000
  val_acc=0.8574 val_loss=1.3312 val_f1_macro=0.8207 val_f1_weighted=0.8551 val_prec_macro=0.8209 val_rec_macro=0.8227 val_metric_name=acc val_metric=0.8574
  test_acc=0.8489 test_loss=1.3501 test_f1_macro=0.8102 test_f1_weighted=0.8467 test_prec_macro=0.8079 test_rec_macro=0.8158 test_metric_name=acc test_metric=0.8489
  test_acc=0.8489

============================================================
Training roman-empire SAGE 3L h=512 lr=1e-05 split=9
============================================================
Training for 5000 steps
Step    1 | loss 2.9676 | val_acc=0.1225 val_loss=2.8364 val_f1_macro=0.0452 val_f1_weighted=0.0849 val_prec_macro=0.0645 val_rec_macro=0.0663 val_metric_name=acc val_metric=0.1225
Step   50 | loss 1.8632 | val_acc=0.4879 val_loss=1.6633 val_f1_macro=0.2240 val_f1_weighted=0.4046 val_prec_macro=0.2689 val_rec_macro=0.2556 val_metric_name=acc val_metric=0.4879
Step  100 | loss 1.4277 | val_acc=0.6252 val_loss=1.2325 val_f1_macro=0.4481 val_f1_weighted=0.5746 val_prec_macro=0.4956 val_rec_macro=0.4556 val_metric_name=acc val_metric=0.6252
Step  150 | loss 1.1948 | val_acc=0.6771 val_loss=1.0508 val_f1_macro=0.5168 val_f1_weighted=0.6353 val_prec_macro=0.5973 val_rec_macro=0.5351 val_metric_name=acc val_metric=0.6771
Step  200 | loss 1.0465 | val_acc=0.7064 val_loss=0.9516 val_f1_macro=0.5571 val_f1_weighted=0.6717 val_prec_macro=0.5938 val_rec_macro=0.5720 val_metric_name=acc val_metric=0.7064
Step  250 | loss 0.9391 | val_acc=0.7259 val_loss=0.8827 val_f1_macro=0.5902 val_f1_weighted=0.6979 val_prec_macro=0.6129 val_rec_macro=0.6027 val_metric_name=acc val_metric=0.7259
Step  300 | loss 0.8680 | val_acc=0.7387 val_loss=0.8353 val_f1_macro=0.6088 val_f1_weighted=0.7145 val_prec_macro=0.6208 val_rec_macro=0.6231 val_metric_name=acc val_metric=0.7387
Step  350 | loss 0.8046 | val_acc=0.7469 val_loss=0.7996 val_f1_macro=0.6243 val_f1_weighted=0.7247 val_prec_macro=0.6517 val_rec_macro=0.6368 val_metric_name=acc val_metric=0.7469
Step  400 | loss 0.7561 | val_acc=0.7532 val_loss=0.7716 val_f1_macro=0.6379 val_f1_weighted=0.7333 val_prec_macro=0.6665 val_rec_macro=0.6494 val_metric_name=acc val_metric=0.7532
Step  450 | loss 0.7059 | val_acc=0.7598 val_loss=0.7476 val_f1_macro=0.6557 val_f1_weighted=0.7427 val_prec_macro=0.6896 val_rec_macro=0.6626 val_metric_name=acc val_metric=0.7598
Step  500 | loss 0.6621 | val_acc=0.7684 val_loss=0.7306 val_f1_macro=0.6764 val_f1_weighted=0.7533 val_prec_macro=0.7100 val_rec_macro=0.6800 val_metric_name=acc val_metric=0.7684
Step  550 | loss 0.6307 | val_acc=0.7769 val_loss=0.7124 val_f1_macro=0.6941 val_f1_weighted=0.7639 val_prec_macro=0.7218 val_rec_macro=0.6949 val_metric_name=acc val_metric=0.7769
Step  600 | loss 0.5994 | val_acc=0.7820 val_loss=0.6984 val_f1_macro=0.7055 val_f1_weighted=0.7712 val_prec_macro=0.7252 val_rec_macro=0.7063 val_metric_name=acc val_metric=0.7820
Step  650 | loss 0.5561 | val_acc=0.7859 val_loss=0.6852 val_f1_macro=0.7127 val_f1_weighted=0.7762 val_prec_macro=0.7282 val_rec_macro=0.7127 val_metric_name=acc val_metric=0.7859
Step  700 | loss 0.5330 | val_acc=0.7898 val_loss=0.6786 val_f1_macro=0.7209 val_f1_weighted=0.7808 val_prec_macro=0.7342 val_rec_macro=0.7205 val_metric_name=acc val_metric=0.7898
Step  750 | loss 0.5079 | val_acc=0.7936 val_loss=0.6689 val_f1_macro=0.7273 val_f1_weighted=0.7858 val_prec_macro=0.7377 val_rec_macro=0.7277 val_metric_name=acc val_metric=0.7936
Step  800 | loss 0.4766 | val_acc=0.7956 val_loss=0.6637 val_f1_macro=0.7315 val_f1_weighted=0.7882 val_prec_macro=0.7409 val_rec_macro=0.7315 val_metric_name=acc val_metric=0.7956
Step  850 | loss 0.4523 | val_acc=0.8005 val_loss=0.6586 val_f1_macro=0.7397 val_f1_weighted=0.7939 val_prec_macro=0.7479 val_rec_macro=0.7399 val_metric_name=acc val_metric=0.8005
Step  900 | loss 0.4221 | val_acc=0.8016 val_loss=0.6576 val_f1_macro=0.7397 val_f1_weighted=0.7949 val_prec_macro=0.7467 val_rec_macro=0.7407 val_metric_name=acc val_metric=0.8016
Step  950 | loss 0.4023 | val_acc=0.8053 val_loss=0.6542 val_f1_macro=0.7454 val_f1_weighted=0.7996 val_prec_macro=0.7500 val_rec_macro=0.7476 val_metric_name=acc val_metric=0.8053
Step 1000 | loss 0.3758 | val_acc=0.8072 val_loss=0.6554 val_f1_macro=0.7481 val_f1_weighted=0.8015 val_prec_macro=0.7534 val_rec_macro=0.7493 val_metric_name=acc val_metric=0.8072
Step 1050 | loss 0.3565 | val_acc=0.8092 val_loss=0.6601 val_f1_macro=0.7528 val_f1_weighted=0.8037 val_prec_macro=0.7575 val_rec_macro=0.7547 val_metric_name=acc val_metric=0.8092
Step 1100 | loss 0.3276 | val_acc=0.8108 val_loss=0.6610 val_f1_macro=0.7543 val_f1_weighted=0.8054 val_prec_macro=0.7584 val_rec_macro=0.7561 val_metric_name=acc val_metric=0.8108
Step 1150 | loss 0.3193 | val_acc=0.8132 val_loss=0.6639 val_f1_macro=0.7570 val_f1_weighted=0.8083 val_prec_macro=0.7608 val_rec_macro=0.7590 val_metric_name=acc val_metric=0.8132
Step 1200 | loss 0.2940 | val_acc=0.8148 val_loss=0.6652 val_f1_macro=0.7610 val_f1_weighted=0.8098 val_prec_macro=0.7651 val_rec_macro=0.7625 val_metric_name=acc val_metric=0.8148
Step 1250 | loss 0.2773 | val_acc=0.8166 val_loss=0.6729 val_f1_macro=0.7644 val_f1_weighted=0.8114 val_prec_macro=0.7695 val_rec_macro=0.7653 val_metric_name=acc val_metric=0.8166
Step 1300 | loss 0.2486 | val_acc=0.8187 val_loss=0.6788 val_f1_macro=0.7676 val_f1_weighted=0.8138 val_prec_macro=0.7724 val_rec_macro=0.7686 val_metric_name=acc val_metric=0.8187
Step 1350 | loss 0.2371 | val_acc=0.8205 val_loss=0.6859 val_f1_macro=0.7695 val_f1_weighted=0.8158 val_prec_macro=0.7741 val_rec_macro=0.7700 val_metric_name=acc val_metric=0.8205
Step 1400 | loss 0.2235 | val_acc=0.8210 val_loss=0.6907 val_f1_macro=0.7701 val_f1_weighted=0.8166 val_prec_macro=0.7746 val_rec_macro=0.7700 val_metric_name=acc val_metric=0.8210
Step 1450 | loss 0.2093 | val_acc=0.8214 val_loss=0.6975 val_f1_macro=0.7709 val_f1_weighted=0.8169 val_prec_macro=0.7749 val_rec_macro=0.7713 val_metric_name=acc val_metric=0.8214
Step 1500 | loss 0.1977 | val_acc=0.8235 val_loss=0.7063 val_f1_macro=0.7736 val_f1_weighted=0.8192 val_prec_macro=0.7778 val_rec_macro=0.7739 val_metric_name=acc val_metric=0.8235
Step 1550 | loss 0.1833 | val_acc=0.8242 val_loss=0.7160 val_f1_macro=0.7757 val_f1_weighted=0.8200 val_prec_macro=0.7796 val_rec_macro=0.7762 val_metric_name=acc val_metric=0.8242
Step 1600 | loss 0.1642 | val_acc=0.8237 val_loss=0.7221 val_f1_macro=0.7754 val_f1_weighted=0.8196 val_prec_macro=0.7782 val_rec_macro=0.7768 val_metric_name=acc val_metric=0.8237
Step 1650 | loss 0.1574 | val_acc=0.8259 val_loss=0.7284 val_f1_macro=0.7787 val_f1_weighted=0.8223 val_prec_macro=0.7830 val_rec_macro=0.7790 val_metric_name=acc val_metric=0.8259
Step 1700 | loss 0.1505 | val_acc=0.8270 val_loss=0.7368 val_f1_macro=0.7794 val_f1_weighted=0.8230 val_prec_macro=0.7821 val_rec_macro=0.7814 val_metric_name=acc val_metric=0.8270
Step 1750 | loss 0.1402 | val_acc=0.8295 val_loss=0.7437 val_f1_macro=0.7823 val_f1_weighted=0.8256 val_prec_macro=0.7858 val_rec_macro=0.7830 val_metric_name=acc val_metric=0.8295
Step 1800 | loss 0.1227 | val_acc=0.8286 val_loss=0.7539 val_f1_macro=0.7814 val_f1_weighted=0.8249 val_prec_macro=0.7847 val_rec_macro=0.7830 val_metric_name=acc val_metric=0.8286
Step 1850 | loss 0.1218 | val_acc=0.8291 val_loss=0.7636 val_f1_macro=0.7830 val_f1_weighted=0.8254 val_prec_macro=0.7873 val_rec_macro=0.7833 val_metric_name=acc val_metric=0.8291
Step 1900 | loss 0.1164 | val_acc=0.8298 val_loss=0.7703 val_f1_macro=0.7848 val_f1_weighted=0.8264 val_prec_macro=0.7885 val_rec_macro=0.7848 val_metric_name=acc val_metric=0.8298
Step 1950 | loss 0.1092 | val_acc=0.8305 val_loss=0.7820 val_f1_macro=0.7854 val_f1_weighted=0.8268 val_prec_macro=0.7893 val_rec_macro=0.7854 val_metric_name=acc val_metric=0.8305
Step 2000 | loss 0.0976 | val_acc=0.8305 val_loss=0.7899 val_f1_macro=0.7866 val_f1_weighted=0.8269 val_prec_macro=0.7899 val_rec_macro=0.7872 val_metric_name=acc val_metric=0.8305
Step 2050 | loss 0.0922 | val_acc=0.8297 val_loss=0.7981 val_f1_macro=0.7855 val_f1_weighted=0.8262 val_prec_macro=0.7894 val_rec_macro=0.7857 val_metric_name=acc val_metric=0.8297
Step 2100 | loss 0.0848 | val_acc=0.8312 val_loss=0.8077 val_f1_macro=0.7859 val_f1_weighted=0.8273 val_prec_macro=0.7885 val_rec_macro=0.7874 val_metric_name=acc val_metric=0.8312
Step 2150 | loss 0.0746 | val_acc=0.8334 val_loss=0.8159 val_f1_macro=0.7902 val_f1_weighted=0.8297 val_prec_macro=0.7939 val_rec_macro=0.7905 val_metric_name=acc val_metric=0.8334
Step 2200 | loss 0.0755 | val_acc=0.8341 val_loss=0.8191 val_f1_macro=0.7908 val_f1_weighted=0.8304 val_prec_macro=0.7938 val_rec_macro=0.7912 val_metric_name=acc val_metric=0.8341
Step 2250 | loss 0.0721 | val_acc=0.8334 val_loss=0.8271 val_f1_macro=0.7899 val_f1_weighted=0.8300 val_prec_macro=0.7927 val_rec_macro=0.7906 val_metric_name=acc val_metric=0.8334
Step 2300 | loss 0.0676 | val_acc=0.8337 val_loss=0.8382 val_f1_macro=0.7909 val_f1_weighted=0.8303 val_prec_macro=0.7942 val_rec_macro=0.7911 val_metric_name=acc val_metric=0.8337
Step 2350 | loss 0.0584 | val_acc=0.8360 val_loss=0.8447 val_f1_macro=0.7941 val_f1_weighted=0.8328 val_prec_macro=0.7977 val_rec_macro=0.7936 val_metric_name=acc val_metric=0.8360
Step 2400 | loss 0.0606 | val_acc=0.8374 val_loss=0.8525 val_f1_macro=0.7948 val_f1_weighted=0.8341 val_prec_macro=0.7976 val_rec_macro=0.7951 val_metric_name=acc val_metric=0.8374
Step 2450 | loss 0.0612 | val_acc=0.8371 val_loss=0.8575 val_f1_macro=0.7943 val_f1_weighted=0.8337 val_prec_macro=0.7972 val_rec_macro=0.7946 val_metric_name=acc val_metric=0.8371
Step 2500 | loss 0.0527 | val_acc=0.8385 val_loss=0.8682 val_f1_macro=0.7959 val_f1_weighted=0.8349 val_prec_macro=0.8002 val_rec_macro=0.7950 val_metric_name=acc val_metric=0.8385
Step 2550 | loss 0.0513 | val_acc=0.8390 val_loss=0.8714 val_f1_macro=0.7954 val_f1_weighted=0.8356 val_prec_macro=0.7986 val_rec_macro=0.7959 val_metric_name=acc val_metric=0.8390
Step 2600 | loss 0.0535 | val_acc=0.8394 val_loss=0.8761 val_f1_macro=0.7967 val_f1_weighted=0.8362 val_prec_macro=0.8003 val_rec_macro=0.7962 val_metric_name=acc val_metric=0.8394
Step 2650 | loss 0.0453 | val_acc=0.8380 val_loss=0.8864 val_f1_macro=0.7951 val_f1_weighted=0.8346 val_prec_macro=0.7984 val_rec_macro=0.7949 val_metric_name=acc val_metric=0.8380
Step 2700 | loss 0.0433 | val_acc=0.8388 val_loss=0.8957 val_f1_macro=0.7966 val_f1_weighted=0.8354 val_prec_macro=0.7992 val_rec_macro=0.7976 val_metric_name=acc val_metric=0.8388
Step 2750 | loss 0.0398 | val_acc=0.8392 val_loss=0.9010 val_f1_macro=0.7964 val_f1_weighted=0.8359 val_prec_macro=0.7998 val_rec_macro=0.7958 val_metric_name=acc val_metric=0.8392
Step 2800 | loss 0.0396 | val_acc=0.8408 val_loss=0.9079 val_f1_macro=0.7977 val_f1_weighted=0.8371 val_prec_macro=0.8004 val_rec_macro=0.7985 val_metric_name=acc val_metric=0.8408
Step 2850 | loss 0.0398 | val_acc=0.8402 val_loss=0.9122 val_f1_macro=0.7982 val_f1_weighted=0.8367 val_prec_macro=0.8015 val_rec_macro=0.7983 val_metric_name=acc val_metric=0.8402
Step 2900 | loss 0.0348 | val_acc=0.8397 val_loss=0.9186 val_f1_macro=0.7977 val_f1_weighted=0.8362 val_prec_macro=0.8014 val_rec_macro=0.7972 val_metric_name=acc val_metric=0.8397
Step 2950 | loss 0.0362 | val_acc=0.8402 val_loss=0.9240 val_f1_macro=0.7993 val_f1_weighted=0.8370 val_prec_macro=0.8021 val_rec_macro=0.7998 val_metric_name=acc val_metric=0.8402
Step 3000 | loss 0.0340 | val_acc=0.8406 val_loss=0.9268 val_f1_macro=0.7988 val_f1_weighted=0.8372 val_prec_macro=0.8022 val_rec_macro=0.7986 val_metric_name=acc val_metric=0.8406
Step 3050 | loss 0.0289 | val_acc=0.8411 val_loss=0.9360 val_f1_macro=0.7988 val_f1_weighted=0.8377 val_prec_macro=0.8019 val_rec_macro=0.7993 val_metric_name=acc val_metric=0.8411
Step 3100 | loss 0.0325 | val_acc=0.8424 val_loss=0.9398 val_f1_macro=0.8003 val_f1_weighted=0.8393 val_prec_macro=0.8024 val_rec_macro=0.8014 val_metric_name=acc val_metric=0.8424
Step 3150 | loss 0.0291 | val_acc=0.8429 val_loss=0.9439 val_f1_macro=0.8014 val_f1_weighted=0.8395 val_prec_macro=0.8039 val_rec_macro=0.8025 val_metric_name=acc val_metric=0.8429
Step 3200 | loss 0.0268 | val_acc=0.8425 val_loss=0.9515 val_f1_macro=0.8010 val_f1_weighted=0.8391 val_prec_macro=0.8038 val_rec_macro=0.8020 val_metric_name=acc val_metric=0.8425
Step 3250 | loss 0.0246 | val_acc=0.8418 val_loss=0.9545 val_f1_macro=0.8003 val_f1_weighted=0.8388 val_prec_macro=0.8010 val_rec_macro=0.8031 val_metric_name=acc val_metric=0.8418
Step 3300 | loss 0.0252 | val_acc=0.8429 val_loss=0.9626 val_f1_macro=0.8009 val_f1_weighted=0.8396 val_prec_macro=0.8026 val_rec_macro=0.8031 val_metric_name=acc val_metric=0.8429
Step 3350 | loss 0.0247 | val_acc=0.8429 val_loss=0.9635 val_f1_macro=0.8026 val_f1_weighted=0.8400 val_prec_macro=0.8041 val_rec_macro=0.8040 val_metric_name=acc val_metric=0.8429
Step 3400 | loss 0.0218 | val_acc=0.8425 val_loss=0.9727 val_f1_macro=0.8007 val_f1_weighted=0.8392 val_prec_macro=0.8020 val_rec_macro=0.8033 val_metric_name=acc val_metric=0.8425
Step 3450 | loss 0.0219 | val_acc=0.8445 val_loss=0.9699 val_f1_macro=0.8044 val_f1_weighted=0.8412 val_prec_macro=0.8062 val_rec_macro=0.8059 val_metric_name=acc val_metric=0.8445
Step 3500 | loss 0.0194 | val_acc=0.8436 val_loss=0.9813 val_f1_macro=0.8033 val_f1_weighted=0.8402 val_prec_macro=0.8065 val_rec_macro=0.8035 val_metric_name=acc val_metric=0.8436
Step 3550 | loss 0.0187 | val_acc=0.8438 val_loss=0.9862 val_f1_macro=0.8023 val_f1_weighted=0.8405 val_prec_macro=0.8035 val_rec_macro=0.8048 val_metric_name=acc val_metric=0.8438
Step 3600 | loss 0.0191 | val_acc=0.8448 val_loss=0.9926 val_f1_macro=0.8048 val_f1_weighted=0.8415 val_prec_macro=0.8073 val_rec_macro=0.8061 val_metric_name=acc val_metric=0.8448
Step 3650 | loss 0.0187 | val_acc=0.8452 val_loss=0.9953 val_f1_macro=0.8041 val_f1_weighted=0.8419 val_prec_macro=0.8039 val_rec_macro=0.8080 val_metric_name=acc val_metric=0.8452
Step 3700 | loss 0.0199 | val_acc=0.8455 val_loss=0.9993 val_f1_macro=0.8058 val_f1_weighted=0.8421 val_prec_macro=0.8083 val_rec_macro=0.8065 val_metric_name=acc val_metric=0.8455
Step 3750 | loss 0.0185 | val_acc=0.8464 val_loss=1.0041 val_f1_macro=0.8077 val_f1_weighted=0.8435 val_prec_macro=0.8090 val_rec_macro=0.8096 val_metric_name=acc val_metric=0.8464
Step 3800 | loss 0.0156 | val_acc=0.8462 val_loss=1.0082 val_f1_macro=0.8078 val_f1_weighted=0.8433 val_prec_macro=0.8093 val_rec_macro=0.8093 val_metric_name=acc val_metric=0.8462
Step 3850 | loss 0.0160 | val_acc=0.8470 val_loss=1.0121 val_f1_macro=0.8078 val_f1_weighted=0.8437 val_prec_macro=0.8089 val_rec_macro=0.8098 val_metric_name=acc val_metric=0.8470
Step 3900 | loss 0.0149 | val_acc=0.8462 val_loss=1.0183 val_f1_macro=0.8065 val_f1_weighted=0.8430 val_prec_macro=0.8075 val_rec_macro=0.8094 val_metric_name=acc val_metric=0.8462
Step 3950 | loss 0.0172 | val_acc=0.8468 val_loss=1.0212 val_f1_macro=0.8068 val_f1_weighted=0.8435 val_prec_macro=0.8076 val_rec_macro=0.8097 val_metric_name=acc val_metric=0.8468
Step 4000 | loss 0.0156 | val_acc=0.8455 val_loss=1.0236 val_f1_macro=0.8052 val_f1_weighted=0.8421 val_prec_macro=0.8055 val_rec_macro=0.8090 val_metric_name=acc val_metric=0.8455
Step 4050 | loss 0.0136 | val_acc=0.8443 val_loss=1.0348 val_f1_macro=0.8033 val_f1_weighted=0.8405 val_prec_macro=0.8049 val_rec_macro=0.8062 val_metric_name=acc val_metric=0.8443
Step 4100 | loss 0.0130 | val_acc=0.8466 val_loss=1.0286 val_f1_macro=0.8060 val_f1_weighted=0.8433 val_prec_macro=0.8068 val_rec_macro=0.8090 val_metric_name=acc val_metric=0.8466
Step 4150 | loss 0.0138 | val_acc=0.8457 val_loss=1.0371 val_f1_macro=0.8061 val_f1_weighted=0.8422 val_prec_macro=0.8085 val_rec_macro=0.8078 val_metric_name=acc val_metric=0.8457
Step 4200 | loss 0.0130 | val_acc=0.8454 val_loss=1.0425 val_f1_macro=0.8064 val_f1_weighted=0.8418 val_prec_macro=0.8096 val_rec_macro=0.8067 val_metric_name=acc val_metric=0.8454
Step 4250 | loss 0.0133 | val_acc=0.8461 val_loss=1.0462 val_f1_macro=0.8064 val_f1_weighted=0.8426 val_prec_macro=0.8078 val_rec_macro=0.8091 val_metric_name=acc val_metric=0.8461
Step 4300 | loss 0.0122 | val_acc=0.8466 val_loss=1.0500 val_f1_macro=0.8065 val_f1_weighted=0.8430 val_prec_macro=0.8078 val_rec_macro=0.8096 val_metric_name=acc val_metric=0.8466
Step 4350 | loss 0.0102 | val_acc=0.8482 val_loss=1.0425 val_f1_macro=0.8088 val_f1_weighted=0.8449 val_prec_macro=0.8090 val_rec_macro=0.8121 val_metric_name=acc val_metric=0.8482
Step 4400 | loss 0.0117 | val_acc=0.8475 val_loss=1.0501 val_f1_macro=0.8077 val_f1_weighted=0.8440 val_prec_macro=0.8088 val_rec_macro=0.8104 val_metric_name=acc val_metric=0.8475
Step 4450 | loss 0.0133 | val_acc=0.8473 val_loss=1.0575 val_f1_macro=0.8073 val_f1_weighted=0.8436 val_prec_macro=0.8081 val_rec_macro=0.8104 val_metric_name=acc val_metric=0.8473
Step 4500 | loss 0.0101 | val_acc=0.8484 val_loss=1.0541 val_f1_macro=0.8099 val_f1_weighted=0.8451 val_prec_macro=0.8107 val_rec_macro=0.8128 val_metric_name=acc val_metric=0.8484
Step 4550 | loss 0.0093 | val_acc=0.8471 val_loss=1.0608 val_f1_macro=0.8081 val_f1_weighted=0.8439 val_prec_macro=0.8098 val_rec_macro=0.8099 val_metric_name=acc val_metric=0.8471
Step 4600 | loss 0.0093 | val_acc=0.8478 val_loss=1.0619 val_f1_macro=0.8092 val_f1_weighted=0.8446 val_prec_macro=0.8108 val_rec_macro=0.8109 val_metric_name=acc val_metric=0.8478
Step 4650 | loss 0.0094 | val_acc=0.8478 val_loss=1.0708 val_f1_macro=0.8096 val_f1_weighted=0.8445 val_prec_macro=0.8113 val_rec_macro=0.8112 val_metric_name=acc val_metric=0.8478
Step 4700 | loss 0.0092 | val_acc=0.8482 val_loss=1.0723 val_f1_macro=0.8090 val_f1_weighted=0.8445 val_prec_macro=0.8112 val_rec_macro=0.8105 val_metric_name=acc val_metric=0.8482
Step 4750 | loss 0.0113 | val_acc=0.8478 val_loss=1.0760 val_f1_macro=0.8083 val_f1_weighted=0.8444 val_prec_macro=0.8089 val_rec_macro=0.8113 val_metric_name=acc val_metric=0.8478
Step 4800 | loss 0.0110 | val_acc=0.8464 val_loss=1.0784 val_f1_macro=0.8074 val_f1_weighted=0.8430 val_prec_macro=0.8094 val_rec_macro=0.8092 val_metric_name=acc val_metric=0.8464
Early stopping at step 4832

--- Final (best ckpt @ step 4520) ---
  train_acc=0.9997 train_loss=0.0007 train_f1_macro=0.9997 train_f1_weighted=0.9997 train_prec_macro=0.9998 train_rec_macro=0.9996 train_metric_name=acc train_metric=0.9997
  val_acc=0.8492 val_loss=1.0558 val_f1_macro=0.8102 val_f1_weighted=0.8458 val_prec_macro=0.8120 val_rec_macro=0.8123 val_metric_name=acc val_metric=0.8492
  test_acc=0.8396 test_loss=1.0716 test_f1_macro=0.7935 test_f1_weighted=0.8362 test_prec_macro=0.7899 test_rec_macro=0.8010 test_metric_name=acc test_metric=0.8396
  test_acc=0.8396
  >> num_layers=3 hidden_dim=256 lr=3e-05 best_step=4860 val_acc=0.8572 test_acc=0.8466
     val_acc=0.8572 val_f1_macro=0.8216 val_f1_weighted=0.8543 val_loss=1.0067 val_metric=0.8572 val_metric_name=acc val_prec_macro=0.8209 val_rec_macro=0.8250
     test_acc=0.8466 test_f1_macro=0.8078 test_f1_weighted=0.8444 test_loss=1.0628 test_metric=0.8466 test_metric_name=acc test_prec_macro=0.8042 test_rec_macro=0.8141
  >> num_layers=3 hidden_dim=256 lr=6e-05 best_step=4800 val_acc=0.8625 test_acc=0.8532
     val_acc=0.8625 val_f1_macro=0.8268 val_f1_weighted=0.8602 val_loss=1.1021 val_metric=0.8625 val_metric_name=acc val_prec_macro=0.8261 val_rec_macro=0.8298
     test_acc=0.8532 test_f1_macro=0.8155 test_f1_weighted=0.8515 test_loss=1.1665 test_metric=0.8532 test_metric_name=acc test_prec_macro=0.8125 test_rec_macro=0.8201
  >> num_layers=3 hidden_dim=256 lr=0.0001 best_step=2210 val_acc=0.8568 test_acc=0.8480
     val_acc=0.8568 val_f1_macro=0.8215 val_f1_weighted=0.8543 val_loss=1.0361 val_metric=0.8568 val_metric_name=acc val_prec_macro=0.8214 val_rec_macro=0.8239
     test_acc=0.8480 test_f1_macro=0.8101 test_f1_weighted=0.8460 test_loss=1.0913 test_metric=0.8480 test_metric_name=acc test_prec_macro=0.8094 test_rec_macro=0.8128
  >> num_layers=3 hidden_dim=256 lr=1e-05 best_step=4690 val_acc=0.8462 test_acc=0.8336
     val_acc=0.8462 val_f1_macro=0.8057 val_f1_weighted=0.8428 val_loss=0.7358 val_metric=0.8462 val_metric_name=acc val_prec_macro=0.8079 val_rec_macro=0.8076
     test_acc=0.8336 test_f1_macro=0.7889 test_f1_weighted=0.8310 test_loss=0.7868 test_metric=0.8336 test_metric_name=acc test_prec_macro=0.7856 test_rec_macro=0.7953
  >> num_layers=3 hidden_dim=384 lr=3e-05 best_step=4090 val_acc=0.8563 test_acc=0.8440
     val_acc=0.8563 val_f1_macro=0.8170 val_f1_weighted=0.8530 val_loss=1.1292 val_metric=0.8563 val_metric_name=acc val_prec_macro=0.8152 val_rec_macro=0.8228
     test_acc=0.8440 test_f1_macro=0.8037 test_f1_weighted=0.8412 test_loss=1.1383 test_metric=0.8440 test_metric_name=acc test_prec_macro=0.7981 test_rec_macro=0.8123
  >> num_layers=3 hidden_dim=384 lr=6e-05 best_step=1690 val_acc=0.8530 test_acc=0.8449
     val_acc=0.8530 val_f1_macro=0.8122 val_f1_weighted=0.8486 val_loss=1.0654 val_metric=0.8530 val_metric_name=acc val_prec_macro=0.8151 val_rec_macro=0.8158
     test_acc=0.8449 test_f1_macro=0.8015 test_f1_weighted=0.8416 test_loss=1.0530 test_metric=0.8449 test_metric_name=acc test_prec_macro=0.7981 test_rec_macro=0.8081
  >> num_layers=3 hidden_dim=384 lr=0.0001 best_step=1820 val_acc=0.8574 test_acc=0.8484
     val_acc=0.8574 val_f1_macro=0.8168 val_f1_weighted=0.8538 val_loss=1.1304 val_metric=0.8574 val_metric_name=acc val_prec_macro=0.8163 val_rec_macro=0.8216
     test_acc=0.8484 test_f1_macro=0.8067 test_f1_weighted=0.8458 test_loss=1.1431 test_metric=0.8484 test_metric_name=acc test_prec_macro=0.8037 test_rec_macro=0.8119
  >> num_layers=3 hidden_dim=384 lr=1e-05 best_step=4840 val_acc=0.8492 test_acc=0.8375
     val_acc=0.8492 val_f1_macro=0.8083 val_f1_weighted=0.8454 val_loss=0.9566 val_metric=0.8492 val_metric_name=acc val_prec_macro=0.8072 val_rec_macro=0.8141
     test_acc=0.8375 test_f1_macro=0.7946 test_f1_weighted=0.8348 test_loss=0.9531 test_metric=0.8375 test_metric_name=acc test_prec_macro=0.7908 test_rec_macro=0.8007
  >> num_layers=3 hidden_dim=512 lr=3e-05 best_step=1750 val_acc=0.8492 test_acc=0.8389
     val_acc=0.8492 val_f1_macro=0.8093 val_f1_weighted=0.8464 val_loss=1.0451 val_metric=0.8492 val_metric_name=acc val_prec_macro=0.8092 val_rec_macro=0.8127
     test_acc=0.8389 test_f1_macro=0.7925 test_f1_weighted=0.8357 test_loss=1.0703 test_metric=0.8389 test_metric_name=acc test_prec_macro=0.7882 test_rec_macro=0.8002
  >> num_layers=3 hidden_dim=512 lr=6e-05 best_step=2830 val_acc=0.8554 test_acc=0.8470
     val_acc=0.8554 val_f1_macro=0.8141 val_f1_weighted=0.8527 val_loss=1.2648 val_metric=0.8554 val_metric_name=acc val_prec_macro=0.8152 val_rec_macro=0.8158
     test_acc=0.8470 test_f1_macro=0.8045 test_f1_weighted=0.8445 test_loss=1.2967 test_metric=0.8470 test_metric_name=acc test_prec_macro=0.8013 test_rec_macro=0.8103
  >> num_layers=3 hidden_dim=512 lr=0.0001 best_step=3290 val_acc=0.8574 test_acc=0.8489
     val_acc=0.8574 val_f1_macro=0.8207 val_f1_weighted=0.8551 val_loss=1.3312 val_metric=0.8574 val_metric_name=acc val_prec_macro=0.8209 val_rec_macro=0.8227
     test_acc=0.8489 test_f1_macro=0.8102 test_f1_weighted=0.8467 test_loss=1.3501 test_metric=0.8489 test_metric_name=acc test_prec_macro=0.8079 test_rec_macro=0.8158
  >> num_layers=3 hidden_dim=512 lr=1e-05 best_step=4520 val_acc=0.8492 test_acc=0.8396
     val_acc=0.8492 val_f1_macro=0.8102 val_f1_weighted=0.8458 val_loss=1.0558 val_metric=0.8492 val_metric_name=acc val_prec_macro=0.8120 val_rec_macro=0.8123
     test_acc=0.8396 test_f1_macro=0.7935 test_f1_weighted=0.8362 test_loss=1.0716 test_metric=0.8396 test_metric_name=acc test_prec_macro=0.7899 test_rec_macro=0.8010
  >> selected best (by val): num_layers=3 hidden_dim=256 lr=6e-05 val_acc=0.8625 test_acc=0.8532
     val_acc=0.8625 val_f1_macro=0.8268 val_f1_weighted=0.8602 val_loss=1.1021 val_metric=0.8625 val_metric_name=acc val_prec_macro=0.8261 val_rec_macro=0.8298
     test_acc=0.8532 test_f1_macro=0.8155 test_f1_weighted=0.8515 test_loss=1.1665 test_metric=0.8532 test_metric_name=acc test_prec_macro=0.8125 test_rec_macro=0.8201

Done. Results saved to /home/avshmelev/diploma_yandex_graphs/results_grid/roman_empire/base.csv, checkpoints in /home/avshmelev/diploma_yandex_graphs/all_checkpoints/roman_empire/base/
