Loading data...

============================================================
Training roman-empire SAGE 1L h=256 lr=3e-05 split=3
============================================================
Training for 5000 steps
Step    1 | loss 3.0214 | val_acc=0.0362 val_loss=2.9495 val_f1_macro=0.0204 val_f1_weighted=0.0246 val_prec_macro=0.0445 val_rec_macro=0.0355 val_metric_name=acc val_metric=0.0362
Step   50 | loss 2.0235 | val_acc=0.4646 val_loss=1.8212 val_f1_macro=0.2116 val_f1_weighted=0.3863 val_prec_macro=0.3092 val_rec_macro=0.2414 val_metric_name=acc val_metric=0.4646
Step  100 | loss 1.5853 | val_acc=0.5608 val_loss=1.4030 val_f1_macro=0.3105 val_f1_weighted=0.4939 val_prec_macro=0.4059 val_rec_macro=0.3253 val_metric_name=acc val_metric=0.5608
Step  150 | loss 1.3418 | val_acc=0.6327 val_loss=1.1906 val_f1_macro=0.4474 val_f1_weighted=0.5846 val_prec_macro=0.5000 val_rec_macro=0.4476 val_metric_name=acc val_metric=0.6327
Step  200 | loss 1.1879 | val_acc=0.6692 val_loss=1.0703 val_f1_macro=0.5054 val_f1_weighted=0.6306 val_prec_macro=0.5621 val_rec_macro=0.5085 val_metric_name=acc val_metric=0.6692
Step  250 | loss 1.0716 | val_acc=0.6929 val_loss=0.9914 val_f1_macro=0.5443 val_f1_weighted=0.6599 val_prec_macro=0.5857 val_rec_macro=0.5516 val_metric_name=acc val_metric=0.6929
Step  300 | loss 0.9870 | val_acc=0.7049 val_loss=0.9324 val_f1_macro=0.5661 val_f1_weighted=0.6767 val_prec_macro=0.5913 val_rec_macro=0.5728 val_metric_name=acc val_metric=0.7049
Step  350 | loss 0.9146 | val_acc=0.7149 val_loss=0.8875 val_f1_macro=0.5816 val_f1_weighted=0.6896 val_prec_macro=0.6001 val_rec_macro=0.5880 val_metric_name=acc val_metric=0.7149
Step  400 | loss 0.8604 | val_acc=0.7241 val_loss=0.8527 val_f1_macro=0.5954 val_f1_weighted=0.7015 val_prec_macro=0.6093 val_rec_macro=0.6013 val_metric_name=acc val_metric=0.7241
Step  450 | loss 0.8087 | val_acc=0.7329 val_loss=0.8253 val_f1_macro=0.6069 val_f1_weighted=0.7115 val_prec_macro=0.6730 val_rec_macro=0.6120 val_metric_name=acc val_metric=0.7329
Step  500 | loss 0.7636 | val_acc=0.7391 val_loss=0.8038 val_f1_macro=0.6170 val_f1_weighted=0.7196 val_prec_macro=0.6787 val_rec_macro=0.6211 val_metric_name=acc val_metric=0.7391
Step  550 | loss 0.7248 | val_acc=0.7447 val_loss=0.7849 val_f1_macro=0.6280 val_f1_weighted=0.7268 val_prec_macro=0.6727 val_rec_macro=0.6317 val_metric_name=acc val_metric=0.7447
Step  600 | loss 0.6892 | val_acc=0.7515 val_loss=0.7696 val_f1_macro=0.6384 val_f1_weighted=0.7347 val_prec_macro=0.6779 val_rec_macro=0.6401 val_metric_name=acc val_metric=0.7515
Step  650 | loss 0.6559 | val_acc=0.7555 val_loss=0.7581 val_f1_macro=0.6474 val_f1_weighted=0.7400 val_prec_macro=0.6851 val_rec_macro=0.6488 val_metric_name=acc val_metric=0.7555
Step  700 | loss 0.6267 | val_acc=0.7610 val_loss=0.7459 val_f1_macro=0.6584 val_f1_weighted=0.7472 val_prec_macro=0.6971 val_rec_macro=0.6580 val_metric_name=acc val_metric=0.7610
Step  750 | loss 0.5892 | val_acc=0.7622 val_loss=0.7378 val_f1_macro=0.6622 val_f1_weighted=0.7492 val_prec_macro=0.6948 val_rec_macro=0.6605 val_metric_name=acc val_metric=0.7622
Step  800 | loss 0.5630 | val_acc=0.7663 val_loss=0.7308 val_f1_macro=0.6683 val_f1_weighted=0.7542 val_prec_macro=0.6966 val_rec_macro=0.6664 val_metric_name=acc val_metric=0.7663
Step  850 | loss 0.5304 | val_acc=0.7700 val_loss=0.7259 val_f1_macro=0.6768 val_f1_weighted=0.7588 val_prec_macro=0.7040 val_rec_macro=0.6742 val_metric_name=acc val_metric=0.7700
Step  900 | loss 0.5050 | val_acc=0.7739 val_loss=0.7217 val_f1_macro=0.6867 val_f1_weighted=0.7638 val_prec_macro=0.7088 val_rec_macro=0.6830 val_metric_name=acc val_metric=0.7739
Step  950 | loss 0.4751 | val_acc=0.7749 val_loss=0.7206 val_f1_macro=0.6904 val_f1_weighted=0.7657 val_prec_macro=0.7086 val_rec_macro=0.6867 val_metric_name=acc val_metric=0.7749
Step 1000 | loss 0.4541 | val_acc=0.7781 val_loss=0.7206 val_f1_macro=0.6984 val_f1_weighted=0.7701 val_prec_macro=0.7160 val_rec_macro=0.6942 val_metric_name=acc val_metric=0.7781
Step 1050 | loss 0.4251 | val_acc=0.7809 val_loss=0.7224 val_f1_macro=0.7028 val_f1_weighted=0.7731 val_prec_macro=0.7186 val_rec_macro=0.6975 val_metric_name=acc val_metric=0.7809
Step 1100 | loss 0.4018 | val_acc=0.7799 val_loss=0.7267 val_f1_macro=0.7029 val_f1_weighted=0.7722 val_prec_macro=0.7167 val_rec_macro=0.6988 val_metric_name=acc val_metric=0.7799
Step 1150 | loss 0.3722 | val_acc=0.7818 val_loss=0.7344 val_f1_macro=0.7053 val_f1_weighted=0.7746 val_prec_macro=0.7181 val_rec_macro=0.7013 val_metric_name=acc val_metric=0.7818
Step 1200 | loss 0.3542 | val_acc=0.7804 val_loss=0.7417 val_f1_macro=0.7041 val_f1_weighted=0.7736 val_prec_macro=0.7163 val_rec_macro=0.7001 val_metric_name=acc val_metric=0.7804
Step 1250 | loss 0.3322 | val_acc=0.7790 val_loss=0.7512 val_f1_macro=0.7026 val_f1_weighted=0.7722 val_prec_macro=0.7148 val_rec_macro=0.6982 val_metric_name=acc val_metric=0.7790
Step 1300 | loss 0.3092 | val_acc=0.7820 val_loss=0.7619 val_f1_macro=0.7069 val_f1_weighted=0.7756 val_prec_macro=0.7195 val_rec_macro=0.7018 val_metric_name=acc val_metric=0.7820
Step 1350 | loss 0.2929 | val_acc=0.7834 val_loss=0.7745 val_f1_macro=0.7102 val_f1_weighted=0.7775 val_prec_macro=0.7232 val_rec_macro=0.7042 val_metric_name=acc val_metric=0.7834
Step 1400 | loss 0.2721 | val_acc=0.7825 val_loss=0.7879 val_f1_macro=0.7088 val_f1_weighted=0.7767 val_prec_macro=0.7211 val_rec_macro=0.7033 val_metric_name=acc val_metric=0.7825
Step 1450 | loss 0.2564 | val_acc=0.7823 val_loss=0.8016 val_f1_macro=0.7102 val_f1_weighted=0.7768 val_prec_macro=0.7235 val_rec_macro=0.7043 val_metric_name=acc val_metric=0.7823
Step 1500 | loss 0.2416 | val_acc=0.7832 val_loss=0.8149 val_f1_macro=0.7121 val_f1_weighted=0.7778 val_prec_macro=0.7271 val_rec_macro=0.7051 val_metric_name=acc val_metric=0.7832
Step 1550 | loss 0.2196 | val_acc=0.7841 val_loss=0.8297 val_f1_macro=0.7155 val_f1_weighted=0.7791 val_prec_macro=0.7314 val_rec_macro=0.7080 val_metric_name=acc val_metric=0.7841
Step 1600 | loss 0.2142 | val_acc=0.7841 val_loss=0.8444 val_f1_macro=0.7166 val_f1_weighted=0.7794 val_prec_macro=0.7329 val_rec_macro=0.7086 val_metric_name=acc val_metric=0.7841
Step 1650 | loss 0.1956 | val_acc=0.7864 val_loss=0.8592 val_f1_macro=0.7214 val_f1_weighted=0.7821 val_prec_macro=0.7374 val_rec_macro=0.7128 val_metric_name=acc val_metric=0.7864
Step 1700 | loss 0.1823 | val_acc=0.7859 val_loss=0.8763 val_f1_macro=0.7207 val_f1_weighted=0.7816 val_prec_macro=0.7367 val_rec_macro=0.7119 val_metric_name=acc val_metric=0.7859
Step 1750 | loss 0.1763 | val_acc=0.7875 val_loss=0.8892 val_f1_macro=0.7225 val_f1_weighted=0.7832 val_prec_macro=0.7386 val_rec_macro=0.7136 val_metric_name=acc val_metric=0.7875
Step 1800 | loss 0.1659 | val_acc=0.7878 val_loss=0.9031 val_f1_macro=0.7232 val_f1_weighted=0.7839 val_prec_macro=0.7390 val_rec_macro=0.7143 val_metric_name=acc val_metric=0.7878
Step 1850 | loss 0.1590 | val_acc=0.7862 val_loss=0.9203 val_f1_macro=0.7205 val_f1_weighted=0.7824 val_prec_macro=0.7351 val_rec_macro=0.7122 val_metric_name=acc val_metric=0.7862
Step 1900 | loss 0.1482 | val_acc=0.7850 val_loss=0.9329 val_f1_macro=0.7201 val_f1_weighted=0.7815 val_prec_macro=0.7351 val_rec_macro=0.7112 val_metric_name=acc val_metric=0.7850
Step 1950 | loss 0.1393 | val_acc=0.7843 val_loss=0.9487 val_f1_macro=0.7208 val_f1_weighted=0.7811 val_prec_macro=0.7352 val_rec_macro=0.7123 val_metric_name=acc val_metric=0.7843
Step 2000 | loss 0.1295 | val_acc=0.7855 val_loss=0.9630 val_f1_macro=0.7213 val_f1_weighted=0.7820 val_prec_macro=0.7375 val_rec_macro=0.7115 val_metric_name=acc val_metric=0.7855
Step 2050 | loss 0.1241 | val_acc=0.7857 val_loss=0.9761 val_f1_macro=0.7206 val_f1_weighted=0.7820 val_prec_macro=0.7363 val_rec_macro=0.7114 val_metric_name=acc val_metric=0.7857
Early stopping at step 2090

--- Final (best ckpt @ step 1790) ---
  train_acc=0.9810 train_loss=0.0652 train_f1_macro=0.9761 train_f1_weighted=0.9809 train_prec_macro=0.9820 train_rec_macro=0.9714 train_metric_name=acc train_metric=0.9810
  val_acc=0.7880 val_loss=0.9013 val_f1_macro=0.7228 val_f1_weighted=0.7837 val_prec_macro=0.7377 val_rec_macro=0.7142 val_metric_name=acc val_metric=0.7880
  test_acc=0.7868 test_loss=0.8880 test_f1_macro=0.7303 test_f1_weighted=0.7813 test_prec_macro=0.7395 test_rec_macro=0.7266 test_metric_name=acc test_metric=0.7868
  test_acc=0.7868

============================================================
Training roman-empire SAGE 1L h=256 lr=6e-05 split=3
============================================================
Training for 5000 steps
Step    1 | loss 3.0214 | val_acc=0.0542 val_loss=2.8884 val_f1_macro=0.0286 val_f1_weighted=0.0420 val_prec_macro=0.0534 val_rec_macro=0.0432 val_metric_name=acc val_metric=0.0542
Step   50 | loss 1.6380 | val_acc=0.5432 val_loss=1.4550 val_f1_macro=0.2849 val_f1_weighted=0.4722 val_prec_macro=0.3751 val_rec_macro=0.3049 val_metric_name=acc val_metric=0.5432
Step  100 | loss 1.2191 | val_acc=0.6577 val_loss=1.1013 val_f1_macro=0.4860 val_f1_weighted=0.6162 val_prec_macro=0.5221 val_rec_macro=0.4903 val_metric_name=acc val_metric=0.6577
Step  150 | loss 1.0130 | val_acc=0.7010 val_loss=0.9540 val_f1_macro=0.5600 val_f1_weighted=0.6714 val_prec_macro=0.5884 val_rec_macro=0.5684 val_metric_name=acc val_metric=0.7010
Step  200 | loss 0.8862 | val_acc=0.7200 val_loss=0.8680 val_f1_macro=0.5897 val_f1_weighted=0.6968 val_prec_macro=0.6047 val_rec_macro=0.5963 val_metric_name=acc val_metric=0.7200
Step  250 | loss 0.7892 | val_acc=0.7365 val_loss=0.8157 val_f1_macro=0.6108 val_f1_weighted=0.7161 val_prec_macro=0.6745 val_rec_macro=0.6166 val_metric_name=acc val_metric=0.7365
Step  300 | loss 0.7123 | val_acc=0.7476 val_loss=0.7803 val_f1_macro=0.6314 val_f1_weighted=0.7304 val_prec_macro=0.6673 val_rec_macro=0.6355 val_metric_name=acc val_metric=0.7476
Step  350 | loss 0.6428 | val_acc=0.7568 val_loss=0.7545 val_f1_macro=0.6489 val_f1_weighted=0.7420 val_prec_macro=0.6862 val_rec_macro=0.6502 val_metric_name=acc val_metric=0.7568
Step  400 | loss 0.5852 | val_acc=0.7628 val_loss=0.7383 val_f1_macro=0.6615 val_f1_weighted=0.7498 val_prec_macro=0.6906 val_rec_macro=0.6611 val_metric_name=acc val_metric=0.7628
Step  450 | loss 0.5272 | val_acc=0.7688 val_loss=0.7268 val_f1_macro=0.6766 val_f1_weighted=0.7577 val_prec_macro=0.7039 val_rec_macro=0.6731 val_metric_name=acc val_metric=0.7688
Step  500 | loss 0.4755 | val_acc=0.7741 val_loss=0.7232 val_f1_macro=0.6895 val_f1_weighted=0.7648 val_prec_macro=0.7071 val_rec_macro=0.6860 val_metric_name=acc val_metric=0.7741
Step  550 | loss 0.4212 | val_acc=0.7790 val_loss=0.7238 val_f1_macro=0.7005 val_f1_weighted=0.7708 val_prec_macro=0.7170 val_rec_macro=0.6955 val_metric_name=acc val_metric=0.7790
Step  600 | loss 0.3830 | val_acc=0.7825 val_loss=0.7321 val_f1_macro=0.7055 val_f1_weighted=0.7752 val_prec_macro=0.7181 val_rec_macro=0.7014 val_metric_name=acc val_metric=0.7825
Step  650 | loss 0.3392 | val_acc=0.7815 val_loss=0.7457 val_f1_macro=0.7050 val_f1_weighted=0.7750 val_prec_macro=0.7170 val_rec_macro=0.7006 val_metric_name=acc val_metric=0.7815
Step  700 | loss 0.3016 | val_acc=0.7827 val_loss=0.7648 val_f1_macro=0.7089 val_f1_weighted=0.7768 val_prec_macro=0.7223 val_rec_macro=0.7026 val_metric_name=acc val_metric=0.7827
Step  750 | loss 0.2649 | val_acc=0.7815 val_loss=0.7916 val_f1_macro=0.7079 val_f1_weighted=0.7758 val_prec_macro=0.7197 val_rec_macro=0.7026 val_metric_name=acc val_metric=0.7815
Step  800 | loss 0.2381 | val_acc=0.7850 val_loss=0.8163 val_f1_macro=0.7148 val_f1_weighted=0.7802 val_prec_macro=0.7286 val_rec_macro=0.7076 val_metric_name=acc val_metric=0.7850
Step  850 | loss 0.2125 | val_acc=0.7869 val_loss=0.8477 val_f1_macro=0.7186 val_f1_weighted=0.7817 val_prec_macro=0.7347 val_rec_macro=0.7105 val_metric_name=acc val_metric=0.7869
Step  900 | loss 0.1829 | val_acc=0.7850 val_loss=0.8736 val_f1_macro=0.7183 val_f1_weighted=0.7804 val_prec_macro=0.7327 val_rec_macro=0.7106 val_metric_name=acc val_metric=0.7850
Step  950 | loss 0.1684 | val_acc=0.7876 val_loss=0.9016 val_f1_macro=0.7235 val_f1_weighted=0.7836 val_prec_macro=0.7387 val_rec_macro=0.7147 val_metric_name=acc val_metric=0.7876
Step 1000 | loss 0.1572 | val_acc=0.7861 val_loss=0.9272 val_f1_macro=0.7201 val_f1_weighted=0.7822 val_prec_macro=0.7345 val_rec_macro=0.7117 val_metric_name=acc val_metric=0.7861
Step 1050 | loss 0.1394 | val_acc=0.7861 val_loss=0.9562 val_f1_macro=0.7227 val_f1_weighted=0.7825 val_prec_macro=0.7401 val_rec_macro=0.7121 val_metric_name=acc val_metric=0.7861
Step 1100 | loss 0.1234 | val_acc=0.7857 val_loss=0.9800 val_f1_macro=0.7224 val_f1_weighted=0.7820 val_prec_macro=0.7375 val_rec_macro=0.7127 val_metric_name=acc val_metric=0.7857
Step 1150 | loss 0.1103 | val_acc=0.7862 val_loss=1.0067 val_f1_macro=0.7230 val_f1_weighted=0.7831 val_prec_macro=0.7377 val_rec_macro=0.7147 val_metric_name=acc val_metric=0.7862
Step 1200 | loss 0.1022 | val_acc=0.7864 val_loss=1.0296 val_f1_macro=0.7241 val_f1_weighted=0.7831 val_prec_macro=0.7389 val_rec_macro=0.7153 val_metric_name=acc val_metric=0.7864
Step 1250 | loss 0.0955 | val_acc=0.7855 val_loss=1.0500 val_f1_macro=0.7236 val_f1_weighted=0.7821 val_prec_macro=0.7376 val_rec_macro=0.7143 val_metric_name=acc val_metric=0.7855
Early stopping at step 1254

--- Final (best ckpt @ step 950) ---
  train_acc=0.9804 train_loss=0.0666 train_f1_macro=0.9753 train_f1_weighted=0.9803 train_prec_macro=0.9813 train_rec_macro=0.9706 train_metric_name=acc train_metric=0.9804
  val_acc=0.7876 val_loss=0.9016 val_f1_macro=0.7235 val_f1_weighted=0.7836 val_prec_macro=0.7387 val_rec_macro=0.7147 val_metric_name=acc val_metric=0.7876
  test_acc=0.7838 test_loss=0.8876 test_f1_macro=0.7258 test_f1_weighted=0.7782 test_prec_macro=0.7341 test_rec_macro=0.7230 test_metric_name=acc test_metric=0.7838
  test_acc=0.7838

============================================================
Training roman-empire SAGE 1L h=256 lr=0.0001 split=3
============================================================
Training for 5000 steps
Step    1 | loss 3.0214 | val_acc=0.1084 val_loss=2.8127 val_f1_macro=0.0505 val_f1_weighted=0.0871 val_prec_macro=0.0752 val_rec_macro=0.0665 val_metric_name=acc val_metric=0.1084
Step   50 | loss 1.3663 | val_acc=0.6219 val_loss=1.2223 val_f1_macro=0.4320 val_f1_weighted=0.5725 val_prec_macro=0.4833 val_rec_macro=0.4316 val_metric_name=acc val_metric=0.6219
Step  100 | loss 0.9971 | val_acc=0.7017 val_loss=0.9443 val_f1_macro=0.5624 val_f1_weighted=0.6733 val_prec_macro=0.5863 val_rec_macro=0.5712 val_metric_name=acc val_metric=0.7017
Step  150 | loss 0.8134 | val_acc=0.7310 val_loss=0.8317 val_f1_macro=0.6045 val_f1_weighted=0.7097 val_prec_macro=0.6693 val_rec_macro=0.6108 val_metric_name=acc val_metric=0.7310
Step  200 | loss 0.6945 | val_acc=0.7500 val_loss=0.7740 val_f1_macro=0.6379 val_f1_weighted=0.7332 val_prec_macro=0.6763 val_rec_macro=0.6406 val_metric_name=acc val_metric=0.7500
Step  250 | loss 0.5942 | val_acc=0.7606 val_loss=0.7416 val_f1_macro=0.6599 val_f1_weighted=0.7477 val_prec_macro=0.6870 val_rec_macro=0.6596 val_metric_name=acc val_metric=0.7606
Step  300 | loss 0.5049 | val_acc=0.7726 val_loss=0.7250 val_f1_macro=0.6856 val_f1_weighted=0.7625 val_prec_macro=0.7072 val_rec_macro=0.6826 val_metric_name=acc val_metric=0.7726
Step  350 | loss 0.4199 | val_acc=0.7792 val_loss=0.7253 val_f1_macro=0.6996 val_f1_weighted=0.7709 val_prec_macro=0.7178 val_rec_macro=0.6945 val_metric_name=acc val_metric=0.7792
Step  400 | loss 0.3535 | val_acc=0.7788 val_loss=0.7434 val_f1_macro=0.7015 val_f1_weighted=0.7719 val_prec_macro=0.7138 val_rec_macro=0.6976 val_metric_name=acc val_metric=0.7788
Step  450 | loss 0.2916 | val_acc=0.7831 val_loss=0.7740 val_f1_macro=0.7101 val_f1_weighted=0.7767 val_prec_macro=0.7243 val_rec_macro=0.7036 val_metric_name=acc val_metric=0.7831
Step  500 | loss 0.2456 | val_acc=0.7852 val_loss=0.8146 val_f1_macro=0.7143 val_f1_weighted=0.7795 val_prec_macro=0.7271 val_rec_macro=0.7085 val_metric_name=acc val_metric=0.7852
Step  550 | loss 0.2008 | val_acc=0.7861 val_loss=0.8579 val_f1_macro=0.7196 val_f1_weighted=0.7815 val_prec_macro=0.7369 val_rec_macro=0.7102 val_metric_name=acc val_metric=0.7861
Step  600 | loss 0.1685 | val_acc=0.7848 val_loss=0.9046 val_f1_macro=0.7197 val_f1_weighted=0.7808 val_prec_macro=0.7347 val_rec_macro=0.7111 val_metric_name=acc val_metric=0.7848
Step  650 | loss 0.1432 | val_acc=0.7857 val_loss=0.9456 val_f1_macro=0.7203 val_f1_weighted=0.7823 val_prec_macro=0.7369 val_rec_macro=0.7102 val_metric_name=acc val_metric=0.7857
Step  700 | loss 0.1205 | val_acc=0.7850 val_loss=0.9869 val_f1_macro=0.7198 val_f1_weighted=0.7814 val_prec_macro=0.7347 val_rec_macro=0.7102 val_metric_name=acc val_metric=0.7850
Step  750 | loss 0.1028 | val_acc=0.7861 val_loss=1.0264 val_f1_macro=0.7219 val_f1_weighted=0.7826 val_prec_macro=0.7366 val_rec_macro=0.7124 val_metric_name=acc val_metric=0.7861
Step  800 | loss 0.0892 | val_acc=0.7850 val_loss=1.0554 val_f1_macro=0.7212 val_f1_weighted=0.7816 val_prec_macro=0.7362 val_rec_macro=0.7115 val_metric_name=acc val_metric=0.7850
Step  850 | loss 0.0778 | val_acc=0.7853 val_loss=1.0981 val_f1_macro=0.7219 val_f1_weighted=0.7820 val_prec_macro=0.7359 val_rec_macro=0.7133 val_metric_name=acc val_metric=0.7853
Step  900 | loss 0.0648 | val_acc=0.7850 val_loss=1.1249 val_f1_macro=0.7216 val_f1_weighted=0.7820 val_prec_macro=0.7326 val_rec_macro=0.7148 val_metric_name=acc val_metric=0.7850
Step  950 | loss 0.0612 | val_acc=0.7887 val_loss=1.1528 val_f1_macro=0.7255 val_f1_weighted=0.7849 val_prec_macro=0.7373 val_rec_macro=0.7182 val_metric_name=acc val_metric=0.7887
Step 1000 | loss 0.0600 | val_acc=0.7882 val_loss=1.1840 val_f1_macro=0.7244 val_f1_weighted=0.7848 val_prec_macro=0.7365 val_rec_macro=0.7164 val_metric_name=acc val_metric=0.7882
Step 1050 | loss 0.0502 | val_acc=0.7876 val_loss=1.2141 val_f1_macro=0.7249 val_f1_weighted=0.7844 val_prec_macro=0.7363 val_rec_macro=0.7179 val_metric_name=acc val_metric=0.7876
Step 1100 | loss 0.0469 | val_acc=0.7880 val_loss=1.2356 val_f1_macro=0.7255 val_f1_weighted=0.7848 val_prec_macro=0.7346 val_rec_macro=0.7194 val_metric_name=acc val_metric=0.7880
Step 1150 | loss 0.0406 | val_acc=0.7873 val_loss=1.2618 val_f1_macro=0.7240 val_f1_weighted=0.7845 val_prec_macro=0.7333 val_rec_macro=0.7188 val_metric_name=acc val_metric=0.7873
Step 1200 | loss 0.0386 | val_acc=0.7882 val_loss=1.2823 val_f1_macro=0.7243 val_f1_weighted=0.7846 val_prec_macro=0.7331 val_rec_macro=0.7191 val_metric_name=acc val_metric=0.7882
Step 1250 | loss 0.0365 | val_acc=0.7859 val_loss=1.2967 val_f1_macro=0.7234 val_f1_weighted=0.7828 val_prec_macro=0.7330 val_rec_macro=0.7168 val_metric_name=acc val_metric=0.7859
Step 1300 | loss 0.0333 | val_acc=0.7878 val_loss=1.3244 val_f1_macro=0.7261 val_f1_weighted=0.7851 val_prec_macro=0.7332 val_rec_macro=0.7214 val_metric_name=acc val_metric=0.7878
Step 1350 | loss 0.0306 | val_acc=0.7876 val_loss=1.3388 val_f1_macro=0.7242 val_f1_weighted=0.7846 val_prec_macro=0.7358 val_rec_macro=0.7166 val_metric_name=acc val_metric=0.7876
Step 1400 | loss 0.0279 | val_acc=0.7880 val_loss=1.3594 val_f1_macro=0.7269 val_f1_weighted=0.7852 val_prec_macro=0.7362 val_rec_macro=0.7205 val_metric_name=acc val_metric=0.7880
Step 1450 | loss 0.0264 | val_acc=0.7873 val_loss=1.3747 val_f1_macro=0.7249 val_f1_weighted=0.7843 val_prec_macro=0.7336 val_rec_macro=0.7190 val_metric_name=acc val_metric=0.7873
Step 1500 | loss 0.0241 | val_acc=0.7882 val_loss=1.3909 val_f1_macro=0.7263 val_f1_weighted=0.7849 val_prec_macro=0.7351 val_rec_macro=0.7212 val_metric_name=acc val_metric=0.7882
Step 1550 | loss 0.0232 | val_acc=0.7896 val_loss=1.4082 val_f1_macro=0.7278 val_f1_weighted=0.7863 val_prec_macro=0.7370 val_rec_macro=0.7223 val_metric_name=acc val_metric=0.7896
Step 1600 | loss 0.0207 | val_acc=0.7876 val_loss=1.4138 val_f1_macro=0.7257 val_f1_weighted=0.7846 val_prec_macro=0.7333 val_rec_macro=0.7208 val_metric_name=acc val_metric=0.7876
Step 1650 | loss 0.0199 | val_acc=0.7880 val_loss=1.4302 val_f1_macro=0.7252 val_f1_weighted=0.7849 val_prec_macro=0.7335 val_rec_macro=0.7201 val_metric_name=acc val_metric=0.7880
Step 1700 | loss 0.0200 | val_acc=0.7864 val_loss=1.4540 val_f1_macro=0.7251 val_f1_weighted=0.7832 val_prec_macro=0.7314 val_rec_macro=0.7215 val_metric_name=acc val_metric=0.7864
Early stopping at step 1715

--- Final (best ckpt @ step 1210) ---
  train_acc=0.9996 train_loss=0.0028 train_f1_macro=0.9996 train_f1_weighted=0.9996 train_prec_macro=0.9996 train_rec_macro=0.9996 train_metric_name=acc train_metric=0.9996
  val_acc=0.7906 val_loss=1.2842 val_f1_macro=0.7278 val_f1_weighted=0.7877 val_prec_macro=0.7368 val_rec_macro=0.7219 val_metric_name=acc val_metric=0.7906
  test_acc=0.7842 test_loss=1.2612 test_f1_macro=0.7291 test_f1_weighted=0.7801 test_prec_macro=0.7340 test_rec_macro=0.7265 test_metric_name=acc test_metric=0.7842
  test_acc=0.7842

============================================================
Training roman-empire SAGE 1L h=256 lr=1e-05 split=3
============================================================
Training for 5000 steps
Step    1 | loss 3.0214 | val_acc=0.0307 val_loss=2.9922 val_f1_macro=0.0186 val_f1_weighted=0.0212 val_prec_macro=0.0461 val_rec_macro=0.0340 val_metric_name=acc val_metric=0.0307
Step   50 | loss 2.5082 | val_acc=0.3071 val_loss=2.3490 val_f1_macro=0.1122 val_f1_weighted=0.2402 val_prec_macro=0.2618 val_rec_macro=0.1372 val_metric_name=acc val_metric=0.3071
Step  100 | loss 2.2054 | val_acc=0.4284 val_loss=2.0092 val_f1_macro=0.1928 val_f1_weighted=0.3512 val_prec_macro=0.3107 val_rec_macro=0.2206 val_metric_name=acc val_metric=0.4284
Step  150 | loss 1.9769 | val_acc=0.4823 val_loss=1.7622 val_f1_macro=0.2244 val_f1_weighted=0.4044 val_prec_macro=0.2924 val_rec_macro=0.2544 val_metric_name=acc val_metric=0.4823
Step  200 | loss 1.7990 | val_acc=0.5243 val_loss=1.5893 val_f1_macro=0.2656 val_f1_weighted=0.4511 val_prec_macro=0.3563 val_rec_macro=0.2876 val_metric_name=acc val_metric=0.5243
Step  250 | loss 1.6557 | val_acc=0.5479 val_loss=1.4607 val_f1_macro=0.2913 val_f1_weighted=0.4775 val_prec_macro=0.3907 val_rec_macro=0.3097 val_metric_name=acc val_metric=0.5479
Step  300 | loss 1.5492 | val_acc=0.5788 val_loss=1.3597 val_f1_macro=0.3489 val_f1_weighted=0.5171 val_prec_macro=0.4323 val_rec_macro=0.3541 val_metric_name=acc val_metric=0.5788
Step  350 | loss 1.4520 | val_acc=0.6094 val_loss=1.2797 val_f1_macro=0.4097 val_f1_weighted=0.5547 val_prec_macro=0.4741 val_rec_macro=0.4089 val_metric_name=acc val_metric=0.6094
Step  400 | loss 1.3769 | val_acc=0.6265 val_loss=1.2151 val_f1_macro=0.4364 val_f1_weighted=0.5761 val_prec_macro=0.4882 val_rec_macro=0.4358 val_metric_name=acc val_metric=0.6265
Step  450 | loss 1.3148 | val_acc=0.6388 val_loss=1.1623 val_f1_macro=0.4568 val_f1_weighted=0.5922 val_prec_macro=0.5046 val_rec_macro=0.4576 val_metric_name=acc val_metric=0.6388
Step  500 | loss 1.2534 | val_acc=0.6531 val_loss=1.1183 val_f1_macro=0.4768 val_f1_weighted=0.6100 val_prec_macro=0.5204 val_rec_macro=0.4779 val_metric_name=acc val_metric=0.6531
Step  550 | loss 1.2045 | val_acc=0.6667 val_loss=1.0815 val_f1_macro=0.5007 val_f1_weighted=0.6270 val_prec_macro=0.5568 val_rec_macro=0.5027 val_metric_name=acc val_metric=0.6667
Step  600 | loss 1.1617 | val_acc=0.6757 val_loss=1.0497 val_f1_macro=0.5159 val_f1_weighted=0.6375 val_prec_macro=0.5734 val_rec_macro=0.5200 val_metric_name=acc val_metric=0.6757
Step  650 | loss 1.1224 | val_acc=0.6849 val_loss=1.0211 val_f1_macro=0.5311 val_f1_weighted=0.6492 val_prec_macro=0.5817 val_rec_macro=0.5371 val_metric_name=acc val_metric=0.6849
Step  700 | loss 1.0860 | val_acc=0.6909 val_loss=0.9959 val_f1_macro=0.5409 val_f1_weighted=0.6573 val_prec_macro=0.5853 val_rec_macro=0.5477 val_metric_name=acc val_metric=0.6909
Step  750 | loss 1.0514 | val_acc=0.6969 val_loss=0.9731 val_f1_macro=0.5492 val_f1_weighted=0.6645 val_prec_macro=0.5831 val_rec_macro=0.5582 val_metric_name=acc val_metric=0.6969
Step  800 | loss 1.0226 | val_acc=0.7015 val_loss=0.9526 val_f1_macro=0.5591 val_f1_weighted=0.6715 val_prec_macro=0.5897 val_rec_macro=0.5670 val_metric_name=acc val_metric=0.7015
Step  850 | loss 0.9929 | val_acc=0.7052 val_loss=0.9337 val_f1_macro=0.5664 val_f1_weighted=0.6768 val_prec_macro=0.5932 val_rec_macro=0.5729 val_metric_name=acc val_metric=0.7052
Step  900 | loss 0.9689 | val_acc=0.7084 val_loss=0.9162 val_f1_macro=0.5711 val_f1_weighted=0.6812 val_prec_macro=0.5945 val_rec_macro=0.5779 val_metric_name=acc val_metric=0.7084
Step  950 | loss 0.9446 | val_acc=0.7128 val_loss=0.9002 val_f1_macro=0.5792 val_f1_weighted=0.6870 val_prec_macro=0.5998 val_rec_macro=0.5854 val_metric_name=acc val_metric=0.7128
Step 1000 | loss 0.9215 | val_acc=0.7154 val_loss=0.8861 val_f1_macro=0.5822 val_f1_weighted=0.6902 val_prec_macro=0.6004 val_rec_macro=0.5881 val_metric_name=acc val_metric=0.7154
Step 1050 | loss 0.8958 | val_acc=0.7197 val_loss=0.8728 val_f1_macro=0.5881 val_f1_weighted=0.6954 val_prec_macro=0.6049 val_rec_macro=0.5945 val_metric_name=acc val_metric=0.7197
Step 1100 | loss 0.8765 | val_acc=0.7222 val_loss=0.8607 val_f1_macro=0.5923 val_f1_weighted=0.6989 val_prec_macro=0.6078 val_rec_macro=0.5980 val_metric_name=acc val_metric=0.7222
Step 1150 | loss 0.8593 | val_acc=0.7239 val_loss=0.8496 val_f1_macro=0.5961 val_f1_weighted=0.7013 val_prec_macro=0.6644 val_rec_macro=0.6013 val_metric_name=acc val_metric=0.7239
Step 1200 | loss 0.8401 | val_acc=0.7303 val_loss=0.8395 val_f1_macro=0.6036 val_f1_weighted=0.7084 val_prec_macro=0.6710 val_rec_macro=0.6083 val_metric_name=acc val_metric=0.7303
Step 1250 | loss 0.8213 | val_acc=0.7317 val_loss=0.8298 val_f1_macro=0.6054 val_f1_weighted=0.7102 val_prec_macro=0.6722 val_rec_macro=0.6100 val_metric_name=acc val_metric=0.7317
Step 1300 | loss 0.8033 | val_acc=0.7342 val_loss=0.8209 val_f1_macro=0.6078 val_f1_weighted=0.7128 val_prec_macro=0.6745 val_rec_macro=0.6127 val_metric_name=acc val_metric=0.7342
Step 1350 | loss 0.7930 | val_acc=0.7375 val_loss=0.8125 val_f1_macro=0.6132 val_f1_weighted=0.7171 val_prec_macro=0.6780 val_rec_macro=0.6177 val_metric_name=acc val_metric=0.7375
Step 1400 | loss 0.7688 | val_acc=0.7387 val_loss=0.8046 val_f1_macro=0.6166 val_f1_weighted=0.7194 val_prec_macro=0.6788 val_rec_macro=0.6204 val_metric_name=acc val_metric=0.7387
Step 1450 | loss 0.7565 | val_acc=0.7410 val_loss=0.7974 val_f1_macro=0.6194 val_f1_weighted=0.7219 val_prec_macro=0.6810 val_rec_macro=0.6233 val_metric_name=acc val_metric=0.7410
Step 1500 | loss 0.7451 | val_acc=0.7439 val_loss=0.7908 val_f1_macro=0.6247 val_f1_weighted=0.7255 val_prec_macro=0.6704 val_rec_macro=0.6274 val_metric_name=acc val_metric=0.7439
Step 1550 | loss 0.7273 | val_acc=0.7456 val_loss=0.7843 val_f1_macro=0.6295 val_f1_weighted=0.7280 val_prec_macro=0.6747 val_rec_macro=0.6327 val_metric_name=acc val_metric=0.7456
Step 1600 | loss 0.7179 | val_acc=0.7474 val_loss=0.7785 val_f1_macro=0.6317 val_f1_weighted=0.7298 val_prec_macro=0.6767 val_rec_macro=0.6342 val_metric_name=acc val_metric=0.7474
Step 1650 | loss 0.6950 | val_acc=0.7495 val_loss=0.7728 val_f1_macro=0.6346 val_f1_weighted=0.7323 val_prec_macro=0.6796 val_rec_macro=0.6370 val_metric_name=acc val_metric=0.7495
Step 1700 | loss 0.6866 | val_acc=0.7520 val_loss=0.7672 val_f1_macro=0.6413 val_f1_weighted=0.7358 val_prec_macro=0.6858 val_rec_macro=0.6424 val_metric_name=acc val_metric=0.7520
Step 1750 | loss 0.6752 | val_acc=0.7527 val_loss=0.7620 val_f1_macro=0.6425 val_f1_weighted=0.7367 val_prec_macro=0.6818 val_rec_macro=0.6431 val_metric_name=acc val_metric=0.7527
Step 1800 | loss 0.6571 | val_acc=0.7555 val_loss=0.7580 val_f1_macro=0.6476 val_f1_weighted=0.7402 val_prec_macro=0.6857 val_rec_macro=0.6486 val_metric_name=acc val_metric=0.7555
Step 1850 | loss 0.6503 | val_acc=0.7578 val_loss=0.7530 val_f1_macro=0.6519 val_f1_weighted=0.7428 val_prec_macro=0.6947 val_rec_macro=0.6519 val_metric_name=acc val_metric=0.7578
Step 1900 | loss 0.6351 | val_acc=0.7605 val_loss=0.7491 val_f1_macro=0.6578 val_f1_weighted=0.7463 val_prec_macro=0.6977 val_rec_macro=0.6569 val_metric_name=acc val_metric=0.7605
Step 1950 | loss 0.6270 | val_acc=0.7612 val_loss=0.7452 val_f1_macro=0.6592 val_f1_weighted=0.7474 val_prec_macro=0.6993 val_rec_macro=0.6577 val_metric_name=acc val_metric=0.7612
Step 2000 | loss 0.6087 | val_acc=0.7615 val_loss=0.7418 val_f1_macro=0.6601 val_f1_weighted=0.7481 val_prec_macro=0.6988 val_rec_macro=0.6594 val_metric_name=acc val_metric=0.7615
Step 2050 | loss 0.5988 | val_acc=0.7622 val_loss=0.7390 val_f1_macro=0.6608 val_f1_weighted=0.7489 val_prec_macro=0.7002 val_rec_macro=0.6593 val_metric_name=acc val_metric=0.7622
Step 2100 | loss 0.5867 | val_acc=0.7624 val_loss=0.7360 val_f1_macro=0.6628 val_f1_weighted=0.7494 val_prec_macro=0.6947 val_rec_macro=0.6610 val_metric_name=acc val_metric=0.7624
Step 2150 | loss 0.5750 | val_acc=0.7643 val_loss=0.7324 val_f1_macro=0.6650 val_f1_weighted=0.7518 val_prec_macro=0.6962 val_rec_macro=0.6637 val_metric_name=acc val_metric=0.7643
Step 2200 | loss 0.5631 | val_acc=0.7652 val_loss=0.7297 val_f1_macro=0.6674 val_f1_weighted=0.7530 val_prec_macro=0.6960 val_rec_macro=0.6654 val_metric_name=acc val_metric=0.7652
Step 2250 | loss 0.5482 | val_acc=0.7672 val_loss=0.7275 val_f1_macro=0.6717 val_f1_weighted=0.7554 val_prec_macro=0.7016 val_rec_macro=0.6685 val_metric_name=acc val_metric=0.7672
Step 2300 | loss 0.5424 | val_acc=0.7684 val_loss=0.7253 val_f1_macro=0.6737 val_f1_weighted=0.7569 val_prec_macro=0.7028 val_rec_macro=0.6707 val_metric_name=acc val_metric=0.7684
Step 2350 | loss 0.5314 | val_acc=0.7691 val_loss=0.7239 val_f1_macro=0.6769 val_f1_weighted=0.7582 val_prec_macro=0.7044 val_rec_macro=0.6734 val_metric_name=acc val_metric=0.7691
Step 2400 | loss 0.5141 | val_acc=0.7703 val_loss=0.7230 val_f1_macro=0.6805 val_f1_weighted=0.7596 val_prec_macro=0.7063 val_rec_macro=0.6770 val_metric_name=acc val_metric=0.7703
Step 2450 | loss 0.5014 | val_acc=0.7730 val_loss=0.7214 val_f1_macro=0.6856 val_f1_weighted=0.7626 val_prec_macro=0.7078 val_rec_macro=0.6818 val_metric_name=acc val_metric=0.7730
Step 2500 | loss 0.4962 | val_acc=0.7749 val_loss=0.7202 val_f1_macro=0.6880 val_f1_weighted=0.7651 val_prec_macro=0.7094 val_rec_macro=0.6842 val_metric_name=acc val_metric=0.7749
Step 2550 | loss 0.4888 | val_acc=0.7762 val_loss=0.7193 val_f1_macro=0.6910 val_f1_weighted=0.7668 val_prec_macro=0.7113 val_rec_macro=0.6867 val_metric_name=acc val_metric=0.7762
Step 2600 | loss 0.4751 | val_acc=0.7767 val_loss=0.7193 val_f1_macro=0.6918 val_f1_weighted=0.7675 val_prec_macro=0.7103 val_rec_macro=0.6879 val_metric_name=acc val_metric=0.7767
Step 2650 | loss 0.4617 | val_acc=0.7771 val_loss=0.7193 val_f1_macro=0.6929 val_f1_weighted=0.7681 val_prec_macro=0.7102 val_rec_macro=0.6888 val_metric_name=acc val_metric=0.7771
Step 2700 | loss 0.4515 | val_acc=0.7783 val_loss=0.7197 val_f1_macro=0.6986 val_f1_weighted=0.7701 val_prec_macro=0.7180 val_rec_macro=0.6934 val_metric_name=acc val_metric=0.7783
Step 2750 | loss 0.4411 | val_acc=0.7801 val_loss=0.7207 val_f1_macro=0.7002 val_f1_weighted=0.7718 val_prec_macro=0.7177 val_rec_macro=0.6955 val_metric_name=acc val_metric=0.7801
Step 2800 | loss 0.4325 | val_acc=0.7806 val_loss=0.7211 val_f1_macro=0.7021 val_f1_weighted=0.7728 val_prec_macro=0.7194 val_rec_macro=0.6965 val_metric_name=acc val_metric=0.7806
Step 2850 | loss 0.4254 | val_acc=0.7809 val_loss=0.7225 val_f1_macro=0.7021 val_f1_weighted=0.7730 val_prec_macro=0.7174 val_rec_macro=0.6971 val_metric_name=acc val_metric=0.7809
Step 2900 | loss 0.4147 | val_acc=0.7809 val_loss=0.7239 val_f1_macro=0.7025 val_f1_weighted=0.7734 val_prec_macro=0.7172 val_rec_macro=0.6978 val_metric_name=acc val_metric=0.7809
Step 2950 | loss 0.4085 | val_acc=0.7820 val_loss=0.7253 val_f1_macro=0.7043 val_f1_weighted=0.7745 val_prec_macro=0.7188 val_rec_macro=0.6993 val_metric_name=acc val_metric=0.7820
Step 3000 | loss 0.3962 | val_acc=0.7820 val_loss=0.7278 val_f1_macro=0.7038 val_f1_weighted=0.7744 val_prec_macro=0.7187 val_rec_macro=0.6989 val_metric_name=acc val_metric=0.7820
Step 3050 | loss 0.3884 | val_acc=0.7818 val_loss=0.7298 val_f1_macro=0.7047 val_f1_weighted=0.7744 val_prec_macro=0.7187 val_rec_macro=0.7001 val_metric_name=acc val_metric=0.7818
Step 3100 | loss 0.3745 | val_acc=0.7818 val_loss=0.7327 val_f1_macro=0.7044 val_f1_weighted=0.7744 val_prec_macro=0.7174 val_rec_macro=0.7003 val_metric_name=acc val_metric=0.7818
Step 3150 | loss 0.3683 | val_acc=0.7823 val_loss=0.7352 val_f1_macro=0.7062 val_f1_weighted=0.7752 val_prec_macro=0.7193 val_rec_macro=0.7015 val_metric_name=acc val_metric=0.7823
Step 3200 | loss 0.3607 | val_acc=0.7811 val_loss=0.7389 val_f1_macro=0.7052 val_f1_weighted=0.7740 val_prec_macro=0.7178 val_rec_macro=0.7008 val_metric_name=acc val_metric=0.7811
Step 3250 | loss 0.3539 | val_acc=0.7808 val_loss=0.7421 val_f1_macro=0.7047 val_f1_weighted=0.7740 val_prec_macro=0.7169 val_rec_macro=0.7006 val_metric_name=acc val_metric=0.7808
Step 3300 | loss 0.3469 | val_acc=0.7822 val_loss=0.7460 val_f1_macro=0.7059 val_f1_weighted=0.7755 val_prec_macro=0.7183 val_rec_macro=0.7015 val_metric_name=acc val_metric=0.7822
Step 3350 | loss 0.3321 | val_acc=0.7816 val_loss=0.7495 val_f1_macro=0.7053 val_f1_weighted=0.7749 val_prec_macro=0.7173 val_rec_macro=0.7009 val_metric_name=acc val_metric=0.7816
Early stopping at step 3375

--- Final (best ckpt @ step 3060) ---
  train_acc=0.9132 train_loss=0.2655 train_f1_macro=0.8855 train_f1_weighted=0.9112 train_prec_macro=0.9110 train_rec_macro=0.8735 train_metric_name=acc train_metric=0.9132
  val_acc=0.7825 val_loss=0.7308 val_f1_macro=0.7051 val_f1_weighted=0.7750 val_prec_macro=0.7184 val_rec_macro=0.7010 val_metric_name=acc val_metric=0.7825
  test_acc=0.7866 test_loss=0.7266 test_f1_macro=0.7224 test_f1_weighted=0.7786 test_prec_macro=0.7472 test_rec_macro=0.7175 test_metric_name=acc test_metric=0.7866
  test_acc=0.7866

============================================================
Training roman-empire SAGE 1L h=384 lr=3e-05 split=3
============================================================
Training for 5000 steps
Step    1 | loss 2.9203 | val_acc=0.1162 val_loss=2.8071 val_f1_macro=0.0406 val_f1_weighted=0.0736 val_prec_macro=0.0422 val_rec_macro=0.0667 val_metric_name=acc val_metric=0.1162
Step   50 | loss 1.6779 | val_acc=0.5433 val_loss=1.4962 val_f1_macro=0.2894 val_f1_weighted=0.4653 val_prec_macro=0.3586 val_rec_macro=0.3107 val_metric_name=acc val_metric=0.5433
Step  100 | loss 1.2828 | val_acc=0.6401 val_loss=1.1482 val_f1_macro=0.4649 val_f1_weighted=0.5943 val_prec_macro=0.5550 val_rec_macro=0.4630 val_metric_name=acc val_metric=0.6401
Step  150 | loss 1.0811 | val_acc=0.6837 val_loss=1.0042 val_f1_macro=0.5328 val_f1_weighted=0.6506 val_prec_macro=0.5793 val_rec_macro=0.5299 val_metric_name=acc val_metric=0.6837
Step  200 | loss 0.9620 | val_acc=0.7068 val_loss=0.9198 val_f1_macro=0.5712 val_f1_weighted=0.6801 val_prec_macro=0.6471 val_rec_macro=0.5725 val_metric_name=acc val_metric=0.7068
Step  250 | loss 0.8647 | val_acc=0.7246 val_loss=0.8614 val_f1_macro=0.5973 val_f1_weighted=0.7023 val_prec_macro=0.6458 val_rec_macro=0.5996 val_metric_name=acc val_metric=0.7246
Step  300 | loss 0.7930 | val_acc=0.7354 val_loss=0.8213 val_f1_macro=0.6199 val_f1_weighted=0.7169 val_prec_macro=0.6607 val_rec_macro=0.6182 val_metric_name=acc val_metric=0.7354
Step  350 | loss 0.7261 | val_acc=0.7446 val_loss=0.7927 val_f1_macro=0.6364 val_f1_weighted=0.7289 val_prec_macro=0.6726 val_rec_macro=0.6321 val_metric_name=acc val_metric=0.7446
Step  400 | loss 0.6686 | val_acc=0.7504 val_loss=0.7701 val_f1_macro=0.6483 val_f1_weighted=0.7369 val_prec_macro=0.6689 val_rec_macro=0.6453 val_metric_name=acc val_metric=0.7504
Step  450 | loss 0.6183 | val_acc=0.7569 val_loss=0.7539 val_f1_macro=0.6612 val_f1_weighted=0.7447 val_prec_macro=0.6792 val_rec_macro=0.6568 val_metric_name=acc val_metric=0.7569
Step  500 | loss 0.5801 | val_acc=0.7633 val_loss=0.7412 val_f1_macro=0.6734 val_f1_weighted=0.7519 val_prec_macro=0.6940 val_rec_macro=0.6695 val_metric_name=acc val_metric=0.7633
Step  550 | loss 0.5349 | val_acc=0.7696 val_loss=0.7327 val_f1_macro=0.6837 val_f1_weighted=0.7593 val_prec_macro=0.7073 val_rec_macro=0.6785 val_metric_name=acc val_metric=0.7696
Step  600 | loss 0.4875 | val_acc=0.7746 val_loss=0.7265 val_f1_macro=0.6893 val_f1_weighted=0.7650 val_prec_macro=0.7103 val_rec_macro=0.6850 val_metric_name=acc val_metric=0.7746
Step  650 | loss 0.4501 | val_acc=0.7778 val_loss=0.7250 val_f1_macro=0.6948 val_f1_weighted=0.7690 val_prec_macro=0.7115 val_rec_macro=0.6904 val_metric_name=acc val_metric=0.7778
Step  700 | loss 0.4121 | val_acc=0.7795 val_loss=0.7270 val_f1_macro=0.6980 val_f1_weighted=0.7714 val_prec_macro=0.7119 val_rec_macro=0.6937 val_metric_name=acc val_metric=0.7795
Step  750 | loss 0.3719 | val_acc=0.7823 val_loss=0.7341 val_f1_macro=0.7023 val_f1_weighted=0.7751 val_prec_macro=0.7167 val_rec_macro=0.6965 val_metric_name=acc val_metric=0.7823
Step  800 | loss 0.3396 | val_acc=0.7827 val_loss=0.7470 val_f1_macro=0.7069 val_f1_weighted=0.7757 val_prec_macro=0.7246 val_rec_macro=0.6995 val_metric_name=acc val_metric=0.7827
Step  850 | loss 0.3100 | val_acc=0.7834 val_loss=0.7604 val_f1_macro=0.7090 val_f1_weighted=0.7772 val_prec_macro=0.7271 val_rec_macro=0.7004 val_metric_name=acc val_metric=0.7834
Step  900 | loss 0.2751 | val_acc=0.7845 val_loss=0.7780 val_f1_macro=0.7120 val_f1_weighted=0.7790 val_prec_macro=0.7311 val_rec_macro=0.7022 val_metric_name=acc val_metric=0.7845
Step  950 | loss 0.2501 | val_acc=0.7852 val_loss=0.7976 val_f1_macro=0.7131 val_f1_weighted=0.7802 val_prec_macro=0.7290 val_rec_macro=0.7039 val_metric_name=acc val_metric=0.7852
Step 1000 | loss 0.2249 | val_acc=0.7850 val_loss=0.8202 val_f1_macro=0.7131 val_f1_weighted=0.7802 val_prec_macro=0.7277 val_rec_macro=0.7039 val_metric_name=acc val_metric=0.7850
Step 1050 | loss 0.1985 | val_acc=0.7857 val_loss=0.8383 val_f1_macro=0.7155 val_f1_weighted=0.7815 val_prec_macro=0.7292 val_rec_macro=0.7069 val_metric_name=acc val_metric=0.7857
Step 1100 | loss 0.1868 | val_acc=0.7852 val_loss=0.8613 val_f1_macro=0.7142 val_f1_weighted=0.7812 val_prec_macro=0.7279 val_rec_macro=0.7053 val_metric_name=acc val_metric=0.7852
Step 1150 | loss 0.1640 | val_acc=0.7834 val_loss=0.8829 val_f1_macro=0.7136 val_f1_weighted=0.7796 val_prec_macro=0.7266 val_rec_macro=0.7049 val_metric_name=acc val_metric=0.7834
Step 1200 | loss 0.1513 | val_acc=0.7868 val_loss=0.9054 val_f1_macro=0.7178 val_f1_weighted=0.7829 val_prec_macro=0.7323 val_rec_macro=0.7083 val_metric_name=acc val_metric=0.7868
Step 1250 | loss 0.1375 | val_acc=0.7880 val_loss=0.9279 val_f1_macro=0.7226 val_f1_weighted=0.7843 val_prec_macro=0.7358 val_rec_macro=0.7139 val_metric_name=acc val_metric=0.7880
Step 1300 | loss 0.1266 | val_acc=0.7875 val_loss=0.9477 val_f1_macro=0.7236 val_f1_weighted=0.7839 val_prec_macro=0.7372 val_rec_macro=0.7145 val_metric_name=acc val_metric=0.7875
Step 1350 | loss 0.1171 | val_acc=0.7889 val_loss=0.9690 val_f1_macro=0.7258 val_f1_weighted=0.7854 val_prec_macro=0.7407 val_rec_macro=0.7152 val_metric_name=acc val_metric=0.7889
Step 1400 | loss 0.1037 | val_acc=0.7887 val_loss=0.9869 val_f1_macro=0.7265 val_f1_weighted=0.7854 val_prec_macro=0.7397 val_rec_macro=0.7174 val_metric_name=acc val_metric=0.7887
Step 1450 | loss 0.0973 | val_acc=0.7891 val_loss=1.0109 val_f1_macro=0.7237 val_f1_weighted=0.7853 val_prec_macro=0.7374 val_rec_macro=0.7141 val_metric_name=acc val_metric=0.7891
Step 1500 | loss 0.0878 | val_acc=0.7887 val_loss=1.0297 val_f1_macro=0.7252 val_f1_weighted=0.7853 val_prec_macro=0.7398 val_rec_macro=0.7148 val_metric_name=acc val_metric=0.7887
Step 1550 | loss 0.0780 | val_acc=0.7891 val_loss=1.0469 val_f1_macro=0.7265 val_f1_weighted=0.7856 val_prec_macro=0.7402 val_rec_macro=0.7171 val_metric_name=acc val_metric=0.7891
Step 1600 | loss 0.0736 | val_acc=0.7889 val_loss=1.0632 val_f1_macro=0.7260 val_f1_weighted=0.7855 val_prec_macro=0.7396 val_rec_macro=0.7163 val_metric_name=acc val_metric=0.7889
Step 1650 | loss 0.0685 | val_acc=0.7892 val_loss=1.0801 val_f1_macro=0.7279 val_f1_weighted=0.7863 val_prec_macro=0.7411 val_rec_macro=0.7187 val_metric_name=acc val_metric=0.7892
Step 1700 | loss 0.0629 | val_acc=0.7889 val_loss=1.0989 val_f1_macro=0.7273 val_f1_weighted=0.7858 val_prec_macro=0.7400 val_rec_macro=0.7179 val_metric_name=acc val_metric=0.7889
Step 1750 | loss 0.0584 | val_acc=0.7889 val_loss=1.1119 val_f1_macro=0.7275 val_f1_weighted=0.7858 val_prec_macro=0.7391 val_rec_macro=0.7191 val_metric_name=acc val_metric=0.7889
Step 1800 | loss 0.0511 | val_acc=0.7892 val_loss=1.1284 val_f1_macro=0.7272 val_f1_weighted=0.7858 val_prec_macro=0.7398 val_rec_macro=0.7182 val_metric_name=acc val_metric=0.7892
Step 1850 | loss 0.0525 | val_acc=0.7896 val_loss=1.1432 val_f1_macro=0.7286 val_f1_weighted=0.7867 val_prec_macro=0.7406 val_rec_macro=0.7200 val_metric_name=acc val_metric=0.7896
Step 1900 | loss 0.0477 | val_acc=0.7894 val_loss=1.1619 val_f1_macro=0.7290 val_f1_weighted=0.7864 val_prec_macro=0.7417 val_rec_macro=0.7201 val_metric_name=acc val_metric=0.7894
Step 1950 | loss 0.0432 | val_acc=0.7899 val_loss=1.1775 val_f1_macro=0.7291 val_f1_weighted=0.7869 val_prec_macro=0.7417 val_rec_macro=0.7201 val_metric_name=acc val_metric=0.7899
Step 2000 | loss 0.0407 | val_acc=0.7898 val_loss=1.1929 val_f1_macro=0.7280 val_f1_weighted=0.7863 val_prec_macro=0.7413 val_rec_macro=0.7186 val_metric_name=acc val_metric=0.7898
Step 2050 | loss 0.0386 | val_acc=0.7899 val_loss=1.2028 val_f1_macro=0.7288 val_f1_weighted=0.7868 val_prec_macro=0.7413 val_rec_macro=0.7203 val_metric_name=acc val_metric=0.7899
Step 2100 | loss 0.0376 | val_acc=0.7898 val_loss=1.2151 val_f1_macro=0.7295 val_f1_weighted=0.7868 val_prec_macro=0.7411 val_rec_macro=0.7209 val_metric_name=acc val_metric=0.7898
Step 2150 | loss 0.0363 | val_acc=0.7891 val_loss=1.2286 val_f1_macro=0.7284 val_f1_weighted=0.7861 val_prec_macro=0.7403 val_rec_macro=0.7200 val_metric_name=acc val_metric=0.7891
Early stopping at step 2185

--- Final (best ckpt @ step 1880) ---
  train_acc=0.9994 train_loss=0.0063 train_f1_macro=0.9991 train_f1_weighted=0.9994 train_prec_macro=0.9992 train_rec_macro=0.9989 train_metric_name=acc train_metric=0.9994
  val_acc=0.7914 val_loss=1.1544 val_f1_macro=0.7310 val_f1_weighted=0.7884 val_prec_macro=0.7431 val_rec_macro=0.7227 val_metric_name=acc val_metric=0.7914
  test_acc=0.7856 test_loss=1.1175 test_f1_macro=0.7296 test_f1_weighted=0.7824 test_prec_macro=0.7376 test_rec_macro=0.7239 test_metric_name=acc test_metric=0.7856
  test_acc=0.7856

============================================================
Training roman-empire SAGE 1L h=384 lr=6e-05 split=3
============================================================
Training for 5000 steps
Step    1 | loss 2.9203 | val_acc=0.2219 val_loss=2.7215 val_f1_macro=0.0774 val_f1_weighted=0.1623 val_prec_macro=0.0887 val_rec_macro=0.1084 val_metric_name=acc val_metric=0.2219
Step   50 | loss 1.3161 | val_acc=0.6284 val_loss=1.1916 val_f1_macro=0.4507 val_f1_weighted=0.5800 val_prec_macro=0.5334 val_rec_macro=0.4498 val_metric_name=acc val_metric=0.6284
Step  100 | loss 0.9894 | val_acc=0.6962 val_loss=0.9479 val_f1_macro=0.5542 val_f1_weighted=0.6674 val_prec_macro=0.6311 val_rec_macro=0.5567 val_metric_name=acc val_metric=0.6962
Step  150 | loss 0.8181 | val_acc=0.7296 val_loss=0.8388 val_f1_macro=0.6083 val_f1_weighted=0.7096 val_prec_macro=0.6577 val_rec_macro=0.6090 val_metric_name=acc val_metric=0.7296
Step  200 | loss 0.7062 | val_acc=0.7476 val_loss=0.7823 val_f1_macro=0.6442 val_f1_weighted=0.7335 val_prec_macro=0.6679 val_rec_macro=0.6402 val_metric_name=acc val_metric=0.7476
Step  250 | loss 0.6085 | val_acc=0.7580 val_loss=0.7493 val_f1_macro=0.6625 val_f1_weighted=0.7462 val_prec_macro=0.6750 val_rec_macro=0.6599 val_metric_name=acc val_metric=0.7580
Step  300 | loss 0.5221 | val_acc=0.7693 val_loss=0.7325 val_f1_macro=0.6834 val_f1_weighted=0.7594 val_prec_macro=0.7011 val_rec_macro=0.6805 val_metric_name=acc val_metric=0.7693
Step  350 | loss 0.4446 | val_acc=0.7772 val_loss=0.7276 val_f1_macro=0.6949 val_f1_weighted=0.7685 val_prec_macro=0.7090 val_rec_macro=0.6918 val_metric_name=acc val_metric=0.7772
Step  400 | loss 0.3744 | val_acc=0.7813 val_loss=0.7371 val_f1_macro=0.6999 val_f1_weighted=0.7736 val_prec_macro=0.7129 val_rec_macro=0.6945 val_metric_name=acc val_metric=0.7813
Step  450 | loss 0.3078 | val_acc=0.7816 val_loss=0.7612 val_f1_macro=0.7080 val_f1_weighted=0.7754 val_prec_macro=0.7275 val_rec_macro=0.6992 val_metric_name=acc val_metric=0.7816
Step  500 | loss 0.2583 | val_acc=0.7838 val_loss=0.7933 val_f1_macro=0.7111 val_f1_weighted=0.7788 val_prec_macro=0.7263 val_rec_macro=0.7026 val_metric_name=acc val_metric=0.7838
Step  550 | loss 0.2136 | val_acc=0.7839 val_loss=0.8352 val_f1_macro=0.7124 val_f1_weighted=0.7799 val_prec_macro=0.7274 val_rec_macro=0.7032 val_metric_name=acc val_metric=0.7839
Step  600 | loss 0.1750 | val_acc=0.7845 val_loss=0.8798 val_f1_macro=0.7150 val_f1_weighted=0.7806 val_prec_macro=0.7264 val_rec_macro=0.7080 val_metric_name=acc val_metric=0.7845
Step  650 | loss 0.1468 | val_acc=0.7864 val_loss=0.9209 val_f1_macro=0.7206 val_f1_weighted=0.7826 val_prec_macro=0.7338 val_rec_macro=0.7118 val_metric_name=acc val_metric=0.7864
Step  700 | loss 0.1213 | val_acc=0.7885 val_loss=0.9595 val_f1_macro=0.7236 val_f1_weighted=0.7846 val_prec_macro=0.7389 val_rec_macro=0.7138 val_metric_name=acc val_metric=0.7885
Step  750 | loss 0.1021 | val_acc=0.7899 val_loss=0.9964 val_f1_macro=0.7272 val_f1_weighted=0.7866 val_prec_macro=0.7403 val_rec_macro=0.7184 val_metric_name=acc val_metric=0.7899
Step  800 | loss 0.0897 | val_acc=0.7875 val_loss=1.0387 val_f1_macro=0.7244 val_f1_weighted=0.7839 val_prec_macro=0.7372 val_rec_macro=0.7157 val_metric_name=acc val_metric=0.7875
Step  850 | loss 0.0775 | val_acc=0.7892 val_loss=1.0675 val_f1_macro=0.7255 val_f1_weighted=0.7859 val_prec_macro=0.7384 val_rec_macro=0.7163 val_metric_name=acc val_metric=0.7892
Step  900 | loss 0.0654 | val_acc=0.7869 val_loss=1.1046 val_f1_macro=0.7239 val_f1_weighted=0.7837 val_prec_macro=0.7379 val_rec_macro=0.7141 val_metric_name=acc val_metric=0.7869
Step  950 | loss 0.0562 | val_acc=0.7885 val_loss=1.1316 val_f1_macro=0.7291 val_f1_weighted=0.7858 val_prec_macro=0.7405 val_rec_macro=0.7208 val_metric_name=acc val_metric=0.7885
Step 1000 | loss 0.0503 | val_acc=0.7891 val_loss=1.1621 val_f1_macro=0.7291 val_f1_weighted=0.7861 val_prec_macro=0.7421 val_rec_macro=0.7196 val_metric_name=acc val_metric=0.7891
Step 1050 | loss 0.0418 | val_acc=0.7885 val_loss=1.1880 val_f1_macro=0.7276 val_f1_weighted=0.7854 val_prec_macro=0.7392 val_rec_macro=0.7193 val_metric_name=acc val_metric=0.7885
Step 1100 | loss 0.0391 | val_acc=0.7889 val_loss=1.2136 val_f1_macro=0.7291 val_f1_weighted=0.7857 val_prec_macro=0.7410 val_rec_macro=0.7207 val_metric_name=acc val_metric=0.7889
Step 1150 | loss 0.0359 | val_acc=0.7906 val_loss=1.2365 val_f1_macro=0.7312 val_f1_weighted=0.7881 val_prec_macro=0.7410 val_rec_macro=0.7240 val_metric_name=acc val_metric=0.7906
Step 1200 | loss 0.0326 | val_acc=0.7878 val_loss=1.2602 val_f1_macro=0.7280 val_f1_weighted=0.7848 val_prec_macro=0.7392 val_rec_macro=0.7197 val_metric_name=acc val_metric=0.7878
Step 1250 | loss 0.0302 | val_acc=0.7891 val_loss=1.2805 val_f1_macro=0.7280 val_f1_weighted=0.7859 val_prec_macro=0.7392 val_rec_macro=0.7200 val_metric_name=acc val_metric=0.7891
Step 1300 | loss 0.0286 | val_acc=0.7889 val_loss=1.2969 val_f1_macro=0.7281 val_f1_weighted=0.7856 val_prec_macro=0.7396 val_rec_macro=0.7196 val_metric_name=acc val_metric=0.7889
Step 1350 | loss 0.0254 | val_acc=0.7905 val_loss=1.3107 val_f1_macro=0.7309 val_f1_weighted=0.7876 val_prec_macro=0.7408 val_rec_macro=0.7235 val_metric_name=acc val_metric=0.7905
Step 1400 | loss 0.0225 | val_acc=0.7908 val_loss=1.3262 val_f1_macro=0.7319 val_f1_weighted=0.7879 val_prec_macro=0.7403 val_rec_macro=0.7263 val_metric_name=acc val_metric=0.7908
Step 1450 | loss 0.0217 | val_acc=0.7914 val_loss=1.3486 val_f1_macro=0.7313 val_f1_weighted=0.7882 val_prec_macro=0.7417 val_rec_macro=0.7237 val_metric_name=acc val_metric=0.7914
Step 1500 | loss 0.0181 | val_acc=0.7908 val_loss=1.3682 val_f1_macro=0.7302 val_f1_weighted=0.7873 val_prec_macro=0.7424 val_rec_macro=0.7219 val_metric_name=acc val_metric=0.7908
Step 1550 | loss 0.0178 | val_acc=0.7928 val_loss=1.3860 val_f1_macro=0.7328 val_f1_weighted=0.7893 val_prec_macro=0.7435 val_rec_macro=0.7255 val_metric_name=acc val_metric=0.7928
Step 1600 | loss 0.0169 | val_acc=0.7903 val_loss=1.3975 val_f1_macro=0.7305 val_f1_weighted=0.7869 val_prec_macro=0.7423 val_rec_macro=0.7226 val_metric_name=acc val_metric=0.7903
Step 1650 | loss 0.0153 | val_acc=0.7910 val_loss=1.4060 val_f1_macro=0.7317 val_f1_weighted=0.7881 val_prec_macro=0.7437 val_rec_macro=0.7232 val_metric_name=acc val_metric=0.7910
Step 1700 | loss 0.0138 | val_acc=0.7922 val_loss=1.4210 val_f1_macro=0.7317 val_f1_weighted=0.7891 val_prec_macro=0.7427 val_rec_macro=0.7242 val_metric_name=acc val_metric=0.7922
Step 1750 | loss 0.0123 | val_acc=0.7933 val_loss=1.4298 val_f1_macro=0.7349 val_f1_weighted=0.7901 val_prec_macro=0.7448 val_rec_macro=0.7280 val_metric_name=acc val_metric=0.7933
Step 1800 | loss 0.0120 | val_acc=0.7922 val_loss=1.4487 val_f1_macro=0.7323 val_f1_weighted=0.7893 val_prec_macro=0.7424 val_rec_macro=0.7254 val_metric_name=acc val_metric=0.7922
Step 1850 | loss 0.0127 | val_acc=0.7914 val_loss=1.4557 val_f1_macro=0.7310 val_f1_weighted=0.7882 val_prec_macro=0.7406 val_rec_macro=0.7245 val_metric_name=acc val_metric=0.7914
Step 1900 | loss 0.0116 | val_acc=0.7917 val_loss=1.4698 val_f1_macro=0.7318 val_f1_weighted=0.7887 val_prec_macro=0.7424 val_rec_macro=0.7245 val_metric_name=acc val_metric=0.7917
Step 1950 | loss 0.0100 | val_acc=0.7908 val_loss=1.4864 val_f1_macro=0.7313 val_f1_weighted=0.7874 val_prec_macro=0.7414 val_rec_macro=0.7245 val_metric_name=acc val_metric=0.7908
Step 2000 | loss 0.0099 | val_acc=0.7917 val_loss=1.4965 val_f1_macro=0.7319 val_f1_weighted=0.7881 val_prec_macro=0.7425 val_rec_macro=0.7250 val_metric_name=acc val_metric=0.7917
Step 2050 | loss 0.0094 | val_acc=0.7917 val_loss=1.5002 val_f1_macro=0.7316 val_f1_weighted=0.7886 val_prec_macro=0.7430 val_rec_macro=0.7237 val_metric_name=acc val_metric=0.7917
Step 2100 | loss 0.0100 | val_acc=0.7908 val_loss=1.5145 val_f1_macro=0.7301 val_f1_weighted=0.7878 val_prec_macro=0.7398 val_rec_macro=0.7233 val_metric_name=acc val_metric=0.7908
Step 2150 | loss 0.0100 | val_acc=0.7915 val_loss=1.5194 val_f1_macro=0.7314 val_f1_weighted=0.7886 val_prec_macro=0.7426 val_rec_macro=0.7234 val_metric_name=acc val_metric=0.7915
Early stopping at step 2170

--- Final (best ckpt @ step 1870) ---
  train_acc=0.9996 train_loss=0.0010 train_f1_macro=0.9996 train_f1_weighted=0.9996 train_prec_macro=0.9996 train_rec_macro=0.9996 train_metric_name=acc train_metric=0.9996
  val_acc=0.7944 val_loss=1.4675 val_f1_macro=0.7344 val_f1_weighted=0.7909 val_prec_macro=0.7451 val_rec_macro=0.7271 val_metric_name=acc val_metric=0.7944
  test_acc=0.7891 test_loss=1.4166 test_f1_macro=0.7358 test_f1_weighted=0.7856 test_prec_macro=0.7426 test_rec_macro=0.7314 test_metric_name=acc test_metric=0.7891
  test_acc=0.7891

============================================================
Training roman-empire SAGE 1L h=384 lr=0.0001 split=3
============================================================
Training for 5000 steps
Step    1 | loss 2.9203 | val_acc=0.2404 val_loss=2.6217 val_f1_macro=0.0815 val_f1_weighted=0.1747 val_prec_macro=0.0976 val_rec_macro=0.1140 val_metric_name=acc val_metric=0.2404
Step   50 | loss 1.0967 | val_acc=0.6736 val_loss=1.0360 val_f1_macro=0.5168 val_f1_weighted=0.6399 val_prec_macro=0.5653 val_rec_macro=0.5133 val_metric_name=acc val_metric=0.6736
Step  100 | loss 0.8063 | val_acc=0.7319 val_loss=0.8376 val_f1_macro=0.6106 val_f1_weighted=0.7122 val_prec_macro=0.6591 val_rec_macro=0.6118 val_metric_name=acc val_metric=0.7319
Step  150 | loss 0.6393 | val_acc=0.7545 val_loss=0.7621 val_f1_macro=0.6559 val_f1_weighted=0.7422 val_prec_macro=0.6714 val_rec_macro=0.6530 val_metric_name=acc val_metric=0.7545
Step  200 | loss 0.5082 | val_acc=0.7723 val_loss=0.7326 val_f1_macro=0.6871 val_f1_weighted=0.7628 val_prec_macro=0.7035 val_rec_macro=0.6848 val_metric_name=acc val_metric=0.7723
Step  250 | loss 0.3938 | val_acc=0.7804 val_loss=0.7354 val_f1_macro=0.7002 val_f1_weighted=0.7727 val_prec_macro=0.7143 val_rec_macro=0.6951 val_metric_name=acc val_metric=0.7804
Step  300 | loss 0.2887 | val_acc=0.7843 val_loss=0.7755 val_f1_macro=0.7106 val_f1_weighted=0.7781 val_prec_macro=0.7295 val_rec_macro=0.7025 val_metric_name=acc val_metric=0.7843
Step  350 | loss 0.2131 | val_acc=0.7841 val_loss=0.8373 val_f1_macro=0.7161 val_f1_weighted=0.7804 val_prec_macro=0.7273 val_rec_macro=0.7094 val_metric_name=acc val_metric=0.7841
Step  400 | loss 0.1603 | val_acc=0.7862 val_loss=0.9054 val_f1_macro=0.7192 val_f1_weighted=0.7820 val_prec_macro=0.7312 val_rec_macro=0.7116 val_metric_name=acc val_metric=0.7862
Step  450 | loss 0.1172 | val_acc=0.7878 val_loss=0.9725 val_f1_macro=0.7245 val_f1_weighted=0.7847 val_prec_macro=0.7377 val_rec_macro=0.7152 val_metric_name=acc val_metric=0.7878
Step  500 | loss 0.0927 | val_acc=0.7866 val_loss=1.0296 val_f1_macro=0.7211 val_f1_weighted=0.7830 val_prec_macro=0.7343 val_rec_macro=0.7124 val_metric_name=acc val_metric=0.7866
Step  550 | loss 0.0749 | val_acc=0.7887 val_loss=1.0811 val_f1_macro=0.7264 val_f1_weighted=0.7857 val_prec_macro=0.7398 val_rec_macro=0.7173 val_metric_name=acc val_metric=0.7887
Step  600 | loss 0.0590 | val_acc=0.7896 val_loss=1.1341 val_f1_macro=0.7256 val_f1_weighted=0.7862 val_prec_macro=0.7371 val_rec_macro=0.7176 val_metric_name=acc val_metric=0.7896
Step  650 | loss 0.0489 | val_acc=0.7891 val_loss=1.1790 val_f1_macro=0.7258 val_f1_weighted=0.7857 val_prec_macro=0.7385 val_rec_macro=0.7170 val_metric_name=acc val_metric=0.7891
Step  700 | loss 0.0405 | val_acc=0.7882 val_loss=1.2193 val_f1_macro=0.7271 val_f1_weighted=0.7848 val_prec_macro=0.7403 val_rec_macro=0.7178 val_metric_name=acc val_metric=0.7882
Step  750 | loss 0.0325 | val_acc=0.7919 val_loss=1.2469 val_f1_macro=0.7321 val_f1_weighted=0.7890 val_prec_macro=0.7422 val_rec_macro=0.7251 val_metric_name=acc val_metric=0.7919
Step  800 | loss 0.0289 | val_acc=0.7899 val_loss=1.2915 val_f1_macro=0.7295 val_f1_weighted=0.7863 val_prec_macro=0.7397 val_rec_macro=0.7226 val_metric_name=acc val_metric=0.7899
Step  850 | loss 0.0269 | val_acc=0.7905 val_loss=1.3101 val_f1_macro=0.7294 val_f1_weighted=0.7877 val_prec_macro=0.7383 val_rec_macro=0.7229 val_metric_name=acc val_metric=0.7905
Step  900 | loss 0.0213 | val_acc=0.7894 val_loss=1.3446 val_f1_macro=0.7286 val_f1_weighted=0.7864 val_prec_macro=0.7391 val_rec_macro=0.7212 val_metric_name=acc val_metric=0.7894
Step  950 | loss 0.0197 | val_acc=0.7906 val_loss=1.3681 val_f1_macro=0.7309 val_f1_weighted=0.7878 val_prec_macro=0.7398 val_rec_macro=0.7247 val_metric_name=acc val_metric=0.7906
Step 1000 | loss 0.0183 | val_acc=0.7894 val_loss=1.3889 val_f1_macro=0.7295 val_f1_weighted=0.7863 val_prec_macro=0.7406 val_rec_macro=0.7217 val_metric_name=acc val_metric=0.7894
Step 1050 | loss 0.0143 | val_acc=0.7903 val_loss=1.4114 val_f1_macro=0.7300 val_f1_weighted=0.7870 val_prec_macro=0.7388 val_rec_macro=0.7241 val_metric_name=acc val_metric=0.7903
Step 1100 | loss 0.0136 | val_acc=0.7914 val_loss=1.4312 val_f1_macro=0.7316 val_f1_weighted=0.7884 val_prec_macro=0.7402 val_rec_macro=0.7255 val_metric_name=acc val_metric=0.7914
Step 1150 | loss 0.0136 | val_acc=0.7908 val_loss=1.4574 val_f1_macro=0.7290 val_f1_weighted=0.7879 val_prec_macro=0.7372 val_rec_macro=0.7233 val_metric_name=acc val_metric=0.7908
Step 1200 | loss 0.0131 | val_acc=0.7898 val_loss=1.4739 val_f1_macro=0.7297 val_f1_weighted=0.7868 val_prec_macro=0.7380 val_rec_macro=0.7238 val_metric_name=acc val_metric=0.7898
Step 1250 | loss 0.0120 | val_acc=0.7894 val_loss=1.4905 val_f1_macro=0.7287 val_f1_weighted=0.7864 val_prec_macro=0.7383 val_rec_macro=0.7218 val_metric_name=acc val_metric=0.7894
Step 1300 | loss 0.0116 | val_acc=0.7889 val_loss=1.5013 val_f1_macro=0.7273 val_f1_weighted=0.7858 val_prec_macro=0.7377 val_rec_macro=0.7197 val_metric_name=acc val_metric=0.7889
Step 1350 | loss 0.0100 | val_acc=0.7899 val_loss=1.5161 val_f1_macro=0.7295 val_f1_weighted=0.7871 val_prec_macro=0.7378 val_rec_macro=0.7235 val_metric_name=acc val_metric=0.7899
Step 1400 | loss 0.0091 | val_acc=0.7910 val_loss=1.5242 val_f1_macro=0.7327 val_f1_weighted=0.7883 val_prec_macro=0.7416 val_rec_macro=0.7263 val_metric_name=acc val_metric=0.7910
Step 1450 | loss 0.0088 | val_acc=0.7898 val_loss=1.5464 val_f1_macro=0.7290 val_f1_weighted=0.7866 val_prec_macro=0.7383 val_rec_macro=0.7221 val_metric_name=acc val_metric=0.7898
Step 1500 | loss 0.0074 | val_acc=0.7903 val_loss=1.5679 val_f1_macro=0.7290 val_f1_weighted=0.7873 val_prec_macro=0.7388 val_rec_macro=0.7219 val_metric_name=acc val_metric=0.7903
Step 1550 | loss 0.0080 | val_acc=0.7915 val_loss=1.5858 val_f1_macro=0.7294 val_f1_weighted=0.7879 val_prec_macro=0.7399 val_rec_macro=0.7223 val_metric_name=acc val_metric=0.7915
Step 1600 | loss 0.0078 | val_acc=0.7908 val_loss=1.5974 val_f1_macro=0.7309 val_f1_weighted=0.7874 val_prec_macro=0.7410 val_rec_macro=0.7242 val_metric_name=acc val_metric=0.7908
Step 1650 | loss 0.0068 | val_acc=0.7889 val_loss=1.5956 val_f1_macro=0.7263 val_f1_weighted=0.7857 val_prec_macro=0.7358 val_rec_macro=0.7197 val_metric_name=acc val_metric=0.7889
Early stopping at step 1666

--- Final (best ckpt @ step 1360) ---
  train_acc=0.9996 train_loss=0.0009 train_f1_macro=0.9996 train_f1_weighted=0.9996 train_prec_macro=0.9996 train_rec_macro=0.9996 train_metric_name=acc train_metric=0.9996
  val_acc=0.7931 val_loss=1.5222 val_f1_macro=0.7320 val_f1_weighted=0.7899 val_prec_macro=0.7417 val_rec_macro=0.7249 val_metric_name=acc val_metric=0.7931
  test_acc=0.7910 test_loss=1.4644 test_f1_macro=0.7366 test_f1_weighted=0.7880 test_prec_macro=0.7423 test_rec_macro=0.7328 test_metric_name=acc test_metric=0.7910
  test_acc=0.7910

============================================================
Training roman-empire SAGE 1L h=384 lr=1e-05 split=3
============================================================
Training for 5000 steps
Step    1 | loss 2.9203 | val_acc=0.0736 val_loss=2.8688 val_f1_macro=0.0294 val_f1_weighted=0.0502 val_prec_macro=0.0324 val_rec_macro=0.0477 val_metric_name=acc val_metric=0.0736
Step   50 | loss 2.2425 | val_acc=0.4461 val_loss=2.0545 val_f1_macro=0.1936 val_f1_weighted=0.3606 val_prec_macro=0.1913 val_rec_macro=0.2272 val_metric_name=acc val_metric=0.4461
Step  100 | loss 1.8844 | val_acc=0.5169 val_loss=1.6686 val_f1_macro=0.2455 val_f1_weighted=0.4321 val_prec_macro=0.2581 val_rec_macro=0.2785 val_metric_name=acc val_metric=0.5169
Step  150 | loss 1.6377 | val_acc=0.5576 val_loss=1.4373 val_f1_macro=0.3178 val_f1_weighted=0.4837 val_prec_macro=0.3614 val_rec_macro=0.3344 val_metric_name=acc val_metric=0.5576
Step  200 | loss 1.4707 | val_acc=0.5961 val_loss=1.2866 val_f1_macro=0.3925 val_f1_weighted=0.5364 val_prec_macro=0.5264 val_rec_macro=0.3933 val_metric_name=acc val_metric=0.5961
Step  250 | loss 1.3411 | val_acc=0.6293 val_loss=1.1851 val_f1_macro=0.4488 val_f1_weighted=0.5805 val_prec_macro=0.5408 val_rec_macro=0.4464 val_metric_name=acc val_metric=0.6293
Step  300 | loss 1.2512 | val_acc=0.6478 val_loss=1.1136 val_f1_macro=0.4731 val_f1_weighted=0.6034 val_prec_macro=0.5419 val_rec_macro=0.4725 val_metric_name=acc val_metric=0.6478
Step  350 | loss 1.1694 | val_acc=0.6646 val_loss=1.0607 val_f1_macro=0.4982 val_f1_weighted=0.6258 val_prec_macro=0.5635 val_rec_macro=0.4955 val_metric_name=acc val_metric=0.6646
Step  400 | loss 1.1032 | val_acc=0.6780 val_loss=1.0176 val_f1_macro=0.5195 val_f1_weighted=0.6428 val_prec_macro=0.5738 val_rec_macro=0.5167 val_metric_name=acc val_metric=0.6780
Step  450 | loss 1.0510 | val_acc=0.6913 val_loss=0.9819 val_f1_macro=0.5451 val_f1_weighted=0.6592 val_prec_macro=0.5834 val_rec_macro=0.5453 val_metric_name=acc val_metric=0.6913
Step  500 | loss 1.0129 | val_acc=0.6985 val_loss=0.9512 val_f1_macro=0.5568 val_f1_weighted=0.6687 val_prec_macro=0.6400 val_rec_macro=0.5580 val_metric_name=acc val_metric=0.6985
Step  550 | loss 0.9747 | val_acc=0.7050 val_loss=0.9255 val_f1_macro=0.5676 val_f1_weighted=0.6772 val_prec_macro=0.6472 val_rec_macro=0.5685 val_metric_name=acc val_metric=0.7050
Step  600 | loss 0.9278 | val_acc=0.7132 val_loss=0.9019 val_f1_macro=0.5795 val_f1_weighted=0.6874 val_prec_macro=0.6270 val_rec_macro=0.5813 val_metric_name=acc val_metric=0.7132
Step  650 | loss 0.8992 | val_acc=0.7183 val_loss=0.8806 val_f1_macro=0.5882 val_f1_weighted=0.6942 val_prec_macro=0.6326 val_rec_macro=0.5900 val_metric_name=acc val_metric=0.7183
Step  700 | loss 0.8704 | val_acc=0.7243 val_loss=0.8627 val_f1_macro=0.5966 val_f1_weighted=0.7015 val_prec_macro=0.6472 val_rec_macro=0.5979 val_metric_name=acc val_metric=0.7243
Step  750 | loss 0.8397 | val_acc=0.7287 val_loss=0.8462 val_f1_macro=0.6070 val_f1_weighted=0.7080 val_prec_macro=0.6608 val_rec_macro=0.6061 val_metric_name=acc val_metric=0.7287
Step  800 | loss 0.8144 | val_acc=0.7333 val_loss=0.8318 val_f1_macro=0.6125 val_f1_weighted=0.7135 val_prec_macro=0.6648 val_rec_macro=0.6118 val_metric_name=acc val_metric=0.7333
Step  850 | loss 0.7886 | val_acc=0.7357 val_loss=0.8194 val_f1_macro=0.6203 val_f1_weighted=0.7173 val_prec_macro=0.6663 val_rec_macro=0.6179 val_metric_name=acc val_metric=0.7357
Step  900 | loss 0.7621 | val_acc=0.7386 val_loss=0.8075 val_f1_macro=0.6248 val_f1_weighted=0.7216 val_prec_macro=0.6600 val_rec_macro=0.6233 val_metric_name=acc val_metric=0.7386
Step  950 | loss 0.7468 | val_acc=0.7410 val_loss=0.7981 val_f1_macro=0.6301 val_f1_weighted=0.7247 val_prec_macro=0.6662 val_rec_macro=0.6267 val_metric_name=acc val_metric=0.7410
Step 1000 | loss 0.7272 | val_acc=0.7456 val_loss=0.7882 val_f1_macro=0.6383 val_f1_weighted=0.7303 val_prec_macro=0.6749 val_rec_macro=0.6334 val_metric_name=acc val_metric=0.7456
Step 1050 | loss 0.7015 | val_acc=0.7492 val_loss=0.7801 val_f1_macro=0.6449 val_f1_weighted=0.7348 val_prec_macro=0.6715 val_rec_macro=0.6409 val_metric_name=acc val_metric=0.7492
Step 1100 | loss 0.6831 | val_acc=0.7495 val_loss=0.7726 val_f1_macro=0.6464 val_f1_weighted=0.7358 val_prec_macro=0.6703 val_rec_macro=0.6425 val_metric_name=acc val_metric=0.7495
Step 1150 | loss 0.6644 | val_acc=0.7525 val_loss=0.7653 val_f1_macro=0.6516 val_f1_weighted=0.7392 val_prec_macro=0.6730 val_rec_macro=0.6478 val_metric_name=acc val_metric=0.7525
Step 1200 | loss 0.6466 | val_acc=0.7552 val_loss=0.7591 val_f1_macro=0.6569 val_f1_weighted=0.7425 val_prec_macro=0.6760 val_rec_macro=0.6530 val_metric_name=acc val_metric=0.7552
Step 1250 | loss 0.6285 | val_acc=0.7559 val_loss=0.7524 val_f1_macro=0.6611 val_f1_weighted=0.7440 val_prec_macro=0.6791 val_rec_macro=0.6566 val_metric_name=acc val_metric=0.7559
Step 1300 | loss 0.6090 | val_acc=0.7585 val_loss=0.7480 val_f1_macro=0.6642 val_f1_weighted=0.7468 val_prec_macro=0.6808 val_rec_macro=0.6597 val_metric_name=acc val_metric=0.7585
Step 1350 | loss 0.5967 | val_acc=0.7598 val_loss=0.7432 val_f1_macro=0.6659 val_f1_weighted=0.7482 val_prec_macro=0.6805 val_rec_macro=0.6617 val_metric_name=acc val_metric=0.7598
Step 1400 | loss 0.5784 | val_acc=0.7635 val_loss=0.7386 val_f1_macro=0.6731 val_f1_weighted=0.7524 val_prec_macro=0.6942 val_rec_macro=0.6691 val_metric_name=acc val_metric=0.7635
Step 1450 | loss 0.5601 | val_acc=0.7638 val_loss=0.7354 val_f1_macro=0.6742 val_f1_weighted=0.7530 val_prec_macro=0.6929 val_rec_macro=0.6716 val_metric_name=acc val_metric=0.7638
Step 1500 | loss 0.5421 | val_acc=0.7659 val_loss=0.7327 val_f1_macro=0.6788 val_f1_weighted=0.7552 val_prec_macro=0.7040 val_rec_macro=0.6741 val_metric_name=acc val_metric=0.7659
Step 1550 | loss 0.5224 | val_acc=0.7698 val_loss=0.7299 val_f1_macro=0.6838 val_f1_weighted=0.7596 val_prec_macro=0.7083 val_rec_macro=0.6791 val_metric_name=acc val_metric=0.7698
Step 1600 | loss 0.5106 | val_acc=0.7728 val_loss=0.7273 val_f1_macro=0.6877 val_f1_weighted=0.7631 val_prec_macro=0.7099 val_rec_macro=0.6829 val_metric_name=acc val_metric=0.7728
Step 1650 | loss 0.5024 | val_acc=0.7749 val_loss=0.7254 val_f1_macro=0.6884 val_f1_weighted=0.7651 val_prec_macro=0.7111 val_rec_macro=0.6833 val_metric_name=acc val_metric=0.7749
Step 1700 | loss 0.4863 | val_acc=0.7755 val_loss=0.7245 val_f1_macro=0.6896 val_f1_weighted=0.7659 val_prec_macro=0.7098 val_rec_macro=0.6849 val_metric_name=acc val_metric=0.7755
Step 1750 | loss 0.4654 | val_acc=0.7771 val_loss=0.7235 val_f1_macro=0.6926 val_f1_weighted=0.7681 val_prec_macro=0.7119 val_rec_macro=0.6873 val_metric_name=acc val_metric=0.7771
Step 1800 | loss 0.4437 | val_acc=0.7778 val_loss=0.7239 val_f1_macro=0.6939 val_f1_weighted=0.7690 val_prec_macro=0.7113 val_rec_macro=0.6888 val_metric_name=acc val_metric=0.7778
Step 1850 | loss 0.4381 | val_acc=0.7783 val_loss=0.7240 val_f1_macro=0.6957 val_f1_weighted=0.7700 val_prec_macro=0.7128 val_rec_macro=0.6901 val_metric_name=acc val_metric=0.7783
Step 1900 | loss 0.4196 | val_acc=0.7795 val_loss=0.7259 val_f1_macro=0.6971 val_f1_weighted=0.7712 val_prec_macro=0.7142 val_rec_macro=0.6912 val_metric_name=acc val_metric=0.7795
Step 1950 | loss 0.4075 | val_acc=0.7809 val_loss=0.7278 val_f1_macro=0.6999 val_f1_weighted=0.7729 val_prec_macro=0.7155 val_rec_macro=0.6942 val_metric_name=acc val_metric=0.7809
Step 2000 | loss 0.3943 | val_acc=0.7816 val_loss=0.7292 val_f1_macro=0.7003 val_f1_weighted=0.7738 val_prec_macro=0.7152 val_rec_macro=0.6944 val_metric_name=acc val_metric=0.7816
Step 2050 | loss 0.3801 | val_acc=0.7816 val_loss=0.7325 val_f1_macro=0.7009 val_f1_weighted=0.7739 val_prec_macro=0.7167 val_rec_macro=0.6946 val_metric_name=acc val_metric=0.7816
Step 2100 | loss 0.3688 | val_acc=0.7818 val_loss=0.7353 val_f1_macro=0.7012 val_f1_weighted=0.7743 val_prec_macro=0.7156 val_rec_macro=0.6955 val_metric_name=acc val_metric=0.7818
Step 2150 | loss 0.3544 | val_acc=0.7815 val_loss=0.7393 val_f1_macro=0.7034 val_f1_weighted=0.7742 val_prec_macro=0.7193 val_rec_macro=0.6967 val_metric_name=acc val_metric=0.7815
Step 2200 | loss 0.3361 | val_acc=0.7823 val_loss=0.7440 val_f1_macro=0.7053 val_f1_weighted=0.7755 val_prec_macro=0.7222 val_rec_macro=0.6974 val_metric_name=acc val_metric=0.7823
Step 2250 | loss 0.3294 | val_acc=0.7818 val_loss=0.7487 val_f1_macro=0.7049 val_f1_weighted=0.7752 val_prec_macro=0.7215 val_rec_macro=0.6966 val_metric_name=acc val_metric=0.7818
Step 2300 | loss 0.3079 | val_acc=0.7825 val_loss=0.7546 val_f1_macro=0.7076 val_f1_weighted=0.7761 val_prec_macro=0.7241 val_rec_macro=0.7005 val_metric_name=acc val_metric=0.7825
Step 2350 | loss 0.3039 | val_acc=0.7827 val_loss=0.7603 val_f1_macro=0.7092 val_f1_weighted=0.7766 val_prec_macro=0.7278 val_rec_macro=0.7006 val_metric_name=acc val_metric=0.7827
Step 2400 | loss 0.2942 | val_acc=0.7841 val_loss=0.7666 val_f1_macro=0.7114 val_f1_weighted=0.7783 val_prec_macro=0.7303 val_rec_macro=0.7022 val_metric_name=acc val_metric=0.7841
Step 2450 | loss 0.2809 | val_acc=0.7852 val_loss=0.7730 val_f1_macro=0.7130 val_f1_weighted=0.7794 val_prec_macro=0.7338 val_rec_macro=0.7027 val_metric_name=acc val_metric=0.7852
Step 2500 | loss 0.2700 | val_acc=0.7841 val_loss=0.7794 val_f1_macro=0.7118 val_f1_weighted=0.7785 val_prec_macro=0.7309 val_rec_macro=0.7024 val_metric_name=acc val_metric=0.7841
Step 2550 | loss 0.2589 | val_acc=0.7859 val_loss=0.7871 val_f1_macro=0.7142 val_f1_weighted=0.7806 val_prec_macro=0.7320 val_rec_macro=0.7042 val_metric_name=acc val_metric=0.7859
Step 2600 | loss 0.2515 | val_acc=0.7861 val_loss=0.7946 val_f1_macro=0.7131 val_f1_weighted=0.7806 val_prec_macro=0.7294 val_rec_macro=0.7039 val_metric_name=acc val_metric=0.7861
Step 2650 | loss 0.2396 | val_acc=0.7866 val_loss=0.8034 val_f1_macro=0.7148 val_f1_weighted=0.7815 val_prec_macro=0.7308 val_rec_macro=0.7060 val_metric_name=acc val_metric=0.7866
Step 2700 | loss 0.2331 | val_acc=0.7861 val_loss=0.8108 val_f1_macro=0.7148 val_f1_weighted=0.7813 val_prec_macro=0.7313 val_rec_macro=0.7052 val_metric_name=acc val_metric=0.7861
Step 2750 | loss 0.2215 | val_acc=0.7855 val_loss=0.8183 val_f1_macro=0.7152 val_f1_weighted=0.7808 val_prec_macro=0.7312 val_rec_macro=0.7065 val_metric_name=acc val_metric=0.7855
Step 2800 | loss 0.2154 | val_acc=0.7859 val_loss=0.8266 val_f1_macro=0.7151 val_f1_weighted=0.7814 val_prec_macro=0.7310 val_rec_macro=0.7057 val_metric_name=acc val_metric=0.7859
Step 2850 | loss 0.2050 | val_acc=0.7855 val_loss=0.8353 val_f1_macro=0.7137 val_f1_weighted=0.7810 val_prec_macro=0.7277 val_rec_macro=0.7052 val_metric_name=acc val_metric=0.7855
Step 2900 | loss 0.2003 | val_acc=0.7852 val_loss=0.8423 val_f1_macro=0.7134 val_f1_weighted=0.7809 val_prec_macro=0.7282 val_rec_macro=0.7041 val_metric_name=acc val_metric=0.7852
Early stopping at step 2921

--- Final (best ckpt @ step 2620) ---
  train_acc=0.9567 train_loss=0.1348 train_f1_macro=0.9429 train_f1_weighted=0.9561 train_prec_macro=0.9574 train_rec_macro=0.9334 train_metric_name=acc train_metric=0.9567
  val_acc=0.7873 val_loss=0.7983 val_f1_macro=0.7150 val_f1_weighted=0.7821 val_prec_macro=0.7315 val_rec_macro=0.7062 val_metric_name=acc val_metric=0.7873
  test_acc=0.7843 test_loss=0.7863 test_f1_macro=0.7214 test_f1_weighted=0.7788 test_prec_macro=0.7359 test_rec_macro=0.7139 test_metric_name=acc test_metric=0.7843
  test_acc=0.7843

============================================================
Training roman-empire SAGE 1L h=512 lr=3e-05 split=3
============================================================
Training for 5000 steps
Step    1 | loss 3.0539 | val_acc=0.1077 val_loss=2.9208 val_f1_macro=0.0475 val_f1_weighted=0.0702 val_prec_macro=0.0566 val_rec_macro=0.0646 val_metric_name=acc val_metric=0.1077
Step   50 | loss 1.5063 | val_acc=0.5790 val_loss=1.3382 val_f1_macro=0.3472 val_f1_weighted=0.5109 val_prec_macro=0.4880 val_rec_macro=0.3575 val_metric_name=acc val_metric=0.5790
Step  100 | loss 1.1284 | val_acc=0.6733 val_loss=1.0438 val_f1_macro=0.5152 val_f1_weighted=0.6342 val_prec_macro=0.5580 val_rec_macro=0.5207 val_metric_name=acc val_metric=0.6733
Step  150 | loss 0.9578 | val_acc=0.7070 val_loss=0.9302 val_f1_macro=0.5693 val_f1_weighted=0.6797 val_prec_macro=0.6446 val_rec_macro=0.5746 val_metric_name=acc val_metric=0.7070
Step  200 | loss 0.8365 | val_acc=0.7246 val_loss=0.8602 val_f1_macro=0.6003 val_f1_weighted=0.7028 val_prec_macro=0.6488 val_rec_macro=0.6033 val_metric_name=acc val_metric=0.7246
Step  250 | loss 0.7509 | val_acc=0.7345 val_loss=0.8162 val_f1_macro=0.6191 val_f1_weighted=0.7162 val_prec_macro=0.6527 val_rec_macro=0.6192 val_metric_name=acc val_metric=0.7345
Step  300 | loss 0.6807 | val_acc=0.7458 val_loss=0.7869 val_f1_macro=0.6399 val_f1_weighted=0.7309 val_prec_macro=0.6605 val_rec_macro=0.6392 val_metric_name=acc val_metric=0.7458
Step  350 | loss 0.6137 | val_acc=0.7575 val_loss=0.7658 val_f1_macro=0.6588 val_f1_weighted=0.7447 val_prec_macro=0.6730 val_rec_macro=0.6568 val_metric_name=acc val_metric=0.7575
Step  400 | loss 0.5565 | val_acc=0.7640 val_loss=0.7532 val_f1_macro=0.6733 val_f1_weighted=0.7525 val_prec_macro=0.6851 val_rec_macro=0.6728 val_metric_name=acc val_metric=0.7640
Step  450 | loss 0.4969 | val_acc=0.7696 val_loss=0.7430 val_f1_macro=0.6840 val_f1_weighted=0.7598 val_prec_macro=0.6970 val_rec_macro=0.6828 val_metric_name=acc val_metric=0.7696
Step  500 | loss 0.4489 | val_acc=0.7741 val_loss=0.7402 val_f1_macro=0.6925 val_f1_weighted=0.7654 val_prec_macro=0.7093 val_rec_macro=0.6879 val_metric_name=acc val_metric=0.7741
Step  550 | loss 0.4002 | val_acc=0.7790 val_loss=0.7449 val_f1_macro=0.6997 val_f1_weighted=0.7714 val_prec_macro=0.7181 val_rec_macro=0.6927 val_metric_name=acc val_metric=0.7790
Step  600 | loss 0.3516 | val_acc=0.7804 val_loss=0.7568 val_f1_macro=0.7042 val_f1_weighted=0.7734 val_prec_macro=0.7225 val_rec_macro=0.6965 val_metric_name=acc val_metric=0.7804
Step  650 | loss 0.3105 | val_acc=0.7820 val_loss=0.7734 val_f1_macro=0.7079 val_f1_weighted=0.7755 val_prec_macro=0.7263 val_rec_macro=0.6989 val_metric_name=acc val_metric=0.7820
Step  700 | loss 0.2674 | val_acc=0.7815 val_loss=0.7982 val_f1_macro=0.7064 val_f1_weighted=0.7748 val_prec_macro=0.7262 val_rec_macro=0.6965 val_metric_name=acc val_metric=0.7815
Step  750 | loss 0.2352 | val_acc=0.7839 val_loss=0.8215 val_f1_macro=0.7145 val_f1_weighted=0.7792 val_prec_macro=0.7315 val_rec_macro=0.7041 val_metric_name=acc val_metric=0.7839
Step  800 | loss 0.2040 | val_acc=0.7850 val_loss=0.8487 val_f1_macro=0.7148 val_f1_weighted=0.7798 val_prec_macro=0.7312 val_rec_macro=0.7046 val_metric_name=acc val_metric=0.7850
Step  850 | loss 0.1829 | val_acc=0.7843 val_loss=0.8772 val_f1_macro=0.7130 val_f1_weighted=0.7791 val_prec_macro=0.7277 val_rec_macro=0.7034 val_metric_name=acc val_metric=0.7843
Step  900 | loss 0.1599 | val_acc=0.7866 val_loss=0.9068 val_f1_macro=0.7159 val_f1_weighted=0.7818 val_prec_macro=0.7308 val_rec_macro=0.7061 val_metric_name=acc val_metric=0.7866
Step  950 | loss 0.1407 | val_acc=0.7871 val_loss=0.9323 val_f1_macro=0.7177 val_f1_weighted=0.7828 val_prec_macro=0.7313 val_rec_macro=0.7085 val_metric_name=acc val_metric=0.7871
Step 1000 | loss 0.1223 | val_acc=0.7861 val_loss=0.9589 val_f1_macro=0.7171 val_f1_weighted=0.7817 val_prec_macro=0.7316 val_rec_macro=0.7075 val_metric_name=acc val_metric=0.7861
Step 1050 | loss 0.1090 | val_acc=0.7883 val_loss=0.9887 val_f1_macro=0.7209 val_f1_weighted=0.7839 val_prec_macro=0.7355 val_rec_macro=0.7106 val_metric_name=acc val_metric=0.7883
Step 1100 | loss 0.0966 | val_acc=0.7880 val_loss=1.0116 val_f1_macro=0.7208 val_f1_weighted=0.7837 val_prec_macro=0.7346 val_rec_macro=0.7112 val_metric_name=acc val_metric=0.7880
Step 1150 | loss 0.0849 | val_acc=0.7889 val_loss=1.0378 val_f1_macro=0.7221 val_f1_weighted=0.7846 val_prec_macro=0.7354 val_rec_macro=0.7129 val_metric_name=acc val_metric=0.7889
Step 1200 | loss 0.0720 | val_acc=0.7880 val_loss=1.0611 val_f1_macro=0.7219 val_f1_weighted=0.7834 val_prec_macro=0.7350 val_rec_macro=0.7127 val_metric_name=acc val_metric=0.7880
Step 1250 | loss 0.0696 | val_acc=0.7880 val_loss=1.0854 val_f1_macro=0.7210 val_f1_weighted=0.7833 val_prec_macro=0.7338 val_rec_macro=0.7120 val_metric_name=acc val_metric=0.7880
Step 1300 | loss 0.0601 | val_acc=0.7903 val_loss=1.1043 val_f1_macro=0.7260 val_f1_weighted=0.7867 val_prec_macro=0.7363 val_rec_macro=0.7186 val_metric_name=acc val_metric=0.7903
Step 1350 | loss 0.0533 | val_acc=0.7912 val_loss=1.1256 val_f1_macro=0.7266 val_f1_weighted=0.7870 val_prec_macro=0.7382 val_rec_macro=0.7182 val_metric_name=acc val_metric=0.7912
Step 1400 | loss 0.0484 | val_acc=0.7910 val_loss=1.1463 val_f1_macro=0.7268 val_f1_weighted=0.7869 val_prec_macro=0.7372 val_rec_macro=0.7193 val_metric_name=acc val_metric=0.7910
Step 1450 | loss 0.0464 | val_acc=0.7905 val_loss=1.1602 val_f1_macro=0.7258 val_f1_weighted=0.7864 val_prec_macro=0.7347 val_rec_macro=0.7196 val_metric_name=acc val_metric=0.7905
Step 1500 | loss 0.0380 | val_acc=0.7914 val_loss=1.1812 val_f1_macro=0.7276 val_f1_weighted=0.7872 val_prec_macro=0.7378 val_rec_macro=0.7202 val_metric_name=acc val_metric=0.7914
Step 1550 | loss 0.0415 | val_acc=0.7914 val_loss=1.2007 val_f1_macro=0.7278 val_f1_weighted=0.7873 val_prec_macro=0.7369 val_rec_macro=0.7213 val_metric_name=acc val_metric=0.7914
Step 1600 | loss 0.0318 | val_acc=0.7903 val_loss=1.2158 val_f1_macro=0.7267 val_f1_weighted=0.7862 val_prec_macro=0.7353 val_rec_macro=0.7204 val_metric_name=acc val_metric=0.7903
Step 1650 | loss 0.0303 | val_acc=0.7896 val_loss=1.2278 val_f1_macro=0.7274 val_f1_weighted=0.7857 val_prec_macro=0.7358 val_rec_macro=0.7212 val_metric_name=acc val_metric=0.7896
Step 1700 | loss 0.0287 | val_acc=0.7912 val_loss=1.2442 val_f1_macro=0.7270 val_f1_weighted=0.7871 val_prec_macro=0.7364 val_rec_macro=0.7200 val_metric_name=acc val_metric=0.7912
Step 1750 | loss 0.0275 | val_acc=0.7919 val_loss=1.2603 val_f1_macro=0.7293 val_f1_weighted=0.7877 val_prec_macro=0.7391 val_rec_macro=0.7221 val_metric_name=acc val_metric=0.7919
Step 1800 | loss 0.0242 | val_acc=0.7914 val_loss=1.2775 val_f1_macro=0.7282 val_f1_weighted=0.7871 val_prec_macro=0.7379 val_rec_macro=0.7209 val_metric_name=acc val_metric=0.7914
Step 1850 | loss 0.0208 | val_acc=0.7910 val_loss=1.2858 val_f1_macro=0.7277 val_f1_weighted=0.7867 val_prec_macro=0.7372 val_rec_macro=0.7207 val_metric_name=acc val_metric=0.7910
Step 1900 | loss 0.0210 | val_acc=0.7906 val_loss=1.2983 val_f1_macro=0.7272 val_f1_weighted=0.7864 val_prec_macro=0.7365 val_rec_macro=0.7202 val_metric_name=acc val_metric=0.7906
Step 1950 | loss 0.0209 | val_acc=0.7903 val_loss=1.3136 val_f1_macro=0.7267 val_f1_weighted=0.7861 val_prec_macro=0.7366 val_rec_macro=0.7191 val_metric_name=acc val_metric=0.7903
Step 2000 | loss 0.0202 | val_acc=0.7896 val_loss=1.3287 val_f1_macro=0.7262 val_f1_weighted=0.7853 val_prec_macro=0.7357 val_rec_macro=0.7193 val_metric_name=acc val_metric=0.7896
Step 2050 | loss 0.0179 | val_acc=0.7914 val_loss=1.3396 val_f1_macro=0.7279 val_f1_weighted=0.7873 val_prec_macro=0.7369 val_rec_macro=0.7214 val_metric_name=acc val_metric=0.7914
Step 2100 | loss 0.0169 | val_acc=0.7917 val_loss=1.3492 val_f1_macro=0.7290 val_f1_weighted=0.7878 val_prec_macro=0.7365 val_rec_macro=0.7235 val_metric_name=acc val_metric=0.7917
Step 2150 | loss 0.0162 | val_acc=0.7912 val_loss=1.3580 val_f1_macro=0.7292 val_f1_weighted=0.7872 val_prec_macro=0.7374 val_rec_macro=0.7229 val_metric_name=acc val_metric=0.7912
Step 2200 | loss 0.0150 | val_acc=0.7903 val_loss=1.3699 val_f1_macro=0.7278 val_f1_weighted=0.7866 val_prec_macro=0.7358 val_rec_macro=0.7215 val_metric_name=acc val_metric=0.7903
Step 2250 | loss 0.0130 | val_acc=0.7915 val_loss=1.3818 val_f1_macro=0.7292 val_f1_weighted=0.7878 val_prec_macro=0.7378 val_rec_macro=0.7225 val_metric_name=acc val_metric=0.7915
Step 2300 | loss 0.0125 | val_acc=0.7898 val_loss=1.3963 val_f1_macro=0.7256 val_f1_weighted=0.7857 val_prec_macro=0.7345 val_rec_macro=0.7189 val_metric_name=acc val_metric=0.7898
Step 2350 | loss 0.0111 | val_acc=0.7912 val_loss=1.4065 val_f1_macro=0.7278 val_f1_weighted=0.7871 val_prec_macro=0.7371 val_rec_macro=0.7209 val_metric_name=acc val_metric=0.7912
Step 2400 | loss 0.0122 | val_acc=0.7896 val_loss=1.4130 val_f1_macro=0.7269 val_f1_weighted=0.7856 val_prec_macro=0.7349 val_rec_macro=0.7208 val_metric_name=acc val_metric=0.7896
Step 2450 | loss 0.0115 | val_acc=0.7919 val_loss=1.4261 val_f1_macro=0.7299 val_f1_weighted=0.7876 val_prec_macro=0.7388 val_rec_macro=0.7232 val_metric_name=acc val_metric=0.7919
Step 2500 | loss 0.0112 | val_acc=0.7903 val_loss=1.4337 val_f1_macro=0.7284 val_f1_weighted=0.7865 val_prec_macro=0.7364 val_rec_macro=0.7223 val_metric_name=acc val_metric=0.7903
Step 2550 | loss 0.0107 | val_acc=0.7898 val_loss=1.4456 val_f1_macro=0.7268 val_f1_weighted=0.7858 val_prec_macro=0.7354 val_rec_macro=0.7201 val_metric_name=acc val_metric=0.7898
Step 2600 | loss 0.0104 | val_acc=0.7901 val_loss=1.4480 val_f1_macro=0.7273 val_f1_weighted=0.7865 val_prec_macro=0.7351 val_rec_macro=0.7213 val_metric_name=acc val_metric=0.7901
Step 2650 | loss 0.0093 | val_acc=0.7892 val_loss=1.4567 val_f1_macro=0.7254 val_f1_weighted=0.7854 val_prec_macro=0.7325 val_rec_macro=0.7202 val_metric_name=acc val_metric=0.7892
Step 2700 | loss 0.0084 | val_acc=0.7892 val_loss=1.4644 val_f1_macro=0.7270 val_f1_weighted=0.7854 val_prec_macro=0.7344 val_rec_macro=0.7214 val_metric_name=acc val_metric=0.7892
Step 2750 | loss 0.0089 | val_acc=0.7912 val_loss=1.4740 val_f1_macro=0.7286 val_f1_weighted=0.7873 val_prec_macro=0.7368 val_rec_macro=0.7223 val_metric_name=acc val_metric=0.7912
Early stopping at step 2770

--- Final (best ckpt @ step 2470) ---
  train_acc=0.9996 train_loss=0.0011 train_f1_macro=0.9996 train_f1_weighted=0.9996 train_prec_macro=0.9997 train_rec_macro=0.9995 train_metric_name=acc train_metric=0.9996
  val_acc=0.7928 val_loss=1.4290 val_f1_macro=0.7300 val_f1_weighted=0.7885 val_prec_macro=0.7391 val_rec_macro=0.7233 val_metric_name=acc val_metric=0.7928
  test_acc=0.7875 test_loss=1.3825 test_f1_macro=0.7317 test_f1_weighted=0.7834 test_prec_macro=0.7383 test_rec_macro=0.7277 test_metric_name=acc test_metric=0.7875
  test_acc=0.7875

============================================================
Training roman-empire SAGE 1L h=512 lr=6e-05 split=3
============================================================
Training for 5000 steps
Step    1 | loss 3.0539 | val_acc=0.1340 val_loss=2.7927 val_f1_macro=0.0457 val_f1_weighted=0.0753 val_prec_macro=0.0604 val_rec_macro=0.0677 val_metric_name=acc val_metric=0.1340
Step   50 | loss 1.1666 | val_acc=0.6620 val_loss=1.0846 val_f1_macro=0.5016 val_f1_weighted=0.6201 val_prec_macro=0.5559 val_rec_macro=0.5095 val_metric_name=acc val_metric=0.6620
Step  100 | loss 0.8714 | val_acc=0.7190 val_loss=0.8813 val_f1_macro=0.5902 val_f1_weighted=0.6966 val_prec_macro=0.6532 val_rec_macro=0.5950 val_metric_name=acc val_metric=0.7190
Step  150 | loss 0.7133 | val_acc=0.7393 val_loss=0.8034 val_f1_macro=0.6274 val_f1_weighted=0.7226 val_prec_macro=0.6508 val_rec_macro=0.6282 val_metric_name=acc val_metric=0.7393
Step  200 | loss 0.5901 | val_acc=0.7594 val_loss=0.7619 val_f1_macro=0.6644 val_f1_weighted=0.7474 val_prec_macro=0.6765 val_rec_macro=0.6638 val_metric_name=acc val_metric=0.7594
Step  250 | loss 0.4873 | val_acc=0.7707 val_loss=0.7442 val_f1_macro=0.6850 val_f1_weighted=0.7615 val_prec_macro=0.6972 val_rec_macro=0.6837 val_metric_name=acc val_metric=0.7707
Step  300 | loss 0.3938 | val_acc=0.7804 val_loss=0.7468 val_f1_macro=0.7013 val_f1_weighted=0.7729 val_prec_macro=0.7170 val_rec_macro=0.6958 val_metric_name=acc val_metric=0.7804
Step  350 | loss 0.3078 | val_acc=0.7818 val_loss=0.7746 val_f1_macro=0.7043 val_f1_weighted=0.7749 val_prec_macro=0.7206 val_rec_macro=0.6973 val_metric_name=acc val_metric=0.7818
Step  400 | loss 0.2362 | val_acc=0.7831 val_loss=0.8215 val_f1_macro=0.7111 val_f1_weighted=0.7769 val_prec_macro=0.7280 val_rec_macro=0.7010 val_metric_name=acc val_metric=0.7831
Step  450 | loss 0.1825 | val_acc=0.7869 val_loss=0.8740 val_f1_macro=0.7166 val_f1_weighted=0.7821 val_prec_macro=0.7302 val_rec_macro=0.7074 val_metric_name=acc val_metric=0.7869
Step  500 | loss 0.1442 | val_acc=0.7861 val_loss=0.9305 val_f1_macro=0.7152 val_f1_weighted=0.7810 val_prec_macro=0.7300 val_rec_macro=0.7053 val_metric_name=acc val_metric=0.7861
Step  550 | loss 0.1158 | val_acc=0.7883 val_loss=0.9790 val_f1_macro=0.7192 val_f1_weighted=0.7840 val_prec_macro=0.7338 val_rec_macro=0.7091 val_metric_name=acc val_metric=0.7883
Step  600 | loss 0.0936 | val_acc=0.7892 val_loss=1.0305 val_f1_macro=0.7212 val_f1_weighted=0.7845 val_prec_macro=0.7339 val_rec_macro=0.7125 val_metric_name=acc val_metric=0.7892
Step  650 | loss 0.0761 | val_acc=0.7899 val_loss=1.0701 val_f1_macro=0.7216 val_f1_weighted=0.7855 val_prec_macro=0.7339 val_rec_macro=0.7127 val_metric_name=acc val_metric=0.7899
Step  700 | loss 0.0581 | val_acc=0.7891 val_loss=1.1150 val_f1_macro=0.7190 val_f1_weighted=0.7841 val_prec_macro=0.7314 val_rec_macro=0.7105 val_metric_name=acc val_metric=0.7891
Step  750 | loss 0.0475 | val_acc=0.7906 val_loss=1.1508 val_f1_macro=0.7256 val_f1_weighted=0.7868 val_prec_macro=0.7361 val_rec_macro=0.7180 val_metric_name=acc val_metric=0.7906
Step  800 | loss 0.0405 | val_acc=0.7914 val_loss=1.1824 val_f1_macro=0.7246 val_f1_weighted=0.7870 val_prec_macro=0.7355 val_rec_macro=0.7168 val_metric_name=acc val_metric=0.7914
Step  850 | loss 0.0364 | val_acc=0.7908 val_loss=1.2129 val_f1_macro=0.7269 val_f1_weighted=0.7866 val_prec_macro=0.7355 val_rec_macro=0.7205 val_metric_name=acc val_metric=0.7908
Step  900 | loss 0.0317 | val_acc=0.7906 val_loss=1.2438 val_f1_macro=0.7271 val_f1_weighted=0.7863 val_prec_macro=0.7364 val_rec_macro=0.7200 val_metric_name=acc val_metric=0.7906
Step  950 | loss 0.0274 | val_acc=0.7922 val_loss=1.2696 val_f1_macro=0.7294 val_f1_weighted=0.7883 val_prec_macro=0.7392 val_rec_macro=0.7219 val_metric_name=acc val_metric=0.7922
Step 1000 | loss 0.0242 | val_acc=0.7898 val_loss=1.2925 val_f1_macro=0.7262 val_f1_weighted=0.7860 val_prec_macro=0.7349 val_rec_macro=0.7199 val_metric_name=acc val_metric=0.7898
Step 1050 | loss 0.0205 | val_acc=0.7898 val_loss=1.3170 val_f1_macro=0.7265 val_f1_weighted=0.7859 val_prec_macro=0.7365 val_rec_macro=0.7191 val_metric_name=acc val_metric=0.7898
Step 1100 | loss 0.0195 | val_acc=0.7903 val_loss=1.3352 val_f1_macro=0.7267 val_f1_weighted=0.7866 val_prec_macro=0.7359 val_rec_macro=0.7198 val_metric_name=acc val_metric=0.7903
Step 1150 | loss 0.0167 | val_acc=0.7901 val_loss=1.3571 val_f1_macro=0.7258 val_f1_weighted=0.7861 val_prec_macro=0.7349 val_rec_macro=0.7192 val_metric_name=acc val_metric=0.7901
Step 1200 | loss 0.0140 | val_acc=0.7905 val_loss=1.3727 val_f1_macro=0.7256 val_f1_weighted=0.7862 val_prec_macro=0.7340 val_rec_macro=0.7197 val_metric_name=acc val_metric=0.7905
Step 1250 | loss 0.0145 | val_acc=0.7912 val_loss=1.3957 val_f1_macro=0.7282 val_f1_weighted=0.7871 val_prec_macro=0.7370 val_rec_macro=0.7214 val_metric_name=acc val_metric=0.7912
Early stopping at step 1287

--- Final (best ckpt @ step 860) ---
  train_acc=0.9994 train_loss=0.0038 train_f1_macro=0.9991 train_f1_weighted=0.9994 train_prec_macro=0.9992 train_rec_macro=0.9989 train_metric_name=acc train_metric=0.9994
  val_acc=0.7933 val_loss=1.2150 val_f1_macro=0.7287 val_f1_weighted=0.7896 val_prec_macro=0.7385 val_rec_macro=0.7212 val_metric_name=acc val_metric=0.7933
  test_acc=0.7880 test_loss=1.1725 test_f1_macro=0.7328 test_f1_weighted=0.7845 test_prec_macro=0.7415 test_rec_macro=0.7272 test_metric_name=acc test_metric=0.7880
  test_acc=0.7880

============================================================
Training roman-empire SAGE 1L h=512 lr=0.0001 split=3
============================================================
Training for 5000 steps
Step    1 | loss 3.0539 | val_acc=0.1456 val_loss=2.6551 val_f1_macro=0.0367 val_f1_weighted=0.0699 val_prec_macro=0.0625 val_rec_macro=0.0657 val_metric_name=acc val_metric=0.1456
Step   50 | loss 0.9808 | val_acc=0.6994 val_loss=0.9675 val_f1_macro=0.5559 val_f1_weighted=0.6704 val_prec_macro=0.5778 val_rec_macro=0.5626 val_metric_name=acc val_metric=0.6994
Step  100 | loss 0.7019 | val_acc=0.7393 val_loss=0.8026 val_f1_macro=0.6276 val_f1_weighted=0.7235 val_prec_macro=0.6496 val_rec_macro=0.6278 val_metric_name=acc val_metric=0.7393
Step  150 | loss 0.5273 | val_acc=0.7649 val_loss=0.7503 val_f1_macro=0.6771 val_f1_weighted=0.7548 val_prec_macro=0.6871 val_rec_macro=0.6779 val_metric_name=acc val_metric=0.7649
Step  200 | loss 0.3740 | val_acc=0.7790 val_loss=0.7508 val_f1_macro=0.7002 val_f1_weighted=0.7716 val_prec_macro=0.7161 val_rec_macro=0.6950 val_metric_name=acc val_metric=0.7790
Step  250 | loss 0.2558 | val_acc=0.7802 val_loss=0.8129 val_f1_macro=0.7078 val_f1_weighted=0.7739 val_prec_macro=0.7238 val_rec_macro=0.6981 val_metric_name=acc val_metric=0.7802
Step  300 | loss 0.1707 | val_acc=0.7859 val_loss=0.8933 val_f1_macro=0.7154 val_f1_weighted=0.7813 val_prec_macro=0.7284 val_rec_macro=0.7064 val_metric_name=acc val_metric=0.7859
Step  350 | loss 0.1200 | val_acc=0.7869 val_loss=0.9804 val_f1_macro=0.7175 val_f1_weighted=0.7821 val_prec_macro=0.7290 val_rec_macro=0.7098 val_metric_name=acc val_metric=0.7869
Step  400 | loss 0.0823 | val_acc=0.7880 val_loss=1.0598 val_f1_macro=0.7187 val_f1_weighted=0.7833 val_prec_macro=0.7304 val_rec_macro=0.7106 val_metric_name=acc val_metric=0.7880
Step  450 | loss 0.0603 | val_acc=0.7876 val_loss=1.1210 val_f1_macro=0.7221 val_f1_weighted=0.7838 val_prec_macro=0.7323 val_rec_macro=0.7146 val_metric_name=acc val_metric=0.7876
Step  500 | loss 0.0460 | val_acc=0.7901 val_loss=1.1812 val_f1_macro=0.7240 val_f1_weighted=0.7858 val_prec_macro=0.7326 val_rec_macro=0.7182 val_metric_name=acc val_metric=0.7901
Step  550 | loss 0.0365 | val_acc=0.7876 val_loss=1.2276 val_f1_macro=0.7223 val_f1_weighted=0.7836 val_prec_macro=0.7314 val_rec_macro=0.7156 val_metric_name=acc val_metric=0.7876
Step  600 | loss 0.0291 | val_acc=0.7905 val_loss=1.2728 val_f1_macro=0.7236 val_f1_weighted=0.7863 val_prec_macro=0.7337 val_rec_macro=0.7163 val_metric_name=acc val_metric=0.7905
Step  650 | loss 0.0229 | val_acc=0.7903 val_loss=1.3065 val_f1_macro=0.7270 val_f1_weighted=0.7860 val_prec_macro=0.7361 val_rec_macro=0.7204 val_metric_name=acc val_metric=0.7903
Step  700 | loss 0.0181 | val_acc=0.7901 val_loss=1.3441 val_f1_macro=0.7245 val_f1_weighted=0.7856 val_prec_macro=0.7354 val_rec_macro=0.7168 val_metric_name=acc val_metric=0.7901
Step  750 | loss 0.0150 | val_acc=0.7905 val_loss=1.3804 val_f1_macro=0.7261 val_f1_weighted=0.7865 val_prec_macro=0.7369 val_rec_macro=0.7186 val_metric_name=acc val_metric=0.7905
Step  800 | loss 0.0138 | val_acc=0.7908 val_loss=1.3991 val_f1_macro=0.7266 val_f1_weighted=0.7867 val_prec_macro=0.7360 val_rec_macro=0.7196 val_metric_name=acc val_metric=0.7908
Step  850 | loss 0.0126 | val_acc=0.7892 val_loss=1.4270 val_f1_macro=0.7249 val_f1_weighted=0.7850 val_prec_macro=0.7337 val_rec_macro=0.7185 val_metric_name=acc val_metric=0.7892
Step  900 | loss 0.0114 | val_acc=0.7889 val_loss=1.4571 val_f1_macro=0.7243 val_f1_weighted=0.7844 val_prec_macro=0.7339 val_rec_macro=0.7174 val_metric_name=acc val_metric=0.7889
Step  950 | loss 0.0102 | val_acc=0.7903 val_loss=1.4815 val_f1_macro=0.7286 val_f1_weighted=0.7865 val_prec_macro=0.7390 val_rec_macro=0.7208 val_metric_name=acc val_metric=0.7903
Step 1000 | loss 0.0099 | val_acc=0.7885 val_loss=1.4974 val_f1_macro=0.7244 val_f1_weighted=0.7849 val_prec_macro=0.7316 val_rec_macro=0.7194 val_metric_name=acc val_metric=0.7885
Early stopping at step 1012

--- Final (best ckpt @ step 610) ---
  train_acc=0.9996 train_loss=0.0025 train_f1_macro=0.9996 train_f1_weighted=0.9996 train_prec_macro=0.9996 train_rec_macro=0.9996 train_metric_name=acc train_metric=0.9996
  val_acc=0.7924 val_loss=1.2847 val_f1_macro=0.7271 val_f1_weighted=0.7880 val_prec_macro=0.7367 val_rec_macro=0.7200 val_metric_name=acc val_metric=0.7924
  test_acc=0.7845 test_loss=1.2402 test_f1_macro=0.7286 test_f1_weighted=0.7801 test_prec_macro=0.7343 test_rec_macro=0.7254 test_metric_name=acc test_metric=0.7845
  test_acc=0.7845

============================================================
Training roman-empire SAGE 1L h=512 lr=1e-05 split=3
============================================================
Training for 5000 steps
Step    1 | loss 3.0539 | val_acc=0.0895 val_loss=3.0174 val_f1_macro=0.0482 val_f1_weighted=0.0635 val_prec_macro=0.0546 val_rec_macro=0.0705 val_metric_name=acc val_metric=0.0895
Step   50 | loss 2.1118 | val_acc=0.4754 val_loss=1.9034 val_f1_macro=0.2167 val_f1_weighted=0.3890 val_prec_macro=0.2157 val_rec_macro=0.2490 val_metric_name=acc val_metric=0.4754
Step  100 | loss 1.6971 | val_acc=0.5435 val_loss=1.4983 val_f1_macro=0.2656 val_f1_weighted=0.4584 val_prec_macro=0.3502 val_rec_macro=0.2978 val_metric_name=acc val_metric=0.5435
Step  150 | loss 1.4482 | val_acc=0.6021 val_loss=1.2745 val_f1_macro=0.3893 val_f1_weighted=0.5402 val_prec_macro=0.5001 val_rec_macro=0.3905 val_metric_name=acc val_metric=0.6021
Step  200 | loss 1.2872 | val_acc=0.6402 val_loss=1.1461 val_f1_macro=0.4648 val_f1_weighted=0.5931 val_prec_macro=0.5580 val_rec_macro=0.4614 val_metric_name=acc val_metric=0.6402
Step  250 | loss 1.1750 | val_acc=0.6665 val_loss=1.0685 val_f1_macro=0.5055 val_f1_weighted=0.6248 val_prec_macro=0.5722 val_rec_macro=0.5064 val_metric_name=acc val_metric=0.6665
Step  300 | loss 1.0934 | val_acc=0.6826 val_loss=1.0132 val_f1_macro=0.5287 val_f1_weighted=0.6454 val_prec_macro=0.5708 val_rec_macro=0.5339 val_metric_name=acc val_metric=0.6826
Step  350 | loss 1.0256 | val_acc=0.6929 val_loss=0.9710 val_f1_macro=0.5462 val_f1_weighted=0.6603 val_prec_macro=0.5769 val_rec_macro=0.5517 val_metric_name=acc val_metric=0.6929
Step  400 | loss 0.9751 | val_acc=0.7050 val_loss=0.9361 val_f1_macro=0.5644 val_f1_weighted=0.6765 val_prec_macro=0.6413 val_rec_macro=0.5695 val_metric_name=acc val_metric=0.7050
Step  450 | loss 0.9166 | val_acc=0.7124 val_loss=0.9048 val_f1_macro=0.5804 val_f1_weighted=0.6876 val_prec_macro=0.6533 val_rec_macro=0.5840 val_metric_name=acc val_metric=0.7124
Step  500 | loss 0.8809 | val_acc=0.7186 val_loss=0.8800 val_f1_macro=0.5913 val_f1_weighted=0.6953 val_prec_macro=0.6572 val_rec_macro=0.5936 val_metric_name=acc val_metric=0.7186
Step  550 | loss 0.8435 | val_acc=0.7239 val_loss=0.8592 val_f1_macro=0.5992 val_f1_weighted=0.7023 val_prec_macro=0.6487 val_rec_macro=0.6017 val_metric_name=acc val_metric=0.7239
Step  600 | loss 0.8090 | val_acc=0.7274 val_loss=0.8409 val_f1_macro=0.6058 val_f1_weighted=0.7072 val_prec_macro=0.6537 val_rec_macro=0.6077 val_metric_name=acc val_metric=0.7274
Step  650 | loss 0.7758 | val_acc=0.7320 val_loss=0.8262 val_f1_macro=0.6145 val_f1_weighted=0.7128 val_prec_macro=0.6563 val_rec_macro=0.6149 val_metric_name=acc val_metric=0.7320
Step  700 | loss 0.7512 | val_acc=0.7352 val_loss=0.8135 val_f1_macro=0.6196 val_f1_weighted=0.7169 val_prec_macro=0.6537 val_rec_macro=0.6194 val_metric_name=acc val_metric=0.7352
Step  750 | loss 0.7211 | val_acc=0.7395 val_loss=0.8018 val_f1_macro=0.6259 val_f1_weighted=0.7223 val_prec_macro=0.6574 val_rec_macro=0.6254 val_metric_name=acc val_metric=0.7395
Step  800 | loss 0.6941 | val_acc=0.7433 val_loss=0.7915 val_f1_macro=0.6354 val_f1_weighted=0.7276 val_prec_macro=0.6664 val_rec_macro=0.6331 val_metric_name=acc val_metric=0.7433
Step  850 | loss 0.6726 | val_acc=0.7481 val_loss=0.7834 val_f1_macro=0.6433 val_f1_weighted=0.7330 val_prec_macro=0.6685 val_rec_macro=0.6413 val_metric_name=acc val_metric=0.7481
Step  900 | loss 0.6513 | val_acc=0.7506 val_loss=0.7749 val_f1_macro=0.6466 val_f1_weighted=0.7362 val_prec_macro=0.6653 val_rec_macro=0.6453 val_metric_name=acc val_metric=0.7506
Step  950 | loss 0.6289 | val_acc=0.7555 val_loss=0.7679 val_f1_macro=0.6554 val_f1_weighted=0.7419 val_prec_macro=0.6731 val_rec_macro=0.6532 val_metric_name=acc val_metric=0.7555
Step 1000 | loss 0.5998 | val_acc=0.7557 val_loss=0.7612 val_f1_macro=0.6581 val_f1_weighted=0.7432 val_prec_macro=0.6725 val_rec_macro=0.6565 val_metric_name=acc val_metric=0.7557
Step 1050 | loss 0.5819 | val_acc=0.7613 val_loss=0.7562 val_f1_macro=0.6677 val_f1_weighted=0.7493 val_prec_macro=0.6803 val_rec_macro=0.6660 val_metric_name=acc val_metric=0.7613
Step 1100 | loss 0.5580 | val_acc=0.7642 val_loss=0.7509 val_f1_macro=0.6732 val_f1_weighted=0.7527 val_prec_macro=0.6889 val_rec_macro=0.6713 val_metric_name=acc val_metric=0.7642
Step 1150 | loss 0.5327 | val_acc=0.7665 val_loss=0.7467 val_f1_macro=0.6778 val_f1_weighted=0.7554 val_prec_macro=0.6925 val_rec_macro=0.6752 val_metric_name=acc val_metric=0.7665
Step 1200 | loss 0.5205 | val_acc=0.7689 val_loss=0.7445 val_f1_macro=0.6824 val_f1_weighted=0.7583 val_prec_macro=0.6972 val_rec_macro=0.6799 val_metric_name=acc val_metric=0.7689
Step 1250 | loss 0.4977 | val_acc=0.7695 val_loss=0.7421 val_f1_macro=0.6816 val_f1_weighted=0.7589 val_prec_macro=0.6946 val_rec_macro=0.6790 val_metric_name=acc val_metric=0.7695
Step 1300 | loss 0.4770 | val_acc=0.7714 val_loss=0.7396 val_f1_macro=0.6876 val_f1_weighted=0.7621 val_prec_macro=0.7031 val_rec_macro=0.6840 val_metric_name=acc val_metric=0.7714
Step 1350 | loss 0.4616 | val_acc=0.7728 val_loss=0.7395 val_f1_macro=0.6900 val_f1_weighted=0.7633 val_prec_macro=0.7064 val_rec_macro=0.6856 val_metric_name=acc val_metric=0.7728
Step 1400 | loss 0.4388 | val_acc=0.7742 val_loss=0.7397 val_f1_macro=0.6921 val_f1_weighted=0.7653 val_prec_macro=0.7103 val_rec_macro=0.6860 val_metric_name=acc val_metric=0.7742
Step 1450 | loss 0.4258 | val_acc=0.7760 val_loss=0.7402 val_f1_macro=0.6949 val_f1_weighted=0.7675 val_prec_macro=0.7133 val_rec_macro=0.6883 val_metric_name=acc val_metric=0.7760
Step 1500 | loss 0.3999 | val_acc=0.7771 val_loss=0.7422 val_f1_macro=0.6964 val_f1_weighted=0.7692 val_prec_macro=0.7130 val_rec_macro=0.6899 val_metric_name=acc val_metric=0.7771
Step 1550 | loss 0.3928 | val_acc=0.7788 val_loss=0.7451 val_f1_macro=0.7003 val_f1_weighted=0.7713 val_prec_macro=0.7175 val_rec_macro=0.6933 val_metric_name=acc val_metric=0.7788
Step 1600 | loss 0.3632 | val_acc=0.7799 val_loss=0.7494 val_f1_macro=0.7014 val_f1_weighted=0.7721 val_prec_macro=0.7199 val_rec_macro=0.6943 val_metric_name=acc val_metric=0.7799
Step 1650 | loss 0.3519 | val_acc=0.7804 val_loss=0.7539 val_f1_macro=0.7034 val_f1_weighted=0.7732 val_prec_macro=0.7217 val_rec_macro=0.6952 val_metric_name=acc val_metric=0.7804
Step 1700 | loss 0.3300 | val_acc=0.7815 val_loss=0.7601 val_f1_macro=0.7042 val_f1_weighted=0.7745 val_prec_macro=0.7220 val_rec_macro=0.6963 val_metric_name=acc val_metric=0.7815
Step 1750 | loss 0.3179 | val_acc=0.7818 val_loss=0.7665 val_f1_macro=0.7068 val_f1_weighted=0.7754 val_prec_macro=0.7255 val_rec_macro=0.6978 val_metric_name=acc val_metric=0.7818
Step 1800 | loss 0.3051 | val_acc=0.7823 val_loss=0.7742 val_f1_macro=0.7072 val_f1_weighted=0.7757 val_prec_macro=0.7244 val_rec_macro=0.6985 val_metric_name=acc val_metric=0.7823
Step 1850 | loss 0.2828 | val_acc=0.7831 val_loss=0.7814 val_f1_macro=0.7080 val_f1_weighted=0.7765 val_prec_macro=0.7267 val_rec_macro=0.6987 val_metric_name=acc val_metric=0.7831
Step 1900 | loss 0.2725 | val_acc=0.7831 val_loss=0.7897 val_f1_macro=0.7083 val_f1_weighted=0.7767 val_prec_macro=0.7261 val_rec_macro=0.6994 val_metric_name=acc val_metric=0.7831
Step 1950 | loss 0.2633 | val_acc=0.7832 val_loss=0.7995 val_f1_macro=0.7098 val_f1_weighted=0.7774 val_prec_macro=0.7281 val_rec_macro=0.7000 val_metric_name=acc val_metric=0.7832
Step 2000 | loss 0.2482 | val_acc=0.7836 val_loss=0.8091 val_f1_macro=0.7110 val_f1_weighted=0.7780 val_prec_macro=0.7301 val_rec_macro=0.7002 val_metric_name=acc val_metric=0.7836
Step 2050 | loss 0.2395 | val_acc=0.7832 val_loss=0.8185 val_f1_macro=0.7142 val_f1_weighted=0.7785 val_prec_macro=0.7318 val_rec_macro=0.7034 val_metric_name=acc val_metric=0.7832
Step 2100 | loss 0.2273 | val_acc=0.7841 val_loss=0.8290 val_f1_macro=0.7155 val_f1_weighted=0.7789 val_prec_macro=0.7331 val_rec_macro=0.7049 val_metric_name=acc val_metric=0.7841
Step 2150 | loss 0.2150 | val_acc=0.7845 val_loss=0.8380 val_f1_macro=0.7150 val_f1_weighted=0.7795 val_prec_macro=0.7315 val_rec_macro=0.7050 val_metric_name=acc val_metric=0.7845
Step 2200 | loss 0.2041 | val_acc=0.7848 val_loss=0.8491 val_f1_macro=0.7151 val_f1_weighted=0.7799 val_prec_macro=0.7308 val_rec_macro=0.7053 val_metric_name=acc val_metric=0.7848
Step 2250 | loss 0.1947 | val_acc=0.7859 val_loss=0.8606 val_f1_macro=0.7152 val_f1_weighted=0.7807 val_prec_macro=0.7333 val_rec_macro=0.7039 val_metric_name=acc val_metric=0.7859
Step 2300 | loss 0.1790 | val_acc=0.7852 val_loss=0.8727 val_f1_macro=0.7147 val_f1_weighted=0.7799 val_prec_macro=0.7310 val_rec_macro=0.7042 val_metric_name=acc val_metric=0.7852
Step 2350 | loss 0.1714 | val_acc=0.7866 val_loss=0.8816 val_f1_macro=0.7160 val_f1_weighted=0.7817 val_prec_macro=0.7314 val_rec_macro=0.7060 val_metric_name=acc val_metric=0.7866
Step 2400 | loss 0.1656 | val_acc=0.7861 val_loss=0.8912 val_f1_macro=0.7154 val_f1_weighted=0.7812 val_prec_macro=0.7308 val_rec_macro=0.7054 val_metric_name=acc val_metric=0.7861
Step 2450 | loss 0.1574 | val_acc=0.7864 val_loss=0.9035 val_f1_macro=0.7152 val_f1_weighted=0.7809 val_prec_macro=0.7321 val_rec_macro=0.7044 val_metric_name=acc val_metric=0.7864
Step 2500 | loss 0.1490 | val_acc=0.7868 val_loss=0.9136 val_f1_macro=0.7169 val_f1_weighted=0.7819 val_prec_macro=0.7329 val_rec_macro=0.7061 val_metric_name=acc val_metric=0.7868
Step 2550 | loss 0.1458 | val_acc=0.7871 val_loss=0.9252 val_f1_macro=0.7165 val_f1_weighted=0.7822 val_prec_macro=0.7324 val_rec_macro=0.7059 val_metric_name=acc val_metric=0.7871
Step 2600 | loss 0.1362 | val_acc=0.7875 val_loss=0.9343 val_f1_macro=0.7183 val_f1_weighted=0.7829 val_prec_macro=0.7335 val_rec_macro=0.7079 val_metric_name=acc val_metric=0.7875
Step 2650 | loss 0.1303 | val_acc=0.7878 val_loss=0.9454 val_f1_macro=0.7178 val_f1_weighted=0.7828 val_prec_macro=0.7327 val_rec_macro=0.7078 val_metric_name=acc val_metric=0.7878
Step 2700 | loss 0.1192 | val_acc=0.7882 val_loss=0.9548 val_f1_macro=0.7179 val_f1_weighted=0.7834 val_prec_macro=0.7326 val_rec_macro=0.7080 val_metric_name=acc val_metric=0.7882
Step 2750 | loss 0.1208 | val_acc=0.7880 val_loss=0.9649 val_f1_macro=0.7206 val_f1_weighted=0.7837 val_prec_macro=0.7352 val_rec_macro=0.7105 val_metric_name=acc val_metric=0.7880
Step 2800 | loss 0.1104 | val_acc=0.7889 val_loss=0.9775 val_f1_macro=0.7208 val_f1_weighted=0.7841 val_prec_macro=0.7354 val_rec_macro=0.7109 val_metric_name=acc val_metric=0.7889
Step 2850 | loss 0.1035 | val_acc=0.7898 val_loss=0.9875 val_f1_macro=0.7212 val_f1_weighted=0.7849 val_prec_macro=0.7361 val_rec_macro=0.7111 val_metric_name=acc val_metric=0.7898
Step 2900 | loss 0.1007 | val_acc=0.7887 val_loss=0.9969 val_f1_macro=0.7222 val_f1_weighted=0.7843 val_prec_macro=0.7374 val_rec_macro=0.7117 val_metric_name=acc val_metric=0.7887
Step 2950 | loss 0.0941 | val_acc=0.7876 val_loss=1.0075 val_f1_macro=0.7224 val_f1_weighted=0.7834 val_prec_macro=0.7369 val_rec_macro=0.7122 val_metric_name=acc val_metric=0.7876
Step 3000 | loss 0.0915 | val_acc=0.7894 val_loss=1.0170 val_f1_macro=0.7248 val_f1_weighted=0.7850 val_prec_macro=0.7391 val_rec_macro=0.7147 val_metric_name=acc val_metric=0.7894
Step 3050 | loss 0.0867 | val_acc=0.7896 val_loss=1.0257 val_f1_macro=0.7239 val_f1_weighted=0.7853 val_prec_macro=0.7381 val_rec_macro=0.7137 val_metric_name=acc val_metric=0.7896
Step 3100 | loss 0.0847 | val_acc=0.7894 val_loss=1.0360 val_f1_macro=0.7232 val_f1_weighted=0.7851 val_prec_macro=0.7373 val_rec_macro=0.7132 val_metric_name=acc val_metric=0.7894
Step 3150 | loss 0.0755 | val_acc=0.7891 val_loss=1.0460 val_f1_macro=0.7235 val_f1_weighted=0.7847 val_prec_macro=0.7381 val_rec_macro=0.7132 val_metric_name=acc val_metric=0.7891
Step 3200 | loss 0.0734 | val_acc=0.7896 val_loss=1.0553 val_f1_macro=0.7235 val_f1_weighted=0.7855 val_prec_macro=0.7376 val_rec_macro=0.7133 val_metric_name=acc val_metric=0.7896
Step 3250 | loss 0.0727 | val_acc=0.7894 val_loss=1.0657 val_f1_macro=0.7241 val_f1_weighted=0.7851 val_prec_macro=0.7387 val_rec_macro=0.7136 val_metric_name=acc val_metric=0.7894
Step 3300 | loss 0.0696 | val_acc=0.7889 val_loss=1.0713 val_f1_macro=0.7240 val_f1_weighted=0.7851 val_prec_macro=0.7369 val_rec_macro=0.7142 val_metric_name=acc val_metric=0.7889
Early stopping at step 3332

--- Final (best ckpt @ step 2970) ---
  train_acc=0.9931 train_loss=0.0283 train_f1_macro=0.9917 train_f1_weighted=0.9931 train_prec_macro=0.9942 train_rec_macro=0.9894 train_metric_name=acc train_metric=0.9931
  val_acc=0.7908 val_loss=1.0118 val_f1_macro=0.7257 val_f1_weighted=0.7868 val_prec_macro=0.7401 val_rec_macro=0.7153 val_metric_name=acc val_metric=0.7908
  test_acc=0.7856 test_loss=0.9740 test_f1_macro=0.7257 test_f1_weighted=0.7805 test_prec_macro=0.7360 test_rec_macro=0.7198 test_metric_name=acc test_metric=0.7856
  test_acc=0.7856
  >> num_layers=1 hidden_dim=256 lr=3e-05 best_step=1790 val_acc=0.7880 test_acc=0.7868
     val_acc=0.7880 val_f1_macro=0.7228 val_f1_weighted=0.7837 val_loss=0.9013 val_metric=0.7880 val_metric_name=acc val_prec_macro=0.7377 val_rec_macro=0.7142
     test_acc=0.7868 test_f1_macro=0.7303 test_f1_weighted=0.7813 test_loss=0.8880 test_metric=0.7868 test_metric_name=acc test_prec_macro=0.7395 test_rec_macro=0.7266
  >> num_layers=1 hidden_dim=256 lr=6e-05 best_step=950 val_acc=0.7876 test_acc=0.7838
     val_acc=0.7876 val_f1_macro=0.7235 val_f1_weighted=0.7836 val_loss=0.9016 val_metric=0.7876 val_metric_name=acc val_prec_macro=0.7387 val_rec_macro=0.7147
     test_acc=0.7838 test_f1_macro=0.7258 test_f1_weighted=0.7782 test_loss=0.8876 test_metric=0.7838 test_metric_name=acc test_prec_macro=0.7341 test_rec_macro=0.7230
  >> num_layers=1 hidden_dim=256 lr=0.0001 best_step=1210 val_acc=0.7906 test_acc=0.7842
     val_acc=0.7906 val_f1_macro=0.7278 val_f1_weighted=0.7877 val_loss=1.2842 val_metric=0.7906 val_metric_name=acc val_prec_macro=0.7368 val_rec_macro=0.7219
     test_acc=0.7842 test_f1_macro=0.7291 test_f1_weighted=0.7801 test_loss=1.2612 test_metric=0.7842 test_metric_name=acc test_prec_macro=0.7340 test_rec_macro=0.7265
  >> num_layers=1 hidden_dim=256 lr=1e-05 best_step=3060 val_acc=0.7825 test_acc=0.7866
     val_acc=0.7825 val_f1_macro=0.7051 val_f1_weighted=0.7750 val_loss=0.7308 val_metric=0.7825 val_metric_name=acc val_prec_macro=0.7184 val_rec_macro=0.7010
     test_acc=0.7866 test_f1_macro=0.7224 test_f1_weighted=0.7786 test_loss=0.7266 test_metric=0.7866 test_metric_name=acc test_prec_macro=0.7472 test_rec_macro=0.7175
  >> num_layers=1 hidden_dim=384 lr=3e-05 best_step=1880 val_acc=0.7914 test_acc=0.7856
     val_acc=0.7914 val_f1_macro=0.7310 val_f1_weighted=0.7884 val_loss=1.1544 val_metric=0.7914 val_metric_name=acc val_prec_macro=0.7431 val_rec_macro=0.7227
     test_acc=0.7856 test_f1_macro=0.7296 test_f1_weighted=0.7824 test_loss=1.1175 test_metric=0.7856 test_metric_name=acc test_prec_macro=0.7376 test_rec_macro=0.7239
  >> num_layers=1 hidden_dim=384 lr=6e-05 best_step=1870 val_acc=0.7944 test_acc=0.7891
     val_acc=0.7944 val_f1_macro=0.7344 val_f1_weighted=0.7909 val_loss=1.4675 val_metric=0.7944 val_metric_name=acc val_prec_macro=0.7451 val_rec_macro=0.7271
     test_acc=0.7891 test_f1_macro=0.7358 test_f1_weighted=0.7856 test_loss=1.4166 test_metric=0.7891 test_metric_name=acc test_prec_macro=0.7426 test_rec_macro=0.7314
  >> num_layers=1 hidden_dim=384 lr=0.0001 best_step=1360 val_acc=0.7931 test_acc=0.7910
     val_acc=0.7931 val_f1_macro=0.7320 val_f1_weighted=0.7899 val_loss=1.5222 val_metric=0.7931 val_metric_name=acc val_prec_macro=0.7417 val_rec_macro=0.7249
     test_acc=0.7910 test_f1_macro=0.7366 test_f1_weighted=0.7880 test_loss=1.4644 test_metric=0.7910 test_metric_name=acc test_prec_macro=0.7423 test_rec_macro=0.7328
  >> num_layers=1 hidden_dim=384 lr=1e-05 best_step=2620 val_acc=0.7873 test_acc=0.7843
     val_acc=0.7873 val_f1_macro=0.7150 val_f1_weighted=0.7821 val_loss=0.7983 val_metric=0.7873 val_metric_name=acc val_prec_macro=0.7315 val_rec_macro=0.7062
     test_acc=0.7843 test_f1_macro=0.7214 test_f1_weighted=0.7788 test_loss=0.7863 test_metric=0.7843 test_metric_name=acc test_prec_macro=0.7359 test_rec_macro=0.7139
  >> num_layers=1 hidden_dim=512 lr=3e-05 best_step=2470 val_acc=0.7928 test_acc=0.7875
     val_acc=0.7928 val_f1_macro=0.7300 val_f1_weighted=0.7885 val_loss=1.4290 val_metric=0.7928 val_metric_name=acc val_prec_macro=0.7391 val_rec_macro=0.7233
     test_acc=0.7875 test_f1_macro=0.7317 test_f1_weighted=0.7834 test_loss=1.3825 test_metric=0.7875 test_metric_name=acc test_prec_macro=0.7383 test_rec_macro=0.7277
  >> num_layers=1 hidden_dim=512 lr=6e-05 best_step=860 val_acc=0.7933 test_acc=0.7880
     val_acc=0.7933 val_f1_macro=0.7287 val_f1_weighted=0.7896 val_loss=1.2150 val_metric=0.7933 val_metric_name=acc val_prec_macro=0.7385 val_rec_macro=0.7212
     test_acc=0.7880 test_f1_macro=0.7328 test_f1_weighted=0.7845 test_loss=1.1725 test_metric=0.7880 test_metric_name=acc test_prec_macro=0.7415 test_rec_macro=0.7272
  >> num_layers=1 hidden_dim=512 lr=0.0001 best_step=610 val_acc=0.7924 test_acc=0.7845
     val_acc=0.7924 val_f1_macro=0.7271 val_f1_weighted=0.7880 val_loss=1.2847 val_metric=0.7924 val_metric_name=acc val_prec_macro=0.7367 val_rec_macro=0.7200
     test_acc=0.7845 test_f1_macro=0.7286 test_f1_weighted=0.7801 test_loss=1.2402 test_metric=0.7845 test_metric_name=acc test_prec_macro=0.7343 test_rec_macro=0.7254
  >> num_layers=1 hidden_dim=512 lr=1e-05 best_step=2970 val_acc=0.7908 test_acc=0.7856
     val_acc=0.7908 val_f1_macro=0.7257 val_f1_weighted=0.7868 val_loss=1.0118 val_metric=0.7908 val_metric_name=acc val_prec_macro=0.7401 val_rec_macro=0.7153
     test_acc=0.7856 test_f1_macro=0.7257 test_f1_weighted=0.7805 test_loss=0.9740 test_metric=0.7856 test_metric_name=acc test_prec_macro=0.7360 test_rec_macro=0.7198
  >> selected best (by val): num_layers=1 hidden_dim=384 lr=6e-05 val_acc=0.7944 test_acc=0.7891
     val_acc=0.7944 val_f1_macro=0.7344 val_f1_weighted=0.7909 val_loss=1.4675 val_metric=0.7944 val_metric_name=acc val_prec_macro=0.7451 val_rec_macro=0.7271
     test_acc=0.7891 test_f1_macro=0.7358 test_f1_weighted=0.7856 test_loss=1.4166 test_metric=0.7891 test_metric_name=acc test_prec_macro=0.7426 test_rec_macro=0.7314

Done. Results saved to /home/avshmelev/diploma_yandex_graphs/results_grid/roman_empire/base.csv, checkpoints in /home/avshmelev/diploma_yandex_graphs/all_checkpoints/roman_empire/base/
Skipping: "Done." found in /home/avshmelev/diploma_yandex_graphs/results_grid/roman_empire/logs_base/SAGE_1L_split3.log
