Loading data...

============================================================
Training roman-empire TAG 2L h=256 lr=3e-05 split=4
============================================================
Training for 5000 steps
Step    1 | loss 2.9796 | val_acc=0.0763 val_loss=2.8510 val_f1_macro=0.0365 val_f1_weighted=0.0662 val_prec_macro=0.0445 val_rec_macro=0.0413 val_metric_name=acc val_metric=0.0763
Step   50 | loss 1.9664 | val_acc=0.4937 val_loss=1.7292 val_f1_macro=0.2343 val_f1_weighted=0.4211 val_prec_macro=0.3014 val_rec_macro=0.2602 val_metric_name=acc val_metric=0.4937
Step  100 | loss 1.4392 | val_acc=0.6099 val_loss=1.2590 val_f1_macro=0.4077 val_f1_weighted=0.5614 val_prec_macro=0.5691 val_rec_macro=0.4077 val_metric_name=acc val_metric=0.6099
Step  150 | loss 1.1689 | val_acc=0.6761 val_loss=1.0188 val_f1_macro=0.5114 val_f1_weighted=0.6392 val_prec_macro=0.6458 val_rec_macro=0.5103 val_metric_name=acc val_metric=0.6761
Step  200 | loss 0.9890 | val_acc=0.7124 val_loss=0.8745 val_f1_macro=0.5696 val_f1_weighted=0.6828 val_prec_macro=0.7194 val_rec_macro=0.5730 val_metric_name=acc val_metric=0.7124
Step  250 | loss 0.8769 | val_acc=0.7338 val_loss=0.7861 val_f1_macro=0.6158 val_f1_weighted=0.7119 val_prec_macro=0.7252 val_rec_macro=0.6117 val_metric_name=acc val_metric=0.7338
Step  300 | loss 0.7792 | val_acc=0.7559 val_loss=0.7260 val_f1_macro=0.6619 val_f1_weighted=0.7412 val_prec_macro=0.7224 val_rec_macro=0.6534 val_metric_name=acc val_metric=0.7559
Step  350 | loss 0.7128 | val_acc=0.7726 val_loss=0.6838 val_f1_macro=0.6923 val_f1_weighted=0.7610 val_prec_macro=0.7341 val_rec_macro=0.6858 val_metric_name=acc val_metric=0.7726
Step  400 | loss 0.6453 | val_acc=0.7855 val_loss=0.6507 val_f1_macro=0.7182 val_f1_weighted=0.7770 val_prec_macro=0.7522 val_rec_macro=0.7107 val_metric_name=acc val_metric=0.7855
Step  450 | loss 0.5997 | val_acc=0.7924 val_loss=0.6236 val_f1_macro=0.7314 val_f1_weighted=0.7848 val_prec_macro=0.7583 val_rec_macro=0.7232 val_metric_name=acc val_metric=0.7924
Step  500 | loss 0.5529 | val_acc=0.8030 val_loss=0.6046 val_f1_macro=0.7482 val_f1_weighted=0.7969 val_prec_macro=0.7694 val_rec_macro=0.7420 val_metric_name=acc val_metric=0.8030
Step  550 | loss 0.5061 | val_acc=0.8071 val_loss=0.5906 val_f1_macro=0.7545 val_f1_weighted=0.8011 val_prec_macro=0.7725 val_rec_macro=0.7483 val_metric_name=acc val_metric=0.8071
Step  600 | loss 0.4701 | val_acc=0.8129 val_loss=0.5769 val_f1_macro=0.7635 val_f1_weighted=0.8077 val_prec_macro=0.7784 val_rec_macro=0.7582 val_metric_name=acc val_metric=0.8129
Step  650 | loss 0.4304 | val_acc=0.8164 val_loss=0.5688 val_f1_macro=0.7704 val_f1_weighted=0.8122 val_prec_macro=0.7824 val_rec_macro=0.7662 val_metric_name=acc val_metric=0.8164
Step  700 | loss 0.3944 | val_acc=0.8207 val_loss=0.5663 val_f1_macro=0.7745 val_f1_weighted=0.8161 val_prec_macro=0.7850 val_rec_macro=0.7715 val_metric_name=acc val_metric=0.8207
Step  750 | loss 0.3659 | val_acc=0.8247 val_loss=0.5603 val_f1_macro=0.7808 val_f1_weighted=0.8208 val_prec_macro=0.7905 val_rec_macro=0.7779 val_metric_name=acc val_metric=0.8247
Step  800 | loss 0.3308 | val_acc=0.8274 val_loss=0.5634 val_f1_macro=0.7859 val_f1_weighted=0.8239 val_prec_macro=0.7952 val_rec_macro=0.7830 val_metric_name=acc val_metric=0.8274
Step  850 | loss 0.3116 | val_acc=0.8307 val_loss=0.5636 val_f1_macro=0.7927 val_f1_weighted=0.8277 val_prec_macro=0.7997 val_rec_macro=0.7902 val_metric_name=acc val_metric=0.8307
Step  900 | loss 0.2778 | val_acc=0.8344 val_loss=0.5694 val_f1_macro=0.7985 val_f1_weighted=0.8317 val_prec_macro=0.8037 val_rec_macro=0.7978 val_metric_name=acc val_metric=0.8344
Step  950 | loss 0.2563 | val_acc=0.8346 val_loss=0.5763 val_f1_macro=0.7974 val_f1_weighted=0.8322 val_prec_macro=0.8056 val_rec_macro=0.7940 val_metric_name=acc val_metric=0.8346
Step 1000 | loss 0.2364 | val_acc=0.8372 val_loss=0.5842 val_f1_macro=0.8022 val_f1_weighted=0.8349 val_prec_macro=0.8080 val_rec_macro=0.8005 val_metric_name=acc val_metric=0.8372
Step 1050 | loss 0.2100 | val_acc=0.8406 val_loss=0.5924 val_f1_macro=0.8063 val_f1_weighted=0.8378 val_prec_macro=0.8124 val_rec_macro=0.8040 val_metric_name=acc val_metric=0.8406
Step 1100 | loss 0.1928 | val_acc=0.8415 val_loss=0.6022 val_f1_macro=0.8074 val_f1_weighted=0.8388 val_prec_macro=0.8134 val_rec_macro=0.8052 val_metric_name=acc val_metric=0.8415
Step 1150 | loss 0.1742 | val_acc=0.8415 val_loss=0.6134 val_f1_macro=0.8084 val_f1_weighted=0.8388 val_prec_macro=0.8152 val_rec_macro=0.8056 val_metric_name=acc val_metric=0.8415
Step 1200 | loss 0.1596 | val_acc=0.8432 val_loss=0.6211 val_f1_macro=0.8096 val_f1_weighted=0.8405 val_prec_macro=0.8165 val_rec_macro=0.8064 val_metric_name=acc val_metric=0.8432
Step 1250 | loss 0.1485 | val_acc=0.8411 val_loss=0.6358 val_f1_macro=0.8076 val_f1_weighted=0.8387 val_prec_macro=0.8135 val_rec_macro=0.8052 val_metric_name=acc val_metric=0.8411
Step 1300 | loss 0.1324 | val_acc=0.8429 val_loss=0.6462 val_f1_macro=0.8097 val_f1_weighted=0.8405 val_prec_macro=0.8164 val_rec_macro=0.8071 val_metric_name=acc val_metric=0.8429
Step 1350 | loss 0.1240 | val_acc=0.8413 val_loss=0.6587 val_f1_macro=0.8067 val_f1_weighted=0.8392 val_prec_macro=0.8128 val_rec_macro=0.8048 val_metric_name=acc val_metric=0.8413
Step 1400 | loss 0.1127 | val_acc=0.8425 val_loss=0.6714 val_f1_macro=0.8088 val_f1_weighted=0.8400 val_prec_macro=0.8141 val_rec_macro=0.8069 val_metric_name=acc val_metric=0.8425
Step 1450 | loss 0.0949 | val_acc=0.8424 val_loss=0.6815 val_f1_macro=0.8088 val_f1_weighted=0.8397 val_prec_macro=0.8129 val_rec_macro=0.8084 val_metric_name=acc val_metric=0.8424
Step 1500 | loss 0.0919 | val_acc=0.8432 val_loss=0.6906 val_f1_macro=0.8085 val_f1_weighted=0.8407 val_prec_macro=0.8125 val_rec_macro=0.8077 val_metric_name=acc val_metric=0.8432
Step 1550 | loss 0.0829 | val_acc=0.8425 val_loss=0.7016 val_f1_macro=0.8072 val_f1_weighted=0.8400 val_prec_macro=0.8126 val_rec_macro=0.8053 val_metric_name=acc val_metric=0.8425
Step 1600 | loss 0.0798 | val_acc=0.8427 val_loss=0.7110 val_f1_macro=0.8065 val_f1_weighted=0.8402 val_prec_macro=0.8114 val_rec_macro=0.8054 val_metric_name=acc val_metric=0.8427
Step 1650 | loss 0.0732 | val_acc=0.8422 val_loss=0.7220 val_f1_macro=0.8066 val_f1_weighted=0.8396 val_prec_macro=0.8103 val_rec_macro=0.8065 val_metric_name=acc val_metric=0.8422
Step 1700 | loss 0.0712 | val_acc=0.8447 val_loss=0.7326 val_f1_macro=0.8094 val_f1_weighted=0.8416 val_prec_macro=0.8144 val_rec_macro=0.8083 val_metric_name=acc val_metric=0.8447
Step 1750 | loss 0.0679 | val_acc=0.8454 val_loss=0.7382 val_f1_macro=0.8099 val_f1_weighted=0.8427 val_prec_macro=0.8145 val_rec_macro=0.8087 val_metric_name=acc val_metric=0.8454
Step 1800 | loss 0.0592 | val_acc=0.8436 val_loss=0.7473 val_f1_macro=0.8091 val_f1_weighted=0.8412 val_prec_macro=0.8132 val_rec_macro=0.8086 val_metric_name=acc val_metric=0.8436
Step 1850 | loss 0.0558 | val_acc=0.8434 val_loss=0.7547 val_f1_macro=0.8078 val_f1_weighted=0.8408 val_prec_macro=0.8105 val_rec_macro=0.8081 val_metric_name=acc val_metric=0.8434
Step 1900 | loss 0.0520 | val_acc=0.8447 val_loss=0.7650 val_f1_macro=0.8088 val_f1_weighted=0.8418 val_prec_macro=0.8133 val_rec_macro=0.8081 val_metric_name=acc val_metric=0.8447
Step 1950 | loss 0.0512 | val_acc=0.8448 val_loss=0.7731 val_f1_macro=0.8087 val_f1_weighted=0.8419 val_prec_macro=0.8147 val_rec_macro=0.8064 val_metric_name=acc val_metric=0.8448
Step 2000 | loss 0.0469 | val_acc=0.8450 val_loss=0.7833 val_f1_macro=0.8097 val_f1_weighted=0.8423 val_prec_macro=0.8147 val_rec_macro=0.8092 val_metric_name=acc val_metric=0.8450
Step 2050 | loss 0.0426 | val_acc=0.8464 val_loss=0.7865 val_f1_macro=0.8114 val_f1_weighted=0.8436 val_prec_macro=0.8161 val_rec_macro=0.8105 val_metric_name=acc val_metric=0.8464
Step 2100 | loss 0.0430 | val_acc=0.8466 val_loss=0.7913 val_f1_macro=0.8113 val_f1_weighted=0.8439 val_prec_macro=0.8163 val_rec_macro=0.8097 val_metric_name=acc val_metric=0.8466
Step 2150 | loss 0.0414 | val_acc=0.8447 val_loss=0.7993 val_f1_macro=0.8094 val_f1_weighted=0.8420 val_prec_macro=0.8140 val_rec_macro=0.8082 val_metric_name=acc val_metric=0.8447
Step 2200 | loss 0.0373 | val_acc=0.8455 val_loss=0.8044 val_f1_macro=0.8112 val_f1_weighted=0.8430 val_prec_macro=0.8162 val_rec_macro=0.8098 val_metric_name=acc val_metric=0.8455
Step 2250 | loss 0.0370 | val_acc=0.8475 val_loss=0.8129 val_f1_macro=0.8112 val_f1_weighted=0.8448 val_prec_macro=0.8144 val_rec_macro=0.8116 val_metric_name=acc val_metric=0.8475
Step 2300 | loss 0.0348 | val_acc=0.8470 val_loss=0.8182 val_f1_macro=0.8115 val_f1_weighted=0.8445 val_prec_macro=0.8145 val_rec_macro=0.8116 val_metric_name=acc val_metric=0.8470
Step 2350 | loss 0.0322 | val_acc=0.8455 val_loss=0.8256 val_f1_macro=0.8107 val_f1_weighted=0.8430 val_prec_macro=0.8147 val_rec_macro=0.8101 val_metric_name=acc val_metric=0.8455
Step 2400 | loss 0.0303 | val_acc=0.8462 val_loss=0.8317 val_f1_macro=0.8110 val_f1_weighted=0.8437 val_prec_macro=0.8145 val_rec_macro=0.8108 val_metric_name=acc val_metric=0.8462
Step 2450 | loss 0.0293 | val_acc=0.8464 val_loss=0.8400 val_f1_macro=0.8117 val_f1_weighted=0.8442 val_prec_macro=0.8151 val_rec_macro=0.8122 val_metric_name=acc val_metric=0.8464
Step 2500 | loss 0.0293 | val_acc=0.8466 val_loss=0.8453 val_f1_macro=0.8117 val_f1_weighted=0.8439 val_prec_macro=0.8159 val_rec_macro=0.8113 val_metric_name=acc val_metric=0.8466
Step 2550 | loss 0.0278 | val_acc=0.8471 val_loss=0.8489 val_f1_macro=0.8119 val_f1_weighted=0.8447 val_prec_macro=0.8153 val_rec_macro=0.8123 val_metric_name=acc val_metric=0.8471
Step 2600 | loss 0.0271 | val_acc=0.8478 val_loss=0.8558 val_f1_macro=0.8119 val_f1_weighted=0.8449 val_prec_macro=0.8157 val_rec_macro=0.8126 val_metric_name=acc val_metric=0.8478
Step 2650 | loss 0.0244 | val_acc=0.8466 val_loss=0.8544 val_f1_macro=0.8119 val_f1_weighted=0.8441 val_prec_macro=0.8144 val_rec_macro=0.8129 val_metric_name=acc val_metric=0.8466
Step 2700 | loss 0.0219 | val_acc=0.8468 val_loss=0.8654 val_f1_macro=0.8118 val_f1_weighted=0.8442 val_prec_macro=0.8167 val_rec_macro=0.8112 val_metric_name=acc val_metric=0.8468
Step 2750 | loss 0.0246 | val_acc=0.8464 val_loss=0.8664 val_f1_macro=0.8100 val_f1_weighted=0.8435 val_prec_macro=0.8146 val_rec_macro=0.8100 val_metric_name=acc val_metric=0.8464
Step 2800 | loss 0.0247 | val_acc=0.8468 val_loss=0.8746 val_f1_macro=0.8115 val_f1_weighted=0.8443 val_prec_macro=0.8149 val_rec_macro=0.8121 val_metric_name=acc val_metric=0.8468
Step 2850 | loss 0.0194 | val_acc=0.8480 val_loss=0.8785 val_f1_macro=0.8123 val_f1_weighted=0.8452 val_prec_macro=0.8164 val_rec_macro=0.8123 val_metric_name=acc val_metric=0.8480
Step 2900 | loss 0.0196 | val_acc=0.8473 val_loss=0.8813 val_f1_macro=0.8118 val_f1_weighted=0.8449 val_prec_macro=0.8162 val_rec_macro=0.8112 val_metric_name=acc val_metric=0.8473
Step 2950 | loss 0.0195 | val_acc=0.8494 val_loss=0.8846 val_f1_macro=0.8145 val_f1_weighted=0.8471 val_prec_macro=0.8175 val_rec_macro=0.8151 val_metric_name=acc val_metric=0.8494
Step 3000 | loss 0.0189 | val_acc=0.8494 val_loss=0.8925 val_f1_macro=0.8149 val_f1_weighted=0.8472 val_prec_macro=0.8177 val_rec_macro=0.8155 val_metric_name=acc val_metric=0.8494
Step 3050 | loss 0.0174 | val_acc=0.8487 val_loss=0.8949 val_f1_macro=0.8130 val_f1_weighted=0.8461 val_prec_macro=0.8174 val_rec_macro=0.8127 val_metric_name=acc val_metric=0.8487
Step 3100 | loss 0.0193 | val_acc=0.8475 val_loss=0.9001 val_f1_macro=0.8123 val_f1_weighted=0.8451 val_prec_macro=0.8155 val_rec_macro=0.8128 val_metric_name=acc val_metric=0.8475
Step 3150 | loss 0.0175 | val_acc=0.8473 val_loss=0.9066 val_f1_macro=0.8113 val_f1_weighted=0.8449 val_prec_macro=0.8157 val_rec_macro=0.8111 val_metric_name=acc val_metric=0.8473
Step 3200 | loss 0.0184 | val_acc=0.8477 val_loss=0.9092 val_f1_macro=0.8114 val_f1_weighted=0.8450 val_prec_macro=0.8139 val_rec_macro=0.8128 val_metric_name=acc val_metric=0.8477
Step 3250 | loss 0.0161 | val_acc=0.8468 val_loss=0.9136 val_f1_macro=0.8124 val_f1_weighted=0.8442 val_prec_macro=0.8145 val_rec_macro=0.8138 val_metric_name=acc val_metric=0.8468
Step 3300 | loss 0.0172 | val_acc=0.8473 val_loss=0.9203 val_f1_macro=0.8130 val_f1_weighted=0.8448 val_prec_macro=0.8149 val_rec_macro=0.8149 val_metric_name=acc val_metric=0.8473
Step 3350 | loss 0.0174 | val_acc=0.8471 val_loss=0.9208 val_f1_macro=0.8112 val_f1_weighted=0.8444 val_prec_macro=0.8153 val_rec_macro=0.8112 val_metric_name=acc val_metric=0.8471
Step 3400 | loss 0.0164 | val_acc=0.8473 val_loss=0.9266 val_f1_macro=0.8116 val_f1_weighted=0.8445 val_prec_macro=0.8166 val_rec_macro=0.8108 val_metric_name=acc val_metric=0.8473
Early stopping at step 3427

--- Final (best ckpt @ step 2980) ---
  train_acc=0.9999 train_loss=0.0005 train_f1_macro=0.9999 train_f1_weighted=0.9999 train_prec_macro=1.0000 train_rec_macro=0.9998 train_metric_name=acc train_metric=0.9999
  val_acc=0.8505 val_loss=0.8897 val_f1_macro=0.8160 val_f1_weighted=0.8479 val_prec_macro=0.8174 val_rec_macro=0.8179 val_metric_name=acc val_metric=0.8505
  test_acc=0.8436 test_loss=0.9335 test_f1_macro=0.8076 test_f1_weighted=0.8402 test_prec_macro=0.8068 test_rec_macro=0.8130 test_metric_name=acc test_metric=0.8436
  test_acc=0.8436

============================================================
Training roman-empire TAG 2L h=256 lr=6e-05 split=4
============================================================
Training for 5000 steps
Step    1 | loss 2.9796 | val_acc=0.1093 val_loss=2.7838 val_f1_macro=0.0380 val_f1_weighted=0.0784 val_prec_macro=0.0491 val_rec_macro=0.0525 val_metric_name=acc val_metric=0.1093
Step   50 | loss 1.5317 | val_acc=0.5838 val_loss=1.3528 val_f1_macro=0.3650 val_f1_weighted=0.5305 val_prec_macro=0.4492 val_rec_macro=0.3687 val_metric_name=acc val_metric=0.5838
Step  100 | loss 1.0482 | val_acc=0.6955 val_loss=0.9297 val_f1_macro=0.5462 val_f1_weighted=0.6634 val_prec_macro=0.6433 val_rec_macro=0.5490 val_metric_name=acc val_metric=0.6955
Step  150 | loss 0.8208 | val_acc=0.7453 val_loss=0.7561 val_f1_macro=0.6383 val_f1_weighted=0.7275 val_prec_macro=0.7241 val_rec_macro=0.6328 val_metric_name=acc val_metric=0.7453
Step  200 | loss 0.6755 | val_acc=0.7776 val_loss=0.6711 val_f1_macro=0.7039 val_f1_weighted=0.7678 val_prec_macro=0.7397 val_rec_macro=0.6958 val_metric_name=acc val_metric=0.7776
Step  250 | loss 0.5890 | val_acc=0.7944 val_loss=0.6225 val_f1_macro=0.7337 val_f1_weighted=0.7867 val_prec_macro=0.7599 val_rec_macro=0.7272 val_metric_name=acc val_metric=0.7944
Step  300 | loss 0.5018 | val_acc=0.8055 val_loss=0.5881 val_f1_macro=0.7540 val_f1_weighted=0.8005 val_prec_macro=0.7684 val_rec_macro=0.7498 val_metric_name=acc val_metric=0.8055
Step  350 | loss 0.4370 | val_acc=0.8187 val_loss=0.5686 val_f1_macro=0.7718 val_f1_weighted=0.8149 val_prec_macro=0.7817 val_rec_macro=0.7693 val_metric_name=acc val_metric=0.8187
Step  400 | loss 0.3699 | val_acc=0.8245 val_loss=0.5580 val_f1_macro=0.7815 val_f1_weighted=0.8209 val_prec_macro=0.7902 val_rec_macro=0.7788 val_metric_name=acc val_metric=0.8245
Step  450 | loss 0.3182 | val_acc=0.8309 val_loss=0.5600 val_f1_macro=0.7941 val_f1_weighted=0.8277 val_prec_macro=0.8001 val_rec_macro=0.7920 val_metric_name=acc val_metric=0.8309
Step  500 | loss 0.2732 | val_acc=0.8337 val_loss=0.5684 val_f1_macro=0.7980 val_f1_weighted=0.8310 val_prec_macro=0.8043 val_rec_macro=0.7962 val_metric_name=acc val_metric=0.8337
Step  550 | loss 0.2260 | val_acc=0.8364 val_loss=0.5870 val_f1_macro=0.8018 val_f1_weighted=0.8339 val_prec_macro=0.8069 val_rec_macro=0.8005 val_metric_name=acc val_metric=0.8364
Step  600 | loss 0.1879 | val_acc=0.8408 val_loss=0.6031 val_f1_macro=0.8085 val_f1_weighted=0.8382 val_prec_macro=0.8156 val_rec_macro=0.8059 val_metric_name=acc val_metric=0.8408
Step  650 | loss 0.1530 | val_acc=0.8408 val_loss=0.6253 val_f1_macro=0.8076 val_f1_weighted=0.8383 val_prec_macro=0.8144 val_rec_macro=0.8046 val_metric_name=acc val_metric=0.8408
Step  700 | loss 0.1292 | val_acc=0.8440 val_loss=0.6474 val_f1_macro=0.8104 val_f1_weighted=0.8414 val_prec_macro=0.8172 val_rec_macro=0.8077 val_metric_name=acc val_metric=0.8440
Step  750 | loss 0.1149 | val_acc=0.8420 val_loss=0.6634 val_f1_macro=0.8070 val_f1_weighted=0.8392 val_prec_macro=0.8147 val_rec_macro=0.8030 val_metric_name=acc val_metric=0.8420
Step  800 | loss 0.0968 | val_acc=0.8424 val_loss=0.6877 val_f1_macro=0.8070 val_f1_weighted=0.8400 val_prec_macro=0.8123 val_rec_macro=0.8052 val_metric_name=acc val_metric=0.8424
Step  850 | loss 0.0867 | val_acc=0.8438 val_loss=0.7027 val_f1_macro=0.8075 val_f1_weighted=0.8413 val_prec_macro=0.8130 val_rec_macro=0.8055 val_metric_name=acc val_metric=0.8438
Step  900 | loss 0.0746 | val_acc=0.8438 val_loss=0.7234 val_f1_macro=0.8096 val_f1_weighted=0.8415 val_prec_macro=0.8129 val_rec_macro=0.8092 val_metric_name=acc val_metric=0.8438
Step  950 | loss 0.0628 | val_acc=0.8429 val_loss=0.7415 val_f1_macro=0.8074 val_f1_weighted=0.8410 val_prec_macro=0.8130 val_rec_macro=0.8054 val_metric_name=acc val_metric=0.8429
Step 1000 | loss 0.0600 | val_acc=0.8443 val_loss=0.7541 val_f1_macro=0.8095 val_f1_weighted=0.8422 val_prec_macro=0.8134 val_rec_macro=0.8086 val_metric_name=acc val_metric=0.8443
Step 1050 | loss 0.0472 | val_acc=0.8445 val_loss=0.7678 val_f1_macro=0.8093 val_f1_weighted=0.8420 val_prec_macro=0.8141 val_rec_macro=0.8077 val_metric_name=acc val_metric=0.8445
Step 1100 | loss 0.0478 | val_acc=0.8455 val_loss=0.7891 val_f1_macro=0.8098 val_f1_weighted=0.8430 val_prec_macro=0.8153 val_rec_macro=0.8088 val_metric_name=acc val_metric=0.8455
Step 1150 | loss 0.0423 | val_acc=0.8455 val_loss=0.7971 val_f1_macro=0.8109 val_f1_weighted=0.8429 val_prec_macro=0.8133 val_rec_macro=0.8113 val_metric_name=acc val_metric=0.8455
Step 1200 | loss 0.0379 | val_acc=0.8466 val_loss=0.8018 val_f1_macro=0.8128 val_f1_weighted=0.8441 val_prec_macro=0.8177 val_rec_macro=0.8111 val_metric_name=acc val_metric=0.8466
Step 1250 | loss 0.0386 | val_acc=0.8459 val_loss=0.8206 val_f1_macro=0.8105 val_f1_weighted=0.8435 val_prec_macro=0.8135 val_rec_macro=0.8109 val_metric_name=acc val_metric=0.8459
Step 1300 | loss 0.0298 | val_acc=0.8457 val_loss=0.8280 val_f1_macro=0.8109 val_f1_weighted=0.8432 val_prec_macro=0.8162 val_rec_macro=0.8093 val_metric_name=acc val_metric=0.8457
Step 1350 | loss 0.0298 | val_acc=0.8455 val_loss=0.8402 val_f1_macro=0.8117 val_f1_weighted=0.8434 val_prec_macro=0.8149 val_rec_macro=0.8122 val_metric_name=acc val_metric=0.8455
Step 1400 | loss 0.0273 | val_acc=0.8482 val_loss=0.8493 val_f1_macro=0.8135 val_f1_weighted=0.8457 val_prec_macro=0.8171 val_rec_macro=0.8129 val_metric_name=acc val_metric=0.8482
Step 1450 | loss 0.0223 | val_acc=0.8457 val_loss=0.8631 val_f1_macro=0.8122 val_f1_weighted=0.8432 val_prec_macro=0.8146 val_rec_macro=0.8129 val_metric_name=acc val_metric=0.8457
Step 1500 | loss 0.0225 | val_acc=0.8496 val_loss=0.8695 val_f1_macro=0.8151 val_f1_weighted=0.8470 val_prec_macro=0.8177 val_rec_macro=0.8151 val_metric_name=acc val_metric=0.8496
Step 1550 | loss 0.0196 | val_acc=0.8477 val_loss=0.8754 val_f1_macro=0.8143 val_f1_weighted=0.8454 val_prec_macro=0.8163 val_rec_macro=0.8152 val_metric_name=acc val_metric=0.8477
Step 1600 | loss 0.0200 | val_acc=0.8477 val_loss=0.8838 val_f1_macro=0.8122 val_f1_weighted=0.8453 val_prec_macro=0.8151 val_rec_macro=0.8126 val_metric_name=acc val_metric=0.8477
Step 1650 | loss 0.0173 | val_acc=0.8482 val_loss=0.8996 val_f1_macro=0.8140 val_f1_weighted=0.8454 val_prec_macro=0.8171 val_rec_macro=0.8147 val_metric_name=acc val_metric=0.8482
Step 1700 | loss 0.0200 | val_acc=0.8501 val_loss=0.9019 val_f1_macro=0.8160 val_f1_weighted=0.8475 val_prec_macro=0.8204 val_rec_macro=0.8148 val_metric_name=acc val_metric=0.8501
Step 1750 | loss 0.0185 | val_acc=0.8485 val_loss=0.9042 val_f1_macro=0.8142 val_f1_weighted=0.8463 val_prec_macro=0.8168 val_rec_macro=0.8145 val_metric_name=acc val_metric=0.8485
Step 1800 | loss 0.0148 | val_acc=0.8477 val_loss=0.9104 val_f1_macro=0.8133 val_f1_weighted=0.8452 val_prec_macro=0.8151 val_rec_macro=0.8146 val_metric_name=acc val_metric=0.8477
Step 1850 | loss 0.0152 | val_acc=0.8505 val_loss=0.9163 val_f1_macro=0.8162 val_f1_weighted=0.8476 val_prec_macro=0.8197 val_rec_macro=0.8162 val_metric_name=acc val_metric=0.8505
Step 1900 | loss 0.0154 | val_acc=0.8492 val_loss=0.9249 val_f1_macro=0.8138 val_f1_weighted=0.8468 val_prec_macro=0.8161 val_rec_macro=0.8148 val_metric_name=acc val_metric=0.8492
Step 1950 | loss 0.0135 | val_acc=0.8496 val_loss=0.9324 val_f1_macro=0.8142 val_f1_weighted=0.8472 val_prec_macro=0.8172 val_rec_macro=0.8143 val_metric_name=acc val_metric=0.8496
Step 2000 | loss 0.0123 | val_acc=0.8496 val_loss=0.9389 val_f1_macro=0.8136 val_f1_weighted=0.8471 val_prec_macro=0.8174 val_rec_macro=0.8137 val_metric_name=acc val_metric=0.8496
Step 2050 | loss 0.0121 | val_acc=0.8521 val_loss=0.9345 val_f1_macro=0.8180 val_f1_weighted=0.8497 val_prec_macro=0.8207 val_rec_macro=0.8183 val_metric_name=acc val_metric=0.8521
Step 2100 | loss 0.0133 | val_acc=0.8523 val_loss=0.9406 val_f1_macro=0.8173 val_f1_weighted=0.8499 val_prec_macro=0.8207 val_rec_macro=0.8168 val_metric_name=acc val_metric=0.8523
Step 2150 | loss 0.0138 | val_acc=0.8507 val_loss=0.9501 val_f1_macro=0.8156 val_f1_weighted=0.8481 val_prec_macro=0.8203 val_rec_macro=0.8138 val_metric_name=acc val_metric=0.8507
Step 2200 | loss 0.0097 | val_acc=0.8521 val_loss=0.9497 val_f1_macro=0.8178 val_f1_weighted=0.8497 val_prec_macro=0.8212 val_rec_macro=0.8173 val_metric_name=acc val_metric=0.8521
Step 2250 | loss 0.0120 | val_acc=0.8494 val_loss=0.9558 val_f1_macro=0.8144 val_f1_weighted=0.8469 val_prec_macro=0.8165 val_rec_macro=0.8160 val_metric_name=acc val_metric=0.8494
Step 2300 | loss 0.0113 | val_acc=0.8517 val_loss=0.9568 val_f1_macro=0.8185 val_f1_weighted=0.8491 val_prec_macro=0.8225 val_rec_macro=0.8171 val_metric_name=acc val_metric=0.8517
Step 2350 | loss 0.0100 | val_acc=0.8510 val_loss=0.9701 val_f1_macro=0.8158 val_f1_weighted=0.8485 val_prec_macro=0.8183 val_rec_macro=0.8167 val_metric_name=acc val_metric=0.8510
Step 2400 | loss 0.0086 | val_acc=0.8519 val_loss=0.9788 val_f1_macro=0.8169 val_f1_weighted=0.8493 val_prec_macro=0.8210 val_rec_macro=0.8161 val_metric_name=acc val_metric=0.8519
Step 2450 | loss 0.0100 | val_acc=0.8505 val_loss=0.9757 val_f1_macro=0.8173 val_f1_weighted=0.8481 val_prec_macro=0.8196 val_rec_macro=0.8188 val_metric_name=acc val_metric=0.8505
Step 2500 | loss 0.0101 | val_acc=0.8523 val_loss=0.9807 val_f1_macro=0.8180 val_f1_weighted=0.8495 val_prec_macro=0.8205 val_rec_macro=0.8191 val_metric_name=acc val_metric=0.8523
Step 2550 | loss 0.0091 | val_acc=0.8521 val_loss=0.9785 val_f1_macro=0.8174 val_f1_weighted=0.8500 val_prec_macro=0.8171 val_rec_macro=0.8204 val_metric_name=acc val_metric=0.8521
Step 2600 | loss 0.0085 | val_acc=0.8517 val_loss=0.9850 val_f1_macro=0.8159 val_f1_weighted=0.8489 val_prec_macro=0.8161 val_rec_macro=0.8196 val_metric_name=acc val_metric=0.8517
Step 2650 | loss 0.0077 | val_acc=0.8538 val_loss=0.9901 val_f1_macro=0.8192 val_f1_weighted=0.8511 val_prec_macro=0.8202 val_rec_macro=0.8209 val_metric_name=acc val_metric=0.8538
Step 2700 | loss 0.0066 | val_acc=0.8514 val_loss=0.9986 val_f1_macro=0.8163 val_f1_weighted=0.8489 val_prec_macro=0.8170 val_rec_macro=0.8194 val_metric_name=acc val_metric=0.8514
Step 2750 | loss 0.0096 | val_acc=0.8524 val_loss=1.0018 val_f1_macro=0.8182 val_f1_weighted=0.8495 val_prec_macro=0.8197 val_rec_macro=0.8203 val_metric_name=acc val_metric=0.8524
Step 2800 | loss 0.0086 | val_acc=0.8535 val_loss=1.0067 val_f1_macro=0.8178 val_f1_weighted=0.8509 val_prec_macro=0.8212 val_rec_macro=0.8183 val_metric_name=acc val_metric=0.8535
Step 2850 | loss 0.0065 | val_acc=0.8526 val_loss=1.0120 val_f1_macro=0.8191 val_f1_weighted=0.8502 val_prec_macro=0.8202 val_rec_macro=0.8214 val_metric_name=acc val_metric=0.8526
Step 2900 | loss 0.0062 | val_acc=0.8521 val_loss=1.0152 val_f1_macro=0.8179 val_f1_weighted=0.8497 val_prec_macro=0.8197 val_rec_macro=0.8196 val_metric_name=acc val_metric=0.8521
Step 2950 | loss 0.0063 | val_acc=0.8544 val_loss=1.0137 val_f1_macro=0.8210 val_f1_weighted=0.8519 val_prec_macro=0.8233 val_rec_macro=0.8219 val_metric_name=acc val_metric=0.8544
Step 3000 | loss 0.0058 | val_acc=0.8549 val_loss=1.0290 val_f1_macro=0.8223 val_f1_weighted=0.8521 val_prec_macro=0.8263 val_rec_macro=0.8219 val_metric_name=acc val_metric=0.8549
Step 3050 | loss 0.0052 | val_acc=0.8563 val_loss=1.0273 val_f1_macro=0.8242 val_f1_weighted=0.8538 val_prec_macro=0.8264 val_rec_macro=0.8253 val_metric_name=acc val_metric=0.8563
Step 3100 | loss 0.0059 | val_acc=0.8537 val_loss=1.0266 val_f1_macro=0.8200 val_f1_weighted=0.8511 val_prec_macro=0.8221 val_rec_macro=0.8208 val_metric_name=acc val_metric=0.8537
Step 3150 | loss 0.0062 | val_acc=0.8545 val_loss=1.0306 val_f1_macro=0.8202 val_f1_weighted=0.8522 val_prec_macro=0.8247 val_rec_macro=0.8195 val_metric_name=acc val_metric=0.8545
Early stopping at step 3180

--- Final (best ckpt @ step 2880) ---
  train_acc=1.0000 train_loss=0.0001 train_f1_macro=1.0000 train_f1_weighted=1.0000 train_prec_macro=1.0000 train_rec_macro=1.0000 train_metric_name=acc train_metric=1.0000
  val_acc=0.8567 val_loss=1.0088 val_f1_macro=0.8251 val_f1_weighted=0.8546 val_prec_macro=0.8261 val_rec_macro=0.8271 val_metric_name=acc val_metric=0.8567
  test_acc=0.8427 test_loss=1.0668 test_f1_macro=0.8073 test_f1_weighted=0.8398 test_prec_macro=0.8041 test_rec_macro=0.8148 test_metric_name=acc test_metric=0.8427
  test_acc=0.8427

============================================================
Training roman-empire TAG 2L h=256 lr=0.0001 split=4
============================================================
Training for 5000 steps
Step    1 | loss 2.9796 | val_acc=0.1398 val_loss=2.7186 val_f1_macro=0.0386 val_f1_weighted=0.0847 val_prec_macro=0.0505 val_rec_macro=0.0652 val_metric_name=acc val_metric=0.1398
Step   50 | loss 1.2460 | val_acc=0.6501 val_loss=1.0999 val_f1_macro=0.4703 val_f1_weighted=0.6099 val_prec_macro=0.5875 val_rec_macro=0.4710 val_metric_name=acc val_metric=0.6501
Step  100 | loss 0.8091 | val_acc=0.7455 val_loss=0.7544 val_f1_macro=0.6432 val_f1_weighted=0.7287 val_prec_macro=0.7189 val_rec_macro=0.6354 val_metric_name=acc val_metric=0.7455
Step  150 | loss 0.6162 | val_acc=0.7875 val_loss=0.6372 val_f1_macro=0.7248 val_f1_weighted=0.7797 val_prec_macro=0.7483 val_rec_macro=0.7186 val_metric_name=acc val_metric=0.7875
Step  200 | loss 0.4814 | val_acc=0.8078 val_loss=0.5830 val_f1_macro=0.7585 val_f1_weighted=0.8037 val_prec_macro=0.7723 val_rec_macro=0.7542 val_metric_name=acc val_metric=0.8078
Step  250 | loss 0.3928 | val_acc=0.8235 val_loss=0.5645 val_f1_macro=0.7780 val_f1_weighted=0.8194 val_prec_macro=0.7904 val_rec_macro=0.7739 val_metric_name=acc val_metric=0.8235
Step  300 | loss 0.3033 | val_acc=0.8304 val_loss=0.5666 val_f1_macro=0.7930 val_f1_weighted=0.8276 val_prec_macro=0.8003 val_rec_macro=0.7911 val_metric_name=acc val_metric=0.8304
Step  350 | loss 0.2323 | val_acc=0.8365 val_loss=0.5828 val_f1_macro=0.8038 val_f1_weighted=0.8343 val_prec_macro=0.8110 val_rec_macro=0.8012 val_metric_name=acc val_metric=0.8365
Step  400 | loss 0.1745 | val_acc=0.8402 val_loss=0.6131 val_f1_macro=0.8071 val_f1_weighted=0.8378 val_prec_macro=0.8126 val_rec_macro=0.8051 val_metric_name=acc val_metric=0.8402
Step  450 | loss 0.1339 | val_acc=0.8427 val_loss=0.6424 val_f1_macro=0.8109 val_f1_weighted=0.8405 val_prec_macro=0.8158 val_rec_macro=0.8089 val_metric_name=acc val_metric=0.8427
Step  500 | loss 0.1049 | val_acc=0.8429 val_loss=0.6775 val_f1_macro=0.8101 val_f1_weighted=0.8405 val_prec_macro=0.8133 val_rec_macro=0.8100 val_metric_name=acc val_metric=0.8429
Step  550 | loss 0.0839 | val_acc=0.8425 val_loss=0.7065 val_f1_macro=0.8085 val_f1_weighted=0.8402 val_prec_macro=0.8135 val_rec_macro=0.8067 val_metric_name=acc val_metric=0.8425
Step  600 | loss 0.0645 | val_acc=0.8427 val_loss=0.7394 val_f1_macro=0.8083 val_f1_weighted=0.8407 val_prec_macro=0.8134 val_rec_macro=0.8071 val_metric_name=acc val_metric=0.8427
Step  650 | loss 0.0532 | val_acc=0.8461 val_loss=0.7621 val_f1_macro=0.8107 val_f1_weighted=0.8437 val_prec_macro=0.8151 val_rec_macro=0.8103 val_metric_name=acc val_metric=0.8461
Step  700 | loss 0.0438 | val_acc=0.8462 val_loss=0.7860 val_f1_macro=0.8120 val_f1_weighted=0.8442 val_prec_macro=0.8147 val_rec_macro=0.8127 val_metric_name=acc val_metric=0.8462
Step  750 | loss 0.0400 | val_acc=0.8468 val_loss=0.7981 val_f1_macro=0.8122 val_f1_weighted=0.8440 val_prec_macro=0.8167 val_rec_macro=0.8110 val_metric_name=acc val_metric=0.8468
Step  800 | loss 0.0347 | val_acc=0.8436 val_loss=0.8238 val_f1_macro=0.8067 val_f1_weighted=0.8410 val_prec_macro=0.8087 val_rec_macro=0.8088 val_metric_name=acc val_metric=0.8436
Step  850 | loss 0.0327 | val_acc=0.8484 val_loss=0.8330 val_f1_macro=0.8140 val_f1_weighted=0.8460 val_prec_macro=0.8182 val_rec_macro=0.8127 val_metric_name=acc val_metric=0.8484
Step  900 | loss 0.0287 | val_acc=0.8492 val_loss=0.8521 val_f1_macro=0.8153 val_f1_weighted=0.8470 val_prec_macro=0.8170 val_rec_macro=0.8164 val_metric_name=acc val_metric=0.8492
Step  950 | loss 0.0237 | val_acc=0.8478 val_loss=0.8654 val_f1_macro=0.8139 val_f1_weighted=0.8455 val_prec_macro=0.8157 val_rec_macro=0.8153 val_metric_name=acc val_metric=0.8478
Step 1000 | loss 0.0241 | val_acc=0.8485 val_loss=0.8799 val_f1_macro=0.8126 val_f1_weighted=0.8459 val_prec_macro=0.8152 val_rec_macro=0.8133 val_metric_name=acc val_metric=0.8485
Step 1050 | loss 0.0184 | val_acc=0.8496 val_loss=0.8825 val_f1_macro=0.8151 val_f1_weighted=0.8470 val_prec_macro=0.8194 val_rec_macro=0.8142 val_metric_name=acc val_metric=0.8496
Step 1100 | loss 0.0199 | val_acc=0.8475 val_loss=0.9011 val_f1_macro=0.8118 val_f1_weighted=0.8450 val_prec_macro=0.8150 val_rec_macro=0.8130 val_metric_name=acc val_metric=0.8475
Step 1150 | loss 0.0172 | val_acc=0.8470 val_loss=0.9063 val_f1_macro=0.8145 val_f1_weighted=0.8445 val_prec_macro=0.8156 val_rec_macro=0.8162 val_metric_name=acc val_metric=0.8470
Step 1200 | loss 0.0145 | val_acc=0.8500 val_loss=0.9091 val_f1_macro=0.8163 val_f1_weighted=0.8472 val_prec_macro=0.8180 val_rec_macro=0.8178 val_metric_name=acc val_metric=0.8500
Step 1250 | loss 0.0170 | val_acc=0.8496 val_loss=0.9269 val_f1_macro=0.8159 val_f1_weighted=0.8471 val_prec_macro=0.8189 val_rec_macro=0.8161 val_metric_name=acc val_metric=0.8496
Step 1300 | loss 0.0127 | val_acc=0.8498 val_loss=0.9384 val_f1_macro=0.8151 val_f1_weighted=0.8468 val_prec_macro=0.8200 val_rec_macro=0.8139 val_metric_name=acc val_metric=0.8498
Step 1350 | loss 0.0123 | val_acc=0.8505 val_loss=0.9362 val_f1_macro=0.8166 val_f1_weighted=0.8482 val_prec_macro=0.8184 val_rec_macro=0.8175 val_metric_name=acc val_metric=0.8505
Step 1400 | loss 0.0120 | val_acc=0.8523 val_loss=0.9521 val_f1_macro=0.8182 val_f1_weighted=0.8499 val_prec_macro=0.8195 val_rec_macro=0.8195 val_metric_name=acc val_metric=0.8523
Step 1450 | loss 0.0100 | val_acc=0.8508 val_loss=0.9578 val_f1_macro=0.8175 val_f1_weighted=0.8486 val_prec_macro=0.8182 val_rec_macro=0.8190 val_metric_name=acc val_metric=0.8508
Step 1500 | loss 0.0106 | val_acc=0.8526 val_loss=0.9665 val_f1_macro=0.8185 val_f1_weighted=0.8501 val_prec_macro=0.8189 val_rec_macro=0.8210 val_metric_name=acc val_metric=0.8526
Step 1550 | loss 0.0083 | val_acc=0.8512 val_loss=0.9757 val_f1_macro=0.8187 val_f1_weighted=0.8487 val_prec_macro=0.8201 val_rec_macro=0.8207 val_metric_name=acc val_metric=0.8512
Step 1600 | loss 0.0093 | val_acc=0.8530 val_loss=0.9782 val_f1_macro=0.8173 val_f1_weighted=0.8506 val_prec_macro=0.8200 val_rec_macro=0.8178 val_metric_name=acc val_metric=0.8530
Step 1650 | loss 0.0060 | val_acc=0.8491 val_loss=0.9978 val_f1_macro=0.8138 val_f1_weighted=0.8463 val_prec_macro=0.8153 val_rec_macro=0.8158 val_metric_name=acc val_metric=0.8491
Step 1700 | loss 0.0102 | val_acc=0.8515 val_loss=0.9948 val_f1_macro=0.8177 val_f1_weighted=0.8490 val_prec_macro=0.8207 val_rec_macro=0.8175 val_metric_name=acc val_metric=0.8515
Step 1750 | loss 0.0084 | val_acc=0.8535 val_loss=0.9984 val_f1_macro=0.8205 val_f1_weighted=0.8512 val_prec_macro=0.8229 val_rec_macro=0.8211 val_metric_name=acc val_metric=0.8535
Step 1800 | loss 0.0068 | val_acc=0.8500 val_loss=0.9971 val_f1_macro=0.8162 val_f1_weighted=0.8473 val_prec_macro=0.8173 val_rec_macro=0.8183 val_metric_name=acc val_metric=0.8500
Step 1850 | loss 0.0082 | val_acc=0.8530 val_loss=1.0054 val_f1_macro=0.8188 val_f1_weighted=0.8503 val_prec_macro=0.8224 val_rec_macro=0.8189 val_metric_name=acc val_metric=0.8530
Step 1900 | loss 0.0074 | val_acc=0.8530 val_loss=1.0102 val_f1_macro=0.8180 val_f1_weighted=0.8503 val_prec_macro=0.8200 val_rec_macro=0.8194 val_metric_name=acc val_metric=0.8530
Step 1950 | loss 0.0062 | val_acc=0.8508 val_loss=1.0147 val_f1_macro=0.8149 val_f1_weighted=0.8482 val_prec_macro=0.8164 val_rec_macro=0.8164 val_metric_name=acc val_metric=0.8508
Step 2000 | loss 0.0048 | val_acc=0.8540 val_loss=1.0224 val_f1_macro=0.8208 val_f1_weighted=0.8510 val_prec_macro=0.8221 val_rec_macro=0.8228 val_metric_name=acc val_metric=0.8540
Step 2050 | loss 0.0065 | val_acc=0.8554 val_loss=1.0128 val_f1_macro=0.8228 val_f1_weighted=0.8527 val_prec_macro=0.8245 val_rec_macro=0.8231 val_metric_name=acc val_metric=0.8554
Step 2100 | loss 0.0067 | val_acc=0.8533 val_loss=1.0243 val_f1_macro=0.8184 val_f1_weighted=0.8506 val_prec_macro=0.8191 val_rec_macro=0.8212 val_metric_name=acc val_metric=0.8533
Step 2150 | loss 0.0058 | val_acc=0.8535 val_loss=1.0305 val_f1_macro=0.8193 val_f1_weighted=0.8508 val_prec_macro=0.8226 val_rec_macro=0.8186 val_metric_name=acc val_metric=0.8535
Step 2200 | loss 0.0042 | val_acc=0.8545 val_loss=1.0299 val_f1_macro=0.8188 val_f1_weighted=0.8521 val_prec_macro=0.8223 val_rec_macro=0.8195 val_metric_name=acc val_metric=0.8545
Step 2250 | loss 0.0052 | val_acc=0.8547 val_loss=1.0366 val_f1_macro=0.8199 val_f1_weighted=0.8522 val_prec_macro=0.8216 val_rec_macro=0.8219 val_metric_name=acc val_metric=0.8547
Step 2300 | loss 0.0063 | val_acc=0.8531 val_loss=1.0450 val_f1_macro=0.8181 val_f1_weighted=0.8501 val_prec_macro=0.8210 val_rec_macro=0.8181 val_metric_name=acc val_metric=0.8531
Step 2350 | loss 0.0046 | val_acc=0.8556 val_loss=1.0552 val_f1_macro=0.8224 val_f1_weighted=0.8530 val_prec_macro=0.8251 val_rec_macro=0.8230 val_metric_name=acc val_metric=0.8556
Step 2400 | loss 0.0038 | val_acc=0.8523 val_loss=1.0690 val_f1_macro=0.8174 val_f1_weighted=0.8493 val_prec_macro=0.8192 val_rec_macro=0.8190 val_metric_name=acc val_metric=0.8523
Step 2450 | loss 0.0061 | val_acc=0.8556 val_loss=1.0547 val_f1_macro=0.8223 val_f1_weighted=0.8530 val_prec_macro=0.8233 val_rec_macro=0.8248 val_metric_name=acc val_metric=0.8556
Step 2500 | loss 0.0055 | val_acc=0.8549 val_loss=1.0431 val_f1_macro=0.8221 val_f1_weighted=0.8525 val_prec_macro=0.8251 val_rec_macro=0.8216 val_metric_name=acc val_metric=0.8549
Step 2550 | loss 0.0043 | val_acc=0.8547 val_loss=1.0524 val_f1_macro=0.8224 val_f1_weighted=0.8527 val_prec_macro=0.8228 val_rec_macro=0.8248 val_metric_name=acc val_metric=0.8547
Step 2600 | loss 0.0045 | val_acc=0.8551 val_loss=1.0661 val_f1_macro=0.8202 val_f1_weighted=0.8521 val_prec_macro=0.8190 val_rec_macro=0.8255 val_metric_name=acc val_metric=0.8551
Step 2650 | loss 0.0038 | val_acc=0.8547 val_loss=1.0694 val_f1_macro=0.8216 val_f1_weighted=0.8519 val_prec_macro=0.8205 val_rec_macro=0.8257 val_metric_name=acc val_metric=0.8547
Step 2700 | loss 0.0036 | val_acc=0.8565 val_loss=1.0737 val_f1_macro=0.8221 val_f1_weighted=0.8541 val_prec_macro=0.8249 val_rec_macro=0.8227 val_metric_name=acc val_metric=0.8565
Step 2750 | loss 0.0064 | val_acc=0.8567 val_loss=1.0810 val_f1_macro=0.8226 val_f1_weighted=0.8538 val_prec_macro=0.8255 val_rec_macro=0.8235 val_metric_name=acc val_metric=0.8567
Step 2800 | loss 0.0035 | val_acc=0.8540 val_loss=1.0895 val_f1_macro=0.8203 val_f1_weighted=0.8516 val_prec_macro=0.8243 val_rec_macro=0.8211 val_metric_name=acc val_metric=0.8540
Step 2850 | loss 0.0034 | val_acc=0.8545 val_loss=1.0964 val_f1_macro=0.8218 val_f1_weighted=0.8523 val_prec_macro=0.8239 val_rec_macro=0.8233 val_metric_name=acc val_metric=0.8545
Early stopping at step 2861

--- Final (best ckpt @ step 2560) ---
  train_acc=1.0000 train_loss=0.0001 train_f1_macro=1.0000 train_f1_weighted=1.0000 train_prec_macro=1.0000 train_rec_macro=1.0000 train_metric_name=acc train_metric=1.0000
  val_acc=0.8577 val_loss=1.0604 val_f1_macro=0.8234 val_f1_weighted=0.8549 val_prec_macro=0.8267 val_rec_macro=0.8231 val_metric_name=acc val_metric=0.8577
  test_acc=0.8452 test_loss=1.1330 test_f1_macro=0.8108 test_f1_weighted=0.8418 test_prec_macro=0.8104 test_rec_macro=0.8159 test_metric_name=acc test_metric=0.8452
  test_acc=0.8452

============================================================
Training roman-empire TAG 2L h=256 lr=1e-05 split=4
============================================================
Training for 5000 steps
Step    1 | loss 2.9796 | val_acc=0.0607 val_loss=2.9053 val_f1_macro=0.0351 val_f1_weighted=0.0565 val_prec_macro=0.0451 val_rec_macro=0.0395 val_metric_name=acc val_metric=0.0607
Step   50 | loss 2.5023 | val_acc=0.3659 val_loss=2.3863 val_f1_macro=0.1154 val_f1_weighted=0.2575 val_prec_macro=0.1194 val_rec_macro=0.1612 val_metric_name=acc val_metric=0.3659
Step  100 | loss 2.1570 | val_acc=0.4653 val_loss=1.9244 val_f1_macro=0.2119 val_f1_weighted=0.3876 val_prec_macro=0.2438 val_rec_macro=0.2380 val_metric_name=acc val_metric=0.4653
Step  150 | loss 1.8509 | val_acc=0.5149 val_loss=1.6184 val_f1_macro=0.2497 val_f1_weighted=0.4434 val_prec_macro=0.3322 val_rec_macro=0.2752 val_metric_name=acc val_metric=0.5149
Step  200 | loss 1.6448 | val_acc=0.5631 val_loss=1.4286 val_f1_macro=0.3253 val_f1_weighted=0.5039 val_prec_macro=0.4569 val_rec_macro=0.3324 val_metric_name=acc val_metric=0.5631
Step  250 | loss 1.4989 | val_acc=0.5998 val_loss=1.2928 val_f1_macro=0.3889 val_f1_weighted=0.5488 val_prec_macro=0.4938 val_rec_macro=0.3905 val_metric_name=acc val_metric=0.5998
Step  300 | loss 1.3775 | val_acc=0.6259 val_loss=1.1866 val_f1_macro=0.4270 val_f1_weighted=0.5788 val_prec_macro=0.4981 val_rec_macro=0.4278 val_metric_name=acc val_metric=0.6259
Step  350 | loss 1.2790 | val_acc=0.6510 val_loss=1.0997 val_f1_macro=0.4726 val_f1_weighted=0.6090 val_prec_macro=0.5462 val_rec_macro=0.4712 val_metric_name=acc val_metric=0.6510
Step  400 | loss 1.1885 | val_acc=0.6738 val_loss=1.0269 val_f1_macro=0.5043 val_f1_weighted=0.6360 val_prec_macro=0.5884 val_rec_macro=0.5041 val_metric_name=acc val_metric=0.6738
Step  450 | loss 1.1274 | val_acc=0.6906 val_loss=0.9672 val_f1_macro=0.5316 val_f1_weighted=0.6556 val_prec_macro=0.6426 val_rec_macro=0.5317 val_metric_name=acc val_metric=0.6906
Step  500 | loss 1.0551 | val_acc=0.7017 val_loss=0.9169 val_f1_macro=0.5486 val_f1_weighted=0.6691 val_prec_macro=0.6357 val_rec_macro=0.5522 val_metric_name=acc val_metric=0.7017
Step  550 | loss 1.0014 | val_acc=0.7130 val_loss=0.8746 val_f1_macro=0.5670 val_f1_weighted=0.6826 val_prec_macro=0.7061 val_rec_macro=0.5714 val_metric_name=acc val_metric=0.7130
Step  600 | loss 0.9538 | val_acc=0.7209 val_loss=0.8391 val_f1_macro=0.5865 val_f1_weighted=0.6939 val_prec_macro=0.7316 val_rec_macro=0.5856 val_metric_name=acc val_metric=0.7209
Step  650 | loss 0.9096 | val_acc=0.7269 val_loss=0.8083 val_f1_macro=0.6001 val_f1_weighted=0.7024 val_prec_macro=0.7350 val_rec_macro=0.5965 val_metric_name=acc val_metric=0.7269
Step  700 | loss 0.8708 | val_acc=0.7349 val_loss=0.7816 val_f1_macro=0.6168 val_f1_weighted=0.7135 val_prec_macro=0.7320 val_rec_macro=0.6116 val_metric_name=acc val_metric=0.7349
Step  750 | loss 0.8346 | val_acc=0.7433 val_loss=0.7582 val_f1_macro=0.6338 val_f1_weighted=0.7247 val_prec_macro=0.7306 val_rec_macro=0.6268 val_metric_name=acc val_metric=0.7433
Step  800 | loss 0.8032 | val_acc=0.7525 val_loss=0.7382 val_f1_macro=0.6503 val_f1_weighted=0.7360 val_prec_macro=0.7283 val_rec_macro=0.6424 val_metric_name=acc val_metric=0.7525
Step  850 | loss 0.7709 | val_acc=0.7587 val_loss=0.7194 val_f1_macro=0.6644 val_f1_weighted=0.7443 val_prec_macro=0.7295 val_rec_macro=0.6559 val_metric_name=acc val_metric=0.7587
Step  900 | loss 0.7449 | val_acc=0.7629 val_loss=0.7042 val_f1_macro=0.6756 val_f1_weighted=0.7499 val_prec_macro=0.7343 val_rec_macro=0.6656 val_metric_name=acc val_metric=0.7629
Step  950 | loss 0.7249 | val_acc=0.7691 val_loss=0.6898 val_f1_macro=0.6843 val_f1_weighted=0.7566 val_prec_macro=0.7369 val_rec_macro=0.6753 val_metric_name=acc val_metric=0.7691
Step 1000 | loss 0.7007 | val_acc=0.7751 val_loss=0.6753 val_f1_macro=0.6972 val_f1_weighted=0.7643 val_prec_macro=0.7405 val_rec_macro=0.6893 val_metric_name=acc val_metric=0.7751
Step 1050 | loss 0.6744 | val_acc=0.7788 val_loss=0.6639 val_f1_macro=0.7055 val_f1_weighted=0.7687 val_prec_macro=0.7486 val_rec_macro=0.6959 val_metric_name=acc val_metric=0.7788
Step 1100 | loss 0.6529 | val_acc=0.7832 val_loss=0.6530 val_f1_macro=0.7145 val_f1_weighted=0.7742 val_prec_macro=0.7483 val_rec_macro=0.7062 val_metric_name=acc val_metric=0.7832
Step 1150 | loss 0.6386 | val_acc=0.7852 val_loss=0.6417 val_f1_macro=0.7204 val_f1_weighted=0.7770 val_prec_macro=0.7526 val_rec_macro=0.7114 val_metric_name=acc val_metric=0.7852
Step 1200 | loss 0.6176 | val_acc=0.7887 val_loss=0.6335 val_f1_macro=0.7242 val_f1_weighted=0.7808 val_prec_macro=0.7541 val_rec_macro=0.7166 val_metric_name=acc val_metric=0.7887
Step 1250 | loss 0.5949 | val_acc=0.7914 val_loss=0.6244 val_f1_macro=0.7306 val_f1_weighted=0.7841 val_prec_macro=0.7579 val_rec_macro=0.7226 val_metric_name=acc val_metric=0.7914
Step 1300 | loss 0.5837 | val_acc=0.7954 val_loss=0.6164 val_f1_macro=0.7354 val_f1_weighted=0.7883 val_prec_macro=0.7639 val_rec_macro=0.7265 val_metric_name=acc val_metric=0.7954
Step 1350 | loss 0.5645 | val_acc=0.7981 val_loss=0.6084 val_f1_macro=0.7403 val_f1_weighted=0.7914 val_prec_macro=0.7655 val_rec_macro=0.7323 val_metric_name=acc val_metric=0.7981
Step 1400 | loss 0.5501 | val_acc=0.8009 val_loss=0.6022 val_f1_macro=0.7467 val_f1_weighted=0.7949 val_prec_macro=0.7702 val_rec_macro=0.7394 val_metric_name=acc val_metric=0.8009
Step 1450 | loss 0.5279 | val_acc=0.8034 val_loss=0.5972 val_f1_macro=0.7507 val_f1_weighted=0.7972 val_prec_macro=0.7734 val_rec_macro=0.7432 val_metric_name=acc val_metric=0.8034
Step 1500 | loss 0.5120 | val_acc=0.8058 val_loss=0.5916 val_f1_macro=0.7530 val_f1_weighted=0.7999 val_prec_macro=0.7733 val_rec_macro=0.7465 val_metric_name=acc val_metric=0.8058
Step 1550 | loss 0.4977 | val_acc=0.8088 val_loss=0.5863 val_f1_macro=0.7561 val_f1_weighted=0.8031 val_prec_macro=0.7751 val_rec_macro=0.7499 val_metric_name=acc val_metric=0.8088
Step 1600 | loss 0.4849 | val_acc=0.8117 val_loss=0.5804 val_f1_macro=0.7609 val_f1_weighted=0.8063 val_prec_macro=0.7769 val_rec_macro=0.7550 val_metric_name=acc val_metric=0.8117
Step 1650 | loss 0.4700 | val_acc=0.8120 val_loss=0.5759 val_f1_macro=0.7628 val_f1_weighted=0.8069 val_prec_macro=0.7775 val_rec_macro=0.7573 val_metric_name=acc val_metric=0.8120
Step 1700 | loss 0.4580 | val_acc=0.8141 val_loss=0.5736 val_f1_macro=0.7663 val_f1_weighted=0.8093 val_prec_macro=0.7807 val_rec_macro=0.7612 val_metric_name=acc val_metric=0.8141
Step 1750 | loss 0.4475 | val_acc=0.8168 val_loss=0.5698 val_f1_macro=0.7689 val_f1_weighted=0.8121 val_prec_macro=0.7816 val_rec_macro=0.7646 val_metric_name=acc val_metric=0.8168
Step 1800 | loss 0.4260 | val_acc=0.8187 val_loss=0.5678 val_f1_macro=0.7714 val_f1_weighted=0.8142 val_prec_macro=0.7848 val_rec_macro=0.7669 val_metric_name=acc val_metric=0.8187
Step 1850 | loss 0.4186 | val_acc=0.8201 val_loss=0.5637 val_f1_macro=0.7741 val_f1_weighted=0.8156 val_prec_macro=0.7856 val_rec_macro=0.7702 val_metric_name=acc val_metric=0.8201
Step 1900 | loss 0.3982 | val_acc=0.8207 val_loss=0.5631 val_f1_macro=0.7751 val_f1_weighted=0.8163 val_prec_macro=0.7850 val_rec_macro=0.7724 val_metric_name=acc val_metric=0.8207
Step 1950 | loss 0.3939 | val_acc=0.8228 val_loss=0.5613 val_f1_macro=0.7787 val_f1_weighted=0.8186 val_prec_macro=0.7912 val_rec_macro=0.7737 val_metric_name=acc val_metric=0.8228
Step 2000 | loss 0.3796 | val_acc=0.8238 val_loss=0.5606 val_f1_macro=0.7799 val_f1_weighted=0.8197 val_prec_macro=0.7905 val_rec_macro=0.7770 val_metric_name=acc val_metric=0.8238
Step 2050 | loss 0.3722 | val_acc=0.8252 val_loss=0.5602 val_f1_macro=0.7823 val_f1_weighted=0.8210 val_prec_macro=0.7921 val_rec_macro=0.7792 val_metric_name=acc val_metric=0.8252
Step 2100 | loss 0.3542 | val_acc=0.8261 val_loss=0.5592 val_f1_macro=0.7836 val_f1_weighted=0.8225 val_prec_macro=0.7915 val_rec_macro=0.7819 val_metric_name=acc val_metric=0.8261
Step 2150 | loss 0.3440 | val_acc=0.8275 val_loss=0.5591 val_f1_macro=0.7857 val_f1_weighted=0.8242 val_prec_macro=0.7937 val_rec_macro=0.7834 val_metric_name=acc val_metric=0.8275
Step 2200 | loss 0.3341 | val_acc=0.8297 val_loss=0.5591 val_f1_macro=0.7903 val_f1_weighted=0.8266 val_prec_macro=0.7981 val_rec_macro=0.7880 val_metric_name=acc val_metric=0.8297
Step 2250 | loss 0.3256 | val_acc=0.8297 val_loss=0.5598 val_f1_macro=0.7899 val_f1_weighted=0.8267 val_prec_macro=0.7967 val_rec_macro=0.7881 val_metric_name=acc val_metric=0.8297
Step 2300 | loss 0.3213 | val_acc=0.8307 val_loss=0.5617 val_f1_macro=0.7922 val_f1_weighted=0.8276 val_prec_macro=0.7997 val_rec_macro=0.7899 val_metric_name=acc val_metric=0.8307
Step 2350 | loss 0.2968 | val_acc=0.8318 val_loss=0.5634 val_f1_macro=0.7939 val_f1_weighted=0.8292 val_prec_macro=0.8017 val_rec_macro=0.7909 val_metric_name=acc val_metric=0.8318
Step 2400 | loss 0.2915 | val_acc=0.8330 val_loss=0.5652 val_f1_macro=0.7944 val_f1_weighted=0.8304 val_prec_macro=0.8027 val_rec_macro=0.7915 val_metric_name=acc val_metric=0.8330
Step 2450 | loss 0.2809 | val_acc=0.8353 val_loss=0.5661 val_f1_macro=0.7995 val_f1_weighted=0.8329 val_prec_macro=0.8054 val_rec_macro=0.7980 val_metric_name=acc val_metric=0.8353
Step 2500 | loss 0.2798 | val_acc=0.8358 val_loss=0.5685 val_f1_macro=0.7995 val_f1_weighted=0.8330 val_prec_macro=0.8059 val_rec_macro=0.7973 val_metric_name=acc val_metric=0.8358
Step 2550 | loss 0.2656 | val_acc=0.8348 val_loss=0.5726 val_f1_macro=0.7970 val_f1_weighted=0.8318 val_prec_macro=0.8049 val_rec_macro=0.7939 val_metric_name=acc val_metric=0.8348
Step 2600 | loss 0.2601 | val_acc=0.8364 val_loss=0.5735 val_f1_macro=0.7999 val_f1_weighted=0.8337 val_prec_macro=0.8053 val_rec_macro=0.7990 val_metric_name=acc val_metric=0.8364
Step 2650 | loss 0.2452 | val_acc=0.8371 val_loss=0.5757 val_f1_macro=0.8015 val_f1_weighted=0.8346 val_prec_macro=0.8067 val_rec_macro=0.8003 val_metric_name=acc val_metric=0.8371
Step 2700 | loss 0.2363 | val_acc=0.8380 val_loss=0.5810 val_f1_macro=0.8043 val_f1_weighted=0.8356 val_prec_macro=0.8092 val_rec_macro=0.8034 val_metric_name=acc val_metric=0.8380
Step 2750 | loss 0.2311 | val_acc=0.8381 val_loss=0.5815 val_f1_macro=0.8046 val_f1_weighted=0.8355 val_prec_macro=0.8099 val_rec_macro=0.8030 val_metric_name=acc val_metric=0.8381
Step 2800 | loss 0.2145 | val_acc=0.8392 val_loss=0.5855 val_f1_macro=0.8053 val_f1_weighted=0.8369 val_prec_macro=0.8094 val_rec_macro=0.8046 val_metric_name=acc val_metric=0.8392
Step 2850 | loss 0.2144 | val_acc=0.8394 val_loss=0.5876 val_f1_macro=0.8055 val_f1_weighted=0.8367 val_prec_macro=0.8099 val_rec_macro=0.8047 val_metric_name=acc val_metric=0.8394
Step 2900 | loss 0.2048 | val_acc=0.8388 val_loss=0.5916 val_f1_macro=0.8046 val_f1_weighted=0.8362 val_prec_macro=0.8092 val_rec_macro=0.8035 val_metric_name=acc val_metric=0.8388
Step 2950 | loss 0.1976 | val_acc=0.8404 val_loss=0.5969 val_f1_macro=0.8064 val_f1_weighted=0.8376 val_prec_macro=0.8111 val_rec_macro=0.8058 val_metric_name=acc val_metric=0.8404
Step 3000 | loss 0.1951 | val_acc=0.8410 val_loss=0.5995 val_f1_macro=0.8067 val_f1_weighted=0.8383 val_prec_macro=0.8106 val_rec_macro=0.8068 val_metric_name=acc val_metric=0.8410
Step 3050 | loss 0.1834 | val_acc=0.8415 val_loss=0.6040 val_f1_macro=0.8077 val_f1_weighted=0.8388 val_prec_macro=0.8132 val_rec_macro=0.8060 val_metric_name=acc val_metric=0.8415
Step 3100 | loss 0.1819 | val_acc=0.8413 val_loss=0.6088 val_f1_macro=0.8071 val_f1_weighted=0.8387 val_prec_macro=0.8124 val_rec_macro=0.8056 val_metric_name=acc val_metric=0.8413
Step 3150 | loss 0.1748 | val_acc=0.8418 val_loss=0.6119 val_f1_macro=0.8080 val_f1_weighted=0.8391 val_prec_macro=0.8140 val_rec_macro=0.8056 val_metric_name=acc val_metric=0.8418
Step 3200 | loss 0.1691 | val_acc=0.8427 val_loss=0.6180 val_f1_macro=0.8092 val_f1_weighted=0.8401 val_prec_macro=0.8153 val_rec_macro=0.8073 val_metric_name=acc val_metric=0.8427
Step 3250 | loss 0.1636 | val_acc=0.8431 val_loss=0.6206 val_f1_macro=0.8094 val_f1_weighted=0.8404 val_prec_macro=0.8157 val_rec_macro=0.8069 val_metric_name=acc val_metric=0.8431
Step 3300 | loss 0.1571 | val_acc=0.8413 val_loss=0.6248 val_f1_macro=0.8066 val_f1_weighted=0.8384 val_prec_macro=0.8136 val_rec_macro=0.8038 val_metric_name=acc val_metric=0.8413
Step 3350 | loss 0.1498 | val_acc=0.8434 val_loss=0.6294 val_f1_macro=0.8091 val_f1_weighted=0.8408 val_prec_macro=0.8153 val_rec_macro=0.8068 val_metric_name=acc val_metric=0.8434
Step 3400 | loss 0.1483 | val_acc=0.8420 val_loss=0.6347 val_f1_macro=0.8065 val_f1_weighted=0.8391 val_prec_macro=0.8133 val_rec_macro=0.8040 val_metric_name=acc val_metric=0.8420
Step 3450 | loss 0.1395 | val_acc=0.8432 val_loss=0.6374 val_f1_macro=0.8089 val_f1_weighted=0.8404 val_prec_macro=0.8159 val_rec_macro=0.8056 val_metric_name=acc val_metric=0.8432
Step 3500 | loss 0.1366 | val_acc=0.8420 val_loss=0.6426 val_f1_macro=0.8075 val_f1_weighted=0.8394 val_prec_macro=0.8130 val_rec_macro=0.8055 val_metric_name=acc val_metric=0.8420
Step 3550 | loss 0.1354 | val_acc=0.8411 val_loss=0.6478 val_f1_macro=0.8065 val_f1_weighted=0.8386 val_prec_macro=0.8127 val_rec_macro=0.8040 val_metric_name=acc val_metric=0.8411
Step 3600 | loss 0.1299 | val_acc=0.8434 val_loss=0.6502 val_f1_macro=0.8093 val_f1_weighted=0.8408 val_prec_macro=0.8154 val_rec_macro=0.8069 val_metric_name=acc val_metric=0.8434
Step 3650 | loss 0.1245 | val_acc=0.8440 val_loss=0.6546 val_f1_macro=0.8105 val_f1_weighted=0.8414 val_prec_macro=0.8162 val_rec_macro=0.8081 val_metric_name=acc val_metric=0.8440
Step 3700 | loss 0.1221 | val_acc=0.8431 val_loss=0.6601 val_f1_macro=0.8090 val_f1_weighted=0.8403 val_prec_macro=0.8151 val_rec_macro=0.8068 val_metric_name=acc val_metric=0.8431
Step 3750 | loss 0.1172 | val_acc=0.8438 val_loss=0.6633 val_f1_macro=0.8094 val_f1_weighted=0.8409 val_prec_macro=0.8152 val_rec_macro=0.8073 val_metric_name=acc val_metric=0.8438
Step 3800 | loss 0.1135 | val_acc=0.8441 val_loss=0.6686 val_f1_macro=0.8100 val_f1_weighted=0.8416 val_prec_macro=0.8145 val_rec_macro=0.8087 val_metric_name=acc val_metric=0.8441
Step 3850 | loss 0.1014 | val_acc=0.8431 val_loss=0.6719 val_f1_macro=0.8080 val_f1_weighted=0.8403 val_prec_macro=0.8144 val_rec_macro=0.8054 val_metric_name=acc val_metric=0.8431
Step 3900 | loss 0.1023 | val_acc=0.8424 val_loss=0.6757 val_f1_macro=0.8087 val_f1_weighted=0.8399 val_prec_macro=0.8135 val_rec_macro=0.8072 val_metric_name=acc val_metric=0.8424
Early stopping at step 3940

--- Final (best ckpt @ step 3640) ---
  train_acc=0.9942 train_loss=0.0263 train_f1_macro=0.9937 train_f1_weighted=0.9942 train_prec_macro=0.9944 train_rec_macro=0.9931 train_metric_name=acc train_metric=0.9942
  val_acc=0.8455 val_loss=0.6540 val_f1_macro=0.8122 val_f1_weighted=0.8428 val_prec_macro=0.8185 val_rec_macro=0.8093 val_metric_name=acc val_metric=0.8455
  test_acc=0.8346 test_loss=0.6786 test_f1_macro=0.7955 test_f1_weighted=0.8318 test_prec_macro=0.8017 test_rec_macro=0.7941 test_metric_name=acc test_metric=0.8346
  test_acc=0.8346

============================================================
Training roman-empire TAG 2L h=384 lr=3e-05 split=4
============================================================
Training for 5000 steps
Step    1 | loss 3.0395 | val_acc=0.0966 val_loss=2.8337 val_f1_macro=0.0345 val_f1_weighted=0.0522 val_prec_macro=0.1273 val_rec_macro=0.0805 val_metric_name=acc val_metric=0.0966
Step   50 | loss 1.6210 | val_acc=0.5522 val_loss=1.4315 val_f1_macro=0.3010 val_f1_weighted=0.4934 val_prec_macro=0.4301 val_rec_macro=0.3164 val_metric_name=acc val_metric=0.5522
Step  100 | loss 1.1395 | val_acc=0.6791 val_loss=1.0089 val_f1_macro=0.5205 val_f1_weighted=0.6458 val_prec_macro=0.5734 val_rec_macro=0.5257 val_metric_name=acc val_metric=0.6791
Step  150 | loss 0.9008 | val_acc=0.7315 val_loss=0.8240 val_f1_macro=0.6166 val_f1_weighted=0.7117 val_prec_macro=0.7059 val_rec_macro=0.6157 val_metric_name=acc val_metric=0.7315
Step  200 | loss 0.7602 | val_acc=0.7613 val_loss=0.7267 val_f1_macro=0.6772 val_f1_weighted=0.7500 val_prec_macro=0.7191 val_rec_macro=0.6732 val_metric_name=acc val_metric=0.7613
Step  250 | loss 0.6634 | val_acc=0.7793 val_loss=0.6712 val_f1_macro=0.7114 val_f1_weighted=0.7705 val_prec_macro=0.7363 val_rec_macro=0.7081 val_metric_name=acc val_metric=0.7793
Step  300 | loss 0.5851 | val_acc=0.7928 val_loss=0.6300 val_f1_macro=0.7373 val_f1_weighted=0.7869 val_prec_macro=0.7541 val_rec_macro=0.7345 val_metric_name=acc val_metric=0.7928
Step  350 | loss 0.5117 | val_acc=0.8026 val_loss=0.6010 val_f1_macro=0.7538 val_f1_weighted=0.7976 val_prec_macro=0.7705 val_rec_macro=0.7491 val_metric_name=acc val_metric=0.8026
Step  400 | loss 0.4580 | val_acc=0.8094 val_loss=0.5803 val_f1_macro=0.7634 val_f1_weighted=0.8053 val_prec_macro=0.7782 val_rec_macro=0.7586 val_metric_name=acc val_metric=0.8094
Step  450 | loss 0.4096 | val_acc=0.8208 val_loss=0.5696 val_f1_macro=0.7802 val_f1_weighted=0.8184 val_prec_macro=0.7882 val_rec_macro=0.7802 val_metric_name=acc val_metric=0.8208
Step  500 | loss 0.3641 | val_acc=0.8270 val_loss=0.5542 val_f1_macro=0.7880 val_f1_weighted=0.8242 val_prec_macro=0.7921 val_rec_macro=0.7883 val_metric_name=acc val_metric=0.8270
Step  550 | loss 0.3210 | val_acc=0.8321 val_loss=0.5552 val_f1_macro=0.7963 val_f1_weighted=0.8304 val_prec_macro=0.8044 val_rec_macro=0.7938 val_metric_name=acc val_metric=0.8321
Step  600 | loss 0.2757 | val_acc=0.8357 val_loss=0.5565 val_f1_macro=0.8025 val_f1_weighted=0.8346 val_prec_macro=0.8066 val_rec_macro=0.8012 val_metric_name=acc val_metric=0.8357
Step  650 | loss 0.2447 | val_acc=0.8374 val_loss=0.5628 val_f1_macro=0.8037 val_f1_weighted=0.8361 val_prec_macro=0.8073 val_rec_macro=0.8030 val_metric_name=acc val_metric=0.8374
Step  700 | loss 0.2126 | val_acc=0.8371 val_loss=0.5740 val_f1_macro=0.8055 val_f1_weighted=0.8363 val_prec_macro=0.8112 val_rec_macro=0.8024 val_metric_name=acc val_metric=0.8371
Step  750 | loss 0.1853 | val_acc=0.8413 val_loss=0.5847 val_f1_macro=0.8106 val_f1_weighted=0.8400 val_prec_macro=0.8193 val_rec_macro=0.8054 val_metric_name=acc val_metric=0.8413
Step  800 | loss 0.1511 | val_acc=0.8427 val_loss=0.5988 val_f1_macro=0.8124 val_f1_weighted=0.8415 val_prec_macro=0.8178 val_rec_macro=0.8095 val_metric_name=acc val_metric=0.8427
Step  850 | loss 0.1318 | val_acc=0.8431 val_loss=0.6149 val_f1_macro=0.8148 val_f1_weighted=0.8428 val_prec_macro=0.8224 val_rec_macro=0.8105 val_metric_name=acc val_metric=0.8431
Step  900 | loss 0.1170 | val_acc=0.8441 val_loss=0.6283 val_f1_macro=0.8146 val_f1_weighted=0.8436 val_prec_macro=0.8217 val_rec_macro=0.8110 val_metric_name=acc val_metric=0.8441
Step  950 | loss 0.1025 | val_acc=0.8420 val_loss=0.6458 val_f1_macro=0.8132 val_f1_weighted=0.8416 val_prec_macro=0.8190 val_rec_macro=0.8108 val_metric_name=acc val_metric=0.8420
Step 1000 | loss 0.0917 | val_acc=0.8427 val_loss=0.6635 val_f1_macro=0.8124 val_f1_weighted=0.8415 val_prec_macro=0.8205 val_rec_macro=0.8081 val_metric_name=acc val_metric=0.8427
Step 1050 | loss 0.0768 | val_acc=0.8413 val_loss=0.6786 val_f1_macro=0.8103 val_f1_weighted=0.8402 val_prec_macro=0.8173 val_rec_macro=0.8064 val_metric_name=acc val_metric=0.8413
Step 1100 | loss 0.0716 | val_acc=0.8447 val_loss=0.6927 val_f1_macro=0.8156 val_f1_weighted=0.8436 val_prec_macro=0.8224 val_rec_macro=0.8123 val_metric_name=acc val_metric=0.8447
Step 1150 | loss 0.0640 | val_acc=0.8445 val_loss=0.7133 val_f1_macro=0.8141 val_f1_weighted=0.8439 val_prec_macro=0.8199 val_rec_macro=0.8125 val_metric_name=acc val_metric=0.8445
Step 1200 | loss 0.0599 | val_acc=0.8459 val_loss=0.7188 val_f1_macro=0.8147 val_f1_weighted=0.8448 val_prec_macro=0.8217 val_rec_macro=0.8108 val_metric_name=acc val_metric=0.8459
Step 1250 | loss 0.0517 | val_acc=0.8445 val_loss=0.7341 val_f1_macro=0.8133 val_f1_weighted=0.8431 val_prec_macro=0.8187 val_rec_macro=0.8110 val_metric_name=acc val_metric=0.8445
Step 1300 | loss 0.0491 | val_acc=0.8461 val_loss=0.7475 val_f1_macro=0.8154 val_f1_weighted=0.8448 val_prec_macro=0.8220 val_rec_macro=0.8120 val_metric_name=acc val_metric=0.8461
Step 1350 | loss 0.0406 | val_acc=0.8462 val_loss=0.7625 val_f1_macro=0.8162 val_f1_weighted=0.8446 val_prec_macro=0.8233 val_rec_macro=0.8124 val_metric_name=acc val_metric=0.8462
Step 1400 | loss 0.0346 | val_acc=0.8473 val_loss=0.7695 val_f1_macro=0.8183 val_f1_weighted=0.8461 val_prec_macro=0.8234 val_rec_macro=0.8153 val_metric_name=acc val_metric=0.8473
Step 1450 | loss 0.0318 | val_acc=0.8471 val_loss=0.7802 val_f1_macro=0.8178 val_f1_weighted=0.8458 val_prec_macro=0.8240 val_rec_macro=0.8144 val_metric_name=acc val_metric=0.8471
Step 1500 | loss 0.0301 | val_acc=0.8475 val_loss=0.7902 val_f1_macro=0.8181 val_f1_weighted=0.8459 val_prec_macro=0.8224 val_rec_macro=0.8165 val_metric_name=acc val_metric=0.8475
Step 1550 | loss 0.0288 | val_acc=0.8455 val_loss=0.8013 val_f1_macro=0.8154 val_f1_weighted=0.8443 val_prec_macro=0.8210 val_rec_macro=0.8130 val_metric_name=acc val_metric=0.8455
Step 1600 | loss 0.0251 | val_acc=0.8468 val_loss=0.8111 val_f1_macro=0.8174 val_f1_weighted=0.8453 val_prec_macro=0.8238 val_rec_macro=0.8139 val_metric_name=acc val_metric=0.8468
Step 1650 | loss 0.0237 | val_acc=0.8477 val_loss=0.8137 val_f1_macro=0.8172 val_f1_weighted=0.8461 val_prec_macro=0.8227 val_rec_macro=0.8140 val_metric_name=acc val_metric=0.8477
Step 1700 | loss 0.0226 | val_acc=0.8475 val_loss=0.8285 val_f1_macro=0.8180 val_f1_weighted=0.8463 val_prec_macro=0.8235 val_rec_macro=0.8148 val_metric_name=acc val_metric=0.8475
Step 1750 | loss 0.0210 | val_acc=0.8473 val_loss=0.8381 val_f1_macro=0.8172 val_f1_weighted=0.8460 val_prec_macro=0.8198 val_rec_macro=0.8163 val_metric_name=acc val_metric=0.8473
Step 1800 | loss 0.0220 | val_acc=0.8485 val_loss=0.8428 val_f1_macro=0.8174 val_f1_weighted=0.8467 val_prec_macro=0.8243 val_rec_macro=0.8136 val_metric_name=acc val_metric=0.8485
Step 1850 | loss 0.0171 | val_acc=0.8468 val_loss=0.8513 val_f1_macro=0.8162 val_f1_weighted=0.8454 val_prec_macro=0.8208 val_rec_macro=0.8138 val_metric_name=acc val_metric=0.8468
Step 1900 | loss 0.0161 | val_acc=0.8470 val_loss=0.8672 val_f1_macro=0.8148 val_f1_weighted=0.8453 val_prec_macro=0.8206 val_rec_macro=0.8121 val_metric_name=acc val_metric=0.8470
Step 1950 | loss 0.0157 | val_acc=0.8491 val_loss=0.8667 val_f1_macro=0.8188 val_f1_weighted=0.8476 val_prec_macro=0.8238 val_rec_macro=0.8164 val_metric_name=acc val_metric=0.8491
Step 2000 | loss 0.0172 | val_acc=0.8501 val_loss=0.8756 val_f1_macro=0.8202 val_f1_weighted=0.8484 val_prec_macro=0.8238 val_rec_macro=0.8197 val_metric_name=acc val_metric=0.8501
Step 2050 | loss 0.0150 | val_acc=0.8501 val_loss=0.8861 val_f1_macro=0.8186 val_f1_weighted=0.8480 val_prec_macro=0.8243 val_rec_macro=0.8161 val_metric_name=acc val_metric=0.8501
Step 2100 | loss 0.0137 | val_acc=0.8498 val_loss=0.8901 val_f1_macro=0.8202 val_f1_weighted=0.8485 val_prec_macro=0.8246 val_rec_macro=0.8191 val_metric_name=acc val_metric=0.8498
Step 2150 | loss 0.0131 | val_acc=0.8508 val_loss=0.8890 val_f1_macro=0.8208 val_f1_weighted=0.8491 val_prec_macro=0.8258 val_rec_macro=0.8184 val_metric_name=acc val_metric=0.8508
Step 2200 | loss 0.0124 | val_acc=0.8519 val_loss=0.8964 val_f1_macro=0.8224 val_f1_weighted=0.8505 val_prec_macro=0.8272 val_rec_macro=0.8203 val_metric_name=acc val_metric=0.8519
Step 2250 | loss 0.0125 | val_acc=0.8514 val_loss=0.9086 val_f1_macro=0.8214 val_f1_weighted=0.8497 val_prec_macro=0.8261 val_rec_macro=0.8192 val_metric_name=acc val_metric=0.8514
Step 2300 | loss 0.0108 | val_acc=0.8519 val_loss=0.9122 val_f1_macro=0.8220 val_f1_weighted=0.8502 val_prec_macro=0.8258 val_rec_macro=0.8215 val_metric_name=acc val_metric=0.8519
Step 2350 | loss 0.0097 | val_acc=0.8505 val_loss=0.9203 val_f1_macro=0.8193 val_f1_weighted=0.8488 val_prec_macro=0.8252 val_rec_macro=0.8171 val_metric_name=acc val_metric=0.8505
Step 2400 | loss 0.0105 | val_acc=0.8507 val_loss=0.9194 val_f1_macro=0.8207 val_f1_weighted=0.8491 val_prec_macro=0.8272 val_rec_macro=0.8178 val_metric_name=acc val_metric=0.8507
Step 2450 | loss 0.0113 | val_acc=0.8505 val_loss=0.9282 val_f1_macro=0.8201 val_f1_weighted=0.8489 val_prec_macro=0.8268 val_rec_macro=0.8168 val_metric_name=acc val_metric=0.8505
Step 2500 | loss 0.0084 | val_acc=0.8498 val_loss=0.9342 val_f1_macro=0.8196 val_f1_weighted=0.8482 val_prec_macro=0.8237 val_rec_macro=0.8187 val_metric_name=acc val_metric=0.8498
Step 2550 | loss 0.0085 | val_acc=0.8523 val_loss=0.9414 val_f1_macro=0.8223 val_f1_weighted=0.8503 val_prec_macro=0.8288 val_rec_macro=0.8192 val_metric_name=acc val_metric=0.8523
Step 2600 | loss 0.0086 | val_acc=0.8531 val_loss=0.9472 val_f1_macro=0.8225 val_f1_weighted=0.8516 val_prec_macro=0.8274 val_rec_macro=0.8207 val_metric_name=acc val_metric=0.8531
Step 2650 | loss 0.0080 | val_acc=0.8512 val_loss=0.9532 val_f1_macro=0.8203 val_f1_weighted=0.8496 val_prec_macro=0.8280 val_rec_macro=0.8166 val_metric_name=acc val_metric=0.8512
Step 2700 | loss 0.0060 | val_acc=0.8531 val_loss=0.9474 val_f1_macro=0.8241 val_f1_weighted=0.8516 val_prec_macro=0.8318 val_rec_macro=0.8197 val_metric_name=acc val_metric=0.8531
Step 2750 | loss 0.0082 | val_acc=0.8535 val_loss=0.9549 val_f1_macro=0.8236 val_f1_weighted=0.8519 val_prec_macro=0.8302 val_rec_macro=0.8202 val_metric_name=acc val_metric=0.8535
Step 2800 | loss 0.0076 | val_acc=0.8526 val_loss=0.9641 val_f1_macro=0.8228 val_f1_weighted=0.8509 val_prec_macro=0.8298 val_rec_macro=0.8191 val_metric_name=acc val_metric=0.8526
Step 2850 | loss 0.0060 | val_acc=0.8524 val_loss=0.9714 val_f1_macro=0.8223 val_f1_weighted=0.8506 val_prec_macro=0.8291 val_rec_macro=0.8187 val_metric_name=acc val_metric=0.8524
Step 2900 | loss 0.0070 | val_acc=0.8501 val_loss=0.9769 val_f1_macro=0.8203 val_f1_weighted=0.8484 val_prec_macro=0.8266 val_rec_macro=0.8170 val_metric_name=acc val_metric=0.8501
Step 2950 | loss 0.0060 | val_acc=0.8521 val_loss=0.9785 val_f1_macro=0.8218 val_f1_weighted=0.8500 val_prec_macro=0.8258 val_rec_macro=0.8205 val_metric_name=acc val_metric=0.8521
Step 3000 | loss 0.0047 | val_acc=0.8540 val_loss=0.9829 val_f1_macro=0.8252 val_f1_weighted=0.8523 val_prec_macro=0.8309 val_rec_macro=0.8226 val_metric_name=acc val_metric=0.8540
Step 3050 | loss 0.0061 | val_acc=0.8547 val_loss=0.9851 val_f1_macro=0.8258 val_f1_weighted=0.8531 val_prec_macro=0.8306 val_rec_macro=0.8233 val_metric_name=acc val_metric=0.8547
Step 3100 | loss 0.0055 | val_acc=0.8524 val_loss=0.9916 val_f1_macro=0.8226 val_f1_weighted=0.8504 val_prec_macro=0.8272 val_rec_macro=0.8209 val_metric_name=acc val_metric=0.8524
Step 3150 | loss 0.0052 | val_acc=0.8523 val_loss=0.9962 val_f1_macro=0.8228 val_f1_weighted=0.8505 val_prec_macro=0.8291 val_rec_macro=0.8203 val_metric_name=acc val_metric=0.8523
Step 3200 | loss 0.0057 | val_acc=0.8528 val_loss=0.9982 val_f1_macro=0.8234 val_f1_weighted=0.8510 val_prec_macro=0.8293 val_rec_macro=0.8209 val_metric_name=acc val_metric=0.8528
Step 3250 | loss 0.0037 | val_acc=0.8538 val_loss=1.0082 val_f1_macro=0.8247 val_f1_weighted=0.8522 val_prec_macro=0.8330 val_rec_macro=0.8212 val_metric_name=acc val_metric=0.8538
Step 3300 | loss 0.0060 | val_acc=0.8515 val_loss=1.0170 val_f1_macro=0.8221 val_f1_weighted=0.8497 val_prec_macro=0.8271 val_rec_macro=0.8204 val_metric_name=acc val_metric=0.8515
Step 3350 | loss 0.0045 | val_acc=0.8544 val_loss=1.0214 val_f1_macro=0.8239 val_f1_weighted=0.8522 val_prec_macro=0.8298 val_rec_macro=0.8215 val_metric_name=acc val_metric=0.8544
Step 3400 | loss 0.0056 | val_acc=0.8537 val_loss=1.0231 val_f1_macro=0.8229 val_f1_weighted=0.8517 val_prec_macro=0.8287 val_rec_macro=0.8207 val_metric_name=acc val_metric=0.8537
Early stopping at step 3412

--- Final (best ckpt @ step 3050) ---
  train_acc=1.0000 train_loss=0.0001 train_f1_macro=1.0000 train_f1_weighted=1.0000 train_prec_macro=1.0000 train_rec_macro=1.0000 train_metric_name=acc train_metric=1.0000
  val_acc=0.8547 val_loss=0.9851 val_f1_macro=0.8258 val_f1_weighted=0.8531 val_prec_macro=0.8306 val_rec_macro=0.8233 val_metric_name=acc val_metric=0.8547
  test_acc=0.8526 test_loss=1.0345 test_f1_macro=0.8233 test_f1_weighted=0.8502 test_prec_macro=0.8242 test_rec_macro=0.8255 test_metric_name=acc test_metric=0.8526
  test_acc=0.8526

============================================================
Training roman-empire TAG 2L h=384 lr=6e-05 split=4
============================================================
Training for 5000 steps
Step    1 | loss 3.0395 | val_acc=0.1629 val_loss=2.7021 val_f1_macro=0.0573 val_f1_weighted=0.1123 val_prec_macro=0.0672 val_rec_macro=0.0981 val_metric_name=acc val_metric=0.1629
Step   50 | loss 1.2290 | val_acc=0.6563 val_loss=1.0935 val_f1_macro=0.4864 val_f1_weighted=0.6182 val_prec_macro=0.5231 val_rec_macro=0.4904 val_metric_name=acc val_metric=0.6563
Step  100 | loss 0.8098 | val_acc=0.7488 val_loss=0.7709 val_f1_macro=0.6520 val_f1_weighted=0.7341 val_prec_macro=0.7082 val_rec_macro=0.6501 val_metric_name=acc val_metric=0.7488
Step  150 | loss 0.6252 | val_acc=0.7836 val_loss=0.6534 val_f1_macro=0.7221 val_f1_weighted=0.7766 val_prec_macro=0.7383 val_rec_macro=0.7210 val_metric_name=acc val_metric=0.7836
Step  200 | loss 0.5023 | val_acc=0.8026 val_loss=0.5979 val_f1_macro=0.7559 val_f1_weighted=0.7991 val_prec_macro=0.7665 val_rec_macro=0.7546 val_metric_name=acc val_metric=0.8026
Step  250 | loss 0.4071 | val_acc=0.8212 val_loss=0.5645 val_f1_macro=0.7801 val_f1_weighted=0.8177 val_prec_macro=0.7854 val_rec_macro=0.7792 val_metric_name=acc val_metric=0.8212
Step  300 | loss 0.3203 | val_acc=0.8327 val_loss=0.5556 val_f1_macro=0.7963 val_f1_weighted=0.8310 val_prec_macro=0.8010 val_rec_macro=0.7957 val_metric_name=acc val_metric=0.8327
Step  350 | loss 0.2478 | val_acc=0.8350 val_loss=0.5629 val_f1_macro=0.8004 val_f1_weighted=0.8345 val_prec_macro=0.8042 val_rec_macro=0.7996 val_metric_name=acc val_metric=0.8350
Step  400 | loss 0.1914 | val_acc=0.8392 val_loss=0.5833 val_f1_macro=0.8062 val_f1_weighted=0.8384 val_prec_macro=0.8151 val_rec_macro=0.8008 val_metric_name=acc val_metric=0.8392
Step  450 | loss 0.1520 | val_acc=0.8404 val_loss=0.6130 val_f1_macro=0.8094 val_f1_weighted=0.8397 val_prec_macro=0.8200 val_rec_macro=0.8028 val_metric_name=acc val_metric=0.8404
Step  500 | loss 0.1161 | val_acc=0.8443 val_loss=0.6363 val_f1_macro=0.8132 val_f1_weighted=0.8433 val_prec_macro=0.8189 val_rec_macro=0.8104 val_metric_name=acc val_metric=0.8443
Step  550 | loss 0.0929 | val_acc=0.8420 val_loss=0.6626 val_f1_macro=0.8126 val_f1_weighted=0.8411 val_prec_macro=0.8200 val_rec_macro=0.8082 val_metric_name=acc val_metric=0.8420
Step  600 | loss 0.0690 | val_acc=0.8447 val_loss=0.6950 val_f1_macro=0.8143 val_f1_weighted=0.8441 val_prec_macro=0.8214 val_rec_macro=0.8109 val_metric_name=acc val_metric=0.8447
Step  650 | loss 0.0577 | val_acc=0.8436 val_loss=0.7243 val_f1_macro=0.8129 val_f1_weighted=0.8423 val_prec_macro=0.8208 val_rec_macro=0.8091 val_metric_name=acc val_metric=0.8436
Step  700 | loss 0.0484 | val_acc=0.8473 val_loss=0.7437 val_f1_macro=0.8177 val_f1_weighted=0.8466 val_prec_macro=0.8220 val_rec_macro=0.8155 val_metric_name=acc val_metric=0.8473
Step  750 | loss 0.0450 | val_acc=0.8470 val_loss=0.7710 val_f1_macro=0.8174 val_f1_weighted=0.8457 val_prec_macro=0.8230 val_rec_macro=0.8154 val_metric_name=acc val_metric=0.8470
Step  800 | loss 0.0320 | val_acc=0.8470 val_loss=0.7898 val_f1_macro=0.8174 val_f1_weighted=0.8457 val_prec_macro=0.8219 val_rec_macro=0.8156 val_metric_name=acc val_metric=0.8470
Step  850 | loss 0.0264 | val_acc=0.8473 val_loss=0.8054 val_f1_macro=0.8183 val_f1_weighted=0.8461 val_prec_macro=0.8225 val_rec_macro=0.8166 val_metric_name=acc val_metric=0.8473
Step  900 | loss 0.0242 | val_acc=0.8489 val_loss=0.8167 val_f1_macro=0.8184 val_f1_weighted=0.8474 val_prec_macro=0.8243 val_rec_macro=0.8154 val_metric_name=acc val_metric=0.8489
Step  950 | loss 0.0228 | val_acc=0.8489 val_loss=0.8306 val_f1_macro=0.8192 val_f1_weighted=0.8475 val_prec_macro=0.8227 val_rec_macro=0.8180 val_metric_name=acc val_metric=0.8489
Step 1000 | loss 0.0194 | val_acc=0.8461 val_loss=0.8490 val_f1_macro=0.8155 val_f1_weighted=0.8447 val_prec_macro=0.8216 val_rec_macro=0.8123 val_metric_name=acc val_metric=0.8461
Step 1050 | loss 0.0167 | val_acc=0.8484 val_loss=0.8673 val_f1_macro=0.8173 val_f1_weighted=0.8468 val_prec_macro=0.8222 val_rec_macro=0.8151 val_metric_name=acc val_metric=0.8484
Step 1100 | loss 0.0172 | val_acc=0.8491 val_loss=0.8775 val_f1_macro=0.8183 val_f1_weighted=0.8475 val_prec_macro=0.8247 val_rec_macro=0.8147 val_metric_name=acc val_metric=0.8491
Step 1150 | loss 0.0157 | val_acc=0.8477 val_loss=0.8974 val_f1_macro=0.8191 val_f1_weighted=0.8466 val_prec_macro=0.8210 val_rec_macro=0.8202 val_metric_name=acc val_metric=0.8477
Step 1200 | loss 0.0156 | val_acc=0.8507 val_loss=0.8942 val_f1_macro=0.8203 val_f1_weighted=0.8493 val_prec_macro=0.8232 val_rec_macro=0.8198 val_metric_name=acc val_metric=0.8507
Step 1250 | loss 0.0128 | val_acc=0.8485 val_loss=0.9110 val_f1_macro=0.8182 val_f1_weighted=0.8469 val_prec_macro=0.8203 val_rec_macro=0.8189 val_metric_name=acc val_metric=0.8485
Step 1300 | loss 0.0124 | val_acc=0.8508 val_loss=0.9195 val_f1_macro=0.8208 val_f1_weighted=0.8493 val_prec_macro=0.8259 val_rec_macro=0.8181 val_metric_name=acc val_metric=0.8508
Step 1350 | loss 0.0107 | val_acc=0.8519 val_loss=0.9351 val_f1_macro=0.8222 val_f1_weighted=0.8497 val_prec_macro=0.8291 val_rec_macro=0.8188 val_metric_name=acc val_metric=0.8519
Step 1400 | loss 0.0085 | val_acc=0.8487 val_loss=0.9385 val_f1_macro=0.8192 val_f1_weighted=0.8469 val_prec_macro=0.8245 val_rec_macro=0.8166 val_metric_name=acc val_metric=0.8487
Step 1450 | loss 0.0075 | val_acc=0.8485 val_loss=0.9469 val_f1_macro=0.8184 val_f1_weighted=0.8469 val_prec_macro=0.8244 val_rec_macro=0.8148 val_metric_name=acc val_metric=0.8485
Step 1500 | loss 0.0082 | val_acc=0.8514 val_loss=0.9586 val_f1_macro=0.8219 val_f1_weighted=0.8494 val_prec_macro=0.8270 val_rec_macro=0.8208 val_metric_name=acc val_metric=0.8514
Step 1550 | loss 0.0082 | val_acc=0.8517 val_loss=0.9607 val_f1_macro=0.8209 val_f1_weighted=0.8500 val_prec_macro=0.8260 val_rec_macro=0.8179 val_metric_name=acc val_metric=0.8517
Step 1600 | loss 0.0063 | val_acc=0.8510 val_loss=0.9693 val_f1_macro=0.8218 val_f1_weighted=0.8491 val_prec_macro=0.8291 val_rec_macro=0.8184 val_metric_name=acc val_metric=0.8510
Step 1650 | loss 0.0066 | val_acc=0.8510 val_loss=0.9735 val_f1_macro=0.8219 val_f1_weighted=0.8494 val_prec_macro=0.8273 val_rec_macro=0.8191 val_metric_name=acc val_metric=0.8510
Step 1700 | loss 0.0065 | val_acc=0.8510 val_loss=0.9838 val_f1_macro=0.8215 val_f1_weighted=0.8498 val_prec_macro=0.8257 val_rec_macro=0.8193 val_metric_name=acc val_metric=0.8510
Step 1750 | loss 0.0054 | val_acc=0.8521 val_loss=0.9899 val_f1_macro=0.8218 val_f1_weighted=0.8502 val_prec_macro=0.8267 val_rec_macro=0.8189 val_metric_name=acc val_metric=0.8521
Step 1800 | loss 0.0062 | val_acc=0.8512 val_loss=0.9924 val_f1_macro=0.8209 val_f1_weighted=0.8494 val_prec_macro=0.8254 val_rec_macro=0.8190 val_metric_name=acc val_metric=0.8512
Step 1850 | loss 0.0045 | val_acc=0.8501 val_loss=1.0098 val_f1_macro=0.8184 val_f1_weighted=0.8484 val_prec_macro=0.8223 val_rec_macro=0.8170 val_metric_name=acc val_metric=0.8501
Step 1900 | loss 0.0039 | val_acc=0.8505 val_loss=1.0159 val_f1_macro=0.8197 val_f1_weighted=0.8486 val_prec_macro=0.8247 val_rec_macro=0.8175 val_metric_name=acc val_metric=0.8505
Step 1950 | loss 0.0042 | val_acc=0.8519 val_loss=1.0160 val_f1_macro=0.8212 val_f1_weighted=0.8498 val_prec_macro=0.8262 val_rec_macro=0.8196 val_metric_name=acc val_metric=0.8519
Step 2000 | loss 0.0052 | val_acc=0.8512 val_loss=1.0234 val_f1_macro=0.8196 val_f1_weighted=0.8489 val_prec_macro=0.8234 val_rec_macro=0.8197 val_metric_name=acc val_metric=0.8512
Step 2050 | loss 0.0047 | val_acc=0.8517 val_loss=1.0352 val_f1_macro=0.8191 val_f1_weighted=0.8492 val_prec_macro=0.8266 val_rec_macro=0.8165 val_metric_name=acc val_metric=0.8517
Step 2100 | loss 0.0044 | val_acc=0.8503 val_loss=1.0352 val_f1_macro=0.8175 val_f1_weighted=0.8482 val_prec_macro=0.8218 val_rec_macro=0.8171 val_metric_name=acc val_metric=0.8503
Step 2150 | loss 0.0041 | val_acc=0.8498 val_loss=1.0409 val_f1_macro=0.8176 val_f1_weighted=0.8474 val_prec_macro=0.8257 val_rec_macro=0.8146 val_metric_name=acc val_metric=0.8498
Step 2200 | loss 0.0034 | val_acc=0.8523 val_loss=1.0371 val_f1_macro=0.8235 val_f1_weighted=0.8505 val_prec_macro=0.8316 val_rec_macro=0.8199 val_metric_name=acc val_metric=0.8523
Step 2250 | loss 0.0042 | val_acc=0.8521 val_loss=1.0487 val_f1_macro=0.8208 val_f1_weighted=0.8499 val_prec_macro=0.8265 val_rec_macro=0.8188 val_metric_name=acc val_metric=0.8521
Step 2300 | loss 0.0027 | val_acc=0.8544 val_loss=1.0527 val_f1_macro=0.8251 val_f1_weighted=0.8522 val_prec_macro=0.8297 val_rec_macro=0.8249 val_metric_name=acc val_metric=0.8544
Step 2350 | loss 0.0029 | val_acc=0.8514 val_loss=1.0570 val_f1_macro=0.8218 val_f1_weighted=0.8496 val_prec_macro=0.8282 val_rec_macro=0.8194 val_metric_name=acc val_metric=0.8514
Step 2400 | loss 0.0030 | val_acc=0.8508 val_loss=1.0575 val_f1_macro=0.8195 val_f1_weighted=0.8486 val_prec_macro=0.8276 val_rec_macro=0.8163 val_metric_name=acc val_metric=0.8508
Step 2450 | loss 0.0040 | val_acc=0.8507 val_loss=1.0681 val_f1_macro=0.8188 val_f1_weighted=0.8489 val_prec_macro=0.8238 val_rec_macro=0.8171 val_metric_name=acc val_metric=0.8507
Step 2500 | loss 0.0028 | val_acc=0.8517 val_loss=1.0703 val_f1_macro=0.8204 val_f1_weighted=0.8497 val_prec_macro=0.8251 val_rec_macro=0.8191 val_metric_name=acc val_metric=0.8517
Step 2550 | loss 0.0029 | val_acc=0.8530 val_loss=1.0721 val_f1_macro=0.8212 val_f1_weighted=0.8508 val_prec_macro=0.8261 val_rec_macro=0.8189 val_metric_name=acc val_metric=0.8530
Step 2600 | loss 0.0027 | val_acc=0.8521 val_loss=1.0817 val_f1_macro=0.8203 val_f1_weighted=0.8500 val_prec_macro=0.8273 val_rec_macro=0.8170 val_metric_name=acc val_metric=0.8521
Step 2650 | loss 0.0025 | val_acc=0.8530 val_loss=1.0877 val_f1_macro=0.8220 val_f1_weighted=0.8510 val_prec_macro=0.8272 val_rec_macro=0.8203 val_metric_name=acc val_metric=0.8530
Step 2700 | loss 0.0018 | val_acc=0.8537 val_loss=1.0723 val_f1_macro=0.8239 val_f1_weighted=0.8522 val_prec_macro=0.8303 val_rec_macro=0.8200 val_metric_name=acc val_metric=0.8537
Step 2750 | loss 0.0030 | val_acc=0.8537 val_loss=1.0898 val_f1_macro=0.8228 val_f1_weighted=0.8520 val_prec_macro=0.8292 val_rec_macro=0.8188 val_metric_name=acc val_metric=0.8537
Step 2800 | loss 0.0022 | val_acc=0.8530 val_loss=1.0878 val_f1_macro=0.8223 val_f1_weighted=0.8512 val_prec_macro=0.8291 val_rec_macro=0.8188 val_metric_name=acc val_metric=0.8530
Step 2850 | loss 0.0019 | val_acc=0.8549 val_loss=1.0948 val_f1_macro=0.8248 val_f1_weighted=0.8530 val_prec_macro=0.8291 val_rec_macro=0.8239 val_metric_name=acc val_metric=0.8549
Step 2900 | loss 0.0025 | val_acc=0.8521 val_loss=1.0962 val_f1_macro=0.8224 val_f1_weighted=0.8502 val_prec_macro=0.8262 val_rec_macro=0.8216 val_metric_name=acc val_metric=0.8521
Step 2950 | loss 0.0018 | val_acc=0.8535 val_loss=1.1083 val_f1_macro=0.8234 val_f1_weighted=0.8513 val_prec_macro=0.8272 val_rec_macro=0.8229 val_metric_name=acc val_metric=0.8535
Step 3000 | loss 0.0015 | val_acc=0.8561 val_loss=1.0953 val_f1_macro=0.8258 val_f1_weighted=0.8539 val_prec_macro=0.8309 val_rec_macro=0.8233 val_metric_name=acc val_metric=0.8561
Step 3050 | loss 0.0023 | val_acc=0.8531 val_loss=1.1071 val_f1_macro=0.8220 val_f1_weighted=0.8515 val_prec_macro=0.8270 val_rec_macro=0.8189 val_metric_name=acc val_metric=0.8531
Step 3100 | loss 0.0022 | val_acc=0.8547 val_loss=1.1067 val_f1_macro=0.8245 val_f1_weighted=0.8527 val_prec_macro=0.8296 val_rec_macro=0.8222 val_metric_name=acc val_metric=0.8547
Step 3150 | loss 0.0021 | val_acc=0.8544 val_loss=1.1214 val_f1_macro=0.8244 val_f1_weighted=0.8524 val_prec_macro=0.8308 val_rec_macro=0.8221 val_metric_name=acc val_metric=0.8544
Step 3200 | loss 0.0013 | val_acc=0.8530 val_loss=1.1314 val_f1_macro=0.8223 val_f1_weighted=0.8509 val_prec_macro=0.8274 val_rec_macro=0.8202 val_metric_name=acc val_metric=0.8530
Step 3250 | loss 0.0008 | val_acc=0.8551 val_loss=1.1332 val_f1_macro=0.8260 val_f1_weighted=0.8530 val_prec_macro=0.8329 val_rec_macro=0.8232 val_metric_name=acc val_metric=0.8551
Step 3300 | loss 0.0032 | val_acc=0.8535 val_loss=1.1529 val_f1_macro=0.8220 val_f1_weighted=0.8515 val_prec_macro=0.8248 val_rec_macro=0.8231 val_metric_name=acc val_metric=0.8535
Step 3350 | loss 0.0021 | val_acc=0.8561 val_loss=1.1459 val_f1_macro=0.8260 val_f1_weighted=0.8539 val_prec_macro=0.8318 val_rec_macro=0.8239 val_metric_name=acc val_metric=0.8561
Step 3400 | loss 0.0020 | val_acc=0.8561 val_loss=1.1406 val_f1_macro=0.8260 val_f1_weighted=0.8539 val_prec_macro=0.8311 val_rec_macro=0.8236 val_metric_name=acc val_metric=0.8561
Step 3450 | loss 0.0017 | val_acc=0.8533 val_loss=1.1518 val_f1_macro=0.8225 val_f1_weighted=0.8512 val_prec_macro=0.8268 val_rec_macro=0.8211 val_metric_name=acc val_metric=0.8533
Step 3500 | loss 0.0013 | val_acc=0.8542 val_loss=1.1533 val_f1_macro=0.8259 val_f1_weighted=0.8523 val_prec_macro=0.8315 val_rec_macro=0.8232 val_metric_name=acc val_metric=0.8542
Step 3550 | loss 0.0016 | val_acc=0.8540 val_loss=1.1580 val_f1_macro=0.8240 val_f1_weighted=0.8523 val_prec_macro=0.8288 val_rec_macro=0.8224 val_metric_name=acc val_metric=0.8540
Step 3600 | loss 0.0020 | val_acc=0.8521 val_loss=1.1637 val_f1_macro=0.8197 val_f1_weighted=0.8497 val_prec_macro=0.8270 val_rec_macro=0.8170 val_metric_name=acc val_metric=0.8521
Step 3650 | loss 0.0019 | val_acc=0.8547 val_loss=1.1547 val_f1_macro=0.8267 val_f1_weighted=0.8536 val_prec_macro=0.8298 val_rec_macro=0.8259 val_metric_name=acc val_metric=0.8547
Step 3700 | loss 0.0015 | val_acc=0.8537 val_loss=1.1507 val_f1_macro=0.8234 val_f1_weighted=0.8514 val_prec_macro=0.8291 val_rec_macro=0.8215 val_metric_name=acc val_metric=0.8537
Step 3750 | loss 0.0015 | val_acc=0.8545 val_loss=1.1548 val_f1_macro=0.8245 val_f1_weighted=0.8527 val_prec_macro=0.8293 val_rec_macro=0.8235 val_metric_name=acc val_metric=0.8545
Step 3800 | loss 0.0010 | val_acc=0.8553 val_loss=1.1574 val_f1_macro=0.8247 val_f1_weighted=0.8530 val_prec_macro=0.8309 val_rec_macro=0.8221 val_metric_name=acc val_metric=0.8553
Step 3850 | loss 0.0026 | val_acc=0.8563 val_loss=1.1711 val_f1_macro=0.8254 val_f1_weighted=0.8543 val_prec_macro=0.8317 val_rec_macro=0.8237 val_metric_name=acc val_metric=0.8563
Step 3900 | loss 0.0009 | val_acc=0.8561 val_loss=1.1664 val_f1_macro=0.8267 val_f1_weighted=0.8545 val_prec_macro=0.8339 val_rec_macro=0.8224 val_metric_name=acc val_metric=0.8561
Step 3950 | loss 0.0018 | val_acc=0.8581 val_loss=1.1670 val_f1_macro=0.8288 val_f1_weighted=0.8559 val_prec_macro=0.8347 val_rec_macro=0.8262 val_metric_name=acc val_metric=0.8581
Step 4000 | loss 0.0015 | val_acc=0.8565 val_loss=1.1725 val_f1_macro=0.8276 val_f1_weighted=0.8549 val_prec_macro=0.8324 val_rec_macro=0.8262 val_metric_name=acc val_metric=0.8565
Step 4050 | loss 0.0010 | val_acc=0.8554 val_loss=1.1776 val_f1_macro=0.8241 val_f1_weighted=0.8530 val_prec_macro=0.8327 val_rec_macro=0.8203 val_metric_name=acc val_metric=0.8554
Step 4100 | loss 0.0018 | val_acc=0.8553 val_loss=1.1890 val_f1_macro=0.8236 val_f1_weighted=0.8526 val_prec_macro=0.8287 val_rec_macro=0.8216 val_metric_name=acc val_metric=0.8553
Step 4150 | loss 0.0019 | val_acc=0.8565 val_loss=1.1697 val_f1_macro=0.8256 val_f1_weighted=0.8541 val_prec_macro=0.8297 val_rec_macro=0.8248 val_metric_name=acc val_metric=0.8565
Step 4200 | loss 0.0009 | val_acc=0.8561 val_loss=1.1831 val_f1_macro=0.8246 val_f1_weighted=0.8540 val_prec_macro=0.8293 val_rec_macro=0.8232 val_metric_name=acc val_metric=0.8561
Step 4250 | loss 0.0008 | val_acc=0.8575 val_loss=1.1769 val_f1_macro=0.8271 val_f1_weighted=0.8555 val_prec_macro=0.8320 val_rec_macro=0.8247 val_metric_name=acc val_metric=0.8575
Step 4300 | loss 0.0012 | val_acc=0.8583 val_loss=1.1838 val_f1_macro=0.8272 val_f1_weighted=0.8563 val_prec_macro=0.8325 val_rec_macro=0.8246 val_metric_name=acc val_metric=0.8583
Step 4350 | loss 0.0010 | val_acc=0.8584 val_loss=1.1874 val_f1_macro=0.8278 val_f1_weighted=0.8563 val_prec_macro=0.8321 val_rec_macro=0.8276 val_metric_name=acc val_metric=0.8584
Step 4400 | loss 0.0008 | val_acc=0.8551 val_loss=1.1797 val_f1_macro=0.8229 val_f1_weighted=0.8528 val_prec_macro=0.8313 val_rec_macro=0.8184 val_metric_name=acc val_metric=0.8551
Step 4450 | loss 0.0011 | val_acc=0.8567 val_loss=1.1933 val_f1_macro=0.8261 val_f1_weighted=0.8546 val_prec_macro=0.8348 val_rec_macro=0.8232 val_metric_name=acc val_metric=0.8567
Step 4500 | loss 0.0012 | val_acc=0.8584 val_loss=1.2087 val_f1_macro=0.8293 val_f1_weighted=0.8565 val_prec_macro=0.8370 val_rec_macro=0.8254 val_metric_name=acc val_metric=0.8584
Step 4550 | loss 0.0011 | val_acc=0.8560 val_loss=1.2007 val_f1_macro=0.8255 val_f1_weighted=0.8539 val_prec_macro=0.8327 val_rec_macro=0.8235 val_metric_name=acc val_metric=0.8560
Step 4600 | loss 0.0009 | val_acc=0.8556 val_loss=1.2075 val_f1_macro=0.8260 val_f1_weighted=0.8533 val_prec_macro=0.8322 val_rec_macro=0.8236 val_metric_name=acc val_metric=0.8556
Step 4650 | loss 0.0012 | val_acc=0.8577 val_loss=1.2094 val_f1_macro=0.8281 val_f1_weighted=0.8562 val_prec_macro=0.8356 val_rec_macro=0.8241 val_metric_name=acc val_metric=0.8577
Step 4700 | loss 0.0009 | val_acc=0.8575 val_loss=1.2223 val_f1_macro=0.8286 val_f1_weighted=0.8551 val_prec_macro=0.8358 val_rec_macro=0.8243 val_metric_name=acc val_metric=0.8575
Step 4750 | loss 0.0012 | val_acc=0.8581 val_loss=1.2195 val_f1_macro=0.8299 val_f1_weighted=0.8559 val_prec_macro=0.8361 val_rec_macro=0.8280 val_metric_name=acc val_metric=0.8581
Step 4800 | loss 0.0003 | val_acc=0.8563 val_loss=1.2271 val_f1_macro=0.8266 val_f1_weighted=0.8542 val_prec_macro=0.8322 val_rec_macro=0.8242 val_metric_name=acc val_metric=0.8563
Step 4850 | loss 0.0008 | val_acc=0.8584 val_loss=1.2356 val_f1_macro=0.8284 val_f1_weighted=0.8558 val_prec_macro=0.8366 val_rec_macro=0.8253 val_metric_name=acc val_metric=0.8584
Step 4900 | loss 0.0012 | val_acc=0.8551 val_loss=1.2354 val_f1_macro=0.8255 val_f1_weighted=0.8529 val_prec_macro=0.8322 val_rec_macro=0.8231 val_metric_name=acc val_metric=0.8551
Step 4950 | loss 0.0007 | val_acc=0.8563 val_loss=1.2295 val_f1_macro=0.8277 val_f1_weighted=0.8544 val_prec_macro=0.8350 val_rec_macro=0.8250 val_metric_name=acc val_metric=0.8563
Step 5000 | loss 0.0010 | val_acc=0.8586 val_loss=1.2273 val_f1_macro=0.8304 val_f1_weighted=0.8566 val_prec_macro=0.8361 val_rec_macro=0.8283 val_metric_name=acc val_metric=0.8586

--- Final (best ckpt @ step 4740) ---
  train_acc=1.0000 train_loss=0.0000 train_f1_macro=1.0000 train_f1_weighted=1.0000 train_prec_macro=1.0000 train_rec_macro=1.0000 train_metric_name=acc train_metric=1.0000
  val_acc=0.8598 val_loss=1.2021 val_f1_macro=0.8321 val_f1_weighted=0.8582 val_prec_macro=0.8401 val_rec_macro=0.8277 val_metric_name=acc val_metric=0.8598
  test_acc=0.8577 test_loss=1.2631 test_f1_macro=0.8313 test_f1_weighted=0.8556 test_prec_macro=0.8332 test_rec_macro=0.8319 test_metric_name=acc test_metric=0.8577
  test_acc=0.8577

============================================================
Training roman-empire TAG 2L h=384 lr=0.0001 split=4
============================================================
Training for 5000 steps
Step    1 | loss 3.0395 | val_acc=0.2041 val_loss=2.6011 val_f1_macro=0.0631 val_f1_weighted=0.1410 val_prec_macro=0.0688 val_rec_macro=0.0934 val_metric_name=acc val_metric=0.2041
Step   50 | loss 0.9782 | val_acc=0.7091 val_loss=0.9039 val_f1_macro=0.5737 val_f1_weighted=0.6843 val_prec_macro=0.6588 val_rec_macro=0.5794 val_metric_name=acc val_metric=0.7091
Step  100 | loss 0.6258 | val_acc=0.7825 val_loss=0.6588 val_f1_macro=0.7221 val_f1_weighted=0.7764 val_prec_macro=0.7386 val_rec_macro=0.7212 val_metric_name=acc val_metric=0.7825
Step  150 | loss 0.4488 | val_acc=0.8120 val_loss=0.5832 val_f1_macro=0.7679 val_f1_weighted=0.8094 val_prec_macro=0.7733 val_rec_macro=0.7710 val_metric_name=acc val_metric=0.8120
Step  200 | loss 0.3129 | val_acc=0.8320 val_loss=0.5613 val_f1_macro=0.7955 val_f1_weighted=0.8305 val_prec_macro=0.7973 val_rec_macro=0.7989 val_metric_name=acc val_metric=0.8320
Step  250 | loss 0.2205 | val_acc=0.8388 val_loss=0.5735 val_f1_macro=0.8039 val_f1_weighted=0.8378 val_prec_macro=0.8032 val_rec_macro=0.8057 val_metric_name=acc val_metric=0.8388
Step  300 | loss 0.1403 | val_acc=0.8434 val_loss=0.6175 val_f1_macro=0.8124 val_f1_weighted=0.8427 val_prec_macro=0.8154 val_rec_macro=0.8118 val_metric_name=acc val_metric=0.8434
Step  350 | loss 0.0960 | val_acc=0.8432 val_loss=0.6589 val_f1_macro=0.8109 val_f1_weighted=0.8420 val_prec_macro=0.8151 val_rec_macro=0.8091 val_metric_name=acc val_metric=0.8432
Step  400 | loss 0.0651 | val_acc=0.8450 val_loss=0.7033 val_f1_macro=0.8140 val_f1_weighted=0.8435 val_prec_macro=0.8215 val_rec_macro=0.8096 val_metric_name=acc val_metric=0.8450
Step  450 | loss 0.0467 | val_acc=0.8450 val_loss=0.7488 val_f1_macro=0.8146 val_f1_weighted=0.8440 val_prec_macro=0.8204 val_rec_macro=0.8118 val_metric_name=acc val_metric=0.8450
Step  500 | loss 0.0395 | val_acc=0.8457 val_loss=0.7828 val_f1_macro=0.8125 val_f1_weighted=0.8441 val_prec_macro=0.8218 val_rec_macro=0.8071 val_metric_name=acc val_metric=0.8457
Step  550 | loss 0.0290 | val_acc=0.8473 val_loss=0.8068 val_f1_macro=0.8154 val_f1_weighted=0.8453 val_prec_macro=0.8232 val_rec_macro=0.8111 val_metric_name=acc val_metric=0.8473
Step  600 | loss 0.0225 | val_acc=0.8498 val_loss=0.8272 val_f1_macro=0.8196 val_f1_weighted=0.8486 val_prec_macro=0.8244 val_rec_macro=0.8172 val_metric_name=acc val_metric=0.8498
Step  650 | loss 0.0198 | val_acc=0.8496 val_loss=0.8539 val_f1_macro=0.8189 val_f1_weighted=0.8481 val_prec_macro=0.8250 val_rec_macro=0.8157 val_metric_name=acc val_metric=0.8496
Step  700 | loss 0.0166 | val_acc=0.8528 val_loss=0.8663 val_f1_macro=0.8230 val_f1_weighted=0.8516 val_prec_macro=0.8260 val_rec_macro=0.8225 val_metric_name=acc val_metric=0.8528
Step  750 | loss 0.0172 | val_acc=0.8512 val_loss=0.8976 val_f1_macro=0.8214 val_f1_weighted=0.8497 val_prec_macro=0.8254 val_rec_macro=0.8200 val_metric_name=acc val_metric=0.8512
Step  800 | loss 0.0115 | val_acc=0.8494 val_loss=0.9153 val_f1_macro=0.8190 val_f1_weighted=0.8477 val_prec_macro=0.8228 val_rec_macro=0.8176 val_metric_name=acc val_metric=0.8494
Step  850 | loss 0.0097 | val_acc=0.8484 val_loss=0.9349 val_f1_macro=0.8202 val_f1_weighted=0.8471 val_prec_macro=0.8215 val_rec_macro=0.8215 val_metric_name=acc val_metric=0.8484
Step  900 | loss 0.0095 | val_acc=0.8485 val_loss=0.9298 val_f1_macro=0.8201 val_f1_weighted=0.8474 val_prec_macro=0.8224 val_rec_macro=0.8193 val_metric_name=acc val_metric=0.8485
Step  950 | loss 0.0095 | val_acc=0.8514 val_loss=0.9437 val_f1_macro=0.8228 val_f1_weighted=0.8499 val_prec_macro=0.8261 val_rec_macro=0.8219 val_metric_name=acc val_metric=0.8514
Step 1000 | loss 0.0079 | val_acc=0.8485 val_loss=0.9516 val_f1_macro=0.8173 val_f1_weighted=0.8471 val_prec_macro=0.8242 val_rec_macro=0.8137 val_metric_name=acc val_metric=0.8485
Early stopping at step 1000

--- Final (best ckpt @ step 700) ---
  train_acc=0.9999 train_loss=0.0004 train_f1_macro=0.9999 train_f1_weighted=0.9999 train_prec_macro=1.0000 train_rec_macro=0.9998 train_metric_name=acc train_metric=0.9999
  val_acc=0.8528 val_loss=0.8663 val_f1_macro=0.8230 val_f1_weighted=0.8516 val_prec_macro=0.8260 val_rec_macro=0.8225 val_metric_name=acc val_metric=0.8528
  test_acc=0.8468 test_loss=0.9192 test_f1_macro=0.8136 test_f1_weighted=0.8448 test_prec_macro=0.8133 test_rec_macro=0.8164 test_metric_name=acc test_metric=0.8468
  test_acc=0.8468

============================================================
Training roman-empire TAG 2L h=384 lr=1e-05 split=4
============================================================
Training for 5000 steps
Step    1 | loss 3.0395 | val_acc=0.0683 val_loss=2.9476 val_f1_macro=0.0257 val_f1_weighted=0.0346 val_prec_macro=0.0332 val_rec_macro=0.0684 val_metric_name=acc val_metric=0.0683
Step   50 | loss 2.2743 | val_acc=0.4408 val_loss=2.0684 val_f1_macro=0.1870 val_f1_weighted=0.3562 val_prec_macro=0.2380 val_rec_macro=0.2165 val_metric_name=acc val_metric=0.4408
Step  100 | loss 1.7988 | val_acc=0.5257 val_loss=1.5644 val_f1_macro=0.2638 val_f1_weighted=0.4585 val_prec_macro=0.4045 val_rec_macro=0.2883 val_metric_name=acc val_metric=0.5257
Step  150 | loss 1.5118 | val_acc=0.5829 val_loss=1.3142 val_f1_macro=0.3497 val_f1_weighted=0.5314 val_prec_macro=0.4468 val_rec_macro=0.3535 val_metric_name=acc val_metric=0.5829
Step  200 | loss 1.3227 | val_acc=0.6385 val_loss=1.1459 val_f1_macro=0.4551 val_f1_weighted=0.5977 val_prec_macro=0.5227 val_rec_macro=0.4500 val_metric_name=acc val_metric=0.6385
Step  250 | loss 1.1786 | val_acc=0.6733 val_loss=1.0235 val_f1_macro=0.5113 val_f1_weighted=0.6374 val_prec_macro=0.5728 val_rec_macro=0.5151 val_metric_name=acc val_metric=0.6733
Step  300 | loss 1.0645 | val_acc=0.6967 val_loss=0.9365 val_f1_macro=0.5485 val_f1_weighted=0.6665 val_prec_macro=0.6387 val_rec_macro=0.5526 val_metric_name=acc val_metric=0.6967
Step  350 | loss 0.9733 | val_acc=0.7142 val_loss=0.8713 val_f1_macro=0.5826 val_f1_weighted=0.6891 val_prec_macro=0.6747 val_rec_macro=0.5844 val_metric_name=acc val_metric=0.7142
Step  400 | loss 0.9073 | val_acc=0.7324 val_loss=0.8198 val_f1_macro=0.6187 val_f1_weighted=0.7133 val_prec_macro=0.7111 val_rec_macro=0.6164 val_metric_name=acc val_metric=0.7324
Step  450 | loss 0.8485 | val_acc=0.7453 val_loss=0.7804 val_f1_macro=0.6452 val_f1_weighted=0.7295 val_prec_macro=0.7110 val_rec_macro=0.6409 val_metric_name=acc val_metric=0.7453
Step  500 | loss 0.8008 | val_acc=0.7550 val_loss=0.7484 val_f1_macro=0.6625 val_f1_weighted=0.7413 val_prec_macro=0.7199 val_rec_macro=0.6592 val_metric_name=acc val_metric=0.7550
Step  550 | loss 0.7538 | val_acc=0.7640 val_loss=0.7204 val_f1_macro=0.6817 val_f1_weighted=0.7525 val_prec_macro=0.7278 val_rec_macro=0.6757 val_metric_name=acc val_metric=0.7640
Step  600 | loss 0.7184 | val_acc=0.7677 val_loss=0.6983 val_f1_macro=0.6902 val_f1_weighted=0.7575 val_prec_macro=0.7259 val_rec_macro=0.6857 val_metric_name=acc val_metric=0.7677
Step  650 | loss 0.6823 | val_acc=0.7756 val_loss=0.6785 val_f1_macro=0.7052 val_f1_weighted=0.7667 val_prec_macro=0.7353 val_rec_macro=0.7005 val_metric_name=acc val_metric=0.7756
Step  700 | loss 0.6535 | val_acc=0.7818 val_loss=0.6610 val_f1_macro=0.7179 val_f1_weighted=0.7742 val_prec_macro=0.7433 val_rec_macro=0.7129 val_metric_name=acc val_metric=0.7818
Step  750 | loss 0.6229 | val_acc=0.7857 val_loss=0.6455 val_f1_macro=0.7252 val_f1_weighted=0.7788 val_prec_macro=0.7458 val_rec_macro=0.7213 val_metric_name=acc val_metric=0.7857
Step  800 | loss 0.5833 | val_acc=0.7908 val_loss=0.6319 val_f1_macro=0.7346 val_f1_weighted=0.7846 val_prec_macro=0.7548 val_rec_macro=0.7302 val_metric_name=acc val_metric=0.7908
Step  850 | loss 0.5654 | val_acc=0.7951 val_loss=0.6204 val_f1_macro=0.7420 val_f1_weighted=0.7896 val_prec_macro=0.7602 val_rec_macro=0.7373 val_metric_name=acc val_metric=0.7951
Step  900 | loss 0.5390 | val_acc=0.7998 val_loss=0.6102 val_f1_macro=0.7502 val_f1_weighted=0.7945 val_prec_macro=0.7684 val_rec_macro=0.7447 val_metric_name=acc val_metric=0.7998
Step  950 | loss 0.5124 | val_acc=0.8034 val_loss=0.5997 val_f1_macro=0.7548 val_f1_weighted=0.7987 val_prec_macro=0.7689 val_rec_macro=0.7515 val_metric_name=acc val_metric=0.8034
Step 1000 | loss 0.4990 | val_acc=0.8048 val_loss=0.5905 val_f1_macro=0.7570 val_f1_weighted=0.8000 val_prec_macro=0.7723 val_rec_macro=0.7521 val_metric_name=acc val_metric=0.8048
Step 1050 | loss 0.4766 | val_acc=0.8074 val_loss=0.5832 val_f1_macro=0.7612 val_f1_weighted=0.8031 val_prec_macro=0.7761 val_rec_macro=0.7568 val_metric_name=acc val_metric=0.8074
Step 1100 | loss 0.4536 | val_acc=0.8108 val_loss=0.5764 val_f1_macro=0.7673 val_f1_weighted=0.8070 val_prec_macro=0.7798 val_rec_macro=0.7635 val_metric_name=acc val_metric=0.8108
Step 1150 | loss 0.4354 | val_acc=0.8145 val_loss=0.5717 val_f1_macro=0.7711 val_f1_weighted=0.8115 val_prec_macro=0.7813 val_rec_macro=0.7693 val_metric_name=acc val_metric=0.8145
Step 1200 | loss 0.4210 | val_acc=0.8187 val_loss=0.5652 val_f1_macro=0.7763 val_f1_weighted=0.8159 val_prec_macro=0.7854 val_rec_macro=0.7745 val_metric_name=acc val_metric=0.8187
Step 1250 | loss 0.3956 | val_acc=0.8224 val_loss=0.5615 val_f1_macro=0.7832 val_f1_weighted=0.8200 val_prec_macro=0.7919 val_rec_macro=0.7804 val_metric_name=acc val_metric=0.8224
Step 1300 | loss 0.3767 | val_acc=0.8247 val_loss=0.5589 val_f1_macro=0.7857 val_f1_weighted=0.8224 val_prec_macro=0.7928 val_rec_macro=0.7842 val_metric_name=acc val_metric=0.8247
Step 1350 | loss 0.3629 | val_acc=0.8267 val_loss=0.5550 val_f1_macro=0.7860 val_f1_weighted=0.8242 val_prec_macro=0.7910 val_rec_macro=0.7859 val_metric_name=acc val_metric=0.8267
Step 1400 | loss 0.3437 | val_acc=0.8274 val_loss=0.5535 val_f1_macro=0.7874 val_f1_weighted=0.8251 val_prec_macro=0.7928 val_rec_macro=0.7862 val_metric_name=acc val_metric=0.8274
Step 1450 | loss 0.3336 | val_acc=0.8309 val_loss=0.5533 val_f1_macro=0.7927 val_f1_weighted=0.8286 val_prec_macro=0.7978 val_rec_macro=0.7920 val_metric_name=acc val_metric=0.8309
Step 1500 | loss 0.3165 | val_acc=0.8318 val_loss=0.5529 val_f1_macro=0.7951 val_f1_weighted=0.8297 val_prec_macro=0.8025 val_rec_macro=0.7923 val_metric_name=acc val_metric=0.8318
Step 1550 | loss 0.2959 | val_acc=0.8341 val_loss=0.5525 val_f1_macro=0.7978 val_f1_weighted=0.8321 val_prec_macro=0.8042 val_rec_macro=0.7953 val_metric_name=acc val_metric=0.8341
Step 1600 | loss 0.2848 | val_acc=0.8350 val_loss=0.5551 val_f1_macro=0.7989 val_f1_weighted=0.8332 val_prec_macro=0.8076 val_rec_macro=0.7946 val_metric_name=acc val_metric=0.8350
Step 1650 | loss 0.2616 | val_acc=0.8365 val_loss=0.5529 val_f1_macro=0.8022 val_f1_weighted=0.8349 val_prec_macro=0.8081 val_rec_macro=0.7991 val_metric_name=acc val_metric=0.8365
Step 1700 | loss 0.2573 | val_acc=0.8358 val_loss=0.5596 val_f1_macro=0.8023 val_f1_weighted=0.8346 val_prec_macro=0.8121 val_rec_macro=0.7968 val_metric_name=acc val_metric=0.8358
Step 1750 | loss 0.2417 | val_acc=0.8376 val_loss=0.5598 val_f1_macro=0.8055 val_f1_weighted=0.8361 val_prec_macro=0.8130 val_rec_macro=0.8010 val_metric_name=acc val_metric=0.8376
Step 1800 | loss 0.2320 | val_acc=0.8365 val_loss=0.5644 val_f1_macro=0.8029 val_f1_weighted=0.8353 val_prec_macro=0.8137 val_rec_macro=0.7964 val_metric_name=acc val_metric=0.8365
Step 1850 | loss 0.2153 | val_acc=0.8380 val_loss=0.5697 val_f1_macro=0.8069 val_f1_weighted=0.8371 val_prec_macro=0.8152 val_rec_macro=0.8019 val_metric_name=acc val_metric=0.8380
Step 1900 | loss 0.2071 | val_acc=0.8383 val_loss=0.5735 val_f1_macro=0.8092 val_f1_weighted=0.8375 val_prec_macro=0.8176 val_rec_macro=0.8043 val_metric_name=acc val_metric=0.8383
Step 1950 | loss 0.1946 | val_acc=0.8408 val_loss=0.5759 val_f1_macro=0.8104 val_f1_weighted=0.8397 val_prec_macro=0.8194 val_rec_macro=0.8043 val_metric_name=acc val_metric=0.8408
Step 2000 | loss 0.1850 | val_acc=0.8385 val_loss=0.5804 val_f1_macro=0.8080 val_f1_weighted=0.8371 val_prec_macro=0.8178 val_rec_macro=0.8017 val_metric_name=acc val_metric=0.8385
Step 2050 | loss 0.1768 | val_acc=0.8399 val_loss=0.5849 val_f1_macro=0.8096 val_f1_weighted=0.8388 val_prec_macro=0.8185 val_rec_macro=0.8041 val_metric_name=acc val_metric=0.8399
Step 2100 | loss 0.1626 | val_acc=0.8390 val_loss=0.5917 val_f1_macro=0.8085 val_f1_weighted=0.8379 val_prec_macro=0.8190 val_rec_macro=0.8016 val_metric_name=acc val_metric=0.8390
Step 2150 | loss 0.1554 | val_acc=0.8413 val_loss=0.5952 val_f1_macro=0.8097 val_f1_weighted=0.8402 val_prec_macro=0.8182 val_rec_macro=0.8042 val_metric_name=acc val_metric=0.8413
Step 2200 | loss 0.1480 | val_acc=0.8406 val_loss=0.6035 val_f1_macro=0.8110 val_f1_weighted=0.8401 val_prec_macro=0.8194 val_rec_macro=0.8058 val_metric_name=acc val_metric=0.8406
Step 2250 | loss 0.1408 | val_acc=0.8402 val_loss=0.6111 val_f1_macro=0.8102 val_f1_weighted=0.8392 val_prec_macro=0.8181 val_rec_macro=0.8057 val_metric_name=acc val_metric=0.8402
Step 2300 | loss 0.1287 | val_acc=0.8404 val_loss=0.6151 val_f1_macro=0.8095 val_f1_weighted=0.8395 val_prec_macro=0.8169 val_rec_macro=0.8052 val_metric_name=acc val_metric=0.8404
Step 2350 | loss 0.1254 | val_acc=0.8422 val_loss=0.6221 val_f1_macro=0.8127 val_f1_weighted=0.8414 val_prec_macro=0.8205 val_rec_macro=0.8079 val_metric_name=acc val_metric=0.8422
Step 2400 | loss 0.1186 | val_acc=0.8420 val_loss=0.6263 val_f1_macro=0.8126 val_f1_weighted=0.8411 val_prec_macro=0.8192 val_rec_macro=0.8090 val_metric_name=acc val_metric=0.8420
Step 2450 | loss 0.1143 | val_acc=0.8431 val_loss=0.6362 val_f1_macro=0.8130 val_f1_weighted=0.8425 val_prec_macro=0.8198 val_rec_macro=0.8094 val_metric_name=acc val_metric=0.8431
Step 2500 | loss 0.1040 | val_acc=0.8440 val_loss=0.6392 val_f1_macro=0.8146 val_f1_weighted=0.8432 val_prec_macro=0.8212 val_rec_macro=0.8108 val_metric_name=acc val_metric=0.8440
Step 2550 | loss 0.1017 | val_acc=0.8427 val_loss=0.6465 val_f1_macro=0.8140 val_f1_weighted=0.8417 val_prec_macro=0.8204 val_rec_macro=0.8104 val_metric_name=acc val_metric=0.8427
Step 2600 | loss 0.0952 | val_acc=0.8440 val_loss=0.6515 val_f1_macro=0.8146 val_f1_weighted=0.8428 val_prec_macro=0.8214 val_rec_macro=0.8105 val_metric_name=acc val_metric=0.8440
Step 2650 | loss 0.0915 | val_acc=0.8425 val_loss=0.6608 val_f1_macro=0.8133 val_f1_weighted=0.8417 val_prec_macro=0.8194 val_rec_macro=0.8103 val_metric_name=acc val_metric=0.8425
Step 2700 | loss 0.0825 | val_acc=0.8427 val_loss=0.6642 val_f1_macro=0.8134 val_f1_weighted=0.8418 val_prec_macro=0.8206 val_rec_macro=0.8092 val_metric_name=acc val_metric=0.8427
Step 2750 | loss 0.0850 | val_acc=0.8440 val_loss=0.6693 val_f1_macro=0.8148 val_f1_weighted=0.8430 val_prec_macro=0.8228 val_rec_macro=0.8095 val_metric_name=acc val_metric=0.8440
Step 2800 | loss 0.0806 | val_acc=0.8443 val_loss=0.6747 val_f1_macro=0.8161 val_f1_weighted=0.8435 val_prec_macro=0.8217 val_rec_macro=0.8132 val_metric_name=acc val_metric=0.8443
Step 2850 | loss 0.0718 | val_acc=0.8448 val_loss=0.6813 val_f1_macro=0.8161 val_f1_weighted=0.8439 val_prec_macro=0.8208 val_rec_macro=0.8141 val_metric_name=acc val_metric=0.8448
Step 2900 | loss 0.0714 | val_acc=0.8455 val_loss=0.6877 val_f1_macro=0.8171 val_f1_weighted=0.8443 val_prec_macro=0.8235 val_rec_macro=0.8139 val_metric_name=acc val_metric=0.8455
Step 2950 | loss 0.0679 | val_acc=0.8464 val_loss=0.6935 val_f1_macro=0.8190 val_f1_weighted=0.8451 val_prec_macro=0.8241 val_rec_macro=0.8167 val_metric_name=acc val_metric=0.8464
Step 3000 | loss 0.0617 | val_acc=0.8445 val_loss=0.7001 val_f1_macro=0.8166 val_f1_weighted=0.8437 val_prec_macro=0.8230 val_rec_macro=0.8131 val_metric_name=acc val_metric=0.8445
Step 3050 | loss 0.0650 | val_acc=0.8448 val_loss=0.7071 val_f1_macro=0.8159 val_f1_weighted=0.8438 val_prec_macro=0.8202 val_rec_macro=0.8144 val_metric_name=acc val_metric=0.8448
Step 3100 | loss 0.0573 | val_acc=0.8461 val_loss=0.7110 val_f1_macro=0.8172 val_f1_weighted=0.8449 val_prec_macro=0.8211 val_rec_macro=0.8155 val_metric_name=acc val_metric=0.8461
Step 3150 | loss 0.0539 | val_acc=0.8447 val_loss=0.7183 val_f1_macro=0.8157 val_f1_weighted=0.8436 val_prec_macro=0.8219 val_rec_macro=0.8125 val_metric_name=acc val_metric=0.8447
Step 3200 | loss 0.0554 | val_acc=0.8440 val_loss=0.7220 val_f1_macro=0.8144 val_f1_weighted=0.8429 val_prec_macro=0.8195 val_rec_macro=0.8119 val_metric_name=acc val_metric=0.8440
Step 3250 | loss 0.0513 | val_acc=0.8440 val_loss=0.7271 val_f1_macro=0.8147 val_f1_weighted=0.8432 val_prec_macro=0.8193 val_rec_macro=0.8121 val_metric_name=acc val_metric=0.8440
Step 3300 | loss 0.0519 | val_acc=0.8450 val_loss=0.7354 val_f1_macro=0.8146 val_f1_weighted=0.8438 val_prec_macro=0.8200 val_rec_macro=0.8120 val_metric_name=acc val_metric=0.8450
Step 3350 | loss 0.0472 | val_acc=0.8454 val_loss=0.7366 val_f1_macro=0.8151 val_f1_weighted=0.8440 val_prec_macro=0.8204 val_rec_macro=0.8122 val_metric_name=acc val_metric=0.8454
Step 3400 | loss 0.0473 | val_acc=0.8443 val_loss=0.7436 val_f1_macro=0.8148 val_f1_weighted=0.8432 val_prec_macro=0.8202 val_rec_macro=0.8121 val_metric_name=acc val_metric=0.8443
Step 3450 | loss 0.0444 | val_acc=0.8445 val_loss=0.7453 val_f1_macro=0.8143 val_f1_weighted=0.8434 val_prec_macro=0.8175 val_rec_macro=0.8135 val_metric_name=acc val_metric=0.8445
Step 3500 | loss 0.0419 | val_acc=0.8457 val_loss=0.7530 val_f1_macro=0.8156 val_f1_weighted=0.8445 val_prec_macro=0.8197 val_rec_macro=0.8136 val_metric_name=acc val_metric=0.8457
Step 3550 | loss 0.0407 | val_acc=0.8462 val_loss=0.7572 val_f1_macro=0.8157 val_f1_weighted=0.8451 val_prec_macro=0.8207 val_rec_macro=0.8133 val_metric_name=acc val_metric=0.8462
Step 3600 | loss 0.0371 | val_acc=0.8459 val_loss=0.7595 val_f1_macro=0.8156 val_f1_weighted=0.8447 val_prec_macro=0.8205 val_rec_macro=0.8135 val_metric_name=acc val_metric=0.8459
Step 3650 | loss 0.0377 | val_acc=0.8459 val_loss=0.7654 val_f1_macro=0.8147 val_f1_weighted=0.8443 val_prec_macro=0.8196 val_rec_macro=0.8127 val_metric_name=acc val_metric=0.8459
Step 3700 | loss 0.0359 | val_acc=0.8459 val_loss=0.7704 val_f1_macro=0.8155 val_f1_weighted=0.8446 val_prec_macro=0.8202 val_rec_macro=0.8132 val_metric_name=acc val_metric=0.8459
Step 3750 | loss 0.0346 | val_acc=0.8455 val_loss=0.7745 val_f1_macro=0.8147 val_f1_weighted=0.8444 val_prec_macro=0.8184 val_rec_macro=0.8135 val_metric_name=acc val_metric=0.8455
Step 3800 | loss 0.0330 | val_acc=0.8468 val_loss=0.7787 val_f1_macro=0.8158 val_f1_weighted=0.8454 val_prec_macro=0.8193 val_rec_macro=0.8147 val_metric_name=acc val_metric=0.8468
Step 3850 | loss 0.0350 | val_acc=0.8462 val_loss=0.7810 val_f1_macro=0.8142 val_f1_weighted=0.8447 val_prec_macro=0.8211 val_rec_macro=0.8105 val_metric_name=acc val_metric=0.8462
Step 3900 | loss 0.0312 | val_acc=0.8462 val_loss=0.7900 val_f1_macro=0.8154 val_f1_weighted=0.8449 val_prec_macro=0.8206 val_rec_macro=0.8135 val_metric_name=acc val_metric=0.8462
Step 3950 | loss 0.0327 | val_acc=0.8482 val_loss=0.7913 val_f1_macro=0.8170 val_f1_weighted=0.8465 val_prec_macro=0.8214 val_rec_macro=0.8155 val_metric_name=acc val_metric=0.8482
Step 4000 | loss 0.0291 | val_acc=0.8462 val_loss=0.7970 val_f1_macro=0.8155 val_f1_weighted=0.8449 val_prec_macro=0.8195 val_rec_macro=0.8143 val_metric_name=acc val_metric=0.8462
Step 4050 | loss 0.0289 | val_acc=0.8468 val_loss=0.7982 val_f1_macro=0.8155 val_f1_weighted=0.8452 val_prec_macro=0.8203 val_rec_macro=0.8132 val_metric_name=acc val_metric=0.8468
Step 4100 | loss 0.0274 | val_acc=0.8473 val_loss=0.8061 val_f1_macro=0.8167 val_f1_weighted=0.8457 val_prec_macro=0.8217 val_rec_macro=0.8145 val_metric_name=acc val_metric=0.8473
Step 4150 | loss 0.0249 | val_acc=0.8470 val_loss=0.8087 val_f1_macro=0.8155 val_f1_weighted=0.8453 val_prec_macro=0.8204 val_rec_macro=0.8134 val_metric_name=acc val_metric=0.8470
Step 4200 | loss 0.0244 | val_acc=0.8489 val_loss=0.8139 val_f1_macro=0.8183 val_f1_weighted=0.8473 val_prec_macro=0.8224 val_rec_macro=0.8168 val_metric_name=acc val_metric=0.8489
Step 4250 | loss 0.0259 | val_acc=0.8498 val_loss=0.8143 val_f1_macro=0.8185 val_f1_weighted=0.8481 val_prec_macro=0.8236 val_rec_macro=0.8158 val_metric_name=acc val_metric=0.8498
Step 4300 | loss 0.0271 | val_acc=0.8480 val_loss=0.8195 val_f1_macro=0.8170 val_f1_weighted=0.8464 val_prec_macro=0.8217 val_rec_macro=0.8147 val_metric_name=acc val_metric=0.8480
Step 4350 | loss 0.0227 | val_acc=0.8494 val_loss=0.8231 val_f1_macro=0.8173 val_f1_weighted=0.8477 val_prec_macro=0.8225 val_rec_macro=0.8151 val_metric_name=acc val_metric=0.8494
Step 4400 | loss 0.0234 | val_acc=0.8494 val_loss=0.8279 val_f1_macro=0.8185 val_f1_weighted=0.8478 val_prec_macro=0.8221 val_rec_macro=0.8173 val_metric_name=acc val_metric=0.8494
Step 4450 | loss 0.0224 | val_acc=0.8478 val_loss=0.8305 val_f1_macro=0.8171 val_f1_weighted=0.8463 val_prec_macro=0.8215 val_rec_macro=0.8157 val_metric_name=acc val_metric=0.8478
Step 4500 | loss 0.0225 | val_acc=0.8501 val_loss=0.8362 val_f1_macro=0.8193 val_f1_weighted=0.8483 val_prec_macro=0.8238 val_rec_macro=0.8177 val_metric_name=acc val_metric=0.8501
Step 4550 | loss 0.0211 | val_acc=0.8489 val_loss=0.8405 val_f1_macro=0.8174 val_f1_weighted=0.8473 val_prec_macro=0.8212 val_rec_macro=0.8163 val_metric_name=acc val_metric=0.8489
Step 4600 | loss 0.0202 | val_acc=0.8503 val_loss=0.8430 val_f1_macro=0.8177 val_f1_weighted=0.8485 val_prec_macro=0.8218 val_rec_macro=0.8167 val_metric_name=acc val_metric=0.8503
Step 4650 | loss 0.0190 | val_acc=0.8494 val_loss=0.8473 val_f1_macro=0.8179 val_f1_weighted=0.8480 val_prec_macro=0.8218 val_rec_macro=0.8166 val_metric_name=acc val_metric=0.8494
Step 4700 | loss 0.0173 | val_acc=0.8508 val_loss=0.8513 val_f1_macro=0.8193 val_f1_weighted=0.8491 val_prec_macro=0.8224 val_rec_macro=0.8187 val_metric_name=acc val_metric=0.8508
Step 4750 | loss 0.0201 | val_acc=0.8494 val_loss=0.8564 val_f1_macro=0.8185 val_f1_weighted=0.8479 val_prec_macro=0.8216 val_rec_macro=0.8180 val_metric_name=acc val_metric=0.8494
Step 4800 | loss 0.0171 | val_acc=0.8494 val_loss=0.8587 val_f1_macro=0.8186 val_f1_weighted=0.8479 val_prec_macro=0.8221 val_rec_macro=0.8177 val_metric_name=acc val_metric=0.8494
Step 4850 | loss 0.0164 | val_acc=0.8494 val_loss=0.8589 val_f1_macro=0.8183 val_f1_weighted=0.8479 val_prec_macro=0.8213 val_rec_macro=0.8174 val_metric_name=acc val_metric=0.8494
Step 4900 | loss 0.0167 | val_acc=0.8508 val_loss=0.8663 val_f1_macro=0.8208 val_f1_weighted=0.8494 val_prec_macro=0.8240 val_rec_macro=0.8200 val_metric_name=acc val_metric=0.8508
Step 4950 | loss 0.0130 | val_acc=0.8498 val_loss=0.8670 val_f1_macro=0.8194 val_f1_weighted=0.8483 val_prec_macro=0.8255 val_rec_macro=0.8164 val_metric_name=acc val_metric=0.8498
Early stopping at step 4960

--- Final (best ckpt @ step 4660) ---
  train_acc=0.9999 train_loss=0.0004 train_f1_macro=0.9999 train_f1_weighted=0.9999 train_prec_macro=1.0000 train_rec_macro=0.9998 train_metric_name=acc train_metric=0.9999
  val_acc=0.8524 val_loss=0.8469 val_f1_macro=0.8210 val_f1_weighted=0.8507 val_prec_macro=0.8253 val_rec_macro=0.8190 val_metric_name=acc val_metric=0.8524
  test_acc=0.8450 test_loss=0.8939 test_f1_macro=0.8131 test_f1_weighted=0.8424 test_prec_macro=0.8166 test_rec_macro=0.8127 test_metric_name=acc test_metric=0.8450
  test_acc=0.8450

============================================================
Training roman-empire TAG 2L h=512 lr=3e-05 split=4
============================================================
Training for 5000 steps
Step    1 | loss 3.0009 | val_acc=0.1024 val_loss=2.7873 val_f1_macro=0.0308 val_f1_weighted=0.0585 val_prec_macro=0.0461 val_rec_macro=0.0486 val_metric_name=acc val_metric=0.1024
Step   50 | loss 1.3860 | val_acc=0.6198 val_loss=1.2161 val_f1_macro=0.4220 val_f1_weighted=0.5768 val_prec_macro=0.5052 val_rec_macro=0.4214 val_metric_name=acc val_metric=0.6198
Step  100 | loss 0.9365 | val_acc=0.7179 val_loss=0.8517 val_f1_macro=0.5898 val_f1_weighted=0.6946 val_prec_macro=0.6392 val_rec_macro=0.5955 val_metric_name=acc val_metric=0.7179
Step  150 | loss 0.7384 | val_acc=0.7573 val_loss=0.7134 val_f1_macro=0.6724 val_f1_weighted=0.7461 val_prec_macro=0.7129 val_rec_macro=0.6713 val_metric_name=acc val_metric=0.7573
Step  200 | loss 0.6100 | val_acc=0.7850 val_loss=0.6445 val_f1_macro=0.7248 val_f1_weighted=0.7782 val_prec_macro=0.7484 val_rec_macro=0.7213 val_metric_name=acc val_metric=0.7850
Step  250 | loss 0.5119 | val_acc=0.8018 val_loss=0.6094 val_f1_macro=0.7505 val_f1_weighted=0.7967 val_prec_macro=0.7608 val_rec_macro=0.7517 val_metric_name=acc val_metric=0.8018
Step  300 | loss 0.4347 | val_acc=0.8148 val_loss=0.5834 val_f1_macro=0.7718 val_f1_weighted=0.8114 val_prec_macro=0.7820 val_rec_macro=0.7697 val_metric_name=acc val_metric=0.8148
Step  350 | loss 0.3678 | val_acc=0.8229 val_loss=0.5770 val_f1_macro=0.7852 val_f1_weighted=0.8208 val_prec_macro=0.7880 val_rec_macro=0.7879 val_metric_name=acc val_metric=0.8229
Step  400 | loss 0.3078 | val_acc=0.8323 val_loss=0.5733 val_f1_macro=0.7955 val_f1_weighted=0.8296 val_prec_macro=0.7971 val_rec_macro=0.7976 val_metric_name=acc val_metric=0.8323
Step  450 | loss 0.2597 | val_acc=0.8364 val_loss=0.5785 val_f1_macro=0.8018 val_f1_weighted=0.8340 val_prec_macro=0.8071 val_rec_macro=0.8002 val_metric_name=acc val_metric=0.8364
Step  500 | loss 0.2071 | val_acc=0.8378 val_loss=0.5944 val_f1_macro=0.8039 val_f1_weighted=0.8357 val_prec_macro=0.8064 val_rec_macro=0.8044 val_metric_name=acc val_metric=0.8378
Step  550 | loss 0.1710 | val_acc=0.8413 val_loss=0.6101 val_f1_macro=0.8080 val_f1_weighted=0.8393 val_prec_macro=0.8098 val_rec_macro=0.8082 val_metric_name=acc val_metric=0.8413
Step  600 | loss 0.1412 | val_acc=0.8418 val_loss=0.6285 val_f1_macro=0.8107 val_f1_weighted=0.8400 val_prec_macro=0.8159 val_rec_macro=0.8086 val_metric_name=acc val_metric=0.8418
Step  650 | loss 0.1145 | val_acc=0.8431 val_loss=0.6564 val_f1_macro=0.8112 val_f1_weighted=0.8414 val_prec_macro=0.8150 val_rec_macro=0.8112 val_metric_name=acc val_metric=0.8431
Step  700 | loss 0.0965 | val_acc=0.8429 val_loss=0.6774 val_f1_macro=0.8111 val_f1_weighted=0.8414 val_prec_macro=0.8170 val_rec_macro=0.8090 val_metric_name=acc val_metric=0.8429
Step  750 | loss 0.0836 | val_acc=0.8440 val_loss=0.6955 val_f1_macro=0.8128 val_f1_weighted=0.8425 val_prec_macro=0.8161 val_rec_macro=0.8123 val_metric_name=acc val_metric=0.8440
Step  800 | loss 0.0705 | val_acc=0.8457 val_loss=0.7178 val_f1_macro=0.8132 val_f1_weighted=0.8437 val_prec_macro=0.8198 val_rec_macro=0.8100 val_metric_name=acc val_metric=0.8457
Step  850 | loss 0.0530 | val_acc=0.8452 val_loss=0.7422 val_f1_macro=0.8130 val_f1_weighted=0.8431 val_prec_macro=0.8163 val_rec_macro=0.8127 val_metric_name=acc val_metric=0.8452
Step  900 | loss 0.0479 | val_acc=0.8455 val_loss=0.7621 val_f1_macro=0.8124 val_f1_weighted=0.8433 val_prec_macro=0.8177 val_rec_macro=0.8113 val_metric_name=acc val_metric=0.8455
Step  950 | loss 0.0435 | val_acc=0.8454 val_loss=0.7744 val_f1_macro=0.8119 val_f1_weighted=0.8434 val_prec_macro=0.8183 val_rec_macro=0.8102 val_metric_name=acc val_metric=0.8454
Step 1000 | loss 0.0356 | val_acc=0.8471 val_loss=0.7846 val_f1_macro=0.8172 val_f1_weighted=0.8456 val_prec_macro=0.8233 val_rec_macro=0.8140 val_metric_name=acc val_metric=0.8471
Step 1050 | loss 0.0331 | val_acc=0.8477 val_loss=0.7983 val_f1_macro=0.8176 val_f1_weighted=0.8464 val_prec_macro=0.8241 val_rec_macro=0.8146 val_metric_name=acc val_metric=0.8477
Step 1100 | loss 0.0260 | val_acc=0.8484 val_loss=0.8177 val_f1_macro=0.8167 val_f1_weighted=0.8463 val_prec_macro=0.8219 val_rec_macro=0.8150 val_metric_name=acc val_metric=0.8484
Step 1150 | loss 0.0247 | val_acc=0.8461 val_loss=0.8389 val_f1_macro=0.8146 val_f1_weighted=0.8440 val_prec_macro=0.8225 val_rec_macro=0.8120 val_metric_name=acc val_metric=0.8461
Step 1200 | loss 0.0220 | val_acc=0.8498 val_loss=0.8418 val_f1_macro=0.8173 val_f1_weighted=0.8477 val_prec_macro=0.8246 val_rec_macro=0.8140 val_metric_name=acc val_metric=0.8498
Step 1250 | loss 0.0218 | val_acc=0.8507 val_loss=0.8518 val_f1_macro=0.8216 val_f1_weighted=0.8487 val_prec_macro=0.8283 val_rec_macro=0.8187 val_metric_name=acc val_metric=0.8507
Step 1300 | loss 0.0181 | val_acc=0.8514 val_loss=0.8631 val_f1_macro=0.8205 val_f1_weighted=0.8493 val_prec_macro=0.8266 val_rec_macro=0.8179 val_metric_name=acc val_metric=0.8514
Step 1350 | loss 0.0173 | val_acc=0.8507 val_loss=0.8682 val_f1_macro=0.8207 val_f1_weighted=0.8486 val_prec_macro=0.8287 val_rec_macro=0.8164 val_metric_name=acc val_metric=0.8507
Step 1400 | loss 0.0163 | val_acc=0.8521 val_loss=0.8747 val_f1_macro=0.8224 val_f1_weighted=0.8499 val_prec_macro=0.8296 val_rec_macro=0.8187 val_metric_name=acc val_metric=0.8521
Step 1450 | loss 0.0146 | val_acc=0.8521 val_loss=0.8849 val_f1_macro=0.8199 val_f1_weighted=0.8499 val_prec_macro=0.8285 val_rec_macro=0.8156 val_metric_name=acc val_metric=0.8521
Step 1500 | loss 0.0120 | val_acc=0.8515 val_loss=0.8934 val_f1_macro=0.8211 val_f1_weighted=0.8496 val_prec_macro=0.8271 val_rec_macro=0.8188 val_metric_name=acc val_metric=0.8515
Step 1550 | loss 0.0127 | val_acc=0.8528 val_loss=0.8971 val_f1_macro=0.8251 val_f1_weighted=0.8511 val_prec_macro=0.8303 val_rec_macro=0.8223 val_metric_name=acc val_metric=0.8528
Step 1600 | loss 0.0096 | val_acc=0.8507 val_loss=0.9078 val_f1_macro=0.8200 val_f1_weighted=0.8481 val_prec_macro=0.8307 val_rec_macro=0.8137 val_metric_name=acc val_metric=0.8507
Step 1650 | loss 0.0103 | val_acc=0.8523 val_loss=0.9232 val_f1_macro=0.8225 val_f1_weighted=0.8501 val_prec_macro=0.8312 val_rec_macro=0.8182 val_metric_name=acc val_metric=0.8523
Step 1700 | loss 0.0090 | val_acc=0.8514 val_loss=0.9307 val_f1_macro=0.8202 val_f1_weighted=0.8489 val_prec_macro=0.8282 val_rec_macro=0.8162 val_metric_name=acc val_metric=0.8514
Step 1750 | loss 0.0091 | val_acc=0.8508 val_loss=0.9358 val_f1_macro=0.8209 val_f1_weighted=0.8483 val_prec_macro=0.8312 val_rec_macro=0.8151 val_metric_name=acc val_metric=0.8508
Step 1800 | loss 0.0092 | val_acc=0.8510 val_loss=0.9458 val_f1_macro=0.8203 val_f1_weighted=0.8490 val_prec_macro=0.8298 val_rec_macro=0.8152 val_metric_name=acc val_metric=0.8510
Step 1850 | loss 0.0082 | val_acc=0.8535 val_loss=0.9439 val_f1_macro=0.8233 val_f1_weighted=0.8512 val_prec_macro=0.8314 val_rec_macro=0.8191 val_metric_name=acc val_metric=0.8535
Step 1900 | loss 0.0075 | val_acc=0.8526 val_loss=0.9553 val_f1_macro=0.8226 val_f1_weighted=0.8501 val_prec_macro=0.8300 val_rec_macro=0.8188 val_metric_name=acc val_metric=0.8526
Step 1950 | loss 0.0075 | val_acc=0.8545 val_loss=0.9514 val_f1_macro=0.8257 val_f1_weighted=0.8523 val_prec_macro=0.8324 val_rec_macro=0.8217 val_metric_name=acc val_metric=0.8545
Step 2000 | loss 0.0063 | val_acc=0.8515 val_loss=0.9656 val_f1_macro=0.8200 val_f1_weighted=0.8490 val_prec_macro=0.8279 val_rec_macro=0.8153 val_metric_name=acc val_metric=0.8515
Step 2050 | loss 0.0055 | val_acc=0.8528 val_loss=0.9730 val_f1_macro=0.8218 val_f1_weighted=0.8505 val_prec_macro=0.8291 val_rec_macro=0.8174 val_metric_name=acc val_metric=0.8528
Step 2100 | loss 0.0057 | val_acc=0.8544 val_loss=0.9747 val_f1_macro=0.8223 val_f1_weighted=0.8521 val_prec_macro=0.8291 val_rec_macro=0.8191 val_metric_name=acc val_metric=0.8544
Step 2150 | loss 0.0073 | val_acc=0.8537 val_loss=0.9805 val_f1_macro=0.8227 val_f1_weighted=0.8513 val_prec_macro=0.8315 val_rec_macro=0.8176 val_metric_name=acc val_metric=0.8537
Step 2200 | loss 0.0049 | val_acc=0.8523 val_loss=0.9923 val_f1_macro=0.8207 val_f1_weighted=0.8501 val_prec_macro=0.8275 val_rec_macro=0.8176 val_metric_name=acc val_metric=0.8523
Step 2250 | loss 0.0054 | val_acc=0.8526 val_loss=1.0011 val_f1_macro=0.8194 val_f1_weighted=0.8501 val_prec_macro=0.8264 val_rec_macro=0.8161 val_metric_name=acc val_metric=0.8526
Step 2300 | loss 0.0050 | val_acc=0.8540 val_loss=1.0072 val_f1_macro=0.8205 val_f1_weighted=0.8511 val_prec_macro=0.8310 val_rec_macro=0.8152 val_metric_name=acc val_metric=0.8540
Step 2350 | loss 0.0037 | val_acc=0.8530 val_loss=1.0016 val_f1_macro=0.8208 val_f1_weighted=0.8504 val_prec_macro=0.8287 val_rec_macro=0.8169 val_metric_name=acc val_metric=0.8530
Step 2400 | loss 0.0030 | val_acc=0.8545 val_loss=1.0135 val_f1_macro=0.8242 val_f1_weighted=0.8523 val_prec_macro=0.8338 val_rec_macro=0.8186 val_metric_name=acc val_metric=0.8545
Step 2450 | loss 0.0042 | val_acc=0.8540 val_loss=1.0208 val_f1_macro=0.8238 val_f1_weighted=0.8517 val_prec_macro=0.8328 val_rec_macro=0.8189 val_metric_name=acc val_metric=0.8540
Step 2500 | loss 0.0046 | val_acc=0.8542 val_loss=1.0243 val_f1_macro=0.8217 val_f1_weighted=0.8516 val_prec_macro=0.8299 val_rec_macro=0.8174 val_metric_name=acc val_metric=0.8542
Step 2550 | loss 0.0045 | val_acc=0.8524 val_loss=1.0242 val_f1_macro=0.8202 val_f1_weighted=0.8498 val_prec_macro=0.8299 val_rec_macro=0.8151 val_metric_name=acc val_metric=0.8524
Step 2600 | loss 0.0034 | val_acc=0.8545 val_loss=1.0265 val_f1_macro=0.8241 val_f1_weighted=0.8523 val_prec_macro=0.8294 val_rec_macro=0.8221 val_metric_name=acc val_metric=0.8545
Step 2650 | loss 0.0036 | val_acc=0.8531 val_loss=1.0363 val_f1_macro=0.8203 val_f1_weighted=0.8505 val_prec_macro=0.8259 val_rec_macro=0.8187 val_metric_name=acc val_metric=0.8531
Step 2700 | loss 0.0035 | val_acc=0.8530 val_loss=1.0389 val_f1_macro=0.8200 val_f1_weighted=0.8500 val_prec_macro=0.8274 val_rec_macro=0.8161 val_metric_name=acc val_metric=0.8530
Step 2750 | loss 0.0028 | val_acc=0.8542 val_loss=1.0440 val_f1_macro=0.8224 val_f1_weighted=0.8517 val_prec_macro=0.8298 val_rec_macro=0.8181 val_metric_name=acc val_metric=0.8542
Step 2800 | loss 0.0030 | val_acc=0.8544 val_loss=1.0466 val_f1_macro=0.8218 val_f1_weighted=0.8516 val_prec_macro=0.8299 val_rec_macro=0.8179 val_metric_name=acc val_metric=0.8544
Step 2850 | loss 0.0038 | val_acc=0.8533 val_loss=1.0552 val_f1_macro=0.8203 val_f1_weighted=0.8508 val_prec_macro=0.8271 val_rec_macro=0.8176 val_metric_name=acc val_metric=0.8533
Step 2900 | loss 0.0026 | val_acc=0.8514 val_loss=1.0636 val_f1_macro=0.8179 val_f1_weighted=0.8484 val_prec_macro=0.8238 val_rec_macro=0.8162 val_metric_name=acc val_metric=0.8514
Step 2950 | loss 0.0036 | val_acc=0.8538 val_loss=1.0623 val_f1_macro=0.8235 val_f1_weighted=0.8519 val_prec_macro=0.8301 val_rec_macro=0.8201 val_metric_name=acc val_metric=0.8538
Step 3000 | loss 0.0023 | val_acc=0.8547 val_loss=1.0676 val_f1_macro=0.8238 val_f1_weighted=0.8522 val_prec_macro=0.8320 val_rec_macro=0.8195 val_metric_name=acc val_metric=0.8547
Step 3050 | loss 0.0024 | val_acc=0.8542 val_loss=1.0687 val_f1_macro=0.8223 val_f1_weighted=0.8515 val_prec_macro=0.8319 val_rec_macro=0.8168 val_metric_name=acc val_metric=0.8542
Step 3100 | loss 0.0020 | val_acc=0.8531 val_loss=1.0824 val_f1_macro=0.8216 val_f1_weighted=0.8501 val_prec_macro=0.8316 val_rec_macro=0.8166 val_metric_name=acc val_metric=0.8531
Step 3150 | loss 0.0021 | val_acc=0.8553 val_loss=1.0763 val_f1_macro=0.8247 val_f1_weighted=0.8523 val_prec_macro=0.8318 val_rec_macro=0.8215 val_metric_name=acc val_metric=0.8553
Step 3200 | loss 0.0014 | val_acc=0.8588 val_loss=1.0671 val_f1_macro=0.8307 val_f1_weighted=0.8566 val_prec_macro=0.8392 val_rec_macro=0.8255 val_metric_name=acc val_metric=0.8588
Step 3250 | loss 0.0017 | val_acc=0.8560 val_loss=1.0792 val_f1_macro=0.8229 val_f1_weighted=0.8531 val_prec_macro=0.8295 val_rec_macro=0.8203 val_metric_name=acc val_metric=0.8560
Step 3300 | loss 0.0027 | val_acc=0.8554 val_loss=1.0827 val_f1_macro=0.8233 val_f1_weighted=0.8524 val_prec_macro=0.8310 val_rec_macro=0.8204 val_metric_name=acc val_metric=0.8554
Step 3350 | loss 0.0016 | val_acc=0.8563 val_loss=1.0900 val_f1_macro=0.8239 val_f1_weighted=0.8536 val_prec_macro=0.8335 val_rec_macro=0.8191 val_metric_name=acc val_metric=0.8563
Step 3400 | loss 0.0023 | val_acc=0.8554 val_loss=1.0920 val_f1_macro=0.8237 val_f1_weighted=0.8526 val_prec_macro=0.8327 val_rec_macro=0.8204 val_metric_name=acc val_metric=0.8554
Step 3450 | loss 0.0023 | val_acc=0.8553 val_loss=1.0986 val_f1_macro=0.8237 val_f1_weighted=0.8525 val_prec_macro=0.8312 val_rec_macro=0.8214 val_metric_name=acc val_metric=0.8553
Step 3500 | loss 0.0022 | val_acc=0.8538 val_loss=1.0978 val_f1_macro=0.8211 val_f1_weighted=0.8513 val_prec_macro=0.8287 val_rec_macro=0.8181 val_metric_name=acc val_metric=0.8538
Early stopping at step 3502

--- Final (best ckpt @ step 3200) ---
  train_acc=1.0000 train_loss=0.0000 train_f1_macro=1.0000 train_f1_weighted=1.0000 train_prec_macro=1.0000 train_rec_macro=1.0000 train_metric_name=acc train_metric=1.0000
  val_acc=0.8588 val_loss=1.0671 val_f1_macro=0.8307 val_f1_weighted=0.8566 val_prec_macro=0.8392 val_rec_macro=0.8255 val_metric_name=acc val_metric=0.8588
  test_acc=0.8503 test_loss=1.1433 test_f1_macro=0.8191 test_f1_weighted=0.8474 test_prec_macro=0.8221 test_rec_macro=0.8199 test_metric_name=acc test_metric=0.8503
  test_acc=0.8503

============================================================
Training roman-empire TAG 2L h=512 lr=6e-05 split=4
============================================================
Training for 5000 steps
Step    1 | loss 3.0009 | val_acc=0.1479 val_loss=2.6414 val_f1_macro=0.0341 val_f1_weighted=0.0740 val_prec_macro=0.0737 val_rec_macro=0.0632 val_metric_name=acc val_metric=0.1479
Step   50 | loss 1.0282 | val_acc=0.6976 val_loss=0.9255 val_f1_macro=0.5573 val_f1_weighted=0.6718 val_prec_macro=0.6177 val_rec_macro=0.5609 val_metric_name=acc val_metric=0.6976
Step  100 | loss 0.6610 | val_acc=0.7733 val_loss=0.6753 val_f1_macro=0.7030 val_f1_weighted=0.7644 val_prec_macro=0.7316 val_rec_macro=0.6989 val_metric_name=acc val_metric=0.7733
Step  150 | loss 0.4895 | val_acc=0.8071 val_loss=0.5978 val_f1_macro=0.7562 val_f1_weighted=0.8018 val_prec_macro=0.7637 val_rec_macro=0.7576 val_metric_name=acc val_metric=0.8071
Step  200 | loss 0.3624 | val_acc=0.8258 val_loss=0.5751 val_f1_macro=0.7832 val_f1_weighted=0.8222 val_prec_macro=0.7918 val_rec_macro=0.7812 val_metric_name=acc val_metric=0.8258
Step  250 | loss 0.2574 | val_acc=0.8342 val_loss=0.5814 val_f1_macro=0.8003 val_f1_weighted=0.8320 val_prec_macro=0.8031 val_rec_macro=0.8013 val_metric_name=acc val_metric=0.8342
Step  300 | loss 0.1826 | val_acc=0.8374 val_loss=0.6108 val_f1_macro=0.8047 val_f1_weighted=0.8351 val_prec_macro=0.8066 val_rec_macro=0.8054 val_metric_name=acc val_metric=0.8374
Step  350 | loss 0.1278 | val_acc=0.8404 val_loss=0.6488 val_f1_macro=0.8092 val_f1_weighted=0.8385 val_prec_macro=0.8120 val_rec_macro=0.8088 val_metric_name=acc val_metric=0.8404
Step  400 | loss 0.0905 | val_acc=0.8406 val_loss=0.6941 val_f1_macro=0.8082 val_f1_weighted=0.8389 val_prec_macro=0.8114 val_rec_macro=0.8087 val_metric_name=acc val_metric=0.8406
Step  450 | loss 0.0662 | val_acc=0.8459 val_loss=0.7256 val_f1_macro=0.8148 val_f1_weighted=0.8440 val_prec_macro=0.8195 val_rec_macro=0.8130 val_metric_name=acc val_metric=0.8459
Step  500 | loss 0.0471 | val_acc=0.8450 val_loss=0.7619 val_f1_macro=0.8139 val_f1_weighted=0.8434 val_prec_macro=0.8188 val_rec_macro=0.8117 val_metric_name=acc val_metric=0.8450
Step  550 | loss 0.0364 | val_acc=0.8496 val_loss=0.7899 val_f1_macro=0.8204 val_f1_weighted=0.8478 val_prec_macro=0.8261 val_rec_macro=0.8171 val_metric_name=acc val_metric=0.8496
Step  600 | loss 0.0304 | val_acc=0.8485 val_loss=0.8126 val_f1_macro=0.8197 val_f1_weighted=0.8462 val_prec_macro=0.8272 val_rec_macro=0.8161 val_metric_name=acc val_metric=0.8485
Step  650 | loss 0.0226 | val_acc=0.8489 val_loss=0.8408 val_f1_macro=0.8206 val_f1_weighted=0.8474 val_prec_macro=0.8253 val_rec_macro=0.8192 val_metric_name=acc val_metric=0.8489
Step  700 | loss 0.0214 | val_acc=0.8496 val_loss=0.8668 val_f1_macro=0.8172 val_f1_weighted=0.8470 val_prec_macro=0.8238 val_rec_macro=0.8152 val_metric_name=acc val_metric=0.8496
Step  750 | loss 0.0201 | val_acc=0.8507 val_loss=0.8809 val_f1_macro=0.8215 val_f1_weighted=0.8490 val_prec_macro=0.8268 val_rec_macro=0.8198 val_metric_name=acc val_metric=0.8507
Step  800 | loss 0.0167 | val_acc=0.8533 val_loss=0.8908 val_f1_macro=0.8262 val_f1_weighted=0.8515 val_prec_macro=0.8341 val_rec_macro=0.8215 val_metric_name=acc val_metric=0.8533
Step  850 | loss 0.0116 | val_acc=0.8510 val_loss=0.9118 val_f1_macro=0.8199 val_f1_weighted=0.8481 val_prec_macro=0.8278 val_rec_macro=0.8158 val_metric_name=acc val_metric=0.8510
Step  900 | loss 0.0115 | val_acc=0.8500 val_loss=0.9305 val_f1_macro=0.8181 val_f1_weighted=0.8473 val_prec_macro=0.8270 val_rec_macro=0.8136 val_metric_name=acc val_metric=0.8500
Step  950 | loss 0.0104 | val_acc=0.8523 val_loss=0.9380 val_f1_macro=0.8213 val_f1_weighted=0.8497 val_prec_macro=0.8273 val_rec_macro=0.8188 val_metric_name=acc val_metric=0.8523
Step 1000 | loss 0.0084 | val_acc=0.8540 val_loss=0.9430 val_f1_macro=0.8250 val_f1_weighted=0.8521 val_prec_macro=0.8313 val_rec_macro=0.8216 val_metric_name=acc val_metric=0.8540
Step 1050 | loss 0.0086 | val_acc=0.8508 val_loss=0.9536 val_f1_macro=0.8196 val_f1_weighted=0.8489 val_prec_macro=0.8254 val_rec_macro=0.8170 val_metric_name=acc val_metric=0.8508
Step 1100 | loss 0.0063 | val_acc=0.8524 val_loss=0.9714 val_f1_macro=0.8211 val_f1_weighted=0.8503 val_prec_macro=0.8270 val_rec_macro=0.8177 val_metric_name=acc val_metric=0.8524
Step 1150 | loss 0.0058 | val_acc=0.8501 val_loss=0.9888 val_f1_macro=0.8175 val_f1_weighted=0.8476 val_prec_macro=0.8261 val_rec_macro=0.8139 val_metric_name=acc val_metric=0.8501
Step 1200 | loss 0.0066 | val_acc=0.8526 val_loss=0.9923 val_f1_macro=0.8206 val_f1_weighted=0.8501 val_prec_macro=0.8284 val_rec_macro=0.8166 val_metric_name=acc val_metric=0.8526
Step 1250 | loss 0.0061 | val_acc=0.8537 val_loss=1.0018 val_f1_macro=0.8228 val_f1_weighted=0.8510 val_prec_macro=0.8291 val_rec_macro=0.8195 val_metric_name=acc val_metric=0.8537
Step 1300 | loss 0.0048 | val_acc=0.8523 val_loss=1.0147 val_f1_macro=0.8207 val_f1_weighted=0.8497 val_prec_macro=0.8300 val_rec_macro=0.8163 val_metric_name=acc val_metric=0.8523
Step 1350 | loss 0.0052 | val_acc=0.8556 val_loss=1.0110 val_f1_macro=0.8253 val_f1_weighted=0.8533 val_prec_macro=0.8333 val_rec_macro=0.8213 val_metric_name=acc val_metric=0.8556
Step 1400 | loss 0.0046 | val_acc=0.8568 val_loss=1.0198 val_f1_macro=0.8269 val_f1_weighted=0.8546 val_prec_macro=0.8354 val_rec_macro=0.8227 val_metric_name=acc val_metric=0.8568
Step 1450 | loss 0.0039 | val_acc=0.8523 val_loss=1.0257 val_f1_macro=0.8223 val_f1_weighted=0.8503 val_prec_macro=0.8300 val_rec_macro=0.8174 val_metric_name=acc val_metric=0.8523
Step 1500 | loss 0.0035 | val_acc=0.8530 val_loss=1.0357 val_f1_macro=0.8215 val_f1_weighted=0.8505 val_prec_macro=0.8303 val_rec_macro=0.8167 val_metric_name=acc val_metric=0.8530
Step 1550 | loss 0.0034 | val_acc=0.8540 val_loss=1.0315 val_f1_macro=0.8251 val_f1_weighted=0.8520 val_prec_macro=0.8282 val_rec_macro=0.8243 val_metric_name=acc val_metric=0.8540
Step 1600 | loss 0.0029 | val_acc=0.8530 val_loss=1.0445 val_f1_macro=0.8236 val_f1_weighted=0.8508 val_prec_macro=0.8331 val_rec_macro=0.8172 val_metric_name=acc val_metric=0.8530
Step 1650 | loss 0.0026 | val_acc=0.8526 val_loss=1.0599 val_f1_macro=0.8219 val_f1_weighted=0.8499 val_prec_macro=0.8298 val_rec_macro=0.8180 val_metric_name=acc val_metric=0.8526
Step 1700 | loss 0.0028 | val_acc=0.8526 val_loss=1.0663 val_f1_macro=0.8214 val_f1_weighted=0.8502 val_prec_macro=0.8315 val_rec_macro=0.8163 val_metric_name=acc val_metric=0.8526
Early stopping at step 1702

--- Final (best ckpt @ step 1400) ---
  train_acc=1.0000 train_loss=0.0001 train_f1_macro=1.0000 train_f1_weighted=1.0000 train_prec_macro=1.0000 train_rec_macro=1.0000 train_metric_name=acc train_metric=1.0000
  val_acc=0.8568 val_loss=1.0198 val_f1_macro=0.8269 val_f1_weighted=0.8546 val_prec_macro=0.8354 val_rec_macro=0.8227 val_metric_name=acc val_metric=0.8568
  test_acc=0.8484 test_loss=1.0776 test_f1_macro=0.8153 test_f1_weighted=0.8456 test_prec_macro=0.8160 test_rec_macro=0.8177 test_metric_name=acc test_metric=0.8484
  test_acc=0.8484

============================================================
Training roman-empire TAG 2L h=512 lr=0.0001 split=4
============================================================
Training for 5000 steps
Step    1 | loss 3.0009 | val_acc=0.1783 val_loss=2.5751 val_f1_macro=0.0463 val_f1_weighted=0.1024 val_prec_macro=0.0676 val_rec_macro=0.0752 val_metric_name=acc val_metric=0.1783
Step   50 | loss 0.8222 | val_acc=0.7393 val_loss=0.7791 val_f1_macro=0.6421 val_f1_weighted=0.7261 val_prec_macro=0.6997 val_rec_macro=0.6417 val_metric_name=acc val_metric=0.7393
Step  100 | loss 0.5032 | val_acc=0.8007 val_loss=0.6084 val_f1_macro=0.7487 val_f1_weighted=0.7960 val_prec_macro=0.7574 val_rec_macro=0.7524 val_metric_name=acc val_metric=0.8007
Step  150 | loss 0.3244 | val_acc=0.8281 val_loss=0.5776 val_f1_macro=0.7903 val_f1_weighted=0.8252 val_prec_macro=0.7930 val_rec_macro=0.7925 val_metric_name=acc val_metric=0.8281
Step  200 | loss 0.1952 | val_acc=0.8378 val_loss=0.6059 val_f1_macro=0.8030 val_f1_weighted=0.8358 val_prec_macro=0.8078 val_rec_macro=0.8023 val_metric_name=acc val_metric=0.8378
Step  250 | loss 0.1110 | val_acc=0.8415 val_loss=0.6698 val_f1_macro=0.8110 val_f1_weighted=0.8401 val_prec_macro=0.8183 val_rec_macro=0.8074 val_metric_name=acc val_metric=0.8415
Step  300 | loss 0.0693 | val_acc=0.8448 val_loss=0.7300 val_f1_macro=0.8127 val_f1_weighted=0.8424 val_prec_macro=0.8153 val_rec_macro=0.8133 val_metric_name=acc val_metric=0.8448
Step  350 | loss 0.0429 | val_acc=0.8462 val_loss=0.7836 val_f1_macro=0.8167 val_f1_weighted=0.8444 val_prec_macro=0.8208 val_rec_macro=0.8161 val_metric_name=acc val_metric=0.8462
Step  400 | loss 0.0307 | val_acc=0.8471 val_loss=0.8240 val_f1_macro=0.8191 val_f1_weighted=0.8457 val_prec_macro=0.8249 val_rec_macro=0.8167 val_metric_name=acc val_metric=0.8471
Step  450 | loss 0.0219 | val_acc=0.8480 val_loss=0.8553 val_f1_macro=0.8154 val_f1_weighted=0.8456 val_prec_macro=0.8238 val_rec_macro=0.8114 val_metric_name=acc val_metric=0.8480
Step  500 | loss 0.0174 | val_acc=0.8459 val_loss=0.8893 val_f1_macro=0.8173 val_f1_weighted=0.8444 val_prec_macro=0.8216 val_rec_macro=0.8162 val_metric_name=acc val_metric=0.8459
Step  550 | loss 0.0134 | val_acc=0.8500 val_loss=0.9105 val_f1_macro=0.8176 val_f1_weighted=0.8477 val_prec_macro=0.8282 val_rec_macro=0.8111 val_metric_name=acc val_metric=0.8500
Step  600 | loss 0.0107 | val_acc=0.8503 val_loss=0.9229 val_f1_macro=0.8212 val_f1_weighted=0.8482 val_prec_macro=0.8267 val_rec_macro=0.8191 val_metric_name=acc val_metric=0.8503
Step  650 | loss 0.0092 | val_acc=0.8512 val_loss=0.9415 val_f1_macro=0.8223 val_f1_weighted=0.8491 val_prec_macro=0.8304 val_rec_macro=0.8172 val_metric_name=acc val_metric=0.8512
Step  700 | loss 0.0094 | val_acc=0.8515 val_loss=0.9647 val_f1_macro=0.8222 val_f1_weighted=0.8493 val_prec_macro=0.8308 val_rec_macro=0.8179 val_metric_name=acc val_metric=0.8515
Step  750 | loss 0.0092 | val_acc=0.8547 val_loss=0.9820 val_f1_macro=0.8247 val_f1_weighted=0.8527 val_prec_macro=0.8307 val_rec_macro=0.8232 val_metric_name=acc val_metric=0.8547
Step  800 | loss 0.0068 | val_acc=0.8540 val_loss=0.9924 val_f1_macro=0.8235 val_f1_weighted=0.8515 val_prec_macro=0.8354 val_rec_macro=0.8162 val_metric_name=acc val_metric=0.8540
Step  850 | loss 0.0051 | val_acc=0.8549 val_loss=1.0036 val_f1_macro=0.8264 val_f1_weighted=0.8521 val_prec_macro=0.8386 val_rec_macro=0.8188 val_metric_name=acc val_metric=0.8549
Step  900 | loss 0.0053 | val_acc=0.8519 val_loss=1.0279 val_f1_macro=0.8233 val_f1_weighted=0.8496 val_prec_macro=0.8344 val_rec_macro=0.8180 val_metric_name=acc val_metric=0.8519
Step  950 | loss 0.0046 | val_acc=0.8542 val_loss=1.0250 val_f1_macro=0.8235 val_f1_weighted=0.8515 val_prec_macro=0.8334 val_rec_macro=0.8177 val_metric_name=acc val_metric=0.8542
Step 1000 | loss 0.0038 | val_acc=0.8545 val_loss=1.0369 val_f1_macro=0.8246 val_f1_weighted=0.8522 val_prec_macro=0.8325 val_rec_macro=0.8205 val_metric_name=acc val_metric=0.8545
Step 1050 | loss 0.0043 | val_acc=0.8547 val_loss=1.0385 val_f1_macro=0.8248 val_f1_weighted=0.8527 val_prec_macro=0.8335 val_rec_macro=0.8198 val_metric_name=acc val_metric=0.8547
Step 1100 | loss 0.0030 | val_acc=0.8533 val_loss=1.0615 val_f1_macro=0.8243 val_f1_weighted=0.8513 val_prec_macro=0.8313 val_rec_macro=0.8205 val_metric_name=acc val_metric=0.8533
Step 1150 | loss 0.0025 | val_acc=0.8531 val_loss=1.0777 val_f1_macro=0.8224 val_f1_weighted=0.8503 val_prec_macro=0.8322 val_rec_macro=0.8171 val_metric_name=acc val_metric=0.8531
Step 1200 | loss 0.0033 | val_acc=0.8540 val_loss=1.0707 val_f1_macro=0.8253 val_f1_weighted=0.8517 val_prec_macro=0.8337 val_rec_macro=0.8209 val_metric_name=acc val_metric=0.8540
Step 1250 | loss 0.0031 | val_acc=0.8558 val_loss=1.0796 val_f1_macro=0.8255 val_f1_weighted=0.8531 val_prec_macro=0.8334 val_rec_macro=0.8214 val_metric_name=acc val_metric=0.8558
Step 1300 | loss 0.0023 | val_acc=0.8579 val_loss=1.0951 val_f1_macro=0.8282 val_f1_weighted=0.8552 val_prec_macro=0.8409 val_rec_macro=0.8220 val_metric_name=acc val_metric=0.8579
Step 1350 | loss 0.0030 | val_acc=0.8570 val_loss=1.1032 val_f1_macro=0.8275 val_f1_weighted=0.8544 val_prec_macro=0.8378 val_rec_macro=0.8222 val_metric_name=acc val_metric=0.8570
Step 1400 | loss 0.0019 | val_acc=0.8565 val_loss=1.1098 val_f1_macro=0.8251 val_f1_weighted=0.8539 val_prec_macro=0.8351 val_rec_macro=0.8198 val_metric_name=acc val_metric=0.8565
Step 1450 | loss 0.0021 | val_acc=0.8558 val_loss=1.1061 val_f1_macro=0.8272 val_f1_weighted=0.8535 val_prec_macro=0.8343 val_rec_macro=0.8226 val_metric_name=acc val_metric=0.8558
Step 1500 | loss 0.0016 | val_acc=0.8540 val_loss=1.1272 val_f1_macro=0.8221 val_f1_weighted=0.8515 val_prec_macro=0.8311 val_rec_macro=0.8166 val_metric_name=acc val_metric=0.8540
Step 1550 | loss 0.0016 | val_acc=0.8570 val_loss=1.1082 val_f1_macro=0.8289 val_f1_weighted=0.8546 val_prec_macro=0.8339 val_rec_macro=0.8267 val_metric_name=acc val_metric=0.8570
Step 1600 | loss 0.0013 | val_acc=0.8560 val_loss=1.1239 val_f1_macro=0.8263 val_f1_weighted=0.8534 val_prec_macro=0.8364 val_rec_macro=0.8206 val_metric_name=acc val_metric=0.8560
Step 1650 | loss 0.0012 | val_acc=0.8537 val_loss=1.1419 val_f1_macro=0.8235 val_f1_weighted=0.8507 val_prec_macro=0.8330 val_rec_macro=0.8185 val_metric_name=acc val_metric=0.8537
Step 1700 | loss 0.0017 | val_acc=0.8524 val_loss=1.1457 val_f1_macro=0.8221 val_f1_weighted=0.8497 val_prec_macro=0.8314 val_rec_macro=0.8176 val_metric_name=acc val_metric=0.8524
Step 1750 | loss 0.0012 | val_acc=0.8558 val_loss=1.1535 val_f1_macro=0.8276 val_f1_weighted=0.8538 val_prec_macro=0.8354 val_rec_macro=0.8240 val_metric_name=acc val_metric=0.8558
Step 1800 | loss 0.0015 | val_acc=0.8553 val_loss=1.1519 val_f1_macro=0.8268 val_f1_weighted=0.8529 val_prec_macro=0.8343 val_rec_macro=0.8228 val_metric_name=acc val_metric=0.8553
Step 1850 | loss 0.0013 | val_acc=0.8530 val_loss=1.1486 val_f1_macro=0.8207 val_f1_weighted=0.8504 val_prec_macro=0.8290 val_rec_macro=0.8171 val_metric_name=acc val_metric=0.8530
Step 1900 | loss 0.0011 | val_acc=0.8531 val_loss=1.1740 val_f1_macro=0.8243 val_f1_weighted=0.8503 val_prec_macro=0.8346 val_rec_macro=0.8184 val_metric_name=acc val_metric=0.8531
Step 1950 | loss 0.0013 | val_acc=0.8563 val_loss=1.1549 val_f1_macro=0.8269 val_f1_weighted=0.8537 val_prec_macro=0.8328 val_rec_macro=0.8236 val_metric_name=acc val_metric=0.8563
Step 2000 | loss 0.0009 | val_acc=0.8556 val_loss=1.1737 val_f1_macro=0.8242 val_f1_weighted=0.8527 val_prec_macro=0.8308 val_rec_macro=0.8215 val_metric_name=acc val_metric=0.8556
Step 2050 | loss 0.0012 | val_acc=0.8519 val_loss=1.1849 val_f1_macro=0.8224 val_f1_weighted=0.8498 val_prec_macro=0.8300 val_rec_macro=0.8192 val_metric_name=acc val_metric=0.8519
Step 2100 | loss 0.0011 | val_acc=0.8553 val_loss=1.1957 val_f1_macro=0.8249 val_f1_weighted=0.8530 val_prec_macro=0.8308 val_rec_macro=0.8242 val_metric_name=acc val_metric=0.8553
Step 2150 | loss 0.0011 | val_acc=0.8574 val_loss=1.1756 val_f1_macro=0.8285 val_f1_weighted=0.8550 val_prec_macro=0.8347 val_rec_macro=0.8259 val_metric_name=acc val_metric=0.8574
Step 2200 | loss 0.0022 | val_acc=0.8563 val_loss=1.1896 val_f1_macro=0.8252 val_f1_weighted=0.8540 val_prec_macro=0.8306 val_rec_macro=0.8232 val_metric_name=acc val_metric=0.8563
Step 2250 | loss 0.0010 | val_acc=0.8540 val_loss=1.2006 val_f1_macro=0.8244 val_f1_weighted=0.8513 val_prec_macro=0.8345 val_rec_macro=0.8189 val_metric_name=acc val_metric=0.8540
Step 2300 | loss 0.0009 | val_acc=0.8542 val_loss=1.1931 val_f1_macro=0.8216 val_f1_weighted=0.8513 val_prec_macro=0.8304 val_rec_macro=0.8179 val_metric_name=acc val_metric=0.8542
Step 2350 | loss 0.0008 | val_acc=0.8553 val_loss=1.1931 val_f1_macro=0.8231 val_f1_weighted=0.8521 val_prec_macro=0.8311 val_rec_macro=0.8207 val_metric_name=acc val_metric=0.8553
Early stopping at step 2388

--- Final (best ckpt @ step 1300) ---
  train_acc=1.0000 train_loss=0.0000 train_f1_macro=1.0000 train_f1_weighted=1.0000 train_prec_macro=1.0000 train_rec_macro=1.0000 train_metric_name=acc train_metric=1.0000
  val_acc=0.8579 val_loss=1.0951 val_f1_macro=0.8282 val_f1_weighted=0.8552 val_prec_macro=0.8409 val_rec_macro=0.8220 val_metric_name=acc val_metric=0.8579
  test_acc=0.8514 test_loss=1.1549 test_f1_macro=0.8174 test_f1_weighted=0.8484 test_prec_macro=0.8183 test_rec_macro=0.8209 test_metric_name=acc test_metric=0.8514
  test_acc=0.8514

============================================================
Training roman-empire TAG 2L h=512 lr=1e-05 split=4
============================================================
Training for 5000 steps
Step    1 | loss 3.0009 | val_acc=0.0508 val_loss=2.9367 val_f1_macro=0.0258 val_f1_weighted=0.0393 val_prec_macro=0.0392 val_rec_macro=0.0467 val_metric_name=acc val_metric=0.0508
Step   50 | loss 2.0628 | val_acc=0.4817 val_loss=1.8221 val_f1_macro=0.2136 val_f1_weighted=0.4022 val_prec_macro=0.2419 val_rec_macro=0.2414 val_metric_name=acc val_metric=0.4817
Step  100 | loss 1.5419 | val_acc=0.5827 val_loss=1.3462 val_f1_macro=0.3476 val_f1_weighted=0.5304 val_prec_macro=0.4890 val_rec_macro=0.3562 val_metric_name=acc val_metric=0.5827
Step  150 | loss 1.2749 | val_acc=0.6574 val_loss=1.0966 val_f1_macro=0.4862 val_f1_weighted=0.6193 val_prec_macro=0.5898 val_rec_macro=0.4856 val_metric_name=acc val_metric=0.6574
Step  200 | loss 1.0909 | val_acc=0.6909 val_loss=0.9533 val_f1_macro=0.5429 val_f1_weighted=0.6614 val_prec_macro=0.6283 val_rec_macro=0.5464 val_metric_name=acc val_metric=0.6909
Step  250 | loss 0.9645 | val_acc=0.7160 val_loss=0.8598 val_f1_macro=0.5871 val_f1_weighted=0.6919 val_prec_macro=0.6393 val_rec_macro=0.5928 val_metric_name=acc val_metric=0.7160
Step  300 | loss 0.8628 | val_acc=0.7333 val_loss=0.7935 val_f1_macro=0.6216 val_f1_weighted=0.7146 val_prec_macro=0.7157 val_rec_macro=0.6244 val_metric_name=acc val_metric=0.7333
Step  350 | loss 0.7918 | val_acc=0.7499 val_loss=0.7439 val_f1_macro=0.6561 val_f1_weighted=0.7359 val_prec_macro=0.7275 val_rec_macro=0.6531 val_metric_name=acc val_metric=0.7499
Step  400 | loss 0.7338 | val_acc=0.7605 val_loss=0.7074 val_f1_macro=0.6770 val_f1_weighted=0.7497 val_prec_macro=0.7266 val_rec_macro=0.6742 val_metric_name=acc val_metric=0.7605
Step  450 | loss 0.6818 | val_acc=0.7714 val_loss=0.6779 val_f1_macro=0.7000 val_f1_weighted=0.7628 val_prec_macro=0.7352 val_rec_macro=0.6946 val_metric_name=acc val_metric=0.7714
Step  500 | loss 0.6301 | val_acc=0.7827 val_loss=0.6552 val_f1_macro=0.7185 val_f1_weighted=0.7752 val_prec_macro=0.7470 val_rec_macro=0.7138 val_metric_name=acc val_metric=0.7827
Step  550 | loss 0.5969 | val_acc=0.7880 val_loss=0.6379 val_f1_macro=0.7292 val_f1_weighted=0.7815 val_prec_macro=0.7517 val_rec_macro=0.7251 val_metric_name=acc val_metric=0.7880
Step  600 | loss 0.5590 | val_acc=0.7951 val_loss=0.6216 val_f1_macro=0.7400 val_f1_weighted=0.7893 val_prec_macro=0.7585 val_rec_macro=0.7366 val_metric_name=acc val_metric=0.7951
Step  650 | loss 0.5263 | val_acc=0.8026 val_loss=0.6092 val_f1_macro=0.7517 val_f1_weighted=0.7977 val_prec_macro=0.7661 val_rec_macro=0.7488 val_metric_name=acc val_metric=0.8026
Step  700 | loss 0.4942 | val_acc=0.8044 val_loss=0.6012 val_f1_macro=0.7552 val_f1_weighted=0.8001 val_prec_macro=0.7654 val_rec_macro=0.7553 val_metric_name=acc val_metric=0.8044
Step  750 | loss 0.4672 | val_acc=0.8106 val_loss=0.5902 val_f1_macro=0.7647 val_f1_weighted=0.8069 val_prec_macro=0.7738 val_rec_macro=0.7643 val_metric_name=acc val_metric=0.8106
Step  800 | loss 0.4410 | val_acc=0.8150 val_loss=0.5855 val_f1_macro=0.7717 val_f1_weighted=0.8113 val_prec_macro=0.7785 val_rec_macro=0.7719 val_metric_name=acc val_metric=0.8150
Step  850 | loss 0.4134 | val_acc=0.8199 val_loss=0.5794 val_f1_macro=0.7784 val_f1_weighted=0.8165 val_prec_macro=0.7857 val_rec_macro=0.7777 val_metric_name=acc val_metric=0.8199
Step  900 | loss 0.3881 | val_acc=0.8217 val_loss=0.5770 val_f1_macro=0.7810 val_f1_weighted=0.8187 val_prec_macro=0.7894 val_rec_macro=0.7792 val_metric_name=acc val_metric=0.8217
Step  950 | loss 0.3624 | val_acc=0.8268 val_loss=0.5717 val_f1_macro=0.7880 val_f1_weighted=0.8236 val_prec_macro=0.7950 val_rec_macro=0.7863 val_metric_name=acc val_metric=0.8268
Step 1000 | loss 0.3411 | val_acc=0.8284 val_loss=0.5692 val_f1_macro=0.7891 val_f1_weighted=0.8252 val_prec_macro=0.7952 val_rec_macro=0.7883 val_metric_name=acc val_metric=0.8284
Step 1050 | loss 0.3161 | val_acc=0.8293 val_loss=0.5713 val_f1_macro=0.7928 val_f1_weighted=0.8269 val_prec_macro=0.7985 val_rec_macro=0.7921 val_metric_name=acc val_metric=0.8293
Step 1100 | loss 0.2870 | val_acc=0.8344 val_loss=0.5742 val_f1_macro=0.7990 val_f1_weighted=0.8314 val_prec_macro=0.8048 val_rec_macro=0.7983 val_metric_name=acc val_metric=0.8344
Step 1150 | loss 0.2790 | val_acc=0.8353 val_loss=0.5754 val_f1_macro=0.7990 val_f1_weighted=0.8326 val_prec_macro=0.8059 val_rec_macro=0.7973 val_metric_name=acc val_metric=0.8353
Step 1200 | loss 0.2602 | val_acc=0.8381 val_loss=0.5786 val_f1_macro=0.8031 val_f1_weighted=0.8358 val_prec_macro=0.8096 val_rec_macro=0.8008 val_metric_name=acc val_metric=0.8381
Step 1250 | loss 0.2399 | val_acc=0.8383 val_loss=0.5811 val_f1_macro=0.8045 val_f1_weighted=0.8362 val_prec_macro=0.8094 val_rec_macro=0.8034 val_metric_name=acc val_metric=0.8383
Step 1300 | loss 0.2256 | val_acc=0.8397 val_loss=0.5848 val_f1_macro=0.8062 val_f1_weighted=0.8378 val_prec_macro=0.8117 val_rec_macro=0.8043 val_metric_name=acc val_metric=0.8397
Step 1350 | loss 0.2052 | val_acc=0.8413 val_loss=0.5933 val_f1_macro=0.8072 val_f1_weighted=0.8392 val_prec_macro=0.8124 val_rec_macro=0.8054 val_metric_name=acc val_metric=0.8413
Step 1400 | loss 0.1926 | val_acc=0.8415 val_loss=0.6020 val_f1_macro=0.8090 val_f1_weighted=0.8397 val_prec_macro=0.8126 val_rec_macro=0.8086 val_metric_name=acc val_metric=0.8415
Step 1450 | loss 0.1766 | val_acc=0.8415 val_loss=0.6029 val_f1_macro=0.8076 val_f1_weighted=0.8394 val_prec_macro=0.8135 val_rec_macro=0.8049 val_metric_name=acc val_metric=0.8415
Step 1500 | loss 0.1586 | val_acc=0.8429 val_loss=0.6116 val_f1_macro=0.8106 val_f1_weighted=0.8414 val_prec_macro=0.8137 val_rec_macro=0.8101 val_metric_name=acc val_metric=0.8429
Step 1550 | loss 0.1575 | val_acc=0.8432 val_loss=0.6211 val_f1_macro=0.8121 val_f1_weighted=0.8418 val_prec_macro=0.8155 val_rec_macro=0.8114 val_metric_name=acc val_metric=0.8432
Step 1600 | loss 0.1386 | val_acc=0.8429 val_loss=0.6273 val_f1_macro=0.8113 val_f1_weighted=0.8414 val_prec_macro=0.8157 val_rec_macro=0.8099 val_metric_name=acc val_metric=0.8429
Step 1650 | loss 0.1291 | val_acc=0.8432 val_loss=0.6396 val_f1_macro=0.8118 val_f1_weighted=0.8412 val_prec_macro=0.8180 val_rec_macro=0.8092 val_metric_name=acc val_metric=0.8432
Step 1700 | loss 0.1218 | val_acc=0.8425 val_loss=0.6481 val_f1_macro=0.8101 val_f1_weighted=0.8408 val_prec_macro=0.8144 val_rec_macro=0.8093 val_metric_name=acc val_metric=0.8425
Step 1750 | loss 0.1082 | val_acc=0.8445 val_loss=0.6537 val_f1_macro=0.8110 val_f1_weighted=0.8425 val_prec_macro=0.8173 val_rec_macro=0.8084 val_metric_name=acc val_metric=0.8445
Step 1800 | loss 0.1037 | val_acc=0.8443 val_loss=0.6627 val_f1_macro=0.8120 val_f1_weighted=0.8430 val_prec_macro=0.8187 val_rec_macro=0.8092 val_metric_name=acc val_metric=0.8443
Step 1850 | loss 0.0980 | val_acc=0.8434 val_loss=0.6690 val_f1_macro=0.8112 val_f1_weighted=0.8415 val_prec_macro=0.8160 val_rec_macro=0.8096 val_metric_name=acc val_metric=0.8434
Step 1900 | loss 0.0920 | val_acc=0.8454 val_loss=0.6774 val_f1_macro=0.8115 val_f1_weighted=0.8433 val_prec_macro=0.8177 val_rec_macro=0.8084 val_metric_name=acc val_metric=0.8454
Step 1950 | loss 0.0849 | val_acc=0.8440 val_loss=0.6859 val_f1_macro=0.8123 val_f1_weighted=0.8423 val_prec_macro=0.8188 val_rec_macro=0.8092 val_metric_name=acc val_metric=0.8440
Step 2000 | loss 0.0769 | val_acc=0.8431 val_loss=0.6917 val_f1_macro=0.8108 val_f1_weighted=0.8417 val_prec_macro=0.8141 val_rec_macro=0.8096 val_metric_name=acc val_metric=0.8431
Step 2050 | loss 0.0707 | val_acc=0.8450 val_loss=0.7038 val_f1_macro=0.8134 val_f1_weighted=0.8430 val_prec_macro=0.8170 val_rec_macro=0.8124 val_metric_name=acc val_metric=0.8450
Step 2100 | loss 0.0680 | val_acc=0.8452 val_loss=0.7076 val_f1_macro=0.8135 val_f1_weighted=0.8435 val_prec_macro=0.8188 val_rec_macro=0.8117 val_metric_name=acc val_metric=0.8452
Step 2150 | loss 0.0679 | val_acc=0.8448 val_loss=0.7164 val_f1_macro=0.8127 val_f1_weighted=0.8432 val_prec_macro=0.8178 val_rec_macro=0.8111 val_metric_name=acc val_metric=0.8448
Step 2200 | loss 0.0561 | val_acc=0.8440 val_loss=0.7268 val_f1_macro=0.8110 val_f1_weighted=0.8422 val_prec_macro=0.8165 val_rec_macro=0.8093 val_metric_name=acc val_metric=0.8440
Step 2250 | loss 0.0580 | val_acc=0.8468 val_loss=0.7346 val_f1_macro=0.8142 val_f1_weighted=0.8447 val_prec_macro=0.8207 val_rec_macro=0.8115 val_metric_name=acc val_metric=0.8468
Step 2300 | loss 0.0536 | val_acc=0.8462 val_loss=0.7400 val_f1_macro=0.8138 val_f1_weighted=0.8443 val_prec_macro=0.8192 val_rec_macro=0.8123 val_metric_name=acc val_metric=0.8462
Step 2350 | loss 0.0451 | val_acc=0.8461 val_loss=0.7470 val_f1_macro=0.8138 val_f1_weighted=0.8442 val_prec_macro=0.8178 val_rec_macro=0.8130 val_metric_name=acc val_metric=0.8461
Step 2400 | loss 0.0462 | val_acc=0.8457 val_loss=0.7556 val_f1_macro=0.8138 val_f1_weighted=0.8442 val_prec_macro=0.8190 val_rec_macro=0.8119 val_metric_name=acc val_metric=0.8457
Step 2450 | loss 0.0420 | val_acc=0.8468 val_loss=0.7611 val_f1_macro=0.8155 val_f1_weighted=0.8450 val_prec_macro=0.8217 val_rec_macro=0.8131 val_metric_name=acc val_metric=0.8468
Step 2500 | loss 0.0444 | val_acc=0.8450 val_loss=0.7691 val_f1_macro=0.8121 val_f1_weighted=0.8431 val_prec_macro=0.8187 val_rec_macro=0.8090 val_metric_name=acc val_metric=0.8450
Step 2550 | loss 0.0415 | val_acc=0.8462 val_loss=0.7711 val_f1_macro=0.8142 val_f1_weighted=0.8442 val_prec_macro=0.8217 val_rec_macro=0.8102 val_metric_name=acc val_metric=0.8462
Step 2600 | loss 0.0375 | val_acc=0.8462 val_loss=0.7761 val_f1_macro=0.8137 val_f1_weighted=0.8443 val_prec_macro=0.8189 val_rec_macro=0.8113 val_metric_name=acc val_metric=0.8462
Step 2650 | loss 0.0354 | val_acc=0.8455 val_loss=0.7861 val_f1_macro=0.8123 val_f1_weighted=0.8433 val_prec_macro=0.8190 val_rec_macro=0.8099 val_metric_name=acc val_metric=0.8455
Step 2700 | loss 0.0352 | val_acc=0.8482 val_loss=0.7940 val_f1_macro=0.8162 val_f1_weighted=0.8459 val_prec_macro=0.8227 val_rec_macro=0.8139 val_metric_name=acc val_metric=0.8482
Step 2750 | loss 0.0304 | val_acc=0.8484 val_loss=0.7989 val_f1_macro=0.8166 val_f1_weighted=0.8462 val_prec_macro=0.8241 val_rec_macro=0.8132 val_metric_name=acc val_metric=0.8484
Step 2800 | loss 0.0281 | val_acc=0.8485 val_loss=0.8011 val_f1_macro=0.8165 val_f1_weighted=0.8466 val_prec_macro=0.8230 val_rec_macro=0.8132 val_metric_name=acc val_metric=0.8485
Step 2850 | loss 0.0289 | val_acc=0.8485 val_loss=0.8081 val_f1_macro=0.8170 val_f1_weighted=0.8466 val_prec_macro=0.8213 val_rec_macro=0.8156 val_metric_name=acc val_metric=0.8485
Step 2900 | loss 0.0256 | val_acc=0.8482 val_loss=0.8144 val_f1_macro=0.8162 val_f1_weighted=0.8461 val_prec_macro=0.8212 val_rec_macro=0.8147 val_metric_name=acc val_metric=0.8482
Step 2950 | loss 0.0259 | val_acc=0.8482 val_loss=0.8200 val_f1_macro=0.8158 val_f1_weighted=0.8459 val_prec_macro=0.8225 val_rec_macro=0.8133 val_metric_name=acc val_metric=0.8482
Step 3000 | loss 0.0244 | val_acc=0.8492 val_loss=0.8302 val_f1_macro=0.8186 val_f1_weighted=0.8469 val_prec_macro=0.8255 val_rec_macro=0.8161 val_metric_name=acc val_metric=0.8492
Step 3050 | loss 0.0238 | val_acc=0.8480 val_loss=0.8300 val_f1_macro=0.8152 val_f1_weighted=0.8457 val_prec_macro=0.8215 val_rec_macro=0.8135 val_metric_name=acc val_metric=0.8480
Step 3100 | loss 0.0216 | val_acc=0.8477 val_loss=0.8367 val_f1_macro=0.8156 val_f1_weighted=0.8454 val_prec_macro=0.8240 val_rec_macro=0.8119 val_metric_name=acc val_metric=0.8477
Step 3150 | loss 0.0202 | val_acc=0.8494 val_loss=0.8401 val_f1_macro=0.8180 val_f1_weighted=0.8471 val_prec_macro=0.8266 val_rec_macro=0.8139 val_metric_name=acc val_metric=0.8494
Step 3200 | loss 0.0191 | val_acc=0.8498 val_loss=0.8424 val_f1_macro=0.8183 val_f1_weighted=0.8474 val_prec_macro=0.8259 val_rec_macro=0.8144 val_metric_name=acc val_metric=0.8498
Step 3250 | loss 0.0175 | val_acc=0.8505 val_loss=0.8493 val_f1_macro=0.8190 val_f1_weighted=0.8480 val_prec_macro=0.8254 val_rec_macro=0.8162 val_metric_name=acc val_metric=0.8505
Step 3300 | loss 0.0212 | val_acc=0.8498 val_loss=0.8548 val_f1_macro=0.8183 val_f1_weighted=0.8474 val_prec_macro=0.8254 val_rec_macro=0.8154 val_metric_name=acc val_metric=0.8498
Step 3350 | loss 0.0169 | val_acc=0.8515 val_loss=0.8568 val_f1_macro=0.8193 val_f1_weighted=0.8495 val_prec_macro=0.8271 val_rec_macro=0.8156 val_metric_name=acc val_metric=0.8515
Step 3400 | loss 0.0190 | val_acc=0.8494 val_loss=0.8612 val_f1_macro=0.8172 val_f1_weighted=0.8471 val_prec_macro=0.8245 val_rec_macro=0.8145 val_metric_name=acc val_metric=0.8494
Step 3450 | loss 0.0180 | val_acc=0.8498 val_loss=0.8645 val_f1_macro=0.8193 val_f1_weighted=0.8478 val_prec_macro=0.8253 val_rec_macro=0.8168 val_metric_name=acc val_metric=0.8498
Step 3500 | loss 0.0185 | val_acc=0.8498 val_loss=0.8747 val_f1_macro=0.8192 val_f1_weighted=0.8479 val_prec_macro=0.8264 val_rec_macro=0.8162 val_metric_name=acc val_metric=0.8498
Step 3550 | loss 0.0157 | val_acc=0.8503 val_loss=0.8759 val_f1_macro=0.8193 val_f1_weighted=0.8480 val_prec_macro=0.8253 val_rec_macro=0.8169 val_metric_name=acc val_metric=0.8503
Step 3600 | loss 0.0147 | val_acc=0.8498 val_loss=0.8808 val_f1_macro=0.8178 val_f1_weighted=0.8475 val_prec_macro=0.8250 val_rec_macro=0.8150 val_metric_name=acc val_metric=0.8498
Step 3650 | loss 0.0156 | val_acc=0.8496 val_loss=0.8858 val_f1_macro=0.8167 val_f1_weighted=0.8470 val_prec_macro=0.8228 val_rec_macro=0.8151 val_metric_name=acc val_metric=0.8496
Step 3700 | loss 0.0140 | val_acc=0.8482 val_loss=0.8894 val_f1_macro=0.8163 val_f1_weighted=0.8458 val_prec_macro=0.8244 val_rec_macro=0.8130 val_metric_name=acc val_metric=0.8482
Step 3750 | loss 0.0133 | val_acc=0.8496 val_loss=0.8902 val_f1_macro=0.8191 val_f1_weighted=0.8472 val_prec_macro=0.8276 val_rec_macro=0.8147 val_metric_name=acc val_metric=0.8496
Step 3800 | loss 0.0132 | val_acc=0.8517 val_loss=0.8945 val_f1_macro=0.8229 val_f1_weighted=0.8499 val_prec_macro=0.8298 val_rec_macro=0.8200 val_metric_name=acc val_metric=0.8517
Step 3850 | loss 0.0123 | val_acc=0.8505 val_loss=0.8997 val_f1_macro=0.8209 val_f1_weighted=0.8487 val_prec_macro=0.8284 val_rec_macro=0.8172 val_metric_name=acc val_metric=0.8505
Step 3900 | loss 0.0122 | val_acc=0.8515 val_loss=0.9042 val_f1_macro=0.8204 val_f1_weighted=0.8487 val_prec_macro=0.8287 val_rec_macro=0.8168 val_metric_name=acc val_metric=0.8515
Step 3950 | loss 0.0117 | val_acc=0.8505 val_loss=0.9110 val_f1_macro=0.8207 val_f1_weighted=0.8484 val_prec_macro=0.8283 val_rec_macro=0.8170 val_metric_name=acc val_metric=0.8505
Step 4000 | loss 0.0109 | val_acc=0.8508 val_loss=0.9142 val_f1_macro=0.8207 val_f1_weighted=0.8486 val_prec_macro=0.8297 val_rec_macro=0.8166 val_metric_name=acc val_metric=0.8508
Step 4050 | loss 0.0100 | val_acc=0.8510 val_loss=0.9147 val_f1_macro=0.8208 val_f1_weighted=0.8490 val_prec_macro=0.8287 val_rec_macro=0.8167 val_metric_name=acc val_metric=0.8510
Step 4100 | loss 0.0095 | val_acc=0.8517 val_loss=0.9217 val_f1_macro=0.8212 val_f1_weighted=0.8494 val_prec_macro=0.8296 val_rec_macro=0.8174 val_metric_name=acc val_metric=0.8517
Step 4150 | loss 0.0107 | val_acc=0.8508 val_loss=0.9189 val_f1_macro=0.8201 val_f1_weighted=0.8488 val_prec_macro=0.8285 val_rec_macro=0.8153 val_metric_name=acc val_metric=0.8508
Step 4200 | loss 0.0092 | val_acc=0.8517 val_loss=0.9266 val_f1_macro=0.8210 val_f1_weighted=0.8493 val_prec_macro=0.8311 val_rec_macro=0.8159 val_metric_name=acc val_metric=0.8517
Step 4250 | loss 0.0093 | val_acc=0.8514 val_loss=0.9309 val_f1_macro=0.8215 val_f1_weighted=0.8492 val_prec_macro=0.8295 val_rec_macro=0.8176 val_metric_name=acc val_metric=0.8514
Step 4300 | loss 0.0099 | val_acc=0.8512 val_loss=0.9321 val_f1_macro=0.8206 val_f1_weighted=0.8490 val_prec_macro=0.8277 val_rec_macro=0.8176 val_metric_name=acc val_metric=0.8512
Step 4350 | loss 0.0084 | val_acc=0.8528 val_loss=0.9370 val_f1_macro=0.8217 val_f1_weighted=0.8507 val_prec_macro=0.8295 val_rec_macro=0.8182 val_metric_name=acc val_metric=0.8528
Step 4400 | loss 0.0093 | val_acc=0.8524 val_loss=0.9422 val_f1_macro=0.8216 val_f1_weighted=0.8500 val_prec_macro=0.8293 val_rec_macro=0.8187 val_metric_name=acc val_metric=0.8524
Step 4450 | loss 0.0080 | val_acc=0.8537 val_loss=0.9424 val_f1_macro=0.8226 val_f1_weighted=0.8516 val_prec_macro=0.8307 val_rec_macro=0.8187 val_metric_name=acc val_metric=0.8537
Step 4500 | loss 0.0083 | val_acc=0.8526 val_loss=0.9467 val_f1_macro=0.8213 val_f1_weighted=0.8504 val_prec_macro=0.8288 val_rec_macro=0.8182 val_metric_name=acc val_metric=0.8526
Step 4550 | loss 0.0097 | val_acc=0.8535 val_loss=0.9466 val_f1_macro=0.8229 val_f1_weighted=0.8513 val_prec_macro=0.8318 val_rec_macro=0.8182 val_metric_name=acc val_metric=0.8535
Step 4600 | loss 0.0070 | val_acc=0.8528 val_loss=0.9531 val_f1_macro=0.8207 val_f1_weighted=0.8504 val_prec_macro=0.8296 val_rec_macro=0.8163 val_metric_name=acc val_metric=0.8528
Step 4650 | loss 0.0074 | val_acc=0.8508 val_loss=0.9557 val_f1_macro=0.8204 val_f1_weighted=0.8487 val_prec_macro=0.8291 val_rec_macro=0.8157 val_metric_name=acc val_metric=0.8508
Step 4700 | loss 0.0083 | val_acc=0.8537 val_loss=0.9589 val_f1_macro=0.8218 val_f1_weighted=0.8511 val_prec_macro=0.8307 val_rec_macro=0.8177 val_metric_name=acc val_metric=0.8537
Step 4750 | loss 0.0066 | val_acc=0.8535 val_loss=0.9648 val_f1_macro=0.8224 val_f1_weighted=0.8513 val_prec_macro=0.8294 val_rec_macro=0.8199 val_metric_name=acc val_metric=0.8535
Step 4800 | loss 0.0069 | val_acc=0.8545 val_loss=0.9647 val_f1_macro=0.8254 val_f1_weighted=0.8523 val_prec_macro=0.8309 val_rec_macro=0.8237 val_metric_name=acc val_metric=0.8545
Step 4850 | loss 0.0069 | val_acc=0.8542 val_loss=0.9697 val_f1_macro=0.8242 val_f1_weighted=0.8518 val_prec_macro=0.8331 val_rec_macro=0.8194 val_metric_name=acc val_metric=0.8542
Step 4900 | loss 0.0072 | val_acc=0.8537 val_loss=0.9740 val_f1_macro=0.8234 val_f1_weighted=0.8513 val_prec_macro=0.8342 val_rec_macro=0.8174 val_metric_name=acc val_metric=0.8537
Step 4950 | loss 0.0076 | val_acc=0.8538 val_loss=0.9764 val_f1_macro=0.8222 val_f1_weighted=0.8516 val_prec_macro=0.8296 val_rec_macro=0.8189 val_metric_name=acc val_metric=0.8538
Step 5000 | loss 0.0058 | val_acc=0.8535 val_loss=0.9807 val_f1_macro=0.8222 val_f1_weighted=0.8511 val_prec_macro=0.8305 val_rec_macro=0.8181 val_metric_name=acc val_metric=0.8535

--- Final (best ckpt @ step 4800) ---
  train_acc=1.0000 train_loss=0.0001 train_f1_macro=1.0000 train_f1_weighted=1.0000 train_prec_macro=1.0000 train_rec_macro=1.0000 train_metric_name=acc train_metric=1.0000
  val_acc=0.8545 val_loss=0.9647 val_f1_macro=0.8254 val_f1_weighted=0.8523 val_prec_macro=0.8309 val_rec_macro=0.8237 val_metric_name=acc val_metric=0.8545
  test_acc=0.8475 test_loss=1.0277 test_f1_macro=0.8154 test_f1_weighted=0.8451 test_prec_macro=0.8154 test_rec_macro=0.8178 test_metric_name=acc test_metric=0.8475
  test_acc=0.8475
  >> num_layers=2 hidden_dim=256 lr=3e-05 best_step=2980 val_acc=0.8505 test_acc=0.8436
     val_acc=0.8505 val_f1_macro=0.8160 val_f1_weighted=0.8479 val_loss=0.8897 val_metric=0.8505 val_metric_name=acc val_prec_macro=0.8174 val_rec_macro=0.8179
     test_acc=0.8436 test_f1_macro=0.8076 test_f1_weighted=0.8402 test_loss=0.9335 test_metric=0.8436 test_metric_name=acc test_prec_macro=0.8068 test_rec_macro=0.8130
  >> num_layers=2 hidden_dim=256 lr=6e-05 best_step=2880 val_acc=0.8567 test_acc=0.8427
     val_acc=0.8567 val_f1_macro=0.8251 val_f1_weighted=0.8546 val_loss=1.0088 val_metric=0.8567 val_metric_name=acc val_prec_macro=0.8261 val_rec_macro=0.8271
     test_acc=0.8427 test_f1_macro=0.8073 test_f1_weighted=0.8398 test_loss=1.0668 test_metric=0.8427 test_metric_name=acc test_prec_macro=0.8041 test_rec_macro=0.8148
  >> num_layers=2 hidden_dim=256 lr=0.0001 best_step=2560 val_acc=0.8577 test_acc=0.8452
     val_acc=0.8577 val_f1_macro=0.8234 val_f1_weighted=0.8549 val_loss=1.0604 val_metric=0.8577 val_metric_name=acc val_prec_macro=0.8267 val_rec_macro=0.8231
     test_acc=0.8452 test_f1_macro=0.8108 test_f1_weighted=0.8418 test_loss=1.1330 test_metric=0.8452 test_metric_name=acc test_prec_macro=0.8104 test_rec_macro=0.8159
  >> num_layers=2 hidden_dim=256 lr=1e-05 best_step=3640 val_acc=0.8455 test_acc=0.8346
     val_acc=0.8455 val_f1_macro=0.8122 val_f1_weighted=0.8428 val_loss=0.6540 val_metric=0.8455 val_metric_name=acc val_prec_macro=0.8185 val_rec_macro=0.8093
     test_acc=0.8346 test_f1_macro=0.7955 test_f1_weighted=0.8318 test_loss=0.6786 test_metric=0.8346 test_metric_name=acc test_prec_macro=0.8017 test_rec_macro=0.7941
  >> num_layers=2 hidden_dim=384 lr=3e-05 best_step=3050 val_acc=0.8547 test_acc=0.8526
     val_acc=0.8547 val_f1_macro=0.8258 val_f1_weighted=0.8531 val_loss=0.9851 val_metric=0.8547 val_metric_name=acc val_prec_macro=0.8306 val_rec_macro=0.8233
     test_acc=0.8526 test_f1_macro=0.8233 test_f1_weighted=0.8502 test_loss=1.0345 test_metric=0.8526 test_metric_name=acc test_prec_macro=0.8242 test_rec_macro=0.8255
  >> num_layers=2 hidden_dim=384 lr=6e-05 best_step=4740 val_acc=0.8598 test_acc=0.8577
     val_acc=0.8598 val_f1_macro=0.8321 val_f1_weighted=0.8582 val_loss=1.2021 val_metric=0.8598 val_metric_name=acc val_prec_macro=0.8401 val_rec_macro=0.8277
     test_acc=0.8577 test_f1_macro=0.8313 test_f1_weighted=0.8556 test_loss=1.2631 test_metric=0.8577 test_metric_name=acc test_prec_macro=0.8332 test_rec_macro=0.8319
  >> num_layers=2 hidden_dim=384 lr=0.0001 best_step=700 val_acc=0.8528 test_acc=0.8468
     val_acc=0.8528 val_f1_macro=0.8230 val_f1_weighted=0.8516 val_loss=0.8663 val_metric=0.8528 val_metric_name=acc val_prec_macro=0.8260 val_rec_macro=0.8225
     test_acc=0.8468 test_f1_macro=0.8136 test_f1_weighted=0.8448 test_loss=0.9192 test_metric=0.8468 test_metric_name=acc test_prec_macro=0.8133 test_rec_macro=0.8164
  >> num_layers=2 hidden_dim=384 lr=1e-05 best_step=4660 val_acc=0.8524 test_acc=0.8450
     val_acc=0.8524 val_f1_macro=0.8210 val_f1_weighted=0.8507 val_loss=0.8469 val_metric=0.8524 val_metric_name=acc val_prec_macro=0.8253 val_rec_macro=0.8190
     test_acc=0.8450 test_f1_macro=0.8131 test_f1_weighted=0.8424 test_loss=0.8939 test_metric=0.8450 test_metric_name=acc test_prec_macro=0.8166 test_rec_macro=0.8127
  >> num_layers=2 hidden_dim=512 lr=3e-05 best_step=3200 val_acc=0.8588 test_acc=0.8503
     val_acc=0.8588 val_f1_macro=0.8307 val_f1_weighted=0.8566 val_loss=1.0671 val_metric=0.8588 val_metric_name=acc val_prec_macro=0.8392 val_rec_macro=0.8255
     test_acc=0.8503 test_f1_macro=0.8191 test_f1_weighted=0.8474 test_loss=1.1433 test_metric=0.8503 test_metric_name=acc test_prec_macro=0.8221 test_rec_macro=0.8199
  >> num_layers=2 hidden_dim=512 lr=6e-05 best_step=1400 val_acc=0.8568 test_acc=0.8484
     val_acc=0.8568 val_f1_macro=0.8269 val_f1_weighted=0.8546 val_loss=1.0198 val_metric=0.8568 val_metric_name=acc val_prec_macro=0.8354 val_rec_macro=0.8227
     test_acc=0.8484 test_f1_macro=0.8153 test_f1_weighted=0.8456 test_loss=1.0776 test_metric=0.8484 test_metric_name=acc test_prec_macro=0.8160 test_rec_macro=0.8177
  >> num_layers=2 hidden_dim=512 lr=0.0001 best_step=1300 val_acc=0.8579 test_acc=0.8514
     val_acc=0.8579 val_f1_macro=0.8282 val_f1_weighted=0.8552 val_loss=1.0951 val_metric=0.8579 val_metric_name=acc val_prec_macro=0.8409 val_rec_macro=0.8220
     test_acc=0.8514 test_f1_macro=0.8174 test_f1_weighted=0.8484 test_loss=1.1549 test_metric=0.8514 test_metric_name=acc test_prec_macro=0.8183 test_rec_macro=0.8209
  >> num_layers=2 hidden_dim=512 lr=1e-05 best_step=4800 val_acc=0.8545 test_acc=0.8475
     val_acc=0.8545 val_f1_macro=0.8254 val_f1_weighted=0.8523 val_loss=0.9647 val_metric=0.8545 val_metric_name=acc val_prec_macro=0.8309 val_rec_macro=0.8237
     test_acc=0.8475 test_f1_macro=0.8154 test_f1_weighted=0.8451 test_loss=1.0277 test_metric=0.8475 test_metric_name=acc test_prec_macro=0.8154 test_rec_macro=0.8178
  >> selected best (by val): num_layers=2 hidden_dim=384 lr=6e-05 val_acc=0.8598 test_acc=0.8577
     val_acc=0.8598 val_f1_macro=0.8321 val_f1_weighted=0.8582 val_loss=1.2021 val_metric=0.8598 val_metric_name=acc val_prec_macro=0.8401 val_rec_macro=0.8277
     test_acc=0.8577 test_f1_macro=0.8313 test_f1_weighted=0.8556 test_loss=1.2631 test_metric=0.8577 test_metric_name=acc test_prec_macro=0.8332 test_rec_macro=0.8319

Done. Results saved to /home/avshmelev/diploma_yandex_graphs/results_grid/roman_empire/base.csv, checkpoints in /home/avshmelev/diploma_yandex_graphs/all_checkpoints/roman_empire/base/
