Loading data...

============================================================
Training roman-empire TAG 3L h=256 lr=3e-05 split=8
============================================================
Training for 5000 steps
Step    1 | loss 3.0417 | val_acc=0.0819 val_loss=2.8912 val_f1_macro=0.0421 val_f1_weighted=0.0667 val_prec_macro=0.0485 val_rec_macro=0.0792 val_metric_name=acc val_metric=0.0819
Step   50 | loss 1.9283 | val_acc=0.4967 val_loss=1.6718 val_f1_macro=0.2437 val_f1_weighted=0.4287 val_prec_macro=0.3675 val_rec_macro=0.2672 val_metric_name=acc val_metric=0.4967
Step  100 | loss 1.4301 | val_acc=0.6219 val_loss=1.2314 val_f1_macro=0.4287 val_f1_weighted=0.5789 val_prec_macro=0.5113 val_rec_macro=0.4331 val_metric_name=acc val_metric=0.6219
Step  150 | loss 1.1667 | val_acc=0.6846 val_loss=0.9972 val_f1_macro=0.5322 val_f1_weighted=0.6519 val_prec_macro=0.6327 val_rec_macro=0.5389 val_metric_name=acc val_metric=0.6846
Step  200 | loss 0.9736 | val_acc=0.7147 val_loss=0.8552 val_f1_macro=0.5793 val_f1_weighted=0.6887 val_prec_macro=0.6401 val_rec_macro=0.5853 val_metric_name=acc val_metric=0.7147
Step  250 | loss 0.8424 | val_acc=0.7414 val_loss=0.7663 val_f1_macro=0.6313 val_f1_weighted=0.7241 val_prec_macro=0.6989 val_rec_macro=0.6304 val_metric_name=acc val_metric=0.7414
Step  300 | loss 0.7615 | val_acc=0.7629 val_loss=0.7063 val_f1_macro=0.6765 val_f1_weighted=0.7521 val_prec_macro=0.7282 val_rec_macro=0.6704 val_metric_name=acc val_metric=0.7629
Step  350 | loss 0.6821 | val_acc=0.7779 val_loss=0.6635 val_f1_macro=0.7091 val_f1_weighted=0.7708 val_prec_macro=0.7400 val_rec_macro=0.7037 val_metric_name=acc val_metric=0.7779
Step  400 | loss 0.6196 | val_acc=0.7898 val_loss=0.6319 val_f1_macro=0.7279 val_f1_weighted=0.7834 val_prec_macro=0.7519 val_rec_macro=0.7232 val_metric_name=acc val_metric=0.7898
Step  450 | loss 0.5692 | val_acc=0.7954 val_loss=0.6036 val_f1_macro=0.7416 val_f1_weighted=0.7904 val_prec_macro=0.7609 val_rec_macro=0.7375 val_metric_name=acc val_metric=0.7954
Step  500 | loss 0.5214 | val_acc=0.8028 val_loss=0.5846 val_f1_macro=0.7522 val_f1_weighted=0.7985 val_prec_macro=0.7666 val_rec_macro=0.7498 val_metric_name=acc val_metric=0.8028
Step  550 | loss 0.4802 | val_acc=0.8090 val_loss=0.5664 val_f1_macro=0.7606 val_f1_weighted=0.8050 val_prec_macro=0.7724 val_rec_macro=0.7587 val_metric_name=acc val_metric=0.8090
Step  600 | loss 0.4438 | val_acc=0.8152 val_loss=0.5511 val_f1_macro=0.7670 val_f1_weighted=0.8113 val_prec_macro=0.7784 val_rec_macro=0.7648 val_metric_name=acc val_metric=0.8152
Step  650 | loss 0.4021 | val_acc=0.8217 val_loss=0.5429 val_f1_macro=0.7761 val_f1_weighted=0.8179 val_prec_macro=0.7869 val_rec_macro=0.7737 val_metric_name=acc val_metric=0.8217
Step  700 | loss 0.3715 | val_acc=0.8289 val_loss=0.5329 val_f1_macro=0.7864 val_f1_weighted=0.8256 val_prec_macro=0.7977 val_rec_macro=0.7827 val_metric_name=acc val_metric=0.8289
Step  750 | loss 0.3357 | val_acc=0.8316 val_loss=0.5299 val_f1_macro=0.7912 val_f1_weighted=0.8283 val_prec_macro=0.7999 val_rec_macro=0.7893 val_metric_name=acc val_metric=0.8316
Step  800 | loss 0.2995 | val_acc=0.8342 val_loss=0.5250 val_f1_macro=0.7953 val_f1_weighted=0.8316 val_prec_macro=0.8031 val_rec_macro=0.7935 val_metric_name=acc val_metric=0.8342
Step  850 | loss 0.2773 | val_acc=0.8348 val_loss=0.5288 val_f1_macro=0.7980 val_f1_weighted=0.8319 val_prec_macro=0.8044 val_rec_macro=0.7976 val_metric_name=acc val_metric=0.8348
Step  900 | loss 0.2492 | val_acc=0.8380 val_loss=0.5287 val_f1_macro=0.8035 val_f1_weighted=0.8355 val_prec_macro=0.8086 val_rec_macro=0.8036 val_metric_name=acc val_metric=0.8380
Step  950 | loss 0.2296 | val_acc=0.8431 val_loss=0.5313 val_f1_macro=0.8099 val_f1_weighted=0.8410 val_prec_macro=0.8150 val_rec_macro=0.8091 val_metric_name=acc val_metric=0.8431
Step 1000 | loss 0.2099 | val_acc=0.8445 val_loss=0.5358 val_f1_macro=0.8105 val_f1_weighted=0.8421 val_prec_macro=0.8148 val_rec_macro=0.8100 val_metric_name=acc val_metric=0.8445
Step 1050 | loss 0.1897 | val_acc=0.8461 val_loss=0.5459 val_f1_macro=0.8125 val_f1_weighted=0.8440 val_prec_macro=0.8184 val_rec_macro=0.8110 val_metric_name=acc val_metric=0.8461
Step 1100 | loss 0.1709 | val_acc=0.8455 val_loss=0.5525 val_f1_macro=0.8128 val_f1_weighted=0.8437 val_prec_macro=0.8174 val_rec_macro=0.8115 val_metric_name=acc val_metric=0.8455
Step 1150 | loss 0.1548 | val_acc=0.8462 val_loss=0.5621 val_f1_macro=0.8132 val_f1_weighted=0.8442 val_prec_macro=0.8197 val_rec_macro=0.8107 val_metric_name=acc val_metric=0.8462
Step 1200 | loss 0.1383 | val_acc=0.8434 val_loss=0.5770 val_f1_macro=0.8093 val_f1_weighted=0.8414 val_prec_macro=0.8162 val_rec_macro=0.8067 val_metric_name=acc val_metric=0.8434
Step 1250 | loss 0.1267 | val_acc=0.8489 val_loss=0.5812 val_f1_macro=0.8160 val_f1_weighted=0.8468 val_prec_macro=0.8218 val_rec_macro=0.8139 val_metric_name=acc val_metric=0.8489
Step 1300 | loss 0.1209 | val_acc=0.8482 val_loss=0.5920 val_f1_macro=0.8141 val_f1_weighted=0.8463 val_prec_macro=0.8195 val_rec_macro=0.8124 val_metric_name=acc val_metric=0.8482
Step 1350 | loss 0.1075 | val_acc=0.8492 val_loss=0.5997 val_f1_macro=0.8159 val_f1_weighted=0.8474 val_prec_macro=0.8213 val_rec_macro=0.8140 val_metric_name=acc val_metric=0.8492
Step 1400 | loss 0.1009 | val_acc=0.8514 val_loss=0.6090 val_f1_macro=0.8185 val_f1_weighted=0.8496 val_prec_macro=0.8230 val_rec_macro=0.8165 val_metric_name=acc val_metric=0.8514
Step 1450 | loss 0.0919 | val_acc=0.8501 val_loss=0.6198 val_f1_macro=0.8167 val_f1_weighted=0.8484 val_prec_macro=0.8219 val_rec_macro=0.8153 val_metric_name=acc val_metric=0.8501
Step 1500 | loss 0.0782 | val_acc=0.8528 val_loss=0.6279 val_f1_macro=0.8198 val_f1_weighted=0.8513 val_prec_macro=0.8238 val_rec_macro=0.8183 val_metric_name=acc val_metric=0.8528
Step 1550 | loss 0.0727 | val_acc=0.8515 val_loss=0.6377 val_f1_macro=0.8179 val_f1_weighted=0.8498 val_prec_macro=0.8215 val_rec_macro=0.8172 val_metric_name=acc val_metric=0.8515
Step 1600 | loss 0.0699 | val_acc=0.8517 val_loss=0.6447 val_f1_macro=0.8193 val_f1_weighted=0.8499 val_prec_macro=0.8228 val_rec_macro=0.8192 val_metric_name=acc val_metric=0.8517
Step 1650 | loss 0.0625 | val_acc=0.8538 val_loss=0.6565 val_f1_macro=0.8202 val_f1_weighted=0.8518 val_prec_macro=0.8264 val_rec_macro=0.8180 val_metric_name=acc val_metric=0.8538
Step 1700 | loss 0.0610 | val_acc=0.8545 val_loss=0.6610 val_f1_macro=0.8212 val_f1_weighted=0.8528 val_prec_macro=0.8262 val_rec_macro=0.8198 val_metric_name=acc val_metric=0.8545
Step 1750 | loss 0.0554 | val_acc=0.8553 val_loss=0.6664 val_f1_macro=0.8218 val_f1_weighted=0.8533 val_prec_macro=0.8281 val_rec_macro=0.8197 val_metric_name=acc val_metric=0.8553
Step 1800 | loss 0.0531 | val_acc=0.8553 val_loss=0.6782 val_f1_macro=0.8220 val_f1_weighted=0.8534 val_prec_macro=0.8268 val_rec_macro=0.8207 val_metric_name=acc val_metric=0.8553
Step 1850 | loss 0.0501 | val_acc=0.8558 val_loss=0.6822 val_f1_macro=0.8242 val_f1_weighted=0.8542 val_prec_macro=0.8284 val_rec_macro=0.8235 val_metric_name=acc val_metric=0.8558
Step 1900 | loss 0.0437 | val_acc=0.8544 val_loss=0.6993 val_f1_macro=0.8220 val_f1_weighted=0.8525 val_prec_macro=0.8267 val_rec_macro=0.8216 val_metric_name=acc val_metric=0.8544
Step 1950 | loss 0.0452 | val_acc=0.8549 val_loss=0.6952 val_f1_macro=0.8220 val_f1_weighted=0.8531 val_prec_macro=0.8256 val_rec_macro=0.8219 val_metric_name=acc val_metric=0.8549
Step 2000 | loss 0.0400 | val_acc=0.8540 val_loss=0.7059 val_f1_macro=0.8194 val_f1_weighted=0.8521 val_prec_macro=0.8253 val_rec_macro=0.8178 val_metric_name=acc val_metric=0.8540
Step 2050 | loss 0.0359 | val_acc=0.8567 val_loss=0.7091 val_f1_macro=0.8243 val_f1_weighted=0.8550 val_prec_macro=0.8287 val_rec_macro=0.8237 val_metric_name=acc val_metric=0.8567
Step 2100 | loss 0.0400 | val_acc=0.8572 val_loss=0.7174 val_f1_macro=0.8247 val_f1_weighted=0.8551 val_prec_macro=0.8294 val_rec_macro=0.8244 val_metric_name=acc val_metric=0.8572
Step 2150 | loss 0.0344 | val_acc=0.8577 val_loss=0.7134 val_f1_macro=0.8258 val_f1_weighted=0.8562 val_prec_macro=0.8289 val_rec_macro=0.8255 val_metric_name=acc val_metric=0.8577
Step 2200 | loss 0.0322 | val_acc=0.8565 val_loss=0.7236 val_f1_macro=0.8236 val_f1_weighted=0.8547 val_prec_macro=0.8273 val_rec_macro=0.8229 val_metric_name=acc val_metric=0.8565
Step 2250 | loss 0.0308 | val_acc=0.8586 val_loss=0.7314 val_f1_macro=0.8254 val_f1_weighted=0.8566 val_prec_macro=0.8296 val_rec_macro=0.8247 val_metric_name=acc val_metric=0.8586
Step 2300 | loss 0.0324 | val_acc=0.8595 val_loss=0.7331 val_f1_macro=0.8291 val_f1_weighted=0.8578 val_prec_macro=0.8334 val_rec_macro=0.8283 val_metric_name=acc val_metric=0.8595
Step 2350 | loss 0.0284 | val_acc=0.8574 val_loss=0.7408 val_f1_macro=0.8247 val_f1_weighted=0.8553 val_prec_macro=0.8289 val_rec_macro=0.8243 val_metric_name=acc val_metric=0.8574
Step 2400 | loss 0.0273 | val_acc=0.8588 val_loss=0.7414 val_f1_macro=0.8263 val_f1_weighted=0.8569 val_prec_macro=0.8322 val_rec_macro=0.8243 val_metric_name=acc val_metric=0.8588
Step 2450 | loss 0.0222 | val_acc=0.8586 val_loss=0.7449 val_f1_macro=0.8253 val_f1_weighted=0.8564 val_prec_macro=0.8298 val_rec_macro=0.8248 val_metric_name=acc val_metric=0.8586
Step 2500 | loss 0.0232 | val_acc=0.8602 val_loss=0.7483 val_f1_macro=0.8286 val_f1_weighted=0.8584 val_prec_macro=0.8318 val_rec_macro=0.8283 val_metric_name=acc val_metric=0.8602
Step 2550 | loss 0.0274 | val_acc=0.8605 val_loss=0.7542 val_f1_macro=0.8285 val_f1_weighted=0.8588 val_prec_macro=0.8324 val_rec_macro=0.8279 val_metric_name=acc val_metric=0.8605
Step 2600 | loss 0.0213 | val_acc=0.8590 val_loss=0.7623 val_f1_macro=0.8270 val_f1_weighted=0.8570 val_prec_macro=0.8347 val_rec_macro=0.8239 val_metric_name=acc val_metric=0.8590
Step 2650 | loss 0.0225 | val_acc=0.8595 val_loss=0.7742 val_f1_macro=0.8273 val_f1_weighted=0.8575 val_prec_macro=0.8318 val_rec_macro=0.8269 val_metric_name=acc val_metric=0.8595
Step 2700 | loss 0.0223 | val_acc=0.8593 val_loss=0.7731 val_f1_macro=0.8270 val_f1_weighted=0.8572 val_prec_macro=0.8316 val_rec_macro=0.8263 val_metric_name=acc val_metric=0.8593
Step 2750 | loss 0.0176 | val_acc=0.8591 val_loss=0.7793 val_f1_macro=0.8267 val_f1_weighted=0.8573 val_prec_macro=0.8305 val_rec_macro=0.8268 val_metric_name=acc val_metric=0.8591
Step 2800 | loss 0.0181 | val_acc=0.8595 val_loss=0.7820 val_f1_macro=0.8283 val_f1_weighted=0.8576 val_prec_macro=0.8324 val_rec_macro=0.8277 val_metric_name=acc val_metric=0.8595
Step 2850 | loss 0.0183 | val_acc=0.8605 val_loss=0.7802 val_f1_macro=0.8287 val_f1_weighted=0.8586 val_prec_macro=0.8333 val_rec_macro=0.8274 val_metric_name=acc val_metric=0.8605
Step 2900 | loss 0.0163 | val_acc=0.8591 val_loss=0.7851 val_f1_macro=0.8272 val_f1_weighted=0.8572 val_prec_macro=0.8327 val_rec_macro=0.8260 val_metric_name=acc val_metric=0.8591
Step 2950 | loss 0.0170 | val_acc=0.8597 val_loss=0.7932 val_f1_macro=0.8282 val_f1_weighted=0.8577 val_prec_macro=0.8313 val_rec_macro=0.8284 val_metric_name=acc val_metric=0.8597
Step 3000 | loss 0.0154 | val_acc=0.8605 val_loss=0.7919 val_f1_macro=0.8289 val_f1_weighted=0.8585 val_prec_macro=0.8330 val_rec_macro=0.8286 val_metric_name=acc val_metric=0.8605
Step 3050 | loss 0.0134 | val_acc=0.8616 val_loss=0.7980 val_f1_macro=0.8308 val_f1_weighted=0.8596 val_prec_macro=0.8350 val_rec_macro=0.8308 val_metric_name=acc val_metric=0.8616
Step 3100 | loss 0.0152 | val_acc=0.8614 val_loss=0.7996 val_f1_macro=0.8312 val_f1_weighted=0.8595 val_prec_macro=0.8370 val_rec_macro=0.8300 val_metric_name=acc val_metric=0.8614
Step 3150 | loss 0.0175 | val_acc=0.8641 val_loss=0.7967 val_f1_macro=0.8343 val_f1_weighted=0.8622 val_prec_macro=0.8383 val_rec_macro=0.8335 val_metric_name=acc val_metric=0.8641
Step 3200 | loss 0.0153 | val_acc=0.8620 val_loss=0.8023 val_f1_macro=0.8313 val_f1_weighted=0.8601 val_prec_macro=0.8352 val_rec_macro=0.8307 val_metric_name=acc val_metric=0.8620
Step 3250 | loss 0.0138 | val_acc=0.8600 val_loss=0.8093 val_f1_macro=0.8285 val_f1_weighted=0.8580 val_prec_macro=0.8333 val_rec_macro=0.8280 val_metric_name=acc val_metric=0.8600
Step 3300 | loss 0.0139 | val_acc=0.8605 val_loss=0.8138 val_f1_macro=0.8284 val_f1_weighted=0.8584 val_prec_macro=0.8321 val_rec_macro=0.8293 val_metric_name=acc val_metric=0.8605
Step 3350 | loss 0.0142 | val_acc=0.8609 val_loss=0.8135 val_f1_macro=0.8291 val_f1_weighted=0.8586 val_prec_macro=0.8345 val_rec_macro=0.8285 val_metric_name=acc val_metric=0.8609
Step 3400 | loss 0.0139 | val_acc=0.8602 val_loss=0.8214 val_f1_macro=0.8279 val_f1_weighted=0.8580 val_prec_macro=0.8334 val_rec_macro=0.8270 val_metric_name=acc val_metric=0.8602
Step 3450 | loss 0.0117 | val_acc=0.8604 val_loss=0.8259 val_f1_macro=0.8283 val_f1_weighted=0.8585 val_prec_macro=0.8314 val_rec_macro=0.8294 val_metric_name=acc val_metric=0.8604
Step 3500 | loss 0.0107 | val_acc=0.8621 val_loss=0.8233 val_f1_macro=0.8300 val_f1_weighted=0.8601 val_prec_macro=0.8361 val_rec_macro=0.8280 val_metric_name=acc val_metric=0.8621
Step 3550 | loss 0.0101 | val_acc=0.8648 val_loss=0.8192 val_f1_macro=0.8341 val_f1_weighted=0.8630 val_prec_macro=0.8384 val_rec_macro=0.8335 val_metric_name=acc val_metric=0.8648
Step 3600 | loss 0.0115 | val_acc=0.8639 val_loss=0.8294 val_f1_macro=0.8330 val_f1_weighted=0.8623 val_prec_macro=0.8370 val_rec_macro=0.8328 val_metric_name=acc val_metric=0.8639
Step 3650 | loss 0.0093 | val_acc=0.8632 val_loss=0.8339 val_f1_macro=0.8319 val_f1_weighted=0.8612 val_prec_macro=0.8369 val_rec_macro=0.8312 val_metric_name=acc val_metric=0.8632
Step 3700 | loss 0.0121 | val_acc=0.8627 val_loss=0.8354 val_f1_macro=0.8309 val_f1_weighted=0.8608 val_prec_macro=0.8345 val_rec_macro=0.8309 val_metric_name=acc val_metric=0.8627
Step 3750 | loss 0.0119 | val_acc=0.8627 val_loss=0.8386 val_f1_macro=0.8309 val_f1_weighted=0.8608 val_prec_macro=0.8370 val_rec_macro=0.8298 val_metric_name=acc val_metric=0.8627
Step 3800 | loss 0.0100 | val_acc=0.8648 val_loss=0.8377 val_f1_macro=0.8344 val_f1_weighted=0.8630 val_prec_macro=0.8381 val_rec_macro=0.8345 val_metric_name=acc val_metric=0.8648
Step 3850 | loss 0.0103 | val_acc=0.8620 val_loss=0.8477 val_f1_macro=0.8314 val_f1_weighted=0.8599 val_prec_macro=0.8373 val_rec_macro=0.8301 val_metric_name=acc val_metric=0.8620
Step 3900 | loss 0.0091 | val_acc=0.8630 val_loss=0.8477 val_f1_macro=0.8314 val_f1_weighted=0.8609 val_prec_macro=0.8359 val_rec_macro=0.8319 val_metric_name=acc val_metric=0.8630
Step 3950 | loss 0.0089 | val_acc=0.8630 val_loss=0.8512 val_f1_macro=0.8322 val_f1_weighted=0.8611 val_prec_macro=0.8382 val_rec_macro=0.8303 val_metric_name=acc val_metric=0.8630
Step 4000 | loss 0.0066 | val_acc=0.8623 val_loss=0.8542 val_f1_macro=0.8307 val_f1_weighted=0.8603 val_prec_macro=0.8344 val_rec_macro=0.8306 val_metric_name=acc val_metric=0.8623
Step 4050 | loss 0.0085 | val_acc=0.8634 val_loss=0.8546 val_f1_macro=0.8323 val_f1_weighted=0.8615 val_prec_macro=0.8355 val_rec_macro=0.8327 val_metric_name=acc val_metric=0.8634
Step 4100 | loss 0.0088 | val_acc=0.8637 val_loss=0.8588 val_f1_macro=0.8333 val_f1_weighted=0.8619 val_prec_macro=0.8399 val_rec_macro=0.8322 val_metric_name=acc val_metric=0.8637
Step 4150 | loss 0.0088 | val_acc=0.8627 val_loss=0.8676 val_f1_macro=0.8314 val_f1_weighted=0.8606 val_prec_macro=0.8374 val_rec_macro=0.8298 val_metric_name=acc val_metric=0.8627
Step 4200 | loss 0.0074 | val_acc=0.8651 val_loss=0.8636 val_f1_macro=0.8320 val_f1_weighted=0.8632 val_prec_macro=0.8352 val_rec_macro=0.8328 val_metric_name=acc val_metric=0.8651
Early stopping at step 4207

--- Final (best ckpt @ step 3830) ---
  train_acc=1.0000 train_loss=0.0001 train_f1_macro=1.0000 train_f1_weighted=1.0000 train_prec_macro=1.0000 train_rec_macro=1.0000 train_metric_name=acc train_metric=1.0000
  val_acc=0.8653 val_loss=0.8435 val_f1_macro=0.8355 val_f1_weighted=0.8635 val_prec_macro=0.8386 val_rec_macro=0.8360 val_metric_name=acc val_metric=0.8653
  test_acc=0.8664 test_loss=0.8718 test_f1_macro=0.8391 test_f1_weighted=0.8645 test_prec_macro=0.8369 test_rec_macro=0.8443 test_metric_name=acc test_metric=0.8664
  test_acc=0.8664

============================================================
Training roman-empire TAG 3L h=256 lr=6e-05 split=8
============================================================
Training for 5000 steps
Step    1 | loss 3.0417 | val_acc=0.1405 val_loss=2.7543 val_f1_macro=0.0487 val_f1_weighted=0.0841 val_prec_macro=0.0616 val_rec_macro=0.0759 val_metric_name=acc val_metric=0.1405
Step   50 | loss 1.5194 | val_acc=0.5977 val_loss=1.3273 val_f1_macro=0.3867 val_f1_weighted=0.5515 val_prec_macro=0.4739 val_rec_macro=0.3962 val_metric_name=acc val_metric=0.5977
Step  100 | loss 1.0429 | val_acc=0.7006 val_loss=0.9158 val_f1_macro=0.5610 val_f1_weighted=0.6730 val_prec_macro=0.6321 val_rec_macro=0.5671 val_metric_name=acc val_metric=0.7006
Step  150 | loss 0.8110 | val_acc=0.7472 val_loss=0.7451 val_f1_macro=0.6489 val_f1_weighted=0.7328 val_prec_macro=0.7061 val_rec_macro=0.6463 val_metric_name=acc val_metric=0.7472
Step  200 | loss 0.6659 | val_acc=0.7823 val_loss=0.6559 val_f1_macro=0.7169 val_f1_weighted=0.7761 val_prec_macro=0.7449 val_rec_macro=0.7119 val_metric_name=acc val_metric=0.7823
Step  250 | loss 0.5584 | val_acc=0.7961 val_loss=0.6032 val_f1_macro=0.7427 val_f1_weighted=0.7906 val_prec_macro=0.7597 val_rec_macro=0.7390 val_metric_name=acc val_metric=0.7961
Step  300 | loss 0.4828 | val_acc=0.8083 val_loss=0.5682 val_f1_macro=0.7573 val_f1_weighted=0.8040 val_prec_macro=0.7706 val_rec_macro=0.7547 val_metric_name=acc val_metric=0.8083
Step  350 | loss 0.4066 | val_acc=0.8194 val_loss=0.5458 val_f1_macro=0.7733 val_f1_weighted=0.8162 val_prec_macro=0.7815 val_rec_macro=0.7728 val_metric_name=acc val_metric=0.8194
Step  400 | loss 0.3426 | val_acc=0.8314 val_loss=0.5297 val_f1_macro=0.7905 val_f1_weighted=0.8286 val_prec_macro=0.7993 val_rec_macro=0.7884 val_metric_name=acc val_metric=0.8314
Step  450 | loss 0.2912 | val_acc=0.8383 val_loss=0.5319 val_f1_macro=0.8003 val_f1_weighted=0.8350 val_prec_macro=0.8075 val_rec_macro=0.8000 val_metric_name=acc val_metric=0.8383
Step  500 | loss 0.2414 | val_acc=0.8399 val_loss=0.5333 val_f1_macro=0.8045 val_f1_weighted=0.8373 val_prec_macro=0.8086 val_rec_macro=0.8060 val_metric_name=acc val_metric=0.8399
Step  550 | loss 0.2028 | val_acc=0.8441 val_loss=0.5385 val_f1_macro=0.8097 val_f1_weighted=0.8419 val_prec_macro=0.8155 val_rec_macro=0.8080 val_metric_name=acc val_metric=0.8441
Step  600 | loss 0.1789 | val_acc=0.8443 val_loss=0.5531 val_f1_macro=0.8120 val_f1_weighted=0.8428 val_prec_macro=0.8169 val_rec_macro=0.8110 val_metric_name=acc val_metric=0.8443
Step  650 | loss 0.1412 | val_acc=0.8478 val_loss=0.5749 val_f1_macro=0.8134 val_f1_weighted=0.8457 val_prec_macro=0.8210 val_rec_macro=0.8099 val_metric_name=acc val_metric=0.8478
Step  700 | loss 0.1253 | val_acc=0.8494 val_loss=0.5868 val_f1_macro=0.8153 val_f1_weighted=0.8474 val_prec_macro=0.8207 val_rec_macro=0.8132 val_metric_name=acc val_metric=0.8494
Step  750 | loss 0.1010 | val_acc=0.8507 val_loss=0.6062 val_f1_macro=0.8172 val_f1_weighted=0.8491 val_prec_macro=0.8228 val_rec_macro=0.8146 val_metric_name=acc val_metric=0.8507
Step  800 | loss 0.0842 | val_acc=0.8521 val_loss=0.6208 val_f1_macro=0.8189 val_f1_weighted=0.8504 val_prec_macro=0.8230 val_rec_macro=0.8176 val_metric_name=acc val_metric=0.8521
Step  850 | loss 0.0730 | val_acc=0.8524 val_loss=0.6409 val_f1_macro=0.8181 val_f1_weighted=0.8504 val_prec_macro=0.8239 val_rec_macro=0.8166 val_metric_name=acc val_metric=0.8524
Step  900 | loss 0.0628 | val_acc=0.8510 val_loss=0.6510 val_f1_macro=0.8159 val_f1_weighted=0.8493 val_prec_macro=0.8215 val_rec_macro=0.8138 val_metric_name=acc val_metric=0.8510
Step  950 | loss 0.0558 | val_acc=0.8531 val_loss=0.6611 val_f1_macro=0.8202 val_f1_weighted=0.8519 val_prec_macro=0.8241 val_rec_macro=0.8191 val_metric_name=acc val_metric=0.8531
Step 1000 | loss 0.0507 | val_acc=0.8558 val_loss=0.6815 val_f1_macro=0.8223 val_f1_weighted=0.8541 val_prec_macro=0.8265 val_rec_macro=0.8214 val_metric_name=acc val_metric=0.8558
Step 1050 | loss 0.0470 | val_acc=0.8581 val_loss=0.6876 val_f1_macro=0.8251 val_f1_weighted=0.8561 val_prec_macro=0.8304 val_rec_macro=0.8228 val_metric_name=acc val_metric=0.8581
Step 1100 | loss 0.0383 | val_acc=0.8542 val_loss=0.7059 val_f1_macro=0.8203 val_f1_weighted=0.8524 val_prec_macro=0.8234 val_rec_macro=0.8202 val_metric_name=acc val_metric=0.8542
Step 1150 | loss 0.0372 | val_acc=0.8567 val_loss=0.7132 val_f1_macro=0.8243 val_f1_weighted=0.8549 val_prec_macro=0.8296 val_rec_macro=0.8226 val_metric_name=acc val_metric=0.8567
Step 1200 | loss 0.0321 | val_acc=0.8560 val_loss=0.7276 val_f1_macro=0.8232 val_f1_weighted=0.8540 val_prec_macro=0.8278 val_rec_macro=0.8226 val_metric_name=acc val_metric=0.8560
Step 1250 | loss 0.0294 | val_acc=0.8584 val_loss=0.7335 val_f1_macro=0.8253 val_f1_weighted=0.8563 val_prec_macro=0.8294 val_rec_macro=0.8244 val_metric_name=acc val_metric=0.8584
Step 1300 | loss 0.0281 | val_acc=0.8563 val_loss=0.7437 val_f1_macro=0.8250 val_f1_weighted=0.8549 val_prec_macro=0.8282 val_rec_macro=0.8248 val_metric_name=acc val_metric=0.8563
Step 1350 | loss 0.0270 | val_acc=0.8588 val_loss=0.7445 val_f1_macro=0.8259 val_f1_weighted=0.8568 val_prec_macro=0.8293 val_rec_macro=0.8259 val_metric_name=acc val_metric=0.8588
Step 1400 | loss 0.0227 | val_acc=0.8584 val_loss=0.7604 val_f1_macro=0.8247 val_f1_weighted=0.8564 val_prec_macro=0.8309 val_rec_macro=0.8226 val_metric_name=acc val_metric=0.8584
Step 1450 | loss 0.0237 | val_acc=0.8577 val_loss=0.7698 val_f1_macro=0.8261 val_f1_weighted=0.8558 val_prec_macro=0.8291 val_rec_macro=0.8259 val_metric_name=acc val_metric=0.8577
Step 1500 | loss 0.0177 | val_acc=0.8584 val_loss=0.7747 val_f1_macro=0.8253 val_f1_weighted=0.8562 val_prec_macro=0.8287 val_rec_macro=0.8249 val_metric_name=acc val_metric=0.8584
Step 1550 | loss 0.0168 | val_acc=0.8595 val_loss=0.7791 val_f1_macro=0.8271 val_f1_weighted=0.8573 val_prec_macro=0.8305 val_rec_macro=0.8267 val_metric_name=acc val_metric=0.8595
Step 1600 | loss 0.0175 | val_acc=0.8590 val_loss=0.7823 val_f1_macro=0.8269 val_f1_weighted=0.8571 val_prec_macro=0.8311 val_rec_macro=0.8257 val_metric_name=acc val_metric=0.8590
Step 1650 | loss 0.0158 | val_acc=0.8593 val_loss=0.7877 val_f1_macro=0.8268 val_f1_weighted=0.8574 val_prec_macro=0.8295 val_rec_macro=0.8273 val_metric_name=acc val_metric=0.8593
Step 1700 | loss 0.0166 | val_acc=0.8591 val_loss=0.7923 val_f1_macro=0.8267 val_f1_weighted=0.8570 val_prec_macro=0.8307 val_rec_macro=0.8267 val_metric_name=acc val_metric=0.8591
Step 1750 | loss 0.0140 | val_acc=0.8625 val_loss=0.7920 val_f1_macro=0.8303 val_f1_weighted=0.8606 val_prec_macro=0.8328 val_rec_macro=0.8314 val_metric_name=acc val_metric=0.8625
Step 1800 | loss 0.0145 | val_acc=0.8618 val_loss=0.8064 val_f1_macro=0.8310 val_f1_weighted=0.8601 val_prec_macro=0.8334 val_rec_macro=0.8315 val_metric_name=acc val_metric=0.8618
Step 1850 | loss 0.0139 | val_acc=0.8607 val_loss=0.8024 val_f1_macro=0.8286 val_f1_weighted=0.8588 val_prec_macro=0.8333 val_rec_macro=0.8283 val_metric_name=acc val_metric=0.8607
Step 1900 | loss 0.0120 | val_acc=0.8614 val_loss=0.8150 val_f1_macro=0.8288 val_f1_weighted=0.8595 val_prec_macro=0.8346 val_rec_macro=0.8266 val_metric_name=acc val_metric=0.8614
Step 1950 | loss 0.0141 | val_acc=0.8607 val_loss=0.8209 val_f1_macro=0.8299 val_f1_weighted=0.8589 val_prec_macro=0.8337 val_rec_macro=0.8299 val_metric_name=acc val_metric=0.8607
Step 2000 | loss 0.0103 | val_acc=0.8597 val_loss=0.8252 val_f1_macro=0.8276 val_f1_weighted=0.8580 val_prec_macro=0.8340 val_rec_macro=0.8251 val_metric_name=acc val_metric=0.8597
Step 2050 | loss 0.0093 | val_acc=0.8574 val_loss=0.8343 val_f1_macro=0.8244 val_f1_weighted=0.8555 val_prec_macro=0.8318 val_rec_macro=0.8230 val_metric_name=acc val_metric=0.8574
Step 2100 | loss 0.0118 | val_acc=0.8604 val_loss=0.8375 val_f1_macro=0.8283 val_f1_weighted=0.8584 val_prec_macro=0.8320 val_rec_macro=0.8286 val_metric_name=acc val_metric=0.8604
Step 2150 | loss 0.0098 | val_acc=0.8611 val_loss=0.8265 val_f1_macro=0.8298 val_f1_weighted=0.8594 val_prec_macro=0.8325 val_rec_macro=0.8304 val_metric_name=acc val_metric=0.8611
Early stopping at step 2158

--- Final (best ckpt @ step 1810) ---
  train_acc=0.9999 train_loss=0.0003 train_f1_macro=0.9999 train_f1_weighted=0.9999 train_prec_macro=0.9998 train_rec_macro=1.0000 train_metric_name=acc train_metric=0.9999
  val_acc=0.8627 val_loss=0.8052 val_f1_macro=0.8301 val_f1_weighted=0.8607 val_prec_macro=0.8349 val_rec_macro=0.8295 val_metric_name=acc val_metric=0.8627
  test_acc=0.8615 test_loss=0.8380 test_f1_macro=0.8315 test_f1_weighted=0.8596 test_prec_macro=0.8320 test_rec_macro=0.8354 test_metric_name=acc test_metric=0.8615
  test_acc=0.8615

============================================================
Training roman-empire TAG 3L h=256 lr=0.0001 split=8
============================================================
Training for 5000 steps
Step    1 | loss 3.0417 | val_acc=0.1426 val_loss=2.6502 val_f1_macro=0.0260 val_f1_weighted=0.0539 val_prec_macro=0.0638 val_rec_macro=0.0596 val_metric_name=acc val_metric=0.1426
Step   50 | loss 1.2492 | val_acc=0.6575 val_loss=1.0925 val_f1_macro=0.4893 val_f1_weighted=0.6197 val_prec_macro=0.5512 val_rec_macro=0.4971 val_metric_name=acc val_metric=0.6575
Step  100 | loss 0.8072 | val_acc=0.7463 val_loss=0.7482 val_f1_macro=0.6470 val_f1_weighted=0.7330 val_prec_macro=0.6979 val_rec_macro=0.6456 val_metric_name=acc val_metric=0.7463
Step  150 | loss 0.6071 | val_acc=0.7885 val_loss=0.6288 val_f1_macro=0.7285 val_f1_weighted=0.7833 val_prec_macro=0.7465 val_rec_macro=0.7256 val_metric_name=acc val_metric=0.7885
Step  200 | loss 0.4712 | val_acc=0.8086 val_loss=0.5675 val_f1_macro=0.7586 val_f1_weighted=0.8054 val_prec_macro=0.7708 val_rec_macro=0.7567 val_metric_name=acc val_metric=0.8086
Step  250 | loss 0.3624 | val_acc=0.8284 val_loss=0.5396 val_f1_macro=0.7880 val_f1_weighted=0.8254 val_prec_macro=0.7964 val_rec_macro=0.7864 val_metric_name=acc val_metric=0.8284
Step  300 | loss 0.2837 | val_acc=0.8372 val_loss=0.5268 val_f1_macro=0.8005 val_f1_weighted=0.8349 val_prec_macro=0.8074 val_rec_macro=0.7987 val_metric_name=acc val_metric=0.8372
Step  350 | loss 0.2108 | val_acc=0.8410 val_loss=0.5408 val_f1_macro=0.8072 val_f1_weighted=0.8392 val_prec_macro=0.8102 val_rec_macro=0.8077 val_metric_name=acc val_metric=0.8410
Step  400 | loss 0.1590 | val_acc=0.8459 val_loss=0.5595 val_f1_macro=0.8127 val_f1_weighted=0.8442 val_prec_macro=0.8161 val_rec_macro=0.8121 val_metric_name=acc val_metric=0.8459
Step  450 | loss 0.1214 | val_acc=0.8461 val_loss=0.5902 val_f1_macro=0.8103 val_f1_weighted=0.8440 val_prec_macro=0.8141 val_rec_macro=0.8093 val_metric_name=acc val_metric=0.8461
Step  500 | loss 0.0905 | val_acc=0.8466 val_loss=0.6148 val_f1_macro=0.8119 val_f1_weighted=0.8452 val_prec_macro=0.8170 val_rec_macro=0.8114 val_metric_name=acc val_metric=0.8466
Step  550 | loss 0.0718 | val_acc=0.8508 val_loss=0.6392 val_f1_macro=0.8149 val_f1_weighted=0.8490 val_prec_macro=0.8184 val_rec_macro=0.8148 val_metric_name=acc val_metric=0.8508
Step  600 | loss 0.0659 | val_acc=0.8505 val_loss=0.6661 val_f1_macro=0.8151 val_f1_weighted=0.8491 val_prec_macro=0.8216 val_rec_macro=0.8127 val_metric_name=acc val_metric=0.8505
Step  650 | loss 0.0478 | val_acc=0.8538 val_loss=0.6885 val_f1_macro=0.8186 val_f1_weighted=0.8519 val_prec_macro=0.8259 val_rec_macro=0.8153 val_metric_name=acc val_metric=0.8538
Step  700 | loss 0.0432 | val_acc=0.8556 val_loss=0.6967 val_f1_macro=0.8207 val_f1_weighted=0.8535 val_prec_macro=0.8250 val_rec_macro=0.8194 val_metric_name=acc val_metric=0.8556
Step  750 | loss 0.0360 | val_acc=0.8535 val_loss=0.7181 val_f1_macro=0.8201 val_f1_weighted=0.8521 val_prec_macro=0.8240 val_rec_macro=0.8191 val_metric_name=acc val_metric=0.8535
Step  800 | loss 0.0294 | val_acc=0.8590 val_loss=0.7246 val_f1_macro=0.8266 val_f1_weighted=0.8570 val_prec_macro=0.8294 val_rec_macro=0.8259 val_metric_name=acc val_metric=0.8590
Step  850 | loss 0.0267 | val_acc=0.8579 val_loss=0.7418 val_f1_macro=0.8231 val_f1_weighted=0.8559 val_prec_macro=0.8240 val_rec_macro=0.8249 val_metric_name=acc val_metric=0.8579
Step  900 | loss 0.0225 | val_acc=0.8581 val_loss=0.7470 val_f1_macro=0.8239 val_f1_weighted=0.8560 val_prec_macro=0.8291 val_rec_macro=0.8215 val_metric_name=acc val_metric=0.8581
Step  950 | loss 0.0211 | val_acc=0.8581 val_loss=0.7532 val_f1_macro=0.8258 val_f1_weighted=0.8569 val_prec_macro=0.8270 val_rec_macro=0.8267 val_metric_name=acc val_metric=0.8581
Step 1000 | loss 0.0201 | val_acc=0.8583 val_loss=0.7826 val_f1_macro=0.8258 val_f1_weighted=0.8562 val_prec_macro=0.8303 val_rec_macro=0.8244 val_metric_name=acc val_metric=0.8583
Step 1050 | loss 0.0197 | val_acc=0.8607 val_loss=0.7778 val_f1_macro=0.8284 val_f1_weighted=0.8588 val_prec_macro=0.8309 val_rec_macro=0.8280 val_metric_name=acc val_metric=0.8607
Step 1100 | loss 0.0141 | val_acc=0.8593 val_loss=0.7928 val_f1_macro=0.8252 val_f1_weighted=0.8573 val_prec_macro=0.8286 val_rec_macro=0.8246 val_metric_name=acc val_metric=0.8593
Step 1150 | loss 0.0158 | val_acc=0.8577 val_loss=0.8025 val_f1_macro=0.8229 val_f1_weighted=0.8557 val_prec_macro=0.8269 val_rec_macro=0.8221 val_metric_name=acc val_metric=0.8577
Step 1200 | loss 0.0133 | val_acc=0.8584 val_loss=0.8102 val_f1_macro=0.8260 val_f1_weighted=0.8561 val_prec_macro=0.8310 val_rec_macro=0.8254 val_metric_name=acc val_metric=0.8584
Step 1250 | loss 0.0117 | val_acc=0.8597 val_loss=0.8210 val_f1_macro=0.8277 val_f1_weighted=0.8577 val_prec_macro=0.8316 val_rec_macro=0.8268 val_metric_name=acc val_metric=0.8597
Step 1300 | loss 0.0132 | val_acc=0.8590 val_loss=0.8277 val_f1_macro=0.8270 val_f1_weighted=0.8574 val_prec_macro=0.8287 val_rec_macro=0.8288 val_metric_name=acc val_metric=0.8590
Step 1350 | loss 0.0113 | val_acc=0.8611 val_loss=0.8247 val_f1_macro=0.8285 val_f1_weighted=0.8589 val_prec_macro=0.8326 val_rec_macro=0.8277 val_metric_name=acc val_metric=0.8611
Step 1400 | loss 0.0090 | val_acc=0.8602 val_loss=0.8393 val_f1_macro=0.8254 val_f1_weighted=0.8581 val_prec_macro=0.8334 val_rec_macro=0.8216 val_metric_name=acc val_metric=0.8602
Step 1450 | loss 0.0118 | val_acc=0.8600 val_loss=0.8499 val_f1_macro=0.8286 val_f1_weighted=0.8582 val_prec_macro=0.8314 val_rec_macro=0.8288 val_metric_name=acc val_metric=0.8600
Step 1500 | loss 0.0091 | val_acc=0.8613 val_loss=0.8464 val_f1_macro=0.8299 val_f1_weighted=0.8591 val_prec_macro=0.8324 val_rec_macro=0.8297 val_metric_name=acc val_metric=0.8613
Step 1550 | loss 0.0067 | val_acc=0.8593 val_loss=0.8527 val_f1_macro=0.8281 val_f1_weighted=0.8573 val_prec_macro=0.8298 val_rec_macro=0.8291 val_metric_name=acc val_metric=0.8593
Step 1600 | loss 0.0077 | val_acc=0.8607 val_loss=0.8591 val_f1_macro=0.8284 val_f1_weighted=0.8589 val_prec_macro=0.8337 val_rec_macro=0.8267 val_metric_name=acc val_metric=0.8607
Step 1650 | loss 0.0070 | val_acc=0.8609 val_loss=0.8623 val_f1_macro=0.8280 val_f1_weighted=0.8589 val_prec_macro=0.8322 val_rec_macro=0.8272 val_metric_name=acc val_metric=0.8609
Step 1700 | loss 0.0070 | val_acc=0.8611 val_loss=0.8709 val_f1_macro=0.8273 val_f1_weighted=0.8591 val_prec_macro=0.8338 val_rec_macro=0.8251 val_metric_name=acc val_metric=0.8611
Step 1750 | loss 0.0060 | val_acc=0.8643 val_loss=0.8592 val_f1_macro=0.8347 val_f1_weighted=0.8629 val_prec_macro=0.8378 val_rec_macro=0.8354 val_metric_name=acc val_metric=0.8643
Step 1800 | loss 0.0068 | val_acc=0.8630 val_loss=0.8756 val_f1_macro=0.8321 val_f1_weighted=0.8613 val_prec_macro=0.8361 val_rec_macro=0.8316 val_metric_name=acc val_metric=0.8630
Step 1850 | loss 0.0060 | val_acc=0.8614 val_loss=0.8685 val_f1_macro=0.8290 val_f1_weighted=0.8594 val_prec_macro=0.8356 val_rec_macro=0.8274 val_metric_name=acc val_metric=0.8614
Step 1900 | loss 0.0061 | val_acc=0.8632 val_loss=0.8837 val_f1_macro=0.8300 val_f1_weighted=0.8614 val_prec_macro=0.8376 val_rec_macro=0.8269 val_metric_name=acc val_metric=0.8632
Step 1950 | loss 0.0079 | val_acc=0.8634 val_loss=0.8878 val_f1_macro=0.8326 val_f1_weighted=0.8614 val_prec_macro=0.8384 val_rec_macro=0.8314 val_metric_name=acc val_metric=0.8634
Step 2000 | loss 0.0055 | val_acc=0.8597 val_loss=0.8891 val_f1_macro=0.8261 val_f1_weighted=0.8578 val_prec_macro=0.8348 val_rec_macro=0.8219 val_metric_name=acc val_metric=0.8597
Step 2050 | loss 0.0045 | val_acc=0.8616 val_loss=0.8897 val_f1_macro=0.8290 val_f1_weighted=0.8596 val_prec_macro=0.8368 val_rec_macro=0.8266 val_metric_name=acc val_metric=0.8616
Step 2100 | loss 0.0053 | val_acc=0.8613 val_loss=0.8942 val_f1_macro=0.8281 val_f1_weighted=0.8591 val_prec_macro=0.8347 val_rec_macro=0.8268 val_metric_name=acc val_metric=0.8613
Step 2150 | loss 0.0047 | val_acc=0.8628 val_loss=0.8802 val_f1_macro=0.8326 val_f1_weighted=0.8613 val_prec_macro=0.8365 val_rec_macro=0.8316 val_metric_name=acc val_metric=0.8628
Step 2200 | loss 0.0045 | val_acc=0.8644 val_loss=0.8915 val_f1_macro=0.8339 val_f1_weighted=0.8628 val_prec_macro=0.8399 val_rec_macro=0.8316 val_metric_name=acc val_metric=0.8644
Step 2250 | loss 0.0040 | val_acc=0.8643 val_loss=0.9026 val_f1_macro=0.8322 val_f1_weighted=0.8622 val_prec_macro=0.8356 val_rec_macro=0.8327 val_metric_name=acc val_metric=0.8643
Step 2300 | loss 0.0048 | val_acc=0.8665 val_loss=0.9013 val_f1_macro=0.8352 val_f1_weighted=0.8649 val_prec_macro=0.8412 val_rec_macro=0.8337 val_metric_name=acc val_metric=0.8665
Step 2350 | loss 0.0045 | val_acc=0.8655 val_loss=0.9003 val_f1_macro=0.8352 val_f1_weighted=0.8637 val_prec_macro=0.8420 val_rec_macro=0.8333 val_metric_name=acc val_metric=0.8655
Step 2400 | loss 0.0050 | val_acc=0.8623 val_loss=0.9050 val_f1_macro=0.8293 val_f1_weighted=0.8602 val_prec_macro=0.8369 val_rec_macro=0.8268 val_metric_name=acc val_metric=0.8623
Step 2450 | loss 0.0044 | val_acc=0.8664 val_loss=0.8921 val_f1_macro=0.8354 val_f1_weighted=0.8645 val_prec_macro=0.8417 val_rec_macro=0.8329 val_metric_name=acc val_metric=0.8664
Step 2500 | loss 0.0041 | val_acc=0.8653 val_loss=0.9145 val_f1_macro=0.8349 val_f1_weighted=0.8635 val_prec_macro=0.8389 val_rec_macro=0.8348 val_metric_name=acc val_metric=0.8653
Step 2550 | loss 0.0046 | val_acc=0.8630 val_loss=0.9263 val_f1_macro=0.8317 val_f1_weighted=0.8610 val_prec_macro=0.8429 val_rec_macro=0.8270 val_metric_name=acc val_metric=0.8630
Step 2600 | loss 0.0030 | val_acc=0.8625 val_loss=0.9381 val_f1_macro=0.8303 val_f1_weighted=0.8607 val_prec_macro=0.8363 val_rec_macro=0.8290 val_metric_name=acc val_metric=0.8625
Step 2650 | loss 0.0045 | val_acc=0.8648 val_loss=0.9471 val_f1_macro=0.8318 val_f1_weighted=0.8625 val_prec_macro=0.8400 val_rec_macro=0.8302 val_metric_name=acc val_metric=0.8648
Step 2700 | loss 0.0038 | val_acc=0.8644 val_loss=0.9417 val_f1_macro=0.8331 val_f1_weighted=0.8625 val_prec_macro=0.8427 val_rec_macro=0.8284 val_metric_name=acc val_metric=0.8644
Step 2750 | loss 0.0016 | val_acc=0.8653 val_loss=0.9479 val_f1_macro=0.8337 val_f1_weighted=0.8631 val_prec_macro=0.8399 val_rec_macro=0.8322 val_metric_name=acc val_metric=0.8653
Step 2800 | loss 0.0022 | val_acc=0.8646 val_loss=0.9480 val_f1_macro=0.8324 val_f1_weighted=0.8627 val_prec_macro=0.8361 val_rec_macro=0.8324 val_metric_name=acc val_metric=0.8646
Step 2850 | loss 0.0027 | val_acc=0.8643 val_loss=0.9547 val_f1_macro=0.8324 val_f1_weighted=0.8625 val_prec_macro=0.8388 val_rec_macro=0.8310 val_metric_name=acc val_metric=0.8643
Step 2900 | loss 0.0031 | val_acc=0.8657 val_loss=0.9506 val_f1_macro=0.8332 val_f1_weighted=0.8638 val_prec_macro=0.8435 val_rec_macro=0.8282 val_metric_name=acc val_metric=0.8657
Step 2950 | loss 0.0031 | val_acc=0.8653 val_loss=0.9447 val_f1_macro=0.8337 val_f1_weighted=0.8629 val_prec_macro=0.8402 val_rec_macro=0.8315 val_metric_name=acc val_metric=0.8653
Step 3000 | loss 0.0025 | val_acc=0.8653 val_loss=0.9619 val_f1_macro=0.8340 val_f1_weighted=0.8633 val_prec_macro=0.8383 val_rec_macro=0.8344 val_metric_name=acc val_metric=0.8653
Step 3050 | loss 0.0025 | val_acc=0.8662 val_loss=0.9485 val_f1_macro=0.8349 val_f1_weighted=0.8641 val_prec_macro=0.8385 val_rec_macro=0.8353 val_metric_name=acc val_metric=0.8662
Step 3100 | loss 0.0030 | val_acc=0.8641 val_loss=0.9684 val_f1_macro=0.8313 val_f1_weighted=0.8619 val_prec_macro=0.8385 val_rec_macro=0.8294 val_metric_name=acc val_metric=0.8641
Step 3150 | loss 0.0043 | val_acc=0.8671 val_loss=0.9438 val_f1_macro=0.8363 val_f1_weighted=0.8648 val_prec_macro=0.8444 val_rec_macro=0.8327 val_metric_name=acc val_metric=0.8671
Step 3200 | loss 0.0030 | val_acc=0.8669 val_loss=0.9507 val_f1_macro=0.8343 val_f1_weighted=0.8646 val_prec_macro=0.8427 val_rec_macro=0.8320 val_metric_name=acc val_metric=0.8669
Step 3250 | loss 0.0021 | val_acc=0.8660 val_loss=0.9623 val_f1_macro=0.8330 val_f1_weighted=0.8638 val_prec_macro=0.8399 val_rec_macro=0.8317 val_metric_name=acc val_metric=0.8660
Step 3300 | loss 0.0020 | val_acc=0.8664 val_loss=0.9734 val_f1_macro=0.8351 val_f1_weighted=0.8642 val_prec_macro=0.8402 val_rec_macro=0.8371 val_metric_name=acc val_metric=0.8664
Step 3350 | loss 0.0021 | val_acc=0.8676 val_loss=0.9727 val_f1_macro=0.8363 val_f1_weighted=0.8650 val_prec_macro=0.8435 val_rec_macro=0.8362 val_metric_name=acc val_metric=0.8676
Step 3400 | loss 0.0027 | val_acc=0.8658 val_loss=0.9924 val_f1_macro=0.8325 val_f1_weighted=0.8631 val_prec_macro=0.8428 val_rec_macro=0.8294 val_metric_name=acc val_metric=0.8658
Step 3450 | loss 0.0025 | val_acc=0.8653 val_loss=0.9804 val_f1_macro=0.8324 val_f1_weighted=0.8628 val_prec_macro=0.8396 val_rec_macro=0.8314 val_metric_name=acc val_metric=0.8653
Step 3500 | loss 0.0025 | val_acc=0.8685 val_loss=0.9791 val_f1_macro=0.8384 val_f1_weighted=0.8664 val_prec_macro=0.8450 val_rec_macro=0.8371 val_metric_name=acc val_metric=0.8685
Step 3550 | loss 0.0022 | val_acc=0.8669 val_loss=0.9713 val_f1_macro=0.8365 val_f1_weighted=0.8654 val_prec_macro=0.8434 val_rec_macro=0.8337 val_metric_name=acc val_metric=0.8669
Step 3600 | loss 0.0023 | val_acc=0.8681 val_loss=0.9662 val_f1_macro=0.8363 val_f1_weighted=0.8657 val_prec_macro=0.8418 val_rec_macro=0.8351 val_metric_name=acc val_metric=0.8681
Step 3650 | loss 0.0012 | val_acc=0.8685 val_loss=0.9787 val_f1_macro=0.8403 val_f1_weighted=0.8664 val_prec_macro=0.8441 val_rec_macro=0.8403 val_metric_name=acc val_metric=0.8685
Step 3700 | loss 0.0036 | val_acc=0.8667 val_loss=0.9827 val_f1_macro=0.8343 val_f1_weighted=0.8646 val_prec_macro=0.8400 val_rec_macro=0.8339 val_metric_name=acc val_metric=0.8667
Step 3750 | loss 0.0030 | val_acc=0.8653 val_loss=0.9941 val_f1_macro=0.8310 val_f1_weighted=0.8628 val_prec_macro=0.8378 val_rec_macro=0.8305 val_metric_name=acc val_metric=0.8653
Step 3800 | loss 0.0021 | val_acc=0.8671 val_loss=0.9777 val_f1_macro=0.8359 val_f1_weighted=0.8654 val_prec_macro=0.8428 val_rec_macro=0.8329 val_metric_name=acc val_metric=0.8671
Step 3850 | loss 0.0016 | val_acc=0.8697 val_loss=0.9907 val_f1_macro=0.8401 val_f1_weighted=0.8684 val_prec_macro=0.8481 val_rec_macro=0.8356 val_metric_name=acc val_metric=0.8697
Step 3900 | loss 0.0012 | val_acc=0.8690 val_loss=1.0056 val_f1_macro=0.8371 val_f1_weighted=0.8667 val_prec_macro=0.8400 val_rec_macro=0.8393 val_metric_name=acc val_metric=0.8690
Step 3950 | loss 0.0020 | val_acc=0.8676 val_loss=0.9983 val_f1_macro=0.8368 val_f1_weighted=0.8658 val_prec_macro=0.8408 val_rec_macro=0.8378 val_metric_name=acc val_metric=0.8676
Early stopping at step 3955

--- Final (best ckpt @ step 3490) ---
  train_acc=1.0000 train_loss=0.0000 train_f1_macro=1.0000 train_f1_weighted=1.0000 train_prec_macro=1.0000 train_rec_macro=1.0000 train_metric_name=acc train_metric=1.0000
  val_acc=0.8708 val_loss=0.9784 val_f1_macro=0.8404 val_f1_weighted=0.8684 val_prec_macro=0.8440 val_rec_macro=0.8413 val_metric_name=acc val_metric=0.8708
  test_acc=0.8710 test_loss=1.0035 test_f1_macro=0.8425 test_f1_weighted=0.8690 test_prec_macro=0.8407 test_rec_macro=0.8471 test_metric_name=acc test_metric=0.8710
  test_acc=0.8710

============================================================
Training roman-empire TAG 3L h=256 lr=1e-05 split=8
============================================================
Training for 5000 steps
Step    1 | loss 3.0417 | val_acc=0.0394 val_loss=3.0084 val_f1_macro=0.0202 val_f1_weighted=0.0229 val_prec_macro=0.0377 val_rec_macro=0.0689 val_metric_name=acc val_metric=0.0394
Step   50 | loss 2.4518 | val_acc=0.3654 val_loss=2.3097 val_f1_macro=0.1282 val_f1_weighted=0.2803 val_prec_macro=0.1195 val_rec_macro=0.1613 val_metric_name=acc val_metric=0.3654
Step  100 | loss 2.1092 | val_acc=0.4650 val_loss=1.8370 val_f1_macro=0.2037 val_f1_weighted=0.3850 val_prec_macro=0.2704 val_rec_macro=0.2338 val_metric_name=acc val_metric=0.4650
Step  150 | loss 1.8222 | val_acc=0.5336 val_loss=1.5583 val_f1_macro=0.2994 val_f1_weighted=0.4757 val_prec_macro=0.3883 val_rec_macro=0.3091 val_metric_name=acc val_metric=0.5336
Step  200 | loss 1.6144 | val_acc=0.5834 val_loss=1.3847 val_f1_macro=0.3656 val_f1_weighted=0.5343 val_prec_macro=0.4649 val_rec_macro=0.3716 val_metric_name=acc val_metric=0.5834
Step  250 | loss 1.4651 | val_acc=0.6132 val_loss=1.2579 val_f1_macro=0.4100 val_f1_weighted=0.5680 val_prec_macro=0.4883 val_rec_macro=0.4138 val_metric_name=acc val_metric=0.6132
Step  300 | loss 1.3596 | val_acc=0.6422 val_loss=1.1535 val_f1_macro=0.4617 val_f1_weighted=0.6021 val_prec_macro=0.5215 val_rec_macro=0.4642 val_metric_name=acc val_metric=0.6422
Step  350 | loss 1.2489 | val_acc=0.6673 val_loss=1.0676 val_f1_macro=0.5046 val_f1_weighted=0.6318 val_prec_macro=0.6189 val_rec_macro=0.5085 val_metric_name=acc val_metric=0.6673
Step  400 | loss 1.1727 | val_acc=0.6840 val_loss=0.9971 val_f1_macro=0.5314 val_f1_weighted=0.6519 val_prec_macro=0.6357 val_rec_macro=0.5356 val_metric_name=acc val_metric=0.6840
Step  450 | loss 1.0953 | val_acc=0.6967 val_loss=0.9379 val_f1_macro=0.5512 val_f1_weighted=0.6673 val_prec_macro=0.6330 val_rec_macro=0.5581 val_metric_name=acc val_metric=0.6967
Step  500 | loss 1.0299 | val_acc=0.7056 val_loss=0.8891 val_f1_macro=0.5673 val_f1_weighted=0.6790 val_prec_macro=0.6298 val_rec_macro=0.5731 val_metric_name=acc val_metric=0.7056
Step  550 | loss 0.9681 | val_acc=0.7167 val_loss=0.8475 val_f1_macro=0.5830 val_f1_weighted=0.6916 val_prec_macro=0.6629 val_rec_macro=0.5870 val_metric_name=acc val_metric=0.7167
Step  600 | loss 0.9264 | val_acc=0.7273 val_loss=0.8120 val_f1_macro=0.6006 val_f1_weighted=0.7048 val_prec_macro=0.6908 val_rec_macro=0.6030 val_metric_name=acc val_metric=0.7273
Step  650 | loss 0.8795 | val_acc=0.7354 val_loss=0.7823 val_f1_macro=0.6198 val_f1_weighted=0.7164 val_prec_macro=0.6978 val_rec_macro=0.6183 val_metric_name=acc val_metric=0.7354
Step  700 | loss 0.8391 | val_acc=0.7426 val_loss=0.7566 val_f1_macro=0.6335 val_f1_weighted=0.7254 val_prec_macro=0.7070 val_rec_macro=0.6320 val_metric_name=acc val_metric=0.7426
Step  750 | loss 0.8074 | val_acc=0.7515 val_loss=0.7334 val_f1_macro=0.6541 val_f1_weighted=0.7377 val_prec_macro=0.7224 val_rec_macro=0.6493 val_metric_name=acc val_metric=0.7515
Step  800 | loss 0.7730 | val_acc=0.7596 val_loss=0.7132 val_f1_macro=0.6716 val_f1_weighted=0.7485 val_prec_macro=0.7308 val_rec_macro=0.6642 val_metric_name=acc val_metric=0.7596
Step  850 | loss 0.7533 | val_acc=0.7647 val_loss=0.6956 val_f1_macro=0.6801 val_f1_weighted=0.7541 val_prec_macro=0.7260 val_rec_macro=0.6743 val_metric_name=acc val_metric=0.7647
Step  900 | loss 0.7149 | val_acc=0.7712 val_loss=0.6791 val_f1_macro=0.6950 val_f1_weighted=0.7630 val_prec_macro=0.7335 val_rec_macro=0.6895 val_metric_name=acc val_metric=0.7712
Step  950 | loss 0.6895 | val_acc=0.7767 val_loss=0.6659 val_f1_macro=0.7064 val_f1_weighted=0.7690 val_prec_macro=0.7410 val_rec_macro=0.7010 val_metric_name=acc val_metric=0.7767
Step 1000 | loss 0.6680 | val_acc=0.7829 val_loss=0.6523 val_f1_macro=0.7177 val_f1_weighted=0.7756 val_prec_macro=0.7477 val_rec_macro=0.7116 val_metric_name=acc val_metric=0.7829
Step 1050 | loss 0.6452 | val_acc=0.7864 val_loss=0.6398 val_f1_macro=0.7227 val_f1_weighted=0.7798 val_prec_macro=0.7512 val_rec_macro=0.7168 val_metric_name=acc val_metric=0.7864
Step 1100 | loss 0.6233 | val_acc=0.7910 val_loss=0.6280 val_f1_macro=0.7310 val_f1_weighted=0.7850 val_prec_macro=0.7559 val_rec_macro=0.7253 val_metric_name=acc val_metric=0.7910
Step 1150 | loss 0.6076 | val_acc=0.7924 val_loss=0.6187 val_f1_macro=0.7335 val_f1_weighted=0.7866 val_prec_macro=0.7555 val_rec_macro=0.7294 val_metric_name=acc val_metric=0.7924
Step 1200 | loss 0.5856 | val_acc=0.7965 val_loss=0.6102 val_f1_macro=0.7411 val_f1_weighted=0.7912 val_prec_macro=0.7635 val_rec_macro=0.7364 val_metric_name=acc val_metric=0.7965
Step 1250 | loss 0.5617 | val_acc=0.7996 val_loss=0.6001 val_f1_macro=0.7467 val_f1_weighted=0.7945 val_prec_macro=0.7653 val_rec_macro=0.7427 val_metric_name=acc val_metric=0.7996
Step 1300 | loss 0.5522 | val_acc=0.8009 val_loss=0.5924 val_f1_macro=0.7490 val_f1_weighted=0.7966 val_prec_macro=0.7639 val_rec_macro=0.7466 val_metric_name=acc val_metric=0.8009
Step 1350 | loss 0.5299 | val_acc=0.8037 val_loss=0.5865 val_f1_macro=0.7529 val_f1_weighted=0.7994 val_prec_macro=0.7672 val_rec_macro=0.7509 val_metric_name=acc val_metric=0.8037
Step 1400 | loss 0.5171 | val_acc=0.8067 val_loss=0.5783 val_f1_macro=0.7556 val_f1_weighted=0.8022 val_prec_macro=0.7684 val_rec_macro=0.7537 val_metric_name=acc val_metric=0.8067
Step 1450 | loss 0.5022 | val_acc=0.8088 val_loss=0.5731 val_f1_macro=0.7598 val_f1_weighted=0.8046 val_prec_macro=0.7736 val_rec_macro=0.7573 val_metric_name=acc val_metric=0.8088
Step 1500 | loss 0.4797 | val_acc=0.8085 val_loss=0.5659 val_f1_macro=0.7590 val_f1_weighted=0.8042 val_prec_macro=0.7698 val_rec_macro=0.7577 val_metric_name=acc val_metric=0.8085
Step 1550 | loss 0.4603 | val_acc=0.8108 val_loss=0.5611 val_f1_macro=0.7625 val_f1_weighted=0.8068 val_prec_macro=0.7736 val_rec_macro=0.7612 val_metric_name=acc val_metric=0.8108
Step 1600 | loss 0.4497 | val_acc=0.8129 val_loss=0.5542 val_f1_macro=0.7647 val_f1_weighted=0.8090 val_prec_macro=0.7749 val_rec_macro=0.7632 val_metric_name=acc val_metric=0.8129
Step 1650 | loss 0.4323 | val_acc=0.8147 val_loss=0.5510 val_f1_macro=0.7662 val_f1_weighted=0.8106 val_prec_macro=0.7759 val_rec_macro=0.7653 val_metric_name=acc val_metric=0.8147
Step 1700 | loss 0.4221 | val_acc=0.8162 val_loss=0.5473 val_f1_macro=0.7683 val_f1_weighted=0.8123 val_prec_macro=0.7803 val_rec_macro=0.7660 val_metric_name=acc val_metric=0.8162
Step 1750 | loss 0.4043 | val_acc=0.8201 val_loss=0.5427 val_f1_macro=0.7736 val_f1_weighted=0.8163 val_prec_macro=0.7852 val_rec_macro=0.7712 val_metric_name=acc val_metric=0.8201
Step 1800 | loss 0.3925 | val_acc=0.8221 val_loss=0.5377 val_f1_macro=0.7756 val_f1_weighted=0.8183 val_prec_macro=0.7867 val_rec_macro=0.7730 val_metric_name=acc val_metric=0.8221
Step 1850 | loss 0.3792 | val_acc=0.8242 val_loss=0.5363 val_f1_macro=0.7807 val_f1_weighted=0.8209 val_prec_macro=0.7913 val_rec_macro=0.7784 val_metric_name=acc val_metric=0.8242
Step 1900 | loss 0.3671 | val_acc=0.8259 val_loss=0.5349 val_f1_macro=0.7827 val_f1_weighted=0.8227 val_prec_macro=0.7934 val_rec_macro=0.7802 val_metric_name=acc val_metric=0.8259
Step 1950 | loss 0.3533 | val_acc=0.8289 val_loss=0.5311 val_f1_macro=0.7875 val_f1_weighted=0.8254 val_prec_macro=0.7967 val_rec_macro=0.7857 val_metric_name=acc val_metric=0.8289
Step 2000 | loss 0.3519 | val_acc=0.8298 val_loss=0.5292 val_f1_macro=0.7892 val_f1_weighted=0.8267 val_prec_macro=0.7973 val_rec_macro=0.7880 val_metric_name=acc val_metric=0.8298
Step 2050 | loss 0.3273 | val_acc=0.8305 val_loss=0.5307 val_f1_macro=0.7908 val_f1_weighted=0.8274 val_prec_macro=0.7987 val_rec_macro=0.7902 val_metric_name=acc val_metric=0.8305
Step 2100 | loss 0.3203 | val_acc=0.8342 val_loss=0.5275 val_f1_macro=0.7967 val_f1_weighted=0.8312 val_prec_macro=0.8038 val_rec_macro=0.7965 val_metric_name=acc val_metric=0.8342
Step 2150 | loss 0.3100 | val_acc=0.8327 val_loss=0.5273 val_f1_macro=0.7947 val_f1_weighted=0.8296 val_prec_macro=0.8014 val_rec_macro=0.7947 val_metric_name=acc val_metric=0.8327
Step 2200 | loss 0.3003 | val_acc=0.8360 val_loss=0.5262 val_f1_macro=0.7991 val_f1_weighted=0.8332 val_prec_macro=0.8045 val_rec_macro=0.7993 val_metric_name=acc val_metric=0.8360
Step 2250 | loss 0.2930 | val_acc=0.8358 val_loss=0.5279 val_f1_macro=0.7997 val_f1_weighted=0.8330 val_prec_macro=0.8049 val_rec_macro=0.8002 val_metric_name=acc val_metric=0.8358
Step 2300 | loss 0.2836 | val_acc=0.8365 val_loss=0.5268 val_f1_macro=0.8010 val_f1_weighted=0.8338 val_prec_macro=0.8067 val_rec_macro=0.8010 val_metric_name=acc val_metric=0.8365
Step 2350 | loss 0.2704 | val_acc=0.8381 val_loss=0.5280 val_f1_macro=0.8030 val_f1_weighted=0.8356 val_prec_macro=0.8077 val_rec_macro=0.8036 val_metric_name=acc val_metric=0.8381
Step 2400 | loss 0.2562 | val_acc=0.8402 val_loss=0.5273 val_f1_macro=0.8061 val_f1_weighted=0.8380 val_prec_macro=0.8108 val_rec_macro=0.8063 val_metric_name=acc val_metric=0.8402
Step 2450 | loss 0.2456 | val_acc=0.8395 val_loss=0.5287 val_f1_macro=0.8050 val_f1_weighted=0.8370 val_prec_macro=0.8105 val_rec_macro=0.8046 val_metric_name=acc val_metric=0.8395
Step 2500 | loss 0.2405 | val_acc=0.8413 val_loss=0.5294 val_f1_macro=0.8076 val_f1_weighted=0.8392 val_prec_macro=0.8121 val_rec_macro=0.8074 val_metric_name=acc val_metric=0.8413
Step 2550 | loss 0.2404 | val_acc=0.8415 val_loss=0.5312 val_f1_macro=0.8081 val_f1_weighted=0.8392 val_prec_macro=0.8125 val_rec_macro=0.8082 val_metric_name=acc val_metric=0.8415
Step 2600 | loss 0.2265 | val_acc=0.8420 val_loss=0.5335 val_f1_macro=0.8081 val_f1_weighted=0.8395 val_prec_macro=0.8137 val_rec_macro=0.8073 val_metric_name=acc val_metric=0.8420
Step 2650 | loss 0.2192 | val_acc=0.8417 val_loss=0.5368 val_f1_macro=0.8088 val_f1_weighted=0.8395 val_prec_macro=0.8142 val_rec_macro=0.8083 val_metric_name=acc val_metric=0.8417
Step 2700 | loss 0.2075 | val_acc=0.8417 val_loss=0.5396 val_f1_macro=0.8090 val_f1_weighted=0.8395 val_prec_macro=0.8154 val_rec_macro=0.8074 val_metric_name=acc val_metric=0.8417
Step 2750 | loss 0.2010 | val_acc=0.8425 val_loss=0.5412 val_f1_macro=0.8101 val_f1_weighted=0.8404 val_prec_macro=0.8156 val_rec_macro=0.8091 val_metric_name=acc val_metric=0.8425
Step 2800 | loss 0.1938 | val_acc=0.8440 val_loss=0.5433 val_f1_macro=0.8116 val_f1_weighted=0.8418 val_prec_macro=0.8178 val_rec_macro=0.8099 val_metric_name=acc val_metric=0.8440
Step 2850 | loss 0.1866 | val_acc=0.8418 val_loss=0.5465 val_f1_macro=0.8099 val_f1_weighted=0.8399 val_prec_macro=0.8149 val_rec_macro=0.8090 val_metric_name=acc val_metric=0.8418
Step 2900 | loss 0.1763 | val_acc=0.8445 val_loss=0.5480 val_f1_macro=0.8122 val_f1_weighted=0.8423 val_prec_macro=0.8173 val_rec_macro=0.8111 val_metric_name=acc val_metric=0.8445
Step 2950 | loss 0.1740 | val_acc=0.8441 val_loss=0.5541 val_f1_macro=0.8123 val_f1_weighted=0.8420 val_prec_macro=0.8165 val_rec_macro=0.8119 val_metric_name=acc val_metric=0.8441
Step 3000 | loss 0.1702 | val_acc=0.8459 val_loss=0.5555 val_f1_macro=0.8143 val_f1_weighted=0.8438 val_prec_macro=0.8195 val_rec_macro=0.8133 val_metric_name=acc val_metric=0.8459
Step 3050 | loss 0.1577 | val_acc=0.8466 val_loss=0.5601 val_f1_macro=0.8138 val_f1_weighted=0.8446 val_prec_macro=0.8182 val_rec_macro=0.8132 val_metric_name=acc val_metric=0.8466
Step 3100 | loss 0.1537 | val_acc=0.8471 val_loss=0.5629 val_f1_macro=0.8155 val_f1_weighted=0.8451 val_prec_macro=0.8205 val_rec_macro=0.8144 val_metric_name=acc val_metric=0.8471
Step 3150 | loss 0.1545 | val_acc=0.8455 val_loss=0.5648 val_f1_macro=0.8126 val_f1_weighted=0.8435 val_prec_macro=0.8184 val_rec_macro=0.8109 val_metric_name=acc val_metric=0.8455
Step 3200 | loss 0.1462 | val_acc=0.8466 val_loss=0.5693 val_f1_macro=0.8137 val_f1_weighted=0.8446 val_prec_macro=0.8196 val_rec_macro=0.8116 val_metric_name=acc val_metric=0.8466
Step 3250 | loss 0.1392 | val_acc=0.8459 val_loss=0.5722 val_f1_macro=0.8128 val_f1_weighted=0.8442 val_prec_macro=0.8179 val_rec_macro=0.8111 val_metric_name=acc val_metric=0.8459
Step 3300 | loss 0.1371 | val_acc=0.8475 val_loss=0.5768 val_f1_macro=0.8143 val_f1_weighted=0.8452 val_prec_macro=0.8190 val_rec_macro=0.8136 val_metric_name=acc val_metric=0.8475
Step 3350 | loss 0.1294 | val_acc=0.8473 val_loss=0.5818 val_f1_macro=0.8145 val_f1_weighted=0.8450 val_prec_macro=0.8195 val_rec_macro=0.8133 val_metric_name=acc val_metric=0.8473
Step 3400 | loss 0.1274 | val_acc=0.8482 val_loss=0.5843 val_f1_macro=0.8163 val_f1_weighted=0.8462 val_prec_macro=0.8214 val_rec_macro=0.8149 val_metric_name=acc val_metric=0.8482
Step 3450 | loss 0.1210 | val_acc=0.8470 val_loss=0.5876 val_f1_macro=0.8153 val_f1_weighted=0.8451 val_prec_macro=0.8198 val_rec_macro=0.8146 val_metric_name=acc val_metric=0.8470
Step 3500 | loss 0.1140 | val_acc=0.8480 val_loss=0.5910 val_f1_macro=0.8151 val_f1_weighted=0.8460 val_prec_macro=0.8200 val_rec_macro=0.8140 val_metric_name=acc val_metric=0.8480
Step 3550 | loss 0.1088 | val_acc=0.8475 val_loss=0.5953 val_f1_macro=0.8151 val_f1_weighted=0.8458 val_prec_macro=0.8190 val_rec_macro=0.8148 val_metric_name=acc val_metric=0.8475
Step 3600 | loss 0.1054 | val_acc=0.8489 val_loss=0.5970 val_f1_macro=0.8174 val_f1_weighted=0.8474 val_prec_macro=0.8217 val_rec_macro=0.8161 val_metric_name=acc val_metric=0.8489
Step 3650 | loss 0.1039 | val_acc=0.8491 val_loss=0.6014 val_f1_macro=0.8176 val_f1_weighted=0.8473 val_prec_macro=0.8219 val_rec_macro=0.8168 val_metric_name=acc val_metric=0.8491
Step 3700 | loss 0.1073 | val_acc=0.8485 val_loss=0.6082 val_f1_macro=0.8169 val_f1_weighted=0.8466 val_prec_macro=0.8214 val_rec_macro=0.8161 val_metric_name=acc val_metric=0.8485
Step 3750 | loss 0.1001 | val_acc=0.8492 val_loss=0.6094 val_f1_macro=0.8166 val_f1_weighted=0.8473 val_prec_macro=0.8221 val_rec_macro=0.8151 val_metric_name=acc val_metric=0.8492
Step 3800 | loss 0.0958 | val_acc=0.8512 val_loss=0.6135 val_f1_macro=0.8199 val_f1_weighted=0.8496 val_prec_macro=0.8231 val_rec_macro=0.8197 val_metric_name=acc val_metric=0.8512
Step 3850 | loss 0.0938 | val_acc=0.8496 val_loss=0.6161 val_f1_macro=0.8177 val_f1_weighted=0.8480 val_prec_macro=0.8208 val_rec_macro=0.8173 val_metric_name=acc val_metric=0.8496
Step 3900 | loss 0.0895 | val_acc=0.8508 val_loss=0.6213 val_f1_macro=0.8194 val_f1_weighted=0.8493 val_prec_macro=0.8238 val_rec_macro=0.8182 val_metric_name=acc val_metric=0.8508
Step 3950 | loss 0.0837 | val_acc=0.8492 val_loss=0.6265 val_f1_macro=0.8164 val_f1_weighted=0.8477 val_prec_macro=0.8205 val_rec_macro=0.8155 val_metric_name=acc val_metric=0.8492
Step 4000 | loss 0.0772 | val_acc=0.8514 val_loss=0.6263 val_f1_macro=0.8198 val_f1_weighted=0.8497 val_prec_macro=0.8224 val_rec_macro=0.8197 val_metric_name=acc val_metric=0.8514
Step 4050 | loss 0.0789 | val_acc=0.8500 val_loss=0.6322 val_f1_macro=0.8182 val_f1_weighted=0.8484 val_prec_macro=0.8207 val_rec_macro=0.8185 val_metric_name=acc val_metric=0.8500
Step 4100 | loss 0.0774 | val_acc=0.8505 val_loss=0.6377 val_f1_macro=0.8203 val_f1_weighted=0.8490 val_prec_macro=0.8237 val_rec_macro=0.8200 val_metric_name=acc val_metric=0.8505
Step 4150 | loss 0.0773 | val_acc=0.8510 val_loss=0.6390 val_f1_macro=0.8194 val_f1_weighted=0.8494 val_prec_macro=0.8232 val_rec_macro=0.8187 val_metric_name=acc val_metric=0.8510
Step 4200 | loss 0.0729 | val_acc=0.8526 val_loss=0.6396 val_f1_macro=0.8211 val_f1_weighted=0.8509 val_prec_macro=0.8243 val_rec_macro=0.8205 val_metric_name=acc val_metric=0.8526
Step 4250 | loss 0.0728 | val_acc=0.8533 val_loss=0.6439 val_f1_macro=0.8204 val_f1_weighted=0.8516 val_prec_macro=0.8251 val_rec_macro=0.8193 val_metric_name=acc val_metric=0.8533
Step 4300 | loss 0.0691 | val_acc=0.8496 val_loss=0.6539 val_f1_macro=0.8174 val_f1_weighted=0.8479 val_prec_macro=0.8210 val_rec_macro=0.8175 val_metric_name=acc val_metric=0.8496
Step 4350 | loss 0.0670 | val_acc=0.8517 val_loss=0.6510 val_f1_macro=0.8195 val_f1_weighted=0.8500 val_prec_macro=0.8236 val_rec_macro=0.8186 val_metric_name=acc val_metric=0.8517
Step 4400 | loss 0.0677 | val_acc=0.8521 val_loss=0.6572 val_f1_macro=0.8202 val_f1_weighted=0.8503 val_prec_macro=0.8243 val_rec_macro=0.8195 val_metric_name=acc val_metric=0.8521
Step 4450 | loss 0.0646 | val_acc=0.8515 val_loss=0.6611 val_f1_macro=0.8198 val_f1_weighted=0.8498 val_prec_macro=0.8249 val_rec_macro=0.8183 val_metric_name=acc val_metric=0.8515
Step 4500 | loss 0.0619 | val_acc=0.8515 val_loss=0.6631 val_f1_macro=0.8200 val_f1_weighted=0.8498 val_prec_macro=0.8239 val_rec_macro=0.8196 val_metric_name=acc val_metric=0.8515
Step 4550 | loss 0.0642 | val_acc=0.8514 val_loss=0.6667 val_f1_macro=0.8192 val_f1_weighted=0.8496 val_prec_macro=0.8226 val_rec_macro=0.8194 val_metric_name=acc val_metric=0.8514
Step 4600 | loss 0.0586 | val_acc=0.8530 val_loss=0.6690 val_f1_macro=0.8209 val_f1_weighted=0.8513 val_prec_macro=0.8241 val_rec_macro=0.8207 val_metric_name=acc val_metric=0.8530
Step 4650 | loss 0.0595 | val_acc=0.8524 val_loss=0.6722 val_f1_macro=0.8204 val_f1_weighted=0.8506 val_prec_macro=0.8244 val_rec_macro=0.8195 val_metric_name=acc val_metric=0.8524
Step 4700 | loss 0.0594 | val_acc=0.8542 val_loss=0.6746 val_f1_macro=0.8222 val_f1_weighted=0.8524 val_prec_macro=0.8252 val_rec_macro=0.8223 val_metric_name=acc val_metric=0.8542
Step 4750 | loss 0.0484 | val_acc=0.8553 val_loss=0.6756 val_f1_macro=0.8246 val_f1_weighted=0.8538 val_prec_macro=0.8280 val_rec_macro=0.8240 val_metric_name=acc val_metric=0.8553
Step 4800 | loss 0.0502 | val_acc=0.8540 val_loss=0.6802 val_f1_macro=0.8217 val_f1_weighted=0.8525 val_prec_macro=0.8255 val_rec_macro=0.8212 val_metric_name=acc val_metric=0.8540
Step 4850 | loss 0.0498 | val_acc=0.8547 val_loss=0.6835 val_f1_macro=0.8237 val_f1_weighted=0.8531 val_prec_macro=0.8271 val_rec_macro=0.8237 val_metric_name=acc val_metric=0.8547
Step 4900 | loss 0.0532 | val_acc=0.8538 val_loss=0.6855 val_f1_macro=0.8217 val_f1_weighted=0.8521 val_prec_macro=0.8249 val_rec_macro=0.8213 val_metric_name=acc val_metric=0.8538
Step 4950 | loss 0.0513 | val_acc=0.8544 val_loss=0.6891 val_f1_macro=0.8215 val_f1_weighted=0.8526 val_prec_macro=0.8250 val_rec_macro=0.8210 val_metric_name=acc val_metric=0.8544
Step 5000 | loss 0.0483 | val_acc=0.8556 val_loss=0.6908 val_f1_macro=0.8231 val_f1_weighted=0.8537 val_prec_macro=0.8265 val_rec_macro=0.8228 val_metric_name=acc val_metric=0.8556

--- Final (best ckpt @ step 5000) ---
  train_acc=0.9996 train_loss=0.0025 train_f1_macro=0.9997 train_f1_weighted=0.9996 train_prec_macro=0.9996 train_rec_macro=0.9997 train_metric_name=acc train_metric=0.9996
  val_acc=0.8556 val_loss=0.6908 val_f1_macro=0.8231 val_f1_weighted=0.8537 val_prec_macro=0.8265 val_rec_macro=0.8228 val_metric_name=acc val_metric=0.8556
  test_acc=0.8602 test_loss=0.7159 test_f1_macro=0.8298 test_f1_weighted=0.8582 test_prec_macro=0.8299 test_rec_macro=0.8331 test_metric_name=acc test_metric=0.8602
  test_acc=0.8602

============================================================
Training roman-empire TAG 3L h=384 lr=3e-05 split=8
============================================================
Training for 5000 steps
Step    1 | loss 3.0538 | val_acc=0.1183 val_loss=2.8169 val_f1_macro=0.0273 val_f1_weighted=0.0574 val_prec_macro=0.0419 val_rec_macro=0.0553 val_metric_name=acc val_metric=0.1183
Step   50 | loss 1.5907 | val_acc=0.5788 val_loss=1.3844 val_f1_macro=0.3409 val_f1_weighted=0.5274 val_prec_macro=0.4630 val_rec_macro=0.3513 val_metric_name=acc val_metric=0.5788
Step  100 | loss 1.1089 | val_acc=0.6930 val_loss=0.9662 val_f1_macro=0.5504 val_f1_weighted=0.6628 val_prec_macro=0.6313 val_rec_macro=0.5573 val_metric_name=acc val_metric=0.6930
Step  150 | loss 0.8657 | val_acc=0.7366 val_loss=0.7902 val_f1_macro=0.6339 val_f1_weighted=0.7200 val_prec_macro=0.6983 val_rec_macro=0.6332 val_metric_name=acc val_metric=0.7366
Step  200 | loss 0.7046 | val_acc=0.7658 val_loss=0.6991 val_f1_macro=0.6931 val_f1_weighted=0.7572 val_prec_macro=0.7171 val_rec_macro=0.6942 val_metric_name=acc val_metric=0.7658
Step  250 | loss 0.6109 | val_acc=0.7871 val_loss=0.6379 val_f1_macro=0.7261 val_f1_weighted=0.7814 val_prec_macro=0.7416 val_rec_macro=0.7271 val_metric_name=acc val_metric=0.7871
Step  300 | loss 0.5243 | val_acc=0.8014 val_loss=0.5991 val_f1_macro=0.7492 val_f1_weighted=0.7978 val_prec_macro=0.7600 val_rec_macro=0.7483 val_metric_name=acc val_metric=0.8014
Step  350 | loss 0.4622 | val_acc=0.8115 val_loss=0.5745 val_f1_macro=0.7634 val_f1_weighted=0.8080 val_prec_macro=0.7698 val_rec_macro=0.7639 val_metric_name=acc val_metric=0.8115
Step  400 | loss 0.3976 | val_acc=0.8231 val_loss=0.5567 val_f1_macro=0.7777 val_f1_weighted=0.8206 val_prec_macro=0.7808 val_rec_macro=0.7798 val_metric_name=acc val_metric=0.8231
Step  450 | loss 0.3446 | val_acc=0.8307 val_loss=0.5476 val_f1_macro=0.7900 val_f1_weighted=0.8282 val_prec_macro=0.7917 val_rec_macro=0.7929 val_metric_name=acc val_metric=0.8307
Step  500 | loss 0.3029 | val_acc=0.8328 val_loss=0.5431 val_f1_macro=0.7934 val_f1_weighted=0.8307 val_prec_macro=0.7963 val_rec_macro=0.7954 val_metric_name=acc val_metric=0.8328
Step  550 | loss 0.2648 | val_acc=0.8374 val_loss=0.5449 val_f1_macro=0.8009 val_f1_weighted=0.8361 val_prec_macro=0.8004 val_rec_macro=0.8043 val_metric_name=acc val_metric=0.8374
Step  600 | loss 0.2175 | val_acc=0.8399 val_loss=0.5543 val_f1_macro=0.8051 val_f1_weighted=0.8387 val_prec_macro=0.8047 val_rec_macro=0.8082 val_metric_name=acc val_metric=0.8399
Step  650 | loss 0.1772 | val_acc=0.8413 val_loss=0.5643 val_f1_macro=0.8065 val_f1_weighted=0.8402 val_prec_macro=0.8052 val_rec_macro=0.8105 val_metric_name=acc val_metric=0.8413
Step  700 | loss 0.1564 | val_acc=0.8440 val_loss=0.5723 val_f1_macro=0.8103 val_f1_weighted=0.8430 val_prec_macro=0.8087 val_rec_macro=0.8144 val_metric_name=acc val_metric=0.8440
Step  750 | loss 0.1363 | val_acc=0.8464 val_loss=0.5896 val_f1_macro=0.8132 val_f1_weighted=0.8451 val_prec_macro=0.8134 val_rec_macro=0.8163 val_metric_name=acc val_metric=0.8464
Step  800 | loss 0.1096 | val_acc=0.8494 val_loss=0.6027 val_f1_macro=0.8165 val_f1_weighted=0.8483 val_prec_macro=0.8167 val_rec_macro=0.8189 val_metric_name=acc val_metric=0.8494
Step  850 | loss 0.0967 | val_acc=0.8487 val_loss=0.6193 val_f1_macro=0.8167 val_f1_weighted=0.8478 val_prec_macro=0.8187 val_rec_macro=0.8170 val_metric_name=acc val_metric=0.8487
Step  900 | loss 0.0881 | val_acc=0.8507 val_loss=0.6337 val_f1_macro=0.8174 val_f1_weighted=0.8492 val_prec_macro=0.8193 val_rec_macro=0.8183 val_metric_name=acc val_metric=0.8507
Step  950 | loss 0.0692 | val_acc=0.8521 val_loss=0.6447 val_f1_macro=0.8208 val_f1_weighted=0.8511 val_prec_macro=0.8194 val_rec_macro=0.8248 val_metric_name=acc val_metric=0.8521
Step 1000 | loss 0.0632 | val_acc=0.8538 val_loss=0.6606 val_f1_macro=0.8223 val_f1_weighted=0.8530 val_prec_macro=0.8210 val_rec_macro=0.8256 val_metric_name=acc val_metric=0.8538
Step 1050 | loss 0.0552 | val_acc=0.8537 val_loss=0.6707 val_f1_macro=0.8223 val_f1_weighted=0.8529 val_prec_macro=0.8218 val_rec_macro=0.8249 val_metric_name=acc val_metric=0.8537
Step 1100 | loss 0.0464 | val_acc=0.8545 val_loss=0.6868 val_f1_macro=0.8224 val_f1_weighted=0.8534 val_prec_macro=0.8223 val_rec_macro=0.8247 val_metric_name=acc val_metric=0.8545
Step 1150 | loss 0.0402 | val_acc=0.8551 val_loss=0.6975 val_f1_macro=0.8253 val_f1_weighted=0.8539 val_prec_macro=0.8279 val_rec_macro=0.8250 val_metric_name=acc val_metric=0.8551
Step 1200 | loss 0.0376 | val_acc=0.8545 val_loss=0.7108 val_f1_macro=0.8226 val_f1_weighted=0.8536 val_prec_macro=0.8211 val_rec_macro=0.8265 val_metric_name=acc val_metric=0.8545
Step 1250 | loss 0.0365 | val_acc=0.8570 val_loss=0.7152 val_f1_macro=0.8266 val_f1_weighted=0.8559 val_prec_macro=0.8248 val_rec_macro=0.8300 val_metric_name=acc val_metric=0.8570
Step 1300 | loss 0.0302 | val_acc=0.8568 val_loss=0.7269 val_f1_macro=0.8267 val_f1_weighted=0.8560 val_prec_macro=0.8254 val_rec_macro=0.8295 val_metric_name=acc val_metric=0.8568
Step 1350 | loss 0.0306 | val_acc=0.8565 val_loss=0.7387 val_f1_macro=0.8249 val_f1_weighted=0.8554 val_prec_macro=0.8237 val_rec_macro=0.8284 val_metric_name=acc val_metric=0.8565
Step 1400 | loss 0.0259 | val_acc=0.8613 val_loss=0.7384 val_f1_macro=0.8302 val_f1_weighted=0.8600 val_prec_macro=0.8301 val_rec_macro=0.8323 val_metric_name=acc val_metric=0.8613
Step 1450 | loss 0.0233 | val_acc=0.8602 val_loss=0.7481 val_f1_macro=0.8298 val_f1_weighted=0.8589 val_prec_macro=0.8299 val_rec_macro=0.8316 val_metric_name=acc val_metric=0.8602
Step 1500 | loss 0.0204 | val_acc=0.8613 val_loss=0.7564 val_f1_macro=0.8313 val_f1_weighted=0.8599 val_prec_macro=0.8317 val_rec_macro=0.8334 val_metric_name=acc val_metric=0.8613
Step 1550 | loss 0.0194 | val_acc=0.8588 val_loss=0.7695 val_f1_macro=0.8278 val_f1_weighted=0.8577 val_prec_macro=0.8279 val_rec_macro=0.8300 val_metric_name=acc val_metric=0.8588
Step 1600 | loss 0.0221 | val_acc=0.8607 val_loss=0.7716 val_f1_macro=0.8292 val_f1_weighted=0.8593 val_prec_macro=0.8275 val_rec_macro=0.8330 val_metric_name=acc val_metric=0.8607
Step 1650 | loss 0.0197 | val_acc=0.8605 val_loss=0.7825 val_f1_macro=0.8310 val_f1_weighted=0.8593 val_prec_macro=0.8311 val_rec_macro=0.8332 val_metric_name=acc val_metric=0.8605
Step 1700 | loss 0.0170 | val_acc=0.8627 val_loss=0.7844 val_f1_macro=0.8327 val_f1_weighted=0.8616 val_prec_macro=0.8330 val_rec_macro=0.8345 val_metric_name=acc val_metric=0.8627
Step 1750 | loss 0.0162 | val_acc=0.8614 val_loss=0.7929 val_f1_macro=0.8315 val_f1_weighted=0.8603 val_prec_macro=0.8311 val_rec_macro=0.8337 val_metric_name=acc val_metric=0.8614
Step 1800 | loss 0.0138 | val_acc=0.8588 val_loss=0.8026 val_f1_macro=0.8284 val_f1_weighted=0.8571 val_prec_macro=0.8284 val_rec_macro=0.8310 val_metric_name=acc val_metric=0.8588
Step 1850 | loss 0.0162 | val_acc=0.8616 val_loss=0.8028 val_f1_macro=0.8308 val_f1_weighted=0.8603 val_prec_macro=0.8297 val_rec_macro=0.8341 val_metric_name=acc val_metric=0.8616
Step 1900 | loss 0.0126 | val_acc=0.8620 val_loss=0.8070 val_f1_macro=0.8319 val_f1_weighted=0.8605 val_prec_macro=0.8320 val_rec_macro=0.8335 val_metric_name=acc val_metric=0.8620
Step 1950 | loss 0.0110 | val_acc=0.8613 val_loss=0.8129 val_f1_macro=0.8315 val_f1_weighted=0.8599 val_prec_macro=0.8299 val_rec_macro=0.8351 val_metric_name=acc val_metric=0.8613
Step 2000 | loss 0.0113 | val_acc=0.8623 val_loss=0.8263 val_f1_macro=0.8324 val_f1_weighted=0.8613 val_prec_macro=0.8316 val_rec_macro=0.8349 val_metric_name=acc val_metric=0.8623
Step 2050 | loss 0.0117 | val_acc=0.8614 val_loss=0.8246 val_f1_macro=0.8314 val_f1_weighted=0.8602 val_prec_macro=0.8299 val_rec_macro=0.8350 val_metric_name=acc val_metric=0.8614
Step 2100 | loss 0.0102 | val_acc=0.8643 val_loss=0.8283 val_f1_macro=0.8342 val_f1_weighted=0.8628 val_prec_macro=0.8328 val_rec_macro=0.8375 val_metric_name=acc val_metric=0.8643
Step 2150 | loss 0.0115 | val_acc=0.8634 val_loss=0.8299 val_f1_macro=0.8334 val_f1_weighted=0.8622 val_prec_macro=0.8330 val_rec_macro=0.8359 val_metric_name=acc val_metric=0.8634
Step 2200 | loss 0.0091 | val_acc=0.8623 val_loss=0.8352 val_f1_macro=0.8340 val_f1_weighted=0.8613 val_prec_macro=0.8333 val_rec_macro=0.8362 val_metric_name=acc val_metric=0.8623
Step 2250 | loss 0.0091 | val_acc=0.8639 val_loss=0.8437 val_f1_macro=0.8332 val_f1_weighted=0.8624 val_prec_macro=0.8338 val_rec_macro=0.8343 val_metric_name=acc val_metric=0.8639
Step 2300 | loss 0.0076 | val_acc=0.8620 val_loss=0.8463 val_f1_macro=0.8320 val_f1_weighted=0.8606 val_prec_macro=0.8330 val_rec_macro=0.8330 val_metric_name=acc val_metric=0.8620
Step 2350 | loss 0.0076 | val_acc=0.8646 val_loss=0.8464 val_f1_macro=0.8348 val_f1_weighted=0.8634 val_prec_macro=0.8356 val_rec_macro=0.8357 val_metric_name=acc val_metric=0.8646
Step 2400 | loss 0.0086 | val_acc=0.8641 val_loss=0.8523 val_f1_macro=0.8359 val_f1_weighted=0.8626 val_prec_macro=0.8383 val_rec_macro=0.8355 val_metric_name=acc val_metric=0.8641
Step 2450 | loss 0.0074 | val_acc=0.8630 val_loss=0.8634 val_f1_macro=0.8348 val_f1_weighted=0.8617 val_prec_macro=0.8369 val_rec_macro=0.8343 val_metric_name=acc val_metric=0.8630
Step 2500 | loss 0.0069 | val_acc=0.8628 val_loss=0.8672 val_f1_macro=0.8335 val_f1_weighted=0.8616 val_prec_macro=0.8325 val_rec_macro=0.8360 val_metric_name=acc val_metric=0.8628
Step 2550 | loss 0.0066 | val_acc=0.8653 val_loss=0.8680 val_f1_macro=0.8362 val_f1_weighted=0.8641 val_prec_macro=0.8359 val_rec_macro=0.8382 val_metric_name=acc val_metric=0.8653
Step 2600 | loss 0.0074 | val_acc=0.8641 val_loss=0.8760 val_f1_macro=0.8342 val_f1_weighted=0.8626 val_prec_macro=0.8340 val_rec_macro=0.8363 val_metric_name=acc val_metric=0.8641
Step 2650 | loss 0.0070 | val_acc=0.8637 val_loss=0.8829 val_f1_macro=0.8345 val_f1_weighted=0.8626 val_prec_macro=0.8354 val_rec_macro=0.8350 val_metric_name=acc val_metric=0.8637
Step 2700 | loss 0.0066 | val_acc=0.8648 val_loss=0.8807 val_f1_macro=0.8359 val_f1_weighted=0.8637 val_prec_macro=0.8359 val_rec_macro=0.8375 val_metric_name=acc val_metric=0.8648
Step 2750 | loss 0.0049 | val_acc=0.8643 val_loss=0.8919 val_f1_macro=0.8353 val_f1_weighted=0.8628 val_prec_macro=0.8360 val_rec_macro=0.8372 val_metric_name=acc val_metric=0.8643
Step 2800 | loss 0.0055 | val_acc=0.8646 val_loss=0.8856 val_f1_macro=0.8360 val_f1_weighted=0.8632 val_prec_macro=0.8380 val_rec_macro=0.8355 val_metric_name=acc val_metric=0.8646
Step 2850 | loss 0.0061 | val_acc=0.8644 val_loss=0.8864 val_f1_macro=0.8357 val_f1_weighted=0.8636 val_prec_macro=0.8362 val_rec_macro=0.8365 val_metric_name=acc val_metric=0.8644
Step 2900 | loss 0.0049 | val_acc=0.8646 val_loss=0.8973 val_f1_macro=0.8345 val_f1_weighted=0.8633 val_prec_macro=0.8348 val_rec_macro=0.8361 val_metric_name=acc val_metric=0.8646
Step 2950 | loss 0.0053 | val_acc=0.8648 val_loss=0.9067 val_f1_macro=0.8358 val_f1_weighted=0.8636 val_prec_macro=0.8384 val_rec_macro=0.8351 val_metric_name=acc val_metric=0.8648
Step 3000 | loss 0.0047 | val_acc=0.8644 val_loss=0.9039 val_f1_macro=0.8346 val_f1_weighted=0.8632 val_prec_macro=0.8354 val_rec_macro=0.8353 val_metric_name=acc val_metric=0.8644
Step 3050 | loss 0.0047 | val_acc=0.8646 val_loss=0.9086 val_f1_macro=0.8358 val_f1_weighted=0.8634 val_prec_macro=0.8361 val_rec_macro=0.8373 val_metric_name=acc val_metric=0.8646
Step 3100 | loss 0.0046 | val_acc=0.8653 val_loss=0.9080 val_f1_macro=0.8358 val_f1_weighted=0.8639 val_prec_macro=0.8357 val_rec_macro=0.8375 val_metric_name=acc val_metric=0.8653
Step 3150 | loss 0.0039 | val_acc=0.8658 val_loss=0.9184 val_f1_macro=0.8361 val_f1_weighted=0.8643 val_prec_macro=0.8369 val_rec_macro=0.8374 val_metric_name=acc val_metric=0.8658
Step 3200 | loss 0.0046 | val_acc=0.8667 val_loss=0.9155 val_f1_macro=0.8370 val_f1_weighted=0.8654 val_prec_macro=0.8392 val_rec_macro=0.8367 val_metric_name=acc val_metric=0.8667
Step 3250 | loss 0.0042 | val_acc=0.8673 val_loss=0.9176 val_f1_macro=0.8390 val_f1_weighted=0.8661 val_prec_macro=0.8394 val_rec_macro=0.8399 val_metric_name=acc val_metric=0.8673
Step 3300 | loss 0.0035 | val_acc=0.8664 val_loss=0.9168 val_f1_macro=0.8386 val_f1_weighted=0.8653 val_prec_macro=0.8376 val_rec_macro=0.8409 val_metric_name=acc val_metric=0.8664
Step 3350 | loss 0.0037 | val_acc=0.8669 val_loss=0.9206 val_f1_macro=0.8391 val_f1_weighted=0.8657 val_prec_macro=0.8400 val_rec_macro=0.8398 val_metric_name=acc val_metric=0.8669
Step 3400 | loss 0.0039 | val_acc=0.8651 val_loss=0.9290 val_f1_macro=0.8363 val_f1_weighted=0.8639 val_prec_macro=0.8364 val_rec_macro=0.8374 val_metric_name=acc val_metric=0.8651
Step 3450 | loss 0.0042 | val_acc=0.8673 val_loss=0.9333 val_f1_macro=0.8387 val_f1_weighted=0.8659 val_prec_macro=0.8394 val_rec_macro=0.8398 val_metric_name=acc val_metric=0.8673
Step 3500 | loss 0.0031 | val_acc=0.8643 val_loss=0.9367 val_f1_macro=0.8354 val_f1_weighted=0.8631 val_prec_macro=0.8367 val_rec_macro=0.8355 val_metric_name=acc val_metric=0.8643
Step 3550 | loss 0.0025 | val_acc=0.8681 val_loss=0.9355 val_f1_macro=0.8384 val_f1_weighted=0.8667 val_prec_macro=0.8398 val_rec_macro=0.8391 val_metric_name=acc val_metric=0.8681
Step 3600 | loss 0.0039 | val_acc=0.8680 val_loss=0.9310 val_f1_macro=0.8404 val_f1_weighted=0.8667 val_prec_macro=0.8409 val_rec_macro=0.8414 val_metric_name=acc val_metric=0.8680
Step 3650 | loss 0.0029 | val_acc=0.8674 val_loss=0.9391 val_f1_macro=0.8369 val_f1_weighted=0.8658 val_prec_macro=0.8390 val_rec_macro=0.8367 val_metric_name=acc val_metric=0.8674
Step 3700 | loss 0.0032 | val_acc=0.8681 val_loss=0.9440 val_f1_macro=0.8412 val_f1_weighted=0.8668 val_prec_macro=0.8423 val_rec_macro=0.8414 val_metric_name=acc val_metric=0.8681
Step 3750 | loss 0.0030 | val_acc=0.8680 val_loss=0.9375 val_f1_macro=0.8393 val_f1_weighted=0.8664 val_prec_macro=0.8405 val_rec_macro=0.8399 val_metric_name=acc val_metric=0.8680
Step 3800 | loss 0.0018 | val_acc=0.8662 val_loss=0.9410 val_f1_macro=0.8378 val_f1_weighted=0.8645 val_prec_macro=0.8393 val_rec_macro=0.8377 val_metric_name=acc val_metric=0.8662
Step 3850 | loss 0.0018 | val_acc=0.8669 val_loss=0.9373 val_f1_macro=0.8384 val_f1_weighted=0.8654 val_prec_macro=0.8397 val_rec_macro=0.8388 val_metric_name=acc val_metric=0.8669
Step 3900 | loss 0.0028 | val_acc=0.8685 val_loss=0.9459 val_f1_macro=0.8393 val_f1_weighted=0.8670 val_prec_macro=0.8387 val_rec_macro=0.8422 val_metric_name=acc val_metric=0.8685
Step 3950 | loss 0.0035 | val_acc=0.8664 val_loss=0.9577 val_f1_macro=0.8376 val_f1_weighted=0.8652 val_prec_macro=0.8356 val_rec_macro=0.8415 val_metric_name=acc val_metric=0.8664
Step 4000 | loss 0.0026 | val_acc=0.8667 val_loss=0.9527 val_f1_macro=0.8383 val_f1_weighted=0.8658 val_prec_macro=0.8404 val_rec_macro=0.8377 val_metric_name=acc val_metric=0.8667
Step 4050 | loss 0.0036 | val_acc=0.8680 val_loss=0.9660 val_f1_macro=0.8404 val_f1_weighted=0.8664 val_prec_macro=0.8425 val_rec_macro=0.8406 val_metric_name=acc val_metric=0.8680
Step 4100 | loss 0.0032 | val_acc=0.8708 val_loss=0.9565 val_f1_macro=0.8431 val_f1_weighted=0.8691 val_prec_macro=0.8457 val_rec_macro=0.8419 val_metric_name=acc val_metric=0.8708
Step 4150 | loss 0.0025 | val_acc=0.8703 val_loss=0.9501 val_f1_macro=0.8442 val_f1_weighted=0.8689 val_prec_macro=0.8462 val_rec_macro=0.8438 val_metric_name=acc val_metric=0.8703
Step 4200 | loss 0.0028 | val_acc=0.8688 val_loss=0.9565 val_f1_macro=0.8416 val_f1_weighted=0.8676 val_prec_macro=0.8434 val_rec_macro=0.8410 val_metric_name=acc val_metric=0.8688
Step 4250 | loss 0.0025 | val_acc=0.8692 val_loss=0.9626 val_f1_macro=0.8418 val_f1_weighted=0.8676 val_prec_macro=0.8453 val_rec_macro=0.8403 val_metric_name=acc val_metric=0.8692
Step 4300 | loss 0.0016 | val_acc=0.8699 val_loss=0.9610 val_f1_macro=0.8410 val_f1_weighted=0.8683 val_prec_macro=0.8418 val_rec_macro=0.8421 val_metric_name=acc val_metric=0.8699
Step 4350 | loss 0.0027 | val_acc=0.8681 val_loss=0.9747 val_f1_macro=0.8415 val_f1_weighted=0.8671 val_prec_macro=0.8435 val_rec_macro=0.8408 val_metric_name=acc val_metric=0.8681
Step 4400 | loss 0.0024 | val_acc=0.8674 val_loss=0.9673 val_f1_macro=0.8390 val_f1_weighted=0.8659 val_prec_macro=0.8418 val_rec_macro=0.8379 val_metric_name=acc val_metric=0.8674
Step 4450 | loss 0.0019 | val_acc=0.8708 val_loss=0.9625 val_f1_macro=0.8442 val_f1_weighted=0.8696 val_prec_macro=0.8443 val_rec_macro=0.8447 val_metric_name=acc val_metric=0.8708
Step 4500 | loss 0.0028 | val_acc=0.8701 val_loss=0.9690 val_f1_macro=0.8429 val_f1_weighted=0.8690 val_prec_macro=0.8416 val_rec_macro=0.8455 val_metric_name=acc val_metric=0.8701
Step 4550 | loss 0.0012 | val_acc=0.8683 val_loss=0.9709 val_f1_macro=0.8409 val_f1_weighted=0.8673 val_prec_macro=0.8416 val_rec_macro=0.8416 val_metric_name=acc val_metric=0.8683
Step 4600 | loss 0.0029 | val_acc=0.8681 val_loss=0.9850 val_f1_macro=0.8389 val_f1_weighted=0.8665 val_prec_macro=0.8402 val_rec_macro=0.8396 val_metric_name=acc val_metric=0.8681
Step 4650 | loss 0.0024 | val_acc=0.8695 val_loss=0.9737 val_f1_macro=0.8413 val_f1_weighted=0.8685 val_prec_macro=0.8408 val_rec_macro=0.8431 val_metric_name=acc val_metric=0.8695
Step 4700 | loss 0.0023 | val_acc=0.8708 val_loss=0.9674 val_f1_macro=0.8423 val_f1_weighted=0.8693 val_prec_macro=0.8443 val_rec_macro=0.8418 val_metric_name=acc val_metric=0.8708
Step 4750 | loss 0.0019 | val_acc=0.8699 val_loss=0.9713 val_f1_macro=0.8435 val_f1_weighted=0.8688 val_prec_macro=0.8460 val_rec_macro=0.8420 val_metric_name=acc val_metric=0.8699
Step 4800 | loss 0.0014 | val_acc=0.8674 val_loss=0.9926 val_f1_macro=0.8390 val_f1_weighted=0.8662 val_prec_macro=0.8416 val_rec_macro=0.8382 val_metric_name=acc val_metric=0.8674
Step 4850 | loss 0.0023 | val_acc=0.8697 val_loss=0.9821 val_f1_macro=0.8427 val_f1_weighted=0.8683 val_prec_macro=0.8450 val_rec_macro=0.8423 val_metric_name=acc val_metric=0.8697
Step 4900 | loss 0.0021 | val_acc=0.8699 val_loss=0.9841 val_f1_macro=0.8423 val_f1_weighted=0.8683 val_prec_macro=0.8458 val_rec_macro=0.8405 val_metric_name=acc val_metric=0.8699
Step 4950 | loss 0.0016 | val_acc=0.8703 val_loss=0.9848 val_f1_macro=0.8420 val_f1_weighted=0.8685 val_prec_macro=0.8477 val_rec_macro=0.8387 val_metric_name=acc val_metric=0.8703
Step 5000 | loss 0.0014 | val_acc=0.8706 val_loss=0.9959 val_f1_macro=0.8423 val_f1_weighted=0.8686 val_prec_macro=0.8469 val_rec_macro=0.8404 val_metric_name=acc val_metric=0.8706

--- Final (best ckpt @ step 4680) ---
  train_acc=1.0000 train_loss=0.0000 train_f1_macro=1.0000 train_f1_weighted=1.0000 train_prec_macro=1.0000 train_rec_macro=1.0000 train_metric_name=acc train_metric=1.0000
  val_acc=0.8724 val_loss=0.9673 val_f1_macro=0.8469 val_f1_weighted=0.8713 val_prec_macro=0.8485 val_rec_macro=0.8465 val_metric_name=acc val_metric=0.8724
  test_acc=0.8655 test_loss=1.0328 test_f1_macro=0.8361 test_f1_weighted=0.8643 test_prec_macro=0.8349 test_rec_macro=0.8384 test_metric_name=acc test_metric=0.8655
  test_acc=0.8655

============================================================
Training roman-empire TAG 3L h=384 lr=6e-05 split=8
============================================================
Training for 5000 steps
Step    1 | loss 3.0538 | val_acc=0.1447 val_loss=2.7001 val_f1_macro=0.0221 val_f1_weighted=0.0541 val_prec_macro=0.0362 val_rec_macro=0.0580 val_metric_name=acc val_metric=0.1447
Step   50 | loss 1.2118 | val_acc=0.6683 val_loss=1.0608 val_f1_macro=0.5064 val_f1_weighted=0.6333 val_prec_macro=0.6187 val_rec_macro=0.5125 val_metric_name=acc val_metric=0.6683
Step  100 | loss 0.7844 | val_acc=0.7500 val_loss=0.7439 val_f1_macro=0.6639 val_f1_weighted=0.7375 val_prec_macro=0.7014 val_rec_macro=0.6604 val_metric_name=acc val_metric=0.7500
Step  150 | loss 0.5837 | val_acc=0.7919 val_loss=0.6291 val_f1_macro=0.7341 val_f1_weighted=0.7875 val_prec_macro=0.7499 val_rec_macro=0.7337 val_metric_name=acc val_metric=0.7919
Step  200 | loss 0.4405 | val_acc=0.8108 val_loss=0.5769 val_f1_macro=0.7595 val_f1_weighted=0.8067 val_prec_macro=0.7648 val_rec_macro=0.7618 val_metric_name=acc val_metric=0.8108
Step  250 | loss 0.3467 | val_acc=0.8311 val_loss=0.5428 val_f1_macro=0.7909 val_f1_weighted=0.8288 val_prec_macro=0.7905 val_rec_macro=0.7940 val_metric_name=acc val_metric=0.8311
Step  300 | loss 0.2627 | val_acc=0.8369 val_loss=0.5424 val_f1_macro=0.7991 val_f1_weighted=0.8353 val_prec_macro=0.7995 val_rec_macro=0.8017 val_metric_name=acc val_metric=0.8369
Step  350 | loss 0.1969 | val_acc=0.8417 val_loss=0.5567 val_f1_macro=0.8056 val_f1_weighted=0.8402 val_prec_macro=0.8074 val_rec_macro=0.8069 val_metric_name=acc val_metric=0.8417
Step  400 | loss 0.1469 | val_acc=0.8445 val_loss=0.5835 val_f1_macro=0.8085 val_f1_weighted=0.8427 val_prec_macro=0.8067 val_rec_macro=0.8140 val_metric_name=acc val_metric=0.8445
Step  450 | loss 0.1066 | val_acc=0.8484 val_loss=0.6051 val_f1_macro=0.8151 val_f1_weighted=0.8475 val_prec_macro=0.8134 val_rec_macro=0.8185 val_metric_name=acc val_metric=0.8484
Step  500 | loss 0.0867 | val_acc=0.8510 val_loss=0.6368 val_f1_macro=0.8186 val_f1_weighted=0.8500 val_prec_macro=0.8192 val_rec_macro=0.8203 val_metric_name=acc val_metric=0.8510
Step  550 | loss 0.0680 | val_acc=0.8540 val_loss=0.6599 val_f1_macro=0.8227 val_f1_weighted=0.8534 val_prec_macro=0.8229 val_rec_macro=0.8251 val_metric_name=acc val_metric=0.8540
Step  600 | loss 0.0516 | val_acc=0.8551 val_loss=0.6827 val_f1_macro=0.8239 val_f1_weighted=0.8544 val_prec_macro=0.8225 val_rec_macro=0.8271 val_metric_name=acc val_metric=0.8551
Step  650 | loss 0.0371 | val_acc=0.8556 val_loss=0.6983 val_f1_macro=0.8237 val_f1_weighted=0.8542 val_prec_macro=0.8259 val_rec_macro=0.8238 val_metric_name=acc val_metric=0.8556
Step  700 | loss 0.0354 | val_acc=0.8549 val_loss=0.7184 val_f1_macro=0.8236 val_f1_weighted=0.8537 val_prec_macro=0.8249 val_rec_macro=0.8243 val_metric_name=acc val_metric=0.8549
Step  750 | loss 0.0291 | val_acc=0.8537 val_loss=0.7463 val_f1_macro=0.8196 val_f1_weighted=0.8525 val_prec_macro=0.8183 val_rec_macro=0.8230 val_metric_name=acc val_metric=0.8537
Step  800 | loss 0.0234 | val_acc=0.8567 val_loss=0.7559 val_f1_macro=0.8242 val_f1_weighted=0.8553 val_prec_macro=0.8246 val_rec_macro=0.8257 val_metric_name=acc val_metric=0.8567
Step  850 | loss 0.0208 | val_acc=0.8567 val_loss=0.7719 val_f1_macro=0.8249 val_f1_weighted=0.8556 val_prec_macro=0.8259 val_rec_macro=0.8258 val_metric_name=acc val_metric=0.8567
Step  900 | loss 0.0209 | val_acc=0.8613 val_loss=0.7779 val_f1_macro=0.8296 val_f1_weighted=0.8599 val_prec_macro=0.8309 val_rec_macro=0.8305 val_metric_name=acc val_metric=0.8613
Step  950 | loss 0.0156 | val_acc=0.8609 val_loss=0.7865 val_f1_macro=0.8293 val_f1_weighted=0.8595 val_prec_macro=0.8309 val_rec_macro=0.8301 val_metric_name=acc val_metric=0.8609
Step 1000 | loss 0.0134 | val_acc=0.8590 val_loss=0.7955 val_f1_macro=0.8274 val_f1_weighted=0.8580 val_prec_macro=0.8279 val_rec_macro=0.8287 val_metric_name=acc val_metric=0.8590
Step 1050 | loss 0.0137 | val_acc=0.8600 val_loss=0.8057 val_f1_macro=0.8287 val_f1_weighted=0.8590 val_prec_macro=0.8276 val_rec_macro=0.8316 val_metric_name=acc val_metric=0.8600
Step 1100 | loss 0.0105 | val_acc=0.8607 val_loss=0.8167 val_f1_macro=0.8283 val_f1_weighted=0.8598 val_prec_macro=0.8282 val_rec_macro=0.8299 val_metric_name=acc val_metric=0.8607
Step 1150 | loss 0.0083 | val_acc=0.8613 val_loss=0.8218 val_f1_macro=0.8301 val_f1_weighted=0.8599 val_prec_macro=0.8333 val_rec_macro=0.8291 val_metric_name=acc val_metric=0.8613
Step 1200 | loss 0.0093 | val_acc=0.8605 val_loss=0.8356 val_f1_macro=0.8300 val_f1_weighted=0.8591 val_prec_macro=0.8296 val_rec_macro=0.8325 val_metric_name=acc val_metric=0.8605
Step 1250 | loss 0.0090 | val_acc=0.8616 val_loss=0.8318 val_f1_macro=0.8307 val_f1_weighted=0.8605 val_prec_macro=0.8287 val_rec_macro=0.8342 val_metric_name=acc val_metric=0.8616
Step 1300 | loss 0.0072 | val_acc=0.8634 val_loss=0.8444 val_f1_macro=0.8341 val_f1_weighted=0.8623 val_prec_macro=0.8319 val_rec_macro=0.8375 val_metric_name=acc val_metric=0.8634
Step 1350 | loss 0.0087 | val_acc=0.8625 val_loss=0.8547 val_f1_macro=0.8316 val_f1_weighted=0.8614 val_prec_macro=0.8299 val_rec_macro=0.8352 val_metric_name=acc val_metric=0.8625
Step 1400 | loss 0.0064 | val_acc=0.8641 val_loss=0.8513 val_f1_macro=0.8343 val_f1_weighted=0.8628 val_prec_macro=0.8342 val_rec_macro=0.8360 val_metric_name=acc val_metric=0.8641
Step 1450 | loss 0.0064 | val_acc=0.8650 val_loss=0.8670 val_f1_macro=0.8353 val_f1_weighted=0.8638 val_prec_macro=0.8347 val_rec_macro=0.8372 val_metric_name=acc val_metric=0.8650
Step 1500 | loss 0.0054 | val_acc=0.8651 val_loss=0.8632 val_f1_macro=0.8362 val_f1_weighted=0.8642 val_prec_macro=0.8353 val_rec_macro=0.8384 val_metric_name=acc val_metric=0.8651
Step 1550 | loss 0.0056 | val_acc=0.8639 val_loss=0.8731 val_f1_macro=0.8317 val_f1_weighted=0.8623 val_prec_macro=0.8324 val_rec_macro=0.8328 val_metric_name=acc val_metric=0.8639
Step 1600 | loss 0.0063 | val_acc=0.8650 val_loss=0.8756 val_f1_macro=0.8347 val_f1_weighted=0.8634 val_prec_macro=0.8346 val_rec_macro=0.8370 val_metric_name=acc val_metric=0.8650
Step 1650 | loss 0.0059 | val_acc=0.8651 val_loss=0.8873 val_f1_macro=0.8353 val_f1_weighted=0.8637 val_prec_macro=0.8379 val_rec_macro=0.8347 val_metric_name=acc val_metric=0.8651
Step 1700 | loss 0.0050 | val_acc=0.8646 val_loss=0.8891 val_f1_macro=0.8355 val_f1_weighted=0.8633 val_prec_macro=0.8381 val_rec_macro=0.8348 val_metric_name=acc val_metric=0.8646
Step 1750 | loss 0.0049 | val_acc=0.8650 val_loss=0.8959 val_f1_macro=0.8363 val_f1_weighted=0.8637 val_prec_macro=0.8371 val_rec_macro=0.8370 val_metric_name=acc val_metric=0.8650
Step 1800 | loss 0.0045 | val_acc=0.8648 val_loss=0.9001 val_f1_macro=0.8363 val_f1_weighted=0.8632 val_prec_macro=0.8376 val_rec_macro=0.8365 val_metric_name=acc val_metric=0.8648
Step 1850 | loss 0.0048 | val_acc=0.8637 val_loss=0.8989 val_f1_macro=0.8349 val_f1_weighted=0.8626 val_prec_macro=0.8329 val_rec_macro=0.8388 val_metric_name=acc val_metric=0.8637
Step 1900 | loss 0.0032 | val_acc=0.8655 val_loss=0.9037 val_f1_macro=0.8352 val_f1_weighted=0.8639 val_prec_macro=0.8344 val_rec_macro=0.8376 val_metric_name=acc val_metric=0.8655
Step 1950 | loss 0.0033 | val_acc=0.8658 val_loss=0.9086 val_f1_macro=0.8357 val_f1_weighted=0.8645 val_prec_macro=0.8341 val_rec_macro=0.8386 val_metric_name=acc val_metric=0.8658
Step 2000 | loss 0.0035 | val_acc=0.8632 val_loss=0.9239 val_f1_macro=0.8347 val_f1_weighted=0.8624 val_prec_macro=0.8349 val_rec_macro=0.8357 val_metric_name=acc val_metric=0.8632
Step 2050 | loss 0.0033 | val_acc=0.8667 val_loss=0.9266 val_f1_macro=0.8362 val_f1_weighted=0.8655 val_prec_macro=0.8358 val_rec_macro=0.8384 val_metric_name=acc val_metric=0.8667
Step 2100 | loss 0.0032 | val_acc=0.8669 val_loss=0.9243 val_f1_macro=0.8370 val_f1_weighted=0.8657 val_prec_macro=0.8360 val_rec_macro=0.8389 val_metric_name=acc val_metric=0.8669
Step 2150 | loss 0.0034 | val_acc=0.8664 val_loss=0.9306 val_f1_macro=0.8375 val_f1_weighted=0.8652 val_prec_macro=0.8377 val_rec_macro=0.8391 val_metric_name=acc val_metric=0.8664
Step 2200 | loss 0.0035 | val_acc=0.8664 val_loss=0.9268 val_f1_macro=0.8351 val_f1_weighted=0.8652 val_prec_macro=0.8354 val_rec_macro=0.8365 val_metric_name=acc val_metric=0.8664
Step 2250 | loss 0.0035 | val_acc=0.8660 val_loss=0.9381 val_f1_macro=0.8352 val_f1_weighted=0.8646 val_prec_macro=0.8358 val_rec_macro=0.8361 val_metric_name=acc val_metric=0.8660
Step 2300 | loss 0.0023 | val_acc=0.8685 val_loss=0.9341 val_f1_macro=0.8378 val_f1_weighted=0.8668 val_prec_macro=0.8378 val_rec_macro=0.8400 val_metric_name=acc val_metric=0.8685
Step 2350 | loss 0.0028 | val_acc=0.8662 val_loss=0.9327 val_f1_macro=0.8362 val_f1_weighted=0.8648 val_prec_macro=0.8359 val_rec_macro=0.8382 val_metric_name=acc val_metric=0.8662
Step 2400 | loss 0.0029 | val_acc=0.8664 val_loss=0.9480 val_f1_macro=0.8377 val_f1_weighted=0.8647 val_prec_macro=0.8389 val_rec_macro=0.8390 val_metric_name=acc val_metric=0.8664
Step 2450 | loss 0.0032 | val_acc=0.8653 val_loss=0.9610 val_f1_macro=0.8360 val_f1_weighted=0.8639 val_prec_macro=0.8382 val_rec_macro=0.8354 val_metric_name=acc val_metric=0.8653
Step 2500 | loss 0.0021 | val_acc=0.8637 val_loss=0.9564 val_f1_macro=0.8326 val_f1_weighted=0.8623 val_prec_macro=0.8333 val_rec_macro=0.8336 val_metric_name=acc val_metric=0.8637
Step 2550 | loss 0.0028 | val_acc=0.8669 val_loss=0.9594 val_f1_macro=0.8355 val_f1_weighted=0.8655 val_prec_macro=0.8363 val_rec_macro=0.8368 val_metric_name=acc val_metric=0.8669
Step 2600 | loss 0.0028 | val_acc=0.8665 val_loss=0.9625 val_f1_macro=0.8355 val_f1_weighted=0.8654 val_prec_macro=0.8349 val_rec_macro=0.8374 val_metric_name=acc val_metric=0.8665
Step 2650 | loss 0.0026 | val_acc=0.8651 val_loss=0.9665 val_f1_macro=0.8337 val_f1_weighted=0.8638 val_prec_macro=0.8346 val_rec_macro=0.8343 val_metric_name=acc val_metric=0.8651
Step 2700 | loss 0.0028 | val_acc=0.8665 val_loss=0.9661 val_f1_macro=0.8370 val_f1_weighted=0.8654 val_prec_macro=0.8370 val_rec_macro=0.8381 val_metric_name=acc val_metric=0.8665
Step 2750 | loss 0.0016 | val_acc=0.8655 val_loss=0.9768 val_f1_macro=0.8346 val_f1_weighted=0.8640 val_prec_macro=0.8359 val_rec_macro=0.8359 val_metric_name=acc val_metric=0.8655
Step 2800 | loss 0.0019 | val_acc=0.8658 val_loss=0.9851 val_f1_macro=0.8381 val_f1_weighted=0.8650 val_prec_macro=0.8377 val_rec_macro=0.8401 val_metric_name=acc val_metric=0.8658
Step 2850 | loss 0.0030 | val_acc=0.8667 val_loss=0.9689 val_f1_macro=0.8399 val_f1_weighted=0.8663 val_prec_macro=0.8388 val_rec_macro=0.8419 val_metric_name=acc val_metric=0.8667
Step 2900 | loss 0.0014 | val_acc=0.8683 val_loss=0.9797 val_f1_macro=0.8378 val_f1_weighted=0.8666 val_prec_macro=0.8372 val_rec_macro=0.8407 val_metric_name=acc val_metric=0.8683
Step 2950 | loss 0.0015 | val_acc=0.8660 val_loss=0.9998 val_f1_macro=0.8366 val_f1_weighted=0.8648 val_prec_macro=0.8400 val_rec_macro=0.8355 val_metric_name=acc val_metric=0.8660
Step 3000 | loss 0.0015 | val_acc=0.8680 val_loss=0.9812 val_f1_macro=0.8382 val_f1_weighted=0.8662 val_prec_macro=0.8402 val_rec_macro=0.8378 val_metric_name=acc val_metric=0.8680
Step 3050 | loss 0.0015 | val_acc=0.8664 val_loss=0.9959 val_f1_macro=0.8356 val_f1_weighted=0.8651 val_prec_macro=0.8356 val_rec_macro=0.8372 val_metric_name=acc val_metric=0.8664
Step 3100 | loss 0.0020 | val_acc=0.8674 val_loss=0.9946 val_f1_macro=0.8385 val_f1_weighted=0.8661 val_prec_macro=0.8399 val_rec_macro=0.8386 val_metric_name=acc val_metric=0.8674
Step 3150 | loss 0.0016 | val_acc=0.8658 val_loss=1.0054 val_f1_macro=0.8312 val_f1_weighted=0.8635 val_prec_macro=0.8319 val_rec_macro=0.8342 val_metric_name=acc val_metric=0.8658
Step 3200 | loss 0.0013 | val_acc=0.8667 val_loss=1.0000 val_f1_macro=0.8368 val_f1_weighted=0.8656 val_prec_macro=0.8392 val_rec_macro=0.8361 val_metric_name=acc val_metric=0.8667
Step 3250 | loss 0.0014 | val_acc=0.8671 val_loss=0.9861 val_f1_macro=0.8379 val_f1_weighted=0.8657 val_prec_macro=0.8408 val_rec_macro=0.8365 val_metric_name=acc val_metric=0.8671
Step 3300 | loss 0.0018 | val_acc=0.8674 val_loss=1.0058 val_f1_macro=0.8369 val_f1_weighted=0.8660 val_prec_macro=0.8368 val_rec_macro=0.8387 val_metric_name=acc val_metric=0.8674
Step 3350 | loss 0.0013 | val_acc=0.8699 val_loss=1.0025 val_f1_macro=0.8422 val_f1_weighted=0.8685 val_prec_macro=0.8441 val_rec_macro=0.8419 val_metric_name=acc val_metric=0.8699
Step 3400 | loss 0.0013 | val_acc=0.8669 val_loss=1.0081 val_f1_macro=0.8375 val_f1_weighted=0.8656 val_prec_macro=0.8400 val_rec_macro=0.8362 val_metric_name=acc val_metric=0.8669
Step 3450 | loss 0.0019 | val_acc=0.8685 val_loss=1.0137 val_f1_macro=0.8399 val_f1_weighted=0.8669 val_prec_macro=0.8410 val_rec_macro=0.8411 val_metric_name=acc val_metric=0.8685
Step 3500 | loss 0.0009 | val_acc=0.8678 val_loss=1.0196 val_f1_macro=0.8384 val_f1_weighted=0.8667 val_prec_macro=0.8391 val_rec_macro=0.8391 val_metric_name=acc val_metric=0.8678
Step 3550 | loss 0.0012 | val_acc=0.8701 val_loss=1.0187 val_f1_macro=0.8418 val_f1_weighted=0.8686 val_prec_macro=0.8452 val_rec_macro=0.8409 val_metric_name=acc val_metric=0.8701
Step 3600 | loss 0.0019 | val_acc=0.8695 val_loss=1.0069 val_f1_macro=0.8413 val_f1_weighted=0.8679 val_prec_macro=0.8444 val_rec_macro=0.8402 val_metric_name=acc val_metric=0.8695
Step 3650 | loss 0.0012 | val_acc=0.8697 val_loss=1.0206 val_f1_macro=0.8395 val_f1_weighted=0.8680 val_prec_macro=0.8452 val_rec_macro=0.8360 val_metric_name=acc val_metric=0.8697
Step 3700 | loss 0.0013 | val_acc=0.8690 val_loss=1.0255 val_f1_macro=0.8397 val_f1_weighted=0.8674 val_prec_macro=0.8403 val_rec_macro=0.8406 val_metric_name=acc val_metric=0.8690
Step 3750 | loss 0.0009 | val_acc=0.8704 val_loss=1.0125 val_f1_macro=0.8422 val_f1_weighted=0.8691 val_prec_macro=0.8432 val_rec_macro=0.8432 val_metric_name=acc val_metric=0.8704
Step 3800 | loss 0.0007 | val_acc=0.8699 val_loss=1.0064 val_f1_macro=0.8387 val_f1_weighted=0.8684 val_prec_macro=0.8390 val_rec_macro=0.8398 val_metric_name=acc val_metric=0.8699
Step 3850 | loss 0.0007 | val_acc=0.8697 val_loss=1.0180 val_f1_macro=0.8410 val_f1_weighted=0.8681 val_prec_macro=0.8455 val_rec_macro=0.8379 val_metric_name=acc val_metric=0.8697
Step 3900 | loss 0.0008 | val_acc=0.8680 val_loss=1.0204 val_f1_macro=0.8383 val_f1_weighted=0.8664 val_prec_macro=0.8367 val_rec_macro=0.8422 val_metric_name=acc val_metric=0.8680
Step 3950 | loss 0.0013 | val_acc=0.8685 val_loss=1.0433 val_f1_macro=0.8409 val_f1_weighted=0.8672 val_prec_macro=0.8399 val_rec_macro=0.8441 val_metric_name=acc val_metric=0.8685
Step 4000 | loss 0.0010 | val_acc=0.8706 val_loss=1.0436 val_f1_macro=0.8445 val_f1_weighted=0.8697 val_prec_macro=0.8477 val_rec_macro=0.8432 val_metric_name=acc val_metric=0.8706
Step 4050 | loss 0.0010 | val_acc=0.8708 val_loss=1.0273 val_f1_macro=0.8436 val_f1_weighted=0.8695 val_prec_macro=0.8459 val_rec_macro=0.8427 val_metric_name=acc val_metric=0.8708
Step 4100 | loss 0.0015 | val_acc=0.8685 val_loss=1.0482 val_f1_macro=0.8386 val_f1_weighted=0.8663 val_prec_macro=0.8393 val_rec_macro=0.8401 val_metric_name=acc val_metric=0.8685
Step 4150 | loss 0.0009 | val_acc=0.8717 val_loss=1.0338 val_f1_macro=0.8435 val_f1_weighted=0.8702 val_prec_macro=0.8450 val_rec_macro=0.8436 val_metric_name=acc val_metric=0.8717
Step 4200 | loss 0.0009 | val_acc=0.8703 val_loss=1.0384 val_f1_macro=0.8388 val_f1_weighted=0.8688 val_prec_macro=0.8400 val_rec_macro=0.8401 val_metric_name=acc val_metric=0.8703
Step 4250 | loss 0.0009 | val_acc=0.8704 val_loss=1.0477 val_f1_macro=0.8429 val_f1_weighted=0.8693 val_prec_macro=0.8445 val_rec_macro=0.8434 val_metric_name=acc val_metric=0.8704
Step 4300 | loss 0.0007 | val_acc=0.8718 val_loss=1.0324 val_f1_macro=0.8437 val_f1_weighted=0.8701 val_prec_macro=0.8441 val_rec_macro=0.8452 val_metric_name=acc val_metric=0.8718
Step 4350 | loss 0.0012 | val_acc=0.8706 val_loss=1.0583 val_f1_macro=0.8432 val_f1_weighted=0.8695 val_prec_macro=0.8459 val_rec_macro=0.8430 val_metric_name=acc val_metric=0.8706
Step 4400 | loss 0.0006 | val_acc=0.8726 val_loss=1.0531 val_f1_macro=0.8450 val_f1_weighted=0.8705 val_prec_macro=0.8496 val_rec_macro=0.8426 val_metric_name=acc val_metric=0.8726
Step 4450 | loss 0.0005 | val_acc=0.8701 val_loss=1.0461 val_f1_macro=0.8417 val_f1_weighted=0.8685 val_prec_macro=0.8429 val_rec_macro=0.8422 val_metric_name=acc val_metric=0.8701
Step 4500 | loss 0.0019 | val_acc=0.8710 val_loss=1.0482 val_f1_macro=0.8453 val_f1_weighted=0.8694 val_prec_macro=0.8472 val_rec_macro=0.8450 val_metric_name=acc val_metric=0.8710
Step 4550 | loss 0.0003 | val_acc=0.8711 val_loss=1.0454 val_f1_macro=0.8455 val_f1_weighted=0.8700 val_prec_macro=0.8466 val_rec_macro=0.8460 val_metric_name=acc val_metric=0.8711
Early stopping at step 4580

--- Final (best ckpt @ step 4280) ---
  train_acc=1.0000 train_loss=0.0000 train_f1_macro=1.0000 train_f1_weighted=1.0000 train_prec_macro=1.0000 train_rec_macro=1.0000 train_metric_name=acc train_metric=1.0000
  val_acc=0.8747 val_loss=1.0361 val_f1_macro=0.8479 val_f1_weighted=0.8730 val_prec_macro=0.8510 val_rec_macro=0.8467 val_metric_name=acc val_metric=0.8747
  test_acc=0.8671 test_loss=1.1056 test_f1_macro=0.8353 test_f1_weighted=0.8653 test_prec_macro=0.8352 test_rec_macro=0.8378 test_metric_name=acc test_metric=0.8671
  test_acc=0.8671

============================================================
Training roman-empire TAG 3L h=384 lr=0.0001 split=8
============================================================
Training for 5000 steps
Step    1 | loss 3.0538 | val_acc=0.1552 val_loss=2.6888 val_f1_macro=0.0243 val_f1_weighted=0.0608 val_prec_macro=0.0163 val_rec_macro=0.0619 val_metric_name=acc val_metric=0.1552
Step   50 | loss 0.9739 | val_acc=0.7119 val_loss=0.8876 val_f1_macro=0.5896 val_f1_weighted=0.6889 val_prec_macro=0.6915 val_rec_macro=0.5917 val_metric_name=acc val_metric=0.7119
Step  100 | loss 0.5966 | val_acc=0.7873 val_loss=0.6396 val_f1_macro=0.7298 val_f1_weighted=0.7827 val_prec_macro=0.7398 val_rec_macro=0.7320 val_metric_name=acc val_metric=0.7873
Step  150 | loss 0.4055 | val_acc=0.8199 val_loss=0.5642 val_f1_macro=0.7758 val_f1_weighted=0.8177 val_prec_macro=0.7787 val_rec_macro=0.7783 val_metric_name=acc val_metric=0.8199
Step  200 | loss 0.2628 | val_acc=0.8357 val_loss=0.5463 val_f1_macro=0.7971 val_f1_weighted=0.8335 val_prec_macro=0.7978 val_rec_macro=0.7993 val_metric_name=acc val_metric=0.8357
Step  250 | loss 0.1739 | val_acc=0.8427 val_loss=0.5665 val_f1_macro=0.8086 val_f1_weighted=0.8419 val_prec_macro=0.8046 val_rec_macro=0.8143 val_metric_name=acc val_metric=0.8427
Step  300 | loss 0.1078 | val_acc=0.8480 val_loss=0.6111 val_f1_macro=0.8153 val_f1_weighted=0.8468 val_prec_macro=0.8159 val_rec_macro=0.8167 val_metric_name=acc val_metric=0.8480
Step  350 | loss 0.0726 | val_acc=0.8540 val_loss=0.6508 val_f1_macro=0.8218 val_f1_weighted=0.8524 val_prec_macro=0.8228 val_rec_macro=0.8236 val_metric_name=acc val_metric=0.8540
Step  400 | loss 0.0517 | val_acc=0.8549 val_loss=0.6870 val_f1_macro=0.8214 val_f1_weighted=0.8532 val_prec_macro=0.8214 val_rec_macro=0.8240 val_metric_name=acc val_metric=0.8549
Step  450 | loss 0.0348 | val_acc=0.8554 val_loss=0.7171 val_f1_macro=0.8222 val_f1_weighted=0.8549 val_prec_macro=0.8196 val_rec_macro=0.8260 val_metric_name=acc val_metric=0.8554
Step  500 | loss 0.0310 | val_acc=0.8567 val_loss=0.7398 val_f1_macro=0.8232 val_f1_weighted=0.8558 val_prec_macro=0.8228 val_rec_macro=0.8257 val_metric_name=acc val_metric=0.8567
Step  550 | loss 0.0249 | val_acc=0.8579 val_loss=0.7700 val_f1_macro=0.8254 val_f1_weighted=0.8566 val_prec_macro=0.8274 val_rec_macro=0.8257 val_metric_name=acc val_metric=0.8579
Step  600 | loss 0.0199 | val_acc=0.8570 val_loss=0.7836 val_f1_macro=0.8254 val_f1_weighted=0.8562 val_prec_macro=0.8245 val_rec_macro=0.8283 val_metric_name=acc val_metric=0.8570
Step  650 | loss 0.0133 | val_acc=0.8597 val_loss=0.7929 val_f1_macro=0.8272 val_f1_weighted=0.8585 val_prec_macro=0.8260 val_rec_macro=0.8297 val_metric_name=acc val_metric=0.8597
Step  700 | loss 0.0144 | val_acc=0.8590 val_loss=0.8104 val_f1_macro=0.8265 val_f1_weighted=0.8582 val_prec_macro=0.8259 val_rec_macro=0.8284 val_metric_name=acc val_metric=0.8590
Step  750 | loss 0.0117 | val_acc=0.8575 val_loss=0.8387 val_f1_macro=0.8237 val_f1_weighted=0.8567 val_prec_macro=0.8210 val_rec_macro=0.8281 val_metric_name=acc val_metric=0.8575
Step  800 | loss 0.0096 | val_acc=0.8583 val_loss=0.8371 val_f1_macro=0.8246 val_f1_weighted=0.8566 val_prec_macro=0.8259 val_rec_macro=0.8247 val_metric_name=acc val_metric=0.8583
Step  850 | loss 0.0085 | val_acc=0.8602 val_loss=0.8525 val_f1_macro=0.8275 val_f1_weighted=0.8586 val_prec_macro=0.8258 val_rec_macro=0.8315 val_metric_name=acc val_metric=0.8602
Step  900 | loss 0.0090 | val_acc=0.8621 val_loss=0.8603 val_f1_macro=0.8284 val_f1_weighted=0.8606 val_prec_macro=0.8296 val_rec_macro=0.8291 val_metric_name=acc val_metric=0.8621
Step  950 | loss 0.0062 | val_acc=0.8605 val_loss=0.8667 val_f1_macro=0.8292 val_f1_weighted=0.8591 val_prec_macro=0.8333 val_rec_macro=0.8275 val_metric_name=acc val_metric=0.8605
Step 1000 | loss 0.0048 | val_acc=0.8639 val_loss=0.8700 val_f1_macro=0.8325 val_f1_weighted=0.8628 val_prec_macro=0.8315 val_rec_macro=0.8350 val_metric_name=acc val_metric=0.8639
Step 1050 | loss 0.0060 | val_acc=0.8614 val_loss=0.8884 val_f1_macro=0.8314 val_f1_weighted=0.8604 val_prec_macro=0.8302 val_rec_macro=0.8344 val_metric_name=acc val_metric=0.8614
Step 1100 | loss 0.0042 | val_acc=0.8637 val_loss=0.8853 val_f1_macro=0.8334 val_f1_weighted=0.8623 val_prec_macro=0.8338 val_rec_macro=0.8347 val_metric_name=acc val_metric=0.8637
Step 1150 | loss 0.0036 | val_acc=0.8644 val_loss=0.8909 val_f1_macro=0.8314 val_f1_weighted=0.8627 val_prec_macro=0.8336 val_rec_macro=0.8311 val_metric_name=acc val_metric=0.8644
Step 1200 | loss 0.0050 | val_acc=0.8620 val_loss=0.9063 val_f1_macro=0.8318 val_f1_weighted=0.8605 val_prec_macro=0.8316 val_rec_macro=0.8340 val_metric_name=acc val_metric=0.8620
Step 1250 | loss 0.0039 | val_acc=0.8618 val_loss=0.9007 val_f1_macro=0.8294 val_f1_weighted=0.8603 val_prec_macro=0.8263 val_rec_macro=0.8353 val_metric_name=acc val_metric=0.8618
Step 1300 | loss 0.0045 | val_acc=0.8627 val_loss=0.9201 val_f1_macro=0.8311 val_f1_weighted=0.8613 val_prec_macro=0.8291 val_rec_macro=0.8348 val_metric_name=acc val_metric=0.8627
Step 1350 | loss 0.0040 | val_acc=0.8621 val_loss=0.9153 val_f1_macro=0.8305 val_f1_weighted=0.8611 val_prec_macro=0.8294 val_rec_macro=0.8330 val_metric_name=acc val_metric=0.8621
Step 1400 | loss 0.0027 | val_acc=0.8657 val_loss=0.9185 val_f1_macro=0.8344 val_f1_weighted=0.8643 val_prec_macro=0.8342 val_rec_macro=0.8365 val_metric_name=acc val_metric=0.8657
Step 1450 | loss 0.0025 | val_acc=0.8651 val_loss=0.9354 val_f1_macro=0.8331 val_f1_weighted=0.8637 val_prec_macro=0.8328 val_rec_macro=0.8357 val_metric_name=acc val_metric=0.8651
Step 1500 | loss 0.0026 | val_acc=0.8678 val_loss=0.9274 val_f1_macro=0.8391 val_f1_weighted=0.8667 val_prec_macro=0.8387 val_rec_macro=0.8405 val_metric_name=acc val_metric=0.8678
Step 1550 | loss 0.0035 | val_acc=0.8634 val_loss=0.9500 val_f1_macro=0.8302 val_f1_weighted=0.8616 val_prec_macro=0.8308 val_rec_macro=0.8315 val_metric_name=acc val_metric=0.8634
Step 1600 | loss 0.0035 | val_acc=0.8653 val_loss=0.9477 val_f1_macro=0.8353 val_f1_weighted=0.8635 val_prec_macro=0.8359 val_rec_macro=0.8376 val_metric_name=acc val_metric=0.8653
Step 1650 | loss 0.0026 | val_acc=0.8646 val_loss=0.9474 val_f1_macro=0.8351 val_f1_weighted=0.8635 val_prec_macro=0.8382 val_rec_macro=0.8332 val_metric_name=acc val_metric=0.8646
Step 1700 | loss 0.0018 | val_acc=0.8630 val_loss=0.9557 val_f1_macro=0.8318 val_f1_weighted=0.8613 val_prec_macro=0.8362 val_rec_macro=0.8301 val_metric_name=acc val_metric=0.8630
Step 1750 | loss 0.0021 | val_acc=0.8657 val_loss=0.9635 val_f1_macro=0.8343 val_f1_weighted=0.8640 val_prec_macro=0.8356 val_rec_macro=0.8348 val_metric_name=acc val_metric=0.8657
Step 1800 | loss 0.0024 | val_acc=0.8646 val_loss=0.9577 val_f1_macro=0.8316 val_f1_weighted=0.8625 val_prec_macro=0.8349 val_rec_macro=0.8314 val_metric_name=acc val_metric=0.8646
Step 1850 | loss 0.0021 | val_acc=0.8657 val_loss=0.9596 val_f1_macro=0.8327 val_f1_weighted=0.8638 val_prec_macro=0.8342 val_rec_macro=0.8344 val_metric_name=acc val_metric=0.8657
Step 1900 | loss 0.0010 | val_acc=0.8651 val_loss=0.9710 val_f1_macro=0.8326 val_f1_weighted=0.8631 val_prec_macro=0.8323 val_rec_macro=0.8361 val_metric_name=acc val_metric=0.8651
Step 1950 | loss 0.0018 | val_acc=0.8664 val_loss=0.9618 val_f1_macro=0.8364 val_f1_weighted=0.8650 val_prec_macro=0.8363 val_rec_macro=0.8378 val_metric_name=acc val_metric=0.8664
Step 2000 | loss 0.0015 | val_acc=0.8657 val_loss=0.9948 val_f1_macro=0.8362 val_f1_weighted=0.8645 val_prec_macro=0.8379 val_rec_macro=0.8358 val_metric_name=acc val_metric=0.8657
Step 2050 | loss 0.0018 | val_acc=0.8674 val_loss=0.9895 val_f1_macro=0.8380 val_f1_weighted=0.8661 val_prec_macro=0.8393 val_rec_macro=0.8386 val_metric_name=acc val_metric=0.8674
Step 2100 | loss 0.0021 | val_acc=0.8687 val_loss=0.9943 val_f1_macro=0.8388 val_f1_weighted=0.8673 val_prec_macro=0.8380 val_rec_macro=0.8407 val_metric_name=acc val_metric=0.8687
Step 2150 | loss 0.0019 | val_acc=0.8662 val_loss=0.9937 val_f1_macro=0.8362 val_f1_weighted=0.8649 val_prec_macro=0.8372 val_rec_macro=0.8371 val_metric_name=acc val_metric=0.8662
Step 2200 | loss 0.0025 | val_acc=0.8678 val_loss=0.9816 val_f1_macro=0.8366 val_f1_weighted=0.8669 val_prec_macro=0.8366 val_rec_macro=0.8389 val_metric_name=acc val_metric=0.8678
Step 2250 | loss 0.0018 | val_acc=0.8690 val_loss=0.9899 val_f1_macro=0.8385 val_f1_weighted=0.8679 val_prec_macro=0.8400 val_rec_macro=0.8384 val_metric_name=acc val_metric=0.8690
Step 2300 | loss 0.0012 | val_acc=0.8694 val_loss=0.9876 val_f1_macro=0.8366 val_f1_weighted=0.8681 val_prec_macro=0.8336 val_rec_macro=0.8422 val_metric_name=acc val_metric=0.8694
Step 2350 | loss 0.0021 | val_acc=0.8680 val_loss=0.9815 val_f1_macro=0.8377 val_f1_weighted=0.8670 val_prec_macro=0.8362 val_rec_macro=0.8403 val_metric_name=acc val_metric=0.8680
Step 2400 | loss 0.0015 | val_acc=0.8694 val_loss=0.9937 val_f1_macro=0.8398 val_f1_weighted=0.8675 val_prec_macro=0.8405 val_rec_macro=0.8418 val_metric_name=acc val_metric=0.8694
Step 2450 | loss 0.0021 | val_acc=0.8667 val_loss=1.0306 val_f1_macro=0.8348 val_f1_weighted=0.8655 val_prec_macro=0.8351 val_rec_macro=0.8366 val_metric_name=acc val_metric=0.8667
Step 2500 | loss 0.0014 | val_acc=0.8690 val_loss=1.0003 val_f1_macro=0.8387 val_f1_weighted=0.8678 val_prec_macro=0.8366 val_rec_macro=0.8424 val_metric_name=acc val_metric=0.8690
Step 2550 | loss 0.0013 | val_acc=0.8710 val_loss=0.9932 val_f1_macro=0.8407 val_f1_weighted=0.8696 val_prec_macro=0.8411 val_rec_macro=0.8419 val_metric_name=acc val_metric=0.8710
Step 2600 | loss 0.0017 | val_acc=0.8678 val_loss=1.0138 val_f1_macro=0.8388 val_f1_weighted=0.8665 val_prec_macro=0.8369 val_rec_macro=0.8425 val_metric_name=acc val_metric=0.8678
Step 2650 | loss 0.0012 | val_acc=0.8687 val_loss=1.0092 val_f1_macro=0.8374 val_f1_weighted=0.8669 val_prec_macro=0.8408 val_rec_macro=0.8361 val_metric_name=acc val_metric=0.8687
Step 2700 | loss 0.0012 | val_acc=0.8701 val_loss=1.0090 val_f1_macro=0.8410 val_f1_weighted=0.8686 val_prec_macro=0.8428 val_rec_macro=0.8406 val_metric_name=acc val_metric=0.8701
Step 2750 | loss 0.0007 | val_acc=0.8697 val_loss=1.0223 val_f1_macro=0.8408 val_f1_weighted=0.8682 val_prec_macro=0.8453 val_rec_macro=0.8401 val_metric_name=acc val_metric=0.8697
Step 2800 | loss 0.0011 | val_acc=0.8690 val_loss=1.0472 val_f1_macro=0.8402 val_f1_weighted=0.8677 val_prec_macro=0.8423 val_rec_macro=0.8398 val_metric_name=acc val_metric=0.8690
Step 2850 | loss 0.0024 | val_acc=0.8704 val_loss=1.0220 val_f1_macro=0.8443 val_f1_weighted=0.8695 val_prec_macro=0.8454 val_rec_macro=0.8447 val_metric_name=acc val_metric=0.8704
Early stopping at step 2855

--- Final (best ckpt @ step 2510) ---
  train_acc=1.0000 train_loss=0.0000 train_f1_macro=1.0000 train_f1_weighted=1.0000 train_prec_macro=1.0000 train_rec_macro=1.0000 train_metric_name=acc train_metric=1.0000
  val_acc=0.8718 val_loss=1.0059 val_f1_macro=0.8450 val_f1_weighted=0.8709 val_prec_macro=0.8432 val_rec_macro=0.8479 val_metric_name=acc val_metric=0.8718
  test_acc=0.8652 test_loss=1.0643 test_f1_macro=0.8305 test_f1_weighted=0.8635 test_prec_macro=0.8282 test_rec_macro=0.8340 test_metric_name=acc test_metric=0.8652
  test_acc=0.8652

============================================================
Training roman-empire TAG 3L h=384 lr=1e-05 split=8
============================================================
Training for 5000 steps
Step    1 | loss 3.0538 | val_acc=0.0577 val_loss=2.9604 val_f1_macro=0.0201 val_f1_weighted=0.0356 val_prec_macro=0.0362 val_rec_macro=0.0595 val_metric_name=acc val_metric=0.0577
Step   50 | loss 2.2643 | val_acc=0.4300 val_loss=2.0501 val_f1_macro=0.1791 val_f1_weighted=0.3497 val_prec_macro=0.2114 val_rec_macro=0.2058 val_metric_name=acc val_metric=0.4300
Step  100 | loss 1.7608 | val_acc=0.5463 val_loss=1.5146 val_f1_macro=0.2933 val_f1_weighted=0.4888 val_prec_macro=0.3704 val_rec_macro=0.3107 val_metric_name=acc val_metric=0.5463
Step  150 | loss 1.4640 | val_acc=0.6125 val_loss=1.2479 val_f1_macro=0.4063 val_f1_weighted=0.5692 val_prec_macro=0.5399 val_rec_macro=0.4061 val_metric_name=acc val_metric=0.6125
Step  200 | loss 1.2632 | val_acc=0.6607 val_loss=1.0843 val_f1_macro=0.4905 val_f1_weighted=0.6235 val_prec_macro=0.5648 val_rec_macro=0.4935 val_metric_name=acc val_metric=0.6607
Step  250 | loss 1.1323 | val_acc=0.6921 val_loss=0.9724 val_f1_macro=0.5464 val_f1_weighted=0.6602 val_prec_macro=0.6286 val_rec_macro=0.5548 val_metric_name=acc val_metric=0.6921
Step  300 | loss 1.0127 | val_acc=0.7089 val_loss=0.8911 val_f1_macro=0.5765 val_f1_weighted=0.6822 val_prec_macro=0.6872 val_rec_macro=0.5813 val_metric_name=acc val_metric=0.7089
Step  350 | loss 0.9332 | val_acc=0.7237 val_loss=0.8287 val_f1_macro=0.6072 val_f1_weighted=0.7022 val_prec_macro=0.6780 val_rec_macro=0.6094 val_metric_name=acc val_metric=0.7237
Step  400 | loss 0.8581 | val_acc=0.7395 val_loss=0.7812 val_f1_macro=0.6338 val_f1_weighted=0.7216 val_prec_macro=0.6967 val_rec_macro=0.6342 val_metric_name=acc val_metric=0.7395
Step  450 | loss 0.8006 | val_acc=0.7515 val_loss=0.7416 val_f1_macro=0.6610 val_f1_weighted=0.7379 val_prec_macro=0.7079 val_rec_macro=0.6585 val_metric_name=acc val_metric=0.7515
Step  500 | loss 0.7527 | val_acc=0.7620 val_loss=0.7097 val_f1_macro=0.6833 val_f1_weighted=0.7516 val_prec_macro=0.7144 val_rec_macro=0.6824 val_metric_name=acc val_metric=0.7620
Step  550 | loss 0.7035 | val_acc=0.7719 val_loss=0.6839 val_f1_macro=0.7011 val_f1_weighted=0.7632 val_prec_macro=0.7281 val_rec_macro=0.7006 val_metric_name=acc val_metric=0.7719
Step  600 | loss 0.6551 | val_acc=0.7797 val_loss=0.6607 val_f1_macro=0.7128 val_f1_weighted=0.7720 val_prec_macro=0.7349 val_rec_macro=0.7125 val_metric_name=acc val_metric=0.7797
Step  650 | loss 0.6207 | val_acc=0.7839 val_loss=0.6422 val_f1_macro=0.7203 val_f1_weighted=0.7770 val_prec_macro=0.7400 val_rec_macro=0.7203 val_metric_name=acc val_metric=0.7839
Step  700 | loss 0.5907 | val_acc=0.7908 val_loss=0.6256 val_f1_macro=0.7330 val_f1_weighted=0.7856 val_prec_macro=0.7466 val_rec_macro=0.7337 val_metric_name=acc val_metric=0.7908
Step  750 | loss 0.5597 | val_acc=0.7984 val_loss=0.6126 val_f1_macro=0.7448 val_f1_weighted=0.7937 val_prec_macro=0.7574 val_rec_macro=0.7451 val_metric_name=acc val_metric=0.7984
Step  800 | loss 0.5273 | val_acc=0.8032 val_loss=0.5999 val_f1_macro=0.7510 val_f1_weighted=0.7990 val_prec_macro=0.7622 val_rec_macro=0.7503 val_metric_name=acc val_metric=0.8032
Step  850 | loss 0.5057 | val_acc=0.8076 val_loss=0.5892 val_f1_macro=0.7590 val_f1_weighted=0.8044 val_prec_macro=0.7656 val_rec_macro=0.7603 val_metric_name=acc val_metric=0.8076
Step  900 | loss 0.4791 | val_acc=0.8113 val_loss=0.5790 val_f1_macro=0.7628 val_f1_weighted=0.8075 val_prec_macro=0.7694 val_rec_macro=0.7635 val_metric_name=acc val_metric=0.8113
Step  950 | loss 0.4465 | val_acc=0.8120 val_loss=0.5715 val_f1_macro=0.7629 val_f1_weighted=0.8085 val_prec_macro=0.7689 val_rec_macro=0.7641 val_metric_name=acc val_metric=0.8120
Step 1000 | loss 0.4317 | val_acc=0.8173 val_loss=0.5639 val_f1_macro=0.7700 val_f1_weighted=0.8141 val_prec_macro=0.7768 val_rec_macro=0.7703 val_metric_name=acc val_metric=0.8173
Step 1050 | loss 0.4108 | val_acc=0.8215 val_loss=0.5572 val_f1_macro=0.7753 val_f1_weighted=0.8186 val_prec_macro=0.7807 val_rec_macro=0.7756 val_metric_name=acc val_metric=0.8215
Step 1100 | loss 0.3856 | val_acc=0.8245 val_loss=0.5526 val_f1_macro=0.7789 val_f1_weighted=0.8218 val_prec_macro=0.7846 val_rec_macro=0.7787 val_metric_name=acc val_metric=0.8245
Step 1150 | loss 0.3707 | val_acc=0.8295 val_loss=0.5482 val_f1_macro=0.7868 val_f1_weighted=0.8270 val_prec_macro=0.7910 val_rec_macro=0.7872 val_metric_name=acc val_metric=0.8295
Step 1200 | loss 0.3488 | val_acc=0.8309 val_loss=0.5427 val_f1_macro=0.7901 val_f1_weighted=0.8285 val_prec_macro=0.7960 val_rec_macro=0.7890 val_metric_name=acc val_metric=0.8309
Step 1250 | loss 0.3325 | val_acc=0.8330 val_loss=0.5423 val_f1_macro=0.7928 val_f1_weighted=0.8305 val_prec_macro=0.7977 val_rec_macro=0.7926 val_metric_name=acc val_metric=0.8330
Step 1300 | loss 0.3152 | val_acc=0.8337 val_loss=0.5419 val_f1_macro=0.7949 val_f1_weighted=0.8315 val_prec_macro=0.7988 val_rec_macro=0.7954 val_metric_name=acc val_metric=0.8337
Step 1350 | loss 0.2961 | val_acc=0.8337 val_loss=0.5425 val_f1_macro=0.7948 val_f1_weighted=0.8320 val_prec_macro=0.7970 val_rec_macro=0.7968 val_metric_name=acc val_metric=0.8337
Step 1400 | loss 0.2805 | val_acc=0.8360 val_loss=0.5409 val_f1_macro=0.7982 val_f1_weighted=0.8343 val_prec_macro=0.8021 val_rec_macro=0.7982 val_metric_name=acc val_metric=0.8360
Step 1450 | loss 0.2615 | val_acc=0.8369 val_loss=0.5414 val_f1_macro=0.7995 val_f1_weighted=0.8352 val_prec_macro=0.8018 val_rec_macro=0.8002 val_metric_name=acc val_metric=0.8369
Step 1500 | loss 0.2493 | val_acc=0.8392 val_loss=0.5430 val_f1_macro=0.8029 val_f1_weighted=0.8376 val_prec_macro=0.8033 val_rec_macro=0.8050 val_metric_name=acc val_metric=0.8392
Step 1550 | loss 0.2341 | val_acc=0.8381 val_loss=0.5473 val_f1_macro=0.8014 val_f1_weighted=0.8366 val_prec_macro=0.8026 val_rec_macro=0.8030 val_metric_name=acc val_metric=0.8381
Step 1600 | loss 0.2221 | val_acc=0.8385 val_loss=0.5500 val_f1_macro=0.8020 val_f1_weighted=0.8369 val_prec_macro=0.8030 val_rec_macro=0.8044 val_metric_name=acc val_metric=0.8385
Step 1650 | loss 0.2150 | val_acc=0.8387 val_loss=0.5542 val_f1_macro=0.8036 val_f1_weighted=0.8374 val_prec_macro=0.8043 val_rec_macro=0.8057 val_metric_name=acc val_metric=0.8387
Step 1700 | loss 0.1996 | val_acc=0.8404 val_loss=0.5562 val_f1_macro=0.8055 val_f1_weighted=0.8391 val_prec_macro=0.8062 val_rec_macro=0.8078 val_metric_name=acc val_metric=0.8404
Step 1750 | loss 0.1801 | val_acc=0.8432 val_loss=0.5592 val_f1_macro=0.8077 val_f1_weighted=0.8417 val_prec_macro=0.8096 val_rec_macro=0.8087 val_metric_name=acc val_metric=0.8432
Step 1800 | loss 0.1748 | val_acc=0.8425 val_loss=0.5662 val_f1_macro=0.8096 val_f1_weighted=0.8411 val_prec_macro=0.8112 val_rec_macro=0.8116 val_metric_name=acc val_metric=0.8425
Step 1850 | loss 0.1663 | val_acc=0.8440 val_loss=0.5695 val_f1_macro=0.8106 val_f1_weighted=0.8426 val_prec_macro=0.8108 val_rec_macro=0.8135 val_metric_name=acc val_metric=0.8440
Step 1900 | loss 0.1572 | val_acc=0.8468 val_loss=0.5725 val_f1_macro=0.8133 val_f1_weighted=0.8453 val_prec_macro=0.8147 val_rec_macro=0.8149 val_metric_name=acc val_metric=0.8468
Step 1950 | loss 0.1431 | val_acc=0.8459 val_loss=0.5799 val_f1_macro=0.8128 val_f1_weighted=0.8442 val_prec_macro=0.8121 val_rec_macro=0.8166 val_metric_name=acc val_metric=0.8459
Step 2000 | loss 0.1375 | val_acc=0.8461 val_loss=0.5854 val_f1_macro=0.8146 val_f1_weighted=0.8450 val_prec_macro=0.8138 val_rec_macro=0.8183 val_metric_name=acc val_metric=0.8461
Step 2050 | loss 0.1316 | val_acc=0.8464 val_loss=0.5901 val_f1_macro=0.8151 val_f1_weighted=0.8453 val_prec_macro=0.8154 val_rec_macro=0.8178 val_metric_name=acc val_metric=0.8464
Step 2100 | loss 0.1230 | val_acc=0.8471 val_loss=0.5964 val_f1_macro=0.8147 val_f1_weighted=0.8461 val_prec_macro=0.8151 val_rec_macro=0.8172 val_metric_name=acc val_metric=0.8471
Step 2150 | loss 0.1182 | val_acc=0.8498 val_loss=0.6013 val_f1_macro=0.8184 val_f1_weighted=0.8485 val_prec_macro=0.8180 val_rec_macro=0.8219 val_metric_name=acc val_metric=0.8498
Step 2200 | loss 0.1075 | val_acc=0.8496 val_loss=0.6090 val_f1_macro=0.8178 val_f1_weighted=0.8486 val_prec_macro=0.8173 val_rec_macro=0.8210 val_metric_name=acc val_metric=0.8496
Step 2250 | loss 0.1032 | val_acc=0.8500 val_loss=0.6132 val_f1_macro=0.8184 val_f1_weighted=0.8486 val_prec_macro=0.8186 val_rec_macro=0.8211 val_metric_name=acc val_metric=0.8500
Step 2300 | loss 0.0939 | val_acc=0.8508 val_loss=0.6174 val_f1_macro=0.8186 val_f1_weighted=0.8497 val_prec_macro=0.8180 val_rec_macro=0.8220 val_metric_name=acc val_metric=0.8508
Step 2350 | loss 0.0850 | val_acc=0.8507 val_loss=0.6250 val_f1_macro=0.8183 val_f1_weighted=0.8493 val_prec_macro=0.8190 val_rec_macro=0.8204 val_metric_name=acc val_metric=0.8507
Step 2400 | loss 0.0868 | val_acc=0.8523 val_loss=0.6288 val_f1_macro=0.8203 val_f1_weighted=0.8509 val_prec_macro=0.8187 val_rec_macro=0.8247 val_metric_name=acc val_metric=0.8523
Step 2450 | loss 0.0803 | val_acc=0.8514 val_loss=0.6356 val_f1_macro=0.8192 val_f1_weighted=0.8500 val_prec_macro=0.8192 val_rec_macro=0.8219 val_metric_name=acc val_metric=0.8514
Step 2500 | loss 0.0751 | val_acc=0.8512 val_loss=0.6424 val_f1_macro=0.8209 val_f1_weighted=0.8500 val_prec_macro=0.8209 val_rec_macro=0.8235 val_metric_name=acc val_metric=0.8512
Step 2550 | loss 0.0727 | val_acc=0.8524 val_loss=0.6461 val_f1_macro=0.8218 val_f1_weighted=0.8513 val_prec_macro=0.8211 val_rec_macro=0.8251 val_metric_name=acc val_metric=0.8524
Step 2600 | loss 0.0702 | val_acc=0.8528 val_loss=0.6533 val_f1_macro=0.8216 val_f1_weighted=0.8515 val_prec_macro=0.8222 val_rec_macro=0.8240 val_metric_name=acc val_metric=0.8528
Step 2650 | loss 0.0667 | val_acc=0.8533 val_loss=0.6567 val_f1_macro=0.8225 val_f1_weighted=0.8522 val_prec_macro=0.8232 val_rec_macro=0.8245 val_metric_name=acc val_metric=0.8533
Step 2700 | loss 0.0620 | val_acc=0.8530 val_loss=0.6621 val_f1_macro=0.8225 val_f1_weighted=0.8519 val_prec_macro=0.8225 val_rec_macro=0.8248 val_metric_name=acc val_metric=0.8530
Step 2750 | loss 0.0573 | val_acc=0.8526 val_loss=0.6665 val_f1_macro=0.8217 val_f1_weighted=0.8516 val_prec_macro=0.8217 val_rec_macro=0.8242 val_metric_name=acc val_metric=0.8526
Step 2800 | loss 0.0586 | val_acc=0.8526 val_loss=0.6716 val_f1_macro=0.8215 val_f1_weighted=0.8513 val_prec_macro=0.8222 val_rec_macro=0.8236 val_metric_name=acc val_metric=0.8526
Step 2850 | loss 0.0493 | val_acc=0.8542 val_loss=0.6770 val_f1_macro=0.8234 val_f1_weighted=0.8529 val_prec_macro=0.8239 val_rec_macro=0.8258 val_metric_name=acc val_metric=0.8542
Step 2900 | loss 0.0548 | val_acc=0.8535 val_loss=0.6812 val_f1_macro=0.8218 val_f1_weighted=0.8524 val_prec_macro=0.8212 val_rec_macro=0.8249 val_metric_name=acc val_metric=0.8535
Step 2950 | loss 0.0484 | val_acc=0.8544 val_loss=0.6902 val_f1_macro=0.8239 val_f1_weighted=0.8531 val_prec_macro=0.8259 val_rec_macro=0.8248 val_metric_name=acc val_metric=0.8544
Step 3000 | loss 0.0464 | val_acc=0.8554 val_loss=0.6920 val_f1_macro=0.8238 val_f1_weighted=0.8542 val_prec_macro=0.8248 val_rec_macro=0.8254 val_metric_name=acc val_metric=0.8554
Step 3050 | loss 0.0443 | val_acc=0.8561 val_loss=0.6905 val_f1_macro=0.8256 val_f1_weighted=0.8552 val_prec_macro=0.8252 val_rec_macro=0.8283 val_metric_name=acc val_metric=0.8561
Step 3100 | loss 0.0461 | val_acc=0.8563 val_loss=0.6990 val_f1_macro=0.8253 val_f1_weighted=0.8553 val_prec_macro=0.8250 val_rec_macro=0.8279 val_metric_name=acc val_metric=0.8563
Step 3150 | loss 0.0377 | val_acc=0.8570 val_loss=0.7051 val_f1_macro=0.8253 val_f1_weighted=0.8557 val_prec_macro=0.8257 val_rec_macro=0.8272 val_metric_name=acc val_metric=0.8570
Step 3200 | loss 0.0412 | val_acc=0.8558 val_loss=0.7083 val_f1_macro=0.8246 val_f1_weighted=0.8545 val_prec_macro=0.8250 val_rec_macro=0.8268 val_metric_name=acc val_metric=0.8558
Step 3250 | loss 0.0392 | val_acc=0.8575 val_loss=0.7133 val_f1_macro=0.8275 val_f1_weighted=0.8565 val_prec_macro=0.8274 val_rec_macro=0.8297 val_metric_name=acc val_metric=0.8575
Step 3300 | loss 0.0351 | val_acc=0.8584 val_loss=0.7164 val_f1_macro=0.8279 val_f1_weighted=0.8574 val_prec_macro=0.8267 val_rec_macro=0.8310 val_metric_name=acc val_metric=0.8584
Step 3350 | loss 0.0337 | val_acc=0.8570 val_loss=0.7193 val_f1_macro=0.8271 val_f1_weighted=0.8560 val_prec_macro=0.8273 val_rec_macro=0.8291 val_metric_name=acc val_metric=0.8570
Step 3400 | loss 0.0346 | val_acc=0.8584 val_loss=0.7234 val_f1_macro=0.8275 val_f1_weighted=0.8571 val_prec_macro=0.8273 val_rec_macro=0.8296 val_metric_name=acc val_metric=0.8584
Step 3450 | loss 0.0357 | val_acc=0.8591 val_loss=0.7288 val_f1_macro=0.8279 val_f1_weighted=0.8579 val_prec_macro=0.8287 val_rec_macro=0.8296 val_metric_name=acc val_metric=0.8591
Step 3500 | loss 0.0314 | val_acc=0.8581 val_loss=0.7346 val_f1_macro=0.8281 val_f1_weighted=0.8568 val_prec_macro=0.8290 val_rec_macro=0.8293 val_metric_name=acc val_metric=0.8581
Step 3550 | loss 0.0288 | val_acc=0.8588 val_loss=0.7363 val_f1_macro=0.8293 val_f1_weighted=0.8576 val_prec_macro=0.8301 val_rec_macro=0.8304 val_metric_name=acc val_metric=0.8588
Step 3600 | loss 0.0300 | val_acc=0.8593 val_loss=0.7392 val_f1_macro=0.8287 val_f1_weighted=0.8581 val_prec_macro=0.8288 val_rec_macro=0.8308 val_metric_name=acc val_metric=0.8593
Step 3650 | loss 0.0270 | val_acc=0.8588 val_loss=0.7429 val_f1_macro=0.8285 val_f1_weighted=0.8577 val_prec_macro=0.8292 val_rec_macro=0.8300 val_metric_name=acc val_metric=0.8588
Step 3700 | loss 0.0265 | val_acc=0.8591 val_loss=0.7459 val_f1_macro=0.8280 val_f1_weighted=0.8578 val_prec_macro=0.8278 val_rec_macro=0.8304 val_metric_name=acc val_metric=0.8591
Step 3750 | loss 0.0259 | val_acc=0.8591 val_loss=0.7463 val_f1_macro=0.8280 val_f1_weighted=0.8580 val_prec_macro=0.8272 val_rec_macro=0.8309 val_metric_name=acc val_metric=0.8591
Step 3800 | loss 0.0236 | val_acc=0.8597 val_loss=0.7510 val_f1_macro=0.8284 val_f1_weighted=0.8583 val_prec_macro=0.8290 val_rec_macro=0.8296 val_metric_name=acc val_metric=0.8597
Step 3850 | loss 0.0245 | val_acc=0.8609 val_loss=0.7557 val_f1_macro=0.8297 val_f1_weighted=0.8595 val_prec_macro=0.8309 val_rec_macro=0.8306 val_metric_name=acc val_metric=0.8609
Step 3900 | loss 0.0240 | val_acc=0.8590 val_loss=0.7582 val_f1_macro=0.8281 val_f1_weighted=0.8577 val_prec_macro=0.8289 val_rec_macro=0.8295 val_metric_name=acc val_metric=0.8590
Step 3950 | loss 0.0222 | val_acc=0.8600 val_loss=0.7640 val_f1_macro=0.8298 val_f1_weighted=0.8587 val_prec_macro=0.8307 val_rec_macro=0.8309 val_metric_name=acc val_metric=0.8600
Step 4000 | loss 0.0199 | val_acc=0.8602 val_loss=0.7631 val_f1_macro=0.8294 val_f1_weighted=0.8589 val_prec_macro=0.8292 val_rec_macro=0.8315 val_metric_name=acc val_metric=0.8602
Step 4050 | loss 0.0228 | val_acc=0.8616 val_loss=0.7714 val_f1_macro=0.8320 val_f1_weighted=0.8604 val_prec_macro=0.8335 val_rec_macro=0.8325 val_metric_name=acc val_metric=0.8616
Step 4100 | loss 0.0212 | val_acc=0.8614 val_loss=0.7759 val_f1_macro=0.8305 val_f1_weighted=0.8599 val_prec_macro=0.8311 val_rec_macro=0.8321 val_metric_name=acc val_metric=0.8614
Step 4150 | loss 0.0187 | val_acc=0.8614 val_loss=0.7747 val_f1_macro=0.8305 val_f1_weighted=0.8600 val_prec_macro=0.8313 val_rec_macro=0.8317 val_metric_name=acc val_metric=0.8614
Step 4200 | loss 0.0215 | val_acc=0.8605 val_loss=0.7782 val_f1_macro=0.8308 val_f1_weighted=0.8592 val_prec_macro=0.8310 val_rec_macro=0.8325 val_metric_name=acc val_metric=0.8605
Step 4250 | loss 0.0196 | val_acc=0.8604 val_loss=0.7835 val_f1_macro=0.8293 val_f1_weighted=0.8589 val_prec_macro=0.8294 val_rec_macro=0.8315 val_metric_name=acc val_metric=0.8604
Step 4300 | loss 0.0163 | val_acc=0.8637 val_loss=0.7808 val_f1_macro=0.8333 val_f1_weighted=0.8620 val_prec_macro=0.8357 val_rec_macro=0.8331 val_metric_name=acc val_metric=0.8637
Step 4350 | loss 0.0190 | val_acc=0.8627 val_loss=0.7848 val_f1_macro=0.8337 val_f1_weighted=0.8613 val_prec_macro=0.8352 val_rec_macro=0.8340 val_metric_name=acc val_metric=0.8627
Step 4400 | loss 0.0172 | val_acc=0.8628 val_loss=0.7907 val_f1_macro=0.8325 val_f1_weighted=0.8612 val_prec_macro=0.8340 val_rec_macro=0.8332 val_metric_name=acc val_metric=0.8628
Step 4450 | loss 0.0159 | val_acc=0.8618 val_loss=0.7924 val_f1_macro=0.8312 val_f1_weighted=0.8603 val_prec_macro=0.8326 val_rec_macro=0.8318 val_metric_name=acc val_metric=0.8618
Step 4500 | loss 0.0164 | val_acc=0.8605 val_loss=0.7954 val_f1_macro=0.8300 val_f1_weighted=0.8590 val_prec_macro=0.8312 val_rec_macro=0.8306 val_metric_name=acc val_metric=0.8605
Step 4550 | loss 0.0147 | val_acc=0.8602 val_loss=0.7979 val_f1_macro=0.8298 val_f1_weighted=0.8586 val_prec_macro=0.8321 val_rec_macro=0.8295 val_metric_name=acc val_metric=0.8602
Step 4600 | loss 0.0162 | val_acc=0.8621 val_loss=0.7992 val_f1_macro=0.8328 val_f1_weighted=0.8604 val_prec_macro=0.8340 val_rec_macro=0.8338 val_metric_name=acc val_metric=0.8621
Early stopping at step 4600

--- Final (best ckpt @ step 4300) ---
  train_acc=1.0000 train_loss=0.0003 train_f1_macro=1.0000 train_f1_weighted=1.0000 train_prec_macro=1.0000 train_rec_macro=1.0000 train_metric_name=acc train_metric=1.0000
  val_acc=0.8637 val_loss=0.7808 val_f1_macro=0.8333 val_f1_weighted=0.8620 val_prec_macro=0.8357 val_rec_macro=0.8331 val_metric_name=acc val_metric=0.8637
  test_acc=0.8576 test_loss=0.8384 test_f1_macro=0.8242 test_f1_weighted=0.8562 test_prec_macro=0.8231 test_rec_macro=0.8265 test_metric_name=acc test_metric=0.8576
  test_acc=0.8576

============================================================
Training roman-empire TAG 3L h=512 lr=3e-05 split=8
============================================================
Training for 5000 steps
Step    1 | loss 2.9759 | val_acc=0.1954 val_loss=2.6825 val_f1_macro=0.0463 val_f1_weighted=0.1119 val_prec_macro=0.0565 val_rec_macro=0.0790 val_metric_name=acc val_metric=0.1954
Step   50 | loss 1.3004 | val_acc=0.6394 val_loss=1.1356 val_f1_macro=0.4614 val_f1_weighted=0.6003 val_prec_macro=0.5042 val_rec_macro=0.4615 val_metric_name=acc val_metric=0.6394
Step  100 | loss 0.8708 | val_acc=0.7343 val_loss=0.8034 val_f1_macro=0.6328 val_f1_weighted=0.7177 val_prec_macro=0.6964 val_rec_macro=0.6293 val_metric_name=acc val_metric=0.7343
Step  150 | loss 0.6671 | val_acc=0.7705 val_loss=0.6805 val_f1_macro=0.7081 val_f1_weighted=0.7637 val_prec_macro=0.7331 val_rec_macro=0.7039 val_metric_name=acc val_metric=0.7705
Step  200 | loss 0.5481 | val_acc=0.7901 val_loss=0.6267 val_f1_macro=0.7373 val_f1_weighted=0.7864 val_prec_macro=0.7446 val_rec_macro=0.7392 val_metric_name=acc val_metric=0.7901
Step  250 | loss 0.4484 | val_acc=0.8053 val_loss=0.5891 val_f1_macro=0.7552 val_f1_weighted=0.8021 val_prec_macro=0.7624 val_rec_macro=0.7545 val_metric_name=acc val_metric=0.8053
Step  300 | loss 0.3648 | val_acc=0.8184 val_loss=0.5794 val_f1_macro=0.7734 val_f1_weighted=0.8158 val_prec_macro=0.7762 val_rec_macro=0.7760 val_metric_name=acc val_metric=0.8184
Step  350 | loss 0.3007 | val_acc=0.8226 val_loss=0.5766 val_f1_macro=0.7795 val_f1_weighted=0.8203 val_prec_macro=0.7821 val_rec_macro=0.7818 val_metric_name=acc val_metric=0.8226
Step  400 | loss 0.2411 | val_acc=0.8298 val_loss=0.5793 val_f1_macro=0.7877 val_f1_weighted=0.8275 val_prec_macro=0.7923 val_rec_macro=0.7882 val_metric_name=acc val_metric=0.8298
Step  450 | loss 0.1931 | val_acc=0.8332 val_loss=0.5941 val_f1_macro=0.7924 val_f1_weighted=0.8312 val_prec_macro=0.7903 val_rec_macro=0.7986 val_metric_name=acc val_metric=0.8332
Step  500 | loss 0.1533 | val_acc=0.8350 val_loss=0.6119 val_f1_macro=0.7949 val_f1_weighted=0.8330 val_prec_macro=0.7956 val_rec_macro=0.7985 val_metric_name=acc val_metric=0.8350
Step  550 | loss 0.1155 | val_acc=0.8351 val_loss=0.6332 val_f1_macro=0.7960 val_f1_weighted=0.8343 val_prec_macro=0.7951 val_rec_macro=0.8008 val_metric_name=acc val_metric=0.8351
Step  600 | loss 0.0996 | val_acc=0.8411 val_loss=0.6466 val_f1_macro=0.8031 val_f1_weighted=0.8398 val_prec_macro=0.8023 val_rec_macro=0.8075 val_metric_name=acc val_metric=0.8411
Step  650 | loss 0.0773 | val_acc=0.8432 val_loss=0.6761 val_f1_macro=0.8045 val_f1_weighted=0.8410 val_prec_macro=0.8062 val_rec_macro=0.8074 val_metric_name=acc val_metric=0.8432
Step  700 | loss 0.0634 | val_acc=0.8406 val_loss=0.7018 val_f1_macro=0.8008 val_f1_weighted=0.8387 val_prec_macro=0.7992 val_rec_macro=0.8082 val_metric_name=acc val_metric=0.8406
Step  750 | loss 0.0561 | val_acc=0.8450 val_loss=0.7083 val_f1_macro=0.8080 val_f1_weighted=0.8429 val_prec_macro=0.8083 val_rec_macro=0.8123 val_metric_name=acc val_metric=0.8450
Step  800 | loss 0.0483 | val_acc=0.8443 val_loss=0.7326 val_f1_macro=0.8084 val_f1_weighted=0.8427 val_prec_macro=0.8109 val_rec_macro=0.8100 val_metric_name=acc val_metric=0.8443
Step  850 | loss 0.0364 | val_acc=0.8473 val_loss=0.7432 val_f1_macro=0.8110 val_f1_weighted=0.8456 val_prec_macro=0.8099 val_rec_macro=0.8164 val_metric_name=acc val_metric=0.8473
Step  900 | loss 0.0316 | val_acc=0.8448 val_loss=0.7679 val_f1_macro=0.8091 val_f1_weighted=0.8434 val_prec_macro=0.8086 val_rec_macro=0.8139 val_metric_name=acc val_metric=0.8448
Step  950 | loss 0.0308 | val_acc=0.8485 val_loss=0.7826 val_f1_macro=0.8122 val_f1_weighted=0.8465 val_prec_macro=0.8117 val_rec_macro=0.8183 val_metric_name=acc val_metric=0.8485
Step 1000 | loss 0.0274 | val_acc=0.8470 val_loss=0.7888 val_f1_macro=0.8112 val_f1_weighted=0.8452 val_prec_macro=0.8096 val_rec_macro=0.8165 val_metric_name=acc val_metric=0.8470
Step 1050 | loss 0.0235 | val_acc=0.8500 val_loss=0.8055 val_f1_macro=0.8137 val_f1_weighted=0.8478 val_prec_macro=0.8156 val_rec_macro=0.8167 val_metric_name=acc val_metric=0.8500
Step 1100 | loss 0.0207 | val_acc=0.8492 val_loss=0.8090 val_f1_macro=0.8127 val_f1_weighted=0.8476 val_prec_macro=0.8146 val_rec_macro=0.8153 val_metric_name=acc val_metric=0.8492
Step 1150 | loss 0.0199 | val_acc=0.8484 val_loss=0.8286 val_f1_macro=0.8121 val_f1_weighted=0.8468 val_prec_macro=0.8114 val_rec_macro=0.8174 val_metric_name=acc val_metric=0.8484
Step 1200 | loss 0.0176 | val_acc=0.8498 val_loss=0.8364 val_f1_macro=0.8133 val_f1_weighted=0.8478 val_prec_macro=0.8125 val_rec_macro=0.8197 val_metric_name=acc val_metric=0.8498
Step 1250 | loss 0.0142 | val_acc=0.8508 val_loss=0.8436 val_f1_macro=0.8158 val_f1_weighted=0.8491 val_prec_macro=0.8155 val_rec_macro=0.8204 val_metric_name=acc val_metric=0.8508
Step 1300 | loss 0.0156 | val_acc=0.8510 val_loss=0.8495 val_f1_macro=0.8166 val_f1_weighted=0.8495 val_prec_macro=0.8131 val_rec_macro=0.8239 val_metric_name=acc val_metric=0.8510
Step 1350 | loss 0.0106 | val_acc=0.8526 val_loss=0.8676 val_f1_macro=0.8158 val_f1_weighted=0.8503 val_prec_macro=0.8166 val_rec_macro=0.8210 val_metric_name=acc val_metric=0.8526
Step 1400 | loss 0.0119 | val_acc=0.8537 val_loss=0.8608 val_f1_macro=0.8180 val_f1_weighted=0.8517 val_prec_macro=0.8187 val_rec_macro=0.8228 val_metric_name=acc val_metric=0.8537
Step 1450 | loss 0.0103 | val_acc=0.8512 val_loss=0.8760 val_f1_macro=0.8161 val_f1_weighted=0.8494 val_prec_macro=0.8138 val_rec_macro=0.8226 val_metric_name=acc val_metric=0.8512
Step 1500 | loss 0.0087 | val_acc=0.8528 val_loss=0.8862 val_f1_macro=0.8145 val_f1_weighted=0.8506 val_prec_macro=0.8126 val_rec_macro=0.8213 val_metric_name=acc val_metric=0.8528
Step 1550 | loss 0.0084 | val_acc=0.8510 val_loss=0.8990 val_f1_macro=0.8151 val_f1_weighted=0.8490 val_prec_macro=0.8128 val_rec_macro=0.8218 val_metric_name=acc val_metric=0.8510
Step 1600 | loss 0.0083 | val_acc=0.8508 val_loss=0.8999 val_f1_macro=0.8128 val_f1_weighted=0.8486 val_prec_macro=0.8112 val_rec_macro=0.8185 val_metric_name=acc val_metric=0.8508
Step 1650 | loss 0.0090 | val_acc=0.8524 val_loss=0.9031 val_f1_macro=0.8155 val_f1_weighted=0.8507 val_prec_macro=0.8155 val_rec_macro=0.8205 val_metric_name=acc val_metric=0.8524
Step 1700 | loss 0.0072 | val_acc=0.8524 val_loss=0.9102 val_f1_macro=0.8166 val_f1_weighted=0.8505 val_prec_macro=0.8170 val_rec_macro=0.8209 val_metric_name=acc val_metric=0.8524
Step 1750 | loss 0.0076 | val_acc=0.8521 val_loss=0.9219 val_f1_macro=0.8169 val_f1_weighted=0.8503 val_prec_macro=0.8166 val_rec_macro=0.8211 val_metric_name=acc val_metric=0.8521
Step 1800 | loss 0.0069 | val_acc=0.8535 val_loss=0.9218 val_f1_macro=0.8172 val_f1_weighted=0.8521 val_prec_macro=0.8151 val_rec_macro=0.8230 val_metric_name=acc val_metric=0.8535
Step 1850 | loss 0.0070 | val_acc=0.8531 val_loss=0.9229 val_f1_macro=0.8175 val_f1_weighted=0.8511 val_prec_macro=0.8172 val_rec_macro=0.8219 val_metric_name=acc val_metric=0.8531
Step 1900 | loss 0.0045 | val_acc=0.8533 val_loss=0.9406 val_f1_macro=0.8180 val_f1_weighted=0.8513 val_prec_macro=0.8164 val_rec_macro=0.8246 val_metric_name=acc val_metric=0.8533
Step 1950 | loss 0.0046 | val_acc=0.8542 val_loss=0.9414 val_f1_macro=0.8184 val_f1_weighted=0.8526 val_prec_macro=0.8178 val_rec_macro=0.8233 val_metric_name=acc val_metric=0.8542
Step 2000 | loss 0.0051 | val_acc=0.8531 val_loss=0.9490 val_f1_macro=0.8160 val_f1_weighted=0.8513 val_prec_macro=0.8144 val_rec_macro=0.8225 val_metric_name=acc val_metric=0.8531
Step 2050 | loss 0.0047 | val_acc=0.8524 val_loss=0.9505 val_f1_macro=0.8150 val_f1_weighted=0.8500 val_prec_macro=0.8135 val_rec_macro=0.8212 val_metric_name=acc val_metric=0.8524
Step 2100 | loss 0.0043 | val_acc=0.8538 val_loss=0.9477 val_f1_macro=0.8178 val_f1_weighted=0.8522 val_prec_macro=0.8172 val_rec_macro=0.8228 val_metric_name=acc val_metric=0.8538
Step 2150 | loss 0.0045 | val_acc=0.8528 val_loss=0.9576 val_f1_macro=0.8151 val_f1_weighted=0.8509 val_prec_macro=0.8144 val_rec_macro=0.8200 val_metric_name=acc val_metric=0.8528
Step 2200 | loss 0.0037 | val_acc=0.8563 val_loss=0.9686 val_f1_macro=0.8209 val_f1_weighted=0.8543 val_prec_macro=0.8195 val_rec_macro=0.8265 val_metric_name=acc val_metric=0.8563
Step 2250 | loss 0.0048 | val_acc=0.8533 val_loss=0.9687 val_f1_macro=0.8157 val_f1_weighted=0.8512 val_prec_macro=0.8172 val_rec_macro=0.8197 val_metric_name=acc val_metric=0.8533
Step 2300 | loss 0.0031 | val_acc=0.8533 val_loss=0.9817 val_f1_macro=0.8162 val_f1_weighted=0.8512 val_prec_macro=0.8174 val_rec_macro=0.8200 val_metric_name=acc val_metric=0.8533
Step 2350 | loss 0.0040 | val_acc=0.8565 val_loss=0.9814 val_f1_macro=0.8215 val_f1_weighted=0.8550 val_prec_macro=0.8188 val_rec_macro=0.8287 val_metric_name=acc val_metric=0.8565
Step 2400 | loss 0.0033 | val_acc=0.8556 val_loss=0.9768 val_f1_macro=0.8211 val_f1_weighted=0.8541 val_prec_macro=0.8202 val_rec_macro=0.8249 val_metric_name=acc val_metric=0.8556
Step 2450 | loss 0.0024 | val_acc=0.8551 val_loss=0.9793 val_f1_macro=0.8200 val_f1_weighted=0.8532 val_prec_macro=0.8170 val_rec_macro=0.8265 val_metric_name=acc val_metric=0.8551
Step 2500 | loss 0.0034 | val_acc=0.8568 val_loss=0.9752 val_f1_macro=0.8240 val_f1_weighted=0.8556 val_prec_macro=0.8246 val_rec_macro=0.8261 val_metric_name=acc val_metric=0.8568
Step 2550 | loss 0.0030 | val_acc=0.8542 val_loss=0.9876 val_f1_macro=0.8167 val_f1_weighted=0.8526 val_prec_macro=0.8167 val_rec_macro=0.8211 val_metric_name=acc val_metric=0.8542
Step 2600 | loss 0.0027 | val_acc=0.8570 val_loss=0.9963 val_f1_macro=0.8217 val_f1_weighted=0.8549 val_prec_macro=0.8217 val_rec_macro=0.8258 val_metric_name=acc val_metric=0.8570
Step 2650 | loss 0.0027 | val_acc=0.8556 val_loss=0.9928 val_f1_macro=0.8198 val_f1_weighted=0.8535 val_prec_macro=0.8207 val_rec_macro=0.8235 val_metric_name=acc val_metric=0.8556
Step 2700 | loss 0.0033 | val_acc=0.8572 val_loss=0.9911 val_f1_macro=0.8208 val_f1_weighted=0.8550 val_prec_macro=0.8222 val_rec_macro=0.8238 val_metric_name=acc val_metric=0.8572
Step 2750 | loss 0.0042 | val_acc=0.8561 val_loss=1.0038 val_f1_macro=0.8205 val_f1_weighted=0.8544 val_prec_macro=0.8201 val_rec_macro=0.8255 val_metric_name=acc val_metric=0.8561
Step 2800 | loss 0.0027 | val_acc=0.8577 val_loss=1.0042 val_f1_macro=0.8225 val_f1_weighted=0.8562 val_prec_macro=0.8216 val_rec_macro=0.8273 val_metric_name=acc val_metric=0.8577
Step 2850 | loss 0.0026 | val_acc=0.8581 val_loss=1.0027 val_f1_macro=0.8223 val_f1_weighted=0.8562 val_prec_macro=0.8216 val_rec_macro=0.8269 val_metric_name=acc val_metric=0.8581
Step 2900 | loss 0.0020 | val_acc=0.8567 val_loss=1.0096 val_f1_macro=0.8213 val_f1_weighted=0.8550 val_prec_macro=0.8223 val_rec_macro=0.8242 val_metric_name=acc val_metric=0.8567
Step 2950 | loss 0.0016 | val_acc=0.8577 val_loss=1.0191 val_f1_macro=0.8208 val_f1_weighted=0.8554 val_prec_macro=0.8210 val_rec_macro=0.8257 val_metric_name=acc val_metric=0.8577
Step 3000 | loss 0.0024 | val_acc=0.8568 val_loss=1.0240 val_f1_macro=0.8202 val_f1_weighted=0.8552 val_prec_macro=0.8193 val_rec_macro=0.8258 val_metric_name=acc val_metric=0.8568
Step 3050 | loss 0.0025 | val_acc=0.8560 val_loss=1.0246 val_f1_macro=0.8199 val_f1_weighted=0.8540 val_prec_macro=0.8200 val_rec_macro=0.8246 val_metric_name=acc val_metric=0.8560
Step 3100 | loss 0.0013 | val_acc=0.8600 val_loss=1.0237 val_f1_macro=0.8246 val_f1_weighted=0.8581 val_prec_macro=0.8240 val_rec_macro=0.8295 val_metric_name=acc val_metric=0.8600
Step 3150 | loss 0.0022 | val_acc=0.8545 val_loss=1.0402 val_f1_macro=0.8174 val_f1_weighted=0.8527 val_prec_macro=0.8188 val_rec_macro=0.8203 val_metric_name=acc val_metric=0.8545
Step 3200 | loss 0.0020 | val_acc=0.8567 val_loss=1.0373 val_f1_macro=0.8199 val_f1_weighted=0.8545 val_prec_macro=0.8194 val_rec_macro=0.8245 val_metric_name=acc val_metric=0.8567
Step 3250 | loss 0.0019 | val_acc=0.8570 val_loss=1.0393 val_f1_macro=0.8206 val_f1_weighted=0.8553 val_prec_macro=0.8194 val_rec_macro=0.8254 val_metric_name=acc val_metric=0.8570
Step 3300 | loss 0.0009 | val_acc=0.8561 val_loss=1.0373 val_f1_macro=0.8195 val_f1_weighted=0.8544 val_prec_macro=0.8204 val_rec_macro=0.8224 val_metric_name=acc val_metric=0.8561
Step 3350 | loss 0.0019 | val_acc=0.8549 val_loss=1.0548 val_f1_macro=0.8200 val_f1_weighted=0.8522 val_prec_macro=0.8212 val_rec_macro=0.8239 val_metric_name=acc val_metric=0.8549
Step 3400 | loss 0.0013 | val_acc=0.8581 val_loss=1.0497 val_f1_macro=0.8217 val_f1_weighted=0.8564 val_prec_macro=0.8180 val_rec_macro=0.8296 val_metric_name=acc val_metric=0.8581
Early stopping at step 3400

--- Final (best ckpt @ step 3100) ---
  train_acc=1.0000 train_loss=0.0000 train_f1_macro=1.0000 train_f1_weighted=1.0000 train_prec_macro=1.0000 train_rec_macro=1.0000 train_metric_name=acc train_metric=1.0000
  val_acc=0.8600 val_loss=1.0237 val_f1_macro=0.8246 val_f1_weighted=0.8581 val_prec_macro=0.8240 val_rec_macro=0.8295 val_metric_name=acc val_metric=0.8600
  test_acc=0.8581 test_loss=1.0853 test_f1_macro=0.8234 test_f1_weighted=0.8560 test_prec_macro=0.8264 test_rec_macro=0.8259 test_metric_name=acc test_metric=0.8581
  test_acc=0.8581

============================================================
Training roman-empire TAG 3L h=512 lr=6e-05 split=8
============================================================
Training for 5000 steps
Step    1 | loss 2.9759 | val_acc=0.2212 val_loss=2.5712 val_f1_macro=0.0477 val_f1_weighted=0.1163 val_prec_macro=0.0619 val_rec_macro=0.0890 val_metric_name=acc val_metric=0.2212
Step   50 | loss 0.9572 | val_acc=0.7094 val_loss=0.8740 val_f1_macro=0.5869 val_f1_weighted=0.6870 val_prec_macro=0.6745 val_rec_macro=0.5895 val_metric_name=acc val_metric=0.7094
Step  100 | loss 0.6009 | val_acc=0.7825 val_loss=0.6480 val_f1_macro=0.7256 val_f1_weighted=0.7771 val_prec_macro=0.7383 val_rec_macro=0.7250 val_metric_name=acc val_metric=0.7825
Step  150 | loss 0.4168 | val_acc=0.8092 val_loss=0.5815 val_f1_macro=0.7600 val_f1_weighted=0.8062 val_prec_macro=0.7685 val_rec_macro=0.7579 val_metric_name=acc val_metric=0.8092
Step  200 | loss 0.2945 | val_acc=0.8256 val_loss=0.5726 val_f1_macro=0.7828 val_f1_weighted=0.8236 val_prec_macro=0.7840 val_rec_macro=0.7859 val_metric_name=acc val_metric=0.8256
Step  250 | loss 0.1926 | val_acc=0.8316 val_loss=0.5856 val_f1_macro=0.7913 val_f1_weighted=0.8297 val_prec_macro=0.7918 val_rec_macro=0.7951 val_metric_name=acc val_metric=0.8316
Step  300 | loss 0.1247 | val_acc=0.8394 val_loss=0.6221 val_f1_macro=0.8028 val_f1_weighted=0.8376 val_prec_macro=0.8009 val_rec_macro=0.8094 val_metric_name=acc val_metric=0.8394
Step  350 | loss 0.0900 | val_acc=0.8425 val_loss=0.6620 val_f1_macro=0.8050 val_f1_weighted=0.8410 val_prec_macro=0.8046 val_rec_macro=0.8098 val_metric_name=acc val_metric=0.8425
Step  400 | loss 0.0585 | val_acc=0.8447 val_loss=0.6981 val_f1_macro=0.8090 val_f1_weighted=0.8434 val_prec_macro=0.8080 val_rec_macro=0.8144 val_metric_name=acc val_metric=0.8447
Step  450 | loss 0.0444 | val_acc=0.8450 val_loss=0.7349 val_f1_macro=0.8108 val_f1_weighted=0.8438 val_prec_macro=0.8097 val_rec_macro=0.8164 val_metric_name=acc val_metric=0.8450
Step  500 | loss 0.0330 | val_acc=0.8464 val_loss=0.7576 val_f1_macro=0.8110 val_f1_weighted=0.8446 val_prec_macro=0.8137 val_rec_macro=0.8114 val_metric_name=acc val_metric=0.8464
Step  550 | loss 0.0239 | val_acc=0.8485 val_loss=0.7948 val_f1_macro=0.8113 val_f1_weighted=0.8471 val_prec_macro=0.8091 val_rec_macro=0.8174 val_metric_name=acc val_metric=0.8485
Step  600 | loss 0.0223 | val_acc=0.8500 val_loss=0.7986 val_f1_macro=0.8154 val_f1_weighted=0.8486 val_prec_macro=0.8114 val_rec_macro=0.8229 val_metric_name=acc val_metric=0.8500
Step  650 | loss 0.0176 | val_acc=0.8500 val_loss=0.8251 val_f1_macro=0.8141 val_f1_weighted=0.8481 val_prec_macro=0.8138 val_rec_macro=0.8179 val_metric_name=acc val_metric=0.8500
Step  700 | loss 0.0139 | val_acc=0.8508 val_loss=0.8358 val_f1_macro=0.8152 val_f1_weighted=0.8498 val_prec_macro=0.8152 val_rec_macro=0.8185 val_metric_name=acc val_metric=0.8508
Step  750 | loss 0.0141 | val_acc=0.8517 val_loss=0.8515 val_f1_macro=0.8165 val_f1_weighted=0.8501 val_prec_macro=0.8157 val_rec_macro=0.8213 val_metric_name=acc val_metric=0.8517
Step  800 | loss 0.0125 | val_acc=0.8530 val_loss=0.8752 val_f1_macro=0.8180 val_f1_weighted=0.8513 val_prec_macro=0.8156 val_rec_macro=0.8237 val_metric_name=acc val_metric=0.8530
Step  850 | loss 0.0085 | val_acc=0.8561 val_loss=0.8683 val_f1_macro=0.8225 val_f1_weighted=0.8549 val_prec_macro=0.8213 val_rec_macro=0.8266 val_metric_name=acc val_metric=0.8561
Step  900 | loss 0.0079 | val_acc=0.8528 val_loss=0.9001 val_f1_macro=0.8165 val_f1_weighted=0.8509 val_prec_macro=0.8195 val_rec_macro=0.8182 val_metric_name=acc val_metric=0.8528
Step  950 | loss 0.0078 | val_acc=0.8545 val_loss=0.9066 val_f1_macro=0.8196 val_f1_weighted=0.8530 val_prec_macro=0.8167 val_rec_macro=0.8261 val_metric_name=acc val_metric=0.8545
Step 1000 | loss 0.0069 | val_acc=0.8533 val_loss=0.9154 val_f1_macro=0.8202 val_f1_weighted=0.8518 val_prec_macro=0.8189 val_rec_macro=0.8247 val_metric_name=acc val_metric=0.8533
Step 1050 | loss 0.0060 | val_acc=0.8568 val_loss=0.9202 val_f1_macro=0.8238 val_f1_weighted=0.8550 val_prec_macro=0.8247 val_rec_macro=0.8272 val_metric_name=acc val_metric=0.8568
Step 1100 | loss 0.0058 | val_acc=0.8567 val_loss=0.9311 val_f1_macro=0.8223 val_f1_weighted=0.8551 val_prec_macro=0.8251 val_rec_macro=0.8240 val_metric_name=acc val_metric=0.8567
Step 1150 | loss 0.0059 | val_acc=0.8574 val_loss=0.9347 val_f1_macro=0.8231 val_f1_weighted=0.8559 val_prec_macro=0.8223 val_rec_macro=0.8275 val_metric_name=acc val_metric=0.8574
Step 1200 | loss 0.0049 | val_acc=0.8549 val_loss=0.9483 val_f1_macro=0.8197 val_f1_weighted=0.8532 val_prec_macro=0.8171 val_rec_macro=0.8263 val_metric_name=acc val_metric=0.8549
Step 1250 | loss 0.0045 | val_acc=0.8553 val_loss=0.9433 val_f1_macro=0.8218 val_f1_weighted=0.8538 val_prec_macro=0.8206 val_rec_macro=0.8261 val_metric_name=acc val_metric=0.8553
Step 1300 | loss 0.0052 | val_acc=0.8528 val_loss=0.9656 val_f1_macro=0.8178 val_f1_weighted=0.8512 val_prec_macro=0.8152 val_rec_macro=0.8240 val_metric_name=acc val_metric=0.8528
Step 1350 | loss 0.0033 | val_acc=0.8553 val_loss=0.9789 val_f1_macro=0.8185 val_f1_weighted=0.8531 val_prec_macro=0.8203 val_rec_macro=0.8227 val_metric_name=acc val_metric=0.8553
Step 1400 | loss 0.0045 | val_acc=0.8565 val_loss=0.9723 val_f1_macro=0.8197 val_f1_weighted=0.8543 val_prec_macro=0.8202 val_rec_macro=0.8247 val_metric_name=acc val_metric=0.8565
Early stopping at step 1410

--- Final (best ckpt @ step 1110) ---
  train_acc=1.0000 train_loss=0.0000 train_f1_macro=1.0000 train_f1_weighted=1.0000 train_prec_macro=1.0000 train_rec_macro=1.0000 train_metric_name=acc train_metric=1.0000
  val_acc=0.8586 val_loss=0.9380 val_f1_macro=0.8249 val_f1_weighted=0.8567 val_prec_macro=0.8268 val_rec_macro=0.8273 val_metric_name=acc val_metric=0.8586
  test_acc=0.8539 test_loss=0.9995 test_f1_macro=0.8188 test_f1_weighted=0.8519 test_prec_macro=0.8193 test_rec_macro=0.8233 test_metric_name=acc test_metric=0.8539
  test_acc=0.8539

============================================================
Training roman-empire TAG 3L h=512 lr=0.0001 split=8
============================================================
Training for 5000 steps
Step    1 | loss 2.9759 | val_acc=0.2305 val_loss=2.5459 val_f1_macro=0.0464 val_f1_weighted=0.1139 val_prec_macro=0.0719 val_rec_macro=0.0926 val_metric_name=acc val_metric=0.2305
Step   50 | loss 0.7666 | val_acc=0.7497 val_loss=0.7434 val_f1_macro=0.6677 val_f1_weighted=0.7403 val_prec_macro=0.6981 val_rec_macro=0.6657 val_metric_name=acc val_metric=0.7497
Step  100 | loss 0.4389 | val_acc=0.8048 val_loss=0.5902 val_f1_macro=0.7576 val_f1_weighted=0.8029 val_prec_macro=0.7597 val_rec_macro=0.7609 val_metric_name=acc val_metric=0.8048
Step  150 | loss 0.2496 | val_acc=0.8297 val_loss=0.5687 val_f1_macro=0.7882 val_f1_weighted=0.8281 val_prec_macro=0.7892 val_rec_macro=0.7910 val_metric_name=acc val_metric=0.8297
Step  200 | loss 0.1352 | val_acc=0.8365 val_loss=0.6167 val_f1_macro=0.7989 val_f1_weighted=0.8349 val_prec_macro=0.8030 val_rec_macro=0.8001 val_metric_name=acc val_metric=0.8365
Step  250 | loss 0.0709 | val_acc=0.8448 val_loss=0.6698 val_f1_macro=0.8075 val_f1_weighted=0.8428 val_prec_macro=0.8089 val_rec_macro=0.8101 val_metric_name=acc val_metric=0.8448
Step  300 | loss 0.0396 | val_acc=0.8471 val_loss=0.7248 val_f1_macro=0.8119 val_f1_weighted=0.8450 val_prec_macro=0.8128 val_rec_macro=0.8150 val_metric_name=acc val_metric=0.8471
Step  350 | loss 0.0319 | val_acc=0.8501 val_loss=0.7743 val_f1_macro=0.8161 val_f1_weighted=0.8488 val_prec_macro=0.8164 val_rec_macro=0.8188 val_metric_name=acc val_metric=0.8501
Step  400 | loss 0.0207 | val_acc=0.8508 val_loss=0.8063 val_f1_macro=0.8160 val_f1_weighted=0.8493 val_prec_macro=0.8145 val_rec_macro=0.8217 val_metric_name=acc val_metric=0.8508
Step  450 | loss 0.0163 | val_acc=0.8526 val_loss=0.8313 val_f1_macro=0.8174 val_f1_weighted=0.8509 val_prec_macro=0.8182 val_rec_macro=0.8199 val_metric_name=acc val_metric=0.8526
Step  500 | loss 0.0124 | val_acc=0.8500 val_loss=0.8603 val_f1_macro=0.8171 val_f1_weighted=0.8485 val_prec_macro=0.8194 val_rec_macro=0.8176 val_metric_name=acc val_metric=0.8500
Step  550 | loss 0.0089 | val_acc=0.8531 val_loss=0.8795 val_f1_macro=0.8172 val_f1_weighted=0.8515 val_prec_macro=0.8154 val_rec_macro=0.8215 val_metric_name=acc val_metric=0.8531
Step  600 | loss 0.0087 | val_acc=0.8535 val_loss=0.8937 val_f1_macro=0.8200 val_f1_weighted=0.8522 val_prec_macro=0.8176 val_rec_macro=0.8259 val_metric_name=acc val_metric=0.8535
Step  650 | loss 0.0075 | val_acc=0.8544 val_loss=0.9037 val_f1_macro=0.8189 val_f1_weighted=0.8526 val_prec_macro=0.8198 val_rec_macro=0.8227 val_metric_name=acc val_metric=0.8544
Step  700 | loss 0.0057 | val_acc=0.8551 val_loss=0.9177 val_f1_macro=0.8191 val_f1_weighted=0.8533 val_prec_macro=0.8189 val_rec_macro=0.8228 val_metric_name=acc val_metric=0.8551
Step  750 | loss 0.0065 | val_acc=0.8572 val_loss=0.9236 val_f1_macro=0.8232 val_f1_weighted=0.8560 val_prec_macro=0.8245 val_rec_macro=0.8255 val_metric_name=acc val_metric=0.8572
Step  800 | loss 0.0057 | val_acc=0.8561 val_loss=0.9568 val_f1_macro=0.8206 val_f1_weighted=0.8545 val_prec_macro=0.8185 val_rec_macro=0.8267 val_metric_name=acc val_metric=0.8561
Step  850 | loss 0.0037 | val_acc=0.8623 val_loss=0.9440 val_f1_macro=0.8285 val_f1_weighted=0.8608 val_prec_macro=0.8273 val_rec_macro=0.8331 val_metric_name=acc val_metric=0.8623
Step  900 | loss 0.0042 | val_acc=0.8579 val_loss=0.9578 val_f1_macro=0.8218 val_f1_weighted=0.8553 val_prec_macro=0.8258 val_rec_macro=0.8226 val_metric_name=acc val_metric=0.8579
Step  950 | loss 0.0039 | val_acc=0.8574 val_loss=0.9761 val_f1_macro=0.8230 val_f1_weighted=0.8558 val_prec_macro=0.8189 val_rec_macro=0.8295 val_metric_name=acc val_metric=0.8574
Step 1000 | loss 0.0028 | val_acc=0.8577 val_loss=0.9854 val_f1_macro=0.8227 val_f1_weighted=0.8556 val_prec_macro=0.8245 val_rec_macro=0.8246 val_metric_name=acc val_metric=0.8577
Step 1050 | loss 0.0030 | val_acc=0.8611 val_loss=0.9905 val_f1_macro=0.8295 val_f1_weighted=0.8594 val_prec_macro=0.8304 val_rec_macro=0.8313 val_metric_name=acc val_metric=0.8611
Step 1100 | loss 0.0026 | val_acc=0.8597 val_loss=0.9936 val_f1_macro=0.8264 val_f1_weighted=0.8578 val_prec_macro=0.8317 val_rec_macro=0.8251 val_metric_name=acc val_metric=0.8597
Step 1150 | loss 0.0033 | val_acc=0.8597 val_loss=1.0028 val_f1_macro=0.8255 val_f1_weighted=0.8587 val_prec_macro=0.8229 val_rec_macro=0.8301 val_metric_name=acc val_metric=0.8597
Step 1200 | loss 0.0020 | val_acc=0.8590 val_loss=1.0176 val_f1_macro=0.8234 val_f1_weighted=0.8570 val_prec_macro=0.8216 val_rec_macro=0.8289 val_metric_name=acc val_metric=0.8590
Step 1250 | loss 0.0020 | val_acc=0.8611 val_loss=1.0108 val_f1_macro=0.8266 val_f1_weighted=0.8597 val_prec_macro=0.8282 val_rec_macro=0.8285 val_metric_name=acc val_metric=0.8611
Step 1300 | loss 0.0034 | val_acc=0.8570 val_loss=1.0328 val_f1_macro=0.8234 val_f1_weighted=0.8553 val_prec_macro=0.8218 val_rec_macro=0.8275 val_metric_name=acc val_metric=0.8570
Step 1350 | loss 0.0021 | val_acc=0.8595 val_loss=1.0300 val_f1_macro=0.8268 val_f1_weighted=0.8579 val_prec_macro=0.8303 val_rec_macro=0.8277 val_metric_name=acc val_metric=0.8595
Step 1400 | loss 0.0025 | val_acc=0.8602 val_loss=1.0440 val_f1_macro=0.8238 val_f1_weighted=0.8579 val_prec_macro=0.8229 val_rec_macro=0.8313 val_metric_name=acc val_metric=0.8602
Step 1450 | loss 0.0015 | val_acc=0.8630 val_loss=1.0400 val_f1_macro=0.8320 val_f1_weighted=0.8612 val_prec_macro=0.8305 val_rec_macro=0.8364 val_metric_name=acc val_metric=0.8630
Step 1500 | loss 0.0011 | val_acc=0.8595 val_loss=1.0418 val_f1_macro=0.8260 val_f1_weighted=0.8574 val_prec_macro=0.8274 val_rec_macro=0.8286 val_metric_name=acc val_metric=0.8595
Step 1550 | loss 0.0017 | val_acc=0.8588 val_loss=1.0605 val_f1_macro=0.8237 val_f1_weighted=0.8570 val_prec_macro=0.8233 val_rec_macro=0.8278 val_metric_name=acc val_metric=0.8588
Step 1600 | loss 0.0010 | val_acc=0.8598 val_loss=1.0620 val_f1_macro=0.8240 val_f1_weighted=0.8576 val_prec_macro=0.8241 val_rec_macro=0.8272 val_metric_name=acc val_metric=0.8598
Step 1650 | loss 0.0014 | val_acc=0.8621 val_loss=1.0574 val_f1_macro=0.8291 val_f1_weighted=0.8604 val_prec_macro=0.8276 val_rec_macro=0.8337 val_metric_name=acc val_metric=0.8621
Step 1700 | loss 0.0013 | val_acc=0.8616 val_loss=1.0491 val_f1_macro=0.8298 val_f1_weighted=0.8600 val_prec_macro=0.8305 val_rec_macro=0.8325 val_metric_name=acc val_metric=0.8616
Step 1750 | loss 0.0016 | val_acc=0.8607 val_loss=1.0811 val_f1_macro=0.8245 val_f1_weighted=0.8583 val_prec_macro=0.8257 val_rec_macro=0.8267 val_metric_name=acc val_metric=0.8607
Step 1800 | loss 0.0010 | val_acc=0.8627 val_loss=1.0426 val_f1_macro=0.8321 val_f1_weighted=0.8617 val_prec_macro=0.8312 val_rec_macro=0.8359 val_metric_name=acc val_metric=0.8627
Step 1850 | loss 0.0018 | val_acc=0.8621 val_loss=1.0558 val_f1_macro=0.8291 val_f1_weighted=0.8602 val_prec_macro=0.8261 val_rec_macro=0.8352 val_metric_name=acc val_metric=0.8621
Step 1900 | loss 0.0011 | val_acc=0.8602 val_loss=1.0789 val_f1_macro=0.8267 val_f1_weighted=0.8576 val_prec_macro=0.8321 val_rec_macro=0.8265 val_metric_name=acc val_metric=0.8602
Step 1950 | loss 0.0008 | val_acc=0.8597 val_loss=1.0811 val_f1_macro=0.8273 val_f1_weighted=0.8580 val_prec_macro=0.8281 val_rec_macro=0.8304 val_metric_name=acc val_metric=0.8597
Step 2000 | loss 0.0013 | val_acc=0.8618 val_loss=1.0732 val_f1_macro=0.8276 val_f1_weighted=0.8598 val_prec_macro=0.8347 val_rec_macro=0.8264 val_metric_name=acc val_metric=0.8618
Step 2050 | loss 0.0013 | val_acc=0.8625 val_loss=1.0671 val_f1_macro=0.8309 val_f1_weighted=0.8608 val_prec_macro=0.8351 val_rec_macro=0.8299 val_metric_name=acc val_metric=0.8625
Step 2100 | loss 0.0003 | val_acc=0.8611 val_loss=1.0774 val_f1_macro=0.8277 val_f1_weighted=0.8594 val_prec_macro=0.8291 val_rec_macro=0.8299 val_metric_name=acc val_metric=0.8611
Step 2150 | loss 0.0009 | val_acc=0.8605 val_loss=1.0836 val_f1_macro=0.8263 val_f1_weighted=0.8581 val_prec_macro=0.8294 val_rec_macro=0.8280 val_metric_name=acc val_metric=0.8605
Early stopping at step 2180

--- Final (best ckpt @ step 1880) ---
  train_acc=1.0000 train_loss=0.0000 train_f1_macro=1.0000 train_f1_weighted=1.0000 train_prec_macro=1.0000 train_rec_macro=1.0000 train_metric_name=acc train_metric=1.0000
  val_acc=0.8643 val_loss=1.0541 val_f1_macro=0.8335 val_f1_weighted=0.8628 val_prec_macro=0.8372 val_rec_macro=0.8322 val_metric_name=acc val_metric=0.8643
  test_acc=0.8604 test_loss=1.1277 test_f1_macro=0.8263 test_f1_weighted=0.8590 test_prec_macro=0.8261 test_rec_macro=0.8287 test_metric_name=acc test_metric=0.8604
  test_acc=0.8604

============================================================
Training roman-empire TAG 3L h=512 lr=1e-05 split=8
============================================================
Training for 5000 steps
Step    1 | loss 2.9759 | val_acc=0.1370 val_loss=2.8372 val_f1_macro=0.0368 val_f1_weighted=0.0817 val_prec_macro=0.0588 val_rec_macro=0.0609 val_metric_name=acc val_metric=0.1370
Step   50 | loss 1.9543 | val_acc=0.4787 val_loss=1.7124 val_f1_macro=0.2241 val_f1_weighted=0.4121 val_prec_macro=0.2930 val_rec_macro=0.2490 val_metric_name=acc val_metric=0.4787
Step  100 | loss 1.4596 | val_acc=0.6049 val_loss=1.2531 val_f1_macro=0.4017 val_f1_weighted=0.5627 val_prec_macro=0.5027 val_rec_macro=0.3965 val_metric_name=acc val_metric=0.6049
Step  150 | loss 1.1913 | val_acc=0.6676 val_loss=1.0300 val_f1_macro=0.5113 val_f1_weighted=0.6337 val_prec_macro=0.5643 val_rec_macro=0.5139 val_metric_name=acc val_metric=0.6676
Step  200 | loss 1.0252 | val_acc=0.7031 val_loss=0.8938 val_f1_macro=0.5734 val_f1_weighted=0.6775 val_prec_macro=0.6793 val_rec_macro=0.5721 val_metric_name=acc val_metric=0.7031
Step  250 | loss 0.8931 | val_acc=0.7322 val_loss=0.8067 val_f1_macro=0.6246 val_f1_weighted=0.7139 val_prec_macro=0.7044 val_rec_macro=0.6213 val_metric_name=acc val_metric=0.7322
Step  300 | loss 0.8018 | val_acc=0.7474 val_loss=0.7514 val_f1_macro=0.6612 val_f1_weighted=0.7348 val_prec_macro=0.7088 val_rec_macro=0.6546 val_metric_name=acc val_metric=0.7474
Step  350 | loss 0.7318 | val_acc=0.7582 val_loss=0.7076 val_f1_macro=0.6855 val_f1_weighted=0.7489 val_prec_macro=0.7195 val_rec_macro=0.6788 val_metric_name=acc val_metric=0.7582
Step  400 | loss 0.6690 | val_acc=0.7719 val_loss=0.6768 val_f1_macro=0.7072 val_f1_weighted=0.7641 val_prec_macro=0.7322 val_rec_macro=0.7033 val_metric_name=acc val_metric=0.7719
Step  450 | loss 0.6170 | val_acc=0.7815 val_loss=0.6521 val_f1_macro=0.7233 val_f1_weighted=0.7758 val_prec_macro=0.7439 val_rec_macro=0.7198 val_metric_name=acc val_metric=0.7815
Step  500 | loss 0.5737 | val_acc=0.7899 val_loss=0.6327 val_f1_macro=0.7330 val_f1_weighted=0.7843 val_prec_macro=0.7472 val_rec_macro=0.7311 val_metric_name=acc val_metric=0.7899
Step  550 | loss 0.5290 | val_acc=0.7919 val_loss=0.6191 val_f1_macro=0.7399 val_f1_weighted=0.7880 val_prec_macro=0.7511 val_rec_macro=0.7392 val_metric_name=acc val_metric=0.7919
Step  600 | loss 0.4915 | val_acc=0.7984 val_loss=0.6051 val_f1_macro=0.7449 val_f1_weighted=0.7940 val_prec_macro=0.7578 val_rec_macro=0.7427 val_metric_name=acc val_metric=0.7984
Step  650 | loss 0.4568 | val_acc=0.8032 val_loss=0.5965 val_f1_macro=0.7505 val_f1_weighted=0.7999 val_prec_macro=0.7582 val_rec_macro=0.7512 val_metric_name=acc val_metric=0.8032
Step  700 | loss 0.4278 | val_acc=0.8081 val_loss=0.5858 val_f1_macro=0.7583 val_f1_weighted=0.8047 val_prec_macro=0.7637 val_rec_macro=0.7591 val_metric_name=acc val_metric=0.8081
Step  750 | loss 0.3959 | val_acc=0.8154 val_loss=0.5808 val_f1_macro=0.7676 val_f1_weighted=0.8124 val_prec_macro=0.7721 val_rec_macro=0.7688 val_metric_name=acc val_metric=0.8154
Step  800 | loss 0.3668 | val_acc=0.8148 val_loss=0.5796 val_f1_macro=0.7692 val_f1_weighted=0.8120 val_prec_macro=0.7730 val_rec_macro=0.7712 val_metric_name=acc val_metric=0.8148
Step  850 | loss 0.3409 | val_acc=0.8196 val_loss=0.5751 val_f1_macro=0.7739 val_f1_weighted=0.8168 val_prec_macro=0.7782 val_rec_macro=0.7751 val_metric_name=acc val_metric=0.8196
Step  900 | loss 0.3141 | val_acc=0.8221 val_loss=0.5770 val_f1_macro=0.7780 val_f1_weighted=0.8196 val_prec_macro=0.7818 val_rec_macro=0.7798 val_metric_name=acc val_metric=0.8221
Step  950 | loss 0.2903 | val_acc=0.8251 val_loss=0.5794 val_f1_macro=0.7818 val_f1_weighted=0.8226 val_prec_macro=0.7839 val_rec_macro=0.7856 val_metric_name=acc val_metric=0.8251
Step 1000 | loss 0.2650 | val_acc=0.8254 val_loss=0.5785 val_f1_macro=0.7830 val_f1_weighted=0.8233 val_prec_macro=0.7851 val_rec_macro=0.7855 val_metric_name=acc val_metric=0.8254
Step 1050 | loss 0.2450 | val_acc=0.8272 val_loss=0.5823 val_f1_macro=0.7854 val_f1_weighted=0.8252 val_prec_macro=0.7873 val_rec_macro=0.7877 val_metric_name=acc val_metric=0.8272
Step 1100 | loss 0.2278 | val_acc=0.8277 val_loss=0.5871 val_f1_macro=0.7873 val_f1_weighted=0.8258 val_prec_macro=0.7891 val_rec_macro=0.7900 val_metric_name=acc val_metric=0.8277
Step 1150 | loss 0.2096 | val_acc=0.8295 val_loss=0.5941 val_f1_macro=0.7864 val_f1_weighted=0.8274 val_prec_macro=0.7895 val_rec_macro=0.7881 val_metric_name=acc val_metric=0.8295
Step 1200 | loss 0.1945 | val_acc=0.8311 val_loss=0.5956 val_f1_macro=0.7887 val_f1_weighted=0.8284 val_prec_macro=0.7889 val_rec_macro=0.7929 val_metric_name=acc val_metric=0.8311
Step 1250 | loss 0.1697 | val_acc=0.8302 val_loss=0.6068 val_f1_macro=0.7878 val_f1_weighted=0.8281 val_prec_macro=0.7887 val_rec_macro=0.7918 val_metric_name=acc val_metric=0.8302
Step 1300 | loss 0.1649 | val_acc=0.8314 val_loss=0.6157 val_f1_macro=0.7887 val_f1_weighted=0.8290 val_prec_macro=0.7898 val_rec_macro=0.7936 val_metric_name=acc val_metric=0.8314
Step 1350 | loss 0.1418 | val_acc=0.8353 val_loss=0.6179 val_f1_macro=0.7933 val_f1_weighted=0.8331 val_prec_macro=0.7937 val_rec_macro=0.7976 val_metric_name=acc val_metric=0.8353
Step 1400 | loss 0.1351 | val_acc=0.8351 val_loss=0.6231 val_f1_macro=0.7953 val_f1_weighted=0.8334 val_prec_macro=0.7937 val_rec_macro=0.8014 val_metric_name=acc val_metric=0.8351
Step 1450 | loss 0.1234 | val_acc=0.8355 val_loss=0.6365 val_f1_macro=0.7945 val_f1_weighted=0.8333 val_prec_macro=0.7954 val_rec_macro=0.7992 val_metric_name=acc val_metric=0.8355
Step 1500 | loss 0.1107 | val_acc=0.8364 val_loss=0.6416 val_f1_macro=0.7954 val_f1_weighted=0.8343 val_prec_macro=0.7952 val_rec_macro=0.8011 val_metric_name=acc val_metric=0.8364
Step 1550 | loss 0.1060 | val_acc=0.8388 val_loss=0.6464 val_f1_macro=0.7990 val_f1_weighted=0.8369 val_prec_macro=0.7981 val_rec_macro=0.8048 val_metric_name=acc val_metric=0.8388
Step 1600 | loss 0.0938 | val_acc=0.8378 val_loss=0.6584 val_f1_macro=0.7977 val_f1_weighted=0.8358 val_prec_macro=0.7993 val_rec_macro=0.8012 val_metric_name=acc val_metric=0.8378
Step 1650 | loss 0.0974 | val_acc=0.8390 val_loss=0.6662 val_f1_macro=0.7984 val_f1_weighted=0.8371 val_prec_macro=0.7986 val_rec_macro=0.8037 val_metric_name=acc val_metric=0.8390
Step 1700 | loss 0.0822 | val_acc=0.8401 val_loss=0.6746 val_f1_macro=0.8001 val_f1_weighted=0.8380 val_prec_macro=0.8009 val_rec_macro=0.8041 val_metric_name=acc val_metric=0.8401
Step 1750 | loss 0.0809 | val_acc=0.8402 val_loss=0.6829 val_f1_macro=0.8015 val_f1_weighted=0.8384 val_prec_macro=0.8025 val_rec_macro=0.8057 val_metric_name=acc val_metric=0.8402
Step 1800 | loss 0.0713 | val_acc=0.8432 val_loss=0.6862 val_f1_macro=0.8037 val_f1_weighted=0.8412 val_prec_macro=0.8034 val_rec_macro=0.8086 val_metric_name=acc val_metric=0.8432
Step 1850 | loss 0.0692 | val_acc=0.8420 val_loss=0.6953 val_f1_macro=0.8033 val_f1_weighted=0.8402 val_prec_macro=0.8037 val_rec_macro=0.8077 val_metric_name=acc val_metric=0.8420
Step 1900 | loss 0.0592 | val_acc=0.8425 val_loss=0.7055 val_f1_macro=0.8037 val_f1_weighted=0.8407 val_prec_macro=0.8025 val_rec_macro=0.8103 val_metric_name=acc val_metric=0.8425
Step 1950 | loss 0.0570 | val_acc=0.8443 val_loss=0.7124 val_f1_macro=0.8054 val_f1_weighted=0.8425 val_prec_macro=0.8058 val_rec_macro=0.8096 val_metric_name=acc val_metric=0.8443
Step 2000 | loss 0.0565 | val_acc=0.8432 val_loss=0.7199 val_f1_macro=0.8045 val_f1_weighted=0.8413 val_prec_macro=0.8050 val_rec_macro=0.8088 val_metric_name=acc val_metric=0.8432
Step 2050 | loss 0.0468 | val_acc=0.8468 val_loss=0.7254 val_f1_macro=0.8081 val_f1_weighted=0.8448 val_prec_macro=0.8071 val_rec_macro=0.8142 val_metric_name=acc val_metric=0.8468
Step 2100 | loss 0.0484 | val_acc=0.8447 val_loss=0.7381 val_f1_macro=0.8060 val_f1_weighted=0.8428 val_prec_macro=0.8041 val_rec_macro=0.8125 val_metric_name=acc val_metric=0.8447
Step 2150 | loss 0.0467 | val_acc=0.8464 val_loss=0.7424 val_f1_macro=0.8073 val_f1_weighted=0.8442 val_prec_macro=0.8075 val_rec_macro=0.8121 val_metric_name=acc val_metric=0.8464
Step 2200 | loss 0.0406 | val_acc=0.8464 val_loss=0.7438 val_f1_macro=0.8082 val_f1_weighted=0.8443 val_prec_macro=0.8078 val_rec_macro=0.8133 val_metric_name=acc val_metric=0.8464
Step 2250 | loss 0.0369 | val_acc=0.8471 val_loss=0.7504 val_f1_macro=0.8085 val_f1_weighted=0.8450 val_prec_macro=0.8094 val_rec_macro=0.8126 val_metric_name=acc val_metric=0.8471
Step 2300 | loss 0.0347 | val_acc=0.8455 val_loss=0.7632 val_f1_macro=0.8053 val_f1_weighted=0.8435 val_prec_macro=0.8054 val_rec_macro=0.8103 val_metric_name=acc val_metric=0.8455
Step 2350 | loss 0.0332 | val_acc=0.8450 val_loss=0.7680 val_f1_macro=0.8078 val_f1_weighted=0.8434 val_prec_macro=0.8087 val_rec_macro=0.8115 val_metric_name=acc val_metric=0.8450
Step 2400 | loss 0.0321 | val_acc=0.8462 val_loss=0.7742 val_f1_macro=0.8074 val_f1_weighted=0.8441 val_prec_macro=0.8080 val_rec_macro=0.8114 val_metric_name=acc val_metric=0.8462
Step 2450 | loss 0.0284 | val_acc=0.8480 val_loss=0.7774 val_f1_macro=0.8094 val_f1_weighted=0.8459 val_prec_macro=0.8092 val_rec_macro=0.8151 val_metric_name=acc val_metric=0.8480
Step 2500 | loss 0.0320 | val_acc=0.8470 val_loss=0.7777 val_f1_macro=0.8081 val_f1_weighted=0.8451 val_prec_macro=0.8069 val_rec_macro=0.8134 val_metric_name=acc val_metric=0.8470
Step 2550 | loss 0.0288 | val_acc=0.8491 val_loss=0.7865 val_f1_macro=0.8105 val_f1_weighted=0.8467 val_prec_macro=0.8102 val_rec_macro=0.8160 val_metric_name=acc val_metric=0.8491
Step 2600 | loss 0.0253 | val_acc=0.8491 val_loss=0.7879 val_f1_macro=0.8113 val_f1_weighted=0.8467 val_prec_macro=0.8123 val_rec_macro=0.8148 val_metric_name=acc val_metric=0.8491
Step 2650 | loss 0.0254 | val_acc=0.8477 val_loss=0.8002 val_f1_macro=0.8090 val_f1_weighted=0.8452 val_prec_macro=0.8102 val_rec_macro=0.8139 val_metric_name=acc val_metric=0.8477
Step 2700 | loss 0.0253 | val_acc=0.8492 val_loss=0.7979 val_f1_macro=0.8110 val_f1_weighted=0.8471 val_prec_macro=0.8116 val_rec_macro=0.8157 val_metric_name=acc val_metric=0.8492
Step 2750 | loss 0.0238 | val_acc=0.8501 val_loss=0.8072 val_f1_macro=0.8122 val_f1_weighted=0.8478 val_prec_macro=0.8134 val_rec_macro=0.8164 val_metric_name=acc val_metric=0.8501
Step 2800 | loss 0.0244 | val_acc=0.8494 val_loss=0.8105 val_f1_macro=0.8112 val_f1_weighted=0.8475 val_prec_macro=0.8118 val_rec_macro=0.8150 val_metric_name=acc val_metric=0.8494
Step 2850 | loss 0.0208 | val_acc=0.8501 val_loss=0.8179 val_f1_macro=0.8116 val_f1_weighted=0.8478 val_prec_macro=0.8112 val_rec_macro=0.8174 val_metric_name=acc val_metric=0.8501
Step 2900 | loss 0.0211 | val_acc=0.8496 val_loss=0.8170 val_f1_macro=0.8119 val_f1_weighted=0.8473 val_prec_macro=0.8130 val_rec_macro=0.8160 val_metric_name=acc val_metric=0.8496
Step 2950 | loss 0.0163 | val_acc=0.8503 val_loss=0.8267 val_f1_macro=0.8131 val_f1_weighted=0.8482 val_prec_macro=0.8128 val_rec_macro=0.8180 val_metric_name=acc val_metric=0.8503
Step 3000 | loss 0.0180 | val_acc=0.8498 val_loss=0.8310 val_f1_macro=0.8114 val_f1_weighted=0.8475 val_prec_macro=0.8112 val_rec_macro=0.8168 val_metric_name=acc val_metric=0.8498
Step 3050 | loss 0.0164 | val_acc=0.8512 val_loss=0.8331 val_f1_macro=0.8147 val_f1_weighted=0.8491 val_prec_macro=0.8155 val_rec_macro=0.8193 val_metric_name=acc val_metric=0.8512
Step 3100 | loss 0.0151 | val_acc=0.8523 val_loss=0.8375 val_f1_macro=0.8151 val_f1_weighted=0.8503 val_prec_macro=0.8143 val_rec_macro=0.8207 val_metric_name=acc val_metric=0.8523
Step 3150 | loss 0.0156 | val_acc=0.8498 val_loss=0.8429 val_f1_macro=0.8106 val_f1_weighted=0.8478 val_prec_macro=0.8102 val_rec_macro=0.8163 val_metric_name=acc val_metric=0.8498
Step 3200 | loss 0.0165 | val_acc=0.8515 val_loss=0.8456 val_f1_macro=0.8137 val_f1_weighted=0.8497 val_prec_macro=0.8126 val_rec_macro=0.8189 val_metric_name=acc val_metric=0.8515
Step 3250 | loss 0.0141 | val_acc=0.8508 val_loss=0.8545 val_f1_macro=0.8130 val_f1_weighted=0.8487 val_prec_macro=0.8138 val_rec_macro=0.8178 val_metric_name=acc val_metric=0.8508
Step 3300 | loss 0.0122 | val_acc=0.8500 val_loss=0.8524 val_f1_macro=0.8125 val_f1_weighted=0.8481 val_prec_macro=0.8123 val_rec_macro=0.8172 val_metric_name=acc val_metric=0.8500
Step 3350 | loss 0.0135 | val_acc=0.8501 val_loss=0.8581 val_f1_macro=0.8128 val_f1_weighted=0.8479 val_prec_macro=0.8122 val_rec_macro=0.8179 val_metric_name=acc val_metric=0.8501
Step 3400 | loss 0.0134 | val_acc=0.8521 val_loss=0.8588 val_f1_macro=0.8146 val_f1_weighted=0.8503 val_prec_macro=0.8127 val_rec_macro=0.8209 val_metric_name=acc val_metric=0.8521
Step 3450 | loss 0.0118 | val_acc=0.8535 val_loss=0.8673 val_f1_macro=0.8166 val_f1_weighted=0.8513 val_prec_macro=0.8162 val_rec_macro=0.8224 val_metric_name=acc val_metric=0.8535
Step 3500 | loss 0.0119 | val_acc=0.8517 val_loss=0.8698 val_f1_macro=0.8146 val_f1_weighted=0.8495 val_prec_macro=0.8145 val_rec_macro=0.8199 val_metric_name=acc val_metric=0.8517
Step 3550 | loss 0.0101 | val_acc=0.8526 val_loss=0.8708 val_f1_macro=0.8146 val_f1_weighted=0.8507 val_prec_macro=0.8139 val_rec_macro=0.8197 val_metric_name=acc val_metric=0.8526
Step 3600 | loss 0.0116 | val_acc=0.8514 val_loss=0.8753 val_f1_macro=0.8121 val_f1_weighted=0.8489 val_prec_macro=0.8119 val_rec_macro=0.8176 val_metric_name=acc val_metric=0.8514
Step 3650 | loss 0.0098 | val_acc=0.8521 val_loss=0.8810 val_f1_macro=0.8132 val_f1_weighted=0.8496 val_prec_macro=0.8136 val_rec_macro=0.8188 val_metric_name=acc val_metric=0.8521
Step 3700 | loss 0.0105 | val_acc=0.8517 val_loss=0.8847 val_f1_macro=0.8135 val_f1_weighted=0.8498 val_prec_macro=0.8138 val_rec_macro=0.8187 val_metric_name=acc val_metric=0.8517
Step 3750 | loss 0.0123 | val_acc=0.8507 val_loss=0.8853 val_f1_macro=0.8146 val_f1_weighted=0.8489 val_prec_macro=0.8131 val_rec_macro=0.8208 val_metric_name=acc val_metric=0.8507
Early stopping at step 3775

--- Final (best ckpt @ step 3470) ---
  train_acc=1.0000 train_loss=0.0002 train_f1_macro=1.0000 train_f1_weighted=1.0000 train_prec_macro=1.0000 train_rec_macro=1.0000 train_metric_name=acc train_metric=1.0000
  val_acc=0.8537 val_loss=0.8645 val_f1_macro=0.8154 val_f1_weighted=0.8514 val_prec_macro=0.8156 val_rec_macro=0.8195 val_metric_name=acc val_metric=0.8537
  test_acc=0.8509 test_loss=0.9229 test_f1_macro=0.8120 test_f1_weighted=0.8485 test_prec_macro=0.8167 test_rec_macro=0.8142 test_metric_name=acc test_metric=0.8509
  test_acc=0.8509
  >> num_layers=3 hidden_dim=256 lr=3e-05 best_step=3830 val_acc=0.8653 test_acc=0.8664
     val_acc=0.8653 val_f1_macro=0.8355 val_f1_weighted=0.8635 val_loss=0.8435 val_metric=0.8653 val_metric_name=acc val_prec_macro=0.8386 val_rec_macro=0.8360
     test_acc=0.8664 test_f1_macro=0.8391 test_f1_weighted=0.8645 test_loss=0.8718 test_metric=0.8664 test_metric_name=acc test_prec_macro=0.8369 test_rec_macro=0.8443
  >> num_layers=3 hidden_dim=256 lr=6e-05 best_step=1810 val_acc=0.8627 test_acc=0.8615
     val_acc=0.8627 val_f1_macro=0.8301 val_f1_weighted=0.8607 val_loss=0.8052 val_metric=0.8627 val_metric_name=acc val_prec_macro=0.8349 val_rec_macro=0.8295
     test_acc=0.8615 test_f1_macro=0.8315 test_f1_weighted=0.8596 test_loss=0.8380 test_metric=0.8615 test_metric_name=acc test_prec_macro=0.8320 test_rec_macro=0.8354
  >> num_layers=3 hidden_dim=256 lr=0.0001 best_step=3490 val_acc=0.8708 test_acc=0.8710
     val_acc=0.8708 val_f1_macro=0.8404 val_f1_weighted=0.8684 val_loss=0.9784 val_metric=0.8708 val_metric_name=acc val_prec_macro=0.8440 val_rec_macro=0.8413
     test_acc=0.8710 test_f1_macro=0.8425 test_f1_weighted=0.8690 test_loss=1.0035 test_metric=0.8710 test_metric_name=acc test_prec_macro=0.8407 test_rec_macro=0.8471
  >> num_layers=3 hidden_dim=256 lr=1e-05 best_step=5000 val_acc=0.8556 test_acc=0.8602
     val_acc=0.8556 val_f1_macro=0.8231 val_f1_weighted=0.8537 val_loss=0.6908 val_metric=0.8556 val_metric_name=acc val_prec_macro=0.8265 val_rec_macro=0.8228
     test_acc=0.8602 test_f1_macro=0.8298 test_f1_weighted=0.8582 test_loss=0.7159 test_metric=0.8602 test_metric_name=acc test_prec_macro=0.8299 test_rec_macro=0.8331
  >> num_layers=3 hidden_dim=384 lr=3e-05 best_step=4680 val_acc=0.8724 test_acc=0.8655
     val_acc=0.8724 val_f1_macro=0.8469 val_f1_weighted=0.8713 val_loss=0.9673 val_metric=0.8724 val_metric_name=acc val_prec_macro=0.8485 val_rec_macro=0.8465
     test_acc=0.8655 test_f1_macro=0.8361 test_f1_weighted=0.8643 test_loss=1.0328 test_metric=0.8655 test_metric_name=acc test_prec_macro=0.8349 test_rec_macro=0.8384
  >> num_layers=3 hidden_dim=384 lr=6e-05 best_step=4280 val_acc=0.8747 test_acc=0.8671
     val_acc=0.8747 val_f1_macro=0.8479 val_f1_weighted=0.8730 val_loss=1.0361 val_metric=0.8747 val_metric_name=acc val_prec_macro=0.8510 val_rec_macro=0.8467
     test_acc=0.8671 test_f1_macro=0.8353 test_f1_weighted=0.8653 test_loss=1.1056 test_metric=0.8671 test_metric_name=acc test_prec_macro=0.8352 test_rec_macro=0.8378
  >> num_layers=3 hidden_dim=384 lr=0.0001 best_step=2510 val_acc=0.8718 test_acc=0.8652
     val_acc=0.8718 val_f1_macro=0.8450 val_f1_weighted=0.8709 val_loss=1.0059 val_metric=0.8718 val_metric_name=acc val_prec_macro=0.8432 val_rec_macro=0.8479
     test_acc=0.8652 test_f1_macro=0.8305 test_f1_weighted=0.8635 test_loss=1.0643 test_metric=0.8652 test_metric_name=acc test_prec_macro=0.8282 test_rec_macro=0.8340
  >> num_layers=3 hidden_dim=384 lr=1e-05 best_step=4300 val_acc=0.8637 test_acc=0.8576
     val_acc=0.8637 val_f1_macro=0.8333 val_f1_weighted=0.8620 val_loss=0.7808 val_metric=0.8637 val_metric_name=acc val_prec_macro=0.8357 val_rec_macro=0.8331
     test_acc=0.8576 test_f1_macro=0.8242 test_f1_weighted=0.8562 test_loss=0.8384 test_metric=0.8576 test_metric_name=acc test_prec_macro=0.8231 test_rec_macro=0.8265
  >> num_layers=3 hidden_dim=512 lr=3e-05 best_step=3100 val_acc=0.8600 test_acc=0.8581
     val_acc=0.8600 val_f1_macro=0.8246 val_f1_weighted=0.8581 val_loss=1.0237 val_metric=0.8600 val_metric_name=acc val_prec_macro=0.8240 val_rec_macro=0.8295
     test_acc=0.8581 test_f1_macro=0.8234 test_f1_weighted=0.8560 test_loss=1.0853 test_metric=0.8581 test_metric_name=acc test_prec_macro=0.8264 test_rec_macro=0.8259
  >> num_layers=3 hidden_dim=512 lr=6e-05 best_step=1110 val_acc=0.8586 test_acc=0.8539
     val_acc=0.8586 val_f1_macro=0.8249 val_f1_weighted=0.8567 val_loss=0.9380 val_metric=0.8586 val_metric_name=acc val_prec_macro=0.8268 val_rec_macro=0.8273
     test_acc=0.8539 test_f1_macro=0.8188 test_f1_weighted=0.8519 test_loss=0.9995 test_metric=0.8539 test_metric_name=acc test_prec_macro=0.8193 test_rec_macro=0.8233
  >> num_layers=3 hidden_dim=512 lr=0.0001 best_step=1880 val_acc=0.8643 test_acc=0.8604
     val_acc=0.8643 val_f1_macro=0.8335 val_f1_weighted=0.8628 val_loss=1.0541 val_metric=0.8643 val_metric_name=acc val_prec_macro=0.8372 val_rec_macro=0.8322
     test_acc=0.8604 test_f1_macro=0.8263 test_f1_weighted=0.8590 test_loss=1.1277 test_metric=0.8604 test_metric_name=acc test_prec_macro=0.8261 test_rec_macro=0.8287
  >> num_layers=3 hidden_dim=512 lr=1e-05 best_step=3470 val_acc=0.8537 test_acc=0.8509
     val_acc=0.8537 val_f1_macro=0.8154 val_f1_weighted=0.8514 val_loss=0.8645 val_metric=0.8537 val_metric_name=acc val_prec_macro=0.8156 val_rec_macro=0.8195
     test_acc=0.8509 test_f1_macro=0.8120 test_f1_weighted=0.8485 test_loss=0.9229 test_metric=0.8509 test_metric_name=acc test_prec_macro=0.8167 test_rec_macro=0.8142
  >> selected best (by val): num_layers=3 hidden_dim=384 lr=6e-05 val_acc=0.8747 test_acc=0.8671
     val_acc=0.8747 val_f1_macro=0.8479 val_f1_weighted=0.8730 val_loss=1.0361 val_metric=0.8747 val_metric_name=acc val_prec_macro=0.8510 val_rec_macro=0.8467
     test_acc=0.8671 test_f1_macro=0.8353 test_f1_weighted=0.8653 test_loss=1.1056 test_metric=0.8671 test_metric_name=acc test_prec_macro=0.8352 test_rec_macro=0.8378

Done. Results saved to /home/avshmelev/diploma_yandex_graphs/results_grid/roman_empire/base.csv, checkpoints in /home/avshmelev/diploma_yandex_graphs/all_checkpoints/roman_empire/base/
Skipping: "Done." found in /home/avshmelev/diploma_yandex_graphs/results_grid/roman_empire/logs_base/TAG_3L_split8.log
