policy,dataset,backbone,variant,split,selected_depth,test_metric,metric_name
per_split_validation,roman-empire,GCN,BASE,0,5,0.7359688878059387,acc
per_split_validation,roman-empire,GCN,BASE,1,1,0.735262930393219,acc
per_split_validation,roman-empire,GCN,BASE,2,5,0.7290857434272766,acc
per_split_validation,roman-empire,GCN,BASE,3,4,0.7446169853210449,acc
per_split_validation,roman-empire,GCN,BASE,4,1,0.718849241733551,acc
per_split_validation,roman-empire,GCN,BASE,5,5,0.7396752238273621,acc
per_split_validation,roman-empire,GCN,BASE,6,1,0.7299681901931763,acc
per_split_validation,roman-empire,GCN,BASE,7,5,0.7426756024360657,acc
per_split_validation,roman-empire,GCN,BASE,8,1,0.7319096326828003,acc
per_split_validation,roman-empire,GCN,BASE,9,4,0.7278503179550171,acc
mean_validation,roman-empire,GCN,BASE,0,1,0.7310271859169006,acc
mean_validation,roman-empire,GCN,BASE,1,1,0.735262930393219,acc
mean_validation,roman-empire,GCN,BASE,2,1,0.7403811812400818,acc
mean_validation,roman-empire,GCN,BASE,3,1,0.7423226237297058,acc
mean_validation,roman-empire,GCN,BASE,4,1,0.718849241733551,acc
mean_validation,roman-empire,GCN,BASE,5,1,0.7412636280059814,acc
mean_validation,roman-empire,GCN,BASE,6,1,0.7299681901931763,acc
mean_validation,roman-empire,GCN,BASE,7,1,0.7442640066146851,acc
mean_validation,roman-empire,GCN,BASE,8,1,0.7319096326828003,acc
mean_validation,roman-empire,GCN,BASE,9,1,0.7271443605422974,acc
split0_validation,roman-empire,GCN,BASE,0,5,0.7359688878059387,acc
split0_validation,roman-empire,GCN,BASE,1,5,0.7222025990486145,acc
split0_validation,roman-empire,GCN,BASE,2,5,0.7290857434272766,acc
split0_validation,roman-empire,GCN,BASE,3,5,0.7153194546699524,acc
split0_validation,roman-empire,GCN,BASE,4,5,0.7089657187461853,acc
split0_validation,roman-empire,GCN,BASE,5,5,0.7396752238273621,acc
split0_validation,roman-empire,GCN,BASE,6,5,0.718849241733551,acc
split0_validation,roman-empire,GCN,BASE,7,5,0.7426756024360657,acc
split0_validation,roman-empire,GCN,BASE,8,5,0.6992587447166443,acc
split0_validation,roman-empire,GCN,BASE,9,5,0.7075538039207458,acc
per_split_validation,roman-empire,SAGE,BASE,0,5,0.8609247803688049,acc
per_split_validation,roman-empire,SAGE,BASE,1,5,0.8667489886283875,acc
per_split_validation,roman-empire,SAGE,BASE,2,5,0.8715142607688904,acc
per_split_validation,roman-empire,SAGE,BASE,3,5,0.8669254779815674,acc
per_split_validation,roman-empire,SAGE,BASE,4,5,0.8660430312156677,acc
per_split_validation,roman-empire,SAGE,BASE,5,5,0.8789269328117371,acc
per_split_validation,roman-empire,SAGE,BASE,6,4,0.8619837164878845,acc
per_split_validation,roman-empire,SAGE,BASE,7,5,0.8649840950965881,acc
per_split_validation,roman-empire,SAGE,BASE,8,5,0.8709847927093506,acc
per_split_validation,roman-empire,SAGE,BASE,9,5,0.8593363761901855,acc
mean_validation,roman-empire,SAGE,BASE,0,5,0.8609247803688049,acc
mean_validation,roman-empire,SAGE,BASE,1,5,0.8667489886283875,acc
mean_validation,roman-empire,SAGE,BASE,2,5,0.8715142607688904,acc
mean_validation,roman-empire,SAGE,BASE,3,5,0.8669254779815674,acc
mean_validation,roman-empire,SAGE,BASE,4,5,0.8660430312156677,acc
mean_validation,roman-empire,SAGE,BASE,5,5,0.8789269328117371,acc
mean_validation,roman-empire,SAGE,BASE,6,5,0.8639251589775085,acc
mean_validation,roman-empire,SAGE,BASE,7,5,0.8649840950965881,acc
mean_validation,roman-empire,SAGE,BASE,8,5,0.8709847927093506,acc
mean_validation,roman-empire,SAGE,BASE,9,5,0.8593363761901855,acc
split0_validation,roman-empire,SAGE,BASE,0,5,0.8609247803688049,acc
split0_validation,roman-empire,SAGE,BASE,1,5,0.8667489886283875,acc
split0_validation,roman-empire,SAGE,BASE,2,5,0.8715142607688904,acc
split0_validation,roman-empire,SAGE,BASE,3,5,0.8669254779815674,acc
split0_validation,roman-empire,SAGE,BASE,4,5,0.8660430312156677,acc
split0_validation,roman-empire,SAGE,BASE,5,5,0.8789269328117371,acc
split0_validation,roman-empire,SAGE,BASE,6,5,0.8639251589775085,acc
split0_validation,roman-empire,SAGE,BASE,7,5,0.8649840950965881,acc
split0_validation,roman-empire,SAGE,BASE,8,5,0.8709847927093506,acc
split0_validation,roman-empire,SAGE,BASE,9,5,0.8593363761901855,acc
per_split_validation,roman-empire,GAT,BASE,0,5,0.8078008890151978,acc
per_split_validation,roman-empire,GAT,BASE,1,5,0.8316272497177124,acc
per_split_validation,roman-empire,GAT,BASE,2,4,0.8303917646408081,acc
per_split_validation,roman-empire,GAT,BASE,3,5,0.8370984792709351,acc
per_split_validation,roman-empire,GAT,BASE,4,5,0.8282738924026489,acc
per_split_validation,roman-empire,GAT,BASE,5,5,0.8236851096153259,acc
per_split_validation,roman-empire,GAT,BASE,6,5,0.8425697088241577,acc
per_split_validation,roman-empire,GAT,BASE,7,4,0.8263325095176697,acc
per_split_validation,roman-empire,GAT,BASE,8,4,0.823508620262146,acc
per_split_validation,roman-empire,GAT,BASE,9,3,0.8270384669303894,acc
mean_validation,roman-empire,GAT,BASE,0,5,0.8078008890151978,acc
mean_validation,roman-empire,GAT,BASE,1,5,0.8316272497177124,acc
mean_validation,roman-empire,GAT,BASE,2,5,0.8180373907089233,acc
mean_validation,roman-empire,GAT,BASE,3,5,0.8370984792709351,acc
mean_validation,roman-empire,GAT,BASE,4,5,0.8282738924026489,acc
mean_validation,roman-empire,GAT,BASE,5,5,0.8236851096153259,acc
mean_validation,roman-empire,GAT,BASE,6,5,0.8425697088241577,acc
mean_validation,roman-empire,GAT,BASE,7,5,0.8055065274238586,acc
mean_validation,roman-empire,GAT,BASE,8,5,0.8243910670280457,acc
mean_validation,roman-empire,GAT,BASE,9,5,0.8302152752876282,acc
split0_validation,roman-empire,GAT,BASE,0,5,0.8078008890151978,acc
split0_validation,roman-empire,GAT,BASE,1,5,0.8316272497177124,acc
split0_validation,roman-empire,GAT,BASE,2,5,0.8180373907089233,acc
split0_validation,roman-empire,GAT,BASE,3,5,0.8370984792709351,acc
split0_validation,roman-empire,GAT,BASE,4,5,0.8282738924026489,acc
split0_validation,roman-empire,GAT,BASE,5,5,0.8236851096153259,acc
split0_validation,roman-empire,GAT,BASE,6,5,0.8425697088241577,acc
split0_validation,roman-empire,GAT,BASE,7,5,0.8055065274238586,acc
split0_validation,roman-empire,GAT,BASE,8,5,0.8243910670280457,acc
split0_validation,roman-empire,GAT,BASE,9,5,0.8302152752876282,acc
per_split_validation,roman-empire,GAT-sep,BASE,0,5,0.8893399238586426,acc
per_split_validation,roman-empire,GAT-sep,BASE,1,5,0.8985174298286438,acc
per_split_validation,roman-empire,GAT-sep,BASE,2,5,0.8935756683349609,acc
per_split_validation,roman-empire,GAT-sep,BASE,3,5,0.8967525362968445,acc
per_split_validation,roman-empire,GAT-sep,BASE,4,5,0.8949876427650452,acc
per_split_validation,roman-empire,GAT-sep,BASE,5,5,0.8997529149055481,acc
per_split_validation,roman-empire,GAT-sep,BASE,6,5,0.8962230682373047,acc
per_split_validation,roman-empire,GAT-sep,BASE,7,5,0.8822802305221558,acc
per_split_validation,roman-empire,GAT-sep,BASE,8,4,0.8858100771903992,acc
per_split_validation,roman-empire,GAT-sep,BASE,9,5,0.8856335878372192,acc
mean_validation,roman-empire,GAT-sep,BASE,0,5,0.8893399238586426,acc
mean_validation,roman-empire,GAT-sep,BASE,1,5,0.8985174298286438,acc
mean_validation,roman-empire,GAT-sep,BASE,2,5,0.8935756683349609,acc
mean_validation,roman-empire,GAT-sep,BASE,3,5,0.8967525362968445,acc
mean_validation,roman-empire,GAT-sep,BASE,4,5,0.8949876427650452,acc
mean_validation,roman-empire,GAT-sep,BASE,5,5,0.8997529149055481,acc
mean_validation,roman-empire,GAT-sep,BASE,6,5,0.8962230682373047,acc
mean_validation,roman-empire,GAT-sep,BASE,7,5,0.8822802305221558,acc
mean_validation,roman-empire,GAT-sep,BASE,8,5,0.8792799115180969,acc
mean_validation,roman-empire,GAT-sep,BASE,9,5,0.8856335878372192,acc
split0_validation,roman-empire,GAT-sep,BASE,0,5,0.8893399238586426,acc
split0_validation,roman-empire,GAT-sep,BASE,1,5,0.8985174298286438,acc
split0_validation,roman-empire,GAT-sep,BASE,2,5,0.8935756683349609,acc
split0_validation,roman-empire,GAT-sep,BASE,3,5,0.8967525362968445,acc
split0_validation,roman-empire,GAT-sep,BASE,4,5,0.8949876427650452,acc
split0_validation,roman-empire,GAT-sep,BASE,5,5,0.8997529149055481,acc
split0_validation,roman-empire,GAT-sep,BASE,6,5,0.8962230682373047,acc
split0_validation,roman-empire,GAT-sep,BASE,7,5,0.8822802305221558,acc
split0_validation,roman-empire,GAT-sep,BASE,8,5,0.8792799115180969,acc
split0_validation,roman-empire,GAT-sep,BASE,9,5,0.8856335878372192,acc
per_split_validation,roman-empire,GT,BASE,0,5,0.8775149583816528,acc
per_split_validation,roman-empire,GT,BASE,1,5,0.8865160346031189,acc
per_split_validation,roman-empire,GT,BASE,2,5,0.8780444264411926,acc
per_split_validation,roman-empire,GT,BASE,3,5,0.8858100771903992,acc
per_split_validation,roman-empire,GT,BASE,4,5,0.8822802305221558,acc
per_split_validation,roman-empire,GT,BASE,5,5,0.8932226896286011,acc
per_split_validation,roman-empire,GT,BASE,6,5,0.8859865665435791,acc
per_split_validation,roman-empire,GT,BASE,7,5,0.8757500648498535,acc
per_split_validation,roman-empire,GT,BASE,8,5,0.8762795329093933,acc
per_split_validation,roman-empire,GT,BASE,9,5,0.8835156559944153,acc
mean_validation,roman-empire,GT,BASE,0,5,0.8775149583816528,acc
mean_validation,roman-empire,GT,BASE,1,5,0.8865160346031189,acc
mean_validation,roman-empire,GT,BASE,2,5,0.8780444264411926,acc
mean_validation,roman-empire,GT,BASE,3,5,0.8858100771903992,acc
mean_validation,roman-empire,GT,BASE,4,5,0.8822802305221558,acc
mean_validation,roman-empire,GT,BASE,5,5,0.8932226896286011,acc
mean_validation,roman-empire,GT,BASE,6,5,0.8859865665435791,acc
mean_validation,roman-empire,GT,BASE,7,5,0.8757500648498535,acc
mean_validation,roman-empire,GT,BASE,8,5,0.8762795329093933,acc
mean_validation,roman-empire,GT,BASE,9,5,0.8835156559944153,acc
split0_validation,roman-empire,GT,BASE,0,5,0.8775149583816528,acc
split0_validation,roman-empire,GT,BASE,1,5,0.8865160346031189,acc
split0_validation,roman-empire,GT,BASE,2,5,0.8780444264411926,acc
split0_validation,roman-empire,GT,BASE,3,5,0.8858100771903992,acc
split0_validation,roman-empire,GT,BASE,4,5,0.8822802305221558,acc
split0_validation,roman-empire,GT,BASE,5,5,0.8932226896286011,acc
split0_validation,roman-empire,GT,BASE,6,5,0.8859865665435791,acc
split0_validation,roman-empire,GT,BASE,7,5,0.8757500648498535,acc
split0_validation,roman-empire,GT,BASE,8,5,0.8762795329093933,acc
split0_validation,roman-empire,GT,BASE,9,5,0.8835156559944153,acc
per_split_validation,roman-empire,GT-sep,BASE,0,5,0.8738086819648743,acc
per_split_validation,roman-empire,GT-sep,BASE,1,5,0.8785739541053772,acc
per_split_validation,roman-empire,GT-sep,BASE,2,5,0.8768090009689331,acc
per_split_validation,roman-empire,GT-sep,BASE,3,5,0.8755735754966736,acc
per_split_validation,roman-empire,GT-sep,BASE,4,5,0.8782209157943726,acc
per_split_validation,roman-empire,GT-sep,BASE,5,5,0.8819272518157959,acc
per_split_validation,roman-empire,GT-sep,BASE,6,5,0.8757500648498535,acc
per_split_validation,roman-empire,GT-sep,BASE,7,5,0.8644546270370483,acc
per_split_validation,roman-empire,GT-sep,BASE,8,5,0.8693963885307312,acc
per_split_validation,roman-empire,GT-sep,BASE,9,5,0.8715142607688904,acc
mean_validation,roman-empire,GT-sep,BASE,0,5,0.8738086819648743,acc
mean_validation,roman-empire,GT-sep,BASE,1,5,0.8785739541053772,acc
mean_validation,roman-empire,GT-sep,BASE,2,5,0.8768090009689331,acc
mean_validation,roman-empire,GT-sep,BASE,3,5,0.8755735754966736,acc
mean_validation,roman-empire,GT-sep,BASE,4,5,0.8782209157943726,acc
mean_validation,roman-empire,GT-sep,BASE,5,5,0.8819272518157959,acc
mean_validation,roman-empire,GT-sep,BASE,6,5,0.8757500648498535,acc
mean_validation,roman-empire,GT-sep,BASE,7,5,0.8644546270370483,acc
mean_validation,roman-empire,GT-sep,BASE,8,5,0.8693963885307312,acc
mean_validation,roman-empire,GT-sep,BASE,9,5,0.8715142607688904,acc
split0_validation,roman-empire,GT-sep,BASE,0,5,0.8738086819648743,acc
split0_validation,roman-empire,GT-sep,BASE,1,5,0.8785739541053772,acc
split0_validation,roman-empire,GT-sep,BASE,2,5,0.8768090009689331,acc
split0_validation,roman-empire,GT-sep,BASE,3,5,0.8755735754966736,acc
split0_validation,roman-empire,GT-sep,BASE,4,5,0.8782209157943726,acc
split0_validation,roman-empire,GT-sep,BASE,5,5,0.8819272518157959,acc
split0_validation,roman-empire,GT-sep,BASE,6,5,0.8757500648498535,acc
split0_validation,roman-empire,GT-sep,BASE,7,5,0.8644546270370483,acc
split0_validation,roman-empire,GT-sep,BASE,8,5,0.8693963885307312,acc
split0_validation,roman-empire,GT-sep,BASE,9,5,0.8715142607688904,acc
per_split_validation,roman-empire,ResNet,BASE,0,3,0.656194806098938,acc
per_split_validation,roman-empire,ResNet,BASE,1,1,0.6643134355545044,acc
per_split_validation,roman-empire,ResNet,BASE,2,2,0.6574302911758423,acc
per_split_validation,roman-empire,ResNet,BASE,3,5,0.6613130569458008,acc
per_split_validation,roman-empire,ResNet,BASE,4,5,0.6567242741584778,acc
per_split_validation,roman-empire,ResNet,BASE,5,5,0.6623720526695251,acc
per_split_validation,roman-empire,ResNet,BASE,6,2,0.6560183167457581,acc
per_split_validation,roman-empire,ResNet,BASE,7,2,0.6614895462989807,acc
per_split_validation,roman-empire,ResNet,BASE,8,4,0.6590186953544617,acc
per_split_validation,roman-empire,ResNet,BASE,9,3,0.6528415083885193,acc
mean_validation,roman-empire,ResNet,BASE,0,3,0.656194806098938,acc
mean_validation,roman-empire,ResNet,BASE,1,3,0.6644899249076843,acc
mean_validation,roman-empire,ResNet,BASE,2,3,0.6576067805290222,acc
mean_validation,roman-empire,ResNet,BASE,3,3,0.6625485420227051,acc
mean_validation,roman-empire,ResNet,BASE,4,3,0.6570773124694824,acc
mean_validation,roman-empire,ResNet,BASE,5,3,0.6524885296821594,acc
mean_validation,roman-empire,ResNet,BASE,6,3,0.6530179977416992,acc
mean_validation,roman-empire,ResNet,BASE,7,3,0.6616660356521606,acc
mean_validation,roman-empire,ResNet,BASE,8,3,0.662725031375885,acc
mean_validation,roman-empire,ResNet,BASE,9,3,0.6528415083885193,acc
split0_validation,roman-empire,ResNet,BASE,0,3,0.656194806098938,acc
split0_validation,roman-empire,ResNet,BASE,1,3,0.6644899249076843,acc
split0_validation,roman-empire,ResNet,BASE,2,3,0.6576067805290222,acc
split0_validation,roman-empire,ResNet,BASE,3,3,0.6625485420227051,acc
split0_validation,roman-empire,ResNet,BASE,4,3,0.6570773124694824,acc
split0_validation,roman-empire,ResNet,BASE,5,3,0.6524885296821594,acc
split0_validation,roman-empire,ResNet,BASE,6,3,0.6530179977416992,acc
split0_validation,roman-empire,ResNet,BASE,7,3,0.6616660356521606,acc
split0_validation,roman-empire,ResNet,BASE,8,3,0.662725031375885,acc
split0_validation,roman-empire,ResNet,BASE,9,3,0.6528415083885193,acc
per_split_validation,roman-empire,TAG,BASE,0,5,0.8709847927093506,acc
per_split_validation,roman-empire,TAG,BASE,1,4,0.8736321926116943,acc
per_split_validation,roman-empire,TAG,BASE,2,5,0.8732791543006897,acc
per_split_validation,roman-empire,TAG,BASE,3,5,0.8709847927093506,acc
per_split_validation,roman-empire,TAG,BASE,4,5,0.8743381500244141,acc
per_split_validation,roman-empire,TAG,BASE,5,5,0.8854570984840393,acc
per_split_validation,roman-empire,TAG,BASE,6,5,0.8778679370880127,acc
per_split_validation,roman-empire,TAG,BASE,7,5,0.8761030435562134,acc
per_split_validation,roman-empire,TAG,BASE,8,5,0.8639251589775085,acc
per_split_validation,roman-empire,TAG,BASE,9,4,0.8755735754966736,acc
mean_validation,roman-empire,TAG,BASE,0,5,0.8709847927093506,acc
mean_validation,roman-empire,TAG,BASE,1,5,0.8798093795776367,acc
mean_validation,roman-empire,TAG,BASE,2,5,0.8732791543006897,acc
mean_validation,roman-empire,TAG,BASE,3,5,0.8709847927093506,acc
mean_validation,roman-empire,TAG,BASE,4,5,0.8743381500244141,acc
mean_validation,roman-empire,TAG,BASE,5,5,0.8854570984840393,acc
mean_validation,roman-empire,TAG,BASE,6,5,0.8778679370880127,acc
mean_validation,roman-empire,TAG,BASE,7,5,0.8761030435562134,acc
mean_validation,roman-empire,TAG,BASE,8,5,0.8639251589775085,acc
mean_validation,roman-empire,TAG,BASE,9,5,0.8718672394752502,acc
split0_validation,roman-empire,TAG,BASE,0,5,0.8709847927093506,acc
split0_validation,roman-empire,TAG,BASE,1,5,0.8798093795776367,acc
split0_validation,roman-empire,TAG,BASE,2,5,0.8732791543006897,acc
split0_validation,roman-empire,TAG,BASE,3,5,0.8709847927093506,acc
split0_validation,roman-empire,TAG,BASE,4,5,0.8743381500244141,acc
split0_validation,roman-empire,TAG,BASE,5,5,0.8854570984840393,acc
split0_validation,roman-empire,TAG,BASE,6,5,0.8778679370880127,acc
split0_validation,roman-empire,TAG,BASE,7,5,0.8761030435562134,acc
split0_validation,roman-empire,TAG,BASE,8,5,0.8639251589775085,acc
split0_validation,roman-empire,TAG,BASE,9,5,0.8718672394752502,acc
per_split_validation,roman-empire,GCN,ENS,0,5,0.7500882148742676,acc
per_split_validation,roman-empire,GCN,ENS,1,4,0.7380868196487427,acc
per_split_validation,roman-empire,GCN,ENS,2,5,0.7622660994529724,acc
per_split_validation,roman-empire,GCN,ENS,3,4,0.753618061542511,acc
per_split_validation,roman-empire,GCN,ENS,4,3,0.7423226237297058,acc
per_split_validation,roman-empire,GCN,ENS,5,4,0.753618061542511,acc
per_split_validation,roman-empire,GCN,ENS,6,5,0.7619131207466125,acc
per_split_validation,roman-empire,GCN,ENS,7,5,0.7509706616401672,acc
per_split_validation,roman-empire,GCN,ENS,8,5,0.7545005083084106,acc
per_split_validation,roman-empire,GCN,ENS,9,5,0.7571478486061096,acc
mean_validation,roman-empire,GCN,ENS,0,5,0.7500882148742676,acc
mean_validation,roman-empire,GCN,ENS,1,5,0.7313801646232605,acc
mean_validation,roman-empire,GCN,ENS,2,5,0.7622660994529724,acc
mean_validation,roman-empire,GCN,ENS,3,5,0.7605012059211731,acc
mean_validation,roman-empire,GCN,ENS,4,5,0.7267913818359375,acc
mean_validation,roman-empire,GCN,ENS,5,5,0.7484998106956482,acc
mean_validation,roman-empire,GCN,ENS,6,5,0.7619131207466125,acc
mean_validation,roman-empire,GCN,ENS,7,5,0.7509706616401672,acc
mean_validation,roman-empire,GCN,ENS,8,5,0.7545005083084106,acc
mean_validation,roman-empire,GCN,ENS,9,5,0.7571478486061096,acc
split0_validation,roman-empire,GCN,ENS,0,5,0.7500882148742676,acc
split0_validation,roman-empire,GCN,ENS,1,5,0.7313801646232605,acc
split0_validation,roman-empire,GCN,ENS,2,5,0.7622660994529724,acc
split0_validation,roman-empire,GCN,ENS,3,5,0.7605012059211731,acc
split0_validation,roman-empire,GCN,ENS,4,5,0.7267913818359375,acc
split0_validation,roman-empire,GCN,ENS,5,5,0.7484998106956482,acc
split0_validation,roman-empire,GCN,ENS,6,5,0.7619131207466125,acc
split0_validation,roman-empire,GCN,ENS,7,5,0.7509706616401672,acc
split0_validation,roman-empire,GCN,ENS,8,5,0.7545005083084106,acc
split0_validation,roman-empire,GCN,ENS,9,5,0.7571478486061096,acc
per_split_validation,roman-empire,SAGE,ENS,0,5,0.8701023459434509,acc
per_split_validation,roman-empire,SAGE,ENS,1,5,0.8780444264411926,acc
per_split_validation,roman-empire,SAGE,ENS,2,5,0.8731026649475098,acc
per_split_validation,roman-empire,SAGE,ENS,3,5,0.8768090009689331,acc
per_split_validation,roman-empire,SAGE,ENS,4,5,0.8739851713180542,acc
per_split_validation,roman-empire,SAGE,ENS,5,5,0.8851041197776794,acc
per_split_validation,roman-empire,SAGE,ENS,6,5,0.87239670753479,acc
per_split_validation,roman-empire,SAGE,ENS,7,5,0.8746911287307739,acc
per_split_validation,roman-empire,SAGE,ENS,8,5,0.8755735754966736,acc
per_split_validation,roman-empire,SAGE,ENS,9,5,0.8667489886283875,acc
mean_validation,roman-empire,SAGE,ENS,0,5,0.8701023459434509,acc
mean_validation,roman-empire,SAGE,ENS,1,5,0.8780444264411926,acc
mean_validation,roman-empire,SAGE,ENS,2,5,0.8731026649475098,acc
mean_validation,roman-empire,SAGE,ENS,3,5,0.8768090009689331,acc
mean_validation,roman-empire,SAGE,ENS,4,5,0.8739851713180542,acc
mean_validation,roman-empire,SAGE,ENS,5,5,0.8851041197776794,acc
mean_validation,roman-empire,SAGE,ENS,6,5,0.87239670753479,acc
mean_validation,roman-empire,SAGE,ENS,7,5,0.8746911287307739,acc
mean_validation,roman-empire,SAGE,ENS,8,5,0.8755735754966736,acc
mean_validation,roman-empire,SAGE,ENS,9,5,0.8667489886283875,acc
split0_validation,roman-empire,SAGE,ENS,0,5,0.8701023459434509,acc
split0_validation,roman-empire,SAGE,ENS,1,5,0.8780444264411926,acc
split0_validation,roman-empire,SAGE,ENS,2,5,0.8731026649475098,acc
split0_validation,roman-empire,SAGE,ENS,3,5,0.8768090009689331,acc
split0_validation,roman-empire,SAGE,ENS,4,5,0.8739851713180542,acc
split0_validation,roman-empire,SAGE,ENS,5,5,0.8851041197776794,acc
split0_validation,roman-empire,SAGE,ENS,6,5,0.87239670753479,acc
split0_validation,roman-empire,SAGE,ENS,7,5,0.8746911287307739,acc
split0_validation,roman-empire,SAGE,ENS,8,5,0.8755735754966736,acc
split0_validation,roman-empire,SAGE,ENS,9,5,0.8667489886283875,acc
per_split_validation,roman-empire,GAT,ENS,0,5,0.8333921432495117,acc
per_split_validation,roman-empire,GAT,ENS,1,5,0.8415107131004333,acc
per_split_validation,roman-empire,GAT,ENS,2,4,0.8363925218582153,acc
per_split_validation,roman-empire,GAT,ENS,3,5,0.8432756662368774,acc
per_split_validation,roman-empire,GAT,ENS,4,4,0.8367455005645752,acc
per_split_validation,roman-empire,GAT,ENS,5,5,0.8390398621559143,acc
per_split_validation,roman-empire,GAT,ENS,6,5,0.8469820022583008,acc
per_split_validation,roman-empire,GAT,ENS,7,4,0.8404517769813538,acc
per_split_validation,roman-empire,GAT,ENS,8,5,0.8342745900154114,acc
per_split_validation,roman-empire,GAT,ENS,9,5,0.837274968624115,acc
mean_validation,roman-empire,GAT,ENS,0,5,0.8333921432495117,acc
mean_validation,roman-empire,GAT,ENS,1,5,0.8415107131004333,acc
mean_validation,roman-empire,GAT,ENS,2,5,0.8363925218582153,acc
mean_validation,roman-empire,GAT,ENS,3,5,0.8432756662368774,acc
mean_validation,roman-empire,GAT,ENS,4,5,0.8355100154876709,acc
mean_validation,roman-empire,GAT,ENS,5,5,0.8390398621559143,acc
mean_validation,roman-empire,GAT,ENS,6,5,0.8469820022583008,acc
mean_validation,roman-empire,GAT,ENS,7,5,0.8365690112113953,acc
mean_validation,roman-empire,GAT,ENS,8,5,0.8342745900154114,acc
mean_validation,roman-empire,GAT,ENS,9,5,0.837274968624115,acc
split0_validation,roman-empire,GAT,ENS,0,5,0.8333921432495117,acc
split0_validation,roman-empire,GAT,ENS,1,5,0.8415107131004333,acc
split0_validation,roman-empire,GAT,ENS,2,5,0.8363925218582153,acc
split0_validation,roman-empire,GAT,ENS,3,5,0.8432756662368774,acc
split0_validation,roman-empire,GAT,ENS,4,5,0.8355100154876709,acc
split0_validation,roman-empire,GAT,ENS,5,5,0.8390398621559143,acc
split0_validation,roman-empire,GAT,ENS,6,5,0.8469820022583008,acc
split0_validation,roman-empire,GAT,ENS,7,5,0.8365690112113953,acc
split0_validation,roman-empire,GAT,ENS,8,5,0.8342745900154114,acc
split0_validation,roman-empire,GAT,ENS,9,5,0.837274968624115,acc
per_split_validation,roman-empire,GAT-sep,ENS,0,5,0.8986939191818237,acc
per_split_validation,roman-empire,GAT-sep,ENS,1,5,0.9032827019691467,acc
per_split_validation,roman-empire,GAT-sep,ENS,2,5,0.9002823829650879,acc
per_split_validation,roman-empire,GAT-sep,ENS,3,5,0.9045181274414062,acc
per_split_validation,roman-empire,GAT-sep,ENS,4,5,0.9015178084373474,acc
per_split_validation,roman-empire,GAT-sep,ENS,5,5,0.9105188846588135,acc
per_split_validation,roman-empire,GAT-sep,ENS,6,5,0.9034591913223267,acc
per_split_validation,roman-empire,GAT-sep,ENS,7,5,0.8949876427650452,acc
per_split_validation,roman-empire,GAT-sep,ENS,8,5,0.8963995575904846,acc
per_split_validation,roman-empire,GAT-sep,ENS,9,5,0.9004588723182678,acc
mean_validation,roman-empire,GAT-sep,ENS,0,5,0.8986939191818237,acc
mean_validation,roman-empire,GAT-sep,ENS,1,5,0.9032827019691467,acc
mean_validation,roman-empire,GAT-sep,ENS,2,5,0.9002823829650879,acc
mean_validation,roman-empire,GAT-sep,ENS,3,5,0.9045181274414062,acc
mean_validation,roman-empire,GAT-sep,ENS,4,5,0.9015178084373474,acc
mean_validation,roman-empire,GAT-sep,ENS,5,5,0.9105188846588135,acc
mean_validation,roman-empire,GAT-sep,ENS,6,5,0.9034591913223267,acc
mean_validation,roman-empire,GAT-sep,ENS,7,5,0.8949876427650452,acc
mean_validation,roman-empire,GAT-sep,ENS,8,5,0.8963995575904846,acc
mean_validation,roman-empire,GAT-sep,ENS,9,5,0.9004588723182678,acc
split0_validation,roman-empire,GAT-sep,ENS,0,5,0.8986939191818237,acc
split0_validation,roman-empire,GAT-sep,ENS,1,5,0.9032827019691467,acc
split0_validation,roman-empire,GAT-sep,ENS,2,5,0.9002823829650879,acc
split0_validation,roman-empire,GAT-sep,ENS,3,5,0.9045181274414062,acc
split0_validation,roman-empire,GAT-sep,ENS,4,5,0.9015178084373474,acc
split0_validation,roman-empire,GAT-sep,ENS,5,5,0.9105188846588135,acc
split0_validation,roman-empire,GAT-sep,ENS,6,5,0.9034591913223267,acc
split0_validation,roman-empire,GAT-sep,ENS,7,5,0.8949876427650452,acc
split0_validation,roman-empire,GAT-sep,ENS,8,5,0.8963995575904846,acc
split0_validation,roman-empire,GAT-sep,ENS,9,5,0.9004588723182678,acc
per_split_validation,roman-empire,GT,ENS,0,5,0.8859865665435791,acc
per_split_validation,roman-empire,GT,ENS,1,5,0.8944581747055054,acc
per_split_validation,roman-empire,GT,ENS,2,5,0.8914577960968018,acc
per_split_validation,roman-empire,GT,ENS,3,5,0.8900458812713623,acc
per_split_validation,roman-empire,GT,ENS,4,5,0.8941051363945007,acc
per_split_validation,roman-empire,GT,ENS,5,5,0.8956936001777649,acc
per_split_validation,roman-empire,GT,ENS,6,5,0.893399178981781,acc
per_split_validation,roman-empire,GT,ENS,7,5,0.8813977837562561,acc
per_split_validation,roman-empire,GT,ENS,8,5,0.8877514600753784,acc
per_split_validation,roman-empire,GT,ENS,9,5,0.8866925239562988,acc
mean_validation,roman-empire,GT,ENS,0,5,0.8859865665435791,acc
mean_validation,roman-empire,GT,ENS,1,5,0.8944581747055054,acc
mean_validation,roman-empire,GT,ENS,2,5,0.8914577960968018,acc
mean_validation,roman-empire,GT,ENS,3,5,0.8900458812713623,acc
mean_validation,roman-empire,GT,ENS,4,5,0.8941051363945007,acc
mean_validation,roman-empire,GT,ENS,5,5,0.8956936001777649,acc
mean_validation,roman-empire,GT,ENS,6,5,0.893399178981781,acc
mean_validation,roman-empire,GT,ENS,7,5,0.8813977837562561,acc
mean_validation,roman-empire,GT,ENS,8,5,0.8877514600753784,acc
mean_validation,roman-empire,GT,ENS,9,5,0.8866925239562988,acc
split0_validation,roman-empire,GT,ENS,0,5,0.8859865665435791,acc
split0_validation,roman-empire,GT,ENS,1,5,0.8944581747055054,acc
split0_validation,roman-empire,GT,ENS,2,5,0.8914577960968018,acc
split0_validation,roman-empire,GT,ENS,3,5,0.8900458812713623,acc
split0_validation,roman-empire,GT,ENS,4,5,0.8941051363945007,acc
split0_validation,roman-empire,GT,ENS,5,5,0.8956936001777649,acc
split0_validation,roman-empire,GT,ENS,6,5,0.893399178981781,acc
split0_validation,roman-empire,GT,ENS,7,5,0.8813977837562561,acc
split0_validation,roman-empire,GT,ENS,8,5,0.8877514600753784,acc
split0_validation,roman-empire,GT,ENS,9,5,0.8866925239562988,acc
per_split_validation,roman-empire,GT-sep,ENS,0,5,0.8773384690284729,acc
per_split_validation,roman-empire,GT-sep,ENS,1,5,0.8879279494285583,acc
per_split_validation,roman-empire,GT-sep,ENS,2,5,0.8858100771903992,acc
per_split_validation,roman-empire,GT-sep,ENS,3,5,0.881574273109436,acc
per_split_validation,roman-empire,GT-sep,ENS,4,5,0.8836921453475952,acc
per_split_validation,roman-empire,GT-sep,ENS,5,5,0.8873984813690186,acc
per_split_validation,roman-empire,GT-sep,ENS,6,5,0.8810448050498962,acc
per_split_validation,roman-empire,GT-sep,ENS,7,5,0.8780444264411926,acc
per_split_validation,roman-empire,GT-sep,ENS,8,5,0.8778679370880127,acc
per_split_validation,roman-empire,GT-sep,ENS,9,5,0.8801623582839966,acc
mean_validation,roman-empire,GT-sep,ENS,0,5,0.8773384690284729,acc
mean_validation,roman-empire,GT-sep,ENS,1,5,0.8879279494285583,acc
mean_validation,roman-empire,GT-sep,ENS,2,5,0.8858100771903992,acc
mean_validation,roman-empire,GT-sep,ENS,3,5,0.881574273109436,acc
mean_validation,roman-empire,GT-sep,ENS,4,5,0.8836921453475952,acc
mean_validation,roman-empire,GT-sep,ENS,5,5,0.8873984813690186,acc
mean_validation,roman-empire,GT-sep,ENS,6,5,0.8810448050498962,acc
mean_validation,roman-empire,GT-sep,ENS,7,5,0.8780444264411926,acc
mean_validation,roman-empire,GT-sep,ENS,8,5,0.8778679370880127,acc
mean_validation,roman-empire,GT-sep,ENS,9,5,0.8801623582839966,acc
split0_validation,roman-empire,GT-sep,ENS,0,5,0.8773384690284729,acc
split0_validation,roman-empire,GT-sep,ENS,1,5,0.8879279494285583,acc
split0_validation,roman-empire,GT-sep,ENS,2,5,0.8858100771903992,acc
split0_validation,roman-empire,GT-sep,ENS,3,5,0.881574273109436,acc
split0_validation,roman-empire,GT-sep,ENS,4,5,0.8836921453475952,acc
split0_validation,roman-empire,GT-sep,ENS,5,5,0.8873984813690186,acc
split0_validation,roman-empire,GT-sep,ENS,6,5,0.8810448050498962,acc
split0_validation,roman-empire,GT-sep,ENS,7,5,0.8780444264411926,acc
split0_validation,roman-empire,GT-sep,ENS,8,5,0.8778679370880127,acc
split0_validation,roman-empire,GT-sep,ENS,9,5,0.8801623582839966,acc
per_split_validation,roman-empire,ResNet,ENS,0,2,0.6583127379417419,acc
per_split_validation,roman-empire,ResNet,ENS,1,1,0.6673137545585632,acc
per_split_validation,roman-empire,ResNet,ENS,2,2,0.6616660356521606,acc
per_split_validation,roman-empire,ResNet,ENS,3,4,0.6660783290863037,acc
per_split_validation,roman-empire,ResNet,ENS,4,2,0.6604306101799011,acc
per_split_validation,roman-empire,ResNet,ENS,5,2,0.6659018397331238,acc
per_split_validation,roman-empire,ResNet,ENS,6,1,0.6576067805290222,acc
per_split_validation,roman-empire,ResNet,ENS,7,1,0.6621955037117004,acc
per_split_validation,roman-empire,ResNet,ENS,8,4,0.6660783290863037,acc
per_split_validation,roman-empire,ResNet,ENS,9,1,0.6507235765457153,acc
mean_validation,roman-empire,ResNet,ENS,0,2,0.6583127379417419,acc
mean_validation,roman-empire,ResNet,ENS,1,2,0.6667842864990234,acc
mean_validation,roman-empire,ResNet,ENS,2,2,0.6616660356521606,acc
mean_validation,roman-empire,ResNet,ENS,3,2,0.6644899249076843,acc
mean_validation,roman-empire,ResNet,ENS,4,2,0.6604306101799011,acc
mean_validation,roman-empire,ResNet,ENS,5,2,0.6659018397331238,acc
mean_validation,roman-empire,ResNet,ENS,6,2,0.6574302911758423,acc
mean_validation,roman-empire,ResNet,ENS,7,2,0.6646664142608643,acc
mean_validation,roman-empire,ResNet,ENS,8,2,0.6657253503799438,acc
mean_validation,roman-empire,ResNet,ENS,9,2,0.6496646404266357,acc
split0_validation,roman-empire,ResNet,ENS,0,2,0.6583127379417419,acc
split0_validation,roman-empire,ResNet,ENS,1,2,0.6667842864990234,acc
split0_validation,roman-empire,ResNet,ENS,2,2,0.6616660356521606,acc
split0_validation,roman-empire,ResNet,ENS,3,2,0.6644899249076843,acc
split0_validation,roman-empire,ResNet,ENS,4,2,0.6604306101799011,acc
split0_validation,roman-empire,ResNet,ENS,5,2,0.6659018397331238,acc
split0_validation,roman-empire,ResNet,ENS,6,2,0.6574302911758423,acc
split0_validation,roman-empire,ResNet,ENS,7,2,0.6646664142608643,acc
split0_validation,roman-empire,ResNet,ENS,8,2,0.6657253503799438,acc
split0_validation,roman-empire,ResNet,ENS,9,2,0.6496646404266357,acc
per_split_validation,roman-empire,TAG,ENS,0,5,0.8775149583816528,acc
per_split_validation,roman-empire,TAG,ENS,1,5,0.8932226896286011,acc
per_split_validation,roman-empire,TAG,ENS,2,5,0.8859865665435791,acc
per_split_validation,roman-empire,TAG,ENS,3,5,0.876985490322113,acc
per_split_validation,roman-empire,TAG,ENS,4,5,0.8801623582839966,acc
per_split_validation,roman-empire,TAG,ENS,5,5,0.8937521576881409,acc
per_split_validation,roman-empire,TAG,ENS,6,5,0.8852806091308594,acc
per_split_validation,roman-empire,TAG,ENS,7,4,0.8776914477348328,acc
per_split_validation,roman-empire,TAG,ENS,8,5,0.8783974051475525,acc
per_split_validation,roman-empire,TAG,ENS,9,4,0.8843981623649597,acc
mean_validation,roman-empire,TAG,ENS,0,5,0.8775149583816528,acc
mean_validation,roman-empire,TAG,ENS,1,5,0.8932226896286011,acc
mean_validation,roman-empire,TAG,ENS,2,5,0.8859865665435791,acc
mean_validation,roman-empire,TAG,ENS,3,5,0.876985490322113,acc
mean_validation,roman-empire,TAG,ENS,4,5,0.8801623582839966,acc
mean_validation,roman-empire,TAG,ENS,5,5,0.8937521576881409,acc
mean_validation,roman-empire,TAG,ENS,6,5,0.8852806091308594,acc
mean_validation,roman-empire,TAG,ENS,7,5,0.8746911287307739,acc
mean_validation,roman-empire,TAG,ENS,8,5,0.8783974051475525,acc
mean_validation,roman-empire,TAG,ENS,9,5,0.8828096985816956,acc
split0_validation,roman-empire,TAG,ENS,0,5,0.8775149583816528,acc
split0_validation,roman-empire,TAG,ENS,1,5,0.8932226896286011,acc
split0_validation,roman-empire,TAG,ENS,2,5,0.8859865665435791,acc
split0_validation,roman-empire,TAG,ENS,3,5,0.876985490322113,acc
split0_validation,roman-empire,TAG,ENS,4,5,0.8801623582839966,acc
split0_validation,roman-empire,TAG,ENS,5,5,0.8937521576881409,acc
split0_validation,roman-empire,TAG,ENS,6,5,0.8852806091308594,acc
split0_validation,roman-empire,TAG,ENS,7,5,0.8746911287307739,acc
split0_validation,roman-empire,TAG,ENS,8,5,0.8783974051475525,acc
split0_validation,roman-empire,TAG,ENS,9,5,0.8828096985816956,acc
per_split_validation,roman-empire,GCN,GNNM,0,5,0.7728555798530579,acc
per_split_validation,roman-empire,GCN,GNNM,1,4,0.7717966437339783,acc
per_split_validation,roman-empire,GCN,GNNM,2,5,0.7797387838363647,acc
per_split_validation,roman-empire,GCN,GNNM,3,5,0.7728555798530579,acc
per_split_validation,roman-empire,GCN,GNNM,4,5,0.7820331454277039,acc
per_split_validation,roman-empire,GCN,GNNM,5,4,0.7822096347808838,acc
per_split_validation,roman-empire,GCN,GNNM,6,4,0.7679138779640198,acc
per_split_validation,roman-empire,GCN,GNNM,7,5,0.7859159708023071,acc
per_split_validation,roman-empire,GCN,GNNM,8,5,0.7786798477172852,acc
per_split_validation,roman-empire,GCN,GNNM,9,5,0.7799152731895447,acc
mean_validation,roman-empire,GCN,GNNM,0,5,0.7728555798530579,acc
mean_validation,roman-empire,GCN,GNNM,1,5,0.7689728140830994,acc
mean_validation,roman-empire,GCN,GNNM,2,5,0.7797387838363647,acc
mean_validation,roman-empire,GCN,GNNM,3,5,0.7728555798530579,acc
mean_validation,roman-empire,GCN,GNNM,4,5,0.7820331454277039,acc
mean_validation,roman-empire,GCN,GNNM,5,5,0.7823861241340637,acc
mean_validation,roman-empire,GCN,GNNM,6,5,0.7504411935806274,acc
mean_validation,roman-empire,GCN,GNNM,7,5,0.7859159708023071,acc
mean_validation,roman-empire,GCN,GNNM,8,5,0.7786798477172852,acc
mean_validation,roman-empire,GCN,GNNM,9,5,0.7799152731895447,acc
split0_validation,roman-empire,GCN,GNNM,0,5,0.7728555798530579,acc
split0_validation,roman-empire,GCN,GNNM,1,5,0.7689728140830994,acc
split0_validation,roman-empire,GCN,GNNM,2,5,0.7797387838363647,acc
split0_validation,roman-empire,GCN,GNNM,3,5,0.7728555798530579,acc
split0_validation,roman-empire,GCN,GNNM,4,5,0.7820331454277039,acc
split0_validation,roman-empire,GCN,GNNM,5,5,0.7823861241340637,acc
split0_validation,roman-empire,GCN,GNNM,6,5,0.7504411935806274,acc
split0_validation,roman-empire,GCN,GNNM,7,5,0.7859159708023071,acc
split0_validation,roman-empire,GCN,GNNM,8,5,0.7786798477172852,acc
split0_validation,roman-empire,GCN,GNNM,9,5,0.7799152731895447,acc
per_split_validation,roman-empire,SAGE,GNNM,0,5,0.899929404258728,acc
per_split_validation,roman-empire,SAGE,GNNM,1,5,0.9094598889350891,acc
per_split_validation,roman-empire,SAGE,GNNM,2,5,0.897987961769104,acc
per_split_validation,roman-empire,SAGE,GNNM,3,5,0.897987961769104,acc
per_split_validation,roman-empire,SAGE,GNNM,4,5,0.9011648297309875,acc
per_split_validation,roman-empire,SAGE,GNNM,5,5,0.9085774421691895,acc
per_split_validation,roman-empire,SAGE,GNNM,6,5,0.8958700895309448,acc
per_split_validation,roman-empire,SAGE,GNNM,7,5,0.8971055150032043,acc
per_split_validation,roman-empire,SAGE,GNNM,8,5,0.9002823829650879,acc
per_split_validation,roman-empire,SAGE,GNNM,9,4,0.8956936001777649,acc
mean_validation,roman-empire,SAGE,GNNM,0,5,0.899929404258728,acc
mean_validation,roman-empire,SAGE,GNNM,1,5,0.9094598889350891,acc
mean_validation,roman-empire,SAGE,GNNM,2,5,0.897987961769104,acc
mean_validation,roman-empire,SAGE,GNNM,3,5,0.897987961769104,acc
mean_validation,roman-empire,SAGE,GNNM,4,5,0.9011648297309875,acc
mean_validation,roman-empire,SAGE,GNNM,5,5,0.9085774421691895,acc
mean_validation,roman-empire,SAGE,GNNM,6,5,0.8958700895309448,acc
mean_validation,roman-empire,SAGE,GNNM,7,5,0.8971055150032043,acc
mean_validation,roman-empire,SAGE,GNNM,8,5,0.9002823829650879,acc
mean_validation,roman-empire,SAGE,GNNM,9,5,0.8923402428627014,acc
split0_validation,roman-empire,SAGE,GNNM,0,5,0.899929404258728,acc
split0_validation,roman-empire,SAGE,GNNM,1,5,0.9094598889350891,acc
split0_validation,roman-empire,SAGE,GNNM,2,5,0.897987961769104,acc
split0_validation,roman-empire,SAGE,GNNM,3,5,0.897987961769104,acc
split0_validation,roman-empire,SAGE,GNNM,4,5,0.9011648297309875,acc
split0_validation,roman-empire,SAGE,GNNM,5,5,0.9085774421691895,acc
split0_validation,roman-empire,SAGE,GNNM,6,5,0.8958700895309448,acc
split0_validation,roman-empire,SAGE,GNNM,7,5,0.8971055150032043,acc
split0_validation,roman-empire,SAGE,GNNM,8,5,0.9002823829650879,acc
split0_validation,roman-empire,SAGE,GNNM,9,5,0.8923402428627014,acc
per_split_validation,roman-empire,GAT,GNNM,0,5,0.8266854882240295,acc
per_split_validation,roman-empire,GAT,GNNM,1,5,0.8254500031471252,acc
per_split_validation,roman-empire,GAT,GNNM,2,4,0.8261560201644897,acc
per_split_validation,roman-empire,GAT,GNNM,3,4,0.8261560201644897,acc
per_split_validation,roman-empire,GAT,GNNM,4,4,0.8319802284240723,acc
per_split_validation,roman-empire,GAT,GNNM,5,5,0.8303917646408081,acc
per_split_validation,roman-empire,GAT,GNNM,6,4,0.8187433481216431,acc
per_split_validation,roman-empire,GAT,GNNM,7,5,0.837274968624115,acc
per_split_validation,roman-empire,GAT,GNNM,8,5,0.8238615989685059,acc
per_split_validation,roman-empire,GAT,GNNM,9,4,0.8243910670280457,acc
mean_validation,roman-empire,GAT,GNNM,0,5,0.8266854882240295,acc
mean_validation,roman-empire,GAT,GNNM,1,5,0.8254500031471252,acc
mean_validation,roman-empire,GAT,GNNM,2,5,0.8229791522026062,acc
mean_validation,roman-empire,GAT,GNNM,3,5,0.8300387859344482,acc
mean_validation,roman-empire,GAT,GNNM,4,5,0.8273914456367493,acc
mean_validation,roman-empire,GAT,GNNM,5,5,0.8303917646408081,acc
mean_validation,roman-empire,GAT,GNNM,6,5,0.8261560201644897,acc
mean_validation,roman-empire,GAT,GNNM,7,5,0.837274968624115,acc
mean_validation,roman-empire,GAT,GNNM,8,5,0.8238615989685059,acc
mean_validation,roman-empire,GAT,GNNM,9,5,0.8247440457344055,acc
split0_validation,roman-empire,GAT,GNNM,0,5,0.8266854882240295,acc
split0_validation,roman-empire,GAT,GNNM,1,5,0.8254500031471252,acc
split0_validation,roman-empire,GAT,GNNM,2,5,0.8229791522026062,acc
split0_validation,roman-empire,GAT,GNNM,3,5,0.8300387859344482,acc
split0_validation,roman-empire,GAT,GNNM,4,5,0.8273914456367493,acc
split0_validation,roman-empire,GAT,GNNM,5,5,0.8303917646408081,acc
split0_validation,roman-empire,GAT,GNNM,6,5,0.8261560201644897,acc
split0_validation,roman-empire,GAT,GNNM,7,5,0.837274968624115,acc
split0_validation,roman-empire,GAT,GNNM,8,5,0.8238615989685059,acc
split0_validation,roman-empire,GAT,GNNM,9,5,0.8247440457344055,acc
per_split_validation,roman-empire,GAT-sep,GNNM,0,4,0.9085774421691895,acc
per_split_validation,roman-empire,GAT-sep,GNNM,1,5,0.9131662249565125,acc
per_split_validation,roman-empire,GAT-sep,GNNM,2,5,0.9105188846588135,acc
per_split_validation,roman-empire,GAT-sep,GNNM,3,4,0.9105188846588135,acc
per_split_validation,roman-empire,GAT-sep,GNNM,4,5,0.914401650428772,acc
per_split_validation,roman-empire,GAT-sep,GNNM,5,5,0.9182844758033752,acc
per_split_validation,roman-empire,GAT-sep,GNNM,6,5,0.9122837781906128,acc
per_split_validation,roman-empire,GAT-sep,GNNM,7,4,0.9068125486373901,acc
per_split_validation,roman-empire,GAT-sep,GNNM,8,5,0.9092833995819092,acc
per_split_validation,roman-empire,GAT-sep,GNNM,9,5,0.9151076078414917,acc
mean_validation,roman-empire,GAT-sep,GNNM,0,5,0.9016942977905273,acc
mean_validation,roman-empire,GAT-sep,GNNM,1,5,0.9131662249565125,acc
mean_validation,roman-empire,GAT-sep,GNNM,2,5,0.9105188846588135,acc
mean_validation,roman-empire,GAT-sep,GNNM,3,5,0.9106953740119934,acc
mean_validation,roman-empire,GAT-sep,GNNM,4,5,0.914401650428772,acc
mean_validation,roman-empire,GAT-sep,GNNM,5,5,0.9182844758033752,acc
mean_validation,roman-empire,GAT-sep,GNNM,6,5,0.9122837781906128,acc
mean_validation,roman-empire,GAT-sep,GNNM,7,5,0.9066360592842102,acc
mean_validation,roman-empire,GAT-sep,GNNM,8,5,0.9092833995819092,acc
mean_validation,roman-empire,GAT-sep,GNNM,9,5,0.9151076078414917,acc
split0_validation,roman-empire,GAT-sep,GNNM,0,4,0.9085774421691895,acc
split0_validation,roman-empire,GAT-sep,GNNM,1,4,0.9126367568969727,acc
split0_validation,roman-empire,GAT-sep,GNNM,2,4,0.9061065912246704,acc
split0_validation,roman-empire,GAT-sep,GNNM,3,4,0.9105188846588135,acc
split0_validation,roman-empire,GAT-sep,GNNM,4,4,0.9099893569946289,acc
split0_validation,roman-empire,GAT-sep,GNNM,5,4,0.9114013314247131,acc
split0_validation,roman-empire,GAT-sep,GNNM,6,4,0.9064595699310303,acc
split0_validation,roman-empire,GAT-sep,GNNM,7,4,0.9068125486373901,acc
split0_validation,roman-empire,GAT-sep,GNNM,8,4,0.9094598889350891,acc
split0_validation,roman-empire,GAT-sep,GNNM,9,4,0.9068125486373901,acc
per_split_validation,roman-empire,GT,GNNM,0,5,0.9015178084373474,acc
per_split_validation,roman-empire,GT,GNNM,1,5,0.9050476551055908,acc
per_split_validation,roman-empire,GT,GNNM,2,5,0.9011648297309875,acc
per_split_validation,roman-empire,GT,GNNM,3,5,0.9009883403778076,acc
per_split_validation,roman-empire,GT,GNNM,4,5,0.9048711061477661,acc
per_split_validation,roman-empire,GT,GNNM,5,5,0.9057536125183105,acc
per_split_validation,roman-empire,GT,GNNM,6,5,0.8997529149055481,acc
per_split_validation,roman-empire,GT,GNNM,7,4,0.8958700895309448,acc
per_split_validation,roman-empire,GT,GNNM,8,5,0.9043416380882263,acc
per_split_validation,roman-empire,GT,GNNM,9,5,0.9059301018714905,acc
mean_validation,roman-empire,GT,GNNM,0,5,0.9015178084373474,acc
mean_validation,roman-empire,GT,GNNM,1,5,0.9050476551055908,acc
mean_validation,roman-empire,GT,GNNM,2,5,0.9011648297309875,acc
mean_validation,roman-empire,GT,GNNM,3,5,0.9009883403778076,acc
mean_validation,roman-empire,GT,GNNM,4,5,0.9048711061477661,acc
mean_validation,roman-empire,GT,GNNM,5,5,0.9057536125183105,acc
mean_validation,roman-empire,GT,GNNM,6,5,0.8997529149055481,acc
mean_validation,roman-empire,GT,GNNM,7,5,0.899929404258728,acc
mean_validation,roman-empire,GT,GNNM,8,5,0.9043416380882263,acc
mean_validation,roman-empire,GT,GNNM,9,5,0.9059301018714905,acc
split0_validation,roman-empire,GT,GNNM,0,5,0.9015178084373474,acc
split0_validation,roman-empire,GT,GNNM,1,5,0.9050476551055908,acc
split0_validation,roman-empire,GT,GNNM,2,5,0.9011648297309875,acc
split0_validation,roman-empire,GT,GNNM,3,5,0.9009883403778076,acc
split0_validation,roman-empire,GT,GNNM,4,5,0.9048711061477661,acc
split0_validation,roman-empire,GT,GNNM,5,5,0.9057536125183105,acc
split0_validation,roman-empire,GT,GNNM,6,5,0.8997529149055481,acc
split0_validation,roman-empire,GT,GNNM,7,5,0.899929404258728,acc
split0_validation,roman-empire,GT,GNNM,8,5,0.9043416380882263,acc
split0_validation,roman-empire,GT,GNNM,9,5,0.9059301018714905,acc
per_split_validation,roman-empire,GT-sep,GNNM,0,5,0.8983409404754639,acc
per_split_validation,roman-empire,GT-sep,GNNM,1,5,0.8981644511222839,acc
per_split_validation,roman-empire,GT-sep,GNNM,2,5,0.9016942977905273,acc
per_split_validation,roman-empire,GT-sep,GNNM,3,5,0.8948111534118652,acc
per_split_validation,roman-empire,GT-sep,GNNM,4,5,0.9004588723182678,acc
per_split_validation,roman-empire,GT-sep,GNNM,5,5,0.8983409404754639,acc
per_split_validation,roman-empire,GT-sep,GNNM,6,4,0.8868690133094788,acc
per_split_validation,roman-empire,GT-sep,GNNM,7,5,0.8983409404754639,acc
per_split_validation,roman-empire,GT-sep,GNNM,8,5,0.9039886593818665,acc
per_split_validation,roman-empire,GT-sep,GNNM,9,5,0.9002823829650879,acc
mean_validation,roman-empire,GT-sep,GNNM,0,5,0.8983409404754639,acc
mean_validation,roman-empire,GT-sep,GNNM,1,5,0.8981644511222839,acc
mean_validation,roman-empire,GT-sep,GNNM,2,5,0.9016942977905273,acc
mean_validation,roman-empire,GT-sep,GNNM,3,5,0.8948111534118652,acc
mean_validation,roman-empire,GT-sep,GNNM,4,5,0.9004588723182678,acc
mean_validation,roman-empire,GT-sep,GNNM,5,5,0.8983409404754639,acc
mean_validation,roman-empire,GT-sep,GNNM,6,5,0.8881044387817383,acc
mean_validation,roman-empire,GT-sep,GNNM,7,5,0.8983409404754639,acc
mean_validation,roman-empire,GT-sep,GNNM,8,5,0.9039886593818665,acc
mean_validation,roman-empire,GT-sep,GNNM,9,5,0.9002823829650879,acc
split0_validation,roman-empire,GT-sep,GNNM,0,5,0.8983409404754639,acc
split0_validation,roman-empire,GT-sep,GNNM,1,5,0.8981644511222839,acc
split0_validation,roman-empire,GT-sep,GNNM,2,5,0.9016942977905273,acc
split0_validation,roman-empire,GT-sep,GNNM,3,5,0.8948111534118652,acc
split0_validation,roman-empire,GT-sep,GNNM,4,5,0.9004588723182678,acc
split0_validation,roman-empire,GT-sep,GNNM,5,5,0.8983409404754639,acc
split0_validation,roman-empire,GT-sep,GNNM,6,5,0.8881044387817383,acc
split0_validation,roman-empire,GT-sep,GNNM,7,5,0.8983409404754639,acc
split0_validation,roman-empire,GT-sep,GNNM,8,5,0.9039886593818665,acc
split0_validation,roman-empire,GT-sep,GNNM,9,5,0.9002823829650879,acc
per_split_validation,roman-empire,ResNet,GNNM,0,3,0.658136248588562,acc
per_split_validation,roman-empire,ResNet,GNNM,1,1,0.6604306101799011,acc
per_split_validation,roman-empire,ResNet,GNNM,2,1,0.6593716740608215,acc
per_split_validation,roman-empire,ResNet,GNNM,3,2,0.6673137545585632,acc
per_split_validation,roman-empire,ResNet,GNNM,4,5,0.6544299125671387,acc
per_split_validation,roman-empire,ResNet,GNNM,5,5,0.6674902439117432,acc
per_split_validation,roman-empire,ResNet,GNNM,6,1,0.6544299125671387,acc
per_split_validation,roman-empire,ResNet,GNNM,7,1,0.662725031375885,acc
per_split_validation,roman-empire,ResNet,GNNM,8,5,0.6613130569458008,acc
per_split_validation,roman-empire,ResNet,GNNM,9,3,0.6556653380393982,acc
mean_validation,roman-empire,ResNet,GNNM,0,3,0.658136248588562,acc
mean_validation,roman-empire,ResNet,GNNM,1,3,0.660607099533081,acc
mean_validation,roman-empire,ResNet,GNNM,2,3,0.6567242741584778,acc
mean_validation,roman-empire,ResNet,GNNM,3,3,0.6544299125671387,acc
mean_validation,roman-empire,ResNet,GNNM,4,3,0.6554888486862183,acc
mean_validation,roman-empire,ResNet,GNNM,5,3,0.6637839674949646,acc
mean_validation,roman-empire,ResNet,GNNM,6,3,0.6503705978393555,acc
mean_validation,roman-empire,ResNet,GNNM,7,3,0.660783588886261,acc
mean_validation,roman-empire,ResNet,GNNM,8,3,0.6616660356521606,acc
mean_validation,roman-empire,ResNet,GNNM,9,3,0.6556653380393982,acc
split0_validation,roman-empire,ResNet,GNNM,0,3,0.658136248588562,acc
split0_validation,roman-empire,ResNet,GNNM,1,3,0.660607099533081,acc
split0_validation,roman-empire,ResNet,GNNM,2,3,0.6567242741584778,acc
split0_validation,roman-empire,ResNet,GNNM,3,3,0.6544299125671387,acc
split0_validation,roman-empire,ResNet,GNNM,4,3,0.6554888486862183,acc
split0_validation,roman-empire,ResNet,GNNM,5,3,0.6637839674949646,acc
split0_validation,roman-empire,ResNet,GNNM,6,3,0.6503705978393555,acc
split0_validation,roman-empire,ResNet,GNNM,7,3,0.660783588886261,acc
split0_validation,roman-empire,ResNet,GNNM,8,3,0.6616660356521606,acc
split0_validation,roman-empire,ResNet,GNNM,9,3,0.6556653380393982,acc
per_split_validation,roman-empire,TAG,GNNM,0,5,0.893399178981781,acc
per_split_validation,roman-empire,TAG,GNNM,1,5,0.9009883403778076,acc
per_split_validation,roman-empire,TAG,GNNM,2,5,0.897987961769104,acc
per_split_validation,roman-empire,TAG,GNNM,3,5,0.895340621471405,acc
per_split_validation,roman-empire,TAG,GNNM,4,5,0.8972820043563843,acc
per_split_validation,roman-empire,TAG,GNNM,5,5,0.9016942977905273,acc
per_split_validation,roman-empire,TAG,GNNM,6,5,0.8939286470413208,acc
per_split_validation,roman-empire,TAG,GNNM,7,5,0.8937521576881409,acc
per_split_validation,roman-empire,TAG,GNNM,8,4,0.8962230682373047,acc
per_split_validation,roman-empire,TAG,GNNM,9,5,0.8974584937095642,acc
mean_validation,roman-empire,TAG,GNNM,0,5,0.893399178981781,acc
mean_validation,roman-empire,TAG,GNNM,1,5,0.9009883403778076,acc
mean_validation,roman-empire,TAG,GNNM,2,5,0.897987961769104,acc
mean_validation,roman-empire,TAG,GNNM,3,5,0.895340621471405,acc
mean_validation,roman-empire,TAG,GNNM,4,5,0.8972820043563843,acc
mean_validation,roman-empire,TAG,GNNM,5,5,0.9016942977905273,acc
mean_validation,roman-empire,TAG,GNNM,6,5,0.8939286470413208,acc
mean_validation,roman-empire,TAG,GNNM,7,5,0.8937521576881409,acc
mean_validation,roman-empire,TAG,GNNM,8,5,0.8925167322158813,acc
mean_validation,roman-empire,TAG,GNNM,9,5,0.8974584937095642,acc
split0_validation,roman-empire,TAG,GNNM,0,5,0.893399178981781,acc
split0_validation,roman-empire,TAG,GNNM,1,5,0.9009883403778076,acc
split0_validation,roman-empire,TAG,GNNM,2,5,0.897987961769104,acc
split0_validation,roman-empire,TAG,GNNM,3,5,0.895340621471405,acc
split0_validation,roman-empire,TAG,GNNM,4,5,0.8972820043563843,acc
split0_validation,roman-empire,TAG,GNNM,5,5,0.9016942977905273,acc
split0_validation,roman-empire,TAG,GNNM,6,5,0.8939286470413208,acc
split0_validation,roman-empire,TAG,GNNM,7,5,0.8937521576881409,acc
split0_validation,roman-empire,TAG,GNNM,8,5,0.8925167322158813,acc
split0_validation,roman-empire,TAG,GNNM,9,5,0.8974584937095642,acc
per_split_validation,amazon-ratings,GCN,BASE,0,2,0.4999183416366577,acc
per_split_validation,amazon-ratings,GCN,BASE,1,2,0.509880781173706,acc
per_split_validation,amazon-ratings,GCN,BASE,2,2,0.5066143870353699,acc
per_split_validation,amazon-ratings,GCN,BASE,3,2,0.5049812197685242,acc
per_split_validation,amazon-ratings,GCN,BASE,4,2,0.49812182784080505,acc
per_split_validation,amazon-ratings,GCN,BASE,5,2,0.5075942873954773,acc
per_split_validation,amazon-ratings,GCN,BASE,6,2,0.5038380026817322,acc
per_split_validation,amazon-ratings,GCN,BASE,7,2,0.4995917081832886,acc
per_split_validation,amazon-ratings,GCN,BASE,8,2,0.5012248754501343,acc
per_split_validation,amazon-ratings,GCN,BASE,9,2,0.49861177802085876,acc
mean_validation,amazon-ratings,GCN,BASE,0,2,0.4999183416366577,acc
mean_validation,amazon-ratings,GCN,BASE,1,2,0.509880781173706,acc
mean_validation,amazon-ratings,GCN,BASE,2,2,0.5066143870353699,acc
mean_validation,amazon-ratings,GCN,BASE,3,2,0.5049812197685242,acc
mean_validation,amazon-ratings,GCN,BASE,4,2,0.49812182784080505,acc
mean_validation,amazon-ratings,GCN,BASE,5,2,0.5075942873954773,acc
mean_validation,amazon-ratings,GCN,BASE,6,2,0.5038380026817322,acc
mean_validation,amazon-ratings,GCN,BASE,7,2,0.4995917081832886,acc
mean_validation,amazon-ratings,GCN,BASE,8,2,0.5012248754501343,acc
mean_validation,amazon-ratings,GCN,BASE,9,2,0.49861177802085876,acc
split0_validation,amazon-ratings,GCN,BASE,0,2,0.4999183416366577,acc
split0_validation,amazon-ratings,GCN,BASE,1,2,0.509880781173706,acc
split0_validation,amazon-ratings,GCN,BASE,2,2,0.5066143870353699,acc
split0_validation,amazon-ratings,GCN,BASE,3,2,0.5049812197685242,acc
split0_validation,amazon-ratings,GCN,BASE,4,2,0.49812182784080505,acc
split0_validation,amazon-ratings,GCN,BASE,5,2,0.5075942873954773,acc
split0_validation,amazon-ratings,GCN,BASE,6,2,0.5038380026817322,acc
split0_validation,amazon-ratings,GCN,BASE,7,2,0.4995917081832886,acc
split0_validation,amazon-ratings,GCN,BASE,8,2,0.5012248754501343,acc
split0_validation,amazon-ratings,GCN,BASE,9,2,0.49861177802085876,acc
per_split_validation,amazon-ratings,SAGE,BASE,0,3,0.5420545339584351,acc
per_split_validation,amazon-ratings,SAGE,BASE,1,3,0.5464641451835632,acc
per_split_validation,amazon-ratings,SAGE,BASE,2,4,0.5363383889198303,acc
per_split_validation,amazon-ratings,SAGE,BASE,3,4,0.5299689769744873,acc
per_split_validation,amazon-ratings,SAGE,BASE,4,3,0.5396047830581665,acc
per_split_validation,amazon-ratings,SAGE,BASE,5,2,0.5384615063667297,acc
per_split_validation,amazon-ratings,SAGE,BASE,6,5,0.5480973124504089,acc
per_split_validation,amazon-ratings,SAGE,BASE,7,4,0.5330719947814941,acc
per_split_validation,amazon-ratings,SAGE,BASE,8,3,0.5301322937011719,acc
per_split_validation,amazon-ratings,SAGE,BASE,9,5,0.5333986282348633,acc
mean_validation,amazon-ratings,SAGE,BASE,0,3,0.5420545339584351,acc
mean_validation,amazon-ratings,SAGE,BASE,1,3,0.5464641451835632,acc
mean_validation,amazon-ratings,SAGE,BASE,2,3,0.5337253212928772,acc
mean_validation,amazon-ratings,SAGE,BASE,3,3,0.5365017056465149,acc
mean_validation,amazon-ratings,SAGE,BASE,4,3,0.5396047830581665,acc
mean_validation,amazon-ratings,SAGE,BASE,5,3,0.535685122013092,acc
mean_validation,amazon-ratings,SAGE,BASE,6,3,0.5433610677719116,acc
mean_validation,amazon-ratings,SAGE,BASE,7,3,0.5342152714729309,acc
mean_validation,amazon-ratings,SAGE,BASE,8,3,0.5301322937011719,acc
mean_validation,amazon-ratings,SAGE,BASE,9,3,0.5288257598876953,acc
split0_validation,amazon-ratings,SAGE,BASE,0,3,0.5420545339584351,acc
split0_validation,amazon-ratings,SAGE,BASE,1,3,0.5464641451835632,acc
split0_validation,amazon-ratings,SAGE,BASE,2,3,0.5337253212928772,acc
split0_validation,amazon-ratings,SAGE,BASE,3,3,0.5365017056465149,acc
split0_validation,amazon-ratings,SAGE,BASE,4,3,0.5396047830581665,acc
split0_validation,amazon-ratings,SAGE,BASE,5,3,0.535685122013092,acc
split0_validation,amazon-ratings,SAGE,BASE,6,3,0.5433610677719116,acc
split0_validation,amazon-ratings,SAGE,BASE,7,3,0.5342152714729309,acc
split0_validation,amazon-ratings,SAGE,BASE,8,3,0.5301322937011719,acc
split0_validation,amazon-ratings,SAGE,BASE,9,3,0.5288257598876953,acc
per_split_validation,amazon-ratings,GAT,BASE,0,1,0.5142903923988342,acc
per_split_validation,amazon-ratings,GAT,BASE,1,3,0.527519166469574,acc
per_split_validation,amazon-ratings,GAT,BASE,2,1,0.5177200436592102,acc
per_split_validation,amazon-ratings,GAT,BASE,3,1,0.5106973648071289,acc
per_split_validation,amazon-ratings,GAT,BASE,4,1,0.5164135098457336,acc
per_split_validation,amazon-ratings,GAT,BASE,5,1,0.5167401432991028,acc
per_split_validation,amazon-ratings,GAT,BASE,6,1,0.5218030214309692,acc
per_split_validation,amazon-ratings,GAT,BASE,7,1,0.5084109306335449,acc
per_split_validation,amazon-ratings,GAT,BASE,8,1,0.5195165872573853,acc
per_split_validation,amazon-ratings,GAT,BASE,9,1,0.5178833603858948,acc
mean_validation,amazon-ratings,GAT,BASE,0,1,0.5142903923988342,acc
mean_validation,amazon-ratings,GAT,BASE,1,1,0.5291523933410645,acc
mean_validation,amazon-ratings,GAT,BASE,2,1,0.5177200436592102,acc
mean_validation,amazon-ratings,GAT,BASE,3,1,0.5106973648071289,acc
mean_validation,amazon-ratings,GAT,BASE,4,1,0.5164135098457336,acc
mean_validation,amazon-ratings,GAT,BASE,5,1,0.5167401432991028,acc
mean_validation,amazon-ratings,GAT,BASE,6,1,0.5218030214309692,acc
mean_validation,amazon-ratings,GAT,BASE,7,1,0.5084109306335449,acc
mean_validation,amazon-ratings,GAT,BASE,8,1,0.5195165872573853,acc
mean_validation,amazon-ratings,GAT,BASE,9,1,0.5178833603858948,acc
split0_validation,amazon-ratings,GAT,BASE,0,1,0.5142903923988342,acc
split0_validation,amazon-ratings,GAT,BASE,1,1,0.5291523933410645,acc
split0_validation,amazon-ratings,GAT,BASE,2,1,0.5177200436592102,acc
split0_validation,amazon-ratings,GAT,BASE,3,1,0.5106973648071289,acc
split0_validation,amazon-ratings,GAT,BASE,4,1,0.5164135098457336,acc
split0_validation,amazon-ratings,GAT,BASE,5,1,0.5167401432991028,acc
split0_validation,amazon-ratings,GAT,BASE,6,1,0.5218030214309692,acc
split0_validation,amazon-ratings,GAT,BASE,7,1,0.5084109306335449,acc
split0_validation,amazon-ratings,GAT,BASE,8,1,0.5195165872573853,acc
split0_validation,amazon-ratings,GAT,BASE,9,1,0.5178833603858948,acc
per_split_validation,amazon-ratings,GAT-sep,BASE,0,2,0.5546301007270813,acc
per_split_validation,amazon-ratings,GAT-sep,BASE,1,3,0.5422178506851196,acc
per_split_validation,amazon-ratings,GAT-sep,BASE,2,4,0.5418912172317505,acc
per_split_validation,amazon-ratings,GAT-sep,BASE,3,4,0.5415645837783813,acc
per_split_validation,amazon-ratings,GAT-sep,BASE,4,4,0.545810878276825,acc
per_split_validation,amazon-ratings,GAT-sep,BASE,5,5,0.5417279005050659,acc
per_split_validation,amazon-ratings,GAT-sep,BASE,6,5,0.5508737564086914,acc
per_split_validation,amazon-ratings,GAT-sep,BASE,7,2,0.5430344343185425,acc
per_split_validation,amazon-ratings,GAT-sep,BASE,8,5,0.537971556186676,acc
per_split_validation,amazon-ratings,GAT-sep,BASE,9,3,0.5433610677719116,acc
mean_validation,amazon-ratings,GAT-sep,BASE,0,2,0.5546301007270813,acc
mean_validation,amazon-ratings,GAT-sep,BASE,1,2,0.5487505793571472,acc
mean_validation,amazon-ratings,GAT-sep,BASE,2,2,0.5472807288169861,acc
mean_validation,amazon-ratings,GAT-sep,BASE,3,2,0.5454842448234558,acc
mean_validation,amazon-ratings,GAT-sep,BASE,4,2,0.5423811674118042,acc
mean_validation,amazon-ratings,GAT-sep,BASE,5,2,0.5410746335983276,acc
mean_validation,amazon-ratings,GAT-sep,BASE,6,2,0.5463008284568787,acc
mean_validation,amazon-ratings,GAT-sep,BASE,7,2,0.5430344343185425,acc
mean_validation,amazon-ratings,GAT-sep,BASE,8,2,0.5433610677719116,acc
mean_validation,amazon-ratings,GAT-sep,BASE,9,2,0.5467907786369324,acc
split0_validation,amazon-ratings,GAT-sep,BASE,0,2,0.5546301007270813,acc
split0_validation,amazon-ratings,GAT-sep,BASE,1,2,0.5487505793571472,acc
split0_validation,amazon-ratings,GAT-sep,BASE,2,2,0.5472807288169861,acc
split0_validation,amazon-ratings,GAT-sep,BASE,3,2,0.5454842448234558,acc
split0_validation,amazon-ratings,GAT-sep,BASE,4,2,0.5423811674118042,acc
split0_validation,amazon-ratings,GAT-sep,BASE,5,2,0.5410746335983276,acc
split0_validation,amazon-ratings,GAT-sep,BASE,6,2,0.5463008284568787,acc
split0_validation,amazon-ratings,GAT-sep,BASE,7,2,0.5430344343185425,acc
split0_validation,amazon-ratings,GAT-sep,BASE,8,2,0.5433610677719116,acc
split0_validation,amazon-ratings,GAT-sep,BASE,9,2,0.5467907786369324,acc
per_split_validation,amazon-ratings,GT,BASE,0,4,0.5376449227333069,acc
per_split_validation,amazon-ratings,GT,BASE,1,2,0.5441777110099792,acc
per_split_validation,amazon-ratings,GT,BASE,2,3,0.5365017056465149,acc
per_split_validation,amazon-ratings,GT,BASE,3,3,0.5291523933410645,acc
per_split_validation,amazon-ratings,GT,BASE,4,3,0.5386248230934143,acc
per_split_validation,amazon-ratings,GT,BASE,5,3,0.5378082394599915,acc
per_split_validation,amazon-ratings,GT,BASE,6,4,0.5449942946434021,acc
per_split_validation,amazon-ratings,GT,BASE,7,3,0.5415645837783813,acc
per_split_validation,amazon-ratings,GT,BASE,8,2,0.5340519547462463,acc
per_split_validation,amazon-ratings,GT,BASE,9,5,0.5376449227333069,acc
mean_validation,amazon-ratings,GT,BASE,0,3,0.5361750721931458,acc
mean_validation,amazon-ratings,GT,BASE,1,3,0.5409113168716431,acc
mean_validation,amazon-ratings,GT,BASE,2,3,0.5365017056465149,acc
mean_validation,amazon-ratings,GT,BASE,3,3,0.5291523933410645,acc
mean_validation,amazon-ratings,GT,BASE,4,3,0.5386248230934143,acc
mean_validation,amazon-ratings,GT,BASE,5,3,0.5378082394599915,acc
mean_validation,amazon-ratings,GT,BASE,6,3,0.5420545339584351,acc
mean_validation,amazon-ratings,GT,BASE,7,3,0.5415645837783813,acc
mean_validation,amazon-ratings,GT,BASE,8,3,0.5363383889198303,acc
mean_validation,amazon-ratings,GT,BASE,9,3,0.5340519547462463,acc
split0_validation,amazon-ratings,GT,BASE,0,4,0.5376449227333069,acc
split0_validation,amazon-ratings,GT,BASE,1,4,0.5461375117301941,acc
split0_validation,amazon-ratings,GT,BASE,2,4,0.5324187278747559,acc
split0_validation,amazon-ratings,GT,BASE,3,4,0.5371549725532532,acc
split0_validation,amazon-ratings,GT,BASE,4,4,0.536828339099884,acc
split0_validation,amazon-ratings,GT,BASE,5,4,0.5389515161514282,acc
split0_validation,amazon-ratings,GT,BASE,6,4,0.5449942946434021,acc
split0_validation,amazon-ratings,GT,BASE,7,4,0.5423811674118042,acc
split0_validation,amazon-ratings,GT,BASE,8,4,0.536828339099884,acc
split0_validation,amazon-ratings,GT,BASE,9,4,0.5312755107879639,acc
per_split_validation,amazon-ratings,GT-sep,BASE,0,2,0.5427078008651733,acc
per_split_validation,amazon-ratings,GT-sep,BASE,1,4,0.5415645837783813,acc
per_split_validation,amazon-ratings,GT-sep,BASE,2,4,0.5342152714729309,acc
per_split_validation,amazon-ratings,GT-sep,BASE,3,5,0.5396047830581665,acc
per_split_validation,amazon-ratings,GT-sep,BASE,4,3,0.5381348729133606,acc
per_split_validation,amazon-ratings,GT-sep,BASE,5,4,0.537971556186676,acc
per_split_validation,amazon-ratings,GT-sep,BASE,6,5,0.5371549725532532,acc
per_split_validation,amazon-ratings,GT-sep,BASE,7,5,0.5351951718330383,acc
per_split_validation,amazon-ratings,GT-sep,BASE,8,2,0.5332353115081787,acc
per_split_validation,amazon-ratings,GT-sep,BASE,9,2,0.5355218052864075,acc
mean_validation,amazon-ratings,GT-sep,BASE,0,4,0.5342152714729309,acc
mean_validation,amazon-ratings,GT-sep,BASE,1,4,0.5415645837783813,acc
mean_validation,amazon-ratings,GT-sep,BASE,2,4,0.5342152714729309,acc
mean_validation,amazon-ratings,GT-sep,BASE,3,4,0.5260493159294128,acc
mean_validation,amazon-ratings,GT-sep,BASE,4,4,0.5392781496047974,acc
mean_validation,amazon-ratings,GT-sep,BASE,5,4,0.537971556186676,acc
mean_validation,amazon-ratings,GT-sep,BASE,6,4,0.5420545339584351,acc
mean_validation,amazon-ratings,GT-sep,BASE,7,4,0.5280091166496277,acc
mean_validation,amazon-ratings,GT-sep,BASE,8,4,0.5369916558265686,acc
mean_validation,amazon-ratings,GT-sep,BASE,9,4,0.5407480001449585,acc
split0_validation,amazon-ratings,GT-sep,BASE,0,2,0.5427078008651733,acc
split0_validation,amazon-ratings,GT-sep,BASE,1,2,0.5402580499649048,acc
split0_validation,amazon-ratings,GT-sep,BASE,2,2,0.5404213666915894,acc
split0_validation,amazon-ratings,GT-sep,BASE,3,2,0.5286624431610107,acc
split0_validation,amazon-ratings,GT-sep,BASE,4,2,0.5267025828361511,acc
split0_validation,amazon-ratings,GT-sep,BASE,5,2,0.5396047830581665,acc
split0_validation,amazon-ratings,GT-sep,BASE,6,2,0.5378082394599915,acc
split0_validation,amazon-ratings,GT-sep,BASE,7,2,0.5324187278747559,acc
split0_validation,amazon-ratings,GT-sep,BASE,8,2,0.5332353115081787,acc
split0_validation,amazon-ratings,GT-sep,BASE,9,2,0.5355218052864075,acc
per_split_validation,amazon-ratings,ResNet,BASE,0,2,0.48750612139701843,acc
per_split_validation,amazon-ratings,ResNet,BASE,1,1,0.47885024547576904,acc
per_split_validation,amazon-ratings,ResNet,BASE,2,4,0.4822799265384674,acc
per_split_validation,amazon-ratings,ResNet,BASE,3,1,0.4848930239677429,acc
per_split_validation,amazon-ratings,ResNet,BASE,4,2,0.47558385133743286,acc
per_split_validation,amazon-ratings,ResNet,BASE,5,1,0.4791768789291382,acc
per_split_validation,amazon-ratings,ResNet,BASE,6,1,0.4822799265384674,acc
per_split_validation,amazon-ratings,ResNet,BASE,7,1,0.48211660981178284,acc
per_split_validation,amazon-ratings,ResNet,BASE,8,2,0.4773803651332855,acc
per_split_validation,amazon-ratings,ResNet,BASE,9,2,0.4909358024597168,acc
mean_validation,amazon-ratings,ResNet,BASE,0,1,0.4886493384838104,acc
mean_validation,amazon-ratings,ResNet,BASE,1,1,0.47885024547576904,acc
mean_validation,amazon-ratings,ResNet,BASE,2,1,0.4834231436252594,acc
mean_validation,amazon-ratings,ResNet,BASE,3,1,0.4848930239677429,acc
mean_validation,amazon-ratings,ResNet,BASE,4,1,0.4860362410545349,acc
mean_validation,amazon-ratings,ResNet,BASE,5,1,0.4791768789291382,acc
mean_validation,amazon-ratings,ResNet,BASE,6,1,0.4822799265384674,acc
mean_validation,amazon-ratings,ResNet,BASE,7,1,0.48211660981178284,acc
mean_validation,amazon-ratings,ResNet,BASE,8,1,0.47248080372810364,acc
mean_validation,amazon-ratings,ResNet,BASE,9,1,0.48946595191955566,acc
split0_validation,amazon-ratings,ResNet,BASE,0,2,0.48750612139701843,acc
split0_validation,amazon-ratings,ResNet,BASE,1,2,0.4870161712169647,acc
split0_validation,amazon-ratings,ResNet,BASE,2,2,0.4848930239677429,acc
split0_validation,amazon-ratings,ResNet,BASE,3,2,0.48211660981178284,acc
split0_validation,amazon-ratings,ResNet,BASE,4,2,0.47558385133743286,acc
split0_validation,amazon-ratings,ResNet,BASE,5,2,0.4822799265384674,acc
split0_validation,amazon-ratings,ResNet,BASE,6,2,0.4742773175239563,acc
split0_validation,amazon-ratings,ResNet,BASE,7,2,0.4897925853729248,acc
split0_validation,amazon-ratings,ResNet,BASE,8,2,0.4773803651332855,acc
split0_validation,amazon-ratings,ResNet,BASE,9,2,0.4909358024597168,acc
per_split_validation,amazon-ratings,TAG,BASE,0,3,0.5218030214309692,acc
per_split_validation,amazon-ratings,TAG,BASE,1,2,0.5229462385177612,acc
per_split_validation,amazon-ratings,TAG,BASE,2,1,0.5216397047042847,acc
per_split_validation,amazon-ratings,TAG,BASE,3,4,0.5206598043441772,acc
per_split_validation,amazon-ratings,TAG,BASE,4,2,0.52523273229599,acc
per_split_validation,amazon-ratings,TAG,BASE,5,3,0.5232728719711304,acc
per_split_validation,amazon-ratings,TAG,BASE,6,2,0.5247427821159363,acc
per_split_validation,amazon-ratings,TAG,BASE,7,2,0.5232728719711304,acc
per_split_validation,amazon-ratings,TAG,BASE,8,2,0.5235995650291443,acc
per_split_validation,amazon-ratings,TAG,BASE,9,2,0.5180466771125793,acc
mean_validation,amazon-ratings,TAG,BASE,0,3,0.5218030214309692,acc
mean_validation,amazon-ratings,TAG,BASE,1,3,0.526375949382782,acc
mean_validation,amazon-ratings,TAG,BASE,2,3,0.530458927154541,acc
mean_validation,amazon-ratings,TAG,BASE,3,3,0.5170667767524719,acc
mean_validation,amazon-ratings,TAG,BASE,4,3,0.5216397047042847,acc
mean_validation,amazon-ratings,TAG,BASE,5,3,0.5232728719711304,acc
mean_validation,amazon-ratings,TAG,BASE,6,3,0.5249060988426208,acc
mean_validation,amazon-ratings,TAG,BASE,7,3,0.5154336094856262,acc
mean_validation,amazon-ratings,TAG,BASE,8,3,0.5196799039840698,acc
mean_validation,amazon-ratings,TAG,BASE,9,3,0.5234362483024597,acc
split0_validation,amazon-ratings,TAG,BASE,0,3,0.5218030214309692,acc
split0_validation,amazon-ratings,TAG,BASE,1,3,0.526375949382782,acc
split0_validation,amazon-ratings,TAG,BASE,2,3,0.530458927154541,acc
split0_validation,amazon-ratings,TAG,BASE,3,3,0.5170667767524719,acc
split0_validation,amazon-ratings,TAG,BASE,4,3,0.5216397047042847,acc
split0_validation,amazon-ratings,TAG,BASE,5,3,0.5232728719711304,acc
split0_validation,amazon-ratings,TAG,BASE,6,3,0.5249060988426208,acc
split0_validation,amazon-ratings,TAG,BASE,7,3,0.5154336094856262,acc
split0_validation,amazon-ratings,TAG,BASE,8,3,0.5196799039840698,acc
split0_validation,amazon-ratings,TAG,BASE,9,3,0.5234362483024597,acc
per_split_validation,amazon-ratings,GCN,ENS,0,2,0.5025314092636108,acc
per_split_validation,amazon-ratings,GCN,ENS,1,2,0.5144537091255188,acc
per_split_validation,amazon-ratings,GCN,ENS,2,3,0.5049812197685242,acc
per_split_validation,amazon-ratings,GCN,ENS,3,2,0.5054711699485779,acc
per_split_validation,amazon-ratings,GCN,ENS,4,2,0.50285804271698,acc
per_split_validation,amazon-ratings,GCN,ENS,5,2,0.5134738087654114,acc
per_split_validation,amazon-ratings,GCN,ENS,6,2,0.5120038986206055,acc
per_split_validation,amazon-ratings,GCN,ENS,7,2,0.5004082918167114,acc
per_split_validation,amazon-ratings,GCN,ENS,8,2,0.5082476139068604,acc
per_split_validation,amazon-ratings,GCN,ENS,9,2,0.5031847357749939,acc
mean_validation,amazon-ratings,GCN,ENS,0,2,0.5025314092636108,acc
mean_validation,amazon-ratings,GCN,ENS,1,2,0.5144537091255188,acc
mean_validation,amazon-ratings,GCN,ENS,2,2,0.5123305320739746,acc
mean_validation,amazon-ratings,GCN,ENS,3,2,0.5054711699485779,acc
mean_validation,amazon-ratings,GCN,ENS,4,2,0.50285804271698,acc
mean_validation,amazon-ratings,GCN,ENS,5,2,0.5134738087654114,acc
mean_validation,amazon-ratings,GCN,ENS,6,2,0.5120038986206055,acc
mean_validation,amazon-ratings,GCN,ENS,7,2,0.5004082918167114,acc
mean_validation,amazon-ratings,GCN,ENS,8,2,0.5082476139068604,acc
mean_validation,amazon-ratings,GCN,ENS,9,2,0.5031847357749939,acc
split0_validation,amazon-ratings,GCN,ENS,0,2,0.5025314092636108,acc
split0_validation,amazon-ratings,GCN,ENS,1,2,0.5144537091255188,acc
split0_validation,amazon-ratings,GCN,ENS,2,2,0.5123305320739746,acc
split0_validation,amazon-ratings,GCN,ENS,3,2,0.5054711699485779,acc
split0_validation,amazon-ratings,GCN,ENS,4,2,0.50285804271698,acc
split0_validation,amazon-ratings,GCN,ENS,5,2,0.5134738087654114,acc
split0_validation,amazon-ratings,GCN,ENS,6,2,0.5120038986206055,acc
split0_validation,amazon-ratings,GCN,ENS,7,2,0.5004082918167114,acc
split0_validation,amazon-ratings,GCN,ENS,8,2,0.5082476139068604,acc
split0_validation,amazon-ratings,GCN,ENS,9,2,0.5031847357749939,acc
per_split_validation,amazon-ratings,SAGE,ENS,0,3,0.557406485080719,acc
per_split_validation,amazon-ratings,SAGE,ENS,1,4,0.5461375117301941,acc
per_split_validation,amazon-ratings,SAGE,ENS,2,2,0.5516903400421143,acc
per_split_validation,amazon-ratings,SAGE,ENS,3,3,0.5467907786369324,acc
per_split_validation,amazon-ratings,SAGE,ENS,4,4,0.5518536567687988,acc
per_split_validation,amazon-ratings,SAGE,ENS,5,4,0.5507104396820068,acc
per_split_validation,amazon-ratings,SAGE,ENS,6,3,0.552180290222168,acc
per_split_validation,amazon-ratings,SAGE,ENS,7,4,0.5415645837783813,acc
per_split_validation,amazon-ratings,SAGE,ENS,8,3,0.5441777110099792,acc
per_split_validation,amazon-ratings,SAGE,ENS,9,4,0.5505471229553223,acc
mean_validation,amazon-ratings,SAGE,ENS,0,4,0.5525069236755371,acc
mean_validation,amazon-ratings,SAGE,ENS,1,4,0.5461375117301941,acc
mean_validation,amazon-ratings,SAGE,ENS,2,4,0.5466274619102478,acc
mean_validation,amazon-ratings,SAGE,ENS,3,4,0.5438510775566101,acc
mean_validation,amazon-ratings,SAGE,ENS,4,4,0.5518536567687988,acc
mean_validation,amazon-ratings,SAGE,ENS,5,4,0.5507104396820068,acc
mean_validation,amazon-ratings,SAGE,ENS,6,4,0.5497305393218994,acc
mean_validation,amazon-ratings,SAGE,ENS,7,4,0.5415645837783813,acc
mean_validation,amazon-ratings,SAGE,ENS,8,4,0.5389515161514282,acc
mean_validation,amazon-ratings,SAGE,ENS,9,4,0.5505471229553223,acc
split0_validation,amazon-ratings,SAGE,ENS,0,3,0.557406485080719,acc
split0_validation,amazon-ratings,SAGE,ENS,1,3,0.5445043444633484,acc
split0_validation,amazon-ratings,SAGE,ENS,2,3,0.5479339957237244,acc
split0_validation,amazon-ratings,SAGE,ENS,3,3,0.5467907786369324,acc
split0_validation,amazon-ratings,SAGE,ENS,4,3,0.5503838062286377,acc
split0_validation,amazon-ratings,SAGE,ENS,5,3,0.5463008284568787,acc
split0_validation,amazon-ratings,SAGE,ENS,6,3,0.552180290222168,acc
split0_validation,amazon-ratings,SAGE,ENS,7,3,0.5463008284568787,acc
split0_validation,amazon-ratings,SAGE,ENS,8,3,0.5441777110099792,acc
split0_validation,amazon-ratings,SAGE,ENS,9,3,0.5520169734954834,acc
per_split_validation,amazon-ratings,GAT,ENS,0,1,0.530458927154541,acc
per_split_validation,amazon-ratings,GAT,ENS,1,1,0.535685122013092,acc
per_split_validation,amazon-ratings,GAT,ENS,2,1,0.5345419049263,acc
per_split_validation,amazon-ratings,GAT,ENS,3,1,0.5340519547462463,acc
per_split_validation,amazon-ratings,GAT,ENS,4,1,0.5299689769744873,acc
per_split_validation,amazon-ratings,GAT,ENS,5,1,0.5392781496047974,acc
per_split_validation,amazon-ratings,GAT,ENS,6,1,0.5324187278747559,acc
per_split_validation,amazon-ratings,GAT,ENS,7,1,0.5234362483024597,acc
per_split_validation,amazon-ratings,GAT,ENS,8,2,0.5178833603858948,acc
per_split_validation,amazon-ratings,GAT,ENS,9,1,0.5244161486625671,acc
mean_validation,amazon-ratings,GAT,ENS,0,1,0.530458927154541,acc
mean_validation,amazon-ratings,GAT,ENS,1,1,0.535685122013092,acc
mean_validation,amazon-ratings,GAT,ENS,2,1,0.5345419049263,acc
mean_validation,amazon-ratings,GAT,ENS,3,1,0.5340519547462463,acc
mean_validation,amazon-ratings,GAT,ENS,4,1,0.5299689769744873,acc
mean_validation,amazon-ratings,GAT,ENS,5,1,0.5392781496047974,acc
mean_validation,amazon-ratings,GAT,ENS,6,1,0.5324187278747559,acc
mean_validation,amazon-ratings,GAT,ENS,7,1,0.5234362483024597,acc
mean_validation,amazon-ratings,GAT,ENS,8,1,0.5276824831962585,acc
mean_validation,amazon-ratings,GAT,ENS,9,1,0.5244161486625671,acc
split0_validation,amazon-ratings,GAT,ENS,0,1,0.530458927154541,acc
split0_validation,amazon-ratings,GAT,ENS,1,1,0.535685122013092,acc
split0_validation,amazon-ratings,GAT,ENS,2,1,0.5345419049263,acc
split0_validation,amazon-ratings,GAT,ENS,3,1,0.5340519547462463,acc
split0_validation,amazon-ratings,GAT,ENS,4,1,0.5299689769744873,acc
split0_validation,amazon-ratings,GAT,ENS,5,1,0.5392781496047974,acc
split0_validation,amazon-ratings,GAT,ENS,6,1,0.5324187278747559,acc
split0_validation,amazon-ratings,GAT,ENS,7,1,0.5234362483024597,acc
split0_validation,amazon-ratings,GAT,ENS,8,1,0.5276824831962585,acc
split0_validation,amazon-ratings,GAT,ENS,9,1,0.5244161486625671,acc
per_split_validation,amazon-ratings,GAT-sep,ENS,0,2,0.5613261461257935,acc
per_split_validation,amazon-ratings,GAT-sep,ENS,1,2,0.5629593133926392,acc
per_split_validation,amazon-ratings,GAT-sep,ENS,2,2,0.5595296621322632,acc
per_split_validation,amazon-ratings,GAT-sep,ENS,3,2,0.5482606291770935,acc
per_split_validation,amazon-ratings,GAT-sep,ENS,4,2,0.5567532181739807,acc
per_split_validation,amazon-ratings,GAT-sep,ENS,5,5,0.5578964352607727,acc
per_split_validation,amazon-ratings,GAT-sep,ENS,6,2,0.5578964352607727,acc
per_split_validation,amazon-ratings,GAT-sep,ENS,7,2,0.5536501407623291,acc
per_split_validation,amazon-ratings,GAT-sep,ENS,8,2,0.5534868240356445,acc
per_split_validation,amazon-ratings,GAT-sep,ENS,9,5,0.5466274619102478,acc
mean_validation,amazon-ratings,GAT-sep,ENS,0,2,0.5613261461257935,acc
mean_validation,amazon-ratings,GAT-sep,ENS,1,2,0.5629593133926392,acc
mean_validation,amazon-ratings,GAT-sep,ENS,2,2,0.5595296621322632,acc
mean_validation,amazon-ratings,GAT-sep,ENS,3,2,0.5482606291770935,acc
mean_validation,amazon-ratings,GAT-sep,ENS,4,2,0.5567532181739807,acc
mean_validation,amazon-ratings,GAT-sep,ENS,5,2,0.5565899014472961,acc
mean_validation,amazon-ratings,GAT-sep,ENS,6,2,0.5578964352607727,acc
mean_validation,amazon-ratings,GAT-sep,ENS,7,2,0.5536501407623291,acc
mean_validation,amazon-ratings,GAT-sep,ENS,8,2,0.5534868240356445,acc
mean_validation,amazon-ratings,GAT-sep,ENS,9,2,0.5552833676338196,acc
split0_validation,amazon-ratings,GAT-sep,ENS,0,2,0.5613261461257935,acc
split0_validation,amazon-ratings,GAT-sep,ENS,1,2,0.5629593133926392,acc
split0_validation,amazon-ratings,GAT-sep,ENS,2,2,0.5595296621322632,acc
split0_validation,amazon-ratings,GAT-sep,ENS,3,2,0.5482606291770935,acc
split0_validation,amazon-ratings,GAT-sep,ENS,4,2,0.5567532181739807,acc
split0_validation,amazon-ratings,GAT-sep,ENS,5,2,0.5565899014472961,acc
split0_validation,amazon-ratings,GAT-sep,ENS,6,2,0.5578964352607727,acc
split0_validation,amazon-ratings,GAT-sep,ENS,7,2,0.5536501407623291,acc
split0_validation,amazon-ratings,GAT-sep,ENS,8,2,0.5534868240356445,acc
split0_validation,amazon-ratings,GAT-sep,ENS,9,2,0.5552833676338196,acc
per_split_validation,amazon-ratings,GT,ENS,0,4,0.5449942946434021,acc
per_split_validation,amazon-ratings,GT,ENS,1,4,0.5529968738555908,acc
per_split_validation,amazon-ratings,GT,ENS,2,3,0.5512003898620605,acc
per_split_validation,amazon-ratings,GT,ENS,3,2,0.5490772724151611,acc
per_split_validation,amazon-ratings,GT,ENS,4,2,0.5538134574890137,acc
per_split_validation,amazon-ratings,GT,ENS,5,2,0.5528335571289062,acc
per_split_validation,amazon-ratings,GT,ENS,6,2,0.5598562955856323,acc
per_split_validation,amazon-ratings,GT,ENS,7,5,0.5490772724151611,acc
per_split_validation,amazon-ratings,GT,ENS,8,5,0.5469540953636169,acc
per_split_validation,amazon-ratings,GT,ENS,9,5,0.549893856048584,acc
mean_validation,amazon-ratings,GT,ENS,0,3,0.5479339957237244,acc
mean_validation,amazon-ratings,GT,ENS,1,3,0.5554466843605042,acc
mean_validation,amazon-ratings,GT,ENS,2,3,0.5512003898620605,acc
mean_validation,amazon-ratings,GT,ENS,3,3,0.5436877012252808,acc
mean_validation,amazon-ratings,GT,ENS,4,3,0.5531601905822754,acc
mean_validation,amazon-ratings,GT,ENS,5,3,0.55332350730896,acc
mean_validation,amazon-ratings,GT,ENS,6,3,0.5534868240356445,acc
mean_validation,amazon-ratings,GT,ENS,7,3,0.552180290222168,acc
mean_validation,amazon-ratings,GT,ENS,8,3,0.5492405891418457,acc
mean_validation,amazon-ratings,GT,ENS,9,3,0.5503838062286377,acc
split0_validation,amazon-ratings,GT,ENS,0,4,0.5449942946434021,acc
split0_validation,amazon-ratings,GT,ENS,1,4,0.5529968738555908,acc
split0_validation,amazon-ratings,GT,ENS,2,4,0.5495672225952148,acc
split0_validation,amazon-ratings,GT,ENS,3,4,0.5469540953636169,acc
split0_validation,amazon-ratings,GT,ENS,4,4,0.5560999512672424,acc
split0_validation,amazon-ratings,GT,ENS,5,4,0.5497305393218994,acc
split0_validation,amazon-ratings,GT,ENS,6,4,0.5569165349006653,acc
split0_validation,amazon-ratings,GT,ENS,7,4,0.5520169734954834,acc
split0_validation,amazon-ratings,GT,ENS,8,4,0.5485872626304626,acc
split0_validation,amazon-ratings,GT,ENS,9,4,0.5471174120903015,acc
per_split_validation,amazon-ratings,GT-sep,ENS,0,3,0.5495672225952148,acc
per_split_validation,amazon-ratings,GT-sep,ENS,1,2,0.5547934174537659,acc
per_split_validation,amazon-ratings,GT-sep,ENS,2,5,0.5469540953636169,acc
per_split_validation,amazon-ratings,GT-sep,ENS,3,2,0.552180290222168,acc
per_split_validation,amazon-ratings,GT-sep,ENS,4,3,0.5476073622703552,acc
per_split_validation,amazon-ratings,GT-sep,ENS,5,5,0.5420545339584351,acc
per_split_validation,amazon-ratings,GT-sep,ENS,6,5,0.5552833676338196,acc
per_split_validation,amazon-ratings,GT-sep,ENS,7,5,0.5454842448234558,acc
per_split_validation,amazon-ratings,GT-sep,ENS,8,4,0.5435243844985962,acc
per_split_validation,amazon-ratings,GT-sep,ENS,9,2,0.552180290222168,acc
mean_validation,amazon-ratings,GT-sep,ENS,0,2,0.5541401505470276,acc
mean_validation,amazon-ratings,GT-sep,ENS,1,2,0.5547934174537659,acc
mean_validation,amazon-ratings,GT-sep,ENS,2,2,0.5549567341804504,acc
mean_validation,amazon-ratings,GT-sep,ENS,3,2,0.552180290222168,acc
mean_validation,amazon-ratings,GT-sep,ENS,4,2,0.5570798516273499,acc
mean_validation,amazon-ratings,GT-sep,ENS,5,2,0.5456475615501404,acc
mean_validation,amazon-ratings,GT-sep,ENS,6,2,0.5463008284568787,acc
mean_validation,amazon-ratings,GT-sep,ENS,7,2,0.5471174120903015,acc
mean_validation,amazon-ratings,GT-sep,ENS,8,2,0.5412379503250122,acc
mean_validation,amazon-ratings,GT-sep,ENS,9,2,0.552180290222168,acc
split0_validation,amazon-ratings,GT-sep,ENS,0,3,0.5495672225952148,acc
split0_validation,amazon-ratings,GT-sep,ENS,1,3,0.5515270233154297,acc
split0_validation,amazon-ratings,GT-sep,ENS,2,3,0.5570798516273499,acc
split0_validation,amazon-ratings,GT-sep,ENS,3,3,0.5466274619102478,acc
split0_validation,amazon-ratings,GT-sep,ENS,4,3,0.5476073622703552,acc
split0_validation,amazon-ratings,GT-sep,ENS,5,3,0.5471174120903015,acc
split0_validation,amazon-ratings,GT-sep,ENS,6,3,0.5484239459037781,acc
split0_validation,amazon-ratings,GT-sep,ENS,7,3,0.544667661190033,acc
split0_validation,amazon-ratings,GT-sep,ENS,8,3,0.5440143942832947,acc
split0_validation,amazon-ratings,GT-sep,ENS,9,3,0.5454842448234558,acc
per_split_validation,amazon-ratings,ResNet,ENS,0,5,0.5043279528617859,acc
per_split_validation,amazon-ratings,ResNet,ENS,1,4,0.4968152940273285,acc
per_split_validation,amazon-ratings,ResNet,ENS,2,1,0.49436551332473755,acc
per_split_validation,amazon-ratings,ResNet,ENS,3,2,0.5043279528617859,acc
per_split_validation,amazon-ratings,ResNet,ENS,4,1,0.4883227050304413,acc
per_split_validation,amazon-ratings,ResNet,ENS,5,1,0.48962926864624023,acc
per_split_validation,amazon-ratings,ResNet,ENS,6,2,0.49485546350479126,acc
per_split_validation,amazon-ratings,ResNet,ENS,7,4,0.4914257526397705,acc
per_split_validation,amazon-ratings,ResNet,ENS,8,4,0.48636287450790405,acc
per_split_validation,amazon-ratings,ResNet,ENS,9,4,0.5012248754501343,acc
mean_validation,amazon-ratings,ResNet,ENS,0,4,0.5007349252700806,acc
mean_validation,amazon-ratings,ResNet,ENS,1,4,0.4968152940273285,acc
mean_validation,amazon-ratings,ResNet,ENS,2,4,0.4963253140449524,acc
mean_validation,amazon-ratings,ResNet,ENS,3,4,0.4914257526397705,acc
mean_validation,amazon-ratings,ResNet,ENS,4,4,0.488812655210495,acc
mean_validation,amazon-ratings,ResNet,ENS,5,4,0.48472970724105835,acc
mean_validation,amazon-ratings,ResNet,ENS,6,4,0.4919157326221466,acc
mean_validation,amazon-ratings,ResNet,ENS,7,4,0.4914257526397705,acc
mean_validation,amazon-ratings,ResNet,ENS,8,4,0.48636287450790405,acc
mean_validation,amazon-ratings,ResNet,ENS,9,4,0.5012248754501343,acc
split0_validation,amazon-ratings,ResNet,ENS,0,5,0.5043279528617859,acc
split0_validation,amazon-ratings,ResNet,ENS,1,5,0.4937122166156769,acc
split0_validation,amazon-ratings,ResNet,ENS,2,5,0.4924056828022003,acc
split0_validation,amazon-ratings,ResNet,ENS,3,5,0.4937122166156769,acc
split0_validation,amazon-ratings,ResNet,ENS,4,5,0.4925689995288849,acc
split0_validation,amazon-ratings,ResNet,ENS,5,5,0.48848602175712585,acc
split0_validation,amazon-ratings,ResNet,ENS,6,5,0.49436551332473755,acc
split0_validation,amazon-ratings,ResNet,ENS,7,5,0.4961619973182678,acc
split0_validation,amazon-ratings,ResNet,ENS,8,5,0.4902825355529785,acc
split0_validation,amazon-ratings,ResNet,ENS,9,5,0.49387553334236145,acc
per_split_validation,amazon-ratings,TAG,ENS,0,2,0.5337253212928772,acc
per_split_validation,amazon-ratings,TAG,ENS,1,2,0.5363383889198303,acc
per_split_validation,amazon-ratings,TAG,ENS,2,5,0.5307855606079102,acc
per_split_validation,amazon-ratings,TAG,ENS,3,2,0.5371549725532532,acc
per_split_validation,amazon-ratings,TAG,ENS,4,2,0.5410746335983276,acc
per_split_validation,amazon-ratings,TAG,ENS,5,2,0.5440143942832947,acc
per_split_validation,amazon-ratings,TAG,ENS,6,2,0.5430344343185425,acc
per_split_validation,amazon-ratings,TAG,ENS,7,2,0.532745361328125,acc
per_split_validation,amazon-ratings,TAG,ENS,8,3,0.537971556186676,acc
per_split_validation,amazon-ratings,TAG,ENS,9,2,0.5353584885597229,acc
mean_validation,amazon-ratings,TAG,ENS,0,2,0.5337253212928772,acc
mean_validation,amazon-ratings,TAG,ENS,1,2,0.5363383889198303,acc
mean_validation,amazon-ratings,TAG,ENS,2,2,0.5374816060066223,acc
mean_validation,amazon-ratings,TAG,ENS,3,2,0.5371549725532532,acc
mean_validation,amazon-ratings,TAG,ENS,4,2,0.5410746335983276,acc
mean_validation,amazon-ratings,TAG,ENS,5,2,0.5440143942832947,acc
mean_validation,amazon-ratings,TAG,ENS,6,2,0.5430344343185425,acc
mean_validation,amazon-ratings,TAG,ENS,7,2,0.532745361328125,acc
mean_validation,amazon-ratings,TAG,ENS,8,2,0.5355218052864075,acc
mean_validation,amazon-ratings,TAG,ENS,9,2,0.5353584885597229,acc
split0_validation,amazon-ratings,TAG,ENS,0,2,0.5337253212928772,acc
split0_validation,amazon-ratings,TAG,ENS,1,2,0.5363383889198303,acc
split0_validation,amazon-ratings,TAG,ENS,2,2,0.5374816060066223,acc
split0_validation,amazon-ratings,TAG,ENS,3,2,0.5371549725532532,acc
split0_validation,amazon-ratings,TAG,ENS,4,2,0.5410746335983276,acc
split0_validation,amazon-ratings,TAG,ENS,5,2,0.5440143942832947,acc
split0_validation,amazon-ratings,TAG,ENS,6,2,0.5430344343185425,acc
split0_validation,amazon-ratings,TAG,ENS,7,2,0.532745361328125,acc
split0_validation,amazon-ratings,TAG,ENS,8,2,0.5355218052864075,acc
split0_validation,amazon-ratings,TAG,ENS,9,2,0.5353584885597229,acc
per_split_validation,amazon-ratings,GCN,GNNM,0,3,0.49109911918640137,acc
per_split_validation,amazon-ratings,GCN,GNNM,1,2,0.4946921467781067,acc
per_split_validation,amazon-ratings,GCN,GNNM,2,3,0.4982851445674896,acc
per_split_validation,amazon-ratings,GCN,GNNM,3,2,0.5013881921768188,acc
per_split_validation,amazon-ratings,GCN,GNNM,4,2,0.5033480525016785,acc
per_split_validation,amazon-ratings,GCN,GNNM,5,2,0.51216721534729,acc
per_split_validation,amazon-ratings,GCN,GNNM,6,2,0.5000816583633423,acc
per_split_validation,amazon-ratings,GCN,GNNM,7,2,0.499428391456604,acc
per_split_validation,amazon-ratings,GCN,GNNM,8,1,0.49338558316230774,acc
per_split_validation,amazon-ratings,GCN,GNNM,9,2,0.5038380026817322,acc
mean_validation,amazon-ratings,GCN,GNNM,0,2,0.500571608543396,acc
mean_validation,amazon-ratings,GCN,GNNM,1,2,0.4946921467781067,acc
mean_validation,amazon-ratings,GCN,GNNM,2,2,0.49599868059158325,acc
mean_validation,amazon-ratings,GCN,GNNM,3,2,0.5013881921768188,acc
mean_validation,amazon-ratings,GCN,GNNM,4,2,0.5033480525016785,acc
mean_validation,amazon-ratings,GCN,GNNM,5,2,0.51216721534729,acc
mean_validation,amazon-ratings,GCN,GNNM,6,2,0.5000816583633423,acc
mean_validation,amazon-ratings,GCN,GNNM,7,2,0.499428391456604,acc
mean_validation,amazon-ratings,GCN,GNNM,8,2,0.494202196598053,acc
mean_validation,amazon-ratings,GCN,GNNM,9,2,0.5038380026817322,acc
split0_validation,amazon-ratings,GCN,GNNM,0,3,0.49109911918640137,acc
split0_validation,amazon-ratings,GCN,GNNM,1,3,0.5022047758102417,acc
split0_validation,amazon-ratings,GCN,GNNM,2,3,0.4982851445674896,acc
split0_validation,amazon-ratings,GCN,GNNM,3,3,0.4891393184661865,acc
split0_validation,amazon-ratings,GCN,GNNM,4,3,0.4968152940273285,acc
split0_validation,amazon-ratings,GCN,GNNM,5,3,0.5040013194084167,acc
split0_validation,amazon-ratings,GCN,GNNM,6,3,0.499428391456604,acc
split0_validation,amazon-ratings,GCN,GNNM,7,3,0.4860362410545349,acc
split0_validation,amazon-ratings,GCN,GNNM,8,3,0.4968152940273285,acc
split0_validation,amazon-ratings,GCN,GNNM,9,3,0.4827698767185211,acc
per_split_validation,amazon-ratings,SAGE,GNNM,0,2,0.5590396523475647,acc
per_split_validation,amazon-ratings,SAGE,GNNM,1,2,0.5512003898620605,acc
per_split_validation,amazon-ratings,SAGE,GNNM,2,4,0.5546301007270813,acc
per_split_validation,amazon-ratings,SAGE,GNNM,3,3,0.5503838062286377,acc
per_split_validation,amazon-ratings,SAGE,GNNM,4,2,0.5515270233154297,acc
per_split_validation,amazon-ratings,SAGE,GNNM,5,3,0.5611628293991089,acc
per_split_validation,amazon-ratings,SAGE,GNNM,6,3,0.5606728792190552,acc
per_split_validation,amazon-ratings,SAGE,GNNM,7,3,0.5490772724151611,acc
per_split_validation,amazon-ratings,SAGE,GNNM,8,4,0.5484239459037781,acc
per_split_validation,amazon-ratings,SAGE,GNNM,9,4,0.5547934174537659,acc
mean_validation,amazon-ratings,SAGE,GNNM,0,3,0.5547934174537659,acc
mean_validation,amazon-ratings,SAGE,GNNM,1,3,0.5471174120903015,acc
mean_validation,amazon-ratings,SAGE,GNNM,2,3,0.5500571727752686,acc
mean_validation,amazon-ratings,SAGE,GNNM,3,3,0.5503838062286377,acc
mean_validation,amazon-ratings,SAGE,GNNM,4,3,0.5570798516273499,acc
mean_validation,amazon-ratings,SAGE,GNNM,5,3,0.5611628293991089,acc
mean_validation,amazon-ratings,SAGE,GNNM,6,3,0.5606728792190552,acc
mean_validation,amazon-ratings,SAGE,GNNM,7,3,0.5490772724151611,acc
mean_validation,amazon-ratings,SAGE,GNNM,8,3,0.5487505793571472,acc
mean_validation,amazon-ratings,SAGE,GNNM,9,3,0.5578964352607727,acc
split0_validation,amazon-ratings,SAGE,GNNM,0,2,0.5590396523475647,acc
split0_validation,amazon-ratings,SAGE,GNNM,1,2,0.5512003898620605,acc
split0_validation,amazon-ratings,SAGE,GNNM,2,2,0.5536501407623291,acc
split0_validation,amazon-ratings,SAGE,GNNM,3,2,0.5547934174537659,acc
split0_validation,amazon-ratings,SAGE,GNNM,4,2,0.5515270233154297,acc
split0_validation,amazon-ratings,SAGE,GNNM,5,2,0.557406485080719,acc
split0_validation,amazon-ratings,SAGE,GNNM,6,2,0.5518536567687988,acc
split0_validation,amazon-ratings,SAGE,GNNM,7,2,0.5502204895019531,acc
split0_validation,amazon-ratings,SAGE,GNNM,8,2,0.5448309779167175,acc
split0_validation,amazon-ratings,SAGE,GNNM,9,2,0.552180290222168,acc
per_split_validation,amazon-ratings,GAT,GNNM,0,1,0.5350318551063538,acc
per_split_validation,amazon-ratings,GAT,GNNM,1,1,0.5239261984825134,acc
per_split_validation,amazon-ratings,GAT,GNNM,2,1,0.5353584885597229,acc
per_split_validation,amazon-ratings,GAT,GNNM,3,1,0.5280091166496277,acc
per_split_validation,amazon-ratings,GAT,GNNM,4,1,0.5283357501029968,acc
per_split_validation,amazon-ratings,GAT,GNNM,5,1,0.5330719947814941,acc
per_split_validation,amazon-ratings,GAT,GNNM,6,1,0.5262126326560974,acc
per_split_validation,amazon-ratings,GAT,GNNM,7,1,0.521149754524231,acc
per_split_validation,amazon-ratings,GAT,GNNM,8,1,0.5273558497428894,acc
per_split_validation,amazon-ratings,GAT,GNNM,9,1,0.5307855606079102,acc
mean_validation,amazon-ratings,GAT,GNNM,0,1,0.5350318551063538,acc
mean_validation,amazon-ratings,GAT,GNNM,1,1,0.5239261984825134,acc
mean_validation,amazon-ratings,GAT,GNNM,2,1,0.5353584885597229,acc
mean_validation,amazon-ratings,GAT,GNNM,3,1,0.5280091166496277,acc
mean_validation,amazon-ratings,GAT,GNNM,4,1,0.5283357501029968,acc
mean_validation,amazon-ratings,GAT,GNNM,5,1,0.5330719947814941,acc
mean_validation,amazon-ratings,GAT,GNNM,6,1,0.5262126326560974,acc
mean_validation,amazon-ratings,GAT,GNNM,7,1,0.521149754524231,acc
mean_validation,amazon-ratings,GAT,GNNM,8,1,0.5273558497428894,acc
mean_validation,amazon-ratings,GAT,GNNM,9,1,0.5307855606079102,acc
split0_validation,amazon-ratings,GAT,GNNM,0,1,0.5350318551063538,acc
split0_validation,amazon-ratings,GAT,GNNM,1,1,0.5239261984825134,acc
split0_validation,amazon-ratings,GAT,GNNM,2,1,0.5353584885597229,acc
split0_validation,amazon-ratings,GAT,GNNM,3,1,0.5280091166496277,acc
split0_validation,amazon-ratings,GAT,GNNM,4,1,0.5283357501029968,acc
split0_validation,amazon-ratings,GAT,GNNM,5,1,0.5330719947814941,acc
split0_validation,amazon-ratings,GAT,GNNM,6,1,0.5262126326560974,acc
split0_validation,amazon-ratings,GAT,GNNM,7,1,0.521149754524231,acc
split0_validation,amazon-ratings,GAT,GNNM,8,1,0.5273558497428894,acc
split0_validation,amazon-ratings,GAT,GNNM,9,1,0.5307855606079102,acc
per_split_validation,amazon-ratings,GAT-sep,GNNM,0,3,0.5582230687141418,acc
per_split_validation,amazon-ratings,GAT-sep,GNNM,1,2,0.5556100010871887,acc
per_split_validation,amazon-ratings,GAT-sep,GNNM,2,2,0.5587130188941956,acc
per_split_validation,amazon-ratings,GAT-sep,GNNM,3,2,0.5583863854408264,acc
per_split_validation,amazon-ratings,GAT-sep,GNNM,4,4,0.5575698018074036,acc
per_split_validation,amazon-ratings,GAT-sep,GNNM,5,4,0.5596929788589478,acc
per_split_validation,amazon-ratings,GAT-sep,GNNM,6,5,0.5658990740776062,acc
per_split_validation,amazon-ratings,GAT-sep,GNNM,7,3,0.5606728792190552,acc
per_split_validation,amazon-ratings,GAT-sep,GNNM,8,2,0.5531601905822754,acc
per_split_validation,amazon-ratings,GAT-sep,GNNM,9,4,0.5485872626304626,acc
mean_validation,amazon-ratings,GAT-sep,GNNM,0,2,0.5590396523475647,acc
mean_validation,amazon-ratings,GAT-sep,GNNM,1,2,0.5556100010871887,acc
mean_validation,amazon-ratings,GAT-sep,GNNM,2,2,0.5587130188941956,acc
mean_validation,amazon-ratings,GAT-sep,GNNM,3,2,0.5583863854408264,acc
mean_validation,amazon-ratings,GAT-sep,GNNM,4,2,0.5593663454055786,acc
mean_validation,amazon-ratings,GAT-sep,GNNM,5,2,0.5596929788589478,acc
mean_validation,amazon-ratings,GAT-sep,GNNM,6,2,0.5634492635726929,acc
mean_validation,amazon-ratings,GAT-sep,GNNM,7,2,0.5598562955856323,acc
mean_validation,amazon-ratings,GAT-sep,GNNM,8,2,0.5531601905822754,acc
mean_validation,amazon-ratings,GAT-sep,GNNM,9,2,0.552180290222168,acc
split0_validation,amazon-ratings,GAT-sep,GNNM,0,3,0.5582230687141418,acc
split0_validation,amazon-ratings,GAT-sep,GNNM,1,3,0.5593663454055786,acc
split0_validation,amazon-ratings,GAT-sep,GNNM,2,3,0.552180290222168,acc
split0_validation,amazon-ratings,GAT-sep,GNNM,3,3,0.5495672225952148,acc
split0_validation,amazon-ratings,GAT-sep,GNNM,4,3,0.5580597519874573,acc
split0_validation,amazon-ratings,GAT-sep,GNNM,5,3,0.5546301007270813,acc
split0_validation,amazon-ratings,GAT-sep,GNNM,6,3,0.5688387751579285,acc
split0_validation,amazon-ratings,GAT-sep,GNNM,7,3,0.5606728792190552,acc
split0_validation,amazon-ratings,GAT-sep,GNNM,8,3,0.5454842448234558,acc
split0_validation,amazon-ratings,GAT-sep,GNNM,9,3,0.5552833676338196,acc
per_split_validation,amazon-ratings,GT,GNNM,0,4,0.5546301007270813,acc
per_split_validation,amazon-ratings,GT,GNNM,1,2,0.5611628293991089,acc
per_split_validation,amazon-ratings,GT,GNNM,2,3,0.5544667840003967,acc
per_split_validation,amazon-ratings,GT,GNNM,3,2,0.5484239459037781,acc
per_split_validation,amazon-ratings,GT,GNNM,4,3,0.5621427297592163,acc
per_split_validation,amazon-ratings,GT,GNNM,5,5,0.5583863854408264,acc
per_split_validation,amazon-ratings,GT,GNNM,6,2,0.5582230687141418,acc
per_split_validation,amazon-ratings,GT,GNNM,7,2,0.5512003898620605,acc
per_split_validation,amazon-ratings,GT,GNNM,8,3,0.5518536567687988,acc
per_split_validation,amazon-ratings,GT,GNNM,9,4,0.5523436069488525,acc
mean_validation,amazon-ratings,GT,GNNM,0,2,0.559203028678894,acc
mean_validation,amazon-ratings,GT,GNNM,1,2,0.5611628293991089,acc
mean_validation,amazon-ratings,GT,GNNM,2,2,0.559203028678894,acc
mean_validation,amazon-ratings,GT,GNNM,3,2,0.5484239459037781,acc
mean_validation,amazon-ratings,GT,GNNM,4,2,0.5529968738555908,acc
mean_validation,amazon-ratings,GT,GNNM,5,2,0.5593663454055786,acc
mean_validation,amazon-ratings,GT,GNNM,6,2,0.5582230687141418,acc
mean_validation,amazon-ratings,GT,GNNM,7,2,0.5512003898620605,acc
mean_validation,amazon-ratings,GT,GNNM,8,2,0.5489138960838318,acc
mean_validation,amazon-ratings,GT,GNNM,9,2,0.5505471229553223,acc
split0_validation,amazon-ratings,GT,GNNM,0,4,0.5546301007270813,acc
split0_validation,amazon-ratings,GT,GNNM,1,4,0.5529968738555908,acc
split0_validation,amazon-ratings,GT,GNNM,2,4,0.5438510775566101,acc
split0_validation,amazon-ratings,GT,GNNM,3,4,0.5520169734954834,acc
split0_validation,amazon-ratings,GT,GNNM,4,4,0.5492405891418457,acc
split0_validation,amazon-ratings,GT,GNNM,5,4,0.5503838062286377,acc
split0_validation,amazon-ratings,GT,GNNM,6,4,0.5518536567687988,acc
split0_validation,amazon-ratings,GT,GNNM,7,4,0.5449942946434021,acc
split0_validation,amazon-ratings,GT,GNNM,8,4,0.5531601905822754,acc
split0_validation,amazon-ratings,GT,GNNM,9,4,0.5523436069488525,acc
per_split_validation,amazon-ratings,GT-sep,GNNM,0,3,0.557406485080719,acc
per_split_validation,amazon-ratings,GT-sep,GNNM,1,2,0.5536501407623291,acc
per_split_validation,amazon-ratings,GT-sep,GNNM,2,4,0.5534868240356445,acc
per_split_validation,amazon-ratings,GT-sep,GNNM,3,5,0.5428711175918579,acc
per_split_validation,amazon-ratings,GT-sep,GNNM,4,3,0.5531601905822754,acc
per_split_validation,amazon-ratings,GT-sep,GNNM,5,3,0.5554466843605042,acc
per_split_validation,amazon-ratings,GT-sep,GNNM,6,2,0.5590396523475647,acc
per_split_validation,amazon-ratings,GT-sep,GNNM,7,2,0.5512003898620605,acc
per_split_validation,amazon-ratings,GT-sep,GNNM,8,3,0.5480973124504089,acc
per_split_validation,amazon-ratings,GT-sep,GNNM,9,3,0.5575698018074036,acc
mean_validation,amazon-ratings,GT-sep,GNNM,0,3,0.557406485080719,acc
mean_validation,amazon-ratings,GT-sep,GNNM,1,3,0.5520169734954834,acc
mean_validation,amazon-ratings,GT-sep,GNNM,2,3,0.5449942946434021,acc
mean_validation,amazon-ratings,GT-sep,GNNM,3,3,0.5484239459037781,acc
mean_validation,amazon-ratings,GT-sep,GNNM,4,3,0.5531601905822754,acc
mean_validation,amazon-ratings,GT-sep,GNNM,5,3,0.5554466843605042,acc
mean_validation,amazon-ratings,GT-sep,GNNM,6,3,0.5634492635726929,acc
mean_validation,amazon-ratings,GT-sep,GNNM,7,3,0.5497305393218994,acc
mean_validation,amazon-ratings,GT-sep,GNNM,8,3,0.5480973124504089,acc
mean_validation,amazon-ratings,GT-sep,GNNM,9,3,0.5575698018074036,acc
split0_validation,amazon-ratings,GT-sep,GNNM,0,3,0.557406485080719,acc
split0_validation,amazon-ratings,GT-sep,GNNM,1,3,0.5520169734954834,acc
split0_validation,amazon-ratings,GT-sep,GNNM,2,3,0.5449942946434021,acc
split0_validation,amazon-ratings,GT-sep,GNNM,3,3,0.5484239459037781,acc
split0_validation,amazon-ratings,GT-sep,GNNM,4,3,0.5531601905822754,acc
split0_validation,amazon-ratings,GT-sep,GNNM,5,3,0.5554466843605042,acc
split0_validation,amazon-ratings,GT-sep,GNNM,6,3,0.5634492635726929,acc
split0_validation,amazon-ratings,GT-sep,GNNM,7,3,0.5497305393218994,acc
split0_validation,amazon-ratings,GT-sep,GNNM,8,3,0.5480973124504089,acc
split0_validation,amazon-ratings,GT-sep,GNNM,9,3,0.5575698018074036,acc
per_split_validation,amazon-ratings,ResNet,GNNM,0,4,0.4999183416366577,acc
per_split_validation,amazon-ratings,ResNet,GNNM,1,5,0.4937122166156769,acc
per_split_validation,amazon-ratings,ResNet,GNNM,2,5,0.4935488998889923,acc
per_split_validation,amazon-ratings,ResNet,GNNM,3,3,0.49126243591308594,acc
per_split_validation,amazon-ratings,ResNet,GNNM,4,4,0.499428391456604,acc
per_split_validation,amazon-ratings,ResNet,GNNM,5,5,0.4951820969581604,acc
per_split_validation,amazon-ratings,ResNet,GNNM,6,3,0.4956720471382141,acc
per_split_validation,amazon-ratings,ResNet,GNNM,7,5,0.49534541368484497,acc
per_split_validation,amazon-ratings,ResNet,GNNM,8,5,0.4834231436252594,acc
per_split_validation,amazon-ratings,ResNet,GNNM,9,3,0.4968152940273285,acc
mean_validation,amazon-ratings,ResNet,GNNM,0,4,0.4999183416366577,acc
mean_validation,amazon-ratings,ResNet,GNNM,1,4,0.49485546350479126,acc
mean_validation,amazon-ratings,ResNet,GNNM,2,4,0.4979585111141205,acc
mean_validation,amazon-ratings,ResNet,GNNM,3,4,0.4907724857330322,acc
mean_validation,amazon-ratings,ResNet,GNNM,4,4,0.499428391456604,acc
mean_validation,amazon-ratings,ResNet,GNNM,5,4,0.4924056828022003,acc
mean_validation,amazon-ratings,ResNet,GNNM,6,4,0.49648863077163696,acc
mean_validation,amazon-ratings,ResNet,GNNM,7,4,0.48897600173950195,acc
mean_validation,amazon-ratings,ResNet,GNNM,8,4,0.48538297414779663,acc
mean_validation,amazon-ratings,ResNet,GNNM,9,4,0.5008982419967651,acc
split0_validation,amazon-ratings,ResNet,GNNM,0,4,0.4999183416366577,acc
split0_validation,amazon-ratings,ResNet,GNNM,1,4,0.49485546350479126,acc
split0_validation,amazon-ratings,ResNet,GNNM,2,4,0.4979585111141205,acc
split0_validation,amazon-ratings,ResNet,GNNM,3,4,0.4907724857330322,acc
split0_validation,amazon-ratings,ResNet,GNNM,4,4,0.499428391456604,acc
split0_validation,amazon-ratings,ResNet,GNNM,5,4,0.4924056828022003,acc
split0_validation,amazon-ratings,ResNet,GNNM,6,4,0.49648863077163696,acc
split0_validation,amazon-ratings,ResNet,GNNM,7,4,0.48897600173950195,acc
split0_validation,amazon-ratings,ResNet,GNNM,8,4,0.48538297414779663,acc
split0_validation,amazon-ratings,ResNet,GNNM,9,4,0.5008982419967651,acc
per_split_validation,amazon-ratings,TAG,GNNM,0,2,0.5324187278747559,acc
per_split_validation,amazon-ratings,TAG,GNNM,1,1,0.5396047830581665,acc
per_split_validation,amazon-ratings,TAG,GNNM,2,1,0.5392781496047974,acc
per_split_validation,amazon-ratings,TAG,GNNM,3,2,0.5387881994247437,acc
per_split_validation,amazon-ratings,TAG,GNNM,4,2,0.5381348729133606,acc
per_split_validation,amazon-ratings,TAG,GNNM,5,2,0.5433610677719116,acc
per_split_validation,amazon-ratings,TAG,GNNM,6,2,0.5438510775566101,acc
per_split_validation,amazon-ratings,TAG,GNNM,7,2,0.5394414663314819,acc
per_split_validation,amazon-ratings,TAG,GNNM,8,3,0.5320920944213867,acc
per_split_validation,amazon-ratings,TAG,GNNM,9,3,0.535685122013092,acc
mean_validation,amazon-ratings,TAG,GNNM,0,2,0.5324187278747559,acc
mean_validation,amazon-ratings,TAG,GNNM,1,2,0.5353584885597229,acc
mean_validation,amazon-ratings,TAG,GNNM,2,2,0.5374816060066223,acc
mean_validation,amazon-ratings,TAG,GNNM,3,2,0.5387881994247437,acc
mean_validation,amazon-ratings,TAG,GNNM,4,2,0.5381348729133606,acc
mean_validation,amazon-ratings,TAG,GNNM,5,2,0.5433610677719116,acc
mean_validation,amazon-ratings,TAG,GNNM,6,2,0.5438510775566101,acc
mean_validation,amazon-ratings,TAG,GNNM,7,2,0.5394414663314819,acc
mean_validation,amazon-ratings,TAG,GNNM,8,2,0.5338886380195618,acc
mean_validation,amazon-ratings,TAG,GNNM,9,2,0.5342152714729309,acc
split0_validation,amazon-ratings,TAG,GNNM,0,2,0.5324187278747559,acc
split0_validation,amazon-ratings,TAG,GNNM,1,2,0.5353584885597229,acc
split0_validation,amazon-ratings,TAG,GNNM,2,2,0.5374816060066223,acc
split0_validation,amazon-ratings,TAG,GNNM,3,2,0.5387881994247437,acc
split0_validation,amazon-ratings,TAG,GNNM,4,2,0.5381348729133606,acc
split0_validation,amazon-ratings,TAG,GNNM,5,2,0.5433610677719116,acc
split0_validation,amazon-ratings,TAG,GNNM,6,2,0.5438510775566101,acc
split0_validation,amazon-ratings,TAG,GNNM,7,2,0.5394414663314819,acc
split0_validation,amazon-ratings,TAG,GNNM,8,2,0.5338886380195618,acc
split0_validation,amazon-ratings,TAG,GNNM,9,2,0.5342152714729309,acc
per_split_validation,minesweeper,GCN,BASE,0,2,0.897009,roc_auc
per_split_validation,minesweeper,GCN,BASE,1,4,0.898969,roc_auc
per_split_validation,minesweeper,GCN,BASE,2,2,0.8957249999999999,roc_auc
per_split_validation,minesweeper,GCN,BASE,3,4,0.8918380000000001,roc_auc
per_split_validation,minesweeper,GCN,BASE,4,4,0.8937729999999999,roc_auc
per_split_validation,minesweeper,GCN,BASE,5,2,0.903737,roc_auc
per_split_validation,minesweeper,GCN,BASE,6,2,0.885437,roc_auc
per_split_validation,minesweeper,GCN,BASE,7,2,0.893604,roc_auc
per_split_validation,minesweeper,GCN,BASE,8,5,0.9034829999999999,roc_auc
per_split_validation,minesweeper,GCN,BASE,9,4,0.9006860000000001,roc_auc
mean_validation,minesweeper,GCN,BASE,0,2,0.897009,roc_auc
mean_validation,minesweeper,GCN,BASE,1,2,0.8939140000000001,roc_auc
mean_validation,minesweeper,GCN,BASE,2,2,0.8957249999999999,roc_auc
mean_validation,minesweeper,GCN,BASE,3,2,0.891216,roc_auc
mean_validation,minesweeper,GCN,BASE,4,2,0.895772,roc_auc
mean_validation,minesweeper,GCN,BASE,5,2,0.903737,roc_auc
mean_validation,minesweeper,GCN,BASE,6,2,0.885437,roc_auc
mean_validation,minesweeper,GCN,BASE,7,2,0.893604,roc_auc
mean_validation,minesweeper,GCN,BASE,8,2,0.897691,roc_auc
mean_validation,minesweeper,GCN,BASE,9,2,0.9001909999999999,roc_auc
split0_validation,minesweeper,GCN,BASE,0,2,0.897009,roc_auc
split0_validation,minesweeper,GCN,BASE,1,2,0.8939140000000001,roc_auc
split0_validation,minesweeper,GCN,BASE,2,2,0.8957249999999999,roc_auc
split0_validation,minesweeper,GCN,BASE,3,2,0.891216,roc_auc
split0_validation,minesweeper,GCN,BASE,4,2,0.895772,roc_auc
split0_validation,minesweeper,GCN,BASE,5,2,0.903737,roc_auc
split0_validation,minesweeper,GCN,BASE,6,2,0.885437,roc_auc
split0_validation,minesweeper,GCN,BASE,7,2,0.893604,roc_auc
split0_validation,minesweeper,GCN,BASE,8,2,0.897691,roc_auc
split0_validation,minesweeper,GCN,BASE,9,2,0.9001909999999999,roc_auc
per_split_validation,minesweeper,SAGE,BASE,0,5,0.9420660000000001,roc_auc
per_split_validation,minesweeper,SAGE,BASE,1,5,0.9422040000000002,roc_auc
per_split_validation,minesweeper,SAGE,BASE,2,5,0.941347,roc_auc
per_split_validation,minesweeper,SAGE,BASE,3,5,0.931058,roc_auc
per_split_validation,minesweeper,SAGE,BASE,4,5,0.9360850000000001,roc_auc
per_split_validation,minesweeper,SAGE,BASE,5,5,0.93684,roc_auc
per_split_validation,minesweeper,SAGE,BASE,6,5,0.92476,roc_auc
per_split_validation,minesweeper,SAGE,BASE,7,5,0.9425569999999999,roc_auc
per_split_validation,minesweeper,SAGE,BASE,8,5,0.936663,roc_auc
per_split_validation,minesweeper,SAGE,BASE,9,5,0.938842,roc_auc
mean_validation,minesweeper,SAGE,BASE,0,5,0.9420660000000001,roc_auc
mean_validation,minesweeper,SAGE,BASE,1,5,0.9422040000000002,roc_auc
mean_validation,minesweeper,SAGE,BASE,2,5,0.941347,roc_auc
mean_validation,minesweeper,SAGE,BASE,3,5,0.931058,roc_auc
mean_validation,minesweeper,SAGE,BASE,4,5,0.9360850000000001,roc_auc
mean_validation,minesweeper,SAGE,BASE,5,5,0.93684,roc_auc
mean_validation,minesweeper,SAGE,BASE,6,5,0.92476,roc_auc
mean_validation,minesweeper,SAGE,BASE,7,5,0.9425569999999999,roc_auc
mean_validation,minesweeper,SAGE,BASE,8,5,0.936663,roc_auc
mean_validation,minesweeper,SAGE,BASE,9,5,0.938842,roc_auc
split0_validation,minesweeper,SAGE,BASE,0,5,0.9420660000000001,roc_auc
split0_validation,minesweeper,SAGE,BASE,1,5,0.9422040000000002,roc_auc
split0_validation,minesweeper,SAGE,BASE,2,5,0.941347,roc_auc
split0_validation,minesweeper,SAGE,BASE,3,5,0.931058,roc_auc
split0_validation,minesweeper,SAGE,BASE,4,5,0.9360850000000001,roc_auc
split0_validation,minesweeper,SAGE,BASE,5,5,0.93684,roc_auc
split0_validation,minesweeper,SAGE,BASE,6,5,0.92476,roc_auc
split0_validation,minesweeper,SAGE,BASE,7,5,0.9425569999999999,roc_auc
split0_validation,minesweeper,SAGE,BASE,8,5,0.936663,roc_auc
split0_validation,minesweeper,SAGE,BASE,9,5,0.938842,roc_auc
per_split_validation,minesweeper,GAT,BASE,0,5,0.922925,roc_auc
per_split_validation,minesweeper,GAT,BASE,1,5,0.9293329999999999,roc_auc
per_split_validation,minesweeper,GAT,BASE,2,4,0.92391,roc_auc
per_split_validation,minesweeper,GAT,BASE,3,5,0.9180689999999999,roc_auc
per_split_validation,minesweeper,GAT,BASE,4,4,0.92577,roc_auc
per_split_validation,minesweeper,GAT,BASE,5,5,0.923172,roc_auc
per_split_validation,minesweeper,GAT,BASE,6,5,0.913965,roc_auc
per_split_validation,minesweeper,GAT,BASE,7,5,0.9197360000000001,roc_auc
per_split_validation,minesweeper,GAT,BASE,8,5,0.9283000000000001,roc_auc
per_split_validation,minesweeper,GAT,BASE,9,5,0.930327,roc_auc
mean_validation,minesweeper,GAT,BASE,0,5,0.922925,roc_auc
mean_validation,minesweeper,GAT,BASE,1,5,0.9293329999999999,roc_auc
mean_validation,minesweeper,GAT,BASE,2,5,0.914575,roc_auc
mean_validation,minesweeper,GAT,BASE,3,5,0.9180689999999999,roc_auc
mean_validation,minesweeper,GAT,BASE,4,5,0.924445,roc_auc
mean_validation,minesweeper,GAT,BASE,5,5,0.923172,roc_auc
mean_validation,minesweeper,GAT,BASE,6,5,0.913965,roc_auc
mean_validation,minesweeper,GAT,BASE,7,5,0.9197360000000001,roc_auc
mean_validation,minesweeper,GAT,BASE,8,5,0.9283000000000001,roc_auc
mean_validation,minesweeper,GAT,BASE,9,5,0.930327,roc_auc
split0_validation,minesweeper,GAT,BASE,0,5,0.922925,roc_auc
split0_validation,minesweeper,GAT,BASE,1,5,0.9293329999999999,roc_auc
split0_validation,minesweeper,GAT,BASE,2,5,0.914575,roc_auc
split0_validation,minesweeper,GAT,BASE,3,5,0.9180689999999999,roc_auc
split0_validation,minesweeper,GAT,BASE,4,5,0.924445,roc_auc
split0_validation,minesweeper,GAT,BASE,5,5,0.923172,roc_auc
split0_validation,minesweeper,GAT,BASE,6,5,0.913965,roc_auc
split0_validation,minesweeper,GAT,BASE,7,5,0.9197360000000001,roc_auc
split0_validation,minesweeper,GAT,BASE,8,5,0.9283000000000001,roc_auc
split0_validation,minesweeper,GAT,BASE,9,5,0.930327,roc_auc
per_split_validation,minesweeper,GAT-sep,BASE,0,5,0.9372309999999999,roc_auc
per_split_validation,minesweeper,GAT-sep,BASE,1,5,0.935054,roc_auc
per_split_validation,minesweeper,GAT-sep,BASE,2,5,0.9315570000000001,roc_auc
per_split_validation,minesweeper,GAT-sep,BASE,3,5,0.9307059999999999,roc_auc
per_split_validation,minesweeper,GAT-sep,BASE,4,5,0.937022,roc_auc
per_split_validation,minesweeper,GAT-sep,BASE,5,5,0.9358049999999999,roc_auc
per_split_validation,minesweeper,GAT-sep,BASE,6,5,0.921436,roc_auc
per_split_validation,minesweeper,GAT-sep,BASE,7,5,0.938564,roc_auc
per_split_validation,minesweeper,GAT-sep,BASE,8,5,0.9370839999999999,roc_auc
per_split_validation,minesweeper,GAT-sep,BASE,9,5,0.9346129999999999,roc_auc
mean_validation,minesweeper,GAT-sep,BASE,0,5,0.9372309999999999,roc_auc
mean_validation,minesweeper,GAT-sep,BASE,1,5,0.935054,roc_auc
mean_validation,minesweeper,GAT-sep,BASE,2,5,0.9315570000000001,roc_auc
mean_validation,minesweeper,GAT-sep,BASE,3,5,0.9307059999999999,roc_auc
mean_validation,minesweeper,GAT-sep,BASE,4,5,0.937022,roc_auc
mean_validation,minesweeper,GAT-sep,BASE,5,5,0.9358049999999999,roc_auc
mean_validation,minesweeper,GAT-sep,BASE,6,5,0.921436,roc_auc
mean_validation,minesweeper,GAT-sep,BASE,7,5,0.938564,roc_auc
mean_validation,minesweeper,GAT-sep,BASE,8,5,0.9370839999999999,roc_auc
mean_validation,minesweeper,GAT-sep,BASE,9,5,0.9346129999999999,roc_auc
split0_validation,minesweeper,GAT-sep,BASE,0,5,0.9372309999999999,roc_auc
split0_validation,minesweeper,GAT-sep,BASE,1,5,0.935054,roc_auc
split0_validation,minesweeper,GAT-sep,BASE,2,5,0.9315570000000001,roc_auc
split0_validation,minesweeper,GAT-sep,BASE,3,5,0.9307059999999999,roc_auc
split0_validation,minesweeper,GAT-sep,BASE,4,5,0.937022,roc_auc
split0_validation,minesweeper,GAT-sep,BASE,5,5,0.9358049999999999,roc_auc
split0_validation,minesweeper,GAT-sep,BASE,6,5,0.921436,roc_auc
split0_validation,minesweeper,GAT-sep,BASE,7,5,0.938564,roc_auc
split0_validation,minesweeper,GAT-sep,BASE,8,5,0.9370839999999999,roc_auc
split0_validation,minesweeper,GAT-sep,BASE,9,5,0.9346129999999999,roc_auc
per_split_validation,minesweeper,GT,BASE,0,5,0.9259579999999998,roc_auc
per_split_validation,minesweeper,GT,BASE,1,5,0.922034,roc_auc
per_split_validation,minesweeper,GT,BASE,2,5,0.920565,roc_auc
per_split_validation,minesweeper,GT,BASE,3,4,0.920151,roc_auc
per_split_validation,minesweeper,GT,BASE,4,5,0.9263560000000001,roc_auc
per_split_validation,minesweeper,GT,BASE,5,5,0.9266559999999999,roc_auc
per_split_validation,minesweeper,GT,BASE,6,5,0.9126599999999999,roc_auc
per_split_validation,minesweeper,GT,BASE,7,4,0.9253799999999999,roc_auc
per_split_validation,minesweeper,GT,BASE,8,5,0.9182760000000001,roc_auc
per_split_validation,minesweeper,GT,BASE,9,5,0.9323830000000001,roc_auc
mean_validation,minesweeper,GT,BASE,0,5,0.9259579999999998,roc_auc
mean_validation,minesweeper,GT,BASE,1,5,0.922034,roc_auc
mean_validation,minesweeper,GT,BASE,2,5,0.920565,roc_auc
mean_validation,minesweeper,GT,BASE,3,5,0.9202600000000001,roc_auc
mean_validation,minesweeper,GT,BASE,4,5,0.9263560000000001,roc_auc
mean_validation,minesweeper,GT,BASE,5,5,0.9266559999999999,roc_auc
mean_validation,minesweeper,GT,BASE,6,5,0.9126599999999999,roc_auc
mean_validation,minesweeper,GT,BASE,7,5,0.9213709999999999,roc_auc
mean_validation,minesweeper,GT,BASE,8,5,0.9182760000000001,roc_auc
mean_validation,minesweeper,GT,BASE,9,5,0.9323830000000001,roc_auc
split0_validation,minesweeper,GT,BASE,0,5,0.9259579999999998,roc_auc
split0_validation,minesweeper,GT,BASE,1,5,0.922034,roc_auc
split0_validation,minesweeper,GT,BASE,2,5,0.920565,roc_auc
split0_validation,minesweeper,GT,BASE,3,5,0.9202600000000001,roc_auc
split0_validation,minesweeper,GT,BASE,4,5,0.9263560000000001,roc_auc
split0_validation,minesweeper,GT,BASE,5,5,0.9266559999999999,roc_auc
split0_validation,minesweeper,GT,BASE,6,5,0.9126599999999999,roc_auc
split0_validation,minesweeper,GT,BASE,7,5,0.9213709999999999,roc_auc
split0_validation,minesweeper,GT,BASE,8,5,0.9182760000000001,roc_auc
split0_validation,minesweeper,GT,BASE,9,5,0.9323830000000001,roc_auc
per_split_validation,minesweeper,GT-sep,BASE,0,5,0.920838,roc_auc
per_split_validation,minesweeper,GT-sep,BASE,1,5,0.9198459999999999,roc_auc
per_split_validation,minesweeper,GT-sep,BASE,2,5,0.913286,roc_auc
per_split_validation,minesweeper,GT-sep,BASE,3,5,0.9194819999999999,roc_auc
per_split_validation,minesweeper,GT-sep,BASE,4,5,0.925855,roc_auc
per_split_validation,minesweeper,GT-sep,BASE,5,5,0.92763,roc_auc
per_split_validation,minesweeper,GT-sep,BASE,6,4,0.9061139999999999,roc_auc
per_split_validation,minesweeper,GT-sep,BASE,7,5,0.9232649999999999,roc_auc
per_split_validation,minesweeper,GT-sep,BASE,8,5,0.918945,roc_auc
per_split_validation,minesweeper,GT-sep,BASE,9,5,0.9243169999999999,roc_auc
mean_validation,minesweeper,GT-sep,BASE,0,5,0.920838,roc_auc
mean_validation,minesweeper,GT-sep,BASE,1,5,0.9198459999999999,roc_auc
mean_validation,minesweeper,GT-sep,BASE,2,5,0.913286,roc_auc
mean_validation,minesweeper,GT-sep,BASE,3,5,0.9194819999999999,roc_auc
mean_validation,minesweeper,GT-sep,BASE,4,5,0.925855,roc_auc
mean_validation,minesweeper,GT-sep,BASE,5,5,0.92763,roc_auc
mean_validation,minesweeper,GT-sep,BASE,6,5,0.909506,roc_auc
mean_validation,minesweeper,GT-sep,BASE,7,5,0.9232649999999999,roc_auc
mean_validation,minesweeper,GT-sep,BASE,8,5,0.918945,roc_auc
mean_validation,minesweeper,GT-sep,BASE,9,5,0.9243169999999999,roc_auc
split0_validation,minesweeper,GT-sep,BASE,0,5,0.920838,roc_auc
split0_validation,minesweeper,GT-sep,BASE,1,5,0.9198459999999999,roc_auc
split0_validation,minesweeper,GT-sep,BASE,2,5,0.913286,roc_auc
split0_validation,minesweeper,GT-sep,BASE,3,5,0.9194819999999999,roc_auc
split0_validation,minesweeper,GT-sep,BASE,4,5,0.925855,roc_auc
split0_validation,minesweeper,GT-sep,BASE,5,5,0.92763,roc_auc
split0_validation,minesweeper,GT-sep,BASE,6,5,0.909506,roc_auc
split0_validation,minesweeper,GT-sep,BASE,7,5,0.9232649999999999,roc_auc
split0_validation,minesweeper,GT-sep,BASE,8,5,0.918945,roc_auc
split0_validation,minesweeper,GT-sep,BASE,9,5,0.9243169999999999,roc_auc
per_split_validation,minesweeper,ResNet,BASE,0,4,0.507489,roc_auc
per_split_validation,minesweeper,ResNet,BASE,1,4,0.5163584999999999,roc_auc
per_split_validation,minesweeper,ResNet,BASE,2,3,0.524655,roc_auc
per_split_validation,minesweeper,ResNet,BASE,3,1,0.5195734999999999,roc_auc
per_split_validation,minesweeper,ResNet,BASE,4,4,0.4960645,roc_auc
per_split_validation,minesweeper,ResNet,BASE,5,2,0.49721550000000003,roc_auc
per_split_validation,minesweeper,ResNet,BASE,6,3,0.4945650000000001,roc_auc
per_split_validation,minesweeper,ResNet,BASE,7,2,0.513856,roc_auc
per_split_validation,minesweeper,ResNet,BASE,8,5,0.486877,roc_auc
per_split_validation,minesweeper,ResNet,BASE,9,2,0.5122820000000001,roc_auc
mean_validation,minesweeper,ResNet,BASE,0,3,0.520131,roc_auc
mean_validation,minesweeper,ResNet,BASE,1,3,0.5233665,roc_auc
mean_validation,minesweeper,ResNet,BASE,2,3,0.524655,roc_auc
mean_validation,minesweeper,ResNet,BASE,3,3,0.5170595,roc_auc
mean_validation,minesweeper,ResNet,BASE,4,3,0.5098495,roc_auc
mean_validation,minesweeper,ResNet,BASE,5,3,0.49895449999999997,roc_auc
mean_validation,minesweeper,ResNet,BASE,6,3,0.4945650000000001,roc_auc
mean_validation,minesweeper,ResNet,BASE,7,3,0.5147839999999999,roc_auc
mean_validation,minesweeper,ResNet,BASE,8,3,0.48648899999999995,roc_auc
mean_validation,minesweeper,ResNet,BASE,9,3,0.5017940000000001,roc_auc
split0_validation,minesweeper,ResNet,BASE,0,4,0.507489,roc_auc
split0_validation,minesweeper,ResNet,BASE,1,4,0.5163584999999999,roc_auc
split0_validation,minesweeper,ResNet,BASE,2,4,0.5198959999999999,roc_auc
split0_validation,minesweeper,ResNet,BASE,3,4,0.5049465,roc_auc
split0_validation,minesweeper,ResNet,BASE,4,4,0.4960645,roc_auc
split0_validation,minesweeper,ResNet,BASE,5,4,0.49231349999999996,roc_auc
split0_validation,minesweeper,ResNet,BASE,6,4,0.526675,roc_auc
split0_validation,minesweeper,ResNet,BASE,7,4,0.493484,roc_auc
split0_validation,minesweeper,ResNet,BASE,8,4,0.497623,roc_auc
split0_validation,minesweeper,ResNet,BASE,9,4,0.5017940000000001,roc_auc
per_split_validation,minesweeper,TAG,BASE,0,5,0.942631,roc_auc
per_split_validation,minesweeper,TAG,BASE,1,5,0.9414039999999999,roc_auc
per_split_validation,minesweeper,TAG,BASE,2,5,0.945696,roc_auc
per_split_validation,minesweeper,TAG,BASE,3,4,0.936086,roc_auc
per_split_validation,minesweeper,TAG,BASE,4,5,0.93846,roc_auc
per_split_validation,minesweeper,TAG,BASE,5,5,0.940287,roc_auc
per_split_validation,minesweeper,TAG,BASE,6,5,0.9260809999999999,roc_auc
per_split_validation,minesweeper,TAG,BASE,7,5,0.946203,roc_auc
per_split_validation,minesweeper,TAG,BASE,8,5,0.9418930000000001,roc_auc
per_split_validation,minesweeper,TAG,BASE,9,5,0.941511,roc_auc
mean_validation,minesweeper,TAG,BASE,0,5,0.942631,roc_auc
mean_validation,minesweeper,TAG,BASE,1,5,0.9414039999999999,roc_auc
mean_validation,minesweeper,TAG,BASE,2,5,0.945696,roc_auc
mean_validation,minesweeper,TAG,BASE,3,5,0.937749,roc_auc
mean_validation,minesweeper,TAG,BASE,4,5,0.93846,roc_auc
mean_validation,minesweeper,TAG,BASE,5,5,0.940287,roc_auc
mean_validation,minesweeper,TAG,BASE,6,5,0.9260809999999999,roc_auc
mean_validation,minesweeper,TAG,BASE,7,5,0.946203,roc_auc
mean_validation,minesweeper,TAG,BASE,8,5,0.9418930000000001,roc_auc
mean_validation,minesweeper,TAG,BASE,9,5,0.941511,roc_auc
split0_validation,minesweeper,TAG,BASE,0,5,0.942631,roc_auc
split0_validation,minesweeper,TAG,BASE,1,5,0.9414039999999999,roc_auc
split0_validation,minesweeper,TAG,BASE,2,5,0.945696,roc_auc
split0_validation,minesweeper,TAG,BASE,3,5,0.937749,roc_auc
split0_validation,minesweeper,TAG,BASE,4,5,0.93846,roc_auc
split0_validation,minesweeper,TAG,BASE,5,5,0.940287,roc_auc
split0_validation,minesweeper,TAG,BASE,6,5,0.9260809999999999,roc_auc
split0_validation,minesweeper,TAG,BASE,7,5,0.946203,roc_auc
split0_validation,minesweeper,TAG,BASE,8,5,0.9418930000000001,roc_auc
split0_validation,minesweeper,TAG,BASE,9,5,0.941511,roc_auc
per_split_validation,minesweeper,GCN,ENS,0,2,0.897745,roc_auc
per_split_validation,minesweeper,GCN,ENS,1,4,0.901618,roc_auc
per_split_validation,minesweeper,GCN,ENS,2,4,0.9044659999999999,roc_auc
per_split_validation,minesweeper,GCN,ENS,3,4,0.891804,roc_auc
per_split_validation,minesweeper,GCN,ENS,4,4,0.897092,roc_auc
per_split_validation,minesweeper,GCN,ENS,5,3,0.9035870000000001,roc_auc
per_split_validation,minesweeper,GCN,ENS,6,2,0.8900990000000001,roc_auc
per_split_validation,minesweeper,GCN,ENS,7,2,0.8936710000000001,roc_auc
per_split_validation,minesweeper,GCN,ENS,8,5,0.904976,roc_auc
per_split_validation,minesweeper,GCN,ENS,9,4,0.905243,roc_auc
mean_validation,minesweeper,GCN,ENS,0,4,0.900103,roc_auc
mean_validation,minesweeper,GCN,ENS,1,4,0.901618,roc_auc
mean_validation,minesweeper,GCN,ENS,2,4,0.9044659999999999,roc_auc
mean_validation,minesweeper,GCN,ENS,3,4,0.891804,roc_auc
mean_validation,minesweeper,GCN,ENS,4,4,0.897092,roc_auc
mean_validation,minesweeper,GCN,ENS,5,4,0.9067939999999999,roc_auc
mean_validation,minesweeper,GCN,ENS,6,4,0.89062,roc_auc
mean_validation,minesweeper,GCN,ENS,7,4,0.8910910000000001,roc_auc
mean_validation,minesweeper,GCN,ENS,8,4,0.9046880000000002,roc_auc
mean_validation,minesweeper,GCN,ENS,9,4,0.905243,roc_auc
split0_validation,minesweeper,GCN,ENS,0,2,0.897745,roc_auc
split0_validation,minesweeper,GCN,ENS,1,2,0.893827,roc_auc
split0_validation,minesweeper,GCN,ENS,2,2,0.891715,roc_auc
split0_validation,minesweeper,GCN,ENS,3,2,0.891286,roc_auc
split0_validation,minesweeper,GCN,ENS,4,2,0.8955519999999999,roc_auc
split0_validation,minesweeper,GCN,ENS,5,2,0.901797,roc_auc
split0_validation,minesweeper,GCN,ENS,6,2,0.8900990000000001,roc_auc
split0_validation,minesweeper,GCN,ENS,7,2,0.8936710000000001,roc_auc
split0_validation,minesweeper,GCN,ENS,8,2,0.8970400000000001,roc_auc
split0_validation,minesweeper,GCN,ENS,9,2,0.905016,roc_auc
per_split_validation,minesweeper,SAGE,ENS,0,5,0.942741,roc_auc
per_split_validation,minesweeper,SAGE,ENS,1,5,0.94252,roc_auc
per_split_validation,minesweeper,SAGE,ENS,2,5,0.9428580000000001,roc_auc
per_split_validation,minesweeper,SAGE,ENS,3,5,0.932529,roc_auc
per_split_validation,minesweeper,SAGE,ENS,4,5,0.93688,roc_auc
per_split_validation,minesweeper,SAGE,ENS,5,5,0.938714,roc_auc
per_split_validation,minesweeper,SAGE,ENS,6,5,0.929311,roc_auc
per_split_validation,minesweeper,SAGE,ENS,7,4,0.9420359999999999,roc_auc
per_split_validation,minesweeper,SAGE,ENS,8,5,0.938374,roc_auc
per_split_validation,minesweeper,SAGE,ENS,9,5,0.941417,roc_auc
mean_validation,minesweeper,SAGE,ENS,0,5,0.942741,roc_auc
mean_validation,minesweeper,SAGE,ENS,1,5,0.94252,roc_auc
mean_validation,minesweeper,SAGE,ENS,2,5,0.9428580000000001,roc_auc
mean_validation,minesweeper,SAGE,ENS,3,5,0.932529,roc_auc
mean_validation,minesweeper,SAGE,ENS,4,5,0.93688,roc_auc
mean_validation,minesweeper,SAGE,ENS,5,5,0.938714,roc_auc
mean_validation,minesweeper,SAGE,ENS,6,5,0.929311,roc_auc
mean_validation,minesweeper,SAGE,ENS,7,5,0.943859,roc_auc
mean_validation,minesweeper,SAGE,ENS,8,5,0.938374,roc_auc
mean_validation,minesweeper,SAGE,ENS,9,5,0.941417,roc_auc
split0_validation,minesweeper,SAGE,ENS,0,5,0.942741,roc_auc
split0_validation,minesweeper,SAGE,ENS,1,5,0.94252,roc_auc
split0_validation,minesweeper,SAGE,ENS,2,5,0.9428580000000001,roc_auc
split0_validation,minesweeper,SAGE,ENS,3,5,0.932529,roc_auc
split0_validation,minesweeper,SAGE,ENS,4,5,0.93688,roc_auc
split0_validation,minesweeper,SAGE,ENS,5,5,0.938714,roc_auc
split0_validation,minesweeper,SAGE,ENS,6,5,0.929311,roc_auc
split0_validation,minesweeper,SAGE,ENS,7,5,0.943859,roc_auc
split0_validation,minesweeper,SAGE,ENS,8,5,0.938374,roc_auc
split0_validation,minesweeper,SAGE,ENS,9,5,0.941417,roc_auc
per_split_validation,minesweeper,GAT,ENS,0,4,0.9255400000000001,roc_auc
per_split_validation,minesweeper,GAT,ENS,1,5,0.931982,roc_auc
per_split_validation,minesweeper,GAT,ENS,2,4,0.9227739999999999,roc_auc
per_split_validation,minesweeper,GAT,ENS,3,5,0.9252800000000001,roc_auc
per_split_validation,minesweeper,GAT,ENS,4,5,0.9307570000000001,roc_auc
per_split_validation,minesweeper,GAT,ENS,5,4,0.9242960000000001,roc_auc
per_split_validation,minesweeper,GAT,ENS,6,5,0.9171630000000001,roc_auc
per_split_validation,minesweeper,GAT,ENS,7,5,0.9265599999999999,roc_auc
per_split_validation,minesweeper,GAT,ENS,8,5,0.9343579999999999,roc_auc
per_split_validation,minesweeper,GAT,ENS,9,5,0.938127,roc_auc
mean_validation,minesweeper,GAT,ENS,0,5,0.9245100000000002,roc_auc
mean_validation,minesweeper,GAT,ENS,1,5,0.931982,roc_auc
mean_validation,minesweeper,GAT,ENS,2,5,0.9227430000000001,roc_auc
mean_validation,minesweeper,GAT,ENS,3,5,0.9252800000000001,roc_auc
mean_validation,minesweeper,GAT,ENS,4,5,0.9307570000000001,roc_auc
mean_validation,minesweeper,GAT,ENS,5,5,0.924198,roc_auc
mean_validation,minesweeper,GAT,ENS,6,5,0.9171630000000001,roc_auc
mean_validation,minesweeper,GAT,ENS,7,5,0.9265599999999999,roc_auc
mean_validation,minesweeper,GAT,ENS,8,5,0.9343579999999999,roc_auc
mean_validation,minesweeper,GAT,ENS,9,5,0.938127,roc_auc
split0_validation,minesweeper,GAT,ENS,0,4,0.9255400000000001,roc_auc
split0_validation,minesweeper,GAT,ENS,1,4,0.926112,roc_auc
split0_validation,minesweeper,GAT,ENS,2,4,0.9227739999999999,roc_auc
split0_validation,minesweeper,GAT,ENS,3,4,0.924305,roc_auc
split0_validation,minesweeper,GAT,ENS,4,4,0.9257679999999999,roc_auc
split0_validation,minesweeper,GAT,ENS,5,4,0.9242960000000001,roc_auc
split0_validation,minesweeper,GAT,ENS,6,4,0.915082,roc_auc
split0_validation,minesweeper,GAT,ENS,7,4,0.9244149999999999,roc_auc
split0_validation,minesweeper,GAT,ENS,8,4,0.930785,roc_auc
split0_validation,minesweeper,GAT,ENS,9,4,0.9360809999999999,roc_auc
per_split_validation,minesweeper,GAT-sep,ENS,0,5,0.9399660000000001,roc_auc
per_split_validation,minesweeper,GAT-sep,ENS,1,5,0.9366180000000001,roc_auc
per_split_validation,minesweeper,GAT-sep,ENS,2,5,0.9354070000000001,roc_auc
per_split_validation,minesweeper,GAT-sep,ENS,3,5,0.932306,roc_auc
per_split_validation,minesweeper,GAT-sep,ENS,4,5,0.9376140000000001,roc_auc
per_split_validation,minesweeper,GAT-sep,ENS,5,5,0.93988,roc_auc
per_split_validation,minesweeper,GAT-sep,ENS,6,5,0.9280909999999999,roc_auc
per_split_validation,minesweeper,GAT-sep,ENS,7,5,0.939709,roc_auc
per_split_validation,minesweeper,GAT-sep,ENS,8,5,0.9379569999999999,roc_auc
per_split_validation,minesweeper,GAT-sep,ENS,9,5,0.9434370000000001,roc_auc
mean_validation,minesweeper,GAT-sep,ENS,0,5,0.9399660000000001,roc_auc
mean_validation,minesweeper,GAT-sep,ENS,1,5,0.9366180000000001,roc_auc
mean_validation,minesweeper,GAT-sep,ENS,2,5,0.9354070000000001,roc_auc
mean_validation,minesweeper,GAT-sep,ENS,3,5,0.932306,roc_auc
mean_validation,minesweeper,GAT-sep,ENS,4,5,0.9376140000000001,roc_auc
mean_validation,minesweeper,GAT-sep,ENS,5,5,0.93988,roc_auc
mean_validation,minesweeper,GAT-sep,ENS,6,5,0.9280909999999999,roc_auc
mean_validation,minesweeper,GAT-sep,ENS,7,5,0.939709,roc_auc
mean_validation,minesweeper,GAT-sep,ENS,8,5,0.9379569999999999,roc_auc
mean_validation,minesweeper,GAT-sep,ENS,9,5,0.9434370000000001,roc_auc
split0_validation,minesweeper,GAT-sep,ENS,0,5,0.9399660000000001,roc_auc
split0_validation,minesweeper,GAT-sep,ENS,1,5,0.9366180000000001,roc_auc
split0_validation,minesweeper,GAT-sep,ENS,2,5,0.9354070000000001,roc_auc
split0_validation,minesweeper,GAT-sep,ENS,3,5,0.932306,roc_auc
split0_validation,minesweeper,GAT-sep,ENS,4,5,0.9376140000000001,roc_auc
split0_validation,minesweeper,GAT-sep,ENS,5,5,0.93988,roc_auc
split0_validation,minesweeper,GAT-sep,ENS,6,5,0.9280909999999999,roc_auc
split0_validation,minesweeper,GAT-sep,ENS,7,5,0.939709,roc_auc
split0_validation,minesweeper,GAT-sep,ENS,8,5,0.9379569999999999,roc_auc
split0_validation,minesweeper,GAT-sep,ENS,9,5,0.9434370000000001,roc_auc
per_split_validation,minesweeper,GT,ENS,0,5,0.927727,roc_auc
per_split_validation,minesweeper,GT,ENS,1,5,0.92879,roc_auc
per_split_validation,minesweeper,GT,ENS,2,5,0.923379,roc_auc
per_split_validation,minesweeper,GT,ENS,3,5,0.92476,roc_auc
per_split_validation,minesweeper,GT,ENS,4,5,0.925724,roc_auc
per_split_validation,minesweeper,GT,ENS,5,5,0.930035,roc_auc
per_split_validation,minesweeper,GT,ENS,6,5,0.914189,roc_auc
per_split_validation,minesweeper,GT,ENS,7,5,0.9302450000000001,roc_auc
per_split_validation,minesweeper,GT,ENS,8,5,0.919984,roc_auc
per_split_validation,minesweeper,GT,ENS,9,5,0.9342570000000001,roc_auc
mean_validation,minesweeper,GT,ENS,0,5,0.927727,roc_auc
mean_validation,minesweeper,GT,ENS,1,5,0.92879,roc_auc
mean_validation,minesweeper,GT,ENS,2,5,0.923379,roc_auc
mean_validation,minesweeper,GT,ENS,3,5,0.92476,roc_auc
mean_validation,minesweeper,GT,ENS,4,5,0.925724,roc_auc
mean_validation,minesweeper,GT,ENS,5,5,0.930035,roc_auc
mean_validation,minesweeper,GT,ENS,6,5,0.914189,roc_auc
mean_validation,minesweeper,GT,ENS,7,5,0.9302450000000001,roc_auc
mean_validation,minesweeper,GT,ENS,8,5,0.919984,roc_auc
mean_validation,minesweeper,GT,ENS,9,5,0.9342570000000001,roc_auc
split0_validation,minesweeper,GT,ENS,0,5,0.927727,roc_auc
split0_validation,minesweeper,GT,ENS,1,5,0.92879,roc_auc
split0_validation,minesweeper,GT,ENS,2,5,0.923379,roc_auc
split0_validation,minesweeper,GT,ENS,3,5,0.92476,roc_auc
split0_validation,minesweeper,GT,ENS,4,5,0.925724,roc_auc
split0_validation,minesweeper,GT,ENS,5,5,0.930035,roc_auc
split0_validation,minesweeper,GT,ENS,6,5,0.914189,roc_auc
split0_validation,minesweeper,GT,ENS,7,5,0.9302450000000001,roc_auc
split0_validation,minesweeper,GT,ENS,8,5,0.919984,roc_auc
split0_validation,minesweeper,GT,ENS,9,5,0.9342570000000001,roc_auc
per_split_validation,minesweeper,GT-sep,ENS,0,5,0.9238939999999999,roc_auc
per_split_validation,minesweeper,GT-sep,ENS,1,5,0.922833,roc_auc
per_split_validation,minesweeper,GT-sep,ENS,2,5,0.9217519999999999,roc_auc
per_split_validation,minesweeper,GT-sep,ENS,3,5,0.9223429999999999,roc_auc
per_split_validation,minesweeper,GT-sep,ENS,4,5,0.926629,roc_auc
per_split_validation,minesweeper,GT-sep,ENS,5,5,0.932929,roc_auc
per_split_validation,minesweeper,GT-sep,ENS,6,5,0.9159160000000001,roc_auc
per_split_validation,minesweeper,GT-sep,ENS,7,5,0.9299580000000001,roc_auc
per_split_validation,minesweeper,GT-sep,ENS,8,5,0.920744,roc_auc
per_split_validation,minesweeper,GT-sep,ENS,9,5,0.9311130000000001,roc_auc
mean_validation,minesweeper,GT-sep,ENS,0,5,0.9238939999999999,roc_auc
mean_validation,minesweeper,GT-sep,ENS,1,5,0.922833,roc_auc
mean_validation,minesweeper,GT-sep,ENS,2,5,0.9217519999999999,roc_auc
mean_validation,minesweeper,GT-sep,ENS,3,5,0.9223429999999999,roc_auc
mean_validation,minesweeper,GT-sep,ENS,4,5,0.926629,roc_auc
mean_validation,minesweeper,GT-sep,ENS,5,5,0.932929,roc_auc
mean_validation,minesweeper,GT-sep,ENS,6,5,0.9159160000000001,roc_auc
mean_validation,minesweeper,GT-sep,ENS,7,5,0.9299580000000001,roc_auc
mean_validation,minesweeper,GT-sep,ENS,8,5,0.920744,roc_auc
mean_validation,minesweeper,GT-sep,ENS,9,5,0.9311130000000001,roc_auc
split0_validation,minesweeper,GT-sep,ENS,0,5,0.9238939999999999,roc_auc
split0_validation,minesweeper,GT-sep,ENS,1,5,0.922833,roc_auc
split0_validation,minesweeper,GT-sep,ENS,2,5,0.9217519999999999,roc_auc
split0_validation,minesweeper,GT-sep,ENS,3,5,0.9223429999999999,roc_auc
split0_validation,minesweeper,GT-sep,ENS,4,5,0.926629,roc_auc
split0_validation,minesweeper,GT-sep,ENS,5,5,0.932929,roc_auc
split0_validation,minesweeper,GT-sep,ENS,6,5,0.9159160000000001,roc_auc
split0_validation,minesweeper,GT-sep,ENS,7,5,0.9299580000000001,roc_auc
split0_validation,minesweeper,GT-sep,ENS,8,5,0.920744,roc_auc
split0_validation,minesweeper,GT-sep,ENS,9,5,0.9311130000000001,roc_auc
per_split_validation,minesweeper,ResNet,ENS,0,5,0.521903,roc_auc
per_split_validation,minesweeper,ResNet,ENS,1,3,0.5163584999999999,roc_auc
per_split_validation,minesweeper,ResNet,ENS,2,2,0.5123610000000001,roc_auc
per_split_validation,minesweeper,ResNet,ENS,3,3,0.5218935,roc_auc
per_split_validation,minesweeper,ResNet,ENS,4,2,0.5007495,roc_auc
per_split_validation,minesweeper,ResNet,ENS,5,2,0.49895449999999997,roc_auc
per_split_validation,minesweeper,ResNet,ENS,6,4,0.503409,roc_auc
per_split_validation,minesweeper,ResNet,ENS,7,1,0.5195379999999999,roc_auc
per_split_validation,minesweeper,ResNet,ENS,8,2,0.487908,roc_auc
per_split_validation,minesweeper,ResNet,ENS,9,3,0.5122820000000001,roc_auc
mean_validation,minesweeper,ResNet,ENS,0,1,0.519745,roc_auc
mean_validation,minesweeper,ResNet,ENS,1,1,0.5233665,roc_auc
mean_validation,minesweeper,ResNet,ENS,2,1,0.527624,roc_auc
mean_validation,minesweeper,ResNet,ENS,3,1,0.5211914999999999,roc_auc
mean_validation,minesweeper,ResNet,ENS,4,1,0.5011065,roc_auc
mean_validation,minesweeper,ResNet,ENS,5,1,0.4926275,roc_auc
mean_validation,minesweeper,ResNet,ENS,6,1,0.504221,roc_auc
mean_validation,minesweeper,ResNet,ENS,7,1,0.5195379999999999,roc_auc
mean_validation,minesweeper,ResNet,ENS,8,1,0.497623,roc_auc
mean_validation,minesweeper,ResNet,ENS,9,1,0.5017940000000001,roc_auc
split0_validation,minesweeper,ResNet,ENS,0,5,0.521903,roc_auc
split0_validation,minesweeper,ResNet,ENS,1,5,0.5227864999999999,roc_auc
split0_validation,minesweeper,ResNet,ENS,2,5,0.5277769999999999,roc_auc
split0_validation,minesweeper,ResNet,ENS,3,5,0.5177455,roc_auc
split0_validation,minesweeper,ResNet,ENS,4,5,0.5007495,roc_auc
split0_validation,minesweeper,ResNet,ENS,5,5,0.5010245,roc_auc
split0_validation,minesweeper,ResNet,ENS,6,5,0.527563,roc_auc
split0_validation,minesweeper,ResNet,ENS,7,5,0.493484,roc_auc
split0_validation,minesweeper,ResNet,ENS,8,5,0.49657399999999996,roc_auc
split0_validation,minesweeper,ResNet,ENS,9,5,0.5122820000000001,roc_auc
per_split_validation,minesweeper,TAG,ENS,0,5,0.9434150000000001,roc_auc
per_split_validation,minesweeper,TAG,ENS,1,5,0.94432,roc_auc
per_split_validation,minesweeper,TAG,ENS,2,5,0.9462239999999998,roc_auc
per_split_validation,minesweeper,TAG,ENS,3,5,0.9380339999999999,roc_auc
per_split_validation,minesweeper,TAG,ENS,4,5,0.938961,roc_auc
per_split_validation,minesweeper,TAG,ENS,5,5,0.9411889999999999,roc_auc
per_split_validation,minesweeper,TAG,ENS,6,4,0.9271630000000001,roc_auc
per_split_validation,minesweeper,TAG,ENS,7,5,0.944278,roc_auc
per_split_validation,minesweeper,TAG,ENS,8,5,0.945344,roc_auc
per_split_validation,minesweeper,TAG,ENS,9,5,0.9450719999999999,roc_auc
mean_validation,minesweeper,TAG,ENS,0,5,0.9434150000000001,roc_auc
mean_validation,minesweeper,TAG,ENS,1,5,0.94432,roc_auc
mean_validation,minesweeper,TAG,ENS,2,5,0.9462239999999998,roc_auc
mean_validation,minesweeper,TAG,ENS,3,5,0.9380339999999999,roc_auc
mean_validation,minesweeper,TAG,ENS,4,5,0.938961,roc_auc
mean_validation,minesweeper,TAG,ENS,5,5,0.9411889999999999,roc_auc
mean_validation,minesweeper,TAG,ENS,6,5,0.927436,roc_auc
mean_validation,minesweeper,TAG,ENS,7,5,0.944278,roc_auc
mean_validation,minesweeper,TAG,ENS,8,5,0.945344,roc_auc
mean_validation,minesweeper,TAG,ENS,9,5,0.9450719999999999,roc_auc
split0_validation,minesweeper,TAG,ENS,0,5,0.9434150000000001,roc_auc
split0_validation,minesweeper,TAG,ENS,1,5,0.94432,roc_auc
split0_validation,minesweeper,TAG,ENS,2,5,0.9462239999999998,roc_auc
split0_validation,minesweeper,TAG,ENS,3,5,0.9380339999999999,roc_auc
split0_validation,minesweeper,TAG,ENS,4,5,0.938961,roc_auc
split0_validation,minesweeper,TAG,ENS,5,5,0.9411889999999999,roc_auc
split0_validation,minesweeper,TAG,ENS,6,5,0.927436,roc_auc
split0_validation,minesweeper,TAG,ENS,7,5,0.944278,roc_auc
split0_validation,minesweeper,TAG,ENS,8,5,0.945344,roc_auc
split0_validation,minesweeper,TAG,ENS,9,5,0.9450719999999999,roc_auc
per_split_validation,minesweeper,GCN,GNNM,0,4,0.888682,roc_auc
per_split_validation,minesweeper,GCN,GNNM,1,4,0.887758,roc_auc
per_split_validation,minesweeper,GCN,GNNM,2,4,0.880584,roc_auc
per_split_validation,minesweeper,GCN,GNNM,3,4,0.882981,roc_auc
per_split_validation,minesweeper,GCN,GNNM,4,4,0.882829,roc_auc
per_split_validation,minesweeper,GCN,GNNM,5,4,0.8953590000000001,roc_auc
per_split_validation,minesweeper,GCN,GNNM,6,3,0.8823189999999999,roc_auc
per_split_validation,minesweeper,GCN,GNNM,7,5,0.8838630000000001,roc_auc
per_split_validation,minesweeper,GCN,GNNM,8,4,0.892233,roc_auc
per_split_validation,minesweeper,GCN,GNNM,9,4,0.900513,roc_auc
mean_validation,minesweeper,GCN,GNNM,0,4,0.888682,roc_auc
mean_validation,minesweeper,GCN,GNNM,1,4,0.887758,roc_auc
mean_validation,minesweeper,GCN,GNNM,2,4,0.880584,roc_auc
mean_validation,minesweeper,GCN,GNNM,3,4,0.882981,roc_auc
mean_validation,minesweeper,GCN,GNNM,4,4,0.882829,roc_auc
mean_validation,minesweeper,GCN,GNNM,5,4,0.8953590000000001,roc_auc
mean_validation,minesweeper,GCN,GNNM,6,4,0.880074,roc_auc
mean_validation,minesweeper,GCN,GNNM,7,4,0.8822209999999999,roc_auc
mean_validation,minesweeper,GCN,GNNM,8,4,0.892233,roc_auc
mean_validation,minesweeper,GCN,GNNM,9,4,0.900513,roc_auc
split0_validation,minesweeper,GCN,GNNM,0,4,0.888682,roc_auc
split0_validation,minesweeper,GCN,GNNM,1,4,0.887758,roc_auc
split0_validation,minesweeper,GCN,GNNM,2,4,0.880584,roc_auc
split0_validation,minesweeper,GCN,GNNM,3,4,0.882981,roc_auc
split0_validation,minesweeper,GCN,GNNM,4,4,0.882829,roc_auc
split0_validation,minesweeper,GCN,GNNM,5,4,0.8953590000000001,roc_auc
split0_validation,minesweeper,GCN,GNNM,6,4,0.880074,roc_auc
split0_validation,minesweeper,GCN,GNNM,7,4,0.8822209999999999,roc_auc
split0_validation,minesweeper,GCN,GNNM,8,4,0.892233,roc_auc
split0_validation,minesweeper,GCN,GNNM,9,4,0.900513,roc_auc
per_split_validation,minesweeper,SAGE,GNNM,0,5,0.942642,roc_auc
per_split_validation,minesweeper,SAGE,GNNM,1,5,0.9428380000000002,roc_auc
per_split_validation,minesweeper,SAGE,GNNM,2,5,0.944789,roc_auc
per_split_validation,minesweeper,SAGE,GNNM,3,5,0.933622,roc_auc
per_split_validation,minesweeper,SAGE,GNNM,4,5,0.93701,roc_auc
per_split_validation,minesweeper,SAGE,GNNM,5,5,0.9403689999999999,roc_auc
per_split_validation,minesweeper,SAGE,GNNM,6,5,0.9307630000000001,roc_auc
per_split_validation,minesweeper,SAGE,GNNM,7,5,0.9440749999999999,roc_auc
per_split_validation,minesweeper,SAGE,GNNM,8,5,0.939523,roc_auc
per_split_validation,minesweeper,SAGE,GNNM,9,5,0.9453070000000001,roc_auc
mean_validation,minesweeper,SAGE,GNNM,0,5,0.942642,roc_auc
mean_validation,minesweeper,SAGE,GNNM,1,5,0.9428380000000002,roc_auc
mean_validation,minesweeper,SAGE,GNNM,2,5,0.944789,roc_auc
mean_validation,minesweeper,SAGE,GNNM,3,5,0.933622,roc_auc
mean_validation,minesweeper,SAGE,GNNM,4,5,0.93701,roc_auc
mean_validation,minesweeper,SAGE,GNNM,5,5,0.9403689999999999,roc_auc
mean_validation,minesweeper,SAGE,GNNM,6,5,0.9307630000000001,roc_auc
mean_validation,minesweeper,SAGE,GNNM,7,5,0.9440749999999999,roc_auc
mean_validation,minesweeper,SAGE,GNNM,8,5,0.939523,roc_auc
mean_validation,minesweeper,SAGE,GNNM,9,5,0.9453070000000001,roc_auc
split0_validation,minesweeper,SAGE,GNNM,0,5,0.942642,roc_auc
split0_validation,minesweeper,SAGE,GNNM,1,5,0.9428380000000002,roc_auc
split0_validation,minesweeper,SAGE,GNNM,2,5,0.944789,roc_auc
split0_validation,minesweeper,SAGE,GNNM,3,5,0.933622,roc_auc
split0_validation,minesweeper,SAGE,GNNM,4,5,0.93701,roc_auc
split0_validation,minesweeper,SAGE,GNNM,5,5,0.9403689999999999,roc_auc
split0_validation,minesweeper,SAGE,GNNM,6,5,0.9307630000000001,roc_auc
split0_validation,minesweeper,SAGE,GNNM,7,5,0.9440749999999999,roc_auc
split0_validation,minesweeper,SAGE,GNNM,8,5,0.939523,roc_auc
split0_validation,minesweeper,SAGE,GNNM,9,5,0.9453070000000001,roc_auc
per_split_validation,minesweeper,GAT,GNNM,0,3,0.906822,roc_auc
per_split_validation,minesweeper,GAT,GNNM,1,4,0.9190790000000001,roc_auc
per_split_validation,minesweeper,GAT,GNNM,2,4,0.9088569999999999,roc_auc
per_split_validation,minesweeper,GAT,GNNM,3,4,0.9088550000000001,roc_auc
per_split_validation,minesweeper,GAT,GNNM,4,4,0.9054740000000001,roc_auc
per_split_validation,minesweeper,GAT,GNNM,5,3,0.918506,roc_auc
per_split_validation,minesweeper,GAT,GNNM,6,5,0.899388,roc_auc
per_split_validation,minesweeper,GAT,GNNM,7,4,0.9034410000000002,roc_auc
per_split_validation,minesweeper,GAT,GNNM,8,4,0.9177169999999999,roc_auc
per_split_validation,minesweeper,GAT,GNNM,9,4,0.9224559999999999,roc_auc
mean_validation,minesweeper,GAT,GNNM,0,4,0.905177,roc_auc
mean_validation,minesweeper,GAT,GNNM,1,4,0.9190790000000001,roc_auc
mean_validation,minesweeper,GAT,GNNM,2,4,0.9088569999999999,roc_auc
mean_validation,minesweeper,GAT,GNNM,3,4,0.9088550000000001,roc_auc
mean_validation,minesweeper,GAT,GNNM,4,4,0.9054740000000001,roc_auc
mean_validation,minesweeper,GAT,GNNM,5,4,0.9148290000000001,roc_auc
mean_validation,minesweeper,GAT,GNNM,6,4,0.8989389999999998,roc_auc
mean_validation,minesweeper,GAT,GNNM,7,4,0.9034410000000002,roc_auc
mean_validation,minesweeper,GAT,GNNM,8,4,0.9177169999999999,roc_auc
mean_validation,minesweeper,GAT,GNNM,9,4,0.9224559999999999,roc_auc
split0_validation,minesweeper,GAT,GNNM,0,3,0.906822,roc_auc
split0_validation,minesweeper,GAT,GNNM,1,3,0.909586,roc_auc
split0_validation,minesweeper,GAT,GNNM,2,3,0.9015899999999999,roc_auc
split0_validation,minesweeper,GAT,GNNM,3,3,0.9012389999999999,roc_auc
split0_validation,minesweeper,GAT,GNNM,4,3,0.905474,roc_auc
split0_validation,minesweeper,GAT,GNNM,5,3,0.918506,roc_auc
split0_validation,minesweeper,GAT,GNNM,6,3,0.8988920000000001,roc_auc
split0_validation,minesweeper,GAT,GNNM,7,3,0.904231,roc_auc
split0_validation,minesweeper,GAT,GNNM,8,3,0.907856,roc_auc
split0_validation,minesweeper,GAT,GNNM,9,3,0.917048,roc_auc
per_split_validation,minesweeper,GAT-sep,GNNM,0,5,0.9397679999999999,roc_auc
per_split_validation,minesweeper,GAT-sep,GNNM,1,5,0.943061,roc_auc
per_split_validation,minesweeper,GAT-sep,GNNM,2,5,0.9361970000000001,roc_auc
per_split_validation,minesweeper,GAT-sep,GNNM,3,5,0.9358430000000001,roc_auc
per_split_validation,minesweeper,GAT-sep,GNNM,4,5,0.934453,roc_auc
per_split_validation,minesweeper,GAT-sep,GNNM,5,5,0.9376369999999999,roc_auc
per_split_validation,minesweeper,GAT-sep,GNNM,6,5,0.9278329999999999,roc_auc
per_split_validation,minesweeper,GAT-sep,GNNM,7,5,0.9427319999999999,roc_auc
per_split_validation,minesweeper,GAT-sep,GNNM,8,5,0.9318299999999999,roc_auc
per_split_validation,minesweeper,GAT-sep,GNNM,9,5,0.9407599999999999,roc_auc
mean_validation,minesweeper,GAT-sep,GNNM,0,5,0.9397679999999999,roc_auc
mean_validation,minesweeper,GAT-sep,GNNM,1,5,0.943061,roc_auc
mean_validation,minesweeper,GAT-sep,GNNM,2,5,0.9361970000000001,roc_auc
mean_validation,minesweeper,GAT-sep,GNNM,3,5,0.9358430000000001,roc_auc
mean_validation,minesweeper,GAT-sep,GNNM,4,5,0.934453,roc_auc
mean_validation,minesweeper,GAT-sep,GNNM,5,5,0.9376369999999999,roc_auc
mean_validation,minesweeper,GAT-sep,GNNM,6,5,0.9278329999999999,roc_auc
mean_validation,minesweeper,GAT-sep,GNNM,7,5,0.9427319999999999,roc_auc
mean_validation,minesweeper,GAT-sep,GNNM,8,5,0.9318299999999999,roc_auc
mean_validation,minesweeper,GAT-sep,GNNM,9,5,0.9407599999999999,roc_auc
split0_validation,minesweeper,GAT-sep,GNNM,0,5,0.9397679999999999,roc_auc
split0_validation,minesweeper,GAT-sep,GNNM,1,5,0.943061,roc_auc
split0_validation,minesweeper,GAT-sep,GNNM,2,5,0.9361970000000001,roc_auc
split0_validation,minesweeper,GAT-sep,GNNM,3,5,0.9358430000000001,roc_auc
split0_validation,minesweeper,GAT-sep,GNNM,4,5,0.934453,roc_auc
split0_validation,minesweeper,GAT-sep,GNNM,5,5,0.9376369999999999,roc_auc
split0_validation,minesweeper,GAT-sep,GNNM,6,5,0.9278329999999999,roc_auc
split0_validation,minesweeper,GAT-sep,GNNM,7,5,0.9427319999999999,roc_auc
split0_validation,minesweeper,GAT-sep,GNNM,8,5,0.9318299999999999,roc_auc
split0_validation,minesweeper,GAT-sep,GNNM,9,5,0.9407599999999999,roc_auc
per_split_validation,minesweeper,GT,GNNM,0,5,0.9322889999999999,roc_auc
per_split_validation,minesweeper,GT,GNNM,1,5,0.927363,roc_auc
per_split_validation,minesweeper,GT,GNNM,2,5,0.929198,roc_auc
per_split_validation,minesweeper,GT,GNNM,3,5,0.926515,roc_auc
per_split_validation,minesweeper,GT,GNNM,4,5,0.923706,roc_auc
per_split_validation,minesweeper,GT,GNNM,5,5,0.9316180000000001,roc_auc
per_split_validation,minesweeper,GT,GNNM,6,5,0.920686,roc_auc
per_split_validation,minesweeper,GT,GNNM,7,5,0.9360030000000001,roc_auc
per_split_validation,minesweeper,GT,GNNM,8,5,0.924335,roc_auc
per_split_validation,minesweeper,GT,GNNM,9,5,0.9311989999999999,roc_auc
mean_validation,minesweeper,GT,GNNM,0,5,0.9322889999999999,roc_auc
mean_validation,minesweeper,GT,GNNM,1,5,0.927363,roc_auc
mean_validation,minesweeper,GT,GNNM,2,5,0.929198,roc_auc
mean_validation,minesweeper,GT,GNNM,3,5,0.926515,roc_auc
mean_validation,minesweeper,GT,GNNM,4,5,0.923706,roc_auc
mean_validation,minesweeper,GT,GNNM,5,5,0.9316180000000001,roc_auc
mean_validation,minesweeper,GT,GNNM,6,5,0.920686,roc_auc
mean_validation,minesweeper,GT,GNNM,7,5,0.9360030000000001,roc_auc
mean_validation,minesweeper,GT,GNNM,8,5,0.924335,roc_auc
mean_validation,minesweeper,GT,GNNM,9,5,0.9311989999999999,roc_auc
split0_validation,minesweeper,GT,GNNM,0,5,0.9322889999999999,roc_auc
split0_validation,minesweeper,GT,GNNM,1,5,0.927363,roc_auc
split0_validation,minesweeper,GT,GNNM,2,5,0.929198,roc_auc
split0_validation,minesweeper,GT,GNNM,3,5,0.926515,roc_auc
split0_validation,minesweeper,GT,GNNM,4,5,0.923706,roc_auc
split0_validation,minesweeper,GT,GNNM,5,5,0.9316180000000001,roc_auc
split0_validation,minesweeper,GT,GNNM,6,5,0.920686,roc_auc
split0_validation,minesweeper,GT,GNNM,7,5,0.9360030000000001,roc_auc
split0_validation,minesweeper,GT,GNNM,8,5,0.924335,roc_auc
split0_validation,minesweeper,GT,GNNM,9,5,0.9311989999999999,roc_auc
per_split_validation,minesweeper,GT-sep,GNNM,0,5,0.925993,roc_auc
per_split_validation,minesweeper,GT-sep,GNNM,1,5,0.9246840000000001,roc_auc
per_split_validation,minesweeper,GT-sep,GNNM,2,5,0.9242670000000001,roc_auc
per_split_validation,minesweeper,GT-sep,GNNM,3,5,0.921588,roc_auc
per_split_validation,minesweeper,GT-sep,GNNM,4,5,0.923812,roc_auc
per_split_validation,minesweeper,GT-sep,GNNM,5,5,0.9287120000000001,roc_auc
per_split_validation,minesweeper,GT-sep,GNNM,6,5,0.9212480000000001,roc_auc
per_split_validation,minesweeper,GT-sep,GNNM,7,5,0.929792,roc_auc
per_split_validation,minesweeper,GT-sep,GNNM,8,5,0.922805,roc_auc
per_split_validation,minesweeper,GT-sep,GNNM,9,5,0.9275669999999999,roc_auc
mean_validation,minesweeper,GT-sep,GNNM,0,5,0.925993,roc_auc
mean_validation,minesweeper,GT-sep,GNNM,1,5,0.9246840000000001,roc_auc
mean_validation,minesweeper,GT-sep,GNNM,2,5,0.9242670000000001,roc_auc
mean_validation,minesweeper,GT-sep,GNNM,3,5,0.921588,roc_auc
mean_validation,minesweeper,GT-sep,GNNM,4,5,0.923812,roc_auc
mean_validation,minesweeper,GT-sep,GNNM,5,5,0.9287120000000001,roc_auc
mean_validation,minesweeper,GT-sep,GNNM,6,5,0.9212480000000001,roc_auc
mean_validation,minesweeper,GT-sep,GNNM,7,5,0.929792,roc_auc
mean_validation,minesweeper,GT-sep,GNNM,8,5,0.922805,roc_auc
mean_validation,minesweeper,GT-sep,GNNM,9,5,0.9275669999999999,roc_auc
split0_validation,minesweeper,GT-sep,GNNM,0,5,0.925993,roc_auc
split0_validation,minesweeper,GT-sep,GNNM,1,5,0.9246840000000001,roc_auc
split0_validation,minesweeper,GT-sep,GNNM,2,5,0.9242670000000001,roc_auc
split0_validation,minesweeper,GT-sep,GNNM,3,5,0.921588,roc_auc
split0_validation,minesweeper,GT-sep,GNNM,4,5,0.923812,roc_auc
split0_validation,minesweeper,GT-sep,GNNM,5,5,0.9287120000000001,roc_auc
split0_validation,minesweeper,GT-sep,GNNM,6,5,0.9212480000000001,roc_auc
split0_validation,minesweeper,GT-sep,GNNM,7,5,0.929792,roc_auc
split0_validation,minesweeper,GT-sep,GNNM,8,5,0.922805,roc_auc
split0_validation,minesweeper,GT-sep,GNNM,9,5,0.9275669999999999,roc_auc
per_split_validation,minesweeper,ResNet,GNNM,0,3,0.5101209999999999,roc_auc
per_split_validation,minesweeper,ResNet,GNNM,1,1,0.5149675,roc_auc
per_split_validation,minesweeper,ResNet,GNNM,2,1,0.5292650000000001,roc_auc
per_split_validation,minesweeper,ResNet,GNNM,3,2,0.5149275,roc_auc
per_split_validation,minesweeper,ResNet,GNNM,4,1,0.4925905,roc_auc
per_split_validation,minesweeper,ResNet,GNNM,5,2,0.49721550000000003,roc_auc
per_split_validation,minesweeper,ResNet,GNNM,6,1,0.501117,roc_auc
per_split_validation,minesweeper,ResNet,GNNM,7,5,0.5117659999999999,roc_auc
per_split_validation,minesweeper,ResNet,GNNM,8,5,0.487129,roc_auc
per_split_validation,minesweeper,ResNet,GNNM,9,4,0.5083420000000001,roc_auc
mean_validation,minesweeper,ResNet,GNNM,0,1,0.515482,roc_auc
mean_validation,minesweeper,ResNet,GNNM,1,1,0.5149675,roc_auc
mean_validation,minesweeper,ResNet,GNNM,2,1,0.5292650000000001,roc_auc
mean_validation,minesweeper,ResNet,GNNM,3,1,0.5140255,roc_auc
mean_validation,minesweeper,ResNet,GNNM,4,1,0.4925905,roc_auc
mean_validation,minesweeper,ResNet,GNNM,5,1,0.49131649999999993,roc_auc
mean_validation,minesweeper,ResNet,GNNM,6,1,0.501117,roc_auc
mean_validation,minesweeper,ResNet,GNNM,7,1,0.48618500000000003,roc_auc
mean_validation,minesweeper,ResNet,GNNM,8,1,0.48582800000000004,roc_auc
mean_validation,minesweeper,ResNet,GNNM,9,1,0.5122820000000001,roc_auc
split0_validation,minesweeper,ResNet,GNNM,0,3,0.5101209999999999,roc_auc
split0_validation,minesweeper,ResNet,GNNM,1,3,0.5233665,roc_auc
split0_validation,minesweeper,ResNet,GNNM,2,3,0.5314380000000001,roc_auc
split0_validation,minesweeper,ResNet,GNNM,3,3,0.49915050000000005,roc_auc
split0_validation,minesweeper,ResNet,GNNM,4,3,0.5226675000000001,roc_auc
split0_validation,minesweeper,ResNet,GNNM,5,3,0.5002655,roc_auc
split0_validation,minesweeper,ResNet,GNNM,6,3,0.504221,roc_auc
split0_validation,minesweeper,ResNet,GNNM,7,3,0.477588,roc_auc
split0_validation,minesweeper,ResNet,GNNM,8,3,0.497214,roc_auc
split0_validation,minesweeper,ResNet,GNNM,9,3,0.510562,roc_auc
per_split_validation,minesweeper,TAG,GNNM,0,5,0.941737,roc_auc
per_split_validation,minesweeper,TAG,GNNM,1,5,0.9462829999999999,roc_auc
per_split_validation,minesweeper,TAG,GNNM,2,5,0.947316,roc_auc
per_split_validation,minesweeper,TAG,GNNM,3,5,0.934254,roc_auc
per_split_validation,minesweeper,TAG,GNNM,4,5,0.9381609999999999,roc_auc
per_split_validation,minesweeper,TAG,GNNM,5,5,0.9425830000000001,roc_auc
per_split_validation,minesweeper,TAG,GNNM,6,5,0.9327850000000001,roc_auc
per_split_validation,minesweeper,TAG,GNNM,7,5,0.945184,roc_auc
per_split_validation,minesweeper,TAG,GNNM,8,5,0.942547,roc_auc
per_split_validation,minesweeper,TAG,GNNM,9,4,0.940271,roc_auc
mean_validation,minesweeper,TAG,GNNM,0,5,0.941737,roc_auc
mean_validation,minesweeper,TAG,GNNM,1,5,0.9462829999999999,roc_auc
mean_validation,minesweeper,TAG,GNNM,2,5,0.947316,roc_auc
mean_validation,minesweeper,TAG,GNNM,3,5,0.934254,roc_auc
mean_validation,minesweeper,TAG,GNNM,4,5,0.9381609999999999,roc_auc
mean_validation,minesweeper,TAG,GNNM,5,5,0.9425830000000001,roc_auc
mean_validation,minesweeper,TAG,GNNM,6,5,0.9327850000000001,roc_auc
mean_validation,minesweeper,TAG,GNNM,7,5,0.945184,roc_auc
mean_validation,minesweeper,TAG,GNNM,8,5,0.942547,roc_auc
mean_validation,minesweeper,TAG,GNNM,9,5,0.9388639999999999,roc_auc
split0_validation,minesweeper,TAG,GNNM,0,5,0.941737,roc_auc
split0_validation,minesweeper,TAG,GNNM,1,5,0.9462829999999999,roc_auc
split0_validation,minesweeper,TAG,GNNM,2,5,0.947316,roc_auc
split0_validation,minesweeper,TAG,GNNM,3,5,0.934254,roc_auc
split0_validation,minesweeper,TAG,GNNM,4,5,0.9381609999999999,roc_auc
split0_validation,minesweeper,TAG,GNNM,5,5,0.9425830000000001,roc_auc
split0_validation,minesweeper,TAG,GNNM,6,5,0.9327850000000001,roc_auc
split0_validation,minesweeper,TAG,GNNM,7,5,0.945184,roc_auc
split0_validation,minesweeper,TAG,GNNM,8,5,0.942547,roc_auc
split0_validation,minesweeper,TAG,GNNM,9,5,0.9388639999999999,roc_auc
per_split_validation,questions,GCN,BASE,0,5,0.770500382120898,roc_auc
per_split_validation,questions,GCN,BASE,1,2,0.7699463645410278,roc_auc
per_split_validation,questions,GCN,BASE,2,5,0.7566805353848569,roc_auc
per_split_validation,questions,GCN,BASE,3,4,0.7674987127951625,roc_auc
per_split_validation,questions,GCN,BASE,4,3,0.7792374436920038,roc_auc
per_split_validation,questions,GCN,BASE,5,2,0.7576125178650178,roc_auc
per_split_validation,questions,GCN,BASE,6,5,0.7556242193073799,roc_auc
per_split_validation,questions,GCN,BASE,7,5,0.7719436677603098,roc_auc
per_split_validation,questions,GCN,BASE,8,5,0.7549627230096811,roc_auc
per_split_validation,questions,GCN,BASE,9,4,0.7488542145279825,roc_auc
mean_validation,questions,GCN,BASE,0,4,0.769120821779275,roc_auc
mean_validation,questions,GCN,BASE,1,4,0.7732610035810847,roc_auc
mean_validation,questions,GCN,BASE,2,4,0.7600371961792528,roc_auc
mean_validation,questions,GCN,BASE,3,4,0.7674987127951625,roc_auc
mean_validation,questions,GCN,BASE,4,4,0.7756136446021671,roc_auc
mean_validation,questions,GCN,BASE,5,4,0.7530373416391716,roc_auc
mean_validation,questions,GCN,BASE,6,4,0.754707590929766,roc_auc
mean_validation,questions,GCN,BASE,7,4,0.7731730349634849,roc_auc
mean_validation,questions,GCN,BASE,8,4,0.7545896067733526,roc_auc
mean_validation,questions,GCN,BASE,9,4,0.7488542145279825,roc_auc
split0_validation,questions,GCN,BASE,0,5,0.770500382120898,roc_auc
split0_validation,questions,GCN,BASE,1,5,0.7752371804788172,roc_auc
split0_validation,questions,GCN,BASE,2,5,0.7566805353848569,roc_auc
split0_validation,questions,GCN,BASE,3,5,0.7647799976449345,roc_auc
split0_validation,questions,GCN,BASE,4,5,0.7745656405200538,roc_auc
split0_validation,questions,GCN,BASE,5,5,0.7598732651595788,roc_auc
split0_validation,questions,GCN,BASE,6,5,0.7556242193073799,roc_auc
split0_validation,questions,GCN,BASE,7,5,0.7719436677603098,roc_auc
split0_validation,questions,GCN,BASE,8,5,0.7549627230096811,roc_auc
split0_validation,questions,GCN,BASE,9,5,0.7523535645761229,roc_auc
per_split_validation,questions,SAGE,BASE,0,5,0.7335565642828941,roc_auc
per_split_validation,questions,SAGE,BASE,1,3,0.7360361941220339,roc_auc
per_split_validation,questions,SAGE,BASE,2,5,0.7489164390488307,roc_auc
per_split_validation,questions,SAGE,BASE,3,5,0.7398109944609786,roc_auc
per_split_validation,questions,SAGE,BASE,4,5,0.7524053991027663,roc_auc
per_split_validation,questions,SAGE,BASE,5,4,0.736450524002041,roc_auc
per_split_validation,questions,SAGE,BASE,6,3,0.7233489721986843,roc_auc
per_split_validation,questions,SAGE,BASE,7,5,0.7381415532810447,roc_auc
per_split_validation,questions,SAGE,BASE,8,1,0.7262796432306879,roc_auc
per_split_validation,questions,SAGE,BASE,9,1,0.7313769743875098,roc_auc
mean_validation,questions,SAGE,BASE,0,5,0.7335565642828941,roc_auc
mean_validation,questions,SAGE,BASE,1,5,0.7386676333209423,roc_auc
mean_validation,questions,SAGE,BASE,2,5,0.7489164390488307,roc_auc
mean_validation,questions,SAGE,BASE,3,5,0.7398109944609786,roc_auc
mean_validation,questions,SAGE,BASE,4,5,0.7524053991027663,roc_auc
mean_validation,questions,SAGE,BASE,5,5,0.7356403353428351,roc_auc
mean_validation,questions,SAGE,BASE,6,5,0.7274507110219367,roc_auc
mean_validation,questions,SAGE,BASE,7,5,0.7381415532810447,roc_auc
mean_validation,questions,SAGE,BASE,8,5,0.7191177047810136,roc_auc
mean_validation,questions,SAGE,BASE,9,5,0.7372138422429457,roc_auc
split0_validation,questions,SAGE,BASE,0,5,0.7335565642828941,roc_auc
split0_validation,questions,SAGE,BASE,1,5,0.7386676333209423,roc_auc
split0_validation,questions,SAGE,BASE,2,5,0.7489164390488307,roc_auc
split0_validation,questions,SAGE,BASE,3,5,0.7398109944609786,roc_auc
split0_validation,questions,SAGE,BASE,4,5,0.7524053991027663,roc_auc
split0_validation,questions,SAGE,BASE,5,5,0.7356403353428351,roc_auc
split0_validation,questions,SAGE,BASE,6,5,0.7274507110219367,roc_auc
split0_validation,questions,SAGE,BASE,7,5,0.7381415532810447,roc_auc
split0_validation,questions,SAGE,BASE,8,5,0.7191177047810136,roc_auc
split0_validation,questions,SAGE,BASE,9,5,0.7372138422429457,roc_auc
per_split_validation,questions,GAT,BASE,0,3,0.7638368170599087,roc_auc
per_split_validation,questions,GAT,BASE,1,5,0.7791073378756848,roc_auc
per_split_validation,questions,GAT,BASE,2,3,0.77515533041336,roc_auc
per_split_validation,questions,GAT,BASE,3,4,0.7770397290289512,roc_auc
per_split_validation,questions,GAT,BASE,4,4,0.7734222793800175,roc_auc
per_split_validation,questions,GAT,BASE,5,2,0.7733837209570802,roc_auc
per_split_validation,questions,GAT,BASE,6,3,0.766549875435514,roc_auc
per_split_validation,questions,GAT,BASE,7,4,0.7757359002006423,roc_auc
per_split_validation,questions,GAT,BASE,8,5,0.7565925667672572,roc_auc
per_split_validation,questions,GAT,BASE,9,2,0.7760704580140334,roc_auc
mean_validation,questions,GAT,BASE,0,4,0.7666403838294749,roc_auc
mean_validation,questions,GAT,BASE,1,4,0.7854699394378784,roc_auc
mean_validation,questions,GAT,BASE,2,4,0.7743354444262298,roc_auc
mean_validation,questions,GAT,BASE,3,4,0.7770397290289512,roc_auc
mean_validation,questions,GAT,BASE,4,4,0.7734222793800175,roc_auc
mean_validation,questions,GAT,BASE,5,4,0.7767175237642256,roc_auc
mean_validation,questions,GAT,BASE,6,4,0.7673734556428059,roc_auc
mean_validation,questions,GAT,BASE,7,4,0.7757359002006423,roc_auc
mean_validation,questions,GAT,BASE,8,4,0.7600212648548057,roc_auc
mean_validation,questions,GAT,BASE,9,4,0.7550900581608787,roc_auc
split0_validation,questions,GAT,BASE,0,3,0.7638368170599087,roc_auc
split0_validation,questions,GAT,BASE,1,3,0.7824993246503767,roc_auc
split0_validation,questions,GAT,BASE,2,3,0.77515533041336,roc_auc
split0_validation,questions,GAT,BASE,3,3,0.7674610779272654,roc_auc
split0_validation,questions,GAT,BASE,4,3,0.7767396890851956,roc_auc
split0_validation,questions,GAT,BASE,5,3,0.7724714794659081,roc_auc
split0_validation,questions,GAT,BASE,6,3,0.766549875435514,roc_auc
split0_validation,questions,GAT,BASE,7,3,0.7772108176001884,roc_auc
split0_validation,questions,GAT,BASE,8,3,0.7626358491742263,roc_auc
split0_validation,questions,GAT,BASE,9,3,0.7613118175794085,roc_auc
per_split_validation,questions,GAT-sep,BASE,0,4,0.7718665509144349,roc_auc
per_split_validation,questions,GAT-sep,BASE,1,4,0.7834662867776934,roc_auc
per_split_validation,questions,GAT-sep,BASE,2,5,0.7714098529469486,roc_auc
per_split_validation,questions,GAT-sep,BASE,3,2,0.7715438838721892,roc_auc
per_split_validation,questions,GAT-sep,BASE,4,4,0.7794967317696007,roc_auc
per_split_validation,questions,GAT-sep,BASE,5,3,0.7853241331858725,roc_auc
per_split_validation,questions,GAT-sep,BASE,6,5,0.7662940506893184,roc_auc
per_split_validation,questions,GAT-sep,BASE,7,5,0.7816681251140014,roc_auc
per_split_validation,questions,GAT-sep,BASE,8,3,0.7683876345215639,roc_auc
per_split_validation,questions,GAT-sep,BASE,9,5,0.7778212874819042,roc_auc
mean_validation,questions,GAT-sep,BASE,0,5,0.7696403214895096,roc_auc
mean_validation,questions,GAT-sep,BASE,1,5,0.7787067458769039,roc_auc
mean_validation,questions,GAT-sep,BASE,2,5,0.7714098529469486,roc_auc
mean_validation,questions,GAT-sep,BASE,3,5,0.7722065346136885,roc_auc
mean_validation,questions,GAT-sep,BASE,4,5,0.7814621723399883,roc_auc
mean_validation,questions,GAT-sep,BASE,5,5,0.7867900459237743,roc_auc
mean_validation,questions,GAT-sep,BASE,6,5,0.7662940506893184,roc_auc
mean_validation,questions,GAT-sep,BASE,7,5,0.7816681251140014,roc_auc
mean_validation,questions,GAT-sep,BASE,8,5,0.7659237051181111,roc_auc
mean_validation,questions,GAT-sep,BASE,9,5,0.7778212874819042,roc_auc
split0_validation,questions,GAT-sep,BASE,0,4,0.7718665509144349,roc_auc
split0_validation,questions,GAT-sep,BASE,1,4,0.7834662867776934,roc_auc
split0_validation,questions,GAT-sep,BASE,2,4,0.7731904670648728,roc_auc
split0_validation,questions,GAT-sep,BASE,3,4,0.7697027768991178,roc_auc
split0_validation,questions,GAT-sep,BASE,4,4,0.7794967317696007,roc_auc
split0_validation,questions,GAT-sep,BASE,5,4,0.7849895753724814,roc_auc
split0_validation,questions,GAT-sep,BASE,6,4,0.7617898727572043,roc_auc
split0_validation,questions,GAT-sep,BASE,7,4,0.7757561029671514,roc_auc
split0_validation,questions,GAT-sep,BASE,8,4,0.7643190282353864,roc_auc
split0_validation,questions,GAT-sep,BASE,9,4,0.766060737597233,roc_auc
per_split_validation,questions,GT,BASE,0,4,0.7743384459801113,roc_auc
per_split_validation,questions,GT,BASE,1,4,0.786585363037942,roc_auc
per_split_validation,questions,GT,BASE,2,5,0.7791893033855218,roc_auc
per_split_validation,questions,GT,BASE,3,3,0.7745782239574796,roc_auc
per_split_validation,questions,GT,BASE,4,4,0.7751456330854358,roc_auc
per_split_validation,questions,GT,BASE,5,5,0.7896872380855627,roc_auc
per_split_validation,questions,GT,BASE,6,4,0.7663389585531587,roc_auc
per_split_validation,questions,GT,BASE,7,4,0.7859658884945822,roc_auc
per_split_validation,questions,GT,BASE,8,4,0.7671559584307877,roc_auc
per_split_validation,questions,GT,BASE,9,4,0.7792147011491334,roc_auc
mean_validation,questions,GT,BASE,0,4,0.7743384459801113,roc_auc
mean_validation,questions,GT,BASE,1,4,0.786585363037942,roc_auc
mean_validation,questions,GT,BASE,2,4,0.7732137868296434,roc_auc
mean_validation,questions,GT,BASE,3,4,0.7722037639485673,roc_auc
mean_validation,questions,GT,BASE,4,4,0.7751456330854358,roc_auc
mean_validation,questions,GT,BASE,5,4,0.78784336044737,roc_auc
mean_validation,questions,GT,BASE,6,4,0.7663389585531587,roc_auc
mean_validation,questions,GT,BASE,7,4,0.7859658884945822,roc_auc
mean_validation,questions,GT,BASE,8,4,0.7671559584307877,roc_auc
mean_validation,questions,GT,BASE,9,4,0.7792147011491334,roc_auc
split0_validation,questions,GT,BASE,0,4,0.7743384459801113,roc_auc
split0_validation,questions,GT,BASE,1,4,0.786585363037942,roc_auc
split0_validation,questions,GT,BASE,2,4,0.7732137868296434,roc_auc
split0_validation,questions,GT,BASE,3,4,0.7722037639485673,roc_auc
split0_validation,questions,GT,BASE,4,4,0.7751456330854358,roc_auc
split0_validation,questions,GT,BASE,5,4,0.78784336044737,roc_auc
split0_validation,questions,GT,BASE,6,4,0.7663389585531587,roc_auc
split0_validation,questions,GT,BASE,7,4,0.7859658884945822,roc_auc
split0_validation,questions,GT,BASE,8,4,0.7671559584307877,roc_auc
split0_validation,questions,GT,BASE,9,4,0.7792147011491334,roc_auc
per_split_validation,questions,GT-sep,BASE,0,4,0.7705742665241314,roc_auc
per_split_validation,questions,GT-sep,BASE,1,4,0.7836266390215858,roc_auc
per_split_validation,questions,GT-sep,BASE,2,2,0.7704609001429201,roc_auc
per_split_validation,questions,GT-sep,BASE,3,3,0.7670397059400751,roc_auc
per_split_validation,questions,GT-sep,BASE,4,4,0.7668537250438111,roc_auc
per_split_validation,questions,GT-sep,BASE,5,2,0.7868449974486793,roc_auc
per_split_validation,questions,GT-sep,BASE,6,3,0.7667269671145139,roc_auc
per_split_validation,questions,GT-sep,BASE,7,4,0.7751810745101118,roc_auc
per_split_validation,questions,GT-sep,BASE,8,3,0.7638473224984934,roc_auc
per_split_validation,questions,GT-sep,BASE,9,5,0.7754426714753099,roc_auc
mean_validation,questions,GT-sep,BASE,0,4,0.7705742665241314,roc_auc
mean_validation,questions,GT-sep,BASE,1,4,0.7836266390215858,roc_auc
mean_validation,questions,GT-sep,BASE,2,4,0.7697631543098851,roc_auc
mean_validation,questions,GT-sep,BASE,3,4,0.7646557794919986,roc_auc
mean_validation,questions,GT-sep,BASE,4,4,0.7668537250438111,roc_auc
mean_validation,questions,GT-sep,BASE,5,4,0.7844292083517082,roc_auc
mean_validation,questions,GT-sep,BASE,6,4,0.7590970171481082,roc_auc
mean_validation,questions,GT-sep,BASE,7,4,0.7751810745101118,roc_auc
mean_validation,questions,GT-sep,BASE,8,4,0.7608434597295368,roc_auc
mean_validation,questions,GT-sep,BASE,9,4,0.7720690403570463,roc_auc
split0_validation,questions,GT-sep,BASE,0,4,0.7705742665241314,roc_auc
split0_validation,questions,GT-sep,BASE,1,4,0.7836266390215858,roc_auc
split0_validation,questions,GT-sep,BASE,2,4,0.7697631543098851,roc_auc
split0_validation,questions,GT-sep,BASE,3,4,0.7646557794919986,roc_auc
split0_validation,questions,GT-sep,BASE,4,4,0.7668537250438111,roc_auc
split0_validation,questions,GT-sep,BASE,5,4,0.7844292083517082,roc_auc
split0_validation,questions,GT-sep,BASE,6,4,0.7590970171481082,roc_auc
split0_validation,questions,GT-sep,BASE,7,4,0.7751810745101118,roc_auc
split0_validation,questions,GT-sep,BASE,8,4,0.7608434597295368,roc_auc
split0_validation,questions,GT-sep,BASE,9,4,0.7720690403570463,roc_auc
per_split_validation,questions,ResNet,BASE,0,5,0.7092923490391565,roc_auc
per_split_validation,questions,ResNet,BASE,1,4,0.7098125414156714,roc_auc
per_split_validation,questions,ResNet,BASE,2,5,0.7047899027727431,roc_auc
per_split_validation,questions,ResNet,BASE,3,4,0.6966377978753617,roc_auc
per_split_validation,questions,ResNet,BASE,4,1,0.7135094167980809,roc_auc
per_split_validation,questions,ResNet,BASE,5,5,0.7027321066983139,roc_auc
per_split_validation,questions,ResNet,BASE,6,4,0.6947341200483019,roc_auc
per_split_validation,questions,ResNet,BASE,7,1,0.7150564869351594,roc_auc
per_split_validation,questions,ResNet,BASE,8,1,0.7070258295255929,roc_auc
per_split_validation,questions,ResNet,BASE,9,2,0.6983925524521541,roc_auc
mean_validation,questions,ResNet,BASE,0,4,0.7111650877723621,roc_auc
mean_validation,questions,ResNet,BASE,1,4,0.7098125414156714,roc_auc
mean_validation,questions,ResNet,BASE,2,4,0.699384566009942,roc_auc
mean_validation,questions,ResNet,BASE,3,4,0.6966377978753617,roc_auc
mean_validation,questions,ResNet,BASE,4,4,0.7106281559607397,roc_auc
mean_validation,questions,ResNet,BASE,5,4,0.704690043383998,roc_auc
mean_validation,questions,ResNet,BASE,6,4,0.6947341200483019,roc_auc
mean_validation,questions,ResNet,BASE,7,4,0.7095654904423597,roc_auc
mean_validation,questions,ResNet,BASE,8,4,0.7028549395186894,roc_auc
mean_validation,questions,ResNet,BASE,9,4,0.6969282559355727,roc_auc
split0_validation,questions,ResNet,BASE,0,5,0.7092923490391565,roc_auc
split0_validation,questions,ResNet,BASE,1,5,0.7084519139523768,roc_auc
split0_validation,questions,ResNet,BASE,2,5,0.7047899027727431,roc_auc
split0_validation,questions,ResNet,BASE,3,5,0.6964575891981002,roc_auc
split0_validation,questions,ResNet,BASE,4,5,0.7062638966172488,roc_auc
split0_validation,questions,ResNet,BASE,5,5,0.7027321066983139,roc_auc
split0_validation,questions,ResNet,BASE,6,5,0.6973221521603108,roc_auc
split0_validation,questions,ResNet,BASE,7,5,0.7055096984823681,roc_auc
split0_validation,questions,ResNet,BASE,8,5,0.7047049357090247,roc_auc
split0_validation,questions,ResNet,BASE,9,5,0.69966775107421,roc_auc
per_split_validation,questions,TAG,BASE,0,4,0.7848533510040198,roc_auc
per_split_validation,questions,TAG,BASE,1,3,0.7960858582943324,roc_auc
per_split_validation,questions,TAG,BASE,2,5,0.7792081208194704,roc_auc
per_split_validation,questions,TAG,BASE,3,5,0.7845242190764912,roc_auc
per_split_validation,questions,TAG,BASE,4,5,0.79645689653182,roc_auc
per_split_validation,questions,TAG,BASE,5,4,0.7841482167306614,roc_auc
per_split_validation,questions,TAG,BASE,6,5,0.7610250537393589,roc_auc
per_split_validation,questions,TAG,BASE,7,3,0.7988125391067837,roc_auc
per_split_validation,questions,TAG,BASE,8,4,0.7792614561230545,roc_auc
per_split_validation,questions,TAG,BASE,9,4,0.7677001632383533,roc_auc
mean_validation,questions,TAG,BASE,0,5,0.7853696182716129,roc_auc
mean_validation,questions,TAG,BASE,1,5,0.7976922668427577,roc_auc
mean_validation,questions,TAG,BASE,2,5,0.7792081208194704,roc_auc
mean_validation,questions,TAG,BASE,3,5,0.7845242190764912,roc_auc
mean_validation,questions,TAG,BASE,4,5,0.79645689653182,roc_auc
mean_validation,questions,TAG,BASE,5,5,0.7885431842792461,roc_auc
mean_validation,questions,TAG,BASE,6,5,0.7610250537393589,roc_auc
mean_validation,questions,TAG,BASE,7,5,0.7960003140087137,roc_auc
mean_validation,questions,TAG,BASE,8,5,0.778777975059396,roc_auc
mean_validation,questions,TAG,BASE,9,5,0.7719294681015634,roc_auc
split0_validation,questions,TAG,BASE,0,4,0.7848533510040198,roc_auc
split0_validation,questions,TAG,BASE,1,4,0.7995213676003039,roc_auc
split0_validation,questions,TAG,BASE,2,4,0.7847512981720537,roc_auc
split0_validation,questions,TAG,BASE,3,4,0.7821428324047757,roc_auc
split0_validation,questions,TAG,BASE,4,4,0.7975196774945799,roc_auc
split0_validation,questions,TAG,BASE,5,4,0.7841482167306614,roc_auc
split0_validation,questions,TAG,BASE,6,4,0.7635470516659778,roc_auc
split0_validation,questions,TAG,BASE,7,4,0.7982293140987604,roc_auc
split0_validation,questions,TAG,BASE,8,4,0.7792614561230545,roc_auc
split0_validation,questions,TAG,BASE,9,4,0.7677001632383533,roc_auc
per_split_validation,questions,GCN,ENS,0,4,0.7766290933691057,roc_auc
per_split_validation,questions,GCN,ENS,1,2,0.7776762893405587,roc_auc
per_split_validation,questions,GCN,ENS,2,2,0.7593470696753013,roc_auc
per_split_validation,questions,GCN,ENS,3,3,0.7685463705441354,roc_auc
per_split_validation,questions,GCN,ENS,4,2,0.7802180282561664,roc_auc
per_split_validation,questions,GCN,ENS,5,2,0.7652388890556419,roc_auc
per_split_validation,questions,GCN,ENS,6,3,0.7565181051421237,roc_auc
per_split_validation,questions,GCN,ENS,7,2,0.7787395320808388,roc_auc
per_split_validation,questions,GCN,ENS,8,2,0.7648380661681009,roc_auc
per_split_validation,questions,GCN,ENS,9,4,0.7453093793941017,roc_auc
mean_validation,questions,GCN,ENS,0,3,0.7761541551895713,roc_auc
mean_validation,questions,GCN,ENS,1,3,0.7765127254340132,roc_auc
mean_validation,questions,GCN,ENS,2,3,0.7621584866627108,roc_auc
mean_validation,questions,GCN,ENS,3,3,0.7685463705441354,roc_auc
mean_validation,questions,GCN,ENS,4,3,0.7785971891602346,roc_auc
mean_validation,questions,GCN,ENS,5,3,0.7575831949924846,roc_auc
mean_validation,questions,GCN,ENS,6,3,0.7565181051421237,roc_auc
mean_validation,questions,GCN,ENS,7,3,0.7770944496650959,roc_auc
mean_validation,questions,GCN,ENS,8,3,0.7605525398918056,roc_auc
mean_validation,questions,GCN,ENS,9,3,0.7398950379696567,roc_auc
split0_validation,questions,GCN,ENS,0,4,0.7766290933691057,roc_auc
split0_validation,questions,GCN,ENS,1,4,0.7780594492379516,roc_auc
split0_validation,questions,GCN,ENS,2,4,0.7594505078398279,roc_auc
split0_validation,questions,GCN,ENS,3,4,0.7716444359272147,roc_auc
split0_validation,questions,GCN,ENS,4,4,0.7760425204740609,roc_auc
split0_validation,questions,GCN,ENS,5,4,0.7544786647241226,roc_auc
split0_validation,questions,GCN,ENS,6,4,0.7549430974650723,roc_auc
split0_validation,questions,GCN,ENS,7,4,0.7755458787510765,roc_auc
split0_validation,questions,GCN,ENS,8,4,0.7590702340519362,roc_auc
split0_validation,questions,GCN,ENS,9,4,0.7453093793941017,roc_auc
per_split_validation,questions,SAGE,ENS,0,5,0.7407292390599133,roc_auc
per_split_validation,questions,SAGE,ENS,1,5,0.7522392746398712,roc_auc
per_split_validation,questions,SAGE,ENS,2,5,0.7508529030798251,roc_auc
per_split_validation,questions,SAGE,ENS,3,5,0.7407548677122848,roc_auc
per_split_validation,questions,SAGE,ENS,4,1,0.7654623893754229,roc_auc
per_split_validation,questions,SAGE,ENS,5,5,0.7438842185223581,roc_auc
per_split_validation,questions,SAGE,ENS,6,4,0.7337110288634039,roc_auc
per_split_validation,questions,SAGE,ENS,7,5,0.7445691500292075,roc_auc
per_split_validation,questions,SAGE,ENS,8,5,0.7362684682146989,roc_auc
per_split_validation,questions,SAGE,ENS,9,1,0.7306830382190165,roc_auc
mean_validation,questions,SAGE,ENS,0,5,0.7407292390599133,roc_auc
mean_validation,questions,SAGE,ENS,1,5,0.7522392746398712,roc_auc
mean_validation,questions,SAGE,ENS,2,5,0.7508529030798251,roc_auc
mean_validation,questions,SAGE,ENS,3,5,0.7407548677122848,roc_auc
mean_validation,questions,SAGE,ENS,4,5,0.7665494136579937,roc_auc
mean_validation,questions,SAGE,ENS,5,5,0.7438842185223581,roc_auc
mean_validation,questions,SAGE,ENS,6,5,0.7323190005287352,roc_auc
mean_validation,questions,SAGE,ENS,7,5,0.7445691500292075,roc_auc
mean_validation,questions,SAGE,ENS,8,5,0.7362684682146989,roc_auc
mean_validation,questions,SAGE,ENS,9,5,0.7398451659974741,roc_auc
split0_validation,questions,SAGE,ENS,0,5,0.7407292390599133,roc_auc
split0_validation,questions,SAGE,ENS,1,5,0.7522392746398712,roc_auc
split0_validation,questions,SAGE,ENS,2,5,0.7508529030798251,roc_auc
split0_validation,questions,SAGE,ENS,3,5,0.7407548677122848,roc_auc
split0_validation,questions,SAGE,ENS,4,5,0.7665494136579937,roc_auc
split0_validation,questions,SAGE,ENS,5,5,0.7438842185223581,roc_auc
split0_validation,questions,SAGE,ENS,6,5,0.7323190005287352,roc_auc
split0_validation,questions,SAGE,ENS,7,5,0.7445691500292075,roc_auc
split0_validation,questions,SAGE,ENS,8,5,0.7362684682146989,roc_auc
split0_validation,questions,SAGE,ENS,9,5,0.7398451659974741,roc_auc
per_split_validation,questions,GAT,ENS,0,5,0.7775805859494954,roc_auc
per_split_validation,questions,GAT,ENS,1,3,0.7960485697595755,roc_auc
per_split_validation,questions,GAT,ENS,2,2,0.7768761443424173,roc_auc
per_split_validation,questions,GAT,ENS,3,3,0.7702162735015896,roc_auc
per_split_validation,questions,GAT,ENS,4,3,0.7830067027007058,roc_auc
per_split_validation,questions,GAT,ENS,5,2,0.7808850658841078,roc_auc
per_split_validation,questions,GAT,ENS,6,4,0.7812854269941285,roc_auc
per_split_validation,questions,GAT,ENS,7,5,0.7945794245790321,roc_auc
per_split_validation,questions,GAT,ENS,8,4,0.7714581086978105,roc_auc
per_split_validation,questions,GAT,ENS,9,5,0.7675945316306056,roc_auc
mean_validation,questions,GAT,ENS,0,4,0.7724966463407594,roc_auc
mean_validation,questions,GAT,ENS,1,4,0.7967961875647931,roc_auc
mean_validation,questions,GAT,ENS,2,4,0.7780010343816453,roc_auc
mean_validation,questions,GAT,ENS,3,4,0.7730659025787965,roc_auc
mean_validation,questions,GAT,ENS,4,4,0.7825680140565078,roc_auc
mean_validation,questions,GAT,ENS,5,4,0.7780641824575337,roc_auc
mean_validation,questions,GAT,ENS,6,4,0.7812854269941285,roc_auc
mean_validation,questions,GAT,ENS,7,4,0.7920234860046778,roc_auc
mean_validation,questions,GAT,ENS,8,4,0.7714581086978105,roc_auc
mean_validation,questions,GAT,ENS,9,4,0.7721260698807921,roc_auc
split0_validation,questions,GAT,ENS,0,5,0.7775805859494954,roc_auc
split0_validation,questions,GAT,ENS,1,5,0.797415892996913,roc_auc
split0_validation,questions,GAT,ENS,2,5,0.7772791606731793,roc_auc
split0_validation,questions,GAT,ENS,3,5,0.7733418146471212,roc_auc
split0_validation,questions,GAT,ENS,4,5,0.7798073925963209,roc_auc
split0_validation,questions,GAT,ENS,5,5,0.7768770678974577,roc_auc
split0_validation,questions,GAT,ENS,6,5,0.779528363529735,roc_auc
split0_validation,questions,GAT,ENS,7,5,0.7945794245790321,roc_auc
split0_validation,questions,GAT,ENS,8,5,0.7695954136256693,roc_auc
split0_validation,questions,GAT,ENS,9,5,0.7675945316306056,roc_auc
per_split_validation,questions,GAT-sep,ENS,0,2,0.7786223560350858,roc_auc
per_split_validation,questions,GAT-sep,ENS,1,5,0.7905185530663182,roc_auc
per_split_validation,questions,GAT-sep,ENS,2,5,0.7804693506715401,roc_auc
per_split_validation,questions,GAT-sep,ENS,3,2,0.7750767127905447,roc_auc
per_split_validation,questions,GAT-sep,ENS,4,4,0.7849569046129266,roc_auc
per_split_validation,questions,GAT-sep,ENS,5,5,0.7940357969933667,roc_auc
per_split_validation,questions,GAT-sep,ENS,6,5,0.7694191300573296,roc_auc
per_split_validation,questions,GAT-sep,ENS,7,5,0.7892368895589794,roc_auc
per_split_validation,questions,GAT-sep,ENS,8,3,0.7712626613623822,roc_auc
per_split_validation,questions,GAT-sep,ENS,9,3,0.7708530647019571,roc_auc
mean_validation,questions,GAT-sep,ENS,0,5,0.7751798046219311,roc_auc
mean_validation,questions,GAT-sep,ENS,1,5,0.7905185530663182,roc_auc
mean_validation,questions,GAT-sep,ENS,2,5,0.7804693506715401,roc_auc
mean_validation,questions,GAT-sep,ENS,3,5,0.7745320462054587,roc_auc
mean_validation,questions,GAT-sep,ENS,4,5,0.7852422831204154,roc_auc
mean_validation,questions,GAT-sep,ENS,5,5,0.7940357969933667,roc_auc
mean_validation,questions,GAT-sep,ENS,6,5,0.7694191300573296,roc_auc
mean_validation,questions,GAT-sep,ENS,7,5,0.7892368895589794,roc_auc
mean_validation,questions,GAT-sep,ENS,8,5,0.7707169557778758,roc_auc
mean_validation,questions,GAT-sep,ENS,9,5,0.7730099120544712,roc_auc
split0_validation,questions,GAT-sep,ENS,0,2,0.7786223560350858,roc_auc
split0_validation,questions,GAT-sep,ENS,1,2,0.7882267512335233,roc_auc
split0_validation,questions,GAT-sep,ENS,2,2,0.7795632277325109,roc_auc
split0_validation,questions,GAT-sep,ENS,3,2,0.7750767127905447,roc_auc
split0_validation,questions,GAT-sep,ENS,4,2,0.7861106557471677,roc_auc
split0_validation,questions,GAT-sep,ENS,5,2,0.7886170686824795,roc_auc
split0_validation,questions,GAT-sep,ENS,6,2,0.7715569290871351,roc_auc
split0_validation,questions,GAT-sep,ENS,7,2,0.786082833651575,roc_auc
split0_validation,questions,GAT-sep,ENS,8,2,0.765660030154072,roc_auc
split0_validation,questions,GAT-sep,ENS,9,2,0.7725671828569713,roc_auc
per_split_validation,questions,GT,ENS,0,5,0.7758394538095491,roc_auc
per_split_validation,questions,GT,ENS,1,5,0.792832058442563,roc_auc
per_split_validation,questions,GT,ENS,2,5,0.7807345264125198,roc_auc
per_split_validation,questions,GT,ENS,3,5,0.7776311505879583,roc_auc
per_split_validation,questions,GT,ENS,4,4,0.7804745456686424,roc_auc
per_split_validation,questions,GT,ENS,5,5,0.7931270188335962,roc_auc
per_split_validation,questions,GT,ENS,6,5,0.7685833127457523,roc_auc
per_split_validation,questions,GT,ENS,7,4,0.7941182242807238,roc_auc
per_split_validation,questions,GT,ENS,8,3,0.7718634339161736,roc_auc
per_split_validation,questions,GT,ENS,9,5,0.7826203103606714,roc_auc
mean_validation,questions,GT,ENS,0,5,0.7758394538095491,roc_auc
mean_validation,questions,GT,ENS,1,5,0.792832058442563,roc_auc
mean_validation,questions,GT,ENS,2,5,0.7807345264125198,roc_auc
mean_validation,questions,GT,ENS,3,5,0.7776311505879583,roc_auc
mean_validation,questions,GT,ENS,4,5,0.7799683220621136,roc_auc
mean_validation,questions,GT,ENS,5,5,0.7931270188335962,roc_auc
mean_validation,questions,GT,ENS,6,5,0.7685833127457523,roc_auc
mean_validation,questions,GT,ENS,7,5,0.7928812377484651,roc_auc
mean_validation,questions,GT,ENS,8,5,0.7738405343689463,roc_auc
mean_validation,questions,GT,ENS,9,5,0.7826203103606714,roc_auc
split0_validation,questions,GT,ENS,0,5,0.7758394538095491,roc_auc
split0_validation,questions,GT,ENS,1,5,0.792832058442563,roc_auc
split0_validation,questions,GT,ENS,2,5,0.7807345264125198,roc_auc
split0_validation,questions,GT,ENS,3,5,0.7776311505879583,roc_auc
split0_validation,questions,GT,ENS,4,5,0.7799683220621136,roc_auc
split0_validation,questions,GT,ENS,5,5,0.7931270188335962,roc_auc
split0_validation,questions,GT,ENS,6,5,0.7685833127457523,roc_auc
split0_validation,questions,GT,ENS,7,5,0.7928812377484651,roc_auc
split0_validation,questions,GT,ENS,8,5,0.7738405343689463,roc_auc
split0_validation,questions,GT,ENS,9,5,0.7826203103606714,roc_auc
per_split_validation,questions,GT-sep,ENS,0,5,0.7817234229720463,roc_auc
per_split_validation,questions,GT-sep,ENS,1,5,0.7917946752434144,roc_auc
per_split_validation,questions,GT-sep,ENS,2,4,0.7762824138958091,roc_auc
per_split_validation,questions,GT-sep,ENS,3,4,0.7694403718232593,roc_auc
per_split_validation,questions,GT-sep,ENS,4,5,0.7757565647446716,roc_auc
per_split_validation,questions,GT-sep,ENS,5,3,0.7900310314493579,roc_auc
per_split_validation,questions,GT-sep,ENS,6,2,0.7747930659487565,roc_auc
per_split_validation,questions,GT-sep,ENS,7,4,0.7864201621300873,roc_auc
per_split_validation,questions,GT-sep,ENS,8,5,0.7643742106490513,roc_auc
per_split_validation,questions,GT-sep,ENS,9,5,0.7725614106379688,roc_auc
mean_validation,questions,GT-sep,ENS,0,5,0.7817234229720463,roc_auc
mean_validation,questions,GT-sep,ENS,1,5,0.7917946752434144,roc_auc
mean_validation,questions,GT-sep,ENS,2,5,0.771765190748749,roc_auc
mean_validation,questions,GT-sep,ENS,3,5,0.7684274628326818,roc_auc
mean_validation,questions,GT-sep,ENS,4,5,0.7757565647446716,roc_auc
mean_validation,questions,GT-sep,ENS,5,5,0.7910778810876709,roc_auc
mean_validation,questions,GT-sep,ENS,6,5,0.7715310695460035,roc_auc
mean_validation,questions,GT-sep,ENS,7,5,0.7836097841420983,roc_auc
mean_validation,questions,GT-sep,ENS,8,5,0.7643742106490513,roc_auc
mean_validation,questions,GT-sep,ENS,9,5,0.7725614106379688,roc_auc
split0_validation,questions,GT-sep,ENS,0,5,0.7817234229720463,roc_auc
split0_validation,questions,GT-sep,ENS,1,5,0.7917946752434144,roc_auc
split0_validation,questions,GT-sep,ENS,2,5,0.771765190748749,roc_auc
split0_validation,questions,GT-sep,ENS,3,5,0.7684274628326818,roc_auc
split0_validation,questions,GT-sep,ENS,4,5,0.7757565647446716,roc_auc
split0_validation,questions,GT-sep,ENS,5,5,0.7910778810876709,roc_auc
split0_validation,questions,GT-sep,ENS,6,5,0.7715310695460035,roc_auc
split0_validation,questions,GT-sep,ENS,7,5,0.7836097841420983,roc_auc
split0_validation,questions,GT-sep,ENS,8,5,0.7643742106490513,roc_auc
split0_validation,questions,GT-sep,ENS,9,5,0.7725614106379688,roc_auc
per_split_validation,questions,ResNet,ENS,0,4,0.7083149969176351,roc_auc
per_split_validation,questions,ResNet,ENS,1,1,0.7168766984754416,roc_auc
per_split_validation,questions,ResNet,ENS,2,1,0.7149761376466431,roc_auc
per_split_validation,questions,ResNet,ENS,3,1,0.7008898452814418,roc_auc
per_split_validation,questions,ResNet,ENS,4,3,0.7123750603196886,roc_auc
per_split_validation,questions,ResNet,ENS,5,1,0.7077380059061343,roc_auc
per_split_validation,questions,ResNet,ENS,6,4,0.69355612559425,roc_auc
per_split_validation,questions,ResNet,ENS,7,1,0.71964136048893,roc_auc
per_split_validation,questions,ResNet,ENS,8,1,0.7085374582379955,roc_auc
per_split_validation,questions,ResNet,ENS,9,2,0.6999862621187738,roc_auc
mean_validation,questions,ResNet,ENS,0,1,0.7085062882553813,roc_auc
mean_validation,questions,ResNet,ENS,1,1,0.7168766984754416,roc_auc
mean_validation,questions,ResNet,ENS,2,1,0.7149761376466431,roc_auc
mean_validation,questions,ResNet,ENS,3,1,0.7008898452814418,roc_auc
mean_validation,questions,ResNet,ENS,4,1,0.7195111392282312,roc_auc
mean_validation,questions,ResNet,ENS,5,1,0.7077380059061343,roc_auc
mean_validation,questions,ResNet,ENS,6,1,0.7011722222350494,roc_auc
mean_validation,questions,ResNet,ENS,7,1,0.71964136048893,roc_auc
mean_validation,questions,ResNet,ENS,8,1,0.7085374582379955,roc_auc
mean_validation,questions,ResNet,ENS,9,1,0.7067937863216881,roc_auc
split0_validation,questions,ResNet,ENS,0,4,0.7083149969176351,roc_auc
split0_validation,questions,ResNet,ENS,1,4,0.7118107681899938,roc_auc
split0_validation,questions,ResNet,ENS,2,4,0.708649323842266,roc_auc
split0_validation,questions,ResNet,ENS,3,4,0.6945219332777661,roc_auc
split0_validation,questions,ResNet,ENS,4,4,0.7142795462574086,roc_auc
split0_validation,questions,ResNet,ENS,5,4,0.7144274305082554,roc_auc
split0_validation,questions,ResNet,ENS,6,4,0.69355612559425,roc_auc
split0_validation,questions,ResNet,ENS,7,4,0.7139664610987072,roc_auc
split0_validation,questions,ResNet,ENS,8,4,0.7124946606974225,roc_auc
split0_validation,questions,ResNet,ENS,9,4,0.6975382640397683,roc_auc
per_split_validation,questions,TAG,ENS,0,5,0.7856436832298567,roc_auc
per_split_validation,questions,TAG,ENS,1,4,0.8025402381386672,roc_auc
per_split_validation,questions,TAG,ENS,2,3,0.7837453158442794,roc_auc
per_split_validation,questions,TAG,ENS,3,4,0.7797492086287747,roc_auc
per_split_validation,questions,TAG,ENS,4,5,0.7985503649196853,roc_auc
per_split_validation,questions,TAG,ENS,5,4,0.7891970612478614,roc_auc
per_split_validation,questions,TAG,ENS,6,5,0.7692443472659307,roc_auc
per_split_validation,questions,TAG,ENS,7,5,0.7998800532891257,roc_auc
per_split_validation,questions,TAG,ENS,8,5,0.7836524985627175,roc_auc
per_split_validation,questions,TAG,ENS,9,5,0.7691382538806628,roc_auc
mean_validation,questions,TAG,ENS,0,5,0.7856436832298567,roc_auc
mean_validation,questions,TAG,ENS,1,5,0.8009798918978825,roc_auc
mean_validation,questions,TAG,ENS,2,5,0.7827780073838226,roc_auc
mean_validation,questions,TAG,ENS,3,5,0.784047780120016,roc_auc
mean_validation,questions,TAG,ENS,4,5,0.7985503649196853,roc_auc
mean_validation,questions,TAG,ENS,5,5,0.7914426853286356,roc_auc
mean_validation,questions,TAG,ENS,6,5,0.7692443472659307,roc_auc
mean_validation,questions,TAG,ENS,7,5,0.7998800532891257,roc_auc
mean_validation,questions,TAG,ENS,8,5,0.7836524985627175,roc_auc
mean_validation,questions,TAG,ENS,9,5,0.7691382538806628,roc_auc
split0_validation,questions,TAG,ENS,0,5,0.7856436832298567,roc_auc
split0_validation,questions,TAG,ENS,1,5,0.8009798918978825,roc_auc
split0_validation,questions,TAG,ENS,2,5,0.7827780073838226,roc_auc
split0_validation,questions,TAG,ENS,3,5,0.784047780120016,roc_auc
split0_validation,questions,TAG,ENS,4,5,0.7985503649196853,roc_auc
split0_validation,questions,TAG,ENS,5,5,0.7914426853286356,roc_auc
split0_validation,questions,TAG,ENS,6,5,0.7692443472659307,roc_auc
split0_validation,questions,TAG,ENS,7,5,0.7998800532891257,roc_auc
split0_validation,questions,TAG,ENS,8,5,0.7836524985627175,roc_auc
split0_validation,questions,TAG,ENS,9,5,0.7691382538806628,roc_auc
per_split_validation,questions,GCN,GNNM,0,4,0.7814996917635053,roc_auc
per_split_validation,questions,GCN,GNNM,1,3,0.7948424068767909,roc_auc
per_split_validation,questions,GCN,GNNM,2,4,0.7665994010745563,roc_auc
per_split_validation,questions,GCN,GNNM,3,5,0.7628322200646951,roc_auc
per_split_validation,questions,GCN,GNNM,4,3,0.7861606431637302,roc_auc
per_split_validation,questions,GCN,GNNM,5,3,0.7771188084292868,roc_auc
per_split_validation,questions,GCN,GNNM,6,2,0.7697913227386177,roc_auc
per_split_validation,questions,GCN,GNNM,7,2,0.7811507034026077,roc_auc
per_split_validation,questions,GCN,GNNM,8,3,0.7660832492513432,roc_auc
per_split_validation,questions,GCN,GNNM,9,5,0.7641138835720338,roc_auc
mean_validation,questions,GCN,GNNM,0,3,0.7777902329436701,roc_auc
mean_validation,questions,GCN,GNNM,1,3,0.7948424068767909,roc_auc
mean_validation,questions,GCN,GNNM,2,3,0.7644866534752222,roc_auc
mean_validation,questions,GCN,GNNM,3,3,0.7699169262241146,roc_auc
mean_validation,questions,GCN,GNNM,4,3,0.7861606431637302,roc_auc
mean_validation,questions,GCN,GNNM,5,3,0.7771188084292868,roc_auc
mean_validation,questions,GCN,GNNM,6,3,0.7662541069338202,roc_auc
mean_validation,questions,GCN,GNNM,7,3,0.7750845630083882,roc_auc
mean_validation,questions,GCN,GNNM,8,3,0.7660832492513432,roc_auc
mean_validation,questions,GCN,GNNM,9,3,0.7625535373312492,roc_auc
split0_validation,questions,GCN,GNNM,0,4,0.7814996917635053,roc_auc
split0_validation,questions,GCN,GNNM,1,4,0.7909149890674172,roc_auc
split0_validation,questions,GCN,GNNM,2,4,0.7665994010745563,roc_auc
split0_validation,questions,GCN,GNNM,3,4,0.7669092537906163,roc_auc
split0_validation,questions,GCN,GNNM,4,4,0.7877805587046217,roc_auc
split0_validation,questions,GCN,GNNM,5,4,0.7784158260391726,roc_auc
split0_validation,questions,GCN,GNNM,6,4,0.769169539307657,roc_auc
split0_validation,questions,GCN,GNNM,7,4,0.7756872981166403,roc_auc
split0_validation,questions,GCN,GNNM,8,4,0.7674009314052583,roc_auc
split0_validation,questions,GCN,GNNM,9,4,0.7635979626375808,roc_auc
per_split_validation,questions,SAGE,GNNM,0,4,0.7681723307527666,roc_auc
per_split_validation,questions,SAGE,GNNM,1,5,0.7895949980259012,roc_auc
per_split_validation,questions,SAGE,GNNM,2,5,0.7815620317287334,roc_auc
per_split_validation,questions,SAGE,GNNM,3,4,0.7667090732356059,roc_auc
per_split_validation,questions,SAGE,GNNM,4,5,0.7858087686933313,roc_auc
per_split_validation,questions,SAGE,GNNM,5,4,0.7627219706817452,roc_auc
per_split_validation,questions,SAGE,GNNM,6,5,0.7516859497262813,roc_auc
per_split_validation,questions,SAGE,GNNM,7,4,0.7668252102819383,roc_auc
per_split_validation,questions,SAGE,GNNM,8,5,0.7659463322166014,roc_auc
per_split_validation,questions,SAGE,GNNM,9,3,0.762783502536313,roc_auc
mean_validation,questions,SAGE,GNNM,0,5,0.7703182108891757,roc_auc
mean_validation,questions,SAGE,GNNM,1,5,0.7895949980259012,roc_auc
mean_validation,questions,SAGE,GNNM,2,5,0.7815620317287334,roc_auc
mean_validation,questions,SAGE,GNNM,3,5,0.761386163760162,roc_auc
mean_validation,questions,SAGE,GNNM,4,5,0.7858087686933313,roc_auc
mean_validation,questions,SAGE,GNNM,5,5,0.7666927955780185,roc_auc
mean_validation,questions,SAGE,GNNM,6,5,0.7516859497262813,roc_auc
mean_validation,questions,SAGE,GNNM,7,5,0.767152379655006,roc_auc
mean_validation,questions,SAGE,GNNM,8,5,0.7659463322166014,roc_auc
mean_validation,questions,SAGE,GNNM,9,5,0.7780661450119947,roc_auc
split0_validation,questions,SAGE,GNNM,0,4,0.7681723307527666,roc_auc
split0_validation,questions,SAGE,GNNM,1,4,0.787254016887204,roc_auc
split0_validation,questions,SAGE,GNNM,2,4,0.7816130581447164,roc_auc
split0_validation,questions,SAGE,GNNM,3,4,0.7667090732356059,roc_auc
split0_validation,questions,SAGE,GNNM,4,4,0.7864998187523233,roc_auc
split0_validation,questions,SAGE,GNNM,5,4,0.7627219706817452,roc_auc
split0_validation,questions,SAGE,GNNM,6,4,0.7566327414115153,roc_auc
split0_validation,questions,SAGE,GNNM,7,4,0.7668252102819383,roc_auc
split0_validation,questions,SAGE,GNNM,8,4,0.7665182436753797,roc_auc
split0_validation,questions,SAGE,GNNM,9,4,0.7744242211544901,roc_auc
per_split_validation,questions,GAT,GNNM,0,4,0.7942206234458301,roc_auc
per_split_validation,questions,GAT,GNNM,1,4,0.8099522291155343,roc_auc
per_split_validation,questions,GAT,GNNM,2,2,0.7847390610677683,roc_auc
per_split_validation,questions,GAT,GNNM,3,4,0.7753062162180884,roc_auc
per_split_validation,questions,GAT,GNNM,4,5,0.7953959626791408,roc_auc
per_split_validation,questions,GAT,GNNM,5,4,0.7965918510121008,roc_auc
per_split_validation,questions,GAT,GNNM,6,3,0.786437017009575,roc_auc
per_split_validation,questions,GAT,GNNM,7,3,0.7920013206837078,roc_auc
per_split_validation,questions,GAT,GNNM,8,2,0.7840208815794638,roc_auc
per_split_validation,questions,GAT,GNNM,9,4,0.7939243931666162,roc_auc
mean_validation,questions,GAT,GNNM,0,4,0.7942206234458301,roc_auc
mean_validation,questions,GAT,GNNM,1,4,0.8099522291155343,roc_auc
mean_validation,questions,GAT,GNNM,2,4,0.7911977123541649,roc_auc
mean_validation,questions,GAT,GNNM,3,4,0.7753062162180884,roc_auc
mean_validation,questions,GAT,GNNM,4,4,0.7990901828408091,roc_auc
mean_validation,questions,GAT,GNNM,5,4,0.7965918510121008,roc_auc
mean_validation,questions,GAT,GNNM,6,4,0.781567573058976,roc_auc
mean_validation,questions,GAT,GNNM,7,4,0.7875821098153122,roc_auc
mean_validation,questions,GAT,GNNM,8,4,0.781264185228199,roc_auc
mean_validation,questions,GAT,GNNM,9,4,0.7939243931666162,roc_auc
split0_validation,questions,GAT,GNNM,0,4,0.7942206234458301,roc_auc
split0_validation,questions,GAT,GNNM,1,4,0.8099522291155343,roc_auc
split0_validation,questions,GAT,GNNM,2,4,0.7911977123541649,roc_auc
split0_validation,questions,GAT,GNNM,3,4,0.7753062162180884,roc_auc
split0_validation,questions,GAT,GNNM,4,4,0.7990901828408091,roc_auc
split0_validation,questions,GAT,GNNM,5,4,0.7965918510121008,roc_auc
split0_validation,questions,GAT,GNNM,6,4,0.781567573058976,roc_auc
split0_validation,questions,GAT,GNNM,7,4,0.7875821098153122,roc_auc
split0_validation,questions,GAT,GNNM,8,4,0.781264185228199,roc_auc
split0_validation,questions,GAT,GNNM,9,4,0.7939243931666162,roc_auc
per_split_validation,questions,GAT-sep,GNNM,0,3,0.7835495221757109,roc_auc
per_split_validation,questions,GAT-sep,GNNM,1,2,0.8041914391065528,roc_auc
per_split_validation,questions,GAT-sep,GNNM,2,4,0.7918670588697072,roc_auc
per_split_validation,questions,GAT-sep,GNNM,3,5,0.7801189769780817,roc_auc
per_split_validation,questions,GAT-sep,GNNM,4,2,0.8062786734978954,roc_auc
per_split_validation,questions,GAT-sep,GNNM,5,4,0.7913213532852007,roc_auc
per_split_validation,questions,GAT-sep,GNNM,6,5,0.7778507257988174,roc_auc
per_split_validation,questions,GAT-sep,GNNM,7,4,0.7967557820317749,roc_auc
per_split_validation,questions,GAT-sep,GNNM,8,3,0.7836887480980539,roc_auc
per_split_validation,questions,GAT-sep,GNNM,9,4,0.794322214500276,roc_auc
mean_validation,questions,GAT-sep,GNNM,0,4,0.7839136337503955,roc_auc
mean_validation,questions,GAT-sep,GNNM,1,4,0.8060155757557566,roc_auc
mean_validation,questions,GAT-sep,GNNM,2,4,0.7918670588697072,roc_auc
mean_validation,questions,GAT-sep,GNNM,3,4,0.7752882068948002,roc_auc
mean_validation,questions,GAT-sep,GNNM,4,4,0.8023507939110016,roc_auc
mean_validation,questions,GAT-sep,GNNM,5,4,0.7913213532852007,roc_auc
mean_validation,questions,GAT-sep,GNNM,6,4,0.7749431436428244,roc_auc
mean_validation,questions,GAT-sep,GNNM,7,4,0.7967557820317749,roc_auc
mean_validation,questions,GAT-sep,GNNM,8,4,0.7808846041065876,roc_auc
mean_validation,questions,GAT-sep,GNNM,9,4,0.794322214500276,roc_auc
split0_validation,questions,GAT-sep,GNNM,0,3,0.7835495221757109,roc_auc
split0_validation,questions,GAT-sep,GNNM,1,3,0.8016974941642866,roc_auc
split0_validation,questions,GAT-sep,GNNM,2,3,0.7901319298375236,roc_auc
split0_validation,questions,GAT-sep,GNNM,3,3,0.7823988880397313,roc_auc
split0_validation,questions,GAT-sep,GNNM,4,3,0.800369768349307,roc_auc
split0_validation,questions,GAT-sep,GNNM,5,3,0.7870504884451719,roc_auc
split0_validation,questions,GAT-sep,GNNM,6,3,0.7736679450207684,roc_auc
split0_validation,questions,GAT-sep,GNNM,7,3,0.7964411960961328,roc_auc
split0_validation,questions,GAT-sep,GNNM,8,3,0.7836887480980539,roc_auc
split0_validation,questions,GAT-sep,GNNM,9,3,0.7898374312240106,roc_auc
per_split_validation,questions,GT,GNNM,0,5,0.7870512965558323,roc_auc
per_split_validation,questions,GT,GNNM,1,5,0.7992147473268854,roc_auc
per_split_validation,questions,GT,GNNM,2,4,0.7912909914132471,roc_auc
per_split_validation,questions,GT,GNNM,3,4,0.7833272917441108,roc_auc
per_split_validation,questions,GT,GNNM,4,4,0.7913473282707124,roc_auc
per_split_validation,questions,GT,GNNM,5,5,0.7934517638746827,roc_auc
per_split_validation,questions,GT,GNNM,6,3,0.7640502737186251,roc_auc
per_split_validation,questions,GT,GNNM,7,5,0.7917501137127143,roc_auc
per_split_validation,questions,GT,GNNM,8,2,0.7774910011105749,roc_auc
per_split_validation,questions,GT,GNNM,9,5,0.7868929068664008,roc_auc
mean_validation,questions,GT,GNNM,0,5,0.7870512965558323,roc_auc
mean_validation,questions,GT,GNNM,1,5,0.7992147473268854,roc_auc
mean_validation,questions,GT,GNNM,2,5,0.7909148736230371,roc_auc
mean_validation,questions,GT,GNNM,3,5,0.7837733688286319,roc_auc
mean_validation,questions,GT,GNNM,4,5,0.7979460135901124,roc_auc
mean_validation,questions,GT,GNNM,5,5,0.7934517638746827,roc_auc
mean_validation,questions,GT,GNNM,6,5,0.7653845798632677,roc_auc
mean_validation,questions,GT,GNNM,7,5,0.7917501137127143,roc_auc
mean_validation,questions,GT,GNNM,8,5,0.7751694146277266,roc_auc
mean_validation,questions,GT,GNNM,9,5,0.7868929068664008,roc_auc
split0_validation,questions,GT,GNNM,0,5,0.7870512965558323,roc_auc
split0_validation,questions,GT,GNNM,1,5,0.7992147473268854,roc_auc
split0_validation,questions,GT,GNNM,2,5,0.7909148736230371,roc_auc
split0_validation,questions,GT,GNNM,3,5,0.7837733688286319,roc_auc
split0_validation,questions,GT,GNNM,4,5,0.7979460135901124,roc_auc
split0_validation,questions,GT,GNNM,5,5,0.7934517638746827,roc_auc
split0_validation,questions,GT,GNNM,6,5,0.7653845798632677,roc_auc
split0_validation,questions,GT,GNNM,7,5,0.7917501137127143,roc_auc
split0_validation,questions,GT,GNNM,8,5,0.7751694146277266,roc_auc
split0_validation,questions,GT,GNNM,9,5,0.7868929068664008,roc_auc
per_split_validation,questions,GT-sep,GNNM,0,2,0.7842151744710915,roc_auc
per_split_validation,questions,GT-sep,GNNM,1,5,0.7962967751766876,roc_auc
per_split_validation,questions,GT-sep,GNNM,2,5,0.7958166420000508,roc_auc
per_split_validation,questions,GT-sep,GNNM,3,3,0.7817050673156181,roc_auc
per_split_validation,questions,GT-sep,GNNM,4,2,0.7925902024663537,roc_auc
per_split_validation,questions,GT-sep,GNNM,5,5,0.787570796266067,roc_auc
per_split_validation,questions,GT-sep,GNNM,6,4,0.7708838883514312,roc_auc
per_split_validation,questions,GT-sep,GNNM,7,3,0.7894179063469011,roc_auc
per_split_validation,questions,GT-sep,GNNM,8,3,0.7810531529014635,roc_auc
per_split_validation,questions,GT-sep,GNNM,9,3,0.7827244411914784,roc_auc
mean_validation,questions,GT-sep,GNNM,0,3,0.7863166085211806,roc_auc
mean_validation,questions,GT-sep,GNNM,1,3,0.8034400116367935,roc_auc
mean_validation,questions,GT-sep,GNNM,2,3,0.7916070781258298,roc_auc
mean_validation,questions,GT-sep,GNNM,3,3,0.7817050673156181,roc_auc
mean_validation,questions,GT-sep,GNNM,4,3,0.7989186324920515,roc_auc
mean_validation,questions,GT-sep,GNNM,5,3,0.7867907385900548,roc_auc
mean_validation,questions,GT-sep,GNNM,6,3,0.7676064224017511,roc_auc
mean_validation,questions,GT-sep,GNNM,7,3,0.7894179063469011,roc_auc
mean_validation,questions,GT-sep,GNNM,8,3,0.7810531529014635,roc_auc
mean_validation,questions,GT-sep,GNNM,9,3,0.7827244411914784,roc_auc
split0_validation,questions,GT-sep,GNNM,0,2,0.7842151744710915,roc_auc
split0_validation,questions,GT-sep,GNNM,1,2,0.8007677051273467,roc_auc
split0_validation,questions,GT-sep,GNNM,2,2,0.7845194858569091,roc_auc
split0_validation,questions,GT-sep,GNNM,3,2,0.7755283312053086,roc_auc
split0_validation,questions,GT-sep,GNNM,4,2,0.7925902024663537,roc_auc
split0_validation,questions,GT-sep,GNNM,5,2,0.787686009757359,roc_auc
split0_validation,questions,GT-sep,GNNM,6,2,0.7636321341740762,roc_auc
split0_validation,questions,GT-sep,GNNM,7,2,0.7908780468658005,roc_auc
split0_validation,questions,GT-sep,GNNM,8,2,0.7798354455806737,roc_auc
split0_validation,questions,GT-sep,GNNM,9,2,0.7755345652018315,roc_auc
per_split_validation,questions,ResNet,GNNM,0,1,0.7064026607620715,roc_auc
per_split_validation,questions,ResNet,GNNM,1,3,0.7208896605704338,roc_auc
per_split_validation,questions,ResNet,GNNM,2,5,0.7291954219376647,roc_auc
per_split_validation,questions,ResNet,GNNM,3,5,0.7127385946724727,roc_auc
per_split_validation,questions,ResNet,GNNM,4,1,0.7274124989321396,roc_auc
per_split_validation,questions,ResNet,GNNM,5,5,0.7027494233553215,roc_auc
per_split_validation,questions,ResNet,GNNM,6,4,0.7080547852849975,roc_auc
per_split_validation,questions,ResNet,GNNM,7,4,0.7089684121087301,roc_auc
per_split_validation,questions,ResNet,GNNM,8,5,0.720436079601209,roc_auc
per_split_validation,questions,ResNet,GNNM,9,1,0.7152218032873942,roc_auc
mean_validation,questions,ResNet,GNNM,0,4,0.7079107106986924,roc_auc
mean_validation,questions,ResNet,GNNM,1,4,0.7185165858940822,roc_auc
mean_validation,questions,ResNet,GNNM,2,4,0.7283164284279477,roc_auc
mean_validation,questions,ResNet,GNNM,3,4,0.7101071554735644,roc_auc
mean_validation,questions,ResNet,GNNM,4,4,0.7321229759714067,roc_auc
mean_validation,questions,ResNet,GNNM,5,4,0.6988649508553273,roc_auc
mean_validation,questions,ResNet,GNNM,6,4,0.7080547852849975,roc_auc
mean_validation,questions,ResNet,GNNM,7,4,0.7089684121087301,roc_auc
mean_validation,questions,ResNet,GNNM,8,4,0.7200045485085741,roc_auc
mean_validation,questions,ResNet,GNNM,9,4,0.7108613536084449,roc_auc
split0_validation,questions,ResNet,GNNM,0,1,0.7064026607620715,roc_auc
split0_validation,questions,ResNet,GNNM,1,1,0.7234093496094517,roc_auc
split0_validation,questions,ResNet,GNNM,2,1,0.7164399723857042,roc_auc
split0_validation,questions,ResNet,GNNM,3,1,0.7091407705681481,roc_auc
split0_validation,questions,ResNet,GNNM,4,1,0.7274124989321396,roc_auc
split0_validation,questions,ResNet,GNNM,5,1,0.6930133061192447,roc_auc
split0_validation,questions,ResNet,GNNM,6,1,0.6963660418047188,roc_auc
split0_validation,questions,ResNet,GNNM,7,1,0.7165556476545166,roc_auc
split0_validation,questions,ResNet,GNNM,8,1,0.7189971808482392,roc_auc
split0_validation,questions,ResNet,GNNM,9,1,0.7152218032873942,roc_auc
per_split_validation,questions,TAG,GNNM,0,5,0.7931810468034606,roc_auc
per_split_validation,questions,TAG,GNNM,1,4,0.8093396812349778,roc_auc
per_split_validation,questions,TAG,GNNM,2,5,0.7844506810063978,roc_auc
per_split_validation,questions,TAG,GNNM,3,4,0.7851783269338666,roc_auc
per_split_validation,questions,TAG,GNNM,4,5,0.7988472878651794,roc_auc
per_split_validation,questions,TAG,GNNM,5,5,0.7987099090529174,roc_auc
per_split_validation,questions,TAG,GNNM,6,5,0.7789998591578563,roc_auc
per_split_validation,questions,TAG,GNNM,7,5,0.7990355776490445,roc_auc
per_split_validation,questions,TAG,GNNM,8,2,0.784603760254347,roc_auc
per_split_validation,questions,TAG,GNNM,9,5,0.782382494937764,roc_auc
mean_validation,questions,TAG,GNNM,0,5,0.7931810468034606,roc_auc
mean_validation,questions,TAG,GNNM,1,5,0.8101290899057743,roc_auc
mean_validation,questions,TAG,GNNM,2,5,0.7844506810063978,roc_auc
mean_validation,questions,TAG,GNNM,3,5,0.7858312803474413,roc_auc
mean_validation,questions,TAG,GNNM,4,5,0.7988472878651794,roc_auc
mean_validation,questions,TAG,GNNM,5,5,0.7987099090529174,roc_auc
mean_validation,questions,TAG,GNNM,6,5,0.7789998591578563,roc_auc
mean_validation,questions,TAG,GNNM,7,5,0.7990355776490445,roc_auc
mean_validation,questions,TAG,GNNM,8,5,0.7885708909304587,roc_auc
mean_validation,questions,TAG,GNNM,9,5,0.782382494937764,roc_auc
split0_validation,questions,TAG,GNNM,0,5,0.7931810468034606,roc_auc
split0_validation,questions,TAG,GNNM,1,5,0.8101290899057743,roc_auc
split0_validation,questions,TAG,GNNM,2,5,0.7844506810063978,roc_auc
split0_validation,questions,TAG,GNNM,3,5,0.7858312803474413,roc_auc
split0_validation,questions,TAG,GNNM,4,5,0.7988472878651794,roc_auc
split0_validation,questions,TAG,GNNM,5,5,0.7987099090529174,roc_auc
split0_validation,questions,TAG,GNNM,6,5,0.7789998591578563,roc_auc
split0_validation,questions,TAG,GNNM,7,5,0.7990355776490445,roc_auc
split0_validation,questions,TAG,GNNM,8,5,0.7885708909304587,roc_auc
split0_validation,questions,TAG,GNNM,9,5,0.782382494937764,roc_auc
per_split_validation,tolokers,GCN,BASE,0,3,0.8353901808154999,roc_auc
per_split_validation,tolokers,GCN,BASE,1,3,0.8516453424215557,roc_auc
per_split_validation,tolokers,GCN,BASE,2,3,0.8519063034631225,roc_auc
per_split_validation,tolokers,GCN,BASE,3,3,0.8387362436250946,roc_auc
per_split_validation,tolokers,GCN,BASE,4,4,0.8537228634407815,roc_auc
per_split_validation,tolokers,GCN,BASE,5,4,0.8264060038662903,roc_auc
per_split_validation,tolokers,GCN,BASE,6,3,0.8375466679680826,roc_auc
per_split_validation,tolokers,GCN,BASE,7,5,0.8243400058021468,roc_auc
per_split_validation,tolokers,GCN,BASE,8,3,0.8463081807558516,roc_auc
per_split_validation,tolokers,GCN,BASE,9,3,0.8442764126465109,roc_auc
mean_validation,tolokers,GCN,BASE,0,3,0.8353901808154999,roc_auc
mean_validation,tolokers,GCN,BASE,1,3,0.8516453424215557,roc_auc
mean_validation,tolokers,GCN,BASE,2,3,0.8519063034631225,roc_auc
mean_validation,tolokers,GCN,BASE,3,3,0.8387362436250946,roc_auc
mean_validation,tolokers,GCN,BASE,4,3,0.8522513142947004,roc_auc
mean_validation,tolokers,GCN,BASE,5,3,0.8306559408289479,roc_auc
mean_validation,tolokers,GCN,BASE,6,3,0.8375466679680826,roc_auc
mean_validation,tolokers,GCN,BASE,7,3,0.8319071981866937,roc_auc
mean_validation,tolokers,GCN,BASE,8,3,0.8463081807558516,roc_auc
mean_validation,tolokers,GCN,BASE,9,3,0.8442764126465109,roc_auc
split0_validation,tolokers,GCN,BASE,0,3,0.8353901808154999,roc_auc
split0_validation,tolokers,GCN,BASE,1,3,0.8516453424215557,roc_auc
split0_validation,tolokers,GCN,BASE,2,3,0.8519063034631225,roc_auc
split0_validation,tolokers,GCN,BASE,3,3,0.8387362436250946,roc_auc
split0_validation,tolokers,GCN,BASE,4,3,0.8522513142947004,roc_auc
split0_validation,tolokers,GCN,BASE,5,3,0.8306559408289479,roc_auc
split0_validation,tolokers,GCN,BASE,6,3,0.8375466679680826,roc_auc
split0_validation,tolokers,GCN,BASE,7,3,0.8319071981866937,roc_auc
split0_validation,tolokers,GCN,BASE,8,3,0.8463081807558516,roc_auc
split0_validation,tolokers,GCN,BASE,9,3,0.8442764126465109,roc_auc
per_split_validation,tolokers,SAGE,BASE,0,4,0.8299086433008251,roc_auc
per_split_validation,tolokers,SAGE,BASE,1,5,0.8295104235296032,roc_auc
per_split_validation,tolokers,SAGE,BASE,2,5,0.8285594408248809,roc_auc
per_split_validation,tolokers,SAGE,BASE,3,2,0.831995992722915,roc_auc
per_split_validation,tolokers,SAGE,BASE,4,5,0.8336681768516034,roc_auc
per_split_validation,tolokers,SAGE,BASE,5,4,0.8262277369729605,roc_auc
per_split_validation,tolokers,SAGE,BASE,6,5,0.8348787649561178,roc_auc
per_split_validation,tolokers,SAGE,BASE,7,2,0.8196908323369367,roc_auc
per_split_validation,tolokers,SAGE,BASE,8,5,0.8320515740356643,roc_auc
per_split_validation,tolokers,SAGE,BASE,9,5,0.8300902992985909,roc_auc
mean_validation,tolokers,SAGE,BASE,0,5,0.8283544000065068,roc_auc
mean_validation,tolokers,SAGE,BASE,1,5,0.8295104235296032,roc_auc
mean_validation,tolokers,SAGE,BASE,2,5,0.8285594408248809,roc_auc
mean_validation,tolokers,SAGE,BASE,3,5,0.8267300022503653,roc_auc
mean_validation,tolokers,SAGE,BASE,4,5,0.8336681768516034,roc_auc
mean_validation,tolokers,SAGE,BASE,5,5,0.8240471871788824,roc_auc
mean_validation,tolokers,SAGE,BASE,6,5,0.8348787649561178,roc_auc
mean_validation,tolokers,SAGE,BASE,7,5,0.8232724379048284,roc_auc
mean_validation,tolokers,SAGE,BASE,8,5,0.8320515740356643,roc_auc
mean_validation,tolokers,SAGE,BASE,9,5,0.8300902992985909,roc_auc
split0_validation,tolokers,SAGE,BASE,0,4,0.8299086433008251,roc_auc
split0_validation,tolokers,SAGE,BASE,1,4,0.8284340439607515,roc_auc
split0_validation,tolokers,SAGE,BASE,2,4,0.8214362211214411,roc_auc
split0_validation,tolokers,SAGE,BASE,3,4,0.8310782232416648,roc_auc
split0_validation,tolokers,SAGE,BASE,4,4,0.8351648053705105,roc_auc
split0_validation,tolokers,SAGE,BASE,5,4,0.8262277369729605,roc_auc
split0_validation,tolokers,SAGE,BASE,6,4,0.8311765072703068,roc_auc
split0_validation,tolokers,SAGE,BASE,7,4,0.824642991738719,roc_auc
split0_validation,tolokers,SAGE,BASE,8,4,0.8252950554321923,roc_auc
split0_validation,tolokers,SAGE,BASE,9,4,0.8257102207255937,roc_auc
per_split_validation,tolokers,GAT,BASE,0,3,0.8377835663681543,roc_auc
per_split_validation,tolokers,GAT,BASE,1,3,0.8456730625845582,roc_auc
per_split_validation,tolokers,GAT,BASE,2,2,0.8455042851836487,roc_auc
per_split_validation,tolokers,GAT,BASE,3,2,0.8441852457371843,roc_auc
per_split_validation,tolokers,GAT,BASE,4,4,0.8459794376255664,roc_auc
per_split_validation,tolokers,GAT,BASE,5,5,0.8326744914309884,roc_auc
per_split_validation,tolokers,GAT,BASE,6,4,0.8329781551884479,roc_auc
per_split_validation,tolokers,GAT,BASE,7,3,0.8305461338452236,roc_auc
per_split_validation,tolokers,GAT,BASE,8,2,0.8438920882034764,roc_auc
per_split_validation,tolokers,GAT,BASE,9,3,0.8423558071626688,roc_auc
mean_validation,tolokers,GAT,BASE,0,3,0.8377835663681543,roc_auc
mean_validation,tolokers,GAT,BASE,1,3,0.8456730625845582,roc_auc
mean_validation,tolokers,GAT,BASE,2,3,0.8404734985589529,roc_auc
mean_validation,tolokers,GAT,BASE,3,3,0.845603247033178,roc_auc
mean_validation,tolokers,GAT,BASE,4,3,0.8507363846118392,roc_auc
mean_validation,tolokers,GAT,BASE,5,3,0.8297734180338314,roc_auc
mean_validation,tolokers,GAT,BASE,6,3,0.8355010045305549,roc_auc
mean_validation,tolokers,GAT,BASE,7,3,0.8305461338452236,roc_auc
mean_validation,tolokers,GAT,BASE,8,3,0.8365753506367449,roc_auc
mean_validation,tolokers,GAT,BASE,9,3,0.8423558071626688,roc_auc
split0_validation,tolokers,GAT,BASE,0,3,0.8377835663681543,roc_auc
split0_validation,tolokers,GAT,BASE,1,3,0.8456730625845582,roc_auc
split0_validation,tolokers,GAT,BASE,2,3,0.8404734985589529,roc_auc
split0_validation,tolokers,GAT,BASE,3,3,0.845603247033178,roc_auc
split0_validation,tolokers,GAT,BASE,4,3,0.8507363846118392,roc_auc
split0_validation,tolokers,GAT,BASE,5,3,0.8297734180338314,roc_auc
split0_validation,tolokers,GAT,BASE,6,3,0.8355010045305549,roc_auc
split0_validation,tolokers,GAT,BASE,7,3,0.8305461338452236,roc_auc
split0_validation,tolokers,GAT,BASE,8,3,0.8365753506367449,roc_auc
split0_validation,tolokers,GAT,BASE,9,3,0.8423558071626688,roc_auc
per_split_validation,tolokers,GAT-sep,BASE,0,4,0.8402311775917838,roc_auc
per_split_validation,tolokers,GAT-sep,BASE,1,3,0.8371203186300425,roc_auc
per_split_validation,tolokers,GAT-sep,BASE,2,3,0.8396601134943293,roc_auc
per_split_validation,tolokers,GAT-sep,BASE,3,5,0.8485538013550996,roc_auc
per_split_validation,tolokers,GAT-sep,BASE,4,2,0.8395448839435077,roc_auc
per_split_validation,tolokers,GAT-sep,BASE,5,5,0.8336973231497523,roc_auc
per_split_validation,tolokers,GAT-sep,BASE,6,5,0.8402030480249656,roc_auc
per_split_validation,tolokers,GAT-sep,BASE,7,3,0.8314801710277663,roc_auc
per_split_validation,tolokers,GAT-sep,BASE,8,4,0.8477112699923273,roc_auc
per_split_validation,tolokers,GAT-sep,BASE,9,5,0.8455961299138625,roc_auc
mean_validation,tolokers,GAT-sep,BASE,0,5,0.8253387748794156,roc_auc
mean_validation,tolokers,GAT-sep,BASE,1,5,0.8372572384492543,roc_auc
mean_validation,tolokers,GAT-sep,BASE,2,5,0.8423537737000074,roc_auc
mean_validation,tolokers,GAT-sep,BASE,3,5,0.8485538013550996,roc_auc
mean_validation,tolokers,GAT-sep,BASE,4,5,0.8469216086587552,roc_auc
mean_validation,tolokers,GAT-sep,BASE,5,5,0.8336973231497523,roc_auc
mean_validation,tolokers,GAT-sep,BASE,6,5,0.8402030480249656,roc_auc
mean_validation,tolokers,GAT-sep,BASE,7,5,0.8324406432249092,roc_auc
mean_validation,tolokers,GAT-sep,BASE,8,5,0.8386203362533857,roc_auc
mean_validation,tolokers,GAT-sep,BASE,9,5,0.8455961299138625,roc_auc
split0_validation,tolokers,GAT-sep,BASE,0,4,0.8402311775917838,roc_auc
split0_validation,tolokers,GAT-sep,BASE,1,4,0.833990819593904,roc_auc
split0_validation,tolokers,GAT-sep,BASE,2,4,0.8416237606045078,roc_auc
split0_validation,tolokers,GAT-sep,BASE,3,4,0.8457984594486876,roc_auc
split0_validation,tolokers,GAT-sep,BASE,4,4,0.8410998050587128,roc_auc
split0_validation,tolokers,GAT-sep,BASE,5,4,0.8255350040262561,roc_auc
split0_validation,tolokers,GAT-sep,BASE,6,4,0.8409479731799832,roc_auc
split0_validation,tolokers,GAT-sep,BASE,7,4,0.8331652337533111,roc_auc
split0_validation,tolokers,GAT-sep,BASE,8,4,0.8477112699923273,roc_auc
split0_validation,tolokers,GAT-sep,BASE,9,4,0.8438188835476603,roc_auc
per_split_validation,tolokers,GT,BASE,0,5,0.8285272443327396,roc_auc
per_split_validation,tolokers,GT,BASE,1,5,0.8319444783354888,roc_auc
per_split_validation,tolokers,GT,BASE,2,5,0.8264392170897624,roc_auc
per_split_validation,tolokers,GT,BASE,3,5,0.8314727149980072,roc_auc
per_split_validation,tolokers,GT,BASE,4,5,0.8331970913350089,roc_auc
per_split_validation,tolokers,GT,BASE,5,5,0.8213440374807837,roc_auc
per_split_validation,tolokers,GT,BASE,6,5,0.8345466327213966,roc_auc
per_split_validation,tolokers,GT,BASE,7,3,0.8142919889704985,roc_auc
per_split_validation,tolokers,GT,BASE,8,5,0.8293192780394166,roc_auc
per_split_validation,tolokers,GT,BASE,9,5,0.8410879431931871,roc_auc
mean_validation,tolokers,GT,BASE,0,5,0.8285272443327396,roc_auc
mean_validation,tolokers,GT,BASE,1,5,0.8319444783354888,roc_auc
mean_validation,tolokers,GT,BASE,2,5,0.8264392170897624,roc_auc
mean_validation,tolokers,GT,BASE,3,5,0.8314727149980072,roc_auc
mean_validation,tolokers,GT,BASE,4,5,0.8331970913350089,roc_auc
mean_validation,tolokers,GT,BASE,5,5,0.8213440374807837,roc_auc
mean_validation,tolokers,GT,BASE,6,5,0.8345466327213966,roc_auc
mean_validation,tolokers,GT,BASE,7,5,0.8210403737233244,roc_auc
mean_validation,tolokers,GT,BASE,8,5,0.8293192780394166,roc_auc
mean_validation,tolokers,GT,BASE,9,5,0.8410879431931871,roc_auc
split0_validation,tolokers,GT,BASE,0,5,0.8285272443327396,roc_auc
split0_validation,tolokers,GT,BASE,1,5,0.8319444783354888,roc_auc
split0_validation,tolokers,GT,BASE,2,5,0.8264392170897624,roc_auc
split0_validation,tolokers,GT,BASE,3,5,0.8314727149980072,roc_auc
split0_validation,tolokers,GT,BASE,4,5,0.8331970913350089,roc_auc
split0_validation,tolokers,GT,BASE,5,5,0.8213440374807837,roc_auc
split0_validation,tolokers,GT,BASE,6,5,0.8345466327213966,roc_auc
split0_validation,tolokers,GT,BASE,7,5,0.8210403737233244,roc_auc
split0_validation,tolokers,GT,BASE,8,5,0.8293192780394166,roc_auc
split0_validation,tolokers,GT,BASE,9,5,0.8410879431931871,roc_auc
per_split_validation,tolokers,GT-sep,BASE,0,3,0.8291386387729816,roc_auc
per_split_validation,tolokers,GT-sep,BASE,1,4,0.8259959222295427,roc_auc
per_split_validation,tolokers,GT-sep,BASE,2,5,0.8322372969587533,roc_auc
per_split_validation,tolokers,GT-sep,BASE,3,4,0.8362771094463831,roc_auc
per_split_validation,tolokers,GT-sep,BASE,4,5,0.838690151804766,roc_auc
per_split_validation,tolokers,GT-sep,BASE,5,3,0.8191939896266291,roc_auc
per_split_validation,tolokers,GT-sep,BASE,6,5,0.8372152135542488,roc_auc
per_split_validation,tolokers,GT-sep,BASE,7,3,0.8126367503639899,roc_auc
per_split_validation,tolokers,GT-sep,BASE,8,5,0.8338871129981645,roc_auc
per_split_validation,tolokers,GT-sep,BASE,9,3,0.8362666032226318,roc_auc
mean_validation,tolokers,GT-sep,BASE,0,5,0.8307233840072229,roc_auc
mean_validation,tolokers,GT-sep,BASE,1,5,0.8256976810391807,roc_auc
mean_validation,tolokers,GT-sep,BASE,2,5,0.8322372969587533,roc_auc
mean_validation,tolokers,GT-sep,BASE,3,5,0.8338728787595335,roc_auc
mean_validation,tolokers,GT-sep,BASE,4,5,0.838690151804766,roc_auc
mean_validation,tolokers,GT-sep,BASE,5,5,0.8139157983781101,roc_auc
mean_validation,tolokers,GT-sep,BASE,6,5,0.8372152135542488,roc_auc
mean_validation,tolokers,GT-sep,BASE,7,5,0.8154747864186386,roc_auc
mean_validation,tolokers,GT-sep,BASE,8,5,0.8338871129981645,roc_auc
mean_validation,tolokers,GT-sep,BASE,9,5,0.831197180807366,roc_auc
split0_validation,tolokers,GT-sep,BASE,0,3,0.8291386387729816,roc_auc
split0_validation,tolokers,GT-sep,BASE,1,3,0.8286109552123071,roc_auc
split0_validation,tolokers,GT-sep,BASE,2,3,0.8329781551884479,roc_auc
split0_validation,tolokers,GT-sep,BASE,3,3,0.8340565682199611,roc_auc
split0_validation,tolokers,GT-sep,BASE,4,3,0.8361659468208846,roc_auc
split0_validation,tolokers,GT-sep,BASE,5,3,0.8191939896266291,roc_auc
split0_validation,tolokers,GT-sep,BASE,6,3,0.8335543029425561,roc_auc
split0_validation,tolokers,GT-sep,BASE,7,3,0.8126367503639899,roc_auc
split0_validation,tolokers,GT-sep,BASE,8,3,0.8279134775193925,roc_auc
split0_validation,tolokers,GT-sep,BASE,9,3,0.8362666032226318,roc_auc
per_split_validation,tolokers,ResNet,BASE,0,2,0.7203771937673014,roc_auc
per_split_validation,tolokers,ResNet,BASE,1,2,0.7293705212984879,roc_auc
per_split_validation,tolokers,ResNet,BASE,2,4,0.7434190370063092,roc_auc
per_split_validation,tolokers,ResNet,BASE,3,1,0.7333154388619116,roc_auc
per_split_validation,tolokers,ResNet,BASE,4,5,0.7279779382857638,roc_auc
per_split_validation,tolokers,ResNet,BASE,5,4,0.7149664885353374,roc_auc
per_split_validation,tolokers,ResNet,BASE,6,5,0.7416844933559997,roc_auc
per_split_validation,tolokers,ResNet,BASE,7,3,0.7078225952948387,roc_auc
per_split_validation,tolokers,ResNet,BASE,8,1,0.7307444642368144,roc_auc
per_split_validation,tolokers,ResNet,BASE,9,4,0.741405231150479,roc_auc
mean_validation,tolokers,ResNet,BASE,0,2,0.7203771937673014,roc_auc
mean_validation,tolokers,ResNet,BASE,1,2,0.7293705212984879,roc_auc
mean_validation,tolokers,ResNet,BASE,2,2,0.7423596029596371,roc_auc
mean_validation,tolokers,ResNet,BASE,3,2,0.7338231267064141,roc_auc
mean_validation,tolokers,ResNet,BASE,4,2,0.7340254562412392,roc_auc
mean_validation,tolokers,ResNet,BASE,5,2,0.7151745795477037,roc_auc
mean_validation,tolokers,ResNet,BASE,6,2,0.7403762990437304,roc_auc
mean_validation,tolokers,ResNet,BASE,7,2,0.7094205580363799,roc_auc
mean_validation,tolokers,ResNet,BASE,8,2,0.7263698082309146,roc_auc
mean_validation,tolokers,ResNet,BASE,9,2,0.7370753113231335,roc_auc
split0_validation,tolokers,ResNet,BASE,0,2,0.7203771937673014,roc_auc
split0_validation,tolokers,ResNet,BASE,1,2,0.7293705212984879,roc_auc
split0_validation,tolokers,ResNet,BASE,2,2,0.7423596029596371,roc_auc
split0_validation,tolokers,ResNet,BASE,3,2,0.7338231267064141,roc_auc
split0_validation,tolokers,ResNet,BASE,4,2,0.7340254562412392,roc_auc
split0_validation,tolokers,ResNet,BASE,5,2,0.7151745795477037,roc_auc
split0_validation,tolokers,ResNet,BASE,6,2,0.7403762990437304,roc_auc
split0_validation,tolokers,ResNet,BASE,7,2,0.7094205580363799,roc_auc
split0_validation,tolokers,ResNet,BASE,8,2,0.7263698082309146,roc_auc
split0_validation,tolokers,ResNet,BASE,9,2,0.7370753113231335,roc_auc
per_split_validation,tolokers,TAG,BASE,0,3,0.848994046021327,roc_auc
per_split_validation,tolokers,TAG,BASE,1,2,0.8515375689004933,roc_auc
per_split_validation,tolokers,TAG,BASE,2,2,0.8567100200906111,roc_auc
per_split_validation,tolokers,TAG,BASE,3,5,0.8526790192745147,roc_auc
per_split_validation,tolokers,TAG,BASE,4,4,0.859613804771317,roc_auc
per_split_validation,tolokers,TAG,BASE,5,5,0.8294765324852439,roc_auc
per_split_validation,tolokers,TAG,BASE,6,5,0.8437460178022878,roc_auc
per_split_validation,tolokers,TAG,BASE,7,2,0.8416671411412878,roc_auc
per_split_validation,tolokers,TAG,BASE,8,5,0.8478776750201313,roc_auc
per_split_validation,tolokers,TAG,BASE,9,5,0.8491648568848978,roc_auc
mean_validation,tolokers,TAG,BASE,0,5,0.8494644537170343,roc_auc
mean_validation,tolokers,TAG,BASE,1,5,0.8460722990871108,roc_auc
mean_validation,tolokers,TAG,BASE,2,5,0.8521286287141195,roc_auc
mean_validation,tolokers,TAG,BASE,3,5,0.8526790192745147,roc_auc
mean_validation,tolokers,TAG,BASE,4,5,0.857860282136166,roc_auc
mean_validation,tolokers,TAG,BASE,5,5,0.8294765324852439,roc_auc
mean_validation,tolokers,TAG,BASE,6,5,0.8437460178022878,roc_auc
mean_validation,tolokers,TAG,BASE,7,5,0.8379655612763639,roc_auc
mean_validation,tolokers,TAG,BASE,8,5,0.8478776750201313,roc_auc
mean_validation,tolokers,TAG,BASE,9,5,0.8491648568848978,roc_auc
split0_validation,tolokers,TAG,BASE,0,3,0.848994046021327,roc_auc
split0_validation,tolokers,TAG,BASE,1,3,0.8474259073988217,roc_auc
split0_validation,tolokers,TAG,BASE,2,3,0.8520167882677339,roc_auc
split0_validation,tolokers,TAG,BASE,3,3,0.8477661734841893,roc_auc
split0_validation,tolokers,TAG,BASE,4,3,0.8561562404257801,roc_auc
split0_validation,tolokers,TAG,BASE,5,3,0.8256210872789288,roc_auc
split0_validation,tolokers,TAG,BASE,6,3,0.8396919710760272,roc_auc
split0_validation,tolokers,TAG,BASE,7,3,0.8337122352092705,roc_auc
split0_validation,tolokers,TAG,BASE,8,3,0.8439927446052236,roc_auc
split0_validation,tolokers,TAG,BASE,9,3,0.8419487757199136,roc_auc
per_split_validation,tolokers,GCN,ENS,0,3,0.8380567281856905,roc_auc
per_split_validation,tolokers,GCN,ENS,1,4,0.8452873824997492,roc_auc
per_split_validation,tolokers,GCN,ENS,2,3,0.8508021332378962,roc_auc
per_split_validation,tolokers,GCN,ENS,3,3,0.8450508230101212,roc_auc
per_split_validation,tolokers,GCN,ENS,4,3,0.8519408723283689,roc_auc
per_split_validation,tolokers,GCN,ENS,5,5,0.8259810101700246,roc_auc
per_split_validation,tolokers,GCN,ENS,6,4,0.8347187992267419,roc_auc
per_split_validation,tolokers,GCN,ENS,7,5,0.8304119253095609,roc_auc
per_split_validation,tolokers,GCN,ENS,8,3,0.8436924699522,roc_auc
per_split_validation,tolokers,GCN,ENS,9,3,0.8446742935072892,roc_auc
mean_validation,tolokers,GCN,ENS,0,3,0.8380567281856905,roc_auc
mean_validation,tolokers,GCN,ENS,1,3,0.8489313475892624,roc_auc
mean_validation,tolokers,GCN,ENS,2,3,0.8508021332378962,roc_auc
mean_validation,tolokers,GCN,ENS,3,3,0.8450508230101212,roc_auc
mean_validation,tolokers,GCN,ENS,4,3,0.8519408723283689,roc_auc
mean_validation,tolokers,GCN,ENS,5,3,0.8292670858311033,roc_auc
mean_validation,tolokers,GCN,ENS,6,3,0.8373277318215215,roc_auc
mean_validation,tolokers,GCN,ENS,7,3,0.8318123032624876,roc_auc
mean_validation,tolokers,GCN,ENS,8,3,0.8436924699522,roc_auc
mean_validation,tolokers,GCN,ENS,9,3,0.8446742935072892,roc_auc
split0_validation,tolokers,GCN,ENS,0,3,0.8380567281856905,roc_auc
split0_validation,tolokers,GCN,ENS,1,3,0.8489313475892624,roc_auc
split0_validation,tolokers,GCN,ENS,2,3,0.8508021332378962,roc_auc
split0_validation,tolokers,GCN,ENS,3,3,0.8450508230101212,roc_auc
split0_validation,tolokers,GCN,ENS,4,3,0.8519408723283689,roc_auc
split0_validation,tolokers,GCN,ENS,5,3,0.8292670858311033,roc_auc
split0_validation,tolokers,GCN,ENS,6,3,0.8373277318215215,roc_auc
split0_validation,tolokers,GCN,ENS,7,3,0.8318123032624876,roc_auc
split0_validation,tolokers,GCN,ENS,8,3,0.8436924699522,roc_auc
split0_validation,tolokers,GCN,ENS,9,3,0.8446742935072892,roc_auc
per_split_validation,tolokers,SAGE,ENS,0,4,0.8288959788953688,roc_auc
per_split_validation,tolokers,SAGE,ENS,1,4,0.8327544742956762,roc_auc
per_split_validation,tolokers,SAGE,ENS,2,3,0.8341806094423163,roc_auc
per_split_validation,tolokers,SAGE,ENS,3,5,0.836852579379604,roc_auc
per_split_validation,tolokers,SAGE,ENS,4,5,0.8331882796634754,roc_auc
per_split_validation,tolokers,SAGE,ENS,5,5,0.8268079516523918,roc_auc
per_split_validation,tolokers,SAGE,ENS,6,5,0.8319688798874275,roc_auc
per_split_validation,tolokers,SAGE,ENS,7,2,0.8225532699435241,roc_auc
per_split_validation,tolokers,SAGE,ENS,8,2,0.8265347898348557,roc_auc
per_split_validation,tolokers,SAGE,ENS,9,5,0.8303505825192706,roc_auc
mean_validation,tolokers,SAGE,ENS,0,5,0.8289813843271545,roc_auc
mean_validation,tolokers,SAGE,ENS,1,5,0.8318455164859596,roc_auc
mean_validation,tolokers,SAGE,ENS,2,5,0.8365658611443243,roc_auc
mean_validation,tolokers,SAGE,ENS,3,5,0.836852579379604,roc_auc
mean_validation,tolokers,SAGE,ENS,4,5,0.8331882796634754,roc_auc
mean_validation,tolokers,SAGE,ENS,5,5,0.8268079516523918,roc_auc
mean_validation,tolokers,SAGE,ENS,6,5,0.8319688798874275,roc_auc
mean_validation,tolokers,SAGE,ENS,7,5,0.8296195526924401,roc_auc
mean_validation,tolokers,SAGE,ENS,8,5,0.8298378110181142,roc_auc
mean_validation,tolokers,SAGE,ENS,9,5,0.8303505825192706,roc_auc
split0_validation,tolokers,SAGE,ENS,0,4,0.8288959788953688,roc_auc
split0_validation,tolokers,SAGE,ENS,1,4,0.8327544742956762,roc_auc
split0_validation,tolokers,SAGE,ENS,2,4,0.8264100707916134,roc_auc
split0_validation,tolokers,SAGE,ENS,3,4,0.835792467512045,roc_auc
split0_validation,tolokers,SAGE,ENS,4,4,0.8315465974747105,roc_auc
split0_validation,tolokers,SAGE,ENS,5,4,0.8257613962025763,roc_auc
split0_validation,tolokers,SAGE,ENS,6,4,0.8300289565083006,roc_auc
split0_validation,tolokers,SAGE,ENS,7,4,0.828220530381288,roc_auc
split0_validation,tolokers,SAGE,ENS,8,4,0.8303136412809188,roc_auc
split0_validation,tolokers,SAGE,ENS,9,4,0.8291942200857307,roc_auc
per_split_validation,tolokers,GAT,ENS,0,3,0.8442906468851419,roc_auc
per_split_validation,tolokers,GAT,ENS,1,4,0.845945546581207,roc_auc
per_split_validation,tolokers,GAT,ENS,2,2,0.8462248087867279,roc_auc
per_split_validation,tolokers,GAT,ENS,3,2,0.8484561951473446,roc_auc
per_split_validation,tolokers,GAT,ENS,4,2,0.8568543959395818,roc_auc
per_split_validation,tolokers,GAT,ENS,5,3,0.837354844657009,roc_auc
per_split_validation,tolokers,GAT,ENS,6,3,0.8430742973030863,roc_auc
per_split_validation,tolokers,GAT,ENS,7,3,0.8358921071824613,roc_auc
per_split_validation,tolokers,GAT,ENS,8,3,0.8507085939554646,roc_auc
per_split_validation,tolokers,GAT,ENS,9,2,0.843923267964287,roc_auc
mean_validation,tolokers,GAT,ENS,0,3,0.8442906468851419,roc_auc
mean_validation,tolokers,GAT,ENS,1,3,0.8473832046829289,roc_auc
mean_validation,tolokers,GAT,ENS,2,3,0.8401562783837497,roc_auc
mean_validation,tolokers,GAT,ENS,3,3,0.853432756101066,roc_auc
mean_validation,tolokers,GAT,ENS,4,3,0.856363653617259,roc_auc
mean_validation,tolokers,GAT,ENS,5,3,0.837354844657009,roc_auc
mean_validation,tolokers,GAT,ENS,6,3,0.8430742973030863,roc_auc
mean_validation,tolokers,GAT,ENS,7,3,0.8358921071824613,roc_auc
mean_validation,tolokers,GAT,ENS,8,3,0.8507085939554646,roc_auc
mean_validation,tolokers,GAT,ENS,9,3,0.8454076957072248,roc_auc
split0_validation,tolokers,GAT,ENS,0,3,0.8442906468851419,roc_auc
split0_validation,tolokers,GAT,ENS,1,3,0.8473832046829289,roc_auc
split0_validation,tolokers,GAT,ENS,2,3,0.8401562783837497,roc_auc
split0_validation,tolokers,GAT,ENS,3,3,0.853432756101066,roc_auc
split0_validation,tolokers,GAT,ENS,4,3,0.856363653617259,roc_auc
split0_validation,tolokers,GAT,ENS,5,3,0.837354844657009,roc_auc
split0_validation,tolokers,GAT,ENS,6,3,0.8430742973030863,roc_auc
split0_validation,tolokers,GAT,ENS,7,3,0.8358921071824613,roc_auc
split0_validation,tolokers,GAT,ENS,8,3,0.8507085939554646,roc_auc
split0_validation,tolokers,GAT,ENS,9,3,0.8454076957072248,roc_auc
per_split_validation,tolokers,GAT-sep,ENS,0,4,0.8423066651483478,roc_auc
per_split_validation,tolokers,GAT-sep,ENS,1,4,0.8427014958151339,roc_auc
per_split_validation,tolokers,GAT-sep,ENS,2,2,0.842916365036372,roc_auc
per_split_validation,tolokers,GAT-sep,ENS,3,4,0.8518168311060139,roc_auc
per_split_validation,tolokers,GAT-sep,ENS,4,5,0.8485212659525146,roc_auc
per_split_validation,tolokers,GAT-sep,ENS,5,5,0.8352251314294701,roc_auc
per_split_validation,tolokers,GAT-sep,ENS,6,3,0.8452948385295083,roc_auc
per_split_validation,tolokers,GAT-sep,ENS,7,3,0.833418738765119,roc_auc
per_split_validation,tolokers,GAT-sep,ENS,8,4,0.8469805790759405,roc_auc
per_split_validation,tolokers,GAT-sep,ENS,9,5,0.846212946921202,roc_auc
mean_validation,tolokers,GAT-sep,ENS,0,4,0.8423066651483478,roc_auc
mean_validation,tolokers,GAT-sep,ENS,1,4,0.8427014958151339,roc_auc
mean_validation,tolokers,GAT-sep,ENS,2,4,0.8420270640323835,roc_auc
mean_validation,tolokers,GAT-sep,ENS,3,4,0.8518168311060139,roc_auc
mean_validation,tolokers,GAT-sep,ENS,4,4,0.8443919811077762,roc_auc
mean_validation,tolokers,GAT-sep,ENS,5,4,0.8344666498567088,roc_auc
mean_validation,tolokers,GAT-sep,ENS,6,4,0.8374653294616206,roc_auc
mean_validation,tolokers,GAT-sep,ENS,7,4,0.8339745518926116,roc_auc
mean_validation,tolokers,GAT-sep,ENS,8,4,0.8469805790759405,roc_auc
mean_validation,tolokers,GAT-sep,ENS,9,4,0.844764443685285,roc_auc
split0_validation,tolokers,GAT-sep,ENS,0,4,0.8423066651483478,roc_auc
split0_validation,tolokers,GAT-sep,ENS,1,4,0.8427014958151339,roc_auc
split0_validation,tolokers,GAT-sep,ENS,2,4,0.8420270640323835,roc_auc
split0_validation,tolokers,GAT-sep,ENS,3,4,0.8518168311060139,roc_auc
split0_validation,tolokers,GAT-sep,ENS,4,4,0.8443919811077762,roc_auc
split0_validation,tolokers,GAT-sep,ENS,5,4,0.8344666498567088,roc_auc
split0_validation,tolokers,GAT-sep,ENS,6,4,0.8374653294616206,roc_auc
split0_validation,tolokers,GAT-sep,ENS,7,4,0.8339745518926116,roc_auc
split0_validation,tolokers,GAT-sep,ENS,8,4,0.8469805790759405,roc_auc
split0_validation,tolokers,GAT-sep,ENS,9,4,0.844764443685285,roc_auc
per_split_validation,tolokers,GT,ENS,0,5,0.8400359651762742,roc_auc
per_split_validation,tolokers,GT,ENS,1,4,0.8312327664039433,roc_auc
per_split_validation,tolokers,GT,ENS,2,5,0.8412252019228424,roc_auc
per_split_validation,tolokers,GT,ENS,3,5,0.8470680179703873,roc_auc
per_split_validation,tolokers,GT,ENS,4,5,0.8399888566246146,roc_auc
per_split_validation,tolokers,GT,ENS,5,3,0.8290081582521982,roc_auc
per_split_validation,tolokers,GT,ENS,6,5,0.8380543558125854,roc_auc
per_split_validation,tolokers,GT,ENS,7,5,0.8293328344571604,roc_auc
per_split_validation,tolokers,GT,ENS,8,5,0.8395381057346359,roc_auc
per_split_validation,tolokers,GT,ENS,9,5,0.8444770476291181,roc_auc
mean_validation,tolokers,GT,ENS,0,5,0.8400359651762742,roc_auc
mean_validation,tolokers,GT,ENS,1,5,0.8293247006065142,roc_auc
mean_validation,tolokers,GT,ENS,2,5,0.8412252019228424,roc_auc
mean_validation,tolokers,GT,ENS,3,5,0.8470680179703873,roc_auc
mean_validation,tolokers,GT,ENS,4,5,0.8399888566246146,roc_auc
mean_validation,tolokers,GT,ENS,5,5,0.8274566262414289,roc_auc
mean_validation,tolokers,GT,ENS,6,5,0.8380543558125854,roc_auc
mean_validation,tolokers,GT,ENS,7,5,0.8293328344571604,roc_auc
mean_validation,tolokers,GT,ENS,8,5,0.8395381057346359,roc_auc
mean_validation,tolokers,GT,ENS,9,5,0.8444770476291181,roc_auc
split0_validation,tolokers,GT,ENS,0,5,0.8400359651762742,roc_auc
split0_validation,tolokers,GT,ENS,1,5,0.8293247006065142,roc_auc
split0_validation,tolokers,GT,ENS,2,5,0.8412252019228424,roc_auc
split0_validation,tolokers,GT,ENS,3,5,0.8470680179703873,roc_auc
split0_validation,tolokers,GT,ENS,4,5,0.8399888566246146,roc_auc
split0_validation,tolokers,GT,ENS,5,5,0.8274566262414289,roc_auc
split0_validation,tolokers,GT,ENS,6,5,0.8380543558125854,roc_auc
split0_validation,tolokers,GT,ENS,7,5,0.8293328344571604,roc_auc
split0_validation,tolokers,GT,ENS,8,5,0.8395381057346359,roc_auc
split0_validation,tolokers,GT,ENS,9,5,0.8444770476291181,roc_auc
per_split_validation,tolokers,GT-sep,ENS,0,5,0.8344500432449724,roc_auc
per_split_validation,tolokers,GT-sep,ENS,1,3,0.8339013472367954,roc_auc
per_split_validation,tolokers,GT-sep,ENS,2,5,0.8454148128265402,roc_auc
per_split_validation,tolokers,GT-sep,ENS,3,5,0.8448786565047759,roc_auc
per_split_validation,tolokers,GT-sep,ENS,4,5,0.8489232137386161,roc_auc
per_split_validation,tolokers,GT-sep,ENS,5,4,0.8285241941387472,roc_auc
per_split_validation,tolokers,GT-sep,ENS,6,5,0.8374094092384277,roc_auc
per_split_validation,tolokers,GT-sep,ENS,7,4,0.8198446976783278,roc_auc
per_split_validation,tolokers,GT-sep,ENS,8,4,0.8404348627683831,roc_auc
per_split_validation,tolokers,GT-sep,ENS,9,3,0.8457167820317817,roc_auc
mean_validation,tolokers,GT-sep,ENS,0,5,0.8344500432449724,roc_auc
mean_validation,tolokers,GT-sep,ENS,1,5,0.834293127709589,roc_auc
mean_validation,tolokers,GT-sep,ENS,2,5,0.8454148128265402,roc_auc
mean_validation,tolokers,GT-sep,ENS,3,5,0.8448786565047759,roc_auc
mean_validation,tolokers,GT-sep,ENS,4,5,0.8489232137386161,roc_auc
mean_validation,tolokers,GT-sep,ENS,5,5,0.8263741462845926,roc_auc
mean_validation,tolokers,GT-sep,ENS,6,5,0.8374094092384277,roc_auc
mean_validation,tolokers,GT-sep,ENS,7,5,0.8194678292650523,roc_auc
mean_validation,tolokers,GT-sep,ENS,8,5,0.838118748796868,roc_auc
mean_validation,tolokers,GT-sep,ENS,9,5,0.8434298143584155,roc_auc
split0_validation,tolokers,GT-sep,ENS,0,5,0.8344500432449724,roc_auc
split0_validation,tolokers,GT-sep,ENS,1,5,0.834293127709589,roc_auc
split0_validation,tolokers,GT-sep,ENS,2,5,0.8454148128265402,roc_auc
split0_validation,tolokers,GT-sep,ENS,3,5,0.8448786565047759,roc_auc
split0_validation,tolokers,GT-sep,ENS,4,5,0.8489232137386161,roc_auc
split0_validation,tolokers,GT-sep,ENS,5,5,0.8263741462845926,roc_auc
split0_validation,tolokers,GT-sep,ENS,6,5,0.8374094092384277,roc_auc
split0_validation,tolokers,GT-sep,ENS,7,5,0.8194678292650523,roc_auc
split0_validation,tolokers,GT-sep,ENS,8,5,0.838118748796868,roc_auc
split0_validation,tolokers,GT-sep,ENS,9,5,0.8434298143584155,roc_auc
per_split_validation,tolokers,ResNet,ENS,0,1,0.7217016557808633,roc_auc
per_split_validation,tolokers,ResNet,ENS,1,2,0.7363764779884445,roc_auc
per_split_validation,tolokers,ResNet,ENS,2,2,0.7416926272066459,roc_auc
per_split_validation,tolokers,ResNet,ENS,3,1,0.7400156983317472,roc_auc
per_split_validation,tolokers,ResNet,ENS,4,5,0.7380910259225819,roc_auc
per_split_validation,tolokers,ResNet,ENS,5,5,0.7276112371857961,roc_auc
per_split_validation,tolokers,ResNet,ENS,6,3,0.7407253768006313,roc_auc
per_split_validation,tolokers,ResNet,ENS,7,2,0.70855938659921,roc_auc
per_split_validation,tolokers,ResNet,ENS,8,1,0.7292044551811273,roc_auc
per_split_validation,tolokers,ResNet,ENS,9,1,0.7408724639331505,roc_auc
mean_validation,tolokers,ResNet,ENS,0,1,0.7217016557808633,roc_auc
mean_validation,tolokers,ResNet,ENS,1,1,0.7293664543731648,roc_auc
mean_validation,tolokers,ResNet,ENS,2,1,0.7403010609252526,roc_auc
mean_validation,tolokers,ResNet,ENS,3,1,0.7400156983317472,roc_auc
mean_validation,tolokers,ResNet,ENS,4,1,0.7386631067513671,roc_auc
mean_validation,tolokers,ResNet,ENS,5,1,0.7221805362376603,roc_auc
mean_validation,tolokers,ResNet,ENS,6,1,0.7409626141111464,roc_auc
mean_validation,tolokers,ResNet,ENS,7,1,0.7107589153781292,roc_auc
mean_validation,tolokers,ResNet,ENS,8,1,0.7292044551811273,roc_auc
mean_validation,tolokers,ResNet,ENS,9,1,0.7408724639331505,roc_auc
split0_validation,tolokers,ResNet,ENS,0,1,0.7217016557808633,roc_auc
split0_validation,tolokers,ResNet,ENS,1,1,0.7293664543731648,roc_auc
split0_validation,tolokers,ResNet,ENS,2,1,0.7403010609252526,roc_auc
split0_validation,tolokers,ResNet,ENS,3,1,0.7400156983317472,roc_auc
split0_validation,tolokers,ResNet,ENS,4,1,0.7386631067513671,roc_auc
split0_validation,tolokers,ResNet,ENS,5,1,0.7221805362376603,roc_auc
split0_validation,tolokers,ResNet,ENS,6,1,0.7409626141111464,roc_auc
split0_validation,tolokers,ResNet,ENS,7,1,0.7107589153781292,roc_auc
split0_validation,tolokers,ResNet,ENS,8,1,0.7292044551811273,roc_auc
split0_validation,tolokers,ResNet,ENS,9,1,0.7408724639331505,roc_auc
per_split_validation,tolokers,TAG,ENS,0,3,0.8482674220302633,roc_auc
per_split_validation,tolokers,TAG,ENS,1,5,0.8502727551250038,roc_auc
per_split_validation,tolokers,TAG,ENS,2,2,0.8566673173747184,roc_auc
per_split_validation,tolokers,TAG,ENS,3,5,0.8529515032711636,roc_auc
per_split_validation,tolokers,TAG,ENS,4,4,0.8591345854040762,roc_auc
per_split_validation,tolokers,TAG,ENS,5,5,0.8338267869392049,roc_auc
per_split_validation,tolokers,TAG,ENS,6,4,0.842513061608496,roc_auc
per_split_validation,tolokers,TAG,ENS,7,5,0.8411174284017797,roc_auc
per_split_validation,tolokers,TAG,ENS,8,5,0.8471696911034653,roc_auc
per_split_validation,tolokers,TAG,ENS,9,5,0.8486802149505598,roc_auc
mean_validation,tolokers,TAG,ENS,0,5,0.8478858088707775,roc_auc
mean_validation,tolokers,TAG,ENS,1,5,0.8502727551250038,roc_auc
mean_validation,tolokers,TAG,ENS,2,5,0.8541390454655138,roc_auc
mean_validation,tolokers,TAG,ENS,3,5,0.8529515032711636,roc_auc
mean_validation,tolokers,TAG,ENS,4,5,0.8608881080392268,roc_auc
mean_validation,tolokers,TAG,ENS,5,5,0.8338267869392049,roc_auc
mean_validation,tolokers,TAG,ENS,6,5,0.8417444127224268,roc_auc
mean_validation,tolokers,TAG,ENS,7,5,0.8411174284017797,roc_auc
mean_validation,tolokers,TAG,ENS,8,5,0.8471696911034653,roc_auc
mean_validation,tolokers,TAG,ENS,9,5,0.8486802149505598,roc_auc
split0_validation,tolokers,TAG,ENS,0,3,0.8482674220302633,roc_auc
split0_validation,tolokers,TAG,ENS,1,3,0.8485897258621204,roc_auc
split0_validation,tolokers,TAG,ENS,2,3,0.8538252143947465,roc_auc
split0_validation,tolokers,TAG,ENS,3,3,0.8451538517849735,roc_auc
split0_validation,tolokers,TAG,ENS,4,3,0.8583015435337242,roc_auc
split0_validation,tolokers,TAG,ENS,5,3,0.8300574249855625,roc_auc
split0_validation,tolokers,TAG,ENS,6,3,0.8424486686242134,roc_auc
split0_validation,tolokers,TAG,ENS,7,3,0.8415281878594146,roc_auc
split0_validation,tolokers,TAG,ENS,8,3,0.8438727703081916,roc_auc
split0_validation,tolokers,TAG,ENS,9,3,0.8463763017550139,roc_auc
per_split_validation,tolokers,GCN,GNNM,0,2,0.8323494763155825,roc_auc
per_split_validation,tolokers,GCN,GNNM,1,2,0.8348997774036205,roc_auc
per_split_validation,tolokers,GCN,GNNM,2,3,0.8380455441410519,roc_auc
per_split_validation,tolokers,GCN,GNNM,3,2,0.8313595189098472,roc_auc
per_split_validation,tolokers,GCN,GNNM,4,2,0.8490194643045965,roc_auc
per_split_validation,tolokers,GCN,GNNM,5,2,0.8256210872789288,roc_auc
per_split_validation,tolokers,GCN,GNNM,6,2,0.8356894387371926,roc_auc
per_split_validation,tolokers,GCN,GNNM,7,2,0.8282666222016164,roc_auc
per_split_validation,tolokers,GCN,GNNM,8,4,0.8284753910348699,roc_auc
per_split_validation,tolokers,GCN,GNNM,9,2,0.8273356352130662,roc_auc
mean_validation,tolokers,GCN,GNNM,0,2,0.8323494763155825,roc_auc
mean_validation,tolokers,GCN,GNNM,1,2,0.8348997774036205,roc_auc
mean_validation,tolokers,GCN,GNNM,2,2,0.8353071477568197,roc_auc
mean_validation,tolokers,GCN,GNNM,3,2,0.8313595189098472,roc_auc
mean_validation,tolokers,GCN,GNNM,4,2,0.8490194643045965,roc_auc
mean_validation,tolokers,GCN,GNNM,5,2,0.8256210872789288,roc_auc
mean_validation,tolokers,GCN,GNNM,6,2,0.8356894387371926,roc_auc
mean_validation,tolokers,GCN,GNNM,7,2,0.8282666222016164,roc_auc
mean_validation,tolokers,GCN,GNNM,8,2,0.83350278855513,roc_auc
mean_validation,tolokers,GCN,GNNM,9,2,0.8273356352130662,roc_auc
split0_validation,tolokers,GCN,GNNM,0,2,0.8323494763155825,roc_auc
split0_validation,tolokers,GCN,GNNM,1,2,0.8348997774036205,roc_auc
split0_validation,tolokers,GCN,GNNM,2,2,0.8353071477568197,roc_auc
split0_validation,tolokers,GCN,GNNM,3,2,0.8313595189098472,roc_auc
split0_validation,tolokers,GCN,GNNM,4,2,0.8490194643045965,roc_auc
split0_validation,tolokers,GCN,GNNM,5,2,0.8256210872789288,roc_auc
split0_validation,tolokers,GCN,GNNM,6,2,0.8356894387371926,roc_auc
split0_validation,tolokers,GCN,GNNM,7,2,0.8282666222016164,roc_auc
split0_validation,tolokers,GCN,GNNM,8,2,0.83350278855513,roc_auc
split0_validation,tolokers,GCN,GNNM,9,2,0.8273356352130662,roc_auc
per_split_validation,tolokers,SAGE,GNNM,0,3,0.8365167191300034,roc_auc
per_split_validation,tolokers,SAGE,GNNM,1,4,0.840051893967123,roc_auc
per_split_validation,tolokers,SAGE,GNNM,2,2,0.8383634421371422,roc_auc
per_split_validation,tolokers,SAGE,GNNM,3,3,0.8343914117382311,roc_auc
per_split_validation,tolokers,SAGE,GNNM,4,5,0.8398702379693571,roc_auc
per_split_validation,tolokers,SAGE,GNNM,5,4,0.8331137193658851,roc_auc
per_split_validation,tolokers,SAGE,GNNM,6,4,0.8362710090583984,roc_auc
per_split_validation,tolokers,SAGE,GNNM,7,3,0.824945299854404,roc_auc
per_split_validation,tolokers,SAGE,GNNM,8,2,0.828490303094388,roc_auc
per_split_validation,tolokers,SAGE,GNNM,9,5,0.8349767100743164,roc_auc
mean_validation,tolokers,SAGE,GNNM,0,5,0.8336037838673207,roc_auc
mean_validation,tolokers,SAGE,GNNM,1,5,0.8373826353133836,roc_auc
mean_validation,tolokers,SAGE,GNNM,2,5,0.8453219513649957,roc_auc
mean_validation,tolokers,SAGE,GNNM,3,5,0.8349540030745954,roc_auc
mean_validation,tolokers,SAGE,GNNM,4,5,0.8398702379693571,roc_auc
mean_validation,tolokers,SAGE,GNNM,5,5,0.8284862361690648,roc_auc
mean_validation,tolokers,SAGE,GNNM,6,5,0.8347757361812655,roc_auc
mean_validation,tolokers,SAGE,GNNM,7,5,0.8346245821234232,roc_auc
mean_validation,tolokers,SAGE,GNNM,8,5,0.8346632179139928,roc_auc
mean_validation,tolokers,SAGE,GNNM,9,5,0.8349767100743164,roc_auc
split0_validation,tolokers,SAGE,GNNM,0,3,0.8365167191300034,roc_auc
split0_validation,tolokers,SAGE,GNNM,1,3,0.8384617261657841,roc_auc
split0_validation,tolokers,SAGE,GNNM,2,3,0.832978833009335,roc_auc
split0_validation,tolokers,SAGE,GNNM,3,3,0.8343914117382311,roc_auc
split0_validation,tolokers,SAGE,GNNM,4,3,0.8380611340214571,roc_auc
split0_validation,tolokers,SAGE,GNNM,5,3,0.8286556913908613,roc_auc
split0_validation,tolokers,SAGE,GNNM,6,3,0.8330527154860382,roc_auc
split0_validation,tolokers,SAGE,GNNM,7,3,0.824945299854404,roc_auc
split0_validation,tolokers,SAGE,GNNM,8,3,0.8346069587803563,roc_auc
split0_validation,tolokers,SAGE,GNNM,9,3,0.8252181227614966,roc_auc
per_split_validation,tolokers,GAT,GNNM,0,3,0.8411143782077873,roc_auc
per_split_validation,tolokers,GAT,GNNM,1,3,0.8405263685881534,roc_auc
per_split_validation,tolokers,GAT,GNNM,2,3,0.8394608341534967,roc_auc
per_split_validation,tolokers,GAT,GNNM,3,2,0.8515592591688831,roc_auc
per_split_validation,tolokers,GAT,GNNM,4,3,0.8513857370217635,roc_auc
per_split_validation,tolokers,GAT,GNNM,5,3,0.825530937100933,roc_auc
per_split_validation,tolokers,GAT,GNNM,6,3,0.8344625829313854,roc_auc
per_split_validation,tolokers,GAT,GNNM,7,3,0.8328846159060161,roc_auc
per_split_validation,tolokers,GAT,GNNM,8,3,0.8413072182501918,roc_auc
per_split_validation,tolokers,GAT,GNNM,9,2,0.8387914860274002,roc_auc
mean_validation,tolokers,GAT,GNNM,0,3,0.8411143782077873,roc_auc
mean_validation,tolokers,GAT,GNNM,1,3,0.8405263685881534,roc_auc
mean_validation,tolokers,GAT,GNNM,2,3,0.8394608341534967,roc_auc
mean_validation,tolokers,GAT,GNNM,3,3,0.843834134517622,roc_auc
mean_validation,tolokers,GAT,GNNM,4,3,0.8513857370217635,roc_auc
mean_validation,tolokers,GAT,GNNM,5,3,0.825530937100933,roc_auc
mean_validation,tolokers,GAT,GNNM,6,3,0.8344625829313854,roc_auc
mean_validation,tolokers,GAT,GNNM,7,3,0.8328846159060161,roc_auc
mean_validation,tolokers,GAT,GNNM,8,3,0.8413072182501918,roc_auc
mean_validation,tolokers,GAT,GNNM,9,3,0.8430766696761914,roc_auc
split0_validation,tolokers,GAT,GNNM,0,3,0.8411143782077873,roc_auc
split0_validation,tolokers,GAT,GNNM,1,3,0.8405263685881534,roc_auc
split0_validation,tolokers,GAT,GNNM,2,3,0.8394608341534967,roc_auc
split0_validation,tolokers,GAT,GNNM,3,3,0.843834134517622,roc_auc
split0_validation,tolokers,GAT,GNNM,4,3,0.8513857370217635,roc_auc
split0_validation,tolokers,GAT,GNNM,5,3,0.825530937100933,roc_auc
split0_validation,tolokers,GAT,GNNM,6,3,0.8344625829313854,roc_auc
split0_validation,tolokers,GAT,GNNM,7,3,0.8328846159060161,roc_auc
split0_validation,tolokers,GAT,GNNM,8,3,0.8413072182501918,roc_auc
split0_validation,tolokers,GAT,GNNM,9,3,0.8430766696761914,roc_auc
per_split_validation,tolokers,GAT-sep,GNNM,0,4,0.8499531625766954,roc_auc
per_split_validation,tolokers,GAT-sep,GNNM,1,3,0.8426194794877844,roc_auc
per_split_validation,tolokers,GAT-sep,GNNM,2,5,0.8568855757003924,roc_auc
per_split_validation,tolokers,GAT-sep,GNNM,3,4,0.850779765148619,roc_auc
per_split_validation,tolokers,GAT-sep,GNNM,4,5,0.8558241081910587,roc_auc
per_split_validation,tolokers,GAT-sep,GNNM,5,3,0.838981614786256,roc_auc
per_split_validation,tolokers,GAT-sep,GNNM,6,4,0.8412923061906739,roc_auc
per_split_validation,tolokers,GAT-sep,GNNM,7,4,0.8407412378093914,roc_auc
per_split_validation,tolokers,GAT-sep,GNNM,8,5,0.8561460731124724,roc_auc
per_split_validation,tolokers,GAT-sep,GNNM,9,5,0.8499606186064546,roc_auc
mean_validation,tolokers,GAT-sep,GNNM,0,4,0.8499531625766954,roc_auc
mean_validation,tolokers,GAT-sep,GNNM,1,4,0.8355359123062449,roc_auc
mean_validation,tolokers,GAT-sep,GNNM,2,4,0.8505038920475342,roc_auc
mean_validation,tolokers,GAT-sep,GNNM,3,4,0.850779765148619,roc_auc
mean_validation,tolokers,GAT-sep,GNNM,4,4,0.8538862182745934,roc_auc
mean_validation,tolokers,GAT-sep,GNNM,5,4,0.8410184665522505,roc_auc
mean_validation,tolokers,GAT-sep,GNNM,6,4,0.8412923061906739,roc_auc
mean_validation,tolokers,GAT-sep,GNNM,7,4,0.8407412378093914,roc_auc
mean_validation,tolokers,GAT-sep,GNNM,8,4,0.8542380073150428,roc_auc
mean_validation,tolokers,GAT-sep,GNNM,9,4,0.8509332915795667,roc_auc
split0_validation,tolokers,GAT-sep,GNNM,0,4,0.8499531625766954,roc_auc
split0_validation,tolokers,GAT-sep,GNNM,1,4,0.8355359123062449,roc_auc
split0_validation,tolokers,GAT-sep,GNNM,2,4,0.8505038920475342,roc_auc
split0_validation,tolokers,GAT-sep,GNNM,3,4,0.850779765148619,roc_auc
split0_validation,tolokers,GAT-sep,GNNM,4,4,0.8538862182745934,roc_auc
split0_validation,tolokers,GAT-sep,GNNM,5,4,0.8410184665522505,roc_auc
split0_validation,tolokers,GAT-sep,GNNM,6,4,0.8412923061906739,roc_auc
split0_validation,tolokers,GAT-sep,GNNM,7,4,0.8407412378093914,roc_auc
split0_validation,tolokers,GAT-sep,GNNM,8,4,0.8542380073150428,roc_auc
split0_validation,tolokers,GAT-sep,GNNM,9,4,0.8509332915795667,roc_auc
per_split_validation,tolokers,GT,GNNM,0,5,0.8463430885315417,roc_auc
per_split_validation,tolokers,GT,GNNM,1,5,0.8310212862871412,roc_auc
per_split_validation,tolokers,GT,GNNM,2,5,0.8517266809280181,roc_auc
per_split_validation,tolokers,GT,GNNM,3,5,0.850695715358608,roc_auc
per_split_validation,tolokers,GT,GNNM,4,2,0.843364404642802,roc_auc
per_split_validation,tolokers,GT,GNNM,5,5,0.8355315064704782,roc_auc
per_split_validation,tolokers,GT,GNNM,6,5,0.8382448234818847,roc_auc
per_split_validation,tolokers,GT,GNNM,7,3,0.8373785683880607,roc_auc
per_split_validation,tolokers,GT,GNNM,8,5,0.844609561612563,roc_auc
per_split_validation,tolokers,GT,GNNM,9,2,0.8404053775597906,roc_auc
mean_validation,tolokers,GT,GNNM,0,5,0.8463430885315417,roc_auc
mean_validation,tolokers,GT,GNNM,1,5,0.8310212862871412,roc_auc
mean_validation,tolokers,GT,GNNM,2,5,0.8517266809280181,roc_auc
mean_validation,tolokers,GT,GNNM,3,5,0.850695715358608,roc_auc
mean_validation,tolokers,GT,GNNM,4,5,0.8502436088268547,roc_auc
mean_validation,tolokers,GT,GNNM,5,5,0.8355315064704782,roc_auc
mean_validation,tolokers,GT,GNNM,6,5,0.8382448234818847,roc_auc
mean_validation,tolokers,GT,GNNM,7,5,0.837907946500953,roc_auc
mean_validation,tolokers,GT,GNNM,8,5,0.844609561612563,roc_auc
mean_validation,tolokers,GT,GNNM,9,5,0.8384546090464688,roc_auc
split0_validation,tolokers,GT,GNNM,0,5,0.8463430885315417,roc_auc
split0_validation,tolokers,GT,GNNM,1,5,0.8310212862871412,roc_auc
split0_validation,tolokers,GT,GNNM,2,5,0.8517266809280181,roc_auc
split0_validation,tolokers,GT,GNNM,3,5,0.850695715358608,roc_auc
split0_validation,tolokers,GT,GNNM,4,5,0.8502436088268547,roc_auc
split0_validation,tolokers,GT,GNNM,5,5,0.8355315064704782,roc_auc
split0_validation,tolokers,GT,GNNM,6,5,0.8382448234818847,roc_auc
split0_validation,tolokers,GT,GNNM,7,5,0.837907946500953,roc_auc
split0_validation,tolokers,GT,GNNM,8,5,0.844609561612563,roc_auc
split0_validation,tolokers,GT,GNNM,9,5,0.8384546090464688,roc_auc
per_split_validation,tolokers,GT-sep,GNNM,0,5,0.8487784989792018,roc_auc
per_split_validation,tolokers,GT-sep,GNNM,1,5,0.8364011506687381,roc_auc
per_split_validation,tolokers,GT-sep,GNNM,2,5,0.8534524129067942,roc_auc
per_split_validation,tolokers,GT-sep,GNNM,3,4,0.8505859083748837,roc_auc
per_split_validation,tolokers,GT-sep,GNNM,4,5,0.856578522838497,roc_auc
per_split_validation,tolokers,GT-sep,GNNM,5,5,0.8314381461327607,roc_auc
per_split_validation,tolokers,GT-sep,GNNM,6,4,0.8433728774038918,roc_auc
per_split_validation,tolokers,GT-sep,GNNM,7,4,0.8347594684799731,roc_auc
per_split_validation,tolokers,GT-sep,GNNM,8,5,0.8462471768760049,roc_auc
per_split_validation,tolokers,GT-sep,GNNM,9,2,0.8405056950510942,roc_auc
mean_validation,tolokers,GT-sep,GNNM,0,5,0.8487784989792018,roc_auc
mean_validation,tolokers,GT-sep,GNNM,1,5,0.8364011506687381,roc_auc
mean_validation,tolokers,GT-sep,GNNM,2,5,0.8534524129067942,roc_auc
mean_validation,tolokers,GT-sep,GNNM,3,5,0.8510197137426828,roc_auc
mean_validation,tolokers,GT-sep,GNNM,4,5,0.856578522838497,roc_auc
mean_validation,tolokers,GT-sep,GNNM,5,5,0.8314381461327607,roc_auc
mean_validation,tolokers,GT-sep,GNNM,6,5,0.8418440523928433,roc_auc
mean_validation,tolokers,GT-sep,GNNM,7,5,0.8376544414891454,roc_auc
mean_validation,tolokers,GT-sep,GNNM,8,5,0.8462471768760049,roc_auc
mean_validation,tolokers,GT-sep,GNNM,9,5,0.8327392233257147,roc_auc
split0_validation,tolokers,GT-sep,GNNM,0,5,0.8487784989792018,roc_auc
split0_validation,tolokers,GT-sep,GNNM,1,5,0.8364011506687381,roc_auc
split0_validation,tolokers,GT-sep,GNNM,2,5,0.8534524129067942,roc_auc
split0_validation,tolokers,GT-sep,GNNM,3,5,0.8510197137426828,roc_auc
split0_validation,tolokers,GT-sep,GNNM,4,5,0.856578522838497,roc_auc
split0_validation,tolokers,GT-sep,GNNM,5,5,0.8314381461327607,roc_auc
split0_validation,tolokers,GT-sep,GNNM,6,5,0.8418440523928433,roc_auc
split0_validation,tolokers,GT-sep,GNNM,7,5,0.8376544414891454,roc_auc
split0_validation,tolokers,GT-sep,GNNM,8,5,0.8462471768760049,roc_auc
split0_validation,tolokers,GT-sep,GNNM,9,5,0.8327392233257147,roc_auc
per_split_validation,tolokers,ResNet,GNNM,0,2,0.7151498390853214,roc_auc
per_split_validation,tolokers,ResNet,GNNM,1,5,0.7365805020754876,roc_auc
per_split_validation,tolokers,ResNet,GNNM,2,5,0.7497275160033512,roc_auc
per_split_validation,tolokers,ResNet,GNNM,3,1,0.745861225662841,roc_auc
per_split_validation,tolokers,ResNet,GNNM,4,1,0.7406660674730025,roc_auc
per_split_validation,tolokers,ResNet,GNNM,5,1,0.7371895241426243,roc_auc
per_split_validation,tolokers,ResNet,GNNM,6,2,0.7462028473899829,roc_auc
per_split_validation,tolokers,ResNet,GNNM,7,1,0.7250195890236397,roc_auc
per_split_validation,tolokers,ResNet,GNNM,8,1,0.7352418058232948,roc_auc
per_split_validation,tolokers,ResNet,GNNM,9,1,0.748267489812352,roc_auc
mean_validation,tolokers,ResNet,GNNM,0,1,0.7147045107624401,roc_auc
mean_validation,tolokers,ResNet,GNNM,1,1,0.740753845277893,roc_auc
mean_validation,tolokers,ResNet,GNNM,2,1,0.7392477272665654,roc_auc
mean_validation,tolokers,ResNet,GNNM,3,1,0.745861225662841,roc_auc
mean_validation,tolokers,ResNet,GNNM,4,1,0.7406660674730025,roc_auc
mean_validation,tolokers,ResNet,GNNM,5,1,0.7371895241426243,roc_auc
mean_validation,tolokers,ResNet,GNNM,6,1,0.7472575366904446,roc_auc
mean_validation,tolokers,ResNet,GNNM,7,1,0.7250195890236397,roc_auc
mean_validation,tolokers,ResNet,GNNM,8,1,0.7352418058232948,roc_auc
mean_validation,tolokers,ResNet,GNNM,9,1,0.748267489812352,roc_auc
split0_validation,tolokers,ResNet,GNNM,0,2,0.7151498390853214,roc_auc
split0_validation,tolokers,ResNet,GNNM,1,2,0.721191256652812,roc_auc
split0_validation,tolokers,ResNet,GNNM,2,2,0.7367811370580948,roc_auc
split0_validation,tolokers,ResNet,GNNM,3,2,0.726440979424069,roc_auc
split0_validation,tolokers,ResNet,GNNM,4,2,0.7210980562808239,roc_auc
split0_validation,tolokers,ResNet,GNNM,5,2,0.7091467183979567,roc_auc
split0_validation,tolokers,ResNet,GNNM,6,2,0.7462028473899829,roc_auc
split0_validation,tolokers,ResNet,GNNM,7,2,0.7058962283334554,roc_auc
split0_validation,tolokers,ResNet,GNNM,8,2,0.7165874971870433,roc_auc
split0_validation,tolokers,ResNet,GNNM,9,2,0.7451867938800908,roc_auc
per_split_validation,tolokers,TAG,GNNM,0,5,0.854491173416407,roc_auc
per_split_validation,tolokers,TAG,GNNM,1,5,0.8546792687126012,roc_auc
per_split_validation,tolokers,TAG,GNNM,2,1,0.8548982048591623,roc_auc
per_split_validation,tolokers,TAG,GNNM,3,1,0.8500341621727143,roc_auc
per_split_validation,tolokers,TAG,GNNM,4,5,0.8652519189109316,roc_auc
per_split_validation,tolokers,TAG,GNNM,5,5,0.836746839321203,roc_auc
per_split_validation,tolokers,TAG,GNNM,6,4,0.8427001401733594,roc_auc
per_split_validation,tolokers,TAG,GNNM,7,5,0.8430980210341378,roc_auc
per_split_validation,tolokers,TAG,GNNM,8,5,0.851704312838741,roc_auc
per_split_validation,tolokers,TAG,GNNM,9,4,0.8505679461213733,roc_auc
mean_validation,tolokers,TAG,GNNM,0,5,0.854491173416407,roc_auc
mean_validation,tolokers,TAG,GNNM,1,5,0.8546792687126012,roc_auc
mean_validation,tolokers,TAG,GNNM,2,5,0.8555014654487579,roc_auc
mean_validation,tolokers,TAG,GNNM,3,5,0.8518568225383578,roc_auc
mean_validation,tolokers,TAG,GNNM,4,5,0.8652519189109316,roc_auc
mean_validation,tolokers,TAG,GNNM,5,5,0.836746839321203,roc_auc
mean_validation,tolokers,TAG,GNNM,6,5,0.8414468493529521,roc_auc
mean_validation,tolokers,TAG,GNNM,7,5,0.8430980210341378,roc_auc
mean_validation,tolokers,TAG,GNNM,8,5,0.851704312838741,roc_auc
mean_validation,tolokers,TAG,GNNM,9,5,0.8419087842875697,roc_auc
split0_validation,tolokers,TAG,GNNM,0,5,0.854491173416407,roc_auc
split0_validation,tolokers,TAG,GNNM,1,5,0.8546792687126012,roc_auc
split0_validation,tolokers,TAG,GNNM,2,5,0.8555014654487579,roc_auc
split0_validation,tolokers,TAG,GNNM,3,5,0.8518568225383578,roc_auc
split0_validation,tolokers,TAG,GNNM,4,5,0.8652519189109316,roc_auc
split0_validation,tolokers,TAG,GNNM,5,5,0.836746839321203,roc_auc
split0_validation,tolokers,TAG,GNNM,6,5,0.8414468493529521,roc_auc
split0_validation,tolokers,TAG,GNNM,7,5,0.8430980210341378,roc_auc
split0_validation,tolokers,TAG,GNNM,8,5,0.851704312838741,roc_auc
split0_validation,tolokers,TAG,GNNM,9,5,0.8419087842875697,roc_auc
