minesweeper,ResNet,1,512,3e-05,0,30,roc_auc,0.517150375,0.7999999523162842,0.5047074556350708,0.517150375,,,,,roc_auc,0.5011450000000001,0.7999999523162842,0.5062937140464783,0.5011450000000001,,,,,roc_auc,0.520379,0.7999999523162842,0.503807544708252,0.520379,,,,
dataset,model,num_layers,hidden_dim,lr,split,best_step,train_metric_name,train_metric,train_acc,train_loss,train_roc_auc,train_f1_macro,train_f1_weighted,train_prec_macro,train_rec_macro,val_metric_name,val_metric,val_acc,val_loss,val_roc_auc,val_f1_macro,val_f1_weighted,val_prec_macro,val_rec_macro,test_metric_name,test_metric,test_acc,test_loss,test_roc_auc,test_f1_macro,test_f1_weighted,test_prec_macro,test_rec_macro
minesweeper,ResNet,1,512,3e-05,1,40,roc_auc,0.5071775000000001,0.7999999523162842,0.5132601261138916,0.5071775000000001,,,,,roc_auc,0.508678,0.7999999523162842,0.5143521428108215,0.508678,,,,,roc_auc,0.5259135,0.7999999523162842,0.5129228234291077,0.5259135,,,,
minesweeper,ResNet,1,512,3e-05,3,10,roc_auc,0.49698937499999996,0.7999999523162842,0.5561518669128418,0.49698937499999996,,,,,roc_auc,0.5258695,0.7999999523162842,0.5526634454727173,0.5258695,,,,,roc_auc,0.5195734999999999,0.7999999523162842,0.55323326587677,0.5195734999999999,,,,
minesweeper,ResNet,1,512,3e-05,2,30,roc_auc,0.513693,0.7999999523162842,0.5091866850852966,0.513693,,,,,roc_auc,0.5061180000000001,0.7999999523162842,0.5091038942337036,0.5061180000000001,,,,,roc_auc,0.514335,0.7999999523162842,0.5080448389053345,0.514335,,,,
minesweeper,ResNet,1,512,3e-05,4,10,roc_auc,0.521818875,0.7999999523162842,0.5287543535232544,0.521818875,,,,,roc_auc,0.506733,0.7999999523162842,0.5299139618873596,0.506733,,,,,roc_auc,0.5230245,0.7999999523162842,0.5288696885108948,0.5230245,,,,
minesweeper,ResNet,1,512,3e-05,5,70,roc_auc,0.520140625,0.7999999523162842,0.5166924595832825,0.520140625,,,,,roc_auc,0.5329485,0.7999999523162842,0.5181031823158264,0.5329485,,,,,roc_auc,0.49895449999999997,0.7999999523162842,0.5199375152587891,0.49895449999999997,,,,
minesweeper,ResNet,1,512,3e-05,6,10,roc_auc,0.504522875,0.7999999523162842,0.5223252177238464,0.504522875,,,,,roc_auc,0.5090520000000001,0.7999999523162842,0.5241474509239197,0.5090520000000001,,,,,roc_auc,0.492287,0.7999999523162842,0.5238620042800903,0.492287,,,,
minesweeper,ResNet,1,512,3e-05,7,40,roc_auc,0.51682275,0.7999999523162842,0.5240009427070618,0.51682275,,,,,roc_auc,0.512864,0.7999999523162842,0.5246285796165466,0.512864,,,,,roc_auc,0.511884,0.7999999523162842,0.524562656879425,0.511884,,,,
minesweeper,ResNet,1,512,3e-05,9,40,roc_auc,0.517688375,0.7999999523162842,0.5086902976036072,0.517688375,,,,,roc_auc,0.524021,0.7999999523162842,0.5087758898735046,0.524021,,,,,roc_auc,0.512254,0.7999999523162842,0.5096091628074646,0.512254,,,,
minesweeper,ResNet,1,512,3e-05,8,50,roc_auc,0.52057075,0.7999999523162842,0.5217418670654297,0.52057075,,,,,roc_auc,0.5353975,0.7999999523162842,0.521590530872345,0.5353975,,,,,roc_auc,0.487908,0.7999999523162842,0.5232303738594055,0.487908,,,,
minesweeper,ResNet,2,512,3e-05,0,40,roc_auc,0.5145086249999999,0.7999999523162842,0.5170741677284241,0.5145086249999999,,,,,roc_auc,0.515953,0.7999999523162842,0.5171338319778442,0.515953,,,,,roc_auc,0.521903,0.7999999523162842,0.5163436532020569,0.521903,,,,
minesweeper,ResNet,2,512,3e-05,1,140,roc_auc,0.5047284999999999,0.7999999523162842,0.5128377676010132,0.5047284999999999,,,,,roc_auc,0.48893100000000006,0.7999999523162842,0.515346109867096,0.48893100000000006,,,,,roc_auc,0.4912575,0.7999999523162842,0.5143240094184875,0.4912575,,,,
minesweeper,ResNet,2,512,3e-05,2,20,roc_auc,0.50950475,0.7999999523162842,0.5216109156608582,0.50950475,,,,,roc_auc,0.511163,0.7999999523162842,0.5220082998275757,0.511163,,,,,roc_auc,0.515507,0.7999999523162842,0.5213566422462463,0.515507,,,,
minesweeper,ResNet,2,512,3e-05,3,10,roc_auc,0.49231837500000003,0.7999999523162842,0.6340363025665283,0.49231837500000003,,,,,roc_auc,0.5110015,0.7999999523162842,0.6317901015281677,0.5110015,,,,,roc_auc,0.5154734999999999,0.7999999523162842,0.6318377256393433,0.5154734999999999,,,,
minesweeper,ResNet,2,512,3e-05,4,10,roc_auc,0.512401125,0.7999999523162842,0.5878027081489563,0.512401125,,,,,roc_auc,0.5193700000000001,0.7999999523162842,0.5873113870620728,0.5193700000000001,,,,,roc_auc,0.49851550000000006,0.7999999523162842,0.5888476371765137,0.49851550000000006,,,,
minesweeper,ResNet,2,512,3e-05,5,290,roc_auc,0.519215375,0.7999999523162842,0.506991982460022,0.519215375,,,,,roc_auc,0.5371925,0.7999999523162842,0.5077695250511169,0.5371925,,,,,roc_auc,0.49721550000000003,0.7999999523162842,0.5096256136894226,0.49721550000000003,,,,
minesweeper,ResNet,2,512,3e-05,6,50,roc_auc,0.518494625,0.7999999523162842,0.5221201777458191,0.518494625,,,,,roc_auc,0.517233,0.7999999523162842,0.5234626531600952,0.517233,,,,,roc_auc,0.509663,0.7999999523162842,0.5223907828330994,0.509663,,,,
minesweeper,ResNet,2,512,3e-05,7,20,roc_auc,0.516148,0.7999999523162842,0.589552104473114,0.516148,,,,,roc_auc,0.517722,0.7999999523162842,0.5896961688995361,0.517722,,,,,roc_auc,0.513856,0.7999999523162842,0.5899561643600464,0.513856,,,,
minesweeper,ResNet,2,512,3e-05,8,40,roc_auc,0.51987175,0.7999999523162842,0.5297601222991943,0.51987175,,,,,roc_auc,0.5322145,0.7999999523162842,0.5296409726142883,0.5322145,,,,,roc_auc,0.48623700000000003,0.7999999523162842,0.5331760048866272,0.48623700000000003,,,,
minesweeper,ResNet,2,512,3e-05,9,50,roc_auc,0.517789875,0.7999999523162842,0.5278748869895935,0.517789875,,,,,roc_auc,0.5242519999999999,0.7999999523162842,0.5277883410453796,0.5242519999999999,,,,,roc_auc,0.5122820000000001,0.7999999523162842,0.5291687846183777,0.5122820000000001,,,,
minesweeper,ResNet,3,512,3e-05,0,60,roc_auc,0.514616125,0.7999999523162842,0.5225453972816467,0.514616125,,,,,roc_auc,0.514367,0.7999999523162842,0.5235169529914856,0.514367,,,,,roc_auc,0.520131,0.7999999523162842,0.5219854116439819,0.520131,,,,
minesweeper,ResNet,3,512,3e-05,1,20,roc_auc,0.5116705,0.7999999523162842,0.6121565103530884,0.5116705,,,,,roc_auc,0.515604,0.7999999523162842,0.6121928691864014,0.515604,,,,,roc_auc,0.5233665,0.7999999523162842,0.6117869019508362,0.5233665,,,,
minesweeper,ResNet,3,512,3e-05,2,50,roc_auc,0.5147685,0.7999999523162842,0.5227780938148499,0.5147685,,,,,roc_auc,0.5128649999999999,0.7999999523162842,0.5247414708137512,0.5128649999999999,,,,,roc_auc,0.524655,0.7999999523162842,0.5232512354850769,0.524655,,,,
minesweeper,ResNet,3,512,3e-05,3,30,roc_auc,0.5199353750000001,0.7999999523162842,0.5098494291305542,0.5199353750000001,,,,,roc_auc,0.5115475,0.7999999523162842,0.5118111968040466,0.5115475,,,,,roc_auc,0.5170595,0.7999999523162842,0.5110350251197815,0.5170595,,,,
minesweeper,ResNet,3,512,3e-05,4,20,roc_auc,0.516597875,0.7999999523162842,0.5873183608055115,0.516597875,,,,,roc_auc,0.513138,0.7999999523162842,0.5881491303443909,0.513138,,,,,roc_auc,0.5098495,0.7999999523162842,0.5874667763710022,0.5098495,,,,
minesweeper,ResNet,3,512,3e-05,5,60,roc_auc,0.520140625,0.7999999523162842,0.512361466884613,0.520140625,,,,,roc_auc,0.5329485,0.7999999523162842,0.513382077217102,0.5329485,,,,,roc_auc,0.49895449999999997,0.7999999523162842,0.5145009756088257,0.49895449999999997,,,,
minesweeper,ResNet,3,512,3e-05,6,20,roc_auc,0.515192125,0.7999999523162842,0.556596577167511,0.515192125,,,,,roc_auc,0.518818,0.7999999523162842,0.5572831034660339,0.518818,,,,,roc_auc,0.4945650000000001,0.7999999523162842,0.5604269504547119,0.4945650000000001,,,,
minesweeper,ResNet,3,512,3e-05,7,10,roc_auc,0.5100547500000001,0.7999999523162842,0.683193564414978,0.5100547500000001,,,,,roc_auc,0.51147,0.7999999523162842,0.6824222207069397,0.51147,,,,,roc_auc,0.5147839999999999,0.7999999523162842,0.6826910972595215,0.5147839999999999,,,,
minesweeper,ResNet,3,512,3e-05,8,40,roc_auc,0.5199495,0.7999999523162842,0.5389664173126221,0.5199495,,,,,roc_auc,0.5321645,0.7999999523162842,0.5386990904808044,0.5321645,,,,,roc_auc,0.48648899999999995,0.7999999523162842,0.5416056513786316,0.48648899999999995,,,,
minesweeper,ResNet,3,512,3e-05,9,270,roc_auc,0.5207086249999999,0.7999999523162842,0.5092185139656067,0.5207086249999999,,,,,roc_auc,0.520388,0.7999999523162842,0.5100780129432678,0.520388,,,,,roc_auc,0.5017940000000001,0.7999999523162842,0.5109435319900513,0.5017940000000001,,,,
minesweeper,ResNet,4,512,3e-05,0,60,roc_auc,0.509820375,0.7999999523162842,0.5129424929618835,0.509820375,,,,,roc_auc,0.5185639999999999,0.7999999523162842,0.5128483176231384,0.5185639999999999,,,,,roc_auc,0.507489,0.7999999523162842,0.5130481719970703,0.507489,,,,
minesweeper,ResNet,4,512,3e-05,1,20,roc_auc,0.509605,0.7999999523162842,0.5238171219825745,0.509605,,,,,roc_auc,0.520923,0.7999999523162842,0.5232049822807312,0.520923,,,,,roc_auc,0.5163584999999999,0.7999999523162842,0.5232892632484436,0.5163584999999999,,,,
minesweeper,ResNet,4,512,3e-05,2,10,roc_auc,0.51006425,0.7999999523162842,0.6398401260375977,0.51006425,,,,,roc_auc,0.5090669999999999,0.7999999523162842,0.641034722328186,0.5090669999999999,,,,,roc_auc,0.5198959999999999,0.7999999523162842,0.6389247179031372,0.5198959999999999,,,,
minesweeper,ResNet,4,512,3e-05,3,10,roc_auc,0.495135875,0.7999999523162842,0.7331947088241577,0.495135875,,,,,roc_auc,0.5034845,0.7999999523162842,0.7302983403205872,0.5034845,,,,,roc_auc,0.5049465,0.7999999523162842,0.7314361929893494,0.5049465,,,,
minesweeper,ResNet,4,512,3e-05,4,10,roc_auc,0.518321625,0.7999999523162842,0.5491551160812378,0.518321625,,,,,roc_auc,0.521126,0.7999999523162842,0.5492111444473267,0.521126,,,,,roc_auc,0.4960645,0.7999999523162842,0.5508068799972534,0.4960645,,,,
minesweeper,ResNet,4,512,3e-05,5,10,roc_auc,0.521771375,0.7999999523162842,0.7503387331962585,0.521771375,,,,,roc_auc,0.5198115,0.7999999523162842,0.7518457174301147,0.5198115,,,,,roc_auc,0.49231349999999996,0.7999999523162842,0.7570163607597351,0.49231349999999996,,,,
minesweeper,ResNet,4,512,3e-05,6,20,roc_auc,0.5234281249999999,0.7999999523162842,0.5350652933120728,0.5234281249999999,,,,,roc_auc,0.49964800000000004,0.7999999523162842,0.5371701717376709,0.49964800000000004,,,,,roc_auc,0.526675,0.7999999523162842,0.5353357195854187,0.526675,,,,
minesweeper,ResNet,4,512,3e-05,7,10,roc_auc,0.50290175,0.7999999523162842,0.7540379166603088,0.50290175,,,,,roc_auc,0.5121049999999999,0.7999999523162842,0.7527915835380554,0.5121049999999999,,,,,roc_auc,0.493484,0.7999999523162842,0.7556067109107971,0.493484,,,,
minesweeper,ResNet,4,512,3e-05,8,150,roc_auc,0.524161,0.7999999523162842,0.5117518305778503,0.524161,,,,,roc_auc,0.5273455,0.7999999523162842,0.5120847821235657,0.5273455,,,,,roc_auc,0.497623,0.7999999523162842,0.5137806534767151,0.497623,,,,
minesweeper,ResNet,4,512,3e-05,9,310,roc_auc,0.5207086249999999,0.7999999523162842,0.5017012357711792,0.5207086249999999,,,,,roc_auc,0.520388,0.7999999523162842,0.502615749835968,0.520388,,,,,roc_auc,0.5017940000000001,0.7999999523162842,0.5036135911941528,0.5017940000000001,,,,
minesweeper,ResNet,5,512,3e-05,0,20,roc_auc,0.513485125,0.7999999523162842,0.5081110000610352,0.513485125,,,,,roc_auc,0.518559,0.7999999523162842,0.5081733465194702,0.518559,,,,,roc_auc,0.522423,0.7999999523162842,0.5062023997306824,0.522423,,,,
minesweeper,ResNet,5,512,3e-05,1,30,roc_auc,0.5112855,0.7999999523162842,0.5399526357650757,0.5112855,,,,,roc_auc,0.520069,0.7999999523162842,0.5403816103935242,0.520069,,,,,roc_auc,0.5293525,0.7999999523162842,0.539385199546814,0.5293525,,,,
minesweeper,ResNet,5,512,3e-05,2,30,roc_auc,0.51605325,0.7999999523162842,0.5311447381973267,0.51605325,,,,,roc_auc,0.508923,0.7999999523162842,0.5329181551933289,0.508923,,,,,roc_auc,0.521185,0.7999999523162842,0.5313060283660889,0.521185,,,,
minesweeper,ResNet,5,512,3e-05,3,10,roc_auc,0.519244625,0.7999999523162842,0.5684494376182556,0.519244625,,,,,roc_auc,0.5067265,0.7999999523162842,0.5707258582115173,0.5067265,,,,,roc_auc,0.5033015000000001,0.7999999523162842,0.5715512633323669,0.5033015000000001,,,,
minesweeper,ResNet,5,512,3e-05,4,30,roc_auc,0.516597875,0.7999999523162842,0.5611408948898315,0.516597875,,,,,roc_auc,0.513138,0.7999999523162842,0.5615262389183044,0.513138,,,,,roc_auc,0.5098495,0.7999999523162842,0.5618122816085815,0.5098495,,,,
minesweeper,ResNet,5,512,3e-05,5,20,roc_auc,0.5226533750000001,0.7999999523162842,0.506403386592865,0.5226533750000001,,,,,roc_auc,0.5159975,0.7999999523162842,0.5070418119430542,0.5159975,,,,,roc_auc,0.49373849999999997,0.7999999523162842,0.510310173034668,0.49373849999999997,,,,
minesweeper,ResNet,5,512,3e-05,6,30,roc_auc,0.518278625,0.7999999523162842,0.5669426321983337,0.518278625,,,,,roc_auc,0.512877,0.7999999523162842,0.5686948299407959,0.512877,,,,,roc_auc,0.504221,0.7999999523162842,0.5681204199790955,0.504221,,,,
minesweeper,ResNet,5,512,3e-05,7,40,roc_auc,0.51770275,0.7999999523162842,0.5742709040641785,0.51770275,,,,,roc_auc,0.51126,0.7999999523162842,0.57520991563797,0.51126,,,,,roc_auc,0.507232,0.7999999523162842,0.5749449729919434,0.507232,,,,
minesweeper,ResNet,5,512,3e-05,8,30,roc_auc,0.52030625,0.7999999523162842,0.555452823638916,0.52030625,,,,,roc_auc,0.5354485,0.7999999523162842,0.5554353594779968,0.5354485,,,,,roc_auc,0.486877,0.7999999523162842,0.5576462149620056,0.486877,,,,
minesweeper,ResNet,5,512,3e-05,9,100,roc_auc,0.517789875,0.7999999523162842,0.5066124796867371,0.517789875,,,,,roc_auc,0.5242519999999999,0.7999999523162842,0.507275402545929,0.5242519999999999,,,,,roc_auc,0.5122820000000001,0.7999999523162842,0.5083742737770081,0.5122820000000001,,,,
minesweeper,GCN,1,512,3e-05,0,1640,roc_auc,0.892159125,0.847599983215332,0.31177985668182373,0.892159125,,,,,roc_auc,0.869149,0.8343999981880188,0.3413257300853729,0.869149,,,,,roc_auc,0.8688475,0.8348000049591064,0.34191930294036865,0.8688475,,,,
minesweeper,GCN,1,512,3e-05,1,2190,roc_auc,0.8796323749999999,0.8407999873161316,0.32260188460350037,0.8796323749999999,,,,,roc_auc,0.878085,0.8379999995231628,0.3293120563030243,0.878085,,,,,roc_auc,0.8894000000000001,0.8423999547958374,0.3168316185474396,0.8894000000000001,,,,
minesweeper,GCN,1,512,3e-05,3,1380,roc_auc,0.8896225,0.8379999995231628,0.32127225399017334,0.8896225,,,,,roc_auc,0.857608,0.8323999643325806,0.3660280704498291,0.857608,,,,,roc_auc,0.872334,0.840399980545044,0.3428678810596466,0.872334,,,,
minesweeper,GCN,1,512,3e-05,2,2190,roc_auc,0.8870015,0.8467999696731567,0.3184802532196045,0.8870015,,,,,roc_auc,0.8735855,0.8387999534606934,0.33769646286964417,0.8735855,,,,,roc_auc,0.8805639999999999,0.8407999873161316,0.3281016945838928,0.8805639999999999,,,,
minesweeper,GCN,1,512,3e-05,4,1650,roc_auc,0.884914,0.8405999541282654,0.3188406229019165,0.884914,,,,,roc_auc,0.8739215,0.8411999940872192,0.3318560719490051,0.8739215,,,,,roc_auc,0.8778395000000001,0.839199960231781,0.3270617723464966,0.8778395000000001,,,,
minesweeper,GCN,1,512,3e-05,5,2630,roc_auc,0.885172625,0.8431999683380127,0.31926533579826355,0.885172625,,,,,roc_auc,0.875081,0.8359999656677246,0.334181010723114,0.875081,,,,,roc_auc,0.8849955,0.8435999751091003,0.3215230405330658,0.8849955,,,,
minesweeper,GCN,1,512,3e-05,6,2280,roc_auc,0.881683625,0.840999960899353,0.32209518551826477,0.881683625,,,,,roc_auc,0.893026,0.847599983215332,0.3088395297527313,0.893026,,,,,roc_auc,0.8688955,0.8307999968528748,0.33897948265075684,0.8688955,,,,
minesweeper,GCN,1,512,3e-05,7,1600,roc_auc,0.8778932499999998,0.8384000062942505,0.3274240791797638,0.8778932499999998,,,,,roc_auc,0.8778265000000001,0.8387999534606934,0.32857680320739746,0.8778265000000001,,,,,roc_auc,0.8898655,0.8423999547958374,0.3182741105556488,0.8898655,,,,
minesweeper,GCN,1,512,3e-05,9,1780,roc_auc,0.88029775,0.8423999547958374,0.32694971561431885,0.88029775,,,,,roc_auc,0.8732105,0.8307999968528748,0.3378736674785614,0.8732105,,,,,roc_auc,0.8864545,0.8443999886512756,0.3207378387451172,0.8864545,,,,
minesweeper,GCN,1,512,3e-05,8,2480,roc_auc,0.8785693750000001,0.8393999934196472,0.32353895902633667,0.8785693750000001,,,,,roc_auc,0.8740835,0.8416000008583069,0.3326832950115204,0.8740835,,,,,roc_auc,0.8901140000000001,0.843999981880188,0.31901904940605164,0.8901140000000001,,,,
minesweeper,GCN,2,512,3e-05,0,650,roc_auc,0.90935875,0.866599977016449,0.2945539951324463,0.90935875,,,,,roc_auc,0.8825930000000001,0.8435999751091003,0.3346160054206848,0.8825930000000001,,,,,roc_auc,0.897009,0.8567999601364136,0.3140736520290375,0.897009,,,,
minesweeper,GCN,2,512,3e-05,1,920,roc_auc,0.90263975,0.8561999797821045,0.3032354414463043,0.90263975,,,,,roc_auc,0.9021619999999999,0.85999995470047,0.30606043338775635,0.9021619999999999,,,,,roc_auc,0.8939140000000001,0.848800003528595,0.3154031038284302,0.8939140000000001,,,,
minesweeper,GCN,2,512,3e-05,2,570,roc_auc,0.9029392500000001,0.8575999736785889,0.3007164001464844,0.9029392500000001,,,,,roc_auc,0.8915599999999999,0.8503999710083008,0.31795942783355713,0.8915599999999999,,,,,roc_auc,0.8957249999999999,0.8575999736785889,0.3120121359825134,0.8957249999999999,,,,
minesweeper,GCN,2,512,3e-05,3,1050,roc_auc,0.9155525,0.8605999946594238,0.28789085149765015,0.9155525,,,,,roc_auc,0.8819440000000001,0.8411999940872192,0.3411937952041626,0.8819440000000001,,,,,roc_auc,0.891216,0.8555999994277954,0.32625794410705566,0.891216,,,,
minesweeper,GCN,2,512,3e-05,4,820,roc_auc,0.9063198749999999,0.8560000061988831,0.3015250265598297,0.9063198749999999,,,,,roc_auc,0.8912249999999999,0.8555999994277954,0.32388240098953247,0.8912249999999999,,,,,roc_auc,0.895772,0.8555999994277954,0.3218730688095093,0.895772,,,,
minesweeper,GCN,2,512,3e-05,5,1520,roc_auc,0.9106157500000001,0.8641999959945679,0.2908349931240082,0.9106157500000001,,,,,roc_auc,0.8920680000000001,0.8503999710083008,0.3243204653263092,0.8920680000000001,,,,,roc_auc,0.903737,0.8539999723434448,0.30495545268058777,0.903737,,,,
minesweeper,GCN,2,512,3e-05,6,1820,roc_auc,0.90928575,0.8597999811172485,0.2941231429576874,0.90928575,,,,,roc_auc,0.916045,0.864799976348877,0.2836019694805145,0.916045,,,,,roc_auc,0.885437,0.8452000021934509,0.33262163400650024,0.885437,,,,
minesweeper,GCN,2,512,3e-05,7,1130,roc_auc,0.9059617499999999,0.8560000061988831,0.30120015144348145,0.9059617499999999,,,,,roc_auc,0.8905940000000001,0.8543999791145325,0.32395046949386597,0.8905940000000001,,,,,roc_auc,0.893604,0.8455999493598938,0.32748842239379883,0.893604,,,,
minesweeper,GCN,2,512,3e-05,8,550,roc_auc,0.8968535,0.8527999520301819,0.30685871839523315,0.8968535,,,,,roc_auc,0.899658,0.8611999750137329,0.30554962158203125,0.899658,,,,,roc_auc,0.897691,0.852400004863739,0.30960211157798767,0.897691,,,,
minesweeper,GCN,2,512,3e-05,9,430,roc_auc,0.8952952499999999,0.854200005531311,0.3149593770503998,0.8952952499999999,,,,,roc_auc,0.884614,0.847599983215332,0.3302883207798004,0.884614,,,,,roc_auc,0.9001909999999999,0.8575999736785889,0.3084983229637146,0.9001909999999999,,,,
minesweeper,GCN,3,512,3e-05,0,800,roc_auc,0.9140787499999999,0.8655999898910522,0.28751036524772644,0.9140787499999999,,,,,roc_auc,0.8753759999999999,0.8348000049591064,0.34786421060562134,0.8753759999999999,,,,,roc_auc,0.8937970000000001,0.8543999791145325,0.3233623504638672,0.8937970000000001,,,,
minesweeper,GCN,3,512,3e-05,1,1230,roc_auc,0.91707525,0.8649999499320984,0.2844557464122772,0.91707525,,,,,roc_auc,0.8977090000000001,0.8575999736785889,0.321150004863739,0.8977090000000001,,,,,roc_auc,0.889069,0.8379999995231628,0.3383912146091461,0.889069,,,,
minesweeper,GCN,3,512,3e-05,2,740,roc_auc,0.9075377499999999,0.8587999939918518,0.29545870423316956,0.9075377499999999,,,,,roc_auc,0.890488,0.840399980545044,0.3250103294849396,0.890488,,,,,roc_auc,0.8943019999999999,0.8515999913215637,0.31726059317588806,0.8943019999999999,,,,
minesweeper,GCN,3,512,3e-05,3,1080,roc_auc,0.9225348750000001,0.8671999573707581,0.2792597711086273,0.9225348750000001,,,,,roc_auc,0.8842819999999999,0.8431999683380127,0.34700459241867065,0.8842819999999999,,,,,roc_auc,0.889942,0.8511999845504761,0.33770158886909485,0.889942,,,,
minesweeper,GCN,3,512,3e-05,4,880,roc_auc,0.9097872499999998,0.8549999594688416,0.2959796190261841,0.9097872499999998,,,,,roc_auc,0.883129,0.842799961566925,0.34049639105796814,0.883129,,,,,roc_auc,0.8865360000000001,0.840399980545044,0.3427184820175171,0.8865360000000001,,,,
minesweeper,GCN,3,512,3e-05,5,950,roc_auc,0.9087485000000001,0.858199954032898,0.29480332136154175,0.9087485000000001,,,,,roc_auc,0.8869019999999999,0.8483999967575073,0.3365788161754608,0.8869019999999999,,,,,roc_auc,0.902379,0.8583999872207642,0.31002840399742126,0.902379,,,,
minesweeper,GCN,3,512,3e-05,6,830,roc_auc,0.90288,0.8549999594688416,0.30523481965065,0.90288,,,,,roc_auc,0.909842,0.85999995470047,0.2935043275356293,0.909842,,,,,roc_auc,0.8887860000000001,0.8452000021934509,0.3264244496822357,0.8887860000000001,,,,
minesweeper,GCN,3,512,3e-05,7,980,roc_auc,0.9156987500000001,0.8621999621391296,0.29583221673965454,0.9156987500000001,,,,,roc_auc,0.8873630000000001,0.847599983215332,0.3428380787372589,0.8873630000000001,,,,,roc_auc,0.889432,0.8371999859809875,0.34903913736343384,0.889432,,,,
minesweeper,GCN,3,512,3e-05,8,1180,roc_auc,0.9092319999999999,0.8596000075340271,0.29398930072784424,0.9092319999999999,,,,,roc_auc,0.8977310000000001,0.8503999710083008,0.3098387122154236,0.8977310000000001,,,,,roc_auc,0.891845,0.840399980545044,0.3286692798137665,0.891845,,,,
minesweeper,GCN,3,512,3e-05,9,680,roc_auc,0.9024392499999999,0.8563999533653259,0.30823472142219543,0.9024392499999999,,,,,roc_auc,0.8819120000000001,0.8367999792098999,0.34106072783470154,0.8819120000000001,,,,,roc_auc,0.895999,0.847599983215332,0.3189951777458191,0.895999,,,,
minesweeper,GCN,4,512,3e-05,0,620,roc_auc,0.9205647499999998,0.8745999932289124,0.27338433265686035,0.9205647499999998,,,,,roc_auc,0.879692,0.8384000062942505,0.3407289683818817,0.879692,,,,,roc_auc,0.897324,0.8535999655723572,0.3160859942436218,0.897324,,,,
minesweeper,GCN,4,512,3e-05,1,720,roc_auc,0.9176765,0.8725999593734741,0.27844953536987305,0.9176765,,,,,roc_auc,0.9081359999999999,0.8567999601364136,0.2954958379268646,0.9081359999999999,,,,,roc_auc,0.898969,0.847599983215332,0.3076687157154083,0.898969,,,,
minesweeper,GCN,4,512,3e-05,2,410,roc_auc,0.9078399999999999,0.8578000068664551,0.29433247447013855,0.9078399999999999,,,,,roc_auc,0.888628,0.8387999534606934,0.3240390419960022,0.888628,,,,,roc_auc,0.8947189999999999,0.8563999533653259,0.31126853823661804,0.8947189999999999,,,,
minesweeper,GCN,4,512,3e-05,3,380,roc_auc,0.9200515,0.8615999817848206,0.2832382619380951,0.9200515,,,,,roc_auc,0.8854569999999999,0.8423999547958374,0.33413514494895935,0.8854569999999999,,,,,roc_auc,0.8918380000000001,0.8479999899864197,0.32674965262413025,0.8918380000000001,,,,
minesweeper,GCN,4,512,3e-05,4,580,roc_auc,0.9186612500000001,0.8655999898910522,0.2794646918773651,0.9186612500000001,,,,,roc_auc,0.8916890000000001,0.8471999764442444,0.3201623260974884,0.8916890000000001,,,,,roc_auc,0.8937729999999999,0.8483999967575073,0.3234327733516693,0.8937729999999999,,,,
minesweeper,GCN,4,512,3e-05,5,310,roc_auc,0.90017825,0.8565999865531921,0.30358201265335083,0.90017825,,,,,roc_auc,0.886145,0.8411999940872192,0.32332029938697815,0.886145,,,,,roc_auc,0.9017469999999999,0.8563999533653259,0.30282700061798096,0.9017469999999999,,,,
minesweeper,GCN,4,512,3e-05,7,360,roc_auc,0.905496,0.8551999926567078,0.3012205958366394,0.905496,,,,,roc_auc,0.8850699999999999,0.8423999547958374,0.3295329511165619,0.8850699999999999,,,,,roc_auc,0.886574,0.8459999561309814,0.3321457505226135,0.886574,,,,
minesweeper,GCN,4,512,3e-05,6,620,roc_auc,0.9103534999999999,0.8625999689102173,0.28873175382614136,0.9103534999999999,,,,,roc_auc,0.911871,0.8571999669075012,0.2873162627220154,0.911871,,,,,roc_auc,0.890157,0.8431999683380127,0.3204330503940582,0.890157,,,,
minesweeper,GCN,4,512,3e-05,9,410,roc_auc,0.9088645000000001,0.8491999506950378,0.31711938977241516,0.9088645000000001,,,,,roc_auc,0.8862909999999999,0.8363999724388123,0.3476266860961914,0.8862909999999999,,,,,roc_auc,0.9006860000000001,0.843999981880188,0.327332079410553,0.9006860000000001,,,,
minesweeper,GCN,4,512,3e-05,8,740,roc_auc,0.91074425,0.8623999953269958,0.28648391366004944,0.91074425,,,,,roc_auc,0.900607,0.8571999669075012,0.3032284080982208,0.900607,,,,,roc_auc,0.904281,0.8511999845504761,0.29987049102783203,0.904281,,,,
minesweeper,GCN,5,512,3e-05,0,530,roc_auc,0.919463,0.8709999918937683,0.2757576107978821,0.919463,,,,,roc_auc,0.8758100000000001,0.8339999914169312,0.34201982617378235,0.8758100000000001,,,,,roc_auc,0.896074,0.8519999980926514,0.31708914041519165,0.896074,,,,
minesweeper,GCN,5,512,3e-05,1,830,roc_auc,0.9234805000000001,0.8739999532699585,0.2690834105014801,0.9234805000000001,,,,,roc_auc,0.907536,0.8567999601364136,0.29614076018333435,0.907536,,,,,roc_auc,0.899821,0.8535999655723572,0.30668917298316956,0.899821,,,,
minesweeper,GCN,5,512,3e-05,3,540,roc_auc,0.92228475,0.8682000041007996,0.27307185530662537,0.92228475,,,,,roc_auc,0.884758,0.8416000008583069,0.33347222208976746,0.884758,,,,,roc_auc,0.8893570000000001,0.8515999913215637,0.3255392611026764,0.8893570000000001,,,,
minesweeper,GCN,5,512,3e-05,2,900,roc_auc,0.9235135000000001,0.8733999729156494,0.2688482701778412,0.9235135000000001,,,,,roc_auc,0.8886160000000001,0.840399980545044,0.32700467109680176,0.8886160000000001,,,,,roc_auc,0.89392,0.8547999858856201,0.3137788474559784,0.89392,,,,
minesweeper,GCN,5,512,3e-05,5,310,roc_auc,0.9014212500000001,0.8603999614715576,0.30220404267311096,0.9014212500000001,,,,,roc_auc,0.886066,0.842799961566925,0.3234030306339264,0.886066,,,,,roc_auc,0.8997740000000001,0.8539999723434448,0.3054168224334717,0.8997740000000001,,,,
minesweeper,GCN,5,512,3e-05,4,460,roc_auc,0.9177814999999999,0.864799976348877,0.28117403388023376,0.9177814999999999,,,,,roc_auc,0.891651,0.8495999574661255,0.32014939188957214,0.891651,,,,,roc_auc,0.892605,0.8435999751091003,0.32643628120422363,0.892605,,,,
minesweeper,GCN,5,512,3e-05,6,350,roc_auc,0.8964482500000001,0.8521999716758728,0.3086034953594208,0.8964482500000001,,,,,roc_auc,0.904305,0.8527999520301819,0.2986457049846649,0.904305,,,,,roc_auc,0.8822159999999999,0.8387999534606934,0.33053475618362427,0.8822159999999999,,,,
minesweeper,GCN,5,512,3e-05,7,380,roc_auc,0.9059425,0.8539999723434448,0.3007454574108124,0.9059425,,,,,roc_auc,0.8845209999999999,0.8452000021934509,0.32848504185676575,0.8845209999999999,,,,,roc_auc,0.8865970000000001,0.8471999764442444,0.33187738060951233,0.8865970000000001,,,,
minesweeper,GCN,5,512,3e-05,9,550,roc_auc,0.9152985,0.8651999831199646,0.283662348985672,0.9152985,,,,,roc_auc,0.884352,0.8363999724388123,0.32885438203811646,0.884352,,,,,roc_auc,0.899452,0.8463999629020691,0.30883514881134033,0.899452,,,,
minesweeper,GCN,5,512,3e-05,8,770,roc_auc,0.9173285,0.8643999695777893,0.2836185395717621,0.9173285,,,,,roc_auc,0.9036360000000001,0.8543999791145325,0.306600958108902,0.9036360000000001,,,,,roc_auc,0.9034829999999999,0.8543999791145325,0.30763182044029236,0.9034829999999999,,,,
minesweeper,SAGE,1,512,3e-05,0,630,roc_auc,0.8979811249999999,0.850600004196167,0.3047364056110382,0.8979811249999999,,,,,roc_auc,0.871407,0.8287999629974365,0.3442802131175995,0.871407,,,,,roc_auc,0.8754675000000001,0.8343999981880188,0.3376467227935791,0.8754675000000001,,,,
minesweeper,SAGE,1,512,3e-05,1,1080,roc_auc,0.884727,0.840999960899353,0.31530117988586426,0.884727,,,,,roc_auc,0.8840379999999999,0.842799961566925,0.3197574019432068,0.8840379999999999,,,,,roc_auc,0.89364,0.8420000076293945,0.30909985303878784,0.89364,,,,
minesweeper,SAGE,1,512,3e-05,2,970,roc_auc,0.892100875,0.8479999899864197,0.3127245008945465,0.892100875,,,,,roc_auc,0.8783685,0.8379999995231628,0.3304317891597748,0.8783685,,,,,roc_auc,0.8832625000000001,0.8420000076293945,0.32550203800201416,0.8832625000000001,,,,
minesweeper,SAGE,1,512,3e-05,3,670,roc_auc,0.8936275,0.8429999947547913,0.31507354974746704,0.8936275,,,,,roc_auc,0.8729775,0.8371999859809875,0.34496796131134033,0.8729775,,,,,roc_auc,0.8827705,0.8471999764442444,0.3284929096698761,0.8827705,,,,
minesweeper,SAGE,1,512,3e-05,4,960,roc_auc,0.889612625,0.8425999879837036,0.31375882029533386,0.889612625,,,,,roc_auc,0.8858655,0.8459999561309814,0.3170381486415863,0.8858655,,,,,roc_auc,0.8813895,0.8384000062942505,0.3246186375617981,0.8813895,,,,
minesweeper,SAGE,1,512,3e-05,5,730,roc_auc,0.889341875,0.8467999696731567,0.3180253505706787,0.889341875,,,,,roc_auc,0.8756535,0.8351999521255493,0.33662620186805725,0.8756535,,,,,roc_auc,0.8901345,0.843999981880188,0.3184919059276581,0.8901345,,,,
minesweeper,SAGE,1,512,3e-05,7,290,roc_auc,0.879907375,0.8384000062942505,0.33241143822669983,0.879907375,,,,,roc_auc,0.884895,0.8452000021934509,0.32373130321502686,0.884895,,,,,roc_auc,0.8950745,0.840399980545044,0.3202824294567108,0.8950745,,,,
minesweeper,SAGE,1,512,3e-05,6,1170,roc_auc,0.8861935,0.842199981212616,0.31506866216659546,0.8861935,,,,,roc_auc,0.899542,0.8503999710083008,0.29828038811683655,0.899542,,,,,roc_auc,0.8756349999999999,0.8359999656677246,0.3280600905418396,0.8756349999999999,,,,
minesweeper,SAGE,1,512,3e-05,9,530,roc_auc,0.885385125,0.842199981212616,0.3217475116252899,0.885385125,,,,,roc_auc,0.8792485,0.8379999995231628,0.3288802206516266,0.8792485,,,,,roc_auc,0.8915395,0.8495999574661255,0.31436896324157715,0.8915395,,,,
minesweeper,SAGE,1,512,3e-05,8,1640,roc_auc,0.88361675,0.8438000082969666,0.31665194034576416,0.88361675,,,,,roc_auc,0.8835445,0.8435999751091003,0.3247002959251404,0.8835445,,,,,roc_auc,0.8970850000000001,0.8519999980926514,0.3084046244621277,0.8970850000000001,,,,
minesweeper,SAGE,2,512,3e-05,0,790,roc_auc,0.92217675,0.8533999919891357,0.2934458553791046,0.92217675,,,,,roc_auc,0.8942729999999999,0.8323999643325806,0.34399285912513733,0.8942729999999999,,,,,roc_auc,0.9049689999999999,0.8375999927520752,0.33284619450569153,0.9049689999999999,,,,
minesweeper,SAGE,2,512,3e-05,1,780,roc_auc,0.9119379999999999,0.8429999947547913,0.3057401180267334,0.9119379999999999,,,,,roc_auc,0.912983,0.8507999777793884,0.30820825695991516,0.912983,,,,,roc_auc,0.9062699999999999,0.8399999737739563,0.31927648186683655,0.9062699999999999,,,,
minesweeper,SAGE,2,512,3e-05,2,560,roc_auc,0.913534,0.8395999670028687,0.3146064281463623,0.913534,,,,,roc_auc,0.904028,0.8312000036239624,0.33375194668769836,0.904028,,,,,roc_auc,0.909152,0.8407999873161316,0.31687575578689575,0.909152,,,,
minesweeper,SAGE,2,512,3e-05,3,540,roc_auc,0.91916775,0.8485999703407288,0.2987956404685974,0.91916775,,,,,roc_auc,0.900484,0.8327999711036682,0.3374018371105194,0.900484,,,,,roc_auc,0.902329,0.8387999534606934,0.3280097544193268,0.902329,,,,
minesweeper,SAGE,2,512,3e-05,4,940,roc_auc,0.91694775,0.8525999784469604,0.29624703526496887,0.91694775,,,,,roc_auc,0.9071394999999999,0.8499999642372131,0.3108081817626953,0.9071394999999999,,,,,roc_auc,0.905895,0.8459999561309814,0.31713154911994934,0.905895,,,,
minesweeper,SAGE,2,512,3e-05,5,770,roc_auc,0.91529575,0.854200005531311,0.30246371030807495,0.91529575,,,,,roc_auc,0.898401,0.8399999737739563,0.33014869689941406,0.898401,,,,,roc_auc,0.9137660000000001,0.843999981880188,0.30042919516563416,0.9137660000000001,,,,
minesweeper,SAGE,2,512,3e-05,7,290,roc_auc,0.9106015,0.8317999839782715,0.3292955458164215,0.9106015,,,,,roc_auc,0.9061549999999999,0.8343999981880188,0.3434835970401764,0.9061549999999999,,,,,roc_auc,0.909268,0.8443999886512756,0.32318606972694397,0.909268,,,,
minesweeper,SAGE,2,512,3e-05,6,870,roc_auc,0.9112034999999999,0.8335999846458435,0.3178536891937256,0.9112034999999999,,,,,roc_auc,0.922639,0.8507999777793884,0.29826828837394714,0.922639,,,,,roc_auc,0.900294,0.8312000036239624,0.3378565311431885,0.900294,,,,
minesweeper,SAGE,2,512,3e-05,8,820,roc_auc,0.90992875,0.8519999980926514,0.3046272099018097,0.90992875,,,,,roc_auc,0.911882,0.8579999804496765,0.3029710352420807,0.911882,,,,,roc_auc,0.913199,0.8547999858856201,0.2989683747291565,0.913199,,,,
minesweeper,SAGE,2,512,3e-05,9,690,roc_auc,0.9112327499999999,0.8471999764442444,0.3088897466659546,0.9112327499999999,,,,,roc_auc,0.9006959999999999,0.8375999927520752,0.32547277212142944,0.9006959999999999,,,,,roc_auc,0.918907,0.8579999804496765,0.2981584370136261,0.918907,,,,
minesweeper,SAGE,3,512,3e-05,0,820,roc_auc,0.9413922499999998,0.8865999579429626,0.24520091712474823,0.9413922499999998,,,,,roc_auc,0.910646,0.8527999520301819,0.30900028347969055,0.910646,,,,,roc_auc,0.922026,0.8723999857902527,0.28743115067481995,0.922026,,,,
minesweeper,SAGE,3,512,3e-05,1,850,roc_auc,0.9287960000000001,0.8621999621391296,0.2859918177127838,0.9287960000000001,,,,,roc_auc,0.922028,0.8539999723434448,0.3000454902648926,0.922028,,,,,roc_auc,0.9208040000000001,0.8519999980926514,0.30149930715560913,0.9208040000000001,,,,
minesweeper,SAGE,3,512,3e-05,3,720,roc_auc,0.9361695000000001,0.8589999675750732,0.2962775230407715,0.9361695000000001,,,,,roc_auc,0.9168959999999999,0.8363999724388123,0.3428400754928589,0.9168959999999999,,,,,roc_auc,0.9149219999999999,0.8387999534606934,0.33187249302864075,0.9149219999999999,,,,
minesweeper,SAGE,3,512,3e-05,2,1110,roc_auc,0.9354714999999999,0.8783999681472778,0.2611793279647827,0.9354714999999999,,,,,roc_auc,0.923349,0.8623999953269958,0.29289817810058594,0.923349,,,,,roc_auc,0.9200689999999999,0.8667999505996704,0.29187652468681335,0.9200689999999999,,,,
minesweeper,SAGE,3,512,3e-05,4,650,roc_auc,0.93299475,0.873199999332428,0.27259624004364014,0.93299475,,,,,roc_auc,0.9196719999999999,0.8596000075340271,0.2940833568572998,0.9196719999999999,,,,,roc_auc,0.91667,0.8560000061988831,0.30700963735580444,0.91667,,,,
minesweeper,SAGE,3,512,3e-05,5,680,roc_auc,0.9321655,0.8793999552726746,0.2634431719779968,0.9321655,,,,,roc_auc,0.9175979999999999,0.8628000020980835,0.2899262309074402,0.9175979999999999,,,,,roc_auc,0.9278989999999999,0.871999979019165,0.2684823274612427,0.9278989999999999,,,,
minesweeper,SAGE,3,512,3e-05,6,660,roc_auc,0.92627525,0.8629999756813049,0.2862200140953064,0.92627525,,,,,roc_auc,0.9306559999999999,0.8583999872207642,0.27444222569465637,0.9306559999999999,,,,,roc_auc,0.9123549999999999,0.8467999696731567,0.310491681098938,0.9123549999999999,,,,
minesweeper,SAGE,3,512,3e-05,7,1030,roc_auc,0.935229,0.8823999762535095,0.2594592273235321,0.935229,,,,,roc_auc,0.922005,0.8592000007629395,0.29193994402885437,0.922005,,,,,roc_auc,0.921041,0.8643999695777893,0.28700029850006104,0.921041,,,,
minesweeper,SAGE,3,512,3e-05,8,700,roc_auc,0.9319230000000001,0.8783999681472778,0.2612958550453186,0.9319230000000001,,,,,roc_auc,0.919318,0.8664000034332275,0.2900705635547638,0.919318,,,,,roc_auc,0.9195309999999999,0.8628000020980835,0.2868663966655731,0.9195309999999999,,,,
minesweeper,SAGE,3,512,3e-05,9,700,roc_auc,0.93045975,0.8705999851226807,0.26708853244781494,0.93045975,,,,,roc_auc,0.9145939999999999,0.8651999831199646,0.29866230487823486,0.9145939999999999,,,,,roc_auc,0.9274509999999999,0.8763999938964844,0.2756849527359009,0.9274509999999999,,,,
minesweeper,SAGE,4,512,3e-05,0,880,roc_auc,0.95919225,0.9093999862670898,0.203691765666008,0.95919225,,,,,roc_auc,0.926346,0.8739999532699585,0.28221815824508667,0.926346,,,,,roc_auc,0.9394049999999998,0.892799973487854,0.2519877254962921,0.9394049999999998,,,,
minesweeper,SAGE,4,512,3e-05,1,870,roc_auc,0.9470390000000001,0.8869999647140503,0.2432936429977417,0.9470390000000001,,,,,roc_auc,0.9382389999999999,0.876800000667572,0.2625228464603424,0.9382389999999999,,,,,roc_auc,0.940027,0.8791999816894531,0.2595106363296509,0.940027,,,,
minesweeper,SAGE,4,512,3e-05,2,860,roc_auc,0.9532629999999999,0.9031999707221985,0.21318568289279938,0.9532629999999999,,,,,roc_auc,0.9354110000000001,0.8859999775886536,0.25528207421302795,0.9354110000000001,,,,,roc_auc,0.9409319999999999,0.8859999775886536,0.24099691212177277,0.9409319999999999,,,,
minesweeper,SAGE,4,512,3e-05,3,920,roc_auc,0.9608345,0.9061999917030334,0.20281638205051422,0.9608345,,,,,roc_auc,0.9314369999999998,0.8815999627113342,0.28278064727783203,0.9314369999999998,,,,,roc_auc,0.9276599999999999,0.8795999884605408,0.2772122919559479,0.9276599999999999,,,,
minesweeper,SAGE,4,512,3e-05,4,1020,roc_auc,0.9557734999999998,0.8971999883651733,0.21913500130176544,0.9557734999999998,,,,,roc_auc,0.936669,0.8840000033378601,0.26353710889816284,0.936669,,,,,roc_auc,0.931227,0.8743999600410461,0.278089702129364,0.931227,,,,
minesweeper,SAGE,4,512,3e-05,5,890,roc_auc,0.955954,0.8981999754905701,0.2194085419178009,0.955954,,,,,roc_auc,0.9241309999999999,0.8739999532699585,0.2946712374687195,0.9241309999999999,,,,,roc_auc,0.9363870000000001,0.871999979019165,0.2678247094154358,0.9363870000000001,,,,
minesweeper,SAGE,4,512,3e-05,6,1020,roc_auc,0.95533625,0.9045999646186829,0.21028049290180206,0.95533625,,,,,roc_auc,0.9391809999999999,0.887999951839447,0.25248438119888306,0.9391809999999999,,,,,roc_auc,0.9242589999999999,0.8739999532699585,0.2873993217945099,0.9242589999999999,,,,
minesweeper,SAGE,4,512,3e-05,7,1100,roc_auc,0.95574675,0.9065999984741211,0.2078530490398407,0.95574675,,,,,roc_auc,0.9380109999999999,0.8840000033378601,0.2527250051498413,0.9380109999999999,,,,,roc_auc,0.939935,0.8835999965667725,0.2500372529029846,0.939935,,,,
minesweeper,SAGE,4,512,3e-05,8,850,roc_auc,0.9527634999999999,0.9013999700546265,0.21765008568763733,0.9527634999999999,,,,,roc_auc,0.935927,0.8863999843597412,0.25913816690444946,0.935927,,,,,roc_auc,0.9336869999999999,0.8847999572753906,0.2683088779449463,0.9336869999999999,,,,
minesweeper,SAGE,4,512,3e-05,9,890,roc_auc,0.9529249999999999,0.8995999693870544,0.21988940238952637,0.9529249999999999,,,,,roc_auc,0.9306660000000001,0.8791999816894531,0.2742155194282532,0.9306660000000001,,,,,roc_auc,0.9385820000000001,0.8919999599456787,0.25717777013778687,0.9385820000000001,,,,
minesweeper,SAGE,5,512,3e-05,0,700,roc_auc,0.9595925,0.9088000059127808,0.20575425028800964,0.9595925,,,,,roc_auc,0.927684,0.8664000034332275,0.28531184792518616,0.927684,,,,,roc_auc,0.9420660000000001,0.8863999843597412,0.250180721282959,0.9420660000000001,,,,
minesweeper,SAGE,5,512,3e-05,1,840,roc_auc,0.95247675,0.8971999883651733,0.222787544131279,0.95247675,,,,,roc_auc,0.940926,0.8863999843597412,0.2508765459060669,0.940926,,,,,roc_auc,0.9422040000000002,0.8787999749183655,0.24956707656383514,0.9422040000000002,,,,
minesweeper,SAGE,5,512,3e-05,2,660,roc_auc,0.9496270000000001,0.8965999484062195,0.22410374879837036,0.9496270000000001,,,,,roc_auc,0.93719,0.8876000046730042,0.2534036934375763,0.93719,,,,,roc_auc,0.941347,0.8863999843597412,0.2434568852186203,0.941347,,,,
minesweeper,SAGE,5,512,3e-05,3,760,roc_auc,0.9622277499999999,0.9059999585151672,0.20470558106899261,0.9622277499999999,,,,,roc_auc,0.936014,0.8775999546051025,0.2823829650878906,0.936014,,,,,roc_auc,0.931058,0.8815999627113342,0.27583763003349304,0.931058,,,,
minesweeper,SAGE,5,512,3e-05,4,960,roc_auc,0.9604595,0.9045999646186829,0.2023862600326538,0.9604595,,,,,roc_auc,0.9389409999999999,0.8899999856948853,0.25543925166130066,0.9389409999999999,,,,,roc_auc,0.9360850000000001,0.8791999816894531,0.26535141468048096,0.9360850000000001,,,,
minesweeper,SAGE,5,512,3e-05,5,730,roc_auc,0.9601567500000001,0.9073999524116516,0.20871080458164215,0.9601567500000001,,,,,roc_auc,0.928134,0.8751999735832214,0.28537049889564514,0.928134,,,,,roc_auc,0.93684,0.8799999952316284,0.26664307713508606,0.93684,,,,
minesweeper,SAGE,5,512,3e-05,6,1050,roc_auc,0.96353125,0.9159999489784241,0.19279207289218903,0.96353125,,,,,roc_auc,0.942324,0.8895999789237976,0.2558518946170807,0.942324,,,,,roc_auc,0.92476,0.8687999844551086,0.30304303765296936,0.92476,,,,
minesweeper,SAGE,5,512,3e-05,7,870,roc_auc,0.95479175,0.9052000045776367,0.2132532000541687,0.95479175,,,,,roc_auc,0.9399190000000001,0.8895999789237976,0.25373223423957825,0.9399190000000001,,,,,roc_auc,0.9425569999999999,0.8855999708175659,0.2438635230064392,0.9425569999999999,,,,
minesweeper,SAGE,5,512,3e-05,8,840,roc_auc,0.95676775,0.9052000045776367,0.20620468258857727,0.95676775,,,,,roc_auc,0.93842,0.8863999843597412,0.25516214966773987,0.93842,,,,,roc_auc,0.936663,0.8867999911308289,0.2648870646953583,0.936663,,,,
minesweeper,SAGE,5,512,3e-05,9,830,roc_auc,0.9593335,0.9071999788284302,0.20280654728412628,0.9593335,,,,,roc_auc,0.9336909999999999,0.8799999952316284,0.2696220278739929,0.9336909999999999,,,,,roc_auc,0.938842,0.8915999531745911,0.254789263010025,0.938842,,,,
minesweeper,GAT,1,512,3e-05,0,1230,roc_auc,0.896847125,0.8517999649047852,0.30306318402290344,0.896847125,,,,,roc_auc,0.872292,0.8279999494552612,0.3387383222579956,0.872292,,,,,roc_auc,0.8746405,0.8379999995231628,0.3345768451690674,0.8746405,,,,
minesweeper,GAT,1,512,3e-05,1,1070,roc_auc,0.885608125,0.8435999751091003,0.3168726861476898,0.885608125,,,,,roc_auc,0.879064,0.8384000062942505,0.32985538244247437,0.879064,,,,,roc_auc,0.890406,0.8387999534606934,0.3166576325893402,0.890406,,,,
minesweeper,GAT,1,512,3e-05,2,940,roc_auc,0.890980625,0.8467999696731567,0.31019970774650574,0.890980625,,,,,roc_auc,0.8730505,0.8279999494552612,0.3337729275226593,0.8730505,,,,,roc_auc,0.8798219999999999,0.8384000062942505,0.32625114917755127,0.8798219999999999,,,,
minesweeper,GAT,1,512,3e-05,3,640,roc_auc,0.8920745,0.8449999690055847,0.3088691532611847,0.8920745,,,,,roc_auc,0.8641885,0.8219999670982361,0.34889325499534607,0.8641885,,,,,roc_auc,0.8750724999999999,0.8263999819755554,0.3326055705547333,0.8750724999999999,,,,
minesweeper,GAT,1,512,3e-05,4,1200,roc_auc,0.8893481249999999,0.8423999547958374,0.3120323121547699,0.8893481249999999,,,,,roc_auc,0.8828405,0.847599983215332,0.3204616606235504,0.8828405,,,,,roc_auc,0.8797550000000001,0.8387999534606934,0.32588574290275574,0.8797550000000001,,,,
minesweeper,GAT,1,512,3e-05,5,630,roc_auc,0.886945125,0.842799961566925,0.3149392008781433,0.886945125,,,,,roc_auc,0.8745580000000001,0.8299999833106995,0.3281327188014984,0.8745580000000001,,,,,roc_auc,0.8870055,0.8420000076293945,0.3141986131668091,0.8870055,,,,
minesweeper,GAT,1,512,3e-05,6,880,roc_auc,0.8853131249999999,0.8416000008583069,0.3157978355884552,0.8853131249999999,,,,,roc_auc,0.89621,0.8471999764442444,0.3044033348560333,0.89621,,,,,roc_auc,0.870699,0.8299999833106995,0.3343280553817749,0.870699,,,,
minesweeper,GAT,1,512,3e-05,7,940,roc_auc,0.882051375,0.8398000001907349,0.3197585642337799,0.882051375,,,,,roc_auc,0.87822,0.8384000062942505,0.3272182047367096,0.87822,,,,,roc_auc,0.889372,0.843999981880188,0.3170715272426605,0.889372,,,,
minesweeper,GAT,1,512,3e-05,8,930,roc_auc,0.8811663750000001,0.8438000082969666,0.31896746158599854,0.8811663750000001,,,,,roc_auc,0.8778759999999999,0.8416000008583069,0.32869046926498413,0.8778759999999999,,,,,roc_auc,0.8939035000000001,0.8443999886512756,0.31224820017814636,0.8939035000000001,,,,
minesweeper,GAT,1,512,3e-05,9,830,roc_auc,0.885199375,0.842199981212616,0.31774479150772095,0.885199375,,,,,roc_auc,0.8765099999999999,0.8312000036239624,0.327152281999588,0.8765099999999999,,,,,roc_auc,0.891699,0.852400004863739,0.31073644757270813,0.891699,,,,
minesweeper,GAT,2,512,3e-05,0,400,roc_auc,0.92044075,0.8697999715805054,0.2737821936607361,0.92044075,,,,,roc_auc,0.889792,0.8416000008583069,0.32835671305656433,0.889792,,,,,roc_auc,0.8990689999999999,0.8575999736785889,0.31785014271736145,0.8990689999999999,,,,
minesweeper,GAT,2,512,3e-05,1,360,roc_auc,0.9130857499999999,0.8611999750137329,0.2873786687850952,0.9130857499999999,,,,,roc_auc,0.9051360000000002,0.8631999492645264,0.29870834946632385,0.9051360000000002,,,,,roc_auc,0.8967670000000001,0.8483999967575073,0.31226298213005066,0.8967670000000001,,,,
minesweeper,GAT,2,512,3e-05,2,660,roc_auc,0.9172835,0.8657999634742737,0.2799144983291626,0.9172835,,,,,roc_auc,0.8948969999999999,0.8452000021934509,0.32157161831855774,0.8948969999999999,,,,,roc_auc,0.903733,0.8583999872207642,0.3052740693092346,0.903733,,,,
minesweeper,GAT,2,512,3e-05,3,700,roc_auc,0.9225435000000001,0.871999979019165,0.270450621843338,0.9225435000000001,,,,,roc_auc,0.892148,0.847599983215332,0.32222720980644226,0.892148,,,,,roc_auc,0.8979520000000001,0.8539999723434448,0.31255918741226196,0.8979520000000001,,,,
minesweeper,GAT,2,512,3e-05,4,610,roc_auc,0.918152,0.863599956035614,0.2766733169555664,0.918152,,,,,roc_auc,0.90392,0.8555999994277954,0.3030164837837219,0.90392,,,,,roc_auc,0.9004930000000001,0.8479999899864197,0.3116329610347748,0.9004930000000001,,,,
minesweeper,GAT,2,512,3e-05,5,580,roc_auc,0.9160894999999999,0.8687999844551086,0.28254014253616333,0.9160894999999999,,,,,roc_auc,0.895706,0.8499999642372131,0.3187021017074585,0.895706,,,,,roc_auc,0.91018,0.848800003528595,0.29326581954956055,0.91018,,,,
minesweeper,GAT,2,512,3e-05,6,470,roc_auc,0.9107280000000001,0.8589999675750732,0.28872278332710266,0.9107280000000001,,,,,roc_auc,0.92067,0.8671999573707581,0.2735386788845062,0.92067,,,,,roc_auc,0.896704,0.8452000021934509,0.3126259446144104,0.896704,,,,
minesweeper,GAT,2,512,3e-05,7,510,roc_auc,0.917149,0.8689999580383301,0.27856987714767456,0.917149,,,,,roc_auc,0.8991530000000001,0.8443999886512756,0.31307992339134216,0.8991530000000001,,,,,roc_auc,0.902237,0.8592000007629395,0.30971792340278625,0.902237,,,,
minesweeper,GAT,2,512,3e-05,8,780,roc_auc,0.9147110000000002,0.8639999628067017,0.2808062732219696,0.9147110000000002,,,,,roc_auc,0.908364,0.863599956035614,0.2957378327846527,0.908364,,,,,roc_auc,0.9058959999999999,0.8543999791145325,0.298507422208786,0.9058959999999999,,,,
minesweeper,GAT,2,512,3e-05,9,490,roc_auc,0.9140337500000001,0.8610000014305115,0.28532132506370544,0.9140337500000001,,,,,roc_auc,0.8949410000000001,0.8423999547958374,0.3178749084472656,0.8949410000000001,,,,,roc_auc,0.915287,0.8659999966621399,0.28535333275794983,0.915287,,,,
minesweeper,GAT,3,512,3e-05,0,590,roc_auc,0.9432372499999999,0.8899999856948853,0.23917482793331146,0.9432372499999999,,,,,roc_auc,0.903595,0.8531999588012695,0.3122095465660095,0.903595,,,,,roc_auc,0.915174,0.868399977684021,0.2902449071407318,0.915174,,,,
minesweeper,GAT,3,512,3e-05,1,690,roc_auc,0.9439075,0.8831999897956848,0.2470826804637909,0.9439075,,,,,roc_auc,0.907489,0.8579999804496765,0.3178081810474396,0.907489,,,,,roc_auc,0.901899,0.8587999939918518,0.3265836834907532,0.901899,,,,
minesweeper,GAT,3,512,3e-05,3,480,roc_auc,0.9351165,0.8791999816894531,0.25848349928855896,0.9351165,,,,,roc_auc,0.903658,0.8567999601364136,0.3113725483417511,0.903658,,,,,roc_auc,0.9097590000000001,0.8596000075340271,0.3013710379600525,0.9097590000000001,,,,
minesweeper,GAT,3,512,3e-05,2,680,roc_auc,0.9371937499999999,0.8849999904632568,0.2508290708065033,0.9371937499999999,,,,,roc_auc,0.9132089999999999,0.8639999628067017,0.2961817681789398,0.9132089999999999,,,,,roc_auc,0.9127649999999999,0.864799976348877,0.2967672049999237,0.9127649999999999,,,,
minesweeper,GAT,3,512,3e-05,4,680,roc_auc,0.94127625,0.8883999586105347,0.2393907904624939,0.94127625,,,,,roc_auc,0.9091530000000001,0.8611999750137329,0.3029153347015381,0.9091530000000001,,,,,roc_auc,0.9133230000000001,0.8675999641418457,0.2952745258808136,0.9133230000000001,,,,
minesweeper,GAT,3,512,3e-05,5,600,roc_auc,0.9391954999999998,0.8849999904632568,0.24766293168067932,0.9391954999999998,,,,,roc_auc,0.9127770000000001,0.8623999953269958,0.29902881383895874,0.9127770000000001,,,,,roc_auc,0.9183619999999999,0.8675999641418457,0.2890791893005371,0.9183619999999999,,,,
minesweeper,GAT,3,512,3e-05,6,450,roc_auc,0.93167325,0.8822000026702881,0.25399354100227356,0.93167325,,,,,roc_auc,0.923357,0.8715999722480774,0.2695041298866272,0.923357,,,,,roc_auc,0.9051600000000001,0.852400004863739,0.29802221059799194,0.9051600000000001,,,,
minesweeper,GAT,3,512,3e-05,7,630,roc_auc,0.943029,0.887999951839447,0.24976986646652222,0.943029,,,,,roc_auc,0.909343,0.85999995470047,0.3113005757331848,0.909343,,,,,roc_auc,0.907284,0.8592000007629395,0.32946160435676575,0.907284,,,,
minesweeper,GAT,3,512,3e-05,8,510,roc_auc,0.935055,0.886199951171875,0.25438445806503296,0.935055,,,,,roc_auc,0.916738,0.873199999332428,0.287867933511734,0.916738,,,,,roc_auc,0.915186,0.8628000020980835,0.29414257407188416,0.915186,,,,
minesweeper,GAT,3,512,3e-05,9,590,roc_auc,0.939308,0.8847999572753906,0.25457265973091125,0.939308,,,,,roc_auc,0.90478,0.8623999953269958,0.32252588868141174,0.90478,,,,,roc_auc,0.924662,0.8775999546051025,0.2838706970214844,0.924662,,,,
minesweeper,GAT,4,512,3e-05,0,460,roc_auc,0.9527229999999999,0.8965999484062195,0.2208079993724823,0.9527229999999999,,,,,roc_auc,0.913352,0.8631999492645264,0.298197865486145,0.913352,,,,,roc_auc,0.919686,0.8755999803543091,0.2840290367603302,0.919686,,,,
minesweeper,GAT,4,512,3e-05,1,470,roc_auc,0.9491354999999999,0.8951999545097351,0.22901566326618195,0.9491354999999999,,,,,roc_auc,0.9162469999999999,0.8664000034332275,0.29207655787467957,0.9162469999999999,,,,,roc_auc,0.917905,0.8695999979972839,0.2871913015842438,0.917905,,,,
minesweeper,GAT,4,512,3e-05,2,480,roc_auc,0.9484472499999999,0.8925999999046326,0.23363839089870453,0.9484472499999999,,,,,roc_auc,0.9187390000000002,0.8664000034332275,0.28778958320617676,0.9187390000000002,,,,,roc_auc,0.92391,0.8755999803543091,0.278850257396698,0.92391,,,,
minesweeper,GAT,4,512,3e-05,3,450,roc_auc,0.9540322500000001,0.8953999876976013,0.22248083353042603,0.9540322500000001,,,,,roc_auc,0.9121940000000001,0.8623999953269958,0.30841678380966187,0.9121940000000001,,,,,roc_auc,0.917308,0.8667999505996704,0.3045560419559479,0.917308,,,,
minesweeper,GAT,4,512,3e-05,4,450,roc_auc,0.9511872499999999,0.8951999545097351,0.22157157957553864,0.9511872499999999,,,,,roc_auc,0.923454,0.8763999938964844,0.27972176671028137,0.923454,,,,,roc_auc,0.92577,0.8775999546051025,0.277005672454834,0.92577,,,,
minesweeper,GAT,4,512,3e-05,5,490,roc_auc,0.9514147500000001,0.8955999612808228,0.22870351374149323,0.9514147500000001,,,,,roc_auc,0.915665,0.8651999831199646,0.3013879656791687,0.915665,,,,,roc_auc,0.9230669999999999,0.8723999857902527,0.28760942816734314,0.9230669999999999,,,,
minesweeper,GAT,4,512,3e-05,6,600,roc_auc,0.956361,0.9039999842643738,0.20836764574050903,0.956361,,,,,roc_auc,0.931587,0.8755999803543091,0.25654470920562744,0.931587,,,,,roc_auc,0.907942,0.8596000075340271,0.30118802189826965,0.907942,,,,
minesweeper,GAT,4,512,3e-05,7,620,roc_auc,0.9598839999999998,0.9071999788284302,0.2122814953327179,0.9598839999999998,,,,,roc_auc,0.922273,0.8779999613761902,0.2915250062942505,0.922273,,,,,roc_auc,0.918827,0.8628000020980835,0.3127903342247009,0.918827,,,,
minesweeper,GAT,4,512,3e-05,8,390,roc_auc,0.9405025,0.889799952507019,0.24208925664424896,0.9405025,,,,,roc_auc,0.920015,0.8727999925613403,0.27793964743614197,0.920015,,,,,roc_auc,0.927086,0.8787999749183655,0.2678561210632324,0.927086,,,,
minesweeper,GAT,4,512,3e-05,9,640,roc_auc,0.9598487499999999,0.9049999713897705,0.21182049810886383,0.9598487499999999,,,,,roc_auc,0.913622,0.873199999332428,0.31359803676605225,0.913622,,,,,roc_auc,0.933257,0.8783999681472778,0.2722882628440857,0.933257,,,,
minesweeper,GAT,5,512,3e-05,0,440,roc_auc,0.9562355,0.9061999917030334,0.21036003530025482,0.9562355,,,,,roc_auc,0.914395,0.8587999939918518,0.2990604639053345,0.914395,,,,,roc_auc,0.922925,0.8723999857902527,0.2815794348716736,0.922925,,,,
minesweeper,GAT,5,512,3e-05,1,440,roc_auc,0.95501075,0.895799994468689,0.23103202879428864,0.95501075,,,,,roc_auc,0.920701,0.8679999709129333,0.30222830176353455,0.920701,,,,,roc_auc,0.9293329999999999,0.8707999587059021,0.28497451543807983,0.9293329999999999,,,,
minesweeper,GAT,5,512,3e-05,2,430,roc_auc,0.9449555,0.8865999579429626,0.2432897835969925,0.9449555,,,,,roc_auc,0.917094,0.8623999953269958,0.2923014461994171,0.917094,,,,,roc_auc,0.914575,0.8655999898910522,0.2946736812591553,0.914575,,,,
minesweeper,GAT,5,512,3e-05,3,590,roc_auc,0.9600829999999999,0.9097999930381775,0.20175369083881378,0.9600829999999999,,,,,roc_auc,0.913729,0.8651999831199646,0.3028440475463867,0.913729,,,,,roc_auc,0.9180689999999999,0.8679999709129333,0.29471731185913086,0.9180689999999999,,,,
minesweeper,GAT,5,512,3e-05,4,370,roc_auc,0.953457,0.8939999938011169,0.22751684486865997,0.953457,,,,,roc_auc,0.9230950000000001,0.8659999966621399,0.29157793521881104,0.9230950000000001,,,,,roc_auc,0.924445,0.8687999844551086,0.2882859408855438,0.924445,,,,
minesweeper,GAT,5,512,3e-05,5,440,roc_auc,0.9556156250000001,0.9017999768257141,0.2122243046760559,0.9556156250000001,,,,,roc_auc,0.9163540000000001,0.8687999844551086,0.29615482687950134,0.9163540000000001,,,,,roc_auc,0.923172,0.8747999668121338,0.2820565700531006,0.923172,,,,
minesweeper,GAT,5,512,3e-05,6,450,roc_auc,0.95326025,0.8998000025749207,0.21843084692955017,0.95326025,,,,,roc_auc,0.936324,0.8783999681472778,0.25210824608802795,0.936324,,,,,roc_auc,0.913965,0.8707999587059021,0.2885298430919647,0.913965,,,,
minesweeper,GAT,5,512,3e-05,7,590,roc_auc,0.96039225,0.9001999497413635,0.2190253883600235,0.96039225,,,,,roc_auc,0.926215,0.8772000074386597,0.2915297746658325,0.926215,,,,,roc_auc,0.9197360000000001,0.8623999953269958,0.3186485767364502,0.9197360000000001,,,,
minesweeper,GAT,5,512,3e-05,8,530,roc_auc,0.957879,0.9055999517440796,0.2106601446866989,0.957879,,,,,roc_auc,0.925258,0.8700000047683716,0.2834126949310303,0.925258,,,,,roc_auc,0.9283000000000001,0.8727999925613403,0.27585214376449585,0.9283000000000001,,,,
minesweeper,GAT-sep,1,512,3e-05,0,530,roc_auc,0.897181125,0.8511999845504761,0.30526894330978394,0.897181125,,,,,roc_auc,0.8725550000000001,0.8259999752044678,0.3427782654762268,0.8725550000000001,,,,,roc_auc,0.8764234999999999,0.8384000062942505,0.3372427523136139,0.8764234999999999,,,,
minesweeper,GAT,5,512,3e-05,9,560,roc_auc,0.955975,0.9023999571800232,0.21923644840717316,0.955975,,,,,roc_auc,0.915457,0.8715999722480774,0.3007953464984894,0.915457,,,,,roc_auc,0.930327,0.8807999491691589,0.27424418926239014,0.930327,,,,
minesweeper,GAT-sep,1,512,3e-05,1,1010,roc_auc,0.887068125,0.8445999622344971,0.3145157992839813,0.887068125,,,,,roc_auc,0.8810430000000001,0.8375999927520752,0.3271438777446747,0.8810430000000001,,,,,roc_auc,0.8920264999999999,0.8423999547958374,0.31267762184143066,0.8920264999999999,,,,
minesweeper,GAT-sep,1,512,3e-05,2,1050,roc_auc,0.8934437500000001,0.8461999893188477,0.30840224027633667,0.8934437500000001,,,,,roc_auc,0.8748079999999999,0.8335999846458435,0.33363720774650574,0.8748079999999999,,,,,roc_auc,0.881459,0.8407999873161316,0.3249202370643616,0.881459,,,,
minesweeper,GAT-sep,1,512,3e-05,3,810,roc_auc,0.8960535000000001,0.8463999629020691,0.3052215576171875,0.8960535000000001,,,,,roc_auc,0.8693,0.8299999833106995,0.34859687089920044,0.8693,,,,,roc_auc,0.8798109999999999,0.8416000008583069,0.33142754435539246,0.8798109999999999,,,,
minesweeper,GAT-sep,1,512,3e-05,4,860,roc_auc,0.8901806250000001,0.842199981212616,0.31320568919181824,0.8901806250000001,,,,,roc_auc,0.8861505,0.8459999561309814,0.31895920634269714,0.8861505,,,,,roc_auc,0.8794080000000001,0.8375999927520752,0.33017435669898987,0.8794080000000001,,,,
minesweeper,GAT-sep,1,512,3e-05,5,180,roc_auc,0.886657375,0.8435999751091003,0.31953030824661255,0.886657375,,,,,roc_auc,0.876356,0.8339999914169312,0.33365756273269653,0.876356,,,,,roc_auc,0.8874105,0.843999981880188,0.3177255690097809,0.8874105,,,,
minesweeper,GAT-sep,1,512,3e-05,7,220,roc_auc,0.880487125,0.8395999670028687,0.3263138234615326,0.880487125,,,,,roc_auc,0.8815599999999999,0.840399980545044,0.3245755434036255,0.8815599999999999,,,,,roc_auc,0.8912375,0.8455999493598938,0.31780099868774414,0.8912375,,,,
minesweeper,GAT-sep,1,512,3e-05,6,970,roc_auc,0.88728025,0.842199981212616,0.3150520920753479,0.88728025,,,,,roc_auc,0.8983965,0.8483999967575073,0.3015241324901581,0.8983965,,,,,roc_auc,0.875435,0.8323999643325806,0.33089104294776917,0.875435,,,,
minesweeper,GAT-sep,1,512,3e-05,9,410,roc_auc,0.8855335,0.842799961566925,0.3203113079071045,0.8855335,,,,,roc_auc,0.875243,0.8323999643325806,0.3341580629348755,0.875243,,,,,roc_auc,0.89157,0.8511999845504761,0.3126223683357239,0.89157,,,,
minesweeper,GAT-sep,1,512,3e-05,8,1180,roc_auc,0.88373675,0.8413999676704407,0.3163398802280426,0.88373675,,,,,roc_auc,0.883607,0.8416000008583069,0.32607144117355347,0.883607,,,,,roc_auc,0.8952415,0.852400004863739,0.30631282925605774,0.8952415,,,,
minesweeper,GAT-sep,2,512,3e-05,0,270,roc_auc,0.9181592499999999,0.8625999689102173,0.2917647361755371,0.9181592499999999,,,,,roc_auc,0.893519,0.8351999521255493,0.3448318541049957,0.893519,,,,,roc_auc,0.901897,0.8527999520301819,0.3344840109348297,0.901897,,,,
minesweeper,GAT-sep,2,512,3e-05,1,240,roc_auc,0.9120327500000001,0.8519999980926514,0.3031977415084839,0.9120327500000001,,,,,roc_auc,0.9068129999999999,0.8511999845504761,0.3132791817188263,0.9068129999999999,,,,,roc_auc,0.90072,0.8455999493598938,0.3251802623271942,0.90072,,,,
minesweeper,GAT-sep,2,512,3e-05,2,300,roc_auc,0.9144267500000001,0.8597999811172485,0.29038599133491516,0.9144267500000001,,,,,roc_auc,0.899143,0.8495999574661255,0.32367143034935,0.899143,,,,,roc_auc,0.906218,0.8571999669075012,0.3049282133579254,0.906218,,,,
minesweeper,GAT-sep,2,512,3e-05,3,290,roc_auc,0.9192060000000002,0.8596000075340271,0.28818050026893616,0.9192060000000002,,,,,roc_auc,0.894725,0.8379999995231628,0.33771124482154846,0.894725,,,,,roc_auc,0.9003510000000001,0.8499999642372131,0.32645538449287415,0.9003510000000001,,,,
minesweeper,GAT-sep,2,512,3e-05,4,440,roc_auc,0.9188664999999999,0.8567999601364136,0.28583717346191406,0.9188664999999999,,,,,roc_auc,0.9070990000000001,0.8563999533653259,0.31126657128334045,0.9070990000000001,,,,,roc_auc,0.9006000000000001,0.8443999886512756,0.3276844024658203,0.9006000000000001,,,,
minesweeper,GAT-sep,2,512,3e-05,5,150,roc_auc,0.910286,0.8578000068664551,0.3024198114871979,0.910286,,,,,roc_auc,0.898399,0.8467999696731567,0.3228253722190857,0.898399,,,,,roc_auc,0.910526,0.8479999899864197,0.29710155725479126,0.910526,,,,
minesweeper,GAT-sep,2,512,3e-05,7,170,roc_auc,0.9085714999999999,0.8511999845504761,0.3057253956794739,0.9085714999999999,,,,,roc_auc,0.8998749999999999,0.8459999561309814,0.3298526406288147,0.8998749999999999,,,,,roc_auc,0.9034260000000001,0.8519999980926514,0.31949949264526367,0.9034260000000001,,,,
minesweeper,GAT-sep,2,512,3e-05,6,460,roc_auc,0.9131900000000001,0.8557999730110168,0.29416733980178833,0.9131900000000001,,,,,roc_auc,0.9227759999999999,0.8567999601364136,0.27654221653938293,0.9227759999999999,,,,,roc_auc,0.8966249999999999,0.8443999886512756,0.32981711626052856,0.8966249999999999,,,,
minesweeper,GAT-sep,2,512,3e-05,9,260,roc_auc,0.91069975,0.861799955368042,0.2983396053314209,0.91069975,,,,,roc_auc,0.8954230000000001,0.848800003528595,0.32827192544937134,0.8954230000000001,,,,,roc_auc,0.915775,0.8655999898910522,0.2928159534931183,0.915775,,,,
minesweeper,GAT-sep,2,512,3e-05,8,660,roc_auc,0.916271,0.863599956035614,0.28227049112319946,0.916271,,,,,roc_auc,0.9094490000000001,0.8611999750137329,0.3064117729663849,0.9094490000000001,,,,,roc_auc,0.9086249999999999,0.8592000007629395,0.30263373255729675,0.9086249999999999,,,,
minesweeper,GAT-sep,3,512,3e-05,0,390,roc_auc,0.9445285000000001,0.8937999606132507,0.24096199870109558,0.9445285000000001,,,,,roc_auc,0.9110440000000001,0.8651999831199646,0.3118707835674286,0.9110440000000001,,,,,roc_auc,0.9217970000000001,0.8739999532699585,0.28726863861083984,0.9217970000000001,,,,
minesweeper,GAT-sep,3,512,3e-05,1,530,roc_auc,0.9465345000000001,0.8947999477386475,0.23868627846240997,0.9465345000000001,,,,,roc_auc,0.9176970000000001,0.8700000047683716,0.3029996454715729,0.9176970000000001,,,,,roc_auc,0.9144669999999999,0.8700000047683716,0.3089718222618103,0.9144669999999999,,,,
minesweeper,GAT-sep,3,512,3e-05,2,350,roc_auc,0.9325740000000001,0.8795999884605408,0.257947713136673,0.9325740000000001,,,,,roc_auc,0.922377,0.8751999735832214,0.28494423627853394,0.922377,,,,,roc_auc,0.919735,0.8743999600410461,0.2847372591495514,0.919735,,,,
minesweeper,GAT-sep,3,512,3e-05,3,420,roc_auc,0.9422477499999999,0.8921999931335449,0.24003934860229492,0.9422477499999999,,,,,roc_auc,0.9114920000000001,0.8628000020980835,0.31398582458496094,0.9114920000000001,,,,,roc_auc,0.917732,0.8679999709129333,0.29629749059677124,0.917732,,,,
minesweeper,GAT-sep,3,512,3e-05,4,420,roc_auc,0.93761425,0.8851999640464783,0.2497183084487915,0.93761425,,,,,roc_auc,0.922077,0.8755999803543091,0.2861625552177429,0.922077,,,,,roc_auc,0.9178149999999999,0.8655999898910522,0.2994133234024048,0.9178149999999999,,,,
minesweeper,GAT-sep,3,512,3e-05,5,500,roc_auc,0.9427245,0.892799973487854,0.23896630108356476,0.9427245,,,,,roc_auc,0.9183199999999998,0.8651999831199646,0.29523125290870667,0.9183199999999998,,,,,roc_auc,0.92753,0.8747999668121338,0.27506786584854126,0.92753,,,,
minesweeper,GAT-sep,3,512,3e-05,6,420,roc_auc,0.9356315000000001,0.8883999586105347,0.2538711726665497,0.9356315000000001,,,,,roc_auc,0.9292229999999999,0.8815999627113342,0.26802778244018555,0.9292229999999999,,,,,roc_auc,0.9095119999999999,0.8607999682426453,0.30606815218925476,0.9095119999999999,,,,
minesweeper,GAT-sep,3,512,3e-05,7,530,roc_auc,0.9406384999999999,0.890999972820282,0.2510121166706085,0.9406384999999999,,,,,roc_auc,0.915879,0.8736000061035156,0.30199432373046875,0.915879,,,,,roc_auc,0.918939,0.8671999573707581,0.30905261635780334,0.918939,,,,
minesweeper,GAT-sep,3,512,3e-05,8,380,roc_auc,0.935217,0.8871999979019165,0.2542950510978699,0.935217,,,,,roc_auc,0.918765,0.871999979019165,0.29571980237960815,0.918765,,,,,roc_auc,0.919042,0.8671999573707581,0.2960662245750427,0.919042,,,,
minesweeper,GAT-sep,3,512,3e-05,9,750,roc_auc,0.953838,0.9019999504089355,0.21900102496147156,0.953838,,,,,roc_auc,0.910558,0.8655999898910522,0.34501928091049194,0.910558,,,,,roc_auc,0.9210929999999999,0.8775999546051025,0.31547024846076965,0.9210929999999999,,,,
minesweeper,GAT-sep,4,512,3e-05,0,470,roc_auc,0.961238,0.9129999876022339,0.198359414935112,0.961238,,,,,roc_auc,0.922596,0.8743999600410461,0.2971765697002411,0.922596,,,,,roc_auc,0.933974,0.8876000046730042,0.27200737595558167,0.933974,,,,
minesweeper,GAT-sep,4,512,3e-05,1,460,roc_auc,0.9527569999999999,0.892799973487854,0.24391072988510132,0.9527569999999999,,,,,roc_auc,0.9305654999999998,0.8727999925613403,0.2943987250328064,0.9305654999999998,,,,,roc_auc,0.930398,0.8763999938964844,0.29373401403427124,0.930398,,,,
minesweeper,GAT-sep,4,512,3e-05,2,320,roc_auc,0.93952075,0.88919997215271,0.24954713881015778,0.93952075,,,,,roc_auc,0.926366,0.8811999559402466,0.28099629282951355,0.926366,,,,,roc_auc,0.9234179999999999,0.8727999925613403,0.2823074758052826,0.9234179999999999,,,,
minesweeper,GAT-sep,4,512,3e-05,3,590,roc_auc,0.9655247499999999,0.917199969291687,0.19024144113063812,0.9655247499999999,,,,,roc_auc,0.9228359999999999,0.8723999857902527,0.3112907111644745,0.9228359999999999,,,,,roc_auc,0.9265690000000001,0.8736000061035156,0.3093620538711548,0.9265690000000001,,,,
minesweeper,GAT-sep,4,512,3e-05,4,460,roc_auc,0.9553897499999999,0.8962000012397766,0.2248077541589737,0.9553897499999999,,,,,roc_auc,0.9274330000000001,0.8804000020027161,0.2975562512874603,0.9274330000000001,,,,,roc_auc,0.932153,0.8807999491691589,0.2870393693447113,0.932153,,,,
minesweeper,GAT-sep,4,512,3e-05,6,420,roc_auc,0.95066375,0.8999999761581421,0.22529833018779755,0.95066375,,,,,roc_auc,0.93605,0.8887999653816223,0.2633300721645355,0.93605,,,,,roc_auc,0.918845,0.8667999505996704,0.29559680819511414,0.918845,,,,
minesweeper,GAT-sep,4,512,3e-05,5,390,roc_auc,0.95220725,0.9049999713897705,0.2220020890235901,0.95220725,,,,,roc_auc,0.9240869999999999,0.8783999681472778,0.2908821702003479,0.9240869999999999,,,,,roc_auc,0.932876,0.8795999884605408,0.27044129371643066,0.932876,,,,
minesweeper,GAT-sep,4,512,3e-05,7,480,roc_auc,0.95305775,0.9031999707221985,0.2265055924654007,0.95305775,,,,,roc_auc,0.9269149999999999,0.876800000667572,0.2898191213607788,0.9269149999999999,,,,,roc_auc,0.934101,0.8736000061035156,0.28567513823509216,0.934101,,,,
minesweeper,GAT-sep,4,512,3e-05,8,590,roc_auc,0.9583237499999999,0.9071999788284302,0.20483964681625366,0.9583237499999999,,,,,roc_auc,0.9214449999999998,0.8711999654769897,0.31765586137771606,0.9214449999999998,,,,,roc_auc,0.925188,0.8711999654769897,0.30520161986351013,0.925188,,,,
minesweeper,GAT-sep,4,512,3e-05,9,520,roc_auc,0.9608884999999999,0.9125999808311462,0.2025950700044632,0.9608884999999999,,,,,roc_auc,0.925522,0.8743999600410461,0.317025363445282,0.925522,,,,,roc_auc,0.932917,0.8851999640464783,0.2900462746620178,0.932917,,,,
minesweeper,GAT-sep,5,512,3e-05,0,400,roc_auc,0.9618300000000001,0.9121999740600586,0.1975976824760437,0.9618300000000001,,,,,roc_auc,0.927541,0.873199999332428,0.293425589799881,0.927541,,,,,roc_auc,0.9372309999999999,0.8887999653816223,0.27183476090431213,0.9372309999999999,,,,
minesweeper,GAT-sep,5,512,3e-05,1,420,roc_auc,0.95657775,0.9099999666213989,0.21815820038318634,0.95657775,,,,,roc_auc,0.936668,0.88919997215271,0.27290311455726624,0.936668,,,,,roc_auc,0.935054,0.8799999952316284,0.27870237827301025,0.935054,,,,
minesweeper,GAT-sep,5,512,3e-05,2,390,roc_auc,0.95027825,0.9005999565124512,0.22650915384292603,0.95027825,,,,,roc_auc,0.929415,0.8887999653816223,0.2840160131454468,0.929415,,,,,roc_auc,0.9315570000000001,0.8811999559402466,0.2715103030204773,0.9315570000000001,,,,
minesweeper,GAT-sep,5,512,3e-05,4,390,roc_auc,0.9579072500000001,0.9063999652862549,0.20980189740657806,0.9579072500000001,,,,,roc_auc,0.935941,0.884399950504303,0.2713817358016968,0.935941,,,,,roc_auc,0.937022,0.887999951839447,0.26964011788368225,0.937022,,,,
minesweeper,GAT-sep,5,512,3e-05,3,530,roc_auc,0.963635,0.9125999808311462,0.19292867183685303,0.963635,,,,,roc_auc,0.9293359999999999,0.8811999559402466,0.28860265016555786,0.9293359999999999,,,,,roc_auc,0.9307059999999999,0.8779999613761902,0.2899504601955414,0.9307059999999999,,,,
minesweeper,GAT-sep,5,512,3e-05,5,450,roc_auc,0.9653737500000001,0.915399968624115,0.19150692224502563,0.9653737500000001,,,,,roc_auc,0.9306929999999999,0.8823999762535095,0.2979262173175812,0.9306929999999999,,,,,roc_auc,0.9358049999999999,0.8791999816894531,0.28479811549186707,0.9358049999999999,,,,
minesweeper,GAT-sep,5,512,3e-05,6,460,roc_auc,0.96210875,0.9125999808311462,0.1998995989561081,0.96210875,,,,,roc_auc,0.9374530000000001,0.8840000033378601,0.2713634669780731,0.9374530000000001,,,,,roc_auc,0.921436,0.871999979019165,0.31189653277397156,0.921436,,,,
minesweeper,GAT-sep,5,512,3e-05,7,400,roc_auc,0.9532027500000001,0.9043999910354614,0.22070516645908356,0.9532027500000001,,,,,roc_auc,0.933122,0.8863999843597412,0.2759600877761841,0.933122,,,,,roc_auc,0.938564,0.8835999965667725,0.270344614982605,0.938564,,,,
minesweeper,GAT-sep,5,512,3e-05,8,580,roc_auc,0.9694895000000001,0.920799970626831,0.17630620300769806,0.9694895000000001,,,,,roc_auc,0.934211,0.8867999911308289,0.2983023226261139,0.934211,,,,,roc_auc,0.9370839999999999,0.8847999572753906,0.2907963693141937,0.9370839999999999,,,,
minesweeper,GT,1,512,3e-05,0,450,roc_auc,0.8976776249999999,0.8519999980926514,0.30371329188346863,0.8976776249999999,,,,,roc_auc,0.870694,0.8247999548912048,0.34953925013542175,0.870694,,,,,roc_auc,0.8749765,0.8323999643325806,0.3410508632659912,0.8749765,,,,
minesweeper,GT,1,512,3e-05,1,690,roc_auc,0.8872808750000001,0.8441999554634094,0.31329938769340515,0.8872808750000001,,,,,roc_auc,0.8809880000000001,0.8363999724388123,0.32535356283187866,0.8809880000000001,,,,,roc_auc,0.8909785000000001,0.8407999873161316,0.31356576085090637,0.8909785000000001,,,,
minesweeper,GAT-sep,5,512,3e-05,9,490,roc_auc,0.962768,0.9161999821662903,0.19672808051109314,0.962768,,,,,roc_auc,0.928497,0.8763999938964844,0.3054068386554718,0.928497,,,,,roc_auc,0.9346129999999999,0.8915999531745911,0.2838535010814667,0.9346129999999999,,,,
minesweeper,GT,1,512,3e-05,2,320,roc_auc,0.8895878749999999,0.8471999764442444,0.3158149719238281,0.8895878749999999,,,,,roc_auc,0.876401,0.8307999968528748,0.33565929532051086,0.876401,,,,,roc_auc,0.8821780000000001,0.8371999859809875,0.32615044713020325,0.8821780000000001,,,,
minesweeper,GT,1,512,3e-05,3,880,roc_auc,0.8965881250000001,0.848800003528595,0.3025608956813812,0.8965881250000001,,,,,roc_auc,0.8673255,0.8247999548912048,0.3507785499095917,0.8673255,,,,,roc_auc,0.8795745,0.8359999656677246,0.33400654792785645,0.8795745,,,,
minesweeper,GT,1,512,3e-05,4,920,roc_auc,0.8912988749999999,0.8441999554634094,0.311147004365921,0.8912988749999999,,,,,roc_auc,0.885243,0.8431999683380127,0.32014983892440796,0.885243,,,,,roc_auc,0.877554,0.8363999724388123,0.33354225754737854,0.877554,,,,
minesweeper,GT,1,512,3e-05,5,310,roc_auc,0.88824425,0.8423999547958374,0.3171922266483307,0.88824425,,,,,roc_auc,0.876422,0.8335999846458435,0.3329370617866516,0.876422,,,,,roc_auc,0.886326,0.8443999886512756,0.31830647587776184,0.886326,,,,
minesweeper,GT,1,512,3e-05,7,190,roc_auc,0.8804555,0.8343999981880188,0.3256162405014038,0.8804555,,,,,roc_auc,0.8792925,0.8348000049591064,0.3320668339729309,0.8792925,,,,,roc_auc,0.8901589999999999,0.8471999764442444,0.3194431662559509,0.8901589999999999,,,,
minesweeper,GT,1,512,3e-05,6,540,roc_auc,0.886837,0.842199981212616,0.3155631422996521,0.886837,,,,,roc_auc,0.8971309999999999,0.8467999696731567,0.30294477939605713,0.8971309999999999,,,,,roc_auc,0.8750214999999999,0.8339999914169312,0.33214491605758667,0.8750214999999999,,,,
minesweeper,GT,1,512,3e-05,9,930,roc_auc,0.8892748749999999,0.8443999886512756,0.31151914596557617,0.8892748749999999,,,,,roc_auc,0.8751385,0.8299999833106995,0.3349314332008362,0.8751385,,,,,roc_auc,0.8919315,0.8519999980926514,0.3134811818599701,0.8919315,,,,
minesweeper,GT,1,512,3e-05,8,1280,roc_auc,0.88603025,0.8445999622344971,0.3119850158691406,0.88603025,,,,,roc_auc,0.8818969999999999,0.842799961566925,0.33100268244743347,0.8818969999999999,,,,,roc_auc,0.8923880000000001,0.8503999710083008,0.3125760555267334,0.8923880000000001,,,,
minesweeper,GT,2,512,3e-05,0,310,roc_auc,0.9189182499999999,0.8583999872207642,0.28806719183921814,0.9189182499999999,,,,,roc_auc,0.8873909999999999,0.8351999521255493,0.35848841071128845,0.8873909999999999,,,,,roc_auc,0.8973850000000001,0.8420000076293945,0.3417428731918335,0.8973850000000001,,,,
minesweeper,GT,2,512,3e-05,1,210,roc_auc,0.9111552500000001,0.8579999804496765,0.300111323595047,0.9111552500000001,,,,,roc_auc,0.904093,0.8551999926567078,0.3129594624042511,0.904093,,,,,roc_auc,0.898607,0.8443999886512756,0.32403597235679626,0.898607,,,,
minesweeper,GT,2,512,3e-05,2,210,roc_auc,0.9117217500000001,0.8587999939918518,0.2949182987213135,0.9117217500000001,,,,,roc_auc,0.898714,0.8515999913215637,0.3218421936035156,0.898714,,,,,roc_auc,0.903863,0.8555999994277954,0.308430939912796,0.903863,,,,
minesweeper,GT,2,512,3e-05,3,220,roc_auc,0.91740425,0.8585999608039856,0.2902737557888031,0.91740425,,,,,roc_auc,0.893088,0.8435999751091003,0.33838891983032227,0.893088,,,,,roc_auc,0.898891,0.8499999642372131,0.3274822235107422,0.898891,,,,
minesweeper,GT,2,512,3e-05,5,240,roc_auc,0.9122635,0.8601999878883362,0.2989039421081543,0.9122635,,,,,roc_auc,0.8976759999999999,0.8407999873161316,0.32475602626800537,0.8976759999999999,,,,,roc_auc,0.9096380000000002,0.8491999506950378,0.29903823137283325,0.9096380000000002,,,,
minesweeper,GT,2,512,3e-05,4,470,roc_auc,0.9219802500000001,0.863599956035614,0.27788031101226807,0.9219802500000001,,,,,roc_auc,0.90471,0.8471999764442444,0.314290314912796,0.90471,,,,,roc_auc,0.8968399999999999,0.839199960231781,0.33446764945983887,0.8968399999999999,,,,
minesweeper,GT,2,512,3e-05,6,350,roc_auc,0.9114939999999999,0.8597999811172485,0.29631099104881287,0.9114939999999999,,,,,roc_auc,0.920819,0.8583999872207642,0.279646635055542,0.920819,,,,,roc_auc,0.896657,0.8459999561309814,0.3277270495891571,0.896657,,,,
minesweeper,GT,2,512,3e-05,7,320,roc_auc,0.9142485000000002,0.8673999905586243,0.2895244359970093,0.9142485000000002,,,,,roc_auc,0.89631,0.8495999574661255,0.331091970205307,0.89631,,,,,roc_auc,0.902866,0.8596000075340271,0.3212922215461731,0.902866,,,,
minesweeper,GT,2,512,3e-05,9,290,roc_auc,0.9107890000000001,0.85999995470047,0.2963382303714752,0.9107890000000001,,,,,roc_auc,0.895278,0.8499999642372131,0.328520268201828,0.895278,,,,,roc_auc,0.9147609999999999,0.863599956035614,0.2945267856121063,0.9147609999999999,,,,
minesweeper,GT,2,512,3e-05,8,460,roc_auc,0.9125639999999999,0.8621999621391296,0.29040566086769104,0.9125639999999999,,,,,roc_auc,0.906808,0.8579999804496765,0.31277844309806824,0.906808,,,,,roc_auc,0.9037660000000001,0.8555999994277954,0.31595027446746826,0.9037660000000001,,,,
minesweeper,GT,3,512,3e-05,0,340,roc_auc,0.9381815,0.8881999850273132,0.24835175275802612,0.9381815,,,,,roc_auc,0.905895,0.8563999533653259,0.323704332113266,0.905895,,,,,roc_auc,0.915763,0.8659999966621399,0.29785609245300293,0.915763,,,,
minesweeper,GT,3,512,3e-05,1,450,roc_auc,0.93454175,0.8859999775886536,0.2590479552745819,0.93454175,,,,,roc_auc,0.9140889999999999,0.8667999505996704,0.3020595610141754,0.9140889999999999,,,,,roc_auc,0.9113430000000001,0.8639999628067017,0.3089962601661682,0.9113430000000001,,,,
minesweeper,GT,3,512,3e-05,2,330,roc_auc,0.9302732499999999,0.8761999607086182,0.26150915026664734,0.9302732499999999,,,,,roc_auc,0.917393,0.8675999641418457,0.29606184363365173,0.917393,,,,,roc_auc,0.9140950000000001,0.8659999966621399,0.29685887694358826,0.9140950000000001,,,,
minesweeper,GT,3,512,3e-05,3,510,roc_auc,0.94846,0.897599995136261,0.22620536386966705,0.94846,,,,,roc_auc,0.903424,0.8551999926567078,0.33907070755958557,0.903424,,,,,roc_auc,0.911911,0.8607999682426453,0.31569963693618774,0.911911,,,,
minesweeper,GT,3,512,3e-05,4,480,roc_auc,0.9439422499999999,0.8937999606132507,0.23440968990325928,0.9439422499999999,,,,,roc_auc,0.9166730000000001,0.8659999966621399,0.2977968752384186,0.9166730000000001,,,,,roc_auc,0.914698,0.863599956035614,0.30876636505126953,0.914698,,,,
minesweeper,GT,3,512,3e-05,5,400,roc_auc,0.9359272499999999,0.88919997215271,0.2570594549179077,0.9359272499999999,,,,,roc_auc,0.914721,0.8695999979972839,0.3028417229652405,0.914721,,,,,roc_auc,0.9208719999999999,0.864799976348877,0.2902182936668396,0.9208719999999999,,,,
minesweeper,GT,3,512,3e-05,6,410,roc_auc,0.9356825,0.8873999714851379,0.2520279884338379,0.9356825,,,,,roc_auc,0.9256960000000001,0.8775999546051025,0.2733651399612427,0.9256960000000001,,,,,roc_auc,0.90593,0.8567999601364136,0.3117174208164215,0.90593,,,,
minesweeper,GT,3,512,3e-05,7,360,roc_auc,0.9320664999999999,0.8829999566078186,0.2630998492240906,0.9320664999999999,,,,,roc_auc,0.913028,0.8707999587059021,0.3014775514602661,0.913028,,,,,roc_auc,0.9141459999999999,0.8623999953269958,0.31336626410484314,0.9141459999999999,,,,
minesweeper,GT,3,512,3e-05,8,500,roc_auc,0.9358489999999999,0.8775999546051025,0.2689785361289978,0.9358489999999999,,,,,roc_auc,0.909899,0.8628000020980835,0.33995261788368225,0.909899,,,,,roc_auc,0.9134859999999999,0.8592000007629395,0.33313193917274475,0.9134859999999999,,,,
minesweeper,GT,3,512,3e-05,9,460,roc_auc,0.9374197499999999,0.8913999795913696,0.25257280468940735,0.9374197499999999,,,,,roc_auc,0.9067090000000001,0.8596000075340271,0.33495569229125977,0.9067090000000001,,,,,roc_auc,0.9238270000000001,0.8795999884605408,0.28797271847724915,0.9238270000000001,,,,
minesweeper,GT,4,512,3e-05,0,480,roc_auc,0.95961825,0.9129999876022339,0.2037874311208725,0.95961825,,,,,roc_auc,0.9147659999999999,0.8667999505996704,0.32754358649253845,0.9147659999999999,,,,,roc_auc,0.9239809999999999,0.8804000020027161,0.307630717754364,0.9239809999999999,,,,
minesweeper,GT,4,512,3e-05,1,550,roc_auc,0.9575257500000002,0.9097999930381775,0.211639866232872,0.9575257500000002,,,,,roc_auc,0.9256220000000001,0.8827999830245972,0.2999456822872162,0.9256220000000001,,,,,roc_auc,0.9211,0.8759999871253967,0.3089368939399719,0.9211,,,,
minesweeper,GT,4,512,3e-05,2,370,roc_auc,0.93103125,0.882599949836731,0.26010116934776306,0.93103125,,,,,roc_auc,0.917966,0.8743999600410461,0.29209911823272705,0.917966,,,,,roc_auc,0.9119710000000001,0.8639999628067017,0.2984088659286499,0.9119710000000001,,,,
minesweeper,GT,4,512,3e-05,3,480,roc_auc,0.9606844999999999,0.9125999808311462,0.19974102079868317,0.9606844999999999,,,,,roc_auc,0.917627,0.8691999912261963,0.32498228549957275,0.917627,,,,,roc_auc,0.920151,0.8707999587059021,0.31107190251350403,0.920151,,,,
minesweeper,GT,4,512,3e-05,5,380,roc_auc,0.94882875,0.8995999693870544,0.22741489112377167,0.94882875,,,,,roc_auc,0.9186780000000001,0.8700000047683716,0.3005664348602295,0.9186780000000001,,,,,roc_auc,0.9255389999999999,0.873199999332428,0.28784245252609253,0.9255389999999999,,,,
minesweeper,GT,4,512,3e-05,4,610,roc_auc,0.9664965,0.9175999760627747,0.18408559262752533,0.9664965,,,,,roc_auc,0.926111,0.8815999627113342,0.3032931685447693,0.926111,,,,,roc_auc,0.9224779999999999,0.8747999668121338,0.3138608932495117,0.9224779999999999,,,,
minesweeper,GT,4,512,3e-05,6,330,roc_auc,0.9341725,0.8859999775886536,0.2549087405204773,0.9341725,,,,,roc_auc,0.928548,0.8795999884605408,0.2657230794429779,0.928548,,,,,roc_auc,0.9104859999999999,0.8592000007629395,0.30120792984962463,0.9104859999999999,,,,
minesweeper,GT,4,512,3e-05,7,490,roc_auc,0.9558027499999999,0.9041999578475952,0.2132725566625595,0.9558027499999999,,,,,roc_auc,0.9222489999999999,0.876800000667572,0.3124600052833557,0.9222489999999999,,,,,roc_auc,0.9253799999999999,0.8747999668121338,0.3133985698223114,0.9253799999999999,,,,
minesweeper,GT,4,512,3e-05,8,570,roc_auc,0.959738,0.9089999794960022,0.1992635279893875,0.959738,,,,,roc_auc,0.9145189999999999,0.8607999682426453,0.3339003920555115,0.9145189999999999,,,,,roc_auc,0.9164200000000001,0.8611999750137329,0.32758381962776184,0.9164200000000001,,,,
minesweeper,GT,4,512,3e-05,9,660,roc_auc,0.97242375,0.9291999936103821,0.1658947616815567,0.97242375,,,,,roc_auc,0.915444,0.8655999898910522,0.3539629578590393,0.915444,,,,,roc_auc,0.9280259999999999,0.8804000020027161,0.30873963236808777,0.9280259999999999,,,,
minesweeper,GT,5,512,3e-05,0,440,roc_auc,0.96109475,0.9101999998092651,0.20161055028438568,0.96109475,,,,,roc_auc,0.9152089999999999,0.8631999492645264,0.3278689980506897,0.9152089999999999,,,,,roc_auc,0.9259579999999998,0.8795999884605408,0.30726492404937744,0.9259579999999998,,,,
minesweeper,GT,5,512,3e-05,1,490,roc_auc,0.9560172499999999,0.9055999517440796,0.22146791219711304,0.9560172499999999,,,,,roc_auc,0.9269250000000001,0.8791999816894531,0.29604092240333557,0.9269250000000001,,,,,roc_auc,0.922034,0.8755999803543091,0.3088192045688629,0.922034,,,,
minesweeper,GT,5,512,3e-05,2,430,roc_auc,0.9534872500000001,0.9055999517440796,0.22042645514011383,0.9534872500000001,,,,,roc_auc,0.924311,0.8804000020027161,0.3112463355064392,0.924311,,,,,roc_auc,0.920565,0.8727999925613403,0.3119429647922516,0.920565,,,,
minesweeper,GT,5,512,3e-05,3,480,roc_auc,0.9613965000000001,0.9097999930381775,0.206864595413208,0.9613965000000001,,,,,roc_auc,0.9164819999999999,0.868399977684021,0.3405313491821289,0.9164819999999999,,,,,roc_auc,0.9202600000000001,0.8743999600410461,0.3306373357772827,0.9202600000000001,,,,
minesweeper,GT,5,512,3e-05,4,540,roc_auc,0.9631622499999999,0.9125999808311462,0.19384746253490448,0.9631622499999999,,,,,roc_auc,0.9293020000000001,0.8827999830245972,0.295450359582901,0.9293020000000001,,,,,roc_auc,0.9263560000000001,0.8739999532699585,0.3083657920360565,0.9263560000000001,,,,
minesweeper,GT,5,512,3e-05,5,380,roc_auc,0.94842,0.8985999822616577,0.23279860615730286,0.94842,,,,,roc_auc,0.9212349999999999,0.8695999979972839,0.2995295822620392,0.9212349999999999,,,,,roc_auc,0.9266559999999999,0.8743999600410461,0.2891716957092285,0.9266559999999999,,,,
minesweeper,GT,5,512,3e-05,6,390,roc_auc,0.9483815000000001,0.8967999815940857,0.22938725352287292,0.9483815000000001,,,,,roc_auc,0.932204,0.8847999572753906,0.27034327387809753,0.932204,,,,,roc_auc,0.9126599999999999,0.864799976348877,0.31697773933410645,0.9126599999999999,,,,
minesweeper,GT,5,512,3e-05,7,500,roc_auc,0.9586732499999999,0.9113999605178833,0.2067333459854126,0.9586732499999999,,,,,roc_auc,0.9207810000000001,0.8715999722480774,0.3235779106616974,0.9207810000000001,,,,,roc_auc,0.9213709999999999,0.8751999735832214,0.328534871339798,0.9213709999999999,,,,
minesweeper,GT,5,512,3e-05,8,410,roc_auc,0.95236575,0.8995999693870544,0.2201744019985199,0.95236575,,,,,roc_auc,0.917189,0.8659999966621399,0.32458174228668213,0.917189,,,,,roc_auc,0.9182760000000001,0.8711999654769897,0.31974372267723083,0.9182760000000001,,,,
minesweeper,GT-sep,1,512,3e-05,0,490,roc_auc,0.8971702500000001,0.8529999852180481,0.3031102418899536,0.8971702500000001,,,,,roc_auc,0.8709225,0.8259999752044678,0.3468436002731323,0.8709225,,,,,roc_auc,0.875421,0.8384000062942505,0.3372245132923126,0.875421,,,,
minesweeper,GT,5,512,3e-05,9,500,roc_auc,0.9648655,0.9185999631881714,0.18998855352401733,0.9648655,,,,,roc_auc,0.923697,0.8763999938964844,0.32058441638946533,0.923697,,,,,roc_auc,0.9323830000000001,0.8783999681472778,0.2925701439380646,0.9323830000000001,,,,
minesweeper,GT-sep,1,512,3e-05,1,930,roc_auc,0.88683475,0.8431999683380127,0.31312036514282227,0.88683475,,,,,roc_auc,0.8798225,0.8343999981880188,0.3269157111644745,0.8798225,,,,,roc_auc,0.889953,0.8411999940872192,0.3149161636829376,0.889953,,,,
minesweeper,GT-sep,1,512,3e-05,2,230,roc_auc,0.888261625,0.8452000021934509,0.3177211582660675,0.888261625,,,,,roc_auc,0.8757975,0.8331999778747559,0.3351700007915497,0.8757975,,,,,roc_auc,0.8817484999999999,0.8384000062942505,0.3270961046218872,0.8817484999999999,,,,
minesweeper,GT-sep,1,512,3e-05,4,650,roc_auc,0.889601375,0.8407999873161316,0.31345200538635254,0.889601375,,,,,roc_auc,0.8852645,0.8455999493598938,0.3203762173652649,0.8852645,,,,,roc_auc,0.8792995,0.8375999927520752,0.32837167382240295,0.8792995,,,,
minesweeper,GT-sep,1,512,3e-05,3,1480,roc_auc,0.898165,0.8509999513626099,0.2993876338005066,0.898165,,,,,roc_auc,0.8672235,0.8255999684333801,0.35528475046157837,0.8672235,,,,,roc_auc,0.8786035000000001,0.8375999927520752,0.33477094769477844,0.8786035000000001,,,,
minesweeper,GT-sep,1,512,3e-05,5,200,roc_auc,0.88492775,0.8420000076293945,0.3228931725025177,0.88492775,,,,,roc_auc,0.876703,0.8359999656677246,0.3349786400794983,0.876703,,,,,roc_auc,0.885739,0.8423999547958374,0.3208652138710022,0.885739,,,,
minesweeper,GT-sep,1,512,3e-05,6,540,roc_auc,0.88670125,0.8423999547958374,0.31549733877182007,0.88670125,,,,,roc_auc,0.8972024999999999,0.848800003528595,0.3032355308532715,0.8972024999999999,,,,,roc_auc,0.8747995,0.8359999656677246,0.3313356041908264,0.8747995,,,,
minesweeper,GT-sep,1,512,3e-05,7,640,roc_auc,0.88588325,0.8398000001907349,0.316472589969635,0.88588325,,,,,roc_auc,0.8798385000000001,0.8343999981880188,0.3292911648750305,0.8798385000000001,,,,,roc_auc,0.8913344999999999,0.8467999696731567,0.3148445188999176,0.8913344999999999,,,,
minesweeper,GT-sep,1,512,3e-05,8,1190,roc_auc,0.88516425,0.8417999744415283,0.31283241510391235,0.88516425,,,,,roc_auc,0.8808845000000001,0.842799961566925,0.32786887884140015,0.8808845000000001,,,,,roc_auc,0.8934035,0.8495999574661255,0.31107157468795776,0.8934035,,,,
minesweeper,GT-sep,1,512,3e-05,9,1240,roc_auc,0.8893111250000001,0.8431999683380127,0.3115895092487335,0.8893111250000001,,,,,roc_auc,0.8752599999999999,0.8335999846458435,0.3364337682723999,0.8752599999999999,,,,,roc_auc,0.8915500000000001,0.8519999980926514,0.3156152367591858,0.8915500000000001,,,,
minesweeper,GT-sep,2,512,3e-05,0,270,roc_auc,0.9176215000000001,0.8613999485969543,0.2891891896724701,0.9176215000000001,,,,,roc_auc,0.8894920000000001,0.8379999995231628,0.35069799423217773,0.8894920000000001,,,,,roc_auc,0.9001819999999999,0.8519999980926514,0.33181601762771606,0.9001819999999999,,,,
minesweeper,GT-sep,2,512,3e-05,1,280,roc_auc,0.913317375,0.85999995470047,0.29341983795166016,0.913317375,,,,,roc_auc,0.903285,0.8583999872207642,0.31239402294158936,0.903285,,,,,roc_auc,0.8998729999999999,0.8507999777793884,0.3214169442653656,0.8998729999999999,,,,
minesweeper,GT-sep,2,512,3e-05,2,260,roc_auc,0.9142094999999999,0.8603999614715576,0.29193800687789917,0.9142094999999999,,,,,roc_auc,0.896387,0.847599983215332,0.33126959204673767,0.896387,,,,,roc_auc,0.904538,0.8527999520301819,0.3099604845046997,0.904538,,,,
minesweeper,GT-sep,2,512,3e-05,3,430,roc_auc,0.92236875,0.865399956703186,0.2776404321193695,0.92236875,,,,,roc_auc,0.890868,0.8435999751091003,0.3448522388935089,0.890868,,,,,roc_auc,0.898316,0.8499999642372131,0.3289676308631897,0.898316,,,,
minesweeper,GT-sep,2,512,3e-05,4,590,roc_auc,0.92056525,0.8605999946594238,0.2824603021144867,0.92056525,,,,,roc_auc,0.90439,0.8491999506950378,0.3178316652774811,0.90439,,,,,roc_auc,0.898069,0.840399980545044,0.33417874574661255,0.898069,,,,
minesweeper,GT-sep,2,512,3e-05,5,330,roc_auc,0.9141602499999999,0.8643999695777893,0.2922438383102417,0.9141602499999999,,,,,roc_auc,0.896401,0.8459999561309814,0.32470542192459106,0.896401,,,,,roc_auc,0.910607,0.8560000061988831,0.29561087489128113,0.910607,,,,
minesweeper,GT-sep,2,512,3e-05,6,430,roc_auc,0.9111497499999999,0.8547999858856201,0.3002975285053253,0.9111497499999999,,,,,roc_auc,0.9208470000000001,0.8628000020980835,0.2838664948940277,0.9208470000000001,,,,,roc_auc,0.895092,0.8395999670028687,0.3363666534423828,0.895092,,,,
minesweeper,GT-sep,2,512,3e-05,7,290,roc_auc,0.912219,0.8619999885559082,0.29432791471481323,0.912219,,,,,roc_auc,0.8976729999999999,0.852400004863739,0.32819393277168274,0.8976729999999999,,,,,roc_auc,0.903567,0.8592000007629395,0.3194209039211273,0.903567,,,,
minesweeper,GT-sep,2,512,3e-05,8,520,roc_auc,0.9119707499999999,0.85999995470047,0.29097995162010193,0.9119707499999999,,,,,roc_auc,0.906213,0.8583999872207642,0.31219610571861267,0.906213,,,,,roc_auc,0.9052979999999999,0.8539999723434448,0.31130367517471313,0.9052979999999999,,,,
minesweeper,GT-sep,2,512,3e-05,9,250,roc_auc,0.9093747500000001,0.8571999669075012,0.2997627258300781,0.9093747500000001,,,,,roc_auc,0.894204,0.8483999967575073,0.331327885389328,0.894204,,,,,roc_auc,0.9133910000000001,0.8651999831199646,0.29766198992729187,0.9133910000000001,,,,
minesweeper,GT-sep,3,512,3e-05,0,550,roc_auc,0.94140975,0.88919997215271,0.24311921000480652,0.94140975,,,,,roc_auc,0.902327,0.8596000075340271,0.32735946774482727,0.902327,,,,,roc_auc,0.910967,0.864799976348877,0.3038882613182068,0.910967,,,,
minesweeper,GT-sep,3,512,3e-05,1,670,roc_auc,0.946992,0.8923999667167664,0.24067865312099457,0.946992,,,,,roc_auc,0.918275,0.8695999979972839,0.3033033013343811,0.918275,,,,,roc_auc,0.909922,0.868399977684021,0.3209768831729889,0.909922,,,,
minesweeper,GT-sep,3,512,3e-05,2,560,roc_auc,0.9335055,0.8822000026702881,0.25596165657043457,0.9335055,,,,,roc_auc,0.911246,0.8695999979972839,0.3107858896255493,0.911246,,,,,roc_auc,0.9090489999999999,0.863599956035614,0.31055036187171936,0.9090489999999999,,,,
minesweeper,GT-sep,3,512,3e-05,3,780,roc_auc,0.9536525,0.9071999788284302,0.21351253986358643,0.9536525,,,,,roc_auc,0.902766,0.8563999533653259,0.3474758565425873,0.902766,,,,,roc_auc,0.9110429999999999,0.863599956035614,0.32550981640815735,0.9110429999999999,,,,
minesweeper,GT-sep,3,512,3e-05,4,630,roc_auc,0.94524925,0.8955999612808228,0.2364610731601715,0.94524925,,,,,roc_auc,0.915097,0.8711999654769897,0.31049373745918274,0.915097,,,,,roc_auc,0.912536,0.863599956035614,0.3219805359840393,0.912536,,,,
minesweeper,GT-sep,3,512,3e-05,5,530,roc_auc,0.935577,0.8871999979019165,0.2536514401435852,0.935577,,,,,roc_auc,0.9130409999999999,0.8643999695777893,0.30176079273223877,0.9130409999999999,,,,,roc_auc,0.919292,0.8651999831199646,0.2885620892047882,0.919292,,,,
minesweeper,GT-sep,3,512,3e-05,6,520,roc_auc,0.93762075,0.8858000040054321,0.2490592896938324,0.93762075,,,,,roc_auc,0.926749,0.8775999546051025,0.2744314968585968,0.926749,,,,,roc_auc,0.9058240000000001,0.8587999939918518,0.31614091992378235,0.9058240000000001,,,,
minesweeper,GT-sep,3,512,3e-05,7,580,roc_auc,0.93503375,0.8899999856948853,0.26015424728393555,0.93503375,,,,,roc_auc,0.909422,0.8671999573707581,0.31169524788856506,0.909422,,,,,roc_auc,0.911571,0.8579999804496765,0.32793837785720825,0.911571,,,,
minesweeper,GT-sep,3,512,3e-05,8,660,roc_auc,0.9451947499999999,0.8915999531745911,0.2361232340335846,0.9451947499999999,,,,,roc_auc,0.9105389999999999,0.8603999614715576,0.3321292996406555,0.9105389999999999,,,,,roc_auc,0.9118829999999999,0.8651999831199646,0.3255707323551178,0.9118829999999999,,,,
minesweeper,GT-sep,3,512,3e-05,9,600,roc_auc,0.937902,0.8833999633789062,0.2623398005962372,0.937902,,,,,roc_auc,0.904207,0.8539999723434448,0.35245195031166077,0.904207,,,,,roc_auc,0.921473,0.8703999519348145,0.30603256821632385,0.921473,,,,
minesweeper,GT-sep,4,512,3e-05,0,720,roc_auc,0.9672687499999999,0.9223999977111816,0.18083232641220093,0.9672687499999999,,,,,roc_auc,0.910651,0.8615999817848206,0.35364627838134766,0.910651,,,,,roc_auc,0.9164220000000001,0.8667999505996704,0.3508427143096924,0.9164220000000001,,,,
minesweeper,GT-sep,4,512,3e-05,1,790,roc_auc,0.9651240000000001,0.9223999977111816,0.18515437841415405,0.9651240000000001,,,,,roc_auc,0.9166319999999999,0.8755999803543091,0.3227817118167877,0.9166319999999999,,,,,roc_auc,0.908164,0.8587999939918518,0.34484076499938965,0.908164,,,,
minesweeper,GT-sep,4,512,3e-05,2,660,roc_auc,0.9484995,0.902999997138977,0.2262318730354309,0.9484995,,,,,roc_auc,0.913506,0.8727999925613403,0.32135704159736633,0.913506,,,,,roc_auc,0.908536,0.8623999953269958,0.3230787515640259,0.908536,,,,
minesweeper,GT-sep,4,512,3e-05,3,720,roc_auc,0.9683904999999999,0.921999990940094,0.1786971390247345,0.9683904999999999,,,,,roc_auc,0.913198,0.8700000047683716,0.3518959879875183,0.913198,,,,,roc_auc,0.914181,0.8695999979972839,0.34387874603271484,0.914181,,,,
minesweeper,GT-sep,4,512,3e-05,4,740,roc_auc,0.9620842500000001,0.9159999489784241,0.19545185565948486,0.9620842500000001,,,,,roc_auc,0.926131,0.8819999694824219,0.29849475622177124,0.926131,,,,,roc_auc,0.9223179999999999,0.8759999871253967,0.3112424612045288,0.9223179999999999,,,,
minesweeper,GT-sep,4,512,3e-05,5,540,roc_auc,0.9514322500000002,0.9034000039100647,0.22284892201423645,0.9514322500000002,,,,,roc_auc,0.918832,0.873199999332428,0.3090839385986328,0.918832,,,,,roc_auc,0.9282099999999999,0.8772000074386597,0.2866535186767578,0.9282099999999999,,,,
minesweeper,GT-sep,4,512,3e-05,6,430,roc_auc,0.9354207499999999,0.8817999958992004,0.25433939695358276,0.9354207499999999,,,,,roc_auc,0.928617,0.8783999681472778,0.26870858669281006,0.928617,,,,,roc_auc,0.9061139999999999,0.852400004863739,0.3154137134552002,0.9061139999999999,,,,
minesweeper,GT-sep,4,512,3e-05,7,860,roc_auc,0.965668,0.9175999760627747,0.18560002744197845,0.965668,,,,,roc_auc,0.913436,0.8707999587059021,0.34881094098091125,0.913436,,,,,roc_auc,0.920485,0.8711999654769897,0.3340156078338623,0.920485,,,,
minesweeper,GT-sep,4,512,3e-05,8,780,roc_auc,0.97213275,0.9289999604225159,0.16505327820777893,0.97213275,,,,,roc_auc,0.9140260000000001,0.8659999966621399,0.34939199686050415,0.9140260000000001,,,,,roc_auc,0.917556,0.8628000020980835,0.33204779028892517,0.917556,,,,
minesweeper,GT-sep,4,512,3e-05,9,810,roc_auc,0.97352525,0.9281999468803406,0.16610735654830933,0.97352525,,,,,roc_auc,0.914445,0.868399977684021,0.36711159348487854,0.914445,,,,,roc_auc,0.920119,0.8747999668121338,0.343584269285202,0.920119,,,,
minesweeper,GT-sep,5,512,3e-05,0,560,roc_auc,0.962712,0.9159999489784241,0.19660747051239014,0.962712,,,,,roc_auc,0.913351,0.8628000020980835,0.3438066840171814,0.913351,,,,,roc_auc,0.920838,0.8751999735832214,0.3303848206996918,0.920838,,,,
minesweeper,GT-sep,5,512,3e-05,1,590,roc_auc,0.95626375,0.9099999666213989,0.21082040667533875,0.95626375,,,,,roc_auc,0.923952,0.8811999559402466,0.29658713936805725,0.923952,,,,,roc_auc,0.9198459999999999,0.8711999654769897,0.3062085509300232,0.9198459999999999,,,,
minesweeper,GT-sep,5,512,3e-05,2,420,roc_auc,0.93519175,0.886199951171875,0.25124502182006836,0.93519175,,,,,roc_auc,0.918609,0.8747999668121338,0.2927851974964142,0.918609,,,,,roc_auc,0.913286,0.868399977684021,0.29727885127067566,0.913286,,,,
minesweeper,GT-sep,5,512,3e-05,3,650,roc_auc,0.968158,0.9199999570846558,0.17818725109100342,0.968158,,,,,roc_auc,0.9139990000000001,0.8679999709129333,0.3405844271183014,0.9139990000000001,,,,,roc_auc,0.9194819999999999,0.8707999587059021,0.3181054890155792,0.9194819999999999,,,,
minesweeper,GT-sep,5,512,3e-05,4,710,roc_auc,0.9746957500000001,0.9287999868392944,0.16051948070526123,0.9746957500000001,,,,,roc_auc,0.927289,0.8804000020027161,0.30996760725975037,0.927289,,,,,roc_auc,0.925855,0.8819999694824219,0.3180018961429596,0.925855,,,,
minesweeper,GT-sep,5,512,3e-05,5,670,roc_auc,0.96561725,0.917199969291687,0.18578147888183594,0.96561725,,,,,roc_auc,0.9197459999999998,0.8747999668121338,0.3219743072986603,0.9197459999999998,,,,,roc_auc,0.92763,0.8772000074386597,0.30252131819725037,0.92763,,,,
minesweeper,GT-sep,5,512,3e-05,6,460,roc_auc,0.9431992499999999,0.892799973487854,0.23954199254512787,0.9431992499999999,,,,,roc_auc,0.92858,0.8835999965667725,0.2749893367290497,0.92858,,,,,roc_auc,0.909506,0.8583999872207642,0.317043662071228,0.909506,,,,
minesweeper,GT-sep,5,512,3e-05,7,630,roc_auc,0.96091175,0.91839998960495,0.19730795919895172,0.96091175,,,,,roc_auc,0.9218,0.873199999332428,0.3173063397407532,0.9218,,,,,roc_auc,0.9232649999999999,0.8791999816894531,0.31946709752082825,0.9232649999999999,,,,
minesweeper,GT-sep,5,512,3e-05,8,650,roc_auc,0.96243675,0.914199948310852,0.19355560839176178,0.96243675,,,,,roc_auc,0.916377,0.8700000047683716,0.3301973044872284,0.916377,,,,,roc_auc,0.918945,0.8723999857902527,0.3245926797389984,0.918945,,,,
minesweeper,TAG,1,512,3e-05,0,1080,roc_auc,0.927462,0.8781999945640564,0.2666178345680237,0.927462,,,,,roc_auc,0.895416,0.8463999629020691,0.3253399431705475,0.895416,,,,,roc_auc,0.90656,0.8587999939918518,0.3038019835948944,0.90656,,,,
minesweeper,TAG,1,512,3e-05,1,1130,roc_auc,0.9173392499999999,0.8691999912261963,0.2810341417789459,0.9173392499999999,,,,,roc_auc,0.9153410000000001,0.8619999885559082,0.29005178809165955,0.9153410000000001,,,,,roc_auc,0.9127649999999999,0.8619999885559082,0.2911548316478729,0.9127649999999999,,,,
minesweeper,GT-sep,5,512,3e-05,9,810,roc_auc,0.98164675,0.9435999989509583,0.13572975993156433,0.98164675,,,,,roc_auc,0.918825,0.8727999925613403,0.36589279770851135,0.918825,,,,,roc_auc,0.9243169999999999,0.8763999938964844,0.3399085998535156,0.9243169999999999,,,,
minesweeper,TAG,1,512,3e-05,2,1270,roc_auc,0.9202337500000001,0.8689999580383301,0.2767919898033142,0.9202337500000001,,,,,roc_auc,0.9104300000000001,0.8615999817848206,0.29525819420814514,0.9104300000000001,,,,,roc_auc,0.9124420000000001,0.8667999505996704,0.2888822555541992,0.9124420000000001,,,,
minesweeper,TAG,1,512,3e-05,3,1540,roc_auc,0.929163,0.875,0.26386553049087524,0.929163,,,,,roc_auc,0.9023,0.8571999669075012,0.31943708658218384,0.9023,,,,,roc_auc,0.90483,0.8567999601364136,0.3137744665145874,0.90483,,,,
minesweeper,TAG,1,512,3e-05,4,1800,roc_auc,0.927067,0.8703999519348145,0.26498863101005554,0.927067,,,,,roc_auc,0.907466,0.8607999682426453,0.30667683482170105,0.907466,,,,,roc_auc,0.907428,0.8607999682426453,0.3093142509460449,0.907428,,,,
minesweeper,TAG,1,512,3e-05,5,1400,roc_auc,0.9210737499999999,0.8723999857902527,0.2734740674495697,0.9210737499999999,,,,,roc_auc,0.9035139999999999,0.852400004863739,0.3069155812263489,0.9035139999999999,,,,,roc_auc,0.916228,0.8575999736785889,0.28468677401542664,0.916228,,,,
minesweeper,TAG,1,512,3e-05,6,1170,roc_auc,0.9165282500000002,0.8669999837875366,0.28343909978866577,0.9165282500000002,,,,,roc_auc,0.9271330000000001,0.8707999587059021,0.26539480686187744,0.9271330000000001,,,,,roc_auc,0.901359,0.8560000061988831,0.3066507875919342,0.901359,,,,
minesweeper,TAG,1,512,3e-05,7,1770,roc_auc,0.9218332500000002,0.870199978351593,0.27233535051345825,0.9218332500000002,,,,,roc_auc,0.9098520000000001,0.8655999898910522,0.2916635572910309,0.9098520000000001,,,,,roc_auc,0.916199,0.8623999953269958,0.28559622168540955,0.916199,,,,
minesweeper,TAG,1,512,3e-05,8,1680,roc_auc,0.9180039999999999,0.8659999966621399,0.27910518646240234,0.9180039999999999,,,,,roc_auc,0.915083,0.8664000034332275,0.29010361433029175,0.915083,,,,,roc_auc,0.918302,0.8707999587059021,0.2830091714859009,0.918302,,,,
minesweeper,TAG,1,512,3e-05,9,1570,roc_auc,0.9221352500000001,0.870199978351593,0.27429455518722534,0.9221352500000001,,,,,roc_auc,0.904455,0.8535999655723572,0.3078918755054474,0.904455,,,,,roc_auc,0.916994,0.868399977684021,0.28694072365760803,0.916994,,,,
minesweeper,TAG,2,512,3e-05,0,1130,roc_auc,0.95570925,0.8985999822616577,0.21647250652313232,0.95570925,,,,,roc_auc,0.916758,0.8579999804496765,0.32426655292510986,0.916758,,,,,roc_auc,0.9282739999999999,0.8827999830245972,0.29979208111763,0.9282739999999999,,,,
minesweeper,TAG,2,512,3e-05,1,1110,roc_auc,0.9433485,0.8905999660491943,0.23857049643993378,0.9433485,,,,,roc_auc,0.933191,0.8835999965667725,0.2671397030353546,0.933191,,,,,roc_auc,0.929255,0.8736000061035156,0.27204182744026184,0.929255,,,,
minesweeper,TAG,2,512,3e-05,3,960,roc_auc,0.95077675,0.8915999531745911,0.23209860920906067,0.95077675,,,,,roc_auc,0.923021,0.8655999898910522,0.30990999937057495,0.923021,,,,,roc_auc,0.924181,0.8655999898910522,0.29329314827919006,0.924181,,,,
minesweeper,TAG,2,512,3e-05,2,1280,roc_auc,0.95002175,0.8933999538421631,0.22798961400985718,0.95002175,,,,,roc_auc,0.92931,0.8751999735832214,0.2826235294342041,0.92931,,,,,roc_auc,0.9331929999999999,0.8755999803543091,0.26779696345329285,0.9331929999999999,,,,
minesweeper,TAG,2,512,3e-05,5,1430,roc_auc,0.9572635,0.9035999774932861,0.21110136806964874,0.9572635,,,,,roc_auc,0.922612,0.8751999735832214,0.3076585829257965,0.922612,,,,,roc_auc,0.931325,0.8743999600410461,0.2813691794872284,0.931325,,,,
minesweeper,TAG,2,512,3e-05,4,1260,roc_auc,0.9540777500000001,0.8941999673843384,0.22365084290504456,0.9540777500000001,,,,,roc_auc,0.931215,0.8779999613761902,0.28014233708381653,0.931215,,,,,roc_auc,0.9302209999999999,0.8775999546051025,0.28726574778556824,0.9302209999999999,,,,
minesweeper,TAG,2,512,3e-05,6,1480,roc_auc,0.9518925000000001,0.88919997215271,0.23402291536331177,0.9518925000000001,,,,,roc_auc,0.9407569999999998,0.8799999952316284,0.26458504796028137,0.9407569999999998,,,,,roc_auc,0.919708,0.8611999750137329,0.3217969238758087,0.919708,,,,
minesweeper,TAG,2,512,3e-05,7,1660,roc_auc,0.9558045000000001,0.9034000039100647,0.2120814472436905,0.9558045000000001,,,,,roc_auc,0.92929,0.871999979019165,0.2931954860687256,0.92929,,,,,roc_auc,0.93332,0.8823999762535095,0.27766379714012146,0.93332,,,,
minesweeper,TAG,2,512,3e-05,9,1120,roc_auc,0.9486525,0.895799994468689,0.2284093201160431,0.9486525,,,,,roc_auc,0.920766,0.8675999641418457,0.29959022998809814,0.920766,,,,,roc_auc,0.9378719999999998,0.8859999775886536,0.2608641982078552,0.9378719999999998,,,,
minesweeper,TAG,2,512,3e-05,8,1530,roc_auc,0.95359075,0.8849999904632568,0.24189190566539764,0.95359075,,,,,roc_auc,0.9324829999999998,0.8695999979972839,0.29756200313568115,0.9324829999999998,,,,,roc_auc,0.9297620000000001,0.8619999885559082,0.305606871843338,0.9297620000000001,,,,
minesweeper,TAG,3,512,3e-05,0,1060,roc_auc,0.9673542500000001,0.917199969291687,0.18609221279621124,0.9673542500000001,,,,,roc_auc,0.924203,0.8655999898910522,0.3176588714122772,0.924203,,,,,roc_auc,0.938082,0.8867999911308289,0.28406742215156555,0.938082,,,,
minesweeper,TAG,3,512,3e-05,1,890,roc_auc,0.95223075,0.8995999693870544,0.21752411127090454,0.95223075,,,,,roc_auc,0.9398880000000001,0.8931999802589417,0.25131869316101074,0.9398880000000001,,,,,roc_auc,0.9376300000000001,0.8831999897956848,0.24940170347690582,0.9376300000000001,,,,
minesweeper,TAG,3,512,3e-05,3,1110,roc_auc,0.9695537500000001,0.9215999841690063,0.1786036640405655,0.9695537500000001,,,,,roc_auc,0.93053,0.876800000667572,0.3096984028816223,0.93053,,,,,roc_auc,0.9285559999999999,0.8751999735832214,0.3078519105911255,0.9285559999999999,,,,
minesweeper,TAG,3,512,3e-05,2,1170,roc_auc,0.96871075,0.9210000038146973,0.1793946772813797,0.96871075,,,,,roc_auc,0.9346119999999999,0.8819999694824219,0.2802596688270569,0.9346119999999999,,,,,roc_auc,0.938455,0.8811999559402466,0.26792827248573303,0.938455,,,,
minesweeper,TAG,3,512,3e-05,5,960,roc_auc,0.9679602499999999,0.9125999808311462,0.18985866010189056,0.9679602499999999,,,,,roc_auc,0.92603,0.8727999925613403,0.3117687404155731,0.92603,,,,,roc_auc,0.935602,0.8775999546051025,0.2860446572303772,0.935602,,,,
minesweeper,TAG,3,512,3e-05,4,1020,roc_auc,0.9665584999999999,0.9067999720573425,0.20106033980846405,0.9665584999999999,,,,,roc_auc,0.940755,0.8851999640464783,0.27097001671791077,0.940755,,,,,roc_auc,0.935552,0.8795999884605408,0.2901134788990021,0.935552,,,,
minesweeper,TAG,3,512,3e-05,6,780,roc_auc,0.95749325,0.8980000019073486,0.2220810502767563,0.95749325,,,,,roc_auc,0.9425020000000001,0.8791999816894531,0.2615540027618408,0.9425020000000001,,,,,roc_auc,0.9202260000000001,0.8607999682426453,0.3174414336681366,0.9202260000000001,,,,
minesweeper,TAG,3,512,3e-05,7,1150,roc_auc,0.9666132500000001,0.9181999564170837,0.18420127034187317,0.9666132500000001,,,,,roc_auc,0.9362450000000001,0.8815999627113342,0.28302112221717834,0.9362450000000001,,,,,roc_auc,0.939971,0.8883999586105347,0.2701137661933899,0.939971,,,,
minesweeper,TAG,3,512,3e-05,8,950,roc_auc,0.962136,0.9047999978065491,0.20446115732192993,0.962136,,,,,roc_auc,0.935591,0.8787999749183655,0.27904149889945984,0.935591,,,,,roc_auc,0.9388530000000002,0.8811999559402466,0.2690494656562805,0.9388530000000002,,,,
minesweeper,TAG,3,512,3e-05,9,920,roc_auc,0.96481425,0.9129999876022339,0.1896565556526184,0.96481425,,,,,roc_auc,0.930296,0.8827999830245972,0.29298895597457886,0.930296,,,,,roc_auc,0.9415260000000001,0.8944000005722046,0.2630881667137146,0.9415260000000001,,,,
minesweeper,TAG,4,512,3e-05,0,560,roc_auc,0.9617872500000001,0.9099999666213989,0.1960376352071762,0.9617872500000001,,,,,roc_auc,0.92476,0.868399977684021,0.29602688550949097,0.92476,,,,,roc_auc,0.937415,0.8899999856948853,0.26609793305397034,0.937415,,,,
minesweeper,TAG,4,512,3e-05,1,630,roc_auc,0.9557257499999999,0.9039999842643738,0.21437384188175201,0.9557257499999999,,,,,roc_auc,0.940626,0.8899999856948853,0.251543253660202,0.940626,,,,,roc_auc,0.940157,0.884399950504303,0.25023484230041504,0.940157,,,,
minesweeper,TAG,4,512,3e-05,2,730,roc_auc,0.968294,0.9217999577522278,0.1812540739774704,0.968294,,,,,roc_auc,0.938666,0.8912000060081482,0.2685692012310028,0.938666,,,,,roc_auc,0.9435120000000001,0.8903999924659729,0.2517411410808563,0.9435120000000001,,,,
minesweeper,TAG,4,512,3e-05,3,770,roc_auc,0.9707642499999999,0.9159999489784241,0.1746218502521515,0.9707642499999999,,,,,roc_auc,0.935309,0.8831999897956848,0.2972317039966583,0.935309,,,,,roc_auc,0.936086,0.88919997215271,0.2880432903766632,0.936086,,,,
minesweeper,TAG,4,512,3e-05,4,760,roc_auc,0.9699105,0.9192000031471252,0.17720194160938263,0.9699105,,,,,roc_auc,0.9435379999999999,0.8995999693870544,0.2609604299068451,0.9435379999999999,,,,,roc_auc,0.936594,0.8867999911308289,0.28795915842056274,0.936594,,,,
minesweeper,TAG,4,512,3e-05,5,630,roc_auc,0.96329675,0.9007999897003174,0.2221154272556305,0.96329675,,,,,roc_auc,0.930146,0.8739999532699585,0.3126838207244873,0.930146,,,,,roc_auc,0.9373570000000001,0.8755999803543091,0.29904285073280334,0.9373570000000001,,,,
minesweeper,TAG,4,512,3e-05,6,470,roc_auc,0.9516755000000001,0.890999972820282,0.2309681624174118,0.9516755000000001,,,,,roc_auc,0.9431950000000001,0.8815999627113342,0.2493627816438675,0.9431950000000001,,,,,roc_auc,0.9220369999999999,0.8639999628067017,0.2985509932041168,0.9220369999999999,,,,
minesweeper,TAG,4,512,3e-05,7,880,roc_auc,0.9690317500000001,0.9203999638557434,0.17782634496688843,0.9690317500000001,,,,,roc_auc,0.940951,0.8939999938011169,0.2654583752155304,0.940951,,,,,roc_auc,0.942249,0.8887999653816223,0.26308807730674744,0.942249,,,,
minesweeper,TAG,4,512,3e-05,8,640,roc_auc,0.9581587500000001,0.9061999917030334,0.20627696812152863,0.9581587500000001,,,,,roc_auc,0.9387,0.88919997215271,0.26078349351882935,0.9387,,,,,roc_auc,0.9401639999999999,0.8855999708175659,0.2570139169692993,0.9401639999999999,,,,
minesweeper,TAG,4,512,3e-05,9,720,roc_auc,0.96746975,0.9147999882698059,0.18559513986110687,0.96746975,,,,,roc_auc,0.9343500000000001,0.8819999694824219,0.27798011898994446,0.9343500000000001,,,,,roc_auc,0.94062,0.8851999640464783,0.26378700137138367,0.94062,,,,
minesweeper,TAG,5,512,3e-05,0,550,roc_auc,0.965284,0.9115999937057495,0.19360868632793427,0.965284,,,,,roc_auc,0.9298730000000001,0.8743999600410461,0.2985387146472931,0.9298730000000001,,,,,roc_auc,0.942631,0.88919997215271,0.26786258816719055,0.942631,,,,
minesweeper,TAG,5,512,3e-05,1,530,roc_auc,0.958707,0.9103999733924866,0.20416930317878723,0.958707,,,,,roc_auc,0.9411200000000001,0.8912000060081482,0.2458677887916565,0.9411200000000001,,,,,roc_auc,0.9414039999999999,0.8955999612808228,0.24500316381454468,0.9414039999999999,,,,
minesweeper,TAG,5,512,3e-05,2,720,roc_auc,0.9708127500000001,0.925599992275238,0.1725146621465683,0.9708127500000001,,,,,roc_auc,0.940509,0.8887999653816223,0.2625632882118225,0.940509,,,,,roc_auc,0.945696,0.8855999708175659,0.24459223449230194,0.945696,,,,
minesweeper,TAG,5,512,3e-05,3,620,roc_auc,0.972546,0.9225999712944031,0.1695863902568817,0.972546,,,,,roc_auc,0.935125,0.8835999965667725,0.2941088378429413,0.935125,,,,,roc_auc,0.937749,0.8883999586105347,0.27648353576660156,0.937749,,,,
minesweeper,TAG,5,512,3e-05,4,580,roc_auc,0.96610075,0.9167999625205994,0.1871737241744995,0.96610075,,,,,roc_auc,0.946182,0.8999999761581421,0.24860136210918427,0.946182,,,,,roc_auc,0.93846,0.8855999708175659,0.2731475532054901,0.93846,,,,
minesweeper,TAG,5,512,3e-05,5,640,roc_auc,0.9698785,0.9211999773979187,0.17765608429908752,0.9698785,,,,,roc_auc,0.934324,0.8855999708175659,0.28732386231422424,0.934324,,,,,roc_auc,0.940287,0.8887999653816223,0.27236631512641907,0.940287,,,,
minesweeper,TAG,5,512,3e-05,6,510,roc_auc,0.95731575,0.9027999639511108,0.21757648885250092,0.95731575,,,,,roc_auc,0.9458709999999999,0.8883999586105347,0.2454279512166977,0.9458709999999999,,,,,roc_auc,0.9260809999999999,0.868399977684021,0.2929669916629791,0.9260809999999999,,,,
minesweeper,TAG,5,512,3e-05,7,690,roc_auc,0.96558375,0.9174000024795532,0.18670904636383057,0.96558375,,,,,roc_auc,0.945066,0.8935999870300293,0.24786943197250366,0.945066,,,,,roc_auc,0.946203,0.8840000033378601,0.24370230734348297,0.946203,,,,
minesweeper,TAG,5,512,3e-05,8,600,roc_auc,0.96269875,0.9089999794960022,0.20002926886081696,0.96269875,,,,,roc_auc,0.941185,0.8827999830245972,0.2625827193260193,0.941185,,,,,roc_auc,0.9418930000000001,0.8923999667167664,0.2613452970981598,0.9418930000000001,,,,
minesweeper,TAG,5,512,3e-05,9,630,roc_auc,0.9701487499999999,0.9109999537467957,0.19125968217849731,0.9701487499999999,,,,,roc_auc,0.93666,0.8815999627113342,0.28622114658355713,0.93666,,,,,roc_auc,0.941511,0.8787999749183655,0.27675408124923706,0.941511,,,,
