dataset,model,num_layers,hidden_dim,lr,split,best_step,train_metric_name,train_metric,train_acc,train_loss,train_roc_auc,train_f1_macro,train_f1_weighted,train_prec_macro,train_rec_macro,val_metric_name,val_metric,val_acc,val_loss,val_roc_auc,val_f1_macro,val_f1_weighted,val_prec_macro,val_rec_macro,test_metric_name,test_metric,test_acc,test_loss,test_roc_auc,test_f1_macro,test_f1_weighted,test_prec_macro,test_rec_macro
minesweeper,ResNet,1,512,3e-05,0,30,roc_auc,0.507926125,0.7999999523162842,0.5172738432884216,0.507926125,,,,,roc_auc,0.519208,0.7999999523162842,0.515961766242981,0.519208,,,,,roc_auc,0.515482,0.7999999523162842,0.5157065987586975,0.515482,,,,
minesweeper,ResNet,2,512,3e-05,0,180,roc_auc,0.517150375,0.7999999523162842,0.5028383731842041,0.517150375,,,,,roc_auc,0.5011450000000001,0.7999999523162842,0.5036582946777344,0.5011450000000001,,,,,roc_auc,0.520379,0.7999999523162842,0.5023943185806274,0.520379,,,,
minesweeper,ResNet,3,512,3e-05,0,20,roc_auc,0.49909237500000003,0.7999999523162842,0.5244386792182922,0.49909237500000003,,,,,roc_auc,0.526509,0.7999999523162842,0.5223432779312134,0.526509,,,,,roc_auc,0.5101209999999999,0.7999999523162842,0.5238275527954102,0.5101209999999999,,,,
minesweeper,ResNet,4,512,3e-05,0,10,roc_auc,0.506902625,0.7999999523162842,0.5533192157745361,0.506902625,,,,,roc_auc,0.521814,0.7999999523162842,0.5516631603240967,0.521814,,,,,roc_auc,0.5160020000000001,0.7999999523162842,0.5520059466362,0.5160020000000001,,,,
minesweeper,ResNet,5,512,3e-05,0,10,roc_auc,0.5135926249999999,0.7999999523162842,0.5308037400245667,0.5135926249999999,,,,,roc_auc,0.516973,0.7999999523162842,0.5298318266868591,0.516973,,,,,roc_auc,0.520651,0.7999999523162842,0.5295005440711975,0.520651,,,,
minesweeper,ResNet,1,512,3e-05,1,60,roc_auc,0.5094424999999999,0.7999999523162842,0.5108116865158081,0.5094424999999999,,,,,roc_auc,0.521693,0.7999999523162842,0.5118981003761292,0.521693,,,,,roc_auc,0.5149675,0.7999999523162842,0.51139235496521,0.5149675,,,,
minesweeper,ResNet,2,512,3e-05,1,160,roc_auc,0.51041,0.7999999523162842,0.5071071982383728,0.51041,,,,,roc_auc,0.512976,0.7999999523162842,0.5098661184310913,0.512976,,,,,roc_auc,0.5084015,0.7999999523162842,0.5083994269371033,0.5084015,,,,
minesweeper,ResNet,3,512,3e-05,1,50,roc_auc,0.5116705,0.7999999523162842,0.5273972153663635,0.5116705,,,,,roc_auc,0.515604,0.7999999523162842,0.5287700891494751,0.515604,,,,,roc_auc,0.5233665,0.7999999523162842,0.5275177955627441,0.5233665,,,,
minesweeper,ResNet,4,512,3e-05,1,40,roc_auc,0.511448,0.7999999523162842,0.538107693195343,0.511448,,,,,roc_auc,0.519299,0.7999999523162842,0.5397707223892212,0.519299,,,,,roc_auc,0.5307434999999999,0.7999999523162842,0.5380566120147705,0.5307434999999999,,,,
minesweeper,ResNet,5,512,3e-05,1,30,roc_auc,0.5112855,0.7999999523162842,0.5402665138244629,0.5112855,,,,,roc_auc,0.520069,0.7999999523162842,0.5410051345825195,0.520069,,,,,roc_auc,0.5293525,0.7999999523162842,0.538631021976471,0.5293525,,,,
minesweeper,ResNet,1,512,3e-05,2,20,roc_auc,0.5103665,0.7999999523162842,0.5968555808067322,0.5103665,,,,,roc_auc,0.5132329999999999,0.7999999523162842,0.5984954833984375,0.5132329999999999,,,,,roc_auc,0.5292650000000001,0.7999999523162842,0.5943335294723511,0.5292650000000001,,,,
minesweeper,ResNet,2,512,3e-05,2,50,roc_auc,0.51448675,0.7999999523162842,0.5242742896080017,0.51448675,,,,,roc_auc,0.5121119999999999,0.7999999523162842,0.5265197157859802,0.5121119999999999,,,,,roc_auc,0.531591,0.7999999523162842,0.5236474275588989,0.531591,,,,
minesweeper,ResNet,3,512,3e-05,2,190,roc_auc,0.51452325,0.7993999719619751,0.5062915086746216,0.51452325,,,,,roc_auc,0.5121819999999999,0.7975999712944031,0.5087900161743164,0.5121819999999999,,,,,roc_auc,0.5314380000000001,0.7943999767303467,0.5082527995109558,0.5314380000000001,,,,
minesweeper,ResNet,4,512,3e-05,2,60,roc_auc,0.518223,0.7999999523162842,0.5477371215820312,0.518223,,,,,roc_auc,0.50745,0.7999999523162842,0.5515727400779724,0.50745,,,,,roc_auc,0.507961,0.7999999523162842,0.5506986379623413,0.507961,,,,
minesweeper,ResNet,5,512,3e-05,2,30,roc_auc,0.51605325,0.7999999523162842,0.5149499773979187,0.51605325,,,,,roc_auc,0.508923,0.7999999523162842,0.5174115300178528,0.508923,,,,,roc_auc,0.521185,0.7999999523162842,0.5157185196876526,0.521185,,,,
minesweeper,ResNet,1,512,3e-05,3,10,roc_auc,0.495176875,0.7999999523162842,0.6255311369895935,0.495176875,,,,,roc_auc,0.5074505,0.7999999523162842,0.6242913007736206,0.5074505,,,,,roc_auc,0.5140255,0.7999999523162842,0.62232905626297,0.5140255,,,,
minesweeper,ResNet,2,512,3e-05,3,30,roc_auc,0.518867875,0.7999999523162842,0.5524080991744995,0.518867875,,,,,roc_auc,0.5151695,0.7999999523162842,0.5543246269226074,0.5151695,,,,,roc_auc,0.5149275,0.7999999523162842,0.5538100600242615,0.5149275,,,,
minesweeper,ResNet,3,512,3e-05,3,10,roc_auc,0.514192875,0.7999999523162842,0.5724698305130005,0.514192875,,,,,roc_auc,0.5043545,0.7999999523162842,0.5762441158294678,0.5043545,,,,,roc_auc,0.49915050000000005,0.7999999523162842,0.5803052186965942,0.49915050000000005,,,,
minesweeper,ResNet,4,512,3e-05,3,30,roc_auc,0.518851375,0.7999999523162842,0.5784202814102173,0.518851375,,,,,roc_auc,0.5034835,0.7999999523162842,0.5813347697257996,0.5034835,,,,,roc_auc,0.5108865,0.7999999523162842,0.5807349681854248,0.5108865,,,,
minesweeper,ResNet,5,512,3e-05,3,400,roc_auc,0.521492125,0.7999999523162842,0.5004028081893921,0.521492125,,,,,roc_auc,0.5010315,0.7999999523162842,0.5035186409950256,0.5010315,,,,,roc_auc,0.5012535,0.7999999523162842,0.5026059746742249,0.5012535,,,,
minesweeper,ResNet,1,512,3e-05,4,10,roc_auc,0.516940125,0.7999999523162842,0.6100463271141052,0.516940125,,,,,roc_auc,0.5225259999999999,0.7999999523162842,0.6075461506843567,0.5225259999999999,,,,,roc_auc,0.4925905,0.7999999523162842,0.6172720789909363,0.4925905,,,,
minesweeper,ResNet,2,512,3e-05,4,30,roc_auc,0.522065875,0.7999999523162842,0.5576518774032593,0.522065875,,,,,roc_auc,0.510844,0.7999999523162842,0.5587037205696106,0.510844,,,,,roc_auc,0.5170455,0.7999999523162842,0.5589944124221802,0.5170455,,,,
minesweeper,ResNet,3,512,3e-05,4,330,roc_auc,0.521740125,0.7999999523162842,0.504512369632721,0.521740125,,,,,roc_auc,0.507361,0.7999999523162842,0.5055696368217468,0.507361,,,,,roc_auc,0.5226675000000001,0.7999999523162842,0.5044010877609253,0.5226675000000001,,,,
minesweeper,ResNet,4,512,3e-05,4,490,roc_auc,0.522144625,0.7999999523162842,0.500420868396759,0.522144625,,,,,roc_auc,0.510216,0.7999999523162842,0.5011677742004395,0.510216,,,,,roc_auc,0.5174025,0.7999999523162842,0.5006803870201111,0.5174025,,,,
minesweeper,ResNet,5,512,3e-05,4,50,roc_auc,0.522144625,0.7999999523162842,0.5101690292358398,0.522144625,,,,,roc_auc,0.510216,0.7999999523162842,0.5118445754051208,0.510216,,,,,roc_auc,0.5174025,0.7999999523162842,0.5102607011795044,0.5174025,,,,
minesweeper,ResNet,1,512,3e-05,5,40,roc_auc,0.519042625,0.7999999523162842,0.5153659582138062,0.519042625,,,,,roc_auc,0.5346865,0.7999999523162842,0.5155177116394043,0.5346865,,,,,roc_auc,0.49131649999999993,0.7999999523162842,0.5183358788490295,0.49131649999999993,,,,
minesweeper,ResNet,2,512,3e-05,5,10,roc_auc,0.519215375,0.7999999523162842,0.5930900573730469,0.519215375,,,,,roc_auc,0.5371925,0.7999999523162842,0.5939351320266724,0.5371925,,,,,roc_auc,0.49721550000000003,0.7999999523162842,0.6026754975318909,0.49721550000000003,,,,
minesweeper,ResNet,3,512,3e-05,5,350,roc_auc,0.5229126249999999,0.7999999523162842,0.5001610517501831,0.5229126249999999,,,,,roc_auc,0.5176434999999999,0.7999999523162842,0.501323401927948,0.5176434999999999,,,,,roc_auc,0.5002655,0.7999999523162842,0.5029211640357971,0.5002655,,,,
minesweeper,ResNet,4,512,3e-05,5,470,roc_auc,0.522869375,0.7999999523162842,0.5012556910514832,0.522869375,,,,,roc_auc,0.5180735,0.7999999523162842,0.5024208426475525,0.5180735,,,,,roc_auc,0.4999515,0.7999999523162842,0.5039933323860168,0.4999515,,,,
minesweeper,ResNet,5,512,3e-05,5,10,roc_auc,0.518341625,0.7999999523162842,0.6006300449371338,0.518341625,,,,,roc_auc,0.5169235,0.7999999523162842,0.602724015712738,0.5169235,,,,,roc_auc,0.5024275,0.7999999523162842,0.608770489692688,0.5024275,,,,
minesweeper,ResNet,1,512,3e-05,6,10,roc_auc,0.514508875,0.7999999523162842,0.6304433345794678,0.514508875,,,,,roc_auc,0.520034,0.7999999523162842,0.6299895644187927,0.520034,,,,,roc_auc,0.501117,0.7999999523162842,0.6325657963752747,0.501117,,,,
minesweeper,ResNet,2,512,3e-05,6,40,roc_auc,0.5182018749999999,0.7999999523162842,0.5115936398506165,0.5182018749999999,,,,,roc_auc,0.5188630000000001,0.7999999523162842,0.5124078989028931,0.5188630000000001,,,,,roc_auc,0.507215,0.7999999523162842,0.513226330280304,0.507215,,,,
minesweeper,ResNet,3,512,3e-05,6,30,roc_auc,0.518278625,0.7999999523162842,0.5335794687271118,0.518278625,,,,,roc_auc,0.512877,0.7999999523162842,0.5363062024116516,0.512877,,,,,roc_auc,0.504221,0.7999999523162842,0.5358662009239197,0.504221,,,,
minesweeper,ResNet,4,512,3e-05,6,30,roc_auc,0.523987875,0.7999999523162842,0.5151214003562927,0.523987875,,,,,roc_auc,0.496456,0.7999999523162842,0.5196420550346375,0.496456,,,,,roc_auc,0.5278510000000001,0.7999999523162842,0.5155926942825317,0.5278510000000001,,,,
minesweeper,ResNet,5,512,3e-05,6,30,roc_auc,0.523314125,0.7999999523162842,0.5526469349861145,0.523314125,,,,,roc_auc,0.49906900000000004,0.7999999523162842,0.5556153059005737,0.49906900000000004,,,,,roc_auc,0.5263869999999999,0.7999999523162842,0.5534602403640747,0.5263869999999999,,,,
minesweeper,ResNet,1,512,3e-05,7,10,roc_auc,0.50924625,0.7999999523162842,0.5864493250846863,0.50924625,,,,,roc_auc,0.5107569999999999,0.7999999523162842,0.5856661796569824,0.5107569999999999,,,,,roc_auc,0.48618500000000003,0.7999999523162842,0.5895164608955383,0.48618500000000003,,,,
minesweeper,ResNet,2,512,3e-05,7,10,roc_auc,0.51511225,0.7999999523162842,0.6897475719451904,0.51511225,,,,,roc_auc,0.502754,0.7999999523162842,0.6901055574417114,0.502754,,,,,roc_auc,0.519156,0.7999999523162842,0.6860067248344421,0.519156,,,,
minesweeper,ResNet,3,512,3e-05,7,10,roc_auc,0.50676225,0.7999999523162842,0.7215718626976013,0.50676225,,,,,roc_auc,0.496734,0.7999999523162842,0.7240606546401978,0.496734,,,,,roc_auc,0.477588,0.7999999523162842,0.7260591387748718,0.477588,,,,
minesweeper,ResNet,4,512,3e-05,7,10,roc_auc,0.51508475,0.7999999523162842,0.8295424580574036,0.51508475,,,,,roc_auc,0.5025200000000001,0.7999999523162842,0.8327623605728149,0.5025200000000001,,,,,roc_auc,0.519038,0.7999999523162842,0.828252911567688,0.519038,,,,
minesweeper,ResNet,5,512,3e-05,7,20,roc_auc,0.5167952499999999,0.7999999523162842,0.6047303676605225,0.5167952499999999,,,,,roc_auc,0.51263,0.7999999523162842,0.6051412224769592,0.51263,,,,,roc_auc,0.5117659999999999,0.7999999523162842,0.6060159802436829,0.5117659999999999,,,,
minesweeper,ResNet,1,512,3e-05,8,60,roc_auc,0.5197737499999999,0.7999999523162842,0.5139169096946716,0.5197737499999999,,,,,roc_auc,0.5325715000000001,0.7999999523162842,0.5138458609580994,0.5325715000000001,,,,,roc_auc,0.48582800000000004,0.7999999523162842,0.5177679657936096,0.48582800000000004,,,,
minesweeper,ResNet,2,512,3e-05,8,20,roc_auc,0.5174659999999999,0.7999999523162842,0.5298916697502136,0.5174659999999999,,,,,roc_auc,0.5314675000000001,0.7999999523162842,0.5293620228767395,0.5314675000000001,,,,,roc_auc,0.486623,0.7999999523162842,0.5359776020050049,0.486623,,,,
minesweeper,ResNet,3,512,3e-05,8,160,roc_auc,0.524063,0.7999999523162842,0.5017966032028198,0.524063,,,,,roc_auc,0.5277025,0.7999999523162842,0.5019305348396301,0.5277025,,,,,roc_auc,0.497214,0.7999999523162842,0.5031498074531555,0.497214,,,,
minesweeper,ResNet,4,512,3e-05,8,20,roc_auc,0.510313,0.7999999523162842,0.5842798948287964,0.510313,,,,,roc_auc,0.5289865,0.7999999523162842,0.5794839859008789,0.5289865,,,,,roc_auc,0.49347399999999997,0.7999999523162842,0.5874796509742737,0.49347399999999997,,,,
minesweeper,ResNet,5,512,3e-05,8,40,roc_auc,0.520384,0.7999999523162842,0.5457107424736023,0.520384,,,,,roc_auc,0.5353985,0.7999999523162842,0.545397937297821,0.5353985,,,,,roc_auc,0.487129,0.7999999523162842,0.5511037707328796,0.487129,,,,
minesweeper,ResNet,1,512,3e-05,9,30,roc_auc,0.517789875,0.7999999523162842,0.5248555541038513,0.517789875,,,,,roc_auc,0.5242519999999999,0.7999999523162842,0.5245543718338013,0.5242519999999999,,,,,roc_auc,0.5122820000000001,0.7999999523162842,0.5260693430900574,0.5122820000000001,,,,
minesweeper,ResNet,2,512,3e-05,9,20,roc_auc,0.515305875,0.7999999523162842,0.5660063028335571,0.515305875,,,,,roc_auc,0.522852,0.7999999523162842,0.5653138160705566,0.522852,,,,,roc_auc,0.510485,0.7999999523162842,0.5663468837738037,0.510485,,,,
minesweeper,ResNet,3,512,3e-05,9,60,roc_auc,0.515872375,0.7999999523162842,0.5188479423522949,0.515872375,,,,,roc_auc,0.523541,0.7999999523162842,0.5190443396568298,0.523541,,,,,roc_auc,0.510562,0.7999999523162842,0.5210597515106201,0.510562,,,,
minesweeper,ResNet,4,512,3e-05,9,60,roc_auc,0.514827125,0.7999999523162842,0.5401965975761414,0.514827125,,,,,roc_auc,0.52439,0.7999999523162842,0.5402171015739441,0.52439,,,,,roc_auc,0.5083420000000001,0.7999999523162842,0.5422531962394714,0.5083420000000001,,,,
minesweeper,ResNet,5,512,3e-05,9,30,roc_auc,0.5207086249999999,0.7999999523162842,0.5573374629020691,0.5207086249999999,,,,,roc_auc,0.520388,0.7999999523162842,0.5576078295707703,0.520388,,,,,roc_auc,0.5017940000000001,0.7999999523162842,0.5595877766609192,0.5017940000000001,,,,
minesweeper,GCN,1,512,3e-05,0,4970,roc_auc,0.8738537500000001,0.837399959564209,0.32553982734680176,0.8738537500000001,,,,,roc_auc,0.853214,0.8276000022888184,0.3505260646343231,0.853214,,,,,roc_auc,0.853765,0.8251999616622925,0.34958845376968384,0.853765,,,,
minesweeper,GCN,2,512,3e-05,0,1530,roc_auc,0.9012057500000001,0.8557999730110168,0.3002760112285614,0.9012057500000001,,,,,roc_auc,0.863642,0.8263999819755554,0.34450089931488037,0.863642,,,,,roc_auc,0.8825240000000001,0.843999981880188,0.3218543231487274,0.8825240000000001,,,,
minesweeper,GCN,3,512,3e-05,0,1070,roc_auc,0.906247,0.8619999885559082,0.2935974597930908,0.906247,,,,,roc_auc,0.8641840000000001,0.8255999684333801,0.35055598616600037,0.8641840000000001,,,,,roc_auc,0.8859230000000001,0.8431999683380127,0.3202778995037079,0.8859230000000001,,,,
minesweeper,GCN,4,512,3e-05,0,1000,roc_auc,0.9137822499999999,0.8643999695777893,0.28497806191444397,0.9137822499999999,,,,,roc_auc,0.8678359999999999,0.8348000049591064,0.3512338399887085,0.8678359999999999,,,,,roc_auc,0.888682,0.8423999547958374,0.32187601923942566,0.888682,,,,
minesweeper,GCN,5,512,3e-05,0,1250,roc_auc,0.91457825,0.8671999573707581,0.2849331200122833,0.91457825,,,,,roc_auc,0.866617,0.8351999521255493,0.3537707030773163,0.866617,,,,,roc_auc,0.8857829999999999,0.8348000049591064,0.32761216163635254,0.8857829999999999,,,,
minesweeper,GCN,1,512,3e-05,1,5000,roc_auc,0.8736778749999999,0.8389999866485596,0.32499903440475464,0.8736778749999999,,,,,roc_auc,0.870542,0.8359999656677246,0.33596664667129517,0.870542,,,,,roc_auc,0.8821530000000001,0.8375999927520752,0.3229644000530243,0.8821530000000001,,,,
minesweeper,GCN,2,512,3e-05,1,2040,roc_auc,0.8931017499999999,0.8481999635696411,0.3101210296154022,0.8931017499999999,,,,,roc_auc,0.8861910000000001,0.8483999967575073,0.32032904028892517,0.8861910000000001,,,,,roc_auc,0.8782100000000002,0.8416000008583069,0.3263343274593353,0.8782100000000002,,,,
minesweeper,GCN,3,512,3e-05,1,1750,roc_auc,0.90441425,0.8592000007629395,0.29378166794776917,0.90441425,,,,,roc_auc,0.8924099999999999,0.8543999791145325,0.31178319454193115,0.8924099999999999,,,,,roc_auc,0.8846370000000001,0.8431999683380127,0.320404589176178,0.8846370000000001,,,,
minesweeper,GCN,4,512,3e-05,1,1070,roc_auc,0.90165125,0.8593999743461609,0.29830971360206604,0.90165125,,,,,roc_auc,0.893336,0.8543999791145325,0.31106123328208923,0.893336,,,,,roc_auc,0.887758,0.8495999574661255,0.31566789746284485,0.887758,,,,
minesweeper,GCN,5,512,3e-05,1,1170,roc_auc,0.90293675,0.8601999878883362,0.29744696617126465,0.90293675,,,,,roc_auc,0.891158,0.8491999506950378,0.3127400279045105,0.891158,,,,,roc_auc,0.885582,0.8459999561309814,0.317594975233078,0.885582,,,,
minesweeper,GCN,1,512,3e-05,2,5000,roc_auc,0.88525275,0.8461999893188477,0.31458580493927,0.88525275,,,,,roc_auc,0.8712829999999999,0.8379999995231628,0.3317238986492157,0.8712829999999999,,,,,roc_auc,0.87873,0.8399999737739563,0.32467368245124817,0.87873,,,,
minesweeper,GCN,2,512,3e-05,2,3660,roc_auc,0.91476525,0.8611999750137329,0.28103020787239075,0.91476525,,,,,roc_auc,0.878736,0.8367999792098999,0.347452849149704,0.878736,,,,,roc_auc,0.885203,0.8395999670028687,0.32984817028045654,0.885203,,,,
minesweeper,GCN,3,512,3e-05,2,650,roc_auc,0.8936375,0.8463999629020691,0.31349754333496094,0.8936375,,,,,roc_auc,0.87602,0.8319999575614929,0.33906787633895874,0.87602,,,,,roc_auc,0.877111,0.8363999724388123,0.3339122533798218,0.877111,,,,
minesweeper,GCN,4,512,3e-05,2,1330,roc_auc,0.915588,0.8619999885559082,0.28445926308631897,0.915588,,,,,roc_auc,0.881457,0.8307999968528748,0.3450024425983429,0.881457,,,,,roc_auc,0.880584,0.8327999711036682,0.3406781554222107,0.880584,,,,
minesweeper,GCN,5,512,3e-05,2,560,roc_auc,0.8980764999999999,0.8525999784469604,0.30557388067245483,0.8980764999999999,,,,,roc_auc,0.879132,0.8339999914169312,0.3296831250190735,0.879132,,,,,roc_auc,0.8792099999999999,0.8407999873161316,0.3259342610836029,0.8792099999999999,,,,
minesweeper,GCN,1,512,3e-05,3,4980,roc_auc,0.88462525,0.8399999737739563,0.31535857915878296,0.88462525,,,,,roc_auc,0.8470125,0.824400007724762,0.36442703008651733,0.8470125,,,,,roc_auc,0.8629055000000001,0.8351999521255493,0.34012216329574585,0.8629055000000001,,,,
minesweeper,GCN,2,512,3e-05,3,2080,roc_auc,0.904516625,0.8539999723434448,0.29596245288848877,0.904516625,,,,,roc_auc,0.869239,0.8319999575614929,0.3444209694862366,0.869239,,,,,roc_auc,0.873912,0.8367999792098999,0.3351486623287201,0.873912,,,,
minesweeper,GCN,3,512,3e-05,3,1160,roc_auc,0.91020975,0.8613999485969543,0.2875649631023407,0.91020975,,,,,roc_auc,0.8701019999999999,0.8384000062942505,0.34177297353744507,0.8701019999999999,,,,,roc_auc,0.8792150000000001,0.843999981880188,0.3280267119407654,0.8792150000000001,,,,
minesweeper,GCN,4,512,3e-05,3,1150,roc_auc,0.92167875,0.8711999654769897,0.2713058888912201,0.92167875,,,,,roc_auc,0.8724409999999999,0.8371999859809875,0.3426819145679474,0.8724409999999999,,,,,roc_auc,0.882981,0.8483999967575073,0.32776063680648804,0.882981,,,,
minesweeper,GCN,5,512,3e-05,3,1110,roc_auc,0.9236380000000001,0.8741999864578247,0.2688762843608856,0.9236380000000001,,,,,roc_auc,0.871625,0.839199960231781,0.3431150019168854,0.871625,,,,,roc_auc,0.882153,0.8527999520301819,0.3264099657535553,0.882153,,,,
minesweeper,GCN,1,512,3e-05,5,4920,roc_auc,0.876859,0.8379999995231628,0.3245652914047241,0.876859,,,,,roc_auc,0.8711015,0.8359999656677246,0.3319011628627777,0.8711015,,,,,roc_auc,0.8786974999999999,0.8384000062942505,0.3237549364566803,0.8786974999999999,,,,
minesweeper,GCN,2,512,3e-05,5,570,roc_auc,0.8824965,0.8395999670028687,0.32641279697418213,0.8824965,,,,,roc_auc,0.867587,0.8371999859809875,0.3410223126411438,0.867587,,,,,roc_auc,0.8870100000000001,0.8467999696731567,0.3214220106601715,0.8870100000000001,,,,
minesweeper,GCN,3,512,3e-05,5,450,roc_auc,0.8842969999999999,0.8407999873161316,0.3221988081932068,0.8842969999999999,,,,,roc_auc,0.8734099999999999,0.8371999859809875,0.3346785008907318,0.8734099999999999,,,,,roc_auc,0.887291,0.8452000021934509,0.3187873959541321,0.887291,,,,
minesweeper,GCN,4,512,3e-05,5,1380,roc_auc,0.915229,0.8685999512672424,0.28063344955444336,0.915229,,,,,roc_auc,0.8825719999999999,0.8420000076293945,0.33134183287620544,0.8825719999999999,,,,,roc_auc,0.8953590000000001,0.8519999980926514,0.30881157517433167,0.8953590000000001,,,,
minesweeper,GCN,5,512,3e-05,5,1200,roc_auc,0.9138795000000001,0.866599977016449,0.28105583786964417,0.9138795000000001,,,,,roc_auc,0.881838,0.8423999547958374,0.3323425352573395,0.881838,,,,,roc_auc,0.895192,0.8507999777793884,0.3097092807292938,0.895192,,,,
minesweeper,GCN,1,512,3e-05,4,5000,roc_auc,0.8833575,0.8423999547958374,0.31932082772254944,0.8833575,,,,,roc_auc,0.8730465000000001,0.8416000008583069,0.3310296833515167,0.8730465000000001,,,,,roc_auc,0.8739155,0.8395999670028687,0.3290350139141083,0.8739155,,,,
minesweeper,GCN,2,512,3e-05,4,1710,roc_auc,0.8995872500000002,0.8569999933242798,0.30140310525894165,0.8995872500000002,,,,,roc_auc,0.882081,0.848800003528595,0.3214220702648163,0.882081,,,,,roc_auc,0.88049,0.8375999927520752,0.3242299258708954,0.88049,,,,
minesweeper,GCN,3,512,3e-05,4,1390,roc_auc,0.90893675,0.8619999885559082,0.2868663966655731,0.90893675,,,,,roc_auc,0.8843909999999999,0.8531999588012695,0.3234076201915741,0.8843909999999999,,,,,roc_auc,0.879971,0.8387999534606934,0.33306214213371277,0.879971,,,,
minesweeper,GCN,4,512,3e-05,4,950,roc_auc,0.9133257499999999,0.8664000034332275,0.2837759554386139,0.9133257499999999,,,,,roc_auc,0.8849389999999999,0.8463999629020691,0.32328200340270996,0.8849389999999999,,,,,roc_auc,0.882829,0.8343999981880188,0.33110401034355164,0.882829,,,,
minesweeper,GCN,5,512,3e-05,4,1250,roc_auc,0.9177909999999999,0.8723999857902527,0.2764224112033844,0.9177909999999999,,,,,roc_auc,0.883816,0.8479999899864197,0.32761865854263306,0.883816,,,,,roc_auc,0.8793059999999999,0.8351999521255493,0.33790332078933716,0.8793059999999999,,,,
minesweeper,GCN,1,512,3e-05,7,3410,roc_auc,0.8665269999999999,0.8333999514579773,0.3334561586380005,0.8665269999999999,,,,,roc_auc,0.867475,0.8367999792098999,0.33785760402679443,0.867475,,,,,roc_auc,0.8788775000000001,0.8359999656677246,0.3252415060997009,0.8788775000000001,,,,
minesweeper,GCN,2,512,3e-05,7,1430,roc_auc,0.893446,0.8479999899864197,0.30918845534324646,0.893446,,,,,roc_auc,0.8816640000000001,0.848800003528595,0.3207937479019165,0.8816640000000001,,,,,roc_auc,0.882505,0.8447999954223633,0.32194751501083374,0.882505,,,,
minesweeper,GCN,3,512,3e-05,7,930,roc_auc,0.8971480000000001,0.8507999777793884,0.30494868755340576,0.8971480000000001,,,,,roc_auc,0.881699,0.8435999751091003,0.32046064734458923,0.881699,,,,,roc_auc,0.881328,0.8420000076293945,0.3230123221874237,0.881328,,,,
minesweeper,GCN,4,512,3e-05,7,610,roc_auc,0.896151,0.850600004196167,0.30772387981414795,0.896151,,,,,roc_auc,0.882205,0.8459999561309814,0.32017412781715393,0.882205,,,,,roc_auc,0.8822209999999999,0.839199960231781,0.3225874900817871,0.8822209999999999,,,,
minesweeper,GCN,5,512,3e-05,7,650,roc_auc,0.89948675,0.8495999574661255,0.3039873540401459,0.89948675,,,,,roc_auc,0.8824889999999999,0.8511999845504761,0.3199158310890198,0.8824889999999999,,,,,roc_auc,0.8838630000000001,0.8359999656677246,0.3207578659057617,0.8838630000000001,,,,
minesweeper,GCN,1,512,3e-05,6,4920,roc_auc,0.876131,0.8366000056266785,0.32438334822654724,0.876131,,,,,roc_auc,0.8837515,0.8416000008583069,0.31735754013061523,0.8837515,,,,,roc_auc,0.8610675,0.8312000036239624,0.34123799204826355,0.8610675,,,,
minesweeper,GCN,2,512,3e-05,6,2410,roc_auc,0.8941262499999999,0.8511999845504761,0.3081570863723755,0.8941262499999999,,,,,roc_auc,0.9064329999999998,0.8575999736785889,0.2962320148944855,0.9064329999999998,,,,,roc_auc,0.8799710000000001,0.8387999534606934,0.32409167289733887,0.8799710000000001,,,,
minesweeper,GCN,3,512,3e-05,6,1830,roc_auc,0.9008425000000001,0.852400004863739,0.2990664839744568,0.9008425000000001,,,,,roc_auc,0.907779,0.8555999994277954,0.2937680184841156,0.907779,,,,,roc_auc,0.8823189999999999,0.8447999954223633,0.3212791383266449,0.8823189999999999,,,,
minesweeper,GCN,4,512,3e-05,6,1210,roc_auc,0.901871,0.8578000068664551,0.29864776134490967,0.901871,,,,,roc_auc,0.907218,0.8611999750137329,0.29466304183006287,0.907218,,,,,roc_auc,0.880074,0.8411999940872192,0.32506063580513,0.880074,,,,
minesweeper,GCN,5,512,3e-05,6,1000,roc_auc,0.900942,0.8560000061988831,0.3019157946109772,0.900942,,,,,roc_auc,0.90467,0.85999995470047,0.29996418952941895,0.90467,,,,,roc_auc,0.8780000000000001,0.835599958896637,0.33210131525993347,0.8780000000000001,,,,
minesweeper,GCN,1,512,3e-05,8,4800,roc_auc,0.877205375,0.8389999866485596,0.3234626352787018,0.877205375,,,,,roc_auc,0.871246,0.8387999534606934,0.3336244821548462,0.871246,,,,,roc_auc,0.8890655000000001,0.8348000049591064,0.32231590151786804,0.8890655000000001,,,,
minesweeper,GCN,2,512,3e-05,8,1760,roc_auc,0.899272,0.8565999865531921,0.3008042871952057,0.899272,,,,,roc_auc,0.8926449999999999,0.8543999791145325,0.3096725642681122,0.8926449999999999,,,,,roc_auc,0.890437,0.8407999873161316,0.31563854217529297,0.890437,,,,
minesweeper,GCN,3,512,3e-05,8,1340,roc_auc,0.9067605,0.8587999939918518,0.291849285364151,0.9067605,,,,,roc_auc,0.891719,0.847599983215332,0.31190741062164307,0.891719,,,,,roc_auc,0.8872079999999999,0.8411999940872192,0.32302385568618774,0.8872079999999999,,,,
minesweeper,GCN,4,512,3e-05,8,1100,roc_auc,0.9110355,0.8593999743461609,0.28808358311653137,0.9110355,,,,,roc_auc,0.895648,0.8507999777793884,0.3088212311267853,0.895648,,,,,roc_auc,0.892233,0.847599983215332,0.3183750808238983,0.892233,,,,
minesweeper,GCN,5,512,3e-05,8,1000,roc_auc,0.9090527500000001,0.8664000034332275,0.2887088358402252,0.9090527500000001,,,,,roc_auc,0.89232,0.8507999777793884,0.313727468252182,0.89232,,,,,roc_auc,0.8905949999999998,0.848800003528595,0.32043322920799255,0.8905949999999998,,,,
minesweeper,GCN,1,512,3e-05,9,1340,roc_auc,0.8671325,0.8323999643325806,0.33403557538986206,0.8671325,,,,,roc_auc,0.862086,0.8287999629974365,0.3397195637226105,0.862086,,,,,roc_auc,0.875312,0.8395999670028687,0.3268583416938782,0.875312,,,,
minesweeper,GCN,2,512,3e-05,9,2080,roc_auc,0.9006152499999999,0.8563999533653259,0.3008497953414917,0.9006152499999999,,,,,roc_auc,0.8746630000000001,0.8303999900817871,0.33554789423942566,0.8746630000000001,,,,,roc_auc,0.894942,0.848800003528595,0.307003915309906,0.894942,,,,
minesweeper,GCN,3,512,3e-05,9,1160,roc_auc,0.9015974999999998,0.8565999865531921,0.30020254850387573,0.9015974999999998,,,,,roc_auc,0.874446,0.8295999765396118,0.33488181233406067,0.874446,,,,,roc_auc,0.8946449999999999,0.852400004863739,0.30649155378341675,0.8946449999999999,,,,
minesweeper,GCN,4,512,3e-05,9,810,roc_auc,0.9055675000000001,0.8621999621391296,0.2953936755657196,0.9055675000000001,,,,,roc_auc,0.877504,0.8339999914169312,0.3289317190647125,0.877504,,,,,roc_auc,0.900513,0.8555999994277954,0.3025263547897339,0.900513,,,,
minesweeper,GCN,5,512,3e-05,9,690,roc_auc,0.9051569999999999,0.8605999946594238,0.2963171899318695,0.9051569999999999,,,,,roc_auc,0.8747240000000001,0.8307999968528748,0.3334468603134155,0.8747240000000001,,,,,roc_auc,0.896989,0.8511999845504761,0.30624109506607056,0.896989,,,,
minesweeper,SAGE,1,512,3e-05,1,2000,roc_auc,0.886710625,0.842199981212616,0.31077972054481506,0.886710625,,,,,roc_auc,0.8802305,0.8411999940872192,0.3223435580730438,0.8802305,,,,,roc_auc,0.8913705000000001,0.8463999629020691,0.31281667947769165,0.8913705000000001,,,,
minesweeper,SAGE,2,512,3e-05,1,1520,roc_auc,0.913662,0.8473999500274658,0.30218130350112915,0.913662,,,,,roc_auc,0.91233,0.8483999967575073,0.30872586369514465,0.91233,,,,,roc_auc,0.9042389999999999,0.8399999737739563,0.32254165410995483,0.9042389999999999,,,,
minesweeper,SAGE,3,512,3e-05,1,1250,roc_auc,0.9311067500000001,0.8705999851226807,0.2709875702857971,0.9311067500000001,,,,,roc_auc,0.9251,0.8611999750137329,0.2840970754623413,0.9251,,,,,roc_auc,0.922011,0.8628000020980835,0.2894800305366516,0.922011,,,,
minesweeper,SAGE,4,512,3e-05,1,1300,roc_auc,0.9506535,0.8999999761581421,0.22501124441623688,0.9506535,,,,,roc_auc,0.938211,0.8851999640464783,0.25244584679603577,0.938211,,,,,roc_auc,0.937189,0.8775999546051025,0.25281402468681335,0.937189,,,,
minesweeper,SAGE,5,512,3e-05,1,920,roc_auc,0.9503747499999999,0.88919997215271,0.24217535555362701,0.9503747499999999,,,,,roc_auc,0.943142,0.884399950504303,0.25963807106018066,0.943142,,,,,roc_auc,0.9428380000000002,0.8815999627113342,0.259299099445343,0.9428380000000002,,,,
minesweeper,SAGE,1,512,3e-05,0,3920,roc_auc,0.901516625,0.8527999520301819,0.2950272262096405,0.901516625,,,,,roc_auc,0.8714594999999999,0.8287999629974365,0.3427988290786743,0.8714594999999999,,,,,roc_auc,0.8747555,0.8363999724388123,0.3356491029262543,0.8747555,,,,
minesweeper,SAGE,2,512,3e-05,0,1570,roc_auc,0.9229382500000001,0.8527999520301819,0.29302677512168884,0.9229382500000001,,,,,roc_auc,0.892099,0.8263999819755554,0.350410133600235,0.892099,,,,,roc_auc,0.901712,0.8387999534606934,0.34455183148384094,0.901712,,,,
minesweeper,SAGE,3,512,3e-05,0,1730,roc_auc,0.9425982500000001,0.8894000053405762,0.24308964610099792,0.9425982500000001,,,,,roc_auc,0.9112929999999999,0.8507999777793884,0.3082733154296875,0.9112929999999999,,,,,roc_auc,0.921733,0.8715999722480774,0.2905811369419098,0.921733,,,,
minesweeper,SAGE,4,512,3e-05,0,1420,roc_auc,0.9570745,0.9052000045776367,0.20833399891853333,0.9570745,,,,,roc_auc,0.9252630000000001,0.8711999654769897,0.2838713526725769,0.9252630000000001,,,,,roc_auc,0.9375290000000001,0.8847999572753906,0.25842300057411194,0.9375290000000001,,,,
minesweeper,SAGE,5,512,3e-05,0,960,roc_auc,0.9579840000000001,0.9005999565124512,0.22097381949424744,0.9579840000000001,,,,,roc_auc,0.928637,0.8655999898910522,0.2878095507621765,0.928637,,,,,roc_auc,0.942642,0.8804000020027161,0.2605784237384796,0.942642,,,,
minesweeper,SAGE,1,512,3e-05,2,3370,roc_auc,0.895374125,0.8479999899864197,0.3034006655216217,0.895374125,,,,,roc_auc,0.876806,0.8312000036239624,0.33044809103012085,0.876806,,,,,roc_auc,0.8824080000000001,0.835599958896637,0.319919615983963,0.8824080000000001,,,,
minesweeper,SAGE,2,512,3e-05,2,1310,roc_auc,0.9152587499999998,0.8574000000953674,0.28474360704421997,0.9152587499999998,,,,,roc_auc,0.902402,0.8547999858856201,0.30973953008651733,0.902402,,,,,roc_auc,0.907822,0.8579999804496765,0.29434192180633545,0.907822,,,,
minesweeper,SAGE,3,512,3e-05,2,1190,roc_auc,0.92881975,0.8727999925613403,0.26968804001808167,0.92881975,,,,,roc_auc,0.923324,0.8667999505996704,0.28722670674324036,0.923324,,,,,roc_auc,0.9194089999999999,0.8643999695777893,0.28704124689102173,0.9194089999999999,,,,
minesweeper,SAGE,4,512,3e-05,2,1080,roc_auc,0.9489854999999999,0.9007999897003174,0.22922037541866302,0.9489854999999999,,,,,roc_auc,0.9376749999999999,0.8859999775886536,0.2517670691013336,0.9376749999999999,,,,,roc_auc,0.9429359999999999,0.8876000046730042,0.23877684772014618,0.9429359999999999,,,,
minesweeper,SAGE,5,512,3e-05,2,930,roc_auc,0.9510337500000001,0.901199996471405,0.22420252859592438,0.9510337500000001,,,,,roc_auc,0.940155,0.8887999653816223,0.24861903488636017,0.940155,,,,,roc_auc,0.944789,0.8912000060081482,0.23643621802330017,0.944789,,,,
minesweeper,SAGE,1,512,3e-05,3,1260,roc_auc,0.894006875,0.8449999690055847,0.30514562129974365,0.894006875,,,,,roc_auc,0.8716225,0.8359999656677246,0.33633917570114136,0.8716225,,,,,roc_auc,0.881856,0.8420000076293945,0.3192978799343109,0.881856,,,,
minesweeper,SAGE,2,512,3e-05,3,1150,roc_auc,0.9223319999999999,0.8561999797821045,0.29049819707870483,0.9223319999999999,,,,,roc_auc,0.89629,0.835599958896637,0.34343674778938293,0.89629,,,,,roc_auc,0.8995900000000001,0.8379999995231628,0.33009639382362366,0.8995900000000001,,,,
minesweeper,SAGE,3,512,3e-05,3,1560,roc_auc,0.93778575,0.8723999857902527,0.2641197741031647,0.93778575,,,,,roc_auc,0.9155529999999998,0.8519999980926514,0.31165066361427307,0.9155529999999998,,,,,roc_auc,0.9124150000000001,0.8519999980926514,0.3114277124404907,0.9124150000000001,,,,
minesweeper,SAGE,4,512,3e-05,3,1450,roc_auc,0.95938075,0.9023999571800232,0.2087642103433609,0.95938075,,,,,roc_auc,0.933082,0.876800000667572,0.2797127664089203,0.933082,,,,,roc_auc,0.9303710000000001,0.8759999871253967,0.2732413113117218,0.9303710000000001,,,,
minesweeper,SAGE,5,512,3e-05,3,1040,roc_auc,0.9599629999999999,0.9041999578475952,0.2057371288537979,0.9599629999999999,,,,,roc_auc,0.937127,0.8807999491691589,0.2700750529766083,0.937127,,,,,roc_auc,0.933622,0.8827999830245972,0.268464058637619,0.933622,,,,
minesweeper,SAGE,1,512,3e-05,4,1530,roc_auc,0.88843275,0.8411999940872192,0.31418371200561523,0.88843275,,,,,roc_auc,0.886385,0.8452000021934509,0.3116821348667145,0.886385,,,,,roc_auc,0.8786915,0.8348000049591064,0.32458922266960144,0.8786915,,,,
minesweeper,SAGE,2,512,3e-05,4,1780,roc_auc,0.9171785,0.8491999506950378,0.29609760642051697,0.9171785,,,,,roc_auc,0.904744,0.8471999764442444,0.3131523132324219,0.904744,,,,,roc_auc,0.904685,0.8420000076293945,0.31997519731521606,0.904685,,,,
minesweeper,SAGE,3,512,3e-05,4,1830,roc_auc,0.939227,0.882599949836731,0.25164636969566345,0.939227,,,,,roc_auc,0.919009,0.8651999831199646,0.2899867594242096,0.919009,,,,,roc_auc,0.9160860000000001,0.8628000020980835,0.30344849824905396,0.9160860000000001,,,,
minesweeper,SAGE,4,512,3e-05,4,1500,roc_auc,0.9596315,0.9061999917030334,0.20605160295963287,0.9596315,,,,,roc_auc,0.9265089999999999,0.876800000667572,0.2876557409763336,0.9265089999999999,,,,,roc_auc,0.9279550000000001,0.8787999749183655,0.2866172790527344,0.9279550000000001,,,,
minesweeper,SAGE,5,512,3e-05,4,1110,roc_auc,0.958215,0.8989999890327454,0.2154250144958496,0.958215,,,,,roc_auc,0.9375090000000001,0.8759999871253967,0.26187461614608765,0.9375090000000001,,,,,roc_auc,0.93701,0.8799999952316284,0.265760600566864,0.93701,,,,
minesweeper,SAGE,1,512,3e-05,5,3140,roc_auc,0.892396625,0.8452000021934509,0.30696532130241394,0.892396625,,,,,roc_auc,0.874864,0.8367999792098999,0.3299506604671478,0.874864,,,,,roc_auc,0.8901095,0.8459999561309814,0.3120693862438202,0.8901095,,,,
minesweeper,SAGE,2,512,3e-05,5,1170,roc_auc,0.9135597500000001,0.843999981880188,0.3158291280269623,0.9135597500000001,,,,,roc_auc,0.897843,0.8291999697685242,0.34243494272232056,0.897843,,,,,roc_auc,0.912635,0.839199960231781,0.3130577504634857,0.912635,,,,
minesweeper,SAGE,3,512,3e-05,5,1350,roc_auc,0.9361649999999999,0.8837999701499939,0.2559886574745178,0.9361649999999999,,,,,roc_auc,0.9171590000000001,0.8659999966621399,0.29131439328193665,0.9171590000000001,,,,,roc_auc,0.9264999999999999,0.868399977684021,0.2739594578742981,0.9264999999999999,,,,
minesweeper,SAGE,4,512,3e-05,5,1260,roc_auc,0.95316375,0.8894000053405762,0.2380884289741516,0.95316375,,,,,roc_auc,0.931074,0.8707999587059021,0.2856384813785553,0.931074,,,,,roc_auc,0.935196,0.8723999857902527,0.2756754159927368,0.935196,,,,
minesweeper,SAGE,5,512,3e-05,5,860,roc_auc,0.95845575,0.8949999809265137,0.2267569750547409,0.95845575,,,,,roc_auc,0.9327379999999998,0.8723999857902527,0.28452175855636597,0.9327379999999998,,,,,roc_auc,0.9403689999999999,0.8772000074386597,0.26775893568992615,0.9403689999999999,,,,
minesweeper,SAGE,1,512,3e-05,6,2820,roc_auc,0.8886860000000001,0.8425999879837036,0.31020405888557434,0.8886860000000001,,,,,roc_auc,0.8985719999999999,0.8491999506950378,0.2989043891429901,0.8985719999999999,,,,,roc_auc,0.8763179999999999,0.8323999643325806,0.3270222246646881,0.8763179999999999,,,,
minesweeper,SAGE,2,512,3e-05,6,1650,roc_auc,0.91141325,0.8453999757766724,0.3065497577190399,0.91141325,,,,,roc_auc,0.9213079999999999,0.8571999669075012,0.2900443375110626,0.9213079999999999,,,,,roc_auc,0.8993660000000001,0.8367999792098999,0.33071672916412354,0.8993660000000001,,,,
minesweeper,SAGE,3,512,3e-05,6,990,roc_auc,0.92521025,0.8631999492645264,0.2876819670200348,0.92521025,,,,,roc_auc,0.9328949999999999,0.8651999831199646,0.27134251594543457,0.9328949999999999,,,,,roc_auc,0.9115270000000001,0.8443999886512756,0.3105087876319885,0.9115270000000001,,,,
minesweeper,SAGE,4,512,3e-05,6,1010,roc_auc,0.9479602500000001,0.892799973487854,0.23505575954914093,0.9479602500000001,,,,,roc_auc,0.943599,0.8887999653816223,0.24216298758983612,0.943599,,,,,roc_auc,0.928305,0.8691999912261963,0.2764046788215637,0.928305,,,,
minesweeper,SAGE,5,512,3e-05,6,1070,roc_auc,0.9549877499999999,0.8967999815940857,0.22307738661766052,0.9549877499999999,,,,,roc_auc,0.9482409999999999,0.8915999531745911,0.2389194816350937,0.9482409999999999,,,,,roc_auc,0.9307630000000001,0.8691999912261963,0.278594046831131,0.9307630000000001,,,,
minesweeper,SAGE,1,512,3e-05,7,660,roc_auc,0.879375125,0.8389999866485596,0.32085931301116943,0.879375125,,,,,roc_auc,0.8826809999999999,0.8420000076293945,0.3195011019706726,0.8826809999999999,,,,,roc_auc,0.8928855,0.8479999899864197,0.30892646312713623,0.8928855,,,,
minesweeper,SAGE,2,512,3e-05,7,1210,roc_auc,0.9125789999999999,0.840999960899353,0.3092435896396637,0.9125789999999999,,,,,roc_auc,0.9034549999999999,0.839199960231781,0.3293207585811615,0.9034549999999999,,,,,roc_auc,0.9108689999999999,0.8547999858856201,0.30777913331985474,0.9108689999999999,,,,
minesweeper,SAGE,3,512,3e-05,7,1340,roc_auc,0.9337295000000001,0.8779999613761902,0.26106932759284973,0.9337295000000001,,,,,roc_auc,0.918372,0.8571999669075012,0.29558077454566956,0.918372,,,,,roc_auc,0.9171079999999999,0.8611999750137329,0.2919531464576721,0.9171079999999999,,,,
minesweeper,SAGE,4,512,3e-05,7,1590,roc_auc,0.9536639999999998,0.9067999720573425,0.21123641729354858,0.9536639999999998,,,,,roc_auc,0.9371560000000001,0.8867999911308289,0.2497943788766861,0.9371560000000001,,,,,roc_auc,0.9403799999999999,0.8871999979019165,0.24535565078258514,0.9403799999999999,,,,
minesweeper,SAGE,5,512,3e-05,7,1010,roc_auc,0.9524602500000001,0.9001999497413635,0.22715580463409424,0.9524602500000001,,,,,roc_auc,0.9419639999999999,0.8840000033378601,0.2610830068588257,0.9419639999999999,,,,,roc_auc,0.9440749999999999,0.8851999640464783,0.24827992916107178,0.9440749999999999,,,,
minesweeper,SAGE,1,512,3e-05,9,460,roc_auc,0.8836155,0.8398000001907349,0.3195313513278961,0.8836155,,,,,roc_auc,0.878671,0.8363999724388123,0.32337287068367004,0.878671,,,,,roc_auc,0.889469,0.8491999506950378,0.31337499618530273,0.889469,,,,
minesweeper,SAGE,2,512,3e-05,9,650,roc_auc,0.9103507500000001,0.8507999777793884,0.3071398437023163,0.9103507500000001,,,,,roc_auc,0.898562,0.8348000049591064,0.32552576065063477,0.898562,,,,,roc_auc,0.917346,0.8563999533653259,0.2981303334236145,0.917346,,,,
minesweeper,SAGE,3,512,3e-05,9,810,roc_auc,0.9353715,0.8757999539375305,0.2568050026893616,0.9353715,,,,,roc_auc,0.9140829999999999,0.8603999614715576,0.2979084253311157,0.9140829999999999,,,,,roc_auc,0.928262,0.8775999546051025,0.2733146548271179,0.928262,,,,
minesweeper,SAGE,4,512,3e-05,9,930,roc_auc,0.9518697500000002,0.8931999802589417,0.23366911709308624,0.9518697500000002,,,,,roc_auc,0.929469,0.8727999925613403,0.27700740098953247,0.929469,,,,,roc_auc,0.9428650000000001,0.8831999897956848,0.25111109018325806,0.9428650000000001,,,,
minesweeper,SAGE,5,512,3e-05,9,970,roc_auc,0.9564065,0.9016000032424927,0.2185257226228714,0.9564065,,,,,roc_auc,0.9342440000000001,0.8823999762535095,0.26405155658721924,0.9342440000000001,,,,,roc_auc,0.9453070000000001,0.8971999883651733,0.24198998510837555,0.9453070000000001,,,,
minesweeper,SAGE,1,512,3e-05,8,1120,roc_auc,0.882502125,0.8445999622344971,0.3162030279636383,0.882502125,,,,,roc_auc,0.8821865000000001,0.8407999873161316,0.3246976137161255,0.8821865000000001,,,,,roc_auc,0.8962225,0.8499999642372131,0.3077699542045593,0.8962225,,,,
minesweeper,SAGE,2,512,3e-05,8,960,roc_auc,0.9085394999999999,0.8407999873161316,0.3137597441673279,0.9085394999999999,,,,,roc_auc,0.90878,0.8467999696731567,0.3150385320186615,0.90878,,,,,roc_auc,0.9117869999999999,0.852400004863739,0.3078215718269348,0.9117869999999999,,,,
minesweeper,SAGE,3,512,3e-05,8,890,roc_auc,0.9313,0.8643999695777893,0.28056514263153076,0.9313,,,,,roc_auc,0.9176000000000001,0.8583999872207642,0.31074273586273193,0.9176000000000001,,,,,roc_auc,0.9212549999999999,0.8587999939918518,0.3018069863319397,0.9212549999999999,,,,
minesweeper,SAGE,4,512,3e-05,8,1040,roc_auc,0.95722,0.9034000039100647,0.21083252131938934,0.95722,,,,,roc_auc,0.933742,0.8723999857902527,0.2725878059864044,0.933742,,,,,roc_auc,0.9318299999999998,0.8783999681472778,0.2853924334049225,0.9318299999999998,,,,
minesweeper,SAGE,5,512,3e-05,8,900,roc_auc,0.95656925,0.9047999978065491,0.2106003612279892,0.95656925,,,,,roc_auc,0.9394579999999999,0.8876000046730042,0.25772032141685486,0.9394579999999999,,,,,roc_auc,0.939523,0.8863999843597412,0.26252850890159607,0.939523,,,,
minesweeper,GAT,1,512,3e-05,0,2910,roc_auc,0.89879925,0.8527999520301819,0.30088651180267334,0.89879925,,,,,roc_auc,0.871923,0.8283999562263489,0.34112274646759033,0.871923,,,,,roc_auc,0.8746524999999999,0.8339999914169312,0.3391636610031128,0.8746524999999999,,,,
minesweeper,GAT,2,512,3e-05,0,1080,roc_auc,0.9171975,0.8675999641418457,0.2770703136920929,0.9171975,,,,,roc_auc,0.888567,0.8471999764442444,0.316962331533432,0.888567,,,,,roc_auc,0.8941279999999999,0.8547999858856201,0.31090474128723145,0.8941279999999999,,,,
minesweeper,GAT,3,512,3e-05,0,1360,roc_auc,0.9398850000000001,0.8925999999046326,0.2397899329662323,0.9398850000000001,,,,,roc_auc,0.900828,0.8547999858856201,0.3018766939640045,0.900828,,,,,roc_auc,0.906822,0.8639999628067017,0.2945874333381653,0.906822,,,,
minesweeper,GAT,4,512,3e-05,0,1310,roc_auc,0.94476575,0.8967999815940857,0.23103460669517517,0.94476575,,,,,roc_auc,0.900198,0.843999981880188,0.31356576085090637,0.900198,,,,,roc_auc,0.905177,0.8603999614715576,0.3048543334007263,0.905177,,,,
minesweeper,GAT,5,512,3e-05,0,1350,roc_auc,0.9464662500000002,0.899399995803833,0.22790348529815674,0.9464662500000002,,,,,roc_auc,0.896795,0.8471999764442444,0.3238178491592407,0.896795,,,,,roc_auc,0.9033479999999999,0.8575999736785889,0.3118673861026764,0.9033479999999999,,,,
minesweeper,GAT,1,512,3e-05,1,4510,roc_auc,0.8906103750000001,0.8465999960899353,0.30674856901168823,0.8906103750000001,,,,,roc_auc,0.879681,0.8375999927520752,0.32705867290496826,0.879681,,,,,roc_auc,0.8888835,0.8379999995231628,0.31512168049812317,0.8888835,,,,
minesweeper,GAT,2,512,3e-05,1,1850,roc_auc,0.9153625000000001,0.8669999837875366,0.2794540226459503,0.9153625000000001,,,,,roc_auc,0.903767,0.8639999628067017,0.29678815603256226,0.903767,,,,,roc_auc,0.896463,0.8471999764442444,0.3038195073604584,0.896463,,,,
minesweeper,GAT,3,512,3e-05,1,2020,roc_auc,0.9375569999999999,0.8889999985694885,0.24424783885478973,0.9375569999999999,,,,,roc_auc,0.912739,0.8655999898910522,0.2838025689125061,0.912739,,,,,roc_auc,0.909586,0.8592000007629395,0.2878648340702057,0.909586,,,,
minesweeper,GAT,4,512,3e-05,1,1620,roc_auc,0.947069,0.8973999619483948,0.2304832935333252,0.947069,,,,,roc_auc,0.9179989999999999,0.8628000020980835,0.27728909254074097,0.9179989999999999,,,,,roc_auc,0.9190790000000001,0.8736000061035156,0.2710089683532715,0.9190790000000001,,,,
minesweeper,GAT,5,512,3e-05,1,1340,roc_auc,0.94031875,0.8923999667167664,0.2396213263273239,0.94031875,,,,,roc_auc,0.9155750000000001,0.8603999614715576,0.28046298027038574,0.9155750000000001,,,,,roc_auc,0.914122,0.8631999492645264,0.28077760338783264,0.914122,,,,
minesweeper,GAT,1,512,3e-05,2,3340,roc_auc,0.89324225,0.8479999899864197,0.3061090111732483,0.89324225,,,,,roc_auc,0.874097,0.8323999643325806,0.3299381732940674,0.874097,,,,,roc_auc,0.881191,0.839199960231781,0.3232261538505554,0.881191,,,,
minesweeper,GAT,2,512,3e-05,2,1610,roc_auc,0.91691725,0.8671999573707581,0.27859580516815186,0.91691725,,,,,roc_auc,0.895551,0.8511999845504761,0.3123282790184021,0.895551,,,,,roc_auc,0.8992770000000001,0.8547999858856201,0.30824175477027893,0.8992770000000001,,,,
minesweeper,GAT,3,512,3e-05,2,1420,roc_auc,0.9298967499999998,0.8721999526023865,0.2629753649234772,0.9298967499999998,,,,,roc_auc,0.9010569999999999,0.847599983215332,0.31007620692253113,0.9010569999999999,,,,,roc_auc,0.9015899999999999,0.8519999980926514,0.3094159960746765,0.9015899999999999,,,,
minesweeper,GAT,4,512,3e-05,2,1400,roc_auc,0.9514132499999999,0.895799994468689,0.21869592368602753,0.9514132499999999,,,,,roc_auc,0.908731,0.8579999804496765,0.31319326162338257,0.908731,,,,,roc_auc,0.9088569999999999,0.8596000075340271,0.31142929196357727,0.9088569999999999,,,,
minesweeper,GAT,5,512,3e-05,2,1270,roc_auc,0.9346952500000001,0.8817999958992004,0.2526451647281647,0.9346952500000001,,,,,roc_auc,0.906817,0.8555999994277954,0.2930200695991516,0.906817,,,,,roc_auc,0.913227,0.8619999885559082,0.2853565514087677,0.913227,,,,
minesweeper,GAT,1,512,3e-05,3,2140,roc_auc,0.895529,0.8465999960899353,0.30259889364242554,0.895529,,,,,roc_auc,0.8661565,0.8235999941825867,0.344624787569046,0.8661565,,,,,roc_auc,0.8791805,0.8339999914169312,0.3265925943851471,0.8791805,,,,
minesweeper,GAT,2,512,3e-05,3,740,roc_auc,0.91132,0.8605999946594238,0.28681814670562744,0.91132,,,,,roc_auc,0.8867569999999999,0.8459999561309814,0.3161729872226715,0.8867569999999999,,,,,roc_auc,0.8951389999999999,0.8511999845504761,0.30752769112586975,0.8951389999999999,,,,
minesweeper,GAT,3,512,3e-05,3,1140,roc_auc,0.93121875,0.8783999681472778,0.2573668956756592,0.93121875,,,,,roc_auc,0.895036,0.8503999710083008,0.31871938705444336,0.895036,,,,,roc_auc,0.9012389999999999,0.8531999588012695,0.31041669845581055,0.9012389999999999,,,,
minesweeper,GAT,4,512,3e-05,3,1490,roc_auc,0.9529295,0.9016000032424927,0.2144615352153778,0.9529295,,,,,roc_auc,0.903736,0.8575999736785889,0.3167033791542053,0.903736,,,,,roc_auc,0.9088550000000001,0.8587999939918518,0.3066696226596832,0.9088550000000001,,,,
minesweeper,GAT,5,512,3e-05,3,1180,roc_auc,0.95257425,0.9005999565124512,0.21714775264263153,0.95257425,,,,,roc_auc,0.902706,0.8603999614715576,0.31488826870918274,0.902706,,,,,roc_auc,0.9108279999999999,0.8655999898910522,0.2998001277446747,0.9108279999999999,,,,
minesweeper,GAT,1,512,3e-05,4,3010,roc_auc,0.8915683750000001,0.8434000015258789,0.30905917286872864,0.8915683750000001,,,,,roc_auc,0.8817625,0.8467999696731567,0.3193890452384949,0.8817625,,,,,roc_auc,0.8793115,0.8395999670028687,0.32645007967948914,0.8793115,,,,
minesweeper,GAT,2,512,3e-05,4,1100,roc_auc,0.9115082499999999,0.8631999492645264,0.28662580251693726,0.9115082499999999,,,,,roc_auc,0.901229,0.8560000061988831,0.29896101355552673,0.901229,,,,,roc_auc,0.900422,0.8507999777793884,0.3019886910915375,0.900422,,,,
minesweeper,GAT,3,512,3e-05,4,750,roc_auc,0.9208124999999999,0.8667999505996704,0.2785758078098297,0.9208124999999999,,,,,roc_auc,0.902826,0.8519999980926514,0.29989591240882874,0.902826,,,,,roc_auc,0.905474,0.8535999655723572,0.2976256310939789,0.905474,,,,
minesweeper,GAT,4,512,3e-05,4,1160,roc_auc,0.9409362500000001,0.8837999701499939,0.24483220279216766,0.9409362500000001,,,,,roc_auc,0.9052600000000001,0.8587999939918518,0.3021916151046753,0.9052600000000001,,,,,roc_auc,0.9054740000000001,0.8592000007629395,0.3019934594631195,0.9054740000000001,,,,
minesweeper,GAT,5,512,3e-05,4,1050,roc_auc,0.9268615,0.8743999600410461,0.26538553833961487,0.9268615,,,,,roc_auc,0.900892,0.8531999588012695,0.30141890048980713,0.900892,,,,,roc_auc,0.9051239999999999,0.8563999533653259,0.2954290509223938,0.9051239999999999,,,,
minesweeper,GAT,1,512,3e-05,5,780,roc_auc,0.883124375,0.8402000069618225,0.3183172345161438,0.883124375,,,,,roc_auc,0.874431,0.835599958896637,0.32676365971565247,0.874431,,,,,roc_auc,0.8826105,0.8416000008583069,0.3181287944316864,0.8826105,,,,
minesweeper,GAT,2,512,3e-05,5,1540,roc_auc,0.920396,0.8736000061035156,0.2712057828903198,0.920396,,,,,roc_auc,0.895081,0.8527999520301819,0.3111298382282257,0.895081,,,,,roc_auc,0.908998,0.8571999669075012,0.28905320167541504,0.908998,,,,
minesweeper,GAT,3,512,3e-05,5,1260,roc_auc,0.9373547499999999,0.8849999904632568,0.24538011848926544,0.9373547499999999,,,,,roc_auc,0.909179,0.8579999804496765,0.29155442118644714,0.909179,,,,,roc_auc,0.918506,0.8715999722480774,0.27855774760246277,0.918506,,,,
minesweeper,GAT,4,512,3e-05,5,1280,roc_auc,0.94967325,0.8991999626159668,0.2250703126192093,0.94967325,,,,,roc_auc,0.9079049999999999,0.8596000075340271,0.2957755923271179,0.9079049999999999,,,,,roc_auc,0.9148290000000001,0.8664000034332275,0.2880426049232483,0.9148290000000001,,,,
minesweeper,GAT,5,512,3e-05,5,1600,roc_auc,0.9589347500000001,0.9081999659538269,0.20230625569820404,0.9589347500000001,,,,,roc_auc,0.909057,0.8615999817848206,0.2954181134700775,0.909057,,,,,roc_auc,0.9145099999999999,0.8579999804496765,0.29190006852149963,0.9145099999999999,,,,
minesweeper,GAT,1,512,3e-05,6,2090,roc_auc,0.886074375,0.8399999737739563,0.31431010365486145,0.886074375,,,,,roc_auc,0.8955595000000001,0.8420000076293945,0.3061198592185974,0.8955595000000001,,,,,roc_auc,0.8735215000000001,0.8315999507904053,0.3319343030452728,0.8735215000000001,,,,
minesweeper,GAT,2,512,3e-05,6,1070,roc_auc,0.9046015,0.8569999933242798,0.29492661356925964,0.9046015,,,,,roc_auc,0.918107,0.8628000020980835,0.27855998277664185,0.918107,,,,,roc_auc,0.893474,0.8551999926567078,0.30903980135917664,0.893474,,,,
minesweeper,GAT,3,512,3e-05,6,1150,roc_auc,0.9292009999999999,0.8801999688148499,0.25938212871551514,0.9292009999999999,,,,,roc_auc,0.91915,0.8659999966621399,0.2794053852558136,0.91915,,,,,roc_auc,0.8988920000000001,0.8575999736785889,0.31098535656929016,0.8988920000000001,,,,
minesweeper,GAT,4,512,3e-05,6,1180,roc_auc,0.9372945,0.8877999782562256,0.24728792905807495,0.9372945,,,,,roc_auc,0.9226260000000002,0.8755999803543091,0.27414679527282715,0.9226260000000002,,,,,roc_auc,0.8989389999999998,0.8511999845504761,0.3187677562236786,0.8989389999999998,,,,
minesweeper,GAT,5,512,3e-05,6,1670,roc_auc,0.9521045,0.9041999578475952,0.2170407474040985,0.9521045,,,,,roc_auc,0.9247540000000001,0.8707999587059021,0.2803398668766022,0.9247540000000001,,,,,roc_auc,0.899388,0.8471999764442444,0.33414426445961,0.899388,,,,
minesweeper,GAT,1,512,3e-05,7,1730,roc_auc,0.8824585,0.837399959564209,0.31884321570396423,0.8824585,,,,,roc_auc,0.878337,0.8371999859809875,0.3281955122947693,0.878337,,,,,roc_auc,0.8894445,0.8467999696731567,0.313804566860199,0.8894445,,,,
minesweeper,GAT,2,512,3e-05,7,1290,roc_auc,0.9111475,0.8633999824523926,0.2857256233692169,0.9111475,,,,,roc_auc,0.89213,0.8467999696731567,0.31479814648628235,0.89213,,,,,roc_auc,0.897837,0.8555999994277954,0.30631834268569946,0.897837,,,,
minesweeper,GAT,3,512,3e-05,7,1590,roc_auc,0.9375550000000001,0.8837999701499939,0.2444991171360016,0.9375550000000001,,,,,roc_auc,0.898423,0.8547999858856201,0.3092621862888336,0.898423,,,,,roc_auc,0.904231,0.8551999926567078,0.3079201281070709,0.904231,,,,
minesweeper,GAT,4,512,3e-05,7,1270,roc_auc,0.943672,0.8912000060081482,0.23487170040607452,0.943672,,,,,roc_auc,0.9056230000000001,0.8611999750137329,0.31635916233062744,0.9056230000000001,,,,,roc_auc,0.9034410000000002,0.8596000075340271,0.3285137116909027,0.9034410000000002,,,,
minesweeper,GAT,5,512,3e-05,7,1470,roc_auc,0.957042,0.9007999897003174,0.20652718842029572,0.957042,,,,,roc_auc,0.904123,0.85999995470047,0.33302661776542664,0.904123,,,,,roc_auc,0.902683,0.8583999872207642,0.34237512946128845,0.902683,,,,
minesweeper,GAT,1,512,3e-05,8,2200,roc_auc,0.886443375,0.8441999554634094,0.31091776490211487,0.886443375,,,,,roc_auc,0.8793255,0.840399980545044,0.32679426670074463,0.8793255,,,,,roc_auc,0.8922460000000001,0.8463999629020691,0.3128455877304077,0.8922460000000001,,,,
minesweeper,GAT,2,512,3e-05,8,1550,roc_auc,0.9141047499999999,0.864799976348877,0.28006455302238464,0.9141047499999999,,,,,roc_auc,0.904479,0.8579999804496765,0.3017221689224243,0.904479,,,,,roc_auc,0.904879,0.8579999804496765,0.29977911710739136,0.904879,,,,
minesweeper,GAT,3,512,3e-05,8,800,roc_auc,0.9272017499999999,0.875,0.26629745960235596,0.9272017499999999,,,,,roc_auc,0.9130420000000001,0.8583999872207642,0.2884048819541931,0.9130420000000001,,,,,roc_auc,0.907856,0.8596000075340271,0.2951676547527313,0.907856,,,,
minesweeper,GAT,4,512,3e-05,8,740,roc_auc,0.9324624999999999,0.878600001335144,0.2557819187641144,0.9324624999999999,,,,,roc_auc,0.914681,0.864799976348877,0.2855715751647949,0.914681,,,,,roc_auc,0.9177169999999999,0.8667999505996704,0.28040453791618347,0.9177169999999999,,,,
minesweeper,GAT,5,512,3e-05,8,860,roc_auc,0.92579375,0.8763999938964844,0.2676278352737427,0.92579375,,,,,roc_auc,0.9128189999999999,0.8643999695777893,0.2857408821582794,0.9128189999999999,,,,,roc_auc,0.9146549999999999,0.8703999519348145,0.2821464538574219,0.9146549999999999,,,,
minesweeper,GAT,1,512,3e-05,9,1180,roc_auc,0.88626575,0.8425999879837036,0.3152119219303131,0.88626575,,,,,roc_auc,0.8748849999999999,0.8259999752044678,0.32778826355934143,0.8748849999999999,,,,,roc_auc,0.8916345,0.8511999845504761,0.3100961446762085,0.8916345,,,,
minesweeper,GAT,2,512,3e-05,9,710,roc_auc,0.9098934999999999,0.8610000014305115,0.28844350576400757,0.9098934999999999,,,,,roc_auc,0.89074,0.8395999670028687,0.3134985864162445,0.89074,,,,,roc_auc,0.909172,0.8619999885559082,0.2908995449542999,0.909172,,,,
minesweeper,GAT,3,512,3e-05,9,1110,roc_auc,0.93276025,0.8815999627113342,0.25532880425453186,0.93276025,,,,,roc_auc,0.8959959999999999,0.8503999710083008,0.30998650193214417,0.8959959999999999,,,,,roc_auc,0.917048,0.8639999628067017,0.27956831455230713,0.917048,,,,
minesweeper,GAT,4,512,3e-05,9,880,roc_auc,0.9428394999999999,0.88919997215271,0.23982182145118713,0.9428394999999999,,,,,roc_auc,0.9007210000000001,0.8535999655723572,0.3037720024585724,0.9007210000000001,,,,,roc_auc,0.9224559999999999,0.8715999722480774,0.27238038182258606,0.9224559999999999,,,,
minesweeper,GAT,5,512,3e-05,9,680,roc_auc,0.9324649999999999,0.8779999613761902,0.2571153938770294,0.9324649999999999,,,,,roc_auc,0.898613,0.8491999506950378,0.30331429839134216,0.898613,,,,,roc_auc,0.9207650000000001,0.8727999925613403,0.2743781805038452,0.9207650000000001,,,,
minesweeper,GAT-sep,1,512,3e-05,0,230,roc_auc,0.892530375,0.849399983882904,0.3112242817878723,0.892530375,,,,,roc_auc,0.8698245,0.8247999548912048,0.3435584008693695,0.8698245,,,,,roc_auc,0.873321,0.8363999724388123,0.33994266390800476,0.873321,,,,
minesweeper,GAT-sep,2,512,3e-05,0,590,roc_auc,0.92123875,0.8605999946594238,0.28150683641433716,0.92123875,,,,,roc_auc,0.893238,0.8375999927520752,0.3376561999320984,0.893238,,,,,roc_auc,0.901965,0.8479999899864197,0.3295992612838745,0.901965,,,,
minesweeper,GAT-sep,3,512,3e-05,0,780,roc_auc,0.943073,0.895799994468689,0.23663778603076935,0.943073,,,,,roc_auc,0.91156,0.8631999492645264,0.2997494041919708,0.91156,,,,,roc_auc,0.921532,0.8711999654769897,0.28267452120780945,0.921532,,,,
minesweeper,GAT-sep,4,512,3e-05,0,820,roc_auc,0.9581535,0.9083999991416931,0.20829132199287415,0.9581535,,,,,roc_auc,0.924917,0.8723999857902527,0.2936282157897949,0.924917,,,,,roc_auc,0.931649,0.8859999775886536,0.2762996554374695,0.931649,,,,
minesweeper,GAT-sep,5,512,3e-05,0,640,roc_auc,0.960046,0.911799967288971,0.20273429155349731,0.960046,,,,,roc_auc,0.9311579999999999,0.8772000074386597,0.2826281189918518,0.9311579999999999,,,,,roc_auc,0.9397679999999999,0.887999951839447,0.2623703181743622,0.9397679999999999,,,,
minesweeper,GAT-sep,1,512,3e-05,1,1960,roc_auc,0.8885897500000001,0.8453999757766724,0.31167519092559814,0.8885897500000001,,,,,roc_auc,0.8798360000000001,0.8315999507904053,0.3299161195755005,0.8798360000000001,,,,,roc_auc,0.88935,0.840399980545044,0.31819993257522583,0.88935,,,,
minesweeper,GAT-sep,2,512,3e-05,1,470,roc_auc,0.9129127500000002,0.8605999946594238,0.29212063550949097,0.9129127500000002,,,,,roc_auc,0.9062430000000001,0.8551999926567078,0.3050101101398468,0.9062430000000001,,,,,roc_auc,0.9007009999999999,0.8531999588012695,0.3150879740715027,0.9007009999999999,,,,
minesweeper,GAT-sep,3,512,3e-05,1,520,roc_auc,0.933222,0.8817999958992004,0.25963276624679565,0.933222,,,,,roc_auc,0.9231050000000001,0.8700000047683716,0.2795286774635315,0.9231050000000001,,,,,roc_auc,0.9185730000000001,0.8707999587059021,0.28300976753234863,0.9185730000000001,,,,
minesweeper,GAT-sep,4,512,3e-05,1,660,roc_auc,0.9565827499999999,0.9083999991416931,0.2101898193359375,0.9565827499999999,,,,,roc_auc,0.9366045,0.887999951839447,0.25802698731422424,0.9366045,,,,,roc_auc,0.9349029999999999,0.8807999491691589,0.2590717673301697,0.9349029999999999,,,,
minesweeper,GAT-sep,5,512,3e-05,1,840,roc_auc,0.9618729999999999,0.915399968624115,0.19971700012683868,0.9618729999999999,,,,,roc_auc,0.9421959999999999,0.892799973487854,0.25076422095298767,0.9421959999999999,,,,,roc_auc,0.943061,0.8871999979019165,0.2481590211391449,0.943061,,,,
minesweeper,GAT-sep,1,512,3e-05,2,1100,roc_auc,0.892174,0.8455999493598938,0.310286283493042,0.892174,,,,,roc_auc,0.8743025,0.8299999833106995,0.33289003372192383,0.8743025,,,,,roc_auc,0.8805324999999999,0.8379999995231628,0.32641535997390747,0.8805324999999999,,,,
minesweeper,GAT-sep,2,512,3e-05,2,630,roc_auc,0.9178865,0.863599956035614,0.282792866230011,0.9178865,,,,,roc_auc,0.8985390000000001,0.848800003528595,0.3250614106655121,0.8985390000000001,,,,,roc_auc,0.9056190000000002,0.8531999588012695,0.30558615922927856,0.9056190000000002,,,,
minesweeper,GAT-sep,3,512,3e-05,2,550,roc_auc,0.9336887499999998,0.8833999633789062,0.2533867657184601,0.9336887499999998,,,,,roc_auc,0.921313,0.873199999332428,0.28578463196754456,0.921313,,,,,roc_auc,0.91971,0.8736000061035156,0.2804346978664398,0.91971,,,,
minesweeper,GAT-sep,4,512,3e-05,2,680,roc_auc,0.952877,0.9016000032424927,0.22448065876960754,0.952877,,,,,roc_auc,0.927481,0.8819999694824219,0.296638548374176,0.927481,,,,,roc_auc,0.932919,0.8827999830245972,0.2759721577167511,0.932919,,,,
minesweeper,GAT-sep,5,512,3e-05,2,640,roc_auc,0.9598019999999999,0.9106000065803528,0.2055417001247406,0.9598019999999999,,,,,roc_auc,0.9312579999999999,0.8827999830245972,0.2949877381324768,0.9312579999999999,,,,,roc_auc,0.9361970000000001,0.884399950504303,0.2729804515838623,0.9361970000000001,,,,
minesweeper,GAT-sep,1,512,3e-05,3,1920,roc_auc,0.89764825,0.8467999696731567,0.3011736273765564,0.89764825,,,,,roc_auc,0.8678755,0.8279999494552612,0.346655011177063,0.8678755,,,,,roc_auc,0.880056,0.8375999927520752,0.3294108211994171,0.880056,,,,
minesweeper,GAT-sep,2,512,3e-05,3,460,roc_auc,0.92041375,0.8593999743461609,0.2835179567337036,0.92041375,,,,,roc_auc,0.893035,0.8435999751091003,0.33810198307037354,0.893035,,,,,roc_auc,0.899935,0.8519999980926514,0.32470351457595825,0.899935,,,,
minesweeper,GAT-sep,3,512,3e-05,3,670,roc_auc,0.9427102500000001,0.8907999992370605,0.2370259016752243,0.9427102500000001,,,,,roc_auc,0.9118090000000002,0.864799976348877,0.3065584897994995,0.9118090000000002,,,,,roc_auc,0.918494,0.8687999844551086,0.28984373807907104,0.918494,,,,
minesweeper,GAT-sep,4,512,3e-05,3,690,roc_auc,0.9566307499999999,0.9055999517440796,0.20728442072868347,0.9566307499999999,,,,,roc_auc,0.9281809999999999,0.8783999681472778,0.2767975926399231,0.9281809999999999,,,,,roc_auc,0.9303959999999999,0.8807999491691589,0.2693415582180023,0.9303959999999999,,,,
minesweeper,GAT-sep,5,512,3e-05,3,580,roc_auc,0.9614247499999999,0.9099999666213989,0.1973053216934204,0.9614247499999999,,,,,roc_auc,0.9341320000000001,0.8840000033378601,0.26821333169937134,0.9341320000000001,,,,,roc_auc,0.9358430000000001,0.8871999979019165,0.2604008615016937,0.9358430000000001,,,,
minesweeper,GAT-sep,1,512,3e-05,4,1900,roc_auc,0.89098875,0.8402000069618225,0.31203943490982056,0.89098875,,,,,roc_auc,0.884365,0.8399999737739563,0.32019761204719543,0.884365,,,,,roc_auc,0.8774055,0.8371999859809875,0.3349127769470215,0.8774055,,,,
minesweeper,GAT-sep,2,512,3e-05,4,610,roc_auc,0.9183905,0.8519999980926514,0.29256317019462585,0.9183905,,,,,roc_auc,0.905684,0.8431999683380127,0.3147619664669037,0.905684,,,,,roc_auc,0.9006190000000001,0.8399999737739563,0.3281240463256836,0.9006190000000001,,,,
minesweeper,GAT-sep,3,512,3e-05,4,610,roc_auc,0.938773,0.8851999640464783,0.2452751100063324,0.938773,,,,,roc_auc,0.9229880000000001,0.8779999613761902,0.27894002199172974,0.9229880000000001,,,,,roc_auc,0.9212250000000001,0.8727999925613403,0.2863987982273102,0.9212250000000001,,,,
minesweeper,GAT-sep,4,512,3e-05,4,550,roc_auc,0.9514002500000001,0.8983999490737915,0.22062677145004272,0.9514002500000001,,,,,roc_auc,0.9297629999999999,0.8807999491691589,0.27619946002960205,0.9297629999999999,,,,,roc_auc,0.9331860000000002,0.8787999749183655,0.2710821330547333,0.9331860000000002,,,,
minesweeper,GAT-sep,5,512,3e-05,4,540,roc_auc,0.9574145,0.9063999652862549,0.20761074125766754,0.9574145,,,,,roc_auc,0.9344630000000002,0.8851999640464783,0.27029359340667725,0.9344630000000002,,,,,roc_auc,0.934453,0.8815999627113342,0.27119725942611694,0.934453,,,,
minesweeper,GAT-sep,1,512,3e-05,5,250,roc_auc,0.884578375,0.8393999934196472,0.3203568160533905,0.884578375,,,,,roc_auc,0.8735314999999999,0.835599958896637,0.33367055654525757,0.8735314999999999,,,,,roc_auc,0.885929,0.8452000021934509,0.3179686665534973,0.885929,,,,
minesweeper,GAT-sep,2,512,3e-05,5,430,roc_auc,0.91400625,0.8611999750137329,0.29625019431114197,0.91400625,,,,,roc_auc,0.8977919999999999,0.842799961566925,0.32262688875198364,0.8977919999999999,,,,,roc_auc,0.911264,0.8515999913215637,0.29554593563079834,0.911264,,,,
minesweeper,GAT-sep,3,512,3e-05,5,610,roc_auc,0.93960425,0.8912000060081482,0.2417837381362915,0.93960425,,,,,roc_auc,0.921968,0.8723999857902527,0.2769532799720764,0.921968,,,,,roc_auc,0.9281329999999999,0.8759999871253967,0.26554158329963684,0.9281329999999999,,,,
minesweeper,GAT-sep,4,512,3e-05,5,770,roc_auc,0.9574759999999999,0.9067999720573425,0.20748017728328705,0.9574759999999999,,,,,roc_auc,0.9319580000000001,0.8823999762535095,0.26926836371421814,0.9319580000000001,,,,,roc_auc,0.9366050000000001,0.8823999762535095,0.2607487738132477,0.9366050000000001,,,,
minesweeper,GAT-sep,5,512,3e-05,5,590,roc_auc,0.95575325,0.9031999707221985,0.21044418215751648,0.95575325,,,,,roc_auc,0.9340329999999999,0.88919997215271,0.26303887367248535,0.9340329999999999,,,,,roc_auc,0.9376369999999999,0.8867999911308289,0.2547609806060791,0.9376369999999999,,,,
minesweeper,GAT-sep,1,512,3e-05,6,970,roc_auc,0.8852897500000001,0.840399980545044,0.3176931142807007,0.8852897500000001,,,,,roc_auc,0.8961439999999999,0.8471999764442444,0.3054313361644745,0.8961439999999999,,,,,roc_auc,0.8745175000000001,0.835599958896637,0.33291399478912354,0.8745175000000001,,,,
minesweeper,GAT-sep,2,512,3e-05,6,540,roc_auc,0.910911,0.8519999980926514,0.3017677068710327,0.910911,,,,,roc_auc,0.9205689999999999,0.85999995470047,0.2845287024974823,0.9205689999999999,,,,,roc_auc,0.896948,0.8435999751091003,0.32991015911102295,0.896948,,,,
minesweeper,GAT-sep,3,512,3e-05,6,510,roc_auc,0.9327177499999999,0.8847999572753906,0.2545689344406128,0.9327177499999999,,,,,roc_auc,0.93262,0.8763999938964844,0.2522553503513336,0.93262,,,,,roc_auc,0.913046,0.8643999695777893,0.28897953033447266,0.913046,,,,
minesweeper,GAT-sep,4,512,3e-05,6,870,roc_auc,0.957569125,0.9075999855995178,0.20694120228290558,0.957569125,,,,,roc_auc,0.94001,0.8912000060081482,0.2552540600299835,0.94001,,,,,roc_auc,0.92268,0.8723999857902527,0.291456937789917,0.92268,,,,
minesweeper,GAT-sep,5,512,3e-05,6,760,roc_auc,0.9622522499999999,0.9113999605178833,0.19637589156627655,0.9622522499999999,,,,,roc_auc,0.943085,0.8895999789237976,0.2539578676223755,0.943085,,,,,roc_auc,0.9278329999999999,0.8791999816894531,0.29039934277534485,0.9278329999999999,,,,
minesweeper,GAT-sep,1,512,3e-05,7,160,roc_auc,0.878545375,0.8363999724388123,0.3258349895477295,0.878545375,,,,,roc_auc,0.881019,0.8359999656677246,0.32508420944213867,0.881019,,,,,roc_auc,0.8903785,0.8431999683380127,0.3163094222545624,0.8903785,,,,
minesweeper,GAT-sep,2,512,3e-05,7,350,roc_auc,0.91028825,0.848800003528595,0.30505478382110596,0.91028825,,,,,roc_auc,0.898916,0.8447999954223633,0.33414143323898315,0.898916,,,,,roc_auc,0.905269,0.8579999804496765,0.3149701654911041,0.905269,,,,
minesweeper,GAT-sep,3,512,3e-05,7,600,roc_auc,0.93491175,0.8837999701499939,0.2513924837112427,0.93491175,,,,,roc_auc,0.9172429999999999,0.8664000034332275,0.2886899709701538,0.9172429999999999,,,,,roc_auc,0.9203319999999998,0.864799976348877,0.2877523899078369,0.9203319999999998,,,,
minesweeper,GAT-sep,4,512,3e-05,7,640,roc_auc,0.9483152499999998,0.8999999761581421,0.22674736380577087,0.9483152499999998,,,,,roc_auc,0.932443,0.8831999897956848,0.26398423314094543,0.932443,,,,,roc_auc,0.9353239999999999,0.8811999559402466,0.2665878236293793,0.9353239999999999,,,,
minesweeper,GAT-sep,5,512,3e-05,7,790,roc_auc,0.9659935000000001,0.9192000031471252,0.18696102499961853,0.9659935000000001,,,,,roc_auc,0.93964,0.8867999911308289,0.27586519718170166,0.93964,,,,,roc_auc,0.9427319999999999,0.8915999531745911,0.2744387686252594,0.9427319999999999,,,,
minesweeper,GAT-sep,1,512,3e-05,9,140,roc_auc,0.881988625,0.8381999731063843,0.32519304752349854,0.881988625,,,,,roc_auc,0.8740995,0.8331999778747559,0.33419087529182434,0.8740995,,,,,roc_auc,0.8887594999999999,0.8471999764442444,0.3170081079006195,0.8887594999999999,,,,
minesweeper,GAT-sep,2,512,3e-05,9,250,roc_auc,0.91285025,0.8596000075340271,0.2929643988609314,0.91285025,,,,,roc_auc,0.8964200000000001,0.848800003528595,0.3230295777320862,0.8964200000000001,,,,,roc_auc,0.9159360000000001,0.8603999614715576,0.2909846603870392,0.9159360000000001,,,,
minesweeper,GAT-sep,3,512,3e-05,9,590,roc_auc,0.939619,0.8912000060081482,0.24481092393398285,0.939619,,,,,roc_auc,0.9131739999999999,0.8623999953269958,0.3047727048397064,0.9131739999999999,,,,,roc_auc,0.929538,0.8863999843597412,0.2690529227256775,0.929538,,,,
minesweeper,GAT-sep,4,512,3e-05,9,570,roc_auc,0.96477275,0.9167999625205994,0.1879233568906784,0.96477275,,,,,roc_auc,0.927048,0.8763999938964844,0.30045759677886963,0.927048,,,,,roc_auc,0.9371010000000001,0.8859999775886536,0.2714492082595825,0.9371010000000001,,,,
minesweeper,GAT-sep,5,512,3e-05,9,520,roc_auc,0.9605030000000001,0.9127999544143677,0.19958780705928802,0.9605030000000001,,,,,roc_auc,0.927859,0.8772000074386597,0.2926047146320343,0.927859,,,,,roc_auc,0.9407599999999999,0.88919997215271,0.255673348903656,0.9407599999999999,,,,
minesweeper,GAT-sep,1,512,3e-05,8,1050,roc_auc,0.8847213749999999,0.8443999886512756,0.31409451365470886,0.8847213749999999,,,,,roc_auc,0.8825999999999999,0.8452000021934509,0.3262821137905121,0.8825999999999999,,,,,roc_auc,0.8939765,0.8503999710083008,0.3078695237636566,0.8939765,,,,
minesweeper,GAT-sep,2,512,3e-05,8,610,roc_auc,0.913677,0.8631999492645264,0.28398704528808594,0.913677,,,,,roc_auc,0.909797,0.8631999492645264,0.2998000979423523,0.909797,,,,,roc_auc,0.910056,0.8596000075340271,0.29704588651657104,0.910056,,,,
minesweeper,GAT-sep,3,512,3e-05,8,550,roc_auc,0.93828825,0.8863999843597412,0.2524832487106323,0.93828825,,,,,roc_auc,0.9176599999999999,0.8667999505996704,0.3081786334514618,0.9176599999999999,,,,,roc_auc,0.9172859999999999,0.864799976348877,0.3111371397972107,0.9172859999999999,,,,
minesweeper,GAT-sep,4,512,3e-05,8,740,roc_auc,0.958326,0.9095999598503113,0.20575682818889618,0.958326,,,,,roc_auc,0.9275339999999999,0.8743999600410461,0.2986716628074646,0.9275339999999999,,,,,roc_auc,0.9272820000000002,0.8772000074386597,0.30077794194221497,0.9272820000000002,,,,
minesweeper,GAT-sep,5,512,3e-05,8,630,roc_auc,0.95932925,0.9149999618530273,0.20085671544075012,0.95932925,,,,,roc_auc,0.929393,0.8751999735832214,0.29124805331230164,0.929393,,,,,roc_auc,0.9318299999999999,0.8807999491691589,0.2863563001155853,0.9318299999999999,,,,
minesweeper,GT,1,512,3e-05,0,490,roc_auc,0.8973935000000001,0.8479999899864197,0.3078129291534424,0.8973935000000001,,,,,roc_auc,0.8711155,0.8247999548912048,0.3512367010116577,0.8711155,,,,,roc_auc,0.87485,0.8263999819755554,0.3448757827281952,0.87485,,,,
minesweeper,GT,2,512,3e-05,0,580,roc_auc,0.92183625,0.861799955368042,0.28530359268188477,0.92183625,,,,,roc_auc,0.89072,0.8343999981880188,0.3527640998363495,0.89072,,,,,roc_auc,0.8998209999999999,0.8423999547958374,0.339386910200119,0.8998209999999999,,,,
minesweeper,GT,3,512,3e-05,0,820,roc_auc,0.9464232499999999,0.895799994468689,0.2316337376832962,0.9464232499999999,,,,,roc_auc,0.904953,0.8519999980926514,0.3264762759208679,0.904953,,,,,roc_auc,0.9142840000000001,0.8592000007629395,0.3115164339542389,0.9142840000000001,,,,
minesweeper,GT,4,512,3e-05,0,920,roc_auc,0.9634739999999999,0.915399968624115,0.1909368932247162,0.9634739999999999,,,,,roc_auc,0.9158599999999999,0.863599956035614,0.31264179944992065,0.9158599999999999,,,,,roc_auc,0.9229910000000001,0.871999979019165,0.3028757572174072,0.9229910000000001,,,,
minesweeper,GT,5,512,3e-05,0,870,roc_auc,0.9700665,0.9231999516487122,0.174189031124115,0.9700665,,,,,roc_auc,0.925455,0.8751999735832214,0.2997361421585083,0.925455,,,,,roc_auc,0.9322889999999999,0.8804000020027161,0.28818392753601074,0.9322889999999999,,,,
minesweeper,GT,1,512,3e-05,1,1150,roc_auc,0.888572,0.843999981880188,0.3133869767189026,0.888572,,,,,roc_auc,0.879339,0.8327999711036682,0.3338474929332733,0.879339,,,,,roc_auc,0.889093,0.8395999670028687,0.32162392139434814,0.889093,,,,
minesweeper,GT,2,512,3e-05,1,320,roc_auc,0.91080475,0.8551999926567078,0.30131933093070984,0.91080475,,,,,roc_auc,0.9050160000000002,0.8507999777793884,0.31512749195098877,0.9050160000000002,,,,,roc_auc,0.9005340000000002,0.8515999913215637,0.322837769985199,0.9005340000000002,,,,
minesweeper,GT,3,512,3e-05,1,770,roc_auc,0.940346,0.890999972820282,0.24202504754066467,0.940346,,,,,roc_auc,0.9179330000000001,0.8715999722480774,0.2950870990753174,0.9179330000000001,,,,,roc_auc,0.912647,0.8615999817848206,0.3061790466308594,0.912647,,,,
minesweeper,GT,4,512,3e-05,1,850,roc_auc,0.9572444999999999,0.9093999862670898,0.20506542921066284,0.9572444999999999,,,,,roc_auc,0.9267730000000001,0.8775999546051025,0.2808968126773834,0.9267730000000001,,,,,roc_auc,0.9235760000000001,0.8703999519348145,0.28928640484809875,0.9235760000000001,,,,
minesweeper,GT,5,512,3e-05,1,950,roc_auc,0.97056725,0.9233999848365784,0.17366816103458405,0.97056725,,,,,roc_auc,0.9299419999999999,0.8779999613761902,0.2883976399898529,0.9299419999999999,,,,,roc_auc,0.927363,0.8783999681472778,0.29460886120796204,0.927363,,,,
minesweeper,GT,1,512,3e-05,2,1020,roc_auc,0.8926166249999999,0.84579998254776,0.31010034680366516,0.8926166249999999,,,,,roc_auc,0.8761034999999999,0.8312000036239624,0.3313968777656555,0.8761034999999999,,,,,roc_auc,0.881062,0.8411999940872192,0.3257767856121063,0.881062,,,,
minesweeper,GT,2,512,3e-05,2,730,roc_auc,0.9204510000000001,0.8659999966621399,0.27726778388023376,0.9204510000000001,,,,,roc_auc,0.897537,0.8431999683380127,0.3257367014884949,0.897537,,,,,roc_auc,0.9033880000000001,0.8507999777793884,0.3082761764526367,0.9033880000000001,,,,
minesweeper,GT,3,512,3e-05,2,610,roc_auc,0.9346597500000001,0.8849999904632568,0.25316911935806274,0.9346597500000001,,,,,roc_auc,0.916873,0.8707999587059021,0.29824164509773254,0.916873,,,,,roc_auc,0.916913,0.8623999953269958,0.2888331413269043,0.916913,,,,
minesweeper,GT,4,512,3e-05,2,900,roc_auc,0.95687975,0.9075999855995178,0.20881786942481995,0.95687975,,,,,roc_auc,0.9246129999999999,0.8811999559402466,0.3037335276603699,0.9246129999999999,,,,,roc_auc,0.923653,0.8659999966621399,0.29287391901016235,0.923653,,,,
minesweeper,GT,5,512,3e-05,2,650,roc_auc,0.95852025,0.9109999537467957,0.20481981337070465,0.95852025,,,,,roc_auc,0.929209,0.88919997215271,0.287680447101593,0.929209,,,,,roc_auc,0.929198,0.8715999722480774,0.27934566140174866,0.929198,,,,
minesweeper,GT,1,512,3e-05,3,1080,roc_auc,0.8975857500000001,0.8481999635696411,0.3053562641143799,0.8975857500000001,,,,,roc_auc,0.8700319999999999,0.8283999562263489,0.35124558210372925,0.8700319999999999,,,,,roc_auc,0.8815590000000001,0.8363999724388123,0.3342866003513336,0.8815590000000001,,,,
minesweeper,GT,2,512,3e-05,3,560,roc_auc,0.92315175,0.863599956035614,0.2811183035373688,0.92315175,,,,,roc_auc,0.8940689999999999,0.8479999899864197,0.3429180979728699,0.8940689999999999,,,,,roc_auc,0.8991619999999999,0.8435999751091003,0.33248037099838257,0.8991619999999999,,,,
minesweeper,GT,3,512,3e-05,3,600,roc_auc,0.9422194999999999,0.8841999769210815,0.24779896438121796,0.9422194999999999,,,,,roc_auc,0.907862,0.8543999791145325,0.32842332124710083,0.907862,,,,,roc_auc,0.912959,0.8611999750137329,0.31514883041381836,0.912959,,,,
minesweeper,GT,4,512,3e-05,3,770,roc_auc,0.96682825,0.9215999841690063,0.18214382231235504,0.96682825,,,,,roc_auc,0.91733,0.868399977684021,0.31774014234542847,0.91733,,,,,roc_auc,0.9199559999999999,0.8711999654769897,0.3048282563686371,0.9199559999999999,,,,
minesweeper,GT,5,512,3e-05,3,710,roc_auc,0.9695910000000001,0.9228000044822693,0.17460662126541138,0.9695910000000001,,,,,roc_auc,0.9239290000000001,0.8751999735832214,0.3062165677547455,0.9239290000000001,,,,,roc_auc,0.926515,0.8775999546051025,0.2927720248699188,0.926515,,,,
minesweeper,GT,1,512,3e-05,5,470,roc_auc,0.889353875,0.8420000076293945,0.31726521253585815,0.889353875,,,,,roc_auc,0.8753645000000001,0.8348000049591064,0.3343927264213562,0.8753645000000001,,,,,roc_auc,0.888567,0.8416000008583069,0.3164912462234497,0.888567,,,,
minesweeper,GT,2,512,3e-05,5,460,roc_auc,0.91356525,0.8585999608039856,0.2954348921775818,0.91356525,,,,,roc_auc,0.896638,0.8416000008583069,0.3233269155025482,0.896638,,,,,roc_auc,0.910836,0.8527999520301819,0.2967962920665741,0.910836,,,,
minesweeper,GT,3,512,3e-05,5,800,roc_auc,0.93883275,0.894599974155426,0.24800294637680054,0.93883275,,,,,roc_auc,0.9125769999999999,0.8583999872207642,0.3068927228450775,0.9125769999999999,,,,,roc_auc,0.920936,0.8664000034332275,0.28991296887397766,0.920936,,,,
minesweeper,GT,4,512,3e-05,5,970,roc_auc,0.9573555000000001,0.9075999855995178,0.20709829032421112,0.9573555000000001,,,,,roc_auc,0.917911,0.8707999587059021,0.3057215213775635,0.917911,,,,,roc_auc,0.9249470000000002,0.8655999898910522,0.28863659501075745,0.9249470000000002,,,,
minesweeper,GT,5,512,3e-05,5,660,roc_auc,0.955339,0.9065999984741211,0.21099567413330078,0.955339,,,,,roc_auc,0.923413,0.8751999735832214,0.28725889325141907,0.923413,,,,,roc_auc,0.9316180000000001,0.8743999600410461,0.2689076364040375,0.9316180000000001,,,,
minesweeper,GT,1,512,3e-05,4,730,roc_auc,0.8895925,0.8357999920845032,0.32145291566848755,0.8895925,,,,,roc_auc,0.887815,0.8363999724388123,0.3176519572734833,0.887815,,,,,roc_auc,0.8806605,0.8295999765396118,0.3334369957447052,0.8806605,,,,
minesweeper,GT,2,512,3e-05,4,700,roc_auc,0.92173025,0.8585999608039856,0.2899700999259949,0.92173025,,,,,roc_auc,0.9050420000000001,0.8467999696731567,0.31943464279174805,0.9050420000000001,,,,,roc_auc,0.9001089999999999,0.8375999927520752,0.3363303542137146,0.9001089999999999,,,,
minesweeper,GT,3,512,3e-05,4,870,roc_auc,0.9475722499999999,0.8919999599456787,0.2337322235107422,0.9475722499999999,,,,,roc_auc,0.9149570000000001,0.8596000075340271,0.3063770830631256,0.9149570000000001,,,,,roc_auc,0.9104729999999999,0.8503999710083008,0.3260548412799835,0.9104729999999999,,,,
minesweeper,GT,4,512,3e-05,4,950,roc_auc,0.969449,0.9175999760627747,0.1780667006969452,0.969449,,,,,roc_auc,0.923486,0.8707999587059021,0.31114113330841064,0.923486,,,,,roc_auc,0.921055,0.864799976348877,0.32323700189590454,0.921055,,,,
minesweeper,GT,5,512,3e-05,4,880,roc_auc,0.9764655,0.9307999610900879,0.15721610188484192,0.9764655,,,,,roc_auc,0.9285680000000001,0.8755999803543091,0.31368789076805115,0.9285680000000001,,,,,roc_auc,0.923706,0.8700000047683716,0.32715508341789246,0.923706,,,,
minesweeper,GT,1,512,3e-05,6,760,roc_auc,0.8872227500000001,0.8381999731063843,0.3230375647544861,0.8872227500000001,,,,,roc_auc,0.8987615,0.8452000021934509,0.3085069954395294,0.8987615,,,,,roc_auc,0.8755904999999999,0.8263999819755554,0.3395889401435852,0.8755904999999999,,,,
minesweeper,GT,2,512,3e-05,6,710,roc_auc,0.9121612499999999,0.8587999939918518,0.29760751128196716,0.9121612499999999,,,,,roc_auc,0.9185949999999999,0.8555999994277954,0.2858772277832031,0.9185949999999999,,,,,roc_auc,0.895064,0.8399999737739563,0.3339649736881256,0.895064,,,,
minesweeper,GT,3,512,3e-05,6,590,roc_auc,0.9331445,0.866599977016449,0.2775515615940094,0.9331445,,,,,roc_auc,0.9288450000000001,0.8567999601364136,0.2848542630672455,0.9288450000000001,,,,,roc_auc,0.908594,0.842799961566925,0.3307954967021942,0.908594,,,,
minesweeper,GT,4,512,3e-05,6,1080,roc_auc,0.9677362499999999,0.9185999631881714,0.17922672629356384,0.9677362499999999,,,,,roc_auc,0.9341030000000001,0.8804000020027161,0.2722334563732147,0.9341030000000001,,,,,roc_auc,0.913978,0.8551999926567078,0.32459497451782227,0.913978,,,,
minesweeper,GT,5,512,3e-05,6,860,roc_auc,0.96510125,0.9143999814987183,0.18915799260139465,0.96510125,,,,,roc_auc,0.938128,0.8819999694824219,0.2604772746562958,0.938128,,,,,roc_auc,0.920686,0.8664000034332275,0.30445805191993713,0.920686,,,,
minesweeper,GT,1,512,3e-05,7,560,roc_auc,0.885802875,0.8381999731063843,0.3238494396209717,0.885802875,,,,,roc_auc,0.8802855,0.8287999629974365,0.33700546622276306,0.8802855,,,,,roc_auc,0.8903915,0.8459999561309814,0.3221586346626282,0.8903915,,,,
minesweeper,GT,2,512,3e-05,7,360,roc_auc,0.9105274999999999,0.8519999980926514,0.3037366569042206,0.9105274999999999,,,,,roc_auc,0.8996200000000001,0.843999981880188,0.3317298889160156,0.8996200000000001,,,,,roc_auc,0.9059939999999999,0.8571999669075012,0.31585341691970825,0.9059939999999999,,,,
minesweeper,GT,3,512,3e-05,7,580,roc_auc,0.93523475,0.882599949836731,0.257174551486969,0.93523475,,,,,roc_auc,0.916241,0.8628000020980835,0.30732041597366333,0.916241,,,,,roc_auc,0.9168250000000001,0.8655999898910522,0.3061838150024414,0.9168250000000001,,,,
minesweeper,GT,4,512,3e-05,7,900,roc_auc,0.9578320000000001,0.9093999862670898,0.20229043066501617,0.9578320000000001,,,,,roc_auc,0.923278,0.8727999925613403,0.30068251490592957,0.923278,,,,,roc_auc,0.92703,0.8795999884605408,0.29617413878440857,0.92703,,,,
minesweeper,GT,5,512,3e-05,7,1010,roc_auc,0.9721912500000001,0.9293999671936035,0.163908451795578,0.9721912500000001,,,,,roc_auc,0.929733,0.8755999803543091,0.30272212624549866,0.929733,,,,,roc_auc,0.9360030000000001,0.8867999911308289,0.28695639967918396,0.9360030000000001,,,,
minesweeper,GT,1,512,3e-05,9,340,roc_auc,0.887234125,0.8395999670028687,0.3184922933578491,0.887234125,,,,,roc_auc,0.8753015000000001,0.8312000036239624,0.3362103998661041,0.8753015000000001,,,,,roc_auc,0.8927175,0.8515999913215637,0.3144248425960541,0.8927175,,,,
minesweeper,GT,2,512,3e-05,9,290,roc_auc,0.906778,0.8507999777793884,0.306676983833313,0.906778,,,,,roc_auc,0.89313,0.8379999995231628,0.3305060565471649,0.89313,,,,,roc_auc,0.9125589999999999,0.8571999669075012,0.30019205808639526,0.9125589999999999,,,,
minesweeper,GT,3,512,3e-05,9,480,roc_auc,0.9356955,0.8811999559402466,0.2502390742301941,0.9356955,,,,,roc_auc,0.903908,0.8567999601364136,0.3234650194644928,0.903908,,,,,roc_auc,0.9261289999999999,0.8811999559402466,0.28025415539741516,0.9261289999999999,,,,
minesweeper,GT,4,512,3e-05,9,730,roc_auc,0.9687240000000001,0.920799970626831,0.17493219673633575,0.9687240000000001,,,,,roc_auc,0.9141720000000001,0.8715999722480774,0.3300609290599823,0.9141720000000001,,,,,roc_auc,0.9276989999999999,0.8791999816894531,0.2947812080383301,0.9276989999999999,,,,
minesweeper,GT,5,512,3e-05,9,630,roc_auc,0.9699825,0.9243999719619751,0.17242871224880219,0.9699825,,,,,roc_auc,0.9184659999999999,0.8700000047683716,0.3267466425895691,0.9184659999999999,,,,,roc_auc,0.9311989999999999,0.8799999952316284,0.2882702052593231,0.9311989999999999,,,,
minesweeper,GT,1,512,3e-05,8,1220,roc_auc,0.885052,0.842199981212616,0.3126286268234253,0.885052,,,,,roc_auc,0.881966,0.8399999737739563,0.32553964853286743,0.881966,,,,,roc_auc,0.894101,0.8483999967575073,0.30827054381370544,0.894101,,,,
minesweeper,GT,2,512,3e-05,8,380,roc_auc,0.9110962499999999,0.8613999485969543,0.28976914286613464,0.9110962499999999,,,,,roc_auc,0.9071759999999999,0.8611999750137329,0.30409955978393555,0.9071759999999999,,,,,roc_auc,0.907543,0.8571999669075012,0.3013775944709778,0.907543,,,,
minesweeper,GT,3,512,3e-05,8,530,roc_auc,0.9371825,0.8867999911308289,0.24743537604808807,0.9371825,,,,,roc_auc,0.9165049999999999,0.8679999709129333,0.3053588569164276,0.9165049999999999,,,,,roc_auc,0.9188510000000001,0.8727999925613403,0.29824796319007874,0.9188510000000001,,,,
minesweeper,GT,4,512,3e-05,8,640,roc_auc,0.96397175,0.9163999557495117,0.1879933625459671,0.96397175,,,,,roc_auc,0.919922,0.8691999912261963,0.3190297782421112,0.919922,,,,,roc_auc,0.9215720000000001,0.873199999332428,0.31198620796203613,0.9215720000000001,,,,
minesweeper,GT,5,512,3e-05,8,680,roc_auc,0.9674882500000002,0.9210000038146973,0.17839886248111725,0.9674882500000002,,,,,roc_auc,0.920929,0.8691999912261963,0.32235053181648254,0.920929,,,,,roc_auc,0.924335,0.8687999844551086,0.3094538748264313,0.924335,,,,
minesweeper,GT-sep,1,512,3e-05,0,710,roc_auc,0.8975968750000001,0.848800003528595,0.30855682492256165,0.8975968750000001,,,,,roc_auc,0.8697995000000001,0.823199987411499,0.3524077534675598,0.8697995000000001,,,,,roc_auc,0.87482,0.8267999887466431,0.3456180989742279,0.87482,,,,
minesweeper,GT-sep,2,512,3e-05,0,420,roc_auc,0.9194617499999999,0.8603999614715576,0.28965893387794495,0.9194617499999999,,,,,roc_auc,0.88975,0.8351999521255493,0.351852685213089,0.88975,,,,,roc_auc,0.8990029999999999,0.839199960231781,0.34002336859703064,0.8990029999999999,,,,
minesweeper,GT-sep,3,512,3e-05,0,610,roc_auc,0.9376169999999999,0.8781999945640564,0.2600967586040497,0.9376169999999999,,,,,roc_auc,0.9005799999999999,0.8411999940872192,0.3445590138435364,0.9005799999999999,,,,,roc_auc,0.910931,0.8543999791145325,0.325231671333313,0.910931,,,,
minesweeper,GT-sep,4,512,3e-05,0,1230,roc_auc,0.9671752499999999,0.9217999577522278,0.17982016503810883,0.9671752499999999,,,,,roc_auc,0.9111009999999999,0.8583999872207642,0.33545202016830444,0.9111009999999999,,,,,roc_auc,0.9211989999999998,0.873199999332428,0.3164288103580475,0.9211989999999998,,,,
minesweeper,GT-sep,5,512,3e-05,0,1070,roc_auc,0.9735927500000001,0.9315999746322632,0.16281549632549286,0.9735927500000001,,,,,roc_auc,0.9161060000000001,0.8596000075340271,0.32851144671440125,0.9161060000000001,,,,,roc_auc,0.925993,0.8763999938964844,0.3133404850959778,0.925993,,,,
minesweeper,GT-sep,1,512,3e-05,1,1400,roc_auc,0.8882305,0.8434000015258789,0.31273430585861206,0.8882305,,,,,roc_auc,0.879387,0.8312000036239624,0.33106306195259094,0.879387,,,,,roc_auc,0.8903185,0.8387999534606934,0.31913867592811584,0.8903185,,,,
minesweeper,GT-sep,2,512,3e-05,1,440,roc_auc,0.9136397499999999,0.8596000075340271,0.29360806941986084,0.9136397499999999,,,,,roc_auc,0.904277,0.8511999845504761,0.31551384925842285,0.904277,,,,,roc_auc,0.9001410000000001,0.8511999845504761,0.3234959840774536,0.9001410000000001,,,,
minesweeper,GT-sep,3,512,3e-05,1,750,roc_auc,0.9403515000000001,0.892799973487854,0.24389217793941498,0.9403515000000001,,,,,roc_auc,0.919168,0.8739999532699585,0.2960079610347748,0.919168,,,,,roc_auc,0.909062,0.8592000007629395,0.3192540109157562,0.909062,,,,
minesweeper,GT-sep,4,512,3e-05,1,1120,roc_auc,0.96427425,0.9177999496459961,0.18730656802654266,0.96427425,,,,,roc_auc,0.922464,0.8711999654769897,0.3022121787071228,0.922464,,,,,roc_auc,0.914875,0.8579999804496765,0.32256200909614563,0.914875,,,,
minesweeper,GT-sep,5,512,3e-05,1,940,roc_auc,0.9717709999999999,0.9293999671936035,0.16624300181865692,0.9717709999999999,,,,,roc_auc,0.9296360000000001,0.8772000074386597,0.2939201593399048,0.9296360000000001,,,,,roc_auc,0.9246840000000001,0.8715999722480774,0.3051145076751709,0.9246840000000001,,,,
minesweeper,GT-sep,1,512,3e-05,2,990,roc_auc,0.893274125,0.8473999500274658,0.30855002999305725,0.893274125,,,,,roc_auc,0.8737119999999999,0.8291999697685242,0.33196866512298584,0.8737119999999999,,,,,roc_auc,0.881131,0.835599958896637,0.325664758682251,0.881131,,,,
minesweeper,GT-sep,2,512,3e-05,2,440,roc_auc,0.9137265,0.8596000075340271,0.29103827476501465,0.9137265,,,,,roc_auc,0.896565,0.8420000076293945,0.3256394863128662,0.896565,,,,,roc_auc,0.905174,0.8547999858856201,0.30574920773506165,0.905174,,,,
minesweeper,GT-sep,3,512,3e-05,2,780,roc_auc,0.9346405,0.8845999836921692,0.25318706035614014,0.9346405,,,,,roc_auc,0.9140010000000001,0.8671999573707581,0.3054623305797577,0.9140010000000001,,,,,roc_auc,0.9147350000000001,0.8583999872207642,0.29304614663124084,0.9147350000000001,,,,
minesweeper,GT-sep,4,512,3e-05,2,1150,roc_auc,0.9677979999999999,0.9211999773979187,0.17864835262298584,0.9677979999999999,,,,,roc_auc,0.919967,0.8755999803543091,0.3268331289291382,0.919967,,,,,roc_auc,0.920288,0.8687999844551086,0.3076043725013733,0.920288,,,,
minesweeper,GT-sep,5,512,3e-05,2,1040,roc_auc,0.9687702499999999,0.9253999590873718,0.17594070732593536,0.9687702499999999,,,,,roc_auc,0.9239730000000002,0.8759999871253967,0.31874343752861023,0.9239730000000002,,,,,roc_auc,0.9242670000000001,0.8743999600410461,0.30129700899124146,0.9242670000000001,,,,
minesweeper,GT-sep,1,512,3e-05,3,740,roc_auc,0.896114625,0.8453999757766724,0.30938997864723206,0.896114625,,,,,roc_auc,0.8707585,0.8251999616622925,0.3513314723968506,0.8707585,,,,,roc_auc,0.8817704999999999,0.8371999859809875,0.33573928475379944,0.8817704999999999,,,,
minesweeper,GT-sep,2,512,3e-05,3,550,roc_auc,0.9212104999999999,0.8625999689102173,0.2834693193435669,0.9212104999999999,,,,,roc_auc,0.8938159999999999,0.843999981880188,0.3403221666812897,0.8938159999999999,,,,,roc_auc,0.898549,0.8459999561309814,0.33081042766571045,0.898549,,,,
minesweeper,GT-sep,3,512,3e-05,3,890,roc_auc,0.9444835000000001,0.889799952507019,0.23647502064704895,0.9444835000000001,,,,,roc_auc,0.9065019999999999,0.8592000007629395,0.32562002539634705,0.9065019999999999,,,,,roc_auc,0.910496,0.8567999601364136,0.3137620687484741,0.910496,,,,
minesweeper,GT-sep,4,512,3e-05,3,1250,roc_auc,0.9788199999999999,0.9350000023841858,0.1471295803785324,0.9788199999999999,,,,,roc_auc,0.9141509999999999,0.864799976348877,0.341462641954422,0.9141509999999999,,,,,roc_auc,0.9133810000000001,0.8592000007629395,0.33356156945228577,0.9133810000000001,,,,
minesweeper,GT-sep,5,512,3e-05,3,850,roc_auc,0.9702484999999998,0.9253999590873718,0.17297546565532684,0.9702484999999998,,,,,roc_auc,0.915999,0.8655999898910522,0.32038891315460205,0.915999,,,,,roc_auc,0.921588,0.8707999587059021,0.2961868643760681,0.921588,,,,
minesweeper,GT-sep,1,512,3e-05,5,1050,roc_auc,0.890825,0.8447999954223633,0.31322339177131653,0.890825,,,,,roc_auc,0.875552,0.8315999507904053,0.3332582414150238,0.875552,,,,,roc_auc,0.8874315,0.840399980545044,0.3172495663166046,0.8874315,,,,
minesweeper,GT-sep,2,512,3e-05,5,340,roc_auc,0.91330075,0.8589999675750732,0.2945534884929657,0.91330075,,,,,roc_auc,0.8959550000000002,0.8399999737739563,0.32127314805984497,0.8959550000000002,,,,,roc_auc,0.910185,0.8511999845504761,0.2958758473396301,0.910185,,,,
minesweeper,GT-sep,3,512,3e-05,5,710,roc_auc,0.93999675,0.8930000066757202,0.24580185115337372,0.93999675,,,,,roc_auc,0.914459,0.8607999682426453,0.3020079433917999,0.914459,,,,,roc_auc,0.9216470000000001,0.8675999641418457,0.28693723678588867,0.9216470000000001,,,,
minesweeper,GT-sep,4,512,3e-05,5,1120,roc_auc,0.9671375000000001,0.9205999970436096,0.17965883016586304,0.9671375000000001,,,,,roc_auc,0.916333,0.8675999641418457,0.3170680105686188,0.916333,,,,,roc_auc,0.9244169999999999,0.8687999844551086,0.29578474164009094,0.9244169999999999,,,,
minesweeper,GT-sep,5,512,3e-05,5,910,roc_auc,0.9711944999999998,0.9215999841690063,0.17267028987407684,0.9711944999999998,,,,,roc_auc,0.9231370000000001,0.8695999979972839,0.30443572998046875,0.9231370000000001,,,,,roc_auc,0.9287120000000001,0.8711999654769897,0.29324954748153687,0.9287120000000001,,,,
minesweeper,GT-sep,1,512,3e-05,4,1370,roc_auc,0.89049925,0.8361999988555908,0.32000693678855896,0.89049925,,,,,roc_auc,0.888378,0.8395999670028687,0.317725270986557,0.888378,,,,,roc_auc,0.8799395000000001,0.8303999900817871,0.3337652087211609,0.8799395000000001,,,,
minesweeper,GT-sep,2,512,3e-05,4,560,roc_auc,0.9184932499999998,0.8499999642372131,0.29997119307518005,0.9184932499999998,,,,,roc_auc,0.9052330000000001,0.8452000021934509,0.3228883147239685,0.9052330000000001,,,,,roc_auc,0.899641,0.8384000062942505,0.33884698152542114,0.899641,,,,
minesweeper,GT-sep,3,512,3e-05,4,730,roc_auc,0.9424905,0.8859999775886536,0.24309010803699493,0.9424905,,,,,roc_auc,0.91734,0.8651999831199646,0.2968297004699707,0.91734,,,,,roc_auc,0.912072,0.8547999858856201,0.3153466284275055,0.912072,,,,
minesweeper,GT-sep,4,512,3e-05,4,1110,roc_auc,0.9705245,0.923799991607666,0.17276231944561005,0.9705245,,,,,roc_auc,0.9210369999999999,0.8711999654769897,0.3085602819919586,0.9210369999999999,,,,,roc_auc,0.9192260000000001,0.8707999587059021,0.3199736475944519,0.9192260000000001,,,,
minesweeper,GT-sep,5,512,3e-05,4,1050,roc_auc,0.97491275,0.9299999475479126,0.16044895350933075,0.97491275,,,,,roc_auc,0.927639,0.873199999332428,0.31221094727516174,0.927639,,,,,roc_auc,0.923812,0.8667999505996704,0.32237300276756287,0.923812,,,,
minesweeper,GT-sep,1,512,3e-05,6,1260,roc_auc,0.8883011249999999,0.8393999934196472,0.31849393248558044,0.8883011249999999,,,,,roc_auc,0.897326,0.8443999886512756,0.3069778382778168,0.897326,,,,,roc_auc,0.8749965,0.8247999548912048,0.3371081054210663,0.8749965,,,,
minesweeper,GT-sep,2,512,3e-05,6,740,roc_auc,0.91453725,0.8565999865531921,0.29406237602233887,0.91453725,,,,,roc_auc,0.9171499999999999,0.8519999980926514,0.2896144390106201,0.9171499999999999,,,,,roc_auc,0.8938790000000001,0.842799961566925,0.3374442756175995,0.8938790000000001,,,,
minesweeper,GT-sep,3,512,3e-05,6,770,roc_auc,0.9325902499999998,0.8723999857902527,0.27095940709114075,0.9325902499999998,,,,,roc_auc,0.927543,0.863599956035614,0.2807503640651703,0.927543,,,,,roc_auc,0.903325,0.842799961566925,0.33568012714385986,0.903325,,,,
minesweeper,GT-sep,4,512,3e-05,6,1190,roc_auc,0.963502,0.9120000004768372,0.18902963399887085,0.963502,,,,,roc_auc,0.937012,0.8859999775886536,0.2610665559768677,0.937012,,,,,roc_auc,0.913914,0.8592000007629395,0.3165505826473236,0.913914,,,,
minesweeper,GT-sep,5,512,3e-05,6,940,roc_auc,0.96808,0.918999969959259,0.1805996298789978,0.96808,,,,,roc_auc,0.9408289999999999,0.8876000046730042,0.2611454725265503,0.9408289999999999,,,,,roc_auc,0.9212480000000001,0.8639999628067017,0.3102557063102722,0.9212480000000001,,,,
minesweeper,GT-sep,1,512,3e-05,7,2380,roc_auc,0.8889447499999998,0.840999960899353,0.3133709132671356,0.8889447499999998,,,,,roc_auc,0.8801005,0.8331999778747559,0.3311239778995514,0.8801005,,,,,roc_auc,0.8900250000000001,0.8463999629020691,0.3199933171272278,0.8900250000000001,,,,
minesweeper,GT-sep,2,512,3e-05,7,520,roc_auc,0.9126447500000001,0.8539999723434448,0.2980252802371979,0.9126447500000001,,,,,roc_auc,0.898585,0.843999981880188,0.332898885011673,0.898585,,,,,roc_auc,0.906391,0.8592000007629395,0.31616517901420593,0.906391,,,,
minesweeper,GT-sep,3,512,3e-05,7,800,roc_auc,0.9355809999999999,0.876800000667572,0.25958338379859924,0.9355809999999999,,,,,roc_auc,0.9130219999999999,0.8543999791145325,0.3188364803791046,0.9130219999999999,,,,,roc_auc,0.91552,0.8664000034332275,0.3128435015678406,0.91552,,,,
minesweeper,GT-sep,4,512,3e-05,7,1110,roc_auc,0.96304825,0.9185999631881714,0.18976396322250366,0.96304825,,,,,roc_auc,0.9242750000000001,0.8727999925613403,0.300939679145813,0.9242750000000001,,,,,roc_auc,0.930438,0.8811999559402466,0.2928224802017212,0.930438,,,,
minesweeper,GT-sep,5,512,3e-05,7,1220,roc_auc,0.972477,0.9293999671936035,0.16359704732894897,0.972477,,,,,roc_auc,0.9270529999999999,0.8739999532699585,0.30727440118789673,0.9270529999999999,,,,,roc_auc,0.929792,0.8787999749183655,0.30915263295173645,0.929792,,,,
minesweeper,GT-sep,1,512,3e-05,8,1850,roc_auc,0.884983,0.8449999690055847,0.3121680021286011,0.884983,,,,,roc_auc,0.8811625000000001,0.8395999670028687,0.3252686560153961,0.8811625000000001,,,,,roc_auc,0.893913,0.8483999967575073,0.3089248538017273,0.893913,,,,
minesweeper,GT-sep,2,512,3e-05,8,470,roc_auc,0.9103067499999999,0.8567999601364136,0.2924829125404358,0.9103067499999999,,,,,roc_auc,0.907684,0.8587999939918518,0.3059374988079071,0.907684,,,,,roc_auc,0.908086,0.8567999601364136,0.30143752694129944,0.908086,,,,
minesweeper,GT-sep,3,512,3e-05,8,530,roc_auc,0.9399627500000001,0.8903999924659729,0.242716982960701,0.9399627500000001,,,,,roc_auc,0.915422,0.8695999979972839,0.30999788641929626,0.915422,,,,,roc_auc,0.917356,0.8664000034332275,0.3040196895599365,0.917356,,,,
minesweeper,GT-sep,4,512,3e-05,8,670,roc_auc,0.9407835,0.8871999979019165,0.2400161623954773,0.9407835,,,,,roc_auc,0.915598,0.8679999709129333,0.31225717067718506,0.915598,,,,,roc_auc,0.918847,0.8675999641418457,0.30192068219184875,0.918847,,,,
minesweeper,GT-sep,5,512,3e-05,8,770,roc_auc,0.9709125000000001,0.9231999516487122,0.16890428960323334,0.9709125000000001,,,,,roc_auc,0.9200549999999998,0.873199999332428,0.325865775346756,0.9200549999999998,,,,,roc_auc,0.922805,0.8703999519348145,0.3170301616191864,0.922805,,,,
minesweeper,GT-sep,1,512,3e-05,9,400,roc_auc,0.8855744999999999,0.8402000069618225,0.3205382525920868,0.8855744999999999,,,,,roc_auc,0.8748069999999999,0.8287999629974365,0.3365422189235687,0.8748069999999999,,,,,roc_auc,0.8899965,0.8455999493598938,0.3171476721763611,0.8899965,,,,
minesweeper,GT-sep,2,512,3e-05,9,260,roc_auc,0.9042887500000001,0.8479999899864197,0.3062354028224945,0.9042887500000001,,,,,roc_auc,0.890234,0.8363999724388123,0.3319683372974396,0.890234,,,,,roc_auc,0.9090239999999999,0.8611999750137329,0.30249232053756714,0.9090239999999999,,,,
minesweeper,GT-sep,3,512,3e-05,9,620,roc_auc,0.9419835000000001,0.8921999931335449,0.2350979894399643,0.9419835000000001,,,,,roc_auc,0.9040130000000001,0.8563999533653259,0.32435929775238037,0.9040130000000001,,,,,roc_auc,0.924682,0.8747999668121338,0.2820492684841156,0.924682,,,,
minesweeper,GT-sep,4,512,3e-05,9,940,roc_auc,0.972112,0.9271999597549438,0.1664244532585144,0.972112,,,,,roc_auc,0.910017,0.863599956035614,0.349631667137146,0.910017,,,,,roc_auc,0.925416,0.871999979019165,0.3061925172805786,0.925416,,,,
minesweeper,GT-sep,5,512,3e-05,9,720,roc_auc,0.9725912499999999,0.9289999604225159,0.16535727679729462,0.9725912499999999,,,,,roc_auc,0.9150289999999999,0.8703999519348145,0.3309384286403656,0.9150289999999999,,,,,roc_auc,0.9275669999999999,0.8783999681472778,0.2949029207229614,0.9275669999999999,,,,
minesweeper,TAG,1,512,3e-05,0,1680,roc_auc,0.92790975,0.8797999620437622,0.2604842185974121,0.92790975,,,,,roc_auc,0.89579,0.8443999886512756,0.31188827753067017,0.89579,,,,,roc_auc,0.904865,0.8583999872207642,0.29896724224090576,0.904865,,,,
minesweeper,TAG,2,512,3e-05,0,1740,roc_auc,0.95832675,0.9067999720573425,0.20624296367168427,0.95832675,,,,,roc_auc,0.918965,0.8628000020980835,0.3033871352672577,0.918965,,,,,roc_auc,0.926663,0.8747999668121338,0.2943189740180969,0.926663,,,,
minesweeper,TAG,3,512,3e-05,0,1010,roc_auc,0.9619975000000001,0.917199969291687,0.1966969221830368,0.9619975000000001,,,,,roc_auc,0.921635,0.864799976348877,0.2954714000225067,0.921635,,,,,roc_auc,0.9331229999999999,0.8847999572753906,0.2734042704105377,0.9331229999999999,,,,
minesweeper,TAG,4,512,3e-05,0,910,roc_auc,0.9667822500000001,0.9235999584197998,0.1816563904285431,0.9667822500000001,,,,,roc_auc,0.922789,0.8659999966621399,0.2908490002155304,0.922789,,,,,roc_auc,0.936871,0.887999951839447,0.2621971070766449,0.936871,,,,
minesweeper,TAG,5,512,3e-05,0,1130,roc_auc,0.969241,0.9243999719619751,0.17406752705574036,0.969241,,,,,roc_auc,0.9269109999999999,0.8687999844551086,0.2849917709827423,0.9269109999999999,,,,,roc_auc,0.941737,0.8919999599456787,0.25178152322769165,0.941737,,,,
minesweeper,TAG,1,512,3e-05,1,2200,roc_auc,0.919417,0.8695999979972839,0.2708703577518463,0.919417,,,,,roc_auc,0.9129120000000001,0.8675999641418457,0.287064790725708,0.9129120000000001,,,,,roc_auc,0.911491,0.8631999492645264,0.2864643335342407,0.911491,,,,
minesweeper,TAG,2,512,3e-05,1,1910,roc_auc,0.9501392500000001,0.897599995136261,0.21975316107273102,0.9501392500000001,,,,,roc_auc,0.931124,0.8847999572753906,0.2689564526081085,0.931124,,,,,roc_auc,0.9285960000000001,0.8791999816894531,0.27000662684440613,0.9285960000000001,,,,
minesweeper,TAG,3,512,3e-05,1,1330,roc_auc,0.955583,0.9027999639511108,0.2104618102312088,0.955583,,,,,roc_auc,0.9387439999999999,0.8915999531745911,0.2514384984970093,0.9387439999999999,,,,,roc_auc,0.9383,0.8827999830245972,0.25078195333480835,0.9383,,,,
minesweeper,TAG,4,512,3e-05,1,1010,roc_auc,0.9596012500000001,0.9099999666213989,0.19746215641498566,0.9596012500000001,,,,,roc_auc,0.9428380000000001,0.896399974822998,0.23836122453212738,0.9428380000000001,,,,,roc_auc,0.9438500000000001,0.8876000046730042,0.23303017020225525,0.9438500000000001,,,,
minesweeper,TAG,5,512,3e-05,1,980,roc_auc,0.9643867499999998,0.9161999821662903,0.18765553832054138,0.9643867499999998,,,,,roc_auc,0.9456829999999999,0.8983999490737915,0.23421713709831238,0.9456829999999999,,,,,roc_auc,0.9462829999999999,0.8912000060081482,0.2326555848121643,0.9462829999999999,,,,
minesweeper,TAG,1,512,3e-05,2,2810,roc_auc,0.9251162500000001,0.8733999729156494,0.2626454830169678,0.9251162500000001,,,,,roc_auc,0.9082660000000001,0.8592000007629395,0.2974582314491272,0.9082660000000001,,,,,roc_auc,0.9098079999999998,0.8655999898910522,0.2870802581310272,0.9098079999999998,,,,
minesweeper,TAG,2,512,3e-05,2,2090,roc_auc,0.9516950000000001,0.8995999693870544,0.2201882004737854,0.9516950000000001,,,,,roc_auc,0.92749,0.8711999654769897,0.28424981236457825,0.92749,,,,,roc_auc,0.933269,0.8775999546051025,0.2608875334262848,0.933269,,,,
minesweeper,TAG,3,512,3e-05,2,1120,roc_auc,0.961333,0.9121999740600586,0.19542264938354492,0.961333,,,,,roc_auc,0.935576,0.8871999979019165,0.2646913528442383,0.935576,,,,,roc_auc,0.942839,0.8895999789237976,0.24407118558883667,0.942839,,,,
minesweeper,TAG,4,512,3e-05,2,1000,roc_auc,0.96826125,0.9229999780654907,0.17731672525405884,0.96826125,,,,,roc_auc,0.9409020000000001,0.8895999789237976,0.25548386573791504,0.9409020000000001,,,,,roc_auc,0.9423159999999999,0.8871999979019165,0.25051507353782654,0.9423159999999999,,,,
minesweeper,TAG,5,512,3e-05,2,1030,roc_auc,0.9758460000000001,0.9314000010490417,0.15612851083278656,0.9758460000000001,,,,,roc_auc,0.944804,0.8915999531745911,0.2542847692966461,0.944804,,,,,roc_auc,0.947316,0.8935999870300293,0.24539946019649506,0.947316,,,,
minesweeper,TAG,1,512,3e-05,3,2890,roc_auc,0.9371762500000002,0.8822000026702881,0.24293376505374908,0.9371762500000002,,,,,roc_auc,0.9010659999999999,0.8539999723434448,0.32140693068504333,0.9010659999999999,,,,,roc_auc,0.9021319999999999,0.8527999520301819,0.3127850592136383,0.9021319999999999,,,,
minesweeper,TAG,2,512,3e-05,3,1640,roc_auc,0.9546707499999999,0.8965999484062195,0.21776337921619415,0.9546707499999999,,,,,roc_auc,0.917872,0.863599956035614,0.32239723205566406,0.917872,,,,,roc_auc,0.91862,0.8667999505996704,0.3039013743400574,0.91862,,,,
minesweeper,TAG,3,512,3e-05,3,1330,roc_auc,0.9653115000000001,0.9163999557495117,0.18805664777755737,0.9653115000000001,,,,,roc_auc,0.930855,0.8739999532699585,0.2865496575832367,0.930855,,,,,roc_auc,0.929628,0.8791999816894531,0.28061380982398987,0.929628,,,,
minesweeper,TAG,4,512,3e-05,3,930,roc_auc,0.9700237500000001,0.9205999970436096,0.17409752309322357,0.9700237500000001,,,,,roc_auc,0.9321020000000001,0.8755999803543091,0.28094980120658875,0.9321020000000001,,,,,roc_auc,0.933331,0.8867999911308289,0.2739342451095581,0.933331,,,,
minesweeper,TAG,5,512,3e-05,3,700,roc_auc,0.9668237499999999,0.917199969291687,0.18460124731063843,0.9668237499999999,,,,,roc_auc,0.9361029999999999,0.8787999749183655,0.269272118806839,0.9361029999999999,,,,,roc_auc,0.934254,0.8815999627113342,0.26607856154441833,0.934254,,,,
minesweeper,TAG,1,512,3e-05,4,2510,roc_auc,0.9291004999999999,0.8759999871253967,0.2579664885997772,0.9291004999999999,,,,,roc_auc,0.908491,0.8619999885559082,0.2942584753036499,0.908491,,,,,roc_auc,0.9033789999999999,0.8560000061988831,0.3078257143497467,0.9033789999999999,,,,
minesweeper,TAG,2,512,3e-05,4,1790,roc_auc,0.94866525,0.8919999599456787,0.24135783314704895,0.94866525,,,,,roc_auc,0.921623,0.8628000020980835,0.3007146418094635,0.921623,,,,,roc_auc,0.9209510000000001,0.8628000020980835,0.30981555581092834,0.9209510000000001,,,,
minesweeper,TAG,3,512,3e-05,4,1240,roc_auc,0.9613884999999999,0.9109999537467957,0.20160527527332306,0.9613884999999999,,,,,roc_auc,0.9374969999999999,0.8847999572753906,0.2616904675960541,0.9374969999999999,,,,,roc_auc,0.9336869999999999,0.8779999613761902,0.27345913648605347,0.9336869999999999,,,,
minesweeper,TAG,4,512,3e-05,4,1070,roc_auc,0.969588,0.9205999970436096,0.17802971601486206,0.969588,,,,,roc_auc,0.942012,0.8899999856948853,0.25792673230171204,0.942012,,,,,roc_auc,0.9363079999999999,0.8863999843597412,0.2766396105289459,0.9363079999999999,,,,
minesweeper,TAG,5,512,3e-05,4,930,roc_auc,0.9692997500000001,0.9181999564170837,0.18434207141399384,0.9692997500000001,,,,,roc_auc,0.9446699999999999,0.8912000060081482,0.25186508893966675,0.9446699999999999,,,,,roc_auc,0.9381609999999999,0.8876000046730042,0.27089041471481323,0.9381609999999999,,,,
minesweeper,TAG,1,512,3e-05,5,3030,roc_auc,0.9256107499999999,0.8733999729156494,0.26256275177001953,0.9256107499999999,,,,,roc_auc,0.9039159999999999,0.8579999804496765,0.3036419451236725,0.9039159999999999,,,,,roc_auc,0.9165190000000001,0.8623999953269958,0.2824079394340515,0.9165190000000001,,,,
minesweeper,TAG,2,512,3e-05,5,1360,roc_auc,0.9458066250000001,0.8881999850273132,0.2339567393064499,0.9458066250000001,,,,,roc_auc,0.92042,0.8783999681472778,0.28971946239471436,0.92042,,,,,roc_auc,0.929137,0.8739999532699585,0.2710053026676178,0.929137,,,,
minesweeper,TAG,3,512,3e-05,5,1320,roc_auc,0.96279525,0.9089999794960022,0.19461499154567719,0.96279525,,,,,roc_auc,0.926897,0.8804000020027161,0.2845292389392853,0.926897,,,,,roc_auc,0.9343279999999999,0.8851999640464783,0.26417145133018494,0.9343279999999999,,,,
minesweeper,TAG,4,512,3e-05,5,1280,roc_auc,0.9743905,0.9281999468803406,0.1613558828830719,0.9743905,,,,,roc_auc,0.92993,0.8823999762535095,0.29164665937423706,0.92993,,,,,roc_auc,0.9382290000000001,0.8903999924659729,0.2678104341030121,0.9382290000000001,,,,
minesweeper,TAG,5,512,3e-05,5,940,roc_auc,0.9678212500000001,0.9169999957084656,0.18237508833408356,0.9678212500000001,,,,,roc_auc,0.9351480000000001,0.884399950504303,0.2665848433971405,0.9351480000000001,,,,,roc_auc,0.9425830000000001,0.8919999599456787,0.24760697782039642,0.9425830000000001,,,,
minesweeper,TAG,1,512,3e-05,6,2450,roc_auc,0.9209419999999999,0.8709999918937683,0.26947835087776184,0.9209419999999999,,,,,roc_auc,0.9289879999999999,0.8736000061035156,0.2592635154724121,0.9289879999999999,,,,,roc_auc,0.9018920000000001,0.8539999723434448,0.30023622512817383,0.9018920000000001,,,,
minesweeper,TAG,2,512,3e-05,6,1930,roc_auc,0.9483725000000002,0.8921999931335449,0.22639618813991547,0.9483725000000002,,,,,roc_auc,0.939636,0.884399950504303,0.24835224449634552,0.939636,,,,,roc_auc,0.918076,0.8619999885559082,0.30124470591545105,0.918076,,,,
minesweeper,TAG,3,512,3e-05,6,1380,roc_auc,0.9612592499999999,0.9081999659538269,0.2031700611114502,0.9612592499999999,,,,,roc_auc,0.943572,0.88919997215271,0.25268515944480896,0.943572,,,,,roc_auc,0.9242409999999999,0.8700000047683716,0.3002931773662567,0.9242409999999999,,,,
minesweeper,TAG,4,512,3e-05,6,1010,roc_auc,0.9607695000000002,0.9081999659538269,0.19955193996429443,0.9607695000000002,,,,,roc_auc,0.9456449999999998,0.8919999599456787,0.23997445404529572,0.9456449999999998,,,,,roc_auc,0.9295249999999999,0.8791999816894531,0.27655497193336487,0.9295249999999999,,,,
minesweeper,TAG,5,512,3e-05,6,950,roc_auc,0.9594887499999999,0.9091999530792236,0.2036106437444687,0.9594887499999999,,,,,roc_auc,0.9473590000000001,0.8947999477386475,0.2350561022758484,0.9473590000000001,,,,,roc_auc,0.9327850000000001,0.8779999613761902,0.26748496294021606,0.9327850000000001,,,,
minesweeper,TAG,1,512,3e-05,7,1900,roc_auc,0.91674875,0.8677999973297119,0.27683955430984497,0.91674875,,,,,roc_auc,0.908489,0.8671999573707581,0.28905805945396423,0.908489,,,,,roc_auc,0.914185,0.8628000020980835,0.2812269330024719,0.914185,,,,
minesweeper,TAG,2,512,3e-05,7,2050,roc_auc,0.95427275,0.9013999700546265,0.214935302734375,0.95427275,,,,,roc_auc,0.923789,0.8703999519348145,0.3020423650741577,0.923789,,,,,roc_auc,0.929224,0.8751999735832214,0.2858777344226837,0.929224,,,,
minesweeper,TAG,3,512,3e-05,7,1470,roc_auc,0.9653167500000001,0.918999969959259,0.18432945013046265,0.9653167500000001,,,,,roc_auc,0.936883,0.8855999708175659,0.2635522186756134,0.936883,,,,,roc_auc,0.9404669999999999,0.8876000046730042,0.2553534209728241,0.9404669999999999,,,,
minesweeper,TAG,4,512,3e-05,7,1430,roc_auc,0.96999225,0.9235999584197998,0.1713583618402481,0.96999225,,,,,roc_auc,0.9409080000000001,0.8919999599456787,0.25384995341300964,0.9409080000000001,,,,,roc_auc,0.9422440000000002,0.8876000046730042,0.25476062297821045,0.9422440000000002,,,,
minesweeper,TAG,5,512,3e-05,7,970,roc_auc,0.9662683750000001,0.9231999516487122,0.18232771754264832,0.9662683750000001,,,,,roc_auc,0.943063,0.8931999802589417,0.2442847341299057,0.943063,,,,,roc_auc,0.945184,0.8912000060081482,0.24032241106033325,0.945184,,,,
minesweeper,TAG,1,512,3e-05,8,1810,roc_auc,0.91859375,0.8675999641418457,0.2753516137599945,0.91859375,,,,,roc_auc,0.914153,0.8700000047683716,0.2883279323577881,0.914153,,,,,roc_auc,0.916675,0.8671999573707581,0.28247952461242676,0.916675,,,,
minesweeper,TAG,2,512,3e-05,8,970,roc_auc,0.9436835,0.8840000033378601,0.2483759969472885,0.9436835,,,,,roc_auc,0.9265990000000001,0.8700000047683716,0.284943163394928,0.9265990000000001,,,,,roc_auc,0.9274810000000002,0.8687999844551086,0.28362396359443665,0.9274810000000002,,,,
minesweeper,TAG,3,512,3e-05,8,970,roc_auc,0.9569975000000002,0.9057999849319458,0.20482318103313446,0.9569975000000002,,,,,roc_auc,0.9323969999999999,0.8831999897956848,0.2671913504600525,0.9323969999999999,,,,,roc_auc,0.937821,0.8851999640464783,0.25518038868904114,0.937821,,,,
minesweeper,TAG,4,512,3e-05,8,760,roc_auc,0.9639914999999999,0.9120000004768372,0.1890636384487152,0.9639914999999999,,,,,roc_auc,0.939636,0.8903999924659729,0.2549981474876404,0.939636,,,,,roc_auc,0.942808,0.8855999708175659,0.24711476266384125,0.942808,,,,
minesweeper,TAG,5,512,3e-05,8,810,roc_auc,0.9681695,0.9192000031471252,0.1774684339761734,0.9681695,,,,,roc_auc,0.940944,0.8895999789237976,0.25566211342811584,0.940944,,,,,roc_auc,0.942547,0.8895999789237976,0.2509205937385559,0.942547,,,,
minesweeper,TAG,1,512,3e-05,9,1250,roc_auc,0.919645,0.8695999979972839,0.272723913192749,0.919645,,,,,roc_auc,0.903438,0.8483999967575073,0.29772716760635376,0.903438,,,,,roc_auc,0.9166719999999999,0.8715999722480774,0.2791242003440857,0.9166719999999999,,,,
minesweeper,TAG,2,512,3e-05,9,870,roc_auc,0.94251325,0.889799952507019,0.23757301270961761,0.94251325,,,,,roc_auc,0.9158820000000001,0.8628000020980835,0.2985672652721405,0.9158820000000001,,,,,roc_auc,0.9335430000000001,0.8859999775886536,0.26215019822120667,0.9335430000000001,,,,
minesweeper,TAG,3,512,3e-05,9,990,roc_auc,0.9624236249999999,0.9107999801635742,0.1922467052936554,0.9624236249999999,,,,,roc_auc,0.9263170000000002,0.8799999952316284,0.284376859664917,0.9263170000000002,,,,,roc_auc,0.9381430000000001,0.88919997215271,0.2578253746032715,0.9381430000000001,,,,
minesweeper,TAG,4,512,3e-05,9,1040,roc_auc,0.9663825,0.9169999957084656,0.18383267521858215,0.9663825,,,,,roc_auc,0.931991,0.8807999491691589,0.2727303206920624,0.931991,,,,,roc_auc,0.940271,0.8871999979019165,0.2551834285259247,0.940271,,,,
minesweeper,TAG,5,512,3e-05,9,750,roc_auc,0.9662522499999999,0.9203999638557434,0.183352991938591,0.9662522499999999,,,,,roc_auc,0.930513,0.8827999830245972,0.2769344449043274,0.930513,,,,,roc_auc,0.9388639999999999,0.8867999911308289,0.2591904103755951,0.9388639999999999,,,,
