epoch,train_mean_member_ce,valid_pooled_accuracy,valid_pooled_ce,train_step_seconds,validation_seconds,elapsed_seconds,is_selected_so_far
1,4.286333203315735,0.08449947834014893,3.358961582183838,0.2380056381225586,0.08567869663238525,0.3299653232097626,1
2,3.67649507522583,0.277224063873291,2.9068710803985596,0.22363343089818954,0.08569686114788055,0.6450788453221321,1
3,3.417598068714142,0.28779488801956177,2.826843023300171,0.2235870137810707,0.08584267646074295,0.9618762880563736,1
4,3.3121086955070496,0.13799120485782623,2.8834149837493896,0.22364520281553268,0.08576751500368118,1.2713575512170792,0
5,3.2278404235839844,0.08570756763219833,2.9433388710021973,0.2235780879855156,0.08578912913799286,1.5807837322354317,0
6,3.177391529083252,0.1609785556793213,2.9150052070617676,0.22356337308883667,0.08584704250097275,1.8902537003159523,0
7,3.137832522392273,0.2860162854194641,2.853424549102783,0.22363018989562988,0.08606327325105667,2.2000005543231964,0
8,3.1030132174491882,0.29531189799308777,2.807849645614624,0.22387217730283737,0.08589611202478409,2.517654426395893,1
9,3.077084243297577,0.29658710956573486,2.782747745513916,0.22383209317922592,0.08583750575780869,2.8332271054387093,1
10,3.048334062099457,0.2991039752960205,2.7655117511749268,0.22408362478017807,0.08581402152776718,3.148982100188732,1
11,3.018868088722229,0.3006812334060669,2.728494167327881,0.22363165766000748,0.08577488362789154,3.4646797105669975,1
12,2.9843851923942566,0.30826535820961,2.6632964611053467,0.22362551093101501,0.0858403667807579,3.782643646001816,1
13,2.9458479285240173,0.3041377067565918,2.595782518386841,0.22350619733333588,0.08573665469884872,4.091950178146362,0
14,2.905555009841919,0.3036007881164551,2.5423669815063477,0.22369687259197235,0.08578719943761826,4.401490792632103,0
15,2.8651697635650635,0.30870163440704346,2.4951603412628174,0.22357476502656937,0.08584217727184296,4.71763601899147,1
16,2.822424829006195,0.3215208351612091,2.438624382019043,0.22378016263246536,0.0858091339468956,5.034498788416386,1
17,2.779613733291626,0.3419242203235626,2.375094413757324,0.22371477633714676,0.08582384139299393,5.351868189871311,1
18,2.7406280636787415,0.36118659377098083,2.317538261413574,0.2235448956489563,0.08577323704957962,5.911228522658348,1
19,2.7020081877708435,0.3753145933151245,2.2641167640686035,0.2236243635416031,0.08568789809942245,6.22726496309042,1
20,2.6623928546905518,0.3802812099456787,2.212724208831787,0.22364606708288193,0.08576802909374237,6.5424944460392,1
21,2.624065399169922,0.38407328724861145,2.168827533721924,0.2236448898911476,0.08572204411029816,6.8570636585354805,1
22,2.5864115357398987,0.3995435833930969,2.1284637451171875,0.22364304214715958,0.08568394184112549,7.17244528234005,1
23,2.5492777228355408,0.4136044681072235,2.093299150466919,0.22346927970647812,0.08584270626306534,7.488270848989487,1
24,2.513110101222992,0.42279940843582153,2.0625667572021484,0.22357692569494247,0.08582031726837158,7.803368397057056,1
25,2.475583791732788,0.42860496044158936,2.034712076187134,0.22369138151407242,0.08577381074428558,8.1193837672472,1
26,2.4375160932540894,0.43897444009780884,2.0000429153442383,0.22365035116672516,0.08575154095888138,8.436485469341278,1
27,2.3991755843162537,0.4521292448043823,1.9635298252105713,0.2236982360482216,0.0858030840754509,8.753089517354965,1
28,2.3640593886375427,0.4614584147930145,1.9307200908660889,0.22355914115905762,0.08578568696975708,9.069084160029888,1
29,2.330615818500519,0.46904256939888,1.8999329805374146,0.223823681473732,0.08572760224342346,9.386143155395985,1
30,2.295967698097229,0.47246548533439636,1.8674187660217285,0.22375079989433289,0.08578898757696152,9.70239321142435,1
31,2.261717438697815,0.4778348207473755,1.8391387462615967,0.22398986667394638,0.0858156830072403,10.017648205161095,1
32,2.2326865792274475,0.4843115210533142,1.8150537014007568,0.22365383058786392,0.08582745492458344,10.33891711384058,1
33,2.2012413144111633,0.48914390802383423,1.7936254739761353,0.22440984845161438,0.08589084446430206,10.655159443616867,1
34,2.173162341117859,0.4955199658870697,1.770978331565857,0.2238454520702362,0.08576436340808868,10.972259879112244,1
35,2.1416202187538147,0.5027349591255188,1.7467175722122192,0.22383753955364227,0.08577681332826614,11.28890672326088,1
36,2.1139346957206726,0.5102855563163757,1.7241311073303223,0.22379585355520248,0.08578305691480637,11.6041796579957,1
37,2.0859097838401794,0.5147152543067932,1.7075648307800293,0.22366952151060104,0.08574698865413666,11.919690296053886,1
38,2.0612699389457703,0.5176683664321899,1.6937693357467651,0.2238689586520195,0.08580262959003448,12.235244497656822,1
39,2.0399855971336365,0.5212926268577576,1.6771914958953857,0.22373822331428528,0.08578425645828247,12.550020955502987,1
40,2.012987643480301,0.5270310640335083,1.6570099592208862,0.22385913133621216,0.08576946705579758,12.866277702152729,1
41,1.993024855852127,0.5294137001037598,1.640852689743042,0.2240990474820137,0.08590299636125565,13.918365053832531,1
42,1.971101313829422,0.53401118516922,1.6265292167663574,0.22416144609451294,0.08582744002342224,14.234459541738033,1
43,1.950568288564682,0.5395482778549194,1.6075972318649292,0.22413063794374466,0.08575505018234253,14.55084240436554,1
44,1.9290547668933868,0.5452196002006531,1.5895743370056152,0.22410668432712555,0.085817351937294,14.866690427064896,1
45,1.9090823531150818,0.5495486259460449,1.572909951210022,0.22370509058237076,0.08586198091506958,15.182933785021305,1
46,1.8892334401607513,0.5552199482917786,1.5532691478729248,0.22400540858507156,0.08582376688718796,15.49982687830925,1
47,1.8697384297847748,0.5608241558074951,1.5362342596054077,0.2238100841641426,0.08583252876996994,15.817529149353504,1
48,1.853210687637329,0.5641463994979858,1.5211378335952759,0.2240045666694641,0.08574587106704712,16.13366511464119,1
49,1.8334169685840607,0.5673680305480957,1.5048391819000244,0.22417931258678436,0.08598960191011429,16.44999958574772,1
50,1.816478431224823,0.5703882575035095,1.492361068725586,0.22445808351039886,0.08595753461122513,16.768001399934292,1
51,1.8012113273143768,0.5754219889640808,1.4755719900131226,0.22407159954309464,0.08578547835350037,17.084006689488888,1
52,1.7846833765506744,0.5796502828598022,1.4601128101348877,0.2239799201488495,0.08584573119878769,17.402152106165886,1
53,1.7687749564647675,0.5825698375701904,1.4485712051391602,0.22373291850090027,0.0858558863401413,17.719678945839405,1
54,1.7554002404212952,0.5860263705253601,1.4336367845535278,0.22398092597723007,0.08596787601709366,18.036857903003693,1
55,1.737728625535965,0.5889794826507568,1.4220610857009888,0.22382071614265442,0.08591151237487793,18.352642960846424,1
56,1.725829839706421,0.5912950038909912,1.4113388061523438,0.2237648367881775,0.08586780726909637,18.66841135174036,1
57,1.7129137814044952,0.5962616205215454,1.3987066745758057,0.22384268790483475,0.08589473366737366,18.983914509415627,1
58,1.6967869997024536,0.5972012281417847,1.3931158781051636,0.22407399863004684,0.0859251618385315,19.300241358578205,1
59,1.6864832937717438,0.5997180938720703,1.382111668586731,0.22368250787258148,0.08592879772186279,19.618060313165188,1
60,1.672134280204773,0.6015302538871765,1.3727999925613403,0.22407623380422592,0.08584186434745789,19.934679210186005,1
61,1.6609695851802826,0.6015638113021851,1.3679622411727905,0.22427213937044144,0.08570496737957001,20.251565039157867,1
62,1.6500909924507141,0.6037114858627319,1.3584527969360352,0.22384662181138992,0.08581440895795822,20.566590756177902,1
63,1.6364356577396393,0.6060941219329834,1.3491661548614502,0.22367487102746964,0.08583859354257584,20.882442750036716,1
64,1.6257417500019073,0.608913004398346,1.3389610052108765,0.22378087043762207,0.085751973092556,21.197987087070942,1
65,1.6137538254261017,0.6100540161132812,1.3295252323150635,0.2237287014722824,0.08572322875261307,21.514301039278507,1
66,1.6039802730083466,0.6120004057884216,1.3231525421142578,0.2235819473862648,0.08583854883909225,21.829143159091473,1
67,1.592538982629776,0.6132755875587463,1.3162864446640015,0.22369666397571564,0.08579852432012558,22.145138680934906,1
68,1.5822497606277466,0.6139131784439087,1.3068110942840576,0.2237199917435646,0.0858473852276802,22.463889062404633,1
69,1.5730898678302765,0.6151548624038696,1.3012561798095703,0.2237573191523552,0.08584388345479965,22.78004176169634,1
70,1.5660523772239685,0.6159937977790833,1.2964013814926147,0.22372449934482574,0.08569525182247162,23.096662893891335,1
71,1.55524143576622,0.6177388429641724,1.2886137962341309,0.22380509972572327,0.08586911112070084,23.411788254976273,1
72,1.546187549829483,0.6188126802444458,1.2811415195465088,0.223687544465065,0.08582916855812073,23.72699911147356,1
73,1.5378004312515259,0.6202892661094666,1.2773455381393433,0.22370198369026184,0.08573335409164429,24.042174890637398,1
74,1.5273736715316772,0.6222691535949707,1.2688692808151245,0.2235148921608925,0.0858273133635521,24.357274174690247,1
75,1.5219159424304962,0.6237121820449829,1.2607340812683105,0.22371229529380798,0.08589129894971848,24.673380583524704,1
76,1.512868493795395,0.624517560005188,1.256072759628296,0.22376199811697006,0.08581269532442093,24.989449858665466,1
77,1.5045471787452698,0.6247860193252563,1.2508987188339233,0.22379199415445328,0.08568880707025528,25.304845355451107,1
78,1.4968070685863495,0.6271015405654907,1.2449113130569458,0.22367630153894424,0.08583102375268936,25.62113545835018,1
79,1.4894529283046722,0.6287123560905457,1.2401074171066284,0.22342499345541,0.08578068763017654,25.93753667920828,1
80,1.4836220443248749,0.6288465857505798,1.23452627658844,0.2240395024418831,0.08584192395210266,26.253427162766457,1
81,1.4750256836414337,0.6293163895606995,1.23052179813385,0.22368884086608887,0.08578384667634964,26.569186255335808,1
82,1.4692962169647217,0.6307929754257202,1.2279545068740845,0.22405312210321426,0.08596082031726837,27.588613279163837,1
83,1.4617554545402527,0.6334776282310486,1.216356635093689,0.22397343814373016,0.08577854186296463,27.904486335814,1
84,1.4568548202514648,0.6339474320411682,1.215517282485962,0.223753459751606,0.08576676994562149,28.219283647835255,1
85,1.4483967423439026,0.6349541544914246,1.2096586227416992,0.22369586676359177,0.08582895994186401,28.534424602985382,1
86,1.441836953163147,0.6360951662063599,1.201187252998352,0.2233903557062149,0.08573974668979645,28.849228754639626,1
87,1.437147855758667,0.636598527431488,1.2016321420669556,0.2237667217850685,0.0857677087187767,29.164065457880497,1
88,1.4282740354537964,0.6374374628067017,1.1967782974243164,0.22355810552835464,0.08567136526107788,29.4811043292284,1
89,1.4273627996444702,0.6391489505767822,1.18889319896698,0.22396215796470642,0.08583221584558487,29.797629728913307,1
90,1.4202133119106293,0.6383771300315857,1.1909599304199219,0.2235955074429512,0.08580341190099716,30.107086166739464,0
91,1.4155962467193604,0.6407932639122009,1.1841598749160767,0.22393308579921722,0.08593828976154327,30.422458924353123,1
92,1.409384846687317,0.6426725387573242,1.1777747869491577,0.2234637513756752,0.08583478629589081,30.737853951752186,1
93,1.4038809835910797,0.6420013904571533,1.1795648336410522,0.22366725653409958,0.08570650219917297,31.047284111380577,0
94,1.4023498892784119,0.643276572227478,1.171734094619751,0.22368167340755463,0.08578731119632721,31.362333066761494,1
95,1.3935167491436005,0.6447196006774902,1.1700084209442139,0.22370420396327972,0.08570726960897446,31.678476095199585,1
96,1.390345185995102,0.6450887322425842,1.165774941444397,0.2236768752336502,0.08578123897314072,31.995363794267178,1
97,1.3849884569644928,0.646061897277832,1.1619511842727661,0.22358718514442444,0.08578871190547943,32.3145222812891,1
98,1.3818983733654022,0.6462632417678833,1.162286400794983,0.2237006202340126,0.08582618832588196,32.63013615459204,1
99,1.3772739171981812,0.6474713683128357,1.1587790250778198,0.22360821068286896,0.08582033962011337,32.946439646184444,1
100,1.3734114170074463,0.6489143371582031,1.1505082845687866,0.22357529401779175,0.0858350396156311,33.26290648430586,1
101,1.3686017096042633,0.6481425166130066,1.1547459363937378,0.22356735169887543,0.08567126840353012,33.57220556586981,0
102,1.3657451272010803,0.6494848728179932,1.1485049724578857,0.22352740913629532,0.08576245605945587,33.88720431923866,1
103,1.35910102725029,0.6522030830383301,1.140793800354004,0.22392692416906357,0.08569139242172241,34.20251443982124,1
104,1.3588950634002686,0.6509949564933777,1.1443341970443726,0.22354575246572495,0.08582720905542374,34.51194501668215,0
105,1.3548824787139893,0.651263415813446,1.1426513195037842,0.22507428377866745,0.08593928813934326,34.82301456481218,0
106,1.3481689393520355,0.6534447073936462,1.1343128681182861,0.22454756498336792,0.08586610108613968,35.139883533120155,1
107,1.3469730019569397,0.6530755758285522,1.1367884874343872,0.224454365670681,0.08603604882955551,35.45044753700495,0
108,1.3437897861003876,0.6539145112037659,1.1324580907821655,0.2241155505180359,0.0857749879360199,35.766151897609234,1
109,1.3394292294979095,0.653981626033783,1.1318857669830322,0.22346435487270355,0.08575602620840073,36.963364623486996,1
110,1.3360536396503448,0.6555924415588379,1.1291600465774536,0.22409093379974365,0.08579354733228683,37.28190425038338,1
111,1.3309706151485443,0.6570690274238586,1.1229169368743896,0.2238447293639183,0.08572234958410263,37.59814004600048,1
112,1.329344004392624,0.6555588841438293,1.1248948574066162,0.22345052659511566,0.08568016439676285,37.90732865035534,0
113,1.3261504173278809,0.6557602286338806,1.1263775825500488,0.22382201254367828,0.08583810925483704,38.21704939752817,0
114,1.3232997953891754,0.6579415202140808,1.1182913780212402,0.22375226765871048,0.08576074242591858,38.53341844677925,1
115,1.3192375898361206,0.6590153574943542,1.115522027015686,0.22361548990011215,0.08580318838357925,38.849369764328,1
116,1.3142047226428986,0.6587133407592773,1.1185977458953857,0.223557248711586,0.08576280623674393,39.15874698758125,0
117,1.3127494752407074,0.6581764221191406,1.1147823333740234,0.2235715463757515,0.08570738881826401,39.46808256953955,0
118,1.3108853697776794,0.6603577136993408,1.1108293533325195,0.2235482931137085,0.08577785640954971,39.783309906721115,1
119,1.3074945211410522,0.6606932878494263,1.1107840538024902,0.22359827160835266,0.08575502783060074,40.098005302250385,1
120,1.3085109293460846,0.6609281897544861,1.1095329523086548,0.2236541584134102,0.08582721650600433,40.42105145007372,1
121,1.303265243768692,0.6604248285293579,1.1080052852630615,0.22445328533649445,0.085839182138443,40.73153630644083,0
122,1.2974152565002441,0.6618677973747253,1.10830819606781,0.22380735725164413,0.0858263373374939,41.04821713268757,1
123,1.2978156208992004,0.6631765961647034,1.1008583307266235,0.2238510102033615,0.08590908348560333,41.36734924465418,1
124,1.2937931418418884,0.6631430387496948,1.1025928258895874,0.22402651607990265,0.08583417534828186,41.67734607309103,0
125,1.2897029519081116,0.6627067923545837,1.1072561740875244,0.22374003380537033,0.08600177615880966,41.98715256154537,0
126,1.2885748147964478,0.6640490889549255,1.0962985754013062,0.22370031476020813,0.08584234118461609,42.30421739816666,1
127,1.2870426774024963,0.6652572154998779,1.0953187942504883,0.2238779515028,0.08580834418535233,42.621742725372314,1
128,1.2838664948940277,0.6653578877449036,1.0978724956512451,0.22391091287136078,0.08594506233930588,42.93795778602362,1
129,1.2827001810073853,0.6645860075950623,1.0936765670776367,0.22374799847602844,0.08576031774282455,43.24754621833563,0
130,1.2791746854782104,0.6657941341400146,1.0953093767166138,0.2238040491938591,0.08580733090639114,43.56391091644764,1
131,1.2783451676368713,0.6675391793251038,1.0918480157852173,0.22377336770296097,0.08579523861408234,43.88022334873676,1
132,1.2747118771076202,0.666800856590271,1.0871449708938599,0.22398418188095093,0.08585106581449509,44.19013146311045,0
133,1.2724960148334503,0.6663646101951599,1.092397928237915,0.2241014540195465,0.0856720581650734,44.50005693733692,0
134,1.2690589129924774,0.6665659546852112,1.090711236000061,0.22377143800258636,0.08576685190200806,44.809681326150894,0
135,1.2685747742652893,0.6692506074905396,1.0811748504638672,0.22404415905475616,0.08582062274217606,46.00323808938265,1
136,1.2673932313919067,0.6694519519805908,1.0862078666687012,0.22417059540748596,0.08576244860887527,46.31973797827959,1
137,1.2646294832229614,0.6686465740203857,1.0839790105819702,0.22370944172143936,0.08583920449018478,46.62935943901539,0
138,1.2611671388149261,0.6697204113006592,1.0797150135040283,0.22368695586919785,0.08578113466501236,46.94508966058493,1
139,1.2599370181560516,0.6704587340354919,1.0837582349777222,0.22355130314826965,0.08583294600248337,47.260217033326626,1
140,1.2575847804546356,0.6701231598854065,1.0806761980056763,0.22355619072914124,0.08567415922880173,47.569519966840744,0
141,1.2547705173492432,0.670156717300415,1.0787233114242554,0.2238020971417427,0.08580809086561203,47.87919034808874,0
142,1.255578488111496,0.6710963249206543,1.080320119857788,0.22366424649953842,0.08579541742801666,48.195538364350796,1
143,1.2532084286212921,0.6722708344459534,1.0741976499557495,0.22442694753408432,0.08594295382499695,48.512568555772305,1
144,1.248912513256073,0.6720359325408936,1.0712908506393433,0.2240590900182724,0.08578929305076599,48.822530798614025,0
145,1.2483142018318176,0.6714318990707397,1.0779056549072266,0.22415128350257874,0.08585794270038605,49.13265284150839,0
146,1.2459140419960022,0.6734789609909058,1.0705814361572266,0.22389166802167892,0.085838183760643,49.45016077160835,1
147,1.2419517934322357,0.6730091571807861,1.0681331157684326,0.22439684718847275,0.08593256771564484,49.76059176772833,0
148,1.2429252564907074,0.6711969971656799,1.0777229070663452,0.22401117533445358,0.08578474074602127,50.07050407677889,0
149,1.2388449013233185,0.672942042350769,1.0718040466308594,0.2243577241897583,0.08592305332422256,50.380885638296604,0
150,1.2388290762901306,0.6740158796310425,1.0642532110214233,0.22364652901887894,0.08574686199426651,50.697135008871555,1
151,1.235400676727295,0.6726735234260559,1.0711578130722046,0.22378967702388763,0.08584773540496826,51.006850987672806,0
152,1.235021710395813,0.6731769442558289,1.068023443222046,0.22376251965761185,0.08573620021343231,51.31645332276821,0
153,1.2330323457717896,0.6748548150062561,1.0616236925125122,0.22414912283420563,0.08587894588708878,51.63287661224604,1
154,1.23300501704216,0.6745527982711792,1.0656349658966064,0.22386512160301208,0.08585802465677261,51.94269821047783,0
155,1.2281650602817535,0.6756266951560974,1.0629510879516602,0.22381196916103363,0.08602215349674225,52.263030365109444,1
156,1.22886124253273,0.6741501092910767,1.0629627704620361,0.22373197972774506,0.08578518033027649,52.572643749415874,0
157,1.22512087225914,0.6737138628959656,1.0659112930297852,0.22578630596399307,0.08601829409599304,52.88454645127058,0
158,1.2224424481391907,0.6754589080810547,1.0600430965423584,0.2236757054924965,0.08578456938266754,53.19415046274662,0
159,1.2229225635528564,0.6756938099861145,1.0579981803894043,0.2243291214108467,0.08576209843158722,53.51067778468132,1
160,1.2222431898117065,0.6751903891563416,1.062553882598877,0.2236914038658142,0.08572196960449219,53.82018458843231,0
161,1.2201369106769562,0.676096498966217,1.0577309131622314,0.22391599416732788,0.08566010743379593,54.13603316247463,1
162,1.2184148728847504,0.6770361065864563,1.0532853603363037,0.22382542490959167,0.08596398681402206,54.45300946384668,1
163,1.21586275100708,0.6749219298362732,1.0601822137832642,0.22361575812101364,0.08576362580060959,54.76247364282608,0
164,1.2168129980564117,0.6765663027763367,1.0582908391952515,0.22384463250637054,0.08583185076713562,55.07224178314209,0
165,1.2136898338794708,0.6782777905464172,1.0511345863342285,0.22345594316720963,0.08568668365478516,55.839728973805904,1
166,1.2121970355510712,0.6762307286262512,1.0540955066680908,0.22431598603725433,0.08588338643312454,56.15003201365471,0
167,1.2102606892585754,0.6767005324363708,1.0561813116073608,0.2239461988210678,0.08581769466400146,56.459906697273254,0
168,1.209126055240631,0.6780092716217041,1.0519251823425293,0.22351328283548355,0.08581233769655228,56.76933302730322,0
169,1.2065580487251282,0.6771032214164734,1.051975131034851,0.22380497306585312,0.08582751452922821,57.07907399535179,0
170,1.2059791386127472,0.677942156791687,1.0492912530899048,0.22363907098770142,0.085940882563591,57.38874528557062,0
171,1.205540120601654,0.678814709186554,1.0490493774414062,0.2238784283399582,0.08587902784347534,57.709747686982155,1
172,1.2023597955703735,0.6782106757164001,1.0510870218276978,0.22391871362924576,0.0858740285038948,58.01965828239918,0
173,1.2023441195487976,0.6779085993766785,1.0505098104476929,0.22372348606586456,0.08581625670194626,58.32930766791105,0
174,1.1998877823352814,0.6802912354469299,1.0449190139770508,0.22450006753206253,0.08582768589258194,58.64805769920349,1
175,1.1998263001441956,0.6785462498664856,1.0495446920394897,0.22411005944013596,0.08586904406547546,58.95813298970461,0
176,1.1981166005134583,0.6781435608863831,1.050385594367981,0.22338267415761948,0.08587947487831116,59.26750677078962,0
177,1.1943321526050568,0.6804590225219727,1.042868733406067,0.2240041345357895,0.08582071959972382,59.583635695278645,1
178,1.1967779695987701,0.679989218711853,1.04470956325531,0.22375602275133133,0.08584912866353989,59.893339052796364,0
179,1.1927402913570404,0.6791502833366394,1.0464110374450684,0.2239818200469017,0.08583453297615051,60.20326655358076,0
180,1.1928284466266632,0.6803247928619385,1.0424234867095947,0.22362468391656876,0.08583773672580719,60.512818075716496,0
181,1.192041963338852,0.6800563335418701,1.045182228088379,0.2238929271697998,0.08577084541320801,60.82257395982742,0
182,1.1891608536243439,0.679620087146759,1.0428622961044312,0.22436754405498505,0.08611255884170532,61.13316174596548,0
183,1.1882067620754242,0.6810966730117798,1.0398908853530884,0.22429844737052917,0.08575005829334259,61.44905850291252,1
184,1.188123494386673,0.6812644600868225,1.0418696403503418,0.2237568125128746,0.08575524389743805,61.7642742022872,1
185,1.1851985156536102,0.6807610988616943,1.041039228439331,0.2238636538386345,0.08579516410827637,62.07400593161583,0
186,1.1838933229446411,0.6821369528770447,1.0378462076187134,0.22357451915740967,0.08578797429800034,62.38944321870804,1
187,1.1841675341129303,0.6821033954620361,1.0364184379577637,0.22385461628437042,0.08586624264717102,62.699221931397915,0
188,1.1814275681972504,0.6810631155967712,1.0398521423339844,0.2236122116446495,0.08572382479906082,63.008626975119114,0
189,1.179572969675064,0.6825731992721558,1.0347923040390015,0.22353088110685349,0.08581637591123581,63.32466992735863,1
190,1.1797704994678497,0.6822040677070618,1.0346633195877075,0.22376138716936111,0.0857589915394783,63.63425128906965,0
191,1.1782684922218323,0.6817007064819336,1.0378550291061401,0.2235887423157692,0.08579816669225693,63.943700447678566,0
192,1.1773685216903687,0.6827074289321899,1.0336376428604126,0.2236558496952057,0.08579843491315842,64.25885680317879,1
193,1.1752060949802399,0.6824389696121216,1.0326671600341797,0.22360680997371674,0.0858188048005104,64.56833761930466,0
194,1.1746817529201508,0.6825731992721558,1.0327880382537842,0.22364269196987152,0.08584129810333252,64.87788087129593,0
195,1.1726983785629272,0.6828752160072327,1.0339447259902954,0.2235693782567978,0.08579649776220322,66.15109825134277,1
196,1.1723358929157257,0.6826738715171814,1.0332250595092773,0.22402866929769516,0.08584243059158325,66.46109562367201,0
197,1.1719533205032349,0.6848551630973816,1.0287364721298218,0.22366320341825485,0.08571923524141312,66.77761121839285,1
198,1.1709741950035095,0.6832107901573181,1.033767819404602,0.22365441918373108,0.08572575449943542,67.08704344928265,0
199,1.1688792705535889,0.6832779049873352,1.0315309762954712,0.2234243005514145,0.08583137392997742,67.39634826034307,0
200,1.1680092513561249,0.6841168999671936,1.028962254524231,0.2237657904624939,0.08585923165082932,67.70602987706661,0
201,1.1674526929855347,0.6850900650024414,1.0252598524093628,0.22363949567079544,0.08582594245672226,68.02207968384027,1
202,1.1665135025978088,0.6848551630973816,1.0277079343795776,0.22357012331485748,0.08576235920190811,68.33146785199642,0
203,1.1653881967067719,0.6845531463623047,1.028984546661377,0.22360440343618393,0.08573418855667114,68.64085644483566,0
204,1.1634293496608734,0.6846202611923218,1.028415322303772,0.22369245439767838,0.08584821969270706,68.95045430213213,0
205,1.16397625207901,0.6859961748123169,1.0236281156539917,0.22357624769210815,0.08579406887292862,69.2671161070466,1
206,1.1617350280284882,0.684821605682373,1.0251089334487915,0.2235999032855034,0.08584383875131607,69.57661724090576,0
207,1.160329520702362,0.6842511296272278,1.0288547277450562,0.22376170754432678,0.08580882102251053,69.88625095784664,0
208,1.158895492553711,0.686432421207428,1.0213172435760498,0.22360213845968246,0.08574160188436508,70.20184878259897,1
209,1.1594238579273224,0.6855934262275696,1.0222221612930298,0.22378703951835632,0.085915207862854,70.51161329448223,0
210,1.1587368845939636,0.6857276558876038,1.027272343635559,0.22348327934741974,0.08570662885904312,70.8208709731698,0
211,1.1559832990169525,0.6859626173973083,1.0229880809783936,0.2241881713271141,0.08587891608476639,71.13099832087755,0
212,1.1560591161251068,0.6863988637924194,1.0206650495529175,0.22346874326467514,0.08567304164171219,71.44020862132311,0
213,1.1551996767520905,0.6857947707176208,1.0230982303619385,0.2235562726855278,0.08572448045015335,71.74954801052809,0
214,1.1534906029701233,0.686063289642334,1.022737741470337,0.22409331053495407,0.08582980930805206,72.05952665954828,0
215,1.1516593098640442,0.6874727010726929,1.017878532409668,0.22353968769311905,0.08591907471418381,72.37720014899969,1
216,1.1523724496364594,0.6874391436576843,1.0169782638549805,0.22379526495933533,0.0857803076505661,72.68684536963701,0
217,1.1478491723537445,0.686801552772522,1.0220447778701782,0.22373709082603455,0.08580885827541351,72.99644956737757,0
218,1.150528758764267,0.6868686676025391,1.0203477144241333,0.22360224276781082,0.08595110476016998,73.30605766177177,0
219,1.1483159065246582,0.6881102919578552,1.0173579454421997,0.22385188192129135,0.08590345084667206,73.62156365066767,1
220,1.147147297859192,0.687908947467804,1.0206058025360107,0.2236126959323883,0.08582422137260437,73.9310593008995,0
221,1.1482006907463074,0.6869357824325562,1.0224037170410156,0.22382231801748276,0.08579747378826141,74.24075917899609,0
222,1.1468054056167603,0.6897546648979187,1.0102754831314087,0.22358030825853348,0.08585043996572495,74.71902273595333,1
223,1.1455242335796356,0.6887143850326538,1.0171985626220703,0.2235814705491066,0.08571301400661469,75.02837646007538,0
224,1.143684595823288,0.687976062297821,1.0173872709274292,0.22371140867471695,0.08592906594276428,75.33808919042349,0
225,1.1434943974018097,0.6896875500679016,1.0110223293304443,0.22371209412813187,0.08572562783956528,75.64760511368513,0
226,1.1416468024253845,0.6884458661079407,1.0166566371917725,0.22360453009605408,0.0856705754995346,75.95693303644657,0
227,1.141662359237671,0.6890499591827393,1.0153119564056396,0.22364863753318787,0.08582299947738647,76.26646968722343,0
228,1.1399333477020264,0.6891841888427734,1.016335368156433,0.22399728745222092,0.08577411621809006,76.57629749923944,0
229,1.1397575736045837,0.6897211074829102,1.0121179819107056,0.22404975444078445,0.08590273559093475,76.88635762035847,0
230,1.1387662589550018,0.6899895668029785,1.0100404024124146,0.22395368665456772,0.08584523946046829,77.20279209315777,1
231,1.13693767786026,0.6882445216178894,1.0174418687820435,0.22368227690458298,0.08569180220365524,77.51222483813763,0
232,1.1370239555835724,0.690325140953064,1.0104140043258667,0.2235230952501297,0.08572246879339218,77.82742694020271,1
233,1.1362304091453552,0.6905600428581238,1.009704351425171,0.2235153317451477,0.0856303796172142,78.14248442649841,1
234,1.1340549886226654,0.6889492869377136,1.015464425086975,0.2237624078989029,0.08575273305177689,78.4520598500967,0
235,1.132982224225998,0.690392255783081,1.0107125043869019,0.22373180836439133,0.08567413687705994,78.76154813915491,0
236,1.1347485482692719,0.6898217797279358,1.0135294198989868,0.2237686961889267,0.085800901055336,79.07117535918951,0
237,1.1338997185230255,0.6913319230079651,1.0070492029190063,0.2236032411456108,0.08572994917631149,79.38826283812523,1
238,1.1298224329948425,0.6908956170082092,1.0078967809677124,0.22356082499027252,0.08574782311916351,79.69762250036001,0
239,1.1311060786247253,0.6897882223129272,1.0129015445709229,0.22379188984632492,0.08575692027807236,80.00722583383322,0
240,1.1292834281921387,0.691130518913269,1.0079413652420044,0.2236761376261711,0.08582998067140579,80.31679677218199,0
241,1.1298558115959167,0.6920366287231445,1.004565715789795,0.22341755032539368,0.0856657549738884,80.63179211318493,1
242,1.1288137435913086,0.6900902390480042,1.0114132165908813,0.22382790595293045,0.08585021644830704,80.94152560085058,0
243,1.1269961893558502,0.691264808177948,1.0078444480895996,0.22383403033018112,0.08566191792488098,81.25108677893877,0
244,1.1269345581531525,0.6918017268180847,1.0052639245986938,0.22365275025367737,0.0858641266822815,81.56067939847708,0
245,1.1277083158493042,0.6911640763282776,1.008814811706543,0.22378086298704147,0.08576446771621704,81.87028839439154,0
246,1.1246321201324463,0.6919023990631104,1.0076713562011719,0.22353719174861908,0.08586450666189194,82.17975495755672,0
247,1.1251517236232758,0.6914997100830078,1.0070867538452148,0.2237752228975296,0.08579281717538834,82.4893801882863,0
248,1.1221743822097778,0.6922044157981873,1.0059341192245483,0.22449687123298645,0.08584307134151459,82.80727066844702,1
249,1.1241661608219147,0.6917346119880676,1.0037344694137573,0.2251686304807663,0.08618293702602386,83.11892911791801,0
250,1.122391402721405,0.6922379732131958,1.0035457611083984,0.22412586957216263,0.08601763844490051,83.43810097128153,1
251,1.121402084827423,0.6929762363433838,1.0029972791671753,0.22393932193517685,0.08581509441137314,83.75401350855827,1
252,1.1214928925037384,0.6928084492683411,1.0014292001724243,0.2237907573580742,0.08580785244703293,84.06367767602205,0
253,1.120190680027008,0.6905600428581238,1.0102108716964722,0.2241135537624359,0.08578112721443176,84.37364114820957,0
254,1.118354320526123,0.6933453679084778,1.0019932985305786,0.22393788397312164,0.08581073582172394,84.68899650126696,1
255,1.1189942061901093,0.694050133228302,0.998083233833313,0.22382530570030212,0.08567802608013153,85.00423103570938,1
256,1.1180351674556732,0.6907949447631836,1.0079662799835205,0.2244967520236969,0.08582397550344467,85.31462051719427,0
257,1.1163747310638428,0.6935131549835205,1.0015934705734253,0.2236296534538269,0.08583676815032959,85.62415418028831,0
258,1.117970585823059,0.6936809420585632,0.9971609711647034,0.22390510141849518,0.08572082221508026,85.93383964151144,0
259,1.1155671775341034,0.6920366287231445,1.0048201084136963,0.22437629848718643,0.08570975065231323,86.24398854374886,0
260,1.11318701505661,0.6928755640983582,1.0012845993041992,0.22368405759334564,0.08576735109090805,86.55353028327227,0
261,1.1161276400089264,0.6927077770233154,1.0030772686004639,0.22359270602464676,0.08573341369628906,86.86292604357004,0
262,1.1135366559028625,0.6939159035682678,0.9977127909660339,0.22369836270809174,0.08580687642097473,87.17248939722776,0
263,1.1148606836795807,0.6940836906433105,0.9967643022537231,0.22371888160705566,0.08577341586351395,87.48954252153635,1
264,1.1120096743106842,0.6919695138931274,1.0007109642028809,0.22363808751106262,0.08579353243112564,87.79903393983841,0
265,1.1106445789337158,0.6948555111885071,0.9942641258239746,0.22392452508211136,0.08578198403120041,88.11437103152275,1
266,1.1100927889347076,0.6943857073783875,0.9969481825828552,0.22358665615320206,0.08584249764680862,88.42387797683477,0
267,1.1097066402435303,0.6930769085884094,1.0025032758712769,0.22373990714550018,0.08574014902114868,88.73342613875866,0
268,1.1096047759056091,0.6951910853385925,0.9923413395881653,0.22390331327915192,0.08571694791316986,89.05428580194712,1
269,1.1073622107505798,0.694050133228302,0.9977181553840637,0.2237585410475731,0.08582786470651627,89.36393924802542,0
270,1.1065018475055695,0.6929091215133667,1.0001581907272339,0.22371559590101242,0.08578244596719742,89.67349983006716,0
271,1.1049795150756836,0.6960300207138062,0.9930945634841919,0.22364766150712967,0.08581189811229706,89.99051251262426,1
272,1.1055724918842316,0.6949897408485413,0.9945260882377625,0.22367963939905167,0.08579059690237045,90.30005578696728,0
273,1.1065390706062317,0.6937144994735718,0.9979091286659241,0.22348356992006302,0.08585622906684875,90.60947012156248,0
274,1.1063866019248962,0.6951239705085754,0.9936684966087341,0.2240239828824997,0.0858471468091011,90.9194006100297,0
275,1.1021482050418854,0.6950904130935669,0.9965176582336426,0.2235952466726303,0.08581365644931793,91.22888019680977,0
276,1.1044850647449493,0.6940165758132935,0.9947120547294617,0.22368351370096207,0.08586567640304565,91.53848549723625,0
277,1.10264253616333,0.6952246427536011,0.9943845868110657,0.22370442003011703,0.08574588596820831,91.84799982607365,0
278,1.1018182337284088,0.6957280039787292,0.9930221438407898,0.22377227246761322,0.08585426211357117,92.15768352150917,0
279,1.1020511984825134,0.6947548389434814,0.9940257668495178,0.22367072850465775,0.08581257611513138,92.46722642332315,0
280,1.1015786826610565,0.6963991522789001,0.9914408922195435,0.22386180609464645,0.0857691839337349,92.92391089349985,1
281,1.1007858216762543,0.6951239705085754,0.9957543015480042,0.22363658249378204,0.08576537668704987,93.23340125381947,0
282,1.099301666021347,0.6962984800338745,0.9894024133682251,0.22368784248828888,0.08567806333303452,93.54282154887915,0
283,1.099172294139862,0.6958622336387634,0.991628110408783,0.22454026341438293,0.08580182492733002,93.85322400927544,0
284,1.0966394543647766,0.6959629058837891,0.9931941032409668,0.22377647459506989,0.08575557917356491,94.1628846526146,0
285,1.0985389053821564,0.695895791053772,0.9897885918617249,0.2237376868724823,0.08583410829305649,94.4725444316864,0
286,1.096941590309143,0.696264922618866,0.9910706281661987,0.22376450151205063,0.0857313871383667,94.78211981803179,0
287,1.0969679951667786,0.6970368027687073,0.9880392551422119,0.22474660724401474,0.08572825789451599,95.10132233798504,1
288,1.0964175462722778,0.6945199370384216,0.9962455630302429,0.2248329296708107,0.08583277463912964,95.41208177804947,0
289,1.094630390405655,0.6969696879386902,0.989547073841095,0.22351112961769104,0.08580423891544342,95.7214489504695,0
290,1.0949355065822601,0.6966005563735962,0.9903950691223145,0.22476208209991455,0.08576636761426926,96.03205500543118,0
291,1.0946564376354218,0.6947548389434814,0.9934606552124023,0.2238953709602356,0.08580519258975983,96.3418343886733,0
292,1.092777043581009,0.6969361305236816,0.9886183142662048,0.2236013561487198,0.08577466011047363,96.65126707404852,0
293,1.0931160151958466,0.6963655948638916,0.9912750124931335,0.22365152090787888,0.08580004423856735,96.96077451854944,0
294,1.0931443870067596,0.6960300207138062,0.9897169470787048,0.22356773167848587,0.08575645834207535,97.27017782628536,0
295,1.0906615257263184,0.6966341137886047,0.9879577159881592,0.22372808307409286,0.0858495905995369,97.5798242688179,0
296,1.0911469757556915,0.6966341137886047,0.992156445980072,0.22375522553920746,0.08613122999668121,97.88977573812008,0
297,1.09052774310112,0.6970703601837158,0.9864774942398071,0.22377416491508484,0.0858340635895729,98.2059998512268,1
298,1.089193195104599,0.6956608891487122,0.987108051776886,0.22383186966180801,0.0857834741473198,98.51567710191011,0
299,1.0883573591709137,0.6964662671089172,0.9904078841209412,0.2236790731549263,0.08578024059534073,98.82520189881325,0
300,1.0880041718482971,0.69720458984375,0.9863268136978149,0.22372859716415405,0.08582963794469833,99.14141424745321,1
301,1.0888687670230865,0.6968690156936646,0.9850702881813049,0.2241789773106575,0.08616213500499725,99.45182167738676,0
302,1.0878859460353851,0.6971039175987244,0.9935922622680664,0.22428534924983978,0.08596409857273102,99.76222105324268,0
303,1.0862313210964203,0.6980099678039551,0.9824104905128479,0.22402630746364594,0.08584506809711456,100.08077078312635,1
304,1.0871452391147614,0.6970703601837158,0.9859105944633484,0.22380512952804565,0.0858299657702446,100.39049006998539,0
305,1.0863738059997559,0.6975066065788269,0.9918262958526611,0.22362394630908966,0.08573649078607559,100.69992250949144,0
306,1.0876282751560211,0.6982113122940063,0.9837619066238403,0.2235184982419014,0.08581433445215225,101.0154628008604,1
307,1.0840851366519928,0.6975401639938354,0.985744833946228,0.22376390546560287,0.08579736202955246,101.32509538531303,0
308,1.0829022228717804,0.6977079510688782,0.9865433573722839,0.22375242412090302,0.08569063246250153,101.63460569828749,0
309,1.0837832987308502,0.6971374750137329,0.9850974678993225,0.22350924462080002,0.08583607524633408,101.94400942325592,0
310,1.0829553008079529,0.6976072788238525,0.9861889481544495,0.22368918359279633,0.08586511760950089,102.25365725159645,0
311,1.0810728669166565,0.6973723769187927,0.987996518611908,0.2236609160900116,0.08581973612308502,102.5632233992219,0
312,1.083038568496704,0.6967347860336304,0.9854812026023865,0.2237139195203781,0.08579329401254654,102.87278995662928,0
313,1.0819988548755646,0.699251651763916,0.9786614179611206,0.22356101870536804,0.08576525747776031,103.19818355888128,1
314,1.07877716422081,0.6991845369338989,0.9846674799919128,0.22376491874456406,0.08567391335964203,103.50768930464983,0
315,1.0795233845710754,0.6960971355438232,0.9873884916305542,0.22403189539909363,0.08581647276878357,103.81760140508413,0
316,1.0789731740951538,0.6983455419540405,0.9833604097366333,0.22362148761749268,0.08586680144071579,104.12717994302511,0
317,1.078130304813385,0.700359046459198,0.9803119897842407,0.22361772507429123,0.08590105921030045,104.4429039657116,1
318,1.0790044665336609,0.6971710324287415,0.9863401055335999,0.22360780835151672,0.08583702892065048,104.75243608653545,0
319,1.0786657333374023,0.6983790993690491,0.9809805154800415,0.22347966581583023,0.08578735589981079,105.06176801770926,0
320,1.0763023495674133,0.6989495754241943,0.9792894124984741,0.22347187995910645,0.08581066131591797,105.37111031264067,0
321,1.0775922536849976,0.6976072788238525,0.9837981462478638,0.2234337031841278,0.08584834635257721,105.68044340610504,0
322,1.0752516090869904,0.6971039175987244,0.9896584749221802,0.22349506616592407,0.08582186698913574,105.9898233115673,0
323,1.0755067765712738,0.6997885704040527,0.9762051701545715,0.223722904920578,0.08586273342370987,106.29949126392603,0
324,1.0772603452205658,0.6994194388389587,0.9829349517822266,0.22367774695158005,0.08573456108570099,106.60895769298077,0
325,1.077714443206787,0.6987482309341431,0.9828940033912659,0.22346097975969315,0.08580520004034042,106.91828039288521,0
326,1.0747768878936768,0.6992852091789246,0.9796229004859924,0.22368858009576797,0.08577439188957214,107.2278003692627,0
327,1.0740318298339844,0.6992180943489075,0.9789897203445435,0.2235105112195015,0.08582098037004471,107.53719659894705,0
328,1.0737112164497375,0.6992180943489075,0.9790252447128296,0.22354351729154587,0.08579514920711517,107.84659412503242,0
329,1.0735081732273102,0.6982784271240234,0.9866223931312561,0.22343958914279938,0.08578331023454666,108.15587594360113,0
330,1.0729850232601166,0.6989831328392029,0.9778487682342529,0.22353249043226242,0.08581535518169403,108.46528258919716,0
331,1.073031336069107,0.7006610631942749,0.9762909412384033,0.22357552498579025,0.08582121133804321,108.78088817745447,1
332,1.071781486272812,0.6991845369338989,0.9840571880340576,0.22363054752349854,0.08581644296646118,109.09039735794067,0
333,1.0722549855709076,0.6995201110839844,0.9768903255462646,0.22385532408952713,0.08581836521625519,109.40012907981873,0
334,1.0700370073318481,0.7000570297241211,0.9802002906799316,0.22348595410585403,0.08573558926582336,109.70940260589123,0
335,1.0706716477870941,0.7005268335342407,0.9765639901161194,0.2240404561161995,0.08582590520381927,110.01933135092258,0
336,1.0699032247066498,0.6992180943489075,0.9817342758178711,0.22355932742357254,0.0858362689614296,110.32882156223059,0
337,1.0691106617450714,0.7004261612892151,0.9790501594543457,0.22410235553979874,0.0858239158987999,110.6387977078557,0
338,1.067571371793747,0.7005939483642578,0.9744345545768738,0.22361835092306137,0.08578348159790039,110.94825137406588,0
339,1.0687665343284607,0.6975066065788269,0.9849255084991455,0.22340697050094604,0.08581877499818802,111.25753451883793,0
340,1.0668885707855225,0.700359046459198,0.9741263389587402,0.22370045632123947,0.08580537885427475,111.56709875911474,0
341,1.068110853433609,0.7012986540794373,0.9732365012168884,0.22346220910549164,0.08582670241594315,111.88325168192387,1
342,1.06564861536026,0.6991845369338989,0.9832053184509277,0.22338000684976578,0.08572407811880112,112.1924124583602,0
343,1.0670277774333954,0.7004261612892151,0.9762808680534363,0.2234538421034813,0.085841104388237,112.50176080316305,0
344,1.06623575091362,0.7006946206092834,0.9783667922019958,0.2234782800078392,0.08590849488973618,112.81120523810387,0
345,1.0631332993507385,0.6999228000640869,0.9803586006164551,0.22553244978189468,0.08581355214118958,113.12260499596596,0
346,1.0656861364841461,0.7010301947593689,0.9774701595306396,0.22349420189857483,0.08568989485502243,113.43185590207577,0
347,1.0646519362926483,0.7013322114944458,0.9764528274536133,0.22335094958543777,0.08579489588737488,113.7469020113349,1
348,1.0621366500854492,0.7010301947593689,0.9745277762413025,0.22342677414417267,0.08581304550170898,114.05619163066149,0
349,1.0626373291015625,0.6998556852340698,0.9761801958084106,0.2233763262629509,0.08579298853874207,114.36541698873043,0
350,1.0627458691596985,0.6997214555740356,0.9783105254173279,0.22337418794631958,0.08571083098649979,114.67455638945103,0
351,1.0627600252628326,0.701097309589386,0.9734730124473572,0.2235327959060669,0.08573490381240845,114.98387940973043,0
352,1.0616453886032104,0.7016342282295227,0.9740282893180847,0.22340378165245056,0.08583198487758636,115.30260130017996,1
353,1.0615808069705963,0.7010301947593689,0.9785222411155701,0.2234657257795334,0.08585483580827713,115.61197935044765,0
354,1.061984360218048,0.7002583742141724,0.9739042520523071,0.2233724221587181,0.0858352854847908,115.9212636128068,0
355,1.0601989030838013,0.7006946206092834,0.9761641025543213,0.22355292737483978,0.08574842661619186,116.23062992095947,0
356,1.0593694150447845,0.7008624076843262,0.9768707752227783,0.2236594259738922,0.0858522579073906,116.54022280871868,0
357,1.0580073297023773,0.701097309589386,0.9712568521499634,0.2234187126159668,0.0858544185757637,116.84955170750618,0
358,1.0592970550060272,0.7003254890441895,0.9799194931983948,0.223387248814106,0.08584947139024734,117.15884583443403,0
359,1.0593990981578827,0.7010301947593689,0.9711319804191589,0.22345194965600967,0.08586801588535309,117.46822367608547,0
360,1.058480590581894,0.7016342282295227,0.9716136455535889,0.2237621545791626,0.08582788705825806,117.78438098728657,1
361,1.0575659275054932,0.7002919316291809,0.979288637638092,0.223540261387825,0.08599279820919037,118.09397207945585,0
362,1.0548776984214783,0.7022047638893127,0.9715754389762878,0.22369027882814407,0.08583518117666245,118.40977209806442,1
363,1.0569945573806763,0.7002248167991638,0.9786748886108398,0.22379154711961746,0.08579284697771072,118.71942734718323,0
364,1.0572253167629242,0.7020705342292786,0.9693698883056641,0.2233891636133194,0.08580289036035538,119.02868420630693,0
365,1.0554729402065277,0.7006946206092834,0.9742467403411865,0.22342222929000854,0.08583628386259079,119.3379985243082,0
366,1.0548749268054962,0.7016342282295227,0.9761843085289001,0.22350450605154037,0.08576561510562897,119.64732533693314,0
367,1.0543437004089355,0.7019698619842529,0.967618465423584,0.2234635278582573,0.08584979921579361,119.95669580250978,0
368,1.0564299821853638,0.7010637521743774,0.9759669899940491,0.22410940378904343,0.0857672244310379,120.26662911474705,0
369,1.052812546491623,0.70203697681427,0.9704484343528748,0.22367845475673676,0.08581767231225967,120.57624239474535,0
370,1.0516913831233978,0.70203697681427,0.9695895314216614,0.2233738675713539,0.08572649210691452,120.8854156434536,0
371,1.0535564422607422,0.6998556852340698,0.9794355630874634,0.22332178056240082,0.08578598499298096,121.1945743188262,0
372,1.0534455180168152,0.702406108379364,0.968143105506897,0.22351235896348953,0.08572552353143692,121.51027557998896,1
373,1.0525158047676086,0.7014999985694885,0.9738265872001648,0.22358663380146027,0.08582422137260437,121.81974326819181,0
374,1.052161455154419,0.7017013430595398,0.9713122248649597,0.22352048009634018,0.08583477884531021,122.12916831672192,0
375,1.0517035722732544,0.7029094696044922,0.9695869088172913,0.22368857264518738,0.08579614013433456,122.44780114293098,1
376,1.0518134832382202,0.7005939483642578,0.9749429225921631,0.22365766018629074,0.08580327779054642,122.75731487572193,0
377,1.0516711473464966,0.7018020153045654,0.9698737859725952,0.22334720194339752,0.0857277512550354,123.06644596904516,0
378,1.0506711602210999,0.7018691897392273,0.9723389148712158,0.2235131338238716,0.08567003160715103,123.3756859973073,0
379,1.050457239151001,0.7002248167991638,0.9754118919372559,0.22321784496307373,0.08575497567653656,123.68471498787403,0
380,1.0480515956878662,0.7030101418495178,0.9641897678375244,0.22368690371513367,0.08583662658929825,124.00057684630156,1
381,1.0502323806285858,0.7010637521743774,0.97491055727005,0.22344907373189926,0.0859265998005867,124.31003957986832,0
382,1.0480259358882904,0.7022383213043213,0.9691829085350037,0.2236616536974907,0.08572334796190262,124.61948354542255,0
383,1.0484823286533356,0.7040504217147827,0.9673970341682434,0.22348568588495255,0.08585335314273834,124.9348721653223,1
384,1.0483097434043884,0.7010301947593689,0.9778380990028381,0.2234247475862503,0.0857626274228096,125.24411941319704,0
385,1.0486018657684326,0.7028423547744751,0.9625792503356934,0.22369128465652466,0.08582214266061783,125.55368506163359,0
386,1.0480252504348755,0.7029430270195007,0.9694675207138062,0.22322240471839905,0.08578542619943619,125.86274862289429,0
387,1.0468571782112122,0.7017684578895569,0.9761179685592651,0.22357039898633957,0.08574914187192917,126.17213284224272,0
388,1.0473545491695404,0.7024396657943726,0.9617234468460083,0.22384090721607208,0.08588463068008423,126.48191563785076,0
389,1.0472870469093323,0.7011979818344116,0.9762591123580933,0.2233458086848259,0.08576809614896774,126.79109669476748,0
390,1.047686219215393,0.7041175365447998,0.964763879776001,0.22357096523046494,0.08578839153051376,127.106760263443,1
391,1.044942706823349,0.7019027471542358,0.969129204750061,0.2234024628996849,0.08581552654504776,127.41603773087263,0
392,1.0445017218589783,0.703513503074646,0.9657162427902222,0.2235935851931572,0.085723377764225,127.72546220570803,0
393,1.0446172952651978,0.7034463882446289,0.9675137996673584,0.22333616763353348,0.08580665290355682,128.03465785086155,0
394,1.044362723827362,0.7024732232093811,0.9705040454864502,0.22345515340566635,0.08577895909547806,128.34394811093807,0
395,1.0423597395420074,0.7039161920547485,0.9657551050186157,0.22337058186531067,0.08598611503839493,128.65336158126593,0
396,1.0435925722122192,0.7040504217147827,0.9640845060348511,0.2237020954489708,0.08583372086286545,128.96296900510788,0
397,1.0428910553455353,0.702775239944458,0.969260573387146,0.2235320433974266,0.08573481440544128,129.27228922396898,0
398,1.0423703491687775,0.7050572037696838,0.9631871581077576,0.2233060896396637,0.08578284084796906,129.58827307075262,1
399,1.0405322909355164,0.7006946206092834,0.9755051732063293,0.22329074144363403,0.08584441989660263,129.89746467769146,0
400,1.042174905538559,0.7050236463546753,0.9614337086677551,0.22324255108833313,0.08579316735267639,130.20656262338161,0
401,1.0437235534191132,0.7043859958648682,0.967871904373169,0.22348633408546448,0.08579705655574799,130.51590148359537,0
402,1.0406184196472168,0.7009295225143433,0.9710288643836975,0.22358109056949615,0.08586597442626953,130.82542540878057,0
403,1.040208637714386,0.7048894166946411,0.9626621603965759,0.22353293001651764,0.08585433661937714,131.1348733007908,0
404,1.0391918122768402,0.7024396657943726,0.9706127047538757,0.22334332019090652,0.08582039922475815,131.44408965855837,0
405,1.0406832695007324,0.7023725509643555,0.964702308177948,0.22346827387809753,0.08580834418535233,131.7534193098545,0
406,1.0407593250274658,0.7033792734146118,0.9698546528816223,0.22344212979078293,0.0857643261551857,132.06268613785505,0
407,1.040014624595642,0.7047887444496155,0.9639167785644531,0.22354725748300552,0.08581133931875229,132.37210769951344,0
408,1.037726640701294,0.7030101418495178,0.9595442414283752,0.22346464544534683,0.08570004254579544,132.68133471161127,0
409,1.0366282165050507,0.7024732232093811,0.9703607559204102,0.22346682846546173,0.08564037829637527,132.99050050228834,0
410,1.0402385294437408,0.7041175365447998,0.9673949480056763,0.2234329730272293,0.0857929065823555,133.29978724569082,0
411,1.0387124717235565,0.7026074528694153,0.9648496508598328,0.22348301857709885,0.08575437217950821,133.6091059818864,0
412,1.0370007753372192,0.7040839791297913,0.9644045829772949,0.22332244366407394,0.0857291966676712,133.9182274490595,0
413,1.037831038236618,0.7050236463546753,0.962245523929596,0.22368814051151276,0.08583563566207886,134.2278108149767,0
414,1.0350291430950165,0.7033792734146118,0.9658445119857788,0.22361084818840027,0.08581042289733887,134.537319727242,0
415,1.0378440618515015,0.7051578760147095,0.9600396156311035,0.2235763967037201,0.08578319847583771,134.85397049039602,1
416,1.0355884730815887,0.7026410102844238,0.9681715965270996,0.2238188236951828,0.08579149842262268,135.16366511583328,0
417,1.0370705425739288,0.7040839791297913,0.9643694162368774,0.223334401845932,0.08582396805286407,135.47289229929447,0
418,1.0343141555786133,0.7041846513748169,0.9623891115188599,0.22344809025526047,0.08578697592020035,135.78218389302492,0
419,1.0353515148162842,0.7026074528694153,0.9668505787849426,0.22373493015766144,0.08572418987751007,136.09169995039701,0
420,1.0352047681808472,0.7047216296195984,0.9585791230201721,0.2236509546637535,0.08576443791389465,136.40118294209242,0
421,1.0318565666675568,0.7023389935493469,0.9751401543617249,0.22359264642000198,0.08580952882766724,136.7106464728713,0
422,1.0342512130737305,0.7048558592796326,0.9602335095405579,0.22346042096614838,0.08576404303312302,137.01993558555841,0
423,1.0331015586853027,0.7049900889396667,0.9587164521217346,0.22336063534021378,0.0859280377626419,137.32928140461445,0
424,1.032560020685196,0.7029094696044922,0.9689479470252991,0.22415121644735336,0.08586376160383224,137.63936239480972,0
425,1.0335466265678406,0.7052249908447266,0.9573211073875427,0.22359523177146912,0.08582938462495804,137.95557358115911,1
426,1.0349473059177399,0.7012315392494202,0.9714050889015198,0.22336339950561523,0.08572746068239212,138.26473159343004,0
427,1.0320856869220734,0.7053256630897522,0.9612370729446411,0.22352343797683716,0.08573191612958908,138.57984175533056,1
428,1.0329799950122833,0.7042853236198425,0.9641826152801514,0.223331481218338,0.08589831739664078,138.88912826776505,0
429,1.0317681431770325,0.7017013430595398,0.9676263332366943,0.22354566305875778,0.08577017486095428,139.19852153211832,0
430,1.0307625532150269,0.7048894166946411,0.9569483399391174,0.22354606539011002,0.08576822280883789,139.50789161026478,0
431,1.0302182734012604,0.7049229741096497,0.9615767002105713,0.22346440702676773,0.0858750119805336,139.817284822464,0
432,1.0322542786598206,0.7022047638893127,0.9693509936332703,0.22342976182699203,0.08583126962184906,140.12661105394363,0
433,1.02949720621109,0.7052585482597351,0.9582386016845703,0.22348365187644958,0.08584988117218018,140.4360035136342,0
434,1.0304797887802124,0.7029094696044922,0.9682971835136414,0.22355211526155472,0.08582808822393417,140.74544455856085,0
435,1.0289869606494904,0.7039833068847656,0.9636704325675964,0.22334227710962296,0.08589958399534225,141.05474239587784,0
436,1.0302478671073914,0.7055941224098206,0.9537101984024048,0.2235656902194023,0.08585598319768906,141.37127079069614,1
437,1.0293171107769012,0.7009966373443604,0.9712309241294861,0.22333814203739166,0.0857953280210495,141.6804592832923,0
438,1.0301008224487305,0.7053256630897522,0.9577794671058655,0.2236723154783249,0.08566378802061081,141.9898626357317,0
439,1.0294184386730194,0.705560564994812,0.9606403112411499,0.2234039530158043,0.08581805974245071,142.2991451099515,0
440,1.0295475125312805,0.7026410102844238,0.9633183479309082,0.22360218316316605,0.08587472140789032,142.60868222266436,0
441,1.0274583995342255,0.7053592205047607,0.9588559865951538,0.22439463436603546,0.08577241003513336,142.91891089081764,0
442,1.0273654758930206,0.7048558592796326,0.9620254635810852,0.2235415205359459,0.08579752594232559,143.2283118069172,0
443,1.026862472295761,0.7056612372398376,0.9552018642425537,0.22348283231258392,0.08585537225008011,144.22648002952337,1
444,1.0270174145698547,0.7041175365447998,0.9631735682487488,0.22430703788995743,0.08571740984916687,144.53662395477295,0
445,1.0263981819152832,0.7047216296195984,0.9635730981826782,0.22408874332904816,0.08619758486747742,144.84700313955545,0
446,1.0257486402988434,0.7057619094848633,0.9533288478851318,0.22432482987642288,0.0857127457857132,145.16308691352606,1
447,1.0248903036117554,0.7052921056747437,0.9600664377212524,0.22393134981393814,0.08582127839326859,145.47291420400143,0
448,1.023684799671173,0.7045202851295471,0.9629733562469482,0.2238122597336769,0.08581271767616272,145.7826123163104,0
449,1.023037612438202,0.7049565315246582,0.9538561105728149,0.2237013429403305,0.08583644032478333,146.09222623705864,0
450,1.0245270729064941,0.7059632539749146,0.9551812410354614,0.22375275194644928,0.08581715077161789,146.4086940959096,1
451,1.023272693157196,0.702775239944458,0.9713292717933655,0.2236701026558876,0.08582929521799088,146.71825413405895,0
452,1.0238074362277985,0.7054263353347778,0.9569968581199646,0.2239261344075203,0.08588752150535583,147.02813858538866,0
453,1.0234665274620056,0.7034128308296204,0.9653980135917664,0.2237003669142723,0.08576523512601852,147.3376690223813,0
454,1.0243165791034698,0.705560564994812,0.9550600647926331,0.2236621081829071,0.0857873186469078,147.6471921429038,0
455,1.022056758403778,0.7049900889396667,0.9606613516807556,0.223709836602211,0.0857207328081131,147.95667969435453,0
456,1.0209884941577911,0.7036812901496887,0.9668185710906982,0.22372864186763763,0.08581405133008957,148.26628959178925,0
457,1.0231205821037292,0.7060639262199402,0.9514373540878296,0.22356408089399338,0.08573693782091141,148.58316108584404,1
458,1.022596925497055,0.7051578760147095,0.9602041244506836,0.22366637736558914,0.08592531085014343,148.89282055199146,0
459,1.0216856598854065,0.7044867277145386,0.9654337167739868,0.22385747730731964,0.08571503311395645,149.2024526372552,0
460,1.020390272140503,0.7046545147895813,0.953687846660614,0.22366098314523697,0.08580588549375534,149.51199170202017,0
461,1.022315800189972,0.7056947946548462,0.9574746489524841,0.2238461971282959,0.0858529806137085,149.8217478916049,0
462,1.0206116139888763,0.7040839791297913,0.9632229804992676,0.22366923093795776,0.08584959805011749,150.1313356757164,0
463,1.0201671719551086,0.7054934501647949,0.9552510976791382,0.2238195389509201,0.08597312867641449,150.44118744134903,0
464,1.0208562910556793,0.7064330577850342,0.9570441246032715,0.2233637571334839,0.0858626589179039,150.75735241174698,1
465,1.0194025933742523,0.7054263353347778,0.959223210811615,0.22392167896032333,0.08575788140296936,151.06709361076355,0
466,1.0201192796230316,0.7036141753196716,0.9605794548988342,0.22382308542728424,0.08584289252758026,151.37682052701712,0
467,1.0184438824653625,0.7074062824249268,0.9518170356750488,0.22362320870161057,0.08578264713287354,151.69271944463253,1
468,1.01815727353096,0.7050907611846924,0.9560018181800842,0.22450894862413406,0.08595569431781769,152.0032443702221,0
469,1.018154501914978,0.7041175365447998,0.9606426954269409,0.2236218973994255,0.08563371002674103,152.31257012486458,0
470,1.018529236316681,0.7065001726150513,0.9529874920845032,0.22349029779434204,0.08576826006174088,152.62188460677862,0
471,1.018857628107071,0.7036141753196716,0.9618171453475952,0.2241205796599388,0.08594909310340881,152.9320300668478,0
472,1.0169629752635956,0.7051578760147095,0.9554522037506104,0.22355496883392334,0.08582481741905212,153.2414654046297,0
473,1.0190227627754211,0.705191433429718,0.9591159820556641,0.22383596748113632,0.08582127839326859,153.55118373781443,0
474,1.016827017068863,0.7058625817298889,0.9550649523735046,0.22358781844377518,0.08582550287246704,153.86066200584173,0
475,1.0163360238075256,0.7053927779197693,0.9533530473709106,0.22379406541585922,0.08585133403539658,154.17036593705416,0
476,1.018083393573761,0.7031108140945435,0.9666650891304016,0.22359909862279892,0.08585423231124878,154.47989336401224,0
477,1.0162676870822906,0.7067686319351196,0.9508678913116455,0.22366240620613098,0.08575141429901123,154.78936735540628,0
478,1.0164275765419006,0.7051243185997009,0.9549892544746399,0.22525202482938766,0.08582210540771484,155.1005142107606,0
479,1.0150687396526337,0.7046880722045898,0.9591256380081177,0.22431498765945435,0.08579517900943756,155.41067878901958,0
480,1.0161388218402863,0.7063659429550171,0.9535277485847473,0.2237255871295929,0.08578004688024521,155.72023932635784,0
481,1.0144838392734528,0.7043859958648682,0.9581257700920105,0.22354596108198166,0.08580131083726883,156.0296595096588,0
482,1.0158847272396088,0.7058290243148804,0.9543478488922119,0.22425875812768936,0.0862128883600235,156.34019730240107,0
483,1.015276312828064,0.7065672874450684,0.9536676406860352,0.22458063066005707,0.08576492220163345,156.65069460123777,0
484,1.0145063996315002,0.7040168642997742,0.9597004652023315,0.22388388961553574,0.08581690490245819,156.96051717549562,0
485,1.0145291984081268,0.7067015171051025,0.9534021615982056,0.22395623475313187,0.08591379970312119,157.27045783400536,0
486,1.013452023267746,0.7066008448600769,0.954696774482727,0.2238720878958702,0.08568204939365387,157.58011904358864,0
487,1.0135486721992493,0.7050236463546753,0.9611825942993164,0.2239091396331787,0.08584418147802353,157.8899468705058,0
488,1.0132391452789307,0.7067015171051025,0.9498418569564819,0.22381744533777237,0.08583628386259079,158.19969741255045,0
489,1.0116029977798462,0.705560564994812,0.9546636939048767,0.22406350076198578,0.08577968180179596,158.5096244737506,0
490,1.0115399658679962,0.7039497494697571,0.9586019515991211,0.22402363270521164,0.08583540469408035,158.81959275901318,0
491,1.011230856180191,0.7056276798248291,0.9540258646011353,0.22374745458364487,0.08571209013462067,159.12913801521063,0
492,1.0122005939483643,0.7063323855400085,0.9521916508674622,0.22367455065250397,0.08582574129104614,159.43870677798986,0
493,1.01030695438385,0.7044195532798767,0.9586746692657471,0.22381160408258438,0.08590709418058395,159.74850124120712,0
494,1.0108738839626312,0.7066008448600769,0.9517422914505005,0.2242010086774826,0.08579284697771072,160.0586388707161,0
495,1.0104417204856873,0.7061310410499573,0.9512775540351868,0.2240622639656067,0.08585153520107269,160.3686523810029,0
496,1.0099219679832458,0.7055941224098206,0.9522916078567505,0.22378861159086227,0.08588133752346039,160.6784239858389,0
497,1.0097339153289795,0.7054598927497864,0.9583073854446411,0.22408377379179,0.08591238409280777,160.98850452154875,0
498,1.0098662078380585,0.7056612372398376,0.9547950029373169,0.22398944199085236,0.08593157678842545,161.2985713928938,0
499,1.0112577378749847,0.706667959690094,0.950669527053833,0.22400734573602676,0.0857400894165039,161.6084377542138,0
500,1.01146599650383,0.705560564994812,0.9581616520881653,0.2237934023141861,0.08586429804563522,161.91816955804825,0
501,1.0103342831134796,0.706298828125,0.948947548866272,0.22387556731700897,0.0856981948018074,162.22782753407955,0
502,1.0086933374404907,0.706667959690094,0.9506797194480896,0.2240314483642578,0.08576174825429916,162.537721529603,0
503,1.009661465883255,0.7056947946548462,0.9543430805206299,0.22375255823135376,0.08592323213815689,162.84749361127615,0
504,1.0090002864599228,0.7069028615951538,0.9508795142173767,0.22393903881311417,0.08589661121368408,163.15741653740406,0
505,1.010588526725769,0.7059968113899231,0.9544941186904907,0.22406017780303955,0.08581377565860748,163.46742898970842,0
506,1.008590579032898,0.7074062824249268,0.9487727284431458,0.22362279891967773,0.0857708752155304,163.78342988342047,1
507,1.0078358054161072,0.7042853236198425,0.958080530166626,0.22379492223262787,0.08570560067892075,164.09300247579813,0
508,1.0056627243757248,0.7074062824249268,0.9504526257514954,0.22416967153549194,0.0861852690577507,164.4034305214882,0
509,1.0073644518852234,0.7081109881401062,0.9462167620658875,0.22400932013988495,0.08583541959524155,164.7201802060008,1
510,1.0056001991033554,0.7071378231048584,0.9500004053115845,0.22364095598459244,0.08565853536128998,165.02954921871424,0
511,1.0079015493392944,0.707037091255188,0.9545102119445801,0.223466157913208,0.08583427965641022,165.33890519291162,0
512,1.0066406428813934,0.7065001726150513,0.9533225893974304,0.2237299084663391,0.08573045581579208,165.64842914789915,0
513,1.0048664957284927,0.7062652707099915,0.9529250264167786,0.22357898950576782,0.08575423806905746,165.95783197134733,0
514,1.0064043402671814,0.7069028615951538,0.9548908472061157,0.22365783900022507,0.08583199232816696,166.26738438755274,0
515,1.00644913315773,0.7063323855400085,0.9505324959754944,0.22333430498838425,0.08575985580682755,166.57653500139713,0
516,1.0073080956935883,0.7066008448600769,0.9504453539848328,0.22362403571605682,0.0857183113694191,166.8859286531806,0
517,1.005540519952774,0.7075069546699524,0.9492775201797485,0.22364982962608337,0.08582061529159546,167.19546696543694,0
518,1.005695402622223,0.7063995003700256,0.9557774662971497,0.2232203185558319,0.08574441820383072,167.50448810309172,0
519,1.0067013651132584,0.7073391675949097,0.948731541633606,0.2237388715147972,0.0859348475933075,167.81421642750502,0
520,1.0036341100931168,0.7068021893501282,0.9513301253318787,0.22366134822368622,0.0857052430510521,168.12364676594734,0
521,1.0043608248233795,0.7046209573745728,0.9609092473983765,0.2238697186112404,0.0857490822672844,168.43331557512283,0
522,1.0045226514339447,0.7086143493652344,0.9462793469429016,0.22346771508455276,0.08575809746980667,168.7490105703473,1
523,1.006282776594162,0.7056612372398376,0.9501784443855286,0.22338277101516724,0.08579345792531967,169.05824269354343,0
524,1.0030796825885773,0.7069028615951538,0.9528074264526367,0.22341682761907578,0.08576223254203796,169.36747480928898,0
525,1.002472847700119,0.7074398398399353,0.9511463046073914,0.22357916831970215,0.08577079325914383,169.67688021808863,0
526,1.0028499364852905,0.7071378231048584,0.9457100629806519,0.22359608858823776,0.08582703024148941,169.98636458814144,0
527,1.0039698630571365,0.7069699764251709,0.954575777053833,0.22407443076372147,0.085854172706604,170.29635267704725,0
528,1.0025440752506256,0.7070706486701965,0.9536988139152527,0.22369371354579926,0.08581973612308502,170.60593288391829,0
529,1.0025276690721512,0.7062317132949829,0.9485810995101929,0.22411451488733292,0.08591926842927933,170.91602820158005,0
530,1.0023842751979828,0.7079096436500549,0.9468772411346436,0.22388646006584167,0.08570679277181625,171.2256895378232,0
531,1.000710278749466,0.7044867277145386,0.9583128690719604,0.2233995571732521,0.08587103337049484,171.53501593321562,0
532,1.0012045949697495,0.7060639262199402,0.9508448839187622,0.22383248060941696,0.08585520833730698,171.84478605538607,0
533,1.002266988158226,0.7095539569854736,0.9425525665283203,0.22409255802631378,0.08588877320289612,172.16078090667725,1
534,1.0007521659135818,0.7049900889396667,0.9554394483566284,0.2236277088522911,0.08577295392751694,172.47024066001177,0
535,1.0020394027233124,0.7064666152000427,0.9508267045021057,0.22379204630851746,0.08573100715875626,172.77982104569674,0
536,1.0023396462202072,0.707976758480072,0.9463487863540649,0.22369515150785446,0.08587465435266495,173.0894534662366,0
537,0.999653771519661,0.7074398398399353,0.9469062685966492,0.22383393347263336,0.08577456325292587,173.39911887794733,0
538,1.000823736190796,0.7050236463546753,0.9552241563796997,0.22347497195005417,0.08581665903329849,173.70846965909004,0
539,0.9998050630092621,0.70871502161026,0.9481709599494934,0.2234620526432991,0.08578426390886307,174.01776952296495,0
540,0.9996291249990463,0.7074062824249268,0.9465289115905762,0.22378743439912796,0.08579469472169876,174.32741685956717,0
541,1.0003465712070465,0.7077754139900208,0.9476088285446167,0.22360283136367798,0.08570300787687302,174.63678735494614,0
542,0.9999021738767624,0.7055941224098206,0.9560278654098511,0.22363544255495071,0.08574560284614563,174.94621851295233,0
543,1.0010216385126114,0.7080774307250977,0.9433878660202026,0.2237231507897377,0.08565357327461243,175.25565241277218,0
544,1.0002547800540924,0.7077082991600037,0.9480149745941162,0.22347554564476013,0.0858098566532135,175.56499051302671,0
545,0.9996249079704285,0.7047551870346069,0.9562124013900757,0.22402145713567734,0.08611082285642624,175.87518486380577,0
546,0.9987822771072388,0.7083123326301575,0.9415197968482971,0.22447797656059265,0.08575180917978287,176.18556819856167,0
547,0.9997942745685577,0.7056276798248291,0.9573732614517212,0.2236427366733551,0.08579614013433456,176.4950737208128,0
548,0.9980921596288681,0.706298828125,0.949726402759552,0.22408225387334824,0.08589822053909302,176.80517235398293,0
549,0.9963375180959702,0.7081445455551147,0.9428896307945251,0.22380300611257553,0.08577936887741089,177.11485366523266,0
550,0.9971906989812851,0.7046880722045898,0.9580918550491333,0.22362303733825684,0.0856826975941658,177.42421516776085,0
551,0.9990120828151703,0.707037091255188,0.943871021270752,0.22381607443094254,0.08586003631353378,177.73400031030178,0
552,0.9997581094503403,0.7044195532798767,0.9566100835800171,0.22360964864492416,0.08583378046751022,178.04352228343487,0
553,0.9971187710762024,0.707976758480072,0.9462404251098633,0.22356057912111282,0.08571182936429977,178.35285676270723,0
554,0.9947687536478043,0.7080774307250977,0.9432172775268555,0.22387461364269257,0.08573967963457108,178.66252890229225,0
555,0.9985572993755341,0.7025067806243896,0.9627571105957031,0.22439150512218475,0.08581209927797318,178.97282356768847,0
556,0.9982003420591354,0.7086479067802429,0.9445320963859558,0.2241000235080719,0.08583112061023712,179.2828687876463,0
557,0.996650904417038,0.7061981558799744,0.9497072696685791,0.22380144149065018,0.085820771753788,179.5925638601184,0
558,0.9964609742164612,0.7045538425445557,0.9569689035415649,0.2237987071275711,0.08579380065202713,179.9022323563695,0
559,0.995397612452507,0.7092183828353882,0.941842794418335,0.22375071793794632,0.08585496991872787,180.21193022280931,0
560,0.9976064562797546,0.7054598927497864,0.9504549503326416,0.22367167472839355,0.0857924297451973,180.52146785706282,0
561,0.9956482946872711,0.7068693041801453,0.9482966661453247,0.22385719418525696,0.08570726215839386,180.83109924942255,0
562,0.9949712157249451,0.708345890045166,0.9466983675956726,0.22374210506677628,0.08570576459169388,181.14063484221697,0
563,0.9956822246313095,0.701097309589386,0.9632958173751831,0.22374862432479858,0.08595825731754303,181.45042088627815,0
564,0.9961737245321274,0.7087485790252686,0.9408526420593262,0.22401146590709686,0.085882268846035,181.76045111566782,0
565,0.9952652305364609,0.7085472345352173,0.944298505783081,0.2238965630531311,0.08583542704582214,182.0702930688858,0
566,0.9935899823904037,0.7026745676994324,0.9574193358421326,0.22371142357587814,0.08586183935403824,182.37994965165854,0
567,0.9929690957069397,0.7089163661003113,0.9414288997650146,0.22383008152246475,0.08576812595129013,182.68963497132063,0
568,0.9943565279245377,0.7058625817298889,0.9517443776130676,0.22394436597824097,0.08587553352117538,182.9995288848877,0
569,0.9920666813850403,0.7052585482597351,0.9524741768836975,0.22358542680740356,0.08584389090538025,183.30903805792332,0
570,0.9925813972949982,0.7078760862350464,0.9448056817054749,0.22367217391729355,0.08585121482610703,183.61866100877523,0
571,0.9930976331233978,0.7057283520698547,0.9516304135322571,0.22433216124773026,0.08583581447601318,183.92891385406256,0
572,0.9942757338285446,0.7080103158950806,0.9420678019523621,0.22362088412046432,0.0858776718378067,184.2385231256485,0
573,0.9915231019258499,0.7085136771202087,0.9473492503166199,0.22350779920816422,0.08580537140369415,184.54791843146086,0
574,0.9909251630306244,0.7063995003700256,0.9503180980682373,0.22350303083658218,0.0858025774359703,184.8572817593813,0
575,0.9915656596422195,0.707238495349884,0.9428210854530334,0.2235560119152069,0.08574678748846054,185.16665156930685,0
576,0.9909325242042542,0.7071713805198669,0.9522371292114258,0.22380734235048294,0.0856918916106224,185.47624888271093,0
577,0.9912661463022232,0.7088828086853027,0.9446917176246643,0.22348692268133163,0.08587165921926498,185.78568896651268,0
578,0.9906876385211945,0.7078089714050293,0.9429787397384644,0.2234765589237213,0.0856223851442337,186.09487631917,0
579,0.9915357232093811,0.7065672874450684,0.9498164653778076,0.22379130870103836,0.08575359731912613,186.40448129922152,0
580,0.9918820261955261,0.7063323855400085,0.9504256248474121,0.2234366238117218,0.08580156415700912,186.71379702538252,0
581,0.9904056638479233,0.7088156938552856,0.9398383498191833,0.2235424742102623,0.08579355478286743,187.02319448441267,0
582,0.9893803596496582,0.7082452178001404,0.9442728161811829,0.2234778329730034,0.0858476310968399,187.33257756382227,0
583,0.9904918521642685,0.7060974836349487,0.9525303840637207,0.22356827557086945,0.08581893891096115,187.64205215126276,0
584,0.9895342737436295,0.7085807919502258,0.9435834884643555,0.22410257160663605,0.08594980090856552,187.95218677073717,0
585,0.9900417029857635,0.7077082991600037,0.9468033313751221,0.22341316938400269,0.08577471226453781,188.26143942773342,0
586,0.987895205616951,0.7085136771202087,0.9460501074790955,0.22355403751134872,0.08579622954130173,188.57087767124176,0
587,0.9901067316532135,0.7081445455551147,0.9464194774627686,0.22354528307914734,0.0858294740319252,188.88031202554703,0
588,0.9891447275876999,0.7069028615951538,0.9475888609886169,0.22348187118768692,0.08575461059808731,189.18960685282946,0
589,0.9894672185182571,0.7085807919502258,0.9433978199958801,0.22352451086044312,0.08580881357192993,189.4990043491125,0
590,0.9876899868249893,0.7073056101799011,0.9477603435516357,0.22359658032655716,0.08582238852977753,189.80848844349384,0
591,0.9884277731180191,0.7057954668998718,0.9518638253211975,0.22354381531476974,0.08577165007591248,190.11788778752089,0
592,0.9880736023187637,0.7085807919502258,0.941504716873169,0.22349913418293,0.08586269617080688,190.42732564359903,0
593,0.988072857260704,0.7067015171051025,0.9503657817840576,0.223503477871418,0.08577954024076462,190.73668951541185,0
594,0.9889107048511505,0.7086814641952515,0.946858286857605,0.2236662358045578,0.08575108647346497,191.04620873183012,0
595,0.9865680485963821,0.7089499235153198,0.9422474503517151,0.22359785437583923,0.0860334038734436,191.35590936988592,0
596,0.9878124594688416,0.7064666152000427,0.9518395066261292,0.2241213694214821,0.08583053946495056,191.66597911715508,0
597,0.9879018068313599,0.7086479067802429,0.943741500377655,0.2236729934811592,0.08579121530056,191.9755073785782,0
598,0.9892238080501556,0.706667959690094,0.9489917159080505,0.22350623458623886,0.08590134978294373,192.28499859571457,0
599,0.9872825592756271,0.7060639262199402,0.9506514668464661,0.2235848382115364,0.0857294574379921,192.59438636153936,0
600,0.9858690053224564,0.7088828086853027,0.9420825839042664,0.22348247468471527,0.08576291054487228,192.9036986604333,0
601,0.987101599574089,0.7072720527648926,0.945980429649353,0.22365916520357132,0.08582061529159546,193.21324053406715,0
602,0.9861093163490295,0.7089499235153198,0.9429154992103577,0.2235589697957039,0.0858597382903099,193.52273597568274,0
603,0.9857300966978073,0.707976758480072,0.9476721882820129,0.2235131561756134,0.08585682511329651,193.83217845857143,0
604,0.9851350784301758,0.7057619094848633,0.9489286541938782,0.2235083505511284,0.08594073355197906,194.14169555157423,0
605,0.9838999509811401,0.7097217440605164,0.9411393404006958,0.2245345488190651,0.08577082306146622,194.45840541273355,1
606,0.986741915345192,0.7081109881401062,0.9450134038925171,0.22377777099609375,0.08581499010324478,194.76808983832598,0
607,0.985435888171196,0.7066008448600769,0.9474838972091675,0.22359627485275269,0.08586710691452026,195.07762821018696,0
608,0.9844196736812592,0.7092519402503967,0.9378209114074707,0.22358426451683044,0.08583803474903107,195.38710518926382,0
609,0.985778883099556,0.7055270075798035,0.9502703547477722,0.2235807329416275,0.08580642193555832,195.69654488563538,0
610,0.9857038110494614,0.7088828086853027,0.9424704909324646,0.22373603284358978,0.08573461323976517,196.00609659403563,0
611,0.9847510904073715,0.7098895907402039,0.9382866024971008,0.22356922924518585,0.0860443040728569,196.3220589235425,1
612,0.9851304441690445,0.7061981558799744,0.9478434920310974,0.2236482948064804,0.08584269136190414,196.63160632550716,0
613,0.9856089800596237,0.7077418565750122,0.9451605677604675,0.22350048273801804,0.08571948856115341,196.94088623672724,0
614,0.9854701608419418,0.7059632539749146,0.9519636631011963,0.2235945537686348,0.08580650389194489,197.2503442838788,0
615,0.9830580055713654,0.7095875144004822,0.9392160773277283,0.2240632101893425,0.08583277463912964,197.56030055135489,0
616,0.9824707061052322,0.7093861699104309,0.9397301077842712,0.22356928884983063,0.0857471451163292,197.86969005316496,0
617,0.9833835661411285,0.7050236463546753,0.9533085823059082,0.22368936240673065,0.08580085635185242,198.17925041168928,0
618,0.9836651831865311,0.7091177105903625,0.9374997019767761,0.22347162663936615,0.08566837757825851,198.48845004290342,0
619,0.9837763905525208,0.7093190550804138,0.9411612749099731,0.22358883917331696,0.08578906953334808,198.79787769913673,0
620,0.9828499853610992,0.7042853236198425,0.9565936923027039,0.22371432185173035,0.0857926458120346,199.10743974149227,0
621,0.9838684052228928,0.7094868421554565,0.9346508383750916,0.22363002598285675,0.08587290346622467,199.41699270904064,0
622,0.981698751449585,0.7082452178001404,0.9427974820137024,0.22391286492347717,0.08586810529232025,199.7268309518695,0
623,0.9819899797439575,0.7056276798248291,0.9503372311592102,0.22366974502801895,0.08576688915491104,200.03632120788097,0
624,0.9823717027902603,0.7087485790252686,0.9415563941001892,0.22409090399742126,0.08588361740112305,200.34634673595428,0
625,0.9829618781805038,0.7054934501647949,0.9491481781005859,0.2236979827284813,0.08570834994316101,200.6558187007904,0
626,0.9836615025997162,0.7087821364402771,0.9408562779426575,0.22370687872171402,0.08584576845169067,200.9654358252883,0
627,0.9833627194166183,0.7089163661003113,0.9434124827384949,0.22360970079898834,0.08580511808395386,201.27490759640932,0
628,0.9797244518995285,0.7075069546699524,0.9452781677246094,0.2237400785088539,0.08577802777290344,201.58447556197643,0
629,0.9813509881496429,0.7086143493652344,0.9392893314361572,0.22361315041780472,0.08584605157375336,201.89400872588158,0
630,0.9816325604915619,0.707976758480072,0.9447601437568665,0.22358501702547073,0.08574306219816208,202.2033922150731,0
631,0.979716569185257,0.7041510939598083,0.9510489106178284,0.2236696258187294,0.08583512902259827,202.51294891536236,0
632,0.980509489774704,0.7090505957603455,0.935914158821106,0.22352343052625656,0.08590230345726013,202.82243052870035,0
633,0.9811494201421738,0.7074062824249268,0.9452028274536133,0.22435325384140015,0.08581746369600296,203.1326586380601,0
634,0.9806682169437408,0.7071713805198669,0.9424771070480347,0.22364424169063568,0.08584359288215637,203.4422081783414,0
635,0.9799999892711639,0.7088492512702942,0.9410253763198853,0.22358103096485138,0.08581949770450592,203.75166333466768,0
636,0.9798913300037384,0.7065001726150513,0.950128972530365,0.22356368601322174,0.08575174957513809,204.0610313117504,0
637,0.9810989499092102,0.7084465622901917,0.9374216794967651,0.22362054139375687,0.08571106940507889,204.37042029947042,0
638,0.9806023240089417,0.7079096436500549,0.9422607421875,0.22369928658008575,0.08580781519412994,204.6799833253026,0
639,0.9782773107290268,0.7071378231048584,0.9474056959152222,0.22348904609680176,0.0856672078371048,204.98919273912907,0
640,0.9778863787651062,0.7088156938552856,0.93999183177948,0.2236735224723816,0.08583493530750275,205.29875591397285,0
641,0.980159267783165,0.7062317132949829,0.9477927684783936,0.22383300960063934,0.08577198535203934,205.60841418802738,0
642,0.9789297431707382,0.7101580500602722,0.9412698745727539,0.22352217137813568,0.08576688170433044,205.924619756639,1
643,0.9773045033216476,0.7091512680053711,0.9403515458106995,0.2236541137099266,0.08584108203649521,206.23418956249952,0
644,0.9767939001321793,0.7081109881401062,0.9415872097015381,0.22358711063861847,0.08573583513498306,206.54357427358627,0
645,0.9777040332555771,0.7096210718154907,0.9403478503227234,0.22440919280052185,0.08585989475250244,206.8538956567645,0
646,0.9765730947256088,0.7093861699104309,0.9420145153999329,0.2239668145775795,0.08584922552108765,207.16382351517677,0
647,0.976768970489502,0.7081445455551147,0.9435548782348633,0.22360239177942276,0.0858154296875,207.47330128401518,0
648,0.9773558974266052,0.7101916074752808,0.9391288161277771,0.22363848984241486,0.08583976328372955,207.78901259601116,1
649,0.977617159485817,0.7091848254203796,0.9407739639282227,0.22358134388923645,0.08586078882217407,208.0985113158822,0
650,0.9774778634309769,0.7071378231048584,0.9461528062820435,0.22346754372119904,0.08582981675863266,208.40786834061146,0
651,0.9769174754619598,0.7105942964553833,0.9368499517440796,0.2235436514019966,0.08578138798475266,208.72276452928782,1
652,0.9766310304403305,0.7062652707099915,0.9456785321235657,0.22349368035793304,0.08582650125026703,209.03213938325644,0
653,0.9757632911205292,0.7081445455551147,0.9419304728507996,0.2234978824853897,0.085821233689785,209.34151302278042,0
654,0.9760322123765945,0.7079096436500549,0.941830575466156,0.22428002208471298,0.08591488003730774,209.65180207788944,0
655,0.9762818962335587,0.709084153175354,0.941493034362793,0.22385688871145248,0.08573616296052933,209.96150505542755,0
656,0.9764839261770248,0.710023820400238,0.9421015977859497,0.22389108687639236,0.08575610816478729,210.27123471349478,0
657,0.976819172501564,0.7071042656898499,0.9455288052558899,0.22378438711166382,0.08566375821828842,210.5807865858078,0
658,0.9759434014558792,0.7106278538703918,0.9333720207214355,0.22358771413564682,0.0858142152428627,210.89632596075535,1
659,0.9767831712961197,0.7068693041801453,0.9440750479698181,0.2241036519408226,0.08584415167570114,211.2063441425562,0
660,0.9763002991676331,0.7085807919502258,0.9426442980766296,0.22364357113838196,0.08573880046606064,211.51583117991686,0
661,0.9735371172428131,0.7079432010650635,0.9429753422737122,0.22346409410238266,0.08584439009428024,211.82519341260195,0
662,0.9759607166051865,0.709084153175354,0.9429504871368408,0.22341502457857132,0.08582664281129837,212.1344916820526,0
663,0.9745123833417892,0.7085807919502258,0.9393388628959656,0.22338206321001053,0.08579860627651215,212.44373032450676,0
664,0.9748856425285339,0.7063659429550171,0.9489561319351196,0.22429725527763367,0.08628560602664948,212.7543855831027,0
665,0.9738781303167343,0.7086479067802429,0.9390164613723755,0.22420671582221985,0.08586577326059341,213.06459137797356,0
666,0.9752749502658844,0.7101244926452637,0.9357514381408691,0.2238108217716217,0.08580216020345688,213.37426476180553,0
667,0.9732435792684555,0.7063659429550171,0.9506232738494873,0.22361251711845398,0.08578192442655563,213.68373070657253,0
668,0.9743494391441345,0.709956705570221,0.9385616779327393,0.2236560881137848,0.08573102951049805,213.99318077415228,0
669,0.9742055833339691,0.7107956409454346,0.9363000392913818,0.2238011211156845,0.08587124943733215,214.30884851515293,1
670,0.9740813374519348,0.7067350745201111,0.9474561810493469,0.2236301675438881,0.08581932634115219,214.61835846304893,0
671,0.9727639406919479,0.7100909352302551,0.9386875629425049,0.22358184307813644,0.0857948511838913,214.9277960434556,0
672,0.9734967797994614,0.7095203995704651,0.9378190636634827,0.22489792108535767,0.08566594868898392,215.23841554671526,0
673,0.9738142937421799,0.7080103158950806,0.941727340221405,0.22454046458005905,0.08578623831272125,215.54879808425903,0
674,0.9736505150794983,0.7085472345352173,0.940070390701294,0.22380783408880234,0.08573716133832932,215.8584355711937,0
675,0.9726620316505432,0.7073056101799011,0.9442508220672607,0.22380433231592178,0.08585991710424423,216.1681575998664,0
676,0.9726715981960297,0.7101244926452637,0.9370127320289612,0.22374072670936584,0.08580463379621506,216.47776140272617,0
677,0.9727183282375336,0.7087821364402771,0.9413996934890747,0.2237139344215393,0.0858168974518776,216.78735300153494,0
678,0.9723996520042419,0.7073391675949097,0.9427516460418701,0.22348088771104813,0.08580996096134186,217.09669933468103,0
679,0.9702085852622986,0.7106278538703918,0.9333468675613403,0.22357279062271118,0.08579723536968231,217.4061260074377,0
680,0.9712363481521606,0.7078089714050293,0.944055438041687,0.22353460639715195,0.0857848972082138,217.71551044285297,0
681,0.9711929857730865,0.708345890045166,0.9432911276817322,0.22345130145549774,0.08580857515335083,218.02482544630766,0
682,0.9713985919952393,0.710392951965332,0.9367374777793884,0.2232753336429596,0.08585596829652786,218.33401381969452,0
683,0.9700935781002045,0.7086479067802429,0.9419550895690918,0.22348544001579285,0.08580604940652847,218.643360003829,0
684,0.9716123789548874,0.7084130048751831,0.9407706260681152,0.22363103181123734,0.08573388308286667,218.95278114825487,0
685,0.9718082547187805,0.7102587223052979,0.9361565709114075,0.2235276773571968,0.08569791913032532,219.26207029819489,0
686,0.9700578898191452,0.7088156938552856,0.9404090046882629,0.223758265376091,0.0858316570520401,219.571722432971,0
687,0.9709289819002151,0.7100573778152466,0.9404434561729431,0.22345250844955444,0.08568613976240158,219.8809406682849,0
688,0.9713669717311859,0.7079432010650635,0.942026674747467,0.2235037013888359,0.08582427352666855,220.19033035635948,0
689,0.9691891670227051,0.7091177105903625,0.9378482699394226,0.22361554205417633,0.08583777397871017,220.49983989447355,0
690,0.9700828939676285,0.7085136771202087,0.9410659074783325,0.22348704934120178,0.0858149379491806,220.80919967591763,0
691,0.9692077785730362,0.7095875144004822,0.9394794702529907,0.22357435524463654,0.08573306351900101,221.11856342852116,0
692,0.9684302806854248,0.7096881866455078,0.9335324168205261,0.22341805696487427,0.08579980581998825,221.42783676087856,0
693,0.9707345515489578,0.7077418565750122,0.9430813789367676,0.22352296859025955,0.08583816140890121,221.7372663244605,0
694,0.970145046710968,0.7104936242103577,0.9404240846633911,0.22350762784481049,0.08583677560091019,222.04666700959206,0
695,0.9690114408731461,0.7102251648902893,0.9367684721946716,0.2235584557056427,0.08570443838834763,222.35599714517593,0
696,0.9692593812942505,0.707037091255188,0.9461911916732788,0.22347291558980942,0.08571162819862366,222.66524001955986,0
697,0.9710410535335541,0.7098224759101868,0.9353207349777222,0.2235189974308014,0.08578987419605255,222.97460807859898,0
698,0.9702819138765335,0.7077418565750122,0.9418904781341553,0.2234029769897461,0.08580240607261658,223.28388312458992,0
699,0.9699324071407318,0.7108627557754517,0.9340632557868958,0.22365765273571014,0.08567924797534943,223.60013830661774,1
700,0.9707522839307785,0.7091177105903625,0.9394770264625549,0.22371190786361694,0.08580096065998077,223.9097547158599,0
701,0.9685582369565964,0.7063323855400085,0.9494715332984924,0.22353652864694595,0.08565304428339005,224.21900185197592,0
702,0.9691180437803268,0.7097217440605164,0.9310334324836731,0.2234458327293396,0.08581393212080002,224.5283215418458,0
703,0.9693141132593155,0.7073727250099182,0.9438065886497498,0.22482168674468994,0.08571664243936539,224.83891247957945,0
704,0.9681669026613235,0.7101916074752808,0.9379658699035645,0.2233949452638626,0.08563293516635895,225.14799753576517,0
705,0.9681087881326675,0.7103258371353149,0.9354138374328613,0.22349320352077484,0.0857987031340599,225.4573553800583,0
706,0.968128889799118,0.7074062824249268,0.9473398327827454,0.2234533131122589,0.08582135289907455,225.76668741554022,0
707,0.9685821533203125,0.7110305428504944,0.9342896342277527,0.22349319607019424,0.0858326256275177,226.08225011080503,1
708,0.9663078486919403,0.7089163661003113,0.9408749938011169,0.22351599484682083,0.08584093302488327,226.39166373759508,0
709,0.9666073322296143,0.7105942964553833,0.9369251132011414,0.22348493337631226,0.08577457815408707,226.70098230987787,0
710,0.9680115729570389,0.7106949687004089,0.9361657500267029,0.22349295765161514,0.08588143438100815,227.01040855795145,0
711,0.9661559015512466,0.7082452178001404,0.9416376948356628,0.2234886959195137,0.08566189557313919,227.31962005794048,0
712,0.9663986265659332,0.7108627557754517,0.9329413771629333,0.2236202210187912,0.08584217727184296,227.6291330382228,0
713,0.9674392491579056,0.7102251648902893,0.9387058615684509,0.2232208400964737,0.08578814566135406,227.93820991367102,0
714,0.9656602740287781,0.707976758480072,0.9457708597183228,0.22333728522062302,0.08567225933074951,228.24727772921324,0
715,0.966165617108345,0.7100573778152466,0.9344661235809326,0.22345492243766785,0.08589190989732742,228.5566794872284,0
716,0.9666500091552734,0.7086479067802429,0.941299557685852,0.22362839430570602,0.08577860891819,228.86615246534348,0
717,0.9646442085504532,0.7096546292304993,0.9390047192573547,0.22353097796440125,0.0857902467250824,229.17553658038378,0
718,0.9656833410263062,0.710023820400238,0.9360823035240173,0.22340478003025055,0.08579974621534348,229.48483109474182,0
719,0.9672007709741592,0.7065672874450684,0.9481501579284668,0.22344139218330383,0.08587516099214554,229.79421193897724,0
720,0.9664212763309479,0.7112654447555542,0.9332084059715271,0.22348720580339432,0.08570064604282379,230.11033029854298,1
721,0.9675288498401642,0.7086143493652344,0.9423796534538269,0.22386206686496735,0.08579742908477783,230.42004746943712,0
722,0.9650683254003525,0.7085136771202087,0.9403291940689087,0.22350961714982986,0.08583035320043564,230.7294453456998,0
723,0.9655332118272781,0.7112654447555542,0.9322476387023926,0.22360850870609283,0.08573862165212631,231.04485853761435,1
724,0.9635230600833893,0.7080774307250977,0.942187488079071,0.22362517565488815,0.08572269976139069,231.3542640954256,0
725,0.9654925912618637,0.7111983299255371,0.9360358715057373,0.22348111867904663,0.08595702797174454,231.66376338899136,0
726,0.9626748859882355,0.7101916074752808,0.9383967518806458,0.2235119491815567,0.08580728620290756,231.97315269708633,0
727,0.9645439684391022,0.7088828086853027,0.9415494799613953,0.22331376373767853,0.08586481213569641,232.28238965570927,0
728,0.9649099558591843,0.7110641002655029,0.9353855848312378,0.22342578321695328,0.08580591529607773,232.5916776061058,0
729,0.9634762853384018,0.7107956409454346,0.9362500905990601,0.22338593006134033,0.08585518598556519,232.90097621828318,0
730,0.964147686958313,0.7092519402503967,0.9392356276512146,0.22352933138608932,0.085737444460392,233.21030056476593,0
731,0.963650718331337,0.7109969854354858,0.9341778755187988,0.2239978164434433,0.08580689877271652,233.52017499506474,0
732,0.9644686132669449,0.7085136771202087,0.9403460025787354,0.22352413088083267,0.0857846587896347,233.82954347878695,0
733,0.9651119410991669,0.7112318873405457,0.9364160895347595,0.2235885113477707,0.0858304426074028,234.13901724666357,0
734,0.9644465297460556,0.7095203995704651,0.9391162991523743,0.22362585365772247,0.08581414818763733,234.44851227104664,0
735,0.9622753709554672,0.7084801197052002,0.9413832426071167,0.22352797538042068,0.08580770343542099,234.7578993588686,0
736,0.9644618928432465,0.7113325595855713,0.9317114949226379,0.2242242395877838,0.08572227507829666,235.07417089492083,1
737,0.9647660702466965,0.7076747417449951,0.9461663365364075,0.22354470193386078,0.08590316772460938,235.38370740413666,0
738,0.9638639688491821,0.7106949687004089,0.9329656362533569,0.22393133491277695,0.08573467284440994,235.69346345961094,0
739,0.9627158939838409,0.7105942964553833,0.9332517981529236,0.22386636584997177,0.08586296439170837,236.00327966362238,0
740,0.9629341959953308,0.7061645984649658,0.9510782957077026,0.22349488735198975,0.08598780632019043,236.31286416947842,0
741,0.9637663215398788,0.7111983299255371,0.93067467212677,0.223504900932312,0.08573821187019348,236.62217543274164,0
742,0.9637732952833176,0.7080103158950806,0.9415666460990906,0.22386154532432556,0.08583448827266693,236.93195714056492,0
743,0.9638044834136963,0.7083123326301575,0.9421389698982239,0.22335220128297806,0.08571473509073257,237.24109436571598,0
744,0.9616005271673203,0.7124064564704895,0.9296936392784119,0.22347641736268997,0.08578243851661682,237.55679395794868,1
745,0.9634962826967239,0.7075740694999695,0.9456862807273865,0.22354082763195038,0.08589976280927658,237.8662966862321,0
746,0.9612190276384354,0.7092854976654053,0.9394755363464355,0.22354023158550262,0.08579231053590775,238.17568957060575,0
747,0.961408331990242,0.7113325595855713,0.9327716827392578,0.2236831784248352,0.08580393344163895,238.4852299913764,0
748,0.962213546037674,0.7090170383453369,0.9401754140853882,0.2242010086774826,0.08587402105331421,238.79536475986242,0
749,0.9627157300710678,0.7091512680053711,0.9364171624183655,0.22373466938734055,0.08585534244775772,239.1050600335002,0
750,0.9621150195598602,0.7099902629852295,0.9381987452507019,0.22400984168052673,0.08585313707590103,239.41500107198954,0
751,0.9605940133333206,0.7108963131904602,0.935671329498291,0.22414368391036987,0.08588231354951859,239.72511311620474,0
752,0.9606194496154785,0.7110976576805115,0.9343035221099854,0.22410190850496292,0.08587022125720978,240.03520477563143,0
753,0.9612714350223541,0.7086143493652344,0.9432590007781982,0.22461631149053574,0.08591414242982864,240.34582155942917,0
754,0.9608127176761627,0.7115674614906311,0.9340107440948486,0.22405821830034256,0.08587885648012161,240.6558826416731,0
755,0.958609938621521,0.7109298706054688,0.9346880316734314,0.2237740159034729,0.08576234430074692,240.9655116274953,0
756,0.9609633833169937,0.709453284740448,0.9401382207870483,0.22378993034362793,0.08584995567798615,241.27525439113379,0
757,0.9615380614995956,0.7107956409454346,0.9351187348365784,0.22369632124900818,0.0857873260974884,241.58481115847826,0
758,0.958622545003891,0.7097217440605164,0.9383097887039185,0.22362089157104492,0.08583570271730423,241.89435329288244,0
759,0.960828423500061,0.7104936242103577,0.9382350444793701,0.22392207384109497,0.08581497520208359,242.20416130125523,0
760,0.9592810720205307,0.7105942964553833,0.9343360066413879,0.22373520582914352,0.08583318442106247,242.51379619538784,0
761,0.9593788236379623,0.7081781029701233,0.9444961547851562,0.2238263115286827,0.08589862287044525,242.8236076310277,0
762,0.9572813510894775,0.7113661170005798,0.9340447783470154,0.22374758124351501,0.0858374536037445,243.13332042098045,0
763,0.9591442346572876,0.7112654447555542,0.9334774613380432,0.22410275042057037,0.0858115553855896,243.44332967698574,0
764,0.959372416138649,0.7080103158950806,0.9468563795089722,0.2238660231232643,0.08583953976631165,243.75313033163548,0
765,0.9588834941387177,0.7116010189056396,0.933950662612915,0.22385447472333908,0.08585608005523682,244.0629222765565,0
766,0.9605729877948761,0.7092519402503967,0.9410451054573059,0.22367767244577408,0.08574677258729935,244.37243220955133,0
767,0.9575505554676056,0.7119030356407166,0.9372811913490295,0.22399123758077621,0.08588557690382004,244.6823709011078,0
768,0.957817405462265,0.7116681337356567,0.9354073405265808,0.22374480217695236,0.08580310642719269,244.99201579391956,0
769,0.9579154700040817,0.7082452178001404,0.9452823996543884,0.2240891307592392,0.0857112780213356,245.30191599577665,0
770,0.9586075693368912,0.7121379375457764,0.9329574108123779,0.22377335280179977,0.08582814782857895,245.61162259429693,0
771,0.9601019769906998,0.7110976576805115,0.9353165626525879,0.22386930882930756,0.08581925183534622,245.9213939011097,0
772,0.9578142762184143,0.7088828086853027,0.9415198564529419,0.22398067265748978,0.08589952439069748,246.23134456574917,0
773,0.9582153856754303,0.7106278538703918,0.9366462230682373,0.22392845153808594,0.08588895946741104,246.54128105193377,0
774,0.9566626995801926,0.710392951965332,0.9360390901565552,0.2241239994764328,0.08591143041849136,246.85141615569592,0
775,0.9575220495462418,0.7105271816253662,0.9362748265266418,0.223877914249897,0.08568764477968216,247.1610972508788,0
776,0.956568256020546,0.7090170383453369,0.9422572255134583,0.22370196133852005,0.08583330363035202,247.47072137892246,0
777,0.9578530639410019,0.7110641002655029,0.933050274848938,0.2236369103193283,0.08581726253032684,247.7802371457219,0
778,0.9563145786523819,0.7106278538703918,0.9346878528594971,0.2236003875732422,0.08574868738651276,248.08967335522175,0
779,0.9561676681041718,0.7095539569854736,0.9379308223724365,0.22383089363574982,0.08585609495639801,248.399433799088,0
780,0.9570477157831192,0.7098560333251953,0.9361920356750488,0.22375699132680893,0.08587716519832611,248.70912390202284,0
781,0.9561991095542908,0.7109298706054688,0.9352173209190369,0.22360877692699432,0.08587215840816498,249.01868721097708,0
782,0.9558763056993484,0.7098560333251953,0.9369556903839111,0.22374940663576126,0.08566864579916,249.3281811401248,0
783,0.9562932252883911,0.7108963131904602,0.9336550831794739,0.22360575944185257,0.08582130074501038,249.63767094165087,0
784,0.9571710675954819,0.7109969854354858,0.9362986087799072,0.22357498854398727,0.08588632941246033,249.94719503074884,0
785,0.9562030881643295,0.7118359208106995,0.9322288632392883,0.22397489100694656,0.08582368493080139,250.25705476105213,0
786,0.9555773288011551,0.710023820400238,0.9355109333992004,0.22360597550868988,0.0858578234910965,250.56661713123322,0
787,0.9552688747644424,0.7119030356407166,0.9373862147331238,0.2242770865559578,0.08580935001373291,250.8767987638712,0
788,0.9559436738491058,0.7118023633956909,0.9324436187744141,0.22387000918388367,0.08574990183115005,251.18650154024363,0
789,0.9549992382526398,0.7105271816253662,0.9357464909553528,0.22398678958415985,0.08567357063293457,251.49625100195408,0
790,0.9539141654968262,0.7108291983604431,0.9391953945159912,0.22376363724470139,0.0858723521232605,251.805973097682,0
791,0.9566820710897446,0.7118359208106995,0.930949866771698,0.22394630312919617,0.0857185572385788,252.11572111397982,0
792,0.9553223699331284,0.7096210718154907,0.9387415647506714,0.22396323829889297,0.08586492389440536,252.42565332353115,0
793,0.9552185535430908,0.7119701504707336,0.9347018003463745,0.22372326254844666,0.08586715906858444,252.7353115081787,0
794,0.9531553685665131,0.7122721672058105,0.9334689974784851,0.22376715391874313,0.08589524030685425,253.04510138183832,0
795,0.9553255140781403,0.7092183828353882,0.9400976896286011,0.22400282323360443,0.0858462005853653,253.35505604743958,0
796,0.9551626145839691,0.7117352485656738,0.9336742162704468,0.22377801686525345,0.08579964935779572,253.66472063958645,0
797,0.9541913866996765,0.7118023633956909,0.9334259629249573,0.22378074377775192,0.08584500849246979,253.9744212180376,0
798,0.9540151655673981,0.7109634280204773,0.9359420537948608,0.22371044009923935,0.08580038696527481,254.2840048596263,0
799,0.9543763995170593,0.7120708227157593,0.9359145760536194,0.2236812710762024,0.08585215359926224,254.59359987080097,0
800,0.9542176276445389,0.711500346660614,0.9373945593833923,0.22369790077209473,0.08580176532268524,254.90317883342505,0
801,0.9550533145666122,0.7127084732055664,0.9294025897979736,0.22390449792146683,0.08570974320173264,255.21999495476484,1
802,0.9537538439035416,0.7098560333251953,0.9432977437973022,0.2233835682272911,0.08583797514438629,255.52928716689348,0
803,0.9539981633424759,0.7114667892456055,0.937635600566864,0.22366789728403091,0.08589143306016922,255.8389054685831,0
804,0.9537414461374283,0.7117352485656738,0.9326620697975159,0.22377412766218185,0.0858728289604187,256.1486318781972,0
805,0.9532056897878647,0.7090505957603455,0.9435612559318542,0.22398603707551956,0.08581173419952393,256.45851818472147,0
806,0.9532334953546524,0.7117688059806824,0.9341412782669067,0.22450603544712067,0.08586835116147995,256.76900585740805,0
807,0.9536762535572052,0.7096546292304993,0.9387097954750061,0.22376061975955963,0.08582151681184769,257.07873348146677,0
808,0.9525696039199829,0.711500346660614,0.931873619556427,0.22353574633598328,0.08610765635967255,257.38845663517714,0
809,0.9515690058469772,0.7120708227157593,0.9343165755271912,0.22433806210756302,0.08582132309675217,257.69876455515623,0
810,0.9540093392133713,0.7081445455551147,0.9437568783760071,0.22361866384744644,0.08588222414255142,258.0083295106888,0
811,0.9531854838132858,0.7142185568809509,0.9279939532279968,0.22361397743225098,0.08585052192211151,258.3245172202587,1
812,0.9526254683732986,0.7126078009605408,0.9314295649528503,0.22378532588481903,0.08569924533367157,258.6340638026595,0
813,0.951469212770462,0.711500346660614,0.9364641904830933,0.22367507219314575,0.08581596612930298,258.94361467659473,0
814,0.9544626772403717,0.712238609790802,0.9306020736694336,0.22370049357414246,0.08586493134498596,259.2532393038273,0
815,0.9532047063112259,0.7102587223052979,0.9389549493789673,0.22365228086709976,0.08586440980434418,259.56282421946526,0
816,0.9521410763263702,0.7121714949607849,0.9336656332015991,0.22336367517709732,0.08578541874885559,259.87204084545374,0
817,0.9521348476409912,0.7126749157905579,0.9323174357414246,0.22437778115272522,0.0861799344420433,260.18268267810345,0
818,0.950281172990799,0.7112990021705627,0.9361422061920166,0.22416547685861588,0.08576463162899017,260.49270944297314,0
819,0.951405480504036,0.7121714949607849,0.9338199496269226,0.22390816360712051,0.08590687811374664,260.8025807440281,0
820,0.9509942531585693,0.7129433751106262,0.9324003458023071,0.22382087260484695,0.08571401983499527,261.1122154444456,0
821,0.9497555494308472,0.7098895907402039,0.9369386434555054,0.22346779704093933,0.08571325242519379,261.42146199196577,0
822,0.9511076956987381,0.7127755880355835,0.9294279217720032,0.22386569529771805,0.08586326986551285,261.7312737777829,0
823,0.9516655802726746,0.7099231481552124,0.9377552270889282,0.22375287115573883,0.0859052985906601,262.041012711823,0
824,0.9503097981214523,0.7101244926452637,0.9374139308929443,0.22366681694984436,0.08581825345754623,262.3505743071437,0
825,0.9517333805561066,0.7137823104858398,0.9273684620857239,0.22377492487430573,0.08585301786661148,262.6602652743459,0
826,0.951059564948082,0.7089163661003113,0.9462817311286926,0.22366364300251007,0.08573248982429504,262.96973630040884,0
827,0.9509084671735764,0.7119365930557251,0.9348353743553162,0.22418545931577682,0.08584658801555634,263.2798268944025,0
828,0.9489919543266296,0.7125406861305237,0.9292758703231812,0.22362282127141953,0.08578723669052124,263.5892959907651,0
829,0.9508665800094604,0.7090170383453369,0.9431411027908325,0.22376836836338043,0.08581208437681198,263.8989425674081,0
830,0.9506700187921524,0.7129769325256348,0.9320178031921387,0.22407367825508118,0.08590879291296005,264.20898089557886,0
831,0.9508905410766602,0.7120708227157593,0.9348215460777283,0.22371580451726913,0.08572559058666229,264.5185008570552,0
832,0.9496662020683289,0.71113121509552,0.9369722604751587,0.22368359565734863,0.08585695922374725,264.828120842576,0
833,0.9512684792280197,0.7125406861305237,0.9310874938964844,0.2237398624420166,0.0857546478509903,265.1377081051469,0
834,0.9506009519100189,0.71113121509552,0.9358660578727722,0.22368106991052628,0.085885189473629,265.4473489224911,0
835,0.949512779712677,0.7106614112854004,0.9379367828369141,0.2239839807152748,0.08581133186817169,265.75721050798893,0
836,0.9494325369596481,0.712742030620575,0.9298357367515564,0.22379586100578308,0.08583162724971771,266.066911958158,0
837,0.9486345499753952,0.7113996744155884,0.9353822469711304,0.22404025495052338,0.08586379140615463,266.3768914863467,0
838,0.9489504396915436,0.7119030356407166,0.9328529834747314,0.22376780211925507,0.0858512744307518,266.6865828409791,0
839,0.9479867517948151,0.7111983299255371,0.9377719163894653,0.22372924536466599,0.08583594113588333,266.99622955173254,0
840,0.9501632452011108,0.7128427028656006,0.9305508136749268,0.22348806262016296,0.0859980508685112,267.3057766854763,0
841,0.9503923207521439,0.712440013885498,0.9306885004043579,0.2237035036087036,0.08584913611412048,267.61540120095015,0
842,0.9496587663888931,0.7098224759101868,0.9385584592819214,0.22385987639427185,0.08573389798402786,267.92506504803896,0
843,0.9487927854061127,0.7125742435455322,0.9329301714897156,0.22366350889205933,0.08566339313983917,268.2344573959708,0
844,0.9500257074832916,0.712742030620575,0.9310400485992432,0.2235671430826187,0.08572684973478317,268.5438225790858,0
845,0.9477651715278625,0.7108963131904602,0.9365578889846802,0.22356289625167847,0.08573580533266068,268.85320960730314,0
846,0.9481454640626907,0.7126078009605408,0.9323422908782959,0.22355113923549652,0.08585724234580994,269.16268204152584,0
847,0.9460251033306122,0.7106278538703918,0.9356958270072937,0.22368989884853363,0.08578012883663177,269.4722276479006,0
848,0.9497715085744858,0.7106278538703918,0.9374394416809082,0.22449835389852524,0.08588490635156631,269.7827328070998,0
849,0.9477461278438568,0.71354740858078,0.9286268949508667,0.22387158870697021,0.08587910979986191,270.0925994068384,0
850,0.949780210852623,0.709084153175354,0.9439935684204102,0.22367911040782928,0.08566135168075562,270.40200490504503,0
851,0.9490170478820801,0.7132118344306946,0.9298695921897888,0.22360753268003464,0.08577917516231537,270.7114620283246,0
852,0.9480023235082626,0.7116345763206482,0.9345180988311768,0.2238563373684883,0.08581424504518509,271.0211972296238,0
853,0.9461161643266678,0.7112990021705627,0.9359084963798523,0.22357889264822006,0.08567409962415695,271.3305147886276,0
854,0.9456484019756317,0.7123392820358276,0.9322381019592285,0.22354911267757416,0.08579476177692413,271.639917306602,0
855,0.9481622725725174,0.7125406861305237,0.9321965575218201,0.22397387027740479,0.08581840246915817,271.9497828409076,0
856,0.9476539194583893,0.7120037078857422,0.932435154914856,0.2236458584666252,0.08580757677555084,272.2593138664961,0
857,0.9458270072937012,0.7117016911506653,0.9355900287628174,0.22363928705453873,0.0858755111694336,272.56890001147985,0
858,0.9469180554151535,0.7114667892456055,0.9359135031700134,0.22407334297895432,0.08576568216085434,272.8788180425763,0
859,0.9463151693344116,0.7128762602806091,0.930754542350769,0.22365593165159225,0.08580168336629868,273.1883678585291,0
860,0.94698067009449,0.7104600667953491,0.9366441965103149,0.22350730001926422,0.08571439981460571,273.4976504445076,0
861,0.9465660750865936,0.7130104899406433,0.9294780492782593,0.22335150837898254,0.08576545864343643,273.806846447289,0
862,0.9458365589380264,0.7127084732055664,0.9322352409362793,0.2235891968011856,0.08568835258483887,274.1162257269025,0
863,0.9441641271114349,0.711500346660614,0.936834990978241,0.22341933846473694,0.08583850413560867,274.425537340343,0
864,0.9447911232709885,0.7136480808258057,0.9297977685928345,0.22354935854673386,0.08581943809986115,274.7349853813648,0
865,0.9460151791572571,0.7101916074752808,0.9397783875465393,0.22358261048793793,0.08588409423828125,275.0445121228695,0
866,0.9461307227611542,0.712238609790802,0.9333497881889343,0.22473914176225662,0.0858246386051178,275.3551395833492,0
867,0.9467224031686783,0.7136816382408142,0.9277175664901733,0.22468781471252441,0.08580081909894943,275.66569001972675,0
868,0.947255089879036,0.7108963131904602,0.937436580657959,0.22349822521209717,0.08586356788873672,275.9751173108816,0
869,0.9458202123641968,0.7109969854354858,0.935219943523407,0.22374693304300308,0.08567981421947479,276.2846212461591,0
870,0.9464920610189438,0.7103593945503235,0.9410754442214966,0.22392436861991882,0.08579514920711517,276.5944146811962,0
871,0.9451347440481186,0.7138494253158569,0.9285532236099243,0.22379976511001587,0.08586109429597855,276.90415382385254,0
872,0.9448474049568176,0.7137151956558228,0.9294978380203247,0.22335846722126007,0.08575479686260223,277.21334521472454,0
873,0.9441171586513519,0.7101580500602722,0.9406200647354126,0.2233656570315361,0.08576750755310059,277.52253836393356,0
874,0.9457983076572418,0.7130776047706604,0.9311821460723877,0.22379904240369797,0.08587100356817245,277.83226877450943,0
875,0.9449556916952133,0.7125071287155151,0.9320412278175354,0.22462765127420425,0.0858965516090393,278.14291463047266,0
876,0.9443878829479218,0.7107285261154175,0.9391387701034546,0.22393230348825455,0.08583272993564606,278.4528062045574,0
877,0.9455009996891022,0.7137823104858398,0.9253380298614502,0.22359510511159897,0.08569460362195969,278.7621619477868,0
878,0.9453691095113754,0.7127084732055664,0.9323859214782715,0.22353319078683853,0.08579491078853607,279.07154639810324,0
879,0.9443674683570862,0.7110305428504944,0.9372825026512146,0.22365261614322662,0.08583706617355347,279.3810947909951,0
880,0.9437569826841354,0.7136480808258057,0.9306182861328125,0.22364481538534164,0.08583416789770126,279.69062753766775,0
881,0.946090430021286,0.7101244926452637,0.9430045485496521,0.22343970090150833,0.0858297273516655,279.99995224922895,0
882,0.9455267488956451,0.7133796215057373,0.9269601106643677,0.22362066060304642,0.08580780029296875,280.3094423338771,0
883,0.9437767267227173,0.7121714949607849,0.9339162707328796,0.22405912727117538,0.08577229082584381,280.6193537116051,0
884,0.9452899098396301,0.7091512680053711,0.943902850151062,0.22377663105726242,0.08582768589258194,280.9290491491556,0
885,0.9441055655479431,0.7131447196006775,0.9271444082260132,0.22358831763267517,0.08581699430942535,281.23852747678757,0
886,0.9443022161722183,0.7121714949607849,0.9376394748687744,0.22362710535526276,0.08574120700359344,281.54794719070196,0
887,0.9434845447540283,0.7119701504707336,0.9338403344154358,0.22353920340538025,0.08566026389598846,281.85720366984606,0
888,0.9439399987459183,0.7138494253158569,0.9307230114936829,0.22353655844926834,0.08589951694011688,282.1666968613863,0
889,0.9437850713729858,0.7119365930557251,0.9365687370300293,0.2238084226846695,0.08582409471273422,282.4764169752598,0
890,0.9433173537254333,0.7141178846359253,0.9297715425491333,0.22365080565214157,0.085844486951828,282.7859770581126,0
891,0.944031834602356,0.7119030356407166,0.9353888034820557,0.22383664548397064,0.08580085635185242,283.0956806540489,0
892,0.9419191777706146,0.712742030620575,0.9330036044120789,0.223830446600914,0.08584258705377579,283.4054134041071,0
893,0.9437089562416077,0.7128427028656006,0.9295440912246704,0.22364185750484467,0.08575060218572617,283.7148645594716,0
894,0.9441240429878235,0.7124735713005066,0.9362086653709412,0.2235848233103752,0.08562485128641129,284.0241319835186,0
895,0.9410323053598404,0.7129098176956177,0.9331032633781433,0.22354907542467117,0.0858132392168045,284.33354833722115,0
896,0.94185771048069,0.7137823104858398,0.9275864958763123,0.22445061057806015,0.08586686104536057,284.64393919706345,0
897,0.9428416043519974,0.7121379375457764,0.93524569272995,0.22380875051021576,0.08584562689065933,284.9537138864398,0
898,0.9417447298765182,0.7128427028656006,0.9331516623497009,0.22383113950490952,0.0858498066663742,285.2634818851948,0
899,0.9406931698322296,0.7140507698059082,0.9277576804161072,0.2238493338227272,0.08580087870359421,285.5732211396098,0
900,0.9419879764318466,0.7119365930557251,0.9338300228118896,0.22373875230550766,0.08566244691610336,285.88268814235926,0
901,0.942076787352562,0.7117352485656738,0.9338495135307312,0.22347981482744217,0.08582230657339096,286.1920546144247,0
902,0.941488191485405,0.7119365930557251,0.9336536526679993,0.2238416001200676,0.08577512949705124,286.50175004452467,0
903,0.9422086328268051,0.7125742435455322,0.9301169514656067,0.223587304353714,0.08574631810188293,286.8111666813493,0
904,0.942287489771843,0.7135138511657715,0.9311763048171997,0.2236650586128235,0.08595586568117142,287.1208462715149,0
905,0.941710501909256,0.7101916074752808,0.9397860765457153,0.22358381748199463,0.08579358458518982,287.4302854016423,0
906,0.9414456635713577,0.7138494253158569,0.9263448119163513,0.22379355132579803,0.08577542752027512,287.73992471396923,0
907,0.9413097053766251,0.7135809659957886,0.9334286451339722,0.22353342175483704,0.08579397946596146,288.04930567741394,0
908,0.9416419118642807,0.7109298706054688,0.9401445388793945,0.22361554205417633,0.08572505414485931,288.35870338976383,0
909,0.9414391219615936,0.7131447196006775,0.9271635413169861,0.22360685467720032,0.08576130867004395,288.66814977675676,0
910,0.9413377493619919,0.7111647725105286,0.938735842704773,0.2237880453467369,0.08566202968358994,288.97765373438597,0
911,0.9417973607778549,0.712742030620575,0.9330955147743225,0.22359369695186615,0.08579036593437195,289.2870940119028,0
912,0.9424005299806595,0.7127755880355835,0.9332016706466675,0.22357136756181717,0.08572947233915329,289.59644590318203,0
913,0.9385551065206528,0.7123728394508362,0.9346058964729309,0.2235843986272812,0.08573844283819199,289.9058236926794,0
914,0.9411793053150177,0.712742030620575,0.929402232170105,0.2239367514848709,0.08582913875579834,290.2156555503607,0
915,0.9416594207286835,0.7114667892456055,0.9368488788604736,0.22401605546474457,0.08565285056829453,290.5253910943866,0
916,0.940324455499649,0.7129433751106262,0.9326260685920715,0.22359910607337952,0.08580320328474045,290.8348586857319,0
917,0.9397467523813248,0.7139836549758911,0.9245627522468567,0.2238537147641182,0.08569178730249405,291.14447083324194,0
918,0.9405804872512817,0.7102587223052979,0.9447001218795776,0.2235991358757019,0.0856846496462822,291.45381693542004,0
919,0.9406151473522186,0.7133460640907288,0.9300850033760071,0.22373270243406296,0.08579473197460175,291.7634191662073,0
920,0.9381331354379654,0.7147219181060791,0.9277622103691101,0.22366315871477127,0.0857514962553978,292.0800709053874,1
921,0.9404680877923965,0.7100573778152466,0.9409953951835632,0.2236206978559494,0.08585093170404434,292.3896106556058,0
922,0.9403409063816071,0.7138494253158569,0.9268713593482971,0.22373152524232864,0.08572877198457718,292.69919791817665,0
923,0.9395370036363602,0.7127084732055664,0.9330391883850098,0.2236531302332878,0.08581060916185379,293.0087220221758,0
924,0.9401207119226456,0.7117688059806824,0.9386522769927979,0.22356227785348892,0.08566587418317795,293.31800615787506,0
925,0.9396113008260727,0.7145205736160278,0.9267357587814331,0.22429615259170532,0.08583786338567734,293.62821938842535,0
926,0.9387578368186951,0.7120372653007507,0.9336316585540771,0.22364318370819092,0.08582654595375061,293.93774086236954,0
927,0.9392238855361938,0.7140843272209167,0.9306720495223999,0.22376452386379242,0.08568522334098816,294.24725775420666,0
928,0.9382891356945038,0.7138494253158569,0.9304498434066772,0.22359492629766464,0.08576405793428421,294.5566756874323,0
929,0.9393822550773621,0.7120708227157593,0.936257541179657,0.2235104814171791,0.08583444356918335,294.86608223617077,0
930,0.9396766722202301,0.7149232625961304,0.9250072240829468,0.2236691564321518,0.08579540252685547,295.1819150596857,1
931,0.9367175549268723,0.7117016911506653,0.9351820349693298,0.22353744506835938,0.08579573035240173,295.49130683392286,0
932,0.9366213083267212,0.7115339040756226,0.9379343390464783,0.22362098842859268,0.08584890514612198,295.80082497000694,0
933,0.939344733953476,0.7149568200111389,0.9253838658332825,0.22427862137556076,0.08587736636400223,296.1171255633235,1
934,0.9379358142614365,0.7105607390403748,0.9384291172027588,0.2237670198082924,0.08578243851661682,296.4267590492964,0
935,0.9383220672607422,0.7115674614906311,0.9369706511497498,0.22369462251663208,0.0858127698302269,296.7363299652934,0
936,0.9369566887617111,0.7144870162010193,0.9265430569648743,0.22357425838708878,0.08564171940088272,297.0456065237522,0
937,0.937961533665657,0.7123728394508362,0.9355331063270569,0.22360453009605408,0.08582258224487305,297.3550894781947,0
938,0.9365511685609818,0.7129769325256348,0.9353017807006836,0.2235708385705948,0.08578401058912277,297.66449601203203,0
939,0.9377042651176453,0.7138158679008484,0.9295842051506042,0.2235366702079773,0.08574286103248596,297.9738284274936,0
940,0.9380085468292236,0.7127084732055664,0.9325766563415527,0.2235722690820694,0.08567501604557037,298.2831372618675,0
941,0.9370759278535843,0.7130440473556519,0.9323863983154297,0.22364498674869537,0.0856381505727768,298.5924839451909,0
942,0.9371018409729004,0.7130440473556519,0.9337281584739685,0.22374656051397324,0.08600332587957382,298.90228702127934,0
943,0.9352887272834778,0.7138158679008484,0.9305508732795715,0.22359395027160645,0.0858021154999733,299.2117382436991,0
944,0.9368068128824234,0.7130776047706604,0.9323675036430359,0.2238255888223648,0.08578796684741974,299.52140287309885,0
945,0.9365660548210144,0.7122721672058105,0.9372512102127075,0.22368038445711136,0.0857018306851387,299.8308405652642,0
946,0.9365510642528534,0.7129098176956177,0.9293534755706787,0.2236856073141098,0.08579123020172119,300.14037339389324,0
947,0.9360558539628983,0.7133796215057373,0.9324290156364441,0.22403907030820847,0.08582457154989243,300.4503084272146,0
948,0.9357582926750183,0.7121714949607849,0.9392839670181274,0.2236032709479332,0.08583292365074158,300.7598001137376,0
949,0.9364104270935059,0.71354740858078,0.9306691288948059,0.22359293699264526,0.08579888939857483,301.06924700737,0
950,0.9365417808294296,0.7136480808258057,0.9272265434265137,0.22355344891548157,0.08581668138504028,301.3786745592952,0
951,0.9357215464115143,0.713178277015686,0.9291305541992188,0.2236347794532776,0.08569038659334183,301.6880539804697,0
952,0.9370606690645218,0.7124064564704895,0.9366490244865417,0.22371841967105865,0.08582402020692825,301.99764992296696,0
953,0.9370717257261276,0.7138158679008484,0.9318162798881531,0.2238304615020752,0.08592947572469711,302.3074657469988,0
954,0.934918537735939,0.714285671710968,0.931361734867096,0.22356679290533066,0.08580683171749115,302.6169038489461,0
955,0.9366071373224258,0.713111162185669,0.933017373085022,0.22359197586774826,0.08585882186889648,302.9264103323221,0
956,0.9361859858036041,0.7133125066757202,0.9334093332290649,0.22355318814516068,0.08577843010425568,303.23580035567284,0
957,0.9354263991117477,0.7156280279159546,0.9248256087303162,0.22371703386306763,0.08581463992595673,303.5528167039156,1
958,0.9363584965467453,0.7102922797203064,0.9374814629554749,0.22359533607959747,0.08571003377437592,303.8621818870306,0
959,0.9358615279197693,0.7134802937507629,0.9352425336837769,0.22365321218967438,0.08574164658784866,304.1716326326132,0
960,0.9350402653217316,0.7153931260108948,0.9227819442749023,0.22363052517175674,0.08580614626407623,304.48112754523754,0
961,0.9354267418384552,0.7112990021705627,0.9338228106498718,0.2235875502228737,0.08594164997339249,304.79072937369347,0
962,0.9364775866270065,0.7146212458610535,0.931276261806488,0.22391754388809204,0.08575736731290817,305.10048113018274,0
963,0.9348228871822357,0.7121379375457764,0.9352261424064636,0.22358665615320206,0.08591916412115097,305.4100486189127,0
964,0.9348959177732468,0.7143192291259766,0.9270440340042114,0.22347351908683777,0.08580955862998962,305.7193900048733,0
965,0.934885784983635,0.7142185568809509,0.929507851600647,0.22365430742502213,0.08586005121469498,306.0289618745446,0
966,0.9358516335487366,0.7105942964553833,0.9396359920501709,0.22367241233587265,0.08574140816926956,306.3384359702468,0
967,0.9346758276224136,0.715158224105835,0.9262087941169739,0.22359085828065872,0.08575227856636047,306.64785331487656,0
968,0.9339962750673294,0.7139836549758911,0.931760847568512,0.2235252782702446,0.08578494191169739,306.9572293534875,0
969,0.9343786686658859,0.7109634280204773,0.9452346563339233,0.2237415313720703,0.08580028265714645,307.2668315395713,0
970,0.9344441294670105,0.7141849994659424,0.9230020046234131,0.22400034964084625,0.08585730195045471,307.5767609104514,0
971,0.9352317601442337,0.7132118344306946,0.9307892322540283,0.223507821559906,0.0858718678355217,307.88619742542505,0
972,0.9350121170282364,0.7130104899406433,0.9317839741706848,0.22399726510047913,0.085725337266922,308.1959777697921,0
973,0.9333767294883728,0.7145541310310364,0.929965615272522,0.22361300885677338,0.08577067404985428,308.5054292231798,0
974,0.9349531084299088,0.7105607390403748,0.9436985850334167,0.22394154965877533,0.08575644344091415,308.81528236716986,0
975,0.9344597458839417,0.714654803276062,0.9236149787902832,0.22372300177812576,0.08584409207105637,309.124916061759,0
976,0.9350099861621857,0.7132789492607117,0.9302914142608643,0.2237108051776886,0.08573409914970398,309.4344273433089,0
977,0.9331537485122681,0.7108963131904602,0.9374517202377319,0.22360167652368546,0.08577316254377365,309.7438656538725,0
978,0.9336626827716827,0.7144870162010193,0.9247323870658875,0.2241334542632103,0.08585745841264725,310.0539205297828,0
979,0.9340726733207703,0.7125406861305237,0.9372031092643738,0.22356852144002914,0.08578518033027649,310.36336283385754,0
980,0.9346253871917725,0.711500346660614,0.938346803188324,0.22360482811927795,0.0857207402586937,310.6727539151907,0
981,0.9340835809707642,0.7148897051811218,0.9205952286720276,0.2237902358174324,0.08585048466920853,310.98246155679226,0
982,0.9338792413473129,0.7119365930557251,0.9375251531600952,0.2238103449344635,0.0858127772808075,311.29216688871384,0
983,0.9332782328128815,0.7117016911506653,0.9364408850669861,0.2237912118434906,0.085844986140728,311.60187930613756,0
984,0.9334256947040558,0.7153931260108948,0.9239467978477478,0.22378036379814148,0.08583750575780869,311.9115646183491,0
985,0.9341692179441452,0.713178277015686,0.9331409931182861,0.2237551063299179,0.08579074591398239,312.22118782252073,0
986,0.9346417635679245,0.7124735713005066,0.9313197731971741,0.2236267328262329,0.08588910102844238,312.53077578544617,0
987,0.9331713318824768,0.7129769325256348,0.9320996403694153,0.22373828291893005,0.08582840859889984,312.8404050320387,0
988,0.9320975989103317,0.7160307168960571,0.9225113391876221,0.22355009615421295,0.08575966209173203,313.1564269736409,1
989,0.9327646046876907,0.7113661170005798,0.9371110200881958,0.22392479330301285,0.08572442829608917,313.4661575630307,0
990,0.9314816892147064,0.7132453918457031,0.9353687763214111,0.2241397649049759,0.08577482402324677,313.77615132182837,0
991,0.9312292635440826,0.7146212458610535,0.923980712890625,0.22368646413087845,0.08587435632944107,314.08580204099417,0
992,0.9335010051727295,0.7118359208106995,0.934054434299469,0.22402575612068176,0.08587030321359634,314.3957709297538,0
993,0.9322851151227951,0.7128427028656006,0.9340687990188599,0.22384970635175705,0.08576730638742447,314.70548439770937,0
994,0.9320044815540314,0.7151917815208435,0.9250971674919128,0.22396772354841232,0.085830919444561,315.01537515968084,0
995,0.9329542517662048,0.711500346660614,0.9384374022483826,0.2239190936088562,0.08585555851459503,315.3252450749278,0
996,0.9312945902347565,0.7133125066757202,0.9323438405990601,0.2238263413310051,0.0858130231499672,315.63498667627573,0
997,0.9333809465169907,0.7154937982559204,0.9245348572731018,0.22394700348377228,0.0857582688331604,315.944766305387,0
998,0.9323838502168655,0.7123392820358276,0.9351792335510254,0.22376475483179092,0.08579269051551819,316.25444155186415,0
999,0.9317353069782257,0.7147890329360962,0.9286092519760132,0.22417309135198593,0.08586347848176956,316.56458266824484,0
1000,0.9321662932634354,0.7145876884460449,0.9289827346801758,0.2240837886929512,0.08588361740112305,316.87465527653694,0
