epoch,train_mean_member_ce,valid_pooled_accuracy,valid_pooled_ce,train_step_seconds,validation_seconds,elapsed_seconds,is_selected_so_far
1,4.50643789768219,0.07631128281354904,3.7111685276031494,0.23152650892734528,0.08578464388847351,0.32406409829854965,1
2,3.799103260040283,0.07631128281354904,3.371352195739746,0.22319456934928894,0.08582787215709686,0.6387555822730064,1
3,3.5158289074897766,0.26648545265197754,3.0280678272247314,0.22328788042068481,0.08579764515161514,0.9538984596729279,1
4,3.366786479949951,0.2741031348705292,2.9325954914093018,0.22330614924430847,0.08573884516954422,1.2689728885889053,1
5,3.2919012904167175,0.287157267332077,2.894310712814331,0.22329562902450562,0.08585993200540543,1.5842819958925247,1
6,3.2193299531936646,0.16544178128242493,2.916386127471924,0.22317790985107422,0.086030013859272,1.8935508653521538,0
7,3.17650306224823,0.13403134047985077,2.909498691558838,0.22331082820892334,0.08580630272626877,2.2027254700660706,0
8,3.1443877816200256,0.20433570444583893,2.843670129776001,0.22312986105680466,0.08597871661186218,2.511894464492798,0
9,3.1101146936416626,0.27987515926361084,2.7688827514648438,0.22398001700639725,0.08587510883808136,2.8218108117580414,0
10,3.0789865851402283,0.29591596126556396,2.7178902626037598,0.2233760803937912,0.08571843802928925,3.137362465262413,1
11,3.0468719601631165,0.29574817419052124,2.687532424926758,0.22309580445289612,0.08569619804620743,3.446210265159607,0
12,3.01269268989563,0.29078155755996704,2.6680588722229004,0.22331488877534866,0.08574572950601578,3.755329430103302,0
13,2.9791290760040283,0.2860162854194641,2.64365291595459,0.22321884334087372,0.08580607175827026,4.0644106194376945,0
14,2.9425041675567627,0.29229167103767395,2.593083620071411,0.22305648028850555,0.08581392467021942,4.373344138264656,0
15,2.900606334209442,0.3043054938316345,2.522416591644287,0.22367604821920395,0.08617409318685532,4.68966606259346,1
16,2.8581764101982117,0.3143729567527771,2.456432580947876,0.22373882681131363,0.08573894947767258,5.005403399467468,1
17,2.810813844203949,0.3231652081012726,2.4021339416503906,0.22386611253023148,0.0860660970211029,5.321598045527935,1
18,2.7629405856132507,0.33621931076049805,2.3507328033447266,0.2241828888654709,0.08567662537097931,5.6379247307777405,1
19,2.719736933708191,0.3572602868080139,2.2957115173339844,0.22371045500040054,0.08580611646175385,5.95425271987915,1
20,2.676410734653473,0.38195911049842834,2.2333667278289795,0.22330337017774582,0.08574160188436508,6.269953608512878,1
21,2.6354034543037415,0.40206044912338257,2.177678346633911,0.22336561977863312,0.08585670590400696,6.585136398673058,1
22,2.5956002473831177,0.4148125648498535,2.128960132598877,0.22384588420391083,0.08587468415498734,6.90059033036232,1
23,2.5561689734458923,0.41910800337791443,2.0918471813201904,0.22349119186401367,0.08577730506658554,7.215665839612484,1
24,2.5168651938438416,0.42477932572364807,2.056410312652588,0.22338242828845978,0.08576203137636185,7.530725359916687,1
25,2.480630934238434,0.43313533067703247,2.0212695598602295,0.22333786636590958,0.08574584871530533,7.845693975687027,1
26,2.442039430141449,0.4404509961605072,1.9916913509368896,0.22339753806591034,0.08566707372665405,8.161899879574776,1
27,2.405726134777069,0.4428671896457672,1.9661407470703125,0.22338955104351044,0.08584845811128616,8.477752558887005,1
28,2.370235562324524,0.4455518424510956,1.94237220287323,0.22337692230939865,0.08576087653636932,8.793111801147461,1
29,2.33529531955719,0.45155876874923706,1.9144270420074463,0.2237335667014122,0.08575963228940964,9.108679041266441,1
30,2.3031031489372253,0.4627336263656616,1.8833097219467163,0.2235003113746643,0.0858551561832428,9.423746287822723,1
31,2.271027684211731,0.4738749563694,1.8511896133422852,0.22346913069486618,0.08573451638221741,9.738625757396221,1
32,2.23799329996109,0.48337191343307495,1.822359561920166,0.2234686240553856,0.08574813604354858,10.05422656238079,1
33,2.2072219252586365,0.49162721633911133,1.795922875404358,0.22348885983228683,0.08571509271860123,10.369597978889942,1
34,2.1796937584877014,0.4983052909374237,1.7711135149002075,0.22334661334753036,0.08581382781267166,10.685019090771675,1
35,2.148598611354828,0.5029027462005615,1.7496247291564941,0.22362937033176422,0.08593486994504929,11.000541500747204,1
36,2.1235890984535217,0.5059900879859924,1.732726812362671,0.2237314209342003,0.08581127226352692,11.315494053065777,1
37,2.0960320830345154,0.5112587213516235,1.7151422500610352,0.22367138415575027,0.08603694289922714,11.631936378777027,1
38,2.070136547088623,0.5184401869773865,1.6923218965530396,0.2244514524936676,0.08598899841308594,11.948450200259686,1
39,2.045288920402527,0.5246484279632568,1.6695330142974854,0.2233957052230835,0.08584395051002502,12.263541363179684,1
40,2.020697981119156,0.5290110111236572,1.6496007442474365,0.2233785316348076,0.0857558324933052,12.578301958739758,1
41,1.9964342713356018,0.5352528095245361,1.6278984546661377,0.22331217676401138,0.08574189245700836,12.89311021566391,1
42,1.975692480802536,0.5438437461853027,1.6038528680801392,0.22352860122919083,0.0858365148305893,13.207967445254326,1
43,1.9493522346019745,0.5474008917808533,1.5859887599945068,0.22325538098812103,0.08577623218297958,13.522972889244556,1
44,1.929727852344513,0.5487432479858398,1.5728906393051147,0.22323449701070786,0.08565186709165573,13.837561659514904,1
45,1.9086301922798157,0.5543810129165649,1.5514369010925293,0.22341371327638626,0.08585751056671143,14.153200410306454,1
46,1.8858124017715454,0.5632067918777466,1.5262935161590576,0.22320181876420975,0.08575829118490219,14.467638596892357,1
47,1.866508811712265,0.5673344731330872,1.5095664262771606,0.2232847362756729,0.08574412763118744,14.782481521368027,1
48,1.844496876001358,0.5691465735435486,1.4968875646591187,0.22336483746767044,0.08577392995357513,15.097804754972458,1
49,1.8264706432819366,0.5746501088142395,1.4790860414505005,0.2235201746225357,0.08584607392549515,15.413296401500702,1
50,1.808909833431244,0.5784422159194946,1.4652390480041504,0.22324088215827942,0.08582314848899841,15.728512562811375,1
51,1.7919338643550873,0.5806235074996948,1.4527299404144287,0.22336801141500473,0.0858491063117981,16.043714858591557,1
52,1.77373206615448,0.5864290595054626,1.4344779253005981,0.22347062081098557,0.08571780472993851,16.358683831989765,1
53,1.7558307647705078,0.5895835161209106,1.4229837656021118,0.22322487831115723,0.0857946127653122,16.67333374917507,1
54,1.7432678639888763,0.5907580256462097,1.4139384031295776,0.22325339168310165,0.08586160093545914,16.989005103707314,1
55,1.7273253798484802,0.5956575274467468,1.3981949090957642,0.22354324907064438,0.08588942885398865,17.308325864374638,1
56,1.7127270996570587,0.5975703597068787,1.3896301984786987,0.22336049377918243,0.08585447818040848,17.623465791344643,1
57,1.698289543390274,0.5999194383621216,1.3799192905426025,0.22348565608263016,0.0858210101723671,17.94105499982834,1
58,1.682426631450653,0.6032416820526123,1.3634846210479736,0.223258338868618,0.08582942932844162,18.255855038762093,1
59,1.6722113192081451,0.6043491363525391,1.3564777374267578,0.22315537929534912,0.08570634573698044,18.570459455251694,1
60,1.660024881362915,0.6069331169128418,1.3479642868041992,0.2238304391503334,0.08581321686506271,18.886062011122704,1
61,1.646350473165512,0.6086781024932861,1.339879035949707,0.223302461206913,0.0856686532497406,19.200416646897793,1
62,1.6340188384056091,0.6093493103981018,1.3355082273483276,0.2232377752661705,0.08586765080690384,19.515058800578117,1
63,1.6251003444194794,0.6117990016937256,1.3229961395263672,0.22336089611053467,0.0858256071805954,19.830519430339336,1
64,1.613567292690277,0.6125373244285583,1.3176932334899902,0.2231513038277626,0.08575480431318283,20.145645678043365,1
65,1.6024918854236603,0.6134433746337891,1.3129706382751465,0.22341858595609665,0.08575471490621567,20.460239186882973,1
66,1.5928356647491455,0.6160609126091003,1.3023643493652344,0.2232961282134056,0.08576491475105286,20.774703703820705,1
67,1.5827248990535736,0.6176717281341553,1.2964110374450684,0.22346783429384232,0.08570533245801926,21.090017408132553,1
68,1.573257714509964,0.6186113357543945,1.2931883335113525,0.2232571542263031,0.0858895555138588,21.405443899333477,1
69,1.5650544166564941,0.6215644478797913,1.2803449630737305,0.2235567942261696,0.0858800858259201,21.7209557518363,1
70,1.554970532655716,0.6223027110099792,1.2766042947769165,0.22329844534397125,0.08577736467123032,22.037692368030548,1
71,1.5455832481384277,0.6219335794448853,1.2756232023239136,0.2234111800789833,0.08572150766849518,22.346881337463856,0
72,1.5384827554225922,0.6248195767402649,1.2683584690093994,0.2233603522181511,0.0857066884636879,22.662047632038593,1
73,1.5315799415111542,0.6257928013801575,1.260793685913086,0.22341883182525635,0.08579468727111816,22.97876962274313,1
74,1.5224965810775757,0.6266317367553711,1.2556549310684204,0.22344225645065308,0.08577795326709747,23.293852381408215,1
75,1.5126877129077911,0.6282089948654175,1.249105453491211,0.2234271541237831,0.0857098400592804,23.608869820833206,1
76,1.5061173737049103,0.6289137005805969,1.2460966110229492,0.22348717600107193,0.08578955382108688,23.92385733872652,1
77,1.5017394423484802,0.6301888823509216,1.2391024827957153,0.22336484491825104,0.08581676334142685,24.238781295716763,1
78,1.4925113022327423,0.6314305663108826,1.2342182397842407,0.22340649366378784,0.0856986865401268,24.554574079811573,1
79,1.4868521690368652,0.6315312385559082,1.2317988872528076,0.22354400157928467,0.08588279783725739,24.8701179549098,1
80,1.479873389005661,0.631766140460968,1.2269423007965088,0.22342511266469955,0.08573402464389801,25.184779696166515,1
81,1.472783237695694,0.6342830061912537,1.219966173171997,0.22353149205446243,0.08587360382080078,25.500186577439308,1
82,1.4650304019451141,0.6353232860565186,1.2184114456176758,0.22327867150306702,0.08586321771144867,25.815254516899586,1
83,1.458897352218628,0.6356924176216125,1.213127613067627,0.22355668991804123,0.08578625321388245,26.13103522360325,1
84,1.4536297917366028,0.6360951662063599,1.2090861797332764,0.22342196106910706,0.08572251349687576,26.44568010419607,1
85,1.4477629661560059,0.6364978551864624,1.205536961555481,0.22366634756326675,0.0856812372803688,26.761346332728863,1
86,1.4448972940444946,0.6370012164115906,1.2025867700576782,0.2234211266040802,0.0857943594455719,27.077133491635323,1
87,1.4389322996139526,0.6386791467666626,1.1958609819412231,0.2234334796667099,0.08572201430797577,27.392362013459206,1
88,1.4305698573589325,0.6396523118019104,1.1911896467208862,0.2234768345952034,0.08579965680837631,27.70720376074314,1
89,1.4257368743419647,0.6405919194221497,1.188494086265564,0.2232886329293251,0.0857609361410141,28.0219424366951,1
90,1.4211521446704865,0.6411960124969482,1.1870176792144775,0.22340799868106842,0.08585130423307419,28.337833270430565,1
91,1.4175788760185242,0.6423369646072388,1.1817086935043335,0.2241593450307846,0.08585362881422043,28.654795289039612,1
92,1.4089058339595795,0.6424040794372559,1.1798890829086304,0.22363296896219254,0.08576732873916626,28.971023947000504,1
93,1.4083227217197418,0.6443169116973877,1.1744327545166016,0.2233380600810051,0.08586959540843964,29.286283165216446,1
94,1.4017181992530823,0.6447867155075073,1.1714755296707153,0.2234257161617279,0.08589278906583786,29.601472645998,1
95,1.398666799068451,0.6457263231277466,1.1692559719085693,0.22339769452810287,0.0857333093881607,29.91792717576027,1
96,1.3930045664310455,0.645692765712738,1.166090726852417,0.22341923415660858,0.08579197525978088,30.227201402187347,0
97,1.3883391618728638,0.6466995477676392,1.162496566772461,0.22333118319511414,0.085726298391819,30.544143371284008,1
98,1.3846600651741028,0.6478069424629211,1.1602113246917725,0.22339215129613876,0.08584828674793243,30.859496288001537,1
99,1.3801867067813873,0.6482431888580322,1.1539579629898071,0.2237178385257721,0.08587219566106796,31.175534650683403,1
100,1.3757288753986359,0.6481425166130066,1.154296636581421,0.22329821437597275,0.0857241079211235,31.48465260118246,0
101,1.3719946146011353,0.6490486264228821,1.1508229970932007,0.22344650328159332,0.08585724234580994,31.800206758081913,1
102,1.364825576543808,0.6504915952682495,1.146313190460205,0.22318805754184723,0.08581458032131195,32.11877842247486,1
103,1.363862305879593,0.6507600545883179,1.1441364288330078,0.2236567810177803,0.08575977385044098,32.43401366472244,1
104,1.362559974193573,0.6515990495681763,1.1420217752456665,0.22346121072769165,0.08586388826370239,32.74953693151474,1
105,1.356375366449356,0.6524715423583984,1.1385509967803955,0.22326765209436417,0.08587521314620972,33.0657564997673,1
106,1.3505516648292542,0.6529413461685181,1.1377897262573242,0.2237452045083046,0.08588661253452301,33.38168066740036,1
107,1.348539412021637,0.6531426906585693,1.1356215476989746,0.22374138981103897,0.08579737693071365,33.69798967987299,1
108,1.3455918431282043,0.6540487408638,1.1318979263305664,0.2234501987695694,0.08578121662139893,34.01393976807594,1
109,1.3423040807247162,0.6540822982788086,1.1305068731307983,0.2240627184510231,0.08589448779821396,34.330112494528294,1
110,1.3374023139476776,0.6548541784286499,1.128501296043396,0.22348005324602127,0.08591164648532867,34.645374946296215,1
111,1.3348561823368073,0.656834065914154,1.1223766803741455,0.22359807044267654,0.085788294672966,34.96125438809395,1
112,1.3304921388626099,0.6572032570838928,1.12174654006958,0.2236567959189415,0.08577534556388855,35.27699660509825,1
113,1.3294071853160858,0.6551561951637268,1.1235833168029785,0.22378717362880707,0.08572813868522644,35.58658882975578,0
114,1.3276994228363037,0.6575388312339783,1.1159989833831787,0.223509781062603,0.085738904774189,35.90199989080429,1
115,1.3224287033081055,0.658814013004303,1.1161760091781616,0.22341592609882355,0.08582686632871628,36.21845692396164,1
116,1.3197526931762695,0.6574717164039612,1.1173359155654907,0.22319314628839493,0.08576121926307678,36.52748565375805,0
117,1.317179411649704,0.658075749874115,1.1130350828170776,0.22353263199329376,0.0858101099729538,36.83688762784004,0
118,1.3138554394245148,0.6599214673042297,1.1103037595748901,0.22348196059465408,0.08573861420154572,37.15284471958876,1
119,1.3101832866668701,0.6605590581893921,1.1084526777267456,0.22331800311803818,0.08583594113588333,37.46819292753935,1
120,1.3068570494651794,0.6600556969642639,1.1068458557128906,0.2233174666762352,0.08574803173542023,37.77732390910387,0
121,1.3041625320911407,0.6625054478645325,1.1026359796524048,0.223221093416214,0.08591917902231216,38.09449103474617,1
122,1.30162712931633,0.6620355844497681,1.1023536920547485,0.22342106699943542,0.08571627736091614,38.403722770512104,0
123,1.29794442653656,0.6605255007743835,1.1058634519577026,0.2241164743900299,0.0859331265091896,38.713852137327194,0
124,1.2969575226306915,0.6634786128997803,1.0996873378753662,0.22348447889089584,0.08583174645900726,39.02955428510904,1
125,1.2924461662769318,0.6655256748199463,1.0952372550964355,0.2233187034726143,0.08573693037033081,39.34467067569494,1
126,1.2899589240550995,0.6637470722198486,1.0976248979568481,0.22316180914640427,0.08582767099142075,39.65372721850872,0
127,1.2881524562835693,0.6651565432548523,1.0969877243041992,0.22346503287553787,0.08573941886425018,39.96298819035292,0
128,1.2854205667972565,0.6658948063850403,1.0927320718765259,0.22335657477378845,0.08589281141757965,40.278770461678505,1
129,1.2837692499160767,0.6651565432548523,1.0927480459213257,0.22335292398929596,0.08578170835971832,40.58796960115433,0
130,1.2809142768383026,0.6651901006698608,1.0917720794677734,0.22323712706565857,0.08578412979841232,40.89707485586405,0
131,1.2769158780574799,0.6671028733253479,1.087087869644165,0.22331084311008453,0.08576762676239014,41.21355967223644,1
132,1.276400774717331,0.6667001843452454,1.08708655834198,0.22324411571025848,0.08581932634115219,41.522683165967464,0
133,1.27264004945755,0.6667672991752625,1.0870505571365356,0.22331523150205612,0.08582498133182526,41.83187432587147,0
134,1.2709717750549316,0.668478786945343,1.0816099643707275,0.22304286062717438,0.08580028265714645,42.14713382720947,1
135,1.2671220302581787,0.6689485907554626,1.0807554721832275,0.22327320277690887,0.08581121265888214,42.46175715327263,1
136,1.2661192119121552,0.6680425405502319,1.0816808938980103,0.22325792908668518,0.08571910858154297,42.770793341100216,0
137,1.2612203657627106,0.6680089831352234,1.0818241834640503,0.22332051396369934,0.08565767109394073,43.07982610166073,0
138,1.2604352235794067,0.668847918510437,1.078210711479187,0.22305500507354736,0.08581884205341339,43.38875485956669,0
139,1.2600500583648682,0.669955313205719,1.0742334127426147,0.22311953455209732,0.08582744747400284,43.70406232774258,1
140,1.2577023208141327,0.6694183945655823,1.0760315656661987,0.2232264280319214,0.085760697722435,44.013105139136314,0
141,1.254772424697876,0.6703580617904663,1.0744112730026245,0.22405403852462769,0.08595436811447144,44.32887848466635,1
142,1.2526115477085114,0.6705929636955261,1.0730304718017578,0.22386811673641205,0.08576689660549164,44.644496850669384,1
143,1.2501342594623566,0.6705929636955261,1.07137930393219,0.22325832396745682,0.08573805540800095,44.96021820604801,1
144,1.2473759055137634,0.6731769442558289,1.0681264400482178,0.22313611209392548,0.08573442697525024,45.27602669596672,1
145,1.246957242488861,0.6727742552757263,1.0681523084640503,0.22362158447504044,0.08572021871805191,45.58542647212744,0
146,1.246333748102188,0.6707271933555603,1.0711936950683594,0.22429650276899338,0.08580382913351059,45.89560167491436,0
147,1.2438365519046783,0.6719688177108765,1.0673960447311401,0.22337135672569275,0.08584734052419662,46.20492274314165,0
148,1.2412347197532654,0.6734454035758972,1.06476628780365,0.2232864797115326,0.0856914296746254,46.51996999979019,1
149,1.2384865581989288,0.6734454035758972,1.0621336698532104,0.22360653430223465,0.0858445018529892,46.83611539751291,1
150,1.2363095879554749,0.6730091571807861,1.0640759468078613,0.2232714518904686,0.08601570874452591,47.14548476040363,0
151,1.2333430051803589,0.6739152073860168,1.0641816854476929,0.22345978021621704,0.08570554852485657,47.46121917665005,1
152,1.2331818640232086,0.6738480925559998,1.0587399005889893,0.22338185459375381,0.08576194196939468,47.77042098343372,0
153,1.2301063239574432,0.6747205853462219,1.061987280845642,0.22402358055114746,0.08584803342819214,48.08682420104742,1
154,1.22884002327919,0.6745192408561707,1.0605250597000122,0.22349531203508377,0.08581889420747757,48.39622850716114,0
155,1.2258655428886414,0.6746870279312134,1.055042028427124,0.22340090572834015,0.08577048778533936,48.70546071976423,0
156,1.2265764772891998,0.6762307286262512,1.0598244667053223,0.22359352558851242,0.08567972481250763,49.021242283284664,1
157,1.2247864305973053,0.6746199131011963,1.0552374124526978,0.22353733330965042,0.08585656434297562,49.33069933950901,0
158,1.221867710351944,0.6757944822311401,1.0525877475738525,0.22322167456150055,0.08579613268375397,49.63977637887001,0
159,1.2206356823444366,0.6765327453613281,1.0573893785476685,0.22383102774620056,0.08572143316268921,49.954877994954586,1
160,1.218790352344513,0.6766334176063538,1.052603006362915,0.22340308129787445,0.0857325941324234,50.27042503654957,1
161,1.216810405254364,0.6770696640014648,1.0507144927978516,0.22339292615652084,0.08576037734746933,50.58593089133501,1
162,1.2149600684642792,0.6771703362464905,1.053006649017334,0.22334519773721695,0.08576693385839462,50.90129069238901,1
163,1.2148237526416779,0.6764991879463196,1.049117088317871,0.22350052744150162,0.08573194593191147,51.2105800434947,0
164,1.2127905189990997,0.676834762096405,1.0506765842437744,0.22347188740968704,0.08569559454917908,51.51982557028532,0
165,1.2099973261356354,0.6770696640014648,1.0508464574813843,0.2237696424126625,0.0857296735048294,51.82937850803137,0
166,1.2081770598888397,0.6784120202064514,1.0430715084075928,0.22340767830610275,0.08573973178863525,52.14514781534672,1
167,1.2068335711956024,0.678814709186554,1.0490671396255493,0.22334401309490204,0.08572851866483688,52.46060877293348,1
168,1.206163763999939,0.6777408123016357,1.0466639995574951,0.22342412918806076,0.08571133017539978,52.76979871094227,0
169,1.2043517529964447,0.678881824016571,1.0414817333221436,0.2236291840672493,0.08602878451347351,53.085626892745495,1
170,1.2013659179210663,0.6786469221115112,1.0458937883377075,0.2232281044125557,0.08567007631063461,53.39460153132677,0
171,1.200272649526596,0.677573025226593,1.0468140840530396,0.2233571708202362,0.08577673137187958,53.70378755778074,0
172,1.19959557056427,0.678512692451477,1.0413429737091064,0.22338466346263885,0.08570274710655212,54.0129379555583,0
173,1.1988988518714905,0.678512692451477,1.0473705530166626,0.2233825996518135,0.08569153398275375,54.32206842303276,0
174,1.1993687450885773,0.678881824016571,1.0381112098693848,0.22326760739088058,0.08567376434803009,54.63764590770006,1
175,1.1941843330860138,0.6791167259216309,1.0374910831451416,0.22332359850406647,0.08563574403524399,54.952899880707264,1
176,1.1938284635543823,0.6791167259216309,1.0457960367202759,0.22343941777944565,0.08570819348096848,55.262106239795685,0
177,1.1939291059970856,0.6800563335418701,1.035778284072876,0.22339437901973724,0.08591469377279282,55.57966950535774,1
178,1.19143545627594,0.6809624433517456,1.0355724096298218,0.2238052785396576,0.08590533584356308,55.89567309617996,1
179,1.1908733546733856,0.6797878742218018,1.043375849723816,0.22407103329896927,0.08580876886844635,56.205646596848965,0
180,1.1887441575527191,0.6804590225219727,1.0357277393341064,0.22480019181966782,0.08605725318193436,56.51663515716791,0
181,1.188369631767273,0.6806939840316772,1.0341323614120483,0.2235567346215248,0.08591202646493912,56.826218858361244,0
182,1.1860753297805786,0.6817342638969421,1.0354986190795898,0.22349558770656586,0.08576267212629318,57.14163389056921,1
183,1.1851220726966858,0.682036280632019,1.0297815799713135,0.2236708179116249,0.08572357147932053,57.457573883235455,1
184,1.1844911575317383,0.6808953285217285,1.0346941947937012,0.22341914474964142,0.08579540997743607,57.76685529202223,0
185,1.181553691625595,0.6818349361419678,1.0311558246612549,0.2232714295387268,0.08562850952148438,58.07583422213793,0
186,1.1824422776699066,0.6831772327423096,1.0285084247589111,0.22354118525981903,0.0857158750295639,58.39103043824434,1
187,1.1796641647815704,0.6813651323318481,1.0337027311325073,0.2235032171010971,0.08578181266784668,58.70038256049156,0
188,1.177764505147934,0.6824725270271301,1.031113624572754,0.22344650328159332,0.08574755489826202,59.00965604931116,0
189,1.176456093788147,0.6834457516670227,1.0268206596374512,0.2235739529132843,0.08571215718984604,59.32568099349737,1
190,1.174867182970047,0.6822711825370789,1.0298619270324707,0.2238159105181694,0.08584962040185928,59.63542840629816,0
191,1.174297571182251,0.6834121942520142,1.0268120765686035,0.2233818918466568,0.08584955334663391,59.94475073367357,0
192,1.171432077884674,0.6828081011772156,1.0264215469360352,0.22384826093912125,0.08609595894813538,60.25476298481226,0
193,1.1715802252292633,0.682405412197113,1.0277501344680786,0.2242594212293625,0.08573848754167557,60.56487537920475,0
194,1.1709843277931213,0.6830765604972839,1.0272114276885986,0.22328878194093704,0.08576377481222153,60.87398625910282,0
195,1.1695372760295868,0.6841504573822021,1.0251086950302124,0.223469115793705,0.08581044524908066,61.190070778131485,1
196,1.1691169142723083,0.6844860315322876,1.021751046180725,0.22339683771133423,0.0857381671667099,61.505402967333794,1
197,1.1657702922821045,0.6827409863471985,1.0282495021820068,0.22339677065610886,0.08576628565788269,61.814625196158886,0
198,1.1650875210762024,0.6842846870422363,1.0236001014709473,0.2235666662454605,0.0857539251446724,62.12400962412357,0
199,1.1649202704429626,0.6849893927574158,1.0204240083694458,0.22344166040420532,0.08571033179759979,62.43954532593489,1
200,1.1630808115005493,0.6834457516670227,1.0263925790786743,0.2234143167734146,0.08574910461902618,62.748775236308575,0
201,1.1621674299240112,0.6845531463623047,1.0213371515274048,0.22368944436311722,0.08573707193136215,63.05826214700937,0
202,1.1626528799533844,0.6852242946624756,1.0167003870010376,0.2235933169722557,0.08588731288909912,63.3738888502121,1
203,1.1595772504806519,0.6841168999671936,1.0225417613983154,0.22331584244966507,0.08582744747400284,63.6830899566412,0
204,1.1590640544891357,0.6852914094924927,1.020743489265442,0.2234039530158043,0.08572729676961899,63.998518869280815,1
205,1.1588495671749115,0.6853249669075012,1.0182671546936035,0.2235681191086769,0.08588267862796783,64.31496924906969,1
206,1.1569735705852509,0.6843182444572449,1.019262433052063,0.22357912361621857,0.08589623868465424,64.62450110167265,0
207,1.1548904776573181,0.685190737247467,1.0199896097183228,0.22324950993061066,0.08570487052202225,64.93354583531618,0
208,1.1570757627487183,0.6864659786224365,1.017289638519287,0.22338492423295975,0.08579405397176743,65.24847239255905,1
209,1.1538813412189484,0.6854256391525269,1.0157957077026367,0.2232009544968605,0.08572803437709808,65.55745758861303,0
210,1.1512649357318878,0.6851571798324585,1.0184413194656372,0.22344642132520676,0.08580975979566574,65.86677760630846,0
211,1.1506571173667908,0.6859961748123169,1.0172951221466064,0.22319389879703522,0.08569993078708649,66.17572864890099,0
212,1.1506512463092804,0.6859961748123169,1.0155800580978394,0.22329607605934143,0.08576207607984543,66.48484441637993,0
213,1.1494786739349365,0.6855934262275696,1.017348289489746,0.2230164036154747,0.08585598319768906,66.79377137869596,0
214,1.1463272869586945,0.6869693398475647,1.0127098560333252,0.22331974655389786,0.08583497256040573,67.10929896682501,1
215,1.1498154997825623,0.685559868812561,1.0141685009002686,0.22327590733766556,0.08580570667982101,67.41844154149294,0
216,1.1455774307250977,0.6859961748123169,1.0153741836547852,0.2233375832438469,0.08578426390886307,67.72761991620064,0
217,1.1473805010318756,0.6877411603927612,1.0122803449630737,0.22334151715040207,0.08578070253133774,68.04269529879093,1
218,1.1464294493198395,0.685492753982544,1.0162862539291382,0.22326014190912247,0.08566341549158096,68.35167519003153,0
219,1.1420994997024536,0.6873720288276672,1.01261305809021,0.22326882928609848,0.08579420298337936,68.6607937887311,0
220,1.1432203650474548,0.6878753900527954,1.0108146667480469,0.22317691147327423,0.08587554097175598,68.9757135361433,1
221,1.142329752445221,0.6866673231124878,1.0123412609100342,0.2232644185423851,0.08594555407762527,69.28498392552137,0
222,1.1414316594600677,0.6881438493728638,1.0077358484268188,0.22337651252746582,0.08575182408094406,69.60128431022167,1
223,1.1397024393081665,0.6872042417526245,1.0157181024551392,0.22320033609867096,0.08585044741630554,69.9103923663497,0
224,1.1394621431827545,0.6886137127876282,1.0065624713897705,0.22309308499097824,0.08568781614303589,70.2256726399064,1
225,1.1387097537517548,0.6887143850326538,1.0049972534179688,0.2231789082288742,0.08571121841669083,70.54087667912245,1
226,1.1368010938167572,0.686801552772522,1.0115749835968018,0.22334683686494827,0.08573935180902481,70.85002709180117,0
227,1.136842966079712,0.6872377991676331,1.011314034461975,0.2232513502240181,0.08582925796508789,71.15917028486729,0
228,1.137062817811966,0.6891170740127563,1.0080771446228027,0.22321869432926178,0.08575684577226639,71.47436607629061,1
229,1.1347424387931824,0.6890499591827393,1.0041084289550781,0.22324615716934204,0.08572012931108475,71.78339099884033,0
230,1.1347035467624664,0.6884458661079407,1.0076274871826172,0.22337861359119415,0.08584918081760406,72.09268300235271,0
231,1.132893145084381,0.6870700120925903,1.0137678384780884,0.22322257608175278,0.08577331155538559,72.40173582732677,0
232,1.1327582597732544,0.689586877822876,1.001954197883606,0.2234940379858017,0.08581731468439102,72.71735196560621,1
233,1.1325631737709045,0.6880096197128296,1.0065144300460815,0.2232523187994957,0.08570102602243423,73.02636339515448,0
234,1.1314499378204346,0.687908947467804,1.0112297534942627,0.22318192571401596,0.08586221933364868,73.33547061681747,0
235,1.1292709112167358,0.6894862055778503,1.0023210048675537,0.22301028668880463,0.08586419373750687,73.6443947404623,0
236,1.128721445798874,0.6891170740127563,1.00387442111969,0.22321044653654099,0.08581437170505524,73.95347630232573,0
237,1.1270787119865417,0.6879425048828125,1.0073838233947754,0.22313657402992249,0.0857192873954773,74.26238845288754,0
238,1.1270253658294678,0.6893855333328247,1.0011745691299438,0.22316431254148483,0.08576314151287079,74.57139561325312,0
239,1.1275155246257782,0.6892848610877991,1.0036879777908325,0.22417668253183365,0.08593533933162689,74.881600856781,0
240,1.1261754930019379,0.6901909112930298,1.0021551847457886,0.2238478884100914,0.08596925437450409,75.197959266603,1
241,1.1241911947727203,0.6894190907478333,1.0027269124984741,0.22337985038757324,0.0858689695596695,75.50728721916676,0
242,1.123876929283142,0.689586877822876,1.0035768747329712,0.22348438948392868,0.08576132357120514,75.81658721715212,0
243,1.1245054602622986,0.6901573538780212,1.0034348964691162,0.22380676120519638,0.08585726469755173,76.12633816152811,0
244,1.1222777962684631,0.6902580261230469,1.0005159378051758,0.22373194992542267,0.08576478809118271,76.4425635561347,1
245,1.1220936477184296,0.6901237964630127,1.0005249977111816,0.2236872836947441,0.08570040762424469,76.75201639533043,0
246,1.1213096380233765,0.6909962892532349,0.9985436201095581,0.22353845834732056,0.0858665481209755,77.06827935576439,1
247,1.119341403245926,0.6907949447631836,0.9977100491523743,0.22330769151449203,0.08578884601593018,77.3774496614933,0
248,1.1176104247570038,0.6884794235229492,1.0044409036636353,0.22337526082992554,0.08571692556142807,77.68660958111286,0
249,1.1166517734527588,0.6905264854431152,0.9974793195724487,0.22331777960062027,0.08589048683643341,77.99588934332132,0
250,1.1172990202903748,0.6914325952529907,0.9995630383491516,0.2233055755496025,0.08579707890748978,78.31111784279346,1
251,1.1172412037849426,0.6902580261230469,1.0006693601608276,0.22338999807834625,0.08590632677078247,78.62049219757318,0
252,1.116665631532669,0.6901909112930298,0.9964957237243652,0.22348985821008682,0.08578812330961227,78.92986603826284,0
253,1.1150734424591064,0.6924057602882385,0.9950977563858032,0.22336389124393463,0.0858447328209877,79.24536015093327,1
254,1.1164534389972687,0.6904929280281067,1.0005719661712646,0.22337006777524948,0.08578451722860336,79.55457278341055,0
255,1.114316612482071,0.6907949447631836,0.996719479560852,0.22325989603996277,0.08572936058044434,79.86362326145172,0
256,1.114042043685913,0.6914325952529907,0.9976065158843994,0.22326037287712097,0.08575187623500824,80.17270150780678,0
257,1.111671805381775,0.6905600428581238,0.9961234331130981,0.2231636866927147,0.08587021380662918,80.48180150985718,0
258,1.109337866306305,0.6904929280281067,0.9960044026374817,0.2231813222169876,0.08576274663209915,80.790807120502,0
259,1.1101396977901459,0.6928755640983582,0.9940983653068542,0.22368520498275757,0.08577534556388855,81.10675324499607,1
260,1.1094617545604706,0.6909627318382263,0.9966856241226196,0.22347258031368256,0.0859307274222374,81.41623176634312,0
261,1.1104536056518555,0.6910298466682434,0.9953572154045105,0.22369176894426346,0.08577756583690643,81.72580046951771,0
262,1.1075399219989777,0.6933118104934692,0.9932089447975159,0.22451185435056686,0.08595097810029984,82.04281505942345,1
263,1.1081622838974,0.692741334438324,0.9960587024688721,0.2243974432349205,0.08587419986724854,82.35316889733076,0
264,1.1065324246883392,0.6912983655929565,0.9961521029472351,0.22342228889465332,0.08581862598657608,82.66252088546753,0
265,1.1080455482006073,0.6926742196083069,0.9923565983772278,0.22327937185764313,0.08574042469263077,82.97159976512194,0
266,1.1062505543231964,0.6919359564781189,0.9922965168952942,0.22360827028751373,0.08567167073488235,83.28094401955605,0
267,1.1037473380565643,0.6910298466682434,0.9980099201202393,0.22371631115674973,0.0859350636601448,83.59065370261669,0
268,1.1032564342021942,0.694419264793396,0.9888672232627869,0.22340884059667587,0.08591170608997345,83.90678160637617,1
269,1.104635328054428,0.6926071047782898,0.9925665259361267,0.22353242337703705,0.08571922779083252,84.2160972431302,0
270,1.1009330451488495,0.691633939743042,0.9928643703460693,0.22439894080162048,0.08598519116640091,84.52659201622009,0
271,1.1018286347389221,0.6924393177032471,0.9962235689163208,0.2238069698214531,0.08585416525602341,84.83636570721865,0
272,1.101479411125183,0.6936473846435547,0.9902137517929077,0.22350303083658218,0.08581744134426117,85.14582070708275,0
273,1.0999815762043,0.6938823461532593,0.9883864521980286,0.22336513549089432,0.08575987815856934,85.45503304898739,0
274,1.1001266539096832,0.6913990378379822,0.9957709312438965,0.22331738471984863,0.08588125556707382,85.76428466290236,0
275,1.0990625023841858,0.6931440234184265,0.9927797317504883,0.223371259868145,0.08583660423755646,86.0735585168004,0
276,1.097850114107132,0.6933453679084778,0.9886178374290466,0.22349243611097336,0.08589371293783188,86.38300846517086,0
277,1.0975769758224487,0.6943185925483704,0.9853859543800354,0.22340955585241318,0.08571627736091614,86.6922157406807,0
278,1.0977638065814972,0.6922044157981873,0.9976032376289368,0.22345685213804245,0.08575861901044846,87.00149870663881,0
279,1.0970251262187958,0.694050133228302,0.9909959435462952,0.22341009974479675,0.08576338738203049,87.31072973459959,0
280,1.0957376062870026,0.6946877241134644,0.9864474534988403,0.22343356162309647,0.08590550720691681,87.62765533477068,1
281,1.096725195646286,0.6934460401535034,0.9869021773338318,0.22349205613136292,0.08573067933320999,87.93694381415844,0
282,1.0940155386924744,0.6937816143035889,0.9896247982978821,0.2233736366033554,0.08577442169189453,88.24615143239498,0
283,1.0953719317913055,0.6939830183982849,0.9907671213150024,0.22330687195062637,0.08582163602113724,88.55534261465073,0
284,1.0927647054195404,0.6941508054733276,0.9868529438972473,0.2232433706521988,0.08572663366794586,88.86440041661263,0
285,1.092575877904892,0.6945870518684387,0.9852145910263062,0.22341709583997726,0.08587171137332916,89.17376347631216,0
286,1.0908336341381073,0.6942179203033447,0.9890948534011841,0.22339902073144913,0.08581171929836273,89.48305206000805,0
287,1.090068519115448,0.6961306929588318,0.9842599034309387,0.2236684039235115,0.08569072932004929,89.79856798797846,1
288,1.091868132352829,0.6940836906433105,0.9882249236106873,0.22329527139663696,0.08576300740242004,90.10770253837109,0
289,1.0909281373023987,0.6939830183982849,0.9872523546218872,0.22324177622795105,0.08584500104188919,90.41685316711664,0
290,1.0896641910076141,0.6960300207138062,0.9805179238319397,0.22443664073944092,0.08592526614665985,90.72727783024311,0
291,1.088530719280243,0.6936473846435547,0.992204487323761,0.22348864376544952,0.08579717576503754,91.0366729721427,0
292,1.0897252261638641,0.6954595446586609,0.9832509756088257,0.2234896644949913,0.08585356175899506,91.34607154130936,0
293,1.0877866744995117,0.6945199370384216,0.9850058555603027,0.22334008663892746,0.08566723018884659,91.65513151139021,0
294,1.0885159373283386,0.6949561834335327,0.9859938621520996,0.2234506830573082,0.08576587587594986,91.96440348029137,0
295,1.0870104432106018,0.6963655948638916,0.9830671548843384,0.2234191745519638,0.08576826751232147,92.28009428828955,1
296,1.0845519006252289,0.6963991522789001,0.9859800934791565,0.22339683771133423,0.08578092604875565,92.59455818682909,1
297,1.0867182314395905,0.6952917575836182,0.984520435333252,0.22351088374853134,0.08581656217575073,92.90394519269466,0
298,1.0836490392684937,0.6962313652038574,0.9827933311462402,0.2233165204524994,0.08574884384870529,93.21307630091906,0
299,1.0827572047710419,0.6952917575836182,0.9884078502655029,0.22349223494529724,0.08588209003210068,93.52250859886408,0
300,1.0847691893577576,0.6967683434486389,0.9815171957015991,0.22344501316547394,0.08584771305322647,93.83820715546608,1
301,1.0829169750213623,0.6960635781288147,0.9808970093727112,0.22387785464525223,0.08592426776885986,94.14807327836752,0
302,1.082619160413742,0.6957280039787292,0.9837578535079956,0.22374888509511948,0.08578414469957352,94.45774990320206,0
303,1.0823574662208557,0.6964662671089172,0.982981264591217,0.22339031100273132,0.08585977554321289,94.76707665622234,0
304,1.0832840502262115,0.6969696879386902,0.9816266298294067,0.22353384643793106,0.08583109825849533,95.08225913345814,1
305,1.0795087218284607,0.6968690156936646,0.9796217083930969,0.223371684551239,0.0857296735048294,95.39143749326468,0
306,1.0809496939182281,0.6960971355438232,0.987149715423584,0.22330670058727264,0.08577048778533936,95.70057046413422,0
307,1.0812540650367737,0.6964662671089172,0.981804609298706,0.2232423722743988,0.08574900776147842,96.00962853431702,0
308,1.0801615715026855,0.6969025731086731,0.9796960353851318,0.2232799381017685,0.08576906472444534,96.31873475015163,0
309,1.078598529100418,0.6969696879386902,0.9853497743606567,0.22332923859357834,0.08581212908029556,96.62794841080904,0
310,1.0771557986736298,0.6970703601837158,0.980160117149353,0.22375575453042984,0.08587342500686646,96.94410888850689,1
311,1.0781760513782501,0.6970703601837158,0.9784114360809326,0.22353369742631912,0.08570922911167145,97.25926461070776,1
312,1.0782977938652039,0.6964998245239258,0.9859168529510498,0.22316905856132507,0.08581917732954025,97.56832844018936,0
313,1.0779648423194885,0.6966676712036133,0.9781454801559448,0.22342435270547867,0.08564381301403046,97.87746165692806,0
314,1.074898213148117,0.6957951188087463,0.9814642071723938,0.22333002090454102,0.08584823459386826,98.18670378625393,0
315,1.076786607503891,0.6978086233139038,0.980332612991333,0.22342673689126968,0.08586381375789642,98.50220032781363,1
316,1.0754005908966064,0.6976408362388611,0.9778357148170471,0.22399179637432098,0.08603661507368088,98.81231374293566,0
317,1.0744712054729462,0.6952917575836182,0.9841760993003845,0.223474882543087,0.08579389750957489,99.12169500440359,0
318,1.0757390260696411,0.6987146735191345,0.975811779499054,0.22340162098407745,0.08592752367258072,99.43681113421917,1
319,1.0727950632572174,0.6978421807289124,0.9795992374420166,0.22345218807458878,0.08584845066070557,99.74616860598326,0
320,1.0741252601146698,0.6968019008636475,0.98292076587677,0.22338469326496124,0.08589575439691544,100.05550523847342,0
321,1.0724121928215027,0.6973052620887756,0.9741240739822388,0.2234632447361946,0.08583315461874008,100.36486043781042,0
322,1.0736768245697021,0.6955602169036865,0.9847874045372009,0.2238299548625946,0.08578847348690033,100.67454048246145,0
323,1.0724927484989166,0.6997214555740356,0.9745861291885376,0.22330915182828903,0.08576697111129761,100.99027795344591,1
324,1.0710086822509766,0.6972381472587585,0.9790090322494507,0.22341854870319366,0.08585173636674881,101.29961375147104,0
325,1.068516731262207,0.6971374750137329,0.9792315363883972,0.2230905443429947,0.08581701666116714,101.6085856705904,0
326,1.0702238082885742,0.6987146735191345,0.9738051295280457,0.2234465330839157,0.08581975847482681,101.91791454702616,0
327,1.070752114057541,0.6977415084838867,0.979379415512085,0.22316047549247742,0.08587081730365753,102.22700724005699,0
328,1.0690415799617767,0.6971039175987244,0.9784936308860779,0.2232855185866356,0.08573512732982635,102.53608512878418,0
329,1.0680935978889465,0.6993523240089417,0.9728400111198425,0.22329332679510117,0.08579574525356293,102.84523566812277,0
330,1.0689582526683807,0.6964998245239258,0.9809850454330444,0.22334709018468857,0.08613389730453491,103.15478871762753,0
331,1.0666961073875427,0.6976408362388611,0.9780237674713135,0.22457890957593918,0.08590669929981232,103.46547291427851,0
332,1.067200243473053,0.6981106400489807,0.9778790473937988,0.22327779978513718,0.0856691375374794,103.7745056450367,0
333,1.0642848014831543,0.6994529962539673,0.973475456237793,0.2231205850839615,0.08574721962213516,104.08343914151192,0
334,1.0661035180091858,0.6987146735191345,0.9734023809432983,0.22429704666137695,0.0859159529209137,104.39371454715729,0
335,1.0663489699363708,0.6946541666984558,0.9883677959442139,0.22511107474565506,0.08573771268129349,104.70466987043619,0
336,1.0681701302528381,0.7001912593841553,0.9684178829193115,0.22357209771871567,0.08575109392404556,105.02030147612095,1
337,1.0665857195854187,0.6974059343338013,0.9790725708007812,0.22348906099796295,0.08586578071117401,105.32971595972776,0
338,1.0652328133583069,0.6973723769187927,0.9784594774246216,0.22381706535816193,0.08582841604948044,105.63941962271929,0
339,1.063969612121582,0.6998221278190613,0.9696428775787354,0.22327563911676407,0.08564034104347229,105.9483976662159,0
340,1.0662593245506287,0.6952582001686096,0.984902024269104,0.2233404442667961,0.08568953722715378,106.2574817314744,0
341,1.0628848671913147,0.6995201110839844,0.9708220958709717,0.22322344779968262,0.08584056794643402,106.56660053133965,0
342,1.0624497830867767,0.6977079510688782,0.9758445024490356,0.22330550849437714,0.08591572940349579,106.87589883804321,0
343,1.0609491765499115,0.6982448697090149,0.975563645362854,0.2233545333147049,0.08583302050828934,107.18515152484179,0
344,1.0613884925842285,0.7002583742141724,0.9683770537376404,0.22310171276330948,0.08582114428281784,107.50065892934799,1
345,1.062218427658081,0.6963655948638916,0.9808807969093323,0.22324049472808838,0.08583211153745651,107.8097833096981,0
346,1.0616243481636047,0.6991509199142456,0.9732662439346313,0.22342022508382797,0.08583363890647888,108.11909364908934,0
347,1.0606446862220764,0.7017013430595398,0.9682886600494385,0.2235299050807953,0.08583752810955048,108.43454744666815,1
348,1.0592447817325592,0.6982784271240234,0.9790093898773193,0.2234540432691574,0.08587606251239777,108.74396844953299,0
349,1.0599214136600494,0.699251651763916,0.9702427983283997,0.22330958396196365,0.085759237408638,109.05311074852943,0
350,1.05780228972435,0.7006946206092834,0.9700157046318054,0.22367484867572784,0.08570024371147156,109.3625575825572,0
351,1.0573259592056274,0.6980099678039551,0.9798292517662048,0.22332893311977386,0.08572689443826675,109.67167414724827,0
352,1.058774322271347,0.6997550129890442,0.9665210247039795,0.22391033172607422,0.08574379235506058,109.98137796670198,0
353,1.0588124692440033,0.6998892426490784,0.9723378419876099,0.223223015666008,0.08568234741687775,110.2903350815177,0
354,1.0560711026191711,0.6989160180091858,0.9759486317634583,0.22344085574150085,0.08583089709281921,110.59965600073338,0
355,1.056728720664978,0.7000570297241211,0.9662799835205078,0.22314627468585968,0.08581626415252686,110.90866895765066,0
356,1.0576252341270447,0.6988153457641602,0.9732107520103455,0.22366013377904892,0.08575452864170074,111.21814295649529,0
357,1.055555135011673,0.7013657689094543,0.9697321057319641,0.2230510339140892,0.08579642325639725,111.5270441621542,0
358,1.0563979744911194,0.6992852091789246,0.9703642129898071,0.2236751988530159,0.0859648585319519,111.83673433214426,0
359,1.056497871875763,0.6991845369338989,0.9736073017120361,0.22331558167934418,0.08582490682601929,112.14593021571636,0
360,1.0534354150295258,0.70203697681427,0.9664902687072754,0.22329476475715637,0.08585930615663528,112.46320963650942,1
361,1.0526040494441986,0.7012650966644287,0.9667208194732666,0.2232256978750229,0.08582691848278046,112.77233466506004,0
362,1.0526904463768005,0.6986475586891174,0.9734640121459961,0.22346772998571396,0.08577806502580643,113.08163626492023,0
363,1.0529793798923492,0.7014999985694885,0.9683684706687927,0.22358085960149765,0.08577647805213928,113.3910685479641,0
364,1.0520926415920258,0.7012650966644287,0.967278242111206,0.22335565835237503,0.08581598103046417,113.70031153410673,0
365,1.050835371017456,0.6991845369338989,0.9725016951560974,0.2233177199959755,0.08577372878789902,114.00946445018053,0
366,1.0512140095233917,0.699989914894104,0.970554530620575,0.22329404950141907,0.08578133583068848,114.31860932707787,0
367,1.0510177910327911,0.7028759121894836,0.9624005556106567,0.22324707359075546,0.08576913923025131,114.63472674787045,1
368,1.0502521395683289,0.6994529962539673,0.9703351855278015,0.22341973334550858,0.0858788937330246,114.94410094618797,0
369,1.0497598946094513,0.7002919316291809,0.9707425832748413,0.2230803295969963,0.08581950515508652,115.25305973738432,0
370,1.049766093492508,0.7009630799293518,0.9664396047592163,0.22359300404787064,0.08581101149320602,115.56252335757017,0
371,1.0495817065238953,0.6983790993690491,0.9752516150474548,0.2243981882929802,0.08584657311439514,115.87288966029882,0
372,1.0485234260559082,0.7009966373443604,0.9660509824752808,0.22345060110092163,0.0856914147734642,116.18213933706284,0
373,1.048474758863449,0.7016342282295227,0.9671140313148499,0.22338690608739853,0.0858721137046814,116.49145346134901,0
374,1.0476741194725037,0.7011644244194031,0.968092679977417,0.22372723370790482,0.08580021560192108,116.80104614794254,0
375,1.0478986203670502,0.7017349004745483,0.9675852656364441,0.2233729138970375,0.08565789461135864,117.11013457924128,0
376,1.047976404428482,0.6995201110839844,0.9722597599029541,0.22337208688259125,0.08573159575462341,117.41929341107607,0
377,1.0458670258522034,0.70203697681427,0.9631921648979187,0.22342605143785477,0.08568844944238663,117.72846285253763,0
378,1.0477299988269806,0.6991509199142456,0.973452627658844,0.22328323125839233,0.08566561341285706,118.03746795654297,0
379,1.0477302074432373,0.7016006708145142,0.9674152731895447,0.2235616222023964,0.08574937283992767,118.34683822095394,0
380,1.0460378229618073,0.7031779289245605,0.9593574404716492,0.22349276393651962,0.08589330315589905,118.66230015456676,1
381,1.0450761020183563,0.6989831328392029,0.9709179401397705,0.22346199303865433,0.08579418808221817,118.97162067890167,0
382,1.045250117778778,0.7002248167991638,0.9681155681610107,0.22372083365917206,0.0858345553278923,119.28123982995749,0
383,1.0441691279411316,0.7013322114944458,0.9669864177703857,0.2235587015748024,0.0857926458120346,119.59065230935812,0
384,1.043851375579834,0.7010301947593689,0.9663846492767334,0.22340049594640732,0.08584269136190414,119.89994459599257,0
385,1.0430520176887512,0.7009630799293518,0.9649712443351746,0.22351513803005219,0.08585135638713837,120.20938163995743,0
386,1.0422324538230896,0.69905024766922,0.9722546935081482,0.22339323908090591,0.08575920015573502,120.5185945853591,0
387,1.0424906015396118,0.7023389935493469,0.9591683745384216,0.22346916049718857,0.08577723801136017,120.82789462804794,0
388,1.044029414653778,0.699989914894104,0.9697000980377197,0.22354862093925476,0.08587038516998291,121.13737110048532,0
389,1.0404286682605743,0.7001912593841553,0.9703102707862854,0.22340478748083115,0.08579977601766586,121.44663450866938,0
390,1.0409310162067413,0.7039497494697571,0.9564810395240784,0.2235565409064293,0.08572179824113846,121.76289623230696,1
391,1.0434804558753967,0.6995201110839844,0.971661388874054,0.22417058795690536,0.08588013797998428,122.0730357915163,0
392,1.0403419137001038,0.6999228000640869,0.9698567390441895,0.22342677414417267,0.08585305511951447,122.38242129981518,0
393,1.0402819216251373,0.70388263463974,0.9569129943847656,0.2234956920146942,0.08586730062961578,122.6918455734849,0
394,1.0407795906066895,0.6997214555740356,0.9689832925796509,0.2235146462917328,0.08569196611642838,123.00113651901484,0
395,1.0392460525035858,0.70146644115448,0.9647453427314758,0.22386763989925385,0.08577816188335419,123.31084005534649,0
396,1.0384219586849213,0.7027081251144409,0.9603855013847351,0.22347133606672287,0.08566862344741821,123.6200401186943,0
397,1.0383703410625458,0.7011308670043945,0.965245246887207,0.22344883531332016,0.08569268137216568,123.92923928797245,0
398,1.0387962758541107,0.701097309589386,0.9671604633331299,0.22338111698627472,0.08578099310398102,124.23847436904907,0
399,1.035599410533905,0.7030101418495178,0.9621685743331909,0.22349701821804047,0.08582056313753128,124.5478562489152,0
400,1.037219762802124,0.7011308670043945,0.9644120931625366,0.22349821031093597,0.08578712493181229,124.8572186678648,0
401,1.0382270216941833,0.7027081251144409,0.9594136476516724,0.22356101870536804,0.08579844981431961,125.16667759418488,0
402,1.0373133718967438,0.7004261612892151,0.9675381183624268,0.22343283891677856,0.08574587851762772,125.47593995928764,0
403,1.0372730195522308,0.7016677856445312,0.9616411924362183,0.22325123101472855,0.0858280137181282,125.78507371991873,0
404,1.0371426045894623,0.7018691897392273,0.9637374877929688,0.22360802441835403,0.08582185953855515,126.09456099569798,0
405,1.0348193049430847,0.7014328837394714,0.9654408693313599,0.22338106483221054,0.08587245643138885,126.40387723594904,0
406,1.0358598232269287,0.7014999985694885,0.9624124765396118,0.22340475767850876,0.08577432483434677,126.7131095007062,0
407,1.03365558385849,0.7018020153045654,0.9624578952789307,0.22347550839185715,0.08572643250226974,127.02237325906754,0
408,1.035123348236084,0.7033792734146118,0.9569856524467468,0.22330348193645477,0.0857304036617279,127.33146583288908,0
409,1.0334624350070953,0.7027081251144409,0.9592916369438171,0.22352558374404907,0.08580973744392395,127.64085765182972,0
410,1.0334684252738953,0.7001241445541382,0.9705381989479065,0.22340887784957886,0.08577039837837219,127.95009408146143,0
411,1.0346389412879944,0.7037484049797058,0.9568284153938293,0.22367656975984573,0.0858188197016716,128.25965220481157,0
412,1.0325580537319183,0.7018691897392273,0.9646555185317993,0.2238139659166336,0.08582611382007599,128.56939473748207,0
413,1.032600224018097,0.7006610631942749,0.967802882194519,0.22353730350732803,0.08585209399461746,128.87887509167194,0
414,1.0326770842075348,0.7027081251144409,0.9566291570663452,0.22323159873485565,0.08569657057523727,129.1878643333912,0
415,1.033133089542389,0.7017013430595398,0.9646756052970886,0.2232348471879959,0.08563733845949173,129.49679313600063,0
416,1.0306769013404846,0.7021376490592957,0.9625354409217834,0.2233925387263298,0.08568357676267624,129.8059263303876,0
417,1.033159464597702,0.7006275057792664,0.9656158685684204,0.22338710725307465,0.08577205240726471,130.1151413396001,0
418,1.0305410325527191,0.7040839791297913,0.9566462635993958,0.22391895949840546,0.08586902171373367,130.4316083341837,1
419,1.0324316024780273,0.7021040916442871,0.9608200192451477,0.2233908772468567,0.08564551174640656,130.74073976278305,0
420,1.029499590396881,0.7017013430595398,0.9648271799087524,0.2235332429409027,0.08576430380344391,131.050110347569,0
421,1.0307005643844604,0.7043524384498596,0.9574978351593018,0.22331289947032928,0.08581455051898956,131.3664402589202,1
422,1.029056578874588,0.7039833068847656,0.961302638053894,0.22344499826431274,0.08571846783161163,131.67565765231848,0
423,1.0268504917621613,0.7022383213043213,0.9629900455474854,0.22332622110843658,0.08570728451013565,131.9847450554371,0
424,1.03043994307518,0.7042182087898254,0.9578855037689209,0.2231559008359909,0.08573811501264572,132.29368866980076,0
425,1.0268768966197968,0.703513503074646,0.960379421710968,0.2233247458934784,0.08571778982877731,132.60279701650143,0
426,1.0282822847366333,0.7032114863395691,0.9599584341049194,0.2233867421746254,0.08585987240076065,132.91209226846695,0
427,1.027025043964386,0.7026745676994324,0.9617362022399902,0.22322411090135574,0.08579624444246292,133.22116655111313,0
428,1.0291710793972015,0.7040504217147827,0.9572005271911621,0.22355924546718597,0.08579256385564804,133.53057489544153,0
429,1.0270362496376038,0.7033792734146118,0.9576447606086731,0.22344396263360977,0.08579664677381516,133.83987241238356,0
430,1.0256744921207428,0.7026074528694153,0.9591267108917236,0.22328463941812515,0.08577433973550797,134.14898758381605,0
431,1.0256835520267487,0.7031779289245605,0.9593353867530823,0.2238016203045845,0.08574496954679489,134.4586028829217,0
432,1.0256554782390594,0.7041175365447998,0.9557700753211975,0.2237887904047966,0.08582265675067902,134.76826549321413,0
433,1.02423757314682,0.7030436992645264,0.9591957926750183,0.22346872836351395,0.08577177673578262,135.07756402343512,0
434,1.0251497030258179,0.7028759121894836,0.958118200302124,0.22334375977516174,0.08575331419706345,135.38671875,0
435,1.0242872536182404,0.7029094696044922,0.959300696849823,0.22349917888641357,0.08575182408094406,135.69604531675577,0
436,1.0253481566905975,0.70388263463974,0.9562914371490479,0.22390558570623398,0.08571720123291016,136.00574485212564,0
437,1.0252617001533508,0.7010301947593689,0.9666330814361572,0.22364366054534912,0.08566932380199432,136.31518115848303,0
438,1.024187594652176,0.7057619094848633,0.9530205726623535,0.22336354106664658,0.08574103564023972,136.63007639348507,1
439,1.0235199332237244,0.7018691897392273,0.9676200151443481,0.2233145385980606,0.08589714020490646,136.93935590982437,0
440,1.0251240134239197,0.7041175365447998,0.956652820110321,0.22325973212718964,0.08575700968503952,137.2484687641263,0
441,1.025520384311676,0.7027081251144409,0.959351658821106,0.22325469553470612,0.0858808308839798,137.55766685307026,0
442,1.0226343274116516,0.703513503074646,0.9599223732948303,0.22335390746593475,0.08571191132068634,137.86679261177778,0
443,1.0219400823116302,0.7043188810348511,0.9568467736244202,0.22376732528209686,0.08578711748123169,138.1764094904065,0
444,1.0225492119789124,0.7023054361343384,0.960126519203186,0.2234073430299759,0.08583071082830429,138.48575756698847,0
445,1.02183797955513,0.7027416825294495,0.9611284732818604,0.22320547699928284,0.08583251386880875,138.79486217349768,0
446,1.0211560428142548,0.7053927779197693,0.951570451259613,0.2233472615480423,0.0858280286192894,139.1040900349617,0
447,1.0213525593280792,0.7032114863395691,0.9587789177894592,0.22327519208192825,0.08585961908102036,139.41328605264425,0
448,1.0215838849544525,0.7046209573745728,0.9542208909988403,0.22332186996936798,0.08567929267883301,139.72234443575144,0
449,1.0208801329135895,0.7022383213043213,0.9627959132194519,0.22325358539819717,0.08588085323572159,140.03153332322836,0
450,1.0207231640815735,0.7043859958648682,0.9544539451599121,0.22378699481487274,0.08590418845415115,140.34129691123962,0
451,1.019649088382721,0.7035470604896545,0.9601293802261353,0.2235533371567726,0.0858437716960907,140.65080192685127,0
452,1.0189363062381744,0.7042853236198425,0.9586179256439209,0.2236655130982399,0.08578744530677795,140.96037244796753,0
453,1.0211237072944641,0.7041175365447998,0.9553810954093933,0.22380373626947403,0.08592051267623901,141.27020014077425,0
454,1.0182432532310486,0.7021040916442871,0.9615787863731384,0.22369053214788437,0.08592596650123596,141.57994236797094,0
455,1.0186458230018616,0.7043188810348511,0.9570403099060059,0.22359146177768707,0.08579113334417343,141.8894355967641,0
456,1.0182176530361176,0.7055941224098206,0.9547727108001709,0.22348586469888687,0.08579250425100327,142.19879137724638,0
457,1.0185287594795227,0.703513503074646,0.9620153307914734,0.22376259416341782,0.08582508563995361,142.5084529519081,0
458,1.017979085445404,0.7043859958648682,0.9548307657241821,0.22353942692279816,0.085880808532238,142.818003565073,0
459,1.0186034440994263,0.7029094696044922,0.9604194164276123,0.22332331538200378,0.08577127009630203,143.12718289345503,0
460,1.018887221813202,0.7048894166946411,0.9538722634315491,0.22407443821430206,0.08581823855638504,143.43718344718218,0
461,1.016738623380661,0.7048558592796326,0.9540286064147949,0.22392772883176804,0.08594407141208649,143.74716783314943,0
462,1.015643060207367,0.7017684578895569,0.9695485830307007,0.22353403270244598,0.08584155142307281,144.05666580796242,0
463,1.019371122121811,0.7067686319351196,0.951450526714325,0.2234848290681839,0.08578509092330933,144.3719723969698,1
464,1.0185701549053192,0.7013322114944458,0.9709160923957825,0.22335004806518555,0.08571799844503403,144.68113612383604,0
465,1.0177056193351746,0.7056276798248291,0.9516953825950623,0.22410758584737778,0.0858149304986,144.99116755276918,0
466,1.0165260136127472,0.7043188810348511,0.9555836319923401,0.22351861000061035,0.08590599149465561,145.30070284754038,0
467,1.0153032839298248,0.7032114863395691,0.9598081111907959,0.22341129183769226,0.08569363504648209,145.60987666994333,0
468,1.0161106586456299,0.7054263353347778,0.9516989588737488,0.22339710593223572,0.08579050004482269,145.91912756860256,0
469,1.0158600211143494,0.7024732232093811,0.9597049951553345,0.22344325482845306,0.08583678305149078,146.22847629338503,0
470,1.0136638581752777,0.7040504217147827,0.9578092098236084,0.22351189702749252,0.08588089048862457,146.53793853521347,0
471,1.014973372220993,0.7063323855400085,0.9492014646530151,0.2234925702214241,0.08577394485473633,146.84727229177952,0
472,1.0136560797691345,0.7032450437545776,0.9596157670021057,0.22347403317689896,0.08577223122119904,147.15657759457827,0
473,1.0118557810783386,0.7045538425445557,0.9557322263717651,0.2236514836549759,0.0858546644449234,147.46613851189613,0
474,1.011769562959671,0.7047887444496155,0.954562246799469,0.2232625111937523,0.08572756499052048,147.7751846164465,0
475,1.01010200381279,0.7044531106948853,0.9530250430107117,0.22332465648651123,0.08572951704263687,148.08428993076086,0
476,1.0124822556972504,0.7043859958648682,0.9558852910995483,0.22392845153808594,0.08576270192861557,148.39405027031898,0
477,1.0121204257011414,0.7031779289245605,0.9580211639404297,0.22354722768068314,0.08575758337974548,148.70344176888466,0
478,1.012462705373764,0.7071042656898499,0.9474855661392212,0.22333475202322006,0.08577590435743332,149.01811710745096,1
479,1.0127333402633667,0.7025403380393982,0.9638293385505676,0.22329851984977722,0.08576210588216782,149.32723493874073,0
480,1.0109571814537048,0.7051243185997009,0.9520437121391296,0.2235962077975273,0.08581210672855377,149.636699706316,0
481,1.0102644860744476,0.7067350745201111,0.9519243836402893,0.2233087196946144,0.08584803342819214,149.94591131061316,0
482,1.0101110935211182,0.7038155198097229,0.9572899341583252,0.22343402355909348,0.08585647493600845,150.25525897741318,0
483,1.0118015110492706,0.7052249908447266,0.9516342878341675,0.22352544963359833,0.08569256216287613,150.56453302502632,0
484,1.0112692713737488,0.7060303688049316,0.953542947769165,0.2233453392982483,0.08595103770494461,150.87388770282269,0
485,1.0104629695415497,0.7030101418495178,0.9574280381202698,0.22342297434806824,0.08579568564891815,151.18316742777824,0
486,1.0116313099861145,0.7044195532798767,0.9530168771743774,0.22363654524087906,0.08586204797029495,151.49272072315216,0
487,1.007279872894287,0.7039833068847656,0.956407368183136,0.2238328605890274,0.08594966679811478,151.802622936666,0
488,1.0095714926719666,0.7061645984649658,0.9492564797401428,0.22400587052106857,0.08577451854944229,152.11253079771996,0
489,1.0088768005371094,0.7034463882446289,0.9576155543327332,0.2237231358885765,0.08586183190345764,152.42217568308115,0
490,1.0086086690425873,0.7053927779197693,0.9528493285179138,0.22422444820404053,0.08582313358783722,152.73227935284376,0
491,1.008031278848648,0.7049565315246582,0.953359067440033,0.2234601378440857,0.0857192873954773,153.04151859879494,0
492,1.0076219141483307,0.7042182087898254,0.9561828970909119,0.22349973022937775,0.08576015383005142,153.3508389815688,0
493,1.009031504392624,0.7063323855400085,0.9519814848899841,0.22363921999931335,0.08618208765983582,153.66072227805853,0
494,1.007137805223465,0.7045538425445557,0.9533564448356628,0.22415528446435928,0.08597378432750702,153.97099209576845,0
495,1.008809208869934,0.7058290243148804,0.9506113529205322,0.2235511988401413,0.0857403576374054,154.2803643271327,0
496,1.0076713562011719,0.7036812901496887,0.9600560665130615,0.22351261973381042,0.08588818460702896,154.58982624858618,0
497,1.0066084563732147,0.704251766204834,0.9546242356300354,0.223548024892807,0.08569234609603882,154.89917923510075,0
498,1.0079599022865295,0.7067015171051025,0.9459654688835144,0.22341959178447723,0.08590400964021683,155.208567135036,0
499,1.0079264640808105,0.7029430270195007,0.9606723785400391,0.2235598936676979,0.08577229082584381,155.51795912533998,0
500,1.0064089596271515,0.7056612372398376,0.9506740570068359,0.22340655326843262,0.08578308671712875,155.82721815258265,0
501,1.0047778338193893,0.7049565315246582,0.9493403434753418,0.22355034947395325,0.0857747346162796,156.13663294911385,0
502,1.0058206170797348,0.704822301864624,0.9564984440803528,0.22379062324762344,0.08590339124202728,156.4464103654027,0
503,1.006695806980133,0.7054934501647949,0.9530302882194519,0.22353864461183548,0.08589831739664078,156.75590968877077,0
504,1.0043736398220062,0.7061981558799744,0.9489064812660217,0.22378217428922653,0.08586930483579636,157.0656233355403,0
505,1.004440575838089,0.7066344022750854,0.9495708346366882,0.2235550358891487,0.08572553098201752,157.37501771748066,0
506,1.0028430074453354,0.7051243185997009,0.9571367502212524,0.22348155826330185,0.08578021079301834,157.68435519188643,0
507,1.0057037472724915,0.7049900889396667,0.9532777070999146,0.2233484759926796,0.08582368493080139,157.99363216757774,0
508,1.004095733165741,0.7065001726150513,0.9481412172317505,0.22355523705482483,0.0859251320362091,158.303188405931,0
509,1.0034862160682678,0.7050572037696838,0.9564828872680664,0.22347144782543182,0.08584193140268326,158.61262091994286,0
510,1.0047137439250946,0.7046209573745728,0.9530504941940308,0.2236890122294426,0.08584689348936081,158.92226873338223,0
511,1.0022542476654053,0.7071713805198669,0.9488993287086487,0.2235613390803337,0.08574315160512924,159.23827578127384,1
512,1.002207636833191,0.7036812901496887,0.9601055979728699,0.22341544181108475,0.0858548954129219,159.54763136804104,0
513,1.0024392008781433,0.7067350745201111,0.9495022296905518,0.2234358787536621,0.08583182096481323,159.85698030889034,0
514,1.0015975087881088,0.7048558592796326,0.9546647667884827,0.2236727625131607,0.08587183803319931,160.16666947305202,0
515,1.003569856286049,0.7079096436500549,0.946977436542511,0.22326063364744186,0.08581726253032684,160.48180665820837,1
516,1.002909004688263,0.7031779289245605,0.9600030779838562,0.22343621402978897,0.08581531047821045,160.79112423211336,0
517,1.0029726177453995,0.705929696559906,0.9495835900306702,0.22329015284776688,0.08590297400951385,161.1003967821598,0
518,1.0004509538412094,0.707607626914978,0.9476000666618347,0.22344431281089783,0.08577780425548553,161.40970422327518,0
519,1.0027428418397903,0.7022383213043213,0.966277003288269,0.22331015020608902,0.08586772531270981,161.71894735097885,0
520,1.0015228688716888,0.707976758480072,0.9433872699737549,0.22333500534296036,0.08584050089120865,162.03551452606916,1
521,1.0028239488601685,0.7056612372398376,0.9539076089859009,0.22388304769992828,0.08581411838531494,162.34530386328697,0
522,1.0008020848035812,0.7024396657943726,0.9623646140098572,0.22360774874687195,0.08563975244760513,162.65469228476286,0
523,0.9995808005332947,0.7072720527648926,0.9422953724861145,0.22341950982809067,0.08580970019102097,162.96398099511862,0
524,1.001402571797371,0.7030772566795349,0.9623807668685913,0.2233700454235077,0.08576034009456635,163.27317882329226,0
525,1.0018838196992874,0.7077082991600037,0.9472211599349976,0.22338902205228806,0.08580094575881958,163.58242416381836,0
526,1.000417783856392,0.7055941224098206,0.9505634903907776,0.22336111217737198,0.08579842001199722,163.89164939522743,0
527,0.9996407628059387,0.7059968113899231,0.9519994258880615,0.22346321493387222,0.08586946129798889,164.20104464888573,0
528,0.9999066740274429,0.7074733972549438,0.948503851890564,0.22400473803281784,0.08572103083133698,164.51082698255777,0
529,1.001070275902748,0.7030772566795349,0.9619011282920837,0.22458886355161667,0.08585131168365479,164.82132701575756,0
530,0.9993322789669037,0.7086143493652344,0.9440342783927917,0.22340433299541473,0.08606161922216415,165.13779351115227,1
531,1.0009844154119492,0.7064666152000427,0.9484123587608337,0.22383145987987518,0.0857561007142067,165.44748264551163,0
532,0.99800144135952,0.7014328837394714,0.9654850959777832,0.22385046631097794,0.08581200242042542,165.75720753520727,0
533,0.9987921118736267,0.7080438733100891,0.944371223449707,0.22330009192228317,0.08584504574537277,166.066420070827,0
534,0.9995005577802658,0.7054263353347778,0.9494532346725464,0.2235838919878006,0.085855633020401,166.37592139840126,0
535,0.9988981485366821,0.7037484049797058,0.9578868746757507,0.22321409732103348,0.08567111194133759,166.68486823886633,0
536,0.9980063587427139,0.7085136771202087,0.9474878907203674,0.22322441637516022,0.08574365824460983,166.993902400136,0
537,0.9972653090953827,0.705191433429718,0.9528072476387024,0.22345991432666779,0.0857393890619278,167.30316050350666,0
538,0.9979594945907593,0.7061310410499573,0.9499387145042419,0.22328047454357147,0.08582262694835663,167.61234207451344,0
539,0.9974777400493622,0.705929696559906,0.9534991979598999,0.22338170558214188,0.08582191914319992,167.92162858694792,0
540,0.9964313954114914,0.7068693041801453,0.9515374898910522,0.22376542538404465,0.08590870350599289,168.23138023912907,0
541,0.994207575917244,0.7078425288200378,0.9462595582008362,0.2231898084282875,0.0857694074511528,168.54041435569525,0
542,0.9952249675989151,0.7054263353347778,0.9545993804931641,0.22335469722747803,0.08586720377206802,168.84969472885132,0
543,0.9948789030313492,0.7068357467651367,0.950957179069519,0.22344046086072922,0.08585527539253235,169.1590639576316,0
544,0.995160847902298,0.7073727250099182,0.945328414440155,0.22390616685152054,0.08576498180627823,169.46879910677671,0
545,0.994290217757225,0.7046209573745728,0.9547326564788818,0.22317291051149368,0.0856981948018074,169.7777369990945,0
546,0.9962550103664398,0.706667959690094,0.9513642191886902,0.22366704046726227,0.08579908311367035,170.087261416018,0
547,0.9956755340099335,0.7087821364402771,0.9424099326133728,0.22337301820516586,0.08573084324598312,170.4026463702321,1
548,0.9930056035518646,0.7043859958648682,0.9545714855194092,0.2232942134141922,0.08581434935331345,170.7118138745427,0
549,0.9940687417984009,0.7062652707099915,0.9522910714149475,0.22317654639482498,0.08573887497186661,171.02078445255756,0
550,0.9937808215618134,0.7087821364402771,0.9436179399490356,0.223414346575737,0.08572857826948166,171.32998939603567,0
551,0.9916485846042633,0.7055270075798035,0.9490795135498047,0.2233036309480667,0.0859338566660881,171.6392882913351,0
552,0.9940256029367447,0.7059632539749146,0.9499311447143555,0.2241075113415718,0.08573399484157562,171.94924529641867,0
553,0.992573469877243,0.7058961391448975,0.9512284398078918,0.22315970063209534,0.08573251217603683,172.25819471478462,0
554,0.9916544705629349,0.7071042656898499,0.9465947151184082,0.2238842397928238,0.08580855280160904,172.56794379651546,0
555,0.9928749799728394,0.7050236463546753,0.9558703303337097,0.22372830659151077,0.08579592406749725,172.8775513768196,0
556,0.9929917752742767,0.707607626914978,0.9464573264122009,0.2234317511320114,0.08585528284311295,173.18694350868464,0
557,0.9918917715549469,0.7073391675949097,0.9479789137840271,0.223285511136055,0.08574030548334122,173.496041983366,0
558,0.992884024977684,0.7056276798248291,0.9515547752380371,0.22322624176740646,0.08589049428701401,173.80521701276302,0
559,0.9916707128286362,0.7078089714050293,0.947609007358551,0.22321706265211105,0.08580370992422104,174.11429572850466,0
560,0.9917521774768829,0.7069028615951538,0.9492773413658142,0.22352661937475204,0.08581307530403137,174.4236936941743,0
561,0.9892488569021225,0.7058625817298889,0.9493704438209534,0.22321605682373047,0.08570808172225952,174.73267367482185,0
562,0.9906604886054993,0.7089163661003113,0.9466333985328674,0.22326210141181946,0.08585190773010254,175.04898811131716,1
563,0.98941271007061,0.7046880722045898,0.9553532004356384,0.22338289767503738,0.08577126264572144,175.35820084810257,0
564,0.9902832061052322,0.7071378231048584,0.9454129338264465,0.22314786911010742,0.08580776304006577,175.6672115623951,0
565,0.9896124303340912,0.7086479067802429,0.9466228485107422,0.22336535900831223,0.08571495115756989,175.97635164111853,0
566,0.99083511531353,0.7045202851295471,0.9596526026725769,0.22314751148223877,0.085765041410923,176.28532137721777,0
567,0.9907564967870712,0.7087821364402771,0.939375102519989,0.22342395037412643,0.0856691375374794,176.59447170048952,0
568,0.9908626079559326,0.7046880722045898,0.9549322724342346,0.22328480333089828,0.08577261865139008,176.90359815955162,0
569,0.9895028471946716,0.7063659429550171,0.9498513340950012,0.2232101783156395,0.08573046326637268,177.21259550005198,0
570,0.9910333007574081,0.7085472345352173,0.9420304298400879,0.22331640869379044,0.08585870265960693,177.52182839810848,0
571,0.9906742870807648,0.7056612372398376,0.9519005417823792,0.22306723147630692,0.0857158899307251,177.83066610246897,0
572,0.9896416813135147,0.7068357467651367,0.9467127919197083,0.22329240292310715,0.08580043166875839,178.1398180127144,0
573,0.9857586622238159,0.7084801197052002,0.9431341290473938,0.2235715538263321,0.08606574684381485,178.44952150434256,0
574,0.9875105172395706,0.705560564994812,0.9534820914268494,0.22355596721172333,0.08571910858154297,178.75893519073725,0
575,0.9880312532186508,0.7089499235153198,0.944014847278595,0.22323673218488693,0.08579138666391373,179.0772892087698,1
576,0.9869548678398132,0.7051243185997009,0.9530873894691467,0.22338883578777313,0.08567085862159729,179.38642115145922,0
577,0.9879866689443588,0.7068693041801453,0.9465384483337402,0.22321467846632004,0.08576630055904388,179.69547986984253,0
578,0.9869779348373413,0.707238495349884,0.9459822177886963,0.22324155271053314,0.08576400578022003,180.00455234199762,0
579,0.987376794219017,0.7053592205047607,0.9530687928199768,0.22328676283359528,0.08579595386981964,180.31369493156672,0
580,0.9873620122671127,0.7088492512702942,0.9441276788711548,0.2232065200805664,0.08573821932077408,180.62269637733698,0
581,0.987664058804512,0.7078760862350464,0.9482517838478088,0.2231426015496254,0.08570116758346558,180.93159686774015,0
582,0.9857145398855209,0.7072720527648926,0.9468622803688049,0.22323162108659744,0.08586602658033371,181.2407498806715,0
583,0.9845852255821228,0.7065337300300598,0.9496690034866333,0.2233283519744873,0.08577830344438553,181.54991196095943,0
584,0.9845776855945587,0.7086143493652344,0.9453561305999756,0.22325971722602844,0.08579327166080475,181.85903634876013,0
585,0.9849727898836136,0.7068693041801453,0.9461014866828918,0.2232743799686432,0.0857551097869873,182.1681236475706,0
586,0.9879525452852249,0.7072720527648926,0.9457547068595886,0.2232999950647354,0.08585675805807114,182.4773369729519,0
587,0.9853891432285309,0.7082116603851318,0.9438688158988953,0.2233813852071762,0.08593375235795975,182.78670898079872,0
588,0.9836435765028,0.7066008448600769,0.9493175148963928,0.22331559658050537,0.08585528284311295,183.09594663977623,0
589,0.9855320602655411,0.707238495349884,0.9473937749862671,0.22374320775270462,0.08584871888160706,183.40561167895794,0
590,0.9836014956235886,0.7069028615951538,0.946811854839325,0.22340001910924911,0.08580906689167023,183.71490531414747,0
591,0.9839221686124802,0.7104600667953491,0.9435349702835083,0.2241779863834381,0.08582103252410889,184.03216864913702,1
592,0.9858945906162262,0.7059632539749146,0.9554041624069214,0.22358658909797668,0.08580511808395386,184.34164690226316,0
593,0.984138548374176,0.709956705570221,0.9375118017196655,0.22396652400493622,0.08598293364048004,184.65166414529085,0
594,0.9835383296012878,0.7067686319351196,0.9520126581192017,0.22357988357543945,0.0857267752289772,184.96110401302576,0
595,0.9836887270212173,0.7060303688049316,0.9520902633666992,0.2234610766172409,0.085845448076725,185.2704869285226,0
596,0.9843646734952927,0.7088828086853027,0.938518762588501,0.22358980774879456,0.08582139760255814,185.57996582239866,0
597,0.9827737808227539,0.7074062824249268,0.9483437538146973,0.22333557158708572,0.08573164790868759,185.8891051262617,0
598,0.9830279648303986,0.7080438733100891,0.9466816186904907,0.22340715676546097,0.08568776398897171,186.19826048612595,0
599,0.9827286899089813,0.7076747417449951,0.9457902312278748,0.22353973239660263,0.08569934219121933,186.50755143910646,0
600,0.9823494851589203,0.7070706486701965,0.9474462866783142,0.22340750694274902,0.08574305474758148,186.81675649434328,0
601,0.9827062040567398,0.7084801197052002,0.9440191388130188,0.22371109575033188,0.08614173531532288,187.12667145580053,0
602,0.9830295741558075,0.7059632539749146,0.9475703239440918,0.22395065426826477,0.08570962399244308,187.43648609519005,0
603,0.9814620912075043,0.7073391675949097,0.9449690580368042,0.22355234622955322,0.08572238683700562,187.74584284424782,0
604,0.9823292642831802,0.709084153175354,0.9418812990188599,0.22350800782442093,0.08582239598035812,188.05524043738842,0
605,0.9820507317781448,0.7058961391448975,0.9505230784416199,0.22330765426158905,0.08574254810810089,188.3643717393279,0
606,0.9820523709058762,0.7092854976654053,0.9469263553619385,0.22368216514587402,0.08581418544054031,188.6739324182272,0
607,0.9811124950647354,0.7063323855400085,0.9467532634735107,0.22416507452726364,0.08582165092229843,188.98401273041964,0
608,0.9822049587965012,0.7090505957603455,0.9416471719741821,0.22341462969779968,0.08575337380170822,189.2932722941041,0
609,0.9828449636697769,0.7047887444496155,0.9590285420417786,0.22344177216291428,0.08571819961071014,189.60248854011297,0
610,0.9821250885725021,0.7102922797203064,0.9354252219200134,0.22335008531808853,0.08568678051233292,189.91158401221037,0
611,0.9813685864210129,0.7076747417449951,0.9415146112442017,0.22357133030891418,0.08585356175899506,190.2210687547922,0
612,0.9785314053297043,0.7066344022750854,0.9575658440589905,0.2234516367316246,0.08584243804216385,190.53042420744896,0
613,0.9799582213163376,0.710762083530426,0.9397640824317932,0.22350864857435226,0.08570776879787445,190.84697268903255,1
614,0.9813675880432129,0.707976758480072,0.9432679414749146,0.22336560487747192,0.08570925146341324,191.15611266344786,0
615,0.9799658060073853,0.7090505957603455,0.9463671445846558,0.22363557666540146,0.08580951392650604,191.46561413258314,0
616,0.9796577841043472,0.7066344022750854,0.9501060247421265,0.2237159013748169,0.08585305511951447,191.77527372539043,0
617,0.9808130711317062,0.7107285261154175,0.9369060397148132,0.22352644801139832,0.08573615550994873,192.08460310846567,0
618,0.9799119681119919,0.7068693041801453,0.9527798891067505,0.2234039455652237,0.08581043779850006,192.3938781172037,0
619,0.9785297513008118,0.7091177105903625,0.9408279061317444,0.2236011102795601,0.08582969009876251,192.7033666446805,0
620,0.9784207791090012,0.709956705570221,0.9403606653213501,0.22337311506271362,0.08589281141757965,193.01268853992224,0
621,0.9791891276836395,0.7046545147895813,0.9561528563499451,0.22344470024108887,0.08571701496839523,193.3219509869814,0
622,0.9804413914680481,0.7104600667953491,0.9384438991546631,0.22340235114097595,0.08578332513570786,193.63119450956583,0
623,0.9802083671092987,0.707607626914978,0.9527336359024048,0.22340764850378036,0.0858214944601059,193.9404914304614,0
624,0.9782320410013199,0.709453284740448,0.9425721764564514,0.22339236736297607,0.08580796420574188,194.24975050240755,0
625,0.9780042916536331,0.7088492512702942,0.9401649832725525,0.22348862141370773,0.08576376736164093,194.55906377732754,0
626,0.9781723916530609,0.7091848254203796,0.9453700184822083,0.22356799989938736,0.0858365148305893,194.8685273528099,0
627,0.9787049442529678,0.7071713805198669,0.949777364730835,0.22341178357601166,0.08578766882419586,195.1777943968773,0
628,0.9760308712720871,0.7094197273254395,0.9415677189826965,0.2235359326004982,0.08582883328199387,195.4872234389186,0
629,0.9769053906202316,0.7071713805198669,0.9496951699256897,0.2238645851612091,0.0858876034617424,195.79703355580568,0
630,0.97770094871521,0.7095875144004822,0.9449033141136169,0.22397901862859726,0.0858207494020462,196.10696900635958,0
631,0.9767376035451889,0.7063659429550171,0.9506993889808655,0.22335266321897507,0.08582549542188644,196.4162606075406,0
632,0.977651447057724,0.7109634280204773,0.9370940327644348,0.22337311506271362,0.08577799052000046,196.73091964423656,1
633,0.9762350767850876,0.7087485790252686,0.9450774788856506,0.22388498485088348,0.0858566015958786,197.0407207161188,0
634,0.9757032096385956,0.707037091255188,0.9516941905021667,0.22345928847789764,0.085996113717556,197.3502807766199,0
635,0.9765118211507797,0.7107956409454346,0.9362146854400635,0.22327382862567902,0.0857054814696312,197.65932764858007,0
636,0.9756839275360107,0.7076411843299866,0.9474074840545654,0.22326410561800003,0.08569486439228058,197.9683410525322,0
637,0.9759412258863449,0.707238495349884,0.9516868591308594,0.22348448634147644,0.0857148990035057,198.27762360870838,0
638,0.9738205075263977,0.7101580500602722,0.9370153546333313,0.22329044342041016,0.08573856204748154,198.58672507107258,0
639,0.97584268450737,0.7062317132949829,0.951687753200531,0.22312650829553604,0.0858200341463089,198.89572824537754,0
640,0.9759789258241653,0.7093861699104309,0.9434767365455627,0.22320456057786942,0.08575388044118881,199.2047551125288,0
641,0.9748517125844955,0.7095203995704651,0.9394504427909851,0.22320112586021423,0.08578202873468399,199.51381188631058,0
642,0.975509375333786,0.7057954668998718,0.9524447321891785,0.2235007956624031,0.08572662621736526,199.82309146225452,0
643,0.9755019098520279,0.7093190550804138,0.9429318904876709,0.22323165833950043,0.08583129197359085,200.132210791111,0
644,0.9742835313081741,0.7058961391448975,0.9517674446105957,0.22315219789743423,0.0857732743024826,200.44119077920914,0
645,0.9752173125743866,0.7113996744155884,0.9368728399276733,0.22321078181266785,0.08577882498502731,200.75768640637398,1
646,0.9753472656011581,0.7066344022750854,0.951259970664978,0.2236914038658142,0.08573105186223984,201.067166775465,0
647,0.9728744477033615,0.7075069546699524,0.9470221996307373,0.22335168719291687,0.08578991889953613,201.37640292942524,0
648,0.9743523448705673,0.710762083530426,0.9378386735916138,0.22333300113677979,0.08587461709976196,201.6856770068407,0
649,0.972101628780365,0.7053592205047607,0.9537487030029297,0.22328484803438187,0.08571073412895203,201.99474058300257,0
650,0.9737323373556137,0.70871502161026,0.9450863003730774,0.22327431291341782,0.08584943413734436,202.30392108857632,0
651,0.972793310880661,0.7098560333251953,0.9405677318572998,0.22333621978759766,0.08579955250024796,202.6131152138114,0
652,0.9723300635814667,0.7071378231048584,0.9447805881500244,0.22322948276996613,0.0857069343328476,202.92210748046637,0
653,0.9725316315889359,0.7090505957603455,0.9432526230812073,0.2232896238565445,0.0858444795012474,203.23129633814096,0
654,0.9733754843473434,0.7082116603851318,0.9453331232070923,0.22320300340652466,0.08584778010845184,203.54043213278055,0
655,0.9711513519287109,0.709084153175354,0.9439887404441833,0.2233562022447586,0.08583086729049683,203.84967326372862,0
656,0.971866250038147,0.7084801197052002,0.9414792060852051,0.22327128797769547,0.08573725074529648,204.15874239057302,0
657,0.9710212498903275,0.7083123326301575,0.9448843002319336,0.22333472967147827,0.08578827232122421,204.46792878210545,0
658,0.9716313183307648,0.7102251648902893,0.9407550096511841,0.22307245433330536,0.08576654642820358,204.776822142303,0
659,0.972185805439949,0.7088492512702942,0.9433689713478088,0.2232714667916298,0.0857640728354454,205.08591409027576,0
660,0.9717752933502197,0.7075069546699524,0.947226345539093,0.22343005239963531,0.08589214831590652,205.39529086649418,0
661,0.972540020942688,0.7102251648902893,0.9427528381347656,0.2233809307217598,0.08581681549549103,205.7045452967286,0
662,0.9712932407855988,0.7085136771202087,0.9431851506233215,0.22327826917171478,0.0858217254281044,206.01370250433683,0
663,0.9706993401050568,0.7085136771202087,0.9427704215049744,0.22314642369747162,0.08570350706577301,206.32261074334383,0
664,0.9714431017637253,0.7092183828353882,0.9427843689918518,0.22353819012641907,0.08611934632062912,206.63232665508986,0
665,0.9713251143693924,0.7107285261154175,0.9395411610603333,0.22429270297288895,0.08581073582172394,206.94257950782776,0
666,0.9704133570194244,0.7064330577850342,0.947518527507782,0.22372063249349594,0.08580747246742249,207.25220722705126,0
667,0.970829501748085,0.7099902629852295,0.9407932758331299,0.22366423904895782,0.08583298325538635,207.56178335100412,0
668,0.9693496078252792,0.7105607390403748,0.9410830140113831,0.2235453575849533,0.08575426787137985,207.8711426332593,0
669,0.9694588780403137,0.7068357467651367,0.9444535970687866,0.22367381304502487,0.08583497256040573,208.1807360574603,0
670,0.9702723175287247,0.7105271816253662,0.9383898377418518,0.22384996712207794,0.08583689481019974,208.49051558226347,0
671,0.971008688211441,0.7062652707099915,0.9527761936187744,0.22380445152521133,0.08590909838676453,208.80031156539917,0
672,0.9697161763906479,0.7106614112854004,0.9372088313102722,0.22362405061721802,0.08575038611888885,209.10976840555668,0
673,0.9694358259439468,0.7060303688049316,0.9540692567825317,0.22368353605270386,0.08579207211732864,209.4193262681365,0
674,0.9699936360120773,0.7114332318305969,0.9390400052070618,0.22347301989793777,0.08576726168394089,209.73648020625114,1
675,0.9701197296380997,0.7080774307250977,0.9421631693840027,0.22345001995563507,0.08566517382860184,210.04566796123981,0
676,0.9683636128902435,0.707976758480072,0.9480002522468567,0.22372715175151825,0.08577442169189453,210.35523369163275,0
677,0.9693012535572052,0.7106614112854004,0.9372386932373047,0.22355111688375473,0.08576703816652298,210.66465076059103,0
678,0.9680730551481247,0.7084130048751831,0.9418779015541077,0.22349417954683304,0.08584267646074295,210.97406385093927,0
679,0.9695931077003479,0.7091177105903625,0.946957528591156,0.22336681932210922,0.08582783490419388,211.2833351790905,0
680,0.9698721319437027,0.7078089714050293,0.9452557563781738,0.22344788908958435,0.08571738004684448,211.59256540238857,0
681,0.9682028591632843,0.7107956409454346,0.9358540773391724,0.22348077595233917,0.08579182624816895,211.9018991291523,0
682,0.9692045003175735,0.7084130048751831,0.948893666267395,0.22334924340248108,0.08574170619249344,212.2110480889678,0
683,0.9694778174161911,0.7084130048751831,0.9438477158546448,0.22327454388141632,0.08575884997844696,212.52014204859734,0
684,0.9684268832206726,0.7125406861305237,0.9314003586769104,0.2298278883099556,0.08575015515089035,212.84217873960733,1
685,0.9678101539611816,0.7054598927497864,0.9582366347312927,0.2234138697385788,0.08586737513542175,213.1515168622136,0
686,0.9671977460384369,0.7098560333251953,0.9417924284934998,0.2235316038131714,0.08580663800239563,213.46092378348112,0
687,0.9670925438404083,0.7116681337356567,0.9359561204910278,0.22406542301177979,0.08589263260364532,213.77095767855644,0
688,0.9669069349765778,0.7074062824249268,0.9502689242362976,0.22358066588640213,0.08572684228420258,214.08034466207027,0
689,0.9665467739105225,0.7095539569854736,0.9407185316085815,0.2236780971288681,0.08580568432807922,214.389894656837,0
690,0.9679631292819977,0.7092519402503967,0.9418390989303589,0.2233916074037552,0.08580894768238068,214.699159540236,0
691,0.964876115322113,0.7118023633956909,0.9384040236473083,0.22330645471811295,0.08581949770450592,215.00835821032524,0
692,0.9661931246519089,0.7085136771202087,0.944894552230835,0.22352009266614914,0.08583924919366837,215.31779315322638,0
693,0.9667876064777374,0.7091177105903625,0.9444788098335266,0.2235890030860901,0.08584551513195038,215.62730231136084,0
694,0.9654451459646225,0.7126749157905579,0.93772953748703,0.22369948029518127,0.0859019011259079,215.94412487745285,1
695,0.9666671603918076,0.7071042656898499,0.9519029259681702,0.22328434139490128,0.085722416639328,216.25320866703987,0
696,0.9665457904338837,0.7127084732055664,0.9351943135261536,0.22348594665527344,0.08580939471721649,216.56970455497503,1
697,0.9650291055440903,0.7096546292304993,0.9401781558990479,0.22336449474096298,0.0857008844614029,216.8788401708007,0
698,0.9653709232807159,0.7092519402503967,0.9437883496284485,0.22353021800518036,0.0858670249581337,217.188293017447,0
699,0.9644480645656586,0.7092519402503967,0.9408255219459534,0.2233365774154663,0.0857577994465828,217.4974618330598,0
700,0.9663527011871338,0.710392951965332,0.9375168085098267,0.2235492765903473,0.085812047123909,217.80688256770372,0
701,0.9636340737342834,0.7088828086853027,0.944619357585907,0.22379756718873978,0.08595521003007889,218.11669943481684,0
702,0.9641990065574646,0.7109634280204773,0.937031090259552,0.2238091379404068,0.0858050063252449,218.42643532902002,0
703,0.9639098346233368,0.710023820400238,0.9394031167030334,0.2235293760895729,0.08582451939582825,218.7358665689826,0
704,0.9652825593948364,0.7086143493652344,0.9464750289916992,0.22336336970329285,0.08581362664699554,219.04510947316885,0
705,0.9645460993051529,0.7102251648902893,0.9409621953964233,0.22344685345888138,0.08570659905672073,219.35433839261532,0
706,0.9632090330123901,0.7105607390403748,0.9386436939239502,0.22359956055879593,0.08582519739866257,219.66383743286133,0
707,0.9638898223638535,0.7096210718154907,0.9431881904602051,0.2233465611934662,0.08579795807600021,219.9730390161276,0
708,0.9637193083763123,0.7075405120849609,0.9456568360328674,0.2235638052225113,0.08572708815336227,220.28238621354103,0
709,0.9628069698810577,0.71113121509552,0.9380381107330322,0.22346914559602737,0.08566304296255112,220.59156823903322,0
710,0.9644690901041031,0.7070035338401794,0.9527608156204224,0.2233380228281021,0.08566268533468246,220.90062360465527,0
711,0.9645286649465561,0.7110305428504944,0.9364402890205383,0.22336212545633316,0.08583547174930573,221.2098774537444,0
712,0.9627320766448975,0.7096210718154907,0.9404094815254211,0.2232813611626625,0.08579898625612259,221.51901360601187,0
713,0.9633208960294724,0.7076411843299866,0.9522978663444519,0.22342295199632645,0.08580995351076126,221.82830042392015,0
714,0.965558186173439,0.7123728394508362,0.9321017265319824,0.2233879342675209,0.08572559058666229,222.13747189193964,0
715,0.9644744545221329,0.7069028615951538,0.9505338072776794,0.22328273206949234,0.08578456938266754,222.44660117477179,0
716,0.9625875353813171,0.7105607390403748,0.9424508213996887,0.22334061563014984,0.08578352630138397,222.75577388703823,0
717,0.9629448652267456,0.7115674614906311,0.9358786344528198,0.22323188930749893,0.08587586879730225,223.06494214385748,0
718,0.9625969231128693,0.7083794474601746,0.9455724358558655,0.22357171773910522,0.08584669232368469,223.3744186013937,0
719,0.962535098195076,0.7119365930557251,0.9378186464309692,0.22348272055387497,0.08566898107528687,223.6836455911398,0
720,0.9631526619195938,0.7075405120849609,0.9494669437408447,0.2234262451529503,0.0857478678226471,223.99289224296808,0
721,0.9605498015880585,0.7116010189056396,0.9367110729217529,0.2237231507897377,0.08580843359231949,224.30248734354973,0
722,0.9617402851581573,0.7108291983604431,0.9419746994972229,0.22484269738197327,0.0859120711684227,224.61334886401892,0
723,0.9605406522750854,0.7065672874450684,0.9499063491821289,0.2246893122792244,0.08573026210069656,224.9238532781601,0
724,0.9627395570278168,0.7132118344306946,0.9330551028251648,0.22366078197956085,0.08581667393445969,225.23921459168196,1
725,0.9617535173892975,0.708345890045166,0.9478414058685303,0.22416843473911285,0.08574077486991882,225.5492045506835,0
726,0.9618682265281677,0.7103258371353149,0.9391171932220459,0.2238692194223404,0.08571362495422363,225.8588955849409,0
727,0.960434690117836,0.7115339040756226,0.936362624168396,0.2235686406493187,0.08578689396381378,226.16830814629793,0
728,0.9599963426589966,0.7096881866455078,0.9416338801383972,0.2238166481256485,0.08572665601968765,226.47794120758772,0
729,0.9607223868370056,0.7095203995704651,0.9422595500946045,0.22351720184087753,0.08583126962184906,226.78735590726137,0
730,0.9604467153549194,0.7114667892456055,0.9340593814849854,0.22361162304878235,0.08573425561189651,227.0967709571123,0
731,0.961051344871521,0.7089163661003113,0.9449650645256042,0.22342468053102493,0.08571237325668335,227.40596494823694,0
732,0.9602502286434174,0.7104600667953491,0.9415487051010132,0.2234533354640007,0.08582816272974014,227.71530333906412,0
733,0.9596049338579178,0.710392951965332,0.9385021328926086,0.22343581169843674,0.08573704957962036,228.02453266829252,0
734,0.9606637060642242,0.7085807919502258,0.9455148577690125,0.2232801392674446,0.08587593585252762,228.33375107496977,0
735,0.9615223556756973,0.7113325595855713,0.9357023239135742,0.22335854917764664,0.08596575260162354,228.64313485473394,0
736,0.9594015330076218,0.7082452178001404,0.9455970525741577,0.2235054224729538,0.08587761223316193,228.95257542282343,0
737,0.9605044722557068,0.7094197273254395,0.9418005347251892,0.22320812940597534,0.08579467982053757,229.26163280755281,0
738,0.9584790617227554,0.7128427028656006,0.9337868690490723,0.2240561917424202,0.08587510883808136,229.5716212168336,0
739,0.9592032432556152,0.7080438733100891,0.9479076862335205,0.2235759273171425,0.08569508045911789,229.88096334040165,0
740,0.9608468264341354,0.7120708227157593,0.9376398921012878,0.2237880602478981,0.0858922079205513,230.1906998679042,0
741,0.95819191634655,0.7118359208106995,0.9353669881820679,0.2233610525727272,0.08576745539903641,230.49988363683224,0
742,0.9601140320301056,0.707976758480072,0.9499881863594055,0.22336438298225403,0.08585704863071442,230.8091726154089,0
743,0.958659827709198,0.7125071287155151,0.9337584972381592,0.22351180016994476,0.08578751236200333,231.11854831129313,0
744,0.9594903439283371,0.7063995003700256,0.9497977495193481,0.22331999242305756,0.08583587408065796,231.42775585502386,0
745,0.9590249359607697,0.7127755880355835,0.933567225933075,0.22333712130784988,0.0857931524515152,231.73694141954184,0
746,0.9592964798212051,0.709084153175354,0.9448434710502625,0.22398509830236435,0.08582315593957901,232.0468084216118,0
747,0.9582831710577011,0.7096881866455078,0.9408345818519592,0.22350047528743744,0.08580956608057022,232.35617350786924,0
748,0.9576726108789444,0.7132453918457031,0.9346767067909241,0.2231975868344307,0.08583688735961914,232.6714876741171,1
749,0.9577203392982483,0.7084130048751831,0.9479407668113708,0.22341014444828033,0.08581936359405518,232.9807673841715,0
750,0.9582698941230774,0.7118359208106995,0.9394364953041077,0.22349566966295242,0.08583179116249084,233.29015458375216,0
751,0.9569630920886993,0.7116345763206482,0.9371199011802673,0.22331476211547852,0.08585512638092041,233.59938392788172,0
752,0.9572289437055588,0.70871502161026,0.9458395838737488,0.22346001118421555,0.0858708992600441,233.90877677500248,0
753,0.9585310965776443,0.7126078009605408,0.9365863800048828,0.2236020639538765,0.08584892004728317,234.2183033078909,0
754,0.9571967124938965,0.7110641002655029,0.9369509220123291,0.22343242913484573,0.0859045758843422,234.52770096063614,0
755,0.9577436745166779,0.7088156938552856,0.9448295831680298,0.22364510595798492,0.08581296354532242,234.83722164481878,0
756,0.9573248028755188,0.7128762602806091,0.9338520765304565,0.2234325036406517,0.08586663752794266,235.1465906277299,0
757,0.9581635892391205,0.7060974836349487,0.952323853969574,0.2234167605638504,0.08565083146095276,235.45571464300156,0
758,0.9573777765035629,0.7128762602806091,0.9321305751800537,0.2239091992378235,0.08586259186267853,235.76554477214813,0
759,0.9567248821258545,0.7112318873405457,0.9370619654655457,0.22344961017370224,0.0858379676938057,236.07489523291588,0
760,0.955791562795639,0.7068021893501282,0.9533467888832092,0.2235598936676979,0.08572696149349213,236.38423619419336,0
761,0.9565089344978333,0.7139500975608826,0.9312142133712769,0.22340868413448334,0.08586394041776657,236.69987113028765,1
762,0.9579907804727554,0.7077418565750122,0.9459771513938904,0.2234499305486679,0.08586400002241135,237.0092480108142,0
763,0.9566116780042648,0.7100909352302551,0.9442040920257568,0.2233491912484169,0.08579152822494507,237.31844598799944,0
764,0.9559726417064667,0.7113325595855713,0.9386131763458252,0.22362814843654633,0.08583186566829681,237.62796492129564,0
765,0.95713672041893,0.7084130048751831,0.944119393825531,0.22330664843320847,0.08588512986898422,237.93722680211067,0
766,0.9578165858983994,0.7124735713005066,0.9342899322509766,0.22346267849206924,0.08581125736236572,238.24656575918198,0
767,0.9544704705476761,0.7101916074752808,0.9431579113006592,0.2232992947101593,0.0858079046010971,238.55572474002838,0
768,0.9558479338884354,0.7096210718154907,0.9421599507331848,0.223465196788311,0.0858360156416893,238.86509554833174,0
769,0.9544673562049866,0.7125071287155151,0.9336755275726318,0.2233467698097229,0.0858132392168045,239.17431089282036,0
770,0.9557042419910431,0.7089163661003113,0.945548415184021,0.22334226220846176,0.08574473857879639,239.4834498167038,0
771,0.9538252800703049,0.7132453918457031,0.9364010095596313,0.22351930290460587,0.0858810618519783,239.7929072752595,0
772,0.95402991771698,0.7087485790252686,0.9460911154747009,0.22333788126707077,0.08564002811908722,240.1020069345832,0
773,0.9549349099397659,0.709453284740448,0.9444897174835205,0.22357673943042755,0.0859084203839302,240.41155367344618,0
774,0.9541815519332886,0.7133125066757202,0.9312763810157776,0.22321107983589172,0.08581412583589554,240.72063697874546,0
775,0.9546497613191605,0.7105942964553833,0.9417741298675537,0.2232488915324211,0.08580292761325836,241.02974379062653,0
776,0.9546377062797546,0.709956705570221,0.9427149891853333,0.2232409343123436,0.08585087209939957,241.338902130723,0
777,0.9533293545246124,0.7115674614906311,0.9357845783233643,0.22315121442079544,0.08584197610616684,241.647951297462,0
778,0.9537893086671829,0.7096546292304993,0.9420239329338074,0.22316845506429672,0.08573796600103378,241.9569215402007,0
779,0.9530103206634521,0.7101916074752808,0.939787745475769,0.2234792858362198,0.085886150598526,242.26634675264359,0
780,0.9553408920764923,0.711500346660614,0.9373559355735779,0.22338798642158508,0.08577987551689148,242.57561898976564,0
781,0.954805925488472,0.7108963131904602,0.938723623752594,0.22336424887180328,0.08576788008213043,242.8848169222474,0
782,0.9521697759628296,0.7111983299255371,0.939536452293396,0.22397162020206451,0.08573965728282928,243.194589830935,0
783,0.9536639750003815,0.7091177105903625,0.9465025663375854,0.22364284843206406,0.08574506640434265,243.50403704494238,0
784,0.9535356312990189,0.7127084732055664,0.9303678274154663,0.22346248477697372,0.08583924174308777,243.81338899582624,0
785,0.9523375034332275,0.709453284740448,0.9429003000259399,0.2234451249241829,0.08586620539426804,244.12276120483875,0
786,0.9519357979297638,0.7103258371353149,0.9452284574508667,0.22321905195713043,0.08580157160758972,244.43183998018503,0
787,0.9512456208467484,0.7115674614906311,0.937396764755249,0.22321093827486038,0.08588316291570663,244.74099312722683,0
788,0.9516113251447678,0.7104936242103577,0.9382286071777344,0.22319935262203217,0.08605967462062836,245.05031271278858,0
789,0.9525441378355026,0.7120037078857422,0.9362806081771851,0.22409531474113464,0.08580330014228821,245.36035366356373,0
790,0.9514901340007782,0.7110641002655029,0.9427518248558044,0.2235199511051178,0.08583083748817444,245.6697667017579,0
791,0.9514613300561905,0.7117688059806824,0.9351353049278259,0.2238602340221405,0.08585846424102783,245.97954355925322,0
792,0.9531226307153702,0.7097553610801697,0.9437527060508728,0.22362075001001358,0.08580806106328964,246.28908709436655,0
793,0.9526879787445068,0.7104936242103577,0.9419968724250793,0.22349219024181366,0.08571985363960266,246.59837890416384,0
794,0.9523941874504089,0.7135138511657715,0.9331742525100708,0.2237294837832451,0.08571343868970871,246.9078964665532,0
795,0.9542299211025238,0.7087485790252686,0.947450578212738,0.22341305762529373,0.0858747735619545,247.2172505557537,0
796,0.9518021196126938,0.7110641002655029,0.9388100504875183,0.2234961986541748,0.08589426428079605,247.52669982612133,0
797,0.9520732313394547,0.7120037078857422,0.9386178255081177,0.22355980426073074,0.08582659810781479,247.8361422047019,0
798,0.9514821469783783,0.7091512680053711,0.941805362701416,0.22346672415733337,0.08581343293190002,248.1454831585288,0
799,0.9516786485910416,0.7121379375457764,0.9367033839225769,0.22356071323156357,0.08572021126747131,248.45484346151352,0
800,0.9516561627388,0.7099902629852295,0.9447095394134521,0.2237454578280449,0.08581557869911194,248.76446101814508,0
801,0.9509541243314743,0.712440013885498,0.9343008995056152,0.223521888256073,0.0857078805565834,249.0737786218524,0
802,0.950900599360466,0.7109298706054688,0.9420693516731262,0.22343867272138596,0.08586739003658295,249.38315150886774,0
803,0.9507910907268524,0.7110641002655029,0.942714512348175,0.2236264869570732,0.08577445149421692,249.6926218867302,0
804,0.9502996206283569,0.7125406861305237,0.9332496523857117,0.2235255390405655,0.0857200026512146,250.00197722762823,0
805,0.9506823718547821,0.7091848254203796,0.9436701536178589,0.22333969175815582,0.08583179861307144,250.31121485680342,0
806,0.9502251148223877,0.7108291983604431,0.9391921758651733,0.22360146045684814,0.08573564887046814,250.62062795460224,0
807,0.9510692209005356,0.7122050523757935,0.9318159818649292,0.2238655388355255,0.08580800145864487,250.930410631001,0
808,0.9508184790611267,0.7096210718154907,0.9443289637565613,0.22350018471479416,0.08582324534654617,251.23979813605547,0
809,0.9505289047956467,0.7115674614906311,0.9370737671852112,0.22367612272500992,0.08580247312784195,251.54934354126453,0
810,0.949849396944046,0.7114332318305969,0.9402669072151184,0.22354775667190552,0.08586584776639938,251.85882876813412,0
811,0.9486672729253769,0.7117352485656738,0.9395874738693237,0.2234484627842903,0.08597271889448166,252.16831471771002,0
812,0.9495908915996552,0.7104600667953491,0.9415642619132996,0.22440344095230103,0.08582398295402527,252.47864846885204,0
813,0.9491618722677231,0.7117688059806824,0.9388749599456787,0.22361570596694946,0.08588197082281113,252.78823754936457,0
814,0.9503364264965057,0.712742030620575,0.9347829222679138,0.22357401996850967,0.08580072969198227,253.0977053195238,0
815,0.9492491334676743,0.7107956409454346,0.9396867156028748,0.22394632548093796,0.08581353724002838,253.40756580233574,0
816,0.9492866098880768,0.7100573778152466,0.9427158236503601,0.2237507849931717,0.08583717048168182,253.71723920851946,0
817,0.9483602046966553,0.714654803276062,0.9318101406097412,0.22364570200443268,0.08568688482046127,254.03259973973036,1
818,0.951287031173706,0.7055270075798035,0.9559366703033447,0.2237272635102272,0.08569302409887314,254.3420806825161,0
819,0.9494027495384216,0.712238609790802,0.9336339831352234,0.2234959751367569,0.08579197525978088,254.65145757049322,0
820,0.9485790729522705,0.7126413583755493,0.9348644614219666,0.22358057647943497,0.08580036461353302,254.9609135761857,0
821,0.9497730284929276,0.7100573778152466,0.9480905532836914,0.22380855679512024,0.08586423844099045,255.2706579491496,0
822,0.9468464702367783,0.7124735713005066,0.9371894598007202,0.22338798642158508,0.08571366220712662,255.57984478026628,0
823,0.9482665359973907,0.7111647725105286,0.9369156360626221,0.22350342571735382,0.08585456013679504,255.88927468657494,0
824,0.9497144371271133,0.7126413583755493,0.9381409883499146,0.22360499948263168,0.08584977686405182,256.1988264769316,0
825,0.9483713507652283,0.7116345763206482,0.9406665563583374,0.22361335158348083,0.08579699695110321,256.50830759108067,0
826,0.947905421257019,0.7106614112854004,0.9415300488471985,0.22351332008838654,0.0857410654425621,256.8176422342658,0
827,0.945949912071228,0.7136145234107971,0.9294367432594299,0.22364425659179688,0.08577136695384979,257.12715374678373,0
828,0.9464851170778275,0.7097553610801697,0.9456624388694763,0.2235090136528015,0.08578616380691528,257.4365513622761,0
829,0.947717472910881,0.7118359208106995,0.9379458427429199,0.22367370128631592,0.0857897624373436,257.74607922136784,0
830,0.9470499902963638,0.711500346660614,0.9335067272186279,0.2235775962471962,0.08576638251543045,258.0555327385664,0
831,0.9457710385322571,0.7120372653007507,0.9371567368507385,0.22353820502758026,0.08591429889202118,258.365065574646,0
832,0.9459557980298996,0.7093190550804138,0.9462603330612183,0.22386565804481506,0.08575045317411423,258.67479998618364,0
833,0.9461535066366196,0.7120037078857422,0.931970477104187,0.22355029731988907,0.08587484061717987,258.9843069165945,0
834,0.9454766660928726,0.7116345763206482,0.9351810812950134,0.2236638218164444,0.08579014986753464,259.29389607161283,0
835,0.9477668553590775,0.7098224759101868,0.943568766117096,0.2231735661625862,0.08588429540395737,259.6030104905367,0
836,0.9435928910970688,0.710762083530426,0.9370954036712646,0.22336550801992416,0.08581710606813431,259.9122459664941,0
837,0.9452624320983887,0.712440013885498,0.9338938593864441,0.22345495969057083,0.08580119162797928,260.2215569242835,0
838,0.9465081244707108,0.7090505957603455,0.9480926990509033,0.2235214039683342,0.08578208088874817,260.53091718256474,0
839,0.9465917646884918,0.7128762602806091,0.9324064254760742,0.22312570363283157,0.0857868492603302,260.8398851156235,0
840,0.9459748864173889,0.7098560333251953,0.9417240619659424,0.2232685089111328,0.08581268042325974,261.1490274593234,0
841,0.9468366950750351,0.7110305428504944,0.9424533843994141,0.22329696267843246,0.08586932718753815,261.458250656724,0
842,0.9455416947603226,0.7115339040756226,0.9364452362060547,0.22338982671499252,0.08585543185472488,261.7675553560257,0
843,0.9465629309415817,0.7098560333251953,0.9443030953407288,0.2234361618757248,0.08584783226251602,262.0768944323063,0
844,0.9479288160800934,0.7129433751106262,0.9342254400253296,0.22334616631269455,0.08571108430624008,262.38601956516504,0
845,0.9467278122901917,0.7089499235153198,0.9407998919487,0.22341856360435486,0.0857347622513771,262.6952361166477,0
846,0.9440567195415497,0.710762083530426,0.9408824443817139,0.22334536164999008,0.08583659678697586,263.00449439138174,0
847,0.9445302337408066,0.7143192291259766,0.9318150877952576,0.223252572119236,0.08575619012117386,263.31355921179056,0
848,0.9461567401885986,0.7080103158950806,0.9458253383636475,0.22320332378149033,0.08574065566062927,263.6225600466132,0
849,0.9463122934103012,0.7126413583755493,0.9357220530509949,0.22321625798940659,0.08580520749092102,263.93163654208183,0
850,0.9441930502653122,0.7123392820358276,0.9390555024147034,0.22333978116512299,0.08582758158445358,264.2408568188548,0
851,0.9449766725301743,0.7110641002655029,0.9392324686050415,0.22315659373998642,0.08574050664901733,264.54981411248446,0
852,0.9445721954107285,0.7128762602806091,0.9337398409843445,0.22329065948724747,0.08590086549520493,264.85906355828047,0
853,0.9448372721672058,0.7099231481552124,0.9431875348091125,0.22391477227210999,0.08591026812791824,265.168976329267,0
854,0.9446319192647934,0.7121714949607849,0.9412734508514404,0.22344094514846802,0.08584728091955185,265.47837994992733,0
855,0.9454748034477234,0.7127084732055664,0.9337176084518433,0.22326594591140747,0.08578165620565414,265.7874907925725,0
856,0.9452970176935196,0.7094868421554565,0.9437374472618103,0.22322073578834534,0.08580543845891953,266.096577771008,0
857,0.9445841908454895,0.7138829827308655,0.9334946870803833,0.22351264208555222,0.08574452251195908,266.4058910906315,0
858,0.9443982988595963,0.7091177105903625,0.9436529874801636,0.2231963500380516,0.08581777662038803,266.71498230844736,0
859,0.945146918296814,0.7129769325256348,0.9348366260528564,0.2231752723455429,0.08584535866975784,267.02406296879053,0
860,0.9430166631937027,0.7130776047706604,0.9350598454475403,0.22321411222219467,0.08575332909822464,267.33309331536293,0
861,0.9439833909273148,0.7084465622901917,0.9452007412910461,0.2234223112463951,0.0857183188199997,267.6423133686185,0
862,0.9434204548597336,0.7121714949607849,0.9353370666503906,0.2231968715786934,0.08587941527366638,267.9514894038439,0
863,0.9427228271961212,0.7107956409454346,0.9440777897834778,0.22335878014564514,0.08581674098968506,268.26072783768177,0
864,0.9420913308858871,0.712809145450592,0.9336522817611694,0.22337208688259125,0.08586078882217407,268.57003581523895,0
865,0.9426049441099167,0.7123057246208191,0.9366844296455383,0.22335609793663025,0.08584725111722946,268.87931127101183,0
866,0.9432614892721176,0.709084153175354,0.9493892192840576,0.22337967157363892,0.08581872284412384,269.1885776370764,0
867,0.9426847547292709,0.7124064564704895,0.9311966896057129,0.2234082669019699,0.08576907962560654,269.4978219270706,0
868,0.9436485022306442,0.7123057246208191,0.9374303817749023,0.2234850823879242,0.08576391637325287,269.807142354548,0
869,0.9421021640300751,0.7116681337356567,0.9421899318695068,0.2234208956360817,0.08598077297210693,270.1166200861335,0
870,0.9412004202604294,0.7113325595855713,0.939739465713501,0.224123015999794,0.08586757630109787,270.426794141531,0
871,0.9430298209190369,0.7129098176956177,0.9348601698875427,0.2234937995672226,0.08584064245223999,270.73619651049376,0
872,0.9434036016464233,0.7111983299255371,0.9377605319023132,0.22343360632658005,0.08595423400402069,271.04568395763636,0
873,0.9412643313407898,0.7108291983604431,0.9386146068572998,0.22380933165550232,0.08586620539426804,271.3554357662797,0
874,0.9425069689750671,0.7133796215057373,0.9345226287841797,0.2235092744231224,0.08582617342472076,271.6648808643222,0
875,0.941999614238739,0.7117016911506653,0.9386167526245117,0.22333340346813202,0.08575592190027237,271.9740685597062,0
876,0.9424684792757034,0.7116010189056396,0.9379335641860962,0.22362032532691956,0.08587006479501724,272.2836256697774,0
877,0.94125996530056,0.7126413583755493,0.934952437877655,0.2233181893825531,0.08581656962633133,272.59282722324133,0
878,0.9409601241350174,0.7111647725105286,0.9402406215667725,0.22380894422531128,0.08585354685783386,272.90257696807384,0
879,0.9411898702383041,0.7122050523757935,0.9381080865859985,0.2235099971294403,0.08583292365074158,273.2119800299406,0
880,0.9414482116699219,0.7125742435455322,0.9371368885040283,0.22334901988506317,0.08562567085027695,273.52107567340136,0
881,0.9408938586711884,0.7116010189056396,0.9364006519317627,0.2234252765774727,0.08580072969198227,273.8303597345948,0
882,0.9415110349655151,0.7133796215057373,0.9366321563720703,0.22343555092811584,0.08592414855957031,274.13980236649513,0
883,0.9402829706668854,0.7103258371353149,0.9423264265060425,0.22373038530349731,0.08579248189926147,274.4494071304798,0
884,0.9414063543081284,0.7134802937507629,0.930286705493927,0.22373337298631668,0.08588388562202454,274.75909212231636,0
885,0.9419971406459808,0.7125406861305237,0.9371592998504639,0.22315986454486847,0.08585148304700851,275.06818656623363,0
886,0.9406921714544296,0.7102922797203064,0.9447041749954224,0.22329791635274887,0.08577412366867065,275.37732239067554,0
887,0.941857099533081,0.7140507698059082,0.9310258030891418,0.22323469072580338,0.08586902171373367,275.68649131804705,0
888,0.9402015656232834,0.7108627557754517,0.9415968060493469,0.22327443957328796,0.08569402247667313,275.99554339796305,0
889,0.9406355172395706,0.7125071287155151,0.936435341835022,0.22314630448818207,0.08577784150838852,276.30452136695385,0
890,0.9407676607370377,0.7102251648902893,0.9440524578094482,0.22327691316604614,0.08569954335689545,276.6135703995824,0
891,0.9394093751907349,0.7142521142959595,0.9303355813026428,0.22332018613815308,0.08575210720300674,276.9227092936635,0
892,0.9418329745531082,0.7118023633956909,0.9381141662597656,0.22350449860095978,0.08570906519889832,277.2319808974862,0
893,0.940289095044136,0.7102922797203064,0.9424678683280945,0.22337020933628082,0.08586842566728592,277.5413050353527,0
894,0.9405717998743057,0.7143192291259766,0.9302031397819519,0.22330356389284134,0.08578134328126907,277.8504502773285,0
895,0.9405523240566254,0.70871502161026,0.950184166431427,0.22353272885084152,0.08584722131490707,278.15993278473616,0
896,0.9409535378217697,0.712238609790802,0.9349780678749084,0.2233535498380661,0.0858793631196022,278.46927204728127,0
897,0.9405920058488846,0.7123392820358276,0.933538556098938,0.2235604003071785,0.08575588464736938,278.77867175638676,0
898,0.9395049512386322,0.7110305428504944,0.9406477808952332,0.2234666869044304,0.08588366210460663,279.08809731155634,0
899,0.9397320449352264,0.7121714949607849,0.9347208738327026,0.22326284646987915,0.08581124246120453,279.3972522690892,0
900,0.9395863711833954,0.7102251648902893,0.9439854621887207,0.22343484312295914,0.08568191528320312,279.7064328342676,0
901,0.9391264468431473,0.7139500975608826,0.9313725233078003,0.2233649119734764,0.08575368672609329,280.0156463086605,0
902,0.9409502148628235,0.7123392820358276,0.9365794062614441,0.22332371771335602,0.08571954816579819,280.3247429430485,0
903,0.9389456808567047,0.7075405120849609,0.9533896446228027,0.22320085018873215,0.08593366295099258,280.63395781069994,0
904,0.9393472224473953,0.715594470500946,0.923195481300354,0.22347962856292725,0.08573656529188156,280.9495803117752,1
905,0.9399857521057129,0.7098560333251953,0.9434159398078918,0.22343052923679352,0.08577700704336166,281.25885194540024,0
906,0.9412804991006851,0.7083794474601746,0.9511350989341736,0.22325347363948822,0.08584605902433395,281.5680373981595,0
907,0.9384555369615555,0.715023934841156,0.9272506833076477,0.22317571938037872,0.08582150936126709,281.87709894776344,0
908,0.9393108487129211,0.7105942964553833,0.9403142333030701,0.22356568276882172,0.08573898673057556,282.1865169852972,0
909,0.9392676949501038,0.7120708227157593,0.9393610954284668,0.22325139492750168,0.08570199459791183,282.4955526292324,0
910,0.9384805262088776,0.7137151956558228,0.9303209781646729,0.22361139208078384,0.08605001121759415,282.80528443306684,0
911,0.9389580488204956,0.7101244926452637,0.9441794753074646,0.22389177978038788,0.08586296439170837,283.1151789203286,0
912,0.9407880008220673,0.712742030620575,0.9372288584709167,0.22380801290273666,0.08603378385305405,283.4251134842634,0
913,0.9382870197296143,0.7122721672058105,0.9359007477760315,0.2239617481827736,0.0858389213681221,283.7350542843342,0
914,0.9377893805503845,0.7112318873405457,0.9431198835372925,0.2233169823884964,0.08584665507078171,284.0442764163017,0
915,0.9392304867506027,0.7136145234107971,0.9343495965003967,0.2233419194817543,0.08577898144721985,284.35346093028784,0
916,0.9380832016468048,0.7097553610801697,0.9437646865844727,0.22395675629377365,0.08582428097724915,284.66329821944237,0
917,0.9394141584634781,0.712440013885498,0.9372415542602539,0.22458374500274658,0.08572375774383545,284.97366937994957,0
918,0.9388374090194702,0.7136816382408142,0.9355607032775879,0.22331009060144424,0.08575304597616196,285.28278382122517,0
919,0.9388059675693512,0.7084801197052002,0.9478301405906677,0.2233106940984726,0.08586230129003525,285.592012822628,0
920,0.9382560551166534,0.7134467363357544,0.9310095906257629,0.2240232229232788,0.08572349697351456,285.90181613713503,0
921,0.9381330758333206,0.712440013885498,0.9403647780418396,0.22325696051120758,0.08579325675964355,286.21093874424696,0
922,0.9375932216644287,0.7098895907402039,0.944985568523407,0.223399318754673,0.08586416393518448,286.5202591866255,0
923,0.9360834509134293,0.7146883606910706,0.9286893606185913,0.22354260832071304,0.0857553705573082,286.8296134918928,0
924,0.9375668615102768,0.7094868421554565,0.9518598914146423,0.2235817313194275,0.08575721830129623,287.13900888711214,0
925,0.9391920864582062,0.7135138511657715,0.9324249625205994,0.22332683205604553,0.08572687208652496,287.44811967760324,0
926,0.9378539621829987,0.7129769325256348,0.9307981729507446,0.22353725880384445,0.08586661517620087,287.75757975131273,0
927,0.9363141804933548,0.7106949687004089,0.9498319625854492,0.22333696484565735,0.08581244200468063,288.0667779967189,0
928,0.9362337589263916,0.7145876884460449,0.9304094314575195,0.22409150749444962,0.08587957918643951,288.37681398540735,0
929,0.935460090637207,0.7108627557754517,0.9371473789215088,0.22366473078727722,0.08578494936227798,288.6863816604018,0
930,0.9358395338058472,0.7105607390403748,0.9443474411964417,0.22346040606498718,0.08571556210517883,288.99560941010714,0
931,0.9362877607345581,0.7146883606910706,0.9316548109054565,0.22356244921684265,0.08577128499746323,289.30499383062124,0
932,0.935452476143837,0.7130440473556519,0.9346726536750793,0.22390424460172653,0.08565162867307663,289.61460722237825,0
933,0.9362403601408005,0.7105271816253662,0.941886305809021,0.2233467921614647,0.0858520120382309,289.9238578006625,0
934,0.9368942230939865,0.7147219181060791,0.9297323226928711,0.2238306701183319,0.08573897182941437,290.2334971129894,0
935,0.9365533292293549,0.7107285261154175,0.9449916481971741,0.2234194055199623,0.08580607920885086,290.54277615249157,0
936,0.9358375668525696,0.7127084732055664,0.9363394379615784,0.22327610850334167,0.0858781635761261,290.8519804701209,0
937,0.9351887106895447,0.7146212458610535,0.928796112537384,0.2234821543097496,0.0856984332203865,291.1612238585949,0
938,0.9345509856939316,0.7105607390403748,0.9427241086959839,0.2236025184392929,0.08576438575983047,291.470647521317,0
939,0.9357667565345764,0.712238609790802,0.9348340630531311,0.22339023649692535,0.08571698516607285,291.7798037827015,0
940,0.9351215809583664,0.7142185568809509,0.9301861524581909,0.22389978915452957,0.08589809387922287,292.08965645730495,0
941,0.9350974559783936,0.7123057246208191,0.9386304616928101,0.22326448559761047,0.08580944687128067,292.3987828195095,0
942,0.9338154643774033,0.7112990021705627,0.9407733082771301,0.22331232577562332,0.08582090586423874,292.7079700231552,0
943,0.9340796917676926,0.7128427028656006,0.9319969415664673,0.22328860312700272,0.0858161672949791,293.0171986743808,0
944,0.9331589043140411,0.7134467363357544,0.9336094856262207,0.22370672971010208,0.08570308983325958,293.3266967609525,0
945,0.9347751885652542,0.7115339040756226,0.9399473071098328,0.22335908561944962,0.08582811057567596,293.63593635708094,0
946,0.9345830976963043,0.7119701504707336,0.9378870725631714,0.22332171350717545,0.08577969670295715,293.94511038064957,0
947,0.9342317134141922,0.7141849994659424,0.928839385509491,0.22330915927886963,0.08583521097898483,294.2543212994933,0
948,0.9336696416139603,0.7110305428504944,0.9413120746612549,0.22338391095399857,0.08579667657613754,294.5635525509715,0
949,0.9340207278728485,0.709956705570221,0.9436318874359131,0.22325241565704346,0.08582963794469833,294.8726857677102,0
950,0.9351833909749985,0.7147554755210876,0.9255228042602539,0.2232905477285385,0.08569416403770447,295.18172657489777,0
951,0.9349746704101562,0.7077082991600037,0.9515615105628967,0.2232881486415863,0.08579988032579422,295.4908638447523,0
952,0.9341376721858978,0.7131447196006775,0.9371854066848755,0.2231888249516487,0.08589385449886322,295.80000834167004,0
953,0.934368908405304,0.713178277015686,0.9355272650718689,0.22337252646684647,0.08571166545152664,296.10914837569,0
954,0.9345816075801849,0.7105271816253662,0.9417068958282471,0.22363587468862534,0.08581802248954773,296.4186666160822,0
955,0.9342124313116074,0.7139836549758911,0.9359613060951233,0.2235075980424881,0.08577281981706619,296.7280222773552,0
956,0.934379979968071,0.709453284740448,0.9472017288208008,0.22350755333900452,0.08578929305076599,297.0373848453164,0
957,0.9332327842712402,0.713178277015686,0.9294273853302002,0.22338008880615234,0.08573663979768753,297.3465705960989,0
958,0.9328331351280212,0.7130440473556519,0.9347413182258606,0.22342924773693085,0.08584414422512054,297.6559043228626,0
959,0.9336836636066437,0.7105271816253662,0.9475119113922119,0.22344692796468735,0.08581029623746872,297.9652404412627,0
960,0.934698075056076,0.7146212458610535,0.9254439473152161,0.22349969297647476,0.08572404831647873,298.27452479302883,0
961,0.9324803650379181,0.7123392820358276,0.9342989325523376,0.22330555319786072,0.085760697722435,298.583639703691,0
962,0.9339822679758072,0.7104936242103577,0.9452504515647888,0.22345315665006638,0.08570842444896698,298.8928564116359,0
963,0.9325307011604309,0.7148897051811218,0.9292800426483154,0.22345909476280212,0.08585596084594727,299.20223251730204,0
964,0.9328197240829468,0.7125742435455322,0.9331007599830627,0.22343115508556366,0.08572357892990112,299.51144091784954,0
965,0.9340950101613998,0.711500346660614,0.9384868741035461,0.22339100390672684,0.08573043346405029,299.82061176002026,0
966,0.9325022548437119,0.7138158679008484,0.9285286664962769,0.22331663966178894,0.08571333438158035,300.12969859689474,0
967,0.9343186467885971,0.7098895907402039,0.9433164596557617,0.22347372025251389,0.08587789535522461,300.43910713493824,0
968,0.9343906790018082,0.7141178846359253,0.9337449669837952,0.22322986274957657,0.08571472018957138,300.74810425937176,0
969,0.9327359646558762,0.71354740858078,0.9344009757041931,0.22337765991687775,0.08576380461454391,301.0572958365083,0
970,0.9332883656024933,0.7108963131904602,0.9419223666191101,0.22347287833690643,0.08578567206859589,301.36662143468857,0
971,0.9338793903589249,0.7153260111808777,0.9242470860481262,0.22341109812259674,0.08572323620319366,301.6758070215583,0
972,0.9325056970119476,0.7101580500602722,0.945421040058136,0.223263218998909,0.08570052683353424,301.9848547205329,0
973,0.9313789159059525,0.7129769325256348,0.9365023374557495,0.22333505004644394,0.08582436293363571,302.2940778955817,0
974,0.930319145321846,0.7135809659957886,0.9261963367462158,0.22383182495832443,0.08590046316385269,302.6038962006569,0
975,0.9316124767065048,0.7106278538703918,0.9435933828353882,0.22340760380029678,0.08583714067935944,302.9132371842861,0
976,0.9306785017251968,0.7137487530708313,0.9332568645477295,0.22345786541700363,0.08578860014677048,303.22255206108093,0
977,0.9302946478128433,0.7136145234107971,0.9310140013694763,0.22427186369895935,0.08572690933942795,303.5326288342476,0
978,0.9314343333244324,0.7126413583755493,0.9402341246604919,0.22350065410137177,0.08587300777435303,303.84211330115795,0
979,0.9333255439996719,0.714654803276062,0.9311650991439819,0.22346722334623337,0.08565674722194672,304.1513085961342,0
980,0.9316500276327133,0.7118359208106995,0.937994658946991,0.22358548641204834,0.08602363616228104,304.4609833806753,0
981,0.9304261952638626,0.7133460640907288,0.9347249865531921,0.2237323895096779,0.08576149493455887,304.7705521956086,0
982,0.9303368628025055,0.715158224105835,0.9300740957260132,0.22355686128139496,0.08568946272134781,305.0799465626478,0
983,0.9309035986661911,0.7124064564704895,0.9344892501831055,0.22340906411409378,0.08580411970615387,305.3892503082752,0
984,0.9307119697332382,0.711869478225708,0.938396692276001,0.2233339622616768,0.08580603450536728,305.6984727680683,0
985,0.9308885931968689,0.7147219181060791,0.9282975196838379,0.22335132956504822,0.08574660122394562,306.0076536759734,0
986,0.9289323091506958,0.7119365930557251,0.9353790879249573,0.2234273925423622,0.08592823892831802,306.31708344072104,0
987,0.9293699413537979,0.7117352485656738,0.9390835762023926,0.22332289069890976,0.0858156755566597,306.6263116002083,0
988,0.9301220029592514,0.714654803276062,0.930502712726593,0.22360998392105103,0.08574216067790985,306.93575935065746,0
989,0.9297678023576736,0.7119701504707336,0.9391397833824158,0.22340140491724014,0.08584465086460114,307.245078407228,0
990,0.9314403682947159,0.7138494253158569,0.9298455715179443,0.2233630120754242,0.08574558794498444,307.55424738675356,0
991,0.9291488975286484,0.7116681337356567,0.938732922077179,0.22333010286092758,0.08569082617759705,307.8633365482092,0
992,0.9291592091321945,0.7134467363357544,0.9336647987365723,0.22353561967611313,0.08594229072332382,308.17288114875555,0
993,0.9279966354370117,0.7141849994659424,0.9324767589569092,0.22327260673046112,0.08592358976602554,308.4821459874511,0
994,0.929367795586586,0.7133460640907288,0.93425053358078,0.22338473051786423,0.08573610335588455,308.79132540524006,0
995,0.9292230904102325,0.7136480808258057,0.9319384098052979,0.22342577576637268,0.08580590784549713,309.10061380267143,0
996,0.9285004585981369,0.7124064564704895,0.9369181990623474,0.22310598194599152,0.08570230007171631,309.4094795882702,0
997,0.9283397495746613,0.7140507698059082,0.9318467378616333,0.22322649508714676,0.0858890637755394,309.71865701675415,0
998,0.9300031661987305,0.7137151956558228,0.9353440403938293,0.22395844757556915,0.08579419553279877,310.02848820388317,0
999,0.9295274913311005,0.7119365930557251,0.9380451440811157,0.22339335829019547,0.08586493879556656,310.3378065675497,0
1000,0.9284684211015701,0.713111162185669,0.9313393235206604,0.22320333123207092,0.0857127234339714,310.6467719450593,0
