epoch,train_mean_member_ce,valid_pooled_accuracy,valid_pooled_ce,train_step_seconds,validation_seconds,elapsed_seconds,is_selected_so_far
1,3.8239678740501404,0.0762777253985405,3.2313320636749268,0.22434544563293457,0.08613213896751404,0.3256572261452675,1
2,3.3486902117729187,0.0762777253985405,3.1065008640289307,0.21755929291248322,0.08613014966249466,0.6459108665585518,1
3,3.206860303878784,0.08684854954481125,2.9819839000701904,0.2177491933107376,0.08623882383108139,0.9651724174618721,1
4,3.127149760723114,0.195811927318573,2.9015860557556152,0.21753859519958496,0.086262546479702,1.2850020825862885,1
5,3.0724567770957947,0.22638343274593353,2.8533918857574463,0.2174888551235199,0.08611636608839035,1.603037267923355,1
6,3.0236310362815857,0.23487363755702972,2.803234815597534,0.21762638539075851,0.08611012250185013,1.9206598326563835,1
7,2.9702833890914917,0.26625052094459534,2.7186343669891357,0.21790987253189087,0.08621349185705185,2.2391162514686584,1
8,2.9041423201560974,0.29235878586769104,2.58833909034729,0.2175706848502159,0.08610346913337708,2.556581124663353,1
9,2.822747528553009,0.3100775182247162,2.44146466255188,0.21755456924438477,0.08642756938934326,2.8755289763212204,1
10,2.7342370748519897,0.3363535404205322,2.3190596103668213,0.21765311062335968,0.08614537119865417,3.194681242108345,1
11,2.6565114855766296,0.3635021150112152,2.250382661819458,0.21748187392950058,0.08609338849782944,3.511666528880596,1
12,2.5843295454978943,0.3774958848953247,2.190171718597412,0.21754161268472672,0.08614097535610199,3.8291522040963173,1
13,2.5192381739616394,0.39669114351272583,2.1362686157226562,0.2179136574268341,0.08626706153154373,4.147846430540085,1
14,2.4554393887519836,0.41635623574256897,2.082608699798584,0.2175421193242073,0.08630739152431488,4.465886011719704,1
15,2.3955348134040833,0.4264572560787201,2.0333504676818848,0.21781953424215317,0.08607644587755203,4.7838394194841385,1
16,2.3377115726470947,0.43575286865234375,1.9872832298278809,0.21777571737766266,0.08618428558111191,5.102543257176876,1
17,2.286336839199066,0.45441120862960815,1.9355696439743042,0.21762362867593765,0.08623094111680984,5.421196915209293,1
18,2.2374476194381714,0.4743112027645111,1.884598970413208,0.21756400167942047,0.08622827380895615,5.742344170808792,1
19,2.189467668533325,0.48729822039604187,1.843342661857605,0.21729505062103271,0.08619366586208344,6.059617273509502,1
20,2.1439688205718994,0.4976005554199219,1.8035084009170532,0.2174028977751732,0.08634906262159348,6.381000220775604,1
21,2.0999260544776917,0.5136749148368835,1.7594798803329468,0.21755067259073257,0.08608965575695038,6.698687456548214,1
22,2.0570322275161743,0.5250847339630127,1.7205184698104858,0.2172703742980957,0.08618857711553574,7.0227601900696754,1
23,2.0167110562324524,0.5349172353744507,1.6854552030563354,0.21740828454494476,0.08602343499660492,7.340922452509403,1
24,1.9766803681850433,0.5436424016952515,1.6503146886825562,0.21767086535692215,0.08606026321649551,7.659884370863438,1
25,1.9380412995815277,0.5548508167266846,1.6123807430267334,0.21759320050477982,0.08630190044641495,7.978583246469498,1
26,1.9027562141418457,0.5634416937828064,1.5801876783370972,0.21749502420425415,0.0860687866806984,8.296433918178082,1
27,1.8672528564929962,0.5694485902786255,1.5542463064193726,0.21743831038475037,0.0862136259675026,8.613739870488644,1
28,1.8358309268951416,0.574247419834137,1.528635025024414,0.21746927499771118,0.08610579371452332,8.93084891885519,1
29,1.8047701716423035,0.5823349356651306,1.501002311706543,0.21754124760627747,0.08618360757827759,9.248494498431683,1
30,1.7747435867786407,0.5864961743354797,1.4793188571929932,0.21740470081567764,0.08616705238819122,9.56636717170477,1
31,1.747137188911438,0.5893821716308594,1.4621440172195435,0.21731673926115036,0.08625578135251999,9.88518400490284,1
32,1.7199432253837585,0.5945836901664734,1.4418944120407104,0.2174667939543724,0.08622519671916962,10.206458702683449,1
33,1.6941425204277039,0.599885880947113,1.4204505681991577,0.21747937053442,0.0862376019358635,10.52343911677599,1
34,1.6691493690013885,0.6036108136177063,1.4026092290878296,0.21741977334022522,0.0864056721329689,10.84097883105278,1
35,1.6462631821632385,0.6072686910629272,1.3863271474838257,0.21743149310350418,0.08618971705436707,11.15821871906519,1
36,1.6251927018165588,0.6110607385635376,1.3690812587738037,0.21760952472686768,0.08615442365407944,11.475408770143986,1
37,1.6039896309375763,0.6140474081039429,1.3517991304397583,0.21750105917453766,0.0864073634147644,11.79498140513897,1
38,1.5840404033660889,0.6167656183242798,1.337449073791504,0.21733977645635605,0.0861693024635315,12.112382501363754,1
39,1.5649614334106445,0.6199201345443726,1.3235875368118286,0.21781106293201447,0.08624393492937088,12.433632105588913,1
40,1.5472168326377869,0.6225376725196838,1.3081284761428833,0.21748091280460358,0.08607359230518341,12.752046771347523,1
41,1.5292499661445618,0.6246517896652222,1.2951444387435913,0.21776121854782104,0.08630676567554474,13.070433534681797,1
42,1.511953204870224,0.6277055740356445,1.2833874225616455,0.2173437923192978,0.08614227920770645,13.387789152562618,1
43,1.4959809184074402,0.6299204230308533,1.2715952396392822,0.21768029034137726,0.08632039278745651,13.705921426415443,1
44,1.4809119403362274,0.6319339275360107,1.2577786445617676,0.2178569659590721,0.08627749234437943,14.024301990866661,1
45,1.4663706719875336,0.6341152191162109,1.2454841136932373,0.2176075354218483,0.08606966584920883,14.342251993715763,1
46,1.4526726305484772,0.635793149471283,1.2370685338974,0.21826688945293427,0.08669564872980118,14.663215808570385,1
47,1.4378735721111298,0.6371354460716248,1.2254362106323242,0.21835621446371078,0.08626832067966461,14.981824912130833,1
48,1.4259019196033478,0.6399878859519958,1.2143949270248413,0.2175566926598549,0.0860082283616066,15.299135722219944,1
49,1.4136197566986084,0.6414980292320251,1.2062643766403198,0.2174854800105095,0.086227186024189,15.617835842072964,1
50,1.4020230770111084,0.6435450315475464,1.2002261877059937,0.21769069135189056,0.08621039986610413,15.935484915971756,1
51,1.390204280614853,0.6450216174125671,1.1910330057144165,0.21775326132774353,0.0862203910946846,16.252763003110886,1
52,1.379812628030777,0.6468673348426819,1.1811602115631104,0.21757181733846664,0.08604360371828079,16.569659240543842,1
53,1.3694627285003662,0.6493842005729675,1.1745669841766357,0.21759606897830963,0.08620944619178772,16.88969237357378,1
54,1.3596906661987305,0.6500217914581299,1.1679065227508545,0.2173844650387764,0.08609555661678314,17.2113546282053,1
55,1.348687082529068,0.6522030830383301,1.1593509912490845,0.21809107065200806,0.08626169711351395,17.530342683196068,1
56,1.339097410440445,0.652874231338501,1.1522842645645142,0.21758784353733063,0.08619946986436844,17.848058998584747,1
57,1.3313021063804626,0.6543508172035217,1.1466917991638184,0.21762657165527344,0.08605976402759552,18.16524486988783,1
58,1.3233017027378082,0.6556259989738464,1.1415377855300903,0.21773946285247803,0.08626420050859451,18.48267450928688,1
59,1.3137985169887543,0.6566998362541199,1.135010004043579,0.21769719570875168,0.08624158799648285,18.80056943744421,1
60,1.3078568577766418,0.6589818000793457,1.130065679550171,0.21769395470619202,0.08628246188163757,19.118636026978493,1
61,1.2999462187290192,0.6597872376441956,1.1242032051086426,0.21789692342281342,0.08633118867874146,19.44278769940138,1
62,1.292298674583435,0.6617000102996826,1.1188609600067139,0.2179524376988411,0.08609678596258163,19.76322217285633,1
63,1.2838552594184875,0.6630759239196777,1.1143412590026855,0.21768290549516678,0.08623982220888138,20.084737487137318,1
64,1.277818500995636,0.6639484167098999,1.1093792915344238,0.21771463006734848,0.08608075231313705,20.40158798545599,1
65,1.2712478637695312,0.665324330329895,1.1054354906082153,0.21759887784719467,0.0862058699131012,20.718844547867775,1
66,1.2645191550254822,0.6661632657051086,1.099541425704956,0.2178828865289688,0.08611732721328735,21.037003338336945,1
67,1.2565322816371918,0.6679754257202148,1.0957586765289307,0.21760006248950958,0.08615057170391083,21.355380579829216,1
68,1.2507917284965515,0.6673713326454163,1.092544674873352,0.21867283433675766,0.08612444251775742,21.660241402685642,0
69,1.2453916668891907,0.6697875261306763,1.087805151939392,0.21742135286331177,0.08600851148366928,21.97848542034626,1
70,1.2411667108535767,0.6703245043754578,1.0827780961990356,0.21752354502677917,0.0862295925617218,22.29841197282076,1
71,1.2330445051193237,0.670894980430603,1.080193042755127,0.21786019206047058,0.08629699051380157,22.61761474609375,1
72,1.2282409965991974,0.6718010306358337,1.0765855312347412,0.21763084828853607,0.08631766587495804,22.935209274291992,1
73,1.2245551645755768,0.6728078126907349,1.0718010663986206,0.21782991290092468,0.08626952767372131,23.253165803849697,1
74,1.2174602150917053,0.6736131906509399,1.0691756010055542,0.21764226257801056,0.0862392857670784,23.57038900256157,1
75,1.2130420207977295,0.6746870279312134,1.0650060176849365,0.21757560968399048,0.08611267060041428,23.88776572048664,1
76,1.2087900340557098,0.6764991879463196,1.0609296560287476,0.21812793612480164,0.0862005427479744,24.21009138971567,1
77,1.2059635818004608,0.6770025491714478,1.0589519739151,0.21765108406543732,0.08613139390945435,24.528796963393688,1
78,1.1992394924163818,0.6772710084915161,1.0558300018310547,0.21829233318567276,0.08610177785158157,24.84676354378462,1
79,1.195685237646103,0.679183840751648,1.0523840188980103,0.21764417737722397,0.08624754101037979,25.16461144387722,1
80,1.1911355257034302,0.6796872019767761,1.0486054420471191,0.2175530344247818,0.08629877120256424,25.482437647879124,1
81,1.1867597103118896,0.6798549890518188,1.0482842922210693,0.21756456792354584,0.08620648086071014,25.80027286708355,1
82,1.1833477020263672,0.6813651323318481,1.0445245504379272,0.21752482652664185,0.08623593300580978,26.117758333683014,1
83,1.1784277260303497,0.6821033954620361,1.0410248041152954,0.2176578789949417,0.08614038676023483,26.435271553695202,1
84,1.1749435663223267,0.6824725270271301,1.0391732454299927,0.2177014797925949,0.08628580719232559,26.753970965743065,1
85,1.1720461547374725,0.6830094456672668,1.0377177000045776,0.21784595400094986,0.08618263155221939,27.07334341108799,1
86,1.1670199930667877,0.6846873760223389,1.0329960584640503,0.21778102219104767,0.08629779517650604,27.39160430431366,1
87,1.1640430092811584,0.6855263113975525,1.0307773351669312,0.21789515018463135,0.08624645322561264,27.7093253582716,1
88,1.1610172986984253,0.6847880482673645,1.0302374362945557,0.21788804233074188,0.08634787052869797,28.013640984892845,0
89,1.1564998626708984,0.6860968470573425,1.0281084775924683,0.2177698016166687,0.08622927963733673,28.332391530275345,1
90,1.152683824300766,0.6882445216178894,1.0246764421463013,0.21778007596731186,0.08634808659553528,28.650382190942764,1
91,1.1497691869735718,0.6888821721076965,1.020444393157959,0.21805445104837418,0.08638608455657959,28.97004759311676,1
92,1.1473378539085388,0.6881774067878723,1.0203709602355957,0.2177799940109253,0.0861823558807373,29.274103976786137,0
93,1.1449783742427826,0.6899895668029785,1.0198767185211182,0.21779075264930725,0.08619216084480286,29.593628972768784,1
94,1.1428849399089813,0.6895197629928589,1.0161101818084717,0.2179502174258232,0.08628189563751221,29.897954054176807,0
95,1.140135645866394,0.6910298466682434,1.0127159357070923,0.21773719042539597,0.08632591366767883,30.21564508229494,1
96,1.1360404789447784,0.6913654804229736,1.0124881267547607,0.21797366440296173,0.08624935895204544,30.533667035400867,1
97,1.1314073204994202,0.6908956170082092,1.0122132301330566,0.21737805008888245,0.08611515909433365,30.837243020534515,0
98,1.129430741071701,0.6926071047782898,1.0081803798675537,0.2176980823278427,0.08607686311006546,31.155411556363106,1
99,1.128001719713211,0.6928084492683411,1.0077252388000488,0.21749649941921234,0.0861891359090805,31.474067002534866,1
100,1.1236306130886078,0.6923386454582214,1.0059846639633179,0.21740291267633438,0.08611009269952774,31.777659714221954,0
101,1.1214910447597504,0.6941172480583191,1.0037397146224976,0.21750887483358383,0.08623703569173813,32.09685484319925,1
102,1.1190349757671356,0.693848729133606,1.0024011135101318,0.21741394698619843,0.08609886467456818,32.40044838190079,0
103,1.1184530854225159,0.6942179203033447,1.0016119480133057,0.21757426857948303,0.08622471988201141,32.71778077632189,1
104,1.1154064536094666,0.6946206092834473,0.998083233833313,0.21759619563817978,0.08613746613264084,33.03543294221163,1
105,1.112292319536209,0.6945199370384216,0.9981012940406799,0.21758488565683365,0.08620363473892212,33.33930431306362,0
106,1.1100480556488037,0.6950904130935669,0.9989862442016602,0.21753793209791183,0.08608190715312958,33.65700516104698,1
107,1.1070988178253174,0.695526659488678,0.995553195476532,0.2175806537270546,0.08622203022241592,33.97613877803087,1
108,1.1047686040401459,0.6955602169036865,0.9935555458068848,0.21766306459903717,0.08624491095542908,34.295120634138584,1
109,1.102457970380783,0.6960300207138062,0.9931942820549011,0.21756204217672348,0.08622705936431885,34.6139542683959,1
110,1.0987588465213776,0.6961306929588318,0.992214024066925,0.21764447540044785,0.08602483570575714,34.93171150237322,1
111,1.0988843739032745,0.6971374750137329,0.9916852712631226,0.21756912022829056,0.08626280725002289,35.249289102852345,1
112,1.095945656299591,0.69720458984375,0.9870598912239075,0.21751593798398972,0.08607342094182968,35.566491343081,1
113,1.0939028859138489,0.697573721408844,0.9873640537261963,0.21739424765110016,0.08615639060735703,35.884054362773895,1
114,1.0928076803684235,0.6970032453536987,0.9924145936965942,0.2178666740655899,0.08607328683137894,36.18805585056543,0
115,1.0909135937690735,0.698311984539032,0.9846287965774536,0.21747466921806335,0.08621302992105484,36.50671615451574,1
116,1.0867930352687836,0.6987817883491516,0.9822484850883484,0.21803824603557587,0.08614253997802734,36.82678818702698,1
117,1.085625559091568,0.6992180943489075,0.9836888909339905,0.2176673412322998,0.08616642653942108,37.14426942169666,1
118,1.0834170281887054,0.6994865536689758,0.982944130897522,0.21760625392198563,0.08622339367866516,37.46192027628422,1
119,1.0818220973014832,0.6997214555740356,0.9803339838981628,0.217542864382267,0.08609607070684433,37.7812412828207,1
120,1.0807027220726013,0.6999228000640869,0.976474940776825,0.21772661060094833,0.08628643304109573,38.099562637507915,1
121,1.077321857213974,0.7014999985694885,0.9794533252716064,0.21761055290699005,0.08623364567756653,38.41713264584541,1
122,1.0754027664661407,0.7005603909492493,0.9793545007705688,0.21778979897499084,0.08612208068370819,38.72110889106989,0
123,1.073358565568924,0.6999228000640869,0.9763278365135193,0.21770940721035004,0.08640844374895096,39.02528467774391,0
124,1.0709388554096222,0.7021376490592957,0.9754993319511414,0.21792425960302353,0.08623524755239487,39.34428748488426,1
125,1.0706214606761932,0.7016342282295227,0.9748995900154114,0.21738727390766144,0.08607947826385498,39.64784590899944,0
126,1.0669421255588531,0.7010301947593689,0.973396897315979,0.21762703359127045,0.08611463010311127,39.951664708554745,0
127,1.0690753757953644,0.7021712064743042,0.9730810523033142,0.21769336611032486,0.08627954125404358,40.27093720436096,1
128,1.0642031133174896,0.7020034193992615,0.9718723893165588,0.21753840148448944,0.08624312281608582,40.574789710342884,0
129,1.064329832792282,0.7025738954544067,0.9712164998054504,0.21757419407367706,0.08626838773488998,40.89265337586403,1
130,1.0623146891593933,0.7027081251144409,0.9707905650138855,0.21753309667110443,0.08636622130870819,41.216576121747494,1
131,1.059814602136612,0.7030101418495178,0.968654453754425,0.21779220551252365,0.08629941195249557,41.53568221628666,1
132,1.0573179423809052,0.7027081251144409,0.969285249710083,0.21763254702091217,0.0861426517367363,41.83955066651106,0
133,1.0571099817752838,0.7036812901496887,0.9669411778450012,0.21746369451284409,0.08614007383584976,42.15725986659527,1
134,1.0543832778930664,0.7036141753196716,0.9668358564376831,0.21781833469867706,0.08613846451044083,42.46128565073013,0
135,1.0533950924873352,0.70388263463974,0.9669373631477356,0.2175302952528,0.08624487370252609,42.78090484440327,1
136,1.050601303577423,0.7046545147895813,0.9623210430145264,0.2177290916442871,0.0860932394862175,43.09916064143181,1
137,1.050134688615799,0.7046880722045898,0.9619762301445007,0.21758195757865906,0.08630332350730896,43.4170580804348,1
138,1.048455387353897,0.7046880722045898,0.9639037847518921,0.2174597606062889,0.08612919598817825,43.720721654593945,0
139,1.0481231808662415,0.7052921056747437,0.9616749882698059,0.2182822749018669,0.0860738456249237,44.03969465941191,1
140,1.045951008796692,0.7058290243148804,0.9594648480415344,0.21738333255052567,0.08608032017946243,44.35661944001913,1
141,1.043983817100525,0.7045538425445557,0.9635375738143921,0.21787666529417038,0.08608513325452805,44.66064481437206,0
142,1.0414745807647705,0.7046545147895813,0.9609501361846924,0.21734482049942017,0.08611118793487549,44.96415924280882,0
143,1.04274183511734,0.705929696559906,0.9586240649223328,0.21753711253404617,0.08623790740966797,45.281734094023705,1
144,1.0407804548740387,0.7058961391448975,0.9584128856658936,0.21729262918233871,0.0862065777182579,45.58529386669397,0
145,1.0389476120471954,0.7052921056747437,0.9587662220001221,0.2172585278749466,0.08623522520065308,45.88883848488331,0
146,1.0376375019550323,0.7061310410499573,0.9584859013557434,0.21735215187072754,0.08610544353723526,46.20754223316908,1
147,1.0368673503398895,0.7067686319351196,0.9545964598655701,0.21746493875980377,0.0862550139427185,46.52609442919493,1
148,1.0342056155204773,0.7057954668998718,0.9548637866973877,0.2174706757068634,0.08610382676124573,46.8297353386879,0
149,1.0342067778110504,0.706298828125,0.9564602375030518,0.2174510359764099,0.08622797578573227,47.13346864283085,0
150,1.0323127210140228,0.7077082991600037,0.9523051977157593,0.21729490906000137,0.08606140315532684,47.45047155022621,1
151,1.0312027037143707,0.7070035338401794,0.9516296982765198,0.21747174113988876,0.08626189082860947,47.754265271127224,0
152,1.029692381620407,0.7057954668998718,0.9535258412361145,0.21790791302919388,0.08626354485750198,48.058493956923485,0
153,1.0280769169330597,0.7073727250099182,0.950803279876709,0.2173188254237175,0.08621323853731155,48.36208563297987,0
154,1.026405245065689,0.7072720527648926,0.9502077102661133,0.2174563705921173,0.08620734512805939,48.665799133479595,0
155,1.0255118012428284,0.7060303688049316,0.9525479674339294,0.2173515260219574,0.08601706475019455,48.96922521293163,0
156,1.024658441543579,0.7071378231048584,0.9508187770843506,0.21780572086572647,0.0863189771771431,49.27341267466545,0
157,1.022809088230133,0.7069699764251709,0.949565052986145,0.21753155440092087,0.08633877336978912,49.577386036515236,0
158,1.021973878145218,0.7071378231048584,0.9480273127555847,0.21791384369134903,0.08624271303415298,49.881622672080994,0
159,1.019787222146988,0.7071378231048584,0.948279082775116,0.21769088506698608,0.08628721535205841,50.1856784299016,0
160,1.0174699425697327,0.7072720527648926,0.9495770335197449,0.21782753616571426,0.08625887334346771,50.489841125905514,0
161,1.0184765756130219,0.7068693041801453,0.9477010369300842,0.21745207160711288,0.08620717376470566,50.793549343943596,0
162,1.0160858631134033,0.7077082991600037,0.946280300617218,0.21785323321819305,0.08631129562854767,51.11304694414139,1
163,1.013034999370575,0.7072049379348755,0.9470042586326599,0.21840806305408478,0.08627742528915405,51.41779863089323,0
164,1.0154466032981873,0.7076747417449951,0.9448712468147278,0.21755856275558472,0.0860443040728569,51.721467450261116,0
165,1.0133133232593536,0.7087485790252686,0.9432675242424011,0.21766040474176407,0.08621890842914581,52.03985672444105,1
166,1.0103741884231567,0.707607626914978,0.9449428915977478,0.21776314824819565,0.08598466962575912,52.343670129776,0
167,1.0099317729473114,0.7071713805198669,0.9446133375167847,0.21768826246261597,0.08625245094299316,52.647666089236736,0
168,1.0095904171466827,0.7079096436500549,0.9448214769363403,0.21776442229747772,0.08636684715747833,52.9518588706851,0
169,1.0093689858913422,0.7085807919502258,0.942051112651825,0.2175285369157791,0.08602044731378555,53.25546406209469,0
170,1.0066004991531372,0.707037091255188,0.9425215125083923,0.21784591674804688,0.08609875291585922,53.55946844816208,0
171,1.0068938434123993,0.7081109881401062,0.9455758929252625,0.2176617756485939,0.08617179840803146,53.86336237937212,0
172,1.0058135092258453,0.7091177105903625,0.941185712814331,0.2177475541830063,0.08620677888393402,54.181719586253166,1
173,1.0030292123556137,0.7075069546699524,0.9403387904167175,0.21759340912103653,0.08621206134557724,54.48558433353901,0
174,1.0034841001033783,0.7079096436500549,0.9426538944244385,0.2177334502339363,0.08623163402080536,54.789621107280254,0
175,1.0016208291053772,0.7092183828353882,0.9392004013061523,0.2175215259194374,0.08617875725030899,55.10703890025616,1
176,1.0025568902492523,0.7085136771202087,0.9383707046508789,0.217729814350605,0.08615922182798386,55.41104558110237,0
177,0.9993440210819244,0.7091848254203796,0.9422067403793335,0.2177162617444992,0.08607794344425201,55.714914336800575,0
178,1.0000987201929092,0.7092854976654053,0.9382854700088501,0.21762358397245407,0.08614693582057953,56.03239180147648,1
179,0.9976539015769958,0.7097217440605164,0.9369239211082458,0.2177133932709694,0.08625674247741699,56.349117539823055,1
180,0.9975284188985825,0.7091848254203796,0.9407712817192078,0.2176518365740776,0.08626142144203186,56.65309002250433,0
181,0.9965789169073105,0.7102251648902893,0.9353190660476685,0.21749784797430038,0.08619698137044907,56.96981880068779,1
182,0.995904415845871,0.7089834809303284,0.9372138977050781,0.21769782155752182,0.08625897020101547,57.27383292466402,0
183,0.9948316961526871,0.7103593945503235,0.9354389905929565,0.21750286221504211,0.08631739765405655,57.59097186475992,1
184,0.9925578683614731,0.7105271816253662,0.9344813227653503,0.2176423966884613,0.08611764758825302,57.909629963338375,1
185,0.9887111634016037,0.7086143493652344,0.9387792944908142,0.21776817739009857,0.08624540269374847,58.213705733418465,0
186,0.9903535544872284,0.7100909352302551,0.9358208179473877,0.21775587648153305,0.08636701852083206,58.517885491251945,0
187,0.9910525977611542,0.7106949687004089,0.9322918057441711,0.21772686392068863,0.0862901508808136,58.83613134175539,1
188,0.9899300336837769,0.7091177105903625,0.9391095042228699,0.21774768829345703,0.08610498905181885,59.14004734158516,0
189,0.9890411347150803,0.7095203995704651,0.9347466826438904,0.21778643876314163,0.0861925408244133,59.44408322870731,0
190,0.987952247262001,0.7096881866455078,0.9360826015472412,0.21809068322181702,0.08612419664859772,59.74838848412037,0
191,0.9861556142568588,0.7096546292304993,0.9356604814529419,0.21767514944076538,0.08616192638874054,60.052309691905975,0
192,0.9862635582685471,0.7095539569854736,0.9326798915863037,0.2179315686225891,0.0862935483455658,60.35659022629261,0
193,0.9851385951042175,0.709956705570221,0.9350075125694275,0.21770336478948593,0.08625274151563644,60.66060196608305,0
194,0.984557569026947,0.7111647725105286,0.9321243166923523,0.21765553206205368,0.0862634927034378,60.97864332050085,1
195,0.9838963150978088,0.7102251648902893,0.9315473437309265,0.21777449548244476,0.08608818799257278,61.282570116221905,0
196,0.9827186614274979,0.7098224759101868,0.9386242032051086,0.21776855736970901,0.08622845262289047,61.58662519603968,0
197,0.9831466525793076,0.7118023633956909,0.9282627701759338,0.21840862929821014,0.0863073542714119,61.905413672327995,1
198,0.9807228595018387,0.7106614112854004,0.9295454621315002,0.2177780121564865,0.08629146218299866,62.20957427471876,0
199,0.9783049821853638,0.7105942964553833,0.9337393045425415,0.21769389510154724,0.08627112209796906,62.51360376179218,0
200,0.97743920981884,0.7106614112854004,0.9290429353713989,0.21819205582141876,0.08624698966741562,62.81810110062361,0
201,0.9776697158813477,0.7112990021705627,0.9292214512825012,0.2175949290394783,0.08602943271398544,63.1217802837491,0
202,0.9746327698230743,0.7117688059806824,0.9287077188491821,0.21810556948184967,0.08614630252122879,63.426097229123116,0
203,0.974821537733078,0.7119365930557251,0.9294063448905945,0.21774454414844513,0.08602571487426758,63.743547685444355,1
204,0.9738253951072693,0.7113325595855713,0.9309155344963074,0.2177036926150322,0.08615406602621078,64.04746451228857,0
205,0.9733021110296249,0.7118023633956909,0.9277999997138977,0.21769141405820847,0.08629827201366425,64.35151080787182,0
206,0.9726105183362961,0.7125071287155151,0.9285786747932434,0.2179482877254486,0.08623732626438141,64.66967731714249,1
207,0.9707254022359848,0.7123728394508362,0.9257937073707581,0.21764187514781952,0.086179219186306,64.97355639189482,0
208,0.969713568687439,0.7118359208106995,0.9286093711853027,0.21764684468507767,0.08608807623386383,65.27734857052565,0
209,0.9686510413885117,0.7117688059806824,0.9274197220802307,0.21774423867464066,0.0860627144575119,65.58121084421873,0
210,0.9689987748861313,0.7123728394508362,0.9240401387214661,0.2176188826560974,0.08636250346899033,65.88524983078241,0
211,0.9673655033111572,0.7128762602806091,0.9268888235092163,0.21756957471370697,0.08608297258615494,66.20357948541641,1
212,0.967755451798439,0.712809145450592,0.9266108870506287,0.21788428723812103,0.08631949871778488,66.50785379856825,0
213,0.9668989777565002,0.7123392820358276,0.9249940514564514,0.21823613345623016,0.08645510673522949,66.81261505931616,0
214,0.9658661931753159,0.7126413583755493,0.923968493938446,0.21791818737983704,0.08622803539037704,67.11684606224298,0
215,0.964315190911293,0.7125406861305237,0.9273178577423096,0.2176724150776863,0.0860758051276207,67.42066019028425,0
216,0.963292270898819,0.7132453918457031,0.9244909286499023,0.21774137020111084,0.0862397775053978,67.74030340462923,1
217,0.9609797894954681,0.7134802937507629,0.9232932329177856,0.21760378777980804,0.08624514937400818,68.05764332413673,1
218,0.961490124464035,0.7123057246208191,0.9256962537765503,0.21743721514940262,0.08603157848119736,68.3611736819148,0
219,0.96076400578022,0.7134467363357544,0.9242712259292603,0.21765634417533875,0.08625178039073944,68.66513954102993,0
220,0.9593473672866821,0.7140507698059082,0.9227879643440247,0.2183268889784813,0.08644178509712219,68.9833152294159,1
221,0.9597353488206863,0.7135809659957886,0.922505259513855,0.21804682165384293,0.08622070401906967,69.28767547011375,0
222,0.9582389444112778,0.7132789492607117,0.9231730103492737,0.21789589524269104,0.0863688588142395,69.59199945628643,0
223,0.9585396647453308,0.7136816382408142,0.9262837767601013,0.21803110092878342,0.08621013909578323,69.89630826562643,0
224,0.9571901708841324,0.7143527865409851,0.9216641187667847,0.2176385223865509,0.08626335114240646,70.21643265336752,1
225,0.9575890898704529,0.7129433751106262,0.923424243927002,0.21775003522634506,0.08609632402658463,70.5203363969922,0
226,0.9550571143627167,0.7132118344306946,0.9216451644897461,0.21787969768047333,0.08621212095022202,70.8244853168726,0
227,0.9559696763753891,0.7134802937507629,0.9203141927719116,0.21832437068223953,0.08624763041734695,71.12911710888147,0
228,0.9538775533437729,0.713111162185669,0.923449695110321,0.2176320031285286,0.08619680255651474,71.43301146477461,0
229,0.9528554826974869,0.713111162185669,0.920106828212738,0.2177436500787735,0.08603944629430771,71.73685190081596,0
230,0.952172577381134,0.7144199013710022,0.9212327003479004,0.21772382408380508,0.08608461916446686,72.05532276630402,1
231,0.9495708793401718,0.7136145234107971,0.9205721020698547,0.21774356812238693,0.08625294268131256,72.35937288403511,0
232,0.9511788189411163,0.7142185568809509,0.9200005531311035,0.21782761067152023,0.0862353965640068,72.66349429637194,0
233,0.9498666971921921,0.7145205736160278,0.9211297035217285,0.21876081079244614,0.08651338517665863,72.98324961960316,1
234,0.9515242427587509,0.7142521142959595,0.9195654988288879,0.2178976982831955,0.0862693190574646,73.28752179443836,0
235,0.9475693553686142,0.7135809659957886,0.922698438167572,0.2177981212735176,0.08624356240034103,73.59163105487823,0
236,0.9469862133264542,0.7148225903511047,0.9176467061042786,0.21767663210630417,0.08610229939222336,73.90935418754816,1
237,0.9486587643623352,0.7141178846359253,0.9188026189804077,0.21784736216068268,0.0862358808517456,74.21351404488087,0
238,0.9462365359067917,0.714285671710968,0.9231451749801636,0.2177586555480957,0.08624990284442902,74.51758237928152,0
239,0.9454888105392456,0.7146883606910706,0.9170415997505188,0.21800824254751205,0.08607232570648193,74.8217309564352,0
240,0.9458904713392258,0.7150911092758179,0.918241024017334,0.21775081008672714,0.08617183566093445,75.14051473140717,1
241,0.9481489360332489,0.7144199013710022,0.9186013340950012,0.21774564683437347,0.08627668023109436,75.44462540000677,0
242,0.9434837847948074,0.7157622575759888,0.9167875051498413,0.21775852888822556,0.08630972355604172,75.76271583884954,1
243,0.9424687772989273,0.7154602408409119,0.916027843952179,0.2182854562997818,0.0862346962094307,76.06730418652296,0
244,0.9435530453920364,0.7148897051811218,0.9162327647209167,0.21770086884498596,0.08624382317066193,76.37130176275969,0
245,0.9423315823078156,0.7148561477661133,0.9184157848358154,0.21772823482751846,0.0862518921494484,76.67534554004669,0
246,0.9400669485330582,0.7148225903511047,0.9216473698616028,0.21813000738620758,0.0864400640130043,76.97998427599669,0
247,0.9409626722335815,0.715158224105835,0.914462685585022,0.21776556223630905,0.08611094206571579,77.28392903506756,0
248,0.9407844841480255,0.7151246666908264,0.9171864986419678,0.21771591901779175,0.08592382073402405,77.58763474971056,0
249,0.9385888427495956,0.7136816382408142,0.9223930835723877,0.2177814319729805,0.08616205304861069,77.89163793623447,0
250,0.940604031085968,0.7151246666908264,0.9150716662406921,0.21777300536632538,0.08625592291355133,78.1957375779748,0
251,0.9403346925973892,0.7168360948562622,0.9152133464813232,0.2178037390112877,0.08627250045537949,78.51385299116373,1
252,0.9361947774887085,0.7158293724060059,0.9181796908378601,0.2180469036102295,0.08607438951730728,78.81804804503918,0
253,0.9361797124147415,0.7162991762161255,0.915704607963562,0.21784034371376038,0.0862845927476883,79.12224484235048,0
254,0.9383243769407272,0.7153260111808777,0.9169762134552002,0.2177637666463852,0.08608166873455048,79.42616831511259,0
255,0.9334995597600937,0.7154937982559204,0.9153952598571777,0.21789247542619705,0.08613801002502441,79.73026474565268,0
256,0.9339428246021271,0.7157958149909973,0.9130615592002869,0.21760522574186325,0.08627987653017044,80.03420919179916,0
257,0.9329240620136261,0.7160307168960571,0.9149017930030823,0.2178843766450882,0.0861353725194931,80.33829408884048,0
258,0.9318220019340515,0.7158293724060059,0.9157867431640625,0.2181834802031517,0.0863531306385994,80.64289546757936,0
259,0.9318224042654037,0.7161649465560913,0.9111879467964172,0.21783048659563065,0.08613237738609314,80.94692971557379,0
260,0.9305938929319382,0.7166683077812195,0.9125704765319824,0.21810604631900787,0.08640331774950027,81.25150076299906,0
261,0.9314109981060028,0.7158629298210144,0.9174595475196838,0.21795254200696945,0.08628635853528976,81.55580109357834,0
262,0.931239902973175,0.7157622575759888,0.911892831325531,0.2195666953921318,0.08613012731075287,81.86157996207476,0
263,0.9289363622665405,0.7164669632911682,0.9130365252494812,0.21784893423318863,0.0860767662525177,82.16557344049215,0
264,0.9289781898260117,0.7163662910461426,0.9177751541137695,0.21766740828752518,0.08602632582187653,82.4693298265338,0
265,0.9267211258411407,0.7169367671012878,0.9121246337890625,0.2182970643043518,0.08630689978599548,82.7888543009758,1
266,0.9289088398218155,0.7165676355361938,0.9102139472961426,0.21780326962471008,0.08625563234090805,83.09298685193062,0
267,0.9265310913324356,0.7157958149909973,0.9155566692352295,0.21775227040052414,0.08613511174917221,83.39694279432297,0
268,0.9256862550973892,0.7168696522712708,0.9132297039031982,0.2175772860646248,0.08626888692378998,83.70084916055202,0
269,0.9257563650608063,0.716332733631134,0.9122389554977417,0.21772879362106323,0.08609936386346817,84.00475927442312,0
270,0.9260532706975937,0.7167689800262451,0.9132053256034851,0.2178274467587471,0.08611825853586197,84.30879005789757,0
271,0.9245617240667343,0.7176079154014587,0.9100034832954407,0.21774741262197495,0.08608561754226685,84.62849868834019,1
272,0.9232868254184723,0.717440128326416,0.9112708568572998,0.21761326491832733,0.08618295192718506,84.93236339837313,0
273,0.9221057295799255,0.7173730134963989,0.9134469032287598,0.21801787614822388,0.08610674738883972,85.23654924333096,0
274,0.9233658611774445,0.7172723412513733,0.9094627499580383,0.21823801845312119,0.08619829267263412,85.54109012335539,0
275,0.9230938106775284,0.7174065709114075,0.9118778705596924,0.21794266253709793,0.08629448711872101,85.84543372690678,0
276,0.9211294502019882,0.7178093194961548,0.912480354309082,0.21752452850341797,0.086119145154953,86.163928873837,1
277,0.9204294979572296,0.718312680721283,0.9100179076194763,0.2176012098789215,0.08612529188394547,86.48285183310509,1
278,0.9195267409086227,0.7181113362312317,0.9095726609230042,0.21754028648138046,0.08600180596113205,86.7864686101675,0
279,0.9188854545354843,0.7175072431564331,0.9119014739990234,0.21770593523979187,0.08597753942012787,87.09022250026464,0
280,0.9185401052236557,0.7175072431564331,0.9096803665161133,0.2174733281135559,0.08609215170145035,87.39386592060328,0
281,0.9183816909790039,0.7182455658912659,0.9095333218574524,0.21742689609527588,0.08621492981910706,87.69758324325085,0
282,0.9180883169174194,0.717943549156189,0.9095794558525085,0.21790064126253128,0.08637823164463043,88.00192496180534,0
283,0.9167924523353577,0.7177422046661377,0.9087666869163513,0.21861296147108078,0.08636071532964706,88.30701558291912,0
284,0.9156083315610886,0.7172052264213562,0.9108206033706665,0.21803201735019684,0.08616582304239273,88.611328586936,0
285,0.9158577769994736,0.7180442214012146,0.9105934500694275,0.21773747354745865,0.08610865473747253,88.9152329415083,0
286,0.9161315858364105,0.7183797955513,0.9090918302536011,0.2188187837600708,0.08642970025539398,89.2348862066865,1
287,0.9150145202875137,0.7181784510612488,0.9093610048294067,0.21786943823099136,0.08633694797754288,89.53919398784637,0
288,0.9143373221158981,0.7182120084762573,0.9113273620605469,0.2179369479417801,0.08599035441875458,89.84319326281548,0
289,0.9131903946399689,0.718748927116394,0.905849277973175,0.21852359175682068,0.08618199825286865,90.1619376540184,1
290,0.9134567677974701,0.717943549156189,0.9069088697433472,0.21762517094612122,0.08608733117580414,90.46571461111307,0
291,0.9118654578924179,0.7176750898361206,0.9124698638916016,0.21743101626634598,0.08623766154050827,90.7694337144494,0
292,0.9099579155445099,0.7186482548713684,0.9092224836349487,0.2177639901638031,0.08613501489162445,91.07339461892843,0
293,0.9103724211454391,0.7194536328315735,0.9068067073822021,0.21780436486005783,0.0861736610531807,91.39218715578318,1
294,0.9118232280015945,0.7186146974563599,0.9098857045173645,0.21760020405054092,0.08624066412448883,91.69608855992556,0
295,0.9099972099065781,0.7183462381362915,0.9084956049919128,0.2178800404071808,0.08617836982011795,92.00022204965353,0
296,0.9099865704774857,0.7182791233062744,0.9063587784767151,0.21765439212322235,0.08603380620479584,92.30397015064955,0
297,0.90853051841259,0.718748927116394,0.9064188003540039,0.2177455648779869,0.08607111126184464,92.60784302651882,0
298,0.9085209220647812,0.7177086472511292,0.9101594090461731,0.21767421066761017,0.08620284497737885,92.91177763044834,0
299,0.9084640443325043,0.7184133529663086,0.9069539904594421,0.2175094559788704,0.08623785525560379,93.21558158099651,0
300,0.9078617841005325,0.7200576663017273,0.9050207138061523,0.21774453669786453,0.08624829351902008,93.53362066298723,1
301,0.9081396609544754,0.718312680721283,0.9094187021255493,0.217753566801548,0.08608965575695038,93.8375251442194,0
302,0.9063023626804352,0.7185811400413513,0.9087464809417725,0.21768642216920853,0.08621778339147568,94.14148525893688,0
303,0.9081594049930573,0.7202590107917786,0.9037517309188843,0.21763496100902557,0.08613768219947815,94.45908933877945,1
304,0.9077485054731369,0.7187153697013855,0.9071953892707825,0.2178030163049698,0.0862739235162735,94.76323362439871,0
305,0.9063915014266968,0.7196885347366333,0.9079161286354065,0.21772357821464539,0.0862201601266861,95.06723733246326,0
306,0.9067994356155396,0.7191516160964966,0.9060361981391907,0.21824365109205246,0.08607225120067596,95.37166761606932,0
307,0.9036463797092438,0.7196885347366333,0.9031503796577454,0.2179097831249237,0.08624468743801117,95.67589494585991,0
308,0.9046823531389236,0.7188160419464111,0.9082584381103516,0.2175993025302887,0.08625449240207672,95.9798042550683,0
309,0.9038713872432709,0.7195878624916077,0.904377281665802,0.218115895986557,0.08615653216838837,96.28413380682468,0
310,0.9027313143014908,0.7196549773216248,0.905563235282898,0.21775979548692703,0.08614084869623184,96.58809258788824,0
311,0.9032622575759888,0.7196214199066162,0.9071670174598694,0.21824467182159424,0.08626250177621841,96.89265643805265,0
312,0.9012283831834793,0.7193529605865479,0.9074066877365112,0.21760301291942596,0.08625437319278717,97.19656842947006,0
313,0.9004811197519302,0.7201918959617615,0.9053849577903748,0.21778184920549393,0.08627330511808395,97.50067962706089,0
314,0.9014997482299805,0.7200241088867188,0.904582142829895,0.21740247309207916,0.08614141494035721,97.80428025126457,0
315,0.900584876537323,0.7192858457565308,0.9069257974624634,0.21776048094034195,0.08608533442020416,98.10818191617727,0
316,0.8995912969112396,0.7198898792266846,0.9064853191375732,0.21762049943208694,0.08606680482625961,98.41192471981049,0
317,0.8988362550735474,0.7215006947517395,0.903194785118103,0.2176891416311264,0.08624754846096039,98.73468437045813,1
318,0.8992056846618652,0.7198227643966675,0.9058199524879456,0.2186865285038948,0.08639772236347198,99.03984987735748,0
319,0.8972395062446594,0.7196885347366333,0.9071428775787354,0.2182624787092209,0.08622138947248459,99.3444157615304,0
320,0.8980414122343063,0.7208966612815857,0.9008608460426331,0.21794083714485168,0.086270771920681,99.64871052652597,0
321,0.8972139209508896,0.7197892069816589,0.9052660465240479,0.21758323907852173,0.08616677671670914,99.9525419101119,0
322,0.8985143005847931,0.7183462381362915,0.9098899960517883,0.21785345673561096,0.0862070769071579,100.25665870308876,0
323,0.8971107006072998,0.7203261852264404,0.9023436307907104,0.21762122213840485,0.08618119359016418,100.56051813066006,0
324,0.896664097905159,0.7201583385467529,0.9071123003959656,0.21770712733268738,0.08615745604038239,100.86444032937288,0
325,0.8958690762519836,0.7188831567764282,0.9065605998039246,0.21854408830404282,0.08618902415037155,101.16923133283854,0
326,0.8961890637874603,0.7208966612815857,0.901710033416748,0.21760135889053345,0.08622754365205765,101.47313313931227,0
327,0.8953930735588074,0.7205275297164917,0.905404269695282,0.2179092839360237,0.08623223751783371,101.77733306586742,0
328,0.8936627954244614,0.7203933000564575,0.9069360494613647,0.21790418773889542,0.08606801182031631,102.08141420781612,0
329,0.8932803422212601,0.7208295464515686,0.9036641716957092,0.21791553497314453,0.08628036081790924,102.38567384332418,0
330,0.8919044733047485,0.7212993502616882,0.902623176574707,0.2177203893661499,0.08621793240308762,102.689687050879,0
331,0.8901249915361404,0.7205610871315002,0.9043927192687988,0.21781443804502487,0.08614756166934967,102.99373687058687,0
332,0.8919278830289841,0.720359742641449,0.9051449298858643,0.2176523432135582,0.08623474836349487,103.29769361019135,0
333,0.8912389576435089,0.7212993502616882,0.900590717792511,0.2177710458636284,0.0863330289721489,103.60185828059912,0
334,0.8913277834653854,0.7208966612815857,0.9040812849998474,0.21758515387773514,0.08623234182596207,103.90574644505978,0
335,0.8902289569377899,0.7198227643966675,0.9055099487304688,0.2177516296505928,0.08601047098636627,104.20957925915718,0
336,0.891815185546875,0.7209637761116028,0.9020305871963501,0.21774645894765854,0.0863000750541687,104.51369345188141,0
337,0.888643428683281,0.7217020392417908,0.9003509879112244,0.21851607412099838,0.08618675172328949,104.83278561383486,1
338,0.8905254602432251,0.72022545337677,0.9082353115081787,0.21776829659938812,0.0862402617931366,105.1368840187788,0
339,0.8899203389883041,0.7218027114868164,0.902676522731781,0.21768943220376968,0.08620794862508774,105.45408857613802,1
340,0.8872145414352417,0.7215678095817566,0.8998937606811523,0.2175060212612152,0.0862162634730339,105.75786822289228,0
341,0.8870277851819992,0.7195878624916077,0.9081451296806335,0.21824441850185394,0.08633416146039963,106.06250598281622,0
342,0.8869635462760925,0.7213664650917053,0.9029844999313354,0.21775490045547485,0.08639059215784073,106.36675471812487,0
343,0.8850190043449402,0.7212657928466797,0.9007659554481506,0.21754710376262665,0.0862358883023262,106.67060140520334,0
344,0.8869612514972687,0.7206617593765259,0.905514657497406,0.21759556233882904,0.08597064763307571,106.97423092275858,0
345,0.8864421248435974,0.7210308909416199,0.9013025760650635,0.21769912540912628,0.08624370396137238,107.27822640538216,0
346,0.8855912685394287,0.7205610871315002,0.9015483856201172,0.21798598021268845,0.08612316101789474,107.5823991894722,0
347,0.8849575966596603,0.7214000225067139,0.9050858616828918,0.21776584535837173,0.08626554906368256,107.88648300617933,0
348,0.8841754794120789,0.7208966612815857,0.9017549157142639,0.2176179140806198,0.08622118830680847,108.19038081914186,0
349,0.884552076458931,0.7208966612815857,0.9037121534347534,0.2176637277007103,0.08609766513109207,108.49419570714235,0
350,0.8840253353118896,0.7227423191070557,0.9014109969139099,0.21757996082305908,0.08630084991455078,108.81175343692303,1
351,0.8827604800462723,0.7215006947517395,0.9013649821281433,0.21814320981502533,0.08611910790205002,109.11611746251583,0
352,0.8815333694219589,0.721098005771637,0.9067113399505615,0.21772141009569168,0.08613008260726929,109.42018564045429,0
353,0.8821040242910385,0.7229436635971069,0.9020639061927795,0.21765373647212982,0.0860961303114891,109.73754964023829,1
354,0.8805011361837387,0.7234135270118713,0.8974525332450867,0.21744734048843384,0.08610007911920547,110.06414141505957,1
355,0.8817382603883743,0.7207959890365601,0.9080098867416382,0.2179635614156723,0.08615707606077194,110.36834634840488,0
356,0.8815107494592667,0.7223396301269531,0.9010251760482788,0.2174919918179512,0.08599650859832764,110.67191530764103,0
357,0.8816758692264557,0.7224067449569702,0.8980472087860107,0.21761701256036758,0.08624158799648285,110.97583123296499,0
358,0.8779384046792984,0.7206282019615173,0.9092763066291809,0.21857057511806488,0.08635135740041733,111.2808166667819,0
359,0.8809442818164825,0.7220376133918762,0.9028835892677307,0.21770739555358887,0.08596844226121902,111.58454725146294,0
360,0.8789315521717072,0.7225074172019958,0.8999770879745483,0.21769047528505325,0.08618389070034027,111.88847493380308,0
361,0.8781229704618454,0.7206953167915344,0.904509425163269,0.21754326671361923,0.08620153367519379,112.19227369129658,0
362,0.8770332932472229,0.721098005771637,0.9022359251976013,0.21766391396522522,0.08612494170665741,112.49612655490637,0
363,0.8762616962194443,0.7228429913520813,0.8973913788795471,0.21755573898553848,0.08615610003471375,112.79989768564701,0
364,0.8794590532779694,0.7220040559768677,0.9034020304679871,0.217618927359581,0.08606742322444916,113.1036412641406,0
365,0.8758678883314133,0.7225745320320129,0.9042151570320129,0.21746041625738144,0.08600378781557083,113.40715520828962,0
366,0.8759787231683731,0.7232457399368286,0.90028315782547,0.21808534115552902,0.08649341017007828,113.71179041266441,0
367,0.8761255592107773,0.7221047282218933,0.9030361771583557,0.21833398938179016,0.08628002554178238,114.01653919368982,0
368,0.8749111294746399,0.7215006947517395,0.903411865234375,0.21760182082653046,0.08598487079143524,114.32019942253828,0
369,0.8750902563333511,0.7231115102767944,0.9021453261375427,0.21837861090898514,0.08633602410554886,114.6250099465251,0
370,0.8751742243766785,0.7236148715019226,0.8978807330131531,0.21775799244642258,0.08620920777320862,114.94313419610262,1
371,0.874639019370079,0.7225074172019958,0.9013636708259583,0.21763672679662704,0.08629021793603897,115.24713847786188,0
372,0.873060405254364,0.722205400466919,0.905269205570221,0.2174709066748619,0.08620359748601913,115.55087660998106,0
373,0.8721760511398315,0.7223060727119446,0.900640070438385,0.2173064947128296,0.08597514778375626,115.85422956198454,0
374,0.8722754865884781,0.7227758765220642,0.90088951587677,0.21776703000068665,0.08628781884908676,116.15835137665272,0
375,0.8726763278245926,0.7230108380317688,0.904121458530426,0.21743299812078476,0.08621948957443237,116.4620998725295,0
376,0.8706153631210327,0.7232792973518372,0.899763286113739,0.21741539239883423,0.08606479316949844,116.7656365558505,0
377,0.870999276638031,0.7224738597869873,0.902031660079956,0.21754635125398636,0.08627786487340927,117.06951896101236,0
378,0.87114617228508,0.7229101061820984,0.905197262763977,0.2172958254814148,0.08604297786951065,117.37291234731674,0
379,0.8695113062858582,0.7242189049720764,0.8988204598426819,0.21751073747873306,0.08620107173919678,117.69194693118334,1
380,0.8708354979753494,0.7228094339370728,0.9005342721939087,0.21788736432790756,0.08633587509393692,117.99623032659292,0
381,0.8691142499446869,0.7228094339370728,0.902619481086731,0.21776124835014343,0.0862077847123146,118.30030094832182,0
382,0.8693771511316299,0.7232121825218201,0.9017976522445679,0.21762577444314957,0.08625838160514832,118.60427502542734,0
383,0.8702514469623566,0.7228429913520813,0.9001807570457458,0.2174079343676567,0.0862838551402092,118.90804466605186,0
384,0.8700359761714935,0.7220376133918762,0.9032167196273804,0.21830902248620987,0.08630935102701187,119.21276157349348,0
385,0.8689942508935928,0.7229436635971069,0.9011699557304382,0.21749364584684372,0.0861857533454895,119.51651098579168,0
386,0.8655554801225662,0.7223731875419617,0.8998522162437439,0.21804097294807434,0.0863339826464653,119.82095149159431,0
387,0.8690734952688217,0.7216684818267822,0.9054334759712219,0.21775731444358826,0.08627327531576157,120.12505050003529,0
388,0.8676164299249649,0.7246551513671875,0.8980941772460938,0.2175733670592308,0.08630406856536865,120.44392431527376,1
389,0.8659678995609283,0.7224067449569702,0.9007480144500732,0.2175031304359436,0.08621940016746521,120.7477208301425,0
390,0.8662334978580475,0.7221382856369019,0.9058434963226318,0.21741224080324173,0.08621425181627274,121.05141185969114,0
391,0.8654855191707611,0.7245209217071533,0.9000360369682312,0.21734566986560822,0.08625811338424683,121.35508578270674,0
392,0.8656023889780045,0.7233799695968628,0.9005835652351379,0.21755122393369675,0.08606873452663422,121.65876380354166,0
393,0.8671420067548752,0.7231115102767944,0.9020357131958008,0.21747593581676483,0.08624931424856186,121.96254643052816,0
394,0.8641351759433746,0.7237491011619568,0.9012784957885742,0.21738680452108383,0.08622737228870392,122.26622086763382,0
395,0.8653605133295059,0.7231786251068115,0.9024507403373718,0.2175353541970253,0.08614081889390945,122.56996463239193,0
396,0.8645326197147369,0.7236484289169312,0.9007276892662048,0.21742834150791168,0.08609432727098465,122.87356791645288,0
397,0.8642925322055817,0.7248564958572388,0.8976491689682007,0.21767950057983398,0.08615156263113022,123.19289273023605,1
398,0.8650861382484436,0.7234470844268799,0.9038959741592407,0.2174125835299492,0.08623922616243362,123.4966052249074,0
399,0.8628475368022919,0.7226080894470215,0.9031422734260559,0.2178294137120247,0.08611559122800827,123.80061683803797,0
400,0.8616192638874054,0.7249236106872559,0.896391749382019,0.21808844804763794,0.08623810857534409,124.11812982708216,1
401,0.8639878183603287,0.7227758765220642,0.9003254771232605,0.21751435846090317,0.0862099677324295,124.42191332578659,0
402,0.8605329990386963,0.7220040559768677,0.9062497615814209,0.2172316238284111,0.08619967848062515,124.72539477795362,0
403,0.8627602010965347,0.7248564958572388,0.899060845375061,0.21801861375570297,0.08627476543188095,125.02974454313517,0
404,0.8615782409906387,0.7251249551773071,0.8961824178695679,0.21720731258392334,0.08618848770856857,125.34736573696136,1
405,0.8591594994068146,0.7225074172019958,0.9045750498771667,0.21728459745645523,0.08621594309806824,125.65091911703348,0
406,0.8616793155670166,0.724319577217102,0.9008439779281616,0.21738694608211517,0.08624466508626938,125.95460619032383,0
407,0.8619521409273148,0.7237826585769653,0.8997375965118408,0.21758823096752167,0.08625190705060959,126.25851832330227,0
408,0.8592987209558487,0.7236148715019226,0.902434766292572,0.21746829897165298,0.08642363548278809,126.56246923655272,0
409,0.8588716387748718,0.7247893810272217,0.8970356583595276,0.21723399311304092,0.08612632006406784,126.86589054763317,0
410,0.8595869690179825,0.724621593952179,0.8975081443786621,0.2174385040998459,0.08626590669155121,127.16964667290449,0
411,0.8590080291032791,0.724252462387085,0.9043246507644653,0.21745502948760986,0.08604446798563004,127.4732017442584,0
412,0.8568169474601746,0.7241182327270508,0.9014459848403931,0.2173195481300354,0.08624178171157837,127.77681859582663,0
413,0.8577727973461151,0.7252256274223328,0.8977468013763428,0.21741030365228653,0.08624238520860672,128.09520655870438,1
414,0.8584185689687729,0.7241517901420593,0.8986806869506836,0.2174847424030304,0.08624156564474106,128.399002276361,0
415,0.859677866101265,0.7239840030670166,0.9003626108169556,0.21745115518569946,0.0860748291015625,128.70258555561304,0
416,0.8571659624576569,0.7244538068771362,0.8994498252868652,0.2173733115196228,0.08610973507165909,129.0061213374138,0
417,0.8547125905752182,0.7248900532722473,0.8975039720535278,0.21761173009872437,0.08622635900974274,129.31001894176006,0
418,0.854509562253952,0.7241517901420593,0.8992307186126709,0.2177480310201645,0.08625804632902145,129.61412066966295,0
419,0.8555946499109268,0.724252462387085,0.8987082839012146,0.21770871430635452,0.08623373508453369,129.91812823712826,0
420,0.8559510111808777,0.7245209217071533,0.8998683094978333,0.2175518348813057,0.08617815375328064,130.22191908210516,0
421,0.8547313809394836,0.7247893810272217,0.9001060724258423,0.21709369122982025,0.08614873886108398,130.52521263808012,0
422,0.8548215478658676,0.7243866920471191,0.9025167226791382,0.21756341308355331,0.08611094206571579,130.82894311845303,0
423,0.8547717928886414,0.7253598570823669,0.8978862762451172,0.21745969355106354,0.08619702607393265,131.1465723067522,1
424,0.8546170145273209,0.7238497734069824,0.8999663591384888,0.21723074465990067,0.08622842282056808,131.45008882135153,0
425,0.8535297960042953,0.72505784034729,0.8996951580047607,0.21740995347499847,0.08618923276662827,131.75374925136566,0
426,0.8514751493930817,0.7247222661972046,0.8987229466438293,0.2173011675477028,0.08599701523780823,132.05710390210152,0
427,0.8526263982057571,0.7232121825218201,0.9018556475639343,0.21721678227186203,0.08613849431276321,132.3605164811015,0
428,0.8515786975622177,0.7249236106872559,0.898280143737793,0.21743235737085342,0.08637058734893799,132.6643786430359,0
429,0.8522601276636124,0.7246551513671875,0.8998302817344666,0.21744456142187119,0.08619008958339691,132.96806775033474,0
430,0.8512549549341202,0.725426971912384,0.8987799882888794,0.21733414381742477,0.08625777810811996,133.28518970310688,1
431,0.8521069139242172,0.7253262996673584,0.8967989087104797,0.2173251211643219,0.08617978543043137,133.58875396102667,0
432,0.8520796597003937,0.7244873642921448,0.9033111929893494,0.2175433561205864,0.08610112965106964,133.89245384931564,0
433,0.851445659995079,0.7258297204971313,0.8994613289833069,0.2174379751086235,0.08614780753850937,134.20953911542892,1
434,0.8496607095003128,0.7251585125923157,0.8966878056526184,0.2173328399658203,0.08624791353940964,134.5131823644042,0
435,0.8500539660453796,0.7248564958572388,0.9009901881217957,0.2173728123307228,0.08625605702400208,134.8168673813343,0
436,0.8506380766630173,0.7258968353271484,0.8991010189056396,0.21731534600257874,0.08614480495452881,135.13536950200796,1
437,0.8506574332714081,0.7245880365371704,0.8981345295906067,0.21785513311624527,0.08610420674085617,135.43938864022493,0
438,0.8495219349861145,0.7252256274223328,0.8978481888771057,0.21727558225393295,0.08603427559137344,135.7427542731166,0
439,0.8483445942401886,0.7251249551773071,0.9011420011520386,0.2173723354935646,0.08606815338134766,136.04624523222446,0
440,0.8498071879148483,0.7251920700073242,0.9025172591209412,0.21745511889457703,0.0861966609954834,136.3499641418457,0
441,0.8484231978654861,0.7239840030670166,0.8992037177085876,0.2171246036887169,0.08622157573699951,136.65336254239082,0
442,0.8462507426738739,0.7250242829322815,0.8989243507385254,0.21742166578769684,0.08627261221408844,136.95712128281593,0
443,0.8471028506755829,0.7252256274223328,0.8985770344734192,0.21724331378936768,0.08624613285064697,137.26066704839468,0
444,0.8478281497955322,0.7251249551773071,0.9025033712387085,0.21740417182445526,0.08618965744972229,137.5643180012703,0
445,0.8458433598279953,0.7250242829322815,0.9018017053604126,0.2174130231142044,0.08615337312221527,137.86794409900904,0
446,0.8470855802297592,0.7253934144973755,0.8972944021224976,0.21752217411994934,0.08613695949316025,138.17171601951122,0
447,0.8470015674829483,0.7239168882369995,0.9025027751922607,0.21756572276353836,0.08619126677513123,138.47552762180567,0
448,0.8451863378286362,0.7255947589874268,0.8984658718109131,0.21736445277929306,0.08615407347679138,138.7791036888957,0
449,0.8449070900678635,0.7267693281173706,0.898392915725708,0.21743736416101456,0.08616510033607483,139.0973765179515,1
450,0.8449555486440659,0.7247222661972046,0.9006854295730591,0.218541219830513,0.08629988878965378,139.40228214859962,0
451,0.8437610566616058,0.725426971912384,0.8968080282211304,0.21743659675121307,0.08620527386665344,139.70598674565554,0
452,0.8444990664720535,0.726299524307251,0.8977636694908142,0.21762362867593765,0.0861143246293068,140.00979508459568,0
453,0.8452137261629105,0.7239840030670166,0.9057123064994812,0.21761710196733475,0.08619807660579681,140.313691444695,0
454,0.8439456522464752,0.7251920700073242,0.8968921303749084,0.21746202558279037,0.08610095083713531,140.61732361465693,0
455,0.844552606344223,0.7251920700073242,0.8987388014793396,0.21743520349264145,0.0862094834446907,140.92102554440498,0
456,0.8438209742307663,0.7240511178970337,0.9008004665374756,0.2175597921013832,0.08620994538068771,141.22485302388668,0
457,0.8420712351799011,0.7241853475570679,0.9013640284538269,0.2173171266913414,0.08606855571269989,141.52829318493605,0
458,0.8441140353679657,0.7257961630821228,0.9007243514060974,0.21743696928024292,0.08620582520961761,141.83200358599424,0
459,0.840090423822403,0.7249571681022644,0.8975132703781128,0.22062169015407562,0.08603458106517792,142.1387297809124,0
460,0.8406912833452225,0.7255276441574097,0.8988916277885437,0.21752866357564926,0.08608577400445938,142.44240076839924,0
461,0.8432180732488632,0.724688708782196,0.8986223936080933,0.21746447682380676,0.08631040155887604,142.7462289482355,0
462,0.8405594080686569,0.7248229384422302,0.9028509259223938,0.2178189754486084,0.08625606447458267,143.0503603219986,0
463,0.8410009443759918,0.7264337539672852,0.8988310694694519,0.21751705557107925,0.08624307811260223,143.35417073965073,0
464,0.8407001197338104,0.7241853475570679,0.8985244035720825,0.21717429161071777,0.08612117916345596,143.6575216948986,0
465,0.8393749892711639,0.7254605293273926,0.9020205736160278,0.21739652007818222,0.08609969913959503,143.96107168495655,0
466,0.8410741090774536,0.7269035577774048,0.8993025422096252,0.21729588508605957,0.0862497016787529,144.28074823319912,1
467,0.840321809053421,0.7251920700073242,0.9042896628379822,0.21740692108869553,0.08625732362270355,144.58447220921516,0
468,0.8401884287595749,0.7251585125923157,0.9007129669189453,0.2175537273287773,0.08627086132764816,144.88835198432207,0
469,0.8414973467588425,0.727037787437439,0.8962241411209106,0.21741534024477005,0.08629842847585678,145.2060130983591,1
470,0.8394199460744858,0.724621593952179,0.9048781394958496,0.21810472756624222,0.08625070750713348,145.51046784967184,0
471,0.8375482112169266,0.7254605293273926,0.898422122001648,0.21734674274921417,0.08624982833862305,145.81412989646196,0
472,0.8402470648288727,0.7266015410423279,0.8949598670005798,0.21744661778211594,0.08624401688575745,146.11787819862366,0
473,0.8394570201635361,0.7260310649871826,0.9001303315162659,0.21750357747077942,0.08610397577285767,146.42154758423567,0
474,0.8379934132099152,0.7266015410423279,0.9005416631698608,0.21751955151557922,0.08622629940509796,146.7253469377756,0
475,0.8370587974786758,0.7266350984573364,0.8972147703170776,0.21850969642400742,0.08633248507976532,147.03024819493294,0
476,0.8388325572013855,0.7260981798171997,0.9004848003387451,0.21772529184818268,0.0861593633890152,147.3342378884554,0
477,0.8364060074090958,0.7252927422523499,0.9019491672515869,0.2180112972855568,0.08602584153413773,147.63834228366613,0
478,0.836980015039444,0.7267022132873535,0.8969267010688782,0.21791720390319824,0.08629061281681061,147.94263412803411,0
479,0.8359380513429642,0.7272726893424988,0.8966768980026245,0.21802867949008942,0.08625765889883041,148.26107054948807,1
480,0.8371218591928482,0.7248229384422302,0.9013383984565735,0.21841370314359665,0.08635424077510834,148.5659300982952,0
481,0.8369958400726318,0.7249571681022644,0.9029544591903687,0.2176751047372818,0.08618896454572678,148.86990812420845,0
482,0.836901530623436,0.7264001965522766,0.897852897644043,0.217378668487072,0.08612488955259323,149.17346850782633,0
483,0.8359146416187286,0.7267693281173706,0.8992396593093872,0.217489555478096,0.08609389513731003,149.47710747271776,0
484,0.8341623097658157,0.7252591848373413,0.9005355834960938,0.2174990102648735,0.0860883817076683,149.7807635590434,0
485,0.8351294696331024,0.7257961630821228,0.897681713104248,0.2174803838133812,0.0862530842423439,150.08455300331116,0
486,0.8350281268358231,0.7262659668922424,0.8982528448104858,0.21734513342380524,0.08630193769931793,150.38825498521328,0
487,0.8337364941835403,0.7257290482521057,0.9057374596595764,0.2174660786986351,0.08615180104970932,150.69193118065596,0
488,0.835041418671608,0.7253934144973755,0.8990795612335205,0.21751755475997925,0.08624904602766037,150.99575919657946,0
489,0.8330411911010742,0.7260646224021912,0.8986153602600098,0.21750185638666153,0.08628961443901062,151.29961801320314,0
490,0.8332689702510834,0.7265008687973022,0.899610698223114,0.21746636927127838,0.08628033846616745,151.6034163981676,0
491,0.8342657387256622,0.7261652946472168,0.8996869325637817,0.2172551155090332,0.08614898473024368,151.90687611699104,0
492,0.8340691030025482,0.7264001965522766,0.9036153554916382,0.21759339421987534,0.08626901358366013,152.21078868210316,0
493,0.8326771110296249,0.7256954908370972,0.898661732673645,0.21728961169719696,0.08623355627059937,152.51436243206263,0
494,0.8323377072811127,0.72505784034729,0.9007897973060608,0.21725726127624512,0.08597058802843094,152.81765131652355,0
495,0.8335705995559692,0.7258968353271484,0.9019672870635986,0.21764744818210602,0.08615344762802124,153.12150921672583,0
496,0.8310961723327637,0.7258968353271484,0.900854229927063,0.21736374497413635,0.08630239963531494,153.42523457854986,0
497,0.8323808163404465,0.7253934144973755,0.9027208685874939,0.21784178912639618,0.08628136664628983,153.72943715006113,0
498,0.8322961628437042,0.7260646224021912,0.8967337608337402,0.21746071428060532,0.08622808754444122,154.0332222431898,0
499,0.8300100266933441,0.7255612015724182,0.8999375104904175,0.21731501817703247,0.08623161911964417,154.33685062080622,0
500,0.8290132582187653,0.7260981798171997,0.9013220071792603,0.2174990177154541,0.08611909300088882,154.64053271710873,0
501,0.8305037915706635,0.7264337539672852,0.9001215100288391,0.21745240688323975,0.08624180406332016,154.94428721815348,0
502,0.8289149701595306,0.7251920700073242,0.9008561968803406,0.21773098409175873,0.08620151877403259,155.24830394238234,0
503,0.8291471600532532,0.7268364429473877,0.8989264369010925,0.217367522418499,0.08624475449323654,155.55198062211275,0
504,0.8293071985244751,0.7267693281173706,0.9003319144248962,0.21761830896139145,0.08612189441919327,155.85579128563404,0
505,0.8294602334499359,0.7257626056671143,0.9029799699783325,0.21759163588285446,0.08621938526630402,156.15967743843794,0
506,0.829059049487114,0.7258968353271484,0.8991536498069763,0.21821875870227814,0.0862620547413826,156.4642205759883,0
507,0.8270712643861771,0.7267022132873535,0.8990334272384644,0.21754363179206848,0.08612213283777237,156.76796220988035,0
508,0.8284410238265991,0.7258632779121399,0.9018213152885437,0.21792589128017426,0.08625538647174835,157.07220423221588,0
509,0.8287521004676819,0.7273062467575073,0.8983281850814819,0.21756522357463837,0.08621209859848022,157.39119722694159,1
510,0.8258177191019058,0.7262324094772339,0.9015880227088928,0.21779053658246994,0.08630187064409256,157.69536009430885,0
511,0.8263763785362244,0.7260310649871826,0.9012562036514282,0.21822623908519745,0.08617427945137024,157.9998356178403,0
512,0.8267500102519989,0.7277089357376099,0.9004992842674255,0.2174755483865738,0.08617746084928513,158.3182087019086,1
513,0.8252493441104889,0.7265008687973022,0.898154616355896,0.21756082773208618,0.08614417910575867,158.62197601795197,0
514,0.8256379961967468,0.7259639501571655,0.8998495936393738,0.217343769967556,0.08615844696760178,158.92554453015327,0
515,0.8266939520835876,0.7264673113822937,0.9019021391868591,0.21874505281448364,0.08650842308998108,159.23089181631804,0
516,0.8262979835271835,0.7257961630821228,0.9022142291069031,0.21780643612146378,0.08616563677787781,159.53496650606394,0
517,0.8260169327259064,0.7271720170974731,0.8963733911514282,0.21761392802000046,0.08619843423366547,159.83883748948574,0
518,0.8253209739923477,0.7258297204971313,0.9005171656608582,0.21784082055091858,0.08615578711032867,160.14289408922195,0
519,0.8271157443523407,0.7263666391372681,0.9007773995399475,0.21786005795001984,0.08625210076570511,160.44706367701292,0
520,0.8244549185037613,0.7257626056671143,0.9008605480194092,0.21773596853017807,0.08622311800718307,160.75107389688492,0
521,0.8241296857595444,0.7263330817222595,0.9016969203948975,0.21754035353660583,0.08615167438983917,161.0548179373145,0
522,0.8241897225379944,0.7272055745124817,0.8993615508079529,0.21774660795927048,0.08614366501569748,161.35877610743046,0
523,0.8241302967071533,0.7241517901420593,0.9042930603027344,0.2176399677991867,0.08606819808483124,161.6625400558114,0
524,0.823077917098999,0.7264673113822937,0.9001083970069885,0.21774820983409882,0.08625038713216782,161.966591052711,0
525,0.8242923617362976,0.727104902267456,0.8980216979980469,0.21736392378807068,0.08614786714315414,162.27016004920006,0
526,0.8241553753614426,0.7249236106872559,0.9046121835708618,0.21758833527565002,0.08624984323978424,162.57405364513397,0
527,0.8224558085203171,0.7255276441574097,0.9027042388916016,0.21764527261257172,0.08622881770133972,162.8779844418168,0
528,0.8227110952138901,0.727406919002533,0.8977007865905762,0.21773996204137802,0.08611568063497543,163.18190326541662,0
529,0.8235382586717606,0.7255612015724182,0.9065271019935608,0.21776434779167175,0.08612094819545746,163.4858466759324,0
530,0.822352409362793,0.7257961630821228,0.902532160282135,0.2175595462322235,0.0861780047416687,163.78964119404554,0
531,0.8208795040845871,0.7273733615875244,0.8964819312095642,0.2177286073565483,0.0862853154540062,164.09370861947536,0
532,0.8210954815149307,0.7266350984573364,0.9033241868019104,0.21759002655744553,0.08604265749454498,164.39739920943975,0
533,0.8215128481388092,0.726299524307251,0.9014537930488586,0.21778485924005508,0.08631475269794464,164.70155684649944,0
534,0.8219904899597168,0.727406919002533,0.8994662165641785,0.21753482520580292,0.08642571419477463,165.00556816905737,0
535,0.8231368809938431,0.7256283760070801,0.9024398326873779,0.21767375618219376,0.0862014964222908,165.3095089122653,0
536,0.8200744390487671,0.7263330817222595,0.8997105956077576,0.21751480549573898,0.08622773736715317,165.61330400407314,0
537,0.8197632879018784,0.7272055745124817,0.900521993637085,0.21816177666187286,0.08635929226875305,165.91788460314274,0
538,0.8215565085411072,0.7268364429473877,0.9005719423294067,0.21830114722251892,0.08619827032089233,166.222506262362,0
539,0.8200820237398148,0.7269035577774048,0.8993129134178162,0.21766413003206253,0.08627207577228546,166.52654626965523,0
540,0.8194551914930344,0.7268364429473877,0.9016043543815613,0.21753733605146408,0.08624742925167084,166.8304008245468,0
541,0.8175563365221024,0.7267693281173706,0.8993235230445862,0.2175997942686081,0.08626682311296463,167.13432911783457,0
542,0.819370448589325,0.7258968353271484,0.9013018608093262,0.21734492480754852,0.08624311536550522,167.43798477947712,0
543,0.820731908082962,0.7270042300224304,0.9009175300598145,0.21735934913158417,0.08613797277212143,167.74154397845268,0
544,0.817754864692688,0.7269706726074219,0.8997179269790649,0.21763195097446442,0.08608848601579666,168.0453181937337,0
545,0.8173856288194656,0.7257626056671143,0.9027981758117676,0.21734214574098587,0.08618450909852982,168.34891667217016,0
546,0.8178483694791794,0.7263666391372681,0.9044197201728821,0.21757201105356216,0.08611401915550232,168.65267591178417,0
547,0.818187028169632,0.7272055745124817,0.9004860520362854,0.2175561860203743,0.08622920513153076,168.95652973651886,0
548,0.8183892220258713,0.7271384596824646,0.8998583555221558,0.21750450879335403,0.08599665015935898,169.26011268794537,0
549,0.8173443078994751,0.725426971912384,0.9042935371398926,0.2175476923584938,0.08628854155540466,169.5640080049634,0
550,0.8167905360460281,0.7265008687973022,0.9024097919464111,0.21734052151441574,0.08622435480356216,169.86764880269766,0
551,0.8177310973405838,0.725930392742157,0.9033188223838806,0.21791859716176987,0.08643309026956558,170.17206468433142,0
552,0.8155545145273209,0.7270042300224304,0.8983232975006104,0.2175256535410881,0.08614767342805862,170.47582463175058,0
553,0.8165105879306793,0.7270713448524475,0.8992582559585571,0.21748117357492447,0.08620303869247437,170.77957881242037,0
554,0.8158326148986816,0.7264001965522766,0.9026877880096436,0.21742033958435059,0.08625246584415436,171.0833141952753,0
555,0.8159668743610382,0.7259975075721741,0.903155505657196,0.21751080453395844,0.08603664487600327,171.38693325221539,0
556,0.8166386187076569,0.727104902267456,0.9011768698692322,0.2176835685968399,0.08630289882421494,171.69098916649818,0
557,0.8169674128293991,0.7264673113822937,0.9032206535339355,0.21780121326446533,0.08615295588970184,171.99501578509808,0
558,0.8152496665716171,0.7265008687973022,0.90036541223526,0.2174943909049034,0.08613194525241852,172.2986998334527,0
559,0.8168119490146637,0.7257961630821228,0.9027993679046631,0.21734865754842758,0.0862000584602356,172.6023044884205,0
560,0.8160710483789444,0.7280445098876953,0.8982663154602051,0.21740523725748062,0.0862235575914383,172.9216722548008,1
561,0.8131558150053024,0.7267022132873535,0.9041864275932312,0.21767611056566238,0.08626233786344528,173.22568394988775,0
562,0.8164629340171814,0.7265679836273193,0.9029812216758728,0.2175717130303383,0.08612339198589325,173.52943623811007,0
563,0.8132531046867371,0.727776050567627,0.8976545333862305,0.2175297960639,0.086090087890625,173.83312491327524,0
564,0.8128590732812881,0.7263666391372681,0.9069373607635498,0.21758423745632172,0.08624037355184555,174.13700971752405,0
565,0.8147724270820618,0.7272055745124817,0.9032373428344727,0.21751267462968826,0.08609554916620255,174.44068776071072,0
566,0.8137251436710358,0.727843165397644,0.8997681736946106,0.2174321487545967,0.08619850128889084,174.7443881779909,0
567,0.8132331073284149,0.7250242829322815,0.905102014541626,0.21759821474552155,0.086237832903862,175.04829862713814,0
568,0.8135572969913483,0.728715717792511,0.8982454538345337,0.2174849584698677,0.08618665486574173,175.36633794754744,1
569,0.8103494644165039,0.7280445098876953,0.898568868637085,0.2178313434123993,0.0862957090139389,175.67054318636656,0
570,0.8119106590747833,0.7249236106872559,0.9073533415794373,0.218008391559124,0.0862373486161232,175.97487291693687,0
571,0.8113149404525757,0.727776050567627,0.899104118347168,0.2176971361041069,0.08602897822856903,176.27868257462978,0
572,0.8118326663970947,0.727406919002533,0.9019788503646851,0.21730341017246246,0.08617853373289108,176.582236841321,0
573,0.8112199008464813,0.7269371151924133,0.9030851125717163,0.21776242554187775,0.08628495037555695,176.88636952638626,0
574,0.8124086707830429,0.7277089357376099,0.9042131304740906,0.2175169512629509,0.08623120933771133,177.19021724909544,0
575,0.8099556267261505,0.7264337539672852,0.9026495218276978,0.21737241744995117,0.08622733503580093,177.49386831372976,0
576,0.812537282705307,0.7265008687973022,0.9024001955986023,0.2175859734416008,0.08623995631933212,177.7977599799633,0
577,0.8096426129341125,0.7270042300224304,0.9057155847549438,0.21744830906391144,0.08611425012350082,178.10138523578644,0
578,0.8113644570112228,0.7273398041725159,0.9013156294822693,0.21765536069869995,0.08617716282606125,178.40528585016727,0
579,0.8101501017808914,0.7264337539672852,0.9036989808082581,0.21757633984088898,0.0863213837146759,178.7092614248395,0
580,0.8092466443777084,0.7271720170974731,0.8984540700912476,0.21750278770923615,0.08625370264053345,179.01308938860893,0
581,0.8089154362678528,0.7263330817222595,0.9036602973937988,0.21766752004623413,0.08615029603242874,179.31697993725538,0
582,0.8111797273159027,0.7269035577774048,0.9048214554786682,0.21727795153856277,0.086227647960186,179.62055087834597,0
583,0.8096171915531158,0.7267022132873535,0.8997269868850708,0.2175828367471695,0.08622553199529648,179.9244298711419,0
584,0.8087420463562012,0.7268364429473877,0.9016796946525574,0.21764197945594788,0.0862155482172966,180.22837037593126,0
585,0.8085912019014359,0.7271384596824646,0.9060658812522888,0.21796580404043198,0.08639441430568695,180.53280332684517,0
586,0.8070648610591888,0.7288835048675537,0.9001286029815674,0.21861429512500763,0.08635435253381729,180.85209546238184,1
587,0.8097908198833466,0.7252927422523499,0.9061285257339478,0.21788152307271957,0.08609971404075623,181.15616843104362,0
588,0.8087927550077438,0.7284808158874512,0.8998997807502747,0.21770881861448288,0.0862821564078331,181.46021958440542,0
589,0.8104281276464462,0.7274404764175415,0.9025991559028625,0.21814770996570587,0.08628956973552704,181.7647604867816,0
590,0.8090159296989441,0.7261988520622253,0.9051100015640259,0.21772296726703644,0.08630458265542984,182.06885769963264,0
591,0.8077491372823715,0.727104902267456,0.904500424861908,0.21778050810098648,0.08619361370801926,182.37290009856224,0
592,0.8068055361509323,0.72747403383255,0.9020071029663086,0.21802843362092972,0.08631889522075653,182.67731177061796,0
593,0.8075044602155685,0.72747403383255,0.901451826095581,0.21768057346343994,0.0861804410815239,182.98127918690443,0
594,0.807076945900917,0.7263666391372681,0.9048638343811035,0.21756452322006226,0.08611812442541122,183.28504482656717,0
595,0.807226687669754,0.726668655872345,0.9081724882125854,0.21747064590454102,0.08593622595071793,183.58851123601198,0
596,0.8078366369009018,0.7267693281173706,0.9000447392463684,0.21772617101669312,0.08624369651079178,183.89255425333977,0
597,0.8065215349197388,0.7275747060775757,0.9004815220832825,0.21741612255573273,0.08611941337585449,184.1961503997445,0
598,0.8061234802007675,0.7269371151924133,0.9043526649475098,0.21769272536039352,0.08623883128166199,184.50013876706362,0
599,0.806014895439148,0.7262324094772339,0.9034973978996277,0.2177710086107254,0.08620177954435349,184.80418576300144,0
600,0.8059458881616592,0.7273733615875244,0.9033879637718201,0.21767643094062805,0.08605784922838211,185.10797622054815,0
601,0.8057790547609329,0.7274404764175415,0.8994926810264587,0.2178952917456627,0.08622994273900986,185.41215703636408,0
602,0.8063852041959763,0.7276753783226013,0.9011872410774231,0.21881472319364548,0.08659892529249191,185.71762994676828,0
603,0.8082218021154404,0.7276082634925842,0.9037122130393982,0.2178565338253975,0.08610601723194122,186.02170431613922,0
604,0.8048845827579498,0.7270042300224304,0.9023821949958801,0.21776306629180908,0.08608147501945496,186.32560229301453,0
605,0.8056578785181046,0.7278096079826355,0.9015207290649414,0.21759145706892014,0.0860399678349495,186.62929265201092,0
606,0.8052625954151154,0.7263666391372681,0.9059308767318726,0.21882004290819168,0.0864051803946495,186.93457724899054,0
607,0.8062033653259277,0.7259975075721741,0.9066218733787537,0.21817081421613693,0.08625485748052597,187.23908177763224,0
608,0.8054288327693939,0.7281116247177124,0.8997306227684021,0.2182358056306839,0.0862727239727974,187.54373512417078,0
609,0.8055461943149567,0.7267693281173706,0.9040582180023193,0.2178172469139099,0.08624356985092163,187.84785682708025,0
610,0.8039624094963074,0.727037787437439,0.905206561088562,0.2178073450922966,0.0861860066652298,188.15190751850605,0
611,0.8020947873592377,0.7284808158874512,0.9011576771736145,0.21775001287460327,0.08620616793632507,188.45592180639505,0
612,0.8041340112686157,0.72747403383255,0.9034237861633301,0.21784157305955887,0.08627238124608994,188.76011914014816,0
613,0.8047667741775513,0.7267693281173706,0.9036211967468262,0.21769487112760544,0.0863431990146637,189.06421350687742,0
614,0.801854208111763,0.727104902267456,0.9031981825828552,0.21774961799383163,0.08625377714633942,189.36827302724123,0
615,0.8040632456541061,0.7283801436424255,0.9036311507225037,0.2176401987671852,0.08612005412578583,189.67209850996733,0
616,0.8010961711406708,0.7283801436424255,0.90192711353302,0.21820028871297836,0.08632801473140717,189.97669073194265,0
617,0.8023546934127808,0.7277089357376099,0.9041228294372559,0.21767616271972656,0.0861281082034111,190.28056197613478,0
618,0.8019725680351257,0.7273733615875244,0.9030167460441589,0.21770860999822617,0.08626764267683029,190.5845920816064,0
619,0.8006341457366943,0.7292861938476562,0.9012852907180786,0.21762531995773315,0.08623453974723816,190.90626333653927,1
620,0.8028284311294556,0.7280780673027039,0.9026810526847839,0.21775497496128082,0.08624525368213654,191.2103224992752,0
621,0.8035768270492554,0.7279102802276611,0.9037871360778809,0.21760016679763794,0.08602620661258698,191.51400586217642,0
622,0.800990030169487,0.7267357707023621,0.9057134985923767,0.21773386001586914,0.08625807613134384,191.81805477291346,0
623,0.8017847687005997,0.7279438376426697,0.901640772819519,0.2178203985095024,0.0862191841006279,192.12215191870928,0
624,0.8026042133569717,0.7281116247177124,0.9026138782501221,0.21770554035902023,0.08622920513153076,192.42614906281233,0
625,0.8020697236061096,0.7270713448524475,0.9061288237571716,0.21786213666200638,0.0862148180603981,192.7302776426077,0
626,0.8027895390987396,0.7277424931526184,0.903667688369751,0.2173958569765091,0.08628125488758087,193.03400710970163,0
627,0.8025944083929062,0.728145182132721,0.9015364050865173,0.21751510351896286,0.08616813272237778,193.3377446681261,0
628,0.7998344153165817,0.7281787395477295,0.9063394665718079,0.21756915003061295,0.08620667457580566,193.64157661795616,0
629,0.8008006662130356,0.7272391319274902,0.9035772681236267,0.2175711691379547,0.08621896058320999,193.94542175531387,0
630,0.7982955574989319,0.7264673113822937,0.9036726951599121,0.21830300986766815,0.08635818958282471,194.25013690441847,0
631,0.7988153994083405,0.7275075912475586,0.9033989906311035,0.21764986962080002,0.08622167259454727,194.5540677011013,0
632,0.8001348376274109,0.7266015410423279,0.90372633934021,0.21759767830371857,0.08618461340665817,194.85791414231062,0
633,0.798994779586792,0.727406919002533,0.9070928692817688,0.21754344552755356,0.08614924550056458,195.16166052222252,0
634,0.8000418692827225,0.7288499474525452,0.9004802703857422,0.21793759614229202,0.08619396388530731,195.4658439308405,0
635,0.7968545407056808,0.7277089357376099,0.9040917158126831,0.2174462229013443,0.0861668735742569,195.76950869709253,0
636,0.7996933907270432,0.7257961630821228,0.9114574193954468,0.2177303284406662,0.08622856438159943,196.07352264225483,0
637,0.79820716381073,0.7285479307174683,0.8998319506645203,0.2175302356481552,0.08623233437538147,196.3773507848382,0
638,0.7975654453039169,0.7290512919425964,0.9062715768814087,0.2175600603222847,0.08608672022819519,196.68105351179838,0
639,0.7978880554437637,0.7258632779121399,0.9099187254905701,0.2175542563199997,0.08617572486400604,196.9848405867815,0
640,0.79823337495327,0.7287492752075195,0.898754358291626,0.21782899647951126,0.08613232523202896,197.28886289149523,0
641,0.7957466244697571,0.7276082634925842,0.9086374044418335,0.2177286371588707,0.08622568100690842,197.5928755775094,0
642,0.7977972477674484,0.7270713448524475,0.9056835174560547,0.21764452755451202,0.08619347214698792,197.8967700600624,0
643,0.7967738807201385,0.7276418209075928,0.8986719250679016,0.21770864725112915,0.08612044900655746,198.2006577476859,0
644,0.7960046082735062,0.7277424931526184,0.9027079939842224,0.21761701256036758,0.08606764674186707,198.50439915060997,0
645,0.796156257390976,0.7278096079826355,0.9068055152893066,0.21765556931495667,0.08616102486848831,198.80827095359564,0
646,0.7965001165866852,0.7290177345275879,0.9054799675941467,0.21800530701875687,0.08611990511417389,199.11244922876358,0
647,0.7959847897291183,0.7277424931526184,0.9024314284324646,0.2183437943458557,0.08629047870635986,199.41713935881853,0
648,0.7976906895637512,0.7269371151924133,0.9048689603805542,0.2177981436252594,0.08620405197143555,199.72124557197094,0
649,0.7961138933897018,0.7291519641876221,0.9044100642204285,0.2176605984568596,0.08609674125909805,200.02509361505508,0
650,0.7960899174213409,0.7275747060775757,0.9039981961250305,0.21760496497154236,0.0861324891448021,200.32889400422573,0
651,0.7953759133815765,0.7260981798171997,0.9043818712234497,0.21760979294776917,0.08623234182596207,200.6327941119671,0
652,0.7944599986076355,0.7290512919425964,0.9036599397659302,0.21771232783794403,0.08623809367418289,200.93681672215462,0
653,0.7966879159212112,0.7278096079826355,0.9036906361579895,0.21828121691942215,0.08606551587581635,201.24122204631567,0
654,0.7961741983890533,0.7272055745124817,0.9043571352958679,0.21779148280620575,0.08622769266366959,201.54531031101942,0
655,0.7946434915065765,0.7283130288124084,0.9008834958076477,0.21759120374917984,0.08621679246425629,201.84918023645878,0
656,0.7951617687940598,0.727843165397644,0.9070945382118225,0.2195868045091629,0.08628298342227936,202.15510811656713,0
657,0.7950024008750916,0.727776050567627,0.9041444063186646,0.21769651770591736,0.08621957153081894,202.45907963067293,0
658,0.7924845516681671,0.7289841771125793,0.8997538089752197,0.21803246438503265,0.08616112172603607,202.76332830637693,0
659,0.7942772209644318,0.7285814881324768,0.905926525592804,0.2180933952331543,0.08621986210346222,203.06769773364067,0
660,0.7948208302259445,0.7276753783226013,0.9054179787635803,0.2178960144519806,0.08607009053230286,203.37173609435558,0
661,0.7936736643314362,0.7300244569778442,0.9004338979721069,0.21762601286172867,0.08612717688083649,203.6899842172861,1
662,0.7949364185333252,0.7278767228126526,0.9071616530418396,0.21787343174219131,0.086072638630867,203.9939887523651,0
663,0.7945504933595657,0.7276082634925842,0.9059668779373169,0.21844196319580078,0.08631148934364319,204.298813380301,0
664,0.7937355935573578,0.7298566699028015,0.9006456136703491,0.2176879197359085,0.08622600138187408,204.6027855500579,0
665,0.793289378285408,0.7269371151924133,0.9083579182624817,0.21769345551729202,0.08621565252542496,204.90674532949924,0
666,0.796050637960434,0.7261317372322083,0.9093114137649536,0.217504620552063,0.0860515609383583,205.2103655487299,0
667,0.792171373963356,0.7296217679977417,0.9019836187362671,0.2175421342253685,0.08630512654781342,205.5142622217536,0
668,0.7916512191295624,0.7274404764175415,0.9026490449905396,0.21817957609891891,0.08621735870838165,205.81873071193695,0
669,0.7918430864810944,0.7261317372322083,0.9122177958488464,0.21757856011390686,0.08618170022964478,206.12254280596972,0
670,0.7922875881195068,0.7286821603775024,0.9043721556663513,0.21756961196660995,0.08616498112678528,206.4263302832842,0
671,0.792982742190361,0.7284137010574341,0.9046016931533813,0.21765312552452087,0.08622825890779495,206.73026084154844,0
672,0.7925056517124176,0.7282459139823914,0.9032739996910095,0.2177460491657257,0.08628297597169876,207.0343477576971,0
673,0.7914712727069855,0.7287492752075195,0.9062117338180542,0.21743149310350418,0.08612510561943054,207.33796249330044,0
674,0.7934140563011169,0.7283130288124084,0.9070948362350464,0.21762996912002563,0.08601754903793335,207.64167481660843,0
675,0.7934589982032776,0.7285479307174683,0.9032405614852905,0.217505045235157,0.08622413128614426,207.9454653263092,0
676,0.7916095405817032,0.7279773950576782,0.904170572757721,0.21745330095291138,0.08610887080430984,208.24908588826656,0
677,0.7901131808757782,0.7289506196975708,0.9043738842010498,0.21804255992174149,0.08619537949562073,208.55340971797705,0
678,0.7912582904100418,0.7279773950576782,0.9074813723564148,0.2188314124941826,0.08638008683919907,208.8587156906724,0
679,0.7911718338727951,0.7289170622825623,0.9039267897605896,0.2179318368434906,0.08607128262519836,209.16277711093426,0
680,0.7904549986124039,0.728145182132721,0.9039856791496277,0.21784599125385284,0.08623660355806351,209.46691539883614,0
681,0.7891165316104889,0.7268700003623962,0.9061063528060913,0.21758393943309784,0.08619387447834015,209.7707565948367,0
682,0.7930026799440384,0.7291184067726135,0.9057188630104065,0.21772519499063492,0.08625670522451401,210.07479102909565,0
683,0.7896077930927277,0.7276418209075928,0.9012084603309631,0.2177036702632904,0.08611451089382172,210.3786664903164,0
684,0.7904265373945236,0.7279438376426697,0.9081884026527405,0.2176552340388298,0.08624853938817978,210.68263095617294,0
685,0.7894790917634964,0.7293197512626648,0.9057303667068481,0.2174835130572319,0.08610474318265915,210.98627092689276,0
686,0.790217399597168,0.7279438376426697,0.902452290058136,0.2177240028977394,0.08613792806863785,211.29018557816744,0
687,0.7902159690856934,0.7277424931526184,0.9055729508399963,0.21746980398893356,0.08606240898370743,211.59377041459084,0
688,0.7900926470756531,0.7287828326225281,0.9078748822212219,0.21761468052864075,0.08615942299365997,211.89761915057898,0
689,0.7891782373189926,0.7271720170974731,0.9072422385215759,0.21757561713457108,0.0862494558095932,212.20149660110474,0
690,0.7887740731239319,0.727843165397644,0.9049492478370667,0.2175329625606537,0.08619900792837143,212.50528299063444,0
691,0.7895660102367401,0.7299908995628357,0.9052330255508423,0.21775585412979126,0.08620510250329971,212.80930231511593,0
692,0.7898469120264053,0.7277424931526184,0.9084279537200928,0.21758736670017242,0.08615925163030624,213.11310528963804,0
693,0.7888268232345581,0.7282794713973999,0.9056403040885925,0.2179434821009636,0.08609703183174133,213.41722186654806,0
694,0.7894985973834991,0.7279438376426697,0.9020401239395142,0.21770302951335907,0.08635636419057846,213.72134013473988,0
695,0.7909270226955414,0.7289841771125793,0.9058771729469299,0.21771134436130524,0.08613202720880508,214.02524667978287,0
696,0.7884688377380371,0.728715717792511,0.9047293066978455,0.21760225296020508,0.08622300624847412,214.32912714779377,0
697,0.7883466929197311,0.7264673113822937,0.9085748195648193,0.2176554650068283,0.08615861088037491,214.6329976245761,0
698,0.788047268986702,0.7281116247177124,0.9076032042503357,0.21780170500278473,0.0862986296415329,214.93715396523476,0
699,0.786535233259201,0.7296217679977417,0.9016432762145996,0.21815605461597443,0.08635338395833969,215.2417220324278,0
700,0.7890271693468094,0.7281116247177124,0.9076146483421326,0.21763509511947632,0.08621875196695328,215.54562997817993,0
701,0.7896319776773453,0.7290177345275879,0.9051448106765747,0.2176809459924698,0.0862116739153862,215.84959702938795,0
702,0.7868358492851257,0.7288163900375366,0.9055928587913513,0.2175687998533249,0.08612360805273056,216.1533519178629,0
703,0.7867200970649719,0.7278096079826355,0.9079179167747498,0.2177935242652893,0.0862254947423935,216.45744788646698,0
704,0.7875098288059235,0.7279102802276611,0.9052566885948181,0.2181510627269745,0.08617935329675674,216.76183812320232,0
705,0.7861390709877014,0.7277424931526184,0.9039936065673828,0.21776888519525528,0.08620569854974747,217.06587032228708,0
706,0.785596638917923,0.7280780673027039,0.908292829990387,0.21812646836042404,0.08607369661331177,217.37012731283903,0
707,0.7859147936105728,0.7280109524726868,0.9050222635269165,0.2174680233001709,0.08656448870897293,217.67421551048756,0
708,0.7863135784864426,0.7281116247177124,0.9050025939941406,0.2178523689508438,0.0861184149980545,217.97824615240097,0
709,0.7852516919374466,0.7279438376426697,0.9054884314537048,0.21775277704000473,0.08611041307449341,218.28216599673033,0
710,0.7843886464834213,0.7285143733024597,0.907300591468811,0.2176438793540001,0.08624543994665146,218.58611474186182,0
711,0.7847524285316467,0.7289841771125793,0.9060848355293274,0.2175941914319992,0.08625324815511703,218.89001593738794,0
712,0.7850728631019592,0.7281116247177124,0.9060117602348328,0.21881605684757233,0.08620630949735641,219.19509974122047,0
713,0.7853031009435654,0.7283801436424255,0.9049135446548462,0.2177511528134346,0.08620832860469818,219.49911846220493,0
714,0.7847608625888824,0.727843165397644,0.9079475998878479,0.2175939530134201,0.086076520383358,219.80285047739744,0
715,0.7845717072486877,0.7276753783226013,0.9070762395858765,0.2177802175283432,0.08624705672264099,220.10693886876106,0
716,0.7833650559186935,0.7287828326225281,0.9087124466896057,0.21767160296440125,0.08622902631759644,220.41089621931314,0
717,0.7841498255729675,0.7298566699028015,0.9036228656768799,0.21786793321371078,0.08617691695690155,220.71501319855452,0
718,0.7838060706853867,0.7288499474525452,0.9024768471717834,0.21771293878555298,0.0862664207816124,221.0190509185195,0
719,0.7848625928163528,0.7281787395477295,0.907328724861145,0.21772398054599762,0.08620574325323105,221.32304044812918,0
720,0.7835593223571777,0.7302258014678955,0.9026263952255249,0.2178192064166069,0.08627571165561676,221.64140051603317,1
721,0.7832274883985519,0.7300580143928528,0.9071363806724548,0.21855893731117249,0.0863623321056366,221.94638630002737,0
722,0.7838679850101471,0.7291519641876221,0.9067760705947876,0.21764345467090607,0.08619939535856247,222.25028567016125,0
723,0.7831215411424637,0.7285479307174683,0.9049189686775208,0.21777276694774628,0.08629591017961502,222.55441308021545,0
724,0.7824296206235886,0.7275747060775757,0.9086204767227173,0.2177564725279808,0.08611992746591568,222.85835083574057,0
725,0.7824407368898392,0.7276082634925842,0.9063401222229004,0.21764276921749115,0.0863034725189209,223.16235146671534,0
726,0.7805052995681763,0.7283130288124084,0.9103382229804993,0.2177826687693596,0.08640842139720917,223.46660920232534,0
727,0.7822001576423645,0.7289506196975708,0.9010594487190247,0.21782726049423218,0.08620937913656235,223.77071084082127,0
728,0.7816669791936874,0.7279102802276611,0.9051961898803711,0.2177412211894989,0.08615049719810486,224.0746579170227,0
729,0.7830494940280914,0.7281787395477295,0.9125862121582031,0.21763577312231064,0.08624541759490967,224.3785949498415,0
730,0.7834194451570511,0.7304607033729553,0.9021690487861633,0.21796409040689468,0.08639182150363922,224.69748621433973,1
731,0.7835891544818878,0.7289170622825623,0.9057006239891052,0.21788521856069565,0.08625444769859314,225.0017084851861,0
732,0.781018853187561,0.728715717792511,0.9101985096931458,0.21756700426340103,0.08622059226036072,225.30554979294538,0
733,0.7822053581476212,0.7297895550727844,0.9048383831977844,0.21766123175621033,0.08612491190433502,225.60939450562,0
734,0.7818963676691055,0.72747403383255,0.9082885980606079,0.2189057245850563,0.08643914759159088,225.9148003011942,0
735,0.7839149534702301,0.7293868660926819,0.9064210653305054,0.21795732527971268,0.08614923804998398,226.21901980787516,0
736,0.7805792540311813,0.7298566699028015,0.9061318635940552,0.2176874652504921,0.08626781404018402,226.52304056286812,0
737,0.7815844565629959,0.7274404764175415,0.9136481285095215,0.21763619780540466,0.08623959869146347,226.82697515189648,0
738,0.7821251004934311,0.7287828326225281,0.905838668346405,0.21764253079891205,0.08635911345481873,227.13103523105383,0
739,0.7823445349931717,0.729823112487793,0.9051964282989502,0.21778754144906998,0.08620927482843399,227.43510637432337,0
740,0.7819844335317612,0.7289506196975708,0.910748302936554,0.21785921603441238,0.08626722544431686,227.73928697407246,0
741,0.7812381088733673,0.7282459139823914,0.9068478345870972,0.21823738515377045,0.08630585670471191,228.04394230991602,0
742,0.7801673710346222,0.7296888828277588,0.908314049243927,0.21802923828363419,0.08624173700809479,228.34833342581987,0
743,0.778440922498703,0.7294875383377075,0.9090949296951294,0.21772713959217072,0.08613641560077667,228.65226375311613,0
744,0.7794733494520187,0.7278767228126526,0.9068065285682678,0.21769681572914124,0.08621519058942795,228.9562340900302,0
745,0.7795603722333908,0.7289170622825623,0.9071882367134094,0.217781662940979,0.08616185933351517,229.26023611426353,0
746,0.7773367166519165,0.7307627201080322,0.9076325297355652,0.21764861792325974,0.08610083162784576,229.57843784987926,1
747,0.7799959182739258,0.7279438376426697,0.9066630601882935,0.21782858669757843,0.0861096903681755,229.88243429362774,0
748,0.7794012874364853,0.7273398041725159,0.9109497666358948,0.21838951855897903,0.0863155797123909,230.18719276040792,0
749,0.7807659953832626,0.7301251292228699,0.9062023758888245,0.21762478351593018,0.08605381846427917,230.49092654138803,0
750,0.7797273397445679,0.728145182132721,0.9073702692985535,0.21752287447452545,0.08625764399766922,230.79475780576468,0
751,0.7798983305692673,0.7267693281173706,0.9182689189910889,0.2176184132695198,0.08614206314086914,231.09857749938965,0
752,0.7788832783699036,0.7296888828277588,0.9039315581321716,0.21773739904165268,0.08626093715429306,231.40264124423265,0
753,0.778453916311264,0.7289841771125793,0.9037687182426453,0.2175869569182396,0.08619017153978348,231.70648676902056,0
754,0.7798345685005188,0.7287828326225281,0.9130778312683105,0.21817398816347122,0.08623072504997253,232.0109747350216,0
755,0.7788505852222443,0.7289170622825623,0.9114269614219666,0.2177315279841423,0.0861043930053711,232.31486726552248,0
756,0.7790449112653732,0.731131911277771,0.9041028618812561,0.21755874156951904,0.08612501621246338,232.6327257975936,1
757,0.7777354717254639,0.7289170622825623,0.9070125222206116,0.2179349586367607,0.08614373952150345,232.93686693906784,0
758,0.7777168601751328,0.7288499474525452,0.9140766859054565,0.21777532994747162,0.08609064668416977,233.24079001694918,0
759,0.7788002341985703,0.7303264737129211,0.9048108458518982,0.21780146658420563,0.08623777329921722,233.54488480836153,0
760,0.7773193120956421,0.7279773950576782,0.9065553545951843,0.21776504069566727,0.08642124384641647,233.84913466870785,0
761,0.7771635800600052,0.728145182132721,0.911031186580658,0.2176036685705185,0.08623862266540527,234.15304940193892,0
762,0.7771441638469696,0.7283130288124084,0.9112148284912109,0.2176806405186653,0.08618813008069992,234.45700783282518,0
763,0.7772754281759262,0.7286821603775024,0.9041527509689331,0.21768434345722198,0.08600787818431854,234.76076707988977,0
764,0.7784183323383331,0.729453980922699,0.9110037684440613,0.21777009963989258,0.08619175851345062,235.06479383260012,0
765,0.7775932401418686,0.7295546531677246,0.9089859127998352,0.21782749146223068,0.08610054850578308,235.3688269779086,0
766,0.777411013841629,0.7291519641876221,0.9081045985221863,0.2177458107471466,0.08626390993595123,235.67289946973324,0
767,0.7763823121786118,0.7287828326225281,0.9106312394142151,0.21778833866119385,0.0861181914806366,235.97686444222927,0
768,0.7746119648218155,0.7287492752075195,0.9104750156402588,0.2177140861749649,0.08608373254537582,236.2807204797864,0
769,0.7777244746685028,0.7292190790176392,0.907366156578064,0.21800406277179718,0.08629108965396881,236.58507226407528,0
770,0.7774028182029724,0.7298566699028015,0.9076123237609863,0.21770461648702621,0.08624301850795746,236.88908468931913,0
771,0.777118906378746,0.7287492752075195,0.9117289781570435,0.21784558147192,0.08621911704540253,237.19320531189442,0
772,0.7746368497610092,0.7299573421478271,0.906832218170166,0.21775639802217484,0.08616325259208679,237.49718633294106,0
773,0.7759501188993454,0.7288835048675537,0.9062913656234741,0.21774481236934662,0.08620747178792953,237.80120105296373,0
774,0.7766025811433792,0.7282459139823914,0.9131808280944824,0.217803455889225,0.08617695420980453,238.1052375137806,0
775,0.7749927341938019,0.729823112487793,0.909765362739563,0.21764694154262543,0.0861932635307312,238.4091351777315,0
776,0.7737468034029007,0.7292526364326477,0.9059575200080872,0.21799075603485107,0.0860578641295433,238.71326091885567,0
777,0.7771222293376923,0.7297895550727844,0.9074271321296692,0.21773414313793182,0.08618877828121185,239.01724158972502,0
778,0.7754797339439392,0.7293197512626648,0.90873783826828,0.2175953984260559,0.08616267144680023,239.3210675790906,0
779,0.7748849540948868,0.7285479307174683,0.9058954119682312,0.21773983538150787,0.08625330775976181,239.62511579692364,0
780,0.7737978100776672,0.7286486029624939,0.9085472226142883,0.21783924102783203,0.08617416024208069,239.9291848614812,0
781,0.7729440927505493,0.7282794713973999,0.9166527986526489,0.21786554902791977,0.08623339980840683,240.233340613544,0
782,0.7746725827455521,0.7300244569778442,0.9051489233970642,0.21761653572320938,0.08616716414690018,240.5371827557683,0
783,0.7746964991092682,0.7281116247177124,0.9111878871917725,0.21757829189300537,0.08625169843435287,240.84106235206127,0
784,0.7741723507642746,0.729823112487793,0.9072200655937195,0.21769488602876663,0.08614818751811981,241.14496198296547,0
785,0.7723873257637024,0.7293197512626648,0.9070892333984375,0.21766798943281174,0.08628074824810028,241.4489697292447,0
786,0.7730428129434586,0.7287828326225281,0.9094741344451904,0.21767128258943558,0.08604465425014496,241.75274077802896,0
787,0.774726539850235,0.7299237847328186,0.9077746272087097,0.21780037879943848,0.08611126244068146,242.05671980232,0
788,0.7734267711639404,0.728145182132721,0.9132200479507446,0.217664897441864,0.08620791137218475,242.36065243184566,0
789,0.7741099148988724,0.7292526364326477,0.9070504903793335,0.21774640679359436,0.08622468262910843,242.6646816059947,0
790,0.7741836756467819,0.7302258014678955,0.90803462266922,0.21762971580028534,0.0862363651394844,242.9686162918806,0
791,0.7735113352537155,0.7283130288124084,0.9112999439239502,0.21774792671203613,0.08627483248710632,243.27270859479904,0
792,0.7743305265903473,0.7291855216026306,0.9107457995414734,0.2178877890110016,0.08613657206296921,243.57679099589586,0
793,0.7736580222845078,0.7302258014678955,0.9071819186210632,0.21760833263397217,0.0861453041434288,243.8806039839983,0
794,0.7738901376724243,0.727037787437439,0.9124209880828857,0.21808890998363495,0.08639849722385406,244.185148909688,0
795,0.773948147892952,0.7304942607879639,0.9054880142211914,0.2178470864892006,0.08622739464044571,244.48933820426464,0
796,0.7724050879478455,0.7288499474525452,0.9073308706283569,0.2178589180111885,0.08625812828540802,244.7935122847557,0
797,0.7742470949888229,0.7278767228126526,0.9125290513038635,0.2176448032259941,0.08595293760299683,245.0971653908491,0
798,0.7742002159357071,0.729823112487793,0.9086261987686157,0.2177218720316887,0.08616393804550171,245.40110907703638,0
799,0.7716063112020493,0.730259358882904,0.9063882827758789,0.2177928164601326,0.08623530715703964,245.70519587397575,0
800,0.7712297290563583,0.7298902273178101,0.9107127785682678,0.21817785501480103,0.08631940186023712,246.00975160300732,0
801,0.7714029997587204,0.7294204235076904,0.9104152917861938,0.2177211046218872,0.08640947937965393,246.31397675722837,0
802,0.7720490992069244,0.7273062467575073,0.9106869101524353,0.21767640858888626,0.08623656630516052,246.6179559379816,0
803,0.7714897096157074,0.7314339280128479,0.9085612297058105,0.21775946766138077,0.08627423644065857,246.93782015889883,1
804,0.7720148861408234,0.7295210957527161,0.9088175296783447,0.21787526458501816,0.08631277084350586,247.24206997454166,0
805,0.7724709510803223,0.7286821603775024,0.9071506261825562,0.21787238121032715,0.08625287562608719,247.5462610423565,0
806,0.7699406892061234,0.7303600311279297,0.9100556373596191,0.21781384944915771,0.08612360060214996,247.8502670302987,0
807,0.771979808807373,0.730192244052887,0.9073324203491211,0.21847690641880035,0.08637132495641708,248.15517876297235,0
808,0.771331787109375,0.7286486029624939,0.9143508076667786,0.21774348616600037,0.08609142154455185,248.45907144248486,0
809,0.7717048674821854,0.7294204235076904,0.9100698232650757,0.21780773252248764,0.08621932566165924,248.76315603405237,0
810,0.7703552097082138,0.7292861938476562,0.9074658155441284,0.2176767885684967,0.08627769351005554,249.067170701921,0
811,0.7691185474395752,0.7283801436424255,0.9105674624443054,0.21772892028093338,0.08605547994375229,249.37101265788078,0
812,0.7722944617271423,0.7298902273178101,0.9106116890907288,0.2175949290394783,0.08624591678380966,249.6749050989747,0
813,0.7699636220932007,0.7300915718078613,0.909142255783081,0.2188805267214775,0.08623208105564117,249.9800798818469,0
814,0.7687655240297318,0.7276082634925842,0.9126667380332947,0.21767599135637283,0.08623217046260834,250.28404612094164,0
815,0.770033448934555,0.7292861938476562,0.9075005054473877,0.21756123006343842,0.0862591415643692,250.58792479336262,0
816,0.7696495652198792,0.7311654686927795,0.9067755937576294,0.21762653440237045,0.08612057566642761,250.8917475566268,0
817,0.7681109011173248,0.7277089357376099,0.911129355430603,0.21777400374412537,0.0861920639872551,251.19577302783728,0
818,0.7681602537631989,0.7290177345275879,0.9089872241020203,0.21767669171094894,0.08621411770582199,251.49972451478243,0
819,0.7703476846218109,0.7296217679977417,0.907748281955719,0.2176392450928688,0.08623053133487701,251.8036521822214,0
820,0.7676175385713577,0.7279102802276611,0.9109363555908203,0.21780331432819366,0.08626221865415573,252.10777551680803,0
821,0.7698205411434174,0.7299237847328186,0.9081413745880127,0.21781115233898163,0.08631192892789841,252.41195616871119,0
822,0.7693269848823547,0.7285143733024597,0.9148852825164795,0.2178419828414917,0.08614878356456757,252.71601270139217,0
823,0.7709025591611862,0.729084849357605,0.9083058834075928,0.21758373826742172,0.08624874800443649,253.0199043303728,0
824,0.7658015042543411,0.7295882105827332,0.9103154540061951,0.21776322275400162,0.08639336377382278,253.32411778718233,0
825,0.769130289554596,0.7304607033729553,0.9105657935142517,0.21773001551628113,0.08625981956720352,253.6281675696373,0
826,0.768673300743103,0.7302929162979126,0.9075039625167847,0.2179093435406685,0.08629518002271652,253.93243174254894,0
827,0.7674008756875992,0.7295210957527161,0.9124512672424316,0.21762850135564804,0.08623470366001129,254.23636043816805,0
828,0.766896054148674,0.7298566699028015,0.9108662605285645,0.2176765576004982,0.08620192855596542,254.54029951244593,0
829,0.7675613462924957,0.7292861938476562,0.910622775554657,0.2179272472858429,0.08626560121774673,254.84457352012396,0
830,0.7678666859865189,0.7285143733024597,0.9168523550033569,0.21775131672620773,0.08625837415456772,255.1486541852355,0
831,0.7669638097286224,0.7310647964477539,0.9084411263465881,0.21769700944423676,0.0861017033457756,255.45251079648733,0
832,0.7677367180585861,0.7301586866378784,0.9089410901069641,0.21820027381181717,0.08618795871734619,255.756959579885,0
833,0.7665658742189407,0.727776050567627,0.9183977246284485,0.21757077425718307,0.08625038713216782,256.06083941459656,0
834,0.7662626653909683,0.7303935885429382,0.9103281497955322,0.21765615791082382,0.0862056165933609,256.3647568449378,0
835,0.7660739868879318,0.7317695021629333,0.9067146182060242,0.21789885312318802,0.08621713519096375,256.684245467186,1
836,0.7676574736833572,0.7291519641876221,0.9149065017700195,0.21775268018245697,0.08622308820486069,256.988280557096,0
837,0.7672849595546722,0.730259358882904,0.9104140400886536,0.21762929111719131,0.0861940085887909,257.29216046631336,0
838,0.7671632766723633,0.7312996983528137,0.9086417555809021,0.21758423000574112,0.08619946986436844,257.59600038826466,0
839,0.7673624604940414,0.7298902273178101,0.9116115570068359,0.21772245317697525,0.08606013655662537,257.8998442739248,0
840,0.7669612467288971,0.7297559976577759,0.9086568355560303,0.21774842590093613,0.08623889088630676,258.20388992875814,0
841,0.765810176730156,0.7288163900375366,0.913007378578186,0.2177671641111374,0.08625499904155731,258.50797437131405,0
842,0.7667233943939209,0.7291519641876221,0.9123380184173584,0.2181176021695137,0.08634547144174576,258.81249694526196,0
843,0.7656374573707581,0.7292190790176392,0.9130451083183289,0.21835148334503174,0.08616528660058975,259.11711394786835,0
844,0.7647034823894501,0.7295210957527161,0.909960150718689,0.2177412211894989,0.0862058699131012,259.4211549460888,0
845,0.7650611996650696,0.729084849357605,0.9083520770072937,0.21777813881635666,0.08628629148006439,259.7252724468708,0
846,0.7653040140867233,0.728212296962738,0.9158820509910583,0.2176741510629654,0.08617545664310455,260.0291794165969,0
847,0.7668415606021881,0.7306620478630066,0.9111407399177551,0.21755722165107727,0.08624591678380966,260.33303721249104,0
848,0.7676823139190674,0.7295546531677246,0.9114251136779785,0.21769843250513077,0.08606996387243271,260.63686257600784,0
849,0.7650081366300583,0.7278096079826355,0.9149715900421143,0.21777049452066422,0.08625518530607224,260.9409447014332,0
850,0.7664990425109863,0.7301251292228699,0.910101056098938,0.2177620455622673,0.08617354184389114,261.2449372410774,0
851,0.7640746682882309,0.7295882105827332,0.9135509133338928,0.2177707701921463,0.08618951588869095,261.54895509779453,0
852,0.7658496350049973,0.7289506196975708,0.9129361510276794,0.21754153817892075,0.0861121192574501,261.8526614382863,0
853,0.7654426842927933,0.730259358882904,0.910159170627594,0.21916019171476364,0.08605380356311798,262.157934486866,0
854,0.7663649022579193,0.731131911277771,0.9104589223861694,0.2176114022731781,0.08612211793661118,262.46175607293844,0
855,0.7652042955160141,0.7293533086776733,0.9121438264846802,0.21770142018795013,0.08613618463277817,262.76565332710743,0
856,0.7648116201162338,0.7305278182029724,0.9115650653839111,0.2183089628815651,0.08621936291456223,263.0702585205436,0
857,0.7659980654716492,0.7302929162979126,0.9146453738212585,0.21747199445962906,0.08619114756584167,263.3739775046706,0
858,0.7650405913591385,0.7289841771125793,0.9108570218086243,0.21755822747945786,0.08609964698553085,263.6776884421706,0
859,0.7642102390527725,0.7299237847328186,0.9115307331085205,0.21771085262298584,0.08637285977602005,263.98182981461287,0
860,0.7639659196138382,0.7276082634925842,0.9161702394485474,0.21792801469564438,0.08624429255723953,264.2860739529133,0
861,0.7642261236906052,0.7304607033729553,0.9083181023597717,0.21745523065328598,0.0860709697008133,264.589653134346,0
862,0.7637056708335876,0.7294875383377075,0.9125784039497375,0.21752211451530457,0.08612300455570221,264.8933572024107,0
863,0.7629858702421188,0.7283130288124084,0.9139280915260315,0.21770454943180084,0.08612630516290665,265.1972485780716,0
864,0.7636311501264572,0.7302929162979126,0.9115685224533081,0.21791531145572662,0.08621741831302643,265.50145407766104,0
865,0.7636760324239731,0.7285814881324768,0.9161720275878906,0.21751882880926132,0.08593211323022842,265.8049613684416,0
866,0.7641096264123917,0.7303600311279297,0.9059998393058777,0.21760886162519455,0.08601373434066772,266.1086409762502,0
867,0.7624009996652603,0.7312325835227966,0.9117462635040283,0.21754547953605652,0.08618281781673431,266.41244503855705,0
868,0.7628615647554398,0.7294875383377075,0.9174435138702393,0.21768678724765778,0.0861269012093544,266.7163165137172,0
869,0.7615258544683456,0.7296217679977417,0.913322925567627,0.21791911125183105,0.0861741378903389,267.02047058939934,0
870,0.7618531137704849,0.7307627201080322,0.9113541841506958,0.21741772443056107,0.08625362813472748,267.32419800013304,0
871,0.7623039484024048,0.729084849357605,0.9122949838638306,0.21769391745328903,0.08636078983545303,267.6283116787672,0
872,0.7606558054685593,0.7301586866378784,0.9090589284896851,0.21763725578784943,0.08625885844230652,267.93226428329945,0
873,0.7618735283613205,0.731131911277771,0.9103716611862183,0.21766748279333115,0.08624766021966934,268.23624463379383,0
874,0.762927770614624,0.7288835048675537,0.9186143279075623,0.21861932426691055,0.08639167249202728,268.54132203757763,0
875,0.7630635797977448,0.7297559976577759,0.9117348194122314,0.21829336136579514,0.08621407300233841,268.8459262624383,0
876,0.762360230088234,0.7314674854278564,0.9096616506576538,0.2180032953619957,0.08640840649604797,269.15042961388826,0
877,0.7623452842235565,0.7296888828277588,0.9152910709381104,0.2175556719303131,0.08609896153211594,269.45415760576725,0
878,0.7613245993852615,0.7298902273178101,0.9134330749511719,0.21775087714195251,0.08628977835178375,269.7582633048296,0
879,0.7600682377815247,0.7308970093727112,0.9106166362762451,0.21779323369264603,0.08616501092910767,270.0622916892171,0
880,0.7608815878629684,0.7299908995628357,0.9170136451721191,0.2177468165755272,0.0862494558095932,270.36635714769363,0
881,0.7605695873498917,0.7291519641876221,0.9112891554832458,0.21760766208171844,0.08618611097335815,270.67020454257727,0
882,0.7612693309783936,0.7291519641876221,0.9120082855224609,0.21775566786527634,0.08619169145822525,270.9742100164294,0
883,0.7606100887060165,0.7306956052780151,0.914302408695221,0.2175299972295761,0.0862291231751442,271.27802662551403,0
884,0.7618355751037598,0.7299573421478271,0.9128456115722656,0.21740656346082687,0.08626078069210052,271.58174999803305,0
885,0.7614698112010956,0.7296217679977417,0.9127621054649353,0.2177729830145836,0.08622127771377563,271.88580111414194,0
886,0.7601563334465027,0.7302258014678955,0.9183120131492615,0.21741975098848343,0.0861310139298439,272.18940913677216,0
887,0.7627526372671127,0.7310647964477539,0.9095377922058105,0.21742568165063858,0.08617018908262253,272.49305879324675,0
888,0.7630467265844345,0.7300580143928528,0.9126567244529724,0.2174868956208229,0.08624947816133499,272.7968553304672,0
889,0.7601283043622971,0.7296217679977417,0.9160693287849426,0.2179003208875656,0.0862368494272232,273.1010614410043,0
890,0.7633979469537735,0.7300580143928528,0.9092019200325012,0.21770645678043365,0.08606000989675522,273.40488638728857,0
891,0.7616627961397171,0.7289841771125793,0.9185352921485901,0.217734657227993,0.08621452748775482,273.70889972150326,0
892,0.7612436264753342,0.7302929162979126,0.9101843237876892,0.21775133907794952,0.08609665930271149,274.0128097087145,0
893,0.7621798366308212,0.7299237847328186,0.9102916717529297,0.21779605001211166,0.0862102061510086,274.31687235087156,0
894,0.760613888502121,0.7289506196975708,0.9199185371398926,0.21793198585510254,0.08628011494874954,274.6211950480938,0
895,0.760972797870636,0.731131911277771,0.9100133180618286,0.2176080122590065,0.08629793673753738,274.9251578524709,0
896,0.7603146582841873,0.730259358882904,0.9100244045257568,0.21769673377275467,0.08630289882421494,275.2292132228613,0
897,0.7599410265684128,0.7291184067726135,0.9155792593955994,0.2175903543829918,0.08622181415557861,275.53308264911175,0
898,0.759628176689148,0.7307291626930237,0.9117105603218079,0.21767013520002365,0.08617007732391357,275.8369869142771,0
899,0.7593449801206589,0.7298566699028015,0.9132179617881775,0.21756833046674728,0.0862467959523201,276.14085844159126,0
900,0.760363757610321,0.7299573421478271,0.9143984317779541,0.21765560656785965,0.08610951900482178,276.4446815252304,0
901,0.7606011182069778,0.7295546531677246,0.9120977520942688,0.2174803912639618,0.08592772483825684,276.74814768880606,0
902,0.7580606490373611,0.7290512919425964,0.9137371182441711,0.21912450343370438,0.08619661629199982,277.05352618545294,0
903,0.7569466084241867,0.7301251292228699,0.9115257263183594,0.21755681186914444,0.0861772671341896,277.35731434077024,0
904,0.7584872543811798,0.7310647964477539,0.9140199422836304,0.21798140555620193,0.08612768352031708,277.6614741012454,0
905,0.7601453065872192,0.7296553254127502,0.9133641123771667,0.2176235467195511,0.08602797240018845,277.9651921838522,0
906,0.7562178820371628,0.7291519641876221,0.9136846661567688,0.21778500080108643,0.08634030073881149,278.26936984062195,0
907,0.7584550827741623,0.7310647964477539,0.9135286211967468,0.21793562918901443,0.08622493594884872,278.57360070198774,0
908,0.7596172988414764,0.7295882105827332,0.914100706577301,0.2177676111459732,0.08621928095817566,278.8776520267129,0
909,0.7563874125480652,0.7294204235076904,0.9148587584495544,0.2177460491657257,0.08604047447443008,279.1814940869808,0
910,0.7572183459997177,0.7298566699028015,0.9164546132087708,0.2175692617893219,0.08613038808107376,279.4852481633425,0
911,0.7579183578491211,0.7290177345275879,0.9114078879356384,0.21797124296426773,0.08603988587856293,279.78931426256895,0
912,0.7592567354440689,0.7299237847328186,0.9131316542625427,0.2176908180117607,0.08638960868120193,280.0934522077441,0
913,0.7577488273382187,0.7302929162979126,0.916996419429779,0.21848369389772415,0.08620698004961014,280.39823088794947,0
914,0.7576425075531006,0.7311990261077881,0.9104334115982056,0.21776149421930313,0.08629769831895828,280.70239462703466,0
915,0.7569020092487335,0.7304271459579468,0.9135462641716003,0.2182791754603386,0.08630897849798203,281.00708343088627,0
916,0.7586024850606918,0.7284472584724426,0.9171392917633057,0.21745546162128448,0.0862663984298706,281.3109129741788,0
917,0.7566803693771362,0.7295210957527161,0.9125910997390747,0.2174159586429596,0.08622491359710693,281.6146138012409,0
918,0.7588757276535034,0.7324742078781128,0.91251540184021,0.2174948751926422,0.0862431600689888,281.93303678929806,1
919,0.757901132106781,0.7300915718078613,0.91197270154953,0.21736175566911697,0.08621542900800705,282.23667407780886,0
920,0.7563050389289856,0.7300244569778442,0.9103288650512695,0.21737311780452728,0.08600614964962006,282.5401077270508,0
921,0.757158175110817,0.7296553254127502,0.9166566133499146,0.21738102287054062,0.08617289364337921,282.8437174484134,0
922,0.7560452520847321,0.7306620478630066,0.9084206223487854,0.21746879070997238,0.08620192855596542,283.14744374901056,0
923,0.7558537125587463,0.7297224402427673,0.9145824909210205,0.2174081653356552,0.08626382052898407,283.45117028057575,0
924,0.755205050110817,0.7293533086776733,0.9171018600463867,0.2172100618481636,0.0859842449426651,283.75441559404135,0
925,0.7555017322301865,0.7301251292228699,0.9094244837760925,0.21766823530197144,0.08631247282028198,284.05846513062716,0
926,0.7564147412776947,0.7307627201080322,0.9101589918136597,0.21727559715509415,0.08625074476003647,284.36206125468016,0
927,0.7549229115247726,0.730259358882904,0.9152141809463501,0.21756882220506668,0.08604025840759277,284.665742687881,0
928,0.7562350630760193,0.7302258014678955,0.9126232266426086,0.21735506504774094,0.08614186942577362,284.9692893624306,0
929,0.7568046897649765,0.7297559976577759,0.9180786609649658,0.21738209575414658,0.08607567101716995,285.27280331403017,0
930,0.7568448632955551,0.7300244569778442,0.9128327965736389,0.21726567298173904,0.08617688715457916,285.5763031169772,0
931,0.7578403949737549,0.7303264737129211,0.9111586809158325,0.21744538843631744,0.08624516427516937,285.8800705075264,0
932,0.7557021826505661,0.7300580143928528,0.9112927913665771,0.2174748107790947,0.08616199344396591,286.18376361578703,0
933,0.756035640835762,0.7293868660926819,0.9161531329154968,0.21746934205293655,0.08620486408472061,286.4874938502908,0
934,0.7551092058420181,0.7308970093727112,0.9144681096076965,0.2173847109079361,0.08614886552095413,286.79107684642076,0
935,0.7571381628513336,0.7304607033729553,0.9151855707168579,0.21722803264856339,0.08624117821455002,287.0946014299989,0
936,0.7537064403295517,0.7293533086776733,0.9143300652503967,0.2174770087003708,0.0860411748290062,287.3981732353568,0
937,0.754487156867981,0.7307962775230408,0.909675121307373,0.2173197939991951,0.08614244312047958,287.70169073343277,0
938,0.7533968836069107,0.7296217679977417,0.9145764112472534,0.21746520698070526,0.08626911789178848,288.00548163056374,0
939,0.7529890239238739,0.7292190790176392,0.9120674133300781,0.2173067331314087,0.08611738681793213,288.30896309763193,0
940,0.7543653398752213,0.7298902273178101,0.9163603782653809,0.21728551387786865,0.08612775057554245,288.6124323680997,0
941,0.7545201927423477,0.7309641242027283,0.9134491682052612,0.21823564171791077,0.08651363104581833,288.9172374904156,0
942,0.7527652680873871,0.7304942607879639,0.9145534634590149,0.21741994470357895,0.08612589538097382,289.2208378687501,0
943,0.7549874037504196,0.7309305667877197,0.9144585132598877,0.21733949333429337,0.08607985824346542,289.52432419359684,0
944,0.7536420077085495,0.7316352725028992,0.9151973724365234,0.21738770604133606,0.08614207059144974,289.82791485637426,0
945,0.7537894695997238,0.7301586866378784,0.9149553179740906,0.21746092289686203,0.08610177785158157,290.1315333470702,0
946,0.7563964128494263,0.7310312390327454,0.9167158603668213,0.21738196164369583,0.0864473432302475,290.43541257828474,0
947,0.7536891400814056,0.7303935885429382,0.9179643988609314,0.21771088987588882,0.08628065884113312,290.7394726201892,0
948,0.7526213973760605,0.7313668131828308,0.9119832515716553,0.2174464762210846,0.08613362908363342,291.0431285649538,0
949,0.7529511153697968,0.7287828326225281,0.9207721948623657,0.21737797558307648,0.08612117171287537,291.34668523073196,0
950,0.7530373781919479,0.7308298349380493,0.9113931655883789,0.2173909768462181,0.08609697967767715,291.65022537112236,0
951,0.7536959648132324,0.7305278182029724,0.9154384732246399,0.21738895028829575,0.08620670437812805,291.95387817919254,0
952,0.7521892040967941,0.7288835048675537,0.9171003699302673,0.21742184460163116,0.08604013919830322,292.2573945373297,0
953,0.7524453699588776,0.7308970093727112,0.9096807241439819,0.2173147350549698,0.08606448769569397,292.5608348622918,0
954,0.7524894922971725,0.7297224402427673,0.9158663153648376,0.2174893245100975,0.08620060235261917,292.8645817413926,0
955,0.7534575313329697,0.7298566699028015,0.91468745470047,0.2175978422164917,0.08623748272657394,293.1684772595763,0
956,0.7529045045375824,0.730259358882904,0.9141731858253479,0.21723157167434692,0.08613280206918716,293.47190994769335,0
957,0.7530189901590347,0.7303264737129211,0.9161678552627563,0.21784792840480804,0.08620569854974747,293.776024594903,0
958,0.7514194697141647,0.7303935885429382,0.9161272644996643,0.21750475466251373,0.08624066412448883,294.0798385590315,0
959,0.7541975378990173,0.7313332557678223,0.9148501753807068,0.2174517884850502,0.08617597073316574,294.3835259974003,0
960,0.7506654262542725,0.7307627201080322,0.9136199951171875,0.2182237058877945,0.0864272192120552,294.68824134022,0
961,0.7518326640129089,0.7299908995628357,0.9139406085014343,0.2173774093389511,0.08621561527252197,294.9918907880783,0
962,0.7520032078027725,0.7312996983528137,0.9168595671653748,0.21748851239681244,0.08621087670326233,295.295648008585,0
963,0.7533965408802032,0.731870174407959,0.9151089787483215,0.21747159212827682,0.08611243218183517,295.59928837418556,0
964,0.7533993124961853,0.7294875383377075,0.9197729229927063,0.21740590780973434,0.08610357344150543,295.90285040438175,0
965,0.7543720304965973,0.7318366169929504,0.910868227481842,0.21731878817081451,0.0860806405544281,296.2063086479902,0
966,0.7536704242229462,0.7308633923530579,0.9130256175994873,0.21803225576877594,0.08628445863723755,296.5106809064746,0
967,0.7510961145162582,0.7294875383377075,0.9161427617073059,0.21759958565235138,0.08619166165590286,296.8145341798663,0
968,0.7508136630058289,0.730259358882904,0.914616584777832,0.21751459687948227,0.08627389371395111,297.11838886886835,0
969,0.7523075193166733,0.7310983538627625,0.9099304676055908,0.2179049476981163,0.08629092574119568,297.42269229888916,0
970,0.7530397474765778,0.7286821603775024,0.919337809085846,0.21749740093946457,0.08622519671916962,297.7264766320586,0
971,0.7515610903501511,0.7302258014678955,0.9151082038879395,0.21763237565755844,0.08625412732362747,298.0304262265563,0
972,0.7526294887065887,0.7292861938476562,0.9173693656921387,0.2174665853381157,0.08620603382587433,298.334151878953,0
973,0.7496981769800186,0.7299908995628357,0.9172471761703491,0.21808446943759918,0.08628178387880325,298.63857819885015,0
974,0.7503189891576767,0.7304271459579468,0.9158440828323364,0.21736198663711548,0.08620613068342209,298.94220519810915,0
975,0.7517844289541245,0.730192244052887,0.9169391393661499,0.21746477484703064,0.08612529188394547,299.245854139328,0
976,0.7511088997125626,0.7302258014678955,0.913237452507019,0.2171953022480011,0.08608696609735489,299.5491946488619,0
977,0.7487800866365433,0.7310647964477539,0.9182902574539185,0.21767671406269073,0.08617521822452545,299.8531407341361,0
978,0.7485998570919037,0.7299237847328186,0.9203569293022156,0.21824777871370316,0.08610575646162033,300.1575533300638,0
979,0.7497677803039551,0.729453980922699,0.911141574382782,0.21742428094148636,0.08611933141946793,300.461154229939,0
980,0.7498023360967636,0.731501042842865,0.9153532981872559,0.21792568266391754,0.08638246357440948,300.76552002876997,0
981,0.7511617988348007,0.7310312390327454,0.9205731749534607,0.21741888672113419,0.08623997867107391,301.06923700124025,0
982,0.7487748116254807,0.7310647964477539,0.9135081768035889,0.21735718846321106,0.08608486503362656,301.37275460362434,0
983,0.7518531531095505,0.7292526364326477,0.9174538850784302,0.21747297048568726,0.08610150963068008,301.6763869524002,0
984,0.7488049119710922,0.7295210957527161,0.9182507395744324,0.21728454530239105,0.0861005187034607,301.9798317924142,0
985,0.7491529136896133,0.7304607033729553,0.9162165522575378,0.21763626486063004,0.08619705587625504,302.28372298181057,0
986,0.7494552731513977,0.7300580143928528,0.916896641254425,0.21775875985622406,0.08606911450624466,302.5876391902566,0
987,0.7480093836784363,0.731131911277771,0.9155722260475159,0.21766844391822815,0.0861160084605217,302.89149560034275,0
988,0.7488446831703186,0.7309305667877197,0.913737952709198,0.2176242098212242,0.08625704050064087,303.1954376399517,0
989,0.749654158949852,0.7310983538627625,0.9159963726997375,0.21744239330291748,0.08630780875682831,303.49924333393574,0
990,0.7502005100250244,0.730192244052887,0.9195985794067383,0.21817580610513687,0.08665303885936737,303.8041433542967,0
991,0.7504706382751465,0.7301586866378784,0.9137730598449707,0.21855074167251587,0.08609732985496521,304.1089280769229,0
992,0.7498867958784103,0.7301586866378784,0.9151110649108887,0.21768305450677872,0.08619477599859238,304.41287304461,0
993,0.7488693296909332,0.7303264737129211,0.9208318591117859,0.21762604266405106,0.08624263107776642,304.71679801493883,0
994,0.7498259395360947,0.7309976816177368,0.9158464670181274,0.21797260642051697,0.08626412600278854,305.0211013555527,0
995,0.7506354600191116,0.7287492752075195,0.9228664636611938,0.21764136850833893,0.08619216829538345,305.32500023394823,0
996,0.7496387660503387,0.7312996983528137,0.9138445258140564,0.21765878051519394,0.0861840546131134,305.6288998275995,0
997,0.7480233460664749,0.7293533086776733,0.9161142706871033,0.2178933396935463,0.08622613549232483,305.93308790773153,0
998,0.7489057928323746,0.7303600311279297,0.9198287129402161,0.21797337383031845,0.08638766407966614,306.2375078871846,0
999,0.7502281665802002,0.7311990261077881,0.913862943649292,0.21812336146831512,0.08638958632946014,306.5421423316002,0
1000,0.7491408288478851,0.7296217679977417,0.9175406098365784,0.2175421118736267,0.08615454286336899,306.845914080739,0
