epoch,train_mean_member_ce,valid_pooled_accuracy,valid_pooled_ce,train_step_seconds,validation_seconds,elapsed_seconds,is_selected_so_far
1,3.707895517349243,0.0762777253985405,3.337371349334717,0.17332017421722412,0.030164949595928192,0.2108287438750267,1
2,3.3214662075042725,0.07641195505857468,3.1225686073303223,0.05487719178199768,0.021971791982650757,0.29323629289865494,1
3,3.187278985977173,0.1749723106622696,2.9389467239379883,0.054583050310611725,0.02194959670305252,0.37493859231472015,1
4,3.112621784210205,0.24114902317523956,2.861309051513672,0.05460159480571747,0.021978206932544708,0.4568174034357071,1
5,3.0600173473358154,0.2191348671913147,2.8245933055877686,0.05459132790565491,0.021880023181438446,0.5333499610424042,0
6,3.011263847351074,0.24970635771751404,2.7570395469665527,0.05457700043916702,0.021889008581638336,0.6152301877737045,1
7,2.949291706085205,0.2925601303577423,2.6261329650878906,0.05453208088874817,0.021917812526226044,0.6979909762740135,1
8,2.871177911758423,0.30326518416404724,2.4905707836151123,0.05451967567205429,0.021840207278728485,0.7809062600135803,1
9,2.776245594024658,0.32756131887435913,2.3883216381073,0.05452508479356766,0.02187333256006241,0.8651014640927315,1
10,2.690600872039795,0.35226014256477356,2.306756019592285,0.05462609976530075,0.0218924880027771,0.9490498080849648,1
11,2.6260735988616943,0.3680996000766754,2.2734813690185547,0.054563045501708984,0.02190835028886795,1.0323557406663895,1
12,2.555694580078125,0.3825967013835907,2.2299015522003174,0.05456552654504776,0.021944284439086914,1.1158220916986465,1
13,2.4881842136383057,0.4063558876514435,2.174677610397339,0.0545235350728035,0.021908238530158997,1.198473334312439,1
14,2.4278218746185303,0.4207523465156555,2.129636287689209,0.05453585088253021,0.021897614002227783,1.2819982767105103,1
15,2.372096061706543,0.4253498315811157,2.085423469543457,0.05456226319074631,0.021862410008907318,1.364963099360466,1
16,2.3171377182006836,0.4363904595375061,2.039584159851074,0.05456497520208359,0.021897688508033752,1.447099007666111,1
17,2.2654001712799072,0.45635756850242615,1.9873348474502563,0.05453488230705261,0.021912358701229095,1.5289997085928917,1
18,2.2175140380859375,0.46968016028404236,1.9364240169525146,0.05452946573495865,0.02189856767654419,1.6119789853692055,1
19,2.168431043624878,0.4780697226524353,1.8945685625076294,0.05454781651496887,0.021856069564819336,1.694125883281231,1
20,2.1229236125946045,0.48666059970855713,1.8531100749969482,0.054559774696826935,0.021952025592327118,1.7765305265784264,1
21,2.075908660888672,0.4943789839744568,1.8162739276885986,0.05462254583835602,0.02186659723520279,1.8602783381938934,1
22,2.038640022277832,0.4970300793647766,1.7859715223312378,0.05457277595996857,0.021891586482524872,1.946555271744728,1
23,1.9966539144515991,0.5068290829658508,1.7501380443572998,0.05447845906019211,0.021946728229522705,2.0286432057619095,1
24,1.9550522565841675,0.5292794704437256,1.7017239332199097,0.05458708107471466,0.021950066089630127,2.110356390476227,1
25,1.91671621799469,0.5432397127151489,1.660658597946167,0.05449777841567993,0.021969713270664215,2.1923345923423767,1
26,1.8821109533309937,0.5476693511009216,1.6302175521850586,0.05454838275909424,0.021927662193775177,2.2752532213926315,1
27,1.846773624420166,0.5566965341567993,1.598836064338684,0.05452164262533188,0.021875686943531036,2.35725899040699,1
28,1.8129764795303345,0.5655558705329895,1.5668731927871704,0.05444210022687912,0.021870270371437073,2.4393220841884613,1
29,1.7861706018447876,0.5709587335586548,1.546797275543213,0.05446707457304001,0.02186822146177292,2.521313175559044,1
30,1.7558645009994507,0.5758246779441833,1.5286450386047363,0.05442710220813751,0.021902598440647125,2.6032830849289894,1
31,1.7287745475769043,0.5808584094047546,1.5075100660324097,0.054506510496139526,0.021905511617660522,2.6849829703569412,1
32,1.7041854858398438,0.5863955020904541,1.4843868017196655,0.05452089011669159,0.021885909140110016,2.7668175399303436,1
33,1.678963541984558,0.5919325947761536,1.462672472000122,0.05447255074977875,0.021862760186195374,2.848434865474701,1
34,1.6556345224380493,0.5965300798416138,1.4387155771255493,0.054634369909763336,0.02196565270423889,2.9312330186367035,1
35,1.6353355646133423,0.599080502986908,1.4195820093154907,0.05448691546916962,0.02188003808259964,3.013241469860077,1
36,1.615219235420227,0.6002885699272156,1.407118558883667,0.054634615778923035,0.022013448178768158,3.0965022668242455,1
37,1.592695951461792,0.603778600692749,1.3900303840637207,0.05453339219093323,0.021993331611156464,3.1794451624155045,1
38,1.571038842201233,0.6081411838531494,1.3722463846206665,0.054547809064388275,0.021912865340709686,3.2624732926487923,1
39,1.5509424209594727,0.6104231476783752,1.357567548751831,0.05448165535926819,0.021978899836540222,3.3457311391830444,1
40,1.5365833044052124,0.6147857308387756,1.3392751216888428,0.05472242832183838,0.021900035440921783,3.4285684376955032,1
41,1.5184886455535889,0.6180744171142578,1.3251539468765259,0.054522402584552765,0.021906040608882904,3.511341728270054,1
42,1.4994977712631226,0.620993971824646,1.3147414922714233,0.05450575798749924,0.021901890635490417,3.5945601612329483,1
43,1.4849046468734741,0.623041033744812,1.301991581916809,0.05446157604455948,0.021891139447689056,3.6776829063892365,1
44,1.4690539836883545,0.624148428440094,1.2899004220962524,0.05454220622777939,0.02196405827999115,3.7603198438882828,1
45,1.4568243026733398,0.627302885055542,1.2773914337158203,0.056488603353500366,0.021899066865444183,3.844438500702381,1
46,1.4410401582717896,0.6298533082008362,1.2678618431091309,0.05453585833311081,0.02187490463256836,3.9260642156004906,1
47,1.4269546270370483,0.6306923031806946,1.2589654922485352,0.054581962525844574,0.021893426775932312,4.00802256911993,1
48,1.413377285003662,0.6337796449661255,1.247597575187683,0.05454780161380768,0.02193857729434967,4.090058073401451,1
49,1.404780387878418,0.6357259750366211,1.241610050201416,0.05458841472864151,0.02195679396390915,4.171916827559471,1
50,1.3922480344772339,0.6388133764266968,1.2292897701263428,0.05456572771072388,0.021860718727111816,4.254080392420292,1
51,1.3834738731384277,0.639383852481842,1.221179485321045,0.05473662167787552,0.021941646933555603,4.336483418941498,1
52,1.3726438283920288,0.6428067684173584,1.2098944187164307,0.05458769202232361,0.02187134325504303,4.418761916458607,1
53,1.361358880996704,0.6440820097923279,1.2025538682937622,0.05448004603385925,0.021867580711841583,4.500767536461353,1
54,1.3503131866455078,0.6440484523773193,1.197054386138916,0.05455227941274643,0.02191215008497238,4.5772910341620445,0
55,1.3421790599822998,0.649350643157959,1.192130446434021,0.054514698684215546,0.02186841517686844,4.659301541745663,1
56,1.3350889682769775,0.6467666625976562,1.1841468811035156,0.054489701986312866,0.021878883242607117,4.735721573233604,0
57,1.323502540588379,0.6514983177185059,1.175188422203064,0.05464199185371399,0.021935194730758667,4.818226121366024,1
58,1.3148267269134521,0.652505099773407,1.1698733568191528,0.05457565188407898,0.021886035799980164,4.9006029069423676,1
59,1.3068854808807373,0.6494848728179932,1.165252447128296,0.05456145852804184,0.021862521767616272,4.9770820289850235,0
60,1.3030318021774292,0.6558609008789062,1.1633747816085815,0.05456306040287018,0.02185668796300888,5.059219837188721,1
61,1.295106291770935,0.6566998362541199,1.149360179901123,0.054563745856285095,0.021971553564071655,5.141510680317879,1
62,1.286678671836853,0.6559951305389404,1.1456060409545898,0.05466843396425247,0.02188974618911743,5.218136042356491,0
63,1.276443362236023,0.6591495871543884,1.1467196941375732,0.05451160669326782,0.021910905838012695,5.3000839203596115,1
64,1.272456407546997,0.6593509316444397,1.136022925376892,0.05481906980276108,0.021898917853832245,5.382818222045898,1
65,1.26577627658844,0.6585791110992432,1.133373498916626,0.05452872812747955,0.02182849496603012,5.45923987776041,0
66,1.2575746774673462,0.6626396775245667,1.1274816989898682,0.054432712495326996,0.021902814507484436,5.541931062936783,1
67,1.249656081199646,0.6624047756195068,1.1232627630233765,0.05451221764087677,0.02194267511367798,5.618439830839634,0
68,1.2446479797363281,0.6620020270347595,1.1186773777008057,0.05462900549173355,0.021874770522117615,5.695001482963562,0
69,1.2420825958251953,0.6661968231201172,1.1107521057128906,0.054549768567085266,0.021909654140472412,5.778141170740128,1
70,1.2369303703308105,0.6673042178153992,1.1060718297958374,0.05448757857084274,0.021890535950660706,5.861200392246246,1
71,1.2291826009750366,0.6656263470649719,1.1051926612854004,0.05472085624933243,0.02193491905927658,5.937913417816162,0
72,1.222460150718689,0.6673713326454163,1.1024608612060547,0.05455860495567322,0.02190691977739334,6.021552316844463,1
73,1.2172126770019531,0.6694183945655823,1.0977098941802979,0.054531529545784,0.021945267915725708,6.106266401708126,1
74,1.215654730796814,0.6698546409606934,1.0925873517990112,0.054633259773254395,0.021847426891326904,6.189082995057106,1
75,1.2087403535842896,0.6703916192054749,1.0903922319412231,0.05451277643442154,0.021898284554481506,6.271810829639435,1
76,1.2066270112991333,0.6710292100906372,1.0871046781539917,0.05455332249403,0.021944530308246613,6.353738822042942,1
77,1.197863221168518,0.6717674732208252,1.0834838151931763,0.05448451638221741,0.021915599703788757,6.435366280376911,1
78,1.1934970617294312,0.6722037196159363,1.0796523094177246,0.05475237965583801,0.021944083273410797,6.51770493388176,1
79,1.1902573108673096,0.6717339158058167,1.0781266689300537,0.05453488975763321,0.021903976798057556,6.594198949635029,0
80,1.1838603019714355,0.6737474203109741,1.073486089706421,0.05462633818387985,0.021895423531532288,6.676108069717884,1
81,1.1800695657730103,0.6759622693061829,1.0703060626983643,0.05462132394313812,0.021940648555755615,6.758689388632774,1
82,1.1795076131820679,0.6741836667060852,1.0725789070129395,0.05464474856853485,0.021944671869277954,6.835333973169327,0
83,1.1777222156524658,0.674787700176239,1.0654288530349731,0.05450095236301422,0.021917231380939484,6.911804907023907,0
84,1.172181248664856,0.6765327453613281,1.063656210899353,0.054535239934921265,0.02186175435781479,6.994485154747963,1
85,1.1659473180770874,0.6760293841362,1.0628252029418945,0.05472263693809509,0.02191425859928131,7.071180276572704,0
86,1.163835048675537,0.6755260229110718,1.0595136880874634,0.054889701306819916,0.021909154951572418,7.148049995303154,0
87,1.1611613035202026,0.6783449053764343,1.0616551637649536,0.05473076552152634,0.02191900461912155,7.231519483029842,1
88,1.1593331098556519,0.6790160536766052,1.0539332628250122,0.05458308011293411,0.021845176815986633,7.316832706332207,1
89,1.1568065881729126,0.6800227761268616,1.0528640747070312,0.05460791289806366,0.021937675774097443,7.399594269692898,1
90,1.1444051265716553,0.6813315749168396,1.0478777885437012,0.05458364635705948,0.021964959800243378,7.482455126941204,1
91,1.1443427801132202,0.6806939840316772,1.0478756427764893,0.054553836584091187,0.021887339651584625,7.55895159393549,0
92,1.1426076889038086,0.6810295581817627,1.0468837022781372,0.054537273943424225,0.021901898086071014,7.635445065796375,0
93,1.1420234441757202,0.6818013787269592,1.0409321784973145,0.054528430104255676,0.021878927946090698,7.717130318284035,1
94,1.134647011756897,0.6838484406471252,1.0401380062103271,0.05466270446777344,0.021963708102703094,7.79917748272419,1
95,1.1341153383255005,0.6841504573822021,1.0401086807250977,0.054662495851516724,0.021880045533180237,7.882274843752384,1
96,1.1283783912658691,0.6827409863471985,1.0342497825622559,0.05452729016542435,0.02188006043434143,7.958738185465336,0
97,1.1281713247299194,0.6856940984725952,1.0348668098449707,0.054576337337493896,0.021941356360912323,8.04182317852974,1
98,1.1248325109481812,0.6842511296272278,1.0346620082855225,0.05449824780225754,0.02192573994398117,8.118302583694458,0
99,1.1212483644485474,0.6834793090820312,1.0306602716445923,0.05450622737407684,0.02189137041568756,8.194754555821419,0
100,1.121169090270996,0.6867679953575134,1.031895399093628,0.054495684802532196,0.021922610700130463,8.278643772006035,1
101,1.1203068494796753,0.6867679953575134,1.027581810951233,0.05457496643066406,0.02191942185163498,8.361957430839539,1
102,1.1145950555801392,0.6867679953575134,1.024914264678955,0.054517053067684174,0.02185796946287155,8.445583067834377,1
103,1.111024260520935,0.6869693398475647,1.0265940427780151,0.054583899676799774,0.02190500497817993,8.529349811375141,1
104,1.109308123588562,0.687170684337616,1.0223335027694702,0.05470644682645798,0.02194608747959137,8.611625246703625,1
105,1.1069823503494263,0.6879425048828125,1.0195488929748535,0.05445883423089981,0.021966472268104553,8.694101765751839,1
106,1.1039979457855225,0.6892513036727905,1.0220561027526855,0.05452337861061096,0.02188067138195038,8.776227034628391,1
107,1.0997395515441895,0.6895197629928589,1.0178016424179077,0.054532356560230255,0.02190316468477249,8.858023062348366,1
108,1.1000715494155884,0.6897546648979187,1.015836477279663,0.05456089973449707,0.021845854818820953,8.93984441459179,1
109,1.0987212657928467,0.6896204352378845,1.0217607021331787,0.0545671284198761,0.02190171182155609,9.01636891067028,0
110,1.0956318378448486,0.6898888945579529,1.0138250589370728,0.054468460381031036,0.021908558905124664,9.098351404070854,1
111,1.0950329303741455,0.6908956170082092,1.0144648551940918,0.05450918525457382,0.02188713848590851,9.180392429232597,1
112,1.0899319648742676,0.6923050880432129,1.0122077465057373,0.054575636982917786,0.02202615886926651,9.262497253715992,1
113,1.089577078819275,0.6914997100830078,1.0086811780929565,0.05454886704683304,0.021907180547714233,9.339014314115047,0
114,1.0872547626495361,0.6927077770233154,1.0094199180603027,0.054515816271305084,0.021880604326725006,9.421423062682152,1
115,1.0852497816085815,0.6913319230079651,1.0131295919418335,0.05467122048139572,0.02197064459323883,9.498122289776802,0
116,1.0864942073822021,0.6928755640983582,1.0042707920074463,0.05450378358364105,0.021947868168354034,9.580381661653519,1
117,1.079437494277954,0.6918688416481018,1.0100948810577393,0.054604269564151764,0.021867774426937103,9.656913794577122,0
118,1.0817923545837402,0.6935131549835205,1.0047333240509033,0.05454874038696289,0.021860994398593903,9.739301569759846,1
119,1.0772346258163452,0.6937816143035889,1.0026798248291016,0.05454495549201965,0.02187090367078781,9.821275748312473,1
120,1.0767086744308472,0.6936809420585632,1.0057309865951538,0.054582178592681885,0.02192162722349167,9.89783699810505,0
121,1.0733039379119873,0.6942850351333618,1.0016329288482666,0.05456603318452835,0.02194461226463318,9.979976899921894,1
122,1.0697507858276367,0.6933453679084778,1.0038650035858154,0.05471202731132507,0.021903999149799347,10.056674137711525,0
123,1.0690988302230835,0.6941508054733276,1.0019036531448364,0.054536864161491394,0.02191907912492752,10.133184060454369,0
124,1.0734554529190063,0.6909627318382263,1.0060292482376099,0.054510146379470825,0.021918050944805145,10.20966912806034,0
125,1.0694875717163086,0.6928084492683411,0.99807208776474,0.05441258102655411,0.02191305160522461,10.286047227680683,0
126,1.068069577217102,0.6954259872436523,1.0033422708511353,0.05448807775974274,0.021999746561050415,10.369101226329803,1
127,1.0641835927963257,0.6947548389434814,0.9984735250473022,0.054569683969020844,0.02186346799135208,10.445590265095234,0
128,1.0604524612426758,0.6912983655929565,0.9967020153999329,0.0544845387339592,0.021876215934753418,10.522004075348377,0
129,1.0635986328125,0.6923050880432129,1.0047153234481812,0.05448964983224869,0.021874263882637024,10.59842412918806,0
130,1.0597232580184937,0.6972381472587585,0.9925814270973206,0.05445703864097595,0.021859243512153625,10.681072898209095,1
131,1.0583539009094238,0.6960971355438232,0.989776074886322,0.054488345980644226,0.02187492698431015,10.75749609619379,0
132,1.0545380115509033,0.6952246427536011,0.9960405230522156,0.05450398474931717,0.02188144624233246,10.833928227424622,0
133,1.0554848909378052,0.6966341137886047,0.9903966188430786,0.054463014006614685,0.021988078951835632,10.910436861217022,0
134,1.056740403175354,0.6966341137886047,0.9909563064575195,0.0547553151845932,0.021923936903476715,10.987186789512634,0
135,1.0475443601608276,0.6955602169036865,0.9930679798126221,0.05456323176622391,0.021872401237487793,11.063674859702587,0
136,1.04941725730896,0.6984462141990662,0.9848265051841736,0.054608672857284546,0.021885737776756287,11.146456830203533,1
137,1.0491198301315308,0.6979092955589294,0.987861156463623,0.054642945528030396,0.021897435188293457,11.223054595291615,0
138,1.0424542427062988,0.6957280039787292,0.9898069500923157,0.05443217605352402,0.02189469337463379,11.299440681934357,0
139,1.0419501066207886,0.6987146735191345,0.9824588894844055,0.0545380637049675,0.02194109559059143,11.381198734045029,1
140,1.0421066284179688,0.6982448697090149,0.9831447005271912,0.05457788705825806,0.021920502185821533,11.457752391695976,0
141,1.0388251543045044,0.6982448697090149,0.9877902865409851,0.05456247925758362,0.021926812827587128,11.534295052289963,0
142,1.040575623512268,0.697942852973938,0.9810178875923157,0.05451829731464386,0.021878674626350403,11.610744871199131,0
143,1.0383925437927246,0.6981441974639893,0.9848018884658813,0.054509520530700684,0.021868005394935608,11.687175162136555,0
144,1.038726568222046,0.6988489031791687,0.9836289286613464,0.05450531095266342,0.02188873291015625,11.771480306982994,1
145,1.0387240648269653,0.6965669989585876,0.9826725721359253,0.05492644011974335,0.022110745310783386,11.848596312105656,0
146,1.0322630405426025,0.6991173624992371,0.9808957576751709,0.05479317903518677,0.021854490041732788,11.931839488446712,1
147,1.0365020036697388,0.7001912593841553,0.9791799187660217,0.05450758337974548,0.021882839500904083,12.014243230223656,1
148,1.0313971042633057,0.6972381472587585,0.9794147610664368,0.054730139672756195,0.0219833105802536,12.09101565182209,0
149,1.0337626934051514,0.6997550129890442,0.9790164828300476,0.05437609553337097,0.021930135786533356,12.167375668883324,0
150,1.029922604560852,0.7004597187042236,0.9771241545677185,0.05502118170261383,0.02205086499452591,12.250205278396606,1
151,1.0286756753921509,0.6978757381439209,0.9760759472846985,0.054579928517341614,0.02187134325504303,12.32673692703247,0
152,1.027018427848816,0.6988489031791687,0.980521559715271,0.054477304220199585,0.021838955581188202,12.403113961219788,0
153,1.0255670547485352,0.7012650966644287,0.9740944504737854,0.05443583428859711,0.021848998963832855,12.48517370969057,1
154,1.0243337154388428,0.7002919316291809,0.9763151407241821,0.05444059520959854,0.021849244832992554,12.561520338058472,0
155,1.020933985710144,0.7011979818344116,0.9729095697402954,0.05476244539022446,0.021916501224040985,12.638256013393402,0
156,1.022884726524353,0.7000570297241211,0.9711880683898926,0.054488569498062134,0.021862924098968506,12.714665561914444,0
157,1.018930435180664,0.7006946206092834,0.9747641086578369,0.05448704957962036,0.022024765610694885,12.791233532130718,0
158,1.0207874774932861,0.7018356323242188,0.9713410139083862,0.0544898584485054,0.021884851157665253,12.874498203396797,1
159,1.0163153409957886,0.7001577019691467,0.9741702079772949,0.0544140487909317,0.02194366604089737,12.95091363042593,0
160,1.0148849487304688,0.7014999985694885,0.9732148051261902,0.05439561605453491,0.02187296748161316,13.027236059308052,0
161,1.0141451358795166,0.7024732232093811,0.9698072671890259,0.0543956384062767,0.021852977573871613,13.109463043510914,1
162,1.0158159732818604,0.7016342282295227,0.9659386277198792,0.05442829430103302,0.02188197523355484,13.185824163258076,0
163,1.0117664337158203,0.7032450437545776,0.9669198989868164,0.05441717803478241,0.02190137654542923,13.2685327231884,1
164,1.0123740434646606,0.7017349004745483,0.9686654210090637,0.054483115673065186,0.021946966648101807,13.34502313286066,0
165,1.0085893869400024,0.7019698619842529,0.9666993618011475,0.05445890128612518,0.021868981420993805,13.421404927968979,0
166,1.0054124593734741,0.7018356323242188,0.9692454934120178,0.054366134107112885,0.02185364067554474,13.497673012316227,0
167,1.0060324668884277,0.7029094696044922,0.9644305109977722,0.05442005395889282,0.021870248019695282,13.574011884629726,0
168,1.0061874389648438,0.7024732232093811,0.9666507244110107,0.05433502793312073,0.021858759224414825,13.650254406034946,0
169,1.0043728351593018,0.7020705342292786,0.9676010012626648,0.054600246250629425,0.02189984917640686,13.726810961961746,0
170,1.00316321849823,0.7029094696044922,0.9629966616630554,0.054562412202358246,0.021846897900104523,13.803288258612156,0
171,1.0026085376739502,0.7023725509643555,0.9682503342628479,0.0543980598449707,0.021927349269390106,13.879666574299335,0
172,1.0017673969268799,0.7035470604896545,0.9623463749885559,0.05433466285467148,0.021931149065494537,13.961234375834465,1
173,0.9985367655754089,0.7035470604896545,0.9618895053863525,0.05446067452430725,0.02197294682264328,14.042950004339218,1
174,0.9991375803947449,0.7032786011695862,0.9618980884552002,0.054427750408649445,0.021875649690628052,14.119308769702911,0
175,0.9948487281799316,0.7046880722045898,0.9601173400878906,0.05437912791967392,0.02184908837080002,14.20099163800478,1
176,0.9969959259033203,0.7027081251144409,0.9683353304862976,0.05443500727415085,0.02187911421060562,14.277360804378986,0
177,0.9945653080940247,0.7024396657943726,0.9644673466682434,0.05436766892671585,0.02187761664390564,14.353658460080624,0
178,0.9958329796791077,0.7040504217147827,0.9624808430671692,0.054384708404541016,0.021940015256404877,14.430035687983036,0
179,0.9960491061210632,0.7051578760147095,0.9611008763313293,0.054347291588783264,0.021911926567554474,14.51186653226614,1
180,0.9930950999259949,0.7031779289245605,0.96271812915802,0.0544036328792572,0.02189493179321289,14.588216073811054,0
181,0.9948854446411133,0.7044867277145386,0.9608678221702576,0.05468064546585083,0.02196061611175537,14.664909034967422,0
182,0.9899451732635498,0.7046209573745728,0.9606967568397522,0.054466500878334045,0.02184417098760605,14.741274066269398,0
183,0.9879593849182129,0.7034463882446289,0.9640587568283081,0.05448061227798462,0.02195395529270172,14.817762553691864,0
184,0.9874162077903748,0.7055941224098206,0.9602127075195312,0.05445960909128189,0.021937459707260132,14.900050446391106,1
185,0.9896432757377625,0.7051243185997009,0.9562497138977051,0.05469769984483719,0.021883584558963776,14.976697564125061,0
186,0.9886897802352905,0.7036477327346802,0.9581497311592102,0.05451023578643799,0.021890155971050262,15.053166829049587,0
187,0.9841383099555969,0.7017684578895569,0.9698418974876404,0.054432787001132965,0.02186550199985504,15.129519671201706,0
188,0.9869499206542969,0.7046209573745728,0.9539554715156555,0.05439949780702591,0.02186201512813568,15.205835543572903,0
189,0.9871793389320374,0.7043524384498596,0.9594079852104187,0.05444703996181488,0.021947897970676422,15.282292276620865,0
190,0.9829725027084351,0.702775239944458,0.9685183167457581,0.05456484109163284,0.021892353892326355,15.358808845281601,0
191,0.9836467504501343,0.7035806179046631,0.9586721062660217,0.054462701082229614,0.021933510899543762,15.435259483754635,0
192,0.9844958782196045,0.7033457159996033,0.9646605849266052,0.054327115416526794,0.021941952407360077,15.511582411825657,0
193,0.9816473722457886,0.707607626914978,0.9542617201805115,0.05447877198457718,0.021870136260986328,15.595055691897869,1
194,0.9803621768951416,0.7056947946548462,0.9522796273231506,0.05443408340215683,0.02186942845582962,15.6714141741395,0
195,0.9786758422851562,0.7056276798248291,0.9612207412719727,0.054359063506126404,0.021879814565181732,15.747702986001968,0
196,0.9749596118927002,0.7069699764251709,0.9547604322433472,0.05441497266292572,0.021882250905036926,15.82404912263155,0
197,0.9765887260437012,0.7040504217147827,0.9570395350456238,0.054459743201732635,0.02187587320804596,15.900439254939556,0
198,0.9759091734886169,0.7092519402503967,0.950415313243866,0.05446154624223709,0.021879121661186218,15.983051143586636,1
199,0.9756535291671753,0.7061310410499573,0.951931893825531,0.054384730756282806,0.02188108116388321,16.05937237292528,0
200,0.9749385714530945,0.7049229741096497,0.9603599309921265,0.05450338125228882,0.02193743735551834,16.135862037539482,0
201,0.9719657897949219,0.7079432010650635,0.9543100595474243,0.054466329514980316,0.02195124328136444,16.21234529465437,0
202,0.9746582508087158,0.7059968113899231,0.9553093910217285,0.054485343396663666,0.02188563346862793,16.288786865770817,0
203,0.9698517322540283,0.7066008448600769,0.953664243221283,0.054516926407814026,0.021952137351036072,16.36531199514866,0
204,0.970899760723114,0.7088828086853027,0.9509454965591431,0.05447603762149811,0.0219002366065979,16.44174836575985,0
205,0.9703596234321594,0.7058961391448975,0.9592323899269104,0.054465293884277344,0.021949052810668945,16.518225580453873,0
206,0.968561589717865,0.7065001726150513,0.9552628993988037,0.054488807916641235,0.02189289778470993,16.594662323594093,0
207,0.965808629989624,0.7089163661003113,0.946592390537262,0.054381974041461945,0.0218655988574028,16.67096257209778,0
208,0.9669003486633301,0.7051243185997009,0.9623844623565674,0.054592542350292206,0.021893084049224854,16.747501835227013,0
209,0.9664602279663086,0.7088492512702942,0.946062445640564,0.05447641760110855,0.02188115566968918,16.823916345834732,0
210,0.965530514717102,0.7067015171051025,0.9513231515884399,0.05448269844055176,0.021939948201179504,16.900395087897778,0
211,0.9633063673973083,0.7034463882446289,0.9611501693725586,0.05436397343873978,0.021946169435977936,16.976755008101463,0
212,0.9632818102836609,0.7067686319351196,0.9513413906097412,0.05443272739648819,0.021915555000305176,17.053152807056904,0
213,0.9644675254821777,0.7073727250099182,0.9509502649307251,0.05442456901073456,0.021858900785446167,17.129486069083214,0
214,0.962443470954895,0.7058961391448975,0.9492977261543274,0.05460955202579498,0.02193712443113327,17.206088066101074,0
215,0.9591090679168701,0.7076411843299866,0.9516547918319702,0.0544600784778595,0.021953344345092773,17.28256492316723,0
216,0.9618093967437744,0.7090505957603455,0.9519128203392029,0.05465451627969742,0.021963924169540405,17.359239287674427,0
217,0.9632406830787659,0.7057283520698547,0.9549499750137329,0.05446173995733261,0.021973267197608948,17.435731314122677,0
218,0.9558290839195251,0.7068021893501282,0.9522855877876282,0.05440491437911987,0.021869800984859467,17.512061081826687,0
219,0.9591361880302429,0.7087821364402771,0.948147177696228,0.05442015826702118,0.021914221346378326,17.588452704250813,0
220,0.9572474956512451,0.7091848254203796,0.9453719854354858,0.05437898635864258,0.021891720592975616,17.664771236479282,0
221,0.9543582201004028,0.707976758480072,0.9485037326812744,0.05444145202636719,0.022041641175746918,17.741301953792572,0
222,0.9531030654907227,0.7082116603851318,0.9505547881126404,0.05463676154613495,0.02197519689798355,17.81799004226923,0
223,0.954346239566803,0.7097217440605164,0.9461638331413269,0.05445052683353424,0.021952301263809204,17.900985904037952,1
224,0.9527305960655212,0.7088156938552856,0.9460934400558472,0.054490260779857635,0.021906770765781403,17.977437876164913,0
225,0.9530314207077026,0.7085807919502258,0.9493048191070557,0.05449293553829193,0.021879121661186218,18.053864799439907,0
226,0.9537796378135681,0.7079432010650635,0.9453070759773254,0.054474808275699615,0.021866030991077423,18.130259796977043,0
227,0.9494365453720093,0.7083794474601746,0.9471337795257568,0.05449929088354111,0.021916694939136505,18.206735655665398,0
228,0.9502513408660889,0.7089163661003113,0.9454224109649658,0.05449354648590088,0.02188459038734436,18.28316719084978,0
229,0.9484043121337891,0.7095875144004822,0.9451817274093628,0.054988257586956024,0.02192104607820511,18.360133707523346,0
230,0.9498445391654968,0.7076411843299866,0.9524849653244019,0.054415374994277954,0.021864816546440125,18.436467558145523,0
231,0.9492053985595703,0.7104265093803406,0.9427499771118164,0.05459022521972656,0.021983236074447632,18.519141048192978,1
232,0.9487268924713135,0.7086814641952515,0.9485650658607483,0.05446077883243561,0.0218549445271492,18.595527812838554,0
233,0.9443260431289673,0.7087485790252686,0.9454720616340637,0.054329849779605865,0.0218844935297966,18.671789683401585,0
234,0.944212019443512,0.7095875144004822,0.9410382509231567,0.054420918226242065,0.021898753941059113,18.748163029551506,0
235,0.9439620971679688,0.7098895907402039,0.9455175995826721,0.05443059653043747,0.021949350833892822,18.82459109276533,0
236,0.941472589969635,0.7111647725105286,0.9440411925315857,0.054621316492557526,0.021990232169628143,18.906579732894897,1
237,0.9422563314437866,0.7099231481552124,0.9417558312416077,0.05447004735469818,0.02186097949743271,18.982968114316463,0
238,0.9438726902008057,0.7073056101799011,0.9517968893051147,0.054495081305503845,0.021859295666217804,19.05937673896551,0
239,0.9415439367294312,0.7105942964553833,0.9431398510932922,0.05441360920667648,0.021892406046390533,19.135735161602497,0
240,0.9440566897392273,0.7107285261154175,0.9439219236373901,0.05438178777694702,0.021889135241508484,19.212063781917095,0
241,0.9415203928947449,0.7089163661003113,0.9511836767196655,0.054517582058906555,0.02189285308122635,19.288522265851498,0
242,0.9391022324562073,0.7094197273254395,0.9430368542671204,0.05448124557733536,0.021867915987968445,19.364924542605877,0
243,0.9397151470184326,0.7094868421554565,0.9425968527793884,0.05446036905050278,0.021868199110031128,19.44130753725767,0
244,0.9435240030288696,0.7104265093803406,0.9427348971366882,0.05445533245801926,0.021985992789268494,19.51780453324318,0
245,0.9385945200920105,0.7096881866455078,0.9405807256698608,0.05462527275085449,0.021898820996284485,19.59438755363226,0
246,0.9346968531608582,0.7083123326301575,0.9499003291130066,0.05444299429655075,0.021907329559326172,19.670792043209076,0
247,0.9326627254486084,0.7114332318305969,0.9414448142051697,0.054425500333309174,0.02189033478498459,19.752682492136955,1
248,0.9362935423851013,0.709956705570221,0.9441492557525635,0.054483115673065186,0.02187979221343994,19.829101219773293,0
249,0.9355847239494324,0.7095539569854736,0.9466444253921509,0.05443546175956726,0.02192186564207077,19.90551248192787,0
250,0.9365819096565247,0.712809145450592,0.9353809356689453,0.05444996803998947,0.021904006600379944,19.988752588629723,1
251,0.9328986406326294,0.7082452178001404,0.9497949481010437,0.05483177304267883,0.021941691637039185,20.065591372549534,0
252,0.9318112730979919,0.7106278538703918,0.9411599636077881,0.05450844019651413,0.021857649087905884,20.14202205836773,0
253,0.932310938835144,0.7129433751106262,0.9368641376495361,0.05449753254652023,0.021944858133792877,20.225533604621887,1
254,0.9324092268943787,0.7073727250099182,0.9509952068328857,0.05449745059013367,0.02192705124616623,20.302013494074345,0
255,0.9293577671051025,0.709956705570221,0.9473420977592468,0.054459623992443085,0.021879754960536957,20.378413185477257,0
256,0.9327638149261475,0.7102922797203064,0.9497209191322327,0.05446726083755493,0.021968603134155273,20.454903297126293,0
257,0.9291531443595886,0.711869478225708,0.9348986744880676,0.05445672571659088,0.021919220685958862,20.531332321465015,0
258,0.9268916249275208,0.7107956409454346,0.9411148428916931,0.05451565235853195,0.021885178983211517,20.607791244983673,0
259,0.925237774848938,0.7120372653007507,0.9423055052757263,0.05448383092880249,0.021921589970588684,20.684249579906464,0
260,0.9273934960365295,0.7109634280204773,0.9381444454193115,0.054476767778396606,0.0218876451253891,20.760668747127056,0
261,0.9258366823196411,0.7105607390403748,0.9414339065551758,0.05444224178791046,0.021901004016399384,20.837064012885094,0
262,0.9259806275367737,0.7127755880355835,0.9380601048469543,0.054453104734420776,0.021833211183547974,20.91341272741556,0
263,0.9243577122688293,0.711500346660614,0.940114438533783,0.05447380244731903,0.021867983043193817,20.989806845784187,0
264,0.9232949018478394,0.7118023633956909,0.9382067322731018,0.05438409000635147,0.021881721913814545,21.066125094890594,0
265,0.9214016795158386,0.7123392820358276,0.9425647258758545,0.0546392947435379,0.022106006741523743,21.142927557229996,0
266,0.9212387800216675,0.7123057246208191,0.9394891858100891,0.05453018844127655,0.0218711718916893,21.219385735690594,0
267,0.9191576838493347,0.7123728394508362,0.9374057650566101,0.05450529605150223,0.021976061165332794,21.29592104256153,0
268,0.9210511445999146,0.711500346660614,0.9409567713737488,0.05441643297672272,0.021908916532993317,21.37229885160923,0
269,0.9200834631919861,0.7125742435455322,0.937683641910553,0.05438532680273056,0.021878786385059357,21.44860988110304,0
270,0.9220808148384094,0.7136816382408142,0.9332060813903809,0.05442093312740326,0.021849319338798523,21.531052142381668,1
271,0.917034387588501,0.7141178846359253,0.9355468153953552,0.054463714361190796,0.021947138011455536,21.612966418266296,1
272,0.9196659922599792,0.7115339040756226,0.9430844187736511,0.054646849632263184,0.0219891220331192,21.689665868878365,0
273,0.9198281764984131,0.7112318873405457,0.9362772703170776,0.05440357327461243,0.021926671266555786,21.766049422323704,0
274,0.9192007780075073,0.7109634280204773,0.9436078667640686,0.05442465841770172,0.021965540945529938,21.84250222891569,0
275,0.9239946007728577,0.7136480808258057,0.9340535998344421,0.05446852743625641,0.0218663290143013,21.918889120221138,0
276,0.9194082617759705,0.7087485790252686,0.9499765038490295,0.05457795411348343,0.02190585434436798,21.995425075292587,0
277,0.9151431322097778,0.7092519402503967,0.9476275444030762,0.05446619540452957,0.0219556987285614,22.07189989835024,0
278,0.9150105714797974,0.7130440473556519,0.9303128123283386,0.054439298808574677,0.02188999205827713,22.14828884601593,0
279,0.918067991733551,0.7083123326301575,0.9499133825302124,0.05446472764015198,0.02186315506696701,22.224669121205807,0
280,0.9189924001693726,0.7113325595855713,0.9369737505912781,0.05444994568824768,0.02187669277191162,22.301048167049885,0
281,0.9143626689910889,0.7138494253158569,0.9331006407737732,0.054377637803554535,0.021936267614364624,22.377414286136627,0
282,0.9125674366950989,0.7093861699104309,0.9501670598983765,0.05439995974302292,0.021932698786258698,22.453806035220623,0
283,0.9120100736618042,0.7111983299255371,0.9391140937805176,0.05443169176578522,0.021897301077842712,22.530186347663403,0
284,0.912128210067749,0.7134467363357544,0.9315267205238342,0.054406896233558655,0.02183786779642105,22.606477208435535,0
285,0.9130836725234985,0.710762083530426,0.9407293796539307,0.05437525361776352,0.021887503564357758,22.682791531085968,0
286,0.9106983542442322,0.7119030356407166,0.9388025999069214,0.05472710728645325,0.021992027759552002,22.759565263986588,0
287,0.9088872075080872,0.7135809659957886,0.9353177547454834,0.054503366351127625,0.02190585434436798,22.836026422679424,0
288,0.9099813103675842,0.7129769325256348,0.9349023699760437,0.05441312491893768,0.021886833012104034,22.912379190325737,0
289,0.9077234864234924,0.7141178846359253,0.9309442639350891,0.05441025644540787,0.021870210766792297,22.995689034461975,1
290,0.9107750058174133,0.7124735713005066,0.9408069252967834,0.05434798449277878,0.021882683038711548,23.07196833193302,0
291,0.9091953039169312,0.7130440473556519,0.9356813430786133,0.05442601442337036,0.02204999327659607,23.148495636880398,0
292,0.9057788848876953,0.7135138511657715,0.9339773654937744,0.05456873029470444,0.021887771785259247,23.22500118613243,0
293,0.9083327651023865,0.7123392820358276,0.9394657611846924,0.05440907180309296,0.021851085126399994,23.301310643553734,0
294,0.9059441685676575,0.7129433751106262,0.9356733560562134,0.0544828400015831,0.021861672401428223,23.377706982195377,0
295,0.90619957447052,0.7139500975608826,0.9345288276672363,0.05438528209924698,0.02195928245782852,23.454099275171757,0
296,0.9032007455825806,0.7142521142959595,0.9353318214416504,0.05447400361299515,0.021886982023715973,23.535948902368546,1
297,0.9059751033782959,0.7133796215057373,0.9386754631996155,0.054481133818626404,0.021920375525951385,23.612406507134438,0
298,0.9047914743423462,0.7133460640907288,0.941909909248352,0.05439412593841553,0.02189076691865921,23.688743330538273,0
299,0.905799150466919,0.7154937982559204,0.9264613389968872,0.05437704175710678,0.02189943939447403,23.770830236375332,1
300,0.9018315076828003,0.7134467363357544,0.935508668422699,0.05447160452604294,0.021962635219097137,23.847318843007088,0
301,0.899168848991394,0.7152924537658691,0.9328097105026245,0.054367952048778534,0.021930329501628876,23.923673175275326,0
302,0.9015649557113647,0.7149568200111389,0.9332481622695923,0.05446649342775345,0.02195753902196884,24.00015141814947,0
303,0.898440420627594,0.7140507698059082,0.9381569623947144,0.05450283735990524,0.021867714822292328,24.07659612596035,0
304,0.895453155040741,0.7150575518608093,0.9316495656967163,0.05455327779054642,0.02191435545682907,24.153117962181568,0
305,0.8985862135887146,0.713178277015686,0.93540358543396,0.05445399880409241,0.021891526877880096,24.2295184135437,0
306,0.8959261775016785,0.7141514420509338,0.9347223043441772,0.05438743531703949,0.02183879166841507,24.305798940360546,0
307,0.8978166580200195,0.7141514420509338,0.9312407374382019,0.05442984402179718,0.021945402026176453,24.38222100585699,0
308,0.8947699666023254,0.711869478225708,0.9401179552078247,0.054436519742012024,0.021874450147151947,24.458579070866108,0
309,0.8931079506874084,0.71596360206604,0.9326330423355103,0.054334528744220734,0.021845079958438873,24.540702633559704,1
310,0.9013107419013977,0.7165676355361938,0.9272153973579407,0.05447231978178024,0.021871022880077362,24.622285813093185,1
311,0.8990020155906677,0.7129098176956177,0.939846932888031,0.05445680022239685,0.022017702460289,24.698816306889057,0
312,0.8955655097961426,0.7141178846359253,0.9376394152641296,0.05465541034936905,0.021968454122543335,24.775533363223076,0
313,0.8938482403755188,0.7133796215057373,0.9359284043312073,0.05440150201320648,0.021883264183998108,24.851886063814163,0
314,0.8917269110679626,0.7141514420509338,0.934468150138855,0.05446459352970123,0.02195882797241211,24.928362138569355,0
315,0.8965983390808105,0.7137487530708313,0.9317678213119507,0.05459752678871155,0.021912626922130585,25.004926711320877,0
316,0.8988081216812134,0.7149568200111389,0.9328033924102783,0.0545928031206131,0.02189365029335022,25.08147171884775,0
317,0.8928073644638062,0.7139500975608826,0.9345988035202026,0.054428115487098694,0.02192922681570053,25.15788322687149,0
318,0.8897746205329895,0.7120372653007507,0.9414620995521545,0.054400548338890076,0.021955415606498718,25.234294183552265,0
319,0.8958759307861328,0.7136480808258057,0.9365332722663879,0.05441970378160477,0.02189074456691742,25.31065772473812,0
320,0.8957563042640686,0.7106614112854004,0.9420244097709656,0.05472998321056366,0.021910756826400757,25.387351967394352,0
321,0.8948799967765808,0.7149232625961304,0.9297093749046326,0.05441433936357498,0.021872490644454956,25.463692538440228,0
322,0.8944859504699707,0.7140843272209167,0.9360212683677673,0.05448891222476959,0.021957769989967346,25.540192373096943,0
323,0.892994225025177,0.7117352485656738,0.9416687488555908,0.054447539150714874,0.021931834518909454,25.616625919938087,0
324,0.8911192417144775,0.7141514420509338,0.9300910234451294,0.05445193499326706,0.021947629749774933,25.693077690899372,0
325,0.8888857960700989,0.7129098176956177,0.9360918402671814,0.05468514561653137,0.02198106050491333,25.769802764058113,0
326,0.8899266719818115,0.7162320613861084,0.9286903738975525,0.05449282377958298,0.02198934555053711,25.84633781760931,0
327,0.8887520432472229,0.7149903774261475,0.9348032474517822,0.054404422640800476,0.021967768669128418,25.9227629378438,0
328,0.8869634866714478,0.7126413583755493,0.9432124495506287,0.054484352469444275,0.02191181480884552,25.99921280145645,0
329,0.8876221179962158,0.715527355670929,0.9264481067657471,0.054426953196525574,0.021893911063671112,26.07559582591057,0
330,0.8885384798049927,0.7144870162010193,0.9385775327682495,0.05447208881378174,0.021953575313091278,26.152074299752712,0
331,0.890177309513092,0.712440013885498,0.9414779543876648,0.05444597452878952,0.021856576204299927,26.2284250035882,0
332,0.8871265053749084,0.7157958149909973,0.9296390414237976,0.05444685369729996,0.02186553180217743,26.304791443049908,0
333,0.8871622681617737,0.7116345763206482,0.9437867999076843,0.054491929709911346,0.021839715540409088,26.381177209317684,0
334,0.8874709010124207,0.712238609790802,0.936877965927124,0.054435379803180695,0.021871842443943024,26.457537338137627,0
335,0.8877272009849548,0.7176079154014587,0.9294446706771851,0.054489850997924805,0.02195127308368683,26.53996094316244,1
336,0.8834571242332458,0.7144534587860107,0.9357961416244507,0.05437018722295761,0.021873019635677338,26.6162593588233,0
337,0.8866631388664246,0.7145205736160278,0.9301820993423462,0.05444985628128052,0.021852023899555206,26.69261533766985,0
338,0.8851092457771301,0.7166347503662109,0.9361640214920044,0.05472094565629959,0.021995961666107178,26.76938419789076,0
339,0.8849994540214539,0.7138494253158569,0.9372172355651855,0.05472608655691147,0.02193235605955124,26.84610190987587,0
340,0.8792264461517334,0.716332733631134,0.9284526109695435,0.05446293205022812,0.021889157593250275,26.922512635588646,0
341,0.8839874267578125,0.7170374393463135,0.9298422932624817,0.05445488542318344,0.02185961604118347,26.998885422945023,0
342,0.8823623657226562,0.7155609130859375,0.9342097640037537,0.054406940937042236,0.021878689527511597,27.075231850147247,0
343,0.8799805045127869,0.7146883606910706,0.9337770938873291,0.054433807730674744,0.021903961896896362,27.151622265577316,0
344,0.8824467658996582,0.7176414728164673,0.9310082197189331,0.05436144024133682,0.021851815283298492,27.23538214713335,1
345,0.8805460929870605,0.7168696522712708,0.92888343334198,0.05446720868349075,0.021961577236652374,27.311866492033005,0
346,0.8809719085693359,0.7145876884460449,0.934051513671875,0.05469870567321777,0.02201608568429947,27.388636335730553,0
347,0.8803983330726624,0.7142185568809509,0.9465229511260986,0.05473726987838745,0.02195136249065399,27.46541317552328,0
348,0.8826215267181396,0.7178428769111633,0.9269129037857056,0.054411716759204865,0.021948188543319702,27.549408987164497,1
349,0.8801870942115784,0.7126749157905579,0.9374514818191528,0.054516516625881195,0.021898038685321808,27.625879541039467,0
350,0.8800930976867676,0.7164669632911682,0.9308227896690369,0.05438444763422012,0.0218735933303833,27.70218650996685,0
351,0.8790128231048584,0.7173394560813904,0.9268855452537537,0.054807148873806,0.022079914808273315,27.779128029942513,0
352,0.8760360479354858,0.7109634280204773,0.9423822164535522,0.05455316603183746,0.02188732475042343,27.855648435652256,0
353,0.8758136034011841,0.7152588963508606,0.9318574666976929,0.054437242448329926,0.021899819374084473,27.932039335370064,0
354,0.8750722408294678,0.7172723412513733,0.9275614023208618,0.054495781660079956,0.02187264710664749,28.008478187024593,0
355,0.873676061630249,0.7161649465560913,0.9325524568557739,0.0544639527797699,0.02187390625476837,28.084870047867298,0
356,0.8755232691764832,0.7165340781211853,0.9328292608261108,0.0543837696313858,0.02191685140132904,28.16121856123209,0
357,0.8732516765594482,0.7171381115913391,0.9306289553642273,0.054392606019973755,0.02186831831932068,28.237525284290314,0
358,0.8753458857536316,0.7160978317260742,0.9311331510543823,0.054363325238227844,0.02185124158859253,28.3137873634696,0
359,0.8725090026855469,0.7129433751106262,0.946064829826355,0.05473046004772186,0.021947145462036133,28.390514217317104,0
360,0.8729919195175171,0.719487190246582,0.9270864725112915,0.05444370210170746,0.021947093307971954,28.472747676074505,1
361,0.8739705681800842,0.7160978317260742,0.9318792223930359,0.05451544374227524,0.021932855248451233,28.54925123602152,0
362,0.8702026605606079,0.7149903774261475,0.9384142160415649,0.0543598011136055,0.02185961604118347,28.625523664057255,0
363,0.8711041212081909,0.717440128326416,0.9275411367416382,0.05440067499876022,0.02193833887577057,28.701908320188522,0
364,0.871244490146637,0.7151917815208435,0.9412822127342224,0.054617248475551605,0.021997496485710144,28.778572596609592,0
365,0.8710983395576477,0.7168696522712708,0.9264926314353943,0.05444081127643585,0.0218629390001297,28.854938954114914,0
366,0.8701021671295166,0.7169703245162964,0.931574821472168,0.05461607128381729,0.02190575748682022,28.9315150603652,0
367,0.8713836669921875,0.716701865196228,0.9361096024513245,0.05445064604282379,0.021856389939785004,29.00788453221321,0
368,0.8708431124687195,0.7185140252113342,0.9301967620849609,0.05436694622039795,0.021911509335041046,29.084215961396694,0
369,0.8678343892097473,0.7149568200111389,0.9382490515708923,0.054443299770355225,0.021891199052333832,29.160604000091553,0
370,0.8697924613952637,0.7167354226112366,0.9295223355293274,0.05443088710308075,0.021895401179790497,29.236983060836792,0
371,0.8657527565956116,0.7180777788162231,0.928288996219635,0.05440688878297806,0.021884746849536896,29.313322007656097,0
372,0.8684591054916382,0.7174065709114075,0.9332765340805054,0.05441856384277344,0.02184978872537613,29.389642141759396,0
373,0.8693016171455383,0.7119365930557251,0.9477561116218567,0.0544179305434227,0.02188447117805481,29.466003954410553,0
374,0.8695989847183228,0.7189838290214539,0.9286970496177673,0.05444599688053131,0.02196388691663742,29.5424707531929,0
375,0.8675064444541931,0.7195878624916077,0.9269322752952576,0.05450182408094406,0.021954946219921112,29.625615999102592,1
376,0.8663641810417175,0.7127084732055664,0.9461060762405396,0.05443219840526581,0.021893799304962158,29.701995112001896,0
377,0.8705152273178101,0.7165340781211853,0.9411346912384033,0.05439096689224243,0.02191988378763199,29.778353229165077,0
378,0.8682073354721069,0.7142185568809509,0.9457668662071228,0.0543389618396759,0.021941199898719788,29.85468502342701,0
379,0.8701615929603577,0.7160642743110657,0.9293002486228943,0.05447125434875488,0.02189590036869049,29.931113988161087,0
380,0.8645576238632202,0.7188160419464111,0.9313325881958008,0.05446229130029678,0.021866969764232635,30.00749585032463,0
381,0.8630746603012085,0.7159971594810486,0.9361171126365662,0.05438539385795593,0.021865397691726685,30.083798676729202,0
382,0.8637921810150146,0.7173394560813904,0.9288249611854553,0.05437050759792328,0.021883390843868256,30.160099610686302,0
383,0.8660435676574707,0.7163662910461426,0.9461972117424011,0.05439479649066925,0.02189285308122635,30.236434139311314,0
384,0.8632811903953552,0.7187824845314026,0.9308695197105408,0.05439666658639908,0.021871216595172882,30.31274902075529,0
385,0.8623344302177429,0.7181448936462402,0.9270475506782532,0.05435783416032791,0.02186623215675354,30.389019519090652,0
386,0.8599354028701782,0.717070996761322,0.9400802850723267,0.054450973868370056,0.02188030630350113,30.465403646230698,0
387,0.8617287874221802,0.7181448936462402,0.9314783215522766,0.05441095679998398,0.021915793418884277,30.541783079504967,0
388,0.8584761619567871,0.715594470500946,0.93531733751297,0.05443719029426575,0.02195681631565094,30.61822947114706,0
389,0.8601408004760742,0.7160642743110657,0.9363207817077637,0.05439761281013489,0.021882325410842896,30.694559760391712,0
390,0.8615485429763794,0.7177086472511292,0.9319275617599487,0.05451972037553787,0.021894238889217377,30.771026000380516,0
391,0.8599056601524353,0.7188160419464111,0.9292172789573669,0.05435576289892197,0.0218748077750206,30.847308598458767,0
392,0.8615133762359619,0.7181784510612488,0.93680739402771,0.05438080430030823,0.021891452372074127,30.923638373613358,0
393,0.8607945442199707,0.7190173864364624,0.9287926554679871,0.05445089191198349,0.02195706218481064,31.000093385577202,0
394,0.8594757914543152,0.7159300446510315,0.9369895458221436,0.05445650964975357,0.02190805971622467,31.076510205864906,0
395,0.8610737919807434,0.7173730134963989,0.9372335076332092,0.05442585051059723,0.02190890908241272,31.15289791673422,0
396,0.8594868779182434,0.7185475826263428,0.9311535954475403,0.054446615278720856,0.021945998072624207,31.229336939752102,0
397,0.8570667505264282,0.7190845012664795,0.9331820011138916,0.054458148777484894,0.021839074790477753,31.305681116878986,0
398,0.8565152287483215,0.7178428769111633,0.9305626749992371,0.05447395145893097,0.021876484155654907,31.382079645991325,0
399,0.8575537800788879,0.7139836549758911,0.9415280222892761,0.05442754179239273,0.021928712725639343,31.458489507436752,0
400,0.8587908148765564,0.7184133529663086,0.9322472214698792,0.05460578203201294,0.02193177491426468,31.53508096933365,0
401,0.8569513559341431,0.7194536328315735,0.925988495349884,0.05446407198905945,0.021937496960163116,31.61153533309698,0
402,0.855806827545166,0.7169367671012878,0.9384509921073914,0.05441134423017502,0.021920301020145416,31.687919661402702,0
403,0.8548096418380737,0.7162320613861084,0.9359467625617981,0.05438855290412903,0.021980613470077515,31.764340937137604,0
404,0.8564184308052063,0.7195207476615906,0.9265732169151306,0.05443672090768814,0.02188359946012497,31.840714380145073,0
405,0.8566063642501831,0.7179771065711975,0.9355934262275696,0.054415881633758545,0.021883226931095123,31.917068652808666,0
406,0.855266809463501,0.7164669632911682,0.9379554390907288,0.054367296397686005,0.021952085196971893,31.993435598909855,0
407,0.8550777435302734,0.7184133529663086,0.9273456335067749,0.054559335112571716,0.02188066393136978,32.069952733814716,0
408,0.8529806733131409,0.7189167141914368,0.9291113018989563,0.05456385016441345,0.0219266340136528,32.146503165364265,0
409,0.8527821898460388,0.7172052264213562,0.9421428442001343,0.05445016175508499,0.021875642240047455,32.222880341112614,0
410,0.8538820743560791,0.7201583385467529,0.927168607711792,0.05452728271484375,0.021948322653770447,32.30866925418377,1
411,0.8548739552497864,0.7176750898361206,0.9311098456382751,0.05448274314403534,0.021911561489105225,32.38513471931219,0
412,0.851545512676239,0.7173730134963989,0.9305220246315002,0.054484739899635315,0.02187403291463852,32.46155026555061,0
413,0.8515363931655884,0.7191851735115051,0.9293208122253418,0.05441201478242874,0.02192145586013794,32.537935838103294,0
414,0.8503158688545227,0.7175072431564331,0.9358692765235901,0.054590411484241486,0.02199629694223404,32.614578664302826,0
415,0.8493924736976624,0.7163662910461426,0.9301990866661072,0.05446544289588928,0.02188592404127121,32.69098278135061,0
416,0.8529869914054871,0.7165676355361938,0.9342398643493652,0.0544748529791832,0.021909363567829132,32.7674205750227,0
417,0.851069450378418,0.7188495993614197,0.9297534227371216,0.054650142788887024,0.021969445049762726,32.84412091225386,0
418,0.8480026125907898,0.7177422046661377,0.9348371624946594,0.05447712540626526,0.0219280868768692,32.92058540135622,0
419,0.8481444120407104,0.7181113362312317,0.9343927502632141,0.054339051246643066,0.021882176399230957,32.99685500562191,0
420,0.8492400646209717,0.7185811400413513,0.9304768443107605,0.05471915751695633,0.022036142647266388,33.07366018742323,0
421,0.8496533632278442,0.7175743579864502,0.9295712113380432,0.05446592718362808,0.021895892918109894,33.15007450431585,0
422,0.8464986085891724,0.7157287001609802,0.9400326609611511,0.054605789482593536,0.021892718970775604,33.226629965007305,0
423,0.8507012128829956,0.7187824845314026,0.9337704181671143,0.054403819143772125,0.021825432777404785,33.30291038751602,0
424,0.8477122187614441,0.7170374393463135,0.9379116296768188,0.05440378934144974,0.021875694394111633,33.379241958260536,0
425,0.8488202691078186,0.7190173864364624,0.9298990368843079,0.054360054433345795,0.021876513957977295,33.45553109794855,0
426,0.8476917743682861,0.7173394560813904,0.9333928227424622,0.054471857845783234,0.02186226099729538,33.531916841864586,0
427,0.8448866605758667,0.7174736857414246,0.9364516139030457,0.05447837710380554,0.021965041756629944,33.60841275006533,0
428,0.8476729393005371,0.7189167141914368,0.9280884265899658,0.054479941725730896,0.021890148520469666,33.684830747544765,0
429,0.8468490839004517,0.7148897051811218,0.9463493824005127,0.054385341703891754,0.021866969764232635,33.761132054030895,0
430,0.8465980291366577,0.7201583385467529,0.9315004348754883,0.05444536358118057,0.021889321506023407,33.837522491812706,0
431,0.8458935022354126,0.7169367671012878,0.9374675154685974,0.05446089059114456,0.02194266766309738,33.91397974640131,0
432,0.8437990546226501,0.7162320613861084,0.935624361038208,0.05446161329746246,0.021903902292251587,33.990398310124874,0
433,0.8458094596862793,0.7203261852264404,0.930623471736908,0.054393209517002106,0.021876230835914612,34.07330679893494,1
434,0.8485170006752014,0.7172387838363647,0.9422960877418518,0.054417289793491364,0.021890707314014435,34.14966867864132,0
435,0.8438273072242737,0.7183797955513,0.9288272261619568,0.054438136518001556,0.02189556509256363,34.22604902088642,0
436,0.8421543836593628,0.7184133529663086,0.9324735403060913,0.05437629669904709,0.021852687001228333,34.30232722312212,0
437,0.8422983288764954,0.7162656188011169,0.9477006793022156,0.05438709259033203,0.021850943565368652,34.37861754745245,0
438,0.8472123146057129,0.7195878624916077,0.9292373657226562,0.05446776747703552,0.021883711218833923,34.45502555370331,0
439,0.8435746431350708,0.7186482548713684,0.9362994432449341,0.054563164710998535,0.021875232458114624,34.5315216332674,0
440,0.8419649600982666,0.717440128326416,0.9433574676513672,0.05458772927522659,0.02187597006559372,34.60803793370724,0
441,0.8434128165245056,0.7188160419464111,0.9292449355125427,0.05438263714313507,0.021902188658714294,34.68436886370182,0
442,0.8436201810836792,0.7153260111808777,0.9461259841918945,0.054380275309085846,0.021834097802639008,34.76062894612551,0
443,0.8454999923706055,0.7192522883415222,0.9313135743141174,0.05444403737783432,0.02188464254140854,34.83701108396053,0
444,0.8410526514053345,0.7206282019615173,0.9253352284431458,0.05441724509000778,0.021876700222492218,34.919819846749306,1
445,0.8406761288642883,0.715527355670929,0.9474815726280212,0.054423779249191284,0.021952815353870392,34.99625066667795,0
446,0.8425683379173279,0.7184804677963257,0.9396069645881653,0.05448547750711441,0.02185676246881485,35.07264447212219,0
447,0.8435265421867371,0.7178764343261719,0.9348068237304688,0.05475082993507385,0.022037580609321594,35.14948082715273,0
448,0.8415154814720154,0.7159971594810486,0.9397979378700256,0.054414667189121246,0.021934136748313904,35.22588150948286,0
449,0.8402775526046753,0.719118058681488,0.9317290186882019,0.05443357676267624,0.02184859663248062,35.30221489071846,0
450,0.8433939814567566,0.7176414728164673,0.9406834244728088,0.05442183464765549,0.022016920149326324,35.37870045751333,0
451,0.8417522311210632,0.7191851735115051,0.9388171434402466,0.054553426802158356,0.02190234512090683,35.45521752536297,0
452,0.8386489748954773,0.7189167141914368,0.929156482219696,0.054409466683864594,0.021913953125476837,35.5315922126174,0
453,0.839726448059082,0.7145205736160278,0.946078896522522,0.05447648465633392,0.02203088253736496,35.60814603418112,0
454,0.8393733501434326,0.7186482548713684,0.934712827205658,0.054425641894340515,0.021954447031021118,35.684578746557236,0
455,0.8407841324806213,0.7202925682067871,0.9293727874755859,0.054484158754348755,0.021906249225139618,35.76103104650974,0
456,0.8410783410072327,0.7153260111808777,0.9511071443557739,0.05446656048297882,0.02185504138469696,35.837401650846004,0
457,0.8409896492958069,0.7189502716064453,0.9287763833999634,0.05436885356903076,0.021891817450523376,35.9137147590518,0
458,0.8333728909492493,0.7198898792266846,0.9233304262161255,0.054387494921684265,0.021878361701965332,35.99002803117037,0
459,0.834396481513977,0.7154266834259033,0.9511172771453857,0.05453135073184967,0.02189631015062332,36.0665053576231,0
460,0.837418794631958,0.7191851735115051,0.9361813068389893,0.0545019805431366,0.0218590646982193,36.142920553684235,0
461,0.8353934288024902,0.7205275297164917,0.9219374656677246,0.054476410150527954,0.021974362432956696,36.21942673623562,0
462,0.8361162543296814,0.7168360948562622,0.9440473318099976,0.054358020424842834,0.02194651961326599,36.295783676207066,0
463,0.8370928764343262,0.7168360948562622,0.9398210048675537,0.05446499586105347,0.021856091916561127,36.372152753174305,0
464,0.8338804244995117,0.7201583385467529,0.932742714881897,0.05439329892396927,0.02189740538597107,36.448490858078,0
465,0.8329821825027466,0.7181448936462402,0.9371846914291382,0.05460973083972931,0.021912619471549988,36.52506633102894,0
466,0.8337713479995728,0.719118058681488,0.9289130568504333,0.05453694611787796,0.021918147802352905,36.60157721489668,0
467,0.8361625671386719,0.719487190246582,0.9298132658004761,0.05464866757392883,0.02200353890657425,36.67829441279173,0
468,0.83223557472229,0.7181448936462402,0.9389713406562805,0.05458501726388931,0.021905019879341125,36.75487347692251,0
469,0.8357514142990112,0.7188495993614197,0.9363237619400024,0.05439761281013489,0.021897703409194946,36.83122233301401,0
470,0.8321744799613953,0.7209637761116028,0.9328998923301697,0.05447085201740265,0.02191074937582016,36.91394364833832,1
471,0.8335543274879456,0.7188831567764282,0.9403576254844666,0.05440565198659897,0.021926864981651306,36.99034335464239,0
472,0.8328928351402283,0.7176750898361206,0.9349799156188965,0.054530151188373566,0.021923556923866272,37.06685049086809,0
473,0.8317543268203735,0.7204939723014832,0.933219313621521,0.054477810859680176,0.021880842745304108,37.14326275885105,0
474,0.8289136290550232,0.7190845012664795,0.9382832646369934,0.05448600649833679,0.021891996264457703,37.21969614923,0
475,0.8326830863952637,0.7196214199066162,0.9295870661735535,0.0544745996594429,0.02188694477081299,37.29611126333475,0
476,0.8276223540306091,0.7199234366416931,0.9279731512069702,0.05447249859571457,0.022002458572387695,37.37263933569193,0
477,0.8298888206481934,0.718312680721283,0.9383342862129211,0.05445641279220581,0.022041969001293182,37.44919069111347,0
478,0.8301902413368225,0.721165120601654,0.934413492679596,0.054547928273677826,0.021962210536003113,37.5314015224576,1
479,0.8264243602752686,0.7198227643966675,0.9407017827033997,0.05440676957368851,0.021929509937763214,37.60779996961355,0
480,0.8321103453636169,0.719118058681488,0.9298823475837708,0.054446667432785034,0.02185191959142685,37.6841524541378,0
481,0.8256255388259888,0.7200241088867188,0.9286323189735413,0.05450345575809479,0.02187051624059677,37.76058693230152,0
482,0.8277593851089478,0.7174736857414246,0.9458047747612,0.05441797524690628,0.021893665194511414,37.836952313780785,0
483,0.8283340334892273,0.7184804677963257,0.9336535930633545,0.054456040263175964,0.021848313510417938,37.91330453008413,0
484,0.8286401629447937,0.7197220921516418,0.9352901577949524,0.054439179599285126,0.021938353776931763,37.98973671346903,0
485,0.8307731747627258,0.7193865180015564,0.9376044273376465,0.05490431934595108,0.022106334567070007,38.066821694374084,0
486,0.8274858593940735,0.7176079154014587,0.941037654876709,0.054535359144210815,0.021859988570213318,38.143278405070305,0
487,0.8286424875259399,0.7180442214012146,0.9428026676177979,0.05450864136219025,0.021892599761486053,38.21973495185375,0
488,0.8284714818000793,0.7179771065711975,0.9341290593147278,0.0544910728931427,0.02187400311231613,38.296164497733116,0
489,0.8274173736572266,0.7183462381362915,0.936348557472229,0.05441538989543915,0.021882914006710052,38.37252323329449,0
490,0.8286338448524475,0.7192858457565308,0.9365513920783997,0.05443638563156128,0.0218726247549057,38.4488864839077,0
491,0.8261355757713318,0.7184804677963257,0.9352899193763733,0.05445794761180878,0.021881170570850372,38.52527543902397,0
492,0.8271703124046326,0.7175408005714417,0.9445657730102539,0.054711706936359406,0.021956242620944977,38.6019923761487,0
493,0.8264934420585632,0.720728874206543,0.939105212688446,0.05450287461280823,0.02194279432296753,38.678493060171604,0
494,0.8217397928237915,0.719487190246582,0.9302370548248291,0.05453278124332428,0.021968699991703033,38.75505556166172,0
495,0.8257607221603394,0.7186146974563599,0.9335528016090393,0.05442844331264496,0.021854989230632782,38.83139581978321,0
496,0.8241084218025208,0.7192858457565308,0.9371081590652466,0.05436965078115463,0.02188801020383835,38.90771525353193,0
497,0.8240342736244202,0.7199569940567017,0.930539608001709,0.05437788367271423,0.021864593029022217,38.98400478065014,0
498,0.8239869475364685,0.7186146974563599,0.9315819144248962,0.05443418025970459,0.021910004317760468,39.06039711087942,0
499,0.8228187561035156,0.7168696522712708,0.9474444389343262,0.054394885897636414,0.021874181926250458,39.136713758111,0
500,0.8268391489982605,0.7212993502616882,0.929556667804718,0.054444462060928345,0.021912045776844025,39.22063924372196,1
501,0.8267831206321716,0.7199234366416931,0.9339776635169983,0.054490335285663605,0.021883025765419006,39.29706873744726,0
502,0.8252975940704346,0.7176750898361206,0.9456689357757568,0.05450622737407684,0.02196185290813446,39.37359069287777,0
503,0.823707640171051,0.7206617593765259,0.9337053298950195,0.0575127974152565,0.0219239741563797,39.453079998493195,0
504,0.8212401270866394,0.7193529605865479,0.9334312677383423,0.05442551523447037,0.021931901574134827,39.52949187159538,0
505,0.8236368298530579,0.7186482548713684,0.9364461898803711,0.05437564104795456,0.021939091384410858,39.60585943609476,0
506,0.8245713710784912,0.7209637761116028,0.9332254528999329,0.05444584786891937,0.021880514919757843,39.682241305708885,0
507,0.8228777647018433,0.7173058986663818,0.9504057168960571,0.054418809711933136,0.02187994122505188,39.75859406590462,0
508,0.8207483291625977,0.7190173864364624,0.9403965473175049,0.0544813871383667,0.021824434399604797,39.8349539116025,0
509,0.8237882852554321,0.7213329076766968,0.9285843968391418,0.05449693650007248,0.021851636469364166,39.9170111566782,1
510,0.821794331073761,0.7188831567764282,0.9388862252235413,0.054425373673439026,0.021887972950935364,39.99337565153837,0
511,0.8219329714775085,0.7214335799217224,0.93784499168396,0.0544256716966629,0.02191322296857834,40.07585895806551,1
512,0.8212044835090637,0.7198227643966675,0.9310373067855835,0.05440974235534668,0.021870188415050507,40.15218884497881,0
513,0.818807065486908,0.7196885347366333,0.9390726089477539,0.05483084172010422,0.02195599675178528,40.22903153300285,0
514,0.8196593523025513,0.719487190246582,0.9439857006072998,0.05439574271440506,0.02196691185235977,40.30544842034578,0
515,0.8216995000839233,0.7196885347366333,0.9363044500350952,0.05446294695138931,0.021881282329559326,40.38184528797865,0
516,0.8216960430145264,0.7195207476615906,0.9358335733413696,0.05435235798358917,0.02186320722103119,40.458111852407455,0
517,0.820284903049469,0.7195207476615906,0.9392492175102234,0.05466865748167038,0.021866001188755035,40.53469390422106,0
518,0.8197555541992188,0.7200241088867188,0.9394078254699707,0.054430291056632996,0.021991126239299774,40.61116912215948,0
519,0.8182961940765381,0.7206282019615173,0.930812418460846,0.05442170053720474,0.021932020783424377,40.68758215755224,0
520,0.8214390277862549,0.7191851735115051,0.9404163360595703,0.054736584424972534,0.021985873579978943,40.76435959339142,0
521,0.8206615447998047,0.7210644483566284,0.9379560351371765,0.05441109091043472,0.0219266414642334,40.840750865638256,0
522,0.8194764256477356,0.7204604148864746,0.9375734925270081,0.054415054619312286,0.02188044786453247,40.91710129380226,0
523,0.815596878528595,0.7176414728164673,0.9382383823394775,0.05444169044494629,0.021876618266105652,40.99346846342087,0
524,0.8194049000740051,0.7189502716064453,0.9396272301673889,0.05438929796218872,0.02190021425485611,41.06980600208044,0
525,0.8202058672904968,0.7216684818267822,0.9371820092201233,0.05442957580089569,0.021948285400867462,41.153031162917614,1
526,0.818116307258606,0.7167689800262451,0.9431832432746887,0.05450976639986038,0.02188628911972046,41.22948312014341,0
527,0.8191744685173035,0.7178764343261719,0.9430588483810425,0.05450964719057083,0.021969899535179138,41.306016966700554,0
528,0.817251443862915,0.7218698263168335,0.9405981302261353,0.05449269711971283,0.021874435245990753,41.38969034701586,1
529,0.8218239545822144,0.7176750898361206,0.9411693215370178,0.054433323442935944,0.021870210766792297,41.466051146388054,0
530,0.819063127040863,0.7200576663017273,0.9324643015861511,0.05440783500671387,0.021914303302764893,41.5424222946167,0
531,0.8170835971832275,0.7203933000564575,0.9355420470237732,0.054440051317214966,0.021948255598545074,41.61886527389288,0
532,0.8152981996536255,0.7175743579864502,0.9493379592895508,0.05440031737089157,0.02190210670232773,41.69522788375616,0
533,0.8151887059211731,0.718748927116394,0.9386903047561646,0.05436205863952637,0.021936140954494476,41.77157927304506,0
534,0.8139984607696533,0.7221718430519104,0.9319466352462769,0.05484122782945633,0.02195730060338974,41.85410659015179,1
535,0.8138639330863953,0.7197220921516418,0.9406139850616455,0.05449139326810837,0.021902896463871002,41.930562511086464,0
536,0.8157325983047485,0.7202590107917786,0.9368496537208557,0.05449230223894119,0.021842554211616516,42.00695267319679,0
537,0.8164982199668884,0.7199569940567017,0.938034176826477,0.05448094755411148,0.021857544779777527,42.08334641903639,0
538,0.8166650533676147,0.7202590107917786,0.9354301691055298,0.05446656793355942,0.0219121053814888,42.15977952629328,0
539,0.8137445449829102,0.722205400466919,0.9337117671966553,0.05448649078607559,0.021845512092113495,42.241845332086086,1
540,0.8157686591148376,0.7199569940567017,0.938801646232605,0.054530732333660126,0.021901048719882965,42.31833355128765,0
541,0.8103678822517395,0.7220711708068848,0.9358303546905518,0.05445791035890579,0.02198454737663269,42.39483091980219,0
542,0.8141122460365295,0.7218698263168335,0.9398640990257263,0.05451492965221405,0.021890193223953247,42.47129102051258,0
543,0.8139623999595642,0.7209637761116028,0.9434447288513184,0.05456756055355072,0.02194613218307495,42.54785976558924,0
544,0.8147975206375122,0.721098005771637,0.9370810985565186,0.05453013628721237,0.021944791078567505,42.62439575791359,0
545,0.8117125034332275,0.7215006947517395,0.9373285174369812,0.054493799805641174,0.021902240812778473,42.70085321366787,0
546,0.8162106871604919,0.7193865180015564,0.9404465556144714,0.054383546113967896,0.021939903497695923,42.77722758054733,0
547,0.8159427642822266,0.7197556495666504,0.9360211491584778,0.054443731904029846,0.021889857947826385,42.85360922664404,0
548,0.8136674761772156,0.7208295464515686,0.9407185912132263,0.05473770946264267,0.021924830973148346,42.93033841997385,0
549,0.8087460398674011,0.718748927116394,0.9442797899246216,0.05449722707271576,0.021898843348026276,43.006789930164814,0
550,0.8158260583877563,0.7207959890365601,0.940908670425415,0.05444113910198212,0.021895773708820343,43.08318234980106,0
551,0.809471070766449,0.7224738597869873,0.9352093935012817,0.05445823818445206,0.021889865398406982,43.16505936533213,1
552,0.8125624656677246,0.7206953167915344,0.9364526271820068,0.0544956773519516,0.02204291522502899,43.24165661633015,0
553,0.8124026656150818,0.719487190246582,0.9515965580940247,0.05462219566106796,0.02191317081451416,43.31826354563236,0
554,0.8146175146102905,0.7232457399368286,0.9322779774665833,0.05447199195623398,0.021888121962547302,43.40253879874945,1
555,0.8108210563659668,0.718748927116394,0.943504810333252,0.05449327081441879,0.021882928907871246,43.47897510230541,0
556,0.8110252022743225,0.719118058681488,0.9478048086166382,0.05445888638496399,0.021862514317035675,43.55535068362951,0
557,0.8090599179267883,0.7233128547668457,0.9342844486236572,0.055072784423828125,0.022004492580890656,43.63902607560158,1
558,0.8117127418518066,0.7157958149909973,0.9575546383857727,0.05449499934911728,0.021878011524677277,43.71546904742718,0
559,0.8092671632766724,0.720359742641449,0.9382795095443726,0.0544816330075264,0.021864064037799835,43.791870065033436,0
560,0.8088482618331909,0.7215678095817566,0.9398286938667297,0.054469361901283264,0.021921515464782715,43.868315413594246,0
561,0.8075640797615051,0.718312680721283,0.9505599737167358,0.05444333702325821,0.02194301038980484,43.94475658982992,0
562,0.8121134042739868,0.720728874206543,0.9390571713447571,0.05446363240480423,0.021900087594985962,44.021170400083065,0
563,0.8104315400123596,0.7215678095817566,0.9455050230026245,0.05446081608533859,0.021848052740097046,44.09753509610891,0
564,0.8107794523239136,0.7180777788162231,0.9458253383636475,0.054506413638591766,0.021907128393650055,44.17401231825352,0
565,0.8096429705619812,0.721467137336731,0.941062331199646,0.054412685334682465,0.02191603183746338,44.25039342790842,0
566,0.8063462972640991,0.7213329076766968,0.9415883421897888,0.05446154624223709,0.021856479346752167,44.32676563411951,0
567,0.8084591627120972,0.7184804677963257,0.9381004571914673,0.054464101791381836,0.021962806582450867,44.403248712420464,0
568,0.8095996975898743,0.7223396301269531,0.938062846660614,0.05449266731739044,0.02189711481332779,44.47969236969948,0
569,0.8083929419517517,0.7210308909416199,0.946623682975769,0.0543779656291008,0.02185788005590439,44.5559748262167,0
570,0.8066518306732178,0.7177757620811462,0.9412593245506287,0.054503023624420166,0.02191714197397232,44.63247674703598,0
571,0.808835506439209,0.7221382856369019,0.9414198994636536,0.05443583428859711,0.021881356835365295,44.70884935557842,0
572,0.8074429631233215,0.721165120601654,0.9417558312416077,0.054417870938777924,0.021854884922504425,44.78517031669617,0
573,0.8054240942001343,0.7209637761116028,0.9378257989883423,0.05443775653839111,0.021912313997745514,44.86156837642193,0
574,0.8074938058853149,0.7206282019615173,0.950673520565033,0.054414816200733185,0.022023402154445648,44.9380549043417,0
575,0.80879145860672,0.7207959890365601,0.945834755897522,0.05450896918773651,0.021909214556217194,45.014526940882206,0
576,0.8039118647575378,0.7202925682067871,0.939090371131897,0.05448351800441742,0.021897055208683014,45.090961433947086,0
577,0.8092740178108215,0.7194536328315735,0.9523517489433289,0.054418452084064484,0.021860912442207336,45.1672962680459,0
578,0.8090924620628357,0.7218698263168335,0.9394876956939697,0.05438290536403656,0.02190595120191574,45.24363799393177,0
579,0.8035858869552612,0.7197892069816589,0.9437277317047119,0.054414816200733185,0.021845325827598572,45.31994977593422,0
580,0.8080777525901794,0.7212993502616882,0.9474276304244995,0.05448966473340988,0.02195145934820175,45.39643945544958,0
581,0.8085774779319763,0.7196214199066162,0.945487916469574,0.05448365956544876,0.021909505128860474,45.47288942337036,0
582,0.802666187286377,0.7199234366416931,0.9411621689796448,0.05454154312610626,0.02187138795852661,45.54937410354614,0
583,0.8054900169372559,0.7230779528617859,0.9389769434928894,0.05457072705030441,0.023394227027893066,45.627417132258415,0
584,0.811069667339325,0.7196885347366333,0.9492820501327515,0.05452638864517212,0.02186385542154312,45.70386944711208,0
585,0.8038739562034607,0.7169367671012878,0.947178065776825,0.054517075419425964,0.021939896047115326,45.78038186579943,0
586,0.8078050017356873,0.7225074172019958,0.9434032440185547,0.05449464172124863,0.021906308829784393,45.85683762282133,0
587,0.8106644153594971,0.721098005771637,0.9427438974380493,0.054457344114780426,0.021950550377368927,45.93329960107803,0
588,0.7999430298805237,0.7203261852264404,0.9372584223747253,0.05436231195926666,0.021872907876968384,46.009591192007065,0
589,0.8054153323173523,0.7227087616920471,0.9458776116371155,0.05443517118692398,0.02190558612346649,46.08598527312279,0
590,0.8064705729484558,0.7228765487670898,0.9444605708122253,0.054465219378471375,0.02192186564207077,46.16243430972099,0
591,0.8015338182449341,0.7186146974563599,0.9470505118370056,0.054466232657432556,0.021980643272399902,46.23893451690674,0
592,0.8067846894264221,0.7203261852264404,0.9433957934379578,0.05462263524532318,0.02190079540014267,46.31551601737738,0
593,0.7982686758041382,0.7219369411468506,0.9451673030853271,0.05451258271932602,0.022123821079730988,46.3922119513154,0
594,0.8056169152259827,0.7180442214012146,0.9477424025535583,0.054582543671131134,0.021899305284023285,46.46876113861799,0
595,0.7985721230506897,0.7197892069816589,0.944954514503479,0.05458106845617294,0.021917857229709625,46.54532219469547,0
596,0.806678831577301,0.722205400466919,0.9393900036811829,0.054447442293167114,0.021885596215724945,46.621709905564785,0
597,0.8037999272346497,0.7223060727119446,0.9407290816307068,0.054671451449394226,0.021988645195961,46.69842553138733,0
598,0.8025705814361572,0.7209302186965942,0.9492042660713196,0.05441378057003021,0.021858498454093933,46.77475567162037,0
599,0.8054885864257812,0.7191516160964966,0.9442014098167419,0.05441668629646301,0.02185329794883728,46.851078897714615,0
600,0.8009730577468872,0.722272515296936,0.9354431629180908,0.05441199988126755,0.02204999327659607,46.927594028413296,0
601,0.8048640489578247,0.7214000225067139,0.9465725421905518,0.05465780198574066,0.02187521755695343,47.004190891981125,0
602,0.8004699349403381,0.7198898792266846,0.9494109749794006,0.054471805691719055,0.02189672738313675,47.0806143283844,0
603,0.8008055090904236,0.7229101061820984,0.93751460313797,0.05449800193309784,0.021941855549812317,47.15710785239935,0
604,0.8013474941253662,0.7180777788162231,0.9543204307556152,0.05446770042181015,0.021862417459487915,47.233491845428944,0
605,0.8000812530517578,0.7215006947517395,0.9422553181648254,0.05445883423089981,0.02187647670507431,47.30987983196974,0
606,0.7995024919509888,0.721098005771637,0.9409530758857727,0.054423876106739044,0.021907135844230652,47.38625875860453,0
607,0.7976431250572205,0.7203933000564575,0.9411369562149048,0.05449967831373215,0.022042706608772278,47.46285568922758,0
608,0.8000600337982178,0.7199905514717102,0.9431517124176025,0.0545552596449852,0.021970383822917938,47.539469450712204,0
609,0.8018288612365723,0.7196885347366333,0.9466373324394226,0.05448932200670242,0.021898388862609863,47.61591262370348,0
610,0.8024717569351196,0.721903383731842,0.9350677728652954,0.0544830858707428,0.02184295654296875,47.69229208678007,0
611,0.7977281212806702,0.721098005771637,0.9473013281822205,0.054452575743198395,0.02187217026948929,47.76867028325796,0
612,0.7984740138053894,0.719856321811676,0.9529295563697815,0.05444066971540451,0.021866023540496826,47.84502652287483,0
613,0.795399010181427,0.722272515296936,0.9380030632019043,0.054436132311820984,0.02190682291984558,47.921422585844994,0
614,0.8000363707542419,0.7208631038665771,0.9448379278182983,0.05438271164894104,0.021909251809120178,47.99776364117861,0
615,0.7996503114700317,0.720728874206543,0.9467008113861084,0.05453110486268997,0.021899059414863586,48.07424654066563,0
616,0.7945423722267151,0.7205946445465088,0.944826066493988,0.05443872511386871,0.021948404610157013,48.15068869292736,0
617,0.8005475401878357,0.7188160419464111,0.9581109881401062,0.054392047226428986,0.021926000714302063,48.22705889493227,0
618,0.8003790974617004,0.7233464121818542,0.9356337189674377,0.05448320508003235,0.021954327821731567,48.310659386217594,1
619,0.7991529107093811,0.7211986780166626,0.942595362663269,0.05452936142683029,0.02186625450849533,48.38711333274841,0
620,0.7955108880996704,0.7200241088867188,0.9530190825462341,0.05437430739402771,0.021872691810131073,48.46341346204281,0
621,0.7985204458236694,0.7248900532722473,0.9370785355567932,0.05439353734254837,0.021858491003513336,48.54574678838253,1
622,0.7996544241905212,0.7153595685958862,0.959990382194519,0.05438089370727539,0.02186814695596695,48.62205018103123,0
623,0.8008723258972168,0.7204268574714661,0.9511181116104126,0.05446720868349075,0.022077053785324097,48.69864320755005,0
624,0.7957248687744141,0.7238497734069824,0.935585081577301,0.05452871322631836,0.021885015070438385,48.77511777728796,0
625,0.7993118762969971,0.718010663986206,0.9555721282958984,0.05447518825531006,0.021936535835266113,48.85158347338438,0
626,0.7933984398841858,0.7201918959617615,0.9477644562721252,0.05434387922286987,0.021924637258052826,48.92790471017361,0
627,0.7959311604499817,0.7227423191070557,0.9370402097702026,0.05439821630716324,0.0219239741563797,49.00427455455065,0
628,0.7957460284233093,0.7192522883415222,0.9541478753089905,0.05443672090768814,0.02184741199016571,49.08060593158007,0
629,0.7952260375022888,0.7221047282218933,0.9442103505134583,0.05443732440471649,0.021859705448150635,49.15695069730282,0
630,0.7956446409225464,0.7208295464515686,0.9417874217033386,0.054447367787361145,0.021885588765144348,49.2333335056901,0
631,0.7946850657463074,0.7217355966567993,0.9450082182884216,0.05444538593292236,0.021903708577156067,49.30973615497351,0
632,0.7932258248329163,0.7220711708068848,0.9389290809631348,0.05448777973651886,0.0219012051820755,49.38617818057537,0
633,0.7924554347991943,0.7223060727119446,0.9444829821586609,0.05455103516578674,0.021862953901290894,49.46265245229006,0
634,0.794139564037323,0.720359742641449,0.950638473033905,0.054420940577983856,0.021855846047401428,49.53898165374994,0
635,0.7925564646720886,0.7236148715019226,0.935296356678009,0.05465225875377655,0.02194373309612274,49.615628615021706,0
636,0.7901591658592224,0.7216684818267822,0.9439876079559326,0.05445127934217453,0.021908752620220184,49.692041620612144,0
637,0.7915562391281128,0.7192187309265137,0.9564698338508606,0.054445065557956696,0.021857984364032745,49.768398091197014,0
638,0.7954857349395752,0.721165120601654,0.9425980448722839,0.05473580211400986,0.02193119376897812,49.845114298164845,0
639,0.7917565703392029,0.7217020392417908,0.9447278380393982,0.05453651398420334,0.02193814516067505,49.92164347320795,0
640,0.7880523800849915,0.7193529605865479,0.9503615498542786,0.05448271334171295,0.021910659968852997,49.998090118169785,0
641,0.7880688309669495,0.7204268574714661,0.9428166747093201,0.0546519011259079,0.02198541909456253,50.07478412985802,0
642,0.7923388481140137,0.7205610871315002,0.9494476914405823,0.05444229394197464,0.021936215460300446,50.151225827634335,0
643,0.7866554856300354,0.7215006947517395,0.9459936618804932,0.05433961749076843,0.021952398121356964,50.227570205926895,0
644,0.7935736775398254,0.7223396301269531,0.9397085905075073,0.05440378189086914,0.02188345044851303,50.30391199886799,0
645,0.7920540571212769,0.7158629298210144,0.9638199210166931,0.05446764826774597,0.021878927946090698,50.38031239807606,0
646,0.7940323352813721,0.721903383731842,0.9421095252037048,0.05446140468120575,0.021848931908607483,50.456684440374374,0
647,0.7956697940826416,0.7220376133918762,0.9450091123580933,0.0544944703578949,0.021856941282749176,50.53309128433466,0
648,0.7923786044120789,0.7173058986663818,0.9682325720787048,0.0544278547167778,0.02195989340543747,50.60952775925398,0
649,0.791171669960022,0.7217691540718079,0.9437035918235779,0.05442007631063461,0.021877072751522064,50.68587206304073,0
650,0.7955936789512634,0.7207959890365601,0.9444055557250977,0.05439377576112747,0.02187955379486084,50.762193225324154,0
651,0.7928158640861511,0.719118058681488,0.9520429968833923,0.05436716228723526,0.021863289177417755,50.83847729861736,0
652,0.7890244722366333,0.7232792973518372,0.9410076141357422,0.054331183433532715,0.0219571515917778,50.914824560284615,0
653,0.7905690670013428,0.7212322354316711,0.9425825476646423,0.054550714790821075,0.021871648728847504,50.991332441568375,0
654,0.7909119129180908,0.7209973335266113,0.9505842924118042,0.0544293150305748,0.021916575729846954,51.06773370504379,0
655,0.7890574336051941,0.721903383731842,0.9477322101593018,0.05438743531703949,0.021885067224502563,51.14405593276024,0
656,0.7930580377578735,0.7208966612815857,0.940802812576294,0.054388679563999176,0.021911881864070892,51.22040532529354,0
657,0.7915228009223938,0.7221718430519104,0.9399778842926025,0.05443159490823746,0.021887004375457764,51.29677199572325,0
658,0.7894783020019531,0.7197556495666504,0.9497566819190979,0.054431162774562836,0.021914266049861908,51.37316583096981,0
659,0.790318489074707,0.719487190246582,0.9497078061103821,0.05443868786096573,0.02203812450170517,51.449714690446854,0
660,0.7874960899353027,0.7228765487670898,0.9424635171890259,0.05455376207828522,0.021948739886283875,51.526278242468834,0
661,0.7905726432800293,0.7225409746170044,0.943321943283081,0.05444925278425217,0.021945029497146606,51.60272744297981,0
662,0.7877790331840515,0.7200912237167358,0.953683078289032,0.05433032661676407,0.02189427614212036,51.67900124192238,0
663,0.7899515628814697,0.720359742641449,0.9526644349098206,0.0543808788061142,0.021855227649211884,51.75529134273529,0
664,0.7862309813499451,0.7232457399368286,0.9459221959114075,0.05436010658740997,0.021916724741458893,51.83161574602127,0
665,0.787363588809967,0.7231115102767944,0.9422978758811951,0.0543682724237442,0.021855168044567108,51.90789233148098,0
666,0.788947582244873,0.719487190246582,0.9545743465423584,0.054399557411670685,0.021863535046577454,51.984203681349754,0
667,0.7882664203643799,0.7207959890365601,0.9516535401344299,0.054447852075099945,0.021945856511592865,52.060645923018456,0
668,0.7891867160797119,0.7238497734069824,0.9350383877754211,0.054364800453186035,0.021856673061847687,52.13691667467356,0
669,0.7875981330871582,0.7224403023719788,0.9490275382995605,0.054443731904029846,0.021883681416511536,52.21329861879349,0
670,0.7866345047950745,0.7199234366416931,0.959571361541748,0.05438436567783356,0.021880052983760834,52.28960979729891,0
671,0.7880396246910095,0.7224067449569702,0.9379712343215942,0.05437048524618149,0.021855495870113373,52.36589325964451,0
672,0.7878069877624512,0.7209637761116028,0.947207510471344,0.05438351631164551,0.02188330888748169,52.4422102868557,0
673,0.7866668105125427,0.7209637761116028,0.9592963457107544,0.05437423288822174,0.02189800888299942,52.518538787961006,0
674,0.7884230017662048,0.7215678095817566,0.9501734375953674,0.05442814528942108,0.02191697061061859,52.59495206922293,0
675,0.7878029346466064,0.7225745320320129,0.9502366185188293,0.05450060963630676,0.021874137222766876,52.67138046771288,0
676,0.7887718677520752,0.7222389578819275,0.9476077556610107,0.05487464368343353,0.022027991712093353,52.74834347516298,0
677,0.7799736857414246,0.7189838290214539,0.9533841609954834,0.054697319865226746,0.02200290560722351,52.82515013962984,0
678,0.7862415313720703,0.7214335799217224,0.9481208920478821,0.05459859222173691,0.021922796964645386,52.90174273401499,0
679,0.7861221432685852,0.7232792973518372,0.9441807270050049,0.05444689095020294,0.021952390670776367,52.978202275931835,0
680,0.7847004532814026,0.7196549773216248,0.9533528089523315,0.05445730686187744,0.021869219839572906,53.05458876490593,0
681,0.7853800654411316,0.7232457399368286,0.9482887387275696,0.05476497858762741,0.021951332688331604,53.1313646659255,0
682,0.782921314239502,0.7217691540718079,0.9378764629364014,0.05447153002023697,0.02187822014093399,53.20776828378439,0
683,0.784040093421936,0.7198227643966675,0.9557690620422363,0.05449454486370087,0.02190505713224411,53.28422120958567,0
684,0.7856112718582153,0.7218698263168335,0.9531625509262085,0.05444886535406113,0.02185869961977005,53.360593013465405,0
685,0.7838979363441467,0.724252462387085,0.9359993934631348,0.05462992936372757,0.02197182923555374,53.43724825978279,0
686,0.7876352071762085,0.7227423191070557,0.9452507495880127,0.05446220189332962,0.021890245378017426,53.51364806294441,0
687,0.7829925417900085,0.719856321811676,0.9625157713890076,0.05439078062772751,0.021835558116436005,53.589921817183495,0
688,0.7869934439659119,0.7239504456520081,0.9471958875656128,0.05442635715007782,0.021868020296096802,53.666263572871685,0
689,0.7824583649635315,0.7235477566719055,0.9442239999771118,0.054350949823856354,0.02189461886882782,53.74256978183985,0
690,0.7824065089225769,0.7217020392417908,0.9545085430145264,0.05475052446126938,0.02204614132642746,53.819421514868736,0
691,0.7790540456771851,0.7211315631866455,0.9520317912101746,0.054458729922771454,0.021903984248638153,53.89584515243769,0
692,0.7844507098197937,0.7214335799217224,0.9459168910980225,0.05479566007852554,0.021884605288505554,53.972578175365925,0
693,0.7827544212341309,0.7226752042770386,0.9448994398117065,0.05439625680446625,0.021891377866268158,54.048914700746536,0
694,0.7822741866111755,0.7209973335266113,0.9581707715988159,0.05436918884515762,0.02186473459005356,54.12519737333059,0
695,0.7807356119155884,0.7229772806167603,0.9503697752952576,0.05447009205818176,0.021879687905311584,54.20159972459078,0
696,0.7813341021537781,0.7224067449569702,0.9454140067100525,0.05440580099821091,0.02189653366804123,54.277956657111645,0
697,0.7822911143302917,0.7220376133918762,0.9490714073181152,0.05436065047979355,0.021855078637599945,54.35423168540001,0
698,0.7842832803726196,0.7240846753120422,0.9467808604240417,0.05440241098403931,0.021872803568840027,54.43056013435125,0
699,0.781112015247345,0.7193529605865479,0.9534738659858704,0.0544363334774971,0.02189508080482483,54.506941579282284,0
700,0.7835981249809265,0.7198898792266846,0.9512227177619934,0.05479404330253601,0.021901026368141174,54.583689987659454,0
701,0.7818430066108704,0.7228094339370728,0.9495227336883545,0.05435766279697418,0.02184717357158661,54.65994770824909,0
702,0.7795742154121399,0.721836268901825,0.951042652130127,0.05441833287477493,0.021869204938411713,54.73628281056881,0
703,0.7838207483291626,0.7232457399368286,0.9495477676391602,0.05443190783262253,0.02187478542327881,54.812637850642204,0
704,0.7811392545700073,0.7240175604820251,0.9520114660263062,0.05440019816160202,0.02188173681497574,54.888967618346214,0
705,0.7783098220825195,0.7196549773216248,0.9571537375450134,0.05448215454816818,0.021862588822841644,54.965365551412106,0
706,0.7845668196678162,0.7226752042770386,0.9380902647972107,0.05446390062570572,0.02193639427423477,55.04181860387325,0
707,0.779897928237915,0.7212657928466797,0.9501082897186279,0.05446578562259674,0.021913893520832062,55.11824560910463,0
708,0.7747182250022888,0.7182120084762573,0.9630433917045593,0.05446106940507889,0.02185826003551483,55.1946182847023,0
709,0.7768862247467041,0.7226752042770386,0.9457612633705139,0.05446026474237442,0.021893605589866638,55.27103175222874,0
710,0.7790161371231079,0.721836268901825,0.9513592720031738,0.05445597320795059,0.02188638597726822,55.347428411245346,0
711,0.779799222946167,0.7196214199066162,0.9519086480140686,0.0543774738907814,0.0218987837433815,55.42376567423344,0
712,0.7775743007659912,0.7224403023719788,0.9465668201446533,0.054350681602954865,0.021923303604125977,55.50008765608072,0
713,0.7786198854446411,0.7224403023719788,0.9489167332649231,0.05447297543287277,0.022023387253284454,55.5766341984272,0
714,0.7788771390914917,0.7196214199066162,0.9612264037132263,0.054778724908828735,0.022080741822719574,55.65355660021305,0
715,0.7814914584159851,0.7210308909416199,0.9485167860984802,0.05494183301925659,0.021974191069602966,55.73058084398508,0
716,0.7766847014427185,0.7217355966567993,0.9457846283912659,0.05449693650007248,0.021883592009544373,55.80702516436577,0
717,0.781201183795929,0.7202590107917786,0.9547295570373535,0.054502204060554504,0.02189093828201294,55.88347591459751,0
718,0.7796852588653564,0.7201583385467529,0.9542568922042847,0.05448061227798462,0.021866977214813232,55.9598800688982,0
719,0.7827169299125671,0.7217691540718079,0.9537196159362793,0.054485924541950226,0.022008903324604034,56.03642629086971,0
720,0.7776805758476257,0.722205400466919,0.9502233862876892,0.05463147163391113,0.0218735933303833,56.113000743091106,0
721,0.7801058292388916,0.723145067691803,0.950262188911438,0.054486386477947235,0.021950259804725647,56.18949197232723,0
722,0.7789726853370667,0.7212322354316711,0.9502503275871277,0.054398223757743835,0.021944254636764526,56.26589992642403,0
723,0.7768130302429199,0.7223731875419617,0.9482377171516418,0.054428830742836,0.0218934565782547,56.34227080643177,0
724,0.7767012119293213,0.721467137336731,0.9577526450157166,0.054384566843509674,0.021865129470825195,56.41857438534498,0
725,0.7820413112640381,0.7228429913520813,0.9515054225921631,0.0551375076174736,0.021871566772460938,56.49563728272915,0
726,0.7796834111213684,0.7183797955513,0.954730212688446,0.05462798476219177,0.02190350741147995,56.57222420722246,0
727,0.7773714661598206,0.7234135270118713,0.9493633508682251,0.05444120615720749,0.021881647408008575,56.648601807653904,0
728,0.7756094336509705,0.7194200754165649,0.9607492685317993,0.05445531755685806,0.02191503345966339,56.725027687847614,0
729,0.7794173359870911,0.7229772806167603,0.950731098651886,0.05440589785575867,0.02191118896007538,56.80139606446028,0
730,0.7755902409553528,0.7255276441574097,0.940617561340332,0.05461729317903519,0.021910563111305237,56.88476771861315,1
731,0.7784675359725952,0.7225745320320129,0.9487391114234924,0.05444003641605377,0.021912433207035065,56.96117689460516,0
732,0.7784632444381714,0.7193529605865479,0.9718891978263855,0.05479419231414795,0.02192176878452301,57.03794302791357,0
733,0.7731261849403381,0.7256283760070801,0.9418349266052246,0.05449863523244858,0.021960295736789703,57.12154023349285,1
734,0.776767373085022,0.7204268574714661,0.9480626583099365,0.05449801683425903,0.02188393473625183,57.19798110425472,0
735,0.7785866856575012,0.7197556495666504,0.9590467810630798,0.054517731070518494,0.021964550018310547,57.274522460997105,0
736,0.774952232837677,0.7247222661972046,0.9436739683151245,0.0544324666261673,0.02194545418024063,57.350963816046715,0
737,0.777296781539917,0.7188160419464111,0.9568455219268799,0.0543350949883461,0.021884381771087646,57.42723569273949,0
738,0.7785354852676392,0.7212993502616882,0.9545426964759827,0.054336175322532654,0.021952323615550995,57.50357810407877,0
739,0.7782707214355469,0.723883330821991,0.9459083676338196,0.05446183681488037,0.02189839631319046,57.579993955791,0
740,0.774161696434021,0.7196549773216248,0.9563308358192444,0.05461002141237259,0.02194664627313614,57.65662356466055,0
741,0.7732439637184143,0.7234470844268799,0.9480100274085999,0.05455789715051651,0.021894142031669617,57.73314179480076,0
742,0.7785421013832092,0.7245209217071533,0.9400420188903809,0.05445322394371033,0.02190238982439041,57.809551894664764,0
743,0.7742373943328857,0.7182120084762573,0.9676442742347717,0.05439593642950058,0.02186942845582962,57.88587179034948,0
744,0.7744244933128357,0.7226752042770386,0.9533677697181702,0.0546695739030838,0.02187049388885498,57.962465673685074,0
745,0.7765035629272461,0.7242189049720764,0.9447874426841736,0.054546259343624115,0.021930254995822906,58.03899725526571,0
746,0.7736639380455017,0.7190173864364624,0.958469808101654,0.05446363985538483,0.0218837708234787,58.11539859324694,0
747,0.7766481041908264,0.7195543050765991,0.9572744965553284,0.0544949546456337,0.02189812809228897,58.19185375422239,0
748,0.7745693922042847,0.7232792973518372,0.9493632912635803,0.05445461720228195,0.021879255771636963,58.26825258880854,0
749,0.7798153758049011,0.7174736857414246,0.967910885810852,0.054431214928627014,0.021949894726276398,58.34468285739422,0
750,0.775469183921814,0.7221382856369019,0.9454350471496582,0.05436147004365921,0.021868526935577393,58.420983374118805,0
751,0.7752312421798706,0.7248564958572388,0.9494987726211548,0.05444779992103577,0.021911069750785828,58.497395388782024,0
752,0.7731372714042664,0.7189838290214539,0.9610624313354492,0.05450533330440521,0.021882444620132446,58.573837131261826,0
753,0.7781392931938171,0.7229436635971069,0.9461545944213867,0.05449634790420532,0.021912500262260437,58.65029951930046,0
754,0.7732519507408142,0.7216013669967651,0.9569638967514038,0.05447748303413391,0.02187655121088028,58.72670980542898,0
755,0.7734964489936829,0.7216684818267822,0.9485330581665039,0.05449464172124863,0.021892011165618896,58.80315783619881,0
756,0.7722745537757874,0.7221382856369019,0.9505139589309692,0.05441036820411682,0.021951019763946533,58.879572071135044,0
757,0.7743181586265564,0.7195878624916077,0.9653432369232178,0.0544469952583313,0.021913349628448486,58.95598515868187,0
758,0.7764633893966675,0.7206617593765259,0.9443170428276062,0.05438079684972763,0.021860145032405853,59.03227409720421,0
759,0.7718467712402344,0.7226080894470215,0.9446492791175842,0.054433487355709076,0.021907255053520203,59.10866196453571,0
760,0.7747519016265869,0.7217691540718079,0.9598972797393799,0.05440784990787506,0.021916650235652924,59.185040064156055,0
761,0.7747042775154114,0.7186146974563599,0.9599211812019348,0.05453743785619736,0.021988213062286377,59.2616141885519,0
762,0.7756361961364746,0.7167689800262451,0.9606283903121948,0.054520636796951294,0.021935567259788513,59.33812455832958,0
763,0.7766603827476501,0.7227758765220642,0.944938600063324,0.05442878603935242,0.021869026124477386,59.41447585076094,0
764,0.7727500796318054,0.7189838290214539,0.9559972286224365,0.054406099021434784,0.021948009729385376,59.49088338762522,0
765,0.7771633267402649,0.7218027114868164,0.9540156722068787,0.05432886630296707,0.021849848330020905,59.56711521744728,0
766,0.7730283141136169,0.7228765487670898,0.9451397061347961,0.05437305569648743,0.021904125809669495,59.64345347881317,0
767,0.7741860747337341,0.7211986780166626,0.9560473561286926,0.05438920855522156,0.021908707916736603,59.71980378776789,0
768,0.7703207731246948,0.7228765487670898,0.954494059085846,0.05448996275663376,0.021873414516448975,59.79622006416321,0
769,0.7699030041694641,0.721836268901825,0.950236976146698,0.054520756006240845,0.02194933593273163,59.87274994701147,0
770,0.7709357142448425,0.7188831567764282,0.9537403583526611,0.0544576570391655,0.021906569600105286,59.94917053729296,0
771,0.773750901222229,0.7221047282218933,0.9560661911964417,0.05454324185848236,0.021961718797683716,60.02573085576296,0
772,0.7730454802513123,0.7217355966567993,0.9491560459136963,0.054360635578632355,0.021946877241134644,60.10209263861179,0
773,0.7700641751289368,0.720359742641449,0.9543367028236389,0.05440383404493332,0.021885909140110016,60.178440257906914,0
774,0.7686074376106262,0.7233464121818542,0.9538666605949402,0.05453960597515106,0.021887071430683136,60.25492286682129,0
775,0.7695696949958801,0.7204604148864746,0.9574832916259766,0.05447849631309509,0.021989405155181885,60.33144607394934,0
776,0.7739779353141785,0.7218698263168335,0.9522981643676758,0.05444256216287613,0.02186383306980133,60.407806403934956,0
777,0.7711119055747986,0.7234806418418884,0.9514920711517334,0.05440359562635422,0.02191801369190216,60.48418007045984,0
778,0.7697224617004395,0.7192858457565308,0.9638888239860535,0.05441819876432419,0.02195679396390915,60.56060953438282,0
779,0.77248615026474,0.721903383731842,0.9507309198379517,0.05448777973651886,0.02195412665605545,60.637100763618946,0
780,0.7713782787322998,0.7227758765220642,0.9512784481048584,0.05439256131649017,0.021967686712741852,60.71351119875908,0
781,0.7684596180915833,0.7232121825218201,0.95716792345047,0.054766587913036346,0.021965131163597107,60.79030039161444,0
782,0.7701085805892944,0.7220711708068848,0.9585734605789185,0.054466575384140015,0.021900765597820282,60.8667219504714,0
783,0.771664023399353,0.7220040559768677,0.9608559012413025,0.054443359375,0.02193065732717514,60.94314983487129,0
784,0.7719834446907043,0.7227087616920471,0.9453423619270325,0.05431217700242996,0.021870531141757965,61.019386284053326,0
785,0.7705765962600708,0.7240846753120422,0.9538068175315857,0.05440324544906616,0.021856628358364105,61.0956986695528,0
786,0.7728791236877441,0.7209973335266113,0.961861789226532,0.05455029010772705,0.02214503288269043,61.172458089888096,0
787,0.7681154608726501,0.7193194031715393,0.9597192406654358,0.05487613379955292,0.021932333707809448,61.24932889640331,0
788,0.7680661678314209,0.7215678095817566,0.9567587971687317,0.05445010960102081,0.021877527236938477,61.325720615684986,0
789,0.7730292081832886,0.7246551513671875,0.9449591040611267,0.05447698384523392,0.02186071127653122,61.40211810916662,0
790,0.7738128900527954,0.7188160419464111,0.9655431509017944,0.054398275911808014,0.021893054246902466,61.47845929861069,0
791,0.7653467655181885,0.7200241088867188,0.9635688066482544,0.05448591709136963,0.021958813071250916,61.55495809018612,0
792,0.7753733992576599,0.7240175604820251,0.9494122862815857,0.05442493408918381,0.02212497591972351,61.631562538444996,0
793,0.7692667841911316,0.7196885347366333,0.9595562815666199,0.054408960044384,0.02184772491455078,61.70787250995636,0
794,0.7694994807243347,0.7219704985618591,0.9569002389907837,0.0547984316945076,0.021966271102428436,61.784687012434006,0
795,0.7678306102752686,0.7223731875419617,0.9482765197753906,0.05447612702846527,0.021934419870376587,61.861151337623596,0
796,0.7712163925170898,0.7200241088867188,0.9627489447593689,0.05437079817056656,0.021908611059188843,61.937484964728355,0
797,0.7686932682991028,0.7213664650917053,0.963727593421936,0.05444350093603134,0.021881811320781708,62.0138645991683,0
798,0.77373206615448,0.7215678095817566,0.9516201019287109,0.054410383105278015,0.02185642719268799,62.09020061790943,0
799,0.7648200392723083,0.7207624316215515,0.9532437920570374,0.05442458391189575,0.021921105682849884,62.1666005179286,0
800,0.7652592658996582,0.7217355966567993,0.9568490386009216,0.05442126840353012,0.021896593272686005,62.24297121167183,0
801,0.7671225070953369,0.7211315631866455,0.9616657495498657,0.05445636063814163,0.021909408271312714,62.31939023733139,0
802,0.7657087445259094,0.7229101061820984,0.9561368823051453,0.05443637818098068,0.021914616227149963,62.39579436928034,0
803,0.7634134888648987,0.7205946445465088,0.9547526240348816,0.054453104734420776,0.021900326013565063,62.472201965749264,0
804,0.7705401182174683,0.7221382856369019,0.9575303196907043,0.05444520711898804,0.021883241832256317,62.548585660755634,0
805,0.7677522301673889,0.7233464121818542,0.9608514904975891,0.054486893117427826,0.02196231484413147,62.62508836388588,0
806,0.7631328105926514,0.7208295464515686,0.9556233286857605,0.05445319414138794,0.021920502185821533,62.70151022076607,0
807,0.7685077786445618,0.7183462381362915,0.9651850461959839,0.05461876839399338,0.021969079971313477,62.77815240621567,0
808,0.7699593901634216,0.7238162159919739,0.950676679611206,0.054510585963726044,0.021896667778491974,62.85464742779732,0
809,0.7655310034751892,0.7216684818267822,0.9574201703071594,0.05435330420732498,0.02192103862762451,62.93098162859678,0
810,0.7673649787902832,0.7199905514717102,0.9712237119674683,0.05447396636009216,0.02188664674758911,63.00739546120167,0
811,0.7650573253631592,0.7244538068771362,0.9507983326911926,0.05440882593393326,0.021863102912902832,63.083746053278446,0
812,0.7624642848968506,0.721467137336731,0.9516016840934753,0.05441711097955704,0.021896958351135254,63.16011492908001,0
813,0.7633899450302124,0.7204604148864746,0.9563785791397095,0.05443231761455536,0.021853968501091003,63.2364504635334,0
814,0.762925386428833,0.7236148715019226,0.9477563500404358,0.05447949469089508,0.02188592404127121,63.31287055462599,0
815,0.7647382616996765,0.722272515296936,0.9619702696800232,0.054475292563438416,0.021876245737075806,63.38927709311247,0
816,0.7668638825416565,0.7213329076766968,0.9612948298454285,0.05443187803030014,0.021884597837924957,63.46564731746912,0
817,0.7643152475357056,0.7224738597869873,0.954880952835083,0.05442143976688385,0.02187109738588333,63.54198747873306,0
818,0.7667903900146484,0.72022545337677,0.959335207939148,0.05438362807035446,0.021880239248275757,63.61829938739538,0
819,0.7654212117195129,0.7241182327270508,0.9480434060096741,0.054353147745132446,0.021894976496696472,63.694601096212864,0
820,0.7656856775283813,0.7221718430519104,0.9594950079917908,0.05440232902765274,0.021855585277080536,63.7709164172411,0
821,0.7612948417663574,0.7175408005714417,0.9732195734977722,0.054438963532447815,0.02190898358821869,63.84731737524271,0
822,0.7638081312179565,0.7237491011619568,0.9526945352554321,0.054372966289520264,0.021842308342456818,63.92359506338835,0
823,0.7654517292976379,0.7238497734069824,0.9546043276786804,0.054499052464962006,0.02189645916223526,64.00004531443119,0
824,0.7624200582504272,0.7223731875419617,0.9580753445625305,0.05453057587146759,0.0219549760222435,64.07659356296062,0
825,0.7665889859199524,0.721836268901825,0.9545872211456299,0.05445382744073868,0.02186596393585205,64.15296786278486,0
826,0.7653107643127441,0.720728874206543,0.9654720425605774,0.054441891610622406,0.021916702389717102,64.22937975078821,0
827,0.7618138790130615,0.7228429913520813,0.9613516926765442,0.05443466454744339,0.021930962800979614,64.30579676479101,0
828,0.7655926942825317,0.7198227643966675,0.9548240303993225,0.05438641458749771,0.021928958594799042,64.38217180222273,0
829,0.760590136051178,0.719050943851471,0.9612007737159729,0.05431289225816727,0.02188008278608322,64.45841901749372,0
830,0.7641022801399231,0.7216684818267822,0.9622417092323303,0.054460182785987854,0.02191973477602005,64.534851513803,0
831,0.7628744840621948,0.7228765487670898,0.9538196325302124,0.05439941585063934,0.02190060168504715,64.61120474338531,0
832,0.7663028836250305,0.721165120601654,0.9584660530090332,0.05448161065578461,0.0219632089138031,64.68770366162062,0
833,0.7619325518608093,0.7217020392417908,0.9604745507240295,0.054479531943798065,0.0219273641705513,64.76416403055191,0
834,0.762444257736206,0.7220376133918762,0.9605157971382141,0.05442230403423309,0.021902211010456085,64.8405422642827,0
835,0.762443482875824,0.7212322354316711,0.9581678509712219,0.05443641543388367,0.021927349269390106,64.91695509850979,0
836,0.7611393332481384,0.7234806418418884,0.9620803594589233,0.054451026022434235,0.02192750573158264,64.99338591843843,0
837,0.7620978951454163,0.7217691540718079,0.959410548210144,0.05443011224269867,0.021868973970413208,65.06973976641893,0
838,0.7634004950523376,0.7207624316215515,0.9584348201751709,0.05441457778215408,0.02190691977739334,65.14610895514488,0
839,0.7609574198722839,0.7220711708068848,0.9622284770011902,0.05443330854177475,0.021919772028923035,65.22251133620739,0
840,0.761117160320282,0.7186482548713684,0.9689306616783142,0.054574303328990936,0.02192223072052002,65.29906204342842,0
841,0.7630431652069092,0.7208295464515686,0.9554088115692139,0.054573893547058105,0.021914325654506683,65.37560576945543,0
842,0.7599498629570007,0.722205400466919,0.9536600708961487,0.05447584390640259,0.02185787260532379,65.45199604332447,0
843,0.7616010308265686,0.7199905514717102,0.9652799963951111,0.05444115400314331,0.021947622299194336,65.52843496203423,0
844,0.7639615535736084,0.7224403023719788,0.9558234810829163,0.054363176226615906,0.021869055926799774,65.60471670329571,0
845,0.7636424899101257,0.722272515296936,0.9568823575973511,0.054621659219264984,0.021979741752147675,65.68137156963348,0
846,0.7597898244857788,0.7193194031715393,0.97291499376297,0.054549768567085266,0.021888546645641327,65.75787717849016,0
847,0.7614235281944275,0.7244202494621277,0.9553082585334778,0.0544792041182518,0.0218706876039505,65.83428601175547,0
848,0.7636058330535889,0.7216013669967651,0.9587786793708801,0.0544716939330101,0.021847844123840332,65.91066221147776,0
849,0.7604789733886719,0.7188495993614197,0.961306631565094,0.05447303503751755,0.02195253223180771,65.98714876919985,0
850,0.7599728107452393,0.7230779528617859,0.9518725872039795,0.05431504547595978,0.02192945033311844,66.06344585120678,0
851,0.7568700313568115,0.7236148715019226,0.9518536329269409,0.05440124124288559,0.021922029554843903,66.13982278853655,0
852,0.7627455592155457,0.7196214199066162,0.9664484262466431,0.05452477186918259,0.021988369524478912,66.21638944745064,0
853,0.7611874341964722,0.7234135270118713,0.957998514175415,0.054524995386600494,0.021894320845603943,66.29286236315966,0
854,0.7595102787017822,0.7212993502616882,0.9631353616714478,0.054612018167972565,0.021869316697120667,66.36939644813538,0
855,0.7587000131607056,0.7216684818267822,0.9621983170509338,0.054475121200084686,0.02188635617494583,66.4458111897111,0
856,0.7591899633407593,0.7246551513671875,0.9533392786979675,0.054423317313194275,0.021833613514900208,66.5221203789115,0
857,0.7582824230194092,0.7216684818267822,0.9672725200653076,0.0544227734208107,0.021871700882911682,66.598468080163,0
858,0.7584296464920044,0.7203933000564575,0.9669884443283081,0.0548567995429039,0.022064171731472015,66.67546683549881,0
859,0.7593716382980347,0.7247558236122131,0.9558160305023193,0.05447158217430115,0.02197308838367462,66.75197394937277,0
860,0.7589892745018005,0.7217020392417908,0.9600118398666382,0.0544799342751503,0.0218823179602623,66.82838884741068,0
861,0.7581722736358643,0.723883330821991,0.9531145691871643,0.05444611608982086,0.021915242075920105,66.9048038572073,0
862,0.7586799263954163,0.7226080894470215,0.9620108008384705,0.05448286235332489,0.021860748529434204,66.98122662305832,0
863,0.761476993560791,0.7221718430519104,0.960311233997345,0.05449327081441879,0.021941639482975006,67.05771471560001,0
864,0.7614492177963257,0.723514199256897,0.9528998732566833,0.05497696250677109,0.02201961725950241,67.1347773745656,0
865,0.7597045302391052,0.7228429913520813,0.9632629156112671,0.0545244961977005,0.021885640919208527,67.211256749928,0
866,0.7579277753829956,0.7206953167915344,0.9664279818534851,0.05446478724479675,0.02188858389854431,67.28766679763794,0
867,0.7572909593582153,0.7235477566719055,0.9535697102546692,0.05447735637426376,0.021865330636501312,67.36407602578402,0
868,0.7557463645935059,0.7215006947517395,0.9608689546585083,0.054495617747306824,0.021848730742931366,67.4404763430357,0
869,0.7577941417694092,0.7215678095817566,0.9649050831794739,0.05444437265396118,0.02189812809228897,67.51686710864305,0
870,0.7595338225364685,0.7236484289169312,0.9578483700752258,0.0544574111700058,0.021950222551822662,67.59332305938005,0
871,0.7600059509277344,0.7222389578819275,0.9616224765777588,0.05436531454324722,0.022000811994075775,67.66974353045225,0
872,0.7571370005607605,0.7221382856369019,0.9611464738845825,0.05469118803739548,0.02188822627067566,67.74637857079506,0
873,0.7595645189285278,0.7229436635971069,0.9580489993095398,0.054483816027641296,0.021873481571674347,67.82279072701931,0
874,0.758614182472229,0.7204939723014832,0.9630632400512695,0.054402172565460205,0.021913260221481323,67.89915993064642,0
875,0.7595618963241577,0.7229772806167603,0.9553732872009277,0.05443864315748215,0.021881751716136932,67.97554384917021,0
876,0.7593767642974854,0.7206617593765259,0.9701693654060364,0.05449230223894119,0.021859489381313324,68.05195055902004,0
877,0.7584831118583679,0.7213664650917053,0.9650351405143738,0.054478906095027924,0.021889597177505493,68.12837581336498,0
878,0.7548952698707581,0.7241853475570679,0.9588971138000488,0.05443614721298218,0.021908283233642578,68.20478051155806,0
879,0.7604052424430847,0.7207959890365601,0.9617671370506287,0.05469349026679993,0.021991223096847534,68.28152049332857,0
880,0.7562377452850342,0.722205400466919,0.9543339610099792,0.05450723320245743,0.021883711218833923,68.35797318071127,0
881,0.7525324821472168,0.7228429913520813,0.9693677425384521,0.05448202043771744,0.021925494074821472,68.43443825095892,0
882,0.7583262920379639,0.723145067691803,0.9528957009315491,0.05450442433357239,0.02189769595861435,68.51089581102133,0
883,0.752521276473999,0.7205275297164917,0.956333577632904,0.05452035367488861,0.021900765597820282,68.58738435804844,0
884,0.7548134922981262,0.7217691540718079,0.9707282185554504,0.05443241447210312,0.021938160061836243,68.66381025314331,0
885,0.756371259689331,0.7233464121818542,0.9526463150978088,0.054417774081230164,0.02191266417503357,68.74019585549831,0
886,0.7616938948631287,0.7199905514717102,0.965072751045227,0.05474914610385895,0.02214052528142929,68.81714753061533,0
887,0.7565922141075134,0.7211986780166626,0.9670369625091553,0.05457720160484314,0.021894805133342743,68.89369604736567,0
888,0.7605205774307251,0.7200912237167358,0.9652442932128906,0.05446325242519379,0.021910622715950012,68.97012651711702,0
889,0.7549992203712463,0.7240846753120422,0.9575416445732117,0.05449577420949936,0.021913759410381317,69.04659815877676,0
890,0.7573394179344177,0.719487190246582,0.9657330513000488,0.0544438436627388,0.021962441504001617,69.1230578199029,0
891,0.7556110620498657,0.7202925682067871,0.968058705329895,0.054436855018138885,0.021906696259975433,69.19945940375328,0
892,0.7554370760917664,0.7265344262123108,0.9575363397598267,0.05447173863649368,0.021878167986869812,69.28374870121479,1
893,0.7583380937576294,0.7229772806167603,0.9577524662017822,0.054466232657432556,0.021938800811767578,69.36021028459072,0
894,0.7556754946708679,0.721098005771637,0.963681161403656,0.05441237986087799,0.02198130637407303,69.43665335327387,0
895,0.7547000050544739,0.7241182327270508,0.9611619114875793,0.05451592803001404,0.021879538893699646,69.51310724020004,0
896,0.7551250457763672,0.7237491011619568,0.9560675024986267,0.054455116391181946,0.021915577352046967,69.58953206241131,0
897,0.7550067901611328,0.722205400466919,0.9612804651260376,0.0544949546456337,0.02194761484861374,69.666030369699,0
898,0.7515765428543091,0.7225745320320129,0.965936005115509,0.054473042488098145,0.021921604871749878,69.74248374253511,0
899,0.7581872940063477,0.7219704985618591,0.9591845273971558,0.05441117286682129,0.021871857345104218,69.8188201636076,0
900,0.7543741464614868,0.7231115102767944,0.9584190249443054,0.054917074739933014,0.02198152244091034,69.89578221738338,0
901,0.7560866475105286,0.7237155437469482,0.9611131548881531,0.05449841171503067,0.021908961236476898,69.97224628180265,0
902,0.752761721611023,0.7206282019615173,0.9599974155426025,0.0545974001288414,0.021928466856479645,70.04882718622684,0
903,0.7531428337097168,0.7204268574714661,0.9657920598983765,0.05445869266986847,0.02189388871192932,70.12523552775383,0
904,0.7506496906280518,0.7215006947517395,0.9636104702949524,0.05444551259279251,0.021863050758838654,70.20160410553217,0
905,0.7544398903846741,0.7213664650917053,0.9571261405944824,0.05444221943616867,0.021958626806735992,70.27805857360363,0
906,0.7551866769790649,0.7225074172019958,0.956635594367981,0.05441887676715851,0.0218844935297966,70.35442391782999,0
907,0.7526448369026184,0.7199569940567017,0.9698236584663391,0.05462953448295593,0.022001877427101135,70.43113072961569,0
908,0.7528810501098633,0.7208295464515686,0.9625001549720764,0.05441155284643173,0.02190329134464264,70.50750114768744,0
909,0.7550264596939087,0.7230443954467773,0.9574421048164368,0.054437555372714996,0.021882258355617523,70.58387453854084,0
910,0.756148636341095,0.7213329076766968,0.9639734625816345,0.05447808653116226,0.02188386768102646,70.66029380261898,0
911,0.750771164894104,0.717440128326416,0.9803209900856018,0.054434239864349365,0.021901533007621765,70.73668210953474,0
912,0.756017804145813,0.7225745320320129,0.9597091674804688,0.05448686331510544,0.021929912269115448,70.81315419822931,0
913,0.753859281539917,0.7210308909416199,0.9600402116775513,0.054366737604141235,0.021937236189842224,70.88951744139194,0
914,0.7542187571525574,0.7211986780166626,0.9625270962715149,0.05453122407197952,0.022051289677619934,70.96616545319557,0
915,0.753868043422699,0.7228765487670898,0.9571744799613953,0.054564252495765686,0.021899834275245667,71.04269018024206,0
916,0.753886342048645,0.7185140252113342,0.9720709323883057,0.054501838982105255,0.021872125566005707,71.11911898851395,0
917,0.7583470940589905,0.7218027114868164,0.9570580124855042,0.0544479638338089,0.02191799134016037,71.19554677605629,0
918,0.7537025213241577,0.7237491011619568,0.9564712047576904,0.0544319674372673,0.021915212273597717,71.27194944024086,0
919,0.7542163133621216,0.7191851735115051,0.9667131304740906,0.05438415706157684,0.02196080982685089,71.34834319353104,0
920,0.7533619999885559,0.7214000225067139,0.9683441519737244,0.054570794105529785,0.021906927227973938,71.42487204819918,0
921,0.7526189088821411,0.721534252166748,0.9628636240959167,0.054414667189121246,0.022078461945056915,71.50142037123442,0
922,0.7557092308998108,0.7217355966567993,0.9600164890289307,0.05448060482740402,0.021934665739536285,71.57788980007172,0
923,0.7537544369697571,0.7227087616920471,0.9640349745750427,0.054457612335681915,0.02188270539045334,71.65428210794926,0
924,0.7574299573898315,0.7199234366416931,0.9708523750305176,0.05443461984395981,0.021848782896995544,71.73062051087618,0
925,0.7516356110572815,0.7205275297164917,0.9660771489143372,0.05444794148206711,0.021866053342819214,71.8069973886013,0
926,0.7529841065406799,0.7236819863319397,0.9581045508384705,0.05445301532745361,0.02187035232782364,71.88338557630777,0
927,0.7481529116630554,0.7213664650917053,0.9602406024932861,0.05448373407125473,0.021892152726650238,71.95981501042843,0
928,0.7498834133148193,0.7193865180015564,0.976138174533844,0.05449174344539642,0.02196618914604187,72.03632672131062,0
929,0.7523581385612488,0.7228765487670898,0.9585239291191101,0.05452018976211548,0.021905459463596344,72.1128067523241,0
930,0.7519849538803101,0.7220040559768677,0.9585937857627869,0.05446324497461319,0.021866992115974426,72.1891960799694,0
931,0.7519222497940063,0.7196214199066162,0.9757129549980164,0.05448372662067413,0.021884508430957794,72.26561923325062,0
932,0.7549604773521423,0.7206617593765259,0.969141960144043,0.05442184954881668,0.021893441677093506,72.34198736399412,0
933,0.7517651319503784,0.7208631038665771,0.9607593417167664,0.054377391934394836,0.02191617339849472,72.41833614557981,0
934,0.7549508213996887,0.7210644483566284,0.9716877341270447,0.05442531406879425,0.021928250789642334,72.49474433809519,0
935,0.7543003559112549,0.721165120601654,0.9685099124908447,0.05473870038986206,0.021986156702041626,72.5715251788497,0
936,0.7490498423576355,0.7199234366416931,0.9683153033256531,0.05467681586742401,0.021883077919483185,72.64816089719534,0
937,0.753093421459198,0.7232121825218201,0.9570278525352478,0.05449151247739792,0.02195321023464203,72.72467099130154,0
938,0.7521328330039978,0.721903383731842,0.9620507955551147,0.05450575798749924,0.021932929754257202,72.80117489397526,0
939,0.7511582970619202,0.7200241088867188,0.9738344550132751,0.05446944385766983,0.02195201814174652,72.8776507601142,0
940,0.7540741562843323,0.7232792973518372,0.9553498029708862,0.05441560596227646,0.021951928734779358,72.95407269150019,0
941,0.7529571652412415,0.7205610871315002,0.9612120389938354,0.05443403869867325,0.02192540466785431,73.03048879653215,0
942,0.7527084946632385,0.7192858457565308,0.9739140868186951,0.054733842611312866,0.0220012366771698,73.10729944705963,0
943,0.7489839792251587,0.72264164686203,0.9656731486320496,0.054627835750579834,0.021974362432956696,73.1839762032032,0
944,0.7535302639007568,0.7229772806167603,0.9631483554840088,0.054478272795677185,0.02190481871366501,73.26041926443577,0
945,0.7498833537101746,0.7211986780166626,0.960184633731842,0.0544942170381546,0.021872185170650482,73.33684246242046,0
946,0.7489616274833679,0.7215006947517395,0.9716959595680237,0.05452066659927368,0.021878443658351898,73.41330090165138,0
947,0.7526826858520508,0.7206617593765259,0.9768284559249878,0.05444364249706268,0.02186005562543869,73.48966071009636,0
948,0.7466673254966736,0.7227423191070557,0.9622216820716858,0.054436735808849335,0.02190675586462021,73.56605309993029,0
949,0.7530638575553894,0.7204604148864746,0.9677252769470215,0.05458786338567734,0.021908044815063477,73.64260081201792,0
950,0.7492864727973938,0.7211986780166626,0.9659612774848938,0.05440822243690491,0.02185383439064026,73.7189358919859,0
951,0.7510966658592224,0.719856321811676,0.9654570817947388,0.05441790819168091,0.02188786119222641,73.79530725628138,0
952,0.7496273517608643,0.7229436635971069,0.9695429801940918,0.05445713549852371,0.021931596100330353,73.87175154685974,0
953,0.7495694160461426,0.7230779528617859,0.9583233594894409,0.05462367832660675,0.021902620792388916,73.948335878551,0
954,0.7491952776908875,0.7221047282218933,0.9542586207389832,0.05447739362716675,0.021925456821918488,74.02479489892721,0
955,0.751869261264801,0.7209637761116028,0.9743928909301758,0.054542310535907745,0.021892525255680084,74.1012858748436,0
956,0.7506595849990845,0.7233799695968628,0.9619461894035339,0.05458966642618179,0.021972104907035828,74.1779322847724,0
957,0.7502222657203674,0.7206953167915344,0.966827392578125,0.05435594171285629,0.021907217800617218,74.25426176935434,0
958,0.7455418109893799,0.7195878624916077,0.9743471741676331,0.05436977744102478,0.021862395107746124,74.33054818212986,0
959,0.748096227645874,0.7215678095817566,0.9623309969902039,0.05443744361400604,0.021923482418060303,74.4069641828537,0
960,0.7511637806892395,0.7216349244117737,0.9664101004600525,0.05452919751405716,0.021876737475395203,74.48342994600534,0
961,0.7531968951225281,0.72264164686203,0.9661388397216797,0.05465365946292877,0.021953687071800232,74.56011232733727,0
962,0.7484462857246399,0.7220711708068848,0.9676766991615295,0.05467252433300018,0.02192620187997818,74.63678097724915,0
963,0.7477801442146301,0.7210308909416199,0.9705464839935303,0.054535724222660065,0.02186962217092514,74.71325907111168,0
964,0.7482547760009766,0.7216013669967651,0.9722930192947388,0.05442763864994049,0.021843045949935913,74.78960364311934,0
965,0.7493678331375122,0.7235477566719055,0.9541249871253967,0.054524049162864685,0.02193092554807663,74.86611649394035,0
966,0.7511293292045593,0.7225745320320129,0.9693700671195984,0.05450174957513809,0.021890275180339813,74.94258499890566,0
967,0.7480847239494324,0.7235813140869141,0.969882607460022,0.0544542521238327,0.02192014455795288,75.01901467144489,0
968,0.7450525760650635,0.7224738597869873,0.9634144902229309,0.05439396947622299,0.021862074732780457,75.09532386809587,0
969,0.7486103773117065,0.7235477566719055,0.96274733543396,0.05454128235578537,0.022151723504066467,75.17207949608564,0
970,0.7453281283378601,0.7242189049720764,0.9607879519462585,0.05439484119415283,0.02185211330652237,75.24838123470545,0
971,0.7480407953262329,0.7219704985618591,0.9714168310165405,0.05461404472589493,0.021880701184272766,75.32492942363024,0
972,0.7436826229095459,0.7218698263168335,0.9716098308563232,0.05446144938468933,0.021902337670326233,75.4013469144702,0
973,0.7465966939926147,0.7229101061820984,0.9625753164291382,0.05439844727516174,0.02192281186580658,75.4777178838849,0
974,0.7467585206031799,0.7206953167915344,0.9746828079223633,0.0543796643614769,0.021886363625526428,75.55404164642096,0
975,0.7498241662979126,0.7233464121818542,0.9697521328926086,0.05453827232122421,0.021964289247989655,75.63059861212969,0
976,0.7462040781974792,0.7223396301269531,0.9650291800498962,0.05453288555145264,0.021867409348487854,75.7070751041174,0
977,0.7466716170310974,0.7199569940567017,0.9717402458190918,0.05448807030916214,0.02186107635498047,75.78348170220852,0
978,0.7472130656242371,0.7216684818267822,0.9672185182571411,0.054418325424194336,0.021870829164981842,75.85982311517,0
979,0.7479426860809326,0.7240846753120422,0.9626404047012329,0.054501041769981384,0.021957486867904663,75.93633577227592,0
980,0.7458769679069519,0.7204268574714661,0.9734694361686707,0.054480016231536865,0.021876506507396698,76.01274725794792,0
981,0.7488848567008972,0.7225745320320129,0.9650589227676392,0.05445967614650726,0.021896757185459137,76.08915353566408,0
982,0.7488082647323608,0.7209302186965942,0.9698119163513184,0.05450922250747681,0.02187533676624298,76.16559288650751,0
983,0.7450513243675232,0.7233128547668457,0.961443305015564,0.05443952977657318,0.02192007005214691,76.24201449751854,0
984,0.7495793700218201,0.7242860198020935,0.9612426161766052,0.054445765912532806,0.021895281970500946,76.31842212378979,0
985,0.7483407855033875,0.7201918959617615,0.9716877341270447,0.05437956750392914,0.02187318354845047,76.39472811669111,0
986,0.7446945309638977,0.7212993502616882,0.961541473865509,0.0544319674372673,0.021891817450523376,76.47110468149185,0
987,0.7457534074783325,0.7236484289169312,0.9663764238357544,0.05438148230314255,0.021868929266929626,76.54740777611732,0
988,0.7452182173728943,0.7220040559768677,0.9670743346214294,0.054995447397232056,0.021991640329360962,76.62445184588432,0
989,0.7433120012283325,0.721165120601654,0.9675406813621521,0.05451219528913498,0.02189120650291443,76.70093542337418,0
990,0.7464753985404968,0.7214000225067139,0.9637425541877747,0.0545072928071022,0.0218820720911026,76.7773812264204,0
991,0.7452489733695984,0.7206617593765259,0.9684106707572937,0.054457634687423706,0.021894201636314392,76.85378767549992,0
992,0.7447013854980469,0.7213664650917053,0.9644331932067871,0.05446528643369675,0.021880485117435455,76.9301881864667,0
993,0.744739294052124,0.7206617593765259,0.9667646288871765,0.05446247756481171,0.02185136079788208,77.00655633956194,0
994,0.7423166036605835,0.7209973335266113,0.9697874188423157,0.05450917035341263,0.021893754601478577,77.08301420509815,0
995,0.7447786331176758,0.722205400466919,0.9612862467765808,0.054459117352962494,0.021959654986858368,77.15949028730392,0
996,0.7433982491493225,0.7199569940567017,0.968224823474884,0.05452025681734085,0.021858572959899902,77.23592402040958,0
997,0.7428544163703918,0.7194200754165649,0.9739482998847961,0.054446615278720856,0.02186737209558487,77.31229228526354,0
998,0.7464712858200073,0.720728874206543,0.9654697775840759,0.054452069103717804,0.021895527839660645,77.38868825137615,0
999,0.7466813325881958,0.7230443954467773,0.9587182402610779,0.054443150758743286,0.021851278841495514,77.4650372043252,0
1000,0.7459926009178162,0.7214000225067139,0.970600962638855,0.0545036643743515,0.021956108510494232,77.54154581576586,0
