dataset,model,num_layers,hidden_dim,lr,split,best_step,train_metric_name,train_metric,train_acc,train_loss,train_roc_auc,train_f1_macro,train_f1_weighted,train_prec_macro,train_rec_macro,val_metric_name,val_metric,val_acc,val_loss,val_roc_auc,val_f1_macro,val_f1_weighted,val_prec_macro,val_rec_macro,test_metric_name,test_metric,test_acc,test_loss,test_roc_auc,test_f1_macro,test_f1_weighted,test_prec_macro,test_rec_macro
tolokers,ResNet,1,512,3e-05,0,230,roc_auc,0.739322953233928,0.7832964658737183,0.4549325704574585,0.739322953233928,,,,,roc_auc,0.7366529125916995,0.783599853515625,0.4617941081523895,0.7366529125916995,,,,,roc_auc,0.7219355039869425,0.7823129296302795,0.4693879187107086,0.7219355039869425,,,,
tolokers,ResNet,1,512,3e-05,1,460,roc_auc,0.7275188292778227,0.7817656397819519,0.4597148597240448,0.7275188292778227,,,,,roc_auc,0.7470102198343808,0.7822388410568237,0.4508277177810669,0.7470102198343808,,,,,roc_auc,0.7293007057471077,0.7826530933380127,0.46025213599205017,0.7293007057471077,,,,
tolokers,ResNet,1,512,3e-05,2,270,roc_auc,0.7269218819848768,0.7817656397819519,0.4640354812145233,0.7269218819848768,,,,,roc_auc,0.7300491236359636,0.781898558139801,0.46668246388435364,0.7300491236359636,,,,,roc_auc,0.7406365822644098,0.781632661819458,0.4539555013179779,0.7406365822644098,,,,
tolokers,ResNet,1,512,3e-05,3,1680,roc_auc,0.738241155852763,0.7826160788536072,0.450307160615921,0.738241155852763,,,,,roc_auc,0.7338752819042265,0.7842803597450256,0.457204133272171,0.7338752819042265,,,,,roc_auc,0.7333154388619116,0.7833333611488342,0.4599831700325012,0.7333154388619116,,,,
tolokers,ResNet,1,512,3e-05,4,850,roc_auc,0.7441660273225489,0.7834665775299072,0.44602328538894653,0.7441660273225489,,,,,roc_auc,0.7352564598667498,0.7812180519104004,0.4535861909389496,0.7352564598667498,,,,,roc_auc,0.7363768168988881,0.7823129296302795,0.4630945920944214,0.7363768168988881,,,,
tolokers,ResNet,1,512,3e-05,5,400,roc_auc,0.7390028572068158,0.7853376865386963,0.4554602801799774,0.7390028572068158,,,,,roc_auc,0.7295589734816548,0.7791765928268433,0.45613858103752136,0.7295589734816548,,,,,roc_auc,0.7159852533287784,0.7812924981117249,0.46473729610443115,0.7159852533287784,,,,
tolokers,ResNet,1,512,3e-05,6,4880,roc_auc,0.7631206301592697,0.7836366891860962,0.44044336676597595,0.7631206301592697,,,,,roc_auc,0.7447648297576812,0.7842803597450256,0.45583483576774597,0.7447648297576812,,,,,roc_auc,0.7410812327664039,0.7795918583869934,0.45592549443244934,0.7410812327664039,,,,
tolokers,ResNet,1,512,3e-05,7,440,roc_auc,0.739026260254096,0.7831264138221741,0.45097100734710693,0.739026260254096,,,,,roc_auc,0.7547409468180294,0.7853010892868042,0.4485620856285095,0.7547409468180294,,,,,roc_auc,0.711114771343902,0.7778911590576172,0.47178390622138977,0.711114771343902,,,,
tolokers,ResNet,1,512,3e-05,8,4990,roc_auc,0.7701933532632328,0.7851675748825073,0.4368744492530823,0.7701933532632328,,,,,roc_auc,0.7501642885558765,0.7832595705986023,0.45626887679100037,0.7501642885558765,,,,,roc_auc,0.7290377112428795,0.7775510549545288,0.46886807680130005,0.7290377112428795,,,,
tolokers,ResNet,1,512,3e-05,9,490,roc_auc,0.7407586793083822,0.7838068008422852,0.4505671560764313,0.7407586793083822,,,,,roc_auc,0.7168649670268796,0.7808778285980225,0.46153509616851807,0.7168649670268796,,,,,roc_auc,0.7335296302622624,0.7829931974411011,0.4513006806373596,0.7335296302622624,,,,
tolokers,ResNet,2,512,3e-05,0,140,roc_auc,0.7390560228250939,0.782275915145874,0.4508614242076874,0.7390560228250939,,,,,roc_auc,0.7366861776298729,0.7829193472862244,0.4597961902618408,0.7366861776298729,,,,,roc_auc,0.7203771937673014,0.7829931974411011,0.4675421714782715,0.7203771937673014,,,,
tolokers,ResNet,2,512,3e-05,1,810,roc_auc,0.7304070705693452,0.7826160788536072,0.45286205410957336,0.7304070705693452,,,,,roc_auc,0.7503217883284522,0.783599853515625,0.44919976592063904,0.7503217883284522,,,,,roc_auc,0.7293705212984879,0.781632661819458,0.45510080456733704,0.7293705212984879,,,,
tolokers,ResNet,2,512,3e-05,2,780,roc_auc,0.7461431608494831,0.7826160788536072,0.4472840428352356,0.7461431608494831,,,,,roc_auc,0.7317279897462218,0.7812180519104004,0.4617963433265686,0.7317279897462218,,,,,roc_auc,0.7423596029596371,0.7840136289596558,0.4414178133010864,0.7423596029596371,,,,
tolokers,ResNet,2,512,3e-05,3,170,roc_auc,0.7366041296542386,0.7827861905097961,0.4526975750923157,0.7366041296542386,,,,,roc_auc,0.73290991691887,0.781898558139801,0.4592812955379486,0.73290991691887,,,,,roc_auc,0.7338231267064141,0.7812924981117249,0.4590560495853424,0.7338231267064141,,,,
tolokers,ResNet,2,512,3e-05,4,460,roc_auc,0.7415328453289214,0.7841469645500183,0.4490649402141571,0.7415328453289214,,,,,roc_auc,0.7354105652476751,0.7808778285980225,0.4551195502281189,0.7354105652476751,,,,,roc_auc,0.7340254562412392,0.7806122303009033,0.4675007462501526,0.7340254562412392,,,,
tolokers,ResNet,2,512,3e-05,5,260,roc_auc,0.7382261473767897,0.7849974632263184,0.45725950598716736,0.7382261473767897,,,,,roc_auc,0.7286370567094225,0.7784960865974426,0.45719027519226074,0.7286370567094225,,,,,roc_auc,0.7151745795477037,0.781632661819458,0.4650775194168091,0.7151745795477037,,,,
tolokers,ResNet,2,512,3e-05,6,4840,roc_auc,0.7713388306752219,0.7863582372665405,0.4311818778514862,0.7713388306752219,,,,,roc_auc,0.74570270017067,0.7863218784332275,0.4617028832435608,0.74570270017067,,,,,roc_auc,0.7391758782525235,0.7772108912467957,0.46718353033065796,0.7391758782525235,,,,
tolokers,ResNet,2,512,3e-05,7,200,roc_auc,0.7375169332918183,0.7829563021659851,0.4508987069129944,0.7375169332918183,,,,,roc_auc,0.7540620684879615,0.7859815955162048,0.44833555817604065,0.7540620684879615,,,,,roc_auc,0.7094205580363799,0.7785714268684387,0.4722242057323456,0.7094205580363799,,,,
tolokers,ResNet,2,512,3e-05,8,3080,roc_auc,0.7699271012035949,0.7866984605789185,0.4335560202598572,0.7699271012035949,,,,,roc_auc,0.7509463563921146,0.7822388410568237,0.45569688081741333,0.7509463563921146,,,,,roc_auc,0.7263698082309146,0.7755101919174194,0.46917593479156494,0.7263698082309146,,,,
tolokers,ResNet,2,512,3e-05,9,4290,roc_auc,0.7693938339414734,0.7899302840232849,0.43022286891937256,0.7693938339414734,,,,,roc_auc,0.7357802144983973,0.7832595705986023,0.4610944986343384,0.7357802144983973,,,,,roc_auc,0.7370753113231335,0.7795918583869934,0.460206538438797,0.7370753113231335,,,,
tolokers,ResNet,3,512,3e-05,0,110,roc_auc,0.7381209184576781,0.7807450294494629,0.45053228735923767,0.7381209184576781,,,,,roc_auc,0.7342422156416283,0.7812180519104004,0.45985284447669983,0.7342422156416283,,,,,roc_auc,0.7204476871395687,0.7802721261978149,0.4671390950679779,0.7204476871395687,,,,
tolokers,ResNet,3,512,3e-05,1,460,roc_auc,0.7309412705616121,0.782446026802063,0.4526703655719757,0.7309412705616121,,,,,roc_auc,0.7496578453216458,0.783599853515625,0.4491145610809326,0.7496578453216458,,,,,roc_auc,0.7302571110189275,0.7823129296302795,0.45463451743125916,0.7302571110189275,,,,
tolokers,ResNet,3,512,3e-05,2,150,roc_auc,0.7276970655292108,0.7817656397819519,0.45650187134742737,0.7276970655292108,,,,,roc_auc,0.7313023330332691,0.781898558139801,0.46090036630630493,0.7313023330332691,,,,,roc_auc,0.7400278991077166,0.781632661819458,0.44642534852027893,0.7400278991077166,,,,
tolokers,ResNet,3,512,3e-05,3,180,roc_auc,0.7357163401432809,0.7826160788536072,0.45345747470855713,0.7357163401432809,,,,,roc_auc,0.729721904280871,0.7825790643692017,0.46176236867904663,0.729721904280871,,,,,roc_auc,0.7323258203666198,0.7819728255271912,0.46147119998931885,0.7323258203666198,,,,
tolokers,ResNet,3,512,3e-05,4,350,roc_auc,0.739249097965156,0.7841469645500183,0.4512890875339508,0.739249097965156,,,,,roc_auc,0.7346637990846004,0.7815583348274231,0.4551919102668762,0.7346637990846004,,,,,roc_auc,0.7320821437576763,0.7829931974411011,0.470458984375,0.7320821437576763,,,,
tolokers,ResNet,3,512,3e-05,5,210,roc_auc,0.7381264300448999,0.7843170762062073,0.4564085006713867,0.7381264300448999,,,,,roc_auc,0.7275569612862844,0.7791765928268433,0.4560163915157318,0.7275569612862844,,,,,roc_auc,0.7147272177621609,0.7823129296302795,0.4643598198890686,0.7147272177621609,,,,
tolokers,ResNet,3,512,3e-05,6,4610,roc_auc,0.7770890272269018,0.7916312217712402,0.4258238971233368,0.7770890272269018,,,,,roc_auc,0.7508380752984689,0.7849608659744263,0.46463412046432495,0.7508380752984689,,,,,roc_auc,0.7402027768966106,0.7778911590576172,0.471836656332016,0.7402027768966106,,,,
tolokers,ResNet,3,512,3e-05,7,170,roc_auc,0.7371080583136103,0.7829563021659851,0.45183229446411133,0.7371080583136103,,,,,roc_auc,0.7550579829981711,0.7853010892868042,0.44881492853164673,0.7550579829981711,,,,,roc_auc,0.7078225952948387,0.7778911590576172,0.4727060794830322,0.7078225952948387,,,,
tolokers,ResNet,3,512,3e-05,8,840,roc_auc,0.7468700120135643,0.781255304813385,0.4486039876937866,0.7468700120135643,,,,,roc_auc,0.7395690344585063,0.7829193472862244,0.44742274284362793,0.7395690344585063,,,,,roc_auc,0.7229732477652245,0.781632661819458,0.4613759219646454,0.7229732477652245,,,,
tolokers,ResNet,3,512,3e-05,9,3950,roc_auc,0.7705572028135211,0.7901003956794739,0.42862245440483093,0.7705572028135211,,,,,roc_auc,0.7357839483292126,0.7822388410568237,0.4600895047187805,0.7357839483292126,,,,,roc_auc,0.7381442348622261,0.7778911590576172,0.45957788825035095,0.7381442348622261,,,,
tolokers,ResNet,4,512,3e-05,0,80,roc_auc,0.7339762048668841,0.782275915145874,0.4515824615955353,0.7339762048668841,,,,,roc_auc,0.7348206199788462,0.7839400768280029,0.4587894082069397,0.7348206199788462,,,,,roc_auc,0.7191937184982743,0.7850340008735657,0.4670162796974182,0.7191937184982743,,,,
tolokers,ResNet,4,512,3e-05,1,590,roc_auc,0.7305638540273931,0.782446026802063,0.45234641432762146,0.7305638540273931,,,,,roc_auc,0.7496985780214498,0.783599853515625,0.4495442807674408,0.7496985780214498,,,,,roc_auc,0.7303848802561621,0.7823129296302795,0.45410871505737305,0.7303848802561621,,,,
tolokers,ResNet,4,512,3e-05,2,900,roc_auc,0.7460414932636532,0.7826160788536072,0.44710248708724976,0.7460414932636532,,,,,roc_auc,0.7321427844058933,0.7815583348274231,0.4624604880809784,0.7321427844058933,,,,,roc_auc,0.7434190370063092,0.7829931974411011,0.4415530264377594,0.7434190370063092,,,,
tolokers,ResNet,4,512,3e-05,3,250,roc_auc,0.7375836658940269,0.7831264138221741,0.45377317070961,0.7375836658940269,,,,,roc_auc,0.7311570530706346,0.7832595705986023,0.46138668060302734,0.7311570530706346,,,,,roc_auc,0.7364035908239319,0.7829931974411011,0.4625677764415741,0.7364035908239319,,,,
tolokers,ResNet,4,512,3e-05,4,390,roc_auc,0.7399343154472999,0.7831264138221741,0.4507301449775696,0.7399343154472999,,,,,roc_auc,0.7339862785111927,0.7805375456809998,0.4560779333114624,0.7339862785111927,,,,,roc_auc,0.7339786866000233,0.7802721261978149,0.4686499536037445,0.7339786866000233,,,,
tolokers,ResNet,4,512,3e-05,5,130,roc_auc,0.7386324785455107,0.7819356918334961,0.45530250668525696,0.7386324785455107,,,,,roc_auc,0.7296485854212237,0.7771350741386414,0.4537901282310486,0.7296485854212237,,,,,roc_auc,0.7149664885353374,0.781632661819458,0.46254509687423706,0.7149664885353374,,,,
tolokers,ResNet,4,512,3e-05,6,4340,roc_auc,0.7764096605065776,0.7931621074676514,0.42569246888160706,0.7764096605065776,,,,,roc_auc,0.7511476438169798,0.781898558139801,0.4639863669872284,0.7511476438169798,,,,,roc_auc,0.7397791388421192,0.7785714268684387,0.47029057145118713,0.7397791388421192,,,,
tolokers,ResNet,4,512,3e-05,7,170,roc_auc,0.7362044971838333,0.7843170762062073,0.4522479176521301,0.7362044971838333,,,,,roc_auc,0.7525529219602205,0.7853010892868042,0.4499821364879608,0.7525529219602205,,,,,roc_auc,0.7066479316973449,0.7789115905761719,0.47322890162467957,0.7066479316973449,,,,
tolokers,ResNet,4,512,3e-05,8,800,roc_auc,0.7501430468868182,0.7815955281257629,0.4451679587364197,0.7501430468868182,,,,,roc_auc,0.7401698417806164,0.7842803597450256,0.44714075326919556,0.7401698417806164,,,,,roc_auc,0.723852381455905,0.7829931974411011,0.45879578590393066,0.723852381455905,,,,
tolokers,ResNet,4,512,3e-05,9,3600,roc_auc,0.771327298738881,0.790440559387207,0.4283176064491272,0.771327298738881,,,,,roc_auc,0.7385510564025695,0.7812180519104004,0.46092480421066284,0.7385510564025695,,,,,roc_auc,0.741405231150479,0.7802721261978149,0.4578595757484436,0.741405231150479,,,,
tolokers,ResNet,5,512,3e-05,0,100,roc_auc,0.733785249568061,0.7819356918334961,0.45188888907432556,0.733785249568061,,,,,roc_auc,0.7339855996328626,0.7808778285980225,0.4595664143562317,0.7339855996328626,,,,,roc_auc,0.7190920453651964,0.7823129296302795,0.4680943191051483,0.7190920453651964,,,,
tolokers,ResNet,5,512,3e-05,1,840,roc_auc,0.7312869742708933,0.782275915145874,0.4504120945930481,0.7312869742708933,,,,,roc_auc,0.7481439466455942,0.7839400768280029,0.4485887289047241,0.7481439466455942,,,,,roc_auc,0.7314568539892472,0.7826530933380127,0.4535834789276123,0.7314568539892472,,,,
tolokers,ResNet,5,512,3e-05,2,150,roc_auc,0.7287488459584294,0.7838068008422852,0.45590269565582275,0.7287488459584294,,,,,roc_auc,0.7308345858638522,0.7822388410568237,0.4620068669319153,0.7308345858638522,,,,,roc_auc,0.7421596457979172,0.7840136289596558,0.44490453600883484,0.7421596457979172,,,,
tolokers,ResNet,5,512,3e-05,3,140,roc_auc,0.7360879059156797,0.782446026802063,0.45395779609680176,0.7360879059156797,,,,,roc_auc,0.7298902661067278,0.7812180519104004,0.46194225549697876,0.7298902661067278,,,,,roc_auc,0.7323034522773426,0.7826530933380127,0.4610144793987274,0.7323034522773426,,,,
tolokers,ResNet,5,512,3e-05,4,4700,roc_auc,0.7846989181008664,0.789590060710907,0.4186483919620514,0.7846989181008664,,,,,roc_auc,0.7526418550214593,0.776114284992218,0.4632273018360138,0.7526418550214593,,,,,roc_auc,0.7279779382857638,0.7795918583869934,0.4846014082431793,0.7279779382857638,,,,
tolokers,ResNet,5,512,3e-05,5,150,roc_auc,0.737913767571788,0.7827861905097961,0.4551506042480469,0.737913767571788,,,,,roc_auc,0.7285046754350591,0.7771350741386414,0.45338207483291626,0.7285046754350591,,,,,roc_auc,0.7139795813235944,0.7812924981117249,0.4617057740688324,0.7139795813235944,,,,
tolokers,ResNet,5,512,3e-05,6,4030,roc_auc,0.775452848964873,0.7918013334274292,0.4254947900772095,0.775452848964873,,,,,roc_auc,0.751900519885025,0.781898558139801,0.4591921865940094,0.751900519885025,,,,,roc_auc,0.7416844933559997,0.7778911590576172,0.46763142943382263,0.7416844933559997,,,,
tolokers,ResNet,5,512,3e-05,7,100,roc_auc,0.7371953957726636,0.7804048657417297,0.45371171832084656,0.7371953957726636,,,,,roc_auc,0.753808167992516,0.7870023846626282,0.45128700137138367,0.753808167992516,,,,,roc_auc,0.7069149931268962,0.776190459728241,0.4755839407444,0.7069149931268962,,,,
tolokers,ResNet,5,512,3e-05,8,870,roc_auc,0.7496203788308923,0.7821058034896851,0.44461488723754883,0.7496203788308923,,,,,roc_auc,0.7401005961909495,0.7846205830574036,0.448394775390625,0.7401005961909495,,,,,roc_auc,0.7227048306938988,0.7819728255271912,0.45963799953460693,0.7227048306938988,,,,
tolokers,ResNet,5,512,3e-05,9,730,roc_auc,0.7457201253317975,0.7826160788536072,0.4455738961696625,0.7457201253317975,,,,,roc_auc,0.7210577195933792,0.7812180519104004,0.4583252966403961,0.7210577195933792,,,,,roc_auc,0.7366130374780726,0.781632661819458,0.4488135874271393,0.7366130374780726,,,,
tolokers,GCN,1,512,3e-05,0,2170,roc_auc,0.8477580898229304,0.8166354894638062,0.37996187806129456,0.8477580898229304,,,,,roc_auc,0.8144981935047636,0.8040149211883545,0.4197149872779846,0.8144981935047636,,,,,roc_auc,0.8052779879022529,0.7982993125915527,0.42756903171539307,0.8052779879022529,,,,
tolokers,GCN,1,512,3e-05,1,4700,roc_auc,0.8556106601219536,0.8191869258880615,0.3632962107658386,0.8556106601219536,,,,,roc_auc,0.8280669346878313,0.8060564398765564,0.4088614284992218,0.8280669346878313,,,,,roc_auc,0.8160448337847621,0.807823121547699,0.41120555996894836,0.8160448337847621,,,,
tolokers,GCN,1,512,3e-05,2,3230,roc_auc,0.8514299092300941,0.8147644400596619,0.3790602385997772,0.8514299092300941,,,,,roc_auc,0.8126064990380295,0.8012929558753967,0.4241541028022766,0.8126064990380295,,,,,roc_auc,0.8223899151097122,0.8136054277420044,0.4122098684310913,0.8223899151097122,,,,
tolokers,GCN,1,512,3e-05,3,3560,roc_auc,0.8571591617503308,0.8202075362205505,0.36960744857788086,0.8571591617503308,,,,,roc_auc,0.814979857679947,0.7965294122695923,0.4242929220199585,0.814979857679947,,,,,roc_auc,0.8203747536121073,0.8010204434394836,0.4284040927886963,0.8203747536121073,,,,
tolokers,GCN,1,512,3e-05,4,4990,roc_auc,0.8614485333072848,0.8261609077453613,0.3564291298389435,0.8614485333072848,,,,,roc_auc,0.8051741390804457,0.8029941916465759,0.454716295003891,0.8051741390804457,,,,,roc_auc,0.8274661157338496,0.8064625859260559,0.4257601201534271,0.8274661157338496,,,,
tolokers,GCN,1,512,3e-05,5,4550,roc_auc,0.857643248695704,0.8273516297340393,0.36180078983306885,0.857643248695704,,,,,roc_auc,0.8435178660410124,0.8111602067947388,0.3981640934944153,0.8435178660410124,,,,,roc_auc,0.8077510174091516,0.7993197441101074,0.43597495555877686,0.8077510174091516,,,,
tolokers,GCN,1,512,3e-05,6,4160,roc_auc,0.8619532251095026,0.824289858341217,0.3600205183029175,0.8619532251095026,,,,,roc_auc,0.8189214252643212,0.8033344149589539,0.4239310324192047,0.8189214252643212,,,,,roc_auc,0.8209461566200054,0.8017007112503052,0.4145108461380005,0.8209461566200054,,,,
tolokers,GCN,1,512,3e-05,7,2860,roc_auc,0.8493174450384523,0.8229290843009949,0.3713502287864685,0.8493174450384523,,,,,roc_auc,0.8292505590563048,0.8033344149589539,0.40248537063598633,0.8292505590563048,,,,,roc_auc,0.8069850798066314,0.7972789406776428,0.4333285093307495,0.8069850798066314,,,,
tolokers,GCN,1,512,3e-05,8,4700,roc_auc,0.8567614795338655,0.8232693076133728,0.3648313879966736,0.8567614795338655,,,,,roc_auc,0.819738794773723,0.7978904247283936,0.4232217073440552,0.819738794773723,,,,,roc_auc,0.8274478145698955,0.8085033893585205,0.4055793583393097,0.8274478145698955,,,,
tolokers,GCN,1,512,3e-05,9,2830,roc_auc,0.8459616515632219,0.8196972608566284,0.3733536899089813,0.8459616515632219,,,,,roc_auc,0.8111462317500533,0.8036746978759766,0.4203302264213562,0.8111462317500533,,,,,roc_auc,0.8250018978984841,0.8040816187858582,0.40605852007865906,0.8250018978984841,,,,
tolokers,GCN,2,512,3e-05,0,1040,roc_auc,0.8554556573305468,0.8237795829772949,0.3754573166370392,0.8554556573305468,,,,,roc_auc,0.8367691365618071,0.8097992539405823,0.40218931436538696,0.8367691365618071,,,,,roc_auc,0.8285340225416112,0.8122448921203613,0.41084760427474976,0.8285340225416112,,,,
tolokers,GCN,2,512,3e-05,1,1180,roc_auc,0.8531307850467417,0.8271815180778503,0.37355130910873413,0.8531307850467417,,,,,roc_auc,0.8405090772821513,0.8159237504005432,0.3971388638019562,0.8405090772821513,,,,,roc_auc,0.8400525717880103,0.82517009973526,0.39278265833854675,0.8400525717880103,,,,
tolokers,GCN,2,512,3e-05,2,3230,roc_auc,0.873462012784169,0.8395985960960388,0.3590206801891327,0.873462012784169,,,,,roc_auc,0.8273965423368894,0.8166042566299438,0.44117435812950134,0.8273965423368894,,,,,roc_auc,0.841934202570839,0.8207483291625977,0.4230434000492096,0.841934202570839,,,,
tolokers,GCN,2,512,3e-05,3,2590,roc_auc,0.8678256941038567,0.8297329545021057,0.3574727475643158,0.8678256941038567,,,,,roc_auc,0.8265662741392164,0.8080979585647583,0.42427900433540344,0.8265662741392164,,,,,roc_auc,0.8314794932068792,0.8057823181152344,0.4213833510875702,0.8314794932068792,,,,
tolokers,GCN,2,512,3e-05,4,1040,roc_auc,0.8628825635087477,0.8293927907943726,0.3623180389404297,0.8628825635087477,,,,,roc_auc,0.8236647481565059,0.8040149211883545,0.42572134733200073,0.8236647481565059,,,,,roc_auc,0.8498823302939844,0.8176870942115784,0.3898605704307556,0.8498823302939844,,,,
tolokers,GCN,2,512,3e-05,5,940,roc_auc,0.8509303050468502,0.8278619050979614,0.3732450604438782,0.8509303050468502,,,,,roc_auc,0.8361011202850201,0.8210275173187256,0.39700445532798767,0.8361011202850201,,,,,roc_auc,0.8211983059900387,0.8074830174446106,0.41878101229667664,0.8211983059900387,,,,
tolokers,GCN,2,512,3e-05,6,1930,roc_auc,0.8605731236691636,0.8270114064216614,0.37310850620269775,0.8605731236691636,,,,,roc_auc,0.835579062849198,0.8128615021705627,0.4089849591255188,0.835579062849198,,,,,roc_auc,0.8278131600280888,0.7982993125915527,0.4243324398994446,0.8278131600280888,,,,
tolokers,GCN,2,512,3e-05,7,1950,roc_auc,0.8556793429781021,0.8232693076133728,0.37424546480178833,0.8556793429781021,,,,,roc_auc,0.835688362260339,0.8080979585647583,0.4073563814163208,0.835688362260339,,,,,roc_auc,0.8195234105778016,0.7969387769699097,0.43313661217689514,0.8195234105778016,,,,
tolokers,GCN,2,512,3e-05,8,1060,roc_auc,0.8541167656038968,0.8219085335731506,0.375765860080719,0.8541167656038968,,,,,roc_auc,0.8304671090237865,0.8053759336471558,0.41393107175827026,0.8304671090237865,,,,,roc_auc,0.8349465470448364,0.8102040886878967,0.4021746516227722,0.8349465470448364,,,,
tolokers,GCN,2,512,3e-05,9,1910,roc_auc,0.855148534731818,0.8111923933029175,0.3859935700893402,0.855148534731818,,,,,roc_auc,0.8243768915247471,0.7910853624343872,0.44085898995399475,0.8243768915247471,,,,,roc_auc,0.8357562040945804,0.7982993125915527,0.4240712821483612,0.8357562040945804,,,,
tolokers,GCN,3,512,3e-05,0,860,roc_auc,0.8572064766067888,0.8270114064216614,0.3714151382446289,0.8572064766067888,,,,,roc_auc,0.8462544245895163,0.820347011089325,0.3871515989303589,0.8462544245895163,,,,,roc_auc,0.8353901808154999,0.8156462907791138,0.3961009085178375,0.8353901808154999,,,,
tolokers,GCN,3,512,3e-05,1,1960,roc_auc,0.8641166502845337,0.8297329545021057,0.36192288994789124,0.8641166502845337,,,,,roc_auc,0.8469170098396624,0.818305492401123,0.39524397253990173,0.8469170098396624,,,,,roc_auc,0.8516453424215557,0.8214285969734192,0.37977519631385803,0.8516453424215557,,,,
tolokers,GCN,3,512,3e-05,2,1750,roc_auc,0.8744089882625239,0.8346657752990723,0.3535497784614563,0.8744089882625239,,,,,roc_auc,0.8378030682585007,0.818305492401123,0.40557175874710083,0.8378030682585007,,,,,roc_auc,0.8519059645526788,0.8285714387893677,0.39817458391189575,0.8519059645526788,,,,
tolokers,GCN,3,512,3e-05,3,1390,roc_auc,0.8615406192107136,0.8300731778144836,0.3701855540275574,0.8615406192107136,,,,,roc_auc,0.8306028846898,0.8155835270881653,0.4118342101573944,0.8306028846898,,,,,roc_auc,0.8387362436250946,0.8193877935409546,0.40465131402015686,0.8387362436250946,,,,
tolokers,GCN,3,512,3e-05,4,1190,roc_auc,0.8661172716523976,0.8353461623191833,0.356965571641922,0.8661172716523976,,,,,roc_auc,0.8236912244113787,0.8091187477111816,0.42212769389152527,0.8236912244113787,,,,,roc_auc,0.8522513142947004,0.8214285969734192,0.38303911685943604,0.8522513142947004,,,,
tolokers,GCN,3,512,3e-05,5,860,roc_auc,0.8596840622534626,0.8339853882789612,0.36426666378974915,0.8596840622534626,,,,,roc_auc,0.8461688859199277,0.818305492401123,0.38900887966156006,0.8461688859199277,,,,,roc_auc,0.8306559408289478,0.8112245202064514,0.40650510787963867,0.8306559408289478,,,,
tolokers,GCN,3,512,3e-05,6,1800,roc_auc,0.8721396558191847,0.8310937285423279,0.3546982407569885,0.8721396558191847,,,,,roc_auc,0.8515917660205102,0.8295338153839111,0.38764339685440063,0.8515917660205102,,,,,roc_auc,0.8375473457889698,0.8085033893585205,0.40538662672042847,0.8375473457889698,,,,
tolokers,GCN,3,512,3e-05,7,1250,roc_auc,0.8607849382057801,0.8275216817855835,0.3697585165500641,0.8607849382057801,,,,,roc_auc,0.8398010071838904,0.8060564398765564,0.4075678288936615,0.8398010071838904,,,,,roc_auc,0.8319071981866937,0.8040816187858582,0.4211239814758301,0.8319071981866937,,,,
tolokers,GCN,3,512,3e-05,8,1250,roc_auc,0.8656066442947101,0.8344956636428833,0.36178866028785706,0.8656066442947101,,,,,roc_auc,0.8379435960728246,0.8149030208587646,0.40660515427589417,0.8379435960728246,,,,,roc_auc,0.8463085196662952,0.8187074661254883,0.3919832706451416,0.8463085196662952,,,,
tolokers,GCN,3,512,3e-05,9,1920,roc_auc,0.871835077029943,0.8358564376831055,0.3530725836753845,0.871835077029943,,,,,roc_auc,0.8359273274325228,0.8149030208587646,0.4140094816684723,0.8359273274325228,,,,,roc_auc,0.8442757348256237,0.8129251599311829,0.40111541748046875,0.8442757348256237,,,,
tolokers,GCN,4,512,3e-05,0,720,roc_auc,0.8501677557563019,0.8203776478767395,0.3778568506240845,0.8501677557563019,,,,,roc_auc,0.8424051844580311,0.8210275173187256,0.3884618580341339,0.8424051844580311,,,,,roc_auc,0.8304393770554919,0.8170068264007568,0.40146735310554504,0.8304393770554919,,,,
tolokers,GCN,4,512,3e-05,1,1380,roc_auc,0.8608648138236713,0.8276917934417725,0.3705129623413086,0.8608648138236713,,,,,roc_auc,0.8447493513317557,0.8172847628593445,0.40015482902526855,0.8447493513317557,,,,,roc_auc,0.8426025339656048,0.8214285969734192,0.3932386040687561,0.8426025339656048,,,,
tolokers,GCN,4,512,3e-05,2,1190,roc_auc,0.8629299631588551,0.8220785856246948,0.37050551176071167,0.8629299631588551,,,,,roc_auc,0.8283374677023636,0.7965294122695923,0.4169507324695587,0.8283374677023636,,,,,roc_auc,0.8410591358054816,0.8074830174446106,0.4092023968696594,0.8410591358054816,,,,
tolokers,GCN,4,512,3e-05,3,970,roc_auc,0.8566322540119267,0.8248001337051392,0.37149786949157715,0.8566322540119267,,,,,roc_auc,0.8256110923288106,0.814222514629364,0.40797412395477295,0.8256110923288106,,,,,roc_auc,0.8374233045666148,0.8221088647842407,0.39419451355934143,0.8374233045666148,,,,
tolokers,GCN,4,512,3e-05,4,1030,roc_auc,0.8636362094660918,0.832794725894928,0.3627278506755829,0.8636362094660918,,,,,roc_auc,0.8241189177593213,0.8118407130241394,0.42268049716949463,0.8241189177593213,,,,,roc_auc,0.8537228634407815,0.8217687010765076,0.3826468884944916,0.8537228634407815,,,,
tolokers,GCN,4,512,3e-05,5,860,roc_auc,0.8595229543192868,0.8319442272186279,0.3660193085670471,0.8595229543192868,,,,,roc_auc,0.8465259759215434,0.818305492401123,0.38923871517181396,0.8465259759215434,,,,,roc_auc,0.8264060038662903,0.8047618865966797,0.4083253741264343,0.8264060038662903,,,,
tolokers,GCN,4,512,3e-05,6,1600,roc_auc,0.8665271641544005,0.8203776478767395,0.37253841757774353,0.8665271641544005,,,,,roc_auc,0.8466149089827824,0.8080979585647583,0.3999893069267273,0.8466149089827824,,,,,roc_auc,0.8315282963107564,0.7843537330627441,0.4220024049282074,0.8315282963107564,,,,
tolokers,GCN,4,512,3e-05,7,1150,roc_auc,0.8592829034973649,0.8310937285423279,0.38116735219955444,0.8592829034973649,,,,,roc_auc,0.840884496998679,0.8145627379417419,0.41922810673713684,0.840884496998679,,,,,roc_auc,0.826958427889347,0.8139455914497375,0.4333227872848511,0.826958427889347,,,,
tolokers,GCN,4,512,3e-05,8,790,roc_auc,0.8620383579336669,0.8290525674819946,0.36591851711273193,0.8620383579336669,,,,,roc_auc,0.8376781546457681,0.8152432441711426,0.4033489525318146,0.8376781546457681,,,,,roc_auc,0.8457584680163436,0.8190476298332214,0.39317843317985535,0.8457584680163436,,,,
tolokers,GCN,4,512,3e-05,9,990,roc_auc,0.8627778433515335,0.8341554999351501,0.3646542727947235,0.8627778433515335,,,,,roc_auc,0.8304793288337278,0.8162640333175659,0.410155326128006,0.8304793288337278,,,,,roc_auc,0.8378147461289649,0.8142857551574707,0.40220052003860474,0.8378147461289649,,,,
tolokers,GCN,5,512,3e-05,0,670,roc_auc,0.851162554853012,0.8140840530395508,0.3850809931755066,0.851162554853012,,,,,roc_auc,0.8406604671497565,0.8111602067947388,0.40082988142967224,0.8406604671497565,,,,,roc_auc,0.8305803638000266,0.7993197441101074,0.415552020072937,0.8305803638000266,,,,
tolokers,GCN,5,512,3e-05,1,1000,roc_auc,0.8513942111036267,0.8219085335731506,0.38144737482070923,0.8513942111036267,,,,,roc_auc,0.8384554703336959,0.814222514629364,0.40496811270713806,0.8384554703336959,,,,,roc_auc,0.8338247534765434,0.8122448921203613,0.402848482131958,0.8338247534765434,,,,
tolokers,GCN,5,512,3e-05,2,1130,roc_auc,0.8644582838986358,0.8290525674819946,0.36869820952415466,0.8644582838986358,,,,,roc_auc,0.8291412596451638,0.8070772290229797,0.41811543703079224,0.8291412596451638,,,,,roc_auc,0.8361218884632174,0.8115646243095398,0.4186490774154663,0.8361218884632174,,,,
tolokers,GCN,5,512,3e-05,3,640,roc_auc,0.8529879077472227,0.8232693076133728,0.37580862641334534,0.8529879077472227,,,,,roc_auc,0.8229763655298169,0.8094589710235596,0.40961092710494995,0.8229763655298169,,,,,roc_auc,0.8353634068904561,0.8187074661254883,0.39549097418785095,0.8353634068904561,,,,
tolokers,GCN,5,512,3e-05,4,980,roc_auc,0.8614809244814191,0.8310937285423279,0.365037202835083,0.8614809244814191,,,,,roc_auc,0.8204312506703922,0.8118407130241394,0.4278784990310669,0.8204312506703922,,,,,roc_auc,0.8510515713243807,0.8248299360275269,0.3836367726325989,0.8510515713243807,,,,
tolokers,GCN,5,512,3e-05,5,790,roc_auc,0.857664955869993,0.832624614238739,0.36589425802230835,0.857664955869993,,,,,roc_auc,0.8455891238260496,0.8196665048599243,0.38588809967041016,0.8455891238260496,,,,,roc_auc,0.8233707219334705,0.8034013509750366,0.40838122367858887,0.8233707219334705,,,,
tolokers,GCN,5,512,3e-05,6,1040,roc_auc,0.8597324794273647,0.8319442272186279,0.37168651819229126,0.8597324794273647,,,,,roc_auc,0.8467676566070477,0.8244300484657288,0.3941437304019928,0.8467676566070477,,,,,roc_auc,0.8339569285495446,0.8136054277420044,0.41133809089660645,0.8339569285495446,,,,
tolokers,GCN,5,512,3e-05,7,990,roc_auc,0.8559640800533455,0.8263310194015503,0.3751353919506073,0.8559640800533455,,,,,roc_auc,0.841475800024168,0.8087784647941589,0.4017830193042755,0.841475800024168,,,,,roc_auc,0.8243623738914241,0.8017007112503052,0.4244438409805298,0.8243623738914241,,,,
tolokers,GCN,5,512,3e-05,8,560,roc_auc,0.8568342324851933,0.8273516297340393,0.3739235997200012,0.8568342324851933,,,,,roc_auc,0.8370406878938343,0.8155835270881653,0.4017285406589508,0.8370406878938343,,,,,roc_auc,0.8405101008868608,0.8139455914497375,0.39910444617271423,0.8405101008868608,,,,
tolokers,GCN,5,512,3e-05,9,1100,roc_auc,0.8572922877801498,0.8230991959571838,0.3738378584384918,0.8572922877801498,,,,,roc_auc,0.826654528322125,0.8023136854171753,0.41377341747283936,0.826654528322125,,,,,roc_auc,0.8303051685198289,0.8081632852554321,0.41035380959510803,0.8303051685198289,,,,
tolokers,SAGE,1,512,3e-05,0,1880,roc_auc,0.8612267979136692,0.8225889205932617,0.36104118824005127,0.8612267979136692,,,,,roc_auc,0.8058550540455037,0.7985709309577942,0.43349775671958923,0.8058550540455037,,,,,roc_auc,0.7995426064653268,0.7843537330627441,0.4344363212585449,0.7995426064653268,,,,
tolokers,SAGE,1,512,3e-05,1,520,roc_auc,0.8032512598640453,0.7892498970031738,0.4141806662082672,0.8032512598640453,,,,,roc_auc,0.8021015357585585,0.7924463748931885,0.4195888936519623,0.8021015357585585,,,,,roc_auc,0.7867256913095227,0.7901360392570496,0.4222724437713623,0.7867256913095227,,,,
tolokers,SAGE,1,512,3e-05,2,1090,roc_auc,0.8320570193200634,0.8045586347579956,0.38742172718048096,0.8320570193200634,,,,,roc_auc,0.7972237949570202,0.7890438437461853,0.4318506121635437,0.7972237949570202,,,,,roc_auc,0.8112187490679963,0.7996598482131958,0.40627583861351013,0.8112187490679963,,,,
tolokers,SAGE,1,512,3e-05,3,2100,roc_auc,0.8483624989570382,0.8159551024436951,0.37267202138900757,0.8483624989570382,,,,,roc_auc,0.8121462195302434,0.7961891293525696,0.4205075800418854,0.8121462195302434,,,,,roc_auc,0.8139893419443699,0.8051020503044128,0.42640629410743713,0.8139893419443699,,,,
tolokers,SAGE,1,512,3e-05,4,2340,roc_auc,0.8611254695024377,0.824459969997406,0.3614248037338257,0.8611254695024377,,,,,roc_auc,0.8072698364853654,0.7992514371871948,0.4344748556613922,0.8072698364853654,,,,,roc_auc,0.8066665039896538,0.7891156673431396,0.4437471330165863,0.8066665039896538,,,,
tolokers,SAGE,1,512,3e-05,5,1700,roc_auc,0.8467871177417483,0.8173158764839172,0.37813276052474976,0.8467871177417483,,,,,roc_auc,0.8188039793132196,0.8006124496459961,0.4123815894126892,0.8188039793132196,,,,,roc_auc,0.798560443999794,0.7874149680137634,0.42982327938079834,0.798560443999794,,,,
tolokers,SAGE,1,512,3e-05,6,3230,roc_auc,0.8813987831772113,0.833645224571228,0.3361426591873169,0.8813987831772113,,,,,roc_auc,0.8079914841502275,0.7968696355819702,0.4581299126148224,0.8079914841502275,,,,,roc_auc,0.8056612956139566,0.7969387769699097,0.4507175087928772,0.8056612956139566,,,,
tolokers,SAGE,1,512,3e-05,7,2160,roc_auc,0.8534416385660513,0.8178261518478394,0.3745957911014557,0.8534416385660513,,,,,roc_auc,0.8048360576720719,0.7924463748931885,0.43814194202423096,0.8048360576720719,,,,,roc_auc,0.7933025873778905,0.7925170063972473,0.4500459134578705,0.7933025873778905,,,,
tolokers,SAGE,1,512,3e-05,8,1640,roc_auc,0.8428581191954507,0.815274715423584,0.37672677636146545,0.8428581191954507,,,,,roc_auc,0.8158155569042606,0.7941476702690125,0.4205979108810425,0.8158155569042606,,,,,roc_auc,0.8056104590474176,0.7925170063972473,0.4283495545387268,0.8056104590474176,,,,
tolokers,SAGE,1,512,3e-05,9,1790,roc_auc,0.8505433916238796,0.824459969997406,0.3709007501602173,0.8505433916238796,,,,,roc_auc,0.8037451001956527,0.7934671640396118,0.43130627274513245,0.8037451001956527,,,,,roc_auc,0.8127733312727579,0.7891156673431396,0.41519924998283386,0.8127733312727579,,,,
tolokers,SAGE,2,512,3e-05,0,940,roc_auc,0.8590890652144568,0.8203776478767395,0.3797239363193512,0.8590890652144568,,,,,roc_auc,0.8288018204801301,0.8050357103347778,0.42050302028656006,0.8288018204801301,,,,,roc_auc,0.8258878097980364,0.8020408153533936,0.42071741819381714,0.8258878097980364,,,,
tolokers,SAGE,2,512,3e-05,1,920,roc_auc,0.8548734641326255,0.8149345517158508,0.3870885968208313,0.8548734641326255,,,,,roc_auc,0.8231637359489158,0.7948281764984131,0.4422409236431122,0.8231637359489158,,,,,roc_auc,0.8238634977184549,0.8081632852554321,0.4320032298564911,0.8238634977184549,,,,
tolokers,SAGE,2,512,3e-05,2,880,roc_auc,0.859785814632942,0.8105120062828064,0.3888742923736572,0.859785814632942,,,,,roc_auc,0.8088930345725579,0.7995916604995728,0.45108938217163086,0.8088930345725579,,,,,roc_auc,0.8278680635199509,0.8108843564987183,0.4238297939300537,0.8278680635199509,,,,
tolokers,SAGE,2,512,3e-05,3,1380,roc_auc,0.8686571806315024,0.8271815180778503,0.3622131645679474,0.8686571806315024,,,,,roc_auc,0.8285370579314035,0.8019734621047974,0.4250800907611847,0.8285370579314035,,,,,roc_auc,0.831995992722915,0.8108843564987183,0.4312461018562317,0.831995992722915,,,,
tolokers,SAGE,2,512,3e-05,4,1260,roc_auc,0.873112747741606,0.8351760506629944,0.35549798607826233,0.873112747741606,,,,,roc_auc,0.8280591275870357,0.8053759336471558,0.4289056658744812,0.8280591275870357,,,,,roc_auc,0.8292453955627135,0.8085033893585205,0.4358042776584625,0.8292453955627135,,,,
tolokers,SAGE,2,512,3e-05,5,1100,roc_auc,0.8624827614510431,0.8270114064216614,0.36487916111946106,0.8624827614510431,,,,,roc_auc,0.8402517823950555,0.800952672958374,0.4094615578651428,0.8402517823950555,,,,,roc_auc,0.8233551320530652,0.8020408153533936,0.4208106994628906,0.8233551320530652,,,,
tolokers,SAGE,2,512,3e-05,6,1400,roc_auc,0.879184990574338,0.8302432298660278,0.37279006838798523,0.879184990574338,,,,,roc_auc,0.8268262845396321,0.8053759336471558,0.46709251403808594,0.8268262845396321,,,,,roc_auc,0.8300113331652338,0.809183657169342,0.4476795792579651,0.8300113331652338,,,,
tolokers,SAGE,2,512,3e-05,7,1050,roc_auc,0.8662732919675993,0.8251403570175171,0.3751731216907501,0.8662732919675993,,,,,roc_auc,0.834888643587519,0.8094589710235596,0.43516117334365845,0.834888643587519,,,,,roc_auc,0.8196915101578238,0.7982993125915527,0.44953954219818115,0.8196915101578238,,,,
tolokers,SAGE,2,512,3e-05,8,810,roc_auc,0.8513764044372177,0.815274715423584,0.3825018107891083,0.8513764044372177,,,,,roc_auc,0.8244977318674992,0.8002721667289734,0.42081281542778015,0.8244977318674992,,,,,roc_auc,0.8254306196096294,0.7993197441101074,0.422844260931015,0.8254306196096294,,,,
tolokers,SAGE,2,512,3e-05,9,1550,roc_auc,0.8826091277311187,0.8363667726516724,0.3557676672935486,0.8826091277311187,,,,,roc_auc,0.8236179055517312,0.8040149211883545,0.4632388651371002,0.8236179055517312,,,,,roc_auc,0.8282025681277774,0.8034013509750366,0.4510960578918457,0.8282025681277774,,,,
tolokers,SAGE,3,512,3e-05,0,780,roc_auc,0.8646160000868286,0.825310468673706,0.37637394666671753,0.8646160000868286,,,,,roc_auc,0.8325505866187651,0.8074174523353577,0.42248937487602234,0.8325505866187651,,,,,roc_auc,0.8286214614360584,0.809183657169342,0.42293286323547363,0.8286214614360584,,,,
tolokers,SAGE,3,512,3e-05,1,850,roc_auc,0.8551371723827762,0.8171457648277283,0.38979026675224304,0.8551371723827762,,,,,roc_auc,0.8236796834797674,0.7975501418113708,0.45271986722946167,0.8236796834797674,,,,,roc_auc,0.8256509113979649,0.8074830174446106,0.43713611364364624,0.8256509113979649,,,,
tolokers,SAGE,3,512,3e-05,2,330,roc_auc,0.8283714633416701,0.7970743775367737,0.407646507024765,0.8283714633416701,,,,,roc_auc,0.8076248898519909,0.7910853624343872,0.42990902066230774,0.8076248898519909,,,,,roc_auc,0.8182009820269014,0.7986394762992859,0.4108901619911194,0.8182009820269014,,,,
tolokers,SAGE,3,512,3e-05,3,710,roc_auc,0.8562550918586564,0.8185065388679504,0.3788788616657257,0.8562550918586564,,,,,roc_auc,0.8284182542236416,0.8036746978759766,0.4216175675392151,0.8284182542236416,,,,,roc_auc,0.8321071553484135,0.8085033893585205,0.4223858714103699,0.8321071553484135,,,,
tolokers,SAGE,3,512,3e-05,4,1180,roc_auc,0.8765360369618909,0.8341554999351501,0.36883869767189026,0.8765360369618909,,,,,roc_auc,0.8306863867243987,0.8077577352523804,0.4516541063785553,0.8306863867243987,,,,,roc_auc,0.8303563439968116,0.8095238208770752,0.45942407846450806,0.8303563439968116,,,,
tolokers,SAGE,3,512,3e-05,5,710,roc_auc,0.8536031704684748,0.8125531673431396,0.4065176248550415,0.8536031704684748,,,,,roc_auc,0.838867549480047,0.8012929558753967,0.4419654309749603,0.838867549480047,,,,,roc_auc,0.8230372340569749,0.7993197441101074,0.45213159918785095,0.8230372340569749,,,,
tolokers,SAGE,3,512,3e-05,6,1140,roc_auc,0.8747950537489985,0.8270114064216614,0.39047539234161377,0.8747950537489985,,,,,roc_auc,0.83210049028593,0.8077577352523804,0.46612095832824707,0.83210049028593,,,,,roc_auc,0.8300784374330651,0.8108843564987183,0.45847684144973755,0.8300784374330651,,,,
tolokers,SAGE,3,512,3e-05,7,830,roc_auc,0.8584812643343664,0.8210580348968506,0.37992754578590393,0.8584812643343664,,,,,roc_auc,0.8327393147945239,0.8118407130241394,0.4288981556892395,0.8327393147945239,,,,,roc_auc,0.8252367628358942,0.8020408153533936,0.43107467889785767,0.8252367628358942,,,,
tolokers,SAGE,3,512,3e-05,8,950,roc_auc,0.8651618168090861,0.823609471321106,0.39095205068588257,0.8651618168090861,,,,,roc_auc,0.8213416265110134,0.7999319434165955,0.4697549641132355,0.8213416265110134,,,,,roc_auc,0.8242118976544687,0.7986394762992859,0.46652132272720337,0.8242118976544687,,,,
tolokers,SAGE,3,512,3e-05,9,1110,roc_auc,0.8690034778963307,0.8305834531784058,0.36730751395225525,0.8690034778963307,,,,,roc_auc,0.8253999611681596,0.8050357103347778,0.4447200298309326,0.8253999611681596,,,,,roc_auc,0.8290762792513604,0.8030612468719482,0.43456968665122986,0.8290762792513604,,,,
tolokers,SAGE,4,512,3e-05,0,760,roc_auc,0.8684217934603067,0.8249702453613281,0.3714978098869324,0.8684217934603067,,,,,roc_auc,0.8359836743339185,0.808438241481781,0.4187154471874237,0.8359836743339185,,,,,roc_auc,0.8299086433008251,0.8085033893585205,0.42234930396080017,0.8299086433008251,,,,
tolokers,SAGE,4,512,3e-05,1,860,roc_auc,0.8647855025923115,0.8232693076133728,0.3595007658004761,0.8647855025923115,,,,,roc_auc,0.8234040588777599,0.8006124496459961,0.4374525845050812,0.8234040588777599,,,,,roc_auc,0.8284340439607515,0.809183657169342,0.4209223687648773,0.8284340439607515,,,,
tolokers,SAGE,4,512,3e-05,2,410,roc_auc,0.840115722981182,0.8014968633651733,0.3929644227027893,0.840115722981182,,,,,roc_auc,0.8087389291916323,0.795508623123169,0.42165568470954895,0.8087389291916323,,,,,roc_auc,0.8214362211214411,0.8047618865966797,0.40660741925239563,0.8214362211214411,,,,
tolokers,SAGE,4,512,3e-05,3,910,roc_auc,0.8613817159114265,0.8188467621803284,0.3881317377090454,0.8613817159114265,,,,,roc_auc,0.8273496997321146,0.8057162165641785,0.4403720200061798,0.8273496997321146,,,,,roc_auc,0.8310782232416648,0.8105442523956299,0.4424299895763397,0.8310782232416648,,,,
tolokers,SAGE,4,512,3e-05,4,1030,roc_auc,0.8709274458049868,0.8278619050979614,0.3651887774467468,0.8709274458049868,,,,,roc_auc,0.8313191013280218,0.8087784647941589,0.42885836958885193,0.8313191013280218,,,,,roc_auc,0.8351648053705105,0.8081632852554321,0.42882978916168213,0.8351648053705105,,,,
tolokers,SAGE,4,512,3e-05,5,880,roc_auc,0.8664636537108753,0.8275216817855835,0.37865832448005676,0.8664636537108753,,,,,roc_auc,0.845631893160844,0.8063967227935791,0.4287307858467102,0.845631893160844,,,,,roc_auc,0.8262277369729605,0.8037415146827698,0.4409058392047882,0.8262277369729605,,,,
tolokers,SAGE,4,512,3e-05,6,980,roc_auc,0.876039994111929,0.8287124037742615,0.380648672580719,0.876039994111929,,,,,roc_auc,0.8322892184616888,0.8070772290229797,0.4578736424446106,0.8322892184616888,,,,,roc_auc,0.8311765072703068,0.8108843564987183,0.44814765453338623,0.8311765072703068,,,,
tolokers,SAGE,4,512,3e-05,7,600,roc_auc,0.8564546961097351,0.8213981986045837,0.37518805265426636,0.8564546961097351,,,,,roc_auc,0.8317664821475366,0.8108199834823608,0.4200488030910492,0.8317664821475366,,,,,roc_auc,0.8246436695596062,0.8010204434394836,0.42014193534851074,0.8246436695596062,,,,
tolokers,SAGE,4,512,3e-05,8,490,roc_auc,0.8454126974759305,0.8127232789993286,0.3839697241783142,0.8454126974759305,,,,,roc_auc,0.821797832748819,0.800952672958374,0.41375258564949036,0.821797832748819,,,,,roc_auc,0.8252943776113051,0.8037415146827698,0.4142777621746063,0.8252943776113051,,,,
tolokers,SAGE,4,512,3e-05,9,1220,roc_auc,0.8679067568328418,0.8268412947654724,0.39884114265441895,0.8679067568328418,,,,,roc_auc,0.8242757386535671,0.8036746978759766,0.48297277092933655,0.8242757386535671,,,,,roc_auc,0.825733266635758,0.8030612468719482,0.4784180223941803,0.825733266635758,,,,
tolokers,SAGE,5,512,3e-05,0,740,roc_auc,0.8675572374093301,0.8271815180778503,0.3672286570072174,0.8675572374093301,,,,,roc_auc,0.8340149271767215,0.8033344149589539,0.4142027199268341,0.8340149271767215,,,,,roc_auc,0.8283544000065068,0.8071428537368774,0.4189823567867279,0.8283544000065068,,,,
tolokers,SAGE,5,512,3e-05,1,860,roc_auc,0.8631847680758014,0.8195271492004395,0.3732060492038727,0.8631847680758014,,,,,roc_auc,0.8249715889418866,0.7978904247283936,0.44312921166419983,0.8249715889418866,,,,,roc_auc,0.8295104235296032,0.8068027496337891,0.42787936329841614,0.8295104235296032,,,,
tolokers,SAGE,5,512,3e-05,2,470,roc_auc,0.8494046977038558,0.8101718425750732,0.38393932580947876,0.8494046977038558,,,,,roc_auc,0.8092406202775525,0.7972099184989929,0.42838719487190247,0.8092406202775525,,,,,roc_auc,0.8285591019144373,0.8125850558280945,0.4059440791606903,0.8285591019144373,,,,
tolokers,SAGE,5,512,3e-05,3,1110,roc_auc,0.869853619026881,0.8232693076133728,0.3928920030593872,0.869853619026881,,,,,roc_auc,0.8257142818349811,0.8063967227935791,0.47387635707855225,0.8257142818349811,,,,,roc_auc,0.8267300022503653,0.8122448921203613,0.47961369156837463,0.8267300022503653,,,,
tolokers,SAGE,5,512,3e-05,4,970,roc_auc,0.8714860663683288,0.8300731778144836,0.3495044708251953,0.8714860663683288,,,,,roc_auc,0.8322281194119826,0.8033344149589539,0.41250863671302795,0.8322281194119826,,,,,roc_auc,0.8336688546724906,0.8081632852554321,0.4129413962364197,0.8336688546724906,,,,
tolokers,SAGE,5,512,3e-05,5,760,roc_auc,0.8625002289428538,0.815444827079773,0.3902438282966614,0.8625002289428538,,,,,roc_auc,0.8427887507145193,0.800952672958374,0.4322337210178375,0.8427887507145193,,,,,roc_auc,0.8240471871788825,0.7996598482131958,0.4435560703277588,0.8240471871788825,,,,
tolokers,SAGE,5,512,3e-05,6,1100,roc_auc,0.8816409538403723,0.8321143388748169,0.3500478267669678,0.8816409538403723,,,,,roc_auc,0.8341418774244442,0.8074174523353577,0.432230144739151,0.8341418774244442,,,,,roc_auc,0.8348787649561179,0.8098639845848083,0.42429864406585693,0.8348787649561179,,,,
tolokers,SAGE,5,512,3e-05,7,630,roc_auc,0.8504452005776821,0.8191869258880615,0.39099717140197754,0.8504452005776821,,,,,roc_auc,0.8303435531677142,0.8060564398765564,0.43243131041526794,0.8303435531677142,,,,,roc_auc,0.8232724379048285,0.7986394762992859,0.4302685558795929,0.8232724379048285,,,,
tolokers,SAGE,5,512,3e-05,8,650,roc_auc,0.8600414674863839,0.825310468673706,0.3653568923473358,0.8600414674863839,,,,,roc_auc,0.8277902917683286,0.8074174523353577,0.42401617765426636,0.8277902917683286,,,,,roc_auc,0.8320515740356643,0.8051020503044128,0.41617316007614136,0.8320515740356643,,,,
tolokers,SAGE,5,512,3e-05,9,850,roc_auc,0.868128916194705,0.8290525674819946,0.35762348771095276,0.868128916194705,,,,,roc_auc,0.8274230185917619,0.8053759336471558,0.4240403473377228,0.8274230185917619,,,,,roc_auc,0.8300902992985909,0.8040816187858582,0.420044869184494,0.8300902992985909,,,,
tolokers,GAT,1,512,3e-05,0,840,roc_auc,0.8405180688483733,0.8098316192626953,0.38576340675354004,0.8405180688483733,,,,,roc_auc,0.8017783896734458,0.7941476702690125,0.4277936816215515,0.8017783896734458,,,,,roc_auc,0.80450900010574,0.7877551317214966,0.42156413197517395,0.80450900010574,,,,
tolokers,GAT,1,512,3e-05,1,2070,roc_auc,0.8574720503172301,0.8198673129081726,0.3644654154777527,0.8574720503172301,,,,,roc_auc,0.8193450453422837,0.7972099184989929,0.428781121969223,0.8193450453422837,,,,,roc_auc,0.8120002765509221,0.8030612468719482,0.43387168645858765,0.8120002765509221,,,,
tolokers,GAT,1,512,3e-05,2,1990,roc_auc,0.8809951654052763,0.8368770480155945,0.33673352003097534,0.8809951654052763,,,,,roc_auc,0.7994043521531984,0.7842803597450256,0.4513699412345886,0.7994043521531984,,,,,roc_auc,0.8256400662637698,0.8006802797317505,0.4141291379928589,0.8256400662637698,,,,
tolokers,GAT,1,512,3e-05,3,1210,roc_auc,0.8532683203463379,0.8140840530395508,0.3686538338661194,0.8532683203463379,,,,,roc_auc,0.8113804447739267,0.7781558036804199,0.4195321798324585,0.8113804447739267,,,,,roc_auc,0.819512226533163,0.8010204434394836,0.4163218140602112,0.819512226533163,,,,
tolokers,GAT,1,512,3e-05,4,1400,roc_auc,0.8621002572978502,0.8215683102607727,0.3595501184463501,0.8621002572978502,,,,,roc_auc,0.8083879490949872,0.795508623123169,0.4314561188220978,0.8083879490949872,,,,,roc_auc,0.8185819173654999,0.7965986728668213,0.4253557622432709,0.8185819173654999,,,,
tolokers,GAT,1,512,3e-05,5,2370,roc_auc,0.8807898799796765,0.8353461623191833,0.34455034136772156,0.8807898799796765,,,,,roc_auc,0.8357901940098491,0.8057162165641785,0.41353344917297363,0.8357901940098491,,,,,roc_auc,0.794105127308319,0.7914966344833374,0.45982620120048523,0.794105127308319,,,,
tolokers,GAT,1,512,3e-05,6,2120,roc_auc,0.8760274446517933,0.8295628428459167,0.34944868087768555,0.8760274446517933,,,,,roc_auc,0.815290444515953,0.806736946105957,0.42994922399520874,0.815290444515953,,,,,roc_auc,0.8153032977341803,0.7969387769699097,0.42037877440452576,0.8153032977341803,,,,
tolokers,GAT,1,512,3e-05,7,1130,roc_auc,0.8566773642334959,0.8174859881401062,0.36916404962539673,0.8566773642334959,,,,,roc_auc,0.8201664881216658,0.8053759336471558,0.4131264090538025,0.8201664881216658,,,,,roc_auc,0.8048167307885228,0.7921769022941589,0.4370388090610504,0.8048167307885228,,,,
tolokers,GAT,1,512,3e-05,8,1750,roc_auc,0.872700735398364,0.8230991959571838,0.36593055725097656,0.872700735398364,,,,,roc_auc,0.812991423051178,0.7995916604995728,0.4444328546524048,0.812991423051178,,,,,roc_auc,0.8087121674271818,0.7952380776405334,0.44567999243736267,0.8087121674271818,,,,
tolokers,GAT,1,512,3e-05,9,1540,roc_auc,0.8523338943281189,0.8181663751602173,0.37192466855049133,0.8523338943281189,,,,,roc_auc,0.8061836311572568,0.7900646328926086,0.425703763961792,0.8061836311572568,,,,,roc_auc,0.8201859804950262,0.801360547542572,0.4062524139881134,0.8201859804950262,,,,
tolokers,GAT,2,512,3e-05,0,750,roc_auc,0.8735796215761172,0.8360265493392944,0.35788384079933167,0.8735796215761172,,,,,roc_auc,0.8331642926291465,0.81252121925354,0.41431501507759094,0.8331642926291465,,,,,roc_auc,0.836042244508973,0.8159863948822021,0.4092046916484833,0.836042244508973,,,,
tolokers,GAT,2,512,3e-05,1,1060,roc_auc,0.8682796793036338,0.83245450258255,0.36124831438064575,0.8682796793036338,,,,,roc_auc,0.8406482473398152,0.81252121925354,0.41263169050216675,0.8406482473398152,,,,,roc_auc,0.841326197235033,0.8190476298332214,0.4045013189315796,0.841326197235033,,,,
tolokers,GAT,2,512,3e-05,2,1370,roc_auc,0.8955227765917972,0.8516754508018494,0.3260424733161926,0.8955227765917972,,,,,roc_auc,0.823755717852735,0.8057162165641785,0.44000935554504395,0.823755717852735,,,,,roc_auc,0.8455252976311515,0.8159863948822021,0.4095553159713745,0.8455252976311515,,,,
tolokers,GAT,2,512,3e-05,3,1480,roc_auc,0.8903348467303908,0.8453818559646606,0.3423072099685669,0.8903348467303908,,,,,roc_auc,0.8364806132715283,0.8111602067947388,0.4314586818218231,0.8364806132715283,,,,,roc_auc,0.8442089694682359,0.8193877935409546,0.4256312847137451,0.8442089694682359,,,,
tolokers,GAT,2,512,3e-05,4,1770,roc_auc,0.9144889961585084,0.8618813157081604,0.29307588934898376,0.9144889961585084,,,,,roc_auc,0.8354256363466026,0.8118407130241394,0.4554489254951477,0.8354256363466026,,,,,roc_auc,0.8469799012550531,0.821088433265686,0.4308435618877411,0.8469799012550531,,,,
tolokers,GAT,2,512,3e-05,5,1180,roc_auc,0.8855164475937938,0.8430005311965942,0.33755427598953247,0.8855164475937938,,,,,roc_auc,0.8528897813876002,0.8169445395469666,0.39349228143692017,0.8528897813876002,,,,,roc_auc,0.8276647172537951,0.800000011920929,0.42819732427597046,0.8276647172537951,,,,
tolokers,GAT,2,512,3e-05,6,1280,roc_auc,0.8945653714945458,0.848953902721405,0.33154451847076416,0.8945653714945458,,,,,roc_auc,0.8450779284435086,0.8186457753181458,0.40955713391304016,0.8450779284435086,,,,,roc_auc,0.8381587402292119,0.809183657169342,0.4205794036388397,0.8381587402292119,,,,
tolokers,GAT,2,512,3e-05,7,1190,roc_auc,0.876953730479654,0.8321143388748169,0.3770798444747925,0.876953730479654,,,,,roc_auc,0.8473073648794516,0.8244300484657288,0.4249438941478729,0.8473073648794516,,,,,roc_auc,0.8323071125101335,0.8193877935409546,0.44463855028152466,0.8323071125101335,,,,
tolokers,GAT,2,512,3e-05,8,1240,roc_auc,0.8825813154140608,0.8443613052368164,0.3467746376991272,0.8825813154140608,,,,,roc_auc,0.8341934721775294,0.8179652690887451,0.42788946628570557,0.8341934721775294,,,,,roc_auc,0.8439005609645663,0.8122448921203613,0.41432204842567444,0.8439005609645663,,,,
tolokers,GAT,2,512,3e-05,9,1360,roc_auc,0.8844289690381077,0.8436809182167053,0.3474087715148926,0.8844289690381077,,,,,roc_auc,0.8260150249352012,0.8121809959411621,0.4455108642578125,0.8260150249352012,,,,,roc_auc,0.8346133980787844,0.8122448921203613,0.4347109794616699,0.8346133980787844,,,,
tolokers,GAT,3,512,3e-05,0,1340,roc_auc,0.9018940866265492,0.8528661727905273,0.32308682799339294,0.9018940866265492,,,,,roc_auc,0.8385070650867811,0.8094589710235596,0.43657243251800537,0.8385070650867811,,,,,roc_auc,0.8378052566365444,0.8095238208770752,0.44095277786254883,0.8378052566365444,,,,
tolokers,GAT,3,512,3e-05,1,1160,roc_auc,0.8743809215645174,0.8404490947723389,0.3613557517528534,0.8743809215645174,,,,,roc_auc,0.8481837968035691,0.8138822317123413,0.416110634803772,0.8481837968035691,,,,,roc_auc,0.8456906859276251,0.8139455914497375,0.4216417372226715,0.8456906859276251,,,,
tolokers,GAT,3,512,3e-05,2,1260,roc_auc,0.8915971697914822,0.8450416922569275,0.34448641538619995,0.8915971697914822,,,,,roc_auc,0.8218046215321199,0.7999319434165955,0.4805280864238739,0.8218046215321199,,,,,roc_auc,0.8405012892153273,0.8115646243095398,0.45658278465270996,0.8405012892153273,,,,
tolokers,GAT,3,512,3e-05,3,1030,roc_auc,0.8728135957459365,0.8215683102607727,0.37181952595710754,0.8728135957459365,,,,,roc_auc,0.8343530085850954,0.7931268811225891,0.43444785475730896,0.8343530085850954,,,,,roc_auc,0.8456195147344705,0.8105442523956299,0.41792428493499756,0.8456195147344705,,,,
tolokers,GAT,3,512,3e-05,4,1180,roc_auc,0.8965507300054879,0.8516754508018494,0.33129727840423584,0.8965507300054879,,,,,roc_auc,0.8364955485947897,0.8087784647941589,0.4594807028770447,0.8364955485947897,,,,,roc_auc,0.8505188041070524,0.8217687010765076,0.4406452775001526,0.8505188041070524,,,,
tolokers,GAT,3,512,3e-05,5,1680,roc_auc,0.9116413710251279,0.8690253496170044,0.30365046858787537,0.9116413710251279,,,,,roc_auc,0.8562251106232238,0.8149030208587646,0.4444853663444519,0.8562251106232238,,,,,roc_auc,0.8297496943027799,0.8040816187858582,0.4915616810321808,0.8297496943027799,,,,
tolokers,GAT,3,512,3e-05,6,1080,roc_auc,0.8780373933211095,0.8460623025894165,0.3661705255508423,0.8780373933211095,,,,,roc_auc,0.843274148720518,0.8230690360069275,0.4363141357898712,0.843274148720518,,,,,roc_auc,0.8355071049185395,0.8153061270713806,0.4464164674282074,0.8355071049185395,,,,
tolokers,GAT,3,512,3e-05,7,1170,roc_auc,0.8916915451234494,0.8472529649734497,0.3662160634994507,0.8916915451234494,,,,,roc_auc,0.8549433883360555,0.8230690360069275,0.44942915439605713,0.8549433883360555,,,,,roc_auc,0.8305569789794188,0.8115646243095398,0.4820449948310852,0.8305569789794188,,,,
tolokers,GAT,3,512,3e-05,8,840,roc_auc,0.8678814883252711,0.8297329545021057,0.3653505742549896,0.8678814883252711,,,,,roc_auc,0.8321052424342404,0.8060564398765564,0.43096333742141724,0.8321052424342404,,,,,roc_auc,0.8378842227699015,0.8122448921203613,0.41395604610443115,0.8378842227699015,,,,
tolokers,GAT,3,512,3e-05,9,1600,roc_auc,0.9012633914610759,0.858479380607605,0.3254185616970062,0.9012633914610759,,,,,roc_auc,0.8336408652168541,0.8159237504005432,0.4771411418914795,0.8336408652168541,,,,,roc_auc,0.842321577207866,0.8136054277420044,0.45969048142433167,0.842321577207866,,,,
tolokers,GAT,4,512,3e-05,0,860,roc_auc,0.8771765681907138,0.8397687077522278,0.35578835010528564,0.8771765681907138,,,,,roc_auc,0.8364052577768907,0.8149030208587646,0.41920197010040283,0.8364052577768907,,,,,roc_auc,0.8344771560804601,0.8105442523956299,0.4259776175022125,0.8344771560804601,,,,
tolokers,GAT,4,512,3e-05,1,1000,roc_auc,0.8772040413331732,0.8390883207321167,0.3592897951602936,0.8772040413331732,,,,,roc_auc,0.8388044137953508,0.8087784647941589,0.4360434412956238,0.8388044137953508,,,,,roc_auc,0.842862139365397,0.8088435530662537,0.43499043583869934,0.842862139365397,,,,
tolokers,GAT,4,512,3e-05,2,1090,roc_auc,0.8923477631774419,0.8448715806007385,0.33952680230140686,0.8923477631774419,,,,,roc_auc,0.8204835243018075,0.7972099184989929,0.47062286734580994,0.8204835243018075,,,,,roc_auc,0.838502734329459,0.8071428537368774,0.44636785984039307,0.838502734329459,,,,
tolokers,GAT,4,512,3e-05,3,1590,roc_auc,0.9021035269409774,0.8509950637817383,0.3332784175872803,0.9021035269409774,,,,,roc_auc,0.8318011049423701,0.7941476702690125,0.46674844622612,0.8318011049423701,,,,,roc_auc,0.8411364073866209,0.8098639845848083,0.4596576690673828,0.8411364073866209,,,,
tolokers,GAT,4,512,3e-05,4,1300,roc_auc,0.8986122332137403,0.8511651754379272,0.33122143149375916,0.8986122332137403,,,,,roc_auc,0.8389822799178285,0.8074174523353577,0.47704246640205383,0.8389822799178285,,,,,roc_auc,0.8459360570887864,0.8241496682167053,0.46447351574897766,0.8459360570887864,,,,
tolokers,GAT,4,512,3e-05,5,1240,roc_auc,0.8912785152564127,0.84112948179245,0.3511243164539337,0.8912785152564127,,,,,roc_auc,0.855167418184978,0.8012929558753967,0.439480185508728,0.855167418184978,,,,,roc_auc,0.8323864175539342,0.7843537330627441,0.47783163189888,0.8323864175539342,,,,
tolokers,GAT,4,512,3e-05,6,1130,roc_auc,0.8939855525188124,0.8457220792770386,0.3414383828639984,0.8939855525188124,,,,,roc_auc,0.8451804390713488,0.8115004897117615,0.43945959210395813,0.8451804390713488,,,,,roc_auc,0.8344856288415498,0.7989795804023743,0.4631112813949585,0.8344856288415498,,,,
tolokers,GAT,4,512,3e-05,7,1410,roc_auc,0.9099187880341915,0.8594999313354492,0.30881842970848083,0.9099187880341915,,,,,roc_auc,0.8495551310303067,0.8193262815475464,0.44240787625312805,0.8495551310303067,,,,,roc_auc,0.829174902190446,0.7959184050559998,0.4746948182582855,0.829174902190446,,,,
tolokers,GAT,4,512,3e-05,8,600,roc_auc,0.8494802488456192,0.8185065388679504,0.38808107376098633,0.8494802488456192,,,,,roc_auc,0.8262811452405877,0.8036746978759766,0.4364047050476074,0.8262811452405877,,,,,roc_auc,0.8315879445488288,0.8071428537368774,0.41861870884895325,0.8315879445488288,,,,
tolokers,GAT,4,512,3e-05,9,880,roc_auc,0.8749994064444531,0.824289858341217,0.37547487020492554,0.8749994064444531,,,,,roc_auc,0.8240917626261187,0.7849608659744263,0.4733946919441223,0.8240917626261187,,,,,roc_auc,0.8379672558285818,0.7904762029647827,0.4469071328639984,0.8379672558285818,,,,
tolokers,GAT,5,512,3e-05,0,1250,roc_auc,0.9160134163904089,0.8610308170318604,0.3042406737804413,0.9160134163904089,,,,,roc_auc,0.8351629104328664,0.795168399810791,0.465833455324173,0.8351629104328664,,,,,roc_auc,0.8368874871552944,0.7887755036354065,0.47153669595718384,0.8368874871552944,,,,
tolokers,GAT,5,512,3e-05,1,1040,roc_auc,0.881280411242417,0.8457220792770386,0.35032331943511963,0.881280411242417,,,,,roc_auc,0.84369301665017,0.8186457753181458,0.4246632158756256,0.84369301665017,,,,,roc_auc,0.8459326679843505,0.8115646243095398,0.42280319333076477,0.8459326679843505,,,,
tolokers,GAT,5,512,3e-05,2,1290,roc_auc,0.9129120886575267,0.8588195443153381,0.3028600513935089,0.9129120886575267,,,,,roc_auc,0.8207428558238936,0.7910853624343872,0.469317764043808,0.8207428558238936,,,,,roc_auc,0.8371396365253274,0.8040816187858582,0.44533881545066833,0.8371396365253274,,,,
tolokers,GAT,5,512,3e-05,3,670,roc_auc,0.8477155234108483,0.7901003956794739,0.4174073040485382,0.8477155234108483,,,,,roc_auc,0.8229077988184802,0.7750935554504395,0.4492497146129608,0.8229077988184802,,,,,roc_auc,0.8431841042868106,0.788095235824585,0.41922083497047424,0.8431841042868106,,,,
tolokers,GAT,5,512,3e-05,4,1220,roc_auc,0.8985594915637102,0.8467426896095276,0.3352261185646057,0.8985594915637102,,,,,roc_auc,0.8339409294387441,0.7965294122695923,0.48793694376945496,0.8339409294387441,,,,,roc_auc,0.8414651505169063,0.8115646243095398,0.46819421648979187,0.8414651505169063,,,,
tolokers,GAT,5,512,3e-05,5,1190,roc_auc,0.8902745584455493,0.8358564376831055,0.37143298983573914,0.8902745584455493,,,,,roc_auc,0.8577064231394322,0.7995916604995728,0.46025294065475464,0.8577064231394322,,,,,roc_auc,0.8326528011625985,0.7891156673431396,0.5008376240730286,0.8326528011625985,,,,
tolokers,GAT,5,512,3e-05,6,1210,roc_auc,0.9071943680736307,0.8623915910720825,0.3121039867401123,0.9071943680736307,,,,,roc_auc,0.8428858303157192,0.8234093189239502,0.44353821873664856,0.8428858303157192,,,,,roc_auc,0.8418881107505105,0.8102040886878967,0.4488567113876343,0.8418881107505105,,,,
tolokers,GAT,5,512,3e-05,7,770,roc_auc,0.8690043258328263,0.8280320167541504,0.3639736771583557,0.8690043258328263,,,,,roc_auc,0.8347868118380087,0.8104797005653381,0.41064152121543884,0.8347868118380087,,,,,roc_auc,0.817817335404754,0.7840136289596558,0.43888312578201294,0.817817335404754,,,,
tolokers,GAT,5,512,3e-05,8,530,roc_auc,0.8404531169128058,0.7865283489227295,0.41161075234413147,0.8404531169128058,,,,,roc_auc,0.8171074623663798,0.7682884931564331,0.45576491951942444,0.8171074623663798,,,,,roc_auc,0.8256556561441751,0.7809523940086365,0.4344695806503296,0.8256556561441751,,,,
tolokers,GAT,5,512,3e-05,9,1360,roc_auc,0.9171016580889411,0.8617112040519714,0.3079504668712616,0.9171016580889411,,,,,roc_auc,0.8280190737655616,0.7876828908920288,0.5196380019187927,0.8280190737655616,,,,,roc_auc,0.8402881145463075,0.7908163666725159,0.4907552897930145,0.8402881145463075,,,,
tolokers,GAT-sep,1,512,3e-05,0,610,roc_auc,0.8325259282021645,0.8037081360816956,0.3934341073036194,0.8325259282021645,,,,,roc_auc,0.80441786862075,0.7968696355819702,0.4296606481075287,0.80441786862075,,,,,roc_auc,0.8002441510835645,0.7887755036354065,0.4267299175262451,0.8002441510835645,,,,
tolokers,GAT-sep,1,512,3e-05,1,530,roc_auc,0.8196079548653578,0.7977547645568848,0.4078052043914795,0.8196079548653578,,,,,roc_auc,0.8126648825744153,0.7961891293525696,0.42051851749420166,0.8126648825744153,,,,,roc_auc,0.8045591588513918,0.7982993125915527,0.4219578504562378,0.8045591588513918,,,,
tolokers,GAT-sep,1,512,3e-05,2,1060,roc_auc,0.8716022336682343,0.8268412947654724,0.3509248197078705,0.8716022336682343,,,,,roc_auc,0.8006249753906605,0.7938073873519897,0.4424484968185425,0.8006249753906605,,,,,roc_auc,0.8243725412047317,0.8112245202064514,0.4065629839897156,0.8243725412047317,,,,
tolokers,GAT-sep,1,512,3e-05,3,1720,roc_auc,0.8950368241861335,0.8445314168930054,0.32141581177711487,0.8950368241861335,,,,,roc_auc,0.8150036184214994,0.7961891293525696,0.44107478857040405,0.8150036184214994,,,,,roc_auc,0.8231284009663016,0.8044217824935913,0.44468066096305847,0.8231284009663016,,,,
tolokers,GAT-sep,1,512,3e-05,4,1420,roc_auc,0.8977334318296367,0.8504847884178162,0.31541407108306885,0.8977334318296367,,,,,roc_auc,0.805687371097977,0.7832595705986023,0.46277639269828796,0.805687371097977,,,,,roc_auc,0.8232202456965152,0.7959184050559998,0.4503379464149475,0.8232202456965152,,,,
tolokers,GAT-sep,1,512,3e-05,5,1050,roc_auc,0.8734581122762889,0.8341554999351501,0.3478505313396454,0.8734581122762889,,,,,roc_auc,0.8352436969541445,0.8087784647941589,0.40559861063957214,0.8352436969541445,,,,,roc_auc,0.7975145663708658,0.7819728255271912,0.44615432620048523,0.7975145663708658,,,,
tolokers,GAT-sep,1,512,3e-05,6,1530,roc_auc,0.878963170387073,0.8339853882789612,0.34951549768447876,0.878963170387073,,,,,roc_auc,0.8135976613999284,0.7968696355819702,0.4406350255012512,0.8135976613999284,,,,,roc_auc,0.8069044191210561,0.7928571701049805,0.44802260398864746,0.8069044191210561,,,,
tolokers,GAT-sep,1,512,3e-05,7,1230,roc_auc,0.8732592711680564,0.8251403570175171,0.3573826253414154,0.8732592711680564,,,,,roc_auc,0.8117755519620262,0.7965294122695923,0.44036591053009033,0.8117755519620262,,,,,roc_auc,0.8005030786624696,0.7897959351539612,0.4525560438632965,0.8005030786624696,,,,
tolokers,GAT-sep,1,512,3e-05,8,930,roc_auc,0.8436059991846243,0.816125214099884,0.37955766916275024,0.8436059991846243,,,,,roc_auc,0.8129181041915305,0.8012929558753967,0.42137232422828674,0.8129181041915305,,,,,roc_auc,0.8116037513319181,0.7979592084884644,0.4193118214607239,0.8116037513319181,,,,
tolokers,GAT-sep,1,512,3e-05,9,1230,roc_auc,0.8725673549875963,0.831774115562439,0.34852999448776245,0.8725673549875963,,,,,roc_auc,0.7979366172035917,0.7846205830574036,0.4463280141353607,0.7979366172035917,,,,,roc_auc,0.8158004793549314,0.8017007112503052,0.4153834283351898,0.8158004793549314,,,,
tolokers,GAT-sep,2,512,3e-05,0,530,roc_auc,0.8723326461655972,0.8319442272186279,0.3625413179397583,0.8723326461655972,,,,,roc_auc,0.8295343301982733,0.8053759336471558,0.4272775650024414,0.8295343301982733,,,,,roc_auc,0.8312059924788995,0.801360547542572,0.4215022623538971,0.8312059924788995,,,,
tolokers,GAT-sep,2,512,3e-05,1,660,roc_auc,0.8684251852062894,0.8273516297340393,0.36169564723968506,0.8684251852062894,,,,,roc_auc,0.8386781424259581,0.8019734621047974,0.4170468747615814,0.8386781424259581,,,,,roc_auc,0.8427279308297341,0.8125850558280945,0.4026612639427185,0.8427279308297341,,,,
tolokers,GAT-sep,2,512,3e-05,2,500,roc_auc,0.870228661338912,0.8276917934417725,0.35767486691474915,0.870228661338912,,,,,roc_auc,0.8215581886983051,0.8006124496459961,0.4285833239555359,0.8215581886983051,,,,,roc_auc,0.8420955239419893,0.8163265585899353,0.40162038803100586,0.8420955239419893,,,,
tolokers,GAT-sep,2,512,3e-05,3,900,roc_auc,0.8815517509210287,0.8368770480155945,0.34557780623435974,0.8815517509210287,,,,,roc_auc,0.8333190768884018,0.7965294122695923,0.4255426526069641,0.8333190768884018,,,,,roc_auc,0.8369793318855079,0.8112245202064514,0.42123326659202576,0.8369793318855079,,,,
tolokers,GAT-sep,2,512,3e-05,4,760,roc_auc,0.8852797885178546,0.8392583727836609,0.3371224105358124,0.8852797885178546,,,,,roc_auc,0.8336551216617856,0.8046954274177551,0.42480167746543884,0.8336551216617856,,,,,roc_auc,0.8395347166301999,0.8102040886878967,0.4200935661792755,0.8395347166301999,,,,
tolokers,GAT-sep,2,512,3e-05,5,830,roc_auc,0.8839067249504297,0.8435108065605164,0.34711167216300964,0.8839067249504297,,,,,roc_auc,0.8526290921088543,0.8176250457763672,0.40746787190437317,0.8526290921088543,,,,,roc_auc,0.8236018588560011,0.7921769022941589,0.4514671862125397,0.8236018588560011,,,,
tolokers,GAT-sep,2,512,3e-05,6,810,roc_auc,0.8993526513617522,0.8537166118621826,0.325578898191452,0.8993526513617522,,,,,roc_auc,0.8453908913536698,0.8040149211883545,0.4307320713996887,0.8453908913536698,,,,,roc_auc,0.8397800877913612,0.801360547542572,0.43882784247398376,0.8397800877913612,,,,
tolokers,GAT-sep,2,512,3e-05,7,420,roc_auc,0.8564294276021645,0.8193570375442505,0.3777296245098114,0.8564294276021645,,,,,roc_auc,0.8432307005073938,0.8152432441711426,0.40138494968414307,0.8432307005073938,,,,,roc_auc,0.8201978423605519,0.7938775420188904,0.4345003664493561,0.8201978423605519,,,,
tolokers,GAT-sep,2,512,3e-05,8,540,roc_auc,0.859884514441037,0.8241197466850281,0.37220436334609985,0.859884514441037,,,,,roc_auc,0.8285044717715602,0.8040149211883545,0.4243532419204712,0.8285044717715602,,,,,roc_auc,0.8419769052867319,0.8098639845848083,0.402278333902359,0.8419769052867319,,,,
tolokers,GAT-sep,2,512,3e-05,9,660,roc_auc,0.8790168447672484,0.8339853882789612,0.350563108921051,0.8790168447672484,,,,,roc_auc,0.834080099496408,0.808438241481781,0.4325792193412781,0.834080099496408,,,,,roc_auc,0.8416159656643051,0.8003401756286621,0.41253894567489624,0.8416159656643051,,,,
tolokers,GAT-sep,3,512,3e-05,0,270,roc_auc,0.8487149013646351,0.8055791854858398,0.4008430242538452,0.8487149013646351,,,,,roc_auc,0.8312518923733451,0.8040149211883545,0.4294825494289398,0.8312518923733451,,,,,roc_auc,0.8304156533244402,0.7942177057266235,0.42896339297294617,0.8304156533244402,,,,
tolokers,GAT-sep,3,512,3e-05,1,430,roc_auc,0.8515512489426232,0.8156149387359619,0.40951910614967346,0.8515512489426232,,,,,roc_auc,0.8431105390429716,0.8104797005653381,0.42820319533348083,0.8431105390429716,,,,,roc_auc,0.837136586331335,0.8006802797317505,0.4418635666370392,0.837136586331335,,,,
tolokers,GAT-sep,3,512,3e-05,2,320,roc_auc,0.8479793164546486,0.8077904582023621,0.3902687728404999,0.8479793164546486,,,,,roc_auc,0.8251012547029297,0.795508623123169,0.42445990443229675,0.8251012547029297,,,,,roc_auc,0.8396506240019087,0.8136054277420044,0.4065721929073334,0.8396506240019087,,,,
tolokers,GAT-sep,3,512,3e-05,3,520,roc_auc,0.8622751018032557,0.7970743775367737,0.4147542715072632,0.8622751018032557,,,,,roc_auc,0.8325118905539511,0.7788363099098206,0.4642844796180725,0.8325118905539511,,,,,roc_auc,0.845468360676628,0.7969387769699097,0.4371062219142914,0.845468360676628,,,,
tolokers,GAT-sep,3,512,3e-05,4,340,roc_auc,0.8556550919943262,0.815104603767395,0.3840935528278351,0.8556550919943262,,,,,roc_auc,0.832192138860489,0.7989111542701721,0.42082998156547546,0.832192138860489,,,,,roc_auc,0.8462919130545592,0.8074830174446106,0.40063443779945374,0.8462919130545592,,,,
tolokers,GAT-sep,3,512,3e-05,5,870,roc_auc,0.8924878422865251,0.848953902721405,0.3489995002746582,0.8924878422865251,,,,,roc_auc,0.8542027320779516,0.8162640333175659,0.44333693385124207,0.8542027320779516,,,,,roc_auc,0.8265002209696093,0.793537437915802,0.49126526713371277,0.8265002209696093,,,,
tolokers,GAT-sep,3,512,3e-05,6,500,roc_auc,0.8609514729335279,0.8018370866775513,0.40891218185424805,0.8609514729335279,,,,,roc_auc,0.8416007136369006,0.7921061515808105,0.44246596097946167,0.8416007136369006,,,,,roc_auc,0.8377967838754544,0.7918367385864258,0.4495447278022766,0.8377967838754544,,,,
tolokers,GAT-sep,3,512,3e-05,7,650,roc_auc,0.8755076595799526,0.8248001337051392,0.36997175216674805,0.8755076595799526,,,,,roc_auc,0.8520147072201426,0.814222514629364,0.4197194278240204,0.8520147072201426,,,,,roc_auc,0.8314578029384891,0.7857142686843872,0.4534275233745575,0.8314578029384891,,,,
tolokers,GAT-sep,3,512,3e-05,8,970,roc_auc,0.8895013251551555,0.8382378220558167,0.3630191683769226,0.8895013251551555,,,,,roc_auc,0.8391418163253944,0.7972099184989929,0.4853847622871399,0.8391418163253944,,,,,roc_auc,0.8409059482849777,0.7948979735374451,0.4694445729255676,0.8409059482849777,,,,
tolokers,GAT-sep,3,512,3e-05,9,810,roc_auc,0.8876740220070046,0.8363667726516724,0.35045701265335083,0.8876740220070046,,,,,roc_auc,0.8348190585586872,0.7975501418113708,0.465354323387146,0.8348190585586872,,,,,roc_auc,0.8496108630286664,0.8057823181152344,0.43177738785743713,0.8496108630286664,,,,
tolokers,GAT-sep,4,512,3e-05,0,780,roc_auc,0.8902436087634575,0.8441911935806274,0.36436980962753296,0.8902436087634575,,,,,roc_auc,0.8361350642015236,0.8108199834823608,0.4748789072036743,0.8361350642015236,,,,,roc_auc,0.8402440561886403,0.8064625859260559,0.4615357220172882,0.8402440561886403,,,,
tolokers,GAT-sep,4,512,3e-05,1,300,roc_auc,0.8436024378513426,0.8084708452224731,0.40998396277427673,0.8436024378513426,,,,,roc_auc,0.8418193124591823,0.8097992539405823,0.41203030943870544,0.8418193124591823,,,,,roc_auc,0.8340036981907605,0.8095238208770752,0.4256576597690582,0.8340036981907605,,,,
tolokers,GAT-sep,4,512,3e-05,2,280,roc_auc,0.8492749634200196,0.8043885231018066,0.4010757505893707,0.8492749634200196,,,,,roc_auc,0.8223531552228147,0.7829193472862244,0.441505491733551,0.8223531552228147,,,,,roc_auc,0.8416251162462821,0.8037415146827698,0.4183928370475769,0.8416251162462821,,,,
tolokers,GAT-sep,4,512,3e-05,3,690,roc_auc,0.865394829758094,0.7953733801841736,0.4209255278110504,0.865394829758094,,,,,roc_auc,0.8297766897621075,0.7757740616798401,0.4783098101615906,0.8297766897621075,,,,,roc_auc,0.8457943925233645,0.7908163666725159,0.44524815678596497,0.8457943925233645,,,,
tolokers,GAT-sep,4,512,3e-05,4,380,roc_auc,0.851070892917831,0.7909508347511292,0.41491371393203735,0.851070892917831,,,,,roc_auc,0.8300679285657065,0.7842803597450256,0.4507061839103699,0.8300679285657065,,,,,roc_auc,0.8411106501929079,0.7911564707756042,0.4306733310222626,0.8411106501929079,,,,
tolokers,GAT-sep,4,512,3e-05,5,790,roc_auc,0.8898919694987067,0.8402789831161499,0.35610464215278625,0.8898919694987067,,,,,roc_auc,0.8555699930347085,0.8074174523353577,0.4365788996219635,0.8555699930347085,,,,,roc_auc,0.8255302592800458,0.7846938967704773,0.4881252348423004,0.8255302592800458,,,,
tolokers,GAT-sep,4,512,3e-05,6,480,roc_auc,0.8655198155975543,0.8169757127761841,0.39360615611076355,0.8655198155975543,,,,,roc_auc,0.843804352696301,0.7948281764984131,0.43329593539237976,0.843804352696301,,,,,roc_auc,0.8398858278497625,0.7972789406776428,0.4403255581855774,0.8398858278497625,,,,
tolokers,GAT-sep,4,512,3e-05,7,600,roc_auc,0.8788266526112714,0.8280320167541504,0.35950684547424316,0.8788266526112714,,,,,roc_auc,0.8501688370406879,0.81252121925354,0.4149097800254822,0.8501688370406879,,,,,roc_auc,0.8331632002906496,0.7884353995323181,0.43900200724601746,0.8331632002906496,,,,
tolokers,GAT-sep,4,512,3e-05,8,900,roc_auc,0.9007127415007934,0.8521857857704163,0.3312130868434906,0.9007127415007934,,,,,roc_auc,0.8437758398064382,0.8132017254829407,0.46339496970176697,0.8437758398064382,,,,,roc_auc,0.8476909353657115,0.8125850558280945,0.44882887601852417,0.8476909353657115,,,,
tolokers,GAT-sep,4,512,3e-05,9,680,roc_auc,0.8796104851078608,0.8185065388679504,0.3899702727794647,0.8796104851078608,,,,,roc_auc,0.8322430547352442,0.7880231142044067,0.4927043318748474,0.8322430547352442,,,,,roc_auc,0.8437599131304752,0.7897959351539612,0.4685908257961273,0.8437599131304752,,,,
tolokers,GAT-sep,5,512,3e-05,0,260,roc_auc,0.8441240035898239,0.8062595725059509,0.4164292514324188,0.8441240035898239,,,,,roc_auc,0.830061818660736,0.808438241481781,0.43813014030456543,0.830061818660736,,,,,roc_auc,0.8253319966705439,0.7952380776405334,0.4413036108016968,0.8253319966705439,,,,
tolokers,GAT-sep,5,512,3e-05,1,370,roc_auc,0.8499622159497533,0.8086409568786621,0.4083367586135864,0.8499622159497533,,,,,roc_auc,0.8422313916055337,0.8023136854171753,0.423410564661026,0.8422313916055337,,,,,roc_auc,0.8372545271657055,0.7952380776405334,0.4323074519634247,0.8372545271657055,,,,
tolokers,GAT-sep,5,512,3e-05,2,300,roc_auc,0.8484877391774472,0.8149345517158508,0.39378732442855835,0.8484877391774472,,,,,roc_auc,0.8250537332198249,0.8033344149589539,0.42760854959487915,0.8250537332198249,,,,,roc_auc,0.8423395394613764,0.8125850558280945,0.4064418375492096,0.8423395394613764,,,,
tolokers,GAT-sep,5,512,3e-05,3,500,roc_auc,0.8667091313263693,0.7965640425682068,0.4093876779079437,0.8667091313263693,,,,,roc_auc,0.8337168995898218,0.7676079869270325,0.45619332790374756,0.8337168995898218,,,,,roc_auc,0.8485361780120325,0.793537437915802,0.4304277002811432,0.8485361780120325,,,,
tolokers,GAT-sep,5,512,3e-05,4,400,roc_auc,0.8574793425710927,0.7804048657417297,0.41952505707740784,0.8574793425710927,,,,,roc_auc,0.8333632039798564,0.7676079869270325,0.4608653783798218,0.8333632039798564,,,,,roc_auc,0.8469127969872218,0.7843537330627441,0.43503066897392273,0.8469127969872218,,,,
tolokers,GAT-sep,5,512,3e-05,5,740,roc_auc,0.8899871079735199,0.8435108065605164,0.34377631545066833,0.8899871079735199,,,,,roc_auc,0.8600471956215063,0.8166042566299438,0.40781059861183167,0.8600471956215063,,,,,roc_auc,0.8336837667320087,0.7993197441101074,0.4534575939178467,0.8336837667320087,,,,
tolokers,GAT-sep,5,512,3e-05,6,880,roc_auc,0.8998688751003109,0.8530362248420715,0.3398652672767639,0.8998688751003109,,,,,roc_auc,0.847091142131325,0.8091187477111816,0.4620154798030853,0.847091142131325,,,,,roc_auc,0.84018271339835,0.7921769022941589,0.4871293008327484,0.84018271339835,,,,
tolokers,GAT-sep,5,512,3e-05,7,650,roc_auc,0.8804875906189733,0.8358564376831055,0.35420531034469604,0.8804875906189733,,,,,roc_auc,0.8516487918002361,0.8162640333175659,0.4126635193824768,0.8516487918002361,,,,,roc_auc,0.8329496867111859,0.7948979735374451,0.4416161775588989,0.8329496867111859,,,,
tolokers,GAT-sep,5,512,3e-05,8,530,roc_auc,0.8584327623668145,0.8135737776756287,0.4111256003379822,0.8584327623668145,,,,,roc_auc,0.8388743382633478,0.7938073873519897,0.4588753879070282,0.8388743382633478,,,,,roc_auc,0.8386413487008885,0.8017007112503052,0.4500638544559479,0.8386413487008885,,,,
tolokers,GAT-sep,5,512,3e-05,9,450,roc_auc,0.8667935858013375,0.815274715423584,0.38395753502845764,0.8667935858013375,,,,,roc_auc,0.8350794083982681,0.7975501418113708,0.44625136256217957,0.8350794083982681,,,,,roc_auc,0.8455873182423291,0.7996598482131958,0.4232594668865204,0.8455873182423291,,,,
tolokers,GT,1,512,3e-05,0,350,roc_auc,0.8210419850668208,0.7980949282646179,0.4007175862789154,0.8210419850668208,,,,,roc_auc,0.7969678578265845,0.7917658686637878,0.43047407269477844,0.7969678578265845,,,,,roc_auc,0.7862203758381254,0.7802721261978149,0.4360657334327698,0.7862203758381254,,,,
tolokers,GT,1,512,3e-05,1,380,roc_auc,0.811639810821976,0.7945228815078735,0.4072577953338623,0.811639810821976,,,,,roc_auc,0.8118610906316149,0.7958489060401917,0.4148859679698944,0.8118610906316149,,,,,roc_auc,0.7926735695945817,0.789455771446228,0.4237183630466461,0.7926735695945817,,,,
tolokers,GT,1,512,3e-05,2,430,roc_auc,0.8349971543251206,0.8088110685348511,0.389755517244339,0.8349971543251206,,,,,roc_auc,0.7931702124481846,0.7917658686637878,0.4405747950077057,0.7931702124481846,,,,,roc_auc,0.8184863446204067,0.7976190447807312,0.40286684036254883,0.8184863446204067,,,,
tolokers,GT,1,512,3e-05,3,470,roc_auc,0.8295712086893818,0.8043885231018066,0.3963911235332489,0.8295712086893818,,,,,roc_auc,0.7949441215246521,0.7883633375167847,0.43433520197868347,0.7949441215246521,,,,,roc_auc,0.8092696751068923,0.8023809790611267,0.4266956150531769,0.8092696751068923,,,,
tolokers,GT,1,512,3e-05,4,820,roc_auc,0.8575436161574639,0.8198673129081726,0.3633359968662262,0.8575436161574639,,,,,roc_auc,0.8012393602793719,0.7972099184989929,0.44393327832221985,0.8012393602793719,,,,,roc_auc,0.8185805617237256,0.800000011920929,0.4388265311717987,0.8185805617237256,,,,
tolokers,GT,1,512,3e-05,5,900,roc_auc,0.8573001735895593,0.8186766505241394,0.37225261330604553,0.8573001735895593,,,,,roc_auc,0.8230802339143174,0.7995916604995728,0.42844149470329285,0.8230802339143174,,,,,roc_auc,0.7877051424915069,0.7778911590576172,0.46754923462867737,0.7877051424915069,,,,
tolokers,GT,1,512,3e-05,6,420,roc_auc,0.8336643677412396,0.8057492971420288,0.39472320675849915,0.8336643677412396,,,,,roc_auc,0.7977682553777348,0.7914256453514099,0.4337170422077179,0.7977682553777348,,,,,roc_auc,0.7982459351081395,0.7891156673431396,0.42789721488952637,0.7982459351081395,,,,
tolokers,GT,1,512,3e-05,7,470,roc_auc,0.836421857225131,0.8096615076065063,0.38976165652275085,0.836421857225131,,,,,roc_auc,0.8064979518240782,0.8033344149589539,0.4219988286495209,0.8064979518240782,,,,,roc_auc,0.7951279590270831,0.787074863910675,0.43589773774147034,0.7951279590270831,,,,
tolokers,GT,1,512,3e-05,8,680,roc_auc,0.8445538225994749,0.8195271492004395,0.37964722514152527,0.8445538225994749,,,,,roc_auc,0.8104096487619294,0.795508623123169,0.4266414940357208,0.8104096487619294,,,,,roc_auc,0.801855331332406,0.7887755036354065,0.43451833724975586,0.801855331332406,,,,
tolokers,GT,1,512,3e-05,9,430,roc_auc,0.8306998121651075,0.8074502348899841,0.39366066455841064,0.8306998121651075,,,,,roc_auc,0.7855640596381035,0.776114284992218,0.4437531530857086,0.7855640596381035,,,,,roc_auc,0.8062438826664932,0.7850340008735657,0.4160623848438263,0.8062438826664932,,,,
tolokers,GT,2,512,3e-05,0,690,roc_auc,0.8870889458249981,0.8341554999351501,0.36078062653541565,0.8870889458249981,,,,,roc_auc,0.8160416233881731,0.7791765928268433,0.49278825521469116,0.8160416233881731,,,,,roc_auc,0.8135243568157602,0.7727891206741333,0.5005473494529724,0.8135243568157602,,,,
tolokers,GT,2,512,3e-05,1,190,roc_auc,0.809173417937045,0.7935023307800293,0.4090172052383423,0.809173417937045,,,,,roc_auc,0.8218650417034958,0.7975501418113708,0.4019627869129181,0.8218650417034958,,,,,roc_auc,0.8098204045777311,0.7976190447807312,0.40865686535835266,0.8098204045777311,,,,
tolokers,GT,2,512,3e-05,2,570,roc_auc,0.8702644442590289,0.8222486972808838,0.3729225993156433,0.8702644442590289,,,,,roc_auc,0.8078523140925638,0.7897243499755859,0.4754802882671356,0.8078523140925638,,,,,roc_auc,0.8280273514284398,0.8047618865966797,0.45200735330581665,0.8280273514284398,,,,
tolokers,GT,2,512,3e-05,3,550,roc_auc,0.8602634572609481,0.8111923933029175,0.38484036922454834,0.8602634572609481,,,,,roc_auc,0.820656638275975,0.7839400768280029,0.44625425338745117,0.820656638275975,,,,,roc_auc,0.8258989938426751,0.7948979735374451,0.44334644079208374,0.8258989938426751,,,,
tolokers,GT,2,512,3e-05,4,630,roc_auc,0.8832688223247435,0.8077904582023621,0.3845243453979492,0.8832688223247435,,,,,roc_auc,0.8172649621389555,0.7638652324676514,0.49729210138320923,0.8172649621389555,,,,,roc_auc,0.8291850695037538,0.7653061151504517,0.48290011286735535,0.8291850695037538,,,,
tolokers,GT,2,512,3e-05,5,800,roc_auc,0.8963437487068969,0.850144624710083,0.3379497826099396,0.8963437487068969,,,,,roc_auc,0.8435708185507578,0.8091187477111816,0.4491208791732788,0.8435708185507578,,,,,roc_auc,0.809069379034729,0.7826530933380127,0.5166764855384827,0.809069379034729,,,,
tolokers,GT,2,512,3e-05,6,690,roc_auc,0.8896461527086145,0.8428304195404053,0.35057634115219116,0.8896461527086145,,,,,roc_auc,0.8303659561526064,0.7931268811225891,0.460758775472641,0.8303659561526064,,,,,roc_auc,0.8222889197975214,0.7748299241065979,0.47562047839164734,0.8222889197975214,,,,
tolokers,GT,2,512,3e-05,7,500,roc_auc,0.860540223733132,0.8225889205932617,0.3847772479057312,0.860540223733132,,,,,roc_auc,0.8411682681406473,0.8121809959411621,0.42136460542678833,0.8411682681406473,,,,,roc_auc,0.814220817777344,0.7789115905761719,0.46743065118789673,0.814220817777344,,,,
tolokers,GT,2,512,3e-05,8,430,roc_auc,0.8503695646422691,0.8122130036354065,0.3918755352497101,0.8503695646422691,,,,,roc_auc,0.8220435867043038,0.7934671640396118,0.44401755928993225,0.8220435867043038,,,,,roc_auc,0.8349370575524159,0.8037415146827698,0.4188566207885742,0.8349370575524159,,,,
tolokers,GT,2,512,3e-05,9,410,roc_auc,0.8549836958770614,0.8117026686668396,0.3922399878501892,0.8549836958770614,,,,,roc_auc,0.8214549991921348,0.7968696355819702,0.4442732036113739,0.8214549991921348,,,,,roc_auc,0.8270861971265816,0.7928571701049805,0.4360193908214569,0.8270861971265816,,,,
tolokers,GT,3,512,3e-05,0,270,roc_auc,0.8446039356463684,0.7977547645568848,0.40587714314460754,0.8446039356463684,,,,,roc_auc,0.8195439566929935,0.7801973223686218,0.4378804862499237,0.8195439566929935,,,,,roc_auc,0.8215239989263317,0.7744898200035095,0.43694594502449036,0.8215239989263317,,,,
tolokers,GT,3,512,3e-05,1,450,roc_auc,0.8637578035595695,0.8008164763450623,0.39777660369873047,0.8637578035595695,,,,,roc_auc,0.8285309480264328,0.7771350741386414,0.4556546211242676,0.8285309480264328,,,,,roc_auc,0.8314435686998582,0.7714285850524902,0.4546433389186859,0.8314435686998582,,,,
tolokers,GT,3,512,3e-05,2,280,roc_auc,0.848838615299352,0.8089811205863953,0.3912392854690552,0.848838615299352,,,,,roc_auc,0.8127830074038471,0.783599853515625,0.4398052394390106,0.8127830074038471,,,,,roc_auc,0.8340619907870586,0.7948979735374451,0.41181692481040955,0.8340619907870586,,,,
tolokers,GT,3,512,3e-05,3,690,roc_auc,0.8879036432100298,0.8213981986045837,0.3691217005252838,0.8879036432100298,,,,,roc_auc,0.8247224405947517,0.7713508009910583,0.4610435664653778,0.8247224405947517,,,,,roc_auc,0.8390412630243284,0.7877551317214966,0.444841593503952,0.8390412630243284,,,,
tolokers,GT,3,512,3e-05,4,270,roc_auc,0.8468453709790003,0.7975846529006958,0.39767056703567505,0.8468453709790003,,,,,roc_auc,0.8174014166832992,0.7764545679092407,0.4390960931777954,0.8174014166832992,,,,,roc_auc,0.8348008155540914,0.7928571701049805,0.4161679744720459,0.8348008155540914,,,,
tolokers,GT,3,512,3e-05,5,810,roc_auc,0.9051015760086883,0.8193570375442505,0.39895427227020264,0.9051015760086883,,,,,roc_auc,0.8448559352295764,0.7716910243034363,0.5498751401901245,0.8448559352295764,,,,,roc_auc,0.8131044467761483,0.7397959232330322,0.6159141659736633,0.8131044467761483,,,,
tolokers,GT,3,512,3e-05,6,260,roc_auc,0.8456648737897403,0.7912910580635071,0.41495683789253235,0.8456648737897403,,,,,roc_auc,0.8346876956018188,0.7788363099098206,0.42726629972457886,0.8346876956018188,,,,,roc_auc,0.8316923289654554,0.7765306234359741,0.4379552900791168,0.8316923289654554,,,,
tolokers,GT,3,512,3e-05,7,260,roc_auc,0.8369270577892465,0.7865283489227295,0.4242387115955353,0.8369270577892465,,,,,roc_auc,0.8435368746342543,0.7927866578102112,0.41750040650367737,0.8435368746342543,,,,,roc_auc,0.8142919889704985,0.7629252076148987,0.4618171453475952,0.8142919889704985,,,,
tolokers,GT,3,512,3e-05,8,730,roc_auc,0.8903095782228199,0.8312638401985168,0.3772456645965576,0.8903095782228199,,,,,roc_auc,0.8267991294064294,0.7713508009910583,0.5212472677230835,0.8267991294064294,,,,,roc_auc,0.8279534689517364,0.7700680494308472,0.5159497857093811,0.8279534689517364,,,,
tolokers,GT,3,512,3e-05,9,230,roc_auc,0.8398298835884945,0.8013267517089844,0.39996621012687683,0.8398298835884945,,,,,roc_auc,0.8216932854859886,0.7921061515808105,0.4264877140522003,0.8216932854859886,,,,,roc_auc,0.8301770603721508,0.7897959351539612,0.4123119115829468,0.8301770603721508,,,,
tolokers,GT,4,512,3e-05,0,220,roc_auc,0.8418625569558945,0.7969042658805847,0.4037262797355652,0.8418625569558945,,,,,roc_auc,0.8237000498296694,0.7880231142044067,0.4274393916130066,0.8237000498296694,,,,,roc_auc,0.822144205038107,0.781632661819458,0.42822667956352234,0.822144205038107,,,,
tolokers,GT,4,512,3e-05,1,200,roc_auc,0.8243218882256895,0.8014968633651733,0.402483195066452,0.8243218882256895,,,,,roc_auc,0.8272668765758463,0.7944878935813904,0.40174612402915955,0.8272668765758463,,,,,roc_auc,0.8215121370608061,0.8057823181152344,0.40305468440055847,0.8215121370608061,,,,
tolokers,GT,4,512,3e-05,2,170,roc_auc,0.8252710683389333,0.8031978607177734,0.3977581858634949,0.8252710683389333,,,,,roc_auc,0.8142201928286009,0.7876828908920288,0.41248375177383423,0.8142201928286009,,,,,roc_auc,0.8221994474404127,0.8010204434394836,0.3945003151893616,0.8221994474404127,,,,
tolokers,GT,4,512,3e-05,3,600,roc_auc,0.8786004231542287,0.7950331568717957,0.4029841125011444,0.8786004231542287,,,,,roc_auc,0.8270075450537602,0.7516161799430847,0.46735748648643494,0.8270075450537602,,,,,roc_auc,0.8354454232178056,0.7666666507720947,0.45929574966430664,0.8354454232178056,,,,
tolokers,GT,4,512,3e-05,4,370,roc_auc,0.8577815471381464,0.7720701098442078,0.4391196668148041,0.8577815471381464,,,,,roc_auc,0.823245201348524,0.7431098818778992,0.4902917742729187,0.823245201348524,,,,,roc_auc,0.8387504778637255,0.7642857432365417,0.4599659740924835,0.8387504778637255,,,,
tolokers,GT,4,512,3e-05,5,650,roc_auc,0.8826507614130558,0.8037081360816956,0.4181338846683502,0.8826507614130558,,,,,roc_auc,0.840355650779556,0.7699897885322571,0.5138053297996521,0.840355650779556,,,,,roc_auc,0.8191675546120291,0.7547619342803955,0.5474808812141418,0.8191675546120291,,,,
tolokers,GT,4,512,3e-05,6,750,roc_auc,0.9096588107046217,0.8452118039131165,0.34011054039001465,0.9096588107046217,,,,,roc_auc,0.8356055391040706,0.7832595705986023,0.4765125513076782,0.8356055391040706,,,,,roc_auc,0.8311304154499781,0.7768707871437073,0.4965885877609253,0.8311304154499781,,,,
tolokers,GT,4,512,3e-05,7,250,roc_auc,0.8354460519059239,0.781255304813385,0.4362722933292389,0.8354460519059239,,,,,roc_auc,0.8412314038253436,0.7856413722038269,0.4300299882888794,0.8412314038253436,,,,,roc_auc,0.8133172825347248,0.7595238089561462,0.4784698784351349,0.8133172825347248,,,,
tolokers,GT,4,512,3e-05,8,210,roc_auc,0.8357903141231624,0.7938424944877625,0.41123852133750916,0.8357903141231624,,,,,roc_auc,0.8227910317457086,0.7788363099098206,0.4384234547615051,0.8227910317457086,,,,,roc_auc,0.8324094634640986,0.7840136289596558,0.41997241973876953,0.8324094634640986,,,,
tolokers,GT,4,512,3e-05,9,230,roc_auc,0.8414233258511418,0.7929919958114624,0.40910249948501587,0.8414233258511418,,,,,roc_auc,0.8211508617002644,0.7873426079750061,0.43726980686187744,0.8211508617002644,,,,,roc_auc,0.8281957899189056,0.7806122303009033,0.4263448417186737,0.8281957899189056,,,,
tolokers,GT,5,512,3e-05,0,630,roc_auc,0.8885217889153671,0.8363667726516724,0.35341933369636536,0.8885217889153671,,,,,roc_auc,0.8263001538338296,0.781898558139801,0.451321542263031,0.8263001538338296,,,,,roc_auc,0.8285272443327396,0.7823129296302795,0.45581114292144775,0.8285272443327396,,,,
tolokers,GT,5,512,3e-05,1,290,roc_auc,0.8473492148447225,0.7946929931640625,0.4144211411476135,0.8473492148447225,,,,,roc_auc,0.831930770703413,0.7825790643692017,0.44098153710365295,0.831930770703413,,,,,roc_auc,0.8319444783354888,0.7744898200035095,0.4442543089389801,0.8319444783354888,,,,
tolokers,GT,5,512,3e-05,2,170,roc_auc,0.8290172517767661,0.807110071182251,0.4045940637588501,0.8290172517767661,,,,,roc_auc,0.8168881846657678,0.795508623123169,0.42349928617477417,0.8168881846657678,,,,,roc_auc,0.8264392170897624,0.8040816187858582,0.40392693877220154,0.8264392170897624,,,,
tolokers,GT,5,512,3e-05,3,720,roc_auc,0.9092099131238183,0.8397687077522278,0.3373386859893799,0.9092099131238183,,,,,roc_auc,0.8280285780621824,0.7716910243034363,0.46381640434265137,0.8280285780621824,,,,,roc_auc,0.8314727149980072,0.7819728255271912,0.45849019289016724,0.8314727149980072,,,,
tolokers,GT,5,512,3e-05,4,700,roc_auc,0.8992132506018654,0.8188467621803284,0.3655287027359009,0.8992132506018654,,,,,roc_auc,0.8271093768032706,0.7662469744682312,0.4845026731491089,0.8271093768032706,,,,,roc_auc,0.8331970913350089,0.7741496562957764,0.4748809337615967,0.8331970913350089,,,,
tolokers,GT,5,512,3e-05,5,600,roc_auc,0.883798189078985,0.8123830556869507,0.3974451720714569,0.883798189078985,,,,,roc_auc,0.8502917140184303,0.7822388410568237,0.46552547812461853,0.8502917140184303,,,,,roc_auc,0.8213440374807838,0.7510204315185547,0.5131192207336426,0.8213440374807838,,,,
tolokers,GT,5,512,3e-05,6,600,roc_auc,0.8841701788196316,0.8241197466850281,0.37879085540771484,0.8841701788196316,,,,,roc_auc,0.8456865428664144,0.7931268811225891,0.44316214323043823,0.8456865428664144,,,,,roc_auc,0.8345466327213966,0.7863945960998535,0.46520423889160156,0.8345466327213966,,,,
tolokers,GT,5,512,3e-05,7,630,roc_auc,0.881702344442658,0.815444827079773,0.3769884407520294,0.881702344442658,,,,,roc_auc,0.8427100008282317,0.7856413722038269,0.45073258876800537,0.8427100008282317,,,,,roc_auc,0.8210403737233244,0.7646258473396301,0.48728734254837036,0.8210403737233244,,,,
tolokers,GT,5,512,3e-05,8,600,roc_auc,0.8716398820486417,0.8103418946266174,0.40489017963409424,0.8716398820486417,,,,,roc_auc,0.8320543265594853,0.7771350741386414,0.49489039182662964,0.8320543265594853,,,,,roc_auc,0.8293192780394166,0.7744898200035095,0.49156859517097473,0.8293192780394166,,,,
tolokers,GT,5,512,3e-05,9,690,roc_auc,0.9000130243045734,0.8329647779464722,0.34972357749938965,0.9000130243045734,,,,,roc_auc,0.8288153980467314,0.7754337787628174,0.47795096039772034,0.8288153980467314,,,,,roc_auc,0.8410879431931871,0.7782313227653503,0.4506453573703766,0.8410879431931871,,,,
tolokers,GT-sep,1,512,3e-05,0,1210,roc_auc,0.8688444050097444,0.8319442272186279,0.3537004590034485,0.8688444050097444,,,,,roc_auc,0.7983466597149524,0.781898558139801,0.4644528925418854,0.7983466597149524,,,,,roc_auc,0.8031174338243467,0.7891156673431396,0.4411412179470062,0.8031174338243467,,,,
tolokers,GT-sep,1,512,3e-05,1,670,roc_auc,0.8405355363401841,0.8156149387359619,0.3819570541381836,0.8405355363401841,,,,,roc_auc,0.8110953158752983,0.8002721667289734,0.426218718290329,0.8110953158752983,,,,,roc_auc,0.8043686911820924,0.7986394762992859,0.42920994758605957,0.8043686911820924,,,,
tolokers,GT-sep,1,512,3e-05,2,1120,roc_auc,0.8768511301636788,0.8275216817855835,0.34317898750305176,0.8768511301636788,,,,,roc_auc,0.7893073947500981,0.7849608659744263,0.4723384976387024,0.7893073947500981,,,,,roc_auc,0.8145583725791627,0.8003401756286621,0.432747483253479,0.8145583725791627,,,,
tolokers,GT-sep,1,512,3e-05,3,670,roc_auc,0.8445990176146937,0.8130634427070618,0.38077858090400696,0.8445990176146937,,,,,roc_auc,0.7948259966952202,0.7825790643692017,0.436965674161911,0.7948259966952202,,,,,roc_auc,0.8059693652071827,0.801360547542572,0.435604065656662,0.8059693652071827,,,,
tolokers,GT-sep,1,512,3e-05,4,840,roc_auc,0.8649683177007761,0.8230991959571838,0.35557281970977783,0.8649683177007761,,,,,roc_auc,0.8012115262678392,0.7887036204338074,0.4528157114982605,0.8012115262678392,,,,,roc_auc,0.8167755247011489,0.7972789406776428,0.4470597207546234,0.8167755247011489,,,,
tolokers,GT-sep,1,512,3e-05,5,1020,roc_auc,0.8523916388034735,0.8186766505241394,0.3692174553871155,0.8523916388034735,,,,,roc_auc,0.8179302629024221,0.7975501418113708,0.42502251267433167,0.8179302629024221,,,,,roc_auc,0.7910793348679198,0.7840136289596558,0.4503398835659027,0.7910793348679198,,,,
tolokers,GT-sep,1,512,3e-05,6,1660,roc_auc,0.8887085045317119,0.8414696455001831,0.3297031819820404,0.8887085045317119,,,,,roc_auc,0.7938925389913769,0.7812180519104004,0.4723491370677948,0.7938925389913769,,,,,roc_auc,0.7994260212727308,0.7840136289596558,0.46396198868751526,0.7994260212727308,,,,
tolokers,GT-sep,1,512,3e-05,7,550,roc_auc,0.8450080621802009,0.8142541646957397,0.38149136304855347,0.8450080621802009,,,,,roc_auc,0.8095454366477531,0.7978904247283936,0.42341068387031555,0.8095454366477531,,,,,roc_auc,0.7969350295123214,0.7867347002029419,0.4373236298561096,0.7969350295123214,,,,
tolokers,GT-sep,1,512,3e-05,8,1040,roc_auc,0.8571909593689182,0.8261609077453613,0.3640459477901459,0.8571909593689182,,,,,roc_auc,0.8069453326435929,0.7921061515808105,0.43972548842430115,0.8069453326435929,,,,,roc_auc,0.8006840568393484,0.7901360392570496,0.44773513078689575,0.8006840568393484,,,,
tolokers,GT-sep,1,512,3e-05,9,720,roc_auc,0.8450777625601441,0.8147644400596619,0.37920790910720825,0.8450777625601441,,,,,roc_auc,0.7853271311009099,0.7750935554504395,0.4534933269023895,0.7853271311009099,,,,,roc_auc,0.8042178760346936,0.7833333611488342,0.4232857823371887,0.8042178760346936,,,,
tolokers,GT-sep,2,512,3e-05,0,780,roc_auc,0.8866431008155792,0.8307535648345947,0.35722386837005615,0.8866431008155792,,,,,roc_auc,0.8188555740663046,0.7825790643692017,0.4737450182437897,0.8188555740663046,,,,,roc_auc,0.8193054911625712,0.7741496562957764,0.4705497622489929,0.8193054911625712,,,,
tolokers,GT-sep,2,512,3e-05,1,280,roc_auc,0.8301987664898212,0.799625813961029,0.4002169668674469,0.8301987664898212,,,,,roc_auc,0.823725847206212,0.7938073873519897,0.4132516086101532,0.823725847206212,,,,,roc_auc,0.8219845782191747,0.7938775420188904,0.4117559492588043,0.8219845782191747,,,,
tolokers,GT-sep,2,512,3e-05,2,270,roc_auc,0.8330223950203742,0.807110071182251,0.39338216185569763,0.8330223950203742,,,,,roc_auc,0.8103342932672921,0.7921061515808105,0.4195499122142792,0.8103342932672921,,,,,roc_auc,0.8283893077821971,0.8027210831642151,0.3961891829967499,0.8283893077821971,,,,
tolokers,GT-sep,2,512,3e-05,3,690,roc_auc,0.8708277284730971,0.8227589726448059,0.3698333203792572,0.8708277284730971,,,,,roc_auc,0.8232709987250665,0.7856413722038269,0.44650742411613464,0.8232709987250665,,,,,roc_auc,0.8211603480203563,0.7965986728668213,0.4501630961894989,0.8211603480203563,,,,
tolokers,GT-sep,2,512,3e-05,4,630,roc_auc,0.8853145539141767,0.8367069363594055,0.3418918550014496,0.8853145539141767,,,,,roc_auc,0.8174129576149105,0.7866621017456055,0.45357102155685425,0.8174129576149105,,,,,roc_auc,0.8279270339371363,0.7962585091590881,0.44155964255332947,0.8279270339371363,,,,
tolokers,GT-sep,2,512,3e-05,5,710,roc_auc,0.8830430168359488,0.841809868812561,0.3500719666481018,0.8830430168359488,,,,,roc_auc,0.8419802066234084,0.8094589710235596,0.4264664649963379,0.8419802066234084,,,,,roc_auc,0.8176207673474701,0.7857142686843872,0.46728840470314026,0.8176207673474701,,,,
tolokers,GT-sep,2,512,3e-05,6,590,roc_auc,0.8752224137428121,0.8307535648345947,0.35852086544036865,0.8752224137428121,,,,,roc_auc,0.8287862062785383,0.8023136854171753,0.43319010734558105,0.8287862062785383,,,,,roc_auc,0.8275955795233021,0.7914966344833374,0.43795299530029297,0.8275955795233021,,,,
tolokers,GT-sep,2,512,3e-05,7,410,roc_auc,0.8455200462362813,0.8042184114456177,0.3937166631221771,0.8455200462362813,,,,,roc_auc,0.834109970142931,0.8101394772529602,0.4134799540042877,0.834109970142931,,,,,roc_auc,0.8079109831385276,0.7775510549545288,0.44915422797203064,0.8079109831385276,,,,
tolokers,GT-sep,2,512,3e-05,8,440,roc_auc,0.8493277898636994,0.8157849907875061,0.38328468799591064,0.8493277898636994,,,,,roc_auc,0.8188650783629257,0.7887036204338074,0.434164434671402,0.8188650783629257,,,,,roc_auc,0.8326107762675928,0.8034013509750366,0.41127997636795044,0.8326107762675928,,,,
tolokers,GT-sep,2,512,3e-05,9,380,roc_auc,0.8553613667922292,0.8113625049591064,0.38497427105903625,0.8553613667922292,,,,,roc_auc,0.8217828974255575,0.795168399810791,0.43270614743232727,0.8217828974255575,,,,,roc_auc,0.8306108657399499,0.789455771446228,0.42084774374961853,0.8306108657399499,,,,
tolokers,GT-sep,3,512,3e-05,0,650,roc_auc,0.9029377268654094,0.8504847884178162,0.31798458099365234,0.9029377268654094,,,,,roc_auc,0.829042822287304,0.7965294122695923,0.4362494647502899,0.829042822287304,,,,,roc_auc,0.8291386387729816,0.7901360392570496,0.43366384506225586,0.8291386387729816,,,,
tolokers,GT-sep,3,512,3e-05,1,430,roc_auc,0.8587103767754942,0.8076203465461731,0.3846450746059418,0.8587103767754942,,,,,roc_auc,0.8299905364360788,0.7924463748931885,0.42746564745903015,0.8299905364360788,,,,,roc_auc,0.8286109552123071,0.7829931974411011,0.4272851347923279,0.8286109552123071,,,,
tolokers,GT-sep,3,512,3e-05,2,300,roc_auc,0.8482613401331057,0.8098316192626953,0.38796183466911316,0.8482613401331057,,,,,roc_auc,0.8143383176580328,0.7887036204338074,0.4329560697078705,0.8143383176580328,,,,,roc_auc,0.8329781551884479,0.8040816187858582,0.40817713737487793,0.8329781551884479,,,,
tolokers,GT-sep,3,512,3e-05,3,770,roc_auc,0.8805618698559933,0.8168056011199951,0.3740019202232361,0.8805618698559933,,,,,roc_auc,0.8251976554257994,0.770330011844635,0.45430323481559753,0.8251976554257994,,,,,roc_auc,0.8340565682199611,0.7887755036354065,0.44846516847610474,0.8340565682199611,,,,
tolokers,GT-sep,3,512,3e-05,4,420,roc_auc,0.8625795110051983,0.7776833176612854,0.4219505488872528,0.8625795110051983,,,,,roc_auc,0.8209987929543292,0.7492344379425049,0.479714959859848,0.8209987929543292,,,,,roc_auc,0.8361659468208846,0.767346978187561,0.45381051301956177,0.8361659468208846,,,,
tolokers,GT-sep,3,512,3e-05,5,850,roc_auc,0.9046450469994242,0.8481034636497498,0.32889002561569214,0.9046450469994242,,,,,roc_auc,0.8486474707030057,0.8087784647941589,0.4460546374320984,0.8486474707030057,,,,,roc_auc,0.8191939896266291,0.789455771446228,0.4910191595554352,0.8191939896266291,,,,
tolokers,GT-sep,3,512,3e-05,6,900,roc_auc,0.9101953849190764,0.8390883207321167,0.34374547004699707,0.9101953849190764,,,,,roc_auc,0.8392511157365354,0.7808778285980225,0.46880805492401123,0.8392511157365354,,,,,roc_auc,0.8335543029425561,0.7727891206741333,0.485068142414093,0.8335543029425561,,,,
tolokers,GT-sep,3,512,3e-05,7,330,roc_auc,0.8471882764978459,0.8064296841621399,0.3977389633655548,0.8471882764978459,,,,,roc_auc,0.8442293305309236,0.81252121925354,0.4041541516780853,0.8442293305309236,,,,,roc_auc,0.812637428184877,0.7789115905761719,0.44787904620170593,0.812637428184877,,,,
tolokers,GT-sep,3,512,3e-05,8,730,roc_auc,0.882173627546947,0.8183364868164062,0.3799974322319031,0.882173627546947,,,,,roc_auc,0.8267943772581191,0.7710105180740356,0.499868243932724,0.8267943772581191,,,,,roc_auc,0.8279134775193926,0.768367350101471,0.4857211709022522,0.8279134775193926,,,,
tolokers,GT-sep,3,512,3e-05,9,280,roc_auc,0.8486616509527074,0.8088110685348511,0.3905377686023712,0.8486616509527074,,,,,roc_auc,0.824345663121564,0.7999319434165955,0.4247290790081024,0.824345663121564,,,,,roc_auc,0.8362666032226318,0.7976190447807312,0.40964311361312866,0.8362666032226318,,,,
tolokers,GT-sep,4,512,3e-05,0,310,roc_auc,0.8407666838289014,0.8001360893249512,0.4029318690299988,0.8407666838289014,,,,,roc_auc,0.8203939123622387,0.7900646328926086,0.43257713317871094,0.8203939123622387,,,,,roc_auc,0.819672192262539,0.7833333611488342,0.4275982081890106,0.819672192262539,,,,
tolokers,GT-sep,4,512,3e-05,1,520,roc_auc,0.8686882151072437,0.7941827178001404,0.3884066939353943,0.8686882151072437,,,,,roc_auc,0.8321894233471689,0.776114284992218,0.4389517903327942,0.8321894233471689,,,,,roc_auc,0.8259959222295427,0.7557823061943054,0.4511233866214752,0.8259959222295427,,,,
tolokers,GT-sep,4,512,3e-05,2,200,roc_auc,0.8264881963848059,0.8043885231018066,0.39646196365356445,0.8264881963848059,,,,,roc_auc,0.812533859056712,0.7941476702690125,0.4139166474342346,0.812533859056712,,,,,roc_auc,0.8235401771552671,0.8030612468719482,0.393829882144928,0.8235401771552671,,,,
tolokers,GT-sep,4,512,3e-05,3,720,roc_auc,0.8877803532435606,0.8256506323814392,0.3591974377632141,0.8877803532435606,,,,,roc_auc,0.8253239267951918,0.7733922600746155,0.4475136697292328,0.8253239267951918,,,,,roc_auc,0.8362771094463831,0.7833333611488342,0.43737128376960754,0.8362771094463831,,,,
tolokers,GT-sep,4,512,3e-05,4,510,roc_auc,0.8720334941699279,0.789590060710907,0.3998352289199829,0.8720334941699279,,,,,roc_auc,0.8219274985098619,0.7485539317131042,0.47099941968917847,0.8219274985098619,,,,,roc_auc,0.8384264794796504,0.7690476179122925,0.443642795085907,0.8384264794796504,,,,
tolokers,GT-sep,4,512,3e-05,5,510,roc_auc,0.8576242549182012,0.7513182759284973,0.45613932609558105,0.8576242549182012,,,,,roc_auc,0.8404574825290662,0.7403878569602966,0.4900570809841156,0.8404574825290662,,,,,roc_auc,0.8140127267649778,0.7204082012176514,0.5112139582633972,0.8140127267649778,,,,
tolokers,GT-sep,4,512,3e-05,6,860,roc_auc,0.9182719800402533,0.8552474975585938,0.3137601912021637,0.9182719800402533,,,,,roc_auc,0.8411798090722584,0.7890438437461853,0.45164236426353455,0.8411798090722584,,,,,roc_auc,0.8297984974066573,0.773809552192688,0.46954837441444397,0.8297984974066573,,,,
tolokers,GT-sep,4,512,3e-05,7,340,roc_auc,0.8421608610150684,0.7809151411056519,0.41639840602874756,0.8421608610150684,,,,,roc_auc,0.8412083219621214,0.781898558139801,0.4223449230194092,0.8412083219621214,,,,,roc_auc,0.8134209891304642,0.7551020383834839,0.45901864767074585,0.8134209891304642,,,,
tolokers,GT-sep,4,512,3e-05,8,290,roc_auc,0.8449095319594048,0.8101718425750732,0.3941551744937897,0.8449095319594048,,,,,roc_auc,0.8301432840603442,0.8036746978759766,0.42128437757492065,0.8301432840603442,,,,,roc_auc,0.8377032445930227,0.7989795804023743,0.4083642363548279,0.8377032445930227,,,,
tolokers,GT-sep,4,512,3e-05,9,490,roc_auc,0.8681262027979191,0.7754720449447632,0.4301416575908661,0.8681262027979191,,,,,roc_auc,0.8215778761698772,0.7346035838127136,0.4909147024154663,0.8215778761698772,,,,,roc_auc,0.8377022278616919,0.7462584972381592,0.47044020891189575,0.8377022278616919,,,,
tolokers,GT-sep,5,512,3e-05,0,630,roc_auc,0.9010709098765608,0.849974513053894,0.3234882354736328,0.9010709098765608,,,,,roc_auc,0.8266755735503571,0.7910853624343872,0.43671557307243347,0.8266755735503571,,,,,roc_auc,0.8307233840072229,0.7921769022941589,0.4370247721672058,0.8307233840072229,,,,
tolokers,GT-sep,5,512,3e-05,1,290,roc_auc,0.8420758977782029,0.7829563021659851,0.4176226556301117,0.8420758977782029,,,,,roc_auc,0.829382261452338,0.7822388410568237,0.4382369816303253,0.829382261452338,,,,,roc_auc,0.8256976810391807,0.7795918583869934,0.444407194852829,0.8256976810391807,,,,
tolokers,GT-sep,5,512,3e-05,2,360,roc_auc,0.8555215419962596,0.7940126061439514,0.4007866084575653,0.8555215419962596,,,,,roc_auc,0.8154238441078113,0.7733922600746155,0.4582535922527313,0.8154238441078113,,,,,roc_auc,0.8322372969587533,0.781632661819458,0.43704643845558167,0.8322372969587533,,,,
tolokers,GT-sep,5,512,3e-05,3,740,roc_auc,0.8911032467827594,0.8178261518478394,0.3716476857662201,0.8911032467827594,,,,,roc_auc,0.823934941731873,0.7665872573852539,0.4693877100944519,0.823934941731873,,,,,roc_auc,0.8338728787595335,0.7772108912467957,0.4595068693161011,0.8338728787595335,,,,
tolokers,GT-sep,5,512,3e-05,4,780,roc_auc,0.8997876427840265,0.8178261518478394,0.35601815581321716,0.8997876427840265,,,,,roc_auc,0.8264868453745983,0.7659067511558533,0.4778350293636322,0.8264868453745983,,,,,roc_auc,0.838690151804766,0.775170087814331,0.4505966603755951,0.838690151804766,,,,
tolokers,GT-sep,5,512,3e-05,5,700,roc_auc,0.886722722052522,0.797924816608429,0.4032530188560486,0.886722722052522,,,,,roc_auc,0.8456088112976217,0.7631847262382507,0.47371768951416016,0.8456088112976217,,,,,roc_auc,0.8139157983781101,0.7387754917144775,0.5206130146980286,0.8139157983781101,,,,
tolokers,GT-sep,5,512,3e-05,6,720,roc_auc,0.9049763357882791,0.8464024662971497,0.33379924297332764,0.9049763357882791,,,,,roc_auc,0.8412667054985072,0.7941476702690125,0.4460633397102356,0.8412667054985072,,,,,roc_auc,0.8372152135542488,0.7799319624900818,0.4557446241378784,0.8372152135542488,,,,
tolokers,GT-sep,5,512,3e-05,7,340,roc_auc,0.8454344046502194,0.7938424944877625,0.4076492488384247,0.8454344046502194,,,,,roc_auc,0.8421044413578109,0.7931268811225891,0.41617152094841003,0.8421044413578109,,,,,roc_auc,0.8154747864186386,0.7612245082855225,0.4505073130130768,0.8154747864186386,,,,
tolokers,GT-sep,5,512,3e-05,8,560,roc_auc,0.8798277264380495,0.806089460849762,0.39467111229896545,0.8798277264380495,,,,,roc_auc,0.835469763438057,0.7614834904670715,0.4945116937160492,0.835469763438057,,,,,roc_auc,0.8338871129981645,0.7653061151504517,0.4805052876472473,0.8338871129981645,,,,
tolokers,GT-sep,5,512,3e-05,9,260,roc_auc,0.842928413130941,0.7887396216392517,0.4211672246456146,0.842928413130941,,,,,roc_auc,0.8217292660374822,0.7679482698440552,0.4485207796096802,0.8217292660374822,,,,,roc_auc,0.8311971808073659,0.7680272459983826,0.4389754831790924,0.8311971808073659,,,,
tolokers,TAG,1,512,3e-05,0,1640,roc_auc,0.8889786570992296,0.8433406949043274,0.3302650451660156,0.8889786570992296,,,,,roc_auc,0.8421261654643731,0.8118407130241394,0.40428364276885986,0.8421261654643731,,,,,roc_auc,0.8342012829793752,0.8081632852554321,0.41604188084602356,0.8342012829793752,,,,
tolokers,TAG,1,512,3e-05,1,1340,roc_auc,0.875629932022627,0.8305834531784058,0.34853971004486084,0.875629932022627,,,,,roc_auc,0.8486746258362083,0.8176250457763672,0.39294594526290894,0.8486746258362083,,,,,roc_auc,0.8449925304138233,0.8193877935409546,0.38943395018577576,0.8449925304138233,,,,
tolokers,TAG,1,512,3e-05,2,1690,roc_auc,0.8834490088300715,0.8322843909263611,0.35023579001426697,0.8834490088300715,,,,,roc_auc,0.8335743351405074,0.8080979585647583,0.42030373215675354,0.8335743351405074,,,,,roc_auc,0.8494424245382008,0.8153061270713806,0.4036957323551178,0.8494424245382008,,,,
tolokers,TAG,1,512,3e-05,3,1370,roc_auc,0.8706038732382423,0.8338152766227722,0.3517693281173706,0.8706038732382423,,,,,roc_auc,0.837278295309358,0.8043552041053772,0.40183189511299133,0.837278295309358,,,,,roc_auc,0.847648910470706,0.8224489688873291,0.38554269075393677,0.847648910470706,,,,
tolokers,TAG,1,512,3e-05,4,1430,roc_auc,0.8904237104751362,0.8460623025894165,0.3269006907939911,0.8904237104751362,,,,,roc_auc,0.8276212510641419,0.8029941916465759,0.4324028491973877,0.8276212510641419,,,,,roc_auc,0.8582940875039653,0.8183673620223999,0.3975452184677124,0.8582940875039653,,,,
tolokers,TAG,1,512,3e-05,5,1090,roc_auc,0.8775667037723678,0.8402789831161499,0.34649455547332764,0.8775667037723678,,,,,roc_auc,0.8456556539023964,0.8196665048599243,0.3978675603866577,0.8456556539023964,,,,,roc_auc,0.8265008987904963,0.8061224818229675,0.4230450987815857,0.8265008987904963,,,,
tolokers,TAG,1,512,3e-05,6,1970,roc_auc,0.8913391427158524,0.8436809182167053,0.3328586220741272,0.8913391427158524,,,,,roc_auc,0.844342024333715,0.8149030208587646,0.41170889139175415,0.844342024333715,,,,,roc_auc,0.8450528564727828,0.8204081654548645,0.40216729044914246,0.8450528564727828,,,,
tolokers,TAG,1,512,3e-05,7,1470,roc_auc,0.8886791659289619,0.8453818559646606,0.3297123908996582,0.8886791659289619,,,,,roc_auc,0.8468681305998977,0.8186457753181458,0.4011131525039673,0.8468681305998977,,,,,roc_auc,0.8307481244696053,0.8098639845848083,0.42795392870903015,0.8307481244696053,,,,
tolokers,TAG,1,512,3e-05,8,1940,roc_auc,0.8935804084611851,0.8506549000740051,0.32676851749420166,0.8935804084611851,,,,,roc_auc,0.8410161993947122,0.8155835270881653,0.43238088488578796,0.8410161993947122,,,,,roc_auc,0.8367122704559565,0.8085033893585205,0.4311639070510864,0.8367122704559565,,,,
tolokers,TAG,1,512,3e-05,9,1530,roc_auc,0.8820952782147479,0.8390883207321167,0.33916833996772766,0.8820952782147479,,,,,roc_auc,0.8453508375321959,0.8152432441711426,0.4060162305831909,0.8453508375321959,,,,,roc_auc,0.8557607319381068,0.819727897644043,0.3842363953590393,0.8557607319381068,,,,
tolokers,TAG,2,512,3e-05,0,810,roc_auc,0.8803364883354464,0.8394284844398499,0.35535427927970886,0.8803364883354464,,,,,roc_auc,0.85138946027815,0.8240898251533508,0.40735605359077454,0.85138946027815,,,,,roc_auc,0.8470710681643797,0.8183673620223999,0.41322752833366394,0.8470710681643797,,,,
tolokers,TAG,2,512,3e-05,1,790,roc_auc,0.8719202098541075,0.83160400390625,0.35149502754211426,0.8719202098541075,,,,,roc_auc,0.8505557976888266,0.8264715671539307,0.388650506734848,0.8505557976888266,,,,,roc_auc,0.8515375689004933,0.8221088647842407,0.3854841887950897,0.8515375689004933,,,,
tolokers,TAG,2,512,3e-05,2,860,roc_auc,0.8758459014480721,0.8343256115913391,0.3644428551197052,0.8758459014480721,,,,,roc_auc,0.8432089764008314,0.814222514629364,0.4190484583377838,0.8432089764008314,,,,,roc_auc,0.8567100200906111,0.8295918703079224,0.40035417675971985,0.8567100200906111,,,,
tolokers,TAG,2,512,3e-05,3,640,roc_auc,0.8747998021933743,0.8385779857635498,0.3499200940132141,0.8747998021933743,,,,,roc_auc,0.8376156978394018,0.8077577352523804,0.4037894010543823,0.8376156978394018,,,,,roc_auc,0.8476624668884497,0.8214285969734192,0.39341604709625244,0.8476624668884497,,,,
tolokers,TAG,2,512,3e-05,4,1400,roc_auc,0.8966200912108331,0.8535465598106384,0.35144951939582825,0.8966200912108331,,,,,roc_auc,0.8294067010722205,0.8108199834823608,0.5009190440177917,0.8294067010722205,,,,,roc_auc,0.8512474615607776,0.8234694004058838,0.4656386375427246,0.8512474615607776,,,,
tolokers,TAG,2,512,3e-05,5,650,roc_auc,0.8724940084807217,0.8394284844398499,0.35497498512268066,0.8724940084807217,,,,,roc_auc,0.8458925824395901,0.820347011089325,0.39787232875823975,0.8458925824395901,,,,,roc_auc,0.8302282358491333,0.8037415146827698,0.4216407835483551,0.8302282358491333,,,,
tolokers,TAG,2,512,3e-05,6,870,roc_auc,0.8798051713272648,0.8452118039131165,0.3501369059085846,0.8798051713272648,,,,,roc_auc,0.8478762649200485,0.818305492401123,0.41350722312927246,0.8478762649200485,,,,,roc_auc,0.8412543482209913,0.8200680613517761,0.4153102934360504,0.8412543482209913,,,,
tolokers,TAG,2,512,3e-05,7,870,roc_auc,0.8837836893649091,0.8438510298728943,0.3429887592792511,0.8837836893649091,,,,,roc_auc,0.8500656475345175,0.8247703313827515,0.4096274971961975,0.8500656475345175,,,,,roc_auc,0.8416671411412878,0.8129251599311829,0.42452293634414673,0.8416671411412878,,,,
tolokers,TAG,2,512,3e-05,8,1100,roc_auc,0.8897243324535143,0.8479333519935608,0.3402065336704254,0.8897243324535143,,,,,roc_auc,0.8388010194037004,0.8169445395469666,0.45043355226516724,0.8388010194037004,,,,,roc_auc,0.8417694920952528,0.8108843564987183,0.4384716749191284,0.8417694920952528,,,,
tolokers,TAG,2,512,3e-05,9,1430,roc_auc,0.893780182299563,0.8530362248420715,0.3223573565483093,0.893780182299563,,,,,roc_auc,0.848569399695048,0.8230690360069275,0.4149957001209259,0.848569399695048,,,,,roc_auc,0.8501127893956278,0.8221088647842407,0.4070199131965637,0.8501127893956278,,,,
tolokers,TAG,3,512,3e-05,0,720,roc_auc,0.8849206026182922,0.8390883207321167,0.3410796523094177,0.8849206026182922,,,,,roc_auc,0.8526297709871841,0.8149030208587646,0.4019589126110077,0.8526297709871841,,,,,roc_auc,0.8489987907675373,0.8187074661254883,0.4064854383468628,0.8489987907675373,,,,
tolokers,TAG,3,512,3e-05,1,560,roc_auc,0.8640576339044355,0.83160400390625,0.36795780062675476,0.8640576339044355,,,,,roc_auc,0.8495592043002869,0.8210275173187256,0.3981558084487915,0.8495592043002869,,,,,roc_auc,0.8474245517570473,0.8241496682167053,0.39536017179489136,0.8474245517570473,,,,
tolokers,TAG,3,512,3e-05,2,640,roc_auc,0.8649090469397294,0.8312638401985168,0.3807470500469208,0.8649090469397294,,,,,roc_auc,0.8392551890065159,0.8179652690887451,0.4246935248374939,0.8392551890065159,,,,,roc_auc,0.8520167882677339,0.8299319744110107,0.4057866632938385,0.8520167882677339,,,,
tolokers,TAG,3,512,3e-05,3,670,roc_auc,0.8731191920589731,0.8348358869552612,0.3553246557712555,0.8731191920589731,,,,,roc_auc,0.8391173767055121,0.8172847628593445,0.405044823884964,0.8391173767055121,,,,,roc_auc,0.8477668513050763,0.8248299360275269,0.394122451543808,0.8477668513050763,,,,
tolokers,TAG,3,512,3e-05,4,880,roc_auc,0.8862076006314075,0.8440210819244385,0.369992196559906,0.8862076006314075,,,,,roc_auc,0.8324080221694508,0.8145627379417419,0.48043811321258545,0.8324080221694508,,,,,roc_auc,0.85615624042578,0.8221088647842407,0.44980478286743164,0.85615624042578,,,,
tolokers,TAG,3,512,3e-05,5,450,roc_auc,0.8637319414964518,0.8310937285423279,0.38690513372421265,0.8637319414964518,,,,,roc_auc,0.8454716778749479,0.814222514629364,0.42277735471725464,0.8454716778749479,,,,,roc_auc,0.8256021082940875,0.8074830174446106,0.4460659325122833,0.8256021082940875,,,,
tolokers,TAG,3,512,3e-05,6,610,roc_auc,0.8633506244543528,0.8310937285423279,0.4145749509334564,0.8633506244543528,,,,,roc_auc,0.8478144869920123,0.8166042566299438,0.45056959986686707,0.8478144869920123,,,,,roc_auc,0.8396946823595758,0.8153061270713806,0.45498278737068176,0.8396946823595758,,,,
tolokers,TAG,3,512,3e-05,7,370,roc_auc,0.8600394324387942,0.83245450258255,0.3801112174987793,0.8600394324387942,,,,,roc_auc,0.8460779162236985,0.8166042566299438,0.4126244783401489,0.8460779162236985,,,,,roc_auc,0.8337122352092705,0.8044217824935913,0.4268377125263214,0.8337122352092705,,,,
tolokers,TAG,3,512,3e-05,8,770,roc_auc,0.8860505627924109,0.8426603078842163,0.36118531227111816,0.8860505627924109,,,,,roc_auc,0.8405735707235078,0.8145627379417419,0.4564609229564667,0.8405735707235078,,,,,roc_auc,0.8439927446052236,0.8156462907791138,0.44720983505249023,0.8439927446052236,,,,
tolokers,TAG,3,512,3e-05,9,1190,roc_auc,0.8860705740937085,0.8469127416610718,0.37240180373191833,0.8860705740937085,,,,,roc_auc,0.8477730754138781,0.8169445395469666,0.4607817828655243,0.8477730754138781,,,,,roc_auc,0.8420653609125096,0.8159863948822021,0.4593168795108795,0.8420653609125096,,,,
tolokers,TAG,4,512,3e-05,0,460,roc_auc,0.8742167610589573,0.8361966609954834,0.3564242124557495,0.8742167610589573,,,,,roc_auc,0.8516576172185268,0.820347011089325,0.394783616065979,0.8516576172185268,,,,,roc_auc,0.8460224792519027,0.8125850558280945,0.4008750021457672,0.8460224792519027,,,,
tolokers,TAG,4,512,3e-05,1,680,roc_auc,0.8709861230104866,0.8353461623191833,0.3672713041305542,0.8709861230104866,,,,,roc_auc,0.8492014354203411,0.8254508376121521,0.41664919257164,0.8492014354203411,,,,,roc_auc,0.8459726594166944,0.8234694004058838,0.41654518246650696,0.8459726594166944,,,,
tolokers,TAG,4,512,3e-05,2,420,roc_auc,0.8572533674949988,0.8251403570175171,0.37984004616737366,0.8572533674949988,,,,,roc_auc,0.8374351162036039,0.814222514629364,0.413806676864624,0.8374351162036039,,,,,roc_auc,0.850757397059342,0.8272109031677246,0.39268288016319275,0.850757397059342,,,,
tolokers,TAG,4,512,3e-05,3,900,roc_auc,0.8860994039345609,0.8412995338439941,0.3410111367702484,0.8860994039345609,,,,,roc_auc,0.8416699592265674,0.8172847628593445,0.4072466492652893,0.8416699592265674,,,,,roc_auc,0.8506252219863406,0.8268707394599915,0.39800703525543213,0.8506252219863406,,,,
tolokers,TAG,4,512,3e-05,4,1070,roc_auc,0.8926365703478643,0.8436809182167053,0.3718497157096863,0.8926365703478643,,,,,roc_auc,0.838435103983794,0.814222514629364,0.48199015855789185,0.838435103983794,,,,,roc_auc,0.8595250102350955,0.8224489688873291,0.4542200565338135,0.8595250102350955,,,,
tolokers,TAG,4,512,3e-05,5,810,roc_auc,0.8869977926517146,0.8443613052368164,0.35490846633911133,0.8869977926517146,,,,,roc_auc,0.8515184471608628,0.8213678002357483,0.4142801761627197,0.8515184471608628,,,,,roc_auc,0.8325538393130691,0.8057823181152344,0.4435194432735443,0.8325538393130691,,,,
tolokers,TAG,4,512,3e-05,6,750,roc_auc,0.8815147808898178,0.8435108065605164,0.374830037355423,0.8815147808898178,,,,,roc_auc,0.8545903716044203,0.8240898251533508,0.43858325481414795,0.8545903716044203,,,,,roc_auc,0.8425232289218039,0.8190476298332214,0.44888174533843994,0.8425232289218039,,,,
tolokers,TAG,4,512,3e-05,7,420,roc_auc,0.8635544683879097,0.8230991959571838,0.40265554189682007,0.8635544683879097,,,,,roc_auc,0.847122031095343,0.8135420083999634,0.44079649448394775,0.847122031095343,,,,,roc_auc,0.8367278603363618,0.8047618865966797,0.4485444724559784,0.8367278603363618,,,,
tolokers,TAG,4,512,3e-05,8,1030,roc_auc,0.8976857777985805,0.8516754508018494,0.335359126329422,0.8976857777985805,,,,,roc_auc,0.843022963738393,0.8172847628593445,0.4603733718395233,0.843022963738393,,,,,roc_auc,0.8437460178022878,0.8183673620223999,0.4509877860546112,0.8437460178022878,,,,
tolokers,TAG,4,512,3e-05,9,740,roc_auc,0.8793613613654354,0.839938759803772,0.36367809772491455,0.8793613613654354,,,,,roc_auc,0.8498891391686998,0.8169445395469666,0.42385560274124146,0.8498891391686998,,,,,roc_auc,0.847203243237381,0.8139455914497375,0.42029061913490295,0.847203243237381,,,,
tolokers,TAG,5,512,3e-05,0,490,roc_auc,0.8768329843226716,0.8355162739753723,0.3542573153972626,0.8768329843226716,,,,,roc_auc,0.851979405546979,0.8186457753181458,0.39777591824531555,0.851979405546979,,,,,roc_auc,0.8479142773480393,0.8146258592605591,0.4004180431365967,0.8479142773480393,,,,
tolokers,TAG,5,512,3e-05,1,590,roc_auc,0.8637689963213123,0.8261609077453613,0.3759729266166687,0.8637689963213123,,,,,roc_auc,0.8489488926815558,0.8227288126945496,0.40809616446495056,0.8489488926815558,,,,,roc_auc,0.8460722990871108,0.8204081654548645,0.4054863154888153,0.8460722990871108,,,,
tolokers,TAG,5,512,3e-05,2,340,roc_auc,0.8612686859765549,0.8275216817855835,0.38218972086906433,0.8612686859765549,,,,,roc_auc,0.8378149486292766,0.814222514629364,0.4195648431777954,0.8378149486292766,,,,,roc_auc,0.8521204948634732,0.8265306353569031,0.39739251136779785,0.8521204948634732,,,,
tolokers,TAG,5,512,3e-05,3,830,roc_auc,0.8927148348864138,0.8475931286811829,0.32874026894569397,0.8927148348864138,,,,,roc_auc,0.8452659777409373,0.8210275173187256,0.4039974808692932,0.8452659777409373,,,,,roc_auc,0.8518859688365068,0.8292517066001892,0.39953988790512085,0.8518859688365068,,,,
tolokers,TAG,5,512,3e-05,4,720,roc_auc,0.8869308904622069,0.8387480974197388,0.36862656474113464,0.8869308904622069,,,,,roc_auc,0.8367222939570323,0.814222514629364,0.46036213636398315,0.8367222939570323,,,,,roc_auc,0.857419020738608,0.8244898319244385,0.4358951151371002,0.857419020738608,,,,
tolokers,TAG,5,512,3e-05,5,580,roc_auc,0.8791810900664578,0.8377275466918945,0.38522589206695557,0.8791810900664578,,,,,roc_auc,0.8532821730623794,0.8169445395469666,0.4325101375579834,0.8532821730623794,,,,,roc_auc,0.8294731433808079,0.8095238208770752,0.4667479693889618,0.8294731433808079,,,,
tolokers,TAG,5,512,3e-05,6,630,roc_auc,0.8796783200275138,0.8389182090759277,0.3782302737236023,0.8796783200275138,,,,,roc_auc,0.8571633204753777,0.8217080235481262,0.43040189146995544,0.8571633204753777,,,,,roc_auc,0.84360096413243,0.8170068264007568,0.44244828820228577,0.84360096413243,,,,
tolokers,TAG,5,512,3e-05,7,1030,roc_auc,0.9023010961444666,0.858309268951416,0.3282601833343506,0.9023010961444666,,,,,roc_auc,0.847949583779696,0.8234093189239502,0.45102229714393616,0.847949583779696,,,,,roc_auc,0.8378984570085325,0.8183673620223999,0.46627312898635864,0.8378984570085325,,,,
tolokers,TAG,5,512,3e-05,8,640,roc_auc,0.8829191333139327,0.8390883207321167,0.36490607261657715,0.8829191333139327,,,,,roc_auc,0.8433304956219138,0.8149030208587646,0.44277679920196533,0.8433304956219138,,,,,roc_auc,0.8478739470052518,0.8204081654548645,0.4345375895500183,0.8478739470052518,,,,
tolokers,TAG,5,512,3e-05,9,730,roc_auc,0.886669726021543,0.8440210819244385,0.35048022866249084,0.886669726021543,,,,,roc_auc,0.8526901911585604,0.8210275173187256,0.4209461808204651,0.8526901911585604,,,,,roc_auc,0.8487168172784677,0.8180271983146667,0.4204017221927643,0.8487168172784677,,,,
